match_id,season,start_date,venue,innings,ball,batting_team,bowling_team,striker,non_striker,bowler,runs_off_bat,extras,wides,noballs,byes,legbyes,penalty,wicket_type,player_dismissed,other_wicket_type,other_player_dismissed
1063089,2016/17,2016-12-06,"Shere Bangla National Stadium, Mirpur",1,0.1,Chittagong Vikings,Rajshahi Kings,Tamim Iqbal,DR Smith,KOK Williams,0,0,,,,,,,,,
1063089,2016/17,2016-12-06,"Shere Bangla National Stadium, Mirpur",1,0.2,Chittagong Vikings,Rajshahi Kings,Tamim Iqbal,DR Smith,KOK Williams,1,0,,,,,,,,,
1063089,2016/17,2016-12-06,"Shere Bangla National Stadium, Mirpur",1,0.3,Chittagong Vikings,Rajshahi Kings,DR Smith,Tamim Iqbal,KOK Williams,0,0,,,,,,,,,
1063089,2016/17,2016-12-06,"Shere Bangla National Stadium, Mirpur",1,0.4,Chittagong Vikings,Rajshahi Kings,DR Smith,Tamim Iqbal,KOK Williams,0,0,,,,,,,,,
1063089,2016/17,2016-12-06,"Shere Bangla National Stadium, Mirpur",1,0.5,Chittagong Vikings,Rajshahi Kings,DR Smith,Tamim Iqbal,KOK Williams,0,0,,,,,,,,,
1063089,2016/17,2016-12-06,"Shere Bangla National Stadium, Mirpur",1,0.6,Chittagong Vikings,Rajshahi Kings,DR Smith,Tamim Iqbal,KOK Williams,0,1,1,,,,,,,,
1063089,2016/17,2016-12-06,"Shere Bangla National Stadium, Mirpur",1,0.7,Chittagong Vikings,Rajshahi Kings,DR Smith,Tamim Iqbal,KOK Williams,0,0,,,,,,,,,
1063089,2016/17,2016-12-06,"Shere Bangla National Stadium, Mirpur",1,1.1,Chittagong Vikings,Rajshahi Kings,Tamim Iqbal,DR Smith,Mehedi Hasan Miraz,0,0,,,,,,,,,
1063089,2016/17,2016-12-06,"Shere Bangla National Stadium, Mirpur",1,1.2,Chittagong Vikings,Rajshahi Kings,Tamim Iqbal,DR Smith,Mehedi Hasan Miraz,0,0,,,,,,,,,
1063089,2016/17,2016-12-06,"Shere Bangla National Stadium, Mirpur",1,1.3,Chittagong Vikings,Rajshahi Kings,Tamim Iqbal,DR Smith,Mehedi Hasan Miraz,0,0,,,,,,,,,
1063089,2016/17,2016-12-06,"Shere Bangla National Stadium, Mirpur",1,1.4,Chittagong Vikings,Rajshahi Kings,Tamim Iqbal,DR Smith,Mehedi Hasan Miraz,0,0,,,,,,,,,
1063089,2016/17,2016-12-06,"Shere Bangla National Stadium, Mirpur",1,1.5,Chittagong Vikings,Rajshahi Kings,Tamim Iqbal,DR Smith,Mehedi Hasan Miraz,4,0,,,,,,,,,
1063089,2016/17,2016-12-06,"Shere Bangla National Stadium, Mirpur",1,1.6,Chittagong Vikings,Rajshahi Kings,Tamim Iqbal,DR Smith,Mehedi Hasan Miraz,1,0,,,,,,,,,
1063089,2016/17,2016-12-06,"Shere Bangla National Stadium, Mirpur",1,2.1,Chittagong Vikings,Rajshahi Kings,Tamim Iqbal,DR Smith,KOK Williams,1,0,,,,,,,,,
1063089,2016/17,2016-12-06,"Shere Bangla National Stadium, Mirpur",1,2.2,Chittagong Vikings,Rajshahi Kings,DR Smith,Tamim Iqbal,KOK Williams,0,0,,,,,,caught,DR Smith,,
1063089,2016/17,2016-12-06,"Shere Bangla National Stadium, Mirpur",1,2.3,Chittagong Vikings,Rajshahi Kings,CH Gayle,Tamim Iqbal,KOK Williams,0,0,,,,,,,,,
1063089,2016/17,2016-12-06,"Shere Bangla National Stadium, Mirpur",1,2.4,Chittagong Vikings,Rajshahi Kings,CH Gayle,Tamim Iqbal,KOK Williams,0,0,,,,,,,,,
1063089,2016/17,2016-12-06,"Shere Bangla National Stadium, Mirpur",1,2.5,Chittagong Vikings,Rajshahi Kings,CH Gayle,Tamim Iqbal,KOK Williams,0,0,,,,,,,,,
1063089,2016/17,2016-12-06,"Shere Bangla National Stadium, Mirpur",1,2.6,Chittagong Vikings,Rajshahi Kings,CH Gayle,Tamim Iqbal,KOK Williams,0,0,,,,,,,,,
1063089,2016/17,2016-12-06,"Shere Bangla National Stadium, Mirpur",1,3.1,Chittagong Vikings,Rajshahi Kings,Tamim Iqbal,CH Gayle,Mehedi Hasan Miraz,0,0,,,,,,,,,
1063089,2016/17,2016-12-06,"Shere Bangla National Stadium, Mirpur",1,3.2,Chittagong Vikings,Rajshahi Kings,Tamim Iqbal,CH Gayle,Mehedi Hasan Miraz,0,0,,,,,,,,,
1063089,2016/17,2016-12-06,"Shere Bangla National Stadium, Mirpur",1,3.3,Chittagong Vikings,Rajshahi Kings,Tamim Iqbal,CH Gayle,Mehedi Hasan Miraz,1,0,,,,,,,,,
1063089,2016/17,2016-12-06,"Shere Bangla National Stadium, Mirpur",1,3.4,Chittagong Vikings,Rajshahi Kings,CH Gayle,Tamim Iqbal,Mehedi Hasan Miraz,1,0,,,,,,,,,
1063089,2016/17,2016-12-06,"Shere Bangla National Stadium, Mirpur",1,3.5,Chittagong Vikings,Rajshahi Kings,Tamim Iqbal,CH Gayle,Mehedi Hasan Miraz,4,0,,,,,,,,,
1063089,2016/17,2016-12-06,"Shere Bangla National Stadium, Mirpur",1,3.6,Chittagong Vikings,Rajshahi Kings,Tamim Iqbal,CH Gayle,Mehedi Hasan Miraz,4,0,,,,,,,,,
1063089,2016/17,2016-12-06,"Shere Bangla National Stadium, Mirpur",1,4.1,Chittagong Vikings,Rajshahi Kings,CH Gayle,Tamim Iqbal,Afif Hossain,0,1,1,,,,,,,,
1063089,2016/17,2016-12-06,"Shere Bangla National Stadium, Mirpur",1,4.2,Chittagong Vikings,Rajshahi Kings,CH Gayle,Tamim Iqbal,Afif Hossain,1,0,,,,,,,,,
1063089,2016/17,2016-12-06,"Shere Bangla National Stadium, Mirpur",1,4.3,Chittagong Vikings,Rajshahi Kings,Tamim Iqbal,CH Gayle,Afif Hossain,1,0,,,,,,,,,
1063089,2016/17,2016-12-06,"Shere Bangla National Stadium, Mirpur",1,4.4,Chittagong Vikings,Rajshahi Kings,CH Gayle,Tamim Iqbal,Afif Hossain,4,0,,,,,,,,,
1063089,2016/17,2016-12-06,"Shere Bangla National Stadium, Mirpur",1,4.5,Chittagong Vikings,Rajshahi Kings,CH Gayle,Tamim Iqbal,Afif Hossain,0,0,,,,,,,,,
1063089,2016/17,2016-12-06,"Shere Bangla National Stadium, Mirpur",1,4.6,Chittagong Vikings,Rajshahi Kings,CH Gayle,Tamim Iqbal,Afif Hossain,1,0,,,,,,,,,
1063089,2016/17,2016-12-06,"Shere Bangla National Stadium, Mirpur",1,4.7,Chittagong Vikings,Rajshahi Kings,Tamim Iqbal,CH Gayle,Afif Hossain,0,0,,,,,,,,,
1063089,2016/17,2016-12-06,"Shere Bangla National Stadium, Mirpur",1,5.1,Chittagong Vikings,Rajshahi Kings,CH Gayle,Tamim Iqbal,Mehedi Hasan Miraz,6,0,,,,,,,,,
1063089,2016/17,2016-12-06,"Shere Bangla National Stadium, Mirpur",1,5.2,Chittagong Vikings,Rajshahi Kings,CH Gayle,Tamim Iqbal,Mehedi Hasan Miraz,6,0,,,,,,,,,
1063089,2016/17,2016-12-06,"Shere Bangla National Stadium, Mirpur",1,5.3,Chittagong Vikings,Rajshahi Kings,CH Gayle,Tamim Iqbal,Mehedi Hasan Miraz,0,0,,,,,,,,,
1063089,2016/17,2016-12-06,"Shere Bangla National Stadium, Mirpur",1,5.4,Chittagong Vikings,Rajshahi Kings,CH Gayle,Tamim Iqbal,Mehedi Hasan Miraz,0,0,,,,,,,,,
1063089,2016/17,2016-12-06,"Shere Bangla National Stadium, Mirpur",1,5.5,Chittagong Vikings,Rajshahi Kings,CH Gayle,Tamim Iqbal,Mehedi Hasan Miraz,0,0,,,,,,,,,
1063089,2016/17,2016-12-06,"Shere Bangla National Stadium, Mirpur",1,5.6,Chittagong Vikings,Rajshahi Kings,CH Gayle,Tamim Iqbal,Mehedi Hasan Miraz,1,0,,,,,,,,,
1063089,2016/17,2016-12-06,"Shere Bangla National Stadium, Mirpur",1,6.1,Chittagong Vikings,Rajshahi Kings,CH Gayle,Tamim Iqbal,Afif Hossain,0,1,1,,,,,,,,
1063089,2016/17,2016-12-06,"Shere Bangla National Stadium, Mirpur",1,6.2,Chittagong Vikings,Rajshahi Kings,CH Gayle,Tamim Iqbal,Afif Hossain,6,0,,,,,,,,,
1063089,2016/17,2016-12-06,"Shere Bangla National Stadium, Mirpur",1,6.3,Chittagong Vikings,Rajshahi Kings,CH Gayle,Tamim Iqbal,Afif Hossain,0,0,,,,,,,,,
1063089,2016/17,2016-12-06,"Shere Bangla National Stadium, Mirpur",1,6.4,Chittagong Vikings,Rajshahi Kings,CH Gayle,Tamim Iqbal,Afif Hossain,1,0,,,,,,,,,
1063089,2016/17,2016-12-06,"Shere Bangla National Stadium, Mirpur",1,6.5,Chittagong Vikings,Rajshahi Kings,Tamim Iqbal,CH Gayle,Afif Hossain,0,1,1,,,,,,,,
1063089,2016/17,2016-12-06,"Shere Bangla National Stadium, Mirpur",1,6.6,Chittagong Vikings,Rajshahi Kings,Tamim Iqbal,CH Gayle,Afif Hossain,0,1,1,,,,,,,,
1063089,2016/17,2016-12-06,"Shere Bangla National Stadium, Mirpur",1,6.7,Chittagong Vikings,Rajshahi Kings,Tamim Iqbal,CH Gayle,Afif Hossain,0,0,,,,,,,,,
1063089,2016/17,2016-12-06,"Shere Bangla National Stadium, Mirpur",1,6.8,Chittagong Vikings,Rajshahi Kings,Tamim Iqbal,CH Gayle,Afif Hossain,1,0,,,,,,,,,
1063089,2016/17,2016-12-06,"Shere Bangla National Stadium, Mirpur",1,6.9,Chittagong Vikings,Rajshahi Kings,CH Gayle,Tamim Iqbal,Afif Hossain,6,0,,,,,,,,,
1063089,2016/17,2016-12-06,"Shere Bangla National Stadium, Mirpur",1,7.1,Chittagong Vikings,Rajshahi Kings,Tamim Iqbal,CH Gayle,DJG Sammy,1,0,,,,,,,,,
1063089,2016/17,2016-12-06,"Shere Bangla National Stadium, Mirpur",1,7.2,Chittagong Vikings,Rajshahi Kings,CH Gayle,Tamim Iqbal,DJG Sammy,0,0,,,,,,,,,
1063089,2016/17,2016-12-06,"Shere Bangla National Stadium, Mirpur",1,7.3,Chittagong Vikings,Rajshahi Kings,CH Gayle,Tamim Iqbal,DJG Sammy,0,0,,,,,,,,,
1063089,2016/17,2016-12-06,"Shere Bangla National Stadium, Mirpur",1,7.4,Chittagong Vikings,Rajshahi Kings,CH Gayle,Tamim Iqbal,DJG Sammy,0,0,,,,,,,,,
1063089,2016/17,2016-12-06,"Shere Bangla National Stadium, Mirpur",1,7.5,Chittagong Vikings,Rajshahi Kings,CH Gayle,Tamim Iqbal,DJG Sammy,1,0,,,,,,,,,
1063089,2016/17,2016-12-06,"Shere Bangla National Stadium, Mirpur",1,7.6,Chittagong Vikings,Rajshahi Kings,Tamim Iqbal,CH Gayle,DJG Sammy,1,0,,,,,,,,,
1063089,2016/17,2016-12-06,"Shere Bangla National Stadium, Mirpur",1,8.1,Chittagong Vikings,Rajshahi Kings,Tamim Iqbal,CH Gayle,Farhad Reza,0,0,,,,,,,,,
1063089,2016/17,2016-12-06,"Shere Bangla National Stadium, Mirpur",1,8.2,Chittagong Vikings,Rajshahi Kings,Tamim Iqbal,CH Gayle,Farhad Reza,0,0,,,,,,,,,
1063089,2016/17,2016-12-06,"Shere Bangla National Stadium, Mirpur",1,8.3,Chittagong Vikings,Rajshahi Kings,Tamim Iqbal,CH Gayle,Farhad Reza,2,0,,,,,,,,,
1063089,2016/17,2016-12-06,"Shere Bangla National Stadium, Mirpur",1,8.4,Chittagong Vikings,Rajshahi Kings,Tamim Iqbal,CH Gayle,Farhad Reza,1,0,,,,,,,,,
1063089,2016/17,2016-12-06,"Shere Bangla National Stadium, Mirpur",1,8.5,Chittagong Vikings,Rajshahi Kings,CH Gayle,Tamim Iqbal,Farhad Reza,0,0,,,,,,,,,
1063089,2016/17,2016-12-06,"Shere Bangla National Stadium, Mirpur",1,8.6,Chittagong Vikings,Rajshahi Kings,CH Gayle,Tamim Iqbal,Farhad Reza,0,0,,,,,,,,,
1063089,2016/17,2016-12-06,"Shere Bangla National Stadium, Mirpur",1,9.1,Chittagong Vikings,Rajshahi Kings,Tamim Iqbal,CH Gayle,DJG Sammy,4,0,,,,,,,,,
1063089,2016/17,2016-12-06,"Shere Bangla National Stadium, Mirpur",1,9.2,Chittagong Vikings,Rajshahi Kings,Tamim Iqbal,CH Gayle,DJG Sammy,4,0,,,,,,,,,
1063089,2016/17,2016-12-06,"Shere Bangla National Stadium, Mirpur",1,9.3,Chittagong Vikings,Rajshahi Kings,Tamim Iqbal,CH Gayle,DJG Sammy,0,0,,,,,,,,,
1063089,2016/17,2016-12-06,"Shere Bangla National Stadium, Mirpur",1,9.4,Chittagong Vikings,Rajshahi Kings,Tamim Iqbal,CH Gayle,DJG Sammy,1,0,,,,,,,,,
1063089,2016/17,2016-12-06,"Shere Bangla National Stadium, Mirpur",1,9.5,Chittagong Vikings,Rajshahi Kings,CH Gayle,Tamim Iqbal,DJG Sammy,4,0,,,,,,,,,
1063089,2016/17,2016-12-06,"Shere Bangla National Stadium, Mirpur",1,9.6,Chittagong Vikings,Rajshahi Kings,CH Gayle,Tamim Iqbal,DJG Sammy,0,0,,,,,,,,,
1063089,2016/17,2016-12-06,"Shere Bangla National Stadium, Mirpur",1,10.1,Chittagong Vikings,Rajshahi Kings,Tamim Iqbal,CH Gayle,JEC Franklin,1,0,,,,,,,,,
1063089,2016/17,2016-12-06,"Shere Bangla National Stadium, Mirpur",1,10.2,Chittagong Vikings,Rajshahi Kings,CH Gayle,Tamim Iqbal,JEC Franklin,6,0,,,,,,,,,
1063089,2016/17,2016-12-06,"Shere Bangla National Stadium, Mirpur",1,10.3,Chittagong Vikings,Rajshahi Kings,CH Gayle,Tamim Iqbal,JEC Franklin,0,0,,,,,,,,,
1063089,2016/17,2016-12-06,"Shere Bangla National Stadium, Mirpur",1,10.4,Chittagong Vikings,Rajshahi Kings,CH Gayle,Tamim Iqbal,JEC Franklin,0,0,,,,,,caught,CH Gayle,,
1063089,2016/17,2016-12-06,"Shere Bangla National Stadium, Mirpur",1,10.5,Chittagong Vikings,Rajshahi Kings,Shoaib Malik,Tamim Iqbal,JEC Franklin,0,0,,,,,,,,,
1063089,2016/17,2016-12-06,"Shere Bangla National Stadium, Mirpur",1,10.6,Chittagong Vikings,Rajshahi Kings,Shoaib Malik,Tamim Iqbal,JEC Franklin,1,0,,,,,,,,,
1063089,2016/17,2016-12-06,"Shere Bangla National Stadium, Mirpur",1,11.1,Chittagong Vikings,Rajshahi Kings,Shoaib Malik,Tamim Iqbal,Nazmul Islam,1,0,,,,,,,,,
1063089,2016/17,2016-12-06,"Shere Bangla National Stadium, Mirpur",1,11.2,Chittagong Vikings,Rajshahi Kings,Tamim Iqbal,Shoaib Malik,Nazmul Islam,2,0,,,,,,,,,
1063089,2016/17,2016-12-06,"Shere Bangla National Stadium, Mirpur",1,11.3,Chittagong Vikings,Rajshahi Kings,Tamim Iqbal,Shoaib Malik,Nazmul Islam,1,0,,,,,,,,,
1063089,2016/17,2016-12-06,"Shere Bangla National Stadium, Mirpur",1,11.4,Chittagong Vikings,Rajshahi Kings,Shoaib Malik,Tamim Iqbal,Nazmul Islam,0,0,,,,,,,,,
1063089,2016/17,2016-12-06,"Shere Bangla National Stadium, Mirpur",1,11.5,Chittagong Vikings,Rajshahi Kings,Shoaib Malik,Tamim Iqbal,Nazmul Islam,1,0,,,,,,,,,
1063089,2016/17,2016-12-06,"Shere Bangla National Stadium, Mirpur",1,11.6,Chittagong Vikings,Rajshahi Kings,Tamim Iqbal,Shoaib Malik,Nazmul Islam,1,0,,,,,,,,,
1063089,2016/17,2016-12-06,"Shere Bangla National Stadium, Mirpur",1,12.1,Chittagong Vikings,Rajshahi Kings,Tamim Iqbal,Shoaib Malik,Mehedi Hasan Miraz,1,0,,,,,,,,,
1063089,2016/17,2016-12-06,"Shere Bangla National Stadium, Mirpur",1,12.2,Chittagong Vikings,Rajshahi Kings,Shoaib Malik,Tamim Iqbal,Mehedi Hasan Miraz,1,0,,,,,,,,,
1063089,2016/17,2016-12-06,"Shere Bangla National Stadium, Mirpur",1,12.3,Chittagong Vikings,Rajshahi Kings,Tamim Iqbal,Shoaib Malik,Mehedi Hasan Miraz,4,0,,,,,,,,,
1063089,2016/17,2016-12-06,"Shere Bangla National Stadium, Mirpur",1,12.4,Chittagong Vikings,Rajshahi Kings,Tamim Iqbal,Shoaib Malik,Mehedi Hasan Miraz,0,0,,,,,,,,,
1063089,2016/17,2016-12-06,"Shere Bangla National Stadium, Mirpur",1,12.5,Chittagong Vikings,Rajshahi Kings,Tamim Iqbal,Shoaib Malik,Mehedi Hasan Miraz,1,0,,,,,,,,,
1063089,2016/17,2016-12-06,"Shere Bangla National Stadium, Mirpur",1,12.6,Chittagong Vikings,Rajshahi Kings,Shoaib Malik,Tamim Iqbal,Mehedi Hasan Miraz,1,0,,,,,,,,,
1063089,2016/17,2016-12-06,"Shere Bangla National Stadium, Mirpur",1,13.1,Chittagong Vikings,Rajshahi Kings,Shoaib Malik,Tamim Iqbal,Nazmul Islam,1,0,,,,,,,,,
1063089,2016/17,2016-12-06,"Shere Bangla National Stadium, Mirpur",1,13.2,Chittagong Vikings,Rajshahi Kings,Tamim Iqbal,Shoaib Malik,Nazmul Islam,0,0,,,,,,,,,
1063089,2016/17,2016-12-06,"Shere Bangla National Stadium, Mirpur",1,13.3,Chittagong Vikings,Rajshahi Kings,Tamim Iqbal,Shoaib Malik,Nazmul Islam,1,0,,,,,,,,,
1063089,2016/17,2016-12-06,"Shere Bangla National Stadium, Mirpur",1,13.4,Chittagong Vikings,Rajshahi Kings,Shoaib Malik,Tamim Iqbal,Nazmul Islam,6,0,,,,,,,,,
1063089,2016/17,2016-12-06,"Shere Bangla National Stadium, Mirpur",1,13.5,Chittagong Vikings,Rajshahi Kings,Shoaib Malik,Tamim Iqbal,Nazmul Islam,1,0,,,,,,,,,
1063089,2016/17,2016-12-06,"Shere Bangla National Stadium, Mirpur",1,13.6,Chittagong Vikings,Rajshahi Kings,Tamim Iqbal,Shoaib Malik,Nazmul Islam,1,0,,,,,,,,,
1063089,2016/17,2016-12-06,"Shere Bangla National Stadium, Mirpur",1,14.1,Chittagong Vikings,Rajshahi Kings,Tamim Iqbal,Shoaib Malik,Farhad Reza,0,0,,,,,,,,,
1063089,2016/17,2016-12-06,"Shere Bangla National Stadium, Mirpur",1,14.2,Chittagong Vikings,Rajshahi Kings,Tamim Iqbal,Shoaib Malik,Farhad Reza,2,0,,,,,,,,,
1063089,2016/17,2016-12-06,"Shere Bangla National Stadium, Mirpur",1,14.3,Chittagong Vikings,Rajshahi Kings,Tamim Iqbal,Shoaib Malik,Farhad Reza,1,0,,,,,,,,,
1063089,2016/17,2016-12-06,"Shere Bangla National Stadium, Mirpur",1,14.4,Chittagong Vikings,Rajshahi Kings,Shoaib Malik,Tamim Iqbal,Farhad Reza,1,0,,,,,,,,,
1063089,2016/17,2016-12-06,"Shere Bangla National Stadium, Mirpur",1,14.5,Chittagong Vikings,Rajshahi Kings,Tamim Iqbal,Shoaib Malik,Farhad Reza,1,0,,,,,,,,,
1063089,2016/17,2016-12-06,"Shere Bangla National Stadium, Mirpur",1,14.6,Chittagong Vikings,Rajshahi Kings,Shoaib Malik,Tamim Iqbal,Farhad Reza,0,0,,,,,,caught,Shoaib Malik,,
1063089,2016/17,2016-12-06,"Shere Bangla National Stadium, Mirpur",1,15.1,Chittagong Vikings,Rajshahi Kings,Tamim Iqbal,Anamul Haque,DJG Sammy,1,0,,,,,,,,,
1063089,2016/17,2016-12-06,"Shere Bangla National Stadium, Mirpur",1,15.2,Chittagong Vikings,Rajshahi Kings,Anamul Haque,Tamim Iqbal,DJG Sammy,0,0,,,,,,,,,
1063089,2016/17,2016-12-06,"Shere Bangla National Stadium, Mirpur",1,15.3,Chittagong Vikings,Rajshahi Kings,Anamul Haque,Tamim Iqbal,DJG Sammy,0,0,,,,,,,,,
1063089,2016/17,2016-12-06,"Shere Bangla National Stadium, Mirpur",1,15.4,Chittagong Vikings,Rajshahi Kings,Anamul Haque,Tamim Iqbal,DJG Sammy,1,0,,,,,,,,,
1063089,2016/17,2016-12-06,"Shere Bangla National Stadium, Mirpur",1,15.5,Chittagong Vikings,Rajshahi Kings,Tamim Iqbal,Anamul Haque,DJG Sammy,1,0,,,,,,,,,
1063089,2016/17,2016-12-06,"Shere Bangla National Stadium, Mirpur",1,15.6,Chittagong Vikings,Rajshahi Kings,Anamul Haque,Tamim Iqbal,DJG Sammy,1,0,,,,,,,,,
1063089,2016/17,2016-12-06,"Shere Bangla National Stadium, Mirpur",1,16.1,Chittagong Vikings,Rajshahi Kings,Anamul Haque,Tamim Iqbal,KOK Williams,1,0,,,,,,,,,
1063089,2016/17,2016-12-06,"Shere Bangla National Stadium, Mirpur",1,16.2,Chittagong Vikings,Rajshahi Kings,Tamim Iqbal,Anamul Haque,KOK Williams,0,0,,,,,,caught,Tamim Iqbal,,
1063089,2016/17,2016-12-06,"Shere Bangla National Stadium, Mirpur",1,16.3,Chittagong Vikings,Rajshahi Kings,Mohammad Nabi,Anamul Haque,KOK Williams,1,0,,,,,,,,,
1063089,2016/17,2016-12-06,"Shere Bangla National Stadium, Mirpur",1,16.4,Chittagong Vikings,Rajshahi Kings,Anamul Haque,Mohammad Nabi,KOK Williams,0,0,,,,,,,,,
1063089,2016/17,2016-12-06,"Shere Bangla National Stadium, Mirpur",1,16.5,Chittagong Vikings,Rajshahi Kings,Anamul Haque,Mohammad Nabi,KOK Williams,4,0,,,,,,,,,
1063089,2016/17,2016-12-06,"Shere Bangla National Stadium, Mirpur",1,16.6,Chittagong Vikings,Rajshahi Kings,Anamul Haque,Mohammad Nabi,KOK Williams,0,0,,,,,,,,,
1063089,2016/17,2016-12-06,"Shere Bangla National Stadium, Mirpur",1,17.1,Chittagong Vikings,Rajshahi Kings,Mohammad Nabi,Anamul Haque,Farhad Reza,1,0,,,,,,,,,
1063089,2016/17,2016-12-06,"Shere Bangla National Stadium, Mirpur",1,17.2,Chittagong Vikings,Rajshahi Kings,Anamul Haque,Mohammad Nabi,Farhad Reza,4,0,,,,,,,,,
1063089,2016/17,2016-12-06,"Shere Bangla National Stadium, Mirpur",1,17.3,Chittagong Vikings,Rajshahi Kings,Anamul Haque,Mohammad Nabi,Farhad Reza,0,0,,,,,,caught,Anamul Haque,,
1063089,2016/17,2016-12-06,"Shere Bangla National Stadium, Mirpur",1,17.4,Chittagong Vikings,Rajshahi Kings,Mohammad Nabi,Jahurul Islam,Farhad Reza,1,0,,,,,,,,,
1063089,2016/17,2016-12-06,"Shere Bangla National Stadium, Mirpur",1,17.5,Chittagong Vikings,Rajshahi Kings,Jahurul Islam,Mohammad Nabi,Farhad Reza,1,0,,,,,,,,,
1063089,2016/17,2016-12-06,"Shere Bangla National Stadium, Mirpur",1,17.6,Chittagong Vikings,Rajshahi Kings,Mohammad Nabi,Jahurul Islam,Farhad Reza,1,0,,,,,,,,,
1063089,2016/17,2016-12-06,"Shere Bangla National Stadium, Mirpur",1,18.1,Chittagong Vikings,Rajshahi Kings,Mohammad Nabi,Jahurul Islam,KOK Williams,0,0,,,,,,,,,
1063089,2016/17,2016-12-06,"Shere Bangla National Stadium, Mirpur",1,18.2,Chittagong Vikings,Rajshahi Kings,Mohammad Nabi,Jahurul Islam,KOK Williams,1,0,,,,,,run out,Mohammad Nabi,,
1063089,2016/17,2016-12-06,"Shere Bangla National Stadium, Mirpur",1,18.3,Chittagong Vikings,Rajshahi Kings,Abdur Razzak,Jahurul Islam,KOK Williams,0,0,,,,,,,,,
1063089,2016/17,2016-12-06,"Shere Bangla National Stadium, Mirpur",1,18.4,Chittagong Vikings,Rajshahi Kings,Abdur Razzak,Jahurul Islam,KOK Williams,0,0,,,,,,caught,Abdur Razzak,,
1063089,2016/17,2016-12-06,"Shere Bangla National Stadium, Mirpur",1,18.5,Chittagong Vikings,Rajshahi Kings,Jahurul Islam,Taskin Ahmed,KOK Williams,1,0,,,,,,,,,
1063089,2016/17,2016-12-06,"Shere Bangla National Stadium, Mirpur",1,18.6,Chittagong Vikings,Rajshahi Kings,Taskin Ahmed,Jahurul Islam,KOK Williams,0,0,,,,,,lbw,Taskin Ahmed,,
1063089,2016/17,2016-12-06,"Shere Bangla National Stadium, Mirpur",1,19.1,Chittagong Vikings,Rajshahi Kings,Jahurul Islam,Saqlain Sajib,Farhad Reza,6,0,,,,,,,,,
1063089,2016/17,2016-12-06,"Shere Bangla National Stadium, Mirpur",1,19.2,Chittagong Vikings,Rajshahi Kings,Jahurul Islam,Saqlain Sajib,Farhad Reza,0,0,,,,,,,,,
1063089,2016/17,2016-12-06,"Shere Bangla National Stadium, Mirpur",1,19.3,Chittagong Vikings,Rajshahi Kings,Jahurul Islam,Saqlain Sajib,Farhad Reza,1,0,,,,,,,,,
1063089,2016/17,2016-12-06,"Shere Bangla National Stadium, Mirpur",1,19.4,Chittagong Vikings,Rajshahi Kings,Saqlain Sajib,Jahurul Islam,Farhad Reza,1,0,,,,,,,,,
1063089,2016/17,2016-12-06,"Shere Bangla National Stadium, Mirpur",1,19.5,Chittagong Vikings,Rajshahi Kings,Jahurul Islam,Saqlain Sajib,Farhad Reza,2,0,,,,,,,,,
1063089,2016/17,2016-12-06,"Shere Bangla National Stadium, Mirpur",1,19.6,Chittagong Vikings,Rajshahi Kings,Jahurul Islam,Saqlain Sajib,Farhad Reza,0,0,,,,,,,,,
1063089,2016/17,2016-12-06,"Shere Bangla National Stadium, Mirpur",2,0.1,Rajshahi Kings,Chittagong Vikings,Nurul Hasan,Mominul Haque,Abdur Razzak,0,0,,,,,,,,,
1063089,2016/17,2016-12-06,"Shere Bangla National Stadium, Mirpur",2,0.2,Rajshahi Kings,Chittagong Vikings,Nurul Hasan,Mominul Haque,Abdur Razzak,1,0,,,,,,,,,
1063089,2016/17,2016-12-06,"Shere Bangla National Stadium, Mirpur",2,0.3,Rajshahi Kings,Chittagong Vikings,Mominul Haque,Nurul Hasan,Abdur Razzak,0,0,,,,,,,,,
1063089,2016/17,2016-12-06,"Shere Bangla National Stadium, Mirpur",2,0.4,Rajshahi Kings,Chittagong Vikings,Mominul Haque,Nurul Hasan,Abdur Razzak,0,0,,,,,,,,,
1063089,2016/17,2016-12-06,"Shere Bangla National Stadium, Mirpur",2,0.5,Rajshahi Kings,Chittagong Vikings,Mominul Haque,Nurul Hasan,Abdur Razzak,2,0,,,,,,,,,
1063089,2016/17,2016-12-06,"Shere Bangla National Stadium, Mirpur",2,0.6,Rajshahi Kings,Chittagong Vikings,Mominul Haque,Nurul Hasan,Abdur Razzak,1,0,,,,,,,,,
1063089,2016/17,2016-12-06,"Shere Bangla National Stadium, Mirpur",2,1.1,Rajshahi Kings,Chittagong Vikings,Mominul Haque,Nurul Hasan,Subashis Roy,1,0,,,,,,,,,
1063089,2016/17,2016-12-06,"Shere Bangla National Stadium, Mirpur",2,1.2,Rajshahi Kings,Chittagong Vikings,Nurul Hasan,Mominul Haque,Subashis Roy,0,0,,,,,,,,,
1063089,2016/17,2016-12-06,"Shere Bangla National Stadium, Mirpur",2,1.3,Rajshahi Kings,Chittagong Vikings,Nurul Hasan,Mominul Haque,Subashis Roy,1,0,,,,,,,,,
1063089,2016/17,2016-12-06,"Shere Bangla National Stadium, Mirpur",2,1.4,Rajshahi Kings,Chittagong Vikings,Mominul Haque,Nurul Hasan,Subashis Roy,0,0,,,,,,,,,
1063089,2016/17,2016-12-06,"Shere Bangla National Stadium, Mirpur",2,1.5,Rajshahi Kings,Chittagong Vikings,Mominul Haque,Nurul Hasan,Subashis Roy,0,0,,,,,,caught,Mominul Haque,,
1063089,2016/17,2016-12-06,"Shere Bangla National Stadium, Mirpur",2,1.6,Rajshahi Kings,Chittagong Vikings,Nurul Hasan,Afif Hossain,Subashis Roy,2,0,,,,,,,,,
1063089,2016/17,2016-12-06,"Shere Bangla National Stadium, Mirpur",2,2.1,Rajshahi Kings,Chittagong Vikings,Afif Hossain,Nurul Hasan,Abdur Razzak,0,0,,,,,,caught,Afif Hossain,,
1063089,2016/17,2016-12-06,"Shere Bangla National Stadium, Mirpur",2,2.2,Rajshahi Kings,Chittagong Vikings,Sabbir Rahman,Nurul Hasan,Abdur Razzak,0,0,,,,,,,,,
1063089,2016/17,2016-12-06,"Shere Bangla National Stadium, Mirpur",2,2.3,Rajshahi Kings,Chittagong Vikings,Sabbir Rahman,Nurul Hasan,Abdur Razzak,0,0,,,,,,,,,
1063089,2016/17,2016-12-06,"Shere Bangla National Stadium, Mirpur",2,2.4,Rajshahi Kings,Chittagong Vikings,Sabbir Rahman,Nurul Hasan,Abdur Razzak,0,0,,,,,,,,,
1063089,2016/17,2016-12-06,"Shere Bangla National Stadium, Mirpur",2,2.5,Rajshahi Kings,Chittagong Vikings,Sabbir Rahman,Nurul Hasan,Abdur Razzak,0,0,,,,,,,,,
1063089,2016/17,2016-12-06,"Shere Bangla National Stadium, Mirpur",2,2.6,Rajshahi Kings,Chittagong Vikings,Sabbir Rahman,Nurul Hasan,Abdur Razzak,0,0,,,,,,,,,
1063089,2016/17,2016-12-06,"Shere Bangla National Stadium, Mirpur",2,3.1,Rajshahi Kings,Chittagong Vikings,Nurul Hasan,Sabbir Rahman,DR Smith,2,0,,,,,,,,,
1063089,2016/17,2016-12-06,"Shere Bangla National Stadium, Mirpur",2,3.2,Rajshahi Kings,Chittagong Vikings,Nurul Hasan,Sabbir Rahman,DR Smith,4,0,,,,,,,,,
1063089,2016/17,2016-12-06,"Shere Bangla National Stadium, Mirpur",2,3.3,Rajshahi Kings,Chittagong Vikings,Nurul Hasan,Sabbir Rahman,DR Smith,1,0,,,,,,,,,
1063089,2016/17,2016-12-06,"Shere Bangla National Stadium, Mirpur",2,3.4,Rajshahi Kings,Chittagong Vikings,Sabbir Rahman,Nurul Hasan,DR Smith,6,0,,,,,,,,,
1063089,2016/17,2016-12-06,"Shere Bangla National Stadium, Mirpur",2,3.5,Rajshahi Kings,Chittagong Vikings,Sabbir Rahman,Nurul Hasan,DR Smith,0,0,,,,,,,,,
1063089,2016/17,2016-12-06,"Shere Bangla National Stadium, Mirpur",2,3.6,Rajshahi Kings,Chittagong Vikings,Sabbir Rahman,Nurul Hasan,DR Smith,0,0,,,,,,,,,
1063089,2016/17,2016-12-06,"Shere Bangla National Stadium, Mirpur",2,4.1,Rajshahi Kings,Chittagong Vikings,Nurul Hasan,Sabbir Rahman,Abdur Razzak,4,0,,,,,,,,,
1063089,2016/17,2016-12-06,"Shere Bangla National Stadium, Mirpur",2,4.2,Rajshahi Kings,Chittagong Vikings,Nurul Hasan,Sabbir Rahman,Abdur Razzak,1,0,,,,,,,,,
1063089,2016/17,2016-12-06,"Shere Bangla National Stadium, Mirpur",2,4.3,Rajshahi Kings,Chittagong Vikings,Sabbir Rahman,Nurul Hasan,Abdur Razzak,2,0,,,,,,,,,
1063089,2016/17,2016-12-06,"Shere Bangla National Stadium, Mirpur",2,4.4,Rajshahi Kings,Chittagong Vikings,Sabbir Rahman,Nurul Hasan,Abdur Razzak,1,0,,,,,,,,,
1063089,2016/17,2016-12-06,"Shere Bangla National Stadium, Mirpur",2,4.5,Rajshahi Kings,Chittagong Vikings,Nurul Hasan,Sabbir Rahman,Abdur Razzak,1,0,,,,,,,,,
1063089,2016/17,2016-12-06,"Shere Bangla National Stadium, Mirpur",2,4.6,Rajshahi Kings,Chittagong Vikings,Sabbir Rahman,Nurul Hasan,Abdur Razzak,1,0,,,,,,,,,
1063089,2016/17,2016-12-06,"Shere Bangla National Stadium, Mirpur",2,5.1,Rajshahi Kings,Chittagong Vikings,Sabbir Rahman,Nurul Hasan,Subashis Roy,1,0,,,,,,,,,
1063089,2016/17,2016-12-06,"Shere Bangla National Stadium, Mirpur",2,5.2,Rajshahi Kings,Chittagong Vikings,Nurul Hasan,Sabbir Rahman,Subashis Roy,0,0,,,,,,,,,
1063089,2016/17,2016-12-06,"Shere Bangla National Stadium, Mirpur",2,5.3,Rajshahi Kings,Chittagong Vikings,Nurul Hasan,Sabbir Rahman,Subashis Roy,6,0,,,,,,,,,
1063089,2016/17,2016-12-06,"Shere Bangla National Stadium, Mirpur",2,5.4,Rajshahi Kings,Chittagong Vikings,Nurul Hasan,Sabbir Rahman,Subashis Roy,1,0,,,,,,,,,
1063089,2016/17,2016-12-06,"Shere Bangla National Stadium, Mirpur",2,5.5,Rajshahi Kings,Chittagong Vikings,Sabbir Rahman,Nurul Hasan,Subashis Roy,0,0,,,,,,caught,Sabbir Rahman,,
1063089,2016/17,2016-12-06,"Shere Bangla National Stadium, Mirpur",2,5.6,Rajshahi Kings,Chittagong Vikings,SR Patel,Nurul Hasan,Subashis Roy,0,0,,,,,,,,,
1063089,2016/17,2016-12-06,"Shere Bangla National Stadium, Mirpur",2,6.1,Rajshahi Kings,Chittagong Vikings,Nurul Hasan,SR Patel,Abdur Razzak,1,0,,,,,,,,,
1063089,2016/17,2016-12-06,"Shere Bangla National Stadium, Mirpur",2,6.2,Rajshahi Kings,Chittagong Vikings,SR Patel,Nurul Hasan,Abdur Razzak,0,0,,,,,,,,,
1063089,2016/17,2016-12-06,"Shere Bangla National Stadium, Mirpur",2,6.3,Rajshahi Kings,Chittagong Vikings,SR Patel,Nurul Hasan,Abdur Razzak,1,0,,,,,,,,,
1063089,2016/17,2016-12-06,"Shere Bangla National Stadium, Mirpur",2,6.4,Rajshahi Kings,Chittagong Vikings,Nurul Hasan,SR Patel,Abdur Razzak,0,0,,,,,,,,,
1063089,2016/17,2016-12-06,"Shere Bangla National Stadium, Mirpur",2,6.5,Rajshahi Kings,Chittagong Vikings,Nurul Hasan,SR Patel,Abdur Razzak,1,0,,,,,,,,,
1063089,2016/17,2016-12-06,"Shere Bangla National Stadium, Mirpur",2,6.6,Rajshahi Kings,Chittagong Vikings,SR Patel,Nurul Hasan,Abdur Razzak,0,0,,,,,,,,,
1063089,2016/17,2016-12-06,"Shere Bangla National Stadium, Mirpur",2,7.1,Rajshahi Kings,Chittagong Vikings,Nurul Hasan,SR Patel,Taskin Ahmed,1,0,,,,,,,,,
1063089,2016/17,2016-12-06,"Shere Bangla National Stadium, Mirpur",2,7.2,Rajshahi Kings,Chittagong Vikings,SR Patel,Nurul Hasan,Taskin Ahmed,1,0,,,,,,,,,
1063089,2016/17,2016-12-06,"Shere Bangla National Stadium, Mirpur",2,7.3,Rajshahi Kings,Chittagong Vikings,Nurul Hasan,SR Patel,Taskin Ahmed,2,0,,,,,,,,,
1063089,2016/17,2016-12-06,"Shere Bangla National Stadium, Mirpur",2,7.4,Rajshahi Kings,Chittagong Vikings,Nurul Hasan,SR Patel,Taskin Ahmed,1,0,,,,,,,,,
1063089,2016/17,2016-12-06,"Shere Bangla National Stadium, Mirpur",2,7.5,Rajshahi Kings,Chittagong Vikings,SR Patel,Nurul Hasan,Taskin Ahmed,1,0,,,,,,,,,
1063089,2016/17,2016-12-06,"Shere Bangla National Stadium, Mirpur",2,7.6,Rajshahi Kings,Chittagong Vikings,Nurul Hasan,SR Patel,Taskin Ahmed,0,0,,,,,,,,,
1063089,2016/17,2016-12-06,"Shere Bangla National Stadium, Mirpur",2,8.1,Rajshahi Kings,Chittagong Vikings,SR Patel,Nurul Hasan,Saqlain Sajib,1,0,,,,,,,,,
1063089,2016/17,2016-12-06,"Shere Bangla National Stadium, Mirpur",2,8.2,Rajshahi Kings,Chittagong Vikings,Nurul Hasan,SR Patel,Saqlain Sajib,1,0,,,,,,,,,
1063089,2016/17,2016-12-06,"Shere Bangla National Stadium, Mirpur",2,8.3,Rajshahi Kings,Chittagong Vikings,SR Patel,Nurul Hasan,Saqlain Sajib,0,0,,,,,,,,,
1063089,2016/17,2016-12-06,"Shere Bangla National Stadium, Mirpur",2,8.4,Rajshahi Kings,Chittagong Vikings,SR Patel,Nurul Hasan,Saqlain Sajib,1,0,,,,,,,,,
1063089,2016/17,2016-12-06,"Shere Bangla National Stadium, Mirpur",2,8.5,Rajshahi Kings,Chittagong Vikings,Nurul Hasan,SR Patel,Saqlain Sajib,0,0,,,,,,,,,
1063089,2016/17,2016-12-06,"Shere Bangla National Stadium, Mirpur",2,8.6,Rajshahi Kings,Chittagong Vikings,Nurul Hasan,SR Patel,Saqlain Sajib,1,0,,,,,,,,,
1063089,2016/17,2016-12-06,"Shere Bangla National Stadium, Mirpur",2,9.1,Rajshahi Kings,Chittagong Vikings,Nurul Hasan,SR Patel,Mohammad Nabi,1,0,,,,,,,,,
1063089,2016/17,2016-12-06,"Shere Bangla National Stadium, Mirpur",2,9.2,Rajshahi Kings,Chittagong Vikings,SR Patel,Nurul Hasan,Mohammad Nabi,0,0,,,,,,bowled,SR Patel,,
1063089,2016/17,2016-12-06,"Shere Bangla National Stadium, Mirpur",2,9.3,Rajshahi Kings,Chittagong Vikings,JEC Franklin,Nurul Hasan,Mohammad Nabi,0,0,,,,,,,,,
1063089,2016/17,2016-12-06,"Shere Bangla National Stadium, Mirpur",2,9.4,Rajshahi Kings,Chittagong Vikings,JEC Franklin,Nurul Hasan,Mohammad Nabi,1,0,,,,,,,,,
1063089,2016/17,2016-12-06,"Shere Bangla National Stadium, Mirpur",2,9.5,Rajshahi Kings,Chittagong Vikings,Nurul Hasan,JEC Franklin,Mohammad Nabi,0,0,,,,,,,,,
1063089,2016/17,2016-12-06,"Shere Bangla National Stadium, Mirpur",2,9.6,Rajshahi Kings,Chittagong Vikings,Nurul Hasan,JEC Franklin,Mohammad Nabi,1,0,,,,,,,,,
1063089,2016/17,2016-12-06,"Shere Bangla National Stadium, Mirpur",2,10.1,Rajshahi Kings,Chittagong Vikings,Nurul Hasan,JEC Franklin,Saqlain Sajib,0,0,,,,,,caught,Nurul Hasan,,
1063089,2016/17,2016-12-06,"Shere Bangla National Stadium, Mirpur",2,10.2,Rajshahi Kings,Chittagong Vikings,JEC Franklin,DJG Sammy,Saqlain Sajib,1,0,,,,,,,,,
1063089,2016/17,2016-12-06,"Shere Bangla National Stadium, Mirpur",2,10.3,Rajshahi Kings,Chittagong Vikings,DJG Sammy,JEC Franklin,Saqlain Sajib,0,0,,,,,,,,,
1063089,2016/17,2016-12-06,"Shere Bangla National Stadium, Mirpur",2,10.4,Rajshahi Kings,Chittagong Vikings,DJG Sammy,JEC Franklin,Saqlain Sajib,0,0,,,,,,,,,
1063089,2016/17,2016-12-06,"Shere Bangla National Stadium, Mirpur",2,10.5,Rajshahi Kings,Chittagong Vikings,DJG Sammy,JEC Franklin,Saqlain Sajib,1,0,,,,,,,,,
1063089,2016/17,2016-12-06,"Shere Bangla National Stadium, Mirpur",2,10.6,Rajshahi Kings,Chittagong Vikings,JEC Franklin,DJG Sammy,Saqlain Sajib,0,0,,,,,,bowled,JEC Franklin,,
1063089,2016/17,2016-12-06,"Shere Bangla National Stadium, Mirpur",2,11.1,Rajshahi Kings,Chittagong Vikings,DJG Sammy,Mehedi Hasan Miraz,Mohammad Nabi,4,0,,,,,,,,,
1063089,2016/17,2016-12-06,"Shere Bangla National Stadium, Mirpur",2,11.2,Rajshahi Kings,Chittagong Vikings,DJG Sammy,Mehedi Hasan Miraz,Mohammad Nabi,4,0,,,,,,,,,
1063089,2016/17,2016-12-06,"Shere Bangla National Stadium, Mirpur",2,11.3,Rajshahi Kings,Chittagong Vikings,DJG Sammy,Mehedi Hasan Miraz,Mohammad Nabi,4,0,,,,,,,,,
1063089,2016/17,2016-12-06,"Shere Bangla National Stadium, Mirpur",2,11.4,Rajshahi Kings,Chittagong Vikings,DJG Sammy,Mehedi Hasan Miraz,Mohammad Nabi,1,0,,,,,,,,,
1063089,2016/17,2016-12-06,"Shere Bangla National Stadium, Mirpur",2,11.5,Rajshahi Kings,Chittagong Vikings,Mehedi Hasan Miraz,DJG Sammy,Mohammad Nabi,1,0,,,,,,,,,
1063089,2016/17,2016-12-06,"Shere Bangla National Stadium, Mirpur",2,11.6,Rajshahi Kings,Chittagong Vikings,DJG Sammy,Mehedi Hasan Miraz,Mohammad Nabi,0,0,,,,,,,,,
1063089,2016/17,2016-12-06,"Shere Bangla National Stadium, Mirpur",2,12.1,Rajshahi Kings,Chittagong Vikings,Mehedi Hasan Miraz,DJG Sammy,Saqlain Sajib,2,0,,,,,,,,,
1063089,2016/17,2016-12-06,"Shere Bangla National Stadium, Mirpur",2,12.2,Rajshahi Kings,Chittagong Vikings,Mehedi Hasan Miraz,DJG Sammy,Saqlain Sajib,1,0,,,,,,,,,
1063089,2016/17,2016-12-06,"Shere Bangla National Stadium, Mirpur",2,12.3,Rajshahi Kings,Chittagong Vikings,DJG Sammy,Mehedi Hasan Miraz,Saqlain Sajib,6,0,,,,,,,,,
1063089,2016/17,2016-12-06,"Shere Bangla National Stadium, Mirpur",2,12.4,Rajshahi Kings,Chittagong Vikings,DJG Sammy,Mehedi Hasan Miraz,Saqlain Sajib,1,0,,,,,,,,,
1063089,2016/17,2016-12-06,"Shere Bangla National Stadium, Mirpur",2,12.5,Rajshahi Kings,Chittagong Vikings,Mehedi Hasan Miraz,DJG Sammy,Saqlain Sajib,1,0,,,,,,,,,
1063089,2016/17,2016-12-06,"Shere Bangla National Stadium, Mirpur",2,12.6,Rajshahi Kings,Chittagong Vikings,DJG Sammy,Mehedi Hasan Miraz,Saqlain Sajib,1,0,,,,,,,,,
1063089,2016/17,2016-12-06,"Shere Bangla National Stadium, Mirpur",2,13.1,Rajshahi Kings,Chittagong Vikings,DJG Sammy,Mehedi Hasan Miraz,Taskin Ahmed,4,0,,,,,,,,,
1063089,2016/17,2016-12-06,"Shere Bangla National Stadium, Mirpur",2,13.2,Rajshahi Kings,Chittagong Vikings,DJG Sammy,Mehedi Hasan Miraz,Taskin Ahmed,0,0,,,,,,,,,
1063089,2016/17,2016-12-06,"Shere Bangla National Stadium, Mirpur",2,13.3,Rajshahi Kings,Chittagong Vikings,DJG Sammy,Mehedi Hasan Miraz,Taskin Ahmed,0,2,2,,,,,,,,
1063089,2016/17,2016-12-06,"Shere Bangla National Stadium, Mirpur",2,13.4,Rajshahi Kings,Chittagong Vikings,Mehedi Hasan Miraz,DJG Sammy,Taskin Ahmed,0,0,,,,,,,,,
1063089,2016/17,2016-12-06,"Shere Bangla National Stadium, Mirpur",2,13.5,Rajshahi Kings,Chittagong Vikings,Mehedi Hasan Miraz,DJG Sammy,Taskin Ahmed,4,0,,,,,,,,,
1063089,2016/17,2016-12-06,"Shere Bangla National Stadium, Mirpur",2,13.6,Rajshahi Kings,Chittagong Vikings,Mehedi Hasan Miraz,DJG Sammy,Taskin Ahmed,0,0,,,,,,,,,
1063089,2016/17,2016-12-06,"Shere Bangla National Stadium, Mirpur",2,13.7,Rajshahi Kings,Chittagong Vikings,Mehedi Hasan Miraz,DJG Sammy,Taskin Ahmed,1,0,,,,,,,,,
1063089,2016/17,2016-12-06,"Shere Bangla National Stadium, Mirpur",2,14.1,Rajshahi Kings,Chittagong Vikings,Mehedi Hasan Miraz,DJG Sammy,Saqlain Sajib,0,0,,,,,,,,,
1063089,2016/17,2016-12-06,"Shere Bangla National Stadium, Mirpur",2,14.2,Rajshahi Kings,Chittagong Vikings,Mehedi Hasan Miraz,DJG Sammy,Saqlain Sajib,0,0,,,,,,run out,Mehedi Hasan Miraz,,
1063089,2016/17,2016-12-06,"Shere Bangla National Stadium, Mirpur",2,14.3,Rajshahi Kings,Chittagong Vikings,Farhad Reza,DJG Sammy,Saqlain Sajib,4,0,,,,,,,,,
1063089,2016/17,2016-12-06,"Shere Bangla National Stadium, Mirpur",2,14.4,Rajshahi Kings,Chittagong Vikings,Farhad Reza,DJG Sammy,Saqlain Sajib,0,0,,,,,,,,,
1063089,2016/17,2016-12-06,"Shere Bangla National Stadium, Mirpur",2,14.5,Rajshahi Kings,Chittagong Vikings,Farhad Reza,DJG Sammy,Saqlain Sajib,0,1,1,,,,,,,,
1063089,2016/17,2016-12-06,"Shere Bangla National Stadium, Mirpur",2,14.6,Rajshahi Kings,Chittagong Vikings,Farhad Reza,DJG Sammy,Saqlain Sajib,0,0,,,,,,,,,
1063089,2016/17,2016-12-06,"Shere Bangla National Stadium, Mirpur",2,14.7,Rajshahi Kings,Chittagong Vikings,Farhad Reza,DJG Sammy,Saqlain Sajib,1,0,,,,,,,,,
1063089,2016/17,2016-12-06,"Shere Bangla National Stadium, Mirpur",2,15.1,Rajshahi Kings,Chittagong Vikings,Farhad Reza,DJG Sammy,Subashis Roy,1,0,,,,,,,,,
1063089,2016/17,2016-12-06,"Shere Bangla National Stadium, Mirpur",2,15.2,Rajshahi Kings,Chittagong Vikings,DJG Sammy,Farhad Reza,Subashis Roy,2,0,,,,,,,,,
1063089,2016/17,2016-12-06,"Shere Bangla National Stadium, Mirpur",2,15.3,Rajshahi Kings,Chittagong Vikings,DJG Sammy,Farhad Reza,Subashis Roy,4,0,,,,,,,,,
1063089,2016/17,2016-12-06,"Shere Bangla National Stadium, Mirpur",2,15.4,Rajshahi Kings,Chittagong Vikings,DJG Sammy,Farhad Reza,Subashis Roy,4,0,,,,,,,,,
1063089,2016/17,2016-12-06,"Shere Bangla National Stadium, Mirpur",2,15.5,Rajshahi Kings,Chittagong Vikings,DJG Sammy,Farhad Reza,Subashis Roy,4,0,,,,,,,,,
1063089,2016/17,2016-12-06,"Shere Bangla National Stadium, Mirpur",2,15.6,Rajshahi Kings,Chittagong Vikings,DJG Sammy,Farhad Reza,Subashis Roy,1,0,,,,,,,,,
1063089,2016/17,2016-12-06,"Shere Bangla National Stadium, Mirpur",2,16.1,Rajshahi Kings,Chittagong Vikings,DJG Sammy,Farhad Reza,Taskin Ahmed,2,0,,,,,,,,,
1063089,2016/17,2016-12-06,"Shere Bangla National Stadium, Mirpur",2,16.2,Rajshahi Kings,Chittagong Vikings,DJG Sammy,Farhad Reza,Taskin Ahmed,1,0,,,,,,,,,
1063089,2016/17,2016-12-06,"Shere Bangla National Stadium, Mirpur",2,16.3,Rajshahi Kings,Chittagong Vikings,Farhad Reza,DJG Sammy,Taskin Ahmed,1,0,,,,,,,,,
1063089,2016/17,2016-12-06,"Shere Bangla National Stadium, Mirpur",2,16.4,Rajshahi Kings,Chittagong Vikings,DJG Sammy,Farhad Reza,Taskin Ahmed,1,0,,,,,,,,,
1063089,2016/17,2016-12-06,"Shere Bangla National Stadium, Mirpur",2,16.5,Rajshahi Kings,Chittagong Vikings,Farhad Reza,DJG Sammy,Taskin Ahmed,1,0,,,,,,,,,
1063089,2016/17,2016-12-06,"Shere Bangla National Stadium, Mirpur",2,16.6,Rajshahi Kings,Chittagong Vikings,DJG Sammy,Farhad Reza,Taskin Ahmed,1,0,,,,,,,,,
1063089,2016/17,2016-12-06,"Shere Bangla National Stadium, Mirpur",2,17.1,Rajshahi Kings,Chittagong Vikings,DJG Sammy,Farhad Reza,Mohammad Nabi,6,0,,,,,,,,,
1063089,2016/17,2016-12-06,"Shere Bangla National Stadium, Mirpur",2,17.2,Rajshahi Kings,Chittagong Vikings,DJG Sammy,Farhad Reza,Mohammad Nabi,0,0,,,,,,,,,
1063089,2016/17,2016-12-06,"Shere Bangla National Stadium, Mirpur",2,17.3,Rajshahi Kings,Chittagong Vikings,DJG Sammy,Farhad Reza,Mohammad Nabi,1,0,,,,,,,,,
1063089,2016/17,2016-12-06,"Shere Bangla National Stadium, Mirpur",2,17.4,Rajshahi Kings,Chittagong Vikings,Farhad Reza,DJG Sammy,Mohammad Nabi,4,0,,,,,,,,,
1063089,2016/17,2016-12-06,"Shere Bangla National Stadium, Mirpur",2,17.5,Rajshahi Kings,Chittagong Vikings,Farhad Reza,DJG Sammy,Mohammad Nabi,1,0,,,,,,,,,
1063089,2016/17,2016-12-06,"Shere Bangla National Stadium, Mirpur",2,17.6,Rajshahi Kings,Chittagong Vikings,DJG Sammy,Farhad Reza,Mohammad Nabi,1,0,,,,,,,,,
1063089,2016/17,2016-12-06,"Shere Bangla National Stadium, Mirpur",2,18.1,Rajshahi Kings,Chittagong Vikings,DJG Sammy,Farhad Reza,Taskin Ahmed,1,0,,,,,,,,,
1063089,2016/17,2016-12-06,"Shere Bangla National Stadium, Mirpur",2,18.2,Rajshahi Kings,Chittagong Vikings,Farhad Reza,DJG Sammy,Taskin Ahmed,4,0,,,,,,,,,
1063089,2016/17,2016-12-06,"Shere Bangla National Stadium, Mirpur",2,18.3,Rajshahi Kings,Chittagong Vikings,Farhad Reza,DJG Sammy,Taskin Ahmed,2,0,,,,,,,,,
