match_id,season,start_date,venue,innings,ball,batting_team,bowling_team,striker,non_striker,bowler,runs_off_bat,extras,wides,noballs,byes,legbyes,penalty,wicket_type,player_dismissed,other_wicket_type,other_player_dismissed
1063081,2016/17,2016-11-30,"Shere Bangla National Stadium, Mirpur",1,0.1,Dhaka Dynamites,Rangpur Riders,Mehedi Maruf,E Lewis,Rubel Hossain,0,0,,,,,,,,,
1063081,2016/17,2016-11-30,"Shere Bangla National Stadium, Mirpur",1,0.2,Dhaka Dynamites,Rangpur Riders,Mehedi Maruf,E Lewis,Rubel Hossain,0,0,,,,,,,,,
1063081,2016/17,2016-11-30,"Shere Bangla National Stadium, Mirpur",1,0.3,Dhaka Dynamites,Rangpur Riders,Mehedi Maruf,E Lewis,Rubel Hossain,0,0,,,,,,,,,
1063081,2016/17,2016-11-30,"Shere Bangla National Stadium, Mirpur",1,0.4,Dhaka Dynamites,Rangpur Riders,Mehedi Maruf,E Lewis,Rubel Hossain,0,0,,,,,,,,,
1063081,2016/17,2016-11-30,"Shere Bangla National Stadium, Mirpur",1,0.5,Dhaka Dynamites,Rangpur Riders,Mehedi Maruf,E Lewis,Rubel Hossain,0,0,,,,,,,,,
1063081,2016/17,2016-11-30,"Shere Bangla National Stadium, Mirpur",1,0.6,Dhaka Dynamites,Rangpur Riders,Mehedi Maruf,E Lewis,Rubel Hossain,1,0,,,,,,,,,
1063081,2016/17,2016-11-30,"Shere Bangla National Stadium, Mirpur",1,1.1,Dhaka Dynamites,Rangpur Riders,Mehedi Maruf,E Lewis,Muktar Ali,0,0,,,,,,,,,
1063081,2016/17,2016-11-30,"Shere Bangla National Stadium, Mirpur",1,1.2,Dhaka Dynamites,Rangpur Riders,Mehedi Maruf,E Lewis,Muktar Ali,0,1,,,1,,,,,,
1063081,2016/17,2016-11-30,"Shere Bangla National Stadium, Mirpur",1,1.3,Dhaka Dynamites,Rangpur Riders,E Lewis,Mehedi Maruf,Muktar Ali,1,0,,,,,,,,,
1063081,2016/17,2016-11-30,"Shere Bangla National Stadium, Mirpur",1,1.4,Dhaka Dynamites,Rangpur Riders,Mehedi Maruf,E Lewis,Muktar Ali,4,0,,,,,,,,,
1063081,2016/17,2016-11-30,"Shere Bangla National Stadium, Mirpur",1,1.5,Dhaka Dynamites,Rangpur Riders,Mehedi Maruf,E Lewis,Muktar Ali,0,0,,,,,,,,,
1063081,2016/17,2016-11-30,"Shere Bangla National Stadium, Mirpur",1,1.6,Dhaka Dynamites,Rangpur Riders,Mehedi Maruf,E Lewis,Muktar Ali,4,0,,,,,,,,,
1063081,2016/17,2016-11-30,"Shere Bangla National Stadium, Mirpur",1,2.1,Dhaka Dynamites,Rangpur Riders,E Lewis,Mehedi Maruf,Sohag Gazi,4,0,,,,,,,,,
1063081,2016/17,2016-11-30,"Shere Bangla National Stadium, Mirpur",1,2.2,Dhaka Dynamites,Rangpur Riders,E Lewis,Mehedi Maruf,Sohag Gazi,0,0,,,,,,,,,
1063081,2016/17,2016-11-30,"Shere Bangla National Stadium, Mirpur",1,2.3,Dhaka Dynamites,Rangpur Riders,E Lewis,Mehedi Maruf,Sohag Gazi,0,0,,,,,,,,,
1063081,2016/17,2016-11-30,"Shere Bangla National Stadium, Mirpur",1,2.4,Dhaka Dynamites,Rangpur Riders,E Lewis,Mehedi Maruf,Sohag Gazi,0,0,,,,,,,,,
1063081,2016/17,2016-11-30,"Shere Bangla National Stadium, Mirpur",1,2.5,Dhaka Dynamites,Rangpur Riders,E Lewis,Mehedi Maruf,Sohag Gazi,6,0,,,,,,,,,
1063081,2016/17,2016-11-30,"Shere Bangla National Stadium, Mirpur",1,2.6,Dhaka Dynamites,Rangpur Riders,E Lewis,Mehedi Maruf,Sohag Gazi,1,0,,,,,,,,,
1063081,2016/17,2016-11-30,"Shere Bangla National Stadium, Mirpur",1,3.1,Dhaka Dynamites,Rangpur Riders,E Lewis,Mehedi Maruf,Rubel Hossain,0,0,,,,,,,,,
1063081,2016/17,2016-11-30,"Shere Bangla National Stadium, Mirpur",1,3.2,Dhaka Dynamites,Rangpur Riders,E Lewis,Mehedi Maruf,Rubel Hossain,0,0,,,,,,,,,
1063081,2016/17,2016-11-30,"Shere Bangla National Stadium, Mirpur",1,3.3,Dhaka Dynamites,Rangpur Riders,E Lewis,Mehedi Maruf,Rubel Hossain,1,0,,,,,,,,,
1063081,2016/17,2016-11-30,"Shere Bangla National Stadium, Mirpur",1,3.4,Dhaka Dynamites,Rangpur Riders,Mehedi Maruf,E Lewis,Rubel Hossain,4,0,,,,,,,,,
1063081,2016/17,2016-11-30,"Shere Bangla National Stadium, Mirpur",1,3.5,Dhaka Dynamites,Rangpur Riders,Mehedi Maruf,E Lewis,Rubel Hossain,1,0,,,,,,,,,
1063081,2016/17,2016-11-30,"Shere Bangla National Stadium, Mirpur",1,3.6,Dhaka Dynamites,Rangpur Riders,E Lewis,Mehedi Maruf,Rubel Hossain,2,0,,,,,,,,,
1063081,2016/17,2016-11-30,"Shere Bangla National Stadium, Mirpur",1,4.1,Dhaka Dynamites,Rangpur Riders,Mehedi Maruf,E Lewis,Shahid Afridi,1,0,,,,,,,,,
1063081,2016/17,2016-11-30,"Shere Bangla National Stadium, Mirpur",1,4.2,Dhaka Dynamites,Rangpur Riders,E Lewis,Mehedi Maruf,Shahid Afridi,4,0,,,,,,,,,
1063081,2016/17,2016-11-30,"Shere Bangla National Stadium, Mirpur",1,4.3,Dhaka Dynamites,Rangpur Riders,E Lewis,Mehedi Maruf,Shahid Afridi,6,0,,,,,,,,,
1063081,2016/17,2016-11-30,"Shere Bangla National Stadium, Mirpur",1,4.4,Dhaka Dynamites,Rangpur Riders,E Lewis,Mehedi Maruf,Shahid Afridi,1,0,,,,,,,,,
1063081,2016/17,2016-11-30,"Shere Bangla National Stadium, Mirpur",1,4.5,Dhaka Dynamites,Rangpur Riders,Mehedi Maruf,E Lewis,Shahid Afridi,0,0,,,,,,,,,
1063081,2016/17,2016-11-30,"Shere Bangla National Stadium, Mirpur",1,4.6,Dhaka Dynamites,Rangpur Riders,Mehedi Maruf,E Lewis,Shahid Afridi,0,0,,,,,,,,,
1063081,2016/17,2016-11-30,"Shere Bangla National Stadium, Mirpur",1,5.1,Dhaka Dynamites,Rangpur Riders,E Lewis,Mehedi Maruf,Sohag Gazi,6,0,,,,,,,,,
1063081,2016/17,2016-11-30,"Shere Bangla National Stadium, Mirpur",1,5.2,Dhaka Dynamites,Rangpur Riders,E Lewis,Mehedi Maruf,Sohag Gazi,6,0,,,,,,,,,
1063081,2016/17,2016-11-30,"Shere Bangla National Stadium, Mirpur",1,5.3,Dhaka Dynamites,Rangpur Riders,E Lewis,Mehedi Maruf,Sohag Gazi,0,0,,,,,,,,,
1063081,2016/17,2016-11-30,"Shere Bangla National Stadium, Mirpur",1,5.4,Dhaka Dynamites,Rangpur Riders,E Lewis,Mehedi Maruf,Sohag Gazi,1,0,,,,,,,,,
1063081,2016/17,2016-11-30,"Shere Bangla National Stadium, Mirpur",1,5.5,Dhaka Dynamites,Rangpur Riders,Mehedi Maruf,E Lewis,Sohag Gazi,0,0,,,,,,,,,
1063081,2016/17,2016-11-30,"Shere Bangla National Stadium, Mirpur",1,5.6,Dhaka Dynamites,Rangpur Riders,Mehedi Maruf,E Lewis,Sohag Gazi,1,0,,,,,,,,,
1063081,2016/17,2016-11-30,"Shere Bangla National Stadium, Mirpur",1,6.1,Dhaka Dynamites,Rangpur Riders,Mehedi Maruf,E Lewis,Shahid Afridi,1,0,,,,,,,,,
1063081,2016/17,2016-11-30,"Shere Bangla National Stadium, Mirpur",1,6.2,Dhaka Dynamites,Rangpur Riders,E Lewis,Mehedi Maruf,Shahid Afridi,6,0,,,,,,,,,
1063081,2016/17,2016-11-30,"Shere Bangla National Stadium, Mirpur",1,6.3,Dhaka Dynamites,Rangpur Riders,E Lewis,Mehedi Maruf,Shahid Afridi,1,0,,,,,,,,,
1063081,2016/17,2016-11-30,"Shere Bangla National Stadium, Mirpur",1,6.4,Dhaka Dynamites,Rangpur Riders,Mehedi Maruf,E Lewis,Shahid Afridi,6,0,,,,,,,,,
1063081,2016/17,2016-11-30,"Shere Bangla National Stadium, Mirpur",1,6.5,Dhaka Dynamites,Rangpur Riders,Mehedi Maruf,E Lewis,Shahid Afridi,1,0,,,,,,,,,
1063081,2016/17,2016-11-30,"Shere Bangla National Stadium, Mirpur",1,6.6,Dhaka Dynamites,Rangpur Riders,E Lewis,Mehedi Maruf,Shahid Afridi,6,0,,,,,,,,,
1063081,2016/17,2016-11-30,"Shere Bangla National Stadium, Mirpur",1,7.1,Dhaka Dynamites,Rangpur Riders,Mehedi Maruf,E Lewis,Arafat Sunny,6,0,,,,,,,,,
1063081,2016/17,2016-11-30,"Shere Bangla National Stadium, Mirpur",1,7.2,Dhaka Dynamites,Rangpur Riders,Mehedi Maruf,E Lewis,Arafat Sunny,1,0,,,,,,,,,
1063081,2016/17,2016-11-30,"Shere Bangla National Stadium, Mirpur",1,7.3,Dhaka Dynamites,Rangpur Riders,E Lewis,Mehedi Maruf,Arafat Sunny,1,0,,,,,,,,,
1063081,2016/17,2016-11-30,"Shere Bangla National Stadium, Mirpur",1,7.4,Dhaka Dynamites,Rangpur Riders,Mehedi Maruf,E Lewis,Arafat Sunny,0,0,,,,,,,,,
1063081,2016/17,2016-11-30,"Shere Bangla National Stadium, Mirpur",1,7.5,Dhaka Dynamites,Rangpur Riders,Mehedi Maruf,E Lewis,Arafat Sunny,1,0,,,,,,,,,
1063081,2016/17,2016-11-30,"Shere Bangla National Stadium, Mirpur",1,7.6,Dhaka Dynamites,Rangpur Riders,E Lewis,Mehedi Maruf,Arafat Sunny,1,0,,,,,,,,,
1063081,2016/17,2016-11-30,"Shere Bangla National Stadium, Mirpur",1,8.1,Dhaka Dynamites,Rangpur Riders,E Lewis,Mehedi Maruf,LA Dawson,0,0,,,,,,,,,
1063081,2016/17,2016-11-30,"Shere Bangla National Stadium, Mirpur",1,8.2,Dhaka Dynamites,Rangpur Riders,E Lewis,Mehedi Maruf,LA Dawson,1,0,,,,,,,,,
1063081,2016/17,2016-11-30,"Shere Bangla National Stadium, Mirpur",1,8.3,Dhaka Dynamites,Rangpur Riders,Mehedi Maruf,E Lewis,LA Dawson,0,0,,,,,,,,,
1063081,2016/17,2016-11-30,"Shere Bangla National Stadium, Mirpur",1,8.4,Dhaka Dynamites,Rangpur Riders,Mehedi Maruf,E Lewis,LA Dawson,6,0,,,,,,,,,
1063081,2016/17,2016-11-30,"Shere Bangla National Stadium, Mirpur",1,8.5,Dhaka Dynamites,Rangpur Riders,Mehedi Maruf,E Lewis,LA Dawson,1,0,,,,,,,,,
1063081,2016/17,2016-11-30,"Shere Bangla National Stadium, Mirpur",1,8.6,Dhaka Dynamites,Rangpur Riders,E Lewis,Mehedi Maruf,LA Dawson,6,0,,,,,,,,,
1063081,2016/17,2016-11-30,"Shere Bangla National Stadium, Mirpur",1,9.1,Dhaka Dynamites,Rangpur Riders,Mehedi Maruf,E Lewis,Soumya Sarkar,0,0,,,,,,,,,
1063081,2016/17,2016-11-30,"Shere Bangla National Stadium, Mirpur",1,9.2,Dhaka Dynamites,Rangpur Riders,Mehedi Maruf,E Lewis,Soumya Sarkar,1,0,,,,,,,,,
1063081,2016/17,2016-11-30,"Shere Bangla National Stadium, Mirpur",1,9.3,Dhaka Dynamites,Rangpur Riders,E Lewis,Mehedi Maruf,Soumya Sarkar,0,0,,,,,,,,,
1063081,2016/17,2016-11-30,"Shere Bangla National Stadium, Mirpur",1,9.4,Dhaka Dynamites,Rangpur Riders,E Lewis,Mehedi Maruf,Soumya Sarkar,1,0,,,,,,,,,
1063081,2016/17,2016-11-30,"Shere Bangla National Stadium, Mirpur",1,9.5,Dhaka Dynamites,Rangpur Riders,Mehedi Maruf,E Lewis,Soumya Sarkar,0,0,,,,,,lbw,Mehedi Maruf,,
1063081,2016/17,2016-11-30,"Shere Bangla National Stadium, Mirpur",1,9.6,Dhaka Dynamites,Rangpur Riders,S Prasanna,E Lewis,Soumya Sarkar,1,0,,,,,,,,,
1063081,2016/17,2016-11-30,"Shere Bangla National Stadium, Mirpur",1,10.1,Dhaka Dynamites,Rangpur Riders,S Prasanna,E Lewis,Ziaur Rahman,0,0,,,,,,caught,S Prasanna,,
1063081,2016/17,2016-11-30,"Shere Bangla National Stadium, Mirpur",1,10.2,Dhaka Dynamites,Rangpur Riders,E Lewis,AD Russell,Ziaur Rahman,1,0,,,,,,,,,
1063081,2016/17,2016-11-30,"Shere Bangla National Stadium, Mirpur",1,10.3,Dhaka Dynamites,Rangpur Riders,AD Russell,E Lewis,Ziaur Rahman,0,0,,,,,,,,,
1063081,2016/17,2016-11-30,"Shere Bangla National Stadium, Mirpur",1,10.4,Dhaka Dynamites,Rangpur Riders,AD Russell,E Lewis,Ziaur Rahman,2,0,,,,,,,,,
1063081,2016/17,2016-11-30,"Shere Bangla National Stadium, Mirpur",1,10.5,Dhaka Dynamites,Rangpur Riders,AD Russell,E Lewis,Ziaur Rahman,1,0,,,,,,,,,
1063081,2016/17,2016-11-30,"Shere Bangla National Stadium, Mirpur",1,10.6,Dhaka Dynamites,Rangpur Riders,E Lewis,AD Russell,Ziaur Rahman,0,1,1,,,,,,,,
1063081,2016/17,2016-11-30,"Shere Bangla National Stadium, Mirpur",1,10.7,Dhaka Dynamites,Rangpur Riders,E Lewis,AD Russell,Ziaur Rahman,1,0,,,,,,,,,
1063081,2016/17,2016-11-30,"Shere Bangla National Stadium, Mirpur",1,11.1,Dhaka Dynamites,Rangpur Riders,E Lewis,AD Russell,Soumya Sarkar,6,0,,,,,,,,,
1063081,2016/17,2016-11-30,"Shere Bangla National Stadium, Mirpur",1,11.2,Dhaka Dynamites,Rangpur Riders,E Lewis,AD Russell,Soumya Sarkar,4,0,,,,,,,,,
1063081,2016/17,2016-11-30,"Shere Bangla National Stadium, Mirpur",1,11.3,Dhaka Dynamites,Rangpur Riders,E Lewis,AD Russell,Soumya Sarkar,1,0,,,,,,,,,
1063081,2016/17,2016-11-30,"Shere Bangla National Stadium, Mirpur",1,11.4,Dhaka Dynamites,Rangpur Riders,AD Russell,E Lewis,Soumya Sarkar,1,0,,,,,,,,,
1063081,2016/17,2016-11-30,"Shere Bangla National Stadium, Mirpur",1,11.5,Dhaka Dynamites,Rangpur Riders,E Lewis,AD Russell,Soumya Sarkar,0,0,,,,,,caught,E Lewis,,
1063081,2016/17,2016-11-30,"Shere Bangla National Stadium, Mirpur",1,11.6,Dhaka Dynamites,Rangpur Riders,AD Russell,Shakib Al Hasan,Soumya Sarkar,1,0,,,,,,,,,
1063081,2016/17,2016-11-30,"Shere Bangla National Stadium, Mirpur",1,12.1,Dhaka Dynamites,Rangpur Riders,AD Russell,Shakib Al Hasan,Ziaur Rahman,3,0,,,,,,,,,
1063081,2016/17,2016-11-30,"Shere Bangla National Stadium, Mirpur",1,12.2,Dhaka Dynamites,Rangpur Riders,Shakib Al Hasan,AD Russell,Ziaur Rahman,2,0,,,,,,,,,
1063081,2016/17,2016-11-30,"Shere Bangla National Stadium, Mirpur",1,12.3,Dhaka Dynamites,Rangpur Riders,Shakib Al Hasan,AD Russell,Ziaur Rahman,0,0,,,,,,,,,
1063081,2016/17,2016-11-30,"Shere Bangla National Stadium, Mirpur",1,12.4,Dhaka Dynamites,Rangpur Riders,Shakib Al Hasan,AD Russell,Ziaur Rahman,1,0,,,,,,,,,
1063081,2016/17,2016-11-30,"Shere Bangla National Stadium, Mirpur",1,12.5,Dhaka Dynamites,Rangpur Riders,AD Russell,Shakib Al Hasan,Ziaur Rahman,0,0,,,,,,caught,AD Russell,,
1063081,2016/17,2016-11-30,"Shere Bangla National Stadium, Mirpur",1,12.6,Dhaka Dynamites,Rangpur Riders,Shakib Al Hasan,DJ Bravo,Ziaur Rahman,1,0,,,,,,,,,
1063081,2016/17,2016-11-30,"Shere Bangla National Stadium, Mirpur",1,13.1,Dhaka Dynamites,Rangpur Riders,Shakib Al Hasan,DJ Bravo,LA Dawson,0,0,,,,,,,,,
1063081,2016/17,2016-11-30,"Shere Bangla National Stadium, Mirpur",1,13.2,Dhaka Dynamites,Rangpur Riders,Shakib Al Hasan,DJ Bravo,LA Dawson,1,0,,,,,,,,,
1063081,2016/17,2016-11-30,"Shere Bangla National Stadium, Mirpur",1,13.3,Dhaka Dynamites,Rangpur Riders,DJ Bravo,Shakib Al Hasan,LA Dawson,1,0,,,,,,,,,
1063081,2016/17,2016-11-30,"Shere Bangla National Stadium, Mirpur",1,13.4,Dhaka Dynamites,Rangpur Riders,Shakib Al Hasan,DJ Bravo,LA Dawson,1,0,,,,,,,,,
1063081,2016/17,2016-11-30,"Shere Bangla National Stadium, Mirpur",1,13.5,Dhaka Dynamites,Rangpur Riders,DJ Bravo,Shakib Al Hasan,LA Dawson,1,0,,,,,,,,,
1063081,2016/17,2016-11-30,"Shere Bangla National Stadium, Mirpur",1,13.6,Dhaka Dynamites,Rangpur Riders,Shakib Al Hasan,DJ Bravo,LA Dawson,0,0,,,,,,,,,
1063081,2016/17,2016-11-30,"Shere Bangla National Stadium, Mirpur",1,14.1,Dhaka Dynamites,Rangpur Riders,DJ Bravo,Shakib Al Hasan,Shahid Afridi,2,0,,,,,,,,,
1063081,2016/17,2016-11-30,"Shere Bangla National Stadium, Mirpur",1,14.2,Dhaka Dynamites,Rangpur Riders,DJ Bravo,Shakib Al Hasan,Shahid Afridi,2,0,,,,,,,,,
1063081,2016/17,2016-11-30,"Shere Bangla National Stadium, Mirpur",1,14.3,Dhaka Dynamites,Rangpur Riders,DJ Bravo,Shakib Al Hasan,Shahid Afridi,0,0,,,,,,,,,
1063081,2016/17,2016-11-30,"Shere Bangla National Stadium, Mirpur",1,14.4,Dhaka Dynamites,Rangpur Riders,DJ Bravo,Shakib Al Hasan,Shahid Afridi,1,0,,,,,,,,,
1063081,2016/17,2016-11-30,"Shere Bangla National Stadium, Mirpur",1,14.5,Dhaka Dynamites,Rangpur Riders,Shakib Al Hasan,DJ Bravo,Shahid Afridi,2,0,,,,,,,,,
1063081,2016/17,2016-11-30,"Shere Bangla National Stadium, Mirpur",1,14.6,Dhaka Dynamites,Rangpur Riders,Shakib Al Hasan,DJ Bravo,Shahid Afridi,0,0,,,,,,,,,
1063081,2016/17,2016-11-30,"Shere Bangla National Stadium, Mirpur",1,15.1,Dhaka Dynamites,Rangpur Riders,DJ Bravo,Shakib Al Hasan,LA Dawson,1,0,,,,,,,,,
1063081,2016/17,2016-11-30,"Shere Bangla National Stadium, Mirpur",1,15.2,Dhaka Dynamites,Rangpur Riders,Shakib Al Hasan,DJ Bravo,LA Dawson,1,0,,,,,,,,,
1063081,2016/17,2016-11-30,"Shere Bangla National Stadium, Mirpur",1,15.3,Dhaka Dynamites,Rangpur Riders,DJ Bravo,Shakib Al Hasan,LA Dawson,1,0,,,,,,,,,
1063081,2016/17,2016-11-30,"Shere Bangla National Stadium, Mirpur",1,15.4,Dhaka Dynamites,Rangpur Riders,Shakib Al Hasan,DJ Bravo,LA Dawson,6,0,,,,,,,,,
1063081,2016/17,2016-11-30,"Shere Bangla National Stadium, Mirpur",1,15.5,Dhaka Dynamites,Rangpur Riders,Shakib Al Hasan,DJ Bravo,LA Dawson,1,0,,,,,,,,,
1063081,2016/17,2016-11-30,"Shere Bangla National Stadium, Mirpur",1,15.6,Dhaka Dynamites,Rangpur Riders,DJ Bravo,Shakib Al Hasan,LA Dawson,1,0,,,,,,,,,
1063081,2016/17,2016-11-30,"Shere Bangla National Stadium, Mirpur",1,16.1,Dhaka Dynamites,Rangpur Riders,DJ Bravo,Shakib Al Hasan,Soumya Sarkar,1,0,,,,,,,,,
1063081,2016/17,2016-11-30,"Shere Bangla National Stadium, Mirpur",1,16.2,Dhaka Dynamites,Rangpur Riders,Shakib Al Hasan,DJ Bravo,Soumya Sarkar,0,0,,,,,,,,,
1063081,2016/17,2016-11-30,"Shere Bangla National Stadium, Mirpur",1,16.3,Dhaka Dynamites,Rangpur Riders,Shakib Al Hasan,DJ Bravo,Soumya Sarkar,1,0,,,,,,,,,
1063081,2016/17,2016-11-30,"Shere Bangla National Stadium, Mirpur",1,16.4,Dhaka Dynamites,Rangpur Riders,DJ Bravo,Shakib Al Hasan,Soumya Sarkar,4,0,,,,,,,,,
1063081,2016/17,2016-11-30,"Shere Bangla National Stadium, Mirpur",1,16.5,Dhaka Dynamites,Rangpur Riders,DJ Bravo,Shakib Al Hasan,Soumya Sarkar,1,0,,,,,,,,,
1063081,2016/17,2016-11-30,"Shere Bangla National Stadium, Mirpur",1,16.6,Dhaka Dynamites,Rangpur Riders,Shakib Al Hasan,DJ Bravo,Soumya Sarkar,4,0,,,,,,,,,
1063081,2016/17,2016-11-30,"Shere Bangla National Stadium, Mirpur",1,17.1,Dhaka Dynamites,Rangpur Riders,DJ Bravo,Shakib Al Hasan,Rubel Hossain,0,0,,,,,,bowled,DJ Bravo,,
1063081,2016/17,2016-11-30,"Shere Bangla National Stadium, Mirpur",1,17.2,Dhaka Dynamites,Rangpur Riders,Mosaddek Hossain,Shakib Al Hasan,Rubel Hossain,1,0,,,,,,,,,
1063081,2016/17,2016-11-30,"Shere Bangla National Stadium, Mirpur",1,17.3,Dhaka Dynamites,Rangpur Riders,Shakib Al Hasan,Mosaddek Hossain,Rubel Hossain,4,0,,,,,,,,,
1063081,2016/17,2016-11-30,"Shere Bangla National Stadium, Mirpur",1,17.4,Dhaka Dynamites,Rangpur Riders,Shakib Al Hasan,Mosaddek Hossain,Rubel Hossain,0,0,,,,,,,,,
1063081,2016/17,2016-11-30,"Shere Bangla National Stadium, Mirpur",1,17.5,Dhaka Dynamites,Rangpur Riders,Shakib Al Hasan,Mosaddek Hossain,Rubel Hossain,4,0,,,,,,,,,
1063081,2016/17,2016-11-30,"Shere Bangla National Stadium, Mirpur",1,17.6,Dhaka Dynamites,Rangpur Riders,Shakib Al Hasan,Mosaddek Hossain,Rubel Hossain,0,0,,,,,,bowled,Shakib Al Hasan,,
1063081,2016/17,2016-11-30,"Shere Bangla National Stadium, Mirpur",1,18.1,Dhaka Dynamites,Rangpur Riders,Mosaddek Hossain,Nasir Hossain,Ziaur Rahman,4,0,,,,,,,,,
1063081,2016/17,2016-11-30,"Shere Bangla National Stadium, Mirpur",1,18.2,Dhaka Dynamites,Rangpur Riders,Mosaddek Hossain,Nasir Hossain,Ziaur Rahman,1,0,,,,,,,,,
1063081,2016/17,2016-11-30,"Shere Bangla National Stadium, Mirpur",1,18.3,Dhaka Dynamites,Rangpur Riders,Nasir Hossain,Mosaddek Hossain,Ziaur Rahman,2,0,,,,,,,,,
1063081,2016/17,2016-11-30,"Shere Bangla National Stadium, Mirpur",1,18.4,Dhaka Dynamites,Rangpur Riders,Nasir Hossain,Mosaddek Hossain,Ziaur Rahman,0,0,,,,,,,,,
1063081,2016/17,2016-11-30,"Shere Bangla National Stadium, Mirpur",1,18.5,Dhaka Dynamites,Rangpur Riders,Nasir Hossain,Mosaddek Hossain,Ziaur Rahman,1,0,,,,,,,,,
1063081,2016/17,2016-11-30,"Shere Bangla National Stadium, Mirpur",1,18.6,Dhaka Dynamites,Rangpur Riders,Mosaddek Hossain,Nasir Hossain,Ziaur Rahman,1,0,,,,,,,,,
1063081,2016/17,2016-11-30,"Shere Bangla National Stadium, Mirpur",1,19.1,Dhaka Dynamites,Rangpur Riders,Mosaddek Hossain,Nasir Hossain,Rubel Hossain,0,0,,,,,,,,,
1063081,2016/17,2016-11-30,"Shere Bangla National Stadium, Mirpur",1,19.2,Dhaka Dynamites,Rangpur Riders,Mosaddek Hossain,Nasir Hossain,Rubel Hossain,2,0,,,,,,,,,
1063081,2016/17,2016-11-30,"Shere Bangla National Stadium, Mirpur",1,19.3,Dhaka Dynamites,Rangpur Riders,Mosaddek Hossain,Nasir Hossain,Rubel Hossain,0,0,,,,,,,,,
1063081,2016/17,2016-11-30,"Shere Bangla National Stadium, Mirpur",1,19.4,Dhaka Dynamites,Rangpur Riders,Mosaddek Hossain,Nasir Hossain,Rubel Hossain,1,0,,,,,,,,,
1063081,2016/17,2016-11-30,"Shere Bangla National Stadium, Mirpur",1,19.5,Dhaka Dynamites,Rangpur Riders,Nasir Hossain,Mosaddek Hossain,Rubel Hossain,0,0,,,,,,caught,Nasir Hossain,,
1063081,2016/17,2016-11-30,"Shere Bangla National Stadium, Mirpur",1,19.6,Dhaka Dynamites,Rangpur Riders,Mosaddek Hossain,Sunzamul Islam,Rubel Hossain,4,0,,,,,,,,,
1063081,2016/17,2016-11-30,"Shere Bangla National Stadium, Mirpur",2,0.1,Rangpur Riders,Dhaka Dynamites,Nasir Jamshed,Shahid Afridi,Abu Jayed,1,0,,,,,,,,,
1063081,2016/17,2016-11-30,"Shere Bangla National Stadium, Mirpur",2,0.2,Rangpur Riders,Dhaka Dynamites,Shahid Afridi,Nasir Jamshed,Abu Jayed,0,0,,,,,,,,,
1063081,2016/17,2016-11-30,"Shere Bangla National Stadium, Mirpur",2,0.3,Rangpur Riders,Dhaka Dynamites,Shahid Afridi,Nasir Jamshed,Abu Jayed,0,0,,,,,,caught,Shahid Afridi,,
1063081,2016/17,2016-11-30,"Shere Bangla National Stadium, Mirpur",2,0.4,Rangpur Riders,Dhaka Dynamites,Nasir Jamshed,Mohammad Mithun,Abu Jayed,1,0,,,,,,,,,
1063081,2016/17,2016-11-30,"Shere Bangla National Stadium, Mirpur",2,0.5,Rangpur Riders,Dhaka Dynamites,Mohammad Mithun,Nasir Jamshed,Abu Jayed,0,0,,,,,,,,,
1063081,2016/17,2016-11-30,"Shere Bangla National Stadium, Mirpur",2,0.6,Rangpur Riders,Dhaka Dynamites,Mohammad Mithun,Nasir Jamshed,Abu Jayed,0,1,1,,,,,,,,
1063081,2016/17,2016-11-30,"Shere Bangla National Stadium, Mirpur",2,0.7,Rangpur Riders,Dhaka Dynamites,Mohammad Mithun,Nasir Jamshed,Abu Jayed,0,0,,,,,,,,,
1063081,2016/17,2016-11-30,"Shere Bangla National Stadium, Mirpur",2,1.1,Rangpur Riders,Dhaka Dynamites,Nasir Jamshed,Mohammad Mithun,AD Russell,0,0,,,,,,,,,
1063081,2016/17,2016-11-30,"Shere Bangla National Stadium, Mirpur",2,1.2,Rangpur Riders,Dhaka Dynamites,Nasir Jamshed,Mohammad Mithun,AD Russell,4,0,,,,,,,,,
1063081,2016/17,2016-11-30,"Shere Bangla National Stadium, Mirpur",2,1.3,Rangpur Riders,Dhaka Dynamites,Nasir Jamshed,Mohammad Mithun,AD Russell,0,0,,,,,,,,,
1063081,2016/17,2016-11-30,"Shere Bangla National Stadium, Mirpur",2,1.4,Rangpur Riders,Dhaka Dynamites,Nasir Jamshed,Mohammad Mithun,AD Russell,1,0,,,,,,,,,
1063081,2016/17,2016-11-30,"Shere Bangla National Stadium, Mirpur",2,1.5,Rangpur Riders,Dhaka Dynamites,Mohammad Mithun,Nasir Jamshed,AD Russell,0,0,,,,,,,,,
1063081,2016/17,2016-11-30,"Shere Bangla National Stadium, Mirpur",2,1.6,Rangpur Riders,Dhaka Dynamites,Mohammad Mithun,Nasir Jamshed,AD Russell,1,0,,,,,,,,,
1063081,2016/17,2016-11-30,"Shere Bangla National Stadium, Mirpur",2,2.1,Rangpur Riders,Dhaka Dynamites,Mohammad Mithun,Nasir Jamshed,Abu Jayed,0,0,,,,,,caught,Mohammad Mithun,,
1063081,2016/17,2016-11-30,"Shere Bangla National Stadium, Mirpur",2,2.2,Rangpur Riders,Dhaka Dynamites,RJMGM Rupasinghe,Nasir Jamshed,Abu Jayed,0,0,,,,,,,,,
1063081,2016/17,2016-11-30,"Shere Bangla National Stadium, Mirpur",2,2.3,Rangpur Riders,Dhaka Dynamites,RJMGM Rupasinghe,Nasir Jamshed,Abu Jayed,1,0,,,,,,,,,
1063081,2016/17,2016-11-30,"Shere Bangla National Stadium, Mirpur",2,2.4,Rangpur Riders,Dhaka Dynamites,Nasir Jamshed,RJMGM Rupasinghe,Abu Jayed,0,0,,,,,,,,,
1063081,2016/17,2016-11-30,"Shere Bangla National Stadium, Mirpur",2,2.5,Rangpur Riders,Dhaka Dynamites,Nasir Jamshed,RJMGM Rupasinghe,Abu Jayed,0,1,,,,1,,,,,
1063081,2016/17,2016-11-30,"Shere Bangla National Stadium, Mirpur",2,2.6,Rangpur Riders,Dhaka Dynamites,RJMGM Rupasinghe,Nasir Jamshed,Abu Jayed,0,0,,,,,,,,,
1063081,2016/17,2016-11-30,"Shere Bangla National Stadium, Mirpur",2,3.1,Rangpur Riders,Dhaka Dynamites,Nasir Jamshed,RJMGM Rupasinghe,AD Russell,2,0,,,,,,,,,
1063081,2016/17,2016-11-30,"Shere Bangla National Stadium, Mirpur",2,3.2,Rangpur Riders,Dhaka Dynamites,Nasir Jamshed,RJMGM Rupasinghe,AD Russell,0,0,,,,,,,,,
1063081,2016/17,2016-11-30,"Shere Bangla National Stadium, Mirpur",2,3.3,Rangpur Riders,Dhaka Dynamites,Nasir Jamshed,RJMGM Rupasinghe,AD Russell,4,0,,,,,,,,,
1063081,2016/17,2016-11-30,"Shere Bangla National Stadium, Mirpur",2,3.4,Rangpur Riders,Dhaka Dynamites,Nasir Jamshed,RJMGM Rupasinghe,AD Russell,0,1,,,,1,,,,,
1063081,2016/17,2016-11-30,"Shere Bangla National Stadium, Mirpur",2,3.5,Rangpur Riders,Dhaka Dynamites,RJMGM Rupasinghe,Nasir Jamshed,AD Russell,0,0,,,,,,,,,
1063081,2016/17,2016-11-30,"Shere Bangla National Stadium, Mirpur",2,3.6,Rangpur Riders,Dhaka Dynamites,RJMGM Rupasinghe,Nasir Jamshed,AD Russell,0,0,,,,,,,,,
1063081,2016/17,2016-11-30,"Shere Bangla National Stadium, Mirpur",2,4.1,Rangpur Riders,Dhaka Dynamites,Nasir Jamshed,RJMGM Rupasinghe,DJ Bravo,0,0,,,,,,,,,
1063081,2016/17,2016-11-30,"Shere Bangla National Stadium, Mirpur",2,4.2,Rangpur Riders,Dhaka Dynamites,Nasir Jamshed,RJMGM Rupasinghe,DJ Bravo,4,0,,,,,,,,,
1063081,2016/17,2016-11-30,"Shere Bangla National Stadium, Mirpur",2,4.3,Rangpur Riders,Dhaka Dynamites,Nasir Jamshed,RJMGM Rupasinghe,DJ Bravo,1,0,,,,,,,,,
1063081,2016/17,2016-11-30,"Shere Bangla National Stadium, Mirpur",2,4.4,Rangpur Riders,Dhaka Dynamites,RJMGM Rupasinghe,Nasir Jamshed,DJ Bravo,6,0,,,,,,,,,
1063081,2016/17,2016-11-30,"Shere Bangla National Stadium, Mirpur",2,4.5,Rangpur Riders,Dhaka Dynamites,RJMGM Rupasinghe,Nasir Jamshed,DJ Bravo,1,0,,,,,,,,,
1063081,2016/17,2016-11-30,"Shere Bangla National Stadium, Mirpur",2,4.6,Rangpur Riders,Dhaka Dynamites,Nasir Jamshed,RJMGM Rupasinghe,DJ Bravo,1,0,,,,,,,,,
1063081,2016/17,2016-11-30,"Shere Bangla National Stadium, Mirpur",2,5.1,Rangpur Riders,Dhaka Dynamites,Nasir Jamshed,RJMGM Rupasinghe,Shakib Al Hasan,0,0,,,,,,,,,
1063081,2016/17,2016-11-30,"Shere Bangla National Stadium, Mirpur",2,5.2,Rangpur Riders,Dhaka Dynamites,Nasir Jamshed,RJMGM Rupasinghe,Shakib Al Hasan,0,0,,,,,,,,,
1063081,2016/17,2016-11-30,"Shere Bangla National Stadium, Mirpur",2,5.3,Rangpur Riders,Dhaka Dynamites,Nasir Jamshed,RJMGM Rupasinghe,Shakib Al Hasan,1,0,,,,,,,,,
1063081,2016/17,2016-11-30,"Shere Bangla National Stadium, Mirpur",2,5.4,Rangpur Riders,Dhaka Dynamites,RJMGM Rupasinghe,Nasir Jamshed,Shakib Al Hasan,0,0,,,,,,lbw,RJMGM Rupasinghe,,
1063081,2016/17,2016-11-30,"Shere Bangla National Stadium, Mirpur",2,5.5,Rangpur Riders,Dhaka Dynamites,LA Dawson,Nasir Jamshed,Shakib Al Hasan,1,0,,,,,,,,,
1063081,2016/17,2016-11-30,"Shere Bangla National Stadium, Mirpur",2,5.6,Rangpur Riders,Dhaka Dynamites,Nasir Jamshed,LA Dawson,Shakib Al Hasan,0,0,,,,,,,,,
1063081,2016/17,2016-11-30,"Shere Bangla National Stadium, Mirpur",2,6.1,Rangpur Riders,Dhaka Dynamites,LA Dawson,Nasir Jamshed,Mosaddek Hossain,1,0,,,,,,,,,
1063081,2016/17,2016-11-30,"Shere Bangla National Stadium, Mirpur",2,6.2,Rangpur Riders,Dhaka Dynamites,Nasir Jamshed,LA Dawson,Mosaddek Hossain,1,0,,,,,,,,,
1063081,2016/17,2016-11-30,"Shere Bangla National Stadium, Mirpur",2,6.3,Rangpur Riders,Dhaka Dynamites,LA Dawson,Nasir Jamshed,Mosaddek Hossain,6,0,,,,,,,,,
1063081,2016/17,2016-11-30,"Shere Bangla National Stadium, Mirpur",2,6.4,Rangpur Riders,Dhaka Dynamites,LA Dawson,Nasir Jamshed,Mosaddek Hossain,0,0,,,,,,,,,
1063081,2016/17,2016-11-30,"Shere Bangla National Stadium, Mirpur",2,6.5,Rangpur Riders,Dhaka Dynamites,LA Dawson,Nasir Jamshed,Mosaddek Hossain,0,0,,,,,,,,,
1063081,2016/17,2016-11-30,"Shere Bangla National Stadium, Mirpur",2,6.6,Rangpur Riders,Dhaka Dynamites,LA Dawson,Nasir Jamshed,Mosaddek Hossain,1,0,,,,,,,,,
1063081,2016/17,2016-11-30,"Shere Bangla National Stadium, Mirpur",2,7.1,Rangpur Riders,Dhaka Dynamites,LA Dawson,Nasir Jamshed,Shakib Al Hasan,1,0,,,,,,,,,
1063081,2016/17,2016-11-30,"Shere Bangla National Stadium, Mirpur",2,7.2,Rangpur Riders,Dhaka Dynamites,Nasir Jamshed,LA Dawson,Shakib Al Hasan,0,0,,,,,,caught,Nasir Jamshed,,
1063081,2016/17,2016-11-30,"Shere Bangla National Stadium, Mirpur",2,7.3,Rangpur Riders,Dhaka Dynamites,Ziaur Rahman,LA Dawson,Shakib Al Hasan,1,0,,,,,,,,,
1063081,2016/17,2016-11-30,"Shere Bangla National Stadium, Mirpur",2,7.4,Rangpur Riders,Dhaka Dynamites,LA Dawson,Ziaur Rahman,Shakib Al Hasan,1,0,,,,,,,,,
1063081,2016/17,2016-11-30,"Shere Bangla National Stadium, Mirpur",2,7.5,Rangpur Riders,Dhaka Dynamites,Ziaur Rahman,LA Dawson,Shakib Al Hasan,0,0,,,,,,,,,
1063081,2016/17,2016-11-30,"Shere Bangla National Stadium, Mirpur",2,7.6,Rangpur Riders,Dhaka Dynamites,Ziaur Rahman,LA Dawson,Shakib Al Hasan,0,0,,,,,,,,,
1063081,2016/17,2016-11-30,"Shere Bangla National Stadium, Mirpur",2,8.1,Rangpur Riders,Dhaka Dynamites,LA Dawson,Ziaur Rahman,S Prasanna,0,0,,,,,,,,,
1063081,2016/17,2016-11-30,"Shere Bangla National Stadium, Mirpur",2,8.2,Rangpur Riders,Dhaka Dynamites,LA Dawson,Ziaur Rahman,S Prasanna,0,0,,,,,,,,,
1063081,2016/17,2016-11-30,"Shere Bangla National Stadium, Mirpur",2,8.3,Rangpur Riders,Dhaka Dynamites,LA Dawson,Ziaur Rahman,S Prasanna,0,0,,,,,,bowled,LA Dawson,,
1063081,2016/17,2016-11-30,"Shere Bangla National Stadium, Mirpur",2,8.4,Rangpur Riders,Dhaka Dynamites,Soumya Sarkar,Ziaur Rahman,S Prasanna,1,0,,,,,,,,,
1063081,2016/17,2016-11-30,"Shere Bangla National Stadium, Mirpur",2,8.5,Rangpur Riders,Dhaka Dynamites,Ziaur Rahman,Soumya Sarkar,S Prasanna,0,0,,,,,,,,,
1063081,2016/17,2016-11-30,"Shere Bangla National Stadium, Mirpur",2,8.6,Rangpur Riders,Dhaka Dynamites,Ziaur Rahman,Soumya Sarkar,S Prasanna,0,0,,,,,,run out,Soumya Sarkar,,
1063081,2016/17,2016-11-30,"Shere Bangla National Stadium, Mirpur",2,9.1,Rangpur Riders,Dhaka Dynamites,Ziaur Rahman,Sohag Gazi,Shakib Al Hasan,0,0,,,,,,,,,
1063081,2016/17,2016-11-30,"Shere Bangla National Stadium, Mirpur",2,9.2,Rangpur Riders,Dhaka Dynamites,Ziaur Rahman,Sohag Gazi,Shakib Al Hasan,0,0,,,,,,,,,
1063081,2016/17,2016-11-30,"Shere Bangla National Stadium, Mirpur",2,9.3,Rangpur Riders,Dhaka Dynamites,Ziaur Rahman,Sohag Gazi,Shakib Al Hasan,0,0,,,,,,,,,
1063081,2016/17,2016-11-30,"Shere Bangla National Stadium, Mirpur",2,9.4,Rangpur Riders,Dhaka Dynamites,Ziaur Rahman,Sohag Gazi,Shakib Al Hasan,0,0,,,,,,,,,
1063081,2016/17,2016-11-30,"Shere Bangla National Stadium, Mirpur",2,9.5,Rangpur Riders,Dhaka Dynamites,Ziaur Rahman,Sohag Gazi,Shakib Al Hasan,1,0,,,,,,,,,
1063081,2016/17,2016-11-30,"Shere Bangla National Stadium, Mirpur",2,9.6,Rangpur Riders,Dhaka Dynamites,Sohag Gazi,Ziaur Rahman,Shakib Al Hasan,1,0,,,,,,,,,
1063081,2016/17,2016-11-30,"Shere Bangla National Stadium, Mirpur",2,10.1,Rangpur Riders,Dhaka Dynamites,Sohag Gazi,Ziaur Rahman,S Prasanna,0,0,,,,,,,,,
1063081,2016/17,2016-11-30,"Shere Bangla National Stadium, Mirpur",2,10.2,Rangpur Riders,Dhaka Dynamites,Sohag Gazi,Ziaur Rahman,S Prasanna,2,0,,,,,,,,,
1063081,2016/17,2016-11-30,"Shere Bangla National Stadium, Mirpur",2,10.3,Rangpur Riders,Dhaka Dynamites,Sohag Gazi,Ziaur Rahman,S Prasanna,0,0,,,,,,,,,
1063081,2016/17,2016-11-30,"Shere Bangla National Stadium, Mirpur",2,10.4,Rangpur Riders,Dhaka Dynamites,Sohag Gazi,Ziaur Rahman,S Prasanna,1,0,,,,,,,,,
1063081,2016/17,2016-11-30,"Shere Bangla National Stadium, Mirpur",2,10.5,Rangpur Riders,Dhaka Dynamites,Ziaur Rahman,Sohag Gazi,S Prasanna,1,0,,,,,,,,,
1063081,2016/17,2016-11-30,"Shere Bangla National Stadium, Mirpur",2,10.6,Rangpur Riders,Dhaka Dynamites,Sohag Gazi,Ziaur Rahman,S Prasanna,0,0,,,,,,,,,
1063081,2016/17,2016-11-30,"Shere Bangla National Stadium, Mirpur",2,11.1,Rangpur Riders,Dhaka Dynamites,Ziaur Rahman,Sohag Gazi,Shakib Al Hasan,0,0,,,,,,,,,
1063081,2016/17,2016-11-30,"Shere Bangla National Stadium, Mirpur",2,11.2,Rangpur Riders,Dhaka Dynamites,Ziaur Rahman,Sohag Gazi,Shakib Al Hasan,1,0,,,,,,,,,
1063081,2016/17,2016-11-30,"Shere Bangla National Stadium, Mirpur",2,11.3,Rangpur Riders,Dhaka Dynamites,Sohag Gazi,Ziaur Rahman,Shakib Al Hasan,1,0,,,,,,,,,
1063081,2016/17,2016-11-30,"Shere Bangla National Stadium, Mirpur",2,11.4,Rangpur Riders,Dhaka Dynamites,Ziaur Rahman,Sohag Gazi,Shakib Al Hasan,0,0,,,,,,,,,
1063081,2016/17,2016-11-30,"Shere Bangla National Stadium, Mirpur",2,11.5,Rangpur Riders,Dhaka Dynamites,Ziaur Rahman,Sohag Gazi,Shakib Al Hasan,1,0,,,,,,,,,
1063081,2016/17,2016-11-30,"Shere Bangla National Stadium, Mirpur",2,11.6,Rangpur Riders,Dhaka Dynamites,Sohag Gazi,Ziaur Rahman,Shakib Al Hasan,1,0,,,,,,,,,
1063081,2016/17,2016-11-30,"Shere Bangla National Stadium, Mirpur",2,12.1,Rangpur Riders,Dhaka Dynamites,Sohag Gazi,Ziaur Rahman,S Prasanna,6,0,,,,,,,,,
1063081,2016/17,2016-11-30,"Shere Bangla National Stadium, Mirpur",2,12.2,Rangpur Riders,Dhaka Dynamites,Sohag Gazi,Ziaur Rahman,S Prasanna,3,0,,,,,,,,,
1063081,2016/17,2016-11-30,"Shere Bangla National Stadium, Mirpur",2,12.3,Rangpur Riders,Dhaka Dynamites,Ziaur Rahman,Sohag Gazi,S Prasanna,6,0,,,,,,,,,
1063081,2016/17,2016-11-30,"Shere Bangla National Stadium, Mirpur",2,12.4,Rangpur Riders,Dhaka Dynamites,Ziaur Rahman,Sohag Gazi,S Prasanna,4,0,,,,,,,,,
1063081,2016/17,2016-11-30,"Shere Bangla National Stadium, Mirpur",2,12.5,Rangpur Riders,Dhaka Dynamites,Ziaur Rahman,Sohag Gazi,S Prasanna,4,0,,,,,,,,,
1063081,2016/17,2016-11-30,"Shere Bangla National Stadium, Mirpur",2,12.6,Rangpur Riders,Dhaka Dynamites,Ziaur Rahman,Sohag Gazi,S Prasanna,0,0,,,,,,,,,
1063081,2016/17,2016-11-30,"Shere Bangla National Stadium, Mirpur",2,13.1,Rangpur Riders,Dhaka Dynamites,Sohag Gazi,Ziaur Rahman,Abu Jayed,0,0,,,,,,,,,
1063081,2016/17,2016-11-30,"Shere Bangla National Stadium, Mirpur",2,13.2,Rangpur Riders,Dhaka Dynamites,Sohag Gazi,Ziaur Rahman,Abu Jayed,0,0,,,,,,,,,
1063081,2016/17,2016-11-30,"Shere Bangla National Stadium, Mirpur",2,13.3,Rangpur Riders,Dhaka Dynamites,Sohag Gazi,Ziaur Rahman,Abu Jayed,4,0,,,,,,,,,
1063081,2016/17,2016-11-30,"Shere Bangla National Stadium, Mirpur",2,13.4,Rangpur Riders,Dhaka Dynamites,Sohag Gazi,Ziaur Rahman,Abu Jayed,2,0,,,,,,,,,
1063081,2016/17,2016-11-30,"Shere Bangla National Stadium, Mirpur",2,13.5,Rangpur Riders,Dhaka Dynamites,Sohag Gazi,Ziaur Rahman,Abu Jayed,4,0,,,,,,,,,
1063081,2016/17,2016-11-30,"Shere Bangla National Stadium, Mirpur",2,13.6,Rangpur Riders,Dhaka Dynamites,Sohag Gazi,Ziaur Rahman,Abu Jayed,0,0,,,,,,,,,
1063081,2016/17,2016-11-30,"Shere Bangla National Stadium, Mirpur",2,14.1,Rangpur Riders,Dhaka Dynamites,Ziaur Rahman,Sohag Gazi,DJ Bravo,1,0,,,,,,,,,
1063081,2016/17,2016-11-30,"Shere Bangla National Stadium, Mirpur",2,14.2,Rangpur Riders,Dhaka Dynamites,Sohag Gazi,Ziaur Rahman,DJ Bravo,0,0,,,,,,,,,
1063081,2016/17,2016-11-30,"Shere Bangla National Stadium, Mirpur",2,14.3,Rangpur Riders,Dhaka Dynamites,Sohag Gazi,Ziaur Rahman,DJ Bravo,1,0,,,,,,,,,
1063081,2016/17,2016-11-30,"Shere Bangla National Stadium, Mirpur",2,14.4,Rangpur Riders,Dhaka Dynamites,Ziaur Rahman,Sohag Gazi,DJ Bravo,0,0,,,,,,,,,
1063081,2016/17,2016-11-30,"Shere Bangla National Stadium, Mirpur",2,14.5,Rangpur Riders,Dhaka Dynamites,Ziaur Rahman,Sohag Gazi,DJ Bravo,1,0,,,,,,,,,
1063081,2016/17,2016-11-30,"Shere Bangla National Stadium, Mirpur",2,14.6,Rangpur Riders,Dhaka Dynamites,Sohag Gazi,Ziaur Rahman,DJ Bravo,4,0,,,,,,,,,
1063081,2016/17,2016-11-30,"Shere Bangla National Stadium, Mirpur",2,15.1,Rangpur Riders,Dhaka Dynamites,Ziaur Rahman,Sohag Gazi,AD Russell,0,0,,,,,,,,,
1063081,2016/17,2016-11-30,"Shere Bangla National Stadium, Mirpur",2,15.2,Rangpur Riders,Dhaka Dynamites,Ziaur Rahman,Sohag Gazi,AD Russell,0,0,,,,,,,,,
1063081,2016/17,2016-11-30,"Shere Bangla National Stadium, Mirpur",2,15.3,Rangpur Riders,Dhaka Dynamites,Ziaur Rahman,Sohag Gazi,AD Russell,4,0,,,,,,,,,
1063081,2016/17,2016-11-30,"Shere Bangla National Stadium, Mirpur",2,15.4,Rangpur Riders,Dhaka Dynamites,Ziaur Rahman,Sohag Gazi,AD Russell,1,0,,,,,,,,,
1063081,2016/17,2016-11-30,"Shere Bangla National Stadium, Mirpur",2,15.5,Rangpur Riders,Dhaka Dynamites,Sohag Gazi,Ziaur Rahman,AD Russell,0,1,,1,,,,,,,
1063081,2016/17,2016-11-30,"Shere Bangla National Stadium, Mirpur",2,15.6,Rangpur Riders,Dhaka Dynamites,Sohag Gazi,Ziaur Rahman,AD Russell,1,0,,,,,,,,,
1063081,2016/17,2016-11-30,"Shere Bangla National Stadium, Mirpur",2,15.7,Rangpur Riders,Dhaka Dynamites,Ziaur Rahman,Sohag Gazi,AD Russell,1,0,,,,,,,,,
1063081,2016/17,2016-11-30,"Shere Bangla National Stadium, Mirpur",2,16.1,Rangpur Riders,Dhaka Dynamites,Ziaur Rahman,Sohag Gazi,DJ Bravo,1,0,,,,,,,,,
1063081,2016/17,2016-11-30,"Shere Bangla National Stadium, Mirpur",2,16.2,Rangpur Riders,Dhaka Dynamites,Sohag Gazi,Ziaur Rahman,DJ Bravo,1,0,,,,,,,,,
1063081,2016/17,2016-11-30,"Shere Bangla National Stadium, Mirpur",2,16.3,Rangpur Riders,Dhaka Dynamites,Ziaur Rahman,Sohag Gazi,DJ Bravo,4,0,,,,,,,,,
1063081,2016/17,2016-11-30,"Shere Bangla National Stadium, Mirpur",2,16.4,Rangpur Riders,Dhaka Dynamites,Ziaur Rahman,Sohag Gazi,DJ Bravo,6,0,,,,,,,,,
1063081,2016/17,2016-11-30,"Shere Bangla National Stadium, Mirpur",2,16.5,Rangpur Riders,Dhaka Dynamites,Ziaur Rahman,Sohag Gazi,DJ Bravo,0,0,,,,,,,,,
1063081,2016/17,2016-11-30,"Shere Bangla National Stadium, Mirpur",2,16.6,Rangpur Riders,Dhaka Dynamites,Ziaur Rahman,Sohag Gazi,DJ Bravo,2,0,,,,,,,,,
1063081,2016/17,2016-11-30,"Shere Bangla National Stadium, Mirpur",2,17.1,Rangpur Riders,Dhaka Dynamites,Sohag Gazi,Ziaur Rahman,AD Russell,1,0,,,,,,,,,
1063081,2016/17,2016-11-30,"Shere Bangla National Stadium, Mirpur",2,17.2,Rangpur Riders,Dhaka Dynamites,Ziaur Rahman,Sohag Gazi,AD Russell,1,0,,,,,,,,,
1063081,2016/17,2016-11-30,"Shere Bangla National Stadium, Mirpur",2,17.3,Rangpur Riders,Dhaka Dynamites,Sohag Gazi,Ziaur Rahman,AD Russell,1,0,,,,,,,,,
1063081,2016/17,2016-11-30,"Shere Bangla National Stadium, Mirpur",2,17.4,Rangpur Riders,Dhaka Dynamites,Ziaur Rahman,Sohag Gazi,AD Russell,4,0,,,,,,,,,
1063081,2016/17,2016-11-30,"Shere Bangla National Stadium, Mirpur",2,17.5,Rangpur Riders,Dhaka Dynamites,Ziaur Rahman,Sohag Gazi,AD Russell,4,0,,,,,,,,,
1063081,2016/17,2016-11-30,"Shere Bangla National Stadium, Mirpur",2,17.6,Rangpur Riders,Dhaka Dynamites,Ziaur Rahman,Sohag Gazi,AD Russell,2,0,,,,,,,,,
1063081,2016/17,2016-11-30,"Shere Bangla National Stadium, Mirpur",2,18.1,Rangpur Riders,Dhaka Dynamites,Sohag Gazi,Ziaur Rahman,DJ Bravo,2,0,,,,,,,,,
1063081,2016/17,2016-11-30,"Shere Bangla National Stadium, Mirpur",2,18.2,Rangpur Riders,Dhaka Dynamites,Sohag Gazi,Ziaur Rahman,DJ Bravo,0,0,,,,,,caught,Sohag Gazi,,
1063081,2016/17,2016-11-30,"Shere Bangla National Stadium, Mirpur",2,18.3,Rangpur Riders,Dhaka Dynamites,Ziaur Rahman,Muktar Ali,DJ Bravo,6,0,,,,,,,,,
1063081,2016/17,2016-11-30,"Shere Bangla National Stadium, Mirpur",2,18.4,Rangpur Riders,Dhaka Dynamites,Ziaur Rahman,Muktar Ali,DJ Bravo,0,0,,,,,,,,,
1063081,2016/17,2016-11-30,"Shere Bangla National Stadium, Mirpur",2,18.5,Rangpur Riders,Dhaka Dynamites,Ziaur Rahman,Muktar Ali,DJ Bravo,0,0,,,,,,,,,
1063081,2016/17,2016-11-30,"Shere Bangla National Stadium, Mirpur",2,18.6,Rangpur Riders,Dhaka Dynamites,Ziaur Rahman,Muktar Ali,DJ Bravo,1,0,,,,,,,,,
1063081,2016/17,2016-11-30,"Shere Bangla National Stadium, Mirpur",2,19.1,Rangpur Riders,Dhaka Dynamites,Ziaur Rahman,Muktar Ali,Abu Jayed,1,0,,,,,,,,,
1063081,2016/17,2016-11-30,"Shere Bangla National Stadium, Mirpur",2,19.2,Rangpur Riders,Dhaka Dynamites,Muktar Ali,Ziaur Rahman,Abu Jayed,2,0,,,,,,,,,
1063081,2016/17,2016-11-30,"Shere Bangla National Stadium, Mirpur",2,19.3,Rangpur Riders,Dhaka Dynamites,Muktar Ali,Ziaur Rahman,Abu Jayed,1,0,,,,,,,,,
1063081,2016/17,2016-11-30,"Shere Bangla National Stadium, Mirpur",2,19.4,Rangpur Riders,Dhaka Dynamites,Ziaur Rahman,Muktar Ali,Abu Jayed,1,0,,,,,,,,,
1063081,2016/17,2016-11-30,"Shere Bangla National Stadium, Mirpur",2,19.5,Rangpur Riders,Dhaka Dynamites,Muktar Ali,Ziaur Rahman,Abu Jayed,1,0,,,,,,,,,
1063081,2016/17,2016-11-30,"Shere Bangla National Stadium, Mirpur",2,19.6,Rangpur Riders,Dhaka Dynamites,Ziaur Rahman,Muktar Ali,Abu Jayed,0,0,,,,,,bowled,Ziaur Rahman,,
