match_id,season,start_date,venue,innings,ball,batting_team,bowling_team,striker,non_striker,bowler,runs_off_bat,extras,wides,noballs,byes,legbyes,penalty,wicket_type,player_dismissed,other_wicket_type,other_player_dismissed
1063051,2016/17,2016-11-28,"Shere Bangla National Stadium, Mirpur",1,0.1,Rajshahi Kings,Rangpur Riders,Mominul Haque,Junaid Siddique,Sohag Gazi,0,0,,,,,,,,,
1063051,2016/17,2016-11-28,"Shere Bangla National Stadium, Mirpur",1,0.2,Rajshahi Kings,Rangpur Riders,Mominul Haque,Junaid Siddique,Sohag Gazi,0,0,,,,,,,,,
1063051,2016/17,2016-11-28,"Shere Bangla National Stadium, Mirpur",1,0.3,Rajshahi Kings,Rangpur Riders,Mominul Haque,Junaid Siddique,Sohag Gazi,0,0,,,,,,,,,
1063051,2016/17,2016-11-28,"Shere Bangla National Stadium, Mirpur",1,0.4,Rajshahi Kings,Rangpur Riders,Mominul Haque,Junaid Siddique,Sohag Gazi,0,0,,,,,,,,,
1063051,2016/17,2016-11-28,"Shere Bangla National Stadium, Mirpur",1,0.5,Rajshahi Kings,Rangpur Riders,Mominul Haque,Junaid Siddique,Sohag Gazi,0,0,,,,,,,,,
1063051,2016/17,2016-11-28,"Shere Bangla National Stadium, Mirpur",1,0.6,Rajshahi Kings,Rangpur Riders,Mominul Haque,Junaid Siddique,Sohag Gazi,0,0,,,,,,,,,
1063051,2016/17,2016-11-28,"Shere Bangla National Stadium, Mirpur",1,1.1,Rajshahi Kings,Rangpur Riders,Junaid Siddique,Mominul Haque,Rubel Hossain,2,0,,,,,,,,,
1063051,2016/17,2016-11-28,"Shere Bangla National Stadium, Mirpur",1,1.2,Rajshahi Kings,Rangpur Riders,Junaid Siddique,Mominul Haque,Rubel Hossain,0,0,,,,,,,,,
1063051,2016/17,2016-11-28,"Shere Bangla National Stadium, Mirpur",1,1.3,Rajshahi Kings,Rangpur Riders,Junaid Siddique,Mominul Haque,Rubel Hossain,0,0,,,,,,,,,
1063051,2016/17,2016-11-28,"Shere Bangla National Stadium, Mirpur",1,1.4,Rajshahi Kings,Rangpur Riders,Junaid Siddique,Mominul Haque,Rubel Hossain,0,0,,,,,,caught,Junaid Siddique,,
1063051,2016/17,2016-11-28,"Shere Bangla National Stadium, Mirpur",1,1.5,Rajshahi Kings,Rangpur Riders,Sabbir Rahman,Mominul Haque,Rubel Hossain,0,0,,,,,,,,,
1063051,2016/17,2016-11-28,"Shere Bangla National Stadium, Mirpur",1,1.6,Rajshahi Kings,Rangpur Riders,Sabbir Rahman,Mominul Haque,Rubel Hossain,0,0,,,,,,,,,
1063051,2016/17,2016-11-28,"Shere Bangla National Stadium, Mirpur",1,2.1,Rajshahi Kings,Rangpur Riders,Mominul Haque,Sabbir Rahman,Sohag Gazi,3,0,,,,,,,,,
1063051,2016/17,2016-11-28,"Shere Bangla National Stadium, Mirpur",1,2.2,Rajshahi Kings,Rangpur Riders,Sabbir Rahman,Mominul Haque,Sohag Gazi,0,0,,,,,,,,,
1063051,2016/17,2016-11-28,"Shere Bangla National Stadium, Mirpur",1,2.3,Rajshahi Kings,Rangpur Riders,Sabbir Rahman,Mominul Haque,Sohag Gazi,0,2,2,,,,,,,,
1063051,2016/17,2016-11-28,"Shere Bangla National Stadium, Mirpur",1,2.4,Rajshahi Kings,Rangpur Riders,Mominul Haque,Sabbir Rahman,Sohag Gazi,0,0,,,,,,,,,
1063051,2016/17,2016-11-28,"Shere Bangla National Stadium, Mirpur",1,2.5,Rajshahi Kings,Rangpur Riders,Mominul Haque,Sabbir Rahman,Sohag Gazi,1,0,,,,,,,,,
1063051,2016/17,2016-11-28,"Shere Bangla National Stadium, Mirpur",1,2.6,Rajshahi Kings,Rangpur Riders,Sabbir Rahman,Mominul Haque,Sohag Gazi,0,0,,,,,,,,,
1063051,2016/17,2016-11-28,"Shere Bangla National Stadium, Mirpur",1,2.7,Rajshahi Kings,Rangpur Riders,Sabbir Rahman,Mominul Haque,Sohag Gazi,4,0,,,,,,,,,
1063051,2016/17,2016-11-28,"Shere Bangla National Stadium, Mirpur",1,3.1,Rajshahi Kings,Rangpur Riders,Mominul Haque,Sabbir Rahman,Rubel Hossain,1,0,,,,,,,,,
1063051,2016/17,2016-11-28,"Shere Bangla National Stadium, Mirpur",1,3.2,Rajshahi Kings,Rangpur Riders,Sabbir Rahman,Mominul Haque,Rubel Hossain,0,0,,,,,,,,,
1063051,2016/17,2016-11-28,"Shere Bangla National Stadium, Mirpur",1,3.3,Rajshahi Kings,Rangpur Riders,Sabbir Rahman,Mominul Haque,Rubel Hossain,2,0,,,,,,,,,
1063051,2016/17,2016-11-28,"Shere Bangla National Stadium, Mirpur",1,3.4,Rajshahi Kings,Rangpur Riders,Sabbir Rahman,Mominul Haque,Rubel Hossain,4,0,,,,,,,,,
1063051,2016/17,2016-11-28,"Shere Bangla National Stadium, Mirpur",1,3.5,Rajshahi Kings,Rangpur Riders,Sabbir Rahman,Mominul Haque,Rubel Hossain,0,0,,,,,,,,,
1063051,2016/17,2016-11-28,"Shere Bangla National Stadium, Mirpur",1,3.6,Rajshahi Kings,Rangpur Riders,Sabbir Rahman,Mominul Haque,Rubel Hossain,1,0,,,,,,,,,
1063051,2016/17,2016-11-28,"Shere Bangla National Stadium, Mirpur",1,4.1,Rajshahi Kings,Rangpur Riders,Sabbir Rahman,Mominul Haque,Arafat Sunny,1,0,,,,,,,,,
1063051,2016/17,2016-11-28,"Shere Bangla National Stadium, Mirpur",1,4.2,Rajshahi Kings,Rangpur Riders,Mominul Haque,Sabbir Rahman,Arafat Sunny,4,0,,,,,,,,,
1063051,2016/17,2016-11-28,"Shere Bangla National Stadium, Mirpur",1,4.3,Rajshahi Kings,Rangpur Riders,Mominul Haque,Sabbir Rahman,Arafat Sunny,0,0,,,,,,caught and bowled,Mominul Haque,,
1063051,2016/17,2016-11-28,"Shere Bangla National Stadium, Mirpur",1,4.4,Rajshahi Kings,Rangpur Riders,SR Patel,Sabbir Rahman,Arafat Sunny,0,0,,,,,,,,,
1063051,2016/17,2016-11-28,"Shere Bangla National Stadium, Mirpur",1,4.5,Rajshahi Kings,Rangpur Riders,SR Patel,Sabbir Rahman,Arafat Sunny,2,0,,,,,,,,,
1063051,2016/17,2016-11-28,"Shere Bangla National Stadium, Mirpur",1,4.6,Rajshahi Kings,Rangpur Riders,SR Patel,Sabbir Rahman,Arafat Sunny,0,0,,,,,,caught,SR Patel,,
1063051,2016/17,2016-11-28,"Shere Bangla National Stadium, Mirpur",1,5.1,Rajshahi Kings,Rangpur Riders,Sabbir Rahman,Abul Hasan,Shahid Afridi,1,0,,,,,,,,,
1063051,2016/17,2016-11-28,"Shere Bangla National Stadium, Mirpur",1,5.2,Rajshahi Kings,Rangpur Riders,Abul Hasan,Sabbir Rahman,Shahid Afridi,0,0,,,,,,,,,
1063051,2016/17,2016-11-28,"Shere Bangla National Stadium, Mirpur",1,5.3,Rajshahi Kings,Rangpur Riders,Abul Hasan,Sabbir Rahman,Shahid Afridi,0,0,,,,,,,,,
1063051,2016/17,2016-11-28,"Shere Bangla National Stadium, Mirpur",1,5.4,Rajshahi Kings,Rangpur Riders,Abul Hasan,Sabbir Rahman,Shahid Afridi,0,1,,,,1,,,,,
1063051,2016/17,2016-11-28,"Shere Bangla National Stadium, Mirpur",1,5.5,Rajshahi Kings,Rangpur Riders,Sabbir Rahman,Abul Hasan,Shahid Afridi,0,0,,,,,,,,,
1063051,2016/17,2016-11-28,"Shere Bangla National Stadium, Mirpur",1,5.6,Rajshahi Kings,Rangpur Riders,Sabbir Rahman,Abul Hasan,Shahid Afridi,0,0,,,,,,,,,
1063051,2016/17,2016-11-28,"Shere Bangla National Stadium, Mirpur",1,6.1,Rajshahi Kings,Rangpur Riders,Abul Hasan,Sabbir Rahman,Arafat Sunny,2,0,,,,,,,,,
1063051,2016/17,2016-11-28,"Shere Bangla National Stadium, Mirpur",1,6.2,Rajshahi Kings,Rangpur Riders,Abul Hasan,Sabbir Rahman,Arafat Sunny,0,2,,,,2,,,,,
1063051,2016/17,2016-11-28,"Shere Bangla National Stadium, Mirpur",1,6.3,Rajshahi Kings,Rangpur Riders,Abul Hasan,Sabbir Rahman,Arafat Sunny,0,0,,,,,,caught,Abul Hasan,,
1063051,2016/17,2016-11-28,"Shere Bangla National Stadium, Mirpur",1,6.4,Rajshahi Kings,Rangpur Riders,Umar Akmal,Sabbir Rahman,Arafat Sunny,1,0,,,,,,,,,
1063051,2016/17,2016-11-28,"Shere Bangla National Stadium, Mirpur",1,6.5,Rajshahi Kings,Rangpur Riders,Sabbir Rahman,Umar Akmal,Arafat Sunny,0,0,,,,,,,,,
1063051,2016/17,2016-11-28,"Shere Bangla National Stadium, Mirpur",1,6.6,Rajshahi Kings,Rangpur Riders,Sabbir Rahman,Umar Akmal,Arafat Sunny,2,0,,,,,,,,,
1063051,2016/17,2016-11-28,"Shere Bangla National Stadium, Mirpur",1,7.1,Rajshahi Kings,Rangpur Riders,Umar Akmal,Sabbir Rahman,Shahid Afridi,0,0,,,,,,,,,
1063051,2016/17,2016-11-28,"Shere Bangla National Stadium, Mirpur",1,7.2,Rajshahi Kings,Rangpur Riders,Umar Akmal,Sabbir Rahman,Shahid Afridi,0,0,,,,,,,,,
1063051,2016/17,2016-11-28,"Shere Bangla National Stadium, Mirpur",1,7.3,Rajshahi Kings,Rangpur Riders,Umar Akmal,Sabbir Rahman,Shahid Afridi,0,0,,,,,,bowled,Umar Akmal,,
1063051,2016/17,2016-11-28,"Shere Bangla National Stadium, Mirpur",1,7.4,Rajshahi Kings,Rangpur Riders,DJG Sammy,Sabbir Rahman,Shahid Afridi,0,0,,,,,,,,,
1063051,2016/17,2016-11-28,"Shere Bangla National Stadium, Mirpur",1,7.5,Rajshahi Kings,Rangpur Riders,DJG Sammy,Sabbir Rahman,Shahid Afridi,1,0,,,,,,,,,
1063051,2016/17,2016-11-28,"Shere Bangla National Stadium, Mirpur",1,7.6,Rajshahi Kings,Rangpur Riders,Sabbir Rahman,DJG Sammy,Shahid Afridi,0,0,,,,,,,,,
1063051,2016/17,2016-11-28,"Shere Bangla National Stadium, Mirpur",1,8.1,Rajshahi Kings,Rangpur Riders,DJG Sammy,Sabbir Rahman,LA Dawson,0,0,,,,,,,,,
1063051,2016/17,2016-11-28,"Shere Bangla National Stadium, Mirpur",1,8.2,Rajshahi Kings,Rangpur Riders,DJG Sammy,Sabbir Rahman,LA Dawson,4,0,,,,,,,,,
1063051,2016/17,2016-11-28,"Shere Bangla National Stadium, Mirpur",1,8.3,Rajshahi Kings,Rangpur Riders,DJG Sammy,Sabbir Rahman,LA Dawson,0,0,,,,,,,,,
1063051,2016/17,2016-11-28,"Shere Bangla National Stadium, Mirpur",1,8.4,Rajshahi Kings,Rangpur Riders,DJG Sammy,Sabbir Rahman,LA Dawson,0,0,,,,,,bowled,DJG Sammy,,
1063051,2016/17,2016-11-28,"Shere Bangla National Stadium, Mirpur",1,8.5,Rajshahi Kings,Rangpur Riders,Mehedi Hasan Miraz,Sabbir Rahman,LA Dawson,1,0,,,,,,,,,
1063051,2016/17,2016-11-28,"Shere Bangla National Stadium, Mirpur",1,8.6,Rajshahi Kings,Rangpur Riders,Sabbir Rahman,Mehedi Hasan Miraz,LA Dawson,1,0,,,,,,,,,
1063051,2016/17,2016-11-28,"Shere Bangla National Stadium, Mirpur",1,9.1,Rajshahi Kings,Rangpur Riders,Sabbir Rahman,Mehedi Hasan Miraz,Shahid Afridi,0,0,,,,,,,,,
1063051,2016/17,2016-11-28,"Shere Bangla National Stadium, Mirpur",1,9.2,Rajshahi Kings,Rangpur Riders,Sabbir Rahman,Mehedi Hasan Miraz,Shahid Afridi,0,0,,,,,,caught and bowled,Sabbir Rahman,,
1063051,2016/17,2016-11-28,"Shere Bangla National Stadium, Mirpur",1,9.3,Rajshahi Kings,Rangpur Riders,Farhad Reza,Mehedi Hasan Miraz,Shahid Afridi,1,0,,,,,,,,,
1063051,2016/17,2016-11-28,"Shere Bangla National Stadium, Mirpur",1,9.4,Rajshahi Kings,Rangpur Riders,Mehedi Hasan Miraz,Farhad Reza,Shahid Afridi,1,0,,,,,,,,,
1063051,2016/17,2016-11-28,"Shere Bangla National Stadium, Mirpur",1,9.5,Rajshahi Kings,Rangpur Riders,Farhad Reza,Mehedi Hasan Miraz,Shahid Afridi,1,0,,,,,,,,,
1063051,2016/17,2016-11-28,"Shere Bangla National Stadium, Mirpur",1,9.6,Rajshahi Kings,Rangpur Riders,Mehedi Hasan Miraz,Farhad Reza,Shahid Afridi,4,0,,,,,,,,,
1063051,2016/17,2016-11-28,"Shere Bangla National Stadium, Mirpur",1,10.1,Rajshahi Kings,Rangpur Riders,Farhad Reza,Mehedi Hasan Miraz,LA Dawson,1,0,,,,,,,,,
1063051,2016/17,2016-11-28,"Shere Bangla National Stadium, Mirpur",1,10.2,Rajshahi Kings,Rangpur Riders,Mehedi Hasan Miraz,Farhad Reza,LA Dawson,0,0,,,,,,,,,
1063051,2016/17,2016-11-28,"Shere Bangla National Stadium, Mirpur",1,10.3,Rajshahi Kings,Rangpur Riders,Mehedi Hasan Miraz,Farhad Reza,LA Dawson,1,0,,,,,,,,,
1063051,2016/17,2016-11-28,"Shere Bangla National Stadium, Mirpur",1,10.4,Rajshahi Kings,Rangpur Riders,Farhad Reza,Mehedi Hasan Miraz,LA Dawson,0,0,,,,,,,,,
1063051,2016/17,2016-11-28,"Shere Bangla National Stadium, Mirpur",1,10.5,Rajshahi Kings,Rangpur Riders,Farhad Reza,Mehedi Hasan Miraz,LA Dawson,0,0,,,,,,,,,
1063051,2016/17,2016-11-28,"Shere Bangla National Stadium, Mirpur",1,10.6,Rajshahi Kings,Rangpur Riders,Farhad Reza,Mehedi Hasan Miraz,LA Dawson,1,0,,,,,,,,,
1063051,2016/17,2016-11-28,"Shere Bangla National Stadium, Mirpur",1,11.1,Rajshahi Kings,Rangpur Riders,Farhad Reza,Mehedi Hasan Miraz,Shahid Afridi,0,0,,,,,,,,,
1063051,2016/17,2016-11-28,"Shere Bangla National Stadium, Mirpur",1,11.2,Rajshahi Kings,Rangpur Riders,Farhad Reza,Mehedi Hasan Miraz,Shahid Afridi,0,0,,,,,,,,,
1063051,2016/17,2016-11-28,"Shere Bangla National Stadium, Mirpur",1,11.3,Rajshahi Kings,Rangpur Riders,Farhad Reza,Mehedi Hasan Miraz,Shahid Afridi,0,1,,,,1,,,,,
1063051,2016/17,2016-11-28,"Shere Bangla National Stadium, Mirpur",1,11.4,Rajshahi Kings,Rangpur Riders,Mehedi Hasan Miraz,Farhad Reza,Shahid Afridi,0,0,,,,,,,,,
1063051,2016/17,2016-11-28,"Shere Bangla National Stadium, Mirpur",1,11.5,Rajshahi Kings,Rangpur Riders,Mehedi Hasan Miraz,Farhad Reza,Shahid Afridi,0,0,,,,,,,,,
1063051,2016/17,2016-11-28,"Shere Bangla National Stadium, Mirpur",1,11.6,Rajshahi Kings,Rangpur Riders,Mehedi Hasan Miraz,Farhad Reza,Shahid Afridi,1,0,,,,,,,,,
1063051,2016/17,2016-11-28,"Shere Bangla National Stadium, Mirpur",1,12.1,Rajshahi Kings,Rangpur Riders,Mehedi Hasan Miraz,Farhad Reza,LA Dawson,1,0,,,,,,,,,
1063051,2016/17,2016-11-28,"Shere Bangla National Stadium, Mirpur",1,12.2,Rajshahi Kings,Rangpur Riders,Farhad Reza,Mehedi Hasan Miraz,LA Dawson,2,0,,,,,,,,,
1063051,2016/17,2016-11-28,"Shere Bangla National Stadium, Mirpur",1,12.3,Rajshahi Kings,Rangpur Riders,Farhad Reza,Mehedi Hasan Miraz,LA Dawson,1,0,,,,,,,,,
1063051,2016/17,2016-11-28,"Shere Bangla National Stadium, Mirpur",1,12.4,Rajshahi Kings,Rangpur Riders,Mehedi Hasan Miraz,Farhad Reza,LA Dawson,1,0,,,,,,,,,
1063051,2016/17,2016-11-28,"Shere Bangla National Stadium, Mirpur",1,12.5,Rajshahi Kings,Rangpur Riders,Farhad Reza,Mehedi Hasan Miraz,LA Dawson,1,0,,,,,,,,,
1063051,2016/17,2016-11-28,"Shere Bangla National Stadium, Mirpur",1,12.6,Rajshahi Kings,Rangpur Riders,Mehedi Hasan Miraz,Farhad Reza,LA Dawson,1,0,,,,,,,,,
1063051,2016/17,2016-11-28,"Shere Bangla National Stadium, Mirpur",1,13.1,Rajshahi Kings,Rangpur Riders,Mehedi Hasan Miraz,Farhad Reza,Sohag Gazi,0,0,,,,,,,,,
1063051,2016/17,2016-11-28,"Shere Bangla National Stadium, Mirpur",1,13.2,Rajshahi Kings,Rangpur Riders,Mehedi Hasan Miraz,Farhad Reza,Sohag Gazi,1,0,,,,,,,,,
1063051,2016/17,2016-11-28,"Shere Bangla National Stadium, Mirpur",1,13.3,Rajshahi Kings,Rangpur Riders,Farhad Reza,Mehedi Hasan Miraz,Sohag Gazi,2,0,,,,,,,,,
1063051,2016/17,2016-11-28,"Shere Bangla National Stadium, Mirpur",1,13.4,Rajshahi Kings,Rangpur Riders,Farhad Reza,Mehedi Hasan Miraz,Sohag Gazi,1,0,,,,,,,,,
1063051,2016/17,2016-11-28,"Shere Bangla National Stadium, Mirpur",1,13.5,Rajshahi Kings,Rangpur Riders,Mehedi Hasan Miraz,Farhad Reza,Sohag Gazi,0,0,,,,,,,,,
1063051,2016/17,2016-11-28,"Shere Bangla National Stadium, Mirpur",1,13.6,Rajshahi Kings,Rangpur Riders,Mehedi Hasan Miraz,Farhad Reza,Sohag Gazi,0,0,,,,,,,,,
1063051,2016/17,2016-11-28,"Shere Bangla National Stadium, Mirpur",1,14.1,Rajshahi Kings,Rangpur Riders,Farhad Reza,Mehedi Hasan Miraz,Arafat Sunny,0,0,,,,,,,,,
1063051,2016/17,2016-11-28,"Shere Bangla National Stadium, Mirpur",1,14.2,Rajshahi Kings,Rangpur Riders,Farhad Reza,Mehedi Hasan Miraz,Arafat Sunny,4,0,,,,,,,,,
1063051,2016/17,2016-11-28,"Shere Bangla National Stadium, Mirpur",1,14.3,Rajshahi Kings,Rangpur Riders,Farhad Reza,Mehedi Hasan Miraz,Arafat Sunny,1,0,,,,,,,,,
1063051,2016/17,2016-11-28,"Shere Bangla National Stadium, Mirpur",1,14.4,Rajshahi Kings,Rangpur Riders,Mehedi Hasan Miraz,Farhad Reza,Arafat Sunny,1,0,,,,,,,,,
1063051,2016/17,2016-11-28,"Shere Bangla National Stadium, Mirpur",1,14.5,Rajshahi Kings,Rangpur Riders,Farhad Reza,Mehedi Hasan Miraz,Arafat Sunny,1,0,,,,,,,,,
1063051,2016/17,2016-11-28,"Shere Bangla National Stadium, Mirpur",1,14.6,Rajshahi Kings,Rangpur Riders,Mehedi Hasan Miraz,Farhad Reza,Arafat Sunny,1,0,,,,,,,,,
1063051,2016/17,2016-11-28,"Shere Bangla National Stadium, Mirpur",1,15.1,Rajshahi Kings,Rangpur Riders,Mehedi Hasan Miraz,Farhad Reza,Sohag Gazi,0,0,,,,,,,,,
1063051,2016/17,2016-11-28,"Shere Bangla National Stadium, Mirpur",1,15.2,Rajshahi Kings,Rangpur Riders,Mehedi Hasan Miraz,Farhad Reza,Sohag Gazi,1,0,,,,,,,,,
1063051,2016/17,2016-11-28,"Shere Bangla National Stadium, Mirpur",1,15.3,Rajshahi Kings,Rangpur Riders,Farhad Reza,Mehedi Hasan Miraz,Sohag Gazi,0,0,,,,,,,,,
1063051,2016/17,2016-11-28,"Shere Bangla National Stadium, Mirpur",1,15.4,Rajshahi Kings,Rangpur Riders,Farhad Reza,Mehedi Hasan Miraz,Sohag Gazi,1,0,,,,,,,,,
1063051,2016/17,2016-11-28,"Shere Bangla National Stadium, Mirpur",1,15.5,Rajshahi Kings,Rangpur Riders,Mehedi Hasan Miraz,Farhad Reza,Sohag Gazi,1,0,,,,,,,,,
1063051,2016/17,2016-11-28,"Shere Bangla National Stadium, Mirpur",1,15.6,Rajshahi Kings,Rangpur Riders,Farhad Reza,Mehedi Hasan Miraz,Sohag Gazi,1,0,,,,,,,,,
1063051,2016/17,2016-11-28,"Shere Bangla National Stadium, Mirpur",1,16.1,Rajshahi Kings,Rangpur Riders,Farhad Reza,Mehedi Hasan Miraz,Rubel Hossain,4,0,,,,,,,,,
1063051,2016/17,2016-11-28,"Shere Bangla National Stadium, Mirpur",1,16.2,Rajshahi Kings,Rangpur Riders,Farhad Reza,Mehedi Hasan Miraz,Rubel Hossain,0,0,,,,,,,,,
1063051,2016/17,2016-11-28,"Shere Bangla National Stadium, Mirpur",1,16.3,Rajshahi Kings,Rangpur Riders,Farhad Reza,Mehedi Hasan Miraz,Rubel Hossain,1,0,,,,,,,,,
1063051,2016/17,2016-11-28,"Shere Bangla National Stadium, Mirpur",1,16.4,Rajshahi Kings,Rangpur Riders,Mehedi Hasan Miraz,Farhad Reza,Rubel Hossain,0,0,,,,,,,,,
1063051,2016/17,2016-11-28,"Shere Bangla National Stadium, Mirpur",1,16.5,Rajshahi Kings,Rangpur Riders,Mehedi Hasan Miraz,Farhad Reza,Rubel Hossain,1,0,,,,,,,,,
1063051,2016/17,2016-11-28,"Shere Bangla National Stadium, Mirpur",1,16.6,Rajshahi Kings,Rangpur Riders,Farhad Reza,Mehedi Hasan Miraz,Rubel Hossain,6,0,,,,,,,,,
1063051,2016/17,2016-11-28,"Shere Bangla National Stadium, Mirpur",1,17.1,Rajshahi Kings,Rangpur Riders,Mehedi Hasan Miraz,Farhad Reza,LA Dawson,1,0,,,,,,,,,
1063051,2016/17,2016-11-28,"Shere Bangla National Stadium, Mirpur",1,17.2,Rajshahi Kings,Rangpur Riders,Farhad Reza,Mehedi Hasan Miraz,LA Dawson,1,0,,,,,,,,,
1063051,2016/17,2016-11-28,"Shere Bangla National Stadium, Mirpur",1,17.3,Rajshahi Kings,Rangpur Riders,Mehedi Hasan Miraz,Farhad Reza,LA Dawson,1,0,,,,,,,,,
1063051,2016/17,2016-11-28,"Shere Bangla National Stadium, Mirpur",1,17.4,Rajshahi Kings,Rangpur Riders,Farhad Reza,Mehedi Hasan Miraz,LA Dawson,6,0,,,,,,,,,
1063051,2016/17,2016-11-28,"Shere Bangla National Stadium, Mirpur",1,17.5,Rajshahi Kings,Rangpur Riders,Farhad Reza,Mehedi Hasan Miraz,LA Dawson,1,0,,,,,,,,,
1063051,2016/17,2016-11-28,"Shere Bangla National Stadium, Mirpur",1,17.6,Rajshahi Kings,Rangpur Riders,Mehedi Hasan Miraz,Farhad Reza,LA Dawson,1,0,,,,,,,,,
1063051,2016/17,2016-11-28,"Shere Bangla National Stadium, Mirpur",1,18.1,Rajshahi Kings,Rangpur Riders,Mehedi Hasan Miraz,Farhad Reza,Arafat Sunny,4,0,,,,,,,,,
1063051,2016/17,2016-11-28,"Shere Bangla National Stadium, Mirpur",1,18.2,Rajshahi Kings,Rangpur Riders,Mehedi Hasan Miraz,Farhad Reza,Arafat Sunny,1,0,,,,,,,,,
1063051,2016/17,2016-11-28,"Shere Bangla National Stadium, Mirpur",1,18.3,Rajshahi Kings,Rangpur Riders,Farhad Reza,Mehedi Hasan Miraz,Arafat Sunny,1,0,,,,,,,,,
1063051,2016/17,2016-11-28,"Shere Bangla National Stadium, Mirpur",1,18.4,Rajshahi Kings,Rangpur Riders,Mehedi Hasan Miraz,Farhad Reza,Arafat Sunny,2,0,,,,,,,,,
1063051,2016/17,2016-11-28,"Shere Bangla National Stadium, Mirpur",1,18.5,Rajshahi Kings,Rangpur Riders,Mehedi Hasan Miraz,Farhad Reza,Arafat Sunny,0,0,,,,,,,,,
1063051,2016/17,2016-11-28,"Shere Bangla National Stadium, Mirpur",1,18.6,Rajshahi Kings,Rangpur Riders,Mehedi Hasan Miraz,Farhad Reza,Arafat Sunny,3,0,,,,,,,,,
1063051,2016/17,2016-11-28,"Shere Bangla National Stadium, Mirpur",1,19.1,Rajshahi Kings,Rangpur Riders,Mehedi Hasan Miraz,Farhad Reza,Rubel Hossain,4,0,,,,,,,,,
1063051,2016/17,2016-11-28,"Shere Bangla National Stadium, Mirpur",1,19.2,Rajshahi Kings,Rangpur Riders,Mehedi Hasan Miraz,Farhad Reza,Rubel Hossain,6,0,,,,,,,,,
1063051,2016/17,2016-11-28,"Shere Bangla National Stadium, Mirpur",1,19.3,Rajshahi Kings,Rangpur Riders,Mehedi Hasan Miraz,Farhad Reza,Rubel Hossain,1,0,,,,,,,,,
1063051,2016/17,2016-11-28,"Shere Bangla National Stadium, Mirpur",1,19.4,Rajshahi Kings,Rangpur Riders,Farhad Reza,Mehedi Hasan Miraz,Rubel Hossain,2,0,,,,,,,,,
1063051,2016/17,2016-11-28,"Shere Bangla National Stadium, Mirpur",1,19.5,Rajshahi Kings,Rangpur Riders,Farhad Reza,Mehedi Hasan Miraz,Rubel Hossain,2,0,,,,,,,,,
1063051,2016/17,2016-11-28,"Shere Bangla National Stadium, Mirpur",1,19.6,Rajshahi Kings,Rangpur Riders,Farhad Reza,Mehedi Hasan Miraz,Rubel Hossain,1,0,,,,,,,,,
1063051,2016/17,2016-11-28,"Shere Bangla National Stadium, Mirpur",2,0.1,Rangpur Riders,Rajshahi Kings,Mohammad Shahzad,Soumya Sarkar,Mohammad Sami,0,1,,,,1,,,,,
1063051,2016/17,2016-11-28,"Shere Bangla National Stadium, Mirpur",2,0.2,Rangpur Riders,Rajshahi Kings,Soumya Sarkar,Mohammad Shahzad,Mohammad Sami,0,1,1,,,,,,,,
1063051,2016/17,2016-11-28,"Shere Bangla National Stadium, Mirpur",2,0.3,Rangpur Riders,Rajshahi Kings,Soumya Sarkar,Mohammad Shahzad,Mohammad Sami,0,0,,,,,,,,,
1063051,2016/17,2016-11-28,"Shere Bangla National Stadium, Mirpur",2,0.4,Rangpur Riders,Rajshahi Kings,Soumya Sarkar,Mohammad Shahzad,Mohammad Sami,1,0,,,,,,,,,
1063051,2016/17,2016-11-28,"Shere Bangla National Stadium, Mirpur",2,0.5,Rangpur Riders,Rajshahi Kings,Mohammad Shahzad,Soumya Sarkar,Mohammad Sami,0,1,1,,,,,,,,
1063051,2016/17,2016-11-28,"Shere Bangla National Stadium, Mirpur",2,0.6,Rangpur Riders,Rajshahi Kings,Mohammad Shahzad,Soumya Sarkar,Mohammad Sami,1,0,,,,,,,,,
1063051,2016/17,2016-11-28,"Shere Bangla National Stadium, Mirpur",2,0.7,Rangpur Riders,Rajshahi Kings,Soumya Sarkar,Mohammad Shahzad,Mohammad Sami,0,0,,,,,,,,,
1063051,2016/17,2016-11-28,"Shere Bangla National Stadium, Mirpur",2,0.8,Rangpur Riders,Rajshahi Kings,Soumya Sarkar,Mohammad Shahzad,Mohammad Sami,0,0,,,,,,,,,
1063051,2016/17,2016-11-28,"Shere Bangla National Stadium, Mirpur",2,1.1,Rangpur Riders,Rajshahi Kings,Mohammad Shahzad,Soumya Sarkar,Farhad Reza,0,0,,,,,,,,,
1063051,2016/17,2016-11-28,"Shere Bangla National Stadium, Mirpur",2,1.2,Rangpur Riders,Rajshahi Kings,Mohammad Shahzad,Soumya Sarkar,Farhad Reza,2,0,,,,,,,,,
1063051,2016/17,2016-11-28,"Shere Bangla National Stadium, Mirpur",2,1.3,Rangpur Riders,Rajshahi Kings,Mohammad Shahzad,Soumya Sarkar,Farhad Reza,0,0,,,,,,,,,
1063051,2016/17,2016-11-28,"Shere Bangla National Stadium, Mirpur",2,1.4,Rangpur Riders,Rajshahi Kings,Mohammad Shahzad,Soumya Sarkar,Farhad Reza,0,0,,,,,,,,,
1063051,2016/17,2016-11-28,"Shere Bangla National Stadium, Mirpur",2,1.5,Rangpur Riders,Rajshahi Kings,Mohammad Shahzad,Soumya Sarkar,Farhad Reza,4,0,,,,,,,,,
1063051,2016/17,2016-11-28,"Shere Bangla National Stadium, Mirpur",2,1.6,Rangpur Riders,Rajshahi Kings,Mohammad Shahzad,Soumya Sarkar,Farhad Reza,4,0,,,,,,,,,
1063051,2016/17,2016-11-28,"Shere Bangla National Stadium, Mirpur",2,2.1,Rangpur Riders,Rajshahi Kings,Soumya Sarkar,Mohammad Shahzad,Mehedi Hasan Miraz,0,0,,,,,,stumped,Soumya Sarkar,,
1063051,2016/17,2016-11-28,"Shere Bangla National Stadium, Mirpur",2,2.2,Rangpur Riders,Rajshahi Kings,Mohammad Mithun,Mohammad Shahzad,Mehedi Hasan Miraz,0,1,1,,,,,,,,
1063051,2016/17,2016-11-28,"Shere Bangla National Stadium, Mirpur",2,2.3,Rangpur Riders,Rajshahi Kings,Mohammad Mithun,Mohammad Shahzad,Mehedi Hasan Miraz,1,0,,,,,,,,,
1063051,2016/17,2016-11-28,"Shere Bangla National Stadium, Mirpur",2,2.4,Rangpur Riders,Rajshahi Kings,Mohammad Shahzad,Mohammad Mithun,Mehedi Hasan Miraz,0,0,,,,,,,,,
1063051,2016/17,2016-11-28,"Shere Bangla National Stadium, Mirpur",2,2.5,Rangpur Riders,Rajshahi Kings,Mohammad Shahzad,Mohammad Mithun,Mehedi Hasan Miraz,1,0,,,,,,,,,
1063051,2016/17,2016-11-28,"Shere Bangla National Stadium, Mirpur",2,2.6,Rangpur Riders,Rajshahi Kings,Mohammad Mithun,Mohammad Shahzad,Mehedi Hasan Miraz,0,1,1,,,,,,,,
1063051,2016/17,2016-11-28,"Shere Bangla National Stadium, Mirpur",2,2.7,Rangpur Riders,Rajshahi Kings,Mohammad Mithun,Mohammad Shahzad,Mehedi Hasan Miraz,4,0,,,,,,,,,
1063051,2016/17,2016-11-28,"Shere Bangla National Stadium, Mirpur",2,2.8,Rangpur Riders,Rajshahi Kings,Mohammad Mithun,Mohammad Shahzad,Mehedi Hasan Miraz,1,0,,,,,,,,,
1063051,2016/17,2016-11-28,"Shere Bangla National Stadium, Mirpur",2,3.1,Rangpur Riders,Rajshahi Kings,Mohammad Mithun,Mohammad Shahzad,Mohammad Sami,0,0,,,,,,,,,
1063051,2016/17,2016-11-28,"Shere Bangla National Stadium, Mirpur",2,3.2,Rangpur Riders,Rajshahi Kings,Mohammad Mithun,Mohammad Shahzad,Mohammad Sami,0,0,,,,,,,,,
1063051,2016/17,2016-11-28,"Shere Bangla National Stadium, Mirpur",2,3.3,Rangpur Riders,Rajshahi Kings,Mohammad Mithun,Mohammad Shahzad,Mohammad Sami,0,0,,,,,,,,,
1063051,2016/17,2016-11-28,"Shere Bangla National Stadium, Mirpur",2,3.4,Rangpur Riders,Rajshahi Kings,Mohammad Mithun,Mohammad Shahzad,Mohammad Sami,1,0,,,,,,,,,
1063051,2016/17,2016-11-28,"Shere Bangla National Stadium, Mirpur",2,3.5,Rangpur Riders,Rajshahi Kings,Mohammad Shahzad,Mohammad Mithun,Mohammad Sami,0,0,,,,,,caught,Mohammad Shahzad,,
1063051,2016/17,2016-11-28,"Shere Bangla National Stadium, Mirpur",2,3.6,Rangpur Riders,Rajshahi Kings,Nasir Jamshed,Mohammad Mithun,Mohammad Sami,1,0,,,,,,,,,
1063051,2016/17,2016-11-28,"Shere Bangla National Stadium, Mirpur",2,4.1,Rangpur Riders,Rajshahi Kings,Nasir Jamshed,Mohammad Mithun,Mehedi Hasan Miraz,0,0,,,,,,caught and bowled,Nasir Jamshed,,
1063051,2016/17,2016-11-28,"Shere Bangla National Stadium, Mirpur",2,4.2,Rangpur Riders,Rajshahi Kings,LA Dawson,Mohammad Mithun,Mehedi Hasan Miraz,0,0,,,,,,,,,
1063051,2016/17,2016-11-28,"Shere Bangla National Stadium, Mirpur",2,4.3,Rangpur Riders,Rajshahi Kings,LA Dawson,Mohammad Mithun,Mehedi Hasan Miraz,1,0,,,,,,,,,
1063051,2016/17,2016-11-28,"Shere Bangla National Stadium, Mirpur",2,4.4,Rangpur Riders,Rajshahi Kings,Mohammad Mithun,LA Dawson,Mehedi Hasan Miraz,1,0,,,,,,,,,
1063051,2016/17,2016-11-28,"Shere Bangla National Stadium, Mirpur",2,4.5,Rangpur Riders,Rajshahi Kings,LA Dawson,Mohammad Mithun,Mehedi Hasan Miraz,1,0,,,,,,,,,
1063051,2016/17,2016-11-28,"Shere Bangla National Stadium, Mirpur",2,4.6,Rangpur Riders,Rajshahi Kings,Mohammad Mithun,LA Dawson,Mehedi Hasan Miraz,0,0,,,,,,,,,
1063051,2016/17,2016-11-28,"Shere Bangla National Stadium, Mirpur",2,5.1,Rangpur Riders,Rajshahi Kings,LA Dawson,Mohammad Mithun,Nazmul Islam,0,0,,,,,,,,,
1063051,2016/17,2016-11-28,"Shere Bangla National Stadium, Mirpur",2,5.2,Rangpur Riders,Rajshahi Kings,LA Dawson,Mohammad Mithun,Nazmul Islam,0,0,,,,,,,,,
1063051,2016/17,2016-11-28,"Shere Bangla National Stadium, Mirpur",2,5.3,Rangpur Riders,Rajshahi Kings,LA Dawson,Mohammad Mithun,Nazmul Islam,0,0,,,,,,,,,
1063051,2016/17,2016-11-28,"Shere Bangla National Stadium, Mirpur",2,5.4,Rangpur Riders,Rajshahi Kings,LA Dawson,Mohammad Mithun,Nazmul Islam,0,0,,,,,,,,,
1063051,2016/17,2016-11-28,"Shere Bangla National Stadium, Mirpur",2,5.5,Rangpur Riders,Rajshahi Kings,LA Dawson,Mohammad Mithun,Nazmul Islam,0,0,,,,,,,,,
1063051,2016/17,2016-11-28,"Shere Bangla National Stadium, Mirpur",2,5.6,Rangpur Riders,Rajshahi Kings,LA Dawson,Mohammad Mithun,Nazmul Islam,0,0,,,,,,lbw,LA Dawson,,
1063051,2016/17,2016-11-28,"Shere Bangla National Stadium, Mirpur",2,6.1,Rangpur Riders,Rajshahi Kings,Mohammad Mithun,Shahid Afridi,SR Patel,4,0,,,,,,,,,
1063051,2016/17,2016-11-28,"Shere Bangla National Stadium, Mirpur",2,6.2,Rangpur Riders,Rajshahi Kings,Mohammad Mithun,Shahid Afridi,SR Patel,0,0,,,,,,,,,
1063051,2016/17,2016-11-28,"Shere Bangla National Stadium, Mirpur",2,6.3,Rangpur Riders,Rajshahi Kings,Mohammad Mithun,Shahid Afridi,SR Patel,0,0,,,,,,,,,
1063051,2016/17,2016-11-28,"Shere Bangla National Stadium, Mirpur",2,6.4,Rangpur Riders,Rajshahi Kings,Mohammad Mithun,Shahid Afridi,SR Patel,1,0,,,,,,,,,
1063051,2016/17,2016-11-28,"Shere Bangla National Stadium, Mirpur",2,6.5,Rangpur Riders,Rajshahi Kings,Shahid Afridi,Mohammad Mithun,SR Patel,1,0,,,,,,,,,
1063051,2016/17,2016-11-28,"Shere Bangla National Stadium, Mirpur",2,6.6,Rangpur Riders,Rajshahi Kings,Mohammad Mithun,Shahid Afridi,SR Patel,1,0,,,,,,,,,
1063051,2016/17,2016-11-28,"Shere Bangla National Stadium, Mirpur",2,7.1,Rangpur Riders,Rajshahi Kings,Mohammad Mithun,Shahid Afridi,Abul Hasan,0,0,,,,,,,,,
1063051,2016/17,2016-11-28,"Shere Bangla National Stadium, Mirpur",2,7.2,Rangpur Riders,Rajshahi Kings,Mohammad Mithun,Shahid Afridi,Abul Hasan,1,0,,,,,,,,,
1063051,2016/17,2016-11-28,"Shere Bangla National Stadium, Mirpur",2,7.3,Rangpur Riders,Rajshahi Kings,Shahid Afridi,Mohammad Mithun,Abul Hasan,0,1,,,,1,,,,,
1063051,2016/17,2016-11-28,"Shere Bangla National Stadium, Mirpur",2,7.4,Rangpur Riders,Rajshahi Kings,Mohammad Mithun,Shahid Afridi,Abul Hasan,1,0,,,,,,,,,
1063051,2016/17,2016-11-28,"Shere Bangla National Stadium, Mirpur",2,7.5,Rangpur Riders,Rajshahi Kings,Shahid Afridi,Mohammad Mithun,Abul Hasan,4,0,,,,,,,,,
1063051,2016/17,2016-11-28,"Shere Bangla National Stadium, Mirpur",2,7.6,Rangpur Riders,Rajshahi Kings,Shahid Afridi,Mohammad Mithun,Abul Hasan,1,0,,,,,,,,,
1063051,2016/17,2016-11-28,"Shere Bangla National Stadium, Mirpur",2,8.1,Rangpur Riders,Rajshahi Kings,Shahid Afridi,Mohammad Mithun,Nazmul Islam,0,0,,,,,,,,,
1063051,2016/17,2016-11-28,"Shere Bangla National Stadium, Mirpur",2,8.2,Rangpur Riders,Rajshahi Kings,Shahid Afridi,Mohammad Mithun,Nazmul Islam,1,0,,,,,,,,,
1063051,2016/17,2016-11-28,"Shere Bangla National Stadium, Mirpur",2,8.3,Rangpur Riders,Rajshahi Kings,Mohammad Mithun,Shahid Afridi,Nazmul Islam,1,0,,,,,,,,,
1063051,2016/17,2016-11-28,"Shere Bangla National Stadium, Mirpur",2,8.4,Rangpur Riders,Rajshahi Kings,Shahid Afridi,Mohammad Mithun,Nazmul Islam,0,0,,,,,,stumped,Shahid Afridi,,
1063051,2016/17,2016-11-28,"Shere Bangla National Stadium, Mirpur",2,8.5,Rangpur Riders,Rajshahi Kings,Ziaur Rahman,Mohammad Mithun,Nazmul Islam,0,0,,,,,,,,,
1063051,2016/17,2016-11-28,"Shere Bangla National Stadium, Mirpur",2,8.6,Rangpur Riders,Rajshahi Kings,Ziaur Rahman,Mohammad Mithun,Nazmul Islam,0,0,,,,,,,,,
1063051,2016/17,2016-11-28,"Shere Bangla National Stadium, Mirpur",2,9.1,Rangpur Riders,Rajshahi Kings,Mohammad Mithun,Ziaur Rahman,SR Patel,1,0,,,,,,,,,
1063051,2016/17,2016-11-28,"Shere Bangla National Stadium, Mirpur",2,9.2,Rangpur Riders,Rajshahi Kings,Ziaur Rahman,Mohammad Mithun,SR Patel,0,0,,,,,,,,,
1063051,2016/17,2016-11-28,"Shere Bangla National Stadium, Mirpur",2,9.3,Rangpur Riders,Rajshahi Kings,Ziaur Rahman,Mohammad Mithun,SR Patel,0,0,,,,,,,,,
1063051,2016/17,2016-11-28,"Shere Bangla National Stadium, Mirpur",2,9.4,Rangpur Riders,Rajshahi Kings,Ziaur Rahman,Mohammad Mithun,SR Patel,1,0,,,,,,,,,
1063051,2016/17,2016-11-28,"Shere Bangla National Stadium, Mirpur",2,9.5,Rangpur Riders,Rajshahi Kings,Mohammad Mithun,Ziaur Rahman,SR Patel,2,0,,,,,,,,,
1063051,2016/17,2016-11-28,"Shere Bangla National Stadium, Mirpur",2,9.6,Rangpur Riders,Rajshahi Kings,Mohammad Mithun,Ziaur Rahman,SR Patel,0,0,,,,,,caught,Mohammad Mithun,,
1063051,2016/17,2016-11-28,"Shere Bangla National Stadium, Mirpur",2,10.1,Rangpur Riders,Rajshahi Kings,Ziaur Rahman,Sohag Gazi,Nazmul Islam,0,0,,,,,,,,,
1063051,2016/17,2016-11-28,"Shere Bangla National Stadium, Mirpur",2,10.2,Rangpur Riders,Rajshahi Kings,Ziaur Rahman,Sohag Gazi,Nazmul Islam,1,0,,,,,,,,,
1063051,2016/17,2016-11-28,"Shere Bangla National Stadium, Mirpur",2,10.3,Rangpur Riders,Rajshahi Kings,Sohag Gazi,Ziaur Rahman,Nazmul Islam,1,0,,,,,,,,,
1063051,2016/17,2016-11-28,"Shere Bangla National Stadium, Mirpur",2,10.4,Rangpur Riders,Rajshahi Kings,Ziaur Rahman,Sohag Gazi,Nazmul Islam,0,0,,,,,,,,,
1063051,2016/17,2016-11-28,"Shere Bangla National Stadium, Mirpur",2,10.5,Rangpur Riders,Rajshahi Kings,Ziaur Rahman,Sohag Gazi,Nazmul Islam,0,0,,,,,,,,,
1063051,2016/17,2016-11-28,"Shere Bangla National Stadium, Mirpur",2,10.6,Rangpur Riders,Rajshahi Kings,Ziaur Rahman,Sohag Gazi,Nazmul Islam,1,0,,,,,,,,,
1063051,2016/17,2016-11-28,"Shere Bangla National Stadium, Mirpur",2,11.1,Rangpur Riders,Rajshahi Kings,Ziaur Rahman,Sohag Gazi,SR Patel,0,0,,,,,,,,,
1063051,2016/17,2016-11-28,"Shere Bangla National Stadium, Mirpur",2,11.2,Rangpur Riders,Rajshahi Kings,Ziaur Rahman,Sohag Gazi,SR Patel,1,0,,,,,,,,,
1063051,2016/17,2016-11-28,"Shere Bangla National Stadium, Mirpur",2,11.3,Rangpur Riders,Rajshahi Kings,Sohag Gazi,Ziaur Rahman,SR Patel,0,1,,,,1,,,,,
1063051,2016/17,2016-11-28,"Shere Bangla National Stadium, Mirpur",2,11.4,Rangpur Riders,Rajshahi Kings,Ziaur Rahman,Sohag Gazi,SR Patel,1,0,,,,,,,,,
1063051,2016/17,2016-11-28,"Shere Bangla National Stadium, Mirpur",2,11.5,Rangpur Riders,Rajshahi Kings,Sohag Gazi,Ziaur Rahman,SR Patel,1,0,,,,,,,,,
1063051,2016/17,2016-11-28,"Shere Bangla National Stadium, Mirpur",2,11.6,Rangpur Riders,Rajshahi Kings,Ziaur Rahman,Sohag Gazi,SR Patel,0,0,,,,,,,,,
1063051,2016/17,2016-11-28,"Shere Bangla National Stadium, Mirpur",2,12.1,Rangpur Riders,Rajshahi Kings,Sohag Gazi,Ziaur Rahman,Nazmul Islam,1,0,,,,,,,,,
1063051,2016/17,2016-11-28,"Shere Bangla National Stadium, Mirpur",2,12.2,Rangpur Riders,Rajshahi Kings,Ziaur Rahman,Sohag Gazi,Nazmul Islam,0,0,,,,,,stumped,Ziaur Rahman,,
1063051,2016/17,2016-11-28,"Shere Bangla National Stadium, Mirpur",2,12.3,Rangpur Riders,Rajshahi Kings,Muktar Ali,Sohag Gazi,Nazmul Islam,1,0,,,,,,,,,
1063051,2016/17,2016-11-28,"Shere Bangla National Stadium, Mirpur",2,12.4,Rangpur Riders,Rajshahi Kings,Sohag Gazi,Muktar Ali,Nazmul Islam,1,0,,,,,,,,,
1063051,2016/17,2016-11-28,"Shere Bangla National Stadium, Mirpur",2,12.5,Rangpur Riders,Rajshahi Kings,Muktar Ali,Sohag Gazi,Nazmul Islam,0,0,,,,,,,,,
1063051,2016/17,2016-11-28,"Shere Bangla National Stadium, Mirpur",2,12.6,Rangpur Riders,Rajshahi Kings,Muktar Ali,Sohag Gazi,Nazmul Islam,0,0,,,,,,,,,
1063051,2016/17,2016-11-28,"Shere Bangla National Stadium, Mirpur",2,13.1,Rangpur Riders,Rajshahi Kings,Sohag Gazi,Muktar Ali,Mohammad Sami,0,0,,,,,,,,,
1063051,2016/17,2016-11-28,"Shere Bangla National Stadium, Mirpur",2,13.2,Rangpur Riders,Rajshahi Kings,Sohag Gazi,Muktar Ali,Mohammad Sami,1,0,,,,,,,,,
1063051,2016/17,2016-11-28,"Shere Bangla National Stadium, Mirpur",2,13.3,Rangpur Riders,Rajshahi Kings,Muktar Ali,Sohag Gazi,Mohammad Sami,0,0,,,,,,,,,
1063051,2016/17,2016-11-28,"Shere Bangla National Stadium, Mirpur",2,13.4,Rangpur Riders,Rajshahi Kings,Muktar Ali,Sohag Gazi,Mohammad Sami,0,0,,,,,,,,,
1063051,2016/17,2016-11-28,"Shere Bangla National Stadium, Mirpur",2,13.5,Rangpur Riders,Rajshahi Kings,Muktar Ali,Sohag Gazi,Mohammad Sami,0,0,,,,,,,,,
1063051,2016/17,2016-11-28,"Shere Bangla National Stadium, Mirpur",2,13.6,Rangpur Riders,Rajshahi Kings,Muktar Ali,Sohag Gazi,Mohammad Sami,0,0,,,,,,,,,
1063051,2016/17,2016-11-28,"Shere Bangla National Stadium, Mirpur",2,14.1,Rangpur Riders,Rajshahi Kings,Sohag Gazi,Muktar Ali,SR Patel,0,0,,,,,,,,,
1063051,2016/17,2016-11-28,"Shere Bangla National Stadium, Mirpur",2,14.2,Rangpur Riders,Rajshahi Kings,Sohag Gazi,Muktar Ali,SR Patel,2,0,,,,,,,,,
1063051,2016/17,2016-11-28,"Shere Bangla National Stadium, Mirpur",2,14.3,Rangpur Riders,Rajshahi Kings,Sohag Gazi,Muktar Ali,SR Patel,1,0,,,,,,,,,
1063051,2016/17,2016-11-28,"Shere Bangla National Stadium, Mirpur",2,14.4,Rangpur Riders,Rajshahi Kings,Muktar Ali,Sohag Gazi,SR Patel,0,0,,,,,,,,,
1063051,2016/17,2016-11-28,"Shere Bangla National Stadium, Mirpur",2,14.5,Rangpur Riders,Rajshahi Kings,Muktar Ali,Sohag Gazi,SR Patel,0,0,,,,,,,,,
1063051,2016/17,2016-11-28,"Shere Bangla National Stadium, Mirpur",2,14.6,Rangpur Riders,Rajshahi Kings,Muktar Ali,Sohag Gazi,SR Patel,1,0,,,,,,,,,
1063051,2016/17,2016-11-28,"Shere Bangla National Stadium, Mirpur",2,15.1,Rangpur Riders,Rajshahi Kings,Muktar Ali,Sohag Gazi,Abul Hasan,1,0,,,,,,,,,
1063051,2016/17,2016-11-28,"Shere Bangla National Stadium, Mirpur",2,15.2,Rangpur Riders,Rajshahi Kings,Sohag Gazi,Muktar Ali,Abul Hasan,0,0,,,,,,caught,Sohag Gazi,,
1063051,2016/17,2016-11-28,"Shere Bangla National Stadium, Mirpur",2,15.3,Rangpur Riders,Rajshahi Kings,Muktar Ali,Arafat Sunny,Abul Hasan,0,0,,,,,,,,,
1063051,2016/17,2016-11-28,"Shere Bangla National Stadium, Mirpur",2,15.4,Rangpur Riders,Rajshahi Kings,Muktar Ali,Arafat Sunny,Abul Hasan,1,0,,,,,,,,,
1063051,2016/17,2016-11-28,"Shere Bangla National Stadium, Mirpur",2,15.5,Rangpur Riders,Rajshahi Kings,Arafat Sunny,Muktar Ali,Abul Hasan,0,0,,,,,,,,,
1063051,2016/17,2016-11-28,"Shere Bangla National Stadium, Mirpur",2,15.6,Rangpur Riders,Rajshahi Kings,Arafat Sunny,Muktar Ali,Abul Hasan,1,0,,,,,,,,,
1063051,2016/17,2016-11-28,"Shere Bangla National Stadium, Mirpur",2,16.1,Rangpur Riders,Rajshahi Kings,Arafat Sunny,Muktar Ali,Farhad Reza,4,0,,,,,,,,,
1063051,2016/17,2016-11-28,"Shere Bangla National Stadium, Mirpur",2,16.2,Rangpur Riders,Rajshahi Kings,Arafat Sunny,Muktar Ali,Farhad Reza,1,0,,,,,,,,,
1063051,2016/17,2016-11-28,"Shere Bangla National Stadium, Mirpur",2,16.3,Rangpur Riders,Rajshahi Kings,Muktar Ali,Arafat Sunny,Farhad Reza,0,0,,,,,,,,,
1063051,2016/17,2016-11-28,"Shere Bangla National Stadium, Mirpur",2,16.4,Rangpur Riders,Rajshahi Kings,Muktar Ali,Arafat Sunny,Farhad Reza,1,0,,,,,,,,,
1063051,2016/17,2016-11-28,"Shere Bangla National Stadium, Mirpur",2,16.5,Rangpur Riders,Rajshahi Kings,Arafat Sunny,Muktar Ali,Farhad Reza,0,1,1,,,,,,,,
1063051,2016/17,2016-11-28,"Shere Bangla National Stadium, Mirpur",2,16.6,Rangpur Riders,Rajshahi Kings,Arafat Sunny,Muktar Ali,Farhad Reza,2,0,,,,,,,,,
1063051,2016/17,2016-11-28,"Shere Bangla National Stadium, Mirpur",2,16.7,Rangpur Riders,Rajshahi Kings,Arafat Sunny,Muktar Ali,Farhad Reza,1,0,,,,,,,,,
1063051,2016/17,2016-11-28,"Shere Bangla National Stadium, Mirpur",2,17.1,Rangpur Riders,Rajshahi Kings,Arafat Sunny,Muktar Ali,Abul Hasan,0,0,,,,,,bowled,Arafat Sunny,,
1063051,2016/17,2016-11-28,"Shere Bangla National Stadium, Mirpur",2,17.2,Rangpur Riders,Rajshahi Kings,Rubel Hossain,Muktar Ali,Abul Hasan,0,0,,,,,,,,,
1063051,2016/17,2016-11-28,"Shere Bangla National Stadium, Mirpur",2,17.3,Rangpur Riders,Rajshahi Kings,Rubel Hossain,Muktar Ali,Abul Hasan,1,0,,,,,,,,,
1063051,2016/17,2016-11-28,"Shere Bangla National Stadium, Mirpur",2,17.4,Rangpur Riders,Rajshahi Kings,Muktar Ali,Rubel Hossain,Abul Hasan,0,0,,,,,,caught,Muktar Ali,,
