match_id,season,start_date,venue,innings,ball,batting_team,bowling_team,striker,non_striker,bowler,runs_off_bat,extras,wides,noballs,byes,legbyes,penalty,wicket_type,player_dismissed,other_wicket_type,other_player_dismissed
1121265,2017/18,2017-11-20,"Shere Bangla National Stadium, Mirpur",1,0.1,Dhaka Dynamites,Comilla Victorians,SP Narine,E Lewis,Mahedi Hasan,4,0,,,,,,,,,
1121265,2017/18,2017-11-20,"Shere Bangla National Stadium, Mirpur",1,0.2,Dhaka Dynamites,Comilla Victorians,SP Narine,E Lewis,Mahedi Hasan,0,1,,,,1,,,,,
1121265,2017/18,2017-11-20,"Shere Bangla National Stadium, Mirpur",1,0.3,Dhaka Dynamites,Comilla Victorians,E Lewis,SP Narine,Mahedi Hasan,0,0,,,,,,,,,
1121265,2017/18,2017-11-20,"Shere Bangla National Stadium, Mirpur",1,0.4,Dhaka Dynamites,Comilla Victorians,E Lewis,SP Narine,Mahedi Hasan,0,0,,,,,,,,,
1121265,2017/18,2017-11-20,"Shere Bangla National Stadium, Mirpur",1,0.5,Dhaka Dynamites,Comilla Victorians,E Lewis,SP Narine,Mahedi Hasan,6,0,,,,,,,,,
1121265,2017/18,2017-11-20,"Shere Bangla National Stadium, Mirpur",1,0.6,Dhaka Dynamites,Comilla Victorians,E Lewis,SP Narine,Mahedi Hasan,1,0,,,,,,,,,
1121265,2017/18,2017-11-20,"Shere Bangla National Stadium, Mirpur",1,1.1,Dhaka Dynamites,Comilla Victorians,E Lewis,SP Narine,Hasan Ali,0,0,,,,,,bowled,E Lewis,,
1121265,2017/18,2017-11-20,"Shere Bangla National Stadium, Mirpur",1,1.2,Dhaka Dynamites,Comilla Victorians,Mehedi Maruf,SP Narine,Hasan Ali,0,0,,,,,,,,,
1121265,2017/18,2017-11-20,"Shere Bangla National Stadium, Mirpur",1,1.3,Dhaka Dynamites,Comilla Victorians,Mehedi Maruf,SP Narine,Hasan Ali,0,0,,,,,,bowled,Mehedi Maruf,,
1121265,2017/18,2017-11-20,"Shere Bangla National Stadium, Mirpur",1,1.4,Dhaka Dynamites,Comilla Victorians,KC Sangakkara,SP Narine,Hasan Ali,2,0,,,,,,,,,
1121265,2017/18,2017-11-20,"Shere Bangla National Stadium, Mirpur",1,1.5,Dhaka Dynamites,Comilla Victorians,KC Sangakkara,SP Narine,Hasan Ali,0,0,,,,,,,,,
1121265,2017/18,2017-11-20,"Shere Bangla National Stadium, Mirpur",1,1.6,Dhaka Dynamites,Comilla Victorians,KC Sangakkara,SP Narine,Hasan Ali,1,0,,,,,,,,,
1121265,2017/18,2017-11-20,"Shere Bangla National Stadium, Mirpur",1,2.1,Dhaka Dynamites,Comilla Victorians,KC Sangakkara,SP Narine,Mahedi Hasan,0,0,,,,,,,,,
1121265,2017/18,2017-11-20,"Shere Bangla National Stadium, Mirpur",1,2.2,Dhaka Dynamites,Comilla Victorians,KC Sangakkara,SP Narine,Mahedi Hasan,0,0,,,,,,,,,
1121265,2017/18,2017-11-20,"Shere Bangla National Stadium, Mirpur",1,2.3,Dhaka Dynamites,Comilla Victorians,KC Sangakkara,SP Narine,Mahedi Hasan,1,0,,,,,,,,,
1121265,2017/18,2017-11-20,"Shere Bangla National Stadium, Mirpur",1,2.4,Dhaka Dynamites,Comilla Victorians,SP Narine,KC Sangakkara,Mahedi Hasan,0,0,,,,,,,,,
1121265,2017/18,2017-11-20,"Shere Bangla National Stadium, Mirpur",1,2.5,Dhaka Dynamites,Comilla Victorians,SP Narine,KC Sangakkara,Mahedi Hasan,4,0,,,,,,,,,
1121265,2017/18,2017-11-20,"Shere Bangla National Stadium, Mirpur",1,2.6,Dhaka Dynamites,Comilla Victorians,SP Narine,KC Sangakkara,Mahedi Hasan,1,0,,,,,,,,,
1121265,2017/18,2017-11-20,"Shere Bangla National Stadium, Mirpur",1,3.1,Dhaka Dynamites,Comilla Victorians,SP Narine,KC Sangakkara,Hasan Ali,0,0,,,,,,,,,
1121265,2017/18,2017-11-20,"Shere Bangla National Stadium, Mirpur",1,3.2,Dhaka Dynamites,Comilla Victorians,SP Narine,KC Sangakkara,Hasan Ali,4,0,,,,,,,,,
1121265,2017/18,2017-11-20,"Shere Bangla National Stadium, Mirpur",1,3.3,Dhaka Dynamites,Comilla Victorians,SP Narine,KC Sangakkara,Hasan Ali,6,0,,,,,,,,,
1121265,2017/18,2017-11-20,"Shere Bangla National Stadium, Mirpur",1,3.4,Dhaka Dynamites,Comilla Victorians,SP Narine,KC Sangakkara,Hasan Ali,0,0,,,,,,,,,
1121265,2017/18,2017-11-20,"Shere Bangla National Stadium, Mirpur",1,3.5,Dhaka Dynamites,Comilla Victorians,SP Narine,KC Sangakkara,Hasan Ali,4,0,,,,,,,,,
1121265,2017/18,2017-11-20,"Shere Bangla National Stadium, Mirpur",1,3.6,Dhaka Dynamites,Comilla Victorians,SP Narine,KC Sangakkara,Hasan Ali,0,0,,,,,,,,,
1121265,2017/18,2017-11-20,"Shere Bangla National Stadium, Mirpur",1,4.1,Dhaka Dynamites,Comilla Victorians,KC Sangakkara,SP Narine,Rashid Khan,0,0,,,,,,,,,
1121265,2017/18,2017-11-20,"Shere Bangla National Stadium, Mirpur",1,4.2,Dhaka Dynamites,Comilla Victorians,KC Sangakkara,SP Narine,Rashid Khan,2,0,,,,,,,,,
1121265,2017/18,2017-11-20,"Shere Bangla National Stadium, Mirpur",1,4.3,Dhaka Dynamites,Comilla Victorians,KC Sangakkara,SP Narine,Rashid Khan,1,0,,,,,,,,,
1121265,2017/18,2017-11-20,"Shere Bangla National Stadium, Mirpur",1,4.4,Dhaka Dynamites,Comilla Victorians,SP Narine,KC Sangakkara,Rashid Khan,6,0,,,,,,,,,
1121265,2017/18,2017-11-20,"Shere Bangla National Stadium, Mirpur",1,4.5,Dhaka Dynamites,Comilla Victorians,SP Narine,KC Sangakkara,Rashid Khan,0,0,,,,,,,,,
1121265,2017/18,2017-11-20,"Shere Bangla National Stadium, Mirpur",1,4.6,Dhaka Dynamites,Comilla Victorians,SP Narine,KC Sangakkara,Rashid Khan,0,0,,,,,,,,,
1121265,2017/18,2017-11-20,"Shere Bangla National Stadium, Mirpur",1,5.1,Dhaka Dynamites,Comilla Victorians,KC Sangakkara,SP Narine,Mahedi Hasan,0,0,,,,,,,,,
1121265,2017/18,2017-11-20,"Shere Bangla National Stadium, Mirpur",1,5.2,Dhaka Dynamites,Comilla Victorians,KC Sangakkara,SP Narine,Mahedi Hasan,4,0,,,,,,,,,
1121265,2017/18,2017-11-20,"Shere Bangla National Stadium, Mirpur",1,5.3,Dhaka Dynamites,Comilla Victorians,KC Sangakkara,SP Narine,Mahedi Hasan,0,0,,,,,,,,,
1121265,2017/18,2017-11-20,"Shere Bangla National Stadium, Mirpur",1,5.4,Dhaka Dynamites,Comilla Victorians,KC Sangakkara,SP Narine,Mahedi Hasan,0,0,,,,,,,,,
1121265,2017/18,2017-11-20,"Shere Bangla National Stadium, Mirpur",1,5.5,Dhaka Dynamites,Comilla Victorians,KC Sangakkara,SP Narine,Mahedi Hasan,1,0,,,,,,,,,
1121265,2017/18,2017-11-20,"Shere Bangla National Stadium, Mirpur",1,5.6,Dhaka Dynamites,Comilla Victorians,SP Narine,KC Sangakkara,Mahedi Hasan,0,0,,,,,,,,,
1121265,2017/18,2017-11-20,"Shere Bangla National Stadium, Mirpur",1,6.1,Dhaka Dynamites,Comilla Victorians,KC Sangakkara,SP Narine,Shoaib Malik,0,0,,,,,,,,,
1121265,2017/18,2017-11-20,"Shere Bangla National Stadium, Mirpur",1,6.2,Dhaka Dynamites,Comilla Victorians,KC Sangakkara,SP Narine,Shoaib Malik,0,0,,,,,,,,,
1121265,2017/18,2017-11-20,"Shere Bangla National Stadium, Mirpur",1,6.3,Dhaka Dynamites,Comilla Victorians,KC Sangakkara,SP Narine,Shoaib Malik,0,0,,,,,,,,,
1121265,2017/18,2017-11-20,"Shere Bangla National Stadium, Mirpur",1,6.4,Dhaka Dynamites,Comilla Victorians,KC Sangakkara,SP Narine,Shoaib Malik,0,0,,,,,,,,,
1121265,2017/18,2017-11-20,"Shere Bangla National Stadium, Mirpur",1,6.5,Dhaka Dynamites,Comilla Victorians,KC Sangakkara,SP Narine,Shoaib Malik,1,0,,,,,,,,,
1121265,2017/18,2017-11-20,"Shere Bangla National Stadium, Mirpur",1,6.6,Dhaka Dynamites,Comilla Victorians,SP Narine,KC Sangakkara,Shoaib Malik,1,0,,,,,,,,,
1121265,2017/18,2017-11-20,"Shere Bangla National Stadium, Mirpur",1,7.1,Dhaka Dynamites,Comilla Victorians,SP Narine,KC Sangakkara,Mahedi Hasan,1,0,,,,,,,,,
1121265,2017/18,2017-11-20,"Shere Bangla National Stadium, Mirpur",1,7.2,Dhaka Dynamites,Comilla Victorians,KC Sangakkara,SP Narine,Mahedi Hasan,1,0,,,,,,,,,
1121265,2017/18,2017-11-20,"Shere Bangla National Stadium, Mirpur",1,7.3,Dhaka Dynamites,Comilla Victorians,SP Narine,KC Sangakkara,Mahedi Hasan,2,0,,,,,,,,,
1121265,2017/18,2017-11-20,"Shere Bangla National Stadium, Mirpur",1,7.4,Dhaka Dynamites,Comilla Victorians,SP Narine,KC Sangakkara,Mahedi Hasan,6,0,,,,,,,,,
1121265,2017/18,2017-11-20,"Shere Bangla National Stadium, Mirpur",1,7.5,Dhaka Dynamites,Comilla Victorians,SP Narine,KC Sangakkara,Mahedi Hasan,1,0,,,,,,,,,
1121265,2017/18,2017-11-20,"Shere Bangla National Stadium, Mirpur",1,7.6,Dhaka Dynamites,Comilla Victorians,KC Sangakkara,SP Narine,Mahedi Hasan,0,0,,,,,,,,,
1121265,2017/18,2017-11-20,"Shere Bangla National Stadium, Mirpur",1,8.1,Dhaka Dynamites,Comilla Victorians,SP Narine,KC Sangakkara,Shoaib Malik,1,0,,,,,,,,,
1121265,2017/18,2017-11-20,"Shere Bangla National Stadium, Mirpur",1,8.2,Dhaka Dynamites,Comilla Victorians,KC Sangakkara,SP Narine,Shoaib Malik,1,0,,,,,,,,,
1121265,2017/18,2017-11-20,"Shere Bangla National Stadium, Mirpur",1,8.3,Dhaka Dynamites,Comilla Victorians,SP Narine,KC Sangakkara,Shoaib Malik,0,0,,,,,,,,,
1121265,2017/18,2017-11-20,"Shere Bangla National Stadium, Mirpur",1,8.4,Dhaka Dynamites,Comilla Victorians,SP Narine,KC Sangakkara,Shoaib Malik,4,0,,,,,,,,,
1121265,2017/18,2017-11-20,"Shere Bangla National Stadium, Mirpur",1,8.5,Dhaka Dynamites,Comilla Victorians,SP Narine,KC Sangakkara,Shoaib Malik,0,0,,,,,,,,,
1121265,2017/18,2017-11-20,"Shere Bangla National Stadium, Mirpur",1,8.6,Dhaka Dynamites,Comilla Victorians,SP Narine,KC Sangakkara,Shoaib Malik,1,0,,,,,,,,,
1121265,2017/18,2017-11-20,"Shere Bangla National Stadium, Mirpur",1,9.1,Dhaka Dynamites,Comilla Victorians,SP Narine,KC Sangakkara,Mohammad Saifuddin,0,1,,1,,,,,,,
1121265,2017/18,2017-11-20,"Shere Bangla National Stadium, Mirpur",1,9.2,Dhaka Dynamites,Comilla Victorians,SP Narine,KC Sangakkara,Mohammad Saifuddin,1,0,,,,,,,,,
1121265,2017/18,2017-11-20,"Shere Bangla National Stadium, Mirpur",1,9.3,Dhaka Dynamites,Comilla Victorians,KC Sangakkara,SP Narine,Mohammad Saifuddin,4,0,,,,,,,,,
1121265,2017/18,2017-11-20,"Shere Bangla National Stadium, Mirpur",1,9.4,Dhaka Dynamites,Comilla Victorians,KC Sangakkara,SP Narine,Mohammad Saifuddin,0,0,,,,,,,,,
1121265,2017/18,2017-11-20,"Shere Bangla National Stadium, Mirpur",1,9.5,Dhaka Dynamites,Comilla Victorians,KC Sangakkara,SP Narine,Mohammad Saifuddin,0,1,1,,,,,,,,
1121265,2017/18,2017-11-20,"Shere Bangla National Stadium, Mirpur",1,9.6,Dhaka Dynamites,Comilla Victorians,KC Sangakkara,SP Narine,Mohammad Saifuddin,1,0,,,,,,,,,
1121265,2017/18,2017-11-20,"Shere Bangla National Stadium, Mirpur",1,9.7,Dhaka Dynamites,Comilla Victorians,SP Narine,KC Sangakkara,Mohammad Saifuddin,0,0,,,,,,,,,
1121265,2017/18,2017-11-20,"Shere Bangla National Stadium, Mirpur",1,9.8,Dhaka Dynamites,Comilla Victorians,SP Narine,KC Sangakkara,Mohammad Saifuddin,1,0,,,,,,,,,
1121265,2017/18,2017-11-20,"Shere Bangla National Stadium, Mirpur",1,10.1,Dhaka Dynamites,Comilla Victorians,SP Narine,KC Sangakkara,Rashid Khan,2,0,,,,,,,,,
1121265,2017/18,2017-11-20,"Shere Bangla National Stadium, Mirpur",1,10.2,Dhaka Dynamites,Comilla Victorians,SP Narine,KC Sangakkara,Rashid Khan,1,0,,,,,,,,,
1121265,2017/18,2017-11-20,"Shere Bangla National Stadium, Mirpur",1,10.3,Dhaka Dynamites,Comilla Victorians,KC Sangakkara,SP Narine,Rashid Khan,1,0,,,,,,,,,
1121265,2017/18,2017-11-20,"Shere Bangla National Stadium, Mirpur",1,10.4,Dhaka Dynamites,Comilla Victorians,SP Narine,KC Sangakkara,Rashid Khan,0,0,,,,,,,,,
1121265,2017/18,2017-11-20,"Shere Bangla National Stadium, Mirpur",1,10.5,Dhaka Dynamites,Comilla Victorians,SP Narine,KC Sangakkara,Rashid Khan,2,0,,,,,,,,,
1121265,2017/18,2017-11-20,"Shere Bangla National Stadium, Mirpur",1,10.6,Dhaka Dynamites,Comilla Victorians,SP Narine,KC Sangakkara,Rashid Khan,1,0,,,,,,,,,
1121265,2017/18,2017-11-20,"Shere Bangla National Stadium, Mirpur",1,11.1,Dhaka Dynamites,Comilla Victorians,SP Narine,KC Sangakkara,Al-Amin Hossain,6,0,,,,,,,,,
1121265,2017/18,2017-11-20,"Shere Bangla National Stadium, Mirpur",1,11.2,Dhaka Dynamites,Comilla Victorians,SP Narine,KC Sangakkara,Al-Amin Hossain,0,0,,,,,,,,,
1121265,2017/18,2017-11-20,"Shere Bangla National Stadium, Mirpur",1,11.3,Dhaka Dynamites,Comilla Victorians,SP Narine,KC Sangakkara,Al-Amin Hossain,0,0,,,,,,,,,
1121265,2017/18,2017-11-20,"Shere Bangla National Stadium, Mirpur",1,11.4,Dhaka Dynamites,Comilla Victorians,SP Narine,KC Sangakkara,Al-Amin Hossain,4,0,,,,,,,,,
1121265,2017/18,2017-11-20,"Shere Bangla National Stadium, Mirpur",1,11.5,Dhaka Dynamites,Comilla Victorians,SP Narine,KC Sangakkara,Al-Amin Hossain,1,0,,,,,,,,,
1121265,2017/18,2017-11-20,"Shere Bangla National Stadium, Mirpur",1,11.6,Dhaka Dynamites,Comilla Victorians,KC Sangakkara,SP Narine,Al-Amin Hossain,1,0,,,,,,,,,
1121265,2017/18,2017-11-20,"Shere Bangla National Stadium, Mirpur",1,12.1,Dhaka Dynamites,Comilla Victorians,KC Sangakkara,SP Narine,Shoaib Malik,4,0,,,,,,,,,
1121265,2017/18,2017-11-20,"Shere Bangla National Stadium, Mirpur",1,12.2,Dhaka Dynamites,Comilla Victorians,KC Sangakkara,SP Narine,Shoaib Malik,1,0,,,,,,,,,
1121265,2017/18,2017-11-20,"Shere Bangla National Stadium, Mirpur",1,12.3,Dhaka Dynamites,Comilla Victorians,SP Narine,KC Sangakkara,Shoaib Malik,0,0,,,,,,,,,
1121265,2017/18,2017-11-20,"Shere Bangla National Stadium, Mirpur",1,12.4,Dhaka Dynamites,Comilla Victorians,SP Narine,KC Sangakkara,Shoaib Malik,1,0,,,,,,,,,
1121265,2017/18,2017-11-20,"Shere Bangla National Stadium, Mirpur",1,12.5,Dhaka Dynamites,Comilla Victorians,KC Sangakkara,SP Narine,Shoaib Malik,1,0,,,,,,run out,KC Sangakkara,,
1121265,2017/18,2017-11-20,"Shere Bangla National Stadium, Mirpur",1,12.6,Dhaka Dynamites,Comilla Victorians,KA Pollard,SP Narine,Shoaib Malik,0,0,,,,,,,,,
1121265,2017/18,2017-11-20,"Shere Bangla National Stadium, Mirpur",1,13.1,Dhaka Dynamites,Comilla Victorians,SP Narine,KA Pollard,Mohammad Saifuddin,4,0,,,,,,,,,
1121265,2017/18,2017-11-20,"Shere Bangla National Stadium, Mirpur",1,13.2,Dhaka Dynamites,Comilla Victorians,SP Narine,KA Pollard,Mohammad Saifuddin,0,0,,,,,,,,,
1121265,2017/18,2017-11-20,"Shere Bangla National Stadium, Mirpur",1,13.3,Dhaka Dynamites,Comilla Victorians,SP Narine,KA Pollard,Mohammad Saifuddin,6,0,,,,,,,,,
1121265,2017/18,2017-11-20,"Shere Bangla National Stadium, Mirpur",1,13.4,Dhaka Dynamites,Comilla Victorians,SP Narine,KA Pollard,Mohammad Saifuddin,0,0,,,,,,caught,SP Narine,,
1121265,2017/18,2017-11-20,"Shere Bangla National Stadium, Mirpur",1,13.5,Dhaka Dynamites,Comilla Victorians,Shakib Al Hasan,KA Pollard,Mohammad Saifuddin,1,0,,,,,,,,,
1121265,2017/18,2017-11-20,"Shere Bangla National Stadium, Mirpur",1,13.6,Dhaka Dynamites,Comilla Victorians,KA Pollard,Shakib Al Hasan,Mohammad Saifuddin,1,0,,,,,,,,,
1121265,2017/18,2017-11-20,"Shere Bangla National Stadium, Mirpur",1,14.1,Dhaka Dynamites,Comilla Victorians,KA Pollard,Shakib Al Hasan,Rashid Khan,0,0,,,,,,,,,
1121265,2017/18,2017-11-20,"Shere Bangla National Stadium, Mirpur",1,14.2,Dhaka Dynamites,Comilla Victorians,KA Pollard,Shakib Al Hasan,Rashid Khan,0,0,,,,,,,,,
1121265,2017/18,2017-11-20,"Shere Bangla National Stadium, Mirpur",1,14.3,Dhaka Dynamites,Comilla Victorians,KA Pollard,Shakib Al Hasan,Rashid Khan,0,0,,,,,,run out,KA Pollard,,
1121265,2017/18,2017-11-20,"Shere Bangla National Stadium, Mirpur",1,14.4,Dhaka Dynamites,Comilla Victorians,Mosaddek Hossain,Shakib Al Hasan,Rashid Khan,1,0,,,,,,,,,
1121265,2017/18,2017-11-20,"Shere Bangla National Stadium, Mirpur",1,14.5,Dhaka Dynamites,Comilla Victorians,Shakib Al Hasan,Mosaddek Hossain,Rashid Khan,0,0,,,,,,,,,
1121265,2017/18,2017-11-20,"Shere Bangla National Stadium, Mirpur",1,14.6,Dhaka Dynamites,Comilla Victorians,Shakib Al Hasan,Mosaddek Hossain,Rashid Khan,0,0,,,,,,,,,
1121265,2017/18,2017-11-20,"Shere Bangla National Stadium, Mirpur",1,15.1,Dhaka Dynamites,Comilla Victorians,Mosaddek Hossain,Shakib Al Hasan,Hasan Ali,0,0,,,,,,bowled,Mosaddek Hossain,,
1121265,2017/18,2017-11-20,"Shere Bangla National Stadium, Mirpur",1,15.2,Dhaka Dynamites,Comilla Victorians,Jahurul Islam,Shakib Al Hasan,Hasan Ali,1,0,,,,,,,,,
1121265,2017/18,2017-11-20,"Shere Bangla National Stadium, Mirpur",1,15.3,Dhaka Dynamites,Comilla Victorians,Shakib Al Hasan,Jahurul Islam,Hasan Ali,1,0,,,,,,,,,
1121265,2017/18,2017-11-20,"Shere Bangla National Stadium, Mirpur",1,15.4,Dhaka Dynamites,Comilla Victorians,Jahurul Islam,Shakib Al Hasan,Hasan Ali,0,0,,,,,,,,,
1121265,2017/18,2017-11-20,"Shere Bangla National Stadium, Mirpur",1,15.5,Dhaka Dynamites,Comilla Victorians,Jahurul Islam,Shakib Al Hasan,Hasan Ali,1,0,,,,,,,,,
1121265,2017/18,2017-11-20,"Shere Bangla National Stadium, Mirpur",1,15.6,Dhaka Dynamites,Comilla Victorians,Shakib Al Hasan,Jahurul Islam,Hasan Ali,0,0,,,,,,,,,
1121265,2017/18,2017-11-20,"Shere Bangla National Stadium, Mirpur",1,16.1,Dhaka Dynamites,Comilla Victorians,Jahurul Islam,Shakib Al Hasan,Rashid Khan,0,0,,,,,,,,,
1121265,2017/18,2017-11-20,"Shere Bangla National Stadium, Mirpur",1,16.2,Dhaka Dynamites,Comilla Victorians,Jahurul Islam,Shakib Al Hasan,Rashid Khan,0,0,,,,,,,,,
1121265,2017/18,2017-11-20,"Shere Bangla National Stadium, Mirpur",1,16.3,Dhaka Dynamites,Comilla Victorians,Jahurul Islam,Shakib Al Hasan,Rashid Khan,0,0,,,,,,,,,
1121265,2017/18,2017-11-20,"Shere Bangla National Stadium, Mirpur",1,16.4,Dhaka Dynamites,Comilla Victorians,Jahurul Islam,Shakib Al Hasan,Rashid Khan,0,0,,,,,,,,,
1121265,2017/18,2017-11-20,"Shere Bangla National Stadium, Mirpur",1,16.5,Dhaka Dynamites,Comilla Victorians,Jahurul Islam,Shakib Al Hasan,Rashid Khan,0,0,,,,,,lbw,Jahurul Islam,,
1121265,2017/18,2017-11-20,"Shere Bangla National Stadium, Mirpur",1,16.6,Dhaka Dynamites,Comilla Victorians,Mohammad Saddam,Shakib Al Hasan,Rashid Khan,0,0,,,,,,,,,
1121265,2017/18,2017-11-20,"Shere Bangla National Stadium, Mirpur",1,17.1,Dhaka Dynamites,Comilla Victorians,Shakib Al Hasan,Mohammad Saddam,Mohammad Saifuddin,1,0,,,,,,,,,
1121265,2017/18,2017-11-20,"Shere Bangla National Stadium, Mirpur",1,17.2,Dhaka Dynamites,Comilla Victorians,Mohammad Saddam,Shakib Al Hasan,Mohammad Saifuddin,1,0,,,,,,,,,
1121265,2017/18,2017-11-20,"Shere Bangla National Stadium, Mirpur",1,17.3,Dhaka Dynamites,Comilla Victorians,Shakib Al Hasan,Mohammad Saddam,Mohammad Saifuddin,0,0,,,,,,,,,
1121265,2017/18,2017-11-20,"Shere Bangla National Stadium, Mirpur",1,17.4,Dhaka Dynamites,Comilla Victorians,Shakib Al Hasan,Mohammad Saddam,Mohammad Saifuddin,0,0,,,,,,bowled,Shakib Al Hasan,,
1121265,2017/18,2017-11-20,"Shere Bangla National Stadium, Mirpur",1,17.5,Dhaka Dynamites,Comilla Victorians,Mohammad Amir,Mohammad Saddam,Mohammad Saifuddin,2,0,,,,,,,,,
1121265,2017/18,2017-11-20,"Shere Bangla National Stadium, Mirpur",1,17.6,Dhaka Dynamites,Comilla Victorians,Mohammad Amir,Mohammad Saddam,Mohammad Saifuddin,4,0,,,,,,,,,
1121265,2017/18,2017-11-20,"Shere Bangla National Stadium, Mirpur",1,18.1,Dhaka Dynamites,Comilla Victorians,Mohammad Saddam,Mohammad Amir,Hasan Ali,0,0,,,,,,bowled,Mohammad Saddam,,
1121265,2017/18,2017-11-20,"Shere Bangla National Stadium, Mirpur",1,18.2,Dhaka Dynamites,Comilla Victorians,Abu Hider,Mohammad Amir,Hasan Ali,0,0,,,,,,,,,
1121265,2017/18,2017-11-20,"Shere Bangla National Stadium, Mirpur",1,18.3,Dhaka Dynamites,Comilla Victorians,Abu Hider,Mohammad Amir,Hasan Ali,0,0,,,,,,bowled,Abu Hider,,
1121265,2017/18,2017-11-20,"Shere Bangla National Stadium, Mirpur",2,0.1,Comilla Victorians,Dhaka Dynamites,Tamim Iqbal,Liton Das,Mohammad Amir,4,0,,,,,,,,,
1121265,2017/18,2017-11-20,"Shere Bangla National Stadium, Mirpur",2,0.2,Comilla Victorians,Dhaka Dynamites,Tamim Iqbal,Liton Das,Mohammad Amir,4,0,,,,,,,,,
1121265,2017/18,2017-11-20,"Shere Bangla National Stadium, Mirpur",2,0.3,Comilla Victorians,Dhaka Dynamites,Tamim Iqbal,Liton Das,Mohammad Amir,2,0,,,,,,,,,
1121265,2017/18,2017-11-20,"Shere Bangla National Stadium, Mirpur",2,0.4,Comilla Victorians,Dhaka Dynamites,Tamim Iqbal,Liton Das,Mohammad Amir,0,5,5,,,,,,,,
1121265,2017/18,2017-11-20,"Shere Bangla National Stadium, Mirpur",2,0.5,Comilla Victorians,Dhaka Dynamites,Tamim Iqbal,Liton Das,Mohammad Amir,0,0,,,,,,,,,
1121265,2017/18,2017-11-20,"Shere Bangla National Stadium, Mirpur",2,0.6,Comilla Victorians,Dhaka Dynamites,Tamim Iqbal,Liton Das,Mohammad Amir,0,0,,,,,,,,,
1121265,2017/18,2017-11-20,"Shere Bangla National Stadium, Mirpur",2,0.7,Comilla Victorians,Dhaka Dynamites,Tamim Iqbal,Liton Das,Mohammad Amir,1,0,,,,,,,,,
1121265,2017/18,2017-11-20,"Shere Bangla National Stadium, Mirpur",2,1.1,Comilla Victorians,Dhaka Dynamites,Tamim Iqbal,Liton Das,Abu Hider,1,0,,,,,,,,,
1121265,2017/18,2017-11-20,"Shere Bangla National Stadium, Mirpur",2,1.2,Comilla Victorians,Dhaka Dynamites,Liton Das,Tamim Iqbal,Abu Hider,0,0,,,,,,,,,
1121265,2017/18,2017-11-20,"Shere Bangla National Stadium, Mirpur",2,1.3,Comilla Victorians,Dhaka Dynamites,Liton Das,Tamim Iqbal,Abu Hider,0,0,,,,,,,,,
1121265,2017/18,2017-11-20,"Shere Bangla National Stadium, Mirpur",2,1.4,Comilla Victorians,Dhaka Dynamites,Liton Das,Tamim Iqbal,Abu Hider,0,0,,,,,,bowled,Liton Das,,
1121265,2017/18,2017-11-20,"Shere Bangla National Stadium, Mirpur",2,1.5,Comilla Victorians,Dhaka Dynamites,Imrul Kayes,Tamim Iqbal,Abu Hider,0,0,,,,,,,,,
1121265,2017/18,2017-11-20,"Shere Bangla National Stadium, Mirpur",2,1.6,Comilla Victorians,Dhaka Dynamites,Imrul Kayes,Tamim Iqbal,Abu Hider,0,0,,,,,,,,,
1121265,2017/18,2017-11-20,"Shere Bangla National Stadium, Mirpur",2,2.1,Comilla Victorians,Dhaka Dynamites,Tamim Iqbal,Imrul Kayes,SP Narine,6,0,,,,,,,,,
1121265,2017/18,2017-11-20,"Shere Bangla National Stadium, Mirpur",2,2.2,Comilla Victorians,Dhaka Dynamites,Tamim Iqbal,Imrul Kayes,SP Narine,0,0,,,,,,stumped,Tamim Iqbal,,
1121265,2017/18,2017-11-20,"Shere Bangla National Stadium, Mirpur",2,2.3,Comilla Victorians,Dhaka Dynamites,Shoaib Malik,Imrul Kayes,SP Narine,0,0,,,,,,,,,
1121265,2017/18,2017-11-20,"Shere Bangla National Stadium, Mirpur",2,2.4,Comilla Victorians,Dhaka Dynamites,Shoaib Malik,Imrul Kayes,SP Narine,0,0,,,,,,,,,
1121265,2017/18,2017-11-20,"Shere Bangla National Stadium, Mirpur",2,2.5,Comilla Victorians,Dhaka Dynamites,Shoaib Malik,Imrul Kayes,SP Narine,0,0,,,,,,,,,
1121265,2017/18,2017-11-20,"Shere Bangla National Stadium, Mirpur",2,2.6,Comilla Victorians,Dhaka Dynamites,Shoaib Malik,Imrul Kayes,SP Narine,0,0,,,,,,,,,
1121265,2017/18,2017-11-20,"Shere Bangla National Stadium, Mirpur",2,3.1,Comilla Victorians,Dhaka Dynamites,Imrul Kayes,Shoaib Malik,Abu Hider,4,0,,,,,,,,,
1121265,2017/18,2017-11-20,"Shere Bangla National Stadium, Mirpur",2,3.2,Comilla Victorians,Dhaka Dynamites,Imrul Kayes,Shoaib Malik,Abu Hider,0,0,,,,,,,,,
1121265,2017/18,2017-11-20,"Shere Bangla National Stadium, Mirpur",2,3.3,Comilla Victorians,Dhaka Dynamites,Imrul Kayes,Shoaib Malik,Abu Hider,0,0,,,,,,,,,
1121265,2017/18,2017-11-20,"Shere Bangla National Stadium, Mirpur",2,3.4,Comilla Victorians,Dhaka Dynamites,Imrul Kayes,Shoaib Malik,Abu Hider,4,0,,,,,,,,,
1121265,2017/18,2017-11-20,"Shere Bangla National Stadium, Mirpur",2,3.5,Comilla Victorians,Dhaka Dynamites,Imrul Kayes,Shoaib Malik,Abu Hider,0,0,,,,,,,,,
1121265,2017/18,2017-11-20,"Shere Bangla National Stadium, Mirpur",2,3.6,Comilla Victorians,Dhaka Dynamites,Imrul Kayes,Shoaib Malik,Abu Hider,2,0,,,,,,,,,
1121265,2017/18,2017-11-20,"Shere Bangla National Stadium, Mirpur",2,4.1,Comilla Victorians,Dhaka Dynamites,Shoaib Malik,Imrul Kayes,SP Narine,1,0,,,,,,,,,
1121265,2017/18,2017-11-20,"Shere Bangla National Stadium, Mirpur",2,4.2,Comilla Victorians,Dhaka Dynamites,Imrul Kayes,Shoaib Malik,SP Narine,0,0,,,,,,,,,
1121265,2017/18,2017-11-20,"Shere Bangla National Stadium, Mirpur",2,4.3,Comilla Victorians,Dhaka Dynamites,Imrul Kayes,Shoaib Malik,SP Narine,0,0,,,,,,,,,
1121265,2017/18,2017-11-20,"Shere Bangla National Stadium, Mirpur",2,4.4,Comilla Victorians,Dhaka Dynamites,Imrul Kayes,Shoaib Malik,SP Narine,1,0,,,,,,,,,
1121265,2017/18,2017-11-20,"Shere Bangla National Stadium, Mirpur",2,4.5,Comilla Victorians,Dhaka Dynamites,Shoaib Malik,Imrul Kayes,SP Narine,1,0,,,,,,,,,
1121265,2017/18,2017-11-20,"Shere Bangla National Stadium, Mirpur",2,4.6,Comilla Victorians,Dhaka Dynamites,Imrul Kayes,Shoaib Malik,SP Narine,2,0,,,,,,,,,
1121265,2017/18,2017-11-20,"Shere Bangla National Stadium, Mirpur",2,5.1,Comilla Victorians,Dhaka Dynamites,Shoaib Malik,Imrul Kayes,Mohammad Amir,0,0,,,,,,,,,
1121265,2017/18,2017-11-20,"Shere Bangla National Stadium, Mirpur",2,5.2,Comilla Victorians,Dhaka Dynamites,Shoaib Malik,Imrul Kayes,Mohammad Amir,0,0,,,,,,,,,
1121265,2017/18,2017-11-20,"Shere Bangla National Stadium, Mirpur",2,5.3,Comilla Victorians,Dhaka Dynamites,Shoaib Malik,Imrul Kayes,Mohammad Amir,0,0,,,,,,,,,
1121265,2017/18,2017-11-20,"Shere Bangla National Stadium, Mirpur",2,5.4,Comilla Victorians,Dhaka Dynamites,Shoaib Malik,Imrul Kayes,Mohammad Amir,0,0,,,,,,,,,
1121265,2017/18,2017-11-20,"Shere Bangla National Stadium, Mirpur",2,5.5,Comilla Victorians,Dhaka Dynamites,Shoaib Malik,Imrul Kayes,Mohammad Amir,0,0,,,,,,,,,
1121265,2017/18,2017-11-20,"Shere Bangla National Stadium, Mirpur",2,5.6,Comilla Victorians,Dhaka Dynamites,Shoaib Malik,Imrul Kayes,Mohammad Amir,2,0,,,,,,,,,
1121265,2017/18,2017-11-20,"Shere Bangla National Stadium, Mirpur",2,6.1,Comilla Victorians,Dhaka Dynamites,Imrul Kayes,Shoaib Malik,Shakib Al Hasan,1,0,,,,,,,,,
1121265,2017/18,2017-11-20,"Shere Bangla National Stadium, Mirpur",2,6.2,Comilla Victorians,Dhaka Dynamites,Shoaib Malik,Imrul Kayes,Shakib Al Hasan,1,0,,,,,,,,,
1121265,2017/18,2017-11-20,"Shere Bangla National Stadium, Mirpur",2,6.3,Comilla Victorians,Dhaka Dynamites,Imrul Kayes,Shoaib Malik,Shakib Al Hasan,0,0,,,,,,,,,
1121265,2017/18,2017-11-20,"Shere Bangla National Stadium, Mirpur",2,6.4,Comilla Victorians,Dhaka Dynamites,Imrul Kayes,Shoaib Malik,Shakib Al Hasan,0,0,,,,,,,,,
1121265,2017/18,2017-11-20,"Shere Bangla National Stadium, Mirpur",2,6.5,Comilla Victorians,Dhaka Dynamites,Imrul Kayes,Shoaib Malik,Shakib Al Hasan,1,0,,,,,,,,,
1121265,2017/18,2017-11-20,"Shere Bangla National Stadium, Mirpur",2,6.6,Comilla Victorians,Dhaka Dynamites,Shoaib Malik,Imrul Kayes,Shakib Al Hasan,0,0,,,,,,,,,
1121265,2017/18,2017-11-20,"Shere Bangla National Stadium, Mirpur",2,7.1,Comilla Victorians,Dhaka Dynamites,Imrul Kayes,Shoaib Malik,Mohammad Saddam,1,0,,,,,,,,,
1121265,2017/18,2017-11-20,"Shere Bangla National Stadium, Mirpur",2,7.2,Comilla Victorians,Dhaka Dynamites,Shoaib Malik,Imrul Kayes,Mohammad Saddam,1,0,,,,,,,,,
1121265,2017/18,2017-11-20,"Shere Bangla National Stadium, Mirpur",2,7.3,Comilla Victorians,Dhaka Dynamites,Imrul Kayes,Shoaib Malik,Mohammad Saddam,1,0,,,,,,,,,
1121265,2017/18,2017-11-20,"Shere Bangla National Stadium, Mirpur",2,7.4,Comilla Victorians,Dhaka Dynamites,Shoaib Malik,Imrul Kayes,Mohammad Saddam,0,1,1,,,,,,,,
1121265,2017/18,2017-11-20,"Shere Bangla National Stadium, Mirpur",2,7.5,Comilla Victorians,Dhaka Dynamites,Shoaib Malik,Imrul Kayes,Mohammad Saddam,4,0,,,,,,,,,
1121265,2017/18,2017-11-20,"Shere Bangla National Stadium, Mirpur",2,7.6,Comilla Victorians,Dhaka Dynamites,Shoaib Malik,Imrul Kayes,Mohammad Saddam,0,0,,,,,,,,,
1121265,2017/18,2017-11-20,"Shere Bangla National Stadium, Mirpur",2,7.7,Comilla Victorians,Dhaka Dynamites,Shoaib Malik,Imrul Kayes,Mohammad Saddam,1,0,,,,,,,,,
1121265,2017/18,2017-11-20,"Shere Bangla National Stadium, Mirpur",2,8.1,Comilla Victorians,Dhaka Dynamites,Shoaib Malik,Imrul Kayes,Shakib Al Hasan,1,0,,,,,,,,,
1121265,2017/18,2017-11-20,"Shere Bangla National Stadium, Mirpur",2,8.2,Comilla Victorians,Dhaka Dynamites,Imrul Kayes,Shoaib Malik,Shakib Al Hasan,0,0,,,,,,,,,
1121265,2017/18,2017-11-20,"Shere Bangla National Stadium, Mirpur",2,8.3,Comilla Victorians,Dhaka Dynamites,Imrul Kayes,Shoaib Malik,Shakib Al Hasan,1,0,,,,,,,,,
1121265,2017/18,2017-11-20,"Shere Bangla National Stadium, Mirpur",2,8.4,Comilla Victorians,Dhaka Dynamites,Shoaib Malik,Imrul Kayes,Shakib Al Hasan,1,0,,,,,,,,,
1121265,2017/18,2017-11-20,"Shere Bangla National Stadium, Mirpur",2,8.5,Comilla Victorians,Dhaka Dynamites,Imrul Kayes,Shoaib Malik,Shakib Al Hasan,0,0,,,,,,,,,
1121265,2017/18,2017-11-20,"Shere Bangla National Stadium, Mirpur",2,8.6,Comilla Victorians,Dhaka Dynamites,Imrul Kayes,Shoaib Malik,Shakib Al Hasan,1,0,,,,,,,,,
1121265,2017/18,2017-11-20,"Shere Bangla National Stadium, Mirpur",2,9.1,Comilla Victorians,Dhaka Dynamites,Imrul Kayes,Shoaib Malik,Mohammad Saddam,1,0,,,,,,,,,
1121265,2017/18,2017-11-20,"Shere Bangla National Stadium, Mirpur",2,9.2,Comilla Victorians,Dhaka Dynamites,Shoaib Malik,Imrul Kayes,Mohammad Saddam,1,0,,,,,,,,,
1121265,2017/18,2017-11-20,"Shere Bangla National Stadium, Mirpur",2,9.3,Comilla Victorians,Dhaka Dynamites,Imrul Kayes,Shoaib Malik,Mohammad Saddam,0,0,,,,,,caught,Imrul Kayes,,
1121265,2017/18,2017-11-20,"Shere Bangla National Stadium, Mirpur",2,9.4,Comilla Victorians,Dhaka Dynamites,DM Bravo,Shoaib Malik,Mohammad Saddam,0,0,,,,,,,,,
1121265,2017/18,2017-11-20,"Shere Bangla National Stadium, Mirpur",2,9.5,Comilla Victorians,Dhaka Dynamites,DM Bravo,Shoaib Malik,Mohammad Saddam,0,0,,,,,,,,,
1121265,2017/18,2017-11-20,"Shere Bangla National Stadium, Mirpur",2,9.6,Comilla Victorians,Dhaka Dynamites,DM Bravo,Shoaib Malik,Mohammad Saddam,4,0,,,,,,,,,
1121265,2017/18,2017-11-20,"Shere Bangla National Stadium, Mirpur",2,10.1,Comilla Victorians,Dhaka Dynamites,Shoaib Malik,DM Bravo,Mohammad Amir,1,0,,,,,,,,,
1121265,2017/18,2017-11-20,"Shere Bangla National Stadium, Mirpur",2,10.2,Comilla Victorians,Dhaka Dynamites,DM Bravo,Shoaib Malik,Mohammad Amir,0,0,,,,,,,,,
1121265,2017/18,2017-11-20,"Shere Bangla National Stadium, Mirpur",2,10.3,Comilla Victorians,Dhaka Dynamites,DM Bravo,Shoaib Malik,Mohammad Amir,1,0,,,,,,,,,
1121265,2017/18,2017-11-20,"Shere Bangla National Stadium, Mirpur",2,10.4,Comilla Victorians,Dhaka Dynamites,Shoaib Malik,DM Bravo,Mohammad Amir,1,0,,,,,,,,,
1121265,2017/18,2017-11-20,"Shere Bangla National Stadium, Mirpur",2,10.5,Comilla Victorians,Dhaka Dynamites,DM Bravo,Shoaib Malik,Mohammad Amir,1,0,,,,,,,,,
1121265,2017/18,2017-11-20,"Shere Bangla National Stadium, Mirpur",2,10.6,Comilla Victorians,Dhaka Dynamites,Shoaib Malik,DM Bravo,Mohammad Amir,1,0,,,,,,,,,
1121265,2017/18,2017-11-20,"Shere Bangla National Stadium, Mirpur",2,11.1,Comilla Victorians,Dhaka Dynamites,Shoaib Malik,DM Bravo,Abu Hider,1,0,,,,,,,,,
1121265,2017/18,2017-11-20,"Shere Bangla National Stadium, Mirpur",2,11.2,Comilla Victorians,Dhaka Dynamites,DM Bravo,Shoaib Malik,Abu Hider,0,0,,,,,,,,,
1121265,2017/18,2017-11-20,"Shere Bangla National Stadium, Mirpur",2,11.3,Comilla Victorians,Dhaka Dynamites,DM Bravo,Shoaib Malik,Abu Hider,1,0,,,,,,,,,
1121265,2017/18,2017-11-20,"Shere Bangla National Stadium, Mirpur",2,11.4,Comilla Victorians,Dhaka Dynamites,Shoaib Malik,DM Bravo,Abu Hider,1,0,,,,,,,,,
1121265,2017/18,2017-11-20,"Shere Bangla National Stadium, Mirpur",2,11.5,Comilla Victorians,Dhaka Dynamites,DM Bravo,Shoaib Malik,Abu Hider,4,0,,,,,,,,,
1121265,2017/18,2017-11-20,"Shere Bangla National Stadium, Mirpur",2,11.6,Comilla Victorians,Dhaka Dynamites,DM Bravo,Shoaib Malik,Abu Hider,1,0,,,,,,,,,
1121265,2017/18,2017-11-20,"Shere Bangla National Stadium, Mirpur",2,12.1,Comilla Victorians,Dhaka Dynamites,DM Bravo,Shoaib Malik,SP Narine,0,0,,,,,,caught,DM Bravo,,
1121265,2017/18,2017-11-20,"Shere Bangla National Stadium, Mirpur",2,12.2,Comilla Victorians,Dhaka Dynamites,JC Buttler,Shoaib Malik,SP Narine,1,0,,,,,,,,,
1121265,2017/18,2017-11-20,"Shere Bangla National Stadium, Mirpur",2,12.3,Comilla Victorians,Dhaka Dynamites,Shoaib Malik,JC Buttler,SP Narine,0,0,,,,,,,,,
1121265,2017/18,2017-11-20,"Shere Bangla National Stadium, Mirpur",2,12.4,Comilla Victorians,Dhaka Dynamites,Shoaib Malik,JC Buttler,SP Narine,0,0,,,,,,,,,
1121265,2017/18,2017-11-20,"Shere Bangla National Stadium, Mirpur",2,12.5,Comilla Victorians,Dhaka Dynamites,Shoaib Malik,JC Buttler,SP Narine,0,0,,,,,,,,,
1121265,2017/18,2017-11-20,"Shere Bangla National Stadium, Mirpur",2,12.6,Comilla Victorians,Dhaka Dynamites,Shoaib Malik,JC Buttler,SP Narine,0,0,,,,,,,,,
1121265,2017/18,2017-11-20,"Shere Bangla National Stadium, Mirpur",2,13.1,Comilla Victorians,Dhaka Dynamites,JC Buttler,Shoaib Malik,Shakib Al Hasan,1,0,,,,,,,,,
1121265,2017/18,2017-11-20,"Shere Bangla National Stadium, Mirpur",2,13.2,Comilla Victorians,Dhaka Dynamites,Shoaib Malik,JC Buttler,Shakib Al Hasan,4,0,,,,,,,,,
1121265,2017/18,2017-11-20,"Shere Bangla National Stadium, Mirpur",2,13.3,Comilla Victorians,Dhaka Dynamites,Shoaib Malik,JC Buttler,Shakib Al Hasan,1,0,,,,,,,,,
1121265,2017/18,2017-11-20,"Shere Bangla National Stadium, Mirpur",2,13.4,Comilla Victorians,Dhaka Dynamites,JC Buttler,Shoaib Malik,Shakib Al Hasan,1,0,,,,,,,,,
1121265,2017/18,2017-11-20,"Shere Bangla National Stadium, Mirpur",2,13.5,Comilla Victorians,Dhaka Dynamites,Shoaib Malik,JC Buttler,Shakib Al Hasan,1,0,,,,,,,,,
1121265,2017/18,2017-11-20,"Shere Bangla National Stadium, Mirpur",2,13.6,Comilla Victorians,Dhaka Dynamites,JC Buttler,Shoaib Malik,Shakib Al Hasan,1,0,,,,,,,,,
1121265,2017/18,2017-11-20,"Shere Bangla National Stadium, Mirpur",2,14.1,Comilla Victorians,Dhaka Dynamites,JC Buttler,Shoaib Malik,Abu Hider,2,0,,,,,,,,,
1121265,2017/18,2017-11-20,"Shere Bangla National Stadium, Mirpur",2,14.2,Comilla Victorians,Dhaka Dynamites,JC Buttler,Shoaib Malik,Abu Hider,1,0,,,,,,,,,
1121265,2017/18,2017-11-20,"Shere Bangla National Stadium, Mirpur",2,14.3,Comilla Victorians,Dhaka Dynamites,Shoaib Malik,JC Buttler,Abu Hider,1,0,,,,,,,,,
1121265,2017/18,2017-11-20,"Shere Bangla National Stadium, Mirpur",2,14.4,Comilla Victorians,Dhaka Dynamites,JC Buttler,Shoaib Malik,Abu Hider,0,0,,,,,,,,,
1121265,2017/18,2017-11-20,"Shere Bangla National Stadium, Mirpur",2,14.5,Comilla Victorians,Dhaka Dynamites,JC Buttler,Shoaib Malik,Abu Hider,1,0,,,,,,,,,
1121265,2017/18,2017-11-20,"Shere Bangla National Stadium, Mirpur",2,14.6,Comilla Victorians,Dhaka Dynamites,Shoaib Malik,JC Buttler,Abu Hider,1,0,,,,,,,,,
1121265,2017/18,2017-11-20,"Shere Bangla National Stadium, Mirpur",2,15.1,Comilla Victorians,Dhaka Dynamites,Shoaib Malik,JC Buttler,Shakib Al Hasan,2,0,,,,,,,,,
1121265,2017/18,2017-11-20,"Shere Bangla National Stadium, Mirpur",2,15.2,Comilla Victorians,Dhaka Dynamites,Shoaib Malik,JC Buttler,Shakib Al Hasan,1,0,,,,,,,,,
1121265,2017/18,2017-11-20,"Shere Bangla National Stadium, Mirpur",2,15.3,Comilla Victorians,Dhaka Dynamites,JC Buttler,Shoaib Malik,Shakib Al Hasan,2,0,,,,,,,,,
1121265,2017/18,2017-11-20,"Shere Bangla National Stadium, Mirpur",2,15.4,Comilla Victorians,Dhaka Dynamites,JC Buttler,Shoaib Malik,Shakib Al Hasan,1,0,,,,,,,,,
1121265,2017/18,2017-11-20,"Shere Bangla National Stadium, Mirpur",2,15.5,Comilla Victorians,Dhaka Dynamites,Shoaib Malik,JC Buttler,Shakib Al Hasan,0,0,,,,,,,,,
1121265,2017/18,2017-11-20,"Shere Bangla National Stadium, Mirpur",2,15.6,Comilla Victorians,Dhaka Dynamites,Shoaib Malik,JC Buttler,Shakib Al Hasan,1,0,,,,,,,,,
1121265,2017/18,2017-11-20,"Shere Bangla National Stadium, Mirpur",2,16.1,Comilla Victorians,Dhaka Dynamites,Shoaib Malik,JC Buttler,Mohammad Amir,1,0,,,,,,,,,
1121265,2017/18,2017-11-20,"Shere Bangla National Stadium, Mirpur",2,16.2,Comilla Victorians,Dhaka Dynamites,JC Buttler,Shoaib Malik,Mohammad Amir,0,0,,,,,,bowled,JC Buttler,,
1121265,2017/18,2017-11-20,"Shere Bangla National Stadium, Mirpur",2,16.3,Comilla Victorians,Dhaka Dynamites,Mohammad Saifuddin,Shoaib Malik,Mohammad Amir,4,0,,,,,,,,,
1121265,2017/18,2017-11-20,"Shere Bangla National Stadium, Mirpur",2,16.4,Comilla Victorians,Dhaka Dynamites,Mohammad Saifuddin,Shoaib Malik,Mohammad Amir,0,0,,,,,,caught,Mohammad Saifuddin,,
1121265,2017/18,2017-11-20,"Shere Bangla National Stadium, Mirpur",2,16.5,Comilla Victorians,Dhaka Dynamites,Mahedi Hasan,Shoaib Malik,Mohammad Amir,0,0,,,,,,,,,
1121265,2017/18,2017-11-20,"Shere Bangla National Stadium, Mirpur",2,16.6,Comilla Victorians,Dhaka Dynamites,Mahedi Hasan,Shoaib Malik,Mohammad Amir,0,0,,,,,,,,,
1121265,2017/18,2017-11-20,"Shere Bangla National Stadium, Mirpur",2,17.1,Comilla Victorians,Dhaka Dynamites,Shoaib Malik,Mahedi Hasan,Mohammad Saddam,1,0,,,,,,,,,
1121265,2017/18,2017-11-20,"Shere Bangla National Stadium, Mirpur",2,17.2,Comilla Victorians,Dhaka Dynamites,Mahedi Hasan,Shoaib Malik,Mohammad Saddam,0,1,1,,,,,,,,
1121265,2017/18,2017-11-20,"Shere Bangla National Stadium, Mirpur",2,17.3,Comilla Victorians,Dhaka Dynamites,Mahedi Hasan,Shoaib Malik,Mohammad Saddam,1,0,,,,,,,,,
1121265,2017/18,2017-11-20,"Shere Bangla National Stadium, Mirpur",2,17.4,Comilla Victorians,Dhaka Dynamites,Shoaib Malik,Mahedi Hasan,Mohammad Saddam,0,0,,,,,,,,,
1121265,2017/18,2017-11-20,"Shere Bangla National Stadium, Mirpur",2,17.5,Comilla Victorians,Dhaka Dynamites,Shoaib Malik,Mahedi Hasan,Mohammad Saddam,2,0,,,,,,,,,
1121265,2017/18,2017-11-20,"Shere Bangla National Stadium, Mirpur",2,17.6,Comilla Victorians,Dhaka Dynamites,Shoaib Malik,Mahedi Hasan,Mohammad Saddam,6,0,,,,,,,,,
1121265,2017/18,2017-11-20,"Shere Bangla National Stadium, Mirpur",2,17.7,Comilla Victorians,Dhaka Dynamites,Shoaib Malik,Mahedi Hasan,Mohammad Saddam,1,0,,,,,,,,,
1121265,2017/18,2017-11-20,"Shere Bangla National Stadium, Mirpur",2,18.1,Comilla Victorians,Dhaka Dynamites,Shoaib Malik,Mahedi Hasan,SP Narine,0,0,,,,,,,,,
1121265,2017/18,2017-11-20,"Shere Bangla National Stadium, Mirpur",2,18.2,Comilla Victorians,Dhaka Dynamites,Shoaib Malik,Mahedi Hasan,SP Narine,1,0,,,,,,,,,
1121265,2017/18,2017-11-20,"Shere Bangla National Stadium, Mirpur",2,18.3,Comilla Victorians,Dhaka Dynamites,Mahedi Hasan,Shoaib Malik,SP Narine,1,0,,,,,,,,,
1121265,2017/18,2017-11-20,"Shere Bangla National Stadium, Mirpur",2,18.4,Comilla Victorians,Dhaka Dynamites,Shoaib Malik,Mahedi Hasan,SP Narine,1,0,,,,,,,,,
1121265,2017/18,2017-11-20,"Shere Bangla National Stadium, Mirpur",2,18.5,Comilla Victorians,Dhaka Dynamites,Mahedi Hasan,Shoaib Malik,SP Narine,1,0,,,,,,,,,
1121265,2017/18,2017-11-20,"Shere Bangla National Stadium, Mirpur",2,18.6,Comilla Victorians,Dhaka Dynamites,Shoaib Malik,Mahedi Hasan,SP Narine,1,0,,,,,,,,,
1121265,2017/18,2017-11-20,"Shere Bangla National Stadium, Mirpur",2,19.1,Comilla Victorians,Dhaka Dynamites,Shoaib Malik,Mahedi Hasan,Mohammad Saddam,4,0,,,,,,,,,
1121265,2017/18,2017-11-20,"Shere Bangla National Stadium, Mirpur",2,19.2,Comilla Victorians,Dhaka Dynamites,Shoaib Malik,Mahedi Hasan,Mohammad Saddam,0,0,,,,,,,,,
1121265,2017/18,2017-11-20,"Shere Bangla National Stadium, Mirpur",2,19.3,Comilla Victorians,Dhaka Dynamites,Shoaib Malik,Mahedi Hasan,Mohammad Saddam,4,0,,,,,,,,,
1121265,2017/18,2017-11-20,"Shere Bangla National Stadium, Mirpur",2,19.4,Comilla Victorians,Dhaka Dynamites,Shoaib Malik,Mahedi Hasan,Mohammad Saddam,1,0,,,,,,,,,
