match_id,season,start_date,venue,innings,ball,batting_team,bowling_team,striker,non_striker,bowler,runs_off_bat,extras,wides,noballs,byes,legbyes,penalty,wicket_type,player_dismissed,other_wicket_type,other_player_dismissed
1121290,2017/18,2017-12-12,"Shere Bangla National Stadium, Mirpur",1,0.1,Rangpur Riders,Dhaka Dynamites,J Charles,CH Gayle,Mosaddek Hossain,1,0,,,,,,,,,
1121290,2017/18,2017-12-12,"Shere Bangla National Stadium, Mirpur",1,0.2,Rangpur Riders,Dhaka Dynamites,CH Gayle,J Charles,Mosaddek Hossain,0,0,,,,,,,,,
1121290,2017/18,2017-12-12,"Shere Bangla National Stadium, Mirpur",1,0.3,Rangpur Riders,Dhaka Dynamites,CH Gayle,J Charles,Mosaddek Hossain,1,0,,,,,,,,,
1121290,2017/18,2017-12-12,"Shere Bangla National Stadium, Mirpur",1,0.4,Rangpur Riders,Dhaka Dynamites,J Charles,CH Gayle,Mosaddek Hossain,1,0,,,,,,,,,
1121290,2017/18,2017-12-12,"Shere Bangla National Stadium, Mirpur",1,0.5,Rangpur Riders,Dhaka Dynamites,CH Gayle,J Charles,Mosaddek Hossain,1,0,,,,,,,,,
1121290,2017/18,2017-12-12,"Shere Bangla National Stadium, Mirpur",1,0.6,Rangpur Riders,Dhaka Dynamites,J Charles,CH Gayle,Mosaddek Hossain,1,0,,,,,,,,,
1121290,2017/18,2017-12-12,"Shere Bangla National Stadium, Mirpur",1,1.1,Rangpur Riders,Dhaka Dynamites,J Charles,CH Gayle,Shakib Al Hasan,0,0,,,,,,,,,
1121290,2017/18,2017-12-12,"Shere Bangla National Stadium, Mirpur",1,1.2,Rangpur Riders,Dhaka Dynamites,J Charles,CH Gayle,Shakib Al Hasan,0,0,,,,,,,,,
1121290,2017/18,2017-12-12,"Shere Bangla National Stadium, Mirpur",1,1.3,Rangpur Riders,Dhaka Dynamites,J Charles,CH Gayle,Shakib Al Hasan,0,0,,,,,,,,,
1121290,2017/18,2017-12-12,"Shere Bangla National Stadium, Mirpur",1,1.4,Rangpur Riders,Dhaka Dynamites,J Charles,CH Gayle,Shakib Al Hasan,0,0,,,,,,,,,
1121290,2017/18,2017-12-12,"Shere Bangla National Stadium, Mirpur",1,1.5,Rangpur Riders,Dhaka Dynamites,J Charles,CH Gayle,Shakib Al Hasan,0,0,,,,,,caught and bowled,J Charles,,
1121290,2017/18,2017-12-12,"Shere Bangla National Stadium, Mirpur",1,1.6,Rangpur Riders,Dhaka Dynamites,BB McCullum,CH Gayle,Shakib Al Hasan,0,0,,,,,,,,,
1121290,2017/18,2017-12-12,"Shere Bangla National Stadium, Mirpur",1,2.1,Rangpur Riders,Dhaka Dynamites,CH Gayle,BB McCullum,Mosaddek Hossain,4,0,,,,,,,,,
1121290,2017/18,2017-12-12,"Shere Bangla National Stadium, Mirpur",1,2.2,Rangpur Riders,Dhaka Dynamites,CH Gayle,BB McCullum,Mosaddek Hossain,0,0,,,,,,,,,
1121290,2017/18,2017-12-12,"Shere Bangla National Stadium, Mirpur",1,2.3,Rangpur Riders,Dhaka Dynamites,CH Gayle,BB McCullum,Mosaddek Hossain,0,0,,,,,,,,,
1121290,2017/18,2017-12-12,"Shere Bangla National Stadium, Mirpur",1,2.4,Rangpur Riders,Dhaka Dynamites,CH Gayle,BB McCullum,Mosaddek Hossain,0,0,,,,,,,,,
1121290,2017/18,2017-12-12,"Shere Bangla National Stadium, Mirpur",1,2.5,Rangpur Riders,Dhaka Dynamites,CH Gayle,BB McCullum,Mosaddek Hossain,0,0,,,,,,,,,
1121290,2017/18,2017-12-12,"Shere Bangla National Stadium, Mirpur",1,2.6,Rangpur Riders,Dhaka Dynamites,CH Gayle,BB McCullum,Mosaddek Hossain,4,0,,,,,,,,,
1121290,2017/18,2017-12-12,"Shere Bangla National Stadium, Mirpur",1,3.1,Rangpur Riders,Dhaka Dynamites,BB McCullum,CH Gayle,Shakib Al Hasan,0,0,,,,,,,,,
1121290,2017/18,2017-12-12,"Shere Bangla National Stadium, Mirpur",1,3.2,Rangpur Riders,Dhaka Dynamites,BB McCullum,CH Gayle,Shakib Al Hasan,1,0,,,,,,,,,
1121290,2017/18,2017-12-12,"Shere Bangla National Stadium, Mirpur",1,3.3,Rangpur Riders,Dhaka Dynamites,CH Gayle,BB McCullum,Shakib Al Hasan,1,0,,,,,,,,,
1121290,2017/18,2017-12-12,"Shere Bangla National Stadium, Mirpur",1,3.4,Rangpur Riders,Dhaka Dynamites,BB McCullum,CH Gayle,Shakib Al Hasan,1,0,,,,,,,,,
1121290,2017/18,2017-12-12,"Shere Bangla National Stadium, Mirpur",1,3.5,Rangpur Riders,Dhaka Dynamites,CH Gayle,BB McCullum,Shakib Al Hasan,0,0,,,,,,,,,
1121290,2017/18,2017-12-12,"Shere Bangla National Stadium, Mirpur",1,3.6,Rangpur Riders,Dhaka Dynamites,CH Gayle,BB McCullum,Shakib Al Hasan,4,0,,,,,,,,,
1121290,2017/18,2017-12-12,"Shere Bangla National Stadium, Mirpur",1,4.1,Rangpur Riders,Dhaka Dynamites,BB McCullum,CH Gayle,SP Narine,0,0,,,,,,,,,
1121290,2017/18,2017-12-12,"Shere Bangla National Stadium, Mirpur",1,4.2,Rangpur Riders,Dhaka Dynamites,BB McCullum,CH Gayle,SP Narine,1,0,,,,,,,,,
1121290,2017/18,2017-12-12,"Shere Bangla National Stadium, Mirpur",1,4.3,Rangpur Riders,Dhaka Dynamites,CH Gayle,BB McCullum,SP Narine,1,0,,,,,,,,,
1121290,2017/18,2017-12-12,"Shere Bangla National Stadium, Mirpur",1,4.4,Rangpur Riders,Dhaka Dynamites,BB McCullum,CH Gayle,SP Narine,0,0,,,,,,,,,
1121290,2017/18,2017-12-12,"Shere Bangla National Stadium, Mirpur",1,4.5,Rangpur Riders,Dhaka Dynamites,BB McCullum,CH Gayle,SP Narine,0,0,,,,,,,,,
1121290,2017/18,2017-12-12,"Shere Bangla National Stadium, Mirpur",1,4.6,Rangpur Riders,Dhaka Dynamites,BB McCullum,CH Gayle,SP Narine,0,0,,,,,,,,,
1121290,2017/18,2017-12-12,"Shere Bangla National Stadium, Mirpur",1,5.1,Rangpur Riders,Dhaka Dynamites,CH Gayle,BB McCullum,Mosaddek Hossain,0,0,,,,,,,,,
1121290,2017/18,2017-12-12,"Shere Bangla National Stadium, Mirpur",1,5.2,Rangpur Riders,Dhaka Dynamites,CH Gayle,BB McCullum,Mosaddek Hossain,6,0,,,,,,,,,
1121290,2017/18,2017-12-12,"Shere Bangla National Stadium, Mirpur",1,5.3,Rangpur Riders,Dhaka Dynamites,CH Gayle,BB McCullum,Mosaddek Hossain,0,0,,,,,,,,,
1121290,2017/18,2017-12-12,"Shere Bangla National Stadium, Mirpur",1,5.4,Rangpur Riders,Dhaka Dynamites,CH Gayle,BB McCullum,Mosaddek Hossain,6,0,,,,,,,,,
1121290,2017/18,2017-12-12,"Shere Bangla National Stadium, Mirpur",1,5.5,Rangpur Riders,Dhaka Dynamites,CH Gayle,BB McCullum,Mosaddek Hossain,1,0,,,,,,,,,
1121290,2017/18,2017-12-12,"Shere Bangla National Stadium, Mirpur",1,5.6,Rangpur Riders,Dhaka Dynamites,BB McCullum,CH Gayle,Mosaddek Hossain,6,0,,,,,,,,,
1121290,2017/18,2017-12-12,"Shere Bangla National Stadium, Mirpur",1,6.1,Rangpur Riders,Dhaka Dynamites,CH Gayle,BB McCullum,SP Narine,1,0,,,,,,,,,
1121290,2017/18,2017-12-12,"Shere Bangla National Stadium, Mirpur",1,6.2,Rangpur Riders,Dhaka Dynamites,BB McCullum,CH Gayle,SP Narine,4,0,,,,,,,,,
1121290,2017/18,2017-12-12,"Shere Bangla National Stadium, Mirpur",1,6.3,Rangpur Riders,Dhaka Dynamites,BB McCullum,CH Gayle,SP Narine,0,0,,,,,,,,,
1121290,2017/18,2017-12-12,"Shere Bangla National Stadium, Mirpur",1,6.4,Rangpur Riders,Dhaka Dynamites,BB McCullum,CH Gayle,SP Narine,1,0,,,,,,,,,
1121290,2017/18,2017-12-12,"Shere Bangla National Stadium, Mirpur",1,6.5,Rangpur Riders,Dhaka Dynamites,CH Gayle,BB McCullum,SP Narine,0,0,,,,,,,,,
1121290,2017/18,2017-12-12,"Shere Bangla National Stadium, Mirpur",1,6.6,Rangpur Riders,Dhaka Dynamites,CH Gayle,BB McCullum,SP Narine,0,0,,,,,,,,,
1121290,2017/18,2017-12-12,"Shere Bangla National Stadium, Mirpur",1,7.1,Rangpur Riders,Dhaka Dynamites,BB McCullum,CH Gayle,Shahid Afridi,1,0,,,,,,,,,
1121290,2017/18,2017-12-12,"Shere Bangla National Stadium, Mirpur",1,7.2,Rangpur Riders,Dhaka Dynamites,CH Gayle,BB McCullum,Shahid Afridi,1,0,,,,,,,,,
1121290,2017/18,2017-12-12,"Shere Bangla National Stadium, Mirpur",1,7.3,Rangpur Riders,Dhaka Dynamites,BB McCullum,CH Gayle,Shahid Afridi,1,0,,,,,,,,,
1121290,2017/18,2017-12-12,"Shere Bangla National Stadium, Mirpur",1,7.4,Rangpur Riders,Dhaka Dynamites,CH Gayle,BB McCullum,Shahid Afridi,0,0,,,,,,,,,
1121290,2017/18,2017-12-12,"Shere Bangla National Stadium, Mirpur",1,7.5,Rangpur Riders,Dhaka Dynamites,CH Gayle,BB McCullum,Shahid Afridi,1,0,,,,,,,,,
1121290,2017/18,2017-12-12,"Shere Bangla National Stadium, Mirpur",1,7.6,Rangpur Riders,Dhaka Dynamites,BB McCullum,CH Gayle,Shahid Afridi,0,0,,,,,,,,,
1121290,2017/18,2017-12-12,"Shere Bangla National Stadium, Mirpur",1,8.1,Rangpur Riders,Dhaka Dynamites,CH Gayle,BB McCullum,Abu Hider,0,0,,,,,,,,,
1121290,2017/18,2017-12-12,"Shere Bangla National Stadium, Mirpur",1,8.2,Rangpur Riders,Dhaka Dynamites,CH Gayle,BB McCullum,Abu Hider,0,0,,,,,,,,,
1121290,2017/18,2017-12-12,"Shere Bangla National Stadium, Mirpur",1,8.3,Rangpur Riders,Dhaka Dynamites,CH Gayle,BB McCullum,Abu Hider,1,0,,,,,,,,,
1121290,2017/18,2017-12-12,"Shere Bangla National Stadium, Mirpur",1,8.4,Rangpur Riders,Dhaka Dynamites,BB McCullum,CH Gayle,Abu Hider,6,0,,,,,,,,,
1121290,2017/18,2017-12-12,"Shere Bangla National Stadium, Mirpur",1,8.5,Rangpur Riders,Dhaka Dynamites,BB McCullum,CH Gayle,Abu Hider,0,0,,,,,,,,,
1121290,2017/18,2017-12-12,"Shere Bangla National Stadium, Mirpur",1,8.6,Rangpur Riders,Dhaka Dynamites,BB McCullum,CH Gayle,Abu Hider,0,0,,,,,,,,,
1121290,2017/18,2017-12-12,"Shere Bangla National Stadium, Mirpur",1,9.1,Rangpur Riders,Dhaka Dynamites,CH Gayle,BB McCullum,Shahid Afridi,1,0,,,,,,,,,
1121290,2017/18,2017-12-12,"Shere Bangla National Stadium, Mirpur",1,9.2,Rangpur Riders,Dhaka Dynamites,BB McCullum,CH Gayle,Shahid Afridi,0,0,,,,,,,,,
1121290,2017/18,2017-12-12,"Shere Bangla National Stadium, Mirpur",1,9.3,Rangpur Riders,Dhaka Dynamites,BB McCullum,CH Gayle,Shahid Afridi,0,4,,,,4,,,,,
1121290,2017/18,2017-12-12,"Shere Bangla National Stadium, Mirpur",1,9.4,Rangpur Riders,Dhaka Dynamites,BB McCullum,CH Gayle,Shahid Afridi,0,0,,,,,,,,,
1121290,2017/18,2017-12-12,"Shere Bangla National Stadium, Mirpur",1,9.5,Rangpur Riders,Dhaka Dynamites,BB McCullum,CH Gayle,Shahid Afridi,0,0,,,,,,,,,
1121290,2017/18,2017-12-12,"Shere Bangla National Stadium, Mirpur",1,9.6,Rangpur Riders,Dhaka Dynamites,BB McCullum,CH Gayle,Shahid Afridi,0,0,,,,,,,,,
1121290,2017/18,2017-12-12,"Shere Bangla National Stadium, Mirpur",1,10.1,Rangpur Riders,Dhaka Dynamites,CH Gayle,BB McCullum,Khaled Ahmed,1,0,,,,,,,,,
1121290,2017/18,2017-12-12,"Shere Bangla National Stadium, Mirpur",1,10.2,Rangpur Riders,Dhaka Dynamites,BB McCullum,CH Gayle,Khaled Ahmed,1,0,,,,,,,,,
1121290,2017/18,2017-12-12,"Shere Bangla National Stadium, Mirpur",1,10.3,Rangpur Riders,Dhaka Dynamites,CH Gayle,BB McCullum,Khaled Ahmed,0,0,,,,,,,,,
1121290,2017/18,2017-12-12,"Shere Bangla National Stadium, Mirpur",1,10.4,Rangpur Riders,Dhaka Dynamites,CH Gayle,BB McCullum,Khaled Ahmed,6,0,,,,,,,,,
1121290,2017/18,2017-12-12,"Shere Bangla National Stadium, Mirpur",1,10.5,Rangpur Riders,Dhaka Dynamites,CH Gayle,BB McCullum,Khaled Ahmed,6,0,,,,,,,,,
1121290,2017/18,2017-12-12,"Shere Bangla National Stadium, Mirpur",1,10.6,Rangpur Riders,Dhaka Dynamites,CH Gayle,BB McCullum,Khaled Ahmed,4,0,,,,,,,,,
1121290,2017/18,2017-12-12,"Shere Bangla National Stadium, Mirpur",1,11.1,Rangpur Riders,Dhaka Dynamites,BB McCullum,CH Gayle,Shahid Afridi,1,0,,,,,,,,,
1121290,2017/18,2017-12-12,"Shere Bangla National Stadium, Mirpur",1,11.2,Rangpur Riders,Dhaka Dynamites,CH Gayle,BB McCullum,Shahid Afridi,6,0,,,,,,,,,
1121290,2017/18,2017-12-12,"Shere Bangla National Stadium, Mirpur",1,11.3,Rangpur Riders,Dhaka Dynamites,CH Gayle,BB McCullum,Shahid Afridi,0,0,,,,,,,,,
1121290,2017/18,2017-12-12,"Shere Bangla National Stadium, Mirpur",1,11.4,Rangpur Riders,Dhaka Dynamites,CH Gayle,BB McCullum,Shahid Afridi,0,0,,,,,,,,,
1121290,2017/18,2017-12-12,"Shere Bangla National Stadium, Mirpur",1,11.5,Rangpur Riders,Dhaka Dynamites,CH Gayle,BB McCullum,Shahid Afridi,0,0,,,,,,,,,
1121290,2017/18,2017-12-12,"Shere Bangla National Stadium, Mirpur",1,11.6,Rangpur Riders,Dhaka Dynamites,CH Gayle,BB McCullum,Shahid Afridi,1,0,,,,,,,,,
1121290,2017/18,2017-12-12,"Shere Bangla National Stadium, Mirpur",1,12.1,Rangpur Riders,Dhaka Dynamites,CH Gayle,BB McCullum,SP Narine,0,0,,,,,,,,,
1121290,2017/18,2017-12-12,"Shere Bangla National Stadium, Mirpur",1,12.2,Rangpur Riders,Dhaka Dynamites,CH Gayle,BB McCullum,SP Narine,0,0,,,,,,,,,
1121290,2017/18,2017-12-12,"Shere Bangla National Stadium, Mirpur",1,12.3,Rangpur Riders,Dhaka Dynamites,CH Gayle,BB McCullum,SP Narine,6,0,,,,,,,,,
1121290,2017/18,2017-12-12,"Shere Bangla National Stadium, Mirpur",1,12.4,Rangpur Riders,Dhaka Dynamites,CH Gayle,BB McCullum,SP Narine,1,0,,,,,,,,,
1121290,2017/18,2017-12-12,"Shere Bangla National Stadium, Mirpur",1,12.5,Rangpur Riders,Dhaka Dynamites,BB McCullum,CH Gayle,SP Narine,1,0,,,,,,,,,
1121290,2017/18,2017-12-12,"Shere Bangla National Stadium, Mirpur",1,12.6,Rangpur Riders,Dhaka Dynamites,CH Gayle,BB McCullum,SP Narine,0,0,,,,,,,,,
1121290,2017/18,2017-12-12,"Shere Bangla National Stadium, Mirpur",1,13.1,Rangpur Riders,Dhaka Dynamites,BB McCullum,CH Gayle,Shahid Afridi,1,0,,,,,,,,,
1121290,2017/18,2017-12-12,"Shere Bangla National Stadium, Mirpur",1,13.2,Rangpur Riders,Dhaka Dynamites,CH Gayle,BB McCullum,Shahid Afridi,0,0,,,,,,,,,
1121290,2017/18,2017-12-12,"Shere Bangla National Stadium, Mirpur",1,13.3,Rangpur Riders,Dhaka Dynamites,CH Gayle,BB McCullum,Shahid Afridi,1,0,,,,,,,,,
1121290,2017/18,2017-12-12,"Shere Bangla National Stadium, Mirpur",1,13.4,Rangpur Riders,Dhaka Dynamites,BB McCullum,CH Gayle,Shahid Afridi,1,0,,,,,,,,,
1121290,2017/18,2017-12-12,"Shere Bangla National Stadium, Mirpur",1,13.5,Rangpur Riders,Dhaka Dynamites,CH Gayle,BB McCullum,Shahid Afridi,6,0,,,,,,,,,
1121290,2017/18,2017-12-12,"Shere Bangla National Stadium, Mirpur",1,13.6,Rangpur Riders,Dhaka Dynamites,CH Gayle,BB McCullum,Shahid Afridi,6,0,,,,,,,,,
1121290,2017/18,2017-12-12,"Shere Bangla National Stadium, Mirpur",1,14.1,Rangpur Riders,Dhaka Dynamites,BB McCullum,CH Gayle,Abu Hider,1,0,,,,,,,,,
1121290,2017/18,2017-12-12,"Shere Bangla National Stadium, Mirpur",1,14.2,Rangpur Riders,Dhaka Dynamites,CH Gayle,BB McCullum,Abu Hider,6,0,,,,,,,,,
1121290,2017/18,2017-12-12,"Shere Bangla National Stadium, Mirpur",1,14.3,Rangpur Riders,Dhaka Dynamites,CH Gayle,BB McCullum,Abu Hider,6,0,,,,,,,,,
1121290,2017/18,2017-12-12,"Shere Bangla National Stadium, Mirpur",1,14.4,Rangpur Riders,Dhaka Dynamites,CH Gayle,BB McCullum,Abu Hider,0,1,1,,,,,,,,
1121290,2017/18,2017-12-12,"Shere Bangla National Stadium, Mirpur",1,14.5,Rangpur Riders,Dhaka Dynamites,CH Gayle,BB McCullum,Abu Hider,0,0,,,,,,,,,
1121290,2017/18,2017-12-12,"Shere Bangla National Stadium, Mirpur",1,14.6,Rangpur Riders,Dhaka Dynamites,CH Gayle,BB McCullum,Abu Hider,1,0,,,,,,,,,
1121290,2017/18,2017-12-12,"Shere Bangla National Stadium, Mirpur",1,14.7,Rangpur Riders,Dhaka Dynamites,BB McCullum,CH Gayle,Abu Hider,4,0,,,,,,,,,
1121290,2017/18,2017-12-12,"Shere Bangla National Stadium, Mirpur",1,15.1,Rangpur Riders,Dhaka Dynamites,CH Gayle,BB McCullum,KA Pollard,1,0,,,,,,,,,
1121290,2017/18,2017-12-12,"Shere Bangla National Stadium, Mirpur",1,15.2,Rangpur Riders,Dhaka Dynamites,BB McCullum,CH Gayle,KA Pollard,1,0,,,,,,,,,
1121290,2017/18,2017-12-12,"Shere Bangla National Stadium, Mirpur",1,15.3,Rangpur Riders,Dhaka Dynamites,CH Gayle,BB McCullum,KA Pollard,0,0,,,,,,,,,
1121290,2017/18,2017-12-12,"Shere Bangla National Stadium, Mirpur",1,15.4,Rangpur Riders,Dhaka Dynamites,CH Gayle,BB McCullum,KA Pollard,6,0,,,,,,,,,
1121290,2017/18,2017-12-12,"Shere Bangla National Stadium, Mirpur",1,15.5,Rangpur Riders,Dhaka Dynamites,CH Gayle,BB McCullum,KA Pollard,0,0,,,,,,,,,
1121290,2017/18,2017-12-12,"Shere Bangla National Stadium, Mirpur",1,15.6,Rangpur Riders,Dhaka Dynamites,CH Gayle,BB McCullum,KA Pollard,1,0,,,,,,,,,
1121290,2017/18,2017-12-12,"Shere Bangla National Stadium, Mirpur",1,16.1,Rangpur Riders,Dhaka Dynamites,CH Gayle,BB McCullum,SP Narine,1,0,,,,,,,,,
1121290,2017/18,2017-12-12,"Shere Bangla National Stadium, Mirpur",1,16.2,Rangpur Riders,Dhaka Dynamites,BB McCullum,CH Gayle,SP Narine,0,0,,,,,,,,,
1121290,2017/18,2017-12-12,"Shere Bangla National Stadium, Mirpur",1,16.3,Rangpur Riders,Dhaka Dynamites,BB McCullum,CH Gayle,SP Narine,0,0,,,,,,,,,
1121290,2017/18,2017-12-12,"Shere Bangla National Stadium, Mirpur",1,16.4,Rangpur Riders,Dhaka Dynamites,BB McCullum,CH Gayle,SP Narine,0,0,,,,,,,,,
1121290,2017/18,2017-12-12,"Shere Bangla National Stadium, Mirpur",1,16.5,Rangpur Riders,Dhaka Dynamites,BB McCullum,CH Gayle,SP Narine,1,0,,,,,,,,,
1121290,2017/18,2017-12-12,"Shere Bangla National Stadium, Mirpur",1,16.6,Rangpur Riders,Dhaka Dynamites,CH Gayle,BB McCullum,SP Narine,0,0,,,,,,,,,
1121290,2017/18,2017-12-12,"Shere Bangla National Stadium, Mirpur",1,17.1,Rangpur Riders,Dhaka Dynamites,BB McCullum,CH Gayle,KA Pollard,4,0,,,,,,,,,
1121290,2017/18,2017-12-12,"Shere Bangla National Stadium, Mirpur",1,17.2,Rangpur Riders,Dhaka Dynamites,BB McCullum,CH Gayle,KA Pollard,6,0,,,,,,,,,
1121290,2017/18,2017-12-12,"Shere Bangla National Stadium, Mirpur",1,17.3,Rangpur Riders,Dhaka Dynamites,BB McCullum,CH Gayle,KA Pollard,0,0,,,,,,,,,
1121290,2017/18,2017-12-12,"Shere Bangla National Stadium, Mirpur",1,17.4,Rangpur Riders,Dhaka Dynamites,BB McCullum,CH Gayle,KA Pollard,1,0,,,,,,,,,
1121290,2017/18,2017-12-12,"Shere Bangla National Stadium, Mirpur",1,17.5,Rangpur Riders,Dhaka Dynamites,CH Gayle,BB McCullum,KA Pollard,0,1,1,,,,,,,,
1121290,2017/18,2017-12-12,"Shere Bangla National Stadium, Mirpur",1,17.6,Rangpur Riders,Dhaka Dynamites,CH Gayle,BB McCullum,KA Pollard,6,0,,,,,,,,,
1121290,2017/18,2017-12-12,"Shere Bangla National Stadium, Mirpur",1,17.7,Rangpur Riders,Dhaka Dynamites,CH Gayle,BB McCullum,KA Pollard,6,0,,,,,,,,,
1121290,2017/18,2017-12-12,"Shere Bangla National Stadium, Mirpur",1,18.1,Rangpur Riders,Dhaka Dynamites,BB McCullum,CH Gayle,Khaled Ahmed,4,0,,,,,,,,,
1121290,2017/18,2017-12-12,"Shere Bangla National Stadium, Mirpur",1,18.2,Rangpur Riders,Dhaka Dynamites,BB McCullum,CH Gayle,Khaled Ahmed,1,0,,,,,,,,,
1121290,2017/18,2017-12-12,"Shere Bangla National Stadium, Mirpur",1,18.3,Rangpur Riders,Dhaka Dynamites,CH Gayle,BB McCullum,Khaled Ahmed,6,0,,,,,,,,,
1121290,2017/18,2017-12-12,"Shere Bangla National Stadium, Mirpur",1,18.4,Rangpur Riders,Dhaka Dynamites,CH Gayle,BB McCullum,Khaled Ahmed,6,0,,,,,,,,,
1121290,2017/18,2017-12-12,"Shere Bangla National Stadium, Mirpur",1,18.5,Rangpur Riders,Dhaka Dynamites,CH Gayle,BB McCullum,Khaled Ahmed,0,0,,,,,,,,,
1121290,2017/18,2017-12-12,"Shere Bangla National Stadium, Mirpur",1,18.6,Rangpur Riders,Dhaka Dynamites,CH Gayle,BB McCullum,Khaled Ahmed,4,0,,,,,,,,,
1121290,2017/18,2017-12-12,"Shere Bangla National Stadium, Mirpur",1,19.1,Rangpur Riders,Dhaka Dynamites,BB McCullum,CH Gayle,Shakib Al Hasan,1,0,,,,,,,,,
1121290,2017/18,2017-12-12,"Shere Bangla National Stadium, Mirpur",1,19.2,Rangpur Riders,Dhaka Dynamites,CH Gayle,BB McCullum,Shakib Al Hasan,0,0,,,,,,,,,
1121290,2017/18,2017-12-12,"Shere Bangla National Stadium, Mirpur",1,19.3,Rangpur Riders,Dhaka Dynamites,CH Gayle,BB McCullum,Shakib Al Hasan,6,0,,,,,,,,,
1121290,2017/18,2017-12-12,"Shere Bangla National Stadium, Mirpur",1,19.4,Rangpur Riders,Dhaka Dynamites,CH Gayle,BB McCullum,Shakib Al Hasan,6,0,,,,,,,,,
1121290,2017/18,2017-12-12,"Shere Bangla National Stadium, Mirpur",1,19.5,Rangpur Riders,Dhaka Dynamites,CH Gayle,BB McCullum,Shakib Al Hasan,0,0,,,,,,,,,
1121290,2017/18,2017-12-12,"Shere Bangla National Stadium, Mirpur",1,19.6,Rangpur Riders,Dhaka Dynamites,CH Gayle,BB McCullum,Shakib Al Hasan,6,0,,,,,,,,,
1121290,2017/18,2017-12-12,"Shere Bangla National Stadium, Mirpur",2,0.1,Dhaka Dynamites,Rangpur Riders,Mehedi Maruf,E Lewis,Mashrafe Mortaza,0,0,,,,,,,,,
1121290,2017/18,2017-12-12,"Shere Bangla National Stadium, Mirpur",2,0.2,Dhaka Dynamites,Rangpur Riders,Mehedi Maruf,E Lewis,Mashrafe Mortaza,0,0,,,,,,,,,
1121290,2017/18,2017-12-12,"Shere Bangla National Stadium, Mirpur",2,0.3,Dhaka Dynamites,Rangpur Riders,Mehedi Maruf,E Lewis,Mashrafe Mortaza,0,0,,,,,,lbw,Mehedi Maruf,,
1121290,2017/18,2017-12-12,"Shere Bangla National Stadium, Mirpur",2,0.4,Dhaka Dynamites,Rangpur Riders,JL Denly,E Lewis,Mashrafe Mortaza,0,0,,,,,,,,,
1121290,2017/18,2017-12-12,"Shere Bangla National Stadium, Mirpur",2,0.5,Dhaka Dynamites,Rangpur Riders,JL Denly,E Lewis,Mashrafe Mortaza,0,0,,,,,,,,,
1121290,2017/18,2017-12-12,"Shere Bangla National Stadium, Mirpur",2,0.6,Dhaka Dynamites,Rangpur Riders,JL Denly,E Lewis,Mashrafe Mortaza,0,1,,,,1,,,,,
1121290,2017/18,2017-12-12,"Shere Bangla National Stadium, Mirpur",2,1.1,Dhaka Dynamites,Rangpur Riders,JL Denly,E Lewis,Sohag Gazi,0,0,,,,,,,,,
1121290,2017/18,2017-12-12,"Shere Bangla National Stadium, Mirpur",2,1.2,Dhaka Dynamites,Rangpur Riders,JL Denly,E Lewis,Sohag Gazi,0,0,,,,,,caught,JL Denly,,
1121290,2017/18,2017-12-12,"Shere Bangla National Stadium, Mirpur",2,1.3,Dhaka Dynamites,Rangpur Riders,E Lewis,Shakib Al Hasan,Sohag Gazi,0,0,,,,,,,,,
1121290,2017/18,2017-12-12,"Shere Bangla National Stadium, Mirpur",2,1.4,Dhaka Dynamites,Rangpur Riders,E Lewis,Shakib Al Hasan,Sohag Gazi,0,0,,,,,,,,,
1121290,2017/18,2017-12-12,"Shere Bangla National Stadium, Mirpur",2,1.5,Dhaka Dynamites,Rangpur Riders,E Lewis,Shakib Al Hasan,Sohag Gazi,0,0,,,,,,,,,
1121290,2017/18,2017-12-12,"Shere Bangla National Stadium, Mirpur",2,1.6,Dhaka Dynamites,Rangpur Riders,E Lewis,Shakib Al Hasan,Sohag Gazi,0,0,,,,,,,,,
1121290,2017/18,2017-12-12,"Shere Bangla National Stadium, Mirpur",2,2.1,Dhaka Dynamites,Rangpur Riders,Shakib Al Hasan,E Lewis,Mashrafe Mortaza,1,0,,,,,,,,,
1121290,2017/18,2017-12-12,"Shere Bangla National Stadium, Mirpur",2,2.2,Dhaka Dynamites,Rangpur Riders,E Lewis,Shakib Al Hasan,Mashrafe Mortaza,4,0,,,,,,,,,
1121290,2017/18,2017-12-12,"Shere Bangla National Stadium, Mirpur",2,2.3,Dhaka Dynamites,Rangpur Riders,E Lewis,Shakib Al Hasan,Mashrafe Mortaza,4,0,,,,,,,,,
1121290,2017/18,2017-12-12,"Shere Bangla National Stadium, Mirpur",2,2.4,Dhaka Dynamites,Rangpur Riders,E Lewis,Shakib Al Hasan,Mashrafe Mortaza,1,0,,,,,,,,,
1121290,2017/18,2017-12-12,"Shere Bangla National Stadium, Mirpur",2,2.5,Dhaka Dynamites,Rangpur Riders,Shakib Al Hasan,E Lewis,Mashrafe Mortaza,2,0,,,,,,,,,
1121290,2017/18,2017-12-12,"Shere Bangla National Stadium, Mirpur",2,2.6,Dhaka Dynamites,Rangpur Riders,Shakib Al Hasan,E Lewis,Mashrafe Mortaza,0,0,,,,,,,,,
1121290,2017/18,2017-12-12,"Shere Bangla National Stadium, Mirpur",2,3.1,Dhaka Dynamites,Rangpur Riders,E Lewis,Shakib Al Hasan,Sohag Gazi,6,0,,,,,,,,,
1121290,2017/18,2017-12-12,"Shere Bangla National Stadium, Mirpur",2,3.2,Dhaka Dynamites,Rangpur Riders,E Lewis,Shakib Al Hasan,Sohag Gazi,0,0,,,,,,caught,E Lewis,,
1121290,2017/18,2017-12-12,"Shere Bangla National Stadium, Mirpur",2,3.3,Dhaka Dynamites,Rangpur Riders,Shakib Al Hasan,KA Pollard,Sohag Gazi,1,0,,,,,,,,,
1121290,2017/18,2017-12-12,"Shere Bangla National Stadium, Mirpur",2,3.4,Dhaka Dynamites,Rangpur Riders,KA Pollard,Shakib Al Hasan,Sohag Gazi,1,0,,,,,,,,,
1121290,2017/18,2017-12-12,"Shere Bangla National Stadium, Mirpur",2,3.5,Dhaka Dynamites,Rangpur Riders,Shakib Al Hasan,KA Pollard,Sohag Gazi,4,0,,,,,,,,,
1121290,2017/18,2017-12-12,"Shere Bangla National Stadium, Mirpur",2,3.6,Dhaka Dynamites,Rangpur Riders,Shakib Al Hasan,KA Pollard,Sohag Gazi,0,0,,,,,,,,,
1121290,2017/18,2017-12-12,"Shere Bangla National Stadium, Mirpur",2,4.1,Dhaka Dynamites,Rangpur Riders,KA Pollard,Shakib Al Hasan,Rubel Hossain,0,0,,,,,,,,,
1121290,2017/18,2017-12-12,"Shere Bangla National Stadium, Mirpur",2,4.2,Dhaka Dynamites,Rangpur Riders,KA Pollard,Shakib Al Hasan,Rubel Hossain,0,0,,,,,,,,,
1121290,2017/18,2017-12-12,"Shere Bangla National Stadium, Mirpur",2,4.3,Dhaka Dynamites,Rangpur Riders,KA Pollard,Shakib Al Hasan,Rubel Hossain,4,0,,,,,,,,,
1121290,2017/18,2017-12-12,"Shere Bangla National Stadium, Mirpur",2,4.4,Dhaka Dynamites,Rangpur Riders,KA Pollard,Shakib Al Hasan,Rubel Hossain,0,0,,,,,,caught,KA Pollard,,
1121290,2017/18,2017-12-12,"Shere Bangla National Stadium, Mirpur",2,4.5,Dhaka Dynamites,Rangpur Riders,Jahurul Islam,Shakib Al Hasan,Rubel Hossain,0,0,,,,,,,,,
1121290,2017/18,2017-12-12,"Shere Bangla National Stadium, Mirpur",2,4.6,Dhaka Dynamites,Rangpur Riders,Jahurul Islam,Shakib Al Hasan,Rubel Hossain,4,0,,,,,,,,,
1121290,2017/18,2017-12-12,"Shere Bangla National Stadium, Mirpur",2,5.1,Dhaka Dynamites,Rangpur Riders,Shakib Al Hasan,Jahurul Islam,Sohag Gazi,1,0,,,,,,,,,
1121290,2017/18,2017-12-12,"Shere Bangla National Stadium, Mirpur",2,5.2,Dhaka Dynamites,Rangpur Riders,Jahurul Islam,Shakib Al Hasan,Sohag Gazi,4,0,,,,,,,,,
1121290,2017/18,2017-12-12,"Shere Bangla National Stadium, Mirpur",2,5.3,Dhaka Dynamites,Rangpur Riders,Jahurul Islam,Shakib Al Hasan,Sohag Gazi,6,0,,,,,,,,,
1121290,2017/18,2017-12-12,"Shere Bangla National Stadium, Mirpur",2,5.4,Dhaka Dynamites,Rangpur Riders,Jahurul Islam,Shakib Al Hasan,Sohag Gazi,4,0,,,,,,,,,
1121290,2017/18,2017-12-12,"Shere Bangla National Stadium, Mirpur",2,5.5,Dhaka Dynamites,Rangpur Riders,Jahurul Islam,Shakib Al Hasan,Sohag Gazi,1,0,,,,,,,,,
1121290,2017/18,2017-12-12,"Shere Bangla National Stadium, Mirpur",2,5.6,Dhaka Dynamites,Rangpur Riders,Shakib Al Hasan,Jahurul Islam,Sohag Gazi,4,0,,,,,,,,,
1121290,2017/18,2017-12-12,"Shere Bangla National Stadium, Mirpur",2,6.1,Dhaka Dynamites,Rangpur Riders,Jahurul Islam,Shakib Al Hasan,RS Bopara,0,1,,,,1,,,,,
1121290,2017/18,2017-12-12,"Shere Bangla National Stadium, Mirpur",2,6.2,Dhaka Dynamites,Rangpur Riders,Shakib Al Hasan,Jahurul Islam,RS Bopara,1,0,,,,,,,,,
1121290,2017/18,2017-12-12,"Shere Bangla National Stadium, Mirpur",2,6.3,Dhaka Dynamites,Rangpur Riders,Jahurul Islam,Shakib Al Hasan,RS Bopara,1,0,,,,,,,,,
1121290,2017/18,2017-12-12,"Shere Bangla National Stadium, Mirpur",2,6.4,Dhaka Dynamites,Rangpur Riders,Shakib Al Hasan,Jahurul Islam,RS Bopara,4,0,,,,,,,,,
1121290,2017/18,2017-12-12,"Shere Bangla National Stadium, Mirpur",2,6.5,Dhaka Dynamites,Rangpur Riders,Shakib Al Hasan,Jahurul Islam,RS Bopara,6,0,,,,,,,,,
1121290,2017/18,2017-12-12,"Shere Bangla National Stadium, Mirpur",2,6.6,Dhaka Dynamites,Rangpur Riders,Shakib Al Hasan,Jahurul Islam,RS Bopara,1,0,,,,,,,,,
1121290,2017/18,2017-12-12,"Shere Bangla National Stadium, Mirpur",2,7.1,Dhaka Dynamites,Rangpur Riders,Shakib Al Hasan,Jahurul Islam,I Udana,0,1,1,,,,,,,,
1121290,2017/18,2017-12-12,"Shere Bangla National Stadium, Mirpur",2,7.2,Dhaka Dynamites,Rangpur Riders,Shakib Al Hasan,Jahurul Islam,I Udana,1,0,,,,,,,,,
1121290,2017/18,2017-12-12,"Shere Bangla National Stadium, Mirpur",2,7.3,Dhaka Dynamites,Rangpur Riders,Jahurul Islam,Shakib Al Hasan,I Udana,0,0,,,,,,,,,
1121290,2017/18,2017-12-12,"Shere Bangla National Stadium, Mirpur",2,7.4,Dhaka Dynamites,Rangpur Riders,Jahurul Islam,Shakib Al Hasan,I Udana,0,0,,,,,,,,,
1121290,2017/18,2017-12-12,"Shere Bangla National Stadium, Mirpur",2,7.5,Dhaka Dynamites,Rangpur Riders,Jahurul Islam,Shakib Al Hasan,I Udana,0,0,,,,,,,,,
1121290,2017/18,2017-12-12,"Shere Bangla National Stadium, Mirpur",2,7.6,Dhaka Dynamites,Rangpur Riders,Jahurul Islam,Shakib Al Hasan,I Udana,1,0,,,,,,,,,
1121290,2017/18,2017-12-12,"Shere Bangla National Stadium, Mirpur",2,7.7,Dhaka Dynamites,Rangpur Riders,Shakib Al Hasan,Jahurul Islam,I Udana,0,1,,,,1,,,,,
1121290,2017/18,2017-12-12,"Shere Bangla National Stadium, Mirpur",2,8.1,Dhaka Dynamites,Rangpur Riders,Shakib Al Hasan,Jahurul Islam,Nazmul Islam,0,0,,,,,,,,,
1121290,2017/18,2017-12-12,"Shere Bangla National Stadium, Mirpur",2,8.2,Dhaka Dynamites,Rangpur Riders,Shakib Al Hasan,Jahurul Islam,Nazmul Islam,0,0,,,,,,bowled,Shakib Al Hasan,,
1121290,2017/18,2017-12-12,"Shere Bangla National Stadium, Mirpur",2,8.3,Dhaka Dynamites,Rangpur Riders,Mosaddek Hossain,Jahurul Islam,Nazmul Islam,0,0,,,,,,,,,
1121290,2017/18,2017-12-12,"Shere Bangla National Stadium, Mirpur",2,8.4,Dhaka Dynamites,Rangpur Riders,Mosaddek Hossain,Jahurul Islam,Nazmul Islam,1,0,,,,,,,,,
1121290,2017/18,2017-12-12,"Shere Bangla National Stadium, Mirpur",2,8.5,Dhaka Dynamites,Rangpur Riders,Jahurul Islam,Mosaddek Hossain,Nazmul Islam,1,0,,,,,,,,,
1121290,2017/18,2017-12-12,"Shere Bangla National Stadium, Mirpur",2,8.6,Dhaka Dynamites,Rangpur Riders,Mosaddek Hossain,Jahurul Islam,Nazmul Islam,0,0,,,,,,,,,
1121290,2017/18,2017-12-12,"Shere Bangla National Stadium, Mirpur",2,9.1,Dhaka Dynamites,Rangpur Riders,Jahurul Islam,Mosaddek Hossain,RS Bopara,1,0,,,,,,,,,
1121290,2017/18,2017-12-12,"Shere Bangla National Stadium, Mirpur",2,9.2,Dhaka Dynamites,Rangpur Riders,Mosaddek Hossain,Jahurul Islam,RS Bopara,0,0,,,,,,bowled,Mosaddek Hossain,,
1121290,2017/18,2017-12-12,"Shere Bangla National Stadium, Mirpur",2,9.3,Dhaka Dynamites,Rangpur Riders,Shahid Afridi,Jahurul Islam,RS Bopara,1,0,,,,,,,,,
1121290,2017/18,2017-12-12,"Shere Bangla National Stadium, Mirpur",2,9.4,Dhaka Dynamites,Rangpur Riders,Jahurul Islam,Shahid Afridi,RS Bopara,1,0,,,,,,,,,
1121290,2017/18,2017-12-12,"Shere Bangla National Stadium, Mirpur",2,9.5,Dhaka Dynamites,Rangpur Riders,Shahid Afridi,Jahurul Islam,RS Bopara,1,0,,,,,,,,,
1121290,2017/18,2017-12-12,"Shere Bangla National Stadium, Mirpur",2,9.6,Dhaka Dynamites,Rangpur Riders,Jahurul Islam,Shahid Afridi,RS Bopara,4,0,,,,,,,,,
1121290,2017/18,2017-12-12,"Shere Bangla National Stadium, Mirpur",2,10.1,Dhaka Dynamites,Rangpur Riders,Shahid Afridi,Jahurul Islam,Nazmul Islam,6,0,,,,,,,,,
1121290,2017/18,2017-12-12,"Shere Bangla National Stadium, Mirpur",2,10.2,Dhaka Dynamites,Rangpur Riders,Shahid Afridi,Jahurul Islam,Nazmul Islam,0,0,,,,,,,,,
1121290,2017/18,2017-12-12,"Shere Bangla National Stadium, Mirpur",2,10.3,Dhaka Dynamites,Rangpur Riders,Shahid Afridi,Jahurul Islam,Nazmul Islam,0,0,,,,,,caught,Shahid Afridi,,
1121290,2017/18,2017-12-12,"Shere Bangla National Stadium, Mirpur",2,10.4,Dhaka Dynamites,Rangpur Riders,Jahurul Islam,SP Narine,Nazmul Islam,0,0,,,,,,,,,
1121290,2017/18,2017-12-12,"Shere Bangla National Stadium, Mirpur",2,10.5,Dhaka Dynamites,Rangpur Riders,Jahurul Islam,SP Narine,Nazmul Islam,0,0,,,,,,,,,
1121290,2017/18,2017-12-12,"Shere Bangla National Stadium, Mirpur",2,10.6,Dhaka Dynamites,Rangpur Riders,Jahurul Islam,SP Narine,Nazmul Islam,0,0,,,,,,,,,
1121290,2017/18,2017-12-12,"Shere Bangla National Stadium, Mirpur",2,11.1,Dhaka Dynamites,Rangpur Riders,SP Narine,Jahurul Islam,Mashrafe Mortaza,1,0,,,,,,,,,
1121290,2017/18,2017-12-12,"Shere Bangla National Stadium, Mirpur",2,11.2,Dhaka Dynamites,Rangpur Riders,Jahurul Islam,SP Narine,Mashrafe Mortaza,0,1,,,,1,,,,,
1121290,2017/18,2017-12-12,"Shere Bangla National Stadium, Mirpur",2,11.3,Dhaka Dynamites,Rangpur Riders,SP Narine,Jahurul Islam,Mashrafe Mortaza,0,0,,,,,,,,,
1121290,2017/18,2017-12-12,"Shere Bangla National Stadium, Mirpur",2,11.4,Dhaka Dynamites,Rangpur Riders,SP Narine,Jahurul Islam,Mashrafe Mortaza,1,0,,,,,,,,,
1121290,2017/18,2017-12-12,"Shere Bangla National Stadium, Mirpur",2,11.5,Dhaka Dynamites,Rangpur Riders,Jahurul Islam,SP Narine,Mashrafe Mortaza,1,0,,,,,,,,,
1121290,2017/18,2017-12-12,"Shere Bangla National Stadium, Mirpur",2,11.6,Dhaka Dynamites,Rangpur Riders,SP Narine,Jahurul Islam,Mashrafe Mortaza,0,1,,,,1,,,,,
1121290,2017/18,2017-12-12,"Shere Bangla National Stadium, Mirpur",2,12.1,Dhaka Dynamites,Rangpur Riders,SP Narine,Jahurul Islam,Rubel Hossain,1,0,,,,,,,,,
1121290,2017/18,2017-12-12,"Shere Bangla National Stadium, Mirpur",2,12.2,Dhaka Dynamites,Rangpur Riders,Jahurul Islam,SP Narine,Rubel Hossain,2,0,,,,,,,,,
1121290,2017/18,2017-12-12,"Shere Bangla National Stadium, Mirpur",2,12.3,Dhaka Dynamites,Rangpur Riders,Jahurul Islam,SP Narine,Rubel Hossain,0,1,1,,,,,,,,
1121290,2017/18,2017-12-12,"Shere Bangla National Stadium, Mirpur",2,12.4,Dhaka Dynamites,Rangpur Riders,Jahurul Islam,SP Narine,Rubel Hossain,0,0,,,,,,,,,
1121290,2017/18,2017-12-12,"Shere Bangla National Stadium, Mirpur",2,12.5,Dhaka Dynamites,Rangpur Riders,Jahurul Islam,SP Narine,Rubel Hossain,1,0,,,,,,,,,
1121290,2017/18,2017-12-12,"Shere Bangla National Stadium, Mirpur",2,12.6,Dhaka Dynamites,Rangpur Riders,SP Narine,Jahurul Islam,Rubel Hossain,0,1,,,,1,,,,,
1121290,2017/18,2017-12-12,"Shere Bangla National Stadium, Mirpur",2,12.7,Dhaka Dynamites,Rangpur Riders,Jahurul Islam,SP Narine,Rubel Hossain,1,0,,,,,,,,,
1121290,2017/18,2017-12-12,"Shere Bangla National Stadium, Mirpur",2,13.1,Dhaka Dynamites,Rangpur Riders,Jahurul Islam,SP Narine,I Udana,6,0,,,,,,,,,
1121290,2017/18,2017-12-12,"Shere Bangla National Stadium, Mirpur",2,13.2,Dhaka Dynamites,Rangpur Riders,Jahurul Islam,SP Narine,I Udana,1,0,,,,,,,,,
1121290,2017/18,2017-12-12,"Shere Bangla National Stadium, Mirpur",2,13.3,Dhaka Dynamites,Rangpur Riders,SP Narine,Jahurul Islam,I Udana,0,1,,,,1,,,,,
1121290,2017/18,2017-12-12,"Shere Bangla National Stadium, Mirpur",2,13.4,Dhaka Dynamites,Rangpur Riders,Jahurul Islam,SP Narine,I Udana,0,1,,,1,,,,,,
1121290,2017/18,2017-12-12,"Shere Bangla National Stadium, Mirpur",2,13.5,Dhaka Dynamites,Rangpur Riders,SP Narine,Jahurul Islam,I Udana,4,0,,,,,,,,,
1121290,2017/18,2017-12-12,"Shere Bangla National Stadium, Mirpur",2,13.6,Dhaka Dynamites,Rangpur Riders,SP Narine,Jahurul Islam,I Udana,0,0,,,,,,,,,
1121290,2017/18,2017-12-12,"Shere Bangla National Stadium, Mirpur",2,14.1,Dhaka Dynamites,Rangpur Riders,Jahurul Islam,SP Narine,Mashrafe Mortaza,0,0,,,,,,,,,
1121290,2017/18,2017-12-12,"Shere Bangla National Stadium, Mirpur",2,14.2,Dhaka Dynamites,Rangpur Riders,Jahurul Islam,SP Narine,Mashrafe Mortaza,2,0,,,,,,,,,
1121290,2017/18,2017-12-12,"Shere Bangla National Stadium, Mirpur",2,14.3,Dhaka Dynamites,Rangpur Riders,Jahurul Islam,SP Narine,Mashrafe Mortaza,1,0,,,,,,,,,
1121290,2017/18,2017-12-12,"Shere Bangla National Stadium, Mirpur",2,14.4,Dhaka Dynamites,Rangpur Riders,SP Narine,Jahurul Islam,Mashrafe Mortaza,4,0,,,,,,,,,
1121290,2017/18,2017-12-12,"Shere Bangla National Stadium, Mirpur",2,14.5,Dhaka Dynamites,Rangpur Riders,SP Narine,Jahurul Islam,Mashrafe Mortaza,0,1,1,,,,,,,,
1121290,2017/18,2017-12-12,"Shere Bangla National Stadium, Mirpur",2,14.6,Dhaka Dynamites,Rangpur Riders,SP Narine,Jahurul Islam,Mashrafe Mortaza,1,0,,,,,,,,,
1121290,2017/18,2017-12-12,"Shere Bangla National Stadium, Mirpur",2,14.7,Dhaka Dynamites,Rangpur Riders,Jahurul Islam,SP Narine,Mashrafe Mortaza,1,0,,,,,,,,,
1121290,2017/18,2017-12-12,"Shere Bangla National Stadium, Mirpur",2,15.1,Dhaka Dynamites,Rangpur Riders,Jahurul Islam,SP Narine,Rubel Hossain,1,0,,,,,,,,,
1121290,2017/18,2017-12-12,"Shere Bangla National Stadium, Mirpur",2,15.2,Dhaka Dynamites,Rangpur Riders,SP Narine,Jahurul Islam,Rubel Hossain,1,0,,,,,,,,,
1121290,2017/18,2017-12-12,"Shere Bangla National Stadium, Mirpur",2,15.3,Dhaka Dynamites,Rangpur Riders,Jahurul Islam,SP Narine,Rubel Hossain,1,0,,,,,,,,,
1121290,2017/18,2017-12-12,"Shere Bangla National Stadium, Mirpur",2,15.4,Dhaka Dynamites,Rangpur Riders,SP Narine,Jahurul Islam,Rubel Hossain,1,0,,,,,,,,,
1121290,2017/18,2017-12-12,"Shere Bangla National Stadium, Mirpur",2,15.5,Dhaka Dynamites,Rangpur Riders,Jahurul Islam,SP Narine,Rubel Hossain,1,0,,,,,,,,,
1121290,2017/18,2017-12-12,"Shere Bangla National Stadium, Mirpur",2,15.6,Dhaka Dynamites,Rangpur Riders,SP Narine,Jahurul Islam,Rubel Hossain,0,0,,,,,,,,,
1121290,2017/18,2017-12-12,"Shere Bangla National Stadium, Mirpur",2,16.1,Dhaka Dynamites,Rangpur Riders,Jahurul Islam,SP Narine,I Udana,0,1,1,,,,,,,,
1121290,2017/18,2017-12-12,"Shere Bangla National Stadium, Mirpur",2,16.2,Dhaka Dynamites,Rangpur Riders,Jahurul Islam,SP Narine,I Udana,1,0,,,,,,,,,
1121290,2017/18,2017-12-12,"Shere Bangla National Stadium, Mirpur",2,16.3,Dhaka Dynamites,Rangpur Riders,SP Narine,Jahurul Islam,I Udana,0,0,,,,,,bowled,SP Narine,,
1121290,2017/18,2017-12-12,"Shere Bangla National Stadium, Mirpur",2,16.4,Dhaka Dynamites,Rangpur Riders,Abu Hider,Jahurul Islam,I Udana,1,0,,,,,,,,,
1121290,2017/18,2017-12-12,"Shere Bangla National Stadium, Mirpur",2,16.5,Dhaka Dynamites,Rangpur Riders,Jahurul Islam,Abu Hider,I Udana,2,0,,,,,,,,,
1121290,2017/18,2017-12-12,"Shere Bangla National Stadium, Mirpur",2,16.6,Dhaka Dynamites,Rangpur Riders,Jahurul Islam,Abu Hider,I Udana,0,0,,,,,,bowled,Jahurul Islam,,
1121290,2017/18,2017-12-12,"Shere Bangla National Stadium, Mirpur",2,16.7,Dhaka Dynamites,Rangpur Riders,Khaled Ahmed,Abu Hider,I Udana,0,0,,,,,,,,,
1121290,2017/18,2017-12-12,"Shere Bangla National Stadium, Mirpur",2,17.1,Dhaka Dynamites,Rangpur Riders,Abu Hider,Khaled Ahmed,Rubel Hossain,0,0,,,,,,,,,
1121290,2017/18,2017-12-12,"Shere Bangla National Stadium, Mirpur",2,17.2,Dhaka Dynamites,Rangpur Riders,Abu Hider,Khaled Ahmed,Rubel Hossain,4,0,,,,,,,,,
1121290,2017/18,2017-12-12,"Shere Bangla National Stadium, Mirpur",2,17.3,Dhaka Dynamites,Rangpur Riders,Abu Hider,Khaled Ahmed,Rubel Hossain,1,0,,,,,,,,,
1121290,2017/18,2017-12-12,"Shere Bangla National Stadium, Mirpur",2,17.4,Dhaka Dynamites,Rangpur Riders,Khaled Ahmed,Abu Hider,Rubel Hossain,1,0,,,,,,,,,
1121290,2017/18,2017-12-12,"Shere Bangla National Stadium, Mirpur",2,17.5,Dhaka Dynamites,Rangpur Riders,Abu Hider,Khaled Ahmed,Rubel Hossain,0,1,1,,,,,,,,
1121290,2017/18,2017-12-12,"Shere Bangla National Stadium, Mirpur",2,17.6,Dhaka Dynamites,Rangpur Riders,Abu Hider,Khaled Ahmed,Rubel Hossain,1,0,,,,,,,,,
1121290,2017/18,2017-12-12,"Shere Bangla National Stadium, Mirpur",2,17.7,Dhaka Dynamites,Rangpur Riders,Khaled Ahmed,Abu Hider,Rubel Hossain,1,0,,,,,,,,,
1121290,2017/18,2017-12-12,"Shere Bangla National Stadium, Mirpur",2,18.1,Dhaka Dynamites,Rangpur Riders,Khaled Ahmed,Abu Hider,I Udana,0,0,,,,,,,,,
1121290,2017/18,2017-12-12,"Shere Bangla National Stadium, Mirpur",2,18.2,Dhaka Dynamites,Rangpur Riders,Khaled Ahmed,Abu Hider,I Udana,1,0,,,,,,,,,
1121290,2017/18,2017-12-12,"Shere Bangla National Stadium, Mirpur",2,18.3,Dhaka Dynamites,Rangpur Riders,Abu Hider,Khaled Ahmed,I Udana,1,0,,,,,,,,,
1121290,2017/18,2017-12-12,"Shere Bangla National Stadium, Mirpur",2,18.4,Dhaka Dynamites,Rangpur Riders,Khaled Ahmed,Abu Hider,I Udana,4,0,,,,,,,,,
1121290,2017/18,2017-12-12,"Shere Bangla National Stadium, Mirpur",2,18.5,Dhaka Dynamites,Rangpur Riders,Khaled Ahmed,Abu Hider,I Udana,0,0,,,,,,,,,
1121290,2017/18,2017-12-12,"Shere Bangla National Stadium, Mirpur",2,18.6,Dhaka Dynamites,Rangpur Riders,Khaled Ahmed,Abu Hider,I Udana,0,0,,,,,,,,,
1121290,2017/18,2017-12-12,"Shere Bangla National Stadium, Mirpur",2,19.1,Dhaka Dynamites,Rangpur Riders,Abu Hider,Khaled Ahmed,CH Gayle,0,0,,,,,,,,,
1121290,2017/18,2017-12-12,"Shere Bangla National Stadium, Mirpur",2,19.2,Dhaka Dynamites,Rangpur Riders,Abu Hider,Khaled Ahmed,CH Gayle,0,0,,,,,,,,,
1121290,2017/18,2017-12-12,"Shere Bangla National Stadium, Mirpur",2,19.3,Dhaka Dynamites,Rangpur Riders,Abu Hider,Khaled Ahmed,CH Gayle,0,0,,,,,,,,,
1121290,2017/18,2017-12-12,"Shere Bangla National Stadium, Mirpur",2,19.4,Dhaka Dynamites,Rangpur Riders,Abu Hider,Khaled Ahmed,CH Gayle,1,0,,,,,,,,,
1121290,2017/18,2017-12-12,"Shere Bangla National Stadium, Mirpur",2,19.5,Dhaka Dynamites,Rangpur Riders,Khaled Ahmed,Abu Hider,CH Gayle,1,0,,,,,,,,,
1121290,2017/18,2017-12-12,"Shere Bangla National Stadium, Mirpur",2,19.6,Dhaka Dynamites,Rangpur Riders,Abu Hider,Khaled Ahmed,CH Gayle,0,0,,,,,,,,,
