match_id,season,start_date,venue,innings,ball,batting_team,bowling_team,striker,non_striker,bowler,runs_off_bat,extras,wides,noballs,byes,legbyes,penalty,wicket_type,player_dismissed,other_wicket_type,other_player_dismissed
1121263,2017/18,2017-11-18,"Shere Bangla National Stadium, Mirpur",1,0.1,Dhaka Dynamites,Rajshahi Kings,E Lewis,Shahid Afridi,Habibur Rahman,4,0,,,,,,,,,
1121263,2017/18,2017-11-18,"Shere Bangla National Stadium, Mirpur",1,0.2,Dhaka Dynamites,Rajshahi Kings,E Lewis,Shahid Afridi,Habibur Rahman,1,0,,,,,,,,,
1121263,2017/18,2017-11-18,"Shere Bangla National Stadium, Mirpur",1,0.3,Dhaka Dynamites,Rajshahi Kings,Shahid Afridi,E Lewis,Habibur Rahman,1,0,,,,,,,,,
1121263,2017/18,2017-11-18,"Shere Bangla National Stadium, Mirpur",1,0.4,Dhaka Dynamites,Rajshahi Kings,E Lewis,Shahid Afridi,Habibur Rahman,4,0,,,,,,,,,
1121263,2017/18,2017-11-18,"Shere Bangla National Stadium, Mirpur",1,0.5,Dhaka Dynamites,Rajshahi Kings,E Lewis,Shahid Afridi,Habibur Rahman,0,0,,,,,,,,,
1121263,2017/18,2017-11-18,"Shere Bangla National Stadium, Mirpur",1,0.6,Dhaka Dynamites,Rajshahi Kings,E Lewis,Shahid Afridi,Habibur Rahman,1,0,,,,,,,,,
1121263,2017/18,2017-11-18,"Shere Bangla National Stadium, Mirpur",1,1.1,Dhaka Dynamites,Rajshahi Kings,E Lewis,Shahid Afridi,Mehedi Hasan Miraz,4,0,,,,,,,,,
1121263,2017/18,2017-11-18,"Shere Bangla National Stadium, Mirpur",1,1.2,Dhaka Dynamites,Rajshahi Kings,E Lewis,Shahid Afridi,Mehedi Hasan Miraz,0,0,,,,,,,,,
1121263,2017/18,2017-11-18,"Shere Bangla National Stadium, Mirpur",1,1.3,Dhaka Dynamites,Rajshahi Kings,E Lewis,Shahid Afridi,Mehedi Hasan Miraz,6,0,,,,,,,,,
1121263,2017/18,2017-11-18,"Shere Bangla National Stadium, Mirpur",1,1.4,Dhaka Dynamites,Rajshahi Kings,E Lewis,Shahid Afridi,Mehedi Hasan Miraz,4,0,,,,,,,,,
1121263,2017/18,2017-11-18,"Shere Bangla National Stadium, Mirpur",1,1.5,Dhaka Dynamites,Rajshahi Kings,E Lewis,Shahid Afridi,Mehedi Hasan Miraz,2,0,,,,,,,,,
1121263,2017/18,2017-11-18,"Shere Bangla National Stadium, Mirpur",1,1.6,Dhaka Dynamites,Rajshahi Kings,E Lewis,Shahid Afridi,Mehedi Hasan Miraz,0,0,,,,,,,,,
1121263,2017/18,2017-11-18,"Shere Bangla National Stadium, Mirpur",1,2.1,Dhaka Dynamites,Rajshahi Kings,Shahid Afridi,E Lewis,Farhad Reza,4,0,,,,,,,,,
1121263,2017/18,2017-11-18,"Shere Bangla National Stadium, Mirpur",1,2.2,Dhaka Dynamites,Rajshahi Kings,Shahid Afridi,E Lewis,Farhad Reza,4,0,,,,,,,,,
1121263,2017/18,2017-11-18,"Shere Bangla National Stadium, Mirpur",1,2.3,Dhaka Dynamites,Rajshahi Kings,Shahid Afridi,E Lewis,Farhad Reza,0,0,,,,,,,,,
1121263,2017/18,2017-11-18,"Shere Bangla National Stadium, Mirpur",1,2.4,Dhaka Dynamites,Rajshahi Kings,Shahid Afridi,E Lewis,Farhad Reza,2,0,,,,,,,,,
1121263,2017/18,2017-11-18,"Shere Bangla National Stadium, Mirpur",1,2.5,Dhaka Dynamites,Rajshahi Kings,Shahid Afridi,E Lewis,Farhad Reza,4,0,,,,,,,,,
1121263,2017/18,2017-11-18,"Shere Bangla National Stadium, Mirpur",1,2.6,Dhaka Dynamites,Rajshahi Kings,Shahid Afridi,E Lewis,Farhad Reza,0,0,,,,,,,,,
1121263,2017/18,2017-11-18,"Shere Bangla National Stadium, Mirpur",1,3.1,Dhaka Dynamites,Rajshahi Kings,E Lewis,Shahid Afridi,Hossain Ali,4,0,,,,,,,,,
1121263,2017/18,2017-11-18,"Shere Bangla National Stadium, Mirpur",1,3.2,Dhaka Dynamites,Rajshahi Kings,E Lewis,Shahid Afridi,Hossain Ali,0,0,,,,,,,,,
1121263,2017/18,2017-11-18,"Shere Bangla National Stadium, Mirpur",1,3.3,Dhaka Dynamites,Rajshahi Kings,E Lewis,Shahid Afridi,Hossain Ali,0,0,,,,,,,,,
1121263,2017/18,2017-11-18,"Shere Bangla National Stadium, Mirpur",1,3.4,Dhaka Dynamites,Rajshahi Kings,E Lewis,Shahid Afridi,Hossain Ali,4,0,,,,,,,,,
1121263,2017/18,2017-11-18,"Shere Bangla National Stadium, Mirpur",1,3.5,Dhaka Dynamites,Rajshahi Kings,E Lewis,Shahid Afridi,Hossain Ali,4,0,,,,,,,,,
1121263,2017/18,2017-11-18,"Shere Bangla National Stadium, Mirpur",1,3.6,Dhaka Dynamites,Rajshahi Kings,E Lewis,Shahid Afridi,Hossain Ali,0,0,,,,,,,,,
1121263,2017/18,2017-11-18,"Shere Bangla National Stadium, Mirpur",1,4.1,Dhaka Dynamites,Rajshahi Kings,Shahid Afridi,E Lewis,Mehedi Hasan Miraz,0,0,,,,,,bowled,Shahid Afridi,,
1121263,2017/18,2017-11-18,"Shere Bangla National Stadium, Mirpur",1,4.2,Dhaka Dynamites,Rajshahi Kings,Jahurul Islam,E Lewis,Mehedi Hasan Miraz,1,0,,,,,,,,,
1121263,2017/18,2017-11-18,"Shere Bangla National Stadium, Mirpur",1,4.3,Dhaka Dynamites,Rajshahi Kings,E Lewis,Jahurul Islam,Mehedi Hasan Miraz,2,0,,,,,,,,,
1121263,2017/18,2017-11-18,"Shere Bangla National Stadium, Mirpur",1,4.4,Dhaka Dynamites,Rajshahi Kings,E Lewis,Jahurul Islam,Mehedi Hasan Miraz,0,0,,,,,,,,,
1121263,2017/18,2017-11-18,"Shere Bangla National Stadium, Mirpur",1,4.5,Dhaka Dynamites,Rajshahi Kings,E Lewis,Jahurul Islam,Mehedi Hasan Miraz,4,0,,,,,,,,,
1121263,2017/18,2017-11-18,"Shere Bangla National Stadium, Mirpur",1,4.6,Dhaka Dynamites,Rajshahi Kings,E Lewis,Jahurul Islam,Mehedi Hasan Miraz,0,1,,,,1,,,,,
1121263,2017/18,2017-11-18,"Shere Bangla National Stadium, Mirpur",1,5.1,Dhaka Dynamites,Rajshahi Kings,E Lewis,Jahurul Islam,Habibur Rahman,1,0,,,,,,,,,
1121263,2017/18,2017-11-18,"Shere Bangla National Stadium, Mirpur",1,5.2,Dhaka Dynamites,Rajshahi Kings,Jahurul Islam,E Lewis,Habibur Rahman,6,0,,,,,,,,,
1121263,2017/18,2017-11-18,"Shere Bangla National Stadium, Mirpur",1,5.3,Dhaka Dynamites,Rajshahi Kings,Jahurul Islam,E Lewis,Habibur Rahman,4,0,,,,,,,,,
1121263,2017/18,2017-11-18,"Shere Bangla National Stadium, Mirpur",1,5.4,Dhaka Dynamites,Rajshahi Kings,Jahurul Islam,E Lewis,Habibur Rahman,1,0,,,,,,,,,
1121263,2017/18,2017-11-18,"Shere Bangla National Stadium, Mirpur",1,5.5,Dhaka Dynamites,Rajshahi Kings,E Lewis,Jahurul Islam,Habibur Rahman,1,0,,,,,,,,,
1121263,2017/18,2017-11-18,"Shere Bangla National Stadium, Mirpur",1,5.6,Dhaka Dynamites,Rajshahi Kings,Jahurul Islam,E Lewis,Habibur Rahman,1,0,,,,,,,,,
1121263,2017/18,2017-11-18,"Shere Bangla National Stadium, Mirpur",1,6.1,Dhaka Dynamites,Rajshahi Kings,Jahurul Islam,E Lewis,Mehedi Hasan Miraz,0,0,,,,,,bowled,Jahurul Islam,,
1121263,2017/18,2017-11-18,"Shere Bangla National Stadium, Mirpur",1,6.2,Dhaka Dynamites,Rajshahi Kings,Nadif Chowdhury,E Lewis,Mehedi Hasan Miraz,1,0,,,,,,,,,
1121263,2017/18,2017-11-18,"Shere Bangla National Stadium, Mirpur",1,6.3,Dhaka Dynamites,Rajshahi Kings,E Lewis,Nadif Chowdhury,Mehedi Hasan Miraz,0,0,,,,,,,,,
1121263,2017/18,2017-11-18,"Shere Bangla National Stadium, Mirpur",1,6.4,Dhaka Dynamites,Rajshahi Kings,E Lewis,Nadif Chowdhury,Mehedi Hasan Miraz,1,0,,,,,,,,,
1121263,2017/18,2017-11-18,"Shere Bangla National Stadium, Mirpur",1,6.5,Dhaka Dynamites,Rajshahi Kings,Nadif Chowdhury,E Lewis,Mehedi Hasan Miraz,0,0,,,,,,,,,
1121263,2017/18,2017-11-18,"Shere Bangla National Stadium, Mirpur",1,6.6,Dhaka Dynamites,Rajshahi Kings,Nadif Chowdhury,E Lewis,Mehedi Hasan Miraz,1,0,,,,,,,,,
1121263,2017/18,2017-11-18,"Shere Bangla National Stadium, Mirpur",1,7.1,Dhaka Dynamites,Rajshahi Kings,Nadif Chowdhury,E Lewis,JEC Franklin,1,0,,,,,,,,,
1121263,2017/18,2017-11-18,"Shere Bangla National Stadium, Mirpur",1,7.2,Dhaka Dynamites,Rajshahi Kings,E Lewis,Nadif Chowdhury,JEC Franklin,0,0,,,,,,,,,
1121263,2017/18,2017-11-18,"Shere Bangla National Stadium, Mirpur",1,7.3,Dhaka Dynamites,Rajshahi Kings,E Lewis,Nadif Chowdhury,JEC Franklin,2,0,,,,,,,,,
1121263,2017/18,2017-11-18,"Shere Bangla National Stadium, Mirpur",1,7.4,Dhaka Dynamites,Rajshahi Kings,E Lewis,Nadif Chowdhury,JEC Franklin,4,0,,,,,,,,,
1121263,2017/18,2017-11-18,"Shere Bangla National Stadium, Mirpur",1,7.5,Dhaka Dynamites,Rajshahi Kings,E Lewis,Nadif Chowdhury,JEC Franklin,1,0,,,,,,,,,
1121263,2017/18,2017-11-18,"Shere Bangla National Stadium, Mirpur",1,7.6,Dhaka Dynamites,Rajshahi Kings,Nadif Chowdhury,E Lewis,JEC Franklin,0,0,,,,,,,,,
1121263,2017/18,2017-11-18,"Shere Bangla National Stadium, Mirpur",1,8.1,Dhaka Dynamites,Rajshahi Kings,E Lewis,Nadif Chowdhury,Mehedi Hasan Miraz,1,0,,,,,,,,,
1121263,2017/18,2017-11-18,"Shere Bangla National Stadium, Mirpur",1,8.2,Dhaka Dynamites,Rajshahi Kings,Nadif Chowdhury,E Lewis,Mehedi Hasan Miraz,1,0,,,,,,,,,
1121263,2017/18,2017-11-18,"Shere Bangla National Stadium, Mirpur",1,8.3,Dhaka Dynamites,Rajshahi Kings,E Lewis,Nadif Chowdhury,Mehedi Hasan Miraz,0,0,,,,,,,,,
1121263,2017/18,2017-11-18,"Shere Bangla National Stadium, Mirpur",1,8.4,Dhaka Dynamites,Rajshahi Kings,E Lewis,Nadif Chowdhury,Mehedi Hasan Miraz,1,0,,,,,,,,,
1121263,2017/18,2017-11-18,"Shere Bangla National Stadium, Mirpur",1,8.5,Dhaka Dynamites,Rajshahi Kings,Nadif Chowdhury,E Lewis,Mehedi Hasan Miraz,1,0,,,,,,,,,
1121263,2017/18,2017-11-18,"Shere Bangla National Stadium, Mirpur",1,8.6,Dhaka Dynamites,Rajshahi Kings,E Lewis,Nadif Chowdhury,Mehedi Hasan Miraz,1,0,,,,,,,,,
1121263,2017/18,2017-11-18,"Shere Bangla National Stadium, Mirpur",1,9.1,Dhaka Dynamites,Rajshahi Kings,E Lewis,Nadif Chowdhury,Hossain Ali,4,0,,,,,,,,,
1121263,2017/18,2017-11-18,"Shere Bangla National Stadium, Mirpur",1,9.2,Dhaka Dynamites,Rajshahi Kings,E Lewis,Nadif Chowdhury,Hossain Ali,0,0,,,,,,,,,
1121263,2017/18,2017-11-18,"Shere Bangla National Stadium, Mirpur",1,9.3,Dhaka Dynamites,Rajshahi Kings,E Lewis,Nadif Chowdhury,Hossain Ali,2,0,,,,,,,,,
1121263,2017/18,2017-11-18,"Shere Bangla National Stadium, Mirpur",1,9.4,Dhaka Dynamites,Rajshahi Kings,E Lewis,Nadif Chowdhury,Hossain Ali,1,0,,,,,,,,,
1121263,2017/18,2017-11-18,"Shere Bangla National Stadium, Mirpur",1,9.5,Dhaka Dynamites,Rajshahi Kings,Nadif Chowdhury,E Lewis,Hossain Ali,1,0,,,,,,,,,
1121263,2017/18,2017-11-18,"Shere Bangla National Stadium, Mirpur",1,9.6,Dhaka Dynamites,Rajshahi Kings,E Lewis,Nadif Chowdhury,Hossain Ali,0,0,,,,,,caught,E Lewis,,
1121263,2017/18,2017-11-18,"Shere Bangla National Stadium, Mirpur",1,10.1,Dhaka Dynamites,Rajshahi Kings,Nadif Chowdhury,KC Sangakkara,Habibur Rahman,0,0,,,,,,stumped,Nadif Chowdhury,,
1121263,2017/18,2017-11-18,"Shere Bangla National Stadium, Mirpur",1,10.2,Dhaka Dynamites,Rajshahi Kings,Shakib Al Hasan,KC Sangakkara,Habibur Rahman,0,0,,,,,,,,,
1121263,2017/18,2017-11-18,"Shere Bangla National Stadium, Mirpur",1,10.3,Dhaka Dynamites,Rajshahi Kings,Shakib Al Hasan,KC Sangakkara,Habibur Rahman,0,0,,,,,,,,,
1121263,2017/18,2017-11-18,"Shere Bangla National Stadium, Mirpur",1,10.4,Dhaka Dynamites,Rajshahi Kings,Shakib Al Hasan,KC Sangakkara,Habibur Rahman,0,0,,,,,,,,,
1121263,2017/18,2017-11-18,"Shere Bangla National Stadium, Mirpur",1,10.5,Dhaka Dynamites,Rajshahi Kings,Shakib Al Hasan,KC Sangakkara,Habibur Rahman,1,0,,,,,,,,,
1121263,2017/18,2017-11-18,"Shere Bangla National Stadium, Mirpur",1,10.6,Dhaka Dynamites,Rajshahi Kings,KC Sangakkara,Shakib Al Hasan,Habibur Rahman,1,0,,,,,,,,,
1121263,2017/18,2017-11-18,"Shere Bangla National Stadium, Mirpur",1,11.1,Dhaka Dynamites,Rajshahi Kings,KC Sangakkara,Shakib Al Hasan,JEC Franklin,2,0,,,,,,,,,
1121263,2017/18,2017-11-18,"Shere Bangla National Stadium, Mirpur",1,11.2,Dhaka Dynamites,Rajshahi Kings,KC Sangakkara,Shakib Al Hasan,JEC Franklin,0,0,,,,,,,,,
1121263,2017/18,2017-11-18,"Shere Bangla National Stadium, Mirpur",1,11.3,Dhaka Dynamites,Rajshahi Kings,KC Sangakkara,Shakib Al Hasan,JEC Franklin,0,0,,,,,,,,,
1121263,2017/18,2017-11-18,"Shere Bangla National Stadium, Mirpur",1,11.4,Dhaka Dynamites,Rajshahi Kings,KC Sangakkara,Shakib Al Hasan,JEC Franklin,1,0,,,,,,,,,
1121263,2017/18,2017-11-18,"Shere Bangla National Stadium, Mirpur",1,11.5,Dhaka Dynamites,Rajshahi Kings,Shakib Al Hasan,KC Sangakkara,JEC Franklin,1,0,,,,,,,,,
1121263,2017/18,2017-11-18,"Shere Bangla National Stadium, Mirpur",1,11.6,Dhaka Dynamites,Rajshahi Kings,KC Sangakkara,Shakib Al Hasan,JEC Franklin,1,0,,,,,,,,,
1121263,2017/18,2017-11-18,"Shere Bangla National Stadium, Mirpur",1,12.1,Dhaka Dynamites,Rajshahi Kings,KC Sangakkara,Shakib Al Hasan,Habibur Rahman,1,0,,,,,,,,,
1121263,2017/18,2017-11-18,"Shere Bangla National Stadium, Mirpur",1,12.2,Dhaka Dynamites,Rajshahi Kings,Shakib Al Hasan,KC Sangakkara,Habibur Rahman,6,0,,,,,,,,,
1121263,2017/18,2017-11-18,"Shere Bangla National Stadium, Mirpur",1,12.3,Dhaka Dynamites,Rajshahi Kings,Shakib Al Hasan,KC Sangakkara,Habibur Rahman,0,0,,,,,,,,,
1121263,2017/18,2017-11-18,"Shere Bangla National Stadium, Mirpur",1,12.4,Dhaka Dynamites,Rajshahi Kings,Shakib Al Hasan,KC Sangakkara,Habibur Rahman,1,0,,,,,,,,,
1121263,2017/18,2017-11-18,"Shere Bangla National Stadium, Mirpur",1,12.5,Dhaka Dynamites,Rajshahi Kings,KC Sangakkara,Shakib Al Hasan,Habibur Rahman,1,0,,,,,,,,,
1121263,2017/18,2017-11-18,"Shere Bangla National Stadium, Mirpur",1,12.6,Dhaka Dynamites,Rajshahi Kings,Shakib Al Hasan,KC Sangakkara,Habibur Rahman,0,5,5,,,,,,,,
1121263,2017/18,2017-11-18,"Shere Bangla National Stadium, Mirpur",1,12.7,Dhaka Dynamites,Rajshahi Kings,Shakib Al Hasan,KC Sangakkara,Habibur Rahman,0,1,1,,,,,,,,
1121263,2017/18,2017-11-18,"Shere Bangla National Stadium, Mirpur",1,12.8,Dhaka Dynamites,Rajshahi Kings,Shakib Al Hasan,KC Sangakkara,Habibur Rahman,1,0,,,,,,,,,
1121263,2017/18,2017-11-18,"Shere Bangla National Stadium, Mirpur",1,13.1,Dhaka Dynamites,Rajshahi Kings,Shakib Al Hasan,KC Sangakkara,SR Patel,1,0,,,,,,,,,
1121263,2017/18,2017-11-18,"Shere Bangla National Stadium, Mirpur",1,13.2,Dhaka Dynamites,Rajshahi Kings,KC Sangakkara,Shakib Al Hasan,SR Patel,1,0,,,,,,,,,
1121263,2017/18,2017-11-18,"Shere Bangla National Stadium, Mirpur",1,13.3,Dhaka Dynamites,Rajshahi Kings,Shakib Al Hasan,KC Sangakkara,SR Patel,0,0,,,,,,caught,Shakib Al Hasan,,
1121263,2017/18,2017-11-18,"Shere Bangla National Stadium, Mirpur",1,13.4,Dhaka Dynamites,Rajshahi Kings,KC Sangakkara,KA Pollard,SR Patel,1,0,,,,,,,,,
1121263,2017/18,2017-11-18,"Shere Bangla National Stadium, Mirpur",1,13.5,Dhaka Dynamites,Rajshahi Kings,KA Pollard,KC Sangakkara,SR Patel,1,0,,,,,,,,,
1121263,2017/18,2017-11-18,"Shere Bangla National Stadium, Mirpur",1,13.6,Dhaka Dynamites,Rajshahi Kings,KC Sangakkara,KA Pollard,SR Patel,1,0,,,,,,,,,
1121263,2017/18,2017-11-18,"Shere Bangla National Stadium, Mirpur",1,14.1,Dhaka Dynamites,Rajshahi Kings,KC Sangakkara,KA Pollard,Hossain Ali,1,0,,,,,,,,,
1121263,2017/18,2017-11-18,"Shere Bangla National Stadium, Mirpur",1,14.2,Dhaka Dynamites,Rajshahi Kings,KA Pollard,KC Sangakkara,Hossain Ali,0,1,1,,,,,,,,
1121263,2017/18,2017-11-18,"Shere Bangla National Stadium, Mirpur",1,14.3,Dhaka Dynamites,Rajshahi Kings,KA Pollard,KC Sangakkara,Hossain Ali,0,0,,,,,,,,,
1121263,2017/18,2017-11-18,"Shere Bangla National Stadium, Mirpur",1,14.4,Dhaka Dynamites,Rajshahi Kings,KA Pollard,KC Sangakkara,Hossain Ali,0,0,,,,,,,,,
1121263,2017/18,2017-11-18,"Shere Bangla National Stadium, Mirpur",1,14.5,Dhaka Dynamites,Rajshahi Kings,KA Pollard,KC Sangakkara,Hossain Ali,0,0,,,,,,,,,
1121263,2017/18,2017-11-18,"Shere Bangla National Stadium, Mirpur",1,14.6,Dhaka Dynamites,Rajshahi Kings,KA Pollard,KC Sangakkara,Hossain Ali,0,0,,,,,,,,,
1121263,2017/18,2017-11-18,"Shere Bangla National Stadium, Mirpur",1,14.7,Dhaka Dynamites,Rajshahi Kings,KA Pollard,KC Sangakkara,Hossain Ali,1,0,,,,,,,,,
1121263,2017/18,2017-11-18,"Shere Bangla National Stadium, Mirpur",1,15.1,Dhaka Dynamites,Rajshahi Kings,KA Pollard,KC Sangakkara,SR Patel,6,0,,,,,,,,,
1121263,2017/18,2017-11-18,"Shere Bangla National Stadium, Mirpur",1,15.2,Dhaka Dynamites,Rajshahi Kings,KA Pollard,KC Sangakkara,SR Patel,4,0,,,,,,,,,
1121263,2017/18,2017-11-18,"Shere Bangla National Stadium, Mirpur",1,15.3,Dhaka Dynamites,Rajshahi Kings,KA Pollard,KC Sangakkara,SR Patel,1,0,,,,,,,,,
1121263,2017/18,2017-11-18,"Shere Bangla National Stadium, Mirpur",1,15.4,Dhaka Dynamites,Rajshahi Kings,KC Sangakkara,KA Pollard,SR Patel,1,0,,,,,,,,,
1121263,2017/18,2017-11-18,"Shere Bangla National Stadium, Mirpur",1,15.5,Dhaka Dynamites,Rajshahi Kings,KA Pollard,KC Sangakkara,SR Patel,0,0,,,,,,,,,
1121263,2017/18,2017-11-18,"Shere Bangla National Stadium, Mirpur",1,15.6,Dhaka Dynamites,Rajshahi Kings,KA Pollard,KC Sangakkara,SR Patel,1,0,,,,,,,,,
1121263,2017/18,2017-11-18,"Shere Bangla National Stadium, Mirpur",1,16.1,Dhaka Dynamites,Rajshahi Kings,KA Pollard,KC Sangakkara,Farhad Reza,4,0,,,,,,,,,
1121263,2017/18,2017-11-18,"Shere Bangla National Stadium, Mirpur",1,16.2,Dhaka Dynamites,Rajshahi Kings,KA Pollard,KC Sangakkara,Farhad Reza,0,0,,,,,,,,,
1121263,2017/18,2017-11-18,"Shere Bangla National Stadium, Mirpur",1,16.3,Dhaka Dynamites,Rajshahi Kings,KA Pollard,KC Sangakkara,Farhad Reza,2,0,,,,,,,,,
1121263,2017/18,2017-11-18,"Shere Bangla National Stadium, Mirpur",1,16.4,Dhaka Dynamites,Rajshahi Kings,KA Pollard,KC Sangakkara,Farhad Reza,1,0,,,,,,,,,
1121263,2017/18,2017-11-18,"Shere Bangla National Stadium, Mirpur",1,16.5,Dhaka Dynamites,Rajshahi Kings,KC Sangakkara,KA Pollard,Farhad Reza,1,0,,,,,,,,,
1121263,2017/18,2017-11-18,"Shere Bangla National Stadium, Mirpur",1,16.6,Dhaka Dynamites,Rajshahi Kings,KA Pollard,KC Sangakkara,Farhad Reza,2,0,,,,,,,,,
1121263,2017/18,2017-11-18,"Shere Bangla National Stadium, Mirpur",1,17.1,Dhaka Dynamites,Rajshahi Kings,KC Sangakkara,KA Pollard,JEC Franklin,4,0,,,,,,,,,
1121263,2017/18,2017-11-18,"Shere Bangla National Stadium, Mirpur",1,17.2,Dhaka Dynamites,Rajshahi Kings,KC Sangakkara,KA Pollard,JEC Franklin,4,0,,,,,,,,,
1121263,2017/18,2017-11-18,"Shere Bangla National Stadium, Mirpur",1,17.3,Dhaka Dynamites,Rajshahi Kings,KC Sangakkara,KA Pollard,JEC Franklin,0,1,1,,,,,,,,
1121263,2017/18,2017-11-18,"Shere Bangla National Stadium, Mirpur",1,17.4,Dhaka Dynamites,Rajshahi Kings,KC Sangakkara,KA Pollard,JEC Franklin,1,0,,,,,,,,,
1121263,2017/18,2017-11-18,"Shere Bangla National Stadium, Mirpur",1,17.5,Dhaka Dynamites,Rajshahi Kings,KA Pollard,KC Sangakkara,JEC Franklin,1,0,,,,,,,,,
1121263,2017/18,2017-11-18,"Shere Bangla National Stadium, Mirpur",1,17.6,Dhaka Dynamites,Rajshahi Kings,KC Sangakkara,KA Pollard,JEC Franklin,1,0,,,,,,,,,
1121263,2017/18,2017-11-18,"Shere Bangla National Stadium, Mirpur",1,17.7,Dhaka Dynamites,Rajshahi Kings,KA Pollard,KC Sangakkara,JEC Franklin,4,0,,,,,,,,,
1121263,2017/18,2017-11-18,"Shere Bangla National Stadium, Mirpur",1,18.1,Dhaka Dynamites,Rajshahi Kings,KC Sangakkara,KA Pollard,Farhad Reza,0,1,,,1,,,,,,
1121263,2017/18,2017-11-18,"Shere Bangla National Stadium, Mirpur",1,18.2,Dhaka Dynamites,Rajshahi Kings,KA Pollard,KC Sangakkara,Farhad Reza,1,0,,,,,,,,,
1121263,2017/18,2017-11-18,"Shere Bangla National Stadium, Mirpur",1,18.3,Dhaka Dynamites,Rajshahi Kings,KC Sangakkara,KA Pollard,Farhad Reza,4,0,,,,,,,,,
1121263,2017/18,2017-11-18,"Shere Bangla National Stadium, Mirpur",1,18.4,Dhaka Dynamites,Rajshahi Kings,KC Sangakkara,KA Pollard,Farhad Reza,1,0,,,,,,,,,
1121263,2017/18,2017-11-18,"Shere Bangla National Stadium, Mirpur",1,18.5,Dhaka Dynamites,Rajshahi Kings,KA Pollard,KC Sangakkara,Farhad Reza,4,0,,,,,,,,,
1121263,2017/18,2017-11-18,"Shere Bangla National Stadium, Mirpur",1,18.6,Dhaka Dynamites,Rajshahi Kings,KA Pollard,KC Sangakkara,Farhad Reza,6,0,,,,,,,,,
1121263,2017/18,2017-11-18,"Shere Bangla National Stadium, Mirpur",1,19.1,Dhaka Dynamites,Rajshahi Kings,KC Sangakkara,KA Pollard,Hossain Ali,0,0,,,,,,caught,KC Sangakkara,,
1121263,2017/18,2017-11-18,"Shere Bangla National Stadium, Mirpur",1,19.2,Dhaka Dynamites,Rajshahi Kings,KA Pollard,SP Narine,Hossain Ali,0,1,1,,,,,,,,
1121263,2017/18,2017-11-18,"Shere Bangla National Stadium, Mirpur",1,19.3,Dhaka Dynamites,Rajshahi Kings,KA Pollard,SP Narine,Hossain Ali,6,0,,,,,,,,,
1121263,2017/18,2017-11-18,"Shere Bangla National Stadium, Mirpur",1,19.4,Dhaka Dynamites,Rajshahi Kings,KA Pollard,SP Narine,Hossain Ali,4,0,,,,,,,,,
1121263,2017/18,2017-11-18,"Shere Bangla National Stadium, Mirpur",1,19.5,Dhaka Dynamites,Rajshahi Kings,KA Pollard,SP Narine,Hossain Ali,0,1,1,,,,,,,,
1121263,2017/18,2017-11-18,"Shere Bangla National Stadium, Mirpur",1,19.6,Dhaka Dynamites,Rajshahi Kings,KA Pollard,SP Narine,Hossain Ali,2,0,,,,,,,,,
1121263,2017/18,2017-11-18,"Shere Bangla National Stadium, Mirpur",1,19.7,Dhaka Dynamites,Rajshahi Kings,KA Pollard,SP Narine,Hossain Ali,1,0,,,,,,,,,
1121263,2017/18,2017-11-18,"Shere Bangla National Stadium, Mirpur",1,19.8,Dhaka Dynamites,Rajshahi Kings,SP Narine,KA Pollard,Hossain Ali,0,0,,,,,,bowled,SP Narine,,
1121263,2017/18,2017-11-18,"Shere Bangla National Stadium, Mirpur",2,0.1,Rajshahi Kings,Dhaka Dynamites,Mominul Haque,Rony Talukdar,Abu Hider,0,0,,,,,,,,,
1121263,2017/18,2017-11-18,"Shere Bangla National Stadium, Mirpur",2,0.2,Rajshahi Kings,Dhaka Dynamites,Mominul Haque,Rony Talukdar,Abu Hider,0,0,,,,,,,,,
1121263,2017/18,2017-11-18,"Shere Bangla National Stadium, Mirpur",2,0.3,Rajshahi Kings,Dhaka Dynamites,Mominul Haque,Rony Talukdar,Abu Hider,0,0,,,,,,,,,
1121263,2017/18,2017-11-18,"Shere Bangla National Stadium, Mirpur",2,0.4,Rajshahi Kings,Dhaka Dynamites,Mominul Haque,Rony Talukdar,Abu Hider,1,0,,,,,,,,,
1121263,2017/18,2017-11-18,"Shere Bangla National Stadium, Mirpur",2,0.5,Rajshahi Kings,Dhaka Dynamites,Rony Talukdar,Mominul Haque,Abu Hider,0,1,1,,,,,,,,
1121263,2017/18,2017-11-18,"Shere Bangla National Stadium, Mirpur",2,0.6,Rajshahi Kings,Dhaka Dynamites,Rony Talukdar,Mominul Haque,Abu Hider,0,0,,,,,,lbw,Rony Talukdar,,
1121263,2017/18,2017-11-18,"Shere Bangla National Stadium, Mirpur",2,0.7,Rajshahi Kings,Dhaka Dynamites,SR Patel,Mominul Haque,Abu Hider,0,0,,,,,,,,,
1121263,2017/18,2017-11-18,"Shere Bangla National Stadium, Mirpur",2,1.1,Rajshahi Kings,Dhaka Dynamites,Mominul Haque,SR Patel,Shakib Al Hasan,0,0,,,,,,,,,
1121263,2017/18,2017-11-18,"Shere Bangla National Stadium, Mirpur",2,1.2,Rajshahi Kings,Dhaka Dynamites,Mominul Haque,SR Patel,Shakib Al Hasan,0,0,,,,,,,,,
1121263,2017/18,2017-11-18,"Shere Bangla National Stadium, Mirpur",2,1.3,Rajshahi Kings,Dhaka Dynamites,Mominul Haque,SR Patel,Shakib Al Hasan,1,0,,,,,,,,,
1121263,2017/18,2017-11-18,"Shere Bangla National Stadium, Mirpur",2,1.4,Rajshahi Kings,Dhaka Dynamites,SR Patel,Mominul Haque,Shakib Al Hasan,0,0,,,,,,,,,
1121263,2017/18,2017-11-18,"Shere Bangla National Stadium, Mirpur",2,1.5,Rajshahi Kings,Dhaka Dynamites,SR Patel,Mominul Haque,Shakib Al Hasan,0,0,,,,,,,,,
1121263,2017/18,2017-11-18,"Shere Bangla National Stadium, Mirpur",2,1.6,Rajshahi Kings,Dhaka Dynamites,SR Patel,Mominul Haque,Shakib Al Hasan,0,0,,,,,,,,,
1121263,2017/18,2017-11-18,"Shere Bangla National Stadium, Mirpur",2,2.1,Rajshahi Kings,Dhaka Dynamites,Mominul Haque,SR Patel,Abu Hider,1,0,,,,,,,,,
1121263,2017/18,2017-11-18,"Shere Bangla National Stadium, Mirpur",2,2.2,Rajshahi Kings,Dhaka Dynamites,SR Patel,Mominul Haque,Abu Hider,6,0,,,,,,,,,
1121263,2017/18,2017-11-18,"Shere Bangla National Stadium, Mirpur",2,2.3,Rajshahi Kings,Dhaka Dynamites,SR Patel,Mominul Haque,Abu Hider,0,0,,,,,,,,,
1121263,2017/18,2017-11-18,"Shere Bangla National Stadium, Mirpur",2,2.4,Rajshahi Kings,Dhaka Dynamites,SR Patel,Mominul Haque,Abu Hider,0,1,1,,,,,,,,
1121263,2017/18,2017-11-18,"Shere Bangla National Stadium, Mirpur",2,2.5,Rajshahi Kings,Dhaka Dynamites,SR Patel,Mominul Haque,Abu Hider,0,0,,,,,,,,,
1121263,2017/18,2017-11-18,"Shere Bangla National Stadium, Mirpur",2,2.6,Rajshahi Kings,Dhaka Dynamites,SR Patel,Mominul Haque,Abu Hider,0,0,,,,,,caught,SR Patel,,
1121263,2017/18,2017-11-18,"Shere Bangla National Stadium, Mirpur",2,2.7,Rajshahi Kings,Dhaka Dynamites,Zakir Hasan,Mominul Haque,Abu Hider,1,0,,,,,,,,,
1121263,2017/18,2017-11-18,"Shere Bangla National Stadium, Mirpur",2,3.1,Rajshahi Kings,Dhaka Dynamites,Zakir Hasan,Mominul Haque,Shakib Al Hasan,0,2,2,,,,,,,,
1121263,2017/18,2017-11-18,"Shere Bangla National Stadium, Mirpur",2,3.2,Rajshahi Kings,Dhaka Dynamites,Mominul Haque,Zakir Hasan,Shakib Al Hasan,0,0,,,,,,,,,
1121263,2017/18,2017-11-18,"Shere Bangla National Stadium, Mirpur",2,3.3,Rajshahi Kings,Dhaka Dynamites,Mominul Haque,Zakir Hasan,Shakib Al Hasan,0,5,5,,,,,,,,
1121263,2017/18,2017-11-18,"Shere Bangla National Stadium, Mirpur",2,3.4,Rajshahi Kings,Dhaka Dynamites,Mominul Haque,Zakir Hasan,Shakib Al Hasan,6,0,,,,,,,,,
1121263,2017/18,2017-11-18,"Shere Bangla National Stadium, Mirpur",2,3.5,Rajshahi Kings,Dhaka Dynamites,Mominul Haque,Zakir Hasan,Shakib Al Hasan,0,0,,,,,,,,,
1121263,2017/18,2017-11-18,"Shere Bangla National Stadium, Mirpur",2,3.6,Rajshahi Kings,Dhaka Dynamites,Mominul Haque,Zakir Hasan,Shakib Al Hasan,1,0,,,,,,,,,
1121263,2017/18,2017-11-18,"Shere Bangla National Stadium, Mirpur",2,3.7,Rajshahi Kings,Dhaka Dynamites,Zakir Hasan,Mominul Haque,Shakib Al Hasan,0,0,,,,,,,,,
1121263,2017/18,2017-11-18,"Shere Bangla National Stadium, Mirpur",2,3.8,Rajshahi Kings,Dhaka Dynamites,Zakir Hasan,Mominul Haque,Shakib Al Hasan,1,0,,,,,,,,,
1121263,2017/18,2017-11-18,"Shere Bangla National Stadium, Mirpur",2,4.1,Rajshahi Kings,Dhaka Dynamites,Zakir Hasan,Mominul Haque,SP Narine,4,0,,,,,,,,,
1121263,2017/18,2017-11-18,"Shere Bangla National Stadium, Mirpur",2,4.2,Rajshahi Kings,Dhaka Dynamites,Zakir Hasan,Mominul Haque,SP Narine,4,0,,,,,,,,,
1121263,2017/18,2017-11-18,"Shere Bangla National Stadium, Mirpur",2,4.3,Rajshahi Kings,Dhaka Dynamites,Zakir Hasan,Mominul Haque,SP Narine,1,0,,,,,,,,,
1121263,2017/18,2017-11-18,"Shere Bangla National Stadium, Mirpur",2,4.4,Rajshahi Kings,Dhaka Dynamites,Mominul Haque,Zakir Hasan,SP Narine,0,0,,,,,,,,,
1121263,2017/18,2017-11-18,"Shere Bangla National Stadium, Mirpur",2,4.5,Rajshahi Kings,Dhaka Dynamites,Mominul Haque,Zakir Hasan,SP Narine,0,0,,,,,,,,,
1121263,2017/18,2017-11-18,"Shere Bangla National Stadium, Mirpur",2,4.6,Rajshahi Kings,Dhaka Dynamites,Mominul Haque,Zakir Hasan,SP Narine,0,0,,,,,,,,,
1121263,2017/18,2017-11-18,"Shere Bangla National Stadium, Mirpur",2,5.1,Rajshahi Kings,Dhaka Dynamites,Zakir Hasan,Mominul Haque,Mosaddek Hossain,0,0,,,,,,,,,
1121263,2017/18,2017-11-18,"Shere Bangla National Stadium, Mirpur",2,5.2,Rajshahi Kings,Dhaka Dynamites,Zakir Hasan,Mominul Haque,Mosaddek Hossain,4,0,,,,,,,,,
1121263,2017/18,2017-11-18,"Shere Bangla National Stadium, Mirpur",2,5.3,Rajshahi Kings,Dhaka Dynamites,Zakir Hasan,Mominul Haque,Mosaddek Hossain,4,0,,,,,,,,,
1121263,2017/18,2017-11-18,"Shere Bangla National Stadium, Mirpur",2,5.4,Rajshahi Kings,Dhaka Dynamites,Zakir Hasan,Mominul Haque,Mosaddek Hossain,4,0,,,,,,,,,
1121263,2017/18,2017-11-18,"Shere Bangla National Stadium, Mirpur",2,5.5,Rajshahi Kings,Dhaka Dynamites,Zakir Hasan,Mominul Haque,Mosaddek Hossain,0,1,1,,,,,,,,
1121263,2017/18,2017-11-18,"Shere Bangla National Stadium, Mirpur",2,5.6,Rajshahi Kings,Dhaka Dynamites,Zakir Hasan,Mominul Haque,Mosaddek Hossain,1,0,,,,,,,,,
1121263,2017/18,2017-11-18,"Shere Bangla National Stadium, Mirpur",2,5.7,Rajshahi Kings,Dhaka Dynamites,Mominul Haque,Zakir Hasan,Mosaddek Hossain,4,0,,,,,,,,,
1121263,2017/18,2017-11-18,"Shere Bangla National Stadium, Mirpur",2,6.1,Rajshahi Kings,Dhaka Dynamites,Zakir Hasan,Mominul Haque,SP Narine,1,0,,,,,,,,,
1121263,2017/18,2017-11-18,"Shere Bangla National Stadium, Mirpur",2,6.2,Rajshahi Kings,Dhaka Dynamites,Mominul Haque,Zakir Hasan,SP Narine,1,0,,,,,,,,,
1121263,2017/18,2017-11-18,"Shere Bangla National Stadium, Mirpur",2,6.3,Rajshahi Kings,Dhaka Dynamites,Zakir Hasan,Mominul Haque,SP Narine,1,0,,,,,,,,,
1121263,2017/18,2017-11-18,"Shere Bangla National Stadium, Mirpur",2,6.4,Rajshahi Kings,Dhaka Dynamites,Mominul Haque,Zakir Hasan,SP Narine,0,0,,,,,,,,,
1121263,2017/18,2017-11-18,"Shere Bangla National Stadium, Mirpur",2,6.5,Rajshahi Kings,Dhaka Dynamites,Mominul Haque,Zakir Hasan,SP Narine,1,0,,,,,,,,,
1121263,2017/18,2017-11-18,"Shere Bangla National Stadium, Mirpur",2,6.6,Rajshahi Kings,Dhaka Dynamites,Zakir Hasan,Mominul Haque,SP Narine,1,0,,,,,,,,,
1121263,2017/18,2017-11-18,"Shere Bangla National Stadium, Mirpur",2,7.1,Rajshahi Kings,Dhaka Dynamites,Zakir Hasan,Mominul Haque,Shahid Afridi,1,0,,,,,,,,,
1121263,2017/18,2017-11-18,"Shere Bangla National Stadium, Mirpur",2,7.2,Rajshahi Kings,Dhaka Dynamites,Mominul Haque,Zakir Hasan,Shahid Afridi,0,0,,,,,,,,,
1121263,2017/18,2017-11-18,"Shere Bangla National Stadium, Mirpur",2,7.3,Rajshahi Kings,Dhaka Dynamites,Mominul Haque,Zakir Hasan,Shahid Afridi,0,0,,,,,,,,,
1121263,2017/18,2017-11-18,"Shere Bangla National Stadium, Mirpur",2,7.4,Rajshahi Kings,Dhaka Dynamites,Mominul Haque,Zakir Hasan,Shahid Afridi,0,0,,,,,,caught,Mominul Haque,,
1121263,2017/18,2017-11-18,"Shere Bangla National Stadium, Mirpur",2,7.5,Rajshahi Kings,Dhaka Dynamites,Zakir Hasan,Mushfiqur Rahim,Shahid Afridi,0,0,,,,,,,,,
1121263,2017/18,2017-11-18,"Shere Bangla National Stadium, Mirpur",2,7.6,Rajshahi Kings,Dhaka Dynamites,Zakir Hasan,Mushfiqur Rahim,Shahid Afridi,1,0,,,,,,,,,
1121263,2017/18,2017-11-18,"Shere Bangla National Stadium, Mirpur",2,8.1,Rajshahi Kings,Dhaka Dynamites,Zakir Hasan,Mushfiqur Rahim,Mohammad Saddam,6,0,,,,,,,,,
1121263,2017/18,2017-11-18,"Shere Bangla National Stadium, Mirpur",2,8.2,Rajshahi Kings,Dhaka Dynamites,Zakir Hasan,Mushfiqur Rahim,Mohammad Saddam,0,0,,,,,,,,,
1121263,2017/18,2017-11-18,"Shere Bangla National Stadium, Mirpur",2,8.3,Rajshahi Kings,Dhaka Dynamites,Zakir Hasan,Mushfiqur Rahim,Mohammad Saddam,0,1,1,,,,,,,,
1121263,2017/18,2017-11-18,"Shere Bangla National Stadium, Mirpur",2,8.4,Rajshahi Kings,Dhaka Dynamites,Zakir Hasan,Mushfiqur Rahim,Mohammad Saddam,0,0,,,,,,,,,
1121263,2017/18,2017-11-18,"Shere Bangla National Stadium, Mirpur",2,8.5,Rajshahi Kings,Dhaka Dynamites,Zakir Hasan,Mushfiqur Rahim,Mohammad Saddam,0,0,,,,,,,,,
1121263,2017/18,2017-11-18,"Shere Bangla National Stadium, Mirpur",2,8.6,Rajshahi Kings,Dhaka Dynamites,Zakir Hasan,Mushfiqur Rahim,Mohammad Saddam,1,0,,,,,,,,,
1121263,2017/18,2017-11-18,"Shere Bangla National Stadium, Mirpur",2,8.7,Rajshahi Kings,Dhaka Dynamites,Mushfiqur Rahim,Zakir Hasan,Mohammad Saddam,1,0,,,,,,,,,
1121263,2017/18,2017-11-18,"Shere Bangla National Stadium, Mirpur",2,9.1,Rajshahi Kings,Dhaka Dynamites,Mushfiqur Rahim,Zakir Hasan,Shahid Afridi,1,0,,,,,,,,,
1121263,2017/18,2017-11-18,"Shere Bangla National Stadium, Mirpur",2,9.2,Rajshahi Kings,Dhaka Dynamites,Zakir Hasan,Mushfiqur Rahim,Shahid Afridi,0,0,,,,,,caught,Zakir Hasan,,
1121263,2017/18,2017-11-18,"Shere Bangla National Stadium, Mirpur",2,9.3,Rajshahi Kings,Dhaka Dynamites,JEC Franklin,Mushfiqur Rahim,Shahid Afridi,0,0,,,,,,,,,
1121263,2017/18,2017-11-18,"Shere Bangla National Stadium, Mirpur",2,9.4,Rajshahi Kings,Dhaka Dynamites,JEC Franklin,Mushfiqur Rahim,Shahid Afridi,1,0,,,,,,,,,
1121263,2017/18,2017-11-18,"Shere Bangla National Stadium, Mirpur",2,9.5,Rajshahi Kings,Dhaka Dynamites,Mushfiqur Rahim,JEC Franklin,Shahid Afridi,0,0,,,,,,,,,
1121263,2017/18,2017-11-18,"Shere Bangla National Stadium, Mirpur",2,9.6,Rajshahi Kings,Dhaka Dynamites,Mushfiqur Rahim,JEC Franklin,Shahid Afridi,0,0,,,,,,caught,Mushfiqur Rahim,,
1121263,2017/18,2017-11-18,"Shere Bangla National Stadium, Mirpur",2,10.1,Rajshahi Kings,Dhaka Dynamites,JEC Franklin,DJG Sammy,Mohammad Saddam,0,0,,,,,,,,,
1121263,2017/18,2017-11-18,"Shere Bangla National Stadium, Mirpur",2,10.2,Rajshahi Kings,Dhaka Dynamites,JEC Franklin,DJG Sammy,Mohammad Saddam,1,0,,,,,,,,,
1121263,2017/18,2017-11-18,"Shere Bangla National Stadium, Mirpur",2,10.3,Rajshahi Kings,Dhaka Dynamites,DJG Sammy,JEC Franklin,Mohammad Saddam,1,0,,,,,,,,,
1121263,2017/18,2017-11-18,"Shere Bangla National Stadium, Mirpur",2,10.4,Rajshahi Kings,Dhaka Dynamites,JEC Franklin,DJG Sammy,Mohammad Saddam,1,0,,,,,,,,,
1121263,2017/18,2017-11-18,"Shere Bangla National Stadium, Mirpur",2,10.5,Rajshahi Kings,Dhaka Dynamites,DJG Sammy,JEC Franklin,Mohammad Saddam,1,0,,,,,,,,,
1121263,2017/18,2017-11-18,"Shere Bangla National Stadium, Mirpur",2,10.6,Rajshahi Kings,Dhaka Dynamites,JEC Franklin,DJG Sammy,Mohammad Saddam,1,0,,,,,,,,,
1121263,2017/18,2017-11-18,"Shere Bangla National Stadium, Mirpur",2,11.1,Rajshahi Kings,Dhaka Dynamites,JEC Franklin,DJG Sammy,Shahid Afridi,1,0,,,,,,,,,
1121263,2017/18,2017-11-18,"Shere Bangla National Stadium, Mirpur",2,11.2,Rajshahi Kings,Dhaka Dynamites,DJG Sammy,JEC Franklin,Shahid Afridi,0,5,5,,,,,,,,
1121263,2017/18,2017-11-18,"Shere Bangla National Stadium, Mirpur",2,11.3,Rajshahi Kings,Dhaka Dynamites,DJG Sammy,JEC Franklin,Shahid Afridi,6,0,,,,,,,,,
1121263,2017/18,2017-11-18,"Shere Bangla National Stadium, Mirpur",2,11.4,Rajshahi Kings,Dhaka Dynamites,DJG Sammy,JEC Franklin,Shahid Afridi,1,0,,,,,,,,,
1121263,2017/18,2017-11-18,"Shere Bangla National Stadium, Mirpur",2,11.5,Rajshahi Kings,Dhaka Dynamites,JEC Franklin,DJG Sammy,Shahid Afridi,1,0,,,,,,,,,
1121263,2017/18,2017-11-18,"Shere Bangla National Stadium, Mirpur",2,11.6,Rajshahi Kings,Dhaka Dynamites,DJG Sammy,JEC Franklin,Shahid Afridi,4,0,,,,,,,,,
1121263,2017/18,2017-11-18,"Shere Bangla National Stadium, Mirpur",2,11.7,Rajshahi Kings,Dhaka Dynamites,DJG Sammy,JEC Franklin,Shahid Afridi,0,0,,,,,,,,,
1121263,2017/18,2017-11-18,"Shere Bangla National Stadium, Mirpur",2,12.1,Rajshahi Kings,Dhaka Dynamites,JEC Franklin,DJG Sammy,SP Narine,0,0,,,,,,,,,
1121263,2017/18,2017-11-18,"Shere Bangla National Stadium, Mirpur",2,12.2,Rajshahi Kings,Dhaka Dynamites,JEC Franklin,DJG Sammy,SP Narine,2,0,,,,,,,,,
1121263,2017/18,2017-11-18,"Shere Bangla National Stadium, Mirpur",2,12.3,Rajshahi Kings,Dhaka Dynamites,JEC Franklin,DJG Sammy,SP Narine,0,0,,,,,,,,,
1121263,2017/18,2017-11-18,"Shere Bangla National Stadium, Mirpur",2,12.4,Rajshahi Kings,Dhaka Dynamites,JEC Franklin,DJG Sammy,SP Narine,0,4,,,4,,,,,,
1121263,2017/18,2017-11-18,"Shere Bangla National Stadium, Mirpur",2,12.5,Rajshahi Kings,Dhaka Dynamites,JEC Franklin,DJG Sammy,SP Narine,1,0,,,,,,,,,
1121263,2017/18,2017-11-18,"Shere Bangla National Stadium, Mirpur",2,12.6,Rajshahi Kings,Dhaka Dynamites,DJG Sammy,JEC Franklin,SP Narine,0,1,,,,1,,,,,
1121263,2017/18,2017-11-18,"Shere Bangla National Stadium, Mirpur",2,13.1,Rajshahi Kings,Dhaka Dynamites,DJG Sammy,JEC Franklin,Shakib Al Hasan,1,0,,,,,,,,,
1121263,2017/18,2017-11-18,"Shere Bangla National Stadium, Mirpur",2,13.2,Rajshahi Kings,Dhaka Dynamites,JEC Franklin,DJG Sammy,Shakib Al Hasan,0,0,,,,,,caught,JEC Franklin,,
1121263,2017/18,2017-11-18,"Shere Bangla National Stadium, Mirpur",2,13.3,Rajshahi Kings,Dhaka Dynamites,DJG Sammy,Mehedi Hasan Miraz,Shakib Al Hasan,1,0,,,,,,,,,
1121263,2017/18,2017-11-18,"Shere Bangla National Stadium, Mirpur",2,13.4,Rajshahi Kings,Dhaka Dynamites,Mehedi Hasan Miraz,DJG Sammy,Shakib Al Hasan,0,0,,,,,,,,,
1121263,2017/18,2017-11-18,"Shere Bangla National Stadium, Mirpur",2,13.5,Rajshahi Kings,Dhaka Dynamites,Mehedi Hasan Miraz,DJG Sammy,Shakib Al Hasan,0,0,,,,,,,,,
1121263,2017/18,2017-11-18,"Shere Bangla National Stadium, Mirpur",2,13.6,Rajshahi Kings,Dhaka Dynamites,Mehedi Hasan Miraz,DJG Sammy,Shakib Al Hasan,0,0,,,,,,,,,
1121263,2017/18,2017-11-18,"Shere Bangla National Stadium, Mirpur",2,14.1,Rajshahi Kings,Dhaka Dynamites,DJG Sammy,Mehedi Hasan Miraz,SP Narine,0,0,,,,,,,,,
1121263,2017/18,2017-11-18,"Shere Bangla National Stadium, Mirpur",2,14.2,Rajshahi Kings,Dhaka Dynamites,DJG Sammy,Mehedi Hasan Miraz,SP Narine,0,5,5,,,,,,,,
1121263,2017/18,2017-11-18,"Shere Bangla National Stadium, Mirpur",2,14.3,Rajshahi Kings,Dhaka Dynamites,DJG Sammy,Mehedi Hasan Miraz,SP Narine,1,0,,,,,,,,,
1121263,2017/18,2017-11-18,"Shere Bangla National Stadium, Mirpur",2,14.4,Rajshahi Kings,Dhaka Dynamites,Mehedi Hasan Miraz,DJG Sammy,SP Narine,0,1,1,,,,,,,,
1121263,2017/18,2017-11-18,"Shere Bangla National Stadium, Mirpur",2,14.5,Rajshahi Kings,Dhaka Dynamites,Mehedi Hasan Miraz,DJG Sammy,SP Narine,1,0,,,,,,,,,
1121263,2017/18,2017-11-18,"Shere Bangla National Stadium, Mirpur",2,14.6,Rajshahi Kings,Dhaka Dynamites,DJG Sammy,Mehedi Hasan Miraz,SP Narine,1,0,,,,,,,,,
1121263,2017/18,2017-11-18,"Shere Bangla National Stadium, Mirpur",2,14.7,Rajshahi Kings,Dhaka Dynamites,Mehedi Hasan Miraz,DJG Sammy,SP Narine,2,0,,,,,,,,,
1121263,2017/18,2017-11-18,"Shere Bangla National Stadium, Mirpur",2,14.8,Rajshahi Kings,Dhaka Dynamites,Mehedi Hasan Miraz,DJG Sammy,SP Narine,4,0,,,,,,,,,
1121263,2017/18,2017-11-18,"Shere Bangla National Stadium, Mirpur",2,15.1,Rajshahi Kings,Dhaka Dynamites,DJG Sammy,Mehedi Hasan Miraz,Shakib Al Hasan,1,0,,,,,,,,,
1121263,2017/18,2017-11-18,"Shere Bangla National Stadium, Mirpur",2,15.2,Rajshahi Kings,Dhaka Dynamites,Mehedi Hasan Miraz,DJG Sammy,Shakib Al Hasan,1,0,,,,,,,,,
1121263,2017/18,2017-11-18,"Shere Bangla National Stadium, Mirpur",2,15.3,Rajshahi Kings,Dhaka Dynamites,DJG Sammy,Mehedi Hasan Miraz,Shakib Al Hasan,1,0,,,,,,,,,
1121263,2017/18,2017-11-18,"Shere Bangla National Stadium, Mirpur",2,15.4,Rajshahi Kings,Dhaka Dynamites,Mehedi Hasan Miraz,DJG Sammy,Shakib Al Hasan,0,0,,,,,,,,,
1121263,2017/18,2017-11-18,"Shere Bangla National Stadium, Mirpur",2,15.5,Rajshahi Kings,Dhaka Dynamites,Mehedi Hasan Miraz,DJG Sammy,Shakib Al Hasan,1,0,,,,,,,,,
1121263,2017/18,2017-11-18,"Shere Bangla National Stadium, Mirpur",2,15.6,Rajshahi Kings,Dhaka Dynamites,DJG Sammy,Mehedi Hasan Miraz,Shakib Al Hasan,0,0,,,,,,caught,DJG Sammy,,
1121263,2017/18,2017-11-18,"Shere Bangla National Stadium, Mirpur",2,16.1,Rajshahi Kings,Dhaka Dynamites,Mehedi Hasan Miraz,Farhad Reza,Shahid Afridi,1,0,,,,,,,,,
1121263,2017/18,2017-11-18,"Shere Bangla National Stadium, Mirpur",2,16.2,Rajshahi Kings,Dhaka Dynamites,Farhad Reza,Mehedi Hasan Miraz,Shahid Afridi,1,0,,,,,,,,,
1121263,2017/18,2017-11-18,"Shere Bangla National Stadium, Mirpur",2,16.3,Rajshahi Kings,Dhaka Dynamites,Mehedi Hasan Miraz,Farhad Reza,Shahid Afridi,0,0,,,,,,bowled,Mehedi Hasan Miraz,,
1121263,2017/18,2017-11-18,"Shere Bangla National Stadium, Mirpur",2,16.4,Rajshahi Kings,Dhaka Dynamites,Habibur Rahman,Farhad Reza,Shahid Afridi,0,0,,,,,,,,,
1121263,2017/18,2017-11-18,"Shere Bangla National Stadium, Mirpur",2,16.5,Rajshahi Kings,Dhaka Dynamites,Habibur Rahman,Farhad Reza,Shahid Afridi,1,0,,,,,,,,,
1121263,2017/18,2017-11-18,"Shere Bangla National Stadium, Mirpur",2,16.6,Rajshahi Kings,Dhaka Dynamites,Farhad Reza,Habibur Rahman,Shahid Afridi,1,0,,,,,,,,,
1121263,2017/18,2017-11-18,"Shere Bangla National Stadium, Mirpur",2,17.1,Rajshahi Kings,Dhaka Dynamites,Farhad Reza,Habibur Rahman,Mohammad Saddam,4,0,,,,,,,,,
1121263,2017/18,2017-11-18,"Shere Bangla National Stadium, Mirpur",2,17.2,Rajshahi Kings,Dhaka Dynamites,Farhad Reza,Habibur Rahman,Mohammad Saddam,0,0,,,,,,bowled,Farhad Reza,,
1121263,2017/18,2017-11-18,"Shere Bangla National Stadium, Mirpur",2,17.3,Rajshahi Kings,Dhaka Dynamites,Hossain Ali,Habibur Rahman,Mohammad Saddam,0,0,,,,,,,,,
1121263,2017/18,2017-11-18,"Shere Bangla National Stadium, Mirpur",2,17.4,Rajshahi Kings,Dhaka Dynamites,Hossain Ali,Habibur Rahman,Mohammad Saddam,0,0,,,,,,,,,
1121263,2017/18,2017-11-18,"Shere Bangla National Stadium, Mirpur",2,17.5,Rajshahi Kings,Dhaka Dynamites,Hossain Ali,Habibur Rahman,Mohammad Saddam,0,0,,,,,,,,,
1121263,2017/18,2017-11-18,"Shere Bangla National Stadium, Mirpur",2,17.6,Rajshahi Kings,Dhaka Dynamites,Hossain Ali,Habibur Rahman,Mohammad Saddam,1,0,,,,,,,,,
1121263,2017/18,2017-11-18,"Shere Bangla National Stadium, Mirpur",2,18.1,Rajshahi Kings,Dhaka Dynamites,Hossain Ali,Habibur Rahman,Abu Hider,0,0,,,,,,,,,
1121263,2017/18,2017-11-18,"Shere Bangla National Stadium, Mirpur",2,18.2,Rajshahi Kings,Dhaka Dynamites,Hossain Ali,Habibur Rahman,Abu Hider,0,0,,,,,,bowled,Hossain Ali,,
