match_id,season,start_date,venue,innings,ball,batting_team,bowling_team,striker,non_striker,bowler,runs_off_bat,extras,wides,noballs,byes,legbyes,penalty,wicket_type,player_dismissed,other_wicket_type,other_player_dismissed
1121289,2017/18,2017-12-10,"Shere Bangla National Stadium, Mirpur",1,0.1,Rangpur Riders,Comilla Victorians,J Charles,CH Gayle,Mahedi Hasan,0,0,,,,,,,,,
1121289,2017/18,2017-12-10,"Shere Bangla National Stadium, Mirpur",1,0.2,Rangpur Riders,Comilla Victorians,J Charles,CH Gayle,Mahedi Hasan,6,0,,,,,,,,,
1121289,2017/18,2017-12-10,"Shere Bangla National Stadium, Mirpur",1,0.3,Rangpur Riders,Comilla Victorians,J Charles,CH Gayle,Mahedi Hasan,4,0,,,,,,,,,
1121289,2017/18,2017-12-10,"Shere Bangla National Stadium, Mirpur",1,0.4,Rangpur Riders,Comilla Victorians,J Charles,CH Gayle,Mahedi Hasan,0,0,,,,,,,,,
1121289,2017/18,2017-12-10,"Shere Bangla National Stadium, Mirpur",1,0.5,Rangpur Riders,Comilla Victorians,J Charles,CH Gayle,Mahedi Hasan,1,0,,,,,,,,,
1121289,2017/18,2017-12-10,"Shere Bangla National Stadium, Mirpur",1,0.6,Rangpur Riders,Comilla Victorians,CH Gayle,J Charles,Mahedi Hasan,0,0,,,,,,,,,
1121289,2017/18,2017-12-10,"Shere Bangla National Stadium, Mirpur",1,1.1,Rangpur Riders,Comilla Victorians,J Charles,CH Gayle,Hasan Ali,0,0,,,,,,,,,
1121289,2017/18,2017-12-10,"Shere Bangla National Stadium, Mirpur",1,1.2,Rangpur Riders,Comilla Victorians,J Charles,CH Gayle,Hasan Ali,1,0,,,,,,,,,
1121289,2017/18,2017-12-10,"Shere Bangla National Stadium, Mirpur",1,1.3,Rangpur Riders,Comilla Victorians,CH Gayle,J Charles,Hasan Ali,0,0,,,,,,,,,
1121289,2017/18,2017-12-10,"Shere Bangla National Stadium, Mirpur",1,1.4,Rangpur Riders,Comilla Victorians,CH Gayle,J Charles,Hasan Ali,0,0,,,,,,,,,
1121289,2017/18,2017-12-10,"Shere Bangla National Stadium, Mirpur",1,1.5,Rangpur Riders,Comilla Victorians,CH Gayle,J Charles,Hasan Ali,0,0,,,,,,,,,
1121289,2017/18,2017-12-10,"Shere Bangla National Stadium, Mirpur",1,1.6,Rangpur Riders,Comilla Victorians,CH Gayle,J Charles,Hasan Ali,1,0,,,,,,,,,
1121289,2017/18,2017-12-10,"Shere Bangla National Stadium, Mirpur",1,2.1,Rangpur Riders,Comilla Victorians,CH Gayle,J Charles,Mahedi Hasan,1,0,,,,,,,,,
1121289,2017/18,2017-12-10,"Shere Bangla National Stadium, Mirpur",1,2.2,Rangpur Riders,Comilla Victorians,J Charles,CH Gayle,Mahedi Hasan,0,0,,,,,,,,,
1121289,2017/18,2017-12-10,"Shere Bangla National Stadium, Mirpur",1,2.3,Rangpur Riders,Comilla Victorians,J Charles,CH Gayle,Mahedi Hasan,1,0,,,,,,,,,
1121289,2017/18,2017-12-10,"Shere Bangla National Stadium, Mirpur",1,2.4,Rangpur Riders,Comilla Victorians,CH Gayle,J Charles,Mahedi Hasan,1,0,,,,,,,,,
1121289,2017/18,2017-12-10,"Shere Bangla National Stadium, Mirpur",1,2.5,Rangpur Riders,Comilla Victorians,J Charles,CH Gayle,Mahedi Hasan,0,0,,,,,,,,,
1121289,2017/18,2017-12-10,"Shere Bangla National Stadium, Mirpur",1,2.6,Rangpur Riders,Comilla Victorians,J Charles,CH Gayle,Mahedi Hasan,6,0,,,,,,,,,
1121289,2017/18,2017-12-10,"Shere Bangla National Stadium, Mirpur",1,3.1,Rangpur Riders,Comilla Victorians,CH Gayle,J Charles,Shoaib Malik,0,0,,,,,,,,,
1121289,2017/18,2017-12-10,"Shere Bangla National Stadium, Mirpur",1,3.2,Rangpur Riders,Comilla Victorians,CH Gayle,J Charles,Shoaib Malik,0,1,,,,1,,,,,
1121289,2017/18,2017-12-10,"Shere Bangla National Stadium, Mirpur",1,3.3,Rangpur Riders,Comilla Victorians,J Charles,CH Gayle,Shoaib Malik,0,0,,,,,,,,,
1121289,2017/18,2017-12-10,"Shere Bangla National Stadium, Mirpur",1,3.4,Rangpur Riders,Comilla Victorians,J Charles,CH Gayle,Shoaib Malik,0,0,,,,,,,,,
1121289,2017/18,2017-12-10,"Shere Bangla National Stadium, Mirpur",1,3.5,Rangpur Riders,Comilla Victorians,J Charles,CH Gayle,Shoaib Malik,4,0,,,,,,,,,
1121289,2017/18,2017-12-10,"Shere Bangla National Stadium, Mirpur",1,3.6,Rangpur Riders,Comilla Victorians,J Charles,CH Gayle,Shoaib Malik,0,0,,,,,,,,,
1121289,2017/18,2017-12-10,"Shere Bangla National Stadium, Mirpur",1,4.1,Rangpur Riders,Comilla Victorians,CH Gayle,J Charles,Mahedi Hasan,0,0,,,,,,caught,CH Gayle,,
1121289,2017/18,2017-12-10,"Shere Bangla National Stadium, Mirpur",1,4.2,Rangpur Riders,Comilla Victorians,J Charles,BB McCullum,Mahedi Hasan,4,0,,,,,,,,,
1121289,2017/18,2017-12-10,"Shere Bangla National Stadium, Mirpur",1,4.3,Rangpur Riders,Comilla Victorians,J Charles,BB McCullum,Mahedi Hasan,0,0,,,,,,,,,
1121289,2017/18,2017-12-10,"Shere Bangla National Stadium, Mirpur",1,4.4,Rangpur Riders,Comilla Victorians,J Charles,BB McCullum,Mahedi Hasan,1,0,,,,,,,,,
1121289,2017/18,2017-12-10,"Shere Bangla National Stadium, Mirpur",1,4.5,Rangpur Riders,Comilla Victorians,BB McCullum,J Charles,Mahedi Hasan,1,0,,,,,,,,,
1121289,2017/18,2017-12-10,"Shere Bangla National Stadium, Mirpur",1,4.6,Rangpur Riders,Comilla Victorians,J Charles,BB McCullum,Mahedi Hasan,6,0,,,,,,,,,
1121289,2017/18,2017-12-10,"Shere Bangla National Stadium, Mirpur",1,5.1,Rangpur Riders,Comilla Victorians,BB McCullum,J Charles,Mohammad Saifuddin,0,0,,,,,,,,,
1121289,2017/18,2017-12-10,"Shere Bangla National Stadium, Mirpur",1,5.2,Rangpur Riders,Comilla Victorians,BB McCullum,J Charles,Mohammad Saifuddin,1,0,,,,,,,,,
1121289,2017/18,2017-12-10,"Shere Bangla National Stadium, Mirpur",1,5.3,Rangpur Riders,Comilla Victorians,J Charles,BB McCullum,Mohammad Saifuddin,0,0,,,,,,,,,
1121289,2017/18,2017-12-10,"Shere Bangla National Stadium, Mirpur",1,5.4,Rangpur Riders,Comilla Victorians,J Charles,BB McCullum,Mohammad Saifuddin,4,0,,,,,,,,,
1121289,2017/18,2017-12-10,"Shere Bangla National Stadium, Mirpur",1,5.5,Rangpur Riders,Comilla Victorians,J Charles,BB McCullum,Mohammad Saifuddin,0,1,1,,,,,,,,
1121289,2017/18,2017-12-10,"Shere Bangla National Stadium, Mirpur",1,5.6,Rangpur Riders,Comilla Victorians,J Charles,BB McCullum,Mohammad Saifuddin,0,0,,,,,,,,,
1121289,2017/18,2017-12-10,"Shere Bangla National Stadium, Mirpur",1,5.7,Rangpur Riders,Comilla Victorians,J Charles,BB McCullum,Mohammad Saifuddin,0,0,,,,,,,,,
1121289,2017/18,2017-12-10,"Shere Bangla National Stadium, Mirpur",1,6.1,Rangpur Riders,Comilla Victorians,BB McCullum,J Charles,Al-Amin Hossain,1,0,,,,,,,,,
1121289,2017/18,2017-12-10,"Shere Bangla National Stadium, Mirpur",1,6.2,Rangpur Riders,Comilla Victorians,J Charles,BB McCullum,Al-Amin Hossain,6,0,,,,,,,,,
1121289,2017/18,2017-12-10,"Shere Bangla National Stadium, Mirpur",1,6.3,Rangpur Riders,Comilla Victorians,J Charles,BB McCullum,Al-Amin Hossain,1,0,,,,,,,,,
1121289,2017/18,2017-12-10,"Shere Bangla National Stadium, Mirpur",1,6.4,Rangpur Riders,Comilla Victorians,BB McCullum,J Charles,Al-Amin Hossain,0,0,,,,,,,,,
1121289,2017/18,2017-12-10,"Shere Bangla National Stadium, Mirpur",1,6.5,Rangpur Riders,Comilla Victorians,BB McCullum,J Charles,Al-Amin Hossain,1,0,,,,,,,,,
1121289,2017/18,2017-12-10,"Shere Bangla National Stadium, Mirpur",1,6.6,Rangpur Riders,Comilla Victorians,J Charles,BB McCullum,Al-Amin Hossain,1,0,,,,,,,,,
1121289,2017/18,2017-12-10,"Shere Bangla National Stadium, Mirpur",1,7.1,Rangpur Riders,Comilla Victorians,J Charles,BB McCullum,AG Cremer,1,0,,,,,,,,,
1121289,2017/18,2017-12-10,"Shere Bangla National Stadium, Mirpur",1,7.2,Rangpur Riders,Comilla Victorians,BB McCullum,J Charles,AG Cremer,1,0,,,,,,,,,
1121289,2017/18,2017-12-10,"Shere Bangla National Stadium, Mirpur",1,7.3,Rangpur Riders,Comilla Victorians,J Charles,BB McCullum,AG Cremer,0,0,,,,,,,,,
1121289,2017/18,2017-12-10,"Shere Bangla National Stadium, Mirpur",1,7.4,Rangpur Riders,Comilla Victorians,J Charles,BB McCullum,AG Cremer,0,0,,,,,,,,,
1121289,2017/18,2017-12-10,"Shere Bangla National Stadium, Mirpur",1,7.5,Rangpur Riders,Comilla Victorians,J Charles,BB McCullum,AG Cremer,1,0,,,,,,,,,
1121289,2017/18,2017-12-10,"Shere Bangla National Stadium, Mirpur",1,7.6,Rangpur Riders,Comilla Victorians,BB McCullum,J Charles,AG Cremer,1,0,,,,,,,,,
1121289,2017/18,2017-12-10,"Shere Bangla National Stadium, Mirpur",1,8.1,Rangpur Riders,Comilla Victorians,BB McCullum,J Charles,Mohammad Saifuddin,0,0,,,,,,,,,
1121289,2017/18,2017-12-10,"Shere Bangla National Stadium, Mirpur",1,8.2,Rangpur Riders,Comilla Victorians,BB McCullum,J Charles,Mohammad Saifuddin,0,0,,,,,,,,,
1121289,2017/18,2017-12-10,"Shere Bangla National Stadium, Mirpur",1,8.3,Rangpur Riders,Comilla Victorians,BB McCullum,J Charles,Mohammad Saifuddin,1,0,,,,,,,,,
1121289,2017/18,2017-12-10,"Shere Bangla National Stadium, Mirpur",1,8.4,Rangpur Riders,Comilla Victorians,J Charles,BB McCullum,Mohammad Saifuddin,0,0,,,,,,,,,
1121289,2017/18,2017-12-10,"Shere Bangla National Stadium, Mirpur",1,8.5,Rangpur Riders,Comilla Victorians,J Charles,BB McCullum,Mohammad Saifuddin,0,0,,,,,,,,,
1121289,2017/18,2017-12-10,"Shere Bangla National Stadium, Mirpur",1,8.6,Rangpur Riders,Comilla Victorians,J Charles,BB McCullum,Mohammad Saifuddin,1,0,,,,,,,,,
1121289,2017/18,2017-12-10,"Shere Bangla National Stadium, Mirpur",1,9.1,Rangpur Riders,Comilla Victorians,J Charles,BB McCullum,AG Cremer,1,0,,,,,,,,,
1121289,2017/18,2017-12-10,"Shere Bangla National Stadium, Mirpur",1,9.2,Rangpur Riders,Comilla Victorians,BB McCullum,J Charles,AG Cremer,6,0,,,,,,,,,
1121289,2017/18,2017-12-10,"Shere Bangla National Stadium, Mirpur",1,9.3,Rangpur Riders,Comilla Victorians,BB McCullum,J Charles,AG Cremer,1,0,,,,,,,,,
1121289,2017/18,2017-12-10,"Shere Bangla National Stadium, Mirpur",1,9.4,Rangpur Riders,Comilla Victorians,J Charles,BB McCullum,AG Cremer,6,0,,,,,,,,,
1121289,2017/18,2017-12-10,"Shere Bangla National Stadium, Mirpur",1,9.5,Rangpur Riders,Comilla Victorians,J Charles,BB McCullum,AG Cremer,2,0,,,,,,,,,
1121289,2017/18,2017-12-10,"Shere Bangla National Stadium, Mirpur",1,9.6,Rangpur Riders,Comilla Victorians,J Charles,BB McCullum,AG Cremer,1,0,,,,,,,,,
1121289,2017/18,2017-12-10,"Shere Bangla National Stadium, Mirpur",1,10.1,Rangpur Riders,Comilla Victorians,J Charles,BB McCullum,Hasan Ali,0,0,,,,,,,,,
1121289,2017/18,2017-12-10,"Shere Bangla National Stadium, Mirpur",1,10.2,Rangpur Riders,Comilla Victorians,J Charles,BB McCullum,Hasan Ali,0,0,,,,,,,,,
1121289,2017/18,2017-12-10,"Shere Bangla National Stadium, Mirpur",1,10.3,Rangpur Riders,Comilla Victorians,J Charles,BB McCullum,Hasan Ali,0,0,,,,,,,,,
1121289,2017/18,2017-12-10,"Shere Bangla National Stadium, Mirpur",1,10.4,Rangpur Riders,Comilla Victorians,J Charles,BB McCullum,Hasan Ali,1,0,,,,,,,,,
1121289,2017/18,2017-12-10,"Shere Bangla National Stadium, Mirpur",1,10.5,Rangpur Riders,Comilla Victorians,BB McCullum,J Charles,Hasan Ali,0,1,,,,1,,,,,
1121289,2017/18,2017-12-10,"Shere Bangla National Stadium, Mirpur",1,10.6,Rangpur Riders,Comilla Victorians,J Charles,BB McCullum,Hasan Ali,1,0,,,,,,,,,
1121289,2017/18,2017-12-10,"Shere Bangla National Stadium, Mirpur",1,11.1,Rangpur Riders,Comilla Victorians,J Charles,BB McCullum,Al-Amin Hossain,1,0,,,,,,,,,
1121289,2017/18,2017-12-10,"Shere Bangla National Stadium, Mirpur",1,11.2,Rangpur Riders,Comilla Victorians,BB McCullum,J Charles,Al-Amin Hossain,0,1,,,,1,,,,,
1121289,2017/18,2017-12-10,"Shere Bangla National Stadium, Mirpur",1,11.3,Rangpur Riders,Comilla Victorians,J Charles,BB McCullum,Al-Amin Hossain,0,0,,,,,,,,,
1121289,2017/18,2017-12-10,"Shere Bangla National Stadium, Mirpur",1,11.4,Rangpur Riders,Comilla Victorians,J Charles,BB McCullum,Al-Amin Hossain,1,0,,,,,,,,,
1121289,2017/18,2017-12-10,"Shere Bangla National Stadium, Mirpur",1,11.5,Rangpur Riders,Comilla Victorians,BB McCullum,J Charles,Al-Amin Hossain,2,0,,,,,,,,,
1121289,2017/18,2017-12-10,"Shere Bangla National Stadium, Mirpur",1,11.6,Rangpur Riders,Comilla Victorians,BB McCullum,J Charles,Al-Amin Hossain,1,0,,,,,,,,,
1121289,2017/18,2017-12-10,"Shere Bangla National Stadium, Mirpur",1,12.1,Rangpur Riders,Comilla Victorians,BB McCullum,J Charles,Mohammad Saifuddin,1,0,,,,,,,,,
1121289,2017/18,2017-12-10,"Shere Bangla National Stadium, Mirpur",1,12.2,Rangpur Riders,Comilla Victorians,J Charles,BB McCullum,Mohammad Saifuddin,1,0,,,,,,,,,
1121289,2017/18,2017-12-10,"Shere Bangla National Stadium, Mirpur",1,12.3,Rangpur Riders,Comilla Victorians,BB McCullum,J Charles,Mohammad Saifuddin,1,0,,,,,,,,,
1121289,2017/18,2017-12-10,"Shere Bangla National Stadium, Mirpur",1,12.4,Rangpur Riders,Comilla Victorians,J Charles,BB McCullum,Mohammad Saifuddin,6,0,,,,,,,,,
1121289,2017/18,2017-12-10,"Shere Bangla National Stadium, Mirpur",1,12.5,Rangpur Riders,Comilla Victorians,J Charles,BB McCullum,Mohammad Saifuddin,6,0,,,,,,,,,
1121289,2017/18,2017-12-10,"Shere Bangla National Stadium, Mirpur",1,12.6,Rangpur Riders,Comilla Victorians,J Charles,BB McCullum,Mohammad Saifuddin,1,0,,,,,,,,,
1121289,2017/18,2017-12-10,"Shere Bangla National Stadium, Mirpur",1,13.1,Rangpur Riders,Comilla Victorians,J Charles,BB McCullum,AG Cremer,1,0,,,,,,,,,
1121289,2017/18,2017-12-10,"Shere Bangla National Stadium, Mirpur",1,13.2,Rangpur Riders,Comilla Victorians,BB McCullum,J Charles,AG Cremer,1,0,,,,,,,,,
1121289,2017/18,2017-12-10,"Shere Bangla National Stadium, Mirpur",1,13.3,Rangpur Riders,Comilla Victorians,J Charles,BB McCullum,AG Cremer,1,0,,,,,,,,,
1121289,2017/18,2017-12-10,"Shere Bangla National Stadium, Mirpur",1,13.4,Rangpur Riders,Comilla Victorians,BB McCullum,J Charles,AG Cremer,2,0,,,,,,,,,
1121289,2017/18,2017-12-10,"Shere Bangla National Stadium, Mirpur",1,13.5,Rangpur Riders,Comilla Victorians,BB McCullum,J Charles,AG Cremer,6,0,,,,,,,,,
1121289,2017/18,2017-12-10,"Shere Bangla National Stadium, Mirpur",1,13.6,Rangpur Riders,Comilla Victorians,BB McCullum,J Charles,AG Cremer,6,0,,,,,,,,,
1121289,2017/18,2017-12-10,"Shere Bangla National Stadium, Mirpur",1,14.1,Rangpur Riders,Comilla Victorians,J Charles,BB McCullum,Al-Amin Hossain,1,0,,,,,,,,,
1121289,2017/18,2017-12-10,"Shere Bangla National Stadium, Mirpur",1,14.2,Rangpur Riders,Comilla Victorians,BB McCullum,J Charles,Al-Amin Hossain,0,0,,,,,,,,,
1121289,2017/18,2017-12-10,"Shere Bangla National Stadium, Mirpur",1,14.3,Rangpur Riders,Comilla Victorians,BB McCullum,J Charles,Al-Amin Hossain,0,0,,,,,,,,,
1121289,2017/18,2017-12-10,"Shere Bangla National Stadium, Mirpur",1,14.4,Rangpur Riders,Comilla Victorians,BB McCullum,J Charles,Al-Amin Hossain,6,0,,,,,,,,,
1121289,2017/18,2017-12-10,"Shere Bangla National Stadium, Mirpur",1,14.5,Rangpur Riders,Comilla Victorians,BB McCullum,J Charles,Al-Amin Hossain,0,0,,,,,,,,,
1121289,2017/18,2017-12-10,"Shere Bangla National Stadium, Mirpur",1,14.6,Rangpur Riders,Comilla Victorians,BB McCullum,J Charles,Al-Amin Hossain,1,0,,,,,,,,,
1121289,2017/18,2017-12-10,"Shere Bangla National Stadium, Mirpur",1,15.1,Rangpur Riders,Comilla Victorians,BB McCullum,J Charles,Hasan Ali,4,0,,,,,,,,,
1121289,2017/18,2017-12-10,"Shere Bangla National Stadium, Mirpur",1,15.2,Rangpur Riders,Comilla Victorians,BB McCullum,J Charles,Hasan Ali,0,0,,,,,,,,,
1121289,2017/18,2017-12-10,"Shere Bangla National Stadium, Mirpur",1,15.3,Rangpur Riders,Comilla Victorians,BB McCullum,J Charles,Hasan Ali,0,0,,,,,,,,,
1121289,2017/18,2017-12-10,"Shere Bangla National Stadium, Mirpur",1,15.4,Rangpur Riders,Comilla Victorians,BB McCullum,J Charles,Hasan Ali,1,0,,,,,,,,,
1121289,2017/18,2017-12-10,"Shere Bangla National Stadium, Mirpur",1,15.5,Rangpur Riders,Comilla Victorians,J Charles,BB McCullum,Hasan Ali,1,0,,,,,,,,,
1121289,2017/18,2017-12-10,"Shere Bangla National Stadium, Mirpur",1,15.6,Rangpur Riders,Comilla Victorians,BB McCullum,J Charles,Hasan Ali,6,0,,,,,,,,,
1121289,2017/18,2017-12-10,"Shere Bangla National Stadium, Mirpur",1,16.1,Rangpur Riders,Comilla Victorians,J Charles,BB McCullum,Al-Amin Hossain,1,0,,,,,,,,,
1121289,2017/18,2017-12-10,"Shere Bangla National Stadium, Mirpur",1,16.2,Rangpur Riders,Comilla Victorians,BB McCullum,J Charles,Al-Amin Hossain,6,0,,,,,,,,,
1121289,2017/18,2017-12-10,"Shere Bangla National Stadium, Mirpur",1,16.3,Rangpur Riders,Comilla Victorians,BB McCullum,J Charles,Al-Amin Hossain,0,0,,,,,,,,,
1121289,2017/18,2017-12-10,"Shere Bangla National Stadium, Mirpur",1,16.4,Rangpur Riders,Comilla Victorians,BB McCullum,J Charles,Al-Amin Hossain,6,0,,,,,,,,,
1121289,2017/18,2017-12-10,"Shere Bangla National Stadium, Mirpur",1,16.5,Rangpur Riders,Comilla Victorians,BB McCullum,J Charles,Al-Amin Hossain,6,0,,,,,,,,,
1121289,2017/18,2017-12-10,"Shere Bangla National Stadium, Mirpur",1,16.6,Rangpur Riders,Comilla Victorians,BB McCullum,J Charles,Al-Amin Hossain,0,0,,,,,,,,,
1121289,2017/18,2017-12-10,"Shere Bangla National Stadium, Mirpur",1,17.1,Rangpur Riders,Comilla Victorians,J Charles,BB McCullum,Mahedi Hasan,1,0,,,,,,,,,
1121289,2017/18,2017-12-10,"Shere Bangla National Stadium, Mirpur",1,17.2,Rangpur Riders,Comilla Victorians,BB McCullum,J Charles,Mahedi Hasan,1,0,,,,,,,,,
1121289,2017/18,2017-12-10,"Shere Bangla National Stadium, Mirpur",1,17.3,Rangpur Riders,Comilla Victorians,J Charles,BB McCullum,Mahedi Hasan,4,0,,,,,,,,,
1121289,2017/18,2017-12-10,"Shere Bangla National Stadium, Mirpur",1,17.4,Rangpur Riders,Comilla Victorians,J Charles,BB McCullum,Mahedi Hasan,1,0,,,,,,,,,
1121289,2017/18,2017-12-10,"Shere Bangla National Stadium, Mirpur",1,17.5,Rangpur Riders,Comilla Victorians,BB McCullum,J Charles,Mahedi Hasan,1,0,,,,,,,,,
1121289,2017/18,2017-12-10,"Shere Bangla National Stadium, Mirpur",1,17.6,Rangpur Riders,Comilla Victorians,J Charles,BB McCullum,Mahedi Hasan,4,0,,,,,,,,,
1121289,2017/18,2017-12-10,"Shere Bangla National Stadium, Mirpur",1,18.1,Rangpur Riders,Comilla Victorians,BB McCullum,J Charles,Hasan Ali,0,0,,,,,,,,,
1121289,2017/18,2017-12-10,"Shere Bangla National Stadium, Mirpur",1,18.2,Rangpur Riders,Comilla Victorians,BB McCullum,J Charles,Hasan Ali,6,0,,,,,,,,,
1121289,2017/18,2017-12-10,"Shere Bangla National Stadium, Mirpur",1,18.3,Rangpur Riders,Comilla Victorians,BB McCullum,J Charles,Hasan Ali,0,1,1,,,,,,,,
1121289,2017/18,2017-12-10,"Shere Bangla National Stadium, Mirpur",1,18.4,Rangpur Riders,Comilla Victorians,BB McCullum,J Charles,Hasan Ali,0,0,,,,,,,,,
1121289,2017/18,2017-12-10,"Shere Bangla National Stadium, Mirpur",1,18.5,Rangpur Riders,Comilla Victorians,BB McCullum,J Charles,Hasan Ali,0,0,,,,,,,,,
1121289,2017/18,2017-12-10,"Shere Bangla National Stadium, Mirpur",1,18.6,Rangpur Riders,Comilla Victorians,BB McCullum,J Charles,Hasan Ali,0,0,,,,,,,,,
1121289,2017/18,2017-12-10,"Shere Bangla National Stadium, Mirpur",1,18.7,Rangpur Riders,Comilla Victorians,BB McCullum,J Charles,Hasan Ali,0,0,,,,,,bowled,BB McCullum,,
1121289,2017/18,2017-12-10,"Shere Bangla National Stadium, Mirpur",1,19.1,Rangpur Riders,Comilla Victorians,J Charles,RS Bopara,Mohammad Saifuddin,0,1,1,,,,,,,,
1121289,2017/18,2017-12-10,"Shere Bangla National Stadium, Mirpur",1,19.2,Rangpur Riders,Comilla Victorians,J Charles,RS Bopara,Mohammad Saifuddin,4,0,,,,,,,,,
1121289,2017/18,2017-12-10,"Shere Bangla National Stadium, Mirpur",1,19.3,Rangpur Riders,Comilla Victorians,J Charles,RS Bopara,Mohammad Saifuddin,1,0,,,,,,,,,
1121289,2017/18,2017-12-10,"Shere Bangla National Stadium, Mirpur",1,19.4,Rangpur Riders,Comilla Victorians,RS Bopara,J Charles,Mohammad Saifuddin,0,0,,,,,,caught,RS Bopara,,
1121289,2017/18,2017-12-10,"Shere Bangla National Stadium, Mirpur",1,19.5,Rangpur Riders,Comilla Victorians,J Charles,Mashrafe Mortaza,Mohammad Saifuddin,0,0,,,,,,,,,
1121289,2017/18,2017-12-10,"Shere Bangla National Stadium, Mirpur",1,19.6,Rangpur Riders,Comilla Victorians,J Charles,Mashrafe Mortaza,Mohammad Saifuddin,4,0,,,,,,,,,
1121289,2017/18,2017-12-10,"Shere Bangla National Stadium, Mirpur",1,19.7,Rangpur Riders,Comilla Victorians,J Charles,Mashrafe Mortaza,Mohammad Saifuddin,4,0,,,,,,,,,
1121289,2017/18,2017-12-10,"Shere Bangla National Stadium, Mirpur",2,0.1,Comilla Victorians,Rangpur Riders,Tamim Iqbal,Liton Das,Sohag Gazi,0,0,,,,,,,,,
1121289,2017/18,2017-12-10,"Shere Bangla National Stadium, Mirpur",2,0.2,Comilla Victorians,Rangpur Riders,Tamim Iqbal,Liton Das,Sohag Gazi,1,0,,,,,,,,,
1121289,2017/18,2017-12-10,"Shere Bangla National Stadium, Mirpur",2,0.3,Comilla Victorians,Rangpur Riders,Liton Das,Tamim Iqbal,Sohag Gazi,1,0,,,,,,,,,
1121289,2017/18,2017-12-10,"Shere Bangla National Stadium, Mirpur",2,0.4,Comilla Victorians,Rangpur Riders,Tamim Iqbal,Liton Das,Sohag Gazi,1,0,,,,,,,,,
1121289,2017/18,2017-12-10,"Shere Bangla National Stadium, Mirpur",2,0.5,Comilla Victorians,Rangpur Riders,Liton Das,Tamim Iqbal,Sohag Gazi,4,0,,,,,,,,,
1121289,2017/18,2017-12-10,"Shere Bangla National Stadium, Mirpur",2,0.6,Comilla Victorians,Rangpur Riders,Liton Das,Tamim Iqbal,Sohag Gazi,6,0,,,,,,,,,
1121289,2017/18,2017-12-10,"Shere Bangla National Stadium, Mirpur",2,1.1,Comilla Victorians,Rangpur Riders,Tamim Iqbal,Liton Das,Mashrafe Mortaza,0,0,,,,,,,,,
1121289,2017/18,2017-12-10,"Shere Bangla National Stadium, Mirpur",2,1.2,Comilla Victorians,Rangpur Riders,Tamim Iqbal,Liton Das,Mashrafe Mortaza,1,0,,,,,,,,,
1121289,2017/18,2017-12-10,"Shere Bangla National Stadium, Mirpur",2,1.3,Comilla Victorians,Rangpur Riders,Liton Das,Tamim Iqbal,Mashrafe Mortaza,0,0,,,,,,,,,
1121289,2017/18,2017-12-10,"Shere Bangla National Stadium, Mirpur",2,1.4,Comilla Victorians,Rangpur Riders,Liton Das,Tamim Iqbal,Mashrafe Mortaza,0,1,1,,,,,,,,
1121289,2017/18,2017-12-10,"Shere Bangla National Stadium, Mirpur",2,1.5,Comilla Victorians,Rangpur Riders,Liton Das,Tamim Iqbal,Mashrafe Mortaza,0,1,,,,1,,,,,
1121289,2017/18,2017-12-10,"Shere Bangla National Stadium, Mirpur",2,1.6,Comilla Victorians,Rangpur Riders,Tamim Iqbal,Liton Das,Mashrafe Mortaza,4,0,,,,,,,,,
1121289,2017/18,2017-12-10,"Shere Bangla National Stadium, Mirpur",2,1.7,Comilla Victorians,Rangpur Riders,Tamim Iqbal,Liton Das,Mashrafe Mortaza,1,0,,,,,,,,,
1121289,2017/18,2017-12-10,"Shere Bangla National Stadium, Mirpur",2,2.1,Comilla Victorians,Rangpur Riders,Tamim Iqbal,Liton Das,Rubel Hossain,0,0,,,,,,,,,
1121289,2017/18,2017-12-10,"Shere Bangla National Stadium, Mirpur",2,2.2,Comilla Victorians,Rangpur Riders,Tamim Iqbal,Liton Das,Rubel Hossain,4,0,,,,,,,,,
1121289,2017/18,2017-12-10,"Shere Bangla National Stadium, Mirpur",2,2.3,Comilla Victorians,Rangpur Riders,Tamim Iqbal,Liton Das,Rubel Hossain,0,0,,,,,,,,,
1121289,2017/18,2017-12-10,"Shere Bangla National Stadium, Mirpur",2,2.4,Comilla Victorians,Rangpur Riders,Tamim Iqbal,Liton Das,Rubel Hossain,4,0,,,,,,,,,
1121289,2017/18,2017-12-10,"Shere Bangla National Stadium, Mirpur",2,2.5,Comilla Victorians,Rangpur Riders,Tamim Iqbal,Liton Das,Rubel Hossain,6,0,,,,,,,,,
1121289,2017/18,2017-12-10,"Shere Bangla National Stadium, Mirpur",2,2.6,Comilla Victorians,Rangpur Riders,Tamim Iqbal,Liton Das,Rubel Hossain,1,0,,,,,,,,,
1121289,2017/18,2017-12-10,"Shere Bangla National Stadium, Mirpur",2,3.1,Comilla Victorians,Rangpur Riders,Tamim Iqbal,Liton Das,I Udana,1,0,,,,,,,,,
1121289,2017/18,2017-12-10,"Shere Bangla National Stadium, Mirpur",2,3.2,Comilla Victorians,Rangpur Riders,Liton Das,Tamim Iqbal,I Udana,0,0,,,,,,,,,
1121289,2017/18,2017-12-10,"Shere Bangla National Stadium, Mirpur",2,3.3,Comilla Victorians,Rangpur Riders,Liton Das,Tamim Iqbal,I Udana,0,1,1,,,,,,,,
1121289,2017/18,2017-12-10,"Shere Bangla National Stadium, Mirpur",2,3.4,Comilla Victorians,Rangpur Riders,Liton Das,Tamim Iqbal,I Udana,0,0,,,,,,,,,
1121289,2017/18,2017-12-10,"Shere Bangla National Stadium, Mirpur",2,3.5,Comilla Victorians,Rangpur Riders,Liton Das,Tamim Iqbal,I Udana,2,0,,,,,,,,,
1121289,2017/18,2017-12-10,"Shere Bangla National Stadium, Mirpur",2,3.6,Comilla Victorians,Rangpur Riders,Liton Das,Tamim Iqbal,I Udana,1,0,,,,,,,,,
1121289,2017/18,2017-12-10,"Shere Bangla National Stadium, Mirpur",2,3.7,Comilla Victorians,Rangpur Riders,Tamim Iqbal,Liton Das,I Udana,4,0,,,,,,,,,
1121289,2017/18,2017-12-10,"Shere Bangla National Stadium, Mirpur",2,4.1,Comilla Victorians,Rangpur Riders,Liton Das,Tamim Iqbal,Mashrafe Mortaza,1,0,,,,,,,,,
1121289,2017/18,2017-12-10,"Shere Bangla National Stadium, Mirpur",2,4.2,Comilla Victorians,Rangpur Riders,Tamim Iqbal,Liton Das,Mashrafe Mortaza,4,0,,,,,,,,,
1121289,2017/18,2017-12-10,"Shere Bangla National Stadium, Mirpur",2,4.3,Comilla Victorians,Rangpur Riders,Tamim Iqbal,Liton Das,Mashrafe Mortaza,4,0,,,,,,,,,
1121289,2017/18,2017-12-10,"Shere Bangla National Stadium, Mirpur",2,4.4,Comilla Victorians,Rangpur Riders,Tamim Iqbal,Liton Das,Mashrafe Mortaza,0,0,,,,,,,,,
1121289,2017/18,2017-12-10,"Shere Bangla National Stadium, Mirpur",2,4.5,Comilla Victorians,Rangpur Riders,Tamim Iqbal,Liton Das,Mashrafe Mortaza,0,0,,,,,,caught,Tamim Iqbal,,
1121289,2017/18,2017-12-10,"Shere Bangla National Stadium, Mirpur",2,4.6,Comilla Victorians,Rangpur Riders,Liton Das,Imrul Kayes,Mashrafe Mortaza,1,0,,,,,,,,,
1121289,2017/18,2017-12-10,"Shere Bangla National Stadium, Mirpur",2,5.1,Comilla Victorians,Rangpur Riders,Liton Das,Imrul Kayes,Sohag Gazi,0,0,,,,,,,,,
1121289,2017/18,2017-12-10,"Shere Bangla National Stadium, Mirpur",2,5.2,Comilla Victorians,Rangpur Riders,Liton Das,Imrul Kayes,Sohag Gazi,1,0,,,,,,,,,
1121289,2017/18,2017-12-10,"Shere Bangla National Stadium, Mirpur",2,5.3,Comilla Victorians,Rangpur Riders,Imrul Kayes,Liton Das,Sohag Gazi,0,0,,,,,,,,,
1121289,2017/18,2017-12-10,"Shere Bangla National Stadium, Mirpur",2,5.4,Comilla Victorians,Rangpur Riders,Imrul Kayes,Liton Das,Sohag Gazi,0,0,,,,,,stumped,Imrul Kayes,,
1121289,2017/18,2017-12-10,"Shere Bangla National Stadium, Mirpur",2,5.5,Comilla Victorians,Rangpur Riders,Shoaib Malik,Liton Das,Sohag Gazi,1,0,,,,,,,,,
1121289,2017/18,2017-12-10,"Shere Bangla National Stadium, Mirpur",2,5.6,Comilla Victorians,Rangpur Riders,Liton Das,Shoaib Malik,Sohag Gazi,0,0,,,,,,,,,
1121289,2017/18,2017-12-10,"Shere Bangla National Stadium, Mirpur",2,6.1,Comilla Victorians,Rangpur Riders,Shoaib Malik,Liton Das,RS Bopara,0,0,,,,,,,,,
1121289,2017/18,2017-12-10,"Shere Bangla National Stadium, Mirpur",2,6.2,Comilla Victorians,Rangpur Riders,Shoaib Malik,Liton Das,RS Bopara,1,0,,,,,,,,,
1121289,2017/18,2017-12-10,"Shere Bangla National Stadium, Mirpur",2,6.3,Comilla Victorians,Rangpur Riders,Liton Das,Shoaib Malik,RS Bopara,4,0,,,,,,,,,
1121289,2017/18,2017-12-10,"Shere Bangla National Stadium, Mirpur",2,6.4,Comilla Victorians,Rangpur Riders,Liton Das,Shoaib Malik,RS Bopara,0,0,,,,,,,,,
1121289,2017/18,2017-12-10,"Shere Bangla National Stadium, Mirpur",2,6.5,Comilla Victorians,Rangpur Riders,Liton Das,Shoaib Malik,RS Bopara,1,0,,,,,,,,,
1121289,2017/18,2017-12-10,"Shere Bangla National Stadium, Mirpur",2,6.6,Comilla Victorians,Rangpur Riders,Shoaib Malik,Liton Das,RS Bopara,1,0,,,,,,,,,
1121289,2017/18,2017-12-10,"Shere Bangla National Stadium, Mirpur",2,7.1,Comilla Victorians,Rangpur Riders,Shoaib Malik,Liton Das,Nazmul Islam,1,0,,,,,,,,,
1121289,2017/18,2017-12-10,"Shere Bangla National Stadium, Mirpur",2,7.2,Comilla Victorians,Rangpur Riders,Liton Das,Shoaib Malik,Nazmul Islam,0,0,,,,,,,,,
1121289,2017/18,2017-12-10,"Shere Bangla National Stadium, Mirpur",2,7.3,Comilla Victorians,Rangpur Riders,Liton Das,Shoaib Malik,Nazmul Islam,1,0,,,,,,,,,
1121289,2017/18,2017-12-10,"Shere Bangla National Stadium, Mirpur",2,7.4,Comilla Victorians,Rangpur Riders,Shoaib Malik,Liton Das,Nazmul Islam,0,0,,,,,,,,,
1121289,2017/18,2017-12-10,"Shere Bangla National Stadium, Mirpur",2,7.5,Comilla Victorians,Rangpur Riders,Shoaib Malik,Liton Das,Nazmul Islam,4,0,,,,,,,,,
1121289,2017/18,2017-12-10,"Shere Bangla National Stadium, Mirpur",2,7.6,Comilla Victorians,Rangpur Riders,Shoaib Malik,Liton Das,Nazmul Islam,0,0,,,,,,,,,
1121289,2017/18,2017-12-10,"Shere Bangla National Stadium, Mirpur",2,8.1,Comilla Victorians,Rangpur Riders,Liton Das,Shoaib Malik,Rubel Hossain,1,0,,,,,,,,,
1121289,2017/18,2017-12-10,"Shere Bangla National Stadium, Mirpur",2,8.2,Comilla Victorians,Rangpur Riders,Shoaib Malik,Liton Das,Rubel Hossain,0,0,,,,,,,,,
1121289,2017/18,2017-12-10,"Shere Bangla National Stadium, Mirpur",2,8.3,Comilla Victorians,Rangpur Riders,Shoaib Malik,Liton Das,Rubel Hossain,1,0,,,,,,,,,
1121289,2017/18,2017-12-10,"Shere Bangla National Stadium, Mirpur",2,8.4,Comilla Victorians,Rangpur Riders,Liton Das,Shoaib Malik,Rubel Hossain,1,0,,,,,,,,,
1121289,2017/18,2017-12-10,"Shere Bangla National Stadium, Mirpur",2,8.5,Comilla Victorians,Rangpur Riders,Shoaib Malik,Liton Das,Rubel Hossain,0,0,,,,,,,,,
1121289,2017/18,2017-12-10,"Shere Bangla National Stadium, Mirpur",2,8.6,Comilla Victorians,Rangpur Riders,Shoaib Malik,Liton Das,Rubel Hossain,0,1,1,,,,,,,,
1121289,2017/18,2017-12-10,"Shere Bangla National Stadium, Mirpur",2,8.7,Comilla Victorians,Rangpur Riders,Shoaib Malik,Liton Das,Rubel Hossain,1,0,,,,,,,,,
1121289,2017/18,2017-12-10,"Shere Bangla National Stadium, Mirpur",2,9.1,Comilla Victorians,Rangpur Riders,Shoaib Malik,Liton Das,Nazmul Islam,0,0,,,,,,,,,
1121289,2017/18,2017-12-10,"Shere Bangla National Stadium, Mirpur",2,9.2,Comilla Victorians,Rangpur Riders,Shoaib Malik,Liton Das,Nazmul Islam,0,0,,,,,,caught,Shoaib Malik,,
1121289,2017/18,2017-12-10,"Shere Bangla National Stadium, Mirpur",2,9.3,Comilla Victorians,Rangpur Riders,Liton Das,MN Samuels,Nazmul Islam,6,0,,,,,,,,,
1121289,2017/18,2017-12-10,"Shere Bangla National Stadium, Mirpur",2,9.4,Comilla Victorians,Rangpur Riders,Liton Das,MN Samuels,Nazmul Islam,1,0,,,,,,,,,
1121289,2017/18,2017-12-10,"Shere Bangla National Stadium, Mirpur",2,9.5,Comilla Victorians,Rangpur Riders,MN Samuels,Liton Das,Nazmul Islam,0,0,,,,,,,,,
1121289,2017/18,2017-12-10,"Shere Bangla National Stadium, Mirpur",2,9.6,Comilla Victorians,Rangpur Riders,MN Samuels,Liton Das,Nazmul Islam,1,0,,,,,,,,,
1121289,2017/18,2017-12-10,"Shere Bangla National Stadium, Mirpur",2,10.1,Comilla Victorians,Rangpur Riders,MN Samuels,Liton Das,Mashrafe Mortaza,1,0,,,,,,,,,
1121289,2017/18,2017-12-10,"Shere Bangla National Stadium, Mirpur",2,10.2,Comilla Victorians,Rangpur Riders,Liton Das,MN Samuels,Mashrafe Mortaza,4,0,,,,,,,,,
1121289,2017/18,2017-12-10,"Shere Bangla National Stadium, Mirpur",2,10.3,Comilla Victorians,Rangpur Riders,Liton Das,MN Samuels,Mashrafe Mortaza,1,0,,,,,,,,,
1121289,2017/18,2017-12-10,"Shere Bangla National Stadium, Mirpur",2,10.4,Comilla Victorians,Rangpur Riders,MN Samuels,Liton Das,Mashrafe Mortaza,2,0,,,,,,,,,
1121289,2017/18,2017-12-10,"Shere Bangla National Stadium, Mirpur",2,10.5,Comilla Victorians,Rangpur Riders,MN Samuels,Liton Das,Mashrafe Mortaza,0,0,,,,,,,,,
1121289,2017/18,2017-12-10,"Shere Bangla National Stadium, Mirpur",2,10.6,Comilla Victorians,Rangpur Riders,MN Samuels,Liton Das,Mashrafe Mortaza,1,0,,,,,,,,,
1121289,2017/18,2017-12-10,"Shere Bangla National Stadium, Mirpur",2,11.1,Comilla Victorians,Rangpur Riders,MN Samuels,Liton Das,Nazmul Islam,1,0,,,,,,,,,
1121289,2017/18,2017-12-10,"Shere Bangla National Stadium, Mirpur",2,11.2,Comilla Victorians,Rangpur Riders,Liton Das,MN Samuels,Nazmul Islam,1,0,,,,,,,,,
1121289,2017/18,2017-12-10,"Shere Bangla National Stadium, Mirpur",2,11.3,Comilla Victorians,Rangpur Riders,MN Samuels,Liton Das,Nazmul Islam,0,0,,,,,,,,,
1121289,2017/18,2017-12-10,"Shere Bangla National Stadium, Mirpur",2,11.4,Comilla Victorians,Rangpur Riders,MN Samuels,Liton Das,Nazmul Islam,1,0,,,,,,,,,
1121289,2017/18,2017-12-10,"Shere Bangla National Stadium, Mirpur",2,11.5,Comilla Victorians,Rangpur Riders,Liton Das,MN Samuels,Nazmul Islam,1,0,,,,,,,,,
1121289,2017/18,2017-12-10,"Shere Bangla National Stadium, Mirpur",2,11.6,Comilla Victorians,Rangpur Riders,MN Samuels,Liton Das,Nazmul Islam,0,0,,,,,,,,,
1121289,2017/18,2017-12-10,"Shere Bangla National Stadium, Mirpur",2,12.1,Comilla Victorians,Rangpur Riders,Liton Das,MN Samuels,I Udana,0,0,,,,,,caught,Liton Das,,
1121289,2017/18,2017-12-10,"Shere Bangla National Stadium, Mirpur",2,12.2,Comilla Victorians,Rangpur Riders,JC Buttler,MN Samuels,I Udana,0,0,,,,,,,,,
1121289,2017/18,2017-12-10,"Shere Bangla National Stadium, Mirpur",2,12.3,Comilla Victorians,Rangpur Riders,JC Buttler,MN Samuels,I Udana,0,0,,,,,,,,,
1121289,2017/18,2017-12-10,"Shere Bangla National Stadium, Mirpur",2,12.4,Comilla Victorians,Rangpur Riders,JC Buttler,MN Samuels,I Udana,1,0,,,,,,,,,
1121289,2017/18,2017-12-10,"Shere Bangla National Stadium, Mirpur",2,12.5,Comilla Victorians,Rangpur Riders,MN Samuels,JC Buttler,I Udana,1,0,,,,,,,,,
1121289,2017/18,2017-12-10,"Shere Bangla National Stadium, Mirpur",2,12.6,Comilla Victorians,Rangpur Riders,JC Buttler,MN Samuels,I Udana,1,0,,,,,,,,,
1121289,2017/18,2017-12-10,"Shere Bangla National Stadium, Mirpur",2,13.1,Comilla Victorians,Rangpur Riders,JC Buttler,MN Samuels,Nazmul Islam,3,0,,,,,,,,,
1121289,2017/18,2017-12-10,"Shere Bangla National Stadium, Mirpur",2,13.2,Comilla Victorians,Rangpur Riders,MN Samuels,JC Buttler,Nazmul Islam,1,0,,,,,,,,,
1121289,2017/18,2017-12-10,"Shere Bangla National Stadium, Mirpur",2,13.3,Comilla Victorians,Rangpur Riders,JC Buttler,MN Samuels,Nazmul Islam,1,0,,,,,,,,,
1121289,2017/18,2017-12-10,"Shere Bangla National Stadium, Mirpur",2,13.4,Comilla Victorians,Rangpur Riders,MN Samuels,JC Buttler,Nazmul Islam,1,0,,,,,,,,,
1121289,2017/18,2017-12-10,"Shere Bangla National Stadium, Mirpur",2,13.5,Comilla Victorians,Rangpur Riders,JC Buttler,MN Samuels,Nazmul Islam,1,0,,,,,,,,,
1121289,2017/18,2017-12-10,"Shere Bangla National Stadium, Mirpur",2,13.6,Comilla Victorians,Rangpur Riders,MN Samuels,JC Buttler,Nazmul Islam,0,0,,,,,,,,,
1121289,2017/18,2017-12-10,"Shere Bangla National Stadium, Mirpur",2,14.1,Comilla Victorians,Rangpur Riders,JC Buttler,MN Samuels,Rubel Hossain,1,0,,,,,,,,,
1121289,2017/18,2017-12-10,"Shere Bangla National Stadium, Mirpur",2,14.2,Comilla Victorians,Rangpur Riders,MN Samuels,JC Buttler,Rubel Hossain,0,0,,,,,,,,,
1121289,2017/18,2017-12-10,"Shere Bangla National Stadium, Mirpur",2,14.3,Comilla Victorians,Rangpur Riders,MN Samuels,JC Buttler,Rubel Hossain,0,0,,,,,,,,,
1121289,2017/18,2017-12-10,"Shere Bangla National Stadium, Mirpur",2,14.4,Comilla Victorians,Rangpur Riders,MN Samuels,JC Buttler,Rubel Hossain,4,0,,,,,,,,,
1121289,2017/18,2017-12-10,"Shere Bangla National Stadium, Mirpur",2,14.5,Comilla Victorians,Rangpur Riders,MN Samuels,JC Buttler,Rubel Hossain,0,1,1,,,,,,,,
1121289,2017/18,2017-12-10,"Shere Bangla National Stadium, Mirpur",2,14.6,Comilla Victorians,Rangpur Riders,MN Samuels,JC Buttler,Rubel Hossain,0,0,,,,,,,,,
1121289,2017/18,2017-12-10,"Shere Bangla National Stadium, Mirpur",2,14.7,Comilla Victorians,Rangpur Riders,MN Samuels,JC Buttler,Rubel Hossain,0,1,,1,,,,,,,
1121289,2017/18,2017-12-10,"Shere Bangla National Stadium, Mirpur",2,14.8,Comilla Victorians,Rangpur Riders,JC Buttler,MN Samuels,Rubel Hossain,6,0,,,,,,,,,
1121289,2017/18,2017-12-10,"Shere Bangla National Stadium, Mirpur",2,15.1,Comilla Victorians,Rangpur Riders,MN Samuels,JC Buttler,Mashrafe Mortaza,0,1,1,,,,,,,,
1121289,2017/18,2017-12-10,"Shere Bangla National Stadium, Mirpur",2,15.2,Comilla Victorians,Rangpur Riders,MN Samuels,JC Buttler,Mashrafe Mortaza,1,0,,,,,,,,,
1121289,2017/18,2017-12-10,"Shere Bangla National Stadium, Mirpur",2,15.3,Comilla Victorians,Rangpur Riders,JC Buttler,MN Samuels,Mashrafe Mortaza,0,0,,,,,,,,,
1121289,2017/18,2017-12-10,"Shere Bangla National Stadium, Mirpur",2,15.4,Comilla Victorians,Rangpur Riders,JC Buttler,MN Samuels,Mashrafe Mortaza,4,0,,,,,,,,,
1121289,2017/18,2017-12-10,"Shere Bangla National Stadium, Mirpur",2,15.5,Comilla Victorians,Rangpur Riders,JC Buttler,MN Samuels,Mashrafe Mortaza,6,0,,,,,,,,,
1121289,2017/18,2017-12-10,"Shere Bangla National Stadium, Mirpur",2,15.6,Comilla Victorians,Rangpur Riders,JC Buttler,MN Samuels,Mashrafe Mortaza,1,0,,,,,,,,,
1121289,2017/18,2017-12-10,"Shere Bangla National Stadium, Mirpur",2,15.7,Comilla Victorians,Rangpur Riders,MN Samuels,JC Buttler,Mashrafe Mortaza,1,0,,,,,,,,,
1121289,2017/18,2017-12-10,"Shere Bangla National Stadium, Mirpur",2,16.1,Comilla Victorians,Rangpur Riders,MN Samuels,JC Buttler,I Udana,0,1,1,,,,,,,,
1121289,2017/18,2017-12-10,"Shere Bangla National Stadium, Mirpur",2,16.2,Comilla Victorians,Rangpur Riders,MN Samuels,JC Buttler,I Udana,0,0,,,,,,,,,
1121289,2017/18,2017-12-10,"Shere Bangla National Stadium, Mirpur",2,16.3,Comilla Victorians,Rangpur Riders,MN Samuels,JC Buttler,I Udana,0,0,,,,,,,,,
1121289,2017/18,2017-12-10,"Shere Bangla National Stadium, Mirpur",2,16.4,Comilla Victorians,Rangpur Riders,MN Samuels,JC Buttler,I Udana,1,0,,,,,,,,,
1121289,2017/18,2017-12-10,"Shere Bangla National Stadium, Mirpur",2,16.5,Comilla Victorians,Rangpur Riders,JC Buttler,MN Samuels,I Udana,0,0,,,,,,,,,
1121289,2017/18,2017-12-10,"Shere Bangla National Stadium, Mirpur",2,16.6,Comilla Victorians,Rangpur Riders,JC Buttler,MN Samuels,I Udana,0,1,1,,,,,,,,
1121289,2017/18,2017-12-10,"Shere Bangla National Stadium, Mirpur",2,16.7,Comilla Victorians,Rangpur Riders,JC Buttler,MN Samuels,I Udana,1,0,,,,,,,,,
1121289,2017/18,2017-12-10,"Shere Bangla National Stadium, Mirpur",2,16.8,Comilla Victorians,Rangpur Riders,MN Samuels,JC Buttler,I Udana,0,0,,,,,,,,,
1121289,2017/18,2017-12-10,"Shere Bangla National Stadium, Mirpur",2,17.1,Comilla Victorians,Rangpur Riders,JC Buttler,MN Samuels,RS Bopara,0,0,,,,,,caught,JC Buttler,,
1121289,2017/18,2017-12-10,"Shere Bangla National Stadium, Mirpur",2,17.2,Comilla Victorians,Rangpur Riders,MN Samuels,Hasan Ali,RS Bopara,0,0,,,,,,,,,
1121289,2017/18,2017-12-10,"Shere Bangla National Stadium, Mirpur",2,17.3,Comilla Victorians,Rangpur Riders,MN Samuels,Hasan Ali,RS Bopara,0,0,,,,,,,,,
1121289,2017/18,2017-12-10,"Shere Bangla National Stadium, Mirpur",2,17.4,Comilla Victorians,Rangpur Riders,MN Samuels,Hasan Ali,RS Bopara,4,0,,,,,,,,,
1121289,2017/18,2017-12-10,"Shere Bangla National Stadium, Mirpur",2,17.5,Comilla Victorians,Rangpur Riders,MN Samuels,Hasan Ali,RS Bopara,6,0,,,,,,,,,
1121289,2017/18,2017-12-10,"Shere Bangla National Stadium, Mirpur",2,17.6,Comilla Victorians,Rangpur Riders,MN Samuels,Hasan Ali,RS Bopara,0,0,,,,,,caught,MN Samuels,,
1121289,2017/18,2017-12-10,"Shere Bangla National Stadium, Mirpur",2,18.1,Comilla Victorians,Rangpur Riders,Hasan Ali,Mohammad Saifuddin,I Udana,2,0,,,,,,,,,
1121289,2017/18,2017-12-10,"Shere Bangla National Stadium, Mirpur",2,18.2,Comilla Victorians,Rangpur Riders,Hasan Ali,Mohammad Saifuddin,I Udana,0,1,1,,,,,,,,
1121289,2017/18,2017-12-10,"Shere Bangla National Stadium, Mirpur",2,18.3,Comilla Victorians,Rangpur Riders,Hasan Ali,Mohammad Saifuddin,I Udana,2,0,,,,,,,,,
1121289,2017/18,2017-12-10,"Shere Bangla National Stadium, Mirpur",2,18.4,Comilla Victorians,Rangpur Riders,Hasan Ali,Mohammad Saifuddin,I Udana,0,1,1,,,,,,,,
1121289,2017/18,2017-12-10,"Shere Bangla National Stadium, Mirpur",2,18.5,Comilla Victorians,Rangpur Riders,Hasan Ali,Mohammad Saifuddin,I Udana,1,0,,,,,,,,,
1121289,2017/18,2017-12-10,"Shere Bangla National Stadium, Mirpur",2,18.6,Comilla Victorians,Rangpur Riders,Mohammad Saifuddin,Hasan Ali,I Udana,0,0,,,,,,caught,Mohammad Saifuddin,,
1121289,2017/18,2017-12-10,"Shere Bangla National Stadium, Mirpur",2,18.7,Comilla Victorians,Rangpur Riders,Hasan Ali,AG Cremer,I Udana,0,0,,,,,,,,,
1121289,2017/18,2017-12-10,"Shere Bangla National Stadium, Mirpur",2,18.8,Comilla Victorians,Rangpur Riders,Hasan Ali,AG Cremer,I Udana,1,0,,,,,,,,,
1121289,2017/18,2017-12-10,"Shere Bangla National Stadium, Mirpur",2,19.1,Comilla Victorians,Rangpur Riders,Hasan Ali,AG Cremer,Rubel Hossain,0,0,,,,,,caught,Hasan Ali,,
1121289,2017/18,2017-12-10,"Shere Bangla National Stadium, Mirpur",2,19.2,Comilla Victorians,Rangpur Riders,Mahedi Hasan,AG Cremer,Rubel Hossain,0,0,,,,,,,,,
1121289,2017/18,2017-12-10,"Shere Bangla National Stadium, Mirpur",2,19.3,Comilla Victorians,Rangpur Riders,Mahedi Hasan,AG Cremer,Rubel Hossain,0,0,,,,,,caught,Mahedi Hasan,,
1121289,2017/18,2017-12-10,"Shere Bangla National Stadium, Mirpur",2,19.4,Comilla Victorians,Rangpur Riders,AG Cremer,Al-Amin Hossain,Rubel Hossain,0,0,,,,,,,,,
1121289,2017/18,2017-12-10,"Shere Bangla National Stadium, Mirpur",2,19.5,Comilla Victorians,Rangpur Riders,AG Cremer,Al-Amin Hossain,Rubel Hossain,1,0,,,,,,,,,
1121289,2017/18,2017-12-10,"Shere Bangla National Stadium, Mirpur",2,19.6,Comilla Victorians,Rangpur Riders,Al-Amin Hossain,AG Cremer,Rubel Hossain,0,0,,,,,,caught,Al-Amin Hossain,,
