match_id,season,start_date,venue,innings,ball,batting_team,bowling_team,striker,non_striker,bowler,runs_off_bat,extras,wides,noballs,byes,legbyes,penalty,wicket_type,player_dismissed,other_wicket_type,other_player_dismissed
1121279,2017/18,2017-12-02,"Shere Bangla National Stadium, Mirpur",1,0.1,Rangpur Riders,Comilla Victorians,Ziaur Rahman,CH Gayle,Mujeeb Ur Rahman,0,0,,,,,,,,,
1121279,2017/18,2017-12-02,"Shere Bangla National Stadium, Mirpur",1,0.2,Rangpur Riders,Comilla Victorians,Ziaur Rahman,CH Gayle,Mujeeb Ur Rahman,2,0,,,,,,,,,
1121279,2017/18,2017-12-02,"Shere Bangla National Stadium, Mirpur",1,0.3,Rangpur Riders,Comilla Victorians,Ziaur Rahman,CH Gayle,Mujeeb Ur Rahman,0,1,1,,,,,,,,
1121279,2017/18,2017-12-02,"Shere Bangla National Stadium, Mirpur",1,0.4,Rangpur Riders,Comilla Victorians,Ziaur Rahman,CH Gayle,Mujeeb Ur Rahman,0,0,,,,,,,,,
1121279,2017/18,2017-12-02,"Shere Bangla National Stadium, Mirpur",1,0.5,Rangpur Riders,Comilla Victorians,Ziaur Rahman,CH Gayle,Mujeeb Ur Rahman,0,0,,,,,,,,,
1121279,2017/18,2017-12-02,"Shere Bangla National Stadium, Mirpur",1,0.6,Rangpur Riders,Comilla Victorians,Ziaur Rahman,CH Gayle,Mujeeb Ur Rahman,0,0,,,,,,,,,
1121279,2017/18,2017-12-02,"Shere Bangla National Stadium, Mirpur",1,0.7,Rangpur Riders,Comilla Victorians,Ziaur Rahman,CH Gayle,Mujeeb Ur Rahman,0,0,,,,,,,,,
1121279,2017/18,2017-12-02,"Shere Bangla National Stadium, Mirpur",1,1.1,Rangpur Riders,Comilla Victorians,CH Gayle,Ziaur Rahman,Mahedi Hasan,0,0,,,,,,bowled,CH Gayle,,
1121279,2017/18,2017-12-02,"Shere Bangla National Stadium, Mirpur",1,1.2,Rangpur Riders,Comilla Victorians,BB McCullum,Ziaur Rahman,Mahedi Hasan,1,0,,,,,,,,,
1121279,2017/18,2017-12-02,"Shere Bangla National Stadium, Mirpur",1,1.3,Rangpur Riders,Comilla Victorians,Ziaur Rahman,BB McCullum,Mahedi Hasan,4,0,,,,,,,,,
1121279,2017/18,2017-12-02,"Shere Bangla National Stadium, Mirpur",1,1.4,Rangpur Riders,Comilla Victorians,Ziaur Rahman,BB McCullum,Mahedi Hasan,0,0,,,,,,,,,
1121279,2017/18,2017-12-02,"Shere Bangla National Stadium, Mirpur",1,1.5,Rangpur Riders,Comilla Victorians,Ziaur Rahman,BB McCullum,Mahedi Hasan,0,0,,,,,,bowled,Ziaur Rahman,,
1121279,2017/18,2017-12-02,"Shere Bangla National Stadium, Mirpur",1,1.6,Rangpur Riders,Comilla Victorians,Mohammad Mithun,BB McCullum,Mahedi Hasan,0,0,,,,,,,,,
1121279,2017/18,2017-12-02,"Shere Bangla National Stadium, Mirpur",1,2.1,Rangpur Riders,Comilla Victorians,BB McCullum,Mohammad Mithun,Mujeeb Ur Rahman,0,0,,,,,,,,,
1121279,2017/18,2017-12-02,"Shere Bangla National Stadium, Mirpur",1,2.2,Rangpur Riders,Comilla Victorians,BB McCullum,Mohammad Mithun,Mujeeb Ur Rahman,1,0,,,,,,,,,
1121279,2017/18,2017-12-02,"Shere Bangla National Stadium, Mirpur",1,2.3,Rangpur Riders,Comilla Victorians,Mohammad Mithun,BB McCullum,Mujeeb Ur Rahman,1,0,,,,,,,,,
1121279,2017/18,2017-12-02,"Shere Bangla National Stadium, Mirpur",1,2.4,Rangpur Riders,Comilla Victorians,BB McCullum,Mohammad Mithun,Mujeeb Ur Rahman,0,0,,,,,,,,,
1121279,2017/18,2017-12-02,"Shere Bangla National Stadium, Mirpur",1,2.5,Rangpur Riders,Comilla Victorians,BB McCullum,Mohammad Mithun,Mujeeb Ur Rahman,1,0,,,,,,,,,
1121279,2017/18,2017-12-02,"Shere Bangla National Stadium, Mirpur",1,2.6,Rangpur Riders,Comilla Victorians,Mohammad Mithun,BB McCullum,Mujeeb Ur Rahman,0,0,,,,,,,,,
1121279,2017/18,2017-12-02,"Shere Bangla National Stadium, Mirpur",1,3.1,Rangpur Riders,Comilla Victorians,BB McCullum,Mohammad Mithun,Mahedi Hasan,0,0,,,,,,,,,
1121279,2017/18,2017-12-02,"Shere Bangla National Stadium, Mirpur",1,3.2,Rangpur Riders,Comilla Victorians,BB McCullum,Mohammad Mithun,Mahedi Hasan,1,0,,,,,,,,,
1121279,2017/18,2017-12-02,"Shere Bangla National Stadium, Mirpur",1,3.3,Rangpur Riders,Comilla Victorians,Mohammad Mithun,BB McCullum,Mahedi Hasan,4,0,,,,,,,,,
1121279,2017/18,2017-12-02,"Shere Bangla National Stadium, Mirpur",1,3.4,Rangpur Riders,Comilla Victorians,Mohammad Mithun,BB McCullum,Mahedi Hasan,4,0,,,,,,,,,
1121279,2017/18,2017-12-02,"Shere Bangla National Stadium, Mirpur",1,3.5,Rangpur Riders,Comilla Victorians,Mohammad Mithun,BB McCullum,Mahedi Hasan,1,0,,,,,,,,,
1121279,2017/18,2017-12-02,"Shere Bangla National Stadium, Mirpur",1,3.6,Rangpur Riders,Comilla Victorians,BB McCullum,Mohammad Mithun,Mahedi Hasan,0,0,,,,,,,,,
1121279,2017/18,2017-12-02,"Shere Bangla National Stadium, Mirpur",1,4.1,Rangpur Riders,Comilla Victorians,Mohammad Mithun,BB McCullum,Mujeeb Ur Rahman,4,0,,,,,,,,,
1121279,2017/18,2017-12-02,"Shere Bangla National Stadium, Mirpur",1,4.2,Rangpur Riders,Comilla Victorians,Mohammad Mithun,BB McCullum,Mujeeb Ur Rahman,0,0,,,,,,,,,
1121279,2017/18,2017-12-02,"Shere Bangla National Stadium, Mirpur",1,4.3,Rangpur Riders,Comilla Victorians,Mohammad Mithun,BB McCullum,Mujeeb Ur Rahman,0,0,,,,,,,,,
1121279,2017/18,2017-12-02,"Shere Bangla National Stadium, Mirpur",1,4.4,Rangpur Riders,Comilla Victorians,Mohammad Mithun,BB McCullum,Mujeeb Ur Rahman,1,0,,,,,,,,,
1121279,2017/18,2017-12-02,"Shere Bangla National Stadium, Mirpur",1,4.5,Rangpur Riders,Comilla Victorians,BB McCullum,Mohammad Mithun,Mujeeb Ur Rahman,0,0,,,,,,,,,
1121279,2017/18,2017-12-02,"Shere Bangla National Stadium, Mirpur",1,4.6,Rangpur Riders,Comilla Victorians,BB McCullum,Mohammad Mithun,Mujeeb Ur Rahman,1,0,,,,,,,,,
1121279,2017/18,2017-12-02,"Shere Bangla National Stadium, Mirpur",1,5.1,Rangpur Riders,Comilla Victorians,BB McCullum,Mohammad Mithun,Hasan Ali,0,1,,,,1,,,,,
1121279,2017/18,2017-12-02,"Shere Bangla National Stadium, Mirpur",1,5.2,Rangpur Riders,Comilla Victorians,Mohammad Mithun,BB McCullum,Hasan Ali,0,0,,,,,,,,,
1121279,2017/18,2017-12-02,"Shere Bangla National Stadium, Mirpur",1,5.3,Rangpur Riders,Comilla Victorians,Mohammad Mithun,BB McCullum,Hasan Ali,1,0,,,,,,,,,
1121279,2017/18,2017-12-02,"Shere Bangla National Stadium, Mirpur",1,5.4,Rangpur Riders,Comilla Victorians,BB McCullum,Mohammad Mithun,Hasan Ali,0,0,,,,,,,,,
1121279,2017/18,2017-12-02,"Shere Bangla National Stadium, Mirpur",1,5.5,Rangpur Riders,Comilla Victorians,BB McCullum,Mohammad Mithun,Hasan Ali,0,1,,1,,,,,,,
1121279,2017/18,2017-12-02,"Shere Bangla National Stadium, Mirpur",1,5.6,Rangpur Riders,Comilla Victorians,BB McCullum,Mohammad Mithun,Hasan Ali,1,0,,,,,,,,,
1121279,2017/18,2017-12-02,"Shere Bangla National Stadium, Mirpur",1,5.7,Rangpur Riders,Comilla Victorians,Mohammad Mithun,BB McCullum,Hasan Ali,1,0,,,,,,,,,
1121279,2017/18,2017-12-02,"Shere Bangla National Stadium, Mirpur",1,6.1,Rangpur Riders,Comilla Victorians,Mohammad Mithun,BB McCullum,Mohammad Saifuddin,0,0,,,,,,caught,Mohammad Mithun,,
1121279,2017/18,2017-12-02,"Shere Bangla National Stadium, Mirpur",1,6.2,Rangpur Riders,Comilla Victorians,RS Bopara,BB McCullum,Mohammad Saifuddin,0,0,,,,,,,,,
1121279,2017/18,2017-12-02,"Shere Bangla National Stadium, Mirpur",1,6.3,Rangpur Riders,Comilla Victorians,RS Bopara,BB McCullum,Mohammad Saifuddin,1,0,,,,,,,,,
1121279,2017/18,2017-12-02,"Shere Bangla National Stadium, Mirpur",1,6.4,Rangpur Riders,Comilla Victorians,BB McCullum,RS Bopara,Mohammad Saifuddin,0,0,,,,,,,,,
1121279,2017/18,2017-12-02,"Shere Bangla National Stadium, Mirpur",1,6.5,Rangpur Riders,Comilla Victorians,BB McCullum,RS Bopara,Mohammad Saifuddin,0,0,,,,,,,,,
1121279,2017/18,2017-12-02,"Shere Bangla National Stadium, Mirpur",1,6.6,Rangpur Riders,Comilla Victorians,BB McCullum,RS Bopara,Mohammad Saifuddin,0,0,,,,,,,,,
1121279,2017/18,2017-12-02,"Shere Bangla National Stadium, Mirpur",1,7.1,Rangpur Riders,Comilla Victorians,RS Bopara,BB McCullum,Al-Amin Hossain,0,0,,,,,,,,,
1121279,2017/18,2017-12-02,"Shere Bangla National Stadium, Mirpur",1,7.2,Rangpur Riders,Comilla Victorians,RS Bopara,BB McCullum,Al-Amin Hossain,1,1,,1,,,,,,,
1121279,2017/18,2017-12-02,"Shere Bangla National Stadium, Mirpur",1,7.3,Rangpur Riders,Comilla Victorians,BB McCullum,RS Bopara,Al-Amin Hossain,4,0,,,,,,,,,
1121279,2017/18,2017-12-02,"Shere Bangla National Stadium, Mirpur",1,7.4,Rangpur Riders,Comilla Victorians,BB McCullum,RS Bopara,Al-Amin Hossain,4,0,,,,,,,,,
1121279,2017/18,2017-12-02,"Shere Bangla National Stadium, Mirpur",1,7.5,Rangpur Riders,Comilla Victorians,BB McCullum,RS Bopara,Al-Amin Hossain,0,0,,,,,,,,,
1121279,2017/18,2017-12-02,"Shere Bangla National Stadium, Mirpur",1,7.6,Rangpur Riders,Comilla Victorians,BB McCullum,RS Bopara,Al-Amin Hossain,0,0,,,,,,,,,
1121279,2017/18,2017-12-02,"Shere Bangla National Stadium, Mirpur",1,7.7,Rangpur Riders,Comilla Victorians,BB McCullum,RS Bopara,Al-Amin Hossain,1,0,,,,,,,,,
1121279,2017/18,2017-12-02,"Shere Bangla National Stadium, Mirpur",1,8.1,Rangpur Riders,Comilla Victorians,BB McCullum,RS Bopara,Mujeeb Ur Rahman,1,0,,,,,,,,,
1121279,2017/18,2017-12-02,"Shere Bangla National Stadium, Mirpur",1,8.2,Rangpur Riders,Comilla Victorians,RS Bopara,BB McCullum,Mujeeb Ur Rahman,1,0,,,,,,,,,
1121279,2017/18,2017-12-02,"Shere Bangla National Stadium, Mirpur",1,8.3,Rangpur Riders,Comilla Victorians,BB McCullum,RS Bopara,Mujeeb Ur Rahman,0,0,,,,,,,,,
1121279,2017/18,2017-12-02,"Shere Bangla National Stadium, Mirpur",1,8.4,Rangpur Riders,Comilla Victorians,BB McCullum,RS Bopara,Mujeeb Ur Rahman,1,0,,,,,,,,,
1121279,2017/18,2017-12-02,"Shere Bangla National Stadium, Mirpur",1,8.5,Rangpur Riders,Comilla Victorians,RS Bopara,BB McCullum,Mujeeb Ur Rahman,1,0,,,,,,,,,
1121279,2017/18,2017-12-02,"Shere Bangla National Stadium, Mirpur",1,8.6,Rangpur Riders,Comilla Victorians,BB McCullum,RS Bopara,Mujeeb Ur Rahman,1,0,,,,,,,,,
1121279,2017/18,2017-12-02,"Shere Bangla National Stadium, Mirpur",1,9.1,Rangpur Riders,Comilla Victorians,BB McCullum,RS Bopara,Al-Amin Hossain,0,0,,,,,,,,,
1121279,2017/18,2017-12-02,"Shere Bangla National Stadium, Mirpur",1,9.2,Rangpur Riders,Comilla Victorians,BB McCullum,RS Bopara,Al-Amin Hossain,0,2,,,,2,,,,,
1121279,2017/18,2017-12-02,"Shere Bangla National Stadium, Mirpur",1,9.3,Rangpur Riders,Comilla Victorians,BB McCullum,RS Bopara,Al-Amin Hossain,6,0,,,,,,,,,
1121279,2017/18,2017-12-02,"Shere Bangla National Stadium, Mirpur",1,9.4,Rangpur Riders,Comilla Victorians,BB McCullum,RS Bopara,Al-Amin Hossain,0,0,,,,,,run out,RS Bopara,,
1121279,2017/18,2017-12-02,"Shere Bangla National Stadium, Mirpur",1,9.5,Rangpur Riders,Comilla Victorians,CK Kapugedera,BB McCullum,Al-Amin Hossain,0,0,,,,,,,,,
1121279,2017/18,2017-12-02,"Shere Bangla National Stadium, Mirpur",1,9.6,Rangpur Riders,Comilla Victorians,CK Kapugedera,BB McCullum,Al-Amin Hossain,1,0,,,,,,,,,
1121279,2017/18,2017-12-02,"Shere Bangla National Stadium, Mirpur",1,10.1,Rangpur Riders,Comilla Victorians,CK Kapugedera,BB McCullum,Mahedi Hasan,1,0,,,,,,,,,
1121279,2017/18,2017-12-02,"Shere Bangla National Stadium, Mirpur",1,10.2,Rangpur Riders,Comilla Victorians,BB McCullum,CK Kapugedera,Mahedi Hasan,0,0,,,,,,bowled,BB McCullum,,
1121279,2017/18,2017-12-02,"Shere Bangla National Stadium, Mirpur",1,10.3,Rangpur Riders,Comilla Victorians,Nahidul Islam,CK Kapugedera,Mahedi Hasan,0,0,,,,,,,,,
1121279,2017/18,2017-12-02,"Shere Bangla National Stadium, Mirpur",1,10.4,Rangpur Riders,Comilla Victorians,Nahidul Islam,CK Kapugedera,Mahedi Hasan,2,0,,,,,,,,,
1121279,2017/18,2017-12-02,"Shere Bangla National Stadium, Mirpur",1,10.5,Rangpur Riders,Comilla Victorians,Nahidul Islam,CK Kapugedera,Mahedi Hasan,0,0,,,,,,,,,
1121279,2017/18,2017-12-02,"Shere Bangla National Stadium, Mirpur",1,10.6,Rangpur Riders,Comilla Victorians,Nahidul Islam,CK Kapugedera,Mahedi Hasan,0,0,,,,,,,,,
1121279,2017/18,2017-12-02,"Shere Bangla National Stadium, Mirpur",1,11.1,Rangpur Riders,Comilla Victorians,CK Kapugedera,Nahidul Islam,Hasan Ali,0,0,,,,,,caught,CK Kapugedera,,
1121279,2017/18,2017-12-02,"Shere Bangla National Stadium, Mirpur",1,11.2,Rangpur Riders,Comilla Victorians,Mashrafe Mortaza,Nahidul Islam,Hasan Ali,1,0,,,,,,,,,
1121279,2017/18,2017-12-02,"Shere Bangla National Stadium, Mirpur",1,11.3,Rangpur Riders,Comilla Victorians,Nahidul Islam,Mashrafe Mortaza,Hasan Ali,0,0,,,,,,,,,
1121279,2017/18,2017-12-02,"Shere Bangla National Stadium, Mirpur",1,11.4,Rangpur Riders,Comilla Victorians,Nahidul Islam,Mashrafe Mortaza,Hasan Ali,1,0,,,,,,,,,
1121279,2017/18,2017-12-02,"Shere Bangla National Stadium, Mirpur",1,11.5,Rangpur Riders,Comilla Victorians,Mashrafe Mortaza,Nahidul Islam,Hasan Ali,2,0,,,,,,,,,
1121279,2017/18,2017-12-02,"Shere Bangla National Stadium, Mirpur",1,11.6,Rangpur Riders,Comilla Victorians,Mashrafe Mortaza,Nahidul Islam,Hasan Ali,0,0,,,,,,,,,
1121279,2017/18,2017-12-02,"Shere Bangla National Stadium, Mirpur",1,12.1,Rangpur Riders,Comilla Victorians,Nahidul Islam,Mashrafe Mortaza,Mahedi Hasan,1,0,,,,,,,,,
1121279,2017/18,2017-12-02,"Shere Bangla National Stadium, Mirpur",1,12.2,Rangpur Riders,Comilla Victorians,Mashrafe Mortaza,Nahidul Islam,Mahedi Hasan,1,0,,,,,,,,,
1121279,2017/18,2017-12-02,"Shere Bangla National Stadium, Mirpur",1,12.3,Rangpur Riders,Comilla Victorians,Nahidul Islam,Mashrafe Mortaza,Mahedi Hasan,2,0,,,,,,,,,
1121279,2017/18,2017-12-02,"Shere Bangla National Stadium, Mirpur",1,12.4,Rangpur Riders,Comilla Victorians,Nahidul Islam,Mashrafe Mortaza,Mahedi Hasan,0,0,,,,,,bowled,Nahidul Islam,,
1121279,2017/18,2017-12-02,"Shere Bangla National Stadium, Mirpur",1,12.5,Rangpur Riders,Comilla Victorians,I Udana,Mashrafe Mortaza,Mahedi Hasan,0,0,,,,,,,,,
1121279,2017/18,2017-12-02,"Shere Bangla National Stadium, Mirpur",1,12.6,Rangpur Riders,Comilla Victorians,I Udana,Mashrafe Mortaza,Mahedi Hasan,0,0,,,,,,,,,
1121279,2017/18,2017-12-02,"Shere Bangla National Stadium, Mirpur",1,13.1,Rangpur Riders,Comilla Victorians,Mashrafe Mortaza,I Udana,Hasan Ali,0,0,,,,,,,,,
1121279,2017/18,2017-12-02,"Shere Bangla National Stadium, Mirpur",1,13.2,Rangpur Riders,Comilla Victorians,Mashrafe Mortaza,I Udana,Hasan Ali,0,0,,,,,,,,,
1121279,2017/18,2017-12-02,"Shere Bangla National Stadium, Mirpur",1,13.3,Rangpur Riders,Comilla Victorians,Mashrafe Mortaza,I Udana,Hasan Ali,0,0,,,,,,,,,
1121279,2017/18,2017-12-02,"Shere Bangla National Stadium, Mirpur",1,13.4,Rangpur Riders,Comilla Victorians,Mashrafe Mortaza,I Udana,Hasan Ali,0,0,,,,,,,,,
1121279,2017/18,2017-12-02,"Shere Bangla National Stadium, Mirpur",1,13.5,Rangpur Riders,Comilla Victorians,Mashrafe Mortaza,I Udana,Hasan Ali,0,0,,,,,,,,,
1121279,2017/18,2017-12-02,"Shere Bangla National Stadium, Mirpur",1,13.6,Rangpur Riders,Comilla Victorians,Mashrafe Mortaza,I Udana,Hasan Ali,1,0,,,,,,,,,
1121279,2017/18,2017-12-02,"Shere Bangla National Stadium, Mirpur",1,14.1,Rangpur Riders,Comilla Victorians,Mashrafe Mortaza,I Udana,Mohammad Saifuddin,4,0,,,,,,,,,
1121279,2017/18,2017-12-02,"Shere Bangla National Stadium, Mirpur",1,14.2,Rangpur Riders,Comilla Victorians,Mashrafe Mortaza,I Udana,Mohammad Saifuddin,0,0,,,,,,bowled,Mashrafe Mortaza,,
1121279,2017/18,2017-12-02,"Shere Bangla National Stadium, Mirpur",1,14.3,Rangpur Riders,Comilla Victorians,Sohag Gazi,I Udana,Mohammad Saifuddin,2,0,,,,,,,,,
1121279,2017/18,2017-12-02,"Shere Bangla National Stadium, Mirpur",1,14.4,Rangpur Riders,Comilla Victorians,Sohag Gazi,I Udana,Mohammad Saifuddin,1,0,,,,,,,,,
1121279,2017/18,2017-12-02,"Shere Bangla National Stadium, Mirpur",1,14.5,Rangpur Riders,Comilla Victorians,I Udana,Sohag Gazi,Mohammad Saifuddin,4,0,,,,,,,,,
1121279,2017/18,2017-12-02,"Shere Bangla National Stadium, Mirpur",1,14.6,Rangpur Riders,Comilla Victorians,I Udana,Sohag Gazi,Mohammad Saifuddin,2,0,,,,,,,,,
1121279,2017/18,2017-12-02,"Shere Bangla National Stadium, Mirpur",1,15.1,Rangpur Riders,Comilla Victorians,Sohag Gazi,I Udana,Hasan Ali,0,1,1,,,,,,,,
1121279,2017/18,2017-12-02,"Shere Bangla National Stadium, Mirpur",1,15.2,Rangpur Riders,Comilla Victorians,Sohag Gazi,I Udana,Hasan Ali,0,0,,,,,,,,,
1121279,2017/18,2017-12-02,"Shere Bangla National Stadium, Mirpur",1,15.3,Rangpur Riders,Comilla Victorians,Sohag Gazi,I Udana,Hasan Ali,0,0,,,,,,,,,
1121279,2017/18,2017-12-02,"Shere Bangla National Stadium, Mirpur",1,15.4,Rangpur Riders,Comilla Victorians,Sohag Gazi,I Udana,Hasan Ali,0,0,,,,,,,,,
1121279,2017/18,2017-12-02,"Shere Bangla National Stadium, Mirpur",1,15.5,Rangpur Riders,Comilla Victorians,Sohag Gazi,I Udana,Hasan Ali,2,0,,,,,,,,,
1121279,2017/18,2017-12-02,"Shere Bangla National Stadium, Mirpur",1,15.6,Rangpur Riders,Comilla Victorians,Sohag Gazi,I Udana,Hasan Ali,2,0,,,,,,,,,
1121279,2017/18,2017-12-02,"Shere Bangla National Stadium, Mirpur",1,15.7,Rangpur Riders,Comilla Victorians,Sohag Gazi,I Udana,Hasan Ali,1,0,,,,,,,,,
1121279,2017/18,2017-12-02,"Shere Bangla National Stadium, Mirpur",1,16.1,Rangpur Riders,Comilla Victorians,Sohag Gazi,I Udana,Mohammad Saifuddin,4,0,,,,,,,,,
1121279,2017/18,2017-12-02,"Shere Bangla National Stadium, Mirpur",1,16.2,Rangpur Riders,Comilla Victorians,Sohag Gazi,I Udana,Mohammad Saifuddin,0,0,,,,,,bowled,Sohag Gazi,,
1121279,2017/18,2017-12-02,"Shere Bangla National Stadium, Mirpur",1,16.3,Rangpur Riders,Comilla Victorians,Nazmul Islam,I Udana,Mohammad Saifuddin,1,0,,,,,,,,,
1121279,2017/18,2017-12-02,"Shere Bangla National Stadium, Mirpur",1,16.4,Rangpur Riders,Comilla Victorians,I Udana,Nazmul Islam,Mohammad Saifuddin,3,0,,,,,,,,,
1121279,2017/18,2017-12-02,"Shere Bangla National Stadium, Mirpur",1,16.5,Rangpur Riders,Comilla Victorians,Nazmul Islam,I Udana,Mohammad Saifuddin,0,0,,,,,,,,,
1121279,2017/18,2017-12-02,"Shere Bangla National Stadium, Mirpur",1,16.6,Rangpur Riders,Comilla Victorians,Nazmul Islam,I Udana,Mohammad Saifuddin,0,0,,,,,,,,,
1121279,2017/18,2017-12-02,"Shere Bangla National Stadium, Mirpur",1,17.1,Rangpur Riders,Comilla Victorians,I Udana,Nazmul Islam,Al-Amin Hossain,0,0,,,,,,bowled,I Udana,,
1121279,2017/18,2017-12-02,"Shere Bangla National Stadium, Mirpur",2,0.1,Comilla Victorians,Rangpur Riders,Tamim Iqbal,Liton Das,Sohag Gazi,0,4,,,4,,,,,,
1121279,2017/18,2017-12-02,"Shere Bangla National Stadium, Mirpur",2,0.2,Comilla Victorians,Rangpur Riders,Tamim Iqbal,Liton Das,Sohag Gazi,6,0,,,,,,,,,
1121279,2017/18,2017-12-02,"Shere Bangla National Stadium, Mirpur",2,0.3,Comilla Victorians,Rangpur Riders,Tamim Iqbal,Liton Das,Sohag Gazi,0,0,,,,,,,,,
1121279,2017/18,2017-12-02,"Shere Bangla National Stadium, Mirpur",2,0.4,Comilla Victorians,Rangpur Riders,Tamim Iqbal,Liton Das,Sohag Gazi,0,0,,,,,,,,,
1121279,2017/18,2017-12-02,"Shere Bangla National Stadium, Mirpur",2,0.5,Comilla Victorians,Rangpur Riders,Tamim Iqbal,Liton Das,Sohag Gazi,0,0,,,,,,,,,
1121279,2017/18,2017-12-02,"Shere Bangla National Stadium, Mirpur",2,0.6,Comilla Victorians,Rangpur Riders,Tamim Iqbal,Liton Das,Sohag Gazi,0,0,,,,,,,,,
1121279,2017/18,2017-12-02,"Shere Bangla National Stadium, Mirpur",2,1.1,Comilla Victorians,Rangpur Riders,Liton Das,Tamim Iqbal,Mashrafe Mortaza,1,0,,,,,,,,,
1121279,2017/18,2017-12-02,"Shere Bangla National Stadium, Mirpur",2,1.2,Comilla Victorians,Rangpur Riders,Tamim Iqbal,Liton Das,Mashrafe Mortaza,0,0,,,,,,,,,
1121279,2017/18,2017-12-02,"Shere Bangla National Stadium, Mirpur",2,1.3,Comilla Victorians,Rangpur Riders,Tamim Iqbal,Liton Das,Mashrafe Mortaza,0,0,,,,,,,,,
1121279,2017/18,2017-12-02,"Shere Bangla National Stadium, Mirpur",2,1.4,Comilla Victorians,Rangpur Riders,Tamim Iqbal,Liton Das,Mashrafe Mortaza,0,0,,,,,,,,,
1121279,2017/18,2017-12-02,"Shere Bangla National Stadium, Mirpur",2,1.5,Comilla Victorians,Rangpur Riders,Tamim Iqbal,Liton Das,Mashrafe Mortaza,0,4,,,4,,,,,,
1121279,2017/18,2017-12-02,"Shere Bangla National Stadium, Mirpur",2,1.6,Comilla Victorians,Rangpur Riders,Tamim Iqbal,Liton Das,Mashrafe Mortaza,4,0,,,,,,,,,
1121279,2017/18,2017-12-02,"Shere Bangla National Stadium, Mirpur",2,2.1,Comilla Victorians,Rangpur Riders,Liton Das,Tamim Iqbal,Sohag Gazi,0,0,,,,,,,,,
1121279,2017/18,2017-12-02,"Shere Bangla National Stadium, Mirpur",2,2.2,Comilla Victorians,Rangpur Riders,Liton Das,Tamim Iqbal,Sohag Gazi,0,0,,,,,,,,,
1121279,2017/18,2017-12-02,"Shere Bangla National Stadium, Mirpur",2,2.3,Comilla Victorians,Rangpur Riders,Liton Das,Tamim Iqbal,Sohag Gazi,1,0,,,,,,,,,
1121279,2017/18,2017-12-02,"Shere Bangla National Stadium, Mirpur",2,2.4,Comilla Victorians,Rangpur Riders,Tamim Iqbal,Liton Das,Sohag Gazi,0,0,,,,,,,,,
1121279,2017/18,2017-12-02,"Shere Bangla National Stadium, Mirpur",2,2.5,Comilla Victorians,Rangpur Riders,Tamim Iqbal,Liton Das,Sohag Gazi,1,0,,,,,,,,,
1121279,2017/18,2017-12-02,"Shere Bangla National Stadium, Mirpur",2,2.6,Comilla Victorians,Rangpur Riders,Liton Das,Tamim Iqbal,Sohag Gazi,1,0,,,,,,,,,
1121279,2017/18,2017-12-02,"Shere Bangla National Stadium, Mirpur",2,3.1,Comilla Victorians,Rangpur Riders,Liton Das,Tamim Iqbal,Mashrafe Mortaza,0,0,,,,,,,,,
1121279,2017/18,2017-12-02,"Shere Bangla National Stadium, Mirpur",2,3.2,Comilla Victorians,Rangpur Riders,Liton Das,Tamim Iqbal,Mashrafe Mortaza,0,0,,,,,,caught,Liton Das,,
1121279,2017/18,2017-12-02,"Shere Bangla National Stadium, Mirpur",2,3.3,Comilla Victorians,Rangpur Riders,Tamim Iqbal,Imrul Kayes,Mashrafe Mortaza,4,0,,,,,,,,,
1121279,2017/18,2017-12-02,"Shere Bangla National Stadium, Mirpur",2,3.4,Comilla Victorians,Rangpur Riders,Tamim Iqbal,Imrul Kayes,Mashrafe Mortaza,0,0,,,,,,,,,
1121279,2017/18,2017-12-02,"Shere Bangla National Stadium, Mirpur",2,3.5,Comilla Victorians,Rangpur Riders,Tamim Iqbal,Imrul Kayes,Mashrafe Mortaza,1,0,,,,,,,,,
1121279,2017/18,2017-12-02,"Shere Bangla National Stadium, Mirpur",2,3.6,Comilla Victorians,Rangpur Riders,Imrul Kayes,Tamim Iqbal,Mashrafe Mortaza,0,0,,,,,,,,,
1121279,2017/18,2017-12-02,"Shere Bangla National Stadium, Mirpur",2,4.1,Comilla Victorians,Rangpur Riders,Tamim Iqbal,Imrul Kayes,Sohag Gazi,0,0,,,,,,,,,
1121279,2017/18,2017-12-02,"Shere Bangla National Stadium, Mirpur",2,4.2,Comilla Victorians,Rangpur Riders,Tamim Iqbal,Imrul Kayes,Sohag Gazi,1,0,,,,,,,,,
1121279,2017/18,2017-12-02,"Shere Bangla National Stadium, Mirpur",2,4.3,Comilla Victorians,Rangpur Riders,Imrul Kayes,Tamim Iqbal,Sohag Gazi,0,0,,,,,,,,,
1121279,2017/18,2017-12-02,"Shere Bangla National Stadium, Mirpur",2,4.4,Comilla Victorians,Rangpur Riders,Imrul Kayes,Tamim Iqbal,Sohag Gazi,0,0,,,,,,,,,
1121279,2017/18,2017-12-02,"Shere Bangla National Stadium, Mirpur",2,4.5,Comilla Victorians,Rangpur Riders,Imrul Kayes,Tamim Iqbal,Sohag Gazi,0,0,,,,,,,,,
1121279,2017/18,2017-12-02,"Shere Bangla National Stadium, Mirpur",2,4.6,Comilla Victorians,Rangpur Riders,Imrul Kayes,Tamim Iqbal,Sohag Gazi,1,0,,,,,,,,,
1121279,2017/18,2017-12-02,"Shere Bangla National Stadium, Mirpur",2,5.1,Comilla Victorians,Rangpur Riders,Imrul Kayes,Tamim Iqbal,I Udana,0,0,,,,,,,,,
1121279,2017/18,2017-12-02,"Shere Bangla National Stadium, Mirpur",2,5.2,Comilla Victorians,Rangpur Riders,Imrul Kayes,Tamim Iqbal,I Udana,0,0,,,,,,,,,
1121279,2017/18,2017-12-02,"Shere Bangla National Stadium, Mirpur",2,5.3,Comilla Victorians,Rangpur Riders,Imrul Kayes,Tamim Iqbal,I Udana,0,0,,,,,,,,,
1121279,2017/18,2017-12-02,"Shere Bangla National Stadium, Mirpur",2,5.4,Comilla Victorians,Rangpur Riders,Imrul Kayes,Tamim Iqbal,I Udana,0,0,,,,,,,,,
1121279,2017/18,2017-12-02,"Shere Bangla National Stadium, Mirpur",2,5.5,Comilla Victorians,Rangpur Riders,Imrul Kayes,Tamim Iqbal,I Udana,1,0,,,,,,,,,
1121279,2017/18,2017-12-02,"Shere Bangla National Stadium, Mirpur",2,5.6,Comilla Victorians,Rangpur Riders,Tamim Iqbal,Imrul Kayes,I Udana,1,0,,,,,,,,,
1121279,2017/18,2017-12-02,"Shere Bangla National Stadium, Mirpur",2,6.1,Comilla Victorians,Rangpur Riders,Tamim Iqbal,Imrul Kayes,Sohag Gazi,0,0,,,,,,,,,
1121279,2017/18,2017-12-02,"Shere Bangla National Stadium, Mirpur",2,6.2,Comilla Victorians,Rangpur Riders,Tamim Iqbal,Imrul Kayes,Sohag Gazi,4,0,,,,,,,,,
1121279,2017/18,2017-12-02,"Shere Bangla National Stadium, Mirpur",2,6.3,Comilla Victorians,Rangpur Riders,Tamim Iqbal,Imrul Kayes,Sohag Gazi,0,0,,,,,,caught,Tamim Iqbal,,
1121279,2017/18,2017-12-02,"Shere Bangla National Stadium, Mirpur",2,6.4,Comilla Victorians,Rangpur Riders,JC Buttler,Imrul Kayes,Sohag Gazi,0,0,,,,,,,,,
1121279,2017/18,2017-12-02,"Shere Bangla National Stadium, Mirpur",2,6.5,Comilla Victorians,Rangpur Riders,JC Buttler,Imrul Kayes,Sohag Gazi,0,0,,,,,,,,,
1121279,2017/18,2017-12-02,"Shere Bangla National Stadium, Mirpur",2,6.6,Comilla Victorians,Rangpur Riders,JC Buttler,Imrul Kayes,Sohag Gazi,0,0,,,,,,,,,
1121279,2017/18,2017-12-02,"Shere Bangla National Stadium, Mirpur",2,7.1,Comilla Victorians,Rangpur Riders,Imrul Kayes,JC Buttler,RS Bopara,4,0,,,,,,,,,
1121279,2017/18,2017-12-02,"Shere Bangla National Stadium, Mirpur",2,7.2,Comilla Victorians,Rangpur Riders,Imrul Kayes,JC Buttler,RS Bopara,1,0,,,,,,,,,
1121279,2017/18,2017-12-02,"Shere Bangla National Stadium, Mirpur",2,7.3,Comilla Victorians,Rangpur Riders,JC Buttler,Imrul Kayes,RS Bopara,0,0,,,,,,,,,
1121279,2017/18,2017-12-02,"Shere Bangla National Stadium, Mirpur",2,7.4,Comilla Victorians,Rangpur Riders,JC Buttler,Imrul Kayes,RS Bopara,1,0,,,,,,,,,
1121279,2017/18,2017-12-02,"Shere Bangla National Stadium, Mirpur",2,7.5,Comilla Victorians,Rangpur Riders,Imrul Kayes,JC Buttler,RS Bopara,1,0,,,,,,,,,
1121279,2017/18,2017-12-02,"Shere Bangla National Stadium, Mirpur",2,7.6,Comilla Victorians,Rangpur Riders,JC Buttler,Imrul Kayes,RS Bopara,4,0,,,,,,,,,
1121279,2017/18,2017-12-02,"Shere Bangla National Stadium, Mirpur",2,8.1,Comilla Victorians,Rangpur Riders,Imrul Kayes,JC Buttler,Nazmul Islam,1,0,,,,,,,,,
1121279,2017/18,2017-12-02,"Shere Bangla National Stadium, Mirpur",2,8.2,Comilla Victorians,Rangpur Riders,JC Buttler,Imrul Kayes,Nazmul Islam,0,0,,,,,,,,,
1121279,2017/18,2017-12-02,"Shere Bangla National Stadium, Mirpur",2,8.3,Comilla Victorians,Rangpur Riders,JC Buttler,Imrul Kayes,Nazmul Islam,0,0,,,,,,,,,
1121279,2017/18,2017-12-02,"Shere Bangla National Stadium, Mirpur",2,8.4,Comilla Victorians,Rangpur Riders,JC Buttler,Imrul Kayes,Nazmul Islam,0,0,,,,,,stumped,JC Buttler,,
1121279,2017/18,2017-12-02,"Shere Bangla National Stadium, Mirpur",2,8.5,Comilla Victorians,Rangpur Riders,Shoaib Malik,Imrul Kayes,Nazmul Islam,0,0,,,,,,,,,
1121279,2017/18,2017-12-02,"Shere Bangla National Stadium, Mirpur",2,8.6,Comilla Victorians,Rangpur Riders,Shoaib Malik,Imrul Kayes,Nazmul Islam,2,0,,,,,,,,,
1121279,2017/18,2017-12-02,"Shere Bangla National Stadium, Mirpur",2,9.1,Comilla Victorians,Rangpur Riders,Imrul Kayes,Shoaib Malik,Nahidul Islam,0,0,,,,,,,,,
1121279,2017/18,2017-12-02,"Shere Bangla National Stadium, Mirpur",2,9.2,Comilla Victorians,Rangpur Riders,Imrul Kayes,Shoaib Malik,Nahidul Islam,0,0,,,,,,,,,
1121279,2017/18,2017-12-02,"Shere Bangla National Stadium, Mirpur",2,9.3,Comilla Victorians,Rangpur Riders,Imrul Kayes,Shoaib Malik,Nahidul Islam,1,0,,,,,,,,,
1121279,2017/18,2017-12-02,"Shere Bangla National Stadium, Mirpur",2,9.4,Comilla Victorians,Rangpur Riders,Shoaib Malik,Imrul Kayes,Nahidul Islam,0,0,,,,,,,,,
1121279,2017/18,2017-12-02,"Shere Bangla National Stadium, Mirpur",2,9.5,Comilla Victorians,Rangpur Riders,Shoaib Malik,Imrul Kayes,Nahidul Islam,1,0,,,,,,,,,
1121279,2017/18,2017-12-02,"Shere Bangla National Stadium, Mirpur",2,9.6,Comilla Victorians,Rangpur Riders,Imrul Kayes,Shoaib Malik,Nahidul Islam,0,0,,,,,,,,,
1121279,2017/18,2017-12-02,"Shere Bangla National Stadium, Mirpur",2,10.1,Comilla Victorians,Rangpur Riders,Shoaib Malik,Imrul Kayes,Nazmul Islam,0,0,,,,,,,,,
1121279,2017/18,2017-12-02,"Shere Bangla National Stadium, Mirpur",2,10.2,Comilla Victorians,Rangpur Riders,Shoaib Malik,Imrul Kayes,Nazmul Islam,0,0,,,,,,,,,
1121279,2017/18,2017-12-02,"Shere Bangla National Stadium, Mirpur",2,10.3,Comilla Victorians,Rangpur Riders,Shoaib Malik,Imrul Kayes,Nazmul Islam,4,0,,,,,,,,,
1121279,2017/18,2017-12-02,"Shere Bangla National Stadium, Mirpur",2,10.4,Comilla Victorians,Rangpur Riders,Shoaib Malik,Imrul Kayes,Nazmul Islam,0,0,,,,,,,,,
1121279,2017/18,2017-12-02,"Shere Bangla National Stadium, Mirpur",2,10.5,Comilla Victorians,Rangpur Riders,Shoaib Malik,Imrul Kayes,Nazmul Islam,0,0,,,,,,,,,
1121279,2017/18,2017-12-02,"Shere Bangla National Stadium, Mirpur",2,10.6,Comilla Victorians,Rangpur Riders,Shoaib Malik,Imrul Kayes,Nazmul Islam,0,0,,,,,,,,,
1121279,2017/18,2017-12-02,"Shere Bangla National Stadium, Mirpur",2,11.1,Comilla Victorians,Rangpur Riders,Imrul Kayes,Shoaib Malik,Nahidul Islam,0,0,,,,,,,,,
1121279,2017/18,2017-12-02,"Shere Bangla National Stadium, Mirpur",2,11.2,Comilla Victorians,Rangpur Riders,Imrul Kayes,Shoaib Malik,Nahidul Islam,0,0,,,,,,,,,
1121279,2017/18,2017-12-02,"Shere Bangla National Stadium, Mirpur",2,11.3,Comilla Victorians,Rangpur Riders,Imrul Kayes,Shoaib Malik,Nahidul Islam,0,0,,,,,,,,,
1121279,2017/18,2017-12-02,"Shere Bangla National Stadium, Mirpur",2,11.4,Comilla Victorians,Rangpur Riders,Imrul Kayes,Shoaib Malik,Nahidul Islam,1,0,,,,,,,,,
1121279,2017/18,2017-12-02,"Shere Bangla National Stadium, Mirpur",2,11.5,Comilla Victorians,Rangpur Riders,Shoaib Malik,Imrul Kayes,Nahidul Islam,1,0,,,,,,,,,
1121279,2017/18,2017-12-02,"Shere Bangla National Stadium, Mirpur",2,11.6,Comilla Victorians,Rangpur Riders,Imrul Kayes,Shoaib Malik,Nahidul Islam,0,0,,,,,,,,,
1121279,2017/18,2017-12-02,"Shere Bangla National Stadium, Mirpur",2,12.1,Comilla Victorians,Rangpur Riders,Shoaib Malik,Imrul Kayes,Nazmul Islam,0,0,,,,,,,,,
1121279,2017/18,2017-12-02,"Shere Bangla National Stadium, Mirpur",2,12.2,Comilla Victorians,Rangpur Riders,Shoaib Malik,Imrul Kayes,Nazmul Islam,0,0,,,,,,,,,
1121279,2017/18,2017-12-02,"Shere Bangla National Stadium, Mirpur",2,12.3,Comilla Victorians,Rangpur Riders,Shoaib Malik,Imrul Kayes,Nazmul Islam,0,0,,,,,,,,,
1121279,2017/18,2017-12-02,"Shere Bangla National Stadium, Mirpur",2,12.4,Comilla Victorians,Rangpur Riders,Shoaib Malik,Imrul Kayes,Nazmul Islam,0,0,,,,,,,,,
1121279,2017/18,2017-12-02,"Shere Bangla National Stadium, Mirpur",2,12.5,Comilla Victorians,Rangpur Riders,Shoaib Malik,Imrul Kayes,Nazmul Islam,4,0,,,,,,,,,
1121279,2017/18,2017-12-02,"Shere Bangla National Stadium, Mirpur",2,12.6,Comilla Victorians,Rangpur Riders,Shoaib Malik,Imrul Kayes,Nazmul Islam,6,0,,,,,,,,,
1121279,2017/18,2017-12-02,"Shere Bangla National Stadium, Mirpur",2,13.1,Comilla Victorians,Rangpur Riders,Imrul Kayes,Shoaib Malik,Mashrafe Mortaza,2,0,,,,,,,,,
1121279,2017/18,2017-12-02,"Shere Bangla National Stadium, Mirpur",2,13.2,Comilla Victorians,Rangpur Riders,Imrul Kayes,Shoaib Malik,Mashrafe Mortaza,1,0,,,,,,,,,
1121279,2017/18,2017-12-02,"Shere Bangla National Stadium, Mirpur",2,13.3,Comilla Victorians,Rangpur Riders,Shoaib Malik,Imrul Kayes,Mashrafe Mortaza,1,0,,,,,,,,,
1121279,2017/18,2017-12-02,"Shere Bangla National Stadium, Mirpur",2,13.4,Comilla Victorians,Rangpur Riders,Imrul Kayes,Shoaib Malik,Mashrafe Mortaza,0,0,,,,,,caught,Imrul Kayes,,
1121279,2017/18,2017-12-02,"Shere Bangla National Stadium, Mirpur",2,13.5,Comilla Victorians,Rangpur Riders,MN Samuels,Shoaib Malik,Mashrafe Mortaza,1,0,,,,,,,,,
1121279,2017/18,2017-12-02,"Shere Bangla National Stadium, Mirpur",2,13.6,Comilla Victorians,Rangpur Riders,Shoaib Malik,MN Samuels,Mashrafe Mortaza,1,0,,,,,,,,,
1121279,2017/18,2017-12-02,"Shere Bangla National Stadium, Mirpur",2,14.1,Comilla Victorians,Rangpur Riders,Shoaib Malik,MN Samuels,Nazmul Islam,0,0,,,,,,,,,
1121279,2017/18,2017-12-02,"Shere Bangla National Stadium, Mirpur",2,14.2,Comilla Victorians,Rangpur Riders,Shoaib Malik,MN Samuels,Nazmul Islam,0,0,,,,,,,,,
1121279,2017/18,2017-12-02,"Shere Bangla National Stadium, Mirpur",2,14.3,Comilla Victorians,Rangpur Riders,Shoaib Malik,MN Samuels,Nazmul Islam,0,0,,,,,,,,,
1121279,2017/18,2017-12-02,"Shere Bangla National Stadium, Mirpur",2,14.4,Comilla Victorians,Rangpur Riders,Shoaib Malik,MN Samuels,Nazmul Islam,0,0,,,,,,,,,
1121279,2017/18,2017-12-02,"Shere Bangla National Stadium, Mirpur",2,14.5,Comilla Victorians,Rangpur Riders,Shoaib Malik,MN Samuels,Nazmul Islam,0,0,,,,,,bowled,Shoaib Malik,,
1121279,2017/18,2017-12-02,"Shere Bangla National Stadium, Mirpur",2,14.6,Comilla Victorians,Rangpur Riders,Mohammad Saifuddin,MN Samuels,Nazmul Islam,0,0,,,,,,,,,
1121279,2017/18,2017-12-02,"Shere Bangla National Stadium, Mirpur",2,15.1,Comilla Victorians,Rangpur Riders,MN Samuels,Mohammad Saifuddin,I Udana,1,0,,,,,,,,,
1121279,2017/18,2017-12-02,"Shere Bangla National Stadium, Mirpur",2,15.2,Comilla Victorians,Rangpur Riders,Mohammad Saifuddin,MN Samuels,I Udana,1,0,,,,,,,,,
1121279,2017/18,2017-12-02,"Shere Bangla National Stadium, Mirpur",2,15.3,Comilla Victorians,Rangpur Riders,MN Samuels,Mohammad Saifuddin,I Udana,1,0,,,,,,,,,
1121279,2017/18,2017-12-02,"Shere Bangla National Stadium, Mirpur",2,15.4,Comilla Victorians,Rangpur Riders,Mohammad Saifuddin,MN Samuels,I Udana,1,0,,,,,,,,,
1121279,2017/18,2017-12-02,"Shere Bangla National Stadium, Mirpur",2,15.5,Comilla Victorians,Rangpur Riders,MN Samuels,Mohammad Saifuddin,I Udana,1,0,,,,,,,,,
1121279,2017/18,2017-12-02,"Shere Bangla National Stadium, Mirpur",2,15.6,Comilla Victorians,Rangpur Riders,Mohammad Saifuddin,MN Samuels,I Udana,0,0,,,,,,,,,
1121279,2017/18,2017-12-02,"Shere Bangla National Stadium, Mirpur",2,16.1,Comilla Victorians,Rangpur Riders,MN Samuels,Mohammad Saifuddin,Nahidul Islam,1,0,,,,,,,,,
1121279,2017/18,2017-12-02,"Shere Bangla National Stadium, Mirpur",2,16.2,Comilla Victorians,Rangpur Riders,Mohammad Saifuddin,MN Samuels,Nahidul Islam,1,0,,,,,,,,,
1121279,2017/18,2017-12-02,"Shere Bangla National Stadium, Mirpur",2,16.3,Comilla Victorians,Rangpur Riders,MN Samuels,Mohammad Saifuddin,Nahidul Islam,0,0,,,,,,,,,
1121279,2017/18,2017-12-02,"Shere Bangla National Stadium, Mirpur",2,16.4,Comilla Victorians,Rangpur Riders,MN Samuels,Mohammad Saifuddin,Nahidul Islam,0,0,,,,,,,,,
1121279,2017/18,2017-12-02,"Shere Bangla National Stadium, Mirpur",2,16.5,Comilla Victorians,Rangpur Riders,MN Samuels,Mohammad Saifuddin,Nahidul Islam,0,0,,,,,,,,,
1121279,2017/18,2017-12-02,"Shere Bangla National Stadium, Mirpur",2,16.6,Comilla Victorians,Rangpur Riders,MN Samuels,Mohammad Saifuddin,Nahidul Islam,1,0,,,,,,,,,
1121279,2017/18,2017-12-02,"Shere Bangla National Stadium, Mirpur",2,17.1,Comilla Victorians,Rangpur Riders,MN Samuels,Mohammad Saifuddin,I Udana,0,0,,,,,,,,,
1121279,2017/18,2017-12-02,"Shere Bangla National Stadium, Mirpur",2,17.2,Comilla Victorians,Rangpur Riders,MN Samuels,Mohammad Saifuddin,I Udana,4,0,,,,,,,,,
1121279,2017/18,2017-12-02,"Shere Bangla National Stadium, Mirpur",2,17.3,Comilla Victorians,Rangpur Riders,MN Samuels,Mohammad Saifuddin,I Udana,0,0,,,,,,,,,
1121279,2017/18,2017-12-02,"Shere Bangla National Stadium, Mirpur",2,17.4,Comilla Victorians,Rangpur Riders,MN Samuels,Mohammad Saifuddin,I Udana,1,0,,,,,,,,,
1121279,2017/18,2017-12-02,"Shere Bangla National Stadium, Mirpur",2,17.5,Comilla Victorians,Rangpur Riders,Mohammad Saifuddin,MN Samuels,I Udana,0,0,,,,,,,,,
1121279,2017/18,2017-12-02,"Shere Bangla National Stadium, Mirpur",2,17.6,Comilla Victorians,Rangpur Riders,Mohammad Saifuddin,MN Samuels,I Udana,0,1,1,,,,,,,,
1121279,2017/18,2017-12-02,"Shere Bangla National Stadium, Mirpur",2,17.7,Comilla Victorians,Rangpur Riders,Mohammad Saifuddin,MN Samuels,I Udana,1,0,,,,,,,,,
1121279,2017/18,2017-12-02,"Shere Bangla National Stadium, Mirpur",2,18.1,Comilla Victorians,Rangpur Riders,Mohammad Saifuddin,MN Samuels,Mashrafe Mortaza,1,0,,,,,,,,,
1121279,2017/18,2017-12-02,"Shere Bangla National Stadium, Mirpur",2,18.2,Comilla Victorians,Rangpur Riders,MN Samuels,Mohammad Saifuddin,Mashrafe Mortaza,0,0,,,,,,,,,
1121279,2017/18,2017-12-02,"Shere Bangla National Stadium, Mirpur",2,18.3,Comilla Victorians,Rangpur Riders,MN Samuels,Mohammad Saifuddin,Mashrafe Mortaza,1,0,,,,,,,,,
1121279,2017/18,2017-12-02,"Shere Bangla National Stadium, Mirpur",2,18.4,Comilla Victorians,Rangpur Riders,Mohammad Saifuddin,MN Samuels,Mashrafe Mortaza,0,0,,,,,,,,,
1121279,2017/18,2017-12-02,"Shere Bangla National Stadium, Mirpur",2,18.5,Comilla Victorians,Rangpur Riders,Mohammad Saifuddin,MN Samuels,Mashrafe Mortaza,0,0,,,,,,caught,Mohammad Saifuddin,,
1121279,2017/18,2017-12-02,"Shere Bangla National Stadium, Mirpur",2,18.6,Comilla Victorians,Rangpur Riders,Hasan Ali,MN Samuels,Mashrafe Mortaza,6,0,,,,,,,,,
1121279,2017/18,2017-12-02,"Shere Bangla National Stadium, Mirpur",2,19.1,Comilla Victorians,Rangpur Riders,MN Samuels,Hasan Ali,I Udana,0,0,,,,,,,,,
1121279,2017/18,2017-12-02,"Shere Bangla National Stadium, Mirpur",2,19.2,Comilla Victorians,Rangpur Riders,MN Samuels,Hasan Ali,I Udana,0,0,,,,,,,,,
1121279,2017/18,2017-12-02,"Shere Bangla National Stadium, Mirpur",2,19.3,Comilla Victorians,Rangpur Riders,MN Samuels,Hasan Ali,I Udana,4,0,,,,,,,,,
