match_id,season,start_date,venue,innings,ball,batting_team,bowling_team,striker,non_striker,bowler,runs_off_bat,extras,wides,noballs,byes,legbyes,penalty,wicket_type,player_dismissed,other_wicket_type,other_player_dismissed
1121245,2017/18,2017-11-04,Sylhet International Cricket Stadium,1,0.1,Dhaka Dynamites,Sylhet Sixers,Mehedi Maruf,E Lewis,Nasir Hossain,0,1,,,,1,,,,,
1121245,2017/18,2017-11-04,Sylhet International Cricket Stadium,1,0.2,Dhaka Dynamites,Sylhet Sixers,E Lewis,Mehedi Maruf,Nasir Hossain,0,0,,,,,,,,,
1121245,2017/18,2017-11-04,Sylhet International Cricket Stadium,1,0.3,Dhaka Dynamites,Sylhet Sixers,E Lewis,Mehedi Maruf,Nasir Hossain,0,0,,,,,,,,,
1121245,2017/18,2017-11-04,Sylhet International Cricket Stadium,1,0.4,Dhaka Dynamites,Sylhet Sixers,E Lewis,Mehedi Maruf,Nasir Hossain,1,0,,,,,,,,,
1121245,2017/18,2017-11-04,Sylhet International Cricket Stadium,1,0.5,Dhaka Dynamites,Sylhet Sixers,Mehedi Maruf,E Lewis,Nasir Hossain,0,0,,,,,,,,,
1121245,2017/18,2017-11-04,Sylhet International Cricket Stadium,1,0.6,Dhaka Dynamites,Sylhet Sixers,Mehedi Maruf,E Lewis,Nasir Hossain,0,0,,,,,,caught,Mehedi Maruf,,
1121245,2017/18,2017-11-04,Sylhet International Cricket Stadium,1,1.1,Dhaka Dynamites,Sylhet Sixers,E Lewis,KC Sangakkara,Shuvagata Hom,0,0,,,,,,,,,
1121245,2017/18,2017-11-04,Sylhet International Cricket Stadium,1,1.2,Dhaka Dynamites,Sylhet Sixers,E Lewis,KC Sangakkara,Shuvagata Hom,4,0,,,,,,,,,
1121245,2017/18,2017-11-04,Sylhet International Cricket Stadium,1,1.3,Dhaka Dynamites,Sylhet Sixers,E Lewis,KC Sangakkara,Shuvagata Hom,0,1,1,,,,,,,,
1121245,2017/18,2017-11-04,Sylhet International Cricket Stadium,1,1.4,Dhaka Dynamites,Sylhet Sixers,E Lewis,KC Sangakkara,Shuvagata Hom,0,0,,,,,,,,,
1121245,2017/18,2017-11-04,Sylhet International Cricket Stadium,1,1.5,Dhaka Dynamites,Sylhet Sixers,E Lewis,KC Sangakkara,Shuvagata Hom,0,0,,,,,,,,,
1121245,2017/18,2017-11-04,Sylhet International Cricket Stadium,1,1.6,Dhaka Dynamites,Sylhet Sixers,E Lewis,KC Sangakkara,Shuvagata Hom,1,0,,,,,,,,,
1121245,2017/18,2017-11-04,Sylhet International Cricket Stadium,1,1.7,Dhaka Dynamites,Sylhet Sixers,KC Sangakkara,E Lewis,Shuvagata Hom,0,0,,,,,,,,,
1121245,2017/18,2017-11-04,Sylhet International Cricket Stadium,1,2.1,Dhaka Dynamites,Sylhet Sixers,E Lewis,KC Sangakkara,Nasir Hossain,1,0,,,,,,,,,
1121245,2017/18,2017-11-04,Sylhet International Cricket Stadium,1,2.2,Dhaka Dynamites,Sylhet Sixers,KC Sangakkara,E Lewis,Nasir Hossain,0,0,,,,,,,,,
1121245,2017/18,2017-11-04,Sylhet International Cricket Stadium,1,2.3,Dhaka Dynamites,Sylhet Sixers,KC Sangakkara,E Lewis,Nasir Hossain,0,0,,,,,,,,,
1121245,2017/18,2017-11-04,Sylhet International Cricket Stadium,1,2.4,Dhaka Dynamites,Sylhet Sixers,KC Sangakkara,E Lewis,Nasir Hossain,6,0,,,,,,,,,
1121245,2017/18,2017-11-04,Sylhet International Cricket Stadium,1,2.5,Dhaka Dynamites,Sylhet Sixers,KC Sangakkara,E Lewis,Nasir Hossain,0,0,,,,,,,,,
1121245,2017/18,2017-11-04,Sylhet International Cricket Stadium,1,2.6,Dhaka Dynamites,Sylhet Sixers,KC Sangakkara,E Lewis,Nasir Hossain,0,0,,,,,,,,,
1121245,2017/18,2017-11-04,Sylhet International Cricket Stadium,1,3.1,Dhaka Dynamites,Sylhet Sixers,E Lewis,KC Sangakkara,Shuvagata Hom,0,0,,,,,,,,,
1121245,2017/18,2017-11-04,Sylhet International Cricket Stadium,1,3.2,Dhaka Dynamites,Sylhet Sixers,E Lewis,KC Sangakkara,Shuvagata Hom,4,0,,,,,,,,,
1121245,2017/18,2017-11-04,Sylhet International Cricket Stadium,1,3.3,Dhaka Dynamites,Sylhet Sixers,E Lewis,KC Sangakkara,Shuvagata Hom,0,0,,,,,,,,,
1121245,2017/18,2017-11-04,Sylhet International Cricket Stadium,1,3.4,Dhaka Dynamites,Sylhet Sixers,E Lewis,KC Sangakkara,Shuvagata Hom,1,0,,,,,,,,,
1121245,2017/18,2017-11-04,Sylhet International Cricket Stadium,1,3.5,Dhaka Dynamites,Sylhet Sixers,KC Sangakkara,E Lewis,Shuvagata Hom,1,0,,,,,,,,,
1121245,2017/18,2017-11-04,Sylhet International Cricket Stadium,1,3.6,Dhaka Dynamites,Sylhet Sixers,E Lewis,KC Sangakkara,Shuvagata Hom,4,0,,,,,,,,,
1121245,2017/18,2017-11-04,Sylhet International Cricket Stadium,1,4.1,Dhaka Dynamites,Sylhet Sixers,KC Sangakkara,E Lewis,K Santokie,4,0,,,,,,,,,
1121245,2017/18,2017-11-04,Sylhet International Cricket Stadium,1,4.2,Dhaka Dynamites,Sylhet Sixers,KC Sangakkara,E Lewis,K Santokie,4,0,,,,,,,,,
1121245,2017/18,2017-11-04,Sylhet International Cricket Stadium,1,4.3,Dhaka Dynamites,Sylhet Sixers,KC Sangakkara,E Lewis,K Santokie,0,0,,,,,,,,,
1121245,2017/18,2017-11-04,Sylhet International Cricket Stadium,1,4.4,Dhaka Dynamites,Sylhet Sixers,KC Sangakkara,E Lewis,K Santokie,0,1,1,,,,,,,,
1121245,2017/18,2017-11-04,Sylhet International Cricket Stadium,1,4.5,Dhaka Dynamites,Sylhet Sixers,KC Sangakkara,E Lewis,K Santokie,1,0,,,,,,,,,
1121245,2017/18,2017-11-04,Sylhet International Cricket Stadium,1,4.6,Dhaka Dynamites,Sylhet Sixers,E Lewis,KC Sangakkara,K Santokie,1,0,,,,,,,,,
1121245,2017/18,2017-11-04,Sylhet International Cricket Stadium,1,4.7,Dhaka Dynamites,Sylhet Sixers,KC Sangakkara,E Lewis,K Santokie,1,0,,,,,,,,,
1121245,2017/18,2017-11-04,Sylhet International Cricket Stadium,1,5.1,Dhaka Dynamites,Sylhet Sixers,KC Sangakkara,E Lewis,Abul Hasan,0,0,,,,,,,,,
1121245,2017/18,2017-11-04,Sylhet International Cricket Stadium,1,5.2,Dhaka Dynamites,Sylhet Sixers,KC Sangakkara,E Lewis,Abul Hasan,0,0,,,,,,,,,
1121245,2017/18,2017-11-04,Sylhet International Cricket Stadium,1,5.3,Dhaka Dynamites,Sylhet Sixers,KC Sangakkara,E Lewis,Abul Hasan,4,0,,,,,,,,,
1121245,2017/18,2017-11-04,Sylhet International Cricket Stadium,1,5.4,Dhaka Dynamites,Sylhet Sixers,KC Sangakkara,E Lewis,Abul Hasan,0,0,,,,,,,,,
1121245,2017/18,2017-11-04,Sylhet International Cricket Stadium,1,5.5,Dhaka Dynamites,Sylhet Sixers,KC Sangakkara,E Lewis,Abul Hasan,0,0,,,,,,,,,
1121245,2017/18,2017-11-04,Sylhet International Cricket Stadium,1,5.6,Dhaka Dynamites,Sylhet Sixers,KC Sangakkara,E Lewis,Abul Hasan,2,0,,,,,,,,,
1121245,2017/18,2017-11-04,Sylhet International Cricket Stadium,1,6.1,Dhaka Dynamites,Sylhet Sixers,E Lewis,KC Sangakkara,LE Plunkett,0,0,,,,,,,,,
1121245,2017/18,2017-11-04,Sylhet International Cricket Stadium,1,6.2,Dhaka Dynamites,Sylhet Sixers,E Lewis,KC Sangakkara,LE Plunkett,0,0,,,,,,,,,
1121245,2017/18,2017-11-04,Sylhet International Cricket Stadium,1,6.3,Dhaka Dynamites,Sylhet Sixers,E Lewis,KC Sangakkara,LE Plunkett,1,0,,,,,,,,,
1121245,2017/18,2017-11-04,Sylhet International Cricket Stadium,1,6.4,Dhaka Dynamites,Sylhet Sixers,KC Sangakkara,E Lewis,LE Plunkett,1,0,,,,,,,,,
1121245,2017/18,2017-11-04,Sylhet International Cricket Stadium,1,6.5,Dhaka Dynamites,Sylhet Sixers,E Lewis,KC Sangakkara,LE Plunkett,0,1,,1,,,,,,,
1121245,2017/18,2017-11-04,Sylhet International Cricket Stadium,1,6.6,Dhaka Dynamites,Sylhet Sixers,E Lewis,KC Sangakkara,LE Plunkett,1,0,,,,,,,,,
1121245,2017/18,2017-11-04,Sylhet International Cricket Stadium,1,6.7,Dhaka Dynamites,Sylhet Sixers,KC Sangakkara,E Lewis,LE Plunkett,0,0,,,,,,,,,
1121245,2017/18,2017-11-04,Sylhet International Cricket Stadium,1,7.1,Dhaka Dynamites,Sylhet Sixers,E Lewis,KC Sangakkara,Nasir Hossain,0,0,,,,,,,,,
1121245,2017/18,2017-11-04,Sylhet International Cricket Stadium,1,7.2,Dhaka Dynamites,Sylhet Sixers,E Lewis,KC Sangakkara,Nasir Hossain,1,0,,,,,,,,,
1121245,2017/18,2017-11-04,Sylhet International Cricket Stadium,1,7.3,Dhaka Dynamites,Sylhet Sixers,KC Sangakkara,E Lewis,Nasir Hossain,1,0,,,,,,,,,
1121245,2017/18,2017-11-04,Sylhet International Cricket Stadium,1,7.4,Dhaka Dynamites,Sylhet Sixers,E Lewis,KC Sangakkara,Nasir Hossain,0,1,1,,,,,,,,
1121245,2017/18,2017-11-04,Sylhet International Cricket Stadium,1,7.5,Dhaka Dynamites,Sylhet Sixers,E Lewis,KC Sangakkara,Nasir Hossain,6,0,,,,,,,,,
1121245,2017/18,2017-11-04,Sylhet International Cricket Stadium,1,7.6,Dhaka Dynamites,Sylhet Sixers,E Lewis,KC Sangakkara,Nasir Hossain,0,0,,,,,,caught,E Lewis,,
1121245,2017/18,2017-11-04,Sylhet International Cricket Stadium,1,7.7,Dhaka Dynamites,Sylhet Sixers,KC Sangakkara,Mosaddek Hossain,Nasir Hossain,1,0,,,,,,,,,
1121245,2017/18,2017-11-04,Sylhet International Cricket Stadium,1,8.1,Dhaka Dynamites,Sylhet Sixers,KC Sangakkara,Mosaddek Hossain,K Santokie,1,0,,,,,,,,,
1121245,2017/18,2017-11-04,Sylhet International Cricket Stadium,1,8.2,Dhaka Dynamites,Sylhet Sixers,Mosaddek Hossain,KC Sangakkara,K Santokie,0,0,,,,,,,,,
1121245,2017/18,2017-11-04,Sylhet International Cricket Stadium,1,8.3,Dhaka Dynamites,Sylhet Sixers,Mosaddek Hossain,KC Sangakkara,K Santokie,1,0,,,,,,,,,
1121245,2017/18,2017-11-04,Sylhet International Cricket Stadium,1,8.4,Dhaka Dynamites,Sylhet Sixers,KC Sangakkara,Mosaddek Hossain,K Santokie,1,0,,,,,,,,,
1121245,2017/18,2017-11-04,Sylhet International Cricket Stadium,1,8.5,Dhaka Dynamites,Sylhet Sixers,Mosaddek Hossain,KC Sangakkara,K Santokie,1,0,,,,,,,,,
1121245,2017/18,2017-11-04,Sylhet International Cricket Stadium,1,8.6,Dhaka Dynamites,Sylhet Sixers,KC Sangakkara,Mosaddek Hossain,K Santokie,1,0,,,,,,,,,
1121245,2017/18,2017-11-04,Sylhet International Cricket Stadium,1,9.1,Dhaka Dynamites,Sylhet Sixers,KC Sangakkara,Mosaddek Hossain,LE Plunkett,2,0,,,,,,,,,
1121245,2017/18,2017-11-04,Sylhet International Cricket Stadium,1,9.2,Dhaka Dynamites,Sylhet Sixers,KC Sangakkara,Mosaddek Hossain,LE Plunkett,1,0,,,,,,,,,
1121245,2017/18,2017-11-04,Sylhet International Cricket Stadium,1,9.3,Dhaka Dynamites,Sylhet Sixers,Mosaddek Hossain,KC Sangakkara,LE Plunkett,0,0,,,,,,,,,
1121245,2017/18,2017-11-04,Sylhet International Cricket Stadium,1,9.4,Dhaka Dynamites,Sylhet Sixers,Mosaddek Hossain,KC Sangakkara,LE Plunkett,1,0,,,,,,,,,
1121245,2017/18,2017-11-04,Sylhet International Cricket Stadium,1,9.5,Dhaka Dynamites,Sylhet Sixers,KC Sangakkara,Mosaddek Hossain,LE Plunkett,0,0,,,,,,caught,KC Sangakkara,,
1121245,2017/18,2017-11-04,Sylhet International Cricket Stadium,1,9.6,Dhaka Dynamites,Sylhet Sixers,Shakib Al Hasan,Mosaddek Hossain,LE Plunkett,1,0,,,,,,,,,
1121245,2017/18,2017-11-04,Sylhet International Cricket Stadium,1,10.1,Dhaka Dynamites,Sylhet Sixers,Shakib Al Hasan,Mosaddek Hossain,Nasir Hossain,1,0,,,,,,,,,
1121245,2017/18,2017-11-04,Sylhet International Cricket Stadium,1,10.2,Dhaka Dynamites,Sylhet Sixers,Mosaddek Hossain,Shakib Al Hasan,Nasir Hossain,1,0,,,,,,,,,
1121245,2017/18,2017-11-04,Sylhet International Cricket Stadium,1,10.3,Dhaka Dynamites,Sylhet Sixers,Shakib Al Hasan,Mosaddek Hossain,Nasir Hossain,0,0,,,,,,,,,
1121245,2017/18,2017-11-04,Sylhet International Cricket Stadium,1,10.4,Dhaka Dynamites,Sylhet Sixers,Shakib Al Hasan,Mosaddek Hossain,Nasir Hossain,1,0,,,,,,,,,
1121245,2017/18,2017-11-04,Sylhet International Cricket Stadium,1,10.5,Dhaka Dynamites,Sylhet Sixers,Mosaddek Hossain,Shakib Al Hasan,Nasir Hossain,0,0,,,,,,,,,
1121245,2017/18,2017-11-04,Sylhet International Cricket Stadium,1,10.6,Dhaka Dynamites,Sylhet Sixers,Mosaddek Hossain,Shakib Al Hasan,Nasir Hossain,0,0,,,,,,,,,
1121245,2017/18,2017-11-04,Sylhet International Cricket Stadium,1,11.1,Dhaka Dynamites,Sylhet Sixers,Shakib Al Hasan,Mosaddek Hossain,Abul Hasan,2,0,,,,,,,,,
1121245,2017/18,2017-11-04,Sylhet International Cricket Stadium,1,11.2,Dhaka Dynamites,Sylhet Sixers,Shakib Al Hasan,Mosaddek Hossain,Abul Hasan,1,0,,,,,,,,,
1121245,2017/18,2017-11-04,Sylhet International Cricket Stadium,1,11.3,Dhaka Dynamites,Sylhet Sixers,Mosaddek Hossain,Shakib Al Hasan,Abul Hasan,1,0,,,,,,,,,
1121245,2017/18,2017-11-04,Sylhet International Cricket Stadium,1,11.4,Dhaka Dynamites,Sylhet Sixers,Shakib Al Hasan,Mosaddek Hossain,Abul Hasan,1,0,,,,,,,,,
1121245,2017/18,2017-11-04,Sylhet International Cricket Stadium,1,11.5,Dhaka Dynamites,Sylhet Sixers,Mosaddek Hossain,Shakib Al Hasan,Abul Hasan,0,0,,,,,,,,,
1121245,2017/18,2017-11-04,Sylhet International Cricket Stadium,1,11.6,Dhaka Dynamites,Sylhet Sixers,Mosaddek Hossain,Shakib Al Hasan,Abul Hasan,1,0,,,,,,run out,Mosaddek Hossain,,
1121245,2017/18,2017-11-04,Sylhet International Cricket Stadium,1,12.1,Dhaka Dynamites,Sylhet Sixers,KA Pollard,Shakib Al Hasan,K Santokie,2,0,,,,,,,,,
1121245,2017/18,2017-11-04,Sylhet International Cricket Stadium,1,12.2,Dhaka Dynamites,Sylhet Sixers,KA Pollard,Shakib Al Hasan,K Santokie,1,0,,,,,,,,,
1121245,2017/18,2017-11-04,Sylhet International Cricket Stadium,1,12.3,Dhaka Dynamites,Sylhet Sixers,Shakib Al Hasan,KA Pollard,K Santokie,1,0,,,,,,,,,
1121245,2017/18,2017-11-04,Sylhet International Cricket Stadium,1,12.4,Dhaka Dynamites,Sylhet Sixers,KA Pollard,Shakib Al Hasan,K Santokie,1,0,,,,,,,,,
1121245,2017/18,2017-11-04,Sylhet International Cricket Stadium,1,12.5,Dhaka Dynamites,Sylhet Sixers,Shakib Al Hasan,KA Pollard,K Santokie,1,0,,,,,,,,,
1121245,2017/18,2017-11-04,Sylhet International Cricket Stadium,1,12.6,Dhaka Dynamites,Sylhet Sixers,KA Pollard,Shakib Al Hasan,K Santokie,6,0,,,,,,,,,
1121245,2017/18,2017-11-04,Sylhet International Cricket Stadium,1,13.1,Dhaka Dynamites,Sylhet Sixers,Shakib Al Hasan,KA Pollard,Taijul Islam,2,0,,,,,,,,,
1121245,2017/18,2017-11-04,Sylhet International Cricket Stadium,1,13.2,Dhaka Dynamites,Sylhet Sixers,Shakib Al Hasan,KA Pollard,Taijul Islam,1,0,,,,,,,,,
1121245,2017/18,2017-11-04,Sylhet International Cricket Stadium,1,13.3,Dhaka Dynamites,Sylhet Sixers,KA Pollard,Shakib Al Hasan,Taijul Islam,1,0,,,,,,,,,
1121245,2017/18,2017-11-04,Sylhet International Cricket Stadium,1,13.4,Dhaka Dynamites,Sylhet Sixers,Shakib Al Hasan,KA Pollard,Taijul Islam,0,0,,,,,,,,,
1121245,2017/18,2017-11-04,Sylhet International Cricket Stadium,1,13.5,Dhaka Dynamites,Sylhet Sixers,Shakib Al Hasan,KA Pollard,Taijul Islam,1,0,,,,,,,,,
1121245,2017/18,2017-11-04,Sylhet International Cricket Stadium,1,13.6,Dhaka Dynamites,Sylhet Sixers,KA Pollard,Shakib Al Hasan,Taijul Islam,0,0,,,,,,,,,
1121245,2017/18,2017-11-04,Sylhet International Cricket Stadium,1,14.1,Dhaka Dynamites,Sylhet Sixers,Shakib Al Hasan,KA Pollard,Abul Hasan,4,0,,,,,,,,,
1121245,2017/18,2017-11-04,Sylhet International Cricket Stadium,1,14.2,Dhaka Dynamites,Sylhet Sixers,Shakib Al Hasan,KA Pollard,Abul Hasan,1,0,,,,,,,,,
1121245,2017/18,2017-11-04,Sylhet International Cricket Stadium,1,14.3,Dhaka Dynamites,Sylhet Sixers,KA Pollard,Shakib Al Hasan,Abul Hasan,0,0,,,,,,caught,KA Pollard,,
1121245,2017/18,2017-11-04,Sylhet International Cricket Stadium,1,14.4,Dhaka Dynamites,Sylhet Sixers,Shakib Al Hasan,CS Delport,Abul Hasan,1,0,,,,,,,,,
1121245,2017/18,2017-11-04,Sylhet International Cricket Stadium,1,14.5,Dhaka Dynamites,Sylhet Sixers,CS Delport,Shakib Al Hasan,Abul Hasan,1,0,,,,,,,,,
1121245,2017/18,2017-11-04,Sylhet International Cricket Stadium,1,14.6,Dhaka Dynamites,Sylhet Sixers,Shakib Al Hasan,CS Delport,Abul Hasan,1,0,,,,,,,,,
1121245,2017/18,2017-11-04,Sylhet International Cricket Stadium,1,15.1,Dhaka Dynamites,Sylhet Sixers,Shakib Al Hasan,CS Delport,Shuvagata Hom,0,0,,,,,,,,,
1121245,2017/18,2017-11-04,Sylhet International Cricket Stadium,1,15.2,Dhaka Dynamites,Sylhet Sixers,Shakib Al Hasan,CS Delport,Shuvagata Hom,1,0,,,,,,,,,
1121245,2017/18,2017-11-04,Sylhet International Cricket Stadium,1,15.3,Dhaka Dynamites,Sylhet Sixers,CS Delport,Shakib Al Hasan,Shuvagata Hom,2,0,,,,,,,,,
1121245,2017/18,2017-11-04,Sylhet International Cricket Stadium,1,15.4,Dhaka Dynamites,Sylhet Sixers,CS Delport,Shakib Al Hasan,Shuvagata Hom,0,0,,,,,,,,,
1121245,2017/18,2017-11-04,Sylhet International Cricket Stadium,1,15.5,Dhaka Dynamites,Sylhet Sixers,CS Delport,Shakib Al Hasan,Shuvagata Hom,6,0,,,,,,,,,
1121245,2017/18,2017-11-04,Sylhet International Cricket Stadium,1,15.6,Dhaka Dynamites,Sylhet Sixers,CS Delport,Shakib Al Hasan,Shuvagata Hom,2,0,,,,,,,,,
1121245,2017/18,2017-11-04,Sylhet International Cricket Stadium,1,16.1,Dhaka Dynamites,Sylhet Sixers,Shakib Al Hasan,CS Delport,LE Plunkett,2,0,,,,,,,,,
1121245,2017/18,2017-11-04,Sylhet International Cricket Stadium,1,16.2,Dhaka Dynamites,Sylhet Sixers,Shakib Al Hasan,CS Delport,LE Plunkett,0,0,,,,,,caught,Shakib Al Hasan,,
1121245,2017/18,2017-11-04,Sylhet International Cricket Stadium,1,16.3,Dhaka Dynamites,Sylhet Sixers,AU Rashid,CS Delport,LE Plunkett,0,0,,,,,,,,,
1121245,2017/18,2017-11-04,Sylhet International Cricket Stadium,1,16.4,Dhaka Dynamites,Sylhet Sixers,AU Rashid,CS Delport,LE Plunkett,1,0,,,,,,,,,
1121245,2017/18,2017-11-04,Sylhet International Cricket Stadium,1,16.5,Dhaka Dynamites,Sylhet Sixers,CS Delport,AU Rashid,LE Plunkett,1,0,,,,,,,,,
1121245,2017/18,2017-11-04,Sylhet International Cricket Stadium,1,16.6,Dhaka Dynamites,Sylhet Sixers,AU Rashid,CS Delport,LE Plunkett,0,0,,,,,,,,,
1121245,2017/18,2017-11-04,Sylhet International Cricket Stadium,1,17.1,Dhaka Dynamites,Sylhet Sixers,CS Delport,AU Rashid,Abul Hasan,1,0,,,,,,,,,
1121245,2017/18,2017-11-04,Sylhet International Cricket Stadium,1,17.2,Dhaka Dynamites,Sylhet Sixers,AU Rashid,CS Delport,Abul Hasan,2,0,,,,,,,,,
1121245,2017/18,2017-11-04,Sylhet International Cricket Stadium,1,17.3,Dhaka Dynamites,Sylhet Sixers,AU Rashid,CS Delport,Abul Hasan,0,0,,,,,,,,,
1121245,2017/18,2017-11-04,Sylhet International Cricket Stadium,1,17.4,Dhaka Dynamites,Sylhet Sixers,AU Rashid,CS Delport,Abul Hasan,0,0,,,,,,caught,AU Rashid,,
1121245,2017/18,2017-11-04,Sylhet International Cricket Stadium,1,17.5,Dhaka Dynamites,Sylhet Sixers,CS Delport,Abu Hider,Abul Hasan,0,1,,,,1,,,,,
1121245,2017/18,2017-11-04,Sylhet International Cricket Stadium,1,17.6,Dhaka Dynamites,Sylhet Sixers,Abu Hider,CS Delport,Abul Hasan,1,0,,,,,,,,,
1121245,2017/18,2017-11-04,Sylhet International Cricket Stadium,1,18.1,Dhaka Dynamites,Sylhet Sixers,Abu Hider,CS Delport,LE Plunkett,4,0,,,,,,,,,
1121245,2017/18,2017-11-04,Sylhet International Cricket Stadium,1,18.2,Dhaka Dynamites,Sylhet Sixers,Abu Hider,CS Delport,LE Plunkett,0,0,,,,,,,,,
1121245,2017/18,2017-11-04,Sylhet International Cricket Stadium,1,18.3,Dhaka Dynamites,Sylhet Sixers,Abu Hider,CS Delport,LE Plunkett,0,1,1,,,,,,,,
1121245,2017/18,2017-11-04,Sylhet International Cricket Stadium,1,18.4,Dhaka Dynamites,Sylhet Sixers,Abu Hider,CS Delport,LE Plunkett,0,0,,,,,,,,,
1121245,2017/18,2017-11-04,Sylhet International Cricket Stadium,1,18.5,Dhaka Dynamites,Sylhet Sixers,Abu Hider,CS Delport,LE Plunkett,1,0,,,,,,,,,
1121245,2017/18,2017-11-04,Sylhet International Cricket Stadium,1,18.6,Dhaka Dynamites,Sylhet Sixers,CS Delport,Abu Hider,LE Plunkett,1,0,,,,,,,,,
1121245,2017/18,2017-11-04,Sylhet International Cricket Stadium,1,18.7,Dhaka Dynamites,Sylhet Sixers,Abu Hider,CS Delport,LE Plunkett,0,1,,,,1,,,,,
1121245,2017/18,2017-11-04,Sylhet International Cricket Stadium,1,19.1,Dhaka Dynamites,Sylhet Sixers,Abu Hider,CS Delport,K Santokie,0,0,,,,,,,,,
1121245,2017/18,2017-11-04,Sylhet International Cricket Stadium,1,19.2,Dhaka Dynamites,Sylhet Sixers,Abu Hider,CS Delport,K Santokie,1,0,,,,,,,,,
1121245,2017/18,2017-11-04,Sylhet International Cricket Stadium,1,19.3,Dhaka Dynamites,Sylhet Sixers,CS Delport,Abu Hider,K Santokie,2,0,,,,,,,,,
1121245,2017/18,2017-11-04,Sylhet International Cricket Stadium,1,19.4,Dhaka Dynamites,Sylhet Sixers,CS Delport,Abu Hider,K Santokie,0,0,,,,,,,,,
1121245,2017/18,2017-11-04,Sylhet International Cricket Stadium,1,19.5,Dhaka Dynamites,Sylhet Sixers,CS Delport,Abu Hider,K Santokie,2,0,,,,,,,,,
1121245,2017/18,2017-11-04,Sylhet International Cricket Stadium,1,19.6,Dhaka Dynamites,Sylhet Sixers,CS Delport,Abu Hider,K Santokie,2,0,,,,,,,,,
1121245,2017/18,2017-11-04,Sylhet International Cricket Stadium,2,0.1,Sylhet Sixers,Dhaka Dynamites,WU Tharanga,ADS Fletcher,Shakib Al Hasan,1,0,,,,,,,,,
1121245,2017/18,2017-11-04,Sylhet International Cricket Stadium,2,0.2,Sylhet Sixers,Dhaka Dynamites,ADS Fletcher,WU Tharanga,Shakib Al Hasan,4,0,,,,,,,,,
1121245,2017/18,2017-11-04,Sylhet International Cricket Stadium,2,0.3,Sylhet Sixers,Dhaka Dynamites,ADS Fletcher,WU Tharanga,Shakib Al Hasan,0,0,,,,,,,,,
1121245,2017/18,2017-11-04,Sylhet International Cricket Stadium,2,0.4,Sylhet Sixers,Dhaka Dynamites,ADS Fletcher,WU Tharanga,Shakib Al Hasan,0,0,,,,,,,,,
1121245,2017/18,2017-11-04,Sylhet International Cricket Stadium,2,0.5,Sylhet Sixers,Dhaka Dynamites,ADS Fletcher,WU Tharanga,Shakib Al Hasan,0,0,,,,,,,,,
1121245,2017/18,2017-11-04,Sylhet International Cricket Stadium,2,0.6,Sylhet Sixers,Dhaka Dynamites,ADS Fletcher,WU Tharanga,Shakib Al Hasan,0,0,,,,,,,,,
1121245,2017/18,2017-11-04,Sylhet International Cricket Stadium,2,1.1,Sylhet Sixers,Dhaka Dynamites,WU Tharanga,ADS Fletcher,Mohammad Shahid,1,0,,,,,,,,,
1121245,2017/18,2017-11-04,Sylhet International Cricket Stadium,2,1.2,Sylhet Sixers,Dhaka Dynamites,ADS Fletcher,WU Tharanga,Mohammad Shahid,0,0,,,,,,,,,
1121245,2017/18,2017-11-04,Sylhet International Cricket Stadium,2,1.3,Sylhet Sixers,Dhaka Dynamites,ADS Fletcher,WU Tharanga,Mohammad Shahid,1,0,,,,,,,,,
1121245,2017/18,2017-11-04,Sylhet International Cricket Stadium,2,1.4,Sylhet Sixers,Dhaka Dynamites,WU Tharanga,ADS Fletcher,Mohammad Shahid,6,0,,,,,,,,,
1121245,2017/18,2017-11-04,Sylhet International Cricket Stadium,2,1.5,Sylhet Sixers,Dhaka Dynamites,WU Tharanga,ADS Fletcher,Mohammad Shahid,4,0,,,,,,,,,
1121245,2017/18,2017-11-04,Sylhet International Cricket Stadium,2,1.6,Sylhet Sixers,Dhaka Dynamites,WU Tharanga,ADS Fletcher,Mohammad Shahid,2,0,,,,,,,,,
1121245,2017/18,2017-11-04,Sylhet International Cricket Stadium,2,2.1,Sylhet Sixers,Dhaka Dynamites,ADS Fletcher,WU Tharanga,Shakib Al Hasan,0,0,,,,,,,,,
1121245,2017/18,2017-11-04,Sylhet International Cricket Stadium,2,2.2,Sylhet Sixers,Dhaka Dynamites,ADS Fletcher,WU Tharanga,Shakib Al Hasan,0,0,,,,,,,,,
1121245,2017/18,2017-11-04,Sylhet International Cricket Stadium,2,2.3,Sylhet Sixers,Dhaka Dynamites,ADS Fletcher,WU Tharanga,Shakib Al Hasan,1,0,,,,,,,,,
1121245,2017/18,2017-11-04,Sylhet International Cricket Stadium,2,2.4,Sylhet Sixers,Dhaka Dynamites,WU Tharanga,ADS Fletcher,Shakib Al Hasan,1,0,,,,,,,,,
1121245,2017/18,2017-11-04,Sylhet International Cricket Stadium,2,2.5,Sylhet Sixers,Dhaka Dynamites,ADS Fletcher,WU Tharanga,Shakib Al Hasan,4,0,,,,,,,,,
1121245,2017/18,2017-11-04,Sylhet International Cricket Stadium,2,2.6,Sylhet Sixers,Dhaka Dynamites,ADS Fletcher,WU Tharanga,Shakib Al Hasan,0,0,,,,,,,,,
1121245,2017/18,2017-11-04,Sylhet International Cricket Stadium,2,3.1,Sylhet Sixers,Dhaka Dynamites,WU Tharanga,ADS Fletcher,Saqlain Sajib,0,0,,,,,,,,,
1121245,2017/18,2017-11-04,Sylhet International Cricket Stadium,2,3.2,Sylhet Sixers,Dhaka Dynamites,WU Tharanga,ADS Fletcher,Saqlain Sajib,4,0,,,,,,,,,
1121245,2017/18,2017-11-04,Sylhet International Cricket Stadium,2,3.3,Sylhet Sixers,Dhaka Dynamites,WU Tharanga,ADS Fletcher,Saqlain Sajib,1,0,,,,,,,,,
1121245,2017/18,2017-11-04,Sylhet International Cricket Stadium,2,3.4,Sylhet Sixers,Dhaka Dynamites,ADS Fletcher,WU Tharanga,Saqlain Sajib,6,0,,,,,,,,,
1121245,2017/18,2017-11-04,Sylhet International Cricket Stadium,2,3.5,Sylhet Sixers,Dhaka Dynamites,ADS Fletcher,WU Tharanga,Saqlain Sajib,1,0,,,,,,,,,
1121245,2017/18,2017-11-04,Sylhet International Cricket Stadium,2,3.6,Sylhet Sixers,Dhaka Dynamites,WU Tharanga,ADS Fletcher,Saqlain Sajib,0,0,,,,,,,,,
1121245,2017/18,2017-11-04,Sylhet International Cricket Stadium,2,4.1,Sylhet Sixers,Dhaka Dynamites,ADS Fletcher,WU Tharanga,Shakib Al Hasan,1,0,,,,,,,,,
1121245,2017/18,2017-11-04,Sylhet International Cricket Stadium,2,4.2,Sylhet Sixers,Dhaka Dynamites,WU Tharanga,ADS Fletcher,Shakib Al Hasan,0,0,,,,,,,,,
1121245,2017/18,2017-11-04,Sylhet International Cricket Stadium,2,4.3,Sylhet Sixers,Dhaka Dynamites,WU Tharanga,ADS Fletcher,Shakib Al Hasan,1,0,,,,,,,,,
1121245,2017/18,2017-11-04,Sylhet International Cricket Stadium,2,4.4,Sylhet Sixers,Dhaka Dynamites,ADS Fletcher,WU Tharanga,Shakib Al Hasan,0,0,,,,,,,,,
1121245,2017/18,2017-11-04,Sylhet International Cricket Stadium,2,4.5,Sylhet Sixers,Dhaka Dynamites,ADS Fletcher,WU Tharanga,Shakib Al Hasan,0,0,,,,,,,,,
1121245,2017/18,2017-11-04,Sylhet International Cricket Stadium,2,4.6,Sylhet Sixers,Dhaka Dynamites,ADS Fletcher,WU Tharanga,Shakib Al Hasan,1,0,,,,,,,,,
1121245,2017/18,2017-11-04,Sylhet International Cricket Stadium,2,5.1,Sylhet Sixers,Dhaka Dynamites,ADS Fletcher,WU Tharanga,Abu Hider,6,0,,,,,,,,,
1121245,2017/18,2017-11-04,Sylhet International Cricket Stadium,2,5.2,Sylhet Sixers,Dhaka Dynamites,ADS Fletcher,WU Tharanga,Abu Hider,0,0,,,,,,,,,
1121245,2017/18,2017-11-04,Sylhet International Cricket Stadium,2,5.3,Sylhet Sixers,Dhaka Dynamites,ADS Fletcher,WU Tharanga,Abu Hider,0,0,,,,,,,,,
1121245,2017/18,2017-11-04,Sylhet International Cricket Stadium,2,5.4,Sylhet Sixers,Dhaka Dynamites,ADS Fletcher,WU Tharanga,Abu Hider,0,0,,,,,,,,,
1121245,2017/18,2017-11-04,Sylhet International Cricket Stadium,2,5.5,Sylhet Sixers,Dhaka Dynamites,ADS Fletcher,WU Tharanga,Abu Hider,4,0,,,,,,,,,
1121245,2017/18,2017-11-04,Sylhet International Cricket Stadium,2,5.6,Sylhet Sixers,Dhaka Dynamites,ADS Fletcher,WU Tharanga,Abu Hider,1,0,,,,,,,,,
1121245,2017/18,2017-11-04,Sylhet International Cricket Stadium,2,6.1,Sylhet Sixers,Dhaka Dynamites,ADS Fletcher,WU Tharanga,AU Rashid,4,0,,,,,,,,,
1121245,2017/18,2017-11-04,Sylhet International Cricket Stadium,2,6.2,Sylhet Sixers,Dhaka Dynamites,ADS Fletcher,WU Tharanga,AU Rashid,1,0,,,,,,,,,
1121245,2017/18,2017-11-04,Sylhet International Cricket Stadium,2,6.3,Sylhet Sixers,Dhaka Dynamites,WU Tharanga,ADS Fletcher,AU Rashid,2,0,,,,,,,,,
1121245,2017/18,2017-11-04,Sylhet International Cricket Stadium,2,6.4,Sylhet Sixers,Dhaka Dynamites,WU Tharanga,ADS Fletcher,AU Rashid,2,0,,,,,,,,,
1121245,2017/18,2017-11-04,Sylhet International Cricket Stadium,2,6.5,Sylhet Sixers,Dhaka Dynamites,WU Tharanga,ADS Fletcher,AU Rashid,1,0,,,,,,,,,
1121245,2017/18,2017-11-04,Sylhet International Cricket Stadium,2,6.6,Sylhet Sixers,Dhaka Dynamites,ADS Fletcher,WU Tharanga,AU Rashid,0,0,,,,,,,,,
1121245,2017/18,2017-11-04,Sylhet International Cricket Stadium,2,7.1,Sylhet Sixers,Dhaka Dynamites,WU Tharanga,ADS Fletcher,Saqlain Sajib,1,0,,,,,,,,,
1121245,2017/18,2017-11-04,Sylhet International Cricket Stadium,2,7.2,Sylhet Sixers,Dhaka Dynamites,ADS Fletcher,WU Tharanga,Saqlain Sajib,6,0,,,,,,,,,
1121245,2017/18,2017-11-04,Sylhet International Cricket Stadium,2,7.3,Sylhet Sixers,Dhaka Dynamites,ADS Fletcher,WU Tharanga,Saqlain Sajib,1,0,,,,,,,,,
1121245,2017/18,2017-11-04,Sylhet International Cricket Stadium,2,7.4,Sylhet Sixers,Dhaka Dynamites,WU Tharanga,ADS Fletcher,Saqlain Sajib,1,0,,,,,,,,,
1121245,2017/18,2017-11-04,Sylhet International Cricket Stadium,2,7.5,Sylhet Sixers,Dhaka Dynamites,ADS Fletcher,WU Tharanga,Saqlain Sajib,0,0,,,,,,,,,
1121245,2017/18,2017-11-04,Sylhet International Cricket Stadium,2,7.6,Sylhet Sixers,Dhaka Dynamites,ADS Fletcher,WU Tharanga,Saqlain Sajib,2,0,,,,,,,,,
1121245,2017/18,2017-11-04,Sylhet International Cricket Stadium,2,8.1,Sylhet Sixers,Dhaka Dynamites,WU Tharanga,ADS Fletcher,AU Rashid,1,0,,,,,,,,,
1121245,2017/18,2017-11-04,Sylhet International Cricket Stadium,2,8.2,Sylhet Sixers,Dhaka Dynamites,ADS Fletcher,WU Tharanga,AU Rashid,1,0,,,,,,,,,
1121245,2017/18,2017-11-04,Sylhet International Cricket Stadium,2,8.3,Sylhet Sixers,Dhaka Dynamites,WU Tharanga,ADS Fletcher,AU Rashid,0,0,,,,,,,,,
1121245,2017/18,2017-11-04,Sylhet International Cricket Stadium,2,8.4,Sylhet Sixers,Dhaka Dynamites,WU Tharanga,ADS Fletcher,AU Rashid,1,0,,,,,,,,,
1121245,2017/18,2017-11-04,Sylhet International Cricket Stadium,2,8.5,Sylhet Sixers,Dhaka Dynamites,ADS Fletcher,WU Tharanga,AU Rashid,1,0,,,,,,,,,
1121245,2017/18,2017-11-04,Sylhet International Cricket Stadium,2,8.6,Sylhet Sixers,Dhaka Dynamites,WU Tharanga,ADS Fletcher,AU Rashid,0,0,,,,,,,,,
1121245,2017/18,2017-11-04,Sylhet International Cricket Stadium,2,9.1,Sylhet Sixers,Dhaka Dynamites,ADS Fletcher,WU Tharanga,CS Delport,0,0,,,,,,,,,
1121245,2017/18,2017-11-04,Sylhet International Cricket Stadium,2,9.2,Sylhet Sixers,Dhaka Dynamites,ADS Fletcher,WU Tharanga,CS Delport,1,0,,,,,,,,,
1121245,2017/18,2017-11-04,Sylhet International Cricket Stadium,2,9.3,Sylhet Sixers,Dhaka Dynamites,WU Tharanga,ADS Fletcher,CS Delport,3,0,,,,,,,,,
1121245,2017/18,2017-11-04,Sylhet International Cricket Stadium,2,9.4,Sylhet Sixers,Dhaka Dynamites,ADS Fletcher,WU Tharanga,CS Delport,1,0,,,,,,,,,
1121245,2017/18,2017-11-04,Sylhet International Cricket Stadium,2,9.5,Sylhet Sixers,Dhaka Dynamites,WU Tharanga,ADS Fletcher,CS Delport,1,0,,,,,,,,,
1121245,2017/18,2017-11-04,Sylhet International Cricket Stadium,2,9.6,Sylhet Sixers,Dhaka Dynamites,ADS Fletcher,WU Tharanga,CS Delport,1,0,,,,,,,,,
1121245,2017/18,2017-11-04,Sylhet International Cricket Stadium,2,10.1,Sylhet Sixers,Dhaka Dynamites,ADS Fletcher,WU Tharanga,AU Rashid,1,0,,,,,,,,,
1121245,2017/18,2017-11-04,Sylhet International Cricket Stadium,2,10.2,Sylhet Sixers,Dhaka Dynamites,WU Tharanga,ADS Fletcher,AU Rashid,1,0,,,,,,,,,
1121245,2017/18,2017-11-04,Sylhet International Cricket Stadium,2,10.3,Sylhet Sixers,Dhaka Dynamites,ADS Fletcher,WU Tharanga,AU Rashid,1,0,,,,,,,,,
1121245,2017/18,2017-11-04,Sylhet International Cricket Stadium,2,10.4,Sylhet Sixers,Dhaka Dynamites,WU Tharanga,ADS Fletcher,AU Rashid,0,0,,,,,,,,,
1121245,2017/18,2017-11-04,Sylhet International Cricket Stadium,2,10.5,Sylhet Sixers,Dhaka Dynamites,WU Tharanga,ADS Fletcher,AU Rashid,0,0,,,,,,,,,
1121245,2017/18,2017-11-04,Sylhet International Cricket Stadium,2,10.6,Sylhet Sixers,Dhaka Dynamites,WU Tharanga,ADS Fletcher,AU Rashid,6,0,,,,,,,,,
1121245,2017/18,2017-11-04,Sylhet International Cricket Stadium,2,11.1,Sylhet Sixers,Dhaka Dynamites,ADS Fletcher,WU Tharanga,Abu Hider,1,0,,,,,,,,,
1121245,2017/18,2017-11-04,Sylhet International Cricket Stadium,2,11.2,Sylhet Sixers,Dhaka Dynamites,WU Tharanga,ADS Fletcher,Abu Hider,0,0,,,,,,,,,
1121245,2017/18,2017-11-04,Sylhet International Cricket Stadium,2,11.3,Sylhet Sixers,Dhaka Dynamites,WU Tharanga,ADS Fletcher,Abu Hider,1,0,,,,,,,,,
1121245,2017/18,2017-11-04,Sylhet International Cricket Stadium,2,11.4,Sylhet Sixers,Dhaka Dynamites,ADS Fletcher,WU Tharanga,Abu Hider,1,0,,,,,,,,,
1121245,2017/18,2017-11-04,Sylhet International Cricket Stadium,2,11.5,Sylhet Sixers,Dhaka Dynamites,WU Tharanga,ADS Fletcher,Abu Hider,1,0,,,,,,,,,
1121245,2017/18,2017-11-04,Sylhet International Cricket Stadium,2,11.6,Sylhet Sixers,Dhaka Dynamites,ADS Fletcher,WU Tharanga,Abu Hider,0,0,,,,,,,,,
1121245,2017/18,2017-11-04,Sylhet International Cricket Stadium,2,12.1,Sylhet Sixers,Dhaka Dynamites,WU Tharanga,ADS Fletcher,Shakib Al Hasan,1,0,,,,,,,,,
1121245,2017/18,2017-11-04,Sylhet International Cricket Stadium,2,12.2,Sylhet Sixers,Dhaka Dynamites,ADS Fletcher,WU Tharanga,Shakib Al Hasan,1,0,,,,,,,,,
1121245,2017/18,2017-11-04,Sylhet International Cricket Stadium,2,12.3,Sylhet Sixers,Dhaka Dynamites,WU Tharanga,ADS Fletcher,Shakib Al Hasan,1,0,,,,,,,,,
1121245,2017/18,2017-11-04,Sylhet International Cricket Stadium,2,12.4,Sylhet Sixers,Dhaka Dynamites,ADS Fletcher,WU Tharanga,Shakib Al Hasan,4,0,,,,,,,,,
1121245,2017/18,2017-11-04,Sylhet International Cricket Stadium,2,12.5,Sylhet Sixers,Dhaka Dynamites,ADS Fletcher,WU Tharanga,Shakib Al Hasan,1,0,,,,,,,,,
1121245,2017/18,2017-11-04,Sylhet International Cricket Stadium,2,12.6,Sylhet Sixers,Dhaka Dynamites,WU Tharanga,ADS Fletcher,Shakib Al Hasan,1,0,,,,,,,,,
1121245,2017/18,2017-11-04,Sylhet International Cricket Stadium,2,13.1,Sylhet Sixers,Dhaka Dynamites,WU Tharanga,ADS Fletcher,Abu Hider,4,0,,,,,,,,,
1121245,2017/18,2017-11-04,Sylhet International Cricket Stadium,2,13.2,Sylhet Sixers,Dhaka Dynamites,WU Tharanga,ADS Fletcher,Abu Hider,0,0,,,,,,,,,
1121245,2017/18,2017-11-04,Sylhet International Cricket Stadium,2,13.3,Sylhet Sixers,Dhaka Dynamites,WU Tharanga,ADS Fletcher,Abu Hider,0,0,,,,,,,,,
1121245,2017/18,2017-11-04,Sylhet International Cricket Stadium,2,13.4,Sylhet Sixers,Dhaka Dynamites,WU Tharanga,ADS Fletcher,Abu Hider,2,0,,,,,,,,,
1121245,2017/18,2017-11-04,Sylhet International Cricket Stadium,2,13.5,Sylhet Sixers,Dhaka Dynamites,WU Tharanga,ADS Fletcher,Abu Hider,4,0,,,,,,,,,
1121245,2017/18,2017-11-04,Sylhet International Cricket Stadium,2,13.6,Sylhet Sixers,Dhaka Dynamites,WU Tharanga,ADS Fletcher,Abu Hider,2,0,,,,,,,,,
1121245,2017/18,2017-11-04,Sylhet International Cricket Stadium,2,14.1,Sylhet Sixers,Dhaka Dynamites,ADS Fletcher,WU Tharanga,KA Pollard,2,0,,,,,,,,,
1121245,2017/18,2017-11-04,Sylhet International Cricket Stadium,2,14.2,Sylhet Sixers,Dhaka Dynamites,ADS Fletcher,WU Tharanga,KA Pollard,0,1,1,,,,,,,,
1121245,2017/18,2017-11-04,Sylhet International Cricket Stadium,2,14.3,Sylhet Sixers,Dhaka Dynamites,ADS Fletcher,WU Tharanga,KA Pollard,0,0,,,,,,,,,
1121245,2017/18,2017-11-04,Sylhet International Cricket Stadium,2,14.4,Sylhet Sixers,Dhaka Dynamites,ADS Fletcher,WU Tharanga,KA Pollard,1,0,,,,,,,,,
1121245,2017/18,2017-11-04,Sylhet International Cricket Stadium,2,14.5,Sylhet Sixers,Dhaka Dynamites,WU Tharanga,ADS Fletcher,KA Pollard,1,0,,,,,,,,,
1121245,2017/18,2017-11-04,Sylhet International Cricket Stadium,2,14.6,Sylhet Sixers,Dhaka Dynamites,ADS Fletcher,WU Tharanga,KA Pollard,1,0,,,,,,,,,
1121245,2017/18,2017-11-04,Sylhet International Cricket Stadium,2,14.7,Sylhet Sixers,Dhaka Dynamites,WU Tharanga,ADS Fletcher,KA Pollard,1,0,,,,,,,,,
1121245,2017/18,2017-11-04,Sylhet International Cricket Stadium,2,15.1,Sylhet Sixers,Dhaka Dynamites,WU Tharanga,ADS Fletcher,AU Rashid,1,0,,,,,,,,,
1121245,2017/18,2017-11-04,Sylhet International Cricket Stadium,2,15.2,Sylhet Sixers,Dhaka Dynamites,ADS Fletcher,WU Tharanga,AU Rashid,0,0,,,,,,,,,
1121245,2017/18,2017-11-04,Sylhet International Cricket Stadium,2,15.3,Sylhet Sixers,Dhaka Dynamites,ADS Fletcher,WU Tharanga,AU Rashid,0,0,,,,,,caught,ADS Fletcher,,
1121245,2017/18,2017-11-04,Sylhet International Cricket Stadium,2,15.4,Sylhet Sixers,Dhaka Dynamites,Sabbir Rahman,WU Tharanga,AU Rashid,1,0,,,,,,,,,
1121245,2017/18,2017-11-04,Sylhet International Cricket Stadium,2,15.5,Sylhet Sixers,Dhaka Dynamites,WU Tharanga,Sabbir Rahman,AU Rashid,2,0,,,,,,,,,
1121245,2017/18,2017-11-04,Sylhet International Cricket Stadium,2,15.6,Sylhet Sixers,Dhaka Dynamites,WU Tharanga,Sabbir Rahman,AU Rashid,4,0,,,,,,,,,
1121245,2017/18,2017-11-04,Sylhet International Cricket Stadium,2,16.1,Sylhet Sixers,Dhaka Dynamites,Sabbir Rahman,WU Tharanga,KA Pollard,0,2,2,,,,,,,,
1121245,2017/18,2017-11-04,Sylhet International Cricket Stadium,2,16.2,Sylhet Sixers,Dhaka Dynamites,WU Tharanga,Sabbir Rahman,KA Pollard,0,0,,,,,,,,,
1121245,2017/18,2017-11-04,Sylhet International Cricket Stadium,2,16.3,Sylhet Sixers,Dhaka Dynamites,WU Tharanga,Sabbir Rahman,KA Pollard,0,0,,,,,,,,,
1121245,2017/18,2017-11-04,Sylhet International Cricket Stadium,2,16.4,Sylhet Sixers,Dhaka Dynamites,WU Tharanga,Sabbir Rahman,KA Pollard,1,0,,,,,,,,,
1121245,2017/18,2017-11-04,Sylhet International Cricket Stadium,2,16.5,Sylhet Sixers,Dhaka Dynamites,Sabbir Rahman,WU Tharanga,KA Pollard,1,0,,,,,,,,,
1121245,2017/18,2017-11-04,Sylhet International Cricket Stadium,2,16.6,Sylhet Sixers,Dhaka Dynamites,WU Tharanga,Sabbir Rahman,KA Pollard,1,0,,,,,,,,,
