match_id,season,start_date,venue,innings,ball,batting_team,bowling_team,striker,non_striker,bowler,runs_off_bat,extras,wides,noballs,byes,legbyes,penalty,wicket_type,player_dismissed,other_wicket_type,other_player_dismissed
1121254,2017/18,2017-11-11,"Shere Bangla National Stadium, Mirpur",1,0.1,Sylhet Sixers,Dhaka Dynamites,MD Gunathilaka,WU Tharanga,Mosaddek Hossain,0,0,,,,,,,,,
1121254,2017/18,2017-11-11,"Shere Bangla National Stadium, Mirpur",1,0.2,Sylhet Sixers,Dhaka Dynamites,MD Gunathilaka,WU Tharanga,Mosaddek Hossain,1,0,,,,,,,,,
1121254,2017/18,2017-11-11,"Shere Bangla National Stadium, Mirpur",1,0.3,Sylhet Sixers,Dhaka Dynamites,WU Tharanga,MD Gunathilaka,Mosaddek Hossain,1,0,,,,,,,,,
1121254,2017/18,2017-11-11,"Shere Bangla National Stadium, Mirpur",1,0.4,Sylhet Sixers,Dhaka Dynamites,MD Gunathilaka,WU Tharanga,Mosaddek Hossain,4,0,,,,,,,,,
1121254,2017/18,2017-11-11,"Shere Bangla National Stadium, Mirpur",1,0.5,Sylhet Sixers,Dhaka Dynamites,MD Gunathilaka,WU Tharanga,Mosaddek Hossain,0,0,,,,,,,,,
1121254,2017/18,2017-11-11,"Shere Bangla National Stadium, Mirpur",1,0.6,Sylhet Sixers,Dhaka Dynamites,MD Gunathilaka,WU Tharanga,Mosaddek Hossain,1,0,,,,,,,,,
1121254,2017/18,2017-11-11,"Shere Bangla National Stadium, Mirpur",1,1.1,Sylhet Sixers,Dhaka Dynamites,MD Gunathilaka,WU Tharanga,Abu Hider,1,0,,,,,,,,,
1121254,2017/18,2017-11-11,"Shere Bangla National Stadium, Mirpur",1,1.2,Sylhet Sixers,Dhaka Dynamites,WU Tharanga,MD Gunathilaka,Abu Hider,0,0,,,,,,caught,WU Tharanga,,
1121254,2017/18,2017-11-11,"Shere Bangla National Stadium, Mirpur",1,1.3,Sylhet Sixers,Dhaka Dynamites,Sabbir Rahman,MD Gunathilaka,Abu Hider,0,0,,,,,,,,,
1121254,2017/18,2017-11-11,"Shere Bangla National Stadium, Mirpur",1,1.4,Sylhet Sixers,Dhaka Dynamites,Sabbir Rahman,MD Gunathilaka,Abu Hider,0,0,,,,,,,,,
1121254,2017/18,2017-11-11,"Shere Bangla National Stadium, Mirpur",1,1.5,Sylhet Sixers,Dhaka Dynamites,Sabbir Rahman,MD Gunathilaka,Abu Hider,1,0,,,,,,,,,
1121254,2017/18,2017-11-11,"Shere Bangla National Stadium, Mirpur",1,1.6,Sylhet Sixers,Dhaka Dynamites,MD Gunathilaka,Sabbir Rahman,Abu Hider,4,0,,,,,,,,,
1121254,2017/18,2017-11-11,"Shere Bangla National Stadium, Mirpur",1,2.1,Sylhet Sixers,Dhaka Dynamites,Sabbir Rahman,MD Gunathilaka,SP Narine,0,0,,,,,,,,,
1121254,2017/18,2017-11-11,"Shere Bangla National Stadium, Mirpur",1,2.2,Sylhet Sixers,Dhaka Dynamites,Sabbir Rahman,MD Gunathilaka,SP Narine,0,0,,,,,,caught,Sabbir Rahman,,
1121254,2017/18,2017-11-11,"Shere Bangla National Stadium, Mirpur",1,2.3,Sylhet Sixers,Dhaka Dynamites,Nasir Hossain,MD Gunathilaka,SP Narine,2,0,,,,,,,,,
1121254,2017/18,2017-11-11,"Shere Bangla National Stadium, Mirpur",1,2.4,Sylhet Sixers,Dhaka Dynamites,Nasir Hossain,MD Gunathilaka,SP Narine,0,0,,,,,,,,,
1121254,2017/18,2017-11-11,"Shere Bangla National Stadium, Mirpur",1,2.5,Sylhet Sixers,Dhaka Dynamites,Nasir Hossain,MD Gunathilaka,SP Narine,0,0,,,,,,,,,
1121254,2017/18,2017-11-11,"Shere Bangla National Stadium, Mirpur",1,2.6,Sylhet Sixers,Dhaka Dynamites,Nasir Hossain,MD Gunathilaka,SP Narine,0,0,,,,,,,,,
1121254,2017/18,2017-11-11,"Shere Bangla National Stadium, Mirpur",1,3.1,Sylhet Sixers,Dhaka Dynamites,MD Gunathilaka,Nasir Hossain,Abu Hider,4,0,,,,,,,,,
1121254,2017/18,2017-11-11,"Shere Bangla National Stadium, Mirpur",1,3.2,Sylhet Sixers,Dhaka Dynamites,MD Gunathilaka,Nasir Hossain,Abu Hider,0,0,,,,,,caught,MD Gunathilaka,,
1121254,2017/18,2017-11-11,"Shere Bangla National Stadium, Mirpur",1,3.3,Sylhet Sixers,Dhaka Dynamites,Nasir Hossain,RA Whiteley,Abu Hider,0,0,,,,,,,,,
1121254,2017/18,2017-11-11,"Shere Bangla National Stadium, Mirpur",1,3.4,Sylhet Sixers,Dhaka Dynamites,Nasir Hossain,RA Whiteley,Abu Hider,1,0,,,,,,,,,
1121254,2017/18,2017-11-11,"Shere Bangla National Stadium, Mirpur",1,3.5,Sylhet Sixers,Dhaka Dynamites,RA Whiteley,Nasir Hossain,Abu Hider,1,0,,,,,,,,,
1121254,2017/18,2017-11-11,"Shere Bangla National Stadium, Mirpur",1,3.6,Sylhet Sixers,Dhaka Dynamites,Nasir Hossain,RA Whiteley,Abu Hider,2,0,,,,,,,,,
1121254,2017/18,2017-11-11,"Shere Bangla National Stadium, Mirpur",1,4.1,Sylhet Sixers,Dhaka Dynamites,RA Whiteley,Nasir Hossain,SP Narine,0,0,,,,,,,,,
1121254,2017/18,2017-11-11,"Shere Bangla National Stadium, Mirpur",1,4.2,Sylhet Sixers,Dhaka Dynamites,RA Whiteley,Nasir Hossain,SP Narine,1,0,,,,,,,,,
1121254,2017/18,2017-11-11,"Shere Bangla National Stadium, Mirpur",1,4.3,Sylhet Sixers,Dhaka Dynamites,Nasir Hossain,RA Whiteley,SP Narine,1,0,,,,,,,,,
1121254,2017/18,2017-11-11,"Shere Bangla National Stadium, Mirpur",1,4.4,Sylhet Sixers,Dhaka Dynamites,RA Whiteley,Nasir Hossain,SP Narine,4,0,,,,,,,,,
1121254,2017/18,2017-11-11,"Shere Bangla National Stadium, Mirpur",1,4.5,Sylhet Sixers,Dhaka Dynamites,RA Whiteley,Nasir Hossain,SP Narine,0,0,,,,,,,,,
1121254,2017/18,2017-11-11,"Shere Bangla National Stadium, Mirpur",1,4.6,Sylhet Sixers,Dhaka Dynamites,RA Whiteley,Nasir Hossain,SP Narine,0,0,,,,,,stumped,RA Whiteley,,
1121254,2017/18,2017-11-11,"Shere Bangla National Stadium, Mirpur",1,5.1,Sylhet Sixers,Dhaka Dynamites,Nasir Hossain,Nurul Hasan,Shahid Afridi,0,0,,,,,,,,,
1121254,2017/18,2017-11-11,"Shere Bangla National Stadium, Mirpur",1,5.2,Sylhet Sixers,Dhaka Dynamites,Nasir Hossain,Nurul Hasan,Shahid Afridi,0,0,,,,,,,,,
1121254,2017/18,2017-11-11,"Shere Bangla National Stadium, Mirpur",1,5.3,Sylhet Sixers,Dhaka Dynamites,Nasir Hossain,Nurul Hasan,Shahid Afridi,0,0,,,,,,,,,
1121254,2017/18,2017-11-11,"Shere Bangla National Stadium, Mirpur",1,5.4,Sylhet Sixers,Dhaka Dynamites,Nasir Hossain,Nurul Hasan,Shahid Afridi,4,0,,,,,,,,,
1121254,2017/18,2017-11-11,"Shere Bangla National Stadium, Mirpur",1,5.5,Sylhet Sixers,Dhaka Dynamites,Nasir Hossain,Nurul Hasan,Shahid Afridi,0,0,,,,,,,,,
1121254,2017/18,2017-11-11,"Shere Bangla National Stadium, Mirpur",1,5.6,Sylhet Sixers,Dhaka Dynamites,Nasir Hossain,Nurul Hasan,Shahid Afridi,0,0,,,,,,caught,Nasir Hossain,,
1121254,2017/18,2017-11-11,"Shere Bangla National Stadium, Mirpur",1,6.1,Sylhet Sixers,Dhaka Dynamites,Nurul Hasan,PWH de Silva,Shakib Al Hasan,1,0,,,,,,,,,
1121254,2017/18,2017-11-11,"Shere Bangla National Stadium, Mirpur",1,6.2,Sylhet Sixers,Dhaka Dynamites,PWH de Silva,Nurul Hasan,Shakib Al Hasan,1,0,,,,,,,,,
1121254,2017/18,2017-11-11,"Shere Bangla National Stadium, Mirpur",1,6.3,Sylhet Sixers,Dhaka Dynamites,Nurul Hasan,PWH de Silva,Shakib Al Hasan,1,0,,,,,,,,,
1121254,2017/18,2017-11-11,"Shere Bangla National Stadium, Mirpur",1,6.4,Sylhet Sixers,Dhaka Dynamites,PWH de Silva,Nurul Hasan,Shakib Al Hasan,1,0,,,,,,,,,
1121254,2017/18,2017-11-11,"Shere Bangla National Stadium, Mirpur",1,6.5,Sylhet Sixers,Dhaka Dynamites,Nurul Hasan,PWH de Silva,Shakib Al Hasan,0,0,,,,,,,,,
1121254,2017/18,2017-11-11,"Shere Bangla National Stadium, Mirpur",1,6.6,Sylhet Sixers,Dhaka Dynamites,Nurul Hasan,PWH de Silva,Shakib Al Hasan,1,0,,,,,,,,,
1121254,2017/18,2017-11-11,"Shere Bangla National Stadium, Mirpur",1,7.1,Sylhet Sixers,Dhaka Dynamites,Nurul Hasan,PWH de Silva,Shahid Afridi,0,0,,,,,,,,,
1121254,2017/18,2017-11-11,"Shere Bangla National Stadium, Mirpur",1,7.2,Sylhet Sixers,Dhaka Dynamites,Nurul Hasan,PWH de Silva,Shahid Afridi,0,0,,,,,,,,,
1121254,2017/18,2017-11-11,"Shere Bangla National Stadium, Mirpur",1,7.3,Sylhet Sixers,Dhaka Dynamites,Nurul Hasan,PWH de Silva,Shahid Afridi,1,0,,,,,,,,,
1121254,2017/18,2017-11-11,"Shere Bangla National Stadium, Mirpur",1,7.4,Sylhet Sixers,Dhaka Dynamites,PWH de Silva,Nurul Hasan,Shahid Afridi,4,0,,,,,,,,,
1121254,2017/18,2017-11-11,"Shere Bangla National Stadium, Mirpur",1,7.5,Sylhet Sixers,Dhaka Dynamites,PWH de Silva,Nurul Hasan,Shahid Afridi,0,0,,,,,,,,,
1121254,2017/18,2017-11-11,"Shere Bangla National Stadium, Mirpur",1,7.6,Sylhet Sixers,Dhaka Dynamites,PWH de Silva,Nurul Hasan,Shahid Afridi,0,0,,,,,,,,,
1121254,2017/18,2017-11-11,"Shere Bangla National Stadium, Mirpur",1,8.1,Sylhet Sixers,Dhaka Dynamites,Nurul Hasan,PWH de Silva,Shakib Al Hasan,1,0,,,,,,,,,
1121254,2017/18,2017-11-11,"Shere Bangla National Stadium, Mirpur",1,8.2,Sylhet Sixers,Dhaka Dynamites,PWH de Silva,Nurul Hasan,Shakib Al Hasan,1,0,,,,,,,,,
1121254,2017/18,2017-11-11,"Shere Bangla National Stadium, Mirpur",1,8.3,Sylhet Sixers,Dhaka Dynamites,Nurul Hasan,PWH de Silva,Shakib Al Hasan,1,0,,,,,,,,,
1121254,2017/18,2017-11-11,"Shere Bangla National Stadium, Mirpur",1,8.4,Sylhet Sixers,Dhaka Dynamites,PWH de Silva,Nurul Hasan,Shakib Al Hasan,1,0,,,,,,,,,
1121254,2017/18,2017-11-11,"Shere Bangla National Stadium, Mirpur",1,8.5,Sylhet Sixers,Dhaka Dynamites,Nurul Hasan,PWH de Silva,Shakib Al Hasan,1,0,,,,,,,,,
1121254,2017/18,2017-11-11,"Shere Bangla National Stadium, Mirpur",1,8.6,Sylhet Sixers,Dhaka Dynamites,PWH de Silva,Nurul Hasan,Shakib Al Hasan,0,0,,,,,,,,,
1121254,2017/18,2017-11-11,"Shere Bangla National Stadium, Mirpur",1,9.1,Sylhet Sixers,Dhaka Dynamites,Nurul Hasan,PWH de Silva,Shahid Afridi,1,0,,,,,,,,,
1121254,2017/18,2017-11-11,"Shere Bangla National Stadium, Mirpur",1,9.2,Sylhet Sixers,Dhaka Dynamites,PWH de Silva,Nurul Hasan,Shahid Afridi,0,0,,,,,,,,,
1121254,2017/18,2017-11-11,"Shere Bangla National Stadium, Mirpur",1,9.3,Sylhet Sixers,Dhaka Dynamites,PWH de Silva,Nurul Hasan,Shahid Afridi,0,0,,,,,,caught,PWH de Silva,,
1121254,2017/18,2017-11-11,"Shere Bangla National Stadium, Mirpur",1,9.4,Sylhet Sixers,Dhaka Dynamites,TT Bresnan,Nurul Hasan,Shahid Afridi,0,0,,,,,,,,,
1121254,2017/18,2017-11-11,"Shere Bangla National Stadium, Mirpur",1,9.5,Sylhet Sixers,Dhaka Dynamites,TT Bresnan,Nurul Hasan,Shahid Afridi,0,0,,,,,,,,,
1121254,2017/18,2017-11-11,"Shere Bangla National Stadium, Mirpur",1,9.6,Sylhet Sixers,Dhaka Dynamites,TT Bresnan,Nurul Hasan,Shahid Afridi,1,0,,,,,,,,,
1121254,2017/18,2017-11-11,"Shere Bangla National Stadium, Mirpur",1,10.1,Sylhet Sixers,Dhaka Dynamites,TT Bresnan,Nurul Hasan,SP Narine,0,0,,,,,,,,,
1121254,2017/18,2017-11-11,"Shere Bangla National Stadium, Mirpur",1,10.2,Sylhet Sixers,Dhaka Dynamites,TT Bresnan,Nurul Hasan,SP Narine,0,0,,,,,,,,,
1121254,2017/18,2017-11-11,"Shere Bangla National Stadium, Mirpur",1,10.3,Sylhet Sixers,Dhaka Dynamites,TT Bresnan,Nurul Hasan,SP Narine,0,0,,,,,,,,,
1121254,2017/18,2017-11-11,"Shere Bangla National Stadium, Mirpur",1,10.4,Sylhet Sixers,Dhaka Dynamites,TT Bresnan,Nurul Hasan,SP Narine,0,0,,,,,,,,,
1121254,2017/18,2017-11-11,"Shere Bangla National Stadium, Mirpur",1,10.5,Sylhet Sixers,Dhaka Dynamites,TT Bresnan,Nurul Hasan,SP Narine,1,0,,,,,,,,,
1121254,2017/18,2017-11-11,"Shere Bangla National Stadium, Mirpur",1,10.6,Sylhet Sixers,Dhaka Dynamites,Nurul Hasan,TT Bresnan,SP Narine,0,0,,,,,,,,,
1121254,2017/18,2017-11-11,"Shere Bangla National Stadium, Mirpur",1,11.1,Sylhet Sixers,Dhaka Dynamites,TT Bresnan,Nurul Hasan,Shahid Afridi,0,0,,,,,,,,,
1121254,2017/18,2017-11-11,"Shere Bangla National Stadium, Mirpur",1,11.2,Sylhet Sixers,Dhaka Dynamites,TT Bresnan,Nurul Hasan,Shahid Afridi,0,0,,,,,,caught,TT Bresnan,,
1121254,2017/18,2017-11-11,"Shere Bangla National Stadium, Mirpur",1,11.3,Sylhet Sixers,Dhaka Dynamites,Abul Hasan,Nurul Hasan,Shahid Afridi,0,0,,,,,,,,,
1121254,2017/18,2017-11-11,"Shere Bangla National Stadium, Mirpur",1,11.4,Sylhet Sixers,Dhaka Dynamites,Abul Hasan,Nurul Hasan,Shahid Afridi,1,0,,,,,,,,,
1121254,2017/18,2017-11-11,"Shere Bangla National Stadium, Mirpur",1,11.5,Sylhet Sixers,Dhaka Dynamites,Nurul Hasan,Abul Hasan,Shahid Afridi,0,0,,,,,,,,,
1121254,2017/18,2017-11-11,"Shere Bangla National Stadium, Mirpur",1,11.6,Sylhet Sixers,Dhaka Dynamites,Nurul Hasan,Abul Hasan,Shahid Afridi,0,0,,,,,,caught,Nurul Hasan,,
1121254,2017/18,2017-11-11,"Shere Bangla National Stadium, Mirpur",1,12.1,Sylhet Sixers,Dhaka Dynamites,Abul Hasan,Mohammad Sharif,SP Narine,0,0,,,,,,,,,
1121254,2017/18,2017-11-11,"Shere Bangla National Stadium, Mirpur",1,12.2,Sylhet Sixers,Dhaka Dynamites,Abul Hasan,Mohammad Sharif,SP Narine,1,0,,,,,,,,,
1121254,2017/18,2017-11-11,"Shere Bangla National Stadium, Mirpur",1,12.3,Sylhet Sixers,Dhaka Dynamites,Mohammad Sharif,Abul Hasan,SP Narine,0,0,,,,,,,,,
1121254,2017/18,2017-11-11,"Shere Bangla National Stadium, Mirpur",1,12.4,Sylhet Sixers,Dhaka Dynamites,Mohammad Sharif,Abul Hasan,SP Narine,0,0,,,,,,,,,
1121254,2017/18,2017-11-11,"Shere Bangla National Stadium, Mirpur",1,12.5,Sylhet Sixers,Dhaka Dynamites,Mohammad Sharif,Abul Hasan,SP Narine,0,0,,,,,,,,,
1121254,2017/18,2017-11-11,"Shere Bangla National Stadium, Mirpur",1,12.6,Sylhet Sixers,Dhaka Dynamites,Mohammad Sharif,Abul Hasan,SP Narine,0,0,,,,,,bowled,Mohammad Sharif,,
1121254,2017/18,2017-11-11,"Shere Bangla National Stadium, Mirpur",1,13.1,Sylhet Sixers,Dhaka Dynamites,Abul Hasan,Taijul Islam,Abu Hider,1,0,,,,,,,,,
1121254,2017/18,2017-11-11,"Shere Bangla National Stadium, Mirpur",1,13.2,Sylhet Sixers,Dhaka Dynamites,Taijul Islam,Abul Hasan,Abu Hider,0,0,,,,,,,,,
1121254,2017/18,2017-11-11,"Shere Bangla National Stadium, Mirpur",1,13.3,Sylhet Sixers,Dhaka Dynamites,Taijul Islam,Abul Hasan,Abu Hider,1,0,,,,,,,,,
1121254,2017/18,2017-11-11,"Shere Bangla National Stadium, Mirpur",1,13.4,Sylhet Sixers,Dhaka Dynamites,Abul Hasan,Taijul Islam,Abu Hider,0,0,,,,,,,,,
1121254,2017/18,2017-11-11,"Shere Bangla National Stadium, Mirpur",1,13.5,Sylhet Sixers,Dhaka Dynamites,Abul Hasan,Taijul Islam,Abu Hider,1,0,,,,,,,,,
1121254,2017/18,2017-11-11,"Shere Bangla National Stadium, Mirpur",1,13.6,Sylhet Sixers,Dhaka Dynamites,Taijul Islam,Abul Hasan,Abu Hider,0,0,,,,,,,,,
1121254,2017/18,2017-11-11,"Shere Bangla National Stadium, Mirpur",1,14.1,Sylhet Sixers,Dhaka Dynamites,Abul Hasan,Taijul Islam,Mohammad Shahid,0,0,,,,,,,,,
1121254,2017/18,2017-11-11,"Shere Bangla National Stadium, Mirpur",1,14.2,Sylhet Sixers,Dhaka Dynamites,Abul Hasan,Taijul Islam,Mohammad Shahid,4,0,,,,,,,,,
1121254,2017/18,2017-11-11,"Shere Bangla National Stadium, Mirpur",1,14.3,Sylhet Sixers,Dhaka Dynamites,Abul Hasan,Taijul Islam,Mohammad Shahid,0,0,,,,,,,,,
1121254,2017/18,2017-11-11,"Shere Bangla National Stadium, Mirpur",1,14.4,Sylhet Sixers,Dhaka Dynamites,Abul Hasan,Taijul Islam,Mohammad Shahid,1,0,,,,,,,,,
1121254,2017/18,2017-11-11,"Shere Bangla National Stadium, Mirpur",1,14.5,Sylhet Sixers,Dhaka Dynamites,Taijul Islam,Abul Hasan,Mohammad Shahid,0,0,,,,,,,,,
1121254,2017/18,2017-11-11,"Shere Bangla National Stadium, Mirpur",1,14.6,Sylhet Sixers,Dhaka Dynamites,Taijul Islam,Abul Hasan,Mohammad Shahid,0,0,,,,,,,,,
1121254,2017/18,2017-11-11,"Shere Bangla National Stadium, Mirpur",1,15.1,Sylhet Sixers,Dhaka Dynamites,Abul Hasan,Taijul Islam,Abu Hider,1,0,,,,,,,,,
1121254,2017/18,2017-11-11,"Shere Bangla National Stadium, Mirpur",1,15.2,Sylhet Sixers,Dhaka Dynamites,Taijul Islam,Abul Hasan,Abu Hider,2,0,,,,,,,,,
1121254,2017/18,2017-11-11,"Shere Bangla National Stadium, Mirpur",1,15.3,Sylhet Sixers,Dhaka Dynamites,Taijul Islam,Abul Hasan,Abu Hider,1,0,,,,,,,,,
1121254,2017/18,2017-11-11,"Shere Bangla National Stadium, Mirpur",1,15.4,Sylhet Sixers,Dhaka Dynamites,Abul Hasan,Taijul Islam,Abu Hider,1,0,,,,,,,,,
1121254,2017/18,2017-11-11,"Shere Bangla National Stadium, Mirpur",1,15.5,Sylhet Sixers,Dhaka Dynamites,Taijul Islam,Abul Hasan,Abu Hider,0,0,,,,,,,,,
1121254,2017/18,2017-11-11,"Shere Bangla National Stadium, Mirpur",1,15.6,Sylhet Sixers,Dhaka Dynamites,Taijul Islam,Abul Hasan,Abu Hider,1,0,,,,,,,,,
1121254,2017/18,2017-11-11,"Shere Bangla National Stadium, Mirpur",1,16.1,Sylhet Sixers,Dhaka Dynamites,Taijul Islam,Abul Hasan,Mohammad Shahid,1,0,,,,,,,,,
1121254,2017/18,2017-11-11,"Shere Bangla National Stadium, Mirpur",1,16.2,Sylhet Sixers,Dhaka Dynamites,Abul Hasan,Taijul Islam,Mohammad Shahid,0,0,,,,,,,,,
1121254,2017/18,2017-11-11,"Shere Bangla National Stadium, Mirpur",1,16.3,Sylhet Sixers,Dhaka Dynamites,Abul Hasan,Taijul Islam,Mohammad Shahid,0,0,,,,,,,,,
1121254,2017/18,2017-11-11,"Shere Bangla National Stadium, Mirpur",1,16.4,Sylhet Sixers,Dhaka Dynamites,Abul Hasan,Taijul Islam,Mohammad Shahid,0,0,,,,,,,,,
1121254,2017/18,2017-11-11,"Shere Bangla National Stadium, Mirpur",1,16.5,Sylhet Sixers,Dhaka Dynamites,Abul Hasan,Taijul Islam,Mohammad Shahid,6,0,,,,,,,,,
1121254,2017/18,2017-11-11,"Shere Bangla National Stadium, Mirpur",1,16.6,Sylhet Sixers,Dhaka Dynamites,Abul Hasan,Taijul Islam,Mohammad Shahid,1,0,,,,,,,,,
1121254,2017/18,2017-11-11,"Shere Bangla National Stadium, Mirpur",1,17.1,Sylhet Sixers,Dhaka Dynamites,Abul Hasan,Taijul Islam,CS Delport,4,0,,,,,,,,,
1121254,2017/18,2017-11-11,"Shere Bangla National Stadium, Mirpur",1,17.2,Sylhet Sixers,Dhaka Dynamites,Abul Hasan,Taijul Islam,CS Delport,0,3,3,,,,,,,,
1121254,2017/18,2017-11-11,"Shere Bangla National Stadium, Mirpur",1,17.3,Sylhet Sixers,Dhaka Dynamites,Abul Hasan,Taijul Islam,CS Delport,1,0,,,,,,,,,
1121254,2017/18,2017-11-11,"Shere Bangla National Stadium, Mirpur",1,17.4,Sylhet Sixers,Dhaka Dynamites,Taijul Islam,Abul Hasan,CS Delport,0,0,,,,,,,,,
1121254,2017/18,2017-11-11,"Shere Bangla National Stadium, Mirpur",1,17.5,Sylhet Sixers,Dhaka Dynamites,Taijul Islam,Abul Hasan,CS Delport,1,0,,,,,,,,,
1121254,2017/18,2017-11-11,"Shere Bangla National Stadium, Mirpur",1,17.6,Sylhet Sixers,Dhaka Dynamites,Abul Hasan,Taijul Islam,CS Delport,1,0,,,,,,,,,
1121254,2017/18,2017-11-11,"Shere Bangla National Stadium, Mirpur",1,17.7,Sylhet Sixers,Dhaka Dynamites,Taijul Islam,Abul Hasan,CS Delport,0,0,,,,,,,,,
1121254,2017/18,2017-11-11,"Shere Bangla National Stadium, Mirpur",1,18.1,Sylhet Sixers,Dhaka Dynamites,Abul Hasan,Taijul Islam,Mohammad Shahid,0,1,,,,1,,,,,
1121254,2017/18,2017-11-11,"Shere Bangla National Stadium, Mirpur",1,18.2,Sylhet Sixers,Dhaka Dynamites,Taijul Islam,Abul Hasan,Mohammad Shahid,2,0,,,,,,,,,
1121254,2017/18,2017-11-11,"Shere Bangla National Stadium, Mirpur",1,18.3,Sylhet Sixers,Dhaka Dynamites,Taijul Islam,Abul Hasan,Mohammad Shahid,1,0,,,,,,,,,
1121254,2017/18,2017-11-11,"Shere Bangla National Stadium, Mirpur",1,18.4,Sylhet Sixers,Dhaka Dynamites,Abul Hasan,Taijul Islam,Mohammad Shahid,4,0,,,,,,,,,
1121254,2017/18,2017-11-11,"Shere Bangla National Stadium, Mirpur",1,18.5,Sylhet Sixers,Dhaka Dynamites,Abul Hasan,Taijul Islam,Mohammad Shahid,1,0,,,,,,,,,
1121254,2017/18,2017-11-11,"Shere Bangla National Stadium, Mirpur",1,18.6,Sylhet Sixers,Dhaka Dynamites,Taijul Islam,Abul Hasan,Mohammad Shahid,0,0,,,,,,,,,
1121254,2017/18,2017-11-11,"Shere Bangla National Stadium, Mirpur",1,19.1,Sylhet Sixers,Dhaka Dynamites,Abul Hasan,Taijul Islam,Khaled Ahmed,0,0,,,,,,,,,
1121254,2017/18,2017-11-11,"Shere Bangla National Stadium, Mirpur",1,19.2,Sylhet Sixers,Dhaka Dynamites,Abul Hasan,Taijul Islam,Khaled Ahmed,1,0,,,,,,,,,
1121254,2017/18,2017-11-11,"Shere Bangla National Stadium, Mirpur",1,19.3,Sylhet Sixers,Dhaka Dynamites,Taijul Islam,Abul Hasan,Khaled Ahmed,0,0,,,,,,,,,
1121254,2017/18,2017-11-11,"Shere Bangla National Stadium, Mirpur",1,19.4,Sylhet Sixers,Dhaka Dynamites,Taijul Islam,Abul Hasan,Khaled Ahmed,0,0,,,,,,,,,
1121254,2017/18,2017-11-11,"Shere Bangla National Stadium, Mirpur",1,19.5,Sylhet Sixers,Dhaka Dynamites,Taijul Islam,Abul Hasan,Khaled Ahmed,4,0,,,,,,,,,
1121254,2017/18,2017-11-11,"Shere Bangla National Stadium, Mirpur",1,19.6,Sylhet Sixers,Dhaka Dynamites,Taijul Islam,Abul Hasan,Khaled Ahmed,2,0,,,,,,,,,
1121254,2017/18,2017-11-11,"Shere Bangla National Stadium, Mirpur",2,0.1,Dhaka Dynamites,Sylhet Sixers,E Lewis,Shahid Afridi,TT Bresnan,1,0,,,,,,,,,
1121254,2017/18,2017-11-11,"Shere Bangla National Stadium, Mirpur",2,0.2,Dhaka Dynamites,Sylhet Sixers,Shahid Afridi,E Lewis,TT Bresnan,0,1,1,,,,,,,,
1121254,2017/18,2017-11-11,"Shere Bangla National Stadium, Mirpur",2,0.3,Dhaka Dynamites,Sylhet Sixers,Shahid Afridi,E Lewis,TT Bresnan,0,0,,,,,,,,,
1121254,2017/18,2017-11-11,"Shere Bangla National Stadium, Mirpur",2,0.4,Dhaka Dynamites,Sylhet Sixers,Shahid Afridi,E Lewis,TT Bresnan,6,0,,,,,,,,,
1121254,2017/18,2017-11-11,"Shere Bangla National Stadium, Mirpur",2,0.5,Dhaka Dynamites,Sylhet Sixers,Shahid Afridi,E Lewis,TT Bresnan,0,0,,,,,,,,,
1121254,2017/18,2017-11-11,"Shere Bangla National Stadium, Mirpur",2,0.6,Dhaka Dynamites,Sylhet Sixers,Shahid Afridi,E Lewis,TT Bresnan,6,0,,,,,,,,,
1121254,2017/18,2017-11-11,"Shere Bangla National Stadium, Mirpur",2,0.7,Dhaka Dynamites,Sylhet Sixers,Shahid Afridi,E Lewis,TT Bresnan,0,0,,,,,,,,,
1121254,2017/18,2017-11-11,"Shere Bangla National Stadium, Mirpur",2,1.1,Dhaka Dynamites,Sylhet Sixers,E Lewis,Shahid Afridi,Taijul Islam,1,0,,,,,,,,,
1121254,2017/18,2017-11-11,"Shere Bangla National Stadium, Mirpur",2,1.2,Dhaka Dynamites,Sylhet Sixers,Shahid Afridi,E Lewis,Taijul Islam,6,0,,,,,,,,,
1121254,2017/18,2017-11-11,"Shere Bangla National Stadium, Mirpur",2,1.3,Dhaka Dynamites,Sylhet Sixers,Shahid Afridi,E Lewis,Taijul Islam,0,0,,,,,,,,,
1121254,2017/18,2017-11-11,"Shere Bangla National Stadium, Mirpur",2,1.4,Dhaka Dynamites,Sylhet Sixers,Shahid Afridi,E Lewis,Taijul Islam,0,0,,,,,,,,,
1121254,2017/18,2017-11-11,"Shere Bangla National Stadium, Mirpur",2,1.5,Dhaka Dynamites,Sylhet Sixers,Shahid Afridi,E Lewis,Taijul Islam,0,0,,,,,,,,,
1121254,2017/18,2017-11-11,"Shere Bangla National Stadium, Mirpur",2,1.6,Dhaka Dynamites,Sylhet Sixers,Shahid Afridi,E Lewis,Taijul Islam,2,0,,,,,,,,,
1121254,2017/18,2017-11-11,"Shere Bangla National Stadium, Mirpur",2,2.1,Dhaka Dynamites,Sylhet Sixers,E Lewis,Shahid Afridi,Abul Hasan,4,0,,,,,,,,,
1121254,2017/18,2017-11-11,"Shere Bangla National Stadium, Mirpur",2,2.2,Dhaka Dynamites,Sylhet Sixers,E Lewis,Shahid Afridi,Abul Hasan,0,0,,,,,,,,,
1121254,2017/18,2017-11-11,"Shere Bangla National Stadium, Mirpur",2,2.3,Dhaka Dynamites,Sylhet Sixers,E Lewis,Shahid Afridi,Abul Hasan,1,0,,,,,,,,,
1121254,2017/18,2017-11-11,"Shere Bangla National Stadium, Mirpur",2,2.4,Dhaka Dynamites,Sylhet Sixers,Shahid Afridi,E Lewis,Abul Hasan,0,1,1,,,,,,,,
1121254,2017/18,2017-11-11,"Shere Bangla National Stadium, Mirpur",2,2.5,Dhaka Dynamites,Sylhet Sixers,Shahid Afridi,E Lewis,Abul Hasan,4,0,,,,,,,,,
1121254,2017/18,2017-11-11,"Shere Bangla National Stadium, Mirpur",2,2.6,Dhaka Dynamites,Sylhet Sixers,Shahid Afridi,E Lewis,Abul Hasan,0,0,,,,,,,,,
1121254,2017/18,2017-11-11,"Shere Bangla National Stadium, Mirpur",2,2.7,Dhaka Dynamites,Sylhet Sixers,Shahid Afridi,E Lewis,Abul Hasan,0,0,,,,,,,,,
1121254,2017/18,2017-11-11,"Shere Bangla National Stadium, Mirpur",2,3.1,Dhaka Dynamites,Sylhet Sixers,E Lewis,Shahid Afridi,Taijul Islam,1,0,,,,,,,,,
1121254,2017/18,2017-11-11,"Shere Bangla National Stadium, Mirpur",2,3.2,Dhaka Dynamites,Sylhet Sixers,Shahid Afridi,E Lewis,Taijul Islam,6,0,,,,,,,,,
1121254,2017/18,2017-11-11,"Shere Bangla National Stadium, Mirpur",2,3.3,Dhaka Dynamites,Sylhet Sixers,Shahid Afridi,E Lewis,Taijul Islam,6,0,,,,,,,,,
1121254,2017/18,2017-11-11,"Shere Bangla National Stadium, Mirpur",2,3.4,Dhaka Dynamites,Sylhet Sixers,Shahid Afridi,E Lewis,Taijul Islam,1,0,,,,,,,,,
1121254,2017/18,2017-11-11,"Shere Bangla National Stadium, Mirpur",2,3.5,Dhaka Dynamites,Sylhet Sixers,E Lewis,Shahid Afridi,Taijul Islam,6,0,,,,,,,,,
1121254,2017/18,2017-11-11,"Shere Bangla National Stadium, Mirpur",2,3.6,Dhaka Dynamites,Sylhet Sixers,E Lewis,Shahid Afridi,Taijul Islam,6,0,,,,,,,,,
1121254,2017/18,2017-11-11,"Shere Bangla National Stadium, Mirpur",2,4.1,Dhaka Dynamites,Sylhet Sixers,Shahid Afridi,E Lewis,TT Bresnan,0,0,,,,,,lbw,Shahid Afridi,,
1121254,2017/18,2017-11-11,"Shere Bangla National Stadium, Mirpur",2,4.2,Dhaka Dynamites,Sylhet Sixers,CS Delport,E Lewis,TT Bresnan,0,0,,,,,,caught,CS Delport,,
1121254,2017/18,2017-11-11,"Shere Bangla National Stadium, Mirpur",2,4.3,Dhaka Dynamites,Sylhet Sixers,Shakib Al Hasan,E Lewis,TT Bresnan,0,0,,,,,,,,,
1121254,2017/18,2017-11-11,"Shere Bangla National Stadium, Mirpur",2,4.4,Dhaka Dynamites,Sylhet Sixers,Shakib Al Hasan,E Lewis,TT Bresnan,0,0,,,,,,,,,
1121254,2017/18,2017-11-11,"Shere Bangla National Stadium, Mirpur",2,4.5,Dhaka Dynamites,Sylhet Sixers,Shakib Al Hasan,E Lewis,TT Bresnan,0,5,5,,,,,,,,
1121254,2017/18,2017-11-11,"Shere Bangla National Stadium, Mirpur",2,4.6,Dhaka Dynamites,Sylhet Sixers,Shakib Al Hasan,E Lewis,TT Bresnan,1,0,,,,,,,,,
1121254,2017/18,2017-11-11,"Shere Bangla National Stadium, Mirpur",2,4.7,Dhaka Dynamites,Sylhet Sixers,E Lewis,Shakib Al Hasan,TT Bresnan,0,0,,,,,,,,,
1121254,2017/18,2017-11-11,"Shere Bangla National Stadium, Mirpur",2,5.1,Dhaka Dynamites,Sylhet Sixers,Shakib Al Hasan,E Lewis,Nasir Hossain,0,0,,,,,,,,,
1121254,2017/18,2017-11-11,"Shere Bangla National Stadium, Mirpur",2,5.2,Dhaka Dynamites,Sylhet Sixers,Shakib Al Hasan,E Lewis,Nasir Hossain,4,0,,,,,,,,,
1121254,2017/18,2017-11-11,"Shere Bangla National Stadium, Mirpur",2,5.3,Dhaka Dynamites,Sylhet Sixers,Shakib Al Hasan,E Lewis,Nasir Hossain,6,0,,,,,,,,,
1121254,2017/18,2017-11-11,"Shere Bangla National Stadium, Mirpur",2,5.4,Dhaka Dynamites,Sylhet Sixers,Shakib Al Hasan,E Lewis,Nasir Hossain,0,0,,,,,,,,,
1121254,2017/18,2017-11-11,"Shere Bangla National Stadium, Mirpur",2,5.5,Dhaka Dynamites,Sylhet Sixers,Shakib Al Hasan,E Lewis,Nasir Hossain,1,0,,,,,,,,,
1121254,2017/18,2017-11-11,"Shere Bangla National Stadium, Mirpur",2,5.6,Dhaka Dynamites,Sylhet Sixers,E Lewis,Shakib Al Hasan,Nasir Hossain,0,0,,,,,,,,,
1121254,2017/18,2017-11-11,"Shere Bangla National Stadium, Mirpur",2,6.1,Dhaka Dynamites,Sylhet Sixers,Shakib Al Hasan,E Lewis,MD Gunathilaka,1,0,,,,,,,,,
1121254,2017/18,2017-11-11,"Shere Bangla National Stadium, Mirpur",2,6.2,Dhaka Dynamites,Sylhet Sixers,E Lewis,Shakib Al Hasan,MD Gunathilaka,0,0,,,,,,,,,
1121254,2017/18,2017-11-11,"Shere Bangla National Stadium, Mirpur",2,6.3,Dhaka Dynamites,Sylhet Sixers,E Lewis,Shakib Al Hasan,MD Gunathilaka,0,0,,,,,,,,,
1121254,2017/18,2017-11-11,"Shere Bangla National Stadium, Mirpur",2,6.4,Dhaka Dynamites,Sylhet Sixers,E Lewis,Shakib Al Hasan,MD Gunathilaka,4,0,,,,,,,,,
1121254,2017/18,2017-11-11,"Shere Bangla National Stadium, Mirpur",2,6.5,Dhaka Dynamites,Sylhet Sixers,E Lewis,Shakib Al Hasan,MD Gunathilaka,1,0,,,,,,,,,
1121254,2017/18,2017-11-11,"Shere Bangla National Stadium, Mirpur",2,6.6,Dhaka Dynamites,Sylhet Sixers,Shakib Al Hasan,E Lewis,MD Gunathilaka,4,0,,,,,,,,,
1121254,2017/18,2017-11-11,"Shere Bangla National Stadium, Mirpur",2,7.1,Dhaka Dynamites,Sylhet Sixers,E Lewis,Shakib Al Hasan,PWH de Silva,6,0,,,,,,,,,
1121254,2017/18,2017-11-11,"Shere Bangla National Stadium, Mirpur",2,7.2,Dhaka Dynamites,Sylhet Sixers,E Lewis,Shakib Al Hasan,PWH de Silva,1,0,,,,,,,,,
1121254,2017/18,2017-11-11,"Shere Bangla National Stadium, Mirpur",2,7.3,Dhaka Dynamites,Sylhet Sixers,Shakib Al Hasan,E Lewis,PWH de Silva,1,0,,,,,,,,,
1121254,2017/18,2017-11-11,"Shere Bangla National Stadium, Mirpur",2,7.4,Dhaka Dynamites,Sylhet Sixers,E Lewis,Shakib Al Hasan,PWH de Silva,6,0,,,,,,,,,
1121254,2017/18,2017-11-11,"Shere Bangla National Stadium, Mirpur",2,7.5,Dhaka Dynamites,Sylhet Sixers,E Lewis,Shakib Al Hasan,PWH de Silva,6,0,,,,,,,,,
