match_id,season,start_date,venue,innings,ball,batting_team,bowling_team,striker,non_striker,bowler,runs_off_bat,extras,wides,noballs,byes,legbyes,penalty,wicket_type,player_dismissed,other_wicket_type,other_player_dismissed
1121273,2017/18,2017-11-27,"Zahur Ahmed Chowdhury Stadium, Chittagong",1,0.1,Chittagong Vikings,Dhaka Dynamites,L Ronchi,Soumya Sarkar,Mosaddek Hossain,0,0,,,,,,,,,
1121273,2017/18,2017-11-27,"Zahur Ahmed Chowdhury Stadium, Chittagong",1,0.2,Chittagong Vikings,Dhaka Dynamites,L Ronchi,Soumya Sarkar,Mosaddek Hossain,0,0,,,,,,,,,
1121273,2017/18,2017-11-27,"Zahur Ahmed Chowdhury Stadium, Chittagong",1,0.3,Chittagong Vikings,Dhaka Dynamites,L Ronchi,Soumya Sarkar,Mosaddek Hossain,1,0,,,,,,,,,
1121273,2017/18,2017-11-27,"Zahur Ahmed Chowdhury Stadium, Chittagong",1,0.4,Chittagong Vikings,Dhaka Dynamites,Soumya Sarkar,L Ronchi,Mosaddek Hossain,1,0,,,,,,,,,
1121273,2017/18,2017-11-27,"Zahur Ahmed Chowdhury Stadium, Chittagong",1,0.5,Chittagong Vikings,Dhaka Dynamites,L Ronchi,Soumya Sarkar,Mosaddek Hossain,6,0,,,,,,,,,
1121273,2017/18,2017-11-27,"Zahur Ahmed Chowdhury Stadium, Chittagong",1,0.6,Chittagong Vikings,Dhaka Dynamites,L Ronchi,Soumya Sarkar,Mosaddek Hossain,1,0,,,,,,,,,
1121273,2017/18,2017-11-27,"Zahur Ahmed Chowdhury Stadium, Chittagong",1,1.1,Chittagong Vikings,Dhaka Dynamites,L Ronchi,Soumya Sarkar,Shakib Al Hasan,2,0,,,,,,,,,
1121273,2017/18,2017-11-27,"Zahur Ahmed Chowdhury Stadium, Chittagong",1,1.2,Chittagong Vikings,Dhaka Dynamites,L Ronchi,Soumya Sarkar,Shakib Al Hasan,0,0,,,,,,,,,
1121273,2017/18,2017-11-27,"Zahur Ahmed Chowdhury Stadium, Chittagong",1,1.3,Chittagong Vikings,Dhaka Dynamites,L Ronchi,Soumya Sarkar,Shakib Al Hasan,4,0,,,,,,,,,
1121273,2017/18,2017-11-27,"Zahur Ahmed Chowdhury Stadium, Chittagong",1,1.4,Chittagong Vikings,Dhaka Dynamites,L Ronchi,Soumya Sarkar,Shakib Al Hasan,0,1,,,,1,,,,,
1121273,2017/18,2017-11-27,"Zahur Ahmed Chowdhury Stadium, Chittagong",1,1.5,Chittagong Vikings,Dhaka Dynamites,Soumya Sarkar,L Ronchi,Shakib Al Hasan,0,0,,,,,,,,,
1121273,2017/18,2017-11-27,"Zahur Ahmed Chowdhury Stadium, Chittagong",1,1.6,Chittagong Vikings,Dhaka Dynamites,Soumya Sarkar,L Ronchi,Shakib Al Hasan,0,0,,,,,,,,,
1121273,2017/18,2017-11-27,"Zahur Ahmed Chowdhury Stadium, Chittagong",1,2.1,Chittagong Vikings,Dhaka Dynamites,L Ronchi,Soumya Sarkar,SP Narine,1,0,,,,,,,,,
1121273,2017/18,2017-11-27,"Zahur Ahmed Chowdhury Stadium, Chittagong",1,2.2,Chittagong Vikings,Dhaka Dynamites,Soumya Sarkar,L Ronchi,SP Narine,0,0,,,,,,,,,
1121273,2017/18,2017-11-27,"Zahur Ahmed Chowdhury Stadium, Chittagong",1,2.3,Chittagong Vikings,Dhaka Dynamites,Soumya Sarkar,L Ronchi,SP Narine,0,0,,,,,,bowled,Soumya Sarkar,,
1121273,2017/18,2017-11-27,"Zahur Ahmed Chowdhury Stadium, Chittagong",1,2.4,Chittagong Vikings,Dhaka Dynamites,Anamul Haque,L Ronchi,SP Narine,0,0,,,,,,,,,
1121273,2017/18,2017-11-27,"Zahur Ahmed Chowdhury Stadium, Chittagong",1,2.5,Chittagong Vikings,Dhaka Dynamites,Anamul Haque,L Ronchi,SP Narine,0,0,,,,,,,,,
1121273,2017/18,2017-11-27,"Zahur Ahmed Chowdhury Stadium, Chittagong",1,2.6,Chittagong Vikings,Dhaka Dynamites,Anamul Haque,L Ronchi,SP Narine,0,0,,,,,,,,,
1121273,2017/18,2017-11-27,"Zahur Ahmed Chowdhury Stadium, Chittagong",1,3.1,Chittagong Vikings,Dhaka Dynamites,L Ronchi,Anamul Haque,Shahid Afridi,4,0,,,,,,,,,
1121273,2017/18,2017-11-27,"Zahur Ahmed Chowdhury Stadium, Chittagong",1,3.2,Chittagong Vikings,Dhaka Dynamites,L Ronchi,Anamul Haque,Shahid Afridi,0,0,,,,,,,,,
1121273,2017/18,2017-11-27,"Zahur Ahmed Chowdhury Stadium, Chittagong",1,3.3,Chittagong Vikings,Dhaka Dynamites,L Ronchi,Anamul Haque,Shahid Afridi,0,0,,,,,,,,,
1121273,2017/18,2017-11-27,"Zahur Ahmed Chowdhury Stadium, Chittagong",1,3.4,Chittagong Vikings,Dhaka Dynamites,L Ronchi,Anamul Haque,Shahid Afridi,6,0,,,,,,,,,
1121273,2017/18,2017-11-27,"Zahur Ahmed Chowdhury Stadium, Chittagong",1,3.5,Chittagong Vikings,Dhaka Dynamites,L Ronchi,Anamul Haque,Shahid Afridi,0,0,,,,,,,,,
1121273,2017/18,2017-11-27,"Zahur Ahmed Chowdhury Stadium, Chittagong",1,3.6,Chittagong Vikings,Dhaka Dynamites,L Ronchi,Anamul Haque,Shahid Afridi,0,0,,,,,,,,,
1121273,2017/18,2017-11-27,"Zahur Ahmed Chowdhury Stadium, Chittagong",1,4.1,Chittagong Vikings,Dhaka Dynamites,Anamul Haque,L Ronchi,Shakib Al Hasan,0,0,,,,,,,,,
1121273,2017/18,2017-11-27,"Zahur Ahmed Chowdhury Stadium, Chittagong",1,4.2,Chittagong Vikings,Dhaka Dynamites,Anamul Haque,L Ronchi,Shakib Al Hasan,6,0,,,,,,,,,
1121273,2017/18,2017-11-27,"Zahur Ahmed Chowdhury Stadium, Chittagong",1,4.3,Chittagong Vikings,Dhaka Dynamites,Anamul Haque,L Ronchi,Shakib Al Hasan,1,0,,,,,,,,,
1121273,2017/18,2017-11-27,"Zahur Ahmed Chowdhury Stadium, Chittagong",1,4.4,Chittagong Vikings,Dhaka Dynamites,L Ronchi,Anamul Haque,Shakib Al Hasan,6,0,,,,,,,,,
1121273,2017/18,2017-11-27,"Zahur Ahmed Chowdhury Stadium, Chittagong",1,4.5,Chittagong Vikings,Dhaka Dynamites,L Ronchi,Anamul Haque,Shakib Al Hasan,4,0,,,,,,,,,
1121273,2017/18,2017-11-27,"Zahur Ahmed Chowdhury Stadium, Chittagong",1,4.6,Chittagong Vikings,Dhaka Dynamites,L Ronchi,Anamul Haque,Shakib Al Hasan,6,0,,,,,,,,,
1121273,2017/18,2017-11-27,"Zahur Ahmed Chowdhury Stadium, Chittagong",1,5.1,Chittagong Vikings,Dhaka Dynamites,Anamul Haque,L Ronchi,SP Narine,0,0,,,,,,,,,
1121273,2017/18,2017-11-27,"Zahur Ahmed Chowdhury Stadium, Chittagong",1,5.2,Chittagong Vikings,Dhaka Dynamites,Anamul Haque,L Ronchi,SP Narine,1,0,,,,,,,,,
1121273,2017/18,2017-11-27,"Zahur Ahmed Chowdhury Stadium, Chittagong",1,5.3,Chittagong Vikings,Dhaka Dynamites,L Ronchi,Anamul Haque,SP Narine,0,0,,,,,,,,,
1121273,2017/18,2017-11-27,"Zahur Ahmed Chowdhury Stadium, Chittagong",1,5.4,Chittagong Vikings,Dhaka Dynamites,L Ronchi,Anamul Haque,SP Narine,1,0,,,,,,,,,
1121273,2017/18,2017-11-27,"Zahur Ahmed Chowdhury Stadium, Chittagong",1,5.5,Chittagong Vikings,Dhaka Dynamites,Anamul Haque,L Ronchi,SP Narine,1,0,,,,,,,,,
1121273,2017/18,2017-11-27,"Zahur Ahmed Chowdhury Stadium, Chittagong",1,5.6,Chittagong Vikings,Dhaka Dynamites,L Ronchi,Anamul Haque,SP Narine,0,0,,,,,,,,,
1121273,2017/18,2017-11-27,"Zahur Ahmed Chowdhury Stadium, Chittagong",1,6.1,Chittagong Vikings,Dhaka Dynamites,Anamul Haque,L Ronchi,Shahid Afridi,2,0,,,,,,,,,
1121273,2017/18,2017-11-27,"Zahur Ahmed Chowdhury Stadium, Chittagong",1,6.2,Chittagong Vikings,Dhaka Dynamites,Anamul Haque,L Ronchi,Shahid Afridi,0,0,,,,,,,,,
1121273,2017/18,2017-11-27,"Zahur Ahmed Chowdhury Stadium, Chittagong",1,6.3,Chittagong Vikings,Dhaka Dynamites,Anamul Haque,L Ronchi,Shahid Afridi,6,0,,,,,,,,,
1121273,2017/18,2017-11-27,"Zahur Ahmed Chowdhury Stadium, Chittagong",1,6.4,Chittagong Vikings,Dhaka Dynamites,Anamul Haque,L Ronchi,Shahid Afridi,0,0,,,,,,,,,
1121273,2017/18,2017-11-27,"Zahur Ahmed Chowdhury Stadium, Chittagong",1,6.5,Chittagong Vikings,Dhaka Dynamites,Anamul Haque,L Ronchi,Shahid Afridi,1,0,,,,,,,,,
1121273,2017/18,2017-11-27,"Zahur Ahmed Chowdhury Stadium, Chittagong",1,6.6,Chittagong Vikings,Dhaka Dynamites,L Ronchi,Anamul Haque,Shahid Afridi,1,0,,,,,,,,,
1121273,2017/18,2017-11-27,"Zahur Ahmed Chowdhury Stadium, Chittagong",1,7.1,Chittagong Vikings,Dhaka Dynamites,L Ronchi,Anamul Haque,Abu Hider,1,0,,,,,,,,,
1121273,2017/18,2017-11-27,"Zahur Ahmed Chowdhury Stadium, Chittagong",1,7.2,Chittagong Vikings,Dhaka Dynamites,Anamul Haque,L Ronchi,Abu Hider,2,0,,,,,,,,,
1121273,2017/18,2017-11-27,"Zahur Ahmed Chowdhury Stadium, Chittagong",1,7.3,Chittagong Vikings,Dhaka Dynamites,Anamul Haque,L Ronchi,Abu Hider,0,0,,,,,,,,,
1121273,2017/18,2017-11-27,"Zahur Ahmed Chowdhury Stadium, Chittagong",1,7.4,Chittagong Vikings,Dhaka Dynamites,Anamul Haque,L Ronchi,Abu Hider,4,0,,,,,,,,,
1121273,2017/18,2017-11-27,"Zahur Ahmed Chowdhury Stadium, Chittagong",1,7.5,Chittagong Vikings,Dhaka Dynamites,Anamul Haque,L Ronchi,Abu Hider,0,0,,,,,,,,,
1121273,2017/18,2017-11-27,"Zahur Ahmed Chowdhury Stadium, Chittagong",1,7.6,Chittagong Vikings,Dhaka Dynamites,Anamul Haque,L Ronchi,Abu Hider,6,0,,,,,,,,,
1121273,2017/18,2017-11-27,"Zahur Ahmed Chowdhury Stadium, Chittagong",1,8.1,Chittagong Vikings,Dhaka Dynamites,L Ronchi,Anamul Haque,Mohammad Saddam,4,0,,,,,,,,,
1121273,2017/18,2017-11-27,"Zahur Ahmed Chowdhury Stadium, Chittagong",1,8.2,Chittagong Vikings,Dhaka Dynamites,L Ronchi,Anamul Haque,Mohammad Saddam,1,0,,,,,,,,,
1121273,2017/18,2017-11-27,"Zahur Ahmed Chowdhury Stadium, Chittagong",1,8.3,Chittagong Vikings,Dhaka Dynamites,Anamul Haque,L Ronchi,Mohammad Saddam,1,0,,,,,,,,,
1121273,2017/18,2017-11-27,"Zahur Ahmed Chowdhury Stadium, Chittagong",1,8.4,Chittagong Vikings,Dhaka Dynamites,L Ronchi,Anamul Haque,Mohammad Saddam,1,0,,,,,,,,,
1121273,2017/18,2017-11-27,"Zahur Ahmed Chowdhury Stadium, Chittagong",1,8.5,Chittagong Vikings,Dhaka Dynamites,Anamul Haque,L Ronchi,Mohammad Saddam,1,0,,,,,,,,,
1121273,2017/18,2017-11-27,"Zahur Ahmed Chowdhury Stadium, Chittagong",1,8.6,Chittagong Vikings,Dhaka Dynamites,L Ronchi,Anamul Haque,Mohammad Saddam,0,0,,,,,,,,,
1121273,2017/18,2017-11-27,"Zahur Ahmed Chowdhury Stadium, Chittagong",1,9.1,Chittagong Vikings,Dhaka Dynamites,Anamul Haque,L Ronchi,Mohammad Shahid,1,0,,,,,,,,,
1121273,2017/18,2017-11-27,"Zahur Ahmed Chowdhury Stadium, Chittagong",1,9.2,Chittagong Vikings,Dhaka Dynamites,L Ronchi,Anamul Haque,Mohammad Shahid,1,0,,,,,,,,,
1121273,2017/18,2017-11-27,"Zahur Ahmed Chowdhury Stadium, Chittagong",1,9.3,Chittagong Vikings,Dhaka Dynamites,Anamul Haque,L Ronchi,Mohammad Shahid,4,0,,,,,,,,,
1121273,2017/18,2017-11-27,"Zahur Ahmed Chowdhury Stadium, Chittagong",1,9.4,Chittagong Vikings,Dhaka Dynamites,Anamul Haque,L Ronchi,Mohammad Shahid,1,0,,,,,,,,,
1121273,2017/18,2017-11-27,"Zahur Ahmed Chowdhury Stadium, Chittagong",1,9.5,Chittagong Vikings,Dhaka Dynamites,L Ronchi,Anamul Haque,Mohammad Shahid,1,0,,,,,,,,,
1121273,2017/18,2017-11-27,"Zahur Ahmed Chowdhury Stadium, Chittagong",1,9.6,Chittagong Vikings,Dhaka Dynamites,Anamul Haque,L Ronchi,Mohammad Shahid,1,0,,,,,,,,,
1121273,2017/18,2017-11-27,"Zahur Ahmed Chowdhury Stadium, Chittagong",1,10.1,Chittagong Vikings,Dhaka Dynamites,Anamul Haque,L Ronchi,Mohammad Saddam,1,0,,,,,,,,,
1121273,2017/18,2017-11-27,"Zahur Ahmed Chowdhury Stadium, Chittagong",1,10.2,Chittagong Vikings,Dhaka Dynamites,L Ronchi,Anamul Haque,Mohammad Saddam,2,0,,,,,,,,,
1121273,2017/18,2017-11-27,"Zahur Ahmed Chowdhury Stadium, Chittagong",1,10.3,Chittagong Vikings,Dhaka Dynamites,L Ronchi,Anamul Haque,Mohammad Saddam,0,5,5,,,,,,,,
1121273,2017/18,2017-11-27,"Zahur Ahmed Chowdhury Stadium, Chittagong",1,10.4,Chittagong Vikings,Dhaka Dynamites,L Ronchi,Anamul Haque,Mohammad Saddam,0,1,,,,1,,,,,
1121273,2017/18,2017-11-27,"Zahur Ahmed Chowdhury Stadium, Chittagong",1,10.5,Chittagong Vikings,Dhaka Dynamites,Anamul Haque,L Ronchi,Mohammad Saddam,0,1,1,,,,,,,,
1121273,2017/18,2017-11-27,"Zahur Ahmed Chowdhury Stadium, Chittagong",1,10.6,Chittagong Vikings,Dhaka Dynamites,Anamul Haque,L Ronchi,Mohammad Saddam,1,0,,,,,,,,,
1121273,2017/18,2017-11-27,"Zahur Ahmed Chowdhury Stadium, Chittagong",1,10.7,Chittagong Vikings,Dhaka Dynamites,L Ronchi,Anamul Haque,Mohammad Saddam,1,0,,,,,,,,,
1121273,2017/18,2017-11-27,"Zahur Ahmed Chowdhury Stadium, Chittagong",1,10.8,Chittagong Vikings,Dhaka Dynamites,Anamul Haque,L Ronchi,Mohammad Saddam,0,1,1,,,,,,,,
1121273,2017/18,2017-11-27,"Zahur Ahmed Chowdhury Stadium, Chittagong",1,10.9,Chittagong Vikings,Dhaka Dynamites,Anamul Haque,L Ronchi,Mohammad Saddam,2,0,,,,,,,,,
1121273,2017/18,2017-11-27,"Zahur Ahmed Chowdhury Stadium, Chittagong",1,11.1,Chittagong Vikings,Dhaka Dynamites,L Ronchi,Anamul Haque,Shahid Afridi,1,0,,,,,,,,,
1121273,2017/18,2017-11-27,"Zahur Ahmed Chowdhury Stadium, Chittagong",1,11.2,Chittagong Vikings,Dhaka Dynamites,Anamul Haque,L Ronchi,Shahid Afridi,0,0,,,,,,,,,
1121273,2017/18,2017-11-27,"Zahur Ahmed Chowdhury Stadium, Chittagong",1,11.3,Chittagong Vikings,Dhaka Dynamites,Anamul Haque,L Ronchi,Shahid Afridi,1,0,,,,,,,,,
1121273,2017/18,2017-11-27,"Zahur Ahmed Chowdhury Stadium, Chittagong",1,11.4,Chittagong Vikings,Dhaka Dynamites,L Ronchi,Anamul Haque,Shahid Afridi,1,0,,,,,,,,,
1121273,2017/18,2017-11-27,"Zahur Ahmed Chowdhury Stadium, Chittagong",1,11.5,Chittagong Vikings,Dhaka Dynamites,Anamul Haque,L Ronchi,Shahid Afridi,6,0,,,,,,,,,
1121273,2017/18,2017-11-27,"Zahur Ahmed Chowdhury Stadium, Chittagong",1,11.6,Chittagong Vikings,Dhaka Dynamites,Anamul Haque,L Ronchi,Shahid Afridi,0,0,,,,,,,,,
1121273,2017/18,2017-11-27,"Zahur Ahmed Chowdhury Stadium, Chittagong",1,12.1,Chittagong Vikings,Dhaka Dynamites,L Ronchi,Anamul Haque,Mohammad Shahid,0,0,,,,,,,,,
1121273,2017/18,2017-11-27,"Zahur Ahmed Chowdhury Stadium, Chittagong",1,12.2,Chittagong Vikings,Dhaka Dynamites,L Ronchi,Anamul Haque,Mohammad Shahid,1,0,,,,,,,,,
1121273,2017/18,2017-11-27,"Zahur Ahmed Chowdhury Stadium, Chittagong",1,12.3,Chittagong Vikings,Dhaka Dynamites,Anamul Haque,L Ronchi,Mohammad Shahid,4,0,,,,,,,,,
1121273,2017/18,2017-11-27,"Zahur Ahmed Chowdhury Stadium, Chittagong",1,12.4,Chittagong Vikings,Dhaka Dynamites,Anamul Haque,L Ronchi,Mohammad Shahid,1,0,,,,,,,,,
1121273,2017/18,2017-11-27,"Zahur Ahmed Chowdhury Stadium, Chittagong",1,12.5,Chittagong Vikings,Dhaka Dynamites,L Ronchi,Anamul Haque,Mohammad Shahid,1,0,,,,,,,,,
1121273,2017/18,2017-11-27,"Zahur Ahmed Chowdhury Stadium, Chittagong",1,12.6,Chittagong Vikings,Dhaka Dynamites,Anamul Haque,L Ronchi,Mohammad Shahid,0,0,,,,,,,,,
1121273,2017/18,2017-11-27,"Zahur Ahmed Chowdhury Stadium, Chittagong",1,13.1,Chittagong Vikings,Dhaka Dynamites,L Ronchi,Anamul Haque,Shakib Al Hasan,0,0,,,,,,,,,
1121273,2017/18,2017-11-27,"Zahur Ahmed Chowdhury Stadium, Chittagong",1,13.2,Chittagong Vikings,Dhaka Dynamites,L Ronchi,Anamul Haque,Shakib Al Hasan,0,0,,,,,,caught,L Ronchi,,
1121273,2017/18,2017-11-27,"Zahur Ahmed Chowdhury Stadium, Chittagong",1,13.3,Chittagong Vikings,Dhaka Dynamites,Anamul Haque,S van Zyl,Shakib Al Hasan,0,0,,,,,,,,,
1121273,2017/18,2017-11-27,"Zahur Ahmed Chowdhury Stadium, Chittagong",1,13.4,Chittagong Vikings,Dhaka Dynamites,Anamul Haque,S van Zyl,Shakib Al Hasan,1,0,,,,,,,,,
1121273,2017/18,2017-11-27,"Zahur Ahmed Chowdhury Stadium, Chittagong",1,13.5,Chittagong Vikings,Dhaka Dynamites,S van Zyl,Anamul Haque,Shakib Al Hasan,1,0,,,,,,,,,
1121273,2017/18,2017-11-27,"Zahur Ahmed Chowdhury Stadium, Chittagong",1,13.6,Chittagong Vikings,Dhaka Dynamites,Anamul Haque,S van Zyl,Shakib Al Hasan,6,0,,,,,,,,,
1121273,2017/18,2017-11-27,"Zahur Ahmed Chowdhury Stadium, Chittagong",1,14.1,Chittagong Vikings,Dhaka Dynamites,S van Zyl,Anamul Haque,SP Narine,0,0,,,,,,,,,
1121273,2017/18,2017-11-27,"Zahur Ahmed Chowdhury Stadium, Chittagong",1,14.2,Chittagong Vikings,Dhaka Dynamites,S van Zyl,Anamul Haque,SP Narine,0,0,,,,,,,,,
1121273,2017/18,2017-11-27,"Zahur Ahmed Chowdhury Stadium, Chittagong",1,14.3,Chittagong Vikings,Dhaka Dynamites,S van Zyl,Anamul Haque,SP Narine,0,0,,,,,,,,,
1121273,2017/18,2017-11-27,"Zahur Ahmed Chowdhury Stadium, Chittagong",1,14.4,Chittagong Vikings,Dhaka Dynamites,S van Zyl,Anamul Haque,SP Narine,0,0,,,,,,,,,
1121273,2017/18,2017-11-27,"Zahur Ahmed Chowdhury Stadium, Chittagong",1,14.5,Chittagong Vikings,Dhaka Dynamites,S van Zyl,Anamul Haque,SP Narine,1,0,,,,,,,,,
1121273,2017/18,2017-11-27,"Zahur Ahmed Chowdhury Stadium, Chittagong",1,14.6,Chittagong Vikings,Dhaka Dynamites,Anamul Haque,S van Zyl,SP Narine,1,0,,,,,,,,,
1121273,2017/18,2017-11-27,"Zahur Ahmed Chowdhury Stadium, Chittagong",1,15.1,Chittagong Vikings,Dhaka Dynamites,Anamul Haque,S van Zyl,Abu Hider,6,0,,,,,,,,,
1121273,2017/18,2017-11-27,"Zahur Ahmed Chowdhury Stadium, Chittagong",1,15.2,Chittagong Vikings,Dhaka Dynamites,Anamul Haque,S van Zyl,Abu Hider,0,0,,,,,,run out,S van Zyl,,
1121273,2017/18,2017-11-27,"Zahur Ahmed Chowdhury Stadium, Chittagong",1,15.3,Chittagong Vikings,Dhaka Dynamites,Anamul Haque,Najibullah Zadran,Abu Hider,0,0,,,,,,,,,
1121273,2017/18,2017-11-27,"Zahur Ahmed Chowdhury Stadium, Chittagong",1,15.4,Chittagong Vikings,Dhaka Dynamites,Anamul Haque,Najibullah Zadran,Abu Hider,1,0,,,,,,,,,
1121273,2017/18,2017-11-27,"Zahur Ahmed Chowdhury Stadium, Chittagong",1,15.5,Chittagong Vikings,Dhaka Dynamites,Najibullah Zadran,Anamul Haque,Abu Hider,0,0,,,,,,,,,
1121273,2017/18,2017-11-27,"Zahur Ahmed Chowdhury Stadium, Chittagong",1,15.6,Chittagong Vikings,Dhaka Dynamites,Najibullah Zadran,Anamul Haque,Abu Hider,1,0,,,,,,,,,
1121273,2017/18,2017-11-27,"Zahur Ahmed Chowdhury Stadium, Chittagong",1,16.1,Chittagong Vikings,Dhaka Dynamites,Najibullah Zadran,Anamul Haque,SP Narine,1,0,,,,,,,,,
1121273,2017/18,2017-11-27,"Zahur Ahmed Chowdhury Stadium, Chittagong",1,16.2,Chittagong Vikings,Dhaka Dynamites,Anamul Haque,Najibullah Zadran,SP Narine,2,0,,,,,,,,,
1121273,2017/18,2017-11-27,"Zahur Ahmed Chowdhury Stadium, Chittagong",1,16.3,Chittagong Vikings,Dhaka Dynamites,Anamul Haque,Najibullah Zadran,SP Narine,0,0,,,,,,,,,
1121273,2017/18,2017-11-27,"Zahur Ahmed Chowdhury Stadium, Chittagong",1,16.4,Chittagong Vikings,Dhaka Dynamites,Anamul Haque,Najibullah Zadran,SP Narine,1,0,,,,,,,,,
1121273,2017/18,2017-11-27,"Zahur Ahmed Chowdhury Stadium, Chittagong",1,16.5,Chittagong Vikings,Dhaka Dynamites,Najibullah Zadran,Anamul Haque,SP Narine,0,0,,,,,,,,,
1121273,2017/18,2017-11-27,"Zahur Ahmed Chowdhury Stadium, Chittagong",1,16.6,Chittagong Vikings,Dhaka Dynamites,Najibullah Zadran,Anamul Haque,SP Narine,1,0,,,,,,,,,
1121273,2017/18,2017-11-27,"Zahur Ahmed Chowdhury Stadium, Chittagong",1,17.1,Chittagong Vikings,Dhaka Dynamites,Najibullah Zadran,Anamul Haque,Abu Hider,1,0,,,,,,,,,
1121273,2017/18,2017-11-27,"Zahur Ahmed Chowdhury Stadium, Chittagong",1,17.2,Chittagong Vikings,Dhaka Dynamites,Anamul Haque,Najibullah Zadran,Abu Hider,0,0,,,,,,caught,Anamul Haque,,
1121273,2017/18,2017-11-27,"Zahur Ahmed Chowdhury Stadium, Chittagong",1,17.3,Chittagong Vikings,Dhaka Dynamites,Sikandar Raza,Najibullah Zadran,Abu Hider,4,0,,,,,,,,,
1121273,2017/18,2017-11-27,"Zahur Ahmed Chowdhury Stadium, Chittagong",1,17.4,Chittagong Vikings,Dhaka Dynamites,Sikandar Raza,Najibullah Zadran,Abu Hider,4,0,,,,,,,,,
1121273,2017/18,2017-11-27,"Zahur Ahmed Chowdhury Stadium, Chittagong",1,17.5,Chittagong Vikings,Dhaka Dynamites,Sikandar Raza,Najibullah Zadran,Abu Hider,1,0,,,,,,,,,
1121273,2017/18,2017-11-27,"Zahur Ahmed Chowdhury Stadium, Chittagong",1,17.6,Chittagong Vikings,Dhaka Dynamites,Najibullah Zadran,Sikandar Raza,Abu Hider,4,0,,,,,,,,,
1121273,2017/18,2017-11-27,"Zahur Ahmed Chowdhury Stadium, Chittagong",1,18.1,Chittagong Vikings,Dhaka Dynamites,Sikandar Raza,Najibullah Zadran,Mohammad Shahid,1,0,,,,,,,,,
1121273,2017/18,2017-11-27,"Zahur Ahmed Chowdhury Stadium, Chittagong",1,18.2,Chittagong Vikings,Dhaka Dynamites,Najibullah Zadran,Sikandar Raza,Mohammad Shahid,6,0,,,,,,,,,
1121273,2017/18,2017-11-27,"Zahur Ahmed Chowdhury Stadium, Chittagong",1,18.3,Chittagong Vikings,Dhaka Dynamites,Najibullah Zadran,Sikandar Raza,Mohammad Shahid,2,0,,,,,,,,,
1121273,2017/18,2017-11-27,"Zahur Ahmed Chowdhury Stadium, Chittagong",1,18.4,Chittagong Vikings,Dhaka Dynamites,Najibullah Zadran,Sikandar Raza,Mohammad Shahid,0,0,,,,,,caught,Najibullah Zadran,,
1121273,2017/18,2017-11-27,"Zahur Ahmed Chowdhury Stadium, Chittagong",1,18.5,Chittagong Vikings,Dhaka Dynamites,Sikandar Raza,RR Emrit,Mohammad Shahid,2,0,,,,,,,,,
1121273,2017/18,2017-11-27,"Zahur Ahmed Chowdhury Stadium, Chittagong",1,18.6,Chittagong Vikings,Dhaka Dynamites,Sikandar Raza,RR Emrit,Mohammad Shahid,1,0,,,,,,,,,
1121273,2017/18,2017-11-27,"Zahur Ahmed Chowdhury Stadium, Chittagong",1,19.1,Chittagong Vikings,Dhaka Dynamites,Sikandar Raza,RR Emrit,Shakib Al Hasan,4,0,,,,,,,,,
1121273,2017/18,2017-11-27,"Zahur Ahmed Chowdhury Stadium, Chittagong",1,19.2,Chittagong Vikings,Dhaka Dynamites,Sikandar Raza,RR Emrit,Shakib Al Hasan,1,0,,,,,,,,,
1121273,2017/18,2017-11-27,"Zahur Ahmed Chowdhury Stadium, Chittagong",1,19.3,Chittagong Vikings,Dhaka Dynamites,RR Emrit,Sikandar Raza,Shakib Al Hasan,1,0,,,,,,,,,
1121273,2017/18,2017-11-27,"Zahur Ahmed Chowdhury Stadium, Chittagong",1,19.4,Chittagong Vikings,Dhaka Dynamites,Sikandar Raza,RR Emrit,Shakib Al Hasan,2,0,,,,,,,,,
1121273,2017/18,2017-11-27,"Zahur Ahmed Chowdhury Stadium, Chittagong",1,19.5,Chittagong Vikings,Dhaka Dynamites,Sikandar Raza,RR Emrit,Shakib Al Hasan,4,0,,,,,,,,,
1121273,2017/18,2017-11-27,"Zahur Ahmed Chowdhury Stadium, Chittagong",1,19.6,Chittagong Vikings,Dhaka Dynamites,Sikandar Raza,RR Emrit,Shakib Al Hasan,2,0,,,,,,,,,
1121273,2017/18,2017-11-27,"Zahur Ahmed Chowdhury Stadium, Chittagong",2,0.1,Dhaka Dynamites,Chittagong Vikings,E Lewis,Shahid Afridi,Taskin Ahmed,1,0,,,,,,,,,
1121273,2017/18,2017-11-27,"Zahur Ahmed Chowdhury Stadium, Chittagong",2,0.2,Dhaka Dynamites,Chittagong Vikings,Shahid Afridi,E Lewis,Taskin Ahmed,0,0,,,,,,,,,
1121273,2017/18,2017-11-27,"Zahur Ahmed Chowdhury Stadium, Chittagong",2,0.3,Dhaka Dynamites,Chittagong Vikings,Shahid Afridi,E Lewis,Taskin Ahmed,0,0,,,,,,caught,Shahid Afridi,,
1121273,2017/18,2017-11-27,"Zahur Ahmed Chowdhury Stadium, Chittagong",2,0.4,Dhaka Dynamites,Chittagong Vikings,JL Denly,E Lewis,Taskin Ahmed,4,0,,,,,,,,,
1121273,2017/18,2017-11-27,"Zahur Ahmed Chowdhury Stadium, Chittagong",2,0.5,Dhaka Dynamites,Chittagong Vikings,JL Denly,E Lewis,Taskin Ahmed,0,0,,,,,,,,,
1121273,2017/18,2017-11-27,"Zahur Ahmed Chowdhury Stadium, Chittagong",2,0.6,Dhaka Dynamites,Chittagong Vikings,JL Denly,E Lewis,Taskin Ahmed,0,0,,,,,,,,,
1121273,2017/18,2017-11-27,"Zahur Ahmed Chowdhury Stadium, Chittagong",2,1.1,Dhaka Dynamites,Chittagong Vikings,E Lewis,JL Denly,Sikandar Raza,0,0,,,,,,,,,
1121273,2017/18,2017-11-27,"Zahur Ahmed Chowdhury Stadium, Chittagong",2,1.2,Dhaka Dynamites,Chittagong Vikings,E Lewis,JL Denly,Sikandar Raza,1,0,,,,,,,,,
1121273,2017/18,2017-11-27,"Zahur Ahmed Chowdhury Stadium, Chittagong",2,1.3,Dhaka Dynamites,Chittagong Vikings,JL Denly,E Lewis,Sikandar Raza,1,0,,,,,,,,,
1121273,2017/18,2017-11-27,"Zahur Ahmed Chowdhury Stadium, Chittagong",2,1.4,Dhaka Dynamites,Chittagong Vikings,E Lewis,JL Denly,Sikandar Raza,0,0,,,,,,,,,
1121273,2017/18,2017-11-27,"Zahur Ahmed Chowdhury Stadium, Chittagong",2,1.5,Dhaka Dynamites,Chittagong Vikings,E Lewis,JL Denly,Sikandar Raza,1,0,,,,,,,,,
1121273,2017/18,2017-11-27,"Zahur Ahmed Chowdhury Stadium, Chittagong",2,1.6,Dhaka Dynamites,Chittagong Vikings,JL Denly,E Lewis,Sikandar Raza,1,0,,,,,,,,,
1121273,2017/18,2017-11-27,"Zahur Ahmed Chowdhury Stadium, Chittagong",2,2.1,Dhaka Dynamites,Chittagong Vikings,JL Denly,E Lewis,Al-Amin,4,0,,,,,,,,,
1121273,2017/18,2017-11-27,"Zahur Ahmed Chowdhury Stadium, Chittagong",2,2.2,Dhaka Dynamites,Chittagong Vikings,JL Denly,E Lewis,Al-Amin,4,0,,,,,,,,,
1121273,2017/18,2017-11-27,"Zahur Ahmed Chowdhury Stadium, Chittagong",2,2.3,Dhaka Dynamites,Chittagong Vikings,JL Denly,E Lewis,Al-Amin,2,0,,,,,,,,,
1121273,2017/18,2017-11-27,"Zahur Ahmed Chowdhury Stadium, Chittagong",2,2.4,Dhaka Dynamites,Chittagong Vikings,JL Denly,E Lewis,Al-Amin,0,0,,,,,,,,,
1121273,2017/18,2017-11-27,"Zahur Ahmed Chowdhury Stadium, Chittagong",2,2.5,Dhaka Dynamites,Chittagong Vikings,JL Denly,E Lewis,Al-Amin,0,0,,,,,,,,,
1121273,2017/18,2017-11-27,"Zahur Ahmed Chowdhury Stadium, Chittagong",2,2.6,Dhaka Dynamites,Chittagong Vikings,JL Denly,E Lewis,Al-Amin,0,0,,,,,,,,,
1121273,2017/18,2017-11-27,"Zahur Ahmed Chowdhury Stadium, Chittagong",2,3.1,Dhaka Dynamites,Chittagong Vikings,E Lewis,JL Denly,Sikandar Raza,1,0,,,,,,,,,
1121273,2017/18,2017-11-27,"Zahur Ahmed Chowdhury Stadium, Chittagong",2,3.2,Dhaka Dynamites,Chittagong Vikings,JL Denly,E Lewis,Sikandar Raza,2,0,,,,,,,,,
1121273,2017/18,2017-11-27,"Zahur Ahmed Chowdhury Stadium, Chittagong",2,3.3,Dhaka Dynamites,Chittagong Vikings,JL Denly,E Lewis,Sikandar Raza,0,0,,,,,,,,,
1121273,2017/18,2017-11-27,"Zahur Ahmed Chowdhury Stadium, Chittagong",2,3.4,Dhaka Dynamites,Chittagong Vikings,JL Denly,E Lewis,Sikandar Raza,0,0,,,,,,,,,
1121273,2017/18,2017-11-27,"Zahur Ahmed Chowdhury Stadium, Chittagong",2,3.5,Dhaka Dynamites,Chittagong Vikings,JL Denly,E Lewis,Sikandar Raza,1,0,,,,,,,,,
1121273,2017/18,2017-11-27,"Zahur Ahmed Chowdhury Stadium, Chittagong",2,3.6,Dhaka Dynamites,Chittagong Vikings,E Lewis,JL Denly,Sikandar Raza,6,0,,,,,,,,,
1121273,2017/18,2017-11-27,"Zahur Ahmed Chowdhury Stadium, Chittagong",2,4.1,Dhaka Dynamites,Chittagong Vikings,JL Denly,E Lewis,RR Emrit,0,0,,,,,,,,,
1121273,2017/18,2017-11-27,"Zahur Ahmed Chowdhury Stadium, Chittagong",2,4.2,Dhaka Dynamites,Chittagong Vikings,JL Denly,E Lewis,RR Emrit,0,0,,,,,,,,,
1121273,2017/18,2017-11-27,"Zahur Ahmed Chowdhury Stadium, Chittagong",2,4.3,Dhaka Dynamites,Chittagong Vikings,JL Denly,E Lewis,RR Emrit,6,0,,,,,,,,,
1121273,2017/18,2017-11-27,"Zahur Ahmed Chowdhury Stadium, Chittagong",2,4.4,Dhaka Dynamites,Chittagong Vikings,JL Denly,E Lewis,RR Emrit,1,0,,,,,,,,,
1121273,2017/18,2017-11-27,"Zahur Ahmed Chowdhury Stadium, Chittagong",2,4.5,Dhaka Dynamites,Chittagong Vikings,E Lewis,JL Denly,RR Emrit,0,0,,,,,,,,,
1121273,2017/18,2017-11-27,"Zahur Ahmed Chowdhury Stadium, Chittagong",2,4.6,Dhaka Dynamites,Chittagong Vikings,E Lewis,JL Denly,RR Emrit,4,0,,,,,,,,,
1121273,2017/18,2017-11-27,"Zahur Ahmed Chowdhury Stadium, Chittagong",2,5.1,Dhaka Dynamites,Chittagong Vikings,JL Denly,E Lewis,Sikandar Raza,1,0,,,,,,,,,
1121273,2017/18,2017-11-27,"Zahur Ahmed Chowdhury Stadium, Chittagong",2,5.2,Dhaka Dynamites,Chittagong Vikings,E Lewis,JL Denly,Sikandar Raza,0,0,,,,,,,,,
1121273,2017/18,2017-11-27,"Zahur Ahmed Chowdhury Stadium, Chittagong",2,5.3,Dhaka Dynamites,Chittagong Vikings,E Lewis,JL Denly,Sikandar Raza,0,0,,,,,,,,,
1121273,2017/18,2017-11-27,"Zahur Ahmed Chowdhury Stadium, Chittagong",2,5.4,Dhaka Dynamites,Chittagong Vikings,E Lewis,JL Denly,Sikandar Raza,4,0,,,,,,,,,
1121273,2017/18,2017-11-27,"Zahur Ahmed Chowdhury Stadium, Chittagong",2,5.5,Dhaka Dynamites,Chittagong Vikings,E Lewis,JL Denly,Sikandar Raza,6,0,,,,,,,,,
1121273,2017/18,2017-11-27,"Zahur Ahmed Chowdhury Stadium, Chittagong",2,5.6,Dhaka Dynamites,Chittagong Vikings,E Lewis,JL Denly,Sikandar Raza,0,0,,,,,,,,,
1121273,2017/18,2017-11-27,"Zahur Ahmed Chowdhury Stadium, Chittagong",2,6.1,Dhaka Dynamites,Chittagong Vikings,JL Denly,E Lewis,Al-Amin,0,0,,,,,,,,,
1121273,2017/18,2017-11-27,"Zahur Ahmed Chowdhury Stadium, Chittagong",2,6.2,Dhaka Dynamites,Chittagong Vikings,JL Denly,E Lewis,Al-Amin,0,0,,,,,,,,,
1121273,2017/18,2017-11-27,"Zahur Ahmed Chowdhury Stadium, Chittagong",2,6.3,Dhaka Dynamites,Chittagong Vikings,JL Denly,E Lewis,Al-Amin,1,0,,,,,,,,,
1121273,2017/18,2017-11-27,"Zahur Ahmed Chowdhury Stadium, Chittagong",2,6.4,Dhaka Dynamites,Chittagong Vikings,E Lewis,JL Denly,Al-Amin,1,0,,,,,,,,,
1121273,2017/18,2017-11-27,"Zahur Ahmed Chowdhury Stadium, Chittagong",2,6.5,Dhaka Dynamites,Chittagong Vikings,JL Denly,E Lewis,Al-Amin,1,0,,,,,,,,,
1121273,2017/18,2017-11-27,"Zahur Ahmed Chowdhury Stadium, Chittagong",2,6.6,Dhaka Dynamites,Chittagong Vikings,E Lewis,JL Denly,Al-Amin,6,0,,,,,,,,,
1121273,2017/18,2017-11-27,"Zahur Ahmed Chowdhury Stadium, Chittagong",2,7.1,Dhaka Dynamites,Chittagong Vikings,JL Denly,E Lewis,Soumya Sarkar,1,0,,,,,,,,,
1121273,2017/18,2017-11-27,"Zahur Ahmed Chowdhury Stadium, Chittagong",2,7.2,Dhaka Dynamites,Chittagong Vikings,E Lewis,JL Denly,Soumya Sarkar,0,0,,,,,,,,,
1121273,2017/18,2017-11-27,"Zahur Ahmed Chowdhury Stadium, Chittagong",2,7.3,Dhaka Dynamites,Chittagong Vikings,E Lewis,JL Denly,Soumya Sarkar,0,0,,,,,,,,,
1121273,2017/18,2017-11-27,"Zahur Ahmed Chowdhury Stadium, Chittagong",2,7.4,Dhaka Dynamites,Chittagong Vikings,E Lewis,JL Denly,Soumya Sarkar,4,0,,,,,,,,,
1121273,2017/18,2017-11-27,"Zahur Ahmed Chowdhury Stadium, Chittagong",2,7.5,Dhaka Dynamites,Chittagong Vikings,E Lewis,JL Denly,Soumya Sarkar,0,0,,,,,,,,,
1121273,2017/18,2017-11-27,"Zahur Ahmed Chowdhury Stadium, Chittagong",2,7.6,Dhaka Dynamites,Chittagong Vikings,E Lewis,JL Denly,Soumya Sarkar,1,0,,,,,,,,,
1121273,2017/18,2017-11-27,"Zahur Ahmed Chowdhury Stadium, Chittagong",2,8.1,Dhaka Dynamites,Chittagong Vikings,E Lewis,JL Denly,Sunzamul Islam,6,0,,,,,,,,,
1121273,2017/18,2017-11-27,"Zahur Ahmed Chowdhury Stadium, Chittagong",2,8.2,Dhaka Dynamites,Chittagong Vikings,E Lewis,JL Denly,Sunzamul Islam,6,0,,,,,,,,,
1121273,2017/18,2017-11-27,"Zahur Ahmed Chowdhury Stadium, Chittagong",2,8.3,Dhaka Dynamites,Chittagong Vikings,E Lewis,JL Denly,Sunzamul Islam,6,0,,,,,,,,,
1121273,2017/18,2017-11-27,"Zahur Ahmed Chowdhury Stadium, Chittagong",2,8.4,Dhaka Dynamites,Chittagong Vikings,E Lewis,JL Denly,Sunzamul Islam,1,0,,,,,,,,,
1121273,2017/18,2017-11-27,"Zahur Ahmed Chowdhury Stadium, Chittagong",2,8.5,Dhaka Dynamites,Chittagong Vikings,JL Denly,E Lewis,Sunzamul Islam,1,0,,,,,,,,,
1121273,2017/18,2017-11-27,"Zahur Ahmed Chowdhury Stadium, Chittagong",2,8.6,Dhaka Dynamites,Chittagong Vikings,E Lewis,JL Denly,Sunzamul Islam,6,0,,,,,,,,,
1121273,2017/18,2017-11-27,"Zahur Ahmed Chowdhury Stadium, Chittagong",2,9.1,Dhaka Dynamites,Chittagong Vikings,JL Denly,E Lewis,Soumya Sarkar,0,0,,,,,,,,,
1121273,2017/18,2017-11-27,"Zahur Ahmed Chowdhury Stadium, Chittagong",2,9.2,Dhaka Dynamites,Chittagong Vikings,JL Denly,E Lewis,Soumya Sarkar,1,0,,,,,,,,,
1121273,2017/18,2017-11-27,"Zahur Ahmed Chowdhury Stadium, Chittagong",2,9.3,Dhaka Dynamites,Chittagong Vikings,E Lewis,JL Denly,Soumya Sarkar,6,0,,,,,,,,,
1121273,2017/18,2017-11-27,"Zahur Ahmed Chowdhury Stadium, Chittagong",2,9.4,Dhaka Dynamites,Chittagong Vikings,E Lewis,JL Denly,Soumya Sarkar,0,1,1,,,,,,,,
1121273,2017/18,2017-11-27,"Zahur Ahmed Chowdhury Stadium, Chittagong",2,9.5,Dhaka Dynamites,Chittagong Vikings,E Lewis,JL Denly,Soumya Sarkar,1,0,,,,,,,,,
1121273,2017/18,2017-11-27,"Zahur Ahmed Chowdhury Stadium, Chittagong",2,9.6,Dhaka Dynamites,Chittagong Vikings,JL Denly,E Lewis,Soumya Sarkar,2,0,,,,,,,,,
1121273,2017/18,2017-11-27,"Zahur Ahmed Chowdhury Stadium, Chittagong",2,9.7,Dhaka Dynamites,Chittagong Vikings,JL Denly,E Lewis,Soumya Sarkar,1,0,,,,,,,,,
1121273,2017/18,2017-11-27,"Zahur Ahmed Chowdhury Stadium, Chittagong",2,10.1,Dhaka Dynamites,Chittagong Vikings,JL Denly,E Lewis,Taskin Ahmed,1,0,,,,,,,,,
1121273,2017/18,2017-11-27,"Zahur Ahmed Chowdhury Stadium, Chittagong",2,10.2,Dhaka Dynamites,Chittagong Vikings,E Lewis,JL Denly,Taskin Ahmed,1,0,,,,,,,,,
1121273,2017/18,2017-11-27,"Zahur Ahmed Chowdhury Stadium, Chittagong",2,10.3,Dhaka Dynamites,Chittagong Vikings,JL Denly,E Lewis,Taskin Ahmed,4,0,,,,,,,,,
1121273,2017/18,2017-11-27,"Zahur Ahmed Chowdhury Stadium, Chittagong",2,10.4,Dhaka Dynamites,Chittagong Vikings,JL Denly,E Lewis,Taskin Ahmed,0,0,,,,,,,,,
1121273,2017/18,2017-11-27,"Zahur Ahmed Chowdhury Stadium, Chittagong",2,10.5,Dhaka Dynamites,Chittagong Vikings,JL Denly,E Lewis,Taskin Ahmed,1,0,,,,,,,,,
1121273,2017/18,2017-11-27,"Zahur Ahmed Chowdhury Stadium, Chittagong",2,10.6,Dhaka Dynamites,Chittagong Vikings,E Lewis,JL Denly,Taskin Ahmed,6,0,,,,,,,,,
1121273,2017/18,2017-11-27,"Zahur Ahmed Chowdhury Stadium, Chittagong",2,11.1,Dhaka Dynamites,Chittagong Vikings,JL Denly,E Lewis,RR Emrit,1,0,,,,,,,,,
1121273,2017/18,2017-11-27,"Zahur Ahmed Chowdhury Stadium, Chittagong",2,11.2,Dhaka Dynamites,Chittagong Vikings,E Lewis,JL Denly,RR Emrit,0,1,1,,,,,,,,
1121273,2017/18,2017-11-27,"Zahur Ahmed Chowdhury Stadium, Chittagong",2,11.3,Dhaka Dynamites,Chittagong Vikings,E Lewis,JL Denly,RR Emrit,0,0,,,,,,caught,E Lewis,,
1121273,2017/18,2017-11-27,"Zahur Ahmed Chowdhury Stadium, Chittagong",2,11.4,Dhaka Dynamites,Chittagong Vikings,Shakib Al Hasan,JL Denly,RR Emrit,1,0,,,,,,,,,
1121273,2017/18,2017-11-27,"Zahur Ahmed Chowdhury Stadium, Chittagong",2,11.5,Dhaka Dynamites,Chittagong Vikings,JL Denly,Shakib Al Hasan,RR Emrit,1,0,,,,,,,,,
1121273,2017/18,2017-11-27,"Zahur Ahmed Chowdhury Stadium, Chittagong",2,11.6,Dhaka Dynamites,Chittagong Vikings,Shakib Al Hasan,JL Denly,RR Emrit,0,1,1,,,,,,,,
1121273,2017/18,2017-11-27,"Zahur Ahmed Chowdhury Stadium, Chittagong",2,11.7,Dhaka Dynamites,Chittagong Vikings,Shakib Al Hasan,JL Denly,RR Emrit,1,0,,,,,,,,,
1121273,2017/18,2017-11-27,"Zahur Ahmed Chowdhury Stadium, Chittagong",2,11.8,Dhaka Dynamites,Chittagong Vikings,JL Denly,Shakib Al Hasan,RR Emrit,1,0,,,,,,,,,
1121273,2017/18,2017-11-27,"Zahur Ahmed Chowdhury Stadium, Chittagong",2,12.1,Dhaka Dynamites,Chittagong Vikings,JL Denly,Shakib Al Hasan,Tanbir Hayder,0,0,,,,,,,,,
1121273,2017/18,2017-11-27,"Zahur Ahmed Chowdhury Stadium, Chittagong",2,12.2,Dhaka Dynamites,Chittagong Vikings,JL Denly,Shakib Al Hasan,Tanbir Hayder,0,0,,,,,,caught,JL Denly,,
1121273,2017/18,2017-11-27,"Zahur Ahmed Chowdhury Stadium, Chittagong",2,12.3,Dhaka Dynamites,Chittagong Vikings,CS Delport,Shakib Al Hasan,Tanbir Hayder,0,0,,,,,,,,,
1121273,2017/18,2017-11-27,"Zahur Ahmed Chowdhury Stadium, Chittagong",2,12.4,Dhaka Dynamites,Chittagong Vikings,CS Delport,Shakib Al Hasan,Tanbir Hayder,2,0,,,,,,,,,
1121273,2017/18,2017-11-27,"Zahur Ahmed Chowdhury Stadium, Chittagong",2,12.5,Dhaka Dynamites,Chittagong Vikings,CS Delport,Shakib Al Hasan,Tanbir Hayder,0,0,,,,,,,,,
1121273,2017/18,2017-11-27,"Zahur Ahmed Chowdhury Stadium, Chittagong",2,12.6,Dhaka Dynamites,Chittagong Vikings,CS Delport,Shakib Al Hasan,Tanbir Hayder,4,0,,,,,,,,,
1121273,2017/18,2017-11-27,"Zahur Ahmed Chowdhury Stadium, Chittagong",2,13.1,Dhaka Dynamites,Chittagong Vikings,Shakib Al Hasan,CS Delport,Sikandar Raza,4,0,,,,,,,,,
1121273,2017/18,2017-11-27,"Zahur Ahmed Chowdhury Stadium, Chittagong",2,13.2,Dhaka Dynamites,Chittagong Vikings,Shakib Al Hasan,CS Delport,Sikandar Raza,0,0,,,,,,,,,
1121273,2017/18,2017-11-27,"Zahur Ahmed Chowdhury Stadium, Chittagong",2,13.3,Dhaka Dynamites,Chittagong Vikings,Shakib Al Hasan,CS Delport,Sikandar Raza,1,0,,,,,,,,,
1121273,2017/18,2017-11-27,"Zahur Ahmed Chowdhury Stadium, Chittagong",2,13.4,Dhaka Dynamites,Chittagong Vikings,CS Delport,Shakib Al Hasan,Sikandar Raza,6,0,,,,,,,,,
1121273,2017/18,2017-11-27,"Zahur Ahmed Chowdhury Stadium, Chittagong",2,13.5,Dhaka Dynamites,Chittagong Vikings,CS Delport,Shakib Al Hasan,Sikandar Raza,1,0,,,,,,,,,
1121273,2017/18,2017-11-27,"Zahur Ahmed Chowdhury Stadium, Chittagong",2,13.6,Dhaka Dynamites,Chittagong Vikings,Shakib Al Hasan,CS Delport,Sikandar Raza,0,0,,,,,,,,,
1121273,2017/18,2017-11-27,"Zahur Ahmed Chowdhury Stadium, Chittagong",2,14.1,Dhaka Dynamites,Chittagong Vikings,CS Delport,Shakib Al Hasan,Tanbir Hayder,6,0,,,,,,,,,
1121273,2017/18,2017-11-27,"Zahur Ahmed Chowdhury Stadium, Chittagong",2,14.2,Dhaka Dynamites,Chittagong Vikings,CS Delport,Shakib Al Hasan,Tanbir Hayder,2,0,,,,,,,,,
1121273,2017/18,2017-11-27,"Zahur Ahmed Chowdhury Stadium, Chittagong",2,14.3,Dhaka Dynamites,Chittagong Vikings,CS Delport,Shakib Al Hasan,Tanbir Hayder,2,0,,,,,,,,,
1121273,2017/18,2017-11-27,"Zahur Ahmed Chowdhury Stadium, Chittagong",2,14.4,Dhaka Dynamites,Chittagong Vikings,CS Delport,Shakib Al Hasan,Tanbir Hayder,0,0,,,,,,,,,
1121273,2017/18,2017-11-27,"Zahur Ahmed Chowdhury Stadium, Chittagong",2,14.5,Dhaka Dynamites,Chittagong Vikings,CS Delport,Shakib Al Hasan,Tanbir Hayder,0,0,,,,,,,,,
1121273,2017/18,2017-11-27,"Zahur Ahmed Chowdhury Stadium, Chittagong",2,14.6,Dhaka Dynamites,Chittagong Vikings,CS Delport,Shakib Al Hasan,Tanbir Hayder,2,0,,,,,,,,,
1121273,2017/18,2017-11-27,"Zahur Ahmed Chowdhury Stadium, Chittagong",2,15.1,Dhaka Dynamites,Chittagong Vikings,Shakib Al Hasan,CS Delport,Soumya Sarkar,1,0,,,,,,,,,
1121273,2017/18,2017-11-27,"Zahur Ahmed Chowdhury Stadium, Chittagong",2,15.2,Dhaka Dynamites,Chittagong Vikings,CS Delport,Shakib Al Hasan,Soumya Sarkar,6,0,,,,,,,,,
1121273,2017/18,2017-11-27,"Zahur Ahmed Chowdhury Stadium, Chittagong",2,15.3,Dhaka Dynamites,Chittagong Vikings,CS Delport,Shakib Al Hasan,Soumya Sarkar,2,0,,,,,,,,,
1121273,2017/18,2017-11-27,"Zahur Ahmed Chowdhury Stadium, Chittagong",2,15.4,Dhaka Dynamites,Chittagong Vikings,CS Delport,Shakib Al Hasan,Soumya Sarkar,0,0,,,,,,,,,
1121273,2017/18,2017-11-27,"Zahur Ahmed Chowdhury Stadium, Chittagong",2,15.5,Dhaka Dynamites,Chittagong Vikings,CS Delport,Shakib Al Hasan,Soumya Sarkar,1,0,,,,,,,,,
1121273,2017/18,2017-11-27,"Zahur Ahmed Chowdhury Stadium, Chittagong",2,15.6,Dhaka Dynamites,Chittagong Vikings,Shakib Al Hasan,CS Delport,Soumya Sarkar,2,0,,,,,,,,,
1121273,2017/18,2017-11-27,"Zahur Ahmed Chowdhury Stadium, Chittagong",2,16.1,Dhaka Dynamites,Chittagong Vikings,CS Delport,Shakib Al Hasan,Taskin Ahmed,0,0,,,,,,,,,
1121273,2017/18,2017-11-27,"Zahur Ahmed Chowdhury Stadium, Chittagong",2,16.2,Dhaka Dynamites,Chittagong Vikings,CS Delport,Shakib Al Hasan,Taskin Ahmed,1,0,,,,,,,,,
1121273,2017/18,2017-11-27,"Zahur Ahmed Chowdhury Stadium, Chittagong",2,16.3,Dhaka Dynamites,Chittagong Vikings,Shakib Al Hasan,CS Delport,Taskin Ahmed,0,0,,,,,,,,,
1121273,2017/18,2017-11-27,"Zahur Ahmed Chowdhury Stadium, Chittagong",2,16.4,Dhaka Dynamites,Chittagong Vikings,Shakib Al Hasan,CS Delport,Taskin Ahmed,0,2,,,,2,,,,,
1121273,2017/18,2017-11-27,"Zahur Ahmed Chowdhury Stadium, Chittagong",2,16.5,Dhaka Dynamites,Chittagong Vikings,Shakib Al Hasan,CS Delport,Taskin Ahmed,1,0,,,,,,,,,
1121273,2017/18,2017-11-27,"Zahur Ahmed Chowdhury Stadium, Chittagong",2,16.6,Dhaka Dynamites,Chittagong Vikings,CS Delport,Shakib Al Hasan,Taskin Ahmed,1,0,,,,,,,,,
1121273,2017/18,2017-11-27,"Zahur Ahmed Chowdhury Stadium, Chittagong",2,17.1,Dhaka Dynamites,Chittagong Vikings,CS Delport,Shakib Al Hasan,RR Emrit,1,0,,,,,,,,,
1121273,2017/18,2017-11-27,"Zahur Ahmed Chowdhury Stadium, Chittagong",2,17.2,Dhaka Dynamites,Chittagong Vikings,Shakib Al Hasan,CS Delport,RR Emrit,1,0,,,,,,,,,
1121273,2017/18,2017-11-27,"Zahur Ahmed Chowdhury Stadium, Chittagong",2,17.3,Dhaka Dynamites,Chittagong Vikings,CS Delport,Shakib Al Hasan,RR Emrit,0,0,,,,,,,,,
1121273,2017/18,2017-11-27,"Zahur Ahmed Chowdhury Stadium, Chittagong",2,17.4,Dhaka Dynamites,Chittagong Vikings,CS Delport,Shakib Al Hasan,RR Emrit,0,1,1,,,,,,,,
1121273,2017/18,2017-11-27,"Zahur Ahmed Chowdhury Stadium, Chittagong",2,17.5,Dhaka Dynamites,Chittagong Vikings,CS Delport,Shakib Al Hasan,RR Emrit,1,0,,,,,,,,,
1121273,2017/18,2017-11-27,"Zahur Ahmed Chowdhury Stadium, Chittagong",2,17.6,Dhaka Dynamites,Chittagong Vikings,Shakib Al Hasan,CS Delport,RR Emrit,0,1,1,,,,,,,,
1121273,2017/18,2017-11-27,"Zahur Ahmed Chowdhury Stadium, Chittagong",2,17.7,Dhaka Dynamites,Chittagong Vikings,Shakib Al Hasan,CS Delport,RR Emrit,0,0,,,,,,,,,
1121273,2017/18,2017-11-27,"Zahur Ahmed Chowdhury Stadium, Chittagong",2,17.8,Dhaka Dynamites,Chittagong Vikings,Shakib Al Hasan,CS Delport,RR Emrit,1,0,,,,,,,,,
1121273,2017/18,2017-11-27,"Zahur Ahmed Chowdhury Stadium, Chittagong",2,18.1,Dhaka Dynamites,Chittagong Vikings,Shakib Al Hasan,CS Delport,Taskin Ahmed,4,0,,,,,,,,,
1121273,2017/18,2017-11-27,"Zahur Ahmed Chowdhury Stadium, Chittagong",2,18.2,Dhaka Dynamites,Chittagong Vikings,Shakib Al Hasan,CS Delport,Taskin Ahmed,1,0,,,,,,,,,
1121273,2017/18,2017-11-27,"Zahur Ahmed Chowdhury Stadium, Chittagong",2,18.3,Dhaka Dynamites,Chittagong Vikings,CS Delport,Shakib Al Hasan,Taskin Ahmed,4,0,,,,,,,,,
1121273,2017/18,2017-11-27,"Zahur Ahmed Chowdhury Stadium, Chittagong",2,18.4,Dhaka Dynamites,Chittagong Vikings,CS Delport,Shakib Al Hasan,Taskin Ahmed,1,0,,,,,,,,,
1121273,2017/18,2017-11-27,"Zahur Ahmed Chowdhury Stadium, Chittagong",2,18.5,Dhaka Dynamites,Chittagong Vikings,Shakib Al Hasan,CS Delport,Taskin Ahmed,4,0,,,,,,,,,
