match_id,season,start_date,venue,innings,ball,batting_team,bowling_team,striker,non_striker,bowler,runs_off_bat,extras,wides,noballs,byes,legbyes,penalty,wicket_type,player_dismissed,other_wicket_type,other_player_dismissed
1121288,2017/18,2017-12-08,"Shere Bangla National Stadium, Mirpur",1,0.1,Dhaka Dynamites,Comilla Victorians,Mehedi Maruf,E Lewis,Mahedi Hasan,1,0,,,,,,,,,
1121288,2017/18,2017-12-08,"Shere Bangla National Stadium, Mirpur",1,0.2,Dhaka Dynamites,Comilla Victorians,E Lewis,Mehedi Maruf,Mahedi Hasan,0,0,,,,,,,,,
1121288,2017/18,2017-12-08,"Shere Bangla National Stadium, Mirpur",1,0.3,Dhaka Dynamites,Comilla Victorians,E Lewis,Mehedi Maruf,Mahedi Hasan,0,0,,,,,,,,,
1121288,2017/18,2017-12-08,"Shere Bangla National Stadium, Mirpur",1,0.4,Dhaka Dynamites,Comilla Victorians,E Lewis,Mehedi Maruf,Mahedi Hasan,4,0,,,,,,,,,
1121288,2017/18,2017-12-08,"Shere Bangla National Stadium, Mirpur",1,0.5,Dhaka Dynamites,Comilla Victorians,E Lewis,Mehedi Maruf,Mahedi Hasan,0,0,,,,,,,,,
1121288,2017/18,2017-12-08,"Shere Bangla National Stadium, Mirpur",1,0.6,Dhaka Dynamites,Comilla Victorians,E Lewis,Mehedi Maruf,Mahedi Hasan,0,0,,,,,,,,,
1121288,2017/18,2017-12-08,"Shere Bangla National Stadium, Mirpur",1,1.1,Dhaka Dynamites,Comilla Victorians,Mehedi Maruf,E Lewis,Hasan Ali,0,0,,,,,,,,,
1121288,2017/18,2017-12-08,"Shere Bangla National Stadium, Mirpur",1,1.2,Dhaka Dynamites,Comilla Victorians,Mehedi Maruf,E Lewis,Hasan Ali,1,0,,,,,,,,,
1121288,2017/18,2017-12-08,"Shere Bangla National Stadium, Mirpur",1,1.3,Dhaka Dynamites,Comilla Victorians,E Lewis,Mehedi Maruf,Hasan Ali,1,0,,,,,,,,,
1121288,2017/18,2017-12-08,"Shere Bangla National Stadium, Mirpur",1,1.4,Dhaka Dynamites,Comilla Victorians,Mehedi Maruf,E Lewis,Hasan Ali,0,0,,,,,,,,,
1121288,2017/18,2017-12-08,"Shere Bangla National Stadium, Mirpur",1,1.5,Dhaka Dynamites,Comilla Victorians,Mehedi Maruf,E Lewis,Hasan Ali,4,0,,,,,,,,,
1121288,2017/18,2017-12-08,"Shere Bangla National Stadium, Mirpur",1,1.6,Dhaka Dynamites,Comilla Victorians,Mehedi Maruf,E Lewis,Hasan Ali,0,0,,,,,,caught,Mehedi Maruf,,
1121288,2017/18,2017-12-08,"Shere Bangla National Stadium, Mirpur",1,2.1,Dhaka Dynamites,Comilla Victorians,E Lewis,JL Denly,Mahedi Hasan,0,0,,,,,,,,,
1121288,2017/18,2017-12-08,"Shere Bangla National Stadium, Mirpur",1,2.2,Dhaka Dynamites,Comilla Victorians,E Lewis,JL Denly,Mahedi Hasan,4,0,,,,,,,,,
1121288,2017/18,2017-12-08,"Shere Bangla National Stadium, Mirpur",1,2.3,Dhaka Dynamites,Comilla Victorians,E Lewis,JL Denly,Mahedi Hasan,0,5,5,,,,,,,,
1121288,2017/18,2017-12-08,"Shere Bangla National Stadium, Mirpur",1,2.4,Dhaka Dynamites,Comilla Victorians,E Lewis,JL Denly,Mahedi Hasan,0,0,,,,,,,,,
1121288,2017/18,2017-12-08,"Shere Bangla National Stadium, Mirpur",1,2.5,Dhaka Dynamites,Comilla Victorians,E Lewis,JL Denly,Mahedi Hasan,4,0,,,,,,,,,
1121288,2017/18,2017-12-08,"Shere Bangla National Stadium, Mirpur",1,2.6,Dhaka Dynamites,Comilla Victorians,E Lewis,JL Denly,Mahedi Hasan,0,0,,,,,,,,,
1121288,2017/18,2017-12-08,"Shere Bangla National Stadium, Mirpur",1,2.7,Dhaka Dynamites,Comilla Victorians,E Lewis,JL Denly,Mahedi Hasan,4,0,,,,,,,,,
1121288,2017/18,2017-12-08,"Shere Bangla National Stadium, Mirpur",1,3.1,Dhaka Dynamites,Comilla Victorians,JL Denly,E Lewis,Mohammad Saifuddin,1,0,,,,,,,,,
1121288,2017/18,2017-12-08,"Shere Bangla National Stadium, Mirpur",1,3.2,Dhaka Dynamites,Comilla Victorians,E Lewis,JL Denly,Mohammad Saifuddin,0,0,,,,,,,,,
1121288,2017/18,2017-12-08,"Shere Bangla National Stadium, Mirpur",1,3.3,Dhaka Dynamites,Comilla Victorians,E Lewis,JL Denly,Mohammad Saifuddin,1,0,,,,,,,,,
1121288,2017/18,2017-12-08,"Shere Bangla National Stadium, Mirpur",1,3.4,Dhaka Dynamites,Comilla Victorians,JL Denly,E Lewis,Mohammad Saifuddin,6,0,,,,,,,,,
1121288,2017/18,2017-12-08,"Shere Bangla National Stadium, Mirpur",1,3.5,Dhaka Dynamites,Comilla Victorians,JL Denly,E Lewis,Mohammad Saifuddin,1,0,,,,,,,,,
1121288,2017/18,2017-12-08,"Shere Bangla National Stadium, Mirpur",1,3.6,Dhaka Dynamites,Comilla Victorians,E Lewis,JL Denly,Mohammad Saifuddin,4,0,,,,,,,,,
1121288,2017/18,2017-12-08,"Shere Bangla National Stadium, Mirpur",1,4.1,Dhaka Dynamites,Comilla Victorians,JL Denly,E Lewis,Shoaib Malik,1,0,,,,,,,,,
1121288,2017/18,2017-12-08,"Shere Bangla National Stadium, Mirpur",1,4.2,Dhaka Dynamites,Comilla Victorians,E Lewis,JL Denly,Shoaib Malik,0,4,,,,4,,,,,
1121288,2017/18,2017-12-08,"Shere Bangla National Stadium, Mirpur",1,4.3,Dhaka Dynamites,Comilla Victorians,E Lewis,JL Denly,Shoaib Malik,0,0,,,,,,,,,
1121288,2017/18,2017-12-08,"Shere Bangla National Stadium, Mirpur",1,4.4,Dhaka Dynamites,Comilla Victorians,E Lewis,JL Denly,Shoaib Malik,1,0,,,,,,,,,
1121288,2017/18,2017-12-08,"Shere Bangla National Stadium, Mirpur",1,4.5,Dhaka Dynamites,Comilla Victorians,JL Denly,E Lewis,Shoaib Malik,0,0,,,,,,,,,
1121288,2017/18,2017-12-08,"Shere Bangla National Stadium, Mirpur",1,4.6,Dhaka Dynamites,Comilla Victorians,JL Denly,E Lewis,Shoaib Malik,2,0,,,,,,,,,
1121288,2017/18,2017-12-08,"Shere Bangla National Stadium, Mirpur",1,5.1,Dhaka Dynamites,Comilla Victorians,E Lewis,JL Denly,Mahedi Hasan,0,0,,,,,,,,,
1121288,2017/18,2017-12-08,"Shere Bangla National Stadium, Mirpur",1,5.2,Dhaka Dynamites,Comilla Victorians,E Lewis,JL Denly,Mahedi Hasan,0,0,,,,,,,,,
1121288,2017/18,2017-12-08,"Shere Bangla National Stadium, Mirpur",1,5.3,Dhaka Dynamites,Comilla Victorians,E Lewis,JL Denly,Mahedi Hasan,0,0,,,,,,,,,
1121288,2017/18,2017-12-08,"Shere Bangla National Stadium, Mirpur",1,5.4,Dhaka Dynamites,Comilla Victorians,E Lewis,JL Denly,Mahedi Hasan,6,0,,,,,,,,,
1121288,2017/18,2017-12-08,"Shere Bangla National Stadium, Mirpur",1,5.5,Dhaka Dynamites,Comilla Victorians,E Lewis,JL Denly,Mahedi Hasan,4,0,,,,,,,,,
1121288,2017/18,2017-12-08,"Shere Bangla National Stadium, Mirpur",1,5.6,Dhaka Dynamites,Comilla Victorians,E Lewis,JL Denly,Mahedi Hasan,6,0,,,,,,,,,
1121288,2017/18,2017-12-08,"Shere Bangla National Stadium, Mirpur",1,6.1,Dhaka Dynamites,Comilla Victorians,JL Denly,E Lewis,Shoaib Malik,0,0,,,,,,,,,
1121288,2017/18,2017-12-08,"Shere Bangla National Stadium, Mirpur",1,6.2,Dhaka Dynamites,Comilla Victorians,JL Denly,E Lewis,Shoaib Malik,0,0,,,,,,,,,
1121288,2017/18,2017-12-08,"Shere Bangla National Stadium, Mirpur",1,6.3,Dhaka Dynamites,Comilla Victorians,JL Denly,E Lewis,Shoaib Malik,1,0,,,,,,,,,
1121288,2017/18,2017-12-08,"Shere Bangla National Stadium, Mirpur",1,6.4,Dhaka Dynamites,Comilla Victorians,E Lewis,JL Denly,Shoaib Malik,0,0,,,,,,,,,
1121288,2017/18,2017-12-08,"Shere Bangla National Stadium, Mirpur",1,6.5,Dhaka Dynamites,Comilla Victorians,E Lewis,JL Denly,Shoaib Malik,1,0,,,,,,,,,
1121288,2017/18,2017-12-08,"Shere Bangla National Stadium, Mirpur",1,6.6,Dhaka Dynamites,Comilla Victorians,JL Denly,E Lewis,Shoaib Malik,0,0,,,,,,,,,
1121288,2017/18,2017-12-08,"Shere Bangla National Stadium, Mirpur",1,7.1,Dhaka Dynamites,Comilla Victorians,E Lewis,JL Denly,Hasan Ali,0,0,,,,,,,,,
1121288,2017/18,2017-12-08,"Shere Bangla National Stadium, Mirpur",1,7.2,Dhaka Dynamites,Comilla Victorians,E Lewis,JL Denly,Hasan Ali,0,1,,,,1,,,,,
1121288,2017/18,2017-12-08,"Shere Bangla National Stadium, Mirpur",1,7.3,Dhaka Dynamites,Comilla Victorians,JL Denly,E Lewis,Hasan Ali,1,0,,,,,,,,,
1121288,2017/18,2017-12-08,"Shere Bangla National Stadium, Mirpur",1,7.4,Dhaka Dynamites,Comilla Victorians,E Lewis,JL Denly,Hasan Ali,1,0,,,,,,,,,
1121288,2017/18,2017-12-08,"Shere Bangla National Stadium, Mirpur",1,7.5,Dhaka Dynamites,Comilla Victorians,JL Denly,E Lewis,Hasan Ali,1,0,,,,,,,,,
1121288,2017/18,2017-12-08,"Shere Bangla National Stadium, Mirpur",1,7.6,Dhaka Dynamites,Comilla Victorians,E Lewis,JL Denly,Hasan Ali,0,0,,,,,,,,,
1121288,2017/18,2017-12-08,"Shere Bangla National Stadium, Mirpur",1,8.1,Dhaka Dynamites,Comilla Victorians,JL Denly,E Lewis,Shoaib Malik,2,0,,,,,,,,,
1121288,2017/18,2017-12-08,"Shere Bangla National Stadium, Mirpur",1,8.2,Dhaka Dynamites,Comilla Victorians,JL Denly,E Lewis,Shoaib Malik,1,0,,,,,,,,,
1121288,2017/18,2017-12-08,"Shere Bangla National Stadium, Mirpur",1,8.3,Dhaka Dynamites,Comilla Victorians,E Lewis,JL Denly,Shoaib Malik,6,0,,,,,,,,,
1121288,2017/18,2017-12-08,"Shere Bangla National Stadium, Mirpur",1,8.4,Dhaka Dynamites,Comilla Victorians,E Lewis,JL Denly,Shoaib Malik,0,0,,,,,,bowled,E Lewis,,
1121288,2017/18,2017-12-08,"Shere Bangla National Stadium, Mirpur",1,8.5,Dhaka Dynamites,Comilla Victorians,KA Pollard,JL Denly,Shoaib Malik,0,0,,,,,,,,,
1121288,2017/18,2017-12-08,"Shere Bangla National Stadium, Mirpur",1,8.6,Dhaka Dynamites,Comilla Victorians,KA Pollard,JL Denly,Shoaib Malik,0,0,,,,,,,,,
1121288,2017/18,2017-12-08,"Shere Bangla National Stadium, Mirpur",1,9.1,Dhaka Dynamites,Comilla Victorians,JL Denly,KA Pollard,DJ Bravo,1,0,,,,,,,,,
1121288,2017/18,2017-12-08,"Shere Bangla National Stadium, Mirpur",1,9.2,Dhaka Dynamites,Comilla Victorians,KA Pollard,JL Denly,DJ Bravo,0,1,1,,,,,,,,
1121288,2017/18,2017-12-08,"Shere Bangla National Stadium, Mirpur",1,9.3,Dhaka Dynamites,Comilla Victorians,KA Pollard,JL Denly,DJ Bravo,2,0,,,,,,,,,
1121288,2017/18,2017-12-08,"Shere Bangla National Stadium, Mirpur",1,9.4,Dhaka Dynamites,Comilla Victorians,KA Pollard,JL Denly,DJ Bravo,6,0,,,,,,,,,
1121288,2017/18,2017-12-08,"Shere Bangla National Stadium, Mirpur",1,9.5,Dhaka Dynamites,Comilla Victorians,KA Pollard,JL Denly,DJ Bravo,4,0,,,,,,,,,
1121288,2017/18,2017-12-08,"Shere Bangla National Stadium, Mirpur",1,9.6,Dhaka Dynamites,Comilla Victorians,KA Pollard,JL Denly,DJ Bravo,1,0,,,,,,,,,
1121288,2017/18,2017-12-08,"Shere Bangla National Stadium, Mirpur",1,9.7,Dhaka Dynamites,Comilla Victorians,JL Denly,KA Pollard,DJ Bravo,0,0,,,,,,,,,
1121288,2017/18,2017-12-08,"Shere Bangla National Stadium, Mirpur",1,10.1,Dhaka Dynamites,Comilla Victorians,KA Pollard,JL Denly,Al-Amin Hossain,1,0,,,,,,,,,
1121288,2017/18,2017-12-08,"Shere Bangla National Stadium, Mirpur",1,10.2,Dhaka Dynamites,Comilla Victorians,JL Denly,KA Pollard,Al-Amin Hossain,1,0,,,,,,,,,
1121288,2017/18,2017-12-08,"Shere Bangla National Stadium, Mirpur",1,10.3,Dhaka Dynamites,Comilla Victorians,KA Pollard,JL Denly,Al-Amin Hossain,0,0,,,,,,,,,
1121288,2017/18,2017-12-08,"Shere Bangla National Stadium, Mirpur",1,10.4,Dhaka Dynamites,Comilla Victorians,KA Pollard,JL Denly,Al-Amin Hossain,0,0,,,,,,,,,
1121288,2017/18,2017-12-08,"Shere Bangla National Stadium, Mirpur",1,10.5,Dhaka Dynamites,Comilla Victorians,KA Pollard,JL Denly,Al-Amin Hossain,2,0,,,,,,,,,
1121288,2017/18,2017-12-08,"Shere Bangla National Stadium, Mirpur",1,10.6,Dhaka Dynamites,Comilla Victorians,KA Pollard,JL Denly,Al-Amin Hossain,6,0,,,,,,,,,
1121288,2017/18,2017-12-08,"Shere Bangla National Stadium, Mirpur",1,11.1,Dhaka Dynamites,Comilla Victorians,JL Denly,KA Pollard,Mohammad Saifuddin,1,0,,,,,,,,,
1121288,2017/18,2017-12-08,"Shere Bangla National Stadium, Mirpur",1,11.2,Dhaka Dynamites,Comilla Victorians,KA Pollard,JL Denly,Mohammad Saifuddin,1,0,,,,,,,,,
1121288,2017/18,2017-12-08,"Shere Bangla National Stadium, Mirpur",1,11.3,Dhaka Dynamites,Comilla Victorians,JL Denly,KA Pollard,Mohammad Saifuddin,1,0,,,,,,,,,
1121288,2017/18,2017-12-08,"Shere Bangla National Stadium, Mirpur",1,11.4,Dhaka Dynamites,Comilla Victorians,KA Pollard,JL Denly,Mohammad Saifuddin,0,0,,,,,,,,,
1121288,2017/18,2017-12-08,"Shere Bangla National Stadium, Mirpur",1,11.5,Dhaka Dynamites,Comilla Victorians,KA Pollard,JL Denly,Mohammad Saifuddin,1,0,,,,,,,,,
1121288,2017/18,2017-12-08,"Shere Bangla National Stadium, Mirpur",1,11.6,Dhaka Dynamites,Comilla Victorians,JL Denly,KA Pollard,Mohammad Saifuddin,0,1,1,,,,,,,,
1121288,2017/18,2017-12-08,"Shere Bangla National Stadium, Mirpur",1,11.7,Dhaka Dynamites,Comilla Victorians,JL Denly,KA Pollard,Mohammad Saifuddin,1,0,,,,,,,,,
1121288,2017/18,2017-12-08,"Shere Bangla National Stadium, Mirpur",1,12.1,Dhaka Dynamites,Comilla Victorians,JL Denly,KA Pollard,Al-Amin Hossain,0,0,,,,,,,,,
1121288,2017/18,2017-12-08,"Shere Bangla National Stadium, Mirpur",1,12.2,Dhaka Dynamites,Comilla Victorians,JL Denly,KA Pollard,Al-Amin Hossain,4,0,,,,,,,,,
1121288,2017/18,2017-12-08,"Shere Bangla National Stadium, Mirpur",1,12.3,Dhaka Dynamites,Comilla Victorians,JL Denly,KA Pollard,Al-Amin Hossain,1,0,,,,,,,,,
1121288,2017/18,2017-12-08,"Shere Bangla National Stadium, Mirpur",1,12.4,Dhaka Dynamites,Comilla Victorians,KA Pollard,JL Denly,Al-Amin Hossain,6,0,,,,,,,,,
1121288,2017/18,2017-12-08,"Shere Bangla National Stadium, Mirpur",1,12.5,Dhaka Dynamites,Comilla Victorians,KA Pollard,JL Denly,Al-Amin Hossain,0,0,,,,,,,,,
1121288,2017/18,2017-12-08,"Shere Bangla National Stadium, Mirpur",1,12.6,Dhaka Dynamites,Comilla Victorians,KA Pollard,JL Denly,Al-Amin Hossain,1,0,,,,,,,,,
1121288,2017/18,2017-12-08,"Shere Bangla National Stadium, Mirpur",1,13.1,Dhaka Dynamites,Comilla Victorians,KA Pollard,JL Denly,DJ Bravo,0,0,,,,,,caught,KA Pollard,,
1121288,2017/18,2017-12-08,"Shere Bangla National Stadium, Mirpur",1,13.2,Dhaka Dynamites,Comilla Victorians,JL Denly,Shakib Al Hasan,DJ Bravo,4,0,,,,,,,,,
1121288,2017/18,2017-12-08,"Shere Bangla National Stadium, Mirpur",1,13.3,Dhaka Dynamites,Comilla Victorians,JL Denly,Shakib Al Hasan,DJ Bravo,1,0,,,,,,,,,
1121288,2017/18,2017-12-08,"Shere Bangla National Stadium, Mirpur",1,13.4,Dhaka Dynamites,Comilla Victorians,Shakib Al Hasan,JL Denly,DJ Bravo,2,0,,,,,,,,,
1121288,2017/18,2017-12-08,"Shere Bangla National Stadium, Mirpur",1,13.5,Dhaka Dynamites,Comilla Victorians,Shakib Al Hasan,JL Denly,DJ Bravo,0,0,,,,,,,,,
1121288,2017/18,2017-12-08,"Shere Bangla National Stadium, Mirpur",1,13.6,Dhaka Dynamites,Comilla Victorians,Shakib Al Hasan,JL Denly,DJ Bravo,1,0,,,,,,,,,
1121288,2017/18,2017-12-08,"Shere Bangla National Stadium, Mirpur",1,14.1,Dhaka Dynamites,Comilla Victorians,Shakib Al Hasan,JL Denly,Shoaib Malik,0,0,,,,,,,,,
1121288,2017/18,2017-12-08,"Shere Bangla National Stadium, Mirpur",1,14.2,Dhaka Dynamites,Comilla Victorians,Shakib Al Hasan,JL Denly,Shoaib Malik,0,1,1,,,,,,,,
1121288,2017/18,2017-12-08,"Shere Bangla National Stadium, Mirpur",1,14.3,Dhaka Dynamites,Comilla Victorians,Shakib Al Hasan,JL Denly,Shoaib Malik,6,0,,,,,,,,,
1121288,2017/18,2017-12-08,"Shere Bangla National Stadium, Mirpur",1,14.4,Dhaka Dynamites,Comilla Victorians,Shakib Al Hasan,JL Denly,Shoaib Malik,0,0,,,,,,run out,JL Denly,,
1121288,2017/18,2017-12-08,"Shere Bangla National Stadium, Mirpur",1,14.5,Dhaka Dynamites,Comilla Victorians,Shahid Afridi,Shakib Al Hasan,Shoaib Malik,0,0,,,,,,,,,
1121288,2017/18,2017-12-08,"Shere Bangla National Stadium, Mirpur",1,14.6,Dhaka Dynamites,Comilla Victorians,Shahid Afridi,Shakib Al Hasan,Shoaib Malik,0,0,,,,,,,,,
1121288,2017/18,2017-12-08,"Shere Bangla National Stadium, Mirpur",1,14.7,Dhaka Dynamites,Comilla Victorians,Shahid Afridi,Shakib Al Hasan,Shoaib Malik,6,0,,,,,,,,,
1121288,2017/18,2017-12-08,"Shere Bangla National Stadium, Mirpur",1,15.1,Dhaka Dynamites,Comilla Victorians,Shakib Al Hasan,Shahid Afridi,DJ Bravo,0,0,,,,,,,,,
1121288,2017/18,2017-12-08,"Shere Bangla National Stadium, Mirpur",1,15.2,Dhaka Dynamites,Comilla Victorians,Shakib Al Hasan,Shahid Afridi,DJ Bravo,0,0,,,,,,caught,Shakib Al Hasan,,
1121288,2017/18,2017-12-08,"Shere Bangla National Stadium, Mirpur",1,15.3,Dhaka Dynamites,Comilla Victorians,Shahid Afridi,Mosaddek Hossain,DJ Bravo,0,0,,,,,,,,,
1121288,2017/18,2017-12-08,"Shere Bangla National Stadium, Mirpur",1,15.4,Dhaka Dynamites,Comilla Victorians,Shahid Afridi,Mosaddek Hossain,DJ Bravo,0,1,1,,,,,,,,
1121288,2017/18,2017-12-08,"Shere Bangla National Stadium, Mirpur",1,15.5,Dhaka Dynamites,Comilla Victorians,Shahid Afridi,Mosaddek Hossain,DJ Bravo,6,0,,,,,,,,,
1121288,2017/18,2017-12-08,"Shere Bangla National Stadium, Mirpur",1,15.6,Dhaka Dynamites,Comilla Victorians,Shahid Afridi,Mosaddek Hossain,DJ Bravo,0,0,,,,,,,,,
1121288,2017/18,2017-12-08,"Shere Bangla National Stadium, Mirpur",1,15.7,Dhaka Dynamites,Comilla Victorians,Shahid Afridi,Mosaddek Hossain,DJ Bravo,1,0,,,,,,,,,
1121288,2017/18,2017-12-08,"Shere Bangla National Stadium, Mirpur",1,16.1,Dhaka Dynamites,Comilla Victorians,Shahid Afridi,Mosaddek Hossain,Hasan Ali,0,4,,,4,,,,,,
1121288,2017/18,2017-12-08,"Shere Bangla National Stadium, Mirpur",1,16.2,Dhaka Dynamites,Comilla Victorians,Shahid Afridi,Mosaddek Hossain,Hasan Ali,3,0,,,,,,,,,
1121288,2017/18,2017-12-08,"Shere Bangla National Stadium, Mirpur",1,16.3,Dhaka Dynamites,Comilla Victorians,Mosaddek Hossain,Shahid Afridi,Hasan Ali,1,0,,,,,,,,,
1121288,2017/18,2017-12-08,"Shere Bangla National Stadium, Mirpur",1,16.4,Dhaka Dynamites,Comilla Victorians,Shahid Afridi,Mosaddek Hossain,Hasan Ali,1,0,,,,,,,,,
1121288,2017/18,2017-12-08,"Shere Bangla National Stadium, Mirpur",1,16.5,Dhaka Dynamites,Comilla Victorians,Mosaddek Hossain,Shahid Afridi,Hasan Ali,1,0,,,,,,,,,
1121288,2017/18,2017-12-08,"Shere Bangla National Stadium, Mirpur",1,16.6,Dhaka Dynamites,Comilla Victorians,Shahid Afridi,Mosaddek Hossain,Hasan Ali,0,1,,,,1,,,,,
1121288,2017/18,2017-12-08,"Shere Bangla National Stadium, Mirpur",1,17.1,Dhaka Dynamites,Comilla Victorians,Shahid Afridi,Mosaddek Hossain,DJ Bravo,6,0,,,,,,,,,
1121288,2017/18,2017-12-08,"Shere Bangla National Stadium, Mirpur",1,17.2,Dhaka Dynamites,Comilla Victorians,Shahid Afridi,Mosaddek Hossain,DJ Bravo,6,0,,,,,,,,,
1121288,2017/18,2017-12-08,"Shere Bangla National Stadium, Mirpur",1,17.3,Dhaka Dynamites,Comilla Victorians,Shahid Afridi,Mosaddek Hossain,DJ Bravo,0,0,,,,,,,,,
1121288,2017/18,2017-12-08,"Shere Bangla National Stadium, Mirpur",1,17.4,Dhaka Dynamites,Comilla Victorians,Shahid Afridi,Mosaddek Hossain,DJ Bravo,1,0,,,,,,,,,
1121288,2017/18,2017-12-08,"Shere Bangla National Stadium, Mirpur",1,17.5,Dhaka Dynamites,Comilla Victorians,Mosaddek Hossain,Shahid Afridi,DJ Bravo,1,0,,,,,,,,,
1121288,2017/18,2017-12-08,"Shere Bangla National Stadium, Mirpur",1,17.6,Dhaka Dynamites,Comilla Victorians,Shahid Afridi,Mosaddek Hossain,DJ Bravo,0,1,,,,1,,,,,
1121288,2017/18,2017-12-08,"Shere Bangla National Stadium, Mirpur",1,18.1,Dhaka Dynamites,Comilla Victorians,Shahid Afridi,Mosaddek Hossain,Hasan Ali,0,0,,,,,,,,,
1121288,2017/18,2017-12-08,"Shere Bangla National Stadium, Mirpur",1,18.2,Dhaka Dynamites,Comilla Victorians,Shahid Afridi,Mosaddek Hossain,Hasan Ali,0,1,,,,1,,,,,
1121288,2017/18,2017-12-08,"Shere Bangla National Stadium, Mirpur",1,18.3,Dhaka Dynamites,Comilla Victorians,Mosaddek Hossain,Shahid Afridi,Hasan Ali,0,0,,,,,,,,,
1121288,2017/18,2017-12-08,"Shere Bangla National Stadium, Mirpur",1,18.4,Dhaka Dynamites,Comilla Victorians,Mosaddek Hossain,Shahid Afridi,Hasan Ali,0,0,,,,,,caught,Mosaddek Hossain,,
1121288,2017/18,2017-12-08,"Shere Bangla National Stadium, Mirpur",1,18.5,Dhaka Dynamites,Comilla Victorians,Shahid Afridi,SP Narine,Hasan Ali,0,0,,,,,,caught,Shahid Afridi,,
1121288,2017/18,2017-12-08,"Shere Bangla National Stadium, Mirpur",1,18.6,Dhaka Dynamites,Comilla Victorians,Jahurul Islam,SP Narine,Hasan Ali,1,0,,,,,,,,,
1121288,2017/18,2017-12-08,"Shere Bangla National Stadium, Mirpur",1,19.1,Dhaka Dynamites,Comilla Victorians,Jahurul Islam,SP Narine,Mohammad Saifuddin,1,0,,,,,,,,,
1121288,2017/18,2017-12-08,"Shere Bangla National Stadium, Mirpur",1,19.2,Dhaka Dynamites,Comilla Victorians,SP Narine,Jahurul Islam,Mohammad Saifuddin,1,0,,,,,,,,,
1121288,2017/18,2017-12-08,"Shere Bangla National Stadium, Mirpur",1,19.3,Dhaka Dynamites,Comilla Victorians,Jahurul Islam,SP Narine,Mohammad Saifuddin,1,0,,,,,,,,,
1121288,2017/18,2017-12-08,"Shere Bangla National Stadium, Mirpur",1,19.4,Dhaka Dynamites,Comilla Victorians,SP Narine,Jahurul Islam,Mohammad Saifuddin,4,0,,,,,,,,,
1121288,2017/18,2017-12-08,"Shere Bangla National Stadium, Mirpur",1,19.5,Dhaka Dynamites,Comilla Victorians,SP Narine,Jahurul Islam,Mohammad Saifuddin,2,0,,,,,,,,,
1121288,2017/18,2017-12-08,"Shere Bangla National Stadium, Mirpur",1,19.6,Dhaka Dynamites,Comilla Victorians,SP Narine,Jahurul Islam,Mohammad Saifuddin,2,0,,,,,,,,,
1121288,2017/18,2017-12-08,"Shere Bangla National Stadium, Mirpur",2,0.1,Comilla Victorians,Dhaka Dynamites,Tamim Iqbal,Liton Das,Mosaddek Hossain,1,0,,,,,,,,,
1121288,2017/18,2017-12-08,"Shere Bangla National Stadium, Mirpur",2,0.2,Comilla Victorians,Dhaka Dynamites,Liton Das,Tamim Iqbal,Mosaddek Hossain,0,0,,,,,,,,,
1121288,2017/18,2017-12-08,"Shere Bangla National Stadium, Mirpur",2,0.3,Comilla Victorians,Dhaka Dynamites,Liton Das,Tamim Iqbal,Mosaddek Hossain,0,0,,,,,,caught and bowled,Liton Das,,
1121288,2017/18,2017-12-08,"Shere Bangla National Stadium, Mirpur",2,0.4,Comilla Victorians,Dhaka Dynamites,JC Buttler,Tamim Iqbal,Mosaddek Hossain,0,0,,,,,,,,,
1121288,2017/18,2017-12-08,"Shere Bangla National Stadium, Mirpur",2,0.5,Comilla Victorians,Dhaka Dynamites,JC Buttler,Tamim Iqbal,Mosaddek Hossain,0,0,,,,,,,,,
1121288,2017/18,2017-12-08,"Shere Bangla National Stadium, Mirpur",2,0.6,Comilla Victorians,Dhaka Dynamites,JC Buttler,Tamim Iqbal,Mosaddek Hossain,1,0,,,,,,,,,
1121288,2017/18,2017-12-08,"Shere Bangla National Stadium, Mirpur",2,1.1,Comilla Victorians,Dhaka Dynamites,JC Buttler,Tamim Iqbal,Shakib Al Hasan,4,0,,,,,,,,,
1121288,2017/18,2017-12-08,"Shere Bangla National Stadium, Mirpur",2,1.2,Comilla Victorians,Dhaka Dynamites,JC Buttler,Tamim Iqbal,Shakib Al Hasan,0,0,,,,,,,,,
1121288,2017/18,2017-12-08,"Shere Bangla National Stadium, Mirpur",2,1.3,Comilla Victorians,Dhaka Dynamites,JC Buttler,Tamim Iqbal,Shakib Al Hasan,0,1,,,,1,,,,,
1121288,2017/18,2017-12-08,"Shere Bangla National Stadium, Mirpur",2,1.4,Comilla Victorians,Dhaka Dynamites,Tamim Iqbal,JC Buttler,Shakib Al Hasan,1,0,,,,,,,,,
1121288,2017/18,2017-12-08,"Shere Bangla National Stadium, Mirpur",2,1.5,Comilla Victorians,Dhaka Dynamites,JC Buttler,Tamim Iqbal,Shakib Al Hasan,0,0,,,,,,bowled,JC Buttler,,
1121288,2017/18,2017-12-08,"Shere Bangla National Stadium, Mirpur",2,1.6,Comilla Victorians,Dhaka Dynamites,Imrul Kayes,Tamim Iqbal,Shakib Al Hasan,1,0,,,,,,,,,
1121288,2017/18,2017-12-08,"Shere Bangla National Stadium, Mirpur",2,2.1,Comilla Victorians,Dhaka Dynamites,Imrul Kayes,Tamim Iqbal,Mosaddek Hossain,1,0,,,,,,,,,
1121288,2017/18,2017-12-08,"Shere Bangla National Stadium, Mirpur",2,2.2,Comilla Victorians,Dhaka Dynamites,Tamim Iqbal,Imrul Kayes,Mosaddek Hossain,0,0,,,,,,,,,
1121288,2017/18,2017-12-08,"Shere Bangla National Stadium, Mirpur",2,2.3,Comilla Victorians,Dhaka Dynamites,Tamim Iqbal,Imrul Kayes,Mosaddek Hossain,4,0,,,,,,,,,
1121288,2017/18,2017-12-08,"Shere Bangla National Stadium, Mirpur",2,2.4,Comilla Victorians,Dhaka Dynamites,Tamim Iqbal,Imrul Kayes,Mosaddek Hossain,1,0,,,,,,,,,
1121288,2017/18,2017-12-08,"Shere Bangla National Stadium, Mirpur",2,2.5,Comilla Victorians,Dhaka Dynamites,Imrul Kayes,Tamim Iqbal,Mosaddek Hossain,6,0,,,,,,,,,
1121288,2017/18,2017-12-08,"Shere Bangla National Stadium, Mirpur",2,2.6,Comilla Victorians,Dhaka Dynamites,Imrul Kayes,Tamim Iqbal,Mosaddek Hossain,0,0,,,,,,,,,
1121288,2017/18,2017-12-08,"Shere Bangla National Stadium, Mirpur",2,3.1,Comilla Victorians,Dhaka Dynamites,Tamim Iqbal,Imrul Kayes,SP Narine,0,0,,,,,,,,,
1121288,2017/18,2017-12-08,"Shere Bangla National Stadium, Mirpur",2,3.2,Comilla Victorians,Dhaka Dynamites,Tamim Iqbal,Imrul Kayes,SP Narine,4,0,,,,,,,,,
1121288,2017/18,2017-12-08,"Shere Bangla National Stadium, Mirpur",2,3.3,Comilla Victorians,Dhaka Dynamites,Tamim Iqbal,Imrul Kayes,SP Narine,0,0,,,,,,,,,
1121288,2017/18,2017-12-08,"Shere Bangla National Stadium, Mirpur",2,3.4,Comilla Victorians,Dhaka Dynamites,Tamim Iqbal,Imrul Kayes,SP Narine,1,0,,,,,,,,,
1121288,2017/18,2017-12-08,"Shere Bangla National Stadium, Mirpur",2,3.5,Comilla Victorians,Dhaka Dynamites,Imrul Kayes,Tamim Iqbal,SP Narine,1,0,,,,,,,,,
1121288,2017/18,2017-12-08,"Shere Bangla National Stadium, Mirpur",2,3.6,Comilla Victorians,Dhaka Dynamites,Tamim Iqbal,Imrul Kayes,SP Narine,0,1,,,,1,,,,,
1121288,2017/18,2017-12-08,"Shere Bangla National Stadium, Mirpur",2,4.1,Comilla Victorians,Dhaka Dynamites,Tamim Iqbal,Imrul Kayes,Mosaddek Hossain,0,0,,,,,,,,,
1121288,2017/18,2017-12-08,"Shere Bangla National Stadium, Mirpur",2,4.2,Comilla Victorians,Dhaka Dynamites,Tamim Iqbal,Imrul Kayes,Mosaddek Hossain,0,0,,,,,,,,,
1121288,2017/18,2017-12-08,"Shere Bangla National Stadium, Mirpur",2,4.3,Comilla Victorians,Dhaka Dynamites,Tamim Iqbal,Imrul Kayes,Mosaddek Hossain,0,0,,,,,,,,,
1121288,2017/18,2017-12-08,"Shere Bangla National Stadium, Mirpur",2,4.4,Comilla Victorians,Dhaka Dynamites,Tamim Iqbal,Imrul Kayes,Mosaddek Hossain,1,0,,,,,,,,,
1121288,2017/18,2017-12-08,"Shere Bangla National Stadium, Mirpur",2,4.5,Comilla Victorians,Dhaka Dynamites,Imrul Kayes,Tamim Iqbal,Mosaddek Hossain,0,0,,,,,,bowled,Imrul Kayes,,
1121288,2017/18,2017-12-08,"Shere Bangla National Stadium, Mirpur",2,4.6,Comilla Victorians,Dhaka Dynamites,MN Samuels,Tamim Iqbal,Mosaddek Hossain,1,0,,,,,,,,,
1121288,2017/18,2017-12-08,"Shere Bangla National Stadium, Mirpur",2,5.1,Comilla Victorians,Dhaka Dynamites,MN Samuels,Tamim Iqbal,SP Narine,1,0,,,,,,,,,
1121288,2017/18,2017-12-08,"Shere Bangla National Stadium, Mirpur",2,5.2,Comilla Victorians,Dhaka Dynamites,Tamim Iqbal,MN Samuels,SP Narine,0,2,,,2,,,,,,
1121288,2017/18,2017-12-08,"Shere Bangla National Stadium, Mirpur",2,5.3,Comilla Victorians,Dhaka Dynamites,Tamim Iqbal,MN Samuels,SP Narine,1,0,,,,,,,,,
1121288,2017/18,2017-12-08,"Shere Bangla National Stadium, Mirpur",2,5.4,Comilla Victorians,Dhaka Dynamites,MN Samuels,Tamim Iqbal,SP Narine,0,0,,,,,,,,,
1121288,2017/18,2017-12-08,"Shere Bangla National Stadium, Mirpur",2,5.5,Comilla Victorians,Dhaka Dynamites,MN Samuels,Tamim Iqbal,SP Narine,1,0,,,,,,,,,
1121288,2017/18,2017-12-08,"Shere Bangla National Stadium, Mirpur",2,5.6,Comilla Victorians,Dhaka Dynamites,Tamim Iqbal,MN Samuels,SP Narine,0,0,,,,,,,,,
1121288,2017/18,2017-12-08,"Shere Bangla National Stadium, Mirpur",2,6.1,Comilla Victorians,Dhaka Dynamites,MN Samuels,Tamim Iqbal,Mosaddek Hossain,0,0,,,,,,,,,
1121288,2017/18,2017-12-08,"Shere Bangla National Stadium, Mirpur",2,6.2,Comilla Victorians,Dhaka Dynamites,MN Samuels,Tamim Iqbal,Mosaddek Hossain,0,0,,,,,,,,,
1121288,2017/18,2017-12-08,"Shere Bangla National Stadium, Mirpur",2,6.3,Comilla Victorians,Dhaka Dynamites,MN Samuels,Tamim Iqbal,Mosaddek Hossain,1,0,,,,,,,,,
1121288,2017/18,2017-12-08,"Shere Bangla National Stadium, Mirpur",2,6.4,Comilla Victorians,Dhaka Dynamites,Tamim Iqbal,MN Samuels,Mosaddek Hossain,0,0,,,,,,,,,
1121288,2017/18,2017-12-08,"Shere Bangla National Stadium, Mirpur",2,6.5,Comilla Victorians,Dhaka Dynamites,Tamim Iqbal,MN Samuels,Mosaddek Hossain,6,0,,,,,,,,,
1121288,2017/18,2017-12-08,"Shere Bangla National Stadium, Mirpur",2,6.6,Comilla Victorians,Dhaka Dynamites,Tamim Iqbal,MN Samuels,Mosaddek Hossain,1,0,,,,,,,,,
1121288,2017/18,2017-12-08,"Shere Bangla National Stadium, Mirpur",2,7.1,Comilla Victorians,Dhaka Dynamites,Tamim Iqbal,MN Samuels,Shahid Afridi,4,0,,,,,,,,,
1121288,2017/18,2017-12-08,"Shere Bangla National Stadium, Mirpur",2,7.2,Comilla Victorians,Dhaka Dynamites,Tamim Iqbal,MN Samuels,Shahid Afridi,1,0,,,,,,,,,
1121288,2017/18,2017-12-08,"Shere Bangla National Stadium, Mirpur",2,7.3,Comilla Victorians,Dhaka Dynamites,MN Samuels,Tamim Iqbal,Shahid Afridi,1,0,,,,,,,,,
1121288,2017/18,2017-12-08,"Shere Bangla National Stadium, Mirpur",2,7.4,Comilla Victorians,Dhaka Dynamites,Tamim Iqbal,MN Samuels,Shahid Afridi,0,0,,,,,,,,,
1121288,2017/18,2017-12-08,"Shere Bangla National Stadium, Mirpur",2,7.5,Comilla Victorians,Dhaka Dynamites,Tamim Iqbal,MN Samuels,Shahid Afridi,1,0,,,,,,,,,
1121288,2017/18,2017-12-08,"Shere Bangla National Stadium, Mirpur",2,7.6,Comilla Victorians,Dhaka Dynamites,MN Samuels,Tamim Iqbal,Shahid Afridi,0,0,,,,,,,,,
1121288,2017/18,2017-12-08,"Shere Bangla National Stadium, Mirpur",2,8.1,Comilla Victorians,Dhaka Dynamites,Tamim Iqbal,MN Samuels,Abu Hider,0,0,,,,,,,,,
1121288,2017/18,2017-12-08,"Shere Bangla National Stadium, Mirpur",2,8.2,Comilla Victorians,Dhaka Dynamites,Tamim Iqbal,MN Samuels,Abu Hider,1,0,,,,,,,,,
1121288,2017/18,2017-12-08,"Shere Bangla National Stadium, Mirpur",2,8.3,Comilla Victorians,Dhaka Dynamites,MN Samuels,Tamim Iqbal,Abu Hider,1,0,,,,,,,,,
1121288,2017/18,2017-12-08,"Shere Bangla National Stadium, Mirpur",2,8.4,Comilla Victorians,Dhaka Dynamites,Tamim Iqbal,MN Samuels,Abu Hider,3,0,,,,,,,,,
1121288,2017/18,2017-12-08,"Shere Bangla National Stadium, Mirpur",2,8.5,Comilla Victorians,Dhaka Dynamites,MN Samuels,Tamim Iqbal,Abu Hider,0,0,,,,,,caught,MN Samuels,,
1121288,2017/18,2017-12-08,"Shere Bangla National Stadium, Mirpur",2,8.6,Comilla Victorians,Dhaka Dynamites,Shoaib Malik,Tamim Iqbal,Abu Hider,0,0,,,,,,,,,
1121288,2017/18,2017-12-08,"Shere Bangla National Stadium, Mirpur",2,9.1,Comilla Victorians,Dhaka Dynamites,Tamim Iqbal,Shoaib Malik,Shahid Afridi,0,0,,,,,,stumped,Tamim Iqbal,,
1121288,2017/18,2017-12-08,"Shere Bangla National Stadium, Mirpur",2,9.2,Comilla Victorians,Dhaka Dynamites,DJ Bravo,Shoaib Malik,Shahid Afridi,0,0,,,,,,,,,
1121288,2017/18,2017-12-08,"Shere Bangla National Stadium, Mirpur",2,9.3,Comilla Victorians,Dhaka Dynamites,DJ Bravo,Shoaib Malik,Shahid Afridi,0,0,,,,,,,,,
1121288,2017/18,2017-12-08,"Shere Bangla National Stadium, Mirpur",2,9.4,Comilla Victorians,Dhaka Dynamites,DJ Bravo,Shoaib Malik,Shahid Afridi,0,0,,,,,,,,,
1121288,2017/18,2017-12-08,"Shere Bangla National Stadium, Mirpur",2,9.5,Comilla Victorians,Dhaka Dynamites,DJ Bravo,Shoaib Malik,Shahid Afridi,0,0,,,,,,lbw,DJ Bravo,,
1121288,2017/18,2017-12-08,"Shere Bangla National Stadium, Mirpur",2,9.6,Comilla Victorians,Dhaka Dynamites,Mohammad Saifuddin,Shoaib Malik,Shahid Afridi,0,0,,,,,,,,,
1121288,2017/18,2017-12-08,"Shere Bangla National Stadium, Mirpur",2,10.1,Comilla Victorians,Dhaka Dynamites,Shoaib Malik,Mohammad Saifuddin,Abu Hider,0,0,,,,,,,,,
1121288,2017/18,2017-12-08,"Shere Bangla National Stadium, Mirpur",2,10.2,Comilla Victorians,Dhaka Dynamites,Shoaib Malik,Mohammad Saifuddin,Abu Hider,0,0,,,,,,,,,
1121288,2017/18,2017-12-08,"Shere Bangla National Stadium, Mirpur",2,10.3,Comilla Victorians,Dhaka Dynamites,Shoaib Malik,Mohammad Saifuddin,Abu Hider,0,1,1,,,,,,,,
1121288,2017/18,2017-12-08,"Shere Bangla National Stadium, Mirpur",2,10.4,Comilla Victorians,Dhaka Dynamites,Shoaib Malik,Mohammad Saifuddin,Abu Hider,4,0,,,,,,,,,
1121288,2017/18,2017-12-08,"Shere Bangla National Stadium, Mirpur",2,10.5,Comilla Victorians,Dhaka Dynamites,Shoaib Malik,Mohammad Saifuddin,Abu Hider,0,0,,,,,,run out,Mohammad Saifuddin,,
1121288,2017/18,2017-12-08,"Shere Bangla National Stadium, Mirpur",2,10.6,Comilla Victorians,Dhaka Dynamites,Hasan Ali,Shoaib Malik,Abu Hider,1,0,,,,,,,,,
1121288,2017/18,2017-12-08,"Shere Bangla National Stadium, Mirpur",2,10.7,Comilla Victorians,Dhaka Dynamites,Shoaib Malik,Hasan Ali,Abu Hider,1,0,,,,,,,,,
1121288,2017/18,2017-12-08,"Shere Bangla National Stadium, Mirpur",2,11.1,Comilla Victorians,Dhaka Dynamites,Shoaib Malik,Hasan Ali,Shahid Afridi,0,0,,,,,,,,,
1121288,2017/18,2017-12-08,"Shere Bangla National Stadium, Mirpur",2,11.2,Comilla Victorians,Dhaka Dynamites,Shoaib Malik,Hasan Ali,Shahid Afridi,1,0,,,,,,,,,
1121288,2017/18,2017-12-08,"Shere Bangla National Stadium, Mirpur",2,11.3,Comilla Victorians,Dhaka Dynamites,Hasan Ali,Shoaib Malik,Shahid Afridi,1,0,,,,,,,,,
1121288,2017/18,2017-12-08,"Shere Bangla National Stadium, Mirpur",2,11.4,Comilla Victorians,Dhaka Dynamites,Shoaib Malik,Hasan Ali,Shahid Afridi,1,0,,,,,,,,,
1121288,2017/18,2017-12-08,"Shere Bangla National Stadium, Mirpur",2,11.5,Comilla Victorians,Dhaka Dynamites,Hasan Ali,Shoaib Malik,Shahid Afridi,4,0,,,,,,,,,
1121288,2017/18,2017-12-08,"Shere Bangla National Stadium, Mirpur",2,11.6,Comilla Victorians,Dhaka Dynamites,Hasan Ali,Shoaib Malik,Shahid Afridi,1,0,,,,,,,,,
1121288,2017/18,2017-12-08,"Shere Bangla National Stadium, Mirpur",2,12.1,Comilla Victorians,Dhaka Dynamites,Hasan Ali,Shoaib Malik,Shakib Al Hasan,0,0,,,,,,,,,
1121288,2017/18,2017-12-08,"Shere Bangla National Stadium, Mirpur",2,12.2,Comilla Victorians,Dhaka Dynamites,Hasan Ali,Shoaib Malik,Shakib Al Hasan,1,0,,,,,,,,,
1121288,2017/18,2017-12-08,"Shere Bangla National Stadium, Mirpur",2,12.3,Comilla Victorians,Dhaka Dynamites,Shoaib Malik,Hasan Ali,Shakib Al Hasan,0,0,,,,,,caught,Shoaib Malik,,
1121288,2017/18,2017-12-08,"Shere Bangla National Stadium, Mirpur",2,12.4,Comilla Victorians,Dhaka Dynamites,Hasan Ali,Mahedi Hasan,Shakib Al Hasan,0,0,,,,,,,,,
1121288,2017/18,2017-12-08,"Shere Bangla National Stadium, Mirpur",2,12.5,Comilla Victorians,Dhaka Dynamites,Hasan Ali,Mahedi Hasan,Shakib Al Hasan,1,0,,,,,,,,,
1121288,2017/18,2017-12-08,"Shere Bangla National Stadium, Mirpur",2,12.6,Comilla Victorians,Dhaka Dynamites,Mahedi Hasan,Hasan Ali,Shakib Al Hasan,0,0,,,,,,,,,
1121288,2017/18,2017-12-08,"Shere Bangla National Stadium, Mirpur",2,13.1,Comilla Victorians,Dhaka Dynamites,Hasan Ali,Mahedi Hasan,Abu Hider,0,0,,,,,,,,,
1121288,2017/18,2017-12-08,"Shere Bangla National Stadium, Mirpur",2,13.2,Comilla Victorians,Dhaka Dynamites,Hasan Ali,Mahedi Hasan,Abu Hider,1,0,,,,,,,,,
1121288,2017/18,2017-12-08,"Shere Bangla National Stadium, Mirpur",2,13.3,Comilla Victorians,Dhaka Dynamites,Mahedi Hasan,Hasan Ali,Abu Hider,0,0,,,,,,,,,
1121288,2017/18,2017-12-08,"Shere Bangla National Stadium, Mirpur",2,13.4,Comilla Victorians,Dhaka Dynamites,Mahedi Hasan,Hasan Ali,Abu Hider,1,0,,,,,,,,,
1121288,2017/18,2017-12-08,"Shere Bangla National Stadium, Mirpur",2,13.5,Comilla Victorians,Dhaka Dynamites,Hasan Ali,Mahedi Hasan,Abu Hider,0,0,,,,,,,,,
1121288,2017/18,2017-12-08,"Shere Bangla National Stadium, Mirpur",2,13.6,Comilla Victorians,Dhaka Dynamites,Hasan Ali,Mahedi Hasan,Abu Hider,0,0,,,,,,,,,
1121288,2017/18,2017-12-08,"Shere Bangla National Stadium, Mirpur",2,14.1,Comilla Victorians,Dhaka Dynamites,Mahedi Hasan,Hasan Ali,Shakib Al Hasan,0,0,,,,,,,,,
1121288,2017/18,2017-12-08,"Shere Bangla National Stadium, Mirpur",2,14.2,Comilla Victorians,Dhaka Dynamites,Mahedi Hasan,Hasan Ali,Shakib Al Hasan,1,0,,,,,,,,,
1121288,2017/18,2017-12-08,"Shere Bangla National Stadium, Mirpur",2,14.3,Comilla Victorians,Dhaka Dynamites,Hasan Ali,Mahedi Hasan,Shakib Al Hasan,1,0,,,,,,,,,
1121288,2017/18,2017-12-08,"Shere Bangla National Stadium, Mirpur",2,14.4,Comilla Victorians,Dhaka Dynamites,Mahedi Hasan,Hasan Ali,Shakib Al Hasan,2,0,,,,,,,,,
1121288,2017/18,2017-12-08,"Shere Bangla National Stadium, Mirpur",2,14.5,Comilla Victorians,Dhaka Dynamites,Mahedi Hasan,Hasan Ali,Shakib Al Hasan,1,0,,,,,,,,,
1121288,2017/18,2017-12-08,"Shere Bangla National Stadium, Mirpur",2,14.6,Comilla Victorians,Dhaka Dynamites,Hasan Ali,Mahedi Hasan,Shakib Al Hasan,6,0,,,,,,,,,
1121288,2017/18,2017-12-08,"Shere Bangla National Stadium, Mirpur",2,15.1,Comilla Victorians,Dhaka Dynamites,Mahedi Hasan,Hasan Ali,Mohammad Saddam,4,0,,,,,,,,,
1121288,2017/18,2017-12-08,"Shere Bangla National Stadium, Mirpur",2,15.2,Comilla Victorians,Dhaka Dynamites,Mahedi Hasan,Hasan Ali,Mohammad Saddam,0,0,,,,,,,,,
1121288,2017/18,2017-12-08,"Shere Bangla National Stadium, Mirpur",2,15.3,Comilla Victorians,Dhaka Dynamites,Mahedi Hasan,Hasan Ali,Mohammad Saddam,1,0,,,,,,,,,
1121288,2017/18,2017-12-08,"Shere Bangla National Stadium, Mirpur",2,15.4,Comilla Victorians,Dhaka Dynamites,Hasan Ali,Mahedi Hasan,Mohammad Saddam,1,0,,,,,,,,,
1121288,2017/18,2017-12-08,"Shere Bangla National Stadium, Mirpur",2,15.5,Comilla Victorians,Dhaka Dynamites,Mahedi Hasan,Hasan Ali,Mohammad Saddam,0,0,,,,,,,,,
1121288,2017/18,2017-12-08,"Shere Bangla National Stadium, Mirpur",2,15.6,Comilla Victorians,Dhaka Dynamites,Mahedi Hasan,Hasan Ali,Mohammad Saddam,4,0,,,,,,,,,
1121288,2017/18,2017-12-08,"Shere Bangla National Stadium, Mirpur",2,16.1,Comilla Victorians,Dhaka Dynamites,Hasan Ali,Mahedi Hasan,SP Narine,0,0,,,,,,stumped,Hasan Ali,,
1121288,2017/18,2017-12-08,"Shere Bangla National Stadium, Mirpur",2,16.2,Comilla Victorians,Dhaka Dynamites,Al-Amin Hossain,Mahedi Hasan,SP Narine,0,0,,,,,,,,,
1121288,2017/18,2017-12-08,"Shere Bangla National Stadium, Mirpur",2,16.3,Comilla Victorians,Dhaka Dynamites,Al-Amin Hossain,Mahedi Hasan,SP Narine,0,0,,,,,,,,,
1121288,2017/18,2017-12-08,"Shere Bangla National Stadium, Mirpur",2,16.4,Comilla Victorians,Dhaka Dynamites,Al-Amin Hossain,Mahedi Hasan,SP Narine,0,0,,,,,,,,,
1121288,2017/18,2017-12-08,"Shere Bangla National Stadium, Mirpur",2,16.5,Comilla Victorians,Dhaka Dynamites,Al-Amin Hossain,Mahedi Hasan,SP Narine,0,0,,,,,,,,,
1121288,2017/18,2017-12-08,"Shere Bangla National Stadium, Mirpur",2,16.6,Comilla Victorians,Dhaka Dynamites,Al-Amin Hossain,Mahedi Hasan,SP Narine,0,0,,,,,,,,,
1121288,2017/18,2017-12-08,"Shere Bangla National Stadium, Mirpur",2,17.1,Comilla Victorians,Dhaka Dynamites,Mahedi Hasan,Al-Amin Hossain,Shahid Afridi,0,0,,,,,,,,,
1121288,2017/18,2017-12-08,"Shere Bangla National Stadium, Mirpur",2,17.2,Comilla Victorians,Dhaka Dynamites,Mahedi Hasan,Al-Amin Hossain,Shahid Afridi,0,0,,,,,,,,,
1121288,2017/18,2017-12-08,"Shere Bangla National Stadium, Mirpur",2,17.3,Comilla Victorians,Dhaka Dynamites,Mahedi Hasan,Al-Amin Hossain,Shahid Afridi,1,0,,,,,,,,,
1121288,2017/18,2017-12-08,"Shere Bangla National Stadium, Mirpur",2,17.4,Comilla Victorians,Dhaka Dynamites,Al-Amin Hossain,Mahedi Hasan,Shahid Afridi,0,0,,,,,,,,,
1121288,2017/18,2017-12-08,"Shere Bangla National Stadium, Mirpur",2,17.5,Comilla Victorians,Dhaka Dynamites,Al-Amin Hossain,Mahedi Hasan,Shahid Afridi,0,0,,,,,,,,,
1121288,2017/18,2017-12-08,"Shere Bangla National Stadium, Mirpur",2,17.6,Comilla Victorians,Dhaka Dynamites,Al-Amin Hossain,Mahedi Hasan,Shahid Afridi,0,0,,,,,,caught,Al-Amin Hossain,,
