match_id,season,start_date,venue,innings,ball,batting_team,bowling_team,striker,non_striker,bowler,runs_off_bat,extras,wides,noballs,byes,legbyes,penalty,wicket_type,player_dismissed,other_wicket_type,other_player_dismissed
1169396,2018/19,2019-01-16,Sylhet International Cricket Stadium,1,0.1,Sylhet Sixers,Rangpur Riders,Liton Das,Sabbir Rahman,Mashrafe Mortaza,1,0,,,,,,,,,
1169396,2018/19,2019-01-16,Sylhet International Cricket Stadium,1,0.2,Sylhet Sixers,Rangpur Riders,Sabbir Rahman,Liton Das,Mashrafe Mortaza,1,0,,,,,,,,,
1169396,2018/19,2019-01-16,Sylhet International Cricket Stadium,1,0.3,Sylhet Sixers,Rangpur Riders,Liton Das,Sabbir Rahman,Mashrafe Mortaza,4,0,,,,,,,,,
1169396,2018/19,2019-01-16,Sylhet International Cricket Stadium,1,0.4,Sylhet Sixers,Rangpur Riders,Liton Das,Sabbir Rahman,Mashrafe Mortaza,2,0,,,,,,,,,
1169396,2018/19,2019-01-16,Sylhet International Cricket Stadium,1,0.5,Sylhet Sixers,Rangpur Riders,Liton Das,Sabbir Rahman,Mashrafe Mortaza,2,0,,,,,,,,,
1169396,2018/19,2019-01-16,Sylhet International Cricket Stadium,1,0.6,Sylhet Sixers,Rangpur Riders,Liton Das,Sabbir Rahman,Mashrafe Mortaza,0,0,,,,,,,,,
1169396,2018/19,2019-01-16,Sylhet International Cricket Stadium,1,1.1,Sylhet Sixers,Rangpur Riders,Sabbir Rahman,Liton Das,Shafiul Islam,1,0,,,,,,,,,
1169396,2018/19,2019-01-16,Sylhet International Cricket Stadium,1,1.2,Sylhet Sixers,Rangpur Riders,Liton Das,Sabbir Rahman,Shafiul Islam,4,0,,,,,,,,,
1169396,2018/19,2019-01-16,Sylhet International Cricket Stadium,1,1.3,Sylhet Sixers,Rangpur Riders,Liton Das,Sabbir Rahman,Shafiul Islam,0,0,,,,,,,,,
1169396,2018/19,2019-01-16,Sylhet International Cricket Stadium,1,1.4,Sylhet Sixers,Rangpur Riders,Liton Das,Sabbir Rahman,Shafiul Islam,0,0,,,,,,,,,
1169396,2018/19,2019-01-16,Sylhet International Cricket Stadium,1,1.5,Sylhet Sixers,Rangpur Riders,Liton Das,Sabbir Rahman,Shafiul Islam,1,0,,,,,,,,,
1169396,2018/19,2019-01-16,Sylhet International Cricket Stadium,1,1.6,Sylhet Sixers,Rangpur Riders,Sabbir Rahman,Liton Das,Shafiul Islam,0,0,,,,,,,,,
1169396,2018/19,2019-01-16,Sylhet International Cricket Stadium,1,2.1,Sylhet Sixers,Rangpur Riders,Liton Das,Sabbir Rahman,Mashrafe Mortaza,0,0,,,,,,,,,
1169396,2018/19,2019-01-16,Sylhet International Cricket Stadium,1,2.2,Sylhet Sixers,Rangpur Riders,Liton Das,Sabbir Rahman,Mashrafe Mortaza,4,0,,,,,,,,,
1169396,2018/19,2019-01-16,Sylhet International Cricket Stadium,1,2.3,Sylhet Sixers,Rangpur Riders,Liton Das,Sabbir Rahman,Mashrafe Mortaza,4,0,,,,,,,,,
1169396,2018/19,2019-01-16,Sylhet International Cricket Stadium,1,2.4,Sylhet Sixers,Rangpur Riders,Liton Das,Sabbir Rahman,Mashrafe Mortaza,1,0,,,,,,,,,
1169396,2018/19,2019-01-16,Sylhet International Cricket Stadium,1,2.5,Sylhet Sixers,Rangpur Riders,Sabbir Rahman,Liton Das,Mashrafe Mortaza,4,0,,,,,,,,,
1169396,2018/19,2019-01-16,Sylhet International Cricket Stadium,1,2.6,Sylhet Sixers,Rangpur Riders,Sabbir Rahman,Liton Das,Mashrafe Mortaza,1,0,,,,,,,,,
1169396,2018/19,2019-01-16,Sylhet International Cricket Stadium,1,3.1,Sylhet Sixers,Rangpur Riders,Sabbir Rahman,Liton Das,Sohag Gazi,0,0,,,,,,,,,
1169396,2018/19,2019-01-16,Sylhet International Cricket Stadium,1,3.2,Sylhet Sixers,Rangpur Riders,Sabbir Rahman,Liton Das,Sohag Gazi,1,0,,,,,,,,,
1169396,2018/19,2019-01-16,Sylhet International Cricket Stadium,1,3.3,Sylhet Sixers,Rangpur Riders,Liton Das,Sabbir Rahman,Sohag Gazi,0,0,,,,,,,,,
1169396,2018/19,2019-01-16,Sylhet International Cricket Stadium,1,3.4,Sylhet Sixers,Rangpur Riders,Liton Das,Sabbir Rahman,Sohag Gazi,4,0,,,,,,,,,
1169396,2018/19,2019-01-16,Sylhet International Cricket Stadium,1,3.5,Sylhet Sixers,Rangpur Riders,Liton Das,Sabbir Rahman,Sohag Gazi,1,0,,,,,,,,,
1169396,2018/19,2019-01-16,Sylhet International Cricket Stadium,1,3.6,Sylhet Sixers,Rangpur Riders,Sabbir Rahman,Liton Das,Sohag Gazi,0,0,,,,,,,,,
1169396,2018/19,2019-01-16,Sylhet International Cricket Stadium,1,4.1,Sylhet Sixers,Rangpur Riders,Liton Das,Sabbir Rahman,Shafiul Islam,1,0,,,,,,,,,
1169396,2018/19,2019-01-16,Sylhet International Cricket Stadium,1,4.2,Sylhet Sixers,Rangpur Riders,Sabbir Rahman,Liton Das,Shafiul Islam,0,0,,,,,,,,,
1169396,2018/19,2019-01-16,Sylhet International Cricket Stadium,1,4.3,Sylhet Sixers,Rangpur Riders,Sabbir Rahman,Liton Das,Shafiul Islam,1,0,,,,,,,,,
1169396,2018/19,2019-01-16,Sylhet International Cricket Stadium,1,4.4,Sylhet Sixers,Rangpur Riders,Liton Das,Sabbir Rahman,Shafiul Islam,2,0,,,,,,,,,
1169396,2018/19,2019-01-16,Sylhet International Cricket Stadium,1,4.5,Sylhet Sixers,Rangpur Riders,Liton Das,Sabbir Rahman,Shafiul Islam,4,0,,,,,,,,,
1169396,2018/19,2019-01-16,Sylhet International Cricket Stadium,1,4.6,Sylhet Sixers,Rangpur Riders,Liton Das,Sabbir Rahman,Shafiul Islam,0,0,,,,,,,,,
1169396,2018/19,2019-01-16,Sylhet International Cricket Stadium,1,5.1,Sylhet Sixers,Rangpur Riders,Sabbir Rahman,Liton Das,Sohag Gazi,0,0,,,,,,,,,
1169396,2018/19,2019-01-16,Sylhet International Cricket Stadium,1,5.2,Sylhet Sixers,Rangpur Riders,Sabbir Rahman,Liton Das,Sohag Gazi,0,0,,,,,,,,,
1169396,2018/19,2019-01-16,Sylhet International Cricket Stadium,1,5.3,Sylhet Sixers,Rangpur Riders,Sabbir Rahman,Liton Das,Sohag Gazi,6,0,,,,,,,,,
1169396,2018/19,2019-01-16,Sylhet International Cricket Stadium,1,5.4,Sylhet Sixers,Rangpur Riders,Sabbir Rahman,Liton Das,Sohag Gazi,1,0,,,,,,,,,
1169396,2018/19,2019-01-16,Sylhet International Cricket Stadium,1,5.5,Sylhet Sixers,Rangpur Riders,Liton Das,Sabbir Rahman,Sohag Gazi,6,0,,,,,,,,,
1169396,2018/19,2019-01-16,Sylhet International Cricket Stadium,1,5.6,Sylhet Sixers,Rangpur Riders,Liton Das,Sabbir Rahman,Sohag Gazi,4,0,,,,,,,,,
1169396,2018/19,2019-01-16,Sylhet International Cricket Stadium,1,6.1,Sylhet Sixers,Rangpur Riders,Sabbir Rahman,Liton Das,BAC Howell,1,0,,,,,,,,,
1169396,2018/19,2019-01-16,Sylhet International Cricket Stadium,1,6.2,Sylhet Sixers,Rangpur Riders,Liton Das,Sabbir Rahman,BAC Howell,1,0,,,,,,,,,
1169396,2018/19,2019-01-16,Sylhet International Cricket Stadium,1,6.3,Sylhet Sixers,Rangpur Riders,Sabbir Rahman,Liton Das,BAC Howell,1,0,,,,,,,,,
1169396,2018/19,2019-01-16,Sylhet International Cricket Stadium,1,6.4,Sylhet Sixers,Rangpur Riders,Liton Das,Sabbir Rahman,BAC Howell,1,0,,,,,,,,,
1169396,2018/19,2019-01-16,Sylhet International Cricket Stadium,1,6.5,Sylhet Sixers,Rangpur Riders,Sabbir Rahman,Liton Das,BAC Howell,1,0,,,,,,,,,
1169396,2018/19,2019-01-16,Sylhet International Cricket Stadium,1,6.6,Sylhet Sixers,Rangpur Riders,Liton Das,Sabbir Rahman,BAC Howell,1,0,,,,,,,,,
1169396,2018/19,2019-01-16,Sylhet International Cricket Stadium,1,7.1,Sylhet Sixers,Rangpur Riders,Liton Das,Sabbir Rahman,Farhad Reza,0,0,,,,,,,,,
1169396,2018/19,2019-01-16,Sylhet International Cricket Stadium,1,7.2,Sylhet Sixers,Rangpur Riders,Liton Das,Sabbir Rahman,Farhad Reza,1,0,,,,,,,,,
1169396,2018/19,2019-01-16,Sylhet International Cricket Stadium,1,7.3,Sylhet Sixers,Rangpur Riders,Sabbir Rahman,Liton Das,Farhad Reza,1,0,,,,,,,,,
1169396,2018/19,2019-01-16,Sylhet International Cricket Stadium,1,7.4,Sylhet Sixers,Rangpur Riders,Liton Das,Sabbir Rahman,Farhad Reza,0,0,,,,,,,,,
1169396,2018/19,2019-01-16,Sylhet International Cricket Stadium,1,7.5,Sylhet Sixers,Rangpur Riders,Liton Das,Sabbir Rahman,Farhad Reza,2,0,,,,,,,,,
1169396,2018/19,2019-01-16,Sylhet International Cricket Stadium,1,7.6,Sylhet Sixers,Rangpur Riders,Liton Das,Sabbir Rahman,Farhad Reza,1,0,,,,,,,,,
1169396,2018/19,2019-01-16,Sylhet International Cricket Stadium,1,8.1,Sylhet Sixers,Rangpur Riders,Liton Das,Sabbir Rahman,BAC Howell,1,0,,,,,,,,,
1169396,2018/19,2019-01-16,Sylhet International Cricket Stadium,1,8.2,Sylhet Sixers,Rangpur Riders,Sabbir Rahman,Liton Das,BAC Howell,0,0,,,,,,,,,
1169396,2018/19,2019-01-16,Sylhet International Cricket Stadium,1,8.3,Sylhet Sixers,Rangpur Riders,Sabbir Rahman,Liton Das,BAC Howell,0,0,,,,,,lbw,Sabbir Rahman,,
1169396,2018/19,2019-01-16,Sylhet International Cricket Stadium,1,8.4,Sylhet Sixers,Rangpur Riders,DA Warner,Liton Das,BAC Howell,1,0,,,,,,,,,
1169396,2018/19,2019-01-16,Sylhet International Cricket Stadium,1,8.5,Sylhet Sixers,Rangpur Riders,Liton Das,DA Warner,BAC Howell,4,0,,,,,,,,,
1169396,2018/19,2019-01-16,Sylhet International Cricket Stadium,1,8.6,Sylhet Sixers,Rangpur Riders,Liton Das,DA Warner,BAC Howell,1,0,,,,,,,,,
1169396,2018/19,2019-01-16,Sylhet International Cricket Stadium,1,9.1,Sylhet Sixers,Rangpur Riders,Liton Das,DA Warner,Farhad Reza,1,0,,,,,,,,,
1169396,2018/19,2019-01-16,Sylhet International Cricket Stadium,1,9.2,Sylhet Sixers,Rangpur Riders,DA Warner,Liton Das,Farhad Reza,0,0,,,,,,,,,
1169396,2018/19,2019-01-16,Sylhet International Cricket Stadium,1,9.3,Sylhet Sixers,Rangpur Riders,DA Warner,Liton Das,Farhad Reza,1,0,,,,,,,,,
1169396,2018/19,2019-01-16,Sylhet International Cricket Stadium,1,9.4,Sylhet Sixers,Rangpur Riders,Liton Das,DA Warner,Farhad Reza,1,0,,,,,,,,,
1169396,2018/19,2019-01-16,Sylhet International Cricket Stadium,1,9.5,Sylhet Sixers,Rangpur Riders,DA Warner,Liton Das,Farhad Reza,1,0,,,,,,,,,
1169396,2018/19,2019-01-16,Sylhet International Cricket Stadium,1,9.6,Sylhet Sixers,Rangpur Riders,Liton Das,DA Warner,Farhad Reza,0,0,,,,,,,,,
1169396,2018/19,2019-01-16,Sylhet International Cricket Stadium,1,10.1,Sylhet Sixers,Rangpur Riders,DA Warner,Liton Das,Sohag Gazi,0,1,1,,,,,,,,
1169396,2018/19,2019-01-16,Sylhet International Cricket Stadium,1,10.2,Sylhet Sixers,Rangpur Riders,DA Warner,Liton Das,Sohag Gazi,2,0,,,,,,,,,
1169396,2018/19,2019-01-16,Sylhet International Cricket Stadium,1,10.3,Sylhet Sixers,Rangpur Riders,DA Warner,Liton Das,Sohag Gazi,0,0,,,,,,,,,
1169396,2018/19,2019-01-16,Sylhet International Cricket Stadium,1,10.4,Sylhet Sixers,Rangpur Riders,DA Warner,Liton Das,Sohag Gazi,2,0,,,,,,,,,
1169396,2018/19,2019-01-16,Sylhet International Cricket Stadium,1,10.5,Sylhet Sixers,Rangpur Riders,DA Warner,Liton Das,Sohag Gazi,0,0,,,,,,,,,
1169396,2018/19,2019-01-16,Sylhet International Cricket Stadium,1,10.6,Sylhet Sixers,Rangpur Riders,DA Warner,Liton Das,Sohag Gazi,1,0,,,,,,,,,
1169396,2018/19,2019-01-16,Sylhet International Cricket Stadium,1,10.7,Sylhet Sixers,Rangpur Riders,Liton Das,DA Warner,Sohag Gazi,1,0,,,,,,,,,
1169396,2018/19,2019-01-16,Sylhet International Cricket Stadium,1,11.1,Sylhet Sixers,Rangpur Riders,Liton Das,DA Warner,Mashrafe Mortaza,4,0,,,,,,,,,
1169396,2018/19,2019-01-16,Sylhet International Cricket Stadium,1,11.2,Sylhet Sixers,Rangpur Riders,Liton Das,DA Warner,Mashrafe Mortaza,1,0,,,,,,,,,
1169396,2018/19,2019-01-16,Sylhet International Cricket Stadium,1,11.3,Sylhet Sixers,Rangpur Riders,DA Warner,Liton Das,Mashrafe Mortaza,6,0,,,,,,,,,
1169396,2018/19,2019-01-16,Sylhet International Cricket Stadium,1,11.4,Sylhet Sixers,Rangpur Riders,DA Warner,Liton Das,Mashrafe Mortaza,4,0,,,,,,,,,
1169396,2018/19,2019-01-16,Sylhet International Cricket Stadium,1,11.5,Sylhet Sixers,Rangpur Riders,DA Warner,Liton Das,Mashrafe Mortaza,0,0,,,,,,,,,
1169396,2018/19,2019-01-16,Sylhet International Cricket Stadium,1,11.6,Sylhet Sixers,Rangpur Riders,DA Warner,Liton Das,Mashrafe Mortaza,4,0,,,,,,,,,
1169396,2018/19,2019-01-16,Sylhet International Cricket Stadium,1,12.1,Sylhet Sixers,Rangpur Riders,Liton Das,DA Warner,Sohag Gazi,1,0,,,,,,,,,
1169396,2018/19,2019-01-16,Sylhet International Cricket Stadium,1,12.2,Sylhet Sixers,Rangpur Riders,DA Warner,Liton Das,Sohag Gazi,0,0,,,,,,,,,
1169396,2018/19,2019-01-16,Sylhet International Cricket Stadium,1,12.3,Sylhet Sixers,Rangpur Riders,DA Warner,Liton Das,Sohag Gazi,2,0,,,,,,,,,
1169396,2018/19,2019-01-16,Sylhet International Cricket Stadium,1,12.4,Sylhet Sixers,Rangpur Riders,DA Warner,Liton Das,Sohag Gazi,2,0,,,,,,,,,
1169396,2018/19,2019-01-16,Sylhet International Cricket Stadium,1,12.5,Sylhet Sixers,Rangpur Riders,DA Warner,Liton Das,Sohag Gazi,2,0,,,,,,,,,
1169396,2018/19,2019-01-16,Sylhet International Cricket Stadium,1,12.6,Sylhet Sixers,Rangpur Riders,DA Warner,Liton Das,Sohag Gazi,1,0,,,,,,,,,
1169396,2018/19,2019-01-16,Sylhet International Cricket Stadium,1,13.1,Sylhet Sixers,Rangpur Riders,DA Warner,Liton Das,BAC Howell,4,0,,,,,,,,,
1169396,2018/19,2019-01-16,Sylhet International Cricket Stadium,1,13.2,Sylhet Sixers,Rangpur Riders,DA Warner,Liton Das,BAC Howell,1,0,,,,,,,,,
1169396,2018/19,2019-01-16,Sylhet International Cricket Stadium,1,13.3,Sylhet Sixers,Rangpur Riders,Liton Das,DA Warner,BAC Howell,1,0,,,,,,,,,
1169396,2018/19,2019-01-16,Sylhet International Cricket Stadium,1,13.4,Sylhet Sixers,Rangpur Riders,DA Warner,Liton Das,BAC Howell,1,0,,,,,,,,,
1169396,2018/19,2019-01-16,Sylhet International Cricket Stadium,1,13.5,Sylhet Sixers,Rangpur Riders,Liton Das,DA Warner,BAC Howell,1,0,,,,,,,,,
1169396,2018/19,2019-01-16,Sylhet International Cricket Stadium,1,13.6,Sylhet Sixers,Rangpur Riders,DA Warner,Liton Das,BAC Howell,1,0,,,,,,,,,
1169396,2018/19,2019-01-16,Sylhet International Cricket Stadium,1,14.1,Sylhet Sixers,Rangpur Riders,DA Warner,Liton Das,CH Gayle,1,0,,,,,,,,,
1169396,2018/19,2019-01-16,Sylhet International Cricket Stadium,1,14.2,Sylhet Sixers,Rangpur Riders,Liton Das,DA Warner,CH Gayle,1,0,,,,,,,,,
1169396,2018/19,2019-01-16,Sylhet International Cricket Stadium,1,14.3,Sylhet Sixers,Rangpur Riders,DA Warner,Liton Das,CH Gayle,1,0,,,,,,run out,Liton Das,,
1169396,2018/19,2019-01-16,Sylhet International Cricket Stadium,1,14.4,Sylhet Sixers,Rangpur Riders,DA Warner,N Pooran,CH Gayle,4,0,,,,,,,,,
1169396,2018/19,2019-01-16,Sylhet International Cricket Stadium,1,14.5,Sylhet Sixers,Rangpur Riders,DA Warner,N Pooran,CH Gayle,1,0,,,,,,,,,
1169396,2018/19,2019-01-16,Sylhet International Cricket Stadium,1,14.6,Sylhet Sixers,Rangpur Riders,N Pooran,DA Warner,CH Gayle,1,0,,,,,,,,,
1169396,2018/19,2019-01-16,Sylhet International Cricket Stadium,1,15.1,Sylhet Sixers,Rangpur Riders,N Pooran,DA Warner,Nahidul Islam,0,0,,,,,,,,,
1169396,2018/19,2019-01-16,Sylhet International Cricket Stadium,1,15.2,Sylhet Sixers,Rangpur Riders,N Pooran,DA Warner,Nahidul Islam,4,0,,,,,,,,,
1169396,2018/19,2019-01-16,Sylhet International Cricket Stadium,1,15.3,Sylhet Sixers,Rangpur Riders,N Pooran,DA Warner,Nahidul Islam,0,0,,,,,,,,,
1169396,2018/19,2019-01-16,Sylhet International Cricket Stadium,1,15.4,Sylhet Sixers,Rangpur Riders,N Pooran,DA Warner,Nahidul Islam,0,0,,,,,,,,,
1169396,2018/19,2019-01-16,Sylhet International Cricket Stadium,1,15.5,Sylhet Sixers,Rangpur Riders,N Pooran,DA Warner,Nahidul Islam,2,0,,,,,,,,,
1169396,2018/19,2019-01-16,Sylhet International Cricket Stadium,1,15.6,Sylhet Sixers,Rangpur Riders,N Pooran,DA Warner,Nahidul Islam,1,0,,,,,,,,,
1169396,2018/19,2019-01-16,Sylhet International Cricket Stadium,1,16.1,Sylhet Sixers,Rangpur Riders,N Pooran,DA Warner,CH Gayle,4,0,,,,,,,,,
1169396,2018/19,2019-01-16,Sylhet International Cricket Stadium,1,16.2,Sylhet Sixers,Rangpur Riders,N Pooran,DA Warner,CH Gayle,1,0,,,,,,,,,
1169396,2018/19,2019-01-16,Sylhet International Cricket Stadium,1,16.3,Sylhet Sixers,Rangpur Riders,DA Warner,N Pooran,CH Gayle,1,0,,,,,,,,,
1169396,2018/19,2019-01-16,Sylhet International Cricket Stadium,1,16.4,Sylhet Sixers,Rangpur Riders,N Pooran,DA Warner,CH Gayle,1,0,,,,,,,,,
1169396,2018/19,2019-01-16,Sylhet International Cricket Stadium,1,16.5,Sylhet Sixers,Rangpur Riders,DA Warner,N Pooran,CH Gayle,1,0,,,,,,,,,
1169396,2018/19,2019-01-16,Sylhet International Cricket Stadium,1,16.6,Sylhet Sixers,Rangpur Riders,N Pooran,DA Warner,CH Gayle,2,0,,,,,,,,,
1169396,2018/19,2019-01-16,Sylhet International Cricket Stadium,1,17.1,Sylhet Sixers,Rangpur Riders,DA Warner,N Pooran,Shafiul Islam,0,1,,,,1,,,,,
1169396,2018/19,2019-01-16,Sylhet International Cricket Stadium,1,17.2,Sylhet Sixers,Rangpur Riders,N Pooran,DA Warner,Shafiul Islam,0,0,,,,,,,,,
1169396,2018/19,2019-01-16,Sylhet International Cricket Stadium,1,17.3,Sylhet Sixers,Rangpur Riders,N Pooran,DA Warner,Shafiul Islam,6,0,,,,,,,,,
1169396,2018/19,2019-01-16,Sylhet International Cricket Stadium,1,17.4,Sylhet Sixers,Rangpur Riders,N Pooran,DA Warner,Shafiul Islam,4,0,,,,,,,,,
1169396,2018/19,2019-01-16,Sylhet International Cricket Stadium,1,17.5,Sylhet Sixers,Rangpur Riders,N Pooran,DA Warner,Shafiul Islam,0,0,,,,,,,,,
1169396,2018/19,2019-01-16,Sylhet International Cricket Stadium,1,17.6,Sylhet Sixers,Rangpur Riders,N Pooran,DA Warner,Shafiul Islam,0,0,,,,,,bowled,N Pooran,,
1169396,2018/19,2019-01-16,Sylhet International Cricket Stadium,1,18.1,Sylhet Sixers,Rangpur Riders,DA Warner,Afif Hossain,CH Gayle,2,0,,,,,,,,,
1169396,2018/19,2019-01-16,Sylhet International Cricket Stadium,1,18.2,Sylhet Sixers,Rangpur Riders,DA Warner,Afif Hossain,CH Gayle,0,0,,,,,,,,,
1169396,2018/19,2019-01-16,Sylhet International Cricket Stadium,1,18.3,Sylhet Sixers,Rangpur Riders,DA Warner,Afif Hossain,CH Gayle,0,0,,,,,,,,,
1169396,2018/19,2019-01-16,Sylhet International Cricket Stadium,1,18.4,Sylhet Sixers,Rangpur Riders,DA Warner,Afif Hossain,CH Gayle,6,0,,,,,,,,,
1169396,2018/19,2019-01-16,Sylhet International Cricket Stadium,1,18.5,Sylhet Sixers,Rangpur Riders,DA Warner,Afif Hossain,CH Gayle,4,0,,,,,,,,,
1169396,2018/19,2019-01-16,Sylhet International Cricket Stadium,1,18.6,Sylhet Sixers,Rangpur Riders,DA Warner,Afif Hossain,CH Gayle,4,0,,,,,,,,,
1169396,2018/19,2019-01-16,Sylhet International Cricket Stadium,1,19.1,Sylhet Sixers,Rangpur Riders,Afif Hossain,DA Warner,Shafiul Islam,4,0,,,,,,,,,
1169396,2018/19,2019-01-16,Sylhet International Cricket Stadium,1,19.2,Sylhet Sixers,Rangpur Riders,Afif Hossain,DA Warner,Shafiul Islam,0,1,1,,,,,,,,
1169396,2018/19,2019-01-16,Sylhet International Cricket Stadium,1,19.3,Sylhet Sixers,Rangpur Riders,Afif Hossain,DA Warner,Shafiul Islam,2,0,,,,,,,,,
1169396,2018/19,2019-01-16,Sylhet International Cricket Stadium,1,19.4,Sylhet Sixers,Rangpur Riders,Afif Hossain,DA Warner,Shafiul Islam,0,0,,,,,,bowled,Afif Hossain,,
1169396,2018/19,2019-01-16,Sylhet International Cricket Stadium,1,19.5,Sylhet Sixers,Rangpur Riders,Jaker Ali,DA Warner,Shafiul Islam,0,0,,,,,,caught,Jaker Ali,,
1169396,2018/19,2019-01-16,Sylhet International Cricket Stadium,1,19.6,Sylhet Sixers,Rangpur Riders,DA Warner,Alok Kapali,Shafiul Islam,0,1,,,1,,,,,,
1169396,2018/19,2019-01-16,Sylhet International Cricket Stadium,1,19.7,Sylhet Sixers,Rangpur Riders,Alok Kapali,DA Warner,Shafiul Islam,0,0,,,,,,,,,
1169396,2018/19,2019-01-16,Sylhet International Cricket Stadium,2,0.1,Rangpur Riders,Sylhet Sixers,CH Gayle,Mehedi Maruf,Sohail Tanvir,1,0,,,,,,,,,
1169396,2018/19,2019-01-16,Sylhet International Cricket Stadium,2,0.2,Rangpur Riders,Sylhet Sixers,Mehedi Maruf,CH Gayle,Sohail Tanvir,1,0,,,,,,,,,
1169396,2018/19,2019-01-16,Sylhet International Cricket Stadium,2,0.3,Rangpur Riders,Sylhet Sixers,CH Gayle,Mehedi Maruf,Sohail Tanvir,1,0,,,,,,,,,
1169396,2018/19,2019-01-16,Sylhet International Cricket Stadium,2,0.4,Rangpur Riders,Sylhet Sixers,Mehedi Maruf,CH Gayle,Sohail Tanvir,0,1,1,,,,,,,,
1169396,2018/19,2019-01-16,Sylhet International Cricket Stadium,2,0.5,Rangpur Riders,Sylhet Sixers,Mehedi Maruf,CH Gayle,Sohail Tanvir,0,0,,,,,,,,,
1169396,2018/19,2019-01-16,Sylhet International Cricket Stadium,2,0.6,Rangpur Riders,Sylhet Sixers,Mehedi Maruf,CH Gayle,Sohail Tanvir,0,0,,,,,,,,,
1169396,2018/19,2019-01-16,Sylhet International Cricket Stadium,2,0.7,Rangpur Riders,Sylhet Sixers,Mehedi Maruf,CH Gayle,Sohail Tanvir,2,0,,,,,,,,,
1169396,2018/19,2019-01-16,Sylhet International Cricket Stadium,2,1.1,Rangpur Riders,Sylhet Sixers,CH Gayle,Mehedi Maruf,Mehedi Hasan Rana,4,0,,,,,,,,,
1169396,2018/19,2019-01-16,Sylhet International Cricket Stadium,2,1.2,Rangpur Riders,Sylhet Sixers,CH Gayle,Mehedi Maruf,Mehedi Hasan Rana,1,0,,,,,,,,,
1169396,2018/19,2019-01-16,Sylhet International Cricket Stadium,2,1.3,Rangpur Riders,Sylhet Sixers,Mehedi Maruf,CH Gayle,Mehedi Hasan Rana,0,0,,,,,,caught,Mehedi Maruf,,
1169396,2018/19,2019-01-16,Sylhet International Cricket Stadium,2,1.4,Rangpur Riders,Sylhet Sixers,AD Hales,CH Gayle,Mehedi Hasan Rana,0,0,,,,,,,,,
1169396,2018/19,2019-01-16,Sylhet International Cricket Stadium,2,1.5,Rangpur Riders,Sylhet Sixers,AD Hales,CH Gayle,Mehedi Hasan Rana,0,0,,,,,,,,,
1169396,2018/19,2019-01-16,Sylhet International Cricket Stadium,2,1.6,Rangpur Riders,Sylhet Sixers,AD Hales,CH Gayle,Mehedi Hasan Rana,0,0,,,,,,caught,AD Hales,,
1169396,2018/19,2019-01-16,Sylhet International Cricket Stadium,2,2.1,Rangpur Riders,Sylhet Sixers,CH Gayle,RR Rossouw,Sohail Tanvir,0,0,,,,,,,,,
1169396,2018/19,2019-01-16,Sylhet International Cricket Stadium,2,2.2,Rangpur Riders,Sylhet Sixers,CH Gayle,RR Rossouw,Sohail Tanvir,0,0,,,,,,,,,
1169396,2018/19,2019-01-16,Sylhet International Cricket Stadium,2,2.3,Rangpur Riders,Sylhet Sixers,CH Gayle,RR Rossouw,Sohail Tanvir,0,0,,,,,,caught,CH Gayle,,
1169396,2018/19,2019-01-16,Sylhet International Cricket Stadium,2,2.4,Rangpur Riders,Sylhet Sixers,Mohammad Mithun,RR Rossouw,Sohail Tanvir,0,0,,,,,,,,,
1169396,2018/19,2019-01-16,Sylhet International Cricket Stadium,2,2.5,Rangpur Riders,Sylhet Sixers,Mohammad Mithun,RR Rossouw,Sohail Tanvir,4,0,,,,,,,,,
1169396,2018/19,2019-01-16,Sylhet International Cricket Stadium,2,2.6,Rangpur Riders,Sylhet Sixers,Mohammad Mithun,RR Rossouw,Sohail Tanvir,0,0,,,,,,,,,
1169396,2018/19,2019-01-16,Sylhet International Cricket Stadium,2,3.1,Rangpur Riders,Sylhet Sixers,RR Rossouw,Mohammad Mithun,Taskin Ahmed,0,0,,,,,,,,,
1169396,2018/19,2019-01-16,Sylhet International Cricket Stadium,2,3.2,Rangpur Riders,Sylhet Sixers,RR Rossouw,Mohammad Mithun,Taskin Ahmed,1,0,,,,,,,,,
1169396,2018/19,2019-01-16,Sylhet International Cricket Stadium,2,3.3,Rangpur Riders,Sylhet Sixers,Mohammad Mithun,RR Rossouw,Taskin Ahmed,0,0,,,,,,,,,
1169396,2018/19,2019-01-16,Sylhet International Cricket Stadium,2,3.4,Rangpur Riders,Sylhet Sixers,Mohammad Mithun,RR Rossouw,Taskin Ahmed,4,0,,,,,,,,,
1169396,2018/19,2019-01-16,Sylhet International Cricket Stadium,2,3.5,Rangpur Riders,Sylhet Sixers,Mohammad Mithun,RR Rossouw,Taskin Ahmed,4,0,,,,,,,,,
1169396,2018/19,2019-01-16,Sylhet International Cricket Stadium,2,3.6,Rangpur Riders,Sylhet Sixers,Mohammad Mithun,RR Rossouw,Taskin Ahmed,0,0,,,,,,,,,
1169396,2018/19,2019-01-16,Sylhet International Cricket Stadium,2,4.1,Rangpur Riders,Sylhet Sixers,RR Rossouw,Mohammad Mithun,Afif Hossain,6,0,,,,,,,,,
1169396,2018/19,2019-01-16,Sylhet International Cricket Stadium,2,4.2,Rangpur Riders,Sylhet Sixers,RR Rossouw,Mohammad Mithun,Afif Hossain,3,0,,,,,,,,,
1169396,2018/19,2019-01-16,Sylhet International Cricket Stadium,2,4.3,Rangpur Riders,Sylhet Sixers,Mohammad Mithun,RR Rossouw,Afif Hossain,4,0,,,,,,,,,
1169396,2018/19,2019-01-16,Sylhet International Cricket Stadium,2,4.4,Rangpur Riders,Sylhet Sixers,Mohammad Mithun,RR Rossouw,Afif Hossain,1,0,,,,,,,,,
1169396,2018/19,2019-01-16,Sylhet International Cricket Stadium,2,4.5,Rangpur Riders,Sylhet Sixers,RR Rossouw,Mohammad Mithun,Afif Hossain,0,1,1,,,,,,,,
1169396,2018/19,2019-01-16,Sylhet International Cricket Stadium,2,4.6,Rangpur Riders,Sylhet Sixers,RR Rossouw,Mohammad Mithun,Afif Hossain,6,0,,,,,,,,,
1169396,2018/19,2019-01-16,Sylhet International Cricket Stadium,2,4.7,Rangpur Riders,Sylhet Sixers,RR Rossouw,Mohammad Mithun,Afif Hossain,1,0,,,,,,,,,
1169396,2018/19,2019-01-16,Sylhet International Cricket Stadium,2,5.1,Rangpur Riders,Sylhet Sixers,RR Rossouw,Mohammad Mithun,Mehedi Hasan Rana,6,0,,,,,,,,,
1169396,2018/19,2019-01-16,Sylhet International Cricket Stadium,2,5.2,Rangpur Riders,Sylhet Sixers,RR Rossouw,Mohammad Mithun,Mehedi Hasan Rana,4,0,,,,,,,,,
1169396,2018/19,2019-01-16,Sylhet International Cricket Stadium,2,5.3,Rangpur Riders,Sylhet Sixers,RR Rossouw,Mohammad Mithun,Mehedi Hasan Rana,4,0,,,,,,,,,
1169396,2018/19,2019-01-16,Sylhet International Cricket Stadium,2,5.4,Rangpur Riders,Sylhet Sixers,RR Rossouw,Mohammad Mithun,Mehedi Hasan Rana,1,0,,,,,,,,,
1169396,2018/19,2019-01-16,Sylhet International Cricket Stadium,2,5.5,Rangpur Riders,Sylhet Sixers,Mohammad Mithun,RR Rossouw,Mehedi Hasan Rana,1,0,,,,,,,,,
1169396,2018/19,2019-01-16,Sylhet International Cricket Stadium,2,5.6,Rangpur Riders,Sylhet Sixers,RR Rossouw,Mohammad Mithun,Mehedi Hasan Rana,0,0,,,,,,,,,
1169396,2018/19,2019-01-16,Sylhet International Cricket Stadium,2,6.1,Rangpur Riders,Sylhet Sixers,Mohammad Mithun,RR Rossouw,S Lamichhane,1,0,,,,,,,,,
1169396,2018/19,2019-01-16,Sylhet International Cricket Stadium,2,6.2,Rangpur Riders,Sylhet Sixers,RR Rossouw,Mohammad Mithun,S Lamichhane,2,0,,,,,,,,,
1169396,2018/19,2019-01-16,Sylhet International Cricket Stadium,2,6.3,Rangpur Riders,Sylhet Sixers,RR Rossouw,Mohammad Mithun,S Lamichhane,0,0,,,,,,,,,
1169396,2018/19,2019-01-16,Sylhet International Cricket Stadium,2,6.4,Rangpur Riders,Sylhet Sixers,RR Rossouw,Mohammad Mithun,S Lamichhane,1,0,,,,,,,,,
1169396,2018/19,2019-01-16,Sylhet International Cricket Stadium,2,6.5,Rangpur Riders,Sylhet Sixers,Mohammad Mithun,RR Rossouw,S Lamichhane,1,0,,,,,,,,,
1169396,2018/19,2019-01-16,Sylhet International Cricket Stadium,2,6.6,Rangpur Riders,Sylhet Sixers,RR Rossouw,Mohammad Mithun,S Lamichhane,1,0,,,,,,,,,
1169396,2018/19,2019-01-16,Sylhet International Cricket Stadium,2,7.1,Rangpur Riders,Sylhet Sixers,RR Rossouw,Mohammad Mithun,Alok Kapali,1,0,,,,,,,,,
1169396,2018/19,2019-01-16,Sylhet International Cricket Stadium,2,7.2,Rangpur Riders,Sylhet Sixers,Mohammad Mithun,RR Rossouw,Alok Kapali,2,0,,,,,,,,,
1169396,2018/19,2019-01-16,Sylhet International Cricket Stadium,2,7.3,Rangpur Riders,Sylhet Sixers,Mohammad Mithun,RR Rossouw,Alok Kapali,1,0,,,,,,,,,
1169396,2018/19,2019-01-16,Sylhet International Cricket Stadium,2,7.4,Rangpur Riders,Sylhet Sixers,RR Rossouw,Mohammad Mithun,Alok Kapali,0,0,,,,,,,,,
1169396,2018/19,2019-01-16,Sylhet International Cricket Stadium,2,7.5,Rangpur Riders,Sylhet Sixers,RR Rossouw,Mohammad Mithun,Alok Kapali,1,0,,,,,,,,,
1169396,2018/19,2019-01-16,Sylhet International Cricket Stadium,2,7.6,Rangpur Riders,Sylhet Sixers,Mohammad Mithun,RR Rossouw,Alok Kapali,1,0,,,,,,,,,
1169396,2018/19,2019-01-16,Sylhet International Cricket Stadium,2,8.1,Rangpur Riders,Sylhet Sixers,Mohammad Mithun,RR Rossouw,S Lamichhane,0,0,,,,,,,,,
1169396,2018/19,2019-01-16,Sylhet International Cricket Stadium,2,8.2,Rangpur Riders,Sylhet Sixers,Mohammad Mithun,RR Rossouw,S Lamichhane,1,0,,,,,,,,,
1169396,2018/19,2019-01-16,Sylhet International Cricket Stadium,2,8.3,Rangpur Riders,Sylhet Sixers,RR Rossouw,Mohammad Mithun,S Lamichhane,2,0,,,,,,,,,
1169396,2018/19,2019-01-16,Sylhet International Cricket Stadium,2,8.4,Rangpur Riders,Sylhet Sixers,RR Rossouw,Mohammad Mithun,S Lamichhane,0,0,,,,,,,,,
1169396,2018/19,2019-01-16,Sylhet International Cricket Stadium,2,8.5,Rangpur Riders,Sylhet Sixers,RR Rossouw,Mohammad Mithun,S Lamichhane,1,0,,,,,,,,,
1169396,2018/19,2019-01-16,Sylhet International Cricket Stadium,2,8.6,Rangpur Riders,Sylhet Sixers,Mohammad Mithun,RR Rossouw,S Lamichhane,1,0,,,,,,,,,
1169396,2018/19,2019-01-16,Sylhet International Cricket Stadium,2,9.1,Rangpur Riders,Sylhet Sixers,Mohammad Mithun,RR Rossouw,Alok Kapali,1,0,,,,,,,,,
1169396,2018/19,2019-01-16,Sylhet International Cricket Stadium,2,9.2,Rangpur Riders,Sylhet Sixers,RR Rossouw,Mohammad Mithun,Alok Kapali,0,0,,,,,,,,,
1169396,2018/19,2019-01-16,Sylhet International Cricket Stadium,2,9.3,Rangpur Riders,Sylhet Sixers,RR Rossouw,Mohammad Mithun,Alok Kapali,0,0,,,,,,,,,
1169396,2018/19,2019-01-16,Sylhet International Cricket Stadium,2,9.4,Rangpur Riders,Sylhet Sixers,RR Rossouw,Mohammad Mithun,Alok Kapali,0,0,,,,,,,,,
1169396,2018/19,2019-01-16,Sylhet International Cricket Stadium,2,9.5,Rangpur Riders,Sylhet Sixers,RR Rossouw,Mohammad Mithun,Alok Kapali,2,0,,,,,,,,,
1169396,2018/19,2019-01-16,Sylhet International Cricket Stadium,2,9.6,Rangpur Riders,Sylhet Sixers,RR Rossouw,Mohammad Mithun,Alok Kapali,6,0,,,,,,,,,
1169396,2018/19,2019-01-16,Sylhet International Cricket Stadium,2,10.1,Rangpur Riders,Sylhet Sixers,Mohammad Mithun,RR Rossouw,S Lamichhane,1,0,,,,,,,,,
1169396,2018/19,2019-01-16,Sylhet International Cricket Stadium,2,10.2,Rangpur Riders,Sylhet Sixers,RR Rossouw,Mohammad Mithun,S Lamichhane,2,0,,,,,,,,,
1169396,2018/19,2019-01-16,Sylhet International Cricket Stadium,2,10.3,Rangpur Riders,Sylhet Sixers,RR Rossouw,Mohammad Mithun,S Lamichhane,1,0,,,,,,,,,
1169396,2018/19,2019-01-16,Sylhet International Cricket Stadium,2,10.4,Rangpur Riders,Sylhet Sixers,Mohammad Mithun,RR Rossouw,S Lamichhane,0,0,,,,,,,,,
1169396,2018/19,2019-01-16,Sylhet International Cricket Stadium,2,10.5,Rangpur Riders,Sylhet Sixers,Mohammad Mithun,RR Rossouw,S Lamichhane,0,0,,,,,,,,,
1169396,2018/19,2019-01-16,Sylhet International Cricket Stadium,2,10.6,Rangpur Riders,Sylhet Sixers,Mohammad Mithun,RR Rossouw,S Lamichhane,0,0,,,,,,,,,
1169396,2018/19,2019-01-16,Sylhet International Cricket Stadium,2,11.1,Rangpur Riders,Sylhet Sixers,RR Rossouw,Mohammad Mithun,Taskin Ahmed,4,0,,,,,,,,,
1169396,2018/19,2019-01-16,Sylhet International Cricket Stadium,2,11.2,Rangpur Riders,Sylhet Sixers,RR Rossouw,Mohammad Mithun,Taskin Ahmed,0,1,1,,,,,,,,
1169396,2018/19,2019-01-16,Sylhet International Cricket Stadium,2,11.3,Rangpur Riders,Sylhet Sixers,RR Rossouw,Mohammad Mithun,Taskin Ahmed,2,0,,,,,,,,,
1169396,2018/19,2019-01-16,Sylhet International Cricket Stadium,2,11.4,Rangpur Riders,Sylhet Sixers,RR Rossouw,Mohammad Mithun,Taskin Ahmed,0,0,,,,,,,,,
1169396,2018/19,2019-01-16,Sylhet International Cricket Stadium,2,11.5,Rangpur Riders,Sylhet Sixers,RR Rossouw,Mohammad Mithun,Taskin Ahmed,0,1,1,,,,,,,,
1169396,2018/19,2019-01-16,Sylhet International Cricket Stadium,2,11.6,Rangpur Riders,Sylhet Sixers,RR Rossouw,Mohammad Mithun,Taskin Ahmed,0,0,,,,,,bowled,RR Rossouw,,
1169396,2018/19,2019-01-16,Sylhet International Cricket Stadium,2,11.7,Rangpur Riders,Sylhet Sixers,Mashrafe Mortaza,Mohammad Mithun,Taskin Ahmed,1,0,,,,,,,,,
1169396,2018/19,2019-01-16,Sylhet International Cricket Stadium,2,11.8,Rangpur Riders,Sylhet Sixers,Mohammad Mithun,Mashrafe Mortaza,Taskin Ahmed,4,0,,,,,,,,,
1169396,2018/19,2019-01-16,Sylhet International Cricket Stadium,2,12.1,Rangpur Riders,Sylhet Sixers,Mashrafe Mortaza,Mohammad Mithun,Alok Kapali,0,1,,,,1,,,,,
1169396,2018/19,2019-01-16,Sylhet International Cricket Stadium,2,12.2,Rangpur Riders,Sylhet Sixers,Mohammad Mithun,Mashrafe Mortaza,Alok Kapali,1,0,,,,,,,,,
1169396,2018/19,2019-01-16,Sylhet International Cricket Stadium,2,12.3,Rangpur Riders,Sylhet Sixers,Mashrafe Mortaza,Mohammad Mithun,Alok Kapali,1,0,,,,,,,,,
1169396,2018/19,2019-01-16,Sylhet International Cricket Stadium,2,12.4,Rangpur Riders,Sylhet Sixers,Mohammad Mithun,Mashrafe Mortaza,Alok Kapali,1,0,,,,,,,,,
1169396,2018/19,2019-01-16,Sylhet International Cricket Stadium,2,12.5,Rangpur Riders,Sylhet Sixers,Mashrafe Mortaza,Mohammad Mithun,Alok Kapali,4,0,,,,,,,,,
1169396,2018/19,2019-01-16,Sylhet International Cricket Stadium,2,12.6,Rangpur Riders,Sylhet Sixers,Mashrafe Mortaza,Mohammad Mithun,Alok Kapali,1,0,,,,,,,,,
1169396,2018/19,2019-01-16,Sylhet International Cricket Stadium,2,13.1,Rangpur Riders,Sylhet Sixers,Mashrafe Mortaza,Mohammad Mithun,Taskin Ahmed,1,0,,,,,,,,,
1169396,2018/19,2019-01-16,Sylhet International Cricket Stadium,2,13.2,Rangpur Riders,Sylhet Sixers,Mohammad Mithun,Mashrafe Mortaza,Taskin Ahmed,0,0,,,,,,,,,
1169396,2018/19,2019-01-16,Sylhet International Cricket Stadium,2,13.3,Rangpur Riders,Sylhet Sixers,Mohammad Mithun,Mashrafe Mortaza,Taskin Ahmed,1,0,,,,,,,,,
1169396,2018/19,2019-01-16,Sylhet International Cricket Stadium,2,13.4,Rangpur Riders,Sylhet Sixers,Mashrafe Mortaza,Mohammad Mithun,Taskin Ahmed,0,0,,,,,,,,,
1169396,2018/19,2019-01-16,Sylhet International Cricket Stadium,2,13.5,Rangpur Riders,Sylhet Sixers,Mashrafe Mortaza,Mohammad Mithun,Taskin Ahmed,1,0,,,,,,,,,
1169396,2018/19,2019-01-16,Sylhet International Cricket Stadium,2,13.6,Rangpur Riders,Sylhet Sixers,Mohammad Mithun,Mashrafe Mortaza,Taskin Ahmed,0,0,,,,,,caught,Mohammad Mithun,,
1169396,2018/19,2019-01-16,Sylhet International Cricket Stadium,2,14.1,Rangpur Riders,Sylhet Sixers,Mashrafe Mortaza,BAC Howell,Mehedi Hasan Rana,1,0,,,,,,,,,
1169396,2018/19,2019-01-16,Sylhet International Cricket Stadium,2,14.2,Rangpur Riders,Sylhet Sixers,BAC Howell,Mashrafe Mortaza,Mehedi Hasan Rana,4,0,,,,,,,,,
1169396,2018/19,2019-01-16,Sylhet International Cricket Stadium,2,14.3,Rangpur Riders,Sylhet Sixers,BAC Howell,Mashrafe Mortaza,Mehedi Hasan Rana,1,0,,,,,,,,,
1169396,2018/19,2019-01-16,Sylhet International Cricket Stadium,2,14.4,Rangpur Riders,Sylhet Sixers,Mashrafe Mortaza,BAC Howell,Mehedi Hasan Rana,1,0,,,,,,,,,
1169396,2018/19,2019-01-16,Sylhet International Cricket Stadium,2,14.5,Rangpur Riders,Sylhet Sixers,BAC Howell,Mashrafe Mortaza,Mehedi Hasan Rana,2,0,,,,,,,,,
1169396,2018/19,2019-01-16,Sylhet International Cricket Stadium,2,14.6,Rangpur Riders,Sylhet Sixers,BAC Howell,Mashrafe Mortaza,Mehedi Hasan Rana,1,0,,,,,,,,,
1169396,2018/19,2019-01-16,Sylhet International Cricket Stadium,2,15.1,Rangpur Riders,Sylhet Sixers,BAC Howell,Mashrafe Mortaza,Taskin Ahmed,1,0,,,,,,,,,
1169396,2018/19,2019-01-16,Sylhet International Cricket Stadium,2,15.2,Rangpur Riders,Sylhet Sixers,Mashrafe Mortaza,BAC Howell,Taskin Ahmed,4,0,,,,,,,,,
1169396,2018/19,2019-01-16,Sylhet International Cricket Stadium,2,15.3,Rangpur Riders,Sylhet Sixers,Mashrafe Mortaza,BAC Howell,Taskin Ahmed,1,0,,,,,,,,,
1169396,2018/19,2019-01-16,Sylhet International Cricket Stadium,2,15.4,Rangpur Riders,Sylhet Sixers,BAC Howell,Mashrafe Mortaza,Taskin Ahmed,2,0,,,,,,,,,
1169396,2018/19,2019-01-16,Sylhet International Cricket Stadium,2,15.5,Rangpur Riders,Sylhet Sixers,BAC Howell,Mashrafe Mortaza,Taskin Ahmed,1,0,,,,,,,,,
1169396,2018/19,2019-01-16,Sylhet International Cricket Stadium,2,15.6,Rangpur Riders,Sylhet Sixers,Mashrafe Mortaza,BAC Howell,Taskin Ahmed,0,0,,,,,,,,,
1169396,2018/19,2019-01-16,Sylhet International Cricket Stadium,2,16.1,Rangpur Riders,Sylhet Sixers,BAC Howell,Mashrafe Mortaza,S Lamichhane,1,0,,,,,,,,,
1169396,2018/19,2019-01-16,Sylhet International Cricket Stadium,2,16.2,Rangpur Riders,Sylhet Sixers,Mashrafe Mortaza,BAC Howell,S Lamichhane,1,0,,,,,,,,,
1169396,2018/19,2019-01-16,Sylhet International Cricket Stadium,2,16.3,Rangpur Riders,Sylhet Sixers,BAC Howell,Mashrafe Mortaza,S Lamichhane,0,0,,,,,,,,,
1169396,2018/19,2019-01-16,Sylhet International Cricket Stadium,2,16.4,Rangpur Riders,Sylhet Sixers,BAC Howell,Mashrafe Mortaza,S Lamichhane,0,0,,,,,,,,,
1169396,2018/19,2019-01-16,Sylhet International Cricket Stadium,2,16.5,Rangpur Riders,Sylhet Sixers,BAC Howell,Mashrafe Mortaza,S Lamichhane,0,0,,,,,,bowled,BAC Howell,,
1169396,2018/19,2019-01-16,Sylhet International Cricket Stadium,2,16.6,Rangpur Riders,Sylhet Sixers,Nahidul Islam,Mashrafe Mortaza,S Lamichhane,1,0,,,,,,,,,
1169396,2018/19,2019-01-16,Sylhet International Cricket Stadium,2,17.1,Rangpur Riders,Sylhet Sixers,Nahidul Islam,Mashrafe Mortaza,Sohail Tanvir,0,0,,,,,,,,,
1169396,2018/19,2019-01-16,Sylhet International Cricket Stadium,2,17.2,Rangpur Riders,Sylhet Sixers,Nahidul Islam,Mashrafe Mortaza,Sohail Tanvir,1,0,,,,,,,,,
1169396,2018/19,2019-01-16,Sylhet International Cricket Stadium,2,17.3,Rangpur Riders,Sylhet Sixers,Mashrafe Mortaza,Nahidul Islam,Sohail Tanvir,1,0,,,,,,,,,
1169396,2018/19,2019-01-16,Sylhet International Cricket Stadium,2,17.4,Rangpur Riders,Sylhet Sixers,Nahidul Islam,Mashrafe Mortaza,Sohail Tanvir,1,0,,,,,,,,,
1169396,2018/19,2019-01-16,Sylhet International Cricket Stadium,2,17.5,Rangpur Riders,Sylhet Sixers,Mashrafe Mortaza,Nahidul Islam,Sohail Tanvir,0,0,,,,,,,,,
1169396,2018/19,2019-01-16,Sylhet International Cricket Stadium,2,17.6,Rangpur Riders,Sylhet Sixers,Mashrafe Mortaza,Nahidul Islam,Sohail Tanvir,1,0,,,,,,,,,
1169396,2018/19,2019-01-16,Sylhet International Cricket Stadium,2,18.1,Rangpur Riders,Sylhet Sixers,Mashrafe Mortaza,Nahidul Islam,Mehedi Hasan Rana,2,0,,,,,,,,,
1169396,2018/19,2019-01-16,Sylhet International Cricket Stadium,2,18.2,Rangpur Riders,Sylhet Sixers,Mashrafe Mortaza,Nahidul Islam,Mehedi Hasan Rana,4,0,,,,,,,,,
1169396,2018/19,2019-01-16,Sylhet International Cricket Stadium,2,18.3,Rangpur Riders,Sylhet Sixers,Mashrafe Mortaza,Nahidul Islam,Mehedi Hasan Rana,0,0,,,,,,,,,
1169396,2018/19,2019-01-16,Sylhet International Cricket Stadium,2,18.4,Rangpur Riders,Sylhet Sixers,Mashrafe Mortaza,Nahidul Islam,Mehedi Hasan Rana,1,0,,,,,,,,,
1169396,2018/19,2019-01-16,Sylhet International Cricket Stadium,2,18.5,Rangpur Riders,Sylhet Sixers,Nahidul Islam,Mashrafe Mortaza,Mehedi Hasan Rana,0,1,1,,,,,,,,
1169396,2018/19,2019-01-16,Sylhet International Cricket Stadium,2,18.6,Rangpur Riders,Sylhet Sixers,Nahidul Islam,Mashrafe Mortaza,Mehedi Hasan Rana,1,0,,,,,,,,,
1169396,2018/19,2019-01-16,Sylhet International Cricket Stadium,2,18.7,Rangpur Riders,Sylhet Sixers,Mashrafe Mortaza,Nahidul Islam,Mehedi Hasan Rana,0,0,,,,,,,,,
1169396,2018/19,2019-01-16,Sylhet International Cricket Stadium,2,19.1,Rangpur Riders,Sylhet Sixers,Nahidul Islam,Mashrafe Mortaza,Sohail Tanvir,1,0,,,,,,,,,
1169396,2018/19,2019-01-16,Sylhet International Cricket Stadium,2,19.2,Rangpur Riders,Sylhet Sixers,Mashrafe Mortaza,Nahidul Islam,Sohail Tanvir,0,0,,,,,,,,,
1169396,2018/19,2019-01-16,Sylhet International Cricket Stadium,2,19.3,Rangpur Riders,Sylhet Sixers,Mashrafe Mortaza,Nahidul Islam,Sohail Tanvir,0,0,,,,,,,,,
1169396,2018/19,2019-01-16,Sylhet International Cricket Stadium,2,19.4,Rangpur Riders,Sylhet Sixers,Mashrafe Mortaza,Nahidul Islam,Sohail Tanvir,2,0,,,,,,,,,
1169396,2018/19,2019-01-16,Sylhet International Cricket Stadium,2,19.5,Rangpur Riders,Sylhet Sixers,Mashrafe Mortaza,Nahidul Islam,Sohail Tanvir,4,0,,,,,,,,,
1169396,2018/19,2019-01-16,Sylhet International Cricket Stadium,2,19.6,Rangpur Riders,Sylhet Sixers,Mashrafe Mortaza,Nahidul Islam,Sohail Tanvir,1,0,,,,,,,,,
