match_id,season,start_date,venue,innings,ball,batting_team,bowling_team,striker,non_striker,bowler,runs_off_bat,extras,wides,noballs,byes,legbyes,penalty,wicket_type,player_dismissed,other_wicket_type,other_player_dismissed
1169381,2018/19,2019-01-06,"Shere Bangla National Stadium, Mirpur",1,0.1,Sylhet Sixers,Comilla Victorians,Liton Das,DA Warner,Abu Hider,0,0,,,,,,,,,
1169381,2018/19,2019-01-06,"Shere Bangla National Stadium, Mirpur",1,0.2,Sylhet Sixers,Comilla Victorians,Liton Das,DA Warner,Abu Hider,0,0,,,,,,,,,
1169381,2018/19,2019-01-06,"Shere Bangla National Stadium, Mirpur",1,0.3,Sylhet Sixers,Comilla Victorians,Liton Das,DA Warner,Abu Hider,1,0,,,,,,,,,
1169381,2018/19,2019-01-06,"Shere Bangla National Stadium, Mirpur",1,0.4,Sylhet Sixers,Comilla Victorians,DA Warner,Liton Das,Abu Hider,0,0,,,,,,,,,
1169381,2018/19,2019-01-06,"Shere Bangla National Stadium, Mirpur",1,0.5,Sylhet Sixers,Comilla Victorians,DA Warner,Liton Das,Abu Hider,0,0,,,,,,,,,
1169381,2018/19,2019-01-06,"Shere Bangla National Stadium, Mirpur",1,0.6,Sylhet Sixers,Comilla Victorians,DA Warner,Liton Das,Abu Hider,0,0,,,,,,,,,
1169381,2018/19,2019-01-06,"Shere Bangla National Stadium, Mirpur",1,1.1,Sylhet Sixers,Comilla Victorians,Liton Das,DA Warner,Mahedi Hasan,0,0,,,,,,,,,
1169381,2018/19,2019-01-06,"Shere Bangla National Stadium, Mirpur",1,1.2,Sylhet Sixers,Comilla Victorians,Liton Das,DA Warner,Mahedi Hasan,0,0,,,,,,caught,Liton Das,,
1169381,2018/19,2019-01-06,"Shere Bangla National Stadium, Mirpur",1,1.3,Sylhet Sixers,Comilla Victorians,DA Warner,Towhid Hridoy,Mahedi Hasan,0,0,,,,,,,,,
1169381,2018/19,2019-01-06,"Shere Bangla National Stadium, Mirpur",1,1.4,Sylhet Sixers,Comilla Victorians,DA Warner,Towhid Hridoy,Mahedi Hasan,0,4,,,4,,,,,,
1169381,2018/19,2019-01-06,"Shere Bangla National Stadium, Mirpur",1,1.5,Sylhet Sixers,Comilla Victorians,DA Warner,Towhid Hridoy,Mahedi Hasan,2,0,,,,,,,,,
1169381,2018/19,2019-01-06,"Shere Bangla National Stadium, Mirpur",1,1.6,Sylhet Sixers,Comilla Victorians,DA Warner,Towhid Hridoy,Mahedi Hasan,0,0,,,,,,,,,
1169381,2018/19,2019-01-06,"Shere Bangla National Stadium, Mirpur",1,2.1,Sylhet Sixers,Comilla Victorians,Towhid Hridoy,DA Warner,Shoaib Malik,0,0,,,,,,,,,
1169381,2018/19,2019-01-06,"Shere Bangla National Stadium, Mirpur",1,2.2,Sylhet Sixers,Comilla Victorians,Towhid Hridoy,DA Warner,Shoaib Malik,0,0,,,,,,,,,
1169381,2018/19,2019-01-06,"Shere Bangla National Stadium, Mirpur",1,2.3,Sylhet Sixers,Comilla Victorians,Towhid Hridoy,DA Warner,Shoaib Malik,0,0,,,,,,,,,
1169381,2018/19,2019-01-06,"Shere Bangla National Stadium, Mirpur",1,2.4,Sylhet Sixers,Comilla Victorians,Towhid Hridoy,DA Warner,Shoaib Malik,0,0,,,,,,,,,
1169381,2018/19,2019-01-06,"Shere Bangla National Stadium, Mirpur",1,2.5,Sylhet Sixers,Comilla Victorians,Towhid Hridoy,DA Warner,Shoaib Malik,0,0,,,,,,,,,
1169381,2018/19,2019-01-06,"Shere Bangla National Stadium, Mirpur",1,2.6,Sylhet Sixers,Comilla Victorians,Towhid Hridoy,DA Warner,Shoaib Malik,0,0,,,,,,,,,
1169381,2018/19,2019-01-06,"Shere Bangla National Stadium, Mirpur",1,3.1,Sylhet Sixers,Comilla Victorians,DA Warner,Towhid Hridoy,Mahedi Hasan,4,0,,,,,,,,,
1169381,2018/19,2019-01-06,"Shere Bangla National Stadium, Mirpur",1,3.2,Sylhet Sixers,Comilla Victorians,DA Warner,Towhid Hridoy,Mahedi Hasan,0,0,,,,,,,,,
1169381,2018/19,2019-01-06,"Shere Bangla National Stadium, Mirpur",1,3.3,Sylhet Sixers,Comilla Victorians,DA Warner,Towhid Hridoy,Mahedi Hasan,4,0,,,,,,,,,
1169381,2018/19,2019-01-06,"Shere Bangla National Stadium, Mirpur",1,3.4,Sylhet Sixers,Comilla Victorians,DA Warner,Towhid Hridoy,Mahedi Hasan,4,0,,,,,,,,,
1169381,2018/19,2019-01-06,"Shere Bangla National Stadium, Mirpur",1,3.5,Sylhet Sixers,Comilla Victorians,DA Warner,Towhid Hridoy,Mahedi Hasan,0,0,,,,,,,,,
1169381,2018/19,2019-01-06,"Shere Bangla National Stadium, Mirpur",1,3.6,Sylhet Sixers,Comilla Victorians,DA Warner,Towhid Hridoy,Mahedi Hasan,0,0,,,,,,,,,
1169381,2018/19,2019-01-06,"Shere Bangla National Stadium, Mirpur",1,4.1,Sylhet Sixers,Comilla Victorians,Towhid Hridoy,DA Warner,Shoaib Malik,0,0,,,,,,,,,
1169381,2018/19,2019-01-06,"Shere Bangla National Stadium, Mirpur",1,4.2,Sylhet Sixers,Comilla Victorians,Towhid Hridoy,DA Warner,Shoaib Malik,4,0,,,,,,,,,
1169381,2018/19,2019-01-06,"Shere Bangla National Stadium, Mirpur",1,4.3,Sylhet Sixers,Comilla Victorians,Towhid Hridoy,DA Warner,Shoaib Malik,0,0,,,,,,run out,DA Warner,,
1169381,2018/19,2019-01-06,"Shere Bangla National Stadium, Mirpur",1,4.4,Sylhet Sixers,Comilla Victorians,Towhid Hridoy,Afif Hossain,Shoaib Malik,0,0,,,,,,,,,
1169381,2018/19,2019-01-06,"Shere Bangla National Stadium, Mirpur",1,4.5,Sylhet Sixers,Comilla Victorians,Towhid Hridoy,Afif Hossain,Shoaib Malik,1,0,,,,,,,,,
1169381,2018/19,2019-01-06,"Shere Bangla National Stadium, Mirpur",1,4.6,Sylhet Sixers,Comilla Victorians,Afif Hossain,Towhid Hridoy,Shoaib Malik,0,0,,,,,,,,,
1169381,2018/19,2019-01-06,"Shere Bangla National Stadium, Mirpur",1,5.1,Sylhet Sixers,Comilla Victorians,Towhid Hridoy,Afif Hossain,Mahedi Hasan,1,0,,,,,,,,,
1169381,2018/19,2019-01-06,"Shere Bangla National Stadium, Mirpur",1,5.2,Sylhet Sixers,Comilla Victorians,Afif Hossain,Towhid Hridoy,Mahedi Hasan,0,0,,,,,,,,,
1169381,2018/19,2019-01-06,"Shere Bangla National Stadium, Mirpur",1,5.3,Sylhet Sixers,Comilla Victorians,Afif Hossain,Towhid Hridoy,Mahedi Hasan,4,0,,,,,,,,,
1169381,2018/19,2019-01-06,"Shere Bangla National Stadium, Mirpur",1,5.4,Sylhet Sixers,Comilla Victorians,Afif Hossain,Towhid Hridoy,Mahedi Hasan,0,0,,,,,,,,,
1169381,2018/19,2019-01-06,"Shere Bangla National Stadium, Mirpur",1,5.5,Sylhet Sixers,Comilla Victorians,Afif Hossain,Towhid Hridoy,Mahedi Hasan,1,0,,,,,,,,,
1169381,2018/19,2019-01-06,"Shere Bangla National Stadium, Mirpur",1,5.6,Sylhet Sixers,Comilla Victorians,Towhid Hridoy,Afif Hossain,Mahedi Hasan,0,0,,,,,,,,,
1169381,2018/19,2019-01-06,"Shere Bangla National Stadium, Mirpur",1,6.1,Sylhet Sixers,Comilla Victorians,Afif Hossain,Towhid Hridoy,Mohammad Shahid,2,0,,,,,,,,,
1169381,2018/19,2019-01-06,"Shere Bangla National Stadium, Mirpur",1,6.2,Sylhet Sixers,Comilla Victorians,Afif Hossain,Towhid Hridoy,Mohammad Shahid,0,0,,,,,,,,,
1169381,2018/19,2019-01-06,"Shere Bangla National Stadium, Mirpur",1,6.3,Sylhet Sixers,Comilla Victorians,Afif Hossain,Towhid Hridoy,Mohammad Shahid,4,0,,,,,,,,,
1169381,2018/19,2019-01-06,"Shere Bangla National Stadium, Mirpur",1,6.4,Sylhet Sixers,Comilla Victorians,Afif Hossain,Towhid Hridoy,Mohammad Shahid,1,0,,,,,,,,,
1169381,2018/19,2019-01-06,"Shere Bangla National Stadium, Mirpur",1,6.5,Sylhet Sixers,Comilla Victorians,Towhid Hridoy,Afif Hossain,Mohammad Shahid,0,0,,,,,,,,,
1169381,2018/19,2019-01-06,"Shere Bangla National Stadium, Mirpur",1,6.6,Sylhet Sixers,Comilla Victorians,Towhid Hridoy,Afif Hossain,Mohammad Shahid,0,0,,,,,,,,,
1169381,2018/19,2019-01-06,"Shere Bangla National Stadium, Mirpur",1,7.1,Sylhet Sixers,Comilla Victorians,Afif Hossain,Towhid Hridoy,Shahid Afridi,4,0,,,,,,,,,
1169381,2018/19,2019-01-06,"Shere Bangla National Stadium, Mirpur",1,7.2,Sylhet Sixers,Comilla Victorians,Afif Hossain,Towhid Hridoy,Shahid Afridi,0,0,,,,,,,,,
1169381,2018/19,2019-01-06,"Shere Bangla National Stadium, Mirpur",1,7.3,Sylhet Sixers,Comilla Victorians,Afif Hossain,Towhid Hridoy,Shahid Afridi,0,0,,,,,,,,,
1169381,2018/19,2019-01-06,"Shere Bangla National Stadium, Mirpur",1,7.4,Sylhet Sixers,Comilla Victorians,Afif Hossain,Towhid Hridoy,Shahid Afridi,1,0,,,,,,,,,
1169381,2018/19,2019-01-06,"Shere Bangla National Stadium, Mirpur",1,7.5,Sylhet Sixers,Comilla Victorians,Towhid Hridoy,Afif Hossain,Shahid Afridi,1,0,,,,,,,,,
1169381,2018/19,2019-01-06,"Shere Bangla National Stadium, Mirpur",1,7.6,Sylhet Sixers,Comilla Victorians,Afif Hossain,Towhid Hridoy,Shahid Afridi,1,0,,,,,,,,,
1169381,2018/19,2019-01-06,"Shere Bangla National Stadium, Mirpur",1,8.1,Sylhet Sixers,Comilla Victorians,Afif Hossain,Towhid Hridoy,Mohammad Saifuddin,1,0,,,,,,,,,
1169381,2018/19,2019-01-06,"Shere Bangla National Stadium, Mirpur",1,8.2,Sylhet Sixers,Comilla Victorians,Towhid Hridoy,Afif Hossain,Mohammad Saifuddin,0,0,,,,,,,,,
1169381,2018/19,2019-01-06,"Shere Bangla National Stadium, Mirpur",1,8.3,Sylhet Sixers,Comilla Victorians,Towhid Hridoy,Afif Hossain,Mohammad Saifuddin,0,0,,,,,,,,,
1169381,2018/19,2019-01-06,"Shere Bangla National Stadium, Mirpur",1,8.4,Sylhet Sixers,Comilla Victorians,Towhid Hridoy,Afif Hossain,Mohammad Saifuddin,1,0,,,,,,,,,
1169381,2018/19,2019-01-06,"Shere Bangla National Stadium, Mirpur",1,8.5,Sylhet Sixers,Comilla Victorians,Afif Hossain,Towhid Hridoy,Mohammad Saifuddin,0,0,,,,,,bowled,Afif Hossain,,
1169381,2018/19,2019-01-06,"Shere Bangla National Stadium, Mirpur",1,8.6,Sylhet Sixers,Comilla Victorians,Sabbir Rahman,Towhid Hridoy,Mohammad Saifuddin,0,0,,,,,,,,,
1169381,2018/19,2019-01-06,"Shere Bangla National Stadium, Mirpur",1,9.1,Sylhet Sixers,Comilla Victorians,Towhid Hridoy,Sabbir Rahman,Shahid Afridi,0,0,,,,,,,,,
1169381,2018/19,2019-01-06,"Shere Bangla National Stadium, Mirpur",1,9.2,Sylhet Sixers,Comilla Victorians,Towhid Hridoy,Sabbir Rahman,Shahid Afridi,0,0,,,,,,,,,
1169381,2018/19,2019-01-06,"Shere Bangla National Stadium, Mirpur",1,9.3,Sylhet Sixers,Comilla Victorians,Towhid Hridoy,Sabbir Rahman,Shahid Afridi,0,0,,,,,,,,,
1169381,2018/19,2019-01-06,"Shere Bangla National Stadium, Mirpur",1,9.4,Sylhet Sixers,Comilla Victorians,Towhid Hridoy,Sabbir Rahman,Shahid Afridi,0,0,,,,,,,,,
1169381,2018/19,2019-01-06,"Shere Bangla National Stadium, Mirpur",1,9.5,Sylhet Sixers,Comilla Victorians,Towhid Hridoy,Sabbir Rahman,Shahid Afridi,0,0,,,,,,lbw,Towhid Hridoy,,
1169381,2018/19,2019-01-06,"Shere Bangla National Stadium, Mirpur",1,9.6,Sylhet Sixers,Comilla Victorians,N Pooran,Sabbir Rahman,Shahid Afridi,0,0,,,,,,,,,
1169381,2018/19,2019-01-06,"Shere Bangla National Stadium, Mirpur",1,10.1,Sylhet Sixers,Comilla Victorians,Sabbir Rahman,N Pooran,Shoaib Malik,6,0,,,,,,,,,
1169381,2018/19,2019-01-06,"Shere Bangla National Stadium, Mirpur",1,10.2,Sylhet Sixers,Comilla Victorians,Sabbir Rahman,N Pooran,Shoaib Malik,0,1,1,,,,,,,,
1169381,2018/19,2019-01-06,"Shere Bangla National Stadium, Mirpur",1,10.3,Sylhet Sixers,Comilla Victorians,Sabbir Rahman,N Pooran,Shoaib Malik,0,0,,,,,,,,,
1169381,2018/19,2019-01-06,"Shere Bangla National Stadium, Mirpur",1,10.4,Sylhet Sixers,Comilla Victorians,Sabbir Rahman,N Pooran,Shoaib Malik,1,0,,,,,,,,,
1169381,2018/19,2019-01-06,"Shere Bangla National Stadium, Mirpur",1,10.5,Sylhet Sixers,Comilla Victorians,N Pooran,Sabbir Rahman,Shoaib Malik,0,0,,,,,,,,,
1169381,2018/19,2019-01-06,"Shere Bangla National Stadium, Mirpur",1,10.6,Sylhet Sixers,Comilla Victorians,N Pooran,Sabbir Rahman,Shoaib Malik,0,0,,,,,,,,,
1169381,2018/19,2019-01-06,"Shere Bangla National Stadium, Mirpur",1,10.7,Sylhet Sixers,Comilla Victorians,N Pooran,Sabbir Rahman,Shoaib Malik,1,0,,,,,,,,,
1169381,2018/19,2019-01-06,"Shere Bangla National Stadium, Mirpur",1,11.1,Sylhet Sixers,Comilla Victorians,N Pooran,Sabbir Rahman,Mahedi Hasan,0,0,,,,,,,,,
1169381,2018/19,2019-01-06,"Shere Bangla National Stadium, Mirpur",1,11.2,Sylhet Sixers,Comilla Victorians,N Pooran,Sabbir Rahman,Mahedi Hasan,1,0,,,,,,,,,
1169381,2018/19,2019-01-06,"Shere Bangla National Stadium, Mirpur",1,11.3,Sylhet Sixers,Comilla Victorians,Sabbir Rahman,N Pooran,Mahedi Hasan,0,0,,,,,,caught,Sabbir Rahman,,
1169381,2018/19,2019-01-06,"Shere Bangla National Stadium, Mirpur",1,11.4,Sylhet Sixers,Comilla Victorians,Alok Kapali,N Pooran,Mahedi Hasan,1,0,,,,,,,,,
1169381,2018/19,2019-01-06,"Shere Bangla National Stadium, Mirpur",1,11.5,Sylhet Sixers,Comilla Victorians,N Pooran,Alok Kapali,Mahedi Hasan,1,0,,,,,,,,,
1169381,2018/19,2019-01-06,"Shere Bangla National Stadium, Mirpur",1,11.6,Sylhet Sixers,Comilla Victorians,Alok Kapali,N Pooran,Mahedi Hasan,1,0,,,,,,,,,
1169381,2018/19,2019-01-06,"Shere Bangla National Stadium, Mirpur",1,12.1,Sylhet Sixers,Comilla Victorians,Alok Kapali,N Pooran,Shoaib Malik,0,0,,,,,,,,,
1169381,2018/19,2019-01-06,"Shere Bangla National Stadium, Mirpur",1,12.2,Sylhet Sixers,Comilla Victorians,Alok Kapali,N Pooran,Shoaib Malik,1,0,,,,,,,,,
1169381,2018/19,2019-01-06,"Shere Bangla National Stadium, Mirpur",1,12.3,Sylhet Sixers,Comilla Victorians,N Pooran,Alok Kapali,Shoaib Malik,0,0,,,,,,,,,
1169381,2018/19,2019-01-06,"Shere Bangla National Stadium, Mirpur",1,12.4,Sylhet Sixers,Comilla Victorians,N Pooran,Alok Kapali,Shoaib Malik,0,0,,,,,,,,,
1169381,2018/19,2019-01-06,"Shere Bangla National Stadium, Mirpur",1,12.5,Sylhet Sixers,Comilla Victorians,N Pooran,Alok Kapali,Shoaib Malik,4,0,,,,,,,,,
1169381,2018/19,2019-01-06,"Shere Bangla National Stadium, Mirpur",1,12.6,Sylhet Sixers,Comilla Victorians,N Pooran,Alok Kapali,Shoaib Malik,1,0,,,,,,,,,
1169381,2018/19,2019-01-06,"Shere Bangla National Stadium, Mirpur",1,13.1,Sylhet Sixers,Comilla Victorians,N Pooran,Alok Kapali,Shahid Afridi,4,0,,,,,,,,,
1169381,2018/19,2019-01-06,"Shere Bangla National Stadium, Mirpur",1,13.2,Sylhet Sixers,Comilla Victorians,N Pooran,Alok Kapali,Shahid Afridi,0,0,,,,,,,,,
1169381,2018/19,2019-01-06,"Shere Bangla National Stadium, Mirpur",1,13.3,Sylhet Sixers,Comilla Victorians,N Pooran,Alok Kapali,Shahid Afridi,6,0,,,,,,,,,
1169381,2018/19,2019-01-06,"Shere Bangla National Stadium, Mirpur",1,13.4,Sylhet Sixers,Comilla Victorians,N Pooran,Alok Kapali,Shahid Afridi,0,0,,,,,,,,,
1169381,2018/19,2019-01-06,"Shere Bangla National Stadium, Mirpur",1,13.5,Sylhet Sixers,Comilla Victorians,N Pooran,Alok Kapali,Shahid Afridi,2,0,,,,,,,,,
1169381,2018/19,2019-01-06,"Shere Bangla National Stadium, Mirpur",1,13.6,Sylhet Sixers,Comilla Victorians,N Pooran,Alok Kapali,Shahid Afridi,0,0,,,,,,,,,
1169381,2018/19,2019-01-06,"Shere Bangla National Stadium, Mirpur",1,14.1,Sylhet Sixers,Comilla Victorians,Alok Kapali,N Pooran,Abu Hider,0,0,,,,,,,,,
1169381,2018/19,2019-01-06,"Shere Bangla National Stadium, Mirpur",1,14.2,Sylhet Sixers,Comilla Victorians,Alok Kapali,N Pooran,Abu Hider,0,0,,,,,,,,,
1169381,2018/19,2019-01-06,"Shere Bangla National Stadium, Mirpur",1,14.3,Sylhet Sixers,Comilla Victorians,Alok Kapali,N Pooran,Abu Hider,1,0,,,,,,,,,
1169381,2018/19,2019-01-06,"Shere Bangla National Stadium, Mirpur",1,14.4,Sylhet Sixers,Comilla Victorians,N Pooran,Alok Kapali,Abu Hider,4,0,,,,,,,,,
1169381,2018/19,2019-01-06,"Shere Bangla National Stadium, Mirpur",1,14.5,Sylhet Sixers,Comilla Victorians,N Pooran,Alok Kapali,Abu Hider,0,0,,,,,,,,,
1169381,2018/19,2019-01-06,"Shere Bangla National Stadium, Mirpur",1,14.6,Sylhet Sixers,Comilla Victorians,N Pooran,Alok Kapali,Abu Hider,4,0,,,,,,,,,
1169381,2018/19,2019-01-06,"Shere Bangla National Stadium, Mirpur",1,15.1,Sylhet Sixers,Comilla Victorians,Alok Kapali,N Pooran,Shahid Afridi,0,0,,,,,,,,,
1169381,2018/19,2019-01-06,"Shere Bangla National Stadium, Mirpur",1,15.2,Sylhet Sixers,Comilla Victorians,Alok Kapali,N Pooran,Shahid Afridi,6,0,,,,,,,,,
1169381,2018/19,2019-01-06,"Shere Bangla National Stadium, Mirpur",1,15.3,Sylhet Sixers,Comilla Victorians,Alok Kapali,N Pooran,Shahid Afridi,1,0,,,,,,,,,
1169381,2018/19,2019-01-06,"Shere Bangla National Stadium, Mirpur",1,15.4,Sylhet Sixers,Comilla Victorians,N Pooran,Alok Kapali,Shahid Afridi,1,0,,,,,,,,,
1169381,2018/19,2019-01-06,"Shere Bangla National Stadium, Mirpur",1,15.5,Sylhet Sixers,Comilla Victorians,Alok Kapali,N Pooran,Shahid Afridi,0,0,,,,,,,,,
1169381,2018/19,2019-01-06,"Shere Bangla National Stadium, Mirpur",1,15.6,Sylhet Sixers,Comilla Victorians,Alok Kapali,N Pooran,Shahid Afridi,2,0,,,,,,,,,
1169381,2018/19,2019-01-06,"Shere Bangla National Stadium, Mirpur",1,16.1,Sylhet Sixers,Comilla Victorians,N Pooran,Alok Kapali,Mohammad Saifuddin,1,0,,,,,,,,,
1169381,2018/19,2019-01-06,"Shere Bangla National Stadium, Mirpur",1,16.2,Sylhet Sixers,Comilla Victorians,Alok Kapali,N Pooran,Mohammad Saifuddin,0,0,,,,,,,,,
1169381,2018/19,2019-01-06,"Shere Bangla National Stadium, Mirpur",1,16.3,Sylhet Sixers,Comilla Victorians,Alok Kapali,N Pooran,Mohammad Saifuddin,0,0,,,,,,,,,
1169381,2018/19,2019-01-06,"Shere Bangla National Stadium, Mirpur",1,16.4,Sylhet Sixers,Comilla Victorians,Alok Kapali,N Pooran,Mohammad Saifuddin,1,0,,,,,,,,,
1169381,2018/19,2019-01-06,"Shere Bangla National Stadium, Mirpur",1,16.5,Sylhet Sixers,Comilla Victorians,N Pooran,Alok Kapali,Mohammad Saifuddin,1,0,,,,,,,,,
1169381,2018/19,2019-01-06,"Shere Bangla National Stadium, Mirpur",1,16.6,Sylhet Sixers,Comilla Victorians,Alok Kapali,N Pooran,Mohammad Saifuddin,2,0,,,,,,,,,
1169381,2018/19,2019-01-06,"Shere Bangla National Stadium, Mirpur",1,17.1,Sylhet Sixers,Comilla Victorians,N Pooran,Alok Kapali,Mohammad Shahid,6,0,,,,,,,,,
1169381,2018/19,2019-01-06,"Shere Bangla National Stadium, Mirpur",1,17.2,Sylhet Sixers,Comilla Victorians,N Pooran,Alok Kapali,Mohammad Shahid,4,0,,,,,,,,,
1169381,2018/19,2019-01-06,"Shere Bangla National Stadium, Mirpur",1,17.3,Sylhet Sixers,Comilla Victorians,N Pooran,Alok Kapali,Mohammad Shahid,0,0,,,,,,caught,N Pooran,,
1169381,2018/19,2019-01-06,"Shere Bangla National Stadium, Mirpur",1,17.4,Sylhet Sixers,Comilla Victorians,Alok Kapali,Taskin Ahmed,Mohammad Shahid,1,0,,,,,,,,,
1169381,2018/19,2019-01-06,"Shere Bangla National Stadium, Mirpur",1,17.5,Sylhet Sixers,Comilla Victorians,Taskin Ahmed,Alok Kapali,Mohammad Shahid,0,0,,,,,,,,,
1169381,2018/19,2019-01-06,"Shere Bangla National Stadium, Mirpur",1,17.6,Sylhet Sixers,Comilla Victorians,Taskin Ahmed,Alok Kapali,Mohammad Shahid,0,0,,,,,,,,,
1169381,2018/19,2019-01-06,"Shere Bangla National Stadium, Mirpur",1,18.1,Sylhet Sixers,Comilla Victorians,Alok Kapali,Taskin Ahmed,Mohammad Saifuddin,0,1,1,,,,,,,,
1169381,2018/19,2019-01-06,"Shere Bangla National Stadium, Mirpur",1,18.2,Sylhet Sixers,Comilla Victorians,Alok Kapali,Taskin Ahmed,Mohammad Saifuddin,1,0,,,,,,,,,
1169381,2018/19,2019-01-06,"Shere Bangla National Stadium, Mirpur",1,18.3,Sylhet Sixers,Comilla Victorians,Taskin Ahmed,Alok Kapali,Mohammad Saifuddin,1,0,,,,,,,,,
1169381,2018/19,2019-01-06,"Shere Bangla National Stadium, Mirpur",1,18.4,Sylhet Sixers,Comilla Victorians,Alok Kapali,Taskin Ahmed,Mohammad Saifuddin,0,1,1,,,,,,,,
1169381,2018/19,2019-01-06,"Shere Bangla National Stadium, Mirpur",1,18.5,Sylhet Sixers,Comilla Victorians,Alok Kapali,Taskin Ahmed,Mohammad Saifuddin,1,0,,,,,,,,,
1169381,2018/19,2019-01-06,"Shere Bangla National Stadium, Mirpur",1,18.6,Sylhet Sixers,Comilla Victorians,Taskin Ahmed,Alok Kapali,Mohammad Saifuddin,0,4,,,,4,,,,,
1169381,2018/19,2019-01-06,"Shere Bangla National Stadium, Mirpur",1,18.7,Sylhet Sixers,Comilla Victorians,Taskin Ahmed,Alok Kapali,Mohammad Saifuddin,1,0,,,,,,,,,
1169381,2018/19,2019-01-06,"Shere Bangla National Stadium, Mirpur",1,18.8,Sylhet Sixers,Comilla Victorians,Alok Kapali,Taskin Ahmed,Mohammad Saifuddin,0,0,,,,,,caught,Alok Kapali,,
1169381,2018/19,2019-01-06,"Shere Bangla National Stadium, Mirpur",1,19.1,Sylhet Sixers,Comilla Victorians,Taskin Ahmed,S Lamichhane,Mohammad Shahid,2,0,,,,,,,,,
1169381,2018/19,2019-01-06,"Shere Bangla National Stadium, Mirpur",1,19.2,Sylhet Sixers,Comilla Victorians,Taskin Ahmed,S Lamichhane,Mohammad Shahid,0,0,,,,,,bowled,Taskin Ahmed,,
1169381,2018/19,2019-01-06,"Shere Bangla National Stadium, Mirpur",1,19.3,Sylhet Sixers,Comilla Victorians,Al-Amin Hossain,S Lamichhane,Mohammad Shahid,0,1,,,,1,,,,,
1169381,2018/19,2019-01-06,"Shere Bangla National Stadium, Mirpur",1,19.4,Sylhet Sixers,Comilla Victorians,S Lamichhane,Al-Amin Hossain,Mohammad Shahid,1,0,,,,,,,,,
1169381,2018/19,2019-01-06,"Shere Bangla National Stadium, Mirpur",1,19.5,Sylhet Sixers,Comilla Victorians,Al-Amin Hossain,S Lamichhane,Mohammad Shahid,1,0,,,,,,,,,
1169381,2018/19,2019-01-06,"Shere Bangla National Stadium, Mirpur",1,19.6,Sylhet Sixers,Comilla Victorians,S Lamichhane,Al-Amin Hossain,Mohammad Shahid,0,0,,,,,,,,,
1169381,2018/19,2019-01-06,"Shere Bangla National Stadium, Mirpur",2,0.1,Comilla Victorians,Sylhet Sixers,Tamim Iqbal,E Lewis,Taskin Ahmed,0,0,,,,,,,,,
1169381,2018/19,2019-01-06,"Shere Bangla National Stadium, Mirpur",2,0.2,Comilla Victorians,Sylhet Sixers,Tamim Iqbal,E Lewis,Taskin Ahmed,0,0,,,,,,,,,
1169381,2018/19,2019-01-06,"Shere Bangla National Stadium, Mirpur",2,0.3,Comilla Victorians,Sylhet Sixers,Tamim Iqbal,E Lewis,Taskin Ahmed,4,0,,,,,,,,,
1169381,2018/19,2019-01-06,"Shere Bangla National Stadium, Mirpur",2,0.4,Comilla Victorians,Sylhet Sixers,Tamim Iqbal,E Lewis,Taskin Ahmed,1,0,,,,,,,,,
1169381,2018/19,2019-01-06,"Shere Bangla National Stadium, Mirpur",2,0.5,Comilla Victorians,Sylhet Sixers,E Lewis,Tamim Iqbal,Taskin Ahmed,0,0,,,,,,,,,
1169381,2018/19,2019-01-06,"Shere Bangla National Stadium, Mirpur",2,0.6,Comilla Victorians,Sylhet Sixers,E Lewis,Tamim Iqbal,Taskin Ahmed,0,2,,,,2,,,,,
1169381,2018/19,2019-01-06,"Shere Bangla National Stadium, Mirpur",2,1.1,Comilla Victorians,Sylhet Sixers,Tamim Iqbal,E Lewis,Mohammad Irfan,1,0,,,,,,,,,
1169381,2018/19,2019-01-06,"Shere Bangla National Stadium, Mirpur",2,1.2,Comilla Victorians,Sylhet Sixers,E Lewis,Tamim Iqbal,Mohammad Irfan,0,0,,,,,,,,,
1169381,2018/19,2019-01-06,"Shere Bangla National Stadium, Mirpur",2,1.3,Comilla Victorians,Sylhet Sixers,E Lewis,Tamim Iqbal,Mohammad Irfan,4,0,,,,,,,,,
1169381,2018/19,2019-01-06,"Shere Bangla National Stadium, Mirpur",2,1.4,Comilla Victorians,Sylhet Sixers,E Lewis,Tamim Iqbal,Mohammad Irfan,0,0,,,,,,,,,
1169381,2018/19,2019-01-06,"Shere Bangla National Stadium, Mirpur",2,1.5,Comilla Victorians,Sylhet Sixers,E Lewis,Tamim Iqbal,Mohammad Irfan,0,0,,,,,,,,,
1169381,2018/19,2019-01-06,"Shere Bangla National Stadium, Mirpur",2,1.6,Comilla Victorians,Sylhet Sixers,E Lewis,Tamim Iqbal,Mohammad Irfan,0,0,,,,,,,,,
1169381,2018/19,2019-01-06,"Shere Bangla National Stadium, Mirpur",2,2.1,Comilla Victorians,Sylhet Sixers,Tamim Iqbal,E Lewis,Al-Amin Hossain,1,0,,,,,,,,,
1169381,2018/19,2019-01-06,"Shere Bangla National Stadium, Mirpur",2,2.2,Comilla Victorians,Sylhet Sixers,E Lewis,Tamim Iqbal,Al-Amin Hossain,1,0,,,,,,,,,
1169381,2018/19,2019-01-06,"Shere Bangla National Stadium, Mirpur",2,2.3,Comilla Victorians,Sylhet Sixers,Tamim Iqbal,E Lewis,Al-Amin Hossain,1,0,,,,,,,,,
1169381,2018/19,2019-01-06,"Shere Bangla National Stadium, Mirpur",2,2.4,Comilla Victorians,Sylhet Sixers,E Lewis,Tamim Iqbal,Al-Amin Hossain,0,1,1,,,,,,,,
1169381,2018/19,2019-01-06,"Shere Bangla National Stadium, Mirpur",2,2.5,Comilla Victorians,Sylhet Sixers,E Lewis,Tamim Iqbal,Al-Amin Hossain,0,0,,,,,,caught,E Lewis,,
1169381,2018/19,2019-01-06,"Shere Bangla National Stadium, Mirpur",2,2.6,Comilla Victorians,Sylhet Sixers,Tamim Iqbal,Imrul Kayes,Al-Amin Hossain,0,0,,,,,,,,,
1169381,2018/19,2019-01-06,"Shere Bangla National Stadium, Mirpur",2,2.7,Comilla Victorians,Sylhet Sixers,Tamim Iqbal,Imrul Kayes,Al-Amin Hossain,2,0,,,,,,,,,
1169381,2018/19,2019-01-06,"Shere Bangla National Stadium, Mirpur",2,3.1,Comilla Victorians,Sylhet Sixers,Imrul Kayes,Tamim Iqbal,Mohammad Irfan,0,1,1,,,,,,,,
1169381,2018/19,2019-01-06,"Shere Bangla National Stadium, Mirpur",2,3.2,Comilla Victorians,Sylhet Sixers,Imrul Kayes,Tamim Iqbal,Mohammad Irfan,0,0,,,,,,,,,
1169381,2018/19,2019-01-06,"Shere Bangla National Stadium, Mirpur",2,3.3,Comilla Victorians,Sylhet Sixers,Imrul Kayes,Tamim Iqbal,Mohammad Irfan,0,0,,,,,,,,,
1169381,2018/19,2019-01-06,"Shere Bangla National Stadium, Mirpur",2,3.4,Comilla Victorians,Sylhet Sixers,Imrul Kayes,Tamim Iqbal,Mohammad Irfan,0,1,,,,1,,,,,
1169381,2018/19,2019-01-06,"Shere Bangla National Stadium, Mirpur",2,3.5,Comilla Victorians,Sylhet Sixers,Tamim Iqbal,Imrul Kayes,Mohammad Irfan,1,0,,,,,,,,,
1169381,2018/19,2019-01-06,"Shere Bangla National Stadium, Mirpur",2,3.6,Comilla Victorians,Sylhet Sixers,Imrul Kayes,Tamim Iqbal,Mohammad Irfan,0,0,,,,,,bowled,Imrul Kayes,,
1169381,2018/19,2019-01-06,"Shere Bangla National Stadium, Mirpur",2,3.7,Comilla Victorians,Sylhet Sixers,SPD Smith,Tamim Iqbal,Mohammad Irfan,0,0,,,,,,,,,
1169381,2018/19,2019-01-06,"Shere Bangla National Stadium, Mirpur",2,4.1,Comilla Victorians,Sylhet Sixers,Tamim Iqbal,SPD Smith,Taskin Ahmed,1,0,,,,,,,,,
1169381,2018/19,2019-01-06,"Shere Bangla National Stadium, Mirpur",2,4.2,Comilla Victorians,Sylhet Sixers,SPD Smith,Tamim Iqbal,Taskin Ahmed,2,0,,,,,,,,,
1169381,2018/19,2019-01-06,"Shere Bangla National Stadium, Mirpur",2,4.3,Comilla Victorians,Sylhet Sixers,SPD Smith,Tamim Iqbal,Taskin Ahmed,0,0,,,,,,,,,
1169381,2018/19,2019-01-06,"Shere Bangla National Stadium, Mirpur",2,4.4,Comilla Victorians,Sylhet Sixers,SPD Smith,Tamim Iqbal,Taskin Ahmed,0,0,,,,,,,,,
1169381,2018/19,2019-01-06,"Shere Bangla National Stadium, Mirpur",2,4.5,Comilla Victorians,Sylhet Sixers,SPD Smith,Tamim Iqbal,Taskin Ahmed,1,0,,,,,,,,,
1169381,2018/19,2019-01-06,"Shere Bangla National Stadium, Mirpur",2,4.6,Comilla Victorians,Sylhet Sixers,Tamim Iqbal,SPD Smith,Taskin Ahmed,1,0,,,,,,,,,
1169381,2018/19,2019-01-06,"Shere Bangla National Stadium, Mirpur",2,5.1,Comilla Victorians,Sylhet Sixers,Tamim Iqbal,SPD Smith,Afif Hossain,0,0,,,,,,,,,
1169381,2018/19,2019-01-06,"Shere Bangla National Stadium, Mirpur",2,5.2,Comilla Victorians,Sylhet Sixers,Tamim Iqbal,SPD Smith,Afif Hossain,1,0,,,,,,,,,
1169381,2018/19,2019-01-06,"Shere Bangla National Stadium, Mirpur",2,5.3,Comilla Victorians,Sylhet Sixers,SPD Smith,Tamim Iqbal,Afif Hossain,2,0,,,,,,,,,
1169381,2018/19,2019-01-06,"Shere Bangla National Stadium, Mirpur",2,5.4,Comilla Victorians,Sylhet Sixers,SPD Smith,Tamim Iqbal,Afif Hossain,0,0,,,,,,,,,
1169381,2018/19,2019-01-06,"Shere Bangla National Stadium, Mirpur",2,5.5,Comilla Victorians,Sylhet Sixers,SPD Smith,Tamim Iqbal,Afif Hossain,0,0,,,,,,,,,
1169381,2018/19,2019-01-06,"Shere Bangla National Stadium, Mirpur",2,5.6,Comilla Victorians,Sylhet Sixers,SPD Smith,Tamim Iqbal,Afif Hossain,4,0,,,,,,,,,
1169381,2018/19,2019-01-06,"Shere Bangla National Stadium, Mirpur",2,6.1,Comilla Victorians,Sylhet Sixers,Tamim Iqbal,SPD Smith,Alok Kapali,1,0,,,,,,,,,
1169381,2018/19,2019-01-06,"Shere Bangla National Stadium, Mirpur",2,6.2,Comilla Victorians,Sylhet Sixers,SPD Smith,Tamim Iqbal,Alok Kapali,1,1,,1,,,,,,,
1169381,2018/19,2019-01-06,"Shere Bangla National Stadium, Mirpur",2,6.3,Comilla Victorians,Sylhet Sixers,Tamim Iqbal,SPD Smith,Alok Kapali,6,0,,,,,,,,,
1169381,2018/19,2019-01-06,"Shere Bangla National Stadium, Mirpur",2,6.4,Comilla Victorians,Sylhet Sixers,Tamim Iqbal,SPD Smith,Alok Kapali,0,0,,,,,,,,,
1169381,2018/19,2019-01-06,"Shere Bangla National Stadium, Mirpur",2,6.5,Comilla Victorians,Sylhet Sixers,Tamim Iqbal,SPD Smith,Alok Kapali,1,0,,,,,,,,,
1169381,2018/19,2019-01-06,"Shere Bangla National Stadium, Mirpur",2,6.6,Comilla Victorians,Sylhet Sixers,SPD Smith,Tamim Iqbal,Alok Kapali,2,0,,,,,,,,,
1169381,2018/19,2019-01-06,"Shere Bangla National Stadium, Mirpur",2,6.7,Comilla Victorians,Sylhet Sixers,SPD Smith,Tamim Iqbal,Alok Kapali,1,0,,,,,,,,,
1169381,2018/19,2019-01-06,"Shere Bangla National Stadium, Mirpur",2,7.1,Comilla Victorians,Sylhet Sixers,SPD Smith,Tamim Iqbal,S Lamichhane,1,0,,,,,,,,,
1169381,2018/19,2019-01-06,"Shere Bangla National Stadium, Mirpur",2,7.2,Comilla Victorians,Sylhet Sixers,Tamim Iqbal,SPD Smith,S Lamichhane,1,0,,,,,,,,,
1169381,2018/19,2019-01-06,"Shere Bangla National Stadium, Mirpur",2,7.3,Comilla Victorians,Sylhet Sixers,SPD Smith,Tamim Iqbal,S Lamichhane,0,0,,,,,,,,,
1169381,2018/19,2019-01-06,"Shere Bangla National Stadium, Mirpur",2,7.4,Comilla Victorians,Sylhet Sixers,SPD Smith,Tamim Iqbal,S Lamichhane,1,0,,,,,,,,,
1169381,2018/19,2019-01-06,"Shere Bangla National Stadium, Mirpur",2,7.5,Comilla Victorians,Sylhet Sixers,Tamim Iqbal,SPD Smith,S Lamichhane,1,0,,,,,,,,,
1169381,2018/19,2019-01-06,"Shere Bangla National Stadium, Mirpur",2,7.6,Comilla Victorians,Sylhet Sixers,SPD Smith,Tamim Iqbal,S Lamichhane,1,0,,,,,,,,,
1169381,2018/19,2019-01-06,"Shere Bangla National Stadium, Mirpur",2,8.1,Comilla Victorians,Sylhet Sixers,SPD Smith,Tamim Iqbal,Al-Amin Hossain,0,0,,,,,,caught,SPD Smith,,
1169381,2018/19,2019-01-06,"Shere Bangla National Stadium, Mirpur",2,8.2,Comilla Victorians,Sylhet Sixers,Shoaib Malik,Tamim Iqbal,Al-Amin Hossain,4,0,,,,,,,,,
1169381,2018/19,2019-01-06,"Shere Bangla National Stadium, Mirpur",2,8.3,Comilla Victorians,Sylhet Sixers,Shoaib Malik,Tamim Iqbal,Al-Amin Hossain,0,0,,,,,,,,,
1169381,2018/19,2019-01-06,"Shere Bangla National Stadium, Mirpur",2,8.4,Comilla Victorians,Sylhet Sixers,Shoaib Malik,Tamim Iqbal,Al-Amin Hossain,1,0,,,,,,,,,
1169381,2018/19,2019-01-06,"Shere Bangla National Stadium, Mirpur",2,8.5,Comilla Victorians,Sylhet Sixers,Tamim Iqbal,Shoaib Malik,Al-Amin Hossain,0,1,,,,1,,,,,
1169381,2018/19,2019-01-06,"Shere Bangla National Stadium, Mirpur",2,8.6,Comilla Victorians,Sylhet Sixers,Shoaib Malik,Tamim Iqbal,Al-Amin Hossain,1,0,,,,,,,,,
1169381,2018/19,2019-01-06,"Shere Bangla National Stadium, Mirpur",2,9.1,Comilla Victorians,Sylhet Sixers,Shoaib Malik,Tamim Iqbal,S Lamichhane,1,0,,,,,,,,,
1169381,2018/19,2019-01-06,"Shere Bangla National Stadium, Mirpur",2,9.2,Comilla Victorians,Sylhet Sixers,Tamim Iqbal,Shoaib Malik,S Lamichhane,0,0,,,,,,,,,
1169381,2018/19,2019-01-06,"Shere Bangla National Stadium, Mirpur",2,9.3,Comilla Victorians,Sylhet Sixers,Tamim Iqbal,Shoaib Malik,S Lamichhane,0,0,,,,,,,,,
1169381,2018/19,2019-01-06,"Shere Bangla National Stadium, Mirpur",2,9.4,Comilla Victorians,Sylhet Sixers,Tamim Iqbal,Shoaib Malik,S Lamichhane,1,0,,,,,,,,,
1169381,2018/19,2019-01-06,"Shere Bangla National Stadium, Mirpur",2,9.5,Comilla Victorians,Sylhet Sixers,Shoaib Malik,Tamim Iqbal,S Lamichhane,0,0,,,,,,,,,
1169381,2018/19,2019-01-06,"Shere Bangla National Stadium, Mirpur",2,9.6,Comilla Victorians,Sylhet Sixers,Shoaib Malik,Tamim Iqbal,S Lamichhane,1,0,,,,,,,,,
1169381,2018/19,2019-01-06,"Shere Bangla National Stadium, Mirpur",2,10.1,Comilla Victorians,Sylhet Sixers,Shoaib Malik,Tamim Iqbal,Alok Kapali,0,0,,,,,,,,,
1169381,2018/19,2019-01-06,"Shere Bangla National Stadium, Mirpur",2,10.2,Comilla Victorians,Sylhet Sixers,Shoaib Malik,Tamim Iqbal,Alok Kapali,1,0,,,,,,,,,
1169381,2018/19,2019-01-06,"Shere Bangla National Stadium, Mirpur",2,10.3,Comilla Victorians,Sylhet Sixers,Tamim Iqbal,Shoaib Malik,Alok Kapali,1,0,,,,,,,,,
1169381,2018/19,2019-01-06,"Shere Bangla National Stadium, Mirpur",2,10.4,Comilla Victorians,Sylhet Sixers,Shoaib Malik,Tamim Iqbal,Alok Kapali,1,0,,,,,,,,,
1169381,2018/19,2019-01-06,"Shere Bangla National Stadium, Mirpur",2,10.5,Comilla Victorians,Sylhet Sixers,Tamim Iqbal,Shoaib Malik,Alok Kapali,1,0,,,,,,,,,
1169381,2018/19,2019-01-06,"Shere Bangla National Stadium, Mirpur",2,10.6,Comilla Victorians,Sylhet Sixers,Shoaib Malik,Tamim Iqbal,Alok Kapali,1,0,,,,,,,,,
1169381,2018/19,2019-01-06,"Shere Bangla National Stadium, Mirpur",2,11.1,Comilla Victorians,Sylhet Sixers,Shoaib Malik,Tamim Iqbal,Mohammad Irfan,0,0,,,,,,,,,
1169381,2018/19,2019-01-06,"Shere Bangla National Stadium, Mirpur",2,11.2,Comilla Victorians,Sylhet Sixers,Shoaib Malik,Tamim Iqbal,Mohammad Irfan,0,0,,,,,,,,,
1169381,2018/19,2019-01-06,"Shere Bangla National Stadium, Mirpur",2,11.3,Comilla Victorians,Sylhet Sixers,Shoaib Malik,Tamim Iqbal,Mohammad Irfan,0,0,,,,,,,,,
1169381,2018/19,2019-01-06,"Shere Bangla National Stadium, Mirpur",2,11.4,Comilla Victorians,Sylhet Sixers,Shoaib Malik,Tamim Iqbal,Mohammad Irfan,1,0,,,,,,,,,
1169381,2018/19,2019-01-06,"Shere Bangla National Stadium, Mirpur",2,11.5,Comilla Victorians,Sylhet Sixers,Tamim Iqbal,Shoaib Malik,Mohammad Irfan,1,0,,,,,,,,,
1169381,2018/19,2019-01-06,"Shere Bangla National Stadium, Mirpur",2,11.6,Comilla Victorians,Sylhet Sixers,Shoaib Malik,Tamim Iqbal,Mohammad Irfan,0,0,,,,,,,,,
1169381,2018/19,2019-01-06,"Shere Bangla National Stadium, Mirpur",2,12.1,Comilla Victorians,Sylhet Sixers,Tamim Iqbal,Shoaib Malik,S Lamichhane,0,2,2,,,,,,,,
1169381,2018/19,2019-01-06,"Shere Bangla National Stadium, Mirpur",2,12.2,Comilla Victorians,Sylhet Sixers,Shoaib Malik,Tamim Iqbal,S Lamichhane,0,1,1,,,,,,,,
1169381,2018/19,2019-01-06,"Shere Bangla National Stadium, Mirpur",2,12.3,Comilla Victorians,Sylhet Sixers,Shoaib Malik,Tamim Iqbal,S Lamichhane,1,0,,,,,,,,,
1169381,2018/19,2019-01-06,"Shere Bangla National Stadium, Mirpur",2,12.4,Comilla Victorians,Sylhet Sixers,Tamim Iqbal,Shoaib Malik,S Lamichhane,1,0,,,,,,,,,
1169381,2018/19,2019-01-06,"Shere Bangla National Stadium, Mirpur",2,12.5,Comilla Victorians,Sylhet Sixers,Shoaib Malik,Tamim Iqbal,S Lamichhane,0,0,,,,,,,,,
1169381,2018/19,2019-01-06,"Shere Bangla National Stadium, Mirpur",2,12.6,Comilla Victorians,Sylhet Sixers,Shoaib Malik,Tamim Iqbal,S Lamichhane,0,1,,,,1,,,,,
1169381,2018/19,2019-01-06,"Shere Bangla National Stadium, Mirpur",2,12.7,Comilla Victorians,Sylhet Sixers,Tamim Iqbal,Shoaib Malik,S Lamichhane,1,0,,,,,,,,,
1169381,2018/19,2019-01-06,"Shere Bangla National Stadium, Mirpur",2,12.8,Comilla Victorians,Sylhet Sixers,Shoaib Malik,Tamim Iqbal,S Lamichhane,0,0,,,,,,caught,Shoaib Malik,,
1169381,2018/19,2019-01-06,"Shere Bangla National Stadium, Mirpur",2,13.1,Comilla Victorians,Sylhet Sixers,Tamim Iqbal,Anamul Haque,Taskin Ahmed,1,0,,,,,,,,,
1169381,2018/19,2019-01-06,"Shere Bangla National Stadium, Mirpur",2,13.2,Comilla Victorians,Sylhet Sixers,Anamul Haque,Tamim Iqbal,Taskin Ahmed,1,0,,,,,,,,,
1169381,2018/19,2019-01-06,"Shere Bangla National Stadium, Mirpur",2,13.3,Comilla Victorians,Sylhet Sixers,Tamim Iqbal,Anamul Haque,Taskin Ahmed,1,0,,,,,,,,,
1169381,2018/19,2019-01-06,"Shere Bangla National Stadium, Mirpur",2,13.4,Comilla Victorians,Sylhet Sixers,Anamul Haque,Tamim Iqbal,Taskin Ahmed,1,0,,,,,,,,,
1169381,2018/19,2019-01-06,"Shere Bangla National Stadium, Mirpur",2,13.5,Comilla Victorians,Sylhet Sixers,Tamim Iqbal,Anamul Haque,Taskin Ahmed,1,0,,,,,,,,,
1169381,2018/19,2019-01-06,"Shere Bangla National Stadium, Mirpur",2,13.6,Comilla Victorians,Sylhet Sixers,Anamul Haque,Tamim Iqbal,Taskin Ahmed,1,0,,,,,,,,,
1169381,2018/19,2019-01-06,"Shere Bangla National Stadium, Mirpur",2,14.1,Comilla Victorians,Sylhet Sixers,Anamul Haque,Tamim Iqbal,S Lamichhane,2,0,,,,,,,,,
1169381,2018/19,2019-01-06,"Shere Bangla National Stadium, Mirpur",2,14.2,Comilla Victorians,Sylhet Sixers,Anamul Haque,Tamim Iqbal,S Lamichhane,0,0,,,,,,bowled,Anamul Haque,,
1169381,2018/19,2019-01-06,"Shere Bangla National Stadium, Mirpur",2,14.3,Comilla Victorians,Sylhet Sixers,Shahid Afridi,Tamim Iqbal,S Lamichhane,0,0,,,,,,,,,
1169381,2018/19,2019-01-06,"Shere Bangla National Stadium, Mirpur",2,14.4,Comilla Victorians,Sylhet Sixers,Shahid Afridi,Tamim Iqbal,S Lamichhane,0,0,,,,,,,,,
1169381,2018/19,2019-01-06,"Shere Bangla National Stadium, Mirpur",2,14.5,Comilla Victorians,Sylhet Sixers,Shahid Afridi,Tamim Iqbal,S Lamichhane,0,0,,,,,,,,,
1169381,2018/19,2019-01-06,"Shere Bangla National Stadium, Mirpur",2,14.6,Comilla Victorians,Sylhet Sixers,Shahid Afridi,Tamim Iqbal,S Lamichhane,0,0,,,,,,,,,
1169381,2018/19,2019-01-06,"Shere Bangla National Stadium, Mirpur",2,15.1,Comilla Victorians,Sylhet Sixers,Tamim Iqbal,Shahid Afridi,Al-Amin Hossain,1,0,,,,,,,,,
1169381,2018/19,2019-01-06,"Shere Bangla National Stadium, Mirpur",2,15.2,Comilla Victorians,Sylhet Sixers,Shahid Afridi,Tamim Iqbal,Al-Amin Hossain,0,0,,,,,,,,,
1169381,2018/19,2019-01-06,"Shere Bangla National Stadium, Mirpur",2,15.3,Comilla Victorians,Sylhet Sixers,Shahid Afridi,Tamim Iqbal,Al-Amin Hossain,1,0,,,,,,,,,
1169381,2018/19,2019-01-06,"Shere Bangla National Stadium, Mirpur",2,15.4,Comilla Victorians,Sylhet Sixers,Tamim Iqbal,Shahid Afridi,Al-Amin Hossain,1,0,,,,,,,,,
1169381,2018/19,2019-01-06,"Shere Bangla National Stadium, Mirpur",2,15.5,Comilla Victorians,Sylhet Sixers,Shahid Afridi,Tamim Iqbal,Al-Amin Hossain,4,0,,,,,,,,,
1169381,2018/19,2019-01-06,"Shere Bangla National Stadium, Mirpur",2,15.6,Comilla Victorians,Sylhet Sixers,Shahid Afridi,Tamim Iqbal,Al-Amin Hossain,1,0,,,,,,,,,
1169381,2018/19,2019-01-06,"Shere Bangla National Stadium, Mirpur",2,16.1,Comilla Victorians,Sylhet Sixers,Shahid Afridi,Tamim Iqbal,Mohammad Irfan,0,0,,,,,,,,,
1169381,2018/19,2019-01-06,"Shere Bangla National Stadium, Mirpur",2,16.2,Comilla Victorians,Sylhet Sixers,Shahid Afridi,Tamim Iqbal,Mohammad Irfan,6,0,,,,,,,,,
1169381,2018/19,2019-01-06,"Shere Bangla National Stadium, Mirpur",2,16.3,Comilla Victorians,Sylhet Sixers,Shahid Afridi,Tamim Iqbal,Mohammad Irfan,0,0,,,,,,run out,Tamim Iqbal,,
1169381,2018/19,2019-01-06,"Shere Bangla National Stadium, Mirpur",2,16.4,Comilla Victorians,Sylhet Sixers,Shahid Afridi,Mohammad Saifuddin,Mohammad Irfan,0,0,,,,,,,,,
1169381,2018/19,2019-01-06,"Shere Bangla National Stadium, Mirpur",2,16.5,Comilla Victorians,Sylhet Sixers,Shahid Afridi,Mohammad Saifuddin,Mohammad Irfan,4,0,,,,,,,,,
1169381,2018/19,2019-01-06,"Shere Bangla National Stadium, Mirpur",2,16.6,Comilla Victorians,Sylhet Sixers,Shahid Afridi,Mohammad Saifuddin,Mohammad Irfan,0,0,,,,,,,,,
1169381,2018/19,2019-01-06,"Shere Bangla National Stadium, Mirpur",2,17.1,Comilla Victorians,Sylhet Sixers,Mohammad Saifuddin,Shahid Afridi,Taskin Ahmed,1,0,,,,,,,,,
1169381,2018/19,2019-01-06,"Shere Bangla National Stadium, Mirpur",2,17.2,Comilla Victorians,Sylhet Sixers,Shahid Afridi,Mohammad Saifuddin,Taskin Ahmed,6,0,,,,,,,,,
1169381,2018/19,2019-01-06,"Shere Bangla National Stadium, Mirpur",2,17.3,Comilla Victorians,Sylhet Sixers,Shahid Afridi,Mohammad Saifuddin,Taskin Ahmed,4,0,,,,,,,,,
1169381,2018/19,2019-01-06,"Shere Bangla National Stadium, Mirpur",2,17.4,Comilla Victorians,Sylhet Sixers,Shahid Afridi,Mohammad Saifuddin,Taskin Ahmed,1,0,,,,,,,,,
1169381,2018/19,2019-01-06,"Shere Bangla National Stadium, Mirpur",2,17.5,Comilla Victorians,Sylhet Sixers,Mohammad Saifuddin,Shahid Afridi,Taskin Ahmed,1,0,,,,,,,,,
1169381,2018/19,2019-01-06,"Shere Bangla National Stadium, Mirpur",2,17.6,Comilla Victorians,Sylhet Sixers,Shahid Afridi,Mohammad Saifuddin,Taskin Ahmed,2,0,,,,,,,,,
1169381,2018/19,2019-01-06,"Shere Bangla National Stadium, Mirpur",2,18.1,Comilla Victorians,Sylhet Sixers,Mohammad Saifuddin,Shahid Afridi,Al-Amin Hossain,1,0,,,,,,,,,
1169381,2018/19,2019-01-06,"Shere Bangla National Stadium, Mirpur",2,18.2,Comilla Victorians,Sylhet Sixers,Shahid Afridi,Mohammad Saifuddin,Al-Amin Hossain,0,0,,,,,,,,,
1169381,2018/19,2019-01-06,"Shere Bangla National Stadium, Mirpur",2,18.3,Comilla Victorians,Sylhet Sixers,Shahid Afridi,Mohammad Saifuddin,Al-Amin Hossain,4,0,,,,,,,,,
1169381,2018/19,2019-01-06,"Shere Bangla National Stadium, Mirpur",2,18.4,Comilla Victorians,Sylhet Sixers,Shahid Afridi,Mohammad Saifuddin,Al-Amin Hossain,0,1,,,1,,,,,,
1169381,2018/19,2019-01-06,"Shere Bangla National Stadium, Mirpur",2,18.5,Comilla Victorians,Sylhet Sixers,Mohammad Saifuddin,Shahid Afridi,Al-Amin Hossain,1,0,,,,,,,,,
1169381,2018/19,2019-01-06,"Shere Bangla National Stadium, Mirpur",2,18.6,Comilla Victorians,Sylhet Sixers,Shahid Afridi,Mohammad Saifuddin,Al-Amin Hossain,1,0,,,,,,,,,
1169381,2018/19,2019-01-06,"Shere Bangla National Stadium, Mirpur",2,19.1,Comilla Victorians,Sylhet Sixers,Shahid Afridi,Mohammad Saifuddin,Alok Kapali,1,0,,,,,,,,,
1169381,2018/19,2019-01-06,"Shere Bangla National Stadium, Mirpur",2,19.2,Comilla Victorians,Sylhet Sixers,Mohammad Saifuddin,Shahid Afridi,Alok Kapali,0,0,,,,,,,,,
1169381,2018/19,2019-01-06,"Shere Bangla National Stadium, Mirpur",2,19.3,Comilla Victorians,Sylhet Sixers,Mohammad Saifuddin,Shahid Afridi,Alok Kapali,1,0,,,,,,,,,
1169381,2018/19,2019-01-06,"Shere Bangla National Stadium, Mirpur",2,19.4,Comilla Victorians,Sylhet Sixers,Shahid Afridi,Mohammad Saifuddin,Alok Kapali,0,0,,,,,,,,,
1169381,2018/19,2019-01-06,"Shere Bangla National Stadium, Mirpur",2,19.5,Comilla Victorians,Sylhet Sixers,Shahid Afridi,Mohammad Saifuddin,Alok Kapali,4,0,,,,,,,,,
