match_id,season,start_date,venue,innings,ball,batting_team,bowling_team,striker,non_striker,bowler,runs_off_bat,extras,wides,noballs,byes,legbyes,penalty,wicket_type,player_dismissed,other_wicket_type,other_player_dismissed
1169403,2018/19,2019-01-22,"Shere Bangla National Stadium, Mirpur",1,0.1,Khulna Titans,Rangpur Riders,Al-Amin,Junaid Siddique,Mashrafe Mortaza,0,0,,,,,,,,,
1169403,2018/19,2019-01-22,"Shere Bangla National Stadium, Mirpur",1,0.2,Khulna Titans,Rangpur Riders,Al-Amin,Junaid Siddique,Mashrafe Mortaza,0,0,,,,,,,,,
1169403,2018/19,2019-01-22,"Shere Bangla National Stadium, Mirpur",1,0.3,Khulna Titans,Rangpur Riders,Al-Amin,Junaid Siddique,Mashrafe Mortaza,0,0,,,,,,,,,
1169403,2018/19,2019-01-22,"Shere Bangla National Stadium, Mirpur",1,0.4,Khulna Titans,Rangpur Riders,Al-Amin,Junaid Siddique,Mashrafe Mortaza,0,0,,,,,,,,,
1169403,2018/19,2019-01-22,"Shere Bangla National Stadium, Mirpur",1,0.5,Khulna Titans,Rangpur Riders,Al-Amin,Junaid Siddique,Mashrafe Mortaza,4,0,,,,,,,,,
1169403,2018/19,2019-01-22,"Shere Bangla National Stadium, Mirpur",1,0.6,Khulna Titans,Rangpur Riders,Al-Amin,Junaid Siddique,Mashrafe Mortaza,0,1,1,,,,,,,,
1169403,2018/19,2019-01-22,"Shere Bangla National Stadium, Mirpur",1,0.7,Khulna Titans,Rangpur Riders,Al-Amin,Junaid Siddique,Mashrafe Mortaza,0,0,,,,,,caught,Al-Amin,,
1169403,2018/19,2019-01-22,"Shere Bangla National Stadium, Mirpur",1,1.1,Khulna Titans,Rangpur Riders,Junaid Siddique,BRM Taylor,Sohag Gazi,4,0,,,,,,,,,
1169403,2018/19,2019-01-22,"Shere Bangla National Stadium, Mirpur",1,1.2,Khulna Titans,Rangpur Riders,Junaid Siddique,BRM Taylor,Sohag Gazi,6,0,,,,,,,,,
1169403,2018/19,2019-01-22,"Shere Bangla National Stadium, Mirpur",1,1.3,Khulna Titans,Rangpur Riders,Junaid Siddique,BRM Taylor,Sohag Gazi,0,0,,,,,,,,,
1169403,2018/19,2019-01-22,"Shere Bangla National Stadium, Mirpur",1,1.4,Khulna Titans,Rangpur Riders,Junaid Siddique,BRM Taylor,Sohag Gazi,0,0,,,,,,,,,
1169403,2018/19,2019-01-22,"Shere Bangla National Stadium, Mirpur",1,1.5,Khulna Titans,Rangpur Riders,Junaid Siddique,BRM Taylor,Sohag Gazi,1,0,,,,,,,,,
1169403,2018/19,2019-01-22,"Shere Bangla National Stadium, Mirpur",1,1.6,Khulna Titans,Rangpur Riders,BRM Taylor,Junaid Siddique,Sohag Gazi,1,0,,,,,,,,,
1169403,2018/19,2019-01-22,"Shere Bangla National Stadium, Mirpur",1,2.1,Khulna Titans,Rangpur Riders,BRM Taylor,Junaid Siddique,Mashrafe Mortaza,1,0,,,,,,,,,
1169403,2018/19,2019-01-22,"Shere Bangla National Stadium, Mirpur",1,2.2,Khulna Titans,Rangpur Riders,Junaid Siddique,BRM Taylor,Mashrafe Mortaza,0,0,,,,,,,,,
1169403,2018/19,2019-01-22,"Shere Bangla National Stadium, Mirpur",1,2.3,Khulna Titans,Rangpur Riders,Junaid Siddique,BRM Taylor,Mashrafe Mortaza,0,0,,,,,,,,,
1169403,2018/19,2019-01-22,"Shere Bangla National Stadium, Mirpur",1,2.4,Khulna Titans,Rangpur Riders,Junaid Siddique,BRM Taylor,Mashrafe Mortaza,0,0,,,,,,,,,
1169403,2018/19,2019-01-22,"Shere Bangla National Stadium, Mirpur",1,2.5,Khulna Titans,Rangpur Riders,Junaid Siddique,BRM Taylor,Mashrafe Mortaza,0,0,,,,,,,,,
1169403,2018/19,2019-01-22,"Shere Bangla National Stadium, Mirpur",1,2.6,Khulna Titans,Rangpur Riders,Junaid Siddique,BRM Taylor,Mashrafe Mortaza,1,0,,,,,,,,,
1169403,2018/19,2019-01-22,"Shere Bangla National Stadium, Mirpur",1,3.1,Khulna Titans,Rangpur Riders,Junaid Siddique,BRM Taylor,Farhad Reza,1,0,,,,,,,,,
1169403,2018/19,2019-01-22,"Shere Bangla National Stadium, Mirpur",1,3.2,Khulna Titans,Rangpur Riders,BRM Taylor,Junaid Siddique,Farhad Reza,4,0,,,,,,,,,
1169403,2018/19,2019-01-22,"Shere Bangla National Stadium, Mirpur",1,3.3,Khulna Titans,Rangpur Riders,BRM Taylor,Junaid Siddique,Farhad Reza,0,0,,,,,,,,,
1169403,2018/19,2019-01-22,"Shere Bangla National Stadium, Mirpur",1,3.4,Khulna Titans,Rangpur Riders,BRM Taylor,Junaid Siddique,Farhad Reza,4,0,,,,,,,,,
1169403,2018/19,2019-01-22,"Shere Bangla National Stadium, Mirpur",1,3.5,Khulna Titans,Rangpur Riders,BRM Taylor,Junaid Siddique,Farhad Reza,1,0,,,,,,,,,
1169403,2018/19,2019-01-22,"Shere Bangla National Stadium, Mirpur",1,3.6,Khulna Titans,Rangpur Riders,Junaid Siddique,BRM Taylor,Farhad Reza,0,0,,,,,,caught,Junaid Siddique,,
1169403,2018/19,2019-01-22,"Shere Bangla National Stadium, Mirpur",1,4.1,Khulna Titans,Rangpur Riders,Nazmul Hossain Shanto,BRM Taylor,Mashrafe Mortaza,0,0,,,,,,,,,
1169403,2018/19,2019-01-22,"Shere Bangla National Stadium, Mirpur",1,4.2,Khulna Titans,Rangpur Riders,Nazmul Hossain Shanto,BRM Taylor,Mashrafe Mortaza,0,0,,,,,,,,,
1169403,2018/19,2019-01-22,"Shere Bangla National Stadium, Mirpur",1,4.3,Khulna Titans,Rangpur Riders,Nazmul Hossain Shanto,BRM Taylor,Mashrafe Mortaza,1,0,,,,,,,,,
1169403,2018/19,2019-01-22,"Shere Bangla National Stadium, Mirpur",1,4.4,Khulna Titans,Rangpur Riders,BRM Taylor,Nazmul Hossain Shanto,Mashrafe Mortaza,0,1,1,,,,,,,,
1169403,2018/19,2019-01-22,"Shere Bangla National Stadium, Mirpur",1,4.5,Khulna Titans,Rangpur Riders,BRM Taylor,Nazmul Hossain Shanto,Mashrafe Mortaza,1,0,,,,,,,,,
1169403,2018/19,2019-01-22,"Shere Bangla National Stadium, Mirpur",1,4.6,Khulna Titans,Rangpur Riders,Nazmul Hossain Shanto,BRM Taylor,Mashrafe Mortaza,1,0,,,,,,,,,
1169403,2018/19,2019-01-22,"Shere Bangla National Stadium, Mirpur",1,4.7,Khulna Titans,Rangpur Riders,BRM Taylor,Nazmul Hossain Shanto,Mashrafe Mortaza,0,0,,,,,,,,,
1169403,2018/19,2019-01-22,"Shere Bangla National Stadium, Mirpur",1,5.1,Khulna Titans,Rangpur Riders,Nazmul Hossain Shanto,BRM Taylor,Shafiul Islam,4,0,,,,,,,,,
1169403,2018/19,2019-01-22,"Shere Bangla National Stadium, Mirpur",1,5.2,Khulna Titans,Rangpur Riders,Nazmul Hossain Shanto,BRM Taylor,Shafiul Islam,1,0,,,,,,,,,
1169403,2018/19,2019-01-22,"Shere Bangla National Stadium, Mirpur",1,5.3,Khulna Titans,Rangpur Riders,BRM Taylor,Nazmul Hossain Shanto,Shafiul Islam,1,0,,,,,,,,,
1169403,2018/19,2019-01-22,"Shere Bangla National Stadium, Mirpur",1,5.4,Khulna Titans,Rangpur Riders,Nazmul Hossain Shanto,BRM Taylor,Shafiul Islam,0,0,,,,,,,,,
1169403,2018/19,2019-01-22,"Shere Bangla National Stadium, Mirpur",1,5.5,Khulna Titans,Rangpur Riders,Nazmul Hossain Shanto,BRM Taylor,Shafiul Islam,2,0,,,,,,,,,
1169403,2018/19,2019-01-22,"Shere Bangla National Stadium, Mirpur",1,5.6,Khulna Titans,Rangpur Riders,Nazmul Hossain Shanto,BRM Taylor,Shafiul Islam,1,0,,,,,,,,,
1169403,2018/19,2019-01-22,"Shere Bangla National Stadium, Mirpur",1,6.1,Khulna Titans,Rangpur Riders,Nazmul Hossain Shanto,BRM Taylor,Nazmul Islam,0,1,,,,1,,,,,
1169403,2018/19,2019-01-22,"Shere Bangla National Stadium, Mirpur",1,6.2,Khulna Titans,Rangpur Riders,BRM Taylor,Nazmul Hossain Shanto,Nazmul Islam,0,0,,,,,,,,,
1169403,2018/19,2019-01-22,"Shere Bangla National Stadium, Mirpur",1,6.3,Khulna Titans,Rangpur Riders,BRM Taylor,Nazmul Hossain Shanto,Nazmul Islam,0,0,,,,,,,,,
1169403,2018/19,2019-01-22,"Shere Bangla National Stadium, Mirpur",1,6.4,Khulna Titans,Rangpur Riders,BRM Taylor,Nazmul Hossain Shanto,Nazmul Islam,0,0,,,,,,,,,
1169403,2018/19,2019-01-22,"Shere Bangla National Stadium, Mirpur",1,6.5,Khulna Titans,Rangpur Riders,BRM Taylor,Nazmul Hossain Shanto,Nazmul Islam,1,0,,,,,,,,,
1169403,2018/19,2019-01-22,"Shere Bangla National Stadium, Mirpur",1,6.6,Khulna Titans,Rangpur Riders,Nazmul Hossain Shanto,BRM Taylor,Nazmul Islam,2,0,,,,,,,,,
1169403,2018/19,2019-01-22,"Shere Bangla National Stadium, Mirpur",1,7.1,Khulna Titans,Rangpur Riders,BRM Taylor,Nazmul Hossain Shanto,Sohag Gazi,6,0,,,,,,,,,
1169403,2018/19,2019-01-22,"Shere Bangla National Stadium, Mirpur",1,7.2,Khulna Titans,Rangpur Riders,BRM Taylor,Nazmul Hossain Shanto,Sohag Gazi,1,0,,,,,,,,,
1169403,2018/19,2019-01-22,"Shere Bangla National Stadium, Mirpur",1,7.3,Khulna Titans,Rangpur Riders,Nazmul Hossain Shanto,BRM Taylor,Sohag Gazi,1,0,,,,,,,,,
1169403,2018/19,2019-01-22,"Shere Bangla National Stadium, Mirpur",1,7.4,Khulna Titans,Rangpur Riders,BRM Taylor,Nazmul Hossain Shanto,Sohag Gazi,4,0,,,,,,,,,
1169403,2018/19,2019-01-22,"Shere Bangla National Stadium, Mirpur",1,7.5,Khulna Titans,Rangpur Riders,BRM Taylor,Nazmul Hossain Shanto,Sohag Gazi,4,0,,,,,,,,,
1169403,2018/19,2019-01-22,"Shere Bangla National Stadium, Mirpur",1,7.6,Khulna Titans,Rangpur Riders,BRM Taylor,Nazmul Hossain Shanto,Sohag Gazi,2,0,,,,,,,,,
1169403,2018/19,2019-01-22,"Shere Bangla National Stadium, Mirpur",1,8.1,Khulna Titans,Rangpur Riders,Nazmul Hossain Shanto,BRM Taylor,Nazmul Islam,1,0,,,,,,,,,
1169403,2018/19,2019-01-22,"Shere Bangla National Stadium, Mirpur",1,8.2,Khulna Titans,Rangpur Riders,BRM Taylor,Nazmul Hossain Shanto,Nazmul Islam,1,0,,,,,,,,,
1169403,2018/19,2019-01-22,"Shere Bangla National Stadium, Mirpur",1,8.3,Khulna Titans,Rangpur Riders,Nazmul Hossain Shanto,BRM Taylor,Nazmul Islam,6,0,,,,,,,,,
1169403,2018/19,2019-01-22,"Shere Bangla National Stadium, Mirpur",1,8.4,Khulna Titans,Rangpur Riders,Nazmul Hossain Shanto,BRM Taylor,Nazmul Islam,0,0,,,,,,,,,
1169403,2018/19,2019-01-22,"Shere Bangla National Stadium, Mirpur",1,8.5,Khulna Titans,Rangpur Riders,Nazmul Hossain Shanto,BRM Taylor,Nazmul Islam,6,0,,,,,,,,,
1169403,2018/19,2019-01-22,"Shere Bangla National Stadium, Mirpur",1,8.6,Khulna Titans,Rangpur Riders,Nazmul Hossain Shanto,BRM Taylor,Nazmul Islam,0,0,,,,,,,,,
1169403,2018/19,2019-01-22,"Shere Bangla National Stadium, Mirpur",1,9.1,Khulna Titans,Rangpur Riders,BRM Taylor,Nazmul Hossain Shanto,CH Gayle,0,0,,,,,,caught,BRM Taylor,,
1169403,2018/19,2019-01-22,"Shere Bangla National Stadium, Mirpur",1,9.2,Khulna Titans,Rangpur Riders,Mahmudullah,Nazmul Hossain Shanto,CH Gayle,1,0,,,,,,,,,
1169403,2018/19,2019-01-22,"Shere Bangla National Stadium, Mirpur",1,9.3,Khulna Titans,Rangpur Riders,Nazmul Hossain Shanto,Mahmudullah,CH Gayle,0,0,,,,,,,,,
1169403,2018/19,2019-01-22,"Shere Bangla National Stadium, Mirpur",1,9.4,Khulna Titans,Rangpur Riders,Nazmul Hossain Shanto,Mahmudullah,CH Gayle,4,0,,,,,,,,,
1169403,2018/19,2019-01-22,"Shere Bangla National Stadium, Mirpur",1,9.5,Khulna Titans,Rangpur Riders,Nazmul Hossain Shanto,Mahmudullah,CH Gayle,1,0,,,,,,,,,
1169403,2018/19,2019-01-22,"Shere Bangla National Stadium, Mirpur",1,9.6,Khulna Titans,Rangpur Riders,Mahmudullah,Nazmul Hossain Shanto,CH Gayle,1,0,,,,,,,,,
1169403,2018/19,2019-01-22,"Shere Bangla National Stadium, Mirpur",1,10.1,Khulna Titans,Rangpur Riders,Mahmudullah,Nazmul Hossain Shanto,Nazmul Islam,3,0,,,,,,,,,
1169403,2018/19,2019-01-22,"Shere Bangla National Stadium, Mirpur",1,10.2,Khulna Titans,Rangpur Riders,Nazmul Hossain Shanto,Mahmudullah,Nazmul Islam,0,0,,,,,,,,,
1169403,2018/19,2019-01-22,"Shere Bangla National Stadium, Mirpur",1,10.3,Khulna Titans,Rangpur Riders,Nazmul Hossain Shanto,Mahmudullah,Nazmul Islam,6,0,,,,,,,,,
1169403,2018/19,2019-01-22,"Shere Bangla National Stadium, Mirpur",1,10.4,Khulna Titans,Rangpur Riders,Nazmul Hossain Shanto,Mahmudullah,Nazmul Islam,0,0,,,,,,,,,
1169403,2018/19,2019-01-22,"Shere Bangla National Stadium, Mirpur",1,10.5,Khulna Titans,Rangpur Riders,Nazmul Hossain Shanto,Mahmudullah,Nazmul Islam,1,0,,,,,,,,,
1169403,2018/19,2019-01-22,"Shere Bangla National Stadium, Mirpur",1,10.6,Khulna Titans,Rangpur Riders,Mahmudullah,Nazmul Hossain Shanto,Nazmul Islam,1,0,,,,,,,,,
1169403,2018/19,2019-01-22,"Shere Bangla National Stadium, Mirpur",1,11.1,Khulna Titans,Rangpur Riders,Mahmudullah,Nazmul Hossain Shanto,Farhad Reza,1,0,,,,,,,,,
1169403,2018/19,2019-01-22,"Shere Bangla National Stadium, Mirpur",1,11.2,Khulna Titans,Rangpur Riders,Nazmul Hossain Shanto,Mahmudullah,Farhad Reza,1,0,,,,,,,,,
1169403,2018/19,2019-01-22,"Shere Bangla National Stadium, Mirpur",1,11.3,Khulna Titans,Rangpur Riders,Mahmudullah,Nazmul Hossain Shanto,Farhad Reza,1,0,,,,,,,,,
1169403,2018/19,2019-01-22,"Shere Bangla National Stadium, Mirpur",1,11.4,Khulna Titans,Rangpur Riders,Nazmul Hossain Shanto,Mahmudullah,Farhad Reza,0,1,,,1,,,,,,
1169403,2018/19,2019-01-22,"Shere Bangla National Stadium, Mirpur",1,11.5,Khulna Titans,Rangpur Riders,Mahmudullah,Nazmul Hossain Shanto,Farhad Reza,1,0,,,,,,,,,
1169403,2018/19,2019-01-22,"Shere Bangla National Stadium, Mirpur",1,11.6,Khulna Titans,Rangpur Riders,Nazmul Hossain Shanto,Mahmudullah,Farhad Reza,1,0,,,,,,,,,
1169403,2018/19,2019-01-22,"Shere Bangla National Stadium, Mirpur",1,12.1,Khulna Titans,Rangpur Riders,Nazmul Hossain Shanto,Mahmudullah,CH Gayle,2,0,,,,,,,,,
1169403,2018/19,2019-01-22,"Shere Bangla National Stadium, Mirpur",1,12.2,Khulna Titans,Rangpur Riders,Nazmul Hossain Shanto,Mahmudullah,CH Gayle,1,0,,,,,,,,,
1169403,2018/19,2019-01-22,"Shere Bangla National Stadium, Mirpur",1,12.3,Khulna Titans,Rangpur Riders,Mahmudullah,Nazmul Hossain Shanto,CH Gayle,6,0,,,,,,,,,
1169403,2018/19,2019-01-22,"Shere Bangla National Stadium, Mirpur",1,12.4,Khulna Titans,Rangpur Riders,Mahmudullah,Nazmul Hossain Shanto,CH Gayle,2,0,,,,,,,,,
1169403,2018/19,2019-01-22,"Shere Bangla National Stadium, Mirpur",1,12.5,Khulna Titans,Rangpur Riders,Mahmudullah,Nazmul Hossain Shanto,CH Gayle,0,1,1,,,,,,,,
1169403,2018/19,2019-01-22,"Shere Bangla National Stadium, Mirpur",1,12.6,Khulna Titans,Rangpur Riders,Mahmudullah,Nazmul Hossain Shanto,CH Gayle,0,1,1,,,,,,,,
1169403,2018/19,2019-01-22,"Shere Bangla National Stadium, Mirpur",1,12.7,Khulna Titans,Rangpur Riders,Mahmudullah,Nazmul Hossain Shanto,CH Gayle,2,0,,,,,,,,,
1169403,2018/19,2019-01-22,"Shere Bangla National Stadium, Mirpur",1,12.8,Khulna Titans,Rangpur Riders,Mahmudullah,Nazmul Hossain Shanto,CH Gayle,0,1,1,,,,,,,,
1169403,2018/19,2019-01-22,"Shere Bangla National Stadium, Mirpur",1,12.9,Khulna Titans,Rangpur Riders,Mahmudullah,Nazmul Hossain Shanto,CH Gayle,0,0,,,,,,,,,
1169403,2018/19,2019-01-22,"Shere Bangla National Stadium, Mirpur",1,13.1,Khulna Titans,Rangpur Riders,Nazmul Hossain Shanto,Mahmudullah,Shafiul Islam,1,0,,,,,,,,,
1169403,2018/19,2019-01-22,"Shere Bangla National Stadium, Mirpur",1,13.2,Khulna Titans,Rangpur Riders,Mahmudullah,Nazmul Hossain Shanto,Shafiul Islam,0,1,1,,,,,,,,
1169403,2018/19,2019-01-22,"Shere Bangla National Stadium, Mirpur",1,13.3,Khulna Titans,Rangpur Riders,Mahmudullah,Nazmul Hossain Shanto,Shafiul Islam,0,0,,,,,,,,,
1169403,2018/19,2019-01-22,"Shere Bangla National Stadium, Mirpur",1,13.4,Khulna Titans,Rangpur Riders,Mahmudullah,Nazmul Hossain Shanto,Shafiul Islam,4,0,,,,,,,,,
1169403,2018/19,2019-01-22,"Shere Bangla National Stadium, Mirpur",1,13.5,Khulna Titans,Rangpur Riders,Mahmudullah,Nazmul Hossain Shanto,Shafiul Islam,1,0,,,,,,,,,
1169403,2018/19,2019-01-22,"Shere Bangla National Stadium, Mirpur",1,13.6,Khulna Titans,Rangpur Riders,Nazmul Hossain Shanto,Mahmudullah,Shafiul Islam,1,0,,,,,,,,,
1169403,2018/19,2019-01-22,"Shere Bangla National Stadium, Mirpur",1,13.7,Khulna Titans,Rangpur Riders,Mahmudullah,Nazmul Hossain Shanto,Shafiul Islam,2,0,,,,,,,,,
1169403,2018/19,2019-01-22,"Shere Bangla National Stadium, Mirpur",1,14.1,Khulna Titans,Rangpur Riders,Nazmul Hossain Shanto,Mahmudullah,Mashrafe Mortaza,1,0,,,,,,,,,
1169403,2018/19,2019-01-22,"Shere Bangla National Stadium, Mirpur",1,14.2,Khulna Titans,Rangpur Riders,Mahmudullah,Nazmul Hossain Shanto,Mashrafe Mortaza,1,0,,,,,,,,,
1169403,2018/19,2019-01-22,"Shere Bangla National Stadium, Mirpur",1,14.3,Khulna Titans,Rangpur Riders,Nazmul Hossain Shanto,Mahmudullah,Mashrafe Mortaza,1,0,,,,,,,,,
1169403,2018/19,2019-01-22,"Shere Bangla National Stadium, Mirpur",1,14.4,Khulna Titans,Rangpur Riders,Mahmudullah,Nazmul Hossain Shanto,Mashrafe Mortaza,1,0,,,,,,,,,
1169403,2018/19,2019-01-22,"Shere Bangla National Stadium, Mirpur",1,14.5,Khulna Titans,Rangpur Riders,Nazmul Hossain Shanto,Mahmudullah,Mashrafe Mortaza,1,0,,,,,,,,,
1169403,2018/19,2019-01-22,"Shere Bangla National Stadium, Mirpur",1,14.6,Khulna Titans,Rangpur Riders,Mahmudullah,Nazmul Hossain Shanto,Mashrafe Mortaza,1,0,,,,,,,,,
1169403,2018/19,2019-01-22,"Shere Bangla National Stadium, Mirpur",1,15.1,Khulna Titans,Rangpur Riders,Mahmudullah,Nazmul Hossain Shanto,Farhad Reza,0,0,,,,,,,,,
1169403,2018/19,2019-01-22,"Shere Bangla National Stadium, Mirpur",1,15.2,Khulna Titans,Rangpur Riders,Mahmudullah,Nazmul Hossain Shanto,Farhad Reza,0,0,,,,,,caught,Mahmudullah,,
1169403,2018/19,2019-01-22,"Shere Bangla National Stadium, Mirpur",1,15.3,Khulna Titans,Rangpur Riders,Nazmul Hossain Shanto,D Wiese,Farhad Reza,0,0,,,,,,caught and bowled,Nazmul Hossain Shanto,,
1169403,2018/19,2019-01-22,"Shere Bangla National Stadium, Mirpur",1,15.4,Khulna Titans,Rangpur Riders,Ariful Haque,D Wiese,Farhad Reza,0,0,,,,,,,,,
1169403,2018/19,2019-01-22,"Shere Bangla National Stadium, Mirpur",1,15.5,Khulna Titans,Rangpur Riders,Ariful Haque,D Wiese,Farhad Reza,0,0,,,,,,,,,
1169403,2018/19,2019-01-22,"Shere Bangla National Stadium, Mirpur",1,15.6,Khulna Titans,Rangpur Riders,Ariful Haque,D Wiese,Farhad Reza,1,0,,,,,,,,,
1169403,2018/19,2019-01-22,"Shere Bangla National Stadium, Mirpur",1,16.1,Khulna Titans,Rangpur Riders,Ariful Haque,D Wiese,Nazmul Islam,1,0,,,,,,,,,
1169403,2018/19,2019-01-22,"Shere Bangla National Stadium, Mirpur",1,16.2,Khulna Titans,Rangpur Riders,D Wiese,Ariful Haque,Nazmul Islam,0,0,,,,,,,,,
1169403,2018/19,2019-01-22,"Shere Bangla National Stadium, Mirpur",1,16.3,Khulna Titans,Rangpur Riders,D Wiese,Ariful Haque,Nazmul Islam,4,0,,,,,,,,,
1169403,2018/19,2019-01-22,"Shere Bangla National Stadium, Mirpur",1,16.4,Khulna Titans,Rangpur Riders,D Wiese,Ariful Haque,Nazmul Islam,2,0,,,,,,,,,
1169403,2018/19,2019-01-22,"Shere Bangla National Stadium, Mirpur",1,16.5,Khulna Titans,Rangpur Riders,D Wiese,Ariful Haque,Nazmul Islam,1,0,,,,,,,,,
1169403,2018/19,2019-01-22,"Shere Bangla National Stadium, Mirpur",1,16.6,Khulna Titans,Rangpur Riders,Ariful Haque,D Wiese,Nazmul Islam,1,0,,,,,,,,,
1169403,2018/19,2019-01-22,"Shere Bangla National Stadium, Mirpur",1,17.1,Khulna Titans,Rangpur Riders,Ariful Haque,D Wiese,Shafiul Islam,1,0,,,,,,,,,
1169403,2018/19,2019-01-22,"Shere Bangla National Stadium, Mirpur",1,17.2,Khulna Titans,Rangpur Riders,D Wiese,Ariful Haque,Shafiul Islam,1,0,,,,,,,,,
1169403,2018/19,2019-01-22,"Shere Bangla National Stadium, Mirpur",1,17.3,Khulna Titans,Rangpur Riders,Ariful Haque,D Wiese,Shafiul Islam,1,0,,,,,,,,,
1169403,2018/19,2019-01-22,"Shere Bangla National Stadium, Mirpur",1,17.4,Khulna Titans,Rangpur Riders,D Wiese,Ariful Haque,Shafiul Islam,2,0,,,,,,,,,
1169403,2018/19,2019-01-22,"Shere Bangla National Stadium, Mirpur",1,17.5,Khulna Titans,Rangpur Riders,D Wiese,Ariful Haque,Shafiul Islam,1,0,,,,,,,,,
1169403,2018/19,2019-01-22,"Shere Bangla National Stadium, Mirpur",1,17.6,Khulna Titans,Rangpur Riders,Ariful Haque,D Wiese,Shafiul Islam,1,0,,,,,,,,,
1169403,2018/19,2019-01-22,"Shere Bangla National Stadium, Mirpur",1,18.1,Khulna Titans,Rangpur Riders,Ariful Haque,D Wiese,Farhad Reza,0,0,,,,,,,,,
1169403,2018/19,2019-01-22,"Shere Bangla National Stadium, Mirpur",1,18.2,Khulna Titans,Rangpur Riders,Ariful Haque,D Wiese,Farhad Reza,0,1,1,,,,,,,,
1169403,2018/19,2019-01-22,"Shere Bangla National Stadium, Mirpur",1,18.3,Khulna Titans,Rangpur Riders,Ariful Haque,D Wiese,Farhad Reza,0,0,,,,,,caught,Ariful Haque,,
1169403,2018/19,2019-01-22,"Shere Bangla National Stadium, Mirpur",1,18.4,Khulna Titans,Rangpur Riders,D Wiese,Yasir Shah,Farhad Reza,6,0,,,,,,,,,
1169403,2018/19,2019-01-22,"Shere Bangla National Stadium, Mirpur",1,18.5,Khulna Titans,Rangpur Riders,D Wiese,Yasir Shah,Farhad Reza,2,0,,,,,,,,,
1169403,2018/19,2019-01-22,"Shere Bangla National Stadium, Mirpur",1,18.6,Khulna Titans,Rangpur Riders,D Wiese,Yasir Shah,Farhad Reza,6,0,,,,,,,,,
1169403,2018/19,2019-01-22,"Shere Bangla National Stadium, Mirpur",1,18.7,Khulna Titans,Rangpur Riders,D Wiese,Yasir Shah,Farhad Reza,1,0,,,,,,,,,
1169403,2018/19,2019-01-22,"Shere Bangla National Stadium, Mirpur",1,19.1,Khulna Titans,Rangpur Riders,D Wiese,Yasir Shah,Shafiul Islam,1,0,,,,,,,,,
1169403,2018/19,2019-01-22,"Shere Bangla National Stadium, Mirpur",1,19.2,Khulna Titans,Rangpur Riders,Yasir Shah,D Wiese,Shafiul Islam,4,0,,,,,,,,,
1169403,2018/19,2019-01-22,"Shere Bangla National Stadium, Mirpur",1,19.3,Khulna Titans,Rangpur Riders,Yasir Shah,D Wiese,Shafiul Islam,1,0,,,,,,,,,
1169403,2018/19,2019-01-22,"Shere Bangla National Stadium, Mirpur",1,19.4,Khulna Titans,Rangpur Riders,D Wiese,Yasir Shah,Shafiul Islam,4,0,,,,,,,,,
1169403,2018/19,2019-01-22,"Shere Bangla National Stadium, Mirpur",1,19.5,Khulna Titans,Rangpur Riders,D Wiese,Yasir Shah,Shafiul Islam,0,0,,,,,,,,,
1169403,2018/19,2019-01-22,"Shere Bangla National Stadium, Mirpur",1,19.6,Khulna Titans,Rangpur Riders,D Wiese,Yasir Shah,Shafiul Islam,4,0,,,,,,,,,
1169403,2018/19,2019-01-22,"Shere Bangla National Stadium, Mirpur",2,0.1,Rangpur Riders,Khulna Titans,CH Gayle,AD Hales,Subashis Roy,0,0,,,,,,,,,
1169403,2018/19,2019-01-22,"Shere Bangla National Stadium, Mirpur",2,0.2,Rangpur Riders,Khulna Titans,CH Gayle,AD Hales,Subashis Roy,0,0,,,,,,,,,
1169403,2018/19,2019-01-22,"Shere Bangla National Stadium, Mirpur",2,0.3,Rangpur Riders,Khulna Titans,CH Gayle,AD Hales,Subashis Roy,0,0,,,,,,,,,
1169403,2018/19,2019-01-22,"Shere Bangla National Stadium, Mirpur",2,0.4,Rangpur Riders,Khulna Titans,CH Gayle,AD Hales,Subashis Roy,1,0,,,,,,,,,
1169403,2018/19,2019-01-22,"Shere Bangla National Stadium, Mirpur",2,0.5,Rangpur Riders,Khulna Titans,AD Hales,CH Gayle,Subashis Roy,0,0,,,,,,,,,
1169403,2018/19,2019-01-22,"Shere Bangla National Stadium, Mirpur",2,0.6,Rangpur Riders,Khulna Titans,AD Hales,CH Gayle,Subashis Roy,1,0,,,,,,,,,
1169403,2018/19,2019-01-22,"Shere Bangla National Stadium, Mirpur",2,1.1,Rangpur Riders,Khulna Titans,AD Hales,CH Gayle,Junaid Khan,0,0,,,,,,,,,
1169403,2018/19,2019-01-22,"Shere Bangla National Stadium, Mirpur",2,1.2,Rangpur Riders,Khulna Titans,AD Hales,CH Gayle,Junaid Khan,4,0,,,,,,,,,
1169403,2018/19,2019-01-22,"Shere Bangla National Stadium, Mirpur",2,1.3,Rangpur Riders,Khulna Titans,AD Hales,CH Gayle,Junaid Khan,1,0,,,,,,,,,
1169403,2018/19,2019-01-22,"Shere Bangla National Stadium, Mirpur",2,1.4,Rangpur Riders,Khulna Titans,CH Gayle,AD Hales,Junaid Khan,0,0,,,,,,,,,
1169403,2018/19,2019-01-22,"Shere Bangla National Stadium, Mirpur",2,1.5,Rangpur Riders,Khulna Titans,CH Gayle,AD Hales,Junaid Khan,1,0,,,,,,,,,
1169403,2018/19,2019-01-22,"Shere Bangla National Stadium, Mirpur",2,1.6,Rangpur Riders,Khulna Titans,AD Hales,CH Gayle,Junaid Khan,1,0,,,,,,,,,
1169403,2018/19,2019-01-22,"Shere Bangla National Stadium, Mirpur",2,2.1,Rangpur Riders,Khulna Titans,AD Hales,CH Gayle,Subashis Roy,4,0,,,,,,,,,
1169403,2018/19,2019-01-22,"Shere Bangla National Stadium, Mirpur",2,2.2,Rangpur Riders,Khulna Titans,AD Hales,CH Gayle,Subashis Roy,0,0,,,,,,,,,
1169403,2018/19,2019-01-22,"Shere Bangla National Stadium, Mirpur",2,2.3,Rangpur Riders,Khulna Titans,AD Hales,CH Gayle,Subashis Roy,4,0,,,,,,,,,
1169403,2018/19,2019-01-22,"Shere Bangla National Stadium, Mirpur",2,2.4,Rangpur Riders,Khulna Titans,AD Hales,CH Gayle,Subashis Roy,0,0,,,,,,,,,
1169403,2018/19,2019-01-22,"Shere Bangla National Stadium, Mirpur",2,2.5,Rangpur Riders,Khulna Titans,AD Hales,CH Gayle,Subashis Roy,4,0,,,,,,,,,
1169403,2018/19,2019-01-22,"Shere Bangla National Stadium, Mirpur",2,2.6,Rangpur Riders,Khulna Titans,AD Hales,CH Gayle,Subashis Roy,4,0,,,,,,,,,
1169403,2018/19,2019-01-22,"Shere Bangla National Stadium, Mirpur",2,3.1,Rangpur Riders,Khulna Titans,CH Gayle,AD Hales,Junaid Khan,1,0,,,,,,,,,
1169403,2018/19,2019-01-22,"Shere Bangla National Stadium, Mirpur",2,3.2,Rangpur Riders,Khulna Titans,AD Hales,CH Gayle,Junaid Khan,0,0,,,,,,,,,
1169403,2018/19,2019-01-22,"Shere Bangla National Stadium, Mirpur",2,3.3,Rangpur Riders,Khulna Titans,AD Hales,CH Gayle,Junaid Khan,6,0,,,,,,,,,
1169403,2018/19,2019-01-22,"Shere Bangla National Stadium, Mirpur",2,3.4,Rangpur Riders,Khulna Titans,AD Hales,CH Gayle,Junaid Khan,4,0,,,,,,,,,
1169403,2018/19,2019-01-22,"Shere Bangla National Stadium, Mirpur",2,3.5,Rangpur Riders,Khulna Titans,AD Hales,CH Gayle,Junaid Khan,0,0,,,,,,,,,
1169403,2018/19,2019-01-22,"Shere Bangla National Stadium, Mirpur",2,3.6,Rangpur Riders,Khulna Titans,AD Hales,CH Gayle,Junaid Khan,6,0,,,,,,,,,
1169403,2018/19,2019-01-22,"Shere Bangla National Stadium, Mirpur",2,4.1,Rangpur Riders,Khulna Titans,CH Gayle,AD Hales,D Wiese,1,0,,,,,,,,,
1169403,2018/19,2019-01-22,"Shere Bangla National Stadium, Mirpur",2,4.2,Rangpur Riders,Khulna Titans,AD Hales,CH Gayle,D Wiese,0,0,,,,,,,,,
1169403,2018/19,2019-01-22,"Shere Bangla National Stadium, Mirpur",2,4.3,Rangpur Riders,Khulna Titans,AD Hales,CH Gayle,D Wiese,4,0,,,,,,,,,
1169403,2018/19,2019-01-22,"Shere Bangla National Stadium, Mirpur",2,4.4,Rangpur Riders,Khulna Titans,AD Hales,CH Gayle,D Wiese,1,0,,,,,,,,,
1169403,2018/19,2019-01-22,"Shere Bangla National Stadium, Mirpur",2,4.5,Rangpur Riders,Khulna Titans,CH Gayle,AD Hales,D Wiese,0,0,,,,,,,,,
1169403,2018/19,2019-01-22,"Shere Bangla National Stadium, Mirpur",2,4.6,Rangpur Riders,Khulna Titans,CH Gayle,AD Hales,D Wiese,0,0,,,,,,,,,
1169403,2018/19,2019-01-22,"Shere Bangla National Stadium, Mirpur",2,5.1,Rangpur Riders,Khulna Titans,AD Hales,CH Gayle,Taijul Islam,0,0,,,,,,,,,
1169403,2018/19,2019-01-22,"Shere Bangla National Stadium, Mirpur",2,5.2,Rangpur Riders,Khulna Titans,AD Hales,CH Gayle,Taijul Islam,0,0,,,,,,,,,
1169403,2018/19,2019-01-22,"Shere Bangla National Stadium, Mirpur",2,5.3,Rangpur Riders,Khulna Titans,AD Hales,CH Gayle,Taijul Islam,0,0,,,,,,,,,
1169403,2018/19,2019-01-22,"Shere Bangla National Stadium, Mirpur",2,5.4,Rangpur Riders,Khulna Titans,AD Hales,CH Gayle,Taijul Islam,0,0,,,,,,,,,
1169403,2018/19,2019-01-22,"Shere Bangla National Stadium, Mirpur",2,5.5,Rangpur Riders,Khulna Titans,AD Hales,CH Gayle,Taijul Islam,4,0,,,,,,,,,
1169403,2018/19,2019-01-22,"Shere Bangla National Stadium, Mirpur",2,5.6,Rangpur Riders,Khulna Titans,AD Hales,CH Gayle,Taijul Islam,6,0,,,,,,,,,
1169403,2018/19,2019-01-22,"Shere Bangla National Stadium, Mirpur",2,6.1,Rangpur Riders,Khulna Titans,CH Gayle,AD Hales,D Wiese,0,0,,,,,,,,,
1169403,2018/19,2019-01-22,"Shere Bangla National Stadium, Mirpur",2,6.2,Rangpur Riders,Khulna Titans,CH Gayle,AD Hales,D Wiese,4,0,,,,,,,,,
1169403,2018/19,2019-01-22,"Shere Bangla National Stadium, Mirpur",2,6.3,Rangpur Riders,Khulna Titans,CH Gayle,AD Hales,D Wiese,1,0,,,,,,,,,
1169403,2018/19,2019-01-22,"Shere Bangla National Stadium, Mirpur",2,6.4,Rangpur Riders,Khulna Titans,AD Hales,CH Gayle,D Wiese,1,0,,,,,,,,,
1169403,2018/19,2019-01-22,"Shere Bangla National Stadium, Mirpur",2,6.5,Rangpur Riders,Khulna Titans,CH Gayle,AD Hales,D Wiese,1,0,,,,,,,,,
1169403,2018/19,2019-01-22,"Shere Bangla National Stadium, Mirpur",2,6.6,Rangpur Riders,Khulna Titans,AD Hales,CH Gayle,D Wiese,0,0,,,,,,,,,
1169403,2018/19,2019-01-22,"Shere Bangla National Stadium, Mirpur",2,7.1,Rangpur Riders,Khulna Titans,CH Gayle,AD Hales,Yasir Shah,6,0,,,,,,,,,
1169403,2018/19,2019-01-22,"Shere Bangla National Stadium, Mirpur",2,7.2,Rangpur Riders,Khulna Titans,CH Gayle,AD Hales,Yasir Shah,6,0,,,,,,,,,
1169403,2018/19,2019-01-22,"Shere Bangla National Stadium, Mirpur",2,7.3,Rangpur Riders,Khulna Titans,CH Gayle,AD Hales,Yasir Shah,1,0,,,,,,,,,
1169403,2018/19,2019-01-22,"Shere Bangla National Stadium, Mirpur",2,7.4,Rangpur Riders,Khulna Titans,AD Hales,CH Gayle,Yasir Shah,0,0,,,,,,bowled,AD Hales,,
1169403,2018/19,2019-01-22,"Shere Bangla National Stadium, Mirpur",2,7.5,Rangpur Riders,Khulna Titans,AB de Villiers,CH Gayle,Yasir Shah,0,0,,,,,,,,,
1169403,2018/19,2019-01-22,"Shere Bangla National Stadium, Mirpur",2,7.6,Rangpur Riders,Khulna Titans,AB de Villiers,CH Gayle,Yasir Shah,4,0,,,,,,,,,
1169403,2018/19,2019-01-22,"Shere Bangla National Stadium, Mirpur",2,8.1,Rangpur Riders,Khulna Titans,CH Gayle,AB de Villiers,D Wiese,1,0,,,,,,,,,
1169403,2018/19,2019-01-22,"Shere Bangla National Stadium, Mirpur",2,8.2,Rangpur Riders,Khulna Titans,AB de Villiers,CH Gayle,D Wiese,0,0,,,,,,,,,
1169403,2018/19,2019-01-22,"Shere Bangla National Stadium, Mirpur",2,8.3,Rangpur Riders,Khulna Titans,AB de Villiers,CH Gayle,D Wiese,0,0,,,,,,,,,
1169403,2018/19,2019-01-22,"Shere Bangla National Stadium, Mirpur",2,8.4,Rangpur Riders,Khulna Titans,AB de Villiers,CH Gayle,D Wiese,0,0,,,,,,,,,
1169403,2018/19,2019-01-22,"Shere Bangla National Stadium, Mirpur",2,8.5,Rangpur Riders,Khulna Titans,AB de Villiers,CH Gayle,D Wiese,6,0,,,,,,,,,
1169403,2018/19,2019-01-22,"Shere Bangla National Stadium, Mirpur",2,8.6,Rangpur Riders,Khulna Titans,AB de Villiers,CH Gayle,D Wiese,1,0,,,,,,,,,
1169403,2018/19,2019-01-22,"Shere Bangla National Stadium, Mirpur",2,9.1,Rangpur Riders,Khulna Titans,AB de Villiers,CH Gayle,Yasir Shah,0,0,,,,,,,,,
1169403,2018/19,2019-01-22,"Shere Bangla National Stadium, Mirpur",2,9.2,Rangpur Riders,Khulna Titans,AB de Villiers,CH Gayle,Yasir Shah,2,0,,,,,,,,,
1169403,2018/19,2019-01-22,"Shere Bangla National Stadium, Mirpur",2,9.3,Rangpur Riders,Khulna Titans,AB de Villiers,CH Gayle,Yasir Shah,0,0,,,,,,,,,
1169403,2018/19,2019-01-22,"Shere Bangla National Stadium, Mirpur",2,9.4,Rangpur Riders,Khulna Titans,AB de Villiers,CH Gayle,Yasir Shah,0,0,,,,,,,,,
1169403,2018/19,2019-01-22,"Shere Bangla National Stadium, Mirpur",2,9.5,Rangpur Riders,Khulna Titans,AB de Villiers,CH Gayle,Yasir Shah,6,0,,,,,,,,,
1169403,2018/19,2019-01-22,"Shere Bangla National Stadium, Mirpur",2,9.6,Rangpur Riders,Khulna Titans,AB de Villiers,CH Gayle,Yasir Shah,1,0,,,,,,,,,
1169403,2018/19,2019-01-22,"Shere Bangla National Stadium, Mirpur",2,10.1,Rangpur Riders,Khulna Titans,AB de Villiers,CH Gayle,Subashis Roy,0,0,,,,,,,,,
1169403,2018/19,2019-01-22,"Shere Bangla National Stadium, Mirpur",2,10.2,Rangpur Riders,Khulna Titans,AB de Villiers,CH Gayle,Subashis Roy,0,0,,,,,,,,,
1169403,2018/19,2019-01-22,"Shere Bangla National Stadium, Mirpur",2,10.3,Rangpur Riders,Khulna Titans,AB de Villiers,CH Gayle,Subashis Roy,0,0,,,,,,,,,
1169403,2018/19,2019-01-22,"Shere Bangla National Stadium, Mirpur",2,10.4,Rangpur Riders,Khulna Titans,AB de Villiers,CH Gayle,Subashis Roy,6,0,,,,,,,,,
1169403,2018/19,2019-01-22,"Shere Bangla National Stadium, Mirpur",2,10.5,Rangpur Riders,Khulna Titans,AB de Villiers,CH Gayle,Subashis Roy,1,0,,,,,,,,,
1169403,2018/19,2019-01-22,"Shere Bangla National Stadium, Mirpur",2,10.6,Rangpur Riders,Khulna Titans,CH Gayle,AB de Villiers,Subashis Roy,0,0,,,,,,,,,
1169403,2018/19,2019-01-22,"Shere Bangla National Stadium, Mirpur",2,11.1,Rangpur Riders,Khulna Titans,AB de Villiers,CH Gayle,Yasir Shah,0,0,,,,,,,,,
1169403,2018/19,2019-01-22,"Shere Bangla National Stadium, Mirpur",2,11.2,Rangpur Riders,Khulna Titans,AB de Villiers,CH Gayle,Yasir Shah,0,0,,,,,,,,,
1169403,2018/19,2019-01-22,"Shere Bangla National Stadium, Mirpur",2,11.3,Rangpur Riders,Khulna Titans,AB de Villiers,CH Gayle,Yasir Shah,4,0,,,,,,,,,
1169403,2018/19,2019-01-22,"Shere Bangla National Stadium, Mirpur",2,11.4,Rangpur Riders,Khulna Titans,AB de Villiers,CH Gayle,Yasir Shah,0,0,,,,,,,,,
1169403,2018/19,2019-01-22,"Shere Bangla National Stadium, Mirpur",2,11.5,Rangpur Riders,Khulna Titans,AB de Villiers,CH Gayle,Yasir Shah,4,0,,,,,,,,,
1169403,2018/19,2019-01-22,"Shere Bangla National Stadium, Mirpur",2,11.6,Rangpur Riders,Khulna Titans,AB de Villiers,CH Gayle,Yasir Shah,6,0,,,,,,,,,
1169403,2018/19,2019-01-22,"Shere Bangla National Stadium, Mirpur",2,12.1,Rangpur Riders,Khulna Titans,CH Gayle,AB de Villiers,Mahmudullah,1,0,,,,,,,,,
1169403,2018/19,2019-01-22,"Shere Bangla National Stadium, Mirpur",2,12.2,Rangpur Riders,Khulna Titans,AB de Villiers,CH Gayle,Mahmudullah,0,0,,,,,,lbw,AB de Villiers,,
1169403,2018/19,2019-01-22,"Shere Bangla National Stadium, Mirpur",2,12.3,Rangpur Riders,Khulna Titans,Mohammad Mithun,CH Gayle,Mahmudullah,1,0,,,,,,,,,
1169403,2018/19,2019-01-22,"Shere Bangla National Stadium, Mirpur",2,12.4,Rangpur Riders,Khulna Titans,CH Gayle,Mohammad Mithun,Mahmudullah,1,0,,,,,,,,,
1169403,2018/19,2019-01-22,"Shere Bangla National Stadium, Mirpur",2,12.5,Rangpur Riders,Khulna Titans,Mohammad Mithun,CH Gayle,Mahmudullah,0,0,,,,,,,,,
1169403,2018/19,2019-01-22,"Shere Bangla National Stadium, Mirpur",2,12.6,Rangpur Riders,Khulna Titans,Mohammad Mithun,CH Gayle,Mahmudullah,1,0,,,,,,,,,
1169403,2018/19,2019-01-22,"Shere Bangla National Stadium, Mirpur",2,13.1,Rangpur Riders,Khulna Titans,Mohammad Mithun,CH Gayle,Subashis Roy,0,0,,,,,,,,,
1169403,2018/19,2019-01-22,"Shere Bangla National Stadium, Mirpur",2,13.2,Rangpur Riders,Khulna Titans,Mohammad Mithun,CH Gayle,Subashis Roy,1,0,,,,,,,,,
1169403,2018/19,2019-01-22,"Shere Bangla National Stadium, Mirpur",2,13.3,Rangpur Riders,Khulna Titans,CH Gayle,Mohammad Mithun,Subashis Roy,0,1,1,,,,,,,,
1169403,2018/19,2019-01-22,"Shere Bangla National Stadium, Mirpur",2,13.4,Rangpur Riders,Khulna Titans,CH Gayle,Mohammad Mithun,Subashis Roy,0,0,,,,,,,,,
1169403,2018/19,2019-01-22,"Shere Bangla National Stadium, Mirpur",2,13.5,Rangpur Riders,Khulna Titans,CH Gayle,Mohammad Mithun,Subashis Roy,0,1,1,,,,,,,,
1169403,2018/19,2019-01-22,"Shere Bangla National Stadium, Mirpur",2,13.6,Rangpur Riders,Khulna Titans,CH Gayle,Mohammad Mithun,Subashis Roy,0,0,,,,,,,,,
1169403,2018/19,2019-01-22,"Shere Bangla National Stadium, Mirpur",2,13.7,Rangpur Riders,Khulna Titans,CH Gayle,Mohammad Mithun,Subashis Roy,1,0,,,,,,,,,
1169403,2018/19,2019-01-22,"Shere Bangla National Stadium, Mirpur",2,13.8,Rangpur Riders,Khulna Titans,Mohammad Mithun,CH Gayle,Subashis Roy,1,0,,,,,,,,,
1169403,2018/19,2019-01-22,"Shere Bangla National Stadium, Mirpur",2,14.1,Rangpur Riders,Khulna Titans,Mohammad Mithun,CH Gayle,Mahmudullah,1,0,,,,,,,,,
1169403,2018/19,2019-01-22,"Shere Bangla National Stadium, Mirpur",2,14.2,Rangpur Riders,Khulna Titans,CH Gayle,Mohammad Mithun,Mahmudullah,0,0,,,,,,,,,
1169403,2018/19,2019-01-22,"Shere Bangla National Stadium, Mirpur",2,14.3,Rangpur Riders,Khulna Titans,CH Gayle,Mohammad Mithun,Mahmudullah,1,0,,,,,,,,,
1169403,2018/19,2019-01-22,"Shere Bangla National Stadium, Mirpur",2,14.4,Rangpur Riders,Khulna Titans,Mohammad Mithun,CH Gayle,Mahmudullah,0,1,1,,,,,,,,
1169403,2018/19,2019-01-22,"Shere Bangla National Stadium, Mirpur",2,14.5,Rangpur Riders,Khulna Titans,Mohammad Mithun,CH Gayle,Mahmudullah,1,0,,,,,,,,,
1169403,2018/19,2019-01-22,"Shere Bangla National Stadium, Mirpur",2,14.6,Rangpur Riders,Khulna Titans,CH Gayle,Mohammad Mithun,Mahmudullah,0,0,,,,,,,,,
1169403,2018/19,2019-01-22,"Shere Bangla National Stadium, Mirpur",2,14.7,Rangpur Riders,Khulna Titans,CH Gayle,Mohammad Mithun,Mahmudullah,0,0,,,,,,,,,
1169403,2018/19,2019-01-22,"Shere Bangla National Stadium, Mirpur",2,15.1,Rangpur Riders,Khulna Titans,Mohammad Mithun,CH Gayle,Junaid Khan,0,0,,,,,,,,,
1169403,2018/19,2019-01-22,"Shere Bangla National Stadium, Mirpur",2,15.2,Rangpur Riders,Khulna Titans,Mohammad Mithun,CH Gayle,Junaid Khan,1,0,,,,,,,,,
1169403,2018/19,2019-01-22,"Shere Bangla National Stadium, Mirpur",2,15.3,Rangpur Riders,Khulna Titans,CH Gayle,Mohammad Mithun,Junaid Khan,1,0,,,,,,,,,
1169403,2018/19,2019-01-22,"Shere Bangla National Stadium, Mirpur",2,15.4,Rangpur Riders,Khulna Titans,Mohammad Mithun,CH Gayle,Junaid Khan,4,0,,,,,,,,,
1169403,2018/19,2019-01-22,"Shere Bangla National Stadium, Mirpur",2,15.5,Rangpur Riders,Khulna Titans,Mohammad Mithun,CH Gayle,Junaid Khan,0,0,,,,,,,,,
1169403,2018/19,2019-01-22,"Shere Bangla National Stadium, Mirpur",2,15.6,Rangpur Riders,Khulna Titans,Mohammad Mithun,CH Gayle,Junaid Khan,0,0,,,,,,,,,
1169403,2018/19,2019-01-22,"Shere Bangla National Stadium, Mirpur",2,16.1,Rangpur Riders,Khulna Titans,CH Gayle,Mohammad Mithun,Mahmudullah,6,0,,,,,,,,,
1169403,2018/19,2019-01-22,"Shere Bangla National Stadium, Mirpur",2,16.2,Rangpur Riders,Khulna Titans,CH Gayle,Mohammad Mithun,Mahmudullah,6,0,,,,,,,,,
1169403,2018/19,2019-01-22,"Shere Bangla National Stadium, Mirpur",2,16.3,Rangpur Riders,Khulna Titans,CH Gayle,Mohammad Mithun,Mahmudullah,1,0,,,,,,,,,
1169403,2018/19,2019-01-22,"Shere Bangla National Stadium, Mirpur",2,16.4,Rangpur Riders,Khulna Titans,Mohammad Mithun,CH Gayle,Mahmudullah,0,0,,,,,,,,,
1169403,2018/19,2019-01-22,"Shere Bangla National Stadium, Mirpur",2,16.5,Rangpur Riders,Khulna Titans,Mohammad Mithun,CH Gayle,Mahmudullah,1,0,,,,,,,,,
1169403,2018/19,2019-01-22,"Shere Bangla National Stadium, Mirpur",2,16.6,Rangpur Riders,Khulna Titans,CH Gayle,Mohammad Mithun,Mahmudullah,6,0,,,,,,,,,
1169403,2018/19,2019-01-22,"Shere Bangla National Stadium, Mirpur",2,17.1,Rangpur Riders,Khulna Titans,Mohammad Mithun,CH Gayle,D Wiese,1,0,,,,,,,,,
1169403,2018/19,2019-01-22,"Shere Bangla National Stadium, Mirpur",2,17.2,Rangpur Riders,Khulna Titans,CH Gayle,Mohammad Mithun,D Wiese,4,0,,,,,,,,,
1169403,2018/19,2019-01-22,"Shere Bangla National Stadium, Mirpur",2,17.3,Rangpur Riders,Khulna Titans,CH Gayle,Mohammad Mithun,D Wiese,0,1,1,,,,,,,,
1169403,2018/19,2019-01-22,"Shere Bangla National Stadium, Mirpur",2,17.4,Rangpur Riders,Khulna Titans,CH Gayle,Mohammad Mithun,D Wiese,0,1,1,,,,,,,,
1169403,2018/19,2019-01-22,"Shere Bangla National Stadium, Mirpur",2,17.5,Rangpur Riders,Khulna Titans,CH Gayle,Mohammad Mithun,D Wiese,0,0,,,,,,,,,
1169403,2018/19,2019-01-22,"Shere Bangla National Stadium, Mirpur",2,17.6,Rangpur Riders,Khulna Titans,CH Gayle,Mohammad Mithun,D Wiese,1,0,,,,,,,,,
1169403,2018/19,2019-01-22,"Shere Bangla National Stadium, Mirpur",2,17.7,Rangpur Riders,Khulna Titans,Mohammad Mithun,CH Gayle,D Wiese,1,0,,,,,,,,,
1169403,2018/19,2019-01-22,"Shere Bangla National Stadium, Mirpur",2,17.8,Rangpur Riders,Khulna Titans,CH Gayle,Mohammad Mithun,D Wiese,1,0,,,,,,,,,
1169403,2018/19,2019-01-22,"Shere Bangla National Stadium, Mirpur",2,18.1,Rangpur Riders,Khulna Titans,CH Gayle,Mohammad Mithun,Junaid Khan,1,0,,,,,,,,,
1169403,2018/19,2019-01-22,"Shere Bangla National Stadium, Mirpur",2,18.2,Rangpur Riders,Khulna Titans,Mohammad Mithun,CH Gayle,Junaid Khan,1,0,,,,,,,,,
1169403,2018/19,2019-01-22,"Shere Bangla National Stadium, Mirpur",2,18.3,Rangpur Riders,Khulna Titans,CH Gayle,Mohammad Mithun,Junaid Khan,0,0,,,,,,,,,
1169403,2018/19,2019-01-22,"Shere Bangla National Stadium, Mirpur",2,18.4,Rangpur Riders,Khulna Titans,CH Gayle,Mohammad Mithun,Junaid Khan,0,0,,,,,,caught,CH Gayle,,
1169403,2018/19,2019-01-22,"Shere Bangla National Stadium, Mirpur",2,18.5,Rangpur Riders,Khulna Titans,RR Rossouw,Mohammad Mithun,Junaid Khan,2,0,,,,,,,,,
1169403,2018/19,2019-01-22,"Shere Bangla National Stadium, Mirpur",2,18.6,Rangpur Riders,Khulna Titans,RR Rossouw,Mohammad Mithun,Junaid Khan,0,1,1,,,,,,,,
1169403,2018/19,2019-01-22,"Shere Bangla National Stadium, Mirpur",2,18.7,Rangpur Riders,Khulna Titans,RR Rossouw,Mohammad Mithun,Junaid Khan,2,0,,,,,,,,,
1169403,2018/19,2019-01-22,"Shere Bangla National Stadium, Mirpur",2,19.1,Rangpur Riders,Khulna Titans,Mohammad Mithun,RR Rossouw,Yasir Shah,0,0,,,,,,stumped,Mohammad Mithun,,
1169403,2018/19,2019-01-22,"Shere Bangla National Stadium, Mirpur",2,19.2,Rangpur Riders,Khulna Titans,Nahidul Islam,RR Rossouw,Yasir Shah,1,0,,,,,,,,,
1169403,2018/19,2019-01-22,"Shere Bangla National Stadium, Mirpur",2,19.3,Rangpur Riders,Khulna Titans,RR Rossouw,Nahidul Islam,Yasir Shah,6,0,,,,,,,,,
