match_id,season,start_date,venue,innings,ball,batting_team,bowling_team,striker,non_striker,bowler,runs_off_bat,extras,wides,noballs,byes,legbyes,penalty,wicket_type,player_dismissed,other_wicket_type,other_player_dismissed
1169401,2018/19,2019-01-21,"Shere Bangla National Stadium, Mirpur",1,0.1,Rajshahi Kings,Comilla Victorians,Shahriar Nafees,LJ Evans,Mohammad Saifuddin,1,0,,,,,,,,,
1169401,2018/19,2019-01-21,"Shere Bangla National Stadium, Mirpur",1,0.2,Rajshahi Kings,Comilla Victorians,LJ Evans,Shahriar Nafees,Mohammad Saifuddin,0,0,,,,,,,,,
1169401,2018/19,2019-01-21,"Shere Bangla National Stadium, Mirpur",1,0.3,Rajshahi Kings,Comilla Victorians,LJ Evans,Shahriar Nafees,Mohammad Saifuddin,0,0,,,,,,,,,
1169401,2018/19,2019-01-21,"Shere Bangla National Stadium, Mirpur",1,0.4,Rajshahi Kings,Comilla Victorians,LJ Evans,Shahriar Nafees,Mohammad Saifuddin,2,0,,,,,,,,,
1169401,2018/19,2019-01-21,"Shere Bangla National Stadium, Mirpur",1,0.5,Rajshahi Kings,Comilla Victorians,LJ Evans,Shahriar Nafees,Mohammad Saifuddin,0,0,,,,,,,,,
1169401,2018/19,2019-01-21,"Shere Bangla National Stadium, Mirpur",1,0.6,Rajshahi Kings,Comilla Victorians,LJ Evans,Shahriar Nafees,Mohammad Saifuddin,0,0,,,,,,,,,
1169401,2018/19,2019-01-21,"Shere Bangla National Stadium, Mirpur",1,1.1,Rajshahi Kings,Comilla Victorians,Shahriar Nafees,LJ Evans,Mahedi Hasan,0,0,,,,,,,,,
1169401,2018/19,2019-01-21,"Shere Bangla National Stadium, Mirpur",1,1.2,Rajshahi Kings,Comilla Victorians,Shahriar Nafees,LJ Evans,Mahedi Hasan,0,0,,,,,,,,,
1169401,2018/19,2019-01-21,"Shere Bangla National Stadium, Mirpur",1,1.3,Rajshahi Kings,Comilla Victorians,Shahriar Nafees,LJ Evans,Mahedi Hasan,0,0,,,,,,,,,
1169401,2018/19,2019-01-21,"Shere Bangla National Stadium, Mirpur",1,1.4,Rajshahi Kings,Comilla Victorians,Shahriar Nafees,LJ Evans,Mahedi Hasan,0,0,,,,,,,,,
1169401,2018/19,2019-01-21,"Shere Bangla National Stadium, Mirpur",1,1.5,Rajshahi Kings,Comilla Victorians,Shahriar Nafees,LJ Evans,Mahedi Hasan,4,0,,,,,,,,,
1169401,2018/19,2019-01-21,"Shere Bangla National Stadium, Mirpur",1,1.6,Rajshahi Kings,Comilla Victorians,Shahriar Nafees,LJ Evans,Mahedi Hasan,0,0,,,,,,bowled,Shahriar Nafees,,
1169401,2018/19,2019-01-21,"Shere Bangla National Stadium, Mirpur",1,2.1,Rajshahi Kings,Comilla Victorians,LJ Evans,Mehedi Hasan Miraz,Mohammad Saifuddin,0,0,,,,,,,,,
1169401,2018/19,2019-01-21,"Shere Bangla National Stadium, Mirpur",1,2.2,Rajshahi Kings,Comilla Victorians,LJ Evans,Mehedi Hasan Miraz,Mohammad Saifuddin,0,0,,,,,,,,,
1169401,2018/19,2019-01-21,"Shere Bangla National Stadium, Mirpur",1,2.3,Rajshahi Kings,Comilla Victorians,LJ Evans,Mehedi Hasan Miraz,Mohammad Saifuddin,4,0,,,,,,,,,
1169401,2018/19,2019-01-21,"Shere Bangla National Stadium, Mirpur",1,2.4,Rajshahi Kings,Comilla Victorians,LJ Evans,Mehedi Hasan Miraz,Mohammad Saifuddin,0,0,,,,,,,,,
1169401,2018/19,2019-01-21,"Shere Bangla National Stadium, Mirpur",1,2.5,Rajshahi Kings,Comilla Victorians,LJ Evans,Mehedi Hasan Miraz,Mohammad Saifuddin,1,0,,,,,,,,,
1169401,2018/19,2019-01-21,"Shere Bangla National Stadium, Mirpur",1,2.6,Rajshahi Kings,Comilla Victorians,Mehedi Hasan Miraz,LJ Evans,Mohammad Saifuddin,0,0,,,,,,,,,
1169401,2018/19,2019-01-21,"Shere Bangla National Stadium, Mirpur",1,3.1,Rajshahi Kings,Comilla Victorians,LJ Evans,Mehedi Hasan Miraz,LA Dawson,1,0,,,,,,,,,
1169401,2018/19,2019-01-21,"Shere Bangla National Stadium, Mirpur",1,3.2,Rajshahi Kings,Comilla Victorians,Mehedi Hasan Miraz,LJ Evans,LA Dawson,0,0,,,,,,,,,
1169401,2018/19,2019-01-21,"Shere Bangla National Stadium, Mirpur",1,3.3,Rajshahi Kings,Comilla Victorians,Mehedi Hasan Miraz,LJ Evans,LA Dawson,0,0,,,,,,caught,Mehedi Hasan Miraz,,
1169401,2018/19,2019-01-21,"Shere Bangla National Stadium, Mirpur",1,3.4,Rajshahi Kings,Comilla Victorians,Marshall Ayub,LJ Evans,LA Dawson,1,0,,,,,,,,,
1169401,2018/19,2019-01-21,"Shere Bangla National Stadium, Mirpur",1,3.5,Rajshahi Kings,Comilla Victorians,LJ Evans,Marshall Ayub,LA Dawson,0,0,,,,,,,,,
1169401,2018/19,2019-01-21,"Shere Bangla National Stadium, Mirpur",1,3.6,Rajshahi Kings,Comilla Victorians,LJ Evans,Marshall Ayub,LA Dawson,0,0,,,,,,,,,
1169401,2018/19,2019-01-21,"Shere Bangla National Stadium, Mirpur",1,4.1,Rajshahi Kings,Comilla Victorians,Marshall Ayub,LJ Evans,Wahab Riaz,0,0,,,,,,,,,
1169401,2018/19,2019-01-21,"Shere Bangla National Stadium, Mirpur",1,4.2,Rajshahi Kings,Comilla Victorians,Marshall Ayub,LJ Evans,Wahab Riaz,0,0,,,,,,,,,
1169401,2018/19,2019-01-21,"Shere Bangla National Stadium, Mirpur",1,4.3,Rajshahi Kings,Comilla Victorians,Marshall Ayub,LJ Evans,Wahab Riaz,1,0,,,,,,,,,
1169401,2018/19,2019-01-21,"Shere Bangla National Stadium, Mirpur",1,4.4,Rajshahi Kings,Comilla Victorians,LJ Evans,Marshall Ayub,Wahab Riaz,1,0,,,,,,,,,
1169401,2018/19,2019-01-21,"Shere Bangla National Stadium, Mirpur",1,4.5,Rajshahi Kings,Comilla Victorians,Marshall Ayub,LJ Evans,Wahab Riaz,0,0,,,,,,,,,
1169401,2018/19,2019-01-21,"Shere Bangla National Stadium, Mirpur",1,4.6,Rajshahi Kings,Comilla Victorians,Marshall Ayub,LJ Evans,Wahab Riaz,0,0,,,,,,,,,
1169401,2018/19,2019-01-21,"Shere Bangla National Stadium, Mirpur",1,5.1,Rajshahi Kings,Comilla Victorians,LJ Evans,Marshall Ayub,Shahid Afridi,4,0,,,,,,,,,
1169401,2018/19,2019-01-21,"Shere Bangla National Stadium, Mirpur",1,5.2,Rajshahi Kings,Comilla Victorians,LJ Evans,Marshall Ayub,Shahid Afridi,0,0,,,,,,,,,
1169401,2018/19,2019-01-21,"Shere Bangla National Stadium, Mirpur",1,5.3,Rajshahi Kings,Comilla Victorians,LJ Evans,Marshall Ayub,Shahid Afridi,4,0,,,,,,,,,
1169401,2018/19,2019-01-21,"Shere Bangla National Stadium, Mirpur",1,5.4,Rajshahi Kings,Comilla Victorians,LJ Evans,Marshall Ayub,Shahid Afridi,4,0,,,,,,,,,
1169401,2018/19,2019-01-21,"Shere Bangla National Stadium, Mirpur",1,5.5,Rajshahi Kings,Comilla Victorians,LJ Evans,Marshall Ayub,Shahid Afridi,0,0,,,,,,,,,
1169401,2018/19,2019-01-21,"Shere Bangla National Stadium, Mirpur",1,5.6,Rajshahi Kings,Comilla Victorians,LJ Evans,Marshall Ayub,Shahid Afridi,0,0,,,,,,,,,
1169401,2018/19,2019-01-21,"Shere Bangla National Stadium, Mirpur",1,6.1,Rajshahi Kings,Comilla Victorians,Marshall Ayub,LJ Evans,LA Dawson,0,0,,,,,,bowled,Marshall Ayub,,
1169401,2018/19,2019-01-21,"Shere Bangla National Stadium, Mirpur",1,6.2,Rajshahi Kings,Comilla Victorians,RN ten Doeschate,LJ Evans,LA Dawson,1,0,,,,,,,,,
1169401,2018/19,2019-01-21,"Shere Bangla National Stadium, Mirpur",1,6.3,Rajshahi Kings,Comilla Victorians,LJ Evans,RN ten Doeschate,LA Dawson,1,0,,,,,,,,,
1169401,2018/19,2019-01-21,"Shere Bangla National Stadium, Mirpur",1,6.4,Rajshahi Kings,Comilla Victorians,RN ten Doeschate,LJ Evans,LA Dawson,1,0,,,,,,,,,
1169401,2018/19,2019-01-21,"Shere Bangla National Stadium, Mirpur",1,6.5,Rajshahi Kings,Comilla Victorians,LJ Evans,RN ten Doeschate,LA Dawson,1,0,,,,,,,,,
1169401,2018/19,2019-01-21,"Shere Bangla National Stadium, Mirpur",1,6.6,Rajshahi Kings,Comilla Victorians,RN ten Doeschate,LJ Evans,LA Dawson,1,0,,,,,,,,,
1169401,2018/19,2019-01-21,"Shere Bangla National Stadium, Mirpur",1,7.1,Rajshahi Kings,Comilla Victorians,RN ten Doeschate,LJ Evans,Shahid Afridi,1,0,,,,,,,,,
1169401,2018/19,2019-01-21,"Shere Bangla National Stadium, Mirpur",1,7.2,Rajshahi Kings,Comilla Victorians,LJ Evans,RN ten Doeschate,Shahid Afridi,0,0,,,,,,,,,
1169401,2018/19,2019-01-21,"Shere Bangla National Stadium, Mirpur",1,7.3,Rajshahi Kings,Comilla Victorians,LJ Evans,RN ten Doeschate,Shahid Afridi,1,0,,,,,,,,,
1169401,2018/19,2019-01-21,"Shere Bangla National Stadium, Mirpur",1,7.4,Rajshahi Kings,Comilla Victorians,RN ten Doeschate,LJ Evans,Shahid Afridi,0,0,,,,,,,,,
1169401,2018/19,2019-01-21,"Shere Bangla National Stadium, Mirpur",1,7.5,Rajshahi Kings,Comilla Victorians,RN ten Doeschate,LJ Evans,Shahid Afridi,1,0,,,,,,,,,
1169401,2018/19,2019-01-21,"Shere Bangla National Stadium, Mirpur",1,7.6,Rajshahi Kings,Comilla Victorians,LJ Evans,RN ten Doeschate,Shahid Afridi,0,0,,,,,,,,,
1169401,2018/19,2019-01-21,"Shere Bangla National Stadium, Mirpur",1,8.1,Rajshahi Kings,Comilla Victorians,RN ten Doeschate,LJ Evans,LA Dawson,0,0,,,,,,,,,
1169401,2018/19,2019-01-21,"Shere Bangla National Stadium, Mirpur",1,8.2,Rajshahi Kings,Comilla Victorians,RN ten Doeschate,LJ Evans,LA Dawson,0,0,,,,,,,,,
1169401,2018/19,2019-01-21,"Shere Bangla National Stadium, Mirpur",1,8.3,Rajshahi Kings,Comilla Victorians,RN ten Doeschate,LJ Evans,LA Dawson,1,0,,,,,,,,,
1169401,2018/19,2019-01-21,"Shere Bangla National Stadium, Mirpur",1,8.4,Rajshahi Kings,Comilla Victorians,LJ Evans,RN ten Doeschate,LA Dawson,1,0,,,,,,,,,
1169401,2018/19,2019-01-21,"Shere Bangla National Stadium, Mirpur",1,8.5,Rajshahi Kings,Comilla Victorians,RN ten Doeschate,LJ Evans,LA Dawson,1,0,,,,,,,,,
1169401,2018/19,2019-01-21,"Shere Bangla National Stadium, Mirpur",1,8.6,Rajshahi Kings,Comilla Victorians,LJ Evans,RN ten Doeschate,LA Dawson,1,0,,,,,,,,,
1169401,2018/19,2019-01-21,"Shere Bangla National Stadium, Mirpur",1,9.1,Rajshahi Kings,Comilla Victorians,LJ Evans,RN ten Doeschate,Shahid Afridi,0,0,,,,,,,,,
1169401,2018/19,2019-01-21,"Shere Bangla National Stadium, Mirpur",1,9.2,Rajshahi Kings,Comilla Victorians,LJ Evans,RN ten Doeschate,Shahid Afridi,1,0,,,,,,,,,
1169401,2018/19,2019-01-21,"Shere Bangla National Stadium, Mirpur",1,9.3,Rajshahi Kings,Comilla Victorians,RN ten Doeschate,LJ Evans,Shahid Afridi,0,0,,,,,,,,,
1169401,2018/19,2019-01-21,"Shere Bangla National Stadium, Mirpur",1,9.4,Rajshahi Kings,Comilla Victorians,RN ten Doeschate,LJ Evans,Shahid Afridi,4,0,,,,,,,,,
1169401,2018/19,2019-01-21,"Shere Bangla National Stadium, Mirpur",1,9.5,Rajshahi Kings,Comilla Victorians,RN ten Doeschate,LJ Evans,Shahid Afridi,1,0,,,,,,,,,
1169401,2018/19,2019-01-21,"Shere Bangla National Stadium, Mirpur",1,9.6,Rajshahi Kings,Comilla Victorians,LJ Evans,RN ten Doeschate,Shahid Afridi,4,0,,,,,,,,,
1169401,2018/19,2019-01-21,"Shere Bangla National Stadium, Mirpur",1,10.1,Rajshahi Kings,Comilla Victorians,RN ten Doeschate,LJ Evans,LA Dawson,0,0,,,,,,,,,
1169401,2018/19,2019-01-21,"Shere Bangla National Stadium, Mirpur",1,10.2,Rajshahi Kings,Comilla Victorians,RN ten Doeschate,LJ Evans,LA Dawson,1,0,,,,,,,,,
1169401,2018/19,2019-01-21,"Shere Bangla National Stadium, Mirpur",1,10.3,Rajshahi Kings,Comilla Victorians,LJ Evans,RN ten Doeschate,LA Dawson,1,0,,,,,,,,,
1169401,2018/19,2019-01-21,"Shere Bangla National Stadium, Mirpur",1,10.4,Rajshahi Kings,Comilla Victorians,RN ten Doeschate,LJ Evans,LA Dawson,2,0,,,,,,,,,
1169401,2018/19,2019-01-21,"Shere Bangla National Stadium, Mirpur",1,10.5,Rajshahi Kings,Comilla Victorians,RN ten Doeschate,LJ Evans,LA Dawson,4,0,,,,,,,,,
1169401,2018/19,2019-01-21,"Shere Bangla National Stadium, Mirpur",1,10.6,Rajshahi Kings,Comilla Victorians,RN ten Doeschate,LJ Evans,LA Dawson,1,0,,,,,,,,,
1169401,2018/19,2019-01-21,"Shere Bangla National Stadium, Mirpur",1,11.1,Rajshahi Kings,Comilla Victorians,RN ten Doeschate,LJ Evans,NLTC Perera,1,0,,,,,,,,,
1169401,2018/19,2019-01-21,"Shere Bangla National Stadium, Mirpur",1,11.2,Rajshahi Kings,Comilla Victorians,LJ Evans,RN ten Doeschate,NLTC Perera,2,0,,,,,,,,,
1169401,2018/19,2019-01-21,"Shere Bangla National Stadium, Mirpur",1,11.3,Rajshahi Kings,Comilla Victorians,LJ Evans,RN ten Doeschate,NLTC Perera,1,0,,,,,,,,,
1169401,2018/19,2019-01-21,"Shere Bangla National Stadium, Mirpur",1,11.4,Rajshahi Kings,Comilla Victorians,RN ten Doeschate,LJ Evans,NLTC Perera,1,0,,,,,,,,,
1169401,2018/19,2019-01-21,"Shere Bangla National Stadium, Mirpur",1,11.5,Rajshahi Kings,Comilla Victorians,LJ Evans,RN ten Doeschate,NLTC Perera,1,0,,,,,,,,,
1169401,2018/19,2019-01-21,"Shere Bangla National Stadium, Mirpur",1,11.6,Rajshahi Kings,Comilla Victorians,RN ten Doeschate,LJ Evans,NLTC Perera,1,0,,,,,,,,,
1169401,2018/19,2019-01-21,"Shere Bangla National Stadium, Mirpur",1,12.1,Rajshahi Kings,Comilla Victorians,RN ten Doeschate,LJ Evans,Wahab Riaz,0,0,,,,,,,,,
1169401,2018/19,2019-01-21,"Shere Bangla National Stadium, Mirpur",1,12.2,Rajshahi Kings,Comilla Victorians,RN ten Doeschate,LJ Evans,Wahab Riaz,0,0,,,,,,,,,
1169401,2018/19,2019-01-21,"Shere Bangla National Stadium, Mirpur",1,12.3,Rajshahi Kings,Comilla Victorians,RN ten Doeschate,LJ Evans,Wahab Riaz,1,0,,,,,,,,,
1169401,2018/19,2019-01-21,"Shere Bangla National Stadium, Mirpur",1,12.4,Rajshahi Kings,Comilla Victorians,LJ Evans,RN ten Doeschate,Wahab Riaz,0,1,,,,1,,,,,
1169401,2018/19,2019-01-21,"Shere Bangla National Stadium, Mirpur",1,12.5,Rajshahi Kings,Comilla Victorians,RN ten Doeschate,LJ Evans,Wahab Riaz,1,0,,,,,,,,,
1169401,2018/19,2019-01-21,"Shere Bangla National Stadium, Mirpur",1,12.6,Rajshahi Kings,Comilla Victorians,LJ Evans,RN ten Doeschate,Wahab Riaz,1,0,,,,,,,,,
1169401,2018/19,2019-01-21,"Shere Bangla National Stadium, Mirpur",1,13.1,Rajshahi Kings,Comilla Victorians,LJ Evans,RN ten Doeschate,NLTC Perera,0,0,,,,,,,,,
1169401,2018/19,2019-01-21,"Shere Bangla National Stadium, Mirpur",1,13.2,Rajshahi Kings,Comilla Victorians,LJ Evans,RN ten Doeschate,NLTC Perera,6,0,,,,,,,,,
1169401,2018/19,2019-01-21,"Shere Bangla National Stadium, Mirpur",1,13.3,Rajshahi Kings,Comilla Victorians,LJ Evans,RN ten Doeschate,NLTC Perera,1,0,,,,,,,,,
1169401,2018/19,2019-01-21,"Shere Bangla National Stadium, Mirpur",1,13.4,Rajshahi Kings,Comilla Victorians,RN ten Doeschate,LJ Evans,NLTC Perera,6,0,,,,,,,,,
1169401,2018/19,2019-01-21,"Shere Bangla National Stadium, Mirpur",1,13.5,Rajshahi Kings,Comilla Victorians,RN ten Doeschate,LJ Evans,NLTC Perera,0,1,1,,,,,,,,
1169401,2018/19,2019-01-21,"Shere Bangla National Stadium, Mirpur",1,13.6,Rajshahi Kings,Comilla Victorians,RN ten Doeschate,LJ Evans,NLTC Perera,1,0,,,,,,,,,
1169401,2018/19,2019-01-21,"Shere Bangla National Stadium, Mirpur",1,13.7,Rajshahi Kings,Comilla Victorians,LJ Evans,RN ten Doeschate,NLTC Perera,6,0,,,,,,,,,
1169401,2018/19,2019-01-21,"Shere Bangla National Stadium, Mirpur",1,14.1,Rajshahi Kings,Comilla Victorians,RN ten Doeschate,LJ Evans,Mohammad Saifuddin,1,0,,,,,,,,,
1169401,2018/19,2019-01-21,"Shere Bangla National Stadium, Mirpur",1,14.2,Rajshahi Kings,Comilla Victorians,LJ Evans,RN ten Doeschate,Mohammad Saifuddin,2,0,,,,,,,,,
1169401,2018/19,2019-01-21,"Shere Bangla National Stadium, Mirpur",1,14.3,Rajshahi Kings,Comilla Victorians,LJ Evans,RN ten Doeschate,Mohammad Saifuddin,1,0,,,,,,,,,
1169401,2018/19,2019-01-21,"Shere Bangla National Stadium, Mirpur",1,14.4,Rajshahi Kings,Comilla Victorians,RN ten Doeschate,LJ Evans,Mohammad Saifuddin,2,0,,,,,,,,,
1169401,2018/19,2019-01-21,"Shere Bangla National Stadium, Mirpur",1,14.5,Rajshahi Kings,Comilla Victorians,RN ten Doeschate,LJ Evans,Mohammad Saifuddin,1,0,,,,,,,,,
1169401,2018/19,2019-01-21,"Shere Bangla National Stadium, Mirpur",1,14.6,Rajshahi Kings,Comilla Victorians,LJ Evans,RN ten Doeschate,Mohammad Saifuddin,4,0,,,,,,,,,
1169401,2018/19,2019-01-21,"Shere Bangla National Stadium, Mirpur",1,15.1,Rajshahi Kings,Comilla Victorians,RN ten Doeschate,LJ Evans,Shahid Afridi,1,0,,,,,,,,,
1169401,2018/19,2019-01-21,"Shere Bangla National Stadium, Mirpur",1,15.2,Rajshahi Kings,Comilla Victorians,LJ Evans,RN ten Doeschate,Shahid Afridi,0,0,,,,,,,,,
1169401,2018/19,2019-01-21,"Shere Bangla National Stadium, Mirpur",1,15.3,Rajshahi Kings,Comilla Victorians,LJ Evans,RN ten Doeschate,Shahid Afridi,1,0,,,,,,,,,
1169401,2018/19,2019-01-21,"Shere Bangla National Stadium, Mirpur",1,15.4,Rajshahi Kings,Comilla Victorians,RN ten Doeschate,LJ Evans,Shahid Afridi,1,0,,,,,,,,,
1169401,2018/19,2019-01-21,"Shere Bangla National Stadium, Mirpur",1,15.5,Rajshahi Kings,Comilla Victorians,LJ Evans,RN ten Doeschate,Shahid Afridi,4,0,,,,,,,,,
1169401,2018/19,2019-01-21,"Shere Bangla National Stadium, Mirpur",1,15.6,Rajshahi Kings,Comilla Victorians,LJ Evans,RN ten Doeschate,Shahid Afridi,0,1,,,,1,,,,,
1169401,2018/19,2019-01-21,"Shere Bangla National Stadium, Mirpur",1,16.1,Rajshahi Kings,Comilla Victorians,LJ Evans,RN ten Doeschate,Wahab Riaz,1,0,,,,,,,,,
1169401,2018/19,2019-01-21,"Shere Bangla National Stadium, Mirpur",1,16.2,Rajshahi Kings,Comilla Victorians,RN ten Doeschate,LJ Evans,Wahab Riaz,1,0,,,,,,,,,
1169401,2018/19,2019-01-21,"Shere Bangla National Stadium, Mirpur",1,16.3,Rajshahi Kings,Comilla Victorians,LJ Evans,RN ten Doeschate,Wahab Riaz,2,0,,,,,,,,,
1169401,2018/19,2019-01-21,"Shere Bangla National Stadium, Mirpur",1,16.4,Rajshahi Kings,Comilla Victorians,LJ Evans,RN ten Doeschate,Wahab Riaz,6,0,,,,,,,,,
1169401,2018/19,2019-01-21,"Shere Bangla National Stadium, Mirpur",1,16.5,Rajshahi Kings,Comilla Victorians,LJ Evans,RN ten Doeschate,Wahab Riaz,1,0,,,,,,,,,
1169401,2018/19,2019-01-21,"Shere Bangla National Stadium, Mirpur",1,16.6,Rajshahi Kings,Comilla Victorians,RN ten Doeschate,LJ Evans,Wahab Riaz,6,0,,,,,,,,,
1169401,2018/19,2019-01-21,"Shere Bangla National Stadium, Mirpur",1,17.1,Rajshahi Kings,Comilla Victorians,LJ Evans,RN ten Doeschate,Mohammad Saifuddin,2,0,,,,,,,,,
1169401,2018/19,2019-01-21,"Shere Bangla National Stadium, Mirpur",1,17.2,Rajshahi Kings,Comilla Victorians,LJ Evans,RN ten Doeschate,Mohammad Saifuddin,1,0,,,,,,,,,
1169401,2018/19,2019-01-21,"Shere Bangla National Stadium, Mirpur",1,17.3,Rajshahi Kings,Comilla Victorians,RN ten Doeschate,LJ Evans,Mohammad Saifuddin,1,0,,,,,,,,,
1169401,2018/19,2019-01-21,"Shere Bangla National Stadium, Mirpur",1,17.4,Rajshahi Kings,Comilla Victorians,LJ Evans,RN ten Doeschate,Mohammad Saifuddin,0,0,,,,,,,,,
1169401,2018/19,2019-01-21,"Shere Bangla National Stadium, Mirpur",1,17.5,Rajshahi Kings,Comilla Victorians,LJ Evans,RN ten Doeschate,Mohammad Saifuddin,6,0,,,,,,,,,
1169401,2018/19,2019-01-21,"Shere Bangla National Stadium, Mirpur",1,17.6,Rajshahi Kings,Comilla Victorians,LJ Evans,RN ten Doeschate,Mohammad Saifuddin,2,0,,,,,,,,,
1169401,2018/19,2019-01-21,"Shere Bangla National Stadium, Mirpur",1,18.1,Rajshahi Kings,Comilla Victorians,RN ten Doeschate,LJ Evans,Wahab Riaz,0,1,1,,,,,,,,
1169401,2018/19,2019-01-21,"Shere Bangla National Stadium, Mirpur",1,18.2,Rajshahi Kings,Comilla Victorians,RN ten Doeschate,LJ Evans,Wahab Riaz,2,0,,,,,,,,,
1169401,2018/19,2019-01-21,"Shere Bangla National Stadium, Mirpur",1,18.3,Rajshahi Kings,Comilla Victorians,RN ten Doeschate,LJ Evans,Wahab Riaz,0,1,1,,,,,,,,
1169401,2018/19,2019-01-21,"Shere Bangla National Stadium, Mirpur",1,18.4,Rajshahi Kings,Comilla Victorians,RN ten Doeschate,LJ Evans,Wahab Riaz,1,0,,,,,,,,,
1169401,2018/19,2019-01-21,"Shere Bangla National Stadium, Mirpur",1,18.5,Rajshahi Kings,Comilla Victorians,LJ Evans,RN ten Doeschate,Wahab Riaz,6,0,,,,,,,,,
1169401,2018/19,2019-01-21,"Shere Bangla National Stadium, Mirpur",1,18.6,Rajshahi Kings,Comilla Victorians,LJ Evans,RN ten Doeschate,Wahab Riaz,0,1,1,,,,,,,,
1169401,2018/19,2019-01-21,"Shere Bangla National Stadium, Mirpur",1,18.7,Rajshahi Kings,Comilla Victorians,LJ Evans,RN ten Doeschate,Wahab Riaz,6,0,,,,,,,,,
1169401,2018/19,2019-01-21,"Shere Bangla National Stadium, Mirpur",1,18.8,Rajshahi Kings,Comilla Victorians,LJ Evans,RN ten Doeschate,Wahab Riaz,0,0,,,,,,,,,
1169401,2018/19,2019-01-21,"Shere Bangla National Stadium, Mirpur",1,18.9,Rajshahi Kings,Comilla Victorians,LJ Evans,RN ten Doeschate,Wahab Riaz,4,0,,,,,,,,,
1169401,2018/19,2019-01-21,"Shere Bangla National Stadium, Mirpur",1,19.1,Rajshahi Kings,Comilla Victorians,RN ten Doeschate,LJ Evans,NLTC Perera,1,0,,,,,,,,,
1169401,2018/19,2019-01-21,"Shere Bangla National Stadium, Mirpur",1,19.2,Rajshahi Kings,Comilla Victorians,LJ Evans,RN ten Doeschate,NLTC Perera,1,0,,,,,,,,,
1169401,2018/19,2019-01-21,"Shere Bangla National Stadium, Mirpur",1,19.3,Rajshahi Kings,Comilla Victorians,RN ten Doeschate,LJ Evans,NLTC Perera,6,0,,,,,,,,,
1169401,2018/19,2019-01-21,"Shere Bangla National Stadium, Mirpur",1,19.4,Rajshahi Kings,Comilla Victorians,RN ten Doeschate,LJ Evans,NLTC Perera,2,0,,,,,,,,,
1169401,2018/19,2019-01-21,"Shere Bangla National Stadium, Mirpur",1,19.5,Rajshahi Kings,Comilla Victorians,RN ten Doeschate,LJ Evans,NLTC Perera,1,0,,,,,,,,,
1169401,2018/19,2019-01-21,"Shere Bangla National Stadium, Mirpur",1,19.6,Rajshahi Kings,Comilla Victorians,LJ Evans,RN ten Doeschate,NLTC Perera,4,0,,,,,,,,,
1169401,2018/19,2019-01-21,"Shere Bangla National Stadium, Mirpur",2,0.1,Comilla Victorians,Rajshahi Kings,Tamim Iqbal,Anamul Haque,Kamrul Islam Rabbi,0,0,,,,,,,,,
1169401,2018/19,2019-01-21,"Shere Bangla National Stadium, Mirpur",2,0.2,Comilla Victorians,Rajshahi Kings,Tamim Iqbal,Anamul Haque,Kamrul Islam Rabbi,0,0,,,,,,,,,
1169401,2018/19,2019-01-21,"Shere Bangla National Stadium, Mirpur",2,0.3,Comilla Victorians,Rajshahi Kings,Tamim Iqbal,Anamul Haque,Kamrul Islam Rabbi,0,0,,,,,,,,,
1169401,2018/19,2019-01-21,"Shere Bangla National Stadium, Mirpur",2,0.4,Comilla Victorians,Rajshahi Kings,Tamim Iqbal,Anamul Haque,Kamrul Islam Rabbi,0,0,,,,,,,,,
1169401,2018/19,2019-01-21,"Shere Bangla National Stadium, Mirpur",2,0.5,Comilla Victorians,Rajshahi Kings,Tamim Iqbal,Anamul Haque,Kamrul Islam Rabbi,0,0,,,,,,,,,
1169401,2018/19,2019-01-21,"Shere Bangla National Stadium, Mirpur",2,0.6,Comilla Victorians,Rajshahi Kings,Tamim Iqbal,Anamul Haque,Kamrul Islam Rabbi,1,0,,,,,,,,,
1169401,2018/19,2019-01-21,"Shere Bangla National Stadium, Mirpur",2,1.1,Comilla Victorians,Rajshahi Kings,Tamim Iqbal,Anamul Haque,Mehedi Hasan Miraz,1,0,,,,,,,,,
1169401,2018/19,2019-01-21,"Shere Bangla National Stadium, Mirpur",2,1.2,Comilla Victorians,Rajshahi Kings,Anamul Haque,Tamim Iqbal,Mehedi Hasan Miraz,3,0,,,,,,,,,
1169401,2018/19,2019-01-21,"Shere Bangla National Stadium, Mirpur",2,1.3,Comilla Victorians,Rajshahi Kings,Tamim Iqbal,Anamul Haque,Mehedi Hasan Miraz,0,0,,,,,,,,,
1169401,2018/19,2019-01-21,"Shere Bangla National Stadium, Mirpur",2,1.4,Comilla Victorians,Rajshahi Kings,Tamim Iqbal,Anamul Haque,Mehedi Hasan Miraz,0,0,,,,,,,,,
1169401,2018/19,2019-01-21,"Shere Bangla National Stadium, Mirpur",2,1.5,Comilla Victorians,Rajshahi Kings,Tamim Iqbal,Anamul Haque,Mehedi Hasan Miraz,4,0,,,,,,,,,
1169401,2018/19,2019-01-21,"Shere Bangla National Stadium, Mirpur",2,1.6,Comilla Victorians,Rajshahi Kings,Tamim Iqbal,Anamul Haque,Mehedi Hasan Miraz,1,0,,,,,,,,,
1169401,2018/19,2019-01-21,"Shere Bangla National Stadium, Mirpur",2,2.1,Comilla Victorians,Rajshahi Kings,Tamim Iqbal,Anamul Haque,Qais Ahmad,1,0,,,,,,,,,
1169401,2018/19,2019-01-21,"Shere Bangla National Stadium, Mirpur",2,2.2,Comilla Victorians,Rajshahi Kings,Anamul Haque,Tamim Iqbal,Qais Ahmad,1,0,,,,,,,,,
1169401,2018/19,2019-01-21,"Shere Bangla National Stadium, Mirpur",2,2.3,Comilla Victorians,Rajshahi Kings,Tamim Iqbal,Anamul Haque,Qais Ahmad,6,0,,,,,,,,,
1169401,2018/19,2019-01-21,"Shere Bangla National Stadium, Mirpur",2,2.4,Comilla Victorians,Rajshahi Kings,Tamim Iqbal,Anamul Haque,Qais Ahmad,1,0,,,,,,,,,
1169401,2018/19,2019-01-21,"Shere Bangla National Stadium, Mirpur",2,2.5,Comilla Victorians,Rajshahi Kings,Anamul Haque,Tamim Iqbal,Qais Ahmad,1,0,,,,,,,,,
1169401,2018/19,2019-01-21,"Shere Bangla National Stadium, Mirpur",2,2.6,Comilla Victorians,Rajshahi Kings,Tamim Iqbal,Anamul Haque,Qais Ahmad,6,0,,,,,,,,,
1169401,2018/19,2019-01-21,"Shere Bangla National Stadium, Mirpur",2,3.1,Comilla Victorians,Rajshahi Kings,Anamul Haque,Tamim Iqbal,Mustafizur Rahman,1,0,,,,,,,,,
1169401,2018/19,2019-01-21,"Shere Bangla National Stadium, Mirpur",2,3.2,Comilla Victorians,Rajshahi Kings,Tamim Iqbal,Anamul Haque,Mustafizur Rahman,0,0,,,,,,,,,
1169401,2018/19,2019-01-21,"Shere Bangla National Stadium, Mirpur",2,3.3,Comilla Victorians,Rajshahi Kings,Tamim Iqbal,Anamul Haque,Mustafizur Rahman,0,0,,,,,,,,,
1169401,2018/19,2019-01-21,"Shere Bangla National Stadium, Mirpur",2,3.4,Comilla Victorians,Rajshahi Kings,Tamim Iqbal,Anamul Haque,Mustafizur Rahman,0,0,,,,,,,,,
1169401,2018/19,2019-01-21,"Shere Bangla National Stadium, Mirpur",2,3.5,Comilla Victorians,Rajshahi Kings,Tamim Iqbal,Anamul Haque,Mustafizur Rahman,0,0,,,,,,,,,
1169401,2018/19,2019-01-21,"Shere Bangla National Stadium, Mirpur",2,3.6,Comilla Victorians,Rajshahi Kings,Tamim Iqbal,Anamul Haque,Mustafizur Rahman,0,0,,,,,,,,,
1169401,2018/19,2019-01-21,"Shere Bangla National Stadium, Mirpur",2,4.1,Comilla Victorians,Rajshahi Kings,Anamul Haque,Tamim Iqbal,Mehedi Hasan Miraz,0,0,,,,,,,,,
1169401,2018/19,2019-01-21,"Shere Bangla National Stadium, Mirpur",2,4.2,Comilla Victorians,Rajshahi Kings,Anamul Haque,Tamim Iqbal,Mehedi Hasan Miraz,2,0,,,,,,,,,
1169401,2018/19,2019-01-21,"Shere Bangla National Stadium, Mirpur",2,4.3,Comilla Victorians,Rajshahi Kings,Anamul Haque,Tamim Iqbal,Mehedi Hasan Miraz,4,0,,,,,,,,,
1169401,2018/19,2019-01-21,"Shere Bangla National Stadium, Mirpur",2,4.4,Comilla Victorians,Rajshahi Kings,Anamul Haque,Tamim Iqbal,Mehedi Hasan Miraz,0,0,,,,,,,,,
1169401,2018/19,2019-01-21,"Shere Bangla National Stadium, Mirpur",2,4.5,Comilla Victorians,Rajshahi Kings,Anamul Haque,Tamim Iqbal,Mehedi Hasan Miraz,0,0,,,,,,,,,
1169401,2018/19,2019-01-21,"Shere Bangla National Stadium, Mirpur",2,4.6,Comilla Victorians,Rajshahi Kings,Anamul Haque,Tamim Iqbal,Mehedi Hasan Miraz,0,0,,,,,,,,,
1169401,2018/19,2019-01-21,"Shere Bangla National Stadium, Mirpur",2,5.1,Comilla Victorians,Rajshahi Kings,Tamim Iqbal,Anamul Haque,Kamrul Islam Rabbi,0,0,,,,,,,,,
1169401,2018/19,2019-01-21,"Shere Bangla National Stadium, Mirpur",2,5.2,Comilla Victorians,Rajshahi Kings,Tamim Iqbal,Anamul Haque,Kamrul Islam Rabbi,0,0,,,,,,,,,
1169401,2018/19,2019-01-21,"Shere Bangla National Stadium, Mirpur",2,5.3,Comilla Victorians,Rajshahi Kings,Tamim Iqbal,Anamul Haque,Kamrul Islam Rabbi,4,0,,,,,,,,,
1169401,2018/19,2019-01-21,"Shere Bangla National Stadium, Mirpur",2,5.4,Comilla Victorians,Rajshahi Kings,Tamim Iqbal,Anamul Haque,Kamrul Islam Rabbi,0,0,,,,,,caught,Tamim Iqbal,,
1169401,2018/19,2019-01-21,"Shere Bangla National Stadium, Mirpur",2,5.5,Comilla Victorians,Rajshahi Kings,Shamsur Rahman,Anamul Haque,Kamrul Islam Rabbi,2,0,,,,,,,,,
1169401,2018/19,2019-01-21,"Shere Bangla National Stadium, Mirpur",2,5.6,Comilla Victorians,Rajshahi Kings,Shamsur Rahman,Anamul Haque,Kamrul Islam Rabbi,0,0,,,,,,,,,
1169401,2018/19,2019-01-21,"Shere Bangla National Stadium, Mirpur",2,6.1,Comilla Victorians,Rajshahi Kings,Anamul Haque,Shamsur Rahman,Arafat Sunny,6,0,,,,,,,,,
1169401,2018/19,2019-01-21,"Shere Bangla National Stadium, Mirpur",2,6.2,Comilla Victorians,Rajshahi Kings,Anamul Haque,Shamsur Rahman,Arafat Sunny,1,0,,,,,,,,,
1169401,2018/19,2019-01-21,"Shere Bangla National Stadium, Mirpur",2,6.3,Comilla Victorians,Rajshahi Kings,Shamsur Rahman,Anamul Haque,Arafat Sunny,1,0,,,,,,,,,
1169401,2018/19,2019-01-21,"Shere Bangla National Stadium, Mirpur",2,6.4,Comilla Victorians,Rajshahi Kings,Anamul Haque,Shamsur Rahman,Arafat Sunny,1,0,,,,,,,,,
1169401,2018/19,2019-01-21,"Shere Bangla National Stadium, Mirpur",2,6.5,Comilla Victorians,Rajshahi Kings,Shamsur Rahman,Anamul Haque,Arafat Sunny,1,0,,,,,,,,,
1169401,2018/19,2019-01-21,"Shere Bangla National Stadium, Mirpur",2,6.6,Comilla Victorians,Rajshahi Kings,Anamul Haque,Shamsur Rahman,Arafat Sunny,1,0,,,,,,,,,
1169401,2018/19,2019-01-21,"Shere Bangla National Stadium, Mirpur",2,7.1,Comilla Victorians,Rajshahi Kings,Anamul Haque,Shamsur Rahman,Qais Ahmad,0,0,,,,,,,,,
1169401,2018/19,2019-01-21,"Shere Bangla National Stadium, Mirpur",2,7.2,Comilla Victorians,Rajshahi Kings,Anamul Haque,Shamsur Rahman,Qais Ahmad,1,0,,,,,,,,,
1169401,2018/19,2019-01-21,"Shere Bangla National Stadium, Mirpur",2,7.3,Comilla Victorians,Rajshahi Kings,Shamsur Rahman,Anamul Haque,Qais Ahmad,6,0,,,,,,,,,
1169401,2018/19,2019-01-21,"Shere Bangla National Stadium, Mirpur",2,7.4,Comilla Victorians,Rajshahi Kings,Shamsur Rahman,Anamul Haque,Qais Ahmad,1,0,,,,,,,,,
1169401,2018/19,2019-01-21,"Shere Bangla National Stadium, Mirpur",2,7.5,Comilla Victorians,Rajshahi Kings,Anamul Haque,Shamsur Rahman,Qais Ahmad,1,0,,,,,,,,,
1169401,2018/19,2019-01-21,"Shere Bangla National Stadium, Mirpur",2,7.6,Comilla Victorians,Rajshahi Kings,Shamsur Rahman,Anamul Haque,Qais Ahmad,2,0,,,,,,,,,
1169401,2018/19,2019-01-21,"Shere Bangla National Stadium, Mirpur",2,8.1,Comilla Victorians,Rajshahi Kings,Anamul Haque,Shamsur Rahman,Arafat Sunny,1,0,,,,,,,,,
1169401,2018/19,2019-01-21,"Shere Bangla National Stadium, Mirpur",2,8.2,Comilla Victorians,Rajshahi Kings,Shamsur Rahman,Anamul Haque,Arafat Sunny,1,0,,,,,,,,,
1169401,2018/19,2019-01-21,"Shere Bangla National Stadium, Mirpur",2,8.3,Comilla Victorians,Rajshahi Kings,Anamul Haque,Shamsur Rahman,Arafat Sunny,0,0,,,,,,,,,
1169401,2018/19,2019-01-21,"Shere Bangla National Stadium, Mirpur",2,8.4,Comilla Victorians,Rajshahi Kings,Anamul Haque,Shamsur Rahman,Arafat Sunny,0,0,,,,,,,,,
1169401,2018/19,2019-01-21,"Shere Bangla National Stadium, Mirpur",2,8.5,Comilla Victorians,Rajshahi Kings,Anamul Haque,Shamsur Rahman,Arafat Sunny,2,0,,,,,,,,,
1169401,2018/19,2019-01-21,"Shere Bangla National Stadium, Mirpur",2,8.6,Comilla Victorians,Rajshahi Kings,Anamul Haque,Shamsur Rahman,Arafat Sunny,0,0,,,,,,,,,
1169401,2018/19,2019-01-21,"Shere Bangla National Stadium, Mirpur",2,9.1,Comilla Victorians,Rajshahi Kings,Shamsur Rahman,Anamul Haque,RN ten Doeschate,0,1,,1,,,,,,,
1169401,2018/19,2019-01-21,"Shere Bangla National Stadium, Mirpur",2,9.2,Comilla Victorians,Rajshahi Kings,Shamsur Rahman,Anamul Haque,RN ten Doeschate,1,0,,,,,,,,,
1169401,2018/19,2019-01-21,"Shere Bangla National Stadium, Mirpur",2,9.3,Comilla Victorians,Rajshahi Kings,Anamul Haque,Shamsur Rahman,RN ten Doeschate,0,0,,,,,,caught,Anamul Haque,,
1169401,2018/19,2019-01-21,"Shere Bangla National Stadium, Mirpur",2,9.4,Comilla Victorians,Rajshahi Kings,Ziaur Rahman,Shamsur Rahman,RN ten Doeschate,0,0,,,,,,,,,
1169401,2018/19,2019-01-21,"Shere Bangla National Stadium, Mirpur",2,9.5,Comilla Victorians,Rajshahi Kings,Ziaur Rahman,Shamsur Rahman,RN ten Doeschate,0,0,,,,,,,,,
1169401,2018/19,2019-01-21,"Shere Bangla National Stadium, Mirpur",2,9.6,Comilla Victorians,Rajshahi Kings,Ziaur Rahman,Shamsur Rahman,RN ten Doeschate,0,0,,,,,,,,,
1169401,2018/19,2019-01-21,"Shere Bangla National Stadium, Mirpur",2,9.7,Comilla Victorians,Rajshahi Kings,Ziaur Rahman,Shamsur Rahman,RN ten Doeschate,4,0,,,,,,,,,
1169401,2018/19,2019-01-21,"Shere Bangla National Stadium, Mirpur",2,10.1,Comilla Victorians,Rajshahi Kings,Shamsur Rahman,Ziaur Rahman,Arafat Sunny,0,0,,,,,,caught,Shamsur Rahman,,
1169401,2018/19,2019-01-21,"Shere Bangla National Stadium, Mirpur",2,10.2,Comilla Victorians,Rajshahi Kings,Imrul Kayes,Ziaur Rahman,Arafat Sunny,6,0,,,,,,,,,
1169401,2018/19,2019-01-21,"Shere Bangla National Stadium, Mirpur",2,10.3,Comilla Victorians,Rajshahi Kings,Imrul Kayes,Ziaur Rahman,Arafat Sunny,4,0,,,,,,,,,
1169401,2018/19,2019-01-21,"Shere Bangla National Stadium, Mirpur",2,10.4,Comilla Victorians,Rajshahi Kings,Imrul Kayes,Ziaur Rahman,Arafat Sunny,1,0,,,,,,,,,
1169401,2018/19,2019-01-21,"Shere Bangla National Stadium, Mirpur",2,10.5,Comilla Victorians,Rajshahi Kings,Ziaur Rahman,Imrul Kayes,Arafat Sunny,1,0,,,,,,,,,
1169401,2018/19,2019-01-21,"Shere Bangla National Stadium, Mirpur",2,10.6,Comilla Victorians,Rajshahi Kings,Imrul Kayes,Ziaur Rahman,Arafat Sunny,1,0,,,,,,,,,
1169401,2018/19,2019-01-21,"Shere Bangla National Stadium, Mirpur",2,11.1,Comilla Victorians,Rajshahi Kings,Imrul Kayes,Ziaur Rahman,RN ten Doeschate,1,0,,,,,,,,,
1169401,2018/19,2019-01-21,"Shere Bangla National Stadium, Mirpur",2,11.2,Comilla Victorians,Rajshahi Kings,Ziaur Rahman,Imrul Kayes,RN ten Doeschate,6,0,,,,,,,,,
1169401,2018/19,2019-01-21,"Shere Bangla National Stadium, Mirpur",2,11.3,Comilla Victorians,Rajshahi Kings,Ziaur Rahman,Imrul Kayes,RN ten Doeschate,1,0,,,,,,,,,
1169401,2018/19,2019-01-21,"Shere Bangla National Stadium, Mirpur",2,11.4,Comilla Victorians,Rajshahi Kings,Imrul Kayes,Ziaur Rahman,RN ten Doeschate,1,0,,,,,,,,,
1169401,2018/19,2019-01-21,"Shere Bangla National Stadium, Mirpur",2,11.5,Comilla Victorians,Rajshahi Kings,Ziaur Rahman,Imrul Kayes,RN ten Doeschate,0,0,,,,,,caught,Ziaur Rahman,,
1169401,2018/19,2019-01-21,"Shere Bangla National Stadium, Mirpur",2,11.6,Comilla Victorians,Rajshahi Kings,LA Dawson,Imrul Kayes,RN ten Doeschate,0,0,,,,,,,,,
1169401,2018/19,2019-01-21,"Shere Bangla National Stadium, Mirpur",2,12.1,Comilla Victorians,Rajshahi Kings,Imrul Kayes,LA Dawson,Mehedi Hasan Miraz,1,0,,,,,,,,,
1169401,2018/19,2019-01-21,"Shere Bangla National Stadium, Mirpur",2,12.2,Comilla Victorians,Rajshahi Kings,LA Dawson,Imrul Kayes,Mehedi Hasan Miraz,4,0,,,,,,,,,
1169401,2018/19,2019-01-21,"Shere Bangla National Stadium, Mirpur",2,12.3,Comilla Victorians,Rajshahi Kings,LA Dawson,Imrul Kayes,Mehedi Hasan Miraz,6,0,,,,,,,,,
1169401,2018/19,2019-01-21,"Shere Bangla National Stadium, Mirpur",2,12.4,Comilla Victorians,Rajshahi Kings,LA Dawson,Imrul Kayes,Mehedi Hasan Miraz,0,2,,,2,,,,,,
1169401,2018/19,2019-01-21,"Shere Bangla National Stadium, Mirpur",2,12.5,Comilla Victorians,Rajshahi Kings,LA Dawson,Imrul Kayes,Mehedi Hasan Miraz,0,0,,,,,,,,,
1169401,2018/19,2019-01-21,"Shere Bangla National Stadium, Mirpur",2,12.6,Comilla Victorians,Rajshahi Kings,LA Dawson,Imrul Kayes,Mehedi Hasan Miraz,1,0,,,,,,,,,
1169401,2018/19,2019-01-21,"Shere Bangla National Stadium, Mirpur",2,13.1,Comilla Victorians,Rajshahi Kings,LA Dawson,Imrul Kayes,Qais Ahmad,0,0,,,,,,,,,
1169401,2018/19,2019-01-21,"Shere Bangla National Stadium, Mirpur",2,13.2,Comilla Victorians,Rajshahi Kings,LA Dawson,Imrul Kayes,Qais Ahmad,1,0,,,,,,,,,
1169401,2018/19,2019-01-21,"Shere Bangla National Stadium, Mirpur",2,13.3,Comilla Victorians,Rajshahi Kings,Imrul Kayes,LA Dawson,Qais Ahmad,0,2,,,,2,,,,,
1169401,2018/19,2019-01-21,"Shere Bangla National Stadium, Mirpur",2,13.4,Comilla Victorians,Rajshahi Kings,Imrul Kayes,LA Dawson,Qais Ahmad,0,0,,,,,,,,,
1169401,2018/19,2019-01-21,"Shere Bangla National Stadium, Mirpur",2,13.5,Comilla Victorians,Rajshahi Kings,Imrul Kayes,LA Dawson,Qais Ahmad,0,0,,,,,,caught,Imrul Kayes,,
1169401,2018/19,2019-01-21,"Shere Bangla National Stadium, Mirpur",2,13.6,Comilla Victorians,Rajshahi Kings,NLTC Perera,LA Dawson,Qais Ahmad,0,0,,,,,,caught,NLTC Perera,,
1169401,2018/19,2019-01-21,"Shere Bangla National Stadium, Mirpur",2,14.1,Comilla Victorians,Rajshahi Kings,LA Dawson,Shahid Afridi,Mustafizur Rahman,2,0,,,,,,,,,
1169401,2018/19,2019-01-21,"Shere Bangla National Stadium, Mirpur",2,14.2,Comilla Victorians,Rajshahi Kings,LA Dawson,Shahid Afridi,Mustafizur Rahman,1,0,,,,,,,,,
1169401,2018/19,2019-01-21,"Shere Bangla National Stadium, Mirpur",2,14.3,Comilla Victorians,Rajshahi Kings,Shahid Afridi,LA Dawson,Mustafizur Rahman,0,0,,,,,,,,,
1169401,2018/19,2019-01-21,"Shere Bangla National Stadium, Mirpur",2,14.4,Comilla Victorians,Rajshahi Kings,Shahid Afridi,LA Dawson,Mustafizur Rahman,0,0,,,,,,,,,
1169401,2018/19,2019-01-21,"Shere Bangla National Stadium, Mirpur",2,14.5,Comilla Victorians,Rajshahi Kings,Shahid Afridi,LA Dawson,Mustafizur Rahman,0,0,,,,,,,,,
1169401,2018/19,2019-01-21,"Shere Bangla National Stadium, Mirpur",2,14.6,Comilla Victorians,Rajshahi Kings,Shahid Afridi,LA Dawson,Mustafizur Rahman,1,0,,,,,,,,,
1169401,2018/19,2019-01-21,"Shere Bangla National Stadium, Mirpur",2,15.1,Comilla Victorians,Rajshahi Kings,Shahid Afridi,LA Dawson,Qais Ahmad,1,0,,,,,,,,,
1169401,2018/19,2019-01-21,"Shere Bangla National Stadium, Mirpur",2,15.2,Comilla Victorians,Rajshahi Kings,LA Dawson,Shahid Afridi,Qais Ahmad,1,0,,,,,,,,,
1169401,2018/19,2019-01-21,"Shere Bangla National Stadium, Mirpur",2,15.3,Comilla Victorians,Rajshahi Kings,Shahid Afridi,LA Dawson,Qais Ahmad,6,0,,,,,,,,,
1169401,2018/19,2019-01-21,"Shere Bangla National Stadium, Mirpur",2,15.4,Comilla Victorians,Rajshahi Kings,Shahid Afridi,LA Dawson,Qais Ahmad,6,0,,,,,,,,,
1169401,2018/19,2019-01-21,"Shere Bangla National Stadium, Mirpur",2,15.5,Comilla Victorians,Rajshahi Kings,Shahid Afridi,LA Dawson,Qais Ahmad,4,0,,,,,,,,,
1169401,2018/19,2019-01-21,"Shere Bangla National Stadium, Mirpur",2,15.6,Comilla Victorians,Rajshahi Kings,Shahid Afridi,LA Dawson,Qais Ahmad,0,0,,,,,,,,,
1169401,2018/19,2019-01-21,"Shere Bangla National Stadium, Mirpur",2,16.1,Comilla Victorians,Rajshahi Kings,LA Dawson,Shahid Afridi,Mustafizur Rahman,1,0,,,,,,,,,
1169401,2018/19,2019-01-21,"Shere Bangla National Stadium, Mirpur",2,16.2,Comilla Victorians,Rajshahi Kings,Shahid Afridi,LA Dawson,Mustafizur Rahman,0,0,,,,,,,,,
1169401,2018/19,2019-01-21,"Shere Bangla National Stadium, Mirpur",2,16.3,Comilla Victorians,Rajshahi Kings,Shahid Afridi,LA Dawson,Mustafizur Rahman,0,1,1,,,,,,,,
1169401,2018/19,2019-01-21,"Shere Bangla National Stadium, Mirpur",2,16.4,Comilla Victorians,Rajshahi Kings,Shahid Afridi,LA Dawson,Mustafizur Rahman,0,0,,,,,,,,,
1169401,2018/19,2019-01-21,"Shere Bangla National Stadium, Mirpur",2,16.5,Comilla Victorians,Rajshahi Kings,Shahid Afridi,LA Dawson,Mustafizur Rahman,0,0,,,,,,,,,
1169401,2018/19,2019-01-21,"Shere Bangla National Stadium, Mirpur",2,16.6,Comilla Victorians,Rajshahi Kings,Shahid Afridi,LA Dawson,Mustafizur Rahman,0,0,,,,,,,,,
1169401,2018/19,2019-01-21,"Shere Bangla National Stadium, Mirpur",2,16.7,Comilla Victorians,Rajshahi Kings,Shahid Afridi,LA Dawson,Mustafizur Rahman,1,0,,,,,,,,,
1169401,2018/19,2019-01-21,"Shere Bangla National Stadium, Mirpur",2,17.1,Comilla Victorians,Rajshahi Kings,Shahid Afridi,LA Dawson,Kamrul Islam Rabbi,0,0,,,,,,caught,Shahid Afridi,,
1169401,2018/19,2019-01-21,"Shere Bangla National Stadium, Mirpur",2,17.2,Comilla Victorians,Rajshahi Kings,LA Dawson,Mohammad Saifuddin,Kamrul Islam Rabbi,0,1,1,,,,,,,,
1169401,2018/19,2019-01-21,"Shere Bangla National Stadium, Mirpur",2,17.3,Comilla Victorians,Rajshahi Kings,LA Dawson,Mohammad Saifuddin,Kamrul Islam Rabbi,0,0,,,,,,,,,
1169401,2018/19,2019-01-21,"Shere Bangla National Stadium, Mirpur",2,17.4,Comilla Victorians,Rajshahi Kings,LA Dawson,Mohammad Saifuddin,Kamrul Islam Rabbi,0,0,,,,,,caught,LA Dawson,,
1169401,2018/19,2019-01-21,"Shere Bangla National Stadium, Mirpur",2,17.5,Comilla Victorians,Rajshahi Kings,Mohammad Saifuddin,Wahab Riaz,Kamrul Islam Rabbi,0,0,,,,,,caught,Mohammad Saifuddin,,
1169401,2018/19,2019-01-21,"Shere Bangla National Stadium, Mirpur",2,17.6,Comilla Victorians,Rajshahi Kings,Wahab Riaz,Mahedi Hasan,Kamrul Islam Rabbi,1,0,,,,,,,,,
1169401,2018/19,2019-01-21,"Shere Bangla National Stadium, Mirpur",2,17.7,Comilla Victorians,Rajshahi Kings,Mahedi Hasan,Wahab Riaz,Kamrul Islam Rabbi,1,0,,,,,,,,,
1169401,2018/19,2019-01-21,"Shere Bangla National Stadium, Mirpur",2,18.1,Comilla Victorians,Rajshahi Kings,Mahedi Hasan,Wahab Riaz,Mustafizur Rahman,0,0,,,,,,,,,
1169401,2018/19,2019-01-21,"Shere Bangla National Stadium, Mirpur",2,18.2,Comilla Victorians,Rajshahi Kings,Mahedi Hasan,Wahab Riaz,Mustafizur Rahman,0,0,,,,,,caught,Mahedi Hasan,,
