version,2.2.0
info,balls_per_over,6
info,team,Rangpur Riders
info,team,Chittagong Vikings
info,gender,male
info,season,2018/19
info,date,2019/01/05
info,event,Bangladesh Premier League
info,match_number,1
info,venue,"Shere Bangla National Stadium, Mirpur"
info,city,Dhaka
info,toss_winner,Chittagong Vikings
info,toss_decision,field
info,player_of_match,R Frylinck
info,umpire,AG Wharf
info,umpire,Sharfuddoula
info,reserve_umpire,Mahfuzur Rahman
info,tv_umpire,Masudur Rahman
info,match_referee,Raqibul Hasan (2)
info,winner,Chittagong Vikings
info,winner_wickets,3
info,player,Chittagong Vikings,Mohammad Shahzad
info,player,Chittagong Vikings,CS Delport
info,player,Chittagong Vikings,Mohammad Ashraful
info,player,Chittagong Vikings,Mushfiqur Rahim
info,player,Chittagong Vikings,Sikandar Raza
info,player,Chittagong Vikings,Mosaddek Hossain
info,player,Chittagong Vikings,Nayeem Hasan
info,player,Chittagong Vikings,R Frylinck
info,player,Chittagong Vikings,Sunzamul Islam
info,player,Chittagong Vikings,Abu Jayed
info,player,Chittagong Vikings,Khaled Ahmed
info,player,Rangpur Riders,Mehedi Maruf
info,player,Rangpur Riders,AD Hales
info,player,Rangpur Riders,Mohammad Mithun
info,player,Rangpur Riders,RR Rossouw
info,player,Rangpur Riders,RS Bopara
info,player,Rangpur Riders,BAC Howell
info,player,Rangpur Riders,Farhad Reza
info,player,Rangpur Riders,Mashrafe Mortaza
info,player,Rangpur Riders,Sohag Gazi
info,player,Rangpur Riders,Nazmul Islam
info,player,Rangpur Riders,Shafiul Islam
info,registry,people,AD Hales,92aeac25
info,registry,people,AG Wharf,2e0fcc58
info,registry,people,Abu Jayed,1bb0993e
info,registry,people,BAC Howell,0bec3a6c
info,registry,people,CS Delport,afa78c3a
info,registry,people,Farhad Reza,4948a447
info,registry,people,Khaled Ahmed,5dbdecf1
info,registry,people,Mahfuzur Rahman,3275b68b
info,registry,people,Mashrafe Mortaza,e186f49c
info,registry,people,Masudur Rahman,9581ac6b
info,registry,people,Mehedi Maruf,3361993b
info,registry,people,Mohammad Ashraful,2bb09eb2
info,registry,people,Mohammad Mithun,77191792
info,registry,people,Mohammad Shahzad,d6dcb0c9
info,registry,people,Mosaddek Hossain,8919756f
info,registry,people,Mushfiqur Rahim,a94e08ea
info,registry,people,Nayeem Hasan,1670dcfd
info,registry,people,Nazmul Islam,6575e3bc
info,registry,people,R Frylinck,8b248d88
info,registry,people,RR Rossouw,cad00a4d
info,registry,people,RS Bopara,7ca5e05d
info,registry,people,Raqibul Hasan,4c64cc8d
info,registry,people,Shafiul Islam,1a8eebbe
info,registry,people,Sharfuddoula,63896abb
info,registry,people,Sikandar Raza,26d041c4
info,registry,people,Sohag Gazi,5a4c12ab
info,registry,people,Sunzamul Islam,0f348f58
