match_id,season,start_date,venue,innings,ball,batting_team,bowling_team,striker,non_striker,bowler,runs_off_bat,extras,wides,noballs,byes,legbyes,penalty,wicket_type,player_dismissed,other_wicket_type,other_player_dismissed
1169398,2018/19,2019-01-18,Sylhet International Cricket Stadium,1,0.1,Khulna Titans,Comilla Victorians,Jahurul Islam,Junaid Siddique,Mohammad Saifuddin,0,1,,,,1,,,,,
1169398,2018/19,2019-01-18,Sylhet International Cricket Stadium,1,0.2,Khulna Titans,Comilla Victorians,Junaid Siddique,Jahurul Islam,Mohammad Saifuddin,1,0,,,,,,,,,
1169398,2018/19,2019-01-18,Sylhet International Cricket Stadium,1,0.3,Khulna Titans,Comilla Victorians,Jahurul Islam,Junaid Siddique,Mohammad Saifuddin,0,0,,,,,,,,,
1169398,2018/19,2019-01-18,Sylhet International Cricket Stadium,1,0.4,Khulna Titans,Comilla Victorians,Jahurul Islam,Junaid Siddique,Mohammad Saifuddin,0,0,,,,,,caught,Jahurul Islam,,
1169398,2018/19,2019-01-18,Sylhet International Cricket Stadium,1,0.5,Khulna Titans,Comilla Victorians,Junaid Siddique,Al-Amin,Mohammad Saifuddin,0,1,,,,1,,,,,
1169398,2018/19,2019-01-18,Sylhet International Cricket Stadium,1,0.6,Khulna Titans,Comilla Victorians,Al-Amin,Junaid Siddique,Mohammad Saifuddin,2,0,,,,,,,,,
1169398,2018/19,2019-01-18,Sylhet International Cricket Stadium,1,1.1,Khulna Titans,Comilla Victorians,Junaid Siddique,Al-Amin,Mahedi Hasan,4,0,,,,,,,,,
1169398,2018/19,2019-01-18,Sylhet International Cricket Stadium,1,1.2,Khulna Titans,Comilla Victorians,Junaid Siddique,Al-Amin,Mahedi Hasan,0,0,,,,,,,,,
1169398,2018/19,2019-01-18,Sylhet International Cricket Stadium,1,1.3,Khulna Titans,Comilla Victorians,Junaid Siddique,Al-Amin,Mahedi Hasan,6,0,,,,,,,,,
1169398,2018/19,2019-01-18,Sylhet International Cricket Stadium,1,1.4,Khulna Titans,Comilla Victorians,Junaid Siddique,Al-Amin,Mahedi Hasan,1,0,,,,,,,,,
1169398,2018/19,2019-01-18,Sylhet International Cricket Stadium,1,1.5,Khulna Titans,Comilla Victorians,Al-Amin,Junaid Siddique,Mahedi Hasan,4,0,,,,,,,,,
1169398,2018/19,2019-01-18,Sylhet International Cricket Stadium,1,1.6,Khulna Titans,Comilla Victorians,Al-Amin,Junaid Siddique,Mahedi Hasan,0,0,,,,,,,,,
1169398,2018/19,2019-01-18,Sylhet International Cricket Stadium,1,2.1,Khulna Titans,Comilla Victorians,Junaid Siddique,Al-Amin,Mohammad Saifuddin,2,0,,,,,,,,,
1169398,2018/19,2019-01-18,Sylhet International Cricket Stadium,1,2.2,Khulna Titans,Comilla Victorians,Junaid Siddique,Al-Amin,Mohammad Saifuddin,1,0,,,,,,,,,
1169398,2018/19,2019-01-18,Sylhet International Cricket Stadium,1,2.3,Khulna Titans,Comilla Victorians,Al-Amin,Junaid Siddique,Mohammad Saifuddin,1,0,,,,,,,,,
1169398,2018/19,2019-01-18,Sylhet International Cricket Stadium,1,2.4,Khulna Titans,Comilla Victorians,Junaid Siddique,Al-Amin,Mohammad Saifuddin,0,1,1,,,,,,,,
1169398,2018/19,2019-01-18,Sylhet International Cricket Stadium,1,2.5,Khulna Titans,Comilla Victorians,Junaid Siddique,Al-Amin,Mohammad Saifuddin,0,1,1,,,,,,,,
1169398,2018/19,2019-01-18,Sylhet International Cricket Stadium,1,2.6,Khulna Titans,Comilla Victorians,Junaid Siddique,Al-Amin,Mohammad Saifuddin,4,0,,,,,,,,,
1169398,2018/19,2019-01-18,Sylhet International Cricket Stadium,1,2.7,Khulna Titans,Comilla Victorians,Junaid Siddique,Al-Amin,Mohammad Saifuddin,1,0,,,,,,,,,
1169398,2018/19,2019-01-18,Sylhet International Cricket Stadium,1,2.8,Khulna Titans,Comilla Victorians,Al-Amin,Junaid Siddique,Mohammad Saifuddin,1,0,,,,,,,,,
1169398,2018/19,2019-01-18,Sylhet International Cricket Stadium,1,3.1,Khulna Titans,Comilla Victorians,Al-Amin,Junaid Siddique,NLTC Perera,4,0,,,,,,,,,
1169398,2018/19,2019-01-18,Sylhet International Cricket Stadium,1,3.2,Khulna Titans,Comilla Victorians,Al-Amin,Junaid Siddique,NLTC Perera,1,0,,,,,,,,,
1169398,2018/19,2019-01-18,Sylhet International Cricket Stadium,1,3.3,Khulna Titans,Comilla Victorians,Junaid Siddique,Al-Amin,NLTC Perera,1,0,,,,,,,,,
1169398,2018/19,2019-01-18,Sylhet International Cricket Stadium,1,3.4,Khulna Titans,Comilla Victorians,Al-Amin,Junaid Siddique,NLTC Perera,6,0,,,,,,,,,
1169398,2018/19,2019-01-18,Sylhet International Cricket Stadium,1,3.5,Khulna Titans,Comilla Victorians,Al-Amin,Junaid Siddique,NLTC Perera,0,0,,,,,,,,,
1169398,2018/19,2019-01-18,Sylhet International Cricket Stadium,1,3.6,Khulna Titans,Comilla Victorians,Al-Amin,Junaid Siddique,NLTC Perera,0,1,1,,,,,,,,
1169398,2018/19,2019-01-18,Sylhet International Cricket Stadium,1,3.7,Khulna Titans,Comilla Victorians,Al-Amin,Junaid Siddique,NLTC Perera,0,0,,,,,,,,,
1169398,2018/19,2019-01-18,Sylhet International Cricket Stadium,1,4.1,Khulna Titans,Comilla Victorians,Junaid Siddique,Al-Amin,Wahab Riaz,2,0,,,,,,,,,
1169398,2018/19,2019-01-18,Sylhet International Cricket Stadium,1,4.2,Khulna Titans,Comilla Victorians,Junaid Siddique,Al-Amin,Wahab Riaz,1,0,,,,,,,,,
1169398,2018/19,2019-01-18,Sylhet International Cricket Stadium,1,4.3,Khulna Titans,Comilla Victorians,Al-Amin,Junaid Siddique,Wahab Riaz,0,0,,,,,,,,,
1169398,2018/19,2019-01-18,Sylhet International Cricket Stadium,1,4.4,Khulna Titans,Comilla Victorians,Al-Amin,Junaid Siddique,Wahab Riaz,1,0,,,,,,,,,
1169398,2018/19,2019-01-18,Sylhet International Cricket Stadium,1,4.5,Khulna Titans,Comilla Victorians,Junaid Siddique,Al-Amin,Wahab Riaz,4,0,,,,,,,,,
1169398,2018/19,2019-01-18,Sylhet International Cricket Stadium,1,4.6,Khulna Titans,Comilla Victorians,Junaid Siddique,Al-Amin,Wahab Riaz,1,0,,,,,,,,,
1169398,2018/19,2019-01-18,Sylhet International Cricket Stadium,1,5.1,Khulna Titans,Comilla Victorians,Junaid Siddique,Al-Amin,Mahedi Hasan,0,0,,,,,,,,,
1169398,2018/19,2019-01-18,Sylhet International Cricket Stadium,1,5.2,Khulna Titans,Comilla Victorians,Junaid Siddique,Al-Amin,Mahedi Hasan,1,0,,,,,,,,,
1169398,2018/19,2019-01-18,Sylhet International Cricket Stadium,1,5.3,Khulna Titans,Comilla Victorians,Al-Amin,Junaid Siddique,Mahedi Hasan,2,0,,,,,,,,,
1169398,2018/19,2019-01-18,Sylhet International Cricket Stadium,1,5.4,Khulna Titans,Comilla Victorians,Al-Amin,Junaid Siddique,Mahedi Hasan,0,0,,,,,,,,,
1169398,2018/19,2019-01-18,Sylhet International Cricket Stadium,1,5.5,Khulna Titans,Comilla Victorians,Al-Amin,Junaid Siddique,Mahedi Hasan,4,0,,,,,,,,,
1169398,2018/19,2019-01-18,Sylhet International Cricket Stadium,1,5.6,Khulna Titans,Comilla Victorians,Al-Amin,Junaid Siddique,Mahedi Hasan,4,0,,,,,,,,,
1169398,2018/19,2019-01-18,Sylhet International Cricket Stadium,1,6.1,Khulna Titans,Comilla Victorians,Junaid Siddique,Al-Amin,LA Dawson,0,0,,,,,,,,,
1169398,2018/19,2019-01-18,Sylhet International Cricket Stadium,1,6.2,Khulna Titans,Comilla Victorians,Junaid Siddique,Al-Amin,LA Dawson,1,0,,,,,,,,,
1169398,2018/19,2019-01-18,Sylhet International Cricket Stadium,1,6.3,Khulna Titans,Comilla Victorians,Al-Amin,Junaid Siddique,LA Dawson,1,0,,,,,,,,,
1169398,2018/19,2019-01-18,Sylhet International Cricket Stadium,1,6.4,Khulna Titans,Comilla Victorians,Junaid Siddique,Al-Amin,LA Dawson,4,0,,,,,,,,,
1169398,2018/19,2019-01-18,Sylhet International Cricket Stadium,1,6.5,Khulna Titans,Comilla Victorians,Junaid Siddique,Al-Amin,LA Dawson,1,0,,,,,,,,,
1169398,2018/19,2019-01-18,Sylhet International Cricket Stadium,1,6.6,Khulna Titans,Comilla Victorians,Al-Amin,Junaid Siddique,LA Dawson,1,0,,,,,,,,,
1169398,2018/19,2019-01-18,Sylhet International Cricket Stadium,1,7.1,Khulna Titans,Comilla Victorians,Al-Amin,Junaid Siddique,Shahid Afridi,0,0,,,,,,bowled,Al-Amin,,
1169398,2018/19,2019-01-18,Sylhet International Cricket Stadium,1,7.2,Khulna Titans,Comilla Victorians,Mahmudullah,Junaid Siddique,Shahid Afridi,6,0,,,,,,,,,
1169398,2018/19,2019-01-18,Sylhet International Cricket Stadium,1,7.3,Khulna Titans,Comilla Victorians,Mahmudullah,Junaid Siddique,Shahid Afridi,0,0,,,,,,,,,
1169398,2018/19,2019-01-18,Sylhet International Cricket Stadium,1,7.4,Khulna Titans,Comilla Victorians,Mahmudullah,Junaid Siddique,Shahid Afridi,0,0,,,,,,,,,
1169398,2018/19,2019-01-18,Sylhet International Cricket Stadium,1,7.5,Khulna Titans,Comilla Victorians,Mahmudullah,Junaid Siddique,Shahid Afridi,1,0,,,,,,,,,
1169398,2018/19,2019-01-18,Sylhet International Cricket Stadium,1,7.6,Khulna Titans,Comilla Victorians,Junaid Siddique,Mahmudullah,Shahid Afridi,1,0,,,,,,,,,
1169398,2018/19,2019-01-18,Sylhet International Cricket Stadium,1,8.1,Khulna Titans,Comilla Victorians,Junaid Siddique,Mahmudullah,Wahab Riaz,1,0,,,,,,,,,
1169398,2018/19,2019-01-18,Sylhet International Cricket Stadium,1,8.2,Khulna Titans,Comilla Victorians,Mahmudullah,Junaid Siddique,Wahab Riaz,1,0,,,,,,,,,
1169398,2018/19,2019-01-18,Sylhet International Cricket Stadium,1,8.3,Khulna Titans,Comilla Victorians,Junaid Siddique,Mahmudullah,Wahab Riaz,2,0,,,,,,,,,
1169398,2018/19,2019-01-18,Sylhet International Cricket Stadium,1,8.4,Khulna Titans,Comilla Victorians,Junaid Siddique,Mahmudullah,Wahab Riaz,1,0,,,,,,,,,
1169398,2018/19,2019-01-18,Sylhet International Cricket Stadium,1,8.5,Khulna Titans,Comilla Victorians,Mahmudullah,Junaid Siddique,Wahab Riaz,6,0,,,,,,,,,
1169398,2018/19,2019-01-18,Sylhet International Cricket Stadium,1,8.6,Khulna Titans,Comilla Victorians,Mahmudullah,Junaid Siddique,Wahab Riaz,1,0,,,,,,,,,
1169398,2018/19,2019-01-18,Sylhet International Cricket Stadium,1,9.1,Khulna Titans,Comilla Victorians,Mahmudullah,Junaid Siddique,Shahid Afridi,1,0,,,,,,,,,
1169398,2018/19,2019-01-18,Sylhet International Cricket Stadium,1,9.2,Khulna Titans,Comilla Victorians,Junaid Siddique,Mahmudullah,Shahid Afridi,1,0,,,,,,,,,
1169398,2018/19,2019-01-18,Sylhet International Cricket Stadium,1,9.3,Khulna Titans,Comilla Victorians,Mahmudullah,Junaid Siddique,Shahid Afridi,0,0,,,,,,bowled,Mahmudullah,,
1169398,2018/19,2019-01-18,Sylhet International Cricket Stadium,1,9.4,Khulna Titans,Comilla Victorians,DJ Malan,Junaid Siddique,Shahid Afridi,0,0,,,,,,,,,
1169398,2018/19,2019-01-18,Sylhet International Cricket Stadium,1,9.5,Khulna Titans,Comilla Victorians,DJ Malan,Junaid Siddique,Shahid Afridi,0,0,,,,,,,,,
1169398,2018/19,2019-01-18,Sylhet International Cricket Stadium,1,9.6,Khulna Titans,Comilla Victorians,DJ Malan,Junaid Siddique,Shahid Afridi,0,0,,,,,,,,,
1169398,2018/19,2019-01-18,Sylhet International Cricket Stadium,1,10.1,Khulna Titans,Comilla Victorians,Junaid Siddique,DJ Malan,Mahedi Hasan,1,0,,,,,,,,,
1169398,2018/19,2019-01-18,Sylhet International Cricket Stadium,1,10.2,Khulna Titans,Comilla Victorians,DJ Malan,Junaid Siddique,Mahedi Hasan,0,0,,,,,,,,,
1169398,2018/19,2019-01-18,Sylhet International Cricket Stadium,1,10.3,Khulna Titans,Comilla Victorians,DJ Malan,Junaid Siddique,Mahedi Hasan,4,0,,,,,,,,,
1169398,2018/19,2019-01-18,Sylhet International Cricket Stadium,1,10.4,Khulna Titans,Comilla Victorians,DJ Malan,Junaid Siddique,Mahedi Hasan,1,0,,,,,,,,,
1169398,2018/19,2019-01-18,Sylhet International Cricket Stadium,1,10.5,Khulna Titans,Comilla Victorians,Junaid Siddique,DJ Malan,Mahedi Hasan,1,0,,,,,,,,,
1169398,2018/19,2019-01-18,Sylhet International Cricket Stadium,1,10.6,Khulna Titans,Comilla Victorians,DJ Malan,Junaid Siddique,Mahedi Hasan,0,0,,,,,,,,,
1169398,2018/19,2019-01-18,Sylhet International Cricket Stadium,1,11.1,Khulna Titans,Comilla Victorians,Junaid Siddique,DJ Malan,Shamsur Rahman,1,0,,,,,,,,,
1169398,2018/19,2019-01-18,Sylhet International Cricket Stadium,1,11.2,Khulna Titans,Comilla Victorians,DJ Malan,Junaid Siddique,Shamsur Rahman,1,0,,,,,,,,,
1169398,2018/19,2019-01-18,Sylhet International Cricket Stadium,1,11.3,Khulna Titans,Comilla Victorians,Junaid Siddique,DJ Malan,Shamsur Rahman,6,0,,,,,,,,,
1169398,2018/19,2019-01-18,Sylhet International Cricket Stadium,1,11.4,Khulna Titans,Comilla Victorians,Junaid Siddique,DJ Malan,Shamsur Rahman,1,0,,,,,,,,,
1169398,2018/19,2019-01-18,Sylhet International Cricket Stadium,1,11.5,Khulna Titans,Comilla Victorians,DJ Malan,Junaid Siddique,Shamsur Rahman,4,0,,,,,,,,,
1169398,2018/19,2019-01-18,Sylhet International Cricket Stadium,1,11.6,Khulna Titans,Comilla Victorians,DJ Malan,Junaid Siddique,Shamsur Rahman,1,0,,,,,,,,,
1169398,2018/19,2019-01-18,Sylhet International Cricket Stadium,1,12.1,Khulna Titans,Comilla Victorians,DJ Malan,Junaid Siddique,Mahedi Hasan,1,0,,,,,,,,,
1169398,2018/19,2019-01-18,Sylhet International Cricket Stadium,1,12.2,Khulna Titans,Comilla Victorians,Junaid Siddique,DJ Malan,Mahedi Hasan,1,0,,,,,,,,,
1169398,2018/19,2019-01-18,Sylhet International Cricket Stadium,1,12.3,Khulna Titans,Comilla Victorians,DJ Malan,Junaid Siddique,Mahedi Hasan,0,0,,,,,,,,,
1169398,2018/19,2019-01-18,Sylhet International Cricket Stadium,1,12.4,Khulna Titans,Comilla Victorians,Junaid Siddique,DJ Malan,Mahedi Hasan,1,0,,,,,,,,,
1169398,2018/19,2019-01-18,Sylhet International Cricket Stadium,1,12.5,Khulna Titans,Comilla Victorians,DJ Malan,Junaid Siddique,Mahedi Hasan,1,0,,,,,,,,,
1169398,2018/19,2019-01-18,Sylhet International Cricket Stadium,1,12.6,Khulna Titans,Comilla Victorians,Junaid Siddique,DJ Malan,Mahedi Hasan,0,0,,,,,,,,,
1169398,2018/19,2019-01-18,Sylhet International Cricket Stadium,1,13.1,Khulna Titans,Comilla Victorians,DJ Malan,Junaid Siddique,NLTC Perera,1,0,,,,,,,,,
1169398,2018/19,2019-01-18,Sylhet International Cricket Stadium,1,13.2,Khulna Titans,Comilla Victorians,Junaid Siddique,DJ Malan,NLTC Perera,0,1,,,,1,,,,,
1169398,2018/19,2019-01-18,Sylhet International Cricket Stadium,1,13.3,Khulna Titans,Comilla Victorians,DJ Malan,Junaid Siddique,NLTC Perera,0,0,,,,,,,,,
1169398,2018/19,2019-01-18,Sylhet International Cricket Stadium,1,13.4,Khulna Titans,Comilla Victorians,DJ Malan,Junaid Siddique,NLTC Perera,1,0,,,,,,,,,
1169398,2018/19,2019-01-18,Sylhet International Cricket Stadium,1,13.5,Khulna Titans,Comilla Victorians,Junaid Siddique,DJ Malan,NLTC Perera,1,0,,,,,,,,,
1169398,2018/19,2019-01-18,Sylhet International Cricket Stadium,1,13.6,Khulna Titans,Comilla Victorians,DJ Malan,Junaid Siddique,NLTC Perera,4,0,,,,,,,,,
1169398,2018/19,2019-01-18,Sylhet International Cricket Stadium,1,14.1,Khulna Titans,Comilla Victorians,Junaid Siddique,DJ Malan,Shahid Afridi,0,0,,,,,,,,,
1169398,2018/19,2019-01-18,Sylhet International Cricket Stadium,1,14.2,Khulna Titans,Comilla Victorians,Junaid Siddique,DJ Malan,Shahid Afridi,6,0,,,,,,,,,
1169398,2018/19,2019-01-18,Sylhet International Cricket Stadium,1,14.3,Khulna Titans,Comilla Victorians,Junaid Siddique,DJ Malan,Shahid Afridi,1,0,,,,,,,,,
1169398,2018/19,2019-01-18,Sylhet International Cricket Stadium,1,14.4,Khulna Titans,Comilla Victorians,DJ Malan,Junaid Siddique,Shahid Afridi,1,0,,,,,,,,,
1169398,2018/19,2019-01-18,Sylhet International Cricket Stadium,1,14.5,Khulna Titans,Comilla Victorians,Junaid Siddique,DJ Malan,Shahid Afridi,2,0,,,,,,,,,
1169398,2018/19,2019-01-18,Sylhet International Cricket Stadium,1,14.6,Khulna Titans,Comilla Victorians,Junaid Siddique,DJ Malan,Shahid Afridi,6,0,,,,,,,,,
1169398,2018/19,2019-01-18,Sylhet International Cricket Stadium,1,15.1,Khulna Titans,Comilla Victorians,DJ Malan,Junaid Siddique,Mohammad Saifuddin,0,1,1,,,,,,,,
1169398,2018/19,2019-01-18,Sylhet International Cricket Stadium,1,15.2,Khulna Titans,Comilla Victorians,DJ Malan,Junaid Siddique,Mohammad Saifuddin,0,0,,,,,,run out,Junaid Siddique,,
1169398,2018/19,2019-01-18,Sylhet International Cricket Stadium,1,15.3,Khulna Titans,Comilla Victorians,DJ Malan,CR Brathwaite,Mohammad Saifuddin,1,0,,,,,,,,,
1169398,2018/19,2019-01-18,Sylhet International Cricket Stadium,1,15.4,Khulna Titans,Comilla Victorians,CR Brathwaite,DJ Malan,Mohammad Saifuddin,1,0,,,,,,,,,
1169398,2018/19,2019-01-18,Sylhet International Cricket Stadium,1,15.5,Khulna Titans,Comilla Victorians,DJ Malan,CR Brathwaite,Mohammad Saifuddin,1,0,,,,,,,,,
1169398,2018/19,2019-01-18,Sylhet International Cricket Stadium,1,15.6,Khulna Titans,Comilla Victorians,CR Brathwaite,DJ Malan,Mohammad Saifuddin,2,0,,,,,,,,,
1169398,2018/19,2019-01-18,Sylhet International Cricket Stadium,1,15.7,Khulna Titans,Comilla Victorians,CR Brathwaite,DJ Malan,Mohammad Saifuddin,0,0,,,,,,,,,
1169398,2018/19,2019-01-18,Sylhet International Cricket Stadium,1,16.1,Khulna Titans,Comilla Victorians,DJ Malan,CR Brathwaite,Shahid Afridi,6,0,,,,,,,,,
1169398,2018/19,2019-01-18,Sylhet International Cricket Stadium,1,16.2,Khulna Titans,Comilla Victorians,DJ Malan,CR Brathwaite,Shahid Afridi,0,0,,,,,,,,,
1169398,2018/19,2019-01-18,Sylhet International Cricket Stadium,1,16.3,Khulna Titans,Comilla Victorians,DJ Malan,CR Brathwaite,Shahid Afridi,1,0,,,,,,,,,
1169398,2018/19,2019-01-18,Sylhet International Cricket Stadium,1,16.4,Khulna Titans,Comilla Victorians,CR Brathwaite,DJ Malan,Shahid Afridi,1,0,,,,,,,,,
1169398,2018/19,2019-01-18,Sylhet International Cricket Stadium,1,16.5,Khulna Titans,Comilla Victorians,DJ Malan,CR Brathwaite,Shahid Afridi,0,0,,,,,,caught,DJ Malan,,
1169398,2018/19,2019-01-18,Sylhet International Cricket Stadium,1,16.6,Khulna Titans,Comilla Victorians,Ariful Haque,CR Brathwaite,Shahid Afridi,1,0,,,,,,,,,
1169398,2018/19,2019-01-18,Sylhet International Cricket Stadium,1,17.1,Khulna Titans,Comilla Victorians,Ariful Haque,CR Brathwaite,Wahab Riaz,1,0,,,,,,,,,
1169398,2018/19,2019-01-18,Sylhet International Cricket Stadium,1,17.2,Khulna Titans,Comilla Victorians,CR Brathwaite,Ariful Haque,Wahab Riaz,4,0,,,,,,,,,
1169398,2018/19,2019-01-18,Sylhet International Cricket Stadium,1,17.3,Khulna Titans,Comilla Victorians,CR Brathwaite,Ariful Haque,Wahab Riaz,0,0,,,,,,,,,
1169398,2018/19,2019-01-18,Sylhet International Cricket Stadium,1,17.4,Khulna Titans,Comilla Victorians,CR Brathwaite,Ariful Haque,Wahab Riaz,4,0,,,,,,,,,
1169398,2018/19,2019-01-18,Sylhet International Cricket Stadium,1,17.5,Khulna Titans,Comilla Victorians,CR Brathwaite,Ariful Haque,Wahab Riaz,0,0,,,,,,,,,
1169398,2018/19,2019-01-18,Sylhet International Cricket Stadium,1,17.6,Khulna Titans,Comilla Victorians,CR Brathwaite,Ariful Haque,Wahab Riaz,0,0,,,,,,caught,CR Brathwaite,,
1169398,2018/19,2019-01-18,Sylhet International Cricket Stadium,1,18.1,Khulna Titans,Comilla Victorians,Ariful Haque,Nazmul Hossain Shanto,Mohammad Saifuddin,6,0,,,,,,,,,
1169398,2018/19,2019-01-18,Sylhet International Cricket Stadium,1,18.2,Khulna Titans,Comilla Victorians,Ariful Haque,Nazmul Hossain Shanto,Mohammad Saifuddin,1,0,,,,,,,,,
1169398,2018/19,2019-01-18,Sylhet International Cricket Stadium,1,18.3,Khulna Titans,Comilla Victorians,Nazmul Hossain Shanto,Ariful Haque,Mohammad Saifuddin,0,0,,,,,,,,,
1169398,2018/19,2019-01-18,Sylhet International Cricket Stadium,1,18.4,Khulna Titans,Comilla Victorians,Nazmul Hossain Shanto,Ariful Haque,Mohammad Saifuddin,0,0,,,,,,,,,
1169398,2018/19,2019-01-18,Sylhet International Cricket Stadium,1,18.5,Khulna Titans,Comilla Victorians,Nazmul Hossain Shanto,Ariful Haque,Mohammad Saifuddin,0,0,,,,,,,,,
1169398,2018/19,2019-01-18,Sylhet International Cricket Stadium,1,18.6,Khulna Titans,Comilla Victorians,Nazmul Hossain Shanto,Ariful Haque,Mohammad Saifuddin,1,0,,,,,,,,,
1169398,2018/19,2019-01-18,Sylhet International Cricket Stadium,1,19.1,Khulna Titans,Comilla Victorians,Nazmul Hossain Shanto,Ariful Haque,Wahab Riaz,0,1,,,1,,,,,,
1169398,2018/19,2019-01-18,Sylhet International Cricket Stadium,1,19.2,Khulna Titans,Comilla Victorians,Ariful Haque,Nazmul Hossain Shanto,Wahab Riaz,0,0,,,,,,,,,
1169398,2018/19,2019-01-18,Sylhet International Cricket Stadium,1,19.3,Khulna Titans,Comilla Victorians,Ariful Haque,Nazmul Hossain Shanto,Wahab Riaz,0,0,,,,,,,,,
1169398,2018/19,2019-01-18,Sylhet International Cricket Stadium,1,19.4,Khulna Titans,Comilla Victorians,Ariful Haque,Nazmul Hossain Shanto,Wahab Riaz,2,0,,,,,,,,,
1169398,2018/19,2019-01-18,Sylhet International Cricket Stadium,1,19.5,Khulna Titans,Comilla Victorians,Ariful Haque,Nazmul Hossain Shanto,Wahab Riaz,2,0,,,,,,,,,
1169398,2018/19,2019-01-18,Sylhet International Cricket Stadium,1,19.6,Khulna Titans,Comilla Victorians,Ariful Haque,Nazmul Hossain Shanto,Wahab Riaz,0,0,,,,,,caught,Ariful Haque,,
1169398,2018/19,2019-01-18,Sylhet International Cricket Stadium,2,0.1,Comilla Victorians,Khulna Titans,Tamim Iqbal,Anamul Haque,SL Malinga,0,0,,,,,,,,,
1169398,2018/19,2019-01-18,Sylhet International Cricket Stadium,2,0.2,Comilla Victorians,Khulna Titans,Tamim Iqbal,Anamul Haque,SL Malinga,0,0,,,,,,,,,
1169398,2018/19,2019-01-18,Sylhet International Cricket Stadium,2,0.3,Comilla Victorians,Khulna Titans,Tamim Iqbal,Anamul Haque,SL Malinga,0,0,,,,,,,,,
1169398,2018/19,2019-01-18,Sylhet International Cricket Stadium,2,0.4,Comilla Victorians,Khulna Titans,Tamim Iqbal,Anamul Haque,SL Malinga,4,0,,,,,,,,,
1169398,2018/19,2019-01-18,Sylhet International Cricket Stadium,2,0.5,Comilla Victorians,Khulna Titans,Tamim Iqbal,Anamul Haque,SL Malinga,1,0,,,,,,,,,
1169398,2018/19,2019-01-18,Sylhet International Cricket Stadium,2,0.6,Comilla Victorians,Khulna Titans,Anamul Haque,Tamim Iqbal,SL Malinga,0,0,,,,,,,,,
1169398,2018/19,2019-01-18,Sylhet International Cricket Stadium,2,1.1,Comilla Victorians,Khulna Titans,Tamim Iqbal,Anamul Haque,Mahmudullah,1,0,,,,,,,,,
1169398,2018/19,2019-01-18,Sylhet International Cricket Stadium,2,1.2,Comilla Victorians,Khulna Titans,Anamul Haque,Tamim Iqbal,Mahmudullah,4,0,,,,,,,,,
1169398,2018/19,2019-01-18,Sylhet International Cricket Stadium,2,1.3,Comilla Victorians,Khulna Titans,Anamul Haque,Tamim Iqbal,Mahmudullah,0,0,,,,,,,,,
1169398,2018/19,2019-01-18,Sylhet International Cricket Stadium,2,1.4,Comilla Victorians,Khulna Titans,Anamul Haque,Tamim Iqbal,Mahmudullah,0,1,1,,,,,,,,
1169398,2018/19,2019-01-18,Sylhet International Cricket Stadium,2,1.5,Comilla Victorians,Khulna Titans,Anamul Haque,Tamim Iqbal,Mahmudullah,0,1,1,,,,,,,,
1169398,2018/19,2019-01-18,Sylhet International Cricket Stadium,2,1.6,Comilla Victorians,Khulna Titans,Anamul Haque,Tamim Iqbal,Mahmudullah,0,0,,,,,,,,,
1169398,2018/19,2019-01-18,Sylhet International Cricket Stadium,2,1.7,Comilla Victorians,Khulna Titans,Anamul Haque,Tamim Iqbal,Mahmudullah,1,0,,,,,,,,,
1169398,2018/19,2019-01-18,Sylhet International Cricket Stadium,2,1.8,Comilla Victorians,Khulna Titans,Tamim Iqbal,Anamul Haque,Mahmudullah,0,1,1,,,,,,,,
1169398,2018/19,2019-01-18,Sylhet International Cricket Stadium,2,1.9,Comilla Victorians,Khulna Titans,Tamim Iqbal,Anamul Haque,Mahmudullah,1,0,,,,,,,,,
1169398,2018/19,2019-01-18,Sylhet International Cricket Stadium,2,2.1,Comilla Victorians,Khulna Titans,Tamim Iqbal,Anamul Haque,Junaid Khan,6,0,,,,,,,,,
1169398,2018/19,2019-01-18,Sylhet International Cricket Stadium,2,2.2,Comilla Victorians,Khulna Titans,Tamim Iqbal,Anamul Haque,Junaid Khan,0,0,,,,,,,,,
1169398,2018/19,2019-01-18,Sylhet International Cricket Stadium,2,2.3,Comilla Victorians,Khulna Titans,Tamim Iqbal,Anamul Haque,Junaid Khan,0,0,,,,,,,,,
1169398,2018/19,2019-01-18,Sylhet International Cricket Stadium,2,2.4,Comilla Victorians,Khulna Titans,Tamim Iqbal,Anamul Haque,Junaid Khan,4,0,,,,,,,,,
1169398,2018/19,2019-01-18,Sylhet International Cricket Stadium,2,2.5,Comilla Victorians,Khulna Titans,Tamim Iqbal,Anamul Haque,Junaid Khan,0,0,,,,,,,,,
1169398,2018/19,2019-01-18,Sylhet International Cricket Stadium,2,2.6,Comilla Victorians,Khulna Titans,Tamim Iqbal,Anamul Haque,Junaid Khan,4,0,,,,,,,,,
1169398,2018/19,2019-01-18,Sylhet International Cricket Stadium,2,3.1,Comilla Victorians,Khulna Titans,Anamul Haque,Tamim Iqbal,CR Brathwaite,1,0,,,,,,,,,
1169398,2018/19,2019-01-18,Sylhet International Cricket Stadium,2,3.2,Comilla Victorians,Khulna Titans,Tamim Iqbal,Anamul Haque,CR Brathwaite,0,0,,,,,,,,,
1169398,2018/19,2019-01-18,Sylhet International Cricket Stadium,2,3.3,Comilla Victorians,Khulna Titans,Tamim Iqbal,Anamul Haque,CR Brathwaite,1,0,,,,,,,,,
1169398,2018/19,2019-01-18,Sylhet International Cricket Stadium,2,3.4,Comilla Victorians,Khulna Titans,Anamul Haque,Tamim Iqbal,CR Brathwaite,0,0,,,,,,,,,
1169398,2018/19,2019-01-18,Sylhet International Cricket Stadium,2,3.5,Comilla Victorians,Khulna Titans,Anamul Haque,Tamim Iqbal,CR Brathwaite,4,0,,,,,,,,,
1169398,2018/19,2019-01-18,Sylhet International Cricket Stadium,2,3.6,Comilla Victorians,Khulna Titans,Anamul Haque,Tamim Iqbal,CR Brathwaite,1,0,,,,,,,,,
1169398,2018/19,2019-01-18,Sylhet International Cricket Stadium,2,4.1,Comilla Victorians,Khulna Titans,Anamul Haque,Tamim Iqbal,SL Malinga,1,0,,,,,,,,,
1169398,2018/19,2019-01-18,Sylhet International Cricket Stadium,2,4.2,Comilla Victorians,Khulna Titans,Tamim Iqbal,Anamul Haque,SL Malinga,0,0,,,,,,,,,
1169398,2018/19,2019-01-18,Sylhet International Cricket Stadium,2,4.3,Comilla Victorians,Khulna Titans,Tamim Iqbal,Anamul Haque,SL Malinga,1,0,,,,,,,,,
1169398,2018/19,2019-01-18,Sylhet International Cricket Stadium,2,4.4,Comilla Victorians,Khulna Titans,Anamul Haque,Tamim Iqbal,SL Malinga,0,0,,,,,,,,,
1169398,2018/19,2019-01-18,Sylhet International Cricket Stadium,2,4.5,Comilla Victorians,Khulna Titans,Anamul Haque,Tamim Iqbal,SL Malinga,1,0,,,,,,,,,
1169398,2018/19,2019-01-18,Sylhet International Cricket Stadium,2,4.6,Comilla Victorians,Khulna Titans,Tamim Iqbal,Anamul Haque,SL Malinga,1,0,,,,,,,,,
1169398,2018/19,2019-01-18,Sylhet International Cricket Stadium,2,5.1,Comilla Victorians,Khulna Titans,Tamim Iqbal,Anamul Haque,CR Brathwaite,4,0,,,,,,,,,
1169398,2018/19,2019-01-18,Sylhet International Cricket Stadium,2,5.2,Comilla Victorians,Khulna Titans,Tamim Iqbal,Anamul Haque,CR Brathwaite,1,0,,,,,,,,,
1169398,2018/19,2019-01-18,Sylhet International Cricket Stadium,2,5.3,Comilla Victorians,Khulna Titans,Anamul Haque,Tamim Iqbal,CR Brathwaite,1,0,,,,,,,,,
1169398,2018/19,2019-01-18,Sylhet International Cricket Stadium,2,5.4,Comilla Victorians,Khulna Titans,Tamim Iqbal,Anamul Haque,CR Brathwaite,4,0,,,,,,,,,
1169398,2018/19,2019-01-18,Sylhet International Cricket Stadium,2,5.5,Comilla Victorians,Khulna Titans,Tamim Iqbal,Anamul Haque,CR Brathwaite,4,0,,,,,,,,,
1169398,2018/19,2019-01-18,Sylhet International Cricket Stadium,2,5.6,Comilla Victorians,Khulna Titans,Tamim Iqbal,Anamul Haque,CR Brathwaite,4,0,,,,,,,,,
1169398,2018/19,2019-01-18,Sylhet International Cricket Stadium,2,6.1,Comilla Victorians,Khulna Titans,Anamul Haque,Tamim Iqbal,Taijul Islam,0,0,,,,,,,,,
1169398,2018/19,2019-01-18,Sylhet International Cricket Stadium,2,6.2,Comilla Victorians,Khulna Titans,Anamul Haque,Tamim Iqbal,Taijul Islam,1,0,,,,,,,,,
1169398,2018/19,2019-01-18,Sylhet International Cricket Stadium,2,6.3,Comilla Victorians,Khulna Titans,Tamim Iqbal,Anamul Haque,Taijul Islam,4,0,,,,,,,,,
1169398,2018/19,2019-01-18,Sylhet International Cricket Stadium,2,6.4,Comilla Victorians,Khulna Titans,Tamim Iqbal,Anamul Haque,Taijul Islam,2,0,,,,,,,,,
1169398,2018/19,2019-01-18,Sylhet International Cricket Stadium,2,6.5,Comilla Victorians,Khulna Titans,Tamim Iqbal,Anamul Haque,Taijul Islam,1,0,,,,,,,,,
1169398,2018/19,2019-01-18,Sylhet International Cricket Stadium,2,6.6,Comilla Victorians,Khulna Titans,Anamul Haque,Tamim Iqbal,Taijul Islam,1,0,,,,,,,,,
1169398,2018/19,2019-01-18,Sylhet International Cricket Stadium,2,7.1,Comilla Victorians,Khulna Titans,Anamul Haque,Tamim Iqbal,Ariful Haque,4,0,,,,,,,,,
1169398,2018/19,2019-01-18,Sylhet International Cricket Stadium,2,7.2,Comilla Victorians,Khulna Titans,Anamul Haque,Tamim Iqbal,Ariful Haque,1,0,,,,,,,,,
1169398,2018/19,2019-01-18,Sylhet International Cricket Stadium,2,7.3,Comilla Victorians,Khulna Titans,Tamim Iqbal,Anamul Haque,Ariful Haque,1,0,,,,,,,,,
1169398,2018/19,2019-01-18,Sylhet International Cricket Stadium,2,7.4,Comilla Victorians,Khulna Titans,Anamul Haque,Tamim Iqbal,Ariful Haque,4,0,,,,,,,,,
1169398,2018/19,2019-01-18,Sylhet International Cricket Stadium,2,7.5,Comilla Victorians,Khulna Titans,Anamul Haque,Tamim Iqbal,Ariful Haque,1,0,,,,,,,,,
1169398,2018/19,2019-01-18,Sylhet International Cricket Stadium,2,7.6,Comilla Victorians,Khulna Titans,Tamim Iqbal,Anamul Haque,Ariful Haque,0,1,1,,,,,,,,
1169398,2018/19,2019-01-18,Sylhet International Cricket Stadium,2,7.7,Comilla Victorians,Khulna Titans,Tamim Iqbal,Anamul Haque,Ariful Haque,1,0,,,,,,,,,
1169398,2018/19,2019-01-18,Sylhet International Cricket Stadium,2,8.1,Comilla Victorians,Khulna Titans,Tamim Iqbal,Anamul Haque,Taijul Islam,1,0,,,,,,,,,
1169398,2018/19,2019-01-18,Sylhet International Cricket Stadium,2,8.2,Comilla Victorians,Khulna Titans,Anamul Haque,Tamim Iqbal,Taijul Islam,4,0,,,,,,,,,
1169398,2018/19,2019-01-18,Sylhet International Cricket Stadium,2,8.3,Comilla Victorians,Khulna Titans,Anamul Haque,Tamim Iqbal,Taijul Islam,1,0,,,,,,,,,
1169398,2018/19,2019-01-18,Sylhet International Cricket Stadium,2,8.4,Comilla Victorians,Khulna Titans,Tamim Iqbal,Anamul Haque,Taijul Islam,1,0,,,,,,,,,
1169398,2018/19,2019-01-18,Sylhet International Cricket Stadium,2,8.5,Comilla Victorians,Khulna Titans,Anamul Haque,Tamim Iqbal,Taijul Islam,1,0,,,,,,,,,
1169398,2018/19,2019-01-18,Sylhet International Cricket Stadium,2,8.6,Comilla Victorians,Khulna Titans,Tamim Iqbal,Anamul Haque,Taijul Islam,0,0,,,,,,,,,
1169398,2018/19,2019-01-18,Sylhet International Cricket Stadium,2,9.1,Comilla Victorians,Khulna Titans,Anamul Haque,Tamim Iqbal,Al-Amin,1,0,,,,,,,,,
1169398,2018/19,2019-01-18,Sylhet International Cricket Stadium,2,9.2,Comilla Victorians,Khulna Titans,Tamim Iqbal,Anamul Haque,Al-Amin,4,0,,,,,,,,,
1169398,2018/19,2019-01-18,Sylhet International Cricket Stadium,2,9.3,Comilla Victorians,Khulna Titans,Tamim Iqbal,Anamul Haque,Al-Amin,0,1,1,,,,,,,,
1169398,2018/19,2019-01-18,Sylhet International Cricket Stadium,2,9.4,Comilla Victorians,Khulna Titans,Tamim Iqbal,Anamul Haque,Al-Amin,1,0,,,,,,,,,
1169398,2018/19,2019-01-18,Sylhet International Cricket Stadium,2,9.5,Comilla Victorians,Khulna Titans,Anamul Haque,Tamim Iqbal,Al-Amin,1,0,,,,,,,,,
1169398,2018/19,2019-01-18,Sylhet International Cricket Stadium,2,9.6,Comilla Victorians,Khulna Titans,Tamim Iqbal,Anamul Haque,Al-Amin,4,0,,,,,,,,,
1169398,2018/19,2019-01-18,Sylhet International Cricket Stadium,2,9.7,Comilla Victorians,Khulna Titans,Tamim Iqbal,Anamul Haque,Al-Amin,4,0,,,,,,,,,
1169398,2018/19,2019-01-18,Sylhet International Cricket Stadium,2,10.1,Comilla Victorians,Khulna Titans,Anamul Haque,Tamim Iqbal,Junaid Khan,0,0,,,,,,,,,
1169398,2018/19,2019-01-18,Sylhet International Cricket Stadium,2,10.2,Comilla Victorians,Khulna Titans,Anamul Haque,Tamim Iqbal,Junaid Khan,0,0,,,,,,,,,
1169398,2018/19,2019-01-18,Sylhet International Cricket Stadium,2,10.3,Comilla Victorians,Khulna Titans,Anamul Haque,Tamim Iqbal,Junaid Khan,1,0,,,,,,,,,
1169398,2018/19,2019-01-18,Sylhet International Cricket Stadium,2,10.4,Comilla Victorians,Khulna Titans,Tamim Iqbal,Anamul Haque,Junaid Khan,4,0,,,,,,,,,
1169398,2018/19,2019-01-18,Sylhet International Cricket Stadium,2,10.5,Comilla Victorians,Khulna Titans,Tamim Iqbal,Anamul Haque,Junaid Khan,0,0,,,,,,,,,
1169398,2018/19,2019-01-18,Sylhet International Cricket Stadium,2,10.6,Comilla Victorians,Khulna Titans,Tamim Iqbal,Anamul Haque,Junaid Khan,1,0,,,,,,,,,
1169398,2018/19,2019-01-18,Sylhet International Cricket Stadium,2,11.1,Comilla Victorians,Khulna Titans,Tamim Iqbal,Anamul Haque,Mahmudullah,1,0,,,,,,,,,
1169398,2018/19,2019-01-18,Sylhet International Cricket Stadium,2,11.2,Comilla Victorians,Khulna Titans,Anamul Haque,Tamim Iqbal,Mahmudullah,1,0,,,,,,,,,
1169398,2018/19,2019-01-18,Sylhet International Cricket Stadium,2,11.3,Comilla Victorians,Khulna Titans,Tamim Iqbal,Anamul Haque,Mahmudullah,1,0,,,,,,,,,
1169398,2018/19,2019-01-18,Sylhet International Cricket Stadium,2,11.4,Comilla Victorians,Khulna Titans,Anamul Haque,Tamim Iqbal,Mahmudullah,0,0,,,,,,,,,
1169398,2018/19,2019-01-18,Sylhet International Cricket Stadium,2,11.5,Comilla Victorians,Khulna Titans,Anamul Haque,Tamim Iqbal,Mahmudullah,1,0,,,,,,,,,
1169398,2018/19,2019-01-18,Sylhet International Cricket Stadium,2,11.6,Comilla Victorians,Khulna Titans,Tamim Iqbal,Anamul Haque,Mahmudullah,1,0,,,,,,,,,
1169398,2018/19,2019-01-18,Sylhet International Cricket Stadium,2,12.1,Comilla Victorians,Khulna Titans,Tamim Iqbal,Anamul Haque,SL Malinga,0,0,,,,,,caught,Tamim Iqbal,,
1169398,2018/19,2019-01-18,Sylhet International Cricket Stadium,2,12.2,Comilla Victorians,Khulna Titans,Anamul Haque,Imrul Kayes,SL Malinga,1,0,,,,,,,,,
1169398,2018/19,2019-01-18,Sylhet International Cricket Stadium,2,12.3,Comilla Victorians,Khulna Titans,Imrul Kayes,Anamul Haque,SL Malinga,0,1,1,,,,,,,,
1169398,2018/19,2019-01-18,Sylhet International Cricket Stadium,2,12.4,Comilla Victorians,Khulna Titans,Imrul Kayes,Anamul Haque,SL Malinga,1,0,,,,,,,,,
1169398,2018/19,2019-01-18,Sylhet International Cricket Stadium,2,12.5,Comilla Victorians,Khulna Titans,Anamul Haque,Imrul Kayes,SL Malinga,0,0,,,,,,,,,
1169398,2018/19,2019-01-18,Sylhet International Cricket Stadium,2,12.6,Comilla Victorians,Khulna Titans,Anamul Haque,Imrul Kayes,SL Malinga,0,0,,,,,,,,,
1169398,2018/19,2019-01-18,Sylhet International Cricket Stadium,2,12.7,Comilla Victorians,Khulna Titans,Anamul Haque,Imrul Kayes,SL Malinga,1,0,,,,,,,,,
1169398,2018/19,2019-01-18,Sylhet International Cricket Stadium,2,13.1,Comilla Victorians,Khulna Titans,Anamul Haque,Imrul Kayes,Mahmudullah,1,0,,,,,,,,,
1169398,2018/19,2019-01-18,Sylhet International Cricket Stadium,2,13.2,Comilla Victorians,Khulna Titans,Imrul Kayes,Anamul Haque,Mahmudullah,6,0,,,,,,,,,
1169398,2018/19,2019-01-18,Sylhet International Cricket Stadium,2,13.3,Comilla Victorians,Khulna Titans,Imrul Kayes,Anamul Haque,Mahmudullah,1,0,,,,,,,,,
1169398,2018/19,2019-01-18,Sylhet International Cricket Stadium,2,13.4,Comilla Victorians,Khulna Titans,Anamul Haque,Imrul Kayes,Mahmudullah,0,0,,,,,,caught,Anamul Haque,,
1169398,2018/19,2019-01-18,Sylhet International Cricket Stadium,2,13.5,Comilla Victorians,Khulna Titans,Imrul Kayes,Shamsur Rahman,Mahmudullah,1,0,,,,,,,,,
1169398,2018/19,2019-01-18,Sylhet International Cricket Stadium,2,13.6,Comilla Victorians,Khulna Titans,Shamsur Rahman,Imrul Kayes,Mahmudullah,1,0,,,,,,,,,
1169398,2018/19,2019-01-18,Sylhet International Cricket Stadium,2,14.1,Comilla Victorians,Khulna Titans,Shamsur Rahman,Imrul Kayes,CR Brathwaite,0,0,,,,,,run out,Shamsur Rahman,,
1169398,2018/19,2019-01-18,Sylhet International Cricket Stadium,2,14.2,Comilla Victorians,Khulna Titans,Imrul Kayes,LA Dawson,CR Brathwaite,6,0,,,,,,,,,
1169398,2018/19,2019-01-18,Sylhet International Cricket Stadium,2,14.3,Comilla Victorians,Khulna Titans,Imrul Kayes,LA Dawson,CR Brathwaite,6,0,,,,,,,,,
1169398,2018/19,2019-01-18,Sylhet International Cricket Stadium,2,14.4,Comilla Victorians,Khulna Titans,Imrul Kayes,LA Dawson,CR Brathwaite,1,0,,,,,,,,,
1169398,2018/19,2019-01-18,Sylhet International Cricket Stadium,2,14.5,Comilla Victorians,Khulna Titans,LA Dawson,Imrul Kayes,CR Brathwaite,0,0,,,,,,,,,
1169398,2018/19,2019-01-18,Sylhet International Cricket Stadium,2,14.6,Comilla Victorians,Khulna Titans,LA Dawson,Imrul Kayes,CR Brathwaite,0,0,,,,,,,,,
1169398,2018/19,2019-01-18,Sylhet International Cricket Stadium,2,15.1,Comilla Victorians,Khulna Titans,Imrul Kayes,LA Dawson,Mahmudullah,0,1,1,,,,,,,,
1169398,2018/19,2019-01-18,Sylhet International Cricket Stadium,2,15.2,Comilla Victorians,Khulna Titans,Imrul Kayes,LA Dawson,Mahmudullah,4,0,,,,,,,,,
1169398,2018/19,2019-01-18,Sylhet International Cricket Stadium,2,15.3,Comilla Victorians,Khulna Titans,Imrul Kayes,LA Dawson,Mahmudullah,1,0,,,,,,,,,
1169398,2018/19,2019-01-18,Sylhet International Cricket Stadium,2,15.4,Comilla Victorians,Khulna Titans,LA Dawson,Imrul Kayes,Mahmudullah,1,0,,,,,,,,,
1169398,2018/19,2019-01-18,Sylhet International Cricket Stadium,2,15.5,Comilla Victorians,Khulna Titans,Imrul Kayes,LA Dawson,Mahmudullah,1,0,,,,,,,,,
1169398,2018/19,2019-01-18,Sylhet International Cricket Stadium,2,15.6,Comilla Victorians,Khulna Titans,LA Dawson,Imrul Kayes,Mahmudullah,2,0,,,,,,,,,
1169398,2018/19,2019-01-18,Sylhet International Cricket Stadium,2,15.7,Comilla Victorians,Khulna Titans,LA Dawson,Imrul Kayes,Mahmudullah,1,0,,,,,,,,,
1169398,2018/19,2019-01-18,Sylhet International Cricket Stadium,2,16.1,Comilla Victorians,Khulna Titans,LA Dawson,Imrul Kayes,Junaid Khan,0,0,,,,,,,,,
1169398,2018/19,2019-01-18,Sylhet International Cricket Stadium,2,16.2,Comilla Victorians,Khulna Titans,LA Dawson,Imrul Kayes,Junaid Khan,0,0,,,,,,caught,LA Dawson,,
1169398,2018/19,2019-01-18,Sylhet International Cricket Stadium,2,16.3,Comilla Victorians,Khulna Titans,Imrul Kayes,NLTC Perera,Junaid Khan,0,0,,,,,,caught,Imrul Kayes,,
1169398,2018/19,2019-01-18,Sylhet International Cricket Stadium,2,16.4,Comilla Victorians,Khulna Titans,NLTC Perera,Shahid Afridi,Junaid Khan,1,0,,,,,,,,,
1169398,2018/19,2019-01-18,Sylhet International Cricket Stadium,2,16.5,Comilla Victorians,Khulna Titans,Shahid Afridi,NLTC Perera,Junaid Khan,0,0,,,,,,,,,
1169398,2018/19,2019-01-18,Sylhet International Cricket Stadium,2,16.6,Comilla Victorians,Khulna Titans,Shahid Afridi,NLTC Perera,Junaid Khan,0,0,,,,,,,,,
1169398,2018/19,2019-01-18,Sylhet International Cricket Stadium,2,17.1,Comilla Victorians,Khulna Titans,NLTC Perera,Shahid Afridi,SL Malinga,1,0,,,,,,,,,
1169398,2018/19,2019-01-18,Sylhet International Cricket Stadium,2,17.2,Comilla Victorians,Khulna Titans,Shahid Afridi,NLTC Perera,SL Malinga,1,0,,,,,,,,,
1169398,2018/19,2019-01-18,Sylhet International Cricket Stadium,2,17.3,Comilla Victorians,Khulna Titans,NLTC Perera,Shahid Afridi,SL Malinga,1,0,,,,,,,,,
1169398,2018/19,2019-01-18,Sylhet International Cricket Stadium,2,17.4,Comilla Victorians,Khulna Titans,Shahid Afridi,NLTC Perera,SL Malinga,0,1,1,,,,,,,,
1169398,2018/19,2019-01-18,Sylhet International Cricket Stadium,2,17.5,Comilla Victorians,Khulna Titans,Shahid Afridi,NLTC Perera,SL Malinga,0,0,,,,,,,,,
1169398,2018/19,2019-01-18,Sylhet International Cricket Stadium,2,17.6,Comilla Victorians,Khulna Titans,Shahid Afridi,NLTC Perera,SL Malinga,4,0,,,,,,,,,
1169398,2018/19,2019-01-18,Sylhet International Cricket Stadium,2,17.7,Comilla Victorians,Khulna Titans,Shahid Afridi,NLTC Perera,SL Malinga,1,0,,,,,,,,,
1169398,2018/19,2019-01-18,Sylhet International Cricket Stadium,2,18.1,Comilla Victorians,Khulna Titans,Shahid Afridi,NLTC Perera,Junaid Khan,6,0,,,,,,,,,
1169398,2018/19,2019-01-18,Sylhet International Cricket Stadium,2,18.2,Comilla Victorians,Khulna Titans,Shahid Afridi,NLTC Perera,Junaid Khan,0,0,,,,,,,,,
1169398,2018/19,2019-01-18,Sylhet International Cricket Stadium,2,18.3,Comilla Victorians,Khulna Titans,Shahid Afridi,NLTC Perera,Junaid Khan,0,0,,,,,,caught,Shahid Afridi,,
1169398,2018/19,2019-01-18,Sylhet International Cricket Stadium,2,18.4,Comilla Victorians,Khulna Titans,NLTC Perera,Ziaur Rahman,Junaid Khan,4,0,,,,,,,,,
1169398,2018/19,2019-01-18,Sylhet International Cricket Stadium,2,18.5,Comilla Victorians,Khulna Titans,NLTC Perera,Ziaur Rahman,Junaid Khan,1,0,,,,,,,,,
1169398,2018/19,2019-01-18,Sylhet International Cricket Stadium,2,18.6,Comilla Victorians,Khulna Titans,Ziaur Rahman,NLTC Perera,Junaid Khan,0,0,,,,,,caught,Ziaur Rahman,,
1169398,2018/19,2019-01-18,Sylhet International Cricket Stadium,2,19.1,Comilla Victorians,Khulna Titans,Mohammad Saifuddin,NLTC Perera,CR Brathwaite,0,1,1,,,,,,,,
1169398,2018/19,2019-01-18,Sylhet International Cricket Stadium,2,19.2,Comilla Victorians,Khulna Titans,Mohammad Saifuddin,NLTC Perera,CR Brathwaite,0,0,,,,,,,,,
1169398,2018/19,2019-01-18,Sylhet International Cricket Stadium,2,19.3,Comilla Victorians,Khulna Titans,Mohammad Saifuddin,NLTC Perera,CR Brathwaite,1,0,,,,,,,,,
1169398,2018/19,2019-01-18,Sylhet International Cricket Stadium,2,19.4,Comilla Victorians,Khulna Titans,NLTC Perera,Mohammad Saifuddin,CR Brathwaite,4,0,,,,,,,,,
1169398,2018/19,2019-01-18,Sylhet International Cricket Stadium,2,19.5,Comilla Victorians,Khulna Titans,NLTC Perera,Mohammad Saifuddin,CR Brathwaite,6,0,,,,,,,,,
