match_id,season,start_date,venue,innings,ball,batting_team,bowling_team,striker,non_striker,bowler,runs_off_bat,extras,wides,noballs,byes,legbyes,penalty,wicket_type,player_dismissed,other_wicket_type,other_player_dismissed
1169404,2018/19,2019-01-22,"Shere Bangla National Stadium, Mirpur",1,0.1,Comilla Victorians,Dhaka Dynamites,Tamim Iqbal,Anamul Haque,AD Russell,0,1,1,,,,,,,,
1169404,2018/19,2019-01-22,"Shere Bangla National Stadium, Mirpur",1,0.2,Comilla Victorians,Dhaka Dynamites,Tamim Iqbal,Anamul Haque,AD Russell,4,0,,,,,,,,,
1169404,2018/19,2019-01-22,"Shere Bangla National Stadium, Mirpur",1,0.3,Comilla Victorians,Dhaka Dynamites,Tamim Iqbal,Anamul Haque,AD Russell,1,0,,,,,,,,,
1169404,2018/19,2019-01-22,"Shere Bangla National Stadium, Mirpur",1,0.4,Comilla Victorians,Dhaka Dynamites,Anamul Haque,Tamim Iqbal,AD Russell,0,0,,,,,,,,,
1169404,2018/19,2019-01-22,"Shere Bangla National Stadium, Mirpur",1,0.5,Comilla Victorians,Dhaka Dynamites,Anamul Haque,Tamim Iqbal,AD Russell,0,0,,,,,,,,,
1169404,2018/19,2019-01-22,"Shere Bangla National Stadium, Mirpur",1,0.6,Comilla Victorians,Dhaka Dynamites,Anamul Haque,Tamim Iqbal,AD Russell,0,0,,,,,,,,,
1169404,2018/19,2019-01-22,"Shere Bangla National Stadium, Mirpur",1,0.7,Comilla Victorians,Dhaka Dynamites,Anamul Haque,Tamim Iqbal,AD Russell,0,0,,,,,,,,,
1169404,2018/19,2019-01-22,"Shere Bangla National Stadium, Mirpur",1,1.1,Comilla Victorians,Dhaka Dynamites,Tamim Iqbal,Anamul Haque,Shakib Al Hasan,0,1,1,,,,,,,,
1169404,2018/19,2019-01-22,"Shere Bangla National Stadium, Mirpur",1,1.2,Comilla Victorians,Dhaka Dynamites,Tamim Iqbal,Anamul Haque,Shakib Al Hasan,6,0,,,,,,,,,
1169404,2018/19,2019-01-22,"Shere Bangla National Stadium, Mirpur",1,1.3,Comilla Victorians,Dhaka Dynamites,Tamim Iqbal,Anamul Haque,Shakib Al Hasan,2,0,,,,,,,,,
1169404,2018/19,2019-01-22,"Shere Bangla National Stadium, Mirpur",1,1.4,Comilla Victorians,Dhaka Dynamites,Tamim Iqbal,Anamul Haque,Shakib Al Hasan,0,0,,,,,,,,,
1169404,2018/19,2019-01-22,"Shere Bangla National Stadium, Mirpur",1,1.5,Comilla Victorians,Dhaka Dynamites,Tamim Iqbal,Anamul Haque,Shakib Al Hasan,1,0,,,,,,,,,
1169404,2018/19,2019-01-22,"Shere Bangla National Stadium, Mirpur",1,1.6,Comilla Victorians,Dhaka Dynamites,Anamul Haque,Tamim Iqbal,Shakib Al Hasan,0,0,,,,,,,,,
1169404,2018/19,2019-01-22,"Shere Bangla National Stadium, Mirpur",1,1.7,Comilla Victorians,Dhaka Dynamites,Anamul Haque,Tamim Iqbal,Shakib Al Hasan,1,0,,,,,,,,,
1169404,2018/19,2019-01-22,"Shere Bangla National Stadium, Mirpur",1,2.1,Comilla Victorians,Dhaka Dynamites,Anamul Haque,Tamim Iqbal,AD Russell,0,0,,,,,,caught,Anamul Haque,,
1169404,2018/19,2019-01-22,"Shere Bangla National Stadium, Mirpur",1,2.2,Comilla Victorians,Dhaka Dynamites,Imrul Kayes,Tamim Iqbal,AD Russell,0,0,,,,,,,,,
1169404,2018/19,2019-01-22,"Shere Bangla National Stadium, Mirpur",1,2.3,Comilla Victorians,Dhaka Dynamites,Imrul Kayes,Tamim Iqbal,AD Russell,1,0,,,,,,,,,
1169404,2018/19,2019-01-22,"Shere Bangla National Stadium, Mirpur",1,2.4,Comilla Victorians,Dhaka Dynamites,Tamim Iqbal,Imrul Kayes,AD Russell,1,0,,,,,,,,,
1169404,2018/19,2019-01-22,"Shere Bangla National Stadium, Mirpur",1,2.5,Comilla Victorians,Dhaka Dynamites,Imrul Kayes,Tamim Iqbal,AD Russell,0,0,,,,,,,,,
1169404,2018/19,2019-01-22,"Shere Bangla National Stadium, Mirpur",1,2.6,Comilla Victorians,Dhaka Dynamites,Imrul Kayes,Tamim Iqbal,AD Russell,0,0,,,,,,,,,
1169404,2018/19,2019-01-22,"Shere Bangla National Stadium, Mirpur",1,3.1,Comilla Victorians,Dhaka Dynamites,Tamim Iqbal,Imrul Kayes,SP Narine,0,0,,,,,,,,,
1169404,2018/19,2019-01-22,"Shere Bangla National Stadium, Mirpur",1,3.2,Comilla Victorians,Dhaka Dynamites,Tamim Iqbal,Imrul Kayes,SP Narine,1,0,,,,,,,,,
1169404,2018/19,2019-01-22,"Shere Bangla National Stadium, Mirpur",1,3.3,Comilla Victorians,Dhaka Dynamites,Imrul Kayes,Tamim Iqbal,SP Narine,0,0,,,,,,,,,
1169404,2018/19,2019-01-22,"Shere Bangla National Stadium, Mirpur",1,3.4,Comilla Victorians,Dhaka Dynamites,Imrul Kayes,Tamim Iqbal,SP Narine,6,0,,,,,,,,,
1169404,2018/19,2019-01-22,"Shere Bangla National Stadium, Mirpur",1,3.5,Comilla Victorians,Dhaka Dynamites,Imrul Kayes,Tamim Iqbal,SP Narine,0,0,,,,,,,,,
1169404,2018/19,2019-01-22,"Shere Bangla National Stadium, Mirpur",1,3.6,Comilla Victorians,Dhaka Dynamites,Imrul Kayes,Tamim Iqbal,SP Narine,0,0,,,,,,,,,
1169404,2018/19,2019-01-22,"Shere Bangla National Stadium, Mirpur",1,4.1,Comilla Victorians,Dhaka Dynamites,Tamim Iqbal,Imrul Kayes,Rubel Hossain,0,0,,,,,,,,,
1169404,2018/19,2019-01-22,"Shere Bangla National Stadium, Mirpur",1,4.2,Comilla Victorians,Dhaka Dynamites,Tamim Iqbal,Imrul Kayes,Rubel Hossain,0,0,,,,,,,,,
1169404,2018/19,2019-01-22,"Shere Bangla National Stadium, Mirpur",1,4.3,Comilla Victorians,Dhaka Dynamites,Tamim Iqbal,Imrul Kayes,Rubel Hossain,1,0,,,,,,,,,
1169404,2018/19,2019-01-22,"Shere Bangla National Stadium, Mirpur",1,4.4,Comilla Victorians,Dhaka Dynamites,Imrul Kayes,Tamim Iqbal,Rubel Hossain,0,0,,,,,,bowled,Imrul Kayes,,
1169404,2018/19,2019-01-22,"Shere Bangla National Stadium, Mirpur",1,4.5,Comilla Victorians,Dhaka Dynamites,Shamsur Rahman,Tamim Iqbal,Rubel Hossain,0,0,,,,,,,,,
1169404,2018/19,2019-01-22,"Shere Bangla National Stadium, Mirpur",1,4.6,Comilla Victorians,Dhaka Dynamites,Shamsur Rahman,Tamim Iqbal,Rubel Hossain,4,0,,,,,,,,,
1169404,2018/19,2019-01-22,"Shere Bangla National Stadium, Mirpur",1,5.1,Comilla Victorians,Dhaka Dynamites,Tamim Iqbal,Shamsur Rahman,Mohor Sheikh,0,0,,,,,,,,,
1169404,2018/19,2019-01-22,"Shere Bangla National Stadium, Mirpur",1,5.2,Comilla Victorians,Dhaka Dynamites,Tamim Iqbal,Shamsur Rahman,Mohor Sheikh,0,0,,,,,,,,,
1169404,2018/19,2019-01-22,"Shere Bangla National Stadium, Mirpur",1,5.3,Comilla Victorians,Dhaka Dynamites,Tamim Iqbal,Shamsur Rahman,Mohor Sheikh,1,0,,,,,,,,,
1169404,2018/19,2019-01-22,"Shere Bangla National Stadium, Mirpur",1,5.4,Comilla Victorians,Dhaka Dynamites,Shamsur Rahman,Tamim Iqbal,Mohor Sheikh,0,0,,,,,,,,,
1169404,2018/19,2019-01-22,"Shere Bangla National Stadium, Mirpur",1,5.5,Comilla Victorians,Dhaka Dynamites,Shamsur Rahman,Tamim Iqbal,Mohor Sheikh,0,0,,,,,,,,,
1169404,2018/19,2019-01-22,"Shere Bangla National Stadium, Mirpur",1,5.6,Comilla Victorians,Dhaka Dynamites,Shamsur Rahman,Tamim Iqbal,Mohor Sheikh,1,0,,,,,,,,,
1169404,2018/19,2019-01-22,"Shere Bangla National Stadium, Mirpur",1,6.1,Comilla Victorians,Dhaka Dynamites,Shamsur Rahman,Tamim Iqbal,Rubel Hossain,1,0,,,,,,,,,
1169404,2018/19,2019-01-22,"Shere Bangla National Stadium, Mirpur",1,6.2,Comilla Victorians,Dhaka Dynamites,Tamim Iqbal,Shamsur Rahman,Rubel Hossain,1,0,,,,,,,,,
1169404,2018/19,2019-01-22,"Shere Bangla National Stadium, Mirpur",1,6.3,Comilla Victorians,Dhaka Dynamites,Shamsur Rahman,Tamim Iqbal,Rubel Hossain,0,0,,,,,,,,,
1169404,2018/19,2019-01-22,"Shere Bangla National Stadium, Mirpur",1,6.4,Comilla Victorians,Dhaka Dynamites,Shamsur Rahman,Tamim Iqbal,Rubel Hossain,2,0,,,,,,,,,
1169404,2018/19,2019-01-22,"Shere Bangla National Stadium, Mirpur",1,6.5,Comilla Victorians,Dhaka Dynamites,Shamsur Rahman,Tamim Iqbal,Rubel Hossain,0,1,,,,1,,,,,
1169404,2018/19,2019-01-22,"Shere Bangla National Stadium, Mirpur",1,6.6,Comilla Victorians,Dhaka Dynamites,Tamim Iqbal,Shamsur Rahman,Rubel Hossain,2,0,,,,,,,,,
1169404,2018/19,2019-01-22,"Shere Bangla National Stadium, Mirpur",1,7.1,Comilla Victorians,Dhaka Dynamites,Shamsur Rahman,Tamim Iqbal,Shakib Al Hasan,1,0,,,,,,,,,
1169404,2018/19,2019-01-22,"Shere Bangla National Stadium, Mirpur",1,7.2,Comilla Victorians,Dhaka Dynamites,Tamim Iqbal,Shamsur Rahman,Shakib Al Hasan,0,0,,,,,,,,,
1169404,2018/19,2019-01-22,"Shere Bangla National Stadium, Mirpur",1,7.3,Comilla Victorians,Dhaka Dynamites,Tamim Iqbal,Shamsur Rahman,Shakib Al Hasan,1,0,,,,,,,,,
1169404,2018/19,2019-01-22,"Shere Bangla National Stadium, Mirpur",1,7.4,Comilla Victorians,Dhaka Dynamites,Shamsur Rahman,Tamim Iqbal,Shakib Al Hasan,0,1,,,,1,,,,,
1169404,2018/19,2019-01-22,"Shere Bangla National Stadium, Mirpur",1,7.5,Comilla Victorians,Dhaka Dynamites,Tamim Iqbal,Shamsur Rahman,Shakib Al Hasan,1,0,,,,,,,,,
1169404,2018/19,2019-01-22,"Shere Bangla National Stadium, Mirpur",1,7.6,Comilla Victorians,Dhaka Dynamites,Shamsur Rahman,Tamim Iqbal,Shakib Al Hasan,1,0,,,,,,,,,
1169404,2018/19,2019-01-22,"Shere Bangla National Stadium, Mirpur",1,8.1,Comilla Victorians,Dhaka Dynamites,Shamsur Rahman,Tamim Iqbal,Mohor Sheikh,4,0,,,,,,,,,
1169404,2018/19,2019-01-22,"Shere Bangla National Stadium, Mirpur",1,8.2,Comilla Victorians,Dhaka Dynamites,Shamsur Rahman,Tamim Iqbal,Mohor Sheikh,1,0,,,,,,,,,
1169404,2018/19,2019-01-22,"Shere Bangla National Stadium, Mirpur",1,8.3,Comilla Victorians,Dhaka Dynamites,Tamim Iqbal,Shamsur Rahman,Mohor Sheikh,1,0,,,,,,,,,
1169404,2018/19,2019-01-22,"Shere Bangla National Stadium, Mirpur",1,8.4,Comilla Victorians,Dhaka Dynamites,Shamsur Rahman,Tamim Iqbal,Mohor Sheikh,1,0,,,,,,,,,
1169404,2018/19,2019-01-22,"Shere Bangla National Stadium, Mirpur",1,8.5,Comilla Victorians,Dhaka Dynamites,Tamim Iqbal,Shamsur Rahman,Mohor Sheikh,1,0,,,,,,,,,
1169404,2018/19,2019-01-22,"Shere Bangla National Stadium, Mirpur",1,8.6,Comilla Victorians,Dhaka Dynamites,Shamsur Rahman,Tamim Iqbal,Mohor Sheikh,1,0,,,,,,,,,
1169404,2018/19,2019-01-22,"Shere Bangla National Stadium, Mirpur",1,9.1,Comilla Victorians,Dhaka Dynamites,Shamsur Rahman,Tamim Iqbal,SP Narine,1,0,,,,,,,,,
1169404,2018/19,2019-01-22,"Shere Bangla National Stadium, Mirpur",1,9.2,Comilla Victorians,Dhaka Dynamites,Tamim Iqbal,Shamsur Rahman,SP Narine,1,0,,,,,,,,,
1169404,2018/19,2019-01-22,"Shere Bangla National Stadium, Mirpur",1,9.3,Comilla Victorians,Dhaka Dynamites,Shamsur Rahman,Tamim Iqbal,SP Narine,1,0,,,,,,,,,
1169404,2018/19,2019-01-22,"Shere Bangla National Stadium, Mirpur",1,9.4,Comilla Victorians,Dhaka Dynamites,Tamim Iqbal,Shamsur Rahman,SP Narine,0,1,1,,,,,,,,
1169404,2018/19,2019-01-22,"Shere Bangla National Stadium, Mirpur",1,9.5,Comilla Victorians,Dhaka Dynamites,Tamim Iqbal,Shamsur Rahman,SP Narine,0,0,,,,,,,,,
1169404,2018/19,2019-01-22,"Shere Bangla National Stadium, Mirpur",1,9.6,Comilla Victorians,Dhaka Dynamites,Tamim Iqbal,Shamsur Rahman,SP Narine,1,0,,,,,,,,,
1169404,2018/19,2019-01-22,"Shere Bangla National Stadium, Mirpur",1,9.7,Comilla Victorians,Dhaka Dynamites,Shamsur Rahman,Tamim Iqbal,SP Narine,1,0,,,,,,,,,
1169404,2018/19,2019-01-22,"Shere Bangla National Stadium, Mirpur",1,10.1,Comilla Victorians,Dhaka Dynamites,Shamsur Rahman,Tamim Iqbal,Mohor Sheikh,4,0,,,,,,,,,
1169404,2018/19,2019-01-22,"Shere Bangla National Stadium, Mirpur",1,10.2,Comilla Victorians,Dhaka Dynamites,Shamsur Rahman,Tamim Iqbal,Mohor Sheikh,2,0,,,,,,,,,
1169404,2018/19,2019-01-22,"Shere Bangla National Stadium, Mirpur",1,10.3,Comilla Victorians,Dhaka Dynamites,Shamsur Rahman,Tamim Iqbal,Mohor Sheikh,2,0,,,,,,,,,
1169404,2018/19,2019-01-22,"Shere Bangla National Stadium, Mirpur",1,10.4,Comilla Victorians,Dhaka Dynamites,Shamsur Rahman,Tamim Iqbal,Mohor Sheikh,1,0,,,,,,,,,
1169404,2018/19,2019-01-22,"Shere Bangla National Stadium, Mirpur",1,10.5,Comilla Victorians,Dhaka Dynamites,Tamim Iqbal,Shamsur Rahman,Mohor Sheikh,0,0,,,,,,,,,
1169404,2018/19,2019-01-22,"Shere Bangla National Stadium, Mirpur",1,10.6,Comilla Victorians,Dhaka Dynamites,Tamim Iqbal,Shamsur Rahman,Mohor Sheikh,6,0,,,,,,,,,
1169404,2018/19,2019-01-22,"Shere Bangla National Stadium, Mirpur",1,11.1,Comilla Victorians,Dhaka Dynamites,Shamsur Rahman,Tamim Iqbal,Shakib Al Hasan,1,0,,,,,,,,,
1169404,2018/19,2019-01-22,"Shere Bangla National Stadium, Mirpur",1,11.2,Comilla Victorians,Dhaka Dynamites,Tamim Iqbal,Shamsur Rahman,Shakib Al Hasan,1,0,,,,,,,,,
1169404,2018/19,2019-01-22,"Shere Bangla National Stadium, Mirpur",1,11.3,Comilla Victorians,Dhaka Dynamites,Shamsur Rahman,Tamim Iqbal,Shakib Al Hasan,1,0,,,,,,,,,
1169404,2018/19,2019-01-22,"Shere Bangla National Stadium, Mirpur",1,11.4,Comilla Victorians,Dhaka Dynamites,Tamim Iqbal,Shamsur Rahman,Shakib Al Hasan,0,0,,,,,,caught,Tamim Iqbal,,
1169404,2018/19,2019-01-22,"Shere Bangla National Stadium, Mirpur",1,11.5,Comilla Victorians,Dhaka Dynamites,Shahid Afridi,Shamsur Rahman,Shakib Al Hasan,0,0,,,,,,,,,
1169404,2018/19,2019-01-22,"Shere Bangla National Stadium, Mirpur",1,11.6,Comilla Victorians,Dhaka Dynamites,Shahid Afridi,Shamsur Rahman,Shakib Al Hasan,4,0,,,,,,,,,
1169404,2018/19,2019-01-22,"Shere Bangla National Stadium, Mirpur",1,12.1,Comilla Victorians,Dhaka Dynamites,Shamsur Rahman,Shahid Afridi,AD Russell,2,0,,,,,,,,,
1169404,2018/19,2019-01-22,"Shere Bangla National Stadium, Mirpur",1,12.2,Comilla Victorians,Dhaka Dynamites,Shamsur Rahman,Shahid Afridi,AD Russell,2,0,,,,,,,,,
1169404,2018/19,2019-01-22,"Shere Bangla National Stadium, Mirpur",1,12.3,Comilla Victorians,Dhaka Dynamites,Shamsur Rahman,Shahid Afridi,AD Russell,6,0,,,,,,,,,
1169404,2018/19,2019-01-22,"Shere Bangla National Stadium, Mirpur",1,12.4,Comilla Victorians,Dhaka Dynamites,Shamsur Rahman,Shahid Afridi,AD Russell,0,1,1,,,,,,,,
1169404,2018/19,2019-01-22,"Shere Bangla National Stadium, Mirpur",1,12.5,Comilla Victorians,Dhaka Dynamites,Shamsur Rahman,Shahid Afridi,AD Russell,0,0,,,,,,,,,
1169404,2018/19,2019-01-22,"Shere Bangla National Stadium, Mirpur",1,12.6,Comilla Victorians,Dhaka Dynamites,Shamsur Rahman,Shahid Afridi,AD Russell,3,0,,,,,,,,,
1169404,2018/19,2019-01-22,"Shere Bangla National Stadium, Mirpur",1,12.7,Comilla Victorians,Dhaka Dynamites,Shahid Afridi,Shamsur Rahman,AD Russell,1,0,,,,,,,,,
1169404,2018/19,2019-01-22,"Shere Bangla National Stadium, Mirpur",1,13.1,Comilla Victorians,Dhaka Dynamites,Shahid Afridi,Shamsur Rahman,SP Narine,4,0,,,,,,,,,
1169404,2018/19,2019-01-22,"Shere Bangla National Stadium, Mirpur",1,13.2,Comilla Victorians,Dhaka Dynamites,Shahid Afridi,Shamsur Rahman,SP Narine,0,0,,,,,,,,,
1169404,2018/19,2019-01-22,"Shere Bangla National Stadium, Mirpur",1,13.3,Comilla Victorians,Dhaka Dynamites,Shahid Afridi,Shamsur Rahman,SP Narine,6,0,,,,,,,,,
1169404,2018/19,2019-01-22,"Shere Bangla National Stadium, Mirpur",1,13.4,Comilla Victorians,Dhaka Dynamites,Shahid Afridi,Shamsur Rahman,SP Narine,1,0,,,,,,,,,
1169404,2018/19,2019-01-22,"Shere Bangla National Stadium, Mirpur",1,13.5,Comilla Victorians,Dhaka Dynamites,Shamsur Rahman,Shahid Afridi,SP Narine,2,0,,,,,,,,,
1169404,2018/19,2019-01-22,"Shere Bangla National Stadium, Mirpur",1,13.6,Comilla Victorians,Dhaka Dynamites,Shamsur Rahman,Shahid Afridi,SP Narine,1,0,,,,,,,,,
1169404,2018/19,2019-01-22,"Shere Bangla National Stadium, Mirpur",1,14.1,Comilla Victorians,Dhaka Dynamites,Shamsur Rahman,Shahid Afridi,Shakib Al Hasan,1,0,,,,,,,,,
1169404,2018/19,2019-01-22,"Shere Bangla National Stadium, Mirpur",1,14.2,Comilla Victorians,Dhaka Dynamites,Shahid Afridi,Shamsur Rahman,Shakib Al Hasan,0,0,,,,,,caught,Shahid Afridi,,
1169404,2018/19,2019-01-22,"Shere Bangla National Stadium, Mirpur",1,14.3,Comilla Victorians,Dhaka Dynamites,Shamsur Rahman,NLTC Perera,Shakib Al Hasan,0,0,,,,,,,,,
1169404,2018/19,2019-01-22,"Shere Bangla National Stadium, Mirpur",1,14.4,Comilla Victorians,Dhaka Dynamites,Shamsur Rahman,NLTC Perera,Shakib Al Hasan,0,0,,,,,,caught,Shamsur Rahman,,
1169404,2018/19,2019-01-22,"Shere Bangla National Stadium, Mirpur",1,14.5,Comilla Victorians,Dhaka Dynamites,LA Dawson,NLTC Perera,Shakib Al Hasan,1,0,,,,,,,,,
1169404,2018/19,2019-01-22,"Shere Bangla National Stadium, Mirpur",1,14.6,Comilla Victorians,Dhaka Dynamites,NLTC Perera,LA Dawson,Shakib Al Hasan,0,0,,,,,,,,,
1169404,2018/19,2019-01-22,"Shere Bangla National Stadium, Mirpur",1,15.1,Comilla Victorians,Dhaka Dynamites,LA Dawson,NLTC Perera,SP Narine,0,0,,,,,,,,,
1169404,2018/19,2019-01-22,"Shere Bangla National Stadium, Mirpur",1,15.2,Comilla Victorians,Dhaka Dynamites,LA Dawson,NLTC Perera,SP Narine,1,0,,,,,,,,,
1169404,2018/19,2019-01-22,"Shere Bangla National Stadium, Mirpur",1,15.3,Comilla Victorians,Dhaka Dynamites,NLTC Perera,LA Dawson,SP Narine,2,0,,,,,,,,,
1169404,2018/19,2019-01-22,"Shere Bangla National Stadium, Mirpur",1,15.4,Comilla Victorians,Dhaka Dynamites,NLTC Perera,LA Dawson,SP Narine,1,0,,,,,,,,,
1169404,2018/19,2019-01-22,"Shere Bangla National Stadium, Mirpur",1,15.5,Comilla Victorians,Dhaka Dynamites,LA Dawson,NLTC Perera,SP Narine,0,0,,,,,,,,,
1169404,2018/19,2019-01-22,"Shere Bangla National Stadium, Mirpur",1,15.6,Comilla Victorians,Dhaka Dynamites,LA Dawson,NLTC Perera,SP Narine,0,0,,,,,,,,,
1169404,2018/19,2019-01-22,"Shere Bangla National Stadium, Mirpur",1,16.1,Comilla Victorians,Dhaka Dynamites,NLTC Perera,LA Dawson,Shuvagata Hom,6,0,,,,,,,,,
1169404,2018/19,2019-01-22,"Shere Bangla National Stadium, Mirpur",1,16.2,Comilla Victorians,Dhaka Dynamites,NLTC Perera,LA Dawson,Shuvagata Hom,0,0,,,,,,,,,
1169404,2018/19,2019-01-22,"Shere Bangla National Stadium, Mirpur",1,16.3,Comilla Victorians,Dhaka Dynamites,NLTC Perera,LA Dawson,Shuvagata Hom,1,0,,,,,,,,,
1169404,2018/19,2019-01-22,"Shere Bangla National Stadium, Mirpur",1,16.4,Comilla Victorians,Dhaka Dynamites,LA Dawson,NLTC Perera,Shuvagata Hom,0,0,,,,,,,,,
1169404,2018/19,2019-01-22,"Shere Bangla National Stadium, Mirpur",1,16.5,Comilla Victorians,Dhaka Dynamites,LA Dawson,NLTC Perera,Shuvagata Hom,1,0,,,,,,,,,
1169404,2018/19,2019-01-22,"Shere Bangla National Stadium, Mirpur",1,16.6,Comilla Victorians,Dhaka Dynamites,NLTC Perera,LA Dawson,Shuvagata Hom,6,0,,,,,,,,,
1169404,2018/19,2019-01-22,"Shere Bangla National Stadium, Mirpur",1,17.1,Comilla Victorians,Dhaka Dynamites,LA Dawson,NLTC Perera,Rubel Hossain,1,0,,,,,,,,,
1169404,2018/19,2019-01-22,"Shere Bangla National Stadium, Mirpur",1,17.2,Comilla Victorians,Dhaka Dynamites,NLTC Perera,LA Dawson,Rubel Hossain,1,0,,,,,,,,,
1169404,2018/19,2019-01-22,"Shere Bangla National Stadium, Mirpur",1,17.3,Comilla Victorians,Dhaka Dynamites,LA Dawson,NLTC Perera,Rubel Hossain,0,0,,,,,,,,,
1169404,2018/19,2019-01-22,"Shere Bangla National Stadium, Mirpur",1,17.4,Comilla Victorians,Dhaka Dynamites,LA Dawson,NLTC Perera,Rubel Hossain,0,1,,,,1,,,,,
1169404,2018/19,2019-01-22,"Shere Bangla National Stadium, Mirpur",1,17.5,Comilla Victorians,Dhaka Dynamites,NLTC Perera,LA Dawson,Rubel Hossain,2,0,,,,,,,,,
1169404,2018/19,2019-01-22,"Shere Bangla National Stadium, Mirpur",1,17.6,Comilla Victorians,Dhaka Dynamites,NLTC Perera,LA Dawson,Rubel Hossain,6,0,,,,,,,,,
1169404,2018/19,2019-01-22,"Shere Bangla National Stadium, Mirpur",1,18.1,Comilla Victorians,Dhaka Dynamites,LA Dawson,NLTC Perera,AD Russell,2,0,,,,,,,,,
1169404,2018/19,2019-01-22,"Shere Bangla National Stadium, Mirpur",1,18.2,Comilla Victorians,Dhaka Dynamites,LA Dawson,NLTC Perera,AD Russell,0,0,,,,,,,,,
1169404,2018/19,2019-01-22,"Shere Bangla National Stadium, Mirpur",1,18.3,Comilla Victorians,Dhaka Dynamites,LA Dawson,NLTC Perera,AD Russell,0,1,,,,1,,,,,
1169404,2018/19,2019-01-22,"Shere Bangla National Stadium, Mirpur",1,18.4,Comilla Victorians,Dhaka Dynamites,NLTC Perera,LA Dawson,AD Russell,0,0,,,,,,,,,
1169404,2018/19,2019-01-22,"Shere Bangla National Stadium, Mirpur",1,18.5,Comilla Victorians,Dhaka Dynamites,NLTC Perera,LA Dawson,AD Russell,0,1,1,,,,,,,,
1169404,2018/19,2019-01-22,"Shere Bangla National Stadium, Mirpur",1,18.6,Comilla Victorians,Dhaka Dynamites,NLTC Perera,LA Dawson,AD Russell,1,0,,,,,,,,,
1169404,2018/19,2019-01-22,"Shere Bangla National Stadium, Mirpur",1,18.7,Comilla Victorians,Dhaka Dynamites,LA Dawson,NLTC Perera,AD Russell,0,0,,,,,,caught,LA Dawson,,
1169404,2018/19,2019-01-22,"Shere Bangla National Stadium, Mirpur",1,19.1,Comilla Victorians,Dhaka Dynamites,Ziaur Rahman,NLTC Perera,Rubel Hossain,0,0,,,,,,run out,NLTC Perera,,
1169404,2018/19,2019-01-22,"Shere Bangla National Stadium, Mirpur",1,19.2,Comilla Victorians,Dhaka Dynamites,Ziaur Rahman,Mohammad Saifuddin,Rubel Hossain,0,0,,,,,,,,,
1169404,2018/19,2019-01-22,"Shere Bangla National Stadium, Mirpur",1,19.3,Comilla Victorians,Dhaka Dynamites,Ziaur Rahman,Mohammad Saifuddin,Rubel Hossain,1,0,,,,,,,,,
1169404,2018/19,2019-01-22,"Shere Bangla National Stadium, Mirpur",1,19.4,Comilla Victorians,Dhaka Dynamites,Mohammad Saifuddin,Ziaur Rahman,Rubel Hossain,0,1,,,1,,,,,,
1169404,2018/19,2019-01-22,"Shere Bangla National Stadium, Mirpur",1,19.5,Comilla Victorians,Dhaka Dynamites,Ziaur Rahman,Mohammad Saifuddin,Rubel Hossain,4,0,,,,,,,,,
1169404,2018/19,2019-01-22,"Shere Bangla National Stadium, Mirpur",1,19.6,Comilla Victorians,Dhaka Dynamites,Ziaur Rahman,Mohammad Saifuddin,Rubel Hossain,0,0,,,,,,lbw,Ziaur Rahman,,
1169404,2018/19,2019-01-22,"Shere Bangla National Stadium, Mirpur",2,0.1,Dhaka Dynamites,Comilla Victorians,Hazratullah,SP Narine,Mohammad Saifuddin,0,0,,,,,,,,,
1169404,2018/19,2019-01-22,"Shere Bangla National Stadium, Mirpur",2,0.2,Dhaka Dynamites,Comilla Victorians,Hazratullah,SP Narine,Mohammad Saifuddin,0,0,,,,,,,,,
1169404,2018/19,2019-01-22,"Shere Bangla National Stadium, Mirpur",2,0.3,Dhaka Dynamites,Comilla Victorians,Hazratullah,SP Narine,Mohammad Saifuddin,1,0,,,,,,,,,
1169404,2018/19,2019-01-22,"Shere Bangla National Stadium, Mirpur",2,0.4,Dhaka Dynamites,Comilla Victorians,SP Narine,Hazratullah,Mohammad Saifuddin,1,0,,,,,,,,,
1169404,2018/19,2019-01-22,"Shere Bangla National Stadium, Mirpur",2,0.5,Dhaka Dynamites,Comilla Victorians,Hazratullah,SP Narine,Mohammad Saifuddin,0,0,,,,,,caught,Hazratullah,,
1169404,2018/19,2019-01-22,"Shere Bangla National Stadium, Mirpur",2,0.6,Dhaka Dynamites,Comilla Victorians,SP Narine,Rony Talukdar,Mohammad Saifuddin,4,0,,,,,,,,,
1169404,2018/19,2019-01-22,"Shere Bangla National Stadium, Mirpur",2,1.1,Dhaka Dynamites,Comilla Victorians,Rony Talukdar,SP Narine,Mahedi Hasan,0,0,,,,,,,,,
1169404,2018/19,2019-01-22,"Shere Bangla National Stadium, Mirpur",2,1.2,Dhaka Dynamites,Comilla Victorians,Rony Talukdar,SP Narine,Mahedi Hasan,0,0,,,,,,,,,
1169404,2018/19,2019-01-22,"Shere Bangla National Stadium, Mirpur",2,1.3,Dhaka Dynamites,Comilla Victorians,Rony Talukdar,SP Narine,Mahedi Hasan,0,0,,,,,,,,,
1169404,2018/19,2019-01-22,"Shere Bangla National Stadium, Mirpur",2,1.4,Dhaka Dynamites,Comilla Victorians,Rony Talukdar,SP Narine,Mahedi Hasan,0,0,,,,,,,,,
1169404,2018/19,2019-01-22,"Shere Bangla National Stadium, Mirpur",2,1.5,Dhaka Dynamites,Comilla Victorians,Rony Talukdar,SP Narine,Mahedi Hasan,0,0,,,,,,,,,
1169404,2018/19,2019-01-22,"Shere Bangla National Stadium, Mirpur",2,1.6,Dhaka Dynamites,Comilla Victorians,Rony Talukdar,SP Narine,Mahedi Hasan,0,0,,,,,,,,,
1169404,2018/19,2019-01-22,"Shere Bangla National Stadium, Mirpur",2,2.1,Dhaka Dynamites,Comilla Victorians,SP Narine,Rony Talukdar,Mohammad Saifuddin,0,0,,,,,,,,,
1169404,2018/19,2019-01-22,"Shere Bangla National Stadium, Mirpur",2,2.2,Dhaka Dynamites,Comilla Victorians,SP Narine,Rony Talukdar,Mohammad Saifuddin,1,0,,,,,,,,,
1169404,2018/19,2019-01-22,"Shere Bangla National Stadium, Mirpur",2,2.3,Dhaka Dynamites,Comilla Victorians,Rony Talukdar,SP Narine,Mohammad Saifuddin,1,0,,,,,,,,,
1169404,2018/19,2019-01-22,"Shere Bangla National Stadium, Mirpur",2,2.4,Dhaka Dynamites,Comilla Victorians,SP Narine,Rony Talukdar,Mohammad Saifuddin,0,1,,,,1,,,,,
1169404,2018/19,2019-01-22,"Shere Bangla National Stadium, Mirpur",2,2.5,Dhaka Dynamites,Comilla Victorians,Rony Talukdar,SP Narine,Mohammad Saifuddin,0,0,,,,,,,,,
1169404,2018/19,2019-01-22,"Shere Bangla National Stadium, Mirpur",2,2.6,Dhaka Dynamites,Comilla Victorians,Rony Talukdar,SP Narine,Mohammad Saifuddin,4,0,,,,,,,,,
1169404,2018/19,2019-01-22,"Shere Bangla National Stadium, Mirpur",2,3.1,Dhaka Dynamites,Comilla Victorians,SP Narine,Rony Talukdar,Mahedi Hasan,0,0,,,,,,,,,
1169404,2018/19,2019-01-22,"Shere Bangla National Stadium, Mirpur",2,3.2,Dhaka Dynamites,Comilla Victorians,SP Narine,Rony Talukdar,Mahedi Hasan,1,0,,,,,,,,,
1169404,2018/19,2019-01-22,"Shere Bangla National Stadium, Mirpur",2,3.3,Dhaka Dynamites,Comilla Victorians,Rony Talukdar,SP Narine,Mahedi Hasan,1,0,,,,,,,,,
1169404,2018/19,2019-01-22,"Shere Bangla National Stadium, Mirpur",2,3.4,Dhaka Dynamites,Comilla Victorians,SP Narine,Rony Talukdar,Mahedi Hasan,0,0,,,,,,,,,
1169404,2018/19,2019-01-22,"Shere Bangla National Stadium, Mirpur",2,3.5,Dhaka Dynamites,Comilla Victorians,SP Narine,Rony Talukdar,Mahedi Hasan,4,0,,,,,,,,,
1169404,2018/19,2019-01-22,"Shere Bangla National Stadium, Mirpur",2,3.6,Dhaka Dynamites,Comilla Victorians,SP Narine,Rony Talukdar,Mahedi Hasan,1,0,,,,,,,,,
1169404,2018/19,2019-01-22,"Shere Bangla National Stadium, Mirpur",2,4.1,Dhaka Dynamites,Comilla Victorians,SP Narine,Rony Talukdar,Wahab Riaz,0,0,,,,,,,,,
1169404,2018/19,2019-01-22,"Shere Bangla National Stadium, Mirpur",2,4.2,Dhaka Dynamites,Comilla Victorians,SP Narine,Rony Talukdar,Wahab Riaz,1,0,,,,,,,,,
1169404,2018/19,2019-01-22,"Shere Bangla National Stadium, Mirpur",2,4.3,Dhaka Dynamites,Comilla Victorians,Rony Talukdar,SP Narine,Wahab Riaz,0,0,,,,,,caught,Rony Talukdar,,
1169404,2018/19,2019-01-22,"Shere Bangla National Stadium, Mirpur",2,4.4,Dhaka Dynamites,Comilla Victorians,Darwish Rasooli,SP Narine,Wahab Riaz,0,0,,,,,,,,,
1169404,2018/19,2019-01-22,"Shere Bangla National Stadium, Mirpur",2,4.5,Dhaka Dynamites,Comilla Victorians,Darwish Rasooli,SP Narine,Wahab Riaz,0,0,,,,,,,,,
1169404,2018/19,2019-01-22,"Shere Bangla National Stadium, Mirpur",2,4.6,Dhaka Dynamites,Comilla Victorians,Darwish Rasooli,SP Narine,Wahab Riaz,0,0,,,,,,,,,
1169404,2018/19,2019-01-22,"Shere Bangla National Stadium, Mirpur",2,5.1,Dhaka Dynamites,Comilla Victorians,SP Narine,Darwish Rasooli,Mahedi Hasan,0,0,,,,,,,,,
1169404,2018/19,2019-01-22,"Shere Bangla National Stadium, Mirpur",2,5.2,Dhaka Dynamites,Comilla Victorians,SP Narine,Darwish Rasooli,Mahedi Hasan,1,0,,,,,,,,,
1169404,2018/19,2019-01-22,"Shere Bangla National Stadium, Mirpur",2,5.3,Dhaka Dynamites,Comilla Victorians,Darwish Rasooli,SP Narine,Mahedi Hasan,0,0,,,,,,,,,
1169404,2018/19,2019-01-22,"Shere Bangla National Stadium, Mirpur",2,5.4,Dhaka Dynamites,Comilla Victorians,Darwish Rasooli,SP Narine,Mahedi Hasan,1,0,,,,,,,,,
1169404,2018/19,2019-01-22,"Shere Bangla National Stadium, Mirpur",2,5.5,Dhaka Dynamites,Comilla Victorians,SP Narine,Darwish Rasooli,Mahedi Hasan,4,0,,,,,,,,,
1169404,2018/19,2019-01-22,"Shere Bangla National Stadium, Mirpur",2,5.6,Dhaka Dynamites,Comilla Victorians,SP Narine,Darwish Rasooli,Mahedi Hasan,1,0,,,,,,,,,
1169404,2018/19,2019-01-22,"Shere Bangla National Stadium, Mirpur",2,6.1,Dhaka Dynamites,Comilla Victorians,SP Narine,Darwish Rasooli,Shahid Afridi,1,0,,,,,,,,,
1169404,2018/19,2019-01-22,"Shere Bangla National Stadium, Mirpur",2,6.2,Dhaka Dynamites,Comilla Victorians,Darwish Rasooli,SP Narine,Shahid Afridi,1,0,,,,,,,,,
1169404,2018/19,2019-01-22,"Shere Bangla National Stadium, Mirpur",2,6.3,Dhaka Dynamites,Comilla Victorians,SP Narine,Darwish Rasooli,Shahid Afridi,0,0,,,,,,run out,SP Narine,,
1169404,2018/19,2019-01-22,"Shere Bangla National Stadium, Mirpur",2,6.4,Dhaka Dynamites,Comilla Victorians,Shakib Al Hasan,Darwish Rasooli,Shahid Afridi,1,0,,,,,,,,,
1169404,2018/19,2019-01-22,"Shere Bangla National Stadium, Mirpur",2,6.5,Dhaka Dynamites,Comilla Victorians,Darwish Rasooli,Shakib Al Hasan,Shahid Afridi,0,0,,,,,,,,,
1169404,2018/19,2019-01-22,"Shere Bangla National Stadium, Mirpur",2,6.6,Dhaka Dynamites,Comilla Victorians,Darwish Rasooli,Shakib Al Hasan,Shahid Afridi,0,0,,,,,,,,,
1169404,2018/19,2019-01-22,"Shere Bangla National Stadium, Mirpur",2,7.1,Dhaka Dynamites,Comilla Victorians,Shakib Al Hasan,Darwish Rasooli,Mahedi Hasan,0,0,,,,,,,,,
1169404,2018/19,2019-01-22,"Shere Bangla National Stadium, Mirpur",2,7.2,Dhaka Dynamites,Comilla Victorians,Shakib Al Hasan,Darwish Rasooli,Mahedi Hasan,1,0,,,,,,,,,
1169404,2018/19,2019-01-22,"Shere Bangla National Stadium, Mirpur",2,7.3,Dhaka Dynamites,Comilla Victorians,Darwish Rasooli,Shakib Al Hasan,Mahedi Hasan,6,0,,,,,,,,,
1169404,2018/19,2019-01-22,"Shere Bangla National Stadium, Mirpur",2,7.4,Dhaka Dynamites,Comilla Victorians,Darwish Rasooli,Shakib Al Hasan,Mahedi Hasan,0,1,1,,,,,,,,
1169404,2018/19,2019-01-22,"Shere Bangla National Stadium, Mirpur",2,7.5,Dhaka Dynamites,Comilla Victorians,Darwish Rasooli,Shakib Al Hasan,Mahedi Hasan,2,0,,,,,,,,,
1169404,2018/19,2019-01-22,"Shere Bangla National Stadium, Mirpur",2,7.6,Dhaka Dynamites,Comilla Victorians,Darwish Rasooli,Shakib Al Hasan,Mahedi Hasan,6,0,,,,,,,,,
1169404,2018/19,2019-01-22,"Shere Bangla National Stadium, Mirpur",2,7.7,Dhaka Dynamites,Comilla Victorians,Darwish Rasooli,Shakib Al Hasan,Mahedi Hasan,1,0,,,,,,,,,
1169404,2018/19,2019-01-22,"Shere Bangla National Stadium, Mirpur",2,8.1,Dhaka Dynamites,Comilla Victorians,Darwish Rasooli,Shakib Al Hasan,Shahid Afridi,0,0,,,,,,,,,
1169404,2018/19,2019-01-22,"Shere Bangla National Stadium, Mirpur",2,8.2,Dhaka Dynamites,Comilla Victorians,Darwish Rasooli,Shakib Al Hasan,Shahid Afridi,2,0,,,,,,,,,
1169404,2018/19,2019-01-22,"Shere Bangla National Stadium, Mirpur",2,8.3,Dhaka Dynamites,Comilla Victorians,Darwish Rasooli,Shakib Al Hasan,Shahid Afridi,0,0,,,,,,caught,Darwish Rasooli,,
1169404,2018/19,2019-01-22,"Shere Bangla National Stadium, Mirpur",2,8.4,Dhaka Dynamites,Comilla Victorians,Shakib Al Hasan,AD Russell,Shahid Afridi,1,0,,,,,,,,,
1169404,2018/19,2019-01-22,"Shere Bangla National Stadium, Mirpur",2,8.5,Dhaka Dynamites,Comilla Victorians,AD Russell,Shakib Al Hasan,Shahid Afridi,0,0,,,,,,,,,
1169404,2018/19,2019-01-22,"Shere Bangla National Stadium, Mirpur",2,8.6,Dhaka Dynamites,Comilla Victorians,AD Russell,Shakib Al Hasan,Shahid Afridi,0,0,,,,,,,,,
1169404,2018/19,2019-01-22,"Shere Bangla National Stadium, Mirpur",2,9.1,Dhaka Dynamites,Comilla Victorians,Shakib Al Hasan,AD Russell,LA Dawson,1,0,,,,,,,,,
1169404,2018/19,2019-01-22,"Shere Bangla National Stadium, Mirpur",2,9.2,Dhaka Dynamites,Comilla Victorians,AD Russell,Shakib Al Hasan,LA Dawson,0,0,,,,,,,,,
1169404,2018/19,2019-01-22,"Shere Bangla National Stadium, Mirpur",2,9.3,Dhaka Dynamites,Comilla Victorians,AD Russell,Shakib Al Hasan,LA Dawson,1,0,,,,,,,,,
1169404,2018/19,2019-01-22,"Shere Bangla National Stadium, Mirpur",2,9.4,Dhaka Dynamites,Comilla Victorians,Shakib Al Hasan,AD Russell,LA Dawson,1,0,,,,,,,,,
1169404,2018/19,2019-01-22,"Shere Bangla National Stadium, Mirpur",2,9.5,Dhaka Dynamites,Comilla Victorians,AD Russell,Shakib Al Hasan,LA Dawson,1,0,,,,,,,,,
1169404,2018/19,2019-01-22,"Shere Bangla National Stadium, Mirpur",2,9.6,Dhaka Dynamites,Comilla Victorians,Shakib Al Hasan,AD Russell,LA Dawson,4,0,,,,,,,,,
1169404,2018/19,2019-01-22,"Shere Bangla National Stadium, Mirpur",2,10.1,Dhaka Dynamites,Comilla Victorians,AD Russell,Shakib Al Hasan,Shahid Afridi,4,0,,,,,,,,,
1169404,2018/19,2019-01-22,"Shere Bangla National Stadium, Mirpur",2,10.2,Dhaka Dynamites,Comilla Victorians,AD Russell,Shakib Al Hasan,Shahid Afridi,0,0,,,,,,,,,
1169404,2018/19,2019-01-22,"Shere Bangla National Stadium, Mirpur",2,10.3,Dhaka Dynamites,Comilla Victorians,AD Russell,Shakib Al Hasan,Shahid Afridi,1,0,,,,,,,,,
1169404,2018/19,2019-01-22,"Shere Bangla National Stadium, Mirpur",2,10.4,Dhaka Dynamites,Comilla Victorians,Shakib Al Hasan,AD Russell,Shahid Afridi,1,0,,,,,,,,,
1169404,2018/19,2019-01-22,"Shere Bangla National Stadium, Mirpur",2,10.5,Dhaka Dynamites,Comilla Victorians,AD Russell,Shakib Al Hasan,Shahid Afridi,1,0,,,,,,,,,
1169404,2018/19,2019-01-22,"Shere Bangla National Stadium, Mirpur",2,10.6,Dhaka Dynamites,Comilla Victorians,Shakib Al Hasan,AD Russell,Shahid Afridi,0,0,,,,,,,,,
1169404,2018/19,2019-01-22,"Shere Bangla National Stadium, Mirpur",2,11.1,Dhaka Dynamites,Comilla Victorians,AD Russell,Shakib Al Hasan,LA Dawson,1,0,,,,,,,,,
1169404,2018/19,2019-01-22,"Shere Bangla National Stadium, Mirpur",2,11.2,Dhaka Dynamites,Comilla Victorians,Shakib Al Hasan,AD Russell,LA Dawson,2,0,,,,,,,,,
1169404,2018/19,2019-01-22,"Shere Bangla National Stadium, Mirpur",2,11.3,Dhaka Dynamites,Comilla Victorians,Shakib Al Hasan,AD Russell,LA Dawson,1,0,,,,,,,,,
1169404,2018/19,2019-01-22,"Shere Bangla National Stadium, Mirpur",2,11.4,Dhaka Dynamites,Comilla Victorians,AD Russell,Shakib Al Hasan,LA Dawson,1,0,,,,,,,,,
1169404,2018/19,2019-01-22,"Shere Bangla National Stadium, Mirpur",2,11.5,Dhaka Dynamites,Comilla Victorians,Shakib Al Hasan,AD Russell,LA Dawson,1,0,,,,,,,,,
1169404,2018/19,2019-01-22,"Shere Bangla National Stadium, Mirpur",2,11.6,Dhaka Dynamites,Comilla Victorians,AD Russell,Shakib Al Hasan,LA Dawson,6,0,,,,,,,,,
1169404,2018/19,2019-01-22,"Shere Bangla National Stadium, Mirpur",2,12.1,Dhaka Dynamites,Comilla Victorians,Shakib Al Hasan,AD Russell,Wahab Riaz,1,0,,,,,,,,,
1169404,2018/19,2019-01-22,"Shere Bangla National Stadium, Mirpur",2,12.2,Dhaka Dynamites,Comilla Victorians,AD Russell,Shakib Al Hasan,Wahab Riaz,0,0,,,,,,,,,
1169404,2018/19,2019-01-22,"Shere Bangla National Stadium, Mirpur",2,12.3,Dhaka Dynamites,Comilla Victorians,AD Russell,Shakib Al Hasan,Wahab Riaz,0,0,,,,,,,,,
1169404,2018/19,2019-01-22,"Shere Bangla National Stadium, Mirpur",2,12.4,Dhaka Dynamites,Comilla Victorians,AD Russell,Shakib Al Hasan,Wahab Riaz,6,0,,,,,,,,,
1169404,2018/19,2019-01-22,"Shere Bangla National Stadium, Mirpur",2,12.5,Dhaka Dynamites,Comilla Victorians,AD Russell,Shakib Al Hasan,Wahab Riaz,4,0,,,,,,,,,
1169404,2018/19,2019-01-22,"Shere Bangla National Stadium, Mirpur",2,12.6,Dhaka Dynamites,Comilla Victorians,AD Russell,Shakib Al Hasan,Wahab Riaz,1,0,,,,,,,,,
1169404,2018/19,2019-01-22,"Shere Bangla National Stadium, Mirpur",2,13.1,Dhaka Dynamites,Comilla Victorians,AD Russell,Shakib Al Hasan,Mohammad Saifuddin,0,0,,,,,,,,,
1169404,2018/19,2019-01-22,"Shere Bangla National Stadium, Mirpur",2,13.2,Dhaka Dynamites,Comilla Victorians,AD Russell,Shakib Al Hasan,Mohammad Saifuddin,0,0,,,,,,,,,
1169404,2018/19,2019-01-22,"Shere Bangla National Stadium, Mirpur",2,13.3,Dhaka Dynamites,Comilla Victorians,AD Russell,Shakib Al Hasan,Mohammad Saifuddin,0,1,1,,,,,,,,
1169404,2018/19,2019-01-22,"Shere Bangla National Stadium, Mirpur",2,13.4,Dhaka Dynamites,Comilla Victorians,AD Russell,Shakib Al Hasan,Mohammad Saifuddin,6,0,,,,,,,,,
1169404,2018/19,2019-01-22,"Shere Bangla National Stadium, Mirpur",2,13.5,Dhaka Dynamites,Comilla Victorians,AD Russell,Shakib Al Hasan,Mohammad Saifuddin,1,0,,,,,,,,,
1169404,2018/19,2019-01-22,"Shere Bangla National Stadium, Mirpur",2,13.6,Dhaka Dynamites,Comilla Victorians,Shakib Al Hasan,AD Russell,Mohammad Saifuddin,1,0,,,,,,,,,
1169404,2018/19,2019-01-22,"Shere Bangla National Stadium, Mirpur",2,13.7,Dhaka Dynamites,Comilla Victorians,AD Russell,Shakib Al Hasan,Mohammad Saifuddin,6,0,,,,,,,,,
1169404,2018/19,2019-01-22,"Shere Bangla National Stadium, Mirpur",2,14.1,Dhaka Dynamites,Comilla Victorians,Shakib Al Hasan,AD Russell,NLTC Perera,1,0,,,,,,,,,
1169404,2018/19,2019-01-22,"Shere Bangla National Stadium, Mirpur",2,14.2,Dhaka Dynamites,Comilla Victorians,AD Russell,Shakib Al Hasan,NLTC Perera,6,0,,,,,,,,,
1169404,2018/19,2019-01-22,"Shere Bangla National Stadium, Mirpur",2,14.3,Dhaka Dynamites,Comilla Victorians,AD Russell,Shakib Al Hasan,NLTC Perera,0,0,,,,,,caught,AD Russell,,
1169404,2018/19,2019-01-22,"Shere Bangla National Stadium, Mirpur",2,14.4,Dhaka Dynamites,Comilla Victorians,Shuvagata Hom,Shakib Al Hasan,NLTC Perera,0,0,,,,,,,,,
1169404,2018/19,2019-01-22,"Shere Bangla National Stadium, Mirpur",2,14.5,Dhaka Dynamites,Comilla Victorians,Shuvagata Hom,Shakib Al Hasan,NLTC Perera,0,0,,,,,,,,,
1169404,2018/19,2019-01-22,"Shere Bangla National Stadium, Mirpur",2,14.6,Dhaka Dynamites,Comilla Victorians,Shuvagata Hom,Shakib Al Hasan,NLTC Perera,1,0,,,,,,,,,
1169404,2018/19,2019-01-22,"Shere Bangla National Stadium, Mirpur",2,15.1,Dhaka Dynamites,Comilla Victorians,Shuvagata Hom,Shakib Al Hasan,Shahid Afridi,1,0,,,,,,,,,
1169404,2018/19,2019-01-22,"Shere Bangla National Stadium, Mirpur",2,15.2,Dhaka Dynamites,Comilla Victorians,Shakib Al Hasan,Shuvagata Hom,Shahid Afridi,2,0,,,,,,,,,
1169404,2018/19,2019-01-22,"Shere Bangla National Stadium, Mirpur",2,15.3,Dhaka Dynamites,Comilla Victorians,Shakib Al Hasan,Shuvagata Hom,Shahid Afridi,0,0,,,,,,,,,
1169404,2018/19,2019-01-22,"Shere Bangla National Stadium, Mirpur",2,15.4,Dhaka Dynamites,Comilla Victorians,Shakib Al Hasan,Shuvagata Hom,Shahid Afridi,1,0,,,,,,,,,
1169404,2018/19,2019-01-22,"Shere Bangla National Stadium, Mirpur",2,15.5,Dhaka Dynamites,Comilla Victorians,Shuvagata Hom,Shakib Al Hasan,Shahid Afridi,1,0,,,,,,,,,
1169404,2018/19,2019-01-22,"Shere Bangla National Stadium, Mirpur",2,15.6,Dhaka Dynamites,Comilla Victorians,Shakib Al Hasan,Shuvagata Hom,Shahid Afridi,0,0,,,,,,caught,Shakib Al Hasan,,
1169404,2018/19,2019-01-22,"Shere Bangla National Stadium, Mirpur",2,16.1,Dhaka Dynamites,Comilla Victorians,Shuvagata Hom,Nurul Hasan,NLTC Perera,0,0,,,,,,,,,
1169404,2018/19,2019-01-22,"Shere Bangla National Stadium, Mirpur",2,16.2,Dhaka Dynamites,Comilla Victorians,Shuvagata Hom,Nurul Hasan,NLTC Perera,0,0,,,,,,caught,Shuvagata Hom,,
1169404,2018/19,2019-01-22,"Shere Bangla National Stadium, Mirpur",2,16.3,Dhaka Dynamites,Comilla Victorians,Nurul Hasan,Mohammad Naim,NLTC Perera,4,0,,,,,,,,,
1169404,2018/19,2019-01-22,"Shere Bangla National Stadium, Mirpur",2,16.4,Dhaka Dynamites,Comilla Victorians,Nurul Hasan,Mohammad Naim,NLTC Perera,0,0,,,,,,caught,Nurul Hasan,,
1169404,2018/19,2019-01-22,"Shere Bangla National Stadium, Mirpur",2,16.5,Dhaka Dynamites,Comilla Victorians,Mohammad Naim,Rubel Hossain,NLTC Perera,1,0,,,,,,,,,
1169404,2018/19,2019-01-22,"Shere Bangla National Stadium, Mirpur",2,16.6,Dhaka Dynamites,Comilla Victorians,Rubel Hossain,Mohammad Naim,NLTC Perera,0,0,,,,,,,,,
1169404,2018/19,2019-01-22,"Shere Bangla National Stadium, Mirpur",2,17.1,Dhaka Dynamites,Comilla Victorians,Mohammad Naim,Rubel Hossain,Wahab Riaz,0,0,,,,,,,,,
1169404,2018/19,2019-01-22,"Shere Bangla National Stadium, Mirpur",2,17.2,Dhaka Dynamites,Comilla Victorians,Mohammad Naim,Rubel Hossain,Wahab Riaz,4,0,,,,,,,,,
1169404,2018/19,2019-01-22,"Shere Bangla National Stadium, Mirpur",2,17.3,Dhaka Dynamites,Comilla Victorians,Mohammad Naim,Rubel Hossain,Wahab Riaz,2,0,,,,,,,,,
1169404,2018/19,2019-01-22,"Shere Bangla National Stadium, Mirpur",2,17.4,Dhaka Dynamites,Comilla Victorians,Mohammad Naim,Rubel Hossain,Wahab Riaz,1,0,,,,,,,,,
1169404,2018/19,2019-01-22,"Shere Bangla National Stadium, Mirpur",2,17.5,Dhaka Dynamites,Comilla Victorians,Rubel Hossain,Mohammad Naim,Wahab Riaz,2,0,,,,,,,,,
1169404,2018/19,2019-01-22,"Shere Bangla National Stadium, Mirpur",2,17.6,Dhaka Dynamites,Comilla Victorians,Rubel Hossain,Mohammad Naim,Wahab Riaz,2,0,,,,,,,,,
1169404,2018/19,2019-01-22,"Shere Bangla National Stadium, Mirpur",2,18.1,Dhaka Dynamites,Comilla Victorians,Mohammad Naim,Rubel Hossain,NLTC Perera,0,0,,,,,,,,,
1169404,2018/19,2019-01-22,"Shere Bangla National Stadium, Mirpur",2,18.2,Dhaka Dynamites,Comilla Victorians,Mohammad Naim,Rubel Hossain,NLTC Perera,0,0,,,,,,,,,
1169404,2018/19,2019-01-22,"Shere Bangla National Stadium, Mirpur",2,18.3,Dhaka Dynamites,Comilla Victorians,Mohammad Naim,Rubel Hossain,NLTC Perera,0,0,,,,,,,,,
1169404,2018/19,2019-01-22,"Shere Bangla National Stadium, Mirpur",2,18.4,Dhaka Dynamites,Comilla Victorians,Mohammad Naim,Rubel Hossain,NLTC Perera,0,0,,,,,,,,,
1169404,2018/19,2019-01-22,"Shere Bangla National Stadium, Mirpur",2,18.5,Dhaka Dynamites,Comilla Victorians,Mohammad Naim,Rubel Hossain,NLTC Perera,0,0,,,,,,,,,
1169404,2018/19,2019-01-22,"Shere Bangla National Stadium, Mirpur",2,18.6,Dhaka Dynamites,Comilla Victorians,Mohammad Naim,Rubel Hossain,NLTC Perera,1,0,,,,,,,,,
1169404,2018/19,2019-01-22,"Shere Bangla National Stadium, Mirpur",2,19.1,Dhaka Dynamites,Comilla Victorians,Mohammad Naim,Rubel Hossain,Mohammad Saifuddin,0,0,,,,,,,,,
1169404,2018/19,2019-01-22,"Shere Bangla National Stadium, Mirpur",2,19.2,Dhaka Dynamites,Comilla Victorians,Mohammad Naim,Rubel Hossain,Mohammad Saifuddin,1,0,,,,,,,,,
1169404,2018/19,2019-01-22,"Shere Bangla National Stadium, Mirpur",2,19.3,Dhaka Dynamites,Comilla Victorians,Rubel Hossain,Mohammad Naim,Mohammad Saifuddin,4,0,,,,,,,,,
1169404,2018/19,2019-01-22,"Shere Bangla National Stadium, Mirpur",2,19.4,Dhaka Dynamites,Comilla Victorians,Rubel Hossain,Mohammad Naim,Mohammad Saifuddin,2,0,,,,,,run out,Rubel Hossain,,
1169404,2018/19,2019-01-22,"Shere Bangla National Stadium, Mirpur",2,19.5,Dhaka Dynamites,Comilla Victorians,Mohammad Naim,Mohor Sheikh,Mohammad Saifuddin,0,0,,,,,,,,,
1169404,2018/19,2019-01-22,"Shere Bangla National Stadium, Mirpur",2,19.6,Dhaka Dynamites,Comilla Victorians,Mohammad Naim,Mohor Sheikh,Mohammad Saifuddin,4,0,,,,,,,,,
