match_id,season,start_date,venue,innings,ball,batting_team,bowling_team,striker,non_striker,bowler,runs_off_bat,extras,wides,noballs,byes,legbyes,penalty,wicket_type,player_dismissed,other_wicket_type,other_player_dismissed
1169422,2018/19,2019-02-04,"Shere Bangla National Stadium, Mirpur",1,0.1,Rangpur Riders,Comilla Victorians,CH Gayle,Mehedi Maruf,Mohammad Saifuddin,0,0,,,,,,,,,
1169422,2018/19,2019-02-04,"Shere Bangla National Stadium, Mirpur",1,0.2,Rangpur Riders,Comilla Victorians,CH Gayle,Mehedi Maruf,Mohammad Saifuddin,0,0,,,,,,,,,
1169422,2018/19,2019-02-04,"Shere Bangla National Stadium, Mirpur",1,0.3,Rangpur Riders,Comilla Victorians,CH Gayle,Mehedi Maruf,Mohammad Saifuddin,0,0,,,,,,,,,
1169422,2018/19,2019-02-04,"Shere Bangla National Stadium, Mirpur",1,0.4,Rangpur Riders,Comilla Victorians,CH Gayle,Mehedi Maruf,Mohammad Saifuddin,1,0,,,,,,,,,
1169422,2018/19,2019-02-04,"Shere Bangla National Stadium, Mirpur",1,0.5,Rangpur Riders,Comilla Victorians,Mehedi Maruf,CH Gayle,Mohammad Saifuddin,1,0,,,,,,,,,
1169422,2018/19,2019-02-04,"Shere Bangla National Stadium, Mirpur",1,0.6,Rangpur Riders,Comilla Victorians,CH Gayle,Mehedi Maruf,Mohammad Saifuddin,1,0,,,,,,,,,
1169422,2018/19,2019-02-04,"Shere Bangla National Stadium, Mirpur",1,1.1,Rangpur Riders,Comilla Victorians,CH Gayle,Mehedi Maruf,Mahedi Hasan,4,0,,,,,,,,,
1169422,2018/19,2019-02-04,"Shere Bangla National Stadium, Mirpur",1,1.2,Rangpur Riders,Comilla Victorians,CH Gayle,Mehedi Maruf,Mahedi Hasan,0,0,,,,,,,,,
1169422,2018/19,2019-02-04,"Shere Bangla National Stadium, Mirpur",1,1.3,Rangpur Riders,Comilla Victorians,CH Gayle,Mehedi Maruf,Mahedi Hasan,0,0,,,,,,,,,
1169422,2018/19,2019-02-04,"Shere Bangla National Stadium, Mirpur",1,1.4,Rangpur Riders,Comilla Victorians,CH Gayle,Mehedi Maruf,Mahedi Hasan,4,0,,,,,,,,,
1169422,2018/19,2019-02-04,"Shere Bangla National Stadium, Mirpur",1,1.5,Rangpur Riders,Comilla Victorians,CH Gayle,Mehedi Maruf,Mahedi Hasan,1,0,,,,,,,,,
1169422,2018/19,2019-02-04,"Shere Bangla National Stadium, Mirpur",1,1.6,Rangpur Riders,Comilla Victorians,Mehedi Maruf,CH Gayle,Mahedi Hasan,0,0,,,,,,,,,
1169422,2018/19,2019-02-04,"Shere Bangla National Stadium, Mirpur",1,2.1,Rangpur Riders,Comilla Victorians,CH Gayle,Mehedi Maruf,Wahab Riaz,0,0,,,,,,,,,
1169422,2018/19,2019-02-04,"Shere Bangla National Stadium, Mirpur",1,2.2,Rangpur Riders,Comilla Victorians,CH Gayle,Mehedi Maruf,Wahab Riaz,0,0,,,,,,,,,
1169422,2018/19,2019-02-04,"Shere Bangla National Stadium, Mirpur",1,2.3,Rangpur Riders,Comilla Victorians,CH Gayle,Mehedi Maruf,Wahab Riaz,0,0,,,,,,,,,
1169422,2018/19,2019-02-04,"Shere Bangla National Stadium, Mirpur",1,2.4,Rangpur Riders,Comilla Victorians,CH Gayle,Mehedi Maruf,Wahab Riaz,0,0,,,,,,,,,
1169422,2018/19,2019-02-04,"Shere Bangla National Stadium, Mirpur",1,2.5,Rangpur Riders,Comilla Victorians,CH Gayle,Mehedi Maruf,Wahab Riaz,5,0,,,,,,,,,
1169422,2018/19,2019-02-04,"Shere Bangla National Stadium, Mirpur",1,2.6,Rangpur Riders,Comilla Victorians,Mehedi Maruf,CH Gayle,Wahab Riaz,0,0,,,,,,caught,Mehedi Maruf,,
1169422,2018/19,2019-02-04,"Shere Bangla National Stadium, Mirpur",1,3.1,Rangpur Riders,Comilla Victorians,CH Gayle,Mohammad Mithun,Mahedi Hasan,0,1,1,,,,,,,,
1169422,2018/19,2019-02-04,"Shere Bangla National Stadium, Mirpur",1,3.2,Rangpur Riders,Comilla Victorians,CH Gayle,Mohammad Mithun,Mahedi Hasan,0,0,,,,,,,,,
1169422,2018/19,2019-02-04,"Shere Bangla National Stadium, Mirpur",1,3.3,Rangpur Riders,Comilla Victorians,CH Gayle,Mohammad Mithun,Mahedi Hasan,0,0,,,,,,,,,
1169422,2018/19,2019-02-04,"Shere Bangla National Stadium, Mirpur",1,3.4,Rangpur Riders,Comilla Victorians,CH Gayle,Mohammad Mithun,Mahedi Hasan,4,0,,,,,,,,,
1169422,2018/19,2019-02-04,"Shere Bangla National Stadium, Mirpur",1,3.5,Rangpur Riders,Comilla Victorians,CH Gayle,Mohammad Mithun,Mahedi Hasan,0,0,,,,,,,,,
1169422,2018/19,2019-02-04,"Shere Bangla National Stadium, Mirpur",1,3.6,Rangpur Riders,Comilla Victorians,CH Gayle,Mohammad Mithun,Mahedi Hasan,0,0,,,,,,,,,
1169422,2018/19,2019-02-04,"Shere Bangla National Stadium, Mirpur",1,3.7,Rangpur Riders,Comilla Victorians,CH Gayle,Mohammad Mithun,Mahedi Hasan,0,0,,,,,,,,,
1169422,2018/19,2019-02-04,"Shere Bangla National Stadium, Mirpur",1,4.1,Rangpur Riders,Comilla Victorians,Mohammad Mithun,CH Gayle,Mohammad Saifuddin,1,0,,,,,,,,,
1169422,2018/19,2019-02-04,"Shere Bangla National Stadium, Mirpur",1,4.2,Rangpur Riders,Comilla Victorians,CH Gayle,Mohammad Mithun,Mohammad Saifuddin,4,0,,,,,,,,,
1169422,2018/19,2019-02-04,"Shere Bangla National Stadium, Mirpur",1,4.3,Rangpur Riders,Comilla Victorians,CH Gayle,Mohammad Mithun,Mohammad Saifuddin,0,0,,,,,,,,,
1169422,2018/19,2019-02-04,"Shere Bangla National Stadium, Mirpur",1,4.4,Rangpur Riders,Comilla Victorians,CH Gayle,Mohammad Mithun,Mohammad Saifuddin,1,0,,,,,,,,,
1169422,2018/19,2019-02-04,"Shere Bangla National Stadium, Mirpur",1,4.5,Rangpur Riders,Comilla Victorians,Mohammad Mithun,CH Gayle,Mohammad Saifuddin,2,0,,,,,,,,,
1169422,2018/19,2019-02-04,"Shere Bangla National Stadium, Mirpur",1,4.6,Rangpur Riders,Comilla Victorians,Mohammad Mithun,CH Gayle,Mohammad Saifuddin,0,0,,,,,,,,,
1169422,2018/19,2019-02-04,"Shere Bangla National Stadium, Mirpur",1,5.1,Rangpur Riders,Comilla Victorians,CH Gayle,Mohammad Mithun,Sanjit Saha,0,0,,,,,,,,,
1169422,2018/19,2019-02-04,"Shere Bangla National Stadium, Mirpur",1,5.2,Rangpur Riders,Comilla Victorians,CH Gayle,Mohammad Mithun,Sanjit Saha,4,0,,,,,,,,,
1169422,2018/19,2019-02-04,"Shere Bangla National Stadium, Mirpur",1,5.3,Rangpur Riders,Comilla Victorians,CH Gayle,Mohammad Mithun,Sanjit Saha,0,0,,,,,,,,,
1169422,2018/19,2019-02-04,"Shere Bangla National Stadium, Mirpur",1,5.4,Rangpur Riders,Comilla Victorians,CH Gayle,Mohammad Mithun,Sanjit Saha,0,0,,,,,,,,,
1169422,2018/19,2019-02-04,"Shere Bangla National Stadium, Mirpur",1,5.5,Rangpur Riders,Comilla Victorians,CH Gayle,Mohammad Mithun,Sanjit Saha,0,0,,,,,,,,,
1169422,2018/19,2019-02-04,"Shere Bangla National Stadium, Mirpur",1,5.6,Rangpur Riders,Comilla Victorians,CH Gayle,Mohammad Mithun,Sanjit Saha,0,0,,,,,,run out,Mohammad Mithun,,
1169422,2018/19,2019-02-04,"Shere Bangla National Stadium, Mirpur",1,6.1,Rangpur Riders,Comilla Victorians,CH Gayle,RR Rossouw,Mahedi Hasan,1,0,,,,,,,,,
1169422,2018/19,2019-02-04,"Shere Bangla National Stadium, Mirpur",1,6.2,Rangpur Riders,Comilla Victorians,RR Rossouw,CH Gayle,Mahedi Hasan,1,0,,,,,,,,,
1169422,2018/19,2019-02-04,"Shere Bangla National Stadium, Mirpur",1,6.3,Rangpur Riders,Comilla Victorians,CH Gayle,RR Rossouw,Mahedi Hasan,0,0,,,,,,,,,
1169422,2018/19,2019-02-04,"Shere Bangla National Stadium, Mirpur",1,6.4,Rangpur Riders,Comilla Victorians,CH Gayle,RR Rossouw,Mahedi Hasan,4,0,,,,,,,,,
1169422,2018/19,2019-02-04,"Shere Bangla National Stadium, Mirpur",1,6.5,Rangpur Riders,Comilla Victorians,CH Gayle,RR Rossouw,Mahedi Hasan,6,0,,,,,,,,,
1169422,2018/19,2019-02-04,"Shere Bangla National Stadium, Mirpur",1,6.6,Rangpur Riders,Comilla Victorians,CH Gayle,RR Rossouw,Mahedi Hasan,0,0,,,,,,,,,
1169422,2018/19,2019-02-04,"Shere Bangla National Stadium, Mirpur",1,7.1,Rangpur Riders,Comilla Victorians,RR Rossouw,CH Gayle,Sanjit Saha,0,1,,,1,,,,,,
1169422,2018/19,2019-02-04,"Shere Bangla National Stadium, Mirpur",1,7.2,Rangpur Riders,Comilla Victorians,CH Gayle,RR Rossouw,Sanjit Saha,0,0,,,,,,,,,
1169422,2018/19,2019-02-04,"Shere Bangla National Stadium, Mirpur",1,7.3,Rangpur Riders,Comilla Victorians,CH Gayle,RR Rossouw,Sanjit Saha,1,0,,,,,,,,,
1169422,2018/19,2019-02-04,"Shere Bangla National Stadium, Mirpur",1,7.4,Rangpur Riders,Comilla Victorians,RR Rossouw,CH Gayle,Sanjit Saha,1,0,,,,,,,,,
1169422,2018/19,2019-02-04,"Shere Bangla National Stadium, Mirpur",1,7.5,Rangpur Riders,Comilla Victorians,CH Gayle,RR Rossouw,Sanjit Saha,0,0,,,,,,,,,
1169422,2018/19,2019-02-04,"Shere Bangla National Stadium, Mirpur",1,7.6,Rangpur Riders,Comilla Victorians,CH Gayle,RR Rossouw,Sanjit Saha,1,0,,,,,,,,,
1169422,2018/19,2019-02-04,"Shere Bangla National Stadium, Mirpur",1,8.1,Rangpur Riders,Comilla Victorians,CH Gayle,RR Rossouw,Wahab Riaz,1,0,,,,,,,,,
1169422,2018/19,2019-02-04,"Shere Bangla National Stadium, Mirpur",1,8.2,Rangpur Riders,Comilla Victorians,RR Rossouw,CH Gayle,Wahab Riaz,1,0,,,,,,,,,
1169422,2018/19,2019-02-04,"Shere Bangla National Stadium, Mirpur",1,8.3,Rangpur Riders,Comilla Victorians,CH Gayle,RR Rossouw,Wahab Riaz,1,0,,,,,,,,,
1169422,2018/19,2019-02-04,"Shere Bangla National Stadium, Mirpur",1,8.4,Rangpur Riders,Comilla Victorians,RR Rossouw,CH Gayle,Wahab Riaz,4,0,,,,,,,,,
1169422,2018/19,2019-02-04,"Shere Bangla National Stadium, Mirpur",1,8.5,Rangpur Riders,Comilla Victorians,RR Rossouw,CH Gayle,Wahab Riaz,0,1,,1,,,,,,,
1169422,2018/19,2019-02-04,"Shere Bangla National Stadium, Mirpur",1,8.6,Rangpur Riders,Comilla Victorians,RR Rossouw,CH Gayle,Wahab Riaz,6,0,,,,,,,,,
1169422,2018/19,2019-02-04,"Shere Bangla National Stadium, Mirpur",1,8.7,Rangpur Riders,Comilla Victorians,RR Rossouw,CH Gayle,Wahab Riaz,0,0,,,,,,,,,
1169422,2018/19,2019-02-04,"Shere Bangla National Stadium, Mirpur",1,9.1,Rangpur Riders,Comilla Victorians,CH Gayle,RR Rossouw,Sanjit Saha,1,0,,,,,,,,,
1169422,2018/19,2019-02-04,"Shere Bangla National Stadium, Mirpur",1,9.2,Rangpur Riders,Comilla Victorians,RR Rossouw,CH Gayle,Sanjit Saha,0,0,,,,,,,,,
1169422,2018/19,2019-02-04,"Shere Bangla National Stadium, Mirpur",1,9.3,Rangpur Riders,Comilla Victorians,RR Rossouw,CH Gayle,Sanjit Saha,1,0,,,,,,,,,
1169422,2018/19,2019-02-04,"Shere Bangla National Stadium, Mirpur",1,9.4,Rangpur Riders,Comilla Victorians,CH Gayle,RR Rossouw,Sanjit Saha,1,0,,,,,,,,,
1169422,2018/19,2019-02-04,"Shere Bangla National Stadium, Mirpur",1,9.5,Rangpur Riders,Comilla Victorians,RR Rossouw,CH Gayle,Sanjit Saha,0,0,,,,,,,,,
1169422,2018/19,2019-02-04,"Shere Bangla National Stadium, Mirpur",1,9.6,Rangpur Riders,Comilla Victorians,RR Rossouw,CH Gayle,Sanjit Saha,0,0,,,,,,,,,
1169422,2018/19,2019-02-04,"Shere Bangla National Stadium, Mirpur",1,10.1,Rangpur Riders,Comilla Victorians,CH Gayle,RR Rossouw,Mahedi Hasan,0,0,,,,,,caught,CH Gayle,,
1169422,2018/19,2019-02-04,"Shere Bangla National Stadium, Mirpur",1,10.2,Rangpur Riders,Comilla Victorians,RR Rossouw,RS Bopara,Mahedi Hasan,0,0,,,,,,,,,
1169422,2018/19,2019-02-04,"Shere Bangla National Stadium, Mirpur",1,10.3,Rangpur Riders,Comilla Victorians,RR Rossouw,RS Bopara,Mahedi Hasan,1,0,,,,,,,,,
1169422,2018/19,2019-02-04,"Shere Bangla National Stadium, Mirpur",1,10.4,Rangpur Riders,Comilla Victorians,RS Bopara,RR Rossouw,Mahedi Hasan,0,0,,,,,,,,,
1169422,2018/19,2019-02-04,"Shere Bangla National Stadium, Mirpur",1,10.5,Rangpur Riders,Comilla Victorians,RS Bopara,RR Rossouw,Mahedi Hasan,0,4,,,4,,,,,,
1169422,2018/19,2019-02-04,"Shere Bangla National Stadium, Mirpur",1,10.6,Rangpur Riders,Comilla Victorians,RS Bopara,RR Rossouw,Mahedi Hasan,1,0,,,,,,,,,
1169422,2018/19,2019-02-04,"Shere Bangla National Stadium, Mirpur",1,11.1,Rangpur Riders,Comilla Victorians,RS Bopara,RR Rossouw,Shahid Afridi,0,0,,,,,,,,,
1169422,2018/19,2019-02-04,"Shere Bangla National Stadium, Mirpur",1,11.2,Rangpur Riders,Comilla Victorians,RS Bopara,RR Rossouw,Shahid Afridi,1,0,,,,,,,,,
1169422,2018/19,2019-02-04,"Shere Bangla National Stadium, Mirpur",1,11.3,Rangpur Riders,Comilla Victorians,RR Rossouw,RS Bopara,Shahid Afridi,1,0,,,,,,,,,
1169422,2018/19,2019-02-04,"Shere Bangla National Stadium, Mirpur",1,11.4,Rangpur Riders,Comilla Victorians,RS Bopara,RR Rossouw,Shahid Afridi,0,0,,,,,,,,,
1169422,2018/19,2019-02-04,"Shere Bangla National Stadium, Mirpur",1,11.5,Rangpur Riders,Comilla Victorians,RS Bopara,RR Rossouw,Shahid Afridi,0,0,,,,,,,,,
1169422,2018/19,2019-02-04,"Shere Bangla National Stadium, Mirpur",1,11.6,Rangpur Riders,Comilla Victorians,RS Bopara,RR Rossouw,Shahid Afridi,1,0,,,,,,,,,
1169422,2018/19,2019-02-04,"Shere Bangla National Stadium, Mirpur",1,12.1,Rangpur Riders,Comilla Victorians,RS Bopara,RR Rossouw,Sanjit Saha,0,0,,,,,,caught,RS Bopara,,
1169422,2018/19,2019-02-04,"Shere Bangla National Stadium, Mirpur",1,12.2,Rangpur Riders,Comilla Victorians,BAC Howell,RR Rossouw,Sanjit Saha,0,0,,,,,,,,,
1169422,2018/19,2019-02-04,"Shere Bangla National Stadium, Mirpur",1,12.3,Rangpur Riders,Comilla Victorians,BAC Howell,RR Rossouw,Sanjit Saha,1,0,,,,,,,,,
1169422,2018/19,2019-02-04,"Shere Bangla National Stadium, Mirpur",1,12.4,Rangpur Riders,Comilla Victorians,RR Rossouw,BAC Howell,Sanjit Saha,2,0,,,,,,,,,
1169422,2018/19,2019-02-04,"Shere Bangla National Stadium, Mirpur",1,12.5,Rangpur Riders,Comilla Victorians,RR Rossouw,BAC Howell,Sanjit Saha,1,0,,,,,,,,,
1169422,2018/19,2019-02-04,"Shere Bangla National Stadium, Mirpur",1,12.6,Rangpur Riders,Comilla Victorians,BAC Howell,RR Rossouw,Sanjit Saha,0,0,,,,,,,,,
1169422,2018/19,2019-02-04,"Shere Bangla National Stadium, Mirpur",1,13.1,Rangpur Riders,Comilla Victorians,RR Rossouw,BAC Howell,Shahid Afridi,1,0,,,,,,,,,
1169422,2018/19,2019-02-04,"Shere Bangla National Stadium, Mirpur",1,13.2,Rangpur Riders,Comilla Victorians,BAC Howell,RR Rossouw,Shahid Afridi,0,0,,,,,,,,,
1169422,2018/19,2019-02-04,"Shere Bangla National Stadium, Mirpur",1,13.3,Rangpur Riders,Comilla Victorians,BAC Howell,RR Rossouw,Shahid Afridi,1,0,,,,,,,,,
1169422,2018/19,2019-02-04,"Shere Bangla National Stadium, Mirpur",1,13.4,Rangpur Riders,Comilla Victorians,RR Rossouw,BAC Howell,Shahid Afridi,0,0,,,,,,,,,
1169422,2018/19,2019-02-04,"Shere Bangla National Stadium, Mirpur",1,13.5,Rangpur Riders,Comilla Victorians,RR Rossouw,BAC Howell,Shahid Afridi,1,0,,,,,,,,,
1169422,2018/19,2019-02-04,"Shere Bangla National Stadium, Mirpur",1,13.6,Rangpur Riders,Comilla Victorians,BAC Howell,RR Rossouw,Shahid Afridi,1,0,,,,,,,,,
1169422,2018/19,2019-02-04,"Shere Bangla National Stadium, Mirpur",1,14.1,Rangpur Riders,Comilla Victorians,BAC Howell,RR Rossouw,NLTC Perera,1,0,,,,,,,,,
1169422,2018/19,2019-02-04,"Shere Bangla National Stadium, Mirpur",1,14.2,Rangpur Riders,Comilla Victorians,RR Rossouw,BAC Howell,NLTC Perera,1,0,,,,,,,,,
1169422,2018/19,2019-02-04,"Shere Bangla National Stadium, Mirpur",1,14.3,Rangpur Riders,Comilla Victorians,BAC Howell,RR Rossouw,NLTC Perera,0,0,,,,,,,,,
1169422,2018/19,2019-02-04,"Shere Bangla National Stadium, Mirpur",1,14.4,Rangpur Riders,Comilla Victorians,BAC Howell,RR Rossouw,NLTC Perera,0,0,,,,,,,,,
1169422,2018/19,2019-02-04,"Shere Bangla National Stadium, Mirpur",1,14.5,Rangpur Riders,Comilla Victorians,BAC Howell,RR Rossouw,NLTC Perera,1,0,,,,,,,,,
1169422,2018/19,2019-02-04,"Shere Bangla National Stadium, Mirpur",1,14.6,Rangpur Riders,Comilla Victorians,RR Rossouw,BAC Howell,NLTC Perera,4,0,,,,,,,,,
1169422,2018/19,2019-02-04,"Shere Bangla National Stadium, Mirpur",1,15.1,Rangpur Riders,Comilla Victorians,BAC Howell,RR Rossouw,Shahid Afridi,1,0,,,,,,,,,
1169422,2018/19,2019-02-04,"Shere Bangla National Stadium, Mirpur",1,15.2,Rangpur Riders,Comilla Victorians,RR Rossouw,BAC Howell,Shahid Afridi,4,0,,,,,,,,,
1169422,2018/19,2019-02-04,"Shere Bangla National Stadium, Mirpur",1,15.3,Rangpur Riders,Comilla Victorians,RR Rossouw,BAC Howell,Shahid Afridi,1,0,,,,,,,,,
1169422,2018/19,2019-02-04,"Shere Bangla National Stadium, Mirpur",1,15.4,Rangpur Riders,Comilla Victorians,BAC Howell,RR Rossouw,Shahid Afridi,6,0,,,,,,,,,
1169422,2018/19,2019-02-04,"Shere Bangla National Stadium, Mirpur",1,15.5,Rangpur Riders,Comilla Victorians,BAC Howell,RR Rossouw,Shahid Afridi,0,0,,,,,,,,,
1169422,2018/19,2019-02-04,"Shere Bangla National Stadium, Mirpur",1,15.6,Rangpur Riders,Comilla Victorians,BAC Howell,RR Rossouw,Shahid Afridi,0,0,,,,,,,,,
1169422,2018/19,2019-02-04,"Shere Bangla National Stadium, Mirpur",1,16.1,Rangpur Riders,Comilla Victorians,RR Rossouw,BAC Howell,Mohammad Saifuddin,1,0,,,,,,,,,
1169422,2018/19,2019-02-04,"Shere Bangla National Stadium, Mirpur",1,16.2,Rangpur Riders,Comilla Victorians,BAC Howell,RR Rossouw,Mohammad Saifuddin,6,0,,,,,,,,,
1169422,2018/19,2019-02-04,"Shere Bangla National Stadium, Mirpur",1,16.3,Rangpur Riders,Comilla Victorians,BAC Howell,RR Rossouw,Mohammad Saifuddin,0,0,,,,,,,,,
1169422,2018/19,2019-02-04,"Shere Bangla National Stadium, Mirpur",1,16.4,Rangpur Riders,Comilla Victorians,BAC Howell,RR Rossouw,Mohammad Saifuddin,4,0,,,,,,,,,
1169422,2018/19,2019-02-04,"Shere Bangla National Stadium, Mirpur",1,16.5,Rangpur Riders,Comilla Victorians,BAC Howell,RR Rossouw,Mohammad Saifuddin,1,0,,,,,,,,,
1169422,2018/19,2019-02-04,"Shere Bangla National Stadium, Mirpur",1,16.6,Rangpur Riders,Comilla Victorians,RR Rossouw,BAC Howell,Mohammad Saifuddin,0,0,,,,,,,,,
1169422,2018/19,2019-02-04,"Shere Bangla National Stadium, Mirpur",1,17.1,Rangpur Riders,Comilla Victorians,BAC Howell,RR Rossouw,Wahab Riaz,6,0,,,,,,,,,
1169422,2018/19,2019-02-04,"Shere Bangla National Stadium, Mirpur",1,17.2,Rangpur Riders,Comilla Victorians,BAC Howell,RR Rossouw,Wahab Riaz,0,0,,,,,,,,,
1169422,2018/19,2019-02-04,"Shere Bangla National Stadium, Mirpur",1,17.3,Rangpur Riders,Comilla Victorians,BAC Howell,RR Rossouw,Wahab Riaz,0,1,,,,1,,,,,
1169422,2018/19,2019-02-04,"Shere Bangla National Stadium, Mirpur",1,17.4,Rangpur Riders,Comilla Victorians,RR Rossouw,BAC Howell,Wahab Riaz,0,0,,,,,,,,,
1169422,2018/19,2019-02-04,"Shere Bangla National Stadium, Mirpur",1,17.5,Rangpur Riders,Comilla Victorians,RR Rossouw,BAC Howell,Wahab Riaz,4,0,,,,,,,,,
1169422,2018/19,2019-02-04,"Shere Bangla National Stadium, Mirpur",1,17.6,Rangpur Riders,Comilla Victorians,RR Rossouw,BAC Howell,Wahab Riaz,2,0,,,,,,,,,
1169422,2018/19,2019-02-04,"Shere Bangla National Stadium, Mirpur",1,18.1,Rangpur Riders,Comilla Victorians,BAC Howell,RR Rossouw,Mohammad Saifuddin,4,0,,,,,,,,,
1169422,2018/19,2019-02-04,"Shere Bangla National Stadium, Mirpur",1,18.2,Rangpur Riders,Comilla Victorians,BAC Howell,RR Rossouw,Mohammad Saifuddin,6,0,,,,,,,,,
1169422,2018/19,2019-02-04,"Shere Bangla National Stadium, Mirpur",1,18.3,Rangpur Riders,Comilla Victorians,BAC Howell,RR Rossouw,Mohammad Saifuddin,1,0,,,,,,,,,
1169422,2018/19,2019-02-04,"Shere Bangla National Stadium, Mirpur",1,18.4,Rangpur Riders,Comilla Victorians,RR Rossouw,BAC Howell,Mohammad Saifuddin,6,0,,,,,,,,,
1169422,2018/19,2019-02-04,"Shere Bangla National Stadium, Mirpur",1,18.5,Rangpur Riders,Comilla Victorians,RR Rossouw,BAC Howell,Mohammad Saifuddin,0,1,1,,,,,,,,
1169422,2018/19,2019-02-04,"Shere Bangla National Stadium, Mirpur",1,18.6,Rangpur Riders,Comilla Victorians,RR Rossouw,BAC Howell,Mohammad Saifuddin,0,0,,,,,,caught,RR Rossouw,,
1169422,2018/19,2019-02-04,"Shere Bangla National Stadium, Mirpur",1,18.7,Rangpur Riders,Comilla Victorians,Nahidul Islam,BAC Howell,Mohammad Saifuddin,1,0,,,,,,,,,
1169422,2018/19,2019-02-04,"Shere Bangla National Stadium, Mirpur",1,19.1,Rangpur Riders,Comilla Victorians,Nahidul Islam,BAC Howell,Wahab Riaz,4,0,,,,,,,,,
1169422,2018/19,2019-02-04,"Shere Bangla National Stadium, Mirpur",1,19.2,Rangpur Riders,Comilla Victorians,Nahidul Islam,BAC Howell,Wahab Riaz,1,0,,,,,,,,,
1169422,2018/19,2019-02-04,"Shere Bangla National Stadium, Mirpur",1,19.3,Rangpur Riders,Comilla Victorians,BAC Howell,Nahidul Islam,Wahab Riaz,6,0,,,,,,,,,
1169422,2018/19,2019-02-04,"Shere Bangla National Stadium, Mirpur",1,19.4,Rangpur Riders,Comilla Victorians,BAC Howell,Nahidul Islam,Wahab Riaz,2,0,,,,,,,,,
1169422,2018/19,2019-02-04,"Shere Bangla National Stadium, Mirpur",1,19.5,Rangpur Riders,Comilla Victorians,BAC Howell,Nahidul Islam,Wahab Riaz,4,0,,,,,,,,,
1169422,2018/19,2019-02-04,"Shere Bangla National Stadium, Mirpur",1,19.6,Rangpur Riders,Comilla Victorians,BAC Howell,Nahidul Islam,Wahab Riaz,1,0,,,,,,,,,
1169422,2018/19,2019-02-04,"Shere Bangla National Stadium, Mirpur",2,0.1,Comilla Victorians,Rangpur Riders,Tamim Iqbal,E Lewis,Nahidul Islam,0,0,,,,,,,,,
1169422,2018/19,2019-02-04,"Shere Bangla National Stadium, Mirpur",2,0.2,Comilla Victorians,Rangpur Riders,Tamim Iqbal,E Lewis,Nahidul Islam,0,0,,,,,,,,,
1169422,2018/19,2019-02-04,"Shere Bangla National Stadium, Mirpur",2,0.3,Comilla Victorians,Rangpur Riders,Tamim Iqbal,E Lewis,Nahidul Islam,0,0,,,,,,,,,
1169422,2018/19,2019-02-04,"Shere Bangla National Stadium, Mirpur",2,0.4,Comilla Victorians,Rangpur Riders,Tamim Iqbal,E Lewis,Nahidul Islam,1,0,,,,,,,,,
1169422,2018/19,2019-02-04,"Shere Bangla National Stadium, Mirpur",2,0.5,Comilla Victorians,Rangpur Riders,E Lewis,Tamim Iqbal,Nahidul Islam,1,0,,,,,,,,,
1169422,2018/19,2019-02-04,"Shere Bangla National Stadium, Mirpur",2,0.6,Comilla Victorians,Rangpur Riders,Tamim Iqbal,E Lewis,Nahidul Islam,0,0,,,,,,,,,
1169422,2018/19,2019-02-04,"Shere Bangla National Stadium, Mirpur",2,1.1,Comilla Victorians,Rangpur Riders,E Lewis,Tamim Iqbal,Sohag Gazi,0,0,,,,,,,,,
1169422,2018/19,2019-02-04,"Shere Bangla National Stadium, Mirpur",2,1.2,Comilla Victorians,Rangpur Riders,E Lewis,Tamim Iqbal,Sohag Gazi,2,0,,,,,,,,,
1169422,2018/19,2019-02-04,"Shere Bangla National Stadium, Mirpur",2,1.3,Comilla Victorians,Rangpur Riders,E Lewis,Tamim Iqbal,Sohag Gazi,0,0,,,,,,,,,
1169422,2018/19,2019-02-04,"Shere Bangla National Stadium, Mirpur",2,1.4,Comilla Victorians,Rangpur Riders,E Lewis,Tamim Iqbal,Sohag Gazi,1,0,,,,,,,,,
1169422,2018/19,2019-02-04,"Shere Bangla National Stadium, Mirpur",2,1.5,Comilla Victorians,Rangpur Riders,Tamim Iqbal,E Lewis,Sohag Gazi,1,0,,,,,,,,,
1169422,2018/19,2019-02-04,"Shere Bangla National Stadium, Mirpur",2,1.6,Comilla Victorians,Rangpur Riders,E Lewis,Tamim Iqbal,Sohag Gazi,1,0,,,,,,,,,
1169422,2018/19,2019-02-04,"Shere Bangla National Stadium, Mirpur",2,2.1,Comilla Victorians,Rangpur Riders,E Lewis,Tamim Iqbal,Nahidul Islam,1,0,,,,,,,,,
1169422,2018/19,2019-02-04,"Shere Bangla National Stadium, Mirpur",2,2.2,Comilla Victorians,Rangpur Riders,Tamim Iqbal,E Lewis,Nahidul Islam,4,0,,,,,,,,,
1169422,2018/19,2019-02-04,"Shere Bangla National Stadium, Mirpur",2,2.3,Comilla Victorians,Rangpur Riders,Tamim Iqbal,E Lewis,Nahidul Islam,0,0,,,,,,,,,
1169422,2018/19,2019-02-04,"Shere Bangla National Stadium, Mirpur",2,2.4,Comilla Victorians,Rangpur Riders,Tamim Iqbal,E Lewis,Nahidul Islam,1,0,,,,,,,,,
1169422,2018/19,2019-02-04,"Shere Bangla National Stadium, Mirpur",2,2.5,Comilla Victorians,Rangpur Riders,E Lewis,Tamim Iqbal,Nahidul Islam,0,0,,,,,,,,,
1169422,2018/19,2019-02-04,"Shere Bangla National Stadium, Mirpur",2,2.6,Comilla Victorians,Rangpur Riders,E Lewis,Tamim Iqbal,Nahidul Islam,1,0,,,,,,,,,
1169422,2018/19,2019-02-04,"Shere Bangla National Stadium, Mirpur",2,3.1,Comilla Victorians,Rangpur Riders,E Lewis,Tamim Iqbal,Sohag Gazi,4,0,,,,,,,,,
1169422,2018/19,2019-02-04,"Shere Bangla National Stadium, Mirpur",2,3.2,Comilla Victorians,Rangpur Riders,E Lewis,Tamim Iqbal,Sohag Gazi,4,0,,,,,,,,,
1169422,2018/19,2019-02-04,"Shere Bangla National Stadium, Mirpur",2,3.3,Comilla Victorians,Rangpur Riders,E Lewis,Tamim Iqbal,Sohag Gazi,1,0,,,,,,,,,
1169422,2018/19,2019-02-04,"Shere Bangla National Stadium, Mirpur",2,3.4,Comilla Victorians,Rangpur Riders,Tamim Iqbal,E Lewis,Sohag Gazi,1,0,,,,,,,,,
1169422,2018/19,2019-02-04,"Shere Bangla National Stadium, Mirpur",2,3.5,Comilla Victorians,Rangpur Riders,E Lewis,Tamim Iqbal,Sohag Gazi,0,0,,,,,,,,,
1169422,2018/19,2019-02-04,"Shere Bangla National Stadium, Mirpur",2,3.6,Comilla Victorians,Rangpur Riders,E Lewis,Tamim Iqbal,Sohag Gazi,0,0,,,,,,,,,
1169422,2018/19,2019-02-04,"Shere Bangla National Stadium, Mirpur",2,4.1,Comilla Victorians,Rangpur Riders,Tamim Iqbal,E Lewis,Mashrafe Mortaza,2,0,,,,,,,,,
1169422,2018/19,2019-02-04,"Shere Bangla National Stadium, Mirpur",2,4.2,Comilla Victorians,Rangpur Riders,Tamim Iqbal,E Lewis,Mashrafe Mortaza,1,0,,,,,,,,,
1169422,2018/19,2019-02-04,"Shere Bangla National Stadium, Mirpur",2,4.3,Comilla Victorians,Rangpur Riders,E Lewis,Tamim Iqbal,Mashrafe Mortaza,1,0,,,,,,,,,
1169422,2018/19,2019-02-04,"Shere Bangla National Stadium, Mirpur",2,4.4,Comilla Victorians,Rangpur Riders,Tamim Iqbal,E Lewis,Mashrafe Mortaza,0,1,1,,,,,,,,
1169422,2018/19,2019-02-04,"Shere Bangla National Stadium, Mirpur",2,4.5,Comilla Victorians,Rangpur Riders,Tamim Iqbal,E Lewis,Mashrafe Mortaza,6,0,,,,,,,,,
1169422,2018/19,2019-02-04,"Shere Bangla National Stadium, Mirpur",2,4.6,Comilla Victorians,Rangpur Riders,Tamim Iqbal,E Lewis,Mashrafe Mortaza,0,0,,,,,,caught,Tamim Iqbal,,
1169422,2018/19,2019-02-04,"Shere Bangla National Stadium, Mirpur",2,4.7,Comilla Victorians,Rangpur Riders,Anamul Haque,E Lewis,Mashrafe Mortaza,0,0,,,,,,,,,
1169422,2018/19,2019-02-04,"Shere Bangla National Stadium, Mirpur",2,5.1,Comilla Victorians,Rangpur Riders,E Lewis,Anamul Haque,Nahidul Islam,1,0,,,,,,,,,
1169422,2018/19,2019-02-04,"Shere Bangla National Stadium, Mirpur",2,5.2,Comilla Victorians,Rangpur Riders,Anamul Haque,E Lewis,Nahidul Islam,1,0,,,,,,,,,
1169422,2018/19,2019-02-04,"Shere Bangla National Stadium, Mirpur",2,5.3,Comilla Victorians,Rangpur Riders,E Lewis,Anamul Haque,Nahidul Islam,1,0,,,,,,,,,
1169422,2018/19,2019-02-04,"Shere Bangla National Stadium, Mirpur",2,5.4,Comilla Victorians,Rangpur Riders,Anamul Haque,E Lewis,Nahidul Islam,4,0,,,,,,,,,
1169422,2018/19,2019-02-04,"Shere Bangla National Stadium, Mirpur",2,5.5,Comilla Victorians,Rangpur Riders,Anamul Haque,E Lewis,Nahidul Islam,1,0,,,,,,,,,
1169422,2018/19,2019-02-04,"Shere Bangla National Stadium, Mirpur",2,5.6,Comilla Victorians,Rangpur Riders,E Lewis,Anamul Haque,Nahidul Islam,1,0,,,,,,,,,
1169422,2018/19,2019-02-04,"Shere Bangla National Stadium, Mirpur",2,6.1,Comilla Victorians,Rangpur Riders,E Lewis,Anamul Haque,Mashrafe Mortaza,0,0,,,,,,,,,
1169422,2018/19,2019-02-04,"Shere Bangla National Stadium, Mirpur",2,6.2,Comilla Victorians,Rangpur Riders,E Lewis,Anamul Haque,Mashrafe Mortaza,1,0,,,,,,,,,
1169422,2018/19,2019-02-04,"Shere Bangla National Stadium, Mirpur",2,6.3,Comilla Victorians,Rangpur Riders,Anamul Haque,E Lewis,Mashrafe Mortaza,1,0,,,,,,,,,
1169422,2018/19,2019-02-04,"Shere Bangla National Stadium, Mirpur",2,6.4,Comilla Victorians,Rangpur Riders,E Lewis,Anamul Haque,Mashrafe Mortaza,1,0,,,,,,,,,
1169422,2018/19,2019-02-04,"Shere Bangla National Stadium, Mirpur",2,6.5,Comilla Victorians,Rangpur Riders,Anamul Haque,E Lewis,Mashrafe Mortaza,0,1,1,,,,,,,,
1169422,2018/19,2019-02-04,"Shere Bangla National Stadium, Mirpur",2,6.6,Comilla Victorians,Rangpur Riders,Anamul Haque,E Lewis,Mashrafe Mortaza,1,0,,,,,,,,,
1169422,2018/19,2019-02-04,"Shere Bangla National Stadium, Mirpur",2,6.7,Comilla Victorians,Rangpur Riders,E Lewis,Anamul Haque,Mashrafe Mortaza,4,0,,,,,,,,,
1169422,2018/19,2019-02-04,"Shere Bangla National Stadium, Mirpur",2,7.1,Comilla Victorians,Rangpur Riders,Anamul Haque,E Lewis,Farhad Reza,0,0,,,,,,,,,
1169422,2018/19,2019-02-04,"Shere Bangla National Stadium, Mirpur",2,7.2,Comilla Victorians,Rangpur Riders,Anamul Haque,E Lewis,Farhad Reza,6,0,,,,,,,,,
1169422,2018/19,2019-02-04,"Shere Bangla National Stadium, Mirpur",2,7.3,Comilla Victorians,Rangpur Riders,Anamul Haque,E Lewis,Farhad Reza,0,0,,,,,,,,,
1169422,2018/19,2019-02-04,"Shere Bangla National Stadium, Mirpur",2,7.4,Comilla Victorians,Rangpur Riders,Anamul Haque,E Lewis,Farhad Reza,1,0,,,,,,,,,
1169422,2018/19,2019-02-04,"Shere Bangla National Stadium, Mirpur",2,7.5,Comilla Victorians,Rangpur Riders,E Lewis,Anamul Haque,Farhad Reza,1,0,,,,,,,,,
1169422,2018/19,2019-02-04,"Shere Bangla National Stadium, Mirpur",2,7.6,Comilla Victorians,Rangpur Riders,Anamul Haque,E Lewis,Farhad Reza,1,0,,,,,,,,,
1169422,2018/19,2019-02-04,"Shere Bangla National Stadium, Mirpur",2,8.1,Comilla Victorians,Rangpur Riders,Anamul Haque,E Lewis,BAC Howell,1,0,,,,,,,,,
1169422,2018/19,2019-02-04,"Shere Bangla National Stadium, Mirpur",2,8.2,Comilla Victorians,Rangpur Riders,E Lewis,Anamul Haque,BAC Howell,1,0,,,,,,,,,
1169422,2018/19,2019-02-04,"Shere Bangla National Stadium, Mirpur",2,8.3,Comilla Victorians,Rangpur Riders,Anamul Haque,E Lewis,BAC Howell,2,0,,,,,,,,,
1169422,2018/19,2019-02-04,"Shere Bangla National Stadium, Mirpur",2,8.4,Comilla Victorians,Rangpur Riders,Anamul Haque,E Lewis,BAC Howell,1,0,,,,,,,,,
1169422,2018/19,2019-02-04,"Shere Bangla National Stadium, Mirpur",2,8.5,Comilla Victorians,Rangpur Riders,E Lewis,Anamul Haque,BAC Howell,4,0,,,,,,,,,
1169422,2018/19,2019-02-04,"Shere Bangla National Stadium, Mirpur",2,8.6,Comilla Victorians,Rangpur Riders,E Lewis,Anamul Haque,BAC Howell,1,0,,,,,,,,,
1169422,2018/19,2019-02-04,"Shere Bangla National Stadium, Mirpur",2,9.1,Comilla Victorians,Rangpur Riders,E Lewis,Anamul Haque,Shafiul Islam,0,0,,,,,,,,,
1169422,2018/19,2019-02-04,"Shere Bangla National Stadium, Mirpur",2,9.2,Comilla Victorians,Rangpur Riders,E Lewis,Anamul Haque,Shafiul Islam,1,0,,,,,,,,,
1169422,2018/19,2019-02-04,"Shere Bangla National Stadium, Mirpur",2,9.3,Comilla Victorians,Rangpur Riders,Anamul Haque,E Lewis,Shafiul Islam,1,0,,,,,,,,,
1169422,2018/19,2019-02-04,"Shere Bangla National Stadium, Mirpur",2,9.4,Comilla Victorians,Rangpur Riders,E Lewis,Anamul Haque,Shafiul Islam,2,0,,,,,,,,,
1169422,2018/19,2019-02-04,"Shere Bangla National Stadium, Mirpur",2,9.5,Comilla Victorians,Rangpur Riders,E Lewis,Anamul Haque,Shafiul Islam,0,0,,,,,,,,,
1169422,2018/19,2019-02-04,"Shere Bangla National Stadium, Mirpur",2,9.6,Comilla Victorians,Rangpur Riders,E Lewis,Anamul Haque,Shafiul Islam,0,0,,,,,,,,,
1169422,2018/19,2019-02-04,"Shere Bangla National Stadium, Mirpur",2,10.1,Comilla Victorians,Rangpur Riders,Anamul Haque,E Lewis,BAC Howell,0,0,,,,,,,,,
1169422,2018/19,2019-02-04,"Shere Bangla National Stadium, Mirpur",2,10.2,Comilla Victorians,Rangpur Riders,Anamul Haque,E Lewis,BAC Howell,1,0,,,,,,,,,
1169422,2018/19,2019-02-04,"Shere Bangla National Stadium, Mirpur",2,10.3,Comilla Victorians,Rangpur Riders,E Lewis,Anamul Haque,BAC Howell,0,0,,,,,,,,,
1169422,2018/19,2019-02-04,"Shere Bangla National Stadium, Mirpur",2,10.4,Comilla Victorians,Rangpur Riders,E Lewis,Anamul Haque,BAC Howell,6,0,,,,,,,,,
1169422,2018/19,2019-02-04,"Shere Bangla National Stadium, Mirpur",2,10.5,Comilla Victorians,Rangpur Riders,E Lewis,Anamul Haque,BAC Howell,0,0,,,,,,,,,
1169422,2018/19,2019-02-04,"Shere Bangla National Stadium, Mirpur",2,10.6,Comilla Victorians,Rangpur Riders,E Lewis,Anamul Haque,BAC Howell,0,1,1,,,,,,,,
1169422,2018/19,2019-02-04,"Shere Bangla National Stadium, Mirpur",2,10.7,Comilla Victorians,Rangpur Riders,E Lewis,Anamul Haque,BAC Howell,1,0,,,,,,,,,
1169422,2018/19,2019-02-04,"Shere Bangla National Stadium, Mirpur",2,11.1,Comilla Victorians,Rangpur Riders,E Lewis,Anamul Haque,Mashrafe Mortaza,0,0,,,,,,,,,
1169422,2018/19,2019-02-04,"Shere Bangla National Stadium, Mirpur",2,11.2,Comilla Victorians,Rangpur Riders,E Lewis,Anamul Haque,Mashrafe Mortaza,2,0,,,,,,,,,
1169422,2018/19,2019-02-04,"Shere Bangla National Stadium, Mirpur",2,11.3,Comilla Victorians,Rangpur Riders,E Lewis,Anamul Haque,Mashrafe Mortaza,0,0,,,,,,,,,
1169422,2018/19,2019-02-04,"Shere Bangla National Stadium, Mirpur",2,11.4,Comilla Victorians,Rangpur Riders,E Lewis,Anamul Haque,Mashrafe Mortaza,1,0,,,,,,,,,
1169422,2018/19,2019-02-04,"Shere Bangla National Stadium, Mirpur",2,11.5,Comilla Victorians,Rangpur Riders,Anamul Haque,E Lewis,Mashrafe Mortaza,2,0,,,,,,,,,
1169422,2018/19,2019-02-04,"Shere Bangla National Stadium, Mirpur",2,11.6,Comilla Victorians,Rangpur Riders,Anamul Haque,E Lewis,Mashrafe Mortaza,0,0,,,,,,,,,
1169422,2018/19,2019-02-04,"Shere Bangla National Stadium, Mirpur",2,12.1,Comilla Victorians,Rangpur Riders,E Lewis,Anamul Haque,Farhad Reza,1,0,,,,,,,,,
1169422,2018/19,2019-02-04,"Shere Bangla National Stadium, Mirpur",2,12.2,Comilla Victorians,Rangpur Riders,Anamul Haque,E Lewis,Farhad Reza,0,0,,,,,,,,,
1169422,2018/19,2019-02-04,"Shere Bangla National Stadium, Mirpur",2,12.3,Comilla Victorians,Rangpur Riders,Anamul Haque,E Lewis,Farhad Reza,0,1,,,,1,,,,,
1169422,2018/19,2019-02-04,"Shere Bangla National Stadium, Mirpur",2,12.4,Comilla Victorians,Rangpur Riders,E Lewis,Anamul Haque,Farhad Reza,1,0,,,,,,,,,
1169422,2018/19,2019-02-04,"Shere Bangla National Stadium, Mirpur",2,12.5,Comilla Victorians,Rangpur Riders,Anamul Haque,E Lewis,Farhad Reza,1,0,,,,,,,,,
1169422,2018/19,2019-02-04,"Shere Bangla National Stadium, Mirpur",2,12.6,Comilla Victorians,Rangpur Riders,E Lewis,Anamul Haque,Farhad Reza,6,0,,,,,,,,,
1169422,2018/19,2019-02-04,"Shere Bangla National Stadium, Mirpur",2,13.1,Comilla Victorians,Rangpur Riders,Anamul Haque,E Lewis,Mashrafe Mortaza,6,1,,1,,,,,,,
1169422,2018/19,2019-02-04,"Shere Bangla National Stadium, Mirpur",2,13.2,Comilla Victorians,Rangpur Riders,Anamul Haque,E Lewis,Mashrafe Mortaza,0,0,,,,,,,,,
1169422,2018/19,2019-02-04,"Shere Bangla National Stadium, Mirpur",2,13.3,Comilla Victorians,Rangpur Riders,Anamul Haque,E Lewis,Mashrafe Mortaza,1,0,,,,,,,,,
1169422,2018/19,2019-02-04,"Shere Bangla National Stadium, Mirpur",2,13.4,Comilla Victorians,Rangpur Riders,E Lewis,Anamul Haque,Mashrafe Mortaza,2,0,,,,,,,,,
1169422,2018/19,2019-02-04,"Shere Bangla National Stadium, Mirpur",2,13.5,Comilla Victorians,Rangpur Riders,E Lewis,Anamul Haque,Mashrafe Mortaza,1,0,,,,,,,,,
1169422,2018/19,2019-02-04,"Shere Bangla National Stadium, Mirpur",2,13.6,Comilla Victorians,Rangpur Riders,Anamul Haque,E Lewis,Mashrafe Mortaza,1,0,,,,,,,,,
1169422,2018/19,2019-02-04,"Shere Bangla National Stadium, Mirpur",2,13.7,Comilla Victorians,Rangpur Riders,E Lewis,Anamul Haque,Mashrafe Mortaza,6,0,,,,,,,,,
1169422,2018/19,2019-02-04,"Shere Bangla National Stadium, Mirpur",2,14.1,Comilla Victorians,Rangpur Riders,Anamul Haque,E Lewis,RS Bopara,1,0,,,,,,,,,
1169422,2018/19,2019-02-04,"Shere Bangla National Stadium, Mirpur",2,14.2,Comilla Victorians,Rangpur Riders,E Lewis,Anamul Haque,RS Bopara,1,0,,,,,,,,,
1169422,2018/19,2019-02-04,"Shere Bangla National Stadium, Mirpur",2,14.3,Comilla Victorians,Rangpur Riders,Anamul Haque,E Lewis,RS Bopara,0,0,,,,,,,,,
1169422,2018/19,2019-02-04,"Shere Bangla National Stadium, Mirpur",2,14.4,Comilla Victorians,Rangpur Riders,Anamul Haque,E Lewis,RS Bopara,0,0,,,,,,,,,
1169422,2018/19,2019-02-04,"Shere Bangla National Stadium, Mirpur",2,14.5,Comilla Victorians,Rangpur Riders,Anamul Haque,E Lewis,RS Bopara,4,0,,,,,,,,,
1169422,2018/19,2019-02-04,"Shere Bangla National Stadium, Mirpur",2,14.6,Comilla Victorians,Rangpur Riders,Anamul Haque,E Lewis,RS Bopara,1,0,,,,,,,,,
1169422,2018/19,2019-02-04,"Shere Bangla National Stadium, Mirpur",2,15.1,Comilla Victorians,Rangpur Riders,Anamul Haque,E Lewis,Shafiul Islam,0,0,,,,,,bowled,Anamul Haque,,
1169422,2018/19,2019-02-04,"Shere Bangla National Stadium, Mirpur",2,15.2,Comilla Victorians,Rangpur Riders,Shamsur Rahman,E Lewis,Shafiul Islam,1,0,,,,,,,,,
1169422,2018/19,2019-02-04,"Shere Bangla National Stadium, Mirpur",2,15.3,Comilla Victorians,Rangpur Riders,E Lewis,Shamsur Rahman,Shafiul Islam,0,0,,,,,,,,,
1169422,2018/19,2019-02-04,"Shere Bangla National Stadium, Mirpur",2,15.4,Comilla Victorians,Rangpur Riders,E Lewis,Shamsur Rahman,Shafiul Islam,0,0,,,,,,,,,
1169422,2018/19,2019-02-04,"Shere Bangla National Stadium, Mirpur",2,15.5,Comilla Victorians,Rangpur Riders,E Lewis,Shamsur Rahman,Shafiul Islam,1,0,,,,,,,,,
1169422,2018/19,2019-02-04,"Shere Bangla National Stadium, Mirpur",2,15.6,Comilla Victorians,Rangpur Riders,Shamsur Rahman,E Lewis,Shafiul Islam,1,0,,,,,,,,,
1169422,2018/19,2019-02-04,"Shere Bangla National Stadium, Mirpur",2,16.1,Comilla Victorians,Rangpur Riders,Shamsur Rahman,E Lewis,RS Bopara,2,0,,,,,,,,,
1169422,2018/19,2019-02-04,"Shere Bangla National Stadium, Mirpur",2,16.2,Comilla Victorians,Rangpur Riders,Shamsur Rahman,E Lewis,RS Bopara,0,0,,,,,,,,,
1169422,2018/19,2019-02-04,"Shere Bangla National Stadium, Mirpur",2,16.3,Comilla Victorians,Rangpur Riders,Shamsur Rahman,E Lewis,RS Bopara,4,0,,,,,,,,,
1169422,2018/19,2019-02-04,"Shere Bangla National Stadium, Mirpur",2,16.4,Comilla Victorians,Rangpur Riders,Shamsur Rahman,E Lewis,RS Bopara,0,0,,,,,,,,,
1169422,2018/19,2019-02-04,"Shere Bangla National Stadium, Mirpur",2,16.5,Comilla Victorians,Rangpur Riders,Shamsur Rahman,E Lewis,RS Bopara,6,0,,,,,,,,,
1169422,2018/19,2019-02-04,"Shere Bangla National Stadium, Mirpur",2,16.6,Comilla Victorians,Rangpur Riders,Shamsur Rahman,E Lewis,RS Bopara,1,0,,,,,,,,,
1169422,2018/19,2019-02-04,"Shere Bangla National Stadium, Mirpur",2,17.1,Comilla Victorians,Rangpur Riders,Shamsur Rahman,E Lewis,Shafiul Islam,1,0,,,,,,,,,
1169422,2018/19,2019-02-04,"Shere Bangla National Stadium, Mirpur",2,17.2,Comilla Victorians,Rangpur Riders,E Lewis,Shamsur Rahman,Shafiul Islam,0,0,,,,,,,,,
1169422,2018/19,2019-02-04,"Shere Bangla National Stadium, Mirpur",2,17.3,Comilla Victorians,Rangpur Riders,E Lewis,Shamsur Rahman,Shafiul Islam,4,0,,,,,,,,,
1169422,2018/19,2019-02-04,"Shere Bangla National Stadium, Mirpur",2,17.4,Comilla Victorians,Rangpur Riders,E Lewis,Shamsur Rahman,Shafiul Islam,1,0,,,,,,,,,
1169422,2018/19,2019-02-04,"Shere Bangla National Stadium, Mirpur",2,17.5,Comilla Victorians,Rangpur Riders,Shamsur Rahman,E Lewis,Shafiul Islam,4,0,,,,,,,,,
1169422,2018/19,2019-02-04,"Shere Bangla National Stadium, Mirpur",2,17.6,Comilla Victorians,Rangpur Riders,Shamsur Rahman,E Lewis,Shafiul Islam,4,0,,,,,,,,,
1169422,2018/19,2019-02-04,"Shere Bangla National Stadium, Mirpur",2,18.1,Comilla Victorians,Rangpur Riders,E Lewis,Shamsur Rahman,Farhad Reza,1,0,,,,,,,,,
1169422,2018/19,2019-02-04,"Shere Bangla National Stadium, Mirpur",2,18.2,Comilla Victorians,Rangpur Riders,Shamsur Rahman,E Lewis,Farhad Reza,0,0,,,,,,,,,
1169422,2018/19,2019-02-04,"Shere Bangla National Stadium, Mirpur",2,18.3,Comilla Victorians,Rangpur Riders,Shamsur Rahman,E Lewis,Farhad Reza,6,0,,,,,,,,,
1169422,2018/19,2019-02-04,"Shere Bangla National Stadium, Mirpur",2,18.4,Comilla Victorians,Rangpur Riders,Shamsur Rahman,E Lewis,Farhad Reza,0,0,,,,,,,,,
1169422,2018/19,2019-02-04,"Shere Bangla National Stadium, Mirpur",2,18.5,Comilla Victorians,Rangpur Riders,Shamsur Rahman,E Lewis,Farhad Reza,4,0,,,,,,,,,
