match_id,season,start_date,venue,innings,ball,batting_team,bowling_team,striker,non_striker,bowler,runs_off_bat,extras,wides,noballs,byes,legbyes,penalty,wicket_type,player_dismissed,other_wicket_type,other_player_dismissed
1169415,2018/19,2019-01-30,"Zahur Ahmed Chowdhury Stadium, Chattogram",1,0.1,Chittagong Vikings,Dhaka Dynamites,Mohammad Shahzad,CS Delport,ACR Birch,0,0,,,,,,,,,
1169415,2018/19,2019-01-30,"Zahur Ahmed Chowdhury Stadium, Chattogram",1,0.2,Chittagong Vikings,Dhaka Dynamites,Mohammad Shahzad,CS Delport,ACR Birch,0,4,,,4,,,,,,
1169415,2018/19,2019-01-30,"Zahur Ahmed Chowdhury Stadium, Chattogram",1,0.3,Chittagong Vikings,Dhaka Dynamites,Mohammad Shahzad,CS Delport,ACR Birch,1,0,,,,,,,,,
1169415,2018/19,2019-01-30,"Zahur Ahmed Chowdhury Stadium, Chattogram",1,0.4,Chittagong Vikings,Dhaka Dynamites,CS Delport,Mohammad Shahzad,ACR Birch,0,0,,,,,,,,,
1169415,2018/19,2019-01-30,"Zahur Ahmed Chowdhury Stadium, Chattogram",1,0.5,Chittagong Vikings,Dhaka Dynamites,CS Delport,Mohammad Shahzad,ACR Birch,0,1,,,,1,,,,,
1169415,2018/19,2019-01-30,"Zahur Ahmed Chowdhury Stadium, Chattogram",1,0.6,Chittagong Vikings,Dhaka Dynamites,Mohammad Shahzad,CS Delport,ACR Birch,0,0,,,,,,,,,
1169415,2018/19,2019-01-30,"Zahur Ahmed Chowdhury Stadium, Chattogram",1,1.1,Chittagong Vikings,Dhaka Dynamites,CS Delport,Mohammad Shahzad,AD Russell,0,0,,,,,,,,,
1169415,2018/19,2019-01-30,"Zahur Ahmed Chowdhury Stadium, Chattogram",1,1.2,Chittagong Vikings,Dhaka Dynamites,CS Delport,Mohammad Shahzad,AD Russell,1,0,,,,,,,,,
1169415,2018/19,2019-01-30,"Zahur Ahmed Chowdhury Stadium, Chattogram",1,1.3,Chittagong Vikings,Dhaka Dynamites,Mohammad Shahzad,CS Delport,AD Russell,0,1,1,,,,,,,,
1169415,2018/19,2019-01-30,"Zahur Ahmed Chowdhury Stadium, Chattogram",1,1.4,Chittagong Vikings,Dhaka Dynamites,Mohammad Shahzad,CS Delport,AD Russell,1,0,,,,,,,,,
1169415,2018/19,2019-01-30,"Zahur Ahmed Chowdhury Stadium, Chattogram",1,1.5,Chittagong Vikings,Dhaka Dynamites,CS Delport,Mohammad Shahzad,AD Russell,0,0,,,,,,,,,
1169415,2018/19,2019-01-30,"Zahur Ahmed Chowdhury Stadium, Chattogram",1,1.6,Chittagong Vikings,Dhaka Dynamites,CS Delport,Mohammad Shahzad,AD Russell,0,0,,,,,,,,,
1169415,2018/19,2019-01-30,"Zahur Ahmed Chowdhury Stadium, Chattogram",1,1.7,Chittagong Vikings,Dhaka Dynamites,CS Delport,Mohammad Shahzad,AD Russell,4,0,,,,,,,,,
1169415,2018/19,2019-01-30,"Zahur Ahmed Chowdhury Stadium, Chattogram",1,2.1,Chittagong Vikings,Dhaka Dynamites,Mohammad Shahzad,CS Delport,ACR Birch,0,0,,,,,,,,,
1169415,2018/19,2019-01-30,"Zahur Ahmed Chowdhury Stadium, Chattogram",1,2.2,Chittagong Vikings,Dhaka Dynamites,Mohammad Shahzad,CS Delport,ACR Birch,1,0,,,,,,,,,
1169415,2018/19,2019-01-30,"Zahur Ahmed Chowdhury Stadium, Chattogram",1,2.3,Chittagong Vikings,Dhaka Dynamites,CS Delport,Mohammad Shahzad,ACR Birch,0,0,,,,,,,,,
1169415,2018/19,2019-01-30,"Zahur Ahmed Chowdhury Stadium, Chattogram",1,2.4,Chittagong Vikings,Dhaka Dynamites,CS Delport,Mohammad Shahzad,ACR Birch,0,1,1,,,,,,,,
1169415,2018/19,2019-01-30,"Zahur Ahmed Chowdhury Stadium, Chattogram",1,2.5,Chittagong Vikings,Dhaka Dynamites,CS Delport,Mohammad Shahzad,ACR Birch,0,1,1,,,,,,,,
1169415,2018/19,2019-01-30,"Zahur Ahmed Chowdhury Stadium, Chattogram",1,2.6,Chittagong Vikings,Dhaka Dynamites,CS Delport,Mohammad Shahzad,ACR Birch,0,0,,,,,,,,,
1169415,2018/19,2019-01-30,"Zahur Ahmed Chowdhury Stadium, Chattogram",1,2.7,Chittagong Vikings,Dhaka Dynamites,CS Delport,Mohammad Shahzad,ACR Birch,0,0,,,,,,,,,
1169415,2018/19,2019-01-30,"Zahur Ahmed Chowdhury Stadium, Chattogram",1,2.8,Chittagong Vikings,Dhaka Dynamites,CS Delport,Mohammad Shahzad,ACR Birch,4,0,,,,,,,,,
1169415,2018/19,2019-01-30,"Zahur Ahmed Chowdhury Stadium, Chattogram",1,3.1,Chittagong Vikings,Dhaka Dynamites,Mohammad Shahzad,CS Delport,AD Russell,4,0,,,,,,,,,
1169415,2018/19,2019-01-30,"Zahur Ahmed Chowdhury Stadium, Chattogram",1,3.2,Chittagong Vikings,Dhaka Dynamites,Mohammad Shahzad,CS Delport,AD Russell,0,0,,,,,,,,,
1169415,2018/19,2019-01-30,"Zahur Ahmed Chowdhury Stadium, Chattogram",1,3.3,Chittagong Vikings,Dhaka Dynamites,Mohammad Shahzad,CS Delport,AD Russell,4,0,,,,,,,,,
1169415,2018/19,2019-01-30,"Zahur Ahmed Chowdhury Stadium, Chattogram",1,3.4,Chittagong Vikings,Dhaka Dynamites,Mohammad Shahzad,CS Delport,AD Russell,0,0,,,,,,,,,
1169415,2018/19,2019-01-30,"Zahur Ahmed Chowdhury Stadium, Chattogram",1,3.5,Chittagong Vikings,Dhaka Dynamites,Mohammad Shahzad,CS Delport,AD Russell,4,0,,,,,,,,,
1169415,2018/19,2019-01-30,"Zahur Ahmed Chowdhury Stadium, Chattogram",1,3.6,Chittagong Vikings,Dhaka Dynamites,Mohammad Shahzad,CS Delport,AD Russell,6,0,,,,,,,,,
1169415,2018/19,2019-01-30,"Zahur Ahmed Chowdhury Stadium, Chattogram",1,4.1,Chittagong Vikings,Dhaka Dynamites,CS Delport,Mohammad Shahzad,Shakib Al Hasan,0,0,,,,,,,,,
1169415,2018/19,2019-01-30,"Zahur Ahmed Chowdhury Stadium, Chattogram",1,4.2,Chittagong Vikings,Dhaka Dynamites,CS Delport,Mohammad Shahzad,Shakib Al Hasan,0,0,,,,,,,,,
1169415,2018/19,2019-01-30,"Zahur Ahmed Chowdhury Stadium, Chattogram",1,4.3,Chittagong Vikings,Dhaka Dynamites,CS Delport,Mohammad Shahzad,Shakib Al Hasan,0,0,,,,,,,,,
1169415,2018/19,2019-01-30,"Zahur Ahmed Chowdhury Stadium, Chattogram",1,4.4,Chittagong Vikings,Dhaka Dynamites,CS Delport,Mohammad Shahzad,Shakib Al Hasan,0,0,,,,,,,,,
1169415,2018/19,2019-01-30,"Zahur Ahmed Chowdhury Stadium, Chattogram",1,4.5,Chittagong Vikings,Dhaka Dynamites,CS Delport,Mohammad Shahzad,Shakib Al Hasan,0,0,,,,,,,,,
1169415,2018/19,2019-01-30,"Zahur Ahmed Chowdhury Stadium, Chattogram",1,4.6,Chittagong Vikings,Dhaka Dynamites,CS Delport,Mohammad Shahzad,Shakib Al Hasan,4,0,,,,,,,,,
1169415,2018/19,2019-01-30,"Zahur Ahmed Chowdhury Stadium, Chattogram",1,5.1,Chittagong Vikings,Dhaka Dynamites,Mohammad Shahzad,CS Delport,SP Narine,0,0,,,,,,,,,
1169415,2018/19,2019-01-30,"Zahur Ahmed Chowdhury Stadium, Chattogram",1,5.2,Chittagong Vikings,Dhaka Dynamites,Mohammad Shahzad,CS Delport,SP Narine,0,0,,,,,,stumped,Mohammad Shahzad,,
1169415,2018/19,2019-01-30,"Zahur Ahmed Chowdhury Stadium, Chattogram",1,5.3,Chittagong Vikings,Dhaka Dynamites,Yasir Ali Chowdhury,CS Delport,SP Narine,0,0,,,,,,,,,
1169415,2018/19,2019-01-30,"Zahur Ahmed Chowdhury Stadium, Chattogram",1,5.4,Chittagong Vikings,Dhaka Dynamites,Yasir Ali Chowdhury,CS Delport,SP Narine,1,0,,,,,,,,,
1169415,2018/19,2019-01-30,"Zahur Ahmed Chowdhury Stadium, Chattogram",1,5.5,Chittagong Vikings,Dhaka Dynamites,CS Delport,Yasir Ali Chowdhury,SP Narine,0,0,,,,,,,,,
1169415,2018/19,2019-01-30,"Zahur Ahmed Chowdhury Stadium, Chattogram",1,5.6,Chittagong Vikings,Dhaka Dynamites,CS Delport,Yasir Ali Chowdhury,SP Narine,1,0,,,,,,,,,
1169415,2018/19,2019-01-30,"Zahur Ahmed Chowdhury Stadium, Chattogram",1,6.1,Chittagong Vikings,Dhaka Dynamites,CS Delport,Yasir Ali Chowdhury,Shakib Al Hasan,0,0,,,,,,,,,
1169415,2018/19,2019-01-30,"Zahur Ahmed Chowdhury Stadium, Chattogram",1,6.2,Chittagong Vikings,Dhaka Dynamites,CS Delport,Yasir Ali Chowdhury,Shakib Al Hasan,1,0,,,,,,,,,
1169415,2018/19,2019-01-30,"Zahur Ahmed Chowdhury Stadium, Chattogram",1,6.3,Chittagong Vikings,Dhaka Dynamites,Yasir Ali Chowdhury,CS Delport,Shakib Al Hasan,1,0,,,,,,,,,
1169415,2018/19,2019-01-30,"Zahur Ahmed Chowdhury Stadium, Chattogram",1,6.4,Chittagong Vikings,Dhaka Dynamites,CS Delport,Yasir Ali Chowdhury,Shakib Al Hasan,1,0,,,,,,,,,
1169415,2018/19,2019-01-30,"Zahur Ahmed Chowdhury Stadium, Chattogram",1,6.5,Chittagong Vikings,Dhaka Dynamites,Yasir Ali Chowdhury,CS Delport,Shakib Al Hasan,0,0,,,,,,,,,
1169415,2018/19,2019-01-30,"Zahur Ahmed Chowdhury Stadium, Chattogram",1,6.6,Chittagong Vikings,Dhaka Dynamites,Yasir Ali Chowdhury,CS Delport,Shakib Al Hasan,1,0,,,,,,,,,
1169415,2018/19,2019-01-30,"Zahur Ahmed Chowdhury Stadium, Chattogram",1,7.1,Chittagong Vikings,Dhaka Dynamites,Yasir Ali Chowdhury,CS Delport,SP Narine,0,0,,,,,,,,,
1169415,2018/19,2019-01-30,"Zahur Ahmed Chowdhury Stadium, Chattogram",1,7.2,Chittagong Vikings,Dhaka Dynamites,Yasir Ali Chowdhury,CS Delport,SP Narine,1,0,,,,,,,,,
1169415,2018/19,2019-01-30,"Zahur Ahmed Chowdhury Stadium, Chattogram",1,7.3,Chittagong Vikings,Dhaka Dynamites,CS Delport,Yasir Ali Chowdhury,SP Narine,0,0,,,,,,,,,
1169415,2018/19,2019-01-30,"Zahur Ahmed Chowdhury Stadium, Chattogram",1,7.4,Chittagong Vikings,Dhaka Dynamites,CS Delport,Yasir Ali Chowdhury,SP Narine,1,0,,,,,,,,,
1169415,2018/19,2019-01-30,"Zahur Ahmed Chowdhury Stadium, Chattogram",1,7.5,Chittagong Vikings,Dhaka Dynamites,Yasir Ali Chowdhury,CS Delport,SP Narine,0,0,,,,,,,,,
1169415,2018/19,2019-01-30,"Zahur Ahmed Chowdhury Stadium, Chattogram",1,7.6,Chittagong Vikings,Dhaka Dynamites,Yasir Ali Chowdhury,CS Delport,SP Narine,1,0,,,,,,,,,
1169415,2018/19,2019-01-30,"Zahur Ahmed Chowdhury Stadium, Chattogram",1,8.1,Chittagong Vikings,Dhaka Dynamites,Yasir Ali Chowdhury,CS Delport,Rubel Hossain,4,0,,,,,,,,,
1169415,2018/19,2019-01-30,"Zahur Ahmed Chowdhury Stadium, Chattogram",1,8.2,Chittagong Vikings,Dhaka Dynamites,Yasir Ali Chowdhury,CS Delport,Rubel Hossain,1,0,,,,,,,,,
1169415,2018/19,2019-01-30,"Zahur Ahmed Chowdhury Stadium, Chattogram",1,8.3,Chittagong Vikings,Dhaka Dynamites,CS Delport,Yasir Ali Chowdhury,Rubel Hossain,1,0,,,,,,,,,
1169415,2018/19,2019-01-30,"Zahur Ahmed Chowdhury Stadium, Chattogram",1,8.4,Chittagong Vikings,Dhaka Dynamites,Yasir Ali Chowdhury,CS Delport,Rubel Hossain,0,0,,,,,,,,,
1169415,2018/19,2019-01-30,"Zahur Ahmed Chowdhury Stadium, Chattogram",1,8.5,Chittagong Vikings,Dhaka Dynamites,Yasir Ali Chowdhury,CS Delport,Rubel Hossain,1,0,,,,,,,,,
1169415,2018/19,2019-01-30,"Zahur Ahmed Chowdhury Stadium, Chattogram",1,8.6,Chittagong Vikings,Dhaka Dynamites,CS Delport,Yasir Ali Chowdhury,Rubel Hossain,1,0,,,,,,,,,
1169415,2018/19,2019-01-30,"Zahur Ahmed Chowdhury Stadium, Chattogram",1,9.1,Chittagong Vikings,Dhaka Dynamites,CS Delport,Yasir Ali Chowdhury,Mahmudul Hasan,0,1,,,,1,,,,,
1169415,2018/19,2019-01-30,"Zahur Ahmed Chowdhury Stadium, Chattogram",1,9.2,Chittagong Vikings,Dhaka Dynamites,Yasir Ali Chowdhury,CS Delport,Mahmudul Hasan,1,0,,,,,,,,,
1169415,2018/19,2019-01-30,"Zahur Ahmed Chowdhury Stadium, Chattogram",1,9.3,Chittagong Vikings,Dhaka Dynamites,CS Delport,Yasir Ali Chowdhury,Mahmudul Hasan,1,0,,,,,,,,,
1169415,2018/19,2019-01-30,"Zahur Ahmed Chowdhury Stadium, Chattogram",1,9.4,Chittagong Vikings,Dhaka Dynamites,Yasir Ali Chowdhury,CS Delport,Mahmudul Hasan,1,0,,,,,,,,,
1169415,2018/19,2019-01-30,"Zahur Ahmed Chowdhury Stadium, Chattogram",1,9.5,Chittagong Vikings,Dhaka Dynamites,CS Delport,Yasir Ali Chowdhury,Mahmudul Hasan,4,0,,,,,,,,,
1169415,2018/19,2019-01-30,"Zahur Ahmed Chowdhury Stadium, Chattogram",1,9.6,Chittagong Vikings,Dhaka Dynamites,CS Delport,Yasir Ali Chowdhury,Mahmudul Hasan,1,0,,,,,,,,,
1169415,2018/19,2019-01-30,"Zahur Ahmed Chowdhury Stadium, Chattogram",1,10.1,Chittagong Vikings,Dhaka Dynamites,CS Delport,Yasir Ali Chowdhury,Shakib Al Hasan,1,0,,,,,,,,,
1169415,2018/19,2019-01-30,"Zahur Ahmed Chowdhury Stadium, Chattogram",1,10.2,Chittagong Vikings,Dhaka Dynamites,Yasir Ali Chowdhury,CS Delport,Shakib Al Hasan,1,0,,,,,,,,,
1169415,2018/19,2019-01-30,"Zahur Ahmed Chowdhury Stadium, Chattogram",1,10.3,Chittagong Vikings,Dhaka Dynamites,CS Delport,Yasir Ali Chowdhury,Shakib Al Hasan,1,0,,,,,,,,,
1169415,2018/19,2019-01-30,"Zahur Ahmed Chowdhury Stadium, Chattogram",1,10.4,Chittagong Vikings,Dhaka Dynamites,Yasir Ali Chowdhury,CS Delport,Shakib Al Hasan,1,0,,,,,,,,,
1169415,2018/19,2019-01-30,"Zahur Ahmed Chowdhury Stadium, Chattogram",1,10.5,Chittagong Vikings,Dhaka Dynamites,CS Delport,Yasir Ali Chowdhury,Shakib Al Hasan,6,0,,,,,,,,,
1169415,2018/19,2019-01-30,"Zahur Ahmed Chowdhury Stadium, Chattogram",1,10.6,Chittagong Vikings,Dhaka Dynamites,CS Delport,Yasir Ali Chowdhury,Shakib Al Hasan,6,0,,,,,,,,,
1169415,2018/19,2019-01-30,"Zahur Ahmed Chowdhury Stadium, Chattogram",1,11.1,Chittagong Vikings,Dhaka Dynamites,Yasir Ali Chowdhury,CS Delport,SP Narine,4,0,,,,,,,,,
1169415,2018/19,2019-01-30,"Zahur Ahmed Chowdhury Stadium, Chattogram",1,11.2,Chittagong Vikings,Dhaka Dynamites,Yasir Ali Chowdhury,CS Delport,SP Narine,0,0,,,,,,,,,
1169415,2018/19,2019-01-30,"Zahur Ahmed Chowdhury Stadium, Chattogram",1,11.3,Chittagong Vikings,Dhaka Dynamites,Yasir Ali Chowdhury,CS Delport,SP Narine,0,0,,,,,,caught,Yasir Ali Chowdhury,,
1169415,2018/19,2019-01-30,"Zahur Ahmed Chowdhury Stadium, Chattogram",1,11.4,Chittagong Vikings,Dhaka Dynamites,Mushfiqur Rahim,CS Delport,SP Narine,4,0,,,,,,,,,
1169415,2018/19,2019-01-30,"Zahur Ahmed Chowdhury Stadium, Chattogram",1,11.5,Chittagong Vikings,Dhaka Dynamites,Mushfiqur Rahim,CS Delport,SP Narine,0,1,1,,,,,,,,
1169415,2018/19,2019-01-30,"Zahur Ahmed Chowdhury Stadium, Chattogram",1,11.6,Chittagong Vikings,Dhaka Dynamites,Mushfiqur Rahim,CS Delport,SP Narine,0,0,,,,,,,,,
1169415,2018/19,2019-01-30,"Zahur Ahmed Chowdhury Stadium, Chattogram",1,11.7,Chittagong Vikings,Dhaka Dynamites,Mushfiqur Rahim,CS Delport,SP Narine,1,0,,,,,,,,,
1169415,2018/19,2019-01-30,"Zahur Ahmed Chowdhury Stadium, Chattogram",1,12.1,Chittagong Vikings,Dhaka Dynamites,Mushfiqur Rahim,CS Delport,Rubel Hossain,1,0,,,,,,,,,
1169415,2018/19,2019-01-30,"Zahur Ahmed Chowdhury Stadium, Chattogram",1,12.2,Chittagong Vikings,Dhaka Dynamites,CS Delport,Mushfiqur Rahim,Rubel Hossain,4,0,,,,,,,,,
1169415,2018/19,2019-01-30,"Zahur Ahmed Chowdhury Stadium, Chattogram",1,12.3,Chittagong Vikings,Dhaka Dynamites,CS Delport,Mushfiqur Rahim,Rubel Hossain,1,0,,,,,,,,,
1169415,2018/19,2019-01-30,"Zahur Ahmed Chowdhury Stadium, Chattogram",1,12.4,Chittagong Vikings,Dhaka Dynamites,Mushfiqur Rahim,CS Delport,Rubel Hossain,0,0,,,,,,,,,
1169415,2018/19,2019-01-30,"Zahur Ahmed Chowdhury Stadium, Chattogram",1,12.5,Chittagong Vikings,Dhaka Dynamites,Mushfiqur Rahim,CS Delport,Rubel Hossain,1,0,,,,,,,,,
1169415,2018/19,2019-01-30,"Zahur Ahmed Chowdhury Stadium, Chattogram",1,12.6,Chittagong Vikings,Dhaka Dynamites,CS Delport,Mushfiqur Rahim,Rubel Hossain,0,0,,,,,,,,,
1169415,2018/19,2019-01-30,"Zahur Ahmed Chowdhury Stadium, Chattogram",1,13.1,Chittagong Vikings,Dhaka Dynamites,Mushfiqur Rahim,CS Delport,AD Russell,1,0,,,,,,,,,
1169415,2018/19,2019-01-30,"Zahur Ahmed Chowdhury Stadium, Chattogram",1,13.2,Chittagong Vikings,Dhaka Dynamites,CS Delport,Mushfiqur Rahim,AD Russell,2,0,,,,,,,,,
1169415,2018/19,2019-01-30,"Zahur Ahmed Chowdhury Stadium, Chattogram",1,13.3,Chittagong Vikings,Dhaka Dynamites,CS Delport,Mushfiqur Rahim,AD Russell,1,0,,,,,,,,,
1169415,2018/19,2019-01-30,"Zahur Ahmed Chowdhury Stadium, Chattogram",1,13.4,Chittagong Vikings,Dhaka Dynamites,Mushfiqur Rahim,CS Delport,AD Russell,1,0,,,,,,,,,
1169415,2018/19,2019-01-30,"Zahur Ahmed Chowdhury Stadium, Chattogram",1,13.5,Chittagong Vikings,Dhaka Dynamites,CS Delport,Mushfiqur Rahim,AD Russell,0,0,,,,,,,,,
1169415,2018/19,2019-01-30,"Zahur Ahmed Chowdhury Stadium, Chattogram",1,13.6,Chittagong Vikings,Dhaka Dynamites,CS Delport,Mushfiqur Rahim,AD Russell,1,0,,,,,,,,,
1169415,2018/19,2019-01-30,"Zahur Ahmed Chowdhury Stadium, Chattogram",1,14.1,Chittagong Vikings,Dhaka Dynamites,CS Delport,Mushfiqur Rahim,Rubel Hossain,1,0,,,,,,,,,
1169415,2018/19,2019-01-30,"Zahur Ahmed Chowdhury Stadium, Chattogram",1,14.2,Chittagong Vikings,Dhaka Dynamites,Mushfiqur Rahim,CS Delport,Rubel Hossain,6,0,,,,,,,,,
1169415,2018/19,2019-01-30,"Zahur Ahmed Chowdhury Stadium, Chattogram",1,14.3,Chittagong Vikings,Dhaka Dynamites,Mushfiqur Rahim,CS Delport,Rubel Hossain,1,0,,,,,,,,,
1169415,2018/19,2019-01-30,"Zahur Ahmed Chowdhury Stadium, Chattogram",1,14.4,Chittagong Vikings,Dhaka Dynamites,CS Delport,Mushfiqur Rahim,Rubel Hossain,2,0,,,,,,,,,
1169415,2018/19,2019-01-30,"Zahur Ahmed Chowdhury Stadium, Chattogram",1,14.5,Chittagong Vikings,Dhaka Dynamites,CS Delport,Mushfiqur Rahim,Rubel Hossain,1,0,,,,,,,,,
1169415,2018/19,2019-01-30,"Zahur Ahmed Chowdhury Stadium, Chattogram",1,14.6,Chittagong Vikings,Dhaka Dynamites,Mushfiqur Rahim,CS Delport,Rubel Hossain,1,0,,,,,,,,,
1169415,2018/19,2019-01-30,"Zahur Ahmed Chowdhury Stadium, Chattogram",1,15.1,Chittagong Vikings,Dhaka Dynamites,Mushfiqur Rahim,CS Delport,ACR Birch,1,0,,,,,,,,,
1169415,2018/19,2019-01-30,"Zahur Ahmed Chowdhury Stadium, Chattogram",1,15.2,Chittagong Vikings,Dhaka Dynamites,CS Delport,Mushfiqur Rahim,ACR Birch,0,0,,,,,,,,,
1169415,2018/19,2019-01-30,"Zahur Ahmed Chowdhury Stadium, Chattogram",1,15.3,Chittagong Vikings,Dhaka Dynamites,CS Delport,Mushfiqur Rahim,ACR Birch,6,0,,,,,,,,,
1169415,2018/19,2019-01-30,"Zahur Ahmed Chowdhury Stadium, Chattogram",1,15.4,Chittagong Vikings,Dhaka Dynamites,CS Delport,Mushfiqur Rahim,ACR Birch,2,0,,,,,,,,,
1169415,2018/19,2019-01-30,"Zahur Ahmed Chowdhury Stadium, Chattogram",1,15.5,Chittagong Vikings,Dhaka Dynamites,CS Delport,Mushfiqur Rahim,ACR Birch,1,0,,,,,,,,,
1169415,2018/19,2019-01-30,"Zahur Ahmed Chowdhury Stadium, Chattogram",1,15.6,Chittagong Vikings,Dhaka Dynamites,Mushfiqur Rahim,CS Delport,ACR Birch,0,1,1,,,,,,,,
1169415,2018/19,2019-01-30,"Zahur Ahmed Chowdhury Stadium, Chattogram",1,15.7,Chittagong Vikings,Dhaka Dynamites,Mushfiqur Rahim,CS Delport,ACR Birch,4,0,,,,,,,,,
1169415,2018/19,2019-01-30,"Zahur Ahmed Chowdhury Stadium, Chattogram",1,16.1,Chittagong Vikings,Dhaka Dynamites,CS Delport,Mushfiqur Rahim,SP Narine,1,0,,,,,,,,,
1169415,2018/19,2019-01-30,"Zahur Ahmed Chowdhury Stadium, Chattogram",1,16.2,Chittagong Vikings,Dhaka Dynamites,Mushfiqur Rahim,CS Delport,SP Narine,1,0,,,,,,,,,
1169415,2018/19,2019-01-30,"Zahur Ahmed Chowdhury Stadium, Chattogram",1,16.3,Chittagong Vikings,Dhaka Dynamites,CS Delport,Mushfiqur Rahim,SP Narine,1,0,,,,,,,,,
1169415,2018/19,2019-01-30,"Zahur Ahmed Chowdhury Stadium, Chattogram",1,16.4,Chittagong Vikings,Dhaka Dynamites,Mushfiqur Rahim,CS Delport,SP Narine,1,0,,,,,,,,,
1169415,2018/19,2019-01-30,"Zahur Ahmed Chowdhury Stadium, Chattogram",1,16.5,Chittagong Vikings,Dhaka Dynamites,CS Delport,Mushfiqur Rahim,SP Narine,0,1,,,,1,,,,,
1169415,2018/19,2019-01-30,"Zahur Ahmed Chowdhury Stadium, Chattogram",1,16.6,Chittagong Vikings,Dhaka Dynamites,Mushfiqur Rahim,CS Delport,SP Narine,1,0,,,,,,,,,
1169415,2018/19,2019-01-30,"Zahur Ahmed Chowdhury Stadium, Chattogram",1,17.1,Chittagong Vikings,Dhaka Dynamites,Mushfiqur Rahim,CS Delport,Rubel Hossain,4,0,,,,,,,,,
1169415,2018/19,2019-01-30,"Zahur Ahmed Chowdhury Stadium, Chattogram",1,17.2,Chittagong Vikings,Dhaka Dynamites,Mushfiqur Rahim,CS Delport,Rubel Hossain,0,1,1,,,,,,,,
1169415,2018/19,2019-01-30,"Zahur Ahmed Chowdhury Stadium, Chattogram",1,17.3,Chittagong Vikings,Dhaka Dynamites,Mushfiqur Rahim,CS Delport,Rubel Hossain,1,0,,,,,,,,,
1169415,2018/19,2019-01-30,"Zahur Ahmed Chowdhury Stadium, Chattogram",1,17.4,Chittagong Vikings,Dhaka Dynamites,CS Delport,Mushfiqur Rahim,Rubel Hossain,1,0,,,,,,,,,
1169415,2018/19,2019-01-30,"Zahur Ahmed Chowdhury Stadium, Chattogram",1,17.5,Chittagong Vikings,Dhaka Dynamites,Mushfiqur Rahim,CS Delport,Rubel Hossain,6,0,,,,,,,,,
1169415,2018/19,2019-01-30,"Zahur Ahmed Chowdhury Stadium, Chattogram",1,17.6,Chittagong Vikings,Dhaka Dynamites,Mushfiqur Rahim,CS Delport,Rubel Hossain,0,0,,,,,,,,,
1169415,2018/19,2019-01-30,"Zahur Ahmed Chowdhury Stadium, Chattogram",1,17.7,Chittagong Vikings,Dhaka Dynamites,Mushfiqur Rahim,CS Delport,Rubel Hossain,2,0,,,,,,,,,
1169415,2018/19,2019-01-30,"Zahur Ahmed Chowdhury Stadium, Chattogram",1,18.1,Chittagong Vikings,Dhaka Dynamites,CS Delport,Mushfiqur Rahim,ACR Birch,6,0,,,,,,,,,
1169415,2018/19,2019-01-30,"Zahur Ahmed Chowdhury Stadium, Chattogram",1,18.2,Chittagong Vikings,Dhaka Dynamites,CS Delport,Mushfiqur Rahim,ACR Birch,0,0,,,,,,,,,
1169415,2018/19,2019-01-30,"Zahur Ahmed Chowdhury Stadium, Chattogram",1,18.3,Chittagong Vikings,Dhaka Dynamites,CS Delport,Mushfiqur Rahim,ACR Birch,1,0,,,,,,,,,
1169415,2018/19,2019-01-30,"Zahur Ahmed Chowdhury Stadium, Chattogram",1,18.4,Chittagong Vikings,Dhaka Dynamites,Mushfiqur Rahim,CS Delport,ACR Birch,4,0,,,,,,,,,
1169415,2018/19,2019-01-30,"Zahur Ahmed Chowdhury Stadium, Chattogram",1,18.5,Chittagong Vikings,Dhaka Dynamites,Mushfiqur Rahim,CS Delport,ACR Birch,1,0,,,,,,,,,
1169415,2018/19,2019-01-30,"Zahur Ahmed Chowdhury Stadium, Chattogram",1,18.6,Chittagong Vikings,Dhaka Dynamites,CS Delport,Mushfiqur Rahim,ACR Birch,0,0,,,,,,,,,
1169415,2018/19,2019-01-30,"Zahur Ahmed Chowdhury Stadium, Chattogram",1,19.1,Chittagong Vikings,Dhaka Dynamites,Mushfiqur Rahim,CS Delport,AD Russell,0,0,,,,,,caught,Mushfiqur Rahim,,
1169415,2018/19,2019-01-30,"Zahur Ahmed Chowdhury Stadium, Chattogram",1,19.2,Chittagong Vikings,Dhaka Dynamites,CS Delport,MD Shanaka,AD Russell,0,0,,,,,,caught,CS Delport,,
1169415,2018/19,2019-01-30,"Zahur Ahmed Chowdhury Stadium, Chattogram",1,19.3,Chittagong Vikings,Dhaka Dynamites,MD Shanaka,Sikandar Raza,AD Russell,0,0,,,,,,caught,MD Shanaka,,
1169415,2018/19,2019-01-30,"Zahur Ahmed Chowdhury Stadium, Chattogram",1,19.4,Chittagong Vikings,Dhaka Dynamites,Mosaddek Hossain,Sikandar Raza,AD Russell,1,0,,,,,,,,,
1169415,2018/19,2019-01-30,"Zahur Ahmed Chowdhury Stadium, Chattogram",1,19.5,Chittagong Vikings,Dhaka Dynamites,Sikandar Raza,Mosaddek Hossain,AD Russell,0,0,,,,,,,,,
1169415,2018/19,2019-01-30,"Zahur Ahmed Chowdhury Stadium, Chattogram",1,19.6,Chittagong Vikings,Dhaka Dynamites,Sikandar Raza,Mosaddek Hossain,AD Russell,6,0,,,,,,,,,
1169415,2018/19,2019-01-30,"Zahur Ahmed Chowdhury Stadium, Chattogram",2,0.1,Dhaka Dynamites,Chittagong Vikings,Mizanur Rahman,SP Narine,Abu Jayed,0,0,,,,,,,,,
1169415,2018/19,2019-01-30,"Zahur Ahmed Chowdhury Stadium, Chattogram",2,0.2,Dhaka Dynamites,Chittagong Vikings,Mizanur Rahman,SP Narine,Abu Jayed,1,0,,,,,,,,,
1169415,2018/19,2019-01-30,"Zahur Ahmed Chowdhury Stadium, Chattogram",2,0.3,Dhaka Dynamites,Chittagong Vikings,SP Narine,Mizanur Rahman,Abu Jayed,0,0,,,,,,,,,
1169415,2018/19,2019-01-30,"Zahur Ahmed Chowdhury Stadium, Chattogram",2,0.4,Dhaka Dynamites,Chittagong Vikings,SP Narine,Mizanur Rahman,Abu Jayed,0,0,,,,,,,,,
1169415,2018/19,2019-01-30,"Zahur Ahmed Chowdhury Stadium, Chattogram",2,0.5,Dhaka Dynamites,Chittagong Vikings,SP Narine,Mizanur Rahman,Abu Jayed,0,0,,,,,,caught,SP Narine,,
1169415,2018/19,2019-01-30,"Zahur Ahmed Chowdhury Stadium, Chattogram",2,0.6,Dhaka Dynamites,Chittagong Vikings,Rony Talukdar,Mizanur Rahman,Abu Jayed,2,0,,,,,,,,,
1169415,2018/19,2019-01-30,"Zahur Ahmed Chowdhury Stadium, Chattogram",2,1.1,Dhaka Dynamites,Chittagong Vikings,Mizanur Rahman,Rony Talukdar,Khaled Ahmed,0,0,,,,,,,,,
1169415,2018/19,2019-01-30,"Zahur Ahmed Chowdhury Stadium, Chattogram",2,1.2,Dhaka Dynamites,Chittagong Vikings,Mizanur Rahman,Rony Talukdar,Khaled Ahmed,4,0,,,,,,,,,
1169415,2018/19,2019-01-30,"Zahur Ahmed Chowdhury Stadium, Chattogram",2,1.3,Dhaka Dynamites,Chittagong Vikings,Mizanur Rahman,Rony Talukdar,Khaled Ahmed,0,0,,,,,,,,,
1169415,2018/19,2019-01-30,"Zahur Ahmed Chowdhury Stadium, Chattogram",2,1.4,Dhaka Dynamites,Chittagong Vikings,Mizanur Rahman,Rony Talukdar,Khaled Ahmed,4,0,,,,,,,,,
1169415,2018/19,2019-01-30,"Zahur Ahmed Chowdhury Stadium, Chattogram",2,1.5,Dhaka Dynamites,Chittagong Vikings,Mizanur Rahman,Rony Talukdar,Khaled Ahmed,1,0,,,,,,,,,
1169415,2018/19,2019-01-30,"Zahur Ahmed Chowdhury Stadium, Chattogram",2,1.6,Dhaka Dynamites,Chittagong Vikings,Rony Talukdar,Mizanur Rahman,Khaled Ahmed,4,0,,,,,,,,,
1169415,2018/19,2019-01-30,"Zahur Ahmed Chowdhury Stadium, Chattogram",2,2.1,Dhaka Dynamites,Chittagong Vikings,Mizanur Rahman,Rony Talukdar,Abu Jayed,1,0,,,,,,,,,
1169415,2018/19,2019-01-30,"Zahur Ahmed Chowdhury Stadium, Chattogram",2,2.2,Dhaka Dynamites,Chittagong Vikings,Rony Talukdar,Mizanur Rahman,Abu Jayed,0,0,,,,,,lbw,Rony Talukdar,,
1169415,2018/19,2019-01-30,"Zahur Ahmed Chowdhury Stadium, Chattogram",2,2.3,Dhaka Dynamites,Chittagong Vikings,Shakib Al Hasan,Mizanur Rahman,Abu Jayed,0,0,,,,,,,,,
1169415,2018/19,2019-01-30,"Zahur Ahmed Chowdhury Stadium, Chattogram",2,2.4,Dhaka Dynamites,Chittagong Vikings,Shakib Al Hasan,Mizanur Rahman,Abu Jayed,0,0,,,,,,,,,
1169415,2018/19,2019-01-30,"Zahur Ahmed Chowdhury Stadium, Chattogram",2,2.5,Dhaka Dynamites,Chittagong Vikings,Shakib Al Hasan,Mizanur Rahman,Abu Jayed,1,0,,,,,,,,,
1169415,2018/19,2019-01-30,"Zahur Ahmed Chowdhury Stadium, Chattogram",2,2.6,Dhaka Dynamites,Chittagong Vikings,Mizanur Rahman,Shakib Al Hasan,Abu Jayed,0,0,,,,,,,,,
1169415,2018/19,2019-01-30,"Zahur Ahmed Chowdhury Stadium, Chattogram",2,3.1,Dhaka Dynamites,Chittagong Vikings,Shakib Al Hasan,Mizanur Rahman,Nayeem Hasan,4,0,,,,,,,,,
1169415,2018/19,2019-01-30,"Zahur Ahmed Chowdhury Stadium, Chattogram",2,3.2,Dhaka Dynamites,Chittagong Vikings,Shakib Al Hasan,Mizanur Rahman,Nayeem Hasan,1,0,,,,,,,,,
1169415,2018/19,2019-01-30,"Zahur Ahmed Chowdhury Stadium, Chattogram",2,3.3,Dhaka Dynamites,Chittagong Vikings,Mizanur Rahman,Shakib Al Hasan,Nayeem Hasan,0,0,,,,,,run out,Mizanur Rahman,,
1169415,2018/19,2019-01-30,"Zahur Ahmed Chowdhury Stadium, Chattogram",2,3.4,Dhaka Dynamites,Chittagong Vikings,Nurul Hasan,Shakib Al Hasan,Nayeem Hasan,0,0,,,,,,,,,
1169415,2018/19,2019-01-30,"Zahur Ahmed Chowdhury Stadium, Chattogram",2,3.5,Dhaka Dynamites,Chittagong Vikings,Nurul Hasan,Shakib Al Hasan,Nayeem Hasan,0,0,,,,,,,,,
1169415,2018/19,2019-01-30,"Zahur Ahmed Chowdhury Stadium, Chattogram",2,3.6,Dhaka Dynamites,Chittagong Vikings,Nurul Hasan,Shakib Al Hasan,Nayeem Hasan,0,0,,,,,,,,,
1169415,2018/19,2019-01-30,"Zahur Ahmed Chowdhury Stadium, Chattogram",2,4.1,Dhaka Dynamites,Chittagong Vikings,Shakib Al Hasan,Nurul Hasan,Khaled Ahmed,0,1,,,,1,,,,,
1169415,2018/19,2019-01-30,"Zahur Ahmed Chowdhury Stadium, Chattogram",2,4.2,Dhaka Dynamites,Chittagong Vikings,Nurul Hasan,Shakib Al Hasan,Khaled Ahmed,1,0,,,,,,,,,
1169415,2018/19,2019-01-30,"Zahur Ahmed Chowdhury Stadium, Chattogram",2,4.3,Dhaka Dynamites,Chittagong Vikings,Shakib Al Hasan,Nurul Hasan,Khaled Ahmed,4,0,,,,,,,,,
1169415,2018/19,2019-01-30,"Zahur Ahmed Chowdhury Stadium, Chattogram",2,4.4,Dhaka Dynamites,Chittagong Vikings,Shakib Al Hasan,Nurul Hasan,Khaled Ahmed,1,0,,,,,,,,,
1169415,2018/19,2019-01-30,"Zahur Ahmed Chowdhury Stadium, Chattogram",2,4.5,Dhaka Dynamites,Chittagong Vikings,Nurul Hasan,Shakib Al Hasan,Khaled Ahmed,1,0,,,,,,,,,
1169415,2018/19,2019-01-30,"Zahur Ahmed Chowdhury Stadium, Chattogram",2,4.6,Dhaka Dynamites,Chittagong Vikings,Shakib Al Hasan,Nurul Hasan,Khaled Ahmed,1,0,,,,,,,,,
1169415,2018/19,2019-01-30,"Zahur Ahmed Chowdhury Stadium, Chattogram",2,5.1,Dhaka Dynamites,Chittagong Vikings,Shakib Al Hasan,Nurul Hasan,Nayeem Hasan,1,0,,,,,,,,,
1169415,2018/19,2019-01-30,"Zahur Ahmed Chowdhury Stadium, Chattogram",2,5.2,Dhaka Dynamites,Chittagong Vikings,Nurul Hasan,Shakib Al Hasan,Nayeem Hasan,4,0,,,,,,,,,
1169415,2018/19,2019-01-30,"Zahur Ahmed Chowdhury Stadium, Chattogram",2,5.3,Dhaka Dynamites,Chittagong Vikings,Nurul Hasan,Shakib Al Hasan,Nayeem Hasan,1,0,,,,,,,,,
1169415,2018/19,2019-01-30,"Zahur Ahmed Chowdhury Stadium, Chattogram",2,5.4,Dhaka Dynamites,Chittagong Vikings,Shakib Al Hasan,Nurul Hasan,Nayeem Hasan,1,0,,,,,,,,,
1169415,2018/19,2019-01-30,"Zahur Ahmed Chowdhury Stadium, Chattogram",2,5.5,Dhaka Dynamites,Chittagong Vikings,Nurul Hasan,Shakib Al Hasan,Nayeem Hasan,0,0,,,,,,,,,
1169415,2018/19,2019-01-30,"Zahur Ahmed Chowdhury Stadium, Chattogram",2,5.6,Dhaka Dynamites,Chittagong Vikings,Nurul Hasan,Shakib Al Hasan,Nayeem Hasan,1,0,,,,,,,,,
1169415,2018/19,2019-01-30,"Zahur Ahmed Chowdhury Stadium, Chattogram",2,6.1,Dhaka Dynamites,Chittagong Vikings,Nurul Hasan,Shakib Al Hasan,CS Delport,1,0,,,,,,,,,
1169415,2018/19,2019-01-30,"Zahur Ahmed Chowdhury Stadium, Chattogram",2,6.2,Dhaka Dynamites,Chittagong Vikings,Shakib Al Hasan,Nurul Hasan,CS Delport,1,0,,,,,,,,,
1169415,2018/19,2019-01-30,"Zahur Ahmed Chowdhury Stadium, Chattogram",2,6.3,Dhaka Dynamites,Chittagong Vikings,Nurul Hasan,Shakib Al Hasan,CS Delport,1,0,,,,,,,,,
1169415,2018/19,2019-01-30,"Zahur Ahmed Chowdhury Stadium, Chattogram",2,6.4,Dhaka Dynamites,Chittagong Vikings,Shakib Al Hasan,Nurul Hasan,CS Delport,0,0,,,,,,,,,
1169415,2018/19,2019-01-30,"Zahur Ahmed Chowdhury Stadium, Chattogram",2,6.5,Dhaka Dynamites,Chittagong Vikings,Shakib Al Hasan,Nurul Hasan,CS Delport,1,0,,,,,,,,,
1169415,2018/19,2019-01-30,"Zahur Ahmed Chowdhury Stadium, Chattogram",2,6.6,Dhaka Dynamites,Chittagong Vikings,Nurul Hasan,Shakib Al Hasan,CS Delport,1,0,,,,,,,,,
1169415,2018/19,2019-01-30,"Zahur Ahmed Chowdhury Stadium, Chattogram",2,7.1,Dhaka Dynamites,Chittagong Vikings,Nurul Hasan,Shakib Al Hasan,MD Shanaka,1,0,,,,,,,,,
1169415,2018/19,2019-01-30,"Zahur Ahmed Chowdhury Stadium, Chattogram",2,7.2,Dhaka Dynamites,Chittagong Vikings,Shakib Al Hasan,Nurul Hasan,MD Shanaka,1,0,,,,,,,,,
1169415,2018/19,2019-01-30,"Zahur Ahmed Chowdhury Stadium, Chattogram",2,7.3,Dhaka Dynamites,Chittagong Vikings,Nurul Hasan,Shakib Al Hasan,MD Shanaka,1,0,,,,,,,,,
1169415,2018/19,2019-01-30,"Zahur Ahmed Chowdhury Stadium, Chattogram",2,7.4,Dhaka Dynamites,Chittagong Vikings,Shakib Al Hasan,Nurul Hasan,MD Shanaka,1,0,,,,,,,,,
1169415,2018/19,2019-01-30,"Zahur Ahmed Chowdhury Stadium, Chattogram",2,7.5,Dhaka Dynamites,Chittagong Vikings,Nurul Hasan,Shakib Al Hasan,MD Shanaka,1,0,,,,,,,,,
1169415,2018/19,2019-01-30,"Zahur Ahmed Chowdhury Stadium, Chattogram",2,7.6,Dhaka Dynamites,Chittagong Vikings,Shakib Al Hasan,Nurul Hasan,MD Shanaka,2,0,,,,,,,,,
1169415,2018/19,2019-01-30,"Zahur Ahmed Chowdhury Stadium, Chattogram",2,8.1,Dhaka Dynamites,Chittagong Vikings,Nurul Hasan,Shakib Al Hasan,Nayeem Hasan,1,0,,,,,,,,,
1169415,2018/19,2019-01-30,"Zahur Ahmed Chowdhury Stadium, Chattogram",2,8.2,Dhaka Dynamites,Chittagong Vikings,Shakib Al Hasan,Nurul Hasan,Nayeem Hasan,1,0,,,,,,,,,
1169415,2018/19,2019-01-30,"Zahur Ahmed Chowdhury Stadium, Chattogram",2,8.3,Dhaka Dynamites,Chittagong Vikings,Nurul Hasan,Shakib Al Hasan,Nayeem Hasan,6,0,,,,,,,,,
1169415,2018/19,2019-01-30,"Zahur Ahmed Chowdhury Stadium, Chattogram",2,8.4,Dhaka Dynamites,Chittagong Vikings,Nurul Hasan,Shakib Al Hasan,Nayeem Hasan,4,0,,,,,,,,,
1169415,2018/19,2019-01-30,"Zahur Ahmed Chowdhury Stadium, Chattogram",2,8.5,Dhaka Dynamites,Chittagong Vikings,Nurul Hasan,Shakib Al Hasan,Nayeem Hasan,6,0,,,,,,,,,
1169415,2018/19,2019-01-30,"Zahur Ahmed Chowdhury Stadium, Chattogram",2,8.6,Dhaka Dynamites,Chittagong Vikings,Nurul Hasan,Shakib Al Hasan,Nayeem Hasan,1,0,,,,,,,,,
1169415,2018/19,2019-01-30,"Zahur Ahmed Chowdhury Stadium, Chattogram",2,9.1,Dhaka Dynamites,Chittagong Vikings,Nurul Hasan,Shakib Al Hasan,CS Delport,1,0,,,,,,,,,
1169415,2018/19,2019-01-30,"Zahur Ahmed Chowdhury Stadium, Chattogram",2,9.2,Dhaka Dynamites,Chittagong Vikings,Shakib Al Hasan,Nurul Hasan,CS Delport,1,0,,,,,,,,,
1169415,2018/19,2019-01-30,"Zahur Ahmed Chowdhury Stadium, Chattogram",2,9.3,Dhaka Dynamites,Chittagong Vikings,Nurul Hasan,Shakib Al Hasan,CS Delport,0,0,,,,,,,,,
1169415,2018/19,2019-01-30,"Zahur Ahmed Chowdhury Stadium, Chattogram",2,9.4,Dhaka Dynamites,Chittagong Vikings,Nurul Hasan,Shakib Al Hasan,CS Delport,0,0,,,,,,lbw,Nurul Hasan,,
1169415,2018/19,2019-01-30,"Zahur Ahmed Chowdhury Stadium, Chattogram",2,9.5,Dhaka Dynamites,Chittagong Vikings,KA Pollard,Shakib Al Hasan,CS Delport,0,0,,,,,,run out,KA Pollard,,
1169415,2018/19,2019-01-30,"Zahur Ahmed Chowdhury Stadium, Chattogram",2,9.6,Dhaka Dynamites,Chittagong Vikings,AD Russell,Shakib Al Hasan,CS Delport,0,0,,,,,,,,,
1169415,2018/19,2019-01-30,"Zahur Ahmed Chowdhury Stadium, Chattogram",2,10.1,Dhaka Dynamites,Chittagong Vikings,Shakib Al Hasan,AD Russell,Khaled Ahmed,1,0,,,,,,,,,
1169415,2018/19,2019-01-30,"Zahur Ahmed Chowdhury Stadium, Chattogram",2,10.2,Dhaka Dynamites,Chittagong Vikings,AD Russell,Shakib Al Hasan,Khaled Ahmed,0,1,1,,,,,,,,
1169415,2018/19,2019-01-30,"Zahur Ahmed Chowdhury Stadium, Chattogram",2,10.3,Dhaka Dynamites,Chittagong Vikings,AD Russell,Shakib Al Hasan,Khaled Ahmed,1,0,,,,,,,,,
1169415,2018/19,2019-01-30,"Zahur Ahmed Chowdhury Stadium, Chattogram",2,10.4,Dhaka Dynamites,Chittagong Vikings,Shakib Al Hasan,AD Russell,Khaled Ahmed,0,0,,,,,,,,,
1169415,2018/19,2019-01-30,"Zahur Ahmed Chowdhury Stadium, Chattogram",2,10.5,Dhaka Dynamites,Chittagong Vikings,Shakib Al Hasan,AD Russell,Khaled Ahmed,1,0,,,,,,,,,
1169415,2018/19,2019-01-30,"Zahur Ahmed Chowdhury Stadium, Chattogram",2,10.6,Dhaka Dynamites,Chittagong Vikings,AD Russell,Shakib Al Hasan,Khaled Ahmed,0,0,,,,,,,,,
1169415,2018/19,2019-01-30,"Zahur Ahmed Chowdhury Stadium, Chattogram",2,10.7,Dhaka Dynamites,Chittagong Vikings,AD Russell,Shakib Al Hasan,Khaled Ahmed,4,0,,,,,,,,,
1169415,2018/19,2019-01-30,"Zahur Ahmed Chowdhury Stadium, Chattogram",2,11.1,Dhaka Dynamites,Chittagong Vikings,Shakib Al Hasan,AD Russell,CS Delport,1,0,,,,,,,,,
1169415,2018/19,2019-01-30,"Zahur Ahmed Chowdhury Stadium, Chattogram",2,11.2,Dhaka Dynamites,Chittagong Vikings,AD Russell,Shakib Al Hasan,CS Delport,4,0,,,,,,,,,
1169415,2018/19,2019-01-30,"Zahur Ahmed Chowdhury Stadium, Chattogram",2,11.3,Dhaka Dynamites,Chittagong Vikings,AD Russell,Shakib Al Hasan,CS Delport,1,0,,,,,,,,,
1169415,2018/19,2019-01-30,"Zahur Ahmed Chowdhury Stadium, Chattogram",2,11.4,Dhaka Dynamites,Chittagong Vikings,Shakib Al Hasan,AD Russell,CS Delport,1,0,,,,,,,,,
1169415,2018/19,2019-01-30,"Zahur Ahmed Chowdhury Stadium, Chattogram",2,11.5,Dhaka Dynamites,Chittagong Vikings,AD Russell,Shakib Al Hasan,CS Delport,6,0,,,,,,,,,
1169415,2018/19,2019-01-30,"Zahur Ahmed Chowdhury Stadium, Chattogram",2,11.6,Dhaka Dynamites,Chittagong Vikings,AD Russell,Shakib Al Hasan,CS Delport,1,0,,,,,,,,,
1169415,2018/19,2019-01-30,"Zahur Ahmed Chowdhury Stadium, Chattogram",2,12.1,Dhaka Dynamites,Chittagong Vikings,AD Russell,Shakib Al Hasan,Khaled Ahmed,4,0,,,,,,,,,
1169415,2018/19,2019-01-30,"Zahur Ahmed Chowdhury Stadium, Chattogram",2,12.2,Dhaka Dynamites,Chittagong Vikings,AD Russell,Shakib Al Hasan,Khaled Ahmed,1,0,,,,,,,,,
1169415,2018/19,2019-01-30,"Zahur Ahmed Chowdhury Stadium, Chattogram",2,12.3,Dhaka Dynamites,Chittagong Vikings,Shakib Al Hasan,AD Russell,Khaled Ahmed,0,0,,,,,,,,,
1169415,2018/19,2019-01-30,"Zahur Ahmed Chowdhury Stadium, Chattogram",2,12.4,Dhaka Dynamites,Chittagong Vikings,Shakib Al Hasan,AD Russell,Khaled Ahmed,0,0,,,,,,,,,
1169415,2018/19,2019-01-30,"Zahur Ahmed Chowdhury Stadium, Chattogram",2,12.5,Dhaka Dynamites,Chittagong Vikings,Shakib Al Hasan,AD Russell,Khaled Ahmed,1,0,,,,,,,,,
1169415,2018/19,2019-01-30,"Zahur Ahmed Chowdhury Stadium, Chattogram",2,12.6,Dhaka Dynamites,Chittagong Vikings,AD Russell,Shakib Al Hasan,Khaled Ahmed,0,0,,,,,,,,,
1169415,2018/19,2019-01-30,"Zahur Ahmed Chowdhury Stadium, Chattogram",2,13.1,Dhaka Dynamites,Chittagong Vikings,Shakib Al Hasan,AD Russell,CS Delport,4,0,,,,,,,,,
1169415,2018/19,2019-01-30,"Zahur Ahmed Chowdhury Stadium, Chattogram",2,13.2,Dhaka Dynamites,Chittagong Vikings,Shakib Al Hasan,AD Russell,CS Delport,1,0,,,,,,,,,
1169415,2018/19,2019-01-30,"Zahur Ahmed Chowdhury Stadium, Chattogram",2,13.3,Dhaka Dynamites,Chittagong Vikings,AD Russell,Shakib Al Hasan,CS Delport,0,0,,,,,,,,,
1169415,2018/19,2019-01-30,"Zahur Ahmed Chowdhury Stadium, Chattogram",2,13.4,Dhaka Dynamites,Chittagong Vikings,AD Russell,Shakib Al Hasan,CS Delport,0,1,1,,,,,,,,
1169415,2018/19,2019-01-30,"Zahur Ahmed Chowdhury Stadium, Chattogram",2,13.5,Dhaka Dynamites,Chittagong Vikings,AD Russell,Shakib Al Hasan,CS Delport,0,1,,1,,,,,,,
1169415,2018/19,2019-01-30,"Zahur Ahmed Chowdhury Stadium, Chattogram",2,13.6,Dhaka Dynamites,Chittagong Vikings,AD Russell,Shakib Al Hasan,CS Delport,2,0,,,,,,,,,
1169415,2018/19,2019-01-30,"Zahur Ahmed Chowdhury Stadium, Chattogram",2,13.7,Dhaka Dynamites,Chittagong Vikings,AD Russell,Shakib Al Hasan,CS Delport,0,0,,,,,,,,,
1169415,2018/19,2019-01-30,"Zahur Ahmed Chowdhury Stadium, Chattogram",2,13.8,Dhaka Dynamites,Chittagong Vikings,AD Russell,Shakib Al Hasan,CS Delport,1,0,,,,,,,,,
1169415,2018/19,2019-01-30,"Zahur Ahmed Chowdhury Stadium, Chattogram",2,14.1,Dhaka Dynamites,Chittagong Vikings,AD Russell,Shakib Al Hasan,MD Shanaka,1,0,,,,,,,,,
1169415,2018/19,2019-01-30,"Zahur Ahmed Chowdhury Stadium, Chattogram",2,14.2,Dhaka Dynamites,Chittagong Vikings,Shakib Al Hasan,AD Russell,MD Shanaka,0,0,,,,,,,,,
1169415,2018/19,2019-01-30,"Zahur Ahmed Chowdhury Stadium, Chattogram",2,14.3,Dhaka Dynamites,Chittagong Vikings,Shakib Al Hasan,AD Russell,MD Shanaka,1,0,,,,,,,,,
1169415,2018/19,2019-01-30,"Zahur Ahmed Chowdhury Stadium, Chattogram",2,14.4,Dhaka Dynamites,Chittagong Vikings,AD Russell,Shakib Al Hasan,MD Shanaka,4,0,,,,,,,,,
1169415,2018/19,2019-01-30,"Zahur Ahmed Chowdhury Stadium, Chattogram",2,14.5,Dhaka Dynamites,Chittagong Vikings,AD Russell,Shakib Al Hasan,MD Shanaka,1,0,,,,,,,,,
1169415,2018/19,2019-01-30,"Zahur Ahmed Chowdhury Stadium, Chattogram",2,14.6,Dhaka Dynamites,Chittagong Vikings,Shakib Al Hasan,AD Russell,MD Shanaka,4,0,,,,,,,,,
1169415,2018/19,2019-01-30,"Zahur Ahmed Chowdhury Stadium, Chattogram",2,15.1,Dhaka Dynamites,Chittagong Vikings,AD Russell,Shakib Al Hasan,Abu Jayed,1,0,,,,,,,,,
1169415,2018/19,2019-01-30,"Zahur Ahmed Chowdhury Stadium, Chattogram",2,15.2,Dhaka Dynamites,Chittagong Vikings,Shakib Al Hasan,AD Russell,Abu Jayed,1,0,,,,,,,,,
1169415,2018/19,2019-01-30,"Zahur Ahmed Chowdhury Stadium, Chattogram",2,15.3,Dhaka Dynamites,Chittagong Vikings,AD Russell,Shakib Al Hasan,Abu Jayed,6,0,,,,,,,,,
1169415,2018/19,2019-01-30,"Zahur Ahmed Chowdhury Stadium, Chattogram",2,15.4,Dhaka Dynamites,Chittagong Vikings,AD Russell,Shakib Al Hasan,Abu Jayed,1,0,,,,,,,,,
1169415,2018/19,2019-01-30,"Zahur Ahmed Chowdhury Stadium, Chattogram",2,15.5,Dhaka Dynamites,Chittagong Vikings,Shakib Al Hasan,AD Russell,Abu Jayed,4,0,,,,,,,,,
1169415,2018/19,2019-01-30,"Zahur Ahmed Chowdhury Stadium, Chattogram",2,15.6,Dhaka Dynamites,Chittagong Vikings,Shakib Al Hasan,AD Russell,Abu Jayed,1,0,,,,,,,,,
1169415,2018/19,2019-01-30,"Zahur Ahmed Chowdhury Stadium, Chattogram",2,16.1,Dhaka Dynamites,Chittagong Vikings,Shakib Al Hasan,AD Russell,MD Shanaka,2,0,,,,,,,,,
1169415,2018/19,2019-01-30,"Zahur Ahmed Chowdhury Stadium, Chattogram",2,16.2,Dhaka Dynamites,Chittagong Vikings,Shakib Al Hasan,AD Russell,MD Shanaka,1,0,,,,,,,,,
1169415,2018/19,2019-01-30,"Zahur Ahmed Chowdhury Stadium, Chattogram",2,16.3,Dhaka Dynamites,Chittagong Vikings,AD Russell,Shakib Al Hasan,MD Shanaka,0,0,,,,,,caught,AD Russell,,
1169415,2018/19,2019-01-30,"Zahur Ahmed Chowdhury Stadium, Chattogram",2,16.4,Dhaka Dynamites,Chittagong Vikings,Shakib Al Hasan,Shuvagata Hom,MD Shanaka,1,0,,,,,,,,,
1169415,2018/19,2019-01-30,"Zahur Ahmed Chowdhury Stadium, Chattogram",2,16.5,Dhaka Dynamites,Chittagong Vikings,Shuvagata Hom,Shakib Al Hasan,MD Shanaka,0,1,1,,,,,,,,
1169415,2018/19,2019-01-30,"Zahur Ahmed Chowdhury Stadium, Chattogram",2,16.6,Dhaka Dynamites,Chittagong Vikings,Shuvagata Hom,Shakib Al Hasan,MD Shanaka,2,0,,,,,,,,,
1169415,2018/19,2019-01-30,"Zahur Ahmed Chowdhury Stadium, Chattogram",2,16.7,Dhaka Dynamites,Chittagong Vikings,Shuvagata Hom,Shakib Al Hasan,MD Shanaka,1,0,,,,,,,,,
1169415,2018/19,2019-01-30,"Zahur Ahmed Chowdhury Stadium, Chattogram",2,17.1,Dhaka Dynamites,Chittagong Vikings,Shuvagata Hom,Shakib Al Hasan,Nayeem Hasan,1,0,,,,,,,,,
1169415,2018/19,2019-01-30,"Zahur Ahmed Chowdhury Stadium, Chattogram",2,17.2,Dhaka Dynamites,Chittagong Vikings,Shakib Al Hasan,Shuvagata Hom,Nayeem Hasan,1,0,,,,,,,,,
1169415,2018/19,2019-01-30,"Zahur Ahmed Chowdhury Stadium, Chattogram",2,17.3,Dhaka Dynamites,Chittagong Vikings,Shuvagata Hom,Shakib Al Hasan,Nayeem Hasan,1,0,,,,,,,,,
1169415,2018/19,2019-01-30,"Zahur Ahmed Chowdhury Stadium, Chattogram",2,17.4,Dhaka Dynamites,Chittagong Vikings,Shakib Al Hasan,Shuvagata Hom,Nayeem Hasan,1,0,,,,,,,,,
1169415,2018/19,2019-01-30,"Zahur Ahmed Chowdhury Stadium, Chattogram",2,17.5,Dhaka Dynamites,Chittagong Vikings,Shuvagata Hom,Shakib Al Hasan,Nayeem Hasan,0,0,,,,,,caught and bowled,Shuvagata Hom,,
1169415,2018/19,2019-01-30,"Zahur Ahmed Chowdhury Stadium, Chattogram",2,17.6,Dhaka Dynamites,Chittagong Vikings,ACR Birch,Shakib Al Hasan,Nayeem Hasan,1,0,,,,,,,,,
1169415,2018/19,2019-01-30,"Zahur Ahmed Chowdhury Stadium, Chattogram",2,18.1,Dhaka Dynamites,Chittagong Vikings,ACR Birch,Shakib Al Hasan,MD Shanaka,1,0,,,,,,,,,
1169415,2018/19,2019-01-30,"Zahur Ahmed Chowdhury Stadium, Chattogram",2,18.2,Dhaka Dynamites,Chittagong Vikings,Shakib Al Hasan,ACR Birch,MD Shanaka,4,0,,,,,,,,,
1169415,2018/19,2019-01-30,"Zahur Ahmed Chowdhury Stadium, Chattogram",2,18.3,Dhaka Dynamites,Chittagong Vikings,Shakib Al Hasan,ACR Birch,MD Shanaka,0,0,,,,,,caught,Shakib Al Hasan,,
1169415,2018/19,2019-01-30,"Zahur Ahmed Chowdhury Stadium, Chattogram",2,18.4,Dhaka Dynamites,Chittagong Vikings,ACR Birch,Mahmudul Hasan,MD Shanaka,1,0,,,,,,,,,
1169415,2018/19,2019-01-30,"Zahur Ahmed Chowdhury Stadium, Chattogram",2,18.5,Dhaka Dynamites,Chittagong Vikings,Mahmudul Hasan,ACR Birch,MD Shanaka,1,0,,,,,,,,,
1169415,2018/19,2019-01-30,"Zahur Ahmed Chowdhury Stadium, Chattogram",2,18.6,Dhaka Dynamites,Chittagong Vikings,ACR Birch,Mahmudul Hasan,MD Shanaka,1,0,,,,,,,,,
1169415,2018/19,2019-01-30,"Zahur Ahmed Chowdhury Stadium, Chattogram",2,19.1,Dhaka Dynamites,Chittagong Vikings,ACR Birch,Mahmudul Hasan,Abu Jayed,0,1,1,,,,,,,,
1169415,2018/19,2019-01-30,"Zahur Ahmed Chowdhury Stadium, Chattogram",2,19.2,Dhaka Dynamites,Chittagong Vikings,ACR Birch,Mahmudul Hasan,Abu Jayed,0,0,,,,,,,,,
1169415,2018/19,2019-01-30,"Zahur Ahmed Chowdhury Stadium, Chattogram",2,19.3,Dhaka Dynamites,Chittagong Vikings,ACR Birch,Mahmudul Hasan,Abu Jayed,1,0,,,,,,,,,
1169415,2018/19,2019-01-30,"Zahur Ahmed Chowdhury Stadium, Chattogram",2,19.4,Dhaka Dynamites,Chittagong Vikings,Mahmudul Hasan,ACR Birch,Abu Jayed,1,0,,,,,,,,,
1169415,2018/19,2019-01-30,"Zahur Ahmed Chowdhury Stadium, Chattogram",2,19.5,Dhaka Dynamites,Chittagong Vikings,ACR Birch,Mahmudul Hasan,Abu Jayed,0,1,1,,,,,,,,
1169415,2018/19,2019-01-30,"Zahur Ahmed Chowdhury Stadium, Chattogram",2,19.6,Dhaka Dynamites,Chittagong Vikings,ACR Birch,Mahmudul Hasan,Abu Jayed,1,0,,,,,,,,,
1169415,2018/19,2019-01-30,"Zahur Ahmed Chowdhury Stadium, Chattogram",2,19.7,Dhaka Dynamites,Chittagong Vikings,Mahmudul Hasan,ACR Birch,Abu Jayed,0,0,,,,,,caught,Mahmudul Hasan,,
1169415,2018/19,2019-01-30,"Zahur Ahmed Chowdhury Stadium, Chattogram",2,19.8,Dhaka Dynamites,Chittagong Vikings,ACR Birch,Rubel Hossain,Abu Jayed,1,0,,,,,,,,,
