match_id,season,start_date,venue,innings,ball,batting_team,bowling_team,striker,non_striker,bowler,runs_off_bat,extras,wides,noballs,byes,legbyes,penalty,wicket_type,player_dismissed,other_wicket_type,other_player_dismissed
1208086,2019/20,2019-12-24,"Zahur Ahmed Chowdhury Stadium, Chattogram",1,0.1,Cumilla Warriors,Rajshahi Royals,PBB Rajapaksa,DJ Malan,AD Russell,4,0,,,,,,,,,
1208086,2019/20,2019-12-24,"Zahur Ahmed Chowdhury Stadium, Chattogram",1,0.2,Cumilla Warriors,Rajshahi Royals,PBB Rajapaksa,DJ Malan,AD Russell,1,0,,,,,,,,,
1208086,2019/20,2019-12-24,"Zahur Ahmed Chowdhury Stadium, Chattogram",1,0.3,Cumilla Warriors,Rajshahi Royals,DJ Malan,PBB Rajapaksa,AD Russell,4,0,,,,,,,,,
1208086,2019/20,2019-12-24,"Zahur Ahmed Chowdhury Stadium, Chattogram",1,0.4,Cumilla Warriors,Rajshahi Royals,DJ Malan,PBB Rajapaksa,AD Russell,0,0,,,,,,,,,
1208086,2019/20,2019-12-24,"Zahur Ahmed Chowdhury Stadium, Chattogram",1,0.5,Cumilla Warriors,Rajshahi Royals,DJ Malan,PBB Rajapaksa,AD Russell,1,0,,,,,,,,,
1208086,2019/20,2019-12-24,"Zahur Ahmed Chowdhury Stadium, Chattogram",1,0.6,Cumilla Warriors,Rajshahi Royals,PBB Rajapaksa,DJ Malan,AD Russell,0,0,,,,,,,,,
1208086,2019/20,2019-12-24,"Zahur Ahmed Chowdhury Stadium, Chattogram",1,1.1,Cumilla Warriors,Rajshahi Royals,DJ Malan,PBB Rajapaksa,Mohammad Irfan,0,0,,,,,,,,,
1208086,2019/20,2019-12-24,"Zahur Ahmed Chowdhury Stadium, Chattogram",1,1.2,Cumilla Warriors,Rajshahi Royals,DJ Malan,PBB Rajapaksa,Mohammad Irfan,0,0,,,,,,,,,
1208086,2019/20,2019-12-24,"Zahur Ahmed Chowdhury Stadium, Chattogram",1,1.3,Cumilla Warriors,Rajshahi Royals,DJ Malan,PBB Rajapaksa,Mohammad Irfan,1,0,,,,,,,,,
1208086,2019/20,2019-12-24,"Zahur Ahmed Chowdhury Stadium, Chattogram",1,1.4,Cumilla Warriors,Rajshahi Royals,PBB Rajapaksa,DJ Malan,Mohammad Irfan,1,0,,,,,,,,,
1208086,2019/20,2019-12-24,"Zahur Ahmed Chowdhury Stadium, Chattogram",1,1.5,Cumilla Warriors,Rajshahi Royals,DJ Malan,PBB Rajapaksa,Mohammad Irfan,1,0,,,,,,,,,
1208086,2019/20,2019-12-24,"Zahur Ahmed Chowdhury Stadium, Chattogram",1,1.6,Cumilla Warriors,Rajshahi Royals,PBB Rajapaksa,DJ Malan,Mohammad Irfan,0,4,,,,4,,,,,
1208086,2019/20,2019-12-24,"Zahur Ahmed Chowdhury Stadium, Chattogram",1,2.1,Cumilla Warriors,Rajshahi Royals,DJ Malan,PBB Rajapaksa,Afif Hossain,4,0,,,,,,,,,
1208086,2019/20,2019-12-24,"Zahur Ahmed Chowdhury Stadium, Chattogram",1,2.2,Cumilla Warriors,Rajshahi Royals,DJ Malan,PBB Rajapaksa,Afif Hossain,1,0,,,,,,,,,
1208086,2019/20,2019-12-24,"Zahur Ahmed Chowdhury Stadium, Chattogram",1,2.3,Cumilla Warriors,Rajshahi Royals,PBB Rajapaksa,DJ Malan,Afif Hossain,0,0,,,,,,,,,
1208086,2019/20,2019-12-24,"Zahur Ahmed Chowdhury Stadium, Chattogram",1,2.4,Cumilla Warriors,Rajshahi Royals,PBB Rajapaksa,DJ Malan,Afif Hossain,4,0,,,,,,,,,
1208086,2019/20,2019-12-24,"Zahur Ahmed Chowdhury Stadium, Chattogram",1,2.5,Cumilla Warriors,Rajshahi Royals,PBB Rajapaksa,DJ Malan,Afif Hossain,0,0,,,,,,lbw,PBB Rajapaksa,,
1208086,2019/20,2019-12-24,"Zahur Ahmed Chowdhury Stadium, Chattogram",1,2.6,Cumilla Warriors,Rajshahi Royals,Sabbir Rahman,DJ Malan,Afif Hossain,4,0,,,,,,,,,
1208086,2019/20,2019-12-24,"Zahur Ahmed Chowdhury Stadium, Chattogram",1,3.1,Cumilla Warriors,Rajshahi Royals,DJ Malan,Sabbir Rahman,Mohammad Irfan,0,0,,,,,,,,,
1208086,2019/20,2019-12-24,"Zahur Ahmed Chowdhury Stadium, Chattogram",1,3.2,Cumilla Warriors,Rajshahi Royals,DJ Malan,Sabbir Rahman,Mohammad Irfan,1,0,,,,,,,,,
1208086,2019/20,2019-12-24,"Zahur Ahmed Chowdhury Stadium, Chattogram",1,3.3,Cumilla Warriors,Rajshahi Royals,Sabbir Rahman,DJ Malan,Mohammad Irfan,0,0,,,,,,,,,
1208086,2019/20,2019-12-24,"Zahur Ahmed Chowdhury Stadium, Chattogram",1,3.4,Cumilla Warriors,Rajshahi Royals,Sabbir Rahman,DJ Malan,Mohammad Irfan,1,0,,,,,,,,,
1208086,2019/20,2019-12-24,"Zahur Ahmed Chowdhury Stadium, Chattogram",1,3.5,Cumilla Warriors,Rajshahi Royals,DJ Malan,Sabbir Rahman,Mohammad Irfan,4,0,,,,,,,,,
1208086,2019/20,2019-12-24,"Zahur Ahmed Chowdhury Stadium, Chattogram",1,3.6,Cumilla Warriors,Rajshahi Royals,DJ Malan,Sabbir Rahman,Mohammad Irfan,0,2,2,,,,,,,,
1208086,2019/20,2019-12-24,"Zahur Ahmed Chowdhury Stadium, Chattogram",1,3.7,Cumilla Warriors,Rajshahi Royals,Sabbir Rahman,DJ Malan,Mohammad Irfan,0,0,,,,,,,,,
1208086,2019/20,2019-12-24,"Zahur Ahmed Chowdhury Stadium, Chattogram",1,4.1,Cumilla Warriors,Rajshahi Royals,DJ Malan,Sabbir Rahman,Kamrul Islam Rabbi,4,0,,,,,,,,,
1208086,2019/20,2019-12-24,"Zahur Ahmed Chowdhury Stadium, Chattogram",1,4.2,Cumilla Warriors,Rajshahi Royals,DJ Malan,Sabbir Rahman,Kamrul Islam Rabbi,4,0,,,,,,,,,
1208086,2019/20,2019-12-24,"Zahur Ahmed Chowdhury Stadium, Chattogram",1,4.3,Cumilla Warriors,Rajshahi Royals,DJ Malan,Sabbir Rahman,Kamrul Islam Rabbi,1,0,,,,,,,,,
1208086,2019/20,2019-12-24,"Zahur Ahmed Chowdhury Stadium, Chattogram",1,4.4,Cumilla Warriors,Rajshahi Royals,Sabbir Rahman,DJ Malan,Kamrul Islam Rabbi,0,1,,,,1,,,,,
1208086,2019/20,2019-12-24,"Zahur Ahmed Chowdhury Stadium, Chattogram",1,4.5,Cumilla Warriors,Rajshahi Royals,DJ Malan,Sabbir Rahman,Kamrul Islam Rabbi,0,0,,,,,,,,,
1208086,2019/20,2019-12-24,"Zahur Ahmed Chowdhury Stadium, Chattogram",1,4.6,Cumilla Warriors,Rajshahi Royals,DJ Malan,Sabbir Rahman,Kamrul Islam Rabbi,4,0,,,,,,,,,
1208086,2019/20,2019-12-24,"Zahur Ahmed Chowdhury Stadium, Chattogram",1,5.1,Cumilla Warriors,Rajshahi Royals,Sabbir Rahman,DJ Malan,AD Russell,0,0,,,,,,bowled,Sabbir Rahman,,
1208086,2019/20,2019-12-24,"Zahur Ahmed Chowdhury Stadium, Chattogram",1,5.2,Cumilla Warriors,Rajshahi Royals,Soumya Sarkar,DJ Malan,AD Russell,1,0,,,,,,,,,
1208086,2019/20,2019-12-24,"Zahur Ahmed Chowdhury Stadium, Chattogram",1,5.3,Cumilla Warriors,Rajshahi Royals,DJ Malan,Soumya Sarkar,AD Russell,1,0,,,,,,,,,
1208086,2019/20,2019-12-24,"Zahur Ahmed Chowdhury Stadium, Chattogram",1,5.4,Cumilla Warriors,Rajshahi Royals,Soumya Sarkar,DJ Malan,AD Russell,0,0,,,,,,,,,
1208086,2019/20,2019-12-24,"Zahur Ahmed Chowdhury Stadium, Chattogram",1,5.5,Cumilla Warriors,Rajshahi Royals,Soumya Sarkar,DJ Malan,AD Russell,0,0,,,,,,,,,
1208086,2019/20,2019-12-24,"Zahur Ahmed Chowdhury Stadium, Chattogram",1,5.6,Cumilla Warriors,Rajshahi Royals,Soumya Sarkar,DJ Malan,AD Russell,0,0,,,,,,,,,
1208086,2019/20,2019-12-24,"Zahur Ahmed Chowdhury Stadium, Chattogram",1,6.1,Cumilla Warriors,Rajshahi Royals,DJ Malan,Soumya Sarkar,Afif Hossain,1,0,,,,,,,,,
1208086,2019/20,2019-12-24,"Zahur Ahmed Chowdhury Stadium, Chattogram",1,6.2,Cumilla Warriors,Rajshahi Royals,Soumya Sarkar,DJ Malan,Afif Hossain,0,0,,,,,,,,,
1208086,2019/20,2019-12-24,"Zahur Ahmed Chowdhury Stadium, Chattogram",1,6.3,Cumilla Warriors,Rajshahi Royals,Soumya Sarkar,DJ Malan,Afif Hossain,0,0,,,,,,,,,
1208086,2019/20,2019-12-24,"Zahur Ahmed Chowdhury Stadium, Chattogram",1,6.4,Cumilla Warriors,Rajshahi Royals,Soumya Sarkar,DJ Malan,Afif Hossain,0,0,,,,,,,,,
1208086,2019/20,2019-12-24,"Zahur Ahmed Chowdhury Stadium, Chattogram",1,6.5,Cumilla Warriors,Rajshahi Royals,Soumya Sarkar,DJ Malan,Afif Hossain,0,1,1,,,,,,,,
1208086,2019/20,2019-12-24,"Zahur Ahmed Chowdhury Stadium, Chattogram",1,6.6,Cumilla Warriors,Rajshahi Royals,Soumya Sarkar,DJ Malan,Afif Hossain,1,0,,,,,,,,,
1208086,2019/20,2019-12-24,"Zahur Ahmed Chowdhury Stadium, Chattogram",1,6.7,Cumilla Warriors,Rajshahi Royals,DJ Malan,Soumya Sarkar,Afif Hossain,0,0,,,,,,,,,
1208086,2019/20,2019-12-24,"Zahur Ahmed Chowdhury Stadium, Chattogram",1,7.1,Cumilla Warriors,Rajshahi Royals,Soumya Sarkar,DJ Malan,Nahidul Islam,1,0,,,,,,,,,
1208086,2019/20,2019-12-24,"Zahur Ahmed Chowdhury Stadium, Chattogram",1,7.2,Cumilla Warriors,Rajshahi Royals,DJ Malan,Soumya Sarkar,Nahidul Islam,1,0,,,,,,,,,
1208086,2019/20,2019-12-24,"Zahur Ahmed Chowdhury Stadium, Chattogram",1,7.3,Cumilla Warriors,Rajshahi Royals,Soumya Sarkar,DJ Malan,Nahidul Islam,4,0,,,,,,,,,
1208086,2019/20,2019-12-24,"Zahur Ahmed Chowdhury Stadium, Chattogram",1,7.4,Cumilla Warriors,Rajshahi Royals,Soumya Sarkar,DJ Malan,Nahidul Islam,1,0,,,,,,,,,
1208086,2019/20,2019-12-24,"Zahur Ahmed Chowdhury Stadium, Chattogram",1,7.5,Cumilla Warriors,Rajshahi Royals,DJ Malan,Soumya Sarkar,Nahidul Islam,0,1,,,,1,,,,,
1208086,2019/20,2019-12-24,"Zahur Ahmed Chowdhury Stadium, Chattogram",1,7.6,Cumilla Warriors,Rajshahi Royals,Soumya Sarkar,DJ Malan,Nahidul Islam,6,0,,,,,,,,,
1208086,2019/20,2019-12-24,"Zahur Ahmed Chowdhury Stadium, Chattogram",1,8.1,Cumilla Warriors,Rajshahi Royals,DJ Malan,Soumya Sarkar,Afif Hossain,4,0,,,,,,,,,
1208086,2019/20,2019-12-24,"Zahur Ahmed Chowdhury Stadium, Chattogram",1,8.2,Cumilla Warriors,Rajshahi Royals,DJ Malan,Soumya Sarkar,Afif Hossain,0,0,,,,,,,,,
1208086,2019/20,2019-12-24,"Zahur Ahmed Chowdhury Stadium, Chattogram",1,8.3,Cumilla Warriors,Rajshahi Royals,DJ Malan,Soumya Sarkar,Afif Hossain,1,0,,,,,,,,,
1208086,2019/20,2019-12-24,"Zahur Ahmed Chowdhury Stadium, Chattogram",1,8.4,Cumilla Warriors,Rajshahi Royals,Soumya Sarkar,DJ Malan,Afif Hossain,1,0,,,,,,,,,
1208086,2019/20,2019-12-24,"Zahur Ahmed Chowdhury Stadium, Chattogram",1,8.5,Cumilla Warriors,Rajshahi Royals,DJ Malan,Soumya Sarkar,Afif Hossain,1,0,,,,,,,,,
1208086,2019/20,2019-12-24,"Zahur Ahmed Chowdhury Stadium, Chattogram",1,8.6,Cumilla Warriors,Rajshahi Royals,Soumya Sarkar,DJ Malan,Afif Hossain,0,0,,,,,,,,,
1208086,2019/20,2019-12-24,"Zahur Ahmed Chowdhury Stadium, Chattogram",1,9.1,Cumilla Warriors,Rajshahi Royals,DJ Malan,Soumya Sarkar,Shoaib Malik,1,0,,,,,,,,,
1208086,2019/20,2019-12-24,"Zahur Ahmed Chowdhury Stadium, Chattogram",1,9.2,Cumilla Warriors,Rajshahi Royals,Soumya Sarkar,DJ Malan,Shoaib Malik,0,0,,,,,,,,,
1208086,2019/20,2019-12-24,"Zahur Ahmed Chowdhury Stadium, Chattogram",1,9.3,Cumilla Warriors,Rajshahi Royals,Soumya Sarkar,DJ Malan,Shoaib Malik,1,0,,,,,,,,,
1208086,2019/20,2019-12-24,"Zahur Ahmed Chowdhury Stadium, Chattogram",1,9.4,Cumilla Warriors,Rajshahi Royals,DJ Malan,Soumya Sarkar,Shoaib Malik,1,0,,,,,,,,,
1208086,2019/20,2019-12-24,"Zahur Ahmed Chowdhury Stadium, Chattogram",1,9.5,Cumilla Warriors,Rajshahi Royals,Soumya Sarkar,DJ Malan,Shoaib Malik,1,1,,1,,,,,,,
1208086,2019/20,2019-12-24,"Zahur Ahmed Chowdhury Stadium, Chattogram",1,9.6,Cumilla Warriors,Rajshahi Royals,DJ Malan,Soumya Sarkar,Shoaib Malik,4,0,,,,,,,,,
1208086,2019/20,2019-12-24,"Zahur Ahmed Chowdhury Stadium, Chattogram",1,9.7,Cumilla Warriors,Rajshahi Royals,DJ Malan,Soumya Sarkar,Shoaib Malik,1,0,,,,,,,,,
1208086,2019/20,2019-12-24,"Zahur Ahmed Chowdhury Stadium, Chattogram",1,10.1,Cumilla Warriors,Rajshahi Royals,DJ Malan,Soumya Sarkar,Alok Kapali,2,0,,,,,,,,,
1208086,2019/20,2019-12-24,"Zahur Ahmed Chowdhury Stadium, Chattogram",1,10.2,Cumilla Warriors,Rajshahi Royals,DJ Malan,Soumya Sarkar,Alok Kapali,1,0,,,,,,,,,
1208086,2019/20,2019-12-24,"Zahur Ahmed Chowdhury Stadium, Chattogram",1,10.3,Cumilla Warriors,Rajshahi Royals,Soumya Sarkar,DJ Malan,Alok Kapali,1,0,,,,,,,,,
1208086,2019/20,2019-12-24,"Zahur Ahmed Chowdhury Stadium, Chattogram",1,10.4,Cumilla Warriors,Rajshahi Royals,DJ Malan,Soumya Sarkar,Alok Kapali,1,0,,,,,,,,,
1208086,2019/20,2019-12-24,"Zahur Ahmed Chowdhury Stadium, Chattogram",1,10.5,Cumilla Warriors,Rajshahi Royals,Soumya Sarkar,DJ Malan,Alok Kapali,1,0,,,,,,,,,
1208086,2019/20,2019-12-24,"Zahur Ahmed Chowdhury Stadium, Chattogram",1,10.6,Cumilla Warriors,Rajshahi Royals,DJ Malan,Soumya Sarkar,Alok Kapali,6,0,,,,,,,,,
1208086,2019/20,2019-12-24,"Zahur Ahmed Chowdhury Stadium, Chattogram",1,11.1,Cumilla Warriors,Rajshahi Royals,Soumya Sarkar,DJ Malan,RS Bopara,1,0,,,,,,,,,
1208086,2019/20,2019-12-24,"Zahur Ahmed Chowdhury Stadium, Chattogram",1,11.2,Cumilla Warriors,Rajshahi Royals,DJ Malan,Soumya Sarkar,RS Bopara,1,0,,,,,,,,,
1208086,2019/20,2019-12-24,"Zahur Ahmed Chowdhury Stadium, Chattogram",1,11.3,Cumilla Warriors,Rajshahi Royals,Soumya Sarkar,DJ Malan,RS Bopara,0,0,,,,,,,,,
1208086,2019/20,2019-12-24,"Zahur Ahmed Chowdhury Stadium, Chattogram",1,11.4,Cumilla Warriors,Rajshahi Royals,Soumya Sarkar,DJ Malan,RS Bopara,0,0,,,,,,caught,Soumya Sarkar,,
1208086,2019/20,2019-12-24,"Zahur Ahmed Chowdhury Stadium, Chattogram",1,11.5,Cumilla Warriors,Rajshahi Royals,MD Shanaka,DJ Malan,RS Bopara,0,0,,,,,,,,,
1208086,2019/20,2019-12-24,"Zahur Ahmed Chowdhury Stadium, Chattogram",1,11.6,Cumilla Warriors,Rajshahi Royals,MD Shanaka,DJ Malan,RS Bopara,0,1,,,,1,,,,,
1208086,2019/20,2019-12-24,"Zahur Ahmed Chowdhury Stadium, Chattogram",1,12.1,Cumilla Warriors,Rajshahi Royals,MD Shanaka,DJ Malan,Mohammad Irfan,0,0,,,,,,,,,
1208086,2019/20,2019-12-24,"Zahur Ahmed Chowdhury Stadium, Chattogram",1,12.2,Cumilla Warriors,Rajshahi Royals,MD Shanaka,DJ Malan,Mohammad Irfan,0,0,,,,,,,,,
1208086,2019/20,2019-12-24,"Zahur Ahmed Chowdhury Stadium, Chattogram",1,12.3,Cumilla Warriors,Rajshahi Royals,MD Shanaka,DJ Malan,Mohammad Irfan,0,0,,,,,,,,,
1208086,2019/20,2019-12-24,"Zahur Ahmed Chowdhury Stadium, Chattogram",1,12.4,Cumilla Warriors,Rajshahi Royals,MD Shanaka,DJ Malan,Mohammad Irfan,0,0,,,,,,,,,
1208086,2019/20,2019-12-24,"Zahur Ahmed Chowdhury Stadium, Chattogram",1,12.5,Cumilla Warriors,Rajshahi Royals,MD Shanaka,DJ Malan,Mohammad Irfan,1,0,,,,,,,,,
1208086,2019/20,2019-12-24,"Zahur Ahmed Chowdhury Stadium, Chattogram",1,12.6,Cumilla Warriors,Rajshahi Royals,DJ Malan,MD Shanaka,Mohammad Irfan,2,0,,,,,,,,,
1208086,2019/20,2019-12-24,"Zahur Ahmed Chowdhury Stadium, Chattogram",1,13.1,Cumilla Warriors,Rajshahi Royals,MD Shanaka,DJ Malan,RS Bopara,2,0,,,,,,,,,
1208086,2019/20,2019-12-24,"Zahur Ahmed Chowdhury Stadium, Chattogram",1,13.2,Cumilla Warriors,Rajshahi Royals,MD Shanaka,DJ Malan,RS Bopara,6,0,,,,,,,,,
1208086,2019/20,2019-12-24,"Zahur Ahmed Chowdhury Stadium, Chattogram",1,13.3,Cumilla Warriors,Rajshahi Royals,MD Shanaka,DJ Malan,RS Bopara,1,0,,,,,,,,,
1208086,2019/20,2019-12-24,"Zahur Ahmed Chowdhury Stadium, Chattogram",1,13.4,Cumilla Warriors,Rajshahi Royals,DJ Malan,MD Shanaka,RS Bopara,1,0,,,,,,,,,
1208086,2019/20,2019-12-24,"Zahur Ahmed Chowdhury Stadium, Chattogram",1,13.5,Cumilla Warriors,Rajshahi Royals,MD Shanaka,DJ Malan,RS Bopara,1,0,,,,,,,,,
1208086,2019/20,2019-12-24,"Zahur Ahmed Chowdhury Stadium, Chattogram",1,13.6,Cumilla Warriors,Rajshahi Royals,DJ Malan,MD Shanaka,RS Bopara,1,0,,,,,,,,,
1208086,2019/20,2019-12-24,"Zahur Ahmed Chowdhury Stadium, Chattogram",1,14.1,Cumilla Warriors,Rajshahi Royals,DJ Malan,MD Shanaka,Abu Jayed,6,0,,,,,,,,,
1208086,2019/20,2019-12-24,"Zahur Ahmed Chowdhury Stadium, Chattogram",1,14.2,Cumilla Warriors,Rajshahi Royals,DJ Malan,MD Shanaka,Abu Jayed,1,0,,,,,,,,,
1208086,2019/20,2019-12-24,"Zahur Ahmed Chowdhury Stadium, Chattogram",1,14.3,Cumilla Warriors,Rajshahi Royals,MD Shanaka,DJ Malan,Abu Jayed,0,1,1,,,,,,,,
1208086,2019/20,2019-12-24,"Zahur Ahmed Chowdhury Stadium, Chattogram",1,14.4,Cumilla Warriors,Rajshahi Royals,MD Shanaka,DJ Malan,Abu Jayed,0,0,,,,,,caught,MD Shanaka,,
1208086,2019/20,2019-12-24,"Zahur Ahmed Chowdhury Stadium, Chattogram",1,14.5,Cumilla Warriors,Rajshahi Royals,Yasir Ali Chowdhury,DJ Malan,Abu Jayed,0,0,,,,,,,,,
1208086,2019/20,2019-12-24,"Zahur Ahmed Chowdhury Stadium, Chattogram",1,14.6,Cumilla Warriors,Rajshahi Royals,Yasir Ali Chowdhury,DJ Malan,Abu Jayed,0,0,,,,,,,,,
1208086,2019/20,2019-12-24,"Zahur Ahmed Chowdhury Stadium, Chattogram",1,14.7,Cumilla Warriors,Rajshahi Royals,Yasir Ali Chowdhury,DJ Malan,Abu Jayed,0,0,,,,,,caught,Yasir Ali Chowdhury,,
1208086,2019/20,2019-12-24,"Zahur Ahmed Chowdhury Stadium, Chattogram",1,15.1,Cumilla Warriors,Rajshahi Royals,DJ Malan,Mahidul Islam Ankon,RS Bopara,1,0,,,,,,,,,
1208086,2019/20,2019-12-24,"Zahur Ahmed Chowdhury Stadium, Chattogram",1,15.2,Cumilla Warriors,Rajshahi Royals,Mahidul Islam Ankon,DJ Malan,RS Bopara,0,0,,,,,,,,,
1208086,2019/20,2019-12-24,"Zahur Ahmed Chowdhury Stadium, Chattogram",1,15.3,Cumilla Warriors,Rajshahi Royals,Mahidul Islam Ankon,DJ Malan,RS Bopara,1,0,,,,,,,,,
1208086,2019/20,2019-12-24,"Zahur Ahmed Chowdhury Stadium, Chattogram",1,15.4,Cumilla Warriors,Rajshahi Royals,DJ Malan,Mahidul Islam Ankon,RS Bopara,1,0,,,,,,,,,
1208086,2019/20,2019-12-24,"Zahur Ahmed Chowdhury Stadium, Chattogram",1,15.5,Cumilla Warriors,Rajshahi Royals,Mahidul Islam Ankon,DJ Malan,RS Bopara,1,0,,,,,,,,,
1208086,2019/20,2019-12-24,"Zahur Ahmed Chowdhury Stadium, Chattogram",1,15.6,Cumilla Warriors,Rajshahi Royals,DJ Malan,Mahidul Islam Ankon,RS Bopara,1,0,,,,,,,,,
1208086,2019/20,2019-12-24,"Zahur Ahmed Chowdhury Stadium, Chattogram",1,16.1,Cumilla Warriors,Rajshahi Royals,DJ Malan,Mahidul Islam Ankon,Abu Jayed,6,0,,,,,,,,,
1208086,2019/20,2019-12-24,"Zahur Ahmed Chowdhury Stadium, Chattogram",1,16.2,Cumilla Warriors,Rajshahi Royals,DJ Malan,Mahidul Islam Ankon,Abu Jayed,6,0,,,,,,,,,
1208086,2019/20,2019-12-24,"Zahur Ahmed Chowdhury Stadium, Chattogram",1,16.3,Cumilla Warriors,Rajshahi Royals,DJ Malan,Mahidul Islam Ankon,Abu Jayed,1,0,,,,,,,,,
1208086,2019/20,2019-12-24,"Zahur Ahmed Chowdhury Stadium, Chattogram",1,16.4,Cumilla Warriors,Rajshahi Royals,Mahidul Islam Ankon,DJ Malan,Abu Jayed,1,0,,,,,,,,,
1208086,2019/20,2019-12-24,"Zahur Ahmed Chowdhury Stadium, Chattogram",1,16.5,Cumilla Warriors,Rajshahi Royals,DJ Malan,Mahidul Islam Ankon,Abu Jayed,1,0,,,,,,,,,
1208086,2019/20,2019-12-24,"Zahur Ahmed Chowdhury Stadium, Chattogram",1,16.6,Cumilla Warriors,Rajshahi Royals,Mahidul Islam Ankon,DJ Malan,Abu Jayed,1,0,,,,,,,,,
1208086,2019/20,2019-12-24,"Zahur Ahmed Chowdhury Stadium, Chattogram",1,17.1,Cumilla Warriors,Rajshahi Royals,Mahidul Islam Ankon,DJ Malan,AD Russell,0,0,,,,,,,,,
1208086,2019/20,2019-12-24,"Zahur Ahmed Chowdhury Stadium, Chattogram",1,17.2,Cumilla Warriors,Rajshahi Royals,Mahidul Islam Ankon,DJ Malan,AD Russell,0,0,,,,,,caught,Mahidul Islam Ankon,,
1208086,2019/20,2019-12-24,"Zahur Ahmed Chowdhury Stadium, Chattogram",1,17.3,Cumilla Warriors,Rajshahi Royals,DJ Malan,Robiul Islam Robi,AD Russell,1,0,,,,,,,,,
1208086,2019/20,2019-12-24,"Zahur Ahmed Chowdhury Stadium, Chattogram",1,17.4,Cumilla Warriors,Rajshahi Royals,Robiul Islam Robi,DJ Malan,AD Russell,0,0,,,,,,,,,
1208086,2019/20,2019-12-24,"Zahur Ahmed Chowdhury Stadium, Chattogram",1,17.5,Cumilla Warriors,Rajshahi Royals,Robiul Islam Robi,DJ Malan,AD Russell,1,0,,,,,,,,,
1208086,2019/20,2019-12-24,"Zahur Ahmed Chowdhury Stadium, Chattogram",1,17.6,Cumilla Warriors,Rajshahi Royals,DJ Malan,Robiul Islam Robi,AD Russell,1,0,,,,,,,,,
1208086,2019/20,2019-12-24,"Zahur Ahmed Chowdhury Stadium, Chattogram",1,18.1,Cumilla Warriors,Rajshahi Royals,DJ Malan,Robiul Islam Robi,Mohammad Irfan,4,0,,,,,,,,,
1208086,2019/20,2019-12-24,"Zahur Ahmed Chowdhury Stadium, Chattogram",1,18.2,Cumilla Warriors,Rajshahi Royals,DJ Malan,Robiul Islam Robi,Mohammad Irfan,1,0,,,,,,,,,
1208086,2019/20,2019-12-24,"Zahur Ahmed Chowdhury Stadium, Chattogram",1,18.3,Cumilla Warriors,Rajshahi Royals,Robiul Islam Robi,DJ Malan,Mohammad Irfan,4,0,,,,,,,,,
1208086,2019/20,2019-12-24,"Zahur Ahmed Chowdhury Stadium, Chattogram",1,18.4,Cumilla Warriors,Rajshahi Royals,Robiul Islam Robi,DJ Malan,Mohammad Irfan,0,0,,,,,,bowled,Robiul Islam Robi,,
1208086,2019/20,2019-12-24,"Zahur Ahmed Chowdhury Stadium, Chattogram",1,18.5,Cumilla Warriors,Rajshahi Royals,Sumon Khan,DJ Malan,Mohammad Irfan,0,0,,,,,,lbw,Sumon Khan,,
1208086,2019/20,2019-12-24,"Zahur Ahmed Chowdhury Stadium, Chattogram",1,18.6,Cumilla Warriors,Rajshahi Royals,Mujeeb Ur Rahman,DJ Malan,Mohammad Irfan,0,0,,,,,,,,,
1208086,2019/20,2019-12-24,"Zahur Ahmed Chowdhury Stadium, Chattogram",1,19.1,Cumilla Warriors,Rajshahi Royals,DJ Malan,Mujeeb Ur Rahman,AD Russell,6,0,,,,,,,,,
1208086,2019/20,2019-12-24,"Zahur Ahmed Chowdhury Stadium, Chattogram",1,19.2,Cumilla Warriors,Rajshahi Royals,DJ Malan,Mujeeb Ur Rahman,AD Russell,1,0,,,,,,,,,
1208086,2019/20,2019-12-24,"Zahur Ahmed Chowdhury Stadium, Chattogram",1,19.3,Cumilla Warriors,Rajshahi Royals,Mujeeb Ur Rahman,DJ Malan,AD Russell,0,0,,,,,,,,,
1208086,2019/20,2019-12-24,"Zahur Ahmed Chowdhury Stadium, Chattogram",1,19.4,Cumilla Warriors,Rajshahi Royals,Mujeeb Ur Rahman,DJ Malan,AD Russell,1,0,,,,,,,,,
1208086,2019/20,2019-12-24,"Zahur Ahmed Chowdhury Stadium, Chattogram",1,19.5,Cumilla Warriors,Rajshahi Royals,DJ Malan,Mujeeb Ur Rahman,AD Russell,0,1,1,,,,,,,,
1208086,2019/20,2019-12-24,"Zahur Ahmed Chowdhury Stadium, Chattogram",1,19.6,Cumilla Warriors,Rajshahi Royals,DJ Malan,Mujeeb Ur Rahman,AD Russell,1,0,,,,,,,,,
1208086,2019/20,2019-12-24,"Zahur Ahmed Chowdhury Stadium, Chattogram",1,19.7,Cumilla Warriors,Rajshahi Royals,Mujeeb Ur Rahman,DJ Malan,AD Russell,1,0,,,,,,,,,
1208086,2019/20,2019-12-24,"Zahur Ahmed Chowdhury Stadium, Chattogram",2,0.1,Rajshahi Royals,Cumilla Warriors,Liton Das,Afif Hossain,Mujeeb Ur Rahman,0,0,,,,,,,,,
1208086,2019/20,2019-12-24,"Zahur Ahmed Chowdhury Stadium, Chattogram",2,0.2,Rajshahi Royals,Cumilla Warriors,Liton Das,Afif Hossain,Mujeeb Ur Rahman,0,1,,,,1,,,,,
1208086,2019/20,2019-12-24,"Zahur Ahmed Chowdhury Stadium, Chattogram",2,0.3,Rajshahi Royals,Cumilla Warriors,Afif Hossain,Liton Das,Mujeeb Ur Rahman,0,0,,,,,,,,,
1208086,2019/20,2019-12-24,"Zahur Ahmed Chowdhury Stadium, Chattogram",2,0.4,Rajshahi Royals,Cumilla Warriors,Afif Hossain,Liton Das,Mujeeb Ur Rahman,0,0,,,,,,,,,
1208086,2019/20,2019-12-24,"Zahur Ahmed Chowdhury Stadium, Chattogram",2,0.5,Rajshahi Royals,Cumilla Warriors,Afif Hossain,Liton Das,Mujeeb Ur Rahman,0,0,,,,,,,,,
1208086,2019/20,2019-12-24,"Zahur Ahmed Chowdhury Stadium, Chattogram",2,0.6,Rajshahi Royals,Cumilla Warriors,Afif Hossain,Liton Das,Mujeeb Ur Rahman,0,0,,,,,,,,,
1208086,2019/20,2019-12-24,"Zahur Ahmed Chowdhury Stadium, Chattogram",2,1.1,Rajshahi Royals,Cumilla Warriors,Liton Das,Afif Hossain,Sumon Khan,0,0,,,,,,,,,
1208086,2019/20,2019-12-24,"Zahur Ahmed Chowdhury Stadium, Chattogram",2,1.2,Rajshahi Royals,Cumilla Warriors,Liton Das,Afif Hossain,Sumon Khan,1,0,,,,,,,,,
1208086,2019/20,2019-12-24,"Zahur Ahmed Chowdhury Stadium, Chattogram",2,1.3,Rajshahi Royals,Cumilla Warriors,Afif Hossain,Liton Das,Sumon Khan,0,4,,,,4,,,,,
1208086,2019/20,2019-12-24,"Zahur Ahmed Chowdhury Stadium, Chattogram",2,1.4,Rajshahi Royals,Cumilla Warriors,Afif Hossain,Liton Das,Sumon Khan,0,0,,,,,,,,,
1208086,2019/20,2019-12-24,"Zahur Ahmed Chowdhury Stadium, Chattogram",2,1.5,Rajshahi Royals,Cumilla Warriors,Afif Hossain,Liton Das,Sumon Khan,0,0,,,,,,,,,
1208086,2019/20,2019-12-24,"Zahur Ahmed Chowdhury Stadium, Chattogram",2,1.6,Rajshahi Royals,Cumilla Warriors,Afif Hossain,Liton Das,Sumon Khan,2,0,,,,,,,,,
1208086,2019/20,2019-12-24,"Zahur Ahmed Chowdhury Stadium, Chattogram",2,2.1,Rajshahi Royals,Cumilla Warriors,Liton Das,Afif Hossain,Al-Amin Hossain,6,0,,,,,,,,,
1208086,2019/20,2019-12-24,"Zahur Ahmed Chowdhury Stadium, Chattogram",2,2.2,Rajshahi Royals,Cumilla Warriors,Liton Das,Afif Hossain,Al-Amin Hossain,1,0,,,,,,,,,
1208086,2019/20,2019-12-24,"Zahur Ahmed Chowdhury Stadium, Chattogram",2,2.3,Rajshahi Royals,Cumilla Warriors,Afif Hossain,Liton Das,Al-Amin Hossain,4,0,,,,,,,,,
1208086,2019/20,2019-12-24,"Zahur Ahmed Chowdhury Stadium, Chattogram",2,2.4,Rajshahi Royals,Cumilla Warriors,Afif Hossain,Liton Das,Al-Amin Hossain,4,0,,,,,,,,,
1208086,2019/20,2019-12-24,"Zahur Ahmed Chowdhury Stadium, Chattogram",2,2.5,Rajshahi Royals,Cumilla Warriors,Afif Hossain,Liton Das,Al-Amin Hossain,6,0,,,,,,,,,
1208086,2019/20,2019-12-24,"Zahur Ahmed Chowdhury Stadium, Chattogram",2,2.6,Rajshahi Royals,Cumilla Warriors,Afif Hossain,Liton Das,Al-Amin Hossain,3,0,,,,,,,,,
1208086,2019/20,2019-12-24,"Zahur Ahmed Chowdhury Stadium, Chattogram",2,3.1,Rajshahi Royals,Cumilla Warriors,Afif Hossain,Liton Das,MD Shanaka,1,0,,,,,,,,,
1208086,2019/20,2019-12-24,"Zahur Ahmed Chowdhury Stadium, Chattogram",2,3.2,Rajshahi Royals,Cumilla Warriors,Liton Das,Afif Hossain,MD Shanaka,0,0,,,,,,,,,
1208086,2019/20,2019-12-24,"Zahur Ahmed Chowdhury Stadium, Chattogram",2,3.3,Rajshahi Royals,Cumilla Warriors,Liton Das,Afif Hossain,MD Shanaka,1,0,,,,,,,,,
1208086,2019/20,2019-12-24,"Zahur Ahmed Chowdhury Stadium, Chattogram",2,3.4,Rajshahi Royals,Cumilla Warriors,Afif Hossain,Liton Das,MD Shanaka,1,0,,,,,,,,,
1208086,2019/20,2019-12-24,"Zahur Ahmed Chowdhury Stadium, Chattogram",2,3.5,Rajshahi Royals,Cumilla Warriors,Liton Das,Afif Hossain,MD Shanaka,0,0,,,,,,,,,
1208086,2019/20,2019-12-24,"Zahur Ahmed Chowdhury Stadium, Chattogram",2,3.6,Rajshahi Royals,Cumilla Warriors,Liton Das,Afif Hossain,MD Shanaka,1,0,,,,,,,,,
1208086,2019/20,2019-12-24,"Zahur Ahmed Chowdhury Stadium, Chattogram",2,4.1,Rajshahi Royals,Cumilla Warriors,Liton Das,Afif Hossain,Mujeeb Ur Rahman,4,0,,,,,,,,,
1208086,2019/20,2019-12-24,"Zahur Ahmed Chowdhury Stadium, Chattogram",2,4.2,Rajshahi Royals,Cumilla Warriors,Liton Das,Afif Hossain,Mujeeb Ur Rahman,0,0,,,,,,,,,
1208086,2019/20,2019-12-24,"Zahur Ahmed Chowdhury Stadium, Chattogram",2,4.3,Rajshahi Royals,Cumilla Warriors,Liton Das,Afif Hossain,Mujeeb Ur Rahman,1,0,,,,,,,,,
1208086,2019/20,2019-12-24,"Zahur Ahmed Chowdhury Stadium, Chattogram",2,4.4,Rajshahi Royals,Cumilla Warriors,Afif Hossain,Liton Das,Mujeeb Ur Rahman,0,0,,,,,,,,,
1208086,2019/20,2019-12-24,"Zahur Ahmed Chowdhury Stadium, Chattogram",2,4.5,Rajshahi Royals,Cumilla Warriors,Afif Hossain,Liton Das,Mujeeb Ur Rahman,0,0,,,,,,,,,
1208086,2019/20,2019-12-24,"Zahur Ahmed Chowdhury Stadium, Chattogram",2,4.6,Rajshahi Royals,Cumilla Warriors,Afif Hossain,Liton Das,Mujeeb Ur Rahman,1,0,,,,,,,,,
1208086,2019/20,2019-12-24,"Zahur Ahmed Chowdhury Stadium, Chattogram",2,5.1,Rajshahi Royals,Cumilla Warriors,Afif Hossain,Liton Das,Sumon Khan,0,0,,,,,,,,,
1208086,2019/20,2019-12-24,"Zahur Ahmed Chowdhury Stadium, Chattogram",2,5.2,Rajshahi Royals,Cumilla Warriors,Afif Hossain,Liton Das,Sumon Khan,4,0,,,,,,,,,
1208086,2019/20,2019-12-24,"Zahur Ahmed Chowdhury Stadium, Chattogram",2,5.3,Rajshahi Royals,Cumilla Warriors,Afif Hossain,Liton Das,Sumon Khan,1,0,,,,,,,,,
1208086,2019/20,2019-12-24,"Zahur Ahmed Chowdhury Stadium, Chattogram",2,5.4,Rajshahi Royals,Cumilla Warriors,Liton Das,Afif Hossain,Sumon Khan,6,0,,,,,,,,,
1208086,2019/20,2019-12-24,"Zahur Ahmed Chowdhury Stadium, Chattogram",2,5.5,Rajshahi Royals,Cumilla Warriors,Liton Das,Afif Hossain,Sumon Khan,4,0,,,,,,,,,
1208086,2019/20,2019-12-24,"Zahur Ahmed Chowdhury Stadium, Chattogram",2,5.6,Rajshahi Royals,Cumilla Warriors,Liton Das,Afif Hossain,Sumon Khan,1,0,,,,,,,,,
1208086,2019/20,2019-12-24,"Zahur Ahmed Chowdhury Stadium, Chattogram",2,6.1,Rajshahi Royals,Cumilla Warriors,Liton Das,Afif Hossain,Mujeeb Ur Rahman,0,0,,,,,,,,,
1208086,2019/20,2019-12-24,"Zahur Ahmed Chowdhury Stadium, Chattogram",2,6.2,Rajshahi Royals,Cumilla Warriors,Liton Das,Afif Hossain,Mujeeb Ur Rahman,1,0,,,,,,,,,
1208086,2019/20,2019-12-24,"Zahur Ahmed Chowdhury Stadium, Chattogram",2,6.3,Rajshahi Royals,Cumilla Warriors,Afif Hossain,Liton Das,Mujeeb Ur Rahman,0,0,,,,,,,,,
1208086,2019/20,2019-12-24,"Zahur Ahmed Chowdhury Stadium, Chattogram",2,6.4,Rajshahi Royals,Cumilla Warriors,Afif Hossain,Liton Das,Mujeeb Ur Rahman,0,0,,,,,,,,,
1208086,2019/20,2019-12-24,"Zahur Ahmed Chowdhury Stadium, Chattogram",2,6.5,Rajshahi Royals,Cumilla Warriors,Afif Hossain,Liton Das,Mujeeb Ur Rahman,1,0,,,,,,,,,
1208086,2019/20,2019-12-24,"Zahur Ahmed Chowdhury Stadium, Chattogram",2,6.6,Rajshahi Royals,Cumilla Warriors,Liton Das,Afif Hossain,Mujeeb Ur Rahman,0,0,,,,,,bowled,Liton Das,,
1208086,2019/20,2019-12-24,"Zahur Ahmed Chowdhury Stadium, Chattogram",2,7.1,Rajshahi Royals,Cumilla Warriors,Afif Hossain,Shoaib Malik,Robiul Islam Robi,2,0,,,,,,,,,
1208086,2019/20,2019-12-24,"Zahur Ahmed Chowdhury Stadium, Chattogram",2,7.2,Rajshahi Royals,Cumilla Warriors,Afif Hossain,Shoaib Malik,Robiul Islam Robi,0,0,,,,,,,,,
1208086,2019/20,2019-12-24,"Zahur Ahmed Chowdhury Stadium, Chattogram",2,7.3,Rajshahi Royals,Cumilla Warriors,Afif Hossain,Shoaib Malik,Robiul Islam Robi,0,0,,,,,,,,,
1208086,2019/20,2019-12-24,"Zahur Ahmed Chowdhury Stadium, Chattogram",2,7.4,Rajshahi Royals,Cumilla Warriors,Afif Hossain,Shoaib Malik,Robiul Islam Robi,1,0,,,,,,,,,
1208086,2019/20,2019-12-24,"Zahur Ahmed Chowdhury Stadium, Chattogram",2,7.5,Rajshahi Royals,Cumilla Warriors,Shoaib Malik,Afif Hossain,Robiul Islam Robi,1,0,,,,,,,,,
1208086,2019/20,2019-12-24,"Zahur Ahmed Chowdhury Stadium, Chattogram",2,7.6,Rajshahi Royals,Cumilla Warriors,Afif Hossain,Shoaib Malik,Robiul Islam Robi,1,0,,,,,,,,,
1208086,2019/20,2019-12-24,"Zahur Ahmed Chowdhury Stadium, Chattogram",2,8.1,Rajshahi Royals,Cumilla Warriors,Afif Hossain,Shoaib Malik,Al-Amin Hossain,4,0,,,,,,,,,
1208086,2019/20,2019-12-24,"Zahur Ahmed Chowdhury Stadium, Chattogram",2,8.2,Rajshahi Royals,Cumilla Warriors,Afif Hossain,Shoaib Malik,Al-Amin Hossain,1,0,,,,,,,,,
1208086,2019/20,2019-12-24,"Zahur Ahmed Chowdhury Stadium, Chattogram",2,8.3,Rajshahi Royals,Cumilla Warriors,Shoaib Malik,Afif Hossain,Al-Amin Hossain,0,0,,,,,,,,,
1208086,2019/20,2019-12-24,"Zahur Ahmed Chowdhury Stadium, Chattogram",2,8.4,Rajshahi Royals,Cumilla Warriors,Shoaib Malik,Afif Hossain,Al-Amin Hossain,0,0,,,,,,,,,
1208086,2019/20,2019-12-24,"Zahur Ahmed Chowdhury Stadium, Chattogram",2,8.5,Rajshahi Royals,Cumilla Warriors,Shoaib Malik,Afif Hossain,Al-Amin Hossain,0,0,,,,,,,,,
1208086,2019/20,2019-12-24,"Zahur Ahmed Chowdhury Stadium, Chattogram",2,8.6,Rajshahi Royals,Cumilla Warriors,Shoaib Malik,Afif Hossain,Al-Amin Hossain,0,0,,,,,,caught,Shoaib Malik,,
1208086,2019/20,2019-12-24,"Zahur Ahmed Chowdhury Stadium, Chattogram",2,9.1,Rajshahi Royals,Cumilla Warriors,RS Bopara,Afif Hossain,Robiul Islam Robi,2,0,,,,,,,,,
1208086,2019/20,2019-12-24,"Zahur Ahmed Chowdhury Stadium, Chattogram",2,9.2,Rajshahi Royals,Cumilla Warriors,RS Bopara,Afif Hossain,Robiul Islam Robi,1,0,,,,,,,,,
1208086,2019/20,2019-12-24,"Zahur Ahmed Chowdhury Stadium, Chattogram",2,9.3,Rajshahi Royals,Cumilla Warriors,Afif Hossain,RS Bopara,Robiul Islam Robi,0,0,,,,,,,,,
1208086,2019/20,2019-12-24,"Zahur Ahmed Chowdhury Stadium, Chattogram",2,9.4,Rajshahi Royals,Cumilla Warriors,Afif Hossain,RS Bopara,Robiul Islam Robi,1,0,,,,,,,,,
1208086,2019/20,2019-12-24,"Zahur Ahmed Chowdhury Stadium, Chattogram",2,9.5,Rajshahi Royals,Cumilla Warriors,RS Bopara,Afif Hossain,Robiul Islam Robi,1,0,,,,,,,,,
1208086,2019/20,2019-12-24,"Zahur Ahmed Chowdhury Stadium, Chattogram",2,9.6,Rajshahi Royals,Cumilla Warriors,Afif Hossain,RS Bopara,Robiul Islam Robi,1,0,,,,,,,,,
1208086,2019/20,2019-12-24,"Zahur Ahmed Chowdhury Stadium, Chattogram",2,10.1,Rajshahi Royals,Cumilla Warriors,Afif Hossain,RS Bopara,Soumya Sarkar,2,0,,,,,,,,,
1208086,2019/20,2019-12-24,"Zahur Ahmed Chowdhury Stadium, Chattogram",2,10.2,Rajshahi Royals,Cumilla Warriors,Afif Hossain,RS Bopara,Soumya Sarkar,1,0,,,,,,,,,
1208086,2019/20,2019-12-24,"Zahur Ahmed Chowdhury Stadium, Chattogram",2,10.3,Rajshahi Royals,Cumilla Warriors,RS Bopara,Afif Hossain,Soumya Sarkar,1,0,,,,,,,,,
1208086,2019/20,2019-12-24,"Zahur Ahmed Chowdhury Stadium, Chattogram",2,10.4,Rajshahi Royals,Cumilla Warriors,Afif Hossain,RS Bopara,Soumya Sarkar,4,0,,,,,,,,,
1208086,2019/20,2019-12-24,"Zahur Ahmed Chowdhury Stadium, Chattogram",2,10.5,Rajshahi Royals,Cumilla Warriors,Afif Hossain,RS Bopara,Soumya Sarkar,4,0,,,,,,,,,
1208086,2019/20,2019-12-24,"Zahur Ahmed Chowdhury Stadium, Chattogram",2,10.6,Rajshahi Royals,Cumilla Warriors,Afif Hossain,RS Bopara,Soumya Sarkar,2,0,,,,,,,,,
1208086,2019/20,2019-12-24,"Zahur Ahmed Chowdhury Stadium, Chattogram",2,11.1,Rajshahi Royals,Cumilla Warriors,RS Bopara,Afif Hossain,MD Shanaka,1,0,,,,,,,,,
1208086,2019/20,2019-12-24,"Zahur Ahmed Chowdhury Stadium, Chattogram",2,11.2,Rajshahi Royals,Cumilla Warriors,Afif Hossain,RS Bopara,MD Shanaka,4,0,,,,,,,,,
1208086,2019/20,2019-12-24,"Zahur Ahmed Chowdhury Stadium, Chattogram",2,11.3,Rajshahi Royals,Cumilla Warriors,Afif Hossain,RS Bopara,MD Shanaka,0,0,,,,,,,,,
1208086,2019/20,2019-12-24,"Zahur Ahmed Chowdhury Stadium, Chattogram",2,11.4,Rajshahi Royals,Cumilla Warriors,Afif Hossain,RS Bopara,MD Shanaka,1,0,,,,,,,,,
1208086,2019/20,2019-12-24,"Zahur Ahmed Chowdhury Stadium, Chattogram",2,11.5,Rajshahi Royals,Cumilla Warriors,RS Bopara,Afif Hossain,MD Shanaka,2,0,,,,,,,,,
1208086,2019/20,2019-12-24,"Zahur Ahmed Chowdhury Stadium, Chattogram",2,11.6,Rajshahi Royals,Cumilla Warriors,RS Bopara,Afif Hossain,MD Shanaka,1,0,,,,,,,,,
1208086,2019/20,2019-12-24,"Zahur Ahmed Chowdhury Stadium, Chattogram",2,12.1,Rajshahi Royals,Cumilla Warriors,RS Bopara,Afif Hossain,Mujeeb Ur Rahman,4,0,,,,,,,,,
1208086,2019/20,2019-12-24,"Zahur Ahmed Chowdhury Stadium, Chattogram",2,12.2,Rajshahi Royals,Cumilla Warriors,RS Bopara,Afif Hossain,Mujeeb Ur Rahman,2,0,,,,,,,,,
1208086,2019/20,2019-12-24,"Zahur Ahmed Chowdhury Stadium, Chattogram",2,12.3,Rajshahi Royals,Cumilla Warriors,RS Bopara,Afif Hossain,Mujeeb Ur Rahman,1,0,,,,,,,,,
1208086,2019/20,2019-12-24,"Zahur Ahmed Chowdhury Stadium, Chattogram",2,12.4,Rajshahi Royals,Cumilla Warriors,Afif Hossain,RS Bopara,Mujeeb Ur Rahman,0,0,,,,,,,,,
1208086,2019/20,2019-12-24,"Zahur Ahmed Chowdhury Stadium, Chattogram",2,12.5,Rajshahi Royals,Cumilla Warriors,Afif Hossain,RS Bopara,Mujeeb Ur Rahman,0,1,1,,,,,,,,
1208086,2019/20,2019-12-24,"Zahur Ahmed Chowdhury Stadium, Chattogram",2,12.6,Rajshahi Royals,Cumilla Warriors,Afif Hossain,RS Bopara,Mujeeb Ur Rahman,0,0,,,,,,,,,
1208086,2019/20,2019-12-24,"Zahur Ahmed Chowdhury Stadium, Chattogram",2,12.7,Rajshahi Royals,Cumilla Warriors,Afif Hossain,RS Bopara,Mujeeb Ur Rahman,1,0,,,,,,,,,
1208086,2019/20,2019-12-24,"Zahur Ahmed Chowdhury Stadium, Chattogram",2,13.1,Rajshahi Royals,Cumilla Warriors,Afif Hossain,RS Bopara,MD Shanaka,2,0,,,,,,,,,
1208086,2019/20,2019-12-24,"Zahur Ahmed Chowdhury Stadium, Chattogram",2,13.2,Rajshahi Royals,Cumilla Warriors,Afif Hossain,RS Bopara,MD Shanaka,4,0,,,,,,,,,
1208086,2019/20,2019-12-24,"Zahur Ahmed Chowdhury Stadium, Chattogram",2,13.3,Rajshahi Royals,Cumilla Warriors,Afif Hossain,RS Bopara,MD Shanaka,2,0,,,,,,,,,
1208086,2019/20,2019-12-24,"Zahur Ahmed Chowdhury Stadium, Chattogram",2,13.4,Rajshahi Royals,Cumilla Warriors,Afif Hossain,RS Bopara,MD Shanaka,1,0,,,,,,,,,
1208086,2019/20,2019-12-24,"Zahur Ahmed Chowdhury Stadium, Chattogram",2,13.5,Rajshahi Royals,Cumilla Warriors,RS Bopara,Afif Hossain,MD Shanaka,1,0,,,,,,,,,
1208086,2019/20,2019-12-24,"Zahur Ahmed Chowdhury Stadium, Chattogram",2,13.6,Rajshahi Royals,Cumilla Warriors,Afif Hossain,RS Bopara,MD Shanaka,1,0,,,,,,,,,
1208086,2019/20,2019-12-24,"Zahur Ahmed Chowdhury Stadium, Chattogram",2,14.1,Rajshahi Royals,Cumilla Warriors,Afif Hossain,RS Bopara,Robiul Islam Robi,6,0,,,,,,,,,
1208086,2019/20,2019-12-24,"Zahur Ahmed Chowdhury Stadium, Chattogram",2,14.2,Rajshahi Royals,Cumilla Warriors,Afif Hossain,RS Bopara,Robiul Islam Robi,1,0,,,,,,,,,
1208086,2019/20,2019-12-24,"Zahur Ahmed Chowdhury Stadium, Chattogram",2,14.3,Rajshahi Royals,Cumilla Warriors,RS Bopara,Afif Hossain,Robiul Islam Robi,0,0,,,,,,,,,
1208086,2019/20,2019-12-24,"Zahur Ahmed Chowdhury Stadium, Chattogram",2,14.4,Rajshahi Royals,Cumilla Warriors,RS Bopara,Afif Hossain,Robiul Islam Robi,1,0,,,,,,,,,
1208086,2019/20,2019-12-24,"Zahur Ahmed Chowdhury Stadium, Chattogram",2,14.5,Rajshahi Royals,Cumilla Warriors,Afif Hossain,RS Bopara,Robiul Islam Robi,1,0,,,,,,,,,
1208086,2019/20,2019-12-24,"Zahur Ahmed Chowdhury Stadium, Chattogram",2,14.6,Rajshahi Royals,Cumilla Warriors,RS Bopara,Afif Hossain,Robiul Islam Robi,4,0,,,,,,,,,
1208086,2019/20,2019-12-24,"Zahur Ahmed Chowdhury Stadium, Chattogram",2,15.1,Rajshahi Royals,Cumilla Warriors,Afif Hossain,RS Bopara,Al-Amin Hossain,0,0,,,,,,caught,Afif Hossain,,
1208086,2019/20,2019-12-24,"Zahur Ahmed Chowdhury Stadium, Chattogram",2,15.2,Rajshahi Royals,Cumilla Warriors,RS Bopara,AD Russell,Al-Amin Hossain,0,0,,,,,,,,,
1208086,2019/20,2019-12-24,"Zahur Ahmed Chowdhury Stadium, Chattogram",2,15.3,Rajshahi Royals,Cumilla Warriors,RS Bopara,AD Russell,Al-Amin Hossain,4,0,,,,,,,,,
1208086,2019/20,2019-12-24,"Zahur Ahmed Chowdhury Stadium, Chattogram",2,15.4,Rajshahi Royals,Cumilla Warriors,RS Bopara,AD Russell,Al-Amin Hossain,1,0,,,,,,,,,
1208086,2019/20,2019-12-24,"Zahur Ahmed Chowdhury Stadium, Chattogram",2,15.5,Rajshahi Royals,Cumilla Warriors,AD Russell,RS Bopara,Al-Amin Hossain,0,0,,,,,,,,,
1208086,2019/20,2019-12-24,"Zahur Ahmed Chowdhury Stadium, Chattogram",2,15.6,Rajshahi Royals,Cumilla Warriors,AD Russell,RS Bopara,Al-Amin Hossain,4,0,,,,,,,,,
1208086,2019/20,2019-12-24,"Zahur Ahmed Chowdhury Stadium, Chattogram",2,16.1,Rajshahi Royals,Cumilla Warriors,RS Bopara,AD Russell,Sumon Khan,1,0,,,,,,,,,
1208086,2019/20,2019-12-24,"Zahur Ahmed Chowdhury Stadium, Chattogram",2,16.2,Rajshahi Royals,Cumilla Warriors,AD Russell,RS Bopara,Sumon Khan,1,0,,,,,,,,,
1208086,2019/20,2019-12-24,"Zahur Ahmed Chowdhury Stadium, Chattogram",2,16.3,Rajshahi Royals,Cumilla Warriors,RS Bopara,AD Russell,Sumon Khan,6,0,,,,,,,,,
1208086,2019/20,2019-12-24,"Zahur Ahmed Chowdhury Stadium, Chattogram",2,16.4,Rajshahi Royals,Cumilla Warriors,RS Bopara,AD Russell,Sumon Khan,4,0,,,,,,,,,
1208086,2019/20,2019-12-24,"Zahur Ahmed Chowdhury Stadium, Chattogram",2,16.5,Rajshahi Royals,Cumilla Warriors,RS Bopara,AD Russell,Sumon Khan,1,0,,,,,,,,,
1208086,2019/20,2019-12-24,"Zahur Ahmed Chowdhury Stadium, Chattogram",2,16.6,Rajshahi Royals,Cumilla Warriors,AD Russell,RS Bopara,Sumon Khan,6,0,,,,,,,,,
1208086,2019/20,2019-12-24,"Zahur Ahmed Chowdhury Stadium, Chattogram",2,17.1,Rajshahi Royals,Cumilla Warriors,RS Bopara,AD Russell,Al-Amin Hossain,1,0,,,,,,,,,
1208086,2019/20,2019-12-24,"Zahur Ahmed Chowdhury Stadium, Chattogram",2,17.2,Rajshahi Royals,Cumilla Warriors,AD Russell,RS Bopara,Al-Amin Hossain,4,0,,,,,,,,,
1208086,2019/20,2019-12-24,"Zahur Ahmed Chowdhury Stadium, Chattogram",2,17.3,Rajshahi Royals,Cumilla Warriors,AD Russell,RS Bopara,Al-Amin Hossain,1,0,,,,,,,,,
1208086,2019/20,2019-12-24,"Zahur Ahmed Chowdhury Stadium, Chattogram",2,17.4,Rajshahi Royals,Cumilla Warriors,RS Bopara,AD Russell,Al-Amin Hossain,1,0,,,,,,,,,
1208086,2019/20,2019-12-24,"Zahur Ahmed Chowdhury Stadium, Chattogram",2,17.5,Rajshahi Royals,Cumilla Warriors,AD Russell,RS Bopara,Al-Amin Hossain,4,0,,,,,,,,,
