match_id,season,start_date,venue,innings,ball,batting_team,bowling_team,striker,non_striker,bowler,runs_off_bat,extras,wides,noballs,byes,legbyes,penalty,wicket_type,player_dismissed,other_wicket_type,other_player_dismissed
1208093,2019/20,2019-12-31,"Shere Bangla National Stadium, Mirpur",1,0.1,Chattogram Challengers,Cumilla Warriors,LMP Simmons,Junaid Siddique,Mujeeb Ur Rahman,0,1,1,,,,,,,,
1208093,2019/20,2019-12-31,"Shere Bangla National Stadium, Mirpur",1,0.2,Chattogram Challengers,Cumilla Warriors,LMP Simmons,Junaid Siddique,Mujeeb Ur Rahman,1,0,,,,,,,,,
1208093,2019/20,2019-12-31,"Shere Bangla National Stadium, Mirpur",1,0.3,Chattogram Challengers,Cumilla Warriors,Junaid Siddique,LMP Simmons,Mujeeb Ur Rahman,0,0,,,,,,,,,
1208093,2019/20,2019-12-31,"Shere Bangla National Stadium, Mirpur",1,0.4,Chattogram Challengers,Cumilla Warriors,Junaid Siddique,LMP Simmons,Mujeeb Ur Rahman,1,0,,,,,,,,,
1208093,2019/20,2019-12-31,"Shere Bangla National Stadium, Mirpur",1,0.5,Chattogram Challengers,Cumilla Warriors,LMP Simmons,Junaid Siddique,Mujeeb Ur Rahman,0,0,,,,,,,,,
1208093,2019/20,2019-12-31,"Shere Bangla National Stadium, Mirpur",1,0.6,Chattogram Challengers,Cumilla Warriors,LMP Simmons,Junaid Siddique,Mujeeb Ur Rahman,0,0,,,,,,,,,
1208093,2019/20,2019-12-31,"Shere Bangla National Stadium, Mirpur",1,0.7,Chattogram Challengers,Cumilla Warriors,LMP Simmons,Junaid Siddique,Mujeeb Ur Rahman,0,0,,,,,,,,,
1208093,2019/20,2019-12-31,"Shere Bangla National Stadium, Mirpur",1,1.1,Chattogram Challengers,Cumilla Warriors,Junaid Siddique,LMP Simmons,Abu Hider,4,0,,,,,,,,,
1208093,2019/20,2019-12-31,"Shere Bangla National Stadium, Mirpur",1,1.2,Chattogram Challengers,Cumilla Warriors,Junaid Siddique,LMP Simmons,Abu Hider,0,0,,,,,,,,,
1208093,2019/20,2019-12-31,"Shere Bangla National Stadium, Mirpur",1,1.3,Chattogram Challengers,Cumilla Warriors,Junaid Siddique,LMP Simmons,Abu Hider,0,0,,,,,,,,,
1208093,2019/20,2019-12-31,"Shere Bangla National Stadium, Mirpur",1,1.4,Chattogram Challengers,Cumilla Warriors,Junaid Siddique,LMP Simmons,Abu Hider,4,0,,,,,,,,,
1208093,2019/20,2019-12-31,"Shere Bangla National Stadium, Mirpur",1,1.5,Chattogram Challengers,Cumilla Warriors,Junaid Siddique,LMP Simmons,Abu Hider,1,0,,,,,,,,,
1208093,2019/20,2019-12-31,"Shere Bangla National Stadium, Mirpur",1,1.6,Chattogram Challengers,Cumilla Warriors,LMP Simmons,Junaid Siddique,Abu Hider,0,0,,,,,,,,,
1208093,2019/20,2019-12-31,"Shere Bangla National Stadium, Mirpur",1,2.1,Chattogram Challengers,Cumilla Warriors,Junaid Siddique,LMP Simmons,Mujeeb Ur Rahman,0,0,,,,,,,,,
1208093,2019/20,2019-12-31,"Shere Bangla National Stadium, Mirpur",1,2.2,Chattogram Challengers,Cumilla Warriors,Junaid Siddique,LMP Simmons,Mujeeb Ur Rahman,2,0,,,,,,,,,
1208093,2019/20,2019-12-31,"Shere Bangla National Stadium, Mirpur",1,2.3,Chattogram Challengers,Cumilla Warriors,Junaid Siddique,LMP Simmons,Mujeeb Ur Rahman,0,0,,,,,,,,,
1208093,2019/20,2019-12-31,"Shere Bangla National Stadium, Mirpur",1,2.4,Chattogram Challengers,Cumilla Warriors,Junaid Siddique,LMP Simmons,Mujeeb Ur Rahman,0,0,,,,,,,,,
1208093,2019/20,2019-12-31,"Shere Bangla National Stadium, Mirpur",1,2.5,Chattogram Challengers,Cumilla Warriors,Junaid Siddique,LMP Simmons,Mujeeb Ur Rahman,4,0,,,,,,,,,
1208093,2019/20,2019-12-31,"Shere Bangla National Stadium, Mirpur",1,2.6,Chattogram Challengers,Cumilla Warriors,Junaid Siddique,LMP Simmons,Mujeeb Ur Rahman,1,0,,,,,,,,,
1208093,2019/20,2019-12-31,"Shere Bangla National Stadium, Mirpur",1,3.1,Chattogram Challengers,Cumilla Warriors,Junaid Siddique,LMP Simmons,Al-Amin Hossain,1,0,,,,,,,,,
1208093,2019/20,2019-12-31,"Shere Bangla National Stadium, Mirpur",1,3.2,Chattogram Challengers,Cumilla Warriors,LMP Simmons,Junaid Siddique,Al-Amin Hossain,1,0,,,,,,,,,
1208093,2019/20,2019-12-31,"Shere Bangla National Stadium, Mirpur",1,3.3,Chattogram Challengers,Cumilla Warriors,Junaid Siddique,LMP Simmons,Al-Amin Hossain,0,1,,,,1,,,,,
1208093,2019/20,2019-12-31,"Shere Bangla National Stadium, Mirpur",1,3.4,Chattogram Challengers,Cumilla Warriors,LMP Simmons,Junaid Siddique,Al-Amin Hossain,4,0,,,,,,,,,
1208093,2019/20,2019-12-31,"Shere Bangla National Stadium, Mirpur",1,3.5,Chattogram Challengers,Cumilla Warriors,LMP Simmons,Junaid Siddique,Al-Amin Hossain,4,0,,,,,,,,,
1208093,2019/20,2019-12-31,"Shere Bangla National Stadium, Mirpur",1,3.6,Chattogram Challengers,Cumilla Warriors,LMP Simmons,Junaid Siddique,Al-Amin Hossain,1,0,,,,,,,,,
1208093,2019/20,2019-12-31,"Shere Bangla National Stadium, Mirpur",1,4.1,Chattogram Challengers,Cumilla Warriors,LMP Simmons,Junaid Siddique,D Wiese,1,0,,,,,,,,,
1208093,2019/20,2019-12-31,"Shere Bangla National Stadium, Mirpur",1,4.2,Chattogram Challengers,Cumilla Warriors,Junaid Siddique,LMP Simmons,D Wiese,4,0,,,,,,,,,
1208093,2019/20,2019-12-31,"Shere Bangla National Stadium, Mirpur",1,4.3,Chattogram Challengers,Cumilla Warriors,Junaid Siddique,LMP Simmons,D Wiese,1,0,,,,,,,,,
1208093,2019/20,2019-12-31,"Shere Bangla National Stadium, Mirpur",1,4.4,Chattogram Challengers,Cumilla Warriors,LMP Simmons,Junaid Siddique,D Wiese,4,0,,,,,,,,,
1208093,2019/20,2019-12-31,"Shere Bangla National Stadium, Mirpur",1,4.5,Chattogram Challengers,Cumilla Warriors,LMP Simmons,Junaid Siddique,D Wiese,1,0,,,,,,,,,
1208093,2019/20,2019-12-31,"Shere Bangla National Stadium, Mirpur",1,4.6,Chattogram Challengers,Cumilla Warriors,Junaid Siddique,LMP Simmons,D Wiese,4,0,,,,,,,,,
1208093,2019/20,2019-12-31,"Shere Bangla National Stadium, Mirpur",1,5.1,Chattogram Challengers,Cumilla Warriors,LMP Simmons,Junaid Siddique,Al-Amin Hossain,1,0,,,,,,,,,
1208093,2019/20,2019-12-31,"Shere Bangla National Stadium, Mirpur",1,5.2,Chattogram Challengers,Cumilla Warriors,Junaid Siddique,LMP Simmons,Al-Amin Hossain,1,0,,,,,,,,,
1208093,2019/20,2019-12-31,"Shere Bangla National Stadium, Mirpur",1,5.3,Chattogram Challengers,Cumilla Warriors,LMP Simmons,Junaid Siddique,Al-Amin Hossain,0,0,,,,,,,,,
1208093,2019/20,2019-12-31,"Shere Bangla National Stadium, Mirpur",1,5.4,Chattogram Challengers,Cumilla Warriors,LMP Simmons,Junaid Siddique,Al-Amin Hossain,0,1,,,,1,,,,,
1208093,2019/20,2019-12-31,"Shere Bangla National Stadium, Mirpur",1,5.5,Chattogram Challengers,Cumilla Warriors,Junaid Siddique,LMP Simmons,Al-Amin Hossain,1,0,,,,,,,,,
1208093,2019/20,2019-12-31,"Shere Bangla National Stadium, Mirpur",1,5.6,Chattogram Challengers,Cumilla Warriors,LMP Simmons,Junaid Siddique,Al-Amin Hossain,4,0,,,,,,,,,
1208093,2019/20,2019-12-31,"Shere Bangla National Stadium, Mirpur",1,6.1,Chattogram Challengers,Cumilla Warriors,Junaid Siddique,LMP Simmons,Sunzamul Islam,1,0,,,,,,,,,
1208093,2019/20,2019-12-31,"Shere Bangla National Stadium, Mirpur",1,6.2,Chattogram Challengers,Cumilla Warriors,LMP Simmons,Junaid Siddique,Sunzamul Islam,1,0,,,,,,,,,
1208093,2019/20,2019-12-31,"Shere Bangla National Stadium, Mirpur",1,6.3,Chattogram Challengers,Cumilla Warriors,Junaid Siddique,LMP Simmons,Sunzamul Islam,0,0,,,,,,,,,
1208093,2019/20,2019-12-31,"Shere Bangla National Stadium, Mirpur",1,6.4,Chattogram Challengers,Cumilla Warriors,Junaid Siddique,LMP Simmons,Sunzamul Islam,1,0,,,,,,,,,
1208093,2019/20,2019-12-31,"Shere Bangla National Stadium, Mirpur",1,6.5,Chattogram Challengers,Cumilla Warriors,LMP Simmons,Junaid Siddique,Sunzamul Islam,6,0,,,,,,,,,
1208093,2019/20,2019-12-31,"Shere Bangla National Stadium, Mirpur",1,6.6,Chattogram Challengers,Cumilla Warriors,LMP Simmons,Junaid Siddique,Sunzamul Islam,1,0,,,,,,,,,
1208093,2019/20,2019-12-31,"Shere Bangla National Stadium, Mirpur",1,7.1,Chattogram Challengers,Cumilla Warriors,LMP Simmons,Junaid Siddique,Soumya Sarkar,1,0,,,,,,,,,
1208093,2019/20,2019-12-31,"Shere Bangla National Stadium, Mirpur",1,7.2,Chattogram Challengers,Cumilla Warriors,Junaid Siddique,LMP Simmons,Soumya Sarkar,1,0,,,,,,,,,
1208093,2019/20,2019-12-31,"Shere Bangla National Stadium, Mirpur",1,7.3,Chattogram Challengers,Cumilla Warriors,LMP Simmons,Junaid Siddique,Soumya Sarkar,1,0,,,,,,,,,
1208093,2019/20,2019-12-31,"Shere Bangla National Stadium, Mirpur",1,7.4,Chattogram Challengers,Cumilla Warriors,Junaid Siddique,LMP Simmons,Soumya Sarkar,1,0,,,,,,,,,
1208093,2019/20,2019-12-31,"Shere Bangla National Stadium, Mirpur",1,7.5,Chattogram Challengers,Cumilla Warriors,LMP Simmons,Junaid Siddique,Soumya Sarkar,1,0,,,,,,,,,
1208093,2019/20,2019-12-31,"Shere Bangla National Stadium, Mirpur",1,7.6,Chattogram Challengers,Cumilla Warriors,Junaid Siddique,LMP Simmons,Soumya Sarkar,1,0,,,,,,,,,
1208093,2019/20,2019-12-31,"Shere Bangla National Stadium, Mirpur",1,8.1,Chattogram Challengers,Cumilla Warriors,Junaid Siddique,LMP Simmons,Sunzamul Islam,2,0,,,,,,,,,
1208093,2019/20,2019-12-31,"Shere Bangla National Stadium, Mirpur",1,8.2,Chattogram Challengers,Cumilla Warriors,Junaid Siddique,LMP Simmons,Sunzamul Islam,1,0,,,,,,,,,
1208093,2019/20,2019-12-31,"Shere Bangla National Stadium, Mirpur",1,8.3,Chattogram Challengers,Cumilla Warriors,LMP Simmons,Junaid Siddique,Sunzamul Islam,6,0,,,,,,,,,
1208093,2019/20,2019-12-31,"Shere Bangla National Stadium, Mirpur",1,8.4,Chattogram Challengers,Cumilla Warriors,LMP Simmons,Junaid Siddique,Sunzamul Islam,4,0,,,,,,,,,
1208093,2019/20,2019-12-31,"Shere Bangla National Stadium, Mirpur",1,8.5,Chattogram Challengers,Cumilla Warriors,LMP Simmons,Junaid Siddique,Sunzamul Islam,1,0,,,,,,,,,
1208093,2019/20,2019-12-31,"Shere Bangla National Stadium, Mirpur",1,8.6,Chattogram Challengers,Cumilla Warriors,Junaid Siddique,LMP Simmons,Sunzamul Islam,0,0,,,,,,,,,
1208093,2019/20,2019-12-31,"Shere Bangla National Stadium, Mirpur",1,9.1,Chattogram Challengers,Cumilla Warriors,LMP Simmons,Junaid Siddique,Soumya Sarkar,0,1,1,,,,,,,,
1208093,2019/20,2019-12-31,"Shere Bangla National Stadium, Mirpur",1,9.2,Chattogram Challengers,Cumilla Warriors,LMP Simmons,Junaid Siddique,Soumya Sarkar,2,0,,,,,,,,,
1208093,2019/20,2019-12-31,"Shere Bangla National Stadium, Mirpur",1,9.3,Chattogram Challengers,Cumilla Warriors,LMP Simmons,Junaid Siddique,Soumya Sarkar,2,0,,,,,,,,,
1208093,2019/20,2019-12-31,"Shere Bangla National Stadium, Mirpur",1,9.4,Chattogram Challengers,Cumilla Warriors,LMP Simmons,Junaid Siddique,Soumya Sarkar,1,0,,,,,,,,,
1208093,2019/20,2019-12-31,"Shere Bangla National Stadium, Mirpur",1,9.5,Chattogram Challengers,Cumilla Warriors,Junaid Siddique,LMP Simmons,Soumya Sarkar,1,0,,,,,,,,,
1208093,2019/20,2019-12-31,"Shere Bangla National Stadium, Mirpur",1,9.6,Chattogram Challengers,Cumilla Warriors,LMP Simmons,Junaid Siddique,Soumya Sarkar,2,0,,,,,,,,,
1208093,2019/20,2019-12-31,"Shere Bangla National Stadium, Mirpur",1,9.7,Chattogram Challengers,Cumilla Warriors,LMP Simmons,Junaid Siddique,Soumya Sarkar,1,0,,,,,,,,,
1208093,2019/20,2019-12-31,"Shere Bangla National Stadium, Mirpur",1,10.1,Chattogram Challengers,Cumilla Warriors,LMP Simmons,Junaid Siddique,Abu Hider,1,0,,,,,,,,,
1208093,2019/20,2019-12-31,"Shere Bangla National Stadium, Mirpur",1,10.2,Chattogram Challengers,Cumilla Warriors,Junaid Siddique,LMP Simmons,Abu Hider,4,0,,,,,,,,,
1208093,2019/20,2019-12-31,"Shere Bangla National Stadium, Mirpur",1,10.3,Chattogram Challengers,Cumilla Warriors,Junaid Siddique,LMP Simmons,Abu Hider,1,0,,,,,,,,,
1208093,2019/20,2019-12-31,"Shere Bangla National Stadium, Mirpur",1,10.4,Chattogram Challengers,Cumilla Warriors,LMP Simmons,Junaid Siddique,Abu Hider,1,0,,,,,,,,,
1208093,2019/20,2019-12-31,"Shere Bangla National Stadium, Mirpur",1,10.5,Chattogram Challengers,Cumilla Warriors,Junaid Siddique,LMP Simmons,Abu Hider,0,0,,,,,,,,,
1208093,2019/20,2019-12-31,"Shere Bangla National Stadium, Mirpur",1,10.6,Chattogram Challengers,Cumilla Warriors,Junaid Siddique,LMP Simmons,Abu Hider,1,0,,,,,,,,,
1208093,2019/20,2019-12-31,"Shere Bangla National Stadium, Mirpur",1,11.1,Chattogram Challengers,Cumilla Warriors,Junaid Siddique,LMP Simmons,Soumya Sarkar,1,0,,,,,,,,,
1208093,2019/20,2019-12-31,"Shere Bangla National Stadium, Mirpur",1,11.2,Chattogram Challengers,Cumilla Warriors,LMP Simmons,Junaid Siddique,Soumya Sarkar,0,0,,,,,,,,,
1208093,2019/20,2019-12-31,"Shere Bangla National Stadium, Mirpur",1,11.3,Chattogram Challengers,Cumilla Warriors,LMP Simmons,Junaid Siddique,Soumya Sarkar,0,0,,,,,,caught,LMP Simmons,,
1208093,2019/20,2019-12-31,"Shere Bangla National Stadium, Mirpur",1,11.4,Chattogram Challengers,Cumilla Warriors,Junaid Siddique,CAK Walton,Soumya Sarkar,0,1,,,,1,,,,,
1208093,2019/20,2019-12-31,"Shere Bangla National Stadium, Mirpur",1,11.5,Chattogram Challengers,Cumilla Warriors,CAK Walton,Junaid Siddique,Soumya Sarkar,0,0,,,,,,,,,
1208093,2019/20,2019-12-31,"Shere Bangla National Stadium, Mirpur",1,11.6,Chattogram Challengers,Cumilla Warriors,CAK Walton,Junaid Siddique,Soumya Sarkar,0,0,,,,,,,,,
1208093,2019/20,2019-12-31,"Shere Bangla National Stadium, Mirpur",1,12.1,Chattogram Challengers,Cumilla Warriors,Junaid Siddique,CAK Walton,Sunzamul Islam,0,0,,,,,,run out,Junaid Siddique,,
1208093,2019/20,2019-12-31,"Shere Bangla National Stadium, Mirpur",1,12.2,Chattogram Challengers,Cumilla Warriors,RP Burl,CAK Walton,Sunzamul Islam,0,0,,,,,,,,,
1208093,2019/20,2019-12-31,"Shere Bangla National Stadium, Mirpur",1,12.3,Chattogram Challengers,Cumilla Warriors,RP Burl,CAK Walton,Sunzamul Islam,0,0,,,,,,,,,
1208093,2019/20,2019-12-31,"Shere Bangla National Stadium, Mirpur",1,12.4,Chattogram Challengers,Cumilla Warriors,RP Burl,CAK Walton,Sunzamul Islam,1,0,,,,,,,,,
1208093,2019/20,2019-12-31,"Shere Bangla National Stadium, Mirpur",1,12.5,Chattogram Challengers,Cumilla Warriors,CAK Walton,RP Burl,Sunzamul Islam,0,0,,,,,,,,,
1208093,2019/20,2019-12-31,"Shere Bangla National Stadium, Mirpur",1,12.6,Chattogram Challengers,Cumilla Warriors,CAK Walton,RP Burl,Sunzamul Islam,0,0,,,,,,,,,
1208093,2019/20,2019-12-31,"Shere Bangla National Stadium, Mirpur",1,13.1,Chattogram Challengers,Cumilla Warriors,RP Burl,CAK Walton,Soumya Sarkar,0,0,,,,,,,,,
1208093,2019/20,2019-12-31,"Shere Bangla National Stadium, Mirpur",1,13.2,Chattogram Challengers,Cumilla Warriors,RP Burl,CAK Walton,Soumya Sarkar,0,0,,,,,,,,,
1208093,2019/20,2019-12-31,"Shere Bangla National Stadium, Mirpur",1,13.3,Chattogram Challengers,Cumilla Warriors,RP Burl,CAK Walton,Soumya Sarkar,1,0,,,,,,,,,
1208093,2019/20,2019-12-31,"Shere Bangla National Stadium, Mirpur",1,13.4,Chattogram Challengers,Cumilla Warriors,CAK Walton,RP Burl,Soumya Sarkar,1,0,,,,,,,,,
1208093,2019/20,2019-12-31,"Shere Bangla National Stadium, Mirpur",1,13.5,Chattogram Challengers,Cumilla Warriors,RP Burl,CAK Walton,Soumya Sarkar,0,0,,,,,,caught,RP Burl,,
1208093,2019/20,2019-12-31,"Shere Bangla National Stadium, Mirpur",1,13.6,Chattogram Challengers,Cumilla Warriors,CAK Walton,Nurul Hasan,Soumya Sarkar,1,0,,,,,,,,,
1208093,2019/20,2019-12-31,"Shere Bangla National Stadium, Mirpur",1,14.1,Chattogram Challengers,Cumilla Warriors,CAK Walton,Nurul Hasan,Sunzamul Islam,1,0,,,,,,,,,
1208093,2019/20,2019-12-31,"Shere Bangla National Stadium, Mirpur",1,14.2,Chattogram Challengers,Cumilla Warriors,Nurul Hasan,CAK Walton,Sunzamul Islam,0,0,,,,,,,,,
1208093,2019/20,2019-12-31,"Shere Bangla National Stadium, Mirpur",1,14.3,Chattogram Challengers,Cumilla Warriors,Nurul Hasan,CAK Walton,Sunzamul Islam,1,0,,,,,,,,,
1208093,2019/20,2019-12-31,"Shere Bangla National Stadium, Mirpur",1,14.4,Chattogram Challengers,Cumilla Warriors,CAK Walton,Nurul Hasan,Sunzamul Islam,0,0,,,,,,,,,
1208093,2019/20,2019-12-31,"Shere Bangla National Stadium, Mirpur",1,14.5,Chattogram Challengers,Cumilla Warriors,CAK Walton,Nurul Hasan,Sunzamul Islam,6,0,,,,,,,,,
1208093,2019/20,2019-12-31,"Shere Bangla National Stadium, Mirpur",1,14.6,Chattogram Challengers,Cumilla Warriors,CAK Walton,Nurul Hasan,Sunzamul Islam,0,0,,,,,,caught,CAK Walton,,
1208093,2019/20,2019-12-31,"Shere Bangla National Stadium, Mirpur",1,15.1,Chattogram Challengers,Cumilla Warriors,Nurul Hasan,Ziaur Rahman,Mujeeb Ur Rahman,0,0,,,,,,,,,
1208093,2019/20,2019-12-31,"Shere Bangla National Stadium, Mirpur",1,15.2,Chattogram Challengers,Cumilla Warriors,Nurul Hasan,Ziaur Rahman,Mujeeb Ur Rahman,1,0,,,,,,,,,
1208093,2019/20,2019-12-31,"Shere Bangla National Stadium, Mirpur",1,15.3,Chattogram Challengers,Cumilla Warriors,Ziaur Rahman,Nurul Hasan,Mujeeb Ur Rahman,0,0,,,,,,,,,
1208093,2019/20,2019-12-31,"Shere Bangla National Stadium, Mirpur",1,15.4,Chattogram Challengers,Cumilla Warriors,Ziaur Rahman,Nurul Hasan,Mujeeb Ur Rahman,0,0,,,,,,,,,
1208093,2019/20,2019-12-31,"Shere Bangla National Stadium, Mirpur",1,15.5,Chattogram Challengers,Cumilla Warriors,Ziaur Rahman,Nurul Hasan,Mujeeb Ur Rahman,0,0,,,,,,,,,
1208093,2019/20,2019-12-31,"Shere Bangla National Stadium, Mirpur",1,15.6,Chattogram Challengers,Cumilla Warriors,Ziaur Rahman,Nurul Hasan,Mujeeb Ur Rahman,1,0,,,,,,,,,
1208093,2019/20,2019-12-31,"Shere Bangla National Stadium, Mirpur",1,16.1,Chattogram Challengers,Cumilla Warriors,Ziaur Rahman,Nurul Hasan,Al-Amin Hossain,0,0,,,,,,,,,
1208093,2019/20,2019-12-31,"Shere Bangla National Stadium, Mirpur",1,16.2,Chattogram Challengers,Cumilla Warriors,Ziaur Rahman,Nurul Hasan,Al-Amin Hossain,6,0,,,,,,,,,
1208093,2019/20,2019-12-31,"Shere Bangla National Stadium, Mirpur",1,16.3,Chattogram Challengers,Cumilla Warriors,Ziaur Rahman,Nurul Hasan,Al-Amin Hossain,1,0,,,,,,,,,
1208093,2019/20,2019-12-31,"Shere Bangla National Stadium, Mirpur",1,16.4,Chattogram Challengers,Cumilla Warriors,Nurul Hasan,Ziaur Rahman,Al-Amin Hossain,1,0,,,,,,,,,
1208093,2019/20,2019-12-31,"Shere Bangla National Stadium, Mirpur",1,16.5,Chattogram Challengers,Cumilla Warriors,Ziaur Rahman,Nurul Hasan,Al-Amin Hossain,0,0,,,,,,,,,
1208093,2019/20,2019-12-31,"Shere Bangla National Stadium, Mirpur",1,16.6,Chattogram Challengers,Cumilla Warriors,Ziaur Rahman,Nurul Hasan,Al-Amin Hossain,6,0,,,,,,,,,
1208093,2019/20,2019-12-31,"Shere Bangla National Stadium, Mirpur",1,17.1,Chattogram Challengers,Cumilla Warriors,Nurul Hasan,Ziaur Rahman,Mujeeb Ur Rahman,1,0,,,,,,,,,
1208093,2019/20,2019-12-31,"Shere Bangla National Stadium, Mirpur",1,17.2,Chattogram Challengers,Cumilla Warriors,Ziaur Rahman,Nurul Hasan,Mujeeb Ur Rahman,2,0,,,,,,,,,
1208093,2019/20,2019-12-31,"Shere Bangla National Stadium, Mirpur",1,17.3,Chattogram Challengers,Cumilla Warriors,Ziaur Rahman,Nurul Hasan,Mujeeb Ur Rahman,0,0,,,,,,,,,
1208093,2019/20,2019-12-31,"Shere Bangla National Stadium, Mirpur",1,17.4,Chattogram Challengers,Cumilla Warriors,Ziaur Rahman,Nurul Hasan,Mujeeb Ur Rahman,0,0,,,,,,,,,
1208093,2019/20,2019-12-31,"Shere Bangla National Stadium, Mirpur",1,17.5,Chattogram Challengers,Cumilla Warriors,Ziaur Rahman,Nurul Hasan,Mujeeb Ur Rahman,2,0,,,,,,,,,
1208093,2019/20,2019-12-31,"Shere Bangla National Stadium, Mirpur",1,17.6,Chattogram Challengers,Cumilla Warriors,Ziaur Rahman,Nurul Hasan,Mujeeb Ur Rahman,1,0,,,,,,,,,
1208093,2019/20,2019-12-31,"Shere Bangla National Stadium, Mirpur",1,18.1,Chattogram Challengers,Cumilla Warriors,Ziaur Rahman,Nurul Hasan,D Wiese,1,0,,,,,,,,,
1208093,2019/20,2019-12-31,"Shere Bangla National Stadium, Mirpur",1,18.2,Chattogram Challengers,Cumilla Warriors,Nurul Hasan,Ziaur Rahman,D Wiese,0,0,,,,,,bowled,Nurul Hasan,,
1208093,2019/20,2019-12-31,"Shere Bangla National Stadium, Mirpur",1,18.3,Chattogram Challengers,Cumilla Warriors,LE Plunkett,Ziaur Rahman,D Wiese,2,0,,,,,,,,,
1208093,2019/20,2019-12-31,"Shere Bangla National Stadium, Mirpur",1,18.4,Chattogram Challengers,Cumilla Warriors,LE Plunkett,Ziaur Rahman,D Wiese,0,1,,,,1,,,,,
1208093,2019/20,2019-12-31,"Shere Bangla National Stadium, Mirpur",1,18.5,Chattogram Challengers,Cumilla Warriors,Ziaur Rahman,LE Plunkett,D Wiese,6,0,,,,,,,,,
1208093,2019/20,2019-12-31,"Shere Bangla National Stadium, Mirpur",1,18.6,Chattogram Challengers,Cumilla Warriors,Ziaur Rahman,LE Plunkett,D Wiese,2,0,,,,,,,,,
1208093,2019/20,2019-12-31,"Shere Bangla National Stadium, Mirpur",1,19.1,Chattogram Challengers,Cumilla Warriors,LE Plunkett,Ziaur Rahman,Al-Amin Hossain,2,0,,,,,,,,,
1208093,2019/20,2019-12-31,"Shere Bangla National Stadium, Mirpur",1,19.2,Chattogram Challengers,Cumilla Warriors,LE Plunkett,Ziaur Rahman,Al-Amin Hossain,0,0,,,,,,caught,LE Plunkett,,
1208093,2019/20,2019-12-31,"Shere Bangla National Stadium, Mirpur",1,19.3,Chattogram Challengers,Cumilla Warriors,Ziaur Rahman,Pinak Ghosh,Al-Amin Hossain,0,0,,,,,,,,,
1208093,2019/20,2019-12-31,"Shere Bangla National Stadium, Mirpur",1,19.4,Chattogram Challengers,Cumilla Warriors,Ziaur Rahman,Pinak Ghosh,Al-Amin Hossain,6,0,,,,,,,,,
1208093,2019/20,2019-12-31,"Shere Bangla National Stadium, Mirpur",1,19.5,Chattogram Challengers,Cumilla Warriors,Ziaur Rahman,Pinak Ghosh,Al-Amin Hossain,0,0,,,,,,,,,
1208093,2019/20,2019-12-31,"Shere Bangla National Stadium, Mirpur",1,19.6,Chattogram Challengers,Cumilla Warriors,Ziaur Rahman,Pinak Ghosh,Al-Amin Hossain,0,1,,,,1,,,,,
1208093,2019/20,2019-12-31,"Shere Bangla National Stadium, Mirpur",2,0.1,Cumilla Warriors,Chattogram Challengers,Robiul Islam Robi,S van Zyl,Rubel Hossain,0,0,,,,,,,,,
1208093,2019/20,2019-12-31,"Shere Bangla National Stadium, Mirpur",2,0.2,Cumilla Warriors,Chattogram Challengers,Robiul Islam Robi,S van Zyl,Rubel Hossain,0,0,,,,,,,,,
1208093,2019/20,2019-12-31,"Shere Bangla National Stadium, Mirpur",2,0.3,Cumilla Warriors,Chattogram Challengers,Robiul Islam Robi,S van Zyl,Rubel Hossain,1,0,,,,,,,,,
1208093,2019/20,2019-12-31,"Shere Bangla National Stadium, Mirpur",2,0.4,Cumilla Warriors,Chattogram Challengers,S van Zyl,Robiul Islam Robi,Rubel Hossain,1,0,,,,,,,,,
1208093,2019/20,2019-12-31,"Shere Bangla National Stadium, Mirpur",2,0.5,Cumilla Warriors,Chattogram Challengers,Robiul Islam Robi,S van Zyl,Rubel Hossain,1,0,,,,,,,,,
1208093,2019/20,2019-12-31,"Shere Bangla National Stadium, Mirpur",2,0.6,Cumilla Warriors,Chattogram Challengers,S van Zyl,Robiul Islam Robi,Rubel Hossain,1,0,,,,,,,,,
1208093,2019/20,2019-12-31,"Shere Bangla National Stadium, Mirpur",2,1.1,Cumilla Warriors,Chattogram Challengers,S van Zyl,Robiul Islam Robi,Mehedi Hasan Rana,4,0,,,,,,,,,
1208093,2019/20,2019-12-31,"Shere Bangla National Stadium, Mirpur",2,1.2,Cumilla Warriors,Chattogram Challengers,S van Zyl,Robiul Islam Robi,Mehedi Hasan Rana,4,0,,,,,,,,,
1208093,2019/20,2019-12-31,"Shere Bangla National Stadium, Mirpur",2,1.3,Cumilla Warriors,Chattogram Challengers,S van Zyl,Robiul Islam Robi,Mehedi Hasan Rana,0,0,,,,,,,,,
1208093,2019/20,2019-12-31,"Shere Bangla National Stadium, Mirpur",2,1.4,Cumilla Warriors,Chattogram Challengers,S van Zyl,Robiul Islam Robi,Mehedi Hasan Rana,4,0,,,,,,,,,
1208093,2019/20,2019-12-31,"Shere Bangla National Stadium, Mirpur",2,1.5,Cumilla Warriors,Chattogram Challengers,S van Zyl,Robiul Islam Robi,Mehedi Hasan Rana,0,0,,,,,,,,,
1208093,2019/20,2019-12-31,"Shere Bangla National Stadium, Mirpur",2,1.6,Cumilla Warriors,Chattogram Challengers,S van Zyl,Robiul Islam Robi,Mehedi Hasan Rana,4,0,,,,,,,,,
1208093,2019/20,2019-12-31,"Shere Bangla National Stadium, Mirpur",2,2.1,Cumilla Warriors,Chattogram Challengers,Robiul Islam Robi,S van Zyl,Nasum Ahmed,0,0,,,,,,,,,
1208093,2019/20,2019-12-31,"Shere Bangla National Stadium, Mirpur",2,2.2,Cumilla Warriors,Chattogram Challengers,Robiul Islam Robi,S van Zyl,Nasum Ahmed,0,0,,,,,,,,,
1208093,2019/20,2019-12-31,"Shere Bangla National Stadium, Mirpur",2,2.3,Cumilla Warriors,Chattogram Challengers,Robiul Islam Robi,S van Zyl,Nasum Ahmed,4,0,,,,,,,,,
1208093,2019/20,2019-12-31,"Shere Bangla National Stadium, Mirpur",2,2.4,Cumilla Warriors,Chattogram Challengers,Robiul Islam Robi,S van Zyl,Nasum Ahmed,1,0,,,,,,,,,
1208093,2019/20,2019-12-31,"Shere Bangla National Stadium, Mirpur",2,2.5,Cumilla Warriors,Chattogram Challengers,S van Zyl,Robiul Islam Robi,Nasum Ahmed,2,0,,,,,,,,,
1208093,2019/20,2019-12-31,"Shere Bangla National Stadium, Mirpur",2,2.6,Cumilla Warriors,Chattogram Challengers,S van Zyl,Robiul Islam Robi,Nasum Ahmed,1,0,,,,,,,,,
1208093,2019/20,2019-12-31,"Shere Bangla National Stadium, Mirpur",2,3.1,Cumilla Warriors,Chattogram Challengers,S van Zyl,Robiul Islam Robi,LE Plunkett,1,0,,,,,,,,,
1208093,2019/20,2019-12-31,"Shere Bangla National Stadium, Mirpur",2,3.2,Cumilla Warriors,Chattogram Challengers,Robiul Islam Robi,S van Zyl,LE Plunkett,1,0,,,,,,,,,
1208093,2019/20,2019-12-31,"Shere Bangla National Stadium, Mirpur",2,3.3,Cumilla Warriors,Chattogram Challengers,S van Zyl,Robiul Islam Robi,LE Plunkett,0,0,,,,,,caught,S van Zyl,,
1208093,2019/20,2019-12-31,"Shere Bangla National Stadium, Mirpur",2,3.4,Cumilla Warriors,Chattogram Challengers,DJ Malan,Robiul Islam Robi,LE Plunkett,0,0,,,,,,,,,
1208093,2019/20,2019-12-31,"Shere Bangla National Stadium, Mirpur",2,3.5,Cumilla Warriors,Chattogram Challengers,DJ Malan,Robiul Islam Robi,LE Plunkett,0,0,,,,,,,,,
1208093,2019/20,2019-12-31,"Shere Bangla National Stadium, Mirpur",2,3.6,Cumilla Warriors,Chattogram Challengers,DJ Malan,Robiul Islam Robi,LE Plunkett,1,0,,,,,,,,,
1208093,2019/20,2019-12-31,"Shere Bangla National Stadium, Mirpur",2,4.1,Cumilla Warriors,Chattogram Challengers,DJ Malan,Robiul Islam Robi,Nasum Ahmed,4,0,,,,,,,,,
1208093,2019/20,2019-12-31,"Shere Bangla National Stadium, Mirpur",2,4.2,Cumilla Warriors,Chattogram Challengers,DJ Malan,Robiul Islam Robi,Nasum Ahmed,2,0,,,,,,,,,
1208093,2019/20,2019-12-31,"Shere Bangla National Stadium, Mirpur",2,4.3,Cumilla Warriors,Chattogram Challengers,DJ Malan,Robiul Islam Robi,Nasum Ahmed,1,0,,,,,,,,,
1208093,2019/20,2019-12-31,"Shere Bangla National Stadium, Mirpur",2,4.4,Cumilla Warriors,Chattogram Challengers,Robiul Islam Robi,DJ Malan,Nasum Ahmed,0,0,,,,,,,,,
1208093,2019/20,2019-12-31,"Shere Bangla National Stadium, Mirpur",2,4.5,Cumilla Warriors,Chattogram Challengers,Robiul Islam Robi,DJ Malan,Nasum Ahmed,1,0,,,,,,,,,
1208093,2019/20,2019-12-31,"Shere Bangla National Stadium, Mirpur",2,4.6,Cumilla Warriors,Chattogram Challengers,DJ Malan,Robiul Islam Robi,Nasum Ahmed,2,0,,,,,,,,,
1208093,2019/20,2019-12-31,"Shere Bangla National Stadium, Mirpur",2,5.1,Cumilla Warriors,Chattogram Challengers,Robiul Islam Robi,DJ Malan,LE Plunkett,4,0,,,,,,,,,
1208093,2019/20,2019-12-31,"Shere Bangla National Stadium, Mirpur",2,5.2,Cumilla Warriors,Chattogram Challengers,Robiul Islam Robi,DJ Malan,LE Plunkett,1,0,,,,,,,,,
1208093,2019/20,2019-12-31,"Shere Bangla National Stadium, Mirpur",2,5.3,Cumilla Warriors,Chattogram Challengers,DJ Malan,Robiul Islam Robi,LE Plunkett,0,0,,,,,,,,,
1208093,2019/20,2019-12-31,"Shere Bangla National Stadium, Mirpur",2,5.4,Cumilla Warriors,Chattogram Challengers,DJ Malan,Robiul Islam Robi,LE Plunkett,4,0,,,,,,,,,
1208093,2019/20,2019-12-31,"Shere Bangla National Stadium, Mirpur",2,5.5,Cumilla Warriors,Chattogram Challengers,DJ Malan,Robiul Islam Robi,LE Plunkett,0,0,,,,,,,,,
1208093,2019/20,2019-12-31,"Shere Bangla National Stadium, Mirpur",2,5.6,Cumilla Warriors,Chattogram Challengers,DJ Malan,Robiul Islam Robi,LE Plunkett,1,0,,,,,,,,,
1208093,2019/20,2019-12-31,"Shere Bangla National Stadium, Mirpur",2,6.1,Cumilla Warriors,Chattogram Challengers,DJ Malan,Robiul Islam Robi,Rubel Hossain,0,0,,,,,,,,,
1208093,2019/20,2019-12-31,"Shere Bangla National Stadium, Mirpur",2,6.2,Cumilla Warriors,Chattogram Challengers,DJ Malan,Robiul Islam Robi,Rubel Hossain,1,0,,,,,,,,,
1208093,2019/20,2019-12-31,"Shere Bangla National Stadium, Mirpur",2,6.3,Cumilla Warriors,Chattogram Challengers,Robiul Islam Robi,DJ Malan,Rubel Hossain,0,0,,,,,,,,,
1208093,2019/20,2019-12-31,"Shere Bangla National Stadium, Mirpur",2,6.4,Cumilla Warriors,Chattogram Challengers,Robiul Islam Robi,DJ Malan,Rubel Hossain,1,0,,,,,,,,,
1208093,2019/20,2019-12-31,"Shere Bangla National Stadium, Mirpur",2,6.5,Cumilla Warriors,Chattogram Challengers,DJ Malan,Robiul Islam Robi,Rubel Hossain,0,0,,,,,,,,,
1208093,2019/20,2019-12-31,"Shere Bangla National Stadium, Mirpur",2,6.6,Cumilla Warriors,Chattogram Challengers,DJ Malan,Robiul Islam Robi,Rubel Hossain,1,0,,,,,,,,,
1208093,2019/20,2019-12-31,"Shere Bangla National Stadium, Mirpur",2,7.1,Cumilla Warriors,Chattogram Challengers,DJ Malan,Robiul Islam Robi,Ziaur Rahman,1,0,,,,,,,,,
1208093,2019/20,2019-12-31,"Shere Bangla National Stadium, Mirpur",2,7.2,Cumilla Warriors,Chattogram Challengers,Robiul Islam Robi,DJ Malan,Ziaur Rahman,0,0,,,,,,,,,
1208093,2019/20,2019-12-31,"Shere Bangla National Stadium, Mirpur",2,7.3,Cumilla Warriors,Chattogram Challengers,Robiul Islam Robi,DJ Malan,Ziaur Rahman,1,0,,,,,,,,,
1208093,2019/20,2019-12-31,"Shere Bangla National Stadium, Mirpur",2,7.4,Cumilla Warriors,Chattogram Challengers,DJ Malan,Robiul Islam Robi,Ziaur Rahman,1,0,,,,,,,,,
1208093,2019/20,2019-12-31,"Shere Bangla National Stadium, Mirpur",2,7.5,Cumilla Warriors,Chattogram Challengers,Robiul Islam Robi,DJ Malan,Ziaur Rahman,1,0,,,,,,,,,
1208093,2019/20,2019-12-31,"Shere Bangla National Stadium, Mirpur",2,7.6,Cumilla Warriors,Chattogram Challengers,DJ Malan,Robiul Islam Robi,Ziaur Rahman,1,0,,,,,,,,,
1208093,2019/20,2019-12-31,"Shere Bangla National Stadium, Mirpur",2,8.1,Cumilla Warriors,Chattogram Challengers,DJ Malan,Robiul Islam Robi,Mehedi Hasan Rana,0,1,1,,,,,,,,
1208093,2019/20,2019-12-31,"Shere Bangla National Stadium, Mirpur",2,8.2,Cumilla Warriors,Chattogram Challengers,DJ Malan,Robiul Islam Robi,Mehedi Hasan Rana,1,0,,,,,,,,,
1208093,2019/20,2019-12-31,"Shere Bangla National Stadium, Mirpur",2,8.3,Cumilla Warriors,Chattogram Challengers,Robiul Islam Robi,DJ Malan,Mehedi Hasan Rana,0,0,,,,,,bowled,Robiul Islam Robi,,
1208093,2019/20,2019-12-31,"Shere Bangla National Stadium, Mirpur",2,8.4,Cumilla Warriors,Chattogram Challengers,Soumya Sarkar,DJ Malan,Mehedi Hasan Rana,4,0,,,,,,,,,
1208093,2019/20,2019-12-31,"Shere Bangla National Stadium, Mirpur",2,8.5,Cumilla Warriors,Chattogram Challengers,Soumya Sarkar,DJ Malan,Mehedi Hasan Rana,1,0,,,,,,,,,
1208093,2019/20,2019-12-31,"Shere Bangla National Stadium, Mirpur",2,8.6,Cumilla Warriors,Chattogram Challengers,DJ Malan,Soumya Sarkar,Mehedi Hasan Rana,0,0,,,,,,,,,
1208093,2019/20,2019-12-31,"Shere Bangla National Stadium, Mirpur",2,8.7,Cumilla Warriors,Chattogram Challengers,DJ Malan,Soumya Sarkar,Mehedi Hasan Rana,1,0,,,,,,,,,
1208093,2019/20,2019-12-31,"Shere Bangla National Stadium, Mirpur",2,9.1,Cumilla Warriors,Chattogram Challengers,DJ Malan,Soumya Sarkar,Ziaur Rahman,1,0,,,,,,,,,
1208093,2019/20,2019-12-31,"Shere Bangla National Stadium, Mirpur",2,9.2,Cumilla Warriors,Chattogram Challengers,Soumya Sarkar,DJ Malan,Ziaur Rahman,1,0,,,,,,,,,
1208093,2019/20,2019-12-31,"Shere Bangla National Stadium, Mirpur",2,9.3,Cumilla Warriors,Chattogram Challengers,DJ Malan,Soumya Sarkar,Ziaur Rahman,0,0,,,,,,,,,
1208093,2019/20,2019-12-31,"Shere Bangla National Stadium, Mirpur",2,9.4,Cumilla Warriors,Chattogram Challengers,DJ Malan,Soumya Sarkar,Ziaur Rahman,1,0,,,,,,,,,
1208093,2019/20,2019-12-31,"Shere Bangla National Stadium, Mirpur",2,9.5,Cumilla Warriors,Chattogram Challengers,Soumya Sarkar,DJ Malan,Ziaur Rahman,0,0,,,,,,,,,
1208093,2019/20,2019-12-31,"Shere Bangla National Stadium, Mirpur",2,9.6,Cumilla Warriors,Chattogram Challengers,Soumya Sarkar,DJ Malan,Ziaur Rahman,0,0,,,,,,caught,Soumya Sarkar,,
1208093,2019/20,2019-12-31,"Shere Bangla National Stadium, Mirpur",2,10.1,Cumilla Warriors,Chattogram Challengers,DJ Malan,Sabbir Rahman,RP Burl,0,0,,,,,,,,,
1208093,2019/20,2019-12-31,"Shere Bangla National Stadium, Mirpur",2,10.2,Cumilla Warriors,Chattogram Challengers,DJ Malan,Sabbir Rahman,RP Burl,0,1,,,,1,,,,,
1208093,2019/20,2019-12-31,"Shere Bangla National Stadium, Mirpur",2,10.3,Cumilla Warriors,Chattogram Challengers,Sabbir Rahman,DJ Malan,RP Burl,4,0,,,,,,,,,
1208093,2019/20,2019-12-31,"Shere Bangla National Stadium, Mirpur",2,10.4,Cumilla Warriors,Chattogram Challengers,Sabbir Rahman,DJ Malan,RP Burl,1,0,,,,,,,,,
1208093,2019/20,2019-12-31,"Shere Bangla National Stadium, Mirpur",2,10.5,Cumilla Warriors,Chattogram Challengers,DJ Malan,Sabbir Rahman,RP Burl,1,0,,,,,,,,,
1208093,2019/20,2019-12-31,"Shere Bangla National Stadium, Mirpur",2,10.6,Cumilla Warriors,Chattogram Challengers,Sabbir Rahman,DJ Malan,RP Burl,0,0,,,,,,,,,
1208093,2019/20,2019-12-31,"Shere Bangla National Stadium, Mirpur",2,11.1,Cumilla Warriors,Chattogram Challengers,DJ Malan,Sabbir Rahman,Ziaur Rahman,1,0,,,,,,,,,
1208093,2019/20,2019-12-31,"Shere Bangla National Stadium, Mirpur",2,11.2,Cumilla Warriors,Chattogram Challengers,Sabbir Rahman,DJ Malan,Ziaur Rahman,4,0,,,,,,,,,
1208093,2019/20,2019-12-31,"Shere Bangla National Stadium, Mirpur",2,11.3,Cumilla Warriors,Chattogram Challengers,Sabbir Rahman,DJ Malan,Ziaur Rahman,1,0,,,,,,,,,
1208093,2019/20,2019-12-31,"Shere Bangla National Stadium, Mirpur",2,11.4,Cumilla Warriors,Chattogram Challengers,DJ Malan,Sabbir Rahman,Ziaur Rahman,1,0,,,,,,,,,
1208093,2019/20,2019-12-31,"Shere Bangla National Stadium, Mirpur",2,11.5,Cumilla Warriors,Chattogram Challengers,Sabbir Rahman,DJ Malan,Ziaur Rahman,1,0,,,,,,,,,
1208093,2019/20,2019-12-31,"Shere Bangla National Stadium, Mirpur",2,11.6,Cumilla Warriors,Chattogram Challengers,DJ Malan,Sabbir Rahman,Ziaur Rahman,0,0,,,,,,,,,
1208093,2019/20,2019-12-31,"Shere Bangla National Stadium, Mirpur",2,12.1,Cumilla Warriors,Chattogram Challengers,Sabbir Rahman,DJ Malan,RP Burl,0,0,,,,,,,,,
1208093,2019/20,2019-12-31,"Shere Bangla National Stadium, Mirpur",2,12.2,Cumilla Warriors,Chattogram Challengers,Sabbir Rahman,DJ Malan,RP Burl,1,0,,,,,,,,,
1208093,2019/20,2019-12-31,"Shere Bangla National Stadium, Mirpur",2,12.3,Cumilla Warriors,Chattogram Challengers,DJ Malan,Sabbir Rahman,RP Burl,0,1,,,,1,,,,,
1208093,2019/20,2019-12-31,"Shere Bangla National Stadium, Mirpur",2,12.4,Cumilla Warriors,Chattogram Challengers,Sabbir Rahman,DJ Malan,RP Burl,1,0,,,,,,,,,
1208093,2019/20,2019-12-31,"Shere Bangla National Stadium, Mirpur",2,12.5,Cumilla Warriors,Chattogram Challengers,DJ Malan,Sabbir Rahman,RP Burl,0,0,,,,,,,,,
1208093,2019/20,2019-12-31,"Shere Bangla National Stadium, Mirpur",2,12.6,Cumilla Warriors,Chattogram Challengers,DJ Malan,Sabbir Rahman,RP Burl,0,1,,,,1,,,,,
1208093,2019/20,2019-12-31,"Shere Bangla National Stadium, Mirpur",2,13.1,Cumilla Warriors,Chattogram Challengers,DJ Malan,Sabbir Rahman,Ziaur Rahman,1,0,,,,,,,,,
1208093,2019/20,2019-12-31,"Shere Bangla National Stadium, Mirpur",2,13.2,Cumilla Warriors,Chattogram Challengers,Sabbir Rahman,DJ Malan,Ziaur Rahman,1,0,,,,,,,,,
1208093,2019/20,2019-12-31,"Shere Bangla National Stadium, Mirpur",2,13.3,Cumilla Warriors,Chattogram Challengers,DJ Malan,Sabbir Rahman,Ziaur Rahman,4,0,,,,,,,,,
1208093,2019/20,2019-12-31,"Shere Bangla National Stadium, Mirpur",2,13.4,Cumilla Warriors,Chattogram Challengers,DJ Malan,Sabbir Rahman,Ziaur Rahman,2,0,,,,,,,,,
1208093,2019/20,2019-12-31,"Shere Bangla National Stadium, Mirpur",2,13.5,Cumilla Warriors,Chattogram Challengers,DJ Malan,Sabbir Rahman,Ziaur Rahman,6,0,,,,,,,,,
1208093,2019/20,2019-12-31,"Shere Bangla National Stadium, Mirpur",2,13.6,Cumilla Warriors,Chattogram Challengers,DJ Malan,Sabbir Rahman,Ziaur Rahman,6,0,,,,,,,,,
1208093,2019/20,2019-12-31,"Shere Bangla National Stadium, Mirpur",2,14.1,Cumilla Warriors,Chattogram Challengers,Sabbir Rahman,DJ Malan,LE Plunkett,1,0,,,,,,,,,
1208093,2019/20,2019-12-31,"Shere Bangla National Stadium, Mirpur",2,14.2,Cumilla Warriors,Chattogram Challengers,DJ Malan,Sabbir Rahman,LE Plunkett,6,0,,,,,,,,,
1208093,2019/20,2019-12-31,"Shere Bangla National Stadium, Mirpur",2,14.3,Cumilla Warriors,Chattogram Challengers,DJ Malan,Sabbir Rahman,LE Plunkett,1,0,,,,,,,,,
1208093,2019/20,2019-12-31,"Shere Bangla National Stadium, Mirpur",2,14.4,Cumilla Warriors,Chattogram Challengers,Sabbir Rahman,DJ Malan,LE Plunkett,1,0,,,,,,,,,
1208093,2019/20,2019-12-31,"Shere Bangla National Stadium, Mirpur",2,14.5,Cumilla Warriors,Chattogram Challengers,DJ Malan,Sabbir Rahman,LE Plunkett,0,1,1,,,,,,,,
1208093,2019/20,2019-12-31,"Shere Bangla National Stadium, Mirpur",2,14.6,Cumilla Warriors,Chattogram Challengers,DJ Malan,Sabbir Rahman,LE Plunkett,6,0,,,,,,,,,
1208093,2019/20,2019-12-31,"Shere Bangla National Stadium, Mirpur",2,14.7,Cumilla Warriors,Chattogram Challengers,DJ Malan,Sabbir Rahman,LE Plunkett,1,0,,,,,,,,,
1208093,2019/20,2019-12-31,"Shere Bangla National Stadium, Mirpur",2,15.1,Cumilla Warriors,Chattogram Challengers,DJ Malan,Sabbir Rahman,Rubel Hossain,1,0,,,,,,,,,
1208093,2019/20,2019-12-31,"Shere Bangla National Stadium, Mirpur",2,15.2,Cumilla Warriors,Chattogram Challengers,Sabbir Rahman,DJ Malan,Rubel Hossain,1,0,,,,,,,,,
1208093,2019/20,2019-12-31,"Shere Bangla National Stadium, Mirpur",2,15.3,Cumilla Warriors,Chattogram Challengers,DJ Malan,Sabbir Rahman,Rubel Hossain,0,0,,,,,,,,,
1208093,2019/20,2019-12-31,"Shere Bangla National Stadium, Mirpur",2,15.4,Cumilla Warriors,Chattogram Challengers,DJ Malan,Sabbir Rahman,Rubel Hossain,4,0,,,,,,,,,
1208093,2019/20,2019-12-31,"Shere Bangla National Stadium, Mirpur",2,15.5,Cumilla Warriors,Chattogram Challengers,DJ Malan,Sabbir Rahman,Rubel Hossain,1,0,,,,,,,,,
1208093,2019/20,2019-12-31,"Shere Bangla National Stadium, Mirpur",2,15.6,Cumilla Warriors,Chattogram Challengers,Sabbir Rahman,DJ Malan,Rubel Hossain,1,0,,,,,,,,,
1208093,2019/20,2019-12-31,"Shere Bangla National Stadium, Mirpur",2,16.1,Cumilla Warriors,Chattogram Challengers,Sabbir Rahman,DJ Malan,RP Burl,0,0,,,,,,caught,Sabbir Rahman,,
1208093,2019/20,2019-12-31,"Shere Bangla National Stadium, Mirpur",2,16.2,Cumilla Warriors,Chattogram Challengers,D Wiese,DJ Malan,RP Burl,0,0,,,,,,,,,
1208093,2019/20,2019-12-31,"Shere Bangla National Stadium, Mirpur",2,16.3,Cumilla Warriors,Chattogram Challengers,D Wiese,DJ Malan,RP Burl,0,0,,,,,,,,,
1208093,2019/20,2019-12-31,"Shere Bangla National Stadium, Mirpur",2,16.4,Cumilla Warriors,Chattogram Challengers,D Wiese,DJ Malan,RP Burl,0,0,,,,,,,,,
1208093,2019/20,2019-12-31,"Shere Bangla National Stadium, Mirpur",2,16.5,Cumilla Warriors,Chattogram Challengers,D Wiese,DJ Malan,RP Burl,0,0,,,,,,,,,
1208093,2019/20,2019-12-31,"Shere Bangla National Stadium, Mirpur",2,16.6,Cumilla Warriors,Chattogram Challengers,D Wiese,DJ Malan,RP Burl,1,0,,,,,,,,,
1208093,2019/20,2019-12-31,"Shere Bangla National Stadium, Mirpur",2,17.1,Cumilla Warriors,Chattogram Challengers,D Wiese,DJ Malan,Rubel Hossain,0,0,,,,,,,,,
1208093,2019/20,2019-12-31,"Shere Bangla National Stadium, Mirpur",2,17.2,Cumilla Warriors,Chattogram Challengers,D Wiese,DJ Malan,Rubel Hossain,0,0,,,,,,bowled,D Wiese,,
1208093,2019/20,2019-12-31,"Shere Bangla National Stadium, Mirpur",2,17.3,Cumilla Warriors,Chattogram Challengers,Mahidul Islam Ankon,DJ Malan,Rubel Hossain,0,0,,,,,,,,,
1208093,2019/20,2019-12-31,"Shere Bangla National Stadium, Mirpur",2,17.4,Cumilla Warriors,Chattogram Challengers,Mahidul Islam Ankon,DJ Malan,Rubel Hossain,0,0,,,,,,caught,Mahidul Islam Ankon,,
1208093,2019/20,2019-12-31,"Shere Bangla National Stadium, Mirpur",2,17.5,Cumilla Warriors,Chattogram Challengers,Abu Hider,DJ Malan,Rubel Hossain,0,0,,,,,,,,,
1208093,2019/20,2019-12-31,"Shere Bangla National Stadium, Mirpur",2,17.6,Cumilla Warriors,Chattogram Challengers,Abu Hider,DJ Malan,Rubel Hossain,1,0,,,,,,,,,
1208093,2019/20,2019-12-31,"Shere Bangla National Stadium, Mirpur",2,18.1,Cumilla Warriors,Chattogram Challengers,Abu Hider,DJ Malan,Mehedi Hasan Rana,1,0,,,,,,,,,
1208093,2019/20,2019-12-31,"Shere Bangla National Stadium, Mirpur",2,18.2,Cumilla Warriors,Chattogram Challengers,DJ Malan,Abu Hider,Mehedi Hasan Rana,4,0,,,,,,,,,
1208093,2019/20,2019-12-31,"Shere Bangla National Stadium, Mirpur",2,18.3,Cumilla Warriors,Chattogram Challengers,DJ Malan,Abu Hider,Mehedi Hasan Rana,1,0,,,,,,,,,
1208093,2019/20,2019-12-31,"Shere Bangla National Stadium, Mirpur",2,18.4,Cumilla Warriors,Chattogram Challengers,Abu Hider,DJ Malan,Mehedi Hasan Rana,0,1,,,,1,,,,,
1208093,2019/20,2019-12-31,"Shere Bangla National Stadium, Mirpur",2,18.5,Cumilla Warriors,Chattogram Challengers,DJ Malan,Abu Hider,Mehedi Hasan Rana,1,0,,,,,,,,,
1208093,2019/20,2019-12-31,"Shere Bangla National Stadium, Mirpur",2,18.6,Cumilla Warriors,Chattogram Challengers,Abu Hider,DJ Malan,Mehedi Hasan Rana,0,0,,,,,,,,,
1208093,2019/20,2019-12-31,"Shere Bangla National Stadium, Mirpur",2,19.1,Cumilla Warriors,Chattogram Challengers,DJ Malan,Abu Hider,LE Plunkett,1,0,,,,,,,,,
1208093,2019/20,2019-12-31,"Shere Bangla National Stadium, Mirpur",2,19.2,Cumilla Warriors,Chattogram Challengers,Abu Hider,DJ Malan,LE Plunkett,4,0,,,,,,,,,
1208093,2019/20,2019-12-31,"Shere Bangla National Stadium, Mirpur",2,19.3,Cumilla Warriors,Chattogram Challengers,Abu Hider,DJ Malan,LE Plunkett,6,0,,,,,,,,,
1208093,2019/20,2019-12-31,"Shere Bangla National Stadium, Mirpur",2,19.4,Cumilla Warriors,Chattogram Challengers,Abu Hider,DJ Malan,LE Plunkett,0,1,,,1,,,,,,
1208093,2019/20,2019-12-31,"Shere Bangla National Stadium, Mirpur",2,19.5,Cumilla Warriors,Chattogram Challengers,DJ Malan,Abu Hider,LE Plunkett,1,0,,,,,,run out,DJ Malan,retired out,Sunzamul Islam
1208093,2019/20,2019-12-31,"Shere Bangla National Stadium, Mirpur",2,19.6,Cumilla Warriors,Chattogram Challengers,Mujeeb Ur Rahman,Abu Hider,LE Plunkett,4,0,,,,,,,,,
