match_id,season,start_date,venue,innings,ball,batting_team,bowling_team,striker,non_striker,bowler,runs_off_bat,extras,wides,noballs,byes,legbyes,penalty,wicket_type,player_dismissed,other_wicket_type,other_player_dismissed
1208072,2019/20,2019-12-13,"Shere Bangla National Stadium, Mirpur",1,0.1,Dhaka Platoon,Cumilla Warriors,Anamul Haque,Tamim Iqbal,Mujeeb Ur Rahman,0,0,,,,,,lbw,Anamul Haque,,
1208072,2019/20,2019-12-13,"Shere Bangla National Stadium, Mirpur",1,0.2,Dhaka Platoon,Cumilla Warriors,Mahedi Hasan,Tamim Iqbal,Mujeeb Ur Rahman,1,0,,,,,,,,,
1208072,2019/20,2019-12-13,"Shere Bangla National Stadium, Mirpur",1,0.3,Dhaka Platoon,Cumilla Warriors,Tamim Iqbal,Mahedi Hasan,Mujeeb Ur Rahman,1,0,,,,,,,,,
1208072,2019/20,2019-12-13,"Shere Bangla National Stadium, Mirpur",1,0.4,Dhaka Platoon,Cumilla Warriors,Mahedi Hasan,Tamim Iqbal,Mujeeb Ur Rahman,0,0,,,,,,,,,
1208072,2019/20,2019-12-13,"Shere Bangla National Stadium, Mirpur",1,0.5,Dhaka Platoon,Cumilla Warriors,Mahedi Hasan,Tamim Iqbal,Mujeeb Ur Rahman,0,0,,,,,,,,,
1208072,2019/20,2019-12-13,"Shere Bangla National Stadium, Mirpur",1,0.6,Dhaka Platoon,Cumilla Warriors,Mahedi Hasan,Tamim Iqbal,Mujeeb Ur Rahman,0,0,,,,,,,,,
1208072,2019/20,2019-12-13,"Shere Bangla National Stadium, Mirpur",1,1.1,Dhaka Platoon,Cumilla Warriors,Tamim Iqbal,Mahedi Hasan,Al-Amin Hossain,0,0,,,,,,,,,
1208072,2019/20,2019-12-13,"Shere Bangla National Stadium, Mirpur",1,1.2,Dhaka Platoon,Cumilla Warriors,Tamim Iqbal,Mahedi Hasan,Al-Amin Hossain,1,0,,,,,,,,,
1208072,2019/20,2019-12-13,"Shere Bangla National Stadium, Mirpur",1,1.3,Dhaka Platoon,Cumilla Warriors,Mahedi Hasan,Tamim Iqbal,Al-Amin Hossain,1,0,,,,,,,,,
1208072,2019/20,2019-12-13,"Shere Bangla National Stadium, Mirpur",1,1.4,Dhaka Platoon,Cumilla Warriors,Tamim Iqbal,Mahedi Hasan,Al-Amin Hossain,1,0,,,,,,,,,
1208072,2019/20,2019-12-13,"Shere Bangla National Stadium, Mirpur",1,1.5,Dhaka Platoon,Cumilla Warriors,Mahedi Hasan,Tamim Iqbal,Al-Amin Hossain,0,0,,,,,,,,,
1208072,2019/20,2019-12-13,"Shere Bangla National Stadium, Mirpur",1,1.6,Dhaka Platoon,Cumilla Warriors,Mahedi Hasan,Tamim Iqbal,Al-Amin Hossain,0,1,1,,,,,,,,
1208072,2019/20,2019-12-13,"Shere Bangla National Stadium, Mirpur",1,1.7,Dhaka Platoon,Cumilla Warriors,Mahedi Hasan,Tamim Iqbal,Al-Amin Hossain,0,1,1,,,,,,,,
1208072,2019/20,2019-12-13,"Shere Bangla National Stadium, Mirpur",1,1.8,Dhaka Platoon,Cumilla Warriors,Mahedi Hasan,Tamim Iqbal,Al-Amin Hossain,0,0,,,,,,,,,
1208072,2019/20,2019-12-13,"Shere Bangla National Stadium, Mirpur",1,2.1,Dhaka Platoon,Cumilla Warriors,Tamim Iqbal,Mahedi Hasan,Mujeeb Ur Rahman,1,0,,,,,,,,,
1208072,2019/20,2019-12-13,"Shere Bangla National Stadium, Mirpur",1,2.2,Dhaka Platoon,Cumilla Warriors,Mahedi Hasan,Tamim Iqbal,Mujeeb Ur Rahman,0,0,,,,,,,,,
1208072,2019/20,2019-12-13,"Shere Bangla National Stadium, Mirpur",1,2.3,Dhaka Platoon,Cumilla Warriors,Mahedi Hasan,Tamim Iqbal,Mujeeb Ur Rahman,0,0,,,,,,,,,
1208072,2019/20,2019-12-13,"Shere Bangla National Stadium, Mirpur",1,2.4,Dhaka Platoon,Cumilla Warriors,Mahedi Hasan,Tamim Iqbal,Mujeeb Ur Rahman,0,0,,,,,,,,,
1208072,2019/20,2019-12-13,"Shere Bangla National Stadium, Mirpur",1,2.5,Dhaka Platoon,Cumilla Warriors,Mahedi Hasan,Tamim Iqbal,Mujeeb Ur Rahman,1,0,,,,,,,,,
1208072,2019/20,2019-12-13,"Shere Bangla National Stadium, Mirpur",1,2.6,Dhaka Platoon,Cumilla Warriors,Tamim Iqbal,Mahedi Hasan,Mujeeb Ur Rahman,0,0,,,,,,,,,
1208072,2019/20,2019-12-13,"Shere Bangla National Stadium, Mirpur",1,3.1,Dhaka Platoon,Cumilla Warriors,Mahedi Hasan,Tamim Iqbal,Al-Amin Hossain,4,0,,,,,,,,,
1208072,2019/20,2019-12-13,"Shere Bangla National Stadium, Mirpur",1,3.2,Dhaka Platoon,Cumilla Warriors,Mahedi Hasan,Tamim Iqbal,Al-Amin Hossain,0,1,,,,1,,,,,
1208072,2019/20,2019-12-13,"Shere Bangla National Stadium, Mirpur",1,3.3,Dhaka Platoon,Cumilla Warriors,Tamim Iqbal,Mahedi Hasan,Al-Amin Hossain,0,0,,,,,,,,,
1208072,2019/20,2019-12-13,"Shere Bangla National Stadium, Mirpur",1,3.4,Dhaka Platoon,Cumilla Warriors,Tamim Iqbal,Mahedi Hasan,Al-Amin Hossain,1,0,,,,,,,,,
1208072,2019/20,2019-12-13,"Shere Bangla National Stadium, Mirpur",1,3.5,Dhaka Platoon,Cumilla Warriors,Mahedi Hasan,Tamim Iqbal,Al-Amin Hossain,4,0,,,,,,,,,
1208072,2019/20,2019-12-13,"Shere Bangla National Stadium, Mirpur",1,3.6,Dhaka Platoon,Cumilla Warriors,Mahedi Hasan,Tamim Iqbal,Al-Amin Hossain,0,0,,,,,,,,,
1208072,2019/20,2019-12-13,"Shere Bangla National Stadium, Mirpur",1,4.1,Dhaka Platoon,Cumilla Warriors,Tamim Iqbal,Mahedi Hasan,Mujeeb Ur Rahman,0,5,5,,,,,,,,
1208072,2019/20,2019-12-13,"Shere Bangla National Stadium, Mirpur",1,4.2,Dhaka Platoon,Cumilla Warriors,Tamim Iqbal,Mahedi Hasan,Mujeeb Ur Rahman,1,0,,,,,,,,,
1208072,2019/20,2019-12-13,"Shere Bangla National Stadium, Mirpur",1,4.3,Dhaka Platoon,Cumilla Warriors,Mahedi Hasan,Tamim Iqbal,Mujeeb Ur Rahman,1,0,,,,,,,,,
1208072,2019/20,2019-12-13,"Shere Bangla National Stadium, Mirpur",1,4.4,Dhaka Platoon,Cumilla Warriors,Tamim Iqbal,Mahedi Hasan,Mujeeb Ur Rahman,0,0,,,,,,,,,
1208072,2019/20,2019-12-13,"Shere Bangla National Stadium, Mirpur",1,4.5,Dhaka Platoon,Cumilla Warriors,Tamim Iqbal,Mahedi Hasan,Mujeeb Ur Rahman,0,0,,,,,,,,,
1208072,2019/20,2019-12-13,"Shere Bangla National Stadium, Mirpur",1,4.6,Dhaka Platoon,Cumilla Warriors,Tamim Iqbal,Mahedi Hasan,Mujeeb Ur Rahman,0,0,,,,,,,,,
1208072,2019/20,2019-12-13,"Shere Bangla National Stadium, Mirpur",1,4.7,Dhaka Platoon,Cumilla Warriors,Tamim Iqbal,Mahedi Hasan,Mujeeb Ur Rahman,0,0,,,,,,,,,
1208072,2019/20,2019-12-13,"Shere Bangla National Stadium, Mirpur",1,5.1,Dhaka Platoon,Cumilla Warriors,Mahedi Hasan,Tamim Iqbal,Abu Hider,0,0,,,,,,caught,Mahedi Hasan,,
1208072,2019/20,2019-12-13,"Shere Bangla National Stadium, Mirpur",1,5.2,Dhaka Platoon,Cumilla Warriors,LJ Evans,Tamim Iqbal,Abu Hider,0,0,,,,,,,,,
1208072,2019/20,2019-12-13,"Shere Bangla National Stadium, Mirpur",1,5.3,Dhaka Platoon,Cumilla Warriors,LJ Evans,Tamim Iqbal,Abu Hider,1,0,,,,,,,,,
1208072,2019/20,2019-12-13,"Shere Bangla National Stadium, Mirpur",1,5.4,Dhaka Platoon,Cumilla Warriors,Tamim Iqbal,LJ Evans,Abu Hider,0,0,,,,,,,,,
1208072,2019/20,2019-12-13,"Shere Bangla National Stadium, Mirpur",1,5.5,Dhaka Platoon,Cumilla Warriors,Tamim Iqbal,LJ Evans,Abu Hider,1,0,,,,,,,,,
1208072,2019/20,2019-12-13,"Shere Bangla National Stadium, Mirpur",1,5.6,Dhaka Platoon,Cumilla Warriors,LJ Evans,Tamim Iqbal,Abu Hider,0,0,,,,,,,,,
1208072,2019/20,2019-12-13,"Shere Bangla National Stadium, Mirpur",1,6.1,Dhaka Platoon,Cumilla Warriors,Tamim Iqbal,LJ Evans,MD Shanaka,0,0,,,,,,,,,
1208072,2019/20,2019-12-13,"Shere Bangla National Stadium, Mirpur",1,6.2,Dhaka Platoon,Cumilla Warriors,Tamim Iqbal,LJ Evans,MD Shanaka,4,0,,,,,,,,,
1208072,2019/20,2019-12-13,"Shere Bangla National Stadium, Mirpur",1,6.3,Dhaka Platoon,Cumilla Warriors,Tamim Iqbal,LJ Evans,MD Shanaka,1,0,,,,,,,,,
1208072,2019/20,2019-12-13,"Shere Bangla National Stadium, Mirpur",1,6.4,Dhaka Platoon,Cumilla Warriors,LJ Evans,Tamim Iqbal,MD Shanaka,4,0,,,,,,,,,
1208072,2019/20,2019-12-13,"Shere Bangla National Stadium, Mirpur",1,6.5,Dhaka Platoon,Cumilla Warriors,LJ Evans,Tamim Iqbal,MD Shanaka,0,0,,,,,,,,,
1208072,2019/20,2019-12-13,"Shere Bangla National Stadium, Mirpur",1,6.6,Dhaka Platoon,Cumilla Warriors,LJ Evans,Tamim Iqbal,MD Shanaka,0,0,,,,,,,,,
1208072,2019/20,2019-12-13,"Shere Bangla National Stadium, Mirpur",1,7.1,Dhaka Platoon,Cumilla Warriors,Tamim Iqbal,LJ Evans,Abu Hider,1,0,,,,,,,,,
1208072,2019/20,2019-12-13,"Shere Bangla National Stadium, Mirpur",1,7.2,Dhaka Platoon,Cumilla Warriors,LJ Evans,Tamim Iqbal,Abu Hider,0,0,,,,,,,,,
1208072,2019/20,2019-12-13,"Shere Bangla National Stadium, Mirpur",1,7.3,Dhaka Platoon,Cumilla Warriors,LJ Evans,Tamim Iqbal,Abu Hider,1,0,,,,,,,,,
1208072,2019/20,2019-12-13,"Shere Bangla National Stadium, Mirpur",1,7.4,Dhaka Platoon,Cumilla Warriors,Tamim Iqbal,LJ Evans,Abu Hider,0,1,1,,,,,,,,
1208072,2019/20,2019-12-13,"Shere Bangla National Stadium, Mirpur",1,7.5,Dhaka Platoon,Cumilla Warriors,Tamim Iqbal,LJ Evans,Abu Hider,0,0,,,,,,,,,
1208072,2019/20,2019-12-13,"Shere Bangla National Stadium, Mirpur",1,7.6,Dhaka Platoon,Cumilla Warriors,Tamim Iqbal,LJ Evans,Abu Hider,0,0,,,,,,,,,
1208072,2019/20,2019-12-13,"Shere Bangla National Stadium, Mirpur",1,7.7,Dhaka Platoon,Cumilla Warriors,Tamim Iqbal,LJ Evans,Abu Hider,1,0,,,,,,,,,
1208072,2019/20,2019-12-13,"Shere Bangla National Stadium, Mirpur",1,8.1,Dhaka Platoon,Cumilla Warriors,Tamim Iqbal,LJ Evans,MD Shanaka,0,0,,,,,,,,,
1208072,2019/20,2019-12-13,"Shere Bangla National Stadium, Mirpur",1,8.2,Dhaka Platoon,Cumilla Warriors,Tamim Iqbal,LJ Evans,MD Shanaka,2,0,,,,,,,,,
1208072,2019/20,2019-12-13,"Shere Bangla National Stadium, Mirpur",1,8.3,Dhaka Platoon,Cumilla Warriors,Tamim Iqbal,LJ Evans,MD Shanaka,1,0,,,,,,,,,
1208072,2019/20,2019-12-13,"Shere Bangla National Stadium, Mirpur",1,8.4,Dhaka Platoon,Cumilla Warriors,LJ Evans,Tamim Iqbal,MD Shanaka,1,0,,,,,,,,,
1208072,2019/20,2019-12-13,"Shere Bangla National Stadium, Mirpur",1,8.5,Dhaka Platoon,Cumilla Warriors,Tamim Iqbal,LJ Evans,MD Shanaka,0,0,,,,,,,,,
1208072,2019/20,2019-12-13,"Shere Bangla National Stadium, Mirpur",1,8.6,Dhaka Platoon,Cumilla Warriors,Tamim Iqbal,LJ Evans,MD Shanaka,4,0,,,,,,,,,
1208072,2019/20,2019-12-13,"Shere Bangla National Stadium, Mirpur",1,9.1,Dhaka Platoon,Cumilla Warriors,LJ Evans,Tamim Iqbal,Soumya Sarkar,0,0,,,,,,,,,
1208072,2019/20,2019-12-13,"Shere Bangla National Stadium, Mirpur",1,9.2,Dhaka Platoon,Cumilla Warriors,LJ Evans,Tamim Iqbal,Soumya Sarkar,0,1,,,,1,,,,,
1208072,2019/20,2019-12-13,"Shere Bangla National Stadium, Mirpur",1,9.3,Dhaka Platoon,Cumilla Warriors,Tamim Iqbal,LJ Evans,Soumya Sarkar,1,0,,,,,,,,,
1208072,2019/20,2019-12-13,"Shere Bangla National Stadium, Mirpur",1,9.4,Dhaka Platoon,Cumilla Warriors,LJ Evans,Tamim Iqbal,Soumya Sarkar,1,0,,,,,,,,,
1208072,2019/20,2019-12-13,"Shere Bangla National Stadium, Mirpur",1,9.5,Dhaka Platoon,Cumilla Warriors,Tamim Iqbal,LJ Evans,Soumya Sarkar,6,0,,,,,,,,,
1208072,2019/20,2019-12-13,"Shere Bangla National Stadium, Mirpur",1,9.6,Dhaka Platoon,Cumilla Warriors,Tamim Iqbal,LJ Evans,Soumya Sarkar,1,0,,,,,,,,,
1208072,2019/20,2019-12-13,"Shere Bangla National Stadium, Mirpur",1,10.1,Dhaka Platoon,Cumilla Warriors,Tamim Iqbal,LJ Evans,Sunzamul Islam,0,1,1,,,,,,,,
1208072,2019/20,2019-12-13,"Shere Bangla National Stadium, Mirpur",1,10.2,Dhaka Platoon,Cumilla Warriors,Tamim Iqbal,LJ Evans,Sunzamul Islam,4,0,,,,,,,,,
1208072,2019/20,2019-12-13,"Shere Bangla National Stadium, Mirpur",1,10.3,Dhaka Platoon,Cumilla Warriors,Tamim Iqbal,LJ Evans,Sunzamul Islam,2,0,,,,,,,,,
1208072,2019/20,2019-12-13,"Shere Bangla National Stadium, Mirpur",1,10.4,Dhaka Platoon,Cumilla Warriors,Tamim Iqbal,LJ Evans,Sunzamul Islam,0,0,,,,,,,,,
1208072,2019/20,2019-12-13,"Shere Bangla National Stadium, Mirpur",1,10.5,Dhaka Platoon,Cumilla Warriors,Tamim Iqbal,LJ Evans,Sunzamul Islam,6,0,,,,,,,,,
1208072,2019/20,2019-12-13,"Shere Bangla National Stadium, Mirpur",1,10.6,Dhaka Platoon,Cumilla Warriors,Tamim Iqbal,LJ Evans,Sunzamul Islam,1,0,,,,,,,,,
1208072,2019/20,2019-12-13,"Shere Bangla National Stadium, Mirpur",1,10.7,Dhaka Platoon,Cumilla Warriors,LJ Evans,Tamim Iqbal,Sunzamul Islam,1,0,,,,,,,,,
1208072,2019/20,2019-12-13,"Shere Bangla National Stadium, Mirpur",1,11.1,Dhaka Platoon,Cumilla Warriors,LJ Evans,Tamim Iqbal,Al-Amin Hossain,1,0,,,,,,,,,
1208072,2019/20,2019-12-13,"Shere Bangla National Stadium, Mirpur",1,11.2,Dhaka Platoon,Cumilla Warriors,Tamim Iqbal,LJ Evans,Al-Amin Hossain,1,0,,,,,,,,,
1208072,2019/20,2019-12-13,"Shere Bangla National Stadium, Mirpur",1,11.3,Dhaka Platoon,Cumilla Warriors,LJ Evans,Tamim Iqbal,Al-Amin Hossain,2,0,,,,,,,,,
1208072,2019/20,2019-12-13,"Shere Bangla National Stadium, Mirpur",1,11.4,Dhaka Platoon,Cumilla Warriors,LJ Evans,Tamim Iqbal,Al-Amin Hossain,1,0,,,,,,,,,
1208072,2019/20,2019-12-13,"Shere Bangla National Stadium, Mirpur",1,11.5,Dhaka Platoon,Cumilla Warriors,Tamim Iqbal,LJ Evans,Al-Amin Hossain,0,2,,,,2,,,,,
1208072,2019/20,2019-12-13,"Shere Bangla National Stadium, Mirpur",1,11.6,Dhaka Platoon,Cumilla Warriors,Tamim Iqbal,LJ Evans,Al-Amin Hossain,0,0,,,,,,,,,
1208072,2019/20,2019-12-13,"Shere Bangla National Stadium, Mirpur",1,12.1,Dhaka Platoon,Cumilla Warriors,LJ Evans,Tamim Iqbal,Soumya Sarkar,0,0,,,,,,,,,
1208072,2019/20,2019-12-13,"Shere Bangla National Stadium, Mirpur",1,12.2,Dhaka Platoon,Cumilla Warriors,LJ Evans,Tamim Iqbal,Soumya Sarkar,1,0,,,,,,,,,
1208072,2019/20,2019-12-13,"Shere Bangla National Stadium, Mirpur",1,12.3,Dhaka Platoon,Cumilla Warriors,Tamim Iqbal,LJ Evans,Soumya Sarkar,6,0,,,,,,,,,
1208072,2019/20,2019-12-13,"Shere Bangla National Stadium, Mirpur",1,12.4,Dhaka Platoon,Cumilla Warriors,Tamim Iqbal,LJ Evans,Soumya Sarkar,1,0,,,,,,,,,
1208072,2019/20,2019-12-13,"Shere Bangla National Stadium, Mirpur",1,12.5,Dhaka Platoon,Cumilla Warriors,LJ Evans,Tamim Iqbal,Soumya Sarkar,1,0,,,,,,,,,
1208072,2019/20,2019-12-13,"Shere Bangla National Stadium, Mirpur",1,12.6,Dhaka Platoon,Cumilla Warriors,Tamim Iqbal,LJ Evans,Soumya Sarkar,1,0,,,,,,,,,
1208072,2019/20,2019-12-13,"Shere Bangla National Stadium, Mirpur",1,13.1,Dhaka Platoon,Cumilla Warriors,Tamim Iqbal,LJ Evans,Mujeeb Ur Rahman,0,0,,,,,,,,,
1208072,2019/20,2019-12-13,"Shere Bangla National Stadium, Mirpur",1,13.2,Dhaka Platoon,Cumilla Warriors,Tamim Iqbal,LJ Evans,Mujeeb Ur Rahman,1,0,,,,,,,,,
1208072,2019/20,2019-12-13,"Shere Bangla National Stadium, Mirpur",1,13.3,Dhaka Platoon,Cumilla Warriors,LJ Evans,Tamim Iqbal,Mujeeb Ur Rahman,1,0,,,,,,,,,
1208072,2019/20,2019-12-13,"Shere Bangla National Stadium, Mirpur",1,13.4,Dhaka Platoon,Cumilla Warriors,Tamim Iqbal,LJ Evans,Mujeeb Ur Rahman,1,0,,,,,,,,,
1208072,2019/20,2019-12-13,"Shere Bangla National Stadium, Mirpur",1,13.5,Dhaka Platoon,Cumilla Warriors,LJ Evans,Tamim Iqbal,Mujeeb Ur Rahman,1,0,,,,,,,,,
1208072,2019/20,2019-12-13,"Shere Bangla National Stadium, Mirpur",1,13.6,Dhaka Platoon,Cumilla Warriors,Tamim Iqbal,LJ Evans,Mujeeb Ur Rahman,0,0,,,,,,,,,
1208072,2019/20,2019-12-13,"Shere Bangla National Stadium, Mirpur",1,14.1,Dhaka Platoon,Cumilla Warriors,LJ Evans,Tamim Iqbal,MD Shanaka,4,0,,,,,,,,,
1208072,2019/20,2019-12-13,"Shere Bangla National Stadium, Mirpur",1,14.2,Dhaka Platoon,Cumilla Warriors,LJ Evans,Tamim Iqbal,MD Shanaka,2,0,,,,,,,,,
1208072,2019/20,2019-12-13,"Shere Bangla National Stadium, Mirpur",1,14.3,Dhaka Platoon,Cumilla Warriors,LJ Evans,Tamim Iqbal,MD Shanaka,0,0,,,,,,caught,LJ Evans,,
1208072,2019/20,2019-12-13,"Shere Bangla National Stadium, Mirpur",1,14.4,Dhaka Platoon,Cumilla Warriors,Tamim Iqbal,NLTC Perera,MD Shanaka,4,0,,,,,,,,,
1208072,2019/20,2019-12-13,"Shere Bangla National Stadium, Mirpur",1,14.5,Dhaka Platoon,Cumilla Warriors,Tamim Iqbal,NLTC Perera,MD Shanaka,4,0,,,,,,,,,
1208072,2019/20,2019-12-13,"Shere Bangla National Stadium, Mirpur",1,14.6,Dhaka Platoon,Cumilla Warriors,Tamim Iqbal,NLTC Perera,MD Shanaka,1,0,,,,,,,,,
1208072,2019/20,2019-12-13,"Shere Bangla National Stadium, Mirpur",1,15.1,Dhaka Platoon,Cumilla Warriors,Tamim Iqbal,NLTC Perera,Abu Hider,1,0,,,,,,,,,
1208072,2019/20,2019-12-13,"Shere Bangla National Stadium, Mirpur",1,15.2,Dhaka Platoon,Cumilla Warriors,NLTC Perera,Tamim Iqbal,Abu Hider,6,0,,,,,,,,,
1208072,2019/20,2019-12-13,"Shere Bangla National Stadium, Mirpur",1,15.3,Dhaka Platoon,Cumilla Warriors,NLTC Perera,Tamim Iqbal,Abu Hider,4,0,,,,,,,,,
1208072,2019/20,2019-12-13,"Shere Bangla National Stadium, Mirpur",1,15.4,Dhaka Platoon,Cumilla Warriors,NLTC Perera,Tamim Iqbal,Abu Hider,4,0,,,,,,,,,
1208072,2019/20,2019-12-13,"Shere Bangla National Stadium, Mirpur",1,15.5,Dhaka Platoon,Cumilla Warriors,NLTC Perera,Tamim Iqbal,Abu Hider,4,0,,,,,,,,,
1208072,2019/20,2019-12-13,"Shere Bangla National Stadium, Mirpur",1,15.6,Dhaka Platoon,Cumilla Warriors,NLTC Perera,Tamim Iqbal,Abu Hider,4,0,,,,,,,,,
1208072,2019/20,2019-12-13,"Shere Bangla National Stadium, Mirpur",1,16.1,Dhaka Platoon,Cumilla Warriors,Tamim Iqbal,NLTC Perera,MD Shanaka,1,0,,,,,,,,,
1208072,2019/20,2019-12-13,"Shere Bangla National Stadium, Mirpur",1,16.2,Dhaka Platoon,Cumilla Warriors,NLTC Perera,Tamim Iqbal,MD Shanaka,4,0,,,,,,,,,
1208072,2019/20,2019-12-13,"Shere Bangla National Stadium, Mirpur",1,16.3,Dhaka Platoon,Cumilla Warriors,NLTC Perera,Tamim Iqbal,MD Shanaka,1,0,,,,,,,,,
1208072,2019/20,2019-12-13,"Shere Bangla National Stadium, Mirpur",1,16.4,Dhaka Platoon,Cumilla Warriors,Tamim Iqbal,NLTC Perera,MD Shanaka,6,0,,,,,,,,,
1208072,2019/20,2019-12-13,"Shere Bangla National Stadium, Mirpur",1,16.5,Dhaka Platoon,Cumilla Warriors,Tamim Iqbal,NLTC Perera,MD Shanaka,4,0,,,,,,,,,
1208072,2019/20,2019-12-13,"Shere Bangla National Stadium, Mirpur",1,16.6,Dhaka Platoon,Cumilla Warriors,Tamim Iqbal,NLTC Perera,MD Shanaka,0,0,,,,,,caught,Tamim Iqbal,,
1208072,2019/20,2019-12-13,"Shere Bangla National Stadium, Mirpur",1,17.1,Dhaka Platoon,Cumilla Warriors,Shahid Afridi,NLTC Perera,Soumya Sarkar,4,0,,,,,,,,,
1208072,2019/20,2019-12-13,"Shere Bangla National Stadium, Mirpur",1,17.2,Dhaka Platoon,Cumilla Warriors,Shahid Afridi,NLTC Perera,Soumya Sarkar,0,0,,,,,,caught,Shahid Afridi,,
1208072,2019/20,2019-12-13,"Shere Bangla National Stadium, Mirpur",1,17.3,Dhaka Platoon,Cumilla Warriors,NLTC Perera,Wahab Riaz,Soumya Sarkar,1,0,,,,,,,,,
1208072,2019/20,2019-12-13,"Shere Bangla National Stadium, Mirpur",1,17.4,Dhaka Platoon,Cumilla Warriors,Wahab Riaz,NLTC Perera,Soumya Sarkar,0,0,,,,,,caught,Wahab Riaz,,
1208072,2019/20,2019-12-13,"Shere Bangla National Stadium, Mirpur",1,17.5,Dhaka Platoon,Cumilla Warriors,NLTC Perera,Mashrafe Mortaza,Soumya Sarkar,1,0,,,,,,,,,
1208072,2019/20,2019-12-13,"Shere Bangla National Stadium, Mirpur",1,17.6,Dhaka Platoon,Cumilla Warriors,Mashrafe Mortaza,NLTC Perera,Soumya Sarkar,1,0,,,,,,,,,
1208072,2019/20,2019-12-13,"Shere Bangla National Stadium, Mirpur",1,18.1,Dhaka Platoon,Cumilla Warriors,Mashrafe Mortaza,NLTC Perera,Al-Amin Hossain,0,1,1,,,,,,,,
1208072,2019/20,2019-12-13,"Shere Bangla National Stadium, Mirpur",1,18.2,Dhaka Platoon,Cumilla Warriors,Mashrafe Mortaza,NLTC Perera,Al-Amin Hossain,1,0,,,,,,,,,
1208072,2019/20,2019-12-13,"Shere Bangla National Stadium, Mirpur",1,18.3,Dhaka Platoon,Cumilla Warriors,NLTC Perera,Mashrafe Mortaza,Al-Amin Hossain,2,0,,,,,,,,,
1208072,2019/20,2019-12-13,"Shere Bangla National Stadium, Mirpur",1,18.4,Dhaka Platoon,Cumilla Warriors,NLTC Perera,Mashrafe Mortaza,Al-Amin Hossain,4,0,,,,,,,,,
1208072,2019/20,2019-12-13,"Shere Bangla National Stadium, Mirpur",1,18.5,Dhaka Platoon,Cumilla Warriors,NLTC Perera,Mashrafe Mortaza,Al-Amin Hossain,1,0,,,,,,,,,
1208072,2019/20,2019-12-13,"Shere Bangla National Stadium, Mirpur",1,18.6,Dhaka Platoon,Cumilla Warriors,Mashrafe Mortaza,NLTC Perera,Al-Amin Hossain,0,1,,,,1,,,,,
1208072,2019/20,2019-12-13,"Shere Bangla National Stadium, Mirpur",1,18.7,Dhaka Platoon,Cumilla Warriors,NLTC Perera,Mashrafe Mortaza,Al-Amin Hossain,1,0,,,,,,,,,
1208072,2019/20,2019-12-13,"Shere Bangla National Stadium, Mirpur",1,19.1,Dhaka Platoon,Cumilla Warriors,NLTC Perera,Mashrafe Mortaza,Soumya Sarkar,0,0,,,,,,,,,
1208072,2019/20,2019-12-13,"Shere Bangla National Stadium, Mirpur",1,19.2,Dhaka Platoon,Cumilla Warriors,NLTC Perera,Mashrafe Mortaza,Soumya Sarkar,0,0,,,,,,,,,
1208072,2019/20,2019-12-13,"Shere Bangla National Stadium, Mirpur",1,19.3,Dhaka Platoon,Cumilla Warriors,NLTC Perera,Mashrafe Mortaza,Soumya Sarkar,4,0,,,,,,,,,
1208072,2019/20,2019-12-13,"Shere Bangla National Stadium, Mirpur",1,19.4,Dhaka Platoon,Cumilla Warriors,NLTC Perera,Mashrafe Mortaza,Soumya Sarkar,1,0,,,,,,,,,
1208072,2019/20,2019-12-13,"Shere Bangla National Stadium, Mirpur",1,19.5,Dhaka Platoon,Cumilla Warriors,Mashrafe Mortaza,NLTC Perera,Soumya Sarkar,0,1,1,,,,,,,,
1208072,2019/20,2019-12-13,"Shere Bangla National Stadium, Mirpur",1,19.6,Dhaka Platoon,Cumilla Warriors,Mashrafe Mortaza,NLTC Perera,Soumya Sarkar,6,0,,,,,,,,,
1208072,2019/20,2019-12-13,"Shere Bangla National Stadium, Mirpur",1,19.7,Dhaka Platoon,Cumilla Warriors,Mashrafe Mortaza,NLTC Perera,Soumya Sarkar,1,0,,,,,,run out,Mashrafe Mortaza,,
1208072,2019/20,2019-12-13,"Shere Bangla National Stadium, Mirpur",2,0.1,Cumilla Warriors,Dhaka Platoon,PBB Rajapaksa,Yasir Ali Chowdhury,Mashrafe Mortaza,1,0,,,,,,,,,
1208072,2019/20,2019-12-13,"Shere Bangla National Stadium, Mirpur",2,0.2,Cumilla Warriors,Dhaka Platoon,Yasir Ali Chowdhury,PBB Rajapaksa,Mashrafe Mortaza,0,0,,,,,,,,,
1208072,2019/20,2019-12-13,"Shere Bangla National Stadium, Mirpur",2,0.3,Cumilla Warriors,Dhaka Platoon,Yasir Ali Chowdhury,PBB Rajapaksa,Mashrafe Mortaza,1,0,,,,,,,,,
1208072,2019/20,2019-12-13,"Shere Bangla National Stadium, Mirpur",2,0.4,Cumilla Warriors,Dhaka Platoon,PBB Rajapaksa,Yasir Ali Chowdhury,Mashrafe Mortaza,0,0,,,,,,,,,
1208072,2019/20,2019-12-13,"Shere Bangla National Stadium, Mirpur",2,0.5,Cumilla Warriors,Dhaka Platoon,PBB Rajapaksa,Yasir Ali Chowdhury,Mashrafe Mortaza,1,0,,,,,,,,,
1208072,2019/20,2019-12-13,"Shere Bangla National Stadium, Mirpur",2,0.6,Cumilla Warriors,Dhaka Platoon,Yasir Ali Chowdhury,PBB Rajapaksa,Mashrafe Mortaza,0,0,,,,,,,,,
1208072,2019/20,2019-12-13,"Shere Bangla National Stadium, Mirpur",2,1.1,Cumilla Warriors,Dhaka Platoon,PBB Rajapaksa,Yasir Ali Chowdhury,Mahedi Hasan,6,0,,,,,,,,,
1208072,2019/20,2019-12-13,"Shere Bangla National Stadium, Mirpur",2,1.2,Cumilla Warriors,Dhaka Platoon,PBB Rajapaksa,Yasir Ali Chowdhury,Mahedi Hasan,4,0,,,,,,,,,
1208072,2019/20,2019-12-13,"Shere Bangla National Stadium, Mirpur",2,1.3,Cumilla Warriors,Dhaka Platoon,PBB Rajapaksa,Yasir Ali Chowdhury,Mahedi Hasan,1,0,,,,,,,,,
1208072,2019/20,2019-12-13,"Shere Bangla National Stadium, Mirpur",2,1.4,Cumilla Warriors,Dhaka Platoon,Yasir Ali Chowdhury,PBB Rajapaksa,Mahedi Hasan,1,0,,,,,,,,,
1208072,2019/20,2019-12-13,"Shere Bangla National Stadium, Mirpur",2,1.5,Cumilla Warriors,Dhaka Platoon,PBB Rajapaksa,Yasir Ali Chowdhury,Mahedi Hasan,4,0,,,,,,,,,
1208072,2019/20,2019-12-13,"Shere Bangla National Stadium, Mirpur",2,1.6,Cumilla Warriors,Dhaka Platoon,PBB Rajapaksa,Yasir Ali Chowdhury,Mahedi Hasan,1,0,,,,,,,,,
1208072,2019/20,2019-12-13,"Shere Bangla National Stadium, Mirpur",2,2.1,Cumilla Warriors,Dhaka Platoon,PBB Rajapaksa,Yasir Ali Chowdhury,Mashrafe Mortaza,6,0,,,,,,,,,
1208072,2019/20,2019-12-13,"Shere Bangla National Stadium, Mirpur",2,2.2,Cumilla Warriors,Dhaka Platoon,PBB Rajapaksa,Yasir Ali Chowdhury,Mashrafe Mortaza,1,0,,,,,,,,,
1208072,2019/20,2019-12-13,"Shere Bangla National Stadium, Mirpur",2,2.3,Cumilla Warriors,Dhaka Platoon,Yasir Ali Chowdhury,PBB Rajapaksa,Mashrafe Mortaza,1,0,,,,,,,,,
1208072,2019/20,2019-12-13,"Shere Bangla National Stadium, Mirpur",2,2.4,Cumilla Warriors,Dhaka Platoon,PBB Rajapaksa,Yasir Ali Chowdhury,Mashrafe Mortaza,4,0,,,,,,,,,
1208072,2019/20,2019-12-13,"Shere Bangla National Stadium, Mirpur",2,2.5,Cumilla Warriors,Dhaka Platoon,PBB Rajapaksa,Yasir Ali Chowdhury,Mashrafe Mortaza,0,0,,,,,,bowled,PBB Rajapaksa,,
1208072,2019/20,2019-12-13,"Shere Bangla National Stadium, Mirpur",2,2.6,Cumilla Warriors,Dhaka Platoon,Soumya Sarkar,Yasir Ali Chowdhury,Mashrafe Mortaza,4,0,,,,,,,,,
1208072,2019/20,2019-12-13,"Shere Bangla National Stadium, Mirpur",2,3.1,Cumilla Warriors,Dhaka Platoon,Yasir Ali Chowdhury,Soumya Sarkar,Mahedi Hasan,0,0,,,,,,caught,Yasir Ali Chowdhury,,
1208072,2019/20,2019-12-13,"Shere Bangla National Stadium, Mirpur",2,3.2,Cumilla Warriors,Dhaka Platoon,Soumya Sarkar,DJ Malan,Mahedi Hasan,0,0,,,,,,,,,
1208072,2019/20,2019-12-13,"Shere Bangla National Stadium, Mirpur",2,3.3,Cumilla Warriors,Dhaka Platoon,Soumya Sarkar,DJ Malan,Mahedi Hasan,1,0,,,,,,,,,
1208072,2019/20,2019-12-13,"Shere Bangla National Stadium, Mirpur",2,3.4,Cumilla Warriors,Dhaka Platoon,DJ Malan,Soumya Sarkar,Mahedi Hasan,0,0,,,,,,,,,
1208072,2019/20,2019-12-13,"Shere Bangla National Stadium, Mirpur",2,3.5,Cumilla Warriors,Dhaka Platoon,DJ Malan,Soumya Sarkar,Mahedi Hasan,0,0,,,,,,,,,
1208072,2019/20,2019-12-13,"Shere Bangla National Stadium, Mirpur",2,3.6,Cumilla Warriors,Dhaka Platoon,DJ Malan,Soumya Sarkar,Mahedi Hasan,0,0,,,,,,,,,
1208072,2019/20,2019-12-13,"Shere Bangla National Stadium, Mirpur",2,4.1,Cumilla Warriors,Dhaka Platoon,Soumya Sarkar,DJ Malan,Shuvagata Hom,1,0,,,,,,,,,
1208072,2019/20,2019-12-13,"Shere Bangla National Stadium, Mirpur",2,4.2,Cumilla Warriors,Dhaka Platoon,DJ Malan,Soumya Sarkar,Shuvagata Hom,4,0,,,,,,,,,
1208072,2019/20,2019-12-13,"Shere Bangla National Stadium, Mirpur",2,4.3,Cumilla Warriors,Dhaka Platoon,DJ Malan,Soumya Sarkar,Shuvagata Hom,1,0,,,,,,,,,
1208072,2019/20,2019-12-13,"Shere Bangla National Stadium, Mirpur",2,4.4,Cumilla Warriors,Dhaka Platoon,Soumya Sarkar,DJ Malan,Shuvagata Hom,4,0,,,,,,,,,
1208072,2019/20,2019-12-13,"Shere Bangla National Stadium, Mirpur",2,4.5,Cumilla Warriors,Dhaka Platoon,Soumya Sarkar,DJ Malan,Shuvagata Hom,0,0,,,,,,,,,
1208072,2019/20,2019-12-13,"Shere Bangla National Stadium, Mirpur",2,4.6,Cumilla Warriors,Dhaka Platoon,Soumya Sarkar,DJ Malan,Shuvagata Hom,4,0,,,,,,,,,
1208072,2019/20,2019-12-13,"Shere Bangla National Stadium, Mirpur",2,5.1,Cumilla Warriors,Dhaka Platoon,DJ Malan,Soumya Sarkar,Mahedi Hasan,1,0,,,,,,,,,
1208072,2019/20,2019-12-13,"Shere Bangla National Stadium, Mirpur",2,5.2,Cumilla Warriors,Dhaka Platoon,Soumya Sarkar,DJ Malan,Mahedi Hasan,0,0,,,,,,,,,
1208072,2019/20,2019-12-13,"Shere Bangla National Stadium, Mirpur",2,5.3,Cumilla Warriors,Dhaka Platoon,Soumya Sarkar,DJ Malan,Mahedi Hasan,0,0,,,,,,,,,
1208072,2019/20,2019-12-13,"Shere Bangla National Stadium, Mirpur",2,5.4,Cumilla Warriors,Dhaka Platoon,Soumya Sarkar,DJ Malan,Mahedi Hasan,0,0,,,,,,,,,
1208072,2019/20,2019-12-13,"Shere Bangla National Stadium, Mirpur",2,5.5,Cumilla Warriors,Dhaka Platoon,Soumya Sarkar,DJ Malan,Mahedi Hasan,0,0,,,,,,,,,
1208072,2019/20,2019-12-13,"Shere Bangla National Stadium, Mirpur",2,5.6,Cumilla Warriors,Dhaka Platoon,Soumya Sarkar,DJ Malan,Mahedi Hasan,0,0,,,,,,,,,
1208072,2019/20,2019-12-13,"Shere Bangla National Stadium, Mirpur",2,6.1,Cumilla Warriors,Dhaka Platoon,DJ Malan,Soumya Sarkar,Mashrafe Mortaza,1,0,,,,,,,,,
1208072,2019/20,2019-12-13,"Shere Bangla National Stadium, Mirpur",2,6.2,Cumilla Warriors,Dhaka Platoon,Soumya Sarkar,DJ Malan,Mashrafe Mortaza,4,0,,,,,,,,,
1208072,2019/20,2019-12-13,"Shere Bangla National Stadium, Mirpur",2,6.3,Cumilla Warriors,Dhaka Platoon,Soumya Sarkar,DJ Malan,Mashrafe Mortaza,1,0,,,,,,,,,
1208072,2019/20,2019-12-13,"Shere Bangla National Stadium, Mirpur",2,6.4,Cumilla Warriors,Dhaka Platoon,DJ Malan,Soumya Sarkar,Mashrafe Mortaza,0,0,,,,,,,,,
1208072,2019/20,2019-12-13,"Shere Bangla National Stadium, Mirpur",2,6.5,Cumilla Warriors,Dhaka Platoon,DJ Malan,Soumya Sarkar,Mashrafe Mortaza,1,0,,,,,,,,,
1208072,2019/20,2019-12-13,"Shere Bangla National Stadium, Mirpur",2,6.6,Cumilla Warriors,Dhaka Platoon,Soumya Sarkar,DJ Malan,Mashrafe Mortaza,1,0,,,,,,,,,
1208072,2019/20,2019-12-13,"Shere Bangla National Stadium, Mirpur",2,7.1,Cumilla Warriors,Dhaka Platoon,Soumya Sarkar,DJ Malan,Mahedi Hasan,6,0,,,,,,,,,
1208072,2019/20,2019-12-13,"Shere Bangla National Stadium, Mirpur",2,7.2,Cumilla Warriors,Dhaka Platoon,Soumya Sarkar,DJ Malan,Mahedi Hasan,0,0,,,,,,,,,
1208072,2019/20,2019-12-13,"Shere Bangla National Stadium, Mirpur",2,7.3,Cumilla Warriors,Dhaka Platoon,Soumya Sarkar,DJ Malan,Mahedi Hasan,0,0,,,,,,,,,
1208072,2019/20,2019-12-13,"Shere Bangla National Stadium, Mirpur",2,7.4,Cumilla Warriors,Dhaka Platoon,Soumya Sarkar,DJ Malan,Mahedi Hasan,1,0,,,,,,,,,
1208072,2019/20,2019-12-13,"Shere Bangla National Stadium, Mirpur",2,7.5,Cumilla Warriors,Dhaka Platoon,DJ Malan,Soumya Sarkar,Mahedi Hasan,1,0,,,,,,,,,
1208072,2019/20,2019-12-13,"Shere Bangla National Stadium, Mirpur",2,7.6,Cumilla Warriors,Dhaka Platoon,Soumya Sarkar,DJ Malan,Mahedi Hasan,1,0,,,,,,,,,
1208072,2019/20,2019-12-13,"Shere Bangla National Stadium, Mirpur",2,8.1,Cumilla Warriors,Dhaka Platoon,Soumya Sarkar,DJ Malan,Hasan Mahmud,4,0,,,,,,,,,
1208072,2019/20,2019-12-13,"Shere Bangla National Stadium, Mirpur",2,8.2,Cumilla Warriors,Dhaka Platoon,Soumya Sarkar,DJ Malan,Hasan Mahmud,1,0,,,,,,,,,
1208072,2019/20,2019-12-13,"Shere Bangla National Stadium, Mirpur",2,8.3,Cumilla Warriors,Dhaka Platoon,DJ Malan,Soumya Sarkar,Hasan Mahmud,4,0,,,,,,,,,
1208072,2019/20,2019-12-13,"Shere Bangla National Stadium, Mirpur",2,8.4,Cumilla Warriors,Dhaka Platoon,DJ Malan,Soumya Sarkar,Hasan Mahmud,1,0,,,,,,,,,
1208072,2019/20,2019-12-13,"Shere Bangla National Stadium, Mirpur",2,8.5,Cumilla Warriors,Dhaka Platoon,Soumya Sarkar,DJ Malan,Hasan Mahmud,0,1,,,,1,,,,,
1208072,2019/20,2019-12-13,"Shere Bangla National Stadium, Mirpur",2,8.6,Cumilla Warriors,Dhaka Platoon,DJ Malan,Soumya Sarkar,Hasan Mahmud,1,0,,,,,,,,,
1208072,2019/20,2019-12-13,"Shere Bangla National Stadium, Mirpur",2,9.1,Cumilla Warriors,Dhaka Platoon,DJ Malan,Soumya Sarkar,Wahab Riaz,1,0,,,,,,,,,
1208072,2019/20,2019-12-13,"Shere Bangla National Stadium, Mirpur",2,9.2,Cumilla Warriors,Dhaka Platoon,Soumya Sarkar,DJ Malan,Wahab Riaz,1,0,,,,,,,,,
1208072,2019/20,2019-12-13,"Shere Bangla National Stadium, Mirpur",2,9.3,Cumilla Warriors,Dhaka Platoon,DJ Malan,Soumya Sarkar,Wahab Riaz,0,1,,,,1,,,,,
1208072,2019/20,2019-12-13,"Shere Bangla National Stadium, Mirpur",2,9.4,Cumilla Warriors,Dhaka Platoon,Soumya Sarkar,DJ Malan,Wahab Riaz,1,0,,,,,,,,,
1208072,2019/20,2019-12-13,"Shere Bangla National Stadium, Mirpur",2,9.5,Cumilla Warriors,Dhaka Platoon,DJ Malan,Soumya Sarkar,Wahab Riaz,1,0,,,,,,,,,
1208072,2019/20,2019-12-13,"Shere Bangla National Stadium, Mirpur",2,9.6,Cumilla Warriors,Dhaka Platoon,Soumya Sarkar,DJ Malan,Wahab Riaz,0,0,,,,,,caught,Soumya Sarkar,,
1208072,2019/20,2019-12-13,"Shere Bangla National Stadium, Mirpur",2,10.1,Cumilla Warriors,Dhaka Platoon,DJ Malan,Sabbir Rahman,Shahid Afridi,1,0,,,,,,,,,
1208072,2019/20,2019-12-13,"Shere Bangla National Stadium, Mirpur",2,10.2,Cumilla Warriors,Dhaka Platoon,Sabbir Rahman,DJ Malan,Shahid Afridi,4,0,,,,,,,,,
1208072,2019/20,2019-12-13,"Shere Bangla National Stadium, Mirpur",2,10.3,Cumilla Warriors,Dhaka Platoon,Sabbir Rahman,DJ Malan,Shahid Afridi,0,1,,,,1,,,,,
1208072,2019/20,2019-12-13,"Shere Bangla National Stadium, Mirpur",2,10.4,Cumilla Warriors,Dhaka Platoon,DJ Malan,Sabbir Rahman,Shahid Afridi,4,0,,,,,,,,,
1208072,2019/20,2019-12-13,"Shere Bangla National Stadium, Mirpur",2,10.5,Cumilla Warriors,Dhaka Platoon,DJ Malan,Sabbir Rahman,Shahid Afridi,1,0,,,,,,,,,
1208072,2019/20,2019-12-13,"Shere Bangla National Stadium, Mirpur",2,10.6,Cumilla Warriors,Dhaka Platoon,Sabbir Rahman,DJ Malan,Shahid Afridi,0,0,,,,,,,,,
1208072,2019/20,2019-12-13,"Shere Bangla National Stadium, Mirpur",2,11.1,Cumilla Warriors,Dhaka Platoon,DJ Malan,Sabbir Rahman,NLTC Perera,1,0,,,,,,,,,
1208072,2019/20,2019-12-13,"Shere Bangla National Stadium, Mirpur",2,11.2,Cumilla Warriors,Dhaka Platoon,Sabbir Rahman,DJ Malan,NLTC Perera,0,0,,,,,,caught,Sabbir Rahman,,
1208072,2019/20,2019-12-13,"Shere Bangla National Stadium, Mirpur",2,11.3,Cumilla Warriors,Dhaka Platoon,MD Shanaka,DJ Malan,NLTC Perera,0,0,,,,,,caught,MD Shanaka,,
1208072,2019/20,2019-12-13,"Shere Bangla National Stadium, Mirpur",2,11.4,Cumilla Warriors,Dhaka Platoon,Mahidul Islam Ankon,DJ Malan,NLTC Perera,1,0,,,,,,,,,
1208072,2019/20,2019-12-13,"Shere Bangla National Stadium, Mirpur",2,11.5,Cumilla Warriors,Dhaka Platoon,DJ Malan,Mahidul Islam Ankon,NLTC Perera,1,0,,,,,,,,,
1208072,2019/20,2019-12-13,"Shere Bangla National Stadium, Mirpur",2,11.6,Cumilla Warriors,Dhaka Platoon,Mahidul Islam Ankon,DJ Malan,NLTC Perera,1,0,,,,,,,,,
1208072,2019/20,2019-12-13,"Shere Bangla National Stadium, Mirpur",2,12.1,Cumilla Warriors,Dhaka Platoon,Mahidul Islam Ankon,DJ Malan,Shahid Afridi,1,0,,,,,,,,,
1208072,2019/20,2019-12-13,"Shere Bangla National Stadium, Mirpur",2,12.2,Cumilla Warriors,Dhaka Platoon,DJ Malan,Mahidul Islam Ankon,Shahid Afridi,1,0,,,,,,,,,
1208072,2019/20,2019-12-13,"Shere Bangla National Stadium, Mirpur",2,12.3,Cumilla Warriors,Dhaka Platoon,Mahidul Islam Ankon,DJ Malan,Shahid Afridi,1,0,,,,,,,,,
1208072,2019/20,2019-12-13,"Shere Bangla National Stadium, Mirpur",2,12.4,Cumilla Warriors,Dhaka Platoon,DJ Malan,Mahidul Islam Ankon,Shahid Afridi,1,0,,,,,,,,,
1208072,2019/20,2019-12-13,"Shere Bangla National Stadium, Mirpur",2,12.5,Cumilla Warriors,Dhaka Platoon,Mahidul Islam Ankon,DJ Malan,Shahid Afridi,1,0,,,,,,,,,
1208072,2019/20,2019-12-13,"Shere Bangla National Stadium, Mirpur",2,12.6,Cumilla Warriors,Dhaka Platoon,DJ Malan,Mahidul Islam Ankon,Shahid Afridi,1,0,,,,,,,,,
1208072,2019/20,2019-12-13,"Shere Bangla National Stadium, Mirpur",2,13.1,Cumilla Warriors,Dhaka Platoon,DJ Malan,Mahidul Islam Ankon,NLTC Perera,1,0,,,,,,,,,
1208072,2019/20,2019-12-13,"Shere Bangla National Stadium, Mirpur",2,13.2,Cumilla Warriors,Dhaka Platoon,Mahidul Islam Ankon,DJ Malan,NLTC Perera,0,0,,,,,,,,,
1208072,2019/20,2019-12-13,"Shere Bangla National Stadium, Mirpur",2,13.3,Cumilla Warriors,Dhaka Platoon,Mahidul Islam Ankon,DJ Malan,NLTC Perera,0,0,,,,,,,,,
1208072,2019/20,2019-12-13,"Shere Bangla National Stadium, Mirpur",2,13.4,Cumilla Warriors,Dhaka Platoon,Mahidul Islam Ankon,DJ Malan,NLTC Perera,2,0,,,,,,,,,
1208072,2019/20,2019-12-13,"Shere Bangla National Stadium, Mirpur",2,13.5,Cumilla Warriors,Dhaka Platoon,Mahidul Islam Ankon,DJ Malan,NLTC Perera,0,0,,,,,,,,,
1208072,2019/20,2019-12-13,"Shere Bangla National Stadium, Mirpur",2,13.6,Cumilla Warriors,Dhaka Platoon,Mahidul Islam Ankon,DJ Malan,NLTC Perera,1,0,,,,,,,,,
1208072,2019/20,2019-12-13,"Shere Bangla National Stadium, Mirpur",2,14.1,Cumilla Warriors,Dhaka Platoon,Mahidul Islam Ankon,DJ Malan,Shahid Afridi,1,0,,,,,,,,,
1208072,2019/20,2019-12-13,"Shere Bangla National Stadium, Mirpur",2,14.2,Cumilla Warriors,Dhaka Platoon,DJ Malan,Mahidul Islam Ankon,Shahid Afridi,0,0,,,,,,,,,
1208072,2019/20,2019-12-13,"Shere Bangla National Stadium, Mirpur",2,14.3,Cumilla Warriors,Dhaka Platoon,DJ Malan,Mahidul Islam Ankon,Shahid Afridi,4,0,,,,,,,,,
1208072,2019/20,2019-12-13,"Shere Bangla National Stadium, Mirpur",2,14.4,Cumilla Warriors,Dhaka Platoon,DJ Malan,Mahidul Islam Ankon,Shahid Afridi,1,0,,,,,,,,,
1208072,2019/20,2019-12-13,"Shere Bangla National Stadium, Mirpur",2,14.5,Cumilla Warriors,Dhaka Platoon,Mahidul Islam Ankon,DJ Malan,Shahid Afridi,1,0,,,,,,,,,
1208072,2019/20,2019-12-13,"Shere Bangla National Stadium, Mirpur",2,14.6,Cumilla Warriors,Dhaka Platoon,DJ Malan,Mahidul Islam Ankon,Shahid Afridi,1,0,,,,,,,,,
1208072,2019/20,2019-12-13,"Shere Bangla National Stadium, Mirpur",2,15.1,Cumilla Warriors,Dhaka Platoon,DJ Malan,Mahidul Islam Ankon,Wahab Riaz,1,0,,,,,,,,,
1208072,2019/20,2019-12-13,"Shere Bangla National Stadium, Mirpur",2,15.2,Cumilla Warriors,Dhaka Platoon,Mahidul Islam Ankon,DJ Malan,Wahab Riaz,2,0,,,,,,,,,
1208072,2019/20,2019-12-13,"Shere Bangla National Stadium, Mirpur",2,15.3,Cumilla Warriors,Dhaka Platoon,Mahidul Islam Ankon,DJ Malan,Wahab Riaz,0,0,,,,,,,,,
1208072,2019/20,2019-12-13,"Shere Bangla National Stadium, Mirpur",2,15.4,Cumilla Warriors,Dhaka Platoon,Mahidul Islam Ankon,DJ Malan,Wahab Riaz,1,1,,1,,,,,,,
1208072,2019/20,2019-12-13,"Shere Bangla National Stadium, Mirpur",2,15.5,Cumilla Warriors,Dhaka Platoon,DJ Malan,Mahidul Islam Ankon,Wahab Riaz,2,0,,,,,,,,,
1208072,2019/20,2019-12-13,"Shere Bangla National Stadium, Mirpur",2,15.6,Cumilla Warriors,Dhaka Platoon,DJ Malan,Mahidul Islam Ankon,Wahab Riaz,0,1,,,,1,,,,,
1208072,2019/20,2019-12-13,"Shere Bangla National Stadium, Mirpur",2,15.7,Cumilla Warriors,Dhaka Platoon,Mahidul Islam Ankon,DJ Malan,Wahab Riaz,1,0,,,,,,,,,
1208072,2019/20,2019-12-13,"Shere Bangla National Stadium, Mirpur",2,16.1,Cumilla Warriors,Dhaka Platoon,Mahidul Islam Ankon,DJ Malan,NLTC Perera,1,0,,,,,,,,,
1208072,2019/20,2019-12-13,"Shere Bangla National Stadium, Mirpur",2,16.2,Cumilla Warriors,Dhaka Platoon,DJ Malan,Mahidul Islam Ankon,NLTC Perera,1,0,,,,,,,,,
1208072,2019/20,2019-12-13,"Shere Bangla National Stadium, Mirpur",2,16.3,Cumilla Warriors,Dhaka Platoon,Mahidul Islam Ankon,DJ Malan,NLTC Perera,6,0,,,,,,,,,
1208072,2019/20,2019-12-13,"Shere Bangla National Stadium, Mirpur",2,16.4,Cumilla Warriors,Dhaka Platoon,Mahidul Islam Ankon,DJ Malan,NLTC Perera,1,0,,,,,,,,,
1208072,2019/20,2019-12-13,"Shere Bangla National Stadium, Mirpur",2,16.5,Cumilla Warriors,Dhaka Platoon,DJ Malan,Mahidul Islam Ankon,NLTC Perera,1,0,,,,,,,,,
1208072,2019/20,2019-12-13,"Shere Bangla National Stadium, Mirpur",2,16.6,Cumilla Warriors,Dhaka Platoon,Mahidul Islam Ankon,DJ Malan,NLTC Perera,1,0,,,,,,,,,
1208072,2019/20,2019-12-13,"Shere Bangla National Stadium, Mirpur",2,17.1,Cumilla Warriors,Dhaka Platoon,Mahidul Islam Ankon,DJ Malan,Wahab Riaz,0,0,,,,,,,,,
1208072,2019/20,2019-12-13,"Shere Bangla National Stadium, Mirpur",2,17.2,Cumilla Warriors,Dhaka Platoon,Mahidul Islam Ankon,DJ Malan,Wahab Riaz,2,0,,,,,,,,,
1208072,2019/20,2019-12-13,"Shere Bangla National Stadium, Mirpur",2,17.3,Cumilla Warriors,Dhaka Platoon,Mahidul Islam Ankon,DJ Malan,Wahab Riaz,1,0,,,,,,,,,
1208072,2019/20,2019-12-13,"Shere Bangla National Stadium, Mirpur",2,17.4,Cumilla Warriors,Dhaka Platoon,DJ Malan,Mahidul Islam Ankon,Wahab Riaz,0,0,,,,,,,,,
1208072,2019/20,2019-12-13,"Shere Bangla National Stadium, Mirpur",2,17.5,Cumilla Warriors,Dhaka Platoon,DJ Malan,Mahidul Islam Ankon,Wahab Riaz,0,0,,,,,,caught and bowled,DJ Malan,,
1208072,2019/20,2019-12-13,"Shere Bangla National Stadium, Mirpur",2,17.6,Cumilla Warriors,Dhaka Platoon,Mahidul Islam Ankon,Abu Hider,Wahab Riaz,1,0,,,,,,,,,
1208072,2019/20,2019-12-13,"Shere Bangla National Stadium, Mirpur",2,18.1,Cumilla Warriors,Dhaka Platoon,Mahidul Islam Ankon,Abu Hider,NLTC Perera,4,0,,,,,,,,,
1208072,2019/20,2019-12-13,"Shere Bangla National Stadium, Mirpur",2,18.2,Cumilla Warriors,Dhaka Platoon,Mahidul Islam Ankon,Abu Hider,NLTC Perera,6,0,,,,,,,,,
1208072,2019/20,2019-12-13,"Shere Bangla National Stadium, Mirpur",2,18.3,Cumilla Warriors,Dhaka Platoon,Mahidul Islam Ankon,Abu Hider,NLTC Perera,0,0,,,,,,caught,Mahidul Islam Ankon,,
1208072,2019/20,2019-12-13,"Shere Bangla National Stadium, Mirpur",2,18.4,Cumilla Warriors,Dhaka Platoon,Sunzamul Islam,Abu Hider,NLTC Perera,1,0,,,,,,,,,
1208072,2019/20,2019-12-13,"Shere Bangla National Stadium, Mirpur",2,18.5,Cumilla Warriors,Dhaka Platoon,Abu Hider,Sunzamul Islam,NLTC Perera,0,0,,,,,,caught,Abu Hider,,
1208072,2019/20,2019-12-13,"Shere Bangla National Stadium, Mirpur",2,18.6,Cumilla Warriors,Dhaka Platoon,Sunzamul Islam,Mujeeb Ur Rahman,NLTC Perera,0,0,,,,,,bowled,Sunzamul Islam,,
1208072,2019/20,2019-12-13,"Shere Bangla National Stadium, Mirpur",2,19.1,Cumilla Warriors,Dhaka Platoon,Mujeeb Ur Rahman,Al-Amin Hossain,Hasan Mahmud,0,0,,,,,,,,,
1208072,2019/20,2019-12-13,"Shere Bangla National Stadium, Mirpur",2,19.2,Cumilla Warriors,Dhaka Platoon,Mujeeb Ur Rahman,Al-Amin Hossain,Hasan Mahmud,1,0,,,,,,,,,
1208072,2019/20,2019-12-13,"Shere Bangla National Stadium, Mirpur",2,19.3,Cumilla Warriors,Dhaka Platoon,Al-Amin Hossain,Mujeeb Ur Rahman,Hasan Mahmud,1,0,,,,,,,,,
1208072,2019/20,2019-12-13,"Shere Bangla National Stadium, Mirpur",2,19.4,Cumilla Warriors,Dhaka Platoon,Mujeeb Ur Rahman,Al-Amin Hossain,Hasan Mahmud,1,0,,,,,,,,,
1208072,2019/20,2019-12-13,"Shere Bangla National Stadium, Mirpur",2,19.5,Cumilla Warriors,Dhaka Platoon,Al-Amin Hossain,Mujeeb Ur Rahman,Hasan Mahmud,1,0,,,,,,,,,
1208072,2019/20,2019-12-13,"Shere Bangla National Stadium, Mirpur",2,19.6,Cumilla Warriors,Dhaka Platoon,Mujeeb Ur Rahman,Al-Amin Hossain,Hasan Mahmud,2,0,,,,,,,,,
