match_id,season,start_date,venue,innings,ball,batting_team,bowling_team,striker,non_striker,bowler,runs_off_bat,extras,wides,noballs,byes,legbyes,penalty,wicket_type,player_dismissed,other_wicket_type,other_player_dismissed
1208077,2019/20,2019-12-18,"Zahur Ahmed Chowdhury Stadium, Chattogram",1,0.1,Rangpur Rangers,Cumilla Warriors,Mohammad Shahzad,Mohammad Naim,Mujeeb Ur Rahman,4,0,,,,,,,,,
1208077,2019/20,2019-12-18,"Zahur Ahmed Chowdhury Stadium, Chattogram",1,0.2,Rangpur Rangers,Cumilla Warriors,Mohammad Shahzad,Mohammad Naim,Mujeeb Ur Rahman,0,0,,,,,,,,,
1208077,2019/20,2019-12-18,"Zahur Ahmed Chowdhury Stadium, Chattogram",1,0.3,Rangpur Rangers,Cumilla Warriors,Mohammad Shahzad,Mohammad Naim,Mujeeb Ur Rahman,4,0,,,,,,,,,
1208077,2019/20,2019-12-18,"Zahur Ahmed Chowdhury Stadium, Chattogram",1,0.4,Rangpur Rangers,Cumilla Warriors,Mohammad Shahzad,Mohammad Naim,Mujeeb Ur Rahman,0,0,,,,,,,,,
1208077,2019/20,2019-12-18,"Zahur Ahmed Chowdhury Stadium, Chattogram",1,0.5,Rangpur Rangers,Cumilla Warriors,Mohammad Shahzad,Mohammad Naim,Mujeeb Ur Rahman,1,0,,,,,,,,,
1208077,2019/20,2019-12-18,"Zahur Ahmed Chowdhury Stadium, Chattogram",1,0.6,Rangpur Rangers,Cumilla Warriors,Mohammad Naim,Mohammad Shahzad,Mujeeb Ur Rahman,0,0,,,,,,,,,
1208077,2019/20,2019-12-18,"Zahur Ahmed Chowdhury Stadium, Chattogram",1,1.1,Rangpur Rangers,Cumilla Warriors,Mohammad Shahzad,Mohammad Naim,Abu Hider,6,0,,,,,,,,,
1208077,2019/20,2019-12-18,"Zahur Ahmed Chowdhury Stadium, Chattogram",1,1.2,Rangpur Rangers,Cumilla Warriors,Mohammad Shahzad,Mohammad Naim,Abu Hider,1,0,,,,,,,,,
1208077,2019/20,2019-12-18,"Zahur Ahmed Chowdhury Stadium, Chattogram",1,1.3,Rangpur Rangers,Cumilla Warriors,Mohammad Naim,Mohammad Shahzad,Abu Hider,0,1,,,,1,,,,,
1208077,2019/20,2019-12-18,"Zahur Ahmed Chowdhury Stadium, Chattogram",1,1.4,Rangpur Rangers,Cumilla Warriors,Mohammad Shahzad,Mohammad Naim,Abu Hider,6,0,,,,,,,,,
1208077,2019/20,2019-12-18,"Zahur Ahmed Chowdhury Stadium, Chattogram",1,1.5,Rangpur Rangers,Cumilla Warriors,Mohammad Shahzad,Mohammad Naim,Abu Hider,0,0,,,,,,,,,
1208077,2019/20,2019-12-18,"Zahur Ahmed Chowdhury Stadium, Chattogram",1,1.6,Rangpur Rangers,Cumilla Warriors,Mohammad Shahzad,Mohammad Naim,Abu Hider,0,0,,,,,,,,,
1208077,2019/20,2019-12-18,"Zahur Ahmed Chowdhury Stadium, Chattogram",1,2.1,Rangpur Rangers,Cumilla Warriors,Mohammad Naim,Mohammad Shahzad,Mujeeb Ur Rahman,0,0,,,,,,,,,
1208077,2019/20,2019-12-18,"Zahur Ahmed Chowdhury Stadium, Chattogram",1,2.2,Rangpur Rangers,Cumilla Warriors,Mohammad Naim,Mohammad Shahzad,Mujeeb Ur Rahman,1,0,,,,,,,,,
1208077,2019/20,2019-12-18,"Zahur Ahmed Chowdhury Stadium, Chattogram",1,2.3,Rangpur Rangers,Cumilla Warriors,Mohammad Shahzad,Mohammad Naim,Mujeeb Ur Rahman,1,0,,,,,,,,,
1208077,2019/20,2019-12-18,"Zahur Ahmed Chowdhury Stadium, Chattogram",1,2.4,Rangpur Rangers,Cumilla Warriors,Mohammad Naim,Mohammad Shahzad,Mujeeb Ur Rahman,0,0,,,,,,,,,
1208077,2019/20,2019-12-18,"Zahur Ahmed Chowdhury Stadium, Chattogram",1,2.5,Rangpur Rangers,Cumilla Warriors,Mohammad Naim,Mohammad Shahzad,Mujeeb Ur Rahman,2,0,,,,,,,,,
1208077,2019/20,2019-12-18,"Zahur Ahmed Chowdhury Stadium, Chattogram",1,2.6,Rangpur Rangers,Cumilla Warriors,Mohammad Naim,Mohammad Shahzad,Mujeeb Ur Rahman,0,0,,,,,,,,,
1208077,2019/20,2019-12-18,"Zahur Ahmed Chowdhury Stadium, Chattogram",1,3.1,Rangpur Rangers,Cumilla Warriors,Mohammad Shahzad,Mohammad Naim,Sunzamul Islam,4,0,,,,,,,,,
1208077,2019/20,2019-12-18,"Zahur Ahmed Chowdhury Stadium, Chattogram",1,3.2,Rangpur Rangers,Cumilla Warriors,Mohammad Shahzad,Mohammad Naim,Sunzamul Islam,0,0,,,,,,,,,
1208077,2019/20,2019-12-18,"Zahur Ahmed Chowdhury Stadium, Chattogram",1,3.3,Rangpur Rangers,Cumilla Warriors,Mohammad Shahzad,Mohammad Naim,Sunzamul Islam,1,0,,,,,,,,,
1208077,2019/20,2019-12-18,"Zahur Ahmed Chowdhury Stadium, Chattogram",1,3.4,Rangpur Rangers,Cumilla Warriors,Mohammad Naim,Mohammad Shahzad,Sunzamul Islam,1,0,,,,,,,,,
1208077,2019/20,2019-12-18,"Zahur Ahmed Chowdhury Stadium, Chattogram",1,3.5,Rangpur Rangers,Cumilla Warriors,Mohammad Shahzad,Mohammad Naim,Sunzamul Islam,6,0,,,,,,,,,
1208077,2019/20,2019-12-18,"Zahur Ahmed Chowdhury Stadium, Chattogram",1,3.6,Rangpur Rangers,Cumilla Warriors,Mohammad Shahzad,Mohammad Naim,Sunzamul Islam,6,0,,,,,,,,,
1208077,2019/20,2019-12-18,"Zahur Ahmed Chowdhury Stadium, Chattogram",1,4.1,Rangpur Rangers,Cumilla Warriors,Mohammad Naim,Mohammad Shahzad,Al-Amin Hossain,4,0,,,,,,,,,
1208077,2019/20,2019-12-18,"Zahur Ahmed Chowdhury Stadium, Chattogram",1,4.2,Rangpur Rangers,Cumilla Warriors,Mohammad Naim,Mohammad Shahzad,Al-Amin Hossain,0,0,,,,,,run out,Mohammad Naim,,
1208077,2019/20,2019-12-18,"Zahur Ahmed Chowdhury Stadium, Chattogram",1,4.3,Rangpur Rangers,Cumilla Warriors,Mohammad Shahzad,TB Abell,Al-Amin Hossain,4,0,,,,,,,,,
1208077,2019/20,2019-12-18,"Zahur Ahmed Chowdhury Stadium, Chattogram",1,4.4,Rangpur Rangers,Cumilla Warriors,Mohammad Shahzad,TB Abell,Al-Amin Hossain,0,0,,,,,,,,,
1208077,2019/20,2019-12-18,"Zahur Ahmed Chowdhury Stadium, Chattogram",1,4.5,Rangpur Rangers,Cumilla Warriors,Mohammad Shahzad,TB Abell,Al-Amin Hossain,1,0,,,,,,,,,
1208077,2019/20,2019-12-18,"Zahur Ahmed Chowdhury Stadium, Chattogram",1,4.6,Rangpur Rangers,Cumilla Warriors,TB Abell,Mohammad Shahzad,Al-Amin Hossain,0,0,,,,,,,,,
1208077,2019/20,2019-12-18,"Zahur Ahmed Chowdhury Stadium, Chattogram",1,5.1,Rangpur Rangers,Cumilla Warriors,Mohammad Shahzad,TB Abell,Abu Hider,4,0,,,,,,,,,
1208077,2019/20,2019-12-18,"Zahur Ahmed Chowdhury Stadium, Chattogram",1,5.2,Rangpur Rangers,Cumilla Warriors,Mohammad Shahzad,TB Abell,Abu Hider,4,0,,,,,,,,,
1208077,2019/20,2019-12-18,"Zahur Ahmed Chowdhury Stadium, Chattogram",1,5.3,Rangpur Rangers,Cumilla Warriors,Mohammad Shahzad,TB Abell,Abu Hider,1,0,,,,,,,,,
1208077,2019/20,2019-12-18,"Zahur Ahmed Chowdhury Stadium, Chattogram",1,5.4,Rangpur Rangers,Cumilla Warriors,TB Abell,Mohammad Shahzad,Abu Hider,4,0,,,,,,,,,
1208077,2019/20,2019-12-18,"Zahur Ahmed Chowdhury Stadium, Chattogram",1,5.5,Rangpur Rangers,Cumilla Warriors,TB Abell,Mohammad Shahzad,Abu Hider,0,0,,,,,,,,,
1208077,2019/20,2019-12-18,"Zahur Ahmed Chowdhury Stadium, Chattogram",1,5.6,Rangpur Rangers,Cumilla Warriors,TB Abell,Mohammad Shahzad,Abu Hider,1,0,,,,,,,,,
1208077,2019/20,2019-12-18,"Zahur Ahmed Chowdhury Stadium, Chattogram",1,6.1,Rangpur Rangers,Cumilla Warriors,TB Abell,Mohammad Shahzad,Sunzamul Islam,1,0,,,,,,,,,
1208077,2019/20,2019-12-18,"Zahur Ahmed Chowdhury Stadium, Chattogram",1,6.2,Rangpur Rangers,Cumilla Warriors,Mohammad Shahzad,TB Abell,Sunzamul Islam,1,0,,,,,,,,,
1208077,2019/20,2019-12-18,"Zahur Ahmed Chowdhury Stadium, Chattogram",1,6.3,Rangpur Rangers,Cumilla Warriors,TB Abell,Mohammad Shahzad,Sunzamul Islam,1,0,,,,,,,,,
1208077,2019/20,2019-12-18,"Zahur Ahmed Chowdhury Stadium, Chattogram",1,6.4,Rangpur Rangers,Cumilla Warriors,Mohammad Shahzad,TB Abell,Sunzamul Islam,0,1,1,,,,,,,,
1208077,2019/20,2019-12-18,"Zahur Ahmed Chowdhury Stadium, Chattogram",1,6.5,Rangpur Rangers,Cumilla Warriors,Mohammad Shahzad,TB Abell,Sunzamul Islam,1,0,,,,,,,,,
1208077,2019/20,2019-12-18,"Zahur Ahmed Chowdhury Stadium, Chattogram",1,6.6,Rangpur Rangers,Cumilla Warriors,TB Abell,Mohammad Shahzad,Sunzamul Islam,1,0,,,,,,,,,
1208077,2019/20,2019-12-18,"Zahur Ahmed Chowdhury Stadium, Chattogram",1,6.7,Rangpur Rangers,Cumilla Warriors,Mohammad Shahzad,TB Abell,Sunzamul Islam,4,0,,,,,,,,,
1208077,2019/20,2019-12-18,"Zahur Ahmed Chowdhury Stadium, Chattogram",1,7.1,Rangpur Rangers,Cumilla Warriors,TB Abell,Mohammad Shahzad,Al-Amin Hossain,2,0,,,,,,,,,
1208077,2019/20,2019-12-18,"Zahur Ahmed Chowdhury Stadium, Chattogram",1,7.2,Rangpur Rangers,Cumilla Warriors,TB Abell,Mohammad Shahzad,Al-Amin Hossain,1,0,,,,,,,,,
1208077,2019/20,2019-12-18,"Zahur Ahmed Chowdhury Stadium, Chattogram",1,7.3,Rangpur Rangers,Cumilla Warriors,Mohammad Shahzad,TB Abell,Al-Amin Hossain,1,0,,,,,,,,,
1208077,2019/20,2019-12-18,"Zahur Ahmed Chowdhury Stadium, Chattogram",1,7.4,Rangpur Rangers,Cumilla Warriors,TB Abell,Mohammad Shahzad,Al-Amin Hossain,4,0,,,,,,,,,
1208077,2019/20,2019-12-18,"Zahur Ahmed Chowdhury Stadium, Chattogram",1,7.5,Rangpur Rangers,Cumilla Warriors,TB Abell,Mohammad Shahzad,Al-Amin Hossain,0,0,,,,,,,,,
1208077,2019/20,2019-12-18,"Zahur Ahmed Chowdhury Stadium, Chattogram",1,7.6,Rangpur Rangers,Cumilla Warriors,TB Abell,Mohammad Shahzad,Al-Amin Hossain,0,0,,,,,,,,,
1208077,2019/20,2019-12-18,"Zahur Ahmed Chowdhury Stadium, Chattogram",1,8.1,Rangpur Rangers,Cumilla Warriors,Mohammad Shahzad,TB Abell,Sunzamul Islam,0,0,,,,,,caught,Mohammad Shahzad,,
1208077,2019/20,2019-12-18,"Zahur Ahmed Chowdhury Stadium, Chattogram",1,8.2,Rangpur Rangers,Cumilla Warriors,Al-Amin,TB Abell,Sunzamul Islam,0,0,,,,,,,,,
1208077,2019/20,2019-12-18,"Zahur Ahmed Chowdhury Stadium, Chattogram",1,8.3,Rangpur Rangers,Cumilla Warriors,Al-Amin,TB Abell,Sunzamul Islam,0,0,,,,,,,,,
1208077,2019/20,2019-12-18,"Zahur Ahmed Chowdhury Stadium, Chattogram",1,8.4,Rangpur Rangers,Cumilla Warriors,Al-Amin,TB Abell,Sunzamul Islam,0,0,,,,,,,,,
1208077,2019/20,2019-12-18,"Zahur Ahmed Chowdhury Stadium, Chattogram",1,8.5,Rangpur Rangers,Cumilla Warriors,Al-Amin,TB Abell,Sunzamul Islam,1,0,,,,,,run out,Al-Amin,,
1208077,2019/20,2019-12-18,"Zahur Ahmed Chowdhury Stadium, Chattogram",1,8.6,Rangpur Rangers,Cumilla Warriors,TB Abell,Mohammad Nabi,Sunzamul Islam,1,0,,,,,,,,,
1208077,2019/20,2019-12-18,"Zahur Ahmed Chowdhury Stadium, Chattogram",1,9.1,Rangpur Rangers,Cumilla Warriors,TB Abell,Mohammad Nabi,Abu Hider,1,0,,,,,,,,,
1208077,2019/20,2019-12-18,"Zahur Ahmed Chowdhury Stadium, Chattogram",1,9.2,Rangpur Rangers,Cumilla Warriors,Mohammad Nabi,TB Abell,Abu Hider,0,0,,,,,,,,,
1208077,2019/20,2019-12-18,"Zahur Ahmed Chowdhury Stadium, Chattogram",1,9.3,Rangpur Rangers,Cumilla Warriors,Mohammad Nabi,TB Abell,Abu Hider,1,0,,,,,,,,,
1208077,2019/20,2019-12-18,"Zahur Ahmed Chowdhury Stadium, Chattogram",1,9.4,Rangpur Rangers,Cumilla Warriors,TB Abell,Mohammad Nabi,Abu Hider,0,0,,,,,,,,,
1208077,2019/20,2019-12-18,"Zahur Ahmed Chowdhury Stadium, Chattogram",1,9.5,Rangpur Rangers,Cumilla Warriors,TB Abell,Mohammad Nabi,Abu Hider,1,0,,,,,,,,,
1208077,2019/20,2019-12-18,"Zahur Ahmed Chowdhury Stadium, Chattogram",1,9.6,Rangpur Rangers,Cumilla Warriors,Mohammad Nabi,TB Abell,Abu Hider,0,0,,,,,,,,,
1208077,2019/20,2019-12-18,"Zahur Ahmed Chowdhury Stadium, Chattogram",1,10.1,Rangpur Rangers,Cumilla Warriors,TB Abell,Mohammad Nabi,Sunzamul Islam,1,0,,,,,,,,,
1208077,2019/20,2019-12-18,"Zahur Ahmed Chowdhury Stadium, Chattogram",1,10.2,Rangpur Rangers,Cumilla Warriors,Mohammad Nabi,TB Abell,Sunzamul Islam,4,0,,,,,,,,,
1208077,2019/20,2019-12-18,"Zahur Ahmed Chowdhury Stadium, Chattogram",1,10.3,Rangpur Rangers,Cumilla Warriors,Mohammad Nabi,TB Abell,Sunzamul Islam,1,0,,,,,,,,,
1208077,2019/20,2019-12-18,"Zahur Ahmed Chowdhury Stadium, Chattogram",1,10.4,Rangpur Rangers,Cumilla Warriors,TB Abell,Mohammad Nabi,Sunzamul Islam,1,0,,,,,,,,,
1208077,2019/20,2019-12-18,"Zahur Ahmed Chowdhury Stadium, Chattogram",1,10.5,Rangpur Rangers,Cumilla Warriors,Mohammad Nabi,TB Abell,Sunzamul Islam,0,0,,,,,,,,,
1208077,2019/20,2019-12-18,"Zahur Ahmed Chowdhury Stadium, Chattogram",1,10.6,Rangpur Rangers,Cumilla Warriors,Mohammad Nabi,TB Abell,Sunzamul Islam,1,0,,,,,,,,,
1208077,2019/20,2019-12-18,"Zahur Ahmed Chowdhury Stadium, Chattogram",1,11.1,Rangpur Rangers,Cumilla Warriors,Mohammad Nabi,TB Abell,Abu Hider,1,0,,,,,,,,,
1208077,2019/20,2019-12-18,"Zahur Ahmed Chowdhury Stadium, Chattogram",1,11.2,Rangpur Rangers,Cumilla Warriors,TB Abell,Mohammad Nabi,Abu Hider,0,0,,,,,,,,,
1208077,2019/20,2019-12-18,"Zahur Ahmed Chowdhury Stadium, Chattogram",1,11.3,Rangpur Rangers,Cumilla Warriors,TB Abell,Mohammad Nabi,Abu Hider,1,0,,,,,,,,,
1208077,2019/20,2019-12-18,"Zahur Ahmed Chowdhury Stadium, Chattogram",1,11.4,Rangpur Rangers,Cumilla Warriors,Mohammad Nabi,TB Abell,Abu Hider,4,0,,,,,,,,,
1208077,2019/20,2019-12-18,"Zahur Ahmed Chowdhury Stadium, Chattogram",1,11.5,Rangpur Rangers,Cumilla Warriors,Mohammad Nabi,TB Abell,Abu Hider,1,0,,,,,,,,,
1208077,2019/20,2019-12-18,"Zahur Ahmed Chowdhury Stadium, Chattogram",1,11.6,Rangpur Rangers,Cumilla Warriors,TB Abell,Mohammad Nabi,Abu Hider,2,0,,,,,,,,,
1208077,2019/20,2019-12-18,"Zahur Ahmed Chowdhury Stadium, Chattogram",1,12.1,Rangpur Rangers,Cumilla Warriors,Mohammad Nabi,TB Abell,MD Shanaka,1,0,,,,,,,,,
1208077,2019/20,2019-12-18,"Zahur Ahmed Chowdhury Stadium, Chattogram",1,12.2,Rangpur Rangers,Cumilla Warriors,TB Abell,Mohammad Nabi,MD Shanaka,1,0,,,,,,,,,
1208077,2019/20,2019-12-18,"Zahur Ahmed Chowdhury Stadium, Chattogram",1,12.3,Rangpur Rangers,Cumilla Warriors,Mohammad Nabi,TB Abell,MD Shanaka,1,0,,,,,,,,,
1208077,2019/20,2019-12-18,"Zahur Ahmed Chowdhury Stadium, Chattogram",1,12.4,Rangpur Rangers,Cumilla Warriors,TB Abell,Mohammad Nabi,MD Shanaka,0,1,1,,,,,,,,
1208077,2019/20,2019-12-18,"Zahur Ahmed Chowdhury Stadium, Chattogram",1,12.5,Rangpur Rangers,Cumilla Warriors,TB Abell,Mohammad Nabi,MD Shanaka,0,0,,,,,,,,,
1208077,2019/20,2019-12-18,"Zahur Ahmed Chowdhury Stadium, Chattogram",1,12.6,Rangpur Rangers,Cumilla Warriors,TB Abell,Mohammad Nabi,MD Shanaka,1,0,,,,,,,,,
1208077,2019/20,2019-12-18,"Zahur Ahmed Chowdhury Stadium, Chattogram",1,12.7,Rangpur Rangers,Cumilla Warriors,Mohammad Nabi,TB Abell,MD Shanaka,0,0,,,,,,,,,
1208077,2019/20,2019-12-18,"Zahur Ahmed Chowdhury Stadium, Chattogram",1,13.1,Rangpur Rangers,Cumilla Warriors,TB Abell,Mohammad Nabi,Soumya Sarkar,0,0,,,,,,caught,TB Abell,,
1208077,2019/20,2019-12-18,"Zahur Ahmed Chowdhury Stadium, Chattogram",1,13.2,Rangpur Rangers,Cumilla Warriors,L Gregory,Mohammad Nabi,Soumya Sarkar,2,0,,,,,,,,,
1208077,2019/20,2019-12-18,"Zahur Ahmed Chowdhury Stadium, Chattogram",1,13.3,Rangpur Rangers,Cumilla Warriors,L Gregory,Mohammad Nabi,Soumya Sarkar,1,0,,,,,,,,,
1208077,2019/20,2019-12-18,"Zahur Ahmed Chowdhury Stadium, Chattogram",1,13.4,Rangpur Rangers,Cumilla Warriors,Mohammad Nabi,L Gregory,Soumya Sarkar,1,0,,,,,,,,,
1208077,2019/20,2019-12-18,"Zahur Ahmed Chowdhury Stadium, Chattogram",1,13.5,Rangpur Rangers,Cumilla Warriors,L Gregory,Mohammad Nabi,Soumya Sarkar,0,0,,,,,,,,,
1208077,2019/20,2019-12-18,"Zahur Ahmed Chowdhury Stadium, Chattogram",1,13.6,Rangpur Rangers,Cumilla Warriors,L Gregory,Mohammad Nabi,Soumya Sarkar,4,0,,,,,,,,,
1208077,2019/20,2019-12-18,"Zahur Ahmed Chowdhury Stadium, Chattogram",1,14.1,Rangpur Rangers,Cumilla Warriors,Mohammad Nabi,L Gregory,MD Shanaka,1,0,,,,,,,,,
1208077,2019/20,2019-12-18,"Zahur Ahmed Chowdhury Stadium, Chattogram",1,14.2,Rangpur Rangers,Cumilla Warriors,L Gregory,Mohammad Nabi,MD Shanaka,0,0,,,,,,,,,
1208077,2019/20,2019-12-18,"Zahur Ahmed Chowdhury Stadium, Chattogram",1,14.3,Rangpur Rangers,Cumilla Warriors,L Gregory,Mohammad Nabi,MD Shanaka,0,1,1,,,,,,,,
1208077,2019/20,2019-12-18,"Zahur Ahmed Chowdhury Stadium, Chattogram",1,14.4,Rangpur Rangers,Cumilla Warriors,L Gregory,Mohammad Nabi,MD Shanaka,1,0,,,,,,,,,
1208077,2019/20,2019-12-18,"Zahur Ahmed Chowdhury Stadium, Chattogram",1,14.5,Rangpur Rangers,Cumilla Warriors,Mohammad Nabi,L Gregory,MD Shanaka,4,0,,,,,,,,,
1208077,2019/20,2019-12-18,"Zahur Ahmed Chowdhury Stadium, Chattogram",1,14.6,Rangpur Rangers,Cumilla Warriors,Mohammad Nabi,L Gregory,MD Shanaka,2,0,,,,,,,,,
1208077,2019/20,2019-12-18,"Zahur Ahmed Chowdhury Stadium, Chattogram",1,14.7,Rangpur Rangers,Cumilla Warriors,Mohammad Nabi,L Gregory,MD Shanaka,0,1,1,,,,,,,,
1208077,2019/20,2019-12-18,"Zahur Ahmed Chowdhury Stadium, Chattogram",1,14.8,Rangpur Rangers,Cumilla Warriors,Mohammad Nabi,L Gregory,MD Shanaka,1,0,,,,,,,,,
1208077,2019/20,2019-12-18,"Zahur Ahmed Chowdhury Stadium, Chattogram",1,15.1,Rangpur Rangers,Cumilla Warriors,Mohammad Nabi,L Gregory,Mujeeb Ur Rahman,2,0,,,,,,,,,
1208077,2019/20,2019-12-18,"Zahur Ahmed Chowdhury Stadium, Chattogram",1,15.2,Rangpur Rangers,Cumilla Warriors,Mohammad Nabi,L Gregory,Mujeeb Ur Rahman,0,0,,,,,,bowled,Mohammad Nabi,,
1208077,2019/20,2019-12-18,"Zahur Ahmed Chowdhury Stadium, Chattogram",1,15.3,Rangpur Rangers,Cumilla Warriors,Nadif Chowdhury,L Gregory,Mujeeb Ur Rahman,0,0,,,,,,,,,
1208077,2019/20,2019-12-18,"Zahur Ahmed Chowdhury Stadium, Chattogram",1,15.4,Rangpur Rangers,Cumilla Warriors,Nadif Chowdhury,L Gregory,Mujeeb Ur Rahman,1,0,,,,,,,,,
1208077,2019/20,2019-12-18,"Zahur Ahmed Chowdhury Stadium, Chattogram",1,15.5,Rangpur Rangers,Cumilla Warriors,L Gregory,Nadif Chowdhury,Mujeeb Ur Rahman,2,0,,,,,,,,,
1208077,2019/20,2019-12-18,"Zahur Ahmed Chowdhury Stadium, Chattogram",1,15.6,Rangpur Rangers,Cumilla Warriors,L Gregory,Nadif Chowdhury,Mujeeb Ur Rahman,0,0,,,,,,,,,
1208077,2019/20,2019-12-18,"Zahur Ahmed Chowdhury Stadium, Chattogram",1,16.1,Rangpur Rangers,Cumilla Warriors,Nadif Chowdhury,L Gregory,Al-Amin Hossain,1,0,,,,,,,,,
1208077,2019/20,2019-12-18,"Zahur Ahmed Chowdhury Stadium, Chattogram",1,16.2,Rangpur Rangers,Cumilla Warriors,L Gregory,Nadif Chowdhury,Al-Amin Hossain,1,0,,,,,,,,,
1208077,2019/20,2019-12-18,"Zahur Ahmed Chowdhury Stadium, Chattogram",1,16.3,Rangpur Rangers,Cumilla Warriors,Nadif Chowdhury,L Gregory,Al-Amin Hossain,1,0,,,,,,,,,
1208077,2019/20,2019-12-18,"Zahur Ahmed Chowdhury Stadium, Chattogram",1,16.4,Rangpur Rangers,Cumilla Warriors,L Gregory,Nadif Chowdhury,Al-Amin Hossain,4,0,,,,,,,,,
1208077,2019/20,2019-12-18,"Zahur Ahmed Chowdhury Stadium, Chattogram",1,16.5,Rangpur Rangers,Cumilla Warriors,L Gregory,Nadif Chowdhury,Al-Amin Hossain,6,0,,,,,,,,,
1208077,2019/20,2019-12-18,"Zahur Ahmed Chowdhury Stadium, Chattogram",1,16.6,Rangpur Rangers,Cumilla Warriors,L Gregory,Nadif Chowdhury,Al-Amin Hossain,0,0,,,,,,caught,L Gregory,,
1208077,2019/20,2019-12-18,"Zahur Ahmed Chowdhury Stadium, Chattogram",1,17.1,Rangpur Rangers,Cumilla Warriors,Jahurul Islam,Nadif Chowdhury,Mujeeb Ur Rahman,0,0,,,,,,bowled,Jahurul Islam,,
1208077,2019/20,2019-12-18,"Zahur Ahmed Chowdhury Stadium, Chattogram",1,17.2,Rangpur Rangers,Cumilla Warriors,Arafat Sunny,Nadif Chowdhury,Mujeeb Ur Rahman,0,0,,,,,,,,,
1208077,2019/20,2019-12-18,"Zahur Ahmed Chowdhury Stadium, Chattogram",1,17.3,Rangpur Rangers,Cumilla Warriors,Arafat Sunny,Nadif Chowdhury,Mujeeb Ur Rahman,1,0,,,,,,,,,
1208077,2019/20,2019-12-18,"Zahur Ahmed Chowdhury Stadium, Chattogram",1,17.4,Rangpur Rangers,Cumilla Warriors,Nadif Chowdhury,Arafat Sunny,Mujeeb Ur Rahman,0,1,,,,1,,,,,
1208077,2019/20,2019-12-18,"Zahur Ahmed Chowdhury Stadium, Chattogram",1,17.5,Rangpur Rangers,Cumilla Warriors,Arafat Sunny,Nadif Chowdhury,Mujeeb Ur Rahman,0,1,1,,,,,,,,
1208077,2019/20,2019-12-18,"Zahur Ahmed Chowdhury Stadium, Chattogram",1,17.6,Rangpur Rangers,Cumilla Warriors,Arafat Sunny,Nadif Chowdhury,Mujeeb Ur Rahman,4,0,,,,,,,,,
1208077,2019/20,2019-12-18,"Zahur Ahmed Chowdhury Stadium, Chattogram",1,17.7,Rangpur Rangers,Cumilla Warriors,Arafat Sunny,Nadif Chowdhury,Mujeeb Ur Rahman,1,0,,,,,,,,,
1208077,2019/20,2019-12-18,"Zahur Ahmed Chowdhury Stadium, Chattogram",1,18.1,Rangpur Rangers,Cumilla Warriors,Arafat Sunny,Nadif Chowdhury,Soumya Sarkar,0,0,,,,,,,,,
1208077,2019/20,2019-12-18,"Zahur Ahmed Chowdhury Stadium, Chattogram",1,18.2,Rangpur Rangers,Cumilla Warriors,Arafat Sunny,Nadif Chowdhury,Soumya Sarkar,1,0,,,,,,,,,
1208077,2019/20,2019-12-18,"Zahur Ahmed Chowdhury Stadium, Chattogram",1,18.3,Rangpur Rangers,Cumilla Warriors,Nadif Chowdhury,Arafat Sunny,Soumya Sarkar,1,0,,,,,,,,,
1208077,2019/20,2019-12-18,"Zahur Ahmed Chowdhury Stadium, Chattogram",1,18.4,Rangpur Rangers,Cumilla Warriors,Arafat Sunny,Nadif Chowdhury,Soumya Sarkar,4,0,,,,,,,,,
1208077,2019/20,2019-12-18,"Zahur Ahmed Chowdhury Stadium, Chattogram",1,18.5,Rangpur Rangers,Cumilla Warriors,Arafat Sunny,Nadif Chowdhury,Soumya Sarkar,1,0,,,,,,,,,
1208077,2019/20,2019-12-18,"Zahur Ahmed Chowdhury Stadium, Chattogram",1,18.6,Rangpur Rangers,Cumilla Warriors,Nadif Chowdhury,Arafat Sunny,Soumya Sarkar,1,0,,,,,,,,,
1208077,2019/20,2019-12-18,"Zahur Ahmed Chowdhury Stadium, Chattogram",1,19.1,Rangpur Rangers,Cumilla Warriors,Nadif Chowdhury,Arafat Sunny,Al-Amin Hossain,6,0,,,,,,,,,
1208077,2019/20,2019-12-18,"Zahur Ahmed Chowdhury Stadium, Chattogram",1,19.2,Rangpur Rangers,Cumilla Warriors,Nadif Chowdhury,Arafat Sunny,Al-Amin Hossain,2,1,,1,,,,,,,
1208077,2019/20,2019-12-18,"Zahur Ahmed Chowdhury Stadium, Chattogram",1,19.3,Rangpur Rangers,Cumilla Warriors,Nadif Chowdhury,Arafat Sunny,Al-Amin Hossain,1,0,,,,,,,,,
1208077,2019/20,2019-12-18,"Zahur Ahmed Chowdhury Stadium, Chattogram",1,19.4,Rangpur Rangers,Cumilla Warriors,Arafat Sunny,Nadif Chowdhury,Al-Amin Hossain,2,0,,,,,,,,,
1208077,2019/20,2019-12-18,"Zahur Ahmed Chowdhury Stadium, Chattogram",1,19.5,Rangpur Rangers,Cumilla Warriors,Arafat Sunny,Nadif Chowdhury,Al-Amin Hossain,1,0,,,,,,,,,
1208077,2019/20,2019-12-18,"Zahur Ahmed Chowdhury Stadium, Chattogram",1,19.6,Rangpur Rangers,Cumilla Warriors,Nadif Chowdhury,Arafat Sunny,Al-Amin Hossain,1,0,,,,,,run out,Nadif Chowdhury,,
1208077,2019/20,2019-12-18,"Zahur Ahmed Chowdhury Stadium, Chattogram",1,19.7,Rangpur Rangers,Cumilla Warriors,Mustafizur Rahman,Arafat Sunny,Al-Amin Hossain,1,0,,,,,,,,,
1208077,2019/20,2019-12-18,"Zahur Ahmed Chowdhury Stadium, Chattogram",2,0.1,Cumilla Warriors,Rangpur Rangers,PBB Rajapaksa,Soumya Sarkar,Al-Amin,1,0,,,,,,,,,
1208077,2019/20,2019-12-18,"Zahur Ahmed Chowdhury Stadium, Chattogram",2,0.2,Cumilla Warriors,Rangpur Rangers,Soumya Sarkar,PBB Rajapaksa,Al-Amin,4,0,,,,,,,,,
1208077,2019/20,2019-12-18,"Zahur Ahmed Chowdhury Stadium, Chattogram",2,0.3,Cumilla Warriors,Rangpur Rangers,Soumya Sarkar,PBB Rajapaksa,Al-Amin,4,0,,,,,,,,,
1208077,2019/20,2019-12-18,"Zahur Ahmed Chowdhury Stadium, Chattogram",2,0.4,Cumilla Warriors,Rangpur Rangers,Soumya Sarkar,PBB Rajapaksa,Al-Amin,4,0,,,,,,,,,
1208077,2019/20,2019-12-18,"Zahur Ahmed Chowdhury Stadium, Chattogram",2,0.5,Cumilla Warriors,Rangpur Rangers,Soumya Sarkar,PBB Rajapaksa,Al-Amin,4,0,,,,,,,,,
1208077,2019/20,2019-12-18,"Zahur Ahmed Chowdhury Stadium, Chattogram",2,0.6,Cumilla Warriors,Rangpur Rangers,Soumya Sarkar,PBB Rajapaksa,Al-Amin,0,0,,,,,,,,,
1208077,2019/20,2019-12-18,"Zahur Ahmed Chowdhury Stadium, Chattogram",2,1.1,Cumilla Warriors,Rangpur Rangers,PBB Rajapaksa,Soumya Sarkar,Mohammad Nabi,0,0,,,,,,,,,
1208077,2019/20,2019-12-18,"Zahur Ahmed Chowdhury Stadium, Chattogram",2,1.2,Cumilla Warriors,Rangpur Rangers,PBB Rajapaksa,Soumya Sarkar,Mohammad Nabi,1,0,,,,,,,,,
1208077,2019/20,2019-12-18,"Zahur Ahmed Chowdhury Stadium, Chattogram",2,1.3,Cumilla Warriors,Rangpur Rangers,Soumya Sarkar,PBB Rajapaksa,Mohammad Nabi,0,0,,,,,,,,,
1208077,2019/20,2019-12-18,"Zahur Ahmed Chowdhury Stadium, Chattogram",2,1.4,Cumilla Warriors,Rangpur Rangers,Soumya Sarkar,PBB Rajapaksa,Mohammad Nabi,0,0,,,,,,,,,
1208077,2019/20,2019-12-18,"Zahur Ahmed Chowdhury Stadium, Chattogram",2,1.5,Cumilla Warriors,Rangpur Rangers,Soumya Sarkar,PBB Rajapaksa,Mohammad Nabi,0,0,,,,,,,,,
1208077,2019/20,2019-12-18,"Zahur Ahmed Chowdhury Stadium, Chattogram",2,1.6,Cumilla Warriors,Rangpur Rangers,Soumya Sarkar,PBB Rajapaksa,Mohammad Nabi,1,0,,,,,,,,,
1208077,2019/20,2019-12-18,"Zahur Ahmed Chowdhury Stadium, Chattogram",2,2.1,Cumilla Warriors,Rangpur Rangers,Soumya Sarkar,PBB Rajapaksa,Mukidul Islam,1,0,,,,,,,,,
1208077,2019/20,2019-12-18,"Zahur Ahmed Chowdhury Stadium, Chattogram",2,2.2,Cumilla Warriors,Rangpur Rangers,PBB Rajapaksa,Soumya Sarkar,Mukidul Islam,1,0,,,,,,,,,
1208077,2019/20,2019-12-18,"Zahur Ahmed Chowdhury Stadium, Chattogram",2,2.3,Cumilla Warriors,Rangpur Rangers,Soumya Sarkar,PBB Rajapaksa,Mukidul Islam,0,0,,,,,,,,,
1208077,2019/20,2019-12-18,"Zahur Ahmed Chowdhury Stadium, Chattogram",2,2.4,Cumilla Warriors,Rangpur Rangers,Soumya Sarkar,PBB Rajapaksa,Mukidul Islam,0,0,,,,,,,,,
1208077,2019/20,2019-12-18,"Zahur Ahmed Chowdhury Stadium, Chattogram",2,2.5,Cumilla Warriors,Rangpur Rangers,Soumya Sarkar,PBB Rajapaksa,Mukidul Islam,1,0,,,,,,,,,
1208077,2019/20,2019-12-18,"Zahur Ahmed Chowdhury Stadium, Chattogram",2,2.6,Cumilla Warriors,Rangpur Rangers,PBB Rajapaksa,Soumya Sarkar,Mukidul Islam,0,0,,,,,,,,,
1208077,2019/20,2019-12-18,"Zahur Ahmed Chowdhury Stadium, Chattogram",2,3.1,Cumilla Warriors,Rangpur Rangers,Soumya Sarkar,PBB Rajapaksa,Mohammad Nabi,1,0,,,,,,,,,
1208077,2019/20,2019-12-18,"Zahur Ahmed Chowdhury Stadium, Chattogram",2,3.2,Cumilla Warriors,Rangpur Rangers,PBB Rajapaksa,Soumya Sarkar,Mohammad Nabi,1,0,,,,,,,,,
1208077,2019/20,2019-12-18,"Zahur Ahmed Chowdhury Stadium, Chattogram",2,3.3,Cumilla Warriors,Rangpur Rangers,Soumya Sarkar,PBB Rajapaksa,Mohammad Nabi,1,0,,,,,,,,,
1208077,2019/20,2019-12-18,"Zahur Ahmed Chowdhury Stadium, Chattogram",2,3.4,Cumilla Warriors,Rangpur Rangers,PBB Rajapaksa,Soumya Sarkar,Mohammad Nabi,4,0,,,,,,,,,
1208077,2019/20,2019-12-18,"Zahur Ahmed Chowdhury Stadium, Chattogram",2,3.5,Cumilla Warriors,Rangpur Rangers,PBB Rajapaksa,Soumya Sarkar,Mohammad Nabi,4,0,,,,,,,,,
1208077,2019/20,2019-12-18,"Zahur Ahmed Chowdhury Stadium, Chattogram",2,3.6,Cumilla Warriors,Rangpur Rangers,PBB Rajapaksa,Soumya Sarkar,Mohammad Nabi,0,0,,,,,,,,,
1208077,2019/20,2019-12-18,"Zahur Ahmed Chowdhury Stadium, Chattogram",2,4.1,Cumilla Warriors,Rangpur Rangers,Soumya Sarkar,PBB Rajapaksa,L Gregory,6,0,,,,,,,,,
1208077,2019/20,2019-12-18,"Zahur Ahmed Chowdhury Stadium, Chattogram",2,4.2,Cumilla Warriors,Rangpur Rangers,Soumya Sarkar,PBB Rajapaksa,L Gregory,1,0,,,,,,,,,
1208077,2019/20,2019-12-18,"Zahur Ahmed Chowdhury Stadium, Chattogram",2,4.3,Cumilla Warriors,Rangpur Rangers,PBB Rajapaksa,Soumya Sarkar,L Gregory,0,0,,,,,,,,,
1208077,2019/20,2019-12-18,"Zahur Ahmed Chowdhury Stadium, Chattogram",2,4.4,Cumilla Warriors,Rangpur Rangers,PBB Rajapaksa,Soumya Sarkar,L Gregory,6,0,,,,,,,,,
1208077,2019/20,2019-12-18,"Zahur Ahmed Chowdhury Stadium, Chattogram",2,4.5,Cumilla Warriors,Rangpur Rangers,PBB Rajapaksa,Soumya Sarkar,L Gregory,4,0,,,,,,,,,
1208077,2019/20,2019-12-18,"Zahur Ahmed Chowdhury Stadium, Chattogram",2,4.6,Cumilla Warriors,Rangpur Rangers,PBB Rajapaksa,Soumya Sarkar,L Gregory,4,0,,,,,,,,,
1208077,2019/20,2019-12-18,"Zahur Ahmed Chowdhury Stadium, Chattogram",2,5.1,Cumilla Warriors,Rangpur Rangers,Soumya Sarkar,PBB Rajapaksa,Mohammad Nabi,0,0,,,,,,,,,
1208077,2019/20,2019-12-18,"Zahur Ahmed Chowdhury Stadium, Chattogram",2,5.2,Cumilla Warriors,Rangpur Rangers,Soumya Sarkar,PBB Rajapaksa,Mohammad Nabi,0,0,,,,,,,,,
1208077,2019/20,2019-12-18,"Zahur Ahmed Chowdhury Stadium, Chattogram",2,5.3,Cumilla Warriors,Rangpur Rangers,Soumya Sarkar,PBB Rajapaksa,Mohammad Nabi,0,0,,,,,,,,,
1208077,2019/20,2019-12-18,"Zahur Ahmed Chowdhury Stadium, Chattogram",2,5.4,Cumilla Warriors,Rangpur Rangers,Soumya Sarkar,PBB Rajapaksa,Mohammad Nabi,1,0,,,,,,,,,
1208077,2019/20,2019-12-18,"Zahur Ahmed Chowdhury Stadium, Chattogram",2,5.5,Cumilla Warriors,Rangpur Rangers,PBB Rajapaksa,Soumya Sarkar,Mohammad Nabi,6,0,,,,,,,,,
1208077,2019/20,2019-12-18,"Zahur Ahmed Chowdhury Stadium, Chattogram",2,5.6,Cumilla Warriors,Rangpur Rangers,PBB Rajapaksa,Soumya Sarkar,Mohammad Nabi,0,0,,,,,,caught,PBB Rajapaksa,,
1208077,2019/20,2019-12-18,"Zahur Ahmed Chowdhury Stadium, Chattogram",2,6.1,Cumilla Warriors,Rangpur Rangers,Soumya Sarkar,Sabbir Rahman,Mustafizur Rahman,0,0,,,,,,,,,
1208077,2019/20,2019-12-18,"Zahur Ahmed Chowdhury Stadium, Chattogram",2,6.2,Cumilla Warriors,Rangpur Rangers,Soumya Sarkar,Sabbir Rahman,Mustafizur Rahman,1,0,,,,,,,,,
1208077,2019/20,2019-12-18,"Zahur Ahmed Chowdhury Stadium, Chattogram",2,6.3,Cumilla Warriors,Rangpur Rangers,Sabbir Rahman,Soumya Sarkar,Mustafizur Rahman,0,0,,,,,,,,,
1208077,2019/20,2019-12-18,"Zahur Ahmed Chowdhury Stadium, Chattogram",2,6.4,Cumilla Warriors,Rangpur Rangers,Sabbir Rahman,Soumya Sarkar,Mustafizur Rahman,1,1,,1,,,,,,,
1208077,2019/20,2019-12-18,"Zahur Ahmed Chowdhury Stadium, Chattogram",2,6.5,Cumilla Warriors,Rangpur Rangers,Soumya Sarkar,Sabbir Rahman,Mustafizur Rahman,1,0,,,,,,,,,
1208077,2019/20,2019-12-18,"Zahur Ahmed Chowdhury Stadium, Chattogram",2,6.6,Cumilla Warriors,Rangpur Rangers,Sabbir Rahman,Soumya Sarkar,Mustafizur Rahman,1,0,,,,,,,,,
1208077,2019/20,2019-12-18,"Zahur Ahmed Chowdhury Stadium, Chattogram",2,6.7,Cumilla Warriors,Rangpur Rangers,Soumya Sarkar,Sabbir Rahman,Mustafizur Rahman,0,0,,,,,,,,,
1208077,2019/20,2019-12-18,"Zahur Ahmed Chowdhury Stadium, Chattogram",2,7.1,Cumilla Warriors,Rangpur Rangers,Sabbir Rahman,Soumya Sarkar,Mukidul Islam,0,0,,,,,,,,,
1208077,2019/20,2019-12-18,"Zahur Ahmed Chowdhury Stadium, Chattogram",2,7.2,Cumilla Warriors,Rangpur Rangers,Sabbir Rahman,Soumya Sarkar,Mukidul Islam,1,0,,,,,,,,,
1208077,2019/20,2019-12-18,"Zahur Ahmed Chowdhury Stadium, Chattogram",2,7.3,Cumilla Warriors,Rangpur Rangers,Soumya Sarkar,Sabbir Rahman,Mukidul Islam,0,0,,,,,,,,,
1208077,2019/20,2019-12-18,"Zahur Ahmed Chowdhury Stadium, Chattogram",2,7.4,Cumilla Warriors,Rangpur Rangers,Soumya Sarkar,Sabbir Rahman,Mukidul Islam,1,0,,,,,,,,,
1208077,2019/20,2019-12-18,"Zahur Ahmed Chowdhury Stadium, Chattogram",2,7.5,Cumilla Warriors,Rangpur Rangers,Sabbir Rahman,Soumya Sarkar,Mukidul Islam,1,0,,,,,,,,,
1208077,2019/20,2019-12-18,"Zahur Ahmed Chowdhury Stadium, Chattogram",2,7.6,Cumilla Warriors,Rangpur Rangers,Soumya Sarkar,Sabbir Rahman,Mukidul Islam,4,0,,,,,,,,,
1208077,2019/20,2019-12-18,"Zahur Ahmed Chowdhury Stadium, Chattogram",2,8.1,Cumilla Warriors,Rangpur Rangers,Sabbir Rahman,Soumya Sarkar,TB Abell,0,0,,,,,,,,,
1208077,2019/20,2019-12-18,"Zahur Ahmed Chowdhury Stadium, Chattogram",2,8.2,Cumilla Warriors,Rangpur Rangers,Sabbir Rahman,Soumya Sarkar,TB Abell,1,0,,,,,,,,,
1208077,2019/20,2019-12-18,"Zahur Ahmed Chowdhury Stadium, Chattogram",2,8.3,Cumilla Warriors,Rangpur Rangers,Soumya Sarkar,Sabbir Rahman,TB Abell,1,0,,,,,,,,,
1208077,2019/20,2019-12-18,"Zahur Ahmed Chowdhury Stadium, Chattogram",2,8.4,Cumilla Warriors,Rangpur Rangers,Sabbir Rahman,Soumya Sarkar,TB Abell,0,0,,,,,,,,,
1208077,2019/20,2019-12-18,"Zahur Ahmed Chowdhury Stadium, Chattogram",2,8.5,Cumilla Warriors,Rangpur Rangers,Sabbir Rahman,Soumya Sarkar,TB Abell,0,0,,,,,,,,,
1208077,2019/20,2019-12-18,"Zahur Ahmed Chowdhury Stadium, Chattogram",2,8.6,Cumilla Warriors,Rangpur Rangers,Sabbir Rahman,Soumya Sarkar,TB Abell,1,0,,,,,,,,,
1208077,2019/20,2019-12-18,"Zahur Ahmed Chowdhury Stadium, Chattogram",2,9.1,Cumilla Warriors,Rangpur Rangers,Sabbir Rahman,Soumya Sarkar,L Gregory,0,1,,,,1,,,,,
1208077,2019/20,2019-12-18,"Zahur Ahmed Chowdhury Stadium, Chattogram",2,9.2,Cumilla Warriors,Rangpur Rangers,Soumya Sarkar,Sabbir Rahman,L Gregory,1,0,,,,,,,,,
1208077,2019/20,2019-12-18,"Zahur Ahmed Chowdhury Stadium, Chattogram",2,9.3,Cumilla Warriors,Rangpur Rangers,Sabbir Rahman,Soumya Sarkar,L Gregory,1,0,,,,,,,,,
1208077,2019/20,2019-12-18,"Zahur Ahmed Chowdhury Stadium, Chattogram",2,9.4,Cumilla Warriors,Rangpur Rangers,Soumya Sarkar,Sabbir Rahman,L Gregory,1,0,,,,,,,,,
1208077,2019/20,2019-12-18,"Zahur Ahmed Chowdhury Stadium, Chattogram",2,9.5,Cumilla Warriors,Rangpur Rangers,Sabbir Rahman,Soumya Sarkar,L Gregory,0,0,,,,,,,,,
1208077,2019/20,2019-12-18,"Zahur Ahmed Chowdhury Stadium, Chattogram",2,9.6,Cumilla Warriors,Rangpur Rangers,Sabbir Rahman,Soumya Sarkar,L Gregory,1,0,,,,,,,,,
1208077,2019/20,2019-12-18,"Zahur Ahmed Chowdhury Stadium, Chattogram",2,10.1,Cumilla Warriors,Rangpur Rangers,Sabbir Rahman,Soumya Sarkar,Mustafizur Rahman,4,0,,,,,,,,,
1208077,2019/20,2019-12-18,"Zahur Ahmed Chowdhury Stadium, Chattogram",2,10.2,Cumilla Warriors,Rangpur Rangers,Sabbir Rahman,Soumya Sarkar,Mustafizur Rahman,0,0,,,,,,,,,
1208077,2019/20,2019-12-18,"Zahur Ahmed Chowdhury Stadium, Chattogram",2,10.3,Cumilla Warriors,Rangpur Rangers,Sabbir Rahman,Soumya Sarkar,Mustafizur Rahman,1,0,,,,,,,,,
1208077,2019/20,2019-12-18,"Zahur Ahmed Chowdhury Stadium, Chattogram",2,10.4,Cumilla Warriors,Rangpur Rangers,Soumya Sarkar,Sabbir Rahman,Mustafizur Rahman,1,0,,,,,,,,,
1208077,2019/20,2019-12-18,"Zahur Ahmed Chowdhury Stadium, Chattogram",2,10.5,Cumilla Warriors,Rangpur Rangers,Sabbir Rahman,Soumya Sarkar,Mustafizur Rahman,0,1,1,,,,,,,,
1208077,2019/20,2019-12-18,"Zahur Ahmed Chowdhury Stadium, Chattogram",2,10.6,Cumilla Warriors,Rangpur Rangers,Sabbir Rahman,Soumya Sarkar,Mustafizur Rahman,1,0,,,,,,,,,
1208077,2019/20,2019-12-18,"Zahur Ahmed Chowdhury Stadium, Chattogram",2,10.7,Cumilla Warriors,Rangpur Rangers,Soumya Sarkar,Sabbir Rahman,Mustafizur Rahman,1,0,,,,,,,,,
1208077,2019/20,2019-12-18,"Zahur Ahmed Chowdhury Stadium, Chattogram",2,11.1,Cumilla Warriors,Rangpur Rangers,Soumya Sarkar,Sabbir Rahman,Mukidul Islam,0,0,,,,,,caught,Soumya Sarkar,,
1208077,2019/20,2019-12-18,"Zahur Ahmed Chowdhury Stadium, Chattogram",2,11.2,Cumilla Warriors,Rangpur Rangers,Sabbir Rahman,DJ Malan,Mukidul Islam,1,0,,,,,,,,,
1208077,2019/20,2019-12-18,"Zahur Ahmed Chowdhury Stadium, Chattogram",2,11.3,Cumilla Warriors,Rangpur Rangers,DJ Malan,Sabbir Rahman,Mukidul Islam,1,0,,,,,,,,,
1208077,2019/20,2019-12-18,"Zahur Ahmed Chowdhury Stadium, Chattogram",2,11.4,Cumilla Warriors,Rangpur Rangers,Sabbir Rahman,DJ Malan,Mukidul Islam,1,0,,,,,,,,,
1208077,2019/20,2019-12-18,"Zahur Ahmed Chowdhury Stadium, Chattogram",2,11.5,Cumilla Warriors,Rangpur Rangers,DJ Malan,Sabbir Rahman,Mukidul Islam,0,0,,,,,,,,,
1208077,2019/20,2019-12-18,"Zahur Ahmed Chowdhury Stadium, Chattogram",2,11.6,Cumilla Warriors,Rangpur Rangers,DJ Malan,Sabbir Rahman,Mukidul Islam,1,1,,1,,,,,,,
1208077,2019/20,2019-12-18,"Zahur Ahmed Chowdhury Stadium, Chattogram",2,11.7,Cumilla Warriors,Rangpur Rangers,Sabbir Rahman,DJ Malan,Mukidul Islam,6,0,,,,,,,,,
1208077,2019/20,2019-12-18,"Zahur Ahmed Chowdhury Stadium, Chattogram",2,12.1,Cumilla Warriors,Rangpur Rangers,DJ Malan,Sabbir Rahman,TB Abell,1,0,,,,,,,,,
1208077,2019/20,2019-12-18,"Zahur Ahmed Chowdhury Stadium, Chattogram",2,12.2,Cumilla Warriors,Rangpur Rangers,Sabbir Rahman,DJ Malan,TB Abell,1,0,,,,,,,,,
1208077,2019/20,2019-12-18,"Zahur Ahmed Chowdhury Stadium, Chattogram",2,12.3,Cumilla Warriors,Rangpur Rangers,DJ Malan,Sabbir Rahman,TB Abell,4,0,,,,,,,,,
1208077,2019/20,2019-12-18,"Zahur Ahmed Chowdhury Stadium, Chattogram",2,12.4,Cumilla Warriors,Rangpur Rangers,DJ Malan,Sabbir Rahman,TB Abell,1,0,,,,,,,,,
1208077,2019/20,2019-12-18,"Zahur Ahmed Chowdhury Stadium, Chattogram",2,12.5,Cumilla Warriors,Rangpur Rangers,Sabbir Rahman,DJ Malan,TB Abell,0,0,,,,,,,,,
1208077,2019/20,2019-12-18,"Zahur Ahmed Chowdhury Stadium, Chattogram",2,12.6,Cumilla Warriors,Rangpur Rangers,Sabbir Rahman,DJ Malan,TB Abell,1,0,,,,,,,,,
1208077,2019/20,2019-12-18,"Zahur Ahmed Chowdhury Stadium, Chattogram",2,13.1,Cumilla Warriors,Rangpur Rangers,Sabbir Rahman,DJ Malan,Mohammad Nabi,1,0,,,,,,,,,
1208077,2019/20,2019-12-18,"Zahur Ahmed Chowdhury Stadium, Chattogram",2,13.2,Cumilla Warriors,Rangpur Rangers,DJ Malan,Sabbir Rahman,Mohammad Nabi,1,0,,,,,,,,,
1208077,2019/20,2019-12-18,"Zahur Ahmed Chowdhury Stadium, Chattogram",2,13.3,Cumilla Warriors,Rangpur Rangers,Sabbir Rahman,DJ Malan,Mohammad Nabi,1,0,,,,,,,,,
1208077,2019/20,2019-12-18,"Zahur Ahmed Chowdhury Stadium, Chattogram",2,13.4,Cumilla Warriors,Rangpur Rangers,DJ Malan,Sabbir Rahman,Mohammad Nabi,0,0,,,,,,,,,
1208077,2019/20,2019-12-18,"Zahur Ahmed Chowdhury Stadium, Chattogram",2,13.5,Cumilla Warriors,Rangpur Rangers,DJ Malan,Sabbir Rahman,Mohammad Nabi,1,0,,,,,,,,,
1208077,2019/20,2019-12-18,"Zahur Ahmed Chowdhury Stadium, Chattogram",2,13.6,Cumilla Warriors,Rangpur Rangers,Sabbir Rahman,DJ Malan,Mohammad Nabi,1,0,,,,,,,,,
1208077,2019/20,2019-12-18,"Zahur Ahmed Chowdhury Stadium, Chattogram",2,14.1,Cumilla Warriors,Rangpur Rangers,Sabbir Rahman,DJ Malan,L Gregory,2,0,,,,,,,,,
1208077,2019/20,2019-12-18,"Zahur Ahmed Chowdhury Stadium, Chattogram",2,14.2,Cumilla Warriors,Rangpur Rangers,Sabbir Rahman,DJ Malan,L Gregory,1,0,,,,,,,,,
1208077,2019/20,2019-12-18,"Zahur Ahmed Chowdhury Stadium, Chattogram",2,14.3,Cumilla Warriors,Rangpur Rangers,DJ Malan,Sabbir Rahman,L Gregory,6,0,,,,,,,,,
1208077,2019/20,2019-12-18,"Zahur Ahmed Chowdhury Stadium, Chattogram",2,14.4,Cumilla Warriors,Rangpur Rangers,DJ Malan,Sabbir Rahman,L Gregory,1,0,,,,,,,,,
1208077,2019/20,2019-12-18,"Zahur Ahmed Chowdhury Stadium, Chattogram",2,14.5,Cumilla Warriors,Rangpur Rangers,Sabbir Rahman,DJ Malan,L Gregory,6,0,,,,,,,,,
1208077,2019/20,2019-12-18,"Zahur Ahmed Chowdhury Stadium, Chattogram",2,14.6,Cumilla Warriors,Rangpur Rangers,Sabbir Rahman,DJ Malan,L Gregory,1,0,,,,,,,,,
1208077,2019/20,2019-12-18,"Zahur Ahmed Chowdhury Stadium, Chattogram",2,15.1,Cumilla Warriors,Rangpur Rangers,Sabbir Rahman,DJ Malan,Mukidul Islam,0,0,,,,,,,,,
1208077,2019/20,2019-12-18,"Zahur Ahmed Chowdhury Stadium, Chattogram",2,15.2,Cumilla Warriors,Rangpur Rangers,Sabbir Rahman,DJ Malan,Mukidul Islam,1,0,,,,,,,,,
1208077,2019/20,2019-12-18,"Zahur Ahmed Chowdhury Stadium, Chattogram",2,15.3,Cumilla Warriors,Rangpur Rangers,DJ Malan,Sabbir Rahman,Mukidul Islam,1,0,,,,,,,,,
1208077,2019/20,2019-12-18,"Zahur Ahmed Chowdhury Stadium, Chattogram",2,15.4,Cumilla Warriors,Rangpur Rangers,Sabbir Rahman,DJ Malan,Mukidul Islam,1,0,,,,,,,,,
1208077,2019/20,2019-12-18,"Zahur Ahmed Chowdhury Stadium, Chattogram",2,15.5,Cumilla Warriors,Rangpur Rangers,DJ Malan,Sabbir Rahman,Mukidul Islam,1,0,,,,,,,,,
1208077,2019/20,2019-12-18,"Zahur Ahmed Chowdhury Stadium, Chattogram",2,15.6,Cumilla Warriors,Rangpur Rangers,Sabbir Rahman,DJ Malan,Mukidul Islam,1,0,,,,,,,,,
1208077,2019/20,2019-12-18,"Zahur Ahmed Chowdhury Stadium, Chattogram",2,16.1,Cumilla Warriors,Rangpur Rangers,Sabbir Rahman,DJ Malan,Mustafizur Rahman,1,0,,,,,,,,,
1208077,2019/20,2019-12-18,"Zahur Ahmed Chowdhury Stadium, Chattogram",2,16.2,Cumilla Warriors,Rangpur Rangers,DJ Malan,Sabbir Rahman,Mustafizur Rahman,1,0,,,,,,,,,
1208077,2019/20,2019-12-18,"Zahur Ahmed Chowdhury Stadium, Chattogram",2,16.3,Cumilla Warriors,Rangpur Rangers,Sabbir Rahman,DJ Malan,Mustafizur Rahman,4,0,,,,,,,,,
1208077,2019/20,2019-12-18,"Zahur Ahmed Chowdhury Stadium, Chattogram",2,16.4,Cumilla Warriors,Rangpur Rangers,Sabbir Rahman,DJ Malan,Mustafizur Rahman,4,0,,,,,,,,,
1208077,2019/20,2019-12-18,"Zahur Ahmed Chowdhury Stadium, Chattogram",2,16.5,Cumilla Warriors,Rangpur Rangers,Sabbir Rahman,DJ Malan,Mustafizur Rahman,0,0,,,,,,caught,Sabbir Rahman,,
1208077,2019/20,2019-12-18,"Zahur Ahmed Chowdhury Stadium, Chattogram",2,16.6,Cumilla Warriors,Rangpur Rangers,DJ Malan,MD Shanaka,Mustafizur Rahman,0,1,,,,1,,,,,
1208077,2019/20,2019-12-18,"Zahur Ahmed Chowdhury Stadium, Chattogram",2,17.1,Cumilla Warriors,Rangpur Rangers,DJ Malan,MD Shanaka,L Gregory,1,0,,,,,,,,,
1208077,2019/20,2019-12-18,"Zahur Ahmed Chowdhury Stadium, Chattogram",2,17.2,Cumilla Warriors,Rangpur Rangers,MD Shanaka,DJ Malan,L Gregory,6,0,,,,,,,,,
1208077,2019/20,2019-12-18,"Zahur Ahmed Chowdhury Stadium, Chattogram",2,17.3,Cumilla Warriors,Rangpur Rangers,MD Shanaka,DJ Malan,L Gregory,2,0,,,,,,,,,
1208077,2019/20,2019-12-18,"Zahur Ahmed Chowdhury Stadium, Chattogram",2,17.4,Cumilla Warriors,Rangpur Rangers,MD Shanaka,DJ Malan,L Gregory,1,0,,,,,,,,,
1208077,2019/20,2019-12-18,"Zahur Ahmed Chowdhury Stadium, Chattogram",2,17.5,Cumilla Warriors,Rangpur Rangers,DJ Malan,MD Shanaka,L Gregory,2,0,,,,,,,,,
1208077,2019/20,2019-12-18,"Zahur Ahmed Chowdhury Stadium, Chattogram",2,17.6,Cumilla Warriors,Rangpur Rangers,DJ Malan,MD Shanaka,L Gregory,1,0,,,,,,,,,
1208077,2019/20,2019-12-18,"Zahur Ahmed Chowdhury Stadium, Chattogram",2,18.1,Cumilla Warriors,Rangpur Rangers,DJ Malan,MD Shanaka,Mustafizur Rahman,6,0,,,,,,,,,
1208077,2019/20,2019-12-18,"Zahur Ahmed Chowdhury Stadium, Chattogram",2,18.2,Cumilla Warriors,Rangpur Rangers,DJ Malan,MD Shanaka,Mustafizur Rahman,1,0,,,,,,,,,
1208077,2019/20,2019-12-18,"Zahur Ahmed Chowdhury Stadium, Chattogram",2,18.3,Cumilla Warriors,Rangpur Rangers,MD Shanaka,DJ Malan,Mustafizur Rahman,0,0,,,,,,,,,
1208077,2019/20,2019-12-18,"Zahur Ahmed Chowdhury Stadium, Chattogram",2,18.4,Cumilla Warriors,Rangpur Rangers,MD Shanaka,DJ Malan,Mustafizur Rahman,1,0,,,,,,,,,
1208077,2019/20,2019-12-18,"Zahur Ahmed Chowdhury Stadium, Chattogram",2,18.5,Cumilla Warriors,Rangpur Rangers,DJ Malan,MD Shanaka,Mustafizur Rahman,1,0,,,,,,,,,
1208077,2019/20,2019-12-18,"Zahur Ahmed Chowdhury Stadium, Chattogram",2,18.6,Cumilla Warriors,Rangpur Rangers,MD Shanaka,DJ Malan,Mustafizur Rahman,2,0,,,,,,,,,
1208077,2019/20,2019-12-18,"Zahur Ahmed Chowdhury Stadium, Chattogram",2,19.1,Cumilla Warriors,Rangpur Rangers,DJ Malan,MD Shanaka,TB Abell,6,0,,,,,,,,,
1208077,2019/20,2019-12-18,"Zahur Ahmed Chowdhury Stadium, Chattogram",2,19.2,Cumilla Warriors,Rangpur Rangers,DJ Malan,MD Shanaka,TB Abell,0,1,,,,1,,,,,
1208077,2019/20,2019-12-18,"Zahur Ahmed Chowdhury Stadium, Chattogram",2,19.3,Cumilla Warriors,Rangpur Rangers,MD Shanaka,DJ Malan,TB Abell,0,0,,,,,,caught,MD Shanaka,,
1208077,2019/20,2019-12-18,"Zahur Ahmed Chowdhury Stadium, Chattogram",2,19.4,Cumilla Warriors,Rangpur Rangers,DJ Malan,Yasir Ali Chowdhury,TB Abell,4,0,,,,,,,,,
