match_id,season,start_date,venue,innings,ball,batting_team,bowling_team,striker,non_striker,bowler,runs_off_bat,extras,wides,noballs,byes,legbyes,penalty,wicket_type,player_dismissed,other_wicket_type,other_player_dismissed
1208083,2019/20,2019-12-23,"Zahur Ahmed Chowdhury Stadium, Chattogram",1,0.1,Cumilla Warriors,Dhaka Platoon,PBB Rajapaksa,Soumya Sarkar,Mashrafe Mortaza,2,0,,,,,,,,,
1208083,2019/20,2019-12-23,"Zahur Ahmed Chowdhury Stadium, Chattogram",1,0.2,Cumilla Warriors,Dhaka Platoon,PBB Rajapaksa,Soumya Sarkar,Mashrafe Mortaza,1,0,,,,,,,,,
1208083,2019/20,2019-12-23,"Zahur Ahmed Chowdhury Stadium, Chattogram",1,0.3,Cumilla Warriors,Dhaka Platoon,Soumya Sarkar,PBB Rajapaksa,Mashrafe Mortaza,2,1,,1,,,,,,,
1208083,2019/20,2019-12-23,"Zahur Ahmed Chowdhury Stadium, Chattogram",1,0.4,Cumilla Warriors,Dhaka Platoon,Soumya Sarkar,PBB Rajapaksa,Mashrafe Mortaza,4,0,,,,,,,,,
1208083,2019/20,2019-12-23,"Zahur Ahmed Chowdhury Stadium, Chattogram",1,0.5,Cumilla Warriors,Dhaka Platoon,Soumya Sarkar,PBB Rajapaksa,Mashrafe Mortaza,4,0,,,,,,,,,
1208083,2019/20,2019-12-23,"Zahur Ahmed Chowdhury Stadium, Chattogram",1,0.6,Cumilla Warriors,Dhaka Platoon,Soumya Sarkar,PBB Rajapaksa,Mashrafe Mortaza,0,0,,,,,,,,,
1208083,2019/20,2019-12-23,"Zahur Ahmed Chowdhury Stadium, Chattogram",1,0.7,Cumilla Warriors,Dhaka Platoon,Soumya Sarkar,PBB Rajapaksa,Mashrafe Mortaza,0,0,,,,,,,,,
1208083,2019/20,2019-12-23,"Zahur Ahmed Chowdhury Stadium, Chattogram",1,1.1,Cumilla Warriors,Dhaka Platoon,PBB Rajapaksa,Soumya Sarkar,Mahedi Hasan,0,1,1,,,,,,,,
1208083,2019/20,2019-12-23,"Zahur Ahmed Chowdhury Stadium, Chattogram",1,1.2,Cumilla Warriors,Dhaka Platoon,PBB Rajapaksa,Soumya Sarkar,Mahedi Hasan,0,0,,,,,,,,,
1208083,2019/20,2019-12-23,"Zahur Ahmed Chowdhury Stadium, Chattogram",1,1.3,Cumilla Warriors,Dhaka Platoon,PBB Rajapaksa,Soumya Sarkar,Mahedi Hasan,0,1,,,,1,,,,,
1208083,2019/20,2019-12-23,"Zahur Ahmed Chowdhury Stadium, Chattogram",1,1.4,Cumilla Warriors,Dhaka Platoon,Soumya Sarkar,PBB Rajapaksa,Mahedi Hasan,0,0,,,,,,bowled,Soumya Sarkar,,
1208083,2019/20,2019-12-23,"Zahur Ahmed Chowdhury Stadium, Chattogram",1,1.5,Cumilla Warriors,Dhaka Platoon,Sabbir Rahman,PBB Rajapaksa,Mahedi Hasan,0,0,,,,,,,,,
1208083,2019/20,2019-12-23,"Zahur Ahmed Chowdhury Stadium, Chattogram",1,1.6,Cumilla Warriors,Dhaka Platoon,Sabbir Rahman,PBB Rajapaksa,Mahedi Hasan,0,0,,,,,,,,,
1208083,2019/20,2019-12-23,"Zahur Ahmed Chowdhury Stadium, Chattogram",1,1.7,Cumilla Warriors,Dhaka Platoon,Sabbir Rahman,PBB Rajapaksa,Mahedi Hasan,0,0,,,,,,,,,
1208083,2019/20,2019-12-23,"Zahur Ahmed Chowdhury Stadium, Chattogram",1,2.1,Cumilla Warriors,Dhaka Platoon,PBB Rajapaksa,Sabbir Rahman,Hasan Mahmud,0,0,,,,,,,,,
1208083,2019/20,2019-12-23,"Zahur Ahmed Chowdhury Stadium, Chattogram",1,2.2,Cumilla Warriors,Dhaka Platoon,PBB Rajapaksa,Sabbir Rahman,Hasan Mahmud,0,1,1,,,,,,,,
1208083,2019/20,2019-12-23,"Zahur Ahmed Chowdhury Stadium, Chattogram",1,2.3,Cumilla Warriors,Dhaka Platoon,PBB Rajapaksa,Sabbir Rahman,Hasan Mahmud,4,0,,,,,,,,,
1208083,2019/20,2019-12-23,"Zahur Ahmed Chowdhury Stadium, Chattogram",1,2.4,Cumilla Warriors,Dhaka Platoon,PBB Rajapaksa,Sabbir Rahman,Hasan Mahmud,0,0,,,,,,,,,
1208083,2019/20,2019-12-23,"Zahur Ahmed Chowdhury Stadium, Chattogram",1,2.5,Cumilla Warriors,Dhaka Platoon,PBB Rajapaksa,Sabbir Rahman,Hasan Mahmud,6,0,,,,,,,,,
1208083,2019/20,2019-12-23,"Zahur Ahmed Chowdhury Stadium, Chattogram",1,2.6,Cumilla Warriors,Dhaka Platoon,PBB Rajapaksa,Sabbir Rahman,Hasan Mahmud,1,0,,,,,,,,,
1208083,2019/20,2019-12-23,"Zahur Ahmed Chowdhury Stadium, Chattogram",1,2.7,Cumilla Warriors,Dhaka Platoon,Sabbir Rahman,PBB Rajapaksa,Hasan Mahmud,0,0,,,,,,,,,
1208083,2019/20,2019-12-23,"Zahur Ahmed Chowdhury Stadium, Chattogram",1,3.1,Cumilla Warriors,Dhaka Platoon,PBB Rajapaksa,Sabbir Rahman,Mahedi Hasan,1,0,,,,,,,,,
1208083,2019/20,2019-12-23,"Zahur Ahmed Chowdhury Stadium, Chattogram",1,3.2,Cumilla Warriors,Dhaka Platoon,Sabbir Rahman,PBB Rajapaksa,Mahedi Hasan,0,4,,,,4,,,,,
1208083,2019/20,2019-12-23,"Zahur Ahmed Chowdhury Stadium, Chattogram",1,3.3,Cumilla Warriors,Dhaka Platoon,Sabbir Rahman,PBB Rajapaksa,Mahedi Hasan,0,0,,,,,,,,,
1208083,2019/20,2019-12-23,"Zahur Ahmed Chowdhury Stadium, Chattogram",1,3.4,Cumilla Warriors,Dhaka Platoon,Sabbir Rahman,PBB Rajapaksa,Mahedi Hasan,0,0,,,,,,caught,Sabbir Rahman,,
1208083,2019/20,2019-12-23,"Zahur Ahmed Chowdhury Stadium, Chattogram",1,3.5,Cumilla Warriors,Dhaka Platoon,DJ Malan,PBB Rajapaksa,Mahedi Hasan,0,0,,,,,,,,,
1208083,2019/20,2019-12-23,"Zahur Ahmed Chowdhury Stadium, Chattogram",1,3.6,Cumilla Warriors,Dhaka Platoon,DJ Malan,PBB Rajapaksa,Mahedi Hasan,0,0,,,,,,,,,
1208083,2019/20,2019-12-23,"Zahur Ahmed Chowdhury Stadium, Chattogram",1,4.1,Cumilla Warriors,Dhaka Platoon,PBB Rajapaksa,DJ Malan,Wahab Riaz,4,0,,,,,,,,,
1208083,2019/20,2019-12-23,"Zahur Ahmed Chowdhury Stadium, Chattogram",1,4.2,Cumilla Warriors,Dhaka Platoon,PBB Rajapaksa,DJ Malan,Wahab Riaz,1,0,,,,,,,,,
1208083,2019/20,2019-12-23,"Zahur Ahmed Chowdhury Stadium, Chattogram",1,4.3,Cumilla Warriors,Dhaka Platoon,DJ Malan,PBB Rajapaksa,Wahab Riaz,1,0,,,,,,,,,
1208083,2019/20,2019-12-23,"Zahur Ahmed Chowdhury Stadium, Chattogram",1,4.4,Cumilla Warriors,Dhaka Platoon,PBB Rajapaksa,DJ Malan,Wahab Riaz,0,0,,,,,,,,,
1208083,2019/20,2019-12-23,"Zahur Ahmed Chowdhury Stadium, Chattogram",1,4.5,Cumilla Warriors,Dhaka Platoon,PBB Rajapaksa,DJ Malan,Wahab Riaz,0,1,,1,,,,,,,
1208083,2019/20,2019-12-23,"Zahur Ahmed Chowdhury Stadium, Chattogram",1,4.6,Cumilla Warriors,Dhaka Platoon,PBB Rajapaksa,DJ Malan,Wahab Riaz,0,0,,,,,,,,,
1208083,2019/20,2019-12-23,"Zahur Ahmed Chowdhury Stadium, Chattogram",1,4.7,Cumilla Warriors,Dhaka Platoon,PBB Rajapaksa,DJ Malan,Wahab Riaz,1,0,,,,,,,,,
1208083,2019/20,2019-12-23,"Zahur Ahmed Chowdhury Stadium, Chattogram",1,5.1,Cumilla Warriors,Dhaka Platoon,PBB Rajapaksa,DJ Malan,Mahedi Hasan,0,1,1,,,,,,,,
1208083,2019/20,2019-12-23,"Zahur Ahmed Chowdhury Stadium, Chattogram",1,5.2,Cumilla Warriors,Dhaka Platoon,PBB Rajapaksa,DJ Malan,Mahedi Hasan,2,0,,,,,,,,,
1208083,2019/20,2019-12-23,"Zahur Ahmed Chowdhury Stadium, Chattogram",1,5.3,Cumilla Warriors,Dhaka Platoon,PBB Rajapaksa,DJ Malan,Mahedi Hasan,0,0,,,,,,,,,
1208083,2019/20,2019-12-23,"Zahur Ahmed Chowdhury Stadium, Chattogram",1,5.4,Cumilla Warriors,Dhaka Platoon,PBB Rajapaksa,DJ Malan,Mahedi Hasan,0,0,,,,,,,,,
1208083,2019/20,2019-12-23,"Zahur Ahmed Chowdhury Stadium, Chattogram",1,5.5,Cumilla Warriors,Dhaka Platoon,PBB Rajapaksa,DJ Malan,Mahedi Hasan,0,0,,,,,,,,,
1208083,2019/20,2019-12-23,"Zahur Ahmed Chowdhury Stadium, Chattogram",1,5.6,Cumilla Warriors,Dhaka Platoon,PBB Rajapaksa,DJ Malan,Mahedi Hasan,0,0,,,,,,,,,
1208083,2019/20,2019-12-23,"Zahur Ahmed Chowdhury Stadium, Chattogram",1,5.7,Cumilla Warriors,Dhaka Platoon,PBB Rajapaksa,DJ Malan,Mahedi Hasan,1,0,,,,,,,,,
1208083,2019/20,2019-12-23,"Zahur Ahmed Chowdhury Stadium, Chattogram",1,6.1,Cumilla Warriors,Dhaka Platoon,PBB Rajapaksa,DJ Malan,Mashrafe Mortaza,1,0,,,,,,,,,
1208083,2019/20,2019-12-23,"Zahur Ahmed Chowdhury Stadium, Chattogram",1,6.2,Cumilla Warriors,Dhaka Platoon,DJ Malan,PBB Rajapaksa,Mashrafe Mortaza,0,0,,,,,,,,,
1208083,2019/20,2019-12-23,"Zahur Ahmed Chowdhury Stadium, Chattogram",1,6.3,Cumilla Warriors,Dhaka Platoon,DJ Malan,PBB Rajapaksa,Mashrafe Mortaza,0,0,,,,,,,,,
1208083,2019/20,2019-12-23,"Zahur Ahmed Chowdhury Stadium, Chattogram",1,6.4,Cumilla Warriors,Dhaka Platoon,DJ Malan,PBB Rajapaksa,Mashrafe Mortaza,1,0,,,,,,,,,
1208083,2019/20,2019-12-23,"Zahur Ahmed Chowdhury Stadium, Chattogram",1,6.5,Cumilla Warriors,Dhaka Platoon,PBB Rajapaksa,DJ Malan,Mashrafe Mortaza,1,0,,,,,,,,,
1208083,2019/20,2019-12-23,"Zahur Ahmed Chowdhury Stadium, Chattogram",1,6.6,Cumilla Warriors,Dhaka Platoon,DJ Malan,PBB Rajapaksa,Mashrafe Mortaza,1,0,,,,,,,,,
1208083,2019/20,2019-12-23,"Zahur Ahmed Chowdhury Stadium, Chattogram",1,7.1,Cumilla Warriors,Dhaka Platoon,DJ Malan,PBB Rajapaksa,Mahedi Hasan,1,0,,,,,,,,,
1208083,2019/20,2019-12-23,"Zahur Ahmed Chowdhury Stadium, Chattogram",1,7.2,Cumilla Warriors,Dhaka Platoon,PBB Rajapaksa,DJ Malan,Mahedi Hasan,1,0,,,,,,,,,
1208083,2019/20,2019-12-23,"Zahur Ahmed Chowdhury Stadium, Chattogram",1,7.3,Cumilla Warriors,Dhaka Platoon,DJ Malan,PBB Rajapaksa,Mahedi Hasan,0,0,,,,,,,,,
1208083,2019/20,2019-12-23,"Zahur Ahmed Chowdhury Stadium, Chattogram",1,7.4,Cumilla Warriors,Dhaka Platoon,DJ Malan,PBB Rajapaksa,Mahedi Hasan,0,0,,,,,,,,,
1208083,2019/20,2019-12-23,"Zahur Ahmed Chowdhury Stadium, Chattogram",1,7.5,Cumilla Warriors,Dhaka Platoon,DJ Malan,PBB Rajapaksa,Mahedi Hasan,0,0,,,,,,,,,
1208083,2019/20,2019-12-23,"Zahur Ahmed Chowdhury Stadium, Chattogram",1,7.6,Cumilla Warriors,Dhaka Platoon,DJ Malan,PBB Rajapaksa,Mahedi Hasan,1,0,,,,,,,,,
1208083,2019/20,2019-12-23,"Zahur Ahmed Chowdhury Stadium, Chattogram",1,8.1,Cumilla Warriors,Dhaka Platoon,DJ Malan,PBB Rajapaksa,Mashrafe Mortaza,2,0,,,,,,,,,
1208083,2019/20,2019-12-23,"Zahur Ahmed Chowdhury Stadium, Chattogram",1,8.2,Cumilla Warriors,Dhaka Platoon,DJ Malan,PBB Rajapaksa,Mashrafe Mortaza,0,0,,,,,,,,,
1208083,2019/20,2019-12-23,"Zahur Ahmed Chowdhury Stadium, Chattogram",1,8.3,Cumilla Warriors,Dhaka Platoon,DJ Malan,PBB Rajapaksa,Mashrafe Mortaza,1,0,,,,,,,,,
1208083,2019/20,2019-12-23,"Zahur Ahmed Chowdhury Stadium, Chattogram",1,8.4,Cumilla Warriors,Dhaka Platoon,PBB Rajapaksa,DJ Malan,Mashrafe Mortaza,0,0,,,,,,,,,
1208083,2019/20,2019-12-23,"Zahur Ahmed Chowdhury Stadium, Chattogram",1,8.5,Cumilla Warriors,Dhaka Platoon,PBB Rajapaksa,DJ Malan,Mashrafe Mortaza,0,0,,,,,,,,,
1208083,2019/20,2019-12-23,"Zahur Ahmed Chowdhury Stadium, Chattogram",1,8.6,Cumilla Warriors,Dhaka Platoon,PBB Rajapaksa,DJ Malan,Mashrafe Mortaza,0,0,,,,,,,,,
1208083,2019/20,2019-12-23,"Zahur Ahmed Chowdhury Stadium, Chattogram",1,9.1,Cumilla Warriors,Dhaka Platoon,DJ Malan,PBB Rajapaksa,Shadab Khan,1,0,,,,,,,,,
1208083,2019/20,2019-12-23,"Zahur Ahmed Chowdhury Stadium, Chattogram",1,9.2,Cumilla Warriors,Dhaka Platoon,PBB Rajapaksa,DJ Malan,Shadab Khan,1,0,,,,,,,,,
1208083,2019/20,2019-12-23,"Zahur Ahmed Chowdhury Stadium, Chattogram",1,9.3,Cumilla Warriors,Dhaka Platoon,DJ Malan,PBB Rajapaksa,Shadab Khan,0,0,,,,,,caught,DJ Malan,,
1208083,2019/20,2019-12-23,"Zahur Ahmed Chowdhury Stadium, Chattogram",1,9.4,Cumilla Warriors,Dhaka Platoon,PBB Rajapaksa,Yasir Ali Chowdhury,Shadab Khan,1,0,,,,,,,,,
1208083,2019/20,2019-12-23,"Zahur Ahmed Chowdhury Stadium, Chattogram",1,9.5,Cumilla Warriors,Dhaka Platoon,Yasir Ali Chowdhury,PBB Rajapaksa,Shadab Khan,1,0,,,,,,,,,
1208083,2019/20,2019-12-23,"Zahur Ahmed Chowdhury Stadium, Chattogram",1,9.6,Cumilla Warriors,Dhaka Platoon,PBB Rajapaksa,Yasir Ali Chowdhury,Shadab Khan,1,0,,,,,,,,,
1208083,2019/20,2019-12-23,"Zahur Ahmed Chowdhury Stadium, Chattogram",1,10.1,Cumilla Warriors,Dhaka Platoon,PBB Rajapaksa,Yasir Ali Chowdhury,Shahid Afridi,6,0,,,,,,,,,
1208083,2019/20,2019-12-23,"Zahur Ahmed Chowdhury Stadium, Chattogram",1,10.2,Cumilla Warriors,Dhaka Platoon,PBB Rajapaksa,Yasir Ali Chowdhury,Shahid Afridi,1,0,,,,,,,,,
1208083,2019/20,2019-12-23,"Zahur Ahmed Chowdhury Stadium, Chattogram",1,10.3,Cumilla Warriors,Dhaka Platoon,Yasir Ali Chowdhury,PBB Rajapaksa,Shahid Afridi,1,0,,,,,,,,,
1208083,2019/20,2019-12-23,"Zahur Ahmed Chowdhury Stadium, Chattogram",1,10.4,Cumilla Warriors,Dhaka Platoon,PBB Rajapaksa,Yasir Ali Chowdhury,Shahid Afridi,1,0,,,,,,,,,
1208083,2019/20,2019-12-23,"Zahur Ahmed Chowdhury Stadium, Chattogram",1,10.5,Cumilla Warriors,Dhaka Platoon,Yasir Ali Chowdhury,PBB Rajapaksa,Shahid Afridi,2,0,,,,,,,,,
1208083,2019/20,2019-12-23,"Zahur Ahmed Chowdhury Stadium, Chattogram",1,10.6,Cumilla Warriors,Dhaka Platoon,Yasir Ali Chowdhury,PBB Rajapaksa,Shahid Afridi,0,1,,,,1,,,,,
1208083,2019/20,2019-12-23,"Zahur Ahmed Chowdhury Stadium, Chattogram",1,11.1,Cumilla Warriors,Dhaka Platoon,Yasir Ali Chowdhury,PBB Rajapaksa,Shadab Khan,0,0,,,,,,,,,
1208083,2019/20,2019-12-23,"Zahur Ahmed Chowdhury Stadium, Chattogram",1,11.2,Cumilla Warriors,Dhaka Platoon,Yasir Ali Chowdhury,PBB Rajapaksa,Shadab Khan,0,0,,,,,,,,,
1208083,2019/20,2019-12-23,"Zahur Ahmed Chowdhury Stadium, Chattogram",1,11.3,Cumilla Warriors,Dhaka Platoon,Yasir Ali Chowdhury,PBB Rajapaksa,Shadab Khan,1,0,,,,,,,,,
1208083,2019/20,2019-12-23,"Zahur Ahmed Chowdhury Stadium, Chattogram",1,11.4,Cumilla Warriors,Dhaka Platoon,PBB Rajapaksa,Yasir Ali Chowdhury,Shadab Khan,2,0,,,,,,,,,
1208083,2019/20,2019-12-23,"Zahur Ahmed Chowdhury Stadium, Chattogram",1,11.5,Cumilla Warriors,Dhaka Platoon,PBB Rajapaksa,Yasir Ali Chowdhury,Shadab Khan,0,0,,,,,,,,,
1208083,2019/20,2019-12-23,"Zahur Ahmed Chowdhury Stadium, Chattogram",1,11.6,Cumilla Warriors,Dhaka Platoon,PBB Rajapaksa,Yasir Ali Chowdhury,Shadab Khan,0,0,,,,,,,,,
1208083,2019/20,2019-12-23,"Zahur Ahmed Chowdhury Stadium, Chattogram",1,12.1,Cumilla Warriors,Dhaka Platoon,Yasir Ali Chowdhury,PBB Rajapaksa,Shahid Afridi,1,0,,,,,,,,,
1208083,2019/20,2019-12-23,"Zahur Ahmed Chowdhury Stadium, Chattogram",1,12.2,Cumilla Warriors,Dhaka Platoon,PBB Rajapaksa,Yasir Ali Chowdhury,Shahid Afridi,4,0,,,,,,,,,
1208083,2019/20,2019-12-23,"Zahur Ahmed Chowdhury Stadium, Chattogram",1,12.3,Cumilla Warriors,Dhaka Platoon,PBB Rajapaksa,Yasir Ali Chowdhury,Shahid Afridi,1,0,,,,,,,,,
1208083,2019/20,2019-12-23,"Zahur Ahmed Chowdhury Stadium, Chattogram",1,12.4,Cumilla Warriors,Dhaka Platoon,Yasir Ali Chowdhury,PBB Rajapaksa,Shahid Afridi,1,0,,,,,,,,,
1208083,2019/20,2019-12-23,"Zahur Ahmed Chowdhury Stadium, Chattogram",1,12.5,Cumilla Warriors,Dhaka Platoon,PBB Rajapaksa,Yasir Ali Chowdhury,Shahid Afridi,4,0,,,,,,,,,
1208083,2019/20,2019-12-23,"Zahur Ahmed Chowdhury Stadium, Chattogram",1,12.6,Cumilla Warriors,Dhaka Platoon,PBB Rajapaksa,Yasir Ali Chowdhury,Shahid Afridi,1,0,,,,,,,,,
1208083,2019/20,2019-12-23,"Zahur Ahmed Chowdhury Stadium, Chattogram",1,13.1,Cumilla Warriors,Dhaka Platoon,PBB Rajapaksa,Yasir Ali Chowdhury,Hasan Mahmud,1,0,,,,,,,,,
1208083,2019/20,2019-12-23,"Zahur Ahmed Chowdhury Stadium, Chattogram",1,13.2,Cumilla Warriors,Dhaka Platoon,Yasir Ali Chowdhury,PBB Rajapaksa,Hasan Mahmud,1,0,,,,,,,,,
1208083,2019/20,2019-12-23,"Zahur Ahmed Chowdhury Stadium, Chattogram",1,13.3,Cumilla Warriors,Dhaka Platoon,PBB Rajapaksa,Yasir Ali Chowdhury,Hasan Mahmud,0,0,,,,,,,,,
1208083,2019/20,2019-12-23,"Zahur Ahmed Chowdhury Stadium, Chattogram",1,13.4,Cumilla Warriors,Dhaka Platoon,PBB Rajapaksa,Yasir Ali Chowdhury,Hasan Mahmud,6,0,,,,,,,,,
1208083,2019/20,2019-12-23,"Zahur Ahmed Chowdhury Stadium, Chattogram",1,13.5,Cumilla Warriors,Dhaka Platoon,PBB Rajapaksa,Yasir Ali Chowdhury,Hasan Mahmud,1,0,,,,,,,,,
1208083,2019/20,2019-12-23,"Zahur Ahmed Chowdhury Stadium, Chattogram",1,13.6,Cumilla Warriors,Dhaka Platoon,Yasir Ali Chowdhury,PBB Rajapaksa,Hasan Mahmud,0,0,,,,,,,,,
1208083,2019/20,2019-12-23,"Zahur Ahmed Chowdhury Stadium, Chattogram",1,14.1,Cumilla Warriors,Dhaka Platoon,PBB Rajapaksa,Yasir Ali Chowdhury,Shadab Khan,1,0,,,,,,,,,
1208083,2019/20,2019-12-23,"Zahur Ahmed Chowdhury Stadium, Chattogram",1,14.2,Cumilla Warriors,Dhaka Platoon,Yasir Ali Chowdhury,PBB Rajapaksa,Shadab Khan,2,0,,,,,,,,,
1208083,2019/20,2019-12-23,"Zahur Ahmed Chowdhury Stadium, Chattogram",1,14.3,Cumilla Warriors,Dhaka Platoon,Yasir Ali Chowdhury,PBB Rajapaksa,Shadab Khan,0,0,,,,,,,,,
1208083,2019/20,2019-12-23,"Zahur Ahmed Chowdhury Stadium, Chattogram",1,14.4,Cumilla Warriors,Dhaka Platoon,Yasir Ali Chowdhury,PBB Rajapaksa,Shadab Khan,0,1,1,,,,,,,,
1208083,2019/20,2019-12-23,"Zahur Ahmed Chowdhury Stadium, Chattogram",1,14.5,Cumilla Warriors,Dhaka Platoon,Yasir Ali Chowdhury,PBB Rajapaksa,Shadab Khan,0,0,,,,,,,,,
1208083,2019/20,2019-12-23,"Zahur Ahmed Chowdhury Stadium, Chattogram",1,14.6,Cumilla Warriors,Dhaka Platoon,Yasir Ali Chowdhury,PBB Rajapaksa,Shadab Khan,2,0,,,,,,,,,
1208083,2019/20,2019-12-23,"Zahur Ahmed Chowdhury Stadium, Chattogram",1,14.7,Cumilla Warriors,Dhaka Platoon,Yasir Ali Chowdhury,PBB Rajapaksa,Shadab Khan,4,0,,,,,,,,,
1208083,2019/20,2019-12-23,"Zahur Ahmed Chowdhury Stadium, Chattogram",1,15.1,Cumilla Warriors,Dhaka Platoon,PBB Rajapaksa,Yasir Ali Chowdhury,Wahab Riaz,2,0,,,,,,,,,
1208083,2019/20,2019-12-23,"Zahur Ahmed Chowdhury Stadium, Chattogram",1,15.2,Cumilla Warriors,Dhaka Platoon,PBB Rajapaksa,Yasir Ali Chowdhury,Wahab Riaz,1,0,,,,,,,,,
1208083,2019/20,2019-12-23,"Zahur Ahmed Chowdhury Stadium, Chattogram",1,15.3,Cumilla Warriors,Dhaka Platoon,Yasir Ali Chowdhury,PBB Rajapaksa,Wahab Riaz,1,0,,,,,,,,,
1208083,2019/20,2019-12-23,"Zahur Ahmed Chowdhury Stadium, Chattogram",1,15.4,Cumilla Warriors,Dhaka Platoon,PBB Rajapaksa,Yasir Ali Chowdhury,Wahab Riaz,1,0,,,,,,,,,
1208083,2019/20,2019-12-23,"Zahur Ahmed Chowdhury Stadium, Chattogram",1,15.5,Cumilla Warriors,Dhaka Platoon,Yasir Ali Chowdhury,PBB Rajapaksa,Wahab Riaz,1,0,,,,,,,,,
1208083,2019/20,2019-12-23,"Zahur Ahmed Chowdhury Stadium, Chattogram",1,15.6,Cumilla Warriors,Dhaka Platoon,PBB Rajapaksa,Yasir Ali Chowdhury,Wahab Riaz,1,0,,,,,,,,,
1208083,2019/20,2019-12-23,"Zahur Ahmed Chowdhury Stadium, Chattogram",1,16.1,Cumilla Warriors,Dhaka Platoon,PBB Rajapaksa,Yasir Ali Chowdhury,Shadab Khan,6,0,,,,,,,,,
1208083,2019/20,2019-12-23,"Zahur Ahmed Chowdhury Stadium, Chattogram",1,16.2,Cumilla Warriors,Dhaka Platoon,PBB Rajapaksa,Yasir Ali Chowdhury,Shadab Khan,2,0,,,,,,,,,
1208083,2019/20,2019-12-23,"Zahur Ahmed Chowdhury Stadium, Chattogram",1,16.3,Cumilla Warriors,Dhaka Platoon,PBB Rajapaksa,Yasir Ali Chowdhury,Shadab Khan,0,0,,,,,,,,,
1208083,2019/20,2019-12-23,"Zahur Ahmed Chowdhury Stadium, Chattogram",1,16.4,Cumilla Warriors,Dhaka Platoon,PBB Rajapaksa,Yasir Ali Chowdhury,Shadab Khan,0,0,,,,,,,,,
1208083,2019/20,2019-12-23,"Zahur Ahmed Chowdhury Stadium, Chattogram",1,16.5,Cumilla Warriors,Dhaka Platoon,PBB Rajapaksa,Yasir Ali Chowdhury,Shadab Khan,0,0,,,,,,,,,
1208083,2019/20,2019-12-23,"Zahur Ahmed Chowdhury Stadium, Chattogram",1,16.6,Cumilla Warriors,Dhaka Platoon,PBB Rajapaksa,Yasir Ali Chowdhury,Shadab Khan,6,0,,,,,,,,,
1208083,2019/20,2019-12-23,"Zahur Ahmed Chowdhury Stadium, Chattogram",1,17.1,Cumilla Warriors,Dhaka Platoon,Yasir Ali Chowdhury,PBB Rajapaksa,Wahab Riaz,1,0,,,,,,,,,
1208083,2019/20,2019-12-23,"Zahur Ahmed Chowdhury Stadium, Chattogram",1,17.2,Cumilla Warriors,Dhaka Platoon,PBB Rajapaksa,Yasir Ali Chowdhury,Wahab Riaz,0,0,,,,,,,,,
1208083,2019/20,2019-12-23,"Zahur Ahmed Chowdhury Stadium, Chattogram",1,17.3,Cumilla Warriors,Dhaka Platoon,PBB Rajapaksa,Yasir Ali Chowdhury,Wahab Riaz,6,0,,,,,,,,,
1208083,2019/20,2019-12-23,"Zahur Ahmed Chowdhury Stadium, Chattogram",1,17.4,Cumilla Warriors,Dhaka Platoon,PBB Rajapaksa,Yasir Ali Chowdhury,Wahab Riaz,1,0,,,,,,,,,
1208083,2019/20,2019-12-23,"Zahur Ahmed Chowdhury Stadium, Chattogram",1,17.5,Cumilla Warriors,Dhaka Platoon,Yasir Ali Chowdhury,PBB Rajapaksa,Wahab Riaz,0,0,,,,,,,,,
1208083,2019/20,2019-12-23,"Zahur Ahmed Chowdhury Stadium, Chattogram",1,17.6,Cumilla Warriors,Dhaka Platoon,Yasir Ali Chowdhury,PBB Rajapaksa,Wahab Riaz,1,0,,,,,,,,,
1208083,2019/20,2019-12-23,"Zahur Ahmed Chowdhury Stadium, Chattogram",1,18.1,Cumilla Warriors,Dhaka Platoon,Yasir Ali Chowdhury,PBB Rajapaksa,Hasan Mahmud,1,0,,,,,,,,,
1208083,2019/20,2019-12-23,"Zahur Ahmed Chowdhury Stadium, Chattogram",1,18.2,Cumilla Warriors,Dhaka Platoon,PBB Rajapaksa,Yasir Ali Chowdhury,Hasan Mahmud,1,0,,,,,,,,,
1208083,2019/20,2019-12-23,"Zahur Ahmed Chowdhury Stadium, Chattogram",1,18.3,Cumilla Warriors,Dhaka Platoon,Yasir Ali Chowdhury,PBB Rajapaksa,Hasan Mahmud,1,0,,,,,,,,,
1208083,2019/20,2019-12-23,"Zahur Ahmed Chowdhury Stadium, Chattogram",1,18.4,Cumilla Warriors,Dhaka Platoon,PBB Rajapaksa,Yasir Ali Chowdhury,Hasan Mahmud,2,0,,,,,,,,,
1208083,2019/20,2019-12-23,"Zahur Ahmed Chowdhury Stadium, Chattogram",1,18.5,Cumilla Warriors,Dhaka Platoon,PBB Rajapaksa,Yasir Ali Chowdhury,Hasan Mahmud,6,0,,,,,,,,,
1208083,2019/20,2019-12-23,"Zahur Ahmed Chowdhury Stadium, Chattogram",1,18.6,Cumilla Warriors,Dhaka Platoon,PBB Rajapaksa,Yasir Ali Chowdhury,Hasan Mahmud,2,0,,,,,,,,,
1208083,2019/20,2019-12-23,"Zahur Ahmed Chowdhury Stadium, Chattogram",1,19.1,Cumilla Warriors,Dhaka Platoon,Yasir Ali Chowdhury,PBB Rajapaksa,Wahab Riaz,1,0,,,,,,,,,
1208083,2019/20,2019-12-23,"Zahur Ahmed Chowdhury Stadium, Chattogram",1,19.2,Cumilla Warriors,Dhaka Platoon,PBB Rajapaksa,Yasir Ali Chowdhury,Wahab Riaz,0,1,,,1,,,,,,
1208083,2019/20,2019-12-23,"Zahur Ahmed Chowdhury Stadium, Chattogram",1,19.3,Cumilla Warriors,Dhaka Platoon,Yasir Ali Chowdhury,PBB Rajapaksa,Wahab Riaz,2,0,,,,,,,,,
1208083,2019/20,2019-12-23,"Zahur Ahmed Chowdhury Stadium, Chattogram",1,19.4,Cumilla Warriors,Dhaka Platoon,Yasir Ali Chowdhury,PBB Rajapaksa,Wahab Riaz,4,0,,,,,,,,,
1208083,2019/20,2019-12-23,"Zahur Ahmed Chowdhury Stadium, Chattogram",1,19.5,Cumilla Warriors,Dhaka Platoon,Yasir Ali Chowdhury,PBB Rajapaksa,Wahab Riaz,1,0,,,,,,,,,
1208083,2019/20,2019-12-23,"Zahur Ahmed Chowdhury Stadium, Chattogram",1,19.6,Cumilla Warriors,Dhaka Platoon,PBB Rajapaksa,Yasir Ali Chowdhury,Wahab Riaz,0,2,,,2,,,,,,
1208083,2019/20,2019-12-23,"Zahur Ahmed Chowdhury Stadium, Chattogram",2,0.1,Dhaka Platoon,Cumilla Warriors,Tamim Iqbal,Anamul Haque,Robiul Islam Robi,0,0,,,,,,,,,
1208083,2019/20,2019-12-23,"Zahur Ahmed Chowdhury Stadium, Chattogram",2,0.2,Dhaka Platoon,Cumilla Warriors,Tamim Iqbal,Anamul Haque,Robiul Islam Robi,0,0,,,,,,,,,
1208083,2019/20,2019-12-23,"Zahur Ahmed Chowdhury Stadium, Chattogram",2,0.3,Dhaka Platoon,Cumilla Warriors,Tamim Iqbal,Anamul Haque,Robiul Islam Robi,0,0,,,,,,,,,
1208083,2019/20,2019-12-23,"Zahur Ahmed Chowdhury Stadium, Chattogram",2,0.4,Dhaka Platoon,Cumilla Warriors,Tamim Iqbal,Anamul Haque,Robiul Islam Robi,1,0,,,,,,,,,
1208083,2019/20,2019-12-23,"Zahur Ahmed Chowdhury Stadium, Chattogram",2,0.5,Dhaka Platoon,Cumilla Warriors,Anamul Haque,Tamim Iqbal,Robiul Islam Robi,0,0,,,,,,,,,
1208083,2019/20,2019-12-23,"Zahur Ahmed Chowdhury Stadium, Chattogram",2,0.6,Dhaka Platoon,Cumilla Warriors,Anamul Haque,Tamim Iqbal,Robiul Islam Robi,0,0,,,,,,caught,Anamul Haque,,
1208083,2019/20,2019-12-23,"Zahur Ahmed Chowdhury Stadium, Chattogram",2,1.1,Dhaka Platoon,Cumilla Warriors,Tamim Iqbal,Mahedi Hasan,Mujeeb Ur Rahman,0,0,,,,,,,,,
1208083,2019/20,2019-12-23,"Zahur Ahmed Chowdhury Stadium, Chattogram",2,1.2,Dhaka Platoon,Cumilla Warriors,Tamim Iqbal,Mahedi Hasan,Mujeeb Ur Rahman,1,0,,,,,,,,,
1208083,2019/20,2019-12-23,"Zahur Ahmed Chowdhury Stadium, Chattogram",2,1.3,Dhaka Platoon,Cumilla Warriors,Mahedi Hasan,Tamim Iqbal,Mujeeb Ur Rahman,0,5,5,,,,,,,,
1208083,2019/20,2019-12-23,"Zahur Ahmed Chowdhury Stadium, Chattogram",2,1.4,Dhaka Platoon,Cumilla Warriors,Mahedi Hasan,Tamim Iqbal,Mujeeb Ur Rahman,1,0,,,,,,,,,
1208083,2019/20,2019-12-23,"Zahur Ahmed Chowdhury Stadium, Chattogram",2,1.5,Dhaka Platoon,Cumilla Warriors,Tamim Iqbal,Mahedi Hasan,Mujeeb Ur Rahman,1,0,,,,,,,,,
1208083,2019/20,2019-12-23,"Zahur Ahmed Chowdhury Stadium, Chattogram",2,1.6,Dhaka Platoon,Cumilla Warriors,Mahedi Hasan,Tamim Iqbal,Mujeeb Ur Rahman,0,0,,,,,,,,,
1208083,2019/20,2019-12-23,"Zahur Ahmed Chowdhury Stadium, Chattogram",2,1.7,Dhaka Platoon,Cumilla Warriors,Mahedi Hasan,Tamim Iqbal,Mujeeb Ur Rahman,1,0,,,,,,,,,
1208083,2019/20,2019-12-23,"Zahur Ahmed Chowdhury Stadium, Chattogram",2,2.1,Dhaka Platoon,Cumilla Warriors,Mahedi Hasan,Tamim Iqbal,Robiul Islam Robi,0,0,,,,,,,,,
1208083,2019/20,2019-12-23,"Zahur Ahmed Chowdhury Stadium, Chattogram",2,2.2,Dhaka Platoon,Cumilla Warriors,Mahedi Hasan,Tamim Iqbal,Robiul Islam Robi,6,0,,,,,,,,,
1208083,2019/20,2019-12-23,"Zahur Ahmed Chowdhury Stadium, Chattogram",2,2.3,Dhaka Platoon,Cumilla Warriors,Mahedi Hasan,Tamim Iqbal,Robiul Islam Robi,1,0,,,,,,,,,
1208083,2019/20,2019-12-23,"Zahur Ahmed Chowdhury Stadium, Chattogram",2,2.4,Dhaka Platoon,Cumilla Warriors,Tamim Iqbal,Mahedi Hasan,Robiul Islam Robi,1,0,,,,,,,,,
1208083,2019/20,2019-12-23,"Zahur Ahmed Chowdhury Stadium, Chattogram",2,2.5,Dhaka Platoon,Cumilla Warriors,Mahedi Hasan,Tamim Iqbal,Robiul Islam Robi,4,0,,,,,,,,,
1208083,2019/20,2019-12-23,"Zahur Ahmed Chowdhury Stadium, Chattogram",2,2.6,Dhaka Platoon,Cumilla Warriors,Mahedi Hasan,Tamim Iqbal,Robiul Islam Robi,0,0,,,,,,,,,
1208083,2019/20,2019-12-23,"Zahur Ahmed Chowdhury Stadium, Chattogram",2,3.1,Dhaka Platoon,Cumilla Warriors,Tamim Iqbal,Mahedi Hasan,Sumon Khan,1,0,,,,,,,,,
1208083,2019/20,2019-12-23,"Zahur Ahmed Chowdhury Stadium, Chattogram",2,3.2,Dhaka Platoon,Cumilla Warriors,Mahedi Hasan,Tamim Iqbal,Sumon Khan,0,0,,,,,,,,,
1208083,2019/20,2019-12-23,"Zahur Ahmed Chowdhury Stadium, Chattogram",2,3.3,Dhaka Platoon,Cumilla Warriors,Mahedi Hasan,Tamim Iqbal,Sumon Khan,0,1,,,,1,,,,,
1208083,2019/20,2019-12-23,"Zahur Ahmed Chowdhury Stadium, Chattogram",2,3.4,Dhaka Platoon,Cumilla Warriors,Tamim Iqbal,Mahedi Hasan,Sumon Khan,4,0,,,,,,,,,
1208083,2019/20,2019-12-23,"Zahur Ahmed Chowdhury Stadium, Chattogram",2,3.5,Dhaka Platoon,Cumilla Warriors,Tamim Iqbal,Mahedi Hasan,Sumon Khan,0,0,,,,,,,,,
1208083,2019/20,2019-12-23,"Zahur Ahmed Chowdhury Stadium, Chattogram",2,3.6,Dhaka Platoon,Cumilla Warriors,Tamim Iqbal,Mahedi Hasan,Sumon Khan,4,0,,,,,,,,,
1208083,2019/20,2019-12-23,"Zahur Ahmed Chowdhury Stadium, Chattogram",2,4.1,Dhaka Platoon,Cumilla Warriors,Mahedi Hasan,Tamim Iqbal,Robiul Islam Robi,0,0,,,,,,,,,
1208083,2019/20,2019-12-23,"Zahur Ahmed Chowdhury Stadium, Chattogram",2,4.2,Dhaka Platoon,Cumilla Warriors,Mahedi Hasan,Tamim Iqbal,Robiul Islam Robi,4,0,,,,,,,,,
1208083,2019/20,2019-12-23,"Zahur Ahmed Chowdhury Stadium, Chattogram",2,4.3,Dhaka Platoon,Cumilla Warriors,Mahedi Hasan,Tamim Iqbal,Robiul Islam Robi,6,0,,,,,,,,,
1208083,2019/20,2019-12-23,"Zahur Ahmed Chowdhury Stadium, Chattogram",2,4.4,Dhaka Platoon,Cumilla Warriors,Mahedi Hasan,Tamim Iqbal,Robiul Islam Robi,6,0,,,,,,,,,
1208083,2019/20,2019-12-23,"Zahur Ahmed Chowdhury Stadium, Chattogram",2,4.5,Dhaka Platoon,Cumilla Warriors,Mahedi Hasan,Tamim Iqbal,Robiul Islam Robi,6,0,,,,,,,,,
1208083,2019/20,2019-12-23,"Zahur Ahmed Chowdhury Stadium, Chattogram",2,4.6,Dhaka Platoon,Cumilla Warriors,Mahedi Hasan,Tamim Iqbal,Robiul Islam Robi,6,0,,,,,,,,,
1208083,2019/20,2019-12-23,"Zahur Ahmed Chowdhury Stadium, Chattogram",2,5.1,Dhaka Platoon,Cumilla Warriors,Tamim Iqbal,Mahedi Hasan,Mujeeb Ur Rahman,1,0,,,,,,,,,
1208083,2019/20,2019-12-23,"Zahur Ahmed Chowdhury Stadium, Chattogram",2,5.2,Dhaka Platoon,Cumilla Warriors,Mahedi Hasan,Tamim Iqbal,Mujeeb Ur Rahman,0,1,,,,1,,,,,
1208083,2019/20,2019-12-23,"Zahur Ahmed Chowdhury Stadium, Chattogram",2,5.3,Dhaka Platoon,Cumilla Warriors,Tamim Iqbal,Mahedi Hasan,Mujeeb Ur Rahman,0,0,,,,,,,,,
1208083,2019/20,2019-12-23,"Zahur Ahmed Chowdhury Stadium, Chattogram",2,5.4,Dhaka Platoon,Cumilla Warriors,Tamim Iqbal,Mahedi Hasan,Mujeeb Ur Rahman,0,0,,,,,,,,,
1208083,2019/20,2019-12-23,"Zahur Ahmed Chowdhury Stadium, Chattogram",2,5.5,Dhaka Platoon,Cumilla Warriors,Tamim Iqbal,Mahedi Hasan,Mujeeb Ur Rahman,0,0,,,,,,,,,
1208083,2019/20,2019-12-23,"Zahur Ahmed Chowdhury Stadium, Chattogram",2,5.6,Dhaka Platoon,Cumilla Warriors,Tamim Iqbal,Mahedi Hasan,Mujeeb Ur Rahman,0,0,,,,,,,,,
1208083,2019/20,2019-12-23,"Zahur Ahmed Chowdhury Stadium, Chattogram",2,6.1,Dhaka Platoon,Cumilla Warriors,Mahedi Hasan,Tamim Iqbal,Al-Amin Hossain,2,0,,,,,,,,,
1208083,2019/20,2019-12-23,"Zahur Ahmed Chowdhury Stadium, Chattogram",2,6.2,Dhaka Platoon,Cumilla Warriors,Mahedi Hasan,Tamim Iqbal,Al-Amin Hossain,0,0,,,,,,,,,
1208083,2019/20,2019-12-23,"Zahur Ahmed Chowdhury Stadium, Chattogram",2,6.3,Dhaka Platoon,Cumilla Warriors,Mahedi Hasan,Tamim Iqbal,Al-Amin Hossain,0,0,,,,,,,,,
1208083,2019/20,2019-12-23,"Zahur Ahmed Chowdhury Stadium, Chattogram",2,6.4,Dhaka Platoon,Cumilla Warriors,Mahedi Hasan,Tamim Iqbal,Al-Amin Hossain,1,0,,,,,,,,,
1208083,2019/20,2019-12-23,"Zahur Ahmed Chowdhury Stadium, Chattogram",2,6.5,Dhaka Platoon,Cumilla Warriors,Tamim Iqbal,Mahedi Hasan,Al-Amin Hossain,0,0,,,,,,,,,
1208083,2019/20,2019-12-23,"Zahur Ahmed Chowdhury Stadium, Chattogram",2,6.6,Dhaka Platoon,Cumilla Warriors,Tamim Iqbal,Mahedi Hasan,Al-Amin Hossain,0,1,1,,,,,,,,
1208083,2019/20,2019-12-23,"Zahur Ahmed Chowdhury Stadium, Chattogram",2,6.7,Dhaka Platoon,Cumilla Warriors,Tamim Iqbal,Mahedi Hasan,Al-Amin Hossain,0,0,,,,,,,,,
1208083,2019/20,2019-12-23,"Zahur Ahmed Chowdhury Stadium, Chattogram",2,7.1,Dhaka Platoon,Cumilla Warriors,Mahedi Hasan,Tamim Iqbal,Sumon Khan,6,0,,,,,,,,,
1208083,2019/20,2019-12-23,"Zahur Ahmed Chowdhury Stadium, Chattogram",2,7.2,Dhaka Platoon,Cumilla Warriors,Mahedi Hasan,Tamim Iqbal,Sumon Khan,1,0,,,,,,,,,
1208083,2019/20,2019-12-23,"Zahur Ahmed Chowdhury Stadium, Chattogram",2,7.3,Dhaka Platoon,Cumilla Warriors,Tamim Iqbal,Mahedi Hasan,Sumon Khan,0,0,,,,,,,,,
1208083,2019/20,2019-12-23,"Zahur Ahmed Chowdhury Stadium, Chattogram",2,7.4,Dhaka Platoon,Cumilla Warriors,Tamim Iqbal,Mahedi Hasan,Sumon Khan,0,1,1,,,,,,,,
1208083,2019/20,2019-12-23,"Zahur Ahmed Chowdhury Stadium, Chattogram",2,7.5,Dhaka Platoon,Cumilla Warriors,Tamim Iqbal,Mahedi Hasan,Sumon Khan,1,0,,,,,,,,,
1208083,2019/20,2019-12-23,"Zahur Ahmed Chowdhury Stadium, Chattogram",2,7.6,Dhaka Platoon,Cumilla Warriors,Mahedi Hasan,Tamim Iqbal,Sumon Khan,0,0,,,,,,,,,
1208083,2019/20,2019-12-23,"Zahur Ahmed Chowdhury Stadium, Chattogram",2,7.7,Dhaka Platoon,Cumilla Warriors,Mahedi Hasan,Tamim Iqbal,Sumon Khan,1,0,,,,,,,,,
1208083,2019/20,2019-12-23,"Zahur Ahmed Chowdhury Stadium, Chattogram",2,8.1,Dhaka Platoon,Cumilla Warriors,Mahedi Hasan,Tamim Iqbal,Al-Amin Hossain,0,0,,,,,,,,,
1208083,2019/20,2019-12-23,"Zahur Ahmed Chowdhury Stadium, Chattogram",2,8.2,Dhaka Platoon,Cumilla Warriors,Mahedi Hasan,Tamim Iqbal,Al-Amin Hossain,6,0,,,,,,,,,
1208083,2019/20,2019-12-23,"Zahur Ahmed Chowdhury Stadium, Chattogram",2,8.3,Dhaka Platoon,Cumilla Warriors,Mahedi Hasan,Tamim Iqbal,Al-Amin Hossain,1,0,,,,,,,,,
1208083,2019/20,2019-12-23,"Zahur Ahmed Chowdhury Stadium, Chattogram",2,8.4,Dhaka Platoon,Cumilla Warriors,Tamim Iqbal,Mahedi Hasan,Al-Amin Hossain,1,0,,,,,,,,,
1208083,2019/20,2019-12-23,"Zahur Ahmed Chowdhury Stadium, Chattogram",2,8.5,Dhaka Platoon,Cumilla Warriors,Mahedi Hasan,Tamim Iqbal,Al-Amin Hossain,0,0,,,,,,caught,Mahedi Hasan,,
1208083,2019/20,2019-12-23,"Zahur Ahmed Chowdhury Stadium, Chattogram",2,8.6,Dhaka Platoon,Cumilla Warriors,Tamim Iqbal,Asif Ali,Al-Amin Hossain,4,0,,,,,,,,,
1208083,2019/20,2019-12-23,"Zahur Ahmed Chowdhury Stadium, Chattogram",2,9.1,Dhaka Platoon,Cumilla Warriors,Asif Ali,Tamim Iqbal,Mujeeb Ur Rahman,0,0,,,,,,,,,
1208083,2019/20,2019-12-23,"Zahur Ahmed Chowdhury Stadium, Chattogram",2,9.2,Dhaka Platoon,Cumilla Warriors,Asif Ali,Tamim Iqbal,Mujeeb Ur Rahman,0,0,,,,,,,,,
1208083,2019/20,2019-12-23,"Zahur Ahmed Chowdhury Stadium, Chattogram",2,9.3,Dhaka Platoon,Cumilla Warriors,Asif Ali,Tamim Iqbal,Mujeeb Ur Rahman,0,0,,,,,,,,,
1208083,2019/20,2019-12-23,"Zahur Ahmed Chowdhury Stadium, Chattogram",2,9.4,Dhaka Platoon,Cumilla Warriors,Asif Ali,Tamim Iqbal,Mujeeb Ur Rahman,0,0,,,,,,,,,
1208083,2019/20,2019-12-23,"Zahur Ahmed Chowdhury Stadium, Chattogram",2,9.5,Dhaka Platoon,Cumilla Warriors,Asif Ali,Tamim Iqbal,Mujeeb Ur Rahman,0,0,,,,,,bowled,Asif Ali,,
1208083,2019/20,2019-12-23,"Zahur Ahmed Chowdhury Stadium, Chattogram",2,9.6,Dhaka Platoon,Cumilla Warriors,Jaker Ali,Tamim Iqbal,Mujeeb Ur Rahman,0,0,,,,,,lbw,Jaker Ali,,
1208083,2019/20,2019-12-23,"Zahur Ahmed Chowdhury Stadium, Chattogram",2,10.1,Dhaka Platoon,Cumilla Warriors,Tamim Iqbal,Mominul Haque,Robiul Islam Robi,1,0,,,,,,,,,
1208083,2019/20,2019-12-23,"Zahur Ahmed Chowdhury Stadium, Chattogram",2,10.2,Dhaka Platoon,Cumilla Warriors,Mominul Haque,Tamim Iqbal,Robiul Islam Robi,0,0,,,,,,,,,
1208083,2019/20,2019-12-23,"Zahur Ahmed Chowdhury Stadium, Chattogram",2,10.3,Dhaka Platoon,Cumilla Warriors,Mominul Haque,Tamim Iqbal,Robiul Islam Robi,0,0,,,,,,,,,
1208083,2019/20,2019-12-23,"Zahur Ahmed Chowdhury Stadium, Chattogram",2,10.4,Dhaka Platoon,Cumilla Warriors,Mominul Haque,Tamim Iqbal,Robiul Islam Robi,1,0,,,,,,,,,
1208083,2019/20,2019-12-23,"Zahur Ahmed Chowdhury Stadium, Chattogram",2,10.5,Dhaka Platoon,Cumilla Warriors,Tamim Iqbal,Mominul Haque,Robiul Islam Robi,0,0,,,,,,,,,
1208083,2019/20,2019-12-23,"Zahur Ahmed Chowdhury Stadium, Chattogram",2,10.6,Dhaka Platoon,Cumilla Warriors,Tamim Iqbal,Mominul Haque,Robiul Islam Robi,1,0,,,,,,,,,
1208083,2019/20,2019-12-23,"Zahur Ahmed Chowdhury Stadium, Chattogram",2,11.1,Dhaka Platoon,Cumilla Warriors,Tamim Iqbal,Mominul Haque,Soumya Sarkar,1,0,,,,,,,,,
1208083,2019/20,2019-12-23,"Zahur Ahmed Chowdhury Stadium, Chattogram",2,11.2,Dhaka Platoon,Cumilla Warriors,Mominul Haque,Tamim Iqbal,Soumya Sarkar,4,0,,,,,,,,,
1208083,2019/20,2019-12-23,"Zahur Ahmed Chowdhury Stadium, Chattogram",2,11.3,Dhaka Platoon,Cumilla Warriors,Mominul Haque,Tamim Iqbal,Soumya Sarkar,1,0,,,,,,,,,
1208083,2019/20,2019-12-23,"Zahur Ahmed Chowdhury Stadium, Chattogram",2,11.4,Dhaka Platoon,Cumilla Warriors,Tamim Iqbal,Mominul Haque,Soumya Sarkar,0,0,,,,,,,,,
1208083,2019/20,2019-12-23,"Zahur Ahmed Chowdhury Stadium, Chattogram",2,11.5,Dhaka Platoon,Cumilla Warriors,Tamim Iqbal,Mominul Haque,Soumya Sarkar,1,0,,,,,,,,,
1208083,2019/20,2019-12-23,"Zahur Ahmed Chowdhury Stadium, Chattogram",2,11.6,Dhaka Platoon,Cumilla Warriors,Mominul Haque,Tamim Iqbal,Soumya Sarkar,2,0,,,,,,,,,
1208083,2019/20,2019-12-23,"Zahur Ahmed Chowdhury Stadium, Chattogram",2,12.1,Dhaka Platoon,Cumilla Warriors,Tamim Iqbal,Mominul Haque,Al-Amin Hossain,1,0,,,,,,,,,
1208083,2019/20,2019-12-23,"Zahur Ahmed Chowdhury Stadium, Chattogram",2,12.2,Dhaka Platoon,Cumilla Warriors,Mominul Haque,Tamim Iqbal,Al-Amin Hossain,1,0,,,,,,,,,
1208083,2019/20,2019-12-23,"Zahur Ahmed Chowdhury Stadium, Chattogram",2,12.3,Dhaka Platoon,Cumilla Warriors,Tamim Iqbal,Mominul Haque,Al-Amin Hossain,4,0,,,,,,,,,
1208083,2019/20,2019-12-23,"Zahur Ahmed Chowdhury Stadium, Chattogram",2,12.4,Dhaka Platoon,Cumilla Warriors,Tamim Iqbal,Mominul Haque,Al-Amin Hossain,0,0,,,,,,,,,
1208083,2019/20,2019-12-23,"Zahur Ahmed Chowdhury Stadium, Chattogram",2,12.5,Dhaka Platoon,Cumilla Warriors,Tamim Iqbal,Mominul Haque,Al-Amin Hossain,1,0,,,,,,,,,
1208083,2019/20,2019-12-23,"Zahur Ahmed Chowdhury Stadium, Chattogram",2,12.6,Dhaka Platoon,Cumilla Warriors,Mominul Haque,Tamim Iqbal,Al-Amin Hossain,0,1,,,,1,,,,,
1208083,2019/20,2019-12-23,"Zahur Ahmed Chowdhury Stadium, Chattogram",2,13.1,Dhaka Platoon,Cumilla Warriors,Mominul Haque,Tamim Iqbal,Soumya Sarkar,0,0,,,,,,,,,
1208083,2019/20,2019-12-23,"Zahur Ahmed Chowdhury Stadium, Chattogram",2,13.2,Dhaka Platoon,Cumilla Warriors,Mominul Haque,Tamim Iqbal,Soumya Sarkar,1,0,,,,,,,,,
1208083,2019/20,2019-12-23,"Zahur Ahmed Chowdhury Stadium, Chattogram",2,13.3,Dhaka Platoon,Cumilla Warriors,Tamim Iqbal,Mominul Haque,Soumya Sarkar,1,0,,,,,,,,,
1208083,2019/20,2019-12-23,"Zahur Ahmed Chowdhury Stadium, Chattogram",2,13.4,Dhaka Platoon,Cumilla Warriors,Mominul Haque,Tamim Iqbal,Soumya Sarkar,2,0,,,,,,,,,
1208083,2019/20,2019-12-23,"Zahur Ahmed Chowdhury Stadium, Chattogram",2,13.5,Dhaka Platoon,Cumilla Warriors,Mominul Haque,Tamim Iqbal,Soumya Sarkar,0,1,1,,,,,,,,
1208083,2019/20,2019-12-23,"Zahur Ahmed Chowdhury Stadium, Chattogram",2,13.6,Dhaka Platoon,Cumilla Warriors,Mominul Haque,Tamim Iqbal,Soumya Sarkar,1,0,,,,,,,,,
1208083,2019/20,2019-12-23,"Zahur Ahmed Chowdhury Stadium, Chattogram",2,13.7,Dhaka Platoon,Cumilla Warriors,Tamim Iqbal,Mominul Haque,Soumya Sarkar,1,0,,,,,,,,,
1208083,2019/20,2019-12-23,"Zahur Ahmed Chowdhury Stadium, Chattogram",2,14.1,Dhaka Platoon,Cumilla Warriors,Tamim Iqbal,Mominul Haque,Sumon Khan,0,0,,,,,,,,,
1208083,2019/20,2019-12-23,"Zahur Ahmed Chowdhury Stadium, Chattogram",2,14.2,Dhaka Platoon,Cumilla Warriors,Tamim Iqbal,Mominul Haque,Sumon Khan,1,0,,,,,,,,,
1208083,2019/20,2019-12-23,"Zahur Ahmed Chowdhury Stadium, Chattogram",2,14.3,Dhaka Platoon,Cumilla Warriors,Mominul Haque,Tamim Iqbal,Sumon Khan,1,0,,,,,,,,,
1208083,2019/20,2019-12-23,"Zahur Ahmed Chowdhury Stadium, Chattogram",2,14.4,Dhaka Platoon,Cumilla Warriors,Tamim Iqbal,Mominul Haque,Sumon Khan,1,0,,,,,,,,,
1208083,2019/20,2019-12-23,"Zahur Ahmed Chowdhury Stadium, Chattogram",2,14.5,Dhaka Platoon,Cumilla Warriors,Mominul Haque,Tamim Iqbal,Sumon Khan,1,0,,,,,,,,,
1208083,2019/20,2019-12-23,"Zahur Ahmed Chowdhury Stadium, Chattogram",2,14.6,Dhaka Platoon,Cumilla Warriors,Tamim Iqbal,Mominul Haque,Sumon Khan,0,0,,,,,,,,,
1208083,2019/20,2019-12-23,"Zahur Ahmed Chowdhury Stadium, Chattogram",2,15.1,Dhaka Platoon,Cumilla Warriors,Mominul Haque,Tamim Iqbal,Soumya Sarkar,2,0,,,,,,,,,
1208083,2019/20,2019-12-23,"Zahur Ahmed Chowdhury Stadium, Chattogram",2,15.2,Dhaka Platoon,Cumilla Warriors,Mominul Haque,Tamim Iqbal,Soumya Sarkar,1,0,,,,,,,,,
1208083,2019/20,2019-12-23,"Zahur Ahmed Chowdhury Stadium, Chattogram",2,15.3,Dhaka Platoon,Cumilla Warriors,Tamim Iqbal,Mominul Haque,Soumya Sarkar,0,0,,,,,,caught,Tamim Iqbal,,
1208083,2019/20,2019-12-23,"Zahur Ahmed Chowdhury Stadium, Chattogram",2,15.4,Dhaka Platoon,Cumilla Warriors,Mominul Haque,Shahid Afridi,Soumya Sarkar,1,0,,,,,,,,,
1208083,2019/20,2019-12-23,"Zahur Ahmed Chowdhury Stadium, Chattogram",2,15.5,Dhaka Platoon,Cumilla Warriors,Shahid Afridi,Mominul Haque,Soumya Sarkar,0,0,,,,,,,,,
1208083,2019/20,2019-12-23,"Zahur Ahmed Chowdhury Stadium, Chattogram",2,15.6,Dhaka Platoon,Cumilla Warriors,Shahid Afridi,Mominul Haque,Soumya Sarkar,1,0,,,,,,,,,
1208083,2019/20,2019-12-23,"Zahur Ahmed Chowdhury Stadium, Chattogram",2,16.1,Dhaka Platoon,Cumilla Warriors,Shahid Afridi,Mominul Haque,Sumon Khan,4,0,,,,,,,,,
1208083,2019/20,2019-12-23,"Zahur Ahmed Chowdhury Stadium, Chattogram",2,16.2,Dhaka Platoon,Cumilla Warriors,Shahid Afridi,Mominul Haque,Sumon Khan,1,0,,,,,,,,,
1208083,2019/20,2019-12-23,"Zahur Ahmed Chowdhury Stadium, Chattogram",2,16.3,Dhaka Platoon,Cumilla Warriors,Mominul Haque,Shahid Afridi,Sumon Khan,2,0,,,,,,,,,
1208083,2019/20,2019-12-23,"Zahur Ahmed Chowdhury Stadium, Chattogram",2,16.4,Dhaka Platoon,Cumilla Warriors,Mominul Haque,Shahid Afridi,Sumon Khan,0,0,,,,,,,,,
1208083,2019/20,2019-12-23,"Zahur Ahmed Chowdhury Stadium, Chattogram",2,16.5,Dhaka Platoon,Cumilla Warriors,Mominul Haque,Shahid Afridi,Sumon Khan,0,1,1,,,,,,,,
1208083,2019/20,2019-12-23,"Zahur Ahmed Chowdhury Stadium, Chattogram",2,16.6,Dhaka Platoon,Cumilla Warriors,Mominul Haque,Shahid Afridi,Sumon Khan,1,0,,,,,,,,,
1208083,2019/20,2019-12-23,"Zahur Ahmed Chowdhury Stadium, Chattogram",2,16.7,Dhaka Platoon,Cumilla Warriors,Shahid Afridi,Mominul Haque,Sumon Khan,0,1,1,,,,,,,,
1208083,2019/20,2019-12-23,"Zahur Ahmed Chowdhury Stadium, Chattogram",2,16.8,Dhaka Platoon,Cumilla Warriors,Shahid Afridi,Mominul Haque,Sumon Khan,1,0,,,,,,,,,
1208083,2019/20,2019-12-23,"Zahur Ahmed Chowdhury Stadium, Chattogram",2,17.1,Dhaka Platoon,Cumilla Warriors,Shahid Afridi,Mominul Haque,Mujeeb Ur Rahman,0,0,,,,,,,,,
1208083,2019/20,2019-12-23,"Zahur Ahmed Chowdhury Stadium, Chattogram",2,17.2,Dhaka Platoon,Cumilla Warriors,Shahid Afridi,Mominul Haque,Mujeeb Ur Rahman,2,0,,,,,,,,,
1208083,2019/20,2019-12-23,"Zahur Ahmed Chowdhury Stadium, Chattogram",2,17.3,Dhaka Platoon,Cumilla Warriors,Shahid Afridi,Mominul Haque,Mujeeb Ur Rahman,6,0,,,,,,,,,
1208083,2019/20,2019-12-23,"Zahur Ahmed Chowdhury Stadium, Chattogram",2,17.4,Dhaka Platoon,Cumilla Warriors,Shahid Afridi,Mominul Haque,Mujeeb Ur Rahman,1,0,,,,,,,,,
1208083,2019/20,2019-12-23,"Zahur Ahmed Chowdhury Stadium, Chattogram",2,17.5,Dhaka Platoon,Cumilla Warriors,Mominul Haque,Shahid Afridi,Mujeeb Ur Rahman,0,1,1,,,,,,,,
1208083,2019/20,2019-12-23,"Zahur Ahmed Chowdhury Stadium, Chattogram",2,17.6,Dhaka Platoon,Cumilla Warriors,Mominul Haque,Shahid Afridi,Mujeeb Ur Rahman,1,0,,,,,,,,,
1208083,2019/20,2019-12-23,"Zahur Ahmed Chowdhury Stadium, Chattogram",2,17.7,Dhaka Platoon,Cumilla Warriors,Shahid Afridi,Mominul Haque,Mujeeb Ur Rahman,1,0,,,,,,,,,
1208083,2019/20,2019-12-23,"Zahur Ahmed Chowdhury Stadium, Chattogram",2,18.1,Dhaka Platoon,Cumilla Warriors,Shahid Afridi,Mominul Haque,Al-Amin Hossain,1,0,,,,,,,,,
1208083,2019/20,2019-12-23,"Zahur Ahmed Chowdhury Stadium, Chattogram",2,18.2,Dhaka Platoon,Cumilla Warriors,Mominul Haque,Shahid Afridi,Al-Amin Hossain,2,0,,,,,,,,,
1208083,2019/20,2019-12-23,"Zahur Ahmed Chowdhury Stadium, Chattogram",2,18.3,Dhaka Platoon,Cumilla Warriors,Mominul Haque,Shahid Afridi,Al-Amin Hossain,0,0,,,,,,,,,
1208083,2019/20,2019-12-23,"Zahur Ahmed Chowdhury Stadium, Chattogram",2,18.4,Dhaka Platoon,Cumilla Warriors,Mominul Haque,Shahid Afridi,Al-Amin Hossain,1,0,,,,,,,,,
1208083,2019/20,2019-12-23,"Zahur Ahmed Chowdhury Stadium, Chattogram",2,18.5,Dhaka Platoon,Cumilla Warriors,Shahid Afridi,Mominul Haque,Al-Amin Hossain,1,0,,,,,,,,,
1208083,2019/20,2019-12-23,"Zahur Ahmed Chowdhury Stadium, Chattogram",2,18.6,Dhaka Platoon,Cumilla Warriors,Mominul Haque,Shahid Afridi,Al-Amin Hossain,1,0,,,,,,,,,
1208083,2019/20,2019-12-23,"Zahur Ahmed Chowdhury Stadium, Chattogram",2,19.1,Dhaka Platoon,Cumilla Warriors,Mominul Haque,Shahid Afridi,Soumya Sarkar,1,0,,,,,,,,,
1208083,2019/20,2019-12-23,"Zahur Ahmed Chowdhury Stadium, Chattogram",2,19.2,Dhaka Platoon,Cumilla Warriors,Shahid Afridi,Mominul Haque,Soumya Sarkar,0,0,,,,,,,,,
1208083,2019/20,2019-12-23,"Zahur Ahmed Chowdhury Stadium, Chattogram",2,19.3,Dhaka Platoon,Cumilla Warriors,Shahid Afridi,Mominul Haque,Soumya Sarkar,6,0,,,,,,,,,
1208083,2019/20,2019-12-23,"Zahur Ahmed Chowdhury Stadium, Chattogram",2,19.4,Dhaka Platoon,Cumilla Warriors,Shahid Afridi,Mominul Haque,Soumya Sarkar,0,0,,,,,,,,,
1208083,2019/20,2019-12-23,"Zahur Ahmed Chowdhury Stadium, Chattogram",2,19.5,Dhaka Platoon,Cumilla Warriors,Shahid Afridi,Mominul Haque,Soumya Sarkar,1,0,,,,,,,,,
