match_id,season,start_date,venue,innings,ball,batting_team,bowling_team,striker,non_striker,bowler,runs_off_bat,extras,wides,noballs,byes,legbyes,penalty,wicket_type,player_dismissed,other_wicket_type,other_player_dismissed
1296718,2021/22,2022-02-18,"Shere Bangla National Stadium, Mirpur",1,0.1,Comilla Victorians,Fortune Barishal,SP Narine,Liton Das,Mujeeb Ur Rahman,0,0,,,,,,,,,
1296718,2021/22,2022-02-18,"Shere Bangla National Stadium, Mirpur",1,0.2,Comilla Victorians,Fortune Barishal,SP Narine,Liton Das,Mujeeb Ur Rahman,1,0,,,,,,,,,
1296718,2021/22,2022-02-18,"Shere Bangla National Stadium, Mirpur",1,0.3,Comilla Victorians,Fortune Barishal,Liton Das,SP Narine,Mujeeb Ur Rahman,1,0,,,,,,,,,
1296718,2021/22,2022-02-18,"Shere Bangla National Stadium, Mirpur",1,0.4,Comilla Victorians,Fortune Barishal,SP Narine,Liton Das,Mujeeb Ur Rahman,6,0,,,,,,,,,
1296718,2021/22,2022-02-18,"Shere Bangla National Stadium, Mirpur",1,0.5,Comilla Victorians,Fortune Barishal,SP Narine,Liton Das,Mujeeb Ur Rahman,4,0,,,,,,,,,
1296718,2021/22,2022-02-18,"Shere Bangla National Stadium, Mirpur",1,0.6,Comilla Victorians,Fortune Barishal,SP Narine,Liton Das,Mujeeb Ur Rahman,6,0,,,,,,,,,
1296718,2021/22,2022-02-18,"Shere Bangla National Stadium, Mirpur",1,1.1,Comilla Victorians,Fortune Barishal,Liton Das,SP Narine,Shafiqul Islam,1,0,,,,,,,,,
1296718,2021/22,2022-02-18,"Shere Bangla National Stadium, Mirpur",1,1.2,Comilla Victorians,Fortune Barishal,SP Narine,Liton Das,Shafiqul Islam,4,0,,,,,,,,,
1296718,2021/22,2022-02-18,"Shere Bangla National Stadium, Mirpur",1,1.3,Comilla Victorians,Fortune Barishal,SP Narine,Liton Das,Shafiqul Islam,6,0,,,,,,,,,
1296718,2021/22,2022-02-18,"Shere Bangla National Stadium, Mirpur",1,1.4,Comilla Victorians,Fortune Barishal,SP Narine,Liton Das,Shafiqul Islam,0,1,1,,,,,,,,
1296718,2021/22,2022-02-18,"Shere Bangla National Stadium, Mirpur",1,1.5,Comilla Victorians,Fortune Barishal,SP Narine,Liton Das,Shafiqul Islam,0,0,,,,,,,,,
1296718,2021/22,2022-02-18,"Shere Bangla National Stadium, Mirpur",1,1.6,Comilla Victorians,Fortune Barishal,SP Narine,Liton Das,Shafiqul Islam,0,0,,,,,,,,,
1296718,2021/22,2022-02-18,"Shere Bangla National Stadium, Mirpur",1,1.7,Comilla Victorians,Fortune Barishal,SP Narine,Liton Das,Shafiqul Islam,6,0,,,,,,,,,
1296718,2021/22,2022-02-18,"Shere Bangla National Stadium, Mirpur",1,2.1,Comilla Victorians,Fortune Barishal,Liton Das,SP Narine,Shakib Al Hasan,0,0,,,,,,,,,
1296718,2021/22,2022-02-18,"Shere Bangla National Stadium, Mirpur",1,2.2,Comilla Victorians,Fortune Barishal,Liton Das,SP Narine,Shakib Al Hasan,1,0,,,,,,,,,
1296718,2021/22,2022-02-18,"Shere Bangla National Stadium, Mirpur",1,2.3,Comilla Victorians,Fortune Barishal,SP Narine,Liton Das,Shakib Al Hasan,1,0,,,,,,,,,
1296718,2021/22,2022-02-18,"Shere Bangla National Stadium, Mirpur",1,2.4,Comilla Victorians,Fortune Barishal,Liton Das,SP Narine,Shakib Al Hasan,1,0,,,,,,,,,
1296718,2021/22,2022-02-18,"Shere Bangla National Stadium, Mirpur",1,2.5,Comilla Victorians,Fortune Barishal,SP Narine,Liton Das,Shakib Al Hasan,1,0,,,,,,,,,
1296718,2021/22,2022-02-18,"Shere Bangla National Stadium, Mirpur",1,2.6,Comilla Victorians,Fortune Barishal,Liton Das,SP Narine,Shakib Al Hasan,0,0,,,,,,bowled,Liton Das,,
1296718,2021/22,2022-02-18,"Shere Bangla National Stadium, Mirpur",1,3.1,Comilla Victorians,Fortune Barishal,SP Narine,Mahmudul Hasan Joy,DJ Bravo,1,0,,,,,,,,,
1296718,2021/22,2022-02-18,"Shere Bangla National Stadium, Mirpur",1,3.2,Comilla Victorians,Fortune Barishal,Mahmudul Hasan Joy,SP Narine,DJ Bravo,1,0,,,,,,,,,
1296718,2021/22,2022-02-18,"Shere Bangla National Stadium, Mirpur",1,3.3,Comilla Victorians,Fortune Barishal,SP Narine,Mahmudul Hasan Joy,DJ Bravo,0,0,,,,,,,,,
1296718,2021/22,2022-02-18,"Shere Bangla National Stadium, Mirpur",1,3.4,Comilla Victorians,Fortune Barishal,SP Narine,Mahmudul Hasan Joy,DJ Bravo,0,0,,,,,,,,,
1296718,2021/22,2022-02-18,"Shere Bangla National Stadium, Mirpur",1,3.5,Comilla Victorians,Fortune Barishal,SP Narine,Mahmudul Hasan Joy,DJ Bravo,4,0,,,,,,,,,
1296718,2021/22,2022-02-18,"Shere Bangla National Stadium, Mirpur",1,3.6,Comilla Victorians,Fortune Barishal,SP Narine,Mahmudul Hasan Joy,DJ Bravo,0,0,,,,,,,,,
1296718,2021/22,2022-02-18,"Shere Bangla National Stadium, Mirpur",1,4.1,Comilla Victorians,Fortune Barishal,Mahmudul Hasan Joy,SP Narine,Shakib Al Hasan,4,0,,,,,,,,,
1296718,2021/22,2022-02-18,"Shere Bangla National Stadium, Mirpur",1,4.2,Comilla Victorians,Fortune Barishal,Mahmudul Hasan Joy,SP Narine,Shakib Al Hasan,1,0,,,,,,,,,
1296718,2021/22,2022-02-18,"Shere Bangla National Stadium, Mirpur",1,4.3,Comilla Victorians,Fortune Barishal,SP Narine,Mahmudul Hasan Joy,Shakib Al Hasan,4,0,,,,,,,,,
1296718,2021/22,2022-02-18,"Shere Bangla National Stadium, Mirpur",1,4.4,Comilla Victorians,Fortune Barishal,SP Narine,Mahmudul Hasan Joy,Shakib Al Hasan,4,0,,,,,,,,,
1296718,2021/22,2022-02-18,"Shere Bangla National Stadium, Mirpur",1,4.5,Comilla Victorians,Fortune Barishal,SP Narine,Mahmudul Hasan Joy,Shakib Al Hasan,0,0,,,,,,,,,
1296718,2021/22,2022-02-18,"Shere Bangla National Stadium, Mirpur",1,4.6,Comilla Victorians,Fortune Barishal,SP Narine,Mahmudul Hasan Joy,Shakib Al Hasan,3,0,,,,,,,,,
1296718,2021/22,2022-02-18,"Shere Bangla National Stadium, Mirpur",1,5.1,Comilla Victorians,Fortune Barishal,SP Narine,Mahmudul Hasan Joy,Mehedi Hasan Rana,6,0,,,,,,,,,
1296718,2021/22,2022-02-18,"Shere Bangla National Stadium, Mirpur",1,5.2,Comilla Victorians,Fortune Barishal,SP Narine,Mahmudul Hasan Joy,Mehedi Hasan Rana,0,1,1,,,,,,,,
1296718,2021/22,2022-02-18,"Shere Bangla National Stadium, Mirpur",1,5.3,Comilla Victorians,Fortune Barishal,SP Narine,Mahmudul Hasan Joy,Mehedi Hasan Rana,0,0,,,,,,caught,SP Narine,,
1296718,2021/22,2022-02-18,"Shere Bangla National Stadium, Mirpur",1,5.4,Comilla Victorians,Fortune Barishal,Mahmudul Hasan Joy,F du Plessis,Mehedi Hasan Rana,1,0,,,,,,,,,
1296718,2021/22,2022-02-18,"Shere Bangla National Stadium, Mirpur",1,5.5,Comilla Victorians,Fortune Barishal,F du Plessis,Mahmudul Hasan Joy,Mehedi Hasan Rana,0,1,1,,,,,,,,
1296718,2021/22,2022-02-18,"Shere Bangla National Stadium, Mirpur",1,5.6,Comilla Victorians,Fortune Barishal,F du Plessis,Mahmudul Hasan Joy,Mehedi Hasan Rana,0,0,,,,,,,,,
1296718,2021/22,2022-02-18,"Shere Bangla National Stadium, Mirpur",1,5.7,Comilla Victorians,Fortune Barishal,F du Plessis,Mahmudul Hasan Joy,Mehedi Hasan Rana,1,0,,,,,,,,,
1296718,2021/22,2022-02-18,"Shere Bangla National Stadium, Mirpur",1,5.8,Comilla Victorians,Fortune Barishal,Mahmudul Hasan Joy,F du Plessis,Mehedi Hasan Rana,1,0,,,,,,,,,
1296718,2021/22,2022-02-18,"Shere Bangla National Stadium, Mirpur",1,6.1,Comilla Victorians,Fortune Barishal,Mahmudul Hasan Joy,F du Plessis,Mujeeb Ur Rahman,0,0,,,,,,,,,
1296718,2021/22,2022-02-18,"Shere Bangla National Stadium, Mirpur",1,6.2,Comilla Victorians,Fortune Barishal,Mahmudul Hasan Joy,F du Plessis,Mujeeb Ur Rahman,0,0,,,,,,run out,Mahmudul Hasan Joy,,
1296718,2021/22,2022-02-18,"Shere Bangla National Stadium, Mirpur",1,6.3,Comilla Victorians,Fortune Barishal,Imrul Kayes,F du Plessis,Mujeeb Ur Rahman,0,1,1,,,,,,,,
1296718,2021/22,2022-02-18,"Shere Bangla National Stadium, Mirpur",1,6.4,Comilla Victorians,Fortune Barishal,Imrul Kayes,F du Plessis,Mujeeb Ur Rahman,4,0,,,,,,,,,
1296718,2021/22,2022-02-18,"Shere Bangla National Stadium, Mirpur",1,6.5,Comilla Victorians,Fortune Barishal,Imrul Kayes,F du Plessis,Mujeeb Ur Rahman,0,0,,,,,,,,,
1296718,2021/22,2022-02-18,"Shere Bangla National Stadium, Mirpur",1,6.6,Comilla Victorians,Fortune Barishal,Imrul Kayes,F du Plessis,Mujeeb Ur Rahman,0,0,,,,,,,,,
1296718,2021/22,2022-02-18,"Shere Bangla National Stadium, Mirpur",1,6.7,Comilla Victorians,Fortune Barishal,Imrul Kayes,F du Plessis,Mujeeb Ur Rahman,0,0,,,,,,,,,
1296718,2021/22,2022-02-18,"Shere Bangla National Stadium, Mirpur",1,7.1,Comilla Victorians,Fortune Barishal,F du Plessis,Imrul Kayes,Shakib Al Hasan,1,0,,,,,,,,,
1296718,2021/22,2022-02-18,"Shere Bangla National Stadium, Mirpur",1,7.2,Comilla Victorians,Fortune Barishal,Imrul Kayes,F du Plessis,Shakib Al Hasan,1,0,,,,,,,,,
1296718,2021/22,2022-02-18,"Shere Bangla National Stadium, Mirpur",1,7.3,Comilla Victorians,Fortune Barishal,F du Plessis,Imrul Kayes,Shakib Al Hasan,0,0,,,,,,,,,
1296718,2021/22,2022-02-18,"Shere Bangla National Stadium, Mirpur",1,7.4,Comilla Victorians,Fortune Barishal,F du Plessis,Imrul Kayes,Shakib Al Hasan,1,0,,,,,,,,,
1296718,2021/22,2022-02-18,"Shere Bangla National Stadium, Mirpur",1,7.5,Comilla Victorians,Fortune Barishal,Imrul Kayes,F du Plessis,Shakib Al Hasan,1,0,,,,,,,,,
1296718,2021/22,2022-02-18,"Shere Bangla National Stadium, Mirpur",1,7.6,Comilla Victorians,Fortune Barishal,F du Plessis,Imrul Kayes,Shakib Al Hasan,1,0,,,,,,,,,
1296718,2021/22,2022-02-18,"Shere Bangla National Stadium, Mirpur",1,8.1,Comilla Victorians,Fortune Barishal,F du Plessis,Imrul Kayes,Mujeeb Ur Rahman,0,0,,,,,,caught and bowled,F du Plessis,,
1296718,2021/22,2022-02-18,"Shere Bangla National Stadium, Mirpur",1,8.2,Comilla Victorians,Fortune Barishal,MM Ali,Imrul Kayes,Mujeeb Ur Rahman,1,0,,,,,,,,,
1296718,2021/22,2022-02-18,"Shere Bangla National Stadium, Mirpur",1,8.3,Comilla Victorians,Fortune Barishal,Imrul Kayes,MM Ali,Mujeeb Ur Rahman,0,0,,,,,,,,,
1296718,2021/22,2022-02-18,"Shere Bangla National Stadium, Mirpur",1,8.4,Comilla Victorians,Fortune Barishal,Imrul Kayes,MM Ali,Mujeeb Ur Rahman,0,0,,,,,,,,,
1296718,2021/22,2022-02-18,"Shere Bangla National Stadium, Mirpur",1,8.5,Comilla Victorians,Fortune Barishal,Imrul Kayes,MM Ali,Mujeeb Ur Rahman,1,0,,,,,,,,,
1296718,2021/22,2022-02-18,"Shere Bangla National Stadium, Mirpur",1,8.6,Comilla Victorians,Fortune Barishal,MM Ali,Imrul Kayes,Mujeeb Ur Rahman,1,0,,,,,,,,,
1296718,2021/22,2022-02-18,"Shere Bangla National Stadium, Mirpur",1,9.1,Comilla Victorians,Fortune Barishal,MM Ali,Imrul Kayes,DJ Bravo,0,1,1,,,,,,,,
1296718,2021/22,2022-02-18,"Shere Bangla National Stadium, Mirpur",1,9.2,Comilla Victorians,Fortune Barishal,MM Ali,Imrul Kayes,DJ Bravo,1,0,,,,,,,,,
1296718,2021/22,2022-02-18,"Shere Bangla National Stadium, Mirpur",1,9.3,Comilla Victorians,Fortune Barishal,Imrul Kayes,MM Ali,DJ Bravo,4,0,,,,,,,,,
1296718,2021/22,2022-02-18,"Shere Bangla National Stadium, Mirpur",1,9.4,Comilla Victorians,Fortune Barishal,Imrul Kayes,MM Ali,DJ Bravo,1,0,,,,,,,,,
1296718,2021/22,2022-02-18,"Shere Bangla National Stadium, Mirpur",1,9.5,Comilla Victorians,Fortune Barishal,MM Ali,Imrul Kayes,DJ Bravo,0,0,,,,,,,,,
1296718,2021/22,2022-02-18,"Shere Bangla National Stadium, Mirpur",1,9.6,Comilla Victorians,Fortune Barishal,MM Ali,Imrul Kayes,DJ Bravo,1,0,,,,,,,,,
1296718,2021/22,2022-02-18,"Shere Bangla National Stadium, Mirpur",1,9.7,Comilla Victorians,Fortune Barishal,Imrul Kayes,MM Ali,DJ Bravo,0,0,,,,,,caught,Imrul Kayes,,
1296718,2021/22,2022-02-18,"Shere Bangla National Stadium, Mirpur",1,10.1,Comilla Victorians,Fortune Barishal,MM Ali,Ariful Haque,Mujeeb Ur Rahman,1,0,,,,,,,,,
1296718,2021/22,2022-02-18,"Shere Bangla National Stadium, Mirpur",1,10.2,Comilla Victorians,Fortune Barishal,Ariful Haque,MM Ali,Mujeeb Ur Rahman,0,0,,,,,,,,,
1296718,2021/22,2022-02-18,"Shere Bangla National Stadium, Mirpur",1,10.3,Comilla Victorians,Fortune Barishal,Ariful Haque,MM Ali,Mujeeb Ur Rahman,0,0,,,,,,bowled,Ariful Haque,,
1296718,2021/22,2022-02-18,"Shere Bangla National Stadium, Mirpur",1,10.4,Comilla Victorians,Fortune Barishal,Abu Hider,MM Ali,Mujeeb Ur Rahman,0,0,,,,,,,,,
1296718,2021/22,2022-02-18,"Shere Bangla National Stadium, Mirpur",1,10.5,Comilla Victorians,Fortune Barishal,Abu Hider,MM Ali,Mujeeb Ur Rahman,0,0,,,,,,,,,
1296718,2021/22,2022-02-18,"Shere Bangla National Stadium, Mirpur",1,10.6,Comilla Victorians,Fortune Barishal,Abu Hider,MM Ali,Mujeeb Ur Rahman,0,0,,,,,,,,,
1296718,2021/22,2022-02-18,"Shere Bangla National Stadium, Mirpur",1,11.1,Comilla Victorians,Fortune Barishal,MM Ali,Abu Hider,Shakib Al Hasan,1,0,,,,,,,,,
1296718,2021/22,2022-02-18,"Shere Bangla National Stadium, Mirpur",1,11.2,Comilla Victorians,Fortune Barishal,Abu Hider,MM Ali,Shakib Al Hasan,0,0,,,,,,,,,
1296718,2021/22,2022-02-18,"Shere Bangla National Stadium, Mirpur",1,11.3,Comilla Victorians,Fortune Barishal,Abu Hider,MM Ali,Shakib Al Hasan,0,0,,,,,,,,,
1296718,2021/22,2022-02-18,"Shere Bangla National Stadium, Mirpur",1,11.4,Comilla Victorians,Fortune Barishal,Abu Hider,MM Ali,Shakib Al Hasan,0,0,,,,,,,,,
1296718,2021/22,2022-02-18,"Shere Bangla National Stadium, Mirpur",1,11.5,Comilla Victorians,Fortune Barishal,Abu Hider,MM Ali,Shakib Al Hasan,4,0,,,,,,,,,
1296718,2021/22,2022-02-18,"Shere Bangla National Stadium, Mirpur",1,11.6,Comilla Victorians,Fortune Barishal,Abu Hider,MM Ali,Shakib Al Hasan,0,0,,,,,,,,,
1296718,2021/22,2022-02-18,"Shere Bangla National Stadium, Mirpur",1,12.1,Comilla Victorians,Fortune Barishal,MM Ali,Abu Hider,Mehedi Hasan Rana,1,0,,,,,,,,,
1296718,2021/22,2022-02-18,"Shere Bangla National Stadium, Mirpur",1,12.2,Comilla Victorians,Fortune Barishal,Abu Hider,MM Ali,Mehedi Hasan Rana,1,0,,,,,,,,,
1296718,2021/22,2022-02-18,"Shere Bangla National Stadium, Mirpur",1,12.3,Comilla Victorians,Fortune Barishal,MM Ali,Abu Hider,Mehedi Hasan Rana,0,0,,,,,,,,,
1296718,2021/22,2022-02-18,"Shere Bangla National Stadium, Mirpur",1,12.4,Comilla Victorians,Fortune Barishal,MM Ali,Abu Hider,Mehedi Hasan Rana,0,0,,,,,,,,,
1296718,2021/22,2022-02-18,"Shere Bangla National Stadium, Mirpur",1,12.5,Comilla Victorians,Fortune Barishal,MM Ali,Abu Hider,Mehedi Hasan Rana,1,0,,,,,,,,,
1296718,2021/22,2022-02-18,"Shere Bangla National Stadium, Mirpur",1,12.6,Comilla Victorians,Fortune Barishal,Abu Hider,MM Ali,Mehedi Hasan Rana,1,0,,,,,,,,,
1296718,2021/22,2022-02-18,"Shere Bangla National Stadium, Mirpur",1,13.1,Comilla Victorians,Fortune Barishal,Abu Hider,MM Ali,Shafiqul Islam,1,0,,,,,,,,,
1296718,2021/22,2022-02-18,"Shere Bangla National Stadium, Mirpur",1,13.2,Comilla Victorians,Fortune Barishal,MM Ali,Abu Hider,Shafiqul Islam,2,0,,,,,,,,,
1296718,2021/22,2022-02-18,"Shere Bangla National Stadium, Mirpur",1,13.3,Comilla Victorians,Fortune Barishal,MM Ali,Abu Hider,Shafiqul Islam,0,0,,,,,,,,,
1296718,2021/22,2022-02-18,"Shere Bangla National Stadium, Mirpur",1,13.4,Comilla Victorians,Fortune Barishal,MM Ali,Abu Hider,Shafiqul Islam,1,0,,,,,,,,,
1296718,2021/22,2022-02-18,"Shere Bangla National Stadium, Mirpur",1,13.5,Comilla Victorians,Fortune Barishal,Abu Hider,MM Ali,Shafiqul Islam,1,0,,,,,,,,,
1296718,2021/22,2022-02-18,"Shere Bangla National Stadium, Mirpur",1,13.6,Comilla Victorians,Fortune Barishal,MM Ali,Abu Hider,Shafiqul Islam,1,0,,,,,,,,,
1296718,2021/22,2022-02-18,"Shere Bangla National Stadium, Mirpur",1,14.1,Comilla Victorians,Fortune Barishal,MM Ali,Abu Hider,Mehedi Hasan Rana,1,0,,,,,,,,,
1296718,2021/22,2022-02-18,"Shere Bangla National Stadium, Mirpur",1,14.2,Comilla Victorians,Fortune Barishal,Abu Hider,MM Ali,Mehedi Hasan Rana,1,0,,,,,,,,,
1296718,2021/22,2022-02-18,"Shere Bangla National Stadium, Mirpur",1,14.3,Comilla Victorians,Fortune Barishal,MM Ali,Abu Hider,Mehedi Hasan Rana,1,0,,,,,,,,,
1296718,2021/22,2022-02-18,"Shere Bangla National Stadium, Mirpur",1,14.4,Comilla Victorians,Fortune Barishal,Abu Hider,MM Ali,Mehedi Hasan Rana,0,0,,,,,,,,,
1296718,2021/22,2022-02-18,"Shere Bangla National Stadium, Mirpur",1,14.5,Comilla Victorians,Fortune Barishal,Abu Hider,MM Ali,Mehedi Hasan Rana,1,0,,,,,,,,,
1296718,2021/22,2022-02-18,"Shere Bangla National Stadium, Mirpur",1,14.6,Comilla Victorians,Fortune Barishal,MM Ali,Abu Hider,Mehedi Hasan Rana,0,0,,,,,,,,,
1296718,2021/22,2022-02-18,"Shere Bangla National Stadium, Mirpur",1,15.1,Comilla Victorians,Fortune Barishal,Abu Hider,MM Ali,DJ Bravo,0,1,1,,,,,,,,
1296718,2021/22,2022-02-18,"Shere Bangla National Stadium, Mirpur",1,15.2,Comilla Victorians,Fortune Barishal,Abu Hider,MM Ali,DJ Bravo,0,0,,,,,,,,,
1296718,2021/22,2022-02-18,"Shere Bangla National Stadium, Mirpur",1,15.3,Comilla Victorians,Fortune Barishal,Abu Hider,MM Ali,DJ Bravo,0,0,,,,,,,,,
1296718,2021/22,2022-02-18,"Shere Bangla National Stadium, Mirpur",1,15.4,Comilla Victorians,Fortune Barishal,Abu Hider,MM Ali,DJ Bravo,1,0,,,,,,,,,
1296718,2021/22,2022-02-18,"Shere Bangla National Stadium, Mirpur",1,15.5,Comilla Victorians,Fortune Barishal,MM Ali,Abu Hider,DJ Bravo,1,0,,,,,,,,,
1296718,2021/22,2022-02-18,"Shere Bangla National Stadium, Mirpur",1,15.6,Comilla Victorians,Fortune Barishal,Abu Hider,MM Ali,DJ Bravo,1,0,,,,,,,,,
1296718,2021/22,2022-02-18,"Shere Bangla National Stadium, Mirpur",1,15.7,Comilla Victorians,Fortune Barishal,MM Ali,Abu Hider,DJ Bravo,1,0,,,,,,,,,
1296718,2021/22,2022-02-18,"Shere Bangla National Stadium, Mirpur",1,16.1,Comilla Victorians,Fortune Barishal,MM Ali,Abu Hider,Shafiqul Islam,4,0,,,,,,,,,
1296718,2021/22,2022-02-18,"Shere Bangla National Stadium, Mirpur",1,16.2,Comilla Victorians,Fortune Barishal,MM Ali,Abu Hider,Shafiqul Islam,1,0,,,,,,,,,
1296718,2021/22,2022-02-18,"Shere Bangla National Stadium, Mirpur",1,16.3,Comilla Victorians,Fortune Barishal,Abu Hider,MM Ali,Shafiqul Islam,0,1,,,,1,,,,,
1296718,2021/22,2022-02-18,"Shere Bangla National Stadium, Mirpur",1,16.4,Comilla Victorians,Fortune Barishal,MM Ali,Abu Hider,Shafiqul Islam,1,0,,,,,,,,,
1296718,2021/22,2022-02-18,"Shere Bangla National Stadium, Mirpur",1,16.5,Comilla Victorians,Fortune Barishal,Abu Hider,MM Ali,Shafiqul Islam,0,0,,,,,,,,,
1296718,2021/22,2022-02-18,"Shere Bangla National Stadium, Mirpur",1,16.6,Comilla Victorians,Fortune Barishal,Abu Hider,MM Ali,Shafiqul Islam,0,0,,,,,,,,,
1296718,2021/22,2022-02-18,"Shere Bangla National Stadium, Mirpur",1,17.1,Comilla Victorians,Fortune Barishal,MM Ali,Abu Hider,Mehedi Hasan Rana,6,0,,,,,,,,,
1296718,2021/22,2022-02-18,"Shere Bangla National Stadium, Mirpur",1,17.2,Comilla Victorians,Fortune Barishal,MM Ali,Abu Hider,Mehedi Hasan Rana,1,0,,,,,,,,,
1296718,2021/22,2022-02-18,"Shere Bangla National Stadium, Mirpur",1,17.3,Comilla Victorians,Fortune Barishal,Abu Hider,MM Ali,Mehedi Hasan Rana,1,0,,,,,,,,,
1296718,2021/22,2022-02-18,"Shere Bangla National Stadium, Mirpur",1,17.4,Comilla Victorians,Fortune Barishal,MM Ali,Abu Hider,Mehedi Hasan Rana,1,0,,,,,,,,,
1296718,2021/22,2022-02-18,"Shere Bangla National Stadium, Mirpur",1,17.5,Comilla Victorians,Fortune Barishal,Abu Hider,MM Ali,Mehedi Hasan Rana,0,0,,,,,,,,,
1296718,2021/22,2022-02-18,"Shere Bangla National Stadium, Mirpur",1,17.6,Comilla Victorians,Fortune Barishal,Abu Hider,MM Ali,Mehedi Hasan Rana,6,0,,,,,,,,,
1296718,2021/22,2022-02-18,"Shere Bangla National Stadium, Mirpur",1,18.1,Comilla Victorians,Fortune Barishal,MM Ali,Abu Hider,DJ Bravo,0,0,,,,,,,,,
1296718,2021/22,2022-02-18,"Shere Bangla National Stadium, Mirpur",1,18.2,Comilla Victorians,Fortune Barishal,MM Ali,Abu Hider,DJ Bravo,4,0,,,,,,,,,
1296718,2021/22,2022-02-18,"Shere Bangla National Stadium, Mirpur",1,18.3,Comilla Victorians,Fortune Barishal,MM Ali,Abu Hider,DJ Bravo,0,0,,,,,,,,,
1296718,2021/22,2022-02-18,"Shere Bangla National Stadium, Mirpur",1,18.4,Comilla Victorians,Fortune Barishal,MM Ali,Abu Hider,DJ Bravo,2,0,,,,,,,,,
1296718,2021/22,2022-02-18,"Shere Bangla National Stadium, Mirpur",1,18.5,Comilla Victorians,Fortune Barishal,MM Ali,Abu Hider,DJ Bravo,1,0,,,,,,,,,
1296718,2021/22,2022-02-18,"Shere Bangla National Stadium, Mirpur",1,18.6,Comilla Victorians,Fortune Barishal,Abu Hider,MM Ali,DJ Bravo,0,0,,,,,,,,,
1296718,2021/22,2022-02-18,"Shere Bangla National Stadium, Mirpur",1,19.1,Comilla Victorians,Fortune Barishal,MM Ali,Abu Hider,Shafiqul Islam,1,0,,,,,,run out,MM Ali,,
1296718,2021/22,2022-02-18,"Shere Bangla National Stadium, Mirpur",1,19.2,Comilla Victorians,Fortune Barishal,Shohidul Islam,Abu Hider,Shafiqul Islam,0,1,,,,1,,,,,
1296718,2021/22,2022-02-18,"Shere Bangla National Stadium, Mirpur",1,19.3,Comilla Victorians,Fortune Barishal,Abu Hider,Shohidul Islam,Shafiqul Islam,0,0,,,,,,caught and bowled,Abu Hider,,
1296718,2021/22,2022-02-18,"Shere Bangla National Stadium, Mirpur",1,19.4,Comilla Victorians,Fortune Barishal,Shohidul Islam,Tanvir Islam,Shafiqul Islam,0,0,,,,,,caught,Shohidul Islam,,
1296718,2021/22,2022-02-18,"Shere Bangla National Stadium, Mirpur",1,19.5,Comilla Victorians,Fortune Barishal,Tanvir Islam,Mustafizur Rahman,Shafiqul Islam,0,0,,,,,,,,,
1296718,2021/22,2022-02-18,"Shere Bangla National Stadium, Mirpur",1,19.6,Comilla Victorians,Fortune Barishal,Tanvir Islam,Mustafizur Rahman,Shafiqul Islam,0,1,,,1,,,,,,
1296718,2021/22,2022-02-18,"Shere Bangla National Stadium, Mirpur",2,0.1,Fortune Barishal,Comilla Victorians,Munim Shahriar,CH Gayle,Mustafizur Rahman,0,0,,,,,,,,,
1296718,2021/22,2022-02-18,"Shere Bangla National Stadium, Mirpur",2,0.2,Fortune Barishal,Comilla Victorians,Munim Shahriar,CH Gayle,Mustafizur Rahman,0,0,,,,,,,,,
1296718,2021/22,2022-02-18,"Shere Bangla National Stadium, Mirpur",2,0.3,Fortune Barishal,Comilla Victorians,Munim Shahriar,CH Gayle,Mustafizur Rahman,0,1,1,,,,,,,,
1296718,2021/22,2022-02-18,"Shere Bangla National Stadium, Mirpur",2,0.4,Fortune Barishal,Comilla Victorians,Munim Shahriar,CH Gayle,Mustafizur Rahman,0,0,,,,,,,,,
1296718,2021/22,2022-02-18,"Shere Bangla National Stadium, Mirpur",2,0.5,Fortune Barishal,Comilla Victorians,Munim Shahriar,CH Gayle,Mustafizur Rahman,0,0,,,,,,,,,
1296718,2021/22,2022-02-18,"Shere Bangla National Stadium, Mirpur",2,0.6,Fortune Barishal,Comilla Victorians,Munim Shahriar,CH Gayle,Mustafizur Rahman,0,1,1,,,,,,,,
1296718,2021/22,2022-02-18,"Shere Bangla National Stadium, Mirpur",2,0.7,Fortune Barishal,Comilla Victorians,Munim Shahriar,CH Gayle,Mustafizur Rahman,0,1,1,,,,,,,,
1296718,2021/22,2022-02-18,"Shere Bangla National Stadium, Mirpur",2,0.8,Fortune Barishal,Comilla Victorians,Munim Shahriar,CH Gayle,Mustafizur Rahman,0,1,1,,,,,,,,
1296718,2021/22,2022-02-18,"Shere Bangla National Stadium, Mirpur",2,0.9,Fortune Barishal,Comilla Victorians,Munim Shahriar,CH Gayle,Mustafizur Rahman,0,0,,,,,,,,,
1296718,2021/22,2022-02-18,"Shere Bangla National Stadium, Mirpur",2,0.10,Fortune Barishal,Comilla Victorians,Munim Shahriar,CH Gayle,Mustafizur Rahman,0,0,,,,,,,,,
1296718,2021/22,2022-02-18,"Shere Bangla National Stadium, Mirpur",2,1.1,Fortune Barishal,Comilla Victorians,CH Gayle,Munim Shahriar,Shohidul Islam,1,0,,,,,,,,,
1296718,2021/22,2022-02-18,"Shere Bangla National Stadium, Mirpur",2,1.2,Fortune Barishal,Comilla Victorians,Munim Shahriar,CH Gayle,Shohidul Islam,0,0,,,,,,caught,Munim Shahriar,,
1296718,2021/22,2022-02-18,"Shere Bangla National Stadium, Mirpur",2,1.3,Fortune Barishal,Comilla Victorians,Shykat Ali,CH Gayle,Shohidul Islam,0,0,,,,,,,,,
1296718,2021/22,2022-02-18,"Shere Bangla National Stadium, Mirpur",2,1.4,Fortune Barishal,Comilla Victorians,Shykat Ali,CH Gayle,Shohidul Islam,4,0,,,,,,,,,
1296718,2021/22,2022-02-18,"Shere Bangla National Stadium, Mirpur",2,1.5,Fortune Barishal,Comilla Victorians,Shykat Ali,CH Gayle,Shohidul Islam,4,0,,,,,,,,,
1296718,2021/22,2022-02-18,"Shere Bangla National Stadium, Mirpur",2,1.6,Fortune Barishal,Comilla Victorians,Shykat Ali,CH Gayle,Shohidul Islam,4,0,,,,,,,,,
1296718,2021/22,2022-02-18,"Shere Bangla National Stadium, Mirpur",2,2.1,Fortune Barishal,Comilla Victorians,CH Gayle,Shykat Ali,SP Narine,1,0,,,,,,,,,
1296718,2021/22,2022-02-18,"Shere Bangla National Stadium, Mirpur",2,2.2,Fortune Barishal,Comilla Victorians,Shykat Ali,CH Gayle,SP Narine,0,0,,,,,,,,,
1296718,2021/22,2022-02-18,"Shere Bangla National Stadium, Mirpur",2,2.3,Fortune Barishal,Comilla Victorians,Shykat Ali,CH Gayle,SP Narine,0,0,,,,,,,,,
1296718,2021/22,2022-02-18,"Shere Bangla National Stadium, Mirpur",2,2.4,Fortune Barishal,Comilla Victorians,Shykat Ali,CH Gayle,SP Narine,0,0,,,,,,,,,
1296718,2021/22,2022-02-18,"Shere Bangla National Stadium, Mirpur",2,2.5,Fortune Barishal,Comilla Victorians,Shykat Ali,CH Gayle,SP Narine,4,0,,,,,,,,,
1296718,2021/22,2022-02-18,"Shere Bangla National Stadium, Mirpur",2,2.6,Fortune Barishal,Comilla Victorians,Shykat Ali,CH Gayle,SP Narine,1,0,,,,,,,,,
1296718,2021/22,2022-02-18,"Shere Bangla National Stadium, Mirpur",2,3.1,Fortune Barishal,Comilla Victorians,Shykat Ali,CH Gayle,Mustafizur Rahman,0,0,,,,,,,,,
1296718,2021/22,2022-02-18,"Shere Bangla National Stadium, Mirpur",2,3.2,Fortune Barishal,Comilla Victorians,Shykat Ali,CH Gayle,Mustafizur Rahman,4,0,,,,,,,,,
1296718,2021/22,2022-02-18,"Shere Bangla National Stadium, Mirpur",2,3.3,Fortune Barishal,Comilla Victorians,Shykat Ali,CH Gayle,Mustafizur Rahman,2,0,,,,,,,,,
1296718,2021/22,2022-02-18,"Shere Bangla National Stadium, Mirpur",2,3.4,Fortune Barishal,Comilla Victorians,Shykat Ali,CH Gayle,Mustafizur Rahman,4,0,,,,,,,,,
1296718,2021/22,2022-02-18,"Shere Bangla National Stadium, Mirpur",2,3.5,Fortune Barishal,Comilla Victorians,Shykat Ali,CH Gayle,Mustafizur Rahman,4,0,,,,,,,,,
1296718,2021/22,2022-02-18,"Shere Bangla National Stadium, Mirpur",2,3.6,Fortune Barishal,Comilla Victorians,Shykat Ali,CH Gayle,Mustafizur Rahman,0,0,,,,,,,,,
1296718,2021/22,2022-02-18,"Shere Bangla National Stadium, Mirpur",2,4.1,Fortune Barishal,Comilla Victorians,CH Gayle,Shykat Ali,SP Narine,0,0,,,,,,,,,
1296718,2021/22,2022-02-18,"Shere Bangla National Stadium, Mirpur",2,4.2,Fortune Barishal,Comilla Victorians,CH Gayle,Shykat Ali,SP Narine,0,1,1,,,,,,,,
1296718,2021/22,2022-02-18,"Shere Bangla National Stadium, Mirpur",2,4.3,Fortune Barishal,Comilla Victorians,CH Gayle,Shykat Ali,SP Narine,0,0,,,,,,,,,
1296718,2021/22,2022-02-18,"Shere Bangla National Stadium, Mirpur",2,4.4,Fortune Barishal,Comilla Victorians,CH Gayle,Shykat Ali,SP Narine,0,0,,,,,,,,,
1296718,2021/22,2022-02-18,"Shere Bangla National Stadium, Mirpur",2,4.5,Fortune Barishal,Comilla Victorians,CH Gayle,Shykat Ali,SP Narine,1,0,,,,,,,,,
1296718,2021/22,2022-02-18,"Shere Bangla National Stadium, Mirpur",2,4.6,Fortune Barishal,Comilla Victorians,Shykat Ali,CH Gayle,SP Narine,0,0,,,,,,,,,
1296718,2021/22,2022-02-18,"Shere Bangla National Stadium, Mirpur",2,4.7,Fortune Barishal,Comilla Victorians,Shykat Ali,CH Gayle,SP Narine,0,0,,,,,,,,,
1296718,2021/22,2022-02-18,"Shere Bangla National Stadium, Mirpur",2,5.1,Fortune Barishal,Comilla Victorians,CH Gayle,Shykat Ali,MM Ali,1,0,,,,,,,,,
1296718,2021/22,2022-02-18,"Shere Bangla National Stadium, Mirpur",2,5.2,Fortune Barishal,Comilla Victorians,Shykat Ali,CH Gayle,MM Ali,0,0,,,,,,,,,
1296718,2021/22,2022-02-18,"Shere Bangla National Stadium, Mirpur",2,5.3,Fortune Barishal,Comilla Victorians,Shykat Ali,CH Gayle,MM Ali,4,0,,,,,,,,,
1296718,2021/22,2022-02-18,"Shere Bangla National Stadium, Mirpur",2,5.4,Fortune Barishal,Comilla Victorians,Shykat Ali,CH Gayle,MM Ali,6,0,,,,,,,,,
1296718,2021/22,2022-02-18,"Shere Bangla National Stadium, Mirpur",2,5.5,Fortune Barishal,Comilla Victorians,Shykat Ali,CH Gayle,MM Ali,0,0,,,,,,,,,
1296718,2021/22,2022-02-18,"Shere Bangla National Stadium, Mirpur",2,5.6,Fortune Barishal,Comilla Victorians,Shykat Ali,CH Gayle,MM Ali,1,0,,,,,,,,,
1296718,2021/22,2022-02-18,"Shere Bangla National Stadium, Mirpur",2,6.1,Fortune Barishal,Comilla Victorians,Shykat Ali,CH Gayle,Abu Hider,0,0,,,,,,,,,
1296718,2021/22,2022-02-18,"Shere Bangla National Stadium, Mirpur",2,6.2,Fortune Barishal,Comilla Victorians,Shykat Ali,CH Gayle,Abu Hider,1,0,,,,,,,,,
1296718,2021/22,2022-02-18,"Shere Bangla National Stadium, Mirpur",2,6.3,Fortune Barishal,Comilla Victorians,CH Gayle,Shykat Ali,Abu Hider,1,0,,,,,,,,,
1296718,2021/22,2022-02-18,"Shere Bangla National Stadium, Mirpur",2,6.4,Fortune Barishal,Comilla Victorians,Shykat Ali,CH Gayle,Abu Hider,4,0,,,,,,,,,
1296718,2021/22,2022-02-18,"Shere Bangla National Stadium, Mirpur",2,6.5,Fortune Barishal,Comilla Victorians,Shykat Ali,CH Gayle,Abu Hider,4,0,,,,,,,,,
1296718,2021/22,2022-02-18,"Shere Bangla National Stadium, Mirpur",2,6.6,Fortune Barishal,Comilla Victorians,Shykat Ali,CH Gayle,Abu Hider,4,0,,,,,,,,,
1296718,2021/22,2022-02-18,"Shere Bangla National Stadium, Mirpur",2,7.1,Fortune Barishal,Comilla Victorians,CH Gayle,Shykat Ali,Tanvir Islam,0,0,,,,,,,,,
1296718,2021/22,2022-02-18,"Shere Bangla National Stadium, Mirpur",2,7.2,Fortune Barishal,Comilla Victorians,CH Gayle,Shykat Ali,Tanvir Islam,0,0,,,,,,,,,
1296718,2021/22,2022-02-18,"Shere Bangla National Stadium, Mirpur",2,7.3,Fortune Barishal,Comilla Victorians,CH Gayle,Shykat Ali,Tanvir Islam,0,0,,,,,,,,,
1296718,2021/22,2022-02-18,"Shere Bangla National Stadium, Mirpur",2,7.4,Fortune Barishal,Comilla Victorians,CH Gayle,Shykat Ali,Tanvir Islam,1,0,,,,,,,,,
1296718,2021/22,2022-02-18,"Shere Bangla National Stadium, Mirpur",2,7.5,Fortune Barishal,Comilla Victorians,Shykat Ali,CH Gayle,Tanvir Islam,1,0,,,,,,,,,
1296718,2021/22,2022-02-18,"Shere Bangla National Stadium, Mirpur",2,7.6,Fortune Barishal,Comilla Victorians,CH Gayle,Shykat Ali,Tanvir Islam,0,1,1,,,,,,,,
1296718,2021/22,2022-02-18,"Shere Bangla National Stadium, Mirpur",2,7.7,Fortune Barishal,Comilla Victorians,CH Gayle,Shykat Ali,Tanvir Islam,1,0,,,,,,,,,
1296718,2021/22,2022-02-18,"Shere Bangla National Stadium, Mirpur",2,8.1,Fortune Barishal,Comilla Victorians,CH Gayle,Shykat Ali,Shohidul Islam,1,0,,,,,,,,,
1296718,2021/22,2022-02-18,"Shere Bangla National Stadium, Mirpur",2,8.2,Fortune Barishal,Comilla Victorians,Shykat Ali,CH Gayle,Shohidul Islam,1,0,,,,,,,,,
1296718,2021/22,2022-02-18,"Shere Bangla National Stadium, Mirpur",2,8.3,Fortune Barishal,Comilla Victorians,CH Gayle,Shykat Ali,Shohidul Islam,1,1,,1,,,,,,,
1296718,2021/22,2022-02-18,"Shere Bangla National Stadium, Mirpur",2,8.4,Fortune Barishal,Comilla Victorians,Shykat Ali,CH Gayle,Shohidul Islam,1,0,,,,,,,,,
1296718,2021/22,2022-02-18,"Shere Bangla National Stadium, Mirpur",2,8.5,Fortune Barishal,Comilla Victorians,CH Gayle,Shykat Ali,Shohidul Islam,1,0,,,,,,,,,
1296718,2021/22,2022-02-18,"Shere Bangla National Stadium, Mirpur",2,8.6,Fortune Barishal,Comilla Victorians,Shykat Ali,CH Gayle,Shohidul Islam,0,0,,,,,,,,,
1296718,2021/22,2022-02-18,"Shere Bangla National Stadium, Mirpur",2,8.7,Fortune Barishal,Comilla Victorians,Shykat Ali,CH Gayle,Shohidul Islam,0,0,,,,,,,,,
1296718,2021/22,2022-02-18,"Shere Bangla National Stadium, Mirpur",2,9.1,Fortune Barishal,Comilla Victorians,CH Gayle,Shykat Ali,Tanvir Islam,0,1,1,,,,,,,,
1296718,2021/22,2022-02-18,"Shere Bangla National Stadium, Mirpur",2,9.2,Fortune Barishal,Comilla Victorians,CH Gayle,Shykat Ali,Tanvir Islam,2,0,,,,,,,,,
1296718,2021/22,2022-02-18,"Shere Bangla National Stadium, Mirpur",2,9.3,Fortune Barishal,Comilla Victorians,CH Gayle,Shykat Ali,Tanvir Islam,1,0,,,,,,,,,
1296718,2021/22,2022-02-18,"Shere Bangla National Stadium, Mirpur",2,9.4,Fortune Barishal,Comilla Victorians,Shykat Ali,CH Gayle,Tanvir Islam,0,0,,,,,,,,,
1296718,2021/22,2022-02-18,"Shere Bangla National Stadium, Mirpur",2,9.5,Fortune Barishal,Comilla Victorians,Shykat Ali,CH Gayle,Tanvir Islam,0,0,,,,,,caught,Shykat Ali,,
1296718,2021/22,2022-02-18,"Shere Bangla National Stadium, Mirpur",2,9.6,Fortune Barishal,Comilla Victorians,CH Gayle,Nurul Hasan,Tanvir Islam,0,0,,,,,,,,,
1296718,2021/22,2022-02-18,"Shere Bangla National Stadium, Mirpur",2,9.7,Fortune Barishal,Comilla Victorians,CH Gayle,Nurul Hasan,Tanvir Islam,0,1,1,,,,,,,,
1296718,2021/22,2022-02-18,"Shere Bangla National Stadium, Mirpur",2,9.8,Fortune Barishal,Comilla Victorians,CH Gayle,Nurul Hasan,Tanvir Islam,1,0,,,,,,,,,
1296718,2021/22,2022-02-18,"Shere Bangla National Stadium, Mirpur",2,10.1,Fortune Barishal,Comilla Victorians,CH Gayle,Nurul Hasan,MM Ali,6,0,,,,,,,,,
1296718,2021/22,2022-02-18,"Shere Bangla National Stadium, Mirpur",2,10.2,Fortune Barishal,Comilla Victorians,CH Gayle,Nurul Hasan,MM Ali,1,0,,,,,,,,,
1296718,2021/22,2022-02-18,"Shere Bangla National Stadium, Mirpur",2,10.3,Fortune Barishal,Comilla Victorians,Nurul Hasan,CH Gayle,MM Ali,1,0,,,,,,,,,
1296718,2021/22,2022-02-18,"Shere Bangla National Stadium, Mirpur",2,10.4,Fortune Barishal,Comilla Victorians,CH Gayle,Nurul Hasan,MM Ali,1,0,,,,,,,,,
1296718,2021/22,2022-02-18,"Shere Bangla National Stadium, Mirpur",2,10.5,Fortune Barishal,Comilla Victorians,Nurul Hasan,CH Gayle,MM Ali,0,0,,,,,,,,,
1296718,2021/22,2022-02-18,"Shere Bangla National Stadium, Mirpur",2,10.6,Fortune Barishal,Comilla Victorians,Nurul Hasan,CH Gayle,MM Ali,0,0,,,,,,,,,
1296718,2021/22,2022-02-18,"Shere Bangla National Stadium, Mirpur",2,11.1,Fortune Barishal,Comilla Victorians,CH Gayle,Nurul Hasan,Tanvir Islam,1,0,,,,,,,,,
1296718,2021/22,2022-02-18,"Shere Bangla National Stadium, Mirpur",2,11.2,Fortune Barishal,Comilla Victorians,Nurul Hasan,CH Gayle,Tanvir Islam,1,0,,,,,,,,,
1296718,2021/22,2022-02-18,"Shere Bangla National Stadium, Mirpur",2,11.3,Fortune Barishal,Comilla Victorians,CH Gayle,Nurul Hasan,Tanvir Islam,6,0,,,,,,,,,
1296718,2021/22,2022-02-18,"Shere Bangla National Stadium, Mirpur",2,11.4,Fortune Barishal,Comilla Victorians,CH Gayle,Nurul Hasan,Tanvir Islam,4,0,,,,,,,,,
1296718,2021/22,2022-02-18,"Shere Bangla National Stadium, Mirpur",2,11.5,Fortune Barishal,Comilla Victorians,CH Gayle,Nurul Hasan,Tanvir Islam,0,0,,,,,,,,,
1296718,2021/22,2022-02-18,"Shere Bangla National Stadium, Mirpur",2,11.6,Fortune Barishal,Comilla Victorians,CH Gayle,Nurul Hasan,Tanvir Islam,0,0,,,,,,,,,
1296718,2021/22,2022-02-18,"Shere Bangla National Stadium, Mirpur",2,12.1,Fortune Barishal,Comilla Victorians,Nurul Hasan,CH Gayle,SP Narine,4,0,,,,,,,,,
1296718,2021/22,2022-02-18,"Shere Bangla National Stadium, Mirpur",2,12.2,Fortune Barishal,Comilla Victorians,Nurul Hasan,CH Gayle,SP Narine,1,0,,,,,,,,,
1296718,2021/22,2022-02-18,"Shere Bangla National Stadium, Mirpur",2,12.3,Fortune Barishal,Comilla Victorians,CH Gayle,Nurul Hasan,SP Narine,0,0,,,,,,,,,
1296718,2021/22,2022-02-18,"Shere Bangla National Stadium, Mirpur",2,12.4,Fortune Barishal,Comilla Victorians,CH Gayle,Nurul Hasan,SP Narine,0,0,,,,,,,,,
1296718,2021/22,2022-02-18,"Shere Bangla National Stadium, Mirpur",2,12.5,Fortune Barishal,Comilla Victorians,CH Gayle,Nurul Hasan,SP Narine,0,0,,,,,,lbw,CH Gayle,,
1296718,2021/22,2022-02-18,"Shere Bangla National Stadium, Mirpur",2,12.6,Fortune Barishal,Comilla Victorians,Shakib Al Hasan,Nurul Hasan,SP Narine,0,0,,,,,,,,,
1296718,2021/22,2022-02-18,"Shere Bangla National Stadium, Mirpur",2,13.1,Fortune Barishal,Comilla Victorians,Nurul Hasan,Shakib Al Hasan,Mustafizur Rahman,1,0,,,,,,,,,
1296718,2021/22,2022-02-18,"Shere Bangla National Stadium, Mirpur",2,13.2,Fortune Barishal,Comilla Victorians,Shakib Al Hasan,Nurul Hasan,Mustafizur Rahman,4,0,,,,,,,,,
1296718,2021/22,2022-02-18,"Shere Bangla National Stadium, Mirpur",2,13.3,Fortune Barishal,Comilla Victorians,Shakib Al Hasan,Nurul Hasan,Mustafizur Rahman,0,0,,,,,,,,,
1296718,2021/22,2022-02-18,"Shere Bangla National Stadium, Mirpur",2,13.4,Fortune Barishal,Comilla Victorians,Shakib Al Hasan,Nurul Hasan,Mustafizur Rahman,1,0,,,,,,,,,
1296718,2021/22,2022-02-18,"Shere Bangla National Stadium, Mirpur",2,13.5,Fortune Barishal,Comilla Victorians,Nurul Hasan,Shakib Al Hasan,Mustafizur Rahman,0,1,,,,1,,,,,
1296718,2021/22,2022-02-18,"Shere Bangla National Stadium, Mirpur",2,13.6,Fortune Barishal,Comilla Victorians,Shakib Al Hasan,Nurul Hasan,Mustafizur Rahman,1,0,,,,,,,,,
1296718,2021/22,2022-02-18,"Shere Bangla National Stadium, Mirpur",2,14.1,Fortune Barishal,Comilla Victorians,Shakib Al Hasan,Nurul Hasan,Tanvir Islam,1,0,,,,,,,,,
1296718,2021/22,2022-02-18,"Shere Bangla National Stadium, Mirpur",2,14.2,Fortune Barishal,Comilla Victorians,Nurul Hasan,Shakib Al Hasan,Tanvir Islam,1,0,,,,,,,,,
1296718,2021/22,2022-02-18,"Shere Bangla National Stadium, Mirpur",2,14.3,Fortune Barishal,Comilla Victorians,Shakib Al Hasan,Nurul Hasan,Tanvir Islam,0,0,,,,,,caught,Shakib Al Hasan,,
1296718,2021/22,2022-02-18,"Shere Bangla National Stadium, Mirpur",2,14.4,Fortune Barishal,Comilla Victorians,Nazmul Hossain Shanto,Nurul Hasan,Tanvir Islam,0,0,,,,,,,,,
1296718,2021/22,2022-02-18,"Shere Bangla National Stadium, Mirpur",2,14.5,Fortune Barishal,Comilla Victorians,Nazmul Hossain Shanto,Nurul Hasan,Tanvir Islam,0,0,,,,,,,,,
1296718,2021/22,2022-02-18,"Shere Bangla National Stadium, Mirpur",2,14.6,Fortune Barishal,Comilla Victorians,Nazmul Hossain Shanto,Nurul Hasan,Tanvir Islam,1,0,,,,,,,,,
1296718,2021/22,2022-02-18,"Shere Bangla National Stadium, Mirpur",2,15.1,Fortune Barishal,Comilla Victorians,Nazmul Hossain Shanto,Nurul Hasan,MM Ali,1,0,,,,,,,,,
1296718,2021/22,2022-02-18,"Shere Bangla National Stadium, Mirpur",2,15.2,Fortune Barishal,Comilla Victorians,Nurul Hasan,Nazmul Hossain Shanto,MM Ali,2,0,,,,,,,,,
1296718,2021/22,2022-02-18,"Shere Bangla National Stadium, Mirpur",2,15.3,Fortune Barishal,Comilla Victorians,Nurul Hasan,Nazmul Hossain Shanto,MM Ali,1,0,,,,,,,,,
1296718,2021/22,2022-02-18,"Shere Bangla National Stadium, Mirpur",2,15.4,Fortune Barishal,Comilla Victorians,Nazmul Hossain Shanto,Nurul Hasan,MM Ali,1,0,,,,,,,,,
1296718,2021/22,2022-02-18,"Shere Bangla National Stadium, Mirpur",2,15.5,Fortune Barishal,Comilla Victorians,Nurul Hasan,Nazmul Hossain Shanto,MM Ali,1,0,,,,,,,,,
1296718,2021/22,2022-02-18,"Shere Bangla National Stadium, Mirpur",2,15.6,Fortune Barishal,Comilla Victorians,Nazmul Hossain Shanto,Nurul Hasan,MM Ali,1,0,,,,,,,,,
1296718,2021/22,2022-02-18,"Shere Bangla National Stadium, Mirpur",2,16.1,Fortune Barishal,Comilla Victorians,Nazmul Hossain Shanto,Nurul Hasan,Shohidul Islam,1,0,,,,,,,,,
1296718,2021/22,2022-02-18,"Shere Bangla National Stadium, Mirpur",2,16.2,Fortune Barishal,Comilla Victorians,Nurul Hasan,Nazmul Hossain Shanto,Shohidul Islam,1,0,,,,,,,,,
1296718,2021/22,2022-02-18,"Shere Bangla National Stadium, Mirpur",2,16.3,Fortune Barishal,Comilla Victorians,Nazmul Hossain Shanto,Nurul Hasan,Shohidul Islam,6,0,,,,,,,,,
1296718,2021/22,2022-02-18,"Shere Bangla National Stadium, Mirpur",2,16.4,Fortune Barishal,Comilla Victorians,Nazmul Hossain Shanto,Nurul Hasan,Shohidul Islam,0,0,,,,,,run out,Nurul Hasan,,
1296718,2021/22,2022-02-18,"Shere Bangla National Stadium, Mirpur",2,16.5,Fortune Barishal,Comilla Victorians,DJ Bravo,Nazmul Hossain Shanto,Shohidul Islam,1,0,,,,,,,,,
1296718,2021/22,2022-02-18,"Shere Bangla National Stadium, Mirpur",2,16.6,Fortune Barishal,Comilla Victorians,Nazmul Hossain Shanto,DJ Bravo,Shohidul Islam,0,0,,,,,,,,,
1296718,2021/22,2022-02-18,"Shere Bangla National Stadium, Mirpur",2,17.1,Fortune Barishal,Comilla Victorians,DJ Bravo,Nazmul Hossain Shanto,SP Narine,0,0,,,,,,lbw,DJ Bravo,,
1296718,2021/22,2022-02-18,"Shere Bangla National Stadium, Mirpur",2,17.2,Fortune Barishal,Comilla Victorians,Towhid Hridoy,Nazmul Hossain Shanto,SP Narine,1,0,,,,,,,,,
1296718,2021/22,2022-02-18,"Shere Bangla National Stadium, Mirpur",2,17.3,Fortune Barishal,Comilla Victorians,Nazmul Hossain Shanto,Towhid Hridoy,SP Narine,0,0,,,,,,,,,
1296718,2021/22,2022-02-18,"Shere Bangla National Stadium, Mirpur",2,17.4,Fortune Barishal,Comilla Victorians,Nazmul Hossain Shanto,Towhid Hridoy,SP Narine,0,0,,,,,,,,,
1296718,2021/22,2022-02-18,"Shere Bangla National Stadium, Mirpur",2,17.5,Fortune Barishal,Comilla Victorians,Nazmul Hossain Shanto,Towhid Hridoy,SP Narine,1,0,,,,,,,,,
1296718,2021/22,2022-02-18,"Shere Bangla National Stadium, Mirpur",2,17.6,Fortune Barishal,Comilla Victorians,Towhid Hridoy,Nazmul Hossain Shanto,SP Narine,0,0,,,,,,,,,
1296718,2021/22,2022-02-18,"Shere Bangla National Stadium, Mirpur",2,18.1,Fortune Barishal,Comilla Victorians,Nazmul Hossain Shanto,Towhid Hridoy,Mustafizur Rahman,0,0,,,,,,,,,
1296718,2021/22,2022-02-18,"Shere Bangla National Stadium, Mirpur",2,18.2,Fortune Barishal,Comilla Victorians,Nazmul Hossain Shanto,Towhid Hridoy,Mustafizur Rahman,0,0,,,,,,lbw,Nazmul Hossain Shanto,,
1296718,2021/22,2022-02-18,"Shere Bangla National Stadium, Mirpur",2,18.3,Fortune Barishal,Comilla Victorians,Mujeeb Ur Rahman,Towhid Hridoy,Mustafizur Rahman,2,0,,,,,,,,,
1296718,2021/22,2022-02-18,"Shere Bangla National Stadium, Mirpur",2,18.4,Fortune Barishal,Comilla Victorians,Mujeeb Ur Rahman,Towhid Hridoy,Mustafizur Rahman,1,0,,,,,,,,,
1296718,2021/22,2022-02-18,"Shere Bangla National Stadium, Mirpur",2,18.5,Fortune Barishal,Comilla Victorians,Towhid Hridoy,Mujeeb Ur Rahman,Mustafizur Rahman,2,0,,,,,,,,,
1296718,2021/22,2022-02-18,"Shere Bangla National Stadium, Mirpur",2,18.6,Fortune Barishal,Comilla Victorians,Towhid Hridoy,Mujeeb Ur Rahman,Mustafizur Rahman,0,1,,,,1,,,,,
1296718,2021/22,2022-02-18,"Shere Bangla National Stadium, Mirpur",2,19.1,Fortune Barishal,Comilla Victorians,Towhid Hridoy,Mujeeb Ur Rahman,Shohidul Islam,0,0,,,,,,,,,
1296718,2021/22,2022-02-18,"Shere Bangla National Stadium, Mirpur",2,19.2,Fortune Barishal,Comilla Victorians,Towhid Hridoy,Mujeeb Ur Rahman,Shohidul Islam,1,0,,,,,,,,,
1296718,2021/22,2022-02-18,"Shere Bangla National Stadium, Mirpur",2,19.3,Fortune Barishal,Comilla Victorians,Mujeeb Ur Rahman,Towhid Hridoy,Shohidul Islam,1,0,,,,,,,,,
1296718,2021/22,2022-02-18,"Shere Bangla National Stadium, Mirpur",2,19.4,Fortune Barishal,Comilla Victorians,Towhid Hridoy,Mujeeb Ur Rahman,Shohidul Islam,0,1,1,,,,,,,,
1296718,2021/22,2022-02-18,"Shere Bangla National Stadium, Mirpur",2,19.5,Fortune Barishal,Comilla Victorians,Towhid Hridoy,Mujeeb Ur Rahman,Shohidul Islam,2,0,,,,,,,,,
1296718,2021/22,2022-02-18,"Shere Bangla National Stadium, Mirpur",2,19.6,Fortune Barishal,Comilla Victorians,Towhid Hridoy,Mujeeb Ur Rahman,Shohidul Islam,2,0,,,,,,,,,
1296718,2021/22,2022-02-18,"Shere Bangla National Stadium, Mirpur",2,19.7,Fortune Barishal,Comilla Victorians,Towhid Hridoy,Mujeeb Ur Rahman,Shohidul Islam,1,0,,,,,,run out,Mujeeb Ur Rahman,,
