match_id,season,start_date,venue,innings,ball,batting_team,bowling_team,striker,non_striker,bowler,runs_off_bat,extras,wides,noballs,byes,legbyes,penalty,wicket_type,player_dismissed,other_wicket_type,other_player_dismissed
1296701,2021/22,2022-02-03,"Shere Bangla National Stadium, Mirpur",1,0.1,Sylhet Sunrisers,Khulna Tigers,LMP Simmons,Anamul Haque,Khaled Ahmed,0,5,5,,,,,,,,
1296701,2021/22,2022-02-03,"Shere Bangla National Stadium, Mirpur",1,0.2,Sylhet Sunrisers,Khulna Tigers,LMP Simmons,Anamul Haque,Khaled Ahmed,0,0,,,,,,,,,
1296701,2021/22,2022-02-03,"Shere Bangla National Stadium, Mirpur",1,0.3,Sylhet Sunrisers,Khulna Tigers,LMP Simmons,Anamul Haque,Khaled Ahmed,0,0,,,,,,,,,
1296701,2021/22,2022-02-03,"Shere Bangla National Stadium, Mirpur",1,0.4,Sylhet Sunrisers,Khulna Tigers,LMP Simmons,Anamul Haque,Khaled Ahmed,1,0,,,,,,,,,
1296701,2021/22,2022-02-03,"Shere Bangla National Stadium, Mirpur",1,0.5,Sylhet Sunrisers,Khulna Tigers,Anamul Haque,LMP Simmons,Khaled Ahmed,0,0,,,,,,,,,
1296701,2021/22,2022-02-03,"Shere Bangla National Stadium, Mirpur",1,0.6,Sylhet Sunrisers,Khulna Tigers,Anamul Haque,LMP Simmons,Khaled Ahmed,0,0,,,,,,,,,
1296701,2021/22,2022-02-03,"Shere Bangla National Stadium, Mirpur",1,0.7,Sylhet Sunrisers,Khulna Tigers,Anamul Haque,LMP Simmons,Khaled Ahmed,0,0,,,,,,,,,
1296701,2021/22,2022-02-03,"Shere Bangla National Stadium, Mirpur",1,1.1,Sylhet Sunrisers,Khulna Tigers,LMP Simmons,Anamul Haque,Nabil Samad,1,0,,,,,,,,,
1296701,2021/22,2022-02-03,"Shere Bangla National Stadium, Mirpur",1,1.2,Sylhet Sunrisers,Khulna Tigers,Anamul Haque,LMP Simmons,Nabil Samad,0,0,,,,,,,,,
1296701,2021/22,2022-02-03,"Shere Bangla National Stadium, Mirpur",1,1.3,Sylhet Sunrisers,Khulna Tigers,Anamul Haque,LMP Simmons,Nabil Samad,0,0,,,,,,,,,
1296701,2021/22,2022-02-03,"Shere Bangla National Stadium, Mirpur",1,1.4,Sylhet Sunrisers,Khulna Tigers,Anamul Haque,LMP Simmons,Nabil Samad,0,0,,,,,,,,,
1296701,2021/22,2022-02-03,"Shere Bangla National Stadium, Mirpur",1,1.5,Sylhet Sunrisers,Khulna Tigers,Anamul Haque,LMP Simmons,Nabil Samad,0,0,,,,,,,,,
1296701,2021/22,2022-02-03,"Shere Bangla National Stadium, Mirpur",1,1.6,Sylhet Sunrisers,Khulna Tigers,Anamul Haque,LMP Simmons,Nabil Samad,0,0,,,,,,,,,
1296701,2021/22,2022-02-03,"Shere Bangla National Stadium, Mirpur",1,2.1,Sylhet Sunrisers,Khulna Tigers,LMP Simmons,Anamul Haque,Khaled Ahmed,1,0,,,,,,,,,
1296701,2021/22,2022-02-03,"Shere Bangla National Stadium, Mirpur",1,2.2,Sylhet Sunrisers,Khulna Tigers,Anamul Haque,LMP Simmons,Khaled Ahmed,4,0,,,,,,,,,
1296701,2021/22,2022-02-03,"Shere Bangla National Stadium, Mirpur",1,2.3,Sylhet Sunrisers,Khulna Tigers,Anamul Haque,LMP Simmons,Khaled Ahmed,0,0,,,,,,caught,Anamul Haque,,
1296701,2021/22,2022-02-03,"Shere Bangla National Stadium, Mirpur",1,2.4,Sylhet Sunrisers,Khulna Tigers,Mohammad Mithun,LMP Simmons,Khaled Ahmed,0,0,,,,,,,,,
1296701,2021/22,2022-02-03,"Shere Bangla National Stadium, Mirpur",1,2.5,Sylhet Sunrisers,Khulna Tigers,Mohammad Mithun,LMP Simmons,Khaled Ahmed,1,0,,,,,,,,,
1296701,2021/22,2022-02-03,"Shere Bangla National Stadium, Mirpur",1,2.6,Sylhet Sunrisers,Khulna Tigers,LMP Simmons,Mohammad Mithun,Khaled Ahmed,0,0,,,,,,,,,
1296701,2021/22,2022-02-03,"Shere Bangla National Stadium, Mirpur",1,3.1,Sylhet Sunrisers,Khulna Tigers,Mohammad Mithun,LMP Simmons,Nabil Samad,1,0,,,,,,,,,
1296701,2021/22,2022-02-03,"Shere Bangla National Stadium, Mirpur",1,3.2,Sylhet Sunrisers,Khulna Tigers,LMP Simmons,Mohammad Mithun,Nabil Samad,0,0,,,,,,,,,
1296701,2021/22,2022-02-03,"Shere Bangla National Stadium, Mirpur",1,3.3,Sylhet Sunrisers,Khulna Tigers,LMP Simmons,Mohammad Mithun,Nabil Samad,0,0,,,,,,,,,
1296701,2021/22,2022-02-03,"Shere Bangla National Stadium, Mirpur",1,3.4,Sylhet Sunrisers,Khulna Tigers,LMP Simmons,Mohammad Mithun,Nabil Samad,0,0,,,,,,,,,
1296701,2021/22,2022-02-03,"Shere Bangla National Stadium, Mirpur",1,3.5,Sylhet Sunrisers,Khulna Tigers,LMP Simmons,Mohammad Mithun,Nabil Samad,0,0,,,,,,,,,
1296701,2021/22,2022-02-03,"Shere Bangla National Stadium, Mirpur",1,3.6,Sylhet Sunrisers,Khulna Tigers,LMP Simmons,Mohammad Mithun,Nabil Samad,0,0,,,,,,,,,
1296701,2021/22,2022-02-03,"Shere Bangla National Stadium, Mirpur",1,4.1,Sylhet Sunrisers,Khulna Tigers,Mohammad Mithun,LMP Simmons,Kamrul Islam Rabbi,0,0,,,,,,,,,
1296701,2021/22,2022-02-03,"Shere Bangla National Stadium, Mirpur",1,4.2,Sylhet Sunrisers,Khulna Tigers,Mohammad Mithun,LMP Simmons,Kamrul Islam Rabbi,0,0,,,,,,,,,
1296701,2021/22,2022-02-03,"Shere Bangla National Stadium, Mirpur",1,4.3,Sylhet Sunrisers,Khulna Tigers,Mohammad Mithun,LMP Simmons,Kamrul Islam Rabbi,0,0,,,,,,,,,
1296701,2021/22,2022-02-03,"Shere Bangla National Stadium, Mirpur",1,4.4,Sylhet Sunrisers,Khulna Tigers,Mohammad Mithun,LMP Simmons,Kamrul Islam Rabbi,0,0,,,,,,,,,
1296701,2021/22,2022-02-03,"Shere Bangla National Stadium, Mirpur",1,4.5,Sylhet Sunrisers,Khulna Tigers,Mohammad Mithun,LMP Simmons,Kamrul Islam Rabbi,1,0,,,,,,,,,
1296701,2021/22,2022-02-03,"Shere Bangla National Stadium, Mirpur",1,4.6,Sylhet Sunrisers,Khulna Tigers,LMP Simmons,Mohammad Mithun,Kamrul Islam Rabbi,1,0,,,,,,,,,
1296701,2021/22,2022-02-03,"Shere Bangla National Stadium, Mirpur",1,5.1,Sylhet Sunrisers,Khulna Tigers,LMP Simmons,Mohammad Mithun,Nabil Samad,1,0,,,,,,,,,
1296701,2021/22,2022-02-03,"Shere Bangla National Stadium, Mirpur",1,5.2,Sylhet Sunrisers,Khulna Tigers,Mohammad Mithun,LMP Simmons,Nabil Samad,0,0,,,,,,,,,
1296701,2021/22,2022-02-03,"Shere Bangla National Stadium, Mirpur",1,5.3,Sylhet Sunrisers,Khulna Tigers,Mohammad Mithun,LMP Simmons,Nabil Samad,1,0,,,,,,,,,
1296701,2021/22,2022-02-03,"Shere Bangla National Stadium, Mirpur",1,5.4,Sylhet Sunrisers,Khulna Tigers,LMP Simmons,Mohammad Mithun,Nabil Samad,0,1,1,,,,,,,,
1296701,2021/22,2022-02-03,"Shere Bangla National Stadium, Mirpur",1,5.5,Sylhet Sunrisers,Khulna Tigers,LMP Simmons,Mohammad Mithun,Nabil Samad,0,0,,,,,,,,,
1296701,2021/22,2022-02-03,"Shere Bangla National Stadium, Mirpur",1,5.6,Sylhet Sunrisers,Khulna Tigers,LMP Simmons,Mohammad Mithun,Nabil Samad,1,0,,,,,,,,,
1296701,2021/22,2022-02-03,"Shere Bangla National Stadium, Mirpur",1,5.7,Sylhet Sunrisers,Khulna Tigers,Mohammad Mithun,LMP Simmons,Nabil Samad,4,0,,,,,,,,,
1296701,2021/22,2022-02-03,"Shere Bangla National Stadium, Mirpur",1,6.1,Sylhet Sunrisers,Khulna Tigers,LMP Simmons,Mohammad Mithun,Kamrul Islam Rabbi,0,0,,,,,,,,,
1296701,2021/22,2022-02-03,"Shere Bangla National Stadium, Mirpur",1,6.2,Sylhet Sunrisers,Khulna Tigers,LMP Simmons,Mohammad Mithun,Kamrul Islam Rabbi,0,0,,,,,,,,,
1296701,2021/22,2022-02-03,"Shere Bangla National Stadium, Mirpur",1,6.3,Sylhet Sunrisers,Khulna Tigers,LMP Simmons,Mohammad Mithun,Kamrul Islam Rabbi,0,0,,,,,,,,,
1296701,2021/22,2022-02-03,"Shere Bangla National Stadium, Mirpur",1,6.4,Sylhet Sunrisers,Khulna Tigers,LMP Simmons,Mohammad Mithun,Kamrul Islam Rabbi,0,0,,,,,,caught,LMP Simmons,,
1296701,2021/22,2022-02-03,"Shere Bangla National Stadium, Mirpur",1,6.5,Sylhet Sunrisers,Khulna Tigers,Mohammad Mithun,CA Ingram,Kamrul Islam Rabbi,0,1,1,,,,,,,,
1296701,2021/22,2022-02-03,"Shere Bangla National Stadium, Mirpur",1,6.6,Sylhet Sunrisers,Khulna Tigers,Mohammad Mithun,CA Ingram,Kamrul Islam Rabbi,0,0,,,,,,,,,
1296701,2021/22,2022-02-03,"Shere Bangla National Stadium, Mirpur",1,6.7,Sylhet Sunrisers,Khulna Tigers,Mohammad Mithun,CA Ingram,Kamrul Islam Rabbi,1,0,,,,,,,,,
1296701,2021/22,2022-02-03,"Shere Bangla National Stadium, Mirpur",1,7.1,Sylhet Sunrisers,Khulna Tigers,Mohammad Mithun,CA Ingram,Mahedi Hasan,4,0,,,,,,,,,
1296701,2021/22,2022-02-03,"Shere Bangla National Stadium, Mirpur",1,7.2,Sylhet Sunrisers,Khulna Tigers,Mohammad Mithun,CA Ingram,Mahedi Hasan,1,0,,,,,,,,,
1296701,2021/22,2022-02-03,"Shere Bangla National Stadium, Mirpur",1,7.3,Sylhet Sunrisers,Khulna Tigers,CA Ingram,Mohammad Mithun,Mahedi Hasan,1,0,,,,,,,,,
1296701,2021/22,2022-02-03,"Shere Bangla National Stadium, Mirpur",1,7.4,Sylhet Sunrisers,Khulna Tigers,Mohammad Mithun,CA Ingram,Mahedi Hasan,1,0,,,,,,,,,
1296701,2021/22,2022-02-03,"Shere Bangla National Stadium, Mirpur",1,7.5,Sylhet Sunrisers,Khulna Tigers,CA Ingram,Mohammad Mithun,Mahedi Hasan,1,0,,,,,,,,,
1296701,2021/22,2022-02-03,"Shere Bangla National Stadium, Mirpur",1,7.6,Sylhet Sunrisers,Khulna Tigers,Mohammad Mithun,CA Ingram,Mahedi Hasan,0,0,,,,,,,,,
1296701,2021/22,2022-02-03,"Shere Bangla National Stadium, Mirpur",1,8.1,Sylhet Sunrisers,Khulna Tigers,CA Ingram,Mohammad Mithun,Nabil Samad,0,0,,,,,,lbw,CA Ingram,,
1296701,2021/22,2022-02-03,"Shere Bangla National Stadium, Mirpur",1,8.2,Sylhet Sunrisers,Khulna Tigers,Mosaddek Hossain,Mohammad Mithun,Nabil Samad,0,0,,,,,,,,,
1296701,2021/22,2022-02-03,"Shere Bangla National Stadium, Mirpur",1,8.3,Sylhet Sunrisers,Khulna Tigers,Mosaddek Hossain,Mohammad Mithun,Nabil Samad,0,0,,,,,,,,,
1296701,2021/22,2022-02-03,"Shere Bangla National Stadium, Mirpur",1,8.4,Sylhet Sunrisers,Khulna Tigers,Mosaddek Hossain,Mohammad Mithun,Nabil Samad,0,0,,,,,,,,,
1296701,2021/22,2022-02-03,"Shere Bangla National Stadium, Mirpur",1,8.5,Sylhet Sunrisers,Khulna Tigers,Mosaddek Hossain,Mohammad Mithun,Nabil Samad,0,0,,,,,,,,,
1296701,2021/22,2022-02-03,"Shere Bangla National Stadium, Mirpur",1,8.6,Sylhet Sunrisers,Khulna Tigers,Mosaddek Hossain,Mohammad Mithun,Nabil Samad,0,0,,,,,,,,,
1296701,2021/22,2022-02-03,"Shere Bangla National Stadium, Mirpur",1,9.1,Sylhet Sunrisers,Khulna Tigers,Mohammad Mithun,Mosaddek Hossain,S Prasanna,1,0,,,,,,,,,
1296701,2021/22,2022-02-03,"Shere Bangla National Stadium, Mirpur",1,9.2,Sylhet Sunrisers,Khulna Tigers,Mosaddek Hossain,Mohammad Mithun,S Prasanna,1,0,,,,,,,,,
1296701,2021/22,2022-02-03,"Shere Bangla National Stadium, Mirpur",1,9.3,Sylhet Sunrisers,Khulna Tigers,Mohammad Mithun,Mosaddek Hossain,S Prasanna,0,0,,,,,,,,,
1296701,2021/22,2022-02-03,"Shere Bangla National Stadium, Mirpur",1,9.4,Sylhet Sunrisers,Khulna Tigers,Mohammad Mithun,Mosaddek Hossain,S Prasanna,0,4,,,4,,,,,,
1296701,2021/22,2022-02-03,"Shere Bangla National Stadium, Mirpur",1,9.5,Sylhet Sunrisers,Khulna Tigers,Mohammad Mithun,Mosaddek Hossain,S Prasanna,1,0,,,,,,,,,
1296701,2021/22,2022-02-03,"Shere Bangla National Stadium, Mirpur",1,9.6,Sylhet Sunrisers,Khulna Tigers,Mosaddek Hossain,Mohammad Mithun,S Prasanna,1,0,,,,,,,,,
1296701,2021/22,2022-02-03,"Shere Bangla National Stadium, Mirpur",1,10.1,Sylhet Sunrisers,Khulna Tigers,Mosaddek Hossain,Mohammad Mithun,Khaled Ahmed,1,0,,,,,,,,,
1296701,2021/22,2022-02-03,"Shere Bangla National Stadium, Mirpur",1,10.2,Sylhet Sunrisers,Khulna Tigers,Mohammad Mithun,Mosaddek Hossain,Khaled Ahmed,1,0,,,,,,,,,
1296701,2021/22,2022-02-03,"Shere Bangla National Stadium, Mirpur",1,10.3,Sylhet Sunrisers,Khulna Tigers,Mosaddek Hossain,Mohammad Mithun,Khaled Ahmed,0,0,,,,,,,,,
1296701,2021/22,2022-02-03,"Shere Bangla National Stadium, Mirpur",1,10.4,Sylhet Sunrisers,Khulna Tigers,Mosaddek Hossain,Mohammad Mithun,Khaled Ahmed,0,0,,,,,,,,,
1296701,2021/22,2022-02-03,"Shere Bangla National Stadium, Mirpur",1,10.5,Sylhet Sunrisers,Khulna Tigers,Mosaddek Hossain,Mohammad Mithun,Khaled Ahmed,1,0,,,,,,,,,
1296701,2021/22,2022-02-03,"Shere Bangla National Stadium, Mirpur",1,10.6,Sylhet Sunrisers,Khulna Tigers,Mohammad Mithun,Mosaddek Hossain,Khaled Ahmed,1,0,,,,,,,,,
1296701,2021/22,2022-02-03,"Shere Bangla National Stadium, Mirpur",1,11.1,Sylhet Sunrisers,Khulna Tigers,Mohammad Mithun,Mosaddek Hossain,S Prasanna,1,0,,,,,,,,,
1296701,2021/22,2022-02-03,"Shere Bangla National Stadium, Mirpur",1,11.2,Sylhet Sunrisers,Khulna Tigers,Mosaddek Hossain,Mohammad Mithun,S Prasanna,6,0,,,,,,,,,
1296701,2021/22,2022-02-03,"Shere Bangla National Stadium, Mirpur",1,11.3,Sylhet Sunrisers,Khulna Tigers,Mosaddek Hossain,Mohammad Mithun,S Prasanna,4,0,,,,,,,,,
1296701,2021/22,2022-02-03,"Shere Bangla National Stadium, Mirpur",1,11.4,Sylhet Sunrisers,Khulna Tigers,Mosaddek Hossain,Mohammad Mithun,S Prasanna,1,0,,,,,,,,,
1296701,2021/22,2022-02-03,"Shere Bangla National Stadium, Mirpur",1,11.5,Sylhet Sunrisers,Khulna Tigers,Mohammad Mithun,Mosaddek Hossain,S Prasanna,0,0,,,,,,,,,
1296701,2021/22,2022-02-03,"Shere Bangla National Stadium, Mirpur",1,11.6,Sylhet Sunrisers,Khulna Tigers,Mohammad Mithun,Mosaddek Hossain,S Prasanna,6,0,,,,,,,,,
1296701,2021/22,2022-02-03,"Shere Bangla National Stadium, Mirpur",1,12.1,Sylhet Sunrisers,Khulna Tigers,Mosaddek Hossain,Mohammad Mithun,NLTC Perera,0,0,,,,,,,,,
1296701,2021/22,2022-02-03,"Shere Bangla National Stadium, Mirpur",1,12.2,Sylhet Sunrisers,Khulna Tigers,Mosaddek Hossain,Mohammad Mithun,NLTC Perera,0,0,,,,,,,,,
1296701,2021/22,2022-02-03,"Shere Bangla National Stadium, Mirpur",1,12.3,Sylhet Sunrisers,Khulna Tigers,Mosaddek Hossain,Mohammad Mithun,NLTC Perera,0,0,,,,,,,,,
1296701,2021/22,2022-02-03,"Shere Bangla National Stadium, Mirpur",1,12.4,Sylhet Sunrisers,Khulna Tigers,Mosaddek Hossain,Mohammad Mithun,NLTC Perera,0,0,,,,,,,,,
1296701,2021/22,2022-02-03,"Shere Bangla National Stadium, Mirpur",1,12.5,Sylhet Sunrisers,Khulna Tigers,Mosaddek Hossain,Mohammad Mithun,NLTC Perera,1,0,,,,,,,,,
1296701,2021/22,2022-02-03,"Shere Bangla National Stadium, Mirpur",1,12.6,Sylhet Sunrisers,Khulna Tigers,Mohammad Mithun,Mosaddek Hossain,NLTC Perera,1,0,,,,,,,,,
1296701,2021/22,2022-02-03,"Shere Bangla National Stadium, Mirpur",1,13.1,Sylhet Sunrisers,Khulna Tigers,Mohammad Mithun,Mosaddek Hossain,Soumya Sarkar,1,0,,,,,,,,,
1296701,2021/22,2022-02-03,"Shere Bangla National Stadium, Mirpur",1,13.2,Sylhet Sunrisers,Khulna Tigers,Mosaddek Hossain,Mohammad Mithun,Soumya Sarkar,0,0,,,,,,,,,
1296701,2021/22,2022-02-03,"Shere Bangla National Stadium, Mirpur",1,13.3,Sylhet Sunrisers,Khulna Tigers,Mosaddek Hossain,Mohammad Mithun,Soumya Sarkar,4,0,,,,,,,,,
1296701,2021/22,2022-02-03,"Shere Bangla National Stadium, Mirpur",1,13.4,Sylhet Sunrisers,Khulna Tigers,Mosaddek Hossain,Mohammad Mithun,Soumya Sarkar,1,0,,,,,,,,,
1296701,2021/22,2022-02-03,"Shere Bangla National Stadium, Mirpur",1,13.5,Sylhet Sunrisers,Khulna Tigers,Mohammad Mithun,Mosaddek Hossain,Soumya Sarkar,0,0,,,,,,,,,
1296701,2021/22,2022-02-03,"Shere Bangla National Stadium, Mirpur",1,13.6,Sylhet Sunrisers,Khulna Tigers,Mohammad Mithun,Mosaddek Hossain,Soumya Sarkar,1,0,,,,,,,,,
1296701,2021/22,2022-02-03,"Shere Bangla National Stadium, Mirpur",1,14.1,Sylhet Sunrisers,Khulna Tigers,Mohammad Mithun,Mosaddek Hossain,NLTC Perera,1,0,,,,,,,,,
1296701,2021/22,2022-02-03,"Shere Bangla National Stadium, Mirpur",1,14.2,Sylhet Sunrisers,Khulna Tigers,Mosaddek Hossain,Mohammad Mithun,NLTC Perera,1,0,,,,,,,,,
1296701,2021/22,2022-02-03,"Shere Bangla National Stadium, Mirpur",1,14.3,Sylhet Sunrisers,Khulna Tigers,Mohammad Mithun,Mosaddek Hossain,NLTC Perera,6,0,,,,,,,,,
1296701,2021/22,2022-02-03,"Shere Bangla National Stadium, Mirpur",1,14.4,Sylhet Sunrisers,Khulna Tigers,Mohammad Mithun,Mosaddek Hossain,NLTC Perera,1,0,,,,,,,,,
1296701,2021/22,2022-02-03,"Shere Bangla National Stadium, Mirpur",1,14.5,Sylhet Sunrisers,Khulna Tigers,Mosaddek Hossain,Mohammad Mithun,NLTC Perera,4,0,,,,,,,,,
1296701,2021/22,2022-02-03,"Shere Bangla National Stadium, Mirpur",1,14.6,Sylhet Sunrisers,Khulna Tigers,Mosaddek Hossain,Mohammad Mithun,NLTC Perera,0,0,,,,,,,,,
1296701,2021/22,2022-02-03,"Shere Bangla National Stadium, Mirpur",1,15.1,Sylhet Sunrisers,Khulna Tigers,Mohammad Mithun,Mosaddek Hossain,Kamrul Islam Rabbi,1,0,,,,,,,,,
1296701,2021/22,2022-02-03,"Shere Bangla National Stadium, Mirpur",1,15.2,Sylhet Sunrisers,Khulna Tigers,Mosaddek Hossain,Mohammad Mithun,Kamrul Islam Rabbi,1,0,,,,,,,,,
1296701,2021/22,2022-02-03,"Shere Bangla National Stadium, Mirpur",1,15.3,Sylhet Sunrisers,Khulna Tigers,Mohammad Mithun,Mosaddek Hossain,Kamrul Islam Rabbi,4,0,,,,,,,,,
1296701,2021/22,2022-02-03,"Shere Bangla National Stadium, Mirpur",1,15.4,Sylhet Sunrisers,Khulna Tigers,Mohammad Mithun,Mosaddek Hossain,Kamrul Islam Rabbi,1,0,,,,,,,,,
1296701,2021/22,2022-02-03,"Shere Bangla National Stadium, Mirpur",1,15.5,Sylhet Sunrisers,Khulna Tigers,Mosaddek Hossain,Mohammad Mithun,Kamrul Islam Rabbi,6,0,,,,,,,,,
1296701,2021/22,2022-02-03,"Shere Bangla National Stadium, Mirpur",1,15.6,Sylhet Sunrisers,Khulna Tigers,Mosaddek Hossain,Mohammad Mithun,Kamrul Islam Rabbi,0,1,,,,1,,,,,
1296701,2021/22,2022-02-03,"Shere Bangla National Stadium, Mirpur",1,16.1,Sylhet Sunrisers,Khulna Tigers,Mosaddek Hossain,Mohammad Mithun,Khaled Ahmed,1,0,,,,,,,,,
1296701,2021/22,2022-02-03,"Shere Bangla National Stadium, Mirpur",1,16.2,Sylhet Sunrisers,Khulna Tigers,Mohammad Mithun,Mosaddek Hossain,Khaled Ahmed,1,0,,,,,,,,,
1296701,2021/22,2022-02-03,"Shere Bangla National Stadium, Mirpur",1,16.3,Sylhet Sunrisers,Khulna Tigers,Mosaddek Hossain,Mohammad Mithun,Khaled Ahmed,0,0,,,,,,caught,Mosaddek Hossain,,
1296701,2021/22,2022-02-03,"Shere Bangla National Stadium, Mirpur",1,16.4,Sylhet Sunrisers,Khulna Tigers,Mohammad Mithun,Muktar Ali,Khaled Ahmed,1,0,,,,,,,,,
1296701,2021/22,2022-02-03,"Shere Bangla National Stadium, Mirpur",1,16.5,Sylhet Sunrisers,Khulna Tigers,Muktar Ali,Mohammad Mithun,Khaled Ahmed,1,0,,,,,,,,,
1296701,2021/22,2022-02-03,"Shere Bangla National Stadium, Mirpur",1,16.6,Sylhet Sunrisers,Khulna Tigers,Mohammad Mithun,Muktar Ali,Khaled Ahmed,0,0,,,,,,,,,
1296701,2021/22,2022-02-03,"Shere Bangla National Stadium, Mirpur",1,17.1,Sylhet Sunrisers,Khulna Tigers,Muktar Ali,Mohammad Mithun,NLTC Perera,1,0,,,,,,,,,
1296701,2021/22,2022-02-03,"Shere Bangla National Stadium, Mirpur",1,17.2,Sylhet Sunrisers,Khulna Tigers,Mohammad Mithun,Muktar Ali,NLTC Perera,0,1,1,,,,,,,,
1296701,2021/22,2022-02-03,"Shere Bangla National Stadium, Mirpur",1,17.3,Sylhet Sunrisers,Khulna Tigers,Mohammad Mithun,Muktar Ali,NLTC Perera,0,0,,,,,,,,,
1296701,2021/22,2022-02-03,"Shere Bangla National Stadium, Mirpur",1,17.4,Sylhet Sunrisers,Khulna Tigers,Mohammad Mithun,Muktar Ali,NLTC Perera,6,0,,,,,,,,,
1296701,2021/22,2022-02-03,"Shere Bangla National Stadium, Mirpur",1,17.5,Sylhet Sunrisers,Khulna Tigers,Mohammad Mithun,Muktar Ali,NLTC Perera,6,0,,,,,,,,,
1296701,2021/22,2022-02-03,"Shere Bangla National Stadium, Mirpur",1,17.6,Sylhet Sunrisers,Khulna Tigers,Mohammad Mithun,Muktar Ali,NLTC Perera,1,0,,,,,,,,,
1296701,2021/22,2022-02-03,"Shere Bangla National Stadium, Mirpur",1,17.7,Sylhet Sunrisers,Khulna Tigers,Muktar Ali,Mohammad Mithun,NLTC Perera,0,0,,,,,,,,,
1296701,2021/22,2022-02-03,"Shere Bangla National Stadium, Mirpur",1,18.1,Sylhet Sunrisers,Khulna Tigers,Mohammad Mithun,Muktar Ali,Kamrul Islam Rabbi,4,0,,,,,,,,,
1296701,2021/22,2022-02-03,"Shere Bangla National Stadium, Mirpur",1,18.2,Sylhet Sunrisers,Khulna Tigers,Mohammad Mithun,Muktar Ali,Kamrul Islam Rabbi,0,0,,,,,,,,,
1296701,2021/22,2022-02-03,"Shere Bangla National Stadium, Mirpur",1,18.3,Sylhet Sunrisers,Khulna Tigers,Mohammad Mithun,Muktar Ali,Kamrul Islam Rabbi,1,0,,,,,,,,,
1296701,2021/22,2022-02-03,"Shere Bangla National Stadium, Mirpur",1,18.4,Sylhet Sunrisers,Khulna Tigers,Muktar Ali,Mohammad Mithun,Kamrul Islam Rabbi,1,0,,,,,,,,,
1296701,2021/22,2022-02-03,"Shere Bangla National Stadium, Mirpur",1,18.5,Sylhet Sunrisers,Khulna Tigers,Mohammad Mithun,Muktar Ali,Kamrul Islam Rabbi,4,0,,,,,,,,,
1296701,2021/22,2022-02-03,"Shere Bangla National Stadium, Mirpur",1,18.6,Sylhet Sunrisers,Khulna Tigers,Mohammad Mithun,Muktar Ali,Kamrul Islam Rabbi,4,0,,,,,,,,,
1296701,2021/22,2022-02-03,"Shere Bangla National Stadium, Mirpur",1,19.1,Sylhet Sunrisers,Khulna Tigers,Muktar Ali,Mohammad Mithun,Soumya Sarkar,1,0,,,,,,,,,
1296701,2021/22,2022-02-03,"Shere Bangla National Stadium, Mirpur",1,19.2,Sylhet Sunrisers,Khulna Tigers,Mohammad Mithun,Muktar Ali,Soumya Sarkar,1,0,,,,,,,,,
1296701,2021/22,2022-02-03,"Shere Bangla National Stadium, Mirpur",1,19.3,Sylhet Sunrisers,Khulna Tigers,Muktar Ali,Mohammad Mithun,Soumya Sarkar,1,0,,,,,,,,,
1296701,2021/22,2022-02-03,"Shere Bangla National Stadium, Mirpur",1,19.4,Sylhet Sunrisers,Khulna Tigers,Mohammad Mithun,Muktar Ali,Soumya Sarkar,0,0,,,,,,,,,
1296701,2021/22,2022-02-03,"Shere Bangla National Stadium, Mirpur",1,19.5,Sylhet Sunrisers,Khulna Tigers,Mohammad Mithun,Muktar Ali,Soumya Sarkar,0,0,,,,,,caught,Mohammad Mithun,,
1296701,2021/22,2022-02-03,"Shere Bangla National Stadium, Mirpur",1,19.6,Sylhet Sunrisers,Khulna Tigers,Nadif Chowdhury,Muktar Ali,Soumya Sarkar,6,0,,,,,,,,,
1296701,2021/22,2022-02-03,"Shere Bangla National Stadium, Mirpur",2,0.1,Khulna Tigers,Sylhet Sunrisers,ADS Fletcher,Soumya Sarkar,Shiraz Ahmed,1,0,,,,,,,,,
1296701,2021/22,2022-02-03,"Shere Bangla National Stadium, Mirpur",2,0.2,Khulna Tigers,Sylhet Sunrisers,Soumya Sarkar,ADS Fletcher,Shiraz Ahmed,0,0,,,,,,,,,
1296701,2021/22,2022-02-03,"Shere Bangla National Stadium, Mirpur",2,0.3,Khulna Tigers,Sylhet Sunrisers,Soumya Sarkar,ADS Fletcher,Shiraz Ahmed,0,0,,,,,,,,,
1296701,2021/22,2022-02-03,"Shere Bangla National Stadium, Mirpur",2,0.4,Khulna Tigers,Sylhet Sunrisers,Soumya Sarkar,ADS Fletcher,Shiraz Ahmed,0,0,,,,,,,,,
1296701,2021/22,2022-02-03,"Shere Bangla National Stadium, Mirpur",2,0.5,Khulna Tigers,Sylhet Sunrisers,Soumya Sarkar,ADS Fletcher,Shiraz Ahmed,0,0,,,,,,,,,
1296701,2021/22,2022-02-03,"Shere Bangla National Stadium, Mirpur",2,0.6,Khulna Tigers,Sylhet Sunrisers,Soumya Sarkar,ADS Fletcher,Shiraz Ahmed,2,0,,,,,,,,,
1296701,2021/22,2022-02-03,"Shere Bangla National Stadium, Mirpur",2,1.1,Khulna Tigers,Sylhet Sunrisers,ADS Fletcher,Soumya Sarkar,Sohag Gazi,4,0,,,,,,,,,
1296701,2021/22,2022-02-03,"Shere Bangla National Stadium, Mirpur",2,1.2,Khulna Tigers,Sylhet Sunrisers,ADS Fletcher,Soumya Sarkar,Sohag Gazi,6,0,,,,,,,,,
1296701,2021/22,2022-02-03,"Shere Bangla National Stadium, Mirpur",2,1.3,Khulna Tigers,Sylhet Sunrisers,ADS Fletcher,Soumya Sarkar,Sohag Gazi,4,0,,,,,,,,,
1296701,2021/22,2022-02-03,"Shere Bangla National Stadium, Mirpur",2,1.4,Khulna Tigers,Sylhet Sunrisers,ADS Fletcher,Soumya Sarkar,Sohag Gazi,1,0,,,,,,,,,
1296701,2021/22,2022-02-03,"Shere Bangla National Stadium, Mirpur",2,1.5,Khulna Tigers,Sylhet Sunrisers,Soumya Sarkar,ADS Fletcher,Sohag Gazi,0,0,,,,,,,,,
1296701,2021/22,2022-02-03,"Shere Bangla National Stadium, Mirpur",2,1.6,Khulna Tigers,Sylhet Sunrisers,Soumya Sarkar,ADS Fletcher,Sohag Gazi,0,0,,,,,,,,,
1296701,2021/22,2022-02-03,"Shere Bangla National Stadium, Mirpur",2,2.1,Khulna Tigers,Sylhet Sunrisers,ADS Fletcher,Soumya Sarkar,Shiraz Ahmed,0,0,,,,,,,,,
1296701,2021/22,2022-02-03,"Shere Bangla National Stadium, Mirpur",2,2.2,Khulna Tigers,Sylhet Sunrisers,ADS Fletcher,Soumya Sarkar,Shiraz Ahmed,0,0,,,,,,,,,
1296701,2021/22,2022-02-03,"Shere Bangla National Stadium, Mirpur",2,2.3,Khulna Tigers,Sylhet Sunrisers,ADS Fletcher,Soumya Sarkar,Shiraz Ahmed,0,1,1,,,,,,,,
1296701,2021/22,2022-02-03,"Shere Bangla National Stadium, Mirpur",2,2.4,Khulna Tigers,Sylhet Sunrisers,ADS Fletcher,Soumya Sarkar,Shiraz Ahmed,1,0,,,,,,,,,
1296701,2021/22,2022-02-03,"Shere Bangla National Stadium, Mirpur",2,2.5,Khulna Tigers,Sylhet Sunrisers,Soumya Sarkar,ADS Fletcher,Shiraz Ahmed,4,0,,,,,,,,,
1296701,2021/22,2022-02-03,"Shere Bangla National Stadium, Mirpur",2,2.6,Khulna Tigers,Sylhet Sunrisers,Soumya Sarkar,ADS Fletcher,Shiraz Ahmed,4,0,,,,,,,,,
1296701,2021/22,2022-02-03,"Shere Bangla National Stadium, Mirpur",2,2.7,Khulna Tigers,Sylhet Sunrisers,Soumya Sarkar,ADS Fletcher,Shiraz Ahmed,0,0,,,,,,,,,
1296701,2021/22,2022-02-03,"Shere Bangla National Stadium, Mirpur",2,3.1,Khulna Tigers,Sylhet Sunrisers,ADS Fletcher,Soumya Sarkar,Muktar Ali,0,0,,,,,,,,,
1296701,2021/22,2022-02-03,"Shere Bangla National Stadium, Mirpur",2,3.2,Khulna Tigers,Sylhet Sunrisers,ADS Fletcher,Soumya Sarkar,Muktar Ali,1,0,,,,,,,,,
1296701,2021/22,2022-02-03,"Shere Bangla National Stadium, Mirpur",2,3.3,Khulna Tigers,Sylhet Sunrisers,Soumya Sarkar,ADS Fletcher,Muktar Ali,0,0,,,,,,,,,
1296701,2021/22,2022-02-03,"Shere Bangla National Stadium, Mirpur",2,3.4,Khulna Tigers,Sylhet Sunrisers,Soumya Sarkar,ADS Fletcher,Muktar Ali,1,0,,,,,,,,,
1296701,2021/22,2022-02-03,"Shere Bangla National Stadium, Mirpur",2,3.5,Khulna Tigers,Sylhet Sunrisers,ADS Fletcher,Soumya Sarkar,Muktar Ali,0,0,,,,,,,,,
1296701,2021/22,2022-02-03,"Shere Bangla National Stadium, Mirpur",2,3.6,Khulna Tigers,Sylhet Sunrisers,ADS Fletcher,Soumya Sarkar,Muktar Ali,0,0,,,,,,,,,
1296701,2021/22,2022-02-03,"Shere Bangla National Stadium, Mirpur",2,4.1,Khulna Tigers,Sylhet Sunrisers,Soumya Sarkar,ADS Fletcher,Nazmul Islam,6,0,,,,,,,,,
1296701,2021/22,2022-02-03,"Shere Bangla National Stadium, Mirpur",2,4.2,Khulna Tigers,Sylhet Sunrisers,Soumya Sarkar,ADS Fletcher,Nazmul Islam,0,0,,,,,,,,,
1296701,2021/22,2022-02-03,"Shere Bangla National Stadium, Mirpur",2,4.3,Khulna Tigers,Sylhet Sunrisers,Soumya Sarkar,ADS Fletcher,Nazmul Islam,4,0,,,,,,,,,
1296701,2021/22,2022-02-03,"Shere Bangla National Stadium, Mirpur",2,4.4,Khulna Tigers,Sylhet Sunrisers,Soumya Sarkar,ADS Fletcher,Nazmul Islam,1,0,,,,,,,,,
1296701,2021/22,2022-02-03,"Shere Bangla National Stadium, Mirpur",2,4.5,Khulna Tigers,Sylhet Sunrisers,ADS Fletcher,Soumya Sarkar,Nazmul Islam,0,0,,,,,,,,,
1296701,2021/22,2022-02-03,"Shere Bangla National Stadium, Mirpur",2,4.6,Khulna Tigers,Sylhet Sunrisers,ADS Fletcher,Soumya Sarkar,Nazmul Islam,4,0,,,,,,,,,
1296701,2021/22,2022-02-03,"Shere Bangla National Stadium, Mirpur",2,5.1,Khulna Tigers,Sylhet Sunrisers,Soumya Sarkar,ADS Fletcher,Mosaddek Hossain,1,0,,,,,,,,,
1296701,2021/22,2022-02-03,"Shere Bangla National Stadium, Mirpur",2,5.2,Khulna Tigers,Sylhet Sunrisers,ADS Fletcher,Soumya Sarkar,Mosaddek Hossain,6,0,,,,,,,,,
1296701,2021/22,2022-02-03,"Shere Bangla National Stadium, Mirpur",2,5.3,Khulna Tigers,Sylhet Sunrisers,ADS Fletcher,Soumya Sarkar,Mosaddek Hossain,6,0,,,,,,,,,
1296701,2021/22,2022-02-03,"Shere Bangla National Stadium, Mirpur",2,5.4,Khulna Tigers,Sylhet Sunrisers,ADS Fletcher,Soumya Sarkar,Mosaddek Hossain,6,0,,,,,,,,,
1296701,2021/22,2022-02-03,"Shere Bangla National Stadium, Mirpur",2,5.5,Khulna Tigers,Sylhet Sunrisers,ADS Fletcher,Soumya Sarkar,Mosaddek Hossain,0,0,,,,,,,,,
1296701,2021/22,2022-02-03,"Shere Bangla National Stadium, Mirpur",2,5.6,Khulna Tigers,Sylhet Sunrisers,ADS Fletcher,Soumya Sarkar,Mosaddek Hossain,1,0,,,,,,,,,
1296701,2021/22,2022-02-03,"Shere Bangla National Stadium, Mirpur",2,6.1,Khulna Tigers,Sylhet Sunrisers,ADS Fletcher,Soumya Sarkar,Muktar Ali,1,0,,,,,,,,,
1296701,2021/22,2022-02-03,"Shere Bangla National Stadium, Mirpur",2,6.2,Khulna Tigers,Sylhet Sunrisers,Soumya Sarkar,ADS Fletcher,Muktar Ali,1,0,,,,,,,,,
1296701,2021/22,2022-02-03,"Shere Bangla National Stadium, Mirpur",2,6.3,Khulna Tigers,Sylhet Sunrisers,ADS Fletcher,Soumya Sarkar,Muktar Ali,1,0,,,,,,,,,
1296701,2021/22,2022-02-03,"Shere Bangla National Stadium, Mirpur",2,6.4,Khulna Tigers,Sylhet Sunrisers,Soumya Sarkar,ADS Fletcher,Muktar Ali,1,0,,,,,,,,,
1296701,2021/22,2022-02-03,"Shere Bangla National Stadium, Mirpur",2,6.5,Khulna Tigers,Sylhet Sunrisers,ADS Fletcher,Soumya Sarkar,Muktar Ali,1,0,,,,,,,,,
1296701,2021/22,2022-02-03,"Shere Bangla National Stadium, Mirpur",2,6.6,Khulna Tigers,Sylhet Sunrisers,Soumya Sarkar,ADS Fletcher,Muktar Ali,4,0,,,,,,,,,
1296701,2021/22,2022-02-03,"Shere Bangla National Stadium, Mirpur",2,7.1,Khulna Tigers,Sylhet Sunrisers,ADS Fletcher,Soumya Sarkar,Jubair Hossain,0,0,,,,,,,,,
1296701,2021/22,2022-02-03,"Shere Bangla National Stadium, Mirpur",2,7.2,Khulna Tigers,Sylhet Sunrisers,ADS Fletcher,Soumya Sarkar,Jubair Hossain,2,0,,,,,,,,,
1296701,2021/22,2022-02-03,"Shere Bangla National Stadium, Mirpur",2,7.3,Khulna Tigers,Sylhet Sunrisers,ADS Fletcher,Soumya Sarkar,Jubair Hossain,0,0,,,,,,,,,
1296701,2021/22,2022-02-03,"Shere Bangla National Stadium, Mirpur",2,7.4,Khulna Tigers,Sylhet Sunrisers,ADS Fletcher,Soumya Sarkar,Jubair Hossain,1,0,,,,,,,,,
1296701,2021/22,2022-02-03,"Shere Bangla National Stadium, Mirpur",2,7.5,Khulna Tigers,Sylhet Sunrisers,Soumya Sarkar,ADS Fletcher,Jubair Hossain,0,0,,,,,,,,,
1296701,2021/22,2022-02-03,"Shere Bangla National Stadium, Mirpur",2,7.6,Khulna Tigers,Sylhet Sunrisers,Soumya Sarkar,ADS Fletcher,Jubair Hossain,1,0,,,,,,,,,
1296701,2021/22,2022-02-03,"Shere Bangla National Stadium, Mirpur",2,8.1,Khulna Tigers,Sylhet Sunrisers,Soumya Sarkar,ADS Fletcher,Nazmul Islam,1,0,,,,,,,,,
1296701,2021/22,2022-02-03,"Shere Bangla National Stadium, Mirpur",2,8.2,Khulna Tigers,Sylhet Sunrisers,ADS Fletcher,Soumya Sarkar,Nazmul Islam,1,0,,,,,,,,,
1296701,2021/22,2022-02-03,"Shere Bangla National Stadium, Mirpur",2,8.3,Khulna Tigers,Sylhet Sunrisers,Soumya Sarkar,ADS Fletcher,Nazmul Islam,1,0,,,,,,,,,
1296701,2021/22,2022-02-03,"Shere Bangla National Stadium, Mirpur",2,8.4,Khulna Tigers,Sylhet Sunrisers,ADS Fletcher,Soumya Sarkar,Nazmul Islam,0,0,,,,,,,,,
1296701,2021/22,2022-02-03,"Shere Bangla National Stadium, Mirpur",2,8.5,Khulna Tigers,Sylhet Sunrisers,ADS Fletcher,Soumya Sarkar,Nazmul Islam,0,0,,,,,,,,,
1296701,2021/22,2022-02-03,"Shere Bangla National Stadium, Mirpur",2,8.6,Khulna Tigers,Sylhet Sunrisers,ADS Fletcher,Soumya Sarkar,Nazmul Islam,0,0,,,,,,,,,
1296701,2021/22,2022-02-03,"Shere Bangla National Stadium, Mirpur",2,9.1,Khulna Tigers,Sylhet Sunrisers,Soumya Sarkar,ADS Fletcher,Jubair Hossain,4,0,,,,,,,,,
1296701,2021/22,2022-02-03,"Shere Bangla National Stadium, Mirpur",2,9.2,Khulna Tigers,Sylhet Sunrisers,Soumya Sarkar,ADS Fletcher,Jubair Hossain,1,0,,,,,,,,,
1296701,2021/22,2022-02-03,"Shere Bangla National Stadium, Mirpur",2,9.3,Khulna Tigers,Sylhet Sunrisers,ADS Fletcher,Soumya Sarkar,Jubair Hossain,1,0,,,,,,,,,
1296701,2021/22,2022-02-03,"Shere Bangla National Stadium, Mirpur",2,9.4,Khulna Tigers,Sylhet Sunrisers,Soumya Sarkar,ADS Fletcher,Jubair Hossain,0,0,,,,,,,,,
1296701,2021/22,2022-02-03,"Shere Bangla National Stadium, Mirpur",2,9.5,Khulna Tigers,Sylhet Sunrisers,Soumya Sarkar,ADS Fletcher,Jubair Hossain,1,0,,,,,,,,,
1296701,2021/22,2022-02-03,"Shere Bangla National Stadium, Mirpur",2,9.6,Khulna Tigers,Sylhet Sunrisers,ADS Fletcher,Soumya Sarkar,Jubair Hossain,0,0,,,,,,,,,
1296701,2021/22,2022-02-03,"Shere Bangla National Stadium, Mirpur",2,10.1,Khulna Tigers,Sylhet Sunrisers,Soumya Sarkar,ADS Fletcher,Nazmul Islam,1,0,,,,,,,,,
1296701,2021/22,2022-02-03,"Shere Bangla National Stadium, Mirpur",2,10.2,Khulna Tigers,Sylhet Sunrisers,ADS Fletcher,Soumya Sarkar,Nazmul Islam,0,0,,,,,,,,,
1296701,2021/22,2022-02-03,"Shere Bangla National Stadium, Mirpur",2,10.3,Khulna Tigers,Sylhet Sunrisers,ADS Fletcher,Soumya Sarkar,Nazmul Islam,0,5,5,,,,,,,,
1296701,2021/22,2022-02-03,"Shere Bangla National Stadium, Mirpur",2,10.4,Khulna Tigers,Sylhet Sunrisers,ADS Fletcher,Soumya Sarkar,Nazmul Islam,1,0,,,,,,,,,
1296701,2021/22,2022-02-03,"Shere Bangla National Stadium, Mirpur",2,10.5,Khulna Tigers,Sylhet Sunrisers,Soumya Sarkar,ADS Fletcher,Nazmul Islam,4,0,,,,,,,,,
1296701,2021/22,2022-02-03,"Shere Bangla National Stadium, Mirpur",2,10.6,Khulna Tigers,Sylhet Sunrisers,Soumya Sarkar,ADS Fletcher,Nazmul Islam,0,0,,,,,,caught,Soumya Sarkar,,
1296701,2021/22,2022-02-03,"Shere Bangla National Stadium, Mirpur",2,10.7,Khulna Tigers,Sylhet Sunrisers,NLTC Perera,ADS Fletcher,Nazmul Islam,0,0,,,,,,,,,
1296701,2021/22,2022-02-03,"Shere Bangla National Stadium, Mirpur",2,11.1,Khulna Tigers,Sylhet Sunrisers,ADS Fletcher,NLTC Perera,Muktar Ali,4,0,,,,,,,,,
1296701,2021/22,2022-02-03,"Shere Bangla National Stadium, Mirpur",2,11.2,Khulna Tigers,Sylhet Sunrisers,ADS Fletcher,NLTC Perera,Muktar Ali,0,0,,,,,,,,,
1296701,2021/22,2022-02-03,"Shere Bangla National Stadium, Mirpur",2,11.3,Khulna Tigers,Sylhet Sunrisers,ADS Fletcher,NLTC Perera,Muktar Ali,4,1,,1,,,,,,,
1296701,2021/22,2022-02-03,"Shere Bangla National Stadium, Mirpur",2,11.4,Khulna Tigers,Sylhet Sunrisers,ADS Fletcher,NLTC Perera,Muktar Ali,6,0,,,,,,,,,
1296701,2021/22,2022-02-03,"Shere Bangla National Stadium, Mirpur",2,11.5,Khulna Tigers,Sylhet Sunrisers,ADS Fletcher,NLTC Perera,Muktar Ali,0,0,,,,,,,,,
1296701,2021/22,2022-02-03,"Shere Bangla National Stadium, Mirpur",2,11.6,Khulna Tigers,Sylhet Sunrisers,ADS Fletcher,NLTC Perera,Muktar Ali,1,0,,,,,,,,,
1296701,2021/22,2022-02-03,"Shere Bangla National Stadium, Mirpur",2,11.7,Khulna Tigers,Sylhet Sunrisers,NLTC Perera,ADS Fletcher,Muktar Ali,4,0,,,,,,,,,
1296701,2021/22,2022-02-03,"Shere Bangla National Stadium, Mirpur",2,12.1,Khulna Tigers,Sylhet Sunrisers,ADS Fletcher,NLTC Perera,Jubair Hossain,1,0,,,,,,,,,
1296701,2021/22,2022-02-03,"Shere Bangla National Stadium, Mirpur",2,12.2,Khulna Tigers,Sylhet Sunrisers,NLTC Perera,ADS Fletcher,Jubair Hossain,1,0,,,,,,,,,
1296701,2021/22,2022-02-03,"Shere Bangla National Stadium, Mirpur",2,12.3,Khulna Tigers,Sylhet Sunrisers,ADS Fletcher,NLTC Perera,Jubair Hossain,1,0,,,,,,,,,
1296701,2021/22,2022-02-03,"Shere Bangla National Stadium, Mirpur",2,12.4,Khulna Tigers,Sylhet Sunrisers,NLTC Perera,ADS Fletcher,Jubair Hossain,4,0,,,,,,,,,
1296701,2021/22,2022-02-03,"Shere Bangla National Stadium, Mirpur",2,12.5,Khulna Tigers,Sylhet Sunrisers,NLTC Perera,ADS Fletcher,Jubair Hossain,1,0,,,,,,,,,
1296701,2021/22,2022-02-03,"Shere Bangla National Stadium, Mirpur",2,12.6,Khulna Tigers,Sylhet Sunrisers,ADS Fletcher,NLTC Perera,Jubair Hossain,1,0,,,,,,,,,
1296701,2021/22,2022-02-03,"Shere Bangla National Stadium, Mirpur",2,13.1,Khulna Tigers,Sylhet Sunrisers,ADS Fletcher,NLTC Perera,Shiraz Ahmed,1,0,,,,,,,,,
1296701,2021/22,2022-02-03,"Shere Bangla National Stadium, Mirpur",2,13.2,Khulna Tigers,Sylhet Sunrisers,NLTC Perera,ADS Fletcher,Shiraz Ahmed,1,0,,,,,,,,,
1296701,2021/22,2022-02-03,"Shere Bangla National Stadium, Mirpur",2,13.3,Khulna Tigers,Sylhet Sunrisers,ADS Fletcher,NLTC Perera,Shiraz Ahmed,2,0,,,,,,,,,
1296701,2021/22,2022-02-03,"Shere Bangla National Stadium, Mirpur",2,13.4,Khulna Tigers,Sylhet Sunrisers,ADS Fletcher,NLTC Perera,Shiraz Ahmed,0,0,,,,,,,,,
1296701,2021/22,2022-02-03,"Shere Bangla National Stadium, Mirpur",2,13.5,Khulna Tigers,Sylhet Sunrisers,ADS Fletcher,NLTC Perera,Shiraz Ahmed,0,1,,,,1,,,,,
1296701,2021/22,2022-02-03,"Shere Bangla National Stadium, Mirpur",2,13.6,Khulna Tigers,Sylhet Sunrisers,NLTC Perera,ADS Fletcher,Shiraz Ahmed,1,0,,,,,,,,,
1296701,2021/22,2022-02-03,"Shere Bangla National Stadium, Mirpur",2,14.1,Khulna Tigers,Sylhet Sunrisers,NLTC Perera,ADS Fletcher,Nazmul Islam,4,0,,,,,,,,,
1296701,2021/22,2022-02-03,"Shere Bangla National Stadium, Mirpur",2,14.2,Khulna Tigers,Sylhet Sunrisers,NLTC Perera,ADS Fletcher,Nazmul Islam,6,0,,,,,,,,,
