match_id,season,start_date,venue,innings,ball,batting_team,bowling_team,striker,non_striker,bowler,runs_off_bat,extras,wides,noballs,byes,legbyes,penalty,wicket_type,player_dismissed,other_wicket_type,other_player_dismissed
1296714,2021/22,2022-02-12,"Shere Bangla National Stadium, Mirpur",1,0.1,Comilla Victorians,Khulna Tigers,Mahmudul Hasan Joy,Parvez Hossain Emon,Naveen-ul-Haq,1,0,,,,,,,,,
1296714,2021/22,2022-02-12,"Shere Bangla National Stadium, Mirpur",1,0.2,Comilla Victorians,Khulna Tigers,Parvez Hossain Emon,Mahmudul Hasan Joy,Naveen-ul-Haq,0,0,,,,,,,,,
1296714,2021/22,2022-02-12,"Shere Bangla National Stadium, Mirpur",1,0.3,Comilla Victorians,Khulna Tigers,Parvez Hossain Emon,Mahmudul Hasan Joy,Naveen-ul-Haq,0,0,,,,,,,,,
1296714,2021/22,2022-02-12,"Shere Bangla National Stadium, Mirpur",1,0.4,Comilla Victorians,Khulna Tigers,Parvez Hossain Emon,Mahmudul Hasan Joy,Naveen-ul-Haq,0,0,,,,,,,,,
1296714,2021/22,2022-02-12,"Shere Bangla National Stadium, Mirpur",1,0.5,Comilla Victorians,Khulna Tigers,Parvez Hossain Emon,Mahmudul Hasan Joy,Naveen-ul-Haq,1,0,,,,,,,,,
1296714,2021/22,2022-02-12,"Shere Bangla National Stadium, Mirpur",1,0.6,Comilla Victorians,Khulna Tigers,Mahmudul Hasan Joy,Parvez Hossain Emon,Naveen-ul-Haq,0,5,5,,,,,,,,
1296714,2021/22,2022-02-12,"Shere Bangla National Stadium, Mirpur",1,0.7,Comilla Victorians,Khulna Tigers,Mahmudul Hasan Joy,Parvez Hossain Emon,Naveen-ul-Haq,4,0,,,,,,,,,
1296714,2021/22,2022-02-12,"Shere Bangla National Stadium, Mirpur",1,1.1,Comilla Victorians,Khulna Tigers,Parvez Hossain Emon,Mahmudul Hasan Joy,Mahedi Hasan,6,0,,,,,,,,,
1296714,2021/22,2022-02-12,"Shere Bangla National Stadium, Mirpur",1,1.2,Comilla Victorians,Khulna Tigers,Parvez Hossain Emon,Mahmudul Hasan Joy,Mahedi Hasan,0,0,,,,,,,,,
1296714,2021/22,2022-02-12,"Shere Bangla National Stadium, Mirpur",1,1.3,Comilla Victorians,Khulna Tigers,Parvez Hossain Emon,Mahmudul Hasan Joy,Mahedi Hasan,0,0,,,,,,bowled,Parvez Hossain Emon,,
1296714,2021/22,2022-02-12,"Shere Bangla National Stadium, Mirpur",1,1.4,Comilla Victorians,Khulna Tigers,Mominul Haque,Mahmudul Hasan Joy,Mahedi Hasan,0,0,,,,,,,,,
1296714,2021/22,2022-02-12,"Shere Bangla National Stadium, Mirpur",1,1.5,Comilla Victorians,Khulna Tigers,Mominul Haque,Mahmudul Hasan Joy,Mahedi Hasan,0,0,,,,,,,,,
1296714,2021/22,2022-02-12,"Shere Bangla National Stadium, Mirpur",1,1.6,Comilla Victorians,Khulna Tigers,Mominul Haque,Mahmudul Hasan Joy,Mahedi Hasan,0,0,,,,,,,,,
1296714,2021/22,2022-02-12,"Shere Bangla National Stadium, Mirpur",1,2.1,Comilla Victorians,Khulna Tigers,Mahmudul Hasan Joy,Mominul Haque,Khaled Ahmed,0,0,,,,,,,,,
1296714,2021/22,2022-02-12,"Shere Bangla National Stadium, Mirpur",1,2.2,Comilla Victorians,Khulna Tigers,Mahmudul Hasan Joy,Mominul Haque,Khaled Ahmed,0,0,,,,,,,,,
1296714,2021/22,2022-02-12,"Shere Bangla National Stadium, Mirpur",1,2.3,Comilla Victorians,Khulna Tigers,Mahmudul Hasan Joy,Mominul Haque,Khaled Ahmed,1,0,,,,,,,,,
1296714,2021/22,2022-02-12,"Shere Bangla National Stadium, Mirpur",1,2.4,Comilla Victorians,Khulna Tigers,Mominul Haque,Mahmudul Hasan Joy,Khaled Ahmed,1,0,,,,,,,,,
1296714,2021/22,2022-02-12,"Shere Bangla National Stadium, Mirpur",1,2.5,Comilla Victorians,Khulna Tigers,Mahmudul Hasan Joy,Mominul Haque,Khaled Ahmed,4,0,,,,,,,,,
1296714,2021/22,2022-02-12,"Shere Bangla National Stadium, Mirpur",1,2.6,Comilla Victorians,Khulna Tigers,Mahmudul Hasan Joy,Mominul Haque,Khaled Ahmed,0,0,,,,,,,,,
1296714,2021/22,2022-02-12,"Shere Bangla National Stadium, Mirpur",1,3.1,Comilla Victorians,Khulna Tigers,Mominul Haque,Mahmudul Hasan Joy,Mahedi Hasan,1,0,,,,,,,,,
1296714,2021/22,2022-02-12,"Shere Bangla National Stadium, Mirpur",1,3.2,Comilla Victorians,Khulna Tigers,Mahmudul Hasan Joy,Mominul Haque,Mahedi Hasan,0,0,,,,,,,,,
1296714,2021/22,2022-02-12,"Shere Bangla National Stadium, Mirpur",1,3.3,Comilla Victorians,Khulna Tigers,Mahmudul Hasan Joy,Mominul Haque,Mahedi Hasan,1,0,,,,,,,,,
1296714,2021/22,2022-02-12,"Shere Bangla National Stadium, Mirpur",1,3.4,Comilla Victorians,Khulna Tigers,Mominul Haque,Mahmudul Hasan Joy,Mahedi Hasan,4,0,,,,,,,,,
1296714,2021/22,2022-02-12,"Shere Bangla National Stadium, Mirpur",1,3.5,Comilla Victorians,Khulna Tigers,Mominul Haque,Mahmudul Hasan Joy,Mahedi Hasan,1,0,,,,,,,,,
1296714,2021/22,2022-02-12,"Shere Bangla National Stadium, Mirpur",1,3.6,Comilla Victorians,Khulna Tigers,Mahmudul Hasan Joy,Mominul Haque,Mahedi Hasan,1,0,,,,,,run out,Mominul Haque,,
1296714,2021/22,2022-02-12,"Shere Bangla National Stadium, Mirpur",1,4.1,Comilla Victorians,Khulna Tigers,F du Plessis,Mahmudul Hasan Joy,Nabil Samad,0,0,,,,,,,,,
1296714,2021/22,2022-02-12,"Shere Bangla National Stadium, Mirpur",1,4.2,Comilla Victorians,Khulna Tigers,F du Plessis,Mahmudul Hasan Joy,Nabil Samad,4,0,,,,,,,,,
1296714,2021/22,2022-02-12,"Shere Bangla National Stadium, Mirpur",1,4.3,Comilla Victorians,Khulna Tigers,F du Plessis,Mahmudul Hasan Joy,Nabil Samad,1,0,,,,,,,,,
1296714,2021/22,2022-02-12,"Shere Bangla National Stadium, Mirpur",1,4.4,Comilla Victorians,Khulna Tigers,Mahmudul Hasan Joy,F du Plessis,Nabil Samad,1,0,,,,,,,,,
1296714,2021/22,2022-02-12,"Shere Bangla National Stadium, Mirpur",1,4.5,Comilla Victorians,Khulna Tigers,F du Plessis,Mahmudul Hasan Joy,Nabil Samad,1,0,,,,,,,,,
1296714,2021/22,2022-02-12,"Shere Bangla National Stadium, Mirpur",1,4.6,Comilla Victorians,Khulna Tigers,Mahmudul Hasan Joy,F du Plessis,Nabil Samad,1,0,,,,,,,,,
1296714,2021/22,2022-02-12,"Shere Bangla National Stadium, Mirpur",1,5.1,Comilla Victorians,Khulna Tigers,Mahmudul Hasan Joy,F du Plessis,Naveen-ul-Haq,2,0,,,,,,,,,
1296714,2021/22,2022-02-12,"Shere Bangla National Stadium, Mirpur",1,5.2,Comilla Victorians,Khulna Tigers,Mahmudul Hasan Joy,F du Plessis,Naveen-ul-Haq,1,0,,,,,,,,,
1296714,2021/22,2022-02-12,"Shere Bangla National Stadium, Mirpur",1,5.3,Comilla Victorians,Khulna Tigers,F du Plessis,Mahmudul Hasan Joy,Naveen-ul-Haq,0,0,,,,,,,,,
1296714,2021/22,2022-02-12,"Shere Bangla National Stadium, Mirpur",1,5.4,Comilla Victorians,Khulna Tigers,F du Plessis,Mahmudul Hasan Joy,Naveen-ul-Haq,1,0,,,,,,,,,
1296714,2021/22,2022-02-12,"Shere Bangla National Stadium, Mirpur",1,5.5,Comilla Victorians,Khulna Tigers,Mahmudul Hasan Joy,F du Plessis,Naveen-ul-Haq,1,0,,,,,,,,,
1296714,2021/22,2022-02-12,"Shere Bangla National Stadium, Mirpur",1,5.6,Comilla Victorians,Khulna Tigers,F du Plessis,Mahmudul Hasan Joy,Naveen-ul-Haq,4,0,,,,,,,,,
1296714,2021/22,2022-02-12,"Shere Bangla National Stadium, Mirpur",1,6.1,Comilla Victorians,Khulna Tigers,Mahmudul Hasan Joy,F du Plessis,Nabil Samad,1,0,,,,,,,,,
1296714,2021/22,2022-02-12,"Shere Bangla National Stadium, Mirpur",1,6.2,Comilla Victorians,Khulna Tigers,F du Plessis,Mahmudul Hasan Joy,Nabil Samad,0,0,,,,,,,,,
1296714,2021/22,2022-02-12,"Shere Bangla National Stadium, Mirpur",1,6.3,Comilla Victorians,Khulna Tigers,F du Plessis,Mahmudul Hasan Joy,Nabil Samad,1,0,,,,,,,,,
1296714,2021/22,2022-02-12,"Shere Bangla National Stadium, Mirpur",1,6.4,Comilla Victorians,Khulna Tigers,Mahmudul Hasan Joy,F du Plessis,Nabil Samad,1,0,,,,,,,,,
1296714,2021/22,2022-02-12,"Shere Bangla National Stadium, Mirpur",1,6.5,Comilla Victorians,Khulna Tigers,F du Plessis,Mahmudul Hasan Joy,Nabil Samad,6,0,,,,,,,,,
1296714,2021/22,2022-02-12,"Shere Bangla National Stadium, Mirpur",1,6.6,Comilla Victorians,Khulna Tigers,F du Plessis,Mahmudul Hasan Joy,Nabil Samad,0,1,1,,,,,,,,
1296714,2021/22,2022-02-12,"Shere Bangla National Stadium, Mirpur",1,6.7,Comilla Victorians,Khulna Tigers,F du Plessis,Mahmudul Hasan Joy,Nabil Samad,1,0,,,,,,,,,
1296714,2021/22,2022-02-12,"Shere Bangla National Stadium, Mirpur",1,7.1,Comilla Victorians,Khulna Tigers,F du Plessis,Mahmudul Hasan Joy,Khaled Ahmed,1,0,,,,,,,,,
1296714,2021/22,2022-02-12,"Shere Bangla National Stadium, Mirpur",1,7.2,Comilla Victorians,Khulna Tigers,Mahmudul Hasan Joy,F du Plessis,Khaled Ahmed,4,0,,,,,,,,,
1296714,2021/22,2022-02-12,"Shere Bangla National Stadium, Mirpur",1,7.3,Comilla Victorians,Khulna Tigers,Mahmudul Hasan Joy,F du Plessis,Khaled Ahmed,2,0,,,,,,,,,
1296714,2021/22,2022-02-12,"Shere Bangla National Stadium, Mirpur",1,7.4,Comilla Victorians,Khulna Tigers,Mahmudul Hasan Joy,F du Plessis,Khaled Ahmed,0,0,,,,,,,,,
1296714,2021/22,2022-02-12,"Shere Bangla National Stadium, Mirpur",1,7.5,Comilla Victorians,Khulna Tigers,Mahmudul Hasan Joy,F du Plessis,Khaled Ahmed,1,0,,,,,,,,,
1296714,2021/22,2022-02-12,"Shere Bangla National Stadium, Mirpur",1,7.6,Comilla Victorians,Khulna Tigers,F du Plessis,Mahmudul Hasan Joy,Khaled Ahmed,4,0,,,,,,,,,
1296714,2021/22,2022-02-12,"Shere Bangla National Stadium, Mirpur",1,8.1,Comilla Victorians,Khulna Tigers,Mahmudul Hasan Joy,F du Plessis,Nabil Samad,0,0,,,,,,,,,
1296714,2021/22,2022-02-12,"Shere Bangla National Stadium, Mirpur",1,8.2,Comilla Victorians,Khulna Tigers,Mahmudul Hasan Joy,F du Plessis,Nabil Samad,0,0,,,,,,,,,
1296714,2021/22,2022-02-12,"Shere Bangla National Stadium, Mirpur",1,8.3,Comilla Victorians,Khulna Tigers,Mahmudul Hasan Joy,F du Plessis,Nabil Samad,1,0,,,,,,,,,
1296714,2021/22,2022-02-12,"Shere Bangla National Stadium, Mirpur",1,8.4,Comilla Victorians,Khulna Tigers,F du Plessis,Mahmudul Hasan Joy,Nabil Samad,1,0,,,,,,,,,
1296714,2021/22,2022-02-12,"Shere Bangla National Stadium, Mirpur",1,8.5,Comilla Victorians,Khulna Tigers,Mahmudul Hasan Joy,F du Plessis,Nabil Samad,1,0,,,,,,,,,
1296714,2021/22,2022-02-12,"Shere Bangla National Stadium, Mirpur",1,8.6,Comilla Victorians,Khulna Tigers,F du Plessis,Mahmudul Hasan Joy,Nabil Samad,1,0,,,,,,,,,
1296714,2021/22,2022-02-12,"Shere Bangla National Stadium, Mirpur",1,9.1,Comilla Victorians,Khulna Tigers,F du Plessis,Mahmudul Hasan Joy,Farhad Reza,1,0,,,,,,,,,
1296714,2021/22,2022-02-12,"Shere Bangla National Stadium, Mirpur",1,9.2,Comilla Victorians,Khulna Tigers,Mahmudul Hasan Joy,F du Plessis,Farhad Reza,1,0,,,,,,,,,
1296714,2021/22,2022-02-12,"Shere Bangla National Stadium, Mirpur",1,9.3,Comilla Victorians,Khulna Tigers,F du Plessis,Mahmudul Hasan Joy,Farhad Reza,1,0,,,,,,,,,
1296714,2021/22,2022-02-12,"Shere Bangla National Stadium, Mirpur",1,9.4,Comilla Victorians,Khulna Tigers,Mahmudul Hasan Joy,F du Plessis,Farhad Reza,1,0,,,,,,,,,
1296714,2021/22,2022-02-12,"Shere Bangla National Stadium, Mirpur",1,9.5,Comilla Victorians,Khulna Tigers,F du Plessis,Mahmudul Hasan Joy,Farhad Reza,1,0,,,,,,run out,Mahmudul Hasan Joy,,
1296714,2021/22,2022-02-12,"Shere Bangla National Stadium, Mirpur",1,9.6,Comilla Victorians,Khulna Tigers,F du Plessis,MM Ali,Farhad Reza,1,0,,,,,,,,,
1296714,2021/22,2022-02-12,"Shere Bangla National Stadium, Mirpur",1,10.1,Comilla Victorians,Khulna Tigers,F du Plessis,MM Ali,Nabil Samad,4,0,,,,,,,,,
1296714,2021/22,2022-02-12,"Shere Bangla National Stadium, Mirpur",1,10.2,Comilla Victorians,Khulna Tigers,F du Plessis,MM Ali,Nabil Samad,1,0,,,,,,,,,
1296714,2021/22,2022-02-12,"Shere Bangla National Stadium, Mirpur",1,10.3,Comilla Victorians,Khulna Tigers,MM Ali,F du Plessis,Nabil Samad,1,0,,,,,,,,,
1296714,2021/22,2022-02-12,"Shere Bangla National Stadium, Mirpur",1,10.4,Comilla Victorians,Khulna Tigers,F du Plessis,MM Ali,Nabil Samad,1,0,,,,,,,,,
1296714,2021/22,2022-02-12,"Shere Bangla National Stadium, Mirpur",1,10.5,Comilla Victorians,Khulna Tigers,MM Ali,F du Plessis,Nabil Samad,1,0,,,,,,,,,
1296714,2021/22,2022-02-12,"Shere Bangla National Stadium, Mirpur",1,10.6,Comilla Victorians,Khulna Tigers,F du Plessis,MM Ali,Nabil Samad,1,0,,,,,,,,,
1296714,2021/22,2022-02-12,"Shere Bangla National Stadium, Mirpur",1,11.1,Comilla Victorians,Khulna Tigers,F du Plessis,MM Ali,Mahedi Hasan,4,0,,,,,,,,,
1296714,2021/22,2022-02-12,"Shere Bangla National Stadium, Mirpur",1,11.2,Comilla Victorians,Khulna Tigers,F du Plessis,MM Ali,Mahedi Hasan,0,0,,,,,,,,,
1296714,2021/22,2022-02-12,"Shere Bangla National Stadium, Mirpur",1,11.3,Comilla Victorians,Khulna Tigers,F du Plessis,MM Ali,Mahedi Hasan,2,0,,,,,,,,,
1296714,2021/22,2022-02-12,"Shere Bangla National Stadium, Mirpur",1,11.4,Comilla Victorians,Khulna Tigers,F du Plessis,MM Ali,Mahedi Hasan,1,0,,,,,,,,,
1296714,2021/22,2022-02-12,"Shere Bangla National Stadium, Mirpur",1,11.5,Comilla Victorians,Khulna Tigers,MM Ali,F du Plessis,Mahedi Hasan,1,0,,,,,,,,,
1296714,2021/22,2022-02-12,"Shere Bangla National Stadium, Mirpur",1,11.6,Comilla Victorians,Khulna Tigers,F du Plessis,MM Ali,Mahedi Hasan,4,0,,,,,,,,,
1296714,2021/22,2022-02-12,"Shere Bangla National Stadium, Mirpur",1,12.1,Comilla Victorians,Khulna Tigers,MM Ali,F du Plessis,Khaled Ahmed,1,0,,,,,,,,,
1296714,2021/22,2022-02-12,"Shere Bangla National Stadium, Mirpur",1,12.2,Comilla Victorians,Khulna Tigers,F du Plessis,MM Ali,Khaled Ahmed,1,0,,,,,,,,,
1296714,2021/22,2022-02-12,"Shere Bangla National Stadium, Mirpur",1,12.3,Comilla Victorians,Khulna Tigers,MM Ali,F du Plessis,Khaled Ahmed,2,0,,,,,,,,,
1296714,2021/22,2022-02-12,"Shere Bangla National Stadium, Mirpur",1,12.4,Comilla Victorians,Khulna Tigers,MM Ali,F du Plessis,Khaled Ahmed,0,0,,,,,,,,,
1296714,2021/22,2022-02-12,"Shere Bangla National Stadium, Mirpur",1,12.5,Comilla Victorians,Khulna Tigers,MM Ali,F du Plessis,Khaled Ahmed,1,0,,,,,,,,,
1296714,2021/22,2022-02-12,"Shere Bangla National Stadium, Mirpur",1,12.6,Comilla Victorians,Khulna Tigers,F du Plessis,MM Ali,Khaled Ahmed,1,0,,,,,,,,,
1296714,2021/22,2022-02-12,"Shere Bangla National Stadium, Mirpur",1,13.1,Comilla Victorians,Khulna Tigers,F du Plessis,MM Ali,Farhad Reza,4,0,,,,,,,,,
1296714,2021/22,2022-02-12,"Shere Bangla National Stadium, Mirpur",1,13.2,Comilla Victorians,Khulna Tigers,F du Plessis,MM Ali,Farhad Reza,1,0,,,,,,,,,
1296714,2021/22,2022-02-12,"Shere Bangla National Stadium, Mirpur",1,13.3,Comilla Victorians,Khulna Tigers,MM Ali,F du Plessis,Farhad Reza,1,0,,,,,,,,,
1296714,2021/22,2022-02-12,"Shere Bangla National Stadium, Mirpur",1,13.4,Comilla Victorians,Khulna Tigers,F du Plessis,MM Ali,Farhad Reza,2,0,,,,,,,,,
1296714,2021/22,2022-02-12,"Shere Bangla National Stadium, Mirpur",1,13.5,Comilla Victorians,Khulna Tigers,F du Plessis,MM Ali,Farhad Reza,1,0,,,,,,,,,
1296714,2021/22,2022-02-12,"Shere Bangla National Stadium, Mirpur",1,13.6,Comilla Victorians,Khulna Tigers,MM Ali,F du Plessis,Farhad Reza,0,0,,,,,,bowled,MM Ali,,
1296714,2021/22,2022-02-12,"Shere Bangla National Stadium, Mirpur",1,14.1,Comilla Victorians,Khulna Tigers,F du Plessis,Mahidul Islam Ankon,NLTC Perera,1,0,,,,,,,,,
1296714,2021/22,2022-02-12,"Shere Bangla National Stadium, Mirpur",1,14.2,Comilla Victorians,Khulna Tigers,Mahidul Islam Ankon,F du Plessis,NLTC Perera,1,0,,,,,,,,,
1296714,2021/22,2022-02-12,"Shere Bangla National Stadium, Mirpur",1,14.3,Comilla Victorians,Khulna Tigers,F du Plessis,Mahidul Islam Ankon,NLTC Perera,4,0,,,,,,,,,
1296714,2021/22,2022-02-12,"Shere Bangla National Stadium, Mirpur",1,14.4,Comilla Victorians,Khulna Tigers,F du Plessis,Mahidul Islam Ankon,NLTC Perera,1,0,,,,,,,,,
1296714,2021/22,2022-02-12,"Shere Bangla National Stadium, Mirpur",1,14.5,Comilla Victorians,Khulna Tigers,Mahidul Islam Ankon,F du Plessis,NLTC Perera,1,0,,,,,,,,,
1296714,2021/22,2022-02-12,"Shere Bangla National Stadium, Mirpur",1,14.6,Comilla Victorians,Khulna Tigers,F du Plessis,Mahidul Islam Ankon,NLTC Perera,1,0,,,,,,,,,
1296714,2021/22,2022-02-12,"Shere Bangla National Stadium, Mirpur",1,15.1,Comilla Victorians,Khulna Tigers,F du Plessis,Mahidul Islam Ankon,Farhad Reza,6,0,,,,,,,,,
1296714,2021/22,2022-02-12,"Shere Bangla National Stadium, Mirpur",1,15.2,Comilla Victorians,Khulna Tigers,F du Plessis,Mahidul Islam Ankon,Farhad Reza,1,0,,,,,,,,,
1296714,2021/22,2022-02-12,"Shere Bangla National Stadium, Mirpur",1,15.3,Comilla Victorians,Khulna Tigers,Mahidul Islam Ankon,F du Plessis,Farhad Reza,1,0,,,,,,,,,
1296714,2021/22,2022-02-12,"Shere Bangla National Stadium, Mirpur",1,15.4,Comilla Victorians,Khulna Tigers,F du Plessis,Mahidul Islam Ankon,Farhad Reza,2,0,,,,,,,,,
1296714,2021/22,2022-02-12,"Shere Bangla National Stadium, Mirpur",1,15.5,Comilla Victorians,Khulna Tigers,F du Plessis,Mahidul Islam Ankon,Farhad Reza,4,0,,,,,,,,,
1296714,2021/22,2022-02-12,"Shere Bangla National Stadium, Mirpur",1,15.6,Comilla Victorians,Khulna Tigers,F du Plessis,Mahidul Islam Ankon,Farhad Reza,1,0,,,,,,,,,
1296714,2021/22,2022-02-12,"Shere Bangla National Stadium, Mirpur",1,16.1,Comilla Victorians,Khulna Tigers,F du Plessis,Mahidul Islam Ankon,Naveen-ul-Haq,4,0,,,,,,,,,
1296714,2021/22,2022-02-12,"Shere Bangla National Stadium, Mirpur",1,16.2,Comilla Victorians,Khulna Tigers,F du Plessis,Mahidul Islam Ankon,Naveen-ul-Haq,6,0,,,,,,,,,
1296714,2021/22,2022-02-12,"Shere Bangla National Stadium, Mirpur",1,16.3,Comilla Victorians,Khulna Tigers,F du Plessis,Mahidul Islam Ankon,Naveen-ul-Haq,1,0,,,,,,,,,
1296714,2021/22,2022-02-12,"Shere Bangla National Stadium, Mirpur",1,16.4,Comilla Victorians,Khulna Tigers,Mahidul Islam Ankon,F du Plessis,Naveen-ul-Haq,1,0,,,,,,,,,
1296714,2021/22,2022-02-12,"Shere Bangla National Stadium, Mirpur",1,16.5,Comilla Victorians,Khulna Tigers,F du Plessis,Mahidul Islam Ankon,Naveen-ul-Haq,1,0,,,,,,,,,
1296714,2021/22,2022-02-12,"Shere Bangla National Stadium, Mirpur",1,16.6,Comilla Victorians,Khulna Tigers,Mahidul Islam Ankon,F du Plessis,Naveen-ul-Haq,1,0,,,,,,,,,
1296714,2021/22,2022-02-12,"Shere Bangla National Stadium, Mirpur",1,17.1,Comilla Victorians,Khulna Tigers,Mahidul Islam Ankon,F du Plessis,Khaled Ahmed,1,0,,,,,,,,,
1296714,2021/22,2022-02-12,"Shere Bangla National Stadium, Mirpur",1,17.2,Comilla Victorians,Khulna Tigers,F du Plessis,Mahidul Islam Ankon,Khaled Ahmed,0,0,,,,,,,,,
1296714,2021/22,2022-02-12,"Shere Bangla National Stadium, Mirpur",1,17.3,Comilla Victorians,Khulna Tigers,F du Plessis,Mahidul Islam Ankon,Khaled Ahmed,0,0,,,,,,,,,
1296714,2021/22,2022-02-12,"Shere Bangla National Stadium, Mirpur",1,17.4,Comilla Victorians,Khulna Tigers,F du Plessis,Mahidul Islam Ankon,Khaled Ahmed,4,0,,,,,,,,,
1296714,2021/22,2022-02-12,"Shere Bangla National Stadium, Mirpur",1,17.5,Comilla Victorians,Khulna Tigers,F du Plessis,Mahidul Islam Ankon,Khaled Ahmed,4,0,,,,,,,,,
1296714,2021/22,2022-02-12,"Shere Bangla National Stadium, Mirpur",1,17.6,Comilla Victorians,Khulna Tigers,F du Plessis,Mahidul Islam Ankon,Khaled Ahmed,1,0,,,,,,,,,
1296714,2021/22,2022-02-12,"Shere Bangla National Stadium, Mirpur",1,18.1,Comilla Victorians,Khulna Tigers,F du Plessis,Mahidul Islam Ankon,Naveen-ul-Haq,1,0,,,,,,,,,
1296714,2021/22,2022-02-12,"Shere Bangla National Stadium, Mirpur",1,18.2,Comilla Victorians,Khulna Tigers,Mahidul Islam Ankon,F du Plessis,Naveen-ul-Haq,0,0,,,,,,,,,
1296714,2021/22,2022-02-12,"Shere Bangla National Stadium, Mirpur",1,18.3,Comilla Victorians,Khulna Tigers,Mahidul Islam Ankon,F du Plessis,Naveen-ul-Haq,1,0,,,,,,,,,
1296714,2021/22,2022-02-12,"Shere Bangla National Stadium, Mirpur",1,18.4,Comilla Victorians,Khulna Tigers,F du Plessis,Mahidul Islam Ankon,Naveen-ul-Haq,0,0,,,,,,caught,F du Plessis,,
1296714,2021/22,2022-02-12,"Shere Bangla National Stadium, Mirpur",1,18.5,Comilla Victorians,Khulna Tigers,Mahidul Islam Ankon,SP Narine,Naveen-ul-Haq,6,0,,,,,,,,,
1296714,2021/22,2022-02-12,"Shere Bangla National Stadium, Mirpur",1,18.6,Comilla Victorians,Khulna Tigers,Mahidul Islam Ankon,SP Narine,Naveen-ul-Haq,6,0,,,,,,,,,
1296714,2021/22,2022-02-12,"Shere Bangla National Stadium, Mirpur",1,19.1,Comilla Victorians,Khulna Tigers,SP Narine,Mahidul Islam Ankon,Mahedi Hasan,1,0,,,,,,,,,
1296714,2021/22,2022-02-12,"Shere Bangla National Stadium, Mirpur",1,19.2,Comilla Victorians,Khulna Tigers,Mahidul Islam Ankon,SP Narine,Mahedi Hasan,1,0,,,,,,,,,
1296714,2021/22,2022-02-12,"Shere Bangla National Stadium, Mirpur",1,19.3,Comilla Victorians,Khulna Tigers,SP Narine,Mahidul Islam Ankon,Mahedi Hasan,0,0,,,,,,,,,
1296714,2021/22,2022-02-12,"Shere Bangla National Stadium, Mirpur",1,19.4,Comilla Victorians,Khulna Tigers,SP Narine,Mahidul Islam Ankon,Mahedi Hasan,0,1,1,,,,,,,,
1296714,2021/22,2022-02-12,"Shere Bangla National Stadium, Mirpur",1,19.5,Comilla Victorians,Khulna Tigers,SP Narine,Mahidul Islam Ankon,Mahedi Hasan,0,0,,,,,,,,,
1296714,2021/22,2022-02-12,"Shere Bangla National Stadium, Mirpur",1,19.6,Comilla Victorians,Khulna Tigers,SP Narine,Mahidul Islam Ankon,Mahedi Hasan,0,0,,,,,,,,,
1296714,2021/22,2022-02-12,"Shere Bangla National Stadium, Mirpur",1,19.7,Comilla Victorians,Khulna Tigers,SP Narine,Mahidul Islam Ankon,Mahedi Hasan,0,0,,,,,,,,,
1296714,2021/22,2022-02-12,"Shere Bangla National Stadium, Mirpur",2,0.1,Khulna Tigers,Comilla Victorians,ADS Fletcher,Mahedi Hasan,Nahidul Islam,0,0,,,,,,,,,
1296714,2021/22,2022-02-12,"Shere Bangla National Stadium, Mirpur",2,0.2,Khulna Tigers,Comilla Victorians,ADS Fletcher,Mahedi Hasan,Nahidul Islam,1,0,,,,,,,,,
1296714,2021/22,2022-02-12,"Shere Bangla National Stadium, Mirpur",2,0.3,Khulna Tigers,Comilla Victorians,Mahedi Hasan,ADS Fletcher,Nahidul Islam,1,0,,,,,,,,,
1296714,2021/22,2022-02-12,"Shere Bangla National Stadium, Mirpur",2,0.4,Khulna Tigers,Comilla Victorians,ADS Fletcher,Mahedi Hasan,Nahidul Islam,0,0,,,,,,,,,
1296714,2021/22,2022-02-12,"Shere Bangla National Stadium, Mirpur",2,0.5,Khulna Tigers,Comilla Victorians,ADS Fletcher,Mahedi Hasan,Nahidul Islam,1,0,,,,,,,,,
1296714,2021/22,2022-02-12,"Shere Bangla National Stadium, Mirpur",2,0.6,Khulna Tigers,Comilla Victorians,Mahedi Hasan,ADS Fletcher,Nahidul Islam,0,0,,,,,,,,,
1296714,2021/22,2022-02-12,"Shere Bangla National Stadium, Mirpur",2,1.1,Khulna Tigers,Comilla Victorians,ADS Fletcher,Mahedi Hasan,Abu Hider,0,0,,,,,,,,,
1296714,2021/22,2022-02-12,"Shere Bangla National Stadium, Mirpur",2,1.2,Khulna Tigers,Comilla Victorians,ADS Fletcher,Mahedi Hasan,Abu Hider,4,0,,,,,,,,,
1296714,2021/22,2022-02-12,"Shere Bangla National Stadium, Mirpur",2,1.3,Khulna Tigers,Comilla Victorians,ADS Fletcher,Mahedi Hasan,Abu Hider,0,5,5,,,,,,,,
1296714,2021/22,2022-02-12,"Shere Bangla National Stadium, Mirpur",2,1.4,Khulna Tigers,Comilla Victorians,ADS Fletcher,Mahedi Hasan,Abu Hider,6,0,,,,,,,,,
1296714,2021/22,2022-02-12,"Shere Bangla National Stadium, Mirpur",2,1.5,Khulna Tigers,Comilla Victorians,ADS Fletcher,Mahedi Hasan,Abu Hider,1,0,,,,,,,,,
1296714,2021/22,2022-02-12,"Shere Bangla National Stadium, Mirpur",2,1.6,Khulna Tigers,Comilla Victorians,Mahedi Hasan,ADS Fletcher,Abu Hider,0,0,,,,,,,,,
1296714,2021/22,2022-02-12,"Shere Bangla National Stadium, Mirpur",2,1.7,Khulna Tigers,Comilla Victorians,Mahedi Hasan,ADS Fletcher,Abu Hider,1,0,,,,,,,,,
1296714,2021/22,2022-02-12,"Shere Bangla National Stadium, Mirpur",2,2.1,Khulna Tigers,Comilla Victorians,Mahedi Hasan,ADS Fletcher,Nahidul Islam,0,0,,,,,,,,,
1296714,2021/22,2022-02-12,"Shere Bangla National Stadium, Mirpur",2,2.2,Khulna Tigers,Comilla Victorians,Mahedi Hasan,ADS Fletcher,Nahidul Islam,1,0,,,,,,,,,
1296714,2021/22,2022-02-12,"Shere Bangla National Stadium, Mirpur",2,2.3,Khulna Tigers,Comilla Victorians,ADS Fletcher,Mahedi Hasan,Nahidul Islam,6,0,,,,,,,,,
1296714,2021/22,2022-02-12,"Shere Bangla National Stadium, Mirpur",2,2.4,Khulna Tigers,Comilla Victorians,ADS Fletcher,Mahedi Hasan,Nahidul Islam,6,0,,,,,,,,,
1296714,2021/22,2022-02-12,"Shere Bangla National Stadium, Mirpur",2,2.5,Khulna Tigers,Comilla Victorians,ADS Fletcher,Mahedi Hasan,Nahidul Islam,1,0,,,,,,,,,
1296714,2021/22,2022-02-12,"Shere Bangla National Stadium, Mirpur",2,2.6,Khulna Tigers,Comilla Victorians,Mahedi Hasan,ADS Fletcher,Nahidul Islam,4,0,,,,,,,,,
1296714,2021/22,2022-02-12,"Shere Bangla National Stadium, Mirpur",2,3.1,Khulna Tigers,Comilla Victorians,ADS Fletcher,Mahedi Hasan,Tanvir Islam,0,0,,,,,,,,,
1296714,2021/22,2022-02-12,"Shere Bangla National Stadium, Mirpur",2,3.2,Khulna Tigers,Comilla Victorians,ADS Fletcher,Mahedi Hasan,Tanvir Islam,0,0,,,,,,,,,
1296714,2021/22,2022-02-12,"Shere Bangla National Stadium, Mirpur",2,3.3,Khulna Tigers,Comilla Victorians,ADS Fletcher,Mahedi Hasan,Tanvir Islam,6,0,,,,,,,,,
1296714,2021/22,2022-02-12,"Shere Bangla National Stadium, Mirpur",2,3.4,Khulna Tigers,Comilla Victorians,ADS Fletcher,Mahedi Hasan,Tanvir Islam,1,0,,,,,,,,,
1296714,2021/22,2022-02-12,"Shere Bangla National Stadium, Mirpur",2,3.5,Khulna Tigers,Comilla Victorians,Mahedi Hasan,ADS Fletcher,Tanvir Islam,6,0,,,,,,,,,
1296714,2021/22,2022-02-12,"Shere Bangla National Stadium, Mirpur",2,3.6,Khulna Tigers,Comilla Victorians,Mahedi Hasan,ADS Fletcher,Tanvir Islam,1,0,,,,,,,,,
1296714,2021/22,2022-02-12,"Shere Bangla National Stadium, Mirpur",2,4.1,Khulna Tigers,Comilla Victorians,Mahedi Hasan,ADS Fletcher,SP Narine,1,0,,,,,,,,,
1296714,2021/22,2022-02-12,"Shere Bangla National Stadium, Mirpur",2,4.2,Khulna Tigers,Comilla Victorians,ADS Fletcher,Mahedi Hasan,SP Narine,4,0,,,,,,,,,
1296714,2021/22,2022-02-12,"Shere Bangla National Stadium, Mirpur",2,4.3,Khulna Tigers,Comilla Victorians,ADS Fletcher,Mahedi Hasan,SP Narine,1,0,,,,,,,,,
1296714,2021/22,2022-02-12,"Shere Bangla National Stadium, Mirpur",2,4.4,Khulna Tigers,Comilla Victorians,Mahedi Hasan,ADS Fletcher,SP Narine,0,0,,,,,,,,,
1296714,2021/22,2022-02-12,"Shere Bangla National Stadium, Mirpur",2,4.5,Khulna Tigers,Comilla Victorians,Mahedi Hasan,ADS Fletcher,SP Narine,1,0,,,,,,,,,
1296714,2021/22,2022-02-12,"Shere Bangla National Stadium, Mirpur",2,4.6,Khulna Tigers,Comilla Victorians,ADS Fletcher,Mahedi Hasan,SP Narine,1,0,,,,,,,,,
1296714,2021/22,2022-02-12,"Shere Bangla National Stadium, Mirpur",2,5.1,Khulna Tigers,Comilla Victorians,ADS Fletcher,Mahedi Hasan,Shohidul Islam,0,0,,,,,,,,,
1296714,2021/22,2022-02-12,"Shere Bangla National Stadium, Mirpur",2,5.2,Khulna Tigers,Comilla Victorians,ADS Fletcher,Mahedi Hasan,Shohidul Islam,1,0,,,,,,,,,
1296714,2021/22,2022-02-12,"Shere Bangla National Stadium, Mirpur",2,5.3,Khulna Tigers,Comilla Victorians,Mahedi Hasan,ADS Fletcher,Shohidul Islam,6,0,,,,,,,,,
1296714,2021/22,2022-02-12,"Shere Bangla National Stadium, Mirpur",2,5.4,Khulna Tigers,Comilla Victorians,Mahedi Hasan,ADS Fletcher,Shohidul Islam,1,0,,,,,,,,,
1296714,2021/22,2022-02-12,"Shere Bangla National Stadium, Mirpur",2,5.5,Khulna Tigers,Comilla Victorians,ADS Fletcher,Mahedi Hasan,Shohidul Islam,1,0,,,,,,,,,
1296714,2021/22,2022-02-12,"Shere Bangla National Stadium, Mirpur",2,5.6,Khulna Tigers,Comilla Victorians,Mahedi Hasan,ADS Fletcher,Shohidul Islam,0,0,,,,,,,,,
1296714,2021/22,2022-02-12,"Shere Bangla National Stadium, Mirpur",2,6.1,Khulna Tigers,Comilla Victorians,ADS Fletcher,Mahedi Hasan,Tanvir Islam,4,0,,,,,,,,,
1296714,2021/22,2022-02-12,"Shere Bangla National Stadium, Mirpur",2,6.2,Khulna Tigers,Comilla Victorians,ADS Fletcher,Mahedi Hasan,Tanvir Islam,0,0,,,,,,,,,
1296714,2021/22,2022-02-12,"Shere Bangla National Stadium, Mirpur",2,6.3,Khulna Tigers,Comilla Victorians,ADS Fletcher,Mahedi Hasan,Tanvir Islam,4,0,,,,,,,,,
1296714,2021/22,2022-02-12,"Shere Bangla National Stadium, Mirpur",2,6.4,Khulna Tigers,Comilla Victorians,ADS Fletcher,Mahedi Hasan,Tanvir Islam,2,0,,,,,,,,,
1296714,2021/22,2022-02-12,"Shere Bangla National Stadium, Mirpur",2,6.5,Khulna Tigers,Comilla Victorians,ADS Fletcher,Mahedi Hasan,Tanvir Islam,0,0,,,,,,,,,
1296714,2021/22,2022-02-12,"Shere Bangla National Stadium, Mirpur",2,6.6,Khulna Tigers,Comilla Victorians,ADS Fletcher,Mahedi Hasan,Tanvir Islam,0,0,,,,,,,,,
1296714,2021/22,2022-02-12,"Shere Bangla National Stadium, Mirpur",2,7.1,Khulna Tigers,Comilla Victorians,Mahedi Hasan,ADS Fletcher,Shohidul Islam,1,0,,,,,,,,,
1296714,2021/22,2022-02-12,"Shere Bangla National Stadium, Mirpur",2,7.2,Khulna Tigers,Comilla Victorians,ADS Fletcher,Mahedi Hasan,Shohidul Islam,4,0,,,,,,,,,
1296714,2021/22,2022-02-12,"Shere Bangla National Stadium, Mirpur",2,7.3,Khulna Tigers,Comilla Victorians,ADS Fletcher,Mahedi Hasan,Shohidul Islam,4,0,,,,,,,,,
1296714,2021/22,2022-02-12,"Shere Bangla National Stadium, Mirpur",2,7.4,Khulna Tigers,Comilla Victorians,ADS Fletcher,Mahedi Hasan,Shohidul Islam,2,0,,,,,,,,,
1296714,2021/22,2022-02-12,"Shere Bangla National Stadium, Mirpur",2,7.5,Khulna Tigers,Comilla Victorians,ADS Fletcher,Mahedi Hasan,Shohidul Islam,1,0,,,,,,,,,
1296714,2021/22,2022-02-12,"Shere Bangla National Stadium, Mirpur",2,7.6,Khulna Tigers,Comilla Victorians,Mahedi Hasan,ADS Fletcher,Shohidul Islam,4,0,,,,,,,,,
1296714,2021/22,2022-02-12,"Shere Bangla National Stadium, Mirpur",2,8.1,Khulna Tigers,Comilla Victorians,ADS Fletcher,Mahedi Hasan,SP Narine,0,0,,,,,,,,,
1296714,2021/22,2022-02-12,"Shere Bangla National Stadium, Mirpur",2,8.2,Khulna Tigers,Comilla Victorians,ADS Fletcher,Mahedi Hasan,SP Narine,0,0,,,,,,,,,
1296714,2021/22,2022-02-12,"Shere Bangla National Stadium, Mirpur",2,8.3,Khulna Tigers,Comilla Victorians,ADS Fletcher,Mahedi Hasan,SP Narine,1,0,,,,,,,,,
1296714,2021/22,2022-02-12,"Shere Bangla National Stadium, Mirpur",2,8.4,Khulna Tigers,Comilla Victorians,Mahedi Hasan,ADS Fletcher,SP Narine,1,0,,,,,,,,,
1296714,2021/22,2022-02-12,"Shere Bangla National Stadium, Mirpur",2,8.5,Khulna Tigers,Comilla Victorians,ADS Fletcher,Mahedi Hasan,SP Narine,2,0,,,,,,,,,
1296714,2021/22,2022-02-12,"Shere Bangla National Stadium, Mirpur",2,8.6,Khulna Tigers,Comilla Victorians,ADS Fletcher,Mahedi Hasan,SP Narine,0,0,,,,,,,,,
1296714,2021/22,2022-02-12,"Shere Bangla National Stadium, Mirpur",2,9.1,Khulna Tigers,Comilla Victorians,Mahedi Hasan,ADS Fletcher,Tanvir Islam,1,0,,,,,,,,,
1296714,2021/22,2022-02-12,"Shere Bangla National Stadium, Mirpur",2,9.2,Khulna Tigers,Comilla Victorians,ADS Fletcher,Mahedi Hasan,Tanvir Islam,2,0,,,,,,,,,
1296714,2021/22,2022-02-12,"Shere Bangla National Stadium, Mirpur",2,9.3,Khulna Tigers,Comilla Victorians,ADS Fletcher,Mahedi Hasan,Tanvir Islam,1,0,,,,,,,,,
1296714,2021/22,2022-02-12,"Shere Bangla National Stadium, Mirpur",2,9.4,Khulna Tigers,Comilla Victorians,Mahedi Hasan,ADS Fletcher,Tanvir Islam,6,0,,,,,,,,,
1296714,2021/22,2022-02-12,"Shere Bangla National Stadium, Mirpur",2,9.5,Khulna Tigers,Comilla Victorians,Mahedi Hasan,ADS Fletcher,Tanvir Islam,1,0,,,,,,,,,
1296714,2021/22,2022-02-12,"Shere Bangla National Stadium, Mirpur",2,9.6,Khulna Tigers,Comilla Victorians,ADS Fletcher,Mahedi Hasan,Tanvir Islam,1,0,,,,,,,,,
1296714,2021/22,2022-02-12,"Shere Bangla National Stadium, Mirpur",2,10.1,Khulna Tigers,Comilla Victorians,ADS Fletcher,Mahedi Hasan,SP Narine,1,0,,,,,,,,,
1296714,2021/22,2022-02-12,"Shere Bangla National Stadium, Mirpur",2,10.2,Khulna Tigers,Comilla Victorians,Mahedi Hasan,ADS Fletcher,SP Narine,4,0,,,,,,,,,
1296714,2021/22,2022-02-12,"Shere Bangla National Stadium, Mirpur",2,10.3,Khulna Tigers,Comilla Victorians,Mahedi Hasan,ADS Fletcher,SP Narine,1,0,,,,,,,,,
1296714,2021/22,2022-02-12,"Shere Bangla National Stadium, Mirpur",2,10.4,Khulna Tigers,Comilla Victorians,ADS Fletcher,Mahedi Hasan,SP Narine,1,0,,,,,,,,,
1296714,2021/22,2022-02-12,"Shere Bangla National Stadium, Mirpur",2,10.5,Khulna Tigers,Comilla Victorians,Mahedi Hasan,ADS Fletcher,SP Narine,1,0,,,,,,,,,
1296714,2021/22,2022-02-12,"Shere Bangla National Stadium, Mirpur",2,10.6,Khulna Tigers,Comilla Victorians,ADS Fletcher,Mahedi Hasan,SP Narine,0,0,,,,,,,,,
1296714,2021/22,2022-02-12,"Shere Bangla National Stadium, Mirpur",2,11.1,Khulna Tigers,Comilla Victorians,Mahedi Hasan,ADS Fletcher,MM Ali,1,0,,,,,,,,,
1296714,2021/22,2022-02-12,"Shere Bangla National Stadium, Mirpur",2,11.2,Khulna Tigers,Comilla Victorians,ADS Fletcher,Mahedi Hasan,MM Ali,0,0,,,,,,,,,
1296714,2021/22,2022-02-12,"Shere Bangla National Stadium, Mirpur",2,11.3,Khulna Tigers,Comilla Victorians,ADS Fletcher,Mahedi Hasan,MM Ali,6,0,,,,,,,,,
1296714,2021/22,2022-02-12,"Shere Bangla National Stadium, Mirpur",2,11.4,Khulna Tigers,Comilla Victorians,ADS Fletcher,Mahedi Hasan,MM Ali,2,0,,,,,,,,,
1296714,2021/22,2022-02-12,"Shere Bangla National Stadium, Mirpur",2,11.5,Khulna Tigers,Comilla Victorians,ADS Fletcher,Mahedi Hasan,MM Ali,1,0,,,,,,,,,
1296714,2021/22,2022-02-12,"Shere Bangla National Stadium, Mirpur",2,11.6,Khulna Tigers,Comilla Victorians,Mahedi Hasan,ADS Fletcher,MM Ali,1,0,,,,,,,,,
1296714,2021/22,2022-02-12,"Shere Bangla National Stadium, Mirpur",2,12.1,Khulna Tigers,Comilla Victorians,Mahedi Hasan,ADS Fletcher,Tanvir Islam,1,0,,,,,,,,,
1296714,2021/22,2022-02-12,"Shere Bangla National Stadium, Mirpur",2,12.2,Khulna Tigers,Comilla Victorians,ADS Fletcher,Mahedi Hasan,Tanvir Islam,0,0,,,,,,,,,
1296714,2021/22,2022-02-12,"Shere Bangla National Stadium, Mirpur",2,12.3,Khulna Tigers,Comilla Victorians,ADS Fletcher,Mahedi Hasan,Tanvir Islam,2,0,,,,,,,,,
1296714,2021/22,2022-02-12,"Shere Bangla National Stadium, Mirpur",2,12.4,Khulna Tigers,Comilla Victorians,ADS Fletcher,Mahedi Hasan,Tanvir Islam,1,0,,,,,,,,,
1296714,2021/22,2022-02-12,"Shere Bangla National Stadium, Mirpur",2,12.5,Khulna Tigers,Comilla Victorians,Mahedi Hasan,ADS Fletcher,Tanvir Islam,1,0,,,,,,,,,
1296714,2021/22,2022-02-12,"Shere Bangla National Stadium, Mirpur",2,12.6,Khulna Tigers,Comilla Victorians,ADS Fletcher,Mahedi Hasan,Tanvir Islam,2,0,,,,,,,,,
1296714,2021/22,2022-02-12,"Shere Bangla National Stadium, Mirpur",2,13.1,Khulna Tigers,Comilla Victorians,Mahedi Hasan,ADS Fletcher,Abu Hider,1,0,,,,,,,,,
1296714,2021/22,2022-02-12,"Shere Bangla National Stadium, Mirpur",2,13.2,Khulna Tigers,Comilla Victorians,ADS Fletcher,Mahedi Hasan,Abu Hider,2,0,,,,,,,,,
1296714,2021/22,2022-02-12,"Shere Bangla National Stadium, Mirpur",2,13.3,Khulna Tigers,Comilla Victorians,ADS Fletcher,Mahedi Hasan,Abu Hider,1,0,,,,,,,,,
1296714,2021/22,2022-02-12,"Shere Bangla National Stadium, Mirpur",2,13.4,Khulna Tigers,Comilla Victorians,Mahedi Hasan,ADS Fletcher,Abu Hider,1,0,,,,,,,,,
1296714,2021/22,2022-02-12,"Shere Bangla National Stadium, Mirpur",2,13.5,Khulna Tigers,Comilla Victorians,ADS Fletcher,Mahedi Hasan,Abu Hider,1,0,,,,,,,,,
1296714,2021/22,2022-02-12,"Shere Bangla National Stadium, Mirpur",2,13.6,Khulna Tigers,Comilla Victorians,Mahedi Hasan,ADS Fletcher,Abu Hider,1,0,,,,,,,,,
1296714,2021/22,2022-02-12,"Shere Bangla National Stadium, Mirpur",2,14.1,Khulna Tigers,Comilla Victorians,Mahedi Hasan,ADS Fletcher,Shohidul Islam,1,0,,,,,,,,,
1296714,2021/22,2022-02-12,"Shere Bangla National Stadium, Mirpur",2,14.2,Khulna Tigers,Comilla Victorians,ADS Fletcher,Mahedi Hasan,Shohidul Islam,1,0,,,,,,,,,
1296714,2021/22,2022-02-12,"Shere Bangla National Stadium, Mirpur",2,14.3,Khulna Tigers,Comilla Victorians,Mahedi Hasan,ADS Fletcher,Shohidul Islam,1,0,,,,,,,,,
1296714,2021/22,2022-02-12,"Shere Bangla National Stadium, Mirpur",2,14.4,Khulna Tigers,Comilla Victorians,ADS Fletcher,Mahedi Hasan,Shohidul Islam,1,0,,,,,,,,,
1296714,2021/22,2022-02-12,"Shere Bangla National Stadium, Mirpur",2,14.5,Khulna Tigers,Comilla Victorians,Mahedi Hasan,ADS Fletcher,Shohidul Islam,0,0,,,,,,,,,
1296714,2021/22,2022-02-12,"Shere Bangla National Stadium, Mirpur",2,14.6,Khulna Tigers,Comilla Victorians,Mahedi Hasan,ADS Fletcher,Shohidul Islam,1,0,,,,,,,,,
1296714,2021/22,2022-02-12,"Shere Bangla National Stadium, Mirpur",2,15.1,Khulna Tigers,Comilla Victorians,Mahedi Hasan,ADS Fletcher,Abu Hider,4,0,,,,,,,,,
1296714,2021/22,2022-02-12,"Shere Bangla National Stadium, Mirpur",2,15.2,Khulna Tigers,Comilla Victorians,Mahedi Hasan,ADS Fletcher,Abu Hider,4,0,,,,,,,,,
1296714,2021/22,2022-02-12,"Shere Bangla National Stadium, Mirpur",2,15.3,Khulna Tigers,Comilla Victorians,Mahedi Hasan,ADS Fletcher,Abu Hider,6,0,,,,,,,,,
1296714,2021/22,2022-02-12,"Shere Bangla National Stadium, Mirpur",2,15.4,Khulna Tigers,Comilla Victorians,Mahedi Hasan,ADS Fletcher,Abu Hider,0,0,,,,,,,,,
1296714,2021/22,2022-02-12,"Shere Bangla National Stadium, Mirpur",2,15.5,Khulna Tigers,Comilla Victorians,Mahedi Hasan,ADS Fletcher,Abu Hider,4,0,,,,,,,,,
1296714,2021/22,2022-02-12,"Shere Bangla National Stadium, Mirpur",2,15.6,Khulna Tigers,Comilla Victorians,Mahedi Hasan,ADS Fletcher,Abu Hider,0,1,,,,1,,,,,
1296714,2021/22,2022-02-12,"Shere Bangla National Stadium, Mirpur",2,16.1,Khulna Tigers,Comilla Victorians,Mahedi Hasan,ADS Fletcher,SP Narine,1,0,,,,,,,,,
1296714,2021/22,2022-02-12,"Shere Bangla National Stadium, Mirpur",2,16.2,Khulna Tigers,Comilla Victorians,ADS Fletcher,Mahedi Hasan,SP Narine,1,0,,,,,,,,,
1296714,2021/22,2022-02-12,"Shere Bangla National Stadium, Mirpur",2,16.3,Khulna Tigers,Comilla Victorians,Mahedi Hasan,ADS Fletcher,SP Narine,0,0,,,,,,,,,
1296714,2021/22,2022-02-12,"Shere Bangla National Stadium, Mirpur",2,16.4,Khulna Tigers,Comilla Victorians,Mahedi Hasan,ADS Fletcher,SP Narine,0,0,,,,,,,,,
1296714,2021/22,2022-02-12,"Shere Bangla National Stadium, Mirpur",2,16.5,Khulna Tigers,Comilla Victorians,Mahedi Hasan,ADS Fletcher,SP Narine,0,0,,,,,,,,,
1296714,2021/22,2022-02-12,"Shere Bangla National Stadium, Mirpur",2,16.6,Khulna Tigers,Comilla Victorians,Mahedi Hasan,ADS Fletcher,SP Narine,0,0,,,,,,,,,
1296714,2021/22,2022-02-12,"Shere Bangla National Stadium, Mirpur",2,17.1,Khulna Tigers,Comilla Victorians,ADS Fletcher,Mahedi Hasan,Shohidul Islam,6,0,,,,,,,,,
1296714,2021/22,2022-02-12,"Shere Bangla National Stadium, Mirpur",2,17.2,Khulna Tigers,Comilla Victorians,ADS Fletcher,Mahedi Hasan,Shohidul Islam,1,0,,,,,,,,,
1296714,2021/22,2022-02-12,"Shere Bangla National Stadium, Mirpur",2,17.3,Khulna Tigers,Comilla Victorians,Mahedi Hasan,ADS Fletcher,Shohidul Islam,1,0,,,,,,,,,
1296714,2021/22,2022-02-12,"Shere Bangla National Stadium, Mirpur",2,17.4,Khulna Tigers,Comilla Victorians,ADS Fletcher,Mahedi Hasan,Shohidul Islam,1,0,,,,,,,,,
1296714,2021/22,2022-02-12,"Shere Bangla National Stadium, Mirpur",2,17.5,Khulna Tigers,Comilla Victorians,Mahedi Hasan,ADS Fletcher,Shohidul Islam,1,0,,,,,,,,,
1296714,2021/22,2022-02-12,"Shere Bangla National Stadium, Mirpur",2,17.6,Khulna Tigers,Comilla Victorians,ADS Fletcher,Mahedi Hasan,Shohidul Islam,0,1,,,1,,,,,,
1296714,2021/22,2022-02-12,"Shere Bangla National Stadium, Mirpur",2,18.1,Khulna Tigers,Comilla Victorians,ADS Fletcher,Mahedi Hasan,MM Ali,0,0,,,,,,,,,
1296714,2021/22,2022-02-12,"Shere Bangla National Stadium, Mirpur",2,18.2,Khulna Tigers,Comilla Victorians,ADS Fletcher,Mahedi Hasan,MM Ali,1,0,,,,,,,,,
1296714,2021/22,2022-02-12,"Shere Bangla National Stadium, Mirpur",2,18.3,Khulna Tigers,Comilla Victorians,Mahedi Hasan,ADS Fletcher,MM Ali,0,0,,,,,,caught,Mahedi Hasan,,
1296714,2021/22,2022-02-12,"Shere Bangla National Stadium, Mirpur",2,18.4,Khulna Tigers,Comilla Victorians,Soumya Sarkar,ADS Fletcher,MM Ali,1,0,,,,,,,,,
