match_id,season,start_date,venue,innings,ball,batting_team,bowling_team,striker,non_striker,bowler,runs_off_bat,extras,wides,noballs,byes,legbyes,penalty,wicket_type,player_dismissed,other_wicket_type,other_player_dismissed
1296705,2021/22,2022-02-07,Sylhet International Cricket Stadium,1,0.1,Fortune Barishal,Comilla Victorians,Munim Shahriar,CH Gayle,Nahidul Islam,0,0,,,,,,,,,
1296705,2021/22,2022-02-07,Sylhet International Cricket Stadium,1,0.2,Fortune Barishal,Comilla Victorians,Munim Shahriar,CH Gayle,Nahidul Islam,0,0,,,,,,,,,
1296705,2021/22,2022-02-07,Sylhet International Cricket Stadium,1,0.3,Fortune Barishal,Comilla Victorians,Munim Shahriar,CH Gayle,Nahidul Islam,2,0,,,,,,,,,
1296705,2021/22,2022-02-07,Sylhet International Cricket Stadium,1,0.4,Fortune Barishal,Comilla Victorians,Munim Shahriar,CH Gayle,Nahidul Islam,0,0,,,,,,,,,
1296705,2021/22,2022-02-07,Sylhet International Cricket Stadium,1,0.5,Fortune Barishal,Comilla Victorians,Munim Shahriar,CH Gayle,Nahidul Islam,0,0,,,,,,,,,
1296705,2021/22,2022-02-07,Sylhet International Cricket Stadium,1,0.6,Fortune Barishal,Comilla Victorians,Munim Shahriar,CH Gayle,Nahidul Islam,4,0,,,,,,,,,
1296705,2021/22,2022-02-07,Sylhet International Cricket Stadium,1,1.1,Fortune Barishal,Comilla Victorians,CH Gayle,Munim Shahriar,Mustafizur Rahman,1,0,,,,,,,,,
1296705,2021/22,2022-02-07,Sylhet International Cricket Stadium,1,1.2,Fortune Barishal,Comilla Victorians,Munim Shahriar,CH Gayle,Mustafizur Rahman,0,0,,,,,,,,,
1296705,2021/22,2022-02-07,Sylhet International Cricket Stadium,1,1.3,Fortune Barishal,Comilla Victorians,Munim Shahriar,CH Gayle,Mustafizur Rahman,0,0,,,,,,,,,
1296705,2021/22,2022-02-07,Sylhet International Cricket Stadium,1,1.4,Fortune Barishal,Comilla Victorians,Munim Shahriar,CH Gayle,Mustafizur Rahman,1,0,,,,,,,,,
1296705,2021/22,2022-02-07,Sylhet International Cricket Stadium,1,1.5,Fortune Barishal,Comilla Victorians,CH Gayle,Munim Shahriar,Mustafizur Rahman,4,0,,,,,,,,,
1296705,2021/22,2022-02-07,Sylhet International Cricket Stadium,1,1.6,Fortune Barishal,Comilla Victorians,CH Gayle,Munim Shahriar,Mustafizur Rahman,0,0,,,,,,,,,
1296705,2021/22,2022-02-07,Sylhet International Cricket Stadium,1,2.1,Fortune Barishal,Comilla Victorians,Munim Shahriar,CH Gayle,Nahidul Islam,2,0,,,,,,,,,
1296705,2021/22,2022-02-07,Sylhet International Cricket Stadium,1,2.2,Fortune Barishal,Comilla Victorians,Munim Shahriar,CH Gayle,Nahidul Islam,6,0,,,,,,,,,
1296705,2021/22,2022-02-07,Sylhet International Cricket Stadium,1,2.3,Fortune Barishal,Comilla Victorians,Munim Shahriar,CH Gayle,Nahidul Islam,1,0,,,,,,,,,
1296705,2021/22,2022-02-07,Sylhet International Cricket Stadium,1,2.4,Fortune Barishal,Comilla Victorians,CH Gayle,Munim Shahriar,Nahidul Islam,1,0,,,,,,,,,
1296705,2021/22,2022-02-07,Sylhet International Cricket Stadium,1,2.5,Fortune Barishal,Comilla Victorians,Munim Shahriar,CH Gayle,Nahidul Islam,0,0,,,,,,,,,
1296705,2021/22,2022-02-07,Sylhet International Cricket Stadium,1,2.6,Fortune Barishal,Comilla Victorians,Munim Shahriar,CH Gayle,Nahidul Islam,6,0,,,,,,,,,
1296705,2021/22,2022-02-07,Sylhet International Cricket Stadium,1,3.1,Fortune Barishal,Comilla Victorians,CH Gayle,Munim Shahriar,Tanvir Islam,4,0,,,,,,,,,
1296705,2021/22,2022-02-07,Sylhet International Cricket Stadium,1,3.2,Fortune Barishal,Comilla Victorians,CH Gayle,Munim Shahriar,Tanvir Islam,0,0,,,,,,,,,
1296705,2021/22,2022-02-07,Sylhet International Cricket Stadium,1,3.3,Fortune Barishal,Comilla Victorians,CH Gayle,Munim Shahriar,Tanvir Islam,0,0,,,,,,,,,
1296705,2021/22,2022-02-07,Sylhet International Cricket Stadium,1,3.4,Fortune Barishal,Comilla Victorians,CH Gayle,Munim Shahriar,Tanvir Islam,0,0,,,,,,caught,CH Gayle,,
1296705,2021/22,2022-02-07,Sylhet International Cricket Stadium,1,3.5,Fortune Barishal,Comilla Victorians,Nazmul Hossain Shanto,Munim Shahriar,Tanvir Islam,0,0,,,,,,,,,
1296705,2021/22,2022-02-07,Sylhet International Cricket Stadium,1,3.6,Fortune Barishal,Comilla Victorians,Nazmul Hossain Shanto,Munim Shahriar,Tanvir Islam,0,0,,,,,,,,,
1296705,2021/22,2022-02-07,Sylhet International Cricket Stadium,1,4.1,Fortune Barishal,Comilla Victorians,Munim Shahriar,Nazmul Hossain Shanto,Sumon Khan,1,0,,,,,,,,,
1296705,2021/22,2022-02-07,Sylhet International Cricket Stadium,1,4.2,Fortune Barishal,Comilla Victorians,Nazmul Hossain Shanto,Munim Shahriar,Sumon Khan,1,0,,,,,,,,,
1296705,2021/22,2022-02-07,Sylhet International Cricket Stadium,1,4.3,Fortune Barishal,Comilla Victorians,Munim Shahriar,Nazmul Hossain Shanto,Sumon Khan,6,0,,,,,,,,,
1296705,2021/22,2022-02-07,Sylhet International Cricket Stadium,1,4.4,Fortune Barishal,Comilla Victorians,Munim Shahriar,Nazmul Hossain Shanto,Sumon Khan,0,0,,,,,,,,,
1296705,2021/22,2022-02-07,Sylhet International Cricket Stadium,1,4.5,Fortune Barishal,Comilla Victorians,Munim Shahriar,Nazmul Hossain Shanto,Sumon Khan,4,0,,,,,,,,,
1296705,2021/22,2022-02-07,Sylhet International Cricket Stadium,1,4.6,Fortune Barishal,Comilla Victorians,Munim Shahriar,Nazmul Hossain Shanto,Sumon Khan,4,0,,,,,,,,,
1296705,2021/22,2022-02-07,Sylhet International Cricket Stadium,1,5.1,Fortune Barishal,Comilla Victorians,Nazmul Hossain Shanto,Munim Shahriar,Tanvir Islam,0,0,,,,,,caught,Nazmul Hossain Shanto,,
1296705,2021/22,2022-02-07,Sylhet International Cricket Stadium,1,5.2,Fortune Barishal,Comilla Victorians,Shakib Al Hasan,Munim Shahriar,Tanvir Islam,1,0,,,,,,,,,
1296705,2021/22,2022-02-07,Sylhet International Cricket Stadium,1,5.3,Fortune Barishal,Comilla Victorians,Munim Shahriar,Shakib Al Hasan,Tanvir Islam,1,0,,,,,,,,,
1296705,2021/22,2022-02-07,Sylhet International Cricket Stadium,1,5.4,Fortune Barishal,Comilla Victorians,Shakib Al Hasan,Munim Shahriar,Tanvir Islam,1,0,,,,,,,,,
1296705,2021/22,2022-02-07,Sylhet International Cricket Stadium,1,5.5,Fortune Barishal,Comilla Victorians,Munim Shahriar,Shakib Al Hasan,Tanvir Islam,1,0,,,,,,,,,
1296705,2021/22,2022-02-07,Sylhet International Cricket Stadium,1,5.6,Fortune Barishal,Comilla Victorians,Shakib Al Hasan,Munim Shahriar,Tanvir Islam,1,0,,,,,,,,,
1296705,2021/22,2022-02-07,Sylhet International Cricket Stadium,1,6.1,Fortune Barishal,Comilla Victorians,Shakib Al Hasan,Munim Shahriar,SP Narine,1,0,,,,,,,,,
1296705,2021/22,2022-02-07,Sylhet International Cricket Stadium,1,6.2,Fortune Barishal,Comilla Victorians,Munim Shahriar,Shakib Al Hasan,SP Narine,1,0,,,,,,,,,
1296705,2021/22,2022-02-07,Sylhet International Cricket Stadium,1,6.3,Fortune Barishal,Comilla Victorians,Shakib Al Hasan,Munim Shahriar,SP Narine,0,0,,,,,,,,,
1296705,2021/22,2022-02-07,Sylhet International Cricket Stadium,1,6.4,Fortune Barishal,Comilla Victorians,Shakib Al Hasan,Munim Shahriar,SP Narine,0,0,,,,,,,,,
1296705,2021/22,2022-02-07,Sylhet International Cricket Stadium,1,6.5,Fortune Barishal,Comilla Victorians,Shakib Al Hasan,Munim Shahriar,SP Narine,1,0,,,,,,,,,
1296705,2021/22,2022-02-07,Sylhet International Cricket Stadium,1,6.6,Fortune Barishal,Comilla Victorians,Munim Shahriar,Shakib Al Hasan,SP Narine,4,0,,,,,,,,,
1296705,2021/22,2022-02-07,Sylhet International Cricket Stadium,1,7.1,Fortune Barishal,Comilla Victorians,Shakib Al Hasan,Munim Shahriar,MM Ali,0,0,,,,,,,,,
1296705,2021/22,2022-02-07,Sylhet International Cricket Stadium,1,7.2,Fortune Barishal,Comilla Victorians,Shakib Al Hasan,Munim Shahriar,MM Ali,6,0,,,,,,,,,
1296705,2021/22,2022-02-07,Sylhet International Cricket Stadium,1,7.3,Fortune Barishal,Comilla Victorians,Shakib Al Hasan,Munim Shahriar,MM Ali,1,0,,,,,,,,,
1296705,2021/22,2022-02-07,Sylhet International Cricket Stadium,1,7.4,Fortune Barishal,Comilla Victorians,Munim Shahriar,Shakib Al Hasan,MM Ali,1,0,,,,,,,,,
1296705,2021/22,2022-02-07,Sylhet International Cricket Stadium,1,7.5,Fortune Barishal,Comilla Victorians,Shakib Al Hasan,Munim Shahriar,MM Ali,1,0,,,,,,,,,
1296705,2021/22,2022-02-07,Sylhet International Cricket Stadium,1,7.6,Fortune Barishal,Comilla Victorians,Munim Shahriar,Shakib Al Hasan,MM Ali,0,0,,,,,,caught,Munim Shahriar,,
1296705,2021/22,2022-02-07,Sylhet International Cricket Stadium,1,8.1,Fortune Barishal,Comilla Victorians,Shakib Al Hasan,Towhid Hridoy,SP Narine,1,0,,,,,,,,,
1296705,2021/22,2022-02-07,Sylhet International Cricket Stadium,1,8.2,Fortune Barishal,Comilla Victorians,Towhid Hridoy,Shakib Al Hasan,SP Narine,4,0,,,,,,,,,
1296705,2021/22,2022-02-07,Sylhet International Cricket Stadium,1,8.3,Fortune Barishal,Comilla Victorians,Towhid Hridoy,Shakib Al Hasan,SP Narine,1,0,,,,,,,,,
1296705,2021/22,2022-02-07,Sylhet International Cricket Stadium,1,8.4,Fortune Barishal,Comilla Victorians,Shakib Al Hasan,Towhid Hridoy,SP Narine,1,0,,,,,,,,,
1296705,2021/22,2022-02-07,Sylhet International Cricket Stadium,1,8.5,Fortune Barishal,Comilla Victorians,Towhid Hridoy,Shakib Al Hasan,SP Narine,0,0,,,,,,,,,
1296705,2021/22,2022-02-07,Sylhet International Cricket Stadium,1,8.6,Fortune Barishal,Comilla Victorians,Towhid Hridoy,Shakib Al Hasan,SP Narine,1,0,,,,,,,,,
1296705,2021/22,2022-02-07,Sylhet International Cricket Stadium,1,9.1,Fortune Barishal,Comilla Victorians,Towhid Hridoy,Shakib Al Hasan,MM Ali,1,0,,,,,,,,,
1296705,2021/22,2022-02-07,Sylhet International Cricket Stadium,1,9.2,Fortune Barishal,Comilla Victorians,Shakib Al Hasan,Towhid Hridoy,MM Ali,1,0,,,,,,,,,
1296705,2021/22,2022-02-07,Sylhet International Cricket Stadium,1,9.3,Fortune Barishal,Comilla Victorians,Towhid Hridoy,Shakib Al Hasan,MM Ali,1,0,,,,,,,,,
1296705,2021/22,2022-02-07,Sylhet International Cricket Stadium,1,9.4,Fortune Barishal,Comilla Victorians,Shakib Al Hasan,Towhid Hridoy,MM Ali,2,0,,,,,,,,,
1296705,2021/22,2022-02-07,Sylhet International Cricket Stadium,1,9.5,Fortune Barishal,Comilla Victorians,Shakib Al Hasan,Towhid Hridoy,MM Ali,0,0,,,,,,,,,
1296705,2021/22,2022-02-07,Sylhet International Cricket Stadium,1,9.6,Fortune Barishal,Comilla Victorians,Shakib Al Hasan,Towhid Hridoy,MM Ali,1,0,,,,,,,,,
1296705,2021/22,2022-02-07,Sylhet International Cricket Stadium,1,10.1,Fortune Barishal,Comilla Victorians,Shakib Al Hasan,Towhid Hridoy,Nahidul Islam,1,0,,,,,,,,,
1296705,2021/22,2022-02-07,Sylhet International Cricket Stadium,1,10.2,Fortune Barishal,Comilla Victorians,Towhid Hridoy,Shakib Al Hasan,Nahidul Islam,1,0,,,,,,,,,
1296705,2021/22,2022-02-07,Sylhet International Cricket Stadium,1,10.3,Fortune Barishal,Comilla Victorians,Shakib Al Hasan,Towhid Hridoy,Nahidul Islam,1,0,,,,,,,,,
1296705,2021/22,2022-02-07,Sylhet International Cricket Stadium,1,10.4,Fortune Barishal,Comilla Victorians,Towhid Hridoy,Shakib Al Hasan,Nahidul Islam,0,0,,,,,,,,,
1296705,2021/22,2022-02-07,Sylhet International Cricket Stadium,1,10.5,Fortune Barishal,Comilla Victorians,Towhid Hridoy,Shakib Al Hasan,Nahidul Islam,1,0,,,,,,,,,
1296705,2021/22,2022-02-07,Sylhet International Cricket Stadium,1,10.6,Fortune Barishal,Comilla Victorians,Shakib Al Hasan,Towhid Hridoy,Nahidul Islam,4,0,,,,,,,,,
1296705,2021/22,2022-02-07,Sylhet International Cricket Stadium,1,11.1,Fortune Barishal,Comilla Victorians,Towhid Hridoy,Shakib Al Hasan,MM Ali,1,0,,,,,,,,,
1296705,2021/22,2022-02-07,Sylhet International Cricket Stadium,1,11.2,Fortune Barishal,Comilla Victorians,Shakib Al Hasan,Towhid Hridoy,MM Ali,4,0,,,,,,,,,
1296705,2021/22,2022-02-07,Sylhet International Cricket Stadium,1,11.3,Fortune Barishal,Comilla Victorians,Shakib Al Hasan,Towhid Hridoy,MM Ali,0,0,,,,,,,,,
1296705,2021/22,2022-02-07,Sylhet International Cricket Stadium,1,11.4,Fortune Barishal,Comilla Victorians,Shakib Al Hasan,Towhid Hridoy,MM Ali,0,0,,,,,,,,,
1296705,2021/22,2022-02-07,Sylhet International Cricket Stadium,1,11.5,Fortune Barishal,Comilla Victorians,Shakib Al Hasan,Towhid Hridoy,MM Ali,0,1,,,,1,,,,,
1296705,2021/22,2022-02-07,Sylhet International Cricket Stadium,1,11.6,Fortune Barishal,Comilla Victorians,Towhid Hridoy,Shakib Al Hasan,MM Ali,1,0,,,,,,,,,
1296705,2021/22,2022-02-07,Sylhet International Cricket Stadium,1,12.1,Fortune Barishal,Comilla Victorians,Towhid Hridoy,Shakib Al Hasan,Tanvir Islam,1,0,,,,,,,,,
1296705,2021/22,2022-02-07,Sylhet International Cricket Stadium,1,12.2,Fortune Barishal,Comilla Victorians,Shakib Al Hasan,Towhid Hridoy,Tanvir Islam,2,0,,,,,,,,,
1296705,2021/22,2022-02-07,Sylhet International Cricket Stadium,1,12.3,Fortune Barishal,Comilla Victorians,Shakib Al Hasan,Towhid Hridoy,Tanvir Islam,1,0,,,,,,,,,
1296705,2021/22,2022-02-07,Sylhet International Cricket Stadium,1,12.4,Fortune Barishal,Comilla Victorians,Towhid Hridoy,Shakib Al Hasan,Tanvir Islam,2,0,,,,,,,,,
1296705,2021/22,2022-02-07,Sylhet International Cricket Stadium,1,12.5,Fortune Barishal,Comilla Victorians,Towhid Hridoy,Shakib Al Hasan,Tanvir Islam,1,0,,,,,,,,,
1296705,2021/22,2022-02-07,Sylhet International Cricket Stadium,1,12.6,Fortune Barishal,Comilla Victorians,Shakib Al Hasan,Towhid Hridoy,Tanvir Islam,6,0,,,,,,,,,
1296705,2021/22,2022-02-07,Sylhet International Cricket Stadium,1,13.1,Fortune Barishal,Comilla Victorians,Towhid Hridoy,Shakib Al Hasan,SP Narine,0,0,,,,,,,,,
1296705,2021/22,2022-02-07,Sylhet International Cricket Stadium,1,13.2,Fortune Barishal,Comilla Victorians,Towhid Hridoy,Shakib Al Hasan,SP Narine,4,0,,,,,,,,,
1296705,2021/22,2022-02-07,Sylhet International Cricket Stadium,1,13.3,Fortune Barishal,Comilla Victorians,Towhid Hridoy,Shakib Al Hasan,SP Narine,0,0,,,,,,,,,
1296705,2021/22,2022-02-07,Sylhet International Cricket Stadium,1,13.4,Fortune Barishal,Comilla Victorians,Towhid Hridoy,Shakib Al Hasan,SP Narine,1,0,,,,,,,,,
1296705,2021/22,2022-02-07,Sylhet International Cricket Stadium,1,13.5,Fortune Barishal,Comilla Victorians,Shakib Al Hasan,Towhid Hridoy,SP Narine,0,0,,,,,,,,,
1296705,2021/22,2022-02-07,Sylhet International Cricket Stadium,1,13.6,Fortune Barishal,Comilla Victorians,Shakib Al Hasan,Towhid Hridoy,SP Narine,0,1,,,,1,,,,,
1296705,2021/22,2022-02-07,Sylhet International Cricket Stadium,1,14.1,Fortune Barishal,Comilla Victorians,Shakib Al Hasan,Towhid Hridoy,Mustafizur Rahman,1,0,,,,,,,,,
1296705,2021/22,2022-02-07,Sylhet International Cricket Stadium,1,14.2,Fortune Barishal,Comilla Victorians,Towhid Hridoy,Shakib Al Hasan,Mustafizur Rahman,0,0,,,,,,,,,
1296705,2021/22,2022-02-07,Sylhet International Cricket Stadium,1,14.3,Fortune Barishal,Comilla Victorians,Towhid Hridoy,Shakib Al Hasan,Mustafizur Rahman,1,0,,,,,,,,,
1296705,2021/22,2022-02-07,Sylhet International Cricket Stadium,1,14.4,Fortune Barishal,Comilla Victorians,Shakib Al Hasan,Towhid Hridoy,Mustafizur Rahman,1,0,,,,,,,,,
1296705,2021/22,2022-02-07,Sylhet International Cricket Stadium,1,14.5,Fortune Barishal,Comilla Victorians,Towhid Hridoy,Shakib Al Hasan,Mustafizur Rahman,0,0,,,,,,,,,
1296705,2021/22,2022-02-07,Sylhet International Cricket Stadium,1,14.6,Fortune Barishal,Comilla Victorians,Towhid Hridoy,Shakib Al Hasan,Mustafizur Rahman,1,0,,,,,,,,,
1296705,2021/22,2022-02-07,Sylhet International Cricket Stadium,1,15.1,Fortune Barishal,Comilla Victorians,Towhid Hridoy,Shakib Al Hasan,SP Narine,2,0,,,,,,,,,
1296705,2021/22,2022-02-07,Sylhet International Cricket Stadium,1,15.2,Fortune Barishal,Comilla Victorians,Towhid Hridoy,Shakib Al Hasan,SP Narine,0,0,,,,,,,,,
1296705,2021/22,2022-02-07,Sylhet International Cricket Stadium,1,15.3,Fortune Barishal,Comilla Victorians,Towhid Hridoy,Shakib Al Hasan,SP Narine,1,0,,,,,,,,,
1296705,2021/22,2022-02-07,Sylhet International Cricket Stadium,1,15.4,Fortune Barishal,Comilla Victorians,Shakib Al Hasan,Towhid Hridoy,SP Narine,1,0,,,,,,,,,
1296705,2021/22,2022-02-07,Sylhet International Cricket Stadium,1,15.5,Fortune Barishal,Comilla Victorians,Towhid Hridoy,Shakib Al Hasan,SP Narine,0,0,,,,,,,,,
1296705,2021/22,2022-02-07,Sylhet International Cricket Stadium,1,15.6,Fortune Barishal,Comilla Victorians,Towhid Hridoy,Shakib Al Hasan,SP Narine,1,0,,,,,,,,,
1296705,2021/22,2022-02-07,Sylhet International Cricket Stadium,1,16.1,Fortune Barishal,Comilla Victorians,Towhid Hridoy,Shakib Al Hasan,Mustafizur Rahman,0,0,,,,,,,,,
1296705,2021/22,2022-02-07,Sylhet International Cricket Stadium,1,16.2,Fortune Barishal,Comilla Victorians,Towhid Hridoy,Shakib Al Hasan,Mustafizur Rahman,1,0,,,,,,,,,
1296705,2021/22,2022-02-07,Sylhet International Cricket Stadium,1,16.3,Fortune Barishal,Comilla Victorians,Shakib Al Hasan,Towhid Hridoy,Mustafizur Rahman,0,0,,,,,,,,,
1296705,2021/22,2022-02-07,Sylhet International Cricket Stadium,1,16.4,Fortune Barishal,Comilla Victorians,Shakib Al Hasan,Towhid Hridoy,Mustafizur Rahman,4,0,,,,,,,,,
1296705,2021/22,2022-02-07,Sylhet International Cricket Stadium,1,16.5,Fortune Barishal,Comilla Victorians,Shakib Al Hasan,Towhid Hridoy,Mustafizur Rahman,4,0,,,,,,,,,
1296705,2021/22,2022-02-07,Sylhet International Cricket Stadium,1,16.6,Fortune Barishal,Comilla Victorians,Shakib Al Hasan,Towhid Hridoy,Mustafizur Rahman,1,0,,,,,,,,,
1296705,2021/22,2022-02-07,Sylhet International Cricket Stadium,1,17.1,Fortune Barishal,Comilla Victorians,Shakib Al Hasan,Towhid Hridoy,Karim Janat,0,0,,,,,,caught,Shakib Al Hasan,,
1296705,2021/22,2022-02-07,Sylhet International Cricket Stadium,1,17.2,Fortune Barishal,Comilla Victorians,DJ Bravo,Towhid Hridoy,Karim Janat,0,1,,,,1,,,,,
1296705,2021/22,2022-02-07,Sylhet International Cricket Stadium,1,17.3,Fortune Barishal,Comilla Victorians,Towhid Hridoy,DJ Bravo,Karim Janat,0,0,,,,,,,,,
1296705,2021/22,2022-02-07,Sylhet International Cricket Stadium,1,17.4,Fortune Barishal,Comilla Victorians,Towhid Hridoy,DJ Bravo,Karim Janat,0,0,,,,,,,,,
1296705,2021/22,2022-02-07,Sylhet International Cricket Stadium,1,17.5,Fortune Barishal,Comilla Victorians,Towhid Hridoy,DJ Bravo,Karim Janat,1,0,,,,,,,,,
1296705,2021/22,2022-02-07,Sylhet International Cricket Stadium,1,17.6,Fortune Barishal,Comilla Victorians,DJ Bravo,Towhid Hridoy,Karim Janat,1,0,,,,,,,,,
1296705,2021/22,2022-02-07,Sylhet International Cricket Stadium,1,18.1,Fortune Barishal,Comilla Victorians,DJ Bravo,Towhid Hridoy,Mustafizur Rahman,6,0,,,,,,,,,
1296705,2021/22,2022-02-07,Sylhet International Cricket Stadium,1,18.2,Fortune Barishal,Comilla Victorians,DJ Bravo,Towhid Hridoy,Mustafizur Rahman,2,0,,,,,,,,,
1296705,2021/22,2022-02-07,Sylhet International Cricket Stadium,1,18.3,Fortune Barishal,Comilla Victorians,DJ Bravo,Towhid Hridoy,Mustafizur Rahman,1,0,,,,,,,,,
1296705,2021/22,2022-02-07,Sylhet International Cricket Stadium,1,18.4,Fortune Barishal,Comilla Victorians,Towhid Hridoy,DJ Bravo,Mustafizur Rahman,1,0,,,,,,,,,
1296705,2021/22,2022-02-07,Sylhet International Cricket Stadium,1,18.5,Fortune Barishal,Comilla Victorians,DJ Bravo,Towhid Hridoy,Mustafizur Rahman,0,0,,,,,,caught,DJ Bravo,,
1296705,2021/22,2022-02-07,Sylhet International Cricket Stadium,1,18.6,Fortune Barishal,Comilla Victorians,Towhid Hridoy,Nurul Hasan,Mustafizur Rahman,0,0,,,,,,,,,
1296705,2021/22,2022-02-07,Sylhet International Cricket Stadium,1,19.1,Fortune Barishal,Comilla Victorians,Nurul Hasan,Towhid Hridoy,Karim Janat,1,0,,,,,,,,,
1296705,2021/22,2022-02-07,Sylhet International Cricket Stadium,1,19.2,Fortune Barishal,Comilla Victorians,Towhid Hridoy,Nurul Hasan,Karim Janat,0,1,,,,1,,,,,
1296705,2021/22,2022-02-07,Sylhet International Cricket Stadium,1,19.3,Fortune Barishal,Comilla Victorians,Nurul Hasan,Towhid Hridoy,Karim Janat,1,0,,,,,,,,,
1296705,2021/22,2022-02-07,Sylhet International Cricket Stadium,1,19.4,Fortune Barishal,Comilla Victorians,Towhid Hridoy,Nurul Hasan,Karim Janat,1,0,,,,,,,,,
1296705,2021/22,2022-02-07,Sylhet International Cricket Stadium,1,19.5,Fortune Barishal,Comilla Victorians,Nurul Hasan,Towhid Hridoy,Karim Janat,1,0,,,,,,,,,
1296705,2021/22,2022-02-07,Sylhet International Cricket Stadium,1,19.6,Fortune Barishal,Comilla Victorians,Towhid Hridoy,Nurul Hasan,Karim Janat,0,1,,,,1,,,,,
1296705,2021/22,2022-02-07,Sylhet International Cricket Stadium,2,0.1,Comilla Victorians,Fortune Barishal,Liton Das,Imrul Kayes,Mujeeb Ur Rahman,0,0,,,,,,,,,
1296705,2021/22,2022-02-07,Sylhet International Cricket Stadium,2,0.2,Comilla Victorians,Fortune Barishal,Liton Das,Imrul Kayes,Mujeeb Ur Rahman,4,0,,,,,,,,,
1296705,2021/22,2022-02-07,Sylhet International Cricket Stadium,2,0.3,Comilla Victorians,Fortune Barishal,Liton Das,Imrul Kayes,Mujeeb Ur Rahman,0,0,,,,,,,,,
1296705,2021/22,2022-02-07,Sylhet International Cricket Stadium,2,0.4,Comilla Victorians,Fortune Barishal,Liton Das,Imrul Kayes,Mujeeb Ur Rahman,0,0,,,,,,,,,
1296705,2021/22,2022-02-07,Sylhet International Cricket Stadium,2,0.5,Comilla Victorians,Fortune Barishal,Liton Das,Imrul Kayes,Mujeeb Ur Rahman,0,0,,,,,,,,,
1296705,2021/22,2022-02-07,Sylhet International Cricket Stadium,2,0.6,Comilla Victorians,Fortune Barishal,Liton Das,Imrul Kayes,Mujeeb Ur Rahman,0,0,,,,,,,,,
1296705,2021/22,2022-02-07,Sylhet International Cricket Stadium,2,1.1,Comilla Victorians,Fortune Barishal,Imrul Kayes,Liton Das,Shakib Al Hasan,1,0,,,,,,,,,
1296705,2021/22,2022-02-07,Sylhet International Cricket Stadium,2,1.2,Comilla Victorians,Fortune Barishal,Liton Das,Imrul Kayes,Shakib Al Hasan,0,0,,,,,,,,,
1296705,2021/22,2022-02-07,Sylhet International Cricket Stadium,2,1.3,Comilla Victorians,Fortune Barishal,Liton Das,Imrul Kayes,Shakib Al Hasan,1,0,,,,,,,,,
1296705,2021/22,2022-02-07,Sylhet International Cricket Stadium,2,1.4,Comilla Victorians,Fortune Barishal,Imrul Kayes,Liton Das,Shakib Al Hasan,0,0,,,,,,caught,Imrul Kayes,,
1296705,2021/22,2022-02-07,Sylhet International Cricket Stadium,2,1.5,Comilla Victorians,Fortune Barishal,Mominul Haque,Liton Das,Shakib Al Hasan,1,0,,,,,,,,,
1296705,2021/22,2022-02-07,Sylhet International Cricket Stadium,2,1.6,Comilla Victorians,Fortune Barishal,Liton Das,Mominul Haque,Shakib Al Hasan,1,0,,,,,,,,,
1296705,2021/22,2022-02-07,Sylhet International Cricket Stadium,2,2.1,Comilla Victorians,Fortune Barishal,Liton Das,Mominul Haque,Mujeeb Ur Rahman,4,0,,,,,,,,,
1296705,2021/22,2022-02-07,Sylhet International Cricket Stadium,2,2.2,Comilla Victorians,Fortune Barishal,Liton Das,Mominul Haque,Mujeeb Ur Rahman,0,0,,,,,,,,,
1296705,2021/22,2022-02-07,Sylhet International Cricket Stadium,2,2.3,Comilla Victorians,Fortune Barishal,Liton Das,Mominul Haque,Mujeeb Ur Rahman,0,0,,,,,,,,,
1296705,2021/22,2022-02-07,Sylhet International Cricket Stadium,2,2.4,Comilla Victorians,Fortune Barishal,Liton Das,Mominul Haque,Mujeeb Ur Rahman,4,0,,,,,,,,,
1296705,2021/22,2022-02-07,Sylhet International Cricket Stadium,2,2.5,Comilla Victorians,Fortune Barishal,Liton Das,Mominul Haque,Mujeeb Ur Rahman,1,0,,,,,,,,,
1296705,2021/22,2022-02-07,Sylhet International Cricket Stadium,2,2.6,Comilla Victorians,Fortune Barishal,Mominul Haque,Liton Das,Mujeeb Ur Rahman,0,0,,,,,,,,,
1296705,2021/22,2022-02-07,Sylhet International Cricket Stadium,2,3.1,Comilla Victorians,Fortune Barishal,Liton Das,Mominul Haque,Shakib Al Hasan,4,0,,,,,,,,,
1296705,2021/22,2022-02-07,Sylhet International Cricket Stadium,2,3.2,Comilla Victorians,Fortune Barishal,Liton Das,Mominul Haque,Shakib Al Hasan,0,1,,,,1,,,,,
1296705,2021/22,2022-02-07,Sylhet International Cricket Stadium,2,3.3,Comilla Victorians,Fortune Barishal,Mominul Haque,Liton Das,Shakib Al Hasan,1,0,,,,,,,,,
1296705,2021/22,2022-02-07,Sylhet International Cricket Stadium,2,3.4,Comilla Victorians,Fortune Barishal,Liton Das,Mominul Haque,Shakib Al Hasan,0,0,,,,,,stumped,Liton Das,,
1296705,2021/22,2022-02-07,Sylhet International Cricket Stadium,2,3.5,Comilla Victorians,Fortune Barishal,Mahmudul Hasan Joy,Mominul Haque,Shakib Al Hasan,0,0,,,,,,,,,
1296705,2021/22,2022-02-07,Sylhet International Cricket Stadium,2,3.6,Comilla Victorians,Fortune Barishal,Mahmudul Hasan Joy,Mominul Haque,Shakib Al Hasan,0,0,,,,,,,,,
1296705,2021/22,2022-02-07,Sylhet International Cricket Stadium,2,4.1,Comilla Victorians,Fortune Barishal,Mominul Haque,Mahmudul Hasan Joy,Mujeeb Ur Rahman,4,0,,,,,,,,,
1296705,2021/22,2022-02-07,Sylhet International Cricket Stadium,2,4.2,Comilla Victorians,Fortune Barishal,Mominul Haque,Mahmudul Hasan Joy,Mujeeb Ur Rahman,0,0,,,,,,,,,
1296705,2021/22,2022-02-07,Sylhet International Cricket Stadium,2,4.3,Comilla Victorians,Fortune Barishal,Mominul Haque,Mahmudul Hasan Joy,Mujeeb Ur Rahman,0,0,,,,,,,,,
1296705,2021/22,2022-02-07,Sylhet International Cricket Stadium,2,4.4,Comilla Victorians,Fortune Barishal,Mominul Haque,Mahmudul Hasan Joy,Mujeeb Ur Rahman,0,0,,,,,,,,,
1296705,2021/22,2022-02-07,Sylhet International Cricket Stadium,2,4.5,Comilla Victorians,Fortune Barishal,Mominul Haque,Mahmudul Hasan Joy,Mujeeb Ur Rahman,0,0,,,,,,,,,
1296705,2021/22,2022-02-07,Sylhet International Cricket Stadium,2,4.6,Comilla Victorians,Fortune Barishal,Mominul Haque,Mahmudul Hasan Joy,Mujeeb Ur Rahman,1,0,,,,,,,,,
1296705,2021/22,2022-02-07,Sylhet International Cricket Stadium,2,5.1,Comilla Victorians,Fortune Barishal,Mominul Haque,Mahmudul Hasan Joy,DJ Bravo,1,0,,,,,,,,,
1296705,2021/22,2022-02-07,Sylhet International Cricket Stadium,2,5.2,Comilla Victorians,Fortune Barishal,Mahmudul Hasan Joy,Mominul Haque,DJ Bravo,4,0,,,,,,,,,
1296705,2021/22,2022-02-07,Sylhet International Cricket Stadium,2,5.3,Comilla Victorians,Fortune Barishal,Mahmudul Hasan Joy,Mominul Haque,DJ Bravo,1,0,,,,,,,,,
1296705,2021/22,2022-02-07,Sylhet International Cricket Stadium,2,5.4,Comilla Victorians,Fortune Barishal,Mominul Haque,Mahmudul Hasan Joy,DJ Bravo,1,0,,,,,,,,,
1296705,2021/22,2022-02-07,Sylhet International Cricket Stadium,2,5.5,Comilla Victorians,Fortune Barishal,Mahmudul Hasan Joy,Mominul Haque,DJ Bravo,0,0,,,,,,caught,Mahmudul Hasan Joy,,
1296705,2021/22,2022-02-07,Sylhet International Cricket Stadium,2,5.6,Comilla Victorians,Fortune Barishal,MM Ali,Mominul Haque,DJ Bravo,0,0,,,,,,,,,
1296705,2021/22,2022-02-07,Sylhet International Cricket Stadium,2,6.1,Comilla Victorians,Fortune Barishal,Mominul Haque,MM Ali,Nayeem Hasan,1,0,,,,,,,,,
1296705,2021/22,2022-02-07,Sylhet International Cricket Stadium,2,6.2,Comilla Victorians,Fortune Barishal,MM Ali,Mominul Haque,Nayeem Hasan,1,0,,,,,,,,,
1296705,2021/22,2022-02-07,Sylhet International Cricket Stadium,2,6.3,Comilla Victorians,Fortune Barishal,Mominul Haque,MM Ali,Nayeem Hasan,1,0,,,,,,,,,
1296705,2021/22,2022-02-07,Sylhet International Cricket Stadium,2,6.4,Comilla Victorians,Fortune Barishal,MM Ali,Mominul Haque,Nayeem Hasan,1,0,,,,,,,,,
1296705,2021/22,2022-02-07,Sylhet International Cricket Stadium,2,6.5,Comilla Victorians,Fortune Barishal,Mominul Haque,MM Ali,Nayeem Hasan,1,0,,,,,,,,,
1296705,2021/22,2022-02-07,Sylhet International Cricket Stadium,2,6.6,Comilla Victorians,Fortune Barishal,MM Ali,Mominul Haque,Nayeem Hasan,0,1,1,,,,,,,,
1296705,2021/22,2022-02-07,Sylhet International Cricket Stadium,2,6.7,Comilla Victorians,Fortune Barishal,MM Ali,Mominul Haque,Nayeem Hasan,0,0,,,,,,,,,
1296705,2021/22,2022-02-07,Sylhet International Cricket Stadium,2,7.1,Comilla Victorians,Fortune Barishal,Mominul Haque,MM Ali,DJ Bravo,4,0,,,,,,,,,
1296705,2021/22,2022-02-07,Sylhet International Cricket Stadium,2,7.2,Comilla Victorians,Fortune Barishal,Mominul Haque,MM Ali,DJ Bravo,1,0,,,,,,,,,
1296705,2021/22,2022-02-07,Sylhet International Cricket Stadium,2,7.3,Comilla Victorians,Fortune Barishal,MM Ali,Mominul Haque,DJ Bravo,1,0,,,,,,,,,
1296705,2021/22,2022-02-07,Sylhet International Cricket Stadium,2,7.4,Comilla Victorians,Fortune Barishal,Mominul Haque,MM Ali,DJ Bravo,1,0,,,,,,,,,
1296705,2021/22,2022-02-07,Sylhet International Cricket Stadium,2,7.5,Comilla Victorians,Fortune Barishal,MM Ali,Mominul Haque,DJ Bravo,0,0,,,,,,,,,
1296705,2021/22,2022-02-07,Sylhet International Cricket Stadium,2,7.6,Comilla Victorians,Fortune Barishal,MM Ali,Mominul Haque,DJ Bravo,1,0,,,,,,,,,
1296705,2021/22,2022-02-07,Sylhet International Cricket Stadium,2,8.1,Comilla Victorians,Fortune Barishal,MM Ali,Mominul Haque,Nayeem Hasan,1,0,,,,,,,,,
1296705,2021/22,2022-02-07,Sylhet International Cricket Stadium,2,8.2,Comilla Victorians,Fortune Barishal,Mominul Haque,MM Ali,Nayeem Hasan,4,0,,,,,,,,,
1296705,2021/22,2022-02-07,Sylhet International Cricket Stadium,2,8.3,Comilla Victorians,Fortune Barishal,Mominul Haque,MM Ali,Nayeem Hasan,1,0,,,,,,,,,
1296705,2021/22,2022-02-07,Sylhet International Cricket Stadium,2,8.4,Comilla Victorians,Fortune Barishal,MM Ali,Mominul Haque,Nayeem Hasan,0,1,,,,1,,,,,
1296705,2021/22,2022-02-07,Sylhet International Cricket Stadium,2,8.5,Comilla Victorians,Fortune Barishal,Mominul Haque,MM Ali,Nayeem Hasan,0,0,,,,,,,,,
1296705,2021/22,2022-02-07,Sylhet International Cricket Stadium,2,8.6,Comilla Victorians,Fortune Barishal,Mominul Haque,MM Ali,Nayeem Hasan,0,0,,,,,,,,,
1296705,2021/22,2022-02-07,Sylhet International Cricket Stadium,2,9.1,Comilla Victorians,Fortune Barishal,MM Ali,Mominul Haque,Nazmul Hossain Shanto,1,0,,,,,,,,,
1296705,2021/22,2022-02-07,Sylhet International Cricket Stadium,2,9.2,Comilla Victorians,Fortune Barishal,Mominul Haque,MM Ali,Nazmul Hossain Shanto,1,0,,,,,,,,,
1296705,2021/22,2022-02-07,Sylhet International Cricket Stadium,2,9.3,Comilla Victorians,Fortune Barishal,MM Ali,Mominul Haque,Nazmul Hossain Shanto,0,0,,,,,,caught,MM Ali,,
1296705,2021/22,2022-02-07,Sylhet International Cricket Stadium,2,9.4,Comilla Victorians,Fortune Barishal,Nahidul Islam,Mominul Haque,Nazmul Hossain Shanto,0,0,,,,,,,,,
1296705,2021/22,2022-02-07,Sylhet International Cricket Stadium,2,9.5,Comilla Victorians,Fortune Barishal,Nahidul Islam,Mominul Haque,Nazmul Hossain Shanto,0,0,,,,,,,,,
1296705,2021/22,2022-02-07,Sylhet International Cricket Stadium,2,9.6,Comilla Victorians,Fortune Barishal,Nahidul Islam,Mominul Haque,Nazmul Hossain Shanto,0,0,,,,,,,,,
1296705,2021/22,2022-02-07,Sylhet International Cricket Stadium,2,10.1,Comilla Victorians,Fortune Barishal,Mominul Haque,Nahidul Islam,CH Gayle,1,0,,,,,,,,,
1296705,2021/22,2022-02-07,Sylhet International Cricket Stadium,2,10.2,Comilla Victorians,Fortune Barishal,Nahidul Islam,Mominul Haque,CH Gayle,1,0,,,,,,,,,
1296705,2021/22,2022-02-07,Sylhet International Cricket Stadium,2,10.3,Comilla Victorians,Fortune Barishal,Mominul Haque,Nahidul Islam,CH Gayle,0,0,,,,,,,,,
1296705,2021/22,2022-02-07,Sylhet International Cricket Stadium,2,10.4,Comilla Victorians,Fortune Barishal,Mominul Haque,Nahidul Islam,CH Gayle,2,0,,,,,,,,,
1296705,2021/22,2022-02-07,Sylhet International Cricket Stadium,2,10.5,Comilla Victorians,Fortune Barishal,Mominul Haque,Nahidul Islam,CH Gayle,1,0,,,,,,,,,
1296705,2021/22,2022-02-07,Sylhet International Cricket Stadium,2,10.6,Comilla Victorians,Fortune Barishal,Nahidul Islam,Mominul Haque,CH Gayle,0,0,,,,,,run out,Nahidul Islam,,
1296705,2021/22,2022-02-07,Sylhet International Cricket Stadium,2,11.1,Comilla Victorians,Fortune Barishal,Mominul Haque,SP Narine,Nazmul Hossain Shanto,1,0,,,,,,,,,
1296705,2021/22,2022-02-07,Sylhet International Cricket Stadium,2,11.2,Comilla Victorians,Fortune Barishal,SP Narine,Mominul Haque,Nazmul Hossain Shanto,0,1,,,,1,,,,,
1296705,2021/22,2022-02-07,Sylhet International Cricket Stadium,2,11.3,Comilla Victorians,Fortune Barishal,Mominul Haque,SP Narine,Nazmul Hossain Shanto,1,0,,,,,,,,,
1296705,2021/22,2022-02-07,Sylhet International Cricket Stadium,2,11.4,Comilla Victorians,Fortune Barishal,SP Narine,Mominul Haque,Nazmul Hossain Shanto,0,0,,,,,,,,,
1296705,2021/22,2022-02-07,Sylhet International Cricket Stadium,2,11.5,Comilla Victorians,Fortune Barishal,SP Narine,Mominul Haque,Nazmul Hossain Shanto,1,0,,,,,,,,,
1296705,2021/22,2022-02-07,Sylhet International Cricket Stadium,2,11.6,Comilla Victorians,Fortune Barishal,Mominul Haque,SP Narine,Nazmul Hossain Shanto,0,0,,,,,,,,,
1296705,2021/22,2022-02-07,Sylhet International Cricket Stadium,2,12.1,Comilla Victorians,Fortune Barishal,SP Narine,Mominul Haque,Nayeem Hasan,1,0,,,,,,,,,
1296705,2021/22,2022-02-07,Sylhet International Cricket Stadium,2,12.2,Comilla Victorians,Fortune Barishal,Mominul Haque,SP Narine,Nayeem Hasan,0,0,,,,,,caught,Mominul Haque,,
1296705,2021/22,2022-02-07,Sylhet International Cricket Stadium,2,12.3,Comilla Victorians,Fortune Barishal,SP Narine,Karim Janat,Nayeem Hasan,0,0,,,,,,,,,
1296705,2021/22,2022-02-07,Sylhet International Cricket Stadium,2,12.4,Comilla Victorians,Fortune Barishal,SP Narine,Karim Janat,Nayeem Hasan,1,0,,,,,,,,,
1296705,2021/22,2022-02-07,Sylhet International Cricket Stadium,2,12.5,Comilla Victorians,Fortune Barishal,Karim Janat,SP Narine,Nayeem Hasan,1,0,,,,,,,,,
1296705,2021/22,2022-02-07,Sylhet International Cricket Stadium,2,12.6,Comilla Victorians,Fortune Barishal,SP Narine,Karim Janat,Nayeem Hasan,0,0,,,,,,caught,SP Narine,,
1296705,2021/22,2022-02-07,Sylhet International Cricket Stadium,2,13.1,Comilla Victorians,Fortune Barishal,Karim Janat,Sumon Khan,Shakib Al Hasan,0,0,,,,,,,,,
1296705,2021/22,2022-02-07,Sylhet International Cricket Stadium,2,13.2,Comilla Victorians,Fortune Barishal,Karim Janat,Sumon Khan,Shakib Al Hasan,1,0,,,,,,,,,
1296705,2021/22,2022-02-07,Sylhet International Cricket Stadium,2,13.3,Comilla Victorians,Fortune Barishal,Sumon Khan,Karim Janat,Shakib Al Hasan,0,0,,,,,,,,,
1296705,2021/22,2022-02-07,Sylhet International Cricket Stadium,2,13.4,Comilla Victorians,Fortune Barishal,Sumon Khan,Karim Janat,Shakib Al Hasan,0,0,,,,,,,,,
1296705,2021/22,2022-02-07,Sylhet International Cricket Stadium,2,13.5,Comilla Victorians,Fortune Barishal,Sumon Khan,Karim Janat,Shakib Al Hasan,0,0,,,,,,,,,
1296705,2021/22,2022-02-07,Sylhet International Cricket Stadium,2,13.6,Comilla Victorians,Fortune Barishal,Sumon Khan,Karim Janat,Shakib Al Hasan,0,1,1,,,,,,,,
1296705,2021/22,2022-02-07,Sylhet International Cricket Stadium,2,13.7,Comilla Victorians,Fortune Barishal,Sumon Khan,Karim Janat,Shakib Al Hasan,0,0,,,,,,,,,
1296705,2021/22,2022-02-07,Sylhet International Cricket Stadium,2,14.1,Comilla Victorians,Fortune Barishal,Karim Janat,Sumon Khan,Mujeeb Ur Rahman,0,0,,,,,,,,,
1296705,2021/22,2022-02-07,Sylhet International Cricket Stadium,2,14.2,Comilla Victorians,Fortune Barishal,Karim Janat,Sumon Khan,Mujeeb Ur Rahman,1,0,,,,,,,,,
1296705,2021/22,2022-02-07,Sylhet International Cricket Stadium,2,14.3,Comilla Victorians,Fortune Barishal,Sumon Khan,Karim Janat,Mujeeb Ur Rahman,1,0,,,,,,,,,
1296705,2021/22,2022-02-07,Sylhet International Cricket Stadium,2,14.4,Comilla Victorians,Fortune Barishal,Karim Janat,Sumon Khan,Mujeeb Ur Rahman,6,0,,,,,,,,,
1296705,2021/22,2022-02-07,Sylhet International Cricket Stadium,2,14.5,Comilla Victorians,Fortune Barishal,Karim Janat,Sumon Khan,Mujeeb Ur Rahman,1,0,,,,,,,,,
1296705,2021/22,2022-02-07,Sylhet International Cricket Stadium,2,14.6,Comilla Victorians,Fortune Barishal,Sumon Khan,Karim Janat,Mujeeb Ur Rahman,0,0,,,,,,,,,
1296705,2021/22,2022-02-07,Sylhet International Cricket Stadium,2,15.1,Comilla Victorians,Fortune Barishal,Karim Janat,Sumon Khan,Shakib Al Hasan,1,0,,,,,,,,,
1296705,2021/22,2022-02-07,Sylhet International Cricket Stadium,2,15.2,Comilla Victorians,Fortune Barishal,Sumon Khan,Karim Janat,Shakib Al Hasan,1,0,,,,,,,,,
1296705,2021/22,2022-02-07,Sylhet International Cricket Stadium,2,15.3,Comilla Victorians,Fortune Barishal,Karim Janat,Sumon Khan,Shakib Al Hasan,1,0,,,,,,,,,
1296705,2021/22,2022-02-07,Sylhet International Cricket Stadium,2,15.4,Comilla Victorians,Fortune Barishal,Sumon Khan,Karim Janat,Shakib Al Hasan,1,0,,,,,,,,,
1296705,2021/22,2022-02-07,Sylhet International Cricket Stadium,2,15.5,Comilla Victorians,Fortune Barishal,Karim Janat,Sumon Khan,Shakib Al Hasan,1,0,,,,,,,,,
1296705,2021/22,2022-02-07,Sylhet International Cricket Stadium,2,15.6,Comilla Victorians,Fortune Barishal,Sumon Khan,Karim Janat,Shakib Al Hasan,4,0,,,,,,,,,
1296705,2021/22,2022-02-07,Sylhet International Cricket Stadium,2,16.1,Comilla Victorians,Fortune Barishal,Karim Janat,Sumon Khan,DJ Bravo,4,0,,,,,,,,,
1296705,2021/22,2022-02-07,Sylhet International Cricket Stadium,2,16.2,Comilla Victorians,Fortune Barishal,Karim Janat,Sumon Khan,DJ Bravo,0,0,,,,,,,,,
1296705,2021/22,2022-02-07,Sylhet International Cricket Stadium,2,16.3,Comilla Victorians,Fortune Barishal,Karim Janat,Sumon Khan,DJ Bravo,0,0,,,,,,caught,Karim Janat,,
1296705,2021/22,2022-02-07,Sylhet International Cricket Stadium,2,16.4,Comilla Victorians,Fortune Barishal,Tanvir Islam,Sumon Khan,DJ Bravo,1,0,,,,,,,,,
1296705,2021/22,2022-02-07,Sylhet International Cricket Stadium,2,16.5,Comilla Victorians,Fortune Barishal,Sumon Khan,Tanvir Islam,DJ Bravo,1,0,,,,,,,,,
1296705,2021/22,2022-02-07,Sylhet International Cricket Stadium,2,16.6,Comilla Victorians,Fortune Barishal,Tanvir Islam,Sumon Khan,DJ Bravo,1,0,,,,,,,,,
1296705,2021/22,2022-02-07,Sylhet International Cricket Stadium,2,17.1,Comilla Victorians,Fortune Barishal,Tanvir Islam,Sumon Khan,Nayeem Hasan,6,0,,,,,,,,,
1296705,2021/22,2022-02-07,Sylhet International Cricket Stadium,2,17.2,Comilla Victorians,Fortune Barishal,Tanvir Islam,Sumon Khan,Nayeem Hasan,1,0,,,,,,,,,
1296705,2021/22,2022-02-07,Sylhet International Cricket Stadium,2,17.3,Comilla Victorians,Fortune Barishal,Sumon Khan,Tanvir Islam,Nayeem Hasan,0,0,,,,,,caught and bowled,Sumon Khan,,
1296705,2021/22,2022-02-07,Sylhet International Cricket Stadium,2,17.4,Comilla Victorians,Fortune Barishal,Tanvir Islam,Mustafizur Rahman,Nayeem Hasan,0,0,,,,,,,,,
1296705,2021/22,2022-02-07,Sylhet International Cricket Stadium,2,17.5,Comilla Victorians,Fortune Barishal,Tanvir Islam,Mustafizur Rahman,Nayeem Hasan,6,0,,,,,,,,,
1296705,2021/22,2022-02-07,Sylhet International Cricket Stadium,2,17.6,Comilla Victorians,Fortune Barishal,Tanvir Islam,Mustafizur Rahman,Nayeem Hasan,1,0,,,,,,,,,
1296705,2021/22,2022-02-07,Sylhet International Cricket Stadium,2,18.1,Comilla Victorians,Fortune Barishal,Tanvir Islam,Mustafizur Rahman,DJ Bravo,1,0,,,,,,,,,
1296705,2021/22,2022-02-07,Sylhet International Cricket Stadium,2,18.2,Comilla Victorians,Fortune Barishal,Mustafizur Rahman,Tanvir Islam,DJ Bravo,4,0,,,,,,,,,
1296705,2021/22,2022-02-07,Sylhet International Cricket Stadium,2,18.3,Comilla Victorians,Fortune Barishal,Mustafizur Rahman,Tanvir Islam,DJ Bravo,1,0,,,,,,,,,
1296705,2021/22,2022-02-07,Sylhet International Cricket Stadium,2,18.4,Comilla Victorians,Fortune Barishal,Tanvir Islam,Mustafizur Rahman,DJ Bravo,0,0,,,,,,,,,
1296705,2021/22,2022-02-07,Sylhet International Cricket Stadium,2,18.5,Comilla Victorians,Fortune Barishal,Tanvir Islam,Mustafizur Rahman,DJ Bravo,0,0,,,,,,,,,
1296705,2021/22,2022-02-07,Sylhet International Cricket Stadium,2,18.6,Comilla Victorians,Fortune Barishal,Tanvir Islam,Mustafizur Rahman,DJ Bravo,1,0,,,,,,,,,
1296705,2021/22,2022-02-07,Sylhet International Cricket Stadium,2,19.1,Comilla Victorians,Fortune Barishal,Tanvir Islam,Mustafizur Rahman,CH Gayle,1,0,,,,,,,,,
1296705,2021/22,2022-02-07,Sylhet International Cricket Stadium,2,19.2,Comilla Victorians,Fortune Barishal,Mustafizur Rahman,Tanvir Islam,CH Gayle,1,0,,,,,,,,,
1296705,2021/22,2022-02-07,Sylhet International Cricket Stadium,2,19.3,Comilla Victorians,Fortune Barishal,Tanvir Islam,Mustafizur Rahman,CH Gayle,1,0,,,,,,,,,
1296705,2021/22,2022-02-07,Sylhet International Cricket Stadium,2,19.4,Comilla Victorians,Fortune Barishal,Mustafizur Rahman,Tanvir Islam,CH Gayle,0,0,,,,,,,,,
1296705,2021/22,2022-02-07,Sylhet International Cricket Stadium,2,19.5,Comilla Victorians,Fortune Barishal,Mustafizur Rahman,Tanvir Islam,CH Gayle,1,0,,,,,,,,,
1296705,2021/22,2022-02-07,Sylhet International Cricket Stadium,2,19.6,Comilla Victorians,Fortune Barishal,Tanvir Islam,Mustafizur Rahman,CH Gayle,1,0,,,,,,,,,
