match_id,season,start_date,venue,innings,ball,batting_team,bowling_team,striker,non_striker,bowler,runs_off_bat,extras,wides,noballs,byes,legbyes,penalty,wicket_type,player_dismissed,other_wicket_type,other_player_dismissed
1296691,2021/22,2022-01-25,"Shere Bangla National Stadium, Mirpur",1,0.1,Minister Group Dhaka,Sylhet Sunrisers,Tamim Iqbal,Mohammad Shahzad,Taskin Ahmed,0,1,1,,,,,,,,
1296691,2021/22,2022-01-25,"Shere Bangla National Stadium, Mirpur",1,0.2,Minister Group Dhaka,Sylhet Sunrisers,Tamim Iqbal,Mohammad Shahzad,Taskin Ahmed,1,0,,,,,,,,,
1296691,2021/22,2022-01-25,"Shere Bangla National Stadium, Mirpur",1,0.3,Minister Group Dhaka,Sylhet Sunrisers,Mohammad Shahzad,Tamim Iqbal,Taskin Ahmed,4,0,,,,,,,,,
1296691,2021/22,2022-01-25,"Shere Bangla National Stadium, Mirpur",1,0.4,Minister Group Dhaka,Sylhet Sunrisers,Mohammad Shahzad,Tamim Iqbal,Taskin Ahmed,0,0,,,,,,,,,
1296691,2021/22,2022-01-25,"Shere Bangla National Stadium, Mirpur",1,0.5,Minister Group Dhaka,Sylhet Sunrisers,Mohammad Shahzad,Tamim Iqbal,Taskin Ahmed,1,0,,,,,,,,,
1296691,2021/22,2022-01-25,"Shere Bangla National Stadium, Mirpur",1,0.6,Minister Group Dhaka,Sylhet Sunrisers,Tamim Iqbal,Mohammad Shahzad,Taskin Ahmed,0,0,,,,,,,,,
1296691,2021/22,2022-01-25,"Shere Bangla National Stadium, Mirpur",1,0.7,Minister Group Dhaka,Sylhet Sunrisers,Tamim Iqbal,Mohammad Shahzad,Taskin Ahmed,2,0,,,,,,,,,
1296691,2021/22,2022-01-25,"Shere Bangla National Stadium, Mirpur",1,1.1,Minister Group Dhaka,Sylhet Sunrisers,Mohammad Shahzad,Tamim Iqbal,Sohag Gazi,0,0,,,,,,,,,
1296691,2021/22,2022-01-25,"Shere Bangla National Stadium, Mirpur",1,1.2,Minister Group Dhaka,Sylhet Sunrisers,Mohammad Shahzad,Tamim Iqbal,Sohag Gazi,0,0,,,,,,,,,
1296691,2021/22,2022-01-25,"Shere Bangla National Stadium, Mirpur",1,1.3,Minister Group Dhaka,Sylhet Sunrisers,Mohammad Shahzad,Tamim Iqbal,Sohag Gazi,0,0,,,,,,,,,
1296691,2021/22,2022-01-25,"Shere Bangla National Stadium, Mirpur",1,1.4,Minister Group Dhaka,Sylhet Sunrisers,Mohammad Shahzad,Tamim Iqbal,Sohag Gazi,0,0,,,,,,stumped,Mohammad Shahzad,,
1296691,2021/22,2022-01-25,"Shere Bangla National Stadium, Mirpur",1,1.5,Minister Group Dhaka,Sylhet Sunrisers,Mohammad Naim,Tamim Iqbal,Sohag Gazi,0,0,,,,,,,,,
1296691,2021/22,2022-01-25,"Shere Bangla National Stadium, Mirpur",1,1.6,Minister Group Dhaka,Sylhet Sunrisers,Mohammad Naim,Tamim Iqbal,Sohag Gazi,0,0,,,,,,,,,
1296691,2021/22,2022-01-25,"Shere Bangla National Stadium, Mirpur",1,2.1,Minister Group Dhaka,Sylhet Sunrisers,Tamim Iqbal,Mohammad Naim,Mosaddek Hossain,0,0,,,,,,,,,
1296691,2021/22,2022-01-25,"Shere Bangla National Stadium, Mirpur",1,2.2,Minister Group Dhaka,Sylhet Sunrisers,Tamim Iqbal,Mohammad Naim,Mosaddek Hossain,0,0,,,,,,lbw,Tamim Iqbal,,
1296691,2021/22,2022-01-25,"Shere Bangla National Stadium, Mirpur",1,2.3,Minister Group Dhaka,Sylhet Sunrisers,Jahurul Islam,Mohammad Naim,Mosaddek Hossain,1,0,,,,,,,,,
1296691,2021/22,2022-01-25,"Shere Bangla National Stadium, Mirpur",1,2.4,Minister Group Dhaka,Sylhet Sunrisers,Mohammad Naim,Jahurul Islam,Mosaddek Hossain,0,0,,,,,,,,,
1296691,2021/22,2022-01-25,"Shere Bangla National Stadium, Mirpur",1,2.5,Minister Group Dhaka,Sylhet Sunrisers,Mohammad Naim,Jahurul Islam,Mosaddek Hossain,0,0,,,,,,,,,
1296691,2021/22,2022-01-25,"Shere Bangla National Stadium, Mirpur",1,2.6,Minister Group Dhaka,Sylhet Sunrisers,Mohammad Naim,Jahurul Islam,Mosaddek Hossain,0,0,,,,,,,,,
1296691,2021/22,2022-01-25,"Shere Bangla National Stadium, Mirpur",1,3.1,Minister Group Dhaka,Sylhet Sunrisers,Jahurul Islam,Mohammad Naim,Sohag Gazi,0,0,,,,,,,,,
1296691,2021/22,2022-01-25,"Shere Bangla National Stadium, Mirpur",1,3.2,Minister Group Dhaka,Sylhet Sunrisers,Jahurul Islam,Mohammad Naim,Sohag Gazi,0,0,,,,,,,,,
1296691,2021/22,2022-01-25,"Shere Bangla National Stadium, Mirpur",1,3.3,Minister Group Dhaka,Sylhet Sunrisers,Jahurul Islam,Mohammad Naim,Sohag Gazi,0,0,,,,,,,,,
1296691,2021/22,2022-01-25,"Shere Bangla National Stadium, Mirpur",1,3.4,Minister Group Dhaka,Sylhet Sunrisers,Jahurul Islam,Mohammad Naim,Sohag Gazi,0,1,,,,1,,,,,
1296691,2021/22,2022-01-25,"Shere Bangla National Stadium, Mirpur",1,3.5,Minister Group Dhaka,Sylhet Sunrisers,Mohammad Naim,Jahurul Islam,Sohag Gazi,0,0,,,,,,,,,
1296691,2021/22,2022-01-25,"Shere Bangla National Stadium, Mirpur",1,3.6,Minister Group Dhaka,Sylhet Sunrisers,Mohammad Naim,Jahurul Islam,Sohag Gazi,0,1,1,,,,,,,,
1296691,2021/22,2022-01-25,"Shere Bangla National Stadium, Mirpur",1,3.7,Minister Group Dhaka,Sylhet Sunrisers,Mohammad Naim,Jahurul Islam,Sohag Gazi,0,0,,,,,,,,,
1296691,2021/22,2022-01-25,"Shere Bangla National Stadium, Mirpur",1,4.1,Minister Group Dhaka,Sylhet Sunrisers,Jahurul Islam,Mohammad Naim,Mosaddek Hossain,1,0,,,,,,,,,
1296691,2021/22,2022-01-25,"Shere Bangla National Stadium, Mirpur",1,4.2,Minister Group Dhaka,Sylhet Sunrisers,Mohammad Naim,Jahurul Islam,Mosaddek Hossain,1,0,,,,,,,,,
1296691,2021/22,2022-01-25,"Shere Bangla National Stadium, Mirpur",1,4.3,Minister Group Dhaka,Sylhet Sunrisers,Jahurul Islam,Mohammad Naim,Mosaddek Hossain,1,0,,,,,,,,,
1296691,2021/22,2022-01-25,"Shere Bangla National Stadium, Mirpur",1,4.4,Minister Group Dhaka,Sylhet Sunrisers,Mohammad Naim,Jahurul Islam,Mosaddek Hossain,0,0,,,,,,,,,
1296691,2021/22,2022-01-25,"Shere Bangla National Stadium, Mirpur",1,4.5,Minister Group Dhaka,Sylhet Sunrisers,Mohammad Naim,Jahurul Islam,Mosaddek Hossain,1,0,,,,,,,,,
1296691,2021/22,2022-01-25,"Shere Bangla National Stadium, Mirpur",1,4.6,Minister Group Dhaka,Sylhet Sunrisers,Jahurul Islam,Mohammad Naim,Mosaddek Hossain,1,0,,,,,,,,,
1296691,2021/22,2022-01-25,"Shere Bangla National Stadium, Mirpur",1,5.1,Minister Group Dhaka,Sylhet Sunrisers,Jahurul Islam,Mohammad Naim,Sohag Gazi,0,0,,,,,,,,,
1296691,2021/22,2022-01-25,"Shere Bangla National Stadium, Mirpur",1,5.2,Minister Group Dhaka,Sylhet Sunrisers,Jahurul Islam,Mohammad Naim,Sohag Gazi,0,0,,,,,,caught,Jahurul Islam,,
1296691,2021/22,2022-01-25,"Shere Bangla National Stadium, Mirpur",1,5.3,Minister Group Dhaka,Sylhet Sunrisers,Mahmudullah,Mohammad Naim,Sohag Gazi,0,0,,,,,,,,,
1296691,2021/22,2022-01-25,"Shere Bangla National Stadium, Mirpur",1,5.4,Minister Group Dhaka,Sylhet Sunrisers,Mahmudullah,Mohammad Naim,Sohag Gazi,0,0,,,,,,,,,
1296691,2021/22,2022-01-25,"Shere Bangla National Stadium, Mirpur",1,5.5,Minister Group Dhaka,Sylhet Sunrisers,Mahmudullah,Mohammad Naim,Sohag Gazi,4,0,,,,,,,,,
1296691,2021/22,2022-01-25,"Shere Bangla National Stadium, Mirpur",1,5.6,Minister Group Dhaka,Sylhet Sunrisers,Mahmudullah,Mohammad Naim,Sohag Gazi,1,0,,,,,,,,,
1296691,2021/22,2022-01-25,"Shere Bangla National Stadium, Mirpur",1,6.1,Minister Group Dhaka,Sylhet Sunrisers,Mahmudullah,Mohammad Naim,Mosaddek Hossain,2,0,,,,,,,,,
1296691,2021/22,2022-01-25,"Shere Bangla National Stadium, Mirpur",1,6.2,Minister Group Dhaka,Sylhet Sunrisers,Mahmudullah,Mohammad Naim,Mosaddek Hossain,0,0,,,,,,,,,
1296691,2021/22,2022-01-25,"Shere Bangla National Stadium, Mirpur",1,6.3,Minister Group Dhaka,Sylhet Sunrisers,Mahmudullah,Mohammad Naim,Mosaddek Hossain,1,0,,,,,,,,,
1296691,2021/22,2022-01-25,"Shere Bangla National Stadium, Mirpur",1,6.4,Minister Group Dhaka,Sylhet Sunrisers,Mohammad Naim,Mahmudullah,Mosaddek Hossain,0,0,,,,,,,,,
1296691,2021/22,2022-01-25,"Shere Bangla National Stadium, Mirpur",1,6.5,Minister Group Dhaka,Sylhet Sunrisers,Mohammad Naim,Mahmudullah,Mosaddek Hossain,0,0,,,,,,,,,
1296691,2021/22,2022-01-25,"Shere Bangla National Stadium, Mirpur",1,6.6,Minister Group Dhaka,Sylhet Sunrisers,Mohammad Naim,Mahmudullah,Mosaddek Hossain,1,0,,,,,,,,,
1296691,2021/22,2022-01-25,"Shere Bangla National Stadium, Mirpur",1,7.1,Minister Group Dhaka,Sylhet Sunrisers,Mohammad Naim,Mahmudullah,Sohag Gazi,1,0,,,,,,,,,
1296691,2021/22,2022-01-25,"Shere Bangla National Stadium, Mirpur",1,7.2,Minister Group Dhaka,Sylhet Sunrisers,Mahmudullah,Mohammad Naim,Sohag Gazi,1,0,,,,,,,,,
1296691,2021/22,2022-01-25,"Shere Bangla National Stadium, Mirpur",1,7.3,Minister Group Dhaka,Sylhet Sunrisers,Mohammad Naim,Mahmudullah,Sohag Gazi,1,0,,,,,,,,,
1296691,2021/22,2022-01-25,"Shere Bangla National Stadium, Mirpur",1,7.4,Minister Group Dhaka,Sylhet Sunrisers,Mahmudullah,Mohammad Naim,Sohag Gazi,0,0,,,,,,,,,
1296691,2021/22,2022-01-25,"Shere Bangla National Stadium, Mirpur",1,7.5,Minister Group Dhaka,Sylhet Sunrisers,Mahmudullah,Mohammad Naim,Sohag Gazi,4,0,,,,,,,,,
1296691,2021/22,2022-01-25,"Shere Bangla National Stadium, Mirpur",1,7.6,Minister Group Dhaka,Sylhet Sunrisers,Mahmudullah,Mohammad Naim,Sohag Gazi,4,0,,,,,,,,,
1296691,2021/22,2022-01-25,"Shere Bangla National Stadium, Mirpur",1,8.1,Minister Group Dhaka,Sylhet Sunrisers,Mohammad Naim,Mahmudullah,Mosaddek Hossain,0,0,,,,,,,,,
1296691,2021/22,2022-01-25,"Shere Bangla National Stadium, Mirpur",1,8.2,Minister Group Dhaka,Sylhet Sunrisers,Mohammad Naim,Mahmudullah,Mosaddek Hossain,0,0,,,,,,,,,
1296691,2021/22,2022-01-25,"Shere Bangla National Stadium, Mirpur",1,8.3,Minister Group Dhaka,Sylhet Sunrisers,Mohammad Naim,Mahmudullah,Mosaddek Hossain,0,0,,,,,,,,,
1296691,2021/22,2022-01-25,"Shere Bangla National Stadium, Mirpur",1,8.4,Minister Group Dhaka,Sylhet Sunrisers,Mohammad Naim,Mahmudullah,Mosaddek Hossain,1,0,,,,,,,,,
1296691,2021/22,2022-01-25,"Shere Bangla National Stadium, Mirpur",1,8.5,Minister Group Dhaka,Sylhet Sunrisers,Mahmudullah,Mohammad Naim,Mosaddek Hossain,1,0,,,,,,,,,
1296691,2021/22,2022-01-25,"Shere Bangla National Stadium, Mirpur",1,8.6,Minister Group Dhaka,Sylhet Sunrisers,Mohammad Naim,Mahmudullah,Mosaddek Hossain,0,0,,,,,,,,,
1296691,2021/22,2022-01-25,"Shere Bangla National Stadium, Mirpur",1,9.1,Minister Group Dhaka,Sylhet Sunrisers,Mahmudullah,Mohammad Naim,Muktar Ali,1,0,,,,,,,,,
1296691,2021/22,2022-01-25,"Shere Bangla National Stadium, Mirpur",1,9.2,Minister Group Dhaka,Sylhet Sunrisers,Mohammad Naim,Mahmudullah,Muktar Ali,1,0,,,,,,,,,
1296691,2021/22,2022-01-25,"Shere Bangla National Stadium, Mirpur",1,9.3,Minister Group Dhaka,Sylhet Sunrisers,Mahmudullah,Mohammad Naim,Muktar Ali,1,0,,,,,,,,,
1296691,2021/22,2022-01-25,"Shere Bangla National Stadium, Mirpur",1,9.4,Minister Group Dhaka,Sylhet Sunrisers,Mohammad Naim,Mahmudullah,Muktar Ali,1,0,,,,,,,,,
1296691,2021/22,2022-01-25,"Shere Bangla National Stadium, Mirpur",1,9.5,Minister Group Dhaka,Sylhet Sunrisers,Mahmudullah,Mohammad Naim,Muktar Ali,1,0,,,,,,,,,
1296691,2021/22,2022-01-25,"Shere Bangla National Stadium, Mirpur",1,9.6,Minister Group Dhaka,Sylhet Sunrisers,Mohammad Naim,Mahmudullah,Muktar Ali,1,0,,,,,,,,,
1296691,2021/22,2022-01-25,"Shere Bangla National Stadium, Mirpur",1,10.1,Minister Group Dhaka,Sylhet Sunrisers,Mohammad Naim,Mahmudullah,Nazmul Islam,1,0,,,,,,,,,
1296691,2021/22,2022-01-25,"Shere Bangla National Stadium, Mirpur",1,10.2,Minister Group Dhaka,Sylhet Sunrisers,Mahmudullah,Mohammad Naim,Nazmul Islam,1,0,,,,,,,,,
1296691,2021/22,2022-01-25,"Shere Bangla National Stadium, Mirpur",1,10.3,Minister Group Dhaka,Sylhet Sunrisers,Mohammad Naim,Mahmudullah,Nazmul Islam,1,0,,,,,,,,,
1296691,2021/22,2022-01-25,"Shere Bangla National Stadium, Mirpur",1,10.4,Minister Group Dhaka,Sylhet Sunrisers,Mahmudullah,Mohammad Naim,Nazmul Islam,1,0,,,,,,,,,
1296691,2021/22,2022-01-25,"Shere Bangla National Stadium, Mirpur",1,10.5,Minister Group Dhaka,Sylhet Sunrisers,Mohammad Naim,Mahmudullah,Nazmul Islam,1,0,,,,,,,,,
1296691,2021/22,2022-01-25,"Shere Bangla National Stadium, Mirpur",1,10.6,Minister Group Dhaka,Sylhet Sunrisers,Mahmudullah,Mohammad Naim,Nazmul Islam,1,0,,,,,,,,,
1296691,2021/22,2022-01-25,"Shere Bangla National Stadium, Mirpur",1,11.1,Minister Group Dhaka,Sylhet Sunrisers,Mahmudullah,Mohammad Naim,Muktar Ali,1,0,,,,,,,,,
1296691,2021/22,2022-01-25,"Shere Bangla National Stadium, Mirpur",1,11.2,Minister Group Dhaka,Sylhet Sunrisers,Mohammad Naim,Mahmudullah,Muktar Ali,1,0,,,,,,,,,
1296691,2021/22,2022-01-25,"Shere Bangla National Stadium, Mirpur",1,11.3,Minister Group Dhaka,Sylhet Sunrisers,Mahmudullah,Mohammad Naim,Muktar Ali,1,0,,,,,,,,,
1296691,2021/22,2022-01-25,"Shere Bangla National Stadium, Mirpur",1,11.4,Minister Group Dhaka,Sylhet Sunrisers,Mohammad Naim,Mahmudullah,Muktar Ali,1,0,,,,,,,,,
1296691,2021/22,2022-01-25,"Shere Bangla National Stadium, Mirpur",1,11.5,Minister Group Dhaka,Sylhet Sunrisers,Mahmudullah,Mohammad Naim,Muktar Ali,1,0,,,,,,,,,
1296691,2021/22,2022-01-25,"Shere Bangla National Stadium, Mirpur",1,11.6,Minister Group Dhaka,Sylhet Sunrisers,Mohammad Naim,Mahmudullah,Muktar Ali,1,0,,,,,,,,,
1296691,2021/22,2022-01-25,"Shere Bangla National Stadium, Mirpur",1,12.1,Minister Group Dhaka,Sylhet Sunrisers,Mohammad Naim,Mahmudullah,Nazmul Islam,0,0,,,,,,lbw,Mohammad Naim,,
1296691,2021/22,2022-01-25,"Shere Bangla National Stadium, Mirpur",1,12.2,Minister Group Dhaka,Sylhet Sunrisers,AD Russell,Mahmudullah,Nazmul Islam,0,0,,,,,,,,,
1296691,2021/22,2022-01-25,"Shere Bangla National Stadium, Mirpur",1,12.3,Minister Group Dhaka,Sylhet Sunrisers,AD Russell,Mahmudullah,Nazmul Islam,0,0,,,,,,,,,
1296691,2021/22,2022-01-25,"Shere Bangla National Stadium, Mirpur",1,12.4,Minister Group Dhaka,Sylhet Sunrisers,AD Russell,Mahmudullah,Nazmul Islam,0,0,,,,,,,,,
1296691,2021/22,2022-01-25,"Shere Bangla National Stadium, Mirpur",1,12.5,Minister Group Dhaka,Sylhet Sunrisers,AD Russell,Mahmudullah,Nazmul Islam,0,0,,,,,,lbw,AD Russell,,
1296691,2021/22,2022-01-25,"Shere Bangla National Stadium, Mirpur",1,12.6,Minister Group Dhaka,Sylhet Sunrisers,Shuvagata Hom,Mahmudullah,Nazmul Islam,0,0,,,,,,,,,
1296691,2021/22,2022-01-25,"Shere Bangla National Stadium, Mirpur",1,13.1,Minister Group Dhaka,Sylhet Sunrisers,Mahmudullah,Shuvagata Hom,Sunzamul Islam,1,0,,,,,,,,,
1296691,2021/22,2022-01-25,"Shere Bangla National Stadium, Mirpur",1,13.2,Minister Group Dhaka,Sylhet Sunrisers,Shuvagata Hom,Mahmudullah,Sunzamul Islam,0,0,,,,,,,,,
1296691,2021/22,2022-01-25,"Shere Bangla National Stadium, Mirpur",1,13.3,Minister Group Dhaka,Sylhet Sunrisers,Shuvagata Hom,Mahmudullah,Sunzamul Islam,1,0,,,,,,,,,
1296691,2021/22,2022-01-25,"Shere Bangla National Stadium, Mirpur",1,13.4,Minister Group Dhaka,Sylhet Sunrisers,Mahmudullah,Shuvagata Hom,Sunzamul Islam,1,0,,,,,,,,,
1296691,2021/22,2022-01-25,"Shere Bangla National Stadium, Mirpur",1,13.5,Minister Group Dhaka,Sylhet Sunrisers,Shuvagata Hom,Mahmudullah,Sunzamul Islam,1,0,,,,,,,,,
1296691,2021/22,2022-01-25,"Shere Bangla National Stadium, Mirpur",1,13.6,Minister Group Dhaka,Sylhet Sunrisers,Mahmudullah,Shuvagata Hom,Sunzamul Islam,1,0,,,,,,,,,
1296691,2021/22,2022-01-25,"Shere Bangla National Stadium, Mirpur",1,14.1,Minister Group Dhaka,Sylhet Sunrisers,Mahmudullah,Shuvagata Hom,Nazmul Islam,3,0,,,,,,,,,
1296691,2021/22,2022-01-25,"Shere Bangla National Stadium, Mirpur",1,14.2,Minister Group Dhaka,Sylhet Sunrisers,Shuvagata Hom,Mahmudullah,Nazmul Islam,1,0,,,,,,,,,
1296691,2021/22,2022-01-25,"Shere Bangla National Stadium, Mirpur",1,14.3,Minister Group Dhaka,Sylhet Sunrisers,Mahmudullah,Shuvagata Hom,Nazmul Islam,0,0,,,,,,caught,Mahmudullah,,
1296691,2021/22,2022-01-25,"Shere Bangla National Stadium, Mirpur",1,14.4,Minister Group Dhaka,Sylhet Sunrisers,Mashrafe Mortaza,Shuvagata Hom,Nazmul Islam,0,0,,,,,,,,,
1296691,2021/22,2022-01-25,"Shere Bangla National Stadium, Mirpur",1,14.5,Minister Group Dhaka,Sylhet Sunrisers,Mashrafe Mortaza,Shuvagata Hom,Nazmul Islam,0,0,,,,,,,,,
1296691,2021/22,2022-01-25,"Shere Bangla National Stadium, Mirpur",1,14.6,Minister Group Dhaka,Sylhet Sunrisers,Mashrafe Mortaza,Shuvagata Hom,Nazmul Islam,0,0,,,,,,,,,
1296691,2021/22,2022-01-25,"Shere Bangla National Stadium, Mirpur",1,15.1,Minister Group Dhaka,Sylhet Sunrisers,Shuvagata Hom,Mashrafe Mortaza,Sunzamul Islam,4,0,,,,,,,,,
1296691,2021/22,2022-01-25,"Shere Bangla National Stadium, Mirpur",1,15.2,Minister Group Dhaka,Sylhet Sunrisers,Shuvagata Hom,Mashrafe Mortaza,Sunzamul Islam,0,0,,,,,,,,,
1296691,2021/22,2022-01-25,"Shere Bangla National Stadium, Mirpur",1,15.3,Minister Group Dhaka,Sylhet Sunrisers,Shuvagata Hom,Mashrafe Mortaza,Sunzamul Islam,6,0,,,,,,,,,
1296691,2021/22,2022-01-25,"Shere Bangla National Stadium, Mirpur",1,15.4,Minister Group Dhaka,Sylhet Sunrisers,Shuvagata Hom,Mashrafe Mortaza,Sunzamul Islam,0,1,,,,1,,,,,
1296691,2021/22,2022-01-25,"Shere Bangla National Stadium, Mirpur",1,15.5,Minister Group Dhaka,Sylhet Sunrisers,Mashrafe Mortaza,Shuvagata Hom,Sunzamul Islam,1,0,,,,,,,,,
1296691,2021/22,2022-01-25,"Shere Bangla National Stadium, Mirpur",1,15.6,Minister Group Dhaka,Sylhet Sunrisers,Shuvagata Hom,Mashrafe Mortaza,Sunzamul Islam,1,0,,,,,,,,,
1296691,2021/22,2022-01-25,"Shere Bangla National Stadium, Mirpur",1,16.1,Minister Group Dhaka,Sylhet Sunrisers,Shuvagata Hom,Mashrafe Mortaza,Taskin Ahmed,0,0,,,,,,,,,
1296691,2021/22,2022-01-25,"Shere Bangla National Stadium, Mirpur",1,16.2,Minister Group Dhaka,Sylhet Sunrisers,Shuvagata Hom,Mashrafe Mortaza,Taskin Ahmed,1,0,,,,,,,,,
1296691,2021/22,2022-01-25,"Shere Bangla National Stadium, Mirpur",1,16.3,Minister Group Dhaka,Sylhet Sunrisers,Mashrafe Mortaza,Shuvagata Hom,Taskin Ahmed,1,0,,,,,,,,,
1296691,2021/22,2022-01-25,"Shere Bangla National Stadium, Mirpur",1,16.4,Minister Group Dhaka,Sylhet Sunrisers,Shuvagata Hom,Mashrafe Mortaza,Taskin Ahmed,4,0,,,,,,,,,
1296691,2021/22,2022-01-25,"Shere Bangla National Stadium, Mirpur",1,16.5,Minister Group Dhaka,Sylhet Sunrisers,Shuvagata Hom,Mashrafe Mortaza,Taskin Ahmed,1,0,,,,,,,,,
1296691,2021/22,2022-01-25,"Shere Bangla National Stadium, Mirpur",1,16.6,Minister Group Dhaka,Sylhet Sunrisers,Mashrafe Mortaza,Shuvagata Hom,Taskin Ahmed,0,0,,,,,,caught,Mashrafe Mortaza,,
1296691,2021/22,2022-01-25,"Shere Bangla National Stadium, Mirpur",1,17.1,Minister Group Dhaka,Sylhet Sunrisers,Shuvagata Hom,I Udana,Nazmul Islam,1,0,,,,,,,,,
1296691,2021/22,2022-01-25,"Shere Bangla National Stadium, Mirpur",1,17.2,Minister Group Dhaka,Sylhet Sunrisers,I Udana,Shuvagata Hom,Nazmul Islam,1,0,,,,,,,,,
1296691,2021/22,2022-01-25,"Shere Bangla National Stadium, Mirpur",1,17.3,Minister Group Dhaka,Sylhet Sunrisers,Shuvagata Hom,I Udana,Nazmul Islam,0,0,,,,,,lbw,Shuvagata Hom,,
1296691,2021/22,2022-01-25,"Shere Bangla National Stadium, Mirpur",1,17.4,Minister Group Dhaka,Sylhet Sunrisers,Rubel Hossain,I Udana,Nazmul Islam,0,0,,,,,,,,,
1296691,2021/22,2022-01-25,"Shere Bangla National Stadium, Mirpur",1,17.5,Minister Group Dhaka,Sylhet Sunrisers,Rubel Hossain,I Udana,Nazmul Islam,0,0,,,,,,,,,
1296691,2021/22,2022-01-25,"Shere Bangla National Stadium, Mirpur",1,17.6,Minister Group Dhaka,Sylhet Sunrisers,Rubel Hossain,I Udana,Nazmul Islam,6,0,,,,,,,,,
1296691,2021/22,2022-01-25,"Shere Bangla National Stadium, Mirpur",1,18.1,Minister Group Dhaka,Sylhet Sunrisers,I Udana,Rubel Hossain,Taskin Ahmed,0,0,,,,,,caught,I Udana,,
1296691,2021/22,2022-01-25,"Shere Bangla National Stadium, Mirpur",1,18.2,Minister Group Dhaka,Sylhet Sunrisers,Rubel Hossain,Hasan Murad,Taskin Ahmed,4,0,,,,,,,,,
1296691,2021/22,2022-01-25,"Shere Bangla National Stadium, Mirpur",1,18.3,Minister Group Dhaka,Sylhet Sunrisers,Rubel Hossain,Hasan Murad,Taskin Ahmed,2,0,,,,,,,,,
1296691,2021/22,2022-01-25,"Shere Bangla National Stadium, Mirpur",1,18.4,Minister Group Dhaka,Sylhet Sunrisers,Rubel Hossain,Hasan Murad,Taskin Ahmed,0,0,,,,,,caught,Rubel Hossain,,
1296691,2021/22,2022-01-25,"Shere Bangla National Stadium, Mirpur",2,0.1,Sylhet Sunrisers,Minister Group Dhaka,LMP Simmons,Anamul Haque,Rubel Hossain,0,0,,,,,,,,,
1296691,2021/22,2022-01-25,"Shere Bangla National Stadium, Mirpur",2,0.2,Sylhet Sunrisers,Minister Group Dhaka,LMP Simmons,Anamul Haque,Rubel Hossain,0,0,,,,,,,,,
1296691,2021/22,2022-01-25,"Shere Bangla National Stadium, Mirpur",2,0.3,Sylhet Sunrisers,Minister Group Dhaka,LMP Simmons,Anamul Haque,Rubel Hossain,0,0,,,,,,,,,
1296691,2021/22,2022-01-25,"Shere Bangla National Stadium, Mirpur",2,0.4,Sylhet Sunrisers,Minister Group Dhaka,LMP Simmons,Anamul Haque,Rubel Hossain,0,0,,,,,,,,,
1296691,2021/22,2022-01-25,"Shere Bangla National Stadium, Mirpur",2,0.5,Sylhet Sunrisers,Minister Group Dhaka,LMP Simmons,Anamul Haque,Rubel Hossain,0,0,,,,,,,,,
1296691,2021/22,2022-01-25,"Shere Bangla National Stadium, Mirpur",2,0.6,Sylhet Sunrisers,Minister Group Dhaka,LMP Simmons,Anamul Haque,Rubel Hossain,1,0,,,,,,,,,
1296691,2021/22,2022-01-25,"Shere Bangla National Stadium, Mirpur",2,1.1,Sylhet Sunrisers,Minister Group Dhaka,LMP Simmons,Anamul Haque,Mashrafe Mortaza,1,0,,,,,,,,,
1296691,2021/22,2022-01-25,"Shere Bangla National Stadium, Mirpur",2,1.2,Sylhet Sunrisers,Minister Group Dhaka,Anamul Haque,LMP Simmons,Mashrafe Mortaza,1,0,,,,,,,,,
1296691,2021/22,2022-01-25,"Shere Bangla National Stadium, Mirpur",2,1.3,Sylhet Sunrisers,Minister Group Dhaka,LMP Simmons,Anamul Haque,Mashrafe Mortaza,0,0,,,,,,,,,
1296691,2021/22,2022-01-25,"Shere Bangla National Stadium, Mirpur",2,1.4,Sylhet Sunrisers,Minister Group Dhaka,LMP Simmons,Anamul Haque,Mashrafe Mortaza,0,0,,,,,,,,,
1296691,2021/22,2022-01-25,"Shere Bangla National Stadium, Mirpur",2,1.5,Sylhet Sunrisers,Minister Group Dhaka,LMP Simmons,Anamul Haque,Mashrafe Mortaza,4,0,,,,,,,,,
1296691,2021/22,2022-01-25,"Shere Bangla National Stadium, Mirpur",2,1.6,Sylhet Sunrisers,Minister Group Dhaka,LMP Simmons,Anamul Haque,Mashrafe Mortaza,1,0,,,,,,,,,
1296691,2021/22,2022-01-25,"Shere Bangla National Stadium, Mirpur",2,2.1,Sylhet Sunrisers,Minister Group Dhaka,LMP Simmons,Anamul Haque,Hasan Murad,0,0,,,,,,,,,
1296691,2021/22,2022-01-25,"Shere Bangla National Stadium, Mirpur",2,2.2,Sylhet Sunrisers,Minister Group Dhaka,LMP Simmons,Anamul Haque,Hasan Murad,0,0,,,,,,,,,
1296691,2021/22,2022-01-25,"Shere Bangla National Stadium, Mirpur",2,2.3,Sylhet Sunrisers,Minister Group Dhaka,LMP Simmons,Anamul Haque,Hasan Murad,2,0,,,,,,,,,
1296691,2021/22,2022-01-25,"Shere Bangla National Stadium, Mirpur",2,2.4,Sylhet Sunrisers,Minister Group Dhaka,LMP Simmons,Anamul Haque,Hasan Murad,4,0,,,,,,,,,
1296691,2021/22,2022-01-25,"Shere Bangla National Stadium, Mirpur",2,2.5,Sylhet Sunrisers,Minister Group Dhaka,LMP Simmons,Anamul Haque,Hasan Murad,1,0,,,,,,,,,
1296691,2021/22,2022-01-25,"Shere Bangla National Stadium, Mirpur",2,2.6,Sylhet Sunrisers,Minister Group Dhaka,Anamul Haque,LMP Simmons,Hasan Murad,4,0,,,,,,,,,
1296691,2021/22,2022-01-25,"Shere Bangla National Stadium, Mirpur",2,3.1,Sylhet Sunrisers,Minister Group Dhaka,LMP Simmons,Anamul Haque,Mashrafe Mortaza,0,0,,,,,,,,,
1296691,2021/22,2022-01-25,"Shere Bangla National Stadium, Mirpur",2,3.2,Sylhet Sunrisers,Minister Group Dhaka,LMP Simmons,Anamul Haque,Mashrafe Mortaza,0,0,,,,,,,,,
1296691,2021/22,2022-01-25,"Shere Bangla National Stadium, Mirpur",2,3.3,Sylhet Sunrisers,Minister Group Dhaka,LMP Simmons,Anamul Haque,Mashrafe Mortaza,2,0,,,,,,,,,
1296691,2021/22,2022-01-25,"Shere Bangla National Stadium, Mirpur",2,3.4,Sylhet Sunrisers,Minister Group Dhaka,LMP Simmons,Anamul Haque,Mashrafe Mortaza,0,0,,,,,,,,,
1296691,2021/22,2022-01-25,"Shere Bangla National Stadium, Mirpur",2,3.5,Sylhet Sunrisers,Minister Group Dhaka,LMP Simmons,Anamul Haque,Mashrafe Mortaza,0,0,,,,,,caught,LMP Simmons,,
1296691,2021/22,2022-01-25,"Shere Bangla National Stadium, Mirpur",2,3.6,Sylhet Sunrisers,Minister Group Dhaka,Anamul Haque,Mohammad Mithun,Mashrafe Mortaza,1,0,,,,,,,,,
1296691,2021/22,2022-01-25,"Shere Bangla National Stadium, Mirpur",2,4.1,Sylhet Sunrisers,Minister Group Dhaka,Anamul Haque,Mohammad Mithun,Rubel Hossain,0,0,,,,,,,,,
1296691,2021/22,2022-01-25,"Shere Bangla National Stadium, Mirpur",2,4.2,Sylhet Sunrisers,Minister Group Dhaka,Anamul Haque,Mohammad Mithun,Rubel Hossain,1,0,,,,,,,,,
1296691,2021/22,2022-01-25,"Shere Bangla National Stadium, Mirpur",2,4.3,Sylhet Sunrisers,Minister Group Dhaka,Mohammad Mithun,Anamul Haque,Rubel Hossain,4,0,,,,,,,,,
1296691,2021/22,2022-01-25,"Shere Bangla National Stadium, Mirpur",2,4.4,Sylhet Sunrisers,Minister Group Dhaka,Mohammad Mithun,Anamul Haque,Rubel Hossain,0,0,,,,,,,,,
1296691,2021/22,2022-01-25,"Shere Bangla National Stadium, Mirpur",2,4.5,Sylhet Sunrisers,Minister Group Dhaka,Mohammad Mithun,Anamul Haque,Rubel Hossain,4,0,,,,,,,,,
1296691,2021/22,2022-01-25,"Shere Bangla National Stadium, Mirpur",2,4.6,Sylhet Sunrisers,Minister Group Dhaka,Mohammad Mithun,Anamul Haque,Rubel Hossain,0,0,,,,,,,,,
1296691,2021/22,2022-01-25,"Shere Bangla National Stadium, Mirpur",2,5.1,Sylhet Sunrisers,Minister Group Dhaka,Anamul Haque,Mohammad Mithun,Mashrafe Mortaza,2,0,,,,,,,,,
1296691,2021/22,2022-01-25,"Shere Bangla National Stadium, Mirpur",2,5.2,Sylhet Sunrisers,Minister Group Dhaka,Anamul Haque,Mohammad Mithun,Mashrafe Mortaza,1,0,,,,,,,,,
1296691,2021/22,2022-01-25,"Shere Bangla National Stadium, Mirpur",2,5.3,Sylhet Sunrisers,Minister Group Dhaka,Mohammad Mithun,Anamul Haque,Mashrafe Mortaza,1,0,,,,,,,,,
1296691,2021/22,2022-01-25,"Shere Bangla National Stadium, Mirpur",2,5.4,Sylhet Sunrisers,Minister Group Dhaka,Anamul Haque,Mohammad Mithun,Mashrafe Mortaza,1,0,,,,,,,,,
1296691,2021/22,2022-01-25,"Shere Bangla National Stadium, Mirpur",2,5.5,Sylhet Sunrisers,Minister Group Dhaka,Mohammad Mithun,Anamul Haque,Mashrafe Mortaza,1,0,,,,,,,,,
1296691,2021/22,2022-01-25,"Shere Bangla National Stadium, Mirpur",2,5.6,Sylhet Sunrisers,Minister Group Dhaka,Anamul Haque,Mohammad Mithun,Mashrafe Mortaza,1,0,,,,,,,,,
1296691,2021/22,2022-01-25,"Shere Bangla National Stadium, Mirpur",2,6.1,Sylhet Sunrisers,Minister Group Dhaka,Anamul Haque,Mohammad Mithun,AD Russell,0,0,,,,,,,,,
1296691,2021/22,2022-01-25,"Shere Bangla National Stadium, Mirpur",2,6.2,Sylhet Sunrisers,Minister Group Dhaka,Anamul Haque,Mohammad Mithun,AD Russell,0,0,,,,,,,,,
1296691,2021/22,2022-01-25,"Shere Bangla National Stadium, Mirpur",2,6.3,Sylhet Sunrisers,Minister Group Dhaka,Anamul Haque,Mohammad Mithun,AD Russell,0,0,,,,,,,,,
1296691,2021/22,2022-01-25,"Shere Bangla National Stadium, Mirpur",2,6.4,Sylhet Sunrisers,Minister Group Dhaka,Anamul Haque,Mohammad Mithun,AD Russell,0,0,,,,,,,,,
1296691,2021/22,2022-01-25,"Shere Bangla National Stadium, Mirpur",2,6.5,Sylhet Sunrisers,Minister Group Dhaka,Anamul Haque,Mohammad Mithun,AD Russell,0,0,,,,,,,,,
1296691,2021/22,2022-01-25,"Shere Bangla National Stadium, Mirpur",2,6.6,Sylhet Sunrisers,Minister Group Dhaka,Anamul Haque,Mohammad Mithun,AD Russell,1,0,,,,,,,,,
1296691,2021/22,2022-01-25,"Shere Bangla National Stadium, Mirpur",2,7.1,Sylhet Sunrisers,Minister Group Dhaka,Anamul Haque,Mohammad Mithun,Hasan Murad,0,0,,,,,,,,,
1296691,2021/22,2022-01-25,"Shere Bangla National Stadium, Mirpur",2,7.2,Sylhet Sunrisers,Minister Group Dhaka,Anamul Haque,Mohammad Mithun,Hasan Murad,0,0,,,,,,,,,
1296691,2021/22,2022-01-25,"Shere Bangla National Stadium, Mirpur",2,7.3,Sylhet Sunrisers,Minister Group Dhaka,Anamul Haque,Mohammad Mithun,Hasan Murad,2,0,,,,,,,,,
1296691,2021/22,2022-01-25,"Shere Bangla National Stadium, Mirpur",2,7.4,Sylhet Sunrisers,Minister Group Dhaka,Anamul Haque,Mohammad Mithun,Hasan Murad,0,0,,,,,,,,,
1296691,2021/22,2022-01-25,"Shere Bangla National Stadium, Mirpur",2,7.5,Sylhet Sunrisers,Minister Group Dhaka,Anamul Haque,Mohammad Mithun,Hasan Murad,4,0,,,,,,,,,
1296691,2021/22,2022-01-25,"Shere Bangla National Stadium, Mirpur",2,7.6,Sylhet Sunrisers,Minister Group Dhaka,Anamul Haque,Mohammad Mithun,Hasan Murad,0,0,,,,,,,,,
1296691,2021/22,2022-01-25,"Shere Bangla National Stadium, Mirpur",2,8.1,Sylhet Sunrisers,Minister Group Dhaka,Mohammad Mithun,Anamul Haque,AD Russell,0,0,,,,,,,,,
1296691,2021/22,2022-01-25,"Shere Bangla National Stadium, Mirpur",2,8.2,Sylhet Sunrisers,Minister Group Dhaka,Mohammad Mithun,Anamul Haque,AD Russell,0,0,,,,,,,,,
1296691,2021/22,2022-01-25,"Shere Bangla National Stadium, Mirpur",2,8.3,Sylhet Sunrisers,Minister Group Dhaka,Mohammad Mithun,Anamul Haque,AD Russell,0,0,,,,,,,,,
1296691,2021/22,2022-01-25,"Shere Bangla National Stadium, Mirpur",2,8.4,Sylhet Sunrisers,Minister Group Dhaka,Mohammad Mithun,Anamul Haque,AD Russell,2,0,,,,,,,,,
1296691,2021/22,2022-01-25,"Shere Bangla National Stadium, Mirpur",2,8.5,Sylhet Sunrisers,Minister Group Dhaka,Mohammad Mithun,Anamul Haque,AD Russell,4,0,,,,,,,,,
1296691,2021/22,2022-01-25,"Shere Bangla National Stadium, Mirpur",2,8.6,Sylhet Sunrisers,Minister Group Dhaka,Mohammad Mithun,Anamul Haque,AD Russell,0,0,,,,,,,,,
1296691,2021/22,2022-01-25,"Shere Bangla National Stadium, Mirpur",2,9.1,Sylhet Sunrisers,Minister Group Dhaka,Anamul Haque,Mohammad Mithun,I Udana,1,0,,,,,,,,,
1296691,2021/22,2022-01-25,"Shere Bangla National Stadium, Mirpur",2,9.2,Sylhet Sunrisers,Minister Group Dhaka,Mohammad Mithun,Anamul Haque,I Udana,0,0,,,,,,,,,
1296691,2021/22,2022-01-25,"Shere Bangla National Stadium, Mirpur",2,9.3,Sylhet Sunrisers,Minister Group Dhaka,Mohammad Mithun,Anamul Haque,I Udana,1,0,,,,,,,,,
1296691,2021/22,2022-01-25,"Shere Bangla National Stadium, Mirpur",2,9.4,Sylhet Sunrisers,Minister Group Dhaka,Anamul Haque,Mohammad Mithun,I Udana,4,0,,,,,,,,,
1296691,2021/22,2022-01-25,"Shere Bangla National Stadium, Mirpur",2,9.5,Sylhet Sunrisers,Minister Group Dhaka,Anamul Haque,Mohammad Mithun,I Udana,0,0,,,,,,,,,
1296691,2021/22,2022-01-25,"Shere Bangla National Stadium, Mirpur",2,9.6,Sylhet Sunrisers,Minister Group Dhaka,Anamul Haque,Mohammad Mithun,I Udana,1,0,,,,,,,,,
1296691,2021/22,2022-01-25,"Shere Bangla National Stadium, Mirpur",2,10.1,Sylhet Sunrisers,Minister Group Dhaka,Anamul Haque,Mohammad Mithun,Hasan Murad,0,0,,,,,,,,,
1296691,2021/22,2022-01-25,"Shere Bangla National Stadium, Mirpur",2,10.2,Sylhet Sunrisers,Minister Group Dhaka,Anamul Haque,Mohammad Mithun,Hasan Murad,0,0,,,,,,,,,
1296691,2021/22,2022-01-25,"Shere Bangla National Stadium, Mirpur",2,10.3,Sylhet Sunrisers,Minister Group Dhaka,Anamul Haque,Mohammad Mithun,Hasan Murad,1,0,,,,,,,,,
1296691,2021/22,2022-01-25,"Shere Bangla National Stadium, Mirpur",2,10.4,Sylhet Sunrisers,Minister Group Dhaka,Mohammad Mithun,Anamul Haque,Hasan Murad,0,0,,,,,,caught,Mohammad Mithun,,
1296691,2021/22,2022-01-25,"Shere Bangla National Stadium, Mirpur",2,10.5,Sylhet Sunrisers,Minister Group Dhaka,CA Ingram,Anamul Haque,Hasan Murad,0,0,,,,,,,,,
1296691,2021/22,2022-01-25,"Shere Bangla National Stadium, Mirpur",2,10.6,Sylhet Sunrisers,Minister Group Dhaka,CA Ingram,Anamul Haque,Hasan Murad,1,0,,,,,,,,,
1296691,2021/22,2022-01-25,"Shere Bangla National Stadium, Mirpur",2,11.1,Sylhet Sunrisers,Minister Group Dhaka,CA Ingram,Anamul Haque,Shuvagata Hom,1,0,,,,,,,,,
1296691,2021/22,2022-01-25,"Shere Bangla National Stadium, Mirpur",2,11.2,Sylhet Sunrisers,Minister Group Dhaka,Anamul Haque,CA Ingram,Shuvagata Hom,0,0,,,,,,,,,
1296691,2021/22,2022-01-25,"Shere Bangla National Stadium, Mirpur",2,11.3,Sylhet Sunrisers,Minister Group Dhaka,Anamul Haque,CA Ingram,Shuvagata Hom,0,0,,,,,,,,,
1296691,2021/22,2022-01-25,"Shere Bangla National Stadium, Mirpur",2,11.4,Sylhet Sunrisers,Minister Group Dhaka,Anamul Haque,CA Ingram,Shuvagata Hom,4,0,,,,,,,,,
1296691,2021/22,2022-01-25,"Shere Bangla National Stadium, Mirpur",2,11.5,Sylhet Sunrisers,Minister Group Dhaka,Anamul Haque,CA Ingram,Shuvagata Hom,0,0,,,,,,,,,
1296691,2021/22,2022-01-25,"Shere Bangla National Stadium, Mirpur",2,11.6,Sylhet Sunrisers,Minister Group Dhaka,Anamul Haque,CA Ingram,Shuvagata Hom,2,0,,,,,,,,,
1296691,2021/22,2022-01-25,"Shere Bangla National Stadium, Mirpur",2,12.1,Sylhet Sunrisers,Minister Group Dhaka,CA Ingram,Anamul Haque,AD Russell,1,0,,,,,,,,,
1296691,2021/22,2022-01-25,"Shere Bangla National Stadium, Mirpur",2,12.2,Sylhet Sunrisers,Minister Group Dhaka,Anamul Haque,CA Ingram,AD Russell,0,0,,,,,,,,,
1296691,2021/22,2022-01-25,"Shere Bangla National Stadium, Mirpur",2,12.3,Sylhet Sunrisers,Minister Group Dhaka,Anamul Haque,CA Ingram,AD Russell,1,0,,,,,,,,,
1296691,2021/22,2022-01-25,"Shere Bangla National Stadium, Mirpur",2,12.4,Sylhet Sunrisers,Minister Group Dhaka,CA Ingram,Anamul Haque,AD Russell,1,0,,,,,,,,,
1296691,2021/22,2022-01-25,"Shere Bangla National Stadium, Mirpur",2,12.5,Sylhet Sunrisers,Minister Group Dhaka,Anamul Haque,CA Ingram,AD Russell,6,0,,,,,,,,,
1296691,2021/22,2022-01-25,"Shere Bangla National Stadium, Mirpur",2,12.6,Sylhet Sunrisers,Minister Group Dhaka,Anamul Haque,CA Ingram,AD Russell,1,0,,,,,,,,,
1296691,2021/22,2022-01-25,"Shere Bangla National Stadium, Mirpur",2,13.1,Sylhet Sunrisers,Minister Group Dhaka,Anamul Haque,CA Ingram,Shuvagata Hom,1,0,,,,,,,,,
1296691,2021/22,2022-01-25,"Shere Bangla National Stadium, Mirpur",2,13.2,Sylhet Sunrisers,Minister Group Dhaka,CA Ingram,Anamul Haque,Shuvagata Hom,1,0,,,,,,,,,
1296691,2021/22,2022-01-25,"Shere Bangla National Stadium, Mirpur",2,13.3,Sylhet Sunrisers,Minister Group Dhaka,Anamul Haque,CA Ingram,Shuvagata Hom,1,0,,,,,,,,,
1296691,2021/22,2022-01-25,"Shere Bangla National Stadium, Mirpur",2,13.4,Sylhet Sunrisers,Minister Group Dhaka,CA Ingram,Anamul Haque,Shuvagata Hom,0,0,,,,,,,,,
1296691,2021/22,2022-01-25,"Shere Bangla National Stadium, Mirpur",2,13.5,Sylhet Sunrisers,Minister Group Dhaka,CA Ingram,Anamul Haque,Shuvagata Hom,1,0,,,,,,,,,
1296691,2021/22,2022-01-25,"Shere Bangla National Stadium, Mirpur",2,13.6,Sylhet Sunrisers,Minister Group Dhaka,Anamul Haque,CA Ingram,Shuvagata Hom,0,0,,,,,,,,,
1296691,2021/22,2022-01-25,"Shere Bangla National Stadium, Mirpur",2,14.1,Sylhet Sunrisers,Minister Group Dhaka,CA Ingram,Anamul Haque,Hasan Murad,0,0,,,,,,,,,
1296691,2021/22,2022-01-25,"Shere Bangla National Stadium, Mirpur",2,14.2,Sylhet Sunrisers,Minister Group Dhaka,CA Ingram,Anamul Haque,Hasan Murad,4,0,,,,,,,,,
1296691,2021/22,2022-01-25,"Shere Bangla National Stadium, Mirpur",2,14.3,Sylhet Sunrisers,Minister Group Dhaka,CA Ingram,Anamul Haque,Hasan Murad,1,0,,,,,,,,,
1296691,2021/22,2022-01-25,"Shere Bangla National Stadium, Mirpur",2,14.4,Sylhet Sunrisers,Minister Group Dhaka,Anamul Haque,CA Ingram,Hasan Murad,1,0,,,,,,,,,
1296691,2021/22,2022-01-25,"Shere Bangla National Stadium, Mirpur",2,14.5,Sylhet Sunrisers,Minister Group Dhaka,CA Ingram,Anamul Haque,Hasan Murad,0,0,,,,,,,,,
1296691,2021/22,2022-01-25,"Shere Bangla National Stadium, Mirpur",2,14.6,Sylhet Sunrisers,Minister Group Dhaka,CA Ingram,Anamul Haque,Hasan Murad,6,0,,,,,,,,,
1296691,2021/22,2022-01-25,"Shere Bangla National Stadium, Mirpur",2,15.1,Sylhet Sunrisers,Minister Group Dhaka,Anamul Haque,CA Ingram,Mahmudullah,1,0,,,,,,,,,
1296691,2021/22,2022-01-25,"Shere Bangla National Stadium, Mirpur",2,15.2,Sylhet Sunrisers,Minister Group Dhaka,CA Ingram,Anamul Haque,Mahmudullah,0,0,,,,,,,,,
1296691,2021/22,2022-01-25,"Shere Bangla National Stadium, Mirpur",2,15.3,Sylhet Sunrisers,Minister Group Dhaka,CA Ingram,Anamul Haque,Mahmudullah,1,0,,,,,,,,,
1296691,2021/22,2022-01-25,"Shere Bangla National Stadium, Mirpur",2,15.4,Sylhet Sunrisers,Minister Group Dhaka,Anamul Haque,CA Ingram,Mahmudullah,1,0,,,,,,,,,
1296691,2021/22,2022-01-25,"Shere Bangla National Stadium, Mirpur",2,15.5,Sylhet Sunrisers,Minister Group Dhaka,CA Ingram,Anamul Haque,Mahmudullah,0,0,,,,,,,,,
1296691,2021/22,2022-01-25,"Shere Bangla National Stadium, Mirpur",2,15.6,Sylhet Sunrisers,Minister Group Dhaka,CA Ingram,Anamul Haque,Mahmudullah,1,0,,,,,,,,,
1296691,2021/22,2022-01-25,"Shere Bangla National Stadium, Mirpur",2,16.1,Sylhet Sunrisers,Minister Group Dhaka,CA Ingram,Anamul Haque,Mashrafe Mortaza,0,1,1,,,,,,,,
1296691,2021/22,2022-01-25,"Shere Bangla National Stadium, Mirpur",2,16.2,Sylhet Sunrisers,Minister Group Dhaka,CA Ingram,Anamul Haque,Mashrafe Mortaza,1,0,,,,,,,,,
1296691,2021/22,2022-01-25,"Shere Bangla National Stadium, Mirpur",2,16.3,Sylhet Sunrisers,Minister Group Dhaka,Anamul Haque,CA Ingram,Mashrafe Mortaza,0,0,,,,,,,,,
1296691,2021/22,2022-01-25,"Shere Bangla National Stadium, Mirpur",2,16.4,Sylhet Sunrisers,Minister Group Dhaka,Anamul Haque,CA Ingram,Mashrafe Mortaza,0,0,,,,,,caught,Anamul Haque,,
1296691,2021/22,2022-01-25,"Shere Bangla National Stadium, Mirpur",2,16.5,Sylhet Sunrisers,Minister Group Dhaka,CA Ingram,RS Bopara,Mashrafe Mortaza,1,0,,,,,,,,,
1296691,2021/22,2022-01-25,"Shere Bangla National Stadium, Mirpur",2,16.6,Sylhet Sunrisers,Minister Group Dhaka,RS Bopara,CA Ingram,Mashrafe Mortaza,0,0,,,,,,,,,
1296691,2021/22,2022-01-25,"Shere Bangla National Stadium, Mirpur",2,16.7,Sylhet Sunrisers,Minister Group Dhaka,RS Bopara,CA Ingram,Mashrafe Mortaza,1,0,,,,,,,,,
