version,2.2.0
info,balls_per_over,6
info,team,Sylhet Sunrisers
info,team,Khulna Tigers
info,gender,male
info,season,2021/22
info,date,2022/02/03
info,event,Bangladesh Premier League
info,match_number,17
info,venue,"Shere Bangla National Stadium, Mirpur"
info,city,Dhaka
info,toss_winner,Khulna Tigers
info,toss_decision,field
info,player_of_match,ADS Fletcher
info,umpire,Masudur Rahman
info,umpire,Morshed Ali Khan
info,reserve_umpire,Mohammad Kamruzzaman
info,tv_umpire,Gazi Sohel
info,match_referee,Showkatur Rahman
info,winner,Khulna Tigers
info,winner_wickets,9
info,player,Sylhet Sunrisers,LMP Simmons
info,player,Sylhet Sunrisers,Anamul Haque
info,player,Sylhet Sunrisers,Mohammad Mithun
info,player,Sylhet Sunrisers,CA Ingram
info,player,Sylhet Sunrisers,Mosaddek Hossain
info,player,Sylhet Sunrisers,Muktar Ali
info,player,Sylhet Sunrisers,Nadif Chowdhury
info,player,Sylhet Sunrisers,Nazmul Islam
info,player,Sylhet Sunrisers,Sohag Gazi
info,player,Sylhet Sunrisers,Jubair Hossain
info,player,Sylhet Sunrisers,Shiraz Ahmed
info,player,Khulna Tigers,ADS Fletcher
info,player,Khulna Tigers,Soumya Sarkar
info,player,Khulna Tigers,NLTC Perera
info,player,Khulna Tigers,Yasir Ali Chowdhury
info,player,Khulna Tigers,Mushfiqur Rahim
info,player,Khulna Tigers,Mahedi Hasan
info,player,Khulna Tigers,S Prasanna
info,player,Khulna Tigers,Jaker Ali
info,player,Khulna Tigers,Kamrul Islam Rabbi
info,player,Khulna Tigers,Khaled Ahmed
info,player,Khulna Tigers,Nabil Samad
info,registry,people,ADS Fletcher,1bae756b
info,registry,people,Anamul Haque,72b245dd
info,registry,people,CA Ingram,c995d726
info,registry,people,Gazi Sohel,f0df3ed7
info,registry,people,Jaker Ali,cd56a813
info,registry,people,Jubair Hossain,902d916b
info,registry,people,Kamrul Islam Rabbi,f7e9a562
info,registry,people,Khaled Ahmed,5dbdecf1
info,registry,people,LMP Simmons,89f64c19
info,registry,people,Mahedi Hasan,9dad0f2e
info,registry,people,Masudur Rahman,9581ac6b
info,registry,people,Mohammad Kamruzzaman,74eb8175
info,registry,people,Mohammad Mithun,77191792
info,registry,people,Morshed Ali Khan,a7c3cf5f
info,registry,people,Mosaddek Hossain,8919756f
info,registry,people,Muktar Ali,4a491652
info,registry,people,Mushfiqur Rahim,a94e08ea
info,registry,people,NLTC Perera,0f12f9df
info,registry,people,Nabil Samad,b8d18afc
info,registry,people,Nadif Chowdhury,d6ac6545
info,registry,people,Nazmul Islam,6575e3bc
info,registry,people,S Prasanna,f78e7113
info,registry,people,Shiraz Ahmed,101dcc31
info,registry,people,Showkatur Rahman,5340a1c1
info,registry,people,Sohag Gazi,5a4c12ab
info,registry,people,Soumya Sarkar,4d9f9686
info,registry,people,Yasir Ali Chowdhury,5791b840
