match_id,season,start_date,venue,innings,ball,batting_team,bowling_team,striker,non_striker,bowler,runs_off_bat,extras,wides,noballs,byes,legbyes,penalty,wicket_type,player_dismissed,other_wicket_type,other_player_dismissed
1351054,2022/23,2023-01-07,"Shere Bangla National Stadium, Mirpur",1,0.1,Khulna Tigers,Dhaka Dominators,Tamim Iqbal,Sharjeel Khan,Taskin Ahmed,1,0,,,,,,,,,
1351054,2022/23,2023-01-07,"Shere Bangla National Stadium, Mirpur",1,0.2,Khulna Tigers,Dhaka Dominators,Sharjeel Khan,Tamim Iqbal,Taskin Ahmed,0,0,,,,,,,,,
1351054,2022/23,2023-01-07,"Shere Bangla National Stadium, Mirpur",1,0.3,Khulna Tigers,Dhaka Dominators,Sharjeel Khan,Tamim Iqbal,Taskin Ahmed,0,0,,,,,,,,,
1351054,2022/23,2023-01-07,"Shere Bangla National Stadium, Mirpur",1,0.4,Khulna Tigers,Dhaka Dominators,Sharjeel Khan,Tamim Iqbal,Taskin Ahmed,0,0,,,,,,,,,
1351054,2022/23,2023-01-07,"Shere Bangla National Stadium, Mirpur",1,0.5,Khulna Tigers,Dhaka Dominators,Sharjeel Khan,Tamim Iqbal,Taskin Ahmed,0,0,,,,,,,,,
1351054,2022/23,2023-01-07,"Shere Bangla National Stadium, Mirpur",1,0.6,Khulna Tigers,Dhaka Dominators,Sharjeel Khan,Tamim Iqbal,Taskin Ahmed,0,0,,,,,,,,,
1351054,2022/23,2023-01-07,"Shere Bangla National Stadium, Mirpur",1,1.1,Khulna Tigers,Dhaka Dominators,Tamim Iqbal,Sharjeel Khan,Nasir Hossain,0,1,1,,,,,,,,
1351054,2022/23,2023-01-07,"Shere Bangla National Stadium, Mirpur",1,1.2,Khulna Tigers,Dhaka Dominators,Tamim Iqbal,Sharjeel Khan,Nasir Hossain,1,0,,,,,,,,,
1351054,2022/23,2023-01-07,"Shere Bangla National Stadium, Mirpur",1,1.3,Khulna Tigers,Dhaka Dominators,Sharjeel Khan,Tamim Iqbal,Nasir Hossain,1,0,,,,,,,,,
1351054,2022/23,2023-01-07,"Shere Bangla National Stadium, Mirpur",1,1.4,Khulna Tigers,Dhaka Dominators,Tamim Iqbal,Sharjeel Khan,Nasir Hossain,0,0,,,,,,,,,
1351054,2022/23,2023-01-07,"Shere Bangla National Stadium, Mirpur",1,1.5,Khulna Tigers,Dhaka Dominators,Tamim Iqbal,Sharjeel Khan,Nasir Hossain,0,0,,,,,,,,,
1351054,2022/23,2023-01-07,"Shere Bangla National Stadium, Mirpur",1,1.6,Khulna Tigers,Dhaka Dominators,Tamim Iqbal,Sharjeel Khan,Nasir Hossain,0,0,,,,,,,,,
1351054,2022/23,2023-01-07,"Shere Bangla National Stadium, Mirpur",1,1.7,Khulna Tigers,Dhaka Dominators,Tamim Iqbal,Sharjeel Khan,Nasir Hossain,0,0,,,,,,,,,
1351054,2022/23,2023-01-07,"Shere Bangla National Stadium, Mirpur",1,2.1,Khulna Tigers,Dhaka Dominators,Sharjeel Khan,Tamim Iqbal,Taskin Ahmed,1,0,,,,,,,,,
1351054,2022/23,2023-01-07,"Shere Bangla National Stadium, Mirpur",1,2.2,Khulna Tigers,Dhaka Dominators,Tamim Iqbal,Sharjeel Khan,Taskin Ahmed,0,0,,,,,,,,,
1351054,2022/23,2023-01-07,"Shere Bangla National Stadium, Mirpur",1,2.3,Khulna Tigers,Dhaka Dominators,Tamim Iqbal,Sharjeel Khan,Taskin Ahmed,0,0,,,,,,,,,
1351054,2022/23,2023-01-07,"Shere Bangla National Stadium, Mirpur",1,2.4,Khulna Tigers,Dhaka Dominators,Tamim Iqbal,Sharjeel Khan,Taskin Ahmed,0,0,,,,,,,,,
1351054,2022/23,2023-01-07,"Shere Bangla National Stadium, Mirpur",1,2.5,Khulna Tigers,Dhaka Dominators,Tamim Iqbal,Sharjeel Khan,Taskin Ahmed,1,0,,,,,,,,,
1351054,2022/23,2023-01-07,"Shere Bangla National Stadium, Mirpur",1,2.6,Khulna Tigers,Dhaka Dominators,Sharjeel Khan,Tamim Iqbal,Taskin Ahmed,1,0,,,,,,,,,
1351054,2022/23,2023-01-07,"Shere Bangla National Stadium, Mirpur",1,3.1,Khulna Tigers,Dhaka Dominators,Sharjeel Khan,Tamim Iqbal,Nasir Hossain,0,0,,,,,,,,,
1351054,2022/23,2023-01-07,"Shere Bangla National Stadium, Mirpur",1,3.2,Khulna Tigers,Dhaka Dominators,Sharjeel Khan,Tamim Iqbal,Nasir Hossain,4,0,,,,,,,,,
1351054,2022/23,2023-01-07,"Shere Bangla National Stadium, Mirpur",1,3.3,Khulna Tigers,Dhaka Dominators,Sharjeel Khan,Tamim Iqbal,Nasir Hossain,0,0,,,,,,bowled,Sharjeel Khan,,
1351054,2022/23,2023-01-07,"Shere Bangla National Stadium, Mirpur",1,3.4,Khulna Tigers,Dhaka Dominators,Munim Shahriar,Tamim Iqbal,Nasir Hossain,4,0,,,,,,,,,
1351054,2022/23,2023-01-07,"Shere Bangla National Stadium, Mirpur",1,3.5,Khulna Tigers,Dhaka Dominators,Munim Shahriar,Tamim Iqbal,Nasir Hossain,0,0,,,,,,,,,
1351054,2022/23,2023-01-07,"Shere Bangla National Stadium, Mirpur",1,3.6,Khulna Tigers,Dhaka Dominators,Munim Shahriar,Tamim Iqbal,Nasir Hossain,0,0,,,,,,,,,
1351054,2022/23,2023-01-07,"Shere Bangla National Stadium, Mirpur",1,4.1,Khulna Tigers,Dhaka Dominators,Tamim Iqbal,Munim Shahriar,Al-Amin Hossain,1,0,,,,,,,,,
1351054,2022/23,2023-01-07,"Shere Bangla National Stadium, Mirpur",1,4.2,Khulna Tigers,Dhaka Dominators,Munim Shahriar,Tamim Iqbal,Al-Amin Hossain,0,0,,,,,,,,,
1351054,2022/23,2023-01-07,"Shere Bangla National Stadium, Mirpur",1,4.3,Khulna Tigers,Dhaka Dominators,Munim Shahriar,Tamim Iqbal,Al-Amin Hossain,0,0,,,,,,caught,Munim Shahriar,,
1351054,2022/23,2023-01-07,"Shere Bangla National Stadium, Mirpur",1,4.4,Khulna Tigers,Dhaka Dominators,Azam Khan,Tamim Iqbal,Al-Amin Hossain,0,0,,,,,,,,,
1351054,2022/23,2023-01-07,"Shere Bangla National Stadium, Mirpur",1,4.5,Khulna Tigers,Dhaka Dominators,Azam Khan,Tamim Iqbal,Al-Amin Hossain,4,0,,,,,,,,,
1351054,2022/23,2023-01-07,"Shere Bangla National Stadium, Mirpur",1,4.6,Khulna Tigers,Dhaka Dominators,Azam Khan,Tamim Iqbal,Al-Amin Hossain,4,0,,,,,,,,,
1351054,2022/23,2023-01-07,"Shere Bangla National Stadium, Mirpur",1,5.1,Khulna Tigers,Dhaka Dominators,Tamim Iqbal,Azam Khan,Arafat Sunny,0,0,,,,,,,,,
1351054,2022/23,2023-01-07,"Shere Bangla National Stadium, Mirpur",1,5.2,Khulna Tigers,Dhaka Dominators,Tamim Iqbal,Azam Khan,Arafat Sunny,4,0,,,,,,,,,
1351054,2022/23,2023-01-07,"Shere Bangla National Stadium, Mirpur",1,5.3,Khulna Tigers,Dhaka Dominators,Tamim Iqbal,Azam Khan,Arafat Sunny,0,0,,,,,,,,,
1351054,2022/23,2023-01-07,"Shere Bangla National Stadium, Mirpur",1,5.4,Khulna Tigers,Dhaka Dominators,Tamim Iqbal,Azam Khan,Arafat Sunny,0,0,,,,,,caught,Tamim Iqbal,,
1351054,2022/23,2023-01-07,"Shere Bangla National Stadium, Mirpur",1,5.5,Khulna Tigers,Dhaka Dominators,Yasir Ali Chowdhury,Azam Khan,Arafat Sunny,0,0,,,,,,,,,
1351054,2022/23,2023-01-07,"Shere Bangla National Stadium, Mirpur",1,5.6,Khulna Tigers,Dhaka Dominators,Yasir Ali Chowdhury,Azam Khan,Arafat Sunny,4,0,,,,,,,,,
1351054,2022/23,2023-01-07,"Shere Bangla National Stadium, Mirpur",1,6.1,Khulna Tigers,Dhaka Dominators,Azam Khan,Yasir Ali Chowdhury,Taskin Ahmed,1,0,,,,,,,,,
1351054,2022/23,2023-01-07,"Shere Bangla National Stadium, Mirpur",1,6.2,Khulna Tigers,Dhaka Dominators,Yasir Ali Chowdhury,Azam Khan,Taskin Ahmed,1,0,,,,,,,,,
1351054,2022/23,2023-01-07,"Shere Bangla National Stadium, Mirpur",1,6.3,Khulna Tigers,Dhaka Dominators,Azam Khan,Yasir Ali Chowdhury,Taskin Ahmed,0,0,,,,,,,,,
1351054,2022/23,2023-01-07,"Shere Bangla National Stadium, Mirpur",1,6.4,Khulna Tigers,Dhaka Dominators,Azam Khan,Yasir Ali Chowdhury,Taskin Ahmed,1,0,,,,,,,,,
1351054,2022/23,2023-01-07,"Shere Bangla National Stadium, Mirpur",1,6.5,Khulna Tigers,Dhaka Dominators,Yasir Ali Chowdhury,Azam Khan,Taskin Ahmed,2,0,,,,,,,,,
1351054,2022/23,2023-01-07,"Shere Bangla National Stadium, Mirpur",1,6.6,Khulna Tigers,Dhaka Dominators,Yasir Ali Chowdhury,Azam Khan,Taskin Ahmed,0,0,,,,,,,,,
1351054,2022/23,2023-01-07,"Shere Bangla National Stadium, Mirpur",1,7.1,Khulna Tigers,Dhaka Dominators,Azam Khan,Yasir Ali Chowdhury,Arafat Sunny,1,0,,,,,,,,,
1351054,2022/23,2023-01-07,"Shere Bangla National Stadium, Mirpur",1,7.2,Khulna Tigers,Dhaka Dominators,Yasir Ali Chowdhury,Azam Khan,Arafat Sunny,0,0,,,,,,,,,
1351054,2022/23,2023-01-07,"Shere Bangla National Stadium, Mirpur",1,7.3,Khulna Tigers,Dhaka Dominators,Yasir Ali Chowdhury,Azam Khan,Arafat Sunny,1,0,,,,,,,,,
1351054,2022/23,2023-01-07,"Shere Bangla National Stadium, Mirpur",1,7.4,Khulna Tigers,Dhaka Dominators,Azam Khan,Yasir Ali Chowdhury,Arafat Sunny,4,0,,,,,,,,,
1351054,2022/23,2023-01-07,"Shere Bangla National Stadium, Mirpur",1,7.5,Khulna Tigers,Dhaka Dominators,Azam Khan,Yasir Ali Chowdhury,Arafat Sunny,0,0,,,,,,,,,
1351054,2022/23,2023-01-07,"Shere Bangla National Stadium, Mirpur",1,7.6,Khulna Tigers,Dhaka Dominators,Azam Khan,Yasir Ali Chowdhury,Arafat Sunny,2,0,,,,,,,,,
1351054,2022/23,2023-01-07,"Shere Bangla National Stadium, Mirpur",1,8.1,Khulna Tigers,Dhaka Dominators,Yasir Ali Chowdhury,Azam Khan,Muktar Ali,0,0,,,,,,,,,
1351054,2022/23,2023-01-07,"Shere Bangla National Stadium, Mirpur",1,8.2,Khulna Tigers,Dhaka Dominators,Yasir Ali Chowdhury,Azam Khan,Muktar Ali,1,0,,,,,,,,,
1351054,2022/23,2023-01-07,"Shere Bangla National Stadium, Mirpur",1,8.3,Khulna Tigers,Dhaka Dominators,Azam Khan,Yasir Ali Chowdhury,Muktar Ali,1,0,,,,,,,,,
1351054,2022/23,2023-01-07,"Shere Bangla National Stadium, Mirpur",1,8.4,Khulna Tigers,Dhaka Dominators,Yasir Ali Chowdhury,Azam Khan,Muktar Ali,0,0,,,,,,,,,
1351054,2022/23,2023-01-07,"Shere Bangla National Stadium, Mirpur",1,8.5,Khulna Tigers,Dhaka Dominators,Yasir Ali Chowdhury,Azam Khan,Muktar Ali,0,0,,,,,,,,,
1351054,2022/23,2023-01-07,"Shere Bangla National Stadium, Mirpur",1,8.6,Khulna Tigers,Dhaka Dominators,Yasir Ali Chowdhury,Azam Khan,Muktar Ali,1,0,,,,,,,,,
1351054,2022/23,2023-01-07,"Shere Bangla National Stadium, Mirpur",1,9.1,Khulna Tigers,Dhaka Dominators,Yasir Ali Chowdhury,Azam Khan,Arafat Sunny,1,0,,,,,,,,,
1351054,2022/23,2023-01-07,"Shere Bangla National Stadium, Mirpur",1,9.2,Khulna Tigers,Dhaka Dominators,Azam Khan,Yasir Ali Chowdhury,Arafat Sunny,0,0,,,,,,bowled,Azam Khan,,
1351054,2022/23,2023-01-07,"Shere Bangla National Stadium, Mirpur",1,9.3,Khulna Tigers,Dhaka Dominators,Mohammad Saifuddin,Yasir Ali Chowdhury,Arafat Sunny,0,0,,,,,,,,,
1351054,2022/23,2023-01-07,"Shere Bangla National Stadium, Mirpur",1,9.4,Khulna Tigers,Dhaka Dominators,Mohammad Saifuddin,Yasir Ali Chowdhury,Arafat Sunny,0,0,,,,,,,,,
1351054,2022/23,2023-01-07,"Shere Bangla National Stadium, Mirpur",1,9.5,Khulna Tigers,Dhaka Dominators,Mohammad Saifuddin,Yasir Ali Chowdhury,Arafat Sunny,0,0,,,,,,,,,
1351054,2022/23,2023-01-07,"Shere Bangla National Stadium, Mirpur",1,9.6,Khulna Tigers,Dhaka Dominators,Mohammad Saifuddin,Yasir Ali Chowdhury,Arafat Sunny,0,0,,,,,,,,,
1351054,2022/23,2023-01-07,"Shere Bangla National Stadium, Mirpur",1,10.1,Khulna Tigers,Dhaka Dominators,Yasir Ali Chowdhury,Mohammad Saifuddin,Muktar Ali,1,0,,,,,,,,,
1351054,2022/23,2023-01-07,"Shere Bangla National Stadium, Mirpur",1,10.2,Khulna Tigers,Dhaka Dominators,Mohammad Saifuddin,Yasir Ali Chowdhury,Muktar Ali,0,0,,,,,,,,,
1351054,2022/23,2023-01-07,"Shere Bangla National Stadium, Mirpur",1,10.3,Khulna Tigers,Dhaka Dominators,Mohammad Saifuddin,Yasir Ali Chowdhury,Muktar Ali,0,0,,,,,,,,,
1351054,2022/23,2023-01-07,"Shere Bangla National Stadium, Mirpur",1,10.4,Khulna Tigers,Dhaka Dominators,Mohammad Saifuddin,Yasir Ali Chowdhury,Muktar Ali,0,0,,,,,,,,,
1351054,2022/23,2023-01-07,"Shere Bangla National Stadium, Mirpur",1,10.5,Khulna Tigers,Dhaka Dominators,Mohammad Saifuddin,Yasir Ali Chowdhury,Muktar Ali,0,0,,,,,,,,,
1351054,2022/23,2023-01-07,"Shere Bangla National Stadium, Mirpur",1,10.6,Khulna Tigers,Dhaka Dominators,Mohammad Saifuddin,Yasir Ali Chowdhury,Muktar Ali,1,0,,,,,,,,,
1351054,2022/23,2023-01-07,"Shere Bangla National Stadium, Mirpur",1,11.1,Khulna Tigers,Dhaka Dominators,Mohammad Saifuddin,Yasir Ali Chowdhury,Al-Amin Hossain,1,0,,,,,,,,,
1351054,2022/23,2023-01-07,"Shere Bangla National Stadium, Mirpur",1,11.2,Khulna Tigers,Dhaka Dominators,Yasir Ali Chowdhury,Mohammad Saifuddin,Al-Amin Hossain,0,0,,,,,,,,,
1351054,2022/23,2023-01-07,"Shere Bangla National Stadium, Mirpur",1,11.3,Khulna Tigers,Dhaka Dominators,Yasir Ali Chowdhury,Mohammad Saifuddin,Al-Amin Hossain,0,0,,,,,,,,,
1351054,2022/23,2023-01-07,"Shere Bangla National Stadium, Mirpur",1,11.4,Khulna Tigers,Dhaka Dominators,Yasir Ali Chowdhury,Mohammad Saifuddin,Al-Amin Hossain,0,0,,,,,,,,,
1351054,2022/23,2023-01-07,"Shere Bangla National Stadium, Mirpur",1,11.5,Khulna Tigers,Dhaka Dominators,Yasir Ali Chowdhury,Mohammad Saifuddin,Al-Amin Hossain,0,0,,,,,,,,,
1351054,2022/23,2023-01-07,"Shere Bangla National Stadium, Mirpur",1,11.6,Khulna Tigers,Dhaka Dominators,Yasir Ali Chowdhury,Mohammad Saifuddin,Al-Amin Hossain,2,0,,,,,,,,,
1351054,2022/23,2023-01-07,"Shere Bangla National Stadium, Mirpur",1,12.1,Khulna Tigers,Dhaka Dominators,Mohammad Saifuddin,Yasir Ali Chowdhury,Nasir Hossain,0,0,,,,,,,,,
1351054,2022/23,2023-01-07,"Shere Bangla National Stadium, Mirpur",1,12.2,Khulna Tigers,Dhaka Dominators,Mohammad Saifuddin,Yasir Ali Chowdhury,Nasir Hossain,1,0,,,,,,,,,
1351054,2022/23,2023-01-07,"Shere Bangla National Stadium, Mirpur",1,12.3,Khulna Tigers,Dhaka Dominators,Yasir Ali Chowdhury,Mohammad Saifuddin,Nasir Hossain,1,0,,,,,,,,,
1351054,2022/23,2023-01-07,"Shere Bangla National Stadium, Mirpur",1,12.4,Khulna Tigers,Dhaka Dominators,Mohammad Saifuddin,Yasir Ali Chowdhury,Nasir Hossain,1,0,,,,,,,,,
1351054,2022/23,2023-01-07,"Shere Bangla National Stadium, Mirpur",1,12.5,Khulna Tigers,Dhaka Dominators,Yasir Ali Chowdhury,Mohammad Saifuddin,Nasir Hossain,1,0,,,,,,,,,
1351054,2022/23,2023-01-07,"Shere Bangla National Stadium, Mirpur",1,12.6,Khulna Tigers,Dhaka Dominators,Mohammad Saifuddin,Yasir Ali Chowdhury,Nasir Hossain,1,0,,,,,,,,,
1351054,2022/23,2023-01-07,"Shere Bangla National Stadium, Mirpur",1,13.1,Khulna Tigers,Dhaka Dominators,Mohammad Saifuddin,Yasir Ali Chowdhury,Arafat Sunny,0,0,,,,,,,,,
1351054,2022/23,2023-01-07,"Shere Bangla National Stadium, Mirpur",1,13.2,Khulna Tigers,Dhaka Dominators,Mohammad Saifuddin,Yasir Ali Chowdhury,Arafat Sunny,0,1,,,,1,,,,,
1351054,2022/23,2023-01-07,"Shere Bangla National Stadium, Mirpur",1,13.3,Khulna Tigers,Dhaka Dominators,Yasir Ali Chowdhury,Mohammad Saifuddin,Arafat Sunny,1,0,,,,,,,,,
1351054,2022/23,2023-01-07,"Shere Bangla National Stadium, Mirpur",1,13.4,Khulna Tigers,Dhaka Dominators,Mohammad Saifuddin,Yasir Ali Chowdhury,Arafat Sunny,0,0,,,,,,,,,
1351054,2022/23,2023-01-07,"Shere Bangla National Stadium, Mirpur",1,13.5,Khulna Tigers,Dhaka Dominators,Mohammad Saifuddin,Yasir Ali Chowdhury,Arafat Sunny,0,0,,,,,,,,,
1351054,2022/23,2023-01-07,"Shere Bangla National Stadium, Mirpur",1,13.6,Khulna Tigers,Dhaka Dominators,Mohammad Saifuddin,Yasir Ali Chowdhury,Arafat Sunny,6,0,,,,,,,,,
1351054,2022/23,2023-01-07,"Shere Bangla National Stadium, Mirpur",1,14.1,Khulna Tigers,Dhaka Dominators,Yasir Ali Chowdhury,Mohammad Saifuddin,Nasir Hossain,1,0,,,,,,,,,
1351054,2022/23,2023-01-07,"Shere Bangla National Stadium, Mirpur",1,14.2,Khulna Tigers,Dhaka Dominators,Mohammad Saifuddin,Yasir Ali Chowdhury,Nasir Hossain,0,1,1,,,,,,,,
1351054,2022/23,2023-01-07,"Shere Bangla National Stadium, Mirpur",1,14.3,Khulna Tigers,Dhaka Dominators,Mohammad Saifuddin,Yasir Ali Chowdhury,Nasir Hossain,0,0,,,,,,,,,
1351054,2022/23,2023-01-07,"Shere Bangla National Stadium, Mirpur",1,14.4,Khulna Tigers,Dhaka Dominators,Mohammad Saifuddin,Yasir Ali Chowdhury,Nasir Hossain,4,0,,,,,,,,,
1351054,2022/23,2023-01-07,"Shere Bangla National Stadium, Mirpur",1,14.5,Khulna Tigers,Dhaka Dominators,Mohammad Saifuddin,Yasir Ali Chowdhury,Nasir Hossain,1,0,,,,,,,,,
1351054,2022/23,2023-01-07,"Shere Bangla National Stadium, Mirpur",1,14.6,Khulna Tigers,Dhaka Dominators,Yasir Ali Chowdhury,Mohammad Saifuddin,Nasir Hossain,6,0,,,,,,,,,
1351054,2022/23,2023-01-07,"Shere Bangla National Stadium, Mirpur",1,14.7,Khulna Tigers,Dhaka Dominators,Yasir Ali Chowdhury,Mohammad Saifuddin,Nasir Hossain,0,0,,,,,,caught,Yasir Ali Chowdhury,,
1351054,2022/23,2023-01-07,"Shere Bangla National Stadium, Mirpur",1,15.1,Khulna Tigers,Dhaka Dominators,Mohammad Saifuddin,Sabbir Rahman,Muktar Ali,0,1,,,,1,,,,,
1351054,2022/23,2023-01-07,"Shere Bangla National Stadium, Mirpur",1,15.2,Khulna Tigers,Dhaka Dominators,Sabbir Rahman,Mohammad Saifuddin,Muktar Ali,1,0,,,,,,,,,
1351054,2022/23,2023-01-07,"Shere Bangla National Stadium, Mirpur",1,15.3,Khulna Tigers,Dhaka Dominators,Mohammad Saifuddin,Sabbir Rahman,Muktar Ali,0,0,,,,,,,,,
1351054,2022/23,2023-01-07,"Shere Bangla National Stadium, Mirpur",1,15.4,Khulna Tigers,Dhaka Dominators,Mohammad Saifuddin,Sabbir Rahman,Muktar Ali,1,0,,,,,,,,,
1351054,2022/23,2023-01-07,"Shere Bangla National Stadium, Mirpur",1,15.5,Khulna Tigers,Dhaka Dominators,Sabbir Rahman,Mohammad Saifuddin,Muktar Ali,1,0,,,,,,,,,
1351054,2022/23,2023-01-07,"Shere Bangla National Stadium, Mirpur",1,15.6,Khulna Tigers,Dhaka Dominators,Mohammad Saifuddin,Sabbir Rahman,Muktar Ali,1,0,,,,,,,,,
1351054,2022/23,2023-01-07,"Shere Bangla National Stadium, Mirpur",1,16.1,Khulna Tigers,Dhaka Dominators,Mohammad Saifuddin,Sabbir Rahman,Al-Amin Hossain,1,0,,,,,,,,,
1351054,2022/23,2023-01-07,"Shere Bangla National Stadium, Mirpur",1,16.2,Khulna Tigers,Dhaka Dominators,Sabbir Rahman,Mohammad Saifuddin,Al-Amin Hossain,1,0,,,,,,,,,
1351054,2022/23,2023-01-07,"Shere Bangla National Stadium, Mirpur",1,16.3,Khulna Tigers,Dhaka Dominators,Mohammad Saifuddin,Sabbir Rahman,Al-Amin Hossain,0,0,,,,,,caught,Mohammad Saifuddin,,
1351054,2022/23,2023-01-07,"Shere Bangla National Stadium, Mirpur",1,16.4,Khulna Tigers,Dhaka Dominators,Nahidul Islam,Sabbir Rahman,Al-Amin Hossain,1,0,,,,,,,,,
1351054,2022/23,2023-01-07,"Shere Bangla National Stadium, Mirpur",1,16.5,Khulna Tigers,Dhaka Dominators,Sabbir Rahman,Nahidul Islam,Al-Amin Hossain,0,0,,,,,,,,,
1351054,2022/23,2023-01-07,"Shere Bangla National Stadium, Mirpur",1,16.6,Khulna Tigers,Dhaka Dominators,Sabbir Rahman,Nahidul Islam,Al-Amin Hossain,1,0,,,,,,,,,
1351054,2022/23,2023-01-07,"Shere Bangla National Stadium, Mirpur",1,17.1,Khulna Tigers,Dhaka Dominators,Sabbir Rahman,Nahidul Islam,Taskin Ahmed,1,0,,,,,,,,,
1351054,2022/23,2023-01-07,"Shere Bangla National Stadium, Mirpur",1,17.2,Khulna Tigers,Dhaka Dominators,Nahidul Islam,Sabbir Rahman,Taskin Ahmed,0,0,,,,,,,,,
1351054,2022/23,2023-01-07,"Shere Bangla National Stadium, Mirpur",1,17.3,Khulna Tigers,Dhaka Dominators,Nahidul Islam,Sabbir Rahman,Taskin Ahmed,4,0,,,,,,,,,
1351054,2022/23,2023-01-07,"Shere Bangla National Stadium, Mirpur",1,17.4,Khulna Tigers,Dhaka Dominators,Nahidul Islam,Sabbir Rahman,Taskin Ahmed,0,0,,,,,,,,,
1351054,2022/23,2023-01-07,"Shere Bangla National Stadium, Mirpur",1,17.5,Khulna Tigers,Dhaka Dominators,Nahidul Islam,Sabbir Rahman,Taskin Ahmed,0,0,,,,,,,,,
1351054,2022/23,2023-01-07,"Shere Bangla National Stadium, Mirpur",1,17.6,Khulna Tigers,Dhaka Dominators,Nahidul Islam,Sabbir Rahman,Taskin Ahmed,0,0,,,,,,,,,
1351054,2022/23,2023-01-07,"Shere Bangla National Stadium, Mirpur",1,18.1,Khulna Tigers,Dhaka Dominators,Sabbir Rahman,Nahidul Islam,Muktar Ali,0,0,,,,,,,,,
1351054,2022/23,2023-01-07,"Shere Bangla National Stadium, Mirpur",1,18.2,Khulna Tigers,Dhaka Dominators,Sabbir Rahman,Nahidul Islam,Muktar Ali,2,0,,,,,,,,,
1351054,2022/23,2023-01-07,"Shere Bangla National Stadium, Mirpur",1,18.3,Khulna Tigers,Dhaka Dominators,Sabbir Rahman,Nahidul Islam,Muktar Ali,1,0,,,,,,,,,
1351054,2022/23,2023-01-07,"Shere Bangla National Stadium, Mirpur",1,18.4,Khulna Tigers,Dhaka Dominators,Nahidul Islam,Sabbir Rahman,Muktar Ali,1,0,,,,,,,,,
1351054,2022/23,2023-01-07,"Shere Bangla National Stadium, Mirpur",1,18.5,Khulna Tigers,Dhaka Dominators,Sabbir Rahman,Nahidul Islam,Muktar Ali,1,0,,,,,,,,,
1351054,2022/23,2023-01-07,"Shere Bangla National Stadium, Mirpur",1,18.6,Khulna Tigers,Dhaka Dominators,Nahidul Islam,Sabbir Rahman,Muktar Ali,1,0,,,,,,,,,
1351054,2022/23,2023-01-07,"Shere Bangla National Stadium, Mirpur",1,19.1,Khulna Tigers,Dhaka Dominators,Nahidul Islam,Sabbir Rahman,Al-Amin Hossain,0,0,,,,,,caught,Nahidul Islam,,
1351054,2022/23,2023-01-07,"Shere Bangla National Stadium, Mirpur",1,19.2,Khulna Tigers,Dhaka Dominators,Wahab Riaz,Sabbir Rahman,Al-Amin Hossain,4,0,,,,,,,,,
1351054,2022/23,2023-01-07,"Shere Bangla National Stadium, Mirpur",1,19.3,Khulna Tigers,Dhaka Dominators,Wahab Riaz,Sabbir Rahman,Al-Amin Hossain,6,0,,,,,,,,,
1351054,2022/23,2023-01-07,"Shere Bangla National Stadium, Mirpur",1,19.4,Khulna Tigers,Dhaka Dominators,Wahab Riaz,Sabbir Rahman,Al-Amin Hossain,0,0,,,,,,caught,Wahab Riaz,,
1351054,2022/23,2023-01-07,"Shere Bangla National Stadium, Mirpur",1,19.5,Khulna Tigers,Dhaka Dominators,PA van Meekeren,Sabbir Rahman,Al-Amin Hossain,0,1,,,1,,,,,,
1351054,2022/23,2023-01-07,"Shere Bangla National Stadium, Mirpur",1,19.6,Khulna Tigers,Dhaka Dominators,Sabbir Rahman,PA van Meekeren,Al-Amin Hossain,2,0,,,,,,,,,
1351054,2022/23,2023-01-07,"Shere Bangla National Stadium, Mirpur",2,0.1,Dhaka Dominators,Khulna Tigers,EMDY Munaweera,Ahmed Shehzad,Nasum Ahmed,0,0,,,,,,,,,
1351054,2022/23,2023-01-07,"Shere Bangla National Stadium, Mirpur",2,0.2,Dhaka Dominators,Khulna Tigers,EMDY Munaweera,Ahmed Shehzad,Nasum Ahmed,0,0,,,,,,,,,
1351054,2022/23,2023-01-07,"Shere Bangla National Stadium, Mirpur",2,0.3,Dhaka Dominators,Khulna Tigers,EMDY Munaweera,Ahmed Shehzad,Nasum Ahmed,4,0,,,,,,,,,
1351054,2022/23,2023-01-07,"Shere Bangla National Stadium, Mirpur",2,0.4,Dhaka Dominators,Khulna Tigers,EMDY Munaweera,Ahmed Shehzad,Nasum Ahmed,0,0,,,,,,,,,
1351054,2022/23,2023-01-07,"Shere Bangla National Stadium, Mirpur",2,0.5,Dhaka Dominators,Khulna Tigers,EMDY Munaweera,Ahmed Shehzad,Nasum Ahmed,0,0,,,,,,,,,
1351054,2022/23,2023-01-07,"Shere Bangla National Stadium, Mirpur",2,0.6,Dhaka Dominators,Khulna Tigers,EMDY Munaweera,Ahmed Shehzad,Nasum Ahmed,1,0,,,,,,,,,
1351054,2022/23,2023-01-07,"Shere Bangla National Stadium, Mirpur",2,1.1,Dhaka Dominators,Khulna Tigers,EMDY Munaweera,Ahmed Shehzad,PA van Meekeren,0,0,,,,,,,,,
1351054,2022/23,2023-01-07,"Shere Bangla National Stadium, Mirpur",2,1.2,Dhaka Dominators,Khulna Tigers,EMDY Munaweera,Ahmed Shehzad,PA van Meekeren,0,0,,,,,,,,,
1351054,2022/23,2023-01-07,"Shere Bangla National Stadium, Mirpur",2,1.3,Dhaka Dominators,Khulna Tigers,EMDY Munaweera,Ahmed Shehzad,PA van Meekeren,0,0,,,,,,,,,
1351054,2022/23,2023-01-07,"Shere Bangla National Stadium, Mirpur",2,1.4,Dhaka Dominators,Khulna Tigers,EMDY Munaweera,Ahmed Shehzad,PA van Meekeren,0,0,,,,,,,,,
1351054,2022/23,2023-01-07,"Shere Bangla National Stadium, Mirpur",2,1.5,Dhaka Dominators,Khulna Tigers,EMDY Munaweera,Ahmed Shehzad,PA van Meekeren,1,0,,,,,,,,,
1351054,2022/23,2023-01-07,"Shere Bangla National Stadium, Mirpur",2,1.6,Dhaka Dominators,Khulna Tigers,Ahmed Shehzad,EMDY Munaweera,PA van Meekeren,0,0,,,,,,,,,
1351054,2022/23,2023-01-07,"Shere Bangla National Stadium, Mirpur",2,2.1,Dhaka Dominators,Khulna Tigers,EMDY Munaweera,Ahmed Shehzad,Nasum Ahmed,4,0,,,,,,,,,
1351054,2022/23,2023-01-07,"Shere Bangla National Stadium, Mirpur",2,2.2,Dhaka Dominators,Khulna Tigers,EMDY Munaweera,Ahmed Shehzad,Nasum Ahmed,0,0,,,,,,,,,
1351054,2022/23,2023-01-07,"Shere Bangla National Stadium, Mirpur",2,2.3,Dhaka Dominators,Khulna Tigers,EMDY Munaweera,Ahmed Shehzad,Nasum Ahmed,1,0,,,,,,,,,
1351054,2022/23,2023-01-07,"Shere Bangla National Stadium, Mirpur",2,2.4,Dhaka Dominators,Khulna Tigers,Ahmed Shehzad,EMDY Munaweera,Nasum Ahmed,0,0,,,,,,,,,
1351054,2022/23,2023-01-07,"Shere Bangla National Stadium, Mirpur",2,2.5,Dhaka Dominators,Khulna Tigers,Ahmed Shehzad,EMDY Munaweera,Nasum Ahmed,0,0,,,,,,,,,
1351054,2022/23,2023-01-07,"Shere Bangla National Stadium, Mirpur",2,2.6,Dhaka Dominators,Khulna Tigers,Ahmed Shehzad,EMDY Munaweera,Nasum Ahmed,0,0,,,,,,,,,
1351054,2022/23,2023-01-07,"Shere Bangla National Stadium, Mirpur",2,3.1,Dhaka Dominators,Khulna Tigers,EMDY Munaweera,Ahmed Shehzad,PA van Meekeren,0,0,,,,,,,,,
1351054,2022/23,2023-01-07,"Shere Bangla National Stadium, Mirpur",2,3.2,Dhaka Dominators,Khulna Tigers,EMDY Munaweera,Ahmed Shehzad,PA van Meekeren,1,0,,,,,,,,,
1351054,2022/23,2023-01-07,"Shere Bangla National Stadium, Mirpur",2,3.3,Dhaka Dominators,Khulna Tigers,Ahmed Shehzad,EMDY Munaweera,PA van Meekeren,4,0,,,,,,,,,
1351054,2022/23,2023-01-07,"Shere Bangla National Stadium, Mirpur",2,3.4,Dhaka Dominators,Khulna Tigers,Ahmed Shehzad,EMDY Munaweera,PA van Meekeren,0,0,,,,,,,,,
1351054,2022/23,2023-01-07,"Shere Bangla National Stadium, Mirpur",2,3.5,Dhaka Dominators,Khulna Tigers,Ahmed Shehzad,EMDY Munaweera,PA van Meekeren,0,0,,,,,,retired hurt,Ahmed Shehzad,,
1351054,2022/23,2023-01-07,"Shere Bangla National Stadium, Mirpur",2,3.6,Dhaka Dominators,Khulna Tigers,Soumya Sarkar,EMDY Munaweera,PA van Meekeren,0,0,,,,,,,,,
1351054,2022/23,2023-01-07,"Shere Bangla National Stadium, Mirpur",2,4.1,Dhaka Dominators,Khulna Tigers,EMDY Munaweera,Soumya Sarkar,Nahidul Islam,0,0,,,,,,,,,
1351054,2022/23,2023-01-07,"Shere Bangla National Stadium, Mirpur",2,4.2,Dhaka Dominators,Khulna Tigers,EMDY Munaweera,Soumya Sarkar,Nahidul Islam,0,0,,,,,,,,,
1351054,2022/23,2023-01-07,"Shere Bangla National Stadium, Mirpur",2,4.3,Dhaka Dominators,Khulna Tigers,EMDY Munaweera,Soumya Sarkar,Nahidul Islam,0,0,,,,,,,,,
1351054,2022/23,2023-01-07,"Shere Bangla National Stadium, Mirpur",2,4.4,Dhaka Dominators,Khulna Tigers,EMDY Munaweera,Soumya Sarkar,Nahidul Islam,1,0,,,,,,,,,
1351054,2022/23,2023-01-07,"Shere Bangla National Stadium, Mirpur",2,4.5,Dhaka Dominators,Khulna Tigers,Soumya Sarkar,EMDY Munaweera,Nahidul Islam,1,0,,,,,,,,,
1351054,2022/23,2023-01-07,"Shere Bangla National Stadium, Mirpur",2,4.6,Dhaka Dominators,Khulna Tigers,EMDY Munaweera,Soumya Sarkar,Nahidul Islam,4,0,,,,,,,,,
1351054,2022/23,2023-01-07,"Shere Bangla National Stadium, Mirpur",2,5.1,Dhaka Dominators,Khulna Tigers,Soumya Sarkar,EMDY Munaweera,Nasum Ahmed,4,0,,,,,,,,,
1351054,2022/23,2023-01-07,"Shere Bangla National Stadium, Mirpur",2,5.2,Dhaka Dominators,Khulna Tigers,Soumya Sarkar,EMDY Munaweera,Nasum Ahmed,0,0,,,,,,,,,
1351054,2022/23,2023-01-07,"Shere Bangla National Stadium, Mirpur",2,5.3,Dhaka Dominators,Khulna Tigers,Soumya Sarkar,EMDY Munaweera,Nasum Ahmed,0,0,,,,,,,,,
1351054,2022/23,2023-01-07,"Shere Bangla National Stadium, Mirpur",2,5.4,Dhaka Dominators,Khulna Tigers,Soumya Sarkar,EMDY Munaweera,Nasum Ahmed,0,0,,,,,,,,,
1351054,2022/23,2023-01-07,"Shere Bangla National Stadium, Mirpur",2,5.5,Dhaka Dominators,Khulna Tigers,Soumya Sarkar,EMDY Munaweera,Nasum Ahmed,0,0,,,,,,,,,
1351054,2022/23,2023-01-07,"Shere Bangla National Stadium, Mirpur",2,5.6,Dhaka Dominators,Khulna Tigers,Soumya Sarkar,EMDY Munaweera,Nasum Ahmed,4,0,,,,,,,,,
1351054,2022/23,2023-01-07,"Shere Bangla National Stadium, Mirpur",2,6.1,Dhaka Dominators,Khulna Tigers,EMDY Munaweera,Soumya Sarkar,Mohammad Saifuddin,1,0,,,,,,,,,
1351054,2022/23,2023-01-07,"Shere Bangla National Stadium, Mirpur",2,6.2,Dhaka Dominators,Khulna Tigers,Soumya Sarkar,EMDY Munaweera,Mohammad Saifuddin,0,0,,,,,,,,,
1351054,2022/23,2023-01-07,"Shere Bangla National Stadium, Mirpur",2,6.3,Dhaka Dominators,Khulna Tigers,Soumya Sarkar,EMDY Munaweera,Mohammad Saifuddin,1,0,,,,,,,,,
1351054,2022/23,2023-01-07,"Shere Bangla National Stadium, Mirpur",2,6.4,Dhaka Dominators,Khulna Tigers,EMDY Munaweera,Soumya Sarkar,Mohammad Saifuddin,0,0,,,,,,,,,
1351054,2022/23,2023-01-07,"Shere Bangla National Stadium, Mirpur",2,6.5,Dhaka Dominators,Khulna Tigers,EMDY Munaweera,Soumya Sarkar,Mohammad Saifuddin,1,0,,,,,,,,,
1351054,2022/23,2023-01-07,"Shere Bangla National Stadium, Mirpur",2,6.6,Dhaka Dominators,Khulna Tigers,Soumya Sarkar,EMDY Munaweera,Mohammad Saifuddin,0,0,,,,,,,,,
1351054,2022/23,2023-01-07,"Shere Bangla National Stadium, Mirpur",2,7.1,Dhaka Dominators,Khulna Tigers,EMDY Munaweera,Soumya Sarkar,Wahab Riaz,0,1,1,,,,,,,,
1351054,2022/23,2023-01-07,"Shere Bangla National Stadium, Mirpur",2,7.2,Dhaka Dominators,Khulna Tigers,EMDY Munaweera,Soumya Sarkar,Wahab Riaz,0,5,5,,,,,,,,
1351054,2022/23,2023-01-07,"Shere Bangla National Stadium, Mirpur",2,7.3,Dhaka Dominators,Khulna Tigers,EMDY Munaweera,Soumya Sarkar,Wahab Riaz,1,1,,1,,,,,,,
1351054,2022/23,2023-01-07,"Shere Bangla National Stadium, Mirpur",2,7.4,Dhaka Dominators,Khulna Tigers,Soumya Sarkar,EMDY Munaweera,Wahab Riaz,6,0,,,,,,,,,
1351054,2022/23,2023-01-07,"Shere Bangla National Stadium, Mirpur",2,7.5,Dhaka Dominators,Khulna Tigers,Soumya Sarkar,EMDY Munaweera,Wahab Riaz,0,0,,,,,,caught,Soumya Sarkar,,
1351054,2022/23,2023-01-07,"Shere Bangla National Stadium, Mirpur",2,7.6,Dhaka Dominators,Khulna Tigers,Mohammad Mithun,EMDY Munaweera,Wahab Riaz,0,0,,,,,,,,,
1351054,2022/23,2023-01-07,"Shere Bangla National Stadium, Mirpur",2,7.7,Dhaka Dominators,Khulna Tigers,Mohammad Mithun,EMDY Munaweera,Wahab Riaz,0,0,,,,,,,,,
1351054,2022/23,2023-01-07,"Shere Bangla National Stadium, Mirpur",2,7.8,Dhaka Dominators,Khulna Tigers,Mohammad Mithun,EMDY Munaweera,Wahab Riaz,0,0,,,,,,,,,
1351054,2022/23,2023-01-07,"Shere Bangla National Stadium, Mirpur",2,7.9,Dhaka Dominators,Khulna Tigers,Mohammad Mithun,EMDY Munaweera,Wahab Riaz,0,0,,,,,,,,,
1351054,2022/23,2023-01-07,"Shere Bangla National Stadium, Mirpur",2,8.1,Dhaka Dominators,Khulna Tigers,EMDY Munaweera,Mohammad Mithun,Mohammad Saifuddin,1,0,,,,,,,,,
1351054,2022/23,2023-01-07,"Shere Bangla National Stadium, Mirpur",2,8.2,Dhaka Dominators,Khulna Tigers,Mohammad Mithun,EMDY Munaweera,Mohammad Saifuddin,1,0,,,,,,,,,
1351054,2022/23,2023-01-07,"Shere Bangla National Stadium, Mirpur",2,8.3,Dhaka Dominators,Khulna Tigers,EMDY Munaweera,Mohammad Mithun,Mohammad Saifuddin,1,0,,,,,,,,,
1351054,2022/23,2023-01-07,"Shere Bangla National Stadium, Mirpur",2,8.4,Dhaka Dominators,Khulna Tigers,Mohammad Mithun,EMDY Munaweera,Mohammad Saifuddin,1,0,,,,,,,,,
1351054,2022/23,2023-01-07,"Shere Bangla National Stadium, Mirpur",2,8.5,Dhaka Dominators,Khulna Tigers,EMDY Munaweera,Mohammad Mithun,Mohammad Saifuddin,0,0,,,,,,lbw,EMDY Munaweera,,
1351054,2022/23,2023-01-07,"Shere Bangla National Stadium, Mirpur",2,8.6,Dhaka Dominators,Khulna Tigers,Nasir Hossain,Mohammad Mithun,Mohammad Saifuddin,0,0,,,,,,,,,
1351054,2022/23,2023-01-07,"Shere Bangla National Stadium, Mirpur",2,9.1,Dhaka Dominators,Khulna Tigers,Mohammad Mithun,Nasir Hossain,Wahab Riaz,0,5,5,,,,,,,,
1351054,2022/23,2023-01-07,"Shere Bangla National Stadium, Mirpur",2,9.2,Dhaka Dominators,Khulna Tigers,Mohammad Mithun,Nasir Hossain,Wahab Riaz,1,0,,,,,,,,,
1351054,2022/23,2023-01-07,"Shere Bangla National Stadium, Mirpur",2,9.3,Dhaka Dominators,Khulna Tigers,Nasir Hossain,Mohammad Mithun,Wahab Riaz,0,0,,,,,,,,,
1351054,2022/23,2023-01-07,"Shere Bangla National Stadium, Mirpur",2,9.4,Dhaka Dominators,Khulna Tigers,Nasir Hossain,Mohammad Mithun,Wahab Riaz,0,0,,,,,,,,,
1351054,2022/23,2023-01-07,"Shere Bangla National Stadium, Mirpur",2,9.5,Dhaka Dominators,Khulna Tigers,Nasir Hossain,Mohammad Mithun,Wahab Riaz,0,0,,,,,,,,,
1351054,2022/23,2023-01-07,"Shere Bangla National Stadium, Mirpur",2,9.6,Dhaka Dominators,Khulna Tigers,Nasir Hossain,Mohammad Mithun,Wahab Riaz,0,0,,,,,,,,,
1351054,2022/23,2023-01-07,"Shere Bangla National Stadium, Mirpur",2,9.7,Dhaka Dominators,Khulna Tigers,Nasir Hossain,Mohammad Mithun,Wahab Riaz,0,0,,,,,,,,,
1351054,2022/23,2023-01-07,"Shere Bangla National Stadium, Mirpur",2,10.1,Dhaka Dominators,Khulna Tigers,Mohammad Mithun,Nasir Hossain,Nasum Ahmed,1,0,,,,,,,,,
1351054,2022/23,2023-01-07,"Shere Bangla National Stadium, Mirpur",2,10.2,Dhaka Dominators,Khulna Tigers,Nasir Hossain,Mohammad Mithun,Nasum Ahmed,0,0,,,,,,,,,
1351054,2022/23,2023-01-07,"Shere Bangla National Stadium, Mirpur",2,10.3,Dhaka Dominators,Khulna Tigers,Nasir Hossain,Mohammad Mithun,Nasum Ahmed,1,0,,,,,,,,,
1351054,2022/23,2023-01-07,"Shere Bangla National Stadium, Mirpur",2,10.4,Dhaka Dominators,Khulna Tigers,Mohammad Mithun,Nasir Hossain,Nasum Ahmed,1,0,,,,,,,,,
1351054,2022/23,2023-01-07,"Shere Bangla National Stadium, Mirpur",2,10.5,Dhaka Dominators,Khulna Tigers,Nasir Hossain,Mohammad Mithun,Nasum Ahmed,1,0,,,,,,,,,
1351054,2022/23,2023-01-07,"Shere Bangla National Stadium, Mirpur",2,10.6,Dhaka Dominators,Khulna Tigers,Mohammad Mithun,Nasir Hossain,Nasum Ahmed,1,0,,,,,,,,,
1351054,2022/23,2023-01-07,"Shere Bangla National Stadium, Mirpur",2,11.1,Dhaka Dominators,Khulna Tigers,Mohammad Mithun,Nasir Hossain,PA van Meekeren,1,0,,,,,,,,,
1351054,2022/23,2023-01-07,"Shere Bangla National Stadium, Mirpur",2,11.2,Dhaka Dominators,Khulna Tigers,Nasir Hossain,Mohammad Mithun,PA van Meekeren,1,0,,,,,,,,,
1351054,2022/23,2023-01-07,"Shere Bangla National Stadium, Mirpur",2,11.3,Dhaka Dominators,Khulna Tigers,Mohammad Mithun,Nasir Hossain,PA van Meekeren,0,0,,,,,,,,,
1351054,2022/23,2023-01-07,"Shere Bangla National Stadium, Mirpur",2,11.4,Dhaka Dominators,Khulna Tigers,Mohammad Mithun,Nasir Hossain,PA van Meekeren,1,0,,,,,,,,,
1351054,2022/23,2023-01-07,"Shere Bangla National Stadium, Mirpur",2,11.5,Dhaka Dominators,Khulna Tigers,Nasir Hossain,Mohammad Mithun,PA van Meekeren,1,0,,,,,,,,,
1351054,2022/23,2023-01-07,"Shere Bangla National Stadium, Mirpur",2,11.6,Dhaka Dominators,Khulna Tigers,Mohammad Mithun,Nasir Hossain,PA van Meekeren,0,0,,,,,,bowled,Mohammad Mithun,,
1351054,2022/23,2023-01-07,"Shere Bangla National Stadium, Mirpur",2,12.1,Dhaka Dominators,Khulna Tigers,Nasir Hossain,Usman Ghani,Nahidul Islam,1,0,,,,,,,,,
1351054,2022/23,2023-01-07,"Shere Bangla National Stadium, Mirpur",2,12.2,Dhaka Dominators,Khulna Tigers,Usman Ghani,Nasir Hossain,Nahidul Islam,1,0,,,,,,,,,
1351054,2022/23,2023-01-07,"Shere Bangla National Stadium, Mirpur",2,12.3,Dhaka Dominators,Khulna Tigers,Nasir Hossain,Usman Ghani,Nahidul Islam,0,0,,,,,,,,,
1351054,2022/23,2023-01-07,"Shere Bangla National Stadium, Mirpur",2,12.4,Dhaka Dominators,Khulna Tigers,Nasir Hossain,Usman Ghani,Nahidul Islam,1,0,,,,,,,,,
1351054,2022/23,2023-01-07,"Shere Bangla National Stadium, Mirpur",2,12.5,Dhaka Dominators,Khulna Tigers,Usman Ghani,Nasir Hossain,Nahidul Islam,0,0,,,,,,,,,
1351054,2022/23,2023-01-07,"Shere Bangla National Stadium, Mirpur",2,12.6,Dhaka Dominators,Khulna Tigers,Usman Ghani,Nasir Hossain,Nahidul Islam,0,0,,,,,,,,,
1351054,2022/23,2023-01-07,"Shere Bangla National Stadium, Mirpur",2,13.1,Dhaka Dominators,Khulna Tigers,Nasir Hossain,Usman Ghani,Mohammad Saifuddin,1,0,,,,,,,,,
1351054,2022/23,2023-01-07,"Shere Bangla National Stadium, Mirpur",2,13.2,Dhaka Dominators,Khulna Tigers,Usman Ghani,Nasir Hossain,Mohammad Saifuddin,1,0,,,,,,,,,
1351054,2022/23,2023-01-07,"Shere Bangla National Stadium, Mirpur",2,13.3,Dhaka Dominators,Khulna Tigers,Nasir Hossain,Usman Ghani,Mohammad Saifuddin,1,0,,,,,,,,,
1351054,2022/23,2023-01-07,"Shere Bangla National Stadium, Mirpur",2,13.4,Dhaka Dominators,Khulna Tigers,Usman Ghani,Nasir Hossain,Mohammad Saifuddin,1,0,,,,,,,,,
1351054,2022/23,2023-01-07,"Shere Bangla National Stadium, Mirpur",2,13.5,Dhaka Dominators,Khulna Tigers,Nasir Hossain,Usman Ghani,Mohammad Saifuddin,1,0,,,,,,,,,
1351054,2022/23,2023-01-07,"Shere Bangla National Stadium, Mirpur",2,13.6,Dhaka Dominators,Khulna Tigers,Usman Ghani,Nasir Hossain,Mohammad Saifuddin,2,0,,,,,,,,,
1351054,2022/23,2023-01-07,"Shere Bangla National Stadium, Mirpur",2,14.1,Dhaka Dominators,Khulna Tigers,Nasir Hossain,Usman Ghani,Nahidul Islam,0,0,,,,,,,,,
1351054,2022/23,2023-01-07,"Shere Bangla National Stadium, Mirpur",2,14.2,Dhaka Dominators,Khulna Tigers,Nasir Hossain,Usman Ghani,Nahidul Islam,4,0,,,,,,,,,
1351054,2022/23,2023-01-07,"Shere Bangla National Stadium, Mirpur",2,14.3,Dhaka Dominators,Khulna Tigers,Nasir Hossain,Usman Ghani,Nahidul Islam,1,0,,,,,,,,,
1351054,2022/23,2023-01-07,"Shere Bangla National Stadium, Mirpur",2,14.4,Dhaka Dominators,Khulna Tigers,Usman Ghani,Nasir Hossain,Nahidul Islam,0,0,,,,,,,,,
1351054,2022/23,2023-01-07,"Shere Bangla National Stadium, Mirpur",2,14.5,Dhaka Dominators,Khulna Tigers,Usman Ghani,Nasir Hossain,Nahidul Islam,4,0,,,,,,,,,
1351054,2022/23,2023-01-07,"Shere Bangla National Stadium, Mirpur",2,14.6,Dhaka Dominators,Khulna Tigers,Usman Ghani,Nasir Hossain,Nahidul Islam,0,0,,,,,,,,,
1351054,2022/23,2023-01-07,"Shere Bangla National Stadium, Mirpur",2,15.1,Dhaka Dominators,Khulna Tigers,Nasir Hossain,Usman Ghani,Wahab Riaz,0,0,,,,,,,,,
1351054,2022/23,2023-01-07,"Shere Bangla National Stadium, Mirpur",2,15.2,Dhaka Dominators,Khulna Tigers,Nasir Hossain,Usman Ghani,Wahab Riaz,0,0,,,,,,,,,
1351054,2022/23,2023-01-07,"Shere Bangla National Stadium, Mirpur",2,15.3,Dhaka Dominators,Khulna Tigers,Nasir Hossain,Usman Ghani,Wahab Riaz,1,0,,,,,,,,,
1351054,2022/23,2023-01-07,"Shere Bangla National Stadium, Mirpur",2,15.4,Dhaka Dominators,Khulna Tigers,Usman Ghani,Nasir Hossain,Wahab Riaz,1,0,,,,,,,,,
1351054,2022/23,2023-01-07,"Shere Bangla National Stadium, Mirpur",2,15.5,Dhaka Dominators,Khulna Tigers,Nasir Hossain,Usman Ghani,Wahab Riaz,1,0,,,,,,,,,
1351054,2022/23,2023-01-07,"Shere Bangla National Stadium, Mirpur",2,15.6,Dhaka Dominators,Khulna Tigers,Usman Ghani,Nasir Hossain,Wahab Riaz,1,0,,,,,,,,,
1351054,2022/23,2023-01-07,"Shere Bangla National Stadium, Mirpur",2,16.1,Dhaka Dominators,Khulna Tigers,Usman Ghani,Nasir Hossain,PA van Meekeren,1,0,,,,,,,,,
1351054,2022/23,2023-01-07,"Shere Bangla National Stadium, Mirpur",2,16.2,Dhaka Dominators,Khulna Tigers,Nasir Hossain,Usman Ghani,PA van Meekeren,1,0,,,,,,,,,
1351054,2022/23,2023-01-07,"Shere Bangla National Stadium, Mirpur",2,16.3,Dhaka Dominators,Khulna Tigers,Usman Ghani,Nasir Hossain,PA van Meekeren,1,0,,,,,,,,,
1351054,2022/23,2023-01-07,"Shere Bangla National Stadium, Mirpur",2,16.4,Dhaka Dominators,Khulna Tigers,Nasir Hossain,Usman Ghani,PA van Meekeren,1,0,,,,,,,,,
1351054,2022/23,2023-01-07,"Shere Bangla National Stadium, Mirpur",2,16.5,Dhaka Dominators,Khulna Tigers,Usman Ghani,Nasir Hossain,PA van Meekeren,0,1,1,,,,,,,,
1351054,2022/23,2023-01-07,"Shere Bangla National Stadium, Mirpur",2,16.6,Dhaka Dominators,Khulna Tigers,Usman Ghani,Nasir Hossain,PA van Meekeren,0,1,1,,,,,,,,
1351054,2022/23,2023-01-07,"Shere Bangla National Stadium, Mirpur",2,16.7,Dhaka Dominators,Khulna Tigers,Usman Ghani,Nasir Hossain,PA van Meekeren,1,0,,,,,,,,,
1351054,2022/23,2023-01-07,"Shere Bangla National Stadium, Mirpur",2,16.8,Dhaka Dominators,Khulna Tigers,Nasir Hossain,Usman Ghani,PA van Meekeren,1,0,,,,,,,,,
1351054,2022/23,2023-01-07,"Shere Bangla National Stadium, Mirpur",2,17.1,Dhaka Dominators,Khulna Tigers,Nasir Hossain,Usman Ghani,Mohammad Saifuddin,2,0,,,,,,,,,
1351054,2022/23,2023-01-07,"Shere Bangla National Stadium, Mirpur",2,17.2,Dhaka Dominators,Khulna Tigers,Nasir Hossain,Usman Ghani,Mohammad Saifuddin,1,0,,,,,,,,,
1351054,2022/23,2023-01-07,"Shere Bangla National Stadium, Mirpur",2,17.3,Dhaka Dominators,Khulna Tigers,Usman Ghani,Nasir Hossain,Mohammad Saifuddin,0,0,,,,,,caught,Usman Ghani,,
1351054,2022/23,2023-01-07,"Shere Bangla National Stadium, Mirpur",2,17.4,Dhaka Dominators,Khulna Tigers,Ariful Haque,Nasir Hossain,Mohammad Saifuddin,1,0,,,,,,,,,
1351054,2022/23,2023-01-07,"Shere Bangla National Stadium, Mirpur",2,17.5,Dhaka Dominators,Khulna Tigers,Nasir Hossain,Ariful Haque,Mohammad Saifuddin,0,0,,,,,,,,,
1351054,2022/23,2023-01-07,"Shere Bangla National Stadium, Mirpur",2,17.6,Dhaka Dominators,Khulna Tigers,Nasir Hossain,Ariful Haque,Mohammad Saifuddin,4,0,,,,,,,,,
1351054,2022/23,2023-01-07,"Shere Bangla National Stadium, Mirpur",2,18.1,Dhaka Dominators,Khulna Tigers,Ariful Haque,Nasir Hossain,Wahab Riaz,1,0,,,,,,,,,
1351054,2022/23,2023-01-07,"Shere Bangla National Stadium, Mirpur",2,18.2,Dhaka Dominators,Khulna Tigers,Nasir Hossain,Ariful Haque,Wahab Riaz,1,0,,,,,,,,,
1351054,2022/23,2023-01-07,"Shere Bangla National Stadium, Mirpur",2,18.3,Dhaka Dominators,Khulna Tigers,Ariful Haque,Nasir Hossain,Wahab Riaz,1,0,,,,,,,,,
1351054,2022/23,2023-01-07,"Shere Bangla National Stadium, Mirpur",2,18.4,Dhaka Dominators,Khulna Tigers,Nasir Hossain,Ariful Haque,Wahab Riaz,4,0,,,,,,,,,
1351054,2022/23,2023-01-07,"Shere Bangla National Stadium, Mirpur",2,18.5,Dhaka Dominators,Khulna Tigers,Nasir Hossain,Ariful Haque,Wahab Riaz,0,0,,,,,,,,,
1351054,2022/23,2023-01-07,"Shere Bangla National Stadium, Mirpur",2,18.6,Dhaka Dominators,Khulna Tigers,Nasir Hossain,Ariful Haque,Wahab Riaz,1,0,,,,,,,,,
1351054,2022/23,2023-01-07,"Shere Bangla National Stadium, Mirpur",2,19.1,Dhaka Dominators,Khulna Tigers,Nasir Hossain,Ariful Haque,Nahidul Islam,4,0,,,,,,,,,
