match_id,season,start_date,venue,innings,ball,batting_team,bowling_team,striker,non_striker,bowler,runs_off_bat,extras,wides,noballs,byes,legbyes,penalty,wicket_type,player_dismissed,other_wicket_type,other_player_dismissed
1351071,2022/23,2023-01-20,"Zahur Ahmed Chowdhury Stadium, Chattogram",1,0.1,Fortune Barishal,Dhaka Dominators,Saif Hassan,Anamul Haque,Taskin Ahmed,4,0,,,,,,,,,
1351071,2022/23,2023-01-20,"Zahur Ahmed Chowdhury Stadium, Chattogram",1,0.2,Fortune Barishal,Dhaka Dominators,Saif Hassan,Anamul Haque,Taskin Ahmed,1,0,,,,,,,,,
1351071,2022/23,2023-01-20,"Zahur Ahmed Chowdhury Stadium, Chattogram",1,0.3,Fortune Barishal,Dhaka Dominators,Anamul Haque,Saif Hassan,Taskin Ahmed,1,0,,,,,,,,,
1351071,2022/23,2023-01-20,"Zahur Ahmed Chowdhury Stadium, Chattogram",1,0.4,Fortune Barishal,Dhaka Dominators,Saif Hassan,Anamul Haque,Taskin Ahmed,4,0,,,,,,,,,
1351071,2022/23,2023-01-20,"Zahur Ahmed Chowdhury Stadium, Chattogram",1,0.5,Fortune Barishal,Dhaka Dominators,Saif Hassan,Anamul Haque,Taskin Ahmed,1,0,,,,,,,,,
1351071,2022/23,2023-01-20,"Zahur Ahmed Chowdhury Stadium, Chattogram",1,0.6,Fortune Barishal,Dhaka Dominators,Anamul Haque,Saif Hassan,Taskin Ahmed,0,0,,,,,,,,,
1351071,2022/23,2023-01-20,"Zahur Ahmed Chowdhury Stadium, Chattogram",1,1.1,Fortune Barishal,Dhaka Dominators,Saif Hassan,Anamul Haque,Salman Irshad,0,0,,,,,,,,,
1351071,2022/23,2023-01-20,"Zahur Ahmed Chowdhury Stadium, Chattogram",1,1.2,Fortune Barishal,Dhaka Dominators,Saif Hassan,Anamul Haque,Salman Irshad,0,0,,,,,,caught,Saif Hassan,,
1351071,2022/23,2023-01-20,"Zahur Ahmed Chowdhury Stadium, Chattogram",1,1.3,Fortune Barishal,Dhaka Dominators,Mehedi Hasan Miraz,Anamul Haque,Salman Irshad,0,0,,,,,,,,,
1351071,2022/23,2023-01-20,"Zahur Ahmed Chowdhury Stadium, Chattogram",1,1.4,Fortune Barishal,Dhaka Dominators,Mehedi Hasan Miraz,Anamul Haque,Salman Irshad,0,0,,,,,,,,,
1351071,2022/23,2023-01-20,"Zahur Ahmed Chowdhury Stadium, Chattogram",1,1.5,Fortune Barishal,Dhaka Dominators,Mehedi Hasan Miraz,Anamul Haque,Salman Irshad,0,1,,,1,,,,,,
1351071,2022/23,2023-01-20,"Zahur Ahmed Chowdhury Stadium, Chattogram",1,1.6,Fortune Barishal,Dhaka Dominators,Anamul Haque,Mehedi Hasan Miraz,Salman Irshad,1,0,,,,,,,,,
1351071,2022/23,2023-01-20,"Zahur Ahmed Chowdhury Stadium, Chattogram",1,2.1,Fortune Barishal,Dhaka Dominators,Anamul Haque,Mehedi Hasan Miraz,Arafat Sunny,0,0,,,,,,,,,
1351071,2022/23,2023-01-20,"Zahur Ahmed Chowdhury Stadium, Chattogram",1,2.2,Fortune Barishal,Dhaka Dominators,Anamul Haque,Mehedi Hasan Miraz,Arafat Sunny,0,0,,,,,,,,,
1351071,2022/23,2023-01-20,"Zahur Ahmed Chowdhury Stadium, Chattogram",1,2.3,Fortune Barishal,Dhaka Dominators,Anamul Haque,Mehedi Hasan Miraz,Arafat Sunny,0,0,,,,,,,,,
1351071,2022/23,2023-01-20,"Zahur Ahmed Chowdhury Stadium, Chattogram",1,2.4,Fortune Barishal,Dhaka Dominators,Anamul Haque,Mehedi Hasan Miraz,Arafat Sunny,4,0,,,,,,,,,
1351071,2022/23,2023-01-20,"Zahur Ahmed Chowdhury Stadium, Chattogram",1,2.5,Fortune Barishal,Dhaka Dominators,Anamul Haque,Mehedi Hasan Miraz,Arafat Sunny,0,0,,,,,,caught,Anamul Haque,,
1351071,2022/23,2023-01-20,"Zahur Ahmed Chowdhury Stadium, Chattogram",1,2.6,Fortune Barishal,Dhaka Dominators,PC de Silva,Mehedi Hasan Miraz,Arafat Sunny,0,0,,,,,,,,,
1351071,2022/23,2023-01-20,"Zahur Ahmed Chowdhury Stadium, Chattogram",1,3.1,Fortune Barishal,Dhaka Dominators,Mehedi Hasan Miraz,PC de Silva,Salman Irshad,1,0,,,,,,,,,
1351071,2022/23,2023-01-20,"Zahur Ahmed Chowdhury Stadium, Chattogram",1,3.2,Fortune Barishal,Dhaka Dominators,PC de Silva,Mehedi Hasan Miraz,Salman Irshad,0,0,,,,,,,,,
1351071,2022/23,2023-01-20,"Zahur Ahmed Chowdhury Stadium, Chattogram",1,3.3,Fortune Barishal,Dhaka Dominators,PC de Silva,Mehedi Hasan Miraz,Salman Irshad,0,0,,,,,,,,,
1351071,2022/23,2023-01-20,"Zahur Ahmed Chowdhury Stadium, Chattogram",1,3.4,Fortune Barishal,Dhaka Dominators,PC de Silva,Mehedi Hasan Miraz,Salman Irshad,0,1,,,,1,,,,,
1351071,2022/23,2023-01-20,"Zahur Ahmed Chowdhury Stadium, Chattogram",1,3.5,Fortune Barishal,Dhaka Dominators,Mehedi Hasan Miraz,PC de Silva,Salman Irshad,0,0,,,,,,,,,
1351071,2022/23,2023-01-20,"Zahur Ahmed Chowdhury Stadium, Chattogram",1,3.6,Fortune Barishal,Dhaka Dominators,Mehedi Hasan Miraz,PC de Silva,Salman Irshad,4,0,,,,,,,,,
1351071,2022/23,2023-01-20,"Zahur Ahmed Chowdhury Stadium, Chattogram",1,4.1,Fortune Barishal,Dhaka Dominators,PC de Silva,Mehedi Hasan Miraz,Taskin Ahmed,0,0,,,,,,,,,
1351071,2022/23,2023-01-20,"Zahur Ahmed Chowdhury Stadium, Chattogram",1,4.2,Fortune Barishal,Dhaka Dominators,PC de Silva,Mehedi Hasan Miraz,Taskin Ahmed,1,0,,,,,,,,,
1351071,2022/23,2023-01-20,"Zahur Ahmed Chowdhury Stadium, Chattogram",1,4.3,Fortune Barishal,Dhaka Dominators,Mehedi Hasan Miraz,PC de Silva,Taskin Ahmed,4,0,,,,,,,,,
1351071,2022/23,2023-01-20,"Zahur Ahmed Chowdhury Stadium, Chattogram",1,4.4,Fortune Barishal,Dhaka Dominators,Mehedi Hasan Miraz,PC de Silva,Taskin Ahmed,0,0,,,,,,,,,
1351071,2022/23,2023-01-20,"Zahur Ahmed Chowdhury Stadium, Chattogram",1,4.5,Fortune Barishal,Dhaka Dominators,Mehedi Hasan Miraz,PC de Silva,Taskin Ahmed,0,0,,,,,,,,,
1351071,2022/23,2023-01-20,"Zahur Ahmed Chowdhury Stadium, Chattogram",1,4.6,Fortune Barishal,Dhaka Dominators,Mehedi Hasan Miraz,PC de Silva,Taskin Ahmed,6,0,,,,,,,,,
1351071,2022/23,2023-01-20,"Zahur Ahmed Chowdhury Stadium, Chattogram",1,5.1,Fortune Barishal,Dhaka Dominators,PC de Silva,Mehedi Hasan Miraz,Nasir Hossain,4,0,,,,,,,,,
1351071,2022/23,2023-01-20,"Zahur Ahmed Chowdhury Stadium, Chattogram",1,5.2,Fortune Barishal,Dhaka Dominators,PC de Silva,Mehedi Hasan Miraz,Nasir Hossain,1,0,,,,,,,,,
1351071,2022/23,2023-01-20,"Zahur Ahmed Chowdhury Stadium, Chattogram",1,5.3,Fortune Barishal,Dhaka Dominators,Mehedi Hasan Miraz,PC de Silva,Nasir Hossain,1,0,,,,,,,,,
1351071,2022/23,2023-01-20,"Zahur Ahmed Chowdhury Stadium, Chattogram",1,5.4,Fortune Barishal,Dhaka Dominators,PC de Silva,Mehedi Hasan Miraz,Nasir Hossain,4,0,,,,,,,,,
1351071,2022/23,2023-01-20,"Zahur Ahmed Chowdhury Stadium, Chattogram",1,5.5,Fortune Barishal,Dhaka Dominators,PC de Silva,Mehedi Hasan Miraz,Nasir Hossain,0,0,,,,,,lbw,PC de Silva,,
1351071,2022/23,2023-01-20,"Zahur Ahmed Chowdhury Stadium, Chattogram",1,5.6,Fortune Barishal,Dhaka Dominators,Shakib Al Hasan,Mehedi Hasan Miraz,Nasir Hossain,1,0,,,,,,,,,
1351071,2022/23,2023-01-20,"Zahur Ahmed Chowdhury Stadium, Chattogram",1,6.1,Fortune Barishal,Dhaka Dominators,Shakib Al Hasan,Mehedi Hasan Miraz,Mohammad Imran,0,0,,,,,,,,,
1351071,2022/23,2023-01-20,"Zahur Ahmed Chowdhury Stadium, Chattogram",1,6.2,Fortune Barishal,Dhaka Dominators,Shakib Al Hasan,Mehedi Hasan Miraz,Mohammad Imran,0,0,,,,,,,,,
1351071,2022/23,2023-01-20,"Zahur Ahmed Chowdhury Stadium, Chattogram",1,6.3,Fortune Barishal,Dhaka Dominators,Shakib Al Hasan,Mehedi Hasan Miraz,Mohammad Imran,6,0,,,,,,,,,
1351071,2022/23,2023-01-20,"Zahur Ahmed Chowdhury Stadium, Chattogram",1,6.4,Fortune Barishal,Dhaka Dominators,Shakib Al Hasan,Mehedi Hasan Miraz,Mohammad Imran,4,0,,,,,,,,,
1351071,2022/23,2023-01-20,"Zahur Ahmed Chowdhury Stadium, Chattogram",1,6.5,Fortune Barishal,Dhaka Dominators,Shakib Al Hasan,Mehedi Hasan Miraz,Mohammad Imran,0,0,,,,,,,,,
1351071,2022/23,2023-01-20,"Zahur Ahmed Chowdhury Stadium, Chattogram",1,6.6,Fortune Barishal,Dhaka Dominators,Shakib Al Hasan,Mehedi Hasan Miraz,Mohammad Imran,4,0,,,,,,,,,
1351071,2022/23,2023-01-20,"Zahur Ahmed Chowdhury Stadium, Chattogram",1,7.1,Fortune Barishal,Dhaka Dominators,Mehedi Hasan Miraz,Shakib Al Hasan,Nasir Hossain,0,0,,,,,,,,,
1351071,2022/23,2023-01-20,"Zahur Ahmed Chowdhury Stadium, Chattogram",1,7.2,Fortune Barishal,Dhaka Dominators,Mehedi Hasan Miraz,Shakib Al Hasan,Nasir Hossain,1,0,,,,,,,,,
1351071,2022/23,2023-01-20,"Zahur Ahmed Chowdhury Stadium, Chattogram",1,7.3,Fortune Barishal,Dhaka Dominators,Shakib Al Hasan,Mehedi Hasan Miraz,Nasir Hossain,2,0,,,,,,,,,
1351071,2022/23,2023-01-20,"Zahur Ahmed Chowdhury Stadium, Chattogram",1,7.4,Fortune Barishal,Dhaka Dominators,Shakib Al Hasan,Mehedi Hasan Miraz,Nasir Hossain,1,0,,,,,,,,,
1351071,2022/23,2023-01-20,"Zahur Ahmed Chowdhury Stadium, Chattogram",1,7.5,Fortune Barishal,Dhaka Dominators,Mehedi Hasan Miraz,Shakib Al Hasan,Nasir Hossain,0,0,,,,,,bowled,Mehedi Hasan Miraz,,
1351071,2022/23,2023-01-20,"Zahur Ahmed Chowdhury Stadium, Chattogram",1,7.6,Fortune Barishal,Dhaka Dominators,Iftikhar Ahmed,Shakib Al Hasan,Nasir Hossain,1,0,,,,,,,,,
1351071,2022/23,2023-01-20,"Zahur Ahmed Chowdhury Stadium, Chattogram",1,8.1,Fortune Barishal,Dhaka Dominators,Iftikhar Ahmed,Shakib Al Hasan,Muktar Ali,1,0,,,,,,,,,
1351071,2022/23,2023-01-20,"Zahur Ahmed Chowdhury Stadium, Chattogram",1,8.2,Fortune Barishal,Dhaka Dominators,Shakib Al Hasan,Iftikhar Ahmed,Muktar Ali,4,0,,,,,,,,,
1351071,2022/23,2023-01-20,"Zahur Ahmed Chowdhury Stadium, Chattogram",1,8.3,Fortune Barishal,Dhaka Dominators,Shakib Al Hasan,Iftikhar Ahmed,Muktar Ali,1,0,,,,,,,,,
1351071,2022/23,2023-01-20,"Zahur Ahmed Chowdhury Stadium, Chattogram",1,8.4,Fortune Barishal,Dhaka Dominators,Iftikhar Ahmed,Shakib Al Hasan,Muktar Ali,1,0,,,,,,,,,
1351071,2022/23,2023-01-20,"Zahur Ahmed Chowdhury Stadium, Chattogram",1,8.5,Fortune Barishal,Dhaka Dominators,Shakib Al Hasan,Iftikhar Ahmed,Muktar Ali,4,0,,,,,,,,,
1351071,2022/23,2023-01-20,"Zahur Ahmed Chowdhury Stadium, Chattogram",1,8.6,Fortune Barishal,Dhaka Dominators,Shakib Al Hasan,Iftikhar Ahmed,Muktar Ali,1,0,,,,,,,,,
1351071,2022/23,2023-01-20,"Zahur Ahmed Chowdhury Stadium, Chattogram",1,9.1,Fortune Barishal,Dhaka Dominators,Shakib Al Hasan,Iftikhar Ahmed,Jubair Hossain,1,0,,,,,,,,,
1351071,2022/23,2023-01-20,"Zahur Ahmed Chowdhury Stadium, Chattogram",1,9.2,Fortune Barishal,Dhaka Dominators,Iftikhar Ahmed,Shakib Al Hasan,Jubair Hossain,2,0,,,,,,,,,
1351071,2022/23,2023-01-20,"Zahur Ahmed Chowdhury Stadium, Chattogram",1,9.3,Fortune Barishal,Dhaka Dominators,Iftikhar Ahmed,Shakib Al Hasan,Jubair Hossain,1,0,,,,,,,,,
1351071,2022/23,2023-01-20,"Zahur Ahmed Chowdhury Stadium, Chattogram",1,9.4,Fortune Barishal,Dhaka Dominators,Shakib Al Hasan,Iftikhar Ahmed,Jubair Hossain,0,1,1,,,,,,,,
1351071,2022/23,2023-01-20,"Zahur Ahmed Chowdhury Stadium, Chattogram",1,9.5,Fortune Barishal,Dhaka Dominators,Shakib Al Hasan,Iftikhar Ahmed,Jubair Hossain,0,0,,,,,,,,,
1351071,2022/23,2023-01-20,"Zahur Ahmed Chowdhury Stadium, Chattogram",1,9.6,Fortune Barishal,Dhaka Dominators,Shakib Al Hasan,Iftikhar Ahmed,Jubair Hossain,0,5,5,,,,,,,,
1351071,2022/23,2023-01-20,"Zahur Ahmed Chowdhury Stadium, Chattogram",1,9.7,Fortune Barishal,Dhaka Dominators,Shakib Al Hasan,Iftikhar Ahmed,Jubair Hossain,1,0,,,,,,,,,
1351071,2022/23,2023-01-20,"Zahur Ahmed Chowdhury Stadium, Chattogram",1,9.8,Fortune Barishal,Dhaka Dominators,Iftikhar Ahmed,Shakib Al Hasan,Jubair Hossain,1,0,,,,,,,,,
1351071,2022/23,2023-01-20,"Zahur Ahmed Chowdhury Stadium, Chattogram",1,10.1,Fortune Barishal,Dhaka Dominators,Iftikhar Ahmed,Shakib Al Hasan,Muktar Ali,0,0,,,,,,,,,
1351071,2022/23,2023-01-20,"Zahur Ahmed Chowdhury Stadium, Chattogram",1,10.2,Fortune Barishal,Dhaka Dominators,Iftikhar Ahmed,Shakib Al Hasan,Muktar Ali,1,0,,,,,,,,,
1351071,2022/23,2023-01-20,"Zahur Ahmed Chowdhury Stadium, Chattogram",1,10.3,Fortune Barishal,Dhaka Dominators,Shakib Al Hasan,Iftikhar Ahmed,Muktar Ali,0,0,,,,,,bowled,Shakib Al Hasan,,
1351071,2022/23,2023-01-20,"Zahur Ahmed Chowdhury Stadium, Chattogram",1,10.4,Fortune Barishal,Dhaka Dominators,Mahmudullah,Iftikhar Ahmed,Muktar Ali,0,0,,,,,,,,,
1351071,2022/23,2023-01-20,"Zahur Ahmed Chowdhury Stadium, Chattogram",1,10.5,Fortune Barishal,Dhaka Dominators,Mahmudullah,Iftikhar Ahmed,Muktar Ali,0,0,,,,,,,,,
1351071,2022/23,2023-01-20,"Zahur Ahmed Chowdhury Stadium, Chattogram",1,10.6,Fortune Barishal,Dhaka Dominators,Mahmudullah,Iftikhar Ahmed,Muktar Ali,1,0,,,,,,,,,
1351071,2022/23,2023-01-20,"Zahur Ahmed Chowdhury Stadium, Chattogram",1,11.1,Fortune Barishal,Dhaka Dominators,Mahmudullah,Iftikhar Ahmed,Arafat Sunny,1,0,,,,,,,,,
1351071,2022/23,2023-01-20,"Zahur Ahmed Chowdhury Stadium, Chattogram",1,11.2,Fortune Barishal,Dhaka Dominators,Iftikhar Ahmed,Mahmudullah,Arafat Sunny,1,0,,,,,,,,,
1351071,2022/23,2023-01-20,"Zahur Ahmed Chowdhury Stadium, Chattogram",1,11.3,Fortune Barishal,Dhaka Dominators,Mahmudullah,Iftikhar Ahmed,Arafat Sunny,0,0,,,,,,,,,
1351071,2022/23,2023-01-20,"Zahur Ahmed Chowdhury Stadium, Chattogram",1,11.4,Fortune Barishal,Dhaka Dominators,Mahmudullah,Iftikhar Ahmed,Arafat Sunny,0,0,,,,,,,,,
1351071,2022/23,2023-01-20,"Zahur Ahmed Chowdhury Stadium, Chattogram",1,11.5,Fortune Barishal,Dhaka Dominators,Mahmudullah,Iftikhar Ahmed,Arafat Sunny,0,0,,,,,,,,,
1351071,2022/23,2023-01-20,"Zahur Ahmed Chowdhury Stadium, Chattogram",1,11.6,Fortune Barishal,Dhaka Dominators,Mahmudullah,Iftikhar Ahmed,Arafat Sunny,0,0,,,,,,,,,
1351071,2022/23,2023-01-20,"Zahur Ahmed Chowdhury Stadium, Chattogram",1,12.1,Fortune Barishal,Dhaka Dominators,Iftikhar Ahmed,Mahmudullah,Muktar Ali,1,0,,,,,,,,,
1351071,2022/23,2023-01-20,"Zahur Ahmed Chowdhury Stadium, Chattogram",1,12.2,Fortune Barishal,Dhaka Dominators,Mahmudullah,Iftikhar Ahmed,Muktar Ali,1,0,,,,,,,,,
1351071,2022/23,2023-01-20,"Zahur Ahmed Chowdhury Stadium, Chattogram",1,12.3,Fortune Barishal,Dhaka Dominators,Iftikhar Ahmed,Mahmudullah,Muktar Ali,4,0,,,,,,,,,
1351071,2022/23,2023-01-20,"Zahur Ahmed Chowdhury Stadium, Chattogram",1,12.4,Fortune Barishal,Dhaka Dominators,Iftikhar Ahmed,Mahmudullah,Muktar Ali,0,0,,,,,,,,,
1351071,2022/23,2023-01-20,"Zahur Ahmed Chowdhury Stadium, Chattogram",1,12.5,Fortune Barishal,Dhaka Dominators,Iftikhar Ahmed,Mahmudullah,Muktar Ali,1,0,,,,,,,,,
1351071,2022/23,2023-01-20,"Zahur Ahmed Chowdhury Stadium, Chattogram",1,12.6,Fortune Barishal,Dhaka Dominators,Mahmudullah,Iftikhar Ahmed,Muktar Ali,1,0,,,,,,,,,
1351071,2022/23,2023-01-20,"Zahur Ahmed Chowdhury Stadium, Chattogram",1,13.1,Fortune Barishal,Dhaka Dominators,Mahmudullah,Iftikhar Ahmed,Arafat Sunny,1,0,,,,,,,,,
1351071,2022/23,2023-01-20,"Zahur Ahmed Chowdhury Stadium, Chattogram",1,13.2,Fortune Barishal,Dhaka Dominators,Iftikhar Ahmed,Mahmudullah,Arafat Sunny,1,0,,,,,,,,,
1351071,2022/23,2023-01-20,"Zahur Ahmed Chowdhury Stadium, Chattogram",1,13.3,Fortune Barishal,Dhaka Dominators,Mahmudullah,Iftikhar Ahmed,Arafat Sunny,1,0,,,,,,,,,
1351071,2022/23,2023-01-20,"Zahur Ahmed Chowdhury Stadium, Chattogram",1,13.4,Fortune Barishal,Dhaka Dominators,Iftikhar Ahmed,Mahmudullah,Arafat Sunny,1,0,,,,,,,,,
1351071,2022/23,2023-01-20,"Zahur Ahmed Chowdhury Stadium, Chattogram",1,13.5,Fortune Barishal,Dhaka Dominators,Mahmudullah,Iftikhar Ahmed,Arafat Sunny,1,0,,,,,,,,,
1351071,2022/23,2023-01-20,"Zahur Ahmed Chowdhury Stadium, Chattogram",1,13.6,Fortune Barishal,Dhaka Dominators,Iftikhar Ahmed,Mahmudullah,Arafat Sunny,6,0,,,,,,,,,
1351071,2022/23,2023-01-20,"Zahur Ahmed Chowdhury Stadium, Chattogram",1,14.1,Fortune Barishal,Dhaka Dominators,Mahmudullah,Iftikhar Ahmed,Muktar Ali,1,0,,,,,,,,,
1351071,2022/23,2023-01-20,"Zahur Ahmed Chowdhury Stadium, Chattogram",1,14.2,Fortune Barishal,Dhaka Dominators,Iftikhar Ahmed,Mahmudullah,Muktar Ali,4,0,,,,,,,,,
1351071,2022/23,2023-01-20,"Zahur Ahmed Chowdhury Stadium, Chattogram",1,14.3,Fortune Barishal,Dhaka Dominators,Iftikhar Ahmed,Mahmudullah,Muktar Ali,1,0,,,,,,,,,
1351071,2022/23,2023-01-20,"Zahur Ahmed Chowdhury Stadium, Chattogram",1,14.4,Fortune Barishal,Dhaka Dominators,Mahmudullah,Iftikhar Ahmed,Muktar Ali,1,0,,,,,,,,,
1351071,2022/23,2023-01-20,"Zahur Ahmed Chowdhury Stadium, Chattogram",1,14.5,Fortune Barishal,Dhaka Dominators,Iftikhar Ahmed,Mahmudullah,Muktar Ali,1,0,,,,,,,,,
1351071,2022/23,2023-01-20,"Zahur Ahmed Chowdhury Stadium, Chattogram",1,14.6,Fortune Barishal,Dhaka Dominators,Mahmudullah,Iftikhar Ahmed,Muktar Ali,1,0,,,,,,,,,
1351071,2022/23,2023-01-20,"Zahur Ahmed Chowdhury Stadium, Chattogram",1,15.1,Fortune Barishal,Dhaka Dominators,Mahmudullah,Iftikhar Ahmed,Mohammad Imran,1,0,,,,,,,,,
1351071,2022/23,2023-01-20,"Zahur Ahmed Chowdhury Stadium, Chattogram",1,15.2,Fortune Barishal,Dhaka Dominators,Iftikhar Ahmed,Mahmudullah,Mohammad Imran,1,0,,,,,,,,,
1351071,2022/23,2023-01-20,"Zahur Ahmed Chowdhury Stadium, Chattogram",1,15.3,Fortune Barishal,Dhaka Dominators,Mahmudullah,Iftikhar Ahmed,Mohammad Imran,6,0,,,,,,,,,
1351071,2022/23,2023-01-20,"Zahur Ahmed Chowdhury Stadium, Chattogram",1,15.4,Fortune Barishal,Dhaka Dominators,Mahmudullah,Iftikhar Ahmed,Mohammad Imran,1,0,,,,,,,,,
1351071,2022/23,2023-01-20,"Zahur Ahmed Chowdhury Stadium, Chattogram",1,15.5,Fortune Barishal,Dhaka Dominators,Iftikhar Ahmed,Mahmudullah,Mohammad Imran,1,0,,,,,,,,,
1351071,2022/23,2023-01-20,"Zahur Ahmed Chowdhury Stadium, Chattogram",1,15.6,Fortune Barishal,Dhaka Dominators,Mahmudullah,Iftikhar Ahmed,Mohammad Imran,4,0,,,,,,,,,
1351071,2022/23,2023-01-20,"Zahur Ahmed Chowdhury Stadium, Chattogram",1,16.1,Fortune Barishal,Dhaka Dominators,Iftikhar Ahmed,Mahmudullah,Salman Irshad,1,0,,,,,,,,,
1351071,2022/23,2023-01-20,"Zahur Ahmed Chowdhury Stadium, Chattogram",1,16.2,Fortune Barishal,Dhaka Dominators,Mahmudullah,Iftikhar Ahmed,Salman Irshad,0,0,,,,,,,,,
1351071,2022/23,2023-01-20,"Zahur Ahmed Chowdhury Stadium, Chattogram",1,16.3,Fortune Barishal,Dhaka Dominators,Mahmudullah,Iftikhar Ahmed,Salman Irshad,1,0,,,,,,,,,
1351071,2022/23,2023-01-20,"Zahur Ahmed Chowdhury Stadium, Chattogram",1,16.4,Fortune Barishal,Dhaka Dominators,Iftikhar Ahmed,Mahmudullah,Salman Irshad,4,0,,,,,,,,,
1351071,2022/23,2023-01-20,"Zahur Ahmed Chowdhury Stadium, Chattogram",1,16.5,Fortune Barishal,Dhaka Dominators,Iftikhar Ahmed,Mahmudullah,Salman Irshad,0,0,,,,,,,,,
1351071,2022/23,2023-01-20,"Zahur Ahmed Chowdhury Stadium, Chattogram",1,16.6,Fortune Barishal,Dhaka Dominators,Iftikhar Ahmed,Mahmudullah,Salman Irshad,4,0,,,,,,,,,
1351071,2022/23,2023-01-20,"Zahur Ahmed Chowdhury Stadium, Chattogram",1,17.1,Fortune Barishal,Dhaka Dominators,Mahmudullah,Iftikhar Ahmed,Taskin Ahmed,0,0,,,,,,,,,
1351071,2022/23,2023-01-20,"Zahur Ahmed Chowdhury Stadium, Chattogram",1,17.2,Fortune Barishal,Dhaka Dominators,Mahmudullah,Iftikhar Ahmed,Taskin Ahmed,1,0,,,,,,,,,
1351071,2022/23,2023-01-20,"Zahur Ahmed Chowdhury Stadium, Chattogram",1,17.3,Fortune Barishal,Dhaka Dominators,Iftikhar Ahmed,Mahmudullah,Taskin Ahmed,1,0,,,,,,,,,
1351071,2022/23,2023-01-20,"Zahur Ahmed Chowdhury Stadium, Chattogram",1,17.4,Fortune Barishal,Dhaka Dominators,Mahmudullah,Iftikhar Ahmed,Taskin Ahmed,1,0,,,,,,,,,
1351071,2022/23,2023-01-20,"Zahur Ahmed Chowdhury Stadium, Chattogram",1,17.5,Fortune Barishal,Dhaka Dominators,Iftikhar Ahmed,Mahmudullah,Taskin Ahmed,6,0,,,,,,,,,
1351071,2022/23,2023-01-20,"Zahur Ahmed Chowdhury Stadium, Chattogram",1,17.6,Fortune Barishal,Dhaka Dominators,Iftikhar Ahmed,Mahmudullah,Taskin Ahmed,1,0,,,,,,,,,
1351071,2022/23,2023-01-20,"Zahur Ahmed Chowdhury Stadium, Chattogram",1,18.1,Fortune Barishal,Dhaka Dominators,Iftikhar Ahmed,Mahmudullah,Salman Irshad,0,0,,,,,,,,,
1351071,2022/23,2023-01-20,"Zahur Ahmed Chowdhury Stadium, Chattogram",1,18.2,Fortune Barishal,Dhaka Dominators,Iftikhar Ahmed,Mahmudullah,Salman Irshad,1,0,,,,,,,,,
1351071,2022/23,2023-01-20,"Zahur Ahmed Chowdhury Stadium, Chattogram",1,18.3,Fortune Barishal,Dhaka Dominators,Mahmudullah,Iftikhar Ahmed,Salman Irshad,1,0,,,,,,,,,
1351071,2022/23,2023-01-20,"Zahur Ahmed Chowdhury Stadium, Chattogram",1,18.4,Fortune Barishal,Dhaka Dominators,Iftikhar Ahmed,Mahmudullah,Salman Irshad,1,0,,,,,,,,,
1351071,2022/23,2023-01-20,"Zahur Ahmed Chowdhury Stadium, Chattogram",1,18.5,Fortune Barishal,Dhaka Dominators,Mahmudullah,Iftikhar Ahmed,Salman Irshad,4,0,,,,,,,,,
1351071,2022/23,2023-01-20,"Zahur Ahmed Chowdhury Stadium, Chattogram",1,18.6,Fortune Barishal,Dhaka Dominators,Mahmudullah,Iftikhar Ahmed,Salman Irshad,1,0,,,,,,,,,
1351071,2022/23,2023-01-20,"Zahur Ahmed Chowdhury Stadium, Chattogram",1,19.1,Fortune Barishal,Dhaka Dominators,Mahmudullah,Iftikhar Ahmed,Taskin Ahmed,1,0,,,,,,,,,
1351071,2022/23,2023-01-20,"Zahur Ahmed Chowdhury Stadium, Chattogram",1,19.2,Fortune Barishal,Dhaka Dominators,Iftikhar Ahmed,Mahmudullah,Taskin Ahmed,0,1,1,,,,,,,,
1351071,2022/23,2023-01-20,"Zahur Ahmed Chowdhury Stadium, Chattogram",1,19.3,Fortune Barishal,Dhaka Dominators,Iftikhar Ahmed,Mahmudullah,Taskin Ahmed,4,0,,,,,,,,,
1351071,2022/23,2023-01-20,"Zahur Ahmed Chowdhury Stadium, Chattogram",1,19.4,Fortune Barishal,Dhaka Dominators,Iftikhar Ahmed,Mahmudullah,Taskin Ahmed,1,0,,,,,,,,,
1351071,2022/23,2023-01-20,"Zahur Ahmed Chowdhury Stadium, Chattogram",1,19.5,Fortune Barishal,Dhaka Dominators,Mahmudullah,Iftikhar Ahmed,Taskin Ahmed,1,0,,,,,,,,,
1351071,2022/23,2023-01-20,"Zahur Ahmed Chowdhury Stadium, Chattogram",1,19.6,Fortune Barishal,Dhaka Dominators,Iftikhar Ahmed,Mahmudullah,Taskin Ahmed,1,0,,,,,,,,,
1351071,2022/23,2023-01-20,"Zahur Ahmed Chowdhury Stadium, Chattogram",1,19.7,Fortune Barishal,Dhaka Dominators,Mahmudullah,Iftikhar Ahmed,Taskin Ahmed,2,0,,,,,,,,,
1351071,2022/23,2023-01-20,"Zahur Ahmed Chowdhury Stadium, Chattogram",2,0.1,Dhaka Dominators,Fortune Barishal,Usman Ghani,Soumya Sarkar,Shakib Al Hasan,0,0,,,,,,,,,
1351071,2022/23,2023-01-20,"Zahur Ahmed Chowdhury Stadium, Chattogram",2,0.2,Dhaka Dominators,Fortune Barishal,Usman Ghani,Soumya Sarkar,Shakib Al Hasan,0,0,,,,,,,,,
1351071,2022/23,2023-01-20,"Zahur Ahmed Chowdhury Stadium, Chattogram",2,0.3,Dhaka Dominators,Fortune Barishal,Usman Ghani,Soumya Sarkar,Shakib Al Hasan,0,0,,,,,,,,,
1351071,2022/23,2023-01-20,"Zahur Ahmed Chowdhury Stadium, Chattogram",2,0.4,Dhaka Dominators,Fortune Barishal,Usman Ghani,Soumya Sarkar,Shakib Al Hasan,0,0,,,,,,,,,
1351071,2022/23,2023-01-20,"Zahur Ahmed Chowdhury Stadium, Chattogram",2,0.5,Dhaka Dominators,Fortune Barishal,Usman Ghani,Soumya Sarkar,Shakib Al Hasan,4,0,,,,,,,,,
1351071,2022/23,2023-01-20,"Zahur Ahmed Chowdhury Stadium, Chattogram",2,0.6,Dhaka Dominators,Fortune Barishal,Usman Ghani,Soumya Sarkar,Shakib Al Hasan,0,0,,,,,,,,,
1351071,2022/23,2023-01-20,"Zahur Ahmed Chowdhury Stadium, Chattogram",2,1.1,Dhaka Dominators,Fortune Barishal,Soumya Sarkar,Usman Ghani,Mehedi Hasan Miraz,4,0,,,,,,,,,
1351071,2022/23,2023-01-20,"Zahur Ahmed Chowdhury Stadium, Chattogram",2,1.2,Dhaka Dominators,Fortune Barishal,Soumya Sarkar,Usman Ghani,Mehedi Hasan Miraz,0,0,,,,,,,,,
1351071,2022/23,2023-01-20,"Zahur Ahmed Chowdhury Stadium, Chattogram",2,1.3,Dhaka Dominators,Fortune Barishal,Soumya Sarkar,Usman Ghani,Mehedi Hasan Miraz,1,0,,,,,,,,,
1351071,2022/23,2023-01-20,"Zahur Ahmed Chowdhury Stadium, Chattogram",2,1.4,Dhaka Dominators,Fortune Barishal,Usman Ghani,Soumya Sarkar,Mehedi Hasan Miraz,0,0,,,,,,,,,
1351071,2022/23,2023-01-20,"Zahur Ahmed Chowdhury Stadium, Chattogram",2,1.5,Dhaka Dominators,Fortune Barishal,Usman Ghani,Soumya Sarkar,Mehedi Hasan Miraz,1,0,,,,,,,,,
1351071,2022/23,2023-01-20,"Zahur Ahmed Chowdhury Stadium, Chattogram",2,1.6,Dhaka Dominators,Fortune Barishal,Soumya Sarkar,Usman Ghani,Mehedi Hasan Miraz,0,0,,,,,,,,,
1351071,2022/23,2023-01-20,"Zahur Ahmed Chowdhury Stadium, Chattogram",2,2.1,Dhaka Dominators,Fortune Barishal,Usman Ghani,Soumya Sarkar,Shakib Al Hasan,6,0,,,,,,,,,
1351071,2022/23,2023-01-20,"Zahur Ahmed Chowdhury Stadium, Chattogram",2,2.2,Dhaka Dominators,Fortune Barishal,Usman Ghani,Soumya Sarkar,Shakib Al Hasan,6,0,,,,,,,,,
1351071,2022/23,2023-01-20,"Zahur Ahmed Chowdhury Stadium, Chattogram",2,2.3,Dhaka Dominators,Fortune Barishal,Usman Ghani,Soumya Sarkar,Shakib Al Hasan,1,0,,,,,,,,,
1351071,2022/23,2023-01-20,"Zahur Ahmed Chowdhury Stadium, Chattogram",2,2.4,Dhaka Dominators,Fortune Barishal,Soumya Sarkar,Usman Ghani,Shakib Al Hasan,0,0,,,,,,,,,
1351071,2022/23,2023-01-20,"Zahur Ahmed Chowdhury Stadium, Chattogram",2,2.5,Dhaka Dominators,Fortune Barishal,Soumya Sarkar,Usman Ghani,Shakib Al Hasan,6,0,,,,,,,,,
1351071,2022/23,2023-01-20,"Zahur Ahmed Chowdhury Stadium, Chattogram",2,2.6,Dhaka Dominators,Fortune Barishal,Soumya Sarkar,Usman Ghani,Shakib Al Hasan,0,0,,,,,,,,,
1351071,2022/23,2023-01-20,"Zahur Ahmed Chowdhury Stadium, Chattogram",2,3.1,Dhaka Dominators,Fortune Barishal,Usman Ghani,Soumya Sarkar,Mohammad Wasim,0,0,,,,,,,,,
1351071,2022/23,2023-01-20,"Zahur Ahmed Chowdhury Stadium, Chattogram",2,3.2,Dhaka Dominators,Fortune Barishal,Usman Ghani,Soumya Sarkar,Mohammad Wasim,0,1,1,,,,,,,,
1351071,2022/23,2023-01-20,"Zahur Ahmed Chowdhury Stadium, Chattogram",2,3.3,Dhaka Dominators,Fortune Barishal,Usman Ghani,Soumya Sarkar,Mohammad Wasim,1,0,,,,,,,,,
1351071,2022/23,2023-01-20,"Zahur Ahmed Chowdhury Stadium, Chattogram",2,3.4,Dhaka Dominators,Fortune Barishal,Soumya Sarkar,Usman Ghani,Mohammad Wasim,0,0,,,,,,,,,
1351071,2022/23,2023-01-20,"Zahur Ahmed Chowdhury Stadium, Chattogram",2,3.5,Dhaka Dominators,Fortune Barishal,Soumya Sarkar,Usman Ghani,Mohammad Wasim,1,0,,,,,,,,,
1351071,2022/23,2023-01-20,"Zahur Ahmed Chowdhury Stadium, Chattogram",2,3.6,Dhaka Dominators,Fortune Barishal,Usman Ghani,Soumya Sarkar,Mohammad Wasim,6,0,,,,,,,,,
1351071,2022/23,2023-01-20,"Zahur Ahmed Chowdhury Stadium, Chattogram",2,3.7,Dhaka Dominators,Fortune Barishal,Usman Ghani,Soumya Sarkar,Mohammad Wasim,0,0,,,,,,,,,
1351071,2022/23,2023-01-20,"Zahur Ahmed Chowdhury Stadium, Chattogram",2,4.1,Dhaka Dominators,Fortune Barishal,Soumya Sarkar,Usman Ghani,PC de Silva,0,0,,,,,,,,,
1351071,2022/23,2023-01-20,"Zahur Ahmed Chowdhury Stadium, Chattogram",2,4.2,Dhaka Dominators,Fortune Barishal,Soumya Sarkar,Usman Ghani,PC de Silva,1,0,,,,,,,,,
1351071,2022/23,2023-01-20,"Zahur Ahmed Chowdhury Stadium, Chattogram",2,4.3,Dhaka Dominators,Fortune Barishal,Usman Ghani,Soumya Sarkar,PC de Silva,0,0,,,,,,,,,
1351071,2022/23,2023-01-20,"Zahur Ahmed Chowdhury Stadium, Chattogram",2,4.4,Dhaka Dominators,Fortune Barishal,Usman Ghani,Soumya Sarkar,PC de Silva,4,0,,,,,,,,,
1351071,2022/23,2023-01-20,"Zahur Ahmed Chowdhury Stadium, Chattogram",2,4.5,Dhaka Dominators,Fortune Barishal,Usman Ghani,Soumya Sarkar,PC de Silva,1,0,,,,,,,,,
1351071,2022/23,2023-01-20,"Zahur Ahmed Chowdhury Stadium, Chattogram",2,4.6,Dhaka Dominators,Fortune Barishal,Soumya Sarkar,Usman Ghani,PC de Silva,1,0,,,,,,,,,
1351071,2022/23,2023-01-20,"Zahur Ahmed Chowdhury Stadium, Chattogram",2,5.1,Dhaka Dominators,Fortune Barishal,Soumya Sarkar,Usman Ghani,Karim Janat,1,0,,,,,,,,,
1351071,2022/23,2023-01-20,"Zahur Ahmed Chowdhury Stadium, Chattogram",2,5.2,Dhaka Dominators,Fortune Barishal,Usman Ghani,Soumya Sarkar,Karim Janat,0,0,,,,,,caught,Usman Ghani,,
1351071,2022/23,2023-01-20,"Zahur Ahmed Chowdhury Stadium, Chattogram",2,5.3,Dhaka Dominators,Fortune Barishal,Mohammad Mithun,Soumya Sarkar,Karim Janat,1,0,,,,,,,,,
1351071,2022/23,2023-01-20,"Zahur Ahmed Chowdhury Stadium, Chattogram",2,5.4,Dhaka Dominators,Fortune Barishal,Soumya Sarkar,Mohammad Mithun,Karim Janat,1,0,,,,,,,,,
1351071,2022/23,2023-01-20,"Zahur Ahmed Chowdhury Stadium, Chattogram",2,5.5,Dhaka Dominators,Fortune Barishal,Mohammad Mithun,Soumya Sarkar,Karim Janat,0,0,,,,,,,,,
1351071,2022/23,2023-01-20,"Zahur Ahmed Chowdhury Stadium, Chattogram",2,5.6,Dhaka Dominators,Fortune Barishal,Mohammad Mithun,Soumya Sarkar,Karim Janat,0,1,,,,1,,,,,
1351071,2022/23,2023-01-20,"Zahur Ahmed Chowdhury Stadium, Chattogram",2,6.1,Dhaka Dominators,Fortune Barishal,Mohammad Mithun,Soumya Sarkar,PC de Silva,1,0,,,,,,,,,
1351071,2022/23,2023-01-20,"Zahur Ahmed Chowdhury Stadium, Chattogram",2,6.2,Dhaka Dominators,Fortune Barishal,Soumya Sarkar,Mohammad Mithun,PC de Silva,0,0,,,,,,caught,Soumya Sarkar,,
1351071,2022/23,2023-01-20,"Zahur Ahmed Chowdhury Stadium, Chattogram",2,6.3,Dhaka Dominators,Fortune Barishal,Mohammad Imran,Mohammad Mithun,PC de Silva,1,0,,,,,,,,,
1351071,2022/23,2023-01-20,"Zahur Ahmed Chowdhury Stadium, Chattogram",2,6.4,Dhaka Dominators,Fortune Barishal,Mohammad Mithun,Mohammad Imran,PC de Silva,2,0,,,,,,,,,
1351071,2022/23,2023-01-20,"Zahur Ahmed Chowdhury Stadium, Chattogram",2,6.5,Dhaka Dominators,Fortune Barishal,Mohammad Mithun,Mohammad Imran,PC de Silva,0,0,,,,,,,,,
1351071,2022/23,2023-01-20,"Zahur Ahmed Chowdhury Stadium, Chattogram",2,6.6,Dhaka Dominators,Fortune Barishal,Mohammad Mithun,Mohammad Imran,PC de Silva,1,0,,,,,,,,,
1351071,2022/23,2023-01-20,"Zahur Ahmed Chowdhury Stadium, Chattogram",2,7.1,Dhaka Dominators,Fortune Barishal,Mohammad Mithun,Mohammad Imran,Shakib Al Hasan,0,0,,,,,,,,,
1351071,2022/23,2023-01-20,"Zahur Ahmed Chowdhury Stadium, Chattogram",2,7.2,Dhaka Dominators,Fortune Barishal,Mohammad Mithun,Mohammad Imran,Shakib Al Hasan,1,0,,,,,,,,,
1351071,2022/23,2023-01-20,"Zahur Ahmed Chowdhury Stadium, Chattogram",2,7.3,Dhaka Dominators,Fortune Barishal,Mohammad Imran,Mohammad Mithun,Shakib Al Hasan,0,0,,,,,,,,,
1351071,2022/23,2023-01-20,"Zahur Ahmed Chowdhury Stadium, Chattogram",2,7.4,Dhaka Dominators,Fortune Barishal,Mohammad Imran,Mohammad Mithun,Shakib Al Hasan,0,0,,,,,,,,,
1351071,2022/23,2023-01-20,"Zahur Ahmed Chowdhury Stadium, Chattogram",2,7.5,Dhaka Dominators,Fortune Barishal,Mohammad Imran,Mohammad Mithun,Shakib Al Hasan,0,2,,,,2,,,,,
1351071,2022/23,2023-01-20,"Zahur Ahmed Chowdhury Stadium, Chattogram",2,7.6,Dhaka Dominators,Fortune Barishal,Mohammad Imran,Mohammad Mithun,Shakib Al Hasan,1,0,,,,,,,,,
1351071,2022/23,2023-01-20,"Zahur Ahmed Chowdhury Stadium, Chattogram",2,8.1,Dhaka Dominators,Fortune Barishal,Mohammad Imran,Mohammad Mithun,PC de Silva,0,0,,,,,,,,,
1351071,2022/23,2023-01-20,"Zahur Ahmed Chowdhury Stadium, Chattogram",2,8.2,Dhaka Dominators,Fortune Barishal,Mohammad Imran,Mohammad Mithun,PC de Silva,0,0,,,,,,,,,
1351071,2022/23,2023-01-20,"Zahur Ahmed Chowdhury Stadium, Chattogram",2,8.3,Dhaka Dominators,Fortune Barishal,Mohammad Imran,Mohammad Mithun,PC de Silva,1,0,,,,,,,,,
1351071,2022/23,2023-01-20,"Zahur Ahmed Chowdhury Stadium, Chattogram",2,8.4,Dhaka Dominators,Fortune Barishal,Mohammad Mithun,Mohammad Imran,PC de Silva,0,0,,,,,,run out,Mohammad Imran,,
1351071,2022/23,2023-01-20,"Zahur Ahmed Chowdhury Stadium, Chattogram",2,8.5,Dhaka Dominators,Fortune Barishal,Mohammad Mithun,Nasir Hossain,PC de Silva,0,0,,,,,,,,,
1351071,2022/23,2023-01-20,"Zahur Ahmed Chowdhury Stadium, Chattogram",2,8.6,Dhaka Dominators,Fortune Barishal,Mohammad Mithun,Nasir Hossain,PC de Silva,0,0,,,,,,,,,
1351071,2022/23,2023-01-20,"Zahur Ahmed Chowdhury Stadium, Chattogram",2,9.1,Dhaka Dominators,Fortune Barishal,Nasir Hossain,Mohammad Mithun,Mohammad Wasim,1,0,,,,,,,,,
1351071,2022/23,2023-01-20,"Zahur Ahmed Chowdhury Stadium, Chattogram",2,9.2,Dhaka Dominators,Fortune Barishal,Mohammad Mithun,Nasir Hossain,Mohammad Wasim,2,0,,,,,,,,,
1351071,2022/23,2023-01-20,"Zahur Ahmed Chowdhury Stadium, Chattogram",2,9.3,Dhaka Dominators,Fortune Barishal,Mohammad Mithun,Nasir Hossain,Mohammad Wasim,4,0,,,,,,,,,
1351071,2022/23,2023-01-20,"Zahur Ahmed Chowdhury Stadium, Chattogram",2,9.4,Dhaka Dominators,Fortune Barishal,Mohammad Mithun,Nasir Hossain,Mohammad Wasim,1,0,,,,,,,,,
1351071,2022/23,2023-01-20,"Zahur Ahmed Chowdhury Stadium, Chattogram",2,9.5,Dhaka Dominators,Fortune Barishal,Nasir Hossain,Mohammad Mithun,Mohammad Wasim,1,0,,,,,,,,,
1351071,2022/23,2023-01-20,"Zahur Ahmed Chowdhury Stadium, Chattogram",2,9.6,Dhaka Dominators,Fortune Barishal,Mohammad Mithun,Nasir Hossain,Mohammad Wasim,0,0,,,,,,,,,
1351071,2022/23,2023-01-20,"Zahur Ahmed Chowdhury Stadium, Chattogram",2,10.1,Dhaka Dominators,Fortune Barishal,Nasir Hossain,Mohammad Mithun,PC de Silva,1,0,,,,,,,,,
1351071,2022/23,2023-01-20,"Zahur Ahmed Chowdhury Stadium, Chattogram",2,10.2,Dhaka Dominators,Fortune Barishal,Mohammad Mithun,Nasir Hossain,PC de Silva,6,0,,,,,,,,,
1351071,2022/23,2023-01-20,"Zahur Ahmed Chowdhury Stadium, Chattogram",2,10.3,Dhaka Dominators,Fortune Barishal,Mohammad Mithun,Nasir Hossain,PC de Silva,1,0,,,,,,,,,
1351071,2022/23,2023-01-20,"Zahur Ahmed Chowdhury Stadium, Chattogram",2,10.4,Dhaka Dominators,Fortune Barishal,Nasir Hossain,Mohammad Mithun,PC de Silva,1,0,,,,,,,,,
1351071,2022/23,2023-01-20,"Zahur Ahmed Chowdhury Stadium, Chattogram",2,10.5,Dhaka Dominators,Fortune Barishal,Mohammad Mithun,Nasir Hossain,PC de Silva,0,0,,,,,,,,,
1351071,2022/23,2023-01-20,"Zahur Ahmed Chowdhury Stadium, Chattogram",2,10.6,Dhaka Dominators,Fortune Barishal,Mohammad Mithun,Nasir Hossain,PC de Silva,0,0,,,,,,,,,
1351071,2022/23,2023-01-20,"Zahur Ahmed Chowdhury Stadium, Chattogram",2,11.1,Dhaka Dominators,Fortune Barishal,Nasir Hossain,Mohammad Mithun,Karim Janat,4,0,,,,,,,,,
1351071,2022/23,2023-01-20,"Zahur Ahmed Chowdhury Stadium, Chattogram",2,11.2,Dhaka Dominators,Fortune Barishal,Nasir Hossain,Mohammad Mithun,Karim Janat,1,0,,,,,,,,,
1351071,2022/23,2023-01-20,"Zahur Ahmed Chowdhury Stadium, Chattogram",2,11.3,Dhaka Dominators,Fortune Barishal,Mohammad Mithun,Nasir Hossain,Karim Janat,0,0,,,,,,,,,
1351071,2022/23,2023-01-20,"Zahur Ahmed Chowdhury Stadium, Chattogram",2,11.4,Dhaka Dominators,Fortune Barishal,Mohammad Mithun,Nasir Hossain,Karim Janat,0,0,,,,,,,,,
1351071,2022/23,2023-01-20,"Zahur Ahmed Chowdhury Stadium, Chattogram",2,11.5,Dhaka Dominators,Fortune Barishal,Mohammad Mithun,Nasir Hossain,Karim Janat,1,0,,,,,,,,,
1351071,2022/23,2023-01-20,"Zahur Ahmed Chowdhury Stadium, Chattogram",2,11.6,Dhaka Dominators,Fortune Barishal,Nasir Hossain,Mohammad Mithun,Karim Janat,1,0,,,,,,,,,
1351071,2022/23,2023-01-20,"Zahur Ahmed Chowdhury Stadium, Chattogram",2,12.1,Dhaka Dominators,Fortune Barishal,Nasir Hossain,Mohammad Mithun,Shakib Al Hasan,0,0,,,,,,,,,
1351071,2022/23,2023-01-20,"Zahur Ahmed Chowdhury Stadium, Chattogram",2,12.2,Dhaka Dominators,Fortune Barishal,Nasir Hossain,Mohammad Mithun,Shakib Al Hasan,1,0,,,,,,,,,
1351071,2022/23,2023-01-20,"Zahur Ahmed Chowdhury Stadium, Chattogram",2,12.3,Dhaka Dominators,Fortune Barishal,Mohammad Mithun,Nasir Hossain,Shakib Al Hasan,0,0,,,,,,,,,
1351071,2022/23,2023-01-20,"Zahur Ahmed Chowdhury Stadium, Chattogram",2,12.4,Dhaka Dominators,Fortune Barishal,Mohammad Mithun,Nasir Hossain,Shakib Al Hasan,2,0,,,,,,,,,
1351071,2022/23,2023-01-20,"Zahur Ahmed Chowdhury Stadium, Chattogram",2,12.5,Dhaka Dominators,Fortune Barishal,Mohammad Mithun,Nasir Hossain,Shakib Al Hasan,1,0,,,,,,,,,
1351071,2022/23,2023-01-20,"Zahur Ahmed Chowdhury Stadium, Chattogram",2,12.6,Dhaka Dominators,Fortune Barishal,Nasir Hossain,Mohammad Mithun,Shakib Al Hasan,1,0,,,,,,,,,
1351071,2022/23,2023-01-20,"Zahur Ahmed Chowdhury Stadium, Chattogram",2,13.1,Dhaka Dominators,Fortune Barishal,Nasir Hossain,Mohammad Mithun,Kamrul Islam Rabbi,1,0,,,,,,,,,
1351071,2022/23,2023-01-20,"Zahur Ahmed Chowdhury Stadium, Chattogram",2,13.2,Dhaka Dominators,Fortune Barishal,Mohammad Mithun,Nasir Hossain,Kamrul Islam Rabbi,1,0,,,,,,,,,
1351071,2022/23,2023-01-20,"Zahur Ahmed Chowdhury Stadium, Chattogram",2,13.3,Dhaka Dominators,Fortune Barishal,Nasir Hossain,Mohammad Mithun,Kamrul Islam Rabbi,2,0,,,,,,,,,
1351071,2022/23,2023-01-20,"Zahur Ahmed Chowdhury Stadium, Chattogram",2,13.4,Dhaka Dominators,Fortune Barishal,Nasir Hossain,Mohammad Mithun,Kamrul Islam Rabbi,6,0,,,,,,,,,
1351071,2022/23,2023-01-20,"Zahur Ahmed Chowdhury Stadium, Chattogram",2,13.5,Dhaka Dominators,Fortune Barishal,Nasir Hossain,Mohammad Mithun,Kamrul Islam Rabbi,0,0,,,,,,,,,
1351071,2022/23,2023-01-20,"Zahur Ahmed Chowdhury Stadium, Chattogram",2,13.6,Dhaka Dominators,Fortune Barishal,Nasir Hossain,Mohammad Mithun,Kamrul Islam Rabbi,1,0,,,,,,,,,
1351071,2022/23,2023-01-20,"Zahur Ahmed Chowdhury Stadium, Chattogram",2,14.1,Dhaka Dominators,Fortune Barishal,Nasir Hossain,Mohammad Mithun,Karim Janat,1,0,,,,,,,,,
1351071,2022/23,2023-01-20,"Zahur Ahmed Chowdhury Stadium, Chattogram",2,14.2,Dhaka Dominators,Fortune Barishal,Mohammad Mithun,Nasir Hossain,Karim Janat,6,0,,,,,,,,,
1351071,2022/23,2023-01-20,"Zahur Ahmed Chowdhury Stadium, Chattogram",2,14.3,Dhaka Dominators,Fortune Barishal,Mohammad Mithun,Nasir Hossain,Karim Janat,1,0,,,,,,,,,
1351071,2022/23,2023-01-20,"Zahur Ahmed Chowdhury Stadium, Chattogram",2,14.4,Dhaka Dominators,Fortune Barishal,Nasir Hossain,Mohammad Mithun,Karim Janat,0,0,,,,,,,,,
1351071,2022/23,2023-01-20,"Zahur Ahmed Chowdhury Stadium, Chattogram",2,14.5,Dhaka Dominators,Fortune Barishal,Nasir Hossain,Mohammad Mithun,Karim Janat,0,0,,,,,,,,,
1351071,2022/23,2023-01-20,"Zahur Ahmed Chowdhury Stadium, Chattogram",2,14.6,Dhaka Dominators,Fortune Barishal,Nasir Hossain,Mohammad Mithun,Karim Janat,1,0,,,,,,,,,
1351071,2022/23,2023-01-20,"Zahur Ahmed Chowdhury Stadium, Chattogram",2,15.1,Dhaka Dominators,Fortune Barishal,Nasir Hossain,Mohammad Mithun,Kamrul Islam Rabbi,6,0,,,,,,,,,
1351071,2022/23,2023-01-20,"Zahur Ahmed Chowdhury Stadium, Chattogram",2,15.2,Dhaka Dominators,Fortune Barishal,Nasir Hossain,Mohammad Mithun,Kamrul Islam Rabbi,2,0,,,,,,,,,
1351071,2022/23,2023-01-20,"Zahur Ahmed Chowdhury Stadium, Chattogram",2,15.3,Dhaka Dominators,Fortune Barishal,Nasir Hossain,Mohammad Mithun,Kamrul Islam Rabbi,1,0,,,,,,,,,
1351071,2022/23,2023-01-20,"Zahur Ahmed Chowdhury Stadium, Chattogram",2,15.4,Dhaka Dominators,Fortune Barishal,Mohammad Mithun,Nasir Hossain,Kamrul Islam Rabbi,1,0,,,,,,,,,
1351071,2022/23,2023-01-20,"Zahur Ahmed Chowdhury Stadium, Chattogram",2,15.5,Dhaka Dominators,Fortune Barishal,Nasir Hossain,Mohammad Mithun,Kamrul Islam Rabbi,1,1,,1,,,,,,,
1351071,2022/23,2023-01-20,"Zahur Ahmed Chowdhury Stadium, Chattogram",2,15.6,Dhaka Dominators,Fortune Barishal,Mohammad Mithun,Nasir Hossain,Kamrul Islam Rabbi,0,0,,,,,,,,,
1351071,2022/23,2023-01-20,"Zahur Ahmed Chowdhury Stadium, Chattogram",2,15.7,Dhaka Dominators,Fortune Barishal,Mohammad Mithun,Nasir Hossain,Kamrul Islam Rabbi,1,0,,,,,,,,,
1351071,2022/23,2023-01-20,"Zahur Ahmed Chowdhury Stadium, Chattogram",2,16.1,Dhaka Dominators,Fortune Barishal,Mohammad Mithun,Nasir Hossain,Mohammad Wasim,1,0,,,,,,,,,
1351071,2022/23,2023-01-20,"Zahur Ahmed Chowdhury Stadium, Chattogram",2,16.2,Dhaka Dominators,Fortune Barishal,Nasir Hossain,Mohammad Mithun,Mohammad Wasim,1,0,,,,,,,,,
1351071,2022/23,2023-01-20,"Zahur Ahmed Chowdhury Stadium, Chattogram",2,16.3,Dhaka Dominators,Fortune Barishal,Mohammad Mithun,Nasir Hossain,Mohammad Wasim,6,0,,,,,,,,,
1351071,2022/23,2023-01-20,"Zahur Ahmed Chowdhury Stadium, Chattogram",2,16.4,Dhaka Dominators,Fortune Barishal,Mohammad Mithun,Nasir Hossain,Mohammad Wasim,4,0,,,,,,,,,
1351071,2022/23,2023-01-20,"Zahur Ahmed Chowdhury Stadium, Chattogram",2,16.5,Dhaka Dominators,Fortune Barishal,Mohammad Mithun,Nasir Hossain,Mohammad Wasim,1,0,,,,,,,,,
1351071,2022/23,2023-01-20,"Zahur Ahmed Chowdhury Stadium, Chattogram",2,16.6,Dhaka Dominators,Fortune Barishal,Nasir Hossain,Mohammad Mithun,Mohammad Wasim,1,0,,,,,,,,,
1351071,2022/23,2023-01-20,"Zahur Ahmed Chowdhury Stadium, Chattogram",2,17.1,Dhaka Dominators,Fortune Barishal,Nasir Hossain,Mohammad Mithun,Karim Janat,1,0,,,,,,,,,
1351071,2022/23,2023-01-20,"Zahur Ahmed Chowdhury Stadium, Chattogram",2,17.2,Dhaka Dominators,Fortune Barishal,Mohammad Mithun,Nasir Hossain,Karim Janat,1,0,,,,,,,,,
1351071,2022/23,2023-01-20,"Zahur Ahmed Chowdhury Stadium, Chattogram",2,17.3,Dhaka Dominators,Fortune Barishal,Nasir Hossain,Mohammad Mithun,Karim Janat,0,0,,,,,,,,,
1351071,2022/23,2023-01-20,"Zahur Ahmed Chowdhury Stadium, Chattogram",2,17.4,Dhaka Dominators,Fortune Barishal,Nasir Hossain,Mohammad Mithun,Karim Janat,2,0,,,,,,,,,
1351071,2022/23,2023-01-20,"Zahur Ahmed Chowdhury Stadium, Chattogram",2,17.5,Dhaka Dominators,Fortune Barishal,Nasir Hossain,Mohammad Mithun,Karim Janat,2,0,,,,,,,,,
1351071,2022/23,2023-01-20,"Zahur Ahmed Chowdhury Stadium, Chattogram",2,17.6,Dhaka Dominators,Fortune Barishal,Nasir Hossain,Mohammad Mithun,Karim Janat,1,0,,,,,,,,,
1351071,2022/23,2023-01-20,"Zahur Ahmed Chowdhury Stadium, Chattogram",2,18.1,Dhaka Dominators,Fortune Barishal,Nasir Hossain,Mohammad Mithun,Mohammad Wasim,4,0,,,,,,,,,
1351071,2022/23,2023-01-20,"Zahur Ahmed Chowdhury Stadium, Chattogram",2,18.2,Dhaka Dominators,Fortune Barishal,Nasir Hossain,Mohammad Mithun,Mohammad Wasim,1,0,,,,,,,,,
1351071,2022/23,2023-01-20,"Zahur Ahmed Chowdhury Stadium, Chattogram",2,18.3,Dhaka Dominators,Fortune Barishal,Mohammad Mithun,Nasir Hossain,Mohammad Wasim,0,0,,,,,,bowled,Mohammad Mithun,,
1351071,2022/23,2023-01-20,"Zahur Ahmed Chowdhury Stadium, Chattogram",2,18.4,Dhaka Dominators,Fortune Barishal,Ariful Haque,Nasir Hossain,Mohammad Wasim,0,0,,,,,,,,,
1351071,2022/23,2023-01-20,"Zahur Ahmed Chowdhury Stadium, Chattogram",2,18.5,Dhaka Dominators,Fortune Barishal,Ariful Haque,Nasir Hossain,Mohammad Wasim,1,0,,,,,,,,,
1351071,2022/23,2023-01-20,"Zahur Ahmed Chowdhury Stadium, Chattogram",2,18.6,Dhaka Dominators,Fortune Barishal,Nasir Hossain,Ariful Haque,Mohammad Wasim,0,0,,,,,,,,,
1351071,2022/23,2023-01-20,"Zahur Ahmed Chowdhury Stadium, Chattogram",2,19.1,Dhaka Dominators,Fortune Barishal,Ariful Haque,Nasir Hossain,Kamrul Islam Rabbi,1,0,,,,,,,,,
1351071,2022/23,2023-01-20,"Zahur Ahmed Chowdhury Stadium, Chattogram",2,19.2,Dhaka Dominators,Fortune Barishal,Nasir Hossain,Ariful Haque,Kamrul Islam Rabbi,2,0,,,,,,,,,
1351071,2022/23,2023-01-20,"Zahur Ahmed Chowdhury Stadium, Chattogram",2,19.3,Dhaka Dominators,Fortune Barishal,Nasir Hossain,Ariful Haque,Kamrul Islam Rabbi,1,0,,,,,,,,,
1351071,2022/23,2023-01-20,"Zahur Ahmed Chowdhury Stadium, Chattogram",2,19.4,Dhaka Dominators,Fortune Barishal,Ariful Haque,Nasir Hossain,Kamrul Islam Rabbi,2,0,,,,,,,,,
1351071,2022/23,2023-01-20,"Zahur Ahmed Chowdhury Stadium, Chattogram",2,19.5,Dhaka Dominators,Fortune Barishal,Ariful Haque,Nasir Hossain,Kamrul Islam Rabbi,1,0,,,,,,,,,
1351071,2022/23,2023-01-20,"Zahur Ahmed Chowdhury Stadium, Chattogram",2,19.6,Dhaka Dominators,Fortune Barishal,Nasir Hossain,Ariful Haque,Kamrul Islam Rabbi,4,0,,,,,,,,,
