match_id,season,start_date,venue,innings,ball,batting_team,bowling_team,striker,non_striker,bowler,runs_off_bat,extras,wides,noballs,byes,legbyes,penalty,wicket_type,player_dismissed,other_wicket_type,other_player_dismissed
1351073,2022/23,2023-01-23,"Shere Bangla National Stadium, Mirpur",1,0.1,Comilla Victorians,Dhaka Dominators,Mohammad Rizwan,Liton Das,Taskin Ahmed,0,0,,,,,,,,,
1351073,2022/23,2023-01-23,"Shere Bangla National Stadium, Mirpur",1,0.2,Comilla Victorians,Dhaka Dominators,Mohammad Rizwan,Liton Das,Taskin Ahmed,1,0,,,,,,,,,
1351073,2022/23,2023-01-23,"Shere Bangla National Stadium, Mirpur",1,0.3,Comilla Victorians,Dhaka Dominators,Liton Das,Mohammad Rizwan,Taskin Ahmed,0,0,,,,,,,,,
1351073,2022/23,2023-01-23,"Shere Bangla National Stadium, Mirpur",1,0.4,Comilla Victorians,Dhaka Dominators,Liton Das,Mohammad Rizwan,Taskin Ahmed,0,0,,,,,,,,,
1351073,2022/23,2023-01-23,"Shere Bangla National Stadium, Mirpur",1,0.5,Comilla Victorians,Dhaka Dominators,Liton Das,Mohammad Rizwan,Taskin Ahmed,0,0,,,,,,,,,
1351073,2022/23,2023-01-23,"Shere Bangla National Stadium, Mirpur",1,0.6,Comilla Victorians,Dhaka Dominators,Liton Das,Mohammad Rizwan,Taskin Ahmed,0,0,,,,,,,,,
1351073,2022/23,2023-01-23,"Shere Bangla National Stadium, Mirpur",1,1.1,Comilla Victorians,Dhaka Dominators,Mohammad Rizwan,Liton Das,Arafat Sunny,1,0,,,,,,,,,
1351073,2022/23,2023-01-23,"Shere Bangla National Stadium, Mirpur",1,1.2,Comilla Victorians,Dhaka Dominators,Liton Das,Mohammad Rizwan,Arafat Sunny,0,0,,,,,,,,,
1351073,2022/23,2023-01-23,"Shere Bangla National Stadium, Mirpur",1,1.3,Comilla Victorians,Dhaka Dominators,Liton Das,Mohammad Rizwan,Arafat Sunny,0,0,,,,,,,,,
1351073,2022/23,2023-01-23,"Shere Bangla National Stadium, Mirpur",1,1.4,Comilla Victorians,Dhaka Dominators,Liton Das,Mohammad Rizwan,Arafat Sunny,0,0,,,,,,,,,
1351073,2022/23,2023-01-23,"Shere Bangla National Stadium, Mirpur",1,1.5,Comilla Victorians,Dhaka Dominators,Liton Das,Mohammad Rizwan,Arafat Sunny,1,0,,,,,,,,,
1351073,2022/23,2023-01-23,"Shere Bangla National Stadium, Mirpur",1,1.6,Comilla Victorians,Dhaka Dominators,Mohammad Rizwan,Liton Das,Arafat Sunny,1,0,,,,,,,,,
1351073,2022/23,2023-01-23,"Shere Bangla National Stadium, Mirpur",1,2.1,Comilla Victorians,Dhaka Dominators,Mohammad Rizwan,Liton Das,Al-Amin Hossain,0,0,,,,,,,,,
1351073,2022/23,2023-01-23,"Shere Bangla National Stadium, Mirpur",1,2.2,Comilla Victorians,Dhaka Dominators,Mohammad Rizwan,Liton Das,Al-Amin Hossain,0,0,,,,,,,,,
1351073,2022/23,2023-01-23,"Shere Bangla National Stadium, Mirpur",1,2.3,Comilla Victorians,Dhaka Dominators,Mohammad Rizwan,Liton Das,Al-Amin Hossain,0,0,,,,,,bowled,Mohammad Rizwan,,
1351073,2022/23,2023-01-23,"Shere Bangla National Stadium, Mirpur",1,2.4,Comilla Victorians,Dhaka Dominators,Imrul Kayes,Liton Das,Al-Amin Hossain,0,0,,,,,,,,,
1351073,2022/23,2023-01-23,"Shere Bangla National Stadium, Mirpur",1,2.5,Comilla Victorians,Dhaka Dominators,Imrul Kayes,Liton Das,Al-Amin Hossain,0,0,,,,,,,,,
1351073,2022/23,2023-01-23,"Shere Bangla National Stadium, Mirpur",1,2.6,Comilla Victorians,Dhaka Dominators,Imrul Kayes,Liton Das,Al-Amin Hossain,0,0,,,,,,,,,
1351073,2022/23,2023-01-23,"Shere Bangla National Stadium, Mirpur",1,3.1,Comilla Victorians,Dhaka Dominators,Liton Das,Imrul Kayes,Taskin Ahmed,0,0,,,,,,,,,
1351073,2022/23,2023-01-23,"Shere Bangla National Stadium, Mirpur",1,3.2,Comilla Victorians,Dhaka Dominators,Liton Das,Imrul Kayes,Taskin Ahmed,1,0,,,,,,,,,
1351073,2022/23,2023-01-23,"Shere Bangla National Stadium, Mirpur",1,3.3,Comilla Victorians,Dhaka Dominators,Imrul Kayes,Liton Das,Taskin Ahmed,0,0,,,,,,,,,
1351073,2022/23,2023-01-23,"Shere Bangla National Stadium, Mirpur",1,3.4,Comilla Victorians,Dhaka Dominators,Imrul Kayes,Liton Das,Taskin Ahmed,4,0,,,,,,,,,
1351073,2022/23,2023-01-23,"Shere Bangla National Stadium, Mirpur",1,3.5,Comilla Victorians,Dhaka Dominators,Imrul Kayes,Liton Das,Taskin Ahmed,0,0,,,,,,,,,
1351073,2022/23,2023-01-23,"Shere Bangla National Stadium, Mirpur",1,3.6,Comilla Victorians,Dhaka Dominators,Imrul Kayes,Liton Das,Taskin Ahmed,0,0,,,,,,,,,
1351073,2022/23,2023-01-23,"Shere Bangla National Stadium, Mirpur",1,4.1,Comilla Victorians,Dhaka Dominators,Liton Das,Imrul Kayes,Al-Amin Hossain,4,0,,,,,,,,,
1351073,2022/23,2023-01-23,"Shere Bangla National Stadium, Mirpur",1,4.2,Comilla Victorians,Dhaka Dominators,Liton Das,Imrul Kayes,Al-Amin Hossain,0,0,,,,,,,,,
1351073,2022/23,2023-01-23,"Shere Bangla National Stadium, Mirpur",1,4.3,Comilla Victorians,Dhaka Dominators,Liton Das,Imrul Kayes,Al-Amin Hossain,4,0,,,,,,,,,
1351073,2022/23,2023-01-23,"Shere Bangla National Stadium, Mirpur",1,4.4,Comilla Victorians,Dhaka Dominators,Liton Das,Imrul Kayes,Al-Amin Hossain,2,0,,,,,,,,,
1351073,2022/23,2023-01-23,"Shere Bangla National Stadium, Mirpur",1,4.5,Comilla Victorians,Dhaka Dominators,Liton Das,Imrul Kayes,Al-Amin Hossain,1,0,,,,,,,,,
1351073,2022/23,2023-01-23,"Shere Bangla National Stadium, Mirpur",1,4.6,Comilla Victorians,Dhaka Dominators,Imrul Kayes,Liton Das,Al-Amin Hossain,4,0,,,,,,,,,
1351073,2022/23,2023-01-23,"Shere Bangla National Stadium, Mirpur",1,5.1,Comilla Victorians,Dhaka Dominators,Liton Das,Imrul Kayes,Arafat Sunny,4,0,,,,,,,,,
1351073,2022/23,2023-01-23,"Shere Bangla National Stadium, Mirpur",1,5.2,Comilla Victorians,Dhaka Dominators,Liton Das,Imrul Kayes,Arafat Sunny,2,0,,,,,,,,,
1351073,2022/23,2023-01-23,"Shere Bangla National Stadium, Mirpur",1,5.3,Comilla Victorians,Dhaka Dominators,Liton Das,Imrul Kayes,Arafat Sunny,0,0,,,,,,,,,
1351073,2022/23,2023-01-23,"Shere Bangla National Stadium, Mirpur",1,5.4,Comilla Victorians,Dhaka Dominators,Liton Das,Imrul Kayes,Arafat Sunny,1,0,,,,,,,,,
1351073,2022/23,2023-01-23,"Shere Bangla National Stadium, Mirpur",1,5.5,Comilla Victorians,Dhaka Dominators,Imrul Kayes,Liton Das,Arafat Sunny,0,0,,,,,,,,,
1351073,2022/23,2023-01-23,"Shere Bangla National Stadium, Mirpur",1,5.6,Comilla Victorians,Dhaka Dominators,Imrul Kayes,Liton Das,Arafat Sunny,4,0,,,,,,,,,
1351073,2022/23,2023-01-23,"Shere Bangla National Stadium, Mirpur",1,6.1,Comilla Victorians,Dhaka Dominators,Liton Das,Imrul Kayes,Nasir Hossain,0,0,,,,,,caught,Liton Das,,
1351073,2022/23,2023-01-23,"Shere Bangla National Stadium, Mirpur",1,6.2,Comilla Victorians,Dhaka Dominators,J Charles,Imrul Kayes,Nasir Hossain,1,0,,,,,,,,,
1351073,2022/23,2023-01-23,"Shere Bangla National Stadium, Mirpur",1,6.3,Comilla Victorians,Dhaka Dominators,Imrul Kayes,J Charles,Nasir Hossain,0,0,,,,,,,,,
1351073,2022/23,2023-01-23,"Shere Bangla National Stadium, Mirpur",1,6.4,Comilla Victorians,Dhaka Dominators,Imrul Kayes,J Charles,Nasir Hossain,1,0,,,,,,,,,
1351073,2022/23,2023-01-23,"Shere Bangla National Stadium, Mirpur",1,6.5,Comilla Victorians,Dhaka Dominators,J Charles,Imrul Kayes,Nasir Hossain,1,0,,,,,,,,,
1351073,2022/23,2023-01-23,"Shere Bangla National Stadium, Mirpur",1,6.6,Comilla Victorians,Dhaka Dominators,Imrul Kayes,J Charles,Nasir Hossain,0,0,,,,,,,,,
1351073,2022/23,2023-01-23,"Shere Bangla National Stadium, Mirpur",1,7.1,Comilla Victorians,Dhaka Dominators,J Charles,Imrul Kayes,Muktar Ali,0,0,,,,,,,,,
1351073,2022/23,2023-01-23,"Shere Bangla National Stadium, Mirpur",1,7.2,Comilla Victorians,Dhaka Dominators,J Charles,Imrul Kayes,Muktar Ali,1,0,,,,,,,,,
1351073,2022/23,2023-01-23,"Shere Bangla National Stadium, Mirpur",1,7.3,Comilla Victorians,Dhaka Dominators,Imrul Kayes,J Charles,Muktar Ali,0,1,1,,,,,,,,
1351073,2022/23,2023-01-23,"Shere Bangla National Stadium, Mirpur",1,7.4,Comilla Victorians,Dhaka Dominators,Imrul Kayes,J Charles,Muktar Ali,4,0,,,,,,,,,
1351073,2022/23,2023-01-23,"Shere Bangla National Stadium, Mirpur",1,7.5,Comilla Victorians,Dhaka Dominators,Imrul Kayes,J Charles,Muktar Ali,4,0,,,,,,,,,
1351073,2022/23,2023-01-23,"Shere Bangla National Stadium, Mirpur",1,7.6,Comilla Victorians,Dhaka Dominators,Imrul Kayes,J Charles,Muktar Ali,2,0,,,,,,,,,
1351073,2022/23,2023-01-23,"Shere Bangla National Stadium, Mirpur",1,7.7,Comilla Victorians,Dhaka Dominators,Imrul Kayes,J Charles,Muktar Ali,1,0,,,,,,,,,
1351073,2022/23,2023-01-23,"Shere Bangla National Stadium, Mirpur",1,8.1,Comilla Victorians,Dhaka Dominators,Imrul Kayes,J Charles,Arafat Sunny,0,2,2,,,,,,,,
1351073,2022/23,2023-01-23,"Shere Bangla National Stadium, Mirpur",1,8.2,Comilla Victorians,Dhaka Dominators,J Charles,Imrul Kayes,Arafat Sunny,1,0,,,,,,,,,
1351073,2022/23,2023-01-23,"Shere Bangla National Stadium, Mirpur",1,8.3,Comilla Victorians,Dhaka Dominators,Imrul Kayes,J Charles,Arafat Sunny,1,0,,,,,,,,,
1351073,2022/23,2023-01-23,"Shere Bangla National Stadium, Mirpur",1,8.4,Comilla Victorians,Dhaka Dominators,J Charles,Imrul Kayes,Arafat Sunny,0,0,,,,,,,,,
1351073,2022/23,2023-01-23,"Shere Bangla National Stadium, Mirpur",1,8.5,Comilla Victorians,Dhaka Dominators,J Charles,Imrul Kayes,Arafat Sunny,1,0,,,,,,,,,
1351073,2022/23,2023-01-23,"Shere Bangla National Stadium, Mirpur",1,8.6,Comilla Victorians,Dhaka Dominators,Imrul Kayes,J Charles,Arafat Sunny,2,0,,,,,,,,,
1351073,2022/23,2023-01-23,"Shere Bangla National Stadium, Mirpur",1,8.7,Comilla Victorians,Dhaka Dominators,Imrul Kayes,J Charles,Arafat Sunny,0,2,2,,,,,,,,
1351073,2022/23,2023-01-23,"Shere Bangla National Stadium, Mirpur",1,8.8,Comilla Victorians,Dhaka Dominators,J Charles,Imrul Kayes,Arafat Sunny,1,0,,,,,,,,,
1351073,2022/23,2023-01-23,"Shere Bangla National Stadium, Mirpur",1,9.1,Comilla Victorians,Dhaka Dominators,J Charles,Imrul Kayes,Amir Hamza,1,0,,,,,,,,,
1351073,2022/23,2023-01-23,"Shere Bangla National Stadium, Mirpur",1,9.2,Comilla Victorians,Dhaka Dominators,Imrul Kayes,J Charles,Amir Hamza,1,0,,,,,,,,,
1351073,2022/23,2023-01-23,"Shere Bangla National Stadium, Mirpur",1,9.3,Comilla Victorians,Dhaka Dominators,J Charles,Imrul Kayes,Amir Hamza,0,0,,,,,,,,,
1351073,2022/23,2023-01-23,"Shere Bangla National Stadium, Mirpur",1,9.4,Comilla Victorians,Dhaka Dominators,J Charles,Imrul Kayes,Amir Hamza,1,0,,,,,,,,,
1351073,2022/23,2023-01-23,"Shere Bangla National Stadium, Mirpur",1,9.5,Comilla Victorians,Dhaka Dominators,Imrul Kayes,J Charles,Amir Hamza,0,0,,,,,,,,,
1351073,2022/23,2023-01-23,"Shere Bangla National Stadium, Mirpur",1,9.6,Comilla Victorians,Dhaka Dominators,Imrul Kayes,J Charles,Amir Hamza,0,0,,,,,,bowled,Imrul Kayes,,
1351073,2022/23,2023-01-23,"Shere Bangla National Stadium, Mirpur",1,10.1,Comilla Victorians,Dhaka Dominators,J Charles,Mosaddek Hossain,Muktar Ali,1,0,,,,,,,,,
1351073,2022/23,2023-01-23,"Shere Bangla National Stadium, Mirpur",1,10.2,Comilla Victorians,Dhaka Dominators,Mosaddek Hossain,J Charles,Muktar Ali,1,0,,,,,,,,,
1351073,2022/23,2023-01-23,"Shere Bangla National Stadium, Mirpur",1,10.3,Comilla Victorians,Dhaka Dominators,J Charles,Mosaddek Hossain,Muktar Ali,0,0,,,,,,,,,
1351073,2022/23,2023-01-23,"Shere Bangla National Stadium, Mirpur",1,10.4,Comilla Victorians,Dhaka Dominators,J Charles,Mosaddek Hossain,Muktar Ali,0,0,,,,,,,,,
1351073,2022/23,2023-01-23,"Shere Bangla National Stadium, Mirpur",1,10.5,Comilla Victorians,Dhaka Dominators,J Charles,Mosaddek Hossain,Muktar Ali,2,0,,,,,,,,,
1351073,2022/23,2023-01-23,"Shere Bangla National Stadium, Mirpur",1,10.6,Comilla Victorians,Dhaka Dominators,J Charles,Mosaddek Hossain,Muktar Ali,1,0,,,,,,,,,
1351073,2022/23,2023-01-23,"Shere Bangla National Stadium, Mirpur",1,11.1,Comilla Victorians,Dhaka Dominators,J Charles,Mosaddek Hossain,Amir Hamza,1,0,,,,,,,,,
1351073,2022/23,2023-01-23,"Shere Bangla National Stadium, Mirpur",1,11.2,Comilla Victorians,Dhaka Dominators,Mosaddek Hossain,J Charles,Amir Hamza,1,0,,,,,,,,,
1351073,2022/23,2023-01-23,"Shere Bangla National Stadium, Mirpur",1,11.3,Comilla Victorians,Dhaka Dominators,J Charles,Mosaddek Hossain,Amir Hamza,1,0,,,,,,,,,
1351073,2022/23,2023-01-23,"Shere Bangla National Stadium, Mirpur",1,11.4,Comilla Victorians,Dhaka Dominators,Mosaddek Hossain,J Charles,Amir Hamza,1,0,,,,,,,,,
1351073,2022/23,2023-01-23,"Shere Bangla National Stadium, Mirpur",1,11.5,Comilla Victorians,Dhaka Dominators,J Charles,Mosaddek Hossain,Amir Hamza,0,0,,,,,,,,,
1351073,2022/23,2023-01-23,"Shere Bangla National Stadium, Mirpur",1,11.6,Comilla Victorians,Dhaka Dominators,J Charles,Mosaddek Hossain,Amir Hamza,1,0,,,,,,,,,
1351073,2022/23,2023-01-23,"Shere Bangla National Stadium, Mirpur",1,12.1,Comilla Victorians,Dhaka Dominators,J Charles,Mosaddek Hossain,Muktar Ali,4,0,,,,,,,,,
1351073,2022/23,2023-01-23,"Shere Bangla National Stadium, Mirpur",1,12.2,Comilla Victorians,Dhaka Dominators,J Charles,Mosaddek Hossain,Muktar Ali,6,0,,,,,,,,,
1351073,2022/23,2023-01-23,"Shere Bangla National Stadium, Mirpur",1,12.3,Comilla Victorians,Dhaka Dominators,J Charles,Mosaddek Hossain,Muktar Ali,0,0,,,,,,,,,
1351073,2022/23,2023-01-23,"Shere Bangla National Stadium, Mirpur",1,12.4,Comilla Victorians,Dhaka Dominators,J Charles,Mosaddek Hossain,Muktar Ali,6,0,,,,,,,,,
1351073,2022/23,2023-01-23,"Shere Bangla National Stadium, Mirpur",1,12.5,Comilla Victorians,Dhaka Dominators,J Charles,Mosaddek Hossain,Muktar Ali,1,0,,,,,,,,,
1351073,2022/23,2023-01-23,"Shere Bangla National Stadium, Mirpur",1,12.6,Comilla Victorians,Dhaka Dominators,Mosaddek Hossain,J Charles,Muktar Ali,1,0,,,,,,,,,
1351073,2022/23,2023-01-23,"Shere Bangla National Stadium, Mirpur",1,13.1,Comilla Victorians,Dhaka Dominators,Mosaddek Hossain,J Charles,Al-Amin Hossain,1,0,,,,,,run out,J Charles,,
1351073,2022/23,2023-01-23,"Shere Bangla National Stadium, Mirpur",1,13.2,Comilla Victorians,Dhaka Dominators,Khushdil Shah,Mosaddek Hossain,Al-Amin Hossain,4,0,,,,,,,,,
1351073,2022/23,2023-01-23,"Shere Bangla National Stadium, Mirpur",1,13.3,Comilla Victorians,Dhaka Dominators,Khushdil Shah,Mosaddek Hossain,Al-Amin Hossain,4,0,,,,,,,,,
1351073,2022/23,2023-01-23,"Shere Bangla National Stadium, Mirpur",1,13.4,Comilla Victorians,Dhaka Dominators,Khushdil Shah,Mosaddek Hossain,Al-Amin Hossain,0,0,,,,,,,,,
1351073,2022/23,2023-01-23,"Shere Bangla National Stadium, Mirpur",1,13.5,Comilla Victorians,Dhaka Dominators,Khushdil Shah,Mosaddek Hossain,Al-Amin Hossain,0,0,,,,,,,,,
1351073,2022/23,2023-01-23,"Shere Bangla National Stadium, Mirpur",1,13.6,Comilla Victorians,Dhaka Dominators,Khushdil Shah,Mosaddek Hossain,Al-Amin Hossain,0,1,1,,,,,,,,
1351073,2022/23,2023-01-23,"Shere Bangla National Stadium, Mirpur",1,13.7,Comilla Victorians,Dhaka Dominators,Khushdil Shah,Mosaddek Hossain,Al-Amin Hossain,0,0,,,,,,,,,
1351073,2022/23,2023-01-23,"Shere Bangla National Stadium, Mirpur",1,14.1,Comilla Victorians,Dhaka Dominators,Mosaddek Hossain,Khushdil Shah,Nasir Hossain,0,1,,,,1,,,,,
1351073,2022/23,2023-01-23,"Shere Bangla National Stadium, Mirpur",1,14.2,Comilla Victorians,Dhaka Dominators,Khushdil Shah,Mosaddek Hossain,Nasir Hossain,2,0,,,,,,,,,
1351073,2022/23,2023-01-23,"Shere Bangla National Stadium, Mirpur",1,14.3,Comilla Victorians,Dhaka Dominators,Khushdil Shah,Mosaddek Hossain,Nasir Hossain,0,0,,,,,,,,,
1351073,2022/23,2023-01-23,"Shere Bangla National Stadium, Mirpur",1,14.4,Comilla Victorians,Dhaka Dominators,Khushdil Shah,Mosaddek Hossain,Nasir Hossain,1,0,,,,,,,,,
1351073,2022/23,2023-01-23,"Shere Bangla National Stadium, Mirpur",1,14.5,Comilla Victorians,Dhaka Dominators,Mosaddek Hossain,Khushdil Shah,Nasir Hossain,1,0,,,,,,,,,
1351073,2022/23,2023-01-23,"Shere Bangla National Stadium, Mirpur",1,14.6,Comilla Victorians,Dhaka Dominators,Khushdil Shah,Mosaddek Hossain,Nasir Hossain,2,0,,,,,,,,,
1351073,2022/23,2023-01-23,"Shere Bangla National Stadium, Mirpur",1,15.1,Comilla Victorians,Dhaka Dominators,Mosaddek Hossain,Khushdil Shah,Amir Hamza,1,0,,,,,,,,,
1351073,2022/23,2023-01-23,"Shere Bangla National Stadium, Mirpur",1,15.2,Comilla Victorians,Dhaka Dominators,Khushdil Shah,Mosaddek Hossain,Amir Hamza,1,0,,,,,,,,,
1351073,2022/23,2023-01-23,"Shere Bangla National Stadium, Mirpur",1,15.3,Comilla Victorians,Dhaka Dominators,Mosaddek Hossain,Khushdil Shah,Amir Hamza,1,0,,,,,,,,,
1351073,2022/23,2023-01-23,"Shere Bangla National Stadium, Mirpur",1,15.4,Comilla Victorians,Dhaka Dominators,Khushdil Shah,Mosaddek Hossain,Amir Hamza,6,0,,,,,,,,,
1351073,2022/23,2023-01-23,"Shere Bangla National Stadium, Mirpur",1,15.5,Comilla Victorians,Dhaka Dominators,Khushdil Shah,Mosaddek Hossain,Amir Hamza,0,0,,,,,,,,,
1351073,2022/23,2023-01-23,"Shere Bangla National Stadium, Mirpur",1,15.6,Comilla Victorians,Dhaka Dominators,Khushdil Shah,Mosaddek Hossain,Amir Hamza,2,0,,,,,,,,,
1351073,2022/23,2023-01-23,"Shere Bangla National Stadium, Mirpur",1,16.1,Comilla Victorians,Dhaka Dominators,Mosaddek Hossain,Khushdil Shah,Nasir Hossain,1,0,,,,,,,,,
1351073,2022/23,2023-01-23,"Shere Bangla National Stadium, Mirpur",1,16.2,Comilla Victorians,Dhaka Dominators,Khushdil Shah,Mosaddek Hossain,Nasir Hossain,1,0,,,,,,,,,
1351073,2022/23,2023-01-23,"Shere Bangla National Stadium, Mirpur",1,16.3,Comilla Victorians,Dhaka Dominators,Mosaddek Hossain,Khushdil Shah,Nasir Hossain,0,0,,,,,,caught,Mosaddek Hossain,,
1351073,2022/23,2023-01-23,"Shere Bangla National Stadium, Mirpur",1,16.4,Comilla Victorians,Dhaka Dominators,Jaker Ali,Khushdil Shah,Nasir Hossain,1,0,,,,,,,,,
1351073,2022/23,2023-01-23,"Shere Bangla National Stadium, Mirpur",1,16.5,Comilla Victorians,Dhaka Dominators,Khushdil Shah,Jaker Ali,Nasir Hossain,6,0,,,,,,,,,
1351073,2022/23,2023-01-23,"Shere Bangla National Stadium, Mirpur",1,16.6,Comilla Victorians,Dhaka Dominators,Khushdil Shah,Jaker Ali,Nasir Hossain,1,0,,,,,,,,,
1351073,2022/23,2023-01-23,"Shere Bangla National Stadium, Mirpur",1,17.1,Comilla Victorians,Dhaka Dominators,Khushdil Shah,Jaker Ali,Taskin Ahmed,0,0,,,,,,caught,Khushdil Shah,,
1351073,2022/23,2023-01-23,"Shere Bangla National Stadium, Mirpur",1,17.2,Comilla Victorians,Dhaka Dominators,Abu Hider,Jaker Ali,Taskin Ahmed,4,0,,,,,,,,,
1351073,2022/23,2023-01-23,"Shere Bangla National Stadium, Mirpur",1,17.3,Comilla Victorians,Dhaka Dominators,Abu Hider,Jaker Ali,Taskin Ahmed,1,0,,,,,,,,,
1351073,2022/23,2023-01-23,"Shere Bangla National Stadium, Mirpur",1,17.4,Comilla Victorians,Dhaka Dominators,Jaker Ali,Abu Hider,Taskin Ahmed,1,0,,,,,,,,,
1351073,2022/23,2023-01-23,"Shere Bangla National Stadium, Mirpur",1,17.5,Comilla Victorians,Dhaka Dominators,Abu Hider,Jaker Ali,Taskin Ahmed,0,4,,,4,,,,,,
1351073,2022/23,2023-01-23,"Shere Bangla National Stadium, Mirpur",1,17.6,Comilla Victorians,Dhaka Dominators,Abu Hider,Jaker Ali,Taskin Ahmed,0,0,,,,,,,,,
1351073,2022/23,2023-01-23,"Shere Bangla National Stadium, Mirpur",1,18.1,Comilla Victorians,Dhaka Dominators,Jaker Ali,Abu Hider,Al-Amin Hossain,0,0,,,,,,,,,
1351073,2022/23,2023-01-23,"Shere Bangla National Stadium, Mirpur",1,18.2,Comilla Victorians,Dhaka Dominators,Jaker Ali,Abu Hider,Al-Amin Hossain,2,0,,,,,,,,,
1351073,2022/23,2023-01-23,"Shere Bangla National Stadium, Mirpur",1,18.3,Comilla Victorians,Dhaka Dominators,Jaker Ali,Abu Hider,Al-Amin Hossain,2,0,,,,,,,,,
1351073,2022/23,2023-01-23,"Shere Bangla National Stadium, Mirpur",1,18.4,Comilla Victorians,Dhaka Dominators,Jaker Ali,Abu Hider,Al-Amin Hossain,1,0,,,,,,,,,
1351073,2022/23,2023-01-23,"Shere Bangla National Stadium, Mirpur",1,18.5,Comilla Victorians,Dhaka Dominators,Abu Hider,Jaker Ali,Al-Amin Hossain,1,0,,,,,,,,,
1351073,2022/23,2023-01-23,"Shere Bangla National Stadium, Mirpur",1,18.6,Comilla Victorians,Dhaka Dominators,Jaker Ali,Abu Hider,Al-Amin Hossain,2,0,,,,,,,,,
1351073,2022/23,2023-01-23,"Shere Bangla National Stadium, Mirpur",1,19.1,Comilla Victorians,Dhaka Dominators,Abu Hider,Jaker Ali,Taskin Ahmed,2,0,,,,,,,,,
1351073,2022/23,2023-01-23,"Shere Bangla National Stadium, Mirpur",1,19.2,Comilla Victorians,Dhaka Dominators,Abu Hider,Jaker Ali,Taskin Ahmed,2,0,,,,,,,,,
1351073,2022/23,2023-01-23,"Shere Bangla National Stadium, Mirpur",1,19.3,Comilla Victorians,Dhaka Dominators,Abu Hider,Jaker Ali,Taskin Ahmed,1,0,,,,,,,,,
1351073,2022/23,2023-01-23,"Shere Bangla National Stadium, Mirpur",1,19.4,Comilla Victorians,Dhaka Dominators,Jaker Ali,Abu Hider,Taskin Ahmed,6,0,,,,,,,,,
1351073,2022/23,2023-01-23,"Shere Bangla National Stadium, Mirpur",1,19.5,Comilla Victorians,Dhaka Dominators,Jaker Ali,Abu Hider,Taskin Ahmed,4,0,,,,,,,,,
1351073,2022/23,2023-01-23,"Shere Bangla National Stadium, Mirpur",1,19.6,Comilla Victorians,Dhaka Dominators,Jaker Ali,Abu Hider,Taskin Ahmed,1,0,,,,,,,,,
1351073,2022/23,2023-01-23,"Shere Bangla National Stadium, Mirpur",2,0.1,Dhaka Dominators,Comilla Victorians,Mizanur Rahman,Soumya Sarkar,Abu Hider,0,1,1,,,,,,,,
1351073,2022/23,2023-01-23,"Shere Bangla National Stadium, Mirpur",2,0.2,Dhaka Dominators,Comilla Victorians,Mizanur Rahman,Soumya Sarkar,Abu Hider,0,0,,,,,,,,,
1351073,2022/23,2023-01-23,"Shere Bangla National Stadium, Mirpur",2,0.3,Dhaka Dominators,Comilla Victorians,Mizanur Rahman,Soumya Sarkar,Abu Hider,1,0,,,,,,,,,
1351073,2022/23,2023-01-23,"Shere Bangla National Stadium, Mirpur",2,0.4,Dhaka Dominators,Comilla Victorians,Soumya Sarkar,Mizanur Rahman,Abu Hider,1,0,,,,,,,,,
1351073,2022/23,2023-01-23,"Shere Bangla National Stadium, Mirpur",2,0.5,Dhaka Dominators,Comilla Victorians,Mizanur Rahman,Soumya Sarkar,Abu Hider,4,0,,,,,,,,,
1351073,2022/23,2023-01-23,"Shere Bangla National Stadium, Mirpur",2,0.6,Dhaka Dominators,Comilla Victorians,Mizanur Rahman,Soumya Sarkar,Abu Hider,0,0,,,,,,,,,
1351073,2022/23,2023-01-23,"Shere Bangla National Stadium, Mirpur",2,0.7,Dhaka Dominators,Comilla Victorians,Mizanur Rahman,Soumya Sarkar,Abu Hider,0,1,1,,,,,,,,
1351073,2022/23,2023-01-23,"Shere Bangla National Stadium, Mirpur",2,0.8,Dhaka Dominators,Comilla Victorians,Mizanur Rahman,Soumya Sarkar,Abu Hider,0,0,,,,,,,,,
1351073,2022/23,2023-01-23,"Shere Bangla National Stadium, Mirpur",2,1.1,Dhaka Dominators,Comilla Victorians,Soumya Sarkar,Mizanur Rahman,Naseem Shah,0,1,1,,,,,,,,
1351073,2022/23,2023-01-23,"Shere Bangla National Stadium, Mirpur",2,1.2,Dhaka Dominators,Comilla Victorians,Soumya Sarkar,Mizanur Rahman,Naseem Shah,0,0,,,,,,,,,
1351073,2022/23,2023-01-23,"Shere Bangla National Stadium, Mirpur",2,1.3,Dhaka Dominators,Comilla Victorians,Soumya Sarkar,Mizanur Rahman,Naseem Shah,1,0,,,,,,,,,
1351073,2022/23,2023-01-23,"Shere Bangla National Stadium, Mirpur",2,1.4,Dhaka Dominators,Comilla Victorians,Mizanur Rahman,Soumya Sarkar,Naseem Shah,0,0,,,,,,,,,
1351073,2022/23,2023-01-23,"Shere Bangla National Stadium, Mirpur",2,1.5,Dhaka Dominators,Comilla Victorians,Mizanur Rahman,Soumya Sarkar,Naseem Shah,0,0,,,,,,,,,
1351073,2022/23,2023-01-23,"Shere Bangla National Stadium, Mirpur",2,1.6,Dhaka Dominators,Comilla Victorians,Mizanur Rahman,Soumya Sarkar,Naseem Shah,0,0,,,,,,bowled,Mizanur Rahman,,
1351073,2022/23,2023-01-23,"Shere Bangla National Stadium, Mirpur",2,1.7,Dhaka Dominators,Comilla Victorians,Usman Ghani,Soumya Sarkar,Naseem Shah,0,0,,,,,,,,,
1351073,2022/23,2023-01-23,"Shere Bangla National Stadium, Mirpur",2,2.1,Dhaka Dominators,Comilla Victorians,Soumya Sarkar,Usman Ghani,Abu Hider,0,0,,,,,,,,,
1351073,2022/23,2023-01-23,"Shere Bangla National Stadium, Mirpur",2,2.2,Dhaka Dominators,Comilla Victorians,Soumya Sarkar,Usman Ghani,Abu Hider,0,0,,,,,,,,,
1351073,2022/23,2023-01-23,"Shere Bangla National Stadium, Mirpur",2,2.3,Dhaka Dominators,Comilla Victorians,Soumya Sarkar,Usman Ghani,Abu Hider,1,0,,,,,,,,,
1351073,2022/23,2023-01-23,"Shere Bangla National Stadium, Mirpur",2,2.4,Dhaka Dominators,Comilla Victorians,Usman Ghani,Soumya Sarkar,Abu Hider,1,0,,,,,,,,,
1351073,2022/23,2023-01-23,"Shere Bangla National Stadium, Mirpur",2,2.5,Dhaka Dominators,Comilla Victorians,Soumya Sarkar,Usman Ghani,Abu Hider,0,0,,,,,,caught,Soumya Sarkar,,
1351073,2022/23,2023-01-23,"Shere Bangla National Stadium, Mirpur",2,2.6,Dhaka Dominators,Comilla Victorians,Mohammad Mithun,Usman Ghani,Abu Hider,0,0,,,,,,,,,
1351073,2022/23,2023-01-23,"Shere Bangla National Stadium, Mirpur",2,3.1,Dhaka Dominators,Comilla Victorians,Usman Ghani,Mohammad Mithun,Tanvir Islam,1,0,,,,,,,,,
1351073,2022/23,2023-01-23,"Shere Bangla National Stadium, Mirpur",2,3.2,Dhaka Dominators,Comilla Victorians,Mohammad Mithun,Usman Ghani,Tanvir Islam,0,0,,,,,,,,,
1351073,2022/23,2023-01-23,"Shere Bangla National Stadium, Mirpur",2,3.3,Dhaka Dominators,Comilla Victorians,Mohammad Mithun,Usman Ghani,Tanvir Islam,0,0,,,,,,,,,
1351073,2022/23,2023-01-23,"Shere Bangla National Stadium, Mirpur",2,3.4,Dhaka Dominators,Comilla Victorians,Mohammad Mithun,Usman Ghani,Tanvir Islam,0,0,,,,,,,,,
1351073,2022/23,2023-01-23,"Shere Bangla National Stadium, Mirpur",2,3.5,Dhaka Dominators,Comilla Victorians,Mohammad Mithun,Usman Ghani,Tanvir Islam,0,0,,,,,,,,,
1351073,2022/23,2023-01-23,"Shere Bangla National Stadium, Mirpur",2,3.6,Dhaka Dominators,Comilla Victorians,Mohammad Mithun,Usman Ghani,Tanvir Islam,1,0,,,,,,,,,
1351073,2022/23,2023-01-23,"Shere Bangla National Stadium, Mirpur",2,4.1,Dhaka Dominators,Comilla Victorians,Mohammad Mithun,Usman Ghani,Naseem Shah,0,0,,,,,,,,,
1351073,2022/23,2023-01-23,"Shere Bangla National Stadium, Mirpur",2,4.2,Dhaka Dominators,Comilla Victorians,Mohammad Mithun,Usman Ghani,Naseem Shah,2,0,,,,,,,,,
1351073,2022/23,2023-01-23,"Shere Bangla National Stadium, Mirpur",2,4.3,Dhaka Dominators,Comilla Victorians,Mohammad Mithun,Usman Ghani,Naseem Shah,0,0,,,,,,,,,
1351073,2022/23,2023-01-23,"Shere Bangla National Stadium, Mirpur",2,4.4,Dhaka Dominators,Comilla Victorians,Mohammad Mithun,Usman Ghani,Naseem Shah,0,0,,,,,,,,,
1351073,2022/23,2023-01-23,"Shere Bangla National Stadium, Mirpur",2,4.5,Dhaka Dominators,Comilla Victorians,Mohammad Mithun,Usman Ghani,Naseem Shah,0,0,,,,,,caught,Mohammad Mithun,,
1351073,2022/23,2023-01-23,"Shere Bangla National Stadium, Mirpur",2,4.6,Dhaka Dominators,Comilla Victorians,Nasir Hossain,Usman Ghani,Naseem Shah,1,0,,,,,,,,,
1351073,2022/23,2023-01-23,"Shere Bangla National Stadium, Mirpur",2,5.1,Dhaka Dominators,Comilla Victorians,Nasir Hossain,Usman Ghani,Abu Hider,0,0,,,,,,,,,
1351073,2022/23,2023-01-23,"Shere Bangla National Stadium, Mirpur",2,5.2,Dhaka Dominators,Comilla Victorians,Nasir Hossain,Usman Ghani,Abu Hider,0,0,,,,,,,,,
1351073,2022/23,2023-01-23,"Shere Bangla National Stadium, Mirpur",2,5.3,Dhaka Dominators,Comilla Victorians,Nasir Hossain,Usman Ghani,Abu Hider,0,0,,,,,,,,,
1351073,2022/23,2023-01-23,"Shere Bangla National Stadium, Mirpur",2,5.4,Dhaka Dominators,Comilla Victorians,Nasir Hossain,Usman Ghani,Abu Hider,1,0,,,,,,,,,
1351073,2022/23,2023-01-23,"Shere Bangla National Stadium, Mirpur",2,5.5,Dhaka Dominators,Comilla Victorians,Usman Ghani,Nasir Hossain,Abu Hider,2,0,,,,,,,,,
1351073,2022/23,2023-01-23,"Shere Bangla National Stadium, Mirpur",2,5.6,Dhaka Dominators,Comilla Victorians,Usman Ghani,Nasir Hossain,Abu Hider,0,0,,,,,,,,,
1351073,2022/23,2023-01-23,"Shere Bangla National Stadium, Mirpur",2,6.1,Dhaka Dominators,Comilla Victorians,Nasir Hossain,Usman Ghani,Mukidul Islam,2,0,,,,,,,,,
1351073,2022/23,2023-01-23,"Shere Bangla National Stadium, Mirpur",2,6.2,Dhaka Dominators,Comilla Victorians,Nasir Hossain,Usman Ghani,Mukidul Islam,4,0,,,,,,,,,
1351073,2022/23,2023-01-23,"Shere Bangla National Stadium, Mirpur",2,6.3,Dhaka Dominators,Comilla Victorians,Nasir Hossain,Usman Ghani,Mukidul Islam,1,0,,,,,,,,,
1351073,2022/23,2023-01-23,"Shere Bangla National Stadium, Mirpur",2,6.4,Dhaka Dominators,Comilla Victorians,Usman Ghani,Nasir Hossain,Mukidul Islam,1,0,,,,,,,,,
1351073,2022/23,2023-01-23,"Shere Bangla National Stadium, Mirpur",2,6.5,Dhaka Dominators,Comilla Victorians,Nasir Hossain,Usman Ghani,Mukidul Islam,4,0,,,,,,,,,
1351073,2022/23,2023-01-23,"Shere Bangla National Stadium, Mirpur",2,6.6,Dhaka Dominators,Comilla Victorians,Nasir Hossain,Usman Ghani,Mukidul Islam,2,0,,,,,,,,,
1351073,2022/23,2023-01-23,"Shere Bangla National Stadium, Mirpur",2,7.1,Dhaka Dominators,Comilla Victorians,Usman Ghani,Nasir Hossain,Tanvir Islam,0,0,,,,,,,,,
1351073,2022/23,2023-01-23,"Shere Bangla National Stadium, Mirpur",2,7.2,Dhaka Dominators,Comilla Victorians,Usman Ghani,Nasir Hossain,Tanvir Islam,0,0,,,,,,,,,
1351073,2022/23,2023-01-23,"Shere Bangla National Stadium, Mirpur",2,7.3,Dhaka Dominators,Comilla Victorians,Usman Ghani,Nasir Hossain,Tanvir Islam,4,0,,,,,,,,,
1351073,2022/23,2023-01-23,"Shere Bangla National Stadium, Mirpur",2,7.4,Dhaka Dominators,Comilla Victorians,Usman Ghani,Nasir Hossain,Tanvir Islam,1,0,,,,,,,,,
1351073,2022/23,2023-01-23,"Shere Bangla National Stadium, Mirpur",2,7.5,Dhaka Dominators,Comilla Victorians,Nasir Hossain,Usman Ghani,Tanvir Islam,0,0,,,,,,,,,
1351073,2022/23,2023-01-23,"Shere Bangla National Stadium, Mirpur",2,7.6,Dhaka Dominators,Comilla Victorians,Nasir Hossain,Usman Ghani,Tanvir Islam,1,0,,,,,,,,,
1351073,2022/23,2023-01-23,"Shere Bangla National Stadium, Mirpur",2,8.1,Dhaka Dominators,Comilla Victorians,Nasir Hossain,Usman Ghani,Khushdil Shah,1,0,,,,,,,,,
1351073,2022/23,2023-01-23,"Shere Bangla National Stadium, Mirpur",2,8.2,Dhaka Dominators,Comilla Victorians,Usman Ghani,Nasir Hossain,Khushdil Shah,1,0,,,,,,,,,
1351073,2022/23,2023-01-23,"Shere Bangla National Stadium, Mirpur",2,8.3,Dhaka Dominators,Comilla Victorians,Nasir Hossain,Usman Ghani,Khushdil Shah,0,0,,,,,,,,,
1351073,2022/23,2023-01-23,"Shere Bangla National Stadium, Mirpur",2,8.4,Dhaka Dominators,Comilla Victorians,Nasir Hossain,Usman Ghani,Khushdil Shah,0,0,,,,,,caught,Nasir Hossain,,
1351073,2022/23,2023-01-23,"Shere Bangla National Stadium, Mirpur",2,8.5,Dhaka Dominators,Comilla Victorians,Ariful Haque,Usman Ghani,Khushdil Shah,1,0,,,,,,,,,
1351073,2022/23,2023-01-23,"Shere Bangla National Stadium, Mirpur",2,8.6,Dhaka Dominators,Comilla Victorians,Usman Ghani,Ariful Haque,Khushdil Shah,2,0,,,,,,,,,
1351073,2022/23,2023-01-23,"Shere Bangla National Stadium, Mirpur",2,9.1,Dhaka Dominators,Comilla Victorians,Ariful Haque,Usman Ghani,Tanvir Islam,0,0,,,,,,,,,
1351073,2022/23,2023-01-23,"Shere Bangla National Stadium, Mirpur",2,9.2,Dhaka Dominators,Comilla Victorians,Ariful Haque,Usman Ghani,Tanvir Islam,0,0,,,,,,,,,
1351073,2022/23,2023-01-23,"Shere Bangla National Stadium, Mirpur",2,9.3,Dhaka Dominators,Comilla Victorians,Ariful Haque,Usman Ghani,Tanvir Islam,0,0,,,,,,,,,
1351073,2022/23,2023-01-23,"Shere Bangla National Stadium, Mirpur",2,9.4,Dhaka Dominators,Comilla Victorians,Ariful Haque,Usman Ghani,Tanvir Islam,0,0,,,,,,,,,
1351073,2022/23,2023-01-23,"Shere Bangla National Stadium, Mirpur",2,9.5,Dhaka Dominators,Comilla Victorians,Ariful Haque,Usman Ghani,Tanvir Islam,1,0,,,,,,,,,
1351073,2022/23,2023-01-23,"Shere Bangla National Stadium, Mirpur",2,9.6,Dhaka Dominators,Comilla Victorians,Usman Ghani,Ariful Haque,Tanvir Islam,0,0,,,,,,,,,
1351073,2022/23,2023-01-23,"Shere Bangla National Stadium, Mirpur",2,10.1,Dhaka Dominators,Comilla Victorians,Ariful Haque,Usman Ghani,Khushdil Shah,0,0,,,,,,,,,
1351073,2022/23,2023-01-23,"Shere Bangla National Stadium, Mirpur",2,10.2,Dhaka Dominators,Comilla Victorians,Ariful Haque,Usman Ghani,Khushdil Shah,1,0,,,,,,,,,
1351073,2022/23,2023-01-23,"Shere Bangla National Stadium, Mirpur",2,10.3,Dhaka Dominators,Comilla Victorians,Usman Ghani,Ariful Haque,Khushdil Shah,2,0,,,,,,,,,
1351073,2022/23,2023-01-23,"Shere Bangla National Stadium, Mirpur",2,10.4,Dhaka Dominators,Comilla Victorians,Usman Ghani,Ariful Haque,Khushdil Shah,2,0,,,,,,,,,
1351073,2022/23,2023-01-23,"Shere Bangla National Stadium, Mirpur",2,10.5,Dhaka Dominators,Comilla Victorians,Usman Ghani,Ariful Haque,Khushdil Shah,1,0,,,,,,,,,
1351073,2022/23,2023-01-23,"Shere Bangla National Stadium, Mirpur",2,10.6,Dhaka Dominators,Comilla Victorians,Ariful Haque,Usman Ghani,Khushdil Shah,1,0,,,,,,,,,
1351073,2022/23,2023-01-23,"Shere Bangla National Stadium, Mirpur",2,11.1,Dhaka Dominators,Comilla Victorians,Ariful Haque,Usman Ghani,Mukidul Islam,1,0,,,,,,,,,
1351073,2022/23,2023-01-23,"Shere Bangla National Stadium, Mirpur",2,11.2,Dhaka Dominators,Comilla Victorians,Usman Ghani,Ariful Haque,Mukidul Islam,1,0,,,,,,,,,
1351073,2022/23,2023-01-23,"Shere Bangla National Stadium, Mirpur",2,11.3,Dhaka Dominators,Comilla Victorians,Ariful Haque,Usman Ghani,Mukidul Islam,0,0,,,,,,,,,
1351073,2022/23,2023-01-23,"Shere Bangla National Stadium, Mirpur",2,11.4,Dhaka Dominators,Comilla Victorians,Ariful Haque,Usman Ghani,Mukidul Islam,4,0,,,,,,,,,
1351073,2022/23,2023-01-23,"Shere Bangla National Stadium, Mirpur",2,11.5,Dhaka Dominators,Comilla Victorians,Ariful Haque,Usman Ghani,Mukidul Islam,1,0,,,,,,,,,
1351073,2022/23,2023-01-23,"Shere Bangla National Stadium, Mirpur",2,11.6,Dhaka Dominators,Comilla Victorians,Usman Ghani,Ariful Haque,Mukidul Islam,0,0,,,,,,,,,
1351073,2022/23,2023-01-23,"Shere Bangla National Stadium, Mirpur",2,12.1,Dhaka Dominators,Comilla Victorians,Ariful Haque,Usman Ghani,Khushdil Shah,1,0,,,,,,,,,
1351073,2022/23,2023-01-23,"Shere Bangla National Stadium, Mirpur",2,12.2,Dhaka Dominators,Comilla Victorians,Usman Ghani,Ariful Haque,Khushdil Shah,1,0,,,,,,,,,
1351073,2022/23,2023-01-23,"Shere Bangla National Stadium, Mirpur",2,12.3,Dhaka Dominators,Comilla Victorians,Ariful Haque,Usman Ghani,Khushdil Shah,0,0,,,,,,lbw,Ariful Haque,,
1351073,2022/23,2023-01-23,"Shere Bangla National Stadium, Mirpur",2,12.4,Dhaka Dominators,Comilla Victorians,Muktar Ali,Usman Ghani,Khushdil Shah,1,0,,,,,,,,,
1351073,2022/23,2023-01-23,"Shere Bangla National Stadium, Mirpur",2,12.5,Dhaka Dominators,Comilla Victorians,Usman Ghani,Muktar Ali,Khushdil Shah,1,0,,,,,,,,,
1351073,2022/23,2023-01-23,"Shere Bangla National Stadium, Mirpur",2,12.6,Dhaka Dominators,Comilla Victorians,Muktar Ali,Usman Ghani,Khushdil Shah,0,0,,,,,,,,,
1351073,2022/23,2023-01-23,"Shere Bangla National Stadium, Mirpur",2,13.1,Dhaka Dominators,Comilla Victorians,Usman Ghani,Muktar Ali,Tanvir Islam,1,0,,,,,,,,,
1351073,2022/23,2023-01-23,"Shere Bangla National Stadium, Mirpur",2,13.2,Dhaka Dominators,Comilla Victorians,Muktar Ali,Usman Ghani,Tanvir Islam,0,0,,,,,,,,,
1351073,2022/23,2023-01-23,"Shere Bangla National Stadium, Mirpur",2,13.3,Dhaka Dominators,Comilla Victorians,Muktar Ali,Usman Ghani,Tanvir Islam,0,0,,,,,,,,,
1351073,2022/23,2023-01-23,"Shere Bangla National Stadium, Mirpur",2,13.4,Dhaka Dominators,Comilla Victorians,Muktar Ali,Usman Ghani,Tanvir Islam,1,0,,,,,,,,,
1351073,2022/23,2023-01-23,"Shere Bangla National Stadium, Mirpur",2,13.5,Dhaka Dominators,Comilla Victorians,Usman Ghani,Muktar Ali,Tanvir Islam,1,0,,,,,,,,,
1351073,2022/23,2023-01-23,"Shere Bangla National Stadium, Mirpur",2,13.6,Dhaka Dominators,Comilla Victorians,Muktar Ali,Usman Ghani,Tanvir Islam,1,0,,,,,,,,,
1351073,2022/23,2023-01-23,"Shere Bangla National Stadium, Mirpur",2,14.1,Dhaka Dominators,Comilla Victorians,Muktar Ali,Usman Ghani,Khushdil Shah,1,0,,,,,,,,,
1351073,2022/23,2023-01-23,"Shere Bangla National Stadium, Mirpur",2,14.2,Dhaka Dominators,Comilla Victorians,Usman Ghani,Muktar Ali,Khushdil Shah,0,0,,,,,,,,,
1351073,2022/23,2023-01-23,"Shere Bangla National Stadium, Mirpur",2,14.3,Dhaka Dominators,Comilla Victorians,Usman Ghani,Muktar Ali,Khushdil Shah,0,1,1,,,,,,,,
1351073,2022/23,2023-01-23,"Shere Bangla National Stadium, Mirpur",2,14.4,Dhaka Dominators,Comilla Victorians,Usman Ghani,Muktar Ali,Khushdil Shah,0,0,,,,,,,,,
1351073,2022/23,2023-01-23,"Shere Bangla National Stadium, Mirpur",2,14.5,Dhaka Dominators,Comilla Victorians,Usman Ghani,Muktar Ali,Khushdil Shah,1,0,,,,,,,,,
1351073,2022/23,2023-01-23,"Shere Bangla National Stadium, Mirpur",2,14.6,Dhaka Dominators,Comilla Victorians,Muktar Ali,Usman Ghani,Khushdil Shah,4,0,,,,,,,,,
1351073,2022/23,2023-01-23,"Shere Bangla National Stadium, Mirpur",2,14.7,Dhaka Dominators,Comilla Victorians,Muktar Ali,Usman Ghani,Khushdil Shah,1,0,,,,,,,,,
1351073,2022/23,2023-01-23,"Shere Bangla National Stadium, Mirpur",2,15.1,Dhaka Dominators,Comilla Victorians,Muktar Ali,Usman Ghani,Naseem Shah,0,0,,,,,,caught,Muktar Ali,,
1351073,2022/23,2023-01-23,"Shere Bangla National Stadium, Mirpur",2,15.2,Dhaka Dominators,Comilla Victorians,Amir Hamza,Usman Ghani,Naseem Shah,0,0,,,,,,lbw,Amir Hamza,,
1351073,2022/23,2023-01-23,"Shere Bangla National Stadium, Mirpur",2,15.3,Dhaka Dominators,Comilla Victorians,Taskin Ahmed,Usman Ghani,Naseem Shah,1,0,,,,,,,,,
1351073,2022/23,2023-01-23,"Shere Bangla National Stadium, Mirpur",2,15.4,Dhaka Dominators,Comilla Victorians,Usman Ghani,Taskin Ahmed,Naseem Shah,1,0,,,,,,,,,
1351073,2022/23,2023-01-23,"Shere Bangla National Stadium, Mirpur",2,15.5,Dhaka Dominators,Comilla Victorians,Taskin Ahmed,Usman Ghani,Naseem Shah,0,0,,,,,,,,,
1351073,2022/23,2023-01-23,"Shere Bangla National Stadium, Mirpur",2,15.6,Dhaka Dominators,Comilla Victorians,Taskin Ahmed,Usman Ghani,Naseem Shah,1,0,,,,,,,,,
1351073,2022/23,2023-01-23,"Shere Bangla National Stadium, Mirpur",2,16.1,Dhaka Dominators,Comilla Victorians,Taskin Ahmed,Usman Ghani,Mukidul Islam,0,0,,,,,,caught,Taskin Ahmed,,
1351073,2022/23,2023-01-23,"Shere Bangla National Stadium, Mirpur",2,16.2,Dhaka Dominators,Comilla Victorians,Al-Amin Hossain,Usman Ghani,Mukidul Islam,1,0,,,,,,,,,
1351073,2022/23,2023-01-23,"Shere Bangla National Stadium, Mirpur",2,16.3,Dhaka Dominators,Comilla Victorians,Usman Ghani,Al-Amin Hossain,Mukidul Islam,1,0,,,,,,,,,
1351073,2022/23,2023-01-23,"Shere Bangla National Stadium, Mirpur",2,16.4,Dhaka Dominators,Comilla Victorians,Al-Amin Hossain,Usman Ghani,Mukidul Islam,0,0,,,,,,,,,
1351073,2022/23,2023-01-23,"Shere Bangla National Stadium, Mirpur",2,16.5,Dhaka Dominators,Comilla Victorians,Al-Amin Hossain,Usman Ghani,Mukidul Islam,0,0,,,,,,,,,
1351073,2022/23,2023-01-23,"Shere Bangla National Stadium, Mirpur",2,16.6,Dhaka Dominators,Comilla Victorians,Al-Amin Hossain,Usman Ghani,Mukidul Islam,0,0,,,,,,,,,
1351073,2022/23,2023-01-23,"Shere Bangla National Stadium, Mirpur",2,17.1,Dhaka Dominators,Comilla Victorians,Usman Ghani,Al-Amin Hossain,Naseem Shah,0,0,,,,,,,,,
1351073,2022/23,2023-01-23,"Shere Bangla National Stadium, Mirpur",2,17.2,Dhaka Dominators,Comilla Victorians,Usman Ghani,Al-Amin Hossain,Naseem Shah,0,0,,,,,,,,,
1351073,2022/23,2023-01-23,"Shere Bangla National Stadium, Mirpur",2,17.3,Dhaka Dominators,Comilla Victorians,Usman Ghani,Al-Amin Hossain,Naseem Shah,1,0,,,,,,,,,
1351073,2022/23,2023-01-23,"Shere Bangla National Stadium, Mirpur",2,17.4,Dhaka Dominators,Comilla Victorians,Al-Amin Hossain,Usman Ghani,Naseem Shah,0,0,,,,,,,,,
1351073,2022/23,2023-01-23,"Shere Bangla National Stadium, Mirpur",2,17.5,Dhaka Dominators,Comilla Victorians,Al-Amin Hossain,Usman Ghani,Naseem Shah,3,0,,,,,,,,,
1351073,2022/23,2023-01-23,"Shere Bangla National Stadium, Mirpur",2,17.6,Dhaka Dominators,Comilla Victorians,Usman Ghani,Al-Amin Hossain,Naseem Shah,0,0,,,,,,,,,
1351073,2022/23,2023-01-23,"Shere Bangla National Stadium, Mirpur",2,18.1,Dhaka Dominators,Comilla Victorians,Al-Amin Hossain,Usman Ghani,Mukidul Islam,0,0,,,,,,,,,
1351073,2022/23,2023-01-23,"Shere Bangla National Stadium, Mirpur",2,18.2,Dhaka Dominators,Comilla Victorians,Al-Amin Hossain,Usman Ghani,Mukidul Islam,0,0,,,,,,,,,
1351073,2022/23,2023-01-23,"Shere Bangla National Stadium, Mirpur",2,18.3,Dhaka Dominators,Comilla Victorians,Al-Amin Hossain,Usman Ghani,Mukidul Islam,0,0,,,,,,,,,
1351073,2022/23,2023-01-23,"Shere Bangla National Stadium, Mirpur",2,18.4,Dhaka Dominators,Comilla Victorians,Al-Amin Hossain,Usman Ghani,Mukidul Islam,1,0,,,,,,,,,
1351073,2022/23,2023-01-23,"Shere Bangla National Stadium, Mirpur",2,18.5,Dhaka Dominators,Comilla Victorians,Usman Ghani,Al-Amin Hossain,Mukidul Islam,2,0,,,,,,,,,
1351073,2022/23,2023-01-23,"Shere Bangla National Stadium, Mirpur",2,18.6,Dhaka Dominators,Comilla Victorians,Usman Ghani,Al-Amin Hossain,Mukidul Islam,4,0,,,,,,,,,
1351073,2022/23,2023-01-23,"Shere Bangla National Stadium, Mirpur",2,19.1,Dhaka Dominators,Comilla Victorians,Al-Amin Hossain,Usman Ghani,J Charles,4,0,,,,,,,,,
1351073,2022/23,2023-01-23,"Shere Bangla National Stadium, Mirpur",2,19.2,Dhaka Dominators,Comilla Victorians,Al-Amin Hossain,Usman Ghani,J Charles,4,0,,,,,,,,,
1351073,2022/23,2023-01-23,"Shere Bangla National Stadium, Mirpur",2,19.3,Dhaka Dominators,Comilla Victorians,Al-Amin Hossain,Usman Ghani,J Charles,1,0,,,,,,,,,
1351073,2022/23,2023-01-23,"Shere Bangla National Stadium, Mirpur",2,19.4,Dhaka Dominators,Comilla Victorians,Usman Ghani,Al-Amin Hossain,J Charles,0,0,,,,,,caught,Usman Ghani,,
1351073,2022/23,2023-01-23,"Shere Bangla National Stadium, Mirpur",2,19.5,Dhaka Dominators,Comilla Victorians,Arafat Sunny,Al-Amin Hossain,J Charles,1,0,,,,,,,,,
1351073,2022/23,2023-01-23,"Shere Bangla National Stadium, Mirpur",2,19.6,Dhaka Dominators,Comilla Victorians,Al-Amin Hossain,Arafat Sunny,J Charles,0,1,1,,,,,,,,
1351073,2022/23,2023-01-23,"Shere Bangla National Stadium, Mirpur",2,19.7,Dhaka Dominators,Comilla Victorians,Al-Amin Hossain,Arafat Sunny,J Charles,0,1,1,,,,,,,,
1351073,2022/23,2023-01-23,"Shere Bangla National Stadium, Mirpur",2,19.8,Dhaka Dominators,Comilla Victorians,Al-Amin Hossain,Arafat Sunny,J Charles,0,0,,,,,,,,,
