match_id,season,start_date,venue,innings,ball,batting_team,bowling_team,striker,non_striker,bowler,runs_off_bat,extras,wides,noballs,byes,legbyes,penalty,wicket_type,player_dismissed,other_wicket_type,other_player_dismissed
551077,2011/12,2012-02-29,"Shere Bangla National Stadium, Mirpur",1,0.1,Barisal Burners,Dhaka Gladiators,Ahmed Shehzad,BJ Hodge,Mashrafe Mortaza,0,0,,,,,,,,,
551077,2011/12,2012-02-29,"Shere Bangla National Stadium, Mirpur",1,0.2,Barisal Burners,Dhaka Gladiators,Ahmed Shehzad,BJ Hodge,Mashrafe Mortaza,0,0,,,,,,,,,
551077,2011/12,2012-02-29,"Shere Bangla National Stadium, Mirpur",1,0.3,Barisal Burners,Dhaka Gladiators,Ahmed Shehzad,BJ Hodge,Mashrafe Mortaza,0,0,,,,,,,,,
551077,2011/12,2012-02-29,"Shere Bangla National Stadium, Mirpur",1,0.4,Barisal Burners,Dhaka Gladiators,Ahmed Shehzad,BJ Hodge,Mashrafe Mortaza,0,0,,,,,,,,,
551077,2011/12,2012-02-29,"Shere Bangla National Stadium, Mirpur",1,0.5,Barisal Burners,Dhaka Gladiators,Ahmed Shehzad,BJ Hodge,Mashrafe Mortaza,4,0,,,,,,,,,
551077,2011/12,2012-02-29,"Shere Bangla National Stadium, Mirpur",1,0.6,Barisal Burners,Dhaka Gladiators,Ahmed Shehzad,BJ Hodge,Mashrafe Mortaza,2,0,,,,,,,,,
551077,2011/12,2012-02-29,"Shere Bangla National Stadium, Mirpur",1,1.1,Barisal Burners,Dhaka Gladiators,BJ Hodge,Ahmed Shehzad,Azhar Mahmood,0,0,,,,,,,,,
551077,2011/12,2012-02-29,"Shere Bangla National Stadium, Mirpur",1,1.2,Barisal Burners,Dhaka Gladiators,BJ Hodge,Ahmed Shehzad,Azhar Mahmood,1,0,,,,,,,,,
551077,2011/12,2012-02-29,"Shere Bangla National Stadium, Mirpur",1,1.3,Barisal Burners,Dhaka Gladiators,Ahmed Shehzad,BJ Hodge,Azhar Mahmood,0,0,,,,,,,,,
551077,2011/12,2012-02-29,"Shere Bangla National Stadium, Mirpur",1,1.4,Barisal Burners,Dhaka Gladiators,Ahmed Shehzad,BJ Hodge,Azhar Mahmood,6,0,,,,,,,,,
551077,2011/12,2012-02-29,"Shere Bangla National Stadium, Mirpur",1,1.5,Barisal Burners,Dhaka Gladiators,Ahmed Shehzad,BJ Hodge,Azhar Mahmood,0,0,,,,,,,,,
551077,2011/12,2012-02-29,"Shere Bangla National Stadium, Mirpur",1,1.6,Barisal Burners,Dhaka Gladiators,Ahmed Shehzad,BJ Hodge,Azhar Mahmood,1,0,,,,,,,,,
551077,2011/12,2012-02-29,"Shere Bangla National Stadium, Mirpur",1,2.1,Barisal Burners,Dhaka Gladiators,Ahmed Shehzad,BJ Hodge,Mashrafe Mortaza,2,0,,,,,,,,,
551077,2011/12,2012-02-29,"Shere Bangla National Stadium, Mirpur",1,2.2,Barisal Burners,Dhaka Gladiators,Ahmed Shehzad,BJ Hodge,Mashrafe Mortaza,1,0,,,,,,,,,
551077,2011/12,2012-02-29,"Shere Bangla National Stadium, Mirpur",1,2.3,Barisal Burners,Dhaka Gladiators,BJ Hodge,Ahmed Shehzad,Mashrafe Mortaza,1,0,,,,,,,,,
551077,2011/12,2012-02-29,"Shere Bangla National Stadium, Mirpur",1,2.4,Barisal Burners,Dhaka Gladiators,Ahmed Shehzad,BJ Hodge,Mashrafe Mortaza,0,0,,,,,,,,,
551077,2011/12,2012-02-29,"Shere Bangla National Stadium, Mirpur",1,2.5,Barisal Burners,Dhaka Gladiators,Ahmed Shehzad,BJ Hodge,Mashrafe Mortaza,1,0,,,,,,,,,
551077,2011/12,2012-02-29,"Shere Bangla National Stadium, Mirpur",1,2.6,Barisal Burners,Dhaka Gladiators,BJ Hodge,Ahmed Shehzad,Mashrafe Mortaza,6,0,,,,,,,,,
551077,2011/12,2012-02-29,"Shere Bangla National Stadium, Mirpur",1,3.1,Barisal Burners,Dhaka Gladiators,Ahmed Shehzad,BJ Hodge,Azhar Mahmood,1,0,,,,,,,,,
551077,2011/12,2012-02-29,"Shere Bangla National Stadium, Mirpur",1,3.2,Barisal Burners,Dhaka Gladiators,BJ Hodge,Ahmed Shehzad,Azhar Mahmood,4,1,,1,,,,,,,
551077,2011/12,2012-02-29,"Shere Bangla National Stadium, Mirpur",1,3.3,Barisal Burners,Dhaka Gladiators,BJ Hodge,Ahmed Shehzad,Azhar Mahmood,1,0,,,,,,,,,
551077,2011/12,2012-02-29,"Shere Bangla National Stadium, Mirpur",1,3.4,Barisal Burners,Dhaka Gladiators,Ahmed Shehzad,BJ Hodge,Azhar Mahmood,4,0,,,,,,,,,
551077,2011/12,2012-02-29,"Shere Bangla National Stadium, Mirpur",1,3.5,Barisal Burners,Dhaka Gladiators,Ahmed Shehzad,BJ Hodge,Azhar Mahmood,0,0,,,,,,,,,
551077,2011/12,2012-02-29,"Shere Bangla National Stadium, Mirpur",1,3.6,Barisal Burners,Dhaka Gladiators,Ahmed Shehzad,BJ Hodge,Azhar Mahmood,2,0,,,,,,,,,
551077,2011/12,2012-02-29,"Shere Bangla National Stadium, Mirpur",1,3.7,Barisal Burners,Dhaka Gladiators,Ahmed Shehzad,BJ Hodge,Azhar Mahmood,4,0,,,,,,,,,
551077,2011/12,2012-02-29,"Shere Bangla National Stadium, Mirpur",1,4.1,Barisal Burners,Dhaka Gladiators,BJ Hodge,Ahmed Shehzad,Shahid Afridi,1,0,,,,,,,,,
551077,2011/12,2012-02-29,"Shere Bangla National Stadium, Mirpur",1,4.2,Barisal Burners,Dhaka Gladiators,Ahmed Shehzad,BJ Hodge,Shahid Afridi,0,0,,,,,,caught,Ahmed Shehzad,,
551077,2011/12,2012-02-29,"Shere Bangla National Stadium, Mirpur",1,4.3,Barisal Burners,Dhaka Gladiators,P Mustard,BJ Hodge,Shahid Afridi,4,0,,,,,,,,,
551077,2011/12,2012-02-29,"Shere Bangla National Stadium, Mirpur",1,4.4,Barisal Burners,Dhaka Gladiators,P Mustard,BJ Hodge,Shahid Afridi,0,0,,,,,,,,,
551077,2011/12,2012-02-29,"Shere Bangla National Stadium, Mirpur",1,4.5,Barisal Burners,Dhaka Gladiators,P Mustard,BJ Hodge,Shahid Afridi,1,0,,,,,,,,,
551077,2011/12,2012-02-29,"Shere Bangla National Stadium, Mirpur",1,4.6,Barisal Burners,Dhaka Gladiators,BJ Hodge,P Mustard,Shahid Afridi,0,0,,,,,,,,,
551077,2011/12,2012-02-29,"Shere Bangla National Stadium, Mirpur",1,5.1,Barisal Burners,Dhaka Gladiators,P Mustard,BJ Hodge,Saeed Ajmal,0,0,,,,,,,,,
551077,2011/12,2012-02-29,"Shere Bangla National Stadium, Mirpur",1,5.2,Barisal Burners,Dhaka Gladiators,P Mustard,BJ Hodge,Saeed Ajmal,0,0,,,,,,lbw,P Mustard,,
551077,2011/12,2012-02-29,"Shere Bangla National Stadium, Mirpur",1,5.3,Barisal Burners,Dhaka Gladiators,Mohammad Mithun,BJ Hodge,Saeed Ajmal,0,0,,,,,,,,,
551077,2011/12,2012-02-29,"Shere Bangla National Stadium, Mirpur",1,5.4,Barisal Burners,Dhaka Gladiators,Mohammad Mithun,BJ Hodge,Saeed Ajmal,0,0,,,,,,,,,
551077,2011/12,2012-02-29,"Shere Bangla National Stadium, Mirpur",1,5.5,Barisal Burners,Dhaka Gladiators,Mohammad Mithun,BJ Hodge,Saeed Ajmal,1,0,,,,,,,,,
551077,2011/12,2012-02-29,"Shere Bangla National Stadium, Mirpur",1,5.6,Barisal Burners,Dhaka Gladiators,BJ Hodge,Mohammad Mithun,Saeed Ajmal,0,0,,,,,,,,,
551077,2011/12,2012-02-29,"Shere Bangla National Stadium, Mirpur",1,6.1,Barisal Burners,Dhaka Gladiators,Mohammad Mithun,BJ Hodge,Shahid Afridi,0,0,,,,,,,,,
551077,2011/12,2012-02-29,"Shere Bangla National Stadium, Mirpur",1,6.2,Barisal Burners,Dhaka Gladiators,Mohammad Mithun,BJ Hodge,Shahid Afridi,0,0,,,,,,caught,Mohammad Mithun,,
551077,2011/12,2012-02-29,"Shere Bangla National Stadium, Mirpur",1,6.3,Barisal Burners,Dhaka Gladiators,BJ Hodge,Mominul Haque,Shahid Afridi,1,0,,,,,,,,,
551077,2011/12,2012-02-29,"Shere Bangla National Stadium, Mirpur",1,6.4,Barisal Burners,Dhaka Gladiators,Mominul Haque,BJ Hodge,Shahid Afridi,1,0,,,,,,,,,
551077,2011/12,2012-02-29,"Shere Bangla National Stadium, Mirpur",1,6.5,Barisal Burners,Dhaka Gladiators,BJ Hodge,Mominul Haque,Shahid Afridi,0,0,,,,,,,,,
551077,2011/12,2012-02-29,"Shere Bangla National Stadium, Mirpur",1,6.6,Barisal Burners,Dhaka Gladiators,BJ Hodge,Mominul Haque,Shahid Afridi,6,0,,,,,,,,,
551077,2011/12,2012-02-29,"Shere Bangla National Stadium, Mirpur",1,7.1,Barisal Burners,Dhaka Gladiators,Mominul Haque,BJ Hodge,Elias Sunny,0,0,,,,,,,,,
551077,2011/12,2012-02-29,"Shere Bangla National Stadium, Mirpur",1,7.2,Barisal Burners,Dhaka Gladiators,Mominul Haque,BJ Hodge,Elias Sunny,1,0,,,,,,,,,
551077,2011/12,2012-02-29,"Shere Bangla National Stadium, Mirpur",1,7.3,Barisal Burners,Dhaka Gladiators,BJ Hodge,Mominul Haque,Elias Sunny,1,0,,,,,,,,,
551077,2011/12,2012-02-29,"Shere Bangla National Stadium, Mirpur",1,7.4,Barisal Burners,Dhaka Gladiators,Mominul Haque,BJ Hodge,Elias Sunny,1,0,,,,,,,,,
551077,2011/12,2012-02-29,"Shere Bangla National Stadium, Mirpur",1,7.5,Barisal Burners,Dhaka Gladiators,BJ Hodge,Mominul Haque,Elias Sunny,1,0,,,,,,,,,
551077,2011/12,2012-02-29,"Shere Bangla National Stadium, Mirpur",1,7.6,Barisal Burners,Dhaka Gladiators,Mominul Haque,BJ Hodge,Elias Sunny,1,0,,,,,,,,,
551077,2011/12,2012-02-29,"Shere Bangla National Stadium, Mirpur",1,8.1,Barisal Burners,Dhaka Gladiators,Mominul Haque,BJ Hodge,Shahid Afridi,0,0,,,,,,,,,
551077,2011/12,2012-02-29,"Shere Bangla National Stadium, Mirpur",1,8.2,Barisal Burners,Dhaka Gladiators,Mominul Haque,BJ Hodge,Shahid Afridi,1,0,,,,,,,,,
551077,2011/12,2012-02-29,"Shere Bangla National Stadium, Mirpur",1,8.3,Barisal Burners,Dhaka Gladiators,BJ Hodge,Mominul Haque,Shahid Afridi,1,0,,,,,,,,,
551077,2011/12,2012-02-29,"Shere Bangla National Stadium, Mirpur",1,8.4,Barisal Burners,Dhaka Gladiators,Mominul Haque,BJ Hodge,Shahid Afridi,1,0,,,,,,,,,
551077,2011/12,2012-02-29,"Shere Bangla National Stadium, Mirpur",1,8.5,Barisal Burners,Dhaka Gladiators,BJ Hodge,Mominul Haque,Shahid Afridi,0,1,,,,1,,,,,
551077,2011/12,2012-02-29,"Shere Bangla National Stadium, Mirpur",1,8.6,Barisal Burners,Dhaka Gladiators,Mominul Haque,BJ Hodge,Shahid Afridi,0,0,,,,,,,,,
551077,2011/12,2012-02-29,"Shere Bangla National Stadium, Mirpur",1,9.1,Barisal Burners,Dhaka Gladiators,BJ Hodge,Mominul Haque,Elias Sunny,1,0,,,,,,,,,
551077,2011/12,2012-02-29,"Shere Bangla National Stadium, Mirpur",1,9.2,Barisal Burners,Dhaka Gladiators,Mominul Haque,BJ Hodge,Elias Sunny,2,0,,,,,,,,,
551077,2011/12,2012-02-29,"Shere Bangla National Stadium, Mirpur",1,9.3,Barisal Burners,Dhaka Gladiators,Mominul Haque,BJ Hodge,Elias Sunny,1,0,,,,,,,,,
551077,2011/12,2012-02-29,"Shere Bangla National Stadium, Mirpur",1,9.4,Barisal Burners,Dhaka Gladiators,BJ Hodge,Mominul Haque,Elias Sunny,0,0,,,,,,,,,
551077,2011/12,2012-02-29,"Shere Bangla National Stadium, Mirpur",1,9.5,Barisal Burners,Dhaka Gladiators,BJ Hodge,Mominul Haque,Elias Sunny,1,0,,,,,,,,,
551077,2011/12,2012-02-29,"Shere Bangla National Stadium, Mirpur",1,9.6,Barisal Burners,Dhaka Gladiators,Mominul Haque,BJ Hodge,Elias Sunny,2,0,,,,,,,,,
551077,2011/12,2012-02-29,"Shere Bangla National Stadium, Mirpur",1,10.1,Barisal Burners,Dhaka Gladiators,BJ Hodge,Mominul Haque,Naved-ul-Hasan,1,0,,,,,,,,,
551077,2011/12,2012-02-29,"Shere Bangla National Stadium, Mirpur",1,10.2,Barisal Burners,Dhaka Gladiators,Mominul Haque,BJ Hodge,Naved-ul-Hasan,0,0,,,,,,caught,Mominul Haque,,
551077,2011/12,2012-02-29,"Shere Bangla National Stadium, Mirpur",1,10.3,Barisal Burners,Dhaka Gladiators,Farhad Hossain,BJ Hodge,Naved-ul-Hasan,0,0,,,,,,,,,
551077,2011/12,2012-02-29,"Shere Bangla National Stadium, Mirpur",1,10.4,Barisal Burners,Dhaka Gladiators,Farhad Hossain,BJ Hodge,Naved-ul-Hasan,0,0,,,,,,,,,
551077,2011/12,2012-02-29,"Shere Bangla National Stadium, Mirpur",1,10.5,Barisal Burners,Dhaka Gladiators,Farhad Hossain,BJ Hodge,Naved-ul-Hasan,0,0,,,,,,,,,
551077,2011/12,2012-02-29,"Shere Bangla National Stadium, Mirpur",1,10.6,Barisal Burners,Dhaka Gladiators,Farhad Hossain,BJ Hodge,Naved-ul-Hasan,0,0,,,,,,,,,
551077,2011/12,2012-02-29,"Shere Bangla National Stadium, Mirpur",1,11.1,Barisal Burners,Dhaka Gladiators,BJ Hodge,Farhad Hossain,Elias Sunny,1,0,,,,,,,,,
551077,2011/12,2012-02-29,"Shere Bangla National Stadium, Mirpur",1,11.2,Barisal Burners,Dhaka Gladiators,Farhad Hossain,BJ Hodge,Elias Sunny,0,0,,,,,,,,,
551077,2011/12,2012-02-29,"Shere Bangla National Stadium, Mirpur",1,11.3,Barisal Burners,Dhaka Gladiators,Farhad Hossain,BJ Hodge,Elias Sunny,1,0,,,,,,,,,
551077,2011/12,2012-02-29,"Shere Bangla National Stadium, Mirpur",1,11.4,Barisal Burners,Dhaka Gladiators,BJ Hodge,Farhad Hossain,Elias Sunny,0,0,,,,,,,,,
551077,2011/12,2012-02-29,"Shere Bangla National Stadium, Mirpur",1,11.5,Barisal Burners,Dhaka Gladiators,BJ Hodge,Farhad Hossain,Elias Sunny,0,0,,,,,,,,,
551077,2011/12,2012-02-29,"Shere Bangla National Stadium, Mirpur",1,11.6,Barisal Burners,Dhaka Gladiators,BJ Hodge,Farhad Hossain,Elias Sunny,1,0,,,,,,,,,
551077,2011/12,2012-02-29,"Shere Bangla National Stadium, Mirpur",1,12.1,Barisal Burners,Dhaka Gladiators,BJ Hodge,Farhad Hossain,Naved-ul-Hasan,1,0,,,,,,,,,
551077,2011/12,2012-02-29,"Shere Bangla National Stadium, Mirpur",1,12.2,Barisal Burners,Dhaka Gladiators,Farhad Hossain,BJ Hodge,Naved-ul-Hasan,1,0,,,,,,,,,
551077,2011/12,2012-02-29,"Shere Bangla National Stadium, Mirpur",1,12.3,Barisal Burners,Dhaka Gladiators,BJ Hodge,Farhad Hossain,Naved-ul-Hasan,0,0,,,,,,,,,
551077,2011/12,2012-02-29,"Shere Bangla National Stadium, Mirpur",1,12.4,Barisal Burners,Dhaka Gladiators,BJ Hodge,Farhad Hossain,Naved-ul-Hasan,0,0,,,,,,,,,
551077,2011/12,2012-02-29,"Shere Bangla National Stadium, Mirpur",1,12.5,Barisal Burners,Dhaka Gladiators,BJ Hodge,Farhad Hossain,Naved-ul-Hasan,1,0,,,,,,,,,
551077,2011/12,2012-02-29,"Shere Bangla National Stadium, Mirpur",1,12.6,Barisal Burners,Dhaka Gladiators,Farhad Hossain,BJ Hodge,Naved-ul-Hasan,0,0,,,,,,,,,
551077,2011/12,2012-02-29,"Shere Bangla National Stadium, Mirpur",1,13.1,Barisal Burners,Dhaka Gladiators,BJ Hodge,Farhad Hossain,Elias Sunny,1,0,,,,,,,,,
551077,2011/12,2012-02-29,"Shere Bangla National Stadium, Mirpur",1,13.2,Barisal Burners,Dhaka Gladiators,Farhad Hossain,BJ Hodge,Elias Sunny,6,0,,,,,,,,,
551077,2011/12,2012-02-29,"Shere Bangla National Stadium, Mirpur",1,13.3,Barisal Burners,Dhaka Gladiators,Farhad Hossain,BJ Hodge,Elias Sunny,1,0,,,,,,,,,
551077,2011/12,2012-02-29,"Shere Bangla National Stadium, Mirpur",1,13.4,Barisal Burners,Dhaka Gladiators,BJ Hodge,Farhad Hossain,Elias Sunny,1,0,,,,,,,,,
551077,2011/12,2012-02-29,"Shere Bangla National Stadium, Mirpur",1,13.5,Barisal Burners,Dhaka Gladiators,Farhad Hossain,BJ Hodge,Elias Sunny,1,0,,,,,,,,,
551077,2011/12,2012-02-29,"Shere Bangla National Stadium, Mirpur",1,13.6,Barisal Burners,Dhaka Gladiators,BJ Hodge,Farhad Hossain,Elias Sunny,2,0,,,,,,,,,
551077,2011/12,2012-02-29,"Shere Bangla National Stadium, Mirpur",1,14.1,Barisal Burners,Dhaka Gladiators,Farhad Hossain,BJ Hodge,Shahid Afridi,0,0,,,,,,,,,
551077,2011/12,2012-02-29,"Shere Bangla National Stadium, Mirpur",1,14.2,Barisal Burners,Dhaka Gladiators,Farhad Hossain,BJ Hodge,Shahid Afridi,1,0,,,,,,,,,
551077,2011/12,2012-02-29,"Shere Bangla National Stadium, Mirpur",1,14.3,Barisal Burners,Dhaka Gladiators,BJ Hodge,Farhad Hossain,Shahid Afridi,1,0,,,,,,,,,
551077,2011/12,2012-02-29,"Shere Bangla National Stadium, Mirpur",1,14.4,Barisal Burners,Dhaka Gladiators,Farhad Hossain,BJ Hodge,Shahid Afridi,0,0,,,,,,caught,Farhad Hossain,,
551077,2011/12,2012-02-29,"Shere Bangla National Stadium, Mirpur",1,14.5,Barisal Burners,Dhaka Gladiators,Yasir Arafat,BJ Hodge,Shahid Afridi,0,0,,,,,,,,,
551077,2011/12,2012-02-29,"Shere Bangla National Stadium, Mirpur",1,14.6,Barisal Burners,Dhaka Gladiators,Yasir Arafat,BJ Hodge,Shahid Afridi,4,0,,,,,,,,,
551077,2011/12,2012-02-29,"Shere Bangla National Stadium, Mirpur",1,15.1,Barisal Burners,Dhaka Gladiators,BJ Hodge,Yasir Arafat,Saeed Ajmal,0,0,,,,,,,,,
551077,2011/12,2012-02-29,"Shere Bangla National Stadium, Mirpur",1,15.2,Barisal Burners,Dhaka Gladiators,BJ Hodge,Yasir Arafat,Saeed Ajmal,0,1,1,,,,,,,,
551077,2011/12,2012-02-29,"Shere Bangla National Stadium, Mirpur",1,15.3,Barisal Burners,Dhaka Gladiators,BJ Hodge,Yasir Arafat,Saeed Ajmal,0,0,,,,,,,,,
551077,2011/12,2012-02-29,"Shere Bangla National Stadium, Mirpur",1,15.4,Barisal Burners,Dhaka Gladiators,BJ Hodge,Yasir Arafat,Saeed Ajmal,1,0,,,,,,,,,
551077,2011/12,2012-02-29,"Shere Bangla National Stadium, Mirpur",1,15.5,Barisal Burners,Dhaka Gladiators,Yasir Arafat,BJ Hodge,Saeed Ajmal,0,0,,,,,,,,,
551077,2011/12,2012-02-29,"Shere Bangla National Stadium, Mirpur",1,15.6,Barisal Burners,Dhaka Gladiators,Yasir Arafat,BJ Hodge,Saeed Ajmal,1,0,,,,,,,,,
551077,2011/12,2012-02-29,"Shere Bangla National Stadium, Mirpur",1,15.7,Barisal Burners,Dhaka Gladiators,BJ Hodge,Yasir Arafat,Saeed Ajmal,0,0,,,,,,,,,
551077,2011/12,2012-02-29,"Shere Bangla National Stadium, Mirpur",1,16.1,Barisal Burners,Dhaka Gladiators,Yasir Arafat,BJ Hodge,Naved-ul-Hasan,0,0,,,,,,,,,
551077,2011/12,2012-02-29,"Shere Bangla National Stadium, Mirpur",1,16.2,Barisal Burners,Dhaka Gladiators,Yasir Arafat,BJ Hodge,Naved-ul-Hasan,0,0,,,,,,caught,Yasir Arafat,,
551077,2011/12,2012-02-29,"Shere Bangla National Stadium, Mirpur",1,16.3,Barisal Burners,Dhaka Gladiators,Kabir Ali,BJ Hodge,Naved-ul-Hasan,0,0,,,,,,,,,
551077,2011/12,2012-02-29,"Shere Bangla National Stadium, Mirpur",1,16.4,Barisal Burners,Dhaka Gladiators,Kabir Ali,BJ Hodge,Naved-ul-Hasan,1,0,,,,,,,,,
551077,2011/12,2012-02-29,"Shere Bangla National Stadium, Mirpur",1,16.5,Barisal Burners,Dhaka Gladiators,BJ Hodge,Kabir Ali,Naved-ul-Hasan,6,0,,,,,,,,,
551077,2011/12,2012-02-29,"Shere Bangla National Stadium, Mirpur",1,16.6,Barisal Burners,Dhaka Gladiators,BJ Hodge,Kabir Ali,Naved-ul-Hasan,4,0,,,,,,,,,
551077,2011/12,2012-02-29,"Shere Bangla National Stadium, Mirpur",1,17.1,Barisal Burners,Dhaka Gladiators,Kabir Ali,BJ Hodge,Saeed Ajmal,1,0,,,,,,,,,
551077,2011/12,2012-02-29,"Shere Bangla National Stadium, Mirpur",1,17.2,Barisal Burners,Dhaka Gladiators,BJ Hodge,Kabir Ali,Saeed Ajmal,1,0,,,,,,,,,
551077,2011/12,2012-02-29,"Shere Bangla National Stadium, Mirpur",1,17.3,Barisal Burners,Dhaka Gladiators,Kabir Ali,BJ Hodge,Saeed Ajmal,2,0,,,,,,,,,
551077,2011/12,2012-02-29,"Shere Bangla National Stadium, Mirpur",1,17.4,Barisal Burners,Dhaka Gladiators,Kabir Ali,BJ Hodge,Saeed Ajmal,1,0,,,,,,,,,
551077,2011/12,2012-02-29,"Shere Bangla National Stadium, Mirpur",1,17.5,Barisal Burners,Dhaka Gladiators,BJ Hodge,Kabir Ali,Saeed Ajmal,0,0,,,,,,,,,
551077,2011/12,2012-02-29,"Shere Bangla National Stadium, Mirpur",1,17.6,Barisal Burners,Dhaka Gladiators,BJ Hodge,Kabir Ali,Saeed Ajmal,1,0,,,,,,,,,
551077,2011/12,2012-02-29,"Shere Bangla National Stadium, Mirpur",1,18.1,Barisal Burners,Dhaka Gladiators,BJ Hodge,Kabir Ali,Naved-ul-Hasan,1,0,,,,,,,,,
551077,2011/12,2012-02-29,"Shere Bangla National Stadium, Mirpur",1,18.2,Barisal Burners,Dhaka Gladiators,Kabir Ali,BJ Hodge,Naved-ul-Hasan,0,0,,,,,,,,,
551077,2011/12,2012-02-29,"Shere Bangla National Stadium, Mirpur",1,18.3,Barisal Burners,Dhaka Gladiators,Kabir Ali,BJ Hodge,Naved-ul-Hasan,1,0,,,,,,,,,
551077,2011/12,2012-02-29,"Shere Bangla National Stadium, Mirpur",1,18.4,Barisal Burners,Dhaka Gladiators,BJ Hodge,Kabir Ali,Naved-ul-Hasan,6,0,,,,,,,,,
551077,2011/12,2012-02-29,"Shere Bangla National Stadium, Mirpur",1,18.5,Barisal Burners,Dhaka Gladiators,BJ Hodge,Kabir Ali,Naved-ul-Hasan,0,0,,,,,,,,,
551077,2011/12,2012-02-29,"Shere Bangla National Stadium, Mirpur",1,18.6,Barisal Burners,Dhaka Gladiators,BJ Hodge,Kabir Ali,Naved-ul-Hasan,1,0,,,,,,,,,
551077,2011/12,2012-02-29,"Shere Bangla National Stadium, Mirpur",1,19.1,Barisal Burners,Dhaka Gladiators,BJ Hodge,Kabir Ali,Saeed Ajmal,4,0,,,,,,,,,
551077,2011/12,2012-02-29,"Shere Bangla National Stadium, Mirpur",1,19.2,Barisal Burners,Dhaka Gladiators,BJ Hodge,Kabir Ali,Saeed Ajmal,0,0,,,,,,,,,
551077,2011/12,2012-02-29,"Shere Bangla National Stadium, Mirpur",1,19.3,Barisal Burners,Dhaka Gladiators,BJ Hodge,Kabir Ali,Saeed Ajmal,2,0,,,,,,,,,
551077,2011/12,2012-02-29,"Shere Bangla National Stadium, Mirpur",1,19.4,Barisal Burners,Dhaka Gladiators,BJ Hodge,Kabir Ali,Saeed Ajmal,4,0,,,,,,,,,
551077,2011/12,2012-02-29,"Shere Bangla National Stadium, Mirpur",1,19.5,Barisal Burners,Dhaka Gladiators,BJ Hodge,Kabir Ali,Saeed Ajmal,1,0,,,,,,run out,Kabir Ali,,
551077,2011/12,2012-02-29,"Shere Bangla National Stadium, Mirpur",1,19.6,Barisal Burners,Dhaka Gladiators,BJ Hodge,Alauddin Babu,Saeed Ajmal,2,0,,,,,,,,,
551077,2011/12,2012-02-29,"Shere Bangla National Stadium, Mirpur",2,0.1,Dhaka Gladiators,Barisal Burners,Imran Nazir,Nazimuddin,Yasir Arafat,0,0,,,,,,,,,
551077,2011/12,2012-02-29,"Shere Bangla National Stadium, Mirpur",2,0.2,Dhaka Gladiators,Barisal Burners,Imran Nazir,Nazimuddin,Yasir Arafat,4,0,,,,,,,,,
551077,2011/12,2012-02-29,"Shere Bangla National Stadium, Mirpur",2,0.3,Dhaka Gladiators,Barisal Burners,Imran Nazir,Nazimuddin,Yasir Arafat,6,0,,,,,,,,,
551077,2011/12,2012-02-29,"Shere Bangla National Stadium, Mirpur",2,0.4,Dhaka Gladiators,Barisal Burners,Imran Nazir,Nazimuddin,Yasir Arafat,1,0,,,,,,,,,
551077,2011/12,2012-02-29,"Shere Bangla National Stadium, Mirpur",2,0.5,Dhaka Gladiators,Barisal Burners,Nazimuddin,Imran Nazir,Yasir Arafat,0,0,,,,,,,,,
551077,2011/12,2012-02-29,"Shere Bangla National Stadium, Mirpur",2,0.6,Dhaka Gladiators,Barisal Burners,Nazimuddin,Imran Nazir,Yasir Arafat,1,0,,,,,,,,,
551077,2011/12,2012-02-29,"Shere Bangla National Stadium, Mirpur",2,1.1,Dhaka Gladiators,Barisal Burners,Nazimuddin,Imran Nazir,Kabir Ali,4,0,,,,,,,,,
551077,2011/12,2012-02-29,"Shere Bangla National Stadium, Mirpur",2,1.2,Dhaka Gladiators,Barisal Burners,Nazimuddin,Imran Nazir,Kabir Ali,4,0,,,,,,,,,
551077,2011/12,2012-02-29,"Shere Bangla National Stadium, Mirpur",2,1.3,Dhaka Gladiators,Barisal Burners,Nazimuddin,Imran Nazir,Kabir Ali,0,0,,,,,,,,,
551077,2011/12,2012-02-29,"Shere Bangla National Stadium, Mirpur",2,1.4,Dhaka Gladiators,Barisal Burners,Nazimuddin,Imran Nazir,Kabir Ali,1,0,,,,,,,,,
551077,2011/12,2012-02-29,"Shere Bangla National Stadium, Mirpur",2,1.5,Dhaka Gladiators,Barisal Burners,Imran Nazir,Nazimuddin,Kabir Ali,1,0,,,,,,,,,
551077,2011/12,2012-02-29,"Shere Bangla National Stadium, Mirpur",2,1.6,Dhaka Gladiators,Barisal Burners,Nazimuddin,Imran Nazir,Kabir Ali,2,0,,,,,,,,,
551077,2011/12,2012-02-29,"Shere Bangla National Stadium, Mirpur",2,2.1,Dhaka Gladiators,Barisal Burners,Imran Nazir,Nazimuddin,Nazmul Islam,1,0,,,,,,,,,
551077,2011/12,2012-02-29,"Shere Bangla National Stadium, Mirpur",2,2.2,Dhaka Gladiators,Barisal Burners,Nazimuddin,Imran Nazir,Nazmul Islam,0,0,,,,,,,,,
551077,2011/12,2012-02-29,"Shere Bangla National Stadium, Mirpur",2,2.3,Dhaka Gladiators,Barisal Burners,Nazimuddin,Imran Nazir,Nazmul Islam,0,0,,,,,,,,,
551077,2011/12,2012-02-29,"Shere Bangla National Stadium, Mirpur",2,2.4,Dhaka Gladiators,Barisal Burners,Nazimuddin,Imran Nazir,Nazmul Islam,0,0,,,,,,,,,
551077,2011/12,2012-02-29,"Shere Bangla National Stadium, Mirpur",2,2.5,Dhaka Gladiators,Barisal Burners,Nazimuddin,Imran Nazir,Nazmul Islam,1,0,,,,,,,,,
551077,2011/12,2012-02-29,"Shere Bangla National Stadium, Mirpur",2,2.6,Dhaka Gladiators,Barisal Burners,Imran Nazir,Nazimuddin,Nazmul Islam,0,0,,,,,,,,,
551077,2011/12,2012-02-29,"Shere Bangla National Stadium, Mirpur",2,3.1,Dhaka Gladiators,Barisal Burners,Nazimuddin,Imran Nazir,Suhrawadi Shuvo,0,0,,,,,,caught,Nazimuddin,,
551077,2011/12,2012-02-29,"Shere Bangla National Stadium, Mirpur",2,3.2,Dhaka Gladiators,Barisal Burners,Anamul Haque,Imran Nazir,Suhrawadi Shuvo,0,0,,,,,,,,,
551077,2011/12,2012-02-29,"Shere Bangla National Stadium, Mirpur",2,3.3,Dhaka Gladiators,Barisal Burners,Anamul Haque,Imran Nazir,Suhrawadi Shuvo,1,0,,,,,,,,,
551077,2011/12,2012-02-29,"Shere Bangla National Stadium, Mirpur",2,3.4,Dhaka Gladiators,Barisal Burners,Imran Nazir,Anamul Haque,Suhrawadi Shuvo,0,0,,,,,,,,,
551077,2011/12,2012-02-29,"Shere Bangla National Stadium, Mirpur",2,3.5,Dhaka Gladiators,Barisal Burners,Imran Nazir,Anamul Haque,Suhrawadi Shuvo,1,0,,,,,,,,,
551077,2011/12,2012-02-29,"Shere Bangla National Stadium, Mirpur",2,3.6,Dhaka Gladiators,Barisal Burners,Anamul Haque,Imran Nazir,Suhrawadi Shuvo,1,0,,,,,,,,,
551077,2011/12,2012-02-29,"Shere Bangla National Stadium, Mirpur",2,4.1,Dhaka Gladiators,Barisal Burners,Anamul Haque,Imran Nazir,Yasir Arafat,0,0,,,,,,,,,
551077,2011/12,2012-02-29,"Shere Bangla National Stadium, Mirpur",2,4.2,Dhaka Gladiators,Barisal Burners,Anamul Haque,Imran Nazir,Yasir Arafat,1,0,,,,,,,,,
551077,2011/12,2012-02-29,"Shere Bangla National Stadium, Mirpur",2,4.3,Dhaka Gladiators,Barisal Burners,Imran Nazir,Anamul Haque,Yasir Arafat,6,0,,,,,,,,,
551077,2011/12,2012-02-29,"Shere Bangla National Stadium, Mirpur",2,4.4,Dhaka Gladiators,Barisal Burners,Imran Nazir,Anamul Haque,Yasir Arafat,0,1,1,,,,,,,,
551077,2011/12,2012-02-29,"Shere Bangla National Stadium, Mirpur",2,4.5,Dhaka Gladiators,Barisal Burners,Imran Nazir,Anamul Haque,Yasir Arafat,0,0,,,,,,,,,
551077,2011/12,2012-02-29,"Shere Bangla National Stadium, Mirpur",2,4.6,Dhaka Gladiators,Barisal Burners,Imran Nazir,Anamul Haque,Yasir Arafat,0,0,,,,,,,,,
551077,2011/12,2012-02-29,"Shere Bangla National Stadium, Mirpur",2,4.7,Dhaka Gladiators,Barisal Burners,Imran Nazir,Anamul Haque,Yasir Arafat,0,1,1,,,,,,,,
551077,2011/12,2012-02-29,"Shere Bangla National Stadium, Mirpur",2,4.8,Dhaka Gladiators,Barisal Burners,Imran Nazir,Anamul Haque,Yasir Arafat,4,0,,,,,,,,,
551077,2011/12,2012-02-29,"Shere Bangla National Stadium, Mirpur",2,5.1,Dhaka Gladiators,Barisal Burners,Anamul Haque,Imran Nazir,Suhrawadi Shuvo,1,0,,,,,,,,,
551077,2011/12,2012-02-29,"Shere Bangla National Stadium, Mirpur",2,5.2,Dhaka Gladiators,Barisal Burners,Imran Nazir,Anamul Haque,Suhrawadi Shuvo,1,0,,,,,,,,,
551077,2011/12,2012-02-29,"Shere Bangla National Stadium, Mirpur",2,5.3,Dhaka Gladiators,Barisal Burners,Anamul Haque,Imran Nazir,Suhrawadi Shuvo,2,0,,,,,,,,,
551077,2011/12,2012-02-29,"Shere Bangla National Stadium, Mirpur",2,5.4,Dhaka Gladiators,Barisal Burners,Anamul Haque,Imran Nazir,Suhrawadi Shuvo,1,0,,,,,,,,,
551077,2011/12,2012-02-29,"Shere Bangla National Stadium, Mirpur",2,5.5,Dhaka Gladiators,Barisal Burners,Imran Nazir,Anamul Haque,Suhrawadi Shuvo,0,0,,,,,,,,,
551077,2011/12,2012-02-29,"Shere Bangla National Stadium, Mirpur",2,5.6,Dhaka Gladiators,Barisal Burners,Imran Nazir,Anamul Haque,Suhrawadi Shuvo,4,0,,,,,,,,,
551077,2011/12,2012-02-29,"Shere Bangla National Stadium, Mirpur",2,6.1,Dhaka Gladiators,Barisal Burners,Anamul Haque,Imran Nazir,Nazmul Islam,0,0,,,,,,,,,
551077,2011/12,2012-02-29,"Shere Bangla National Stadium, Mirpur",2,6.2,Dhaka Gladiators,Barisal Burners,Anamul Haque,Imran Nazir,Nazmul Islam,1,0,,,,,,,,,
551077,2011/12,2012-02-29,"Shere Bangla National Stadium, Mirpur",2,6.3,Dhaka Gladiators,Barisal Burners,Imran Nazir,Anamul Haque,Nazmul Islam,1,0,,,,,,,,,
551077,2011/12,2012-02-29,"Shere Bangla National Stadium, Mirpur",2,6.4,Dhaka Gladiators,Barisal Burners,Anamul Haque,Imran Nazir,Nazmul Islam,0,0,,,,,,,,,
551077,2011/12,2012-02-29,"Shere Bangla National Stadium, Mirpur",2,6.5,Dhaka Gladiators,Barisal Burners,Anamul Haque,Imran Nazir,Nazmul Islam,0,1,1,,,,,,,,
551077,2011/12,2012-02-29,"Shere Bangla National Stadium, Mirpur",2,6.6,Dhaka Gladiators,Barisal Burners,Anamul Haque,Imran Nazir,Nazmul Islam,1,0,,,,,,,,,
551077,2011/12,2012-02-29,"Shere Bangla National Stadium, Mirpur",2,6.7,Dhaka Gladiators,Barisal Burners,Imran Nazir,Anamul Haque,Nazmul Islam,4,0,,,,,,,,,
551077,2011/12,2012-02-29,"Shere Bangla National Stadium, Mirpur",2,7.1,Dhaka Gladiators,Barisal Burners,Anamul Haque,Imran Nazir,Kabir Ali,0,0,,,,,,,,,
551077,2011/12,2012-02-29,"Shere Bangla National Stadium, Mirpur",2,7.2,Dhaka Gladiators,Barisal Burners,Anamul Haque,Imran Nazir,Kabir Ali,4,0,,,,,,,,,
551077,2011/12,2012-02-29,"Shere Bangla National Stadium, Mirpur",2,7.3,Dhaka Gladiators,Barisal Burners,Anamul Haque,Imran Nazir,Kabir Ali,0,0,,,,,,,,,
551077,2011/12,2012-02-29,"Shere Bangla National Stadium, Mirpur",2,7.4,Dhaka Gladiators,Barisal Burners,Anamul Haque,Imran Nazir,Kabir Ali,6,0,,,,,,,,,
551077,2011/12,2012-02-29,"Shere Bangla National Stadium, Mirpur",2,7.5,Dhaka Gladiators,Barisal Burners,Anamul Haque,Imran Nazir,Kabir Ali,3,0,,,,,,,,,
551077,2011/12,2012-02-29,"Shere Bangla National Stadium, Mirpur",2,7.6,Dhaka Gladiators,Barisal Burners,Imran Nazir,Anamul Haque,Kabir Ali,1,0,,,,,,,,,
551077,2011/12,2012-02-29,"Shere Bangla National Stadium, Mirpur",2,8.1,Dhaka Gladiators,Barisal Burners,Imran Nazir,Anamul Haque,Ahmed Shehzad,1,0,,,,,,,,,
551077,2011/12,2012-02-29,"Shere Bangla National Stadium, Mirpur",2,8.2,Dhaka Gladiators,Barisal Burners,Anamul Haque,Imran Nazir,Ahmed Shehzad,0,2,,,2,,,,,,
551077,2011/12,2012-02-29,"Shere Bangla National Stadium, Mirpur",2,8.3,Dhaka Gladiators,Barisal Burners,Anamul Haque,Imran Nazir,Ahmed Shehzad,0,0,,,,,,,,,
551077,2011/12,2012-02-29,"Shere Bangla National Stadium, Mirpur",2,8.4,Dhaka Gladiators,Barisal Burners,Anamul Haque,Imran Nazir,Ahmed Shehzad,1,0,,,,,,,,,
551077,2011/12,2012-02-29,"Shere Bangla National Stadium, Mirpur",2,8.5,Dhaka Gladiators,Barisal Burners,Imran Nazir,Anamul Haque,Ahmed Shehzad,1,0,,,,,,,,,
551077,2011/12,2012-02-29,"Shere Bangla National Stadium, Mirpur",2,8.6,Dhaka Gladiators,Barisal Burners,Anamul Haque,Imran Nazir,Ahmed Shehzad,1,0,,,,,,,,,
551077,2011/12,2012-02-29,"Shere Bangla National Stadium, Mirpur",2,9.1,Dhaka Gladiators,Barisal Burners,Anamul Haque,Imran Nazir,Nazmul Islam,1,0,,,,,,,,,
551077,2011/12,2012-02-29,"Shere Bangla National Stadium, Mirpur",2,9.2,Dhaka Gladiators,Barisal Burners,Imran Nazir,Anamul Haque,Nazmul Islam,1,0,,,,,,,,,
551077,2011/12,2012-02-29,"Shere Bangla National Stadium, Mirpur",2,9.3,Dhaka Gladiators,Barisal Burners,Anamul Haque,Imran Nazir,Nazmul Islam,0,0,,,,,,,,,
551077,2011/12,2012-02-29,"Shere Bangla National Stadium, Mirpur",2,9.4,Dhaka Gladiators,Barisal Burners,Anamul Haque,Imran Nazir,Nazmul Islam,4,0,,,,,,,,,
551077,2011/12,2012-02-29,"Shere Bangla National Stadium, Mirpur",2,9.5,Dhaka Gladiators,Barisal Burners,Anamul Haque,Imran Nazir,Nazmul Islam,0,0,,,,,,,,,
551077,2011/12,2012-02-29,"Shere Bangla National Stadium, Mirpur",2,9.6,Dhaka Gladiators,Barisal Burners,Anamul Haque,Imran Nazir,Nazmul Islam,2,0,,,,,,,,,
551077,2011/12,2012-02-29,"Shere Bangla National Stadium, Mirpur",2,10.1,Dhaka Gladiators,Barisal Burners,Imran Nazir,Anamul Haque,Ahmed Shehzad,6,0,,,,,,,,,
551077,2011/12,2012-02-29,"Shere Bangla National Stadium, Mirpur",2,10.2,Dhaka Gladiators,Barisal Burners,Imran Nazir,Anamul Haque,Ahmed Shehzad,2,0,,,,,,,,,
551077,2011/12,2012-02-29,"Shere Bangla National Stadium, Mirpur",2,10.3,Dhaka Gladiators,Barisal Burners,Imran Nazir,Anamul Haque,Ahmed Shehzad,1,0,,,,,,,,,
551077,2011/12,2012-02-29,"Shere Bangla National Stadium, Mirpur",2,10.4,Dhaka Gladiators,Barisal Burners,Anamul Haque,Imran Nazir,Ahmed Shehzad,1,0,,,,,,,,,
551077,2011/12,2012-02-29,"Shere Bangla National Stadium, Mirpur",2,10.5,Dhaka Gladiators,Barisal Burners,Imran Nazir,Anamul Haque,Ahmed Shehzad,0,0,,,,,,,,,
551077,2011/12,2012-02-29,"Shere Bangla National Stadium, Mirpur",2,10.6,Dhaka Gladiators,Barisal Burners,Imran Nazir,Anamul Haque,Ahmed Shehzad,0,0,,,,,,,,,
551077,2011/12,2012-02-29,"Shere Bangla National Stadium, Mirpur",2,11.1,Dhaka Gladiators,Barisal Burners,Anamul Haque,Imran Nazir,Suhrawadi Shuvo,0,0,,,,,,,,,
551077,2011/12,2012-02-29,"Shere Bangla National Stadium, Mirpur",2,11.2,Dhaka Gladiators,Barisal Burners,Anamul Haque,Imran Nazir,Suhrawadi Shuvo,1,0,,,,,,,,,
551077,2011/12,2012-02-29,"Shere Bangla National Stadium, Mirpur",2,11.3,Dhaka Gladiators,Barisal Burners,Imran Nazir,Anamul Haque,Suhrawadi Shuvo,4,0,,,,,,,,,
551077,2011/12,2012-02-29,"Shere Bangla National Stadium, Mirpur",2,11.4,Dhaka Gladiators,Barisal Burners,Imran Nazir,Anamul Haque,Suhrawadi Shuvo,0,0,,,,,,,,,
551077,2011/12,2012-02-29,"Shere Bangla National Stadium, Mirpur",2,11.5,Dhaka Gladiators,Barisal Burners,Imran Nazir,Anamul Haque,Suhrawadi Shuvo,6,0,,,,,,,,,
551077,2011/12,2012-02-29,"Shere Bangla National Stadium, Mirpur",2,11.6,Dhaka Gladiators,Barisal Burners,Imran Nazir,Anamul Haque,Suhrawadi Shuvo,1,0,,,,,,,,,
551077,2011/12,2012-02-29,"Shere Bangla National Stadium, Mirpur",2,12.1,Dhaka Gladiators,Barisal Burners,Imran Nazir,Anamul Haque,Alauddin Babu,0,0,,,,,,,,,
551077,2011/12,2012-02-29,"Shere Bangla National Stadium, Mirpur",2,12.2,Dhaka Gladiators,Barisal Burners,Imran Nazir,Anamul Haque,Alauddin Babu,0,0,,,,,,,,,
551077,2011/12,2012-02-29,"Shere Bangla National Stadium, Mirpur",2,12.3,Dhaka Gladiators,Barisal Burners,Imran Nazir,Anamul Haque,Alauddin Babu,0,0,,,,,,,,,
551077,2011/12,2012-02-29,"Shere Bangla National Stadium, Mirpur",2,12.4,Dhaka Gladiators,Barisal Burners,Imran Nazir,Anamul Haque,Alauddin Babu,1,0,,,,,,,,,
551077,2011/12,2012-02-29,"Shere Bangla National Stadium, Mirpur",2,12.5,Dhaka Gladiators,Barisal Burners,Anamul Haque,Imran Nazir,Alauddin Babu,0,0,,,,,,,,,
551077,2011/12,2012-02-29,"Shere Bangla National Stadium, Mirpur",2,12.6,Dhaka Gladiators,Barisal Burners,Anamul Haque,Imran Nazir,Alauddin Babu,2,0,,,,,,,,,
551077,2011/12,2012-02-29,"Shere Bangla National Stadium, Mirpur",2,13.1,Dhaka Gladiators,Barisal Burners,Imran Nazir,Anamul Haque,Ahmed Shehzad,6,0,,,,,,,,,
551077,2011/12,2012-02-29,"Shere Bangla National Stadium, Mirpur",2,13.2,Dhaka Gladiators,Barisal Burners,Imran Nazir,Anamul Haque,Ahmed Shehzad,0,0,,,,,,,,,
551077,2011/12,2012-02-29,"Shere Bangla National Stadium, Mirpur",2,13.3,Dhaka Gladiators,Barisal Burners,Imran Nazir,Anamul Haque,Ahmed Shehzad,6,0,,,,,,,,,
551077,2011/12,2012-02-29,"Shere Bangla National Stadium, Mirpur",2,13.4,Dhaka Gladiators,Barisal Burners,Imran Nazir,Anamul Haque,Ahmed Shehzad,4,0,,,,,,,,,
551077,2011/12,2012-02-29,"Shere Bangla National Stadium, Mirpur",2,13.5,Dhaka Gladiators,Barisal Burners,Imran Nazir,Anamul Haque,Ahmed Shehzad,0,1,,,,1,,,,,
551077,2011/12,2012-02-29,"Shere Bangla National Stadium, Mirpur",2,13.6,Dhaka Gladiators,Barisal Burners,Anamul Haque,Imran Nazir,Ahmed Shehzad,1,0,,,,,,,,,
551077,2011/12,2012-02-29,"Shere Bangla National Stadium, Mirpur",2,14.1,Dhaka Gladiators,Barisal Burners,Anamul Haque,Imran Nazir,Alauddin Babu,4,0,,,,,,,,,
551077,2011/12,2012-02-29,"Shere Bangla National Stadium, Mirpur",2,14.2,Dhaka Gladiators,Barisal Burners,Anamul Haque,Imran Nazir,Alauddin Babu,1,0,,,,,,,,,
551077,2011/12,2012-02-29,"Shere Bangla National Stadium, Mirpur",2,14.3,Dhaka Gladiators,Barisal Burners,Imran Nazir,Anamul Haque,Alauddin Babu,0,0,,,,,,,,,
551077,2011/12,2012-02-29,"Shere Bangla National Stadium, Mirpur",2,14.4,Dhaka Gladiators,Barisal Burners,Imran Nazir,Anamul Haque,Alauddin Babu,0,1,1,,,,,,,,
551077,2011/12,2012-02-29,"Shere Bangla National Stadium, Mirpur",2,14.5,Dhaka Gladiators,Barisal Burners,Imran Nazir,Anamul Haque,Alauddin Babu,0,0,,,,,,,,,
551077,2011/12,2012-02-29,"Shere Bangla National Stadium, Mirpur",2,14.6,Dhaka Gladiators,Barisal Burners,Imran Nazir,Anamul Haque,Alauddin Babu,0,0,,,,,,caught,Imran Nazir,,
551077,2011/12,2012-02-29,"Shere Bangla National Stadium, Mirpur",2,14.7,Dhaka Gladiators,Barisal Burners,Azhar Mahmood,Anamul Haque,Alauddin Babu,0,0,,,,,,,,,
551077,2011/12,2012-02-29,"Shere Bangla National Stadium, Mirpur",2,15.1,Dhaka Gladiators,Barisal Burners,Anamul Haque,Azhar Mahmood,Nazmul Islam,0,0,,,,,,,,,
551077,2011/12,2012-02-29,"Shere Bangla National Stadium, Mirpur",2,15.2,Dhaka Gladiators,Barisal Burners,Anamul Haque,Azhar Mahmood,Nazmul Islam,4,0,,,,,,,,,
551077,2011/12,2012-02-29,"Shere Bangla National Stadium, Mirpur",2,15.3,Dhaka Gladiators,Barisal Burners,Anamul Haque,Azhar Mahmood,Nazmul Islam,0,0,,,,,,,,,
551077,2011/12,2012-02-29,"Shere Bangla National Stadium, Mirpur",2,15.4,Dhaka Gladiators,Barisal Burners,Anamul Haque,Azhar Mahmood,Nazmul Islam,4,0,,,,,,,,,
