match_id,season,start_date,venue,innings,ball,batting_team,bowling_team,striker,non_striker,bowler,runs_off_bat,extras,wides,noballs,byes,legbyes,penalty,wicket_type,player_dismissed,other_wicket_type,other_player_dismissed
551068,2011/12,2012-02-24,"Shere Bangla National Stadium, Mirpur",1,0.1,Duronto Rajshahi,Sylhet Royals,Shahzaib Hasan,Junaid Siddique,Sohail Tanvir,0,0,,,,,,,,,
551068,2011/12,2012-02-24,"Shere Bangla National Stadium, Mirpur",1,0.2,Duronto Rajshahi,Sylhet Royals,Shahzaib Hasan,Junaid Siddique,Sohail Tanvir,0,1,1,,,,,,,,
551068,2011/12,2012-02-24,"Shere Bangla National Stadium, Mirpur",1,0.3,Duronto Rajshahi,Sylhet Royals,Shahzaib Hasan,Junaid Siddique,Sohail Tanvir,1,0,,,,,,,,,
551068,2011/12,2012-02-24,"Shere Bangla National Stadium, Mirpur",1,0.4,Duronto Rajshahi,Sylhet Royals,Junaid Siddique,Shahzaib Hasan,Sohail Tanvir,0,0,,,,,,bowled,Junaid Siddique,,
551068,2011/12,2012-02-24,"Shere Bangla National Stadium, Mirpur",1,0.5,Duronto Rajshahi,Sylhet Royals,MN Samuels,Shahzaib Hasan,Sohail Tanvir,0,0,,,,,,,,,
551068,2011/12,2012-02-24,"Shere Bangla National Stadium, Mirpur",1,0.6,Duronto Rajshahi,Sylhet Royals,MN Samuels,Shahzaib Hasan,Sohail Tanvir,0,1,,,,1,,,,,
551068,2011/12,2012-02-24,"Shere Bangla National Stadium, Mirpur",1,0.7,Duronto Rajshahi,Sylhet Royals,Shahzaib Hasan,MN Samuels,Sohail Tanvir,0,1,,,,1,,,,,
551068,2011/12,2012-02-24,"Shere Bangla National Stadium, Mirpur",1,1.1,Duronto Rajshahi,Sylhet Royals,Shahzaib Hasan,MN Samuels,PD Trego,1,0,,,,,,,,,
551068,2011/12,2012-02-24,"Shere Bangla National Stadium, Mirpur",1,1.2,Duronto Rajshahi,Sylhet Royals,MN Samuels,Shahzaib Hasan,PD Trego,4,0,,,,,,,,,
551068,2011/12,2012-02-24,"Shere Bangla National Stadium, Mirpur",1,1.3,Duronto Rajshahi,Sylhet Royals,MN Samuels,Shahzaib Hasan,PD Trego,1,0,,,,,,,,,
551068,2011/12,2012-02-24,"Shere Bangla National Stadium, Mirpur",1,1.4,Duronto Rajshahi,Sylhet Royals,Shahzaib Hasan,MN Samuels,PD Trego,4,0,,,,,,,,,
551068,2011/12,2012-02-24,"Shere Bangla National Stadium, Mirpur",1,1.5,Duronto Rajshahi,Sylhet Royals,Shahzaib Hasan,MN Samuels,PD Trego,0,0,,,,,,,,,
551068,2011/12,2012-02-24,"Shere Bangla National Stadium, Mirpur",1,1.6,Duronto Rajshahi,Sylhet Royals,Shahzaib Hasan,MN Samuels,PD Trego,4,0,,,,,,,,,
551068,2011/12,2012-02-24,"Shere Bangla National Stadium, Mirpur",1,2.1,Duronto Rajshahi,Sylhet Royals,MN Samuels,Shahzaib Hasan,Sohail Tanvir,1,0,,,,,,,,,
551068,2011/12,2012-02-24,"Shere Bangla National Stadium, Mirpur",1,2.2,Duronto Rajshahi,Sylhet Royals,Shahzaib Hasan,MN Samuels,Sohail Tanvir,1,0,,,,,,,,,
551068,2011/12,2012-02-24,"Shere Bangla National Stadium, Mirpur",1,2.3,Duronto Rajshahi,Sylhet Royals,MN Samuels,Shahzaib Hasan,Sohail Tanvir,0,0,,,,,,,,,
551068,2011/12,2012-02-24,"Shere Bangla National Stadium, Mirpur",1,2.4,Duronto Rajshahi,Sylhet Royals,MN Samuels,Shahzaib Hasan,Sohail Tanvir,0,0,,,,,,,,,
551068,2011/12,2012-02-24,"Shere Bangla National Stadium, Mirpur",1,2.5,Duronto Rajshahi,Sylhet Royals,MN Samuels,Shahzaib Hasan,Sohail Tanvir,0,0,,,,,,,,,
551068,2011/12,2012-02-24,"Shere Bangla National Stadium, Mirpur",1,2.6,Duronto Rajshahi,Sylhet Royals,MN Samuels,Shahzaib Hasan,Sohail Tanvir,0,0,,,,,,,,,
551068,2011/12,2012-02-24,"Shere Bangla National Stadium, Mirpur",1,3.1,Duronto Rajshahi,Sylhet Royals,Shahzaib Hasan,MN Samuels,Nabil Samad,0,0,,,,,,,,,
551068,2011/12,2012-02-24,"Shere Bangla National Stadium, Mirpur",1,3.2,Duronto Rajshahi,Sylhet Royals,Shahzaib Hasan,MN Samuels,Nabil Samad,0,0,,,,,,,,,
551068,2011/12,2012-02-24,"Shere Bangla National Stadium, Mirpur",1,3.3,Duronto Rajshahi,Sylhet Royals,Shahzaib Hasan,MN Samuels,Nabil Samad,4,0,,,,,,,,,
551068,2011/12,2012-02-24,"Shere Bangla National Stadium, Mirpur",1,3.4,Duronto Rajshahi,Sylhet Royals,Shahzaib Hasan,MN Samuels,Nabil Samad,0,0,,,,,,,,,
551068,2011/12,2012-02-24,"Shere Bangla National Stadium, Mirpur",1,3.5,Duronto Rajshahi,Sylhet Royals,Shahzaib Hasan,MN Samuels,Nabil Samad,0,0,,,,,,,,,
551068,2011/12,2012-02-24,"Shere Bangla National Stadium, Mirpur",1,3.6,Duronto Rajshahi,Sylhet Royals,Shahzaib Hasan,MN Samuels,Nabil Samad,0,0,,,,,,,,,
551068,2011/12,2012-02-24,"Shere Bangla National Stadium, Mirpur",1,4.1,Duronto Rajshahi,Sylhet Royals,MN Samuels,Shahzaib Hasan,Abul Hasan,0,0,,,,,,caught,MN Samuels,,
551068,2011/12,2012-02-24,"Shere Bangla National Stadium, Mirpur",1,4.2,Duronto Rajshahi,Sylhet Royals,Mushfiqur Rahim,Shahzaib Hasan,Abul Hasan,0,0,,,,,,,,,
551068,2011/12,2012-02-24,"Shere Bangla National Stadium, Mirpur",1,4.3,Duronto Rajshahi,Sylhet Royals,Mushfiqur Rahim,Shahzaib Hasan,Abul Hasan,0,0,,,,,,,,,
551068,2011/12,2012-02-24,"Shere Bangla National Stadium, Mirpur",1,4.4,Duronto Rajshahi,Sylhet Royals,Mushfiqur Rahim,Shahzaib Hasan,Abul Hasan,0,1,1,,,,,,,,
551068,2011/12,2012-02-24,"Shere Bangla National Stadium, Mirpur",1,4.5,Duronto Rajshahi,Sylhet Royals,Mushfiqur Rahim,Shahzaib Hasan,Abul Hasan,0,0,,,,,,,,,
551068,2011/12,2012-02-24,"Shere Bangla National Stadium, Mirpur",1,4.6,Duronto Rajshahi,Sylhet Royals,Mushfiqur Rahim,Shahzaib Hasan,Abul Hasan,0,0,,,,,,,,,
551068,2011/12,2012-02-24,"Shere Bangla National Stadium, Mirpur",1,4.7,Duronto Rajshahi,Sylhet Royals,Mushfiqur Rahim,Shahzaib Hasan,Abul Hasan,0,0,,,,,,lbw,Mushfiqur Rahim,,
551068,2011/12,2012-02-24,"Shere Bangla National Stadium, Mirpur",1,5.1,Duronto Rajshahi,Sylhet Royals,Shahzaib Hasan,Khalid Latif,Nabil Samad,4,0,,,,,,,,,
551068,2011/12,2012-02-24,"Shere Bangla National Stadium, Mirpur",1,5.2,Duronto Rajshahi,Sylhet Royals,Shahzaib Hasan,Khalid Latif,Nabil Samad,1,0,,,,,,,,,
551068,2011/12,2012-02-24,"Shere Bangla National Stadium, Mirpur",1,5.3,Duronto Rajshahi,Sylhet Royals,Khalid Latif,Shahzaib Hasan,Nabil Samad,0,0,,,,,,,,,
551068,2011/12,2012-02-24,"Shere Bangla National Stadium, Mirpur",1,5.4,Duronto Rajshahi,Sylhet Royals,Khalid Latif,Shahzaib Hasan,Nabil Samad,0,0,,,,,,,,,
551068,2011/12,2012-02-24,"Shere Bangla National Stadium, Mirpur",1,5.5,Duronto Rajshahi,Sylhet Royals,Khalid Latif,Shahzaib Hasan,Nabil Samad,0,0,,,,,,,,,
551068,2011/12,2012-02-24,"Shere Bangla National Stadium, Mirpur",1,5.6,Duronto Rajshahi,Sylhet Royals,Khalid Latif,Shahzaib Hasan,Nabil Samad,4,0,,,,,,,,,
551068,2011/12,2012-02-24,"Shere Bangla National Stadium, Mirpur",1,6.1,Duronto Rajshahi,Sylhet Royals,Shahzaib Hasan,Khalid Latif,Abul Hasan,0,1,1,,,,,,,,
551068,2011/12,2012-02-24,"Shere Bangla National Stadium, Mirpur",1,6.2,Duronto Rajshahi,Sylhet Royals,Shahzaib Hasan,Khalid Latif,Abul Hasan,4,0,,,,,,,,,
551068,2011/12,2012-02-24,"Shere Bangla National Stadium, Mirpur",1,6.3,Duronto Rajshahi,Sylhet Royals,Shahzaib Hasan,Khalid Latif,Abul Hasan,0,0,,,,,,,,,
551068,2011/12,2012-02-24,"Shere Bangla National Stadium, Mirpur",1,6.4,Duronto Rajshahi,Sylhet Royals,Shahzaib Hasan,Khalid Latif,Abul Hasan,0,0,,,,,,,,,
551068,2011/12,2012-02-24,"Shere Bangla National Stadium, Mirpur",1,6.5,Duronto Rajshahi,Sylhet Royals,Shahzaib Hasan,Khalid Latif,Abul Hasan,4,0,,,,,,,,,
551068,2011/12,2012-02-24,"Shere Bangla National Stadium, Mirpur",1,6.6,Duronto Rajshahi,Sylhet Royals,Shahzaib Hasan,Khalid Latif,Abul Hasan,0,0,,,,,,,,,
551068,2011/12,2012-02-24,"Shere Bangla National Stadium, Mirpur",1,6.7,Duronto Rajshahi,Sylhet Royals,Shahzaib Hasan,Khalid Latif,Abul Hasan,0,0,,,,,,,,,
551068,2011/12,2012-02-24,"Shere Bangla National Stadium, Mirpur",1,7.1,Duronto Rajshahi,Sylhet Royals,Khalid Latif,Shahzaib Hasan,SB Styris,0,0,,,,,,,,,
551068,2011/12,2012-02-24,"Shere Bangla National Stadium, Mirpur",1,7.2,Duronto Rajshahi,Sylhet Royals,Khalid Latif,Shahzaib Hasan,SB Styris,1,0,,,,,,,,,
551068,2011/12,2012-02-24,"Shere Bangla National Stadium, Mirpur",1,7.3,Duronto Rajshahi,Sylhet Royals,Shahzaib Hasan,Khalid Latif,SB Styris,1,0,,,,,,,,,
551068,2011/12,2012-02-24,"Shere Bangla National Stadium, Mirpur",1,7.4,Duronto Rajshahi,Sylhet Royals,Khalid Latif,Shahzaib Hasan,SB Styris,1,0,,,,,,,,,
551068,2011/12,2012-02-24,"Shere Bangla National Stadium, Mirpur",1,7.5,Duronto Rajshahi,Sylhet Royals,Shahzaib Hasan,Khalid Latif,SB Styris,1,0,,,,,,,,,
551068,2011/12,2012-02-24,"Shere Bangla National Stadium, Mirpur",1,7.6,Duronto Rajshahi,Sylhet Royals,Khalid Latif,Shahzaib Hasan,SB Styris,0,0,,,,,,,,,
551068,2011/12,2012-02-24,"Shere Bangla National Stadium, Mirpur",1,8.1,Duronto Rajshahi,Sylhet Royals,Shahzaib Hasan,Khalid Latif,Noor Hossain,1,0,,,,,,,,,
551068,2011/12,2012-02-24,"Shere Bangla National Stadium, Mirpur",1,8.2,Duronto Rajshahi,Sylhet Royals,Khalid Latif,Shahzaib Hasan,Noor Hossain,0,0,,,,,,,,,
551068,2011/12,2012-02-24,"Shere Bangla National Stadium, Mirpur",1,8.3,Duronto Rajshahi,Sylhet Royals,Khalid Latif,Shahzaib Hasan,Noor Hossain,0,0,,,,,,,,,
551068,2011/12,2012-02-24,"Shere Bangla National Stadium, Mirpur",1,8.4,Duronto Rajshahi,Sylhet Royals,Khalid Latif,Shahzaib Hasan,Noor Hossain,0,1,1,,,,,,,,
551068,2011/12,2012-02-24,"Shere Bangla National Stadium, Mirpur",1,8.5,Duronto Rajshahi,Sylhet Royals,Khalid Latif,Shahzaib Hasan,Noor Hossain,1,0,,,,,,,,,
551068,2011/12,2012-02-24,"Shere Bangla National Stadium, Mirpur",1,8.6,Duronto Rajshahi,Sylhet Royals,Shahzaib Hasan,Khalid Latif,Noor Hossain,0,0,,,,,,,,,
551068,2011/12,2012-02-24,"Shere Bangla National Stadium, Mirpur",1,8.7,Duronto Rajshahi,Sylhet Royals,Shahzaib Hasan,Khalid Latif,Noor Hossain,1,0,,,,,,,,,
551068,2011/12,2012-02-24,"Shere Bangla National Stadium, Mirpur",1,9.1,Duronto Rajshahi,Sylhet Royals,Shahzaib Hasan,Khalid Latif,SB Styris,1,0,,,,,,,,,
551068,2011/12,2012-02-24,"Shere Bangla National Stadium, Mirpur",1,9.2,Duronto Rajshahi,Sylhet Royals,Khalid Latif,Shahzaib Hasan,SB Styris,0,0,,,,,,,,,
551068,2011/12,2012-02-24,"Shere Bangla National Stadium, Mirpur",1,9.3,Duronto Rajshahi,Sylhet Royals,Khalid Latif,Shahzaib Hasan,SB Styris,0,0,,,,,,,,,
551068,2011/12,2012-02-24,"Shere Bangla National Stadium, Mirpur",1,9.4,Duronto Rajshahi,Sylhet Royals,Khalid Latif,Shahzaib Hasan,SB Styris,2,0,,,,,,,,,
551068,2011/12,2012-02-24,"Shere Bangla National Stadium, Mirpur",1,9.5,Duronto Rajshahi,Sylhet Royals,Khalid Latif,Shahzaib Hasan,SB Styris,1,0,,,,,,,,,
551068,2011/12,2012-02-24,"Shere Bangla National Stadium, Mirpur",1,9.6,Duronto Rajshahi,Sylhet Royals,Shahzaib Hasan,Khalid Latif,SB Styris,1,0,,,,,,,,,
551068,2011/12,2012-02-24,"Shere Bangla National Stadium, Mirpur",1,10.1,Duronto Rajshahi,Sylhet Royals,Shahzaib Hasan,Khalid Latif,Noor Hossain,2,0,,,,,,,,,
551068,2011/12,2012-02-24,"Shere Bangla National Stadium, Mirpur",1,10.2,Duronto Rajshahi,Sylhet Royals,Shahzaib Hasan,Khalid Latif,Noor Hossain,0,0,,,,,,,,,
551068,2011/12,2012-02-24,"Shere Bangla National Stadium, Mirpur",1,10.3,Duronto Rajshahi,Sylhet Royals,Shahzaib Hasan,Khalid Latif,Noor Hossain,4,0,,,,,,,,,
551068,2011/12,2012-02-24,"Shere Bangla National Stadium, Mirpur",1,10.4,Duronto Rajshahi,Sylhet Royals,Shahzaib Hasan,Khalid Latif,Noor Hossain,1,0,,,,,,,,,
551068,2011/12,2012-02-24,"Shere Bangla National Stadium, Mirpur",1,10.5,Duronto Rajshahi,Sylhet Royals,Khalid Latif,Shahzaib Hasan,Noor Hossain,1,0,,,,,,,,,
551068,2011/12,2012-02-24,"Shere Bangla National Stadium, Mirpur",1,10.6,Duronto Rajshahi,Sylhet Royals,Shahzaib Hasan,Khalid Latif,Noor Hossain,1,0,,,,,,,,,
551068,2011/12,2012-02-24,"Shere Bangla National Stadium, Mirpur",1,11.1,Duronto Rajshahi,Sylhet Royals,Shahzaib Hasan,Khalid Latif,PD Trego,1,0,,,,,,,,,
551068,2011/12,2012-02-24,"Shere Bangla National Stadium, Mirpur",1,11.2,Duronto Rajshahi,Sylhet Royals,Khalid Latif,Shahzaib Hasan,PD Trego,1,0,,,,,,,,,
551068,2011/12,2012-02-24,"Shere Bangla National Stadium, Mirpur",1,11.3,Duronto Rajshahi,Sylhet Royals,Shahzaib Hasan,Khalid Latif,PD Trego,2,0,,,,,,,,,
551068,2011/12,2012-02-24,"Shere Bangla National Stadium, Mirpur",1,11.4,Duronto Rajshahi,Sylhet Royals,Shahzaib Hasan,Khalid Latif,PD Trego,1,0,,,,,,,,,
551068,2011/12,2012-02-24,"Shere Bangla National Stadium, Mirpur",1,11.5,Duronto Rajshahi,Sylhet Royals,Khalid Latif,Shahzaib Hasan,PD Trego,1,0,,,,,,,,,
551068,2011/12,2012-02-24,"Shere Bangla National Stadium, Mirpur",1,11.6,Duronto Rajshahi,Sylhet Royals,Shahzaib Hasan,Khalid Latif,PD Trego,1,0,,,,,,,,,
551068,2011/12,2012-02-24,"Shere Bangla National Stadium, Mirpur",1,12.1,Duronto Rajshahi,Sylhet Royals,Shahzaib Hasan,Khalid Latif,Noor Hossain,1,0,,,,,,,,,
551068,2011/12,2012-02-24,"Shere Bangla National Stadium, Mirpur",1,12.2,Duronto Rajshahi,Sylhet Royals,Khalid Latif,Shahzaib Hasan,Noor Hossain,1,0,,,,,,run out,Khalid Latif,,
551068,2011/12,2012-02-24,"Shere Bangla National Stadium, Mirpur",1,12.3,Duronto Rajshahi,Sylhet Royals,Shahzaib Hasan,Abdul Razzaq,Noor Hossain,1,0,,,,,,,,,
551068,2011/12,2012-02-24,"Shere Bangla National Stadium, Mirpur",1,12.4,Duronto Rajshahi,Sylhet Royals,Abdul Razzaq,Shahzaib Hasan,Noor Hossain,1,0,,,,,,,,,
551068,2011/12,2012-02-24,"Shere Bangla National Stadium, Mirpur",1,12.5,Duronto Rajshahi,Sylhet Royals,Shahzaib Hasan,Abdul Razzaq,Noor Hossain,1,0,,,,,,,,,
551068,2011/12,2012-02-24,"Shere Bangla National Stadium, Mirpur",1,12.6,Duronto Rajshahi,Sylhet Royals,Abdul Razzaq,Shahzaib Hasan,Noor Hossain,1,0,,,,,,,,,
551068,2011/12,2012-02-24,"Shere Bangla National Stadium, Mirpur",1,13.1,Duronto Rajshahi,Sylhet Royals,Abdul Razzaq,Shahzaib Hasan,Nabil Samad,0,0,,,,,,,,,
551068,2011/12,2012-02-24,"Shere Bangla National Stadium, Mirpur",1,13.2,Duronto Rajshahi,Sylhet Royals,Abdul Razzaq,Shahzaib Hasan,Nabil Samad,1,0,,,,,,,,,
551068,2011/12,2012-02-24,"Shere Bangla National Stadium, Mirpur",1,13.3,Duronto Rajshahi,Sylhet Royals,Shahzaib Hasan,Abdul Razzaq,Nabil Samad,2,0,,,,,,,,,
551068,2011/12,2012-02-24,"Shere Bangla National Stadium, Mirpur",1,13.4,Duronto Rajshahi,Sylhet Royals,Shahzaib Hasan,Abdul Razzaq,Nabil Samad,1,0,,,,,,,,,
551068,2011/12,2012-02-24,"Shere Bangla National Stadium, Mirpur",1,13.5,Duronto Rajshahi,Sylhet Royals,Abdul Razzaq,Shahzaib Hasan,Nabil Samad,1,0,,,,,,,,,
551068,2011/12,2012-02-24,"Shere Bangla National Stadium, Mirpur",1,13.6,Duronto Rajshahi,Sylhet Royals,Shahzaib Hasan,Abdul Razzaq,Nabil Samad,0,0,,,,,,,,,
551068,2011/12,2012-02-24,"Shere Bangla National Stadium, Mirpur",1,14.1,Duronto Rajshahi,Sylhet Royals,Abdul Razzaq,Shahzaib Hasan,Noor Hossain,1,0,,,,,,,,,
551068,2011/12,2012-02-24,"Shere Bangla National Stadium, Mirpur",1,14.2,Duronto Rajshahi,Sylhet Royals,Shahzaib Hasan,Abdul Razzaq,Noor Hossain,1,0,,,,,,,,,
551068,2011/12,2012-02-24,"Shere Bangla National Stadium, Mirpur",1,14.3,Duronto Rajshahi,Sylhet Royals,Abdul Razzaq,Shahzaib Hasan,Noor Hossain,1,0,,,,,,,,,
551068,2011/12,2012-02-24,"Shere Bangla National Stadium, Mirpur",1,14.4,Duronto Rajshahi,Sylhet Royals,Shahzaib Hasan,Abdul Razzaq,Noor Hossain,0,0,,,,,,caught,Shahzaib Hasan,,
551068,2011/12,2012-02-24,"Shere Bangla National Stadium, Mirpur",1,14.5,Duronto Rajshahi,Sylhet Royals,Abdul Razzaq,Sabbir Rahman,Noor Hossain,1,0,,,,,,,,,
551068,2011/12,2012-02-24,"Shere Bangla National Stadium, Mirpur",1,14.6,Duronto Rajshahi,Sylhet Royals,Sabbir Rahman,Abdul Razzaq,Noor Hossain,0,0,,,,,,,,,
551068,2011/12,2012-02-24,"Shere Bangla National Stadium, Mirpur",1,15.1,Duronto Rajshahi,Sylhet Royals,Abdul Razzaq,Sabbir Rahman,Nabil Samad,1,0,,,,,,,,,
551068,2011/12,2012-02-24,"Shere Bangla National Stadium, Mirpur",1,15.2,Duronto Rajshahi,Sylhet Royals,Sabbir Rahman,Abdul Razzaq,Nabil Samad,1,0,,,,,,,,,
551068,2011/12,2012-02-24,"Shere Bangla National Stadium, Mirpur",1,15.3,Duronto Rajshahi,Sylhet Royals,Abdul Razzaq,Sabbir Rahman,Nabil Samad,1,0,,,,,,,,,
551068,2011/12,2012-02-24,"Shere Bangla National Stadium, Mirpur",1,15.4,Duronto Rajshahi,Sylhet Royals,Sabbir Rahman,Abdul Razzaq,Nabil Samad,1,0,,,,,,,,,
551068,2011/12,2012-02-24,"Shere Bangla National Stadium, Mirpur",1,15.5,Duronto Rajshahi,Sylhet Royals,Abdul Razzaq,Sabbir Rahman,Nabil Samad,2,0,,,,,,,,,
551068,2011/12,2012-02-24,"Shere Bangla National Stadium, Mirpur",1,15.6,Duronto Rajshahi,Sylhet Royals,Abdul Razzaq,Sabbir Rahman,Nabil Samad,2,0,,,,,,,,,
551068,2011/12,2012-02-24,"Shere Bangla National Stadium, Mirpur",1,16.1,Duronto Rajshahi,Sylhet Royals,Sabbir Rahman,Abdul Razzaq,Abul Hasan,2,0,,,,,,,,,
551068,2011/12,2012-02-24,"Shere Bangla National Stadium, Mirpur",1,16.2,Duronto Rajshahi,Sylhet Royals,Sabbir Rahman,Abdul Razzaq,Abul Hasan,0,0,,,,,,,,,
551068,2011/12,2012-02-24,"Shere Bangla National Stadium, Mirpur",1,16.3,Duronto Rajshahi,Sylhet Royals,Sabbir Rahman,Abdul Razzaq,Abul Hasan,1,0,,,,,,,,,
551068,2011/12,2012-02-24,"Shere Bangla National Stadium, Mirpur",1,16.4,Duronto Rajshahi,Sylhet Royals,Abdul Razzaq,Sabbir Rahman,Abul Hasan,0,0,,,,,,,,,
551068,2011/12,2012-02-24,"Shere Bangla National Stadium, Mirpur",1,16.5,Duronto Rajshahi,Sylhet Royals,Abdul Razzaq,Sabbir Rahman,Abul Hasan,2,0,,,,,,,,,
551068,2011/12,2012-02-24,"Shere Bangla National Stadium, Mirpur",1,16.6,Duronto Rajshahi,Sylhet Royals,Abdul Razzaq,Sabbir Rahman,Abul Hasan,4,0,,,,,,,,,
551068,2011/12,2012-02-24,"Shere Bangla National Stadium, Mirpur",1,17.1,Duronto Rajshahi,Sylhet Royals,Sabbir Rahman,Abdul Razzaq,Sohail Tanvir,1,0,,,,,,,,,
551068,2011/12,2012-02-24,"Shere Bangla National Stadium, Mirpur",1,17.2,Duronto Rajshahi,Sylhet Royals,Abdul Razzaq,Sabbir Rahman,Sohail Tanvir,2,0,,,,,,,,,
551068,2011/12,2012-02-24,"Shere Bangla National Stadium, Mirpur",1,17.3,Duronto Rajshahi,Sylhet Royals,Abdul Razzaq,Sabbir Rahman,Sohail Tanvir,0,0,,,,,,caught,Abdul Razzaq,,
551068,2011/12,2012-02-24,"Shere Bangla National Stadium, Mirpur",1,17.4,Duronto Rajshahi,Sylhet Royals,Sabbir Rahman,Muktar Ali,Sohail Tanvir,0,0,,,,,,bowled,Sabbir Rahman,,
551068,2011/12,2012-02-24,"Shere Bangla National Stadium, Mirpur",1,17.5,Duronto Rajshahi,Sylhet Royals,Mohammad Sami,Muktar Ali,Sohail Tanvir,0,0,,,,,,,,,
551068,2011/12,2012-02-24,"Shere Bangla National Stadium, Mirpur",1,17.6,Duronto Rajshahi,Sylhet Royals,Mohammad Sami,Muktar Ali,Sohail Tanvir,0,0,,,,,,,,,
551068,2011/12,2012-02-24,"Shere Bangla National Stadium, Mirpur",1,18.1,Duronto Rajshahi,Sylhet Royals,Muktar Ali,Mohammad Sami,Abul Hasan,1,0,,,,,,,,,
551068,2011/12,2012-02-24,"Shere Bangla National Stadium, Mirpur",1,18.2,Duronto Rajshahi,Sylhet Royals,Mohammad Sami,Muktar Ali,Abul Hasan,4,0,,,,,,,,,
551068,2011/12,2012-02-24,"Shere Bangla National Stadium, Mirpur",1,18.3,Duronto Rajshahi,Sylhet Royals,Mohammad Sami,Muktar Ali,Abul Hasan,4,0,,,,,,,,,
551068,2011/12,2012-02-24,"Shere Bangla National Stadium, Mirpur",1,18.4,Duronto Rajshahi,Sylhet Royals,Mohammad Sami,Muktar Ali,Abul Hasan,1,0,,,,,,,,,
551068,2011/12,2012-02-24,"Shere Bangla National Stadium, Mirpur",1,18.5,Duronto Rajshahi,Sylhet Royals,Muktar Ali,Mohammad Sami,Abul Hasan,0,0,,,,,,caught and bowled,Muktar Ali,,
551068,2011/12,2012-02-24,"Shere Bangla National Stadium, Mirpur",1,18.6,Duronto Rajshahi,Sylhet Royals,Monir Hossain,Mohammad Sami,Abul Hasan,1,0,,,,,,,,,
551068,2011/12,2012-02-24,"Shere Bangla National Stadium, Mirpur",1,19.1,Duronto Rajshahi,Sylhet Royals,Monir Hossain,Mohammad Sami,Sohail Tanvir,1,0,,,,,,,,,
551068,2011/12,2012-02-24,"Shere Bangla National Stadium, Mirpur",1,19.2,Duronto Rajshahi,Sylhet Royals,Mohammad Sami,Monir Hossain,Sohail Tanvir,0,0,,,,,,bowled,Mohammad Sami,,
551068,2011/12,2012-02-24,"Shere Bangla National Stadium, Mirpur",1,19.3,Duronto Rajshahi,Sylhet Royals,Saqlain Sajib,Monir Hossain,Sohail Tanvir,0,0,,,,,,,,,
551068,2011/12,2012-02-24,"Shere Bangla National Stadium, Mirpur",1,19.4,Duronto Rajshahi,Sylhet Royals,Saqlain Sajib,Monir Hossain,Sohail Tanvir,1,0,,,,,,,,,
551068,2011/12,2012-02-24,"Shere Bangla National Stadium, Mirpur",1,19.5,Duronto Rajshahi,Sylhet Royals,Monir Hossain,Saqlain Sajib,Sohail Tanvir,1,0,,,,,,,,,
551068,2011/12,2012-02-24,"Shere Bangla National Stadium, Mirpur",1,19.6,Duronto Rajshahi,Sylhet Royals,Saqlain Sajib,Monir Hossain,Sohail Tanvir,3,0,,,,,,,,,
551068,2011/12,2012-02-24,"Shere Bangla National Stadium, Mirpur",2,0.1,Sylhet Royals,Duronto Rajshahi,Kamran Akmal,PD Trego,Mohammad Sami,0,0,,,,,,,,,
551068,2011/12,2012-02-24,"Shere Bangla National Stadium, Mirpur",2,0.2,Sylhet Royals,Duronto Rajshahi,Kamran Akmal,PD Trego,Mohammad Sami,0,0,,,,,,,,,
551068,2011/12,2012-02-24,"Shere Bangla National Stadium, Mirpur",2,0.3,Sylhet Royals,Duronto Rajshahi,Kamran Akmal,PD Trego,Mohammad Sami,1,0,,,,,,,,,
551068,2011/12,2012-02-24,"Shere Bangla National Stadium, Mirpur",2,0.4,Sylhet Royals,Duronto Rajshahi,PD Trego,Kamran Akmal,Mohammad Sami,0,5,5,,,,,,,,
551068,2011/12,2012-02-24,"Shere Bangla National Stadium, Mirpur",2,0.5,Sylhet Royals,Duronto Rajshahi,PD Trego,Kamran Akmal,Mohammad Sami,0,0,,,,,,,,,
551068,2011/12,2012-02-24,"Shere Bangla National Stadium, Mirpur",2,0.6,Sylhet Royals,Duronto Rajshahi,PD Trego,Kamran Akmal,Mohammad Sami,1,0,,,,,,,,,
551068,2011/12,2012-02-24,"Shere Bangla National Stadium, Mirpur",2,0.7,Sylhet Royals,Duronto Rajshahi,Kamran Akmal,PD Trego,Mohammad Sami,0,0,,,,,,,,,
551068,2011/12,2012-02-24,"Shere Bangla National Stadium, Mirpur",2,1.1,Sylhet Royals,Duronto Rajshahi,PD Trego,Kamran Akmal,Monir Hossain,1,0,,,,,,,,,
551068,2011/12,2012-02-24,"Shere Bangla National Stadium, Mirpur",2,1.2,Sylhet Royals,Duronto Rajshahi,Kamran Akmal,PD Trego,Monir Hossain,0,0,,,,,,,,,
551068,2011/12,2012-02-24,"Shere Bangla National Stadium, Mirpur",2,1.3,Sylhet Royals,Duronto Rajshahi,Kamran Akmal,PD Trego,Monir Hossain,1,0,,,,,,,,,
551068,2011/12,2012-02-24,"Shere Bangla National Stadium, Mirpur",2,1.4,Sylhet Royals,Duronto Rajshahi,PD Trego,Kamran Akmal,Monir Hossain,0,0,,,,,,,,,
551068,2011/12,2012-02-24,"Shere Bangla National Stadium, Mirpur",2,1.5,Sylhet Royals,Duronto Rajshahi,PD Trego,Kamran Akmal,Monir Hossain,0,0,,,,,,,,,
551068,2011/12,2012-02-24,"Shere Bangla National Stadium, Mirpur",2,1.6,Sylhet Royals,Duronto Rajshahi,PD Trego,Kamran Akmal,Monir Hossain,0,0,,,,,,,,,
551068,2011/12,2012-02-24,"Shere Bangla National Stadium, Mirpur",2,2.1,Sylhet Royals,Duronto Rajshahi,Kamran Akmal,PD Trego,Abdul Razzaq,1,0,,,,,,,,,
551068,2011/12,2012-02-24,"Shere Bangla National Stadium, Mirpur",2,2.2,Sylhet Royals,Duronto Rajshahi,PD Trego,Kamran Akmal,Abdul Razzaq,1,0,,,,,,,,,
551068,2011/12,2012-02-24,"Shere Bangla National Stadium, Mirpur",2,2.3,Sylhet Royals,Duronto Rajshahi,Kamran Akmal,PD Trego,Abdul Razzaq,6,0,,,,,,,,,
551068,2011/12,2012-02-24,"Shere Bangla National Stadium, Mirpur",2,2.4,Sylhet Royals,Duronto Rajshahi,Kamran Akmal,PD Trego,Abdul Razzaq,0,0,,,,,,,,,
551068,2011/12,2012-02-24,"Shere Bangla National Stadium, Mirpur",2,2.5,Sylhet Royals,Duronto Rajshahi,Kamran Akmal,PD Trego,Abdul Razzaq,4,0,,,,,,,,,
551068,2011/12,2012-02-24,"Shere Bangla National Stadium, Mirpur",2,2.6,Sylhet Royals,Duronto Rajshahi,Kamran Akmal,PD Trego,Abdul Razzaq,0,0,,,,,,,,,
551068,2011/12,2012-02-24,"Shere Bangla National Stadium, Mirpur",2,3.1,Sylhet Royals,Duronto Rajshahi,PD Trego,Kamran Akmal,Monir Hossain,0,0,,,,,,,,,
551068,2011/12,2012-02-24,"Shere Bangla National Stadium, Mirpur",2,3.2,Sylhet Royals,Duronto Rajshahi,PD Trego,Kamran Akmal,Monir Hossain,0,0,,,,,,,,,
551068,2011/12,2012-02-24,"Shere Bangla National Stadium, Mirpur",2,3.3,Sylhet Royals,Duronto Rajshahi,PD Trego,Kamran Akmal,Monir Hossain,1,0,,,,,,,,,
551068,2011/12,2012-02-24,"Shere Bangla National Stadium, Mirpur",2,3.4,Sylhet Royals,Duronto Rajshahi,Kamran Akmal,PD Trego,Monir Hossain,0,0,,,,,,,,,
551068,2011/12,2012-02-24,"Shere Bangla National Stadium, Mirpur",2,3.5,Sylhet Royals,Duronto Rajshahi,Kamran Akmal,PD Trego,Monir Hossain,0,0,,,,,,,,,
551068,2011/12,2012-02-24,"Shere Bangla National Stadium, Mirpur",2,3.6,Sylhet Royals,Duronto Rajshahi,Kamran Akmal,PD Trego,Monir Hossain,0,1,1,,,,,,,,
551068,2011/12,2012-02-24,"Shere Bangla National Stadium, Mirpur",2,3.7,Sylhet Royals,Duronto Rajshahi,Kamran Akmal,PD Trego,Monir Hossain,4,0,,,,,,,,,
551068,2011/12,2012-02-24,"Shere Bangla National Stadium, Mirpur",2,4.1,Sylhet Royals,Duronto Rajshahi,PD Trego,Kamran Akmal,Saqlain Sajib,2,0,,,,,,,,,
551068,2011/12,2012-02-24,"Shere Bangla National Stadium, Mirpur",2,4.2,Sylhet Royals,Duronto Rajshahi,PD Trego,Kamran Akmal,Saqlain Sajib,2,0,,,,,,,,,
551068,2011/12,2012-02-24,"Shere Bangla National Stadium, Mirpur",2,4.3,Sylhet Royals,Duronto Rajshahi,PD Trego,Kamran Akmal,Saqlain Sajib,4,0,,,,,,,,,
551068,2011/12,2012-02-24,"Shere Bangla National Stadium, Mirpur",2,4.4,Sylhet Royals,Duronto Rajshahi,PD Trego,Kamran Akmal,Saqlain Sajib,0,0,,,,,,,,,
551068,2011/12,2012-02-24,"Shere Bangla National Stadium, Mirpur",2,4.5,Sylhet Royals,Duronto Rajshahi,PD Trego,Kamran Akmal,Saqlain Sajib,0,0,,,,,,,,,
551068,2011/12,2012-02-24,"Shere Bangla National Stadium, Mirpur",2,4.6,Sylhet Royals,Duronto Rajshahi,PD Trego,Kamran Akmal,Saqlain Sajib,1,0,,,,,,,,,
551068,2011/12,2012-02-24,"Shere Bangla National Stadium, Mirpur",2,5.1,Sylhet Royals,Duronto Rajshahi,PD Trego,Kamran Akmal,Monir Hossain,4,0,,,,,,,,,
551068,2011/12,2012-02-24,"Shere Bangla National Stadium, Mirpur",2,5.2,Sylhet Royals,Duronto Rajshahi,PD Trego,Kamran Akmal,Monir Hossain,1,0,,,,,,,,,
551068,2011/12,2012-02-24,"Shere Bangla National Stadium, Mirpur",2,5.3,Sylhet Royals,Duronto Rajshahi,Kamran Akmal,PD Trego,Monir Hossain,0,0,,,,,,,,,
551068,2011/12,2012-02-24,"Shere Bangla National Stadium, Mirpur",2,5.4,Sylhet Royals,Duronto Rajshahi,Kamran Akmal,PD Trego,Monir Hossain,0,0,,,,,,,,,
551068,2011/12,2012-02-24,"Shere Bangla National Stadium, Mirpur",2,5.5,Sylhet Royals,Duronto Rajshahi,Kamran Akmal,PD Trego,Monir Hossain,0,0,,,,,,,,,
551068,2011/12,2012-02-24,"Shere Bangla National Stadium, Mirpur",2,5.6,Sylhet Royals,Duronto Rajshahi,Kamran Akmal,PD Trego,Monir Hossain,4,0,,,,,,,,,
551068,2011/12,2012-02-24,"Shere Bangla National Stadium, Mirpur",2,6.1,Sylhet Royals,Duronto Rajshahi,PD Trego,Kamran Akmal,MN Samuels,0,0,,,,,,,,,
551068,2011/12,2012-02-24,"Shere Bangla National Stadium, Mirpur",2,6.2,Sylhet Royals,Duronto Rajshahi,PD Trego,Kamran Akmal,MN Samuels,1,0,,,,,,,,,
551068,2011/12,2012-02-24,"Shere Bangla National Stadium, Mirpur",2,6.3,Sylhet Royals,Duronto Rajshahi,Kamran Akmal,PD Trego,MN Samuels,0,0,,,,,,,,,
551068,2011/12,2012-02-24,"Shere Bangla National Stadium, Mirpur",2,6.4,Sylhet Royals,Duronto Rajshahi,Kamran Akmal,PD Trego,MN Samuels,1,0,,,,,,,,,
551068,2011/12,2012-02-24,"Shere Bangla National Stadium, Mirpur",2,6.5,Sylhet Royals,Duronto Rajshahi,PD Trego,Kamran Akmal,MN Samuels,1,0,,,,,,,,,
551068,2011/12,2012-02-24,"Shere Bangla National Stadium, Mirpur",2,6.6,Sylhet Royals,Duronto Rajshahi,Kamran Akmal,PD Trego,MN Samuels,0,0,,,,,,,,,
551068,2011/12,2012-02-24,"Shere Bangla National Stadium, Mirpur",2,7.1,Sylhet Royals,Duronto Rajshahi,PD Trego,Kamran Akmal,Saqlain Sajib,4,0,,,,,,,,,
551068,2011/12,2012-02-24,"Shere Bangla National Stadium, Mirpur",2,7.2,Sylhet Royals,Duronto Rajshahi,PD Trego,Kamran Akmal,Saqlain Sajib,0,0,,,,,,caught,PD Trego,,
551068,2011/12,2012-02-24,"Shere Bangla National Stadium, Mirpur",2,7.3,Sylhet Royals,Duronto Rajshahi,TL Maynard,Kamran Akmal,Saqlain Sajib,0,0,,,,,,,,,
551068,2011/12,2012-02-24,"Shere Bangla National Stadium, Mirpur",2,7.4,Sylhet Royals,Duronto Rajshahi,TL Maynard,Kamran Akmal,Saqlain Sajib,0,0,,,,,,,,,
551068,2011/12,2012-02-24,"Shere Bangla National Stadium, Mirpur",2,7.5,Sylhet Royals,Duronto Rajshahi,TL Maynard,Kamran Akmal,Saqlain Sajib,0,0,,,,,,,,,
551068,2011/12,2012-02-24,"Shere Bangla National Stadium, Mirpur",2,7.6,Sylhet Royals,Duronto Rajshahi,TL Maynard,Kamran Akmal,Saqlain Sajib,1,0,,,,,,,,,
551068,2011/12,2012-02-24,"Shere Bangla National Stadium, Mirpur",2,8.1,Sylhet Royals,Duronto Rajshahi,TL Maynard,Kamran Akmal,MN Samuels,1,0,,,,,,,,,
551068,2011/12,2012-02-24,"Shere Bangla National Stadium, Mirpur",2,8.2,Sylhet Royals,Duronto Rajshahi,Kamran Akmal,TL Maynard,MN Samuels,2,0,,,,,,,,,
551068,2011/12,2012-02-24,"Shere Bangla National Stadium, Mirpur",2,8.3,Sylhet Royals,Duronto Rajshahi,Kamran Akmal,TL Maynard,MN Samuels,4,0,,,,,,,,,
551068,2011/12,2012-02-24,"Shere Bangla National Stadium, Mirpur",2,8.4,Sylhet Royals,Duronto Rajshahi,Kamran Akmal,TL Maynard,MN Samuels,2,0,,,,,,,,,
551068,2011/12,2012-02-24,"Shere Bangla National Stadium, Mirpur",2,8.5,Sylhet Royals,Duronto Rajshahi,Kamran Akmal,TL Maynard,MN Samuels,1,0,,,,,,,,,
551068,2011/12,2012-02-24,"Shere Bangla National Stadium, Mirpur",2,8.6,Sylhet Royals,Duronto Rajshahi,TL Maynard,Kamran Akmal,MN Samuels,1,0,,,,,,,,,
551068,2011/12,2012-02-24,"Shere Bangla National Stadium, Mirpur",2,9.1,Sylhet Royals,Duronto Rajshahi,TL Maynard,Kamran Akmal,Saqlain Sajib,1,0,,,,,,,,,
551068,2011/12,2012-02-24,"Shere Bangla National Stadium, Mirpur",2,9.2,Sylhet Royals,Duronto Rajshahi,Kamran Akmal,TL Maynard,Saqlain Sajib,3,0,,,,,,,,,
551068,2011/12,2012-02-24,"Shere Bangla National Stadium, Mirpur",2,9.3,Sylhet Royals,Duronto Rajshahi,TL Maynard,Kamran Akmal,Saqlain Sajib,0,0,,,,,,,,,
551068,2011/12,2012-02-24,"Shere Bangla National Stadium, Mirpur",2,9.4,Sylhet Royals,Duronto Rajshahi,TL Maynard,Kamran Akmal,Saqlain Sajib,0,0,,,,,,,,,
551068,2011/12,2012-02-24,"Shere Bangla National Stadium, Mirpur",2,9.5,Sylhet Royals,Duronto Rajshahi,TL Maynard,Kamran Akmal,Saqlain Sajib,0,0,,,,,,,,,
551068,2011/12,2012-02-24,"Shere Bangla National Stadium, Mirpur",2,9.6,Sylhet Royals,Duronto Rajshahi,TL Maynard,Kamran Akmal,Saqlain Sajib,1,0,,,,,,,,,
551068,2011/12,2012-02-24,"Shere Bangla National Stadium, Mirpur",2,10.1,Sylhet Royals,Duronto Rajshahi,TL Maynard,Kamran Akmal,Muktar Ali,2,0,,,,,,,,,
551068,2011/12,2012-02-24,"Shere Bangla National Stadium, Mirpur",2,10.2,Sylhet Royals,Duronto Rajshahi,TL Maynard,Kamran Akmal,Muktar Ali,2,0,,,,,,,,,
551068,2011/12,2012-02-24,"Shere Bangla National Stadium, Mirpur",2,10.3,Sylhet Royals,Duronto Rajshahi,TL Maynard,Kamran Akmal,Muktar Ali,0,0,,,,,,,,,
551068,2011/12,2012-02-24,"Shere Bangla National Stadium, Mirpur",2,10.4,Sylhet Royals,Duronto Rajshahi,TL Maynard,Kamran Akmal,Muktar Ali,1,0,,,,,,,,,
551068,2011/12,2012-02-24,"Shere Bangla National Stadium, Mirpur",2,10.5,Sylhet Royals,Duronto Rajshahi,Kamran Akmal,TL Maynard,Muktar Ali,6,0,,,,,,,,,
551068,2011/12,2012-02-24,"Shere Bangla National Stadium, Mirpur",2,10.6,Sylhet Royals,Duronto Rajshahi,Kamran Akmal,TL Maynard,Muktar Ali,1,0,,,,,,,,,
551068,2011/12,2012-02-24,"Shere Bangla National Stadium, Mirpur",2,11.1,Sylhet Royals,Duronto Rajshahi,Kamran Akmal,TL Maynard,Saqlain Sajib,0,0,,,,,,,,,
551068,2011/12,2012-02-24,"Shere Bangla National Stadium, Mirpur",2,11.2,Sylhet Royals,Duronto Rajshahi,Kamran Akmal,TL Maynard,Saqlain Sajib,1,0,,,,,,,,,
551068,2011/12,2012-02-24,"Shere Bangla National Stadium, Mirpur",2,11.3,Sylhet Royals,Duronto Rajshahi,TL Maynard,Kamran Akmal,Saqlain Sajib,1,0,,,,,,,,,
551068,2011/12,2012-02-24,"Shere Bangla National Stadium, Mirpur",2,11.4,Sylhet Royals,Duronto Rajshahi,Kamran Akmal,TL Maynard,Saqlain Sajib,0,0,,,,,,,,,
551068,2011/12,2012-02-24,"Shere Bangla National Stadium, Mirpur",2,11.5,Sylhet Royals,Duronto Rajshahi,Kamran Akmal,TL Maynard,Saqlain Sajib,0,0,,,,,,,,,
551068,2011/12,2012-02-24,"Shere Bangla National Stadium, Mirpur",2,11.6,Sylhet Royals,Duronto Rajshahi,Kamran Akmal,TL Maynard,Saqlain Sajib,1,0,,,,,,,,,
551068,2011/12,2012-02-24,"Shere Bangla National Stadium, Mirpur",2,12.1,Sylhet Royals,Duronto Rajshahi,Kamran Akmal,TL Maynard,Mohammad Sami,4,0,,,,,,,,,
551068,2011/12,2012-02-24,"Shere Bangla National Stadium, Mirpur",2,12.2,Sylhet Royals,Duronto Rajshahi,Kamran Akmal,TL Maynard,Mohammad Sami,0,0,,,,,,,,,
551068,2011/12,2012-02-24,"Shere Bangla National Stadium, Mirpur",2,12.3,Sylhet Royals,Duronto Rajshahi,Kamran Akmal,TL Maynard,Mohammad Sami,6,0,,,,,,,,,
551068,2011/12,2012-02-24,"Shere Bangla National Stadium, Mirpur",2,12.4,Sylhet Royals,Duronto Rajshahi,Kamran Akmal,TL Maynard,Mohammad Sami,0,0,,,,,,,,,
551068,2011/12,2012-02-24,"Shere Bangla National Stadium, Mirpur",2,12.5,Sylhet Royals,Duronto Rajshahi,Kamran Akmal,TL Maynard,Mohammad Sami,1,0,,,,,,,,,
551068,2011/12,2012-02-24,"Shere Bangla National Stadium, Mirpur",2,12.6,Sylhet Royals,Duronto Rajshahi,TL Maynard,Kamran Akmal,Mohammad Sami,1,0,,,,,,,,,
551068,2011/12,2012-02-24,"Shere Bangla National Stadium, Mirpur",2,13.1,Sylhet Royals,Duronto Rajshahi,TL Maynard,Kamran Akmal,Monir Hossain,1,0,,,,,,,,,
551068,2011/12,2012-02-24,"Shere Bangla National Stadium, Mirpur",2,13.2,Sylhet Royals,Duronto Rajshahi,Kamran Akmal,TL Maynard,Monir Hossain,2,0,,,,,,,,,
551068,2011/12,2012-02-24,"Shere Bangla National Stadium, Mirpur",2,13.3,Sylhet Royals,Duronto Rajshahi,Kamran Akmal,TL Maynard,Monir Hossain,1,0,,,,,,,,,
551068,2011/12,2012-02-24,"Shere Bangla National Stadium, Mirpur",2,13.4,Sylhet Royals,Duronto Rajshahi,TL Maynard,Kamran Akmal,Monir Hossain,1,0,,,,,,,,,
551068,2011/12,2012-02-24,"Shere Bangla National Stadium, Mirpur",2,13.5,Sylhet Royals,Duronto Rajshahi,Kamran Akmal,TL Maynard,Monir Hossain,0,0,,,,,,,,,
551068,2011/12,2012-02-24,"Shere Bangla National Stadium, Mirpur",2,13.6,Sylhet Royals,Duronto Rajshahi,Kamran Akmal,TL Maynard,Monir Hossain,1,0,,,,,,,,,
551068,2011/12,2012-02-24,"Shere Bangla National Stadium, Mirpur",2,14.1,Sylhet Royals,Duronto Rajshahi,Kamran Akmal,TL Maynard,Mohammad Sami,2,0,,,,,,,,,
551068,2011/12,2012-02-24,"Shere Bangla National Stadium, Mirpur",2,14.2,Sylhet Royals,Duronto Rajshahi,Kamran Akmal,TL Maynard,Mohammad Sami,1,0,,,,,,,,,
551068,2011/12,2012-02-24,"Shere Bangla National Stadium, Mirpur",2,14.3,Sylhet Royals,Duronto Rajshahi,TL Maynard,Kamran Akmal,Mohammad Sami,0,1,1,,,,,,,,
551068,2011/12,2012-02-24,"Shere Bangla National Stadium, Mirpur",2,14.4,Sylhet Royals,Duronto Rajshahi,TL Maynard,Kamran Akmal,Mohammad Sami,0,0,,,,,,,,,
551068,2011/12,2012-02-24,"Shere Bangla National Stadium, Mirpur",2,14.5,Sylhet Royals,Duronto Rajshahi,TL Maynard,Kamran Akmal,Mohammad Sami,1,0,,,,,,,,,
551068,2011/12,2012-02-24,"Shere Bangla National Stadium, Mirpur",2,14.6,Sylhet Royals,Duronto Rajshahi,Kamran Akmal,TL Maynard,Mohammad Sami,1,0,,,,,,,,,
551068,2011/12,2012-02-24,"Shere Bangla National Stadium, Mirpur",2,14.7,Sylhet Royals,Duronto Rajshahi,TL Maynard,Kamran Akmal,Mohammad Sami,4,0,,,,,,,,,
551068,2011/12,2012-02-24,"Shere Bangla National Stadium, Mirpur",2,15.1,Sylhet Royals,Duronto Rajshahi,Kamran Akmal,TL Maynard,Sabbir Rahman,1,0,,,,,,,,,
551068,2011/12,2012-02-24,"Shere Bangla National Stadium, Mirpur",2,15.2,Sylhet Royals,Duronto Rajshahi,TL Maynard,Kamran Akmal,Sabbir Rahman,1,0,,,,,,,,,
551068,2011/12,2012-02-24,"Shere Bangla National Stadium, Mirpur",2,15.3,Sylhet Royals,Duronto Rajshahi,Kamran Akmal,TL Maynard,Sabbir Rahman,1,0,,,,,,,,,
551068,2011/12,2012-02-24,"Shere Bangla National Stadium, Mirpur",2,15.4,Sylhet Royals,Duronto Rajshahi,TL Maynard,Kamran Akmal,Sabbir Rahman,1,0,,,,,,,,,
551068,2011/12,2012-02-24,"Shere Bangla National Stadium, Mirpur",2,15.5,Sylhet Royals,Duronto Rajshahi,Kamran Akmal,TL Maynard,Sabbir Rahman,0,0,,,,,,,,,
551068,2011/12,2012-02-24,"Shere Bangla National Stadium, Mirpur",2,15.6,Sylhet Royals,Duronto Rajshahi,Kamran Akmal,TL Maynard,Sabbir Rahman,0,0,,,,,,,,,
551068,2011/12,2012-02-24,"Shere Bangla National Stadium, Mirpur",2,16.1,Sylhet Royals,Duronto Rajshahi,TL Maynard,Kamran Akmal,MN Samuels,1,0,,,,,,,,,
551068,2011/12,2012-02-24,"Shere Bangla National Stadium, Mirpur",2,16.2,Sylhet Royals,Duronto Rajshahi,Kamran Akmal,TL Maynard,MN Samuels,4,0,,,,,,,,,
551068,2011/12,2012-02-24,"Shere Bangla National Stadium, Mirpur",2,16.3,Sylhet Royals,Duronto Rajshahi,Kamran Akmal,TL Maynard,MN Samuels,4,0,,,,,,,,,
