match_id,season,start_date,venue,innings,ball,batting_team,bowling_team,striker,non_striker,bowler,runs_off_bat,extras,wides,noballs,byes,legbyes,penalty,wicket_type,player_dismissed,other_wicket_type,other_player_dismissed
551057,2011/12,2012-02-16,"Shere Bangla National Stadium, Mirpur",1,0.1,Barisal Burners,Chittagong Kings,Ahmed Shehzad,CH Gayle,DJ Bravo,1,0,,,,,,,,,
551057,2011/12,2012-02-16,"Shere Bangla National Stadium, Mirpur",1,0.2,Barisal Burners,Chittagong Kings,CH Gayle,Ahmed Shehzad,DJ Bravo,0,0,,,,,,,,,
551057,2011/12,2012-02-16,"Shere Bangla National Stadium, Mirpur",1,0.3,Barisal Burners,Chittagong Kings,CH Gayle,Ahmed Shehzad,DJ Bravo,6,0,,,,,,,,,
551057,2011/12,2012-02-16,"Shere Bangla National Stadium, Mirpur",1,0.4,Barisal Burners,Chittagong Kings,CH Gayle,Ahmed Shehzad,DJ Bravo,0,0,,,,,,,,,
551057,2011/12,2012-02-16,"Shere Bangla National Stadium, Mirpur",1,0.5,Barisal Burners,Chittagong Kings,CH Gayle,Ahmed Shehzad,DJ Bravo,4,0,,,,,,,,,
551057,2011/12,2012-02-16,"Shere Bangla National Stadium, Mirpur",1,0.6,Barisal Burners,Chittagong Kings,CH Gayle,Ahmed Shehzad,DJ Bravo,0,1,1,,,,,,,,
551057,2011/12,2012-02-16,"Shere Bangla National Stadium, Mirpur",1,0.7,Barisal Burners,Chittagong Kings,CH Gayle,Ahmed Shehzad,DJ Bravo,0,0,,,,,,,,,
551057,2011/12,2012-02-16,"Shere Bangla National Stadium, Mirpur",1,1.1,Barisal Burners,Chittagong Kings,Ahmed Shehzad,CH Gayle,Farhad Reza,0,0,,,,,,,,,
551057,2011/12,2012-02-16,"Shere Bangla National Stadium, Mirpur",1,1.2,Barisal Burners,Chittagong Kings,Ahmed Shehzad,CH Gayle,Farhad Reza,1,0,,,,,,,,,
551057,2011/12,2012-02-16,"Shere Bangla National Stadium, Mirpur",1,1.3,Barisal Burners,Chittagong Kings,CH Gayle,Ahmed Shehzad,Farhad Reza,0,0,,,,,,,,,
551057,2011/12,2012-02-16,"Shere Bangla National Stadium, Mirpur",1,1.4,Barisal Burners,Chittagong Kings,CH Gayle,Ahmed Shehzad,Farhad Reza,0,0,,,,,,,,,
551057,2011/12,2012-02-16,"Shere Bangla National Stadium, Mirpur",1,1.5,Barisal Burners,Chittagong Kings,CH Gayle,Ahmed Shehzad,Farhad Reza,0,0,,,,,,,,,
551057,2011/12,2012-02-16,"Shere Bangla National Stadium, Mirpur",1,1.6,Barisal Burners,Chittagong Kings,CH Gayle,Ahmed Shehzad,Farhad Reza,1,0,,,,,,,,,
551057,2011/12,2012-02-16,"Shere Bangla National Stadium, Mirpur",1,2.1,Barisal Burners,Chittagong Kings,CH Gayle,Ahmed Shehzad,DJ Bravo,4,0,,,,,,,,,
551057,2011/12,2012-02-16,"Shere Bangla National Stadium, Mirpur",1,2.2,Barisal Burners,Chittagong Kings,CH Gayle,Ahmed Shehzad,DJ Bravo,0,0,,,,,,,,,
551057,2011/12,2012-02-16,"Shere Bangla National Stadium, Mirpur",1,2.3,Barisal Burners,Chittagong Kings,CH Gayle,Ahmed Shehzad,DJ Bravo,2,0,,,,,,,,,
551057,2011/12,2012-02-16,"Shere Bangla National Stadium, Mirpur",1,2.4,Barisal Burners,Chittagong Kings,CH Gayle,Ahmed Shehzad,DJ Bravo,6,0,,,,,,,,,
551057,2011/12,2012-02-16,"Shere Bangla National Stadium, Mirpur",1,2.5,Barisal Burners,Chittagong Kings,CH Gayle,Ahmed Shehzad,DJ Bravo,6,0,,,,,,,,,
551057,2011/12,2012-02-16,"Shere Bangla National Stadium, Mirpur",1,2.6,Barisal Burners,Chittagong Kings,CH Gayle,Ahmed Shehzad,DJ Bravo,0,0,,,,,,,,,
551057,2011/12,2012-02-16,"Shere Bangla National Stadium, Mirpur",1,3.1,Barisal Burners,Chittagong Kings,Ahmed Shehzad,CH Gayle,Farhad Reza,1,0,,,,,,,,,
551057,2011/12,2012-02-16,"Shere Bangla National Stadium, Mirpur",1,3.2,Barisal Burners,Chittagong Kings,CH Gayle,Ahmed Shehzad,Farhad Reza,1,0,,,,,,retired hurt,CH Gayle,,
551057,2011/12,2012-02-16,"Shere Bangla National Stadium, Mirpur",1,3.3,Barisal Burners,Chittagong Kings,Ahmed Shehzad,Mohammad Mithun,Farhad Reza,0,1,,,,1,,,,,
551057,2011/12,2012-02-16,"Shere Bangla National Stadium, Mirpur",1,3.4,Barisal Burners,Chittagong Kings,Mohammad Mithun,Ahmed Shehzad,Farhad Reza,0,0,,,,,,,,,
551057,2011/12,2012-02-16,"Shere Bangla National Stadium, Mirpur",1,3.5,Barisal Burners,Chittagong Kings,Mohammad Mithun,Ahmed Shehzad,Farhad Reza,4,0,,,,,,,,,
551057,2011/12,2012-02-16,"Shere Bangla National Stadium, Mirpur",1,3.6,Barisal Burners,Chittagong Kings,Mohammad Mithun,Ahmed Shehzad,Farhad Reza,0,0,,,,,,,,,
551057,2011/12,2012-02-16,"Shere Bangla National Stadium, Mirpur",1,4.1,Barisal Burners,Chittagong Kings,Ahmed Shehzad,Mohammad Mithun,Arafat Sunny,0,0,,,,,,,,,
551057,2011/12,2012-02-16,"Shere Bangla National Stadium, Mirpur",1,4.2,Barisal Burners,Chittagong Kings,Ahmed Shehzad,Mohammad Mithun,Arafat Sunny,4,0,,,,,,,,,
551057,2011/12,2012-02-16,"Shere Bangla National Stadium, Mirpur",1,4.3,Barisal Burners,Chittagong Kings,Ahmed Shehzad,Mohammad Mithun,Arafat Sunny,0,0,,,,,,caught,Ahmed Shehzad,,
551057,2011/12,2012-02-16,"Shere Bangla National Stadium, Mirpur",1,4.4,Barisal Burners,Chittagong Kings,BJ Hodge,Mohammad Mithun,Arafat Sunny,0,0,,,,,,,,,
551057,2011/12,2012-02-16,"Shere Bangla National Stadium, Mirpur",1,4.5,Barisal Burners,Chittagong Kings,BJ Hodge,Mohammad Mithun,Arafat Sunny,0,0,,,,,,,,,
551057,2011/12,2012-02-16,"Shere Bangla National Stadium, Mirpur",1,4.6,Barisal Burners,Chittagong Kings,BJ Hodge,Mohammad Mithun,Arafat Sunny,0,0,,,,,,,,,
551057,2011/12,2012-02-16,"Shere Bangla National Stadium, Mirpur",1,5.1,Barisal Burners,Chittagong Kings,Mohammad Mithun,BJ Hodge,KK Cooper,1,0,,,,,,,,,
551057,2011/12,2012-02-16,"Shere Bangla National Stadium, Mirpur",1,5.2,Barisal Burners,Chittagong Kings,BJ Hodge,Mohammad Mithun,KK Cooper,1,0,,,,,,,,,
551057,2011/12,2012-02-16,"Shere Bangla National Stadium, Mirpur",1,5.3,Barisal Burners,Chittagong Kings,Mohammad Mithun,BJ Hodge,KK Cooper,0,0,,,,,,,,,
551057,2011/12,2012-02-16,"Shere Bangla National Stadium, Mirpur",1,5.4,Barisal Burners,Chittagong Kings,Mohammad Mithun,BJ Hodge,KK Cooper,1,0,,,,,,,,,
551057,2011/12,2012-02-16,"Shere Bangla National Stadium, Mirpur",1,5.5,Barisal Burners,Chittagong Kings,BJ Hodge,Mohammad Mithun,KK Cooper,0,0,,,,,,,,,
551057,2011/12,2012-02-16,"Shere Bangla National Stadium, Mirpur",1,5.6,Barisal Burners,Chittagong Kings,BJ Hodge,Mohammad Mithun,KK Cooper,1,0,,,,,,,,,
551057,2011/12,2012-02-16,"Shere Bangla National Stadium, Mirpur",1,6.1,Barisal Burners,Chittagong Kings,BJ Hodge,Mohammad Mithun,Arafat Sunny,0,1,,,,1,,,,,
551057,2011/12,2012-02-16,"Shere Bangla National Stadium, Mirpur",1,6.2,Barisal Burners,Chittagong Kings,Mohammad Mithun,BJ Hodge,Arafat Sunny,0,0,,,,,,,,,
551057,2011/12,2012-02-16,"Shere Bangla National Stadium, Mirpur",1,6.3,Barisal Burners,Chittagong Kings,Mohammad Mithun,BJ Hodge,Arafat Sunny,1,0,,,,,,,,,
551057,2011/12,2012-02-16,"Shere Bangla National Stadium, Mirpur",1,6.4,Barisal Burners,Chittagong Kings,BJ Hodge,Mohammad Mithun,Arafat Sunny,1,0,,,,,,,,,
551057,2011/12,2012-02-16,"Shere Bangla National Stadium, Mirpur",1,6.5,Barisal Burners,Chittagong Kings,Mohammad Mithun,BJ Hodge,Arafat Sunny,1,0,,,,,,,,,
551057,2011/12,2012-02-16,"Shere Bangla National Stadium, Mirpur",1,6.6,Barisal Burners,Chittagong Kings,BJ Hodge,Mohammad Mithun,Arafat Sunny,0,0,,,,,,,,,
551057,2011/12,2012-02-16,"Shere Bangla National Stadium, Mirpur",1,7.1,Barisal Burners,Chittagong Kings,Mohammad Mithun,BJ Hodge,Enamul Haque jnr,0,0,,,,,,caught,Mohammad Mithun,,
551057,2011/12,2012-02-16,"Shere Bangla National Stadium, Mirpur",1,7.2,Barisal Burners,Chittagong Kings,Mominul Haque,BJ Hodge,Enamul Haque jnr,0,0,,,,,,,,,
551057,2011/12,2012-02-16,"Shere Bangla National Stadium, Mirpur",1,7.3,Barisal Burners,Chittagong Kings,Mominul Haque,BJ Hodge,Enamul Haque jnr,2,0,,,,,,,,,
551057,2011/12,2012-02-16,"Shere Bangla National Stadium, Mirpur",1,7.4,Barisal Burners,Chittagong Kings,Mominul Haque,BJ Hodge,Enamul Haque jnr,0,0,,,,,,,,,
551057,2011/12,2012-02-16,"Shere Bangla National Stadium, Mirpur",1,7.5,Barisal Burners,Chittagong Kings,Mominul Haque,BJ Hodge,Enamul Haque jnr,1,0,,,,,,,,,
551057,2011/12,2012-02-16,"Shere Bangla National Stadium, Mirpur",1,7.6,Barisal Burners,Chittagong Kings,BJ Hodge,Mominul Haque,Enamul Haque jnr,1,0,,,,,,,,,
551057,2011/12,2012-02-16,"Shere Bangla National Stadium, Mirpur",1,8.1,Barisal Burners,Chittagong Kings,BJ Hodge,Mominul Haque,Arafat Sunny,2,0,,,,,,,,,
551057,2011/12,2012-02-16,"Shere Bangla National Stadium, Mirpur",1,8.2,Barisal Burners,Chittagong Kings,BJ Hodge,Mominul Haque,Arafat Sunny,1,0,,,,,,,,,
551057,2011/12,2012-02-16,"Shere Bangla National Stadium, Mirpur",1,8.3,Barisal Burners,Chittagong Kings,Mominul Haque,BJ Hodge,Arafat Sunny,0,0,,,,,,,,,
551057,2011/12,2012-02-16,"Shere Bangla National Stadium, Mirpur",1,8.4,Barisal Burners,Chittagong Kings,Mominul Haque,BJ Hodge,Arafat Sunny,0,0,,,,,,,,,
551057,2011/12,2012-02-16,"Shere Bangla National Stadium, Mirpur",1,8.5,Barisal Burners,Chittagong Kings,Mominul Haque,BJ Hodge,Arafat Sunny,1,0,,,,,,,,,
551057,2011/12,2012-02-16,"Shere Bangla National Stadium, Mirpur",1,8.6,Barisal Burners,Chittagong Kings,BJ Hodge,Mominul Haque,Arafat Sunny,6,0,,,,,,,,,
551057,2011/12,2012-02-16,"Shere Bangla National Stadium, Mirpur",1,9.1,Barisal Burners,Chittagong Kings,Mominul Haque,BJ Hodge,M Muralitharan,0,0,,,,,,,,,
551057,2011/12,2012-02-16,"Shere Bangla National Stadium, Mirpur",1,9.2,Barisal Burners,Chittagong Kings,Mominul Haque,BJ Hodge,M Muralitharan,0,0,,,,,,,,,
551057,2011/12,2012-02-16,"Shere Bangla National Stadium, Mirpur",1,9.3,Barisal Burners,Chittagong Kings,Mominul Haque,BJ Hodge,M Muralitharan,0,0,,,,,,,,,
551057,2011/12,2012-02-16,"Shere Bangla National Stadium, Mirpur",1,9.4,Barisal Burners,Chittagong Kings,Mominul Haque,BJ Hodge,M Muralitharan,0,0,,,,,,,,,
551057,2011/12,2012-02-16,"Shere Bangla National Stadium, Mirpur",1,9.5,Barisal Burners,Chittagong Kings,Mominul Haque,BJ Hodge,M Muralitharan,0,0,,,,,,,,,
551057,2011/12,2012-02-16,"Shere Bangla National Stadium, Mirpur",1,9.6,Barisal Burners,Chittagong Kings,Mominul Haque,BJ Hodge,M Muralitharan,0,0,,,,,,,,,
551057,2011/12,2012-02-16,"Shere Bangla National Stadium, Mirpur",1,10.1,Barisal Burners,Chittagong Kings,BJ Hodge,Mominul Haque,Enamul Haque jnr,1,0,,,,,,,,,
551057,2011/12,2012-02-16,"Shere Bangla National Stadium, Mirpur",1,10.2,Barisal Burners,Chittagong Kings,Mominul Haque,BJ Hodge,Enamul Haque jnr,6,0,,,,,,,,,
551057,2011/12,2012-02-16,"Shere Bangla National Stadium, Mirpur",1,10.3,Barisal Burners,Chittagong Kings,Mominul Haque,BJ Hodge,Enamul Haque jnr,0,0,,,,,,caught,Mominul Haque,,
551057,2011/12,2012-02-16,"Shere Bangla National Stadium, Mirpur",1,10.4,Barisal Burners,Chittagong Kings,BJ Hodge,Alauddin Babu,Enamul Haque jnr,1,0,,,,,,,,,
551057,2011/12,2012-02-16,"Shere Bangla National Stadium, Mirpur",1,10.5,Barisal Burners,Chittagong Kings,Alauddin Babu,BJ Hodge,Enamul Haque jnr,0,0,,,,,,,,,
551057,2011/12,2012-02-16,"Shere Bangla National Stadium, Mirpur",1,10.6,Barisal Burners,Chittagong Kings,Alauddin Babu,BJ Hodge,Enamul Haque jnr,0,0,,,,,,,,,
551057,2011/12,2012-02-16,"Shere Bangla National Stadium, Mirpur",1,11.1,Barisal Burners,Chittagong Kings,BJ Hodge,Alauddin Babu,M Muralitharan,0,0,,,,,,,,,
551057,2011/12,2012-02-16,"Shere Bangla National Stadium, Mirpur",1,11.2,Barisal Burners,Chittagong Kings,BJ Hodge,Alauddin Babu,M Muralitharan,6,0,,,,,,,,,
551057,2011/12,2012-02-16,"Shere Bangla National Stadium, Mirpur",1,11.3,Barisal Burners,Chittagong Kings,BJ Hodge,Alauddin Babu,M Muralitharan,0,0,,,,,,,,,
551057,2011/12,2012-02-16,"Shere Bangla National Stadium, Mirpur",1,11.4,Barisal Burners,Chittagong Kings,BJ Hodge,Alauddin Babu,M Muralitharan,0,0,,,,,,,,,
551057,2011/12,2012-02-16,"Shere Bangla National Stadium, Mirpur",1,11.5,Barisal Burners,Chittagong Kings,BJ Hodge,Alauddin Babu,M Muralitharan,0,0,,,,,,,,,
551057,2011/12,2012-02-16,"Shere Bangla National Stadium, Mirpur",1,11.6,Barisal Burners,Chittagong Kings,BJ Hodge,Alauddin Babu,M Muralitharan,0,0,,,,,,,,,
551057,2011/12,2012-02-16,"Shere Bangla National Stadium, Mirpur",1,12.1,Barisal Burners,Chittagong Kings,Alauddin Babu,BJ Hodge,KK Cooper,0,0,,,,,,bowled,Alauddin Babu,,
551057,2011/12,2012-02-16,"Shere Bangla National Stadium, Mirpur",1,12.2,Barisal Burners,Chittagong Kings,Shahriar Nafees,BJ Hodge,KK Cooper,1,0,,,,,,,,,
551057,2011/12,2012-02-16,"Shere Bangla National Stadium, Mirpur",1,12.3,Barisal Burners,Chittagong Kings,BJ Hodge,Shahriar Nafees,KK Cooper,1,0,,,,,,,,,
551057,2011/12,2012-02-16,"Shere Bangla National Stadium, Mirpur",1,12.4,Barisal Burners,Chittagong Kings,Shahriar Nafees,BJ Hodge,KK Cooper,0,0,,,,,,,,,
551057,2011/12,2012-02-16,"Shere Bangla National Stadium, Mirpur",1,12.5,Barisal Burners,Chittagong Kings,Shahriar Nafees,BJ Hodge,KK Cooper,0,0,,,,,,,,,
551057,2011/12,2012-02-16,"Shere Bangla National Stadium, Mirpur",1,12.6,Barisal Burners,Chittagong Kings,Shahriar Nafees,BJ Hodge,KK Cooper,0,0,,,,,,,,,
551057,2011/12,2012-02-16,"Shere Bangla National Stadium, Mirpur",1,13.1,Barisal Burners,Chittagong Kings,BJ Hodge,Shahriar Nafees,Mahmudullah,0,0,,,,,,,,,
551057,2011/12,2012-02-16,"Shere Bangla National Stadium, Mirpur",1,13.2,Barisal Burners,Chittagong Kings,BJ Hodge,Shahriar Nafees,Mahmudullah,0,0,,,,,,,,,
551057,2011/12,2012-02-16,"Shere Bangla National Stadium, Mirpur",1,13.3,Barisal Burners,Chittagong Kings,BJ Hodge,Shahriar Nafees,Mahmudullah,1,0,,,,,,,,,
551057,2011/12,2012-02-16,"Shere Bangla National Stadium, Mirpur",1,13.4,Barisal Burners,Chittagong Kings,Shahriar Nafees,BJ Hodge,Mahmudullah,0,0,,,,,,,,,
551057,2011/12,2012-02-16,"Shere Bangla National Stadium, Mirpur",1,13.5,Barisal Burners,Chittagong Kings,Shahriar Nafees,BJ Hodge,Mahmudullah,1,0,,,,,,,,,
551057,2011/12,2012-02-16,"Shere Bangla National Stadium, Mirpur",1,13.6,Barisal Burners,Chittagong Kings,BJ Hodge,Shahriar Nafees,Mahmudullah,0,1,,,,1,,,,,
551057,2011/12,2012-02-16,"Shere Bangla National Stadium, Mirpur",1,14.1,Barisal Burners,Chittagong Kings,BJ Hodge,Shahriar Nafees,KK Cooper,1,0,,,,,,,,,
551057,2011/12,2012-02-16,"Shere Bangla National Stadium, Mirpur",1,14.2,Barisal Burners,Chittagong Kings,Shahriar Nafees,BJ Hodge,KK Cooper,1,1,,1,,,,,,,
551057,2011/12,2012-02-16,"Shere Bangla National Stadium, Mirpur",1,14.3,Barisal Burners,Chittagong Kings,BJ Hodge,Shahriar Nafees,KK Cooper,1,0,,,,,,,,,
551057,2011/12,2012-02-16,"Shere Bangla National Stadium, Mirpur",1,14.4,Barisal Burners,Chittagong Kings,Shahriar Nafees,BJ Hodge,KK Cooper,1,0,,,,,,,,,
551057,2011/12,2012-02-16,"Shere Bangla National Stadium, Mirpur",1,14.5,Barisal Burners,Chittagong Kings,BJ Hodge,Shahriar Nafees,KK Cooper,0,1,1,,,,,,,,
551057,2011/12,2012-02-16,"Shere Bangla National Stadium, Mirpur",1,14.6,Barisal Burners,Chittagong Kings,BJ Hodge,Shahriar Nafees,KK Cooper,1,0,,,,,,,,,
551057,2011/12,2012-02-16,"Shere Bangla National Stadium, Mirpur",1,14.7,Barisal Burners,Chittagong Kings,Shahriar Nafees,BJ Hodge,KK Cooper,0,0,,,,,,caught,Shahriar Nafees,,
551057,2011/12,2012-02-16,"Shere Bangla National Stadium, Mirpur",1,14.8,Barisal Burners,Chittagong Kings,BJ Hodge,Yasir Arafat,KK Cooper,1,0,,,,,,,,,
551057,2011/12,2012-02-16,"Shere Bangla National Stadium, Mirpur",1,15.1,Barisal Burners,Chittagong Kings,BJ Hodge,Yasir Arafat,Farhad Reza,1,0,,,,,,,,,
551057,2011/12,2012-02-16,"Shere Bangla National Stadium, Mirpur",1,15.2,Barisal Burners,Chittagong Kings,Yasir Arafat,BJ Hodge,Farhad Reza,0,0,,,,,,,,,
551057,2011/12,2012-02-16,"Shere Bangla National Stadium, Mirpur",1,15.3,Barisal Burners,Chittagong Kings,Yasir Arafat,BJ Hodge,Farhad Reza,1,0,,,,,,,,,
551057,2011/12,2012-02-16,"Shere Bangla National Stadium, Mirpur",1,15.4,Barisal Burners,Chittagong Kings,BJ Hodge,Yasir Arafat,Farhad Reza,1,0,,,,,,,,,
551057,2011/12,2012-02-16,"Shere Bangla National Stadium, Mirpur",1,15.5,Barisal Burners,Chittagong Kings,Yasir Arafat,BJ Hodge,Farhad Reza,1,0,,,,,,,,,
551057,2011/12,2012-02-16,"Shere Bangla National Stadium, Mirpur",1,15.6,Barisal Burners,Chittagong Kings,BJ Hodge,Yasir Arafat,Farhad Reza,1,0,,,,,,,,,
551057,2011/12,2012-02-16,"Shere Bangla National Stadium, Mirpur",1,16.1,Barisal Burners,Chittagong Kings,BJ Hodge,Yasir Arafat,DJ Bravo,0,0,,,,,,,,,
551057,2011/12,2012-02-16,"Shere Bangla National Stadium, Mirpur",1,16.2,Barisal Burners,Chittagong Kings,BJ Hodge,Yasir Arafat,DJ Bravo,2,0,,,,,,,,,
551057,2011/12,2012-02-16,"Shere Bangla National Stadium, Mirpur",1,16.3,Barisal Burners,Chittagong Kings,BJ Hodge,Yasir Arafat,DJ Bravo,0,0,,,,,,,,,
551057,2011/12,2012-02-16,"Shere Bangla National Stadium, Mirpur",1,16.4,Barisal Burners,Chittagong Kings,BJ Hodge,Yasir Arafat,DJ Bravo,1,0,,,,,,,,,
551057,2011/12,2012-02-16,"Shere Bangla National Stadium, Mirpur",1,16.5,Barisal Burners,Chittagong Kings,Yasir Arafat,BJ Hodge,DJ Bravo,0,0,,,,,,,,,
551057,2011/12,2012-02-16,"Shere Bangla National Stadium, Mirpur",1,16.6,Barisal Burners,Chittagong Kings,Yasir Arafat,BJ Hodge,DJ Bravo,1,0,,,,,,,,,
551057,2011/12,2012-02-16,"Shere Bangla National Stadium, Mirpur",1,17.1,Barisal Burners,Chittagong Kings,Yasir Arafat,BJ Hodge,KK Cooper,0,0,,,,,,,,,
551057,2011/12,2012-02-16,"Shere Bangla National Stadium, Mirpur",1,17.2,Barisal Burners,Chittagong Kings,Yasir Arafat,BJ Hodge,KK Cooper,0,0,,,,,,,,,
551057,2011/12,2012-02-16,"Shere Bangla National Stadium, Mirpur",1,17.3,Barisal Burners,Chittagong Kings,Yasir Arafat,BJ Hodge,KK Cooper,1,0,,,,,,,,,
551057,2011/12,2012-02-16,"Shere Bangla National Stadium, Mirpur",1,17.4,Barisal Burners,Chittagong Kings,BJ Hodge,Yasir Arafat,KK Cooper,4,0,,,,,,,,,
551057,2011/12,2012-02-16,"Shere Bangla National Stadium, Mirpur",1,17.5,Barisal Burners,Chittagong Kings,BJ Hodge,Yasir Arafat,KK Cooper,1,0,,,,,,,,,
551057,2011/12,2012-02-16,"Shere Bangla National Stadium, Mirpur",1,17.6,Barisal Burners,Chittagong Kings,Yasir Arafat,BJ Hodge,KK Cooper,0,0,,,,,,,,,
551057,2011/12,2012-02-16,"Shere Bangla National Stadium, Mirpur",1,18.1,Barisal Burners,Chittagong Kings,BJ Hodge,Yasir Arafat,DJ Bravo,0,0,,,,,,caught,BJ Hodge,,
551057,2011/12,2012-02-16,"Shere Bangla National Stadium, Mirpur",1,18.2,Barisal Burners,Chittagong Kings,Kabir Ali,Yasir Arafat,DJ Bravo,0,0,,,,,,,,,
551057,2011/12,2012-02-16,"Shere Bangla National Stadium, Mirpur",1,18.3,Barisal Burners,Chittagong Kings,Kabir Ali,Yasir Arafat,DJ Bravo,0,0,,,,,,,,,
551057,2011/12,2012-02-16,"Shere Bangla National Stadium, Mirpur",1,18.4,Barisal Burners,Chittagong Kings,Kabir Ali,Yasir Arafat,DJ Bravo,6,0,,,,,,,,,
551057,2011/12,2012-02-16,"Shere Bangla National Stadium, Mirpur",1,18.5,Barisal Burners,Chittagong Kings,Kabir Ali,Yasir Arafat,DJ Bravo,2,0,,,,,,,,,
551057,2011/12,2012-02-16,"Shere Bangla National Stadium, Mirpur",1,18.6,Barisal Burners,Chittagong Kings,Kabir Ali,Yasir Arafat,DJ Bravo,0,0,,,,,,,,,
551057,2011/12,2012-02-16,"Shere Bangla National Stadium, Mirpur",1,19.1,Barisal Burners,Chittagong Kings,Yasir Arafat,Kabir Ali,Farhad Reza,2,0,,,,,,,,,
551057,2011/12,2012-02-16,"Shere Bangla National Stadium, Mirpur",1,19.2,Barisal Burners,Chittagong Kings,Yasir Arafat,Kabir Ali,Farhad Reza,2,0,,,,,,,,,
551057,2011/12,2012-02-16,"Shere Bangla National Stadium, Mirpur",1,19.3,Barisal Burners,Chittagong Kings,Yasir Arafat,Kabir Ali,Farhad Reza,1,0,,,,,,,,,
551057,2011/12,2012-02-16,"Shere Bangla National Stadium, Mirpur",1,19.4,Barisal Burners,Chittagong Kings,Kabir Ali,Yasir Arafat,Farhad Reza,0,0,,,,,,,,,
551057,2011/12,2012-02-16,"Shere Bangla National Stadium, Mirpur",1,19.5,Barisal Burners,Chittagong Kings,Kabir Ali,Yasir Arafat,Farhad Reza,1,0,,,,,,,,,
551057,2011/12,2012-02-16,"Shere Bangla National Stadium, Mirpur",1,19.6,Barisal Burners,Chittagong Kings,Yasir Arafat,Kabir Ali,Farhad Reza,4,0,,,,,,,,,
551057,2011/12,2012-02-16,"Shere Bangla National Stadium, Mirpur",2,0.1,Chittagong Kings,Barisal Burners,Nasir Jamshed,Jahurul Islam,Yasir Arafat,0,0,,,,,,,,,
551057,2011/12,2012-02-16,"Shere Bangla National Stadium, Mirpur",2,0.2,Chittagong Kings,Barisal Burners,Nasir Jamshed,Jahurul Islam,Yasir Arafat,1,0,,,,,,,,,
551057,2011/12,2012-02-16,"Shere Bangla National Stadium, Mirpur",2,0.3,Chittagong Kings,Barisal Burners,Jahurul Islam,Nasir Jamshed,Yasir Arafat,1,0,,,,,,,,,
551057,2011/12,2012-02-16,"Shere Bangla National Stadium, Mirpur",2,0.4,Chittagong Kings,Barisal Burners,Nasir Jamshed,Jahurul Islam,Yasir Arafat,1,0,,,,,,,,,
551057,2011/12,2012-02-16,"Shere Bangla National Stadium, Mirpur",2,0.5,Chittagong Kings,Barisal Burners,Jahurul Islam,Nasir Jamshed,Yasir Arafat,2,0,,,,,,,,,
551057,2011/12,2012-02-16,"Shere Bangla National Stadium, Mirpur",2,0.6,Chittagong Kings,Barisal Burners,Jahurul Islam,Nasir Jamshed,Yasir Arafat,2,0,,,,,,,,,
551057,2011/12,2012-02-16,"Shere Bangla National Stadium, Mirpur",2,1.1,Chittagong Kings,Barisal Burners,Nasir Jamshed,Jahurul Islam,Kabir Ali,0,0,,,,,,,,,
551057,2011/12,2012-02-16,"Shere Bangla National Stadium, Mirpur",2,1.2,Chittagong Kings,Barisal Burners,Nasir Jamshed,Jahurul Islam,Kabir Ali,2,0,,,,,,,,,
551057,2011/12,2012-02-16,"Shere Bangla National Stadium, Mirpur",2,1.3,Chittagong Kings,Barisal Burners,Nasir Jamshed,Jahurul Islam,Kabir Ali,4,0,,,,,,,,,
551057,2011/12,2012-02-16,"Shere Bangla National Stadium, Mirpur",2,1.4,Chittagong Kings,Barisal Burners,Nasir Jamshed,Jahurul Islam,Kabir Ali,1,0,,,,,,,,,
551057,2011/12,2012-02-16,"Shere Bangla National Stadium, Mirpur",2,1.5,Chittagong Kings,Barisal Burners,Jahurul Islam,Nasir Jamshed,Kabir Ali,4,0,,,,,,,,,
551057,2011/12,2012-02-16,"Shere Bangla National Stadium, Mirpur",2,1.6,Chittagong Kings,Barisal Burners,Jahurul Islam,Nasir Jamshed,Kabir Ali,4,0,,,,,,,,,
551057,2011/12,2012-02-16,"Shere Bangla National Stadium, Mirpur",2,2.1,Chittagong Kings,Barisal Burners,Nasir Jamshed,Jahurul Islam,Sohag Gazi,1,0,,,,,,,,,
551057,2011/12,2012-02-16,"Shere Bangla National Stadium, Mirpur",2,2.2,Chittagong Kings,Barisal Burners,Jahurul Islam,Nasir Jamshed,Sohag Gazi,1,0,,,,,,,,,
551057,2011/12,2012-02-16,"Shere Bangla National Stadium, Mirpur",2,2.3,Chittagong Kings,Barisal Burners,Nasir Jamshed,Jahurul Islam,Sohag Gazi,4,0,,,,,,,,,
551057,2011/12,2012-02-16,"Shere Bangla National Stadium, Mirpur",2,2.4,Chittagong Kings,Barisal Burners,Nasir Jamshed,Jahurul Islam,Sohag Gazi,4,0,,,,,,,,,
551057,2011/12,2012-02-16,"Shere Bangla National Stadium, Mirpur",2,2.5,Chittagong Kings,Barisal Burners,Nasir Jamshed,Jahurul Islam,Sohag Gazi,1,0,,,,,,,,,
551057,2011/12,2012-02-16,"Shere Bangla National Stadium, Mirpur",2,2.6,Chittagong Kings,Barisal Burners,Jahurul Islam,Nasir Jamshed,Sohag Gazi,2,0,,,,,,,,,
551057,2011/12,2012-02-16,"Shere Bangla National Stadium, Mirpur",2,3.1,Chittagong Kings,Barisal Burners,Nasir Jamshed,Jahurul Islam,Nazmul Islam,0,0,,,,,,,,,
551057,2011/12,2012-02-16,"Shere Bangla National Stadium, Mirpur",2,3.2,Chittagong Kings,Barisal Burners,Nasir Jamshed,Jahurul Islam,Nazmul Islam,1,0,,,,,,,,,
551057,2011/12,2012-02-16,"Shere Bangla National Stadium, Mirpur",2,3.3,Chittagong Kings,Barisal Burners,Jahurul Islam,Nasir Jamshed,Nazmul Islam,0,0,,,,,,,,,
551057,2011/12,2012-02-16,"Shere Bangla National Stadium, Mirpur",2,3.4,Chittagong Kings,Barisal Burners,Jahurul Islam,Nasir Jamshed,Nazmul Islam,4,0,,,,,,,,,
551057,2011/12,2012-02-16,"Shere Bangla National Stadium, Mirpur",2,3.5,Chittagong Kings,Barisal Burners,Jahurul Islam,Nasir Jamshed,Nazmul Islam,1,0,,,,,,,,,
551057,2011/12,2012-02-16,"Shere Bangla National Stadium, Mirpur",2,3.6,Chittagong Kings,Barisal Burners,Nasir Jamshed,Jahurul Islam,Nazmul Islam,4,0,,,,,,,,,
551057,2011/12,2012-02-16,"Shere Bangla National Stadium, Mirpur",2,4.1,Chittagong Kings,Barisal Burners,Jahurul Islam,Nasir Jamshed,Kabir Ali,1,0,,,,,,,,,
551057,2011/12,2012-02-16,"Shere Bangla National Stadium, Mirpur",2,4.2,Chittagong Kings,Barisal Burners,Nasir Jamshed,Jahurul Islam,Kabir Ali,0,0,,,,,,,,,
551057,2011/12,2012-02-16,"Shere Bangla National Stadium, Mirpur",2,4.3,Chittagong Kings,Barisal Burners,Nasir Jamshed,Jahurul Islam,Kabir Ali,4,0,,,,,,,,,
551057,2011/12,2012-02-16,"Shere Bangla National Stadium, Mirpur",2,4.4,Chittagong Kings,Barisal Burners,Nasir Jamshed,Jahurul Islam,Kabir Ali,0,0,,,,,,,,,
551057,2011/12,2012-02-16,"Shere Bangla National Stadium, Mirpur",2,4.5,Chittagong Kings,Barisal Burners,Nasir Jamshed,Jahurul Islam,Kabir Ali,4,0,,,,,,,,,
551057,2011/12,2012-02-16,"Shere Bangla National Stadium, Mirpur",2,4.6,Chittagong Kings,Barisal Burners,Nasir Jamshed,Jahurul Islam,Kabir Ali,1,0,,,,,,,,,
551057,2011/12,2012-02-16,"Shere Bangla National Stadium, Mirpur",2,5.1,Chittagong Kings,Barisal Burners,Nasir Jamshed,Jahurul Islam,Sohag Gazi,4,0,,,,,,,,,
551057,2011/12,2012-02-16,"Shere Bangla National Stadium, Mirpur",2,5.2,Chittagong Kings,Barisal Burners,Nasir Jamshed,Jahurul Islam,Sohag Gazi,0,0,,,,,,,,,
551057,2011/12,2012-02-16,"Shere Bangla National Stadium, Mirpur",2,5.3,Chittagong Kings,Barisal Burners,Nasir Jamshed,Jahurul Islam,Sohag Gazi,4,0,,,,,,,,,
551057,2011/12,2012-02-16,"Shere Bangla National Stadium, Mirpur",2,5.4,Chittagong Kings,Barisal Burners,Nasir Jamshed,Jahurul Islam,Sohag Gazi,1,0,,,,,,,,,
551057,2011/12,2012-02-16,"Shere Bangla National Stadium, Mirpur",2,5.5,Chittagong Kings,Barisal Burners,Jahurul Islam,Nasir Jamshed,Sohag Gazi,4,0,,,,,,,,,
551057,2011/12,2012-02-16,"Shere Bangla National Stadium, Mirpur",2,5.6,Chittagong Kings,Barisal Burners,Jahurul Islam,Nasir Jamshed,Sohag Gazi,6,0,,,,,,,,,
551057,2011/12,2012-02-16,"Shere Bangla National Stadium, Mirpur",2,6.1,Chittagong Kings,Barisal Burners,Nasir Jamshed,Jahurul Islam,Nazmul Islam,1,0,,,,,,,,,
551057,2011/12,2012-02-16,"Shere Bangla National Stadium, Mirpur",2,6.2,Chittagong Kings,Barisal Burners,Jahurul Islam,Nasir Jamshed,Nazmul Islam,0,0,,,,,,,,,
551057,2011/12,2012-02-16,"Shere Bangla National Stadium, Mirpur",2,6.3,Chittagong Kings,Barisal Burners,Jahurul Islam,Nasir Jamshed,Nazmul Islam,1,0,,,,,,,,,
551057,2011/12,2012-02-16,"Shere Bangla National Stadium, Mirpur",2,6.4,Chittagong Kings,Barisal Burners,Nasir Jamshed,Jahurul Islam,Nazmul Islam,1,0,,,,,,,,,
551057,2011/12,2012-02-16,"Shere Bangla National Stadium, Mirpur",2,6.5,Chittagong Kings,Barisal Burners,Jahurul Islam,Nasir Jamshed,Nazmul Islam,0,0,,,,,,,,,
551057,2011/12,2012-02-16,"Shere Bangla National Stadium, Mirpur",2,6.6,Chittagong Kings,Barisal Burners,Jahurul Islam,Nasir Jamshed,Nazmul Islam,4,0,,,,,,,,,
551057,2011/12,2012-02-16,"Shere Bangla National Stadium, Mirpur",2,7.1,Chittagong Kings,Barisal Burners,Nasir Jamshed,Jahurul Islam,Alauddin Babu,2,0,,,,,,,,,
551057,2011/12,2012-02-16,"Shere Bangla National Stadium, Mirpur",2,7.2,Chittagong Kings,Barisal Burners,Nasir Jamshed,Jahurul Islam,Alauddin Babu,2,0,,,,,,,,,
551057,2011/12,2012-02-16,"Shere Bangla National Stadium, Mirpur",2,7.3,Chittagong Kings,Barisal Burners,Nasir Jamshed,Jahurul Islam,Alauddin Babu,0,0,,,,,,,,,
551057,2011/12,2012-02-16,"Shere Bangla National Stadium, Mirpur",2,7.4,Chittagong Kings,Barisal Burners,Nasir Jamshed,Jahurul Islam,Alauddin Babu,1,0,,,,,,,,,
551057,2011/12,2012-02-16,"Shere Bangla National Stadium, Mirpur",2,7.5,Chittagong Kings,Barisal Burners,Jahurul Islam,Nasir Jamshed,Alauddin Babu,1,0,,,,,,,,,
551057,2011/12,2012-02-16,"Shere Bangla National Stadium, Mirpur",2,7.6,Chittagong Kings,Barisal Burners,Nasir Jamshed,Jahurul Islam,Alauddin Babu,1,0,,,,,,,,,
551057,2011/12,2012-02-16,"Shere Bangla National Stadium, Mirpur",2,8.1,Chittagong Kings,Barisal Burners,Nasir Jamshed,Jahurul Islam,BJ Hodge,1,0,,,,,,,,,
551057,2011/12,2012-02-16,"Shere Bangla National Stadium, Mirpur",2,8.2,Chittagong Kings,Barisal Burners,Jahurul Islam,Nasir Jamshed,BJ Hodge,1,0,,,,,,,,,
551057,2011/12,2012-02-16,"Shere Bangla National Stadium, Mirpur",2,8.3,Chittagong Kings,Barisal Burners,Nasir Jamshed,Jahurul Islam,BJ Hodge,4,0,,,,,,,,,
551057,2011/12,2012-02-16,"Shere Bangla National Stadium, Mirpur",2,8.4,Chittagong Kings,Barisal Burners,Nasir Jamshed,Jahurul Islam,BJ Hodge,1,0,,,,,,,,,
551057,2011/12,2012-02-16,"Shere Bangla National Stadium, Mirpur",2,8.5,Chittagong Kings,Barisal Burners,Jahurul Islam,Nasir Jamshed,BJ Hodge,2,0,,,,,,,,,
551057,2011/12,2012-02-16,"Shere Bangla National Stadium, Mirpur",2,8.6,Chittagong Kings,Barisal Burners,Jahurul Islam,Nasir Jamshed,BJ Hodge,0,0,,,,,,caught,Jahurul Islam,,
551057,2011/12,2012-02-16,"Shere Bangla National Stadium, Mirpur",2,9.1,Chittagong Kings,Barisal Burners,Nasir Jamshed,KK Cooper,Nazmul Islam,1,0,,,,,,,,,
551057,2011/12,2012-02-16,"Shere Bangla National Stadium, Mirpur",2,9.2,Chittagong Kings,Barisal Burners,KK Cooper,Nasir Jamshed,Nazmul Islam,0,0,,,,,,,,,
551057,2011/12,2012-02-16,"Shere Bangla National Stadium, Mirpur",2,9.3,Chittagong Kings,Barisal Burners,KK Cooper,Nasir Jamshed,Nazmul Islam,1,0,,,,,,,,,
551057,2011/12,2012-02-16,"Shere Bangla National Stadium, Mirpur",2,9.4,Chittagong Kings,Barisal Burners,Nasir Jamshed,KK Cooper,Nazmul Islam,1,0,,,,,,,,,
551057,2011/12,2012-02-16,"Shere Bangla National Stadium, Mirpur",2,9.5,Chittagong Kings,Barisal Burners,KK Cooper,Nasir Jamshed,Nazmul Islam,0,0,,,,,,,,,
551057,2011/12,2012-02-16,"Shere Bangla National Stadium, Mirpur",2,9.6,Chittagong Kings,Barisal Burners,KK Cooper,Nasir Jamshed,Nazmul Islam,0,0,,,,,,bowled,KK Cooper,,
551057,2011/12,2012-02-16,"Shere Bangla National Stadium, Mirpur",2,10.1,Chittagong Kings,Barisal Burners,Nasir Jamshed,Arafat Sunny,BJ Hodge,6,0,,,,,,,,,
551057,2011/12,2012-02-16,"Shere Bangla National Stadium, Mirpur",2,10.2,Chittagong Kings,Barisal Burners,Nasir Jamshed,Arafat Sunny,BJ Hodge,1,0,,,,,,,,,
551057,2011/12,2012-02-16,"Shere Bangla National Stadium, Mirpur",2,10.3,Chittagong Kings,Barisal Burners,Arafat Sunny,Nasir Jamshed,BJ Hodge,1,0,,,,,,,,,
551057,2011/12,2012-02-16,"Shere Bangla National Stadium, Mirpur",2,10.4,Chittagong Kings,Barisal Burners,Nasir Jamshed,Arafat Sunny,BJ Hodge,0,0,,,,,,,,,
551057,2011/12,2012-02-16,"Shere Bangla National Stadium, Mirpur",2,10.5,Chittagong Kings,Barisal Burners,Nasir Jamshed,Arafat Sunny,BJ Hodge,2,0,,,,,,,,,
551057,2011/12,2012-02-16,"Shere Bangla National Stadium, Mirpur",2,10.6,Chittagong Kings,Barisal Burners,Nasir Jamshed,Arafat Sunny,BJ Hodge,6,0,,,,,,,,,
551057,2011/12,2012-02-16,"Shere Bangla National Stadium, Mirpur",2,11.1,Chittagong Kings,Barisal Burners,Arafat Sunny,Nasir Jamshed,Yasir Arafat,1,0,,,,,,,,,
551057,2011/12,2012-02-16,"Shere Bangla National Stadium, Mirpur",2,11.2,Chittagong Kings,Barisal Burners,Nasir Jamshed,Arafat Sunny,Yasir Arafat,0,0,,,,,,,,,
551057,2011/12,2012-02-16,"Shere Bangla National Stadium, Mirpur",2,11.3,Chittagong Kings,Barisal Burners,Nasir Jamshed,Arafat Sunny,Yasir Arafat,0,0,,,,,,,,,
551057,2011/12,2012-02-16,"Shere Bangla National Stadium, Mirpur",2,11.4,Chittagong Kings,Barisal Burners,Nasir Jamshed,Arafat Sunny,Yasir Arafat,0,0,,,,,,,,,
551057,2011/12,2012-02-16,"Shere Bangla National Stadium, Mirpur",2,11.5,Chittagong Kings,Barisal Burners,Nasir Jamshed,Arafat Sunny,Yasir Arafat,1,0,,,,,,,,,
551057,2011/12,2012-02-16,"Shere Bangla National Stadium, Mirpur",2,11.6,Chittagong Kings,Barisal Burners,Arafat Sunny,Nasir Jamshed,Yasir Arafat,0,0,,,,,,,,,
551057,2011/12,2012-02-16,"Shere Bangla National Stadium, Mirpur",2,12.1,Chittagong Kings,Barisal Burners,Nasir Jamshed,Arafat Sunny,Nazmul Islam,1,0,,,,,,,,,
551057,2011/12,2012-02-16,"Shere Bangla National Stadium, Mirpur",2,12.2,Chittagong Kings,Barisal Burners,Arafat Sunny,Nasir Jamshed,Nazmul Islam,1,0,,,,,,,,,
551057,2011/12,2012-02-16,"Shere Bangla National Stadium, Mirpur",2,12.3,Chittagong Kings,Barisal Burners,Nasir Jamshed,Arafat Sunny,Nazmul Islam,4,0,,,,,,,,,
551057,2011/12,2012-02-16,"Shere Bangla National Stadium, Mirpur",2,12.4,Chittagong Kings,Barisal Burners,Nasir Jamshed,Arafat Sunny,Nazmul Islam,2,0,,,,,,,,,
