match_id,season,start_date,venue,innings,ball,batting_team,bowling_team,striker,non_striker,bowler,runs_off_bat,extras,wides,noballs,byes,legbyes,penalty,wicket_type,player_dismissed,other_wicket_type,other_player_dismissed
551073,2011/12,2012-02-27,"Shere Bangla National Stadium, Mirpur",1,0.1,Dhaka Gladiators,Duronto Rajshahi,Imran Nazir,Nazimuddin,Mohammad Sami,0,0,,,,,,,,,
551073,2011/12,2012-02-27,"Shere Bangla National Stadium, Mirpur",1,0.2,Dhaka Gladiators,Duronto Rajshahi,Imran Nazir,Nazimuddin,Mohammad Sami,1,0,,,,,,,,,
551073,2011/12,2012-02-27,"Shere Bangla National Stadium, Mirpur",1,0.3,Dhaka Gladiators,Duronto Rajshahi,Nazimuddin,Imran Nazir,Mohammad Sami,0,1,,,,1,,,,,
551073,2011/12,2012-02-27,"Shere Bangla National Stadium, Mirpur",1,0.4,Dhaka Gladiators,Duronto Rajshahi,Imran Nazir,Nazimuddin,Mohammad Sami,0,1,1,,,,,,,,
551073,2011/12,2012-02-27,"Shere Bangla National Stadium, Mirpur",1,0.5,Dhaka Gladiators,Duronto Rajshahi,Imran Nazir,Nazimuddin,Mohammad Sami,1,0,,,,,,,,,
551073,2011/12,2012-02-27,"Shere Bangla National Stadium, Mirpur",1,0.6,Dhaka Gladiators,Duronto Rajshahi,Nazimuddin,Imran Nazir,Mohammad Sami,0,0,,,,,,,,,
551073,2011/12,2012-02-27,"Shere Bangla National Stadium, Mirpur",1,0.7,Dhaka Gladiators,Duronto Rajshahi,Nazimuddin,Imran Nazir,Mohammad Sami,0,0,,,,,,,,,
551073,2011/12,2012-02-27,"Shere Bangla National Stadium, Mirpur",1,1.1,Dhaka Gladiators,Duronto Rajshahi,Imran Nazir,Nazimuddin,SM Ervine,0,0,,,,,,caught,Imran Nazir,,
551073,2011/12,2012-02-27,"Shere Bangla National Stadium, Mirpur",1,1.2,Dhaka Gladiators,Duronto Rajshahi,Azhar Mahmood,Nazimuddin,SM Ervine,0,0,,,,,,,,,
551073,2011/12,2012-02-27,"Shere Bangla National Stadium, Mirpur",1,1.3,Dhaka Gladiators,Duronto Rajshahi,Azhar Mahmood,Nazimuddin,SM Ervine,0,0,,,,,,,,,
551073,2011/12,2012-02-27,"Shere Bangla National Stadium, Mirpur",1,1.4,Dhaka Gladiators,Duronto Rajshahi,Azhar Mahmood,Nazimuddin,SM Ervine,0,0,,,,,,,,,
551073,2011/12,2012-02-27,"Shere Bangla National Stadium, Mirpur",1,1.5,Dhaka Gladiators,Duronto Rajshahi,Azhar Mahmood,Nazimuddin,SM Ervine,0,0,,,,,,,,,
551073,2011/12,2012-02-27,"Shere Bangla National Stadium, Mirpur",1,1.6,Dhaka Gladiators,Duronto Rajshahi,Azhar Mahmood,Nazimuddin,SM Ervine,2,0,,,,,,,,,
551073,2011/12,2012-02-27,"Shere Bangla National Stadium, Mirpur",1,2.1,Dhaka Gladiators,Duronto Rajshahi,Nazimuddin,Azhar Mahmood,Mohammad Sami,1,0,,,,,,,,,
551073,2011/12,2012-02-27,"Shere Bangla National Stadium, Mirpur",1,2.2,Dhaka Gladiators,Duronto Rajshahi,Azhar Mahmood,Nazimuddin,Mohammad Sami,0,0,,,,,,,,,
551073,2011/12,2012-02-27,"Shere Bangla National Stadium, Mirpur",1,2.3,Dhaka Gladiators,Duronto Rajshahi,Azhar Mahmood,Nazimuddin,Mohammad Sami,0,0,,,,,,,,,
551073,2011/12,2012-02-27,"Shere Bangla National Stadium, Mirpur",1,2.4,Dhaka Gladiators,Duronto Rajshahi,Azhar Mahmood,Nazimuddin,Mohammad Sami,0,0,,,,,,,,,
551073,2011/12,2012-02-27,"Shere Bangla National Stadium, Mirpur",1,2.5,Dhaka Gladiators,Duronto Rajshahi,Azhar Mahmood,Nazimuddin,Mohammad Sami,0,0,,,,,,lbw,Azhar Mahmood,,
551073,2011/12,2012-02-27,"Shere Bangla National Stadium, Mirpur",1,2.6,Dhaka Gladiators,Duronto Rajshahi,DI Stevens,Nazimuddin,Mohammad Sami,0,0,,,,,,,,,
551073,2011/12,2012-02-27,"Shere Bangla National Stadium, Mirpur",1,3.1,Dhaka Gladiators,Duronto Rajshahi,Nazimuddin,DI Stevens,SM Ervine,1,0,,,,,,,,,
551073,2011/12,2012-02-27,"Shere Bangla National Stadium, Mirpur",1,3.2,Dhaka Gladiators,Duronto Rajshahi,DI Stevens,Nazimuddin,SM Ervine,4,0,,,,,,,,,
551073,2011/12,2012-02-27,"Shere Bangla National Stadium, Mirpur",1,3.3,Dhaka Gladiators,Duronto Rajshahi,DI Stevens,Nazimuddin,SM Ervine,0,1,1,,,,,,,,
551073,2011/12,2012-02-27,"Shere Bangla National Stadium, Mirpur",1,3.4,Dhaka Gladiators,Duronto Rajshahi,DI Stevens,Nazimuddin,SM Ervine,4,0,,,,,,,,,
551073,2011/12,2012-02-27,"Shere Bangla National Stadium, Mirpur",1,3.5,Dhaka Gladiators,Duronto Rajshahi,DI Stevens,Nazimuddin,SM Ervine,0,0,,,,,,,,,
551073,2011/12,2012-02-27,"Shere Bangla National Stadium, Mirpur",1,3.6,Dhaka Gladiators,Duronto Rajshahi,DI Stevens,Nazimuddin,SM Ervine,1,0,,,,,,,,,
551073,2011/12,2012-02-27,"Shere Bangla National Stadium, Mirpur",1,3.7,Dhaka Gladiators,Duronto Rajshahi,Nazimuddin,DI Stevens,SM Ervine,0,0,,,,,,,,,
551073,2011/12,2012-02-27,"Shere Bangla National Stadium, Mirpur",1,4.1,Dhaka Gladiators,Duronto Rajshahi,DI Stevens,Nazimuddin,Saqlain Sajib,4,0,,,,,,,,,
551073,2011/12,2012-02-27,"Shere Bangla National Stadium, Mirpur",1,4.2,Dhaka Gladiators,Duronto Rajshahi,DI Stevens,Nazimuddin,Saqlain Sajib,4,0,,,,,,,,,
551073,2011/12,2012-02-27,"Shere Bangla National Stadium, Mirpur",1,4.3,Dhaka Gladiators,Duronto Rajshahi,DI Stevens,Nazimuddin,Saqlain Sajib,4,0,,,,,,,,,
551073,2011/12,2012-02-27,"Shere Bangla National Stadium, Mirpur",1,4.4,Dhaka Gladiators,Duronto Rajshahi,DI Stevens,Nazimuddin,Saqlain Sajib,0,0,,,,,,,,,
551073,2011/12,2012-02-27,"Shere Bangla National Stadium, Mirpur",1,4.5,Dhaka Gladiators,Duronto Rajshahi,DI Stevens,Nazimuddin,Saqlain Sajib,4,0,,,,,,,,,
551073,2011/12,2012-02-27,"Shere Bangla National Stadium, Mirpur",1,4.6,Dhaka Gladiators,Duronto Rajshahi,DI Stevens,Nazimuddin,Saqlain Sajib,0,0,,,,,,,,,
551073,2011/12,2012-02-27,"Shere Bangla National Stadium, Mirpur",1,5.1,Dhaka Gladiators,Duronto Rajshahi,Nazimuddin,DI Stevens,SM Ervine,0,0,,,,,,,,,
551073,2011/12,2012-02-27,"Shere Bangla National Stadium, Mirpur",1,5.2,Dhaka Gladiators,Duronto Rajshahi,Nazimuddin,DI Stevens,SM Ervine,4,0,,,,,,,,,
551073,2011/12,2012-02-27,"Shere Bangla National Stadium, Mirpur",1,5.3,Dhaka Gladiators,Duronto Rajshahi,Nazimuddin,DI Stevens,SM Ervine,0,0,,,,,,,,,
551073,2011/12,2012-02-27,"Shere Bangla National Stadium, Mirpur",1,5.4,Dhaka Gladiators,Duronto Rajshahi,Nazimuddin,DI Stevens,SM Ervine,2,0,,,,,,,,,
551073,2011/12,2012-02-27,"Shere Bangla National Stadium, Mirpur",1,5.5,Dhaka Gladiators,Duronto Rajshahi,Nazimuddin,DI Stevens,SM Ervine,0,0,,,,,,,,,
551073,2011/12,2012-02-27,"Shere Bangla National Stadium, Mirpur",1,5.6,Dhaka Gladiators,Duronto Rajshahi,Nazimuddin,DI Stevens,SM Ervine,0,0,,,,,,,,,
551073,2011/12,2012-02-27,"Shere Bangla National Stadium, Mirpur",1,6.1,Dhaka Gladiators,Duronto Rajshahi,DI Stevens,Nazimuddin,Taijul Islam,1,0,,,,,,,,,
551073,2011/12,2012-02-27,"Shere Bangla National Stadium, Mirpur",1,6.2,Dhaka Gladiators,Duronto Rajshahi,Nazimuddin,DI Stevens,Taijul Islam,1,0,,,,,,,,,
551073,2011/12,2012-02-27,"Shere Bangla National Stadium, Mirpur",1,6.3,Dhaka Gladiators,Duronto Rajshahi,DI Stevens,Nazimuddin,Taijul Islam,0,0,,,,,,,,,
551073,2011/12,2012-02-27,"Shere Bangla National Stadium, Mirpur",1,6.4,Dhaka Gladiators,Duronto Rajshahi,DI Stevens,Nazimuddin,Taijul Islam,1,0,,,,,,,,,
551073,2011/12,2012-02-27,"Shere Bangla National Stadium, Mirpur",1,6.5,Dhaka Gladiators,Duronto Rajshahi,Nazimuddin,DI Stevens,Taijul Islam,4,0,,,,,,,,,
551073,2011/12,2012-02-27,"Shere Bangla National Stadium, Mirpur",1,6.6,Dhaka Gladiators,Duronto Rajshahi,Nazimuddin,DI Stevens,Taijul Islam,0,0,,,,,,,,,
551073,2011/12,2012-02-27,"Shere Bangla National Stadium, Mirpur",1,7.1,Dhaka Gladiators,Duronto Rajshahi,DI Stevens,Nazimuddin,MN Samuels,1,0,,,,,,,,,
551073,2011/12,2012-02-27,"Shere Bangla National Stadium, Mirpur",1,7.2,Dhaka Gladiators,Duronto Rajshahi,Nazimuddin,DI Stevens,MN Samuels,2,0,,,,,,,,,
551073,2011/12,2012-02-27,"Shere Bangla National Stadium, Mirpur",1,7.3,Dhaka Gladiators,Duronto Rajshahi,Nazimuddin,DI Stevens,MN Samuels,6,0,,,,,,,,,
551073,2011/12,2012-02-27,"Shere Bangla National Stadium, Mirpur",1,7.4,Dhaka Gladiators,Duronto Rajshahi,Nazimuddin,DI Stevens,MN Samuels,2,0,,,,,,,,,
551073,2011/12,2012-02-27,"Shere Bangla National Stadium, Mirpur",1,7.5,Dhaka Gladiators,Duronto Rajshahi,Nazimuddin,DI Stevens,MN Samuels,1,0,,,,,,,,,
551073,2011/12,2012-02-27,"Shere Bangla National Stadium, Mirpur",1,7.6,Dhaka Gladiators,Duronto Rajshahi,DI Stevens,Nazimuddin,MN Samuels,0,0,,,,,,caught,DI Stevens,,
551073,2011/12,2012-02-27,"Shere Bangla National Stadium, Mirpur",1,8.1,Dhaka Gladiators,Duronto Rajshahi,Nazimuddin,KA Pollard,Taijul Islam,1,0,,,,,,,,,
551073,2011/12,2012-02-27,"Shere Bangla National Stadium, Mirpur",1,8.2,Dhaka Gladiators,Duronto Rajshahi,KA Pollard,Nazimuddin,Taijul Islam,0,0,,,,,,,,,
551073,2011/12,2012-02-27,"Shere Bangla National Stadium, Mirpur",1,8.3,Dhaka Gladiators,Duronto Rajshahi,KA Pollard,Nazimuddin,Taijul Islam,1,0,,,,,,,,,
551073,2011/12,2012-02-27,"Shere Bangla National Stadium, Mirpur",1,8.4,Dhaka Gladiators,Duronto Rajshahi,Nazimuddin,KA Pollard,Taijul Islam,1,0,,,,,,,,,
551073,2011/12,2012-02-27,"Shere Bangla National Stadium, Mirpur",1,8.5,Dhaka Gladiators,Duronto Rajshahi,KA Pollard,Nazimuddin,Taijul Islam,6,0,,,,,,,,,
551073,2011/12,2012-02-27,"Shere Bangla National Stadium, Mirpur",1,8.6,Dhaka Gladiators,Duronto Rajshahi,KA Pollard,Nazimuddin,Taijul Islam,4,0,,,,,,,,,
551073,2011/12,2012-02-27,"Shere Bangla National Stadium, Mirpur",1,9.1,Dhaka Gladiators,Duronto Rajshahi,Nazimuddin,KA Pollard,Saqlain Sajib,0,0,,,,,,,,,
551073,2011/12,2012-02-27,"Shere Bangla National Stadium, Mirpur",1,9.2,Dhaka Gladiators,Duronto Rajshahi,Nazimuddin,KA Pollard,Saqlain Sajib,0,0,,,,,,,,,
551073,2011/12,2012-02-27,"Shere Bangla National Stadium, Mirpur",1,9.3,Dhaka Gladiators,Duronto Rajshahi,Nazimuddin,KA Pollard,Saqlain Sajib,0,0,,,,,,bowled,Nazimuddin,,
551073,2011/12,2012-02-27,"Shere Bangla National Stadium, Mirpur",1,9.4,Dhaka Gladiators,Duronto Rajshahi,Mohammad Ashraful,KA Pollard,Saqlain Sajib,0,0,,,,,,,,,
551073,2011/12,2012-02-27,"Shere Bangla National Stadium, Mirpur",1,9.5,Dhaka Gladiators,Duronto Rajshahi,Mohammad Ashraful,KA Pollard,Saqlain Sajib,0,0,,,,,,,,,
551073,2011/12,2012-02-27,"Shere Bangla National Stadium, Mirpur",1,9.6,Dhaka Gladiators,Duronto Rajshahi,Mohammad Ashraful,KA Pollard,Saqlain Sajib,4,0,,,,,,,,,
551073,2011/12,2012-02-27,"Shere Bangla National Stadium, Mirpur",1,10.1,Dhaka Gladiators,Duronto Rajshahi,KA Pollard,Mohammad Ashraful,Mohammad Sami,0,0,,,,,,bowled,KA Pollard,,
551073,2011/12,2012-02-27,"Shere Bangla National Stadium, Mirpur",1,10.2,Dhaka Gladiators,Duronto Rajshahi,Anamul Haque,Mohammad Ashraful,Mohammad Sami,0,0,,,,,,lbw,Anamul Haque,,
551073,2011/12,2012-02-27,"Shere Bangla National Stadium, Mirpur",1,10.3,Dhaka Gladiators,Duronto Rajshahi,Mehrab Hossain jnr,Mohammad Ashraful,Mohammad Sami,2,0,,,,,,,,,
551073,2011/12,2012-02-27,"Shere Bangla National Stadium, Mirpur",1,10.4,Dhaka Gladiators,Duronto Rajshahi,Mehrab Hossain jnr,Mohammad Ashraful,Mohammad Sami,0,0,,,,,,,,,
551073,2011/12,2012-02-27,"Shere Bangla National Stadium, Mirpur",1,10.5,Dhaka Gladiators,Duronto Rajshahi,Mehrab Hossain jnr,Mohammad Ashraful,Mohammad Sami,0,0,,,,,,,,,
551073,2011/12,2012-02-27,"Shere Bangla National Stadium, Mirpur",1,10.6,Dhaka Gladiators,Duronto Rajshahi,Mehrab Hossain jnr,Mohammad Ashraful,Mohammad Sami,0,0,,,,,,,,,
551073,2011/12,2012-02-27,"Shere Bangla National Stadium, Mirpur",1,11.1,Dhaka Gladiators,Duronto Rajshahi,Mohammad Ashraful,Mehrab Hossain jnr,Saqlain Sajib,0,0,,,,,,,,,
551073,2011/12,2012-02-27,"Shere Bangla National Stadium, Mirpur",1,11.2,Dhaka Gladiators,Duronto Rajshahi,Mohammad Ashraful,Mehrab Hossain jnr,Saqlain Sajib,0,0,,,,,,,,,
551073,2011/12,2012-02-27,"Shere Bangla National Stadium, Mirpur",1,11.3,Dhaka Gladiators,Duronto Rajshahi,Mohammad Ashraful,Mehrab Hossain jnr,Saqlain Sajib,1,0,,,,,,,,,
551073,2011/12,2012-02-27,"Shere Bangla National Stadium, Mirpur",1,11.4,Dhaka Gladiators,Duronto Rajshahi,Mehrab Hossain jnr,Mohammad Ashraful,Saqlain Sajib,0,0,,,,,,,,,
551073,2011/12,2012-02-27,"Shere Bangla National Stadium, Mirpur",1,11.5,Dhaka Gladiators,Duronto Rajshahi,Mehrab Hossain jnr,Mohammad Ashraful,Saqlain Sajib,0,0,,,,,,,,,
551073,2011/12,2012-02-27,"Shere Bangla National Stadium, Mirpur",1,11.6,Dhaka Gladiators,Duronto Rajshahi,Mehrab Hossain jnr,Mohammad Ashraful,Saqlain Sajib,0,0,,,,,,,,,
551073,2011/12,2012-02-27,"Shere Bangla National Stadium, Mirpur",1,12.1,Dhaka Gladiators,Duronto Rajshahi,Mohammad Ashraful,Mehrab Hossain jnr,MN Samuels,0,0,,,,,,,,,
551073,2011/12,2012-02-27,"Shere Bangla National Stadium, Mirpur",1,12.2,Dhaka Gladiators,Duronto Rajshahi,Mohammad Ashraful,Mehrab Hossain jnr,MN Samuels,0,0,,,,,,,,,
551073,2011/12,2012-02-27,"Shere Bangla National Stadium, Mirpur",1,12.3,Dhaka Gladiators,Duronto Rajshahi,Mohammad Ashraful,Mehrab Hossain jnr,MN Samuels,0,0,,,,,,,,,
551073,2011/12,2012-02-27,"Shere Bangla National Stadium, Mirpur",1,12.4,Dhaka Gladiators,Duronto Rajshahi,Mohammad Ashraful,Mehrab Hossain jnr,MN Samuels,0,0,,,,,,,,,
551073,2011/12,2012-02-27,"Shere Bangla National Stadium, Mirpur",1,12.5,Dhaka Gladiators,Duronto Rajshahi,Mohammad Ashraful,Mehrab Hossain jnr,MN Samuels,4,0,,,,,,,,,
551073,2011/12,2012-02-27,"Shere Bangla National Stadium, Mirpur",1,12.6,Dhaka Gladiators,Duronto Rajshahi,Mohammad Ashraful,Mehrab Hossain jnr,MN Samuels,1,0,,,,,,,,,
551073,2011/12,2012-02-27,"Shere Bangla National Stadium, Mirpur",1,13.1,Dhaka Gladiators,Duronto Rajshahi,Mohammad Ashraful,Mehrab Hossain jnr,Saqlain Sajib,0,0,,,,,,,,,
551073,2011/12,2012-02-27,"Shere Bangla National Stadium, Mirpur",1,13.2,Dhaka Gladiators,Duronto Rajshahi,Mohammad Ashraful,Mehrab Hossain jnr,Saqlain Sajib,1,0,,,,,,,,,
551073,2011/12,2012-02-27,"Shere Bangla National Stadium, Mirpur",1,13.3,Dhaka Gladiators,Duronto Rajshahi,Mehrab Hossain jnr,Mohammad Ashraful,Saqlain Sajib,1,0,,,,,,,,,
551073,2011/12,2012-02-27,"Shere Bangla National Stadium, Mirpur",1,13.4,Dhaka Gladiators,Duronto Rajshahi,Mohammad Ashraful,Mehrab Hossain jnr,Saqlain Sajib,1,0,,,,,,,,,
551073,2011/12,2012-02-27,"Shere Bangla National Stadium, Mirpur",1,13.5,Dhaka Gladiators,Duronto Rajshahi,Mehrab Hossain jnr,Mohammad Ashraful,Saqlain Sajib,1,0,,,,,,,,,
551073,2011/12,2012-02-27,"Shere Bangla National Stadium, Mirpur",1,13.6,Dhaka Gladiators,Duronto Rajshahi,Mohammad Ashraful,Mehrab Hossain jnr,Saqlain Sajib,0,0,,,,,,,,,
551073,2011/12,2012-02-27,"Shere Bangla National Stadium, Mirpur",1,14.1,Dhaka Gladiators,Duronto Rajshahi,Mehrab Hossain jnr,Mohammad Ashraful,Taijul Islam,1,0,,,,,,,,,
551073,2011/12,2012-02-27,"Shere Bangla National Stadium, Mirpur",1,14.2,Dhaka Gladiators,Duronto Rajshahi,Mohammad Ashraful,Mehrab Hossain jnr,Taijul Islam,0,1,1,,,,,,,,
551073,2011/12,2012-02-27,"Shere Bangla National Stadium, Mirpur",1,14.3,Dhaka Gladiators,Duronto Rajshahi,Mohammad Ashraful,Mehrab Hossain jnr,Taijul Islam,1,0,,,,,,,,,
551073,2011/12,2012-02-27,"Shere Bangla National Stadium, Mirpur",1,14.4,Dhaka Gladiators,Duronto Rajshahi,Mehrab Hossain jnr,Mohammad Ashraful,Taijul Islam,0,0,,,,,,,,,
551073,2011/12,2012-02-27,"Shere Bangla National Stadium, Mirpur",1,14.5,Dhaka Gladiators,Duronto Rajshahi,Mehrab Hossain jnr,Mohammad Ashraful,Taijul Islam,1,0,,,,,,,,,
551073,2011/12,2012-02-27,"Shere Bangla National Stadium, Mirpur",1,14.6,Dhaka Gladiators,Duronto Rajshahi,Mohammad Ashraful,Mehrab Hossain jnr,Taijul Islam,1,0,,,,,,,,,
551073,2011/12,2012-02-27,"Shere Bangla National Stadium, Mirpur",1,14.7,Dhaka Gladiators,Duronto Rajshahi,Mehrab Hossain jnr,Mohammad Ashraful,Taijul Islam,1,0,,,,,,,,,
551073,2011/12,2012-02-27,"Shere Bangla National Stadium, Mirpur",1,15.1,Dhaka Gladiators,Duronto Rajshahi,Mehrab Hossain jnr,Mohammad Ashraful,MN Samuels,1,0,,,,,,,,,
551073,2011/12,2012-02-27,"Shere Bangla National Stadium, Mirpur",1,15.2,Dhaka Gladiators,Duronto Rajshahi,Mohammad Ashraful,Mehrab Hossain jnr,MN Samuels,0,0,,,,,,,,,
551073,2011/12,2012-02-27,"Shere Bangla National Stadium, Mirpur",1,15.3,Dhaka Gladiators,Duronto Rajshahi,Mohammad Ashraful,Mehrab Hossain jnr,MN Samuels,4,0,,,,,,,,,
551073,2011/12,2012-02-27,"Shere Bangla National Stadium, Mirpur",1,15.4,Dhaka Gladiators,Duronto Rajshahi,Mohammad Ashraful,Mehrab Hossain jnr,MN Samuels,0,0,,,,,,,,,
551073,2011/12,2012-02-27,"Shere Bangla National Stadium, Mirpur",1,15.5,Dhaka Gladiators,Duronto Rajshahi,Mohammad Ashraful,Mehrab Hossain jnr,MN Samuels,1,0,,,,,,,,,
551073,2011/12,2012-02-27,"Shere Bangla National Stadium, Mirpur",1,15.6,Dhaka Gladiators,Duronto Rajshahi,Mehrab Hossain jnr,Mohammad Ashraful,MN Samuels,1,0,,,,,,,,,
551073,2011/12,2012-02-27,"Shere Bangla National Stadium, Mirpur",1,16.1,Dhaka Gladiators,Duronto Rajshahi,Mehrab Hossain jnr,Mohammad Ashraful,Taijul Islam,0,0,,,,,,,,,
551073,2011/12,2012-02-27,"Shere Bangla National Stadium, Mirpur",1,16.2,Dhaka Gladiators,Duronto Rajshahi,Mehrab Hossain jnr,Mohammad Ashraful,Taijul Islam,1,0,,,,,,,,,
551073,2011/12,2012-02-27,"Shere Bangla National Stadium, Mirpur",1,16.3,Dhaka Gladiators,Duronto Rajshahi,Mohammad Ashraful,Mehrab Hossain jnr,Taijul Islam,1,0,,,,,,,,,
551073,2011/12,2012-02-27,"Shere Bangla National Stadium, Mirpur",1,16.4,Dhaka Gladiators,Duronto Rajshahi,Mehrab Hossain jnr,Mohammad Ashraful,Taijul Islam,0,0,,,,,,caught,Mehrab Hossain jnr,,
551073,2011/12,2012-02-27,"Shere Bangla National Stadium, Mirpur",1,16.5,Dhaka Gladiators,Duronto Rajshahi,Mohammad Ashraful,Mashrafe Mortaza,Taijul Islam,1,0,,,,,,,,,
551073,2011/12,2012-02-27,"Shere Bangla National Stadium, Mirpur",1,16.6,Dhaka Gladiators,Duronto Rajshahi,Mashrafe Mortaza,Mohammad Ashraful,Taijul Islam,1,0,,,,,,,,,
551073,2011/12,2012-02-27,"Shere Bangla National Stadium, Mirpur",1,17.1,Dhaka Gladiators,Duronto Rajshahi,Mashrafe Mortaza,Mohammad Ashraful,MN Samuels,6,0,,,,,,,,,
551073,2011/12,2012-02-27,"Shere Bangla National Stadium, Mirpur",1,17.2,Dhaka Gladiators,Duronto Rajshahi,Mashrafe Mortaza,Mohammad Ashraful,MN Samuels,0,0,,,,,,bowled,Mashrafe Mortaza,,
551073,2011/12,2012-02-27,"Shere Bangla National Stadium, Mirpur",1,17.3,Dhaka Gladiators,Duronto Rajshahi,Naved-ul-Hasan,Mohammad Ashraful,MN Samuels,0,1,1,,,,,,,,
551073,2011/12,2012-02-27,"Shere Bangla National Stadium, Mirpur",1,17.4,Dhaka Gladiators,Duronto Rajshahi,Naved-ul-Hasan,Mohammad Ashraful,MN Samuels,1,0,,,,,,,,,
551073,2011/12,2012-02-27,"Shere Bangla National Stadium, Mirpur",1,17.5,Dhaka Gladiators,Duronto Rajshahi,Mohammad Ashraful,Naved-ul-Hasan,MN Samuels,1,0,,,,,,,,,
551073,2011/12,2012-02-27,"Shere Bangla National Stadium, Mirpur",1,17.6,Dhaka Gladiators,Duronto Rajshahi,Naved-ul-Hasan,Mohammad Ashraful,MN Samuels,1,0,,,,,,,,,
551073,2011/12,2012-02-27,"Shere Bangla National Stadium, Mirpur",1,17.7,Dhaka Gladiators,Duronto Rajshahi,Mohammad Ashraful,Naved-ul-Hasan,MN Samuels,1,0,,,,,,,,,
551073,2011/12,2012-02-27,"Shere Bangla National Stadium, Mirpur",1,18.1,Dhaka Gladiators,Duronto Rajshahi,Mohammad Ashraful,Naved-ul-Hasan,Mohammad Sami,0,0,,,,,,bowled,Mohammad Ashraful,,
551073,2011/12,2012-02-27,"Shere Bangla National Stadium, Mirpur",1,18.2,Dhaka Gladiators,Duronto Rajshahi,Elias Sunny,Naved-ul-Hasan,Mohammad Sami,0,0,,,,,,bowled,Elias Sunny,,
551073,2011/12,2012-02-27,"Shere Bangla National Stadium, Mirpur",2,0.1,Duronto Rajshahi,Dhaka Gladiators,Shahzaib Hasan,Junaid Siddique,Mashrafe Mortaza,1,0,,,,,,,,,
551073,2011/12,2012-02-27,"Shere Bangla National Stadium, Mirpur",2,0.2,Duronto Rajshahi,Dhaka Gladiators,Junaid Siddique,Shahzaib Hasan,Mashrafe Mortaza,0,0,,,,,,,,,
551073,2011/12,2012-02-27,"Shere Bangla National Stadium, Mirpur",2,0.3,Duronto Rajshahi,Dhaka Gladiators,Junaid Siddique,Shahzaib Hasan,Mashrafe Mortaza,4,0,,,,,,,,,
551073,2011/12,2012-02-27,"Shere Bangla National Stadium, Mirpur",2,0.4,Duronto Rajshahi,Dhaka Gladiators,Junaid Siddique,Shahzaib Hasan,Mashrafe Mortaza,4,0,,,,,,,,,
551073,2011/12,2012-02-27,"Shere Bangla National Stadium, Mirpur",2,0.5,Duronto Rajshahi,Dhaka Gladiators,Junaid Siddique,Shahzaib Hasan,Mashrafe Mortaza,0,0,,,,,,bowled,Junaid Siddique,,
551073,2011/12,2012-02-27,"Shere Bangla National Stadium, Mirpur",2,0.6,Duronto Rajshahi,Dhaka Gladiators,MN Samuels,Shahzaib Hasan,Mashrafe Mortaza,0,0,,,,,,,,,
551073,2011/12,2012-02-27,"Shere Bangla National Stadium, Mirpur",2,1.1,Duronto Rajshahi,Dhaka Gladiators,Shahzaib Hasan,MN Samuels,Azhar Mahmood,1,0,,,,,,,,,
551073,2011/12,2012-02-27,"Shere Bangla National Stadium, Mirpur",2,1.2,Duronto Rajshahi,Dhaka Gladiators,MN Samuels,Shahzaib Hasan,Azhar Mahmood,0,0,,,,,,,,,
551073,2011/12,2012-02-27,"Shere Bangla National Stadium, Mirpur",2,1.3,Duronto Rajshahi,Dhaka Gladiators,MN Samuels,Shahzaib Hasan,Azhar Mahmood,0,0,,,,,,,,,
551073,2011/12,2012-02-27,"Shere Bangla National Stadium, Mirpur",2,1.4,Duronto Rajshahi,Dhaka Gladiators,MN Samuels,Shahzaib Hasan,Azhar Mahmood,0,0,,,,,,bowled,MN Samuels,,
551073,2011/12,2012-02-27,"Shere Bangla National Stadium, Mirpur",2,1.5,Duronto Rajshahi,Dhaka Gladiators,SM Ervine,Shahzaib Hasan,Azhar Mahmood,0,0,,,,,,,,,
551073,2011/12,2012-02-27,"Shere Bangla National Stadium, Mirpur",2,1.6,Duronto Rajshahi,Dhaka Gladiators,SM Ervine,Shahzaib Hasan,Azhar Mahmood,0,0,,,,,,,,,
551073,2011/12,2012-02-27,"Shere Bangla National Stadium, Mirpur",2,2.1,Duronto Rajshahi,Dhaka Gladiators,Shahzaib Hasan,SM Ervine,Mashrafe Mortaza,0,0,,,,,,,,,
551073,2011/12,2012-02-27,"Shere Bangla National Stadium, Mirpur",2,2.2,Duronto Rajshahi,Dhaka Gladiators,Shahzaib Hasan,SM Ervine,Mashrafe Mortaza,0,0,,,,,,,,,
551073,2011/12,2012-02-27,"Shere Bangla National Stadium, Mirpur",2,2.3,Duronto Rajshahi,Dhaka Gladiators,Shahzaib Hasan,SM Ervine,Mashrafe Mortaza,1,0,,,,,,,,,
551073,2011/12,2012-02-27,"Shere Bangla National Stadium, Mirpur",2,2.4,Duronto Rajshahi,Dhaka Gladiators,SM Ervine,Shahzaib Hasan,Mashrafe Mortaza,0,0,,,,,,,,,
551073,2011/12,2012-02-27,"Shere Bangla National Stadium, Mirpur",2,2.5,Duronto Rajshahi,Dhaka Gladiators,SM Ervine,Shahzaib Hasan,Mashrafe Mortaza,4,0,,,,,,,,,
551073,2011/12,2012-02-27,"Shere Bangla National Stadium, Mirpur",2,2.6,Duronto Rajshahi,Dhaka Gladiators,SM Ervine,Shahzaib Hasan,Mashrafe Mortaza,1,0,,,,,,,,,
551073,2011/12,2012-02-27,"Shere Bangla National Stadium, Mirpur",2,3.1,Duronto Rajshahi,Dhaka Gladiators,SM Ervine,Shahzaib Hasan,Azhar Mahmood,1,0,,,,,,,,,
551073,2011/12,2012-02-27,"Shere Bangla National Stadium, Mirpur",2,3.2,Duronto Rajshahi,Dhaka Gladiators,Shahzaib Hasan,SM Ervine,Azhar Mahmood,0,0,,,,,,,,,
551073,2011/12,2012-02-27,"Shere Bangla National Stadium, Mirpur",2,3.3,Duronto Rajshahi,Dhaka Gladiators,Shahzaib Hasan,SM Ervine,Azhar Mahmood,4,0,,,,,,,,,
551073,2011/12,2012-02-27,"Shere Bangla National Stadium, Mirpur",2,3.4,Duronto Rajshahi,Dhaka Gladiators,Shahzaib Hasan,SM Ervine,Azhar Mahmood,0,0,,,,,,,,,
551073,2011/12,2012-02-27,"Shere Bangla National Stadium, Mirpur",2,3.5,Duronto Rajshahi,Dhaka Gladiators,Shahzaib Hasan,SM Ervine,Azhar Mahmood,0,0,,,,,,,,,
551073,2011/12,2012-02-27,"Shere Bangla National Stadium, Mirpur",2,3.6,Duronto Rajshahi,Dhaka Gladiators,Shahzaib Hasan,SM Ervine,Azhar Mahmood,0,0,,,,,,,,,
551073,2011/12,2012-02-27,"Shere Bangla National Stadium, Mirpur",2,4.1,Duronto Rajshahi,Dhaka Gladiators,SM Ervine,Shahzaib Hasan,Mashrafe Mortaza,0,0,,,,,,,,,
551073,2011/12,2012-02-27,"Shere Bangla National Stadium, Mirpur",2,4.2,Duronto Rajshahi,Dhaka Gladiators,SM Ervine,Shahzaib Hasan,Mashrafe Mortaza,1,0,,,,,,,,,
551073,2011/12,2012-02-27,"Shere Bangla National Stadium, Mirpur",2,4.3,Duronto Rajshahi,Dhaka Gladiators,Shahzaib Hasan,SM Ervine,Mashrafe Mortaza,0,0,,,,,,,,,
551073,2011/12,2012-02-27,"Shere Bangla National Stadium, Mirpur",2,4.4,Duronto Rajshahi,Dhaka Gladiators,Shahzaib Hasan,SM Ervine,Mashrafe Mortaza,1,0,,,,,,,,,
551073,2011/12,2012-02-27,"Shere Bangla National Stadium, Mirpur",2,4.5,Duronto Rajshahi,Dhaka Gladiators,SM Ervine,Shahzaib Hasan,Mashrafe Mortaza,1,0,,,,,,,,,
551073,2011/12,2012-02-27,"Shere Bangla National Stadium, Mirpur",2,4.6,Duronto Rajshahi,Dhaka Gladiators,Shahzaib Hasan,SM Ervine,Mashrafe Mortaza,0,0,,,,,,,,,
551073,2011/12,2012-02-27,"Shere Bangla National Stadium, Mirpur",2,5.1,Duronto Rajshahi,Dhaka Gladiators,SM Ervine,Shahzaib Hasan,Azhar Mahmood,4,0,,,,,,,,,
551073,2011/12,2012-02-27,"Shere Bangla National Stadium, Mirpur",2,5.2,Duronto Rajshahi,Dhaka Gladiators,SM Ervine,Shahzaib Hasan,Azhar Mahmood,0,0,,,,,,,,,
551073,2011/12,2012-02-27,"Shere Bangla National Stadium, Mirpur",2,5.3,Duronto Rajshahi,Dhaka Gladiators,SM Ervine,Shahzaib Hasan,Azhar Mahmood,1,0,,,,,,,,,
551073,2011/12,2012-02-27,"Shere Bangla National Stadium, Mirpur",2,5.4,Duronto Rajshahi,Dhaka Gladiators,Shahzaib Hasan,SM Ervine,Azhar Mahmood,0,0,,,,,,,,,
551073,2011/12,2012-02-27,"Shere Bangla National Stadium, Mirpur",2,5.5,Duronto Rajshahi,Dhaka Gladiators,Shahzaib Hasan,SM Ervine,Azhar Mahmood,6,0,,,,,,,,,
551073,2011/12,2012-02-27,"Shere Bangla National Stadium, Mirpur",2,5.6,Duronto Rajshahi,Dhaka Gladiators,Shahzaib Hasan,SM Ervine,Azhar Mahmood,1,0,,,,,,,,,
551073,2011/12,2012-02-27,"Shere Bangla National Stadium, Mirpur",2,6.1,Duronto Rajshahi,Dhaka Gladiators,Shahzaib Hasan,SM Ervine,Elias Sunny,0,0,,,,,,lbw,Shahzaib Hasan,,
551073,2011/12,2012-02-27,"Shere Bangla National Stadium, Mirpur",2,6.2,Duronto Rajshahi,Dhaka Gladiators,Mushfiqur Rahim,SM Ervine,Elias Sunny,0,1,,,,1,,,,,
551073,2011/12,2012-02-27,"Shere Bangla National Stadium, Mirpur",2,6.3,Duronto Rajshahi,Dhaka Gladiators,SM Ervine,Mushfiqur Rahim,Elias Sunny,0,0,,,,,,,,,
551073,2011/12,2012-02-27,"Shere Bangla National Stadium, Mirpur",2,6.4,Duronto Rajshahi,Dhaka Gladiators,SM Ervine,Mushfiqur Rahim,Elias Sunny,1,0,,,,,,,,,
551073,2011/12,2012-02-27,"Shere Bangla National Stadium, Mirpur",2,6.5,Duronto Rajshahi,Dhaka Gladiators,Mushfiqur Rahim,SM Ervine,Elias Sunny,1,0,,,,,,,,,
551073,2011/12,2012-02-27,"Shere Bangla National Stadium, Mirpur",2,6.6,Duronto Rajshahi,Dhaka Gladiators,SM Ervine,Mushfiqur Rahim,Elias Sunny,1,0,,,,,,,,,
551073,2011/12,2012-02-27,"Shere Bangla National Stadium, Mirpur",2,7.1,Duronto Rajshahi,Dhaka Gladiators,SM Ervine,Mushfiqur Rahim,Naved-ul-Hasan,1,0,,,,,,,,,
551073,2011/12,2012-02-27,"Shere Bangla National Stadium, Mirpur",2,7.2,Duronto Rajshahi,Dhaka Gladiators,Mushfiqur Rahim,SM Ervine,Naved-ul-Hasan,0,0,,,,,,,,,
551073,2011/12,2012-02-27,"Shere Bangla National Stadium, Mirpur",2,7.3,Duronto Rajshahi,Dhaka Gladiators,Mushfiqur Rahim,SM Ervine,Naved-ul-Hasan,1,0,,,,,,,,,
551073,2011/12,2012-02-27,"Shere Bangla National Stadium, Mirpur",2,7.4,Duronto Rajshahi,Dhaka Gladiators,SM Ervine,Mushfiqur Rahim,Naved-ul-Hasan,0,0,,,,,,,,,
551073,2011/12,2012-02-27,"Shere Bangla National Stadium, Mirpur",2,7.5,Duronto Rajshahi,Dhaka Gladiators,SM Ervine,Mushfiqur Rahim,Naved-ul-Hasan,0,0,,,,,,,,,
551073,2011/12,2012-02-27,"Shere Bangla National Stadium, Mirpur",2,7.6,Duronto Rajshahi,Dhaka Gladiators,SM Ervine,Mushfiqur Rahim,Naved-ul-Hasan,0,0,,,,,,,,,
551073,2011/12,2012-02-27,"Shere Bangla National Stadium, Mirpur",2,8.1,Duronto Rajshahi,Dhaka Gladiators,Mushfiqur Rahim,SM Ervine,Elias Sunny,1,0,,,,,,,,,
551073,2011/12,2012-02-27,"Shere Bangla National Stadium, Mirpur",2,8.2,Duronto Rajshahi,Dhaka Gladiators,SM Ervine,Mushfiqur Rahim,Elias Sunny,1,0,,,,,,,,,
551073,2011/12,2012-02-27,"Shere Bangla National Stadium, Mirpur",2,8.3,Duronto Rajshahi,Dhaka Gladiators,Mushfiqur Rahim,SM Ervine,Elias Sunny,1,0,,,,,,,,,
551073,2011/12,2012-02-27,"Shere Bangla National Stadium, Mirpur",2,8.4,Duronto Rajshahi,Dhaka Gladiators,SM Ervine,Mushfiqur Rahim,Elias Sunny,0,0,,,,,,,,,
551073,2011/12,2012-02-27,"Shere Bangla National Stadium, Mirpur",2,8.5,Duronto Rajshahi,Dhaka Gladiators,SM Ervine,Mushfiqur Rahim,Elias Sunny,2,0,,,,,,,,,
551073,2011/12,2012-02-27,"Shere Bangla National Stadium, Mirpur",2,8.6,Duronto Rajshahi,Dhaka Gladiators,SM Ervine,Mushfiqur Rahim,Elias Sunny,1,0,,,,,,,,,
551073,2011/12,2012-02-27,"Shere Bangla National Stadium, Mirpur",2,9.1,Duronto Rajshahi,Dhaka Gladiators,SM Ervine,Mushfiqur Rahim,Naved-ul-Hasan,1,0,,,,,,,,,
551073,2011/12,2012-02-27,"Shere Bangla National Stadium, Mirpur",2,9.2,Duronto Rajshahi,Dhaka Gladiators,Mushfiqur Rahim,SM Ervine,Naved-ul-Hasan,1,0,,,,,,,,,
551073,2011/12,2012-02-27,"Shere Bangla National Stadium, Mirpur",2,9.3,Duronto Rajshahi,Dhaka Gladiators,SM Ervine,Mushfiqur Rahim,Naved-ul-Hasan,2,0,,,,,,,,,
551073,2011/12,2012-02-27,"Shere Bangla National Stadium, Mirpur",2,9.4,Duronto Rajshahi,Dhaka Gladiators,SM Ervine,Mushfiqur Rahim,Naved-ul-Hasan,4,0,,,,,,,,,
551073,2011/12,2012-02-27,"Shere Bangla National Stadium, Mirpur",2,9.5,Duronto Rajshahi,Dhaka Gladiators,SM Ervine,Mushfiqur Rahim,Naved-ul-Hasan,0,0,,,,,,bowled,SM Ervine,,
551073,2011/12,2012-02-27,"Shere Bangla National Stadium, Mirpur",2,9.6,Duronto Rajshahi,Dhaka Gladiators,Sabbir Rahman,Mushfiqur Rahim,Naved-ul-Hasan,0,0,,,,,,,,,
551073,2011/12,2012-02-27,"Shere Bangla National Stadium, Mirpur",2,10.1,Duronto Rajshahi,Dhaka Gladiators,Mushfiqur Rahim,Sabbir Rahman,Elias Sunny,1,0,,,,,,,,,
551073,2011/12,2012-02-27,"Shere Bangla National Stadium, Mirpur",2,10.2,Duronto Rajshahi,Dhaka Gladiators,Sabbir Rahman,Mushfiqur Rahim,Elias Sunny,1,0,,,,,,,,,
551073,2011/12,2012-02-27,"Shere Bangla National Stadium, Mirpur",2,10.3,Duronto Rajshahi,Dhaka Gladiators,Mushfiqur Rahim,Sabbir Rahman,Elias Sunny,0,0,,,,,,,,,
551073,2011/12,2012-02-27,"Shere Bangla National Stadium, Mirpur",2,10.4,Duronto Rajshahi,Dhaka Gladiators,Mushfiqur Rahim,Sabbir Rahman,Elias Sunny,4,0,,,,,,,,,
551073,2011/12,2012-02-27,"Shere Bangla National Stadium, Mirpur",2,10.5,Duronto Rajshahi,Dhaka Gladiators,Mushfiqur Rahim,Sabbir Rahman,Elias Sunny,1,0,,,,,,,,,
551073,2011/12,2012-02-27,"Shere Bangla National Stadium, Mirpur",2,10.6,Duronto Rajshahi,Dhaka Gladiators,Sabbir Rahman,Mushfiqur Rahim,Elias Sunny,0,0,,,,,,,,,
551073,2011/12,2012-02-27,"Shere Bangla National Stadium, Mirpur",2,11.1,Duronto Rajshahi,Dhaka Gladiators,Mushfiqur Rahim,Sabbir Rahman,Naved-ul-Hasan,0,1,,1,,,,,,,
551073,2011/12,2012-02-27,"Shere Bangla National Stadium, Mirpur",2,11.2,Duronto Rajshahi,Dhaka Gladiators,Mushfiqur Rahim,Sabbir Rahman,Naved-ul-Hasan,0,0,,,,,,,,,
551073,2011/12,2012-02-27,"Shere Bangla National Stadium, Mirpur",2,11.3,Duronto Rajshahi,Dhaka Gladiators,Mushfiqur Rahim,Sabbir Rahman,Naved-ul-Hasan,1,0,,,,,,,,,
551073,2011/12,2012-02-27,"Shere Bangla National Stadium, Mirpur",2,11.4,Duronto Rajshahi,Dhaka Gladiators,Sabbir Rahman,Mushfiqur Rahim,Naved-ul-Hasan,0,0,,,,,,,,,
551073,2011/12,2012-02-27,"Shere Bangla National Stadium, Mirpur",2,11.5,Duronto Rajshahi,Dhaka Gladiators,Sabbir Rahman,Mushfiqur Rahim,Naved-ul-Hasan,0,0,,,,,,,,,
551073,2011/12,2012-02-27,"Shere Bangla National Stadium, Mirpur",2,11.6,Duronto Rajshahi,Dhaka Gladiators,Sabbir Rahman,Mushfiqur Rahim,Naved-ul-Hasan,0,0,,,,,,,,,
551073,2011/12,2012-02-27,"Shere Bangla National Stadium, Mirpur",2,11.7,Duronto Rajshahi,Dhaka Gladiators,Sabbir Rahman,Mushfiqur Rahim,Naved-ul-Hasan,1,0,,,,,,,,,
551073,2011/12,2012-02-27,"Shere Bangla National Stadium, Mirpur",2,12.1,Duronto Rajshahi,Dhaka Gladiators,Sabbir Rahman,Mushfiqur Rahim,Elias Sunny,6,0,,,,,,,,,
551073,2011/12,2012-02-27,"Shere Bangla National Stadium, Mirpur",2,12.2,Duronto Rajshahi,Dhaka Gladiators,Sabbir Rahman,Mushfiqur Rahim,Elias Sunny,1,0,,,,,,,,,
551073,2011/12,2012-02-27,"Shere Bangla National Stadium, Mirpur",2,12.3,Duronto Rajshahi,Dhaka Gladiators,Mushfiqur Rahim,Sabbir Rahman,Elias Sunny,1,0,,,,,,,,,
551073,2011/12,2012-02-27,"Shere Bangla National Stadium, Mirpur",2,12.4,Duronto Rajshahi,Dhaka Gladiators,Sabbir Rahman,Mushfiqur Rahim,Elias Sunny,0,0,,,,,,lbw,Sabbir Rahman,,
551073,2011/12,2012-02-27,"Shere Bangla National Stadium, Mirpur",2,12.5,Duronto Rajshahi,Dhaka Gladiators,Rizwan Cheema,Mushfiqur Rahim,Elias Sunny,1,0,,,,,,,,,
551073,2011/12,2012-02-27,"Shere Bangla National Stadium, Mirpur",2,12.6,Duronto Rajshahi,Dhaka Gladiators,Mushfiqur Rahim,Rizwan Cheema,Elias Sunny,1,0,,,,,,,,,
551073,2011/12,2012-02-27,"Shere Bangla National Stadium, Mirpur",2,13.1,Duronto Rajshahi,Dhaka Gladiators,Mushfiqur Rahim,Rizwan Cheema,Azhar Mahmood,0,0,,,,,,,,,
551073,2011/12,2012-02-27,"Shere Bangla National Stadium, Mirpur",2,13.2,Duronto Rajshahi,Dhaka Gladiators,Mushfiqur Rahim,Rizwan Cheema,Azhar Mahmood,1,0,,,,,,,,,
551073,2011/12,2012-02-27,"Shere Bangla National Stadium, Mirpur",2,13.3,Duronto Rajshahi,Dhaka Gladiators,Rizwan Cheema,Mushfiqur Rahim,Azhar Mahmood,1,0,,,,,,,,,
551073,2011/12,2012-02-27,"Shere Bangla National Stadium, Mirpur",2,13.4,Duronto Rajshahi,Dhaka Gladiators,Mushfiqur Rahim,Rizwan Cheema,Azhar Mahmood,2,0,,,,,,,,,
551073,2011/12,2012-02-27,"Shere Bangla National Stadium, Mirpur",2,13.5,Duronto Rajshahi,Dhaka Gladiators,Mushfiqur Rahim,Rizwan Cheema,Azhar Mahmood,0,0,,,,,,,,,
551073,2011/12,2012-02-27,"Shere Bangla National Stadium, Mirpur",2,13.6,Duronto Rajshahi,Dhaka Gladiators,Mushfiqur Rahim,Rizwan Cheema,Azhar Mahmood,0,0,,,,,,,,,
551073,2011/12,2012-02-27,"Shere Bangla National Stadium, Mirpur",2,14.1,Duronto Rajshahi,Dhaka Gladiators,Rizwan Cheema,Mushfiqur Rahim,Mashrafe Mortaza,0,0,,,,,,caught,Rizwan Cheema,,
551073,2011/12,2012-02-27,"Shere Bangla National Stadium, Mirpur",2,14.2,Duronto Rajshahi,Dhaka Gladiators,Soumya Sarkar,Mushfiqur Rahim,Mashrafe Mortaza,1,0,,,,,,,,,
551073,2011/12,2012-02-27,"Shere Bangla National Stadium, Mirpur",2,14.3,Duronto Rajshahi,Dhaka Gladiators,Mushfiqur Rahim,Soumya Sarkar,Mashrafe Mortaza,0,0,,,,,,,,,
551073,2011/12,2012-02-27,"Shere Bangla National Stadium, Mirpur",2,14.4,Duronto Rajshahi,Dhaka Gladiators,Mushfiqur Rahim,Soumya Sarkar,Mashrafe Mortaza,1,0,,,,,,,,,
551073,2011/12,2012-02-27,"Shere Bangla National Stadium, Mirpur",2,14.5,Duronto Rajshahi,Dhaka Gladiators,Soumya Sarkar,Mushfiqur Rahim,Mashrafe Mortaza,0,0,,,,,,,,,
551073,2011/12,2012-02-27,"Shere Bangla National Stadium, Mirpur",2,14.6,Duronto Rajshahi,Dhaka Gladiators,Soumya Sarkar,Mushfiqur Rahim,Mashrafe Mortaza,1,0,,,,,,,,,
551073,2011/12,2012-02-27,"Shere Bangla National Stadium, Mirpur",2,15.1,Duronto Rajshahi,Dhaka Gladiators,Soumya Sarkar,Mushfiqur Rahim,KA Pollard,0,1,,,1,,,,,,
551073,2011/12,2012-02-27,"Shere Bangla National Stadium, Mirpur",2,15.2,Duronto Rajshahi,Dhaka Gladiators,Mushfiqur Rahim,Soumya Sarkar,KA Pollard,1,0,,,,,,,,,
551073,2011/12,2012-02-27,"Shere Bangla National Stadium, Mirpur",2,15.3,Duronto Rajshahi,Dhaka Gladiators,Soumya Sarkar,Mushfiqur Rahim,KA Pollard,0,0,,,,,,,,,
551073,2011/12,2012-02-27,"Shere Bangla National Stadium, Mirpur",2,15.4,Duronto Rajshahi,Dhaka Gladiators,Soumya Sarkar,Mushfiqur Rahim,KA Pollard,0,0,,,,,,,,,
551073,2011/12,2012-02-27,"Shere Bangla National Stadium, Mirpur",2,15.5,Duronto Rajshahi,Dhaka Gladiators,Soumya Sarkar,Mushfiqur Rahim,KA Pollard,1,0,,,,,,,,,
551073,2011/12,2012-02-27,"Shere Bangla National Stadium, Mirpur",2,15.6,Duronto Rajshahi,Dhaka Gladiators,Mushfiqur Rahim,Soumya Sarkar,KA Pollard,0,0,,,,,,,,,
551073,2011/12,2012-02-27,"Shere Bangla National Stadium, Mirpur",2,16.1,Duronto Rajshahi,Dhaka Gladiators,Soumya Sarkar,Mushfiqur Rahim,DI Stevens,1,0,,,,,,,,,
551073,2011/12,2012-02-27,"Shere Bangla National Stadium, Mirpur",2,16.2,Duronto Rajshahi,Dhaka Gladiators,Mushfiqur Rahim,Soumya Sarkar,DI Stevens,2,0,,,,,,,,,
551073,2011/12,2012-02-27,"Shere Bangla National Stadium, Mirpur",2,16.3,Duronto Rajshahi,Dhaka Gladiators,Mushfiqur Rahim,Soumya Sarkar,DI Stevens,1,0,,,,,,,,,
551073,2011/12,2012-02-27,"Shere Bangla National Stadium, Mirpur",2,16.4,Duronto Rajshahi,Dhaka Gladiators,Soumya Sarkar,Mushfiqur Rahim,DI Stevens,1,0,,,,,,,,,
551073,2011/12,2012-02-27,"Shere Bangla National Stadium, Mirpur",2,16.5,Duronto Rajshahi,Dhaka Gladiators,Mushfiqur Rahim,Soumya Sarkar,DI Stevens,2,0,,,,,,,,,
551073,2011/12,2012-02-27,"Shere Bangla National Stadium, Mirpur",2,16.6,Duronto Rajshahi,Dhaka Gladiators,Mushfiqur Rahim,Soumya Sarkar,DI Stevens,1,0,,,,,,,,,
551073,2011/12,2012-02-27,"Shere Bangla National Stadium, Mirpur",2,17.1,Duronto Rajshahi,Dhaka Gladiators,Mushfiqur Rahim,Soumya Sarkar,KA Pollard,1,0,,,,,,,,,
551073,2011/12,2012-02-27,"Shere Bangla National Stadium, Mirpur",2,17.2,Duronto Rajshahi,Dhaka Gladiators,Soumya Sarkar,Mushfiqur Rahim,KA Pollard,4,0,,,,,,,,,
551073,2011/12,2012-02-27,"Shere Bangla National Stadium, Mirpur",2,17.3,Duronto Rajshahi,Dhaka Gladiators,Soumya Sarkar,Mushfiqur Rahim,KA Pollard,1,0,,,,,,,,,
551073,2011/12,2012-02-27,"Shere Bangla National Stadium, Mirpur",2,17.4,Duronto Rajshahi,Dhaka Gladiators,Mushfiqur Rahim,Soumya Sarkar,KA Pollard,2,0,,,,,,,,,
551073,2011/12,2012-02-27,"Shere Bangla National Stadium, Mirpur",2,17.5,Duronto Rajshahi,Dhaka Gladiators,Mushfiqur Rahim,Soumya Sarkar,KA Pollard,0,1,1,,,,,,,,
551073,2011/12,2012-02-27,"Shere Bangla National Stadium, Mirpur",2,17.6,Duronto Rajshahi,Dhaka Gladiators,Mushfiqur Rahim,Soumya Sarkar,KA Pollard,4,0,,,,,,,,,
551073,2011/12,2012-02-27,"Shere Bangla National Stadium, Mirpur",2,17.7,Duronto Rajshahi,Dhaka Gladiators,Mushfiqur Rahim,Soumya Sarkar,KA Pollard,1,0,,,,,,,,,
551073,2011/12,2012-02-27,"Shere Bangla National Stadium, Mirpur",2,18.1,Duronto Rajshahi,Dhaka Gladiators,Mushfiqur Rahim,Soumya Sarkar,Naved-ul-Hasan,1,0,,,,,,,,,
551073,2011/12,2012-02-27,"Shere Bangla National Stadium, Mirpur",2,18.2,Duronto Rajshahi,Dhaka Gladiators,Soumya Sarkar,Mushfiqur Rahim,Naved-ul-Hasan,1,0,,,,,,,,,
551073,2011/12,2012-02-27,"Shere Bangla National Stadium, Mirpur",2,18.3,Duronto Rajshahi,Dhaka Gladiators,Mushfiqur Rahim,Soumya Sarkar,Naved-ul-Hasan,1,0,,,,,,,,,
551073,2011/12,2012-02-27,"Shere Bangla National Stadium, Mirpur",2,18.4,Duronto Rajshahi,Dhaka Gladiators,Soumya Sarkar,Mushfiqur Rahim,Naved-ul-Hasan,0,1,1,,,,,,,,
551073,2011/12,2012-02-27,"Shere Bangla National Stadium, Mirpur",2,18.5,Duronto Rajshahi,Dhaka Gladiators,Soumya Sarkar,Mushfiqur Rahim,Naved-ul-Hasan,0,0,,,,,,lbw,Soumya Sarkar,,
551073,2011/12,2012-02-27,"Shere Bangla National Stadium, Mirpur",2,18.6,Duronto Rajshahi,Dhaka Gladiators,Mohammad Sami,Mushfiqur Rahim,Naved-ul-Hasan,2,0,,,,,,,,,
551073,2011/12,2012-02-27,"Shere Bangla National Stadium, Mirpur",2,18.7,Duronto Rajshahi,Dhaka Gladiators,Mohammad Sami,Mushfiqur Rahim,Naved-ul-Hasan,0,0,,,,,,,,,
551073,2011/12,2012-02-27,"Shere Bangla National Stadium, Mirpur",2,19.1,Duronto Rajshahi,Dhaka Gladiators,Mushfiqur Rahim,Mohammad Sami,KA Pollard,1,0,,,,,,,,,
551073,2011/12,2012-02-27,"Shere Bangla National Stadium, Mirpur",2,19.2,Duronto Rajshahi,Dhaka Gladiators,Mohammad Sami,Mushfiqur Rahim,KA Pollard,1,0,,,,,,,,,
551073,2011/12,2012-02-27,"Shere Bangla National Stadium, Mirpur",2,19.3,Duronto Rajshahi,Dhaka Gladiators,Mushfiqur Rahim,Mohammad Sami,KA Pollard,4,0,,,,,,,,,
