match_id,season,start_date,venue,innings,ball,batting_team,bowling_team,striker,non_striker,bowler,runs_off_bat,extras,wides,noballs,byes,legbyes,penalty,wicket_type,player_dismissed,other_wicket_type,other_player_dismissed
551048,2011/12,2012-02-11,"Shere Bangla National Stadium, Mirpur",1,0.1,Barisal Burners,Duronto Rajshahi,Ahmed Shehzad,CH Gayle,Syed Rasel,0,0,,,,,,,,,
551048,2011/12,2012-02-11,"Shere Bangla National Stadium, Mirpur",1,0.2,Barisal Burners,Duronto Rajshahi,Ahmed Shehzad,CH Gayle,Syed Rasel,1,0,,,,,,,,,
551048,2011/12,2012-02-11,"Shere Bangla National Stadium, Mirpur",1,0.3,Barisal Burners,Duronto Rajshahi,CH Gayle,Ahmed Shehzad,Syed Rasel,1,0,,,,,,,,,
551048,2011/12,2012-02-11,"Shere Bangla National Stadium, Mirpur",1,0.4,Barisal Burners,Duronto Rajshahi,Ahmed Shehzad,CH Gayle,Syed Rasel,0,0,,,,,,,,,
551048,2011/12,2012-02-11,"Shere Bangla National Stadium, Mirpur",1,0.5,Barisal Burners,Duronto Rajshahi,Ahmed Shehzad,CH Gayle,Syed Rasel,4,0,,,,,,,,,
551048,2011/12,2012-02-11,"Shere Bangla National Stadium, Mirpur",1,0.6,Barisal Burners,Duronto Rajshahi,Ahmed Shehzad,CH Gayle,Syed Rasel,4,0,,,,,,,,,
551048,2011/12,2012-02-11,"Shere Bangla National Stadium, Mirpur",1,1.1,Barisal Burners,Duronto Rajshahi,CH Gayle,Ahmed Shehzad,Mohammad Sami,4,0,,,,,,,,,
551048,2011/12,2012-02-11,"Shere Bangla National Stadium, Mirpur",1,1.2,Barisal Burners,Duronto Rajshahi,CH Gayle,Ahmed Shehzad,Mohammad Sami,0,0,,,,,,,,,
551048,2011/12,2012-02-11,"Shere Bangla National Stadium, Mirpur",1,1.3,Barisal Burners,Duronto Rajshahi,CH Gayle,Ahmed Shehzad,Mohammad Sami,4,0,,,,,,,,,
551048,2011/12,2012-02-11,"Shere Bangla National Stadium, Mirpur",1,1.4,Barisal Burners,Duronto Rajshahi,CH Gayle,Ahmed Shehzad,Mohammad Sami,0,0,,,,,,,,,
551048,2011/12,2012-02-11,"Shere Bangla National Stadium, Mirpur",1,1.5,Barisal Burners,Duronto Rajshahi,CH Gayle,Ahmed Shehzad,Mohammad Sami,6,0,,,,,,,,,
551048,2011/12,2012-02-11,"Shere Bangla National Stadium, Mirpur",1,1.6,Barisal Burners,Duronto Rajshahi,CH Gayle,Ahmed Shehzad,Mohammad Sami,1,0,,,,,,,,,
551048,2011/12,2012-02-11,"Shere Bangla National Stadium, Mirpur",1,2.1,Barisal Burners,Duronto Rajshahi,CH Gayle,Ahmed Shehzad,Syed Rasel,1,0,,,,,,,,,
551048,2011/12,2012-02-11,"Shere Bangla National Stadium, Mirpur",1,2.2,Barisal Burners,Duronto Rajshahi,Ahmed Shehzad,CH Gayle,Syed Rasel,6,0,,,,,,,,,
551048,2011/12,2012-02-11,"Shere Bangla National Stadium, Mirpur",1,2.3,Barisal Burners,Duronto Rajshahi,Ahmed Shehzad,CH Gayle,Syed Rasel,1,0,,,,,,,,,
551048,2011/12,2012-02-11,"Shere Bangla National Stadium, Mirpur",1,2.4,Barisal Burners,Duronto Rajshahi,CH Gayle,Ahmed Shehzad,Syed Rasel,0,0,,,,,,,,,
551048,2011/12,2012-02-11,"Shere Bangla National Stadium, Mirpur",1,2.5,Barisal Burners,Duronto Rajshahi,CH Gayle,Ahmed Shehzad,Syed Rasel,1,0,,,,,,,,,
551048,2011/12,2012-02-11,"Shere Bangla National Stadium, Mirpur",1,2.6,Barisal Burners,Duronto Rajshahi,Ahmed Shehzad,CH Gayle,Syed Rasel,1,0,,,,,,,,,
551048,2011/12,2012-02-11,"Shere Bangla National Stadium, Mirpur",1,3.1,Barisal Burners,Duronto Rajshahi,Ahmed Shehzad,CH Gayle,Mohammad Sami,0,0,,,,,,,,,
551048,2011/12,2012-02-11,"Shere Bangla National Stadium, Mirpur",1,3.2,Barisal Burners,Duronto Rajshahi,Ahmed Shehzad,CH Gayle,Mohammad Sami,0,0,,,,,,,,,
551048,2011/12,2012-02-11,"Shere Bangla National Stadium, Mirpur",1,3.3,Barisal Burners,Duronto Rajshahi,Ahmed Shehzad,CH Gayle,Mohammad Sami,6,0,,,,,,,,,
551048,2011/12,2012-02-11,"Shere Bangla National Stadium, Mirpur",1,3.4,Barisal Burners,Duronto Rajshahi,Ahmed Shehzad,CH Gayle,Mohammad Sami,0,0,,,,,,,,,
551048,2011/12,2012-02-11,"Shere Bangla National Stadium, Mirpur",1,3.5,Barisal Burners,Duronto Rajshahi,Ahmed Shehzad,CH Gayle,Mohammad Sami,6,0,,,,,,,,,
551048,2011/12,2012-02-11,"Shere Bangla National Stadium, Mirpur",1,3.6,Barisal Burners,Duronto Rajshahi,Ahmed Shehzad,CH Gayle,Mohammad Sami,0,0,,,,,,,,,
551048,2011/12,2012-02-11,"Shere Bangla National Stadium, Mirpur",1,4.1,Barisal Burners,Duronto Rajshahi,CH Gayle,Ahmed Shehzad,MN Samuels,0,2,2,,,,,,,,
551048,2011/12,2012-02-11,"Shere Bangla National Stadium, Mirpur",1,4.2,Barisal Burners,Duronto Rajshahi,Ahmed Shehzad,CH Gayle,MN Samuels,0,0,,,,,,,,,
551048,2011/12,2012-02-11,"Shere Bangla National Stadium, Mirpur",1,4.3,Barisal Burners,Duronto Rajshahi,Ahmed Shehzad,CH Gayle,MN Samuels,0,0,,,,,,,,,
551048,2011/12,2012-02-11,"Shere Bangla National Stadium, Mirpur",1,4.4,Barisal Burners,Duronto Rajshahi,Ahmed Shehzad,CH Gayle,MN Samuels,0,0,,,,,,,,,
551048,2011/12,2012-02-11,"Shere Bangla National Stadium, Mirpur",1,4.5,Barisal Burners,Duronto Rajshahi,Ahmed Shehzad,CH Gayle,MN Samuels,1,0,,,,,,,,,
551048,2011/12,2012-02-11,"Shere Bangla National Stadium, Mirpur",1,4.6,Barisal Burners,Duronto Rajshahi,CH Gayle,Ahmed Shehzad,MN Samuels,0,0,,,,,,,,,
551048,2011/12,2012-02-11,"Shere Bangla National Stadium, Mirpur",1,4.7,Barisal Burners,Duronto Rajshahi,CH Gayle,Ahmed Shehzad,MN Samuels,1,0,,,,,,,,,
551048,2011/12,2012-02-11,"Shere Bangla National Stadium, Mirpur",1,5.1,Barisal Burners,Duronto Rajshahi,CH Gayle,Ahmed Shehzad,Syed Rasel,4,0,,,,,,,,,
551048,2011/12,2012-02-11,"Shere Bangla National Stadium, Mirpur",1,5.2,Barisal Burners,Duronto Rajshahi,CH Gayle,Ahmed Shehzad,Syed Rasel,6,0,,,,,,,,,
551048,2011/12,2012-02-11,"Shere Bangla National Stadium, Mirpur",1,5.3,Barisal Burners,Duronto Rajshahi,CH Gayle,Ahmed Shehzad,Syed Rasel,1,0,,,,,,,,,
551048,2011/12,2012-02-11,"Shere Bangla National Stadium, Mirpur",1,5.4,Barisal Burners,Duronto Rajshahi,Ahmed Shehzad,CH Gayle,Syed Rasel,0,1,1,,,,,,,,
551048,2011/12,2012-02-11,"Shere Bangla National Stadium, Mirpur",1,5.5,Barisal Burners,Duronto Rajshahi,Ahmed Shehzad,CH Gayle,Syed Rasel,0,1,1,,,,,,,,
551048,2011/12,2012-02-11,"Shere Bangla National Stadium, Mirpur",1,5.6,Barisal Burners,Duronto Rajshahi,Ahmed Shehzad,CH Gayle,Syed Rasel,0,0,,,,,,,,,
551048,2011/12,2012-02-11,"Shere Bangla National Stadium, Mirpur",1,5.7,Barisal Burners,Duronto Rajshahi,Ahmed Shehzad,CH Gayle,Syed Rasel,0,0,,,,,,,,,
551048,2011/12,2012-02-11,"Shere Bangla National Stadium, Mirpur",1,5.8,Barisal Burners,Duronto Rajshahi,Ahmed Shehzad,CH Gayle,Syed Rasel,0,0,,,,,,,,,
551048,2011/12,2012-02-11,"Shere Bangla National Stadium, Mirpur",1,6.1,Barisal Burners,Duronto Rajshahi,CH Gayle,Ahmed Shehzad,MN Samuels,4,0,,,,,,,,,
551048,2011/12,2012-02-11,"Shere Bangla National Stadium, Mirpur",1,6.2,Barisal Burners,Duronto Rajshahi,CH Gayle,Ahmed Shehzad,MN Samuels,1,0,,,,,,,,,
551048,2011/12,2012-02-11,"Shere Bangla National Stadium, Mirpur",1,6.3,Barisal Burners,Duronto Rajshahi,Ahmed Shehzad,CH Gayle,MN Samuels,6,0,,,,,,,,,
551048,2011/12,2012-02-11,"Shere Bangla National Stadium, Mirpur",1,6.4,Barisal Burners,Duronto Rajshahi,Ahmed Shehzad,CH Gayle,MN Samuels,1,0,,,,,,,,,
551048,2011/12,2012-02-11,"Shere Bangla National Stadium, Mirpur",1,6.5,Barisal Burners,Duronto Rajshahi,CH Gayle,Ahmed Shehzad,MN Samuels,2,0,,,,,,,,,
551048,2011/12,2012-02-11,"Shere Bangla National Stadium, Mirpur",1,6.6,Barisal Burners,Duronto Rajshahi,CH Gayle,Ahmed Shehzad,MN Samuels,0,0,,,,,,,,,
551048,2011/12,2012-02-11,"Shere Bangla National Stadium, Mirpur",1,7.1,Barisal Burners,Duronto Rajshahi,Ahmed Shehzad,CH Gayle,Abdul Razzaq,1,0,,,,,,,,,
551048,2011/12,2012-02-11,"Shere Bangla National Stadium, Mirpur",1,7.2,Barisal Burners,Duronto Rajshahi,CH Gayle,Ahmed Shehzad,Abdul Razzaq,1,0,,,,,,,,,
551048,2011/12,2012-02-11,"Shere Bangla National Stadium, Mirpur",1,7.3,Barisal Burners,Duronto Rajshahi,Ahmed Shehzad,CH Gayle,Abdul Razzaq,1,0,,,,,,,,,
551048,2011/12,2012-02-11,"Shere Bangla National Stadium, Mirpur",1,7.4,Barisal Burners,Duronto Rajshahi,CH Gayle,Ahmed Shehzad,Abdul Razzaq,0,0,,,,,,,,,
551048,2011/12,2012-02-11,"Shere Bangla National Stadium, Mirpur",1,7.5,Barisal Burners,Duronto Rajshahi,CH Gayle,Ahmed Shehzad,Abdul Razzaq,1,0,,,,,,,,,
551048,2011/12,2012-02-11,"Shere Bangla National Stadium, Mirpur",1,7.6,Barisal Burners,Duronto Rajshahi,Ahmed Shehzad,CH Gayle,Abdul Razzaq,0,0,,,,,,,,,
551048,2011/12,2012-02-11,"Shere Bangla National Stadium, Mirpur",1,8.1,Barisal Burners,Duronto Rajshahi,CH Gayle,Ahmed Shehzad,MN Samuels,0,0,,,,,,caught,CH Gayle,,
551048,2011/12,2012-02-11,"Shere Bangla National Stadium, Mirpur",1,8.2,Barisal Burners,Duronto Rajshahi,Shahriar Nafees,Ahmed Shehzad,MN Samuels,0,0,,,,,,,,,
551048,2011/12,2012-02-11,"Shere Bangla National Stadium, Mirpur",1,8.3,Barisal Burners,Duronto Rajshahi,Shahriar Nafees,Ahmed Shehzad,MN Samuels,0,0,,,,,,,,,
551048,2011/12,2012-02-11,"Shere Bangla National Stadium, Mirpur",1,8.4,Barisal Burners,Duronto Rajshahi,Shahriar Nafees,Ahmed Shehzad,MN Samuels,0,0,,,,,,,,,
551048,2011/12,2012-02-11,"Shere Bangla National Stadium, Mirpur",1,8.5,Barisal Burners,Duronto Rajshahi,Shahriar Nafees,Ahmed Shehzad,MN Samuels,0,0,,,,,,,,,
551048,2011/12,2012-02-11,"Shere Bangla National Stadium, Mirpur",1,8.6,Barisal Burners,Duronto Rajshahi,Shahriar Nafees,Ahmed Shehzad,MN Samuels,0,0,,,,,,,,,
551048,2011/12,2012-02-11,"Shere Bangla National Stadium, Mirpur",1,9.1,Barisal Burners,Duronto Rajshahi,Ahmed Shehzad,Shahriar Nafees,Saqlain Sajib,1,0,,,,,,,,,
551048,2011/12,2012-02-11,"Shere Bangla National Stadium, Mirpur",1,9.2,Barisal Burners,Duronto Rajshahi,Shahriar Nafees,Ahmed Shehzad,Saqlain Sajib,1,0,,,,,,,,,
551048,2011/12,2012-02-11,"Shere Bangla National Stadium, Mirpur",1,9.3,Barisal Burners,Duronto Rajshahi,Ahmed Shehzad,Shahriar Nafees,Saqlain Sajib,1,0,,,,,,,,,
551048,2011/12,2012-02-11,"Shere Bangla National Stadium, Mirpur",1,9.4,Barisal Burners,Duronto Rajshahi,Shahriar Nafees,Ahmed Shehzad,Saqlain Sajib,1,0,,,,,,,,,
551048,2011/12,2012-02-11,"Shere Bangla National Stadium, Mirpur",1,9.5,Barisal Burners,Duronto Rajshahi,Ahmed Shehzad,Shahriar Nafees,Saqlain Sajib,4,0,,,,,,,,,
551048,2011/12,2012-02-11,"Shere Bangla National Stadium, Mirpur",1,9.6,Barisal Burners,Duronto Rajshahi,Ahmed Shehzad,Shahriar Nafees,Saqlain Sajib,0,1,1,,,,,,,,
551048,2011/12,2012-02-11,"Shere Bangla National Stadium, Mirpur",1,9.7,Barisal Burners,Duronto Rajshahi,Ahmed Shehzad,Shahriar Nafees,Saqlain Sajib,6,0,,,,,,,,,
551048,2011/12,2012-02-11,"Shere Bangla National Stadium, Mirpur",1,10.1,Barisal Burners,Duronto Rajshahi,Shahriar Nafees,Ahmed Shehzad,MN Samuels,0,0,,,,,,,,,
551048,2011/12,2012-02-11,"Shere Bangla National Stadium, Mirpur",1,10.2,Barisal Burners,Duronto Rajshahi,Shahriar Nafees,Ahmed Shehzad,MN Samuels,0,0,,,,,,,,,
551048,2011/12,2012-02-11,"Shere Bangla National Stadium, Mirpur",1,10.3,Barisal Burners,Duronto Rajshahi,Shahriar Nafees,Ahmed Shehzad,MN Samuels,0,0,,,,,,,,,
551048,2011/12,2012-02-11,"Shere Bangla National Stadium, Mirpur",1,10.4,Barisal Burners,Duronto Rajshahi,Shahriar Nafees,Ahmed Shehzad,MN Samuels,1,0,,,,,,,,,
551048,2011/12,2012-02-11,"Shere Bangla National Stadium, Mirpur",1,10.5,Barisal Burners,Duronto Rajshahi,Ahmed Shehzad,Shahriar Nafees,MN Samuels,1,0,,,,,,,,,
551048,2011/12,2012-02-11,"Shere Bangla National Stadium, Mirpur",1,10.6,Barisal Burners,Duronto Rajshahi,Shahriar Nafees,Ahmed Shehzad,MN Samuels,2,0,,,,,,,,,
551048,2011/12,2012-02-11,"Shere Bangla National Stadium, Mirpur",1,11.1,Barisal Burners,Duronto Rajshahi,Ahmed Shehzad,Shahriar Nafees,Abdul Razzaq,6,0,,,,,,,,,
551048,2011/12,2012-02-11,"Shere Bangla National Stadium, Mirpur",1,11.2,Barisal Burners,Duronto Rajshahi,Ahmed Shehzad,Shahriar Nafees,Abdul Razzaq,1,0,,,,,,,,,
551048,2011/12,2012-02-11,"Shere Bangla National Stadium, Mirpur",1,11.3,Barisal Burners,Duronto Rajshahi,Shahriar Nafees,Ahmed Shehzad,Abdul Razzaq,0,0,,,,,,,,,
551048,2011/12,2012-02-11,"Shere Bangla National Stadium, Mirpur",1,11.4,Barisal Burners,Duronto Rajshahi,Shahriar Nafees,Ahmed Shehzad,Abdul Razzaq,4,0,,,,,,,,,
551048,2011/12,2012-02-11,"Shere Bangla National Stadium, Mirpur",1,11.5,Barisal Burners,Duronto Rajshahi,Shahriar Nafees,Ahmed Shehzad,Abdul Razzaq,1,0,,,,,,,,,
551048,2011/12,2012-02-11,"Shere Bangla National Stadium, Mirpur",1,11.6,Barisal Burners,Duronto Rajshahi,Ahmed Shehzad,Shahriar Nafees,Abdul Razzaq,1,0,,,,,,,,,
551048,2011/12,2012-02-11,"Shere Bangla National Stadium, Mirpur",1,12.1,Barisal Burners,Duronto Rajshahi,Ahmed Shehzad,Shahriar Nafees,SM Ervine,0,0,,,,,,,,,
551048,2011/12,2012-02-11,"Shere Bangla National Stadium, Mirpur",1,12.2,Barisal Burners,Duronto Rajshahi,Ahmed Shehzad,Shahriar Nafees,SM Ervine,2,0,,,,,,,,,
551048,2011/12,2012-02-11,"Shere Bangla National Stadium, Mirpur",1,12.3,Barisal Burners,Duronto Rajshahi,Ahmed Shehzad,Shahriar Nafees,SM Ervine,4,0,,,,,,,,,
551048,2011/12,2012-02-11,"Shere Bangla National Stadium, Mirpur",1,12.4,Barisal Burners,Duronto Rajshahi,Ahmed Shehzad,Shahriar Nafees,SM Ervine,1,0,,,,,,,,,
551048,2011/12,2012-02-11,"Shere Bangla National Stadium, Mirpur",1,12.5,Barisal Burners,Duronto Rajshahi,Shahriar Nafees,Ahmed Shehzad,SM Ervine,1,0,,,,,,,,,
551048,2011/12,2012-02-11,"Shere Bangla National Stadium, Mirpur",1,12.6,Barisal Burners,Duronto Rajshahi,Ahmed Shehzad,Shahriar Nafees,SM Ervine,0,0,,,,,,,,,
551048,2011/12,2012-02-11,"Shere Bangla National Stadium, Mirpur",1,13.1,Barisal Burners,Duronto Rajshahi,Shahriar Nafees,Ahmed Shehzad,Abdul Razzaq,1,0,,,,,,,,,
551048,2011/12,2012-02-11,"Shere Bangla National Stadium, Mirpur",1,13.2,Barisal Burners,Duronto Rajshahi,Ahmed Shehzad,Shahriar Nafees,Abdul Razzaq,0,1,1,,,,,,,,
551048,2011/12,2012-02-11,"Shere Bangla National Stadium, Mirpur",1,13.3,Barisal Burners,Duronto Rajshahi,Ahmed Shehzad,Shahriar Nafees,Abdul Razzaq,0,0,,,,,,caught,Ahmed Shehzad,,
551048,2011/12,2012-02-11,"Shere Bangla National Stadium, Mirpur",1,13.4,Barisal Burners,Duronto Rajshahi,BJ Hodge,Shahriar Nafees,Abdul Razzaq,0,0,,,,,,,,,
551048,2011/12,2012-02-11,"Shere Bangla National Stadium, Mirpur",1,13.5,Barisal Burners,Duronto Rajshahi,BJ Hodge,Shahriar Nafees,Abdul Razzaq,1,0,,,,,,,,,
551048,2011/12,2012-02-11,"Shere Bangla National Stadium, Mirpur",1,13.6,Barisal Burners,Duronto Rajshahi,Shahriar Nafees,BJ Hodge,Abdul Razzaq,0,0,,,,,,,,,
551048,2011/12,2012-02-11,"Shere Bangla National Stadium, Mirpur",1,13.7,Barisal Burners,Duronto Rajshahi,Shahriar Nafees,BJ Hodge,Abdul Razzaq,1,0,,,,,,,,,
551048,2011/12,2012-02-11,"Shere Bangla National Stadium, Mirpur",1,14.1,Barisal Burners,Duronto Rajshahi,Shahriar Nafees,BJ Hodge,SM Ervine,1,0,,,,,,,,,
551048,2011/12,2012-02-11,"Shere Bangla National Stadium, Mirpur",1,14.2,Barisal Burners,Duronto Rajshahi,BJ Hodge,Shahriar Nafees,SM Ervine,4,0,,,,,,,,,
551048,2011/12,2012-02-11,"Shere Bangla National Stadium, Mirpur",1,14.3,Barisal Burners,Duronto Rajshahi,BJ Hodge,Shahriar Nafees,SM Ervine,1,0,,,,,,,,,
551048,2011/12,2012-02-11,"Shere Bangla National Stadium, Mirpur",1,14.4,Barisal Burners,Duronto Rajshahi,Shahriar Nafees,BJ Hodge,SM Ervine,4,0,,,,,,,,,
551048,2011/12,2012-02-11,"Shere Bangla National Stadium, Mirpur",1,14.5,Barisal Burners,Duronto Rajshahi,Shahriar Nafees,BJ Hodge,SM Ervine,1,0,,,,,,,,,
551048,2011/12,2012-02-11,"Shere Bangla National Stadium, Mirpur",1,14.6,Barisal Burners,Duronto Rajshahi,BJ Hodge,Shahriar Nafees,SM Ervine,0,0,,,,,,,,,
551048,2011/12,2012-02-11,"Shere Bangla National Stadium, Mirpur",1,15.1,Barisal Burners,Duronto Rajshahi,Shahriar Nafees,BJ Hodge,Abdul Razzaq,4,0,,,,,,,,,
551048,2011/12,2012-02-11,"Shere Bangla National Stadium, Mirpur",1,15.2,Barisal Burners,Duronto Rajshahi,Shahriar Nafees,BJ Hodge,Abdul Razzaq,0,0,,,,,,,,,
551048,2011/12,2012-02-11,"Shere Bangla National Stadium, Mirpur",1,15.3,Barisal Burners,Duronto Rajshahi,Shahriar Nafees,BJ Hodge,Abdul Razzaq,1,0,,,,,,,,,
551048,2011/12,2012-02-11,"Shere Bangla National Stadium, Mirpur",1,15.4,Barisal Burners,Duronto Rajshahi,BJ Hodge,Shahriar Nafees,Abdul Razzaq,0,0,,,,,,,,,
551048,2011/12,2012-02-11,"Shere Bangla National Stadium, Mirpur",1,15.5,Barisal Burners,Duronto Rajshahi,BJ Hodge,Shahriar Nafees,Abdul Razzaq,1,0,,,,,,,,,
551048,2011/12,2012-02-11,"Shere Bangla National Stadium, Mirpur",1,15.6,Barisal Burners,Duronto Rajshahi,Shahriar Nafees,BJ Hodge,Abdul Razzaq,0,0,,,,,,,,,
551048,2011/12,2012-02-11,"Shere Bangla National Stadium, Mirpur",1,16.1,Barisal Burners,Duronto Rajshahi,BJ Hodge,Shahriar Nafees,Saqlain Sajib,1,0,,,,,,,,,
551048,2011/12,2012-02-11,"Shere Bangla National Stadium, Mirpur",1,16.2,Barisal Burners,Duronto Rajshahi,Shahriar Nafees,BJ Hodge,Saqlain Sajib,1,0,,,,,,,,,
551048,2011/12,2012-02-11,"Shere Bangla National Stadium, Mirpur",1,16.3,Barisal Burners,Duronto Rajshahi,BJ Hodge,Shahriar Nafees,Saqlain Sajib,4,0,,,,,,,,,
551048,2011/12,2012-02-11,"Shere Bangla National Stadium, Mirpur",1,16.4,Barisal Burners,Duronto Rajshahi,BJ Hodge,Shahriar Nafees,Saqlain Sajib,1,0,,,,,,,,,
551048,2011/12,2012-02-11,"Shere Bangla National Stadium, Mirpur",1,16.5,Barisal Burners,Duronto Rajshahi,Shahriar Nafees,BJ Hodge,Saqlain Sajib,1,0,,,,,,,,,
551048,2011/12,2012-02-11,"Shere Bangla National Stadium, Mirpur",1,16.6,Barisal Burners,Duronto Rajshahi,BJ Hodge,Shahriar Nafees,Saqlain Sajib,1,0,,,,,,,,,
551048,2011/12,2012-02-11,"Shere Bangla National Stadium, Mirpur",1,17.1,Barisal Burners,Duronto Rajshahi,BJ Hodge,Shahriar Nafees,Mohammad Sami,0,0,,,,,,,,,
551048,2011/12,2012-02-11,"Shere Bangla National Stadium, Mirpur",1,17.2,Barisal Burners,Duronto Rajshahi,BJ Hodge,Shahriar Nafees,Mohammad Sami,1,0,,,,,,,,,
551048,2011/12,2012-02-11,"Shere Bangla National Stadium, Mirpur",1,17.3,Barisal Burners,Duronto Rajshahi,Shahriar Nafees,BJ Hodge,Mohammad Sami,0,1,,,,1,,,,,
551048,2011/12,2012-02-11,"Shere Bangla National Stadium, Mirpur",1,17.4,Barisal Burners,Duronto Rajshahi,BJ Hodge,Shahriar Nafees,Mohammad Sami,0,0,,,,,,,,,
551048,2011/12,2012-02-11,"Shere Bangla National Stadium, Mirpur",1,17.5,Barisal Burners,Duronto Rajshahi,BJ Hodge,Shahriar Nafees,Mohammad Sami,0,0,,,,,,,,,
551048,2011/12,2012-02-11,"Shere Bangla National Stadium, Mirpur",1,17.6,Barisal Burners,Duronto Rajshahi,BJ Hodge,Shahriar Nafees,Mohammad Sami,1,0,,,,,,,,,
551048,2011/12,2012-02-11,"Shere Bangla National Stadium, Mirpur",1,18.1,Barisal Burners,Duronto Rajshahi,BJ Hodge,Shahriar Nafees,SM Ervine,0,0,,,,,,,,,
551048,2011/12,2012-02-11,"Shere Bangla National Stadium, Mirpur",1,18.2,Barisal Burners,Duronto Rajshahi,BJ Hodge,Shahriar Nafees,SM Ervine,6,0,,,,,,,,,
551048,2011/12,2012-02-11,"Shere Bangla National Stadium, Mirpur",1,18.3,Barisal Burners,Duronto Rajshahi,BJ Hodge,Shahriar Nafees,SM Ervine,4,0,,,,,,,,,
551048,2011/12,2012-02-11,"Shere Bangla National Stadium, Mirpur",1,18.4,Barisal Burners,Duronto Rajshahi,BJ Hodge,Shahriar Nafees,SM Ervine,6,0,,,,,,,,,
551048,2011/12,2012-02-11,"Shere Bangla National Stadium, Mirpur",1,18.5,Barisal Burners,Duronto Rajshahi,BJ Hodge,Shahriar Nafees,SM Ervine,4,0,,,,,,,,,
551048,2011/12,2012-02-11,"Shere Bangla National Stadium, Mirpur",1,18.6,Barisal Burners,Duronto Rajshahi,BJ Hodge,Shahriar Nafees,SM Ervine,1,0,,,,,,,,,
551048,2011/12,2012-02-11,"Shere Bangla National Stadium, Mirpur",1,19.1,Barisal Burners,Duronto Rajshahi,BJ Hodge,Shahriar Nafees,Mohammad Sami,0,1,,,1,,,,,,
551048,2011/12,2012-02-11,"Shere Bangla National Stadium, Mirpur",1,19.2,Barisal Burners,Duronto Rajshahi,Shahriar Nafees,BJ Hodge,Mohammad Sami,1,0,,,,,,,,,
551048,2011/12,2012-02-11,"Shere Bangla National Stadium, Mirpur",1,19.3,Barisal Burners,Duronto Rajshahi,BJ Hodge,Shahriar Nafees,Mohammad Sami,0,0,,,,,,,,,
551048,2011/12,2012-02-11,"Shere Bangla National Stadium, Mirpur",1,19.4,Barisal Burners,Duronto Rajshahi,BJ Hodge,Shahriar Nafees,Mohammad Sami,1,0,,,,,,,,,
551048,2011/12,2012-02-11,"Shere Bangla National Stadium, Mirpur",1,19.5,Barisal Burners,Duronto Rajshahi,Shahriar Nafees,BJ Hodge,Mohammad Sami,0,0,,,,,,,,,
551048,2011/12,2012-02-11,"Shere Bangla National Stadium, Mirpur",1,19.6,Barisal Burners,Duronto Rajshahi,Shahriar Nafees,BJ Hodge,Mohammad Sami,1,0,,,,,,,,,
551048,2011/12,2012-02-11,"Shere Bangla National Stadium, Mirpur",2,0.1,Duronto Rajshahi,Barisal Burners,Mizanur Rahman,Junaid Siddique,Yasir Arafat,0,0,,,,,,,,,
551048,2011/12,2012-02-11,"Shere Bangla National Stadium, Mirpur",2,0.2,Duronto Rajshahi,Barisal Burners,Mizanur Rahman,Junaid Siddique,Yasir Arafat,0,0,,,,,,,,,
551048,2011/12,2012-02-11,"Shere Bangla National Stadium, Mirpur",2,0.3,Duronto Rajshahi,Barisal Burners,Mizanur Rahman,Junaid Siddique,Yasir Arafat,0,0,,,,,,,,,
551048,2011/12,2012-02-11,"Shere Bangla National Stadium, Mirpur",2,0.4,Duronto Rajshahi,Barisal Burners,Mizanur Rahman,Junaid Siddique,Yasir Arafat,0,0,,,,,,,,,
551048,2011/12,2012-02-11,"Shere Bangla National Stadium, Mirpur",2,0.5,Duronto Rajshahi,Barisal Burners,Mizanur Rahman,Junaid Siddique,Yasir Arafat,1,0,,,,,,,,,
551048,2011/12,2012-02-11,"Shere Bangla National Stadium, Mirpur",2,0.6,Duronto Rajshahi,Barisal Burners,Junaid Siddique,Mizanur Rahman,Yasir Arafat,4,0,,,,,,,,,
551048,2011/12,2012-02-11,"Shere Bangla National Stadium, Mirpur",2,1.1,Duronto Rajshahi,Barisal Burners,Mizanur Rahman,Junaid Siddique,SM Harwood,1,0,,,,,,,,,
551048,2011/12,2012-02-11,"Shere Bangla National Stadium, Mirpur",2,1.2,Duronto Rajshahi,Barisal Burners,Junaid Siddique,Mizanur Rahman,SM Harwood,1,0,,,,,,,,,
551048,2011/12,2012-02-11,"Shere Bangla National Stadium, Mirpur",2,1.3,Duronto Rajshahi,Barisal Burners,Mizanur Rahman,Junaid Siddique,SM Harwood,0,0,,,,,,,,,
551048,2011/12,2012-02-11,"Shere Bangla National Stadium, Mirpur",2,1.4,Duronto Rajshahi,Barisal Burners,Mizanur Rahman,Junaid Siddique,SM Harwood,0,0,,,,,,,,,
551048,2011/12,2012-02-11,"Shere Bangla National Stadium, Mirpur",2,1.5,Duronto Rajshahi,Barisal Burners,Mizanur Rahman,Junaid Siddique,SM Harwood,1,0,,,,,,,,,
551048,2011/12,2012-02-11,"Shere Bangla National Stadium, Mirpur",2,1.6,Duronto Rajshahi,Barisal Burners,Junaid Siddique,Mizanur Rahman,SM Harwood,0,0,,,,,,,,,
551048,2011/12,2012-02-11,"Shere Bangla National Stadium, Mirpur",2,2.1,Duronto Rajshahi,Barisal Burners,Mizanur Rahman,Junaid Siddique,Yasir Arafat,2,0,,,,,,,,,
551048,2011/12,2012-02-11,"Shere Bangla National Stadium, Mirpur",2,2.2,Duronto Rajshahi,Barisal Burners,Mizanur Rahman,Junaid Siddique,Yasir Arafat,4,0,,,,,,,,,
551048,2011/12,2012-02-11,"Shere Bangla National Stadium, Mirpur",2,2.3,Duronto Rajshahi,Barisal Burners,Mizanur Rahman,Junaid Siddique,Yasir Arafat,4,0,,,,,,,,,
551048,2011/12,2012-02-11,"Shere Bangla National Stadium, Mirpur",2,2.4,Duronto Rajshahi,Barisal Burners,Mizanur Rahman,Junaid Siddique,Yasir Arafat,1,0,,,,,,,,,
551048,2011/12,2012-02-11,"Shere Bangla National Stadium, Mirpur",2,2.5,Duronto Rajshahi,Barisal Burners,Junaid Siddique,Mizanur Rahman,Yasir Arafat,0,0,,,,,,caught,Junaid Siddique,,
551048,2011/12,2012-02-11,"Shere Bangla National Stadium, Mirpur",2,2.6,Duronto Rajshahi,Barisal Burners,Mizanur Rahman,MN Samuels,Yasir Arafat,1,0,,,,,,,,,
551048,2011/12,2012-02-11,"Shere Bangla National Stadium, Mirpur",2,3.1,Duronto Rajshahi,Barisal Burners,Mizanur Rahman,MN Samuels,SM Harwood,1,0,,,,,,,,,
551048,2011/12,2012-02-11,"Shere Bangla National Stadium, Mirpur",2,3.2,Duronto Rajshahi,Barisal Burners,MN Samuels,Mizanur Rahman,SM Harwood,1,0,,,,,,,,,
551048,2011/12,2012-02-11,"Shere Bangla National Stadium, Mirpur",2,3.3,Duronto Rajshahi,Barisal Burners,Mizanur Rahman,MN Samuels,SM Harwood,0,0,,,,,,,,,
551048,2011/12,2012-02-11,"Shere Bangla National Stadium, Mirpur",2,3.4,Duronto Rajshahi,Barisal Burners,Mizanur Rahman,MN Samuels,SM Harwood,0,0,,,,,,,,,
551048,2011/12,2012-02-11,"Shere Bangla National Stadium, Mirpur",2,3.5,Duronto Rajshahi,Barisal Burners,Mizanur Rahman,MN Samuels,SM Harwood,0,0,,,,,,,,,
551048,2011/12,2012-02-11,"Shere Bangla National Stadium, Mirpur",2,3.6,Duronto Rajshahi,Barisal Burners,Mizanur Rahman,MN Samuels,SM Harwood,4,0,,,,,,,,,
551048,2011/12,2012-02-11,"Shere Bangla National Stadium, Mirpur",2,4.1,Duronto Rajshahi,Barisal Burners,MN Samuels,Mizanur Rahman,Nazmul Islam,0,0,,,,,,,,,
551048,2011/12,2012-02-11,"Shere Bangla National Stadium, Mirpur",2,4.2,Duronto Rajshahi,Barisal Burners,MN Samuels,Mizanur Rahman,Nazmul Islam,1,0,,,,,,,,,
551048,2011/12,2012-02-11,"Shere Bangla National Stadium, Mirpur",2,4.3,Duronto Rajshahi,Barisal Burners,Mizanur Rahman,MN Samuels,Nazmul Islam,4,0,,,,,,,,,
551048,2011/12,2012-02-11,"Shere Bangla National Stadium, Mirpur",2,4.4,Duronto Rajshahi,Barisal Burners,Mizanur Rahman,MN Samuels,Nazmul Islam,0,0,,,,,,,,,
551048,2011/12,2012-02-11,"Shere Bangla National Stadium, Mirpur",2,4.5,Duronto Rajshahi,Barisal Burners,Mizanur Rahman,MN Samuels,Nazmul Islam,1,0,,,,,,,,,
551048,2011/12,2012-02-11,"Shere Bangla National Stadium, Mirpur",2,4.6,Duronto Rajshahi,Barisal Burners,MN Samuels,Mizanur Rahman,Nazmul Islam,0,0,,,,,,,,,
551048,2011/12,2012-02-11,"Shere Bangla National Stadium, Mirpur",2,5.1,Duronto Rajshahi,Barisal Burners,Mizanur Rahman,MN Samuels,Suhrawadi Shuvo,0,0,,,,,,,,,
551048,2011/12,2012-02-11,"Shere Bangla National Stadium, Mirpur",2,5.2,Duronto Rajshahi,Barisal Burners,Mizanur Rahman,MN Samuels,Suhrawadi Shuvo,1,0,,,,,,,,,
551048,2011/12,2012-02-11,"Shere Bangla National Stadium, Mirpur",2,5.3,Duronto Rajshahi,Barisal Burners,MN Samuels,Mizanur Rahman,Suhrawadi Shuvo,4,0,,,,,,,,,
551048,2011/12,2012-02-11,"Shere Bangla National Stadium, Mirpur",2,5.4,Duronto Rajshahi,Barisal Burners,MN Samuels,Mizanur Rahman,Suhrawadi Shuvo,1,0,,,,,,,,,
551048,2011/12,2012-02-11,"Shere Bangla National Stadium, Mirpur",2,5.5,Duronto Rajshahi,Barisal Burners,Mizanur Rahman,MN Samuels,Suhrawadi Shuvo,1,0,,,,,,,,,
551048,2011/12,2012-02-11,"Shere Bangla National Stadium, Mirpur",2,5.6,Duronto Rajshahi,Barisal Burners,MN Samuels,Mizanur Rahman,Suhrawadi Shuvo,0,0,,,,,,,,,
551048,2011/12,2012-02-11,"Shere Bangla National Stadium, Mirpur",2,6.1,Duronto Rajshahi,Barisal Burners,Mizanur Rahman,MN Samuels,Nazmul Islam,1,0,,,,,,,,,
551048,2011/12,2012-02-11,"Shere Bangla National Stadium, Mirpur",2,6.2,Duronto Rajshahi,Barisal Burners,MN Samuels,Mizanur Rahman,Nazmul Islam,1,0,,,,,,,,,
551048,2011/12,2012-02-11,"Shere Bangla National Stadium, Mirpur",2,6.3,Duronto Rajshahi,Barisal Burners,Mizanur Rahman,MN Samuels,Nazmul Islam,1,0,,,,,,,,,
551048,2011/12,2012-02-11,"Shere Bangla National Stadium, Mirpur",2,6.4,Duronto Rajshahi,Barisal Burners,MN Samuels,Mizanur Rahman,Nazmul Islam,0,0,,,,,,bowled,MN Samuels,,
551048,2011/12,2012-02-11,"Shere Bangla National Stadium, Mirpur",2,6.5,Duronto Rajshahi,Barisal Burners,Mushfiqur Rahim,Mizanur Rahman,Nazmul Islam,0,0,,,,,,,,,
551048,2011/12,2012-02-11,"Shere Bangla National Stadium, Mirpur",2,6.6,Duronto Rajshahi,Barisal Burners,Mushfiqur Rahim,Mizanur Rahman,Nazmul Islam,0,0,,,,,,run out,Mushfiqur Rahim,,
551048,2011/12,2012-02-11,"Shere Bangla National Stadium, Mirpur",2,7.1,Duronto Rajshahi,Barisal Burners,Abdul Razzaq,Mizanur Rahman,Suhrawadi Shuvo,1,0,,,,,,,,,
551048,2011/12,2012-02-11,"Shere Bangla National Stadium, Mirpur",2,7.2,Duronto Rajshahi,Barisal Burners,Mizanur Rahman,Abdul Razzaq,Suhrawadi Shuvo,1,0,,,,,,,,,
551048,2011/12,2012-02-11,"Shere Bangla National Stadium, Mirpur",2,7.3,Duronto Rajshahi,Barisal Burners,Abdul Razzaq,Mizanur Rahman,Suhrawadi Shuvo,2,0,,,,,,,,,
551048,2011/12,2012-02-11,"Shere Bangla National Stadium, Mirpur",2,7.4,Duronto Rajshahi,Barisal Burners,Abdul Razzaq,Mizanur Rahman,Suhrawadi Shuvo,1,0,,,,,,,,,
551048,2011/12,2012-02-11,"Shere Bangla National Stadium, Mirpur",2,7.5,Duronto Rajshahi,Barisal Burners,Mizanur Rahman,Abdul Razzaq,Suhrawadi Shuvo,1,0,,,,,,,,,
551048,2011/12,2012-02-11,"Shere Bangla National Stadium, Mirpur",2,7.6,Duronto Rajshahi,Barisal Burners,Abdul Razzaq,Mizanur Rahman,Suhrawadi Shuvo,4,0,,,,,,,,,
551048,2011/12,2012-02-11,"Shere Bangla National Stadium, Mirpur",2,8.1,Duronto Rajshahi,Barisal Burners,Mizanur Rahman,Abdul Razzaq,CH Gayle,4,0,,,,,,,,,
551048,2011/12,2012-02-11,"Shere Bangla National Stadium, Mirpur",2,8.2,Duronto Rajshahi,Barisal Burners,Mizanur Rahman,Abdul Razzaq,CH Gayle,6,0,,,,,,,,,
551048,2011/12,2012-02-11,"Shere Bangla National Stadium, Mirpur",2,8.3,Duronto Rajshahi,Barisal Burners,Mizanur Rahman,Abdul Razzaq,CH Gayle,1,0,,,,,,,,,
551048,2011/12,2012-02-11,"Shere Bangla National Stadium, Mirpur",2,8.4,Duronto Rajshahi,Barisal Burners,Abdul Razzaq,Mizanur Rahman,CH Gayle,0,0,,,,,,,,,
551048,2011/12,2012-02-11,"Shere Bangla National Stadium, Mirpur",2,8.5,Duronto Rajshahi,Barisal Burners,Abdul Razzaq,Mizanur Rahman,CH Gayle,2,0,,,,,,,,,
551048,2011/12,2012-02-11,"Shere Bangla National Stadium, Mirpur",2,8.6,Duronto Rajshahi,Barisal Burners,Abdul Razzaq,Mizanur Rahman,CH Gayle,0,1,1,,,,,,,,
551048,2011/12,2012-02-11,"Shere Bangla National Stadium, Mirpur",2,8.7,Duronto Rajshahi,Barisal Burners,Abdul Razzaq,Mizanur Rahman,CH Gayle,0,0,,,,,,,,,
551048,2011/12,2012-02-11,"Shere Bangla National Stadium, Mirpur",2,9.1,Duronto Rajshahi,Barisal Burners,Mizanur Rahman,Abdul Razzaq,Suhrawadi Shuvo,0,0,,,,,,,,,
551048,2011/12,2012-02-11,"Shere Bangla National Stadium, Mirpur",2,9.2,Duronto Rajshahi,Barisal Burners,Mizanur Rahman,Abdul Razzaq,Suhrawadi Shuvo,0,0,,,,,,,,,
551048,2011/12,2012-02-11,"Shere Bangla National Stadium, Mirpur",2,9.3,Duronto Rajshahi,Barisal Burners,Mizanur Rahman,Abdul Razzaq,Suhrawadi Shuvo,0,0,,,,,,,,,
551048,2011/12,2012-02-11,"Shere Bangla National Stadium, Mirpur",2,9.4,Duronto Rajshahi,Barisal Burners,Mizanur Rahman,Abdul Razzaq,Suhrawadi Shuvo,1,0,,,,,,,,,
551048,2011/12,2012-02-11,"Shere Bangla National Stadium, Mirpur",2,9.5,Duronto Rajshahi,Barisal Burners,Abdul Razzaq,Mizanur Rahman,Suhrawadi Shuvo,1,0,,,,,,,,,
551048,2011/12,2012-02-11,"Shere Bangla National Stadium, Mirpur",2,9.6,Duronto Rajshahi,Barisal Burners,Mizanur Rahman,Abdul Razzaq,Suhrawadi Shuvo,1,0,,,,,,,,,
551048,2011/12,2012-02-11,"Shere Bangla National Stadium, Mirpur",2,10.1,Duronto Rajshahi,Barisal Burners,Mizanur Rahman,Abdul Razzaq,Ahmed Shehzad,0,0,,,,,,,,,
551048,2011/12,2012-02-11,"Shere Bangla National Stadium, Mirpur",2,10.2,Duronto Rajshahi,Barisal Burners,Mizanur Rahman,Abdul Razzaq,Ahmed Shehzad,0,1,,,,1,,,,,
551048,2011/12,2012-02-11,"Shere Bangla National Stadium, Mirpur",2,10.3,Duronto Rajshahi,Barisal Burners,Abdul Razzaq,Mizanur Rahman,Ahmed Shehzad,1,0,,,,,,,,,
551048,2011/12,2012-02-11,"Shere Bangla National Stadium, Mirpur",2,10.4,Duronto Rajshahi,Barisal Burners,Mizanur Rahman,Abdul Razzaq,Ahmed Shehzad,0,1,,,,1,,,,,
551048,2011/12,2012-02-11,"Shere Bangla National Stadium, Mirpur",2,10.5,Duronto Rajshahi,Barisal Burners,Abdul Razzaq,Mizanur Rahman,Ahmed Shehzad,2,0,,,,,,,,,
551048,2011/12,2012-02-11,"Shere Bangla National Stadium, Mirpur",2,10.6,Duronto Rajshahi,Barisal Burners,Abdul Razzaq,Mizanur Rahman,Ahmed Shehzad,1,0,,,,,,,,,
551048,2011/12,2012-02-11,"Shere Bangla National Stadium, Mirpur",2,11.1,Duronto Rajshahi,Barisal Burners,Abdul Razzaq,Mizanur Rahman,Suhrawadi Shuvo,6,0,,,,,,,,,
551048,2011/12,2012-02-11,"Shere Bangla National Stadium, Mirpur",2,11.2,Duronto Rajshahi,Barisal Burners,Abdul Razzaq,Mizanur Rahman,Suhrawadi Shuvo,1,0,,,,,,,,,
551048,2011/12,2012-02-11,"Shere Bangla National Stadium, Mirpur",2,11.3,Duronto Rajshahi,Barisal Burners,Mizanur Rahman,Abdul Razzaq,Suhrawadi Shuvo,1,0,,,,,,,,,
551048,2011/12,2012-02-11,"Shere Bangla National Stadium, Mirpur",2,11.4,Duronto Rajshahi,Barisal Burners,Abdul Razzaq,Mizanur Rahman,Suhrawadi Shuvo,1,0,,,,,,,,,
551048,2011/12,2012-02-11,"Shere Bangla National Stadium, Mirpur",2,11.5,Duronto Rajshahi,Barisal Burners,Mizanur Rahman,Abdul Razzaq,Suhrawadi Shuvo,0,0,,,,,,,,,
551048,2011/12,2012-02-11,"Shere Bangla National Stadium, Mirpur",2,11.6,Duronto Rajshahi,Barisal Burners,Mizanur Rahman,Abdul Razzaq,Suhrawadi Shuvo,0,0,,,,,,,,,
551048,2011/12,2012-02-11,"Shere Bangla National Stadium, Mirpur",2,12.1,Duronto Rajshahi,Barisal Burners,Abdul Razzaq,Mizanur Rahman,Ahmed Shehzad,2,0,,,,,,,,,
551048,2011/12,2012-02-11,"Shere Bangla National Stadium, Mirpur",2,12.2,Duronto Rajshahi,Barisal Burners,Abdul Razzaq,Mizanur Rahman,Ahmed Shehzad,0,1,,,,1,,,,,
551048,2011/12,2012-02-11,"Shere Bangla National Stadium, Mirpur",2,12.3,Duronto Rajshahi,Barisal Burners,Mizanur Rahman,Abdul Razzaq,Ahmed Shehzad,1,0,,,,,,,,,
551048,2011/12,2012-02-11,"Shere Bangla National Stadium, Mirpur",2,12.4,Duronto Rajshahi,Barisal Burners,Abdul Razzaq,Mizanur Rahman,Ahmed Shehzad,1,0,,,,,,,,,
551048,2011/12,2012-02-11,"Shere Bangla National Stadium, Mirpur",2,12.5,Duronto Rajshahi,Barisal Burners,Mizanur Rahman,Abdul Razzaq,Ahmed Shehzad,1,0,,,,,,,,,
551048,2011/12,2012-02-11,"Shere Bangla National Stadium, Mirpur",2,12.6,Duronto Rajshahi,Barisal Burners,Abdul Razzaq,Mizanur Rahman,Ahmed Shehzad,1,0,,,,,,,,,
551048,2011/12,2012-02-11,"Shere Bangla National Stadium, Mirpur",2,13.1,Duronto Rajshahi,Barisal Burners,Abdul Razzaq,Mizanur Rahman,Nazmul Islam,0,0,,,,,,caught,Abdul Razzaq,,
551048,2011/12,2012-02-11,"Shere Bangla National Stadium, Mirpur",2,13.2,Duronto Rajshahi,Barisal Burners,Fawad Alam,Mizanur Rahman,Nazmul Islam,4,0,,,,,,,,,
551048,2011/12,2012-02-11,"Shere Bangla National Stadium, Mirpur",2,13.3,Duronto Rajshahi,Barisal Burners,Fawad Alam,Mizanur Rahman,Nazmul Islam,1,0,,,,,,,,,
551048,2011/12,2012-02-11,"Shere Bangla National Stadium, Mirpur",2,13.4,Duronto Rajshahi,Barisal Burners,Mizanur Rahman,Fawad Alam,Nazmul Islam,6,0,,,,,,,,,
551048,2011/12,2012-02-11,"Shere Bangla National Stadium, Mirpur",2,13.5,Duronto Rajshahi,Barisal Burners,Mizanur Rahman,Fawad Alam,Nazmul Islam,1,0,,,,,,,,,
551048,2011/12,2012-02-11,"Shere Bangla National Stadium, Mirpur",2,13.6,Duronto Rajshahi,Barisal Burners,Fawad Alam,Mizanur Rahman,Nazmul Islam,1,0,,,,,,,,,
551048,2011/12,2012-02-11,"Shere Bangla National Stadium, Mirpur",2,14.1,Duronto Rajshahi,Barisal Burners,Fawad Alam,Mizanur Rahman,Ahmed Shehzad,1,0,,,,,,,,,
551048,2011/12,2012-02-11,"Shere Bangla National Stadium, Mirpur",2,14.2,Duronto Rajshahi,Barisal Burners,Mizanur Rahman,Fawad Alam,Ahmed Shehzad,2,0,,,,,,,,,
551048,2011/12,2012-02-11,"Shere Bangla National Stadium, Mirpur",2,14.3,Duronto Rajshahi,Barisal Burners,Mizanur Rahman,Fawad Alam,Ahmed Shehzad,4,0,,,,,,,,,
551048,2011/12,2012-02-11,"Shere Bangla National Stadium, Mirpur",2,14.4,Duronto Rajshahi,Barisal Burners,Mizanur Rahman,Fawad Alam,Ahmed Shehzad,1,0,,,,,,,,,
551048,2011/12,2012-02-11,"Shere Bangla National Stadium, Mirpur",2,14.5,Duronto Rajshahi,Barisal Burners,Fawad Alam,Mizanur Rahman,Ahmed Shehzad,1,0,,,,,,,,,
551048,2011/12,2012-02-11,"Shere Bangla National Stadium, Mirpur",2,14.6,Duronto Rajshahi,Barisal Burners,Mizanur Rahman,Fawad Alam,Ahmed Shehzad,4,0,,,,,,,,,
551048,2011/12,2012-02-11,"Shere Bangla National Stadium, Mirpur",2,15.1,Duronto Rajshahi,Barisal Burners,Fawad Alam,Mizanur Rahman,SM Harwood,0,0,,,,,,caught,Fawad Alam,,
551048,2011/12,2012-02-11,"Shere Bangla National Stadium, Mirpur",2,15.2,Duronto Rajshahi,Barisal Burners,Mizanur Rahman,Sabbir Rahman,SM Harwood,0,0,,,,,,bowled,Mizanur Rahman,,
551048,2011/12,2012-02-11,"Shere Bangla National Stadium, Mirpur",2,15.3,Duronto Rajshahi,Barisal Burners,SM Ervine,Sabbir Rahman,SM Harwood,1,0,,,,,,,,,
551048,2011/12,2012-02-11,"Shere Bangla National Stadium, Mirpur",2,15.4,Duronto Rajshahi,Barisal Burners,Sabbir Rahman,SM Ervine,SM Harwood,1,0,,,,,,,,,
551048,2011/12,2012-02-11,"Shere Bangla National Stadium, Mirpur",2,15.5,Duronto Rajshahi,Barisal Burners,SM Ervine,Sabbir Rahman,SM Harwood,4,0,,,,,,,,,
551048,2011/12,2012-02-11,"Shere Bangla National Stadium, Mirpur",2,15.6,Duronto Rajshahi,Barisal Burners,SM Ervine,Sabbir Rahman,SM Harwood,1,0,,,,,,,,,
551048,2011/12,2012-02-11,"Shere Bangla National Stadium, Mirpur",2,16.1,Duronto Rajshahi,Barisal Burners,SM Ervine,Sabbir Rahman,Yasir Arafat,1,0,,,,,,,,,
551048,2011/12,2012-02-11,"Shere Bangla National Stadium, Mirpur",2,16.2,Duronto Rajshahi,Barisal Burners,Sabbir Rahman,SM Ervine,Yasir Arafat,1,0,,,,,,,,,
551048,2011/12,2012-02-11,"Shere Bangla National Stadium, Mirpur",2,16.3,Duronto Rajshahi,Barisal Burners,SM Ervine,Sabbir Rahman,Yasir Arafat,2,0,,,,,,,,,
551048,2011/12,2012-02-11,"Shere Bangla National Stadium, Mirpur",2,16.4,Duronto Rajshahi,Barisal Burners,SM Ervine,Sabbir Rahman,Yasir Arafat,0,0,,,,,,caught,SM Ervine,,
551048,2011/12,2012-02-11,"Shere Bangla National Stadium, Mirpur",2,16.5,Duronto Rajshahi,Barisal Burners,Sabbir Rahman,Mohammad Sami,Yasir Arafat,0,0,,,,,,,,,
551048,2011/12,2012-02-11,"Shere Bangla National Stadium, Mirpur",2,16.6,Duronto Rajshahi,Barisal Burners,Sabbir Rahman,Mohammad Sami,Yasir Arafat,1,1,,1,,,,,,,
551048,2011/12,2012-02-11,"Shere Bangla National Stadium, Mirpur",2,16.7,Duronto Rajshahi,Barisal Burners,Mohammad Sami,Sabbir Rahman,Yasir Arafat,1,0,,,,,,,,,
551048,2011/12,2012-02-11,"Shere Bangla National Stadium, Mirpur",2,17.1,Duronto Rajshahi,Barisal Burners,Mohammad Sami,Sabbir Rahman,SM Harwood,1,0,,,,,,,,,
551048,2011/12,2012-02-11,"Shere Bangla National Stadium, Mirpur",2,17.2,Duronto Rajshahi,Barisal Burners,Sabbir Rahman,Mohammad Sami,SM Harwood,0,1,1,,,,,,,,
551048,2011/12,2012-02-11,"Shere Bangla National Stadium, Mirpur",2,17.3,Duronto Rajshahi,Barisal Burners,Sabbir Rahman,Mohammad Sami,SM Harwood,0,0,,,,,,,,,
551048,2011/12,2012-02-11,"Shere Bangla National Stadium, Mirpur",2,17.4,Duronto Rajshahi,Barisal Burners,Sabbir Rahman,Mohammad Sami,SM Harwood,0,2,2,,,,,,,,
551048,2011/12,2012-02-11,"Shere Bangla National Stadium, Mirpur",2,17.5,Duronto Rajshahi,Barisal Burners,Mohammad Sami,Sabbir Rahman,Ahmed Shehzad,1,0,,,,,,,,,
551048,2011/12,2012-02-11,"Shere Bangla National Stadium, Mirpur",2,17.6,Duronto Rajshahi,Barisal Burners,Sabbir Rahman,Mohammad Sami,Ahmed Shehzad,1,0,,,,,,,,,
551048,2011/12,2012-02-11,"Shere Bangla National Stadium, Mirpur",2,17.7,Duronto Rajshahi,Barisal Burners,Mohammad Sami,Sabbir Rahman,Ahmed Shehzad,6,0,,,,,,,,,
551048,2011/12,2012-02-11,"Shere Bangla National Stadium, Mirpur",2,17.8,Duronto Rajshahi,Barisal Burners,Mohammad Sami,Sabbir Rahman,Ahmed Shehzad,0,0,,,,,,caught,Mohammad Sami,,
551048,2011/12,2012-02-11,"Shere Bangla National Stadium, Mirpur",2,18.1,Duronto Rajshahi,Barisal Burners,Syed Rasel,Sabbir Rahman,Yasir Arafat,0,0,,,,,,,,,
551048,2011/12,2012-02-11,"Shere Bangla National Stadium, Mirpur",2,18.2,Duronto Rajshahi,Barisal Burners,Syed Rasel,Sabbir Rahman,Yasir Arafat,0,1,1,,,,,,,,
551048,2011/12,2012-02-11,"Shere Bangla National Stadium, Mirpur",2,18.3,Duronto Rajshahi,Barisal Burners,Syed Rasel,Sabbir Rahman,Yasir Arafat,1,0,,,,,,,,,
551048,2011/12,2012-02-11,"Shere Bangla National Stadium, Mirpur",2,18.4,Duronto Rajshahi,Barisal Burners,Sabbir Rahman,Syed Rasel,Yasir Arafat,0,1,1,,,,,,,,
551048,2011/12,2012-02-11,"Shere Bangla National Stadium, Mirpur",2,18.5,Duronto Rajshahi,Barisal Burners,Sabbir Rahman,Syed Rasel,Yasir Arafat,0,0,,,,,,,,,
551048,2011/12,2012-02-11,"Shere Bangla National Stadium, Mirpur",2,18.6,Duronto Rajshahi,Barisal Burners,Sabbir Rahman,Syed Rasel,Yasir Arafat,6,0,,,,,,,,,
551048,2011/12,2012-02-11,"Shere Bangla National Stadium, Mirpur",2,18.7,Duronto Rajshahi,Barisal Burners,Sabbir Rahman,Syed Rasel,Yasir Arafat,0,0,,,,,,,,,
551048,2011/12,2012-02-11,"Shere Bangla National Stadium, Mirpur",2,18.8,Duronto Rajshahi,Barisal Burners,Sabbir Rahman,Syed Rasel,Yasir Arafat,1,0,,,,,,,,,
551048,2011/12,2012-02-11,"Shere Bangla National Stadium, Mirpur",2,19.1,Duronto Rajshahi,Barisal Burners,Sabbir Rahman,Syed Rasel,CH Gayle,2,0,,,,,,,,,
551048,2011/12,2012-02-11,"Shere Bangla National Stadium, Mirpur",2,19.2,Duronto Rajshahi,Barisal Burners,Sabbir Rahman,Syed Rasel,CH Gayle,0,0,,,,,,,,,
551048,2011/12,2012-02-11,"Shere Bangla National Stadium, Mirpur",2,19.3,Duronto Rajshahi,Barisal Burners,Sabbir Rahman,Syed Rasel,CH Gayle,1,0,,,,,,,,,
551048,2011/12,2012-02-11,"Shere Bangla National Stadium, Mirpur",2,19.4,Duronto Rajshahi,Barisal Burners,Syed Rasel,Sabbir Rahman,CH Gayle,0,0,,,,,,bowled,Syed Rasel,,
551048,2011/12,2012-02-11,"Shere Bangla National Stadium, Mirpur",2,19.5,Duronto Rajshahi,Barisal Burners,Saqlain Sajib,Sabbir Rahman,CH Gayle,1,0,,,,,,,,,
551048,2011/12,2012-02-11,"Shere Bangla National Stadium, Mirpur",2,19.6,Duronto Rajshahi,Barisal Burners,Sabbir Rahman,Saqlain Sajib,CH Gayle,1,0,,,,,,,,,
