match_id,season,start_date,venue,innings,ball,batting_team,bowling_team,striker,non_striker,bowler,runs_off_bat,extras,wides,noballs,byes,legbyes,penalty,wicket_type,player_dismissed,other_wicket_type,other_player_dismissed
599888,2012/13,2013-02-02,"MA Aziz Stadium, Chittagong",1,0.1,Chittagong Kings,Dhaka Gladiators,Naeem Islam,RS Bopara,Saqlain Sajib,1,0,,,,,,,,,
599888,2012/13,2013-02-02,"MA Aziz Stadium, Chittagong",1,0.2,Chittagong Kings,Dhaka Gladiators,RS Bopara,Naeem Islam,Saqlain Sajib,0,0,,,,,,,,,
599888,2012/13,2013-02-02,"MA Aziz Stadium, Chittagong",1,0.3,Chittagong Kings,Dhaka Gladiators,RS Bopara,Naeem Islam,Saqlain Sajib,0,0,,,,,,,,,
599888,2012/13,2013-02-02,"MA Aziz Stadium, Chittagong",1,0.4,Chittagong Kings,Dhaka Gladiators,RS Bopara,Naeem Islam,Saqlain Sajib,0,0,,,,,,,,,
599888,2012/13,2013-02-02,"MA Aziz Stadium, Chittagong",1,0.5,Chittagong Kings,Dhaka Gladiators,RS Bopara,Naeem Islam,Saqlain Sajib,0,0,,,,,,,,,
599888,2012/13,2013-02-02,"MA Aziz Stadium, Chittagong",1,0.6,Chittagong Kings,Dhaka Gladiators,RS Bopara,Naeem Islam,Saqlain Sajib,0,0,,,,,,,,,
599888,2012/13,2013-02-02,"MA Aziz Stadium, Chittagong",1,1.1,Chittagong Kings,Dhaka Gladiators,Naeem Islam,RS Bopara,AC Thomas,0,0,,,,,,,,,
599888,2012/13,2013-02-02,"MA Aziz Stadium, Chittagong",1,1.2,Chittagong Kings,Dhaka Gladiators,Naeem Islam,RS Bopara,AC Thomas,1,0,,,,,,,,,
599888,2012/13,2013-02-02,"MA Aziz Stadium, Chittagong",1,1.3,Chittagong Kings,Dhaka Gladiators,RS Bopara,Naeem Islam,AC Thomas,0,0,,,,,,caught,RS Bopara,,
599888,2012/13,2013-02-02,"MA Aziz Stadium, Chittagong",1,1.4,Chittagong Kings,Dhaka Gladiators,Naeem Islam,BRM Taylor,AC Thomas,0,0,,,,,,,,,
599888,2012/13,2013-02-02,"MA Aziz Stadium, Chittagong",1,1.5,Chittagong Kings,Dhaka Gladiators,Naeem Islam,BRM Taylor,AC Thomas,1,0,,,,,,,,,
599888,2012/13,2013-02-02,"MA Aziz Stadium, Chittagong",1,1.6,Chittagong Kings,Dhaka Gladiators,BRM Taylor,Naeem Islam,AC Thomas,1,0,,,,,,,,,
599888,2012/13,2013-02-02,"MA Aziz Stadium, Chittagong",1,2.1,Chittagong Kings,Dhaka Gladiators,BRM Taylor,Naeem Islam,Saqlain Sajib,6,0,,,,,,,,,
599888,2012/13,2013-02-02,"MA Aziz Stadium, Chittagong",1,2.2,Chittagong Kings,Dhaka Gladiators,BRM Taylor,Naeem Islam,Saqlain Sajib,0,0,,,,,,,,,
599888,2012/13,2013-02-02,"MA Aziz Stadium, Chittagong",1,2.3,Chittagong Kings,Dhaka Gladiators,BRM Taylor,Naeem Islam,Saqlain Sajib,4,0,,,,,,,,,
599888,2012/13,2013-02-02,"MA Aziz Stadium, Chittagong",1,2.4,Chittagong Kings,Dhaka Gladiators,BRM Taylor,Naeem Islam,Saqlain Sajib,0,0,,,,,,,,,
599888,2012/13,2013-02-02,"MA Aziz Stadium, Chittagong",1,2.5,Chittagong Kings,Dhaka Gladiators,BRM Taylor,Naeem Islam,Saqlain Sajib,4,0,,,,,,,,,
599888,2012/13,2013-02-02,"MA Aziz Stadium, Chittagong",1,2.6,Chittagong Kings,Dhaka Gladiators,BRM Taylor,Naeem Islam,Saqlain Sajib,1,0,,,,,,,,,
599888,2012/13,2013-02-02,"MA Aziz Stadium, Chittagong",1,3.1,Chittagong Kings,Dhaka Gladiators,BRM Taylor,Naeem Islam,AC Thomas,0,0,,,,,,,,,
599888,2012/13,2013-02-02,"MA Aziz Stadium, Chittagong",1,3.2,Chittagong Kings,Dhaka Gladiators,BRM Taylor,Naeem Islam,AC Thomas,0,0,,,,,,,,,
599888,2012/13,2013-02-02,"MA Aziz Stadium, Chittagong",1,3.3,Chittagong Kings,Dhaka Gladiators,BRM Taylor,Naeem Islam,AC Thomas,0,0,,,,,,,,,
599888,2012/13,2013-02-02,"MA Aziz Stadium, Chittagong",1,3.4,Chittagong Kings,Dhaka Gladiators,BRM Taylor,Naeem Islam,AC Thomas,0,0,,,,,,,,,
599888,2012/13,2013-02-02,"MA Aziz Stadium, Chittagong",1,3.5,Chittagong Kings,Dhaka Gladiators,BRM Taylor,Naeem Islam,AC Thomas,0,0,,,,,,,,,
599888,2012/13,2013-02-02,"MA Aziz Stadium, Chittagong",1,3.6,Chittagong Kings,Dhaka Gladiators,BRM Taylor,Naeem Islam,AC Thomas,0,0,,,,,,,,,
599888,2012/13,2013-02-02,"MA Aziz Stadium, Chittagong",1,4.1,Chittagong Kings,Dhaka Gladiators,Naeem Islam,BRM Taylor,KS Lokuarachchi,1,0,,,,,,,,,
599888,2012/13,2013-02-02,"MA Aziz Stadium, Chittagong",1,4.2,Chittagong Kings,Dhaka Gladiators,BRM Taylor,Naeem Islam,KS Lokuarachchi,0,0,,,,,,,,,
599888,2012/13,2013-02-02,"MA Aziz Stadium, Chittagong",1,4.3,Chittagong Kings,Dhaka Gladiators,BRM Taylor,Naeem Islam,KS Lokuarachchi,4,0,,,,,,,,,
599888,2012/13,2013-02-02,"MA Aziz Stadium, Chittagong",1,4.4,Chittagong Kings,Dhaka Gladiators,BRM Taylor,Naeem Islam,KS Lokuarachchi,4,0,,,,,,,,,
599888,2012/13,2013-02-02,"MA Aziz Stadium, Chittagong",1,4.5,Chittagong Kings,Dhaka Gladiators,BRM Taylor,Naeem Islam,KS Lokuarachchi,1,0,,,,,,,,,
599888,2012/13,2013-02-02,"MA Aziz Stadium, Chittagong",1,4.6,Chittagong Kings,Dhaka Gladiators,Naeem Islam,BRM Taylor,KS Lokuarachchi,0,0,,,,,,,,,
599888,2012/13,2013-02-02,"MA Aziz Stadium, Chittagong",1,5.1,Chittagong Kings,Dhaka Gladiators,BRM Taylor,Naeem Islam,Mahbubul Alam,0,0,,,,,,,,,
599888,2012/13,2013-02-02,"MA Aziz Stadium, Chittagong",1,5.2,Chittagong Kings,Dhaka Gladiators,BRM Taylor,Naeem Islam,Mahbubul Alam,6,0,,,,,,,,,
599888,2012/13,2013-02-02,"MA Aziz Stadium, Chittagong",1,5.3,Chittagong Kings,Dhaka Gladiators,BRM Taylor,Naeem Islam,Mahbubul Alam,4,0,,,,,,,,,
599888,2012/13,2013-02-02,"MA Aziz Stadium, Chittagong",1,5.4,Chittagong Kings,Dhaka Gladiators,BRM Taylor,Naeem Islam,Mahbubul Alam,1,0,,,,,,,,,
599888,2012/13,2013-02-02,"MA Aziz Stadium, Chittagong",1,5.5,Chittagong Kings,Dhaka Gladiators,Naeem Islam,BRM Taylor,Mahbubul Alam,0,0,,,,,,,,,
599888,2012/13,2013-02-02,"MA Aziz Stadium, Chittagong",1,5.6,Chittagong Kings,Dhaka Gladiators,Naeem Islam,BRM Taylor,Mahbubul Alam,1,0,,,,,,,,,
599888,2012/13,2013-02-02,"MA Aziz Stadium, Chittagong",1,6.1,Chittagong Kings,Dhaka Gladiators,Naeem Islam,BRM Taylor,Mosharraf Hossain,4,0,,,,,,,,,
599888,2012/13,2013-02-02,"MA Aziz Stadium, Chittagong",1,6.2,Chittagong Kings,Dhaka Gladiators,Naeem Islam,BRM Taylor,Mosharraf Hossain,0,0,,,,,,,,,
599888,2012/13,2013-02-02,"MA Aziz Stadium, Chittagong",1,6.3,Chittagong Kings,Dhaka Gladiators,Naeem Islam,BRM Taylor,Mosharraf Hossain,0,0,,,,,,,,,
599888,2012/13,2013-02-02,"MA Aziz Stadium, Chittagong",1,6.4,Chittagong Kings,Dhaka Gladiators,Naeem Islam,BRM Taylor,Mosharraf Hossain,1,0,,,,,,,,,
599888,2012/13,2013-02-02,"MA Aziz Stadium, Chittagong",1,6.5,Chittagong Kings,Dhaka Gladiators,BRM Taylor,Naeem Islam,Mosharraf Hossain,1,0,,,,,,,,,
599888,2012/13,2013-02-02,"MA Aziz Stadium, Chittagong",1,6.6,Chittagong Kings,Dhaka Gladiators,Naeem Islam,BRM Taylor,Mosharraf Hossain,0,0,,,,,,,,,
599888,2012/13,2013-02-02,"MA Aziz Stadium, Chittagong",1,7.1,Chittagong Kings,Dhaka Gladiators,BRM Taylor,Naeem Islam,DI Stevens,0,0,,,,,,,,,
599888,2012/13,2013-02-02,"MA Aziz Stadium, Chittagong",1,7.2,Chittagong Kings,Dhaka Gladiators,BRM Taylor,Naeem Islam,DI Stevens,0,0,,,,,,,,,
599888,2012/13,2013-02-02,"MA Aziz Stadium, Chittagong",1,7.3,Chittagong Kings,Dhaka Gladiators,BRM Taylor,Naeem Islam,DI Stevens,1,0,,,,,,,,,
599888,2012/13,2013-02-02,"MA Aziz Stadium, Chittagong",1,7.4,Chittagong Kings,Dhaka Gladiators,Naeem Islam,BRM Taylor,DI Stevens,1,0,,,,,,,,,
599888,2012/13,2013-02-02,"MA Aziz Stadium, Chittagong",1,7.5,Chittagong Kings,Dhaka Gladiators,BRM Taylor,Naeem Islam,DI Stevens,1,0,,,,,,,,,
599888,2012/13,2013-02-02,"MA Aziz Stadium, Chittagong",1,7.6,Chittagong Kings,Dhaka Gladiators,Naeem Islam,BRM Taylor,DI Stevens,2,0,,,,,,,,,
599888,2012/13,2013-02-02,"MA Aziz Stadium, Chittagong",1,8.1,Chittagong Kings,Dhaka Gladiators,BRM Taylor,Naeem Islam,Mosharraf Hossain,2,0,,,,,,,,,
599888,2012/13,2013-02-02,"MA Aziz Stadium, Chittagong",1,8.2,Chittagong Kings,Dhaka Gladiators,BRM Taylor,Naeem Islam,Mosharraf Hossain,0,0,,,,,,,,,
599888,2012/13,2013-02-02,"MA Aziz Stadium, Chittagong",1,8.3,Chittagong Kings,Dhaka Gladiators,BRM Taylor,Naeem Islam,Mosharraf Hossain,0,0,,,,,,,,,
599888,2012/13,2013-02-02,"MA Aziz Stadium, Chittagong",1,8.4,Chittagong Kings,Dhaka Gladiators,BRM Taylor,Naeem Islam,Mosharraf Hossain,0,0,,,,,,,,,
599888,2012/13,2013-02-02,"MA Aziz Stadium, Chittagong",1,8.5,Chittagong Kings,Dhaka Gladiators,BRM Taylor,Naeem Islam,Mosharraf Hossain,0,0,,,,,,caught,BRM Taylor,,
599888,2012/13,2013-02-02,"MA Aziz Stadium, Chittagong",1,8.6,Chittagong Kings,Dhaka Gladiators,Naeem Islam,RN ten Doeschate,Mosharraf Hossain,0,1,1,,,,,,,,
599888,2012/13,2013-02-02,"MA Aziz Stadium, Chittagong",1,8.7,Chittagong Kings,Dhaka Gladiators,Naeem Islam,RN ten Doeschate,Mosharraf Hossain,0,0,,,,,,,,,
599888,2012/13,2013-02-02,"MA Aziz Stadium, Chittagong",1,9.1,Chittagong Kings,Dhaka Gladiators,RN ten Doeschate,Naeem Islam,DI Stevens,1,0,,,,,,,,,
599888,2012/13,2013-02-02,"MA Aziz Stadium, Chittagong",1,9.2,Chittagong Kings,Dhaka Gladiators,Naeem Islam,RN ten Doeschate,DI Stevens,1,0,,,,,,,,,
599888,2012/13,2013-02-02,"MA Aziz Stadium, Chittagong",1,9.3,Chittagong Kings,Dhaka Gladiators,RN ten Doeschate,Naeem Islam,DI Stevens,1,0,,,,,,,,,
599888,2012/13,2013-02-02,"MA Aziz Stadium, Chittagong",1,9.4,Chittagong Kings,Dhaka Gladiators,Naeem Islam,RN ten Doeschate,DI Stevens,4,0,,,,,,,,,
599888,2012/13,2013-02-02,"MA Aziz Stadium, Chittagong",1,9.5,Chittagong Kings,Dhaka Gladiators,Naeem Islam,RN ten Doeschate,DI Stevens,0,0,,,,,,,,,
599888,2012/13,2013-02-02,"MA Aziz Stadium, Chittagong",1,9.6,Chittagong Kings,Dhaka Gladiators,Naeem Islam,RN ten Doeschate,DI Stevens,1,0,,,,,,,,,
599888,2012/13,2013-02-02,"MA Aziz Stadium, Chittagong",1,10.1,Chittagong Kings,Dhaka Gladiators,Naeem Islam,RN ten Doeschate,Saqlain Sajib,0,0,,,,,,,,,
599888,2012/13,2013-02-02,"MA Aziz Stadium, Chittagong",1,10.2,Chittagong Kings,Dhaka Gladiators,Naeem Islam,RN ten Doeschate,Saqlain Sajib,4,0,,,,,,,,,
599888,2012/13,2013-02-02,"MA Aziz Stadium, Chittagong",1,10.3,Chittagong Kings,Dhaka Gladiators,Naeem Islam,RN ten Doeschate,Saqlain Sajib,1,0,,,,,,,,,
599888,2012/13,2013-02-02,"MA Aziz Stadium, Chittagong",1,10.4,Chittagong Kings,Dhaka Gladiators,RN ten Doeschate,Naeem Islam,Saqlain Sajib,0,0,,,,,,,,,
599888,2012/13,2013-02-02,"MA Aziz Stadium, Chittagong",1,10.5,Chittagong Kings,Dhaka Gladiators,RN ten Doeschate,Naeem Islam,Saqlain Sajib,0,0,,,,,,,,,
599888,2012/13,2013-02-02,"MA Aziz Stadium, Chittagong",1,10.6,Chittagong Kings,Dhaka Gladiators,RN ten Doeschate,Naeem Islam,Saqlain Sajib,0,1,1,,,,,,,,
599888,2012/13,2013-02-02,"MA Aziz Stadium, Chittagong",1,10.7,Chittagong Kings,Dhaka Gladiators,RN ten Doeschate,Naeem Islam,Saqlain Sajib,0,0,,,,,,,,,
599888,2012/13,2013-02-02,"MA Aziz Stadium, Chittagong",1,11.1,Chittagong Kings,Dhaka Gladiators,Naeem Islam,RN ten Doeschate,KS Lokuarachchi,2,0,,,,,,,,,
599888,2012/13,2013-02-02,"MA Aziz Stadium, Chittagong",1,11.2,Chittagong Kings,Dhaka Gladiators,Naeem Islam,RN ten Doeschate,KS Lokuarachchi,4,0,,,,,,,,,
599888,2012/13,2013-02-02,"MA Aziz Stadium, Chittagong",1,11.3,Chittagong Kings,Dhaka Gladiators,Naeem Islam,RN ten Doeschate,KS Lokuarachchi,0,1,1,,,,,,,,
599888,2012/13,2013-02-02,"MA Aziz Stadium, Chittagong",1,11.4,Chittagong Kings,Dhaka Gladiators,Naeem Islam,RN ten Doeschate,KS Lokuarachchi,0,0,,,,,,,,,
599888,2012/13,2013-02-02,"MA Aziz Stadium, Chittagong",1,11.5,Chittagong Kings,Dhaka Gladiators,Naeem Islam,RN ten Doeschate,KS Lokuarachchi,0,0,,,,,,,,,
599888,2012/13,2013-02-02,"MA Aziz Stadium, Chittagong",1,11.6,Chittagong Kings,Dhaka Gladiators,Naeem Islam,RN ten Doeschate,KS Lokuarachchi,4,0,,,,,,,,,
599888,2012/13,2013-02-02,"MA Aziz Stadium, Chittagong",1,11.7,Chittagong Kings,Dhaka Gladiators,Naeem Islam,RN ten Doeschate,KS Lokuarachchi,2,0,,,,,,,,,
599888,2012/13,2013-02-02,"MA Aziz Stadium, Chittagong",1,12.1,Chittagong Kings,Dhaka Gladiators,RN ten Doeschate,Naeem Islam,Saqlain Sajib,4,0,,,,,,,,,
599888,2012/13,2013-02-02,"MA Aziz Stadium, Chittagong",1,12.2,Chittagong Kings,Dhaka Gladiators,RN ten Doeschate,Naeem Islam,Saqlain Sajib,1,0,,,,,,,,,
599888,2012/13,2013-02-02,"MA Aziz Stadium, Chittagong",1,12.3,Chittagong Kings,Dhaka Gladiators,Naeem Islam,RN ten Doeschate,Saqlain Sajib,4,0,,,,,,,,,
599888,2012/13,2013-02-02,"MA Aziz Stadium, Chittagong",1,12.4,Chittagong Kings,Dhaka Gladiators,Naeem Islam,RN ten Doeschate,Saqlain Sajib,0,1,1,,,,,,,,
599888,2012/13,2013-02-02,"MA Aziz Stadium, Chittagong",1,12.5,Chittagong Kings,Dhaka Gladiators,Naeem Islam,RN ten Doeschate,Saqlain Sajib,6,0,,,,,,,,,
599888,2012/13,2013-02-02,"MA Aziz Stadium, Chittagong",1,12.6,Chittagong Kings,Dhaka Gladiators,Naeem Islam,RN ten Doeschate,Saqlain Sajib,0,0,,,,,,,,,
599888,2012/13,2013-02-02,"MA Aziz Stadium, Chittagong",1,12.7,Chittagong Kings,Dhaka Gladiators,Naeem Islam,RN ten Doeschate,Saqlain Sajib,1,0,,,,,,,,,
599888,2012/13,2013-02-02,"MA Aziz Stadium, Chittagong",1,13.1,Chittagong Kings,Dhaka Gladiators,Naeem Islam,RN ten Doeschate,Mohammad Ashraful,1,0,,,,,,,,,
599888,2012/13,2013-02-02,"MA Aziz Stadium, Chittagong",1,13.2,Chittagong Kings,Dhaka Gladiators,RN ten Doeschate,Naeem Islam,Mohammad Ashraful,1,0,,,,,,,,,
599888,2012/13,2013-02-02,"MA Aziz Stadium, Chittagong",1,13.3,Chittagong Kings,Dhaka Gladiators,Naeem Islam,RN ten Doeschate,Mohammad Ashraful,1,0,,,,,,,,,
599888,2012/13,2013-02-02,"MA Aziz Stadium, Chittagong",1,13.4,Chittagong Kings,Dhaka Gladiators,RN ten Doeschate,Naeem Islam,Mohammad Ashraful,4,0,,,,,,,,,
599888,2012/13,2013-02-02,"MA Aziz Stadium, Chittagong",1,13.5,Chittagong Kings,Dhaka Gladiators,RN ten Doeschate,Naeem Islam,Mohammad Ashraful,1,0,,,,,,,,,
599888,2012/13,2013-02-02,"MA Aziz Stadium, Chittagong",1,13.6,Chittagong Kings,Dhaka Gladiators,Naeem Islam,RN ten Doeschate,Mohammad Ashraful,1,0,,,,,,,,,
599888,2012/13,2013-02-02,"MA Aziz Stadium, Chittagong",1,14.1,Chittagong Kings,Dhaka Gladiators,Naeem Islam,RN ten Doeschate,Mahbubul Alam,0,0,,,,,,caught,Naeem Islam,,
599888,2012/13,2013-02-02,"MA Aziz Stadium, Chittagong",1,14.2,Chittagong Kings,Dhaka Gladiators,RN ten Doeschate,Mahmudullah,Mahbubul Alam,0,1,1,,,,,,,,
599888,2012/13,2013-02-02,"MA Aziz Stadium, Chittagong",1,14.3,Chittagong Kings,Dhaka Gladiators,RN ten Doeschate,Mahmudullah,Mahbubul Alam,0,1,1,,,,,,,,
599888,2012/13,2013-02-02,"MA Aziz Stadium, Chittagong",1,14.4,Chittagong Kings,Dhaka Gladiators,RN ten Doeschate,Mahmudullah,Mahbubul Alam,1,0,,,,,,,,,
599888,2012/13,2013-02-02,"MA Aziz Stadium, Chittagong",1,14.5,Chittagong Kings,Dhaka Gladiators,Mahmudullah,RN ten Doeschate,Mahbubul Alam,1,0,,,,,,,,,
599888,2012/13,2013-02-02,"MA Aziz Stadium, Chittagong",1,14.6,Chittagong Kings,Dhaka Gladiators,RN ten Doeschate,Mahmudullah,Mahbubul Alam,2,1,,1,,,,,,,
599888,2012/13,2013-02-02,"MA Aziz Stadium, Chittagong",1,14.7,Chittagong Kings,Dhaka Gladiators,RN ten Doeschate,Mahmudullah,Mahbubul Alam,4,0,,,,,,,,,
599888,2012/13,2013-02-02,"MA Aziz Stadium, Chittagong",1,14.8,Chittagong Kings,Dhaka Gladiators,RN ten Doeschate,Mahmudullah,Mahbubul Alam,2,0,,,,,,,,,
599888,2012/13,2013-02-02,"MA Aziz Stadium, Chittagong",1,14.9,Chittagong Kings,Dhaka Gladiators,RN ten Doeschate,Mahmudullah,Mahbubul Alam,1,0,,,,,,,,,
599888,2012/13,2013-02-02,"MA Aziz Stadium, Chittagong",1,15.1,Chittagong Kings,Dhaka Gladiators,RN ten Doeschate,Mahmudullah,Mosharraf Hossain,0,0,,,,,,caught,RN ten Doeschate,,
599888,2012/13,2013-02-02,"MA Aziz Stadium, Chittagong",1,15.2,Chittagong Kings,Dhaka Gladiators,JDP Oram,Mahmudullah,Mosharraf Hossain,1,0,,,,,,,,,
599888,2012/13,2013-02-02,"MA Aziz Stadium, Chittagong",1,15.3,Chittagong Kings,Dhaka Gladiators,Mahmudullah,JDP Oram,Mosharraf Hossain,0,0,,,,,,,,,
599888,2012/13,2013-02-02,"MA Aziz Stadium, Chittagong",1,15.4,Chittagong Kings,Dhaka Gladiators,Mahmudullah,JDP Oram,Mosharraf Hossain,0,0,,,,,,,,,
599888,2012/13,2013-02-02,"MA Aziz Stadium, Chittagong",1,15.5,Chittagong Kings,Dhaka Gladiators,Mahmudullah,JDP Oram,Mosharraf Hossain,6,0,,,,,,,,,
599888,2012/13,2013-02-02,"MA Aziz Stadium, Chittagong",1,15.6,Chittagong Kings,Dhaka Gladiators,Mahmudullah,JDP Oram,Mosharraf Hossain,1,0,,,,,,,,,
599888,2012/13,2013-02-02,"MA Aziz Stadium, Chittagong",1,16.1,Chittagong Kings,Dhaka Gladiators,Mahmudullah,JDP Oram,KS Lokuarachchi,1,0,,,,,,,,,
599888,2012/13,2013-02-02,"MA Aziz Stadium, Chittagong",1,16.2,Chittagong Kings,Dhaka Gladiators,JDP Oram,Mahmudullah,KS Lokuarachchi,0,0,,,,,,caught,JDP Oram,,
599888,2012/13,2013-02-02,"MA Aziz Stadium, Chittagong",1,16.3,Chittagong Kings,Dhaka Gladiators,Mahmudullah,KK Cooper,KS Lokuarachchi,0,0,,,,,,,,,
599888,2012/13,2013-02-02,"MA Aziz Stadium, Chittagong",1,16.4,Chittagong Kings,Dhaka Gladiators,Mahmudullah,KK Cooper,KS Lokuarachchi,0,0,,,,,,,,,
599888,2012/13,2013-02-02,"MA Aziz Stadium, Chittagong",1,16.5,Chittagong Kings,Dhaka Gladiators,Mahmudullah,KK Cooper,KS Lokuarachchi,2,0,,,,,,,,,
599888,2012/13,2013-02-02,"MA Aziz Stadium, Chittagong",1,16.6,Chittagong Kings,Dhaka Gladiators,Mahmudullah,KK Cooper,KS Lokuarachchi,0,0,,,,,,stumped,Mahmudullah,,
599888,2012/13,2013-02-02,"MA Aziz Stadium, Chittagong",1,17.1,Chittagong Kings,Dhaka Gladiators,KK Cooper,Mehrab Hossain jnr,AC Thomas,0,0,,,,,,,,,
599888,2012/13,2013-02-02,"MA Aziz Stadium, Chittagong",1,17.2,Chittagong Kings,Dhaka Gladiators,KK Cooper,Mehrab Hossain jnr,AC Thomas,1,0,,,,,,,,,
599888,2012/13,2013-02-02,"MA Aziz Stadium, Chittagong",1,17.3,Chittagong Kings,Dhaka Gladiators,Mehrab Hossain jnr,KK Cooper,AC Thomas,0,0,,,,,,run out,KK Cooper,,
599888,2012/13,2013-02-02,"MA Aziz Stadium, Chittagong",1,17.4,Chittagong Kings,Dhaka Gladiators,Mehrab Hossain jnr,Arafat Sunny,AC Thomas,0,0,,,,,,,,,
599888,2012/13,2013-02-02,"MA Aziz Stadium, Chittagong",1,17.5,Chittagong Kings,Dhaka Gladiators,Mehrab Hossain jnr,Arafat Sunny,AC Thomas,0,0,,,,,,,,,
599888,2012/13,2013-02-02,"MA Aziz Stadium, Chittagong",1,17.6,Chittagong Kings,Dhaka Gladiators,Mehrab Hossain jnr,Arafat Sunny,AC Thomas,1,0,,,,,,,,,
599888,2012/13,2013-02-02,"MA Aziz Stadium, Chittagong",1,18.1,Chittagong Kings,Dhaka Gladiators,Mehrab Hossain jnr,Arafat Sunny,Mohammad Ashraful,1,0,,,,,,,,,
599888,2012/13,2013-02-02,"MA Aziz Stadium, Chittagong",1,18.2,Chittagong Kings,Dhaka Gladiators,Arafat Sunny,Mehrab Hossain jnr,Mohammad Ashraful,0,0,,,,,,,,,
599888,2012/13,2013-02-02,"MA Aziz Stadium, Chittagong",1,18.3,Chittagong Kings,Dhaka Gladiators,Arafat Sunny,Mehrab Hossain jnr,Mohammad Ashraful,0,0,,,,,,,,,
599888,2012/13,2013-02-02,"MA Aziz Stadium, Chittagong",1,18.4,Chittagong Kings,Dhaka Gladiators,Arafat Sunny,Mehrab Hossain jnr,Mohammad Ashraful,0,0,,,,,,,,,
599888,2012/13,2013-02-02,"MA Aziz Stadium, Chittagong",1,18.5,Chittagong Kings,Dhaka Gladiators,Arafat Sunny,Mehrab Hossain jnr,Mohammad Ashraful,0,0,,,,,,caught,Arafat Sunny,,
599888,2012/13,2013-02-02,"MA Aziz Stadium, Chittagong",1,18.6,Chittagong Kings,Dhaka Gladiators,Mehrab Hossain jnr,Rubel Hossain,Mohammad Ashraful,0,0,,,,,,,,,
599888,2012/13,2013-02-02,"MA Aziz Stadium, Chittagong",1,19.1,Chittagong Kings,Dhaka Gladiators,Rubel Hossain,Mehrab Hossain jnr,AC Thomas,0,0,,,,,,bowled,Rubel Hossain,,
599888,2012/13,2013-02-02,"MA Aziz Stadium, Chittagong",1,19.2,Chittagong Kings,Dhaka Gladiators,Enamul Haque jnr,Mehrab Hossain jnr,AC Thomas,0,0,,,,,,,,,
599888,2012/13,2013-02-02,"MA Aziz Stadium, Chittagong",1,19.3,Chittagong Kings,Dhaka Gladiators,Enamul Haque jnr,Mehrab Hossain jnr,AC Thomas,1,0,,,,,,,,,
599888,2012/13,2013-02-02,"MA Aziz Stadium, Chittagong",1,19.4,Chittagong Kings,Dhaka Gladiators,Mehrab Hossain jnr,Enamul Haque jnr,AC Thomas,3,0,,,,,,,,,
599888,2012/13,2013-02-02,"MA Aziz Stadium, Chittagong",1,19.5,Chittagong Kings,Dhaka Gladiators,Enamul Haque jnr,Mehrab Hossain jnr,AC Thomas,1,0,,,,,,,,,
599888,2012/13,2013-02-02,"MA Aziz Stadium, Chittagong",1,19.6,Chittagong Kings,Dhaka Gladiators,Mehrab Hossain jnr,Enamul Haque jnr,AC Thomas,1,0,,,,,,run out,Enamul Haque jnr,,
599888,2012/13,2013-02-02,"MA Aziz Stadium, Chittagong",2,0.1,Dhaka Gladiators,Chittagong Kings,JJ Cobb,Mohammad Ashraful,JDP Oram,0,0,,,,,,,,,
599888,2012/13,2013-02-02,"MA Aziz Stadium, Chittagong",2,0.2,Dhaka Gladiators,Chittagong Kings,JJ Cobb,Mohammad Ashraful,JDP Oram,0,1,1,,,,,,,,
599888,2012/13,2013-02-02,"MA Aziz Stadium, Chittagong",2,0.3,Dhaka Gladiators,Chittagong Kings,JJ Cobb,Mohammad Ashraful,JDP Oram,0,0,,,,,,,,,
599888,2012/13,2013-02-02,"MA Aziz Stadium, Chittagong",2,0.4,Dhaka Gladiators,Chittagong Kings,JJ Cobb,Mohammad Ashraful,JDP Oram,1,0,,,,,,,,,
599888,2012/13,2013-02-02,"MA Aziz Stadium, Chittagong",2,0.5,Dhaka Gladiators,Chittagong Kings,Mohammad Ashraful,JJ Cobb,JDP Oram,0,0,,,,,,,,,
599888,2012/13,2013-02-02,"MA Aziz Stadium, Chittagong",2,0.6,Dhaka Gladiators,Chittagong Kings,Mohammad Ashraful,JJ Cobb,JDP Oram,0,0,,,,,,,,,
599888,2012/13,2013-02-02,"MA Aziz Stadium, Chittagong",2,0.7,Dhaka Gladiators,Chittagong Kings,Mohammad Ashraful,JJ Cobb,JDP Oram,1,0,,,,,,,,,
599888,2012/13,2013-02-02,"MA Aziz Stadium, Chittagong",2,1.1,Dhaka Gladiators,Chittagong Kings,Mohammad Ashraful,JJ Cobb,Arafat Sunny,1,0,,,,,,,,,
599888,2012/13,2013-02-02,"MA Aziz Stadium, Chittagong",2,1.2,Dhaka Gladiators,Chittagong Kings,JJ Cobb,Mohammad Ashraful,Arafat Sunny,0,0,,,,,,,,,
599888,2012/13,2013-02-02,"MA Aziz Stadium, Chittagong",2,1.3,Dhaka Gladiators,Chittagong Kings,JJ Cobb,Mohammad Ashraful,Arafat Sunny,0,0,,,,,,bowled,JJ Cobb,,
599888,2012/13,2013-02-02,"MA Aziz Stadium, Chittagong",2,1.4,Dhaka Gladiators,Chittagong Kings,Anamul Haque,Mohammad Ashraful,Arafat Sunny,1,0,,,,,,,,,
599888,2012/13,2013-02-02,"MA Aziz Stadium, Chittagong",2,1.5,Dhaka Gladiators,Chittagong Kings,Mohammad Ashraful,Anamul Haque,Arafat Sunny,0,0,,,,,,,,,
599888,2012/13,2013-02-02,"MA Aziz Stadium, Chittagong",2,1.6,Dhaka Gladiators,Chittagong Kings,Mohammad Ashraful,Anamul Haque,Arafat Sunny,1,0,,,,,,,,,
599888,2012/13,2013-02-02,"MA Aziz Stadium, Chittagong",2,2.1,Dhaka Gladiators,Chittagong Kings,Mohammad Ashraful,Anamul Haque,JDP Oram,0,0,,,,,,,,,
599888,2012/13,2013-02-02,"MA Aziz Stadium, Chittagong",2,2.2,Dhaka Gladiators,Chittagong Kings,Mohammad Ashraful,Anamul Haque,JDP Oram,0,0,,,,,,,,,
599888,2012/13,2013-02-02,"MA Aziz Stadium, Chittagong",2,2.3,Dhaka Gladiators,Chittagong Kings,Mohammad Ashraful,Anamul Haque,JDP Oram,1,0,,,,,,,,,
599888,2012/13,2013-02-02,"MA Aziz Stadium, Chittagong",2,2.4,Dhaka Gladiators,Chittagong Kings,Anamul Haque,Mohammad Ashraful,JDP Oram,0,0,,,,,,,,,
599888,2012/13,2013-02-02,"MA Aziz Stadium, Chittagong",2,2.5,Dhaka Gladiators,Chittagong Kings,Anamul Haque,Mohammad Ashraful,JDP Oram,0,0,,,,,,,,,
599888,2012/13,2013-02-02,"MA Aziz Stadium, Chittagong",2,2.6,Dhaka Gladiators,Chittagong Kings,Anamul Haque,Mohammad Ashraful,JDP Oram,0,0,,,,,,,,,
599888,2012/13,2013-02-02,"MA Aziz Stadium, Chittagong",2,3.1,Dhaka Gladiators,Chittagong Kings,Mohammad Ashraful,Anamul Haque,Arafat Sunny,0,0,,,,,,,,,
599888,2012/13,2013-02-02,"MA Aziz Stadium, Chittagong",2,3.2,Dhaka Gladiators,Chittagong Kings,Mohammad Ashraful,Anamul Haque,Arafat Sunny,0,0,,,,,,,,,
599888,2012/13,2013-02-02,"MA Aziz Stadium, Chittagong",2,3.3,Dhaka Gladiators,Chittagong Kings,Mohammad Ashraful,Anamul Haque,Arafat Sunny,0,0,,,,,,,,,
599888,2012/13,2013-02-02,"MA Aziz Stadium, Chittagong",2,3.4,Dhaka Gladiators,Chittagong Kings,Mohammad Ashraful,Anamul Haque,Arafat Sunny,1,0,,,,,,,,,
599888,2012/13,2013-02-02,"MA Aziz Stadium, Chittagong",2,3.5,Dhaka Gladiators,Chittagong Kings,Anamul Haque,Mohammad Ashraful,Arafat Sunny,0,0,,,,,,,,,
599888,2012/13,2013-02-02,"MA Aziz Stadium, Chittagong",2,3.6,Dhaka Gladiators,Chittagong Kings,Anamul Haque,Mohammad Ashraful,Arafat Sunny,0,0,,,,,,,,,
599888,2012/13,2013-02-02,"MA Aziz Stadium, Chittagong",2,4.1,Dhaka Gladiators,Chittagong Kings,Mohammad Ashraful,Anamul Haque,JDP Oram,1,0,,,,,,,,,
599888,2012/13,2013-02-02,"MA Aziz Stadium, Chittagong",2,4.2,Dhaka Gladiators,Chittagong Kings,Anamul Haque,Mohammad Ashraful,JDP Oram,0,0,,,,,,caught,Anamul Haque,,
599888,2012/13,2013-02-02,"MA Aziz Stadium, Chittagong",2,4.3,Dhaka Gladiators,Chittagong Kings,Mohammad Ashraful,OA Shah,JDP Oram,0,0,,,,,,,,,
599888,2012/13,2013-02-02,"MA Aziz Stadium, Chittagong",2,4.4,Dhaka Gladiators,Chittagong Kings,Mohammad Ashraful,OA Shah,JDP Oram,1,0,,,,,,,,,
599888,2012/13,2013-02-02,"MA Aziz Stadium, Chittagong",2,4.5,Dhaka Gladiators,Chittagong Kings,OA Shah,Mohammad Ashraful,JDP Oram,0,0,,,,,,,,,
599888,2012/13,2013-02-02,"MA Aziz Stadium, Chittagong",2,4.6,Dhaka Gladiators,Chittagong Kings,OA Shah,Mohammad Ashraful,JDP Oram,0,0,,,,,,caught,OA Shah,,
599888,2012/13,2013-02-02,"MA Aziz Stadium, Chittagong",2,5.1,Dhaka Gladiators,Chittagong Kings,Mohammad Ashraful,DI Stevens,Arafat Sunny,4,0,,,,,,,,,
599888,2012/13,2013-02-02,"MA Aziz Stadium, Chittagong",2,5.2,Dhaka Gladiators,Chittagong Kings,Mohammad Ashraful,DI Stevens,Arafat Sunny,0,0,,,,,,,,,
599888,2012/13,2013-02-02,"MA Aziz Stadium, Chittagong",2,5.3,Dhaka Gladiators,Chittagong Kings,Mohammad Ashraful,DI Stevens,Arafat Sunny,0,1,,,,1,,,,,
599888,2012/13,2013-02-02,"MA Aziz Stadium, Chittagong",2,5.4,Dhaka Gladiators,Chittagong Kings,DI Stevens,Mohammad Ashraful,Arafat Sunny,0,0,,,,,,,,,
599888,2012/13,2013-02-02,"MA Aziz Stadium, Chittagong",2,5.5,Dhaka Gladiators,Chittagong Kings,DI Stevens,Mohammad Ashraful,Arafat Sunny,0,0,,,,,,run out,DI Stevens,,
599888,2012/13,2013-02-02,"MA Aziz Stadium, Chittagong",2,5.6,Dhaka Gladiators,Chittagong Kings,Soumya Sarkar,Mohammad Ashraful,Arafat Sunny,0,0,,,,,,,,,
599888,2012/13,2013-02-02,"MA Aziz Stadium, Chittagong",2,6.1,Dhaka Gladiators,Chittagong Kings,Mohammad Ashraful,Soumya Sarkar,Enamul Haque jnr,0,0,,,,,,,,,
599888,2012/13,2013-02-02,"MA Aziz Stadium, Chittagong",2,6.2,Dhaka Gladiators,Chittagong Kings,Mohammad Ashraful,Soumya Sarkar,Enamul Haque jnr,0,0,,,,,,,,,
599888,2012/13,2013-02-02,"MA Aziz Stadium, Chittagong",2,6.3,Dhaka Gladiators,Chittagong Kings,Mohammad Ashraful,Soumya Sarkar,Enamul Haque jnr,6,0,,,,,,,,,
599888,2012/13,2013-02-02,"MA Aziz Stadium, Chittagong",2,6.4,Dhaka Gladiators,Chittagong Kings,Mohammad Ashraful,Soumya Sarkar,Enamul Haque jnr,0,0,,,,,,,,,
599888,2012/13,2013-02-02,"MA Aziz Stadium, Chittagong",2,6.5,Dhaka Gladiators,Chittagong Kings,Mohammad Ashraful,Soumya Sarkar,Enamul Haque jnr,1,0,,,,,,,,,
599888,2012/13,2013-02-02,"MA Aziz Stadium, Chittagong",2,6.6,Dhaka Gladiators,Chittagong Kings,Soumya Sarkar,Mohammad Ashraful,Enamul Haque jnr,1,0,,,,,,,,,
599888,2012/13,2013-02-02,"MA Aziz Stadium, Chittagong",2,7.1,Dhaka Gladiators,Chittagong Kings,Soumya Sarkar,Mohammad Ashraful,Arafat Sunny,0,0,,,,,,,,,
599888,2012/13,2013-02-02,"MA Aziz Stadium, Chittagong",2,7.2,Dhaka Gladiators,Chittagong Kings,Soumya Sarkar,Mohammad Ashraful,Arafat Sunny,1,0,,,,,,,,,
599888,2012/13,2013-02-02,"MA Aziz Stadium, Chittagong",2,7.3,Dhaka Gladiators,Chittagong Kings,Mohammad Ashraful,Soumya Sarkar,Arafat Sunny,1,0,,,,,,,,,
599888,2012/13,2013-02-02,"MA Aziz Stadium, Chittagong",2,7.4,Dhaka Gladiators,Chittagong Kings,Soumya Sarkar,Mohammad Ashraful,Arafat Sunny,0,0,,,,,,bowled,Soumya Sarkar,,
599888,2012/13,2013-02-02,"MA Aziz Stadium, Chittagong",2,7.5,Dhaka Gladiators,Chittagong Kings,KS Lokuarachchi,Mohammad Ashraful,Arafat Sunny,0,0,,,,,,,,,
599888,2012/13,2013-02-02,"MA Aziz Stadium, Chittagong",2,7.6,Dhaka Gladiators,Chittagong Kings,KS Lokuarachchi,Mohammad Ashraful,Arafat Sunny,1,0,,,,,,,,,
599888,2012/13,2013-02-02,"MA Aziz Stadium, Chittagong",2,8.1,Dhaka Gladiators,Chittagong Kings,KS Lokuarachchi,Mohammad Ashraful,Mahmudullah,0,0,,,,,,,,,
599888,2012/13,2013-02-02,"MA Aziz Stadium, Chittagong",2,8.2,Dhaka Gladiators,Chittagong Kings,KS Lokuarachchi,Mohammad Ashraful,Mahmudullah,0,0,,,,,,,,,
599888,2012/13,2013-02-02,"MA Aziz Stadium, Chittagong",2,8.3,Dhaka Gladiators,Chittagong Kings,KS Lokuarachchi,Mohammad Ashraful,Mahmudullah,0,0,,,,,,,,,
599888,2012/13,2013-02-02,"MA Aziz Stadium, Chittagong",2,8.4,Dhaka Gladiators,Chittagong Kings,KS Lokuarachchi,Mohammad Ashraful,Mahmudullah,0,0,,,,,,,,,
599888,2012/13,2013-02-02,"MA Aziz Stadium, Chittagong",2,8.5,Dhaka Gladiators,Chittagong Kings,KS Lokuarachchi,Mohammad Ashraful,Mahmudullah,1,0,,,,,,,,,
599888,2012/13,2013-02-02,"MA Aziz Stadium, Chittagong",2,8.6,Dhaka Gladiators,Chittagong Kings,Mohammad Ashraful,KS Lokuarachchi,Mahmudullah,0,1,1,,,,,,,,
599888,2012/13,2013-02-02,"MA Aziz Stadium, Chittagong",2,8.7,Dhaka Gladiators,Chittagong Kings,Mohammad Ashraful,KS Lokuarachchi,Mahmudullah,1,0,,,,,,,,,
599888,2012/13,2013-02-02,"MA Aziz Stadium, Chittagong",2,9.1,Dhaka Gladiators,Chittagong Kings,Mohammad Ashraful,KS Lokuarachchi,Enamul Haque jnr,0,0,,,,,,,,,
599888,2012/13,2013-02-02,"MA Aziz Stadium, Chittagong",2,9.2,Dhaka Gladiators,Chittagong Kings,Mohammad Ashraful,KS Lokuarachchi,Enamul Haque jnr,0,0,,,,,,,,,
599888,2012/13,2013-02-02,"MA Aziz Stadium, Chittagong",2,9.3,Dhaka Gladiators,Chittagong Kings,Mohammad Ashraful,KS Lokuarachchi,Enamul Haque jnr,1,0,,,,,,,,,
599888,2012/13,2013-02-02,"MA Aziz Stadium, Chittagong",2,9.4,Dhaka Gladiators,Chittagong Kings,KS Lokuarachchi,Mohammad Ashraful,Enamul Haque jnr,0,0,,,,,,caught,KS Lokuarachchi,,
599888,2012/13,2013-02-02,"MA Aziz Stadium, Chittagong",2,9.5,Dhaka Gladiators,Chittagong Kings,Mohammad Ashraful,AC Thomas,Enamul Haque jnr,1,0,,,,,,,,,
599888,2012/13,2013-02-02,"MA Aziz Stadium, Chittagong",2,9.6,Dhaka Gladiators,Chittagong Kings,AC Thomas,Mohammad Ashraful,Enamul Haque jnr,1,0,,,,,,,,,
599888,2012/13,2013-02-02,"MA Aziz Stadium, Chittagong",2,10.1,Dhaka Gladiators,Chittagong Kings,AC Thomas,Mohammad Ashraful,Mahmudullah,4,0,,,,,,,,,
599888,2012/13,2013-02-02,"MA Aziz Stadium, Chittagong",2,10.2,Dhaka Gladiators,Chittagong Kings,AC Thomas,Mohammad Ashraful,Mahmudullah,0,0,,,,,,,,,
599888,2012/13,2013-02-02,"MA Aziz Stadium, Chittagong",2,10.3,Dhaka Gladiators,Chittagong Kings,AC Thomas,Mohammad Ashraful,Mahmudullah,4,0,,,,,,,,,
599888,2012/13,2013-02-02,"MA Aziz Stadium, Chittagong",2,10.4,Dhaka Gladiators,Chittagong Kings,AC Thomas,Mohammad Ashraful,Mahmudullah,0,0,,,,,,,,,
599888,2012/13,2013-02-02,"MA Aziz Stadium, Chittagong",2,10.5,Dhaka Gladiators,Chittagong Kings,AC Thomas,Mohammad Ashraful,Mahmudullah,0,0,,,,,,,,,
599888,2012/13,2013-02-02,"MA Aziz Stadium, Chittagong",2,10.6,Dhaka Gladiators,Chittagong Kings,AC Thomas,Mohammad Ashraful,Mahmudullah,1,0,,,,,,,,,
599888,2012/13,2013-02-02,"MA Aziz Stadium, Chittagong",2,11.1,Dhaka Gladiators,Chittagong Kings,AC Thomas,Mohammad Ashraful,Enamul Haque jnr,2,0,,,,,,,,,
599888,2012/13,2013-02-02,"MA Aziz Stadium, Chittagong",2,11.2,Dhaka Gladiators,Chittagong Kings,AC Thomas,Mohammad Ashraful,Enamul Haque jnr,0,0,,,,,,,,,
599888,2012/13,2013-02-02,"MA Aziz Stadium, Chittagong",2,11.3,Dhaka Gladiators,Chittagong Kings,AC Thomas,Mohammad Ashraful,Enamul Haque jnr,0,0,,,,,,caught,AC Thomas,,
599888,2012/13,2013-02-02,"MA Aziz Stadium, Chittagong",2,11.4,Dhaka Gladiators,Chittagong Kings,Mosharraf Hossain,Mohammad Ashraful,Enamul Haque jnr,0,0,,,,,,,,,
599888,2012/13,2013-02-02,"MA Aziz Stadium, Chittagong",2,11.5,Dhaka Gladiators,Chittagong Kings,Mosharraf Hossain,Mohammad Ashraful,Enamul Haque jnr,0,0,,,,,,,,,
599888,2012/13,2013-02-02,"MA Aziz Stadium, Chittagong",2,11.6,Dhaka Gladiators,Chittagong Kings,Mosharraf Hossain,Mohammad Ashraful,Enamul Haque jnr,0,0,,,,,,,,,
599888,2012/13,2013-02-02,"MA Aziz Stadium, Chittagong",2,12.1,Dhaka Gladiators,Chittagong Kings,Mohammad Ashraful,Mosharraf Hossain,Mahmudullah,0,0,,,,,,,,,
599888,2012/13,2013-02-02,"MA Aziz Stadium, Chittagong",2,12.2,Dhaka Gladiators,Chittagong Kings,Mohammad Ashraful,Mosharraf Hossain,Mahmudullah,1,0,,,,,,,,,
599888,2012/13,2013-02-02,"MA Aziz Stadium, Chittagong",2,12.3,Dhaka Gladiators,Chittagong Kings,Mosharraf Hossain,Mohammad Ashraful,Mahmudullah,0,0,,,,,,,,,
599888,2012/13,2013-02-02,"MA Aziz Stadium, Chittagong",2,12.4,Dhaka Gladiators,Chittagong Kings,Mosharraf Hossain,Mohammad Ashraful,Mahmudullah,0,0,,,,,,,,,
599888,2012/13,2013-02-02,"MA Aziz Stadium, Chittagong",2,12.5,Dhaka Gladiators,Chittagong Kings,Mosharraf Hossain,Mohammad Ashraful,Mahmudullah,1,0,,,,,,,,,
599888,2012/13,2013-02-02,"MA Aziz Stadium, Chittagong",2,12.6,Dhaka Gladiators,Chittagong Kings,Mohammad Ashraful,Mosharraf Hossain,Mahmudullah,0,0,,,,,,,,,
599888,2012/13,2013-02-02,"MA Aziz Stadium, Chittagong",2,13.1,Dhaka Gladiators,Chittagong Kings,Mosharraf Hossain,Mohammad Ashraful,Enamul Haque jnr,1,0,,,,,,,,,
599888,2012/13,2013-02-02,"MA Aziz Stadium, Chittagong",2,13.2,Dhaka Gladiators,Chittagong Kings,Mohammad Ashraful,Mosharraf Hossain,Enamul Haque jnr,1,0,,,,,,,,,
599888,2012/13,2013-02-02,"MA Aziz Stadium, Chittagong",2,13.3,Dhaka Gladiators,Chittagong Kings,Mosharraf Hossain,Mohammad Ashraful,Enamul Haque jnr,0,0,,,,,,,,,
599888,2012/13,2013-02-02,"MA Aziz Stadium, Chittagong",2,13.4,Dhaka Gladiators,Chittagong Kings,Mosharraf Hossain,Mohammad Ashraful,Enamul Haque jnr,1,0,,,,,,,,,
599888,2012/13,2013-02-02,"MA Aziz Stadium, Chittagong",2,13.5,Dhaka Gladiators,Chittagong Kings,Mohammad Ashraful,Mosharraf Hossain,Enamul Haque jnr,0,0,,,,,,,,,
599888,2012/13,2013-02-02,"MA Aziz Stadium, Chittagong",2,13.6,Dhaka Gladiators,Chittagong Kings,Mohammad Ashraful,Mosharraf Hossain,Enamul Haque jnr,0,0,,,,,,,,,
599888,2012/13,2013-02-02,"MA Aziz Stadium, Chittagong",2,14.1,Dhaka Gladiators,Chittagong Kings,Mosharraf Hossain,Mohammad Ashraful,JDP Oram,0,0,,,,,,,,,
599888,2012/13,2013-02-02,"MA Aziz Stadium, Chittagong",2,14.2,Dhaka Gladiators,Chittagong Kings,Mosharraf Hossain,Mohammad Ashraful,JDP Oram,0,0,,,,,,,,,
599888,2012/13,2013-02-02,"MA Aziz Stadium, Chittagong",2,14.3,Dhaka Gladiators,Chittagong Kings,Mosharraf Hossain,Mohammad Ashraful,JDP Oram,0,0,,,,,,,,,
599888,2012/13,2013-02-02,"MA Aziz Stadium, Chittagong",2,14.4,Dhaka Gladiators,Chittagong Kings,Mosharraf Hossain,Mohammad Ashraful,JDP Oram,0,0,,,,,,,,,
599888,2012/13,2013-02-02,"MA Aziz Stadium, Chittagong",2,14.5,Dhaka Gladiators,Chittagong Kings,Mosharraf Hossain,Mohammad Ashraful,JDP Oram,1,0,,,,,,,,,
599888,2012/13,2013-02-02,"MA Aziz Stadium, Chittagong",2,14.6,Dhaka Gladiators,Chittagong Kings,Mohammad Ashraful,Mosharraf Hossain,JDP Oram,0,0,,,,,,,,,
599888,2012/13,2013-02-02,"MA Aziz Stadium, Chittagong",2,15.1,Dhaka Gladiators,Chittagong Kings,Mosharraf Hossain,Mohammad Ashraful,KK Cooper,1,0,,,,,,,,,
599888,2012/13,2013-02-02,"MA Aziz Stadium, Chittagong",2,15.2,Dhaka Gladiators,Chittagong Kings,Mohammad Ashraful,Mosharraf Hossain,KK Cooper,0,0,,,,,,,,,
599888,2012/13,2013-02-02,"MA Aziz Stadium, Chittagong",2,15.3,Dhaka Gladiators,Chittagong Kings,Mohammad Ashraful,Mosharraf Hossain,KK Cooper,1,0,,,,,,,,,
599888,2012/13,2013-02-02,"MA Aziz Stadium, Chittagong",2,15.4,Dhaka Gladiators,Chittagong Kings,Mosharraf Hossain,Mohammad Ashraful,KK Cooper,0,0,,,,,,,,,
599888,2012/13,2013-02-02,"MA Aziz Stadium, Chittagong",2,15.5,Dhaka Gladiators,Chittagong Kings,Mosharraf Hossain,Mohammad Ashraful,KK Cooper,1,0,,,,,,,,,
599888,2012/13,2013-02-02,"MA Aziz Stadium, Chittagong",2,15.6,Dhaka Gladiators,Chittagong Kings,Mohammad Ashraful,Mosharraf Hossain,KK Cooper,1,0,,,,,,,,,
599888,2012/13,2013-02-02,"MA Aziz Stadium, Chittagong",2,16.1,Dhaka Gladiators,Chittagong Kings,Mohammad Ashraful,Mosharraf Hossain,Mahmudullah,0,5,5,,,,,,,,
599888,2012/13,2013-02-02,"MA Aziz Stadium, Chittagong",2,16.2,Dhaka Gladiators,Chittagong Kings,Mohammad Ashraful,Mosharraf Hossain,Mahmudullah,1,0,,,,,,,,,
599888,2012/13,2013-02-02,"MA Aziz Stadium, Chittagong",2,16.3,Dhaka Gladiators,Chittagong Kings,Mosharraf Hossain,Mohammad Ashraful,Mahmudullah,1,0,,,,,,,,,
599888,2012/13,2013-02-02,"MA Aziz Stadium, Chittagong",2,16.4,Dhaka Gladiators,Chittagong Kings,Mohammad Ashraful,Mosharraf Hossain,Mahmudullah,1,0,,,,,,,,,
599888,2012/13,2013-02-02,"MA Aziz Stadium, Chittagong",2,16.5,Dhaka Gladiators,Chittagong Kings,Mosharraf Hossain,Mohammad Ashraful,Mahmudullah,3,0,,,,,,,,,
599888,2012/13,2013-02-02,"MA Aziz Stadium, Chittagong",2,16.6,Dhaka Gladiators,Chittagong Kings,Mohammad Ashraful,Mosharraf Hossain,Mahmudullah,1,0,,,,,,,,,
599888,2012/13,2013-02-02,"MA Aziz Stadium, Chittagong",2,16.7,Dhaka Gladiators,Chittagong Kings,Mosharraf Hossain,Mohammad Ashraful,Mahmudullah,0,0,,,,,,,,,
599888,2012/13,2013-02-02,"MA Aziz Stadium, Chittagong",2,17.1,Dhaka Gladiators,Chittagong Kings,Mohammad Ashraful,Mosharraf Hossain,KK Cooper,1,0,,,,,,,,,
599888,2012/13,2013-02-02,"MA Aziz Stadium, Chittagong",2,17.2,Dhaka Gladiators,Chittagong Kings,Mosharraf Hossain,Mohammad Ashraful,KK Cooper,1,0,,,,,,,,,
599888,2012/13,2013-02-02,"MA Aziz Stadium, Chittagong",2,17.3,Dhaka Gladiators,Chittagong Kings,Mohammad Ashraful,Mosharraf Hossain,KK Cooper,1,0,,,,,,,,,
599888,2012/13,2013-02-02,"MA Aziz Stadium, Chittagong",2,17.4,Dhaka Gladiators,Chittagong Kings,Mosharraf Hossain,Mohammad Ashraful,KK Cooper,0,0,,,,,,,,,
599888,2012/13,2013-02-02,"MA Aziz Stadium, Chittagong",2,17.5,Dhaka Gladiators,Chittagong Kings,Mosharraf Hossain,Mohammad Ashraful,KK Cooper,1,0,,,,,,,,,
599888,2012/13,2013-02-02,"MA Aziz Stadium, Chittagong",2,17.6,Dhaka Gladiators,Chittagong Kings,Mohammad Ashraful,Mosharraf Hossain,KK Cooper,1,0,,,,,,,,,
599888,2012/13,2013-02-02,"MA Aziz Stadium, Chittagong",2,18.1,Dhaka Gladiators,Chittagong Kings,Mohammad Ashraful,Mosharraf Hossain,Rubel Hossain,1,0,,,,,,,,,
599888,2012/13,2013-02-02,"MA Aziz Stadium, Chittagong",2,18.2,Dhaka Gladiators,Chittagong Kings,Mosharraf Hossain,Mohammad Ashraful,Rubel Hossain,1,0,,,,,,,,,
599888,2012/13,2013-02-02,"MA Aziz Stadium, Chittagong",2,18.3,Dhaka Gladiators,Chittagong Kings,Mohammad Ashraful,Mosharraf Hossain,Rubel Hossain,0,0,,,,,,caught,Mohammad Ashraful,,
599888,2012/13,2013-02-02,"MA Aziz Stadium, Chittagong",2,18.4,Dhaka Gladiators,Chittagong Kings,Mosharraf Hossain,Mahbubul Alam,Rubel Hossain,1,0,,,,,,,,,
599888,2012/13,2013-02-02,"MA Aziz Stadium, Chittagong",2,18.5,Dhaka Gladiators,Chittagong Kings,Mahbubul Alam,Mosharraf Hossain,Rubel Hossain,0,0,,,,,,,,,
599888,2012/13,2013-02-02,"MA Aziz Stadium, Chittagong",2,18.6,Dhaka Gladiators,Chittagong Kings,Mahbubul Alam,Mosharraf Hossain,Rubel Hossain,4,0,,,,,,,,,
599888,2012/13,2013-02-02,"MA Aziz Stadium, Chittagong",2,19.1,Dhaka Gladiators,Chittagong Kings,Mosharraf Hossain,Mahbubul Alam,Mehrab Hossain jnr,1,0,,,,,,,,,
599888,2012/13,2013-02-02,"MA Aziz Stadium, Chittagong",2,19.2,Dhaka Gladiators,Chittagong Kings,Mahbubul Alam,Mosharraf Hossain,Mehrab Hossain jnr,0,0,,,,,,,,,
599888,2012/13,2013-02-02,"MA Aziz Stadium, Chittagong",2,19.3,Dhaka Gladiators,Chittagong Kings,Mahbubul Alam,Mosharraf Hossain,Mehrab Hossain jnr,1,0,,,,,,,,,
599888,2012/13,2013-02-02,"MA Aziz Stadium, Chittagong",2,19.4,Dhaka Gladiators,Chittagong Kings,Mosharraf Hossain,Mahbubul Alam,Mehrab Hossain jnr,1,0,,,,,,,,,
599888,2012/13,2013-02-02,"MA Aziz Stadium, Chittagong",2,19.5,Dhaka Gladiators,Chittagong Kings,Mahbubul Alam,Mosharraf Hossain,Mehrab Hossain jnr,6,0,,,,,,,,,
599888,2012/13,2013-02-02,"MA Aziz Stadium, Chittagong",2,19.6,Dhaka Gladiators,Chittagong Kings,Mahbubul Alam,Mosharraf Hossain,Mehrab Hossain jnr,2,0,,,,,,,,,
