match_id,season,start_date,venue,innings,ball,batting_team,bowling_team,striker,non_striker,bowler,runs_off_bat,extras,wides,noballs,byes,legbyes,penalty,wicket_type,player_dismissed,other_wicket_type,other_player_dismissed
599910,2012/13,2013-02-19,"Shere Bangla National Stadium, Mirpur",1,0.1,Dhaka Gladiators,Chittagong Kings,Mohammad Ashraful,TM Dilshan,Taskin Ahmed,0,0,,,,,,,,,
599910,2012/13,2013-02-19,"Shere Bangla National Stadium, Mirpur",1,0.2,Dhaka Gladiators,Chittagong Kings,Mohammad Ashraful,TM Dilshan,Taskin Ahmed,2,0,,,,,,,,,
599910,2012/13,2013-02-19,"Shere Bangla National Stadium, Mirpur",1,0.3,Dhaka Gladiators,Chittagong Kings,Mohammad Ashraful,TM Dilshan,Taskin Ahmed,0,0,,,,,,,,,
599910,2012/13,2013-02-19,"Shere Bangla National Stadium, Mirpur",1,0.4,Dhaka Gladiators,Chittagong Kings,Mohammad Ashraful,TM Dilshan,Taskin Ahmed,1,0,,,,,,,,,
599910,2012/13,2013-02-19,"Shere Bangla National Stadium, Mirpur",1,0.5,Dhaka Gladiators,Chittagong Kings,TM Dilshan,Mohammad Ashraful,Taskin Ahmed,2,0,,,,,,,,,
599910,2012/13,2013-02-19,"Shere Bangla National Stadium, Mirpur",1,0.6,Dhaka Gladiators,Chittagong Kings,TM Dilshan,Mohammad Ashraful,Taskin Ahmed,0,0,,,,,,bowled,TM Dilshan,,
599910,2012/13,2013-02-19,"Shere Bangla National Stadium, Mirpur",1,1.1,Dhaka Gladiators,Chittagong Kings,Mohammad Ashraful,Anamul Haque,LHD Dilhara,1,0,,,,,,,,,
599910,2012/13,2013-02-19,"Shere Bangla National Stadium, Mirpur",1,1.2,Dhaka Gladiators,Chittagong Kings,Anamul Haque,Mohammad Ashraful,LHD Dilhara,0,0,,,,,,,,,
599910,2012/13,2013-02-19,"Shere Bangla National Stadium, Mirpur",1,1.3,Dhaka Gladiators,Chittagong Kings,Anamul Haque,Mohammad Ashraful,LHD Dilhara,1,1,,1,,,,,,,
599910,2012/13,2013-02-19,"Shere Bangla National Stadium, Mirpur",1,1.4,Dhaka Gladiators,Chittagong Kings,Mohammad Ashraful,Anamul Haque,LHD Dilhara,1,0,,,,,,,,,
599910,2012/13,2013-02-19,"Shere Bangla National Stadium, Mirpur",1,1.5,Dhaka Gladiators,Chittagong Kings,Anamul Haque,Mohammad Ashraful,LHD Dilhara,0,0,,,,,,,,,
599910,2012/13,2013-02-19,"Shere Bangla National Stadium, Mirpur",1,1.6,Dhaka Gladiators,Chittagong Kings,Anamul Haque,Mohammad Ashraful,LHD Dilhara,0,0,,,,,,,,,
599910,2012/13,2013-02-19,"Shere Bangla National Stadium, Mirpur",1,1.7,Dhaka Gladiators,Chittagong Kings,Anamul Haque,Mohammad Ashraful,LHD Dilhara,2,0,,,,,,,,,
599910,2012/13,2013-02-19,"Shere Bangla National Stadium, Mirpur",1,2.1,Dhaka Gladiators,Chittagong Kings,Mohammad Ashraful,Anamul Haque,Taskin Ahmed,4,0,,,,,,,,,
599910,2012/13,2013-02-19,"Shere Bangla National Stadium, Mirpur",1,2.2,Dhaka Gladiators,Chittagong Kings,Mohammad Ashraful,Anamul Haque,Taskin Ahmed,0,0,,,,,,,,,
599910,2012/13,2013-02-19,"Shere Bangla National Stadium, Mirpur",1,2.3,Dhaka Gladiators,Chittagong Kings,Mohammad Ashraful,Anamul Haque,Taskin Ahmed,0,1,1,,,,,,,,
599910,2012/13,2013-02-19,"Shere Bangla National Stadium, Mirpur",1,2.4,Dhaka Gladiators,Chittagong Kings,Mohammad Ashraful,Anamul Haque,Taskin Ahmed,6,0,,,,,,,,,
599910,2012/13,2013-02-19,"Shere Bangla National Stadium, Mirpur",1,2.5,Dhaka Gladiators,Chittagong Kings,Mohammad Ashraful,Anamul Haque,Taskin Ahmed,1,0,,,,,,,,,
599910,2012/13,2013-02-19,"Shere Bangla National Stadium, Mirpur",1,2.6,Dhaka Gladiators,Chittagong Kings,Anamul Haque,Mohammad Ashraful,Taskin Ahmed,1,0,,,,,,,,,
599910,2012/13,2013-02-19,"Shere Bangla National Stadium, Mirpur",1,2.7,Dhaka Gladiators,Chittagong Kings,Mohammad Ashraful,Anamul Haque,Taskin Ahmed,0,0,,,,,,,,,
599910,2012/13,2013-02-19,"Shere Bangla National Stadium, Mirpur",1,3.1,Dhaka Gladiators,Chittagong Kings,Anamul Haque,Mohammad Ashraful,LHD Dilhara,1,0,,,,,,,,,
599910,2012/13,2013-02-19,"Shere Bangla National Stadium, Mirpur",1,3.2,Dhaka Gladiators,Chittagong Kings,Mohammad Ashraful,Anamul Haque,LHD Dilhara,1,0,,,,,,,,,
599910,2012/13,2013-02-19,"Shere Bangla National Stadium, Mirpur",1,3.3,Dhaka Gladiators,Chittagong Kings,Anamul Haque,Mohammad Ashraful,LHD Dilhara,4,0,,,,,,,,,
599910,2012/13,2013-02-19,"Shere Bangla National Stadium, Mirpur",1,3.4,Dhaka Gladiators,Chittagong Kings,Anamul Haque,Mohammad Ashraful,LHD Dilhara,0,0,,,,,,,,,
599910,2012/13,2013-02-19,"Shere Bangla National Stadium, Mirpur",1,3.5,Dhaka Gladiators,Chittagong Kings,Anamul Haque,Mohammad Ashraful,LHD Dilhara,0,0,,,,,,,,,
599910,2012/13,2013-02-19,"Shere Bangla National Stadium, Mirpur",1,3.6,Dhaka Gladiators,Chittagong Kings,Anamul Haque,Mohammad Ashraful,LHD Dilhara,1,0,,,,,,,,,
599910,2012/13,2013-02-19,"Shere Bangla National Stadium, Mirpur",1,4.1,Dhaka Gladiators,Chittagong Kings,Anamul Haque,Mohammad Ashraful,Rubel Hossain,1,0,,,,,,,,,
599910,2012/13,2013-02-19,"Shere Bangla National Stadium, Mirpur",1,4.2,Dhaka Gladiators,Chittagong Kings,Mohammad Ashraful,Anamul Haque,Rubel Hossain,2,0,,,,,,,,,
599910,2012/13,2013-02-19,"Shere Bangla National Stadium, Mirpur",1,4.3,Dhaka Gladiators,Chittagong Kings,Mohammad Ashraful,Anamul Haque,Rubel Hossain,1,0,,,,,,,,,
599910,2012/13,2013-02-19,"Shere Bangla National Stadium, Mirpur",1,4.4,Dhaka Gladiators,Chittagong Kings,Anamul Haque,Mohammad Ashraful,Rubel Hossain,4,0,,,,,,,,,
599910,2012/13,2013-02-19,"Shere Bangla National Stadium, Mirpur",1,4.5,Dhaka Gladiators,Chittagong Kings,Anamul Haque,Mohammad Ashraful,Rubel Hossain,2,0,,,,,,,,,
599910,2012/13,2013-02-19,"Shere Bangla National Stadium, Mirpur",1,4.6,Dhaka Gladiators,Chittagong Kings,Anamul Haque,Mohammad Ashraful,Rubel Hossain,4,0,,,,,,,,,
599910,2012/13,2013-02-19,"Shere Bangla National Stadium, Mirpur",1,5.1,Dhaka Gladiators,Chittagong Kings,Mohammad Ashraful,Anamul Haque,LHD Dilhara,4,0,,,,,,,,,
599910,2012/13,2013-02-19,"Shere Bangla National Stadium, Mirpur",1,5.2,Dhaka Gladiators,Chittagong Kings,Mohammad Ashraful,Anamul Haque,LHD Dilhara,0,0,,,,,,caught,Mohammad Ashraful,,
599910,2012/13,2013-02-19,"Shere Bangla National Stadium, Mirpur",1,5.3,Dhaka Gladiators,Chittagong Kings,Anamul Haque,Shakib Al Hasan,LHD Dilhara,1,0,,,,,,,,,
599910,2012/13,2013-02-19,"Shere Bangla National Stadium, Mirpur",1,5.4,Dhaka Gladiators,Chittagong Kings,Shakib Al Hasan,Anamul Haque,LHD Dilhara,1,0,,,,,,,,,
599910,2012/13,2013-02-19,"Shere Bangla National Stadium, Mirpur",1,5.5,Dhaka Gladiators,Chittagong Kings,Anamul Haque,Shakib Al Hasan,LHD Dilhara,0,0,,,,,,,,,
599910,2012/13,2013-02-19,"Shere Bangla National Stadium, Mirpur",1,5.6,Dhaka Gladiators,Chittagong Kings,Anamul Haque,Shakib Al Hasan,LHD Dilhara,0,0,,,,,,,,,
599910,2012/13,2013-02-19,"Shere Bangla National Stadium, Mirpur",1,6.1,Dhaka Gladiators,Chittagong Kings,Shakib Al Hasan,Anamul Haque,Enamul Haque jnr,1,0,,,,,,,,,
599910,2012/13,2013-02-19,"Shere Bangla National Stadium, Mirpur",1,6.2,Dhaka Gladiators,Chittagong Kings,Anamul Haque,Shakib Al Hasan,Enamul Haque jnr,4,0,,,,,,,,,
599910,2012/13,2013-02-19,"Shere Bangla National Stadium, Mirpur",1,6.3,Dhaka Gladiators,Chittagong Kings,Anamul Haque,Shakib Al Hasan,Enamul Haque jnr,4,0,,,,,,,,,
599910,2012/13,2013-02-19,"Shere Bangla National Stadium, Mirpur",1,6.4,Dhaka Gladiators,Chittagong Kings,Anamul Haque,Shakib Al Hasan,Enamul Haque jnr,1,0,,,,,,,,,
599910,2012/13,2013-02-19,"Shere Bangla National Stadium, Mirpur",1,6.5,Dhaka Gladiators,Chittagong Kings,Shakib Al Hasan,Anamul Haque,Enamul Haque jnr,1,0,,,,,,,,,
599910,2012/13,2013-02-19,"Shere Bangla National Stadium, Mirpur",1,6.6,Dhaka Gladiators,Chittagong Kings,Anamul Haque,Shakib Al Hasan,Enamul Haque jnr,1,0,,,,,,,,,
599910,2012/13,2013-02-19,"Shere Bangla National Stadium, Mirpur",1,7.1,Dhaka Gladiators,Chittagong Kings,Anamul Haque,Shakib Al Hasan,Mahmudullah,1,0,,,,,,,,,
599910,2012/13,2013-02-19,"Shere Bangla National Stadium, Mirpur",1,7.2,Dhaka Gladiators,Chittagong Kings,Shakib Al Hasan,Anamul Haque,Mahmudullah,1,0,,,,,,,,,
599910,2012/13,2013-02-19,"Shere Bangla National Stadium, Mirpur",1,7.3,Dhaka Gladiators,Chittagong Kings,Anamul Haque,Shakib Al Hasan,Mahmudullah,1,0,,,,,,,,,
599910,2012/13,2013-02-19,"Shere Bangla National Stadium, Mirpur",1,7.4,Dhaka Gladiators,Chittagong Kings,Shakib Al Hasan,Anamul Haque,Mahmudullah,1,0,,,,,,,,,
599910,2012/13,2013-02-19,"Shere Bangla National Stadium, Mirpur",1,7.5,Dhaka Gladiators,Chittagong Kings,Anamul Haque,Shakib Al Hasan,Mahmudullah,0,0,,,,,,,,,
599910,2012/13,2013-02-19,"Shere Bangla National Stadium, Mirpur",1,7.6,Dhaka Gladiators,Chittagong Kings,Anamul Haque,Shakib Al Hasan,Mahmudullah,1,0,,,,,,,,,
599910,2012/13,2013-02-19,"Shere Bangla National Stadium, Mirpur",1,8.1,Dhaka Gladiators,Chittagong Kings,Anamul Haque,Shakib Al Hasan,Enamul Haque jnr,1,0,,,,,,,,,
599910,2012/13,2013-02-19,"Shere Bangla National Stadium, Mirpur",1,8.2,Dhaka Gladiators,Chittagong Kings,Shakib Al Hasan,Anamul Haque,Enamul Haque jnr,1,0,,,,,,,,,
599910,2012/13,2013-02-19,"Shere Bangla National Stadium, Mirpur",1,8.3,Dhaka Gladiators,Chittagong Kings,Anamul Haque,Shakib Al Hasan,Enamul Haque jnr,1,0,,,,,,,,,
599910,2012/13,2013-02-19,"Shere Bangla National Stadium, Mirpur",1,8.4,Dhaka Gladiators,Chittagong Kings,Shakib Al Hasan,Anamul Haque,Enamul Haque jnr,1,0,,,,,,,,,
599910,2012/13,2013-02-19,"Shere Bangla National Stadium, Mirpur",1,8.5,Dhaka Gladiators,Chittagong Kings,Anamul Haque,Shakib Al Hasan,Enamul Haque jnr,1,0,,,,,,,,,
599910,2012/13,2013-02-19,"Shere Bangla National Stadium, Mirpur",1,8.6,Dhaka Gladiators,Chittagong Kings,Shakib Al Hasan,Anamul Haque,Enamul Haque jnr,1,0,,,,,,,,,
599910,2012/13,2013-02-19,"Shere Bangla National Stadium, Mirpur",1,9.1,Dhaka Gladiators,Chittagong Kings,Shakib Al Hasan,Anamul Haque,Mahmudullah,0,1,1,,,,,,,,
599910,2012/13,2013-02-19,"Shere Bangla National Stadium, Mirpur",1,9.2,Dhaka Gladiators,Chittagong Kings,Shakib Al Hasan,Anamul Haque,Mahmudullah,1,0,,,,,,,,,
599910,2012/13,2013-02-19,"Shere Bangla National Stadium, Mirpur",1,9.3,Dhaka Gladiators,Chittagong Kings,Anamul Haque,Shakib Al Hasan,Mahmudullah,6,0,,,,,,,,,
599910,2012/13,2013-02-19,"Shere Bangla National Stadium, Mirpur",1,9.4,Dhaka Gladiators,Chittagong Kings,Anamul Haque,Shakib Al Hasan,Mahmudullah,6,0,,,,,,,,,
599910,2012/13,2013-02-19,"Shere Bangla National Stadium, Mirpur",1,9.5,Dhaka Gladiators,Chittagong Kings,Anamul Haque,Shakib Al Hasan,Mahmudullah,1,0,,,,,,,,,
599910,2012/13,2013-02-19,"Shere Bangla National Stadium, Mirpur",1,9.6,Dhaka Gladiators,Chittagong Kings,Shakib Al Hasan,Anamul Haque,Mahmudullah,1,0,,,,,,,,,
599910,2012/13,2013-02-19,"Shere Bangla National Stadium, Mirpur",1,9.7,Dhaka Gladiators,Chittagong Kings,Anamul Haque,Shakib Al Hasan,Mahmudullah,1,0,,,,,,,,,
599910,2012/13,2013-02-19,"Shere Bangla National Stadium, Mirpur",1,10.1,Dhaka Gladiators,Chittagong Kings,Anamul Haque,Shakib Al Hasan,Rubel Hossain,2,0,,,,,,,,,
599910,2012/13,2013-02-19,"Shere Bangla National Stadium, Mirpur",1,10.2,Dhaka Gladiators,Chittagong Kings,Anamul Haque,Shakib Al Hasan,Rubel Hossain,4,0,,,,,,,,,
599910,2012/13,2013-02-19,"Shere Bangla National Stadium, Mirpur",1,10.3,Dhaka Gladiators,Chittagong Kings,Anamul Haque,Shakib Al Hasan,Rubel Hossain,0,0,,,,,,bowled,Anamul Haque,,
599910,2012/13,2013-02-19,"Shere Bangla National Stadium, Mirpur",1,10.4,Dhaka Gladiators,Chittagong Kings,KA Pollard,Shakib Al Hasan,Rubel Hossain,0,0,,,,,,,,,
599910,2012/13,2013-02-19,"Shere Bangla National Stadium, Mirpur",1,10.5,Dhaka Gladiators,Chittagong Kings,KA Pollard,Shakib Al Hasan,Rubel Hossain,0,0,,,,,,,,,
599910,2012/13,2013-02-19,"Shere Bangla National Stadium, Mirpur",1,10.6,Dhaka Gladiators,Chittagong Kings,KA Pollard,Shakib Al Hasan,Rubel Hossain,4,0,,,,,,,,,
599910,2012/13,2013-02-19,"Shere Bangla National Stadium, Mirpur",1,11.1,Dhaka Gladiators,Chittagong Kings,Shakib Al Hasan,KA Pollard,RS Bopara,1,0,,,,,,,,,
599910,2012/13,2013-02-19,"Shere Bangla National Stadium, Mirpur",1,11.2,Dhaka Gladiators,Chittagong Kings,KA Pollard,Shakib Al Hasan,RS Bopara,1,0,,,,,,,,,
599910,2012/13,2013-02-19,"Shere Bangla National Stadium, Mirpur",1,11.3,Dhaka Gladiators,Chittagong Kings,Shakib Al Hasan,KA Pollard,RS Bopara,1,0,,,,,,,,,
599910,2012/13,2013-02-19,"Shere Bangla National Stadium, Mirpur",1,11.4,Dhaka Gladiators,Chittagong Kings,KA Pollard,Shakib Al Hasan,RS Bopara,1,0,,,,,,,,,
599910,2012/13,2013-02-19,"Shere Bangla National Stadium, Mirpur",1,11.5,Dhaka Gladiators,Chittagong Kings,Shakib Al Hasan,KA Pollard,RS Bopara,1,0,,,,,,,,,
599910,2012/13,2013-02-19,"Shere Bangla National Stadium, Mirpur",1,11.6,Dhaka Gladiators,Chittagong Kings,KA Pollard,Shakib Al Hasan,RS Bopara,1,0,,,,,,,,,
599910,2012/13,2013-02-19,"Shere Bangla National Stadium, Mirpur",1,12.1,Dhaka Gladiators,Chittagong Kings,KA Pollard,Shakib Al Hasan,Rubel Hossain,0,0,,,,,,,,,
599910,2012/13,2013-02-19,"Shere Bangla National Stadium, Mirpur",1,12.2,Dhaka Gladiators,Chittagong Kings,KA Pollard,Shakib Al Hasan,Rubel Hossain,1,0,,,,,,,,,
599910,2012/13,2013-02-19,"Shere Bangla National Stadium, Mirpur",1,12.3,Dhaka Gladiators,Chittagong Kings,Shakib Al Hasan,KA Pollard,Rubel Hossain,0,0,,,,,,,,,
599910,2012/13,2013-02-19,"Shere Bangla National Stadium, Mirpur",1,12.4,Dhaka Gladiators,Chittagong Kings,Shakib Al Hasan,KA Pollard,Rubel Hossain,4,0,,,,,,,,,
599910,2012/13,2013-02-19,"Shere Bangla National Stadium, Mirpur",1,12.5,Dhaka Gladiators,Chittagong Kings,Shakib Al Hasan,KA Pollard,Rubel Hossain,6,0,,,,,,,,,
599910,2012/13,2013-02-19,"Shere Bangla National Stadium, Mirpur",1,12.6,Dhaka Gladiators,Chittagong Kings,Shakib Al Hasan,KA Pollard,Rubel Hossain,1,0,,,,,,,,,
599910,2012/13,2013-02-19,"Shere Bangla National Stadium, Mirpur",1,13.1,Dhaka Gladiators,Chittagong Kings,Shakib Al Hasan,KA Pollard,RS Bopara,0,1,1,,,,,,,,
599910,2012/13,2013-02-19,"Shere Bangla National Stadium, Mirpur",1,13.2,Dhaka Gladiators,Chittagong Kings,Shakib Al Hasan,KA Pollard,RS Bopara,1,0,,,,,,,,,
599910,2012/13,2013-02-19,"Shere Bangla National Stadium, Mirpur",1,13.3,Dhaka Gladiators,Chittagong Kings,KA Pollard,Shakib Al Hasan,RS Bopara,1,0,,,,,,,,,
599910,2012/13,2013-02-19,"Shere Bangla National Stadium, Mirpur",1,13.4,Dhaka Gladiators,Chittagong Kings,Shakib Al Hasan,KA Pollard,RS Bopara,1,0,,,,,,,,,
599910,2012/13,2013-02-19,"Shere Bangla National Stadium, Mirpur",1,13.5,Dhaka Gladiators,Chittagong Kings,KA Pollard,Shakib Al Hasan,RS Bopara,0,0,,,,,,bowled,KA Pollard,,
599910,2012/13,2013-02-19,"Shere Bangla National Stadium, Mirpur",1,13.6,Dhaka Gladiators,Chittagong Kings,DI Stevens,Shakib Al Hasan,RS Bopara,0,5,5,,,,,,,,
599910,2012/13,2013-02-19,"Shere Bangla National Stadium, Mirpur",1,13.7,Dhaka Gladiators,Chittagong Kings,DI Stevens,Shakib Al Hasan,RS Bopara,1,0,,,,,,,,,
599910,2012/13,2013-02-19,"Shere Bangla National Stadium, Mirpur",1,13.8,Dhaka Gladiators,Chittagong Kings,Shakib Al Hasan,DI Stevens,RS Bopara,1,0,,,,,,,,,
599910,2012/13,2013-02-19,"Shere Bangla National Stadium, Mirpur",1,14.1,Dhaka Gladiators,Chittagong Kings,Shakib Al Hasan,DI Stevens,Taskin Ahmed,0,0,,,,,,,,,
599910,2012/13,2013-02-19,"Shere Bangla National Stadium, Mirpur",1,14.2,Dhaka Gladiators,Chittagong Kings,Shakib Al Hasan,DI Stevens,Taskin Ahmed,0,0,,,,,,,,,
599910,2012/13,2013-02-19,"Shere Bangla National Stadium, Mirpur",1,14.3,Dhaka Gladiators,Chittagong Kings,Shakib Al Hasan,DI Stevens,Taskin Ahmed,1,0,,,,,,,,,
599910,2012/13,2013-02-19,"Shere Bangla National Stadium, Mirpur",1,14.4,Dhaka Gladiators,Chittagong Kings,DI Stevens,Shakib Al Hasan,Taskin Ahmed,0,1,,,,1,,,,,
599910,2012/13,2013-02-19,"Shere Bangla National Stadium, Mirpur",1,14.5,Dhaka Gladiators,Chittagong Kings,Shakib Al Hasan,DI Stevens,Taskin Ahmed,1,0,,,,,,,,,
599910,2012/13,2013-02-19,"Shere Bangla National Stadium, Mirpur",1,14.6,Dhaka Gladiators,Chittagong Kings,DI Stevens,Shakib Al Hasan,Taskin Ahmed,1,0,,,,,,,,,
599910,2012/13,2013-02-19,"Shere Bangla National Stadium, Mirpur",1,15.1,Dhaka Gladiators,Chittagong Kings,DI Stevens,Shakib Al Hasan,RS Bopara,0,0,,,,,,,,,
599910,2012/13,2013-02-19,"Shere Bangla National Stadium, Mirpur",1,15.2,Dhaka Gladiators,Chittagong Kings,DI Stevens,Shakib Al Hasan,RS Bopara,0,1,,,,1,,,,,
599910,2012/13,2013-02-19,"Shere Bangla National Stadium, Mirpur",1,15.3,Dhaka Gladiators,Chittagong Kings,Shakib Al Hasan,DI Stevens,RS Bopara,1,0,,,,,,,,,
599910,2012/13,2013-02-19,"Shere Bangla National Stadium, Mirpur",1,15.4,Dhaka Gladiators,Chittagong Kings,DI Stevens,Shakib Al Hasan,RS Bopara,0,0,,,,,,,,,
599910,2012/13,2013-02-19,"Shere Bangla National Stadium, Mirpur",1,15.5,Dhaka Gladiators,Chittagong Kings,DI Stevens,Shakib Al Hasan,RS Bopara,1,0,,,,,,,,,
599910,2012/13,2013-02-19,"Shere Bangla National Stadium, Mirpur",1,15.6,Dhaka Gladiators,Chittagong Kings,Shakib Al Hasan,DI Stevens,RS Bopara,4,0,,,,,,,,,
599910,2012/13,2013-02-19,"Shere Bangla National Stadium, Mirpur",1,16.1,Dhaka Gladiators,Chittagong Kings,DI Stevens,Shakib Al Hasan,LHD Dilhara,1,0,,,,,,,,,
599910,2012/13,2013-02-19,"Shere Bangla National Stadium, Mirpur",1,16.2,Dhaka Gladiators,Chittagong Kings,Shakib Al Hasan,DI Stevens,LHD Dilhara,6,0,,,,,,,,,
599910,2012/13,2013-02-19,"Shere Bangla National Stadium, Mirpur",1,16.3,Dhaka Gladiators,Chittagong Kings,Shakib Al Hasan,DI Stevens,LHD Dilhara,1,0,,,,,,,,,
599910,2012/13,2013-02-19,"Shere Bangla National Stadium, Mirpur",1,16.4,Dhaka Gladiators,Chittagong Kings,DI Stevens,Shakib Al Hasan,LHD Dilhara,1,0,,,,,,,,,
599910,2012/13,2013-02-19,"Shere Bangla National Stadium, Mirpur",1,16.5,Dhaka Gladiators,Chittagong Kings,Shakib Al Hasan,DI Stevens,LHD Dilhara,0,0,,,,,,caught,Shakib Al Hasan,,
599910,2012/13,2013-02-19,"Shere Bangla National Stadium, Mirpur",1,16.6,Dhaka Gladiators,Chittagong Kings,JJ Cobb,DI Stevens,LHD Dilhara,1,0,,,,,,,,,
599910,2012/13,2013-02-19,"Shere Bangla National Stadium, Mirpur",1,17.1,Dhaka Gladiators,Chittagong Kings,JJ Cobb,DI Stevens,RS Bopara,1,0,,,,,,,,,
599910,2012/13,2013-02-19,"Shere Bangla National Stadium, Mirpur",1,17.2,Dhaka Gladiators,Chittagong Kings,DI Stevens,JJ Cobb,RS Bopara,2,0,,,,,,,,,
599910,2012/13,2013-02-19,"Shere Bangla National Stadium, Mirpur",1,17.3,Dhaka Gladiators,Chittagong Kings,DI Stevens,JJ Cobb,RS Bopara,1,0,,,,,,,,,
599910,2012/13,2013-02-19,"Shere Bangla National Stadium, Mirpur",1,17.4,Dhaka Gladiators,Chittagong Kings,JJ Cobb,DI Stevens,RS Bopara,0,0,,,,,,,,,
599910,2012/13,2013-02-19,"Shere Bangla National Stadium, Mirpur",1,17.5,Dhaka Gladiators,Chittagong Kings,JJ Cobb,DI Stevens,RS Bopara,0,0,,,,,,,,,
599910,2012/13,2013-02-19,"Shere Bangla National Stadium, Mirpur",1,17.6,Dhaka Gladiators,Chittagong Kings,JJ Cobb,DI Stevens,RS Bopara,1,0,,,,,,,,,
599910,2012/13,2013-02-19,"Shere Bangla National Stadium, Mirpur",1,18.1,Dhaka Gladiators,Chittagong Kings,JJ Cobb,DI Stevens,Rubel Hossain,0,0,,,,,,caught,JJ Cobb,,
599910,2012/13,2013-02-19,"Shere Bangla National Stadium, Mirpur",1,18.2,Dhaka Gladiators,Chittagong Kings,DI Stevens,Mashrafe Mortaza,Rubel Hossain,0,0,,,,,,,,,
599910,2012/13,2013-02-19,"Shere Bangla National Stadium, Mirpur",1,18.3,Dhaka Gladiators,Chittagong Kings,DI Stevens,Mashrafe Mortaza,Rubel Hossain,0,0,,,,,,caught,DI Stevens,,
599910,2012/13,2013-02-19,"Shere Bangla National Stadium, Mirpur",1,18.4,Dhaka Gladiators,Chittagong Kings,Mashrafe Mortaza,AC Thomas,Rubel Hossain,4,0,,,,,,,,,
599910,2012/13,2013-02-19,"Shere Bangla National Stadium, Mirpur",1,18.5,Dhaka Gladiators,Chittagong Kings,Mashrafe Mortaza,AC Thomas,Rubel Hossain,4,0,,,,,,,,,
599910,2012/13,2013-02-19,"Shere Bangla National Stadium, Mirpur",1,18.6,Dhaka Gladiators,Chittagong Kings,Mashrafe Mortaza,AC Thomas,Rubel Hossain,0,0,,,,,,caught,Mashrafe Mortaza,,
599910,2012/13,2013-02-19,"Shere Bangla National Stadium, Mirpur",1,19.1,Dhaka Gladiators,Chittagong Kings,AC Thomas,Mosharraf Hossain,Taskin Ahmed,0,1,1,,,,,,,,
599910,2012/13,2013-02-19,"Shere Bangla National Stadium, Mirpur",1,19.2,Dhaka Gladiators,Chittagong Kings,AC Thomas,Mosharraf Hossain,Taskin Ahmed,1,0,,,,,,,,,
599910,2012/13,2013-02-19,"Shere Bangla National Stadium, Mirpur",1,19.3,Dhaka Gladiators,Chittagong Kings,Mosharraf Hossain,AC Thomas,Taskin Ahmed,0,1,,,1,,,,,,
599910,2012/13,2013-02-19,"Shere Bangla National Stadium, Mirpur",1,19.4,Dhaka Gladiators,Chittagong Kings,AC Thomas,Mosharraf Hossain,Taskin Ahmed,2,0,,,,,,,,,
599910,2012/13,2013-02-19,"Shere Bangla National Stadium, Mirpur",1,19.5,Dhaka Gladiators,Chittagong Kings,AC Thomas,Mosharraf Hossain,Taskin Ahmed,0,1,1,,,,,,,,
599910,2012/13,2013-02-19,"Shere Bangla National Stadium, Mirpur",1,19.6,Dhaka Gladiators,Chittagong Kings,AC Thomas,Mosharraf Hossain,Taskin Ahmed,1,0,,,,,,,,,
599910,2012/13,2013-02-19,"Shere Bangla National Stadium, Mirpur",1,19.7,Dhaka Gladiators,Chittagong Kings,Mosharraf Hossain,AC Thomas,Taskin Ahmed,1,0,,,,,,,,,
599910,2012/13,2013-02-19,"Shere Bangla National Stadium, Mirpur",1,19.8,Dhaka Gladiators,Chittagong Kings,AC Thomas,Mosharraf Hossain,Taskin Ahmed,0,0,,,,,,bowled,AC Thomas,,
599910,2012/13,2013-02-19,"Shere Bangla National Stadium, Mirpur",2,0.1,Chittagong Kings,Dhaka Gladiators,JJ Roy,GSNFG Jayasuriya,Mashrafe Mortaza,0,0,,,,,,,,,
599910,2012/13,2013-02-19,"Shere Bangla National Stadium, Mirpur",2,0.2,Chittagong Kings,Dhaka Gladiators,JJ Roy,GSNFG Jayasuriya,Mashrafe Mortaza,0,1,1,,,,,,,,
599910,2012/13,2013-02-19,"Shere Bangla National Stadium, Mirpur",2,0.3,Chittagong Kings,Dhaka Gladiators,JJ Roy,GSNFG Jayasuriya,Mashrafe Mortaza,1,0,,,,,,,,,
599910,2012/13,2013-02-19,"Shere Bangla National Stadium, Mirpur",2,0.4,Chittagong Kings,Dhaka Gladiators,GSNFG Jayasuriya,JJ Roy,Mashrafe Mortaza,0,0,,,,,,,,,
599910,2012/13,2013-02-19,"Shere Bangla National Stadium, Mirpur",2,0.5,Chittagong Kings,Dhaka Gladiators,GSNFG Jayasuriya,JJ Roy,Mashrafe Mortaza,0,0,,,,,,,,,
599910,2012/13,2013-02-19,"Shere Bangla National Stadium, Mirpur",2,0.6,Chittagong Kings,Dhaka Gladiators,GSNFG Jayasuriya,JJ Roy,Mashrafe Mortaza,1,0,,,,,,,,,
599910,2012/13,2013-02-19,"Shere Bangla National Stadium, Mirpur",2,0.7,Chittagong Kings,Dhaka Gladiators,JJ Roy,GSNFG Jayasuriya,Mashrafe Mortaza,1,0,,,,,,,,,
599910,2012/13,2013-02-19,"Shere Bangla National Stadium, Mirpur",2,1.1,Chittagong Kings,Dhaka Gladiators,JJ Roy,GSNFG Jayasuriya,AC Thomas,1,0,,,,,,,,,
599910,2012/13,2013-02-19,"Shere Bangla National Stadium, Mirpur",2,1.2,Chittagong Kings,Dhaka Gladiators,GSNFG Jayasuriya,JJ Roy,AC Thomas,0,0,,,,,,,,,
599910,2012/13,2013-02-19,"Shere Bangla National Stadium, Mirpur",2,1.3,Chittagong Kings,Dhaka Gladiators,GSNFG Jayasuriya,JJ Roy,AC Thomas,1,0,,,,,,,,,
599910,2012/13,2013-02-19,"Shere Bangla National Stadium, Mirpur",2,1.4,Chittagong Kings,Dhaka Gladiators,JJ Roy,GSNFG Jayasuriya,AC Thomas,4,0,,,,,,,,,
599910,2012/13,2013-02-19,"Shere Bangla National Stadium, Mirpur",2,1.5,Chittagong Kings,Dhaka Gladiators,JJ Roy,GSNFG Jayasuriya,AC Thomas,4,0,,,,,,,,,
599910,2012/13,2013-02-19,"Shere Bangla National Stadium, Mirpur",2,1.6,Chittagong Kings,Dhaka Gladiators,JJ Roy,GSNFG Jayasuriya,AC Thomas,0,0,,,,,,,,,
599910,2012/13,2013-02-19,"Shere Bangla National Stadium, Mirpur",2,2.1,Chittagong Kings,Dhaka Gladiators,GSNFG Jayasuriya,JJ Roy,Mashrafe Mortaza,3,0,,,,,,,,,
599910,2012/13,2013-02-19,"Shere Bangla National Stadium, Mirpur",2,2.2,Chittagong Kings,Dhaka Gladiators,JJ Roy,GSNFG Jayasuriya,Mashrafe Mortaza,4,0,,,,,,,,,
599910,2012/13,2013-02-19,"Shere Bangla National Stadium, Mirpur",2,2.3,Chittagong Kings,Dhaka Gladiators,JJ Roy,GSNFG Jayasuriya,Mashrafe Mortaza,4,0,,,,,,,,,
599910,2012/13,2013-02-19,"Shere Bangla National Stadium, Mirpur",2,2.4,Chittagong Kings,Dhaka Gladiators,JJ Roy,GSNFG Jayasuriya,Mashrafe Mortaza,1,0,,,,,,,,,
599910,2012/13,2013-02-19,"Shere Bangla National Stadium, Mirpur",2,2.5,Chittagong Kings,Dhaka Gladiators,GSNFG Jayasuriya,JJ Roy,Mashrafe Mortaza,0,0,,,,,,caught,GSNFG Jayasuriya,,
599910,2012/13,2013-02-19,"Shere Bangla National Stadium, Mirpur",2,2.6,Chittagong Kings,Dhaka Gladiators,JJ Roy,Nurul Hasan,Mashrafe Mortaza,1,0,,,,,,,,,
599910,2012/13,2013-02-19,"Shere Bangla National Stadium, Mirpur",2,3.1,Chittagong Kings,Dhaka Gladiators,JJ Roy,Nurul Hasan,Shakib Al Hasan,0,0,,,,,,,,,
599910,2012/13,2013-02-19,"Shere Bangla National Stadium, Mirpur",2,3.2,Chittagong Kings,Dhaka Gladiators,JJ Roy,Nurul Hasan,Shakib Al Hasan,1,0,,,,,,,,,
599910,2012/13,2013-02-19,"Shere Bangla National Stadium, Mirpur",2,3.3,Chittagong Kings,Dhaka Gladiators,Nurul Hasan,JJ Roy,Shakib Al Hasan,0,0,,,,,,,,,
599910,2012/13,2013-02-19,"Shere Bangla National Stadium, Mirpur",2,3.4,Chittagong Kings,Dhaka Gladiators,Nurul Hasan,JJ Roy,Shakib Al Hasan,0,0,,,,,,,,,
599910,2012/13,2013-02-19,"Shere Bangla National Stadium, Mirpur",2,3.5,Chittagong Kings,Dhaka Gladiators,Nurul Hasan,JJ Roy,Shakib Al Hasan,4,0,,,,,,,,,
599910,2012/13,2013-02-19,"Shere Bangla National Stadium, Mirpur",2,3.6,Chittagong Kings,Dhaka Gladiators,Nurul Hasan,JJ Roy,Shakib Al Hasan,0,0,,,,,,,,,
599910,2012/13,2013-02-19,"Shere Bangla National Stadium, Mirpur",2,4.1,Chittagong Kings,Dhaka Gladiators,JJ Roy,Nurul Hasan,Saqlain Sajib,1,0,,,,,,,,,
599910,2012/13,2013-02-19,"Shere Bangla National Stadium, Mirpur",2,4.2,Chittagong Kings,Dhaka Gladiators,Nurul Hasan,JJ Roy,Saqlain Sajib,1,0,,,,,,,,,
599910,2012/13,2013-02-19,"Shere Bangla National Stadium, Mirpur",2,4.3,Chittagong Kings,Dhaka Gladiators,JJ Roy,Nurul Hasan,Saqlain Sajib,0,0,,,,,,,,,
599910,2012/13,2013-02-19,"Shere Bangla National Stadium, Mirpur",2,4.4,Chittagong Kings,Dhaka Gladiators,JJ Roy,Nurul Hasan,Saqlain Sajib,1,0,,,,,,,,,
599910,2012/13,2013-02-19,"Shere Bangla National Stadium, Mirpur",2,4.5,Chittagong Kings,Dhaka Gladiators,Nurul Hasan,JJ Roy,Saqlain Sajib,4,0,,,,,,,,,
599910,2012/13,2013-02-19,"Shere Bangla National Stadium, Mirpur",2,4.6,Chittagong Kings,Dhaka Gladiators,Nurul Hasan,JJ Roy,Saqlain Sajib,4,0,,,,,,,,,
599910,2012/13,2013-02-19,"Shere Bangla National Stadium, Mirpur",2,5.1,Chittagong Kings,Dhaka Gladiators,JJ Roy,Nurul Hasan,Shakib Al Hasan,1,0,,,,,,,,,
599910,2012/13,2013-02-19,"Shere Bangla National Stadium, Mirpur",2,5.2,Chittagong Kings,Dhaka Gladiators,Nurul Hasan,JJ Roy,Shakib Al Hasan,1,0,,,,,,,,,
599910,2012/13,2013-02-19,"Shere Bangla National Stadium, Mirpur",2,5.3,Chittagong Kings,Dhaka Gladiators,JJ Roy,Nurul Hasan,Shakib Al Hasan,0,0,,,,,,,,,
599910,2012/13,2013-02-19,"Shere Bangla National Stadium, Mirpur",2,5.4,Chittagong Kings,Dhaka Gladiators,JJ Roy,Nurul Hasan,Shakib Al Hasan,4,0,,,,,,,,,
599910,2012/13,2013-02-19,"Shere Bangla National Stadium, Mirpur",2,5.5,Chittagong Kings,Dhaka Gladiators,JJ Roy,Nurul Hasan,Shakib Al Hasan,1,0,,,,,,,,,
599910,2012/13,2013-02-19,"Shere Bangla National Stadium, Mirpur",2,5.6,Chittagong Kings,Dhaka Gladiators,Nurul Hasan,JJ Roy,Shakib Al Hasan,0,0,,,,,,,,,
599910,2012/13,2013-02-19,"Shere Bangla National Stadium, Mirpur",2,6.1,Chittagong Kings,Dhaka Gladiators,JJ Roy,Nurul Hasan,Mosharraf Hossain,1,0,,,,,,,,,
599910,2012/13,2013-02-19,"Shere Bangla National Stadium, Mirpur",2,6.2,Chittagong Kings,Dhaka Gladiators,Nurul Hasan,JJ Roy,Mosharraf Hossain,0,0,,,,,,caught,Nurul Hasan,,
599910,2012/13,2013-02-19,"Shere Bangla National Stadium, Mirpur",2,6.3,Chittagong Kings,Dhaka Gladiators,JJ Roy,RS Bopara,Mosharraf Hossain,1,0,,,,,,,,,
599910,2012/13,2013-02-19,"Shere Bangla National Stadium, Mirpur",2,6.4,Chittagong Kings,Dhaka Gladiators,RS Bopara,JJ Roy,Mosharraf Hossain,1,0,,,,,,,,,
599910,2012/13,2013-02-19,"Shere Bangla National Stadium, Mirpur",2,6.5,Chittagong Kings,Dhaka Gladiators,JJ Roy,RS Bopara,Mosharraf Hossain,1,0,,,,,,,,,
599910,2012/13,2013-02-19,"Shere Bangla National Stadium, Mirpur",2,6.6,Chittagong Kings,Dhaka Gladiators,RS Bopara,JJ Roy,Mosharraf Hossain,0,0,,,,,,,,,
599910,2012/13,2013-02-19,"Shere Bangla National Stadium, Mirpur",2,7.1,Chittagong Kings,Dhaka Gladiators,JJ Roy,RS Bopara,Saqlain Sajib,1,0,,,,,,,,,
599910,2012/13,2013-02-19,"Shere Bangla National Stadium, Mirpur",2,7.2,Chittagong Kings,Dhaka Gladiators,RS Bopara,JJ Roy,Saqlain Sajib,1,0,,,,,,,,,
599910,2012/13,2013-02-19,"Shere Bangla National Stadium, Mirpur",2,7.3,Chittagong Kings,Dhaka Gladiators,JJ Roy,RS Bopara,Saqlain Sajib,4,0,,,,,,,,,
599910,2012/13,2013-02-19,"Shere Bangla National Stadium, Mirpur",2,7.4,Chittagong Kings,Dhaka Gladiators,JJ Roy,RS Bopara,Saqlain Sajib,1,0,,,,,,,,,
599910,2012/13,2013-02-19,"Shere Bangla National Stadium, Mirpur",2,7.5,Chittagong Kings,Dhaka Gladiators,RS Bopara,JJ Roy,Saqlain Sajib,0,0,,,,,,lbw,RS Bopara,,
599910,2012/13,2013-02-19,"Shere Bangla National Stadium, Mirpur",2,7.6,Chittagong Kings,Dhaka Gladiators,RN ten Doeschate,JJ Roy,Saqlain Sajib,1,0,,,,,,,,,
599910,2012/13,2013-02-19,"Shere Bangla National Stadium, Mirpur",2,8.1,Chittagong Kings,Dhaka Gladiators,RN ten Doeschate,JJ Roy,Mosharraf Hossain,1,0,,,,,,,,,
599910,2012/13,2013-02-19,"Shere Bangla National Stadium, Mirpur",2,8.2,Chittagong Kings,Dhaka Gladiators,JJ Roy,RN ten Doeschate,Mosharraf Hossain,1,0,,,,,,,,,
599910,2012/13,2013-02-19,"Shere Bangla National Stadium, Mirpur",2,8.3,Chittagong Kings,Dhaka Gladiators,RN ten Doeschate,JJ Roy,Mosharraf Hossain,0,0,,,,,,caught,RN ten Doeschate,,
599910,2012/13,2013-02-19,"Shere Bangla National Stadium, Mirpur",2,8.4,Chittagong Kings,Dhaka Gladiators,Mahmudullah,JJ Roy,Mosharraf Hossain,1,0,,,,,,,,,
599910,2012/13,2013-02-19,"Shere Bangla National Stadium, Mirpur",2,8.5,Chittagong Kings,Dhaka Gladiators,JJ Roy,Mahmudullah,Mosharraf Hossain,0,0,,,,,,bowled,JJ Roy,,
599910,2012/13,2013-02-19,"Shere Bangla National Stadium, Mirpur",2,8.6,Chittagong Kings,Dhaka Gladiators,Ariful Haque,Mahmudullah,Mosharraf Hossain,1,0,,,,,,,,,
599910,2012/13,2013-02-19,"Shere Bangla National Stadium, Mirpur",2,9.1,Chittagong Kings,Dhaka Gladiators,Ariful Haque,Mahmudullah,Saqlain Sajib,1,0,,,,,,,,,
599910,2012/13,2013-02-19,"Shere Bangla National Stadium, Mirpur",2,9.2,Chittagong Kings,Dhaka Gladiators,Mahmudullah,Ariful Haque,Saqlain Sajib,0,0,,,,,,,,,
599910,2012/13,2013-02-19,"Shere Bangla National Stadium, Mirpur",2,9.3,Chittagong Kings,Dhaka Gladiators,Mahmudullah,Ariful Haque,Saqlain Sajib,0,0,,,,,,,,,
599910,2012/13,2013-02-19,"Shere Bangla National Stadium, Mirpur",2,9.4,Chittagong Kings,Dhaka Gladiators,Mahmudullah,Ariful Haque,Saqlain Sajib,0,0,,,,,,,,,
599910,2012/13,2013-02-19,"Shere Bangla National Stadium, Mirpur",2,9.5,Chittagong Kings,Dhaka Gladiators,Mahmudullah,Ariful Haque,Saqlain Sajib,1,0,,,,,,,,,
599910,2012/13,2013-02-19,"Shere Bangla National Stadium, Mirpur",2,9.6,Chittagong Kings,Dhaka Gladiators,Ariful Haque,Mahmudullah,Saqlain Sajib,2,0,,,,,,,,,
599910,2012/13,2013-02-19,"Shere Bangla National Stadium, Mirpur",2,10.1,Chittagong Kings,Dhaka Gladiators,Mahmudullah,Ariful Haque,Mosharraf Hossain,1,0,,,,,,,,,
599910,2012/13,2013-02-19,"Shere Bangla National Stadium, Mirpur",2,10.2,Chittagong Kings,Dhaka Gladiators,Ariful Haque,Mahmudullah,Mosharraf Hossain,0,0,,,,,,,,,
599910,2012/13,2013-02-19,"Shere Bangla National Stadium, Mirpur",2,10.3,Chittagong Kings,Dhaka Gladiators,Ariful Haque,Mahmudullah,Mosharraf Hossain,1,0,,,,,,,,,
599910,2012/13,2013-02-19,"Shere Bangla National Stadium, Mirpur",2,10.4,Chittagong Kings,Dhaka Gladiators,Mahmudullah,Ariful Haque,Mosharraf Hossain,6,0,,,,,,,,,
599910,2012/13,2013-02-19,"Shere Bangla National Stadium, Mirpur",2,10.5,Chittagong Kings,Dhaka Gladiators,Mahmudullah,Ariful Haque,Mosharraf Hossain,0,0,,,,,,,,,
599910,2012/13,2013-02-19,"Shere Bangla National Stadium, Mirpur",2,10.6,Chittagong Kings,Dhaka Gladiators,Mahmudullah,Ariful Haque,Mosharraf Hossain,2,0,,,,,,,,,
599910,2012/13,2013-02-19,"Shere Bangla National Stadium, Mirpur",2,11.1,Chittagong Kings,Dhaka Gladiators,Ariful Haque,Mahmudullah,Mashrafe Mortaza,1,0,,,,,,,,,
599910,2012/13,2013-02-19,"Shere Bangla National Stadium, Mirpur",2,11.2,Chittagong Kings,Dhaka Gladiators,Mahmudullah,Ariful Haque,Mashrafe Mortaza,1,0,,,,,,,,,
599910,2012/13,2013-02-19,"Shere Bangla National Stadium, Mirpur",2,11.3,Chittagong Kings,Dhaka Gladiators,Ariful Haque,Mahmudullah,Mashrafe Mortaza,1,0,,,,,,,,,
599910,2012/13,2013-02-19,"Shere Bangla National Stadium, Mirpur",2,11.4,Chittagong Kings,Dhaka Gladiators,Mahmudullah,Ariful Haque,Mashrafe Mortaza,0,4,,,,4,,,,,
599910,2012/13,2013-02-19,"Shere Bangla National Stadium, Mirpur",2,11.5,Chittagong Kings,Dhaka Gladiators,Mahmudullah,Ariful Haque,Mashrafe Mortaza,4,0,,,,,,,,,
599910,2012/13,2013-02-19,"Shere Bangla National Stadium, Mirpur",2,11.6,Chittagong Kings,Dhaka Gladiators,Mahmudullah,Ariful Haque,Mashrafe Mortaza,1,0,,,,,,,,,
599910,2012/13,2013-02-19,"Shere Bangla National Stadium, Mirpur",2,12.1,Chittagong Kings,Dhaka Gladiators,Mahmudullah,Ariful Haque,Mosharraf Hossain,1,0,,,,,,,,,
599910,2012/13,2013-02-19,"Shere Bangla National Stadium, Mirpur",2,12.2,Chittagong Kings,Dhaka Gladiators,Ariful Haque,Mahmudullah,Mosharraf Hossain,2,0,,,,,,,,,
599910,2012/13,2013-02-19,"Shere Bangla National Stadium, Mirpur",2,12.3,Chittagong Kings,Dhaka Gladiators,Ariful Haque,Mahmudullah,Mosharraf Hossain,1,0,,,,,,,,,
599910,2012/13,2013-02-19,"Shere Bangla National Stadium, Mirpur",2,12.4,Chittagong Kings,Dhaka Gladiators,Mahmudullah,Ariful Haque,Mosharraf Hossain,1,0,,,,,,,,,
599910,2012/13,2013-02-19,"Shere Bangla National Stadium, Mirpur",2,12.5,Chittagong Kings,Dhaka Gladiators,Ariful Haque,Mahmudullah,Mosharraf Hossain,1,0,,,,,,,,,
599910,2012/13,2013-02-19,"Shere Bangla National Stadium, Mirpur",2,12.6,Chittagong Kings,Dhaka Gladiators,Mahmudullah,Ariful Haque,Mosharraf Hossain,2,0,,,,,,,,,
599910,2012/13,2013-02-19,"Shere Bangla National Stadium, Mirpur",2,13.1,Chittagong Kings,Dhaka Gladiators,Ariful Haque,Mahmudullah,AC Thomas,1,0,,,,,,,,,
599910,2012/13,2013-02-19,"Shere Bangla National Stadium, Mirpur",2,13.2,Chittagong Kings,Dhaka Gladiators,Mahmudullah,Ariful Haque,AC Thomas,1,0,,,,,,,,,
599910,2012/13,2013-02-19,"Shere Bangla National Stadium, Mirpur",2,13.3,Chittagong Kings,Dhaka Gladiators,Ariful Haque,Mahmudullah,AC Thomas,0,0,,,,,,caught,Ariful Haque,,
599910,2012/13,2013-02-19,"Shere Bangla National Stadium, Mirpur",2,13.4,Chittagong Kings,Dhaka Gladiators,LHD Dilhara,Mahmudullah,AC Thomas,0,0,,,,,,,,,
599910,2012/13,2013-02-19,"Shere Bangla National Stadium, Mirpur",2,13.5,Chittagong Kings,Dhaka Gladiators,LHD Dilhara,Mahmudullah,AC Thomas,1,0,,,,,,,,,
599910,2012/13,2013-02-19,"Shere Bangla National Stadium, Mirpur",2,13.6,Chittagong Kings,Dhaka Gladiators,Mahmudullah,LHD Dilhara,AC Thomas,4,0,,,,,,,,,
599910,2012/13,2013-02-19,"Shere Bangla National Stadium, Mirpur",2,14.1,Chittagong Kings,Dhaka Gladiators,LHD Dilhara,Mahmudullah,Saqlain Sajib,1,0,,,,,,,,,
599910,2012/13,2013-02-19,"Shere Bangla National Stadium, Mirpur",2,14.2,Chittagong Kings,Dhaka Gladiators,Mahmudullah,LHD Dilhara,Saqlain Sajib,0,0,,,,,,,,,
599910,2012/13,2013-02-19,"Shere Bangla National Stadium, Mirpur",2,14.3,Chittagong Kings,Dhaka Gladiators,Mahmudullah,LHD Dilhara,Saqlain Sajib,6,0,,,,,,,,,
599910,2012/13,2013-02-19,"Shere Bangla National Stadium, Mirpur",2,14.4,Chittagong Kings,Dhaka Gladiators,Mahmudullah,LHD Dilhara,Saqlain Sajib,4,0,,,,,,,,,
599910,2012/13,2013-02-19,"Shere Bangla National Stadium, Mirpur",2,14.5,Chittagong Kings,Dhaka Gladiators,Mahmudullah,LHD Dilhara,Saqlain Sajib,0,0,,,,,,run out,LHD Dilhara,,
599910,2012/13,2013-02-19,"Shere Bangla National Stadium, Mirpur",2,14.6,Chittagong Kings,Dhaka Gladiators,Rubel Hossain,Mahmudullah,Saqlain Sajib,0,0,,,,,,,,,
599910,2012/13,2013-02-19,"Shere Bangla National Stadium, Mirpur",2,15.1,Chittagong Kings,Dhaka Gladiators,Mahmudullah,Rubel Hossain,Shakib Al Hasan,0,0,,,,,,,,,
599910,2012/13,2013-02-19,"Shere Bangla National Stadium, Mirpur",2,15.2,Chittagong Kings,Dhaka Gladiators,Mahmudullah,Rubel Hossain,Shakib Al Hasan,0,0,,,,,,,,,
599910,2012/13,2013-02-19,"Shere Bangla National Stadium, Mirpur",2,15.3,Chittagong Kings,Dhaka Gladiators,Mahmudullah,Rubel Hossain,Shakib Al Hasan,1,0,,,,,,,,,
599910,2012/13,2013-02-19,"Shere Bangla National Stadium, Mirpur",2,15.4,Chittagong Kings,Dhaka Gladiators,Rubel Hossain,Mahmudullah,Shakib Al Hasan,1,0,,,,,,,,,
599910,2012/13,2013-02-19,"Shere Bangla National Stadium, Mirpur",2,15.5,Chittagong Kings,Dhaka Gladiators,Mahmudullah,Rubel Hossain,Shakib Al Hasan,6,0,,,,,,,,,
599910,2012/13,2013-02-19,"Shere Bangla National Stadium, Mirpur",2,15.6,Chittagong Kings,Dhaka Gladiators,Mahmudullah,Rubel Hossain,Shakib Al Hasan,1,0,,,,,,,,,
599910,2012/13,2013-02-19,"Shere Bangla National Stadium, Mirpur",2,16.1,Chittagong Kings,Dhaka Gladiators,Mahmudullah,Rubel Hossain,AC Thomas,0,0,,,,,,caught,Mahmudullah,,
599910,2012/13,2013-02-19,"Shere Bangla National Stadium, Mirpur",2,16.2,Chittagong Kings,Dhaka Gladiators,Taskin Ahmed,Rubel Hossain,AC Thomas,0,0,,,,,,bowled,Taskin Ahmed,,
599910,2012/13,2013-02-19,"Shere Bangla National Stadium, Mirpur",2,16.3,Chittagong Kings,Dhaka Gladiators,Enamul Haque jnr,Rubel Hossain,AC Thomas,2,0,,,,,,,,,
599910,2012/13,2013-02-19,"Shere Bangla National Stadium, Mirpur",2,16.4,Chittagong Kings,Dhaka Gladiators,Enamul Haque jnr,Rubel Hossain,AC Thomas,0,0,,,,,,,,,
599910,2012/13,2013-02-19,"Shere Bangla National Stadium, Mirpur",2,16.5,Chittagong Kings,Dhaka Gladiators,Enamul Haque jnr,Rubel Hossain,AC Thomas,0,0,,,,,,run out,Enamul Haque jnr,,
