match_id,season,start_date,venue,innings,ball,batting_team,bowling_team,striker,non_striker,bowler,runs_off_bat,extras,wides,noballs,byes,legbyes,penalty,wicket_type,player_dismissed,other_wicket_type,other_player_dismissed
599901,2012/13,2013-02-12,"Shere Bangla National Stadium, Mirpur",1,0.1,Sylhet Royals,Khulna Royal Bengals,S Chanderpaul,PR Stirling,K Santokie,0,0,,,,,,,,,
599901,2012/13,2013-02-12,"Shere Bangla National Stadium, Mirpur",1,0.2,Sylhet Royals,Khulna Royal Bengals,S Chanderpaul,PR Stirling,K Santokie,0,0,,,,,,,,,
599901,2012/13,2013-02-12,"Shere Bangla National Stadium, Mirpur",1,0.3,Sylhet Royals,Khulna Royal Bengals,S Chanderpaul,PR Stirling,K Santokie,0,0,,,,,,,,,
599901,2012/13,2013-02-12,"Shere Bangla National Stadium, Mirpur",1,0.4,Sylhet Royals,Khulna Royal Bengals,S Chanderpaul,PR Stirling,K Santokie,0,0,,,,,,,,,
599901,2012/13,2013-02-12,"Shere Bangla National Stadium, Mirpur",1,0.5,Sylhet Royals,Khulna Royal Bengals,S Chanderpaul,PR Stirling,K Santokie,1,0,,,,,,,,,
599901,2012/13,2013-02-12,"Shere Bangla National Stadium, Mirpur",1,0.6,Sylhet Royals,Khulna Royal Bengals,PR Stirling,S Chanderpaul,K Santokie,0,0,,,,,,,,,
599901,2012/13,2013-02-12,"Shere Bangla National Stadium, Mirpur",1,1.1,Sylhet Royals,Khulna Royal Bengals,S Chanderpaul,PR Stirling,Shahadat Hossain,0,4,,,,4,,,,,
599901,2012/13,2013-02-12,"Shere Bangla National Stadium, Mirpur",1,1.2,Sylhet Royals,Khulna Royal Bengals,S Chanderpaul,PR Stirling,Shahadat Hossain,1,0,,,,,,,,,
599901,2012/13,2013-02-12,"Shere Bangla National Stadium, Mirpur",1,1.3,Sylhet Royals,Khulna Royal Bengals,PR Stirling,S Chanderpaul,Shahadat Hossain,0,0,,,,,,,,,
599901,2012/13,2013-02-12,"Shere Bangla National Stadium, Mirpur",1,1.4,Sylhet Royals,Khulna Royal Bengals,PR Stirling,S Chanderpaul,Shahadat Hossain,4,0,,,,,,,,,
599901,2012/13,2013-02-12,"Shere Bangla National Stadium, Mirpur",1,1.5,Sylhet Royals,Khulna Royal Bengals,PR Stirling,S Chanderpaul,Shahadat Hossain,4,0,,,,,,,,,
599901,2012/13,2013-02-12,"Shere Bangla National Stadium, Mirpur",1,1.6,Sylhet Royals,Khulna Royal Bengals,PR Stirling,S Chanderpaul,Shahadat Hossain,0,0,,,,,,,,,
599901,2012/13,2013-02-12,"Shere Bangla National Stadium, Mirpur",1,2.1,Sylhet Royals,Khulna Royal Bengals,S Chanderpaul,PR Stirling,K Santokie,0,1,,,,1,,,,,
599901,2012/13,2013-02-12,"Shere Bangla National Stadium, Mirpur",1,2.2,Sylhet Royals,Khulna Royal Bengals,PR Stirling,S Chanderpaul,K Santokie,0,0,,,,,,,,,
599901,2012/13,2013-02-12,"Shere Bangla National Stadium, Mirpur",1,2.3,Sylhet Royals,Khulna Royal Bengals,PR Stirling,S Chanderpaul,K Santokie,4,0,,,,,,,,,
599901,2012/13,2013-02-12,"Shere Bangla National Stadium, Mirpur",1,2.4,Sylhet Royals,Khulna Royal Bengals,PR Stirling,S Chanderpaul,K Santokie,0,0,,,,,,,,,
599901,2012/13,2013-02-12,"Shere Bangla National Stadium, Mirpur",1,2.5,Sylhet Royals,Khulna Royal Bengals,PR Stirling,S Chanderpaul,K Santokie,0,1,,,1,,,,,,
599901,2012/13,2013-02-12,"Shere Bangla National Stadium, Mirpur",1,2.6,Sylhet Royals,Khulna Royal Bengals,S Chanderpaul,PR Stirling,K Santokie,0,1,1,,,,,,,,
599901,2012/13,2013-02-12,"Shere Bangla National Stadium, Mirpur",1,2.7,Sylhet Royals,Khulna Royal Bengals,S Chanderpaul,PR Stirling,K Santokie,0,0,,,,,,,,,
599901,2012/13,2013-02-12,"Shere Bangla National Stadium, Mirpur",1,3.1,Sylhet Royals,Khulna Royal Bengals,PR Stirling,S Chanderpaul,J Mubarak,4,0,,,,,,,,,
599901,2012/13,2013-02-12,"Shere Bangla National Stadium, Mirpur",1,3.2,Sylhet Royals,Khulna Royal Bengals,PR Stirling,S Chanderpaul,J Mubarak,4,0,,,,,,,,,
599901,2012/13,2013-02-12,"Shere Bangla National Stadium, Mirpur",1,3.3,Sylhet Royals,Khulna Royal Bengals,PR Stirling,S Chanderpaul,J Mubarak,0,0,,,,,,,,,
599901,2012/13,2013-02-12,"Shere Bangla National Stadium, Mirpur",1,3.4,Sylhet Royals,Khulna Royal Bengals,PR Stirling,S Chanderpaul,J Mubarak,6,0,,,,,,,,,
599901,2012/13,2013-02-12,"Shere Bangla National Stadium, Mirpur",1,3.5,Sylhet Royals,Khulna Royal Bengals,PR Stirling,S Chanderpaul,J Mubarak,1,0,,,,,,,,,
599901,2012/13,2013-02-12,"Shere Bangla National Stadium, Mirpur",1,3.6,Sylhet Royals,Khulna Royal Bengals,S Chanderpaul,PR Stirling,J Mubarak,1,0,,,,,,,,,
599901,2012/13,2013-02-12,"Shere Bangla National Stadium, Mirpur",1,4.1,Sylhet Royals,Khulna Royal Bengals,S Chanderpaul,PR Stirling,Shahadat Hossain,0,0,,,,,,,,,
599901,2012/13,2013-02-12,"Shere Bangla National Stadium, Mirpur",1,4.2,Sylhet Royals,Khulna Royal Bengals,S Chanderpaul,PR Stirling,Shahadat Hossain,0,1,1,,,,,,,,
599901,2012/13,2013-02-12,"Shere Bangla National Stadium, Mirpur",1,4.3,Sylhet Royals,Khulna Royal Bengals,S Chanderpaul,PR Stirling,Shahadat Hossain,0,0,,,,,,,,,
599901,2012/13,2013-02-12,"Shere Bangla National Stadium, Mirpur",1,4.4,Sylhet Royals,Khulna Royal Bengals,S Chanderpaul,PR Stirling,Shahadat Hossain,0,0,,,,,,,,,
599901,2012/13,2013-02-12,"Shere Bangla National Stadium, Mirpur",1,4.5,Sylhet Royals,Khulna Royal Bengals,S Chanderpaul,PR Stirling,Shahadat Hossain,1,0,,,,,,,,,
599901,2012/13,2013-02-12,"Shere Bangla National Stadium, Mirpur",1,4.6,Sylhet Royals,Khulna Royal Bengals,PR Stirling,S Chanderpaul,Shahadat Hossain,1,0,,,,,,,,,
599901,2012/13,2013-02-12,"Shere Bangla National Stadium, Mirpur",1,4.7,Sylhet Royals,Khulna Royal Bengals,S Chanderpaul,PR Stirling,Shahadat Hossain,1,0,,,,,,,,,
599901,2012/13,2013-02-12,"Shere Bangla National Stadium, Mirpur",1,5.1,Sylhet Royals,Khulna Royal Bengals,S Chanderpaul,PR Stirling,Nabil Samad,4,0,,,,,,,,,
599901,2012/13,2013-02-12,"Shere Bangla National Stadium, Mirpur",1,5.2,Sylhet Royals,Khulna Royal Bengals,S Chanderpaul,PR Stirling,Nabil Samad,0,0,,,,,,,,,
599901,2012/13,2013-02-12,"Shere Bangla National Stadium, Mirpur",1,5.3,Sylhet Royals,Khulna Royal Bengals,S Chanderpaul,PR Stirling,Nabil Samad,0,0,,,,,,,,,
599901,2012/13,2013-02-12,"Shere Bangla National Stadium, Mirpur",1,5.4,Sylhet Royals,Khulna Royal Bengals,S Chanderpaul,PR Stirling,Nabil Samad,4,0,,,,,,,,,
599901,2012/13,2013-02-12,"Shere Bangla National Stadium, Mirpur",1,5.5,Sylhet Royals,Khulna Royal Bengals,S Chanderpaul,PR Stirling,Nabil Samad,0,0,,,,,,,,,
599901,2012/13,2013-02-12,"Shere Bangla National Stadium, Mirpur",1,5.6,Sylhet Royals,Khulna Royal Bengals,S Chanderpaul,PR Stirling,Nabil Samad,4,0,,,,,,,,,
599901,2012/13,2013-02-12,"Shere Bangla National Stadium, Mirpur",1,6.1,Sylhet Royals,Khulna Royal Bengals,PR Stirling,S Chanderpaul,Shahadat Hossain,4,0,,,,,,,,,
599901,2012/13,2013-02-12,"Shere Bangla National Stadium, Mirpur",1,6.2,Sylhet Royals,Khulna Royal Bengals,PR Stirling,S Chanderpaul,Shahadat Hossain,1,0,,,,,,,,,
599901,2012/13,2013-02-12,"Shere Bangla National Stadium, Mirpur",1,6.3,Sylhet Royals,Khulna Royal Bengals,S Chanderpaul,PR Stirling,Shahadat Hossain,1,0,,,,,,,,,
599901,2012/13,2013-02-12,"Shere Bangla National Stadium, Mirpur",1,6.4,Sylhet Royals,Khulna Royal Bengals,PR Stirling,S Chanderpaul,Shahadat Hossain,4,0,,,,,,,,,
599901,2012/13,2013-02-12,"Shere Bangla National Stadium, Mirpur",1,6.5,Sylhet Royals,Khulna Royal Bengals,PR Stirling,S Chanderpaul,Shahadat Hossain,1,0,,,,,,,,,
599901,2012/13,2013-02-12,"Shere Bangla National Stadium, Mirpur",1,6.6,Sylhet Royals,Khulna Royal Bengals,S Chanderpaul,PR Stirling,Shahadat Hossain,0,0,,,,,,,,,
599901,2012/13,2013-02-12,"Shere Bangla National Stadium, Mirpur",1,7.1,Sylhet Royals,Khulna Royal Bengals,PR Stirling,S Chanderpaul,Nabil Samad,0,0,,,,,,,,,
599901,2012/13,2013-02-12,"Shere Bangla National Stadium, Mirpur",1,7.2,Sylhet Royals,Khulna Royal Bengals,PR Stirling,S Chanderpaul,Nabil Samad,1,0,,,,,,,,,
599901,2012/13,2013-02-12,"Shere Bangla National Stadium, Mirpur",1,7.3,Sylhet Royals,Khulna Royal Bengals,S Chanderpaul,PR Stirling,Nabil Samad,1,0,,,,,,,,,
599901,2012/13,2013-02-12,"Shere Bangla National Stadium, Mirpur",1,7.4,Sylhet Royals,Khulna Royal Bengals,PR Stirling,S Chanderpaul,Nabil Samad,1,0,,,,,,,,,
599901,2012/13,2013-02-12,"Shere Bangla National Stadium, Mirpur",1,7.5,Sylhet Royals,Khulna Royal Bengals,S Chanderpaul,PR Stirling,Nabil Samad,2,0,,,,,,,,,
599901,2012/13,2013-02-12,"Shere Bangla National Stadium, Mirpur",1,7.6,Sylhet Royals,Khulna Royal Bengals,S Chanderpaul,PR Stirling,Nabil Samad,1,0,,,,,,,,,
599901,2012/13,2013-02-12,"Shere Bangla National Stadium, Mirpur",1,8.1,Sylhet Royals,Khulna Royal Bengals,S Chanderpaul,PR Stirling,Noor Hossain,1,0,,,,,,,,,
599901,2012/13,2013-02-12,"Shere Bangla National Stadium, Mirpur",1,8.2,Sylhet Royals,Khulna Royal Bengals,PR Stirling,S Chanderpaul,Noor Hossain,0,0,,,,,,,,,
599901,2012/13,2013-02-12,"Shere Bangla National Stadium, Mirpur",1,8.3,Sylhet Royals,Khulna Royal Bengals,PR Stirling,S Chanderpaul,Noor Hossain,1,0,,,,,,,,,
599901,2012/13,2013-02-12,"Shere Bangla National Stadium, Mirpur",1,8.4,Sylhet Royals,Khulna Royal Bengals,S Chanderpaul,PR Stirling,Noor Hossain,1,0,,,,,,,,,
599901,2012/13,2013-02-12,"Shere Bangla National Stadium, Mirpur",1,8.5,Sylhet Royals,Khulna Royal Bengals,PR Stirling,S Chanderpaul,Noor Hossain,0,0,,,,,,,,,
599901,2012/13,2013-02-12,"Shere Bangla National Stadium, Mirpur",1,8.6,Sylhet Royals,Khulna Royal Bengals,PR Stirling,S Chanderpaul,Noor Hossain,2,0,,,,,,,,,
599901,2012/13,2013-02-12,"Shere Bangla National Stadium, Mirpur",1,9.1,Sylhet Royals,Khulna Royal Bengals,S Chanderpaul,PR Stirling,Nabil Samad,0,0,,,,,,,,,
599901,2012/13,2013-02-12,"Shere Bangla National Stadium, Mirpur",1,9.2,Sylhet Royals,Khulna Royal Bengals,S Chanderpaul,PR Stirling,Nabil Samad,1,0,,,,,,,,,
599901,2012/13,2013-02-12,"Shere Bangla National Stadium, Mirpur",1,9.3,Sylhet Royals,Khulna Royal Bengals,PR Stirling,S Chanderpaul,Nabil Samad,1,0,,,,,,,,,
599901,2012/13,2013-02-12,"Shere Bangla National Stadium, Mirpur",1,9.4,Sylhet Royals,Khulna Royal Bengals,S Chanderpaul,PR Stirling,Nabil Samad,4,0,,,,,,,,,
599901,2012/13,2013-02-12,"Shere Bangla National Stadium, Mirpur",1,9.5,Sylhet Royals,Khulna Royal Bengals,S Chanderpaul,PR Stirling,Nabil Samad,1,0,,,,,,,,,
599901,2012/13,2013-02-12,"Shere Bangla National Stadium, Mirpur",1,9.6,Sylhet Royals,Khulna Royal Bengals,PR Stirling,S Chanderpaul,Nabil Samad,1,0,,,,,,,,,
599901,2012/13,2013-02-12,"Shere Bangla National Stadium, Mirpur",1,10.1,Sylhet Royals,Khulna Royal Bengals,PR Stirling,S Chanderpaul,Noor Hossain,0,0,,,,,,,,,
599901,2012/13,2013-02-12,"Shere Bangla National Stadium, Mirpur",1,10.2,Sylhet Royals,Khulna Royal Bengals,PR Stirling,S Chanderpaul,Noor Hossain,2,0,,,,,,,,,
599901,2012/13,2013-02-12,"Shere Bangla National Stadium, Mirpur",1,10.3,Sylhet Royals,Khulna Royal Bengals,PR Stirling,S Chanderpaul,Noor Hossain,4,0,,,,,,,,,
599901,2012/13,2013-02-12,"Shere Bangla National Stadium, Mirpur",1,10.4,Sylhet Royals,Khulna Royal Bengals,PR Stirling,S Chanderpaul,Noor Hossain,1,0,,,,,,,,,
599901,2012/13,2013-02-12,"Shere Bangla National Stadium, Mirpur",1,10.5,Sylhet Royals,Khulna Royal Bengals,S Chanderpaul,PR Stirling,Noor Hossain,4,0,,,,,,,,,
599901,2012/13,2013-02-12,"Shere Bangla National Stadium, Mirpur",1,10.6,Sylhet Royals,Khulna Royal Bengals,S Chanderpaul,PR Stirling,Noor Hossain,1,0,,,,,,,,,
599901,2012/13,2013-02-12,"Shere Bangla National Stadium, Mirpur",1,11.1,Sylhet Royals,Khulna Royal Bengals,S Chanderpaul,PR Stirling,DJ Harris,4,0,,,,,,,,,
599901,2012/13,2013-02-12,"Shere Bangla National Stadium, Mirpur",1,11.2,Sylhet Royals,Khulna Royal Bengals,S Chanderpaul,PR Stirling,DJ Harris,4,0,,,,,,,,,
599901,2012/13,2013-02-12,"Shere Bangla National Stadium, Mirpur",1,11.3,Sylhet Royals,Khulna Royal Bengals,S Chanderpaul,PR Stirling,DJ Harris,1,0,,,,,,,,,
599901,2012/13,2013-02-12,"Shere Bangla National Stadium, Mirpur",1,11.4,Sylhet Royals,Khulna Royal Bengals,PR Stirling,S Chanderpaul,DJ Harris,1,0,,,,,,,,,
599901,2012/13,2013-02-12,"Shere Bangla National Stadium, Mirpur",1,11.5,Sylhet Royals,Khulna Royal Bengals,S Chanderpaul,PR Stirling,DJ Harris,6,0,,,,,,,,,
599901,2012/13,2013-02-12,"Shere Bangla National Stadium, Mirpur",1,11.6,Sylhet Royals,Khulna Royal Bengals,S Chanderpaul,PR Stirling,DJ Harris,4,0,,,,,,,,,
599901,2012/13,2013-02-12,"Shere Bangla National Stadium, Mirpur",1,12.1,Sylhet Royals,Khulna Royal Bengals,PR Stirling,S Chanderpaul,Noor Hossain,4,0,,,,,,,,,
599901,2012/13,2013-02-12,"Shere Bangla National Stadium, Mirpur",1,12.2,Sylhet Royals,Khulna Royal Bengals,PR Stirling,S Chanderpaul,Noor Hossain,6,0,,,,,,,,,
599901,2012/13,2013-02-12,"Shere Bangla National Stadium, Mirpur",1,12.3,Sylhet Royals,Khulna Royal Bengals,PR Stirling,S Chanderpaul,Noor Hossain,1,0,,,,,,,,,
599901,2012/13,2013-02-12,"Shere Bangla National Stadium, Mirpur",1,12.4,Sylhet Royals,Khulna Royal Bengals,S Chanderpaul,PR Stirling,Noor Hossain,4,0,,,,,,,,,
599901,2012/13,2013-02-12,"Shere Bangla National Stadium, Mirpur",1,12.5,Sylhet Royals,Khulna Royal Bengals,S Chanderpaul,PR Stirling,Noor Hossain,1,0,,,,,,,,,
599901,2012/13,2013-02-12,"Shere Bangla National Stadium, Mirpur",1,12.6,Sylhet Royals,Khulna Royal Bengals,PR Stirling,S Chanderpaul,Noor Hossain,1,0,,,,,,,,,
599901,2012/13,2013-02-12,"Shere Bangla National Stadium, Mirpur",1,13.1,Sylhet Royals,Khulna Royal Bengals,PR Stirling,S Chanderpaul,K Santokie,1,0,,,,,,,,,
599901,2012/13,2013-02-12,"Shere Bangla National Stadium, Mirpur",1,13.2,Sylhet Royals,Khulna Royal Bengals,S Chanderpaul,PR Stirling,K Santokie,0,0,,,,,,,,,
599901,2012/13,2013-02-12,"Shere Bangla National Stadium, Mirpur",1,13.3,Sylhet Royals,Khulna Royal Bengals,S Chanderpaul,PR Stirling,K Santokie,0,0,,,,,,,,,
599901,2012/13,2013-02-12,"Shere Bangla National Stadium, Mirpur",1,13.4,Sylhet Royals,Khulna Royal Bengals,S Chanderpaul,PR Stirling,K Santokie,1,0,,,,,,,,,
599901,2012/13,2013-02-12,"Shere Bangla National Stadium, Mirpur",1,13.5,Sylhet Royals,Khulna Royal Bengals,PR Stirling,S Chanderpaul,K Santokie,0,0,,,,,,bowled,PR Stirling,,
599901,2012/13,2013-02-12,"Shere Bangla National Stadium, Mirpur",1,13.6,Sylhet Royals,Khulna Royal Bengals,Mushfiqur Rahim,S Chanderpaul,K Santokie,0,0,,,,,,,,,
599901,2012/13,2013-02-12,"Shere Bangla National Stadium, Mirpur",1,14.1,Sylhet Royals,Khulna Royal Bengals,S Chanderpaul,Mushfiqur Rahim,J Mubarak,0,0,,,,,,,,,
599901,2012/13,2013-02-12,"Shere Bangla National Stadium, Mirpur",1,14.2,Sylhet Royals,Khulna Royal Bengals,S Chanderpaul,Mushfiqur Rahim,J Mubarak,1,0,,,,,,,,,
599901,2012/13,2013-02-12,"Shere Bangla National Stadium, Mirpur",1,14.3,Sylhet Royals,Khulna Royal Bengals,Mushfiqur Rahim,S Chanderpaul,J Mubarak,1,0,,,,,,,,,
599901,2012/13,2013-02-12,"Shere Bangla National Stadium, Mirpur",1,14.4,Sylhet Royals,Khulna Royal Bengals,S Chanderpaul,Mushfiqur Rahim,J Mubarak,4,0,,,,,,,,,
599901,2012/13,2013-02-12,"Shere Bangla National Stadium, Mirpur",1,14.5,Sylhet Royals,Khulna Royal Bengals,S Chanderpaul,Mushfiqur Rahim,J Mubarak,0,0,,,,,,,,,
599901,2012/13,2013-02-12,"Shere Bangla National Stadium, Mirpur",1,14.6,Sylhet Royals,Khulna Royal Bengals,S Chanderpaul,Mushfiqur Rahim,J Mubarak,0,1,,,,1,,,,,
599901,2012/13,2013-02-12,"Shere Bangla National Stadium, Mirpur",1,15.1,Sylhet Royals,Khulna Royal Bengals,S Chanderpaul,Mushfiqur Rahim,Noor Hossain,1,0,,,,,,,,,
599901,2012/13,2013-02-12,"Shere Bangla National Stadium, Mirpur",1,15.2,Sylhet Royals,Khulna Royal Bengals,Mushfiqur Rahim,S Chanderpaul,Noor Hossain,0,0,,,,,,,,,
599901,2012/13,2013-02-12,"Shere Bangla National Stadium, Mirpur",1,15.3,Sylhet Royals,Khulna Royal Bengals,Mushfiqur Rahim,S Chanderpaul,Noor Hossain,1,0,,,,,,,,,
599901,2012/13,2013-02-12,"Shere Bangla National Stadium, Mirpur",1,15.4,Sylhet Royals,Khulna Royal Bengals,S Chanderpaul,Mushfiqur Rahim,Noor Hossain,0,0,,,,,,caught,S Chanderpaul,,
599901,2012/13,2013-02-12,"Shere Bangla National Stadium, Mirpur",1,15.5,Sylhet Royals,Khulna Royal Bengals,Mushfiqur Rahim,E Chigumbura,Noor Hossain,0,0,,,,,,,,,
599901,2012/13,2013-02-12,"Shere Bangla National Stadium, Mirpur",1,15.6,Sylhet Royals,Khulna Royal Bengals,Mushfiqur Rahim,E Chigumbura,Noor Hossain,1,0,,,,,,,,,
599901,2012/13,2013-02-12,"Shere Bangla National Stadium, Mirpur",1,16.1,Sylhet Royals,Khulna Royal Bengals,Mushfiqur Rahim,E Chigumbura,J Mubarak,0,0,,,,,,caught,Mushfiqur Rahim,,
599901,2012/13,2013-02-12,"Shere Bangla National Stadium, Mirpur",1,16.2,Sylhet Royals,Khulna Royal Bengals,E Chigumbura,Nazmul Hossain Milon,J Mubarak,0,0,,,,,,,,,
599901,2012/13,2013-02-12,"Shere Bangla National Stadium, Mirpur",1,16.3,Sylhet Royals,Khulna Royal Bengals,E Chigumbura,Nazmul Hossain Milon,J Mubarak,1,0,,,,,,,,,
599901,2012/13,2013-02-12,"Shere Bangla National Stadium, Mirpur",1,16.4,Sylhet Royals,Khulna Royal Bengals,Nazmul Hossain Milon,E Chigumbura,J Mubarak,6,0,,,,,,,,,
599901,2012/13,2013-02-12,"Shere Bangla National Stadium, Mirpur",1,16.5,Sylhet Royals,Khulna Royal Bengals,Nazmul Hossain Milon,E Chigumbura,J Mubarak,0,0,,,,,,,,,
599901,2012/13,2013-02-12,"Shere Bangla National Stadium, Mirpur",1,16.6,Sylhet Royals,Khulna Royal Bengals,Nazmul Hossain Milon,E Chigumbura,J Mubarak,6,0,,,,,,,,,
599901,2012/13,2013-02-12,"Shere Bangla National Stadium, Mirpur",1,17.1,Sylhet Royals,Khulna Royal Bengals,E Chigumbura,Nazmul Hossain Milon,Nabil Samad,1,0,,,,,,,,,
599901,2012/13,2013-02-12,"Shere Bangla National Stadium, Mirpur",1,17.2,Sylhet Royals,Khulna Royal Bengals,Nazmul Hossain Milon,E Chigumbura,Nabil Samad,1,0,,,,,,,,,
599901,2012/13,2013-02-12,"Shere Bangla National Stadium, Mirpur",1,17.3,Sylhet Royals,Khulna Royal Bengals,E Chigumbura,Nazmul Hossain Milon,Nabil Samad,6,0,,,,,,,,,
599901,2012/13,2013-02-12,"Shere Bangla National Stadium, Mirpur",1,17.4,Sylhet Royals,Khulna Royal Bengals,E Chigumbura,Nazmul Hossain Milon,Nabil Samad,0,1,,,,1,,,,,
599901,2012/13,2013-02-12,"Shere Bangla National Stadium, Mirpur",1,17.5,Sylhet Royals,Khulna Royal Bengals,Nazmul Hossain Milon,E Chigumbura,Nabil Samad,1,0,,,,,,,,,
599901,2012/13,2013-02-12,"Shere Bangla National Stadium, Mirpur",1,17.6,Sylhet Royals,Khulna Royal Bengals,E Chigumbura,Nazmul Hossain Milon,Nabil Samad,2,0,,,,,,,,,
599901,2012/13,2013-02-12,"Shere Bangla National Stadium, Mirpur",1,18.1,Sylhet Royals,Khulna Royal Bengals,Nazmul Hossain Milon,E Chigumbura,K Santokie,1,0,,,,,,,,,
599901,2012/13,2013-02-12,"Shere Bangla National Stadium, Mirpur",1,18.2,Sylhet Royals,Khulna Royal Bengals,E Chigumbura,Nazmul Hossain Milon,K Santokie,2,0,,,,,,,,,
599901,2012/13,2013-02-12,"Shere Bangla National Stadium, Mirpur",1,18.3,Sylhet Royals,Khulna Royal Bengals,E Chigumbura,Nazmul Hossain Milon,K Santokie,1,0,,,,,,,,,
599901,2012/13,2013-02-12,"Shere Bangla National Stadium, Mirpur",1,18.4,Sylhet Royals,Khulna Royal Bengals,Nazmul Hossain Milon,E Chigumbura,K Santokie,6,0,,,,,,,,,
599901,2012/13,2013-02-12,"Shere Bangla National Stadium, Mirpur",1,18.5,Sylhet Royals,Khulna Royal Bengals,Nazmul Hossain Milon,E Chigumbura,K Santokie,1,0,,,,,,,,,
599901,2012/13,2013-02-12,"Shere Bangla National Stadium, Mirpur",1,18.6,Sylhet Royals,Khulna Royal Bengals,E Chigumbura,Nazmul Hossain Milon,K Santokie,2,0,,,,,,,,,
599901,2012/13,2013-02-12,"Shere Bangla National Stadium, Mirpur",1,19.1,Sylhet Royals,Khulna Royal Bengals,Nazmul Hossain Milon,E Chigumbura,Shahadat Hossain,0,0,,,,,,,,,
599901,2012/13,2013-02-12,"Shere Bangla National Stadium, Mirpur",1,19.2,Sylhet Royals,Khulna Royal Bengals,Nazmul Hossain Milon,E Chigumbura,Shahadat Hossain,0,0,,,,,,,,,
599901,2012/13,2013-02-12,"Shere Bangla National Stadium, Mirpur",1,19.3,Sylhet Royals,Khulna Royal Bengals,Nazmul Hossain Milon,E Chigumbura,Shahadat Hossain,0,0,,,,,,,,,
599901,2012/13,2013-02-12,"Shere Bangla National Stadium, Mirpur",1,19.4,Sylhet Royals,Khulna Royal Bengals,Nazmul Hossain Milon,E Chigumbura,Shahadat Hossain,2,0,,,,,,,,,
599901,2012/13,2013-02-12,"Shere Bangla National Stadium, Mirpur",1,19.5,Sylhet Royals,Khulna Royal Bengals,Nazmul Hossain Milon,E Chigumbura,Shahadat Hossain,6,0,,,,,,,,,
599901,2012/13,2013-02-12,"Shere Bangla National Stadium, Mirpur",1,19.6,Sylhet Royals,Khulna Royal Bengals,Nazmul Hossain Milon,E Chigumbura,Shahadat Hossain,6,0,,,,,,,,,
599901,2012/13,2013-02-12,"Shere Bangla National Stadium, Mirpur",2,0.1,Khulna Royal Bengals,Sylhet Royals,DJ Harris,Shahriar Nafees,DP Nannes,1,0,,,,,,,,,
599901,2012/13,2013-02-12,"Shere Bangla National Stadium, Mirpur",2,0.2,Khulna Royal Bengals,Sylhet Royals,Shahriar Nafees,DJ Harris,DP Nannes,3,0,,,,,,,,,
599901,2012/13,2013-02-12,"Shere Bangla National Stadium, Mirpur",2,0.3,Khulna Royal Bengals,Sylhet Royals,DJ Harris,Shahriar Nafees,DP Nannes,0,0,,,,,,,,,
599901,2012/13,2013-02-12,"Shere Bangla National Stadium, Mirpur",2,0.4,Khulna Royal Bengals,Sylhet Royals,DJ Harris,Shahriar Nafees,DP Nannes,0,0,,,,,,,,,
599901,2012/13,2013-02-12,"Shere Bangla National Stadium, Mirpur",2,0.5,Khulna Royal Bengals,Sylhet Royals,DJ Harris,Shahriar Nafees,DP Nannes,0,0,,,,,,,,,
599901,2012/13,2013-02-12,"Shere Bangla National Stadium, Mirpur",2,0.6,Khulna Royal Bengals,Sylhet Royals,DJ Harris,Shahriar Nafees,DP Nannes,1,0,,,,,,,,,
599901,2012/13,2013-02-12,"Shere Bangla National Stadium, Mirpur",2,1.1,Khulna Royal Bengals,Sylhet Royals,DJ Harris,Shahriar Nafees,Sohag Gazi,0,0,,,,,,,,,
599901,2012/13,2013-02-12,"Shere Bangla National Stadium, Mirpur",2,1.2,Khulna Royal Bengals,Sylhet Royals,DJ Harris,Shahriar Nafees,Sohag Gazi,4,0,,,,,,,,,
599901,2012/13,2013-02-12,"Shere Bangla National Stadium, Mirpur",2,1.3,Khulna Royal Bengals,Sylhet Royals,DJ Harris,Shahriar Nafees,Sohag Gazi,1,0,,,,,,,,,
599901,2012/13,2013-02-12,"Shere Bangla National Stadium, Mirpur",2,1.4,Khulna Royal Bengals,Sylhet Royals,Shahriar Nafees,DJ Harris,Sohag Gazi,0,0,,,,,,,,,
599901,2012/13,2013-02-12,"Shere Bangla National Stadium, Mirpur",2,1.5,Khulna Royal Bengals,Sylhet Royals,Shahriar Nafees,DJ Harris,Sohag Gazi,1,0,,,,,,,,,
599901,2012/13,2013-02-12,"Shere Bangla National Stadium, Mirpur",2,1.6,Khulna Royal Bengals,Sylhet Royals,DJ Harris,Shahriar Nafees,Sohag Gazi,6,0,,,,,,,,,
599901,2012/13,2013-02-12,"Shere Bangla National Stadium, Mirpur",2,2.1,Khulna Royal Bengals,Sylhet Royals,Shahriar Nafees,DJ Harris,DP Nannes,0,1,1,,,,,,,,
599901,2012/13,2013-02-12,"Shere Bangla National Stadium, Mirpur",2,2.2,Khulna Royal Bengals,Sylhet Royals,Shahriar Nafees,DJ Harris,DP Nannes,0,0,,,,,,,,,
599901,2012/13,2013-02-12,"Shere Bangla National Stadium, Mirpur",2,2.3,Khulna Royal Bengals,Sylhet Royals,Shahriar Nafees,DJ Harris,DP Nannes,4,0,,,,,,,,,
599901,2012/13,2013-02-12,"Shere Bangla National Stadium, Mirpur",2,2.4,Khulna Royal Bengals,Sylhet Royals,Shahriar Nafees,DJ Harris,DP Nannes,0,0,,,,,,caught,Shahriar Nafees,,
599901,2012/13,2013-02-12,"Shere Bangla National Stadium, Mirpur",2,2.5,Khulna Royal Bengals,Sylhet Royals,DJ Harris,TR Birt,DP Nannes,1,0,,,,,,,,,
599901,2012/13,2013-02-12,"Shere Bangla National Stadium, Mirpur",2,2.6,Khulna Royal Bengals,Sylhet Royals,TR Birt,DJ Harris,DP Nannes,0,0,,,,,,,,,
599901,2012/13,2013-02-12,"Shere Bangla National Stadium, Mirpur",2,2.7,Khulna Royal Bengals,Sylhet Royals,TR Birt,DJ Harris,DP Nannes,1,0,,,,,,,,,
599901,2012/13,2013-02-12,"Shere Bangla National Stadium, Mirpur",2,3.1,Khulna Royal Bengals,Sylhet Royals,TR Birt,DJ Harris,Mohammad Nabi,0,0,,,,,,,,,
599901,2012/13,2013-02-12,"Shere Bangla National Stadium, Mirpur",2,3.2,Khulna Royal Bengals,Sylhet Royals,TR Birt,DJ Harris,Mohammad Nabi,1,0,,,,,,,,,
599901,2012/13,2013-02-12,"Shere Bangla National Stadium, Mirpur",2,3.3,Khulna Royal Bengals,Sylhet Royals,DJ Harris,TR Birt,Mohammad Nabi,0,0,,,,,,caught,DJ Harris,,
599901,2012/13,2013-02-12,"Shere Bangla National Stadium, Mirpur",2,3.4,Khulna Royal Bengals,Sylhet Royals,J Mubarak,TR Birt,Mohammad Nabi,0,0,,,,,,,,,
599901,2012/13,2013-02-12,"Shere Bangla National Stadium, Mirpur",2,3.5,Khulna Royal Bengals,Sylhet Royals,J Mubarak,TR Birt,Mohammad Nabi,0,0,,,,,,,,,
599901,2012/13,2013-02-12,"Shere Bangla National Stadium, Mirpur",2,3.6,Khulna Royal Bengals,Sylhet Royals,J Mubarak,TR Birt,Mohammad Nabi,0,0,,,,,,stumped,J Mubarak,,
599901,2012/13,2013-02-12,"Shere Bangla National Stadium, Mirpur",2,4.1,Khulna Royal Bengals,Sylhet Royals,TR Birt,MH Wessels,Sohag Gazi,0,0,,,,,,,,,
599901,2012/13,2013-02-12,"Shere Bangla National Stadium, Mirpur",2,4.2,Khulna Royal Bengals,Sylhet Royals,TR Birt,MH Wessels,Sohag Gazi,6,0,,,,,,,,,
599901,2012/13,2013-02-12,"Shere Bangla National Stadium, Mirpur",2,4.3,Khulna Royal Bengals,Sylhet Royals,TR Birt,MH Wessels,Sohag Gazi,0,0,,,,,,bowled,TR Birt,,
599901,2012/13,2013-02-12,"Shere Bangla National Stadium, Mirpur",2,4.4,Khulna Royal Bengals,Sylhet Royals,Mohammad Mithun,MH Wessels,Sohag Gazi,1,0,,,,,,,,,
599901,2012/13,2013-02-12,"Shere Bangla National Stadium, Mirpur",2,4.5,Khulna Royal Bengals,Sylhet Royals,MH Wessels,Mohammad Mithun,Sohag Gazi,0,0,,,,,,,,,
599901,2012/13,2013-02-12,"Shere Bangla National Stadium, Mirpur",2,4.6,Khulna Royal Bengals,Sylhet Royals,MH Wessels,Mohammad Mithun,Sohag Gazi,0,0,,,,,,,,,
599901,2012/13,2013-02-12,"Shere Bangla National Stadium, Mirpur",2,5.1,Khulna Royal Bengals,Sylhet Royals,Mohammad Mithun,MH Wessels,Mohammad Nabi,0,0,,,,,,,,,
599901,2012/13,2013-02-12,"Shere Bangla National Stadium, Mirpur",2,5.2,Khulna Royal Bengals,Sylhet Royals,Mohammad Mithun,MH Wessels,Mohammad Nabi,0,0,,,,,,,,,
599901,2012/13,2013-02-12,"Shere Bangla National Stadium, Mirpur",2,5.3,Khulna Royal Bengals,Sylhet Royals,Mohammad Mithun,MH Wessels,Mohammad Nabi,0,0,,,,,,,,,
599901,2012/13,2013-02-12,"Shere Bangla National Stadium, Mirpur",2,5.4,Khulna Royal Bengals,Sylhet Royals,Mohammad Mithun,MH Wessels,Mohammad Nabi,0,0,,,,,,,,,
599901,2012/13,2013-02-12,"Shere Bangla National Stadium, Mirpur",2,5.5,Khulna Royal Bengals,Sylhet Royals,Mohammad Mithun,MH Wessels,Mohammad Nabi,2,0,,,,,,,,,
599901,2012/13,2013-02-12,"Shere Bangla National Stadium, Mirpur",2,5.6,Khulna Royal Bengals,Sylhet Royals,Mohammad Mithun,MH Wessels,Mohammad Nabi,1,0,,,,,,,,,
599901,2012/13,2013-02-12,"Shere Bangla National Stadium, Mirpur",2,6.1,Khulna Royal Bengals,Sylhet Royals,Mohammad Mithun,MH Wessels,Suhrawadi Shuvo,4,0,,,,,,,,,
599901,2012/13,2013-02-12,"Shere Bangla National Stadium, Mirpur",2,6.2,Khulna Royal Bengals,Sylhet Royals,Mohammad Mithun,MH Wessels,Suhrawadi Shuvo,1,0,,,,,,,,,
599901,2012/13,2013-02-12,"Shere Bangla National Stadium, Mirpur",2,6.3,Khulna Royal Bengals,Sylhet Royals,MH Wessels,Mohammad Mithun,Suhrawadi Shuvo,0,0,,,,,,,,,
599901,2012/13,2013-02-12,"Shere Bangla National Stadium, Mirpur",2,6.4,Khulna Royal Bengals,Sylhet Royals,MH Wessels,Mohammad Mithun,Suhrawadi Shuvo,1,0,,,,,,,,,
599901,2012/13,2013-02-12,"Shere Bangla National Stadium, Mirpur",2,6.5,Khulna Royal Bengals,Sylhet Royals,Mohammad Mithun,MH Wessels,Suhrawadi Shuvo,0,0,,,,,,,,,
599901,2012/13,2013-02-12,"Shere Bangla National Stadium, Mirpur",2,6.6,Khulna Royal Bengals,Sylhet Royals,Mohammad Mithun,MH Wessels,Suhrawadi Shuvo,0,0,,,,,,,,,
599901,2012/13,2013-02-12,"Shere Bangla National Stadium, Mirpur",2,7.1,Khulna Royal Bengals,Sylhet Royals,MH Wessels,Mohammad Mithun,Bishawnath Halder,0,0,,,,,,,,,
599901,2012/13,2013-02-12,"Shere Bangla National Stadium, Mirpur",2,7.2,Khulna Royal Bengals,Sylhet Royals,MH Wessels,Mohammad Mithun,Bishawnath Halder,0,0,,,,,,,,,
599901,2012/13,2013-02-12,"Shere Bangla National Stadium, Mirpur",2,7.3,Khulna Royal Bengals,Sylhet Royals,MH Wessels,Mohammad Mithun,Bishawnath Halder,1,0,,,,,,,,,
599901,2012/13,2013-02-12,"Shere Bangla National Stadium, Mirpur",2,7.4,Khulna Royal Bengals,Sylhet Royals,Mohammad Mithun,MH Wessels,Bishawnath Halder,1,0,,,,,,,,,
599901,2012/13,2013-02-12,"Shere Bangla National Stadium, Mirpur",2,7.5,Khulna Royal Bengals,Sylhet Royals,MH Wessels,Mohammad Mithun,Bishawnath Halder,0,0,,,,,,,,,
599901,2012/13,2013-02-12,"Shere Bangla National Stadium, Mirpur",2,7.6,Khulna Royal Bengals,Sylhet Royals,MH Wessels,Mohammad Mithun,Bishawnath Halder,1,0,,,,,,,,,
599901,2012/13,2013-02-12,"Shere Bangla National Stadium, Mirpur",2,8.1,Khulna Royal Bengals,Sylhet Royals,MH Wessels,Mohammad Mithun,Suhrawadi Shuvo,1,0,,,,,,,,,
599901,2012/13,2013-02-12,"Shere Bangla National Stadium, Mirpur",2,8.2,Khulna Royal Bengals,Sylhet Royals,Mohammad Mithun,MH Wessels,Suhrawadi Shuvo,1,0,,,,,,,,,
599901,2012/13,2013-02-12,"Shere Bangla National Stadium, Mirpur",2,8.3,Khulna Royal Bengals,Sylhet Royals,MH Wessels,Mohammad Mithun,Suhrawadi Shuvo,0,0,,,,,,,,,
599901,2012/13,2013-02-12,"Shere Bangla National Stadium, Mirpur",2,8.4,Khulna Royal Bengals,Sylhet Royals,MH Wessels,Mohammad Mithun,Suhrawadi Shuvo,1,0,,,,,,,,,
599901,2012/13,2013-02-12,"Shere Bangla National Stadium, Mirpur",2,8.5,Khulna Royal Bengals,Sylhet Royals,Mohammad Mithun,MH Wessels,Suhrawadi Shuvo,0,0,,,,,,,,,
599901,2012/13,2013-02-12,"Shere Bangla National Stadium, Mirpur",2,8.6,Khulna Royal Bengals,Sylhet Royals,Mohammad Mithun,MH Wessels,Suhrawadi Shuvo,1,0,,,,,,,,,
599901,2012/13,2013-02-12,"Shere Bangla National Stadium, Mirpur",2,9.1,Khulna Royal Bengals,Sylhet Royals,Mohammad Mithun,MH Wessels,Bishawnath Halder,1,0,,,,,,,,,
599901,2012/13,2013-02-12,"Shere Bangla National Stadium, Mirpur",2,9.2,Khulna Royal Bengals,Sylhet Royals,MH Wessels,Mohammad Mithun,Bishawnath Halder,1,0,,,,,,,,,
599901,2012/13,2013-02-12,"Shere Bangla National Stadium, Mirpur",2,9.3,Khulna Royal Bengals,Sylhet Royals,Mohammad Mithun,MH Wessels,Bishawnath Halder,0,0,,,,,,,,,
599901,2012/13,2013-02-12,"Shere Bangla National Stadium, Mirpur",2,9.4,Khulna Royal Bengals,Sylhet Royals,Mohammad Mithun,MH Wessels,Bishawnath Halder,1,0,,,,,,,,,
599901,2012/13,2013-02-12,"Shere Bangla National Stadium, Mirpur",2,9.5,Khulna Royal Bengals,Sylhet Royals,MH Wessels,Mohammad Mithun,Bishawnath Halder,0,0,,,,,,,,,
599901,2012/13,2013-02-12,"Shere Bangla National Stadium, Mirpur",2,9.6,Khulna Royal Bengals,Sylhet Royals,MH Wessels,Mohammad Mithun,Bishawnath Halder,1,0,,,,,,,,,
599901,2012/13,2013-02-12,"Shere Bangla National Stadium, Mirpur",2,10.1,Khulna Royal Bengals,Sylhet Royals,MH Wessels,Mohammad Mithun,Suhrawadi Shuvo,1,0,,,,,,,,,
599901,2012/13,2013-02-12,"Shere Bangla National Stadium, Mirpur",2,10.2,Khulna Royal Bengals,Sylhet Royals,Mohammad Mithun,MH Wessels,Suhrawadi Shuvo,0,0,,,,,,,,,
599901,2012/13,2013-02-12,"Shere Bangla National Stadium, Mirpur",2,10.3,Khulna Royal Bengals,Sylhet Royals,Mohammad Mithun,MH Wessels,Suhrawadi Shuvo,0,0,,,,,,,,,
599901,2012/13,2013-02-12,"Shere Bangla National Stadium, Mirpur",2,10.4,Khulna Royal Bengals,Sylhet Royals,Mohammad Mithun,MH Wessels,Suhrawadi Shuvo,1,0,,,,,,,,,
599901,2012/13,2013-02-12,"Shere Bangla National Stadium, Mirpur",2,10.5,Khulna Royal Bengals,Sylhet Royals,MH Wessels,Mohammad Mithun,Suhrawadi Shuvo,0,0,,,,,,,,,
599901,2012/13,2013-02-12,"Shere Bangla National Stadium, Mirpur",2,10.6,Khulna Royal Bengals,Sylhet Royals,MH Wessels,Mohammad Mithun,Suhrawadi Shuvo,0,0,,,,,,,,,
599901,2012/13,2013-02-12,"Shere Bangla National Stadium, Mirpur",2,11.1,Khulna Royal Bengals,Sylhet Royals,Mohammad Mithun,MH Wessels,Bishawnath Halder,6,0,,,,,,,,,
599901,2012/13,2013-02-12,"Shere Bangla National Stadium, Mirpur",2,11.2,Khulna Royal Bengals,Sylhet Royals,Mohammad Mithun,MH Wessels,Bishawnath Halder,1,0,,,,,,,,,
599901,2012/13,2013-02-12,"Shere Bangla National Stadium, Mirpur",2,11.3,Khulna Royal Bengals,Sylhet Royals,MH Wessels,Mohammad Mithun,Bishawnath Halder,1,0,,,,,,,,,
599901,2012/13,2013-02-12,"Shere Bangla National Stadium, Mirpur",2,11.4,Khulna Royal Bengals,Sylhet Royals,Mohammad Mithun,MH Wessels,Bishawnath Halder,0,0,,,,,,,,,
599901,2012/13,2013-02-12,"Shere Bangla National Stadium, Mirpur",2,11.5,Khulna Royal Bengals,Sylhet Royals,Mohammad Mithun,MH Wessels,Bishawnath Halder,1,0,,,,,,,,,
599901,2012/13,2013-02-12,"Shere Bangla National Stadium, Mirpur",2,11.6,Khulna Royal Bengals,Sylhet Royals,MH Wessels,Mohammad Mithun,Bishawnath Halder,0,0,,,,,,,,,
599901,2012/13,2013-02-12,"Shere Bangla National Stadium, Mirpur",2,12.1,Khulna Royal Bengals,Sylhet Royals,Mohammad Mithun,MH Wessels,E Chigumbura,0,0,,,,,,,,,
599901,2012/13,2013-02-12,"Shere Bangla National Stadium, Mirpur",2,12.2,Khulna Royal Bengals,Sylhet Royals,Mohammad Mithun,MH Wessels,E Chigumbura,0,0,,,,,,,,,
599901,2012/13,2013-02-12,"Shere Bangla National Stadium, Mirpur",2,12.3,Khulna Royal Bengals,Sylhet Royals,Mohammad Mithun,MH Wessels,E Chigumbura,2,0,,,,,,,,,
599901,2012/13,2013-02-12,"Shere Bangla National Stadium, Mirpur",2,12.4,Khulna Royal Bengals,Sylhet Royals,Mohammad Mithun,MH Wessels,E Chigumbura,6,0,,,,,,,,,
599901,2012/13,2013-02-12,"Shere Bangla National Stadium, Mirpur",2,12.5,Khulna Royal Bengals,Sylhet Royals,Mohammad Mithun,MH Wessels,E Chigumbura,4,0,,,,,,,,,
599901,2012/13,2013-02-12,"Shere Bangla National Stadium, Mirpur",2,12.6,Khulna Royal Bengals,Sylhet Royals,Mohammad Mithun,MH Wessels,E Chigumbura,0,0,,,,,,,,,
599901,2012/13,2013-02-12,"Shere Bangla National Stadium, Mirpur",2,13.1,Khulna Royal Bengals,Sylhet Royals,MH Wessels,Mohammad Mithun,Sohag Gazi,0,0,,,,,,,,,
599901,2012/13,2013-02-12,"Shere Bangla National Stadium, Mirpur",2,13.2,Khulna Royal Bengals,Sylhet Royals,MH Wessels,Mohammad Mithun,Sohag Gazi,0,0,,,,,,,,,
599901,2012/13,2013-02-12,"Shere Bangla National Stadium, Mirpur",2,13.3,Khulna Royal Bengals,Sylhet Royals,MH Wessels,Mohammad Mithun,Sohag Gazi,0,0,,,,,,,,,
599901,2012/13,2013-02-12,"Shere Bangla National Stadium, Mirpur",2,13.4,Khulna Royal Bengals,Sylhet Royals,MH Wessels,Mohammad Mithun,Sohag Gazi,1,0,,,,,,,,,
599901,2012/13,2013-02-12,"Shere Bangla National Stadium, Mirpur",2,13.5,Khulna Royal Bengals,Sylhet Royals,Mohammad Mithun,MH Wessels,Sohag Gazi,0,0,,,,,,,,,
599901,2012/13,2013-02-12,"Shere Bangla National Stadium, Mirpur",2,13.6,Khulna Royal Bengals,Sylhet Royals,Mohammad Mithun,MH Wessels,Sohag Gazi,1,0,,,,,,,,,
599901,2012/13,2013-02-12,"Shere Bangla National Stadium, Mirpur",2,14.1,Khulna Royal Bengals,Sylhet Royals,Mohammad Mithun,MH Wessels,Bishawnath Halder,0,0,,,,,,,,,
599901,2012/13,2013-02-12,"Shere Bangla National Stadium, Mirpur",2,14.2,Khulna Royal Bengals,Sylhet Royals,Mohammad Mithun,MH Wessels,Bishawnath Halder,0,0,,,,,,,,,
599901,2012/13,2013-02-12,"Shere Bangla National Stadium, Mirpur",2,14.3,Khulna Royal Bengals,Sylhet Royals,Mohammad Mithun,MH Wessels,Bishawnath Halder,4,0,,,,,,,,,
599901,2012/13,2013-02-12,"Shere Bangla National Stadium, Mirpur",2,14.4,Khulna Royal Bengals,Sylhet Royals,Mohammad Mithun,MH Wessels,Bishawnath Halder,1,0,,,,,,,,,
599901,2012/13,2013-02-12,"Shere Bangla National Stadium, Mirpur",2,14.5,Khulna Royal Bengals,Sylhet Royals,MH Wessels,Mohammad Mithun,Bishawnath Halder,0,1,1,,,,,,,,
599901,2012/13,2013-02-12,"Shere Bangla National Stadium, Mirpur",2,14.6,Khulna Royal Bengals,Sylhet Royals,MH Wessels,Mohammad Mithun,Bishawnath Halder,0,0,,,,,,,,,
599901,2012/13,2013-02-12,"Shere Bangla National Stadium, Mirpur",2,14.7,Khulna Royal Bengals,Sylhet Royals,MH Wessels,Mohammad Mithun,Bishawnath Halder,0,1,,,,1,,,,,
599901,2012/13,2013-02-12,"Shere Bangla National Stadium, Mirpur",2,15.1,Khulna Royal Bengals,Sylhet Royals,MH Wessels,Mohammad Mithun,Sohag Gazi,1,0,,,,,,,,,
599901,2012/13,2013-02-12,"Shere Bangla National Stadium, Mirpur",2,15.2,Khulna Royal Bengals,Sylhet Royals,Mohammad Mithun,MH Wessels,Sohag Gazi,1,0,,,,,,,,,
599901,2012/13,2013-02-12,"Shere Bangla National Stadium, Mirpur",2,15.3,Khulna Royal Bengals,Sylhet Royals,MH Wessels,Mohammad Mithun,Sohag Gazi,1,0,,,,,,,,,
599901,2012/13,2013-02-12,"Shere Bangla National Stadium, Mirpur",2,15.4,Khulna Royal Bengals,Sylhet Royals,Mohammad Mithun,MH Wessels,Sohag Gazi,1,0,,,,,,,,,
599901,2012/13,2013-02-12,"Shere Bangla National Stadium, Mirpur",2,15.5,Khulna Royal Bengals,Sylhet Royals,MH Wessels,Mohammad Mithun,Sohag Gazi,0,0,,,,,,,,,
599901,2012/13,2013-02-12,"Shere Bangla National Stadium, Mirpur",2,15.6,Khulna Royal Bengals,Sylhet Royals,MH Wessels,Mohammad Mithun,Sohag Gazi,1,0,,,,,,,,,
599901,2012/13,2013-02-12,"Shere Bangla National Stadium, Mirpur",2,16.1,Khulna Royal Bengals,Sylhet Royals,MH Wessels,Mohammad Mithun,Suhrawadi Shuvo,4,0,,,,,,,,,
599901,2012/13,2013-02-12,"Shere Bangla National Stadium, Mirpur",2,16.2,Khulna Royal Bengals,Sylhet Royals,MH Wessels,Mohammad Mithun,Suhrawadi Shuvo,1,0,,,,,,,,,
599901,2012/13,2013-02-12,"Shere Bangla National Stadium, Mirpur",2,16.3,Khulna Royal Bengals,Sylhet Royals,Mohammad Mithun,MH Wessels,Suhrawadi Shuvo,1,0,,,,,,,,,
599901,2012/13,2013-02-12,"Shere Bangla National Stadium, Mirpur",2,16.4,Khulna Royal Bengals,Sylhet Royals,MH Wessels,Mohammad Mithun,Suhrawadi Shuvo,1,0,,,,,,,,,
599901,2012/13,2013-02-12,"Shere Bangla National Stadium, Mirpur",2,16.5,Khulna Royal Bengals,Sylhet Royals,Mohammad Mithun,MH Wessels,Suhrawadi Shuvo,6,0,,,,,,,,,
599901,2012/13,2013-02-12,"Shere Bangla National Stadium, Mirpur",2,16.6,Khulna Royal Bengals,Sylhet Royals,Mohammad Mithun,MH Wessels,Suhrawadi Shuvo,1,0,,,,,,,,,
599901,2012/13,2013-02-12,"Shere Bangla National Stadium, Mirpur",2,17.1,Khulna Royal Bengals,Sylhet Royals,Mohammad Mithun,MH Wessels,Mohammad Nabi,6,0,,,,,,,,,
599901,2012/13,2013-02-12,"Shere Bangla National Stadium, Mirpur",2,17.2,Khulna Royal Bengals,Sylhet Royals,Mohammad Mithun,MH Wessels,Mohammad Nabi,1,0,,,,,,,,,
599901,2012/13,2013-02-12,"Shere Bangla National Stadium, Mirpur",2,17.3,Khulna Royal Bengals,Sylhet Royals,MH Wessels,Mohammad Mithun,Mohammad Nabi,0,1,,,,1,,,,,
599901,2012/13,2013-02-12,"Shere Bangla National Stadium, Mirpur",2,17.4,Khulna Royal Bengals,Sylhet Royals,Mohammad Mithun,MH Wessels,Mohammad Nabi,1,0,,,,,,,,,
599901,2012/13,2013-02-12,"Shere Bangla National Stadium, Mirpur",2,17.5,Khulna Royal Bengals,Sylhet Royals,MH Wessels,Mohammad Mithun,Mohammad Nabi,0,1,1,,,,,,,,
599901,2012/13,2013-02-12,"Shere Bangla National Stadium, Mirpur",2,17.6,Khulna Royal Bengals,Sylhet Royals,MH Wessels,Mohammad Mithun,Mohammad Nabi,1,0,,,,,,,,,
599901,2012/13,2013-02-12,"Shere Bangla National Stadium, Mirpur",2,17.7,Khulna Royal Bengals,Sylhet Royals,Mohammad Mithun,MH Wessels,Mohammad Nabi,1,0,,,,,,,,,
599901,2012/13,2013-02-12,"Shere Bangla National Stadium, Mirpur",2,18.1,Khulna Royal Bengals,Sylhet Royals,Mohammad Mithun,MH Wessels,E Chigumbura,0,0,,,,,,caught,Mohammad Mithun,,
599901,2012/13,2013-02-12,"Shere Bangla National Stadium, Mirpur",2,18.2,Khulna Royal Bengals,Sylhet Royals,Mizanur Rahman,MH Wessels,E Chigumbura,1,0,,,,,,,,,
599901,2012/13,2013-02-12,"Shere Bangla National Stadium, Mirpur",2,18.3,Khulna Royal Bengals,Sylhet Royals,MH Wessels,Mizanur Rahman,E Chigumbura,4,0,,,,,,,,,
599901,2012/13,2013-02-12,"Shere Bangla National Stadium, Mirpur",2,18.4,Khulna Royal Bengals,Sylhet Royals,MH Wessels,Mizanur Rahman,E Chigumbura,0,1,,,,1,,,,,
599901,2012/13,2013-02-12,"Shere Bangla National Stadium, Mirpur",2,18.5,Khulna Royal Bengals,Sylhet Royals,Mizanur Rahman,MH Wessels,E Chigumbura,0,0,,,,,,caught,Mizanur Rahman,,
599901,2012/13,2013-02-12,"Shere Bangla National Stadium, Mirpur",2,18.6,Khulna Royal Bengals,Sylhet Royals,K Santokie,MH Wessels,E Chigumbura,1,0,,,,,,,,,
599901,2012/13,2013-02-12,"Shere Bangla National Stadium, Mirpur",2,19.1,Khulna Royal Bengals,Sylhet Royals,K Santokie,MH Wessels,Mohammad Nabi,1,0,,,,,,,,,
599901,2012/13,2013-02-12,"Shere Bangla National Stadium, Mirpur",2,19.2,Khulna Royal Bengals,Sylhet Royals,MH Wessels,K Santokie,Mohammad Nabi,1,0,,,,,,,,,
599901,2012/13,2013-02-12,"Shere Bangla National Stadium, Mirpur",2,19.3,Khulna Royal Bengals,Sylhet Royals,K Santokie,MH Wessels,Mohammad Nabi,6,0,,,,,,,,,
599901,2012/13,2013-02-12,"Shere Bangla National Stadium, Mirpur",2,19.4,Khulna Royal Bengals,Sylhet Royals,K Santokie,MH Wessels,Mohammad Nabi,0,0,,,,,,caught,K Santokie,,
599901,2012/13,2013-02-12,"Shere Bangla National Stadium, Mirpur",2,19.5,Khulna Royal Bengals,Sylhet Royals,MH Wessels,Noor Hossain,Mohammad Nabi,1,0,,,,,,,,,
599901,2012/13,2013-02-12,"Shere Bangla National Stadium, Mirpur",2,19.6,Khulna Royal Bengals,Sylhet Royals,Noor Hossain,MH Wessels,Mohammad Nabi,4,0,,,,,,,,,
