match_id,season,start_date,venue,innings,ball,batting_team,bowling_team,striker,non_striker,bowler,runs_off_bat,extras,wides,noballs,byes,legbyes,penalty,wicket_type,player_dismissed,other_wicket_type,other_player_dismissed
599906,2012/13,2013-02-14,"Shere Bangla National Stadium, Mirpur",1,0.1,Dhaka Gladiators,Chittagong Kings,JJ Cobb,TM Dilshan,Arafat Sunny,0,0,,,,,,,,,
599906,2012/13,2013-02-14,"Shere Bangla National Stadium, Mirpur",1,0.2,Dhaka Gladiators,Chittagong Kings,JJ Cobb,TM Dilshan,Arafat Sunny,1,0,,,,,,,,,
599906,2012/13,2013-02-14,"Shere Bangla National Stadium, Mirpur",1,0.3,Dhaka Gladiators,Chittagong Kings,TM Dilshan,JJ Cobb,Arafat Sunny,2,0,,,,,,,,,
599906,2012/13,2013-02-14,"Shere Bangla National Stadium, Mirpur",1,0.4,Dhaka Gladiators,Chittagong Kings,TM Dilshan,JJ Cobb,Arafat Sunny,0,0,,,,,,,,,
599906,2012/13,2013-02-14,"Shere Bangla National Stadium, Mirpur",1,0.5,Dhaka Gladiators,Chittagong Kings,TM Dilshan,JJ Cobb,Arafat Sunny,1,0,,,,,,,,,
599906,2012/13,2013-02-14,"Shere Bangla National Stadium, Mirpur",1,0.6,Dhaka Gladiators,Chittagong Kings,JJ Cobb,TM Dilshan,Arafat Sunny,4,0,,,,,,,,,
599906,2012/13,2013-02-14,"Shere Bangla National Stadium, Mirpur",1,1.1,Dhaka Gladiators,Chittagong Kings,TM Dilshan,JJ Cobb,Rubel Hossain,0,0,,,,,,,,,
599906,2012/13,2013-02-14,"Shere Bangla National Stadium, Mirpur",1,1.2,Dhaka Gladiators,Chittagong Kings,TM Dilshan,JJ Cobb,Rubel Hossain,4,0,,,,,,,,,
599906,2012/13,2013-02-14,"Shere Bangla National Stadium, Mirpur",1,1.3,Dhaka Gladiators,Chittagong Kings,TM Dilshan,JJ Cobb,Rubel Hossain,1,0,,,,,,,,,
599906,2012/13,2013-02-14,"Shere Bangla National Stadium, Mirpur",1,1.4,Dhaka Gladiators,Chittagong Kings,JJ Cobb,TM Dilshan,Rubel Hossain,0,0,,,,,,caught,JJ Cobb,,
599906,2012/13,2013-02-14,"Shere Bangla National Stadium, Mirpur",1,1.5,Dhaka Gladiators,Chittagong Kings,Anamul Haque,TM Dilshan,Rubel Hossain,1,0,,,,,,,,,
599906,2012/13,2013-02-14,"Shere Bangla National Stadium, Mirpur",1,1.6,Dhaka Gladiators,Chittagong Kings,TM Dilshan,Anamul Haque,Rubel Hossain,0,0,,,,,,,,,
599906,2012/13,2013-02-14,"Shere Bangla National Stadium, Mirpur",1,2.1,Dhaka Gladiators,Chittagong Kings,Anamul Haque,TM Dilshan,Taskin Ahmed,0,0,,,,,,,,,
599906,2012/13,2013-02-14,"Shere Bangla National Stadium, Mirpur",1,2.2,Dhaka Gladiators,Chittagong Kings,Anamul Haque,TM Dilshan,Taskin Ahmed,0,0,,,,,,,,,
599906,2012/13,2013-02-14,"Shere Bangla National Stadium, Mirpur",1,2.3,Dhaka Gladiators,Chittagong Kings,Anamul Haque,TM Dilshan,Taskin Ahmed,1,0,,,,,,,,,
599906,2012/13,2013-02-14,"Shere Bangla National Stadium, Mirpur",1,2.4,Dhaka Gladiators,Chittagong Kings,TM Dilshan,Anamul Haque,Taskin Ahmed,0,0,,,,,,,,,
599906,2012/13,2013-02-14,"Shere Bangla National Stadium, Mirpur",1,2.5,Dhaka Gladiators,Chittagong Kings,TM Dilshan,Anamul Haque,Taskin Ahmed,1,0,,,,,,,,,
599906,2012/13,2013-02-14,"Shere Bangla National Stadium, Mirpur",1,2.6,Dhaka Gladiators,Chittagong Kings,Anamul Haque,TM Dilshan,Taskin Ahmed,0,0,,,,,,,,,
599906,2012/13,2013-02-14,"Shere Bangla National Stadium, Mirpur",1,3.1,Dhaka Gladiators,Chittagong Kings,TM Dilshan,Anamul Haque,Rubel Hossain,0,0,,,,,,,,,
599906,2012/13,2013-02-14,"Shere Bangla National Stadium, Mirpur",1,3.2,Dhaka Gladiators,Chittagong Kings,TM Dilshan,Anamul Haque,Rubel Hossain,1,0,,,,,,,,,
599906,2012/13,2013-02-14,"Shere Bangla National Stadium, Mirpur",1,3.3,Dhaka Gladiators,Chittagong Kings,Anamul Haque,TM Dilshan,Rubel Hossain,0,0,,,,,,,,,
599906,2012/13,2013-02-14,"Shere Bangla National Stadium, Mirpur",1,3.4,Dhaka Gladiators,Chittagong Kings,Anamul Haque,TM Dilshan,Rubel Hossain,0,0,,,,,,,,,
599906,2012/13,2013-02-14,"Shere Bangla National Stadium, Mirpur",1,3.5,Dhaka Gladiators,Chittagong Kings,Anamul Haque,TM Dilshan,Rubel Hossain,0,0,,,,,,,,,
599906,2012/13,2013-02-14,"Shere Bangla National Stadium, Mirpur",1,3.6,Dhaka Gladiators,Chittagong Kings,Anamul Haque,TM Dilshan,Rubel Hossain,0,0,,,,,,,,,
599906,2012/13,2013-02-14,"Shere Bangla National Stadium, Mirpur",1,4.1,Dhaka Gladiators,Chittagong Kings,TM Dilshan,Anamul Haque,Arafat Sunny,2,0,,,,,,,,,
599906,2012/13,2013-02-14,"Shere Bangla National Stadium, Mirpur",1,4.2,Dhaka Gladiators,Chittagong Kings,TM Dilshan,Anamul Haque,Arafat Sunny,2,0,,,,,,,,,
599906,2012/13,2013-02-14,"Shere Bangla National Stadium, Mirpur",1,4.3,Dhaka Gladiators,Chittagong Kings,TM Dilshan,Anamul Haque,Arafat Sunny,0,0,,,,,,,,,
599906,2012/13,2013-02-14,"Shere Bangla National Stadium, Mirpur",1,4.4,Dhaka Gladiators,Chittagong Kings,TM Dilshan,Anamul Haque,Arafat Sunny,1,0,,,,,,,,,
599906,2012/13,2013-02-14,"Shere Bangla National Stadium, Mirpur",1,4.5,Dhaka Gladiators,Chittagong Kings,Anamul Haque,TM Dilshan,Arafat Sunny,2,0,,,,,,,,,
599906,2012/13,2013-02-14,"Shere Bangla National Stadium, Mirpur",1,4.6,Dhaka Gladiators,Chittagong Kings,Anamul Haque,TM Dilshan,Arafat Sunny,0,0,,,,,,,,,
599906,2012/13,2013-02-14,"Shere Bangla National Stadium, Mirpur",1,5.1,Dhaka Gladiators,Chittagong Kings,TM Dilshan,Anamul Haque,Taskin Ahmed,0,0,,,,,,,,,
599906,2012/13,2013-02-14,"Shere Bangla National Stadium, Mirpur",1,5.2,Dhaka Gladiators,Chittagong Kings,TM Dilshan,Anamul Haque,Taskin Ahmed,3,0,,,,,,,,,
599906,2012/13,2013-02-14,"Shere Bangla National Stadium, Mirpur",1,5.3,Dhaka Gladiators,Chittagong Kings,Anamul Haque,TM Dilshan,Taskin Ahmed,1,0,,,,,,,,,
599906,2012/13,2013-02-14,"Shere Bangla National Stadium, Mirpur",1,5.4,Dhaka Gladiators,Chittagong Kings,TM Dilshan,Anamul Haque,Taskin Ahmed,6,0,,,,,,,,,
599906,2012/13,2013-02-14,"Shere Bangla National Stadium, Mirpur",1,5.5,Dhaka Gladiators,Chittagong Kings,TM Dilshan,Anamul Haque,Taskin Ahmed,0,0,,,,,,,,,
599906,2012/13,2013-02-14,"Shere Bangla National Stadium, Mirpur",1,5.6,Dhaka Gladiators,Chittagong Kings,TM Dilshan,Anamul Haque,Taskin Ahmed,4,0,,,,,,,,,
599906,2012/13,2013-02-14,"Shere Bangla National Stadium, Mirpur",1,6.1,Dhaka Gladiators,Chittagong Kings,Anamul Haque,TM Dilshan,Enamul Haque jnr,1,0,,,,,,,,,
599906,2012/13,2013-02-14,"Shere Bangla National Stadium, Mirpur",1,6.2,Dhaka Gladiators,Chittagong Kings,TM Dilshan,Anamul Haque,Enamul Haque jnr,0,0,,,,,,,,,
599906,2012/13,2013-02-14,"Shere Bangla National Stadium, Mirpur",1,6.3,Dhaka Gladiators,Chittagong Kings,TM Dilshan,Anamul Haque,Enamul Haque jnr,1,0,,,,,,,,,
599906,2012/13,2013-02-14,"Shere Bangla National Stadium, Mirpur",1,6.4,Dhaka Gladiators,Chittagong Kings,Anamul Haque,TM Dilshan,Enamul Haque jnr,1,0,,,,,,,,,
599906,2012/13,2013-02-14,"Shere Bangla National Stadium, Mirpur",1,6.5,Dhaka Gladiators,Chittagong Kings,TM Dilshan,Anamul Haque,Enamul Haque jnr,4,0,,,,,,,,,
599906,2012/13,2013-02-14,"Shere Bangla National Stadium, Mirpur",1,6.6,Dhaka Gladiators,Chittagong Kings,TM Dilshan,Anamul Haque,Enamul Haque jnr,1,0,,,,,,,,,
599906,2012/13,2013-02-14,"Shere Bangla National Stadium, Mirpur",1,7.1,Dhaka Gladiators,Chittagong Kings,TM Dilshan,Anamul Haque,Arafat Sunny,1,0,,,,,,,,,
599906,2012/13,2013-02-14,"Shere Bangla National Stadium, Mirpur",1,7.2,Dhaka Gladiators,Chittagong Kings,Anamul Haque,TM Dilshan,Arafat Sunny,1,0,,,,,,,,,
599906,2012/13,2013-02-14,"Shere Bangla National Stadium, Mirpur",1,7.3,Dhaka Gladiators,Chittagong Kings,TM Dilshan,Anamul Haque,Arafat Sunny,2,0,,,,,,,,,
599906,2012/13,2013-02-14,"Shere Bangla National Stadium, Mirpur",1,7.4,Dhaka Gladiators,Chittagong Kings,TM Dilshan,Anamul Haque,Arafat Sunny,1,0,,,,,,,,,
599906,2012/13,2013-02-14,"Shere Bangla National Stadium, Mirpur",1,7.5,Dhaka Gladiators,Chittagong Kings,Anamul Haque,TM Dilshan,Arafat Sunny,1,0,,,,,,,,,
599906,2012/13,2013-02-14,"Shere Bangla National Stadium, Mirpur",1,7.6,Dhaka Gladiators,Chittagong Kings,TM Dilshan,Anamul Haque,Arafat Sunny,0,0,,,,,,,,,
599906,2012/13,2013-02-14,"Shere Bangla National Stadium, Mirpur",1,8.1,Dhaka Gladiators,Chittagong Kings,Anamul Haque,TM Dilshan,Enamul Haque jnr,1,0,,,,,,,,,
599906,2012/13,2013-02-14,"Shere Bangla National Stadium, Mirpur",1,8.2,Dhaka Gladiators,Chittagong Kings,TM Dilshan,Anamul Haque,Enamul Haque jnr,1,0,,,,,,,,,
599906,2012/13,2013-02-14,"Shere Bangla National Stadium, Mirpur",1,8.3,Dhaka Gladiators,Chittagong Kings,Anamul Haque,TM Dilshan,Enamul Haque jnr,1,0,,,,,,,,,
599906,2012/13,2013-02-14,"Shere Bangla National Stadium, Mirpur",1,8.4,Dhaka Gladiators,Chittagong Kings,TM Dilshan,Anamul Haque,Enamul Haque jnr,1,0,,,,,,,,,
599906,2012/13,2013-02-14,"Shere Bangla National Stadium, Mirpur",1,8.5,Dhaka Gladiators,Chittagong Kings,Anamul Haque,TM Dilshan,Enamul Haque jnr,0,1,,,,1,,,,,
599906,2012/13,2013-02-14,"Shere Bangla National Stadium, Mirpur",1,8.6,Dhaka Gladiators,Chittagong Kings,TM Dilshan,Anamul Haque,Enamul Haque jnr,0,0,,,,,,,,,
599906,2012/13,2013-02-14,"Shere Bangla National Stadium, Mirpur",1,9.1,Dhaka Gladiators,Chittagong Kings,Anamul Haque,TM Dilshan,Arafat Sunny,2,0,,,,,,,,,
599906,2012/13,2013-02-14,"Shere Bangla National Stadium, Mirpur",1,9.2,Dhaka Gladiators,Chittagong Kings,Anamul Haque,TM Dilshan,Arafat Sunny,6,0,,,,,,,,,
599906,2012/13,2013-02-14,"Shere Bangla National Stadium, Mirpur",1,9.3,Dhaka Gladiators,Chittagong Kings,Anamul Haque,TM Dilshan,Arafat Sunny,1,0,,,,,,,,,
599906,2012/13,2013-02-14,"Shere Bangla National Stadium, Mirpur",1,9.4,Dhaka Gladiators,Chittagong Kings,TM Dilshan,Anamul Haque,Arafat Sunny,1,0,,,,,,,,,
599906,2012/13,2013-02-14,"Shere Bangla National Stadium, Mirpur",1,9.5,Dhaka Gladiators,Chittagong Kings,Anamul Haque,TM Dilshan,Arafat Sunny,1,0,,,,,,,,,
599906,2012/13,2013-02-14,"Shere Bangla National Stadium, Mirpur",1,9.6,Dhaka Gladiators,Chittagong Kings,TM Dilshan,Anamul Haque,Arafat Sunny,6,0,,,,,,,,,
599906,2012/13,2013-02-14,"Shere Bangla National Stadium, Mirpur",1,10.1,Dhaka Gladiators,Chittagong Kings,Anamul Haque,TM Dilshan,Enamul Haque jnr,2,0,,,,,,,,,
599906,2012/13,2013-02-14,"Shere Bangla National Stadium, Mirpur",1,10.2,Dhaka Gladiators,Chittagong Kings,Anamul Haque,TM Dilshan,Enamul Haque jnr,0,0,,,,,,,,,
599906,2012/13,2013-02-14,"Shere Bangla National Stadium, Mirpur",1,10.3,Dhaka Gladiators,Chittagong Kings,Anamul Haque,TM Dilshan,Enamul Haque jnr,0,0,,,,,,stumped,Anamul Haque,,
599906,2012/13,2013-02-14,"Shere Bangla National Stadium, Mirpur",1,10.4,Dhaka Gladiators,Chittagong Kings,Shakib Al Hasan,TM Dilshan,Enamul Haque jnr,1,0,,,,,,,,,
599906,2012/13,2013-02-14,"Shere Bangla National Stadium, Mirpur",1,10.5,Dhaka Gladiators,Chittagong Kings,TM Dilshan,Shakib Al Hasan,Enamul Haque jnr,0,0,,,,,,,,,
599906,2012/13,2013-02-14,"Shere Bangla National Stadium, Mirpur",1,10.6,Dhaka Gladiators,Chittagong Kings,TM Dilshan,Shakib Al Hasan,Enamul Haque jnr,1,0,,,,,,,,,
599906,2012/13,2013-02-14,"Shere Bangla National Stadium, Mirpur",1,11.1,Dhaka Gladiators,Chittagong Kings,TM Dilshan,Shakib Al Hasan,RN ten Doeschate,0,0,,,,,,,,,
599906,2012/13,2013-02-14,"Shere Bangla National Stadium, Mirpur",1,11.2,Dhaka Gladiators,Chittagong Kings,TM Dilshan,Shakib Al Hasan,RN ten Doeschate,0,1,1,,,,,,,,
599906,2012/13,2013-02-14,"Shere Bangla National Stadium, Mirpur",1,11.3,Dhaka Gladiators,Chittagong Kings,TM Dilshan,Shakib Al Hasan,RN ten Doeschate,1,0,,,,,,,,,
599906,2012/13,2013-02-14,"Shere Bangla National Stadium, Mirpur",1,11.4,Dhaka Gladiators,Chittagong Kings,Shakib Al Hasan,TM Dilshan,RN ten Doeschate,1,0,,,,,,,,,
599906,2012/13,2013-02-14,"Shere Bangla National Stadium, Mirpur",1,11.5,Dhaka Gladiators,Chittagong Kings,TM Dilshan,Shakib Al Hasan,RN ten Doeschate,0,0,,,,,,lbw,TM Dilshan,,
599906,2012/13,2013-02-14,"Shere Bangla National Stadium, Mirpur",1,11.6,Dhaka Gladiators,Chittagong Kings,DI Stevens,Shakib Al Hasan,RN ten Doeschate,0,0,,,,,,,,,
599906,2012/13,2013-02-14,"Shere Bangla National Stadium, Mirpur",1,11.7,Dhaka Gladiators,Chittagong Kings,DI Stevens,Shakib Al Hasan,RN ten Doeschate,1,0,,,,,,,,,
599906,2012/13,2013-02-14,"Shere Bangla National Stadium, Mirpur",1,12.1,Dhaka Gladiators,Chittagong Kings,DI Stevens,Shakib Al Hasan,Enamul Haque jnr,1,0,,,,,,,,,
599906,2012/13,2013-02-14,"Shere Bangla National Stadium, Mirpur",1,12.2,Dhaka Gladiators,Chittagong Kings,Shakib Al Hasan,DI Stevens,Enamul Haque jnr,2,0,,,,,,,,,
599906,2012/13,2013-02-14,"Shere Bangla National Stadium, Mirpur",1,12.3,Dhaka Gladiators,Chittagong Kings,Shakib Al Hasan,DI Stevens,Enamul Haque jnr,0,1,1,,,,,,,,
599906,2012/13,2013-02-14,"Shere Bangla National Stadium, Mirpur",1,12.4,Dhaka Gladiators,Chittagong Kings,Shakib Al Hasan,DI Stevens,Enamul Haque jnr,1,0,,,,,,,,,
599906,2012/13,2013-02-14,"Shere Bangla National Stadium, Mirpur",1,12.5,Dhaka Gladiators,Chittagong Kings,DI Stevens,Shakib Al Hasan,Enamul Haque jnr,1,0,,,,,,,,,
599906,2012/13,2013-02-14,"Shere Bangla National Stadium, Mirpur",1,12.6,Dhaka Gladiators,Chittagong Kings,Shakib Al Hasan,DI Stevens,Enamul Haque jnr,1,0,,,,,,,,,
599906,2012/13,2013-02-14,"Shere Bangla National Stadium, Mirpur",1,12.7,Dhaka Gladiators,Chittagong Kings,DI Stevens,Shakib Al Hasan,Enamul Haque jnr,0,0,,,,,,,,,
599906,2012/13,2013-02-14,"Shere Bangla National Stadium, Mirpur",1,13.1,Dhaka Gladiators,Chittagong Kings,Shakib Al Hasan,DI Stevens,RN ten Doeschate,2,0,,,,,,,,,
599906,2012/13,2013-02-14,"Shere Bangla National Stadium, Mirpur",1,13.2,Dhaka Gladiators,Chittagong Kings,Shakib Al Hasan,DI Stevens,RN ten Doeschate,4,0,,,,,,,,,
599906,2012/13,2013-02-14,"Shere Bangla National Stadium, Mirpur",1,13.3,Dhaka Gladiators,Chittagong Kings,Shakib Al Hasan,DI Stevens,RN ten Doeschate,0,0,,,,,,,,,
599906,2012/13,2013-02-14,"Shere Bangla National Stadium, Mirpur",1,13.4,Dhaka Gladiators,Chittagong Kings,Shakib Al Hasan,DI Stevens,RN ten Doeschate,4,0,,,,,,,,,
599906,2012/13,2013-02-14,"Shere Bangla National Stadium, Mirpur",1,13.5,Dhaka Gladiators,Chittagong Kings,Shakib Al Hasan,DI Stevens,RN ten Doeschate,4,0,,,,,,,,,
599906,2012/13,2013-02-14,"Shere Bangla National Stadium, Mirpur",1,13.6,Dhaka Gladiators,Chittagong Kings,Shakib Al Hasan,DI Stevens,RN ten Doeschate,4,0,,,,,,,,,
599906,2012/13,2013-02-14,"Shere Bangla National Stadium, Mirpur",1,14.1,Dhaka Gladiators,Chittagong Kings,DI Stevens,Shakib Al Hasan,Taskin Ahmed,0,0,,,,,,,,,
599906,2012/13,2013-02-14,"Shere Bangla National Stadium, Mirpur",1,14.2,Dhaka Gladiators,Chittagong Kings,DI Stevens,Shakib Al Hasan,Taskin Ahmed,1,0,,,,,,,,,
599906,2012/13,2013-02-14,"Shere Bangla National Stadium, Mirpur",1,14.3,Dhaka Gladiators,Chittagong Kings,Shakib Al Hasan,DI Stevens,Taskin Ahmed,1,0,,,,,,,,,
599906,2012/13,2013-02-14,"Shere Bangla National Stadium, Mirpur",1,14.4,Dhaka Gladiators,Chittagong Kings,DI Stevens,Shakib Al Hasan,Taskin Ahmed,1,0,,,,,,,,,
599906,2012/13,2013-02-14,"Shere Bangla National Stadium, Mirpur",1,14.5,Dhaka Gladiators,Chittagong Kings,Shakib Al Hasan,DI Stevens,Taskin Ahmed,1,0,,,,,,,,,
599906,2012/13,2013-02-14,"Shere Bangla National Stadium, Mirpur",1,14.6,Dhaka Gladiators,Chittagong Kings,DI Stevens,Shakib Al Hasan,Taskin Ahmed,0,0,,,,,,,,,
599906,2012/13,2013-02-14,"Shere Bangla National Stadium, Mirpur",1,15.1,Dhaka Gladiators,Chittagong Kings,Shakib Al Hasan,DI Stevens,RN ten Doeschate,0,1,1,,,,,,,,
599906,2012/13,2013-02-14,"Shere Bangla National Stadium, Mirpur",1,15.2,Dhaka Gladiators,Chittagong Kings,Shakib Al Hasan,DI Stevens,RN ten Doeschate,2,0,,,,,,,,,
599906,2012/13,2013-02-14,"Shere Bangla National Stadium, Mirpur",1,15.3,Dhaka Gladiators,Chittagong Kings,Shakib Al Hasan,DI Stevens,RN ten Doeschate,1,0,,,,,,,,,
599906,2012/13,2013-02-14,"Shere Bangla National Stadium, Mirpur",1,15.4,Dhaka Gladiators,Chittagong Kings,DI Stevens,Shakib Al Hasan,RN ten Doeschate,2,0,,,,,,,,,
599906,2012/13,2013-02-14,"Shere Bangla National Stadium, Mirpur",1,15.5,Dhaka Gladiators,Chittagong Kings,DI Stevens,Shakib Al Hasan,RN ten Doeschate,1,0,,,,,,,,,
599906,2012/13,2013-02-14,"Shere Bangla National Stadium, Mirpur",1,15.6,Dhaka Gladiators,Chittagong Kings,Shakib Al Hasan,DI Stevens,RN ten Doeschate,4,0,,,,,,,,,
599906,2012/13,2013-02-14,"Shere Bangla National Stadium, Mirpur",1,15.7,Dhaka Gladiators,Chittagong Kings,Shakib Al Hasan,DI Stevens,RN ten Doeschate,2,0,,,,,,,,,
599906,2012/13,2013-02-14,"Shere Bangla National Stadium, Mirpur",1,16.1,Dhaka Gladiators,Chittagong Kings,DI Stevens,Shakib Al Hasan,Rubel Hossain,0,0,,,,,,,,,
599906,2012/13,2013-02-14,"Shere Bangla National Stadium, Mirpur",1,16.2,Dhaka Gladiators,Chittagong Kings,DI Stevens,Shakib Al Hasan,Rubel Hossain,4,0,,,,,,,,,
599906,2012/13,2013-02-14,"Shere Bangla National Stadium, Mirpur",1,16.3,Dhaka Gladiators,Chittagong Kings,DI Stevens,Shakib Al Hasan,Rubel Hossain,4,0,,,,,,,,,
599906,2012/13,2013-02-14,"Shere Bangla National Stadium, Mirpur",1,16.4,Dhaka Gladiators,Chittagong Kings,DI Stevens,Shakib Al Hasan,Rubel Hossain,1,0,,,,,,,,,
599906,2012/13,2013-02-14,"Shere Bangla National Stadium, Mirpur",1,16.5,Dhaka Gladiators,Chittagong Kings,Shakib Al Hasan,DI Stevens,Rubel Hossain,2,0,,,,,,,,,
599906,2012/13,2013-02-14,"Shere Bangla National Stadium, Mirpur",1,16.6,Dhaka Gladiators,Chittagong Kings,Shakib Al Hasan,DI Stevens,Rubel Hossain,4,0,,,,,,,,,
599906,2012/13,2013-02-14,"Shere Bangla National Stadium, Mirpur",1,17.1,Dhaka Gladiators,Chittagong Kings,DI Stevens,Shakib Al Hasan,RN ten Doeschate,0,1,1,,,,,,,,
599906,2012/13,2013-02-14,"Shere Bangla National Stadium, Mirpur",1,17.2,Dhaka Gladiators,Chittagong Kings,DI Stevens,Shakib Al Hasan,RN ten Doeschate,1,0,,,,,,,,,
599906,2012/13,2013-02-14,"Shere Bangla National Stadium, Mirpur",1,17.3,Dhaka Gladiators,Chittagong Kings,Shakib Al Hasan,DI Stevens,RN ten Doeschate,1,0,,,,,,,,,
599906,2012/13,2013-02-14,"Shere Bangla National Stadium, Mirpur",1,17.4,Dhaka Gladiators,Chittagong Kings,DI Stevens,Shakib Al Hasan,RN ten Doeschate,1,0,,,,,,,,,
599906,2012/13,2013-02-14,"Shere Bangla National Stadium, Mirpur",1,17.5,Dhaka Gladiators,Chittagong Kings,Shakib Al Hasan,DI Stevens,RN ten Doeschate,0,0,,,,,,,,,
599906,2012/13,2013-02-14,"Shere Bangla National Stadium, Mirpur",1,17.6,Dhaka Gladiators,Chittagong Kings,Shakib Al Hasan,DI Stevens,RN ten Doeschate,4,0,,,,,,,,,
599906,2012/13,2013-02-14,"Shere Bangla National Stadium, Mirpur",1,17.7,Dhaka Gladiators,Chittagong Kings,Shakib Al Hasan,DI Stevens,RN ten Doeschate,2,0,,,,,,,,,
599906,2012/13,2013-02-14,"Shere Bangla National Stadium, Mirpur",1,18.1,Dhaka Gladiators,Chittagong Kings,DI Stevens,Shakib Al Hasan,Rubel Hossain,1,0,,,,,,,,,
599906,2012/13,2013-02-14,"Shere Bangla National Stadium, Mirpur",1,18.2,Dhaka Gladiators,Chittagong Kings,Shakib Al Hasan,DI Stevens,Rubel Hossain,1,0,,,,,,,,,
599906,2012/13,2013-02-14,"Shere Bangla National Stadium, Mirpur",1,18.3,Dhaka Gladiators,Chittagong Kings,DI Stevens,Shakib Al Hasan,Rubel Hossain,0,0,,,,,,,,,
599906,2012/13,2013-02-14,"Shere Bangla National Stadium, Mirpur",1,18.4,Dhaka Gladiators,Chittagong Kings,DI Stevens,Shakib Al Hasan,Rubel Hossain,1,0,,,,,,,,,
599906,2012/13,2013-02-14,"Shere Bangla National Stadium, Mirpur",1,18.5,Dhaka Gladiators,Chittagong Kings,Shakib Al Hasan,DI Stevens,Rubel Hossain,4,0,,,,,,,,,
599906,2012/13,2013-02-14,"Shere Bangla National Stadium, Mirpur",1,18.6,Dhaka Gladiators,Chittagong Kings,Shakib Al Hasan,DI Stevens,Rubel Hossain,0,0,,,,,,,,,
599906,2012/13,2013-02-14,"Shere Bangla National Stadium, Mirpur",1,19.1,Dhaka Gladiators,Chittagong Kings,DI Stevens,Shakib Al Hasan,Taskin Ahmed,0,0,,,,,,bowled,DI Stevens,,
599906,2012/13,2013-02-14,"Shere Bangla National Stadium, Mirpur",1,19.2,Dhaka Gladiators,Chittagong Kings,Mashrafe Mortaza,Shakib Al Hasan,Taskin Ahmed,0,1,,,1,,,,,,
599906,2012/13,2013-02-14,"Shere Bangla National Stadium, Mirpur",1,19.3,Dhaka Gladiators,Chittagong Kings,Shakib Al Hasan,Mashrafe Mortaza,Taskin Ahmed,4,0,,,,,,,,,
599906,2012/13,2013-02-14,"Shere Bangla National Stadium, Mirpur",1,19.4,Dhaka Gladiators,Chittagong Kings,Shakib Al Hasan,Mashrafe Mortaza,Taskin Ahmed,1,0,,,,,,,,,
599906,2012/13,2013-02-14,"Shere Bangla National Stadium, Mirpur",1,19.5,Dhaka Gladiators,Chittagong Kings,Mashrafe Mortaza,Shakib Al Hasan,Taskin Ahmed,0,0,,,,,,run out,Mashrafe Mortaza,,
599906,2012/13,2013-02-14,"Shere Bangla National Stadium, Mirpur",1,19.6,Dhaka Gladiators,Chittagong Kings,Shakib Al Hasan,Raqibul Hasan,Taskin Ahmed,0,5,5,,,,,,,,
599906,2012/13,2013-02-14,"Shere Bangla National Stadium, Mirpur",1,19.7,Dhaka Gladiators,Chittagong Kings,Shakib Al Hasan,Raqibul Hasan,Taskin Ahmed,1,0,,,,,,run out,Raqibul Hasan,,
599906,2012/13,2013-02-14,"Shere Bangla National Stadium, Mirpur",2,0.1,Chittagong Kings,Dhaka Gladiators,JJ Roy,Nurul Hasan,Mashrafe Mortaza,0,0,,,,,,,,,
599906,2012/13,2013-02-14,"Shere Bangla National Stadium, Mirpur",2,0.2,Chittagong Kings,Dhaka Gladiators,JJ Roy,Nurul Hasan,Mashrafe Mortaza,0,0,,,,,,,,,
599906,2012/13,2013-02-14,"Shere Bangla National Stadium, Mirpur",2,0.3,Chittagong Kings,Dhaka Gladiators,JJ Roy,Nurul Hasan,Mashrafe Mortaza,0,0,,,,,,,,,
599906,2012/13,2013-02-14,"Shere Bangla National Stadium, Mirpur",2,0.4,Chittagong Kings,Dhaka Gladiators,JJ Roy,Nurul Hasan,Mashrafe Mortaza,0,0,,,,,,,,,
599906,2012/13,2013-02-14,"Shere Bangla National Stadium, Mirpur",2,0.5,Chittagong Kings,Dhaka Gladiators,JJ Roy,Nurul Hasan,Mashrafe Mortaza,0,0,,,,,,,,,
599906,2012/13,2013-02-14,"Shere Bangla National Stadium, Mirpur",2,0.6,Chittagong Kings,Dhaka Gladiators,JJ Roy,Nurul Hasan,Mashrafe Mortaza,1,0,,,,,,,,,
599906,2012/13,2013-02-14,"Shere Bangla National Stadium, Mirpur",2,1.1,Chittagong Kings,Dhaka Gladiators,JJ Roy,Nurul Hasan,AC Thomas,0,0,,,,,,,,,
599906,2012/13,2013-02-14,"Shere Bangla National Stadium, Mirpur",2,1.2,Chittagong Kings,Dhaka Gladiators,JJ Roy,Nurul Hasan,AC Thomas,0,5,5,,,,,,,,
599906,2012/13,2013-02-14,"Shere Bangla National Stadium, Mirpur",2,1.3,Chittagong Kings,Dhaka Gladiators,JJ Roy,Nurul Hasan,AC Thomas,0,0,,,,,,,,,
599906,2012/13,2013-02-14,"Shere Bangla National Stadium, Mirpur",2,1.4,Chittagong Kings,Dhaka Gladiators,JJ Roy,Nurul Hasan,AC Thomas,0,0,,,,,,,,,
599906,2012/13,2013-02-14,"Shere Bangla National Stadium, Mirpur",2,1.5,Chittagong Kings,Dhaka Gladiators,JJ Roy,Nurul Hasan,AC Thomas,0,0,,,,,,,,,
599906,2012/13,2013-02-14,"Shere Bangla National Stadium, Mirpur",2,1.6,Chittagong Kings,Dhaka Gladiators,JJ Roy,Nurul Hasan,AC Thomas,0,0,,,,,,,,,
599906,2012/13,2013-02-14,"Shere Bangla National Stadium, Mirpur",2,1.7,Chittagong Kings,Dhaka Gladiators,JJ Roy,Nurul Hasan,AC Thomas,6,0,,,,,,,,,
599906,2012/13,2013-02-14,"Shere Bangla National Stadium, Mirpur",2,2.1,Chittagong Kings,Dhaka Gladiators,Nurul Hasan,JJ Roy,Mashrafe Mortaza,4,0,,,,,,,,,
599906,2012/13,2013-02-14,"Shere Bangla National Stadium, Mirpur",2,2.2,Chittagong Kings,Dhaka Gladiators,Nurul Hasan,JJ Roy,Mashrafe Mortaza,1,0,,,,,,,,,
599906,2012/13,2013-02-14,"Shere Bangla National Stadium, Mirpur",2,2.3,Chittagong Kings,Dhaka Gladiators,JJ Roy,Nurul Hasan,Mashrafe Mortaza,1,0,,,,,,,,,
599906,2012/13,2013-02-14,"Shere Bangla National Stadium, Mirpur",2,2.4,Chittagong Kings,Dhaka Gladiators,Nurul Hasan,JJ Roy,Mashrafe Mortaza,1,0,,,,,,,,,
599906,2012/13,2013-02-14,"Shere Bangla National Stadium, Mirpur",2,2.5,Chittagong Kings,Dhaka Gladiators,JJ Roy,Nurul Hasan,Mashrafe Mortaza,1,0,,,,,,,,,
599906,2012/13,2013-02-14,"Shere Bangla National Stadium, Mirpur",2,2.6,Chittagong Kings,Dhaka Gladiators,Nurul Hasan,JJ Roy,Mashrafe Mortaza,0,0,,,,,,,,,
599906,2012/13,2013-02-14,"Shere Bangla National Stadium, Mirpur",2,3.1,Chittagong Kings,Dhaka Gladiators,JJ Roy,Nurul Hasan,Shakib Al Hasan,0,0,,,,,,bowled,JJ Roy,,
599906,2012/13,2013-02-14,"Shere Bangla National Stadium, Mirpur",2,3.2,Chittagong Kings,Dhaka Gladiators,Marshall Ayub,Nurul Hasan,Shakib Al Hasan,1,0,,,,,,,,,
599906,2012/13,2013-02-14,"Shere Bangla National Stadium, Mirpur",2,3.3,Chittagong Kings,Dhaka Gladiators,Nurul Hasan,Marshall Ayub,Shakib Al Hasan,0,0,,,,,,,,,
599906,2012/13,2013-02-14,"Shere Bangla National Stadium, Mirpur",2,3.4,Chittagong Kings,Dhaka Gladiators,Nurul Hasan,Marshall Ayub,Shakib Al Hasan,0,0,,,,,,,,,
599906,2012/13,2013-02-14,"Shere Bangla National Stadium, Mirpur",2,3.5,Chittagong Kings,Dhaka Gladiators,Nurul Hasan,Marshall Ayub,Shakib Al Hasan,0,0,,,,,,,,,
599906,2012/13,2013-02-14,"Shere Bangla National Stadium, Mirpur",2,3.6,Chittagong Kings,Dhaka Gladiators,Nurul Hasan,Marshall Ayub,Shakib Al Hasan,6,0,,,,,,,,,
599906,2012/13,2013-02-14,"Shere Bangla National Stadium, Mirpur",2,4.1,Chittagong Kings,Dhaka Gladiators,Marshall Ayub,Nurul Hasan,Mashrafe Mortaza,0,0,,,,,,,,,
599906,2012/13,2013-02-14,"Shere Bangla National Stadium, Mirpur",2,4.2,Chittagong Kings,Dhaka Gladiators,Marshall Ayub,Nurul Hasan,Mashrafe Mortaza,0,0,,,,,,,,,
599906,2012/13,2013-02-14,"Shere Bangla National Stadium, Mirpur",2,4.3,Chittagong Kings,Dhaka Gladiators,Marshall Ayub,Nurul Hasan,Mashrafe Mortaza,0,0,,,,,,,,,
599906,2012/13,2013-02-14,"Shere Bangla National Stadium, Mirpur",2,4.4,Chittagong Kings,Dhaka Gladiators,Marshall Ayub,Nurul Hasan,Mashrafe Mortaza,1,0,,,,,,,,,
599906,2012/13,2013-02-14,"Shere Bangla National Stadium, Mirpur",2,4.5,Chittagong Kings,Dhaka Gladiators,Nurul Hasan,Marshall Ayub,Mashrafe Mortaza,4,0,,,,,,,,,
599906,2012/13,2013-02-14,"Shere Bangla National Stadium, Mirpur",2,4.6,Chittagong Kings,Dhaka Gladiators,Nurul Hasan,Marshall Ayub,Mashrafe Mortaza,0,0,,,,,,,,,
599906,2012/13,2013-02-14,"Shere Bangla National Stadium, Mirpur",2,5.1,Chittagong Kings,Dhaka Gladiators,Marshall Ayub,Nurul Hasan,Shakib Al Hasan,4,0,,,,,,,,,
599906,2012/13,2013-02-14,"Shere Bangla National Stadium, Mirpur",2,5.2,Chittagong Kings,Dhaka Gladiators,Marshall Ayub,Nurul Hasan,Shakib Al Hasan,0,0,,,,,,,,,
599906,2012/13,2013-02-14,"Shere Bangla National Stadium, Mirpur",2,5.3,Chittagong Kings,Dhaka Gladiators,Marshall Ayub,Nurul Hasan,Shakib Al Hasan,0,0,,,,,,,,,
599906,2012/13,2013-02-14,"Shere Bangla National Stadium, Mirpur",2,5.4,Chittagong Kings,Dhaka Gladiators,Marshall Ayub,Nurul Hasan,Shakib Al Hasan,1,0,,,,,,,,,
599906,2012/13,2013-02-14,"Shere Bangla National Stadium, Mirpur",2,5.5,Chittagong Kings,Dhaka Gladiators,Nurul Hasan,Marshall Ayub,Shakib Al Hasan,0,0,,,,,,,,,
599906,2012/13,2013-02-14,"Shere Bangla National Stadium, Mirpur",2,5.6,Chittagong Kings,Dhaka Gladiators,Nurul Hasan,Marshall Ayub,Shakib Al Hasan,0,0,,,,,,,,,
599906,2012/13,2013-02-14,"Shere Bangla National Stadium, Mirpur",2,6.1,Chittagong Kings,Dhaka Gladiators,Marshall Ayub,Nurul Hasan,DI Stevens,0,0,,,,,,,,,
599906,2012/13,2013-02-14,"Shere Bangla National Stadium, Mirpur",2,6.2,Chittagong Kings,Dhaka Gladiators,Marshall Ayub,Nurul Hasan,DI Stevens,1,0,,,,,,,,,
599906,2012/13,2013-02-14,"Shere Bangla National Stadium, Mirpur",2,6.3,Chittagong Kings,Dhaka Gladiators,Nurul Hasan,Marshall Ayub,DI Stevens,1,0,,,,,,,,,
599906,2012/13,2013-02-14,"Shere Bangla National Stadium, Mirpur",2,6.4,Chittagong Kings,Dhaka Gladiators,Marshall Ayub,Nurul Hasan,DI Stevens,2,0,,,,,,,,,
599906,2012/13,2013-02-14,"Shere Bangla National Stadium, Mirpur",2,6.5,Chittagong Kings,Dhaka Gladiators,Marshall Ayub,Nurul Hasan,DI Stevens,4,0,,,,,,,,,
599906,2012/13,2013-02-14,"Shere Bangla National Stadium, Mirpur",2,6.6,Chittagong Kings,Dhaka Gladiators,Marshall Ayub,Nurul Hasan,DI Stevens,2,0,,,,,,,,,
599906,2012/13,2013-02-14,"Shere Bangla National Stadium, Mirpur",2,7.1,Chittagong Kings,Dhaka Gladiators,Nurul Hasan,Marshall Ayub,CJ Liddle,1,0,,,,,,,,,
599906,2012/13,2013-02-14,"Shere Bangla National Stadium, Mirpur",2,7.2,Chittagong Kings,Dhaka Gladiators,Marshall Ayub,Nurul Hasan,CJ Liddle,1,0,,,,,,,,,
599906,2012/13,2013-02-14,"Shere Bangla National Stadium, Mirpur",2,7.3,Chittagong Kings,Dhaka Gladiators,Nurul Hasan,Marshall Ayub,CJ Liddle,2,0,,,,,,,,,
599906,2012/13,2013-02-14,"Shere Bangla National Stadium, Mirpur",2,7.4,Chittagong Kings,Dhaka Gladiators,Nurul Hasan,Marshall Ayub,CJ Liddle,1,0,,,,,,,,,
599906,2012/13,2013-02-14,"Shere Bangla National Stadium, Mirpur",2,7.5,Chittagong Kings,Dhaka Gladiators,Marshall Ayub,Nurul Hasan,CJ Liddle,0,0,,,,,,,,,
599906,2012/13,2013-02-14,"Shere Bangla National Stadium, Mirpur",2,7.6,Chittagong Kings,Dhaka Gladiators,Marshall Ayub,Nurul Hasan,CJ Liddle,4,0,,,,,,,,,
599906,2012/13,2013-02-14,"Shere Bangla National Stadium, Mirpur",2,8.1,Chittagong Kings,Dhaka Gladiators,Nurul Hasan,Marshall Ayub,Mosharraf Hossain,1,0,,,,,,,,,
599906,2012/13,2013-02-14,"Shere Bangla National Stadium, Mirpur",2,8.2,Chittagong Kings,Dhaka Gladiators,Marshall Ayub,Nurul Hasan,Mosharraf Hossain,1,0,,,,,,,,,
599906,2012/13,2013-02-14,"Shere Bangla National Stadium, Mirpur",2,8.3,Chittagong Kings,Dhaka Gladiators,Nurul Hasan,Marshall Ayub,Mosharraf Hossain,0,4,,,4,,,,,,
599906,2012/13,2013-02-14,"Shere Bangla National Stadium, Mirpur",2,8.4,Chittagong Kings,Dhaka Gladiators,Nurul Hasan,Marshall Ayub,Mosharraf Hossain,0,0,,,,,,,,,
599906,2012/13,2013-02-14,"Shere Bangla National Stadium, Mirpur",2,8.5,Chittagong Kings,Dhaka Gladiators,Nurul Hasan,Marshall Ayub,Mosharraf Hossain,1,0,,,,,,,,,
599906,2012/13,2013-02-14,"Shere Bangla National Stadium, Mirpur",2,8.6,Chittagong Kings,Dhaka Gladiators,Marshall Ayub,Nurul Hasan,Mosharraf Hossain,0,1,,,,1,,,,,
599906,2012/13,2013-02-14,"Shere Bangla National Stadium, Mirpur",2,9.1,Chittagong Kings,Dhaka Gladiators,Marshall Ayub,Nurul Hasan,CJ Liddle,4,0,,,,,,,,,
599906,2012/13,2013-02-14,"Shere Bangla National Stadium, Mirpur",2,9.2,Chittagong Kings,Dhaka Gladiators,Marshall Ayub,Nurul Hasan,CJ Liddle,0,0,,,,,,,,,
599906,2012/13,2013-02-14,"Shere Bangla National Stadium, Mirpur",2,9.3,Chittagong Kings,Dhaka Gladiators,Marshall Ayub,Nurul Hasan,CJ Liddle,1,0,,,,,,,,,
599906,2012/13,2013-02-14,"Shere Bangla National Stadium, Mirpur",2,9.4,Chittagong Kings,Dhaka Gladiators,Nurul Hasan,Marshall Ayub,CJ Liddle,4,0,,,,,,,,,
599906,2012/13,2013-02-14,"Shere Bangla National Stadium, Mirpur",2,9.5,Chittagong Kings,Dhaka Gladiators,Nurul Hasan,Marshall Ayub,CJ Liddle,4,0,,,,,,,,,
599906,2012/13,2013-02-14,"Shere Bangla National Stadium, Mirpur",2,9.6,Chittagong Kings,Dhaka Gladiators,Nurul Hasan,Marshall Ayub,CJ Liddle,4,0,,,,,,,,,
599906,2012/13,2013-02-14,"Shere Bangla National Stadium, Mirpur",2,10.1,Chittagong Kings,Dhaka Gladiators,Marshall Ayub,Nurul Hasan,AC Thomas,0,0,,,,,,,,,
599906,2012/13,2013-02-14,"Shere Bangla National Stadium, Mirpur",2,10.2,Chittagong Kings,Dhaka Gladiators,Marshall Ayub,Nurul Hasan,AC Thomas,4,0,,,,,,,,,
599906,2012/13,2013-02-14,"Shere Bangla National Stadium, Mirpur",2,10.3,Chittagong Kings,Dhaka Gladiators,Marshall Ayub,Nurul Hasan,AC Thomas,1,0,,,,,,,,,
599906,2012/13,2013-02-14,"Shere Bangla National Stadium, Mirpur",2,10.4,Chittagong Kings,Dhaka Gladiators,Nurul Hasan,Marshall Ayub,AC Thomas,0,0,,,,,,,,,
599906,2012/13,2013-02-14,"Shere Bangla National Stadium, Mirpur",2,10.5,Chittagong Kings,Dhaka Gladiators,Nurul Hasan,Marshall Ayub,AC Thomas,0,0,,,,,,,,,
599906,2012/13,2013-02-14,"Shere Bangla National Stadium, Mirpur",2,10.6,Chittagong Kings,Dhaka Gladiators,Nurul Hasan,Marshall Ayub,AC Thomas,6,0,,,,,,,,,
599906,2012/13,2013-02-14,"Shere Bangla National Stadium, Mirpur",2,11.1,Chittagong Kings,Dhaka Gladiators,Marshall Ayub,Nurul Hasan,Mosharraf Hossain,0,0,,,,,,bowled,Marshall Ayub,,
599906,2012/13,2013-02-14,"Shere Bangla National Stadium, Mirpur",2,11.2,Chittagong Kings,Dhaka Gladiators,RN ten Doeschate,Nurul Hasan,Mosharraf Hossain,0,0,,,,,,,,,
599906,2012/13,2013-02-14,"Shere Bangla National Stadium, Mirpur",2,11.3,Chittagong Kings,Dhaka Gladiators,RN ten Doeschate,Nurul Hasan,Mosharraf Hossain,0,0,,,,,,,,,
599906,2012/13,2013-02-14,"Shere Bangla National Stadium, Mirpur",2,11.4,Chittagong Kings,Dhaka Gladiators,RN ten Doeschate,Nurul Hasan,Mosharraf Hossain,1,0,,,,,,,,,
599906,2012/13,2013-02-14,"Shere Bangla National Stadium, Mirpur",2,11.5,Chittagong Kings,Dhaka Gladiators,Nurul Hasan,RN ten Doeschate,Mosharraf Hossain,1,0,,,,,,,,,
599906,2012/13,2013-02-14,"Shere Bangla National Stadium, Mirpur",2,11.6,Chittagong Kings,Dhaka Gladiators,RN ten Doeschate,Nurul Hasan,Mosharraf Hossain,1,0,,,,,,,,,
599906,2012/13,2013-02-14,"Shere Bangla National Stadium, Mirpur",2,12.1,Chittagong Kings,Dhaka Gladiators,RN ten Doeschate,Nurul Hasan,TM Dilshan,1,0,,,,,,,,,
599906,2012/13,2013-02-14,"Shere Bangla National Stadium, Mirpur",2,12.2,Chittagong Kings,Dhaka Gladiators,Nurul Hasan,RN ten Doeschate,TM Dilshan,1,0,,,,,,,,,
599906,2012/13,2013-02-14,"Shere Bangla National Stadium, Mirpur",2,12.3,Chittagong Kings,Dhaka Gladiators,RN ten Doeschate,Nurul Hasan,TM Dilshan,1,0,,,,,,,,,
599906,2012/13,2013-02-14,"Shere Bangla National Stadium, Mirpur",2,12.4,Chittagong Kings,Dhaka Gladiators,Nurul Hasan,RN ten Doeschate,TM Dilshan,0,0,,,,,,,,,
599906,2012/13,2013-02-14,"Shere Bangla National Stadium, Mirpur",2,12.5,Chittagong Kings,Dhaka Gladiators,Nurul Hasan,RN ten Doeschate,TM Dilshan,0,0,,,,,,bowled,Nurul Hasan,,
599906,2012/13,2013-02-14,"Shere Bangla National Stadium, Mirpur",2,12.6,Chittagong Kings,Dhaka Gladiators,Ariful Haque,RN ten Doeschate,TM Dilshan,1,0,,,,,,,,,
599906,2012/13,2013-02-14,"Shere Bangla National Stadium, Mirpur",2,13.1,Chittagong Kings,Dhaka Gladiators,Ariful Haque,RN ten Doeschate,Mosharraf Hossain,0,2,2,,,,,,,,
599906,2012/13,2013-02-14,"Shere Bangla National Stadium, Mirpur",2,13.2,Chittagong Kings,Dhaka Gladiators,RN ten Doeschate,Ariful Haque,Mosharraf Hossain,0,0,,,,,,,,,
599906,2012/13,2013-02-14,"Shere Bangla National Stadium, Mirpur",2,13.3,Chittagong Kings,Dhaka Gladiators,RN ten Doeschate,Ariful Haque,Mosharraf Hossain,2,0,,,,,,,,,
599906,2012/13,2013-02-14,"Shere Bangla National Stadium, Mirpur",2,13.4,Chittagong Kings,Dhaka Gladiators,RN ten Doeschate,Ariful Haque,Mosharraf Hossain,0,0,,,,,,caught,RN ten Doeschate,,
599906,2012/13,2013-02-14,"Shere Bangla National Stadium, Mirpur",2,13.5,Chittagong Kings,Dhaka Gladiators,Ariful Haque,Aftab Ahmed,Mosharraf Hossain,0,0,,,,,,,,,
599906,2012/13,2013-02-14,"Shere Bangla National Stadium, Mirpur",2,13.6,Chittagong Kings,Dhaka Gladiators,Ariful Haque,Aftab Ahmed,Mosharraf Hossain,1,0,,,,,,,,,
599906,2012/13,2013-02-14,"Shere Bangla National Stadium, Mirpur",2,13.7,Chittagong Kings,Dhaka Gladiators,Aftab Ahmed,Ariful Haque,Mosharraf Hossain,1,0,,,,,,,,,
599906,2012/13,2013-02-14,"Shere Bangla National Stadium, Mirpur",2,14.1,Chittagong Kings,Dhaka Gladiators,Aftab Ahmed,Ariful Haque,TM Dilshan,1,0,,,,,,,,,
599906,2012/13,2013-02-14,"Shere Bangla National Stadium, Mirpur",2,14.2,Chittagong Kings,Dhaka Gladiators,Ariful Haque,Aftab Ahmed,TM Dilshan,1,0,,,,,,,,,
599906,2012/13,2013-02-14,"Shere Bangla National Stadium, Mirpur",2,14.3,Chittagong Kings,Dhaka Gladiators,Aftab Ahmed,Ariful Haque,TM Dilshan,0,0,,,,,,,,,
599906,2012/13,2013-02-14,"Shere Bangla National Stadium, Mirpur",2,14.4,Chittagong Kings,Dhaka Gladiators,Aftab Ahmed,Ariful Haque,TM Dilshan,0,0,,,,,,,,,
599906,2012/13,2013-02-14,"Shere Bangla National Stadium, Mirpur",2,14.5,Chittagong Kings,Dhaka Gladiators,Aftab Ahmed,Ariful Haque,TM Dilshan,0,0,,,,,,,,,
599906,2012/13,2013-02-14,"Shere Bangla National Stadium, Mirpur",2,14.6,Chittagong Kings,Dhaka Gladiators,Aftab Ahmed,Ariful Haque,TM Dilshan,0,0,,,,,,caught,Aftab Ahmed,,
599906,2012/13,2013-02-14,"Shere Bangla National Stadium, Mirpur",2,15.1,Chittagong Kings,Dhaka Gladiators,Ariful Haque,Mehrab Hossain jnr,Mosharraf Hossain,0,0,,,,,,,,,
599906,2012/13,2013-02-14,"Shere Bangla National Stadium, Mirpur",2,15.2,Chittagong Kings,Dhaka Gladiators,Ariful Haque,Mehrab Hossain jnr,Mosharraf Hossain,3,0,,,,,,,,,
599906,2012/13,2013-02-14,"Shere Bangla National Stadium, Mirpur",2,15.3,Chittagong Kings,Dhaka Gladiators,Mehrab Hossain jnr,Ariful Haque,Mosharraf Hossain,2,0,,,,,,,,,
599906,2012/13,2013-02-14,"Shere Bangla National Stadium, Mirpur",2,15.4,Chittagong Kings,Dhaka Gladiators,Mehrab Hossain jnr,Ariful Haque,Mosharraf Hossain,0,0,,,,,,,,,
599906,2012/13,2013-02-14,"Shere Bangla National Stadium, Mirpur",2,15.5,Chittagong Kings,Dhaka Gladiators,Mehrab Hossain jnr,Ariful Haque,Mosharraf Hossain,1,0,,,,,,,,,
599906,2012/13,2013-02-14,"Shere Bangla National Stadium, Mirpur",2,15.6,Chittagong Kings,Dhaka Gladiators,Ariful Haque,Mehrab Hossain jnr,Mosharraf Hossain,1,0,,,,,,,,,
599906,2012/13,2013-02-14,"Shere Bangla National Stadium, Mirpur",2,16.1,Chittagong Kings,Dhaka Gladiators,Ariful Haque,Mehrab Hossain jnr,Shakib Al Hasan,4,0,,,,,,,,,
599906,2012/13,2013-02-14,"Shere Bangla National Stadium, Mirpur",2,16.2,Chittagong Kings,Dhaka Gladiators,Ariful Haque,Mehrab Hossain jnr,Shakib Al Hasan,0,0,,,,,,,,,
599906,2012/13,2013-02-14,"Shere Bangla National Stadium, Mirpur",2,16.3,Chittagong Kings,Dhaka Gladiators,Ariful Haque,Mehrab Hossain jnr,Shakib Al Hasan,0,0,,,,,,,,,
599906,2012/13,2013-02-14,"Shere Bangla National Stadium, Mirpur",2,16.4,Chittagong Kings,Dhaka Gladiators,Ariful Haque,Mehrab Hossain jnr,Shakib Al Hasan,6,0,,,,,,,,,
599906,2012/13,2013-02-14,"Shere Bangla National Stadium, Mirpur",2,16.5,Chittagong Kings,Dhaka Gladiators,Ariful Haque,Mehrab Hossain jnr,Shakib Al Hasan,0,0,,,,,,,,,
599906,2012/13,2013-02-14,"Shere Bangla National Stadium, Mirpur",2,16.6,Chittagong Kings,Dhaka Gladiators,Ariful Haque,Mehrab Hossain jnr,Shakib Al Hasan,0,0,,,,,,,,,
599906,2012/13,2013-02-14,"Shere Bangla National Stadium, Mirpur",2,17.1,Chittagong Kings,Dhaka Gladiators,Mehrab Hossain jnr,Ariful Haque,AC Thomas,1,0,,,,,,,,,
599906,2012/13,2013-02-14,"Shere Bangla National Stadium, Mirpur",2,17.2,Chittagong Kings,Dhaka Gladiators,Ariful Haque,Mehrab Hossain jnr,AC Thomas,1,0,,,,,,,,,
599906,2012/13,2013-02-14,"Shere Bangla National Stadium, Mirpur",2,17.3,Chittagong Kings,Dhaka Gladiators,Mehrab Hossain jnr,Ariful Haque,AC Thomas,2,0,,,,,,,,,
599906,2012/13,2013-02-14,"Shere Bangla National Stadium, Mirpur",2,17.4,Chittagong Kings,Dhaka Gladiators,Mehrab Hossain jnr,Ariful Haque,AC Thomas,0,0,,,,,,bowled,Mehrab Hossain jnr,,
599906,2012/13,2013-02-14,"Shere Bangla National Stadium, Mirpur",2,17.5,Chittagong Kings,Dhaka Gladiators,Taskin Ahmed,Ariful Haque,AC Thomas,0,0,,,,,,bowled,Taskin Ahmed,,
599906,2012/13,2013-02-14,"Shere Bangla National Stadium, Mirpur",2,17.6,Chittagong Kings,Dhaka Gladiators,Rubel Hossain,Ariful Haque,AC Thomas,0,0,,,,,,,,,
599906,2012/13,2013-02-14,"Shere Bangla National Stadium, Mirpur",2,18.1,Chittagong Kings,Dhaka Gladiators,Ariful Haque,Rubel Hossain,Shakib Al Hasan,1,0,,,,,,run out,Rubel Hossain,,
599906,2012/13,2013-02-14,"Shere Bangla National Stadium, Mirpur",2,18.2,Chittagong Kings,Dhaka Gladiators,Ariful Haque,Arafat Sunny,Shakib Al Hasan,0,0,,,,,,,,,
599906,2012/13,2013-02-14,"Shere Bangla National Stadium, Mirpur",2,18.3,Chittagong Kings,Dhaka Gladiators,Ariful Haque,Arafat Sunny,Shakib Al Hasan,0,0,,,,,,caught,Ariful Haque,,
599906,2012/13,2013-02-14,"Shere Bangla National Stadium, Mirpur",2,18.4,Chittagong Kings,Dhaka Gladiators,Arafat Sunny,Enamul Haque jnr,Shakib Al Hasan,0,0,,,,,,,,,
599906,2012/13,2013-02-14,"Shere Bangla National Stadium, Mirpur",2,18.5,Chittagong Kings,Dhaka Gladiators,Arafat Sunny,Enamul Haque jnr,Shakib Al Hasan,1,0,,,,,,,,,
599906,2012/13,2013-02-14,"Shere Bangla National Stadium, Mirpur",2,18.6,Chittagong Kings,Dhaka Gladiators,Enamul Haque jnr,Arafat Sunny,Shakib Al Hasan,1,0,,,,,,,,,
599906,2012/13,2013-02-14,"Shere Bangla National Stadium, Mirpur",2,19.1,Chittagong Kings,Dhaka Gladiators,Enamul Haque jnr,Arafat Sunny,AC Thomas,1,0,,,,,,,,,
599906,2012/13,2013-02-14,"Shere Bangla National Stadium, Mirpur",2,19.2,Chittagong Kings,Dhaka Gladiators,Arafat Sunny,Enamul Haque jnr,AC Thomas,1,0,,,,,,,,,
599906,2012/13,2013-02-14,"Shere Bangla National Stadium, Mirpur",2,19.3,Chittagong Kings,Dhaka Gladiators,Enamul Haque jnr,Arafat Sunny,AC Thomas,0,0,,,,,,,,,
599906,2012/13,2013-02-14,"Shere Bangla National Stadium, Mirpur",2,19.4,Chittagong Kings,Dhaka Gladiators,Enamul Haque jnr,Arafat Sunny,AC Thomas,1,0,,,,,,,,,
599906,2012/13,2013-02-14,"Shere Bangla National Stadium, Mirpur",2,19.5,Chittagong Kings,Dhaka Gladiators,Arafat Sunny,Enamul Haque jnr,AC Thomas,4,0,,,,,,,,,
599906,2012/13,2013-02-14,"Shere Bangla National Stadium, Mirpur",2,19.6,Chittagong Kings,Dhaka Gladiators,Arafat Sunny,Enamul Haque jnr,AC Thomas,1,0,,,,,,,,,
