match_id,season,start_date,venue,innings,ball,batting_team,bowling_team,striker,non_striker,bowler,runs_off_bat,extras,wides,noballs,byes,legbyes,penalty,wicket_type,player_dismissed,other_wicket_type,other_player_dismissed
935343,2015/16,2015-12-12,"Shere Bangla National Stadium, Mirpur",1,0.1,Comilla Victorians,Rangpur Riders,Imrul Kayes,Liton Das,DJG Sammy,0,0,,,,,,,,,
935343,2015/16,2015-12-12,"Shere Bangla National Stadium, Mirpur",1,0.2,Comilla Victorians,Rangpur Riders,Imrul Kayes,Liton Das,DJG Sammy,1,0,,,,,,,,,
935343,2015/16,2015-12-12,"Shere Bangla National Stadium, Mirpur",1,0.3,Comilla Victorians,Rangpur Riders,Liton Das,Imrul Kayes,DJG Sammy,0,0,,,,,,,,,
935343,2015/16,2015-12-12,"Shere Bangla National Stadium, Mirpur",1,0.4,Comilla Victorians,Rangpur Riders,Liton Das,Imrul Kayes,DJG Sammy,0,0,,,,,,,,,
935343,2015/16,2015-12-12,"Shere Bangla National Stadium, Mirpur",1,0.5,Comilla Victorians,Rangpur Riders,Liton Das,Imrul Kayes,DJG Sammy,1,0,,,,,,,,,
935343,2015/16,2015-12-12,"Shere Bangla National Stadium, Mirpur",1,0.6,Comilla Victorians,Rangpur Riders,Imrul Kayes,Liton Das,DJG Sammy,0,1,1,,,,,,,,
935343,2015/16,2015-12-12,"Shere Bangla National Stadium, Mirpur",1,0.7,Comilla Victorians,Rangpur Riders,Imrul Kayes,Liton Das,DJG Sammy,2,0,,,,,,,,,
935343,2015/16,2015-12-12,"Shere Bangla National Stadium, Mirpur",1,1.1,Comilla Victorians,Rangpur Riders,Liton Das,Imrul Kayes,Mohammad Nabi,0,0,,,,,,,,,
935343,2015/16,2015-12-12,"Shere Bangla National Stadium, Mirpur",1,1.2,Comilla Victorians,Rangpur Riders,Liton Das,Imrul Kayes,Mohammad Nabi,0,0,,,,,,,,,
935343,2015/16,2015-12-12,"Shere Bangla National Stadium, Mirpur",1,1.3,Comilla Victorians,Rangpur Riders,Liton Das,Imrul Kayes,Mohammad Nabi,1,0,,,,,,,,,
935343,2015/16,2015-12-12,"Shere Bangla National Stadium, Mirpur",1,1.4,Comilla Victorians,Rangpur Riders,Imrul Kayes,Liton Das,Mohammad Nabi,0,0,,,,,,,,,
935343,2015/16,2015-12-12,"Shere Bangla National Stadium, Mirpur",1,1.5,Comilla Victorians,Rangpur Riders,Imrul Kayes,Liton Das,Mohammad Nabi,2,0,,,,,,,,,
935343,2015/16,2015-12-12,"Shere Bangla National Stadium, Mirpur",1,1.6,Comilla Victorians,Rangpur Riders,Imrul Kayes,Liton Das,Mohammad Nabi,0,0,,,,,,,,,
935343,2015/16,2015-12-12,"Shere Bangla National Stadium, Mirpur",1,2.1,Comilla Victorians,Rangpur Riders,Liton Das,Imrul Kayes,Arafat Sunny,0,0,,,,,,,,,
935343,2015/16,2015-12-12,"Shere Bangla National Stadium, Mirpur",1,2.2,Comilla Victorians,Rangpur Riders,Liton Das,Imrul Kayes,Arafat Sunny,0,0,,,,,,,,,
935343,2015/16,2015-12-12,"Shere Bangla National Stadium, Mirpur",1,2.3,Comilla Victorians,Rangpur Riders,Liton Das,Imrul Kayes,Arafat Sunny,0,0,,,,,,,,,
935343,2015/16,2015-12-12,"Shere Bangla National Stadium, Mirpur",1,2.4,Comilla Victorians,Rangpur Riders,Liton Das,Imrul Kayes,Arafat Sunny,2,0,,,,,,,,,
935343,2015/16,2015-12-12,"Shere Bangla National Stadium, Mirpur",1,2.5,Comilla Victorians,Rangpur Riders,Liton Das,Imrul Kayes,Arafat Sunny,1,0,,,,,,,,,
935343,2015/16,2015-12-12,"Shere Bangla National Stadium, Mirpur",1,2.6,Comilla Victorians,Rangpur Riders,Imrul Kayes,Liton Das,Arafat Sunny,4,0,,,,,,,,,
935343,2015/16,2015-12-12,"Shere Bangla National Stadium, Mirpur",1,3.1,Comilla Victorians,Rangpur Riders,Liton Das,Imrul Kayes,Mohammad Nabi,0,0,,,,,,,,,
935343,2015/16,2015-12-12,"Shere Bangla National Stadium, Mirpur",1,3.2,Comilla Victorians,Rangpur Riders,Liton Das,Imrul Kayes,Mohammad Nabi,4,0,,,,,,,,,
935343,2015/16,2015-12-12,"Shere Bangla National Stadium, Mirpur",1,3.3,Comilla Victorians,Rangpur Riders,Liton Das,Imrul Kayes,Mohammad Nabi,1,0,,,,,,,,,
935343,2015/16,2015-12-12,"Shere Bangla National Stadium, Mirpur",1,3.4,Comilla Victorians,Rangpur Riders,Imrul Kayes,Liton Das,Mohammad Nabi,0,0,,,,,,,,,
935343,2015/16,2015-12-12,"Shere Bangla National Stadium, Mirpur",1,3.5,Comilla Victorians,Rangpur Riders,Imrul Kayes,Liton Das,Mohammad Nabi,0,0,,,,,,,,,
935343,2015/16,2015-12-12,"Shere Bangla National Stadium, Mirpur",1,3.6,Comilla Victorians,Rangpur Riders,Imrul Kayes,Liton Das,Mohammad Nabi,0,0,,,,,,,,,
935343,2015/16,2015-12-12,"Shere Bangla National Stadium, Mirpur",1,4.1,Comilla Victorians,Rangpur Riders,Liton Das,Imrul Kayes,Shakib Al Hasan,2,0,,,,,,,,,
935343,2015/16,2015-12-12,"Shere Bangla National Stadium, Mirpur",1,4.2,Comilla Victorians,Rangpur Riders,Liton Das,Imrul Kayes,Shakib Al Hasan,0,0,,,,,,,,,
935343,2015/16,2015-12-12,"Shere Bangla National Stadium, Mirpur",1,4.3,Comilla Victorians,Rangpur Riders,Liton Das,Imrul Kayes,Shakib Al Hasan,0,0,,,,,,,,,
935343,2015/16,2015-12-12,"Shere Bangla National Stadium, Mirpur",1,4.4,Comilla Victorians,Rangpur Riders,Liton Das,Imrul Kayes,Shakib Al Hasan,1,0,,,,,,,,,
935343,2015/16,2015-12-12,"Shere Bangla National Stadium, Mirpur",1,4.5,Comilla Victorians,Rangpur Riders,Imrul Kayes,Liton Das,Shakib Al Hasan,4,0,,,,,,,,,
935343,2015/16,2015-12-12,"Shere Bangla National Stadium, Mirpur",1,4.6,Comilla Victorians,Rangpur Riders,Imrul Kayes,Liton Das,Shakib Al Hasan,6,0,,,,,,,,,
935343,2015/16,2015-12-12,"Shere Bangla National Stadium, Mirpur",1,5.1,Comilla Victorians,Rangpur Riders,Liton Das,Imrul Kayes,Mohammad Nabi,0,1,,1,,,,,,,
935343,2015/16,2015-12-12,"Shere Bangla National Stadium, Mirpur",1,5.2,Comilla Victorians,Rangpur Riders,Liton Das,Imrul Kayes,Mohammad Nabi,2,0,,,,,,,,,
935343,2015/16,2015-12-12,"Shere Bangla National Stadium, Mirpur",1,5.3,Comilla Victorians,Rangpur Riders,Liton Das,Imrul Kayes,Mohammad Nabi,0,1,1,,,,,,,,
935343,2015/16,2015-12-12,"Shere Bangla National Stadium, Mirpur",1,5.4,Comilla Victorians,Rangpur Riders,Liton Das,Imrul Kayes,Mohammad Nabi,1,0,,,,,,,,,
935343,2015/16,2015-12-12,"Shere Bangla National Stadium, Mirpur",1,5.5,Comilla Victorians,Rangpur Riders,Imrul Kayes,Liton Das,Mohammad Nabi,4,0,,,,,,,,,
935343,2015/16,2015-12-12,"Shere Bangla National Stadium, Mirpur",1,5.6,Comilla Victorians,Rangpur Riders,Imrul Kayes,Liton Das,Mohammad Nabi,4,0,,,,,,,,,
935343,2015/16,2015-12-12,"Shere Bangla National Stadium, Mirpur",1,5.7,Comilla Victorians,Rangpur Riders,Imrul Kayes,Liton Das,Mohammad Nabi,0,0,,,,,,,,,
935343,2015/16,2015-12-12,"Shere Bangla National Stadium, Mirpur",1,5.8,Comilla Victorians,Rangpur Riders,Imrul Kayes,Liton Das,Mohammad Nabi,0,0,,,,,,,,,
935343,2015/16,2015-12-12,"Shere Bangla National Stadium, Mirpur",1,6.1,Comilla Victorians,Rangpur Riders,Liton Das,Imrul Kayes,Shakib Al Hasan,1,0,,,,,,,,,
935343,2015/16,2015-12-12,"Shere Bangla National Stadium, Mirpur",1,6.2,Comilla Victorians,Rangpur Riders,Imrul Kayes,Liton Das,Shakib Al Hasan,0,1,1,,,,,,,,
935343,2015/16,2015-12-12,"Shere Bangla National Stadium, Mirpur",1,6.3,Comilla Victorians,Rangpur Riders,Imrul Kayes,Liton Das,Shakib Al Hasan,1,0,,,,,,,,,
935343,2015/16,2015-12-12,"Shere Bangla National Stadium, Mirpur",1,6.4,Comilla Victorians,Rangpur Riders,Liton Das,Imrul Kayes,Shakib Al Hasan,0,0,,,,,,,,,
935343,2015/16,2015-12-12,"Shere Bangla National Stadium, Mirpur",1,6.5,Comilla Victorians,Rangpur Riders,Liton Das,Imrul Kayes,Shakib Al Hasan,2,0,,,,,,,,,
935343,2015/16,2015-12-12,"Shere Bangla National Stadium, Mirpur",1,6.6,Comilla Victorians,Rangpur Riders,Liton Das,Imrul Kayes,Shakib Al Hasan,0,0,,,,,,,,,
935343,2015/16,2015-12-12,"Shere Bangla National Stadium, Mirpur",1,6.7,Comilla Victorians,Rangpur Riders,Liton Das,Imrul Kayes,Shakib Al Hasan,1,0,,,,,,,,,
935343,2015/16,2015-12-12,"Shere Bangla National Stadium, Mirpur",1,7.1,Comilla Victorians,Rangpur Riders,Liton Das,Imrul Kayes,Al-Amin,1,0,,,,,,,,,
935343,2015/16,2015-12-12,"Shere Bangla National Stadium, Mirpur",1,7.2,Comilla Victorians,Rangpur Riders,Imrul Kayes,Liton Das,Al-Amin,0,0,,,,,,,,,
935343,2015/16,2015-12-12,"Shere Bangla National Stadium, Mirpur",1,7.3,Comilla Victorians,Rangpur Riders,Imrul Kayes,Liton Das,Al-Amin,4,0,,,,,,,,,
935343,2015/16,2015-12-12,"Shere Bangla National Stadium, Mirpur",1,7.4,Comilla Victorians,Rangpur Riders,Imrul Kayes,Liton Das,Al-Amin,0,0,,,,,,,,,
935343,2015/16,2015-12-12,"Shere Bangla National Stadium, Mirpur",1,7.5,Comilla Victorians,Rangpur Riders,Imrul Kayes,Liton Das,Al-Amin,1,0,,,,,,,,,
935343,2015/16,2015-12-12,"Shere Bangla National Stadium, Mirpur",1,7.6,Comilla Victorians,Rangpur Riders,Liton Das,Imrul Kayes,Al-Amin,0,0,,,,,,,,,
935343,2015/16,2015-12-12,"Shere Bangla National Stadium, Mirpur",1,8.1,Comilla Victorians,Rangpur Riders,Imrul Kayes,Liton Das,Saqlain Sajib,2,0,,,,,,,,,
935343,2015/16,2015-12-12,"Shere Bangla National Stadium, Mirpur",1,8.2,Comilla Victorians,Rangpur Riders,Imrul Kayes,Liton Das,Saqlain Sajib,1,0,,,,,,,,,
935343,2015/16,2015-12-12,"Shere Bangla National Stadium, Mirpur",1,8.3,Comilla Victorians,Rangpur Riders,Liton Das,Imrul Kayes,Saqlain Sajib,1,0,,,,,,,,,
935343,2015/16,2015-12-12,"Shere Bangla National Stadium, Mirpur",1,8.4,Comilla Victorians,Rangpur Riders,Imrul Kayes,Liton Das,Saqlain Sajib,1,0,,,,,,,,,
935343,2015/16,2015-12-12,"Shere Bangla National Stadium, Mirpur",1,8.5,Comilla Victorians,Rangpur Riders,Liton Das,Imrul Kayes,Saqlain Sajib,1,0,,,,,,,,,
935343,2015/16,2015-12-12,"Shere Bangla National Stadium, Mirpur",1,8.6,Comilla Victorians,Rangpur Riders,Imrul Kayes,Liton Das,Saqlain Sajib,1,0,,,,,,,,,
935343,2015/16,2015-12-12,"Shere Bangla National Stadium, Mirpur",1,9.1,Comilla Victorians,Rangpur Riders,Imrul Kayes,Liton Das,Al-Amin,1,0,,,,,,,,,
935343,2015/16,2015-12-12,"Shere Bangla National Stadium, Mirpur",1,9.2,Comilla Victorians,Rangpur Riders,Liton Das,Imrul Kayes,Al-Amin,0,0,,,,,,,,,
935343,2015/16,2015-12-12,"Shere Bangla National Stadium, Mirpur",1,9.3,Comilla Victorians,Rangpur Riders,Liton Das,Imrul Kayes,Al-Amin,0,0,,,,,,,,,
935343,2015/16,2015-12-12,"Shere Bangla National Stadium, Mirpur",1,9.4,Comilla Victorians,Rangpur Riders,Liton Das,Imrul Kayes,Al-Amin,1,0,,,,,,,,,
935343,2015/16,2015-12-12,"Shere Bangla National Stadium, Mirpur",1,9.5,Comilla Victorians,Rangpur Riders,Imrul Kayes,Liton Das,Al-Amin,2,0,,,,,,,,,
935343,2015/16,2015-12-12,"Shere Bangla National Stadium, Mirpur",1,9.6,Comilla Victorians,Rangpur Riders,Imrul Kayes,Liton Das,Al-Amin,1,0,,,,,,,,,
935343,2015/16,2015-12-12,"Shere Bangla National Stadium, Mirpur",1,10.1,Comilla Victorians,Rangpur Riders,Imrul Kayes,Liton Das,Saqlain Sajib,4,0,,,,,,,,,
935343,2015/16,2015-12-12,"Shere Bangla National Stadium, Mirpur",1,10.2,Comilla Victorians,Rangpur Riders,Imrul Kayes,Liton Das,Saqlain Sajib,1,0,,,,,,,,,
935343,2015/16,2015-12-12,"Shere Bangla National Stadium, Mirpur",1,10.3,Comilla Victorians,Rangpur Riders,Liton Das,Imrul Kayes,Saqlain Sajib,0,0,,,,,,,,,
935343,2015/16,2015-12-12,"Shere Bangla National Stadium, Mirpur",1,10.4,Comilla Victorians,Rangpur Riders,Liton Das,Imrul Kayes,Saqlain Sajib,2,0,,,,,,,,,
935343,2015/16,2015-12-12,"Shere Bangla National Stadium, Mirpur",1,10.5,Comilla Victorians,Rangpur Riders,Liton Das,Imrul Kayes,Saqlain Sajib,2,0,,,,,,,,,
935343,2015/16,2015-12-12,"Shere Bangla National Stadium, Mirpur",1,10.6,Comilla Victorians,Rangpur Riders,Liton Das,Imrul Kayes,Saqlain Sajib,0,0,,,,,,stumped,Liton Das,,
935343,2015/16,2015-12-12,"Shere Bangla National Stadium, Mirpur",1,11.1,Comilla Victorians,Rangpur Riders,Imrul Kayes,Mashrafe Mortaza,NLTC Perera,1,0,,,,,,,,,
935343,2015/16,2015-12-12,"Shere Bangla National Stadium, Mirpur",1,11.2,Comilla Victorians,Rangpur Riders,Mashrafe Mortaza,Imrul Kayes,NLTC Perera,0,1,1,,,,,,,,
935343,2015/16,2015-12-12,"Shere Bangla National Stadium, Mirpur",1,11.3,Comilla Victorians,Rangpur Riders,Mashrafe Mortaza,Imrul Kayes,NLTC Perera,0,1,,,,1,,,,,
935343,2015/16,2015-12-12,"Shere Bangla National Stadium, Mirpur",1,11.4,Comilla Victorians,Rangpur Riders,Imrul Kayes,Mashrafe Mortaza,NLTC Perera,0,0,,,,,,,,,
935343,2015/16,2015-12-12,"Shere Bangla National Stadium, Mirpur",1,11.5,Comilla Victorians,Rangpur Riders,Imrul Kayes,Mashrafe Mortaza,NLTC Perera,2,0,,,,,,,,,
935343,2015/16,2015-12-12,"Shere Bangla National Stadium, Mirpur",1,11.6,Comilla Victorians,Rangpur Riders,Imrul Kayes,Mashrafe Mortaza,NLTC Perera,0,0,,,,,,,,,
935343,2015/16,2015-12-12,"Shere Bangla National Stadium, Mirpur",1,11.7,Comilla Victorians,Rangpur Riders,Imrul Kayes,Mashrafe Mortaza,NLTC Perera,0,0,,,,,,,,,
935343,2015/16,2015-12-12,"Shere Bangla National Stadium, Mirpur",1,12.1,Comilla Victorians,Rangpur Riders,Mashrafe Mortaza,Imrul Kayes,Saqlain Sajib,0,0,,,,,,,,,
935343,2015/16,2015-12-12,"Shere Bangla National Stadium, Mirpur",1,12.2,Comilla Victorians,Rangpur Riders,Mashrafe Mortaza,Imrul Kayes,Saqlain Sajib,0,0,,,,,,,,,
935343,2015/16,2015-12-12,"Shere Bangla National Stadium, Mirpur",1,12.3,Comilla Victorians,Rangpur Riders,Mashrafe Mortaza,Imrul Kayes,Saqlain Sajib,1,0,,,,,,,,,
935343,2015/16,2015-12-12,"Shere Bangla National Stadium, Mirpur",1,12.4,Comilla Victorians,Rangpur Riders,Imrul Kayes,Mashrafe Mortaza,Saqlain Sajib,0,0,,,,,,,,,
935343,2015/16,2015-12-12,"Shere Bangla National Stadium, Mirpur",1,12.5,Comilla Victorians,Rangpur Riders,Imrul Kayes,Mashrafe Mortaza,Saqlain Sajib,2,0,,,,,,,,,
935343,2015/16,2015-12-12,"Shere Bangla National Stadium, Mirpur",1,12.6,Comilla Victorians,Rangpur Riders,Imrul Kayes,Mashrafe Mortaza,Saqlain Sajib,0,0,,,,,,,,,
935343,2015/16,2015-12-12,"Shere Bangla National Stadium, Mirpur",1,13.1,Comilla Victorians,Rangpur Riders,Mashrafe Mortaza,Imrul Kayes,NLTC Perera,0,0,,,,,,caught,Mashrafe Mortaza,,
935343,2015/16,2015-12-12,"Shere Bangla National Stadium, Mirpur",1,13.2,Comilla Victorians,Rangpur Riders,Imrul Kayes,AD Russell,NLTC Perera,0,0,,,,,,,,,
935343,2015/16,2015-12-12,"Shere Bangla National Stadium, Mirpur",1,13.3,Comilla Victorians,Rangpur Riders,Imrul Kayes,AD Russell,NLTC Perera,4,0,,,,,,,,,
935343,2015/16,2015-12-12,"Shere Bangla National Stadium, Mirpur",1,13.4,Comilla Victorians,Rangpur Riders,Imrul Kayes,AD Russell,NLTC Perera,0,1,1,,,,,,,,
935343,2015/16,2015-12-12,"Shere Bangla National Stadium, Mirpur",1,13.5,Comilla Victorians,Rangpur Riders,Imrul Kayes,AD Russell,NLTC Perera,1,0,,,,,,,,,
935343,2015/16,2015-12-12,"Shere Bangla National Stadium, Mirpur",1,13.6,Comilla Victorians,Rangpur Riders,AD Russell,Imrul Kayes,NLTC Perera,1,0,,,,,,,,,
935343,2015/16,2015-12-12,"Shere Bangla National Stadium, Mirpur",1,13.7,Comilla Victorians,Rangpur Riders,Imrul Kayes,AD Russell,NLTC Perera,0,1,1,,,,,,,,
935343,2015/16,2015-12-12,"Shere Bangla National Stadium, Mirpur",1,13.8,Comilla Victorians,Rangpur Riders,Imrul Kayes,AD Russell,NLTC Perera,1,0,,,,,,,,,
935343,2015/16,2015-12-12,"Shere Bangla National Stadium, Mirpur",1,14.1,Comilla Victorians,Rangpur Riders,Imrul Kayes,AD Russell,Shakib Al Hasan,0,0,,,,,,,,,
935343,2015/16,2015-12-12,"Shere Bangla National Stadium, Mirpur",1,14.2,Comilla Victorians,Rangpur Riders,Imrul Kayes,AD Russell,Shakib Al Hasan,0,0,,,,,,,,,
935343,2015/16,2015-12-12,"Shere Bangla National Stadium, Mirpur",1,14.3,Comilla Victorians,Rangpur Riders,Imrul Kayes,AD Russell,Shakib Al Hasan,2,0,,,,,,,,,
935343,2015/16,2015-12-12,"Shere Bangla National Stadium, Mirpur",1,14.4,Comilla Victorians,Rangpur Riders,Imrul Kayes,AD Russell,Shakib Al Hasan,1,0,,,,,,,,,
935343,2015/16,2015-12-12,"Shere Bangla National Stadium, Mirpur",1,14.5,Comilla Victorians,Rangpur Riders,AD Russell,Imrul Kayes,Shakib Al Hasan,1,0,,,,,,,,,
935343,2015/16,2015-12-12,"Shere Bangla National Stadium, Mirpur",1,14.6,Comilla Victorians,Rangpur Riders,Imrul Kayes,AD Russell,Shakib Al Hasan,6,0,,,,,,,,,
935343,2015/16,2015-12-12,"Shere Bangla National Stadium, Mirpur",1,15.1,Comilla Victorians,Rangpur Riders,AD Russell,Imrul Kayes,NLTC Perera,1,0,,,,,,,,,
935343,2015/16,2015-12-12,"Shere Bangla National Stadium, Mirpur",1,15.2,Comilla Victorians,Rangpur Riders,Imrul Kayes,AD Russell,NLTC Perera,0,0,,,,,,caught and bowled,Imrul Kayes,,
935343,2015/16,2015-12-12,"Shere Bangla National Stadium, Mirpur",1,15.3,Comilla Victorians,Rangpur Riders,Ashar Zaidi,AD Russell,NLTC Perera,4,0,,,,,,,,,
935343,2015/16,2015-12-12,"Shere Bangla National Stadium, Mirpur",1,15.4,Comilla Victorians,Rangpur Riders,Ashar Zaidi,AD Russell,NLTC Perera,1,0,,,,,,,,,
935343,2015/16,2015-12-12,"Shere Bangla National Stadium, Mirpur",1,15.5,Comilla Victorians,Rangpur Riders,AD Russell,Ashar Zaidi,NLTC Perera,0,0,,,,,,caught,AD Russell,,
935343,2015/16,2015-12-12,"Shere Bangla National Stadium, Mirpur",1,15.6,Comilla Victorians,Rangpur Riders,Ahmed Shehzad,Ashar Zaidi,NLTC Perera,0,0,,,,,,lbw,Ahmed Shehzad,,
935343,2015/16,2015-12-12,"Shere Bangla National Stadium, Mirpur",1,16.1,Comilla Victorians,Rangpur Riders,Ashar Zaidi,Alok Kapali,Arafat Sunny,4,0,,,,,,,,,
935343,2015/16,2015-12-12,"Shere Bangla National Stadium, Mirpur",1,16.2,Comilla Victorians,Rangpur Riders,Ashar Zaidi,Alok Kapali,Arafat Sunny,1,0,,,,,,,,,
935343,2015/16,2015-12-12,"Shere Bangla National Stadium, Mirpur",1,16.3,Comilla Victorians,Rangpur Riders,Alok Kapali,Ashar Zaidi,Arafat Sunny,0,0,,,,,,,,,
935343,2015/16,2015-12-12,"Shere Bangla National Stadium, Mirpur",1,16.4,Comilla Victorians,Rangpur Riders,Alok Kapali,Ashar Zaidi,Arafat Sunny,0,0,,,,,,,,,
935343,2015/16,2015-12-12,"Shere Bangla National Stadium, Mirpur",1,16.5,Comilla Victorians,Rangpur Riders,Alok Kapali,Ashar Zaidi,Arafat Sunny,1,0,,,,,,,,,
935343,2015/16,2015-12-12,"Shere Bangla National Stadium, Mirpur",1,16.6,Comilla Victorians,Rangpur Riders,Ashar Zaidi,Alok Kapali,Arafat Sunny,6,0,,,,,,,,,
935343,2015/16,2015-12-12,"Shere Bangla National Stadium, Mirpur",1,17.1,Comilla Victorians,Rangpur Riders,Alok Kapali,Ashar Zaidi,NLTC Perera,1,0,,,,,,,,,
935343,2015/16,2015-12-12,"Shere Bangla National Stadium, Mirpur",1,17.2,Comilla Victorians,Rangpur Riders,Ashar Zaidi,Alok Kapali,NLTC Perera,0,0,,,,,,,,,
935343,2015/16,2015-12-12,"Shere Bangla National Stadium, Mirpur",1,17.3,Comilla Victorians,Rangpur Riders,Ashar Zaidi,Alok Kapali,NLTC Perera,0,1,,,,1,,,,,
935343,2015/16,2015-12-12,"Shere Bangla National Stadium, Mirpur",1,17.4,Comilla Victorians,Rangpur Riders,Alok Kapali,Ashar Zaidi,NLTC Perera,0,0,,,,,,caught,Alok Kapali,,
935343,2015/16,2015-12-12,"Shere Bangla National Stadium, Mirpur",1,17.5,Comilla Victorians,Rangpur Riders,Ashar Zaidi,Shuvagata Hom,NLTC Perera,2,0,,,,,,,,,
935343,2015/16,2015-12-12,"Shere Bangla National Stadium, Mirpur",1,17.6,Comilla Victorians,Rangpur Riders,Ashar Zaidi,Shuvagata Hom,NLTC Perera,4,0,,,,,,,,,
935343,2015/16,2015-12-12,"Shere Bangla National Stadium, Mirpur",1,18.1,Comilla Victorians,Rangpur Riders,Shuvagata Hom,Ashar Zaidi,Shakib Al Hasan,1,0,,,,,,,,,
935343,2015/16,2015-12-12,"Shere Bangla National Stadium, Mirpur",1,18.2,Comilla Victorians,Rangpur Riders,Ashar Zaidi,Shuvagata Hom,Shakib Al Hasan,2,0,,,,,,,,,
935343,2015/16,2015-12-12,"Shere Bangla National Stadium, Mirpur",1,18.3,Comilla Victorians,Rangpur Riders,Ashar Zaidi,Shuvagata Hom,Shakib Al Hasan,2,0,,,,,,,,,
935343,2015/16,2015-12-12,"Shere Bangla National Stadium, Mirpur",1,18.4,Comilla Victorians,Rangpur Riders,Ashar Zaidi,Shuvagata Hom,Shakib Al Hasan,1,0,,,,,,,,,
935343,2015/16,2015-12-12,"Shere Bangla National Stadium, Mirpur",1,18.5,Comilla Victorians,Rangpur Riders,Shuvagata Hom,Ashar Zaidi,Shakib Al Hasan,6,0,,,,,,,,,
935343,2015/16,2015-12-12,"Shere Bangla National Stadium, Mirpur",1,18.6,Comilla Victorians,Rangpur Riders,Shuvagata Hom,Ashar Zaidi,Shakib Al Hasan,1,0,,,,,,,,,
935343,2015/16,2015-12-12,"Shere Bangla National Stadium, Mirpur",1,19.1,Comilla Victorians,Rangpur Riders,Shuvagata Hom,Ashar Zaidi,Mohammad Nabi,4,0,,,,,,,,,
935343,2015/16,2015-12-12,"Shere Bangla National Stadium, Mirpur",1,19.2,Comilla Victorians,Rangpur Riders,Shuvagata Hom,Ashar Zaidi,Mohammad Nabi,0,0,,,,,,stumped,Shuvagata Hom,,
935343,2015/16,2015-12-12,"Shere Bangla National Stadium, Mirpur",1,19.3,Comilla Victorians,Rangpur Riders,Abu Hider,Ashar Zaidi,Mohammad Nabi,1,0,,,,,,,,,
935343,2015/16,2015-12-12,"Shere Bangla National Stadium, Mirpur",1,19.4,Comilla Victorians,Rangpur Riders,Ashar Zaidi,Abu Hider,Mohammad Nabi,4,0,,,,,,,,,
935343,2015/16,2015-12-12,"Shere Bangla National Stadium, Mirpur",1,19.5,Comilla Victorians,Rangpur Riders,Ashar Zaidi,Abu Hider,Mohammad Nabi,6,0,,,,,,,,,
935343,2015/16,2015-12-12,"Shere Bangla National Stadium, Mirpur",1,19.6,Comilla Victorians,Rangpur Riders,Ashar Zaidi,Abu Hider,Mohammad Nabi,3,0,,,,,,,,,
935343,2015/16,2015-12-12,"Shere Bangla National Stadium, Mirpur",2,0.1,Rangpur Riders,Comilla Victorians,LMP Simmons,Soumya Sarkar,Shuvagata Hom,0,0,,,,,,,,,
935343,2015/16,2015-12-12,"Shere Bangla National Stadium, Mirpur",2,0.2,Rangpur Riders,Comilla Victorians,LMP Simmons,Soumya Sarkar,Shuvagata Hom,0,0,,,,,,,,,
935343,2015/16,2015-12-12,"Shere Bangla National Stadium, Mirpur",2,0.3,Rangpur Riders,Comilla Victorians,LMP Simmons,Soumya Sarkar,Shuvagata Hom,4,0,,,,,,,,,
935343,2015/16,2015-12-12,"Shere Bangla National Stadium, Mirpur",2,0.4,Rangpur Riders,Comilla Victorians,LMP Simmons,Soumya Sarkar,Shuvagata Hom,0,0,,,,,,,,,
935343,2015/16,2015-12-12,"Shere Bangla National Stadium, Mirpur",2,0.5,Rangpur Riders,Comilla Victorians,LMP Simmons,Soumya Sarkar,Shuvagata Hom,0,0,,,,,,,,,
935343,2015/16,2015-12-12,"Shere Bangla National Stadium, Mirpur",2,0.6,Rangpur Riders,Comilla Victorians,LMP Simmons,Soumya Sarkar,Shuvagata Hom,0,2,2,,,,,,,,
935343,2015/16,2015-12-12,"Shere Bangla National Stadium, Mirpur",2,0.7,Rangpur Riders,Comilla Victorians,Soumya Sarkar,LMP Simmons,Shuvagata Hom,0,0,,,,,,,,,
935343,2015/16,2015-12-12,"Shere Bangla National Stadium, Mirpur",2,1.1,Rangpur Riders,Comilla Victorians,LMP Simmons,Soumya Sarkar,KMDN Kulasekara,0,0,,,,,,,,,
935343,2015/16,2015-12-12,"Shere Bangla National Stadium, Mirpur",2,1.2,Rangpur Riders,Comilla Victorians,LMP Simmons,Soumya Sarkar,KMDN Kulasekara,0,0,,,,,,,,,
935343,2015/16,2015-12-12,"Shere Bangla National Stadium, Mirpur",2,1.3,Rangpur Riders,Comilla Victorians,LMP Simmons,Soumya Sarkar,KMDN Kulasekara,1,0,,,,,,,,,
935343,2015/16,2015-12-12,"Shere Bangla National Stadium, Mirpur",2,1.4,Rangpur Riders,Comilla Victorians,Soumya Sarkar,LMP Simmons,KMDN Kulasekara,0,0,,,,,,,,,
935343,2015/16,2015-12-12,"Shere Bangla National Stadium, Mirpur",2,1.5,Rangpur Riders,Comilla Victorians,Soumya Sarkar,LMP Simmons,KMDN Kulasekara,1,0,,,,,,,,,
935343,2015/16,2015-12-12,"Shere Bangla National Stadium, Mirpur",2,1.6,Rangpur Riders,Comilla Victorians,LMP Simmons,Soumya Sarkar,KMDN Kulasekara,0,0,,,,,,,,,
935343,2015/16,2015-12-12,"Shere Bangla National Stadium, Mirpur",2,2.1,Rangpur Riders,Comilla Victorians,Soumya Sarkar,LMP Simmons,Shuvagata Hom,4,0,,,,,,,,,
935343,2015/16,2015-12-12,"Shere Bangla National Stadium, Mirpur",2,2.2,Rangpur Riders,Comilla Victorians,Soumya Sarkar,LMP Simmons,Shuvagata Hom,1,0,,,,,,,,,
935343,2015/16,2015-12-12,"Shere Bangla National Stadium, Mirpur",2,2.3,Rangpur Riders,Comilla Victorians,LMP Simmons,Soumya Sarkar,Shuvagata Hom,4,0,,,,,,,,,
935343,2015/16,2015-12-12,"Shere Bangla National Stadium, Mirpur",2,2.4,Rangpur Riders,Comilla Victorians,LMP Simmons,Soumya Sarkar,Shuvagata Hom,0,0,,,,,,,,,
935343,2015/16,2015-12-12,"Shere Bangla National Stadium, Mirpur",2,2.5,Rangpur Riders,Comilla Victorians,LMP Simmons,Soumya Sarkar,Shuvagata Hom,4,0,,,,,,,,,
935343,2015/16,2015-12-12,"Shere Bangla National Stadium, Mirpur",2,2.6,Rangpur Riders,Comilla Victorians,LMP Simmons,Soumya Sarkar,Shuvagata Hom,4,0,,,,,,,,,
935343,2015/16,2015-12-12,"Shere Bangla National Stadium, Mirpur",2,3.1,Rangpur Riders,Comilla Victorians,Soumya Sarkar,LMP Simmons,KMDN Kulasekara,1,0,,,,,,,,,
935343,2015/16,2015-12-12,"Shere Bangla National Stadium, Mirpur",2,3.2,Rangpur Riders,Comilla Victorians,LMP Simmons,Soumya Sarkar,KMDN Kulasekara,0,0,,,,,,,,,
935343,2015/16,2015-12-12,"Shere Bangla National Stadium, Mirpur",2,3.3,Rangpur Riders,Comilla Victorians,LMP Simmons,Soumya Sarkar,KMDN Kulasekara,0,0,,,,,,,,,
935343,2015/16,2015-12-12,"Shere Bangla National Stadium, Mirpur",2,3.4,Rangpur Riders,Comilla Victorians,LMP Simmons,Soumya Sarkar,KMDN Kulasekara,4,0,,,,,,,,,
935343,2015/16,2015-12-12,"Shere Bangla National Stadium, Mirpur",2,3.5,Rangpur Riders,Comilla Victorians,LMP Simmons,Soumya Sarkar,KMDN Kulasekara,2,0,,,,,,,,,
935343,2015/16,2015-12-12,"Shere Bangla National Stadium, Mirpur",2,3.6,Rangpur Riders,Comilla Victorians,LMP Simmons,Soumya Sarkar,KMDN Kulasekara,1,0,,,,,,,,,
935343,2015/16,2015-12-12,"Shere Bangla National Stadium, Mirpur",2,4.1,Rangpur Riders,Comilla Victorians,LMP Simmons,Soumya Sarkar,Abu Hider,1,0,,,,,,,,,
935343,2015/16,2015-12-12,"Shere Bangla National Stadium, Mirpur",2,4.2,Rangpur Riders,Comilla Victorians,Soumya Sarkar,LMP Simmons,Abu Hider,2,0,,,,,,,,,
935343,2015/16,2015-12-12,"Shere Bangla National Stadium, Mirpur",2,4.3,Rangpur Riders,Comilla Victorians,Soumya Sarkar,LMP Simmons,Abu Hider,0,0,,,,,,caught,Soumya Sarkar,,
935343,2015/16,2015-12-12,"Shere Bangla National Stadium, Mirpur",2,4.4,Rangpur Riders,Comilla Victorians,LMP Simmons,Jahurul Islam,Abu Hider,0,0,,,,,,bowled,LMP Simmons,,
935343,2015/16,2015-12-12,"Shere Bangla National Stadium, Mirpur",2,4.5,Rangpur Riders,Comilla Victorians,Mohammad Mithun,Jahurul Islam,Abu Hider,1,0,,,,,,,,,
935343,2015/16,2015-12-12,"Shere Bangla National Stadium, Mirpur",2,4.6,Rangpur Riders,Comilla Victorians,Jahurul Islam,Mohammad Mithun,Abu Hider,2,0,,,,,,,,,
935343,2015/16,2015-12-12,"Shere Bangla National Stadium, Mirpur",2,5.1,Rangpur Riders,Comilla Victorians,Mohammad Mithun,Jahurul Islam,Ashar Zaidi,0,0,,,,,,,,,
935343,2015/16,2015-12-12,"Shere Bangla National Stadium, Mirpur",2,5.2,Rangpur Riders,Comilla Victorians,Mohammad Mithun,Jahurul Islam,Ashar Zaidi,0,0,,,,,,,,,
935343,2015/16,2015-12-12,"Shere Bangla National Stadium, Mirpur",2,5.3,Rangpur Riders,Comilla Victorians,Mohammad Mithun,Jahurul Islam,Ashar Zaidi,0,0,,,,,,,,,
935343,2015/16,2015-12-12,"Shere Bangla National Stadium, Mirpur",2,5.4,Rangpur Riders,Comilla Victorians,Mohammad Mithun,Jahurul Islam,Ashar Zaidi,0,0,,,,,,,,,
935343,2015/16,2015-12-12,"Shere Bangla National Stadium, Mirpur",2,5.5,Rangpur Riders,Comilla Victorians,Mohammad Mithun,Jahurul Islam,Ashar Zaidi,0,0,,,,,,,,,
935343,2015/16,2015-12-12,"Shere Bangla National Stadium, Mirpur",2,5.6,Rangpur Riders,Comilla Victorians,Mohammad Mithun,Jahurul Islam,Ashar Zaidi,0,0,,,,,,,,,
935343,2015/16,2015-12-12,"Shere Bangla National Stadium, Mirpur",2,6.1,Rangpur Riders,Comilla Victorians,Jahurul Islam,Mohammad Mithun,Mashrafe Mortaza,0,0,,,,,,,,,
935343,2015/16,2015-12-12,"Shere Bangla National Stadium, Mirpur",2,6.2,Rangpur Riders,Comilla Victorians,Jahurul Islam,Mohammad Mithun,Mashrafe Mortaza,0,0,,,,,,,,,
935343,2015/16,2015-12-12,"Shere Bangla National Stadium, Mirpur",2,6.3,Rangpur Riders,Comilla Victorians,Jahurul Islam,Mohammad Mithun,Mashrafe Mortaza,0,0,,,,,,,,,
935343,2015/16,2015-12-12,"Shere Bangla National Stadium, Mirpur",2,6.4,Rangpur Riders,Comilla Victorians,Jahurul Islam,Mohammad Mithun,Mashrafe Mortaza,0,0,,,,,,,,,
935343,2015/16,2015-12-12,"Shere Bangla National Stadium, Mirpur",2,6.5,Rangpur Riders,Comilla Victorians,Jahurul Islam,Mohammad Mithun,Mashrafe Mortaza,0,0,,,,,,,,,
935343,2015/16,2015-12-12,"Shere Bangla National Stadium, Mirpur",2,6.6,Rangpur Riders,Comilla Victorians,Jahurul Islam,Mohammad Mithun,Mashrafe Mortaza,1,0,,,,,,,,,
935343,2015/16,2015-12-12,"Shere Bangla National Stadium, Mirpur",2,7.1,Rangpur Riders,Comilla Victorians,Jahurul Islam,Mohammad Mithun,Ashar Zaidi,1,0,,,,,,,,,
935343,2015/16,2015-12-12,"Shere Bangla National Stadium, Mirpur",2,7.2,Rangpur Riders,Comilla Victorians,Mohammad Mithun,Jahurul Islam,Ashar Zaidi,4,0,,,,,,,,,
935343,2015/16,2015-12-12,"Shere Bangla National Stadium, Mirpur",2,7.3,Rangpur Riders,Comilla Victorians,Mohammad Mithun,Jahurul Islam,Ashar Zaidi,0,0,,,,,,,,,
935343,2015/16,2015-12-12,"Shere Bangla National Stadium, Mirpur",2,7.4,Rangpur Riders,Comilla Victorians,Mohammad Mithun,Jahurul Islam,Ashar Zaidi,0,0,,,,,,stumped,Mohammad Mithun,,
935343,2015/16,2015-12-12,"Shere Bangla National Stadium, Mirpur",2,7.5,Rangpur Riders,Comilla Victorians,Shakib Al Hasan,Jahurul Islam,Ashar Zaidi,0,0,,,,,,caught,Shakib Al Hasan,,
935343,2015/16,2015-12-12,"Shere Bangla National Stadium, Mirpur",2,7.6,Rangpur Riders,Comilla Victorians,Mohammad Nabi,Jahurul Islam,Ashar Zaidi,0,0,,,,,,,,,
935343,2015/16,2015-12-12,"Shere Bangla National Stadium, Mirpur",2,8.1,Rangpur Riders,Comilla Victorians,Jahurul Islam,Mohammad Nabi,Mashrafe Mortaza,1,0,,,,,,,,,
935343,2015/16,2015-12-12,"Shere Bangla National Stadium, Mirpur",2,8.2,Rangpur Riders,Comilla Victorians,Mohammad Nabi,Jahurul Islam,Mashrafe Mortaza,0,0,,,,,,,,,
935343,2015/16,2015-12-12,"Shere Bangla National Stadium, Mirpur",2,8.3,Rangpur Riders,Comilla Victorians,Mohammad Nabi,Jahurul Islam,Mashrafe Mortaza,0,0,,,,,,,,,
935343,2015/16,2015-12-12,"Shere Bangla National Stadium, Mirpur",2,8.4,Rangpur Riders,Comilla Victorians,Mohammad Nabi,Jahurul Islam,Mashrafe Mortaza,0,0,,,,,,,,,
935343,2015/16,2015-12-12,"Shere Bangla National Stadium, Mirpur",2,8.5,Rangpur Riders,Comilla Victorians,Mohammad Nabi,Jahurul Islam,Mashrafe Mortaza,0,0,,,,,,,,,
935343,2015/16,2015-12-12,"Shere Bangla National Stadium, Mirpur",2,8.6,Rangpur Riders,Comilla Victorians,Mohammad Nabi,Jahurul Islam,Mashrafe Mortaza,6,0,,,,,,,,,
935343,2015/16,2015-12-12,"Shere Bangla National Stadium, Mirpur",2,9.1,Rangpur Riders,Comilla Victorians,Jahurul Islam,Mohammad Nabi,AD Russell,0,0,,,,,,,,,
935343,2015/16,2015-12-12,"Shere Bangla National Stadium, Mirpur",2,9.2,Rangpur Riders,Comilla Victorians,Jahurul Islam,Mohammad Nabi,AD Russell,1,0,,,,,,,,,
935343,2015/16,2015-12-12,"Shere Bangla National Stadium, Mirpur",2,9.3,Rangpur Riders,Comilla Victorians,Mohammad Nabi,Jahurul Islam,AD Russell,4,0,,,,,,,,,
935343,2015/16,2015-12-12,"Shere Bangla National Stadium, Mirpur",2,9.4,Rangpur Riders,Comilla Victorians,Mohammad Nabi,Jahurul Islam,AD Russell,0,0,,,,,,,,,
935343,2015/16,2015-12-12,"Shere Bangla National Stadium, Mirpur",2,9.5,Rangpur Riders,Comilla Victorians,Mohammad Nabi,Jahurul Islam,AD Russell,1,0,,,,,,,,,
935343,2015/16,2015-12-12,"Shere Bangla National Stadium, Mirpur",2,9.6,Rangpur Riders,Comilla Victorians,Jahurul Islam,Mohammad Nabi,AD Russell,1,0,,,,,,,,,
935343,2015/16,2015-12-12,"Shere Bangla National Stadium, Mirpur",2,10.1,Rangpur Riders,Comilla Victorians,Jahurul Islam,Mohammad Nabi,Mashrafe Mortaza,1,0,,,,,,,,,
935343,2015/16,2015-12-12,"Shere Bangla National Stadium, Mirpur",2,10.2,Rangpur Riders,Comilla Victorians,Mohammad Nabi,Jahurul Islam,Mashrafe Mortaza,1,0,,,,,,,,,
935343,2015/16,2015-12-12,"Shere Bangla National Stadium, Mirpur",2,10.3,Rangpur Riders,Comilla Victorians,Jahurul Islam,Mohammad Nabi,Mashrafe Mortaza,1,0,,,,,,,,,
935343,2015/16,2015-12-12,"Shere Bangla National Stadium, Mirpur",2,10.4,Rangpur Riders,Comilla Victorians,Mohammad Nabi,Jahurul Islam,Mashrafe Mortaza,0,0,,,,,,caught,Mohammad Nabi,,
935343,2015/16,2015-12-12,"Shere Bangla National Stadium, Mirpur",2,10.5,Rangpur Riders,Comilla Victorians,Al-Amin,Jahurul Islam,Mashrafe Mortaza,0,0,,,,,,,,,
935343,2015/16,2015-12-12,"Shere Bangla National Stadium, Mirpur",2,10.6,Rangpur Riders,Comilla Victorians,Al-Amin,Jahurul Islam,Mashrafe Mortaza,0,0,,,,,,,,,
935343,2015/16,2015-12-12,"Shere Bangla National Stadium, Mirpur",2,11.1,Rangpur Riders,Comilla Victorians,Jahurul Islam,Al-Amin,Ashar Zaidi,0,0,,,,,,caught,Jahurul Islam,,
935343,2015/16,2015-12-12,"Shere Bangla National Stadium, Mirpur",2,11.2,Rangpur Riders,Comilla Victorians,Al-Amin,NLTC Perera,Ashar Zaidi,0,0,,,,,,,,,
935343,2015/16,2015-12-12,"Shere Bangla National Stadium, Mirpur",2,11.3,Rangpur Riders,Comilla Victorians,Al-Amin,NLTC Perera,Ashar Zaidi,1,0,,,,,,,,,
935343,2015/16,2015-12-12,"Shere Bangla National Stadium, Mirpur",2,11.4,Rangpur Riders,Comilla Victorians,NLTC Perera,Al-Amin,Ashar Zaidi,0,0,,,,,,,,,
935343,2015/16,2015-12-12,"Shere Bangla National Stadium, Mirpur",2,11.5,Rangpur Riders,Comilla Victorians,NLTC Perera,Al-Amin,Ashar Zaidi,0,0,,,,,,,,,
935343,2015/16,2015-12-12,"Shere Bangla National Stadium, Mirpur",2,11.6,Rangpur Riders,Comilla Victorians,NLTC Perera,Al-Amin,Ashar Zaidi,1,0,,,,,,,,,
935343,2015/16,2015-12-12,"Shere Bangla National Stadium, Mirpur",2,12.1,Rangpur Riders,Comilla Victorians,NLTC Perera,Al-Amin,Mashrafe Mortaza,0,0,,,,,,,,,
935343,2015/16,2015-12-12,"Shere Bangla National Stadium, Mirpur",2,12.2,Rangpur Riders,Comilla Victorians,NLTC Perera,Al-Amin,Mashrafe Mortaza,0,0,,,,,,,,,
935343,2015/16,2015-12-12,"Shere Bangla National Stadium, Mirpur",2,12.3,Rangpur Riders,Comilla Victorians,NLTC Perera,Al-Amin,Mashrafe Mortaza,0,0,,,,,,,,,
935343,2015/16,2015-12-12,"Shere Bangla National Stadium, Mirpur",2,12.4,Rangpur Riders,Comilla Victorians,NLTC Perera,Al-Amin,Mashrafe Mortaza,1,0,,,,,,,,,
935343,2015/16,2015-12-12,"Shere Bangla National Stadium, Mirpur",2,12.5,Rangpur Riders,Comilla Victorians,Al-Amin,NLTC Perera,Mashrafe Mortaza,0,0,,,,,,,,,
935343,2015/16,2015-12-12,"Shere Bangla National Stadium, Mirpur",2,12.6,Rangpur Riders,Comilla Victorians,Al-Amin,NLTC Perera,Mashrafe Mortaza,1,0,,,,,,,,,
935343,2015/16,2015-12-12,"Shere Bangla National Stadium, Mirpur",2,13.1,Rangpur Riders,Comilla Victorians,Al-Amin,NLTC Perera,AD Russell,1,0,,,,,,,,,
935343,2015/16,2015-12-12,"Shere Bangla National Stadium, Mirpur",2,13.2,Rangpur Riders,Comilla Victorians,NLTC Perera,Al-Amin,AD Russell,1,0,,,,,,,,,
935343,2015/16,2015-12-12,"Shere Bangla National Stadium, Mirpur",2,13.3,Rangpur Riders,Comilla Victorians,Al-Amin,NLTC Perera,AD Russell,0,0,,,,,,bowled,Al-Amin,,
935343,2015/16,2015-12-12,"Shere Bangla National Stadium, Mirpur",2,13.4,Rangpur Riders,Comilla Victorians,DJG Sammy,NLTC Perera,AD Russell,4,0,,,,,,,,,
935343,2015/16,2015-12-12,"Shere Bangla National Stadium, Mirpur",2,13.5,Rangpur Riders,Comilla Victorians,DJG Sammy,NLTC Perera,AD Russell,1,0,,,,,,,,,
935343,2015/16,2015-12-12,"Shere Bangla National Stadium, Mirpur",2,13.6,Rangpur Riders,Comilla Victorians,NLTC Perera,DJG Sammy,AD Russell,1,0,,,,,,,,,
935343,2015/16,2015-12-12,"Shere Bangla National Stadium, Mirpur",2,14.1,Rangpur Riders,Comilla Victorians,NLTC Perera,DJG Sammy,Abu Hider,1,0,,,,,,,,,
935343,2015/16,2015-12-12,"Shere Bangla National Stadium, Mirpur",2,14.2,Rangpur Riders,Comilla Victorians,DJG Sammy,NLTC Perera,Abu Hider,1,0,,,,,,,,,
935343,2015/16,2015-12-12,"Shere Bangla National Stadium, Mirpur",2,14.3,Rangpur Riders,Comilla Victorians,NLTC Perera,DJG Sammy,Abu Hider,4,0,,,,,,,,,
935343,2015/16,2015-12-12,"Shere Bangla National Stadium, Mirpur",2,14.4,Rangpur Riders,Comilla Victorians,NLTC Perera,DJG Sammy,Abu Hider,2,0,,,,,,,,,
935343,2015/16,2015-12-12,"Shere Bangla National Stadium, Mirpur",2,14.5,Rangpur Riders,Comilla Victorians,NLTC Perera,DJG Sammy,Abu Hider,0,0,,,,,,bowled,NLTC Perera,,
935343,2015/16,2015-12-12,"Shere Bangla National Stadium, Mirpur",2,14.6,Rangpur Riders,Comilla Victorians,Arafat Sunny,DJG Sammy,Abu Hider,1,0,,,,,,,,,
935343,2015/16,2015-12-12,"Shere Bangla National Stadium, Mirpur",2,15.1,Rangpur Riders,Comilla Victorians,Arafat Sunny,DJG Sammy,Ashar Zaidi,1,0,,,,,,,,,
935343,2015/16,2015-12-12,"Shere Bangla National Stadium, Mirpur",2,15.2,Rangpur Riders,Comilla Victorians,DJG Sammy,Arafat Sunny,Ashar Zaidi,0,0,,,,,,bowled,DJG Sammy,,
935343,2015/16,2015-12-12,"Shere Bangla National Stadium, Mirpur",2,15.3,Rangpur Riders,Comilla Victorians,Saqlain Sajib,Arafat Sunny,Ashar Zaidi,0,0,,,,,,,,,
935343,2015/16,2015-12-12,"Shere Bangla National Stadium, Mirpur",2,15.4,Rangpur Riders,Comilla Victorians,Saqlain Sajib,Arafat Sunny,Ashar Zaidi,1,0,,,,,,,,,
935343,2015/16,2015-12-12,"Shere Bangla National Stadium, Mirpur",2,15.5,Rangpur Riders,Comilla Victorians,Arafat Sunny,Saqlain Sajib,Ashar Zaidi,0,0,,,,,,,,,
935343,2015/16,2015-12-12,"Shere Bangla National Stadium, Mirpur",2,15.6,Rangpur Riders,Comilla Victorians,Arafat Sunny,Saqlain Sajib,Ashar Zaidi,0,1,1,,,,,,,,
935343,2015/16,2015-12-12,"Shere Bangla National Stadium, Mirpur",2,15.7,Rangpur Riders,Comilla Victorians,Arafat Sunny,Saqlain Sajib,Ashar Zaidi,1,0,,,,,,,,,
935343,2015/16,2015-12-12,"Shere Bangla National Stadium, Mirpur",2,16.1,Rangpur Riders,Comilla Victorians,Arafat Sunny,Saqlain Sajib,Abu Hider,0,0,,,,,,,,,
935343,2015/16,2015-12-12,"Shere Bangla National Stadium, Mirpur",2,16.2,Rangpur Riders,Comilla Victorians,Arafat Sunny,Saqlain Sajib,Abu Hider,0,0,,,,,,,,,
935343,2015/16,2015-12-12,"Shere Bangla National Stadium, Mirpur",2,16.3,Rangpur Riders,Comilla Victorians,Arafat Sunny,Saqlain Sajib,Abu Hider,0,0,,,,,,,,,
935343,2015/16,2015-12-12,"Shere Bangla National Stadium, Mirpur",2,16.4,Rangpur Riders,Comilla Victorians,Arafat Sunny,Saqlain Sajib,Abu Hider,4,0,,,,,,,,,
935343,2015/16,2015-12-12,"Shere Bangla National Stadium, Mirpur",2,16.5,Rangpur Riders,Comilla Victorians,Arafat Sunny,Saqlain Sajib,Abu Hider,0,0,,,,,,,,,
935343,2015/16,2015-12-12,"Shere Bangla National Stadium, Mirpur",2,16.6,Rangpur Riders,Comilla Victorians,Arafat Sunny,Saqlain Sajib,Abu Hider,0,0,,,,,,bowled,Arafat Sunny,,
