match_id,season,start_date,venue,innings,ball,batting_team,bowling_team,striker,non_striker,bowler,runs_off_bat,extras,wides,noballs,byes,legbyes,penalty,wicket_type,player_dismissed,other_wicket_type,other_player_dismissed
935311,2015/16,2015-12-01,"Zahur Ahmed Chowdhury Stadium, Chittagong",1,0.1,Chittagong Vikings,Rangpur Riders,Tamim Iqbal,TM Dilshan,DJG Sammy,4,0,,,,,,,,,
935311,2015/16,2015-12-01,"Zahur Ahmed Chowdhury Stadium, Chittagong",1,0.2,Chittagong Vikings,Rangpur Riders,Tamim Iqbal,TM Dilshan,DJG Sammy,0,0,,,,,,,,,
935311,2015/16,2015-12-01,"Zahur Ahmed Chowdhury Stadium, Chittagong",1,0.3,Chittagong Vikings,Rangpur Riders,Tamim Iqbal,TM Dilshan,DJG Sammy,1,0,,,,,,,,,
935311,2015/16,2015-12-01,"Zahur Ahmed Chowdhury Stadium, Chittagong",1,0.4,Chittagong Vikings,Rangpur Riders,TM Dilshan,Tamim Iqbal,DJG Sammy,0,0,,,,,,,,,
935311,2015/16,2015-12-01,"Zahur Ahmed Chowdhury Stadium, Chittagong",1,0.5,Chittagong Vikings,Rangpur Riders,TM Dilshan,Tamim Iqbal,DJG Sammy,0,0,,,,,,,,,
935311,2015/16,2015-12-01,"Zahur Ahmed Chowdhury Stadium, Chittagong",1,0.6,Chittagong Vikings,Rangpur Riders,TM Dilshan,Tamim Iqbal,DJG Sammy,0,0,,,,,,,,,
935311,2015/16,2015-12-01,"Zahur Ahmed Chowdhury Stadium, Chittagong",1,1.1,Chittagong Vikings,Rangpur Riders,Tamim Iqbal,TM Dilshan,Mohammad Nabi,0,0,,,,,,,,,
935311,2015/16,2015-12-01,"Zahur Ahmed Chowdhury Stadium, Chittagong",1,1.2,Chittagong Vikings,Rangpur Riders,Tamim Iqbal,TM Dilshan,Mohammad Nabi,0,0,,,,,,,,,
935311,2015/16,2015-12-01,"Zahur Ahmed Chowdhury Stadium, Chittagong",1,1.3,Chittagong Vikings,Rangpur Riders,Tamim Iqbal,TM Dilshan,Mohammad Nabi,0,0,,,,,,,,,
935311,2015/16,2015-12-01,"Zahur Ahmed Chowdhury Stadium, Chittagong",1,1.4,Chittagong Vikings,Rangpur Riders,Tamim Iqbal,TM Dilshan,Mohammad Nabi,0,1,1,,,,,,,,
935311,2015/16,2015-12-01,"Zahur Ahmed Chowdhury Stadium, Chittagong",1,1.5,Chittagong Vikings,Rangpur Riders,Tamim Iqbal,TM Dilshan,Mohammad Nabi,2,0,,,,,,,,,
935311,2015/16,2015-12-01,"Zahur Ahmed Chowdhury Stadium, Chittagong",1,1.6,Chittagong Vikings,Rangpur Riders,Tamim Iqbal,TM Dilshan,Mohammad Nabi,1,0,,,,,,,,,
935311,2015/16,2015-12-01,"Zahur Ahmed Chowdhury Stadium, Chittagong",1,1.7,Chittagong Vikings,Rangpur Riders,TM Dilshan,Tamim Iqbal,Mohammad Nabi,0,0,,,,,,,,,
935311,2015/16,2015-12-01,"Zahur Ahmed Chowdhury Stadium, Chittagong",1,2.1,Chittagong Vikings,Rangpur Riders,Tamim Iqbal,TM Dilshan,DJG Sammy,0,0,,,,,,,,,
935311,2015/16,2015-12-01,"Zahur Ahmed Chowdhury Stadium, Chittagong",1,2.2,Chittagong Vikings,Rangpur Riders,Tamim Iqbal,TM Dilshan,DJG Sammy,1,0,,,,,,,,,
935311,2015/16,2015-12-01,"Zahur Ahmed Chowdhury Stadium, Chittagong",1,2.3,Chittagong Vikings,Rangpur Riders,TM Dilshan,Tamim Iqbal,DJG Sammy,1,0,,,,,,,,,
935311,2015/16,2015-12-01,"Zahur Ahmed Chowdhury Stadium, Chittagong",1,2.4,Chittagong Vikings,Rangpur Riders,Tamim Iqbal,TM Dilshan,DJG Sammy,4,0,,,,,,,,,
935311,2015/16,2015-12-01,"Zahur Ahmed Chowdhury Stadium, Chittagong",1,2.5,Chittagong Vikings,Rangpur Riders,Tamim Iqbal,TM Dilshan,DJG Sammy,0,0,,,,,,,,,
935311,2015/16,2015-12-01,"Zahur Ahmed Chowdhury Stadium, Chittagong",1,2.6,Chittagong Vikings,Rangpur Riders,Tamim Iqbal,TM Dilshan,DJG Sammy,0,0,,,,,,,,,
935311,2015/16,2015-12-01,"Zahur Ahmed Chowdhury Stadium, Chittagong",1,3.1,Chittagong Vikings,Rangpur Riders,TM Dilshan,Tamim Iqbal,Mohammad Nabi,2,0,,,,,,,,,
935311,2015/16,2015-12-01,"Zahur Ahmed Chowdhury Stadium, Chittagong",1,3.2,Chittagong Vikings,Rangpur Riders,TM Dilshan,Tamim Iqbal,Mohammad Nabi,4,0,,,,,,,,,
935311,2015/16,2015-12-01,"Zahur Ahmed Chowdhury Stadium, Chittagong",1,3.3,Chittagong Vikings,Rangpur Riders,TM Dilshan,Tamim Iqbal,Mohammad Nabi,0,0,,,,,,,,,
935311,2015/16,2015-12-01,"Zahur Ahmed Chowdhury Stadium, Chittagong",1,3.4,Chittagong Vikings,Rangpur Riders,TM Dilshan,Tamim Iqbal,Mohammad Nabi,4,0,,,,,,,,,
935311,2015/16,2015-12-01,"Zahur Ahmed Chowdhury Stadium, Chittagong",1,3.5,Chittagong Vikings,Rangpur Riders,TM Dilshan,Tamim Iqbal,Mohammad Nabi,1,0,,,,,,,,,
935311,2015/16,2015-12-01,"Zahur Ahmed Chowdhury Stadium, Chittagong",1,3.6,Chittagong Vikings,Rangpur Riders,Tamim Iqbal,TM Dilshan,Mohammad Nabi,1,0,,,,,,,,,
935311,2015/16,2015-12-01,"Zahur Ahmed Chowdhury Stadium, Chittagong",1,4.1,Chittagong Vikings,Rangpur Riders,Tamim Iqbal,TM Dilshan,Shakib Al Hasan,0,2,2,,,,,,,,
935311,2015/16,2015-12-01,"Zahur Ahmed Chowdhury Stadium, Chittagong",1,4.2,Chittagong Vikings,Rangpur Riders,TM Dilshan,Tamim Iqbal,Shakib Al Hasan,1,0,,,,,,,,,
935311,2015/16,2015-12-01,"Zahur Ahmed Chowdhury Stadium, Chittagong",1,4.3,Chittagong Vikings,Rangpur Riders,Tamim Iqbal,TM Dilshan,Shakib Al Hasan,0,0,,,,,,,,,
935311,2015/16,2015-12-01,"Zahur Ahmed Chowdhury Stadium, Chittagong",1,4.4,Chittagong Vikings,Rangpur Riders,Tamim Iqbal,TM Dilshan,Shakib Al Hasan,0,0,,,,,,,,,
935311,2015/16,2015-12-01,"Zahur Ahmed Chowdhury Stadium, Chittagong",1,4.5,Chittagong Vikings,Rangpur Riders,Tamim Iqbal,TM Dilshan,Shakib Al Hasan,1,0,,,,,,,,,
935311,2015/16,2015-12-01,"Zahur Ahmed Chowdhury Stadium, Chittagong",1,4.6,Chittagong Vikings,Rangpur Riders,TM Dilshan,Tamim Iqbal,Shakib Al Hasan,4,0,,,,,,,,,
935311,2015/16,2015-12-01,"Zahur Ahmed Chowdhury Stadium, Chittagong",1,4.7,Chittagong Vikings,Rangpur Riders,TM Dilshan,Tamim Iqbal,Shakib Al Hasan,0,0,,,,,,,,,
935311,2015/16,2015-12-01,"Zahur Ahmed Chowdhury Stadium, Chittagong",1,5.1,Chittagong Vikings,Rangpur Riders,Tamim Iqbal,TM Dilshan,Mohammad Nabi,0,0,,,,,,,,,
935311,2015/16,2015-12-01,"Zahur Ahmed Chowdhury Stadium, Chittagong",1,5.2,Chittagong Vikings,Rangpur Riders,Tamim Iqbal,TM Dilshan,Mohammad Nabi,0,0,,,,,,,,,
935311,2015/16,2015-12-01,"Zahur Ahmed Chowdhury Stadium, Chittagong",1,5.3,Chittagong Vikings,Rangpur Riders,Tamim Iqbal,TM Dilshan,Mohammad Nabi,1,0,,,,,,,,,
935311,2015/16,2015-12-01,"Zahur Ahmed Chowdhury Stadium, Chittagong",1,5.4,Chittagong Vikings,Rangpur Riders,TM Dilshan,Tamim Iqbal,Mohammad Nabi,0,0,,,,,,,,,
935311,2015/16,2015-12-01,"Zahur Ahmed Chowdhury Stadium, Chittagong",1,5.5,Chittagong Vikings,Rangpur Riders,TM Dilshan,Tamim Iqbal,Mohammad Nabi,0,0,,,,,,,,,
935311,2015/16,2015-12-01,"Zahur Ahmed Chowdhury Stadium, Chittagong",1,5.6,Chittagong Vikings,Rangpur Riders,TM Dilshan,Tamim Iqbal,Mohammad Nabi,0,0,,,,,,,,,
935311,2015/16,2015-12-01,"Zahur Ahmed Chowdhury Stadium, Chittagong",1,6.1,Chittagong Vikings,Rangpur Riders,Tamim Iqbal,TM Dilshan,Arafat Sunny,1,0,,,,,,,,,
935311,2015/16,2015-12-01,"Zahur Ahmed Chowdhury Stadium, Chittagong",1,6.2,Chittagong Vikings,Rangpur Riders,TM Dilshan,Tamim Iqbal,Arafat Sunny,0,0,,,,,,,,,
935311,2015/16,2015-12-01,"Zahur Ahmed Chowdhury Stadium, Chittagong",1,6.3,Chittagong Vikings,Rangpur Riders,TM Dilshan,Tamim Iqbal,Arafat Sunny,1,0,,,,,,,,,
935311,2015/16,2015-12-01,"Zahur Ahmed Chowdhury Stadium, Chittagong",1,6.4,Chittagong Vikings,Rangpur Riders,Tamim Iqbal,TM Dilshan,Arafat Sunny,1,0,,,,,,,,,
935311,2015/16,2015-12-01,"Zahur Ahmed Chowdhury Stadium, Chittagong",1,6.5,Chittagong Vikings,Rangpur Riders,TM Dilshan,Tamim Iqbal,Arafat Sunny,0,0,,,,,,caught,TM Dilshan,,
935311,2015/16,2015-12-01,"Zahur Ahmed Chowdhury Stadium, Chittagong",1,6.6,Chittagong Vikings,Rangpur Riders,Tamim Iqbal,Kamran Akmal,Arafat Sunny,1,0,,,,,,,,,
935311,2015/16,2015-12-01,"Zahur Ahmed Chowdhury Stadium, Chittagong",1,7.1,Chittagong Vikings,Rangpur Riders,Tamim Iqbal,Kamran Akmal,Muktar Ali,1,0,,,,,,,,,
935311,2015/16,2015-12-01,"Zahur Ahmed Chowdhury Stadium, Chittagong",1,7.2,Chittagong Vikings,Rangpur Riders,Kamran Akmal,Tamim Iqbal,Muktar Ali,0,0,,,,,,,,,
935311,2015/16,2015-12-01,"Zahur Ahmed Chowdhury Stadium, Chittagong",1,7.3,Chittagong Vikings,Rangpur Riders,Kamran Akmal,Tamim Iqbal,Muktar Ali,1,0,,,,,,,,,
935311,2015/16,2015-12-01,"Zahur Ahmed Chowdhury Stadium, Chittagong",1,7.4,Chittagong Vikings,Rangpur Riders,Tamim Iqbal,Kamran Akmal,Muktar Ali,1,0,,,,,,,,,
935311,2015/16,2015-12-01,"Zahur Ahmed Chowdhury Stadium, Chittagong",1,7.5,Chittagong Vikings,Rangpur Riders,Kamran Akmal,Tamim Iqbal,Muktar Ali,1,0,,,,,,,,,
935311,2015/16,2015-12-01,"Zahur Ahmed Chowdhury Stadium, Chittagong",1,7.6,Chittagong Vikings,Rangpur Riders,Tamim Iqbal,Kamran Akmal,Muktar Ali,1,0,,,,,,,,,
935311,2015/16,2015-12-01,"Zahur Ahmed Chowdhury Stadium, Chittagong",1,8.1,Chittagong Vikings,Rangpur Riders,Tamim Iqbal,Kamran Akmal,Arafat Sunny,1,0,,,,,,,,,
935311,2015/16,2015-12-01,"Zahur Ahmed Chowdhury Stadium, Chittagong",1,8.2,Chittagong Vikings,Rangpur Riders,Kamran Akmal,Tamim Iqbal,Arafat Sunny,6,0,,,,,,,,,
935311,2015/16,2015-12-01,"Zahur Ahmed Chowdhury Stadium, Chittagong",1,8.3,Chittagong Vikings,Rangpur Riders,Kamran Akmal,Tamim Iqbal,Arafat Sunny,4,0,,,,,,,,,
935311,2015/16,2015-12-01,"Zahur Ahmed Chowdhury Stadium, Chittagong",1,8.4,Chittagong Vikings,Rangpur Riders,Kamran Akmal,Tamim Iqbal,Arafat Sunny,0,0,,,,,,,,,
935311,2015/16,2015-12-01,"Zahur Ahmed Chowdhury Stadium, Chittagong",1,8.5,Chittagong Vikings,Rangpur Riders,Kamran Akmal,Tamim Iqbal,Arafat Sunny,0,0,,,,,,bowled,Kamran Akmal,,
935311,2015/16,2015-12-01,"Zahur Ahmed Chowdhury Stadium, Chittagong",1,8.6,Chittagong Vikings,Rangpur Riders,Anamul Haque,Tamim Iqbal,Arafat Sunny,1,0,,,,,,,,,
935311,2015/16,2015-12-01,"Zahur Ahmed Chowdhury Stadium, Chittagong",1,9.1,Chittagong Vikings,Rangpur Riders,Anamul Haque,Tamim Iqbal,Muktar Ali,1,0,,,,,,,,,
935311,2015/16,2015-12-01,"Zahur Ahmed Chowdhury Stadium, Chittagong",1,9.2,Chittagong Vikings,Rangpur Riders,Tamim Iqbal,Anamul Haque,Muktar Ali,0,0,,,,,,,,,
935311,2015/16,2015-12-01,"Zahur Ahmed Chowdhury Stadium, Chittagong",1,9.3,Chittagong Vikings,Rangpur Riders,Tamim Iqbal,Anamul Haque,Muktar Ali,0,0,,,,,,,,,
935311,2015/16,2015-12-01,"Zahur Ahmed Chowdhury Stadium, Chittagong",1,9.4,Chittagong Vikings,Rangpur Riders,Tamim Iqbal,Anamul Haque,Muktar Ali,1,0,,,,,,,,,
935311,2015/16,2015-12-01,"Zahur Ahmed Chowdhury Stadium, Chittagong",1,9.5,Chittagong Vikings,Rangpur Riders,Anamul Haque,Tamim Iqbal,Muktar Ali,1,0,,,,,,,,,
935311,2015/16,2015-12-01,"Zahur Ahmed Chowdhury Stadium, Chittagong",1,9.6,Chittagong Vikings,Rangpur Riders,Tamim Iqbal,Anamul Haque,Muktar Ali,2,0,,,,,,,,,
935311,2015/16,2015-12-01,"Zahur Ahmed Chowdhury Stadium, Chittagong",1,10.1,Chittagong Vikings,Rangpur Riders,Anamul Haque,Tamim Iqbal,Arafat Sunny,1,0,,,,,,,,,
935311,2015/16,2015-12-01,"Zahur Ahmed Chowdhury Stadium, Chittagong",1,10.2,Chittagong Vikings,Rangpur Riders,Tamim Iqbal,Anamul Haque,Arafat Sunny,1,0,,,,,,,,,
935311,2015/16,2015-12-01,"Zahur Ahmed Chowdhury Stadium, Chittagong",1,10.3,Chittagong Vikings,Rangpur Riders,Anamul Haque,Tamim Iqbal,Arafat Sunny,1,0,,,,,,,,,
935311,2015/16,2015-12-01,"Zahur Ahmed Chowdhury Stadium, Chittagong",1,10.4,Chittagong Vikings,Rangpur Riders,Tamim Iqbal,Anamul Haque,Arafat Sunny,1,0,,,,,,,,,
935311,2015/16,2015-12-01,"Zahur Ahmed Chowdhury Stadium, Chittagong",1,10.5,Chittagong Vikings,Rangpur Riders,Anamul Haque,Tamim Iqbal,Arafat Sunny,1,0,,,,,,,,,
935311,2015/16,2015-12-01,"Zahur Ahmed Chowdhury Stadium, Chittagong",1,10.6,Chittagong Vikings,Rangpur Riders,Tamim Iqbal,Anamul Haque,Arafat Sunny,1,0,,,,,,,,,
935311,2015/16,2015-12-01,"Zahur Ahmed Chowdhury Stadium, Chittagong",1,11.1,Chittagong Vikings,Rangpur Riders,Tamim Iqbal,Anamul Haque,NLTC Perera,1,0,,,,,,,,,
935311,2015/16,2015-12-01,"Zahur Ahmed Chowdhury Stadium, Chittagong",1,11.2,Chittagong Vikings,Rangpur Riders,Anamul Haque,Tamim Iqbal,NLTC Perera,0,0,,,,,,,,,
935311,2015/16,2015-12-01,"Zahur Ahmed Chowdhury Stadium, Chittagong",1,11.3,Chittagong Vikings,Rangpur Riders,Anamul Haque,Tamim Iqbal,NLTC Perera,1,0,,,,,,,,,
935311,2015/16,2015-12-01,"Zahur Ahmed Chowdhury Stadium, Chittagong",1,11.4,Chittagong Vikings,Rangpur Riders,Tamim Iqbal,Anamul Haque,NLTC Perera,1,0,,,,,,,,,
935311,2015/16,2015-12-01,"Zahur Ahmed Chowdhury Stadium, Chittagong",1,11.5,Chittagong Vikings,Rangpur Riders,Anamul Haque,Tamim Iqbal,NLTC Perera,1,0,,,,,,,,,
935311,2015/16,2015-12-01,"Zahur Ahmed Chowdhury Stadium, Chittagong",1,11.6,Chittagong Vikings,Rangpur Riders,Tamim Iqbal,Anamul Haque,NLTC Perera,1,0,,,,,,,,,
935311,2015/16,2015-12-01,"Zahur Ahmed Chowdhury Stadium, Chittagong",1,12.1,Chittagong Vikings,Rangpur Riders,Tamim Iqbal,Anamul Haque,Saqlain Sajib,1,0,,,,,,,,,
935311,2015/16,2015-12-01,"Zahur Ahmed Chowdhury Stadium, Chittagong",1,12.2,Chittagong Vikings,Rangpur Riders,Anamul Haque,Tamim Iqbal,Saqlain Sajib,6,0,,,,,,,,,
935311,2015/16,2015-12-01,"Zahur Ahmed Chowdhury Stadium, Chittagong",1,12.3,Chittagong Vikings,Rangpur Riders,Anamul Haque,Tamim Iqbal,Saqlain Sajib,0,0,,,,,,caught,Anamul Haque,,
935311,2015/16,2015-12-01,"Zahur Ahmed Chowdhury Stadium, Chittagong",1,12.4,Chittagong Vikings,Rangpur Riders,Tamim Iqbal,Umar Akmal,Saqlain Sajib,2,0,,,,,,,,,
935311,2015/16,2015-12-01,"Zahur Ahmed Chowdhury Stadium, Chittagong",1,12.5,Chittagong Vikings,Rangpur Riders,Tamim Iqbal,Umar Akmal,Saqlain Sajib,0,0,,,,,,,,,
935311,2015/16,2015-12-01,"Zahur Ahmed Chowdhury Stadium, Chittagong",1,12.6,Chittagong Vikings,Rangpur Riders,Tamim Iqbal,Umar Akmal,Saqlain Sajib,1,0,,,,,,,,,
935311,2015/16,2015-12-01,"Zahur Ahmed Chowdhury Stadium, Chittagong",1,13.1,Chittagong Vikings,Rangpur Riders,Tamim Iqbal,Umar Akmal,Mohammad Nabi,0,0,,,,,,,,,
935311,2015/16,2015-12-01,"Zahur Ahmed Chowdhury Stadium, Chittagong",1,13.2,Chittagong Vikings,Rangpur Riders,Tamim Iqbal,Umar Akmal,Mohammad Nabi,0,0,,,,,,caught,Tamim Iqbal,,
935311,2015/16,2015-12-01,"Zahur Ahmed Chowdhury Stadium, Chittagong",1,13.3,Chittagong Vikings,Rangpur Riders,Umar Akmal,Ziaur Rahman,Mohammad Nabi,0,0,,,,,,,,,
935311,2015/16,2015-12-01,"Zahur Ahmed Chowdhury Stadium, Chittagong",1,13.4,Chittagong Vikings,Rangpur Riders,Umar Akmal,Ziaur Rahman,Mohammad Nabi,1,0,,,,,,,,,
935311,2015/16,2015-12-01,"Zahur Ahmed Chowdhury Stadium, Chittagong",1,13.5,Chittagong Vikings,Rangpur Riders,Ziaur Rahman,Umar Akmal,Mohammad Nabi,0,0,,,,,,,,,
935311,2015/16,2015-12-01,"Zahur Ahmed Chowdhury Stadium, Chittagong",1,13.6,Chittagong Vikings,Rangpur Riders,Ziaur Rahman,Umar Akmal,Mohammad Nabi,0,0,,,,,,,,,
935311,2015/16,2015-12-01,"Zahur Ahmed Chowdhury Stadium, Chittagong",1,14.1,Chittagong Vikings,Rangpur Riders,Umar Akmal,Ziaur Rahman,Shakib Al Hasan,0,0,,,,,,,,,
935311,2015/16,2015-12-01,"Zahur Ahmed Chowdhury Stadium, Chittagong",1,14.2,Chittagong Vikings,Rangpur Riders,Umar Akmal,Ziaur Rahman,Shakib Al Hasan,0,0,,,,,,,,,
935311,2015/16,2015-12-01,"Zahur Ahmed Chowdhury Stadium, Chittagong",1,14.3,Chittagong Vikings,Rangpur Riders,Umar Akmal,Ziaur Rahman,Shakib Al Hasan,0,0,,,,,,,,,
935311,2015/16,2015-12-01,"Zahur Ahmed Chowdhury Stadium, Chittagong",1,14.4,Chittagong Vikings,Rangpur Riders,Umar Akmal,Ziaur Rahman,Shakib Al Hasan,0,0,,,,,,,,,
935311,2015/16,2015-12-01,"Zahur Ahmed Chowdhury Stadium, Chittagong",1,14.5,Chittagong Vikings,Rangpur Riders,Umar Akmal,Ziaur Rahman,Shakib Al Hasan,0,0,,,,,,,,,
935311,2015/16,2015-12-01,"Zahur Ahmed Chowdhury Stadium, Chittagong",1,14.6,Chittagong Vikings,Rangpur Riders,Umar Akmal,Ziaur Rahman,Shakib Al Hasan,0,0,,,,,,caught,Umar Akmal,,
935311,2015/16,2015-12-01,"Zahur Ahmed Chowdhury Stadium, Chittagong",1,15.1,Chittagong Vikings,Rangpur Riders,Ziaur Rahman,Naeem Islam,Arafat Sunny,1,0,,,,,,,,,
935311,2015/16,2015-12-01,"Zahur Ahmed Chowdhury Stadium, Chittagong",1,15.2,Chittagong Vikings,Rangpur Riders,Naeem Islam,Ziaur Rahman,Arafat Sunny,0,0,,,,,,,,,
935311,2015/16,2015-12-01,"Zahur Ahmed Chowdhury Stadium, Chittagong",1,15.3,Chittagong Vikings,Rangpur Riders,Naeem Islam,Ziaur Rahman,Arafat Sunny,2,0,,,,,,,,,
935311,2015/16,2015-12-01,"Zahur Ahmed Chowdhury Stadium, Chittagong",1,15.4,Chittagong Vikings,Rangpur Riders,Naeem Islam,Ziaur Rahman,Arafat Sunny,1,0,,,,,,,,,
935311,2015/16,2015-12-01,"Zahur Ahmed Chowdhury Stadium, Chittagong",1,15.5,Chittagong Vikings,Rangpur Riders,Ziaur Rahman,Naeem Islam,Arafat Sunny,0,0,,,,,,,,,
935311,2015/16,2015-12-01,"Zahur Ahmed Chowdhury Stadium, Chittagong",1,15.6,Chittagong Vikings,Rangpur Riders,Ziaur Rahman,Naeem Islam,Arafat Sunny,1,0,,,,,,,,,
935311,2015/16,2015-12-01,"Zahur Ahmed Chowdhury Stadium, Chittagong",1,16.1,Chittagong Vikings,Rangpur Riders,Ziaur Rahman,Naeem Islam,Shakib Al Hasan,1,0,,,,,,,,,
935311,2015/16,2015-12-01,"Zahur Ahmed Chowdhury Stadium, Chittagong",1,16.2,Chittagong Vikings,Rangpur Riders,Naeem Islam,Ziaur Rahman,Shakib Al Hasan,0,0,,,,,,,,,
935311,2015/16,2015-12-01,"Zahur Ahmed Chowdhury Stadium, Chittagong",1,16.3,Chittagong Vikings,Rangpur Riders,Naeem Islam,Ziaur Rahman,Shakib Al Hasan,0,0,,,,,,,,,
935311,2015/16,2015-12-01,"Zahur Ahmed Chowdhury Stadium, Chittagong",1,16.4,Chittagong Vikings,Rangpur Riders,Naeem Islam,Ziaur Rahman,Shakib Al Hasan,0,0,,,,,,,,,
935311,2015/16,2015-12-01,"Zahur Ahmed Chowdhury Stadium, Chittagong",1,16.5,Chittagong Vikings,Rangpur Riders,Naeem Islam,Ziaur Rahman,Shakib Al Hasan,0,0,,,,,,,,,
935311,2015/16,2015-12-01,"Zahur Ahmed Chowdhury Stadium, Chittagong",1,16.6,Chittagong Vikings,Rangpur Riders,Naeem Islam,Ziaur Rahman,Shakib Al Hasan,1,0,,,,,,,,,
935311,2015/16,2015-12-01,"Zahur Ahmed Chowdhury Stadium, Chittagong",1,17.1,Chittagong Vikings,Rangpur Riders,Naeem Islam,Ziaur Rahman,NLTC Perera,1,0,,,,,,,,,
935311,2015/16,2015-12-01,"Zahur Ahmed Chowdhury Stadium, Chittagong",1,17.2,Chittagong Vikings,Rangpur Riders,Ziaur Rahman,Naeem Islam,NLTC Perera,0,0,,,,,,caught,Ziaur Rahman,,
935311,2015/16,2015-12-01,"Zahur Ahmed Chowdhury Stadium, Chittagong",1,17.3,Chittagong Vikings,Rangpur Riders,Naeem Islam,Mohammad Amir,NLTC Perera,1,0,,,,,,,,,
935311,2015/16,2015-12-01,"Zahur Ahmed Chowdhury Stadium, Chittagong",1,17.4,Chittagong Vikings,Rangpur Riders,Mohammad Amir,Naeem Islam,NLTC Perera,1,0,,,,,,,,,
935311,2015/16,2015-12-01,"Zahur Ahmed Chowdhury Stadium, Chittagong",1,17.5,Chittagong Vikings,Rangpur Riders,Naeem Islam,Mohammad Amir,NLTC Perera,1,0,,,,,,,,,
935311,2015/16,2015-12-01,"Zahur Ahmed Chowdhury Stadium, Chittagong",1,17.6,Chittagong Vikings,Rangpur Riders,Mohammad Amir,Naeem Islam,NLTC Perera,1,0,,,,,,,,,
935311,2015/16,2015-12-01,"Zahur Ahmed Chowdhury Stadium, Chittagong",1,18.1,Chittagong Vikings,Rangpur Riders,Mohammad Amir,Naeem Islam,Shakib Al Hasan,0,0,,,,,,caught,Mohammad Amir,,
935311,2015/16,2015-12-01,"Zahur Ahmed Chowdhury Stadium, Chittagong",1,18.2,Chittagong Vikings,Rangpur Riders,Shafiul Islam,Naeem Islam,Shakib Al Hasan,0,0,,,,,,,,,
935311,2015/16,2015-12-01,"Zahur Ahmed Chowdhury Stadium, Chittagong",1,18.3,Chittagong Vikings,Rangpur Riders,Shafiul Islam,Naeem Islam,Shakib Al Hasan,0,0,,,,,,,,,
935311,2015/16,2015-12-01,"Zahur Ahmed Chowdhury Stadium, Chittagong",1,18.4,Chittagong Vikings,Rangpur Riders,Shafiul Islam,Naeem Islam,Shakib Al Hasan,1,0,,,,,,,,,
935311,2015/16,2015-12-01,"Zahur Ahmed Chowdhury Stadium, Chittagong",1,18.5,Chittagong Vikings,Rangpur Riders,Naeem Islam,Shafiul Islam,Shakib Al Hasan,4,0,,,,,,,,,
935311,2015/16,2015-12-01,"Zahur Ahmed Chowdhury Stadium, Chittagong",1,18.6,Chittagong Vikings,Rangpur Riders,Naeem Islam,Shafiul Islam,Shakib Al Hasan,1,0,,,,,,,,,
935311,2015/16,2015-12-01,"Zahur Ahmed Chowdhury Stadium, Chittagong",1,19.1,Chittagong Vikings,Rangpur Riders,Naeem Islam,Shafiul Islam,NLTC Perera,2,0,,,,,,,,,
935311,2015/16,2015-12-01,"Zahur Ahmed Chowdhury Stadium, Chittagong",1,19.2,Chittagong Vikings,Rangpur Riders,Naeem Islam,Shafiul Islam,NLTC Perera,1,0,,,,,,,,,
935311,2015/16,2015-12-01,"Zahur Ahmed Chowdhury Stadium, Chittagong",1,19.3,Chittagong Vikings,Rangpur Riders,Shafiul Islam,Naeem Islam,NLTC Perera,4,0,,,,,,,,,
935311,2015/16,2015-12-01,"Zahur Ahmed Chowdhury Stadium, Chittagong",1,19.4,Chittagong Vikings,Rangpur Riders,Shafiul Islam,Naeem Islam,NLTC Perera,1,0,,,,,,,,,
935311,2015/16,2015-12-01,"Zahur Ahmed Chowdhury Stadium, Chittagong",1,19.5,Chittagong Vikings,Rangpur Riders,Naeem Islam,Shafiul Islam,NLTC Perera,1,0,,,,,,,,,
935311,2015/16,2015-12-01,"Zahur Ahmed Chowdhury Stadium, Chittagong",1,19.6,Chittagong Vikings,Rangpur Riders,Shafiul Islam,Naeem Islam,NLTC Perera,0,0,,,,,,run out,Shafiul Islam,,
935311,2015/16,2015-12-01,"Zahur Ahmed Chowdhury Stadium, Chittagong",2,0.1,Rangpur Riders,Chittagong Vikings,Jahurul Islam,Soumya Sarkar,Naeem Islam,0,0,,,,,,,,,
935311,2015/16,2015-12-01,"Zahur Ahmed Chowdhury Stadium, Chittagong",2,0.2,Rangpur Riders,Chittagong Vikings,Jahurul Islam,Soumya Sarkar,Naeem Islam,1,0,,,,,,,,,
935311,2015/16,2015-12-01,"Zahur Ahmed Chowdhury Stadium, Chittagong",2,0.3,Rangpur Riders,Chittagong Vikings,Soumya Sarkar,Jahurul Islam,Naeem Islam,0,0,,,,,,,,,
935311,2015/16,2015-12-01,"Zahur Ahmed Chowdhury Stadium, Chittagong",2,0.4,Rangpur Riders,Chittagong Vikings,Soumya Sarkar,Jahurul Islam,Naeem Islam,0,0,,,,,,,,,
935311,2015/16,2015-12-01,"Zahur Ahmed Chowdhury Stadium, Chittagong",2,0.5,Rangpur Riders,Chittagong Vikings,Soumya Sarkar,Jahurul Islam,Naeem Islam,0,0,,,,,,,,,
935311,2015/16,2015-12-01,"Zahur Ahmed Chowdhury Stadium, Chittagong",2,0.6,Rangpur Riders,Chittagong Vikings,Soumya Sarkar,Jahurul Islam,Naeem Islam,0,0,,,,,,,,,
935311,2015/16,2015-12-01,"Zahur Ahmed Chowdhury Stadium, Chittagong",2,1.1,Rangpur Riders,Chittagong Vikings,Jahurul Islam,Soumya Sarkar,Mohammad Amir,0,0,,,,,,,,,
935311,2015/16,2015-12-01,"Zahur Ahmed Chowdhury Stadium, Chittagong",2,1.2,Rangpur Riders,Chittagong Vikings,Jahurul Islam,Soumya Sarkar,Mohammad Amir,0,0,,,,,,,,,
935311,2015/16,2015-12-01,"Zahur Ahmed Chowdhury Stadium, Chittagong",2,1.3,Rangpur Riders,Chittagong Vikings,Jahurul Islam,Soumya Sarkar,Mohammad Amir,1,0,,,,,,,,,
935311,2015/16,2015-12-01,"Zahur Ahmed Chowdhury Stadium, Chittagong",2,1.4,Rangpur Riders,Chittagong Vikings,Soumya Sarkar,Jahurul Islam,Mohammad Amir,0,0,,,,,,,,,
935311,2015/16,2015-12-01,"Zahur Ahmed Chowdhury Stadium, Chittagong",2,1.5,Rangpur Riders,Chittagong Vikings,Soumya Sarkar,Jahurul Islam,Mohammad Amir,1,0,,,,,,,,,
935311,2015/16,2015-12-01,"Zahur Ahmed Chowdhury Stadium, Chittagong",2,1.6,Rangpur Riders,Chittagong Vikings,Jahurul Islam,Soumya Sarkar,Mohammad Amir,0,0,,,,,,,,,
935311,2015/16,2015-12-01,"Zahur Ahmed Chowdhury Stadium, Chittagong",2,2.1,Rangpur Riders,Chittagong Vikings,Soumya Sarkar,Jahurul Islam,Naeem Islam,0,0,,,,,,,,,
935311,2015/16,2015-12-01,"Zahur Ahmed Chowdhury Stadium, Chittagong",2,2.2,Rangpur Riders,Chittagong Vikings,Soumya Sarkar,Jahurul Islam,Naeem Islam,4,0,,,,,,,,,
935311,2015/16,2015-12-01,"Zahur Ahmed Chowdhury Stadium, Chittagong",2,2.3,Rangpur Riders,Chittagong Vikings,Soumya Sarkar,Jahurul Islam,Naeem Islam,1,0,,,,,,,,,
935311,2015/16,2015-12-01,"Zahur Ahmed Chowdhury Stadium, Chittagong",2,2.4,Rangpur Riders,Chittagong Vikings,Jahurul Islam,Soumya Sarkar,Naeem Islam,4,0,,,,,,,,,
935311,2015/16,2015-12-01,"Zahur Ahmed Chowdhury Stadium, Chittagong",2,2.5,Rangpur Riders,Chittagong Vikings,Jahurul Islam,Soumya Sarkar,Naeem Islam,0,0,,,,,,,,,
935311,2015/16,2015-12-01,"Zahur Ahmed Chowdhury Stadium, Chittagong",2,2.6,Rangpur Riders,Chittagong Vikings,Jahurul Islam,Soumya Sarkar,Naeem Islam,0,1,1,,,,,,,,
935311,2015/16,2015-12-01,"Zahur Ahmed Chowdhury Stadium, Chittagong",2,2.7,Rangpur Riders,Chittagong Vikings,Jahurul Islam,Soumya Sarkar,Naeem Islam,6,0,,,,,,,,,
935311,2015/16,2015-12-01,"Zahur Ahmed Chowdhury Stadium, Chittagong",2,3.1,Rangpur Riders,Chittagong Vikings,Soumya Sarkar,Jahurul Islam,Mohammad Amir,0,0,,,,,,,,,
935311,2015/16,2015-12-01,"Zahur Ahmed Chowdhury Stadium, Chittagong",2,3.2,Rangpur Riders,Chittagong Vikings,Soumya Sarkar,Jahurul Islam,Mohammad Amir,4,0,,,,,,,,,
935311,2015/16,2015-12-01,"Zahur Ahmed Chowdhury Stadium, Chittagong",2,3.3,Rangpur Riders,Chittagong Vikings,Soumya Sarkar,Jahurul Islam,Mohammad Amir,0,0,,,,,,,,,
935311,2015/16,2015-12-01,"Zahur Ahmed Chowdhury Stadium, Chittagong",2,3.4,Rangpur Riders,Chittagong Vikings,Soumya Sarkar,Jahurul Islam,Mohammad Amir,1,0,,,,,,,,,
935311,2015/16,2015-12-01,"Zahur Ahmed Chowdhury Stadium, Chittagong",2,3.5,Rangpur Riders,Chittagong Vikings,Jahurul Islam,Soumya Sarkar,Mohammad Amir,0,0,,,,,,,,,
935311,2015/16,2015-12-01,"Zahur Ahmed Chowdhury Stadium, Chittagong",2,3.6,Rangpur Riders,Chittagong Vikings,Jahurul Islam,Soumya Sarkar,Mohammad Amir,0,0,,,,,,,,,
935311,2015/16,2015-12-01,"Zahur Ahmed Chowdhury Stadium, Chittagong",2,4.1,Rangpur Riders,Chittagong Vikings,Soumya Sarkar,Jahurul Islam,TM Dilshan,0,0,,,,,,,,,
935311,2015/16,2015-12-01,"Zahur Ahmed Chowdhury Stadium, Chittagong",2,4.2,Rangpur Riders,Chittagong Vikings,Soumya Sarkar,Jahurul Islam,TM Dilshan,0,0,,,,,,,,,
935311,2015/16,2015-12-01,"Zahur Ahmed Chowdhury Stadium, Chittagong",2,4.3,Rangpur Riders,Chittagong Vikings,Soumya Sarkar,Jahurul Islam,TM Dilshan,1,0,,,,,,,,,
935311,2015/16,2015-12-01,"Zahur Ahmed Chowdhury Stadium, Chittagong",2,4.4,Rangpur Riders,Chittagong Vikings,Jahurul Islam,Soumya Sarkar,TM Dilshan,1,0,,,,,,,,,
935311,2015/16,2015-12-01,"Zahur Ahmed Chowdhury Stadium, Chittagong",2,4.5,Rangpur Riders,Chittagong Vikings,Soumya Sarkar,Jahurul Islam,TM Dilshan,0,0,,,,,,,,,
935311,2015/16,2015-12-01,"Zahur Ahmed Chowdhury Stadium, Chittagong",2,4.6,Rangpur Riders,Chittagong Vikings,Soumya Sarkar,Jahurul Islam,TM Dilshan,4,0,,,,,,,,,
935311,2015/16,2015-12-01,"Zahur Ahmed Chowdhury Stadium, Chittagong",2,5.1,Rangpur Riders,Chittagong Vikings,Jahurul Islam,Soumya Sarkar,Asif Hasan,0,0,,,,,,,,,
935311,2015/16,2015-12-01,"Zahur Ahmed Chowdhury Stadium, Chittagong",2,5.2,Rangpur Riders,Chittagong Vikings,Jahurul Islam,Soumya Sarkar,Asif Hasan,0,0,,,,,,,,,
935311,2015/16,2015-12-01,"Zahur Ahmed Chowdhury Stadium, Chittagong",2,5.3,Rangpur Riders,Chittagong Vikings,Jahurul Islam,Soumya Sarkar,Asif Hasan,0,0,,,,,,,,,
935311,2015/16,2015-12-01,"Zahur Ahmed Chowdhury Stadium, Chittagong",2,5.4,Rangpur Riders,Chittagong Vikings,Jahurul Islam,Soumya Sarkar,Asif Hasan,1,0,,,,,,,,,
935311,2015/16,2015-12-01,"Zahur Ahmed Chowdhury Stadium, Chittagong",2,5.5,Rangpur Riders,Chittagong Vikings,Soumya Sarkar,Jahurul Islam,Asif Hasan,1,0,,,,,,,,,
935311,2015/16,2015-12-01,"Zahur Ahmed Chowdhury Stadium, Chittagong",2,5.6,Rangpur Riders,Chittagong Vikings,Jahurul Islam,Soumya Sarkar,Asif Hasan,0,0,,,,,,,,,
935311,2015/16,2015-12-01,"Zahur Ahmed Chowdhury Stadium, Chittagong",2,6.1,Rangpur Riders,Chittagong Vikings,Soumya Sarkar,Jahurul Islam,Taskin Ahmed,1,0,,,,,,,,,
935311,2015/16,2015-12-01,"Zahur Ahmed Chowdhury Stadium, Chittagong",2,6.2,Rangpur Riders,Chittagong Vikings,Jahurul Islam,Soumya Sarkar,Taskin Ahmed,0,0,,,,,,,,,
935311,2015/16,2015-12-01,"Zahur Ahmed Chowdhury Stadium, Chittagong",2,6.3,Rangpur Riders,Chittagong Vikings,Jahurul Islam,Soumya Sarkar,Taskin Ahmed,1,0,,,,,,,,,
935311,2015/16,2015-12-01,"Zahur Ahmed Chowdhury Stadium, Chittagong",2,6.4,Rangpur Riders,Chittagong Vikings,Soumya Sarkar,Jahurul Islam,Taskin Ahmed,0,4,,,,4,,,,,
935311,2015/16,2015-12-01,"Zahur Ahmed Chowdhury Stadium, Chittagong",2,6.5,Rangpur Riders,Chittagong Vikings,Soumya Sarkar,Jahurul Islam,Taskin Ahmed,1,0,,,,,,,,,
935311,2015/16,2015-12-01,"Zahur Ahmed Chowdhury Stadium, Chittagong",2,6.6,Rangpur Riders,Chittagong Vikings,Jahurul Islam,Soumya Sarkar,Taskin Ahmed,0,1,1,,,,,,,,
935311,2015/16,2015-12-01,"Zahur Ahmed Chowdhury Stadium, Chittagong",2,6.7,Rangpur Riders,Chittagong Vikings,Jahurul Islam,Soumya Sarkar,Taskin Ahmed,2,0,,,,,,,,,
935311,2015/16,2015-12-01,"Zahur Ahmed Chowdhury Stadium, Chittagong",2,7.1,Rangpur Riders,Chittagong Vikings,Soumya Sarkar,Jahurul Islam,Asif Hasan,4,0,,,,,,,,,
935311,2015/16,2015-12-01,"Zahur Ahmed Chowdhury Stadium, Chittagong",2,7.2,Rangpur Riders,Chittagong Vikings,Soumya Sarkar,Jahurul Islam,Asif Hasan,0,0,,,,,,,,,
935311,2015/16,2015-12-01,"Zahur Ahmed Chowdhury Stadium, Chittagong",2,7.3,Rangpur Riders,Chittagong Vikings,Soumya Sarkar,Jahurul Islam,Asif Hasan,1,0,,,,,,,,,
935311,2015/16,2015-12-01,"Zahur Ahmed Chowdhury Stadium, Chittagong",2,7.4,Rangpur Riders,Chittagong Vikings,Jahurul Islam,Soumya Sarkar,Asif Hasan,0,0,,,,,,,,,
935311,2015/16,2015-12-01,"Zahur Ahmed Chowdhury Stadium, Chittagong",2,7.5,Rangpur Riders,Chittagong Vikings,Jahurul Islam,Soumya Sarkar,Asif Hasan,1,0,,,,,,,,,
935311,2015/16,2015-12-01,"Zahur Ahmed Chowdhury Stadium, Chittagong",2,7.6,Rangpur Riders,Chittagong Vikings,Soumya Sarkar,Jahurul Islam,Asif Hasan,0,0,,,,,,,,,
935311,2015/16,2015-12-01,"Zahur Ahmed Chowdhury Stadium, Chittagong",2,8.1,Rangpur Riders,Chittagong Vikings,Jahurul Islam,Soumya Sarkar,Taskin Ahmed,0,0,,,,,,,,,
935311,2015/16,2015-12-01,"Zahur Ahmed Chowdhury Stadium, Chittagong",2,8.2,Rangpur Riders,Chittagong Vikings,Jahurul Islam,Soumya Sarkar,Taskin Ahmed,1,0,,,,,,,,,
935311,2015/16,2015-12-01,"Zahur Ahmed Chowdhury Stadium, Chittagong",2,8.3,Rangpur Riders,Chittagong Vikings,Soumya Sarkar,Jahurul Islam,Taskin Ahmed,1,0,,,,,,,,,
935311,2015/16,2015-12-01,"Zahur Ahmed Chowdhury Stadium, Chittagong",2,8.4,Rangpur Riders,Chittagong Vikings,Jahurul Islam,Soumya Sarkar,Taskin Ahmed,0,0,,,,,,,,,
935311,2015/16,2015-12-01,"Zahur Ahmed Chowdhury Stadium, Chittagong",2,8.5,Rangpur Riders,Chittagong Vikings,Jahurul Islam,Soumya Sarkar,Taskin Ahmed,1,0,,,,,,,,,
935311,2015/16,2015-12-01,"Zahur Ahmed Chowdhury Stadium, Chittagong",2,8.6,Rangpur Riders,Chittagong Vikings,Soumya Sarkar,Jahurul Islam,Taskin Ahmed,1,0,,,,,,,,,
935311,2015/16,2015-12-01,"Zahur Ahmed Chowdhury Stadium, Chittagong",2,9.1,Rangpur Riders,Chittagong Vikings,Soumya Sarkar,Jahurul Islam,Asif Hasan,0,0,,,,,,,,,
935311,2015/16,2015-12-01,"Zahur Ahmed Chowdhury Stadium, Chittagong",2,9.2,Rangpur Riders,Chittagong Vikings,Soumya Sarkar,Jahurul Islam,Asif Hasan,6,0,,,,,,,,,
935311,2015/16,2015-12-01,"Zahur Ahmed Chowdhury Stadium, Chittagong",2,9.3,Rangpur Riders,Chittagong Vikings,Soumya Sarkar,Jahurul Islam,Asif Hasan,0,0,,,,,,,,,
935311,2015/16,2015-12-01,"Zahur Ahmed Chowdhury Stadium, Chittagong",2,9.4,Rangpur Riders,Chittagong Vikings,Soumya Sarkar,Jahurul Islam,Asif Hasan,4,0,,,,,,,,,
935311,2015/16,2015-12-01,"Zahur Ahmed Chowdhury Stadium, Chittagong",2,9.5,Rangpur Riders,Chittagong Vikings,Soumya Sarkar,Jahurul Islam,Asif Hasan,0,0,,,,,,,,,
935311,2015/16,2015-12-01,"Zahur Ahmed Chowdhury Stadium, Chittagong",2,9.6,Rangpur Riders,Chittagong Vikings,Soumya Sarkar,Jahurul Islam,Asif Hasan,1,0,,,,,,,,,
935311,2015/16,2015-12-01,"Zahur Ahmed Chowdhury Stadium, Chittagong",2,10.1,Rangpur Riders,Chittagong Vikings,Soumya Sarkar,Jahurul Islam,Naeem Islam,0,0,,,,,,,,,
935311,2015/16,2015-12-01,"Zahur Ahmed Chowdhury Stadium, Chittagong",2,10.2,Rangpur Riders,Chittagong Vikings,Soumya Sarkar,Jahurul Islam,Naeem Islam,0,0,,,,,,,,,
935311,2015/16,2015-12-01,"Zahur Ahmed Chowdhury Stadium, Chittagong",2,10.3,Rangpur Riders,Chittagong Vikings,Soumya Sarkar,Jahurul Islam,Naeem Islam,1,0,,,,,,,,,
935311,2015/16,2015-12-01,"Zahur Ahmed Chowdhury Stadium, Chittagong",2,10.4,Rangpur Riders,Chittagong Vikings,Jahurul Islam,Soumya Sarkar,Naeem Islam,1,0,,,,,,,,,
935311,2015/16,2015-12-01,"Zahur Ahmed Chowdhury Stadium, Chittagong",2,10.5,Rangpur Riders,Chittagong Vikings,Soumya Sarkar,Jahurul Islam,Naeem Islam,0,0,,,,,,,,,
935311,2015/16,2015-12-01,"Zahur Ahmed Chowdhury Stadium, Chittagong",2,10.6,Rangpur Riders,Chittagong Vikings,Soumya Sarkar,Jahurul Islam,Naeem Islam,0,0,,,,,,,,,
935311,2015/16,2015-12-01,"Zahur Ahmed Chowdhury Stadium, Chittagong",2,11.1,Rangpur Riders,Chittagong Vikings,Jahurul Islam,Soumya Sarkar,Shafiul Islam,0,0,,,,,,,,,
935311,2015/16,2015-12-01,"Zahur Ahmed Chowdhury Stadium, Chittagong",2,11.2,Rangpur Riders,Chittagong Vikings,Jahurul Islam,Soumya Sarkar,Shafiul Islam,1,0,,,,,,,,,
935311,2015/16,2015-12-01,"Zahur Ahmed Chowdhury Stadium, Chittagong",2,11.3,Rangpur Riders,Chittagong Vikings,Soumya Sarkar,Jahurul Islam,Shafiul Islam,1,0,,,,,,,,,
935311,2015/16,2015-12-01,"Zahur Ahmed Chowdhury Stadium, Chittagong",2,11.4,Rangpur Riders,Chittagong Vikings,Jahurul Islam,Soumya Sarkar,Shafiul Islam,2,0,,,,,,,,,
935311,2015/16,2015-12-01,"Zahur Ahmed Chowdhury Stadium, Chittagong",2,11.5,Rangpur Riders,Chittagong Vikings,Jahurul Islam,Soumya Sarkar,Shafiul Islam,4,0,,,,,,,,,
935311,2015/16,2015-12-01,"Zahur Ahmed Chowdhury Stadium, Chittagong",2,11.6,Rangpur Riders,Chittagong Vikings,Jahurul Islam,Soumya Sarkar,Shafiul Islam,0,1,1,,,,,,,,
935311,2015/16,2015-12-01,"Zahur Ahmed Chowdhury Stadium, Chittagong",2,11.7,Rangpur Riders,Chittagong Vikings,Jahurul Islam,Soumya Sarkar,Shafiul Islam,2,0,,,,,,,,,
935311,2015/16,2015-12-01,"Zahur Ahmed Chowdhury Stadium, Chittagong",2,12.1,Rangpur Riders,Chittagong Vikings,Soumya Sarkar,Jahurul Islam,TM Dilshan,1,0,,,,,,,,,
935311,2015/16,2015-12-01,"Zahur Ahmed Chowdhury Stadium, Chittagong",2,12.2,Rangpur Riders,Chittagong Vikings,Jahurul Islam,Soumya Sarkar,TM Dilshan,1,0,,,,,,,,,
935311,2015/16,2015-12-01,"Zahur Ahmed Chowdhury Stadium, Chittagong",2,12.3,Rangpur Riders,Chittagong Vikings,Soumya Sarkar,Jahurul Islam,TM Dilshan,1,0,,,,,,,,,
935311,2015/16,2015-12-01,"Zahur Ahmed Chowdhury Stadium, Chittagong",2,12.4,Rangpur Riders,Chittagong Vikings,Jahurul Islam,Soumya Sarkar,TM Dilshan,1,0,,,,,,,,,
935311,2015/16,2015-12-01,"Zahur Ahmed Chowdhury Stadium, Chittagong",2,12.5,Rangpur Riders,Chittagong Vikings,Soumya Sarkar,Jahurul Islam,TM Dilshan,4,0,,,,,,,,,
935311,2015/16,2015-12-01,"Zahur Ahmed Chowdhury Stadium, Chittagong",2,12.6,Rangpur Riders,Chittagong Vikings,Soumya Sarkar,Jahurul Islam,TM Dilshan,0,0,,,,,,,,,
935311,2015/16,2015-12-01,"Zahur Ahmed Chowdhury Stadium, Chittagong",2,13.1,Rangpur Riders,Chittagong Vikings,Jahurul Islam,Soumya Sarkar,Taskin Ahmed,1,0,,,,,,,,,
935311,2015/16,2015-12-01,"Zahur Ahmed Chowdhury Stadium, Chittagong",2,13.2,Rangpur Riders,Chittagong Vikings,Soumya Sarkar,Jahurul Islam,Taskin Ahmed,1,0,,,,,,,,,
935311,2015/16,2015-12-01,"Zahur Ahmed Chowdhury Stadium, Chittagong",2,13.3,Rangpur Riders,Chittagong Vikings,Jahurul Islam,Soumya Sarkar,Taskin Ahmed,4,0,,,,,,,,,
935311,2015/16,2015-12-01,"Zahur Ahmed Chowdhury Stadium, Chittagong",2,13.4,Rangpur Riders,Chittagong Vikings,Jahurul Islam,Soumya Sarkar,Taskin Ahmed,0,0,,,,,,,,,
935311,2015/16,2015-12-01,"Zahur Ahmed Chowdhury Stadium, Chittagong",2,13.5,Rangpur Riders,Chittagong Vikings,Jahurul Islam,Soumya Sarkar,Taskin Ahmed,1,0,,,,,,,,,
935311,2015/16,2015-12-01,"Zahur Ahmed Chowdhury Stadium, Chittagong",2,13.6,Rangpur Riders,Chittagong Vikings,Soumya Sarkar,Jahurul Islam,Taskin Ahmed,0,0,,,,,,,,,
935311,2015/16,2015-12-01,"Zahur Ahmed Chowdhury Stadium, Chittagong",2,14.1,Rangpur Riders,Chittagong Vikings,Jahurul Islam,Soumya Sarkar,Naeem Islam,1,0,,,,,,,,,
935311,2015/16,2015-12-01,"Zahur Ahmed Chowdhury Stadium, Chittagong",2,14.2,Rangpur Riders,Chittagong Vikings,Soumya Sarkar,Jahurul Islam,Naeem Islam,1,0,,,,,,,,,
935311,2015/16,2015-12-01,"Zahur Ahmed Chowdhury Stadium, Chittagong",2,14.3,Rangpur Riders,Chittagong Vikings,Jahurul Islam,Soumya Sarkar,Naeem Islam,1,0,,,,,,,,,
935311,2015/16,2015-12-01,"Zahur Ahmed Chowdhury Stadium, Chittagong",2,14.4,Rangpur Riders,Chittagong Vikings,Soumya Sarkar,Jahurul Islam,Naeem Islam,0,0,,,,,,,,,
935311,2015/16,2015-12-01,"Zahur Ahmed Chowdhury Stadium, Chittagong",2,14.5,Rangpur Riders,Chittagong Vikings,Soumya Sarkar,Jahurul Islam,Naeem Islam,1,0,,,,,,,,,
935311,2015/16,2015-12-01,"Zahur Ahmed Chowdhury Stadium, Chittagong",2,14.6,Rangpur Riders,Chittagong Vikings,Jahurul Islam,Soumya Sarkar,Naeem Islam,1,0,,,,,,,,,
935311,2015/16,2015-12-01,"Zahur Ahmed Chowdhury Stadium, Chittagong",2,15.1,Rangpur Riders,Chittagong Vikings,Jahurul Islam,Soumya Sarkar,Shafiul Islam,4,0,,,,,,,,,
935311,2015/16,2015-12-01,"Zahur Ahmed Chowdhury Stadium, Chittagong",2,15.2,Rangpur Riders,Chittagong Vikings,Jahurul Islam,Soumya Sarkar,Shafiul Islam,2,0,,,,,,,,,
935311,2015/16,2015-12-01,"Zahur Ahmed Chowdhury Stadium, Chittagong",2,15.3,Rangpur Riders,Chittagong Vikings,Jahurul Islam,Soumya Sarkar,Shafiul Islam,0,0,,,,,,caught,Jahurul Islam,,
935311,2015/16,2015-12-01,"Zahur Ahmed Chowdhury Stadium, Chittagong",2,15.4,Rangpur Riders,Chittagong Vikings,Soumya Sarkar,Shakib Al Hasan,Shafiul Islam,0,0,,,,,,,,,
935311,2015/16,2015-12-01,"Zahur Ahmed Chowdhury Stadium, Chittagong",2,15.5,Rangpur Riders,Chittagong Vikings,Soumya Sarkar,Shakib Al Hasan,Shafiul Islam,4,0,,,,,,,,,
935311,2015/16,2015-12-01,"Zahur Ahmed Chowdhury Stadium, Chittagong",2,15.6,Rangpur Riders,Chittagong Vikings,Soumya Sarkar,Shakib Al Hasan,Shafiul Islam,1,0,,,,,,,,,
935311,2015/16,2015-12-01,"Zahur Ahmed Chowdhury Stadium, Chittagong",2,16.1,Rangpur Riders,Chittagong Vikings,Soumya Sarkar,Shakib Al Hasan,TM Dilshan,0,0,,,,,,,,,
935311,2015/16,2015-12-01,"Zahur Ahmed Chowdhury Stadium, Chittagong",2,16.2,Rangpur Riders,Chittagong Vikings,Soumya Sarkar,Shakib Al Hasan,TM Dilshan,1,0,,,,,,,,,
935311,2015/16,2015-12-01,"Zahur Ahmed Chowdhury Stadium, Chittagong",2,16.3,Rangpur Riders,Chittagong Vikings,Shakib Al Hasan,Soumya Sarkar,TM Dilshan,0,0,,,,,,,,,
935311,2015/16,2015-12-01,"Zahur Ahmed Chowdhury Stadium, Chittagong",2,16.4,Rangpur Riders,Chittagong Vikings,Shakib Al Hasan,Soumya Sarkar,TM Dilshan,1,0,,,,,,,,,
935311,2015/16,2015-12-01,"Zahur Ahmed Chowdhury Stadium, Chittagong",2,16.5,Rangpur Riders,Chittagong Vikings,Soumya Sarkar,Shakib Al Hasan,TM Dilshan,0,0,,,,,,,,,
935311,2015/16,2015-12-01,"Zahur Ahmed Chowdhury Stadium, Chittagong",2,16.6,Rangpur Riders,Chittagong Vikings,Soumya Sarkar,Shakib Al Hasan,TM Dilshan,4,0,,,,,,,,,
