match_id,season,start_date,venue,innings,ball,batting_team,bowling_team,striker,non_striker,bowler,runs_off_bat,extras,wides,noballs,byes,legbyes,penalty,wicket_type,player_dismissed,other_wicket_type,other_player_dismissed
935345,2015/16,2015-12-12,"Shere Bangla National Stadium, Mirpur",1,0.1,Barisal Bulls,Dhaka Dynamites,Rony Talukdar,CH Gayle,Nasir Hossain,0,0,,,,,,,,,
935345,2015/16,2015-12-12,"Shere Bangla National Stadium, Mirpur",1,0.2,Barisal Bulls,Dhaka Dynamites,Rony Talukdar,CH Gayle,Nasir Hossain,0,0,,,,,,,,,
935345,2015/16,2015-12-12,"Shere Bangla National Stadium, Mirpur",1,0.3,Barisal Bulls,Dhaka Dynamites,Rony Talukdar,CH Gayle,Nasir Hossain,0,0,,,,,,,,,
935345,2015/16,2015-12-12,"Shere Bangla National Stadium, Mirpur",1,0.4,Barisal Bulls,Dhaka Dynamites,Rony Talukdar,CH Gayle,Nasir Hossain,0,0,,,,,,,,,
935345,2015/16,2015-12-12,"Shere Bangla National Stadium, Mirpur",1,0.5,Barisal Bulls,Dhaka Dynamites,Rony Talukdar,CH Gayle,Nasir Hossain,4,0,,,,,,,,,
935345,2015/16,2015-12-12,"Shere Bangla National Stadium, Mirpur",1,0.6,Barisal Bulls,Dhaka Dynamites,Rony Talukdar,CH Gayle,Nasir Hossain,0,0,,,,,,caught,Rony Talukdar,,
935345,2015/16,2015-12-12,"Shere Bangla National Stadium, Mirpur",1,1.1,Barisal Bulls,Dhaka Dynamites,CH Gayle,Sabbir Rahman,Mosaddek Hossain,4,0,,,,,,,,,
935345,2015/16,2015-12-12,"Shere Bangla National Stadium, Mirpur",1,1.2,Barisal Bulls,Dhaka Dynamites,CH Gayle,Sabbir Rahman,Mosaddek Hossain,2,0,,,,,,,,,
935345,2015/16,2015-12-12,"Shere Bangla National Stadium, Mirpur",1,1.3,Barisal Bulls,Dhaka Dynamites,CH Gayle,Sabbir Rahman,Mosaddek Hossain,0,0,,,,,,,,,
935345,2015/16,2015-12-12,"Shere Bangla National Stadium, Mirpur",1,1.4,Barisal Bulls,Dhaka Dynamites,CH Gayle,Sabbir Rahman,Mosaddek Hossain,6,0,,,,,,,,,
935345,2015/16,2015-12-12,"Shere Bangla National Stadium, Mirpur",1,1.5,Barisal Bulls,Dhaka Dynamites,CH Gayle,Sabbir Rahman,Mosaddek Hossain,4,0,,,,,,,,,
935345,2015/16,2015-12-12,"Shere Bangla National Stadium, Mirpur",1,1.6,Barisal Bulls,Dhaka Dynamites,CH Gayle,Sabbir Rahman,Mosaddek Hossain,0,0,,,,,,,,,
935345,2015/16,2015-12-12,"Shere Bangla National Stadium, Mirpur",1,2.1,Barisal Bulls,Dhaka Dynamites,Sabbir Rahman,CH Gayle,Nasir Hossain,0,0,,,,,,,,,
935345,2015/16,2015-12-12,"Shere Bangla National Stadium, Mirpur",1,2.2,Barisal Bulls,Dhaka Dynamites,Sabbir Rahman,CH Gayle,Nasir Hossain,0,0,,,,,,,,,
935345,2015/16,2015-12-12,"Shere Bangla National Stadium, Mirpur",1,2.3,Barisal Bulls,Dhaka Dynamites,Sabbir Rahman,CH Gayle,Nasir Hossain,0,0,,,,,,,,,
935345,2015/16,2015-12-12,"Shere Bangla National Stadium, Mirpur",1,2.4,Barisal Bulls,Dhaka Dynamites,Sabbir Rahman,CH Gayle,Nasir Hossain,0,0,,,,,,,,,
935345,2015/16,2015-12-12,"Shere Bangla National Stadium, Mirpur",1,2.5,Barisal Bulls,Dhaka Dynamites,Sabbir Rahman,CH Gayle,Nasir Hossain,0,0,,,,,,,,,
935345,2015/16,2015-12-12,"Shere Bangla National Stadium, Mirpur",1,2.6,Barisal Bulls,Dhaka Dynamites,Sabbir Rahman,CH Gayle,Nasir Hossain,0,0,,,,,,,,,
935345,2015/16,2015-12-12,"Shere Bangla National Stadium, Mirpur",1,3.1,Barisal Bulls,Dhaka Dynamites,CH Gayle,Sabbir Rahman,Mosaddek Hossain,0,0,,,,,,,,,
935345,2015/16,2015-12-12,"Shere Bangla National Stadium, Mirpur",1,3.2,Barisal Bulls,Dhaka Dynamites,CH Gayle,Sabbir Rahman,Mosaddek Hossain,0,0,,,,,,,,,
935345,2015/16,2015-12-12,"Shere Bangla National Stadium, Mirpur",1,3.3,Barisal Bulls,Dhaka Dynamites,CH Gayle,Sabbir Rahman,Mosaddek Hossain,4,0,,,,,,,,,
935345,2015/16,2015-12-12,"Shere Bangla National Stadium, Mirpur",1,3.4,Barisal Bulls,Dhaka Dynamites,CH Gayle,Sabbir Rahman,Mosaddek Hossain,6,0,,,,,,,,,
935345,2015/16,2015-12-12,"Shere Bangla National Stadium, Mirpur",1,3.5,Barisal Bulls,Dhaka Dynamites,CH Gayle,Sabbir Rahman,Mosaddek Hossain,0,0,,,,,,,,,
935345,2015/16,2015-12-12,"Shere Bangla National Stadium, Mirpur",1,3.6,Barisal Bulls,Dhaka Dynamites,CH Gayle,Sabbir Rahman,Mosaddek Hossain,4,0,,,,,,,,,
935345,2015/16,2015-12-12,"Shere Bangla National Stadium, Mirpur",1,4.1,Barisal Bulls,Dhaka Dynamites,Sabbir Rahman,CH Gayle,Mustafizur Rahman,0,0,,,,,,,,,
935345,2015/16,2015-12-12,"Shere Bangla National Stadium, Mirpur",1,4.2,Barisal Bulls,Dhaka Dynamites,Sabbir Rahman,CH Gayle,Mustafizur Rahman,0,0,,,,,,,,,
935345,2015/16,2015-12-12,"Shere Bangla National Stadium, Mirpur",1,4.3,Barisal Bulls,Dhaka Dynamites,Sabbir Rahman,CH Gayle,Mustafizur Rahman,0,0,,,,,,,,,
935345,2015/16,2015-12-12,"Shere Bangla National Stadium, Mirpur",1,4.4,Barisal Bulls,Dhaka Dynamites,Sabbir Rahman,CH Gayle,Mustafizur Rahman,0,0,,,,,,,,,
935345,2015/16,2015-12-12,"Shere Bangla National Stadium, Mirpur",1,4.5,Barisal Bulls,Dhaka Dynamites,Sabbir Rahman,CH Gayle,Mustafizur Rahman,0,0,,,,,,,,,
935345,2015/16,2015-12-12,"Shere Bangla National Stadium, Mirpur",1,4.6,Barisal Bulls,Dhaka Dynamites,Sabbir Rahman,CH Gayle,Mustafizur Rahman,1,0,,,,,,,,,
935345,2015/16,2015-12-12,"Shere Bangla National Stadium, Mirpur",1,5.1,Barisal Bulls,Dhaka Dynamites,Sabbir Rahman,CH Gayle,Abul Hasan,0,0,,,,,,,,,
935345,2015/16,2015-12-12,"Shere Bangla National Stadium, Mirpur",1,5.2,Barisal Bulls,Dhaka Dynamites,Sabbir Rahman,CH Gayle,Abul Hasan,6,0,,,,,,,,,
935345,2015/16,2015-12-12,"Shere Bangla National Stadium, Mirpur",1,5.3,Barisal Bulls,Dhaka Dynamites,Sabbir Rahman,CH Gayle,Abul Hasan,2,0,,,,,,,,,
935345,2015/16,2015-12-12,"Shere Bangla National Stadium, Mirpur",1,5.4,Barisal Bulls,Dhaka Dynamites,Sabbir Rahman,CH Gayle,Abul Hasan,0,0,,,,,,,,,
935345,2015/16,2015-12-12,"Shere Bangla National Stadium, Mirpur",1,5.5,Barisal Bulls,Dhaka Dynamites,Sabbir Rahman,CH Gayle,Abul Hasan,4,0,,,,,,,,,
935345,2015/16,2015-12-12,"Shere Bangla National Stadium, Mirpur",1,5.6,Barisal Bulls,Dhaka Dynamites,Sabbir Rahman,CH Gayle,Abul Hasan,6,0,,,,,,,,,
935345,2015/16,2015-12-12,"Shere Bangla National Stadium, Mirpur",1,6.1,Barisal Bulls,Dhaka Dynamites,CH Gayle,Sabbir Rahman,Nasir Hossain,0,0,,,,,,,,,
935345,2015/16,2015-12-12,"Shere Bangla National Stadium, Mirpur",1,6.2,Barisal Bulls,Dhaka Dynamites,CH Gayle,Sabbir Rahman,Nasir Hossain,0,1,,,,1,,,,,
935345,2015/16,2015-12-12,"Shere Bangla National Stadium, Mirpur",1,6.3,Barisal Bulls,Dhaka Dynamites,Sabbir Rahman,CH Gayle,Nasir Hossain,0,0,,,,,,,,,
935345,2015/16,2015-12-12,"Shere Bangla National Stadium, Mirpur",1,6.4,Barisal Bulls,Dhaka Dynamites,Sabbir Rahman,CH Gayle,Nasir Hossain,4,0,,,,,,,,,
935345,2015/16,2015-12-12,"Shere Bangla National Stadium, Mirpur",1,6.5,Barisal Bulls,Dhaka Dynamites,Sabbir Rahman,CH Gayle,Nasir Hossain,1,0,,,,,,,,,
935345,2015/16,2015-12-12,"Shere Bangla National Stadium, Mirpur",1,6.6,Barisal Bulls,Dhaka Dynamites,CH Gayle,Sabbir Rahman,Nasir Hossain,0,0,,,,,,,,,
935345,2015/16,2015-12-12,"Shere Bangla National Stadium, Mirpur",1,7.1,Barisal Bulls,Dhaka Dynamites,Sabbir Rahman,CH Gayle,Mosaddek Hossain,0,0,,,,,,,,,
935345,2015/16,2015-12-12,"Shere Bangla National Stadium, Mirpur",1,7.2,Barisal Bulls,Dhaka Dynamites,Sabbir Rahman,CH Gayle,Mosaddek Hossain,6,0,,,,,,,,,
935345,2015/16,2015-12-12,"Shere Bangla National Stadium, Mirpur",1,7.3,Barisal Bulls,Dhaka Dynamites,Sabbir Rahman,CH Gayle,Mosaddek Hossain,0,0,,,,,,,,,
935345,2015/16,2015-12-12,"Shere Bangla National Stadium, Mirpur",1,7.4,Barisal Bulls,Dhaka Dynamites,Sabbir Rahman,CH Gayle,Mosaddek Hossain,1,0,,,,,,,,,
935345,2015/16,2015-12-12,"Shere Bangla National Stadium, Mirpur",1,7.5,Barisal Bulls,Dhaka Dynamites,CH Gayle,Sabbir Rahman,Mosaddek Hossain,0,0,,,,,,,,,
935345,2015/16,2015-12-12,"Shere Bangla National Stadium, Mirpur",1,7.6,Barisal Bulls,Dhaka Dynamites,CH Gayle,Sabbir Rahman,Mosaddek Hossain,0,0,,,,,,,,,
935345,2015/16,2015-12-12,"Shere Bangla National Stadium, Mirpur",1,8.1,Barisal Bulls,Dhaka Dynamites,Sabbir Rahman,CH Gayle,Yasir Shah,0,0,,,,,,,,,
935345,2015/16,2015-12-12,"Shere Bangla National Stadium, Mirpur",1,8.2,Barisal Bulls,Dhaka Dynamites,Sabbir Rahman,CH Gayle,Yasir Shah,4,0,,,,,,,,,
935345,2015/16,2015-12-12,"Shere Bangla National Stadium, Mirpur",1,8.3,Barisal Bulls,Dhaka Dynamites,Sabbir Rahman,CH Gayle,Yasir Shah,0,0,,,,,,,,,
935345,2015/16,2015-12-12,"Shere Bangla National Stadium, Mirpur",1,8.4,Barisal Bulls,Dhaka Dynamites,Sabbir Rahman,CH Gayle,Yasir Shah,1,0,,,,,,,,,
935345,2015/16,2015-12-12,"Shere Bangla National Stadium, Mirpur",1,8.5,Barisal Bulls,Dhaka Dynamites,CH Gayle,Sabbir Rahman,Yasir Shah,1,0,,,,,,,,,
935345,2015/16,2015-12-12,"Shere Bangla National Stadium, Mirpur",1,8.6,Barisal Bulls,Dhaka Dynamites,Sabbir Rahman,CH Gayle,Yasir Shah,1,0,,,,,,,,,
935345,2015/16,2015-12-12,"Shere Bangla National Stadium, Mirpur",1,9.1,Barisal Bulls,Dhaka Dynamites,Sabbir Rahman,CH Gayle,Mustafizur Rahman,0,0,,,,,,,,,
935345,2015/16,2015-12-12,"Shere Bangla National Stadium, Mirpur",1,9.2,Barisal Bulls,Dhaka Dynamites,Sabbir Rahman,CH Gayle,Mustafizur Rahman,1,0,,,,,,,,,
935345,2015/16,2015-12-12,"Shere Bangla National Stadium, Mirpur",1,9.3,Barisal Bulls,Dhaka Dynamites,CH Gayle,Sabbir Rahman,Mustafizur Rahman,0,0,,,,,,bowled,CH Gayle,,
935345,2015/16,2015-12-12,"Shere Bangla National Stadium, Mirpur",1,9.4,Barisal Bulls,Dhaka Dynamites,Mahmudullah,Sabbir Rahman,Mustafizur Rahman,1,0,,,,,,,,,
935345,2015/16,2015-12-12,"Shere Bangla National Stadium, Mirpur",1,9.5,Barisal Bulls,Dhaka Dynamites,Sabbir Rahman,Mahmudullah,Mustafizur Rahman,0,0,,,,,,,,,
935345,2015/16,2015-12-12,"Shere Bangla National Stadium, Mirpur",1,9.6,Barisal Bulls,Dhaka Dynamites,Sabbir Rahman,Mahmudullah,Mustafizur Rahman,0,0,,,,,,,,,
935345,2015/16,2015-12-12,"Shere Bangla National Stadium, Mirpur",1,10.1,Barisal Bulls,Dhaka Dynamites,Mahmudullah,Sabbir Rahman,Nabil Samad,2,0,,,,,,,,,
935345,2015/16,2015-12-12,"Shere Bangla National Stadium, Mirpur",1,10.2,Barisal Bulls,Dhaka Dynamites,Mahmudullah,Sabbir Rahman,Nabil Samad,0,0,,,,,,,,,
935345,2015/16,2015-12-12,"Shere Bangla National Stadium, Mirpur",1,10.3,Barisal Bulls,Dhaka Dynamites,Mahmudullah,Sabbir Rahman,Nabil Samad,0,0,,,,,,,,,
935345,2015/16,2015-12-12,"Shere Bangla National Stadium, Mirpur",1,10.4,Barisal Bulls,Dhaka Dynamites,Mahmudullah,Sabbir Rahman,Nabil Samad,0,0,,,,,,,,,
935345,2015/16,2015-12-12,"Shere Bangla National Stadium, Mirpur",1,10.5,Barisal Bulls,Dhaka Dynamites,Mahmudullah,Sabbir Rahman,Nabil Samad,0,0,,,,,,,,,
935345,2015/16,2015-12-12,"Shere Bangla National Stadium, Mirpur",1,10.6,Barisal Bulls,Dhaka Dynamites,Mahmudullah,Sabbir Rahman,Nabil Samad,1,0,,,,,,,,,
935345,2015/16,2015-12-12,"Shere Bangla National Stadium, Mirpur",1,11.1,Barisal Bulls,Dhaka Dynamites,Mahmudullah,Sabbir Rahman,Yasir Shah,0,0,,,,,,,,,
935345,2015/16,2015-12-12,"Shere Bangla National Stadium, Mirpur",1,11.2,Barisal Bulls,Dhaka Dynamites,Mahmudullah,Sabbir Rahman,Yasir Shah,2,0,,,,,,,,,
935345,2015/16,2015-12-12,"Shere Bangla National Stadium, Mirpur",1,11.3,Barisal Bulls,Dhaka Dynamites,Mahmudullah,Sabbir Rahman,Yasir Shah,1,0,,,,,,,,,
935345,2015/16,2015-12-12,"Shere Bangla National Stadium, Mirpur",1,11.4,Barisal Bulls,Dhaka Dynamites,Sabbir Rahman,Mahmudullah,Yasir Shah,0,0,,,,,,,,,
935345,2015/16,2015-12-12,"Shere Bangla National Stadium, Mirpur",1,11.5,Barisal Bulls,Dhaka Dynamites,Sabbir Rahman,Mahmudullah,Yasir Shah,1,0,,,,,,,,,
935345,2015/16,2015-12-12,"Shere Bangla National Stadium, Mirpur",1,11.6,Barisal Bulls,Dhaka Dynamites,Mahmudullah,Sabbir Rahman,Yasir Shah,0,0,,,,,,,,,
935345,2015/16,2015-12-12,"Shere Bangla National Stadium, Mirpur",1,12.1,Barisal Bulls,Dhaka Dynamites,Sabbir Rahman,Mahmudullah,Nabil Samad,0,0,,,,,,,,,
935345,2015/16,2015-12-12,"Shere Bangla National Stadium, Mirpur",1,12.2,Barisal Bulls,Dhaka Dynamites,Sabbir Rahman,Mahmudullah,Nabil Samad,2,0,,,,,,,,,
935345,2015/16,2015-12-12,"Shere Bangla National Stadium, Mirpur",1,12.3,Barisal Bulls,Dhaka Dynamites,Sabbir Rahman,Mahmudullah,Nabil Samad,0,0,,,,,,caught,Sabbir Rahman,,
935345,2015/16,2015-12-12,"Shere Bangla National Stadium, Mirpur",1,12.4,Barisal Bulls,Dhaka Dynamites,Mahmudullah,Mehedi Maruf,Nabil Samad,1,0,,,,,,,,,
935345,2015/16,2015-12-12,"Shere Bangla National Stadium, Mirpur",1,12.5,Barisal Bulls,Dhaka Dynamites,Mehedi Maruf,Mahmudullah,Nabil Samad,0,0,,,,,,,,,
935345,2015/16,2015-12-12,"Shere Bangla National Stadium, Mirpur",1,12.6,Barisal Bulls,Dhaka Dynamites,Mehedi Maruf,Mahmudullah,Nabil Samad,1,0,,,,,,,,,
935345,2015/16,2015-12-12,"Shere Bangla National Stadium, Mirpur",1,13.1,Barisal Bulls,Dhaka Dynamites,Mehedi Maruf,Mahmudullah,Yasir Shah,0,0,,,,,,,,,
935345,2015/16,2015-12-12,"Shere Bangla National Stadium, Mirpur",1,13.2,Barisal Bulls,Dhaka Dynamites,Mehedi Maruf,Mahmudullah,Yasir Shah,1,0,,,,,,,,,
935345,2015/16,2015-12-12,"Shere Bangla National Stadium, Mirpur",1,13.3,Barisal Bulls,Dhaka Dynamites,Mahmudullah,Mehedi Maruf,Yasir Shah,0,0,,,,,,,,,
935345,2015/16,2015-12-12,"Shere Bangla National Stadium, Mirpur",1,13.4,Barisal Bulls,Dhaka Dynamites,Mahmudullah,Mehedi Maruf,Yasir Shah,1,0,,,,,,,,,
935345,2015/16,2015-12-12,"Shere Bangla National Stadium, Mirpur",1,13.5,Barisal Bulls,Dhaka Dynamites,Mehedi Maruf,Mahmudullah,Yasir Shah,0,0,,,,,,,,,
935345,2015/16,2015-12-12,"Shere Bangla National Stadium, Mirpur",1,13.6,Barisal Bulls,Dhaka Dynamites,Mehedi Maruf,Mahmudullah,Yasir Shah,0,0,,,,,,,,,
935345,2015/16,2015-12-12,"Shere Bangla National Stadium, Mirpur",1,14.1,Barisal Bulls,Dhaka Dynamites,Mahmudullah,Mehedi Maruf,Nabil Samad,1,0,,,,,,,,,
935345,2015/16,2015-12-12,"Shere Bangla National Stadium, Mirpur",1,14.2,Barisal Bulls,Dhaka Dynamites,Mehedi Maruf,Mahmudullah,Nabil Samad,0,0,,,,,,,,,
935345,2015/16,2015-12-12,"Shere Bangla National Stadium, Mirpur",1,14.3,Barisal Bulls,Dhaka Dynamites,Mehedi Maruf,Mahmudullah,Nabil Samad,4,0,,,,,,,,,
935345,2015/16,2015-12-12,"Shere Bangla National Stadium, Mirpur",1,14.4,Barisal Bulls,Dhaka Dynamites,Mehedi Maruf,Mahmudullah,Nabil Samad,0,1,,,,1,,,,,
935345,2015/16,2015-12-12,"Shere Bangla National Stadium, Mirpur",1,14.5,Barisal Bulls,Dhaka Dynamites,Mahmudullah,Mehedi Maruf,Nabil Samad,4,0,,,,,,,,,
935345,2015/16,2015-12-12,"Shere Bangla National Stadium, Mirpur",1,14.6,Barisal Bulls,Dhaka Dynamites,Mahmudullah,Mehedi Maruf,Nabil Samad,0,0,,,,,,,,,
935345,2015/16,2015-12-12,"Shere Bangla National Stadium, Mirpur",1,15.1,Barisal Bulls,Dhaka Dynamites,Mehedi Maruf,Mahmudullah,Mosharraf Hossain,0,0,,,,,,,,,
935345,2015/16,2015-12-12,"Shere Bangla National Stadium, Mirpur",1,15.2,Barisal Bulls,Dhaka Dynamites,Mehedi Maruf,Mahmudullah,Mosharraf Hossain,4,0,,,,,,,,,
935345,2015/16,2015-12-12,"Shere Bangla National Stadium, Mirpur",1,15.3,Barisal Bulls,Dhaka Dynamites,Mehedi Maruf,Mahmudullah,Mosharraf Hossain,0,0,,,,,,lbw,Mehedi Maruf,,
935345,2015/16,2015-12-12,"Shere Bangla National Stadium, Mirpur",1,15.4,Barisal Bulls,Dhaka Dynamites,RR Emrit,Mahmudullah,Mosharraf Hossain,1,0,,,,,,,,,
935345,2015/16,2015-12-12,"Shere Bangla National Stadium, Mirpur",1,15.5,Barisal Bulls,Dhaka Dynamites,Mahmudullah,RR Emrit,Mosharraf Hossain,0,0,,,,,,,,,
935345,2015/16,2015-12-12,"Shere Bangla National Stadium, Mirpur",1,15.6,Barisal Bulls,Dhaka Dynamites,Mahmudullah,RR Emrit,Mosharraf Hossain,1,0,,,,,,,,,
935345,2015/16,2015-12-12,"Shere Bangla National Stadium, Mirpur",1,16.1,Barisal Bulls,Dhaka Dynamites,Mahmudullah,RR Emrit,Yasir Shah,2,0,,,,,,,,,
935345,2015/16,2015-12-12,"Shere Bangla National Stadium, Mirpur",1,16.2,Barisal Bulls,Dhaka Dynamites,Mahmudullah,RR Emrit,Yasir Shah,1,0,,,,,,,,,
935345,2015/16,2015-12-12,"Shere Bangla National Stadium, Mirpur",1,16.3,Barisal Bulls,Dhaka Dynamites,RR Emrit,Mahmudullah,Yasir Shah,1,0,,,,,,,,,
935345,2015/16,2015-12-12,"Shere Bangla National Stadium, Mirpur",1,16.4,Barisal Bulls,Dhaka Dynamites,Mahmudullah,RR Emrit,Yasir Shah,1,0,,,,,,,,,
935345,2015/16,2015-12-12,"Shere Bangla National Stadium, Mirpur",1,16.5,Barisal Bulls,Dhaka Dynamites,RR Emrit,Mahmudullah,Yasir Shah,0,0,,,,,,,,,
935345,2015/16,2015-12-12,"Shere Bangla National Stadium, Mirpur",1,16.6,Barisal Bulls,Dhaka Dynamites,RR Emrit,Mahmudullah,Yasir Shah,0,0,,,,,,,,,
935345,2015/16,2015-12-12,"Shere Bangla National Stadium, Mirpur",1,17.1,Barisal Bulls,Dhaka Dynamites,Mahmudullah,RR Emrit,Mustafizur Rahman,4,0,,,,,,,,,
935345,2015/16,2015-12-12,"Shere Bangla National Stadium, Mirpur",1,17.2,Barisal Bulls,Dhaka Dynamites,Mahmudullah,RR Emrit,Mustafizur Rahman,0,0,,,,,,,,,
935345,2015/16,2015-12-12,"Shere Bangla National Stadium, Mirpur",1,17.3,Barisal Bulls,Dhaka Dynamites,Mahmudullah,RR Emrit,Mustafizur Rahman,0,1,,,,1,,,,,
935345,2015/16,2015-12-12,"Shere Bangla National Stadium, Mirpur",1,17.4,Barisal Bulls,Dhaka Dynamites,RR Emrit,Mahmudullah,Mustafizur Rahman,1,0,,,,,,,,,
935345,2015/16,2015-12-12,"Shere Bangla National Stadium, Mirpur",1,17.5,Barisal Bulls,Dhaka Dynamites,Mahmudullah,RR Emrit,Mustafizur Rahman,2,0,,,,,,,,,
935345,2015/16,2015-12-12,"Shere Bangla National Stadium, Mirpur",1,17.6,Barisal Bulls,Dhaka Dynamites,Mahmudullah,RR Emrit,Mustafizur Rahman,1,0,,,,,,,,,
935345,2015/16,2015-12-12,"Shere Bangla National Stadium, Mirpur",1,18.1,Barisal Bulls,Dhaka Dynamites,Mahmudullah,RR Emrit,Farhad Reza,1,0,,,,,,,,,
935345,2015/16,2015-12-12,"Shere Bangla National Stadium, Mirpur",1,18.2,Barisal Bulls,Dhaka Dynamites,RR Emrit,Mahmudullah,Farhad Reza,2,0,,,,,,,,,
935345,2015/16,2015-12-12,"Shere Bangla National Stadium, Mirpur",1,18.3,Barisal Bulls,Dhaka Dynamites,RR Emrit,Mahmudullah,Farhad Reza,0,0,,,,,,,,,
935345,2015/16,2015-12-12,"Shere Bangla National Stadium, Mirpur",1,18.4,Barisal Bulls,Dhaka Dynamites,RR Emrit,Mahmudullah,Farhad Reza,2,0,,,,,,,,,
935345,2015/16,2015-12-12,"Shere Bangla National Stadium, Mirpur",1,18.5,Barisal Bulls,Dhaka Dynamites,RR Emrit,Mahmudullah,Farhad Reza,1,0,,,,,,,,,
935345,2015/16,2015-12-12,"Shere Bangla National Stadium, Mirpur",1,18.6,Barisal Bulls,Dhaka Dynamites,Mahmudullah,RR Emrit,Farhad Reza,1,0,,,,,,,,,
935345,2015/16,2015-12-12,"Shere Bangla National Stadium, Mirpur",1,19.1,Barisal Bulls,Dhaka Dynamites,Mahmudullah,RR Emrit,Mustafizur Rahman,4,0,,,,,,,,,
935345,2015/16,2015-12-12,"Shere Bangla National Stadium, Mirpur",1,19.2,Barisal Bulls,Dhaka Dynamites,Mahmudullah,RR Emrit,Mustafizur Rahman,4,0,,,,,,,,,
935345,2015/16,2015-12-12,"Shere Bangla National Stadium, Mirpur",1,19.3,Barisal Bulls,Dhaka Dynamites,Mahmudullah,RR Emrit,Mustafizur Rahman,1,0,,,,,,,,,
935345,2015/16,2015-12-12,"Shere Bangla National Stadium, Mirpur",1,19.4,Barisal Bulls,Dhaka Dynamites,RR Emrit,Mahmudullah,Mustafizur Rahman,1,0,,,,,,,,,
935345,2015/16,2015-12-12,"Shere Bangla National Stadium, Mirpur",1,19.5,Barisal Bulls,Dhaka Dynamites,Mahmudullah,RR Emrit,Mustafizur Rahman,0,0,,,,,,caught,Mahmudullah,,
935345,2015/16,2015-12-12,"Shere Bangla National Stadium, Mirpur",1,19.6,Barisal Bulls,Dhaka Dynamites,KK Cooper,RR Emrit,Mustafizur Rahman,0,0,,,,,,,,,
935345,2015/16,2015-12-12,"Shere Bangla National Stadium, Mirpur",2,0.1,Dhaka Dynamites,Barisal Bulls,Abul Hasan,Farhad Reza,Mohammad Sami,0,0,,,,,,,,,
935345,2015/16,2015-12-12,"Shere Bangla National Stadium, Mirpur",2,0.2,Dhaka Dynamites,Barisal Bulls,Abul Hasan,Farhad Reza,Mohammad Sami,0,0,,,,,,,,,
935345,2015/16,2015-12-12,"Shere Bangla National Stadium, Mirpur",2,0.3,Dhaka Dynamites,Barisal Bulls,Abul Hasan,Farhad Reza,Mohammad Sami,0,0,,,,,,,,,
935345,2015/16,2015-12-12,"Shere Bangla National Stadium, Mirpur",2,0.4,Dhaka Dynamites,Barisal Bulls,Abul Hasan,Farhad Reza,Mohammad Sami,1,0,,,,,,,,,
935345,2015/16,2015-12-12,"Shere Bangla National Stadium, Mirpur",2,0.5,Dhaka Dynamites,Barisal Bulls,Farhad Reza,Abul Hasan,Mohammad Sami,0,0,,,,,,,,,
935345,2015/16,2015-12-12,"Shere Bangla National Stadium, Mirpur",2,0.6,Dhaka Dynamites,Barisal Bulls,Farhad Reza,Abul Hasan,Mohammad Sami,0,0,,,,,,,,,
935345,2015/16,2015-12-12,"Shere Bangla National Stadium, Mirpur",2,1.1,Dhaka Dynamites,Barisal Bulls,Abul Hasan,Farhad Reza,Al-Amin Hossain,4,0,,,,,,,,,
935345,2015/16,2015-12-12,"Shere Bangla National Stadium, Mirpur",2,1.2,Dhaka Dynamites,Barisal Bulls,Abul Hasan,Farhad Reza,Al-Amin Hossain,0,1,,,,1,,,,,
935345,2015/16,2015-12-12,"Shere Bangla National Stadium, Mirpur",2,1.3,Dhaka Dynamites,Barisal Bulls,Farhad Reza,Abul Hasan,Al-Amin Hossain,1,0,,,,,,,,,
935345,2015/16,2015-12-12,"Shere Bangla National Stadium, Mirpur",2,1.4,Dhaka Dynamites,Barisal Bulls,Abul Hasan,Farhad Reza,Al-Amin Hossain,0,0,,,,,,,,,
935345,2015/16,2015-12-12,"Shere Bangla National Stadium, Mirpur",2,1.5,Dhaka Dynamites,Barisal Bulls,Abul Hasan,Farhad Reza,Al-Amin Hossain,0,0,,,,,,,,,
935345,2015/16,2015-12-12,"Shere Bangla National Stadium, Mirpur",2,1.6,Dhaka Dynamites,Barisal Bulls,Abul Hasan,Farhad Reza,Al-Amin Hossain,1,0,,,,,,,,,
935345,2015/16,2015-12-12,"Shere Bangla National Stadium, Mirpur",2,2.1,Dhaka Dynamites,Barisal Bulls,Abul Hasan,Farhad Reza,Mohammad Sami,4,0,,,,,,,,,
935345,2015/16,2015-12-12,"Shere Bangla National Stadium, Mirpur",2,2.2,Dhaka Dynamites,Barisal Bulls,Abul Hasan,Farhad Reza,Mohammad Sami,0,0,,,,,,,,,
935345,2015/16,2015-12-12,"Shere Bangla National Stadium, Mirpur",2,2.3,Dhaka Dynamites,Barisal Bulls,Abul Hasan,Farhad Reza,Mohammad Sami,1,0,,,,,,,,,
935345,2015/16,2015-12-12,"Shere Bangla National Stadium, Mirpur",2,2.4,Dhaka Dynamites,Barisal Bulls,Farhad Reza,Abul Hasan,Mohammad Sami,0,0,,,,,,,,,
935345,2015/16,2015-12-12,"Shere Bangla National Stadium, Mirpur",2,2.5,Dhaka Dynamites,Barisal Bulls,Farhad Reza,Abul Hasan,Mohammad Sami,0,0,,,,,,,,,
935345,2015/16,2015-12-12,"Shere Bangla National Stadium, Mirpur",2,2.6,Dhaka Dynamites,Barisal Bulls,Farhad Reza,Abul Hasan,Mohammad Sami,0,0,,,,,,,,,
935345,2015/16,2015-12-12,"Shere Bangla National Stadium, Mirpur",2,3.1,Dhaka Dynamites,Barisal Bulls,Abul Hasan,Farhad Reza,KK Cooper,0,0,,,,,,,,,
935345,2015/16,2015-12-12,"Shere Bangla National Stadium, Mirpur",2,3.2,Dhaka Dynamites,Barisal Bulls,Abul Hasan,Farhad Reza,KK Cooper,0,0,,,,,,caught,Abul Hasan,,
935345,2015/16,2015-12-12,"Shere Bangla National Stadium, Mirpur",2,3.3,Dhaka Dynamites,Barisal Bulls,Farhad Reza,Mohammad Hafeez,KK Cooper,0,1,1,,,,,,,,
935345,2015/16,2015-12-12,"Shere Bangla National Stadium, Mirpur",2,3.4,Dhaka Dynamites,Barisal Bulls,Farhad Reza,Mohammad Hafeez,KK Cooper,0,0,,,,,,,,,
935345,2015/16,2015-12-12,"Shere Bangla National Stadium, Mirpur",2,3.5,Dhaka Dynamites,Barisal Bulls,Farhad Reza,Mohammad Hafeez,KK Cooper,1,0,,,,,,,,,
935345,2015/16,2015-12-12,"Shere Bangla National Stadium, Mirpur",2,3.6,Dhaka Dynamites,Barisal Bulls,Mohammad Hafeez,Farhad Reza,KK Cooper,0,0,,,,,,,,,
935345,2015/16,2015-12-12,"Shere Bangla National Stadium, Mirpur",2,3.7,Dhaka Dynamites,Barisal Bulls,Mohammad Hafeez,Farhad Reza,KK Cooper,0,0,,,,,,,,,
935345,2015/16,2015-12-12,"Shere Bangla National Stadium, Mirpur",2,4.1,Dhaka Dynamites,Barisal Bulls,Farhad Reza,Mohammad Hafeez,RR Emrit,0,1,1,,,,,,,,
935345,2015/16,2015-12-12,"Shere Bangla National Stadium, Mirpur",2,4.2,Dhaka Dynamites,Barisal Bulls,Farhad Reza,Mohammad Hafeez,RR Emrit,6,0,,,,,,,,,
935345,2015/16,2015-12-12,"Shere Bangla National Stadium, Mirpur",2,4.3,Dhaka Dynamites,Barisal Bulls,Farhad Reza,Mohammad Hafeez,RR Emrit,1,0,,,,,,,,,
935345,2015/16,2015-12-12,"Shere Bangla National Stadium, Mirpur",2,4.4,Dhaka Dynamites,Barisal Bulls,Mohammad Hafeez,Farhad Reza,RR Emrit,0,0,,,,,,,,,
935345,2015/16,2015-12-12,"Shere Bangla National Stadium, Mirpur",2,4.5,Dhaka Dynamites,Barisal Bulls,Mohammad Hafeez,Farhad Reza,RR Emrit,0,1,1,,,,,,,,
935345,2015/16,2015-12-12,"Shere Bangla National Stadium, Mirpur",2,4.6,Dhaka Dynamites,Barisal Bulls,Mohammad Hafeez,Farhad Reza,RR Emrit,1,0,,,,,,,,,
935345,2015/16,2015-12-12,"Shere Bangla National Stadium, Mirpur",2,4.7,Dhaka Dynamites,Barisal Bulls,Farhad Reza,Mohammad Hafeez,RR Emrit,0,0,,,,,,,,,
935345,2015/16,2015-12-12,"Shere Bangla National Stadium, Mirpur",2,4.8,Dhaka Dynamites,Barisal Bulls,Farhad Reza,Mohammad Hafeez,RR Emrit,2,0,,,,,,,,,
935345,2015/16,2015-12-12,"Shere Bangla National Stadium, Mirpur",2,5.1,Dhaka Dynamites,Barisal Bulls,Mohammad Hafeez,Farhad Reza,KK Cooper,0,0,,,,,,caught,Mohammad Hafeez,,
935345,2015/16,2015-12-12,"Shere Bangla National Stadium, Mirpur",2,5.2,Dhaka Dynamites,Barisal Bulls,Farhad Reza,KC Sangakkara,KK Cooper,0,0,,,,,,,,,
935345,2015/16,2015-12-12,"Shere Bangla National Stadium, Mirpur",2,5.3,Dhaka Dynamites,Barisal Bulls,Farhad Reza,KC Sangakkara,KK Cooper,2,0,,,,,,,,,
935345,2015/16,2015-12-12,"Shere Bangla National Stadium, Mirpur",2,5.4,Dhaka Dynamites,Barisal Bulls,Farhad Reza,KC Sangakkara,KK Cooper,0,0,,,,,,,,,
935345,2015/16,2015-12-12,"Shere Bangla National Stadium, Mirpur",2,5.5,Dhaka Dynamites,Barisal Bulls,Farhad Reza,KC Sangakkara,KK Cooper,4,0,,,,,,,,,
935345,2015/16,2015-12-12,"Shere Bangla National Stadium, Mirpur",2,5.6,Dhaka Dynamites,Barisal Bulls,Farhad Reza,KC Sangakkara,KK Cooper,0,0,,,,,,,,,
935345,2015/16,2015-12-12,"Shere Bangla National Stadium, Mirpur",2,6.1,Dhaka Dynamites,Barisal Bulls,KC Sangakkara,Farhad Reza,Mahmudullah,0,1,1,,,,,,,,
935345,2015/16,2015-12-12,"Shere Bangla National Stadium, Mirpur",2,6.2,Dhaka Dynamites,Barisal Bulls,KC Sangakkara,Farhad Reza,Mahmudullah,0,0,,,,,,,,,
935345,2015/16,2015-12-12,"Shere Bangla National Stadium, Mirpur",2,6.3,Dhaka Dynamites,Barisal Bulls,KC Sangakkara,Farhad Reza,Mahmudullah,0,0,,,,,,,,,
935345,2015/16,2015-12-12,"Shere Bangla National Stadium, Mirpur",2,6.4,Dhaka Dynamites,Barisal Bulls,KC Sangakkara,Farhad Reza,Mahmudullah,4,0,,,,,,,,,
935345,2015/16,2015-12-12,"Shere Bangla National Stadium, Mirpur",2,6.5,Dhaka Dynamites,Barisal Bulls,KC Sangakkara,Farhad Reza,Mahmudullah,0,0,,,,,,,,,
935345,2015/16,2015-12-12,"Shere Bangla National Stadium, Mirpur",2,6.6,Dhaka Dynamites,Barisal Bulls,KC Sangakkara,Farhad Reza,Mahmudullah,0,0,,,,,,,,,
935345,2015/16,2015-12-12,"Shere Bangla National Stadium, Mirpur",2,6.7,Dhaka Dynamites,Barisal Bulls,KC Sangakkara,Farhad Reza,Mahmudullah,2,0,,,,,,,,,
935345,2015/16,2015-12-12,"Shere Bangla National Stadium, Mirpur",2,7.1,Dhaka Dynamites,Barisal Bulls,Farhad Reza,KC Sangakkara,Al-Amin Hossain,2,0,,,,,,,,,
935345,2015/16,2015-12-12,"Shere Bangla National Stadium, Mirpur",2,7.2,Dhaka Dynamites,Barisal Bulls,Farhad Reza,KC Sangakkara,Al-Amin Hossain,1,0,,,,,,,,,
935345,2015/16,2015-12-12,"Shere Bangla National Stadium, Mirpur",2,7.3,Dhaka Dynamites,Barisal Bulls,KC Sangakkara,Farhad Reza,Al-Amin Hossain,1,0,,,,,,,,,
935345,2015/16,2015-12-12,"Shere Bangla National Stadium, Mirpur",2,7.4,Dhaka Dynamites,Barisal Bulls,Farhad Reza,KC Sangakkara,Al-Amin Hossain,0,0,,,,,,caught,Farhad Reza,,
935345,2015/16,2015-12-12,"Shere Bangla National Stadium, Mirpur",2,7.5,Dhaka Dynamites,Barisal Bulls,Nasir Hossain,KC Sangakkara,Al-Amin Hossain,0,0,,,,,,,,,
935345,2015/16,2015-12-12,"Shere Bangla National Stadium, Mirpur",2,7.6,Dhaka Dynamites,Barisal Bulls,Nasir Hossain,KC Sangakkara,Al-Amin Hossain,0,0,,,,,,,,,
935345,2015/16,2015-12-12,"Shere Bangla National Stadium, Mirpur",2,8.1,Dhaka Dynamites,Barisal Bulls,KC Sangakkara,Nasir Hossain,Mahmudullah,0,0,,,,,,,,,
935345,2015/16,2015-12-12,"Shere Bangla National Stadium, Mirpur",2,8.2,Dhaka Dynamites,Barisal Bulls,KC Sangakkara,Nasir Hossain,Mahmudullah,1,0,,,,,,,,,
935345,2015/16,2015-12-12,"Shere Bangla National Stadium, Mirpur",2,8.3,Dhaka Dynamites,Barisal Bulls,Nasir Hossain,KC Sangakkara,Mahmudullah,2,0,,,,,,,,,
935345,2015/16,2015-12-12,"Shere Bangla National Stadium, Mirpur",2,8.4,Dhaka Dynamites,Barisal Bulls,Nasir Hossain,KC Sangakkara,Mahmudullah,0,0,,,,,,,,,
935345,2015/16,2015-12-12,"Shere Bangla National Stadium, Mirpur",2,8.5,Dhaka Dynamites,Barisal Bulls,Nasir Hossain,KC Sangakkara,Mahmudullah,1,0,,,,,,,,,
935345,2015/16,2015-12-12,"Shere Bangla National Stadium, Mirpur",2,8.6,Dhaka Dynamites,Barisal Bulls,KC Sangakkara,Nasir Hossain,Mahmudullah,1,0,,,,,,,,,
935345,2015/16,2015-12-12,"Shere Bangla National Stadium, Mirpur",2,9.1,Dhaka Dynamites,Barisal Bulls,KC Sangakkara,Nasir Hossain,Al-Amin Hossain,1,0,,,,,,,,,
935345,2015/16,2015-12-12,"Shere Bangla National Stadium, Mirpur",2,9.2,Dhaka Dynamites,Barisal Bulls,Nasir Hossain,KC Sangakkara,Al-Amin Hossain,1,0,,,,,,,,,
935345,2015/16,2015-12-12,"Shere Bangla National Stadium, Mirpur",2,9.3,Dhaka Dynamites,Barisal Bulls,KC Sangakkara,Nasir Hossain,Al-Amin Hossain,0,0,,,,,,,,,
935345,2015/16,2015-12-12,"Shere Bangla National Stadium, Mirpur",2,9.4,Dhaka Dynamites,Barisal Bulls,KC Sangakkara,Nasir Hossain,Al-Amin Hossain,0,0,,,,,,,,,
935345,2015/16,2015-12-12,"Shere Bangla National Stadium, Mirpur",2,9.5,Dhaka Dynamites,Barisal Bulls,KC Sangakkara,Nasir Hossain,Al-Amin Hossain,0,1,1,,,,,,,,
935345,2015/16,2015-12-12,"Shere Bangla National Stadium, Mirpur",2,9.6,Dhaka Dynamites,Barisal Bulls,KC Sangakkara,Nasir Hossain,Al-Amin Hossain,0,0,,,,,,caught and bowled,KC Sangakkara,,
935345,2015/16,2015-12-12,"Shere Bangla National Stadium, Mirpur",2,9.7,Dhaka Dynamites,Barisal Bulls,Mosaddek Hossain,Nasir Hossain,Al-Amin Hossain,0,0,,,,,,,,,
935345,2015/16,2015-12-12,"Shere Bangla National Stadium, Mirpur",2,10.1,Dhaka Dynamites,Barisal Bulls,Nasir Hossain,Mosaddek Hossain,RR Emrit,1,0,,,,,,,,,
935345,2015/16,2015-12-12,"Shere Bangla National Stadium, Mirpur",2,10.2,Dhaka Dynamites,Barisal Bulls,Mosaddek Hossain,Nasir Hossain,RR Emrit,1,0,,,,,,,,,
935345,2015/16,2015-12-12,"Shere Bangla National Stadium, Mirpur",2,10.3,Dhaka Dynamites,Barisal Bulls,Nasir Hossain,Mosaddek Hossain,RR Emrit,0,0,,,,,,,,,
935345,2015/16,2015-12-12,"Shere Bangla National Stadium, Mirpur",2,10.4,Dhaka Dynamites,Barisal Bulls,Nasir Hossain,Mosaddek Hossain,RR Emrit,2,0,,,,,,,,,
935345,2015/16,2015-12-12,"Shere Bangla National Stadium, Mirpur",2,10.5,Dhaka Dynamites,Barisal Bulls,Nasir Hossain,Mosaddek Hossain,RR Emrit,1,0,,,,,,,,,
935345,2015/16,2015-12-12,"Shere Bangla National Stadium, Mirpur",2,10.6,Dhaka Dynamites,Barisal Bulls,Mosaddek Hossain,Nasir Hossain,RR Emrit,0,0,,,,,,,,,
935345,2015/16,2015-12-12,"Shere Bangla National Stadium, Mirpur",2,11.1,Dhaka Dynamites,Barisal Bulls,Nasir Hossain,Mosaddek Hossain,Taijul Islam,0,0,,,,,,,,,
935345,2015/16,2015-12-12,"Shere Bangla National Stadium, Mirpur",2,11.2,Dhaka Dynamites,Barisal Bulls,Nasir Hossain,Mosaddek Hossain,Taijul Islam,1,0,,,,,,,,,
935345,2015/16,2015-12-12,"Shere Bangla National Stadium, Mirpur",2,11.3,Dhaka Dynamites,Barisal Bulls,Mosaddek Hossain,Nasir Hossain,Taijul Islam,0,0,,,,,,,,,
935345,2015/16,2015-12-12,"Shere Bangla National Stadium, Mirpur",2,11.4,Dhaka Dynamites,Barisal Bulls,Mosaddek Hossain,Nasir Hossain,Taijul Islam,1,0,,,,,,,,,
935345,2015/16,2015-12-12,"Shere Bangla National Stadium, Mirpur",2,11.5,Dhaka Dynamites,Barisal Bulls,Nasir Hossain,Mosaddek Hossain,Taijul Islam,0,0,,,,,,,,,
935345,2015/16,2015-12-12,"Shere Bangla National Stadium, Mirpur",2,11.6,Dhaka Dynamites,Barisal Bulls,Nasir Hossain,Mosaddek Hossain,Taijul Islam,4,0,,,,,,,,,
935345,2015/16,2015-12-12,"Shere Bangla National Stadium, Mirpur",2,12.1,Dhaka Dynamites,Barisal Bulls,Mosaddek Hossain,Nasir Hossain,RR Emrit,0,0,,,,,,,,,
935345,2015/16,2015-12-12,"Shere Bangla National Stadium, Mirpur",2,12.2,Dhaka Dynamites,Barisal Bulls,Mosaddek Hossain,Nasir Hossain,RR Emrit,0,0,,,,,,,,,
935345,2015/16,2015-12-12,"Shere Bangla National Stadium, Mirpur",2,12.3,Dhaka Dynamites,Barisal Bulls,Mosaddek Hossain,Nasir Hossain,RR Emrit,1,0,,,,,,,,,
935345,2015/16,2015-12-12,"Shere Bangla National Stadium, Mirpur",2,12.4,Dhaka Dynamites,Barisal Bulls,Nasir Hossain,Mosaddek Hossain,RR Emrit,1,0,,,,,,,,,
935345,2015/16,2015-12-12,"Shere Bangla National Stadium, Mirpur",2,12.5,Dhaka Dynamites,Barisal Bulls,Mosaddek Hossain,Nasir Hossain,RR Emrit,1,0,,,,,,,,,
935345,2015/16,2015-12-12,"Shere Bangla National Stadium, Mirpur",2,12.6,Dhaka Dynamites,Barisal Bulls,Nasir Hossain,Mosaddek Hossain,RR Emrit,2,0,,,,,,,,,
935345,2015/16,2015-12-12,"Shere Bangla National Stadium, Mirpur",2,13.1,Dhaka Dynamites,Barisal Bulls,Mosaddek Hossain,Nasir Hossain,Al-Amin Hossain,1,0,,,,,,,,,
935345,2015/16,2015-12-12,"Shere Bangla National Stadium, Mirpur",2,13.2,Dhaka Dynamites,Barisal Bulls,Nasir Hossain,Mosaddek Hossain,Al-Amin Hossain,0,0,,,,,,,,,
935345,2015/16,2015-12-12,"Shere Bangla National Stadium, Mirpur",2,13.3,Dhaka Dynamites,Barisal Bulls,Nasir Hossain,Mosaddek Hossain,Al-Amin Hossain,0,0,,,,,,caught,Nasir Hossain,,
935345,2015/16,2015-12-12,"Shere Bangla National Stadium, Mirpur",2,13.4,Dhaka Dynamites,Barisal Bulls,Mosaddek Hossain,MN Waller,Al-Amin Hossain,0,0,,,,,,,,,
935345,2015/16,2015-12-12,"Shere Bangla National Stadium, Mirpur",2,13.5,Dhaka Dynamites,Barisal Bulls,Mosaddek Hossain,MN Waller,Al-Amin Hossain,1,0,,,,,,,,,
935345,2015/16,2015-12-12,"Shere Bangla National Stadium, Mirpur",2,13.6,Dhaka Dynamites,Barisal Bulls,MN Waller,Mosaddek Hossain,Al-Amin Hossain,0,0,,,,,,,,,
935345,2015/16,2015-12-12,"Shere Bangla National Stadium, Mirpur",2,14.1,Dhaka Dynamites,Barisal Bulls,Mosaddek Hossain,MN Waller,RR Emrit,2,0,,,,,,,,,
935345,2015/16,2015-12-12,"Shere Bangla National Stadium, Mirpur",2,14.2,Dhaka Dynamites,Barisal Bulls,Mosaddek Hossain,MN Waller,RR Emrit,2,0,,,,,,,,,
935345,2015/16,2015-12-12,"Shere Bangla National Stadium, Mirpur",2,14.3,Dhaka Dynamites,Barisal Bulls,Mosaddek Hossain,MN Waller,RR Emrit,0,0,,,,,,,,,
935345,2015/16,2015-12-12,"Shere Bangla National Stadium, Mirpur",2,14.4,Dhaka Dynamites,Barisal Bulls,Mosaddek Hossain,MN Waller,RR Emrit,1,0,,,,,,,,,
935345,2015/16,2015-12-12,"Shere Bangla National Stadium, Mirpur",2,14.5,Dhaka Dynamites,Barisal Bulls,MN Waller,Mosaddek Hossain,RR Emrit,1,0,,,,,,,,,
935345,2015/16,2015-12-12,"Shere Bangla National Stadium, Mirpur",2,14.6,Dhaka Dynamites,Barisal Bulls,Mosaddek Hossain,MN Waller,RR Emrit,1,0,,,,,,,,,
935345,2015/16,2015-12-12,"Shere Bangla National Stadium, Mirpur",2,15.1,Dhaka Dynamites,Barisal Bulls,Mosaddek Hossain,MN Waller,KK Cooper,2,0,,,,,,,,,
935345,2015/16,2015-12-12,"Shere Bangla National Stadium, Mirpur",2,15.2,Dhaka Dynamites,Barisal Bulls,Mosaddek Hossain,MN Waller,KK Cooper,2,0,,,,,,,,,
935345,2015/16,2015-12-12,"Shere Bangla National Stadium, Mirpur",2,15.3,Dhaka Dynamites,Barisal Bulls,Mosaddek Hossain,MN Waller,KK Cooper,0,0,,,,,,,,,
935345,2015/16,2015-12-12,"Shere Bangla National Stadium, Mirpur",2,15.4,Dhaka Dynamites,Barisal Bulls,Mosaddek Hossain,MN Waller,KK Cooper,0,0,,,,,,,,,
935345,2015/16,2015-12-12,"Shere Bangla National Stadium, Mirpur",2,15.5,Dhaka Dynamites,Barisal Bulls,Mosaddek Hossain,MN Waller,KK Cooper,1,0,,,,,,,,,
935345,2015/16,2015-12-12,"Shere Bangla National Stadium, Mirpur",2,15.6,Dhaka Dynamites,Barisal Bulls,MN Waller,Mosaddek Hossain,KK Cooper,0,0,,,,,,,,,
935345,2015/16,2015-12-12,"Shere Bangla National Stadium, Mirpur",2,16.1,Dhaka Dynamites,Barisal Bulls,Mosaddek Hossain,MN Waller,Mohammad Sami,2,0,,,,,,,,,
935345,2015/16,2015-12-12,"Shere Bangla National Stadium, Mirpur",2,16.2,Dhaka Dynamites,Barisal Bulls,Mosaddek Hossain,MN Waller,Mohammad Sami,1,0,,,,,,,,,
935345,2015/16,2015-12-12,"Shere Bangla National Stadium, Mirpur",2,16.3,Dhaka Dynamites,Barisal Bulls,MN Waller,Mosaddek Hossain,Mohammad Sami,6,0,,,,,,,,,
935345,2015/16,2015-12-12,"Shere Bangla National Stadium, Mirpur",2,16.4,Dhaka Dynamites,Barisal Bulls,MN Waller,Mosaddek Hossain,Mohammad Sami,4,0,,,,,,,,,
935345,2015/16,2015-12-12,"Shere Bangla National Stadium, Mirpur",2,16.5,Dhaka Dynamites,Barisal Bulls,MN Waller,Mosaddek Hossain,Mohammad Sami,6,0,,,,,,,,,
935345,2015/16,2015-12-12,"Shere Bangla National Stadium, Mirpur",2,16.6,Dhaka Dynamites,Barisal Bulls,MN Waller,Mosaddek Hossain,Mohammad Sami,0,1,,,,1,,,,,
935345,2015/16,2015-12-12,"Shere Bangla National Stadium, Mirpur",2,17.1,Dhaka Dynamites,Barisal Bulls,MN Waller,Mosaddek Hossain,Taijul Islam,1,0,,,,,,,,,
935345,2015/16,2015-12-12,"Shere Bangla National Stadium, Mirpur",2,17.2,Dhaka Dynamites,Barisal Bulls,Mosaddek Hossain,MN Waller,Taijul Islam,6,0,,,,,,,,,
935345,2015/16,2015-12-12,"Shere Bangla National Stadium, Mirpur",2,17.3,Dhaka Dynamites,Barisal Bulls,Mosaddek Hossain,MN Waller,Taijul Islam,0,1,,,,1,,,,,
935345,2015/16,2015-12-12,"Shere Bangla National Stadium, Mirpur",2,17.4,Dhaka Dynamites,Barisal Bulls,MN Waller,Mosaddek Hossain,Taijul Islam,0,0,,,,,,,,,
935345,2015/16,2015-12-12,"Shere Bangla National Stadium, Mirpur",2,17.5,Dhaka Dynamites,Barisal Bulls,MN Waller,Mosaddek Hossain,Taijul Islam,0,0,,,,,,caught,MN Waller,,
935345,2015/16,2015-12-12,"Shere Bangla National Stadium, Mirpur",2,17.6,Dhaka Dynamites,Barisal Bulls,Mosaddek Hossain,Yasir Shah,Taijul Islam,0,0,,,,,,caught,Mosaddek Hossain,,
935345,2015/16,2015-12-12,"Shere Bangla National Stadium, Mirpur",2,18.1,Dhaka Dynamites,Barisal Bulls,Yasir Shah,Mosharraf Hossain,KK Cooper,0,0,,,,,,,,,
935345,2015/16,2015-12-12,"Shere Bangla National Stadium, Mirpur",2,18.2,Dhaka Dynamites,Barisal Bulls,Yasir Shah,Mosharraf Hossain,KK Cooper,0,0,,,,,,caught,Yasir Shah,,
935345,2015/16,2015-12-12,"Shere Bangla National Stadium, Mirpur",2,18.3,Dhaka Dynamites,Barisal Bulls,Nabil Samad,Mosharraf Hossain,KK Cooper,1,0,,,,,,,,,
935345,2015/16,2015-12-12,"Shere Bangla National Stadium, Mirpur",2,18.4,Dhaka Dynamites,Barisal Bulls,Mosharraf Hossain,Nabil Samad,KK Cooper,1,0,,,,,,,,,
935345,2015/16,2015-12-12,"Shere Bangla National Stadium, Mirpur",2,18.5,Dhaka Dynamites,Barisal Bulls,Nabil Samad,Mosharraf Hossain,KK Cooper,1,0,,,,,,,,,
935345,2015/16,2015-12-12,"Shere Bangla National Stadium, Mirpur",2,18.6,Dhaka Dynamites,Barisal Bulls,Mosharraf Hossain,Nabil Samad,KK Cooper,1,0,,,,,,,,,
935345,2015/16,2015-12-12,"Shere Bangla National Stadium, Mirpur",2,19.1,Dhaka Dynamites,Barisal Bulls,Mosharraf Hossain,Nabil Samad,Mohammad Sami,0,0,,,,,,,,,
935345,2015/16,2015-12-12,"Shere Bangla National Stadium, Mirpur",2,19.2,Dhaka Dynamites,Barisal Bulls,Mosharraf Hossain,Nabil Samad,Mohammad Sami,0,0,,,,,,,,,
935345,2015/16,2015-12-12,"Shere Bangla National Stadium, Mirpur",2,19.3,Dhaka Dynamites,Barisal Bulls,Mosharraf Hossain,Nabil Samad,Mohammad Sami,0,1,,,1,,,,,,
935345,2015/16,2015-12-12,"Shere Bangla National Stadium, Mirpur",2,19.4,Dhaka Dynamites,Barisal Bulls,Nabil Samad,Mosharraf Hossain,Mohammad Sami,0,0,,,,,,,,,
935345,2015/16,2015-12-12,"Shere Bangla National Stadium, Mirpur",2,19.5,Dhaka Dynamites,Barisal Bulls,Nabil Samad,Mosharraf Hossain,Mohammad Sami,1,0,,,,,,,,,
935345,2015/16,2015-12-12,"Shere Bangla National Stadium, Mirpur",2,19.6,Dhaka Dynamites,Barisal Bulls,Mosharraf Hossain,Nabil Samad,Mohammad Sami,1,0,,,,,,,,,
