match_id,season,start_date,venue,innings,ball,batting_team,bowling_team,striker,non_striker,bowler,runs_off_bat,extras,wides,noballs,byes,legbyes,penalty,wicket_type,player_dismissed,other_wicket_type,other_player_dismissed
935315,2015/16,2015-12-02,"Zahur Ahmed Chowdhury Stadium, Chittagong",1,0.1,Comilla Victorians,Dhaka Dynamites,Liton Das,Ahmed Shehzad,Abul Hasan,1,0,,,,,,,,,
935315,2015/16,2015-12-02,"Zahur Ahmed Chowdhury Stadium, Chittagong",1,0.2,Comilla Victorians,Dhaka Dynamites,Ahmed Shehzad,Liton Das,Abul Hasan,0,0,,,,,,,,,
935315,2015/16,2015-12-02,"Zahur Ahmed Chowdhury Stadium, Chittagong",1,0.3,Comilla Victorians,Dhaka Dynamites,Ahmed Shehzad,Liton Das,Abul Hasan,0,0,,,,,,,,,
935315,2015/16,2015-12-02,"Zahur Ahmed Chowdhury Stadium, Chittagong",1,0.4,Comilla Victorians,Dhaka Dynamites,Ahmed Shehzad,Liton Das,Abul Hasan,0,0,,,,,,,,,
935315,2015/16,2015-12-02,"Zahur Ahmed Chowdhury Stadium, Chittagong",1,0.5,Comilla Victorians,Dhaka Dynamites,Ahmed Shehzad,Liton Das,Abul Hasan,0,0,,,,,,,,,
935315,2015/16,2015-12-02,"Zahur Ahmed Chowdhury Stadium, Chittagong",1,0.6,Comilla Victorians,Dhaka Dynamites,Ahmed Shehzad,Liton Das,Abul Hasan,4,0,,,,,,,,,
935315,2015/16,2015-12-02,"Zahur Ahmed Chowdhury Stadium, Chittagong",1,1.1,Comilla Victorians,Dhaka Dynamites,Liton Das,Ahmed Shehzad,Farhad Reza,0,0,,,,,,,,,
935315,2015/16,2015-12-02,"Zahur Ahmed Chowdhury Stadium, Chittagong",1,1.2,Comilla Victorians,Dhaka Dynamites,Liton Das,Ahmed Shehzad,Farhad Reza,1,0,,,,,,,,,
935315,2015/16,2015-12-02,"Zahur Ahmed Chowdhury Stadium, Chittagong",1,1.3,Comilla Victorians,Dhaka Dynamites,Ahmed Shehzad,Liton Das,Farhad Reza,1,0,,,,,,,,,
935315,2015/16,2015-12-02,"Zahur Ahmed Chowdhury Stadium, Chittagong",1,1.4,Comilla Victorians,Dhaka Dynamites,Liton Das,Ahmed Shehzad,Farhad Reza,1,0,,,,,,,,,
935315,2015/16,2015-12-02,"Zahur Ahmed Chowdhury Stadium, Chittagong",1,1.5,Comilla Victorians,Dhaka Dynamites,Ahmed Shehzad,Liton Das,Farhad Reza,0,0,,,,,,,,,
935315,2015/16,2015-12-02,"Zahur Ahmed Chowdhury Stadium, Chittagong",1,1.6,Comilla Victorians,Dhaka Dynamites,Ahmed Shehzad,Liton Das,Farhad Reza,0,0,,,,,,,,,
935315,2015/16,2015-12-02,"Zahur Ahmed Chowdhury Stadium, Chittagong",1,2.1,Comilla Victorians,Dhaka Dynamites,Liton Das,Ahmed Shehzad,Abul Hasan,0,0,,,,,,,,,
935315,2015/16,2015-12-02,"Zahur Ahmed Chowdhury Stadium, Chittagong",1,2.2,Comilla Victorians,Dhaka Dynamites,Liton Das,Ahmed Shehzad,Abul Hasan,2,0,,,,,,,,,
935315,2015/16,2015-12-02,"Zahur Ahmed Chowdhury Stadium, Chittagong",1,2.3,Comilla Victorians,Dhaka Dynamites,Liton Das,Ahmed Shehzad,Abul Hasan,0,0,,,,,,,,,
935315,2015/16,2015-12-02,"Zahur Ahmed Chowdhury Stadium, Chittagong",1,2.4,Comilla Victorians,Dhaka Dynamites,Liton Das,Ahmed Shehzad,Abul Hasan,4,0,,,,,,,,,
935315,2015/16,2015-12-02,"Zahur Ahmed Chowdhury Stadium, Chittagong",1,2.5,Comilla Victorians,Dhaka Dynamites,Liton Das,Ahmed Shehzad,Abul Hasan,0,0,,,,,,,,,
935315,2015/16,2015-12-02,"Zahur Ahmed Chowdhury Stadium, Chittagong",1,2.6,Comilla Victorians,Dhaka Dynamites,Liton Das,Ahmed Shehzad,Abul Hasan,0,0,,,,,,,,,
935315,2015/16,2015-12-02,"Zahur Ahmed Chowdhury Stadium, Chittagong",1,3.1,Comilla Victorians,Dhaka Dynamites,Ahmed Shehzad,Liton Das,Farhad Reza,0,0,,,,,,,,,
935315,2015/16,2015-12-02,"Zahur Ahmed Chowdhury Stadium, Chittagong",1,3.2,Comilla Victorians,Dhaka Dynamites,Ahmed Shehzad,Liton Das,Farhad Reza,4,0,,,,,,,,,
935315,2015/16,2015-12-02,"Zahur Ahmed Chowdhury Stadium, Chittagong",1,3.3,Comilla Victorians,Dhaka Dynamites,Ahmed Shehzad,Liton Das,Farhad Reza,0,0,,,,,,caught,Ahmed Shehzad,,
935315,2015/16,2015-12-02,"Zahur Ahmed Chowdhury Stadium, Chittagong",1,3.4,Comilla Victorians,Dhaka Dynamites,Imrul Kayes,Liton Das,Farhad Reza,0,0,,,,,,,,,
935315,2015/16,2015-12-02,"Zahur Ahmed Chowdhury Stadium, Chittagong",1,3.5,Comilla Victorians,Dhaka Dynamites,Imrul Kayes,Liton Das,Farhad Reza,1,0,,,,,,,,,
935315,2015/16,2015-12-02,"Zahur Ahmed Chowdhury Stadium, Chittagong",1,3.6,Comilla Victorians,Dhaka Dynamites,Liton Das,Imrul Kayes,Farhad Reza,0,0,,,,,,,,,
935315,2015/16,2015-12-02,"Zahur Ahmed Chowdhury Stadium, Chittagong",1,4.1,Comilla Victorians,Dhaka Dynamites,Imrul Kayes,Liton Das,Abul Hasan,1,0,,,,,,,,,
935315,2015/16,2015-12-02,"Zahur Ahmed Chowdhury Stadium, Chittagong",1,4.2,Comilla Victorians,Dhaka Dynamites,Liton Das,Imrul Kayes,Abul Hasan,1,0,,,,,,,,,
935315,2015/16,2015-12-02,"Zahur Ahmed Chowdhury Stadium, Chittagong",1,4.3,Comilla Victorians,Dhaka Dynamites,Imrul Kayes,Liton Das,Abul Hasan,0,0,,,,,,,,,
935315,2015/16,2015-12-02,"Zahur Ahmed Chowdhury Stadium, Chittagong",1,4.4,Comilla Victorians,Dhaka Dynamites,Imrul Kayes,Liton Das,Abul Hasan,1,0,,,,,,,,,
935315,2015/16,2015-12-02,"Zahur Ahmed Chowdhury Stadium, Chittagong",1,4.5,Comilla Victorians,Dhaka Dynamites,Liton Das,Imrul Kayes,Abul Hasan,0,0,,,,,,,,,
935315,2015/16,2015-12-02,"Zahur Ahmed Chowdhury Stadium, Chittagong",1,4.6,Comilla Victorians,Dhaka Dynamites,Liton Das,Imrul Kayes,Abul Hasan,4,0,,,,,,,,,
935315,2015/16,2015-12-02,"Zahur Ahmed Chowdhury Stadium, Chittagong",1,5.1,Comilla Victorians,Dhaka Dynamites,Imrul Kayes,Liton Das,Mustafizur Rahman,4,0,,,,,,,,,
935315,2015/16,2015-12-02,"Zahur Ahmed Chowdhury Stadium, Chittagong",1,5.2,Comilla Victorians,Dhaka Dynamites,Imrul Kayes,Liton Das,Mustafizur Rahman,0,0,,,,,,lbw,Imrul Kayes,,
935315,2015/16,2015-12-02,"Zahur Ahmed Chowdhury Stadium, Chittagong",1,5.3,Comilla Victorians,Dhaka Dynamites,Shoaib Malik,Liton Das,Mustafizur Rahman,0,0,,,,,,,,,
935315,2015/16,2015-12-02,"Zahur Ahmed Chowdhury Stadium, Chittagong",1,5.4,Comilla Victorians,Dhaka Dynamites,Shoaib Malik,Liton Das,Mustafizur Rahman,0,0,,,,,,,,,
935315,2015/16,2015-12-02,"Zahur Ahmed Chowdhury Stadium, Chittagong",1,5.5,Comilla Victorians,Dhaka Dynamites,Shoaib Malik,Liton Das,Mustafizur Rahman,0,0,,,,,,,,,
935315,2015/16,2015-12-02,"Zahur Ahmed Chowdhury Stadium, Chittagong",1,5.6,Comilla Victorians,Dhaka Dynamites,Shoaib Malik,Liton Das,Mustafizur Rahman,0,0,,,,,,,,,
935315,2015/16,2015-12-02,"Zahur Ahmed Chowdhury Stadium, Chittagong",1,6.1,Comilla Victorians,Dhaka Dynamites,Liton Das,Shoaib Malik,Yasir Shah,0,0,,,,,,,,,
935315,2015/16,2015-12-02,"Zahur Ahmed Chowdhury Stadium, Chittagong",1,6.2,Comilla Victorians,Dhaka Dynamites,Liton Das,Shoaib Malik,Yasir Shah,1,0,,,,,,,,,
935315,2015/16,2015-12-02,"Zahur Ahmed Chowdhury Stadium, Chittagong",1,6.3,Comilla Victorians,Dhaka Dynamites,Shoaib Malik,Liton Das,Yasir Shah,4,0,,,,,,,,,
935315,2015/16,2015-12-02,"Zahur Ahmed Chowdhury Stadium, Chittagong",1,6.4,Comilla Victorians,Dhaka Dynamites,Shoaib Malik,Liton Das,Yasir Shah,0,0,,,,,,,,,
935315,2015/16,2015-12-02,"Zahur Ahmed Chowdhury Stadium, Chittagong",1,6.5,Comilla Victorians,Dhaka Dynamites,Shoaib Malik,Liton Das,Yasir Shah,0,0,,,,,,,,,
935315,2015/16,2015-12-02,"Zahur Ahmed Chowdhury Stadium, Chittagong",1,6.6,Comilla Victorians,Dhaka Dynamites,Shoaib Malik,Liton Das,Yasir Shah,0,0,,,,,,,,,
935315,2015/16,2015-12-02,"Zahur Ahmed Chowdhury Stadium, Chittagong",1,7.1,Comilla Victorians,Dhaka Dynamites,Liton Das,Shoaib Malik,Mustafizur Rahman,0,0,,,,,,,,,
935315,2015/16,2015-12-02,"Zahur Ahmed Chowdhury Stadium, Chittagong",1,7.2,Comilla Victorians,Dhaka Dynamites,Liton Das,Shoaib Malik,Mustafizur Rahman,1,0,,,,,,,,,
935315,2015/16,2015-12-02,"Zahur Ahmed Chowdhury Stadium, Chittagong",1,7.3,Comilla Victorians,Dhaka Dynamites,Shoaib Malik,Liton Das,Mustafizur Rahman,1,0,,,,,,,,,
935315,2015/16,2015-12-02,"Zahur Ahmed Chowdhury Stadium, Chittagong",1,7.4,Comilla Victorians,Dhaka Dynamites,Liton Das,Shoaib Malik,Mustafizur Rahman,0,0,,,,,,,,,
935315,2015/16,2015-12-02,"Zahur Ahmed Chowdhury Stadium, Chittagong",1,7.5,Comilla Victorians,Dhaka Dynamites,Liton Das,Shoaib Malik,Mustafizur Rahman,2,0,,,,,,,,,
935315,2015/16,2015-12-02,"Zahur Ahmed Chowdhury Stadium, Chittagong",1,7.6,Comilla Victorians,Dhaka Dynamites,Liton Das,Shoaib Malik,Mustafizur Rahman,2,0,,,,,,,,,
935315,2015/16,2015-12-02,"Zahur Ahmed Chowdhury Stadium, Chittagong",1,8.1,Comilla Victorians,Dhaka Dynamites,Shoaib Malik,Liton Das,Yasir Shah,0,0,,,,,,,,,
935315,2015/16,2015-12-02,"Zahur Ahmed Chowdhury Stadium, Chittagong",1,8.2,Comilla Victorians,Dhaka Dynamites,Shoaib Malik,Liton Das,Yasir Shah,2,0,,,,,,,,,
935315,2015/16,2015-12-02,"Zahur Ahmed Chowdhury Stadium, Chittagong",1,8.3,Comilla Victorians,Dhaka Dynamites,Shoaib Malik,Liton Das,Yasir Shah,1,0,,,,,,,,,
935315,2015/16,2015-12-02,"Zahur Ahmed Chowdhury Stadium, Chittagong",1,8.4,Comilla Victorians,Dhaka Dynamites,Liton Das,Shoaib Malik,Yasir Shah,1,0,,,,,,,,,
935315,2015/16,2015-12-02,"Zahur Ahmed Chowdhury Stadium, Chittagong",1,8.5,Comilla Victorians,Dhaka Dynamites,Shoaib Malik,Liton Das,Yasir Shah,0,0,,,,,,caught,Shoaib Malik,,
935315,2015/16,2015-12-02,"Zahur Ahmed Chowdhury Stadium, Chittagong",1,8.6,Comilla Victorians,Dhaka Dynamites,Liton Das,Mashrafe Mortaza,Yasir Shah,1,0,,,,,,,,,
935315,2015/16,2015-12-02,"Zahur Ahmed Chowdhury Stadium, Chittagong",1,9.1,Comilla Victorians,Dhaka Dynamites,Liton Das,Mashrafe Mortaza,Shykat Ali,0,0,,,,,,,,,
935315,2015/16,2015-12-02,"Zahur Ahmed Chowdhury Stadium, Chittagong",1,9.2,Comilla Victorians,Dhaka Dynamites,Liton Das,Mashrafe Mortaza,Shykat Ali,1,0,,,,,,,,,
935315,2015/16,2015-12-02,"Zahur Ahmed Chowdhury Stadium, Chittagong",1,9.3,Comilla Victorians,Dhaka Dynamites,Mashrafe Mortaza,Liton Das,Shykat Ali,0,0,,,,,,,,,
935315,2015/16,2015-12-02,"Zahur Ahmed Chowdhury Stadium, Chittagong",1,9.4,Comilla Victorians,Dhaka Dynamites,Mashrafe Mortaza,Liton Das,Shykat Ali,0,0,,,,,,,,,
935315,2015/16,2015-12-02,"Zahur Ahmed Chowdhury Stadium, Chittagong",1,9.5,Comilla Victorians,Dhaka Dynamites,Mashrafe Mortaza,Liton Das,Shykat Ali,1,0,,,,,,,,,
935315,2015/16,2015-12-02,"Zahur Ahmed Chowdhury Stadium, Chittagong",1,9.6,Comilla Victorians,Dhaka Dynamites,Liton Das,Mashrafe Mortaza,Shykat Ali,2,0,,,,,,,,,
935315,2015/16,2015-12-02,"Zahur Ahmed Chowdhury Stadium, Chittagong",1,10.1,Comilla Victorians,Dhaka Dynamites,Mashrafe Mortaza,Liton Das,Yasir Shah,1,0,,,,,,,,,
935315,2015/16,2015-12-02,"Zahur Ahmed Chowdhury Stadium, Chittagong",1,10.2,Comilla Victorians,Dhaka Dynamites,Liton Das,Mashrafe Mortaza,Yasir Shah,0,0,,,,,,,,,
935315,2015/16,2015-12-02,"Zahur Ahmed Chowdhury Stadium, Chittagong",1,10.3,Comilla Victorians,Dhaka Dynamites,Liton Das,Mashrafe Mortaza,Yasir Shah,1,0,,,,,,,,,
935315,2015/16,2015-12-02,"Zahur Ahmed Chowdhury Stadium, Chittagong",1,10.4,Comilla Victorians,Dhaka Dynamites,Mashrafe Mortaza,Liton Das,Yasir Shah,0,0,,,,,,bowled,Mashrafe Mortaza,,
935315,2015/16,2015-12-02,"Zahur Ahmed Chowdhury Stadium, Chittagong",1,10.5,Comilla Victorians,Dhaka Dynamites,Ashar Zaidi,Liton Das,Yasir Shah,1,0,,,,,,,,,
935315,2015/16,2015-12-02,"Zahur Ahmed Chowdhury Stadium, Chittagong",1,10.6,Comilla Victorians,Dhaka Dynamites,Liton Das,Ashar Zaidi,Yasir Shah,1,0,,,,,,,,,
935315,2015/16,2015-12-02,"Zahur Ahmed Chowdhury Stadium, Chittagong",1,11.1,Comilla Victorians,Dhaka Dynamites,Liton Das,Ashar Zaidi,Shykat Ali,1,0,,,,,,,,,
935315,2015/16,2015-12-02,"Zahur Ahmed Chowdhury Stadium, Chittagong",1,11.2,Comilla Victorians,Dhaka Dynamites,Ashar Zaidi,Liton Das,Shykat Ali,0,4,,,,4,,,,,
935315,2015/16,2015-12-02,"Zahur Ahmed Chowdhury Stadium, Chittagong",1,11.3,Comilla Victorians,Dhaka Dynamites,Ashar Zaidi,Liton Das,Shykat Ali,0,0,,,,,,,,,
935315,2015/16,2015-12-02,"Zahur Ahmed Chowdhury Stadium, Chittagong",1,11.4,Comilla Victorians,Dhaka Dynamites,Ashar Zaidi,Liton Das,Shykat Ali,0,1,,,,1,,,,,
935315,2015/16,2015-12-02,"Zahur Ahmed Chowdhury Stadium, Chittagong",1,11.5,Comilla Victorians,Dhaka Dynamites,Liton Das,Ashar Zaidi,Shykat Ali,1,0,,,,,,,,,
935315,2015/16,2015-12-02,"Zahur Ahmed Chowdhury Stadium, Chittagong",1,11.6,Comilla Victorians,Dhaka Dynamites,Ashar Zaidi,Liton Das,Shykat Ali,4,0,,,,,,,,,
935315,2015/16,2015-12-02,"Zahur Ahmed Chowdhury Stadium, Chittagong",1,12.1,Comilla Victorians,Dhaka Dynamites,Liton Das,Ashar Zaidi,Nasir Hossain,1,0,,,,,,,,,
935315,2015/16,2015-12-02,"Zahur Ahmed Chowdhury Stadium, Chittagong",1,12.2,Comilla Victorians,Dhaka Dynamites,Ashar Zaidi,Liton Das,Nasir Hossain,0,0,,,,,,,,,
935315,2015/16,2015-12-02,"Zahur Ahmed Chowdhury Stadium, Chittagong",1,12.3,Comilla Victorians,Dhaka Dynamites,Ashar Zaidi,Liton Das,Nasir Hossain,2,0,,,,,,,,,
935315,2015/16,2015-12-02,"Zahur Ahmed Chowdhury Stadium, Chittagong",1,12.4,Comilla Victorians,Dhaka Dynamites,Ashar Zaidi,Liton Das,Nasir Hossain,1,0,,,,,,,,,
935315,2015/16,2015-12-02,"Zahur Ahmed Chowdhury Stadium, Chittagong",1,12.5,Comilla Victorians,Dhaka Dynamites,Liton Das,Ashar Zaidi,Nasir Hossain,1,0,,,,,,,,,
935315,2015/16,2015-12-02,"Zahur Ahmed Chowdhury Stadium, Chittagong",1,12.6,Comilla Victorians,Dhaka Dynamites,Ashar Zaidi,Liton Das,Nasir Hossain,0,0,,,,,,,,,
935315,2015/16,2015-12-02,"Zahur Ahmed Chowdhury Stadium, Chittagong",1,13.1,Comilla Victorians,Dhaka Dynamites,Liton Das,Ashar Zaidi,Mosharraf Hossain,0,0,,,,,,caught,Liton Das,,
935315,2015/16,2015-12-02,"Zahur Ahmed Chowdhury Stadium, Chittagong",1,13.2,Comilla Victorians,Dhaka Dynamites,Ashar Zaidi,Alok Kapali,Mosharraf Hossain,0,0,,,,,,,,,
935315,2015/16,2015-12-02,"Zahur Ahmed Chowdhury Stadium, Chittagong",1,13.3,Comilla Victorians,Dhaka Dynamites,Ashar Zaidi,Alok Kapali,Mosharraf Hossain,1,0,,,,,,,,,
935315,2015/16,2015-12-02,"Zahur Ahmed Chowdhury Stadium, Chittagong",1,13.4,Comilla Victorians,Dhaka Dynamites,Alok Kapali,Ashar Zaidi,Mosharraf Hossain,1,0,,,,,,,,,
935315,2015/16,2015-12-02,"Zahur Ahmed Chowdhury Stadium, Chittagong",1,13.5,Comilla Victorians,Dhaka Dynamites,Ashar Zaidi,Alok Kapali,Mosharraf Hossain,1,0,,,,,,,,,
935315,2015/16,2015-12-02,"Zahur Ahmed Chowdhury Stadium, Chittagong",1,13.6,Comilla Victorians,Dhaka Dynamites,Alok Kapali,Ashar Zaidi,Mosharraf Hossain,0,0,,,,,,,,,
935315,2015/16,2015-12-02,"Zahur Ahmed Chowdhury Stadium, Chittagong",1,14.1,Comilla Victorians,Dhaka Dynamites,Ashar Zaidi,Alok Kapali,Nasir Hossain,1,0,,,,,,,,,
935315,2015/16,2015-12-02,"Zahur Ahmed Chowdhury Stadium, Chittagong",1,14.2,Comilla Victorians,Dhaka Dynamites,Alok Kapali,Ashar Zaidi,Nasir Hossain,1,0,,,,,,,,,
935315,2015/16,2015-12-02,"Zahur Ahmed Chowdhury Stadium, Chittagong",1,14.3,Comilla Victorians,Dhaka Dynamites,Ashar Zaidi,Alok Kapali,Nasir Hossain,1,0,,,,,,,,,
935315,2015/16,2015-12-02,"Zahur Ahmed Chowdhury Stadium, Chittagong",1,14.4,Comilla Victorians,Dhaka Dynamites,Alok Kapali,Ashar Zaidi,Nasir Hossain,0,0,,,,,,,,,
935315,2015/16,2015-12-02,"Zahur Ahmed Chowdhury Stadium, Chittagong",1,14.5,Comilla Victorians,Dhaka Dynamites,Alok Kapali,Ashar Zaidi,Nasir Hossain,4,0,,,,,,,,,
935315,2015/16,2015-12-02,"Zahur Ahmed Chowdhury Stadium, Chittagong",1,14.6,Comilla Victorians,Dhaka Dynamites,Alok Kapali,Ashar Zaidi,Nasir Hossain,1,0,,,,,,,,,
935315,2015/16,2015-12-02,"Zahur Ahmed Chowdhury Stadium, Chittagong",1,15.1,Comilla Victorians,Dhaka Dynamites,Alok Kapali,Ashar Zaidi,Mustafizur Rahman,1,0,,,,,,,,,
935315,2015/16,2015-12-02,"Zahur Ahmed Chowdhury Stadium, Chittagong",1,15.2,Comilla Victorians,Dhaka Dynamites,Ashar Zaidi,Alok Kapali,Mustafizur Rahman,1,0,,,,,,,,,
935315,2015/16,2015-12-02,"Zahur Ahmed Chowdhury Stadium, Chittagong",1,15.3,Comilla Victorians,Dhaka Dynamites,Alok Kapali,Ashar Zaidi,Mustafizur Rahman,1,0,,,,,,,,,
935315,2015/16,2015-12-02,"Zahur Ahmed Chowdhury Stadium, Chittagong",1,15.4,Comilla Victorians,Dhaka Dynamites,Ashar Zaidi,Alok Kapali,Mustafizur Rahman,2,0,,,,,,,,,
935315,2015/16,2015-12-02,"Zahur Ahmed Chowdhury Stadium, Chittagong",1,15.5,Comilla Victorians,Dhaka Dynamites,Ashar Zaidi,Alok Kapali,Mustafizur Rahman,1,0,,,,,,,,,
935315,2015/16,2015-12-02,"Zahur Ahmed Chowdhury Stadium, Chittagong",1,15.6,Comilla Victorians,Dhaka Dynamites,Alok Kapali,Ashar Zaidi,Mustafizur Rahman,1,0,,,,,,,,,
935315,2015/16,2015-12-02,"Zahur Ahmed Chowdhury Stadium, Chittagong",1,16.1,Comilla Victorians,Dhaka Dynamites,Alok Kapali,Ashar Zaidi,Nasir Hossain,0,0,,,,,,stumped,Alok Kapali,,
935315,2015/16,2015-12-02,"Zahur Ahmed Chowdhury Stadium, Chittagong",1,16.2,Comilla Victorians,Dhaka Dynamites,Shuvagata Hom,Ashar Zaidi,Nasir Hossain,1,0,,,,,,,,,
935315,2015/16,2015-12-02,"Zahur Ahmed Chowdhury Stadium, Chittagong",1,16.3,Comilla Victorians,Dhaka Dynamites,Ashar Zaidi,Shuvagata Hom,Nasir Hossain,2,0,,,,,,,,,
935315,2015/16,2015-12-02,"Zahur Ahmed Chowdhury Stadium, Chittagong",1,16.4,Comilla Victorians,Dhaka Dynamites,Ashar Zaidi,Shuvagata Hom,Nasir Hossain,1,0,,,,,,,,,
935315,2015/16,2015-12-02,"Zahur Ahmed Chowdhury Stadium, Chittagong",1,16.5,Comilla Victorians,Dhaka Dynamites,Shuvagata Hom,Ashar Zaidi,Nasir Hossain,1,0,,,,,,,,,
935315,2015/16,2015-12-02,"Zahur Ahmed Chowdhury Stadium, Chittagong",1,16.6,Comilla Victorians,Dhaka Dynamites,Ashar Zaidi,Shuvagata Hom,Nasir Hossain,1,0,,,,,,,,,
935315,2015/16,2015-12-02,"Zahur Ahmed Chowdhury Stadium, Chittagong",1,17.1,Comilla Victorians,Dhaka Dynamites,Ashar Zaidi,Shuvagata Hom,Yasir Shah,1,0,,,,,,,,,
935315,2015/16,2015-12-02,"Zahur Ahmed Chowdhury Stadium, Chittagong",1,17.2,Comilla Victorians,Dhaka Dynamites,Shuvagata Hom,Ashar Zaidi,Yasir Shah,2,0,,,,,,,,,
935315,2015/16,2015-12-02,"Zahur Ahmed Chowdhury Stadium, Chittagong",1,17.3,Comilla Victorians,Dhaka Dynamites,Shuvagata Hom,Ashar Zaidi,Yasir Shah,4,0,,,,,,,,,
935315,2015/16,2015-12-02,"Zahur Ahmed Chowdhury Stadium, Chittagong",1,17.4,Comilla Victorians,Dhaka Dynamites,Shuvagata Hom,Ashar Zaidi,Yasir Shah,0,0,,,,,,,,,
935315,2015/16,2015-12-02,"Zahur Ahmed Chowdhury Stadium, Chittagong",1,17.5,Comilla Victorians,Dhaka Dynamites,Shuvagata Hom,Ashar Zaidi,Yasir Shah,4,0,,,,,,,,,
935315,2015/16,2015-12-02,"Zahur Ahmed Chowdhury Stadium, Chittagong",1,17.6,Comilla Victorians,Dhaka Dynamites,Shuvagata Hom,Ashar Zaidi,Yasir Shah,1,0,,,,,,,,,
935315,2015/16,2015-12-02,"Zahur Ahmed Chowdhury Stadium, Chittagong",1,18.1,Comilla Victorians,Dhaka Dynamites,Shuvagata Hom,Ashar Zaidi,Mustafizur Rahman,1,0,,,,,,,,,
935315,2015/16,2015-12-02,"Zahur Ahmed Chowdhury Stadium, Chittagong",1,18.2,Comilla Victorians,Dhaka Dynamites,Ashar Zaidi,Shuvagata Hom,Mustafizur Rahman,6,0,,,,,,,,,
935315,2015/16,2015-12-02,"Zahur Ahmed Chowdhury Stadium, Chittagong",1,18.3,Comilla Victorians,Dhaka Dynamites,Ashar Zaidi,Shuvagata Hom,Mustafizur Rahman,1,0,,,,,,,,,
935315,2015/16,2015-12-02,"Zahur Ahmed Chowdhury Stadium, Chittagong",1,18.4,Comilla Victorians,Dhaka Dynamites,Shuvagata Hom,Ashar Zaidi,Mustafizur Rahman,3,0,,,,,,,,,
935315,2015/16,2015-12-02,"Zahur Ahmed Chowdhury Stadium, Chittagong",1,18.5,Comilla Victorians,Dhaka Dynamites,Ashar Zaidi,Shuvagata Hom,Mustafizur Rahman,1,0,,,,,,,,,
935315,2015/16,2015-12-02,"Zahur Ahmed Chowdhury Stadium, Chittagong",1,18.6,Comilla Victorians,Dhaka Dynamites,Shuvagata Hom,Ashar Zaidi,Mustafizur Rahman,4,0,,,,,,,,,
935315,2015/16,2015-12-02,"Zahur Ahmed Chowdhury Stadium, Chittagong",1,19.1,Comilla Victorians,Dhaka Dynamites,Ashar Zaidi,Shuvagata Hom,Farhad Reza,6,0,,,,,,,,,
935315,2015/16,2015-12-02,"Zahur Ahmed Chowdhury Stadium, Chittagong",1,19.2,Comilla Victorians,Dhaka Dynamites,Ashar Zaidi,Shuvagata Hom,Farhad Reza,4,0,,,,,,,,,
935315,2015/16,2015-12-02,"Zahur Ahmed Chowdhury Stadium, Chittagong",1,19.3,Comilla Victorians,Dhaka Dynamites,Ashar Zaidi,Shuvagata Hom,Farhad Reza,0,0,,,,,,,,,
935315,2015/16,2015-12-02,"Zahur Ahmed Chowdhury Stadium, Chittagong",1,19.4,Comilla Victorians,Dhaka Dynamites,Ashar Zaidi,Shuvagata Hom,Farhad Reza,0,1,,,,1,,,,,
935315,2015/16,2015-12-02,"Zahur Ahmed Chowdhury Stadium, Chittagong",1,19.5,Comilla Victorians,Dhaka Dynamites,Shuvagata Hom,Ashar Zaidi,Farhad Reza,0,0,,,,,,caught,Shuvagata Hom,,
935315,2015/16,2015-12-02,"Zahur Ahmed Chowdhury Stadium, Chittagong",1,19.6,Comilla Victorians,Dhaka Dynamites,Ashar Zaidi,Dolar Mahmud,Farhad Reza,0,1,1,,,,,,,,
935315,2015/16,2015-12-02,"Zahur Ahmed Chowdhury Stadium, Chittagong",1,19.7,Comilla Victorians,Dhaka Dynamites,Ashar Zaidi,Dolar Mahmud,Farhad Reza,0,1,1,,,,,,,,
935315,2015/16,2015-12-02,"Zahur Ahmed Chowdhury Stadium, Chittagong",1,19.8,Comilla Victorians,Dhaka Dynamites,Ashar Zaidi,Dolar Mahmud,Farhad Reza,6,0,,,,,,,,,
935315,2015/16,2015-12-02,"Zahur Ahmed Chowdhury Stadium, Chittagong",2,0.1,Dhaka Dynamites,Comilla Victorians,Shykat Ali,Shadman Islam,KMDN Kulasekara,0,0,,,,,,,,,
935315,2015/16,2015-12-02,"Zahur Ahmed Chowdhury Stadium, Chittagong",2,0.2,Dhaka Dynamites,Comilla Victorians,Shykat Ali,Shadman Islam,KMDN Kulasekara,0,0,,,,,,,,,
935315,2015/16,2015-12-02,"Zahur Ahmed Chowdhury Stadium, Chittagong",2,0.3,Dhaka Dynamites,Comilla Victorians,Shykat Ali,Shadman Islam,KMDN Kulasekara,1,0,,,,,,,,,
935315,2015/16,2015-12-02,"Zahur Ahmed Chowdhury Stadium, Chittagong",2,0.4,Dhaka Dynamites,Comilla Victorians,Shadman Islam,Shykat Ali,KMDN Kulasekara,0,0,,,,,,,,,
935315,2015/16,2015-12-02,"Zahur Ahmed Chowdhury Stadium, Chittagong",2,0.5,Dhaka Dynamites,Comilla Victorians,Shadman Islam,Shykat Ali,KMDN Kulasekara,0,0,,,,,,,,,
935315,2015/16,2015-12-02,"Zahur Ahmed Chowdhury Stadium, Chittagong",2,0.6,Dhaka Dynamites,Comilla Victorians,Shadman Islam,Shykat Ali,KMDN Kulasekara,0,0,,,,,,,,,
935315,2015/16,2015-12-02,"Zahur Ahmed Chowdhury Stadium, Chittagong",2,1.1,Dhaka Dynamites,Comilla Victorians,Shykat Ali,Shadman Islam,Abu Hider,0,0,,,,,,,,,
935315,2015/16,2015-12-02,"Zahur Ahmed Chowdhury Stadium, Chittagong",2,1.2,Dhaka Dynamites,Comilla Victorians,Shykat Ali,Shadman Islam,Abu Hider,0,2,2,,,,,,,,
935315,2015/16,2015-12-02,"Zahur Ahmed Chowdhury Stadium, Chittagong",2,1.3,Dhaka Dynamites,Comilla Victorians,Shadman Islam,Shykat Ali,Abu Hider,0,0,,,,,,,,,
935315,2015/16,2015-12-02,"Zahur Ahmed Chowdhury Stadium, Chittagong",2,1.4,Dhaka Dynamites,Comilla Victorians,Shadman Islam,Shykat Ali,Abu Hider,5,0,,,,,,,,,
935315,2015/16,2015-12-02,"Zahur Ahmed Chowdhury Stadium, Chittagong",2,1.5,Dhaka Dynamites,Comilla Victorians,Shykat Ali,Shadman Islam,Abu Hider,0,0,,,,,,,,,
935315,2015/16,2015-12-02,"Zahur Ahmed Chowdhury Stadium, Chittagong",2,1.6,Dhaka Dynamites,Comilla Victorians,Shykat Ali,Shadman Islam,Abu Hider,2,0,,,,,,,,,
935315,2015/16,2015-12-02,"Zahur Ahmed Chowdhury Stadium, Chittagong",2,1.7,Dhaka Dynamites,Comilla Victorians,Shykat Ali,Shadman Islam,Abu Hider,1,0,,,,,,,,,
935315,2015/16,2015-12-02,"Zahur Ahmed Chowdhury Stadium, Chittagong",2,2.1,Dhaka Dynamites,Comilla Victorians,Shykat Ali,Shadman Islam,KMDN Kulasekara,0,0,,,,,,,,,
935315,2015/16,2015-12-02,"Zahur Ahmed Chowdhury Stadium, Chittagong",2,2.2,Dhaka Dynamites,Comilla Victorians,Shykat Ali,Shadman Islam,KMDN Kulasekara,1,0,,,,,,,,,
935315,2015/16,2015-12-02,"Zahur Ahmed Chowdhury Stadium, Chittagong",2,2.3,Dhaka Dynamites,Comilla Victorians,Shadman Islam,Shykat Ali,KMDN Kulasekara,1,0,,,,,,,,,
935315,2015/16,2015-12-02,"Zahur Ahmed Chowdhury Stadium, Chittagong",2,2.4,Dhaka Dynamites,Comilla Victorians,Shykat Ali,Shadman Islam,KMDN Kulasekara,1,0,,,,,,,,,
935315,2015/16,2015-12-02,"Zahur Ahmed Chowdhury Stadium, Chittagong",2,2.5,Dhaka Dynamites,Comilla Victorians,Shadman Islam,Shykat Ali,KMDN Kulasekara,1,0,,,,,,,,,
935315,2015/16,2015-12-02,"Zahur Ahmed Chowdhury Stadium, Chittagong",2,2.6,Dhaka Dynamites,Comilla Victorians,Shykat Ali,Shadman Islam,KMDN Kulasekara,1,0,,,,,,,,,
935315,2015/16,2015-12-02,"Zahur Ahmed Chowdhury Stadium, Chittagong",2,3.1,Dhaka Dynamites,Comilla Victorians,Shykat Ali,Shadman Islam,Abu Hider,1,0,,,,,,,,,
935315,2015/16,2015-12-02,"Zahur Ahmed Chowdhury Stadium, Chittagong",2,3.2,Dhaka Dynamites,Comilla Victorians,Shadman Islam,Shykat Ali,Abu Hider,1,0,,,,,,run out,Shykat Ali,,
935315,2015/16,2015-12-02,"Zahur Ahmed Chowdhury Stadium, Chittagong",2,3.3,Dhaka Dynamites,Comilla Victorians,KC Sangakkara,Shadman Islam,Abu Hider,0,0,,,,,,,,,
935315,2015/16,2015-12-02,"Zahur Ahmed Chowdhury Stadium, Chittagong",2,3.4,Dhaka Dynamites,Comilla Victorians,KC Sangakkara,Shadman Islam,Abu Hider,0,0,,,,,,,,,
935315,2015/16,2015-12-02,"Zahur Ahmed Chowdhury Stadium, Chittagong",2,3.5,Dhaka Dynamites,Comilla Victorians,KC Sangakkara,Shadman Islam,Abu Hider,4,0,,,,,,,,,
935315,2015/16,2015-12-02,"Zahur Ahmed Chowdhury Stadium, Chittagong",2,3.6,Dhaka Dynamites,Comilla Victorians,KC Sangakkara,Shadman Islam,Abu Hider,4,0,,,,,,,,,
935315,2015/16,2015-12-02,"Zahur Ahmed Chowdhury Stadium, Chittagong",2,4.1,Dhaka Dynamites,Comilla Victorians,Shadman Islam,KC Sangakkara,Shuvagata Hom,1,0,,,,,,,,,
935315,2015/16,2015-12-02,"Zahur Ahmed Chowdhury Stadium, Chittagong",2,4.2,Dhaka Dynamites,Comilla Victorians,KC Sangakkara,Shadman Islam,Shuvagata Hom,0,0,,,,,,,,,
935315,2015/16,2015-12-02,"Zahur Ahmed Chowdhury Stadium, Chittagong",2,4.3,Dhaka Dynamites,Comilla Victorians,KC Sangakkara,Shadman Islam,Shuvagata Hom,0,0,,,,,,,,,
935315,2015/16,2015-12-02,"Zahur Ahmed Chowdhury Stadium, Chittagong",2,4.4,Dhaka Dynamites,Comilla Victorians,KC Sangakkara,Shadman Islam,Shuvagata Hom,2,0,,,,,,,,,
935315,2015/16,2015-12-02,"Zahur Ahmed Chowdhury Stadium, Chittagong",2,4.5,Dhaka Dynamites,Comilla Victorians,KC Sangakkara,Shadman Islam,Shuvagata Hom,0,0,,,,,,,,,
935315,2015/16,2015-12-02,"Zahur Ahmed Chowdhury Stadium, Chittagong",2,4.6,Dhaka Dynamites,Comilla Victorians,KC Sangakkara,Shadman Islam,Shuvagata Hom,4,0,,,,,,,,,
935315,2015/16,2015-12-02,"Zahur Ahmed Chowdhury Stadium, Chittagong",2,5.1,Dhaka Dynamites,Comilla Victorians,Shadman Islam,KC Sangakkara,Shoaib Malik,1,0,,,,,,,,,
935315,2015/16,2015-12-02,"Zahur Ahmed Chowdhury Stadium, Chittagong",2,5.2,Dhaka Dynamites,Comilla Victorians,KC Sangakkara,Shadman Islam,Shoaib Malik,2,0,,,,,,,,,
935315,2015/16,2015-12-02,"Zahur Ahmed Chowdhury Stadium, Chittagong",2,5.3,Dhaka Dynamites,Comilla Victorians,KC Sangakkara,Shadman Islam,Shoaib Malik,0,0,,,,,,,,,
935315,2015/16,2015-12-02,"Zahur Ahmed Chowdhury Stadium, Chittagong",2,5.4,Dhaka Dynamites,Comilla Victorians,KC Sangakkara,Shadman Islam,Shoaib Malik,4,0,,,,,,,,,
935315,2015/16,2015-12-02,"Zahur Ahmed Chowdhury Stadium, Chittagong",2,5.5,Dhaka Dynamites,Comilla Victorians,KC Sangakkara,Shadman Islam,Shoaib Malik,0,0,,,,,,,,,
935315,2015/16,2015-12-02,"Zahur Ahmed Chowdhury Stadium, Chittagong",2,5.6,Dhaka Dynamites,Comilla Victorians,KC Sangakkara,Shadman Islam,Shoaib Malik,0,0,,,,,,,,,
935315,2015/16,2015-12-02,"Zahur Ahmed Chowdhury Stadium, Chittagong",2,6.1,Dhaka Dynamites,Comilla Victorians,Shadman Islam,KC Sangakkara,Shuvagata Hom,0,0,,,,,,bowled,Shadman Islam,,
935315,2015/16,2015-12-02,"Zahur Ahmed Chowdhury Stadium, Chittagong",2,6.2,Dhaka Dynamites,Comilla Victorians,Nasir Hossain,KC Sangakkara,Shuvagata Hom,1,0,,,,,,,,,
935315,2015/16,2015-12-02,"Zahur Ahmed Chowdhury Stadium, Chittagong",2,6.3,Dhaka Dynamites,Comilla Victorians,KC Sangakkara,Nasir Hossain,Shuvagata Hom,0,0,,,,,,,,,
935315,2015/16,2015-12-02,"Zahur Ahmed Chowdhury Stadium, Chittagong",2,6.4,Dhaka Dynamites,Comilla Victorians,KC Sangakkara,Nasir Hossain,Shuvagata Hom,0,0,,,,,,,,,
935315,2015/16,2015-12-02,"Zahur Ahmed Chowdhury Stadium, Chittagong",2,6.5,Dhaka Dynamites,Comilla Victorians,KC Sangakkara,Nasir Hossain,Shuvagata Hom,1,0,,,,,,,,,
935315,2015/16,2015-12-02,"Zahur Ahmed Chowdhury Stadium, Chittagong",2,6.6,Dhaka Dynamites,Comilla Victorians,Nasir Hossain,KC Sangakkara,Shuvagata Hom,0,0,,,,,,,,,
935315,2015/16,2015-12-02,"Zahur Ahmed Chowdhury Stadium, Chittagong",2,7.1,Dhaka Dynamites,Comilla Victorians,KC Sangakkara,Nasir Hossain,Shoaib Malik,1,0,,,,,,,,,
935315,2015/16,2015-12-02,"Zahur Ahmed Chowdhury Stadium, Chittagong",2,7.2,Dhaka Dynamites,Comilla Victorians,Nasir Hossain,KC Sangakkara,Shoaib Malik,0,5,5,,,,,,,,
935315,2015/16,2015-12-02,"Zahur Ahmed Chowdhury Stadium, Chittagong",2,7.3,Dhaka Dynamites,Comilla Victorians,Nasir Hossain,KC Sangakkara,Shoaib Malik,1,0,,,,,,,,,
935315,2015/16,2015-12-02,"Zahur Ahmed Chowdhury Stadium, Chittagong",2,7.4,Dhaka Dynamites,Comilla Victorians,KC Sangakkara,Nasir Hossain,Shoaib Malik,1,0,,,,,,,,,
935315,2015/16,2015-12-02,"Zahur Ahmed Chowdhury Stadium, Chittagong",2,7.5,Dhaka Dynamites,Comilla Victorians,Nasir Hossain,KC Sangakkara,Shoaib Malik,0,0,,,,,,,,,
935315,2015/16,2015-12-02,"Zahur Ahmed Chowdhury Stadium, Chittagong",2,7.6,Dhaka Dynamites,Comilla Victorians,Nasir Hossain,KC Sangakkara,Shoaib Malik,1,0,,,,,,,,,
935315,2015/16,2015-12-02,"Zahur Ahmed Chowdhury Stadium, Chittagong",2,7.7,Dhaka Dynamites,Comilla Victorians,KC Sangakkara,Nasir Hossain,Shoaib Malik,1,0,,,,,,,,,
935315,2015/16,2015-12-02,"Zahur Ahmed Chowdhury Stadium, Chittagong",2,8.1,Dhaka Dynamites,Comilla Victorians,KC Sangakkara,Nasir Hossain,Shuvagata Hom,1,0,,,,,,,,,
935315,2015/16,2015-12-02,"Zahur Ahmed Chowdhury Stadium, Chittagong",2,8.2,Dhaka Dynamites,Comilla Victorians,Nasir Hossain,KC Sangakkara,Shuvagata Hom,1,0,,,,,,,,,
935315,2015/16,2015-12-02,"Zahur Ahmed Chowdhury Stadium, Chittagong",2,8.3,Dhaka Dynamites,Comilla Victorians,KC Sangakkara,Nasir Hossain,Shuvagata Hom,1,0,,,,,,,,,
935315,2015/16,2015-12-02,"Zahur Ahmed Chowdhury Stadium, Chittagong",2,8.4,Dhaka Dynamites,Comilla Victorians,Nasir Hossain,KC Sangakkara,Shuvagata Hom,0,0,,,,,,,,,
935315,2015/16,2015-12-02,"Zahur Ahmed Chowdhury Stadium, Chittagong",2,8.5,Dhaka Dynamites,Comilla Victorians,Nasir Hossain,KC Sangakkara,Shuvagata Hom,1,0,,,,,,,,,
935315,2015/16,2015-12-02,"Zahur Ahmed Chowdhury Stadium, Chittagong",2,8.6,Dhaka Dynamites,Comilla Victorians,KC Sangakkara,Nasir Hossain,Shuvagata Hom,0,0,,,,,,,,,
935315,2015/16,2015-12-02,"Zahur Ahmed Chowdhury Stadium, Chittagong",2,9.1,Dhaka Dynamites,Comilla Victorians,Nasir Hossain,KC Sangakkara,Mashrafe Mortaza,0,0,,,,,,,,,
935315,2015/16,2015-12-02,"Zahur Ahmed Chowdhury Stadium, Chittagong",2,9.2,Dhaka Dynamites,Comilla Victorians,Nasir Hossain,KC Sangakkara,Mashrafe Mortaza,1,0,,,,,,,,,
935315,2015/16,2015-12-02,"Zahur Ahmed Chowdhury Stadium, Chittagong",2,9.3,Dhaka Dynamites,Comilla Victorians,KC Sangakkara,Nasir Hossain,Mashrafe Mortaza,1,0,,,,,,,,,
935315,2015/16,2015-12-02,"Zahur Ahmed Chowdhury Stadium, Chittagong",2,9.4,Dhaka Dynamites,Comilla Victorians,Nasir Hossain,KC Sangakkara,Mashrafe Mortaza,0,0,,,,,,,,,
935315,2015/16,2015-12-02,"Zahur Ahmed Chowdhury Stadium, Chittagong",2,9.5,Dhaka Dynamites,Comilla Victorians,Nasir Hossain,KC Sangakkara,Mashrafe Mortaza,1,0,,,,,,,,,
935315,2015/16,2015-12-02,"Zahur Ahmed Chowdhury Stadium, Chittagong",2,9.6,Dhaka Dynamites,Comilla Victorians,KC Sangakkara,Nasir Hossain,Mashrafe Mortaza,1,0,,,,,,,,,
935315,2015/16,2015-12-02,"Zahur Ahmed Chowdhury Stadium, Chittagong",2,10.1,Dhaka Dynamites,Comilla Victorians,KC Sangakkara,Nasir Hossain,Shuvagata Hom,1,0,,,,,,,,,
935315,2015/16,2015-12-02,"Zahur Ahmed Chowdhury Stadium, Chittagong",2,10.2,Dhaka Dynamites,Comilla Victorians,Nasir Hossain,KC Sangakkara,Shuvagata Hom,1,0,,,,,,,,,
935315,2015/16,2015-12-02,"Zahur Ahmed Chowdhury Stadium, Chittagong",2,10.3,Dhaka Dynamites,Comilla Victorians,KC Sangakkara,Nasir Hossain,Shuvagata Hom,1,0,,,,,,,,,
935315,2015/16,2015-12-02,"Zahur Ahmed Chowdhury Stadium, Chittagong",2,10.4,Dhaka Dynamites,Comilla Victorians,Nasir Hossain,KC Sangakkara,Shuvagata Hom,2,0,,,,,,,,,
935315,2015/16,2015-12-02,"Zahur Ahmed Chowdhury Stadium, Chittagong",2,10.5,Dhaka Dynamites,Comilla Victorians,Nasir Hossain,KC Sangakkara,Shuvagata Hom,6,0,,,,,,,,,
935315,2015/16,2015-12-02,"Zahur Ahmed Chowdhury Stadium, Chittagong",2,10.6,Dhaka Dynamites,Comilla Victorians,Nasir Hossain,KC Sangakkara,Shuvagata Hom,0,0,,,,,,run out,KC Sangakkara,,
935315,2015/16,2015-12-02,"Zahur Ahmed Chowdhury Stadium, Chittagong",2,11.1,Dhaka Dynamites,Comilla Victorians,Nasir Hossain,RN ten Doeschate,Mashrafe Mortaza,2,0,,,,,,,,,
935315,2015/16,2015-12-02,"Zahur Ahmed Chowdhury Stadium, Chittagong",2,11.2,Dhaka Dynamites,Comilla Victorians,Nasir Hossain,RN ten Doeschate,Mashrafe Mortaza,0,0,,,,,,,,,
935315,2015/16,2015-12-02,"Zahur Ahmed Chowdhury Stadium, Chittagong",2,11.3,Dhaka Dynamites,Comilla Victorians,Nasir Hossain,RN ten Doeschate,Mashrafe Mortaza,0,0,,,,,,,,,
935315,2015/16,2015-12-02,"Zahur Ahmed Chowdhury Stadium, Chittagong",2,11.4,Dhaka Dynamites,Comilla Victorians,Nasir Hossain,RN ten Doeschate,Mashrafe Mortaza,1,0,,,,,,,,,
935315,2015/16,2015-12-02,"Zahur Ahmed Chowdhury Stadium, Chittagong",2,11.5,Dhaka Dynamites,Comilla Victorians,RN ten Doeschate,Nasir Hossain,Mashrafe Mortaza,0,1,,,,1,,,,,
935315,2015/16,2015-12-02,"Zahur Ahmed Chowdhury Stadium, Chittagong",2,11.6,Dhaka Dynamites,Comilla Victorians,Nasir Hossain,RN ten Doeschate,Mashrafe Mortaza,2,0,,,,,,,,,
935315,2015/16,2015-12-02,"Zahur Ahmed Chowdhury Stadium, Chittagong",2,12.1,Dhaka Dynamites,Comilla Victorians,RN ten Doeschate,Nasir Hossain,Ashar Zaidi,1,0,,,,,,,,,
935315,2015/16,2015-12-02,"Zahur Ahmed Chowdhury Stadium, Chittagong",2,12.2,Dhaka Dynamites,Comilla Victorians,Nasir Hossain,RN ten Doeschate,Ashar Zaidi,0,0,,,,,,,,,
935315,2015/16,2015-12-02,"Zahur Ahmed Chowdhury Stadium, Chittagong",2,12.3,Dhaka Dynamites,Comilla Victorians,Nasir Hossain,RN ten Doeschate,Ashar Zaidi,1,0,,,,,,,,,
935315,2015/16,2015-12-02,"Zahur Ahmed Chowdhury Stadium, Chittagong",2,12.4,Dhaka Dynamites,Comilla Victorians,RN ten Doeschate,Nasir Hossain,Ashar Zaidi,1,0,,,,,,,,,
935315,2015/16,2015-12-02,"Zahur Ahmed Chowdhury Stadium, Chittagong",2,12.5,Dhaka Dynamites,Comilla Victorians,Nasir Hossain,RN ten Doeschate,Ashar Zaidi,6,0,,,,,,,,,
935315,2015/16,2015-12-02,"Zahur Ahmed Chowdhury Stadium, Chittagong",2,12.6,Dhaka Dynamites,Comilla Victorians,Nasir Hossain,RN ten Doeschate,Ashar Zaidi,1,0,,,,,,,,,
935315,2015/16,2015-12-02,"Zahur Ahmed Chowdhury Stadium, Chittagong",2,13.1,Dhaka Dynamites,Comilla Victorians,Nasir Hossain,RN ten Doeschate,Alok Kapali,1,0,,,,,,,,,
935315,2015/16,2015-12-02,"Zahur Ahmed Chowdhury Stadium, Chittagong",2,13.2,Dhaka Dynamites,Comilla Victorians,RN ten Doeschate,Nasir Hossain,Alok Kapali,0,0,,,,,,,,,
935315,2015/16,2015-12-02,"Zahur Ahmed Chowdhury Stadium, Chittagong",2,13.3,Dhaka Dynamites,Comilla Victorians,RN ten Doeschate,Nasir Hossain,Alok Kapali,0,0,,,,,,,,,
935315,2015/16,2015-12-02,"Zahur Ahmed Chowdhury Stadium, Chittagong",2,13.4,Dhaka Dynamites,Comilla Victorians,RN ten Doeschate,Nasir Hossain,Alok Kapali,2,0,,,,,,,,,
935315,2015/16,2015-12-02,"Zahur Ahmed Chowdhury Stadium, Chittagong",2,13.5,Dhaka Dynamites,Comilla Victorians,RN ten Doeschate,Nasir Hossain,Alok Kapali,1,0,,,,,,,,,
935315,2015/16,2015-12-02,"Zahur Ahmed Chowdhury Stadium, Chittagong",2,13.6,Dhaka Dynamites,Comilla Victorians,Nasir Hossain,RN ten Doeschate,Alok Kapali,1,0,,,,,,,,,
935315,2015/16,2015-12-02,"Zahur Ahmed Chowdhury Stadium, Chittagong",2,14.1,Dhaka Dynamites,Comilla Victorians,Nasir Hossain,RN ten Doeschate,Mashrafe Mortaza,1,0,,,,,,,,,
935315,2015/16,2015-12-02,"Zahur Ahmed Chowdhury Stadium, Chittagong",2,14.2,Dhaka Dynamites,Comilla Victorians,RN ten Doeschate,Nasir Hossain,Mashrafe Mortaza,1,0,,,,,,,,,
935315,2015/16,2015-12-02,"Zahur Ahmed Chowdhury Stadium, Chittagong",2,14.3,Dhaka Dynamites,Comilla Victorians,Nasir Hossain,RN ten Doeschate,Mashrafe Mortaza,0,1,,,,1,,,,,
935315,2015/16,2015-12-02,"Zahur Ahmed Chowdhury Stadium, Chittagong",2,14.4,Dhaka Dynamites,Comilla Victorians,RN ten Doeschate,Nasir Hossain,Mashrafe Mortaza,2,0,,,,,,,,,
935315,2015/16,2015-12-02,"Zahur Ahmed Chowdhury Stadium, Chittagong",2,14.5,Dhaka Dynamites,Comilla Victorians,RN ten Doeschate,Nasir Hossain,Mashrafe Mortaza,0,0,,,,,,,,,
935315,2015/16,2015-12-02,"Zahur Ahmed Chowdhury Stadium, Chittagong",2,14.6,Dhaka Dynamites,Comilla Victorians,RN ten Doeschate,Nasir Hossain,Mashrafe Mortaza,1,0,,,,,,,,,
935315,2015/16,2015-12-02,"Zahur Ahmed Chowdhury Stadium, Chittagong",2,15.1,Dhaka Dynamites,Comilla Victorians,RN ten Doeschate,Nasir Hossain,Abu Hider,0,0,,,,,,,,,
935315,2015/16,2015-12-02,"Zahur Ahmed Chowdhury Stadium, Chittagong",2,15.2,Dhaka Dynamites,Comilla Victorians,RN ten Doeschate,Nasir Hossain,Abu Hider,1,0,,,,,,,,,
935315,2015/16,2015-12-02,"Zahur Ahmed Chowdhury Stadium, Chittagong",2,15.3,Dhaka Dynamites,Comilla Victorians,Nasir Hossain,RN ten Doeschate,Abu Hider,0,0,,,,,,caught,Nasir Hossain,,
935315,2015/16,2015-12-02,"Zahur Ahmed Chowdhury Stadium, Chittagong",2,15.4,Dhaka Dynamites,Comilla Victorians,RN ten Doeschate,MN Waller,Abu Hider,1,0,,,,,,,,,
935315,2015/16,2015-12-02,"Zahur Ahmed Chowdhury Stadium, Chittagong",2,15.5,Dhaka Dynamites,Comilla Victorians,MN Waller,RN ten Doeschate,Abu Hider,0,0,,,,,,,,,
935315,2015/16,2015-12-02,"Zahur Ahmed Chowdhury Stadium, Chittagong",2,15.6,Dhaka Dynamites,Comilla Victorians,MN Waller,RN ten Doeschate,Abu Hider,1,0,,,,,,,,,
935315,2015/16,2015-12-02,"Zahur Ahmed Chowdhury Stadium, Chittagong",2,16.1,Dhaka Dynamites,Comilla Victorians,MN Waller,RN ten Doeschate,Mashrafe Mortaza,1,0,,,,,,,,,
935315,2015/16,2015-12-02,"Zahur Ahmed Chowdhury Stadium, Chittagong",2,16.2,Dhaka Dynamites,Comilla Victorians,RN ten Doeschate,MN Waller,Mashrafe Mortaza,0,0,,,,,,caught,RN ten Doeschate,,
935315,2015/16,2015-12-02,"Zahur Ahmed Chowdhury Stadium, Chittagong",2,16.3,Dhaka Dynamites,Comilla Victorians,MN Waller,Abul Hasan,Mashrafe Mortaza,2,0,,,,,,,,,
935315,2015/16,2015-12-02,"Zahur Ahmed Chowdhury Stadium, Chittagong",2,16.4,Dhaka Dynamites,Comilla Victorians,MN Waller,Abul Hasan,Mashrafe Mortaza,1,0,,,,,,,,,
935315,2015/16,2015-12-02,"Zahur Ahmed Chowdhury Stadium, Chittagong",2,16.5,Dhaka Dynamites,Comilla Victorians,Abul Hasan,MN Waller,Mashrafe Mortaza,0,0,,,,,,,,,
935315,2015/16,2015-12-02,"Zahur Ahmed Chowdhury Stadium, Chittagong",2,16.6,Dhaka Dynamites,Comilla Victorians,Abul Hasan,MN Waller,Mashrafe Mortaza,0,0,,,,,,,,,
935315,2015/16,2015-12-02,"Zahur Ahmed Chowdhury Stadium, Chittagong",2,17.1,Dhaka Dynamites,Comilla Victorians,MN Waller,Abul Hasan,KMDN Kulasekara,4,0,,,,,,,,,
935315,2015/16,2015-12-02,"Zahur Ahmed Chowdhury Stadium, Chittagong",2,17.2,Dhaka Dynamites,Comilla Victorians,MN Waller,Abul Hasan,KMDN Kulasekara,0,1,1,,,,,,,,
935315,2015/16,2015-12-02,"Zahur Ahmed Chowdhury Stadium, Chittagong",2,17.3,Dhaka Dynamites,Comilla Victorians,MN Waller,Abul Hasan,KMDN Kulasekara,0,1,,,,1,,,,,
935315,2015/16,2015-12-02,"Zahur Ahmed Chowdhury Stadium, Chittagong",2,17.4,Dhaka Dynamites,Comilla Victorians,Abul Hasan,MN Waller,KMDN Kulasekara,0,0,,,,,,,,,
935315,2015/16,2015-12-02,"Zahur Ahmed Chowdhury Stadium, Chittagong",2,17.5,Dhaka Dynamites,Comilla Victorians,Abul Hasan,MN Waller,KMDN Kulasekara,1,0,,,,,,,,,
935315,2015/16,2015-12-02,"Zahur Ahmed Chowdhury Stadium, Chittagong",2,17.6,Dhaka Dynamites,Comilla Victorians,MN Waller,Abul Hasan,KMDN Kulasekara,1,0,,,,,,,,,
935315,2015/16,2015-12-02,"Zahur Ahmed Chowdhury Stadium, Chittagong",2,17.7,Dhaka Dynamites,Comilla Victorians,Abul Hasan,MN Waller,KMDN Kulasekara,4,0,,,,,,,,,
935315,2015/16,2015-12-02,"Zahur Ahmed Chowdhury Stadium, Chittagong",2,18.1,Dhaka Dynamites,Comilla Victorians,MN Waller,Abul Hasan,Abu Hider,1,0,,,,,,,,,
935315,2015/16,2015-12-02,"Zahur Ahmed Chowdhury Stadium, Chittagong",2,18.2,Dhaka Dynamites,Comilla Victorians,Abul Hasan,MN Waller,Abu Hider,0,1,,,,1,,,,,
935315,2015/16,2015-12-02,"Zahur Ahmed Chowdhury Stadium, Chittagong",2,18.3,Dhaka Dynamites,Comilla Victorians,MN Waller,Abul Hasan,Abu Hider,0,0,,,,,,caught,MN Waller,,
935315,2015/16,2015-12-02,"Zahur Ahmed Chowdhury Stadium, Chittagong",2,18.4,Dhaka Dynamites,Comilla Victorians,Abul Hasan,Farhad Reza,Abu Hider,4,0,,,,,,,,,
935315,2015/16,2015-12-02,"Zahur Ahmed Chowdhury Stadium, Chittagong",2,18.5,Dhaka Dynamites,Comilla Victorians,Abul Hasan,Farhad Reza,Abu Hider,1,0,,,,,,,,,
935315,2015/16,2015-12-02,"Zahur Ahmed Chowdhury Stadium, Chittagong",2,18.6,Dhaka Dynamites,Comilla Victorians,Farhad Reza,Abul Hasan,Abu Hider,1,0,,,,,,,,,
935315,2015/16,2015-12-02,"Zahur Ahmed Chowdhury Stadium, Chittagong",2,19.1,Dhaka Dynamites,Comilla Victorians,Farhad Reza,Abul Hasan,KMDN Kulasekara,2,0,,,,,,,,,
935315,2015/16,2015-12-02,"Zahur Ahmed Chowdhury Stadium, Chittagong",2,19.2,Dhaka Dynamites,Comilla Victorians,Farhad Reza,Abul Hasan,KMDN Kulasekara,1,0,,,,,,,,,
935315,2015/16,2015-12-02,"Zahur Ahmed Chowdhury Stadium, Chittagong",2,19.3,Dhaka Dynamites,Comilla Victorians,Abul Hasan,Farhad Reza,KMDN Kulasekara,0,0,,,,,,,,,
935315,2015/16,2015-12-02,"Zahur Ahmed Chowdhury Stadium, Chittagong",2,19.4,Dhaka Dynamites,Comilla Victorians,Abul Hasan,Farhad Reza,KMDN Kulasekara,1,0,,,,,,,,,
935315,2015/16,2015-12-02,"Zahur Ahmed Chowdhury Stadium, Chittagong",2,19.5,Dhaka Dynamites,Comilla Victorians,Farhad Reza,Abul Hasan,KMDN Kulasekara,1,0,,,,,,,,,
935315,2015/16,2015-12-02,"Zahur Ahmed Chowdhury Stadium, Chittagong",2,19.6,Dhaka Dynamites,Comilla Victorians,Abul Hasan,Farhad Reza,KMDN Kulasekara,1,0,,,,,,,,,
