match_id,season,start_date,venue,innings,ball,batting_team,bowling_team,striker,non_striker,bowler,runs_off_bat,extras,wides,noballs,byes,legbyes,penalty,wicket_type,player_dismissed,other_wicket_type,other_player_dismissed
1003857,2016/17,2016-11-20,"Mangaung Oval, Bloemfontein",1,0.1,Titans,Dolphins,JD Vandiar,TG Mokoena,P Subrayen,0,1,1,,,,,,,,
1003857,2016/17,2016-11-20,"Mangaung Oval, Bloemfontein",1,0.2,Titans,Dolphins,JD Vandiar,TG Mokoena,P Subrayen,0,0,,,,,,,,,
1003857,2016/17,2016-11-20,"Mangaung Oval, Bloemfontein",1,0.3,Titans,Dolphins,JD Vandiar,TG Mokoena,P Subrayen,0,0,,,,,,,,,
1003857,2016/17,2016-11-20,"Mangaung Oval, Bloemfontein",1,0.4,Titans,Dolphins,JD Vandiar,TG Mokoena,P Subrayen,2,0,,,,,,,,,
1003857,2016/17,2016-11-20,"Mangaung Oval, Bloemfontein",1,0.5,Titans,Dolphins,JD Vandiar,TG Mokoena,P Subrayen,0,0,,,,,,,,,
1003857,2016/17,2016-11-20,"Mangaung Oval, Bloemfontein",1,0.6,Titans,Dolphins,JD Vandiar,TG Mokoena,P Subrayen,0,0,,,,,,,,,
1003857,2016/17,2016-11-20,"Mangaung Oval, Bloemfontein",1,0.7,Titans,Dolphins,JD Vandiar,TG Mokoena,P Subrayen,0,0,,,,,,,,,
1003857,2016/17,2016-11-20,"Mangaung Oval, Bloemfontein",1,1.1,Titans,Dolphins,TG Mokoena,JD Vandiar,M Shezi,0,1,1,,,,,,,,
1003857,2016/17,2016-11-20,"Mangaung Oval, Bloemfontein",1,1.2,Titans,Dolphins,TG Mokoena,JD Vandiar,M Shezi,0,0,,,,,,,,,
1003857,2016/17,2016-11-20,"Mangaung Oval, Bloemfontein",1,1.3,Titans,Dolphins,TG Mokoena,JD Vandiar,M Shezi,0,0,,,,,,,,,
1003857,2016/17,2016-11-20,"Mangaung Oval, Bloemfontein",1,1.4,Titans,Dolphins,TG Mokoena,JD Vandiar,M Shezi,0,0,,,,,,,,,
1003857,2016/17,2016-11-20,"Mangaung Oval, Bloemfontein",1,1.5,Titans,Dolphins,TG Mokoena,JD Vandiar,M Shezi,0,0,,,,,,,,,
1003857,2016/17,2016-11-20,"Mangaung Oval, Bloemfontein",1,1.6,Titans,Dolphins,TG Mokoena,JD Vandiar,M Shezi,1,0,,,,,,,,,
1003857,2016/17,2016-11-20,"Mangaung Oval, Bloemfontein",1,1.7,Titans,Dolphins,JD Vandiar,TG Mokoena,M Shezi,0,0,,,,,,,,,
1003857,2016/17,2016-11-20,"Mangaung Oval, Bloemfontein",1,2.1,Titans,Dolphins,TG Mokoena,JD Vandiar,P Subrayen,1,0,,,,,,,,,
1003857,2016/17,2016-11-20,"Mangaung Oval, Bloemfontein",1,2.2,Titans,Dolphins,JD Vandiar,TG Mokoena,P Subrayen,4,0,,,,,,,,,
1003857,2016/17,2016-11-20,"Mangaung Oval, Bloemfontein",1,2.3,Titans,Dolphins,JD Vandiar,TG Mokoena,P Subrayen,4,0,,,,,,,,,
1003857,2016/17,2016-11-20,"Mangaung Oval, Bloemfontein",1,2.4,Titans,Dolphins,JD Vandiar,TG Mokoena,P Subrayen,1,0,,,,,,,,,
1003857,2016/17,2016-11-20,"Mangaung Oval, Bloemfontein",1,2.5,Titans,Dolphins,TG Mokoena,JD Vandiar,P Subrayen,1,0,,,,,,,,,
1003857,2016/17,2016-11-20,"Mangaung Oval, Bloemfontein",1,2.6,Titans,Dolphins,JD Vandiar,TG Mokoena,P Subrayen,1,0,,,,,,,,,
1003857,2016/17,2016-11-20,"Mangaung Oval, Bloemfontein",1,3.1,Titans,Dolphins,JD Vandiar,TG Mokoena,R Frylinck,1,0,,,,,,,,,
1003857,2016/17,2016-11-20,"Mangaung Oval, Bloemfontein",1,3.2,Titans,Dolphins,TG Mokoena,JD Vandiar,R Frylinck,0,0,,,,,,,,,
1003857,2016/17,2016-11-20,"Mangaung Oval, Bloemfontein",1,3.3,Titans,Dolphins,TG Mokoena,JD Vandiar,R Frylinck,2,0,,,,,,,,,
1003857,2016/17,2016-11-20,"Mangaung Oval, Bloemfontein",1,3.4,Titans,Dolphins,TG Mokoena,JD Vandiar,R Frylinck,2,0,,,,,,,,,
1003857,2016/17,2016-11-20,"Mangaung Oval, Bloemfontein",1,3.5,Titans,Dolphins,TG Mokoena,JD Vandiar,R Frylinck,2,0,,,,,,,,,
1003857,2016/17,2016-11-20,"Mangaung Oval, Bloemfontein",1,3.6,Titans,Dolphins,TG Mokoena,JD Vandiar,R Frylinck,1,0,,,,,,,,,
1003857,2016/17,2016-11-20,"Mangaung Oval, Bloemfontein",1,4.1,Titans,Dolphins,TG Mokoena,JD Vandiar,M Shezi,1,0,,,,,,,,,
1003857,2016/17,2016-11-20,"Mangaung Oval, Bloemfontein",1,4.2,Titans,Dolphins,JD Vandiar,TG Mokoena,M Shezi,0,4,,,,4,,,,,
1003857,2016/17,2016-11-20,"Mangaung Oval, Bloemfontein",1,4.3,Titans,Dolphins,JD Vandiar,TG Mokoena,M Shezi,2,0,,,,,,,,,
1003857,2016/17,2016-11-20,"Mangaung Oval, Bloemfontein",1,4.4,Titans,Dolphins,JD Vandiar,TG Mokoena,M Shezi,1,0,,,,,,,,,
1003857,2016/17,2016-11-20,"Mangaung Oval, Bloemfontein",1,4.5,Titans,Dolphins,TG Mokoena,JD Vandiar,M Shezi,1,0,,,,,,,,,
1003857,2016/17,2016-11-20,"Mangaung Oval, Bloemfontein",1,4.6,Titans,Dolphins,JD Vandiar,TG Mokoena,M Shezi,1,0,,,,,,,,,
1003857,2016/17,2016-11-20,"Mangaung Oval, Bloemfontein",1,5.1,Titans,Dolphins,JD Vandiar,TG Mokoena,R Frylinck,0,0,,,,,,,,,
1003857,2016/17,2016-11-20,"Mangaung Oval, Bloemfontein",1,5.2,Titans,Dolphins,JD Vandiar,TG Mokoena,R Frylinck,0,0,,,,,,,,,
1003857,2016/17,2016-11-20,"Mangaung Oval, Bloemfontein",1,5.3,Titans,Dolphins,JD Vandiar,TG Mokoena,R Frylinck,1,0,,,,,,,,,
1003857,2016/17,2016-11-20,"Mangaung Oval, Bloemfontein",1,5.4,Titans,Dolphins,TG Mokoena,JD Vandiar,R Frylinck,1,0,,,,,,,,,
1003857,2016/17,2016-11-20,"Mangaung Oval, Bloemfontein",1,5.5,Titans,Dolphins,JD Vandiar,TG Mokoena,R Frylinck,4,0,,,,,,,,,
1003857,2016/17,2016-11-20,"Mangaung Oval, Bloemfontein",1,5.6,Titans,Dolphins,JD Vandiar,TG Mokoena,R Frylinck,0,1,,,,1,,,,,
1003857,2016/17,2016-11-20,"Mangaung Oval, Bloemfontein",1,6.1,Titans,Dolphins,JD Vandiar,TG Mokoena,Imran Tahir,1,0,,,,,,,,,
1003857,2016/17,2016-11-20,"Mangaung Oval, Bloemfontein",1,6.2,Titans,Dolphins,TG Mokoena,JD Vandiar,Imran Tahir,0,0,,,,,,,,,
1003857,2016/17,2016-11-20,"Mangaung Oval, Bloemfontein",1,6.3,Titans,Dolphins,TG Mokoena,JD Vandiar,Imran Tahir,2,0,,,,,,,,,
1003857,2016/17,2016-11-20,"Mangaung Oval, Bloemfontein",1,6.4,Titans,Dolphins,TG Mokoena,JD Vandiar,Imran Tahir,0,0,,,,,,,,,
1003857,2016/17,2016-11-20,"Mangaung Oval, Bloemfontein",1,6.5,Titans,Dolphins,TG Mokoena,JD Vandiar,Imran Tahir,0,0,,,,,,,,,
1003857,2016/17,2016-11-20,"Mangaung Oval, Bloemfontein",1,6.6,Titans,Dolphins,TG Mokoena,JD Vandiar,Imran Tahir,2,0,,,,,,,,,
1003857,2016/17,2016-11-20,"Mangaung Oval, Bloemfontein",1,7.1,Titans,Dolphins,JD Vandiar,TG Mokoena,M Gqadushe,1,0,,,,,,,,,
1003857,2016/17,2016-11-20,"Mangaung Oval, Bloemfontein",1,7.2,Titans,Dolphins,TG Mokoena,JD Vandiar,M Gqadushe,0,0,,,,,,,,,
1003857,2016/17,2016-11-20,"Mangaung Oval, Bloemfontein",1,7.3,Titans,Dolphins,TG Mokoena,JD Vandiar,M Gqadushe,1,0,,,,,,,,,
1003857,2016/17,2016-11-20,"Mangaung Oval, Bloemfontein",1,7.4,Titans,Dolphins,JD Vandiar,TG Mokoena,M Gqadushe,1,0,,,,,,,,,
1003857,2016/17,2016-11-20,"Mangaung Oval, Bloemfontein",1,7.5,Titans,Dolphins,TG Mokoena,JD Vandiar,M Gqadushe,1,0,,,,,,,,,
1003857,2016/17,2016-11-20,"Mangaung Oval, Bloemfontein",1,7.6,Titans,Dolphins,JD Vandiar,TG Mokoena,M Gqadushe,1,0,,,,,,,,,
1003857,2016/17,2016-11-20,"Mangaung Oval, Bloemfontein",1,8.1,Titans,Dolphins,JD Vandiar,TG Mokoena,Imran Tahir,2,0,,,,,,,,,
1003857,2016/17,2016-11-20,"Mangaung Oval, Bloemfontein",1,8.2,Titans,Dolphins,JD Vandiar,TG Mokoena,Imran Tahir,1,0,,,,,,,,,
1003857,2016/17,2016-11-20,"Mangaung Oval, Bloemfontein",1,8.3,Titans,Dolphins,TG Mokoena,JD Vandiar,Imran Tahir,4,0,,,,,,,,,
1003857,2016/17,2016-11-20,"Mangaung Oval, Bloemfontein",1,8.4,Titans,Dolphins,TG Mokoena,JD Vandiar,Imran Tahir,2,0,,,,,,,,,
1003857,2016/17,2016-11-20,"Mangaung Oval, Bloemfontein",1,8.5,Titans,Dolphins,TG Mokoena,JD Vandiar,Imran Tahir,0,0,,,,,,lbw,TG Mokoena,,
1003857,2016/17,2016-11-20,"Mangaung Oval, Bloemfontein",1,8.6,Titans,Dolphins,H Klaasen,JD Vandiar,Imran Tahir,0,0,,,,,,,,,
1003857,2016/17,2016-11-20,"Mangaung Oval, Bloemfontein",1,9.1,Titans,Dolphins,JD Vandiar,H Klaasen,M Gqadushe,0,1,1,,,,,,,,
1003857,2016/17,2016-11-20,"Mangaung Oval, Bloemfontein",1,9.2,Titans,Dolphins,JD Vandiar,H Klaasen,M Gqadushe,2,0,,,,,,,,,
1003857,2016/17,2016-11-20,"Mangaung Oval, Bloemfontein",1,9.3,Titans,Dolphins,JD Vandiar,H Klaasen,M Gqadushe,1,0,,,,,,,,,
1003857,2016/17,2016-11-20,"Mangaung Oval, Bloemfontein",1,9.4,Titans,Dolphins,H Klaasen,JD Vandiar,M Gqadushe,1,0,,,,,,,,,
1003857,2016/17,2016-11-20,"Mangaung Oval, Bloemfontein",1,9.5,Titans,Dolphins,JD Vandiar,H Klaasen,M Gqadushe,6,0,,,,,,,,,
1003857,2016/17,2016-11-20,"Mangaung Oval, Bloemfontein",1,9.6,Titans,Dolphins,JD Vandiar,H Klaasen,M Gqadushe,1,0,,,,,,,,,
1003857,2016/17,2016-11-20,"Mangaung Oval, Bloemfontein",1,9.7,Titans,Dolphins,H Klaasen,JD Vandiar,M Gqadushe,0,0,,,,,,,,,
1003857,2016/17,2016-11-20,"Mangaung Oval, Bloemfontein",1,10.1,Titans,Dolphins,JD Vandiar,H Klaasen,CS Delport,1,0,,,,,,,,,
1003857,2016/17,2016-11-20,"Mangaung Oval, Bloemfontein",1,10.2,Titans,Dolphins,H Klaasen,JD Vandiar,CS Delport,1,0,,,,,,,,,
1003857,2016/17,2016-11-20,"Mangaung Oval, Bloemfontein",1,10.3,Titans,Dolphins,JD Vandiar,H Klaasen,CS Delport,0,0,,,,,,caught and bowled,JD Vandiar,,
1003857,2016/17,2016-11-20,"Mangaung Oval, Bloemfontein",1,10.4,Titans,Dolphins,HG Kuhn,H Klaasen,CS Delport,0,0,,,,,,,,,
1003857,2016/17,2016-11-20,"Mangaung Oval, Bloemfontein",1,10.5,Titans,Dolphins,HG Kuhn,H Klaasen,CS Delport,1,0,,,,,,,,,
1003857,2016/17,2016-11-20,"Mangaung Oval, Bloemfontein",1,10.6,Titans,Dolphins,H Klaasen,HG Kuhn,CS Delport,1,0,,,,,,,,,
1003857,2016/17,2016-11-20,"Mangaung Oval, Bloemfontein",1,11.1,Titans,Dolphins,H Klaasen,HG Kuhn,K Nipper,4,0,,,,,,,,,
1003857,2016/17,2016-11-20,"Mangaung Oval, Bloemfontein",1,11.2,Titans,Dolphins,H Klaasen,HG Kuhn,K Nipper,0,0,,,,,,,,,
1003857,2016/17,2016-11-20,"Mangaung Oval, Bloemfontein",1,11.3,Titans,Dolphins,H Klaasen,HG Kuhn,K Nipper,2,0,,,,,,,,,
1003857,2016/17,2016-11-20,"Mangaung Oval, Bloemfontein",1,11.4,Titans,Dolphins,H Klaasen,HG Kuhn,K Nipper,4,0,,,,,,,,,
1003857,2016/17,2016-11-20,"Mangaung Oval, Bloemfontein",1,11.5,Titans,Dolphins,H Klaasen,HG Kuhn,K Nipper,2,0,,,,,,,,,
1003857,2016/17,2016-11-20,"Mangaung Oval, Bloemfontein",1,11.6,Titans,Dolphins,H Klaasen,HG Kuhn,K Nipper,0,0,,,,,,caught,H Klaasen,,
1003857,2016/17,2016-11-20,"Mangaung Oval, Bloemfontein",1,12.1,Titans,Dolphins,F Behardien,HG Kuhn,CS Delport,1,0,,,,,,,,,
1003857,2016/17,2016-11-20,"Mangaung Oval, Bloemfontein",1,12.2,Titans,Dolphins,HG Kuhn,F Behardien,CS Delport,4,0,,,,,,,,,
1003857,2016/17,2016-11-20,"Mangaung Oval, Bloemfontein",1,12.3,Titans,Dolphins,HG Kuhn,F Behardien,CS Delport,0,0,,,,,,,,,
1003857,2016/17,2016-11-20,"Mangaung Oval, Bloemfontein",1,12.4,Titans,Dolphins,HG Kuhn,F Behardien,CS Delport,1,0,,,,,,,,,
1003857,2016/17,2016-11-20,"Mangaung Oval, Bloemfontein",1,12.5,Titans,Dolphins,F Behardien,HG Kuhn,CS Delport,1,0,,,,,,,,,
1003857,2016/17,2016-11-20,"Mangaung Oval, Bloemfontein",1,12.6,Titans,Dolphins,HG Kuhn,F Behardien,CS Delport,0,0,,,,,,,,,
1003857,2016/17,2016-11-20,"Mangaung Oval, Bloemfontein",1,13.1,Titans,Dolphins,F Behardien,HG Kuhn,P Subrayen,0,0,,,,,,,,,
1003857,2016/17,2016-11-20,"Mangaung Oval, Bloemfontein",1,13.2,Titans,Dolphins,F Behardien,HG Kuhn,P Subrayen,1,0,,,,,,,,,
1003857,2016/17,2016-11-20,"Mangaung Oval, Bloemfontein",1,13.3,Titans,Dolphins,HG Kuhn,F Behardien,P Subrayen,4,0,,,,,,,,,
1003857,2016/17,2016-11-20,"Mangaung Oval, Bloemfontein",1,13.4,Titans,Dolphins,HG Kuhn,F Behardien,P Subrayen,1,0,,,,,,,,,
1003857,2016/17,2016-11-20,"Mangaung Oval, Bloemfontein",1,13.5,Titans,Dolphins,F Behardien,HG Kuhn,P Subrayen,1,0,,,,,,,,,
1003857,2016/17,2016-11-20,"Mangaung Oval, Bloemfontein",1,13.6,Titans,Dolphins,HG Kuhn,F Behardien,P Subrayen,4,0,,,,,,,,,
1003857,2016/17,2016-11-20,"Mangaung Oval, Bloemfontein",1,14.1,Titans,Dolphins,F Behardien,HG Kuhn,Imran Tahir,2,0,,,,,,,,,
1003857,2016/17,2016-11-20,"Mangaung Oval, Bloemfontein",1,14.2,Titans,Dolphins,F Behardien,HG Kuhn,Imran Tahir,2,0,,,,,,,,,
1003857,2016/17,2016-11-20,"Mangaung Oval, Bloemfontein",1,14.3,Titans,Dolphins,F Behardien,HG Kuhn,Imran Tahir,1,0,,,,,,,,,
1003857,2016/17,2016-11-20,"Mangaung Oval, Bloemfontein",1,14.4,Titans,Dolphins,HG Kuhn,F Behardien,Imran Tahir,6,0,,,,,,,,,
1003857,2016/17,2016-11-20,"Mangaung Oval, Bloemfontein",1,14.5,Titans,Dolphins,HG Kuhn,F Behardien,Imran Tahir,1,0,,,,,,,,,
1003857,2016/17,2016-11-20,"Mangaung Oval, Bloemfontein",1,14.6,Titans,Dolphins,F Behardien,HG Kuhn,Imran Tahir,1,0,,,,,,,,,
1003857,2016/17,2016-11-20,"Mangaung Oval, Bloemfontein",1,15.1,Titans,Dolphins,F Behardien,HG Kuhn,M Shezi,2,0,,,,,,,,,
1003857,2016/17,2016-11-20,"Mangaung Oval, Bloemfontein",1,15.2,Titans,Dolphins,F Behardien,HG Kuhn,M Shezi,6,0,,,,,,,,,
1003857,2016/17,2016-11-20,"Mangaung Oval, Bloemfontein",1,15.3,Titans,Dolphins,F Behardien,HG Kuhn,M Shezi,2,0,,,,,,,,,
1003857,2016/17,2016-11-20,"Mangaung Oval, Bloemfontein",1,15.4,Titans,Dolphins,F Behardien,HG Kuhn,M Shezi,2,0,,,,,,,,,
1003857,2016/17,2016-11-20,"Mangaung Oval, Bloemfontein",1,15.5,Titans,Dolphins,F Behardien,HG Kuhn,M Shezi,1,0,,,,,,,,,
1003857,2016/17,2016-11-20,"Mangaung Oval, Bloemfontein",1,15.6,Titans,Dolphins,HG Kuhn,F Behardien,M Shezi,0,0,,,,,,,,,
1003857,2016/17,2016-11-20,"Mangaung Oval, Bloemfontein",1,16.1,Titans,Dolphins,F Behardien,HG Kuhn,Imran Tahir,2,0,,,,,,,,,
1003857,2016/17,2016-11-20,"Mangaung Oval, Bloemfontein",1,16.2,Titans,Dolphins,F Behardien,HG Kuhn,Imran Tahir,2,0,,,,,,,,,
1003857,2016/17,2016-11-20,"Mangaung Oval, Bloemfontein",1,16.3,Titans,Dolphins,F Behardien,HG Kuhn,Imran Tahir,1,0,,,,,,,,,
1003857,2016/17,2016-11-20,"Mangaung Oval, Bloemfontein",1,16.4,Titans,Dolphins,HG Kuhn,F Behardien,Imran Tahir,4,0,,,,,,,,,
1003857,2016/17,2016-11-20,"Mangaung Oval, Bloemfontein",1,16.5,Titans,Dolphins,HG Kuhn,F Behardien,Imran Tahir,1,0,,,,,,,,,
1003857,2016/17,2016-11-20,"Mangaung Oval, Bloemfontein",1,16.6,Titans,Dolphins,F Behardien,HG Kuhn,Imran Tahir,1,0,,,,,,,,,
1003857,2016/17,2016-11-20,"Mangaung Oval, Bloemfontein",1,17.1,Titans,Dolphins,F Behardien,HG Kuhn,R Frylinck,2,0,,,,,,,,,
1003857,2016/17,2016-11-20,"Mangaung Oval, Bloemfontein",1,17.2,Titans,Dolphins,F Behardien,HG Kuhn,R Frylinck,2,0,,,,,,,,,
1003857,2016/17,2016-11-20,"Mangaung Oval, Bloemfontein",1,17.3,Titans,Dolphins,F Behardien,HG Kuhn,R Frylinck,6,0,,,,,,,,,
1003857,2016/17,2016-11-20,"Mangaung Oval, Bloemfontein",1,17.4,Titans,Dolphins,F Behardien,HG Kuhn,R Frylinck,0,0,,,,,,,,,
1003857,2016/17,2016-11-20,"Mangaung Oval, Bloemfontein",1,17.5,Titans,Dolphins,F Behardien,HG Kuhn,R Frylinck,0,0,,,,,,,,,
1003857,2016/17,2016-11-20,"Mangaung Oval, Bloemfontein",1,17.6,Titans,Dolphins,F Behardien,HG Kuhn,R Frylinck,6,0,,,,,,,,,
1003857,2016/17,2016-11-20,"Mangaung Oval, Bloemfontein",1,18.1,Titans,Dolphins,HG Kuhn,F Behardien,M Shezi,3,0,,,,,,,,,
1003857,2016/17,2016-11-20,"Mangaung Oval, Bloemfontein",1,18.2,Titans,Dolphins,F Behardien,HG Kuhn,M Shezi,6,0,,,,,,,,,
1003857,2016/17,2016-11-20,"Mangaung Oval, Bloemfontein",1,18.3,Titans,Dolphins,F Behardien,HG Kuhn,M Shezi,4,0,,,,,,,,,
1003857,2016/17,2016-11-20,"Mangaung Oval, Bloemfontein",1,18.4,Titans,Dolphins,F Behardien,HG Kuhn,M Shezi,1,0,,,,,,,,,
1003857,2016/17,2016-11-20,"Mangaung Oval, Bloemfontein",1,18.5,Titans,Dolphins,HG Kuhn,F Behardien,M Shezi,2,0,,,,,,,,,
1003857,2016/17,2016-11-20,"Mangaung Oval, Bloemfontein",1,18.6,Titans,Dolphins,HG Kuhn,F Behardien,M Shezi,0,0,,,,,,,,,
1003857,2016/17,2016-11-20,"Mangaung Oval, Bloemfontein",1,19.1,Titans,Dolphins,F Behardien,HG Kuhn,R Frylinck,2,0,,,,,,,,,
1003857,2016/17,2016-11-20,"Mangaung Oval, Bloemfontein",1,19.2,Titans,Dolphins,F Behardien,HG Kuhn,R Frylinck,2,0,,,,,,,,,
1003857,2016/17,2016-11-20,"Mangaung Oval, Bloemfontein",1,19.3,Titans,Dolphins,F Behardien,HG Kuhn,R Frylinck,2,0,,,,,,,,,
1003857,2016/17,2016-11-20,"Mangaung Oval, Bloemfontein",1,19.4,Titans,Dolphins,F Behardien,HG Kuhn,R Frylinck,0,0,,,,,,run out,HG Kuhn,,
1003857,2016/17,2016-11-20,"Mangaung Oval, Bloemfontein",1,19.5,Titans,Dolphins,F Behardien,D Wiese,R Frylinck,2,0,,,,,,,,,
1003857,2016/17,2016-11-20,"Mangaung Oval, Bloemfontein",1,19.6,Titans,Dolphins,F Behardien,D Wiese,R Frylinck,1,0,,,,,,,,,
1003857,2016/17,2016-11-20,"Mangaung Oval, Bloemfontein",2,0.1,Dolphins,Titans,CS Delport,MN van Wyk,JA Morkel,0,0,,,,,,,,,
1003857,2016/17,2016-11-20,"Mangaung Oval, Bloemfontein",2,0.2,Dolphins,Titans,CS Delport,MN van Wyk,JA Morkel,1,0,,,,,,,,,
1003857,2016/17,2016-11-20,"Mangaung Oval, Bloemfontein",2,0.3,Dolphins,Titans,MN van Wyk,CS Delport,JA Morkel,1,0,,,,,,,,,
1003857,2016/17,2016-11-20,"Mangaung Oval, Bloemfontein",2,0.4,Dolphins,Titans,CS Delport,MN van Wyk,JA Morkel,0,0,,,,,,,,,
1003857,2016/17,2016-11-20,"Mangaung Oval, Bloemfontein",2,0.5,Dolphins,Titans,CS Delport,MN van Wyk,JA Morkel,1,0,,,,,,,,,
1003857,2016/17,2016-11-20,"Mangaung Oval, Bloemfontein",2,0.6,Dolphins,Titans,MN van Wyk,CS Delport,JA Morkel,4,0,,,,,,,,,
1003857,2016/17,2016-11-20,"Mangaung Oval, Bloemfontein",2,1.1,Dolphins,Titans,CS Delport,MN van Wyk,CJ Dala,0,1,1,,,,,,,,
1003857,2016/17,2016-11-20,"Mangaung Oval, Bloemfontein",2,1.2,Dolphins,Titans,CS Delport,MN van Wyk,CJ Dala,2,0,,,,,,,,,
1003857,2016/17,2016-11-20,"Mangaung Oval, Bloemfontein",2,1.3,Dolphins,Titans,CS Delport,MN van Wyk,CJ Dala,1,0,,,,,,,,,
1003857,2016/17,2016-11-20,"Mangaung Oval, Bloemfontein",2,1.4,Dolphins,Titans,MN van Wyk,CS Delport,CJ Dala,0,0,,,,,,,,,
1003857,2016/17,2016-11-20,"Mangaung Oval, Bloemfontein",2,1.5,Dolphins,Titans,MN van Wyk,CS Delport,CJ Dala,0,1,1,,,,,,,,
1003857,2016/17,2016-11-20,"Mangaung Oval, Bloemfontein",2,1.6,Dolphins,Titans,MN van Wyk,CS Delport,CJ Dala,0,0,,,,,,,,,
1003857,2016/17,2016-11-20,"Mangaung Oval, Bloemfontein",2,1.7,Dolphins,Titans,MN van Wyk,CS Delport,CJ Dala,2,0,,,,,,,,,
1003857,2016/17,2016-11-20,"Mangaung Oval, Bloemfontein",2,1.8,Dolphins,Titans,MN van Wyk,CS Delport,CJ Dala,4,0,,,,,,,,,
1003857,2016/17,2016-11-20,"Mangaung Oval, Bloemfontein",2,2.1,Dolphins,Titans,CS Delport,MN van Wyk,L Ngidi,0,0,,,,,,,,,
1003857,2016/17,2016-11-20,"Mangaung Oval, Bloemfontein",2,2.2,Dolphins,Titans,CS Delport,MN van Wyk,L Ngidi,0,0,,,,,,,,,
1003857,2016/17,2016-11-20,"Mangaung Oval, Bloemfontein",2,2.3,Dolphins,Titans,CS Delport,MN van Wyk,L Ngidi,0,0,,,,,,,,,
1003857,2016/17,2016-11-20,"Mangaung Oval, Bloemfontein",2,2.4,Dolphins,Titans,CS Delport,MN van Wyk,L Ngidi,1,0,,,,,,,,,
1003857,2016/17,2016-11-20,"Mangaung Oval, Bloemfontein",2,2.5,Dolphins,Titans,MN van Wyk,CS Delport,L Ngidi,0,1,1,,,,,,,,
1003857,2016/17,2016-11-20,"Mangaung Oval, Bloemfontein",2,2.6,Dolphins,Titans,MN van Wyk,CS Delport,L Ngidi,1,0,,,,,,,,,
1003857,2016/17,2016-11-20,"Mangaung Oval, Bloemfontein",2,2.7,Dolphins,Titans,CS Delport,MN van Wyk,L Ngidi,1,0,,,,,,,,,
1003857,2016/17,2016-11-20,"Mangaung Oval, Bloemfontein",2,3.1,Dolphins,Titans,CS Delport,MN van Wyk,CJ Dala,0,0,,,,,,caught,CS Delport,,
1003857,2016/17,2016-11-20,"Mangaung Oval, Bloemfontein",2,3.2,Dolphins,Titans,KP Pietersen,MN van Wyk,CJ Dala,0,0,,,,,,,,,
1003857,2016/17,2016-11-20,"Mangaung Oval, Bloemfontein",2,3.3,Dolphins,Titans,KP Pietersen,MN van Wyk,CJ Dala,0,0,,,,,,,,,
1003857,2016/17,2016-11-20,"Mangaung Oval, Bloemfontein",2,3.4,Dolphins,Titans,KP Pietersen,MN van Wyk,CJ Dala,1,0,,,,,,,,,
1003857,2016/17,2016-11-20,"Mangaung Oval, Bloemfontein",2,3.5,Dolphins,Titans,MN van Wyk,KP Pietersen,CJ Dala,4,0,,,,,,,,,
1003857,2016/17,2016-11-20,"Mangaung Oval, Bloemfontein",2,3.6,Dolphins,Titans,MN van Wyk,KP Pietersen,CJ Dala,0,0,,,,,,,,,
1003857,2016/17,2016-11-20,"Mangaung Oval, Bloemfontein",2,4.1,Dolphins,Titans,KP Pietersen,MN van Wyk,L Ngidi,0,0,,,,,,,,,
1003857,2016/17,2016-11-20,"Mangaung Oval, Bloemfontein",2,4.2,Dolphins,Titans,KP Pietersen,MN van Wyk,L Ngidi,1,0,,,,,,,,,
1003857,2016/17,2016-11-20,"Mangaung Oval, Bloemfontein",2,4.3,Dolphins,Titans,MN van Wyk,KP Pietersen,L Ngidi,0,0,,,,,,,,,
1003857,2016/17,2016-11-20,"Mangaung Oval, Bloemfontein",2,4.4,Dolphins,Titans,MN van Wyk,KP Pietersen,L Ngidi,3,0,,,,,,,,,
1003857,2016/17,2016-11-20,"Mangaung Oval, Bloemfontein",2,4.5,Dolphins,Titans,KP Pietersen,MN van Wyk,L Ngidi,0,0,,,,,,,,,
1003857,2016/17,2016-11-20,"Mangaung Oval, Bloemfontein",2,4.6,Dolphins,Titans,KP Pietersen,MN van Wyk,L Ngidi,1,0,,,,,,,,,
1003857,2016/17,2016-11-20,"Mangaung Oval, Bloemfontein",2,5.1,Dolphins,Titans,KP Pietersen,MN van Wyk,MP Siboto,1,0,,,,,,,,,
1003857,2016/17,2016-11-20,"Mangaung Oval, Bloemfontein",2,5.2,Dolphins,Titans,MN van Wyk,KP Pietersen,MP Siboto,0,0,,,,,,,,,
1003857,2016/17,2016-11-20,"Mangaung Oval, Bloemfontein",2,5.3,Dolphins,Titans,MN van Wyk,KP Pietersen,MP Siboto,0,0,,,,,,,,,
1003857,2016/17,2016-11-20,"Mangaung Oval, Bloemfontein",2,5.4,Dolphins,Titans,MN van Wyk,KP Pietersen,MP Siboto,0,0,,,,,,,,,
1003857,2016/17,2016-11-20,"Mangaung Oval, Bloemfontein",2,5.5,Dolphins,Titans,MN van Wyk,KP Pietersen,MP Siboto,0,0,,,,,,,,,
1003857,2016/17,2016-11-20,"Mangaung Oval, Bloemfontein",2,5.6,Dolphins,Titans,MN van Wyk,KP Pietersen,MP Siboto,1,0,,,,,,,,,
1003857,2016/17,2016-11-20,"Mangaung Oval, Bloemfontein",2,6.1,Dolphins,Titans,MN van Wyk,KP Pietersen,D Wiese,1,0,,,,,,,,,
1003857,2016/17,2016-11-20,"Mangaung Oval, Bloemfontein",2,6.2,Dolphins,Titans,KP Pietersen,MN van Wyk,D Wiese,1,0,,,,,,,,,
1003857,2016/17,2016-11-20,"Mangaung Oval, Bloemfontein",2,6.3,Dolphins,Titans,MN van Wyk,KP Pietersen,D Wiese,1,0,,,,,,,,,
1003857,2016/17,2016-11-20,"Mangaung Oval, Bloemfontein",2,6.4,Dolphins,Titans,KP Pietersen,MN van Wyk,D Wiese,1,0,,,,,,,,,
1003857,2016/17,2016-11-20,"Mangaung Oval, Bloemfontein",2,6.5,Dolphins,Titans,MN van Wyk,KP Pietersen,D Wiese,4,0,,,,,,,,,
1003857,2016/17,2016-11-20,"Mangaung Oval, Bloemfontein",2,6.6,Dolphins,Titans,MN van Wyk,KP Pietersen,D Wiese,2,0,,,,,,,,,
1003857,2016/17,2016-11-20,"Mangaung Oval, Bloemfontein",2,7.1,Dolphins,Titans,KP Pietersen,MN van Wyk,S von Berg,1,0,,,,,,,,,
1003857,2016/17,2016-11-20,"Mangaung Oval, Bloemfontein",2,7.2,Dolphins,Titans,MN van Wyk,KP Pietersen,S von Berg,1,0,,,,,,,,,
1003857,2016/17,2016-11-20,"Mangaung Oval, Bloemfontein",2,7.3,Dolphins,Titans,KP Pietersen,MN van Wyk,S von Berg,1,0,,,,,,,,,
1003857,2016/17,2016-11-20,"Mangaung Oval, Bloemfontein",2,7.4,Dolphins,Titans,MN van Wyk,KP Pietersen,S von Berg,0,0,,,,,,,,,
1003857,2016/17,2016-11-20,"Mangaung Oval, Bloemfontein",2,7.5,Dolphins,Titans,MN van Wyk,KP Pietersen,S von Berg,2,0,,,,,,,,,
1003857,2016/17,2016-11-20,"Mangaung Oval, Bloemfontein",2,7.6,Dolphins,Titans,MN van Wyk,KP Pietersen,S von Berg,0,0,,,,,,,,,
1003857,2016/17,2016-11-20,"Mangaung Oval, Bloemfontein",2,8.1,Dolphins,Titans,KP Pietersen,MN van Wyk,D Wiese,1,0,,,,,,,,,
1003857,2016/17,2016-11-20,"Mangaung Oval, Bloemfontein",2,8.2,Dolphins,Titans,MN van Wyk,KP Pietersen,D Wiese,6,0,,,,,,,,,
1003857,2016/17,2016-11-20,"Mangaung Oval, Bloemfontein",2,8.3,Dolphins,Titans,MN van Wyk,KP Pietersen,D Wiese,0,0,,,,,,,,,
1003857,2016/17,2016-11-20,"Mangaung Oval, Bloemfontein",2,8.4,Dolphins,Titans,MN van Wyk,KP Pietersen,D Wiese,0,0,,,,,,,,,
1003857,2016/17,2016-11-20,"Mangaung Oval, Bloemfontein",2,8.5,Dolphins,Titans,MN van Wyk,KP Pietersen,D Wiese,0,0,,,,,,,,,
1003857,2016/17,2016-11-20,"Mangaung Oval, Bloemfontein",2,8.6,Dolphins,Titans,MN van Wyk,KP Pietersen,D Wiese,1,0,,,,,,,,,
1003857,2016/17,2016-11-20,"Mangaung Oval, Bloemfontein",2,9.1,Dolphins,Titans,MN van Wyk,KP Pietersen,S von Berg,1,0,,,,,,,,,
1003857,2016/17,2016-11-20,"Mangaung Oval, Bloemfontein",2,9.2,Dolphins,Titans,KP Pietersen,MN van Wyk,S von Berg,1,0,,,,,,,,,
1003857,2016/17,2016-11-20,"Mangaung Oval, Bloemfontein",2,9.3,Dolphins,Titans,MN van Wyk,KP Pietersen,S von Berg,1,0,,,,,,,,,
1003857,2016/17,2016-11-20,"Mangaung Oval, Bloemfontein",2,9.4,Dolphins,Titans,KP Pietersen,MN van Wyk,S von Berg,4,0,,,,,,,,,
1003857,2016/17,2016-11-20,"Mangaung Oval, Bloemfontein",2,9.5,Dolphins,Titans,KP Pietersen,MN van Wyk,S von Berg,1,0,,,,,,,,,
1003857,2016/17,2016-11-20,"Mangaung Oval, Bloemfontein",2,9.6,Dolphins,Titans,MN van Wyk,KP Pietersen,S von Berg,1,0,,,,,,,,,
1003857,2016/17,2016-11-20,"Mangaung Oval, Bloemfontein",2,10.1,Dolphins,Titans,MN van Wyk,KP Pietersen,MP Siboto,0,0,,,,,,caught and bowled,MN van Wyk,,
1003857,2016/17,2016-11-20,"Mangaung Oval, Bloemfontein",2,10.2,Dolphins,Titans,K Nipper,KP Pietersen,MP Siboto,1,0,,,,,,,,,
1003857,2016/17,2016-11-20,"Mangaung Oval, Bloemfontein",2,10.3,Dolphins,Titans,KP Pietersen,K Nipper,MP Siboto,4,0,,,,,,,,,
1003857,2016/17,2016-11-20,"Mangaung Oval, Bloemfontein",2,10.4,Dolphins,Titans,KP Pietersen,K Nipper,MP Siboto,0,0,,,,,,,,,
1003857,2016/17,2016-11-20,"Mangaung Oval, Bloemfontein",2,10.5,Dolphins,Titans,KP Pietersen,K Nipper,MP Siboto,1,0,,,,,,,,,
1003857,2016/17,2016-11-20,"Mangaung Oval, Bloemfontein",2,10.6,Dolphins,Titans,K Nipper,KP Pietersen,MP Siboto,0,1,,,,1,,,,,
1003857,2016/17,2016-11-20,"Mangaung Oval, Bloemfontein",2,11.1,Dolphins,Titans,K Nipper,KP Pietersen,JA Morkel,0,0,,,,,,,,,
1003857,2016/17,2016-11-20,"Mangaung Oval, Bloemfontein",2,11.2,Dolphins,Titans,K Nipper,KP Pietersen,JA Morkel,0,0,,,,,,,,,
1003857,2016/17,2016-11-20,"Mangaung Oval, Bloemfontein",2,11.3,Dolphins,Titans,K Nipper,KP Pietersen,JA Morkel,0,1,,,,1,,,,,
1003857,2016/17,2016-11-20,"Mangaung Oval, Bloemfontein",2,11.4,Dolphins,Titans,KP Pietersen,K Nipper,JA Morkel,0,0,,,,,,,,,
1003857,2016/17,2016-11-20,"Mangaung Oval, Bloemfontein",2,11.5,Dolphins,Titans,KP Pietersen,K Nipper,JA Morkel,2,0,,,,,,,,,
1003857,2016/17,2016-11-20,"Mangaung Oval, Bloemfontein",2,11.6,Dolphins,Titans,KP Pietersen,K Nipper,JA Morkel,2,0,,,,,,,,,
1003857,2016/17,2016-11-20,"Mangaung Oval, Bloemfontein",2,12.1,Dolphins,Titans,K Nipper,KP Pietersen,L Ngidi,0,0,,,,,,,,,
1003857,2016/17,2016-11-20,"Mangaung Oval, Bloemfontein",2,12.2,Dolphins,Titans,K Nipper,KP Pietersen,L Ngidi,1,0,,,,,,,,,
1003857,2016/17,2016-11-20,"Mangaung Oval, Bloemfontein",2,12.3,Dolphins,Titans,KP Pietersen,K Nipper,L Ngidi,0,0,,,,,,caught,KP Pietersen,,
1003857,2016/17,2016-11-20,"Mangaung Oval, Bloemfontein",2,12.4,Dolphins,Titans,K Nipper,R Frylinck,L Ngidi,0,1,1,,,,,,,,
1003857,2016/17,2016-11-20,"Mangaung Oval, Bloemfontein",2,12.5,Dolphins,Titans,K Nipper,R Frylinck,L Ngidi,1,0,,,,,,,,,
1003857,2016/17,2016-11-20,"Mangaung Oval, Bloemfontein",2,12.6,Dolphins,Titans,R Frylinck,K Nipper,L Ngidi,0,0,,,,,,,,,
1003857,2016/17,2016-11-20,"Mangaung Oval, Bloemfontein",2,12.7,Dolphins,Titans,R Frylinck,K Nipper,L Ngidi,1,0,,,,,,,,,
1003857,2016/17,2016-11-20,"Mangaung Oval, Bloemfontein",2,13.1,Dolphins,Titans,R Frylinck,K Nipper,S von Berg,1,0,,,,,,,,,
1003857,2016/17,2016-11-20,"Mangaung Oval, Bloemfontein",2,13.2,Dolphins,Titans,K Nipper,R Frylinck,S von Berg,2,0,,,,,,,,,
1003857,2016/17,2016-11-20,"Mangaung Oval, Bloemfontein",2,13.3,Dolphins,Titans,K Nipper,R Frylinck,S von Berg,0,0,,,,,,caught,K Nipper,,
1003857,2016/17,2016-11-20,"Mangaung Oval, Bloemfontein",2,13.4,Dolphins,Titans,K Zondo,R Frylinck,S von Berg,1,0,,,,,,,,,
1003857,2016/17,2016-11-20,"Mangaung Oval, Bloemfontein",2,13.5,Dolphins,Titans,R Frylinck,K Zondo,S von Berg,1,0,,,,,,,,,
1003857,2016/17,2016-11-20,"Mangaung Oval, Bloemfontein",2,13.6,Dolphins,Titans,K Zondo,R Frylinck,S von Berg,1,0,,,,,,,,,
1003857,2016/17,2016-11-20,"Mangaung Oval, Bloemfontein",2,14.1,Dolphins,Titans,K Zondo,R Frylinck,L Ngidi,0,0,,,,,,,,,
1003857,2016/17,2016-11-20,"Mangaung Oval, Bloemfontein",2,14.2,Dolphins,Titans,K Zondo,R Frylinck,L Ngidi,1,0,,,,,,,,,
1003857,2016/17,2016-11-20,"Mangaung Oval, Bloemfontein",2,14.3,Dolphins,Titans,R Frylinck,K Zondo,L Ngidi,0,0,,,,,,,,,
1003857,2016/17,2016-11-20,"Mangaung Oval, Bloemfontein",2,14.4,Dolphins,Titans,R Frylinck,K Zondo,L Ngidi,1,0,,,,,,,,,
1003857,2016/17,2016-11-20,"Mangaung Oval, Bloemfontein",2,14.5,Dolphins,Titans,K Zondo,R Frylinck,L Ngidi,1,0,,,,,,,,,
1003857,2016/17,2016-11-20,"Mangaung Oval, Bloemfontein",2,14.6,Dolphins,Titans,R Frylinck,K Zondo,L Ngidi,2,0,,,,,,,,,
1003857,2016/17,2016-11-20,"Mangaung Oval, Bloemfontein",2,15.1,Dolphins,Titans,K Zondo,R Frylinck,S von Berg,0,0,,,,,,caught,K Zondo,,
1003857,2016/17,2016-11-20,"Mangaung Oval, Bloemfontein",2,15.2,Dolphins,Titans,P Subrayen,R Frylinck,S von Berg,1,0,,,,,,,,,
1003857,2016/17,2016-11-20,"Mangaung Oval, Bloemfontein",2,15.3,Dolphins,Titans,R Frylinck,P Subrayen,S von Berg,0,0,,,,,,bowled,R Frylinck,,
1003857,2016/17,2016-11-20,"Mangaung Oval, Bloemfontein",2,15.4,Dolphins,Titans,C Chetty,P Subrayen,S von Berg,1,0,,,,,,,,,
1003857,2016/17,2016-11-20,"Mangaung Oval, Bloemfontein",2,15.5,Dolphins,Titans,P Subrayen,C Chetty,S von Berg,2,0,,,,,,,,,
1003857,2016/17,2016-11-20,"Mangaung Oval, Bloemfontein",2,15.6,Dolphins,Titans,P Subrayen,C Chetty,S von Berg,1,0,,,,,,,,,
1003857,2016/17,2016-11-20,"Mangaung Oval, Bloemfontein",2,16.1,Dolphins,Titans,P Subrayen,C Chetty,CJ Dala,0,0,,,,,,,,,
1003857,2016/17,2016-11-20,"Mangaung Oval, Bloemfontein",2,16.2,Dolphins,Titans,P Subrayen,C Chetty,CJ Dala,0,1,1,,,,,,,,
1003857,2016/17,2016-11-20,"Mangaung Oval, Bloemfontein",2,16.3,Dolphins,Titans,P Subrayen,C Chetty,CJ Dala,0,0,,,,,,caught,P Subrayen,,
1003857,2016/17,2016-11-20,"Mangaung Oval, Bloemfontein",2,16.4,Dolphins,Titans,C Chetty,M Gqadushe,CJ Dala,2,0,,,,,,,,,
1003857,2016/17,2016-11-20,"Mangaung Oval, Bloemfontein",2,16.5,Dolphins,Titans,C Chetty,M Gqadushe,CJ Dala,1,0,,,,,,,,,
1003857,2016/17,2016-11-20,"Mangaung Oval, Bloemfontein",2,16.6,Dolphins,Titans,M Gqadushe,C Chetty,CJ Dala,2,0,,,,,,,,,
1003857,2016/17,2016-11-20,"Mangaung Oval, Bloemfontein",2,16.7,Dolphins,Titans,M Gqadushe,C Chetty,CJ Dala,2,0,,,,,,,,,
1003857,2016/17,2016-11-20,"Mangaung Oval, Bloemfontein",2,17.1,Dolphins,Titans,C Chetty,M Gqadushe,MP Siboto,1,0,,,,,,,,,
1003857,2016/17,2016-11-20,"Mangaung Oval, Bloemfontein",2,17.2,Dolphins,Titans,M Gqadushe,C Chetty,MP Siboto,4,0,,,,,,,,,
1003857,2016/17,2016-11-20,"Mangaung Oval, Bloemfontein",2,17.3,Dolphins,Titans,M Gqadushe,C Chetty,MP Siboto,2,0,,,,,,,,,
1003857,2016/17,2016-11-20,"Mangaung Oval, Bloemfontein",2,17.4,Dolphins,Titans,M Gqadushe,C Chetty,MP Siboto,0,0,,,,,,,,,
1003857,2016/17,2016-11-20,"Mangaung Oval, Bloemfontein",2,17.5,Dolphins,Titans,M Gqadushe,C Chetty,MP Siboto,1,0,,,,,,,,,
1003857,2016/17,2016-11-20,"Mangaung Oval, Bloemfontein",2,17.6,Dolphins,Titans,C Chetty,M Gqadushe,MP Siboto,1,0,,,,,,,,,
1003857,2016/17,2016-11-20,"Mangaung Oval, Bloemfontein",2,18.1,Dolphins,Titans,C Chetty,M Gqadushe,CJ Dala,1,0,,,,,,,,,
1003857,2016/17,2016-11-20,"Mangaung Oval, Bloemfontein",2,18.2,Dolphins,Titans,M Gqadushe,C Chetty,CJ Dala,2,0,,,,,,,,,
1003857,2016/17,2016-11-20,"Mangaung Oval, Bloemfontein",2,18.3,Dolphins,Titans,M Gqadushe,C Chetty,CJ Dala,0,0,,,,,,caught,M Gqadushe,,
1003857,2016/17,2016-11-20,"Mangaung Oval, Bloemfontein",2,18.4,Dolphins,Titans,C Chetty,Imran Tahir,CJ Dala,1,0,,,,,,,,,
1003857,2016/17,2016-11-20,"Mangaung Oval, Bloemfontein",2,18.5,Dolphins,Titans,Imran Tahir,C Chetty,CJ Dala,2,0,,,,,,,,,
1003857,2016/17,2016-11-20,"Mangaung Oval, Bloemfontein",2,18.6,Dolphins,Titans,Imran Tahir,C Chetty,CJ Dala,0,0,,,,,,,,,
1003857,2016/17,2016-11-20,"Mangaung Oval, Bloemfontein",2,19.1,Dolphins,Titans,C Chetty,Imran Tahir,MP Siboto,0,0,,,,,,,,,
1003857,2016/17,2016-11-20,"Mangaung Oval, Bloemfontein",2,19.2,Dolphins,Titans,C Chetty,Imran Tahir,MP Siboto,1,0,,,,,,,,,
1003857,2016/17,2016-11-20,"Mangaung Oval, Bloemfontein",2,19.3,Dolphins,Titans,Imran Tahir,C Chetty,MP Siboto,0,0,,,,,,,,,
1003857,2016/17,2016-11-20,"Mangaung Oval, Bloemfontein",2,19.4,Dolphins,Titans,Imran Tahir,C Chetty,MP Siboto,2,0,,,,,,,,,
1003857,2016/17,2016-11-20,"Mangaung Oval, Bloemfontein",2,19.5,Dolphins,Titans,Imran Tahir,C Chetty,MP Siboto,0,1,1,,,,,,,,
1003857,2016/17,2016-11-20,"Mangaung Oval, Bloemfontein",2,19.6,Dolphins,Titans,Imran Tahir,C Chetty,MP Siboto,1,0,,,,,,,,,
1003857,2016/17,2016-11-20,"Mangaung Oval, Bloemfontein",2,19.7,Dolphins,Titans,C Chetty,Imran Tahir,MP Siboto,1,0,,,,,,,,,
