match_id,season,start_date,venue,innings,ball,batting_team,bowling_team,striker,non_striker,bowler,runs_off_bat,extras,wides,noballs,byes,legbyes,penalty,wicket_type,player_dismissed,other_wicket_type,other_player_dismissed
1003849,2016/17,2016-11-16,"Boland Park, Paarl",1,0.1,Cape Cobras,Titans,RE Levi,C Tshiki,JA Morkel,0,0,,,,,,,,,
1003849,2016/17,2016-11-16,"Boland Park, Paarl",1,0.2,Cape Cobras,Titans,RE Levi,C Tshiki,JA Morkel,2,0,,,,,,,,,
1003849,2016/17,2016-11-16,"Boland Park, Paarl",1,0.3,Cape Cobras,Titans,RE Levi,C Tshiki,JA Morkel,1,0,,,,,,,,,
1003849,2016/17,2016-11-16,"Boland Park, Paarl",1,0.4,Cape Cobras,Titans,C Tshiki,RE Levi,JA Morkel,0,0,,,,,,,,,
1003849,2016/17,2016-11-16,"Boland Park, Paarl",1,0.5,Cape Cobras,Titans,C Tshiki,RE Levi,JA Morkel,4,0,,,,,,,,,
1003849,2016/17,2016-11-16,"Boland Park, Paarl",1,0.6,Cape Cobras,Titans,C Tshiki,RE Levi,JA Morkel,0,0,,,,,,,,,
1003849,2016/17,2016-11-16,"Boland Park, Paarl",1,1.1,Cape Cobras,Titans,RE Levi,C Tshiki,D Wiese,2,0,,,,,,,,,
1003849,2016/17,2016-11-16,"Boland Park, Paarl",1,1.2,Cape Cobras,Titans,RE Levi,C Tshiki,D Wiese,0,0,,,,,,caught,RE Levi,,
1003849,2016/17,2016-11-16,"Boland Park, Paarl",1,1.3,Cape Cobras,Titans,JF Smith,C Tshiki,D Wiese,0,0,,,,,,,,,
1003849,2016/17,2016-11-16,"Boland Park, Paarl",1,1.4,Cape Cobras,Titans,JF Smith,C Tshiki,D Wiese,0,0,,,,,,,,,
1003849,2016/17,2016-11-16,"Boland Park, Paarl",1,1.5,Cape Cobras,Titans,JF Smith,C Tshiki,D Wiese,1,0,,,,,,,,,
1003849,2016/17,2016-11-16,"Boland Park, Paarl",1,1.6,Cape Cobras,Titans,C Tshiki,JF Smith,D Wiese,1,0,,,,,,,,,
1003849,2016/17,2016-11-16,"Boland Park, Paarl",1,2.1,Cape Cobras,Titans,C Tshiki,JF Smith,JA Morkel,0,0,,,,,,,,,
1003849,2016/17,2016-11-16,"Boland Park, Paarl",1,2.2,Cape Cobras,Titans,C Tshiki,JF Smith,JA Morkel,4,0,,,,,,,,,
1003849,2016/17,2016-11-16,"Boland Park, Paarl",1,2.3,Cape Cobras,Titans,C Tshiki,JF Smith,JA Morkel,1,0,,,,,,,,,
1003849,2016/17,2016-11-16,"Boland Park, Paarl",1,2.4,Cape Cobras,Titans,JF Smith,C Tshiki,JA Morkel,0,4,,,,4,,,,,
1003849,2016/17,2016-11-16,"Boland Park, Paarl",1,2.5,Cape Cobras,Titans,JF Smith,C Tshiki,JA Morkel,0,0,,,,,,,,,
1003849,2016/17,2016-11-16,"Boland Park, Paarl",1,2.6,Cape Cobras,Titans,JF Smith,C Tshiki,JA Morkel,1,0,,,,,,,,,
1003849,2016/17,2016-11-16,"Boland Park, Paarl",1,3.1,Cape Cobras,Titans,JF Smith,C Tshiki,D Wiese,0,0,,,,,,,,,
1003849,2016/17,2016-11-16,"Boland Park, Paarl",1,3.2,Cape Cobras,Titans,JF Smith,C Tshiki,D Wiese,1,0,,,,,,,,,
1003849,2016/17,2016-11-16,"Boland Park, Paarl",1,3.3,Cape Cobras,Titans,C Tshiki,JF Smith,D Wiese,1,0,,,,,,,,,
1003849,2016/17,2016-11-16,"Boland Park, Paarl",1,3.4,Cape Cobras,Titans,JF Smith,C Tshiki,D Wiese,4,0,,,,,,,,,
1003849,2016/17,2016-11-16,"Boland Park, Paarl",1,3.5,Cape Cobras,Titans,JF Smith,C Tshiki,D Wiese,0,1,,,,1,,,,,
1003849,2016/17,2016-11-16,"Boland Park, Paarl",1,3.6,Cape Cobras,Titans,C Tshiki,JF Smith,D Wiese,0,0,,,,,,,,,
1003849,2016/17,2016-11-16,"Boland Park, Paarl",1,4.1,Cape Cobras,Titans,JF Smith,C Tshiki,L Ngidi,0,0,,,,,,,,,
1003849,2016/17,2016-11-16,"Boland Park, Paarl",1,4.2,Cape Cobras,Titans,JF Smith,C Tshiki,L Ngidi,2,0,,,,,,,,,
1003849,2016/17,2016-11-16,"Boland Park, Paarl",1,4.3,Cape Cobras,Titans,JF Smith,C Tshiki,L Ngidi,1,0,,,,,,,,,
1003849,2016/17,2016-11-16,"Boland Park, Paarl",1,4.4,Cape Cobras,Titans,C Tshiki,JF Smith,L Ngidi,0,0,,,,,,,,,
1003849,2016/17,2016-11-16,"Boland Park, Paarl",1,4.5,Cape Cobras,Titans,C Tshiki,JF Smith,L Ngidi,0,0,,,,,,,,,
1003849,2016/17,2016-11-16,"Boland Park, Paarl",1,4.6,Cape Cobras,Titans,C Tshiki,JF Smith,L Ngidi,0,0,,,,,,,,,
1003849,2016/17,2016-11-16,"Boland Park, Paarl",1,5.1,Cape Cobras,Titans,JF Smith,C Tshiki,MP Siboto,0,0,,,,,,,,,
1003849,2016/17,2016-11-16,"Boland Park, Paarl",1,5.2,Cape Cobras,Titans,JF Smith,C Tshiki,MP Siboto,1,0,,,,,,,,,
1003849,2016/17,2016-11-16,"Boland Park, Paarl",1,5.3,Cape Cobras,Titans,C Tshiki,JF Smith,MP Siboto,1,0,,,,,,,,,
1003849,2016/17,2016-11-16,"Boland Park, Paarl",1,5.4,Cape Cobras,Titans,JF Smith,C Tshiki,MP Siboto,0,0,,,,,,,,,
1003849,2016/17,2016-11-16,"Boland Park, Paarl",1,5.5,Cape Cobras,Titans,JF Smith,C Tshiki,MP Siboto,0,0,,,,,,,,,
1003849,2016/17,2016-11-16,"Boland Park, Paarl",1,5.6,Cape Cobras,Titans,JF Smith,C Tshiki,MP Siboto,0,0,,,,,,,,,
1003849,2016/17,2016-11-16,"Boland Park, Paarl",1,6.1,Cape Cobras,Titans,C Tshiki,JF Smith,L Ngidi,4,0,,,,,,,,,
1003849,2016/17,2016-11-16,"Boland Park, Paarl",1,6.2,Cape Cobras,Titans,C Tshiki,JF Smith,L Ngidi,1,0,,,,,,,,,
1003849,2016/17,2016-11-16,"Boland Park, Paarl",1,6.3,Cape Cobras,Titans,JF Smith,C Tshiki,L Ngidi,2,0,,,,,,,,,
1003849,2016/17,2016-11-16,"Boland Park, Paarl",1,6.4,Cape Cobras,Titans,JF Smith,C Tshiki,L Ngidi,0,0,,,,,,,,,
1003849,2016/17,2016-11-16,"Boland Park, Paarl",1,6.5,Cape Cobras,Titans,JF Smith,C Tshiki,L Ngidi,1,0,,,,,,,,,
1003849,2016/17,2016-11-16,"Boland Park, Paarl",1,6.6,Cape Cobras,Titans,C Tshiki,JF Smith,L Ngidi,1,0,,,,,,,,,
1003849,2016/17,2016-11-16,"Boland Park, Paarl",1,7.1,Cape Cobras,Titans,C Tshiki,JF Smith,CJ Dala,0,0,,,,,,,,,
1003849,2016/17,2016-11-16,"Boland Park, Paarl",1,7.2,Cape Cobras,Titans,C Tshiki,JF Smith,CJ Dala,1,0,,,,,,,,,
1003849,2016/17,2016-11-16,"Boland Park, Paarl",1,7.3,Cape Cobras,Titans,JF Smith,C Tshiki,CJ Dala,1,0,,,,,,,,,
1003849,2016/17,2016-11-16,"Boland Park, Paarl",1,7.4,Cape Cobras,Titans,C Tshiki,JF Smith,CJ Dala,2,0,,,,,,,,,
1003849,2016/17,2016-11-16,"Boland Park, Paarl",1,7.5,Cape Cobras,Titans,C Tshiki,JF Smith,CJ Dala,1,0,,,,,,,,,
1003849,2016/17,2016-11-16,"Boland Park, Paarl",1,7.6,Cape Cobras,Titans,JF Smith,C Tshiki,CJ Dala,0,0,,,,,,,,,
1003849,2016/17,2016-11-16,"Boland Park, Paarl",1,8.1,Cape Cobras,Titans,C Tshiki,JF Smith,S von Berg,0,0,,,,,,,,,
1003849,2016/17,2016-11-16,"Boland Park, Paarl",1,8.2,Cape Cobras,Titans,C Tshiki,JF Smith,S von Berg,1,0,,,,,,,,,
1003849,2016/17,2016-11-16,"Boland Park, Paarl",1,8.3,Cape Cobras,Titans,JF Smith,C Tshiki,S von Berg,1,0,,,,,,,,,
1003849,2016/17,2016-11-16,"Boland Park, Paarl",1,8.4,Cape Cobras,Titans,C Tshiki,JF Smith,S von Berg,2,0,,,,,,,,,
1003849,2016/17,2016-11-16,"Boland Park, Paarl",1,8.5,Cape Cobras,Titans,C Tshiki,JF Smith,S von Berg,2,0,,,,,,,,,
1003849,2016/17,2016-11-16,"Boland Park, Paarl",1,8.6,Cape Cobras,Titans,C Tshiki,JF Smith,S von Berg,6,0,,,,,,,,,
1003849,2016/17,2016-11-16,"Boland Park, Paarl",1,9.1,Cape Cobras,Titans,JF Smith,C Tshiki,CJ Dala,1,0,,,,,,,,,
1003849,2016/17,2016-11-16,"Boland Park, Paarl",1,9.2,Cape Cobras,Titans,C Tshiki,JF Smith,CJ Dala,1,0,,,,,,,,,
1003849,2016/17,2016-11-16,"Boland Park, Paarl",1,9.3,Cape Cobras,Titans,JF Smith,C Tshiki,CJ Dala,0,0,,,,,,,,,
1003849,2016/17,2016-11-16,"Boland Park, Paarl",1,9.4,Cape Cobras,Titans,JF Smith,C Tshiki,CJ Dala,0,0,,,,,,,,,
1003849,2016/17,2016-11-16,"Boland Park, Paarl",1,9.5,Cape Cobras,Titans,JF Smith,C Tshiki,CJ Dala,0,0,,,,,,,,,
1003849,2016/17,2016-11-16,"Boland Park, Paarl",1,9.6,Cape Cobras,Titans,JF Smith,C Tshiki,CJ Dala,1,0,,,,,,,,,
1003849,2016/17,2016-11-16,"Boland Park, Paarl",1,10.1,Cape Cobras,Titans,JF Smith,C Tshiki,S von Berg,4,0,,,,,,,,,
1003849,2016/17,2016-11-16,"Boland Park, Paarl",1,10.2,Cape Cobras,Titans,JF Smith,C Tshiki,S von Berg,1,0,,,,,,,,,
1003849,2016/17,2016-11-16,"Boland Park, Paarl",1,10.3,Cape Cobras,Titans,C Tshiki,JF Smith,S von Berg,0,0,,,,,,,,,
1003849,2016/17,2016-11-16,"Boland Park, Paarl",1,10.4,Cape Cobras,Titans,C Tshiki,JF Smith,S von Berg,0,0,,,,,,,,,
1003849,2016/17,2016-11-16,"Boland Park, Paarl",1,10.5,Cape Cobras,Titans,C Tshiki,JF Smith,S von Berg,1,0,,,,,,,,,
1003849,2016/17,2016-11-16,"Boland Park, Paarl",1,10.6,Cape Cobras,Titans,JF Smith,C Tshiki,S von Berg,1,0,,,,,,,,,
1003849,2016/17,2016-11-16,"Boland Park, Paarl",1,11.1,Cape Cobras,Titans,JF Smith,C Tshiki,MP Siboto,1,0,,,,,,,,,
1003849,2016/17,2016-11-16,"Boland Park, Paarl",1,11.2,Cape Cobras,Titans,C Tshiki,JF Smith,MP Siboto,1,0,,,,,,,,,
1003849,2016/17,2016-11-16,"Boland Park, Paarl",1,11.3,Cape Cobras,Titans,JF Smith,C Tshiki,MP Siboto,1,0,,,,,,,,,
1003849,2016/17,2016-11-16,"Boland Park, Paarl",1,11.4,Cape Cobras,Titans,C Tshiki,JF Smith,MP Siboto,0,0,,,,,,,,,
1003849,2016/17,2016-11-16,"Boland Park, Paarl",1,11.5,Cape Cobras,Titans,C Tshiki,JF Smith,MP Siboto,1,0,,,,,,,,,
1003849,2016/17,2016-11-16,"Boland Park, Paarl",1,11.6,Cape Cobras,Titans,JF Smith,C Tshiki,MP Siboto,1,0,,,,,,,,,
1003849,2016/17,2016-11-16,"Boland Park, Paarl",1,12.1,Cape Cobras,Titans,JF Smith,C Tshiki,S von Berg,2,0,,,,,,,,,
1003849,2016/17,2016-11-16,"Boland Park, Paarl",1,12.2,Cape Cobras,Titans,JF Smith,C Tshiki,S von Berg,2,0,,,,,,,,,
1003849,2016/17,2016-11-16,"Boland Park, Paarl",1,12.3,Cape Cobras,Titans,JF Smith,C Tshiki,S von Berg,2,0,,,,,,,,,
1003849,2016/17,2016-11-16,"Boland Park, Paarl",1,12.4,Cape Cobras,Titans,JF Smith,C Tshiki,S von Berg,4,0,,,,,,,,,
1003849,2016/17,2016-11-16,"Boland Park, Paarl",1,12.5,Cape Cobras,Titans,JF Smith,C Tshiki,S von Berg,1,0,,,,,,,,,
1003849,2016/17,2016-11-16,"Boland Park, Paarl",1,12.6,Cape Cobras,Titans,C Tshiki,JF Smith,S von Berg,1,0,,,,,,,,,
1003849,2016/17,2016-11-16,"Boland Park, Paarl",1,13.1,Cape Cobras,Titans,C Tshiki,JF Smith,L Ngidi,2,0,,,,,,,,,
1003849,2016/17,2016-11-16,"Boland Park, Paarl",1,13.2,Cape Cobras,Titans,C Tshiki,JF Smith,L Ngidi,2,0,,,,,,,,,
1003849,2016/17,2016-11-16,"Boland Park, Paarl",1,13.3,Cape Cobras,Titans,C Tshiki,JF Smith,L Ngidi,2,0,,,,,,,,,
1003849,2016/17,2016-11-16,"Boland Park, Paarl",1,13.4,Cape Cobras,Titans,C Tshiki,JF Smith,L Ngidi,1,0,,,,,,,,,
1003849,2016/17,2016-11-16,"Boland Park, Paarl",1,13.5,Cape Cobras,Titans,JF Smith,C Tshiki,L Ngidi,0,0,,,,,,caught,JF Smith,,
1003849,2016/17,2016-11-16,"Boland Park, Paarl",1,13.6,Cape Cobras,Titans,C Tshiki,KA Pollard,L Ngidi,0,0,,,,,,,,,
1003849,2016/17,2016-11-16,"Boland Park, Paarl",1,14.1,Cape Cobras,Titans,KA Pollard,C Tshiki,D Wiese,2,0,,,,,,,,,
1003849,2016/17,2016-11-16,"Boland Park, Paarl",1,14.2,Cape Cobras,Titans,KA Pollard,C Tshiki,D Wiese,2,0,,,,,,,,,
1003849,2016/17,2016-11-16,"Boland Park, Paarl",1,14.3,Cape Cobras,Titans,KA Pollard,C Tshiki,D Wiese,0,0,,,,,,,,,
1003849,2016/17,2016-11-16,"Boland Park, Paarl",1,14.4,Cape Cobras,Titans,KA Pollard,C Tshiki,D Wiese,1,0,,,,,,,,,
1003849,2016/17,2016-11-16,"Boland Park, Paarl",1,14.5,Cape Cobras,Titans,C Tshiki,KA Pollard,D Wiese,1,0,,,,,,,,,
1003849,2016/17,2016-11-16,"Boland Park, Paarl",1,14.6,Cape Cobras,Titans,KA Pollard,C Tshiki,D Wiese,2,0,,,,,,,,,
1003849,2016/17,2016-11-16,"Boland Park, Paarl",1,15.1,Cape Cobras,Titans,C Tshiki,KA Pollard,L Ngidi,0,0,,,,,,,,,
1003849,2016/17,2016-11-16,"Boland Park, Paarl",1,15.2,Cape Cobras,Titans,C Tshiki,KA Pollard,L Ngidi,0,0,,,,,,,,,
1003849,2016/17,2016-11-16,"Boland Park, Paarl",1,15.3,Cape Cobras,Titans,C Tshiki,KA Pollard,L Ngidi,1,0,,,,,,,,,
1003849,2016/17,2016-11-16,"Boland Park, Paarl",1,15.4,Cape Cobras,Titans,KA Pollard,C Tshiki,L Ngidi,1,0,,,,,,,,,
1003849,2016/17,2016-11-16,"Boland Park, Paarl",1,15.5,Cape Cobras,Titans,C Tshiki,KA Pollard,L Ngidi,0,0,,,,,,caught,C Tshiki,,
1003849,2016/17,2016-11-16,"Boland Park, Paarl",1,15.6,Cape Cobras,Titans,KA Pollard,GF Linde,L Ngidi,0,0,,,,,,,,,
1003849,2016/17,2016-11-16,"Boland Park, Paarl",1,16.1,Cape Cobras,Titans,GF Linde,KA Pollard,CJ Dala,0,0,,,,,,,,,
1003849,2016/17,2016-11-16,"Boland Park, Paarl",1,16.2,Cape Cobras,Titans,GF Linde,KA Pollard,CJ Dala,2,0,,,,,,,,,
1003849,2016/17,2016-11-16,"Boland Park, Paarl",1,16.3,Cape Cobras,Titans,GF Linde,KA Pollard,CJ Dala,0,0,,,,,,caught,GF Linde,,
1003849,2016/17,2016-11-16,"Boland Park, Paarl",1,16.4,Cape Cobras,Titans,JL Ontong,KA Pollard,CJ Dala,0,0,,,,,,,,,
1003849,2016/17,2016-11-16,"Boland Park, Paarl",1,16.5,Cape Cobras,Titans,JL Ontong,KA Pollard,CJ Dala,1,0,,,,,,,,,
1003849,2016/17,2016-11-16,"Boland Park, Paarl",1,16.6,Cape Cobras,Titans,KA Pollard,JL Ontong,CJ Dala,0,0,,,,,,,,,
1003849,2016/17,2016-11-16,"Boland Park, Paarl",1,17.1,Cape Cobras,Titans,JL Ontong,KA Pollard,MP Siboto,1,0,,,,,,,,,
1003849,2016/17,2016-11-16,"Boland Park, Paarl",1,17.2,Cape Cobras,Titans,KA Pollard,JL Ontong,MP Siboto,1,0,,,,,,,,,
1003849,2016/17,2016-11-16,"Boland Park, Paarl",1,17.3,Cape Cobras,Titans,JL Ontong,KA Pollard,MP Siboto,1,0,,,,,,,,,
1003849,2016/17,2016-11-16,"Boland Park, Paarl",1,17.4,Cape Cobras,Titans,KA Pollard,JL Ontong,MP Siboto,2,0,,,,,,,,,
1003849,2016/17,2016-11-16,"Boland Park, Paarl",1,17.5,Cape Cobras,Titans,KA Pollard,JL Ontong,MP Siboto,0,0,,,,,,,,,
1003849,2016/17,2016-11-16,"Boland Park, Paarl",1,17.6,Cape Cobras,Titans,KA Pollard,JL Ontong,MP Siboto,0,0,,,,,,,,,
1003849,2016/17,2016-11-16,"Boland Park, Paarl",1,18.1,Cape Cobras,Titans,JL Ontong,KA Pollard,CJ Dala,2,0,,,,,,,,,
1003849,2016/17,2016-11-16,"Boland Park, Paarl",1,18.2,Cape Cobras,Titans,JL Ontong,KA Pollard,CJ Dala,0,0,,,,,,bowled,JL Ontong,,
1003849,2016/17,2016-11-16,"Boland Park, Paarl",1,18.3,Cape Cobras,Titans,RK Kleinveldt,KA Pollard,CJ Dala,2,0,,,,,,,,,
1003849,2016/17,2016-11-16,"Boland Park, Paarl",1,18.4,Cape Cobras,Titans,RK Kleinveldt,KA Pollard,CJ Dala,0,1,,,,1,,,,,
1003849,2016/17,2016-11-16,"Boland Park, Paarl",1,18.5,Cape Cobras,Titans,KA Pollard,RK Kleinveldt,CJ Dala,1,0,,,,,,,,,
1003849,2016/17,2016-11-16,"Boland Park, Paarl",1,18.6,Cape Cobras,Titans,RK Kleinveldt,KA Pollard,CJ Dala,1,0,,,,,,,,,
1003849,2016/17,2016-11-16,"Boland Park, Paarl",1,19.1,Cape Cobras,Titans,RK Kleinveldt,KA Pollard,MP Siboto,0,0,,,,,,caught,RK Kleinveldt,,
1003849,2016/17,2016-11-16,"Boland Park, Paarl",1,19.2,Cape Cobras,Titans,KA Pollard,KD Petersen,MP Siboto,6,0,,,,,,,,,
1003849,2016/17,2016-11-16,"Boland Park, Paarl",1,19.3,Cape Cobras,Titans,KA Pollard,KD Petersen,MP Siboto,2,1,,1,,,,,,,
1003849,2016/17,2016-11-16,"Boland Park, Paarl",1,19.4,Cape Cobras,Titans,KA Pollard,KD Petersen,MP Siboto,0,1,1,,,,,,,,
1003849,2016/17,2016-11-16,"Boland Park, Paarl",1,19.5,Cape Cobras,Titans,KA Pollard,KD Petersen,MP Siboto,2,0,,,,,,,,,
1003849,2016/17,2016-11-16,"Boland Park, Paarl",1,19.6,Cape Cobras,Titans,KA Pollard,KD Petersen,MP Siboto,2,0,,,,,,,,,
1003849,2016/17,2016-11-16,"Boland Park, Paarl",1,19.7,Cape Cobras,Titans,KA Pollard,KD Petersen,MP Siboto,0,1,1,,,,,,,,
1003849,2016/17,2016-11-16,"Boland Park, Paarl",1,19.8,Cape Cobras,Titans,KA Pollard,KD Petersen,MP Siboto,6,0,,,,,,,,,
1003849,2016/17,2016-11-16,"Boland Park, Paarl",1,19.9,Cape Cobras,Titans,KA Pollard,KD Petersen,MP Siboto,2,0,,,,,,,,,
1003849,2016/17,2016-11-16,"Boland Park, Paarl",2,0.1,Titans,Cape Cobras,H Davids,H Klaasen,D Paterson,0,0,,,,,,bowled,H Davids,,
1003849,2016/17,2016-11-16,"Boland Park, Paarl",2,0.2,Titans,Cape Cobras,HG Kuhn,H Klaasen,D Paterson,0,0,,,,,,,,,
1003849,2016/17,2016-11-16,"Boland Park, Paarl",2,0.3,Titans,Cape Cobras,HG Kuhn,H Klaasen,D Paterson,0,0,,,,,,,,,
1003849,2016/17,2016-11-16,"Boland Park, Paarl",2,0.4,Titans,Cape Cobras,HG Kuhn,H Klaasen,D Paterson,1,0,,,,,,,,,
1003849,2016/17,2016-11-16,"Boland Park, Paarl",2,0.5,Titans,Cape Cobras,H Klaasen,HG Kuhn,D Paterson,0,0,,,,,,,,,
1003849,2016/17,2016-11-16,"Boland Park, Paarl",2,0.6,Titans,Cape Cobras,H Klaasen,HG Kuhn,D Paterson,1,0,,,,,,,,,
1003849,2016/17,2016-11-16,"Boland Park, Paarl",2,1.1,Titans,Cape Cobras,H Klaasen,HG Kuhn,RK Kleinveldt,0,2,2,,,,,,,,
1003849,2016/17,2016-11-16,"Boland Park, Paarl",2,1.2,Titans,Cape Cobras,HG Kuhn,H Klaasen,RK Kleinveldt,1,0,,,,,,,,,
1003849,2016/17,2016-11-16,"Boland Park, Paarl",2,1.3,Titans,Cape Cobras,H Klaasen,HG Kuhn,RK Kleinveldt,1,0,,,,,,,,,
1003849,2016/17,2016-11-16,"Boland Park, Paarl",2,1.4,Titans,Cape Cobras,HG Kuhn,H Klaasen,RK Kleinveldt,0,0,,,,,,,,,
1003849,2016/17,2016-11-16,"Boland Park, Paarl",2,1.5,Titans,Cape Cobras,HG Kuhn,H Klaasen,RK Kleinveldt,1,0,,,,,,,,,
1003849,2016/17,2016-11-16,"Boland Park, Paarl",2,1.6,Titans,Cape Cobras,H Klaasen,HG Kuhn,RK Kleinveldt,1,0,,,,,,,,,
1003849,2016/17,2016-11-16,"Boland Park, Paarl",2,1.7,Titans,Cape Cobras,HG Kuhn,H Klaasen,RK Kleinveldt,2,0,,,,,,,,,
1003849,2016/17,2016-11-16,"Boland Park, Paarl",2,2.1,Titans,Cape Cobras,H Klaasen,HG Kuhn,D Paterson,0,0,,,,,,,,,
1003849,2016/17,2016-11-16,"Boland Park, Paarl",2,2.2,Titans,Cape Cobras,H Klaasen,HG Kuhn,D Paterson,0,0,,,,,,,,,
1003849,2016/17,2016-11-16,"Boland Park, Paarl",2,2.3,Titans,Cape Cobras,H Klaasen,HG Kuhn,D Paterson,1,0,,,,,,,,,
1003849,2016/17,2016-11-16,"Boland Park, Paarl",2,2.4,Titans,Cape Cobras,HG Kuhn,H Klaasen,D Paterson,0,0,,,,,,,,,
1003849,2016/17,2016-11-16,"Boland Park, Paarl",2,2.5,Titans,Cape Cobras,HG Kuhn,H Klaasen,D Paterson,0,0,,,,,,,,,
1003849,2016/17,2016-11-16,"Boland Park, Paarl",2,2.6,Titans,Cape Cobras,HG Kuhn,H Klaasen,D Paterson,2,0,,,,,,,,,
1003849,2016/17,2016-11-16,"Boland Park, Paarl",2,3.1,Titans,Cape Cobras,H Klaasen,HG Kuhn,RK Kleinveldt,4,0,,,,,,,,,
1003849,2016/17,2016-11-16,"Boland Park, Paarl",2,3.2,Titans,Cape Cobras,H Klaasen,HG Kuhn,RK Kleinveldt,1,0,,,,,,,,,
1003849,2016/17,2016-11-16,"Boland Park, Paarl",2,3.3,Titans,Cape Cobras,HG Kuhn,H Klaasen,RK Kleinveldt,4,0,,,,,,,,,
1003849,2016/17,2016-11-16,"Boland Park, Paarl",2,3.4,Titans,Cape Cobras,HG Kuhn,H Klaasen,RK Kleinveldt,0,0,,,,,,caught and bowled,HG Kuhn,,
1003849,2016/17,2016-11-16,"Boland Park, Paarl",2,3.5,Titans,Cape Cobras,MQ Adams,H Klaasen,RK Kleinveldt,0,0,,,,,,,,,
1003849,2016/17,2016-11-16,"Boland Park, Paarl",2,3.6,Titans,Cape Cobras,MQ Adams,H Klaasen,RK Kleinveldt,0,0,,,,,,,,,
1003849,2016/17,2016-11-16,"Boland Park, Paarl",2,4.1,Titans,Cape Cobras,H Klaasen,MQ Adams,KA Pollard,0,0,,,,,,,,,
1003849,2016/17,2016-11-16,"Boland Park, Paarl",2,4.2,Titans,Cape Cobras,H Klaasen,MQ Adams,KA Pollard,0,0,,,,,,,,,
1003849,2016/17,2016-11-16,"Boland Park, Paarl",2,4.3,Titans,Cape Cobras,H Klaasen,MQ Adams,KA Pollard,2,0,,,,,,,,,
1003849,2016/17,2016-11-16,"Boland Park, Paarl",2,4.4,Titans,Cape Cobras,H Klaasen,MQ Adams,KA Pollard,1,0,,,,,,,,,
1003849,2016/17,2016-11-16,"Boland Park, Paarl",2,4.5,Titans,Cape Cobras,MQ Adams,H Klaasen,KA Pollard,0,0,,,,,,,,,
1003849,2016/17,2016-11-16,"Boland Park, Paarl",2,4.6,Titans,Cape Cobras,MQ Adams,H Klaasen,KA Pollard,1,0,,,,,,,,,
1003849,2016/17,2016-11-16,"Boland Park, Paarl",2,5.1,Titans,Cape Cobras,MQ Adams,H Klaasen,RK Kleinveldt,0,0,,,,,,,,,
1003849,2016/17,2016-11-16,"Boland Park, Paarl",2,5.2,Titans,Cape Cobras,MQ Adams,H Klaasen,RK Kleinveldt,0,0,,,,,,,,,
1003849,2016/17,2016-11-16,"Boland Park, Paarl",2,5.3,Titans,Cape Cobras,MQ Adams,H Klaasen,RK Kleinveldt,0,4,,,4,,,,,,
1003849,2016/17,2016-11-16,"Boland Park, Paarl",2,5.4,Titans,Cape Cobras,MQ Adams,H Klaasen,RK Kleinveldt,1,0,,,,,,,,,
1003849,2016/17,2016-11-16,"Boland Park, Paarl",2,5.5,Titans,Cape Cobras,H Klaasen,MQ Adams,RK Kleinveldt,1,0,,,,,,,,,
1003849,2016/17,2016-11-16,"Boland Park, Paarl",2,5.6,Titans,Cape Cobras,MQ Adams,H Klaasen,RK Kleinveldt,1,0,,,,,,,,,
1003849,2016/17,2016-11-16,"Boland Park, Paarl",2,6.1,Titans,Cape Cobras,MQ Adams,H Klaasen,GF Linde,0,0,,,,,,,,,
1003849,2016/17,2016-11-16,"Boland Park, Paarl",2,6.2,Titans,Cape Cobras,MQ Adams,H Klaasen,GF Linde,1,0,,,,,,,,,
1003849,2016/17,2016-11-16,"Boland Park, Paarl",2,6.3,Titans,Cape Cobras,H Klaasen,MQ Adams,GF Linde,1,0,,,,,,,,,
1003849,2016/17,2016-11-16,"Boland Park, Paarl",2,6.4,Titans,Cape Cobras,MQ Adams,H Klaasen,GF Linde,1,0,,,,,,,,,
1003849,2016/17,2016-11-16,"Boland Park, Paarl",2,6.5,Titans,Cape Cobras,H Klaasen,MQ Adams,GF Linde,1,0,,,,,,,,,
1003849,2016/17,2016-11-16,"Boland Park, Paarl",2,6.6,Titans,Cape Cobras,MQ Adams,H Klaasen,GF Linde,0,0,,,,,,,,,
1003849,2016/17,2016-11-16,"Boland Park, Paarl",2,7.1,Titans,Cape Cobras,H Klaasen,MQ Adams,NM Serame,1,0,,,,,,,,,
1003849,2016/17,2016-11-16,"Boland Park, Paarl",2,7.2,Titans,Cape Cobras,MQ Adams,H Klaasen,NM Serame,0,0,,,,,,,,,
1003849,2016/17,2016-11-16,"Boland Park, Paarl",2,7.3,Titans,Cape Cobras,MQ Adams,H Klaasen,NM Serame,1,0,,,,,,,,,
1003849,2016/17,2016-11-16,"Boland Park, Paarl",2,7.4,Titans,Cape Cobras,H Klaasen,MQ Adams,NM Serame,1,0,,,,,,,,,
1003849,2016/17,2016-11-16,"Boland Park, Paarl",2,7.5,Titans,Cape Cobras,MQ Adams,H Klaasen,NM Serame,2,0,,,,,,,,,
1003849,2016/17,2016-11-16,"Boland Park, Paarl",2,7.6,Titans,Cape Cobras,MQ Adams,H Klaasen,NM Serame,2,0,,,,,,,,,
1003849,2016/17,2016-11-16,"Boland Park, Paarl",2,8.1,Titans,Cape Cobras,H Klaasen,MQ Adams,GF Linde,4,0,,,,,,,,,
1003849,2016/17,2016-11-16,"Boland Park, Paarl",2,8.2,Titans,Cape Cobras,H Klaasen,MQ Adams,GF Linde,1,0,,,,,,,,,
1003849,2016/17,2016-11-16,"Boland Park, Paarl",2,8.3,Titans,Cape Cobras,MQ Adams,H Klaasen,GF Linde,0,0,,,,,,,,,
1003849,2016/17,2016-11-16,"Boland Park, Paarl",2,8.4,Titans,Cape Cobras,MQ Adams,H Klaasen,GF Linde,0,0,,,,,,,,,
1003849,2016/17,2016-11-16,"Boland Park, Paarl",2,8.5,Titans,Cape Cobras,MQ Adams,H Klaasen,GF Linde,0,0,,,,,,,,,
1003849,2016/17,2016-11-16,"Boland Park, Paarl",2,8.6,Titans,Cape Cobras,MQ Adams,H Klaasen,GF Linde,0,0,,,,,,,,,
1003849,2016/17,2016-11-16,"Boland Park, Paarl",2,9.1,Titans,Cape Cobras,H Klaasen,MQ Adams,JF Smith,1,0,,,,,,,,,
1003849,2016/17,2016-11-16,"Boland Park, Paarl",2,9.2,Titans,Cape Cobras,MQ Adams,H Klaasen,JF Smith,1,0,,,,,,,,,
1003849,2016/17,2016-11-16,"Boland Park, Paarl",2,9.3,Titans,Cape Cobras,H Klaasen,MQ Adams,JF Smith,1,0,,,,,,,,,
1003849,2016/17,2016-11-16,"Boland Park, Paarl",2,9.4,Titans,Cape Cobras,MQ Adams,H Klaasen,JF Smith,1,0,,,,,,,,,
1003849,2016/17,2016-11-16,"Boland Park, Paarl",2,9.5,Titans,Cape Cobras,H Klaasen,MQ Adams,JF Smith,1,0,,,,,,,,,
1003849,2016/17,2016-11-16,"Boland Park, Paarl",2,9.6,Titans,Cape Cobras,MQ Adams,H Klaasen,JF Smith,0,0,,,,,,,,,
1003849,2016/17,2016-11-16,"Boland Park, Paarl",2,10.1,Titans,Cape Cobras,H Klaasen,MQ Adams,GF Linde,1,0,,,,,,,,,
1003849,2016/17,2016-11-16,"Boland Park, Paarl",2,10.2,Titans,Cape Cobras,MQ Adams,H Klaasen,GF Linde,1,0,,,,,,,,,
1003849,2016/17,2016-11-16,"Boland Park, Paarl",2,10.3,Titans,Cape Cobras,H Klaasen,MQ Adams,GF Linde,2,0,,,,,,,,,
1003849,2016/17,2016-11-16,"Boland Park, Paarl",2,10.4,Titans,Cape Cobras,H Klaasen,MQ Adams,GF Linde,1,0,,,,,,,,,
1003849,2016/17,2016-11-16,"Boland Park, Paarl",2,10.5,Titans,Cape Cobras,MQ Adams,H Klaasen,GF Linde,0,0,,,,,,,,,
1003849,2016/17,2016-11-16,"Boland Park, Paarl",2,10.6,Titans,Cape Cobras,MQ Adams,H Klaasen,GF Linde,2,0,,,,,,,,,
1003849,2016/17,2016-11-16,"Boland Park, Paarl",2,11.1,Titans,Cape Cobras,H Klaasen,MQ Adams,JF Smith,2,0,,,,,,,,,
1003849,2016/17,2016-11-16,"Boland Park, Paarl",2,11.2,Titans,Cape Cobras,H Klaasen,MQ Adams,JF Smith,1,0,,,,,,,,,
1003849,2016/17,2016-11-16,"Boland Park, Paarl",2,11.3,Titans,Cape Cobras,MQ Adams,H Klaasen,JF Smith,2,0,,,,,,,,,
1003849,2016/17,2016-11-16,"Boland Park, Paarl",2,11.4,Titans,Cape Cobras,MQ Adams,H Klaasen,JF Smith,0,0,,,,,,caught,MQ Adams,,
1003849,2016/17,2016-11-16,"Boland Park, Paarl",2,11.5,Titans,Cape Cobras,H Klaasen,F Behardien,JF Smith,2,0,,,,,,,,,
1003849,2016/17,2016-11-16,"Boland Park, Paarl",2,11.6,Titans,Cape Cobras,H Klaasen,F Behardien,JF Smith,2,0,,,,,,,,,
1003849,2016/17,2016-11-16,"Boland Park, Paarl",2,12.1,Titans,Cape Cobras,F Behardien,H Klaasen,GF Linde,1,0,,,,,,,,,
1003849,2016/17,2016-11-16,"Boland Park, Paarl",2,12.2,Titans,Cape Cobras,H Klaasen,F Behardien,GF Linde,2,0,,,,,,,,,
1003849,2016/17,2016-11-16,"Boland Park, Paarl",2,12.3,Titans,Cape Cobras,H Klaasen,F Behardien,GF Linde,2,0,,,,,,,,,
1003849,2016/17,2016-11-16,"Boland Park, Paarl",2,12.4,Titans,Cape Cobras,H Klaasen,F Behardien,GF Linde,1,0,,,,,,,,,
1003849,2016/17,2016-11-16,"Boland Park, Paarl",2,12.5,Titans,Cape Cobras,F Behardien,H Klaasen,GF Linde,1,0,,,,,,,,,
1003849,2016/17,2016-11-16,"Boland Park, Paarl",2,12.6,Titans,Cape Cobras,H Klaasen,F Behardien,GF Linde,1,0,,,,,,,,,
1003849,2016/17,2016-11-16,"Boland Park, Paarl",2,13.1,Titans,Cape Cobras,H Klaasen,F Behardien,JF Smith,1,0,,,,,,,,,
1003849,2016/17,2016-11-16,"Boland Park, Paarl",2,13.2,Titans,Cape Cobras,F Behardien,H Klaasen,JF Smith,1,0,,,,,,,,,
1003849,2016/17,2016-11-16,"Boland Park, Paarl",2,13.3,Titans,Cape Cobras,H Klaasen,F Behardien,JF Smith,1,0,,,,,,,,,
1003849,2016/17,2016-11-16,"Boland Park, Paarl",2,13.4,Titans,Cape Cobras,F Behardien,H Klaasen,JF Smith,4,0,,,,,,,,,
1003849,2016/17,2016-11-16,"Boland Park, Paarl",2,13.5,Titans,Cape Cobras,F Behardien,H Klaasen,JF Smith,2,0,,,,,,,,,
1003849,2016/17,2016-11-16,"Boland Park, Paarl",2,13.6,Titans,Cape Cobras,F Behardien,H Klaasen,JF Smith,0,0,,,,,,,,,
1003849,2016/17,2016-11-16,"Boland Park, Paarl",2,14.1,Titans,Cape Cobras,H Klaasen,F Behardien,KA Pollard,0,0,,,,,,,,,
1003849,2016/17,2016-11-16,"Boland Park, Paarl",2,14.2,Titans,Cape Cobras,H Klaasen,F Behardien,KA Pollard,1,0,,,,,,,,,
1003849,2016/17,2016-11-16,"Boland Park, Paarl",2,14.3,Titans,Cape Cobras,F Behardien,H Klaasen,KA Pollard,1,0,,,,,,,,,
1003849,2016/17,2016-11-16,"Boland Park, Paarl",2,14.4,Titans,Cape Cobras,H Klaasen,F Behardien,KA Pollard,1,0,,,,,,run out,H Klaasen,,
1003849,2016/17,2016-11-16,"Boland Park, Paarl",2,14.5,Titans,Cape Cobras,JA Morkel,F Behardien,KA Pollard,1,0,,,,,,,,,
1003849,2016/17,2016-11-16,"Boland Park, Paarl",2,14.6,Titans,Cape Cobras,F Behardien,JA Morkel,KA Pollard,1,0,,,,,,,,,
1003849,2016/17,2016-11-16,"Boland Park, Paarl",2,15.1,Titans,Cape Cobras,F Behardien,JA Morkel,RK Kleinveldt,1,0,,,,,,,,,
1003849,2016/17,2016-11-16,"Boland Park, Paarl",2,15.2,Titans,Cape Cobras,JA Morkel,F Behardien,RK Kleinveldt,4,0,,,,,,,,,
1003849,2016/17,2016-11-16,"Boland Park, Paarl",2,15.3,Titans,Cape Cobras,JA Morkel,F Behardien,RK Kleinveldt,1,0,,,,,,,,,
1003849,2016/17,2016-11-16,"Boland Park, Paarl",2,15.4,Titans,Cape Cobras,F Behardien,JA Morkel,RK Kleinveldt,0,1,1,,,,,,,,
1003849,2016/17,2016-11-16,"Boland Park, Paarl",2,15.5,Titans,Cape Cobras,F Behardien,JA Morkel,RK Kleinveldt,6,0,,,,,,,,,
1003849,2016/17,2016-11-16,"Boland Park, Paarl",2,15.6,Titans,Cape Cobras,F Behardien,JA Morkel,RK Kleinveldt,0,0,,,,,,,,,
1003849,2016/17,2016-11-16,"Boland Park, Paarl",2,15.7,Titans,Cape Cobras,F Behardien,JA Morkel,RK Kleinveldt,1,0,,,,,,,,,
1003849,2016/17,2016-11-16,"Boland Park, Paarl",2,16.1,Titans,Cape Cobras,F Behardien,JA Morkel,D Paterson,1,0,,,,,,,,,
1003849,2016/17,2016-11-16,"Boland Park, Paarl",2,16.2,Titans,Cape Cobras,JA Morkel,F Behardien,D Paterson,1,0,,,,,,,,,
1003849,2016/17,2016-11-16,"Boland Park, Paarl",2,16.3,Titans,Cape Cobras,F Behardien,JA Morkel,D Paterson,1,0,,,,,,,,,
1003849,2016/17,2016-11-16,"Boland Park, Paarl",2,16.4,Titans,Cape Cobras,JA Morkel,F Behardien,D Paterson,0,0,,,,,,,,,
1003849,2016/17,2016-11-16,"Boland Park, Paarl",2,16.5,Titans,Cape Cobras,JA Morkel,F Behardien,D Paterson,4,0,,,,,,,,,
1003849,2016/17,2016-11-16,"Boland Park, Paarl",2,16.6,Titans,Cape Cobras,JA Morkel,F Behardien,D Paterson,0,1,1,,,,,,,,
1003849,2016/17,2016-11-16,"Boland Park, Paarl",2,16.7,Titans,Cape Cobras,JA Morkel,F Behardien,D Paterson,1,0,,,,,,,,,
1003849,2016/17,2016-11-16,"Boland Park, Paarl",2,17.1,Titans,Cape Cobras,JA Morkel,F Behardien,KA Pollard,0,1,1,,,,,,,,
1003849,2016/17,2016-11-16,"Boland Park, Paarl",2,17.2,Titans,Cape Cobras,JA Morkel,F Behardien,KA Pollard,2,0,,,,,,,,,
1003849,2016/17,2016-11-16,"Boland Park, Paarl",2,17.3,Titans,Cape Cobras,JA Morkel,F Behardien,KA Pollard,4,0,,,,,,,,,
1003849,2016/17,2016-11-16,"Boland Park, Paarl",2,17.4,Titans,Cape Cobras,JA Morkel,F Behardien,KA Pollard,0,1,1,,,,,,,,
1003849,2016/17,2016-11-16,"Boland Park, Paarl",2,17.5,Titans,Cape Cobras,JA Morkel,F Behardien,KA Pollard,0,0,,,,,,,,,
1003849,2016/17,2016-11-16,"Boland Park, Paarl",2,17.6,Titans,Cape Cobras,JA Morkel,F Behardien,KA Pollard,4,0,,,,,,,,,
1003849,2016/17,2016-11-16,"Boland Park, Paarl",2,17.7,Titans,Cape Cobras,JA Morkel,F Behardien,KA Pollard,0,1,1,,,,,,,,
1003849,2016/17,2016-11-16,"Boland Park, Paarl",2,17.8,Titans,Cape Cobras,JA Morkel,F Behardien,KA Pollard,4,0,,,,,,,,,
1003849,2016/17,2016-11-16,"Boland Park, Paarl",2,17.9,Titans,Cape Cobras,JA Morkel,F Behardien,KA Pollard,0,0,,,,,,,,,
1003849,2016/17,2016-11-16,"Boland Park, Paarl",2,18.1,Titans,Cape Cobras,F Behardien,JA Morkel,D Paterson,0,0,,,,,,,,,
1003849,2016/17,2016-11-16,"Boland Park, Paarl",2,18.2,Titans,Cape Cobras,F Behardien,JA Morkel,D Paterson,1,0,,,,,,,,,
1003849,2016/17,2016-11-16,"Boland Park, Paarl",2,18.3,Titans,Cape Cobras,JA Morkel,F Behardien,D Paterson,2,0,,,,,,,,,
1003849,2016/17,2016-11-16,"Boland Park, Paarl",2,18.4,Titans,Cape Cobras,JA Morkel,F Behardien,D Paterson,4,0,,,,,,,,,
1003849,2016/17,2016-11-16,"Boland Park, Paarl",2,18.5,Titans,Cape Cobras,JA Morkel,F Behardien,D Paterson,2,0,,,,,,,,,
1003849,2016/17,2016-11-16,"Boland Park, Paarl",2,18.6,Titans,Cape Cobras,JA Morkel,F Behardien,D Paterson,0,1,1,,,,,,,,
