match_id,season,start_date,venue,innings,ball,batting_team,bowling_team,striker,non_striker,bowler,runs_off_bat,extras,wides,noballs,byes,legbyes,penalty,wicket_type,player_dismissed,other_wicket_type,other_player_dismissed
1003901,2016/17,2016-12-11,"Kingsmead, Durban",1,0.1,Dolphins,Knights,CS Delport,MN van Wyk,D du Preez,0,0,,,,,,,,,
1003901,2016/17,2016-12-11,"Kingsmead, Durban",1,0.2,Dolphins,Knights,CS Delport,MN van Wyk,D du Preez,0,0,,,,,,,,,
1003901,2016/17,2016-12-11,"Kingsmead, Durban",1,0.3,Dolphins,Knights,CS Delport,MN van Wyk,D du Preez,1,0,,,,,,,,,
1003901,2016/17,2016-12-11,"Kingsmead, Durban",1,0.4,Dolphins,Knights,MN van Wyk,CS Delport,D du Preez,0,0,,,,,,,,,
1003901,2016/17,2016-12-11,"Kingsmead, Durban",1,0.5,Dolphins,Knights,MN van Wyk,CS Delport,D du Preez,1,0,,,,,,,,,
1003901,2016/17,2016-12-11,"Kingsmead, Durban",1,0.6,Dolphins,Knights,CS Delport,MN van Wyk,D du Preez,0,0,,,,,,,,,
1003901,2016/17,2016-12-11,"Kingsmead, Durban",1,1.1,Dolphins,Knights,MN van Wyk,CS Delport,CA Dry,0,0,,,,,,,,,
1003901,2016/17,2016-12-11,"Kingsmead, Durban",1,1.2,Dolphins,Knights,MN van Wyk,CS Delport,CA Dry,0,1,,,,1,,,,,
1003901,2016/17,2016-12-11,"Kingsmead, Durban",1,1.3,Dolphins,Knights,CS Delport,MN van Wyk,CA Dry,1,0,,,,,,,,,
1003901,2016/17,2016-12-11,"Kingsmead, Durban",1,1.4,Dolphins,Knights,MN van Wyk,CS Delport,CA Dry,1,0,,,,,,,,,
1003901,2016/17,2016-12-11,"Kingsmead, Durban",1,1.5,Dolphins,Knights,CS Delport,MN van Wyk,CA Dry,0,0,,,,,,,,,
1003901,2016/17,2016-12-11,"Kingsmead, Durban",1,1.6,Dolphins,Knights,CS Delport,MN van Wyk,CA Dry,1,0,,,,,,,,,
1003901,2016/17,2016-12-11,"Kingsmead, Durban",1,2.1,Dolphins,Knights,CS Delport,MN van Wyk,D du Preez,0,0,,,,,,,,,
1003901,2016/17,2016-12-11,"Kingsmead, Durban",1,2.2,Dolphins,Knights,CS Delport,MN van Wyk,D du Preez,1,0,,,,,,,,,
1003901,2016/17,2016-12-11,"Kingsmead, Durban",1,2.3,Dolphins,Knights,MN van Wyk,CS Delport,D du Preez,0,0,,,,,,,,,
1003901,2016/17,2016-12-11,"Kingsmead, Durban",1,2.4,Dolphins,Knights,MN van Wyk,CS Delport,D du Preez,0,0,,,,,,,,,
1003901,2016/17,2016-12-11,"Kingsmead, Durban",1,2.5,Dolphins,Knights,MN van Wyk,CS Delport,D du Preez,6,0,,,,,,,,,
1003901,2016/17,2016-12-11,"Kingsmead, Durban",1,2.6,Dolphins,Knights,MN van Wyk,CS Delport,D du Preez,0,0,,,,,,caught,MN van Wyk,,
1003901,2016/17,2016-12-11,"Kingsmead, Durban",1,3.1,Dolphins,Knights,CS Delport,KP Pietersen,LM Zuma,1,0,,,,,,,,,
1003901,2016/17,2016-12-11,"Kingsmead, Durban",1,3.2,Dolphins,Knights,KP Pietersen,CS Delport,LM Zuma,1,0,,,,,,,,,
1003901,2016/17,2016-12-11,"Kingsmead, Durban",1,3.3,Dolphins,Knights,CS Delport,KP Pietersen,LM Zuma,1,0,,,,,,,,,
1003901,2016/17,2016-12-11,"Kingsmead, Durban",1,3.4,Dolphins,Knights,KP Pietersen,CS Delport,LM Zuma,2,0,,,,,,,,,
1003901,2016/17,2016-12-11,"Kingsmead, Durban",1,3.5,Dolphins,Knights,KP Pietersen,CS Delport,LM Zuma,0,1,1,,,,,,,,
1003901,2016/17,2016-12-11,"Kingsmead, Durban",1,3.6,Dolphins,Knights,KP Pietersen,CS Delport,LM Zuma,1,0,,,,,,,,,
1003901,2016/17,2016-12-11,"Kingsmead, Durban",1,3.7,Dolphins,Knights,CS Delport,KP Pietersen,LM Zuma,0,0,,,,,,caught,CS Delport,,
1003901,2016/17,2016-12-11,"Kingsmead, Durban",1,4.1,Dolphins,Knights,R Frylinck,KP Pietersen,M Budaza,2,0,,,,,,,,,
1003901,2016/17,2016-12-11,"Kingsmead, Durban",1,4.2,Dolphins,Knights,R Frylinck,KP Pietersen,M Budaza,1,0,,,,,,,,,
1003901,2016/17,2016-12-11,"Kingsmead, Durban",1,4.3,Dolphins,Knights,KP Pietersen,R Frylinck,M Budaza,1,0,,,,,,,,,
1003901,2016/17,2016-12-11,"Kingsmead, Durban",1,4.4,Dolphins,Knights,R Frylinck,KP Pietersen,M Budaza,0,1,1,,,,,,,,
1003901,2016/17,2016-12-11,"Kingsmead, Durban",1,4.5,Dolphins,Knights,R Frylinck,KP Pietersen,M Budaza,2,0,,,,,,,,,
1003901,2016/17,2016-12-11,"Kingsmead, Durban",1,4.6,Dolphins,Knights,R Frylinck,KP Pietersen,M Budaza,2,0,,,,,,,,,
1003901,2016/17,2016-12-11,"Kingsmead, Durban",1,4.7,Dolphins,Knights,R Frylinck,KP Pietersen,M Budaza,1,0,,,,,,,,,
1003901,2016/17,2016-12-11,"Kingsmead, Durban",1,5.1,Dolphins,Knights,R Frylinck,KP Pietersen,PE Kruger,0,1,,,,1,,,,,
1003901,2016/17,2016-12-11,"Kingsmead, Durban",1,5.2,Dolphins,Knights,KP Pietersen,R Frylinck,PE Kruger,1,0,,,,,,,,,
1003901,2016/17,2016-12-11,"Kingsmead, Durban",1,5.3,Dolphins,Knights,R Frylinck,KP Pietersen,PE Kruger,0,0,,,,,,caught,R Frylinck,,
1003901,2016/17,2016-12-11,"Kingsmead, Durban",1,5.4,Dolphins,Knights,KP Pietersen,K Zondo,PE Kruger,2,0,,,,,,,,,
1003901,2016/17,2016-12-11,"Kingsmead, Durban",1,5.5,Dolphins,Knights,KP Pietersen,K Zondo,PE Kruger,0,0,,,,,,,,,
1003901,2016/17,2016-12-11,"Kingsmead, Durban",1,5.6,Dolphins,Knights,KP Pietersen,K Zondo,PE Kruger,1,0,,,,,,,,,
1003901,2016/17,2016-12-11,"Kingsmead, Durban",1,6.1,Dolphins,Knights,KP Pietersen,K Zondo,M Budaza,0,0,,,,,,caught,KP Pietersen,,
1003901,2016/17,2016-12-11,"Kingsmead, Durban",1,6.2,Dolphins,Knights,KA Maharaj,K Zondo,M Budaza,0,0,,,,,,,,,
1003901,2016/17,2016-12-11,"Kingsmead, Durban",1,6.3,Dolphins,Knights,KA Maharaj,K Zondo,M Budaza,1,0,,,,,,,,,
1003901,2016/17,2016-12-11,"Kingsmead, Durban",1,6.4,Dolphins,Knights,K Zondo,KA Maharaj,M Budaza,1,0,,,,,,,,,
1003901,2016/17,2016-12-11,"Kingsmead, Durban",1,6.5,Dolphins,Knights,KA Maharaj,K Zondo,M Budaza,0,0,,,,,,caught,KA Maharaj,,
1003901,2016/17,2016-12-11,"Kingsmead, Durban",1,6.6,Dolphins,Knights,K Zondo,C Chetty,M Budaza,1,0,,,,,,,,,
1003901,2016/17,2016-12-11,"Kingsmead, Durban",1,7.1,Dolphins,Knights,K Zondo,C Chetty,CA Dry,6,0,,,,,,,,,
1003901,2016/17,2016-12-11,"Kingsmead, Durban",1,7.2,Dolphins,Knights,K Zondo,C Chetty,CA Dry,6,0,,,,,,,,,
1003901,2016/17,2016-12-11,"Kingsmead, Durban",1,7.3,Dolphins,Knights,K Zondo,C Chetty,CA Dry,0,0,,,,,,,,,
1003901,2016/17,2016-12-11,"Kingsmead, Durban",1,7.4,Dolphins,Knights,K Zondo,C Chetty,CA Dry,6,0,,,,,,,,,
1003901,2016/17,2016-12-11,"Kingsmead, Durban",1,7.5,Dolphins,Knights,K Zondo,C Chetty,CA Dry,2,0,,,,,,,,,
1003901,2016/17,2016-12-11,"Kingsmead, Durban",1,7.6,Dolphins,Knights,K Zondo,C Chetty,CA Dry,0,1,,,,1,,,,,
1003901,2016/17,2016-12-11,"Kingsmead, Durban",2,0.1,Knights,Dolphins,RS Second,PE Kruger,M Shezi,1,0,,,,,,,,,
1003901,2016/17,2016-12-11,"Kingsmead, Durban",2,0.2,Knights,Dolphins,PE Kruger,RS Second,M Shezi,1,0,,,,,,,,,
1003901,2016/17,2016-12-11,"Kingsmead, Durban",2,0.3,Knights,Dolphins,RS Second,PE Kruger,M Shezi,0,0,,,,,,,,,
1003901,2016/17,2016-12-11,"Kingsmead, Durban",2,0.4,Knights,Dolphins,RS Second,PE Kruger,M Shezi,6,0,,,,,,,,,
1003901,2016/17,2016-12-11,"Kingsmead, Durban",2,0.5,Knights,Dolphins,RS Second,PE Kruger,M Shezi,0,0,,,,,,caught,RS Second,,
1003901,2016/17,2016-12-11,"Kingsmead, Durban",2,0.6,Knights,Dolphins,PE Kruger,DA Miller,M Shezi,0,1,,,,1,,,,,
1003901,2016/17,2016-12-11,"Kingsmead, Durban",2,1.1,Knights,Dolphins,PE Kruger,DA Miller,R Frylinck,1,0,,,,,,,,,
1003901,2016/17,2016-12-11,"Kingsmead, Durban",2,1.2,Knights,Dolphins,DA Miller,PE Kruger,R Frylinck,4,0,,,,,,,,,
1003901,2016/17,2016-12-11,"Kingsmead, Durban",2,1.3,Knights,Dolphins,DA Miller,PE Kruger,R Frylinck,1,0,,,,,,,,,
1003901,2016/17,2016-12-11,"Kingsmead, Durban",2,1.4,Knights,Dolphins,PE Kruger,DA Miller,R Frylinck,4,0,,,,,,,,,
1003901,2016/17,2016-12-11,"Kingsmead, Durban",2,1.5,Knights,Dolphins,PE Kruger,DA Miller,R Frylinck,4,0,,,,,,,,,
1003901,2016/17,2016-12-11,"Kingsmead, Durban",2,1.6,Knights,Dolphins,PE Kruger,DA Miller,R Frylinck,6,0,,,,,,,,,
1003901,2016/17,2016-12-11,"Kingsmead, Durban",2,2.1,Knights,Dolphins,DA Miller,PE Kruger,Imran Tahir,1,0,,,,,,,,,
1003901,2016/17,2016-12-11,"Kingsmead, Durban",2,2.2,Knights,Dolphins,PE Kruger,DA Miller,Imran Tahir,0,0,,,,,,,,,
1003901,2016/17,2016-12-11,"Kingsmead, Durban",2,2.3,Knights,Dolphins,PE Kruger,DA Miller,Imran Tahir,0,0,,,,,,,,,
1003901,2016/17,2016-12-11,"Kingsmead, Durban",2,2.4,Knights,Dolphins,PE Kruger,DA Miller,Imran Tahir,0,0,,,,,,,,,
1003901,2016/17,2016-12-11,"Kingsmead, Durban",2,2.5,Knights,Dolphins,PE Kruger,DA Miller,Imran Tahir,1,0,,,,,,,,,
1003901,2016/17,2016-12-11,"Kingsmead, Durban",2,2.6,Knights,Dolphins,DA Miller,PE Kruger,Imran Tahir,0,0,,,,,,,,,
1003901,2016/17,2016-12-11,"Kingsmead, Durban",2,3.1,Knights,Dolphins,PE Kruger,DA Miller,BS Makhanya,4,0,,,,,,,,,
1003901,2016/17,2016-12-11,"Kingsmead, Durban",2,3.2,Knights,Dolphins,PE Kruger,DA Miller,BS Makhanya,0,0,,,,,,,,,
1003901,2016/17,2016-12-11,"Kingsmead, Durban",2,3.3,Knights,Dolphins,PE Kruger,DA Miller,BS Makhanya,1,0,,,,,,,,,
1003901,2016/17,2016-12-11,"Kingsmead, Durban",2,3.4,Knights,Dolphins,DA Miller,PE Kruger,BS Makhanya,0,0,,,,,,,,,
1003901,2016/17,2016-12-11,"Kingsmead, Durban",2,3.5,Knights,Dolphins,DA Miller,PE Kruger,BS Makhanya,0,2,,,,2,,,,,
1003901,2016/17,2016-12-11,"Kingsmead, Durban",2,3.6,Knights,Dolphins,DA Miller,PE Kruger,BS Makhanya,1,0,,,,,,,,,
1003901,2016/17,2016-12-11,"Kingsmead, Durban",2,4.1,Knights,Dolphins,DA Miller,PE Kruger,Imran Tahir,0,0,,,,,,,,,
1003901,2016/17,2016-12-11,"Kingsmead, Durban",2,4.2,Knights,Dolphins,DA Miller,PE Kruger,Imran Tahir,1,0,,,,,,,,,
1003901,2016/17,2016-12-11,"Kingsmead, Durban",2,4.3,Knights,Dolphins,PE Kruger,DA Miller,Imran Tahir,1,0,,,,,,,,,
1003901,2016/17,2016-12-11,"Kingsmead, Durban",2,4.4,Knights,Dolphins,DA Miller,PE Kruger,Imran Tahir,6,0,,,,,,,,,
1003901,2016/17,2016-12-11,"Kingsmead, Durban",2,4.5,Knights,Dolphins,DA Miller,PE Kruger,Imran Tahir,1,0,,,,,,,,,
1003901,2016/17,2016-12-11,"Kingsmead, Durban",2,4.6,Knights,Dolphins,PE Kruger,DA Miller,Imran Tahir,0,0,,,,,,,,,
1003901,2016/17,2016-12-11,"Kingsmead, Durban",2,5.1,Knights,Dolphins,DA Miller,PE Kruger,P Subrayen,1,0,,,,,,,,,
1003901,2016/17,2016-12-11,"Kingsmead, Durban",2,5.2,Knights,Dolphins,PE Kruger,DA Miller,P Subrayen,0,0,,,,,,,,,
1003901,2016/17,2016-12-11,"Kingsmead, Durban",2,5.3,Knights,Dolphins,PE Kruger,DA Miller,P Subrayen,6,0,,,,,,,,,
1003901,2016/17,2016-12-11,"Kingsmead, Durban",2,5.4,Knights,Dolphins,PE Kruger,DA Miller,P Subrayen,4,0,,,,,,,,,
1003901,2016/17,2016-12-11,"Kingsmead, Durban",2,5.5,Knights,Dolphins,PE Kruger,DA Miller,P Subrayen,0,1,1,,,,,,,,
1003901,2016/17,2016-12-11,"Kingsmead, Durban",2,5.6,Knights,Dolphins,PE Kruger,DA Miller,P Subrayen,1,0,,,,,,,,,
1003901,2016/17,2016-12-11,"Kingsmead, Durban",2,5.7,Knights,Dolphins,DA Miller,PE Kruger,P Subrayen,2,0,,,,,,,,,
1003901,2016/17,2016-12-11,"Kingsmead, Durban",2,6.1,Knights,Dolphins,PE Kruger,DA Miller,CS Delport,0,5,5,,,,,,,,
