match_id,season,start_date,venue,innings,ball,batting_team,bowling_team,striker,non_striker,bowler,runs_off_bat,extras,wides,noballs,byes,legbyes,penalty,wicket_type,player_dismissed,other_wicket_type,other_player_dismissed
1124666,2017/18,2017-11-19,"SuperSport Park, Centurion",1,0.1,Cape Cobras,Titans,HM Amla,WD Parnell,JA Morkel,0,0,,,,,,,,,
1124666,2017/18,2017-11-19,"SuperSport Park, Centurion",1,0.2,Cape Cobras,Titans,HM Amla,WD Parnell,JA Morkel,0,1,1,,,,,,,,
1124666,2017/18,2017-11-19,"SuperSport Park, Centurion",1,0.3,Cape Cobras,Titans,HM Amla,WD Parnell,JA Morkel,1,0,,,,,,,,,
1124666,2017/18,2017-11-19,"SuperSport Park, Centurion",1,0.4,Cape Cobras,Titans,WD Parnell,HM Amla,JA Morkel,1,0,,,,,,,,,
1124666,2017/18,2017-11-19,"SuperSport Park, Centurion",1,0.5,Cape Cobras,Titans,HM Amla,WD Parnell,JA Morkel,2,0,,,,,,,,,
1124666,2017/18,2017-11-19,"SuperSport Park, Centurion",1,0.6,Cape Cobras,Titans,HM Amla,WD Parnell,JA Morkel,0,0,,,,,,,,,
1124666,2017/18,2017-11-19,"SuperSport Park, Centurion",1,0.7,Cape Cobras,Titans,HM Amla,WD Parnell,JA Morkel,1,0,,,,,,,,,
1124666,2017/18,2017-11-19,"SuperSport Park, Centurion",1,1.1,Cape Cobras,Titans,HM Amla,WD Parnell,DW Steyn,1,0,,,,,,,,,
1124666,2017/18,2017-11-19,"SuperSport Park, Centurion",1,1.2,Cape Cobras,Titans,WD Parnell,HM Amla,DW Steyn,0,0,,,,,,,,,
1124666,2017/18,2017-11-19,"SuperSport Park, Centurion",1,1.3,Cape Cobras,Titans,WD Parnell,HM Amla,DW Steyn,0,0,,,,,,,,,
1124666,2017/18,2017-11-19,"SuperSport Park, Centurion",1,1.4,Cape Cobras,Titans,WD Parnell,HM Amla,DW Steyn,1,0,,,,,,,,,
1124666,2017/18,2017-11-19,"SuperSport Park, Centurion",1,1.5,Cape Cobras,Titans,HM Amla,WD Parnell,DW Steyn,0,1,,,,1,,,,,
1124666,2017/18,2017-11-19,"SuperSport Park, Centurion",1,1.6,Cape Cobras,Titans,WD Parnell,HM Amla,DW Steyn,0,0,,,,,,caught,WD Parnell,,
1124666,2017/18,2017-11-19,"SuperSport Park, Centurion",1,2.1,Cape Cobras,Titans,T Bavuma,HM Amla,L Ngidi,1,0,,,,,,,,,
1124666,2017/18,2017-11-19,"SuperSport Park, Centurion",1,2.2,Cape Cobras,Titans,HM Amla,T Bavuma,L Ngidi,6,0,,,,,,,,,
1124666,2017/18,2017-11-19,"SuperSport Park, Centurion",1,2.3,Cape Cobras,Titans,HM Amla,T Bavuma,L Ngidi,1,0,,,,,,,,,
1124666,2017/18,2017-11-19,"SuperSport Park, Centurion",1,2.4,Cape Cobras,Titans,T Bavuma,HM Amla,L Ngidi,4,0,,,,,,,,,
1124666,2017/18,2017-11-19,"SuperSport Park, Centurion",1,2.5,Cape Cobras,Titans,T Bavuma,HM Amla,L Ngidi,1,0,,,,,,,,,
1124666,2017/18,2017-11-19,"SuperSport Park, Centurion",1,2.6,Cape Cobras,Titans,HM Amla,T Bavuma,L Ngidi,0,0,,,,,,caught,HM Amla,,
1124666,2017/18,2017-11-19,"SuperSport Park, Centurion",1,3.1,Cape Cobras,Titans,JP Duminy,T Bavuma,DW Steyn,1,0,,,,,,,,,
1124666,2017/18,2017-11-19,"SuperSport Park, Centurion",1,3.2,Cape Cobras,Titans,T Bavuma,JP Duminy,DW Steyn,0,0,,,,,,,,,
1124666,2017/18,2017-11-19,"SuperSport Park, Centurion",1,3.3,Cape Cobras,Titans,T Bavuma,JP Duminy,DW Steyn,4,0,,,,,,,,,
1124666,2017/18,2017-11-19,"SuperSport Park, Centurion",1,3.4,Cape Cobras,Titans,T Bavuma,JP Duminy,DW Steyn,1,0,,,,,,,,,
1124666,2017/18,2017-11-19,"SuperSport Park, Centurion",1,3.5,Cape Cobras,Titans,JP Duminy,T Bavuma,DW Steyn,1,0,,,,,,,,,
1124666,2017/18,2017-11-19,"SuperSport Park, Centurion",1,3.6,Cape Cobras,Titans,T Bavuma,JP Duminy,DW Steyn,1,0,,,,,,,,,
1124666,2017/18,2017-11-19,"SuperSport Park, Centurion",1,4.1,Cape Cobras,Titans,T Bavuma,JP Duminy,L Ngidi,0,0,,,,,,,,,
1124666,2017/18,2017-11-19,"SuperSport Park, Centurion",1,4.2,Cape Cobras,Titans,T Bavuma,JP Duminy,L Ngidi,0,0,,,,,,,,,
1124666,2017/18,2017-11-19,"SuperSport Park, Centurion",1,4.3,Cape Cobras,Titans,T Bavuma,JP Duminy,L Ngidi,0,0,,,,,,,,,
1124666,2017/18,2017-11-19,"SuperSport Park, Centurion",1,4.4,Cape Cobras,Titans,T Bavuma,JP Duminy,L Ngidi,4,0,,,,,,,,,
1124666,2017/18,2017-11-19,"SuperSport Park, Centurion",1,4.5,Cape Cobras,Titans,T Bavuma,JP Duminy,L Ngidi,2,0,,,,,,,,,
1124666,2017/18,2017-11-19,"SuperSport Park, Centurion",1,4.6,Cape Cobras,Titans,T Bavuma,JP Duminy,L Ngidi,0,0,,,,,,,,,
1124666,2017/18,2017-11-19,"SuperSport Park, Centurion",1,5.1,Cape Cobras,Titans,JP Duminy,T Bavuma,CJ Dala,0,0,,,,,,,,,
1124666,2017/18,2017-11-19,"SuperSport Park, Centurion",1,5.2,Cape Cobras,Titans,JP Duminy,T Bavuma,CJ Dala,0,0,,,,,,,,,
1124666,2017/18,2017-11-19,"SuperSport Park, Centurion",1,5.3,Cape Cobras,Titans,JP Duminy,T Bavuma,CJ Dala,1,0,,,,,,,,,
1124666,2017/18,2017-11-19,"SuperSport Park, Centurion",1,5.4,Cape Cobras,Titans,T Bavuma,JP Duminy,CJ Dala,4,0,,,,,,,,,
1124666,2017/18,2017-11-19,"SuperSport Park, Centurion",1,5.5,Cape Cobras,Titans,T Bavuma,JP Duminy,CJ Dala,1,0,,,,,,,,,
1124666,2017/18,2017-11-19,"SuperSport Park, Centurion",1,5.6,Cape Cobras,Titans,JP Duminy,T Bavuma,CJ Dala,4,0,,,,,,,,,
1124666,2017/18,2017-11-19,"SuperSport Park, Centurion",1,6.1,Cape Cobras,Titans,T Bavuma,JP Duminy,T Shamsi,0,0,,,,,,,,,
1124666,2017/18,2017-11-19,"SuperSport Park, Centurion",1,6.2,Cape Cobras,Titans,T Bavuma,JP Duminy,T Shamsi,1,0,,,,,,,,,
1124666,2017/18,2017-11-19,"SuperSport Park, Centurion",1,6.3,Cape Cobras,Titans,JP Duminy,T Bavuma,T Shamsi,1,0,,,,,,,,,
1124666,2017/18,2017-11-19,"SuperSport Park, Centurion",1,6.4,Cape Cobras,Titans,T Bavuma,JP Duminy,T Shamsi,1,0,,,,,,,,,
1124666,2017/18,2017-11-19,"SuperSport Park, Centurion",1,6.5,Cape Cobras,Titans,JP Duminy,T Bavuma,T Shamsi,1,0,,,,,,,,,
1124666,2017/18,2017-11-19,"SuperSport Park, Centurion",1,6.6,Cape Cobras,Titans,T Bavuma,JP Duminy,T Shamsi,1,0,,,,,,,,,
1124666,2017/18,2017-11-19,"SuperSport Park, Centurion",1,7.1,Cape Cobras,Titans,T Bavuma,JP Duminy,AK Markram,1,0,,,,,,,,,
1124666,2017/18,2017-11-19,"SuperSport Park, Centurion",1,7.2,Cape Cobras,Titans,JP Duminy,T Bavuma,AK Markram,0,0,,,,,,,,,
1124666,2017/18,2017-11-19,"SuperSport Park, Centurion",1,7.3,Cape Cobras,Titans,JP Duminy,T Bavuma,AK Markram,0,0,,,,,,,,,
1124666,2017/18,2017-11-19,"SuperSport Park, Centurion",1,7.4,Cape Cobras,Titans,JP Duminy,T Bavuma,AK Markram,1,0,,,,,,,,,
1124666,2017/18,2017-11-19,"SuperSport Park, Centurion",1,7.5,Cape Cobras,Titans,T Bavuma,JP Duminy,AK Markram,0,0,,,,,,caught,T Bavuma,,
1124666,2017/18,2017-11-19,"SuperSport Park, Centurion",1,7.6,Cape Cobras,Titans,JP Duminy,JF Smith,AK Markram,1,0,,,,,,,,,
1124666,2017/18,2017-11-19,"SuperSport Park, Centurion",1,8.1,Cape Cobras,Titans,JP Duminy,JF Smith,T Shamsi,1,0,,,,,,,,,
1124666,2017/18,2017-11-19,"SuperSport Park, Centurion",1,8.2,Cape Cobras,Titans,JF Smith,JP Duminy,T Shamsi,0,0,,,,,,,,,
1124666,2017/18,2017-11-19,"SuperSport Park, Centurion",1,8.3,Cape Cobras,Titans,JF Smith,JP Duminy,T Shamsi,0,0,,,,,,,,,
1124666,2017/18,2017-11-19,"SuperSport Park, Centurion",1,8.4,Cape Cobras,Titans,JF Smith,JP Duminy,T Shamsi,1,0,,,,,,,,,
1124666,2017/18,2017-11-19,"SuperSport Park, Centurion",1,8.5,Cape Cobras,Titans,JP Duminy,JF Smith,T Shamsi,1,0,,,,,,,,,
1124666,2017/18,2017-11-19,"SuperSport Park, Centurion",1,8.6,Cape Cobras,Titans,JF Smith,JP Duminy,T Shamsi,0,0,,,,,,,,,
1124666,2017/18,2017-11-19,"SuperSport Park, Centurion",1,9.1,Cape Cobras,Titans,JP Duminy,JF Smith,AK Markram,1,0,,,,,,,,,
1124666,2017/18,2017-11-19,"SuperSport Park, Centurion",1,9.2,Cape Cobras,Titans,JF Smith,JP Duminy,AK Markram,1,0,,,,,,,,,
1124666,2017/18,2017-11-19,"SuperSport Park, Centurion",1,9.3,Cape Cobras,Titans,JP Duminy,JF Smith,AK Markram,1,0,,,,,,,,,
1124666,2017/18,2017-11-19,"SuperSport Park, Centurion",1,9.4,Cape Cobras,Titans,JF Smith,JP Duminy,AK Markram,1,0,,,,,,,,,
1124666,2017/18,2017-11-19,"SuperSport Park, Centurion",1,9.5,Cape Cobras,Titans,JP Duminy,JF Smith,AK Markram,1,0,,,,,,,,,
1124666,2017/18,2017-11-19,"SuperSport Park, Centurion",1,9.6,Cape Cobras,Titans,JF Smith,JP Duminy,AK Markram,1,0,,,,,,,,,
1124666,2017/18,2017-11-19,"SuperSport Park, Centurion",1,10.1,Cape Cobras,Titans,JF Smith,JP Duminy,T Shamsi,2,0,,,,,,,,,
1124666,2017/18,2017-11-19,"SuperSport Park, Centurion",1,10.2,Cape Cobras,Titans,JF Smith,JP Duminy,T Shamsi,1,0,,,,,,,,,
1124666,2017/18,2017-11-19,"SuperSport Park, Centurion",1,10.3,Cape Cobras,Titans,JP Duminy,JF Smith,T Shamsi,1,0,,,,,,,,,
1124666,2017/18,2017-11-19,"SuperSport Park, Centurion",1,10.4,Cape Cobras,Titans,JF Smith,JP Duminy,T Shamsi,0,0,,,,,,,,,
1124666,2017/18,2017-11-19,"SuperSport Park, Centurion",1,10.5,Cape Cobras,Titans,JF Smith,JP Duminy,T Shamsi,0,0,,,,,,bowled,JF Smith,,
1124666,2017/18,2017-11-19,"SuperSport Park, Centurion",1,10.6,Cape Cobras,Titans,A Mgijima,JP Duminy,T Shamsi,0,0,,,,,,,,,
1124666,2017/18,2017-11-19,"SuperSport Park, Centurion",1,11.1,Cape Cobras,Titans,JP Duminy,A Mgijima,AK Markram,0,0,,,,,,run out,A Mgijima,,
1124666,2017/18,2017-11-19,"SuperSport Park, Centurion",1,11.2,Cape Cobras,Titans,JP Duminy,MQ Adams,AK Markram,1,0,,,,,,,,,
1124666,2017/18,2017-11-19,"SuperSport Park, Centurion",1,11.3,Cape Cobras,Titans,MQ Adams,JP Duminy,AK Markram,0,0,,,,,,,,,
1124666,2017/18,2017-11-19,"SuperSport Park, Centurion",1,11.4,Cape Cobras,Titans,MQ Adams,JP Duminy,AK Markram,1,0,,,,,,,,,
1124666,2017/18,2017-11-19,"SuperSport Park, Centurion",1,11.5,Cape Cobras,Titans,JP Duminy,MQ Adams,AK Markram,1,0,,,,,,,,,
1124666,2017/18,2017-11-19,"SuperSport Park, Centurion",1,11.6,Cape Cobras,Titans,MQ Adams,JP Duminy,AK Markram,0,0,,,,,,,,,
1124666,2017/18,2017-11-19,"SuperSport Park, Centurion",1,12.1,Cape Cobras,Titans,JP Duminy,MQ Adams,T Shamsi,0,0,,,,,,,,,
1124666,2017/18,2017-11-19,"SuperSport Park, Centurion",1,12.2,Cape Cobras,Titans,JP Duminy,MQ Adams,T Shamsi,1,0,,,,,,,,,
1124666,2017/18,2017-11-19,"SuperSport Park, Centurion",1,12.3,Cape Cobras,Titans,MQ Adams,JP Duminy,T Shamsi,1,0,,,,,,,,,
1124666,2017/18,2017-11-19,"SuperSport Park, Centurion",1,12.4,Cape Cobras,Titans,JP Duminy,MQ Adams,T Shamsi,1,0,,,,,,,,,
1124666,2017/18,2017-11-19,"SuperSport Park, Centurion",1,12.5,Cape Cobras,Titans,MQ Adams,JP Duminy,T Shamsi,1,0,,,,,,,,,
1124666,2017/18,2017-11-19,"SuperSport Park, Centurion",1,12.6,Cape Cobras,Titans,JP Duminy,MQ Adams,T Shamsi,0,0,,,,,,,,,
1124666,2017/18,2017-11-19,"SuperSport Park, Centurion",1,13.1,Cape Cobras,Titans,MQ Adams,JP Duminy,DW Steyn,1,0,,,,,,,,,
1124666,2017/18,2017-11-19,"SuperSport Park, Centurion",1,13.2,Cape Cobras,Titans,JP Duminy,MQ Adams,DW Steyn,1,0,,,,,,,,,
1124666,2017/18,2017-11-19,"SuperSport Park, Centurion",1,13.3,Cape Cobras,Titans,MQ Adams,JP Duminy,DW Steyn,0,0,,,,,,,,,
1124666,2017/18,2017-11-19,"SuperSport Park, Centurion",1,13.4,Cape Cobras,Titans,MQ Adams,JP Duminy,DW Steyn,1,0,,,,,,,,,
1124666,2017/18,2017-11-19,"SuperSport Park, Centurion",1,13.5,Cape Cobras,Titans,JP Duminy,MQ Adams,DW Steyn,1,0,,,,,,,,,
1124666,2017/18,2017-11-19,"SuperSport Park, Centurion",1,13.6,Cape Cobras,Titans,MQ Adams,JP Duminy,DW Steyn,1,0,,,,,,,,,
1124666,2017/18,2017-11-19,"SuperSport Park, Centurion",1,14.1,Cape Cobras,Titans,MQ Adams,JP Duminy,AK Markram,1,0,,,,,,,,,
1124666,2017/18,2017-11-19,"SuperSport Park, Centurion",1,14.2,Cape Cobras,Titans,JP Duminy,MQ Adams,AK Markram,6,0,,,,,,,,,
1124666,2017/18,2017-11-19,"SuperSport Park, Centurion",1,14.3,Cape Cobras,Titans,JP Duminy,MQ Adams,AK Markram,0,0,,,,,,,,,
1124666,2017/18,2017-11-19,"SuperSport Park, Centurion",1,14.4,Cape Cobras,Titans,JP Duminy,MQ Adams,AK Markram,0,0,,,,,,,,,
1124666,2017/18,2017-11-19,"SuperSport Park, Centurion",1,14.5,Cape Cobras,Titans,JP Duminy,MQ Adams,AK Markram,0,1,,,,1,,,,,
1124666,2017/18,2017-11-19,"SuperSport Park, Centurion",1,14.6,Cape Cobras,Titans,MQ Adams,JP Duminy,AK Markram,1,0,,,,,,,,,
1124666,2017/18,2017-11-19,"SuperSport Park, Centurion",1,15.1,Cape Cobras,Titans,MQ Adams,JP Duminy,DW Steyn,0,0,,,,,,caught,MQ Adams,,
1124666,2017/18,2017-11-19,"SuperSport Park, Centurion",1,15.2,Cape Cobras,Titans,JP Duminy,VD Philander,DW Steyn,0,0,,,,,,,,,
1124666,2017/18,2017-11-19,"SuperSport Park, Centurion",1,15.3,Cape Cobras,Titans,JP Duminy,VD Philander,DW Steyn,0,0,,,,,,,,,
1124666,2017/18,2017-11-19,"SuperSport Park, Centurion",1,15.4,Cape Cobras,Titans,JP Duminy,VD Philander,DW Steyn,0,0,,,,,,,,,
1124666,2017/18,2017-11-19,"SuperSport Park, Centurion",1,15.5,Cape Cobras,Titans,JP Duminy,VD Philander,DW Steyn,0,0,,,,,,,,,
1124666,2017/18,2017-11-19,"SuperSport Park, Centurion",1,15.6,Cape Cobras,Titans,JP Duminy,VD Philander,DW Steyn,1,0,,,,,,,,,
1124666,2017/18,2017-11-19,"SuperSport Park, Centurion",1,16.1,Cape Cobras,Titans,JP Duminy,VD Philander,MP Siboto,4,0,,,,,,,,,
1124666,2017/18,2017-11-19,"SuperSport Park, Centurion",1,16.2,Cape Cobras,Titans,JP Duminy,VD Philander,MP Siboto,1,0,,,,,,,,,
1124666,2017/18,2017-11-19,"SuperSport Park, Centurion",1,16.3,Cape Cobras,Titans,VD Philander,JP Duminy,MP Siboto,1,0,,,,,,,,,
1124666,2017/18,2017-11-19,"SuperSport Park, Centurion",1,16.4,Cape Cobras,Titans,JP Duminy,VD Philander,MP Siboto,0,1,1,,,,,,,,
1124666,2017/18,2017-11-19,"SuperSport Park, Centurion",1,16.5,Cape Cobras,Titans,JP Duminy,VD Philander,MP Siboto,0,0,,,,,,,,,
1124666,2017/18,2017-11-19,"SuperSport Park, Centurion",1,16.6,Cape Cobras,Titans,JP Duminy,VD Philander,MP Siboto,1,0,,,,,,,,,
1124666,2017/18,2017-11-19,"SuperSport Park, Centurion",1,16.7,Cape Cobras,Titans,VD Philander,JP Duminy,MP Siboto,0,0,,,,,,bowled,VD Philander,,
1124666,2017/18,2017-11-19,"SuperSport Park, Centurion",1,17.1,Cape Cobras,Titans,JP Duminy,GF Linde,L Ngidi,4,0,,,,,,,,,
1124666,2017/18,2017-11-19,"SuperSport Park, Centurion",1,17.2,Cape Cobras,Titans,JP Duminy,GF Linde,L Ngidi,0,1,,,,1,,,,,
1124666,2017/18,2017-11-19,"SuperSport Park, Centurion",1,17.3,Cape Cobras,Titans,GF Linde,JP Duminy,L Ngidi,0,0,,,,,,,,,
1124666,2017/18,2017-11-19,"SuperSport Park, Centurion",1,17.4,Cape Cobras,Titans,GF Linde,JP Duminy,L Ngidi,0,1,1,,,,,,,,
1124666,2017/18,2017-11-19,"SuperSport Park, Centurion",1,17.5,Cape Cobras,Titans,GF Linde,JP Duminy,L Ngidi,4,0,,,,,,,,,
1124666,2017/18,2017-11-19,"SuperSport Park, Centurion",1,17.6,Cape Cobras,Titans,GF Linde,JP Duminy,L Ngidi,0,0,,,,,,,,,
1124666,2017/18,2017-11-19,"SuperSport Park, Centurion",1,17.7,Cape Cobras,Titans,GF Linde,JP Duminy,L Ngidi,1,0,,,,,,,,,
1124666,2017/18,2017-11-19,"SuperSport Park, Centurion",1,18.1,Cape Cobras,Titans,GF Linde,JP Duminy,MP Siboto,0,0,,,,,,,,,
1124666,2017/18,2017-11-19,"SuperSport Park, Centurion",1,18.2,Cape Cobras,Titans,GF Linde,JP Duminy,MP Siboto,4,0,,,,,,,,,
1124666,2017/18,2017-11-19,"SuperSport Park, Centurion",1,18.3,Cape Cobras,Titans,GF Linde,JP Duminy,MP Siboto,2,0,,,,,,,,,
1124666,2017/18,2017-11-19,"SuperSport Park, Centurion",1,18.4,Cape Cobras,Titans,GF Linde,JP Duminy,MP Siboto,1,0,,,,,,,,,
1124666,2017/18,2017-11-19,"SuperSport Park, Centurion",1,18.5,Cape Cobras,Titans,JP Duminy,GF Linde,MP Siboto,0,0,,,,,,caught,JP Duminy,,
1124666,2017/18,2017-11-19,"SuperSport Park, Centurion",1,18.6,Cape Cobras,Titans,GF Linde,D Paterson,MP Siboto,1,0,,,,,,,,,
1124666,2017/18,2017-11-19,"SuperSport Park, Centurion",1,19.1,Cape Cobras,Titans,GF Linde,D Paterson,L Ngidi,0,1,1,,,,,,,,
1124666,2017/18,2017-11-19,"SuperSport Park, Centurion",1,19.2,Cape Cobras,Titans,GF Linde,D Paterson,L Ngidi,1,0,,,,,,,,,
1124666,2017/18,2017-11-19,"SuperSport Park, Centurion",1,19.3,Cape Cobras,Titans,D Paterson,GF Linde,L Ngidi,0,0,,,,,,caught and bowled,D Paterson,,
1124666,2017/18,2017-11-19,"SuperSport Park, Centurion",1,19.4,Cape Cobras,Titans,GF Linde,M Nabe,L Ngidi,0,0,,,,,,,,,
1124666,2017/18,2017-11-19,"SuperSport Park, Centurion",1,19.5,Cape Cobras,Titans,GF Linde,M Nabe,L Ngidi,0,0,,,,,,,,,
1124666,2017/18,2017-11-19,"SuperSport Park, Centurion",1,19.6,Cape Cobras,Titans,GF Linde,M Nabe,L Ngidi,1,0,,,,,,,,,
1124666,2017/18,2017-11-19,"SuperSport Park, Centurion",1,19.7,Cape Cobras,Titans,M Nabe,GF Linde,L Ngidi,0,0,,,,,,,,,
1124666,2017/18,2017-11-19,"SuperSport Park, Centurion",2,0.1,Titans,Cape Cobras,Q de Kock,H Davids,VD Philander,0,0,,,,,,,,,
1124666,2017/18,2017-11-19,"SuperSport Park, Centurion",2,0.2,Titans,Cape Cobras,Q de Kock,H Davids,VD Philander,0,0,,,,,,,,,
1124666,2017/18,2017-11-19,"SuperSport Park, Centurion",2,0.3,Titans,Cape Cobras,Q de Kock,H Davids,VD Philander,0,1,1,,,,,,,,
1124666,2017/18,2017-11-19,"SuperSport Park, Centurion",2,0.4,Titans,Cape Cobras,Q de Kock,H Davids,VD Philander,0,1,1,,,,,,,,
1124666,2017/18,2017-11-19,"SuperSport Park, Centurion",2,0.5,Titans,Cape Cobras,Q de Kock,H Davids,VD Philander,0,0,,,,,,,,,
1124666,2017/18,2017-11-19,"SuperSport Park, Centurion",2,0.6,Titans,Cape Cobras,Q de Kock,H Davids,VD Philander,0,1,1,,,,,,,,
1124666,2017/18,2017-11-19,"SuperSport Park, Centurion",2,0.7,Titans,Cape Cobras,Q de Kock,H Davids,VD Philander,0,0,,,,,,caught,Q de Kock,,
1124666,2017/18,2017-11-19,"SuperSport Park, Centurion",2,0.8,Titans,Cape Cobras,AK Markram,H Davids,VD Philander,0,0,,,,,,,,,
1124666,2017/18,2017-11-19,"SuperSport Park, Centurion",2,0.9,Titans,Cape Cobras,AK Markram,H Davids,VD Philander,1,0,,,,,,,,,
1124666,2017/18,2017-11-19,"SuperSport Park, Centurion",2,1.1,Titans,Cape Cobras,AK Markram,H Davids,D Paterson,0,0,,,,,,,,,
1124666,2017/18,2017-11-19,"SuperSport Park, Centurion",2,1.2,Titans,Cape Cobras,AK Markram,H Davids,D Paterson,0,0,,,,,,,,,
1124666,2017/18,2017-11-19,"SuperSport Park, Centurion",2,1.3,Titans,Cape Cobras,AK Markram,H Davids,D Paterson,0,0,,,,,,,,,
1124666,2017/18,2017-11-19,"SuperSport Park, Centurion",2,1.4,Titans,Cape Cobras,AK Markram,H Davids,D Paterson,0,5,5,,,,,,,,
1124666,2017/18,2017-11-19,"SuperSport Park, Centurion",2,1.5,Titans,Cape Cobras,AK Markram,H Davids,D Paterson,0,0,,,,,,,,,
1124666,2017/18,2017-11-19,"SuperSport Park, Centurion",2,1.6,Titans,Cape Cobras,AK Markram,H Davids,D Paterson,4,0,,,,,,,,,
1124666,2017/18,2017-11-19,"SuperSport Park, Centurion",2,1.7,Titans,Cape Cobras,AK Markram,H Davids,D Paterson,0,0,,,,,,,,,
1124666,2017/18,2017-11-19,"SuperSport Park, Centurion",2,2.1,Titans,Cape Cobras,H Davids,AK Markram,VD Philander,0,0,,,,,,,,,
1124666,2017/18,2017-11-19,"SuperSport Park, Centurion",2,2.2,Titans,Cape Cobras,H Davids,AK Markram,VD Philander,0,0,,,,,,,,,
1124666,2017/18,2017-11-19,"SuperSport Park, Centurion",2,2.3,Titans,Cape Cobras,H Davids,AK Markram,VD Philander,0,0,,,,,,caught,H Davids,,
1124666,2017/18,2017-11-19,"SuperSport Park, Centurion",2,2.4,Titans,Cape Cobras,AB de Villiers,AK Markram,VD Philander,1,0,,,,,,,,,
1124666,2017/18,2017-11-19,"SuperSport Park, Centurion",2,2.5,Titans,Cape Cobras,AK Markram,AB de Villiers,VD Philander,1,0,,,,,,,,,
1124666,2017/18,2017-11-19,"SuperSport Park, Centurion",2,2.6,Titans,Cape Cobras,AB de Villiers,AK Markram,VD Philander,1,0,,,,,,,,,
1124666,2017/18,2017-11-19,"SuperSport Park, Centurion",2,3.1,Titans,Cape Cobras,AB de Villiers,AK Markram,D Paterson,1,0,,,,,,,,,
1124666,2017/18,2017-11-19,"SuperSport Park, Centurion",2,3.2,Titans,Cape Cobras,AK Markram,AB de Villiers,D Paterson,0,0,,,,,,,,,
1124666,2017/18,2017-11-19,"SuperSport Park, Centurion",2,3.3,Titans,Cape Cobras,AK Markram,AB de Villiers,D Paterson,0,0,,,,,,,,,
1124666,2017/18,2017-11-19,"SuperSport Park, Centurion",2,3.4,Titans,Cape Cobras,AK Markram,AB de Villiers,D Paterson,2,0,,,,,,,,,
1124666,2017/18,2017-11-19,"SuperSport Park, Centurion",2,3.5,Titans,Cape Cobras,AK Markram,AB de Villiers,D Paterson,0,0,,,,,,,,,
1124666,2017/18,2017-11-19,"SuperSport Park, Centurion",2,3.6,Titans,Cape Cobras,AK Markram,AB de Villiers,D Paterson,0,0,,,,,,,,,
1124666,2017/18,2017-11-19,"SuperSport Park, Centurion",2,4.1,Titans,Cape Cobras,AB de Villiers,AK Markram,VD Philander,4,0,,,,,,,,,
1124666,2017/18,2017-11-19,"SuperSport Park, Centurion",2,4.2,Titans,Cape Cobras,AB de Villiers,AK Markram,VD Philander,4,0,,,,,,,,,
1124666,2017/18,2017-11-19,"SuperSport Park, Centurion",2,4.3,Titans,Cape Cobras,AB de Villiers,AK Markram,VD Philander,0,0,,,,,,,,,
1124666,2017/18,2017-11-19,"SuperSport Park, Centurion",2,4.4,Titans,Cape Cobras,AB de Villiers,AK Markram,VD Philander,0,0,,,,,,,,,
1124666,2017/18,2017-11-19,"SuperSport Park, Centurion",2,4.5,Titans,Cape Cobras,AB de Villiers,AK Markram,VD Philander,0,0,,,,,,,,,
1124666,2017/18,2017-11-19,"SuperSport Park, Centurion",2,4.6,Titans,Cape Cobras,AB de Villiers,AK Markram,VD Philander,1,0,,,,,,,,,
1124666,2017/18,2017-11-19,"SuperSport Park, Centurion",2,5.1,Titans,Cape Cobras,AB de Villiers,AK Markram,WD Parnell,4,0,,,,,,,,,
1124666,2017/18,2017-11-19,"SuperSport Park, Centurion",2,5.2,Titans,Cape Cobras,AB de Villiers,AK Markram,WD Parnell,4,0,,,,,,,,,
1124666,2017/18,2017-11-19,"SuperSport Park, Centurion",2,5.3,Titans,Cape Cobras,AB de Villiers,AK Markram,WD Parnell,0,1,1,,,,,,,,
1124666,2017/18,2017-11-19,"SuperSport Park, Centurion",2,5.4,Titans,Cape Cobras,AB de Villiers,AK Markram,WD Parnell,4,0,,,,,,,,,
1124666,2017/18,2017-11-19,"SuperSport Park, Centurion",2,5.5,Titans,Cape Cobras,AB de Villiers,AK Markram,WD Parnell,1,0,,,,,,,,,
1124666,2017/18,2017-11-19,"SuperSport Park, Centurion",2,5.6,Titans,Cape Cobras,AK Markram,AB de Villiers,WD Parnell,1,0,,,,,,,,,
1124666,2017/18,2017-11-19,"SuperSport Park, Centurion",2,5.7,Titans,Cape Cobras,AB de Villiers,AK Markram,WD Parnell,4,0,,,,,,,,,
1124666,2017/18,2017-11-19,"SuperSport Park, Centurion",2,6.1,Titans,Cape Cobras,AK Markram,AB de Villiers,M Nabe,0,1,1,,,,,,,,
1124666,2017/18,2017-11-19,"SuperSport Park, Centurion",2,6.2,Titans,Cape Cobras,AK Markram,AB de Villiers,M Nabe,2,0,,,,,,,,,
1124666,2017/18,2017-11-19,"SuperSport Park, Centurion",2,6.3,Titans,Cape Cobras,AK Markram,AB de Villiers,M Nabe,6,0,,,,,,,,,
1124666,2017/18,2017-11-19,"SuperSport Park, Centurion",2,6.4,Titans,Cape Cobras,AK Markram,AB de Villiers,M Nabe,4,0,,,,,,,,,
1124666,2017/18,2017-11-19,"SuperSport Park, Centurion",2,6.5,Titans,Cape Cobras,AK Markram,AB de Villiers,M Nabe,0,4,,,,4,,,,,
1124666,2017/18,2017-11-19,"SuperSport Park, Centurion",2,6.6,Titans,Cape Cobras,AK Markram,AB de Villiers,M Nabe,1,0,,,,,,,,,
1124666,2017/18,2017-11-19,"SuperSport Park, Centurion",2,6.7,Titans,Cape Cobras,AB de Villiers,AK Markram,M Nabe,1,0,,,,,,,,,
1124666,2017/18,2017-11-19,"SuperSport Park, Centurion",2,7.1,Titans,Cape Cobras,AB de Villiers,AK Markram,GF Linde,1,0,,,,,,,,,
1124666,2017/18,2017-11-19,"SuperSport Park, Centurion",2,7.2,Titans,Cape Cobras,AK Markram,AB de Villiers,GF Linde,4,0,,,,,,,,,
1124666,2017/18,2017-11-19,"SuperSport Park, Centurion",2,7.3,Titans,Cape Cobras,AK Markram,AB de Villiers,GF Linde,1,0,,,,,,,,,
1124666,2017/18,2017-11-19,"SuperSport Park, Centurion",2,7.4,Titans,Cape Cobras,AB de Villiers,AK Markram,GF Linde,0,0,,,,,,,,,
1124666,2017/18,2017-11-19,"SuperSport Park, Centurion",2,7.5,Titans,Cape Cobras,AB de Villiers,AK Markram,GF Linde,0,0,,,,,,,,,
1124666,2017/18,2017-11-19,"SuperSport Park, Centurion",2,7.6,Titans,Cape Cobras,AB de Villiers,AK Markram,GF Linde,0,2,2,,,,,,,,
1124666,2017/18,2017-11-19,"SuperSport Park, Centurion",2,7.7,Titans,Cape Cobras,AK Markram,AB de Villiers,GF Linde,1,0,,,,,,,,,
1124666,2017/18,2017-11-19,"SuperSport Park, Centurion",2,8.1,Titans,Cape Cobras,AK Markram,AB de Villiers,M Nabe,1,0,,,,,,,,,
1124666,2017/18,2017-11-19,"SuperSport Park, Centurion",2,8.2,Titans,Cape Cobras,AB de Villiers,AK Markram,M Nabe,0,1,1,,,,,,,,
1124666,2017/18,2017-11-19,"SuperSport Park, Centurion",2,8.3,Titans,Cape Cobras,AB de Villiers,AK Markram,M Nabe,2,0,,,,,,,,,
1124666,2017/18,2017-11-19,"SuperSport Park, Centurion",2,8.4,Titans,Cape Cobras,AB de Villiers,AK Markram,M Nabe,4,0,,,,,,,,,
1124666,2017/18,2017-11-19,"SuperSport Park, Centurion",2,8.5,Titans,Cape Cobras,AB de Villiers,AK Markram,M Nabe,0,0,,,,,,,,,
1124666,2017/18,2017-11-19,"SuperSport Park, Centurion",2,8.6,Titans,Cape Cobras,AB de Villiers,AK Markram,M Nabe,0,0,,,,,,caught,AB de Villiers,,
1124666,2017/18,2017-11-19,"SuperSport Park, Centurion",2,8.7,Titans,Cape Cobras,F Behardien,AK Markram,M Nabe,0,0,,,,,,,,,
1124666,2017/18,2017-11-19,"SuperSport Park, Centurion",2,9.1,Titans,Cape Cobras,AK Markram,F Behardien,GF Linde,1,0,,,,,,,,,
1124666,2017/18,2017-11-19,"SuperSport Park, Centurion",2,9.2,Titans,Cape Cobras,F Behardien,AK Markram,GF Linde,3,0,,,,,,,,,
1124666,2017/18,2017-11-19,"SuperSport Park, Centurion",2,9.3,Titans,Cape Cobras,AK Markram,F Behardien,GF Linde,1,0,,,,,,,,,
1124666,2017/18,2017-11-19,"SuperSport Park, Centurion",2,9.4,Titans,Cape Cobras,F Behardien,AK Markram,GF Linde,1,0,,,,,,,,,
1124666,2017/18,2017-11-19,"SuperSport Park, Centurion",2,9.5,Titans,Cape Cobras,AK Markram,F Behardien,GF Linde,0,0,,,,,,,,,
1124666,2017/18,2017-11-19,"SuperSport Park, Centurion",2,9.6,Titans,Cape Cobras,AK Markram,F Behardien,GF Linde,1,0,,,,,,,,,
1124666,2017/18,2017-11-19,"SuperSport Park, Centurion",2,10.1,Titans,Cape Cobras,AK Markram,F Behardien,D Paterson,1,0,,,,,,,,,
1124666,2017/18,2017-11-19,"SuperSport Park, Centurion",2,10.2,Titans,Cape Cobras,F Behardien,AK Markram,D Paterson,1,0,,,,,,,,,
1124666,2017/18,2017-11-19,"SuperSport Park, Centurion",2,10.3,Titans,Cape Cobras,AK Markram,F Behardien,D Paterson,1,0,,,,,,,,,
1124666,2017/18,2017-11-19,"SuperSport Park, Centurion",2,10.4,Titans,Cape Cobras,F Behardien,AK Markram,D Paterson,0,0,,,,,,,,,
1124666,2017/18,2017-11-19,"SuperSport Park, Centurion",2,10.5,Titans,Cape Cobras,F Behardien,AK Markram,D Paterson,0,0,,,,,,,,,
1124666,2017/18,2017-11-19,"SuperSport Park, Centurion",2,10.6,Titans,Cape Cobras,F Behardien,AK Markram,D Paterson,1,0,,,,,,,,,
1124666,2017/18,2017-11-19,"SuperSport Park, Centurion",2,11.1,Titans,Cape Cobras,F Behardien,AK Markram,GF Linde,0,0,,,,,,,,,
1124666,2017/18,2017-11-19,"SuperSport Park, Centurion",2,11.2,Titans,Cape Cobras,F Behardien,AK Markram,GF Linde,0,0,,,,,,,,,
1124666,2017/18,2017-11-19,"SuperSport Park, Centurion",2,11.3,Titans,Cape Cobras,F Behardien,AK Markram,GF Linde,1,0,,,,,,,,,
1124666,2017/18,2017-11-19,"SuperSport Park, Centurion",2,11.4,Titans,Cape Cobras,AK Markram,F Behardien,GF Linde,1,0,,,,,,,,,
1124666,2017/18,2017-11-19,"SuperSport Park, Centurion",2,11.5,Titans,Cape Cobras,F Behardien,AK Markram,GF Linde,0,0,,,,,,,,,
1124666,2017/18,2017-11-19,"SuperSport Park, Centurion",2,11.6,Titans,Cape Cobras,F Behardien,AK Markram,GF Linde,1,0,,,,,,,,,
1124666,2017/18,2017-11-19,"SuperSport Park, Centurion",2,12.1,Titans,Cape Cobras,F Behardien,AK Markram,VD Philander,4,0,,,,,,,,,
1124666,2017/18,2017-11-19,"SuperSport Park, Centurion",2,12.2,Titans,Cape Cobras,F Behardien,AK Markram,VD Philander,1,0,,,,,,,,,
1124666,2017/18,2017-11-19,"SuperSport Park, Centurion",2,12.3,Titans,Cape Cobras,AK Markram,F Behardien,VD Philander,1,0,,,,,,,,,
1124666,2017/18,2017-11-19,"SuperSport Park, Centurion",2,12.4,Titans,Cape Cobras,F Behardien,AK Markram,VD Philander,1,0,,,,,,,,,
1124666,2017/18,2017-11-19,"SuperSport Park, Centurion",2,12.5,Titans,Cape Cobras,AK Markram,F Behardien,VD Philander,4,0,,,,,,,,,
1124666,2017/18,2017-11-19,"SuperSport Park, Centurion",2,12.6,Titans,Cape Cobras,AK Markram,F Behardien,VD Philander,4,0,,,,,,,,,
1124666,2017/18,2017-11-19,"SuperSport Park, Centurion",2,13.1,Titans,Cape Cobras,F Behardien,AK Markram,GF Linde,1,0,,,,,,,,,
1124666,2017/18,2017-11-19,"SuperSport Park, Centurion",2,13.2,Titans,Cape Cobras,AK Markram,F Behardien,GF Linde,6,0,,,,,,,,,
1124666,2017/18,2017-11-19,"SuperSport Park, Centurion",2,13.3,Titans,Cape Cobras,AK Markram,F Behardien,GF Linde,1,0,,,,,,,,,
