match_id,season,start_date,venue,innings,ball,batting_team,bowling_team,striker,non_striker,bowler,runs_off_bat,extras,wides,noballs,byes,legbyes,penalty,wicket_type,player_dismissed,other_wicket_type,other_player_dismissed
1124690,2017/18,2017-12-16,"SuperSport Park, Centurion",1,0.1,Dolphins,Titans,VB van Jaarsveld,MN van Wyk,JA Morkel,1,0,,,,,,,,,
1124690,2017/18,2017-12-16,"SuperSport Park, Centurion",1,0.2,Dolphins,Titans,MN van Wyk,VB van Jaarsveld,JA Morkel,1,0,,,,,,,,,
1124690,2017/18,2017-12-16,"SuperSport Park, Centurion",1,0.3,Dolphins,Titans,VB van Jaarsveld,MN van Wyk,JA Morkel,4,0,,,,,,,,,
1124690,2017/18,2017-12-16,"SuperSport Park, Centurion",1,0.4,Dolphins,Titans,VB van Jaarsveld,MN van Wyk,JA Morkel,0,0,,,,,,,,,
1124690,2017/18,2017-12-16,"SuperSport Park, Centurion",1,0.5,Dolphins,Titans,VB van Jaarsveld,MN van Wyk,JA Morkel,1,0,,,,,,,,,
1124690,2017/18,2017-12-16,"SuperSport Park, Centurion",1,0.6,Dolphins,Titans,MN van Wyk,VB van Jaarsveld,JA Morkel,4,0,,,,,,,,,
1124690,2017/18,2017-12-16,"SuperSport Park, Centurion",1,1.1,Dolphins,Titans,VB van Jaarsveld,MN van Wyk,L Ngidi,0,0,,,,,,,,,
1124690,2017/18,2017-12-16,"SuperSport Park, Centurion",1,1.2,Dolphins,Titans,VB van Jaarsveld,MN van Wyk,L Ngidi,0,0,,,,,,,,,
1124690,2017/18,2017-12-16,"SuperSport Park, Centurion",1,1.3,Dolphins,Titans,VB van Jaarsveld,MN van Wyk,L Ngidi,1,0,,,,,,,,,
1124690,2017/18,2017-12-16,"SuperSport Park, Centurion",1,1.4,Dolphins,Titans,MN van Wyk,VB van Jaarsveld,L Ngidi,0,0,,,,,,,,,
1124690,2017/18,2017-12-16,"SuperSport Park, Centurion",1,1.5,Dolphins,Titans,MN van Wyk,VB van Jaarsveld,L Ngidi,1,0,,,,,,,,,
1124690,2017/18,2017-12-16,"SuperSport Park, Centurion",1,1.6,Dolphins,Titans,VB van Jaarsveld,MN van Wyk,L Ngidi,0,0,,,,,,,,,
1124690,2017/18,2017-12-16,"SuperSport Park, Centurion",1,2.1,Dolphins,Titans,MN van Wyk,VB van Jaarsveld,CH Morris,0,0,,,,,,,,,
1124690,2017/18,2017-12-16,"SuperSport Park, Centurion",1,2.2,Dolphins,Titans,MN van Wyk,VB van Jaarsveld,CH Morris,0,0,,,,,,caught,MN van Wyk,,
1124690,2017/18,2017-12-16,"SuperSport Park, Centurion",1,2.3,Dolphins,Titans,VB van Jaarsveld,SJ Erwee,CH Morris,0,0,,,,,,,,,
1124690,2017/18,2017-12-16,"SuperSport Park, Centurion",1,2.4,Dolphins,Titans,VB van Jaarsveld,SJ Erwee,CH Morris,1,0,,,,,,,,,
1124690,2017/18,2017-12-16,"SuperSport Park, Centurion",1,2.5,Dolphins,Titans,SJ Erwee,VB van Jaarsveld,CH Morris,0,4,,,,4,,,,,
1124690,2017/18,2017-12-16,"SuperSport Park, Centurion",1,2.6,Dolphins,Titans,SJ Erwee,VB van Jaarsveld,CH Morris,0,0,,,,,,,,,
1124690,2017/18,2017-12-16,"SuperSport Park, Centurion",1,3.1,Dolphins,Titans,VB van Jaarsveld,SJ Erwee,L Ngidi,1,0,,,,,,,,,
1124690,2017/18,2017-12-16,"SuperSport Park, Centurion",1,3.2,Dolphins,Titans,SJ Erwee,VB van Jaarsveld,L Ngidi,0,0,,,,,,,,,
1124690,2017/18,2017-12-16,"SuperSport Park, Centurion",1,3.3,Dolphins,Titans,SJ Erwee,VB van Jaarsveld,L Ngidi,1,0,,,,,,,,,
1124690,2017/18,2017-12-16,"SuperSport Park, Centurion",1,3.4,Dolphins,Titans,VB van Jaarsveld,SJ Erwee,L Ngidi,0,0,,,,,,,,,
1124690,2017/18,2017-12-16,"SuperSport Park, Centurion",1,3.5,Dolphins,Titans,VB van Jaarsveld,SJ Erwee,L Ngidi,4,0,,,,,,,,,
1124690,2017/18,2017-12-16,"SuperSport Park, Centurion",1,3.6,Dolphins,Titans,VB van Jaarsveld,SJ Erwee,L Ngidi,1,0,,,,,,,,,
1124690,2017/18,2017-12-16,"SuperSport Park, Centurion",1,4.1,Dolphins,Titans,VB van Jaarsveld,SJ Erwee,CH Morris,0,0,,,,,,,,,
1124690,2017/18,2017-12-16,"SuperSport Park, Centurion",1,4.2,Dolphins,Titans,VB van Jaarsveld,SJ Erwee,CH Morris,0,0,,,,,,caught,VB van Jaarsveld,,
1124690,2017/18,2017-12-16,"SuperSport Park, Centurion",1,4.3,Dolphins,Titans,SJ Erwee,DJ Vilas,CH Morris,0,0,,,,,,,,,
1124690,2017/18,2017-12-16,"SuperSport Park, Centurion",1,4.4,Dolphins,Titans,SJ Erwee,DJ Vilas,CH Morris,0,0,,,,,,,,,
1124690,2017/18,2017-12-16,"SuperSport Park, Centurion",1,4.5,Dolphins,Titans,SJ Erwee,DJ Vilas,CH Morris,1,0,,,,,,,,,
1124690,2017/18,2017-12-16,"SuperSport Park, Centurion",1,4.6,Dolphins,Titans,DJ Vilas,SJ Erwee,CH Morris,0,0,,,,,,,,,
1124690,2017/18,2017-12-16,"SuperSport Park, Centurion",1,5.1,Dolphins,Titans,SJ Erwee,DJ Vilas,L Ngidi,1,0,,,,,,,,,
1124690,2017/18,2017-12-16,"SuperSport Park, Centurion",1,5.2,Dolphins,Titans,DJ Vilas,SJ Erwee,L Ngidi,1,0,,,,,,,,,
1124690,2017/18,2017-12-16,"SuperSport Park, Centurion",1,5.3,Dolphins,Titans,SJ Erwee,DJ Vilas,L Ngidi,0,0,,,,,,bowled,SJ Erwee,,
1124690,2017/18,2017-12-16,"SuperSport Park, Centurion",1,5.4,Dolphins,Titans,K Zondo,DJ Vilas,L Ngidi,0,0,,,,,,,,,
1124690,2017/18,2017-12-16,"SuperSport Park, Centurion",1,5.5,Dolphins,Titans,K Zondo,DJ Vilas,L Ngidi,0,0,,,,,,,,,
1124690,2017/18,2017-12-16,"SuperSport Park, Centurion",1,5.6,Dolphins,Titans,K Zondo,DJ Vilas,L Ngidi,0,0,,,,,,,,,
1124690,2017/18,2017-12-16,"SuperSport Park, Centurion",1,6.1,Dolphins,Titans,DJ Vilas,K Zondo,CJ Dala,1,0,,,,,,,,,
1124690,2017/18,2017-12-16,"SuperSport Park, Centurion",1,6.2,Dolphins,Titans,K Zondo,DJ Vilas,CJ Dala,1,0,,,,,,,,,
1124690,2017/18,2017-12-16,"SuperSport Park, Centurion",1,6.3,Dolphins,Titans,DJ Vilas,K Zondo,CJ Dala,6,0,,,,,,,,,
1124690,2017/18,2017-12-16,"SuperSport Park, Centurion",1,6.4,Dolphins,Titans,DJ Vilas,K Zondo,CJ Dala,0,0,,,,,,,,,
1124690,2017/18,2017-12-16,"SuperSport Park, Centurion",1,6.5,Dolphins,Titans,DJ Vilas,K Zondo,CJ Dala,1,0,,,,,,,,,
1124690,2017/18,2017-12-16,"SuperSport Park, Centurion",1,6.6,Dolphins,Titans,K Zondo,DJ Vilas,CJ Dala,1,0,,,,,,,,,
1124690,2017/18,2017-12-16,"SuperSport Park, Centurion",1,7.1,Dolphins,Titans,K Zondo,DJ Vilas,MP Siboto,1,0,,,,,,,,,
1124690,2017/18,2017-12-16,"SuperSport Park, Centurion",1,7.2,Dolphins,Titans,DJ Vilas,K Zondo,MP Siboto,2,0,,,,,,,,,
1124690,2017/18,2017-12-16,"SuperSport Park, Centurion",1,7.3,Dolphins,Titans,DJ Vilas,K Zondo,MP Siboto,1,0,,,,,,,,,
1124690,2017/18,2017-12-16,"SuperSport Park, Centurion",1,7.4,Dolphins,Titans,K Zondo,DJ Vilas,MP Siboto,1,0,,,,,,,,,
1124690,2017/18,2017-12-16,"SuperSport Park, Centurion",1,7.5,Dolphins,Titans,DJ Vilas,K Zondo,MP Siboto,0,0,,,,,,,,,
1124690,2017/18,2017-12-16,"SuperSport Park, Centurion",1,7.6,Dolphins,Titans,DJ Vilas,K Zondo,MP Siboto,2,0,,,,,,,,,
1124690,2017/18,2017-12-16,"SuperSport Park, Centurion",1,8.1,Dolphins,Titans,K Zondo,DJ Vilas,CJ Dala,1,0,,,,,,,,,
1124690,2017/18,2017-12-16,"SuperSport Park, Centurion",1,8.2,Dolphins,Titans,DJ Vilas,K Zondo,CJ Dala,1,0,,,,,,,,,
1124690,2017/18,2017-12-16,"SuperSport Park, Centurion",1,8.3,Dolphins,Titans,K Zondo,DJ Vilas,CJ Dala,0,1,1,,,,,,,,
1124690,2017/18,2017-12-16,"SuperSport Park, Centurion",1,8.4,Dolphins,Titans,K Zondo,DJ Vilas,CJ Dala,0,0,,,,,,,,,
1124690,2017/18,2017-12-16,"SuperSport Park, Centurion",1,8.5,Dolphins,Titans,K Zondo,DJ Vilas,CJ Dala,1,0,,,,,,,,,
1124690,2017/18,2017-12-16,"SuperSport Park, Centurion",1,8.6,Dolphins,Titans,DJ Vilas,K Zondo,CJ Dala,0,0,,,,,,,,,
1124690,2017/18,2017-12-16,"SuperSport Park, Centurion",1,8.7,Dolphins,Titans,DJ Vilas,K Zondo,CJ Dala,2,0,,,,,,,,,
1124690,2017/18,2017-12-16,"SuperSport Park, Centurion",1,9.1,Dolphins,Titans,K Zondo,DJ Vilas,T Shamsi,0,0,,,,,,,,,
1124690,2017/18,2017-12-16,"SuperSport Park, Centurion",1,9.2,Dolphins,Titans,K Zondo,DJ Vilas,T Shamsi,0,0,,,,,,,,,
1124690,2017/18,2017-12-16,"SuperSport Park, Centurion",1,9.3,Dolphins,Titans,K Zondo,DJ Vilas,T Shamsi,1,0,,,,,,,,,
1124690,2017/18,2017-12-16,"SuperSport Park, Centurion",1,9.4,Dolphins,Titans,DJ Vilas,K Zondo,T Shamsi,0,0,,,,,,,,,
1124690,2017/18,2017-12-16,"SuperSport Park, Centurion",1,9.5,Dolphins,Titans,DJ Vilas,K Zondo,T Shamsi,0,0,,,,,,,,,
1124690,2017/18,2017-12-16,"SuperSport Park, Centurion",1,9.6,Dolphins,Titans,DJ Vilas,K Zondo,T Shamsi,2,0,,,,,,,,,
1124690,2017/18,2017-12-16,"SuperSport Park, Centurion",1,10.1,Dolphins,Titans,K Zondo,DJ Vilas,L Ngidi,0,0,,,,,,caught,K Zondo,,
1124690,2017/18,2017-12-16,"SuperSport Park, Centurion",1,10.2,Dolphins,Titans,DJ Vilas,BS Makhanya,L Ngidi,1,0,,,,,,,,,
1124690,2017/18,2017-12-16,"SuperSport Park, Centurion",1,10.3,Dolphins,Titans,BS Makhanya,DJ Vilas,L Ngidi,1,0,,,,,,,,,
1124690,2017/18,2017-12-16,"SuperSport Park, Centurion",1,10.4,Dolphins,Titans,DJ Vilas,BS Makhanya,L Ngidi,0,0,,,,,,,,,
1124690,2017/18,2017-12-16,"SuperSport Park, Centurion",1,10.5,Dolphins,Titans,DJ Vilas,BS Makhanya,L Ngidi,1,0,,,,,,,,,
1124690,2017/18,2017-12-16,"SuperSport Park, Centurion",1,10.6,Dolphins,Titans,BS Makhanya,DJ Vilas,L Ngidi,1,0,,,,,,,,,
1124690,2017/18,2017-12-16,"SuperSport Park, Centurion",1,11.1,Dolphins,Titans,BS Makhanya,DJ Vilas,T Shamsi,4,0,,,,,,,,,
1124690,2017/18,2017-12-16,"SuperSport Park, Centurion",1,11.2,Dolphins,Titans,BS Makhanya,DJ Vilas,T Shamsi,1,0,,,,,,run out,BS Makhanya,,
1124690,2017/18,2017-12-16,"SuperSport Park, Centurion",1,11.3,Dolphins,Titans,AL Phehlukwayo,DJ Vilas,T Shamsi,0,0,,,,,,,,,
1124690,2017/18,2017-12-16,"SuperSport Park, Centurion",1,11.4,Dolphins,Titans,AL Phehlukwayo,DJ Vilas,T Shamsi,4,0,,,,,,,,,
1124690,2017/18,2017-12-16,"SuperSport Park, Centurion",1,11.5,Dolphins,Titans,AL Phehlukwayo,DJ Vilas,T Shamsi,0,0,,,,,,,,,
1124690,2017/18,2017-12-16,"SuperSport Park, Centurion",1,11.6,Dolphins,Titans,AL Phehlukwayo,DJ Vilas,T Shamsi,0,0,,,,,,,,,
1124690,2017/18,2017-12-16,"SuperSport Park, Centurion",1,12.1,Dolphins,Titans,DJ Vilas,AL Phehlukwayo,MP Siboto,0,0,,,,,,bowled,DJ Vilas,,
1124690,2017/18,2017-12-16,"SuperSport Park, Centurion",1,12.2,Dolphins,Titans,R Frylinck,AL Phehlukwayo,MP Siboto,0,0,,,,,,,,,
1124690,2017/18,2017-12-16,"SuperSport Park, Centurion",1,12.3,Dolphins,Titans,R Frylinck,AL Phehlukwayo,MP Siboto,0,0,,,,,,,,,
1124690,2017/18,2017-12-16,"SuperSport Park, Centurion",1,12.4,Dolphins,Titans,R Frylinck,AL Phehlukwayo,MP Siboto,0,0,,,,,,,,,
1124690,2017/18,2017-12-16,"SuperSport Park, Centurion",1,12.5,Dolphins,Titans,R Frylinck,AL Phehlukwayo,MP Siboto,0,0,,,,,,,,,
1124690,2017/18,2017-12-16,"SuperSport Park, Centurion",1,12.6,Dolphins,Titans,R Frylinck,AL Phehlukwayo,MP Siboto,0,0,,,,,,caught,R Frylinck,,
1124690,2017/18,2017-12-16,"SuperSport Park, Centurion",1,13.1,Dolphins,Titans,AL Phehlukwayo,KA Maharaj,T Shamsi,1,0,,,,,,,,,
1124690,2017/18,2017-12-16,"SuperSport Park, Centurion",1,13.2,Dolphins,Titans,KA Maharaj,AL Phehlukwayo,T Shamsi,1,0,,,,,,,,,
1124690,2017/18,2017-12-16,"SuperSport Park, Centurion",1,13.3,Dolphins,Titans,AL Phehlukwayo,KA Maharaj,T Shamsi,1,0,,,,,,,,,
1124690,2017/18,2017-12-16,"SuperSport Park, Centurion",1,13.4,Dolphins,Titans,KA Maharaj,AL Phehlukwayo,T Shamsi,0,0,,,,,,,,,
1124690,2017/18,2017-12-16,"SuperSport Park, Centurion",1,13.5,Dolphins,Titans,KA Maharaj,AL Phehlukwayo,T Shamsi,0,0,,,,,,,,,
1124690,2017/18,2017-12-16,"SuperSport Park, Centurion",1,13.6,Dolphins,Titans,KA Maharaj,AL Phehlukwayo,T Shamsi,3,0,,,,,,,,,
1124690,2017/18,2017-12-16,"SuperSport Park, Centurion",1,14.1,Dolphins,Titans,KA Maharaj,AL Phehlukwayo,MP Siboto,0,0,,,,,,,,,
1124690,2017/18,2017-12-16,"SuperSport Park, Centurion",1,14.2,Dolphins,Titans,KA Maharaj,AL Phehlukwayo,MP Siboto,1,0,,,,,,,,,
1124690,2017/18,2017-12-16,"SuperSport Park, Centurion",1,14.3,Dolphins,Titans,AL Phehlukwayo,KA Maharaj,MP Siboto,0,0,,,,,,,,,
1124690,2017/18,2017-12-16,"SuperSport Park, Centurion",1,14.4,Dolphins,Titans,AL Phehlukwayo,KA Maharaj,MP Siboto,1,0,,,,,,,,,
1124690,2017/18,2017-12-16,"SuperSport Park, Centurion",1,14.5,Dolphins,Titans,KA Maharaj,AL Phehlukwayo,MP Siboto,1,0,,,,,,,,,
1124690,2017/18,2017-12-16,"SuperSport Park, Centurion",1,14.6,Dolphins,Titans,AL Phehlukwayo,KA Maharaj,MP Siboto,0,0,,,,,,,,,
1124690,2017/18,2017-12-16,"SuperSport Park, Centurion",1,15.1,Dolphins,Titans,KA Maharaj,AL Phehlukwayo,T Shamsi,4,0,,,,,,,,,
1124690,2017/18,2017-12-16,"SuperSport Park, Centurion",1,15.2,Dolphins,Titans,KA Maharaj,AL Phehlukwayo,T Shamsi,2,0,,,,,,,,,
1124690,2017/18,2017-12-16,"SuperSport Park, Centurion",1,15.3,Dolphins,Titans,KA Maharaj,AL Phehlukwayo,T Shamsi,0,0,,,,,,,,,
1124690,2017/18,2017-12-16,"SuperSport Park, Centurion",1,15.4,Dolphins,Titans,KA Maharaj,AL Phehlukwayo,T Shamsi,0,0,,,,,,,,,
1124690,2017/18,2017-12-16,"SuperSport Park, Centurion",1,15.5,Dolphins,Titans,KA Maharaj,AL Phehlukwayo,T Shamsi,1,0,,,,,,,,,
1124690,2017/18,2017-12-16,"SuperSport Park, Centurion",1,15.6,Dolphins,Titans,AL Phehlukwayo,KA Maharaj,T Shamsi,1,0,,,,,,,,,
1124690,2017/18,2017-12-16,"SuperSport Park, Centurion",1,16.1,Dolphins,Titans,AL Phehlukwayo,KA Maharaj,CH Morris,2,0,,,,,,,,,
1124690,2017/18,2017-12-16,"SuperSport Park, Centurion",1,16.2,Dolphins,Titans,AL Phehlukwayo,KA Maharaj,CH Morris,1,0,,,,,,,,,
1124690,2017/18,2017-12-16,"SuperSport Park, Centurion",1,16.3,Dolphins,Titans,KA Maharaj,AL Phehlukwayo,CH Morris,0,0,,,,,,,,,
1124690,2017/18,2017-12-16,"SuperSport Park, Centurion",1,16.4,Dolphins,Titans,KA Maharaj,AL Phehlukwayo,CH Morris,0,0,,,,,,,,,
1124690,2017/18,2017-12-16,"SuperSport Park, Centurion",1,16.5,Dolphins,Titans,KA Maharaj,AL Phehlukwayo,CH Morris,1,0,,,,,,,,,
1124690,2017/18,2017-12-16,"SuperSport Park, Centurion",1,16.6,Dolphins,Titans,AL Phehlukwayo,KA Maharaj,CH Morris,1,0,,,,,,,,,
1124690,2017/18,2017-12-16,"SuperSport Park, Centurion",1,17.1,Dolphins,Titans,AL Phehlukwayo,KA Maharaj,CJ Dala,0,1,1,,,,,,,,
1124690,2017/18,2017-12-16,"SuperSport Park, Centurion",1,17.2,Dolphins,Titans,AL Phehlukwayo,KA Maharaj,CJ Dala,1,0,,,,,,,,,
1124690,2017/18,2017-12-16,"SuperSport Park, Centurion",1,17.3,Dolphins,Titans,KA Maharaj,AL Phehlukwayo,CJ Dala,0,0,,,,,,caught,KA Maharaj,,
1124690,2017/18,2017-12-16,"SuperSport Park, Centurion",1,17.4,Dolphins,Titans,AL Phehlukwayo,Imran Tahir,CJ Dala,1,0,,,,,,,,,
1124690,2017/18,2017-12-16,"SuperSport Park, Centurion",1,17.5,Dolphins,Titans,Imran Tahir,AL Phehlukwayo,CJ Dala,1,0,,,,,,,,,
1124690,2017/18,2017-12-16,"SuperSport Park, Centurion",1,17.6,Dolphins,Titans,AL Phehlukwayo,Imran Tahir,CJ Dala,1,0,,,,,,,,,
1124690,2017/18,2017-12-16,"SuperSport Park, Centurion",1,17.7,Dolphins,Titans,Imran Tahir,AL Phehlukwayo,CJ Dala,0,0,,,,,,,,,
1124690,2017/18,2017-12-16,"SuperSport Park, Centurion",1,18.1,Dolphins,Titans,AL Phehlukwayo,Imran Tahir,CH Morris,6,0,,,,,,,,,
1124690,2017/18,2017-12-16,"SuperSport Park, Centurion",1,18.2,Dolphins,Titans,AL Phehlukwayo,Imran Tahir,CH Morris,0,0,,,,,,caught,AL Phehlukwayo,,
1124690,2017/18,2017-12-16,"SuperSport Park, Centurion",1,18.3,Dolphins,Titans,M Shezi,Imran Tahir,CH Morris,0,0,,,,,,bowled,M Shezi,,
1124690,2017/18,2017-12-16,"SuperSport Park, Centurion",2,0.1,Titans,Dolphins,Q de Kock,R Moonsamy,R Frylinck,4,0,,,,,,,,,
1124690,2017/18,2017-12-16,"SuperSport Park, Centurion",2,0.2,Titans,Dolphins,Q de Kock,R Moonsamy,R Frylinck,1,0,,,,,,,,,
1124690,2017/18,2017-12-16,"SuperSport Park, Centurion",2,0.3,Titans,Dolphins,R Moonsamy,Q de Kock,R Frylinck,0,0,,,,,,,,,
1124690,2017/18,2017-12-16,"SuperSport Park, Centurion",2,0.4,Titans,Dolphins,R Moonsamy,Q de Kock,R Frylinck,0,0,,,,,,,,,
1124690,2017/18,2017-12-16,"SuperSport Park, Centurion",2,0.5,Titans,Dolphins,R Moonsamy,Q de Kock,R Frylinck,0,0,,,,,,,,,
1124690,2017/18,2017-12-16,"SuperSport Park, Centurion",2,0.6,Titans,Dolphins,R Moonsamy,Q de Kock,R Frylinck,0,0,,,,,,,,,
1124690,2017/18,2017-12-16,"SuperSport Park, Centurion",2,1.1,Titans,Dolphins,Q de Kock,R Moonsamy,M Shezi,4,0,,,,,,,,,
1124690,2017/18,2017-12-16,"SuperSport Park, Centurion",2,1.2,Titans,Dolphins,Q de Kock,R Moonsamy,M Shezi,0,0,,,,,,,,,
1124690,2017/18,2017-12-16,"SuperSport Park, Centurion",2,1.3,Titans,Dolphins,Q de Kock,R Moonsamy,M Shezi,0,1,1,,,,,,,,
1124690,2017/18,2017-12-16,"SuperSport Park, Centurion",2,1.4,Titans,Dolphins,Q de Kock,R Moonsamy,M Shezi,2,0,,,,,,,,,
1124690,2017/18,2017-12-16,"SuperSport Park, Centurion",2,1.5,Titans,Dolphins,Q de Kock,R Moonsamy,M Shezi,4,0,,,,,,,,,
1124690,2017/18,2017-12-16,"SuperSport Park, Centurion",2,1.6,Titans,Dolphins,Q de Kock,R Moonsamy,M Shezi,4,0,,,,,,,,,
1124690,2017/18,2017-12-16,"SuperSport Park, Centurion",2,1.7,Titans,Dolphins,Q de Kock,R Moonsamy,M Shezi,0,0,,,,,,,,,
1124690,2017/18,2017-12-16,"SuperSport Park, Centurion",2,2.1,Titans,Dolphins,R Moonsamy,Q de Kock,R Frylinck,4,0,,,,,,,,,
1124690,2017/18,2017-12-16,"SuperSport Park, Centurion",2,2.2,Titans,Dolphins,R Moonsamy,Q de Kock,R Frylinck,1,0,,,,,,,,,
1124690,2017/18,2017-12-16,"SuperSport Park, Centurion",2,2.3,Titans,Dolphins,Q de Kock,R Moonsamy,R Frylinck,0,0,,,,,,,,,
1124690,2017/18,2017-12-16,"SuperSport Park, Centurion",2,2.4,Titans,Dolphins,Q de Kock,R Moonsamy,R Frylinck,1,0,,,,,,,,,
1124690,2017/18,2017-12-16,"SuperSport Park, Centurion",2,2.5,Titans,Dolphins,R Moonsamy,Q de Kock,R Frylinck,2,0,,,,,,,,,
1124690,2017/18,2017-12-16,"SuperSport Park, Centurion",2,2.6,Titans,Dolphins,R Moonsamy,Q de Kock,R Frylinck,0,0,,,,,,caught,R Moonsamy,,
1124690,2017/18,2017-12-16,"SuperSport Park, Centurion",2,3.1,Titans,Dolphins,Q de Kock,AK Markram,AL Phehlukwayo,1,0,,,,,,,,,
1124690,2017/18,2017-12-16,"SuperSport Park, Centurion",2,3.2,Titans,Dolphins,AK Markram,Q de Kock,AL Phehlukwayo,4,0,,,,,,,,,
1124690,2017/18,2017-12-16,"SuperSport Park, Centurion",2,3.3,Titans,Dolphins,AK Markram,Q de Kock,AL Phehlukwayo,0,0,,,,,,,,,
1124690,2017/18,2017-12-16,"SuperSport Park, Centurion",2,3.4,Titans,Dolphins,AK Markram,Q de Kock,AL Phehlukwayo,1,0,,,,,,,,,
1124690,2017/18,2017-12-16,"SuperSport Park, Centurion",2,3.5,Titans,Dolphins,Q de Kock,AK Markram,AL Phehlukwayo,0,0,,,,,,,,,
1124690,2017/18,2017-12-16,"SuperSport Park, Centurion",2,3.6,Titans,Dolphins,Q de Kock,AK Markram,AL Phehlukwayo,1,0,,,,,,,,,
1124690,2017/18,2017-12-16,"SuperSport Park, Centurion",2,4.1,Titans,Dolphins,Q de Kock,AK Markram,R Frylinck,1,0,,,,,,,,,
1124690,2017/18,2017-12-16,"SuperSport Park, Centurion",2,4.2,Titans,Dolphins,AK Markram,Q de Kock,R Frylinck,1,0,,,,,,,,,
1124690,2017/18,2017-12-16,"SuperSport Park, Centurion",2,4.3,Titans,Dolphins,Q de Kock,AK Markram,R Frylinck,6,0,,,,,,,,,
1124690,2017/18,2017-12-16,"SuperSport Park, Centurion",2,4.4,Titans,Dolphins,Q de Kock,AK Markram,R Frylinck,1,0,,,,,,,,,
1124690,2017/18,2017-12-16,"SuperSport Park, Centurion",2,4.5,Titans,Dolphins,AK Markram,Q de Kock,R Frylinck,0,0,,,,,,,,,
1124690,2017/18,2017-12-16,"SuperSport Park, Centurion",2,4.6,Titans,Dolphins,AK Markram,Q de Kock,R Frylinck,4,0,,,,,,,,,
1124690,2017/18,2017-12-16,"SuperSport Park, Centurion",2,5.1,Titans,Dolphins,Q de Kock,AK Markram,AL Phehlukwayo,0,0,,,,,,,,,
1124690,2017/18,2017-12-16,"SuperSport Park, Centurion",2,5.2,Titans,Dolphins,Q de Kock,AK Markram,AL Phehlukwayo,0,0,,,,,,,,,
1124690,2017/18,2017-12-16,"SuperSport Park, Centurion",2,5.3,Titans,Dolphins,Q de Kock,AK Markram,AL Phehlukwayo,6,0,,,,,,,,,
1124690,2017/18,2017-12-16,"SuperSport Park, Centurion",2,5.4,Titans,Dolphins,Q de Kock,AK Markram,AL Phehlukwayo,0,0,,,,,,,,,
1124690,2017/18,2017-12-16,"SuperSport Park, Centurion",2,5.5,Titans,Dolphins,Q de Kock,AK Markram,AL Phehlukwayo,1,0,,,,,,,,,
1124690,2017/18,2017-12-16,"SuperSport Park, Centurion",2,5.6,Titans,Dolphins,AK Markram,Q de Kock,AL Phehlukwayo,4,0,,,,,,,,,
1124690,2017/18,2017-12-16,"SuperSport Park, Centurion",2,6.1,Titans,Dolphins,Q de Kock,AK Markram,KA Maharaj,0,0,,,,,,,,,
1124690,2017/18,2017-12-16,"SuperSport Park, Centurion",2,6.2,Titans,Dolphins,Q de Kock,AK Markram,KA Maharaj,1,0,,,,,,,,,
1124690,2017/18,2017-12-16,"SuperSport Park, Centurion",2,6.3,Titans,Dolphins,AK Markram,Q de Kock,KA Maharaj,1,0,,,,,,,,,
1124690,2017/18,2017-12-16,"SuperSport Park, Centurion",2,6.4,Titans,Dolphins,Q de Kock,AK Markram,KA Maharaj,0,0,,,,,,,,,
1124690,2017/18,2017-12-16,"SuperSport Park, Centurion",2,6.5,Titans,Dolphins,Q de Kock,AK Markram,KA Maharaj,1,0,,,,,,,,,
1124690,2017/18,2017-12-16,"SuperSport Park, Centurion",2,6.6,Titans,Dolphins,AK Markram,Q de Kock,KA Maharaj,0,0,,,,,,,,,
1124690,2017/18,2017-12-16,"SuperSport Park, Centurion",2,7.1,Titans,Dolphins,Q de Kock,AK Markram,K Zondo,0,0,,,,,,,,,
1124690,2017/18,2017-12-16,"SuperSport Park, Centurion",2,7.2,Titans,Dolphins,Q de Kock,AK Markram,K Zondo,0,0,,,,,,caught,Q de Kock,,
1124690,2017/18,2017-12-16,"SuperSport Park, Centurion",2,7.3,Titans,Dolphins,AB de Villiers,AK Markram,K Zondo,1,0,,,,,,,,,
1124690,2017/18,2017-12-16,"SuperSport Park, Centurion",2,7.4,Titans,Dolphins,AK Markram,AB de Villiers,K Zondo,0,1,1,,,,,,,,
1124690,2017/18,2017-12-16,"SuperSport Park, Centurion",2,7.5,Titans,Dolphins,AK Markram,AB de Villiers,K Zondo,1,0,,,,,,,,,
1124690,2017/18,2017-12-16,"SuperSport Park, Centurion",2,7.6,Titans,Dolphins,AB de Villiers,AK Markram,K Zondo,0,1,1,,,,,,,,
1124690,2017/18,2017-12-16,"SuperSport Park, Centurion",2,7.7,Titans,Dolphins,AB de Villiers,AK Markram,K Zondo,0,0,,,,,,,,,
1124690,2017/18,2017-12-16,"SuperSport Park, Centurion",2,7.8,Titans,Dolphins,AB de Villiers,AK Markram,K Zondo,6,0,,,,,,,,,
1124690,2017/18,2017-12-16,"SuperSport Park, Centurion",2,8.1,Titans,Dolphins,AK Markram,AB de Villiers,KA Maharaj,1,0,,,,,,,,,
1124690,2017/18,2017-12-16,"SuperSport Park, Centurion",2,8.2,Titans,Dolphins,AB de Villiers,AK Markram,KA Maharaj,2,0,,,,,,,,,
1124690,2017/18,2017-12-16,"SuperSport Park, Centurion",2,8.3,Titans,Dolphins,AB de Villiers,AK Markram,KA Maharaj,1,0,,,,,,,,,
1124690,2017/18,2017-12-16,"SuperSport Park, Centurion",2,8.4,Titans,Dolphins,AK Markram,AB de Villiers,KA Maharaj,1,0,,,,,,,,,
1124690,2017/18,2017-12-16,"SuperSport Park, Centurion",2,8.5,Titans,Dolphins,AB de Villiers,AK Markram,KA Maharaj,0,0,,,,,,,,,
1124690,2017/18,2017-12-16,"SuperSport Park, Centurion",2,8.6,Titans,Dolphins,AB de Villiers,AK Markram,KA Maharaj,1,0,,,,,,,,,
1124690,2017/18,2017-12-16,"SuperSport Park, Centurion",2,9.1,Titans,Dolphins,AB de Villiers,AK Markram,M Shezi,2,0,,,,,,,,,
1124690,2017/18,2017-12-16,"SuperSport Park, Centurion",2,9.2,Titans,Dolphins,AB de Villiers,AK Markram,M Shezi,0,1,,1,,,,,,,
1124690,2017/18,2017-12-16,"SuperSport Park, Centurion",2,9.3,Titans,Dolphins,AB de Villiers,AK Markram,M Shezi,6,0,,,,,,,,,
1124690,2017/18,2017-12-16,"SuperSport Park, Centurion",2,9.4,Titans,Dolphins,AB de Villiers,AK Markram,M Shezi,2,0,,,,,,,,,
1124690,2017/18,2017-12-16,"SuperSport Park, Centurion",2,9.5,Titans,Dolphins,AB de Villiers,AK Markram,M Shezi,6,0,,,,,,,,,
1124690,2017/18,2017-12-16,"SuperSport Park, Centurion",2,9.6,Titans,Dolphins,AB de Villiers,AK Markram,M Shezi,0,0,,,,,,caught,AB de Villiers,,
1124690,2017/18,2017-12-16,"SuperSport Park, Centurion",2,9.7,Titans,Dolphins,F Behardien,AK Markram,M Shezi,2,0,,,,,,,,,
1124690,2017/18,2017-12-16,"SuperSport Park, Centurion",2,10.1,Titans,Dolphins,AK Markram,F Behardien,KA Maharaj,0,0,,,,,,,,,
1124690,2017/18,2017-12-16,"SuperSport Park, Centurion",2,10.2,Titans,Dolphins,AK Markram,F Behardien,KA Maharaj,0,1,,,,1,,,,,
1124690,2017/18,2017-12-16,"SuperSport Park, Centurion",2,10.3,Titans,Dolphins,F Behardien,AK Markram,KA Maharaj,0,0,,,,,,,,,
1124690,2017/18,2017-12-16,"SuperSport Park, Centurion",2,10.4,Titans,Dolphins,F Behardien,AK Markram,KA Maharaj,0,0,,,,,,,,,
1124690,2017/18,2017-12-16,"SuperSport Park, Centurion",2,10.5,Titans,Dolphins,F Behardien,AK Markram,KA Maharaj,0,0,,,,,,,,,
1124690,2017/18,2017-12-16,"SuperSport Park, Centurion",2,10.6,Titans,Dolphins,F Behardien,AK Markram,KA Maharaj,1,0,,,,,,,,,
1124690,2017/18,2017-12-16,"SuperSport Park, Centurion",2,11.1,Titans,Dolphins,F Behardien,AK Markram,AL Phehlukwayo,0,1,1,,,,,,,,
1124690,2017/18,2017-12-16,"SuperSport Park, Centurion",2,11.2,Titans,Dolphins,F Behardien,AK Markram,AL Phehlukwayo,1,0,,,,,,,,,
