match_id,season,start_date,venue,innings,ball,batting_team,bowling_team,striker,non_striker,bowler,runs_off_bat,extras,wides,noballs,byes,legbyes,penalty,wicket_type,player_dismissed,other_wicket_type,other_player_dismissed
1124661,2017/18,2017-11-15,"Diamond Oval, Kimberley",1,0.1,Titans,Knights,Q de Kock,H Davids,M de Lange,1,0,,,,,,,,,
1124661,2017/18,2017-11-15,"Diamond Oval, Kimberley",1,0.2,Titans,Knights,H Davids,Q de Kock,M de Lange,2,0,,,,,,,,,
1124661,2017/18,2017-11-15,"Diamond Oval, Kimberley",1,0.3,Titans,Knights,H Davids,Q de Kock,M de Lange,0,0,,,,,,,,,
1124661,2017/18,2017-11-15,"Diamond Oval, Kimberley",1,0.4,Titans,Knights,H Davids,Q de Kock,M de Lange,4,0,,,,,,,,,
1124661,2017/18,2017-11-15,"Diamond Oval, Kimberley",1,0.5,Titans,Knights,H Davids,Q de Kock,M de Lange,1,0,,,,,,,,,
1124661,2017/18,2017-11-15,"Diamond Oval, Kimberley",1,0.6,Titans,Knights,Q de Kock,H Davids,M de Lange,1,0,,,,,,,,,
1124661,2017/18,2017-11-15,"Diamond Oval, Kimberley",1,1.1,Titans,Knights,Q de Kock,H Davids,R McLaren,0,0,,,,,,,,,
1124661,2017/18,2017-11-15,"Diamond Oval, Kimberley",1,1.2,Titans,Knights,Q de Kock,H Davids,R McLaren,1,0,,,,,,,,,
1124661,2017/18,2017-11-15,"Diamond Oval, Kimberley",1,1.3,Titans,Knights,H Davids,Q de Kock,R McLaren,2,0,,,,,,,,,
1124661,2017/18,2017-11-15,"Diamond Oval, Kimberley",1,1.4,Titans,Knights,H Davids,Q de Kock,R McLaren,0,0,,,,,,,,,
1124661,2017/18,2017-11-15,"Diamond Oval, Kimberley",1,1.5,Titans,Knights,H Davids,Q de Kock,R McLaren,0,0,,,,,,,,,
1124661,2017/18,2017-11-15,"Diamond Oval, Kimberley",1,1.6,Titans,Knights,H Davids,Q de Kock,R McLaren,2,0,,,,,,,,,
1124661,2017/18,2017-11-15,"Diamond Oval, Kimberley",1,2.1,Titans,Knights,Q de Kock,H Davids,M de Lange,0,0,,,,,,,,,
1124661,2017/18,2017-11-15,"Diamond Oval, Kimberley",1,2.2,Titans,Knights,Q de Kock,H Davids,M de Lange,0,0,,,,,,,,,
1124661,2017/18,2017-11-15,"Diamond Oval, Kimberley",1,2.3,Titans,Knights,Q de Kock,H Davids,M de Lange,6,0,,,,,,,,,
1124661,2017/18,2017-11-15,"Diamond Oval, Kimberley",1,2.4,Titans,Knights,Q de Kock,H Davids,M de Lange,0,0,,,,,,run out,Q de Kock,,
1124661,2017/18,2017-11-15,"Diamond Oval, Kimberley",1,2.5,Titans,Knights,H Davids,AK Markram,M de Lange,1,0,,,,,,,,,
1124661,2017/18,2017-11-15,"Diamond Oval, Kimberley",1,2.6,Titans,Knights,AK Markram,H Davids,M de Lange,1,0,,,,,,,,,
1124661,2017/18,2017-11-15,"Diamond Oval, Kimberley",1,3.1,Titans,Knights,AK Markram,H Davids,SC van Schalkwyk,0,0,,,,,,,,,
1124661,2017/18,2017-11-15,"Diamond Oval, Kimberley",1,3.2,Titans,Knights,AK Markram,H Davids,SC van Schalkwyk,1,0,,,,,,,,,
1124661,2017/18,2017-11-15,"Diamond Oval, Kimberley",1,3.3,Titans,Knights,H Davids,AK Markram,SC van Schalkwyk,0,0,,,,,,,,,
1124661,2017/18,2017-11-15,"Diamond Oval, Kimberley",1,3.4,Titans,Knights,H Davids,AK Markram,SC van Schalkwyk,6,0,,,,,,,,,
1124661,2017/18,2017-11-15,"Diamond Oval, Kimberley",1,3.5,Titans,Knights,H Davids,AK Markram,SC van Schalkwyk,6,0,,,,,,,,,
1124661,2017/18,2017-11-15,"Diamond Oval, Kimberley",1,3.6,Titans,Knights,H Davids,AK Markram,SC van Schalkwyk,0,1,,,,1,,,,,
1124661,2017/18,2017-11-15,"Diamond Oval, Kimberley",1,4.1,Titans,Knights,H Davids,AK Markram,R McLaren,4,0,,,,,,,,,
1124661,2017/18,2017-11-15,"Diamond Oval, Kimberley",1,4.2,Titans,Knights,H Davids,AK Markram,R McLaren,0,0,,,,,,,,,
1124661,2017/18,2017-11-15,"Diamond Oval, Kimberley",1,4.3,Titans,Knights,H Davids,AK Markram,R McLaren,1,0,,,,,,,,,
1124661,2017/18,2017-11-15,"Diamond Oval, Kimberley",1,4.4,Titans,Knights,AK Markram,H Davids,R McLaren,1,0,,,,,,,,,
1124661,2017/18,2017-11-15,"Diamond Oval, Kimberley",1,4.5,Titans,Knights,H Davids,AK Markram,R McLaren,6,0,,,,,,,,,
1124661,2017/18,2017-11-15,"Diamond Oval, Kimberley",1,4.6,Titans,Knights,H Davids,AK Markram,R McLaren,0,0,,,,,,,,,
1124661,2017/18,2017-11-15,"Diamond Oval, Kimberley",1,5.1,Titans,Knights,AK Markram,H Davids,AR Swanepoel,1,0,,,,,,,,,
1124661,2017/18,2017-11-15,"Diamond Oval, Kimberley",1,5.2,Titans,Knights,H Davids,AK Markram,AR Swanepoel,0,0,,,,,,,,,
1124661,2017/18,2017-11-15,"Diamond Oval, Kimberley",1,5.3,Titans,Knights,H Davids,AK Markram,AR Swanepoel,0,0,,,,,,,,,
1124661,2017/18,2017-11-15,"Diamond Oval, Kimberley",1,5.4,Titans,Knights,H Davids,AK Markram,AR Swanepoel,0,2,,,,2,,,,,
1124661,2017/18,2017-11-15,"Diamond Oval, Kimberley",1,5.5,Titans,Knights,H Davids,AK Markram,AR Swanepoel,1,0,,,,,,,,,
1124661,2017/18,2017-11-15,"Diamond Oval, Kimberley",1,5.6,Titans,Knights,AK Markram,H Davids,AR Swanepoel,1,0,,,,,,,,,
1124661,2017/18,2017-11-15,"Diamond Oval, Kimberley",1,6.1,Titans,Knights,AK Markram,H Davids,E Leie,0,0,,,,,,,,,
1124661,2017/18,2017-11-15,"Diamond Oval, Kimberley",1,6.2,Titans,Knights,AK Markram,H Davids,E Leie,4,0,,,,,,,,,
1124661,2017/18,2017-11-15,"Diamond Oval, Kimberley",1,6.3,Titans,Knights,AK Markram,H Davids,E Leie,1,0,,,,,,,,,
1124661,2017/18,2017-11-15,"Diamond Oval, Kimberley",1,6.4,Titans,Knights,H Davids,AK Markram,E Leie,2,0,,,,,,,,,
1124661,2017/18,2017-11-15,"Diamond Oval, Kimberley",1,6.5,Titans,Knights,H Davids,AK Markram,E Leie,0,0,,,,,,,,,
1124661,2017/18,2017-11-15,"Diamond Oval, Kimberley",1,6.6,Titans,Knights,H Davids,AK Markram,E Leie,0,0,,,,,,,,,
1124661,2017/18,2017-11-15,"Diamond Oval, Kimberley",1,7.1,Titans,Knights,AK Markram,H Davids,SC van Schalkwyk,0,0,,,,,,,,,
1124661,2017/18,2017-11-15,"Diamond Oval, Kimberley",1,7.2,Titans,Knights,AK Markram,H Davids,SC van Schalkwyk,1,0,,,,,,,,,
1124661,2017/18,2017-11-15,"Diamond Oval, Kimberley",1,7.3,Titans,Knights,H Davids,AK Markram,SC van Schalkwyk,1,0,,,,,,,,,
1124661,2017/18,2017-11-15,"Diamond Oval, Kimberley",1,7.4,Titans,Knights,AK Markram,H Davids,SC van Schalkwyk,1,0,,,,,,,,,
1124661,2017/18,2017-11-15,"Diamond Oval, Kimberley",1,7.5,Titans,Knights,H Davids,AK Markram,SC van Schalkwyk,0,1,,,,1,,,,,
1124661,2017/18,2017-11-15,"Diamond Oval, Kimberley",1,7.6,Titans,Knights,AK Markram,H Davids,SC van Schalkwyk,0,0,,,,,,,,,
1124661,2017/18,2017-11-15,"Diamond Oval, Kimberley",1,8.1,Titans,Knights,H Davids,AK Markram,E Leie,0,0,,,,,,,,,
1124661,2017/18,2017-11-15,"Diamond Oval, Kimberley",1,8.2,Titans,Knights,H Davids,AK Markram,E Leie,0,0,,,,,,,,,
1124661,2017/18,2017-11-15,"Diamond Oval, Kimberley",1,8.3,Titans,Knights,H Davids,AK Markram,E Leie,1,0,,,,,,,,,
1124661,2017/18,2017-11-15,"Diamond Oval, Kimberley",1,8.4,Titans,Knights,AK Markram,H Davids,E Leie,1,0,,,,,,,,,
1124661,2017/18,2017-11-15,"Diamond Oval, Kimberley",1,8.5,Titans,Knights,H Davids,AK Markram,E Leie,1,0,,,,,,,,,
1124661,2017/18,2017-11-15,"Diamond Oval, Kimberley",1,8.6,Titans,Knights,AK Markram,H Davids,E Leie,2,0,,,,,,,,,
1124661,2017/18,2017-11-15,"Diamond Oval, Kimberley",1,9.1,Titans,Knights,H Davids,AK Markram,AR Swanepoel,1,0,,,,,,,,,
1124661,2017/18,2017-11-15,"Diamond Oval, Kimberley",1,9.2,Titans,Knights,AK Markram,H Davids,AR Swanepoel,1,0,,,,,,,,,
1124661,2017/18,2017-11-15,"Diamond Oval, Kimberley",1,9.3,Titans,Knights,H Davids,AK Markram,AR Swanepoel,1,0,,,,,,,,,
1124661,2017/18,2017-11-15,"Diamond Oval, Kimberley",1,9.4,Titans,Knights,AK Markram,H Davids,AR Swanepoel,0,1,,,,1,,,,,
1124661,2017/18,2017-11-15,"Diamond Oval, Kimberley",1,9.5,Titans,Knights,H Davids,AK Markram,AR Swanepoel,0,0,,,,,,,,,
1124661,2017/18,2017-11-15,"Diamond Oval, Kimberley",1,9.6,Titans,Knights,H Davids,AK Markram,AR Swanepoel,1,0,,,,,,,,,
1124661,2017/18,2017-11-15,"Diamond Oval, Kimberley",1,10.1,Titans,Knights,H Davids,AK Markram,T Ntuli,2,0,,,,,,,,,
1124661,2017/18,2017-11-15,"Diamond Oval, Kimberley",1,10.2,Titans,Knights,H Davids,AK Markram,T Ntuli,2,0,,,,,,,,,
1124661,2017/18,2017-11-15,"Diamond Oval, Kimberley",1,10.3,Titans,Knights,H Davids,AK Markram,T Ntuli,1,0,,,,,,,,,
1124661,2017/18,2017-11-15,"Diamond Oval, Kimberley",1,10.4,Titans,Knights,AK Markram,H Davids,T Ntuli,1,0,,,,,,,,,
1124661,2017/18,2017-11-15,"Diamond Oval, Kimberley",1,10.5,Titans,Knights,H Davids,AK Markram,T Ntuli,1,0,,,,,,,,,
1124661,2017/18,2017-11-15,"Diamond Oval, Kimberley",1,10.6,Titans,Knights,AK Markram,H Davids,T Ntuli,4,0,,,,,,,,,
1124661,2017/18,2017-11-15,"Diamond Oval, Kimberley",1,11.1,Titans,Knights,H Davids,AK Markram,SC van Schalkwyk,0,0,,,,,,,,,
1124661,2017/18,2017-11-15,"Diamond Oval, Kimberley",1,11.2,Titans,Knights,H Davids,AK Markram,SC van Schalkwyk,0,0,,,,,,,,,
1124661,2017/18,2017-11-15,"Diamond Oval, Kimberley",1,11.3,Titans,Knights,H Davids,AK Markram,SC van Schalkwyk,0,0,,,,,,caught,H Davids,,
1124661,2017/18,2017-11-15,"Diamond Oval, Kimberley",1,11.4,Titans,Knights,AK Markram,AB de Villiers,SC van Schalkwyk,1,0,,,,,,,,,
1124661,2017/18,2017-11-15,"Diamond Oval, Kimberley",1,11.5,Titans,Knights,AB de Villiers,AK Markram,SC van Schalkwyk,1,0,,,,,,,,,
1124661,2017/18,2017-11-15,"Diamond Oval, Kimberley",1,11.6,Titans,Knights,AK Markram,AB de Villiers,SC van Schalkwyk,2,0,,,,,,,,,
1124661,2017/18,2017-11-15,"Diamond Oval, Kimberley",1,12.1,Titans,Knights,AB de Villiers,AK Markram,E Leie,1,0,,,,,,,,,
1124661,2017/18,2017-11-15,"Diamond Oval, Kimberley",1,12.2,Titans,Knights,AK Markram,AB de Villiers,E Leie,2,0,,,,,,,,,
1124661,2017/18,2017-11-15,"Diamond Oval, Kimberley",1,12.3,Titans,Knights,AK Markram,AB de Villiers,E Leie,0,0,,,,,,,,,
1124661,2017/18,2017-11-15,"Diamond Oval, Kimberley",1,12.4,Titans,Knights,AK Markram,AB de Villiers,E Leie,2,0,,,,,,,,,
1124661,2017/18,2017-11-15,"Diamond Oval, Kimberley",1,12.5,Titans,Knights,AK Markram,AB de Villiers,E Leie,2,0,,,,,,,,,
1124661,2017/18,2017-11-15,"Diamond Oval, Kimberley",1,12.6,Titans,Knights,AK Markram,AB de Villiers,E Leie,6,0,,,,,,,,,
1124661,2017/18,2017-11-15,"Diamond Oval, Kimberley",1,13.1,Titans,Knights,AB de Villiers,AK Markram,R McLaren,6,0,,,,,,,,,
1124661,2017/18,2017-11-15,"Diamond Oval, Kimberley",1,13.2,Titans,Knights,AB de Villiers,AK Markram,R McLaren,1,0,,,,,,,,,
1124661,2017/18,2017-11-15,"Diamond Oval, Kimberley",1,13.3,Titans,Knights,AK Markram,AB de Villiers,R McLaren,2,0,,,,,,,,,
1124661,2017/18,2017-11-15,"Diamond Oval, Kimberley",1,13.4,Titans,Knights,AK Markram,AB de Villiers,R McLaren,1,0,,,,,,,,,
1124661,2017/18,2017-11-15,"Diamond Oval, Kimberley",1,13.5,Titans,Knights,AB de Villiers,AK Markram,R McLaren,1,0,,,,,,,,,
1124661,2017/18,2017-11-15,"Diamond Oval, Kimberley",1,13.6,Titans,Knights,AK Markram,AB de Villiers,R McLaren,4,0,,,,,,,,,
1124661,2017/18,2017-11-15,"Diamond Oval, Kimberley",1,14.1,Titans,Knights,AB de Villiers,AK Markram,E Leie,2,0,,,,,,,,,
1124661,2017/18,2017-11-15,"Diamond Oval, Kimberley",1,14.2,Titans,Knights,AB de Villiers,AK Markram,E Leie,2,0,,,,,,,,,
1124661,2017/18,2017-11-15,"Diamond Oval, Kimberley",1,14.3,Titans,Knights,AB de Villiers,AK Markram,E Leie,1,0,,,,,,,,,
1124661,2017/18,2017-11-15,"Diamond Oval, Kimberley",1,14.4,Titans,Knights,AK Markram,AB de Villiers,E Leie,0,0,,,,,,,,,
1124661,2017/18,2017-11-15,"Diamond Oval, Kimberley",1,14.5,Titans,Knights,AK Markram,AB de Villiers,E Leie,2,0,,,,,,,,,
1124661,2017/18,2017-11-15,"Diamond Oval, Kimberley",1,14.6,Titans,Knights,AK Markram,AB de Villiers,E Leie,1,0,,,,,,,,,
1124661,2017/18,2017-11-15,"Diamond Oval, Kimberley",1,15.1,Titans,Knights,AK Markram,AB de Villiers,AR Swanepoel,4,0,,,,,,,,,
1124661,2017/18,2017-11-15,"Diamond Oval, Kimberley",1,15.2,Titans,Knights,AK Markram,AB de Villiers,AR Swanepoel,0,0,,,,,,caught,AK Markram,,
1124661,2017/18,2017-11-15,"Diamond Oval, Kimberley",1,15.3,Titans,Knights,AB de Villiers,F Behardien,AR Swanepoel,1,0,,,,,,,,,
1124661,2017/18,2017-11-15,"Diamond Oval, Kimberley",1,15.4,Titans,Knights,F Behardien,AB de Villiers,AR Swanepoel,1,0,,,,,,,,,
1124661,2017/18,2017-11-15,"Diamond Oval, Kimberley",1,15.5,Titans,Knights,AB de Villiers,F Behardien,AR Swanepoel,2,0,,,,,,,,,
1124661,2017/18,2017-11-15,"Diamond Oval, Kimberley",1,15.6,Titans,Knights,AB de Villiers,F Behardien,AR Swanepoel,1,0,,,,,,,,,
1124661,2017/18,2017-11-15,"Diamond Oval, Kimberley",1,16.1,Titans,Knights,AB de Villiers,F Behardien,M de Lange,2,0,,,,,,,,,
1124661,2017/18,2017-11-15,"Diamond Oval, Kimberley",1,16.2,Titans,Knights,AB de Villiers,F Behardien,M de Lange,0,0,,,,,,,,,
1124661,2017/18,2017-11-15,"Diamond Oval, Kimberley",1,16.3,Titans,Knights,AB de Villiers,F Behardien,M de Lange,1,0,,,,,,,,,
1124661,2017/18,2017-11-15,"Diamond Oval, Kimberley",1,16.4,Titans,Knights,F Behardien,AB de Villiers,M de Lange,2,0,,,,,,,,,
1124661,2017/18,2017-11-15,"Diamond Oval, Kimberley",1,16.5,Titans,Knights,F Behardien,AB de Villiers,M de Lange,0,0,,,,,,,,,
1124661,2017/18,2017-11-15,"Diamond Oval, Kimberley",1,16.6,Titans,Knights,F Behardien,AB de Villiers,M de Lange,4,0,,,,,,,,,
1124661,2017/18,2017-11-15,"Diamond Oval, Kimberley",1,17.1,Titans,Knights,AB de Villiers,F Behardien,AR Swanepoel,6,0,,,,,,,,,
1124661,2017/18,2017-11-15,"Diamond Oval, Kimberley",1,17.2,Titans,Knights,AB de Villiers,F Behardien,AR Swanepoel,1,0,,,,,,,,,
1124661,2017/18,2017-11-15,"Diamond Oval, Kimberley",1,17.3,Titans,Knights,F Behardien,AB de Villiers,AR Swanepoel,6,0,,,,,,,,,
1124661,2017/18,2017-11-15,"Diamond Oval, Kimberley",1,17.4,Titans,Knights,F Behardien,AB de Villiers,AR Swanepoel,1,0,,,,,,,,,
1124661,2017/18,2017-11-15,"Diamond Oval, Kimberley",1,17.5,Titans,Knights,AB de Villiers,F Behardien,AR Swanepoel,4,0,,,,,,,,,
1124661,2017/18,2017-11-15,"Diamond Oval, Kimberley",1,17.6,Titans,Knights,AB de Villiers,F Behardien,AR Swanepoel,4,0,,,,,,,,,
1124661,2017/18,2017-11-15,"Diamond Oval, Kimberley",1,18.1,Titans,Knights,F Behardien,AB de Villiers,M de Lange,1,0,,,,,,,,,
1124661,2017/18,2017-11-15,"Diamond Oval, Kimberley",1,18.2,Titans,Knights,AB de Villiers,F Behardien,M de Lange,6,0,,,,,,,,,
1124661,2017/18,2017-11-15,"Diamond Oval, Kimberley",1,18.3,Titans,Knights,AB de Villiers,F Behardien,M de Lange,0,0,,,,,,caught,AB de Villiers,,
1124661,2017/18,2017-11-15,"Diamond Oval, Kimberley",1,18.4,Titans,Knights,F Behardien,JA Morkel,M de Lange,0,2,,,,2,,,,,
1124661,2017/18,2017-11-15,"Diamond Oval, Kimberley",1,18.5,Titans,Knights,F Behardien,JA Morkel,M de Lange,6,0,,,,,,,,,
1124661,2017/18,2017-11-15,"Diamond Oval, Kimberley",1,18.6,Titans,Knights,F Behardien,JA Morkel,M de Lange,0,0,,,,,,,,,
1124661,2017/18,2017-11-15,"Diamond Oval, Kimberley",1,19.1,Titans,Knights,JA Morkel,F Behardien,SC van Schalkwyk,2,0,,,,,,,,,
1124661,2017/18,2017-11-15,"Diamond Oval, Kimberley",1,19.2,Titans,Knights,JA Morkel,F Behardien,SC van Schalkwyk,0,1,,,,1,,,,,
1124661,2017/18,2017-11-15,"Diamond Oval, Kimberley",1,19.3,Titans,Knights,F Behardien,JA Morkel,SC van Schalkwyk,6,0,,,,,,,,,
1124661,2017/18,2017-11-15,"Diamond Oval, Kimberley",1,19.4,Titans,Knights,F Behardien,JA Morkel,SC van Schalkwyk,4,0,,,,,,,,,
1124661,2017/18,2017-11-15,"Diamond Oval, Kimberley",1,19.5,Titans,Knights,F Behardien,JA Morkel,SC van Schalkwyk,4,0,,,,,,,,,
1124661,2017/18,2017-11-15,"Diamond Oval, Kimberley",1,19.6,Titans,Knights,F Behardien,JA Morkel,SC van Schalkwyk,2,0,,,,,,,,,
1124661,2017/18,2017-11-15,"Diamond Oval, Kimberley",2,0.1,Knights,Titans,TG Mokoena,PE Kruger,JA Morkel,0,0,,,,,,,,,
1124661,2017/18,2017-11-15,"Diamond Oval, Kimberley",2,0.2,Knights,Titans,TG Mokoena,PE Kruger,JA Morkel,2,0,,,,,,,,,
1124661,2017/18,2017-11-15,"Diamond Oval, Kimberley",2,0.3,Knights,Titans,TG Mokoena,PE Kruger,JA Morkel,0,0,,,,,,,,,
1124661,2017/18,2017-11-15,"Diamond Oval, Kimberley",2,0.4,Knights,Titans,TG Mokoena,PE Kruger,JA Morkel,0,0,,,,,,,,,
1124661,2017/18,2017-11-15,"Diamond Oval, Kimberley",2,0.5,Knights,Titans,TG Mokoena,PE Kruger,JA Morkel,4,0,,,,,,,,,
1124661,2017/18,2017-11-15,"Diamond Oval, Kimberley",2,0.6,Knights,Titans,TG Mokoena,PE Kruger,JA Morkel,0,0,,,,,,,,,
1124661,2017/18,2017-11-15,"Diamond Oval, Kimberley",2,1.1,Knights,Titans,PE Kruger,TG Mokoena,DW Steyn,1,1,,1,,,,,,,
1124661,2017/18,2017-11-15,"Diamond Oval, Kimberley",2,1.2,Knights,Titans,TG Mokoena,PE Kruger,DW Steyn,4,0,,,,,,,,,
1124661,2017/18,2017-11-15,"Diamond Oval, Kimberley",2,1.3,Knights,Titans,TG Mokoena,PE Kruger,DW Steyn,4,0,,,,,,,,,
1124661,2017/18,2017-11-15,"Diamond Oval, Kimberley",2,1.4,Knights,Titans,TG Mokoena,PE Kruger,DW Steyn,4,0,,,,,,,,,
1124661,2017/18,2017-11-15,"Diamond Oval, Kimberley",2,1.5,Knights,Titans,TG Mokoena,PE Kruger,DW Steyn,0,0,,,,,,,,,
1124661,2017/18,2017-11-15,"Diamond Oval, Kimberley",2,1.6,Knights,Titans,TG Mokoena,PE Kruger,DW Steyn,2,0,,,,,,,,,
1124661,2017/18,2017-11-15,"Diamond Oval, Kimberley",2,1.7,Knights,Titans,TG Mokoena,PE Kruger,DW Steyn,1,0,,,,,,,,,
1124661,2017/18,2017-11-15,"Diamond Oval, Kimberley",2,2.1,Knights,Titans,TG Mokoena,PE Kruger,JA Morkel,0,0,,,,,,lbw,TG Mokoena,,
1124661,2017/18,2017-11-15,"Diamond Oval, Kimberley",2,2.2,Knights,Titans,TB de Bruyn,PE Kruger,JA Morkel,0,0,,,,,,,,,
1124661,2017/18,2017-11-15,"Diamond Oval, Kimberley",2,2.3,Knights,Titans,TB de Bruyn,PE Kruger,JA Morkel,0,0,,,,,,,,,
1124661,2017/18,2017-11-15,"Diamond Oval, Kimberley",2,2.4,Knights,Titans,TB de Bruyn,PE Kruger,JA Morkel,0,0,,,,,,,,,
1124661,2017/18,2017-11-15,"Diamond Oval, Kimberley",2,2.5,Knights,Titans,TB de Bruyn,PE Kruger,JA Morkel,4,0,,,,,,,,,
1124661,2017/18,2017-11-15,"Diamond Oval, Kimberley",2,2.6,Knights,Titans,TB de Bruyn,PE Kruger,JA Morkel,0,0,,,,,,,,,
1124661,2017/18,2017-11-15,"Diamond Oval, Kimberley",2,3.1,Knights,Titans,PE Kruger,TB de Bruyn,L Ngidi,0,0,,,,,,,,,
1124661,2017/18,2017-11-15,"Diamond Oval, Kimberley",2,3.2,Knights,Titans,PE Kruger,TB de Bruyn,L Ngidi,2,0,,,,,,,,,
1124661,2017/18,2017-11-15,"Diamond Oval, Kimberley",2,3.3,Knights,Titans,PE Kruger,TB de Bruyn,L Ngidi,0,0,,,,,,,,,
1124661,2017/18,2017-11-15,"Diamond Oval, Kimberley",2,3.4,Knights,Titans,PE Kruger,TB de Bruyn,L Ngidi,0,0,,,,,,,,,
1124661,2017/18,2017-11-15,"Diamond Oval, Kimberley",2,3.5,Knights,Titans,PE Kruger,TB de Bruyn,L Ngidi,4,0,,,,,,,,,
1124661,2017/18,2017-11-15,"Diamond Oval, Kimberley",2,3.6,Knights,Titans,PE Kruger,TB de Bruyn,L Ngidi,0,0,,,,,,,,,
1124661,2017/18,2017-11-15,"Diamond Oval, Kimberley",2,4.1,Knights,Titans,TB de Bruyn,PE Kruger,CJ Dala,2,0,,,,,,,,,
1124661,2017/18,2017-11-15,"Diamond Oval, Kimberley",2,4.2,Knights,Titans,TB de Bruyn,PE Kruger,CJ Dala,0,0,,,,,,,,,
1124661,2017/18,2017-11-15,"Diamond Oval, Kimberley",2,4.3,Knights,Titans,TB de Bruyn,PE Kruger,CJ Dala,1,0,,,,,,,,,
1124661,2017/18,2017-11-15,"Diamond Oval, Kimberley",2,4.4,Knights,Titans,PE Kruger,TB de Bruyn,CJ Dala,1,0,,,,,,,,,
1124661,2017/18,2017-11-15,"Diamond Oval, Kimberley",2,4.5,Knights,Titans,TB de Bruyn,PE Kruger,CJ Dala,1,0,,,,,,,,,
1124661,2017/18,2017-11-15,"Diamond Oval, Kimberley",2,4.6,Knights,Titans,PE Kruger,TB de Bruyn,CJ Dala,0,0,,,,,,,,,
1124661,2017/18,2017-11-15,"Diamond Oval, Kimberley",2,5.1,Knights,Titans,TB de Bruyn,PE Kruger,MP Siboto,4,0,,,,,,,,,
1124661,2017/18,2017-11-15,"Diamond Oval, Kimberley",2,5.2,Knights,Titans,TB de Bruyn,PE Kruger,MP Siboto,2,0,,,,,,,,,
1124661,2017/18,2017-11-15,"Diamond Oval, Kimberley",2,5.3,Knights,Titans,TB de Bruyn,PE Kruger,MP Siboto,0,0,,,,,,,,,
1124661,2017/18,2017-11-15,"Diamond Oval, Kimberley",2,5.4,Knights,Titans,TB de Bruyn,PE Kruger,MP Siboto,1,0,,,,,,,,,
1124661,2017/18,2017-11-15,"Diamond Oval, Kimberley",2,5.5,Knights,Titans,PE Kruger,TB de Bruyn,MP Siboto,1,0,,,,,,,,,
1124661,2017/18,2017-11-15,"Diamond Oval, Kimberley",2,5.6,Knights,Titans,TB de Bruyn,PE Kruger,MP Siboto,0,0,,,,,,,,,
1124661,2017/18,2017-11-15,"Diamond Oval, Kimberley",2,6.1,Knights,Titans,PE Kruger,TB de Bruyn,CJ Dala,0,0,,,,,,,,,
1124661,2017/18,2017-11-15,"Diamond Oval, Kimberley",2,6.2,Knights,Titans,PE Kruger,TB de Bruyn,CJ Dala,0,0,,,,,,bowled,PE Kruger,,
1124661,2017/18,2017-11-15,"Diamond Oval, Kimberley",2,6.3,Knights,Titans,DA Miller,TB de Bruyn,CJ Dala,1,0,,,,,,,,,
1124661,2017/18,2017-11-15,"Diamond Oval, Kimberley",2,6.4,Knights,Titans,TB de Bruyn,DA Miller,CJ Dala,2,0,,,,,,,,,
1124661,2017/18,2017-11-15,"Diamond Oval, Kimberley",2,6.5,Knights,Titans,TB de Bruyn,DA Miller,CJ Dala,1,0,,,,,,,,,
1124661,2017/18,2017-11-15,"Diamond Oval, Kimberley",2,6.6,Knights,Titans,DA Miller,TB de Bruyn,CJ Dala,4,0,,,,,,,,,
1124661,2017/18,2017-11-15,"Diamond Oval, Kimberley",2,7.1,Knights,Titans,TB de Bruyn,DA Miller,T Shamsi,2,0,,,,,,,,,
1124661,2017/18,2017-11-15,"Diamond Oval, Kimberley",2,7.2,Knights,Titans,TB de Bruyn,DA Miller,T Shamsi,0,0,,,,,,,,,
1124661,2017/18,2017-11-15,"Diamond Oval, Kimberley",2,7.3,Knights,Titans,TB de Bruyn,DA Miller,T Shamsi,0,0,,,,,,,,,
1124661,2017/18,2017-11-15,"Diamond Oval, Kimberley",2,7.4,Knights,Titans,TB de Bruyn,DA Miller,T Shamsi,1,0,,,,,,,,,
1124661,2017/18,2017-11-15,"Diamond Oval, Kimberley",2,7.5,Knights,Titans,DA Miller,TB de Bruyn,T Shamsi,1,0,,,,,,,,,
1124661,2017/18,2017-11-15,"Diamond Oval, Kimberley",2,7.6,Knights,Titans,TB de Bruyn,DA Miller,T Shamsi,1,0,,,,,,,,,
1124661,2017/18,2017-11-15,"Diamond Oval, Kimberley",2,8.1,Knights,Titans,TB de Bruyn,DA Miller,DW Steyn,0,0,,,,,,caught,TB de Bruyn,,
1124661,2017/18,2017-11-15,"Diamond Oval, Kimberley",2,8.2,Knights,Titans,AGS Gous,DA Miller,DW Steyn,0,0,,,,,,,,,
1124661,2017/18,2017-11-15,"Diamond Oval, Kimberley",2,8.3,Knights,Titans,AGS Gous,DA Miller,DW Steyn,1,0,,,,,,,,,
1124661,2017/18,2017-11-15,"Diamond Oval, Kimberley",2,8.4,Knights,Titans,DA Miller,AGS Gous,DW Steyn,0,0,,,,,,,,,
1124661,2017/18,2017-11-15,"Diamond Oval, Kimberley",2,8.5,Knights,Titans,DA Miller,AGS Gous,DW Steyn,1,0,,,,,,,,,
1124661,2017/18,2017-11-15,"Diamond Oval, Kimberley",2,8.6,Knights,Titans,AGS Gous,DA Miller,DW Steyn,1,0,,,,,,,,,
1124661,2017/18,2017-11-15,"Diamond Oval, Kimberley",2,9.1,Knights,Titans,AGS Gous,DA Miller,T Shamsi,1,0,,,,,,,,,
1124661,2017/18,2017-11-15,"Diamond Oval, Kimberley",2,9.2,Knights,Titans,DA Miller,AGS Gous,T Shamsi,1,0,,,,,,,,,
1124661,2017/18,2017-11-15,"Diamond Oval, Kimberley",2,9.3,Knights,Titans,AGS Gous,DA Miller,T Shamsi,1,0,,,,,,,,,
1124661,2017/18,2017-11-15,"Diamond Oval, Kimberley",2,9.4,Knights,Titans,DA Miller,AGS Gous,T Shamsi,0,0,,,,,,caught,DA Miller,,
1124661,2017/18,2017-11-15,"Diamond Oval, Kimberley",2,9.5,Knights,Titans,R McLaren,AGS Gous,T Shamsi,1,0,,,,,,,,,
1124661,2017/18,2017-11-15,"Diamond Oval, Kimberley",2,9.6,Knights,Titans,AGS Gous,R McLaren,T Shamsi,1,0,,,,,,,,,
1124661,2017/18,2017-11-15,"Diamond Oval, Kimberley",2,10.1,Knights,Titans,AGS Gous,R McLaren,DW Steyn,0,1,1,,,,,,,,
1124661,2017/18,2017-11-15,"Diamond Oval, Kimberley",2,10.2,Knights,Titans,AGS Gous,R McLaren,DW Steyn,0,0,,,,,,,,,
1124661,2017/18,2017-11-15,"Diamond Oval, Kimberley",2,10.3,Knights,Titans,AGS Gous,R McLaren,DW Steyn,1,0,,,,,,,,,
1124661,2017/18,2017-11-15,"Diamond Oval, Kimberley",2,10.4,Knights,Titans,R McLaren,AGS Gous,DW Steyn,1,0,,,,,,,,,
1124661,2017/18,2017-11-15,"Diamond Oval, Kimberley",2,10.5,Knights,Titans,AGS Gous,R McLaren,DW Steyn,1,0,,,,,,,,,
1124661,2017/18,2017-11-15,"Diamond Oval, Kimberley",2,10.6,Knights,Titans,R McLaren,AGS Gous,DW Steyn,1,0,,,,,,,,,
1124661,2017/18,2017-11-15,"Diamond Oval, Kimberley",2,10.7,Knights,Titans,AGS Gous,R McLaren,DW Steyn,0,0,,,,,,,,,
1124661,2017/18,2017-11-15,"Diamond Oval, Kimberley",2,11.1,Knights,Titans,R McLaren,AGS Gous,T Shamsi,0,0,,,,,,,,,
1124661,2017/18,2017-11-15,"Diamond Oval, Kimberley",2,11.2,Knights,Titans,R McLaren,AGS Gous,T Shamsi,4,0,,,,,,,,,
1124661,2017/18,2017-11-15,"Diamond Oval, Kimberley",2,11.3,Knights,Titans,R McLaren,AGS Gous,T Shamsi,1,0,,,,,,,,,
1124661,2017/18,2017-11-15,"Diamond Oval, Kimberley",2,11.4,Knights,Titans,AGS Gous,R McLaren,T Shamsi,2,0,,,,,,,,,
1124661,2017/18,2017-11-15,"Diamond Oval, Kimberley",2,11.5,Knights,Titans,AGS Gous,R McLaren,T Shamsi,1,0,,,,,,,,,
1124661,2017/18,2017-11-15,"Diamond Oval, Kimberley",2,11.6,Knights,Titans,R McLaren,AGS Gous,T Shamsi,2,0,,,,,,,,,
1124661,2017/18,2017-11-15,"Diamond Oval, Kimberley",2,12.1,Knights,Titans,AGS Gous,R McLaren,L Ngidi,4,0,,,,,,,,,
1124661,2017/18,2017-11-15,"Diamond Oval, Kimberley",2,12.2,Knights,Titans,AGS Gous,R McLaren,L Ngidi,0,0,,,,,,,,,
1124661,2017/18,2017-11-15,"Diamond Oval, Kimberley",2,12.3,Knights,Titans,AGS Gous,R McLaren,L Ngidi,6,0,,,,,,,,,
1124661,2017/18,2017-11-15,"Diamond Oval, Kimberley",2,12.4,Knights,Titans,AGS Gous,R McLaren,L Ngidi,1,0,,,,,,,,,
1124661,2017/18,2017-11-15,"Diamond Oval, Kimberley",2,12.5,Knights,Titans,R McLaren,AGS Gous,L Ngidi,0,0,,,,,,,,,
1124661,2017/18,2017-11-15,"Diamond Oval, Kimberley",2,12.6,Knights,Titans,R McLaren,AGS Gous,L Ngidi,1,0,,,,,,,,,
1124661,2017/18,2017-11-15,"Diamond Oval, Kimberley",2,13.1,Knights,Titans,R McLaren,AGS Gous,T Shamsi,0,0,,,,,,,,,
1124661,2017/18,2017-11-15,"Diamond Oval, Kimberley",2,13.2,Knights,Titans,R McLaren,AGS Gous,T Shamsi,0,0,,,,,,caught,R McLaren,,
1124661,2017/18,2017-11-15,"Diamond Oval, Kimberley",2,13.3,Knights,Titans,AGS Gous,AR Swanepoel,T Shamsi,1,0,,,,,,,,,
1124661,2017/18,2017-11-15,"Diamond Oval, Kimberley",2,13.4,Knights,Titans,AR Swanepoel,AGS Gous,T Shamsi,2,0,,,,,,,,,
1124661,2017/18,2017-11-15,"Diamond Oval, Kimberley",2,13.5,Knights,Titans,AR Swanepoel,AGS Gous,T Shamsi,0,1,1,,,,,,,,
1124661,2017/18,2017-11-15,"Diamond Oval, Kimberley",2,13.6,Knights,Titans,AR Swanepoel,AGS Gous,T Shamsi,4,0,,,,,,,,,
1124661,2017/18,2017-11-15,"Diamond Oval, Kimberley",2,13.7,Knights,Titans,AR Swanepoel,AGS Gous,T Shamsi,2,0,,,,,,,,,
1124661,2017/18,2017-11-15,"Diamond Oval, Kimberley",2,14.1,Knights,Titans,AGS Gous,AR Swanepoel,L Ngidi,0,0,,,,,,,,,
1124661,2017/18,2017-11-15,"Diamond Oval, Kimberley",2,14.2,Knights,Titans,AGS Gous,AR Swanepoel,L Ngidi,1,0,,,,,,,,,
1124661,2017/18,2017-11-15,"Diamond Oval, Kimberley",2,14.3,Knights,Titans,AR Swanepoel,AGS Gous,L Ngidi,1,0,,,,,,,,,
1124661,2017/18,2017-11-15,"Diamond Oval, Kimberley",2,14.4,Knights,Titans,AGS Gous,AR Swanepoel,L Ngidi,0,0,,,,,,,,,
1124661,2017/18,2017-11-15,"Diamond Oval, Kimberley",2,14.5,Knights,Titans,AGS Gous,AR Swanepoel,L Ngidi,1,0,,,,,,,,,
1124661,2017/18,2017-11-15,"Diamond Oval, Kimberley",2,14.6,Knights,Titans,AR Swanepoel,AGS Gous,L Ngidi,0,0,,,,,,,,,
1124661,2017/18,2017-11-15,"Diamond Oval, Kimberley",2,15.1,Knights,Titans,AGS Gous,AR Swanepoel,MP Siboto,2,0,,,,,,,,,
1124661,2017/18,2017-11-15,"Diamond Oval, Kimberley",2,15.2,Knights,Titans,AGS Gous,AR Swanepoel,MP Siboto,1,0,,,,,,,,,
1124661,2017/18,2017-11-15,"Diamond Oval, Kimberley",2,15.3,Knights,Titans,AR Swanepoel,AGS Gous,MP Siboto,0,0,,,,,,,,,
1124661,2017/18,2017-11-15,"Diamond Oval, Kimberley",2,15.4,Knights,Titans,AR Swanepoel,AGS Gous,MP Siboto,2,0,,,,,,,,,
1124661,2017/18,2017-11-15,"Diamond Oval, Kimberley",2,15.5,Knights,Titans,AR Swanepoel,AGS Gous,MP Siboto,2,0,,,,,,,,,
1124661,2017/18,2017-11-15,"Diamond Oval, Kimberley",2,15.6,Knights,Titans,AR Swanepoel,AGS Gous,MP Siboto,1,0,,,,,,,,,
1124661,2017/18,2017-11-15,"Diamond Oval, Kimberley",2,16.1,Knights,Titans,AR Swanepoel,AGS Gous,CJ Dala,0,4,,,4,,,,,,
1124661,2017/18,2017-11-15,"Diamond Oval, Kimberley",2,16.2,Knights,Titans,AR Swanepoel,AGS Gous,CJ Dala,0,0,,,,,,,,,
1124661,2017/18,2017-11-15,"Diamond Oval, Kimberley",2,16.3,Knights,Titans,AR Swanepoel,AGS Gous,CJ Dala,1,0,,,,,,,,,
1124661,2017/18,2017-11-15,"Diamond Oval, Kimberley",2,16.4,Knights,Titans,AGS Gous,AR Swanepoel,CJ Dala,1,0,,,,,,,,,
1124661,2017/18,2017-11-15,"Diamond Oval, Kimberley",2,16.5,Knights,Titans,AR Swanepoel,AGS Gous,CJ Dala,0,0,,,,,,,,,
1124661,2017/18,2017-11-15,"Diamond Oval, Kimberley",2,16.6,Knights,Titans,AR Swanepoel,AGS Gous,CJ Dala,1,0,,,,,,,,,
1124661,2017/18,2017-11-15,"Diamond Oval, Kimberley",2,17.1,Knights,Titans,AR Swanepoel,AGS Gous,MP Siboto,0,0,,,,,,caught,AR Swanepoel,,
1124661,2017/18,2017-11-15,"Diamond Oval, Kimberley",2,17.2,Knights,Titans,AGS Gous,M de Lange,MP Siboto,0,0,,,,,,,,,
1124661,2017/18,2017-11-15,"Diamond Oval, Kimberley",2,17.3,Knights,Titans,AGS Gous,M de Lange,MP Siboto,1,0,,,,,,,,,
1124661,2017/18,2017-11-15,"Diamond Oval, Kimberley",2,17.4,Knights,Titans,M de Lange,AGS Gous,MP Siboto,2,0,,,,,,,,,
1124661,2017/18,2017-11-15,"Diamond Oval, Kimberley",2,17.5,Knights,Titans,M de Lange,AGS Gous,MP Siboto,1,0,,,,,,,,,
1124661,2017/18,2017-11-15,"Diamond Oval, Kimberley",2,17.6,Knights,Titans,AGS Gous,M de Lange,MP Siboto,4,0,,,,,,,,,
1124661,2017/18,2017-11-15,"Diamond Oval, Kimberley",2,18.1,Knights,Titans,M de Lange,AGS Gous,CJ Dala,2,0,,,,,,,,,
1124661,2017/18,2017-11-15,"Diamond Oval, Kimberley",2,18.2,Knights,Titans,M de Lange,AGS Gous,CJ Dala,4,0,,,,,,,,,
1124661,2017/18,2017-11-15,"Diamond Oval, Kimberley",2,18.3,Knights,Titans,M de Lange,AGS Gous,CJ Dala,6,0,,,,,,,,,
1124661,2017/18,2017-11-15,"Diamond Oval, Kimberley",2,18.4,Knights,Titans,M de Lange,AGS Gous,CJ Dala,0,0,,,,,,,,,
1124661,2017/18,2017-11-15,"Diamond Oval, Kimberley",2,18.5,Knights,Titans,M de Lange,AGS Gous,CJ Dala,1,0,,,,,,,,,
1124661,2017/18,2017-11-15,"Diamond Oval, Kimberley",2,18.6,Knights,Titans,AGS Gous,M de Lange,CJ Dala,4,0,,,,,,,,,
1124661,2017/18,2017-11-15,"Diamond Oval, Kimberley",2,19.1,Knights,Titans,M de Lange,AGS Gous,MP Siboto,1,0,,,,,,,,,
1124661,2017/18,2017-11-15,"Diamond Oval, Kimberley",2,19.2,Knights,Titans,AGS Gous,M de Lange,MP Siboto,0,0,,,,,,caught,AGS Gous,,
1124661,2017/18,2017-11-15,"Diamond Oval, Kimberley",2,19.3,Knights,Titans,M de Lange,SC van Schalkwyk,MP Siboto,0,1,1,,,,,,,,
1124661,2017/18,2017-11-15,"Diamond Oval, Kimberley",2,19.4,Knights,Titans,M de Lange,SC van Schalkwyk,MP Siboto,2,0,,,,,,,,,
1124661,2017/18,2017-11-15,"Diamond Oval, Kimberley",2,19.5,Knights,Titans,M de Lange,SC van Schalkwyk,MP Siboto,4,0,,,,,,,,,
1124661,2017/18,2017-11-15,"Diamond Oval, Kimberley",2,19.6,Knights,Titans,M de Lange,SC van Schalkwyk,MP Siboto,0,1,1,,,,,,,,
1124661,2017/18,2017-11-15,"Diamond Oval, Kimberley",2,19.7,Knights,Titans,M de Lange,SC van Schalkwyk,MP Siboto,0,1,1,,,,,,,,
1124661,2017/18,2017-11-15,"Diamond Oval, Kimberley",2,19.8,Knights,Titans,M de Lange,SC van Schalkwyk,MP Siboto,4,0,,,,,,,,,
1124661,2017/18,2017-11-15,"Diamond Oval, Kimberley",2,19.9,Knights,Titans,M de Lange,SC van Schalkwyk,MP Siboto,0,0,,,,,,,,,
