match_id,season,start_date,venue,innings,ball,batting_team,bowling_team,striker,non_striker,bowler,runs_off_bat,extras,wides,noballs,byes,legbyes,penalty,wicket_type,player_dismissed,other_wicket_type,other_player_dismissed
1124683,2017/18,2017-12-08,"Mangaung Oval, Bloemfontein",1,0.1,Knights,Dolphins,RS Second,PE Kruger,KA Maharaj,4,0,,,,,,,,,
1124683,2017/18,2017-12-08,"Mangaung Oval, Bloemfontein",1,0.2,Knights,Dolphins,RS Second,PE Kruger,KA Maharaj,1,0,,,,,,,,,
1124683,2017/18,2017-12-08,"Mangaung Oval, Bloemfontein",1,0.3,Knights,Dolphins,PE Kruger,RS Second,KA Maharaj,4,0,,,,,,,,,
1124683,2017/18,2017-12-08,"Mangaung Oval, Bloemfontein",1,0.4,Knights,Dolphins,PE Kruger,RS Second,KA Maharaj,0,0,,,,,,,,,
1124683,2017/18,2017-12-08,"Mangaung Oval, Bloemfontein",1,0.5,Knights,Dolphins,PE Kruger,RS Second,KA Maharaj,0,0,,,,,,lbw,PE Kruger,,
1124683,2017/18,2017-12-08,"Mangaung Oval, Bloemfontein",1,0.6,Knights,Dolphins,TB de Bruyn,RS Second,KA Maharaj,1,0,,,,,,,,,
1124683,2017/18,2017-12-08,"Mangaung Oval, Bloemfontein",1,1.1,Knights,Dolphins,TB de Bruyn,RS Second,M Shezi,0,1,1,,,,,,,,
1124683,2017/18,2017-12-08,"Mangaung Oval, Bloemfontein",1,1.2,Knights,Dolphins,TB de Bruyn,RS Second,M Shezi,0,1,1,,,,,,,,
1124683,2017/18,2017-12-08,"Mangaung Oval, Bloemfontein",1,1.3,Knights,Dolphins,TB de Bruyn,RS Second,M Shezi,1,0,,,,,,,,,
1124683,2017/18,2017-12-08,"Mangaung Oval, Bloemfontein",1,1.4,Knights,Dolphins,RS Second,TB de Bruyn,M Shezi,0,1,1,,,,,,,,
1124683,2017/18,2017-12-08,"Mangaung Oval, Bloemfontein",1,1.5,Knights,Dolphins,RS Second,TB de Bruyn,M Shezi,0,0,,,,,,,,,
1124683,2017/18,2017-12-08,"Mangaung Oval, Bloemfontein",1,1.6,Knights,Dolphins,RS Second,TB de Bruyn,M Shezi,1,0,,,,,,,,,
1124683,2017/18,2017-12-08,"Mangaung Oval, Bloemfontein",1,1.7,Knights,Dolphins,TB de Bruyn,RS Second,M Shezi,0,0,,,,,,,,,
1124683,2017/18,2017-12-08,"Mangaung Oval, Bloemfontein",1,1.8,Knights,Dolphins,TB de Bruyn,RS Second,M Shezi,2,0,,,,,,,,,
1124683,2017/18,2017-12-08,"Mangaung Oval, Bloemfontein",1,1.9,Knights,Dolphins,TB de Bruyn,RS Second,M Shezi,1,0,,,,,,,,,
1124683,2017/18,2017-12-08,"Mangaung Oval, Bloemfontein",1,2.1,Knights,Dolphins,TB de Bruyn,RS Second,R Frylinck,1,0,,,,,,,,,
1124683,2017/18,2017-12-08,"Mangaung Oval, Bloemfontein",1,2.2,Knights,Dolphins,RS Second,TB de Bruyn,R Frylinck,2,0,,,,,,,,,
1124683,2017/18,2017-12-08,"Mangaung Oval, Bloemfontein",1,2.3,Knights,Dolphins,RS Second,TB de Bruyn,R Frylinck,0,0,,,,,,,,,
1124683,2017/18,2017-12-08,"Mangaung Oval, Bloemfontein",1,2.4,Knights,Dolphins,RS Second,TB de Bruyn,R Frylinck,0,0,,,,,,,,,
1124683,2017/18,2017-12-08,"Mangaung Oval, Bloemfontein",1,2.5,Knights,Dolphins,RS Second,TB de Bruyn,R Frylinck,1,0,,,,,,,,,
1124683,2017/18,2017-12-08,"Mangaung Oval, Bloemfontein",1,2.6,Knights,Dolphins,TB de Bruyn,RS Second,R Frylinck,1,0,,,,,,,,,
1124683,2017/18,2017-12-08,"Mangaung Oval, Bloemfontein",1,3.1,Knights,Dolphins,TB de Bruyn,RS Second,AL Phehlukwayo,6,0,,,,,,,,,
1124683,2017/18,2017-12-08,"Mangaung Oval, Bloemfontein",1,3.2,Knights,Dolphins,TB de Bruyn,RS Second,AL Phehlukwayo,1,0,,,,,,,,,
1124683,2017/18,2017-12-08,"Mangaung Oval, Bloemfontein",1,3.3,Knights,Dolphins,RS Second,TB de Bruyn,AL Phehlukwayo,0,0,,,,,,,,,
1124683,2017/18,2017-12-08,"Mangaung Oval, Bloemfontein",1,3.4,Knights,Dolphins,RS Second,TB de Bruyn,AL Phehlukwayo,0,1,1,,,,,,,,
1124683,2017/18,2017-12-08,"Mangaung Oval, Bloemfontein",1,3.5,Knights,Dolphins,RS Second,TB de Bruyn,AL Phehlukwayo,0,1,1,,,,,,,,
1124683,2017/18,2017-12-08,"Mangaung Oval, Bloemfontein",1,3.6,Knights,Dolphins,RS Second,TB de Bruyn,AL Phehlukwayo,0,0,,,,,,,,,
1124683,2017/18,2017-12-08,"Mangaung Oval, Bloemfontein",1,3.7,Knights,Dolphins,RS Second,TB de Bruyn,AL Phehlukwayo,1,0,,,,,,,,,
1124683,2017/18,2017-12-08,"Mangaung Oval, Bloemfontein",1,3.8,Knights,Dolphins,TB de Bruyn,RS Second,AL Phehlukwayo,1,0,,,,,,,,,
1124683,2017/18,2017-12-08,"Mangaung Oval, Bloemfontein",1,4.1,Knights,Dolphins,TB de Bruyn,RS Second,R Frylinck,1,0,,,,,,,,,
1124683,2017/18,2017-12-08,"Mangaung Oval, Bloemfontein",1,4.2,Knights,Dolphins,RS Second,TB de Bruyn,R Frylinck,0,0,,,,,,,,,
1124683,2017/18,2017-12-08,"Mangaung Oval, Bloemfontein",1,4.3,Knights,Dolphins,RS Second,TB de Bruyn,R Frylinck,4,0,,,,,,,,,
1124683,2017/18,2017-12-08,"Mangaung Oval, Bloemfontein",1,4.4,Knights,Dolphins,RS Second,TB de Bruyn,R Frylinck,0,0,,,,,,,,,
1124683,2017/18,2017-12-08,"Mangaung Oval, Bloemfontein",1,4.5,Knights,Dolphins,RS Second,TB de Bruyn,R Frylinck,1,0,,,,,,,,,
1124683,2017/18,2017-12-08,"Mangaung Oval, Bloemfontein",1,4.6,Knights,Dolphins,TB de Bruyn,RS Second,R Frylinck,1,0,,,,,,,,,
1124683,2017/18,2017-12-08,"Mangaung Oval, Bloemfontein",1,5.1,Knights,Dolphins,TB de Bruyn,RS Second,Imran Tahir,0,0,,,,,,,,,
1124683,2017/18,2017-12-08,"Mangaung Oval, Bloemfontein",1,5.2,Knights,Dolphins,TB de Bruyn,RS Second,Imran Tahir,2,0,,,,,,,,,
1124683,2017/18,2017-12-08,"Mangaung Oval, Bloemfontein",1,5.3,Knights,Dolphins,TB de Bruyn,RS Second,Imran Tahir,1,0,,,,,,,,,
1124683,2017/18,2017-12-08,"Mangaung Oval, Bloemfontein",1,5.4,Knights,Dolphins,RS Second,TB de Bruyn,Imran Tahir,0,0,,,,,,,,,
1124683,2017/18,2017-12-08,"Mangaung Oval, Bloemfontein",1,5.5,Knights,Dolphins,RS Second,TB de Bruyn,Imran Tahir,1,0,,,,,,,,,
1124683,2017/18,2017-12-08,"Mangaung Oval, Bloemfontein",1,5.6,Knights,Dolphins,TB de Bruyn,RS Second,Imran Tahir,0,0,,,,,,lbw,TB de Bruyn,,
1124683,2017/18,2017-12-08,"Mangaung Oval, Bloemfontein",1,6.1,Knights,Dolphins,RS Second,DA Miller,KA Maharaj,1,0,,,,,,,,,
1124683,2017/18,2017-12-08,"Mangaung Oval, Bloemfontein",1,6.2,Knights,Dolphins,DA Miller,RS Second,KA Maharaj,1,0,,,,,,,,,
1124683,2017/18,2017-12-08,"Mangaung Oval, Bloemfontein",1,6.3,Knights,Dolphins,RS Second,DA Miller,KA Maharaj,2,0,,,,,,,,,
1124683,2017/18,2017-12-08,"Mangaung Oval, Bloemfontein",1,6.4,Knights,Dolphins,RS Second,DA Miller,KA Maharaj,0,0,,,,,,,,,
1124683,2017/18,2017-12-08,"Mangaung Oval, Bloemfontein",1,6.5,Knights,Dolphins,RS Second,DA Miller,KA Maharaj,0,0,,,,,,,,,
1124683,2017/18,2017-12-08,"Mangaung Oval, Bloemfontein",1,6.6,Knights,Dolphins,RS Second,DA Miller,KA Maharaj,1,0,,,,,,,,,
1124683,2017/18,2017-12-08,"Mangaung Oval, Bloemfontein",1,7.1,Knights,Dolphins,RS Second,DA Miller,Imran Tahir,4,0,,,,,,,,,
1124683,2017/18,2017-12-08,"Mangaung Oval, Bloemfontein",1,7.2,Knights,Dolphins,RS Second,DA Miller,Imran Tahir,1,0,,,,,,,,,
1124683,2017/18,2017-12-08,"Mangaung Oval, Bloemfontein",1,7.3,Knights,Dolphins,DA Miller,RS Second,Imran Tahir,2,0,,,,,,,,,
1124683,2017/18,2017-12-08,"Mangaung Oval, Bloemfontein",1,7.4,Knights,Dolphins,DA Miller,RS Second,Imran Tahir,1,0,,,,,,,,,
1124683,2017/18,2017-12-08,"Mangaung Oval, Bloemfontein",1,7.5,Knights,Dolphins,RS Second,DA Miller,Imran Tahir,0,0,,,,,,caught,RS Second,,
1124683,2017/18,2017-12-08,"Mangaung Oval, Bloemfontein",1,7.6,Knights,Dolphins,KD Petersen,DA Miller,Imran Tahir,0,1,,,1,,,,,,
1124683,2017/18,2017-12-08,"Mangaung Oval, Bloemfontein",1,8.1,Knights,Dolphins,KD Petersen,DA Miller,KA Maharaj,0,0,,,,,,,,,
1124683,2017/18,2017-12-08,"Mangaung Oval, Bloemfontein",1,8.2,Knights,Dolphins,KD Petersen,DA Miller,KA Maharaj,1,0,,,,,,,,,
1124683,2017/18,2017-12-08,"Mangaung Oval, Bloemfontein",1,8.3,Knights,Dolphins,DA Miller,KD Petersen,KA Maharaj,4,0,,,,,,,,,
1124683,2017/18,2017-12-08,"Mangaung Oval, Bloemfontein",1,8.4,Knights,Dolphins,DA Miller,KD Petersen,KA Maharaj,6,0,,,,,,,,,
1124683,2017/18,2017-12-08,"Mangaung Oval, Bloemfontein",1,8.5,Knights,Dolphins,DA Miller,KD Petersen,KA Maharaj,1,0,,,,,,,,,
1124683,2017/18,2017-12-08,"Mangaung Oval, Bloemfontein",1,8.6,Knights,Dolphins,KD Petersen,DA Miller,KA Maharaj,2,0,,,,,,,,,
1124683,2017/18,2017-12-08,"Mangaung Oval, Bloemfontein",1,9.1,Knights,Dolphins,DA Miller,KD Petersen,Imran Tahir,1,0,,,,,,,,,
1124683,2017/18,2017-12-08,"Mangaung Oval, Bloemfontein",1,9.2,Knights,Dolphins,KD Petersen,DA Miller,Imran Tahir,0,0,,,,,,,,,
1124683,2017/18,2017-12-08,"Mangaung Oval, Bloemfontein",1,9.3,Knights,Dolphins,KD Petersen,DA Miller,Imran Tahir,2,0,,,,,,,,,
1124683,2017/18,2017-12-08,"Mangaung Oval, Bloemfontein",1,9.4,Knights,Dolphins,KD Petersen,DA Miller,Imran Tahir,1,0,,,,,,,,,
1124683,2017/18,2017-12-08,"Mangaung Oval, Bloemfontein",1,9.5,Knights,Dolphins,DA Miller,KD Petersen,Imran Tahir,1,0,,,,,,,,,
1124683,2017/18,2017-12-08,"Mangaung Oval, Bloemfontein",1,9.6,Knights,Dolphins,KD Petersen,DA Miller,Imran Tahir,1,0,,,,,,,,,
1124683,2017/18,2017-12-08,"Mangaung Oval, Bloemfontein",1,10.1,Knights,Dolphins,KD Petersen,DA Miller,AL Phehlukwayo,4,0,,,,,,,,,
1124683,2017/18,2017-12-08,"Mangaung Oval, Bloemfontein",1,10.2,Knights,Dolphins,KD Petersen,DA Miller,AL Phehlukwayo,0,0,,,,,,,,,
1124683,2017/18,2017-12-08,"Mangaung Oval, Bloemfontein",1,10.3,Knights,Dolphins,KD Petersen,DA Miller,AL Phehlukwayo,0,0,,,,,,bowled,KD Petersen,,
1124683,2017/18,2017-12-08,"Mangaung Oval, Bloemfontein",1,10.4,Knights,Dolphins,R McLaren,DA Miller,AL Phehlukwayo,1,0,,,,,,,,,
1124683,2017/18,2017-12-08,"Mangaung Oval, Bloemfontein",1,10.5,Knights,Dolphins,DA Miller,R McLaren,AL Phehlukwayo,0,0,,,,,,,,,
1124683,2017/18,2017-12-08,"Mangaung Oval, Bloemfontein",1,10.6,Knights,Dolphins,DA Miller,R McLaren,AL Phehlukwayo,0,0,,,,,,,,,
1124683,2017/18,2017-12-08,"Mangaung Oval, Bloemfontein",1,11.1,Knights,Dolphins,R McLaren,DA Miller,Imran Tahir,0,0,,,,,,,,,
1124683,2017/18,2017-12-08,"Mangaung Oval, Bloemfontein",1,11.2,Knights,Dolphins,R McLaren,DA Miller,Imran Tahir,1,0,,,,,,,,,
1124683,2017/18,2017-12-08,"Mangaung Oval, Bloemfontein",1,11.3,Knights,Dolphins,DA Miller,R McLaren,Imran Tahir,1,0,,,,,,,,,
1124683,2017/18,2017-12-08,"Mangaung Oval, Bloemfontein",1,11.4,Knights,Dolphins,R McLaren,DA Miller,Imran Tahir,2,0,,,,,,,,,
1124683,2017/18,2017-12-08,"Mangaung Oval, Bloemfontein",1,11.5,Knights,Dolphins,R McLaren,DA Miller,Imran Tahir,0,0,,,,,,,,,
1124683,2017/18,2017-12-08,"Mangaung Oval, Bloemfontein",1,11.6,Knights,Dolphins,R McLaren,DA Miller,Imran Tahir,1,0,,,,,,,,,
1124683,2017/18,2017-12-08,"Mangaung Oval, Bloemfontein",1,12.1,Knights,Dolphins,R McLaren,DA Miller,M Shezi,4,0,,,,,,,,,
1124683,2017/18,2017-12-08,"Mangaung Oval, Bloemfontein",1,12.2,Knights,Dolphins,R McLaren,DA Miller,M Shezi,0,5,5,,,,,,,,
1124683,2017/18,2017-12-08,"Mangaung Oval, Bloemfontein",1,12.3,Knights,Dolphins,R McLaren,DA Miller,M Shezi,2,0,,,,,,,,,
1124683,2017/18,2017-12-08,"Mangaung Oval, Bloemfontein",1,12.4,Knights,Dolphins,R McLaren,DA Miller,M Shezi,1,0,,,,,,,,,
1124683,2017/18,2017-12-08,"Mangaung Oval, Bloemfontein",1,12.5,Knights,Dolphins,DA Miller,R McLaren,M Shezi,0,0,,,,,,,,,
1124683,2017/18,2017-12-08,"Mangaung Oval, Bloemfontein",1,12.6,Knights,Dolphins,DA Miller,R McLaren,M Shezi,4,0,,,,,,,,,
1124683,2017/18,2017-12-08,"Mangaung Oval, Bloemfontein",1,12.7,Knights,Dolphins,DA Miller,R McLaren,M Shezi,1,0,,,,,,,,,
1124683,2017/18,2017-12-08,"Mangaung Oval, Bloemfontein",1,13.1,Knights,Dolphins,DA Miller,R McLaren,R Frylinck,1,0,,,,,,,,,
1124683,2017/18,2017-12-08,"Mangaung Oval, Bloemfontein",1,13.2,Knights,Dolphins,R McLaren,DA Miller,R Frylinck,2,0,,,,,,,,,
1124683,2017/18,2017-12-08,"Mangaung Oval, Bloemfontein",1,13.3,Knights,Dolphins,R McLaren,DA Miller,R Frylinck,0,0,,,,,,,,,
1124683,2017/18,2017-12-08,"Mangaung Oval, Bloemfontein",1,13.4,Knights,Dolphins,R McLaren,DA Miller,R Frylinck,0,1,1,,,,,,,,
1124683,2017/18,2017-12-08,"Mangaung Oval, Bloemfontein",1,13.5,Knights,Dolphins,R McLaren,DA Miller,R Frylinck,1,0,,,,,,,,,
1124683,2017/18,2017-12-08,"Mangaung Oval, Bloemfontein",1,13.6,Knights,Dolphins,DA Miller,R McLaren,R Frylinck,6,0,,,,,,,,,
1124683,2017/18,2017-12-08,"Mangaung Oval, Bloemfontein",1,13.7,Knights,Dolphins,DA Miller,R McLaren,R Frylinck,2,0,,,,,,,,,
1124683,2017/18,2017-12-08,"Mangaung Oval, Bloemfontein",1,14.1,Knights,Dolphins,R McLaren,DA Miller,AL Phehlukwayo,4,0,,,,,,,,,
1124683,2017/18,2017-12-08,"Mangaung Oval, Bloemfontein",1,14.2,Knights,Dolphins,R McLaren,DA Miller,AL Phehlukwayo,4,0,,,,,,,,,
1124683,2017/18,2017-12-08,"Mangaung Oval, Bloemfontein",1,14.3,Knights,Dolphins,R McLaren,DA Miller,AL Phehlukwayo,2,0,,,,,,,,,
1124683,2017/18,2017-12-08,"Mangaung Oval, Bloemfontein",1,14.4,Knights,Dolphins,R McLaren,DA Miller,AL Phehlukwayo,4,0,,,,,,,,,
1124683,2017/18,2017-12-08,"Mangaung Oval, Bloemfontein",1,14.5,Knights,Dolphins,R McLaren,DA Miller,AL Phehlukwayo,6,0,,,,,,,,,
1124683,2017/18,2017-12-08,"Mangaung Oval, Bloemfontein",1,14.6,Knights,Dolphins,R McLaren,DA Miller,AL Phehlukwayo,4,0,,,,,,,,,
1124683,2017/18,2017-12-08,"Mangaung Oval, Bloemfontein",1,15.1,Knights,Dolphins,DA Miller,R McLaren,M Shezi,4,0,,,,,,,,,
1124683,2017/18,2017-12-08,"Mangaung Oval, Bloemfontein",1,15.2,Knights,Dolphins,DA Miller,R McLaren,M Shezi,0,0,,,,,,,,,
1124683,2017/18,2017-12-08,"Mangaung Oval, Bloemfontein",1,15.3,Knights,Dolphins,DA Miller,R McLaren,M Shezi,4,0,,,,,,,,,
1124683,2017/18,2017-12-08,"Mangaung Oval, Bloemfontein",1,15.4,Knights,Dolphins,DA Miller,R McLaren,M Shezi,0,1,,,,1,,,,,
1124683,2017/18,2017-12-08,"Mangaung Oval, Bloemfontein",1,15.5,Knights,Dolphins,R McLaren,DA Miller,M Shezi,0,1,,,,1,,,,,
1124683,2017/18,2017-12-08,"Mangaung Oval, Bloemfontein",1,15.6,Knights,Dolphins,DA Miller,R McLaren,M Shezi,0,0,,,,,,,,,
1124683,2017/18,2017-12-08,"Mangaung Oval, Bloemfontein",1,16.1,Knights,Dolphins,R McLaren,DA Miller,R Frylinck,0,0,,,,,,,,,
1124683,2017/18,2017-12-08,"Mangaung Oval, Bloemfontein",1,16.2,Knights,Dolphins,R McLaren,DA Miller,R Frylinck,2,0,,,,,,,,,
1124683,2017/18,2017-12-08,"Mangaung Oval, Bloemfontein",1,16.3,Knights,Dolphins,R McLaren,DA Miller,R Frylinck,4,0,,,,,,,,,
1124683,2017/18,2017-12-08,"Mangaung Oval, Bloemfontein",1,16.4,Knights,Dolphins,R McLaren,DA Miller,R Frylinck,2,0,,,,,,,,,
1124683,2017/18,2017-12-08,"Mangaung Oval, Bloemfontein",1,16.5,Knights,Dolphins,R McLaren,DA Miller,R Frylinck,1,0,,,,,,,,,
1124683,2017/18,2017-12-08,"Mangaung Oval, Bloemfontein",1,16.6,Knights,Dolphins,DA Miller,R McLaren,R Frylinck,6,0,,,,,,,,,
1124683,2017/18,2017-12-08,"Mangaung Oval, Bloemfontein",2,0.1,Dolphins,Knights,SJ Erwee,MN van Wyk,M de Lange,0,0,,,,,,,,,
1124683,2017/18,2017-12-08,"Mangaung Oval, Bloemfontein",2,0.2,Dolphins,Knights,SJ Erwee,MN van Wyk,M de Lange,4,0,,,,,,,,,
1124683,2017/18,2017-12-08,"Mangaung Oval, Bloemfontein",2,0.3,Dolphins,Knights,SJ Erwee,MN van Wyk,M de Lange,4,0,,,,,,,,,
1124683,2017/18,2017-12-08,"Mangaung Oval, Bloemfontein",2,0.4,Dolphins,Knights,SJ Erwee,MN van Wyk,M de Lange,0,0,,,,,,,,,
1124683,2017/18,2017-12-08,"Mangaung Oval, Bloemfontein",2,0.5,Dolphins,Knights,SJ Erwee,MN van Wyk,M de Lange,0,0,,,,,,,,,
1124683,2017/18,2017-12-08,"Mangaung Oval, Bloemfontein",2,0.6,Dolphins,Knights,SJ Erwee,MN van Wyk,M de Lange,0,0,,,,,,,,,
1124683,2017/18,2017-12-08,"Mangaung Oval, Bloemfontein",2,1.1,Dolphins,Knights,MN van Wyk,SJ Erwee,SC van Schalkwyk,0,0,,,,,,,,,
1124683,2017/18,2017-12-08,"Mangaung Oval, Bloemfontein",2,1.2,Dolphins,Knights,MN van Wyk,SJ Erwee,SC van Schalkwyk,4,0,,,,,,,,,
1124683,2017/18,2017-12-08,"Mangaung Oval, Bloemfontein",2,1.3,Dolphins,Knights,MN van Wyk,SJ Erwee,SC van Schalkwyk,1,0,,,,,,,,,
1124683,2017/18,2017-12-08,"Mangaung Oval, Bloemfontein",2,1.4,Dolphins,Knights,SJ Erwee,MN van Wyk,SC van Schalkwyk,0,0,,,,,,,,,
1124683,2017/18,2017-12-08,"Mangaung Oval, Bloemfontein",2,1.5,Dolphins,Knights,SJ Erwee,MN van Wyk,SC van Schalkwyk,0,0,,,,,,,,,
1124683,2017/18,2017-12-08,"Mangaung Oval, Bloemfontein",2,1.6,Dolphins,Knights,SJ Erwee,MN van Wyk,SC van Schalkwyk,1,0,,,,,,,,,
1124683,2017/18,2017-12-08,"Mangaung Oval, Bloemfontein",2,2.1,Dolphins,Knights,SJ Erwee,MN van Wyk,M de Lange,0,0,,,,,,caught,SJ Erwee,,
1124683,2017/18,2017-12-08,"Mangaung Oval, Bloemfontein",2,2.2,Dolphins,Knights,VB van Jaarsveld,MN van Wyk,M de Lange,0,0,,,,,,,,,
1124683,2017/18,2017-12-08,"Mangaung Oval, Bloemfontein",2,2.3,Dolphins,Knights,VB van Jaarsveld,MN van Wyk,M de Lange,0,0,,,,,,,,,
1124683,2017/18,2017-12-08,"Mangaung Oval, Bloemfontein",2,2.4,Dolphins,Knights,VB van Jaarsveld,MN van Wyk,M de Lange,0,0,,,,,,,,,
1124683,2017/18,2017-12-08,"Mangaung Oval, Bloemfontein",2,2.5,Dolphins,Knights,VB van Jaarsveld,MN van Wyk,M de Lange,4,0,,,,,,,,,
1124683,2017/18,2017-12-08,"Mangaung Oval, Bloemfontein",2,2.6,Dolphins,Knights,VB van Jaarsveld,MN van Wyk,M de Lange,0,0,,,,,,,,,
1124683,2017/18,2017-12-08,"Mangaung Oval, Bloemfontein",2,3.1,Dolphins,Knights,MN van Wyk,VB van Jaarsveld,R McLaren,0,0,,,,,,,,,
1124683,2017/18,2017-12-08,"Mangaung Oval, Bloemfontein",2,3.2,Dolphins,Knights,MN van Wyk,VB van Jaarsveld,R McLaren,0,0,,,,,,,,,
1124683,2017/18,2017-12-08,"Mangaung Oval, Bloemfontein",2,3.3,Dolphins,Knights,MN van Wyk,VB van Jaarsveld,R McLaren,4,0,,,,,,,,,
1124683,2017/18,2017-12-08,"Mangaung Oval, Bloemfontein",2,3.4,Dolphins,Knights,MN van Wyk,VB van Jaarsveld,R McLaren,1,0,,,,,,,,,
1124683,2017/18,2017-12-08,"Mangaung Oval, Bloemfontein",2,3.5,Dolphins,Knights,VB van Jaarsveld,MN van Wyk,R McLaren,3,0,,,,,,,,,
1124683,2017/18,2017-12-08,"Mangaung Oval, Bloemfontein",2,3.6,Dolphins,Knights,MN van Wyk,VB van Jaarsveld,R McLaren,1,0,,,,,,,,,
1124683,2017/18,2017-12-08,"Mangaung Oval, Bloemfontein",2,4.1,Dolphins,Knights,MN van Wyk,VB van Jaarsveld,M Budaza,1,0,,,,,,,,,
1124683,2017/18,2017-12-08,"Mangaung Oval, Bloemfontein",2,4.2,Dolphins,Knights,VB van Jaarsveld,MN van Wyk,M Budaza,1,0,,,,,,,,,
1124683,2017/18,2017-12-08,"Mangaung Oval, Bloemfontein",2,4.3,Dolphins,Knights,MN van Wyk,VB van Jaarsveld,M Budaza,4,0,,,,,,,,,
1124683,2017/18,2017-12-08,"Mangaung Oval, Bloemfontein",2,4.4,Dolphins,Knights,MN van Wyk,VB van Jaarsveld,M Budaza,1,0,,,,,,,,,
1124683,2017/18,2017-12-08,"Mangaung Oval, Bloemfontein",2,4.5,Dolphins,Knights,VB van Jaarsveld,MN van Wyk,M Budaza,0,0,,,,,,,,,
1124683,2017/18,2017-12-08,"Mangaung Oval, Bloemfontein",2,4.6,Dolphins,Knights,VB van Jaarsveld,MN van Wyk,M Budaza,0,1,1,,,,,,,,
1124683,2017/18,2017-12-08,"Mangaung Oval, Bloemfontein",2,4.7,Dolphins,Knights,VB van Jaarsveld,MN van Wyk,M Budaza,0,0,,,,,,,,,
1124683,2017/18,2017-12-08,"Mangaung Oval, Bloemfontein",2,5.1,Dolphins,Knights,MN van Wyk,VB van Jaarsveld,E Leie,1,0,,,,,,,,,
1124683,2017/18,2017-12-08,"Mangaung Oval, Bloemfontein",2,5.2,Dolphins,Knights,VB van Jaarsveld,MN van Wyk,E Leie,0,0,,,,,,caught,VB van Jaarsveld,,
1124683,2017/18,2017-12-08,"Mangaung Oval, Bloemfontein",2,5.3,Dolphins,Knights,MN van Wyk,DJ Vilas,E Leie,1,0,,,,,,,,,
1124683,2017/18,2017-12-08,"Mangaung Oval, Bloemfontein",2,5.4,Dolphins,Knights,DJ Vilas,MN van Wyk,E Leie,1,0,,,,,,,,,
1124683,2017/18,2017-12-08,"Mangaung Oval, Bloemfontein",2,5.5,Dolphins,Knights,MN van Wyk,DJ Vilas,E Leie,4,0,,,,,,,,,
1124683,2017/18,2017-12-08,"Mangaung Oval, Bloemfontein",2,5.6,Dolphins,Knights,MN van Wyk,DJ Vilas,E Leie,0,0,,,,,,,,,
1124683,2017/18,2017-12-08,"Mangaung Oval, Bloemfontein",2,6.1,Dolphins,Knights,DJ Vilas,MN van Wyk,M de Lange,2,0,,,,,,,,,
1124683,2017/18,2017-12-08,"Mangaung Oval, Bloemfontein",2,6.2,Dolphins,Knights,DJ Vilas,MN van Wyk,M de Lange,1,0,,,,,,,,,
1124683,2017/18,2017-12-08,"Mangaung Oval, Bloemfontein",2,6.3,Dolphins,Knights,MN van Wyk,DJ Vilas,M de Lange,4,0,,,,,,,,,
1124683,2017/18,2017-12-08,"Mangaung Oval, Bloemfontein",2,6.4,Dolphins,Knights,MN van Wyk,DJ Vilas,M de Lange,1,0,,,,,,,,,
1124683,2017/18,2017-12-08,"Mangaung Oval, Bloemfontein",2,6.5,Dolphins,Knights,DJ Vilas,MN van Wyk,M de Lange,2,0,,,,,,,,,
1124683,2017/18,2017-12-08,"Mangaung Oval, Bloemfontein",2,6.6,Dolphins,Knights,DJ Vilas,MN van Wyk,M de Lange,1,0,,,,,,,,,
1124683,2017/18,2017-12-08,"Mangaung Oval, Bloemfontein",2,7.1,Dolphins,Knights,DJ Vilas,MN van Wyk,E Leie,1,0,,,,,,,,,
1124683,2017/18,2017-12-08,"Mangaung Oval, Bloemfontein",2,7.2,Dolphins,Knights,MN van Wyk,DJ Vilas,E Leie,2,0,,,,,,,,,
1124683,2017/18,2017-12-08,"Mangaung Oval, Bloemfontein",2,7.3,Dolphins,Knights,MN van Wyk,DJ Vilas,E Leie,2,0,,,,,,,,,
1124683,2017/18,2017-12-08,"Mangaung Oval, Bloemfontein",2,7.4,Dolphins,Knights,MN van Wyk,DJ Vilas,E Leie,1,0,,,,,,,,,
1124683,2017/18,2017-12-08,"Mangaung Oval, Bloemfontein",2,7.5,Dolphins,Knights,DJ Vilas,MN van Wyk,E Leie,0,0,,,,,,,,,
1124683,2017/18,2017-12-08,"Mangaung Oval, Bloemfontein",2,7.6,Dolphins,Knights,DJ Vilas,MN van Wyk,E Leie,1,0,,,,,,,,,
1124683,2017/18,2017-12-08,"Mangaung Oval, Bloemfontein",2,8.1,Dolphins,Knights,DJ Vilas,MN van Wyk,SC van Schalkwyk,0,0,,,,,,,,,
1124683,2017/18,2017-12-08,"Mangaung Oval, Bloemfontein",2,8.2,Dolphins,Knights,DJ Vilas,MN van Wyk,SC van Schalkwyk,6,0,,,,,,,,,
1124683,2017/18,2017-12-08,"Mangaung Oval, Bloemfontein",2,8.3,Dolphins,Knights,DJ Vilas,MN van Wyk,SC van Schalkwyk,1,0,,,,,,,,,
1124683,2017/18,2017-12-08,"Mangaung Oval, Bloemfontein",2,8.4,Dolphins,Knights,MN van Wyk,DJ Vilas,SC van Schalkwyk,6,0,,,,,,,,,
1124683,2017/18,2017-12-08,"Mangaung Oval, Bloemfontein",2,8.5,Dolphins,Knights,MN van Wyk,DJ Vilas,SC van Schalkwyk,1,0,,,,,,,,,
1124683,2017/18,2017-12-08,"Mangaung Oval, Bloemfontein",2,8.6,Dolphins,Knights,DJ Vilas,MN van Wyk,SC van Schalkwyk,6,0,,,,,,,,,
1124683,2017/18,2017-12-08,"Mangaung Oval, Bloemfontein",2,9.1,Dolphins,Knights,MN van Wyk,DJ Vilas,E Leie,1,0,,,,,,,,,
1124683,2017/18,2017-12-08,"Mangaung Oval, Bloemfontein",2,9.2,Dolphins,Knights,DJ Vilas,MN van Wyk,E Leie,6,1,,1,,,,,,,
1124683,2017/18,2017-12-08,"Mangaung Oval, Bloemfontein",2,9.3,Dolphins,Knights,DJ Vilas,MN van Wyk,E Leie,6,0,,,,,,,,,
1124683,2017/18,2017-12-08,"Mangaung Oval, Bloemfontein",2,9.4,Dolphins,Knights,DJ Vilas,MN van Wyk,E Leie,6,0,,,,,,,,,
1124683,2017/18,2017-12-08,"Mangaung Oval, Bloemfontein",2,9.5,Dolphins,Knights,DJ Vilas,MN van Wyk,E Leie,1,0,,,,,,,,,
1124683,2017/18,2017-12-08,"Mangaung Oval, Bloemfontein",2,9.6,Dolphins,Knights,MN van Wyk,DJ Vilas,E Leie,2,0,,,,,,,,,
1124683,2017/18,2017-12-08,"Mangaung Oval, Bloemfontein",2,9.7,Dolphins,Knights,MN van Wyk,DJ Vilas,E Leie,1,0,,,,,,,,,
1124683,2017/18,2017-12-08,"Mangaung Oval, Bloemfontein",2,10.1,Dolphins,Knights,MN van Wyk,DJ Vilas,M Budaza,4,0,,,,,,,,,
1124683,2017/18,2017-12-08,"Mangaung Oval, Bloemfontein",2,10.2,Dolphins,Knights,MN van Wyk,DJ Vilas,M Budaza,1,0,,,,,,,,,
1124683,2017/18,2017-12-08,"Mangaung Oval, Bloemfontein",2,10.3,Dolphins,Knights,DJ Vilas,MN van Wyk,M Budaza,0,0,,,,,,,,,
1124683,2017/18,2017-12-08,"Mangaung Oval, Bloemfontein",2,10.4,Dolphins,Knights,DJ Vilas,MN van Wyk,M Budaza,0,1,,,,1,,,,,
1124683,2017/18,2017-12-08,"Mangaung Oval, Bloemfontein",2,10.5,Dolphins,Knights,MN van Wyk,DJ Vilas,M Budaza,2,0,,,,,,,,,
1124683,2017/18,2017-12-08,"Mangaung Oval, Bloemfontein",2,10.6,Dolphins,Knights,MN van Wyk,DJ Vilas,M Budaza,1,0,,,,,,,,,
1124683,2017/18,2017-12-08,"Mangaung Oval, Bloemfontein",2,11.1,Dolphins,Knights,MN van Wyk,DJ Vilas,R McLaren,1,0,,,,,,,,,
1124683,2017/18,2017-12-08,"Mangaung Oval, Bloemfontein",2,11.2,Dolphins,Knights,DJ Vilas,MN van Wyk,R McLaren,2,0,,,,,,,,,
1124683,2017/18,2017-12-08,"Mangaung Oval, Bloemfontein",2,11.3,Dolphins,Knights,DJ Vilas,MN van Wyk,R McLaren,2,0,,,,,,,,,
1124683,2017/18,2017-12-08,"Mangaung Oval, Bloemfontein",2,11.4,Dolphins,Knights,DJ Vilas,MN van Wyk,R McLaren,6,0,,,,,,,,,
1124683,2017/18,2017-12-08,"Mangaung Oval, Bloemfontein",2,11.5,Dolphins,Knights,DJ Vilas,MN van Wyk,R McLaren,0,0,,,,,,caught,DJ Vilas,,
1124683,2017/18,2017-12-08,"Mangaung Oval, Bloemfontein",2,11.6,Dolphins,Knights,MN van Wyk,AL Phehlukwayo,R McLaren,1,0,,,,,,,,,
1124683,2017/18,2017-12-08,"Mangaung Oval, Bloemfontein",2,12.1,Dolphins,Knights,MN van Wyk,AL Phehlukwayo,M Budaza,1,0,,,,,,,,,
1124683,2017/18,2017-12-08,"Mangaung Oval, Bloemfontein",2,12.2,Dolphins,Knights,AL Phehlukwayo,MN van Wyk,M Budaza,0,0,,,,,,caught,AL Phehlukwayo,,
1124683,2017/18,2017-12-08,"Mangaung Oval, Bloemfontein",2,12.3,Dolphins,Knights,MN van Wyk,R Frylinck,M Budaza,0,0,,,,,,,,,
1124683,2017/18,2017-12-08,"Mangaung Oval, Bloemfontein",2,12.4,Dolphins,Knights,MN van Wyk,R Frylinck,M Budaza,4,0,,,,,,,,,
1124683,2017/18,2017-12-08,"Mangaung Oval, Bloemfontein",2,12.5,Dolphins,Knights,MN van Wyk,R Frylinck,M Budaza,0,0,,,,,,,,,
1124683,2017/18,2017-12-08,"Mangaung Oval, Bloemfontein",2,12.6,Dolphins,Knights,MN van Wyk,R Frylinck,M Budaza,4,0,,,,,,,,,
1124683,2017/18,2017-12-08,"Mangaung Oval, Bloemfontein",2,13.1,Dolphins,Knights,R Frylinck,MN van Wyk,R McLaren,1,0,,,,,,,,,
1124683,2017/18,2017-12-08,"Mangaung Oval, Bloemfontein",2,13.2,Dolphins,Knights,MN van Wyk,R Frylinck,R McLaren,1,0,,,,,,,,,
1124683,2017/18,2017-12-08,"Mangaung Oval, Bloemfontein",2,13.3,Dolphins,Knights,R Frylinck,MN van Wyk,R McLaren,0,0,,,,,,,,,
1124683,2017/18,2017-12-08,"Mangaung Oval, Bloemfontein",2,13.4,Dolphins,Knights,R Frylinck,MN van Wyk,R McLaren,6,0,,,,,,,,,
1124683,2017/18,2017-12-08,"Mangaung Oval, Bloemfontein",2,13.5,Dolphins,Knights,R Frylinck,MN van Wyk,R McLaren,4,0,,,,,,,,,
1124683,2017/18,2017-12-08,"Mangaung Oval, Bloemfontein",2,13.6,Dolphins,Knights,R Frylinck,MN van Wyk,R McLaren,1,0,,,,,,,,,
1124683,2017/18,2017-12-08,"Mangaung Oval, Bloemfontein",2,14.1,Dolphins,Knights,R Frylinck,MN van Wyk,SC van Schalkwyk,1,0,,,,,,,,,
1124683,2017/18,2017-12-08,"Mangaung Oval, Bloemfontein",2,14.2,Dolphins,Knights,MN van Wyk,R Frylinck,SC van Schalkwyk,2,0,,,,,,,,,
1124683,2017/18,2017-12-08,"Mangaung Oval, Bloemfontein",2,14.3,Dolphins,Knights,MN van Wyk,R Frylinck,SC van Schalkwyk,1,0,,,,,,,,,
1124683,2017/18,2017-12-08,"Mangaung Oval, Bloemfontein",2,14.4,Dolphins,Knights,R Frylinck,MN van Wyk,SC van Schalkwyk,1,0,,,,,,,,,
1124683,2017/18,2017-12-08,"Mangaung Oval, Bloemfontein",2,14.5,Dolphins,Knights,MN van Wyk,R Frylinck,SC van Schalkwyk,1,0,,,,,,,,,
1124683,2017/18,2017-12-08,"Mangaung Oval, Bloemfontein",2,14.6,Dolphins,Knights,R Frylinck,MN van Wyk,SC van Schalkwyk,4,0,,,,,,,,,
1124683,2017/18,2017-12-08,"Mangaung Oval, Bloemfontein",2,15.1,Dolphins,Knights,MN van Wyk,R Frylinck,M de Lange,1,0,,,,,,,,,
1124683,2017/18,2017-12-08,"Mangaung Oval, Bloemfontein",2,15.2,Dolphins,Knights,R Frylinck,MN van Wyk,M de Lange,1,0,,,,,,,,,
1124683,2017/18,2017-12-08,"Mangaung Oval, Bloemfontein",2,15.3,Dolphins,Knights,MN van Wyk,R Frylinck,M de Lange,1,0,,,,,,,,,
1124683,2017/18,2017-12-08,"Mangaung Oval, Bloemfontein",2,15.4,Dolphins,Knights,R Frylinck,MN van Wyk,M de Lange,0,0,,,,,,,,,
1124683,2017/18,2017-12-08,"Mangaung Oval, Bloemfontein",2,15.5,Dolphins,Knights,R Frylinck,MN van Wyk,M de Lange,0,0,,,,,,,,,
1124683,2017/18,2017-12-08,"Mangaung Oval, Bloemfontein",2,15.6,Dolphins,Knights,R Frylinck,MN van Wyk,M de Lange,4,0,,,,,,,,,
1124683,2017/18,2017-12-08,"Mangaung Oval, Bloemfontein",2,16.1,Dolphins,Knights,MN van Wyk,R Frylinck,SC van Schalkwyk,0,1,,,,1,,,,,
1124683,2017/18,2017-12-08,"Mangaung Oval, Bloemfontein",2,16.2,Dolphins,Knights,R Frylinck,MN van Wyk,SC van Schalkwyk,0,0,,,,,,,,,
1124683,2017/18,2017-12-08,"Mangaung Oval, Bloemfontein",2,16.3,Dolphins,Knights,R Frylinck,MN van Wyk,SC van Schalkwyk,4,0,,,,,,,,,
