match_id,season,start_date,venue,innings,ball,batting_team,bowling_team,striker,non_striker,bowler,runs_off_bat,extras,wides,noballs,byes,legbyes,penalty,wicket_type,player_dismissed,other_wicket_type,other_player_dismissed
1124688,2017/18,2017-12-13,"SuperSport Park, Centurion",1,0.1,Warriors,Titans,WD Parnell,JT Smuts,JA Morkel,0,0,,,,,,,,,
1124688,2017/18,2017-12-13,"SuperSport Park, Centurion",1,0.2,Warriors,Titans,WD Parnell,JT Smuts,JA Morkel,0,0,,,,,,,,,
1124688,2017/18,2017-12-13,"SuperSport Park, Centurion",1,0.3,Warriors,Titans,WD Parnell,JT Smuts,JA Morkel,0,0,,,,,,,,,
1124688,2017/18,2017-12-13,"SuperSport Park, Centurion",1,0.4,Warriors,Titans,WD Parnell,JT Smuts,JA Morkel,4,0,,,,,,,,,
1124688,2017/18,2017-12-13,"SuperSport Park, Centurion",1,0.5,Warriors,Titans,WD Parnell,JT Smuts,JA Morkel,0,0,,,,,,bowled,WD Parnell,,
1124688,2017/18,2017-12-13,"SuperSport Park, Centurion",1,0.6,Warriors,Titans,CA Ingram,JT Smuts,JA Morkel,4,0,,,,,,,,,
1124688,2017/18,2017-12-13,"SuperSport Park, Centurion",1,1.1,Warriors,Titans,JT Smuts,CA Ingram,L Ngidi,4,0,,,,,,,,,
1124688,2017/18,2017-12-13,"SuperSport Park, Centurion",1,1.2,Warriors,Titans,JT Smuts,CA Ingram,L Ngidi,4,0,,,,,,,,,
1124688,2017/18,2017-12-13,"SuperSport Park, Centurion",1,1.3,Warriors,Titans,JT Smuts,CA Ingram,L Ngidi,0,1,1,,,,,,,,
1124688,2017/18,2017-12-13,"SuperSport Park, Centurion",1,1.4,Warriors,Titans,JT Smuts,CA Ingram,L Ngidi,0,0,,,,,,,,,
1124688,2017/18,2017-12-13,"SuperSport Park, Centurion",1,1.5,Warriors,Titans,JT Smuts,CA Ingram,L Ngidi,0,0,,,,,,,,,
1124688,2017/18,2017-12-13,"SuperSport Park, Centurion",1,1.6,Warriors,Titans,JT Smuts,CA Ingram,L Ngidi,0,0,,,,,,,,,
1124688,2017/18,2017-12-13,"SuperSport Park, Centurion",1,1.7,Warriors,Titans,JT Smuts,CA Ingram,L Ngidi,0,0,,,,,,caught,JT Smuts,,
1124688,2017/18,2017-12-13,"SuperSport Park, Centurion",1,2.1,Warriors,Titans,CA Ingram,CN Ackermann,CH Morris,0,0,,,,,,,,,
1124688,2017/18,2017-12-13,"SuperSport Park, Centurion",1,2.2,Warriors,Titans,CA Ingram,CN Ackermann,CH Morris,0,0,,,,,,,,,
1124688,2017/18,2017-12-13,"SuperSport Park, Centurion",1,2.3,Warriors,Titans,CA Ingram,CN Ackermann,CH Morris,0,0,,,,,,,,,
1124688,2017/18,2017-12-13,"SuperSport Park, Centurion",1,2.4,Warriors,Titans,CA Ingram,CN Ackermann,CH Morris,0,0,,,,,,,,,
1124688,2017/18,2017-12-13,"SuperSport Park, Centurion",1,2.5,Warriors,Titans,CA Ingram,CN Ackermann,CH Morris,0,0,,,,,,,,,
1124688,2017/18,2017-12-13,"SuperSport Park, Centurion",1,2.6,Warriors,Titans,CA Ingram,CN Ackermann,CH Morris,1,0,,,,,,,,,
1124688,2017/18,2017-12-13,"SuperSport Park, Centurion",1,3.1,Warriors,Titans,CA Ingram,CN Ackermann,L Ngidi,0,0,,,,,,,,,
1124688,2017/18,2017-12-13,"SuperSport Park, Centurion",1,3.2,Warriors,Titans,CA Ingram,CN Ackermann,L Ngidi,6,0,,,,,,,,,
1124688,2017/18,2017-12-13,"SuperSport Park, Centurion",1,3.3,Warriors,Titans,CA Ingram,CN Ackermann,L Ngidi,0,0,,,,,,,,,
1124688,2017/18,2017-12-13,"SuperSport Park, Centurion",1,3.4,Warriors,Titans,CA Ingram,CN Ackermann,L Ngidi,1,0,,,,,,,,,
1124688,2017/18,2017-12-13,"SuperSport Park, Centurion",1,3.5,Warriors,Titans,CN Ackermann,CA Ingram,L Ngidi,0,0,,,,,,,,,
1124688,2017/18,2017-12-13,"SuperSport Park, Centurion",1,3.6,Warriors,Titans,CN Ackermann,CA Ingram,L Ngidi,0,0,,,,,,,,,
1124688,2017/18,2017-12-13,"SuperSport Park, Centurion",1,4.1,Warriors,Titans,CA Ingram,CN Ackermann,CH Morris,4,0,,,,,,,,,
1124688,2017/18,2017-12-13,"SuperSport Park, Centurion",1,4.2,Warriors,Titans,CA Ingram,CN Ackermann,CH Morris,0,1,1,,,,,,,,
1124688,2017/18,2017-12-13,"SuperSport Park, Centurion",1,4.3,Warriors,Titans,CA Ingram,CN Ackermann,CH Morris,0,0,,,,,,,,,
1124688,2017/18,2017-12-13,"SuperSport Park, Centurion",1,4.4,Warriors,Titans,CA Ingram,CN Ackermann,CH Morris,4,0,,,,,,,,,
1124688,2017/18,2017-12-13,"SuperSport Park, Centurion",1,4.5,Warriors,Titans,CA Ingram,CN Ackermann,CH Morris,0,0,,,,,,,,,
1124688,2017/18,2017-12-13,"SuperSport Park, Centurion",1,4.6,Warriors,Titans,CA Ingram,CN Ackermann,CH Morris,1,0,,,,,,,,,
1124688,2017/18,2017-12-13,"SuperSport Park, Centurion",1,4.7,Warriors,Titans,CN Ackermann,CA Ingram,CH Morris,0,0,,,,,,,,,
1124688,2017/18,2017-12-13,"SuperSport Park, Centurion",1,5.1,Warriors,Titans,CA Ingram,CN Ackermann,MP Siboto,6,0,,,,,,,,,
1124688,2017/18,2017-12-13,"SuperSport Park, Centurion",1,5.2,Warriors,Titans,CA Ingram,CN Ackermann,MP Siboto,4,0,,,,,,,,,
1124688,2017/18,2017-12-13,"SuperSport Park, Centurion",1,5.3,Warriors,Titans,CA Ingram,CN Ackermann,MP Siboto,1,0,,,,,,,,,
1124688,2017/18,2017-12-13,"SuperSport Park, Centurion",1,5.4,Warriors,Titans,CN Ackermann,CA Ingram,MP Siboto,0,0,,,,,,,,,
1124688,2017/18,2017-12-13,"SuperSport Park, Centurion",1,5.5,Warriors,Titans,CN Ackermann,CA Ingram,MP Siboto,4,0,,,,,,,,,
1124688,2017/18,2017-12-13,"SuperSport Park, Centurion",1,5.6,Warriors,Titans,CN Ackermann,CA Ingram,MP Siboto,6,0,,,,,,,,,
1124688,2017/18,2017-12-13,"SuperSport Park, Centurion",1,6.1,Warriors,Titans,CA Ingram,CN Ackermann,CJ Dala,4,0,,,,,,,,,
1124688,2017/18,2017-12-13,"SuperSport Park, Centurion",1,6.2,Warriors,Titans,CA Ingram,CN Ackermann,CJ Dala,1,0,,,,,,,,,
1124688,2017/18,2017-12-13,"SuperSport Park, Centurion",1,6.3,Warriors,Titans,CN Ackermann,CA Ingram,CJ Dala,1,0,,,,,,,,,
1124688,2017/18,2017-12-13,"SuperSport Park, Centurion",1,6.4,Warriors,Titans,CA Ingram,CN Ackermann,CJ Dala,1,0,,,,,,,,,
1124688,2017/18,2017-12-13,"SuperSport Park, Centurion",1,6.5,Warriors,Titans,CN Ackermann,CA Ingram,CJ Dala,0,0,,,,,,,,,
1124688,2017/18,2017-12-13,"SuperSport Park, Centurion",1,6.6,Warriors,Titans,CN Ackermann,CA Ingram,CJ Dala,1,0,,,,,,,,,
1124688,2017/18,2017-12-13,"SuperSport Park, Centurion",1,7.1,Warriors,Titans,CN Ackermann,CA Ingram,AK Markram,0,0,,,,,,,,,
1124688,2017/18,2017-12-13,"SuperSport Park, Centurion",1,7.2,Warriors,Titans,CN Ackermann,CA Ingram,AK Markram,4,0,,,,,,,,,
1124688,2017/18,2017-12-13,"SuperSport Park, Centurion",1,7.3,Warriors,Titans,CN Ackermann,CA Ingram,AK Markram,6,0,,,,,,,,,
1124688,2017/18,2017-12-13,"SuperSport Park, Centurion",1,7.4,Warriors,Titans,CN Ackermann,CA Ingram,AK Markram,1,0,,,,,,,,,
1124688,2017/18,2017-12-13,"SuperSport Park, Centurion",1,7.5,Warriors,Titans,CA Ingram,CN Ackermann,AK Markram,0,0,,,,,,,,,
1124688,2017/18,2017-12-13,"SuperSport Park, Centurion",1,7.6,Warriors,Titans,CA Ingram,CN Ackermann,AK Markram,0,1,1,,,,,,,,
1124688,2017/18,2017-12-13,"SuperSport Park, Centurion",1,7.7,Warriors,Titans,CA Ingram,CN Ackermann,AK Markram,1,0,,,,,,,,,
1124688,2017/18,2017-12-13,"SuperSport Park, Centurion",1,8.1,Warriors,Titans,CA Ingram,CN Ackermann,T Shamsi,1,0,,,,,,,,,
1124688,2017/18,2017-12-13,"SuperSport Park, Centurion",1,8.2,Warriors,Titans,CN Ackermann,CA Ingram,T Shamsi,0,0,,,,,,,,,
1124688,2017/18,2017-12-13,"SuperSport Park, Centurion",1,8.3,Warriors,Titans,CN Ackermann,CA Ingram,T Shamsi,0,0,,,,,,,,,
1124688,2017/18,2017-12-13,"SuperSport Park, Centurion",1,8.4,Warriors,Titans,CN Ackermann,CA Ingram,T Shamsi,0,0,,,,,,,,,
1124688,2017/18,2017-12-13,"SuperSport Park, Centurion",1,8.5,Warriors,Titans,CN Ackermann,CA Ingram,T Shamsi,1,0,,,,,,,,,
1124688,2017/18,2017-12-13,"SuperSport Park, Centurion",1,8.6,Warriors,Titans,CA Ingram,CN Ackermann,T Shamsi,1,0,,,,,,,,,
1124688,2017/18,2017-12-13,"SuperSport Park, Centurion",1,9.1,Warriors,Titans,CA Ingram,CN Ackermann,AK Markram,0,0,,,,,,,,,
1124688,2017/18,2017-12-13,"SuperSport Park, Centurion",1,9.2,Warriors,Titans,CA Ingram,CN Ackermann,AK Markram,0,0,,,,,,caught,CA Ingram,,
1124688,2017/18,2017-12-13,"SuperSport Park, Centurion",1,9.3,Warriors,Titans,C Jonker,CN Ackermann,AK Markram,1,0,,,,,,,,,
1124688,2017/18,2017-12-13,"SuperSport Park, Centurion",1,9.4,Warriors,Titans,CN Ackermann,C Jonker,AK Markram,1,0,,,,,,,,,
1124688,2017/18,2017-12-13,"SuperSport Park, Centurion",1,9.5,Warriors,Titans,C Jonker,CN Ackermann,AK Markram,0,0,,,,,,,,,
1124688,2017/18,2017-12-13,"SuperSport Park, Centurion",1,9.6,Warriors,Titans,C Jonker,CN Ackermann,AK Markram,0,0,,,,,,,,,
1124688,2017/18,2017-12-13,"SuperSport Park, Centurion",1,10.1,Warriors,Titans,CN Ackermann,C Jonker,T Shamsi,0,0,,,,,,,,,
1124688,2017/18,2017-12-13,"SuperSport Park, Centurion",1,10.2,Warriors,Titans,CN Ackermann,C Jonker,T Shamsi,0,0,,,,,,,,,
1124688,2017/18,2017-12-13,"SuperSport Park, Centurion",1,10.3,Warriors,Titans,CN Ackermann,C Jonker,T Shamsi,6,0,,,,,,,,,
1124688,2017/18,2017-12-13,"SuperSport Park, Centurion",1,10.4,Warriors,Titans,CN Ackermann,C Jonker,T Shamsi,1,0,,,,,,,,,
1124688,2017/18,2017-12-13,"SuperSport Park, Centurion",1,10.5,Warriors,Titans,C Jonker,CN Ackermann,T Shamsi,1,0,,,,,,,,,
1124688,2017/18,2017-12-13,"SuperSport Park, Centurion",1,10.6,Warriors,Titans,CN Ackermann,C Jonker,T Shamsi,4,0,,,,,,,,,
1124688,2017/18,2017-12-13,"SuperSport Park, Centurion",1,11.1,Warriors,Titans,C Jonker,CN Ackermann,AK Markram,1,0,,,,,,,,,
1124688,2017/18,2017-12-13,"SuperSport Park, Centurion",1,11.2,Warriors,Titans,CN Ackermann,C Jonker,AK Markram,1,0,,,,,,,,,
1124688,2017/18,2017-12-13,"SuperSport Park, Centurion",1,11.3,Warriors,Titans,C Jonker,CN Ackermann,AK Markram,0,0,,,,,,,,,
1124688,2017/18,2017-12-13,"SuperSport Park, Centurion",1,11.4,Warriors,Titans,C Jonker,CN Ackermann,AK Markram,0,0,,,,,,,,,
1124688,2017/18,2017-12-13,"SuperSport Park, Centurion",1,11.5,Warriors,Titans,C Jonker,CN Ackermann,AK Markram,1,0,,,,,,,,,
1124688,2017/18,2017-12-13,"SuperSport Park, Centurion",1,11.6,Warriors,Titans,CN Ackermann,C Jonker,AK Markram,4,0,,,,,,,,,
1124688,2017/18,2017-12-13,"SuperSport Park, Centurion",1,12.1,Warriors,Titans,C Jonker,CN Ackermann,CJ Dala,4,0,,,,,,,,,
1124688,2017/18,2017-12-13,"SuperSport Park, Centurion",1,12.2,Warriors,Titans,C Jonker,CN Ackermann,CJ Dala,1,0,,,,,,,,,
1124688,2017/18,2017-12-13,"SuperSport Park, Centurion",1,12.3,Warriors,Titans,CN Ackermann,C Jonker,CJ Dala,0,0,,,,,,,,,
1124688,2017/18,2017-12-13,"SuperSport Park, Centurion",1,12.4,Warriors,Titans,CN Ackermann,C Jonker,CJ Dala,1,0,,,,,,,,,
1124688,2017/18,2017-12-13,"SuperSport Park, Centurion",1,12.5,Warriors,Titans,C Jonker,CN Ackermann,CJ Dala,1,0,,,,,,,,,
1124688,2017/18,2017-12-13,"SuperSport Park, Centurion",1,12.6,Warriors,Titans,CN Ackermann,C Jonker,CJ Dala,1,0,,,,,,,,,
1124688,2017/18,2017-12-13,"SuperSport Park, Centurion",1,13.1,Warriors,Titans,CN Ackermann,C Jonker,T Shamsi,1,0,,,,,,,,,
1124688,2017/18,2017-12-13,"SuperSport Park, Centurion",1,13.2,Warriors,Titans,C Jonker,CN Ackermann,T Shamsi,4,0,,,,,,,,,
1124688,2017/18,2017-12-13,"SuperSport Park, Centurion",1,13.3,Warriors,Titans,C Jonker,CN Ackermann,T Shamsi,0,0,,,,,,caught,C Jonker,,
1124688,2017/18,2017-12-13,"SuperSport Park, Centurion",1,13.4,Warriors,Titans,CN Ackermann,GL Cloete,T Shamsi,4,0,,,,,,,,,
1124688,2017/18,2017-12-13,"SuperSport Park, Centurion",1,13.5,Warriors,Titans,CN Ackermann,GL Cloete,T Shamsi,0,1,1,,,,,,,,
1124688,2017/18,2017-12-13,"SuperSport Park, Centurion",1,13.6,Warriors,Titans,CN Ackermann,GL Cloete,T Shamsi,0,0,,,,,,lbw,CN Ackermann,,
1124688,2017/18,2017-12-13,"SuperSport Park, Centurion",1,13.7,Warriors,Titans,LC Ngoepe,GL Cloete,T Shamsi,0,0,,,,,,,,,
1124688,2017/18,2017-12-13,"SuperSport Park, Centurion",1,14.1,Warriors,Titans,GL Cloete,LC Ngoepe,AK Markram,1,0,,,,,,,,,
1124688,2017/18,2017-12-13,"SuperSport Park, Centurion",1,14.2,Warriors,Titans,LC Ngoepe,GL Cloete,AK Markram,0,0,,,,,,,,,
1124688,2017/18,2017-12-13,"SuperSport Park, Centurion",1,14.3,Warriors,Titans,LC Ngoepe,GL Cloete,AK Markram,1,0,,,,,,,,,
1124688,2017/18,2017-12-13,"SuperSport Park, Centurion",1,14.4,Warriors,Titans,GL Cloete,LC Ngoepe,AK Markram,4,0,,,,,,,,,
1124688,2017/18,2017-12-13,"SuperSport Park, Centurion",1,14.5,Warriors,Titans,GL Cloete,LC Ngoepe,AK Markram,1,0,,,,,,,,,
1124688,2017/18,2017-12-13,"SuperSport Park, Centurion",1,14.6,Warriors,Titans,LC Ngoepe,GL Cloete,AK Markram,1,0,,,,,,,,,
1124688,2017/18,2017-12-13,"SuperSport Park, Centurion",1,15.1,Warriors,Titans,LC Ngoepe,GL Cloete,T Shamsi,6,0,,,,,,,,,
1124688,2017/18,2017-12-13,"SuperSport Park, Centurion",1,15.2,Warriors,Titans,LC Ngoepe,GL Cloete,T Shamsi,0,0,,,,,,,,,
1124688,2017/18,2017-12-13,"SuperSport Park, Centurion",1,15.3,Warriors,Titans,LC Ngoepe,GL Cloete,T Shamsi,1,0,,,,,,,,,
1124688,2017/18,2017-12-13,"SuperSport Park, Centurion",1,15.4,Warriors,Titans,GL Cloete,LC Ngoepe,T Shamsi,0,0,,,,,,,,,
1124688,2017/18,2017-12-13,"SuperSport Park, Centurion",1,15.5,Warriors,Titans,GL Cloete,LC Ngoepe,T Shamsi,0,0,,,,,,lbw,GL Cloete,,
1124688,2017/18,2017-12-13,"SuperSport Park, Centurion",1,15.6,Warriors,Titans,MJ Nqolo,LC Ngoepe,T Shamsi,0,0,,,,,,caught,MJ Nqolo,,
1124688,2017/18,2017-12-13,"SuperSport Park, Centurion",1,16.1,Warriors,Titans,LC Ngoepe,ACR Birch,CJ Dala,1,0,,,,,,,,,
1124688,2017/18,2017-12-13,"SuperSport Park, Centurion",1,16.2,Warriors,Titans,ACR Birch,LC Ngoepe,CJ Dala,0,0,,,,,,,,,
1124688,2017/18,2017-12-13,"SuperSport Park, Centurion",1,16.3,Warriors,Titans,ACR Birch,LC Ngoepe,CJ Dala,0,0,,,,,,,,,
1124688,2017/18,2017-12-13,"SuperSport Park, Centurion",1,16.4,Warriors,Titans,ACR Birch,LC Ngoepe,CJ Dala,0,0,,,,,,,,,
1124688,2017/18,2017-12-13,"SuperSport Park, Centurion",1,16.5,Warriors,Titans,ACR Birch,LC Ngoepe,CJ Dala,0,0,,,,,,caught,ACR Birch,,
1124688,2017/18,2017-12-13,"SuperSport Park, Centurion",1,16.6,Warriors,Titans,LC Ngoepe,SSB Magala,CJ Dala,1,0,,,,,,,,,
1124688,2017/18,2017-12-13,"SuperSport Park, Centurion",1,17.1,Warriors,Titans,LC Ngoepe,SSB Magala,CH Morris,4,0,,,,,,,,,
1124688,2017/18,2017-12-13,"SuperSport Park, Centurion",1,17.2,Warriors,Titans,LC Ngoepe,SSB Magala,CH Morris,0,0,,,,,,caught,LC Ngoepe,,
1124688,2017/18,2017-12-13,"SuperSport Park, Centurion",1,17.3,Warriors,Titans,SSB Magala,BD Walters,CH Morris,0,0,,,,,,,,,
1124688,2017/18,2017-12-13,"SuperSport Park, Centurion",1,17.4,Warriors,Titans,SSB Magala,BD Walters,CH Morris,1,0,,,,,,,,,
1124688,2017/18,2017-12-13,"SuperSport Park, Centurion",1,17.5,Warriors,Titans,BD Walters,SSB Magala,CH Morris,0,0,,,,,,,,,
1124688,2017/18,2017-12-13,"SuperSport Park, Centurion",1,17.6,Warriors,Titans,BD Walters,SSB Magala,CH Morris,2,0,,,,,,,,,
1124688,2017/18,2017-12-13,"SuperSport Park, Centurion",1,18.1,Warriors,Titans,SSB Magala,BD Walters,CJ Dala,0,0,,,,,,caught,SSB Magala,,
1124688,2017/18,2017-12-13,"SuperSport Park, Centurion",2,0.1,Titans,Warriors,Q de Kock,AK Markram,ACR Birch,0,0,,,,,,,,,
1124688,2017/18,2017-12-13,"SuperSport Park, Centurion",2,0.2,Titans,Warriors,Q de Kock,AK Markram,ACR Birch,0,1,1,,,,,,,,
1124688,2017/18,2017-12-13,"SuperSport Park, Centurion",2,0.3,Titans,Warriors,Q de Kock,AK Markram,ACR Birch,1,0,,,,,,,,,
1124688,2017/18,2017-12-13,"SuperSport Park, Centurion",2,0.4,Titans,Warriors,AK Markram,Q de Kock,ACR Birch,0,0,,,,,,,,,
1124688,2017/18,2017-12-13,"SuperSport Park, Centurion",2,0.5,Titans,Warriors,AK Markram,Q de Kock,ACR Birch,1,0,,,,,,,,,
1124688,2017/18,2017-12-13,"SuperSport Park, Centurion",2,0.6,Titans,Warriors,Q de Kock,AK Markram,ACR Birch,0,0,,,,,,caught,Q de Kock,,
1124688,2017/18,2017-12-13,"SuperSport Park, Centurion",2,0.7,Titans,Warriors,H Klaasen,AK Markram,ACR Birch,0,0,,,,,,,,,
1124688,2017/18,2017-12-13,"SuperSport Park, Centurion",2,1.1,Titans,Warriors,AK Markram,H Klaasen,BD Walters,0,0,,,,,,,,,
1124688,2017/18,2017-12-13,"SuperSport Park, Centurion",2,1.2,Titans,Warriors,AK Markram,H Klaasen,BD Walters,0,0,,,,,,,,,
1124688,2017/18,2017-12-13,"SuperSport Park, Centurion",2,1.3,Titans,Warriors,AK Markram,H Klaasen,BD Walters,0,1,,,,1,,,,,
1124688,2017/18,2017-12-13,"SuperSport Park, Centurion",2,1.4,Titans,Warriors,H Klaasen,AK Markram,BD Walters,1,0,,,,,,,,,
1124688,2017/18,2017-12-13,"SuperSport Park, Centurion",2,1.5,Titans,Warriors,AK Markram,H Klaasen,BD Walters,4,0,,,,,,,,,
1124688,2017/18,2017-12-13,"SuperSport Park, Centurion",2,1.6,Titans,Warriors,AK Markram,H Klaasen,BD Walters,0,0,,,,,,,,,
1124688,2017/18,2017-12-13,"SuperSport Park, Centurion",2,2.1,Titans,Warriors,H Klaasen,AK Markram,ACR Birch,0,0,,,,,,,,,
1124688,2017/18,2017-12-13,"SuperSport Park, Centurion",2,2.2,Titans,Warriors,H Klaasen,AK Markram,ACR Birch,0,0,,,,,,,,,
1124688,2017/18,2017-12-13,"SuperSport Park, Centurion",2,2.3,Titans,Warriors,H Klaasen,AK Markram,ACR Birch,0,5,5,,,,,,,,
1124688,2017/18,2017-12-13,"SuperSport Park, Centurion",2,2.4,Titans,Warriors,H Klaasen,AK Markram,ACR Birch,2,0,,,,,,,,,
1124688,2017/18,2017-12-13,"SuperSport Park, Centurion",2,2.5,Titans,Warriors,H Klaasen,AK Markram,ACR Birch,4,0,,,,,,,,,
1124688,2017/18,2017-12-13,"SuperSport Park, Centurion",2,2.6,Titans,Warriors,H Klaasen,AK Markram,ACR Birch,0,0,,,,,,,,,
1124688,2017/18,2017-12-13,"SuperSport Park, Centurion",2,2.7,Titans,Warriors,H Klaasen,AK Markram,ACR Birch,5,0,,,,,,,,,
1124688,2017/18,2017-12-13,"SuperSport Park, Centurion",2,3.1,Titans,Warriors,H Klaasen,AK Markram,BD Walters,2,0,,,,,,,,,
1124688,2017/18,2017-12-13,"SuperSport Park, Centurion",2,3.2,Titans,Warriors,H Klaasen,AK Markram,BD Walters,2,0,,,,,,,,,
1124688,2017/18,2017-12-13,"SuperSport Park, Centurion",2,3.3,Titans,Warriors,H Klaasen,AK Markram,BD Walters,1,0,,,,,,,,,
1124688,2017/18,2017-12-13,"SuperSport Park, Centurion",2,3.4,Titans,Warriors,AK Markram,H Klaasen,BD Walters,0,0,,,,,,,,,
1124688,2017/18,2017-12-13,"SuperSport Park, Centurion",2,3.5,Titans,Warriors,AK Markram,H Klaasen,BD Walters,0,0,,,,,,,,,
1124688,2017/18,2017-12-13,"SuperSport Park, Centurion",2,3.6,Titans,Warriors,AK Markram,H Klaasen,BD Walters,6,0,,,,,,,,,
1124688,2017/18,2017-12-13,"SuperSport Park, Centurion",2,4.1,Titans,Warriors,H Klaasen,AK Markram,WD Parnell,1,0,,,,,,,,,
1124688,2017/18,2017-12-13,"SuperSport Park, Centurion",2,4.2,Titans,Warriors,AK Markram,H Klaasen,WD Parnell,0,1,,,,1,,,,,
1124688,2017/18,2017-12-13,"SuperSport Park, Centurion",2,4.3,Titans,Warriors,H Klaasen,AK Markram,WD Parnell,4,0,,,,,,,,,
1124688,2017/18,2017-12-13,"SuperSport Park, Centurion",2,4.4,Titans,Warriors,H Klaasen,AK Markram,WD Parnell,2,0,,,,,,,,,
1124688,2017/18,2017-12-13,"SuperSport Park, Centurion",2,4.5,Titans,Warriors,H Klaasen,AK Markram,WD Parnell,0,0,,,,,,caught,H Klaasen,,
1124688,2017/18,2017-12-13,"SuperSport Park, Centurion",2,4.6,Titans,Warriors,AK Markram,AB de Villiers,WD Parnell,0,0,,,,,,,,,
1124688,2017/18,2017-12-13,"SuperSport Park, Centurion",2,5.1,Titans,Warriors,AB de Villiers,AK Markram,SSB Magala,0,0,,,,,,,,,
1124688,2017/18,2017-12-13,"SuperSport Park, Centurion",2,5.2,Titans,Warriors,AB de Villiers,AK Markram,SSB Magala,0,0,,,,,,,,,
1124688,2017/18,2017-12-13,"SuperSport Park, Centurion",2,5.3,Titans,Warriors,AB de Villiers,AK Markram,SSB Magala,6,0,,,,,,,,,
1124688,2017/18,2017-12-13,"SuperSport Park, Centurion",2,5.4,Titans,Warriors,AB de Villiers,AK Markram,SSB Magala,6,0,,,,,,,,,
1124688,2017/18,2017-12-13,"SuperSport Park, Centurion",2,5.5,Titans,Warriors,AB de Villiers,AK Markram,SSB Magala,1,0,,,,,,,,,
1124688,2017/18,2017-12-13,"SuperSport Park, Centurion",2,5.6,Titans,Warriors,AK Markram,AB de Villiers,SSB Magala,1,0,,,,,,,,,
1124688,2017/18,2017-12-13,"SuperSport Park, Centurion",2,6.1,Titans,Warriors,AK Markram,AB de Villiers,JT Smuts,1,0,,,,,,,,,
1124688,2017/18,2017-12-13,"SuperSport Park, Centurion",2,6.2,Titans,Warriors,AB de Villiers,AK Markram,JT Smuts,0,0,,,,,,,,,
1124688,2017/18,2017-12-13,"SuperSport Park, Centurion",2,6.3,Titans,Warriors,AB de Villiers,AK Markram,JT Smuts,0,0,,,,,,,,,
1124688,2017/18,2017-12-13,"SuperSport Park, Centurion",2,6.4,Titans,Warriors,AB de Villiers,AK Markram,JT Smuts,1,0,,,,,,,,,
1124688,2017/18,2017-12-13,"SuperSport Park, Centurion",2,6.5,Titans,Warriors,AK Markram,AB de Villiers,JT Smuts,6,0,,,,,,,,,
1124688,2017/18,2017-12-13,"SuperSport Park, Centurion",2,6.6,Titans,Warriors,AK Markram,AB de Villiers,JT Smuts,0,0,,,,,,,,,
1124688,2017/18,2017-12-13,"SuperSport Park, Centurion",2,7.1,Titans,Warriors,AB de Villiers,AK Markram,SSB Magala,0,0,,,,,,,,,
1124688,2017/18,2017-12-13,"SuperSport Park, Centurion",2,7.2,Titans,Warriors,AB de Villiers,AK Markram,SSB Magala,2,0,,,,,,,,,
1124688,2017/18,2017-12-13,"SuperSport Park, Centurion",2,7.3,Titans,Warriors,AB de Villiers,AK Markram,SSB Magala,0,0,,,,,,,,,
1124688,2017/18,2017-12-13,"SuperSport Park, Centurion",2,7.4,Titans,Warriors,AB de Villiers,AK Markram,SSB Magala,4,0,,,,,,,,,
1124688,2017/18,2017-12-13,"SuperSport Park, Centurion",2,7.5,Titans,Warriors,AB de Villiers,AK Markram,SSB Magala,2,0,,,,,,,,,
1124688,2017/18,2017-12-13,"SuperSport Park, Centurion",2,7.6,Titans,Warriors,AB de Villiers,AK Markram,SSB Magala,1,0,,,,,,,,,
1124688,2017/18,2017-12-13,"SuperSport Park, Centurion",2,8.1,Titans,Warriors,AB de Villiers,AK Markram,CA Ingram,0,0,,,,,,,,,
1124688,2017/18,2017-12-13,"SuperSport Park, Centurion",2,8.2,Titans,Warriors,AB de Villiers,AK Markram,CA Ingram,1,0,,,,,,,,,
1124688,2017/18,2017-12-13,"SuperSport Park, Centurion",2,8.3,Titans,Warriors,AK Markram,AB de Villiers,CA Ingram,1,0,,,,,,,,,
1124688,2017/18,2017-12-13,"SuperSport Park, Centurion",2,8.4,Titans,Warriors,AB de Villiers,AK Markram,CA Ingram,1,0,,,,,,,,,
1124688,2017/18,2017-12-13,"SuperSport Park, Centurion",2,8.5,Titans,Warriors,AK Markram,AB de Villiers,CA Ingram,0,0,,,,,,,,,
1124688,2017/18,2017-12-13,"SuperSport Park, Centurion",2,8.6,Titans,Warriors,AK Markram,AB de Villiers,CA Ingram,1,0,,,,,,,,,
1124688,2017/18,2017-12-13,"SuperSport Park, Centurion",2,9.1,Titans,Warriors,AK Markram,AB de Villiers,JT Smuts,1,0,,,,,,,,,
1124688,2017/18,2017-12-13,"SuperSport Park, Centurion",2,9.2,Titans,Warriors,AB de Villiers,AK Markram,JT Smuts,1,0,,,,,,,,,
1124688,2017/18,2017-12-13,"SuperSport Park, Centurion",2,9.3,Titans,Warriors,AK Markram,AB de Villiers,JT Smuts,1,0,,,,,,,,,
1124688,2017/18,2017-12-13,"SuperSport Park, Centurion",2,9.4,Titans,Warriors,AB de Villiers,AK Markram,JT Smuts,0,0,,,,,,,,,
1124688,2017/18,2017-12-13,"SuperSport Park, Centurion",2,9.5,Titans,Warriors,AB de Villiers,AK Markram,JT Smuts,2,0,,,,,,,,,
1124688,2017/18,2017-12-13,"SuperSport Park, Centurion",2,9.6,Titans,Warriors,AB de Villiers,AK Markram,JT Smuts,1,0,,,,,,,,,
1124688,2017/18,2017-12-13,"SuperSport Park, Centurion",2,10.1,Titans,Warriors,AB de Villiers,AK Markram,CA Ingram,0,0,,,,,,,,,
1124688,2017/18,2017-12-13,"SuperSport Park, Centurion",2,10.2,Titans,Warriors,AB de Villiers,AK Markram,CA Ingram,2,0,,,,,,,,,
1124688,2017/18,2017-12-13,"SuperSport Park, Centurion",2,10.3,Titans,Warriors,AB de Villiers,AK Markram,CA Ingram,6,0,,,,,,,,,
1124688,2017/18,2017-12-13,"SuperSport Park, Centurion",2,10.4,Titans,Warriors,AB de Villiers,AK Markram,CA Ingram,0,0,,,,,,,,,
1124688,2017/18,2017-12-13,"SuperSport Park, Centurion",2,10.5,Titans,Warriors,AB de Villiers,AK Markram,CA Ingram,1,0,,,,,,,,,
1124688,2017/18,2017-12-13,"SuperSport Park, Centurion",2,10.6,Titans,Warriors,AK Markram,AB de Villiers,CA Ingram,6,0,,,,,,,,,
1124688,2017/18,2017-12-13,"SuperSport Park, Centurion",2,11.1,Titans,Warriors,AB de Villiers,AK Markram,CN Ackermann,6,0,,,,,,,,,
1124688,2017/18,2017-12-13,"SuperSport Park, Centurion",2,11.2,Titans,Warriors,AB de Villiers,AK Markram,CN Ackermann,0,1,,,,1,,,,,
1124688,2017/18,2017-12-13,"SuperSport Park, Centurion",2,11.3,Titans,Warriors,AK Markram,AB de Villiers,CN Ackermann,4,0,,,,,,,,,
1124688,2017/18,2017-12-13,"SuperSport Park, Centurion",2,11.4,Titans,Warriors,AK Markram,AB de Villiers,CN Ackermann,2,0,,,,,,,,,
1124688,2017/18,2017-12-13,"SuperSport Park, Centurion",2,11.5,Titans,Warriors,AK Markram,AB de Villiers,CN Ackermann,1,0,,,,,,,,,
1124688,2017/18,2017-12-13,"SuperSport Park, Centurion",2,11.6,Titans,Warriors,AB de Villiers,AK Markram,CN Ackermann,1,0,,,,,,,,,
1124688,2017/18,2017-12-13,"SuperSport Park, Centurion",2,12.1,Titans,Warriors,AB de Villiers,AK Markram,WD Parnell,1,0,,,,,,,,,
1124688,2017/18,2017-12-13,"SuperSport Park, Centurion",2,12.2,Titans,Warriors,AK Markram,AB de Villiers,WD Parnell,4,0,,,,,,,,,
1124688,2017/18,2017-12-13,"SuperSport Park, Centurion",2,12.3,Titans,Warriors,AK Markram,AB de Villiers,WD Parnell,0,0,,,,,,,,,
1124688,2017/18,2017-12-13,"SuperSport Park, Centurion",2,12.4,Titans,Warriors,AK Markram,AB de Villiers,WD Parnell,4,0,,,,,,,,,
1124688,2017/18,2017-12-13,"SuperSport Park, Centurion",2,12.5,Titans,Warriors,AK Markram,AB de Villiers,WD Parnell,0,0,,,,,,,,,
1124688,2017/18,2017-12-13,"SuperSport Park, Centurion",2,12.6,Titans,Warriors,AK Markram,AB de Villiers,WD Parnell,1,0,,,,,,,,,
1124688,2017/18,2017-12-13,"SuperSport Park, Centurion",2,13.1,Titans,Warriors,AK Markram,AB de Villiers,JT Smuts,0,0,,,,,,,,,
1124688,2017/18,2017-12-13,"SuperSport Park, Centurion",2,13.2,Titans,Warriors,AK Markram,AB de Villiers,JT Smuts,2,0,,,,,,,,,
1124688,2017/18,2017-12-13,"SuperSport Park, Centurion",2,13.3,Titans,Warriors,AK Markram,AB de Villiers,JT Smuts,1,0,,,,,,,,,
1124688,2017/18,2017-12-13,"SuperSport Park, Centurion",2,13.4,Titans,Warriors,AB de Villiers,AK Markram,JT Smuts,2,0,,,,,,,,,
1124688,2017/18,2017-12-13,"SuperSport Park, Centurion",2,13.5,Titans,Warriors,AB de Villiers,AK Markram,JT Smuts,0,0,,,,,,,,,
1124688,2017/18,2017-12-13,"SuperSport Park, Centurion",2,13.6,Titans,Warriors,AB de Villiers,AK Markram,JT Smuts,0,0,,,,,,,,,
1124688,2017/18,2017-12-13,"SuperSport Park, Centurion",2,14.1,Titans,Warriors,AK Markram,AB de Villiers,ACR Birch,4,0,,,,,,,,,
1124688,2017/18,2017-12-13,"SuperSport Park, Centurion",2,14.2,Titans,Warriors,AK Markram,AB de Villiers,ACR Birch,1,0,,,,,,,,,
1124688,2017/18,2017-12-13,"SuperSport Park, Centurion",2,14.3,Titans,Warriors,AB de Villiers,AK Markram,ACR Birch,1,0,,,,,,,,,
1124688,2017/18,2017-12-13,"SuperSport Park, Centurion",2,14.4,Titans,Warriors,AK Markram,AB de Villiers,ACR Birch,1,0,,,,,,,,,
1124688,2017/18,2017-12-13,"SuperSport Park, Centurion",2,14.5,Titans,Warriors,AB de Villiers,AK Markram,ACR Birch,0,1,1,,,,,,,,
1124688,2017/18,2017-12-13,"SuperSport Park, Centurion",2,14.6,Titans,Warriors,AB de Villiers,AK Markram,ACR Birch,1,0,,,,,,,,,
1124688,2017/18,2017-12-13,"SuperSport Park, Centurion",2,14.7,Titans,Warriors,AK Markram,AB de Villiers,ACR Birch,1,0,,,,,,,,,
1124688,2017/18,2017-12-13,"SuperSport Park, Centurion",2,15.1,Titans,Warriors,AK Markram,AB de Villiers,BD Walters,1,0,,,,,,,,,
1124688,2017/18,2017-12-13,"SuperSport Park, Centurion",2,15.2,Titans,Warriors,AB de Villiers,AK Markram,BD Walters,4,0,,,,,,,,,
