match_id,season,start_date,venue,innings,ball,batting_team,bowling_team,striker,non_striker,bowler,runs_off_bat,extras,wides,noballs,byes,legbyes,penalty,wicket_type,player_dismissed,other_wicket_type,other_player_dismissed
1157234,2018/19,2019-04-14,"Buffalo Park, East London",1,0.1,Warriors,Lions,GL Cloete,MP Breetzke,BC Fortuin,0,0,,,,,,caught,GL Cloete,,
1157234,2018/19,2019-04-14,"Buffalo Park, East London",1,0.2,Warriors,Lions,JT Smuts,MP Breetzke,BC Fortuin,0,0,,,,,,,,,
1157234,2018/19,2019-04-14,"Buffalo Park, East London",1,0.3,Warriors,Lions,JT Smuts,MP Breetzke,BC Fortuin,1,0,,,,,,,,,
1157234,2018/19,2019-04-14,"Buffalo Park, East London",1,0.4,Warriors,Lions,MP Breetzke,JT Smuts,BC Fortuin,0,0,,,,,,,,,
1157234,2018/19,2019-04-14,"Buffalo Park, East London",1,0.5,Warriors,Lions,MP Breetzke,JT Smuts,BC Fortuin,0,0,,,,,,,,,
1157234,2018/19,2019-04-14,"Buffalo Park, East London",1,0.6,Warriors,Lions,MP Breetzke,JT Smuts,BC Fortuin,1,0,,,,,,,,,
1157234,2018/19,2019-04-14,"Buffalo Park, East London",1,1.1,Warriors,Lions,MP Breetzke,JT Smuts,BE Hendricks,1,0,,,,,,,,,
1157234,2018/19,2019-04-14,"Buffalo Park, East London",1,1.2,Warriors,Lions,JT Smuts,MP Breetzke,BE Hendricks,0,0,,,,,,,,,
1157234,2018/19,2019-04-14,"Buffalo Park, East London",1,1.3,Warriors,Lions,JT Smuts,MP Breetzke,BE Hendricks,1,0,,,,,,,,,
1157234,2018/19,2019-04-14,"Buffalo Park, East London",1,1.4,Warriors,Lions,MP Breetzke,JT Smuts,BE Hendricks,0,0,,,,,,,,,
1157234,2018/19,2019-04-14,"Buffalo Park, East London",1,1.5,Warriors,Lions,MP Breetzke,JT Smuts,BE Hendricks,1,0,,,,,,,,,
1157234,2018/19,2019-04-14,"Buffalo Park, East London",1,1.6,Warriors,Lions,JT Smuts,MP Breetzke,BE Hendricks,0,0,,,,,,,,,
1157234,2018/19,2019-04-14,"Buffalo Park, East London",1,2.1,Warriors,Lions,MP Breetzke,JT Smuts,BC Fortuin,4,0,,,,,,,,,
1157234,2018/19,2019-04-14,"Buffalo Park, East London",1,2.2,Warriors,Lions,MP Breetzke,JT Smuts,BC Fortuin,0,0,,,,,,,,,
1157234,2018/19,2019-04-14,"Buffalo Park, East London",1,2.3,Warriors,Lions,MP Breetzke,JT Smuts,BC Fortuin,0,0,,,,,,,,,
1157234,2018/19,2019-04-14,"Buffalo Park, East London",1,2.4,Warriors,Lions,MP Breetzke,JT Smuts,BC Fortuin,0,0,,,,,,,,,
1157234,2018/19,2019-04-14,"Buffalo Park, East London",1,2.5,Warriors,Lions,MP Breetzke,JT Smuts,BC Fortuin,1,0,,,,,,,,,
1157234,2018/19,2019-04-14,"Buffalo Park, East London",1,2.6,Warriors,Lions,JT Smuts,MP Breetzke,BC Fortuin,0,0,,,,,,,,,
1157234,2018/19,2019-04-14,"Buffalo Park, East London",1,3.1,Warriors,Lions,MP Breetzke,JT Smuts,BE Hendricks,0,0,,,,,,,,,
1157234,2018/19,2019-04-14,"Buffalo Park, East London",1,3.2,Warriors,Lions,MP Breetzke,JT Smuts,BE Hendricks,1,0,,,,,,,,,
1157234,2018/19,2019-04-14,"Buffalo Park, East London",1,3.3,Warriors,Lions,JT Smuts,MP Breetzke,BE Hendricks,4,0,,,,,,,,,
1157234,2018/19,2019-04-14,"Buffalo Park, East London",1,3.4,Warriors,Lions,JT Smuts,MP Breetzke,BE Hendricks,0,0,,,,,,,,,
1157234,2018/19,2019-04-14,"Buffalo Park, East London",1,3.5,Warriors,Lions,JT Smuts,MP Breetzke,BE Hendricks,1,0,,,,,,,,,
1157234,2018/19,2019-04-14,"Buffalo Park, East London",1,3.6,Warriors,Lions,MP Breetzke,JT Smuts,BE Hendricks,0,1,1,,,,,,,,
1157234,2018/19,2019-04-14,"Buffalo Park, East London",1,3.7,Warriors,Lions,MP Breetzke,JT Smuts,BE Hendricks,0,0,,,,,,caught,MP Breetzke,,
1157234,2018/19,2019-04-14,"Buffalo Park, East London",1,4.1,Warriors,Lions,JT Smuts,S Qeshile,D Pretorius,1,0,,,,,,,,,
1157234,2018/19,2019-04-14,"Buffalo Park, East London",1,4.2,Warriors,Lions,S Qeshile,JT Smuts,D Pretorius,4,0,,,,,,,,,
1157234,2018/19,2019-04-14,"Buffalo Park, East London",1,4.3,Warriors,Lions,S Qeshile,JT Smuts,D Pretorius,6,0,,,,,,,,,
1157234,2018/19,2019-04-14,"Buffalo Park, East London",1,4.4,Warriors,Lions,S Qeshile,JT Smuts,D Pretorius,0,0,,,,,,,,,
1157234,2018/19,2019-04-14,"Buffalo Park, East London",1,4.5,Warriors,Lions,S Qeshile,JT Smuts,D Pretorius,0,0,,,,,,,,,
1157234,2018/19,2019-04-14,"Buffalo Park, East London",1,4.6,Warriors,Lions,S Qeshile,JT Smuts,D Pretorius,0,0,,,,,,,,,
1157234,2018/19,2019-04-14,"Buffalo Park, East London",1,5.1,Warriors,Lions,JT Smuts,S Qeshile,PWA Mulder,1,0,,,,,,,,,
1157234,2018/19,2019-04-14,"Buffalo Park, East London",1,5.2,Warriors,Lions,S Qeshile,JT Smuts,PWA Mulder,4,0,,,,,,,,,
1157234,2018/19,2019-04-14,"Buffalo Park, East London",1,5.3,Warriors,Lions,S Qeshile,JT Smuts,PWA Mulder,0,1,,,,1,,,,,
1157234,2018/19,2019-04-14,"Buffalo Park, East London",1,5.4,Warriors,Lions,JT Smuts,S Qeshile,PWA Mulder,0,0,,,,,,,,,
1157234,2018/19,2019-04-14,"Buffalo Park, East London",1,5.5,Warriors,Lions,JT Smuts,S Qeshile,PWA Mulder,0,0,,,,,,,,,
1157234,2018/19,2019-04-14,"Buffalo Park, East London",1,5.6,Warriors,Lions,JT Smuts,S Qeshile,PWA Mulder,1,0,,,,,,,,,
1157234,2018/19,2019-04-14,"Buffalo Park, East London",1,6.1,Warriors,Lions,JT Smuts,S Qeshile,D Pretorius,2,0,,,,,,,,,
1157234,2018/19,2019-04-14,"Buffalo Park, East London",1,6.2,Warriors,Lions,JT Smuts,S Qeshile,D Pretorius,1,0,,,,,,,,,
1157234,2018/19,2019-04-14,"Buffalo Park, East London",1,6.3,Warriors,Lions,S Qeshile,JT Smuts,D Pretorius,0,0,,,,,,,,,
1157234,2018/19,2019-04-14,"Buffalo Park, East London",1,6.4,Warriors,Lions,S Qeshile,JT Smuts,D Pretorius,0,0,,,,,,,,,
1157234,2018/19,2019-04-14,"Buffalo Park, East London",1,6.5,Warriors,Lions,S Qeshile,JT Smuts,D Pretorius,2,0,,,,,,,,,
1157234,2018/19,2019-04-14,"Buffalo Park, East London",1,6.6,Warriors,Lions,S Qeshile,JT Smuts,D Pretorius,4,0,,,,,,,,,
1157234,2018/19,2019-04-14,"Buffalo Park, East London",1,7.1,Warriors,Lions,JT Smuts,S Qeshile,AM Phangiso,0,0,,,,,,,,,
1157234,2018/19,2019-04-14,"Buffalo Park, East London",1,7.2,Warriors,Lions,JT Smuts,S Qeshile,AM Phangiso,1,0,,,,,,,,,
1157234,2018/19,2019-04-14,"Buffalo Park, East London",1,7.3,Warriors,Lions,S Qeshile,JT Smuts,AM Phangiso,1,0,,,,,,,,,
1157234,2018/19,2019-04-14,"Buffalo Park, East London",1,7.4,Warriors,Lions,JT Smuts,S Qeshile,AM Phangiso,1,0,,,,,,,,,
1157234,2018/19,2019-04-14,"Buffalo Park, East London",1,7.5,Warriors,Lions,S Qeshile,JT Smuts,AM Phangiso,1,0,,,,,,,,,
1157234,2018/19,2019-04-14,"Buffalo Park, East London",1,7.6,Warriors,Lions,JT Smuts,S Qeshile,AM Phangiso,0,0,,,,,,lbw,JT Smuts,,
1157234,2018/19,2019-04-14,"Buffalo Park, East London",1,8.1,Warriors,Lions,S Qeshile,LC Ngoepe,MP Siboto,4,0,,,,,,,,,
1157234,2018/19,2019-04-14,"Buffalo Park, East London",1,8.2,Warriors,Lions,S Qeshile,LC Ngoepe,MP Siboto,2,0,,,,,,,,,
1157234,2018/19,2019-04-14,"Buffalo Park, East London",1,8.3,Warriors,Lions,S Qeshile,LC Ngoepe,MP Siboto,1,0,,,,,,,,,
1157234,2018/19,2019-04-14,"Buffalo Park, East London",1,8.4,Warriors,Lions,LC Ngoepe,S Qeshile,MP Siboto,1,0,,,,,,,,,
1157234,2018/19,2019-04-14,"Buffalo Park, East London",1,8.5,Warriors,Lions,S Qeshile,LC Ngoepe,MP Siboto,1,0,,,,,,,,,
1157234,2018/19,2019-04-14,"Buffalo Park, East London",1,8.6,Warriors,Lions,LC Ngoepe,S Qeshile,MP Siboto,1,0,,,,,,,,,
1157234,2018/19,2019-04-14,"Buffalo Park, East London",1,9.1,Warriors,Lions,LC Ngoepe,S Qeshile,AM Phangiso,0,0,,,,,,,,,
1157234,2018/19,2019-04-14,"Buffalo Park, East London",1,9.2,Warriors,Lions,LC Ngoepe,S Qeshile,AM Phangiso,0,0,,,,,,caught,LC Ngoepe,,
1157234,2018/19,2019-04-14,"Buffalo Park, East London",1,9.3,Warriors,Lions,S Qeshile,M Marais,AM Phangiso,0,0,,,,,,,,,
1157234,2018/19,2019-04-14,"Buffalo Park, East London",1,9.4,Warriors,Lions,S Qeshile,M Marais,AM Phangiso,0,0,,,,,,,,,
1157234,2018/19,2019-04-14,"Buffalo Park, East London",1,9.5,Warriors,Lions,S Qeshile,M Marais,AM Phangiso,0,0,,,,,,,,,
1157234,2018/19,2019-04-14,"Buffalo Park, East London",1,9.6,Warriors,Lions,S Qeshile,M Marais,AM Phangiso,1,0,,,,,,,,,
1157234,2018/19,2019-04-14,"Buffalo Park, East London",1,10.1,Warriors,Lions,S Qeshile,M Marais,MP Siboto,1,0,,,,,,,,,
1157234,2018/19,2019-04-14,"Buffalo Park, East London",1,10.2,Warriors,Lions,M Marais,S Qeshile,MP Siboto,0,0,,,,,,,,,
1157234,2018/19,2019-04-14,"Buffalo Park, East London",1,10.3,Warriors,Lions,M Marais,S Qeshile,MP Siboto,0,0,,,,,,,,,
1157234,2018/19,2019-04-14,"Buffalo Park, East London",1,10.4,Warriors,Lions,M Marais,S Qeshile,MP Siboto,1,0,,,,,,,,,
1157234,2018/19,2019-04-14,"Buffalo Park, East London",1,10.5,Warriors,Lions,S Qeshile,M Marais,MP Siboto,1,0,,,,,,,,,
1157234,2018/19,2019-04-14,"Buffalo Park, East London",1,10.6,Warriors,Lions,M Marais,S Qeshile,MP Siboto,0,0,,,,,,,,,
1157234,2018/19,2019-04-14,"Buffalo Park, East London",1,11.1,Warriors,Lions,S Qeshile,M Marais,AM Phangiso,0,0,,,,,,,,,
1157234,2018/19,2019-04-14,"Buffalo Park, East London",1,11.2,Warriors,Lions,S Qeshile,M Marais,AM Phangiso,0,0,,,,,,,,,
1157234,2018/19,2019-04-14,"Buffalo Park, East London",1,11.3,Warriors,Lions,S Qeshile,M Marais,AM Phangiso,1,0,,,,,,,,,
1157234,2018/19,2019-04-14,"Buffalo Park, East London",1,11.4,Warriors,Lions,M Marais,S Qeshile,AM Phangiso,1,0,,,,,,,,,
1157234,2018/19,2019-04-14,"Buffalo Park, East London",1,11.5,Warriors,Lions,S Qeshile,M Marais,AM Phangiso,1,0,,,,,,,,,
1157234,2018/19,2019-04-14,"Buffalo Park, East London",1,11.6,Warriors,Lions,M Marais,S Qeshile,AM Phangiso,1,0,,,,,,,,,
1157234,2018/19,2019-04-14,"Buffalo Park, East London",1,12.1,Warriors,Lions,M Marais,S Qeshile,PWA Mulder,0,0,,,,,,,,,
1157234,2018/19,2019-04-14,"Buffalo Park, East London",1,12.2,Warriors,Lions,M Marais,S Qeshile,PWA Mulder,6,0,,,,,,,,,
1157234,2018/19,2019-04-14,"Buffalo Park, East London",1,12.3,Warriors,Lions,M Marais,S Qeshile,PWA Mulder,6,0,,,,,,,,,
1157234,2018/19,2019-04-14,"Buffalo Park, East London",1,12.4,Warriors,Lions,M Marais,S Qeshile,PWA Mulder,1,0,,,,,,,,,
1157234,2018/19,2019-04-14,"Buffalo Park, East London",1,12.5,Warriors,Lions,S Qeshile,M Marais,PWA Mulder,1,0,,,,,,,,,
1157234,2018/19,2019-04-14,"Buffalo Park, East London",1,12.6,Warriors,Lions,M Marais,S Qeshile,PWA Mulder,4,0,,,,,,,,,
1157234,2018/19,2019-04-14,"Buffalo Park, East London",1,13.1,Warriors,Lions,S Qeshile,M Marais,AM Phangiso,1,0,,,,,,,,,
1157234,2018/19,2019-04-14,"Buffalo Park, East London",1,13.2,Warriors,Lions,M Marais,S Qeshile,AM Phangiso,1,0,,,,,,,,,
1157234,2018/19,2019-04-14,"Buffalo Park, East London",1,13.3,Warriors,Lions,S Qeshile,M Marais,AM Phangiso,0,0,,,,,,,,,
1157234,2018/19,2019-04-14,"Buffalo Park, East London",1,13.4,Warriors,Lions,S Qeshile,M Marais,AM Phangiso,1,0,,,,,,,,,
1157234,2018/19,2019-04-14,"Buffalo Park, East London",1,13.5,Warriors,Lions,M Marais,S Qeshile,AM Phangiso,1,0,,,,,,,,,
1157234,2018/19,2019-04-14,"Buffalo Park, East London",1,13.6,Warriors,Lions,S Qeshile,M Marais,AM Phangiso,0,0,,,,,,,,,
1157234,2018/19,2019-04-14,"Buffalo Park, East London",1,14.1,Warriors,Lions,M Marais,S Qeshile,D Pretorius,6,0,,,,,,,,,
1157234,2018/19,2019-04-14,"Buffalo Park, East London",1,14.2,Warriors,Lions,M Marais,S Qeshile,D Pretorius,4,0,,,,,,,,,
1157234,2018/19,2019-04-14,"Buffalo Park, East London",1,14.3,Warriors,Lions,M Marais,S Qeshile,D Pretorius,6,0,,,,,,,,,
1157234,2018/19,2019-04-14,"Buffalo Park, East London",1,14.4,Warriors,Lions,M Marais,S Qeshile,D Pretorius,4,0,,,,,,,,,
1157234,2018/19,2019-04-14,"Buffalo Park, East London",1,14.5,Warriors,Lions,M Marais,S Qeshile,D Pretorius,1,0,,,,,,,,,
1157234,2018/19,2019-04-14,"Buffalo Park, East London",1,14.6,Warriors,Lions,S Qeshile,M Marais,D Pretorius,0,0,,,,,,,,,
1157234,2018/19,2019-04-14,"Buffalo Park, East London",1,15.1,Warriors,Lions,M Marais,S Qeshile,WJ Lubbe,1,0,,,,,,,,,
1157234,2018/19,2019-04-14,"Buffalo Park, East London",1,15.2,Warriors,Lions,S Qeshile,M Marais,WJ Lubbe,0,0,,,,,,caught,S Qeshile,,
1157234,2018/19,2019-04-14,"Buffalo Park, East London",1,15.3,Warriors,Lions,M Marais,O Nyaku,WJ Lubbe,1,0,,,,,,,,,
1157234,2018/19,2019-04-14,"Buffalo Park, East London",1,15.4,Warriors,Lions,O Nyaku,M Marais,WJ Lubbe,0,0,,,,,,,,,
1157234,2018/19,2019-04-14,"Buffalo Park, East London",1,15.5,Warriors,Lions,O Nyaku,M Marais,WJ Lubbe,1,0,,,,,,,,,
1157234,2018/19,2019-04-14,"Buffalo Park, East London",1,15.6,Warriors,Lions,M Marais,O Nyaku,WJ Lubbe,1,0,,,,,,,,,
1157234,2018/19,2019-04-14,"Buffalo Park, East London",1,16.1,Warriors,Lions,M Marais,O Nyaku,MP Siboto,0,0,,,,,,,,,
1157234,2018/19,2019-04-14,"Buffalo Park, East London",1,16.2,Warriors,Lions,M Marais,O Nyaku,MP Siboto,4,0,,,,,,,,,
1157234,2018/19,2019-04-14,"Buffalo Park, East London",1,16.3,Warriors,Lions,M Marais,O Nyaku,MP Siboto,1,0,,,,,,,,,
1157234,2018/19,2019-04-14,"Buffalo Park, East London",1,16.4,Warriors,Lions,O Nyaku,M Marais,MP Siboto,1,0,,,,,,,,,
1157234,2018/19,2019-04-14,"Buffalo Park, East London",1,16.5,Warriors,Lions,M Marais,O Nyaku,MP Siboto,0,1,1,,,,,,,,
1157234,2018/19,2019-04-14,"Buffalo Park, East London",1,16.6,Warriors,Lions,M Marais,O Nyaku,MP Siboto,0,1,1,,,,,,,,
1157234,2018/19,2019-04-14,"Buffalo Park, East London",1,16.7,Warriors,Lions,M Marais,O Nyaku,MP Siboto,1,0,,,,,,,,,
1157234,2018/19,2019-04-14,"Buffalo Park, East London",1,16.8,Warriors,Lions,O Nyaku,M Marais,MP Siboto,1,0,,,,,,,,,
1157234,2018/19,2019-04-14,"Buffalo Park, East London",1,17.1,Warriors,Lions,O Nyaku,M Marais,BC Fortuin,1,0,,,,,,,,,
1157234,2018/19,2019-04-14,"Buffalo Park, East London",1,17.2,Warriors,Lions,M Marais,O Nyaku,BC Fortuin,1,0,,,,,,,,,
1157234,2018/19,2019-04-14,"Buffalo Park, East London",1,17.3,Warriors,Lions,O Nyaku,M Marais,BC Fortuin,1,0,,,,,,,,,
1157234,2018/19,2019-04-14,"Buffalo Park, East London",1,17.4,Warriors,Lions,M Marais,O Nyaku,BC Fortuin,6,0,,,,,,,,,
1157234,2018/19,2019-04-14,"Buffalo Park, East London",1,17.5,Warriors,Lions,M Marais,O Nyaku,BC Fortuin,6,0,,,,,,,,,
1157234,2018/19,2019-04-14,"Buffalo Park, East London",1,17.6,Warriors,Lions,M Marais,O Nyaku,BC Fortuin,1,0,,,,,,,,,
1157234,2018/19,2019-04-14,"Buffalo Park, East London",1,18.1,Warriors,Lions,M Marais,O Nyaku,MP Siboto,6,0,,,,,,,,,
1157234,2018/19,2019-04-14,"Buffalo Park, East London",1,18.2,Warriors,Lions,M Marais,O Nyaku,MP Siboto,0,0,,,,,,,,,
1157234,2018/19,2019-04-14,"Buffalo Park, East London",1,18.3,Warriors,Lions,M Marais,O Nyaku,MP Siboto,4,0,,,,,,,,,
1157234,2018/19,2019-04-14,"Buffalo Park, East London",1,18.4,Warriors,Lions,M Marais,O Nyaku,MP Siboto,6,0,,,,,,,,,
