match_id,season,start_date,venue,innings,ball,batting_team,bowling_team,striker,non_striker,bowler,runs_off_bat,extras,wides,noballs,byes,legbyes,penalty,wicket_type,player_dismissed,other_wicket_type,other_player_dismissed
1157231,2018/19,2019-04-12,"Senwes Park, Potchefstroom",1,0.1,Lions,Knights,RD Rickelton,RR Hendricks,OEG Baartman,0,0,,,,,,,,,
1157231,2018/19,2019-04-12,"Senwes Park, Potchefstroom",1,0.2,Lions,Knights,RD Rickelton,RR Hendricks,OEG Baartman,0,0,,,,,,,,,
1157231,2018/19,2019-04-12,"Senwes Park, Potchefstroom",1,0.3,Lions,Knights,RD Rickelton,RR Hendricks,OEG Baartman,0,0,,,,,,,,,
1157231,2018/19,2019-04-12,"Senwes Park, Potchefstroom",1,0.4,Lions,Knights,RD Rickelton,RR Hendricks,OEG Baartman,1,0,,,,,,,,,
1157231,2018/19,2019-04-12,"Senwes Park, Potchefstroom",1,0.5,Lions,Knights,RR Hendricks,RD Rickelton,OEG Baartman,0,0,,,,,,caught,RR Hendricks,,
1157231,2018/19,2019-04-12,"Senwes Park, Potchefstroom",1,0.6,Lions,Knights,RD Rickelton,HE van der Dussen,OEG Baartman,0,0,,,,,,,,,
1157231,2018/19,2019-04-12,"Senwes Park, Potchefstroom",1,1.1,Lions,Knights,HE van der Dussen,RD Rickelton,G Coetzee,0,0,,,,,,,,,
1157231,2018/19,2019-04-12,"Senwes Park, Potchefstroom",1,1.2,Lions,Knights,HE van der Dussen,RD Rickelton,G Coetzee,0,0,,,,,,,,,
1157231,2018/19,2019-04-12,"Senwes Park, Potchefstroom",1,1.3,Lions,Knights,HE van der Dussen,RD Rickelton,G Coetzee,0,0,,,,,,,,,
1157231,2018/19,2019-04-12,"Senwes Park, Potchefstroom",1,1.4,Lions,Knights,HE van der Dussen,RD Rickelton,G Coetzee,2,0,,,,,,,,,
1157231,2018/19,2019-04-12,"Senwes Park, Potchefstroom",1,1.5,Lions,Knights,HE van der Dussen,RD Rickelton,G Coetzee,0,0,,,,,,,,,
1157231,2018/19,2019-04-12,"Senwes Park, Potchefstroom",1,1.6,Lions,Knights,HE van der Dussen,RD Rickelton,G Coetzee,2,0,,,,,,,,,
1157231,2018/19,2019-04-12,"Senwes Park, Potchefstroom",1,2.1,Lions,Knights,RD Rickelton,HE van der Dussen,OEG Baartman,0,0,,,,,,,,,
1157231,2018/19,2019-04-12,"Senwes Park, Potchefstroom",1,2.2,Lions,Knights,RD Rickelton,HE van der Dussen,OEG Baartman,0,0,,,,,,,,,
1157231,2018/19,2019-04-12,"Senwes Park, Potchefstroom",1,2.3,Lions,Knights,RD Rickelton,HE van der Dussen,OEG Baartman,1,0,,,,,,,,,
1157231,2018/19,2019-04-12,"Senwes Park, Potchefstroom",1,2.4,Lions,Knights,HE van der Dussen,RD Rickelton,OEG Baartman,1,0,,,,,,,,,
1157231,2018/19,2019-04-12,"Senwes Park, Potchefstroom",1,2.5,Lions,Knights,RD Rickelton,HE van der Dussen,OEG Baartman,4,1,,1,,,,,,,
1157231,2018/19,2019-04-12,"Senwes Park, Potchefstroom",1,2.6,Lions,Knights,RD Rickelton,HE van der Dussen,OEG Baartman,0,1,1,,,,,,,,
1157231,2018/19,2019-04-12,"Senwes Park, Potchefstroom",1,2.7,Lions,Knights,RD Rickelton,HE van der Dussen,OEG Baartman,1,0,,,,,,,,,
1157231,2018/19,2019-04-12,"Senwes Park, Potchefstroom",1,2.8,Lions,Knights,HE van der Dussen,RD Rickelton,OEG Baartman,1,0,,,,,,,,,
1157231,2018/19,2019-04-12,"Senwes Park, Potchefstroom",1,3.1,Lions,Knights,HE van der Dussen,RD Rickelton,R McLaren,0,0,,,,,,,,,
1157231,2018/19,2019-04-12,"Senwes Park, Potchefstroom",1,3.2,Lions,Knights,HE van der Dussen,RD Rickelton,R McLaren,1,0,,,,,,,,,
1157231,2018/19,2019-04-12,"Senwes Park, Potchefstroom",1,3.3,Lions,Knights,RD Rickelton,HE van der Dussen,R McLaren,1,0,,,,,,,,,
1157231,2018/19,2019-04-12,"Senwes Park, Potchefstroom",1,3.4,Lions,Knights,HE van der Dussen,RD Rickelton,R McLaren,0,0,,,,,,,,,
1157231,2018/19,2019-04-12,"Senwes Park, Potchefstroom",1,3.5,Lions,Knights,HE van der Dussen,RD Rickelton,R McLaren,0,0,,,,,,bowled,HE van der Dussen,,
1157231,2018/19,2019-04-12,"Senwes Park, Potchefstroom",1,3.6,Lions,Knights,T Bavuma,RD Rickelton,R McLaren,1,0,,,,,,,,,
1157231,2018/19,2019-04-12,"Senwes Park, Potchefstroom",1,4.1,Lions,Knights,T Bavuma,RD Rickelton,G Coetzee,0,0,,,,,,,,,
1157231,2018/19,2019-04-12,"Senwes Park, Potchefstroom",1,4.2,Lions,Knights,T Bavuma,RD Rickelton,G Coetzee,4,0,,,,,,,,,
1157231,2018/19,2019-04-12,"Senwes Park, Potchefstroom",1,4.3,Lions,Knights,T Bavuma,RD Rickelton,G Coetzee,1,0,,,,,,,,,
1157231,2018/19,2019-04-12,"Senwes Park, Potchefstroom",1,4.4,Lions,Knights,RD Rickelton,T Bavuma,G Coetzee,0,0,,,,,,,,,
1157231,2018/19,2019-04-12,"Senwes Park, Potchefstroom",1,4.5,Lions,Knights,RD Rickelton,T Bavuma,G Coetzee,4,0,,,,,,,,,
1157231,2018/19,2019-04-12,"Senwes Park, Potchefstroom",1,4.6,Lions,Knights,RD Rickelton,T Bavuma,G Coetzee,4,0,,,,,,,,,
1157231,2018/19,2019-04-12,"Senwes Park, Potchefstroom",1,5.1,Lions,Knights,T Bavuma,RD Rickelton,R McLaren,2,0,,,,,,,,,
1157231,2018/19,2019-04-12,"Senwes Park, Potchefstroom",1,5.2,Lions,Knights,T Bavuma,RD Rickelton,R McLaren,1,0,,,,,,,,,
1157231,2018/19,2019-04-12,"Senwes Park, Potchefstroom",1,5.3,Lions,Knights,RD Rickelton,T Bavuma,R McLaren,0,0,,,,,,,,,
1157231,2018/19,2019-04-12,"Senwes Park, Potchefstroom",1,5.4,Lions,Knights,RD Rickelton,T Bavuma,R McLaren,1,0,,,,,,,,,
1157231,2018/19,2019-04-12,"Senwes Park, Potchefstroom",1,5.5,Lions,Knights,T Bavuma,RD Rickelton,R McLaren,4,0,,,,,,,,,
1157231,2018/19,2019-04-12,"Senwes Park, Potchefstroom",1,5.6,Lions,Knights,T Bavuma,RD Rickelton,R McLaren,0,0,,,,,,,,,
1157231,2018/19,2019-04-12,"Senwes Park, Potchefstroom",1,6.1,Lions,Knights,RD Rickelton,T Bavuma,E Leie,2,0,,,,,,,,,
1157231,2018/19,2019-04-12,"Senwes Park, Potchefstroom",1,6.2,Lions,Knights,RD Rickelton,T Bavuma,E Leie,4,0,,,,,,,,,
1157231,2018/19,2019-04-12,"Senwes Park, Potchefstroom",1,6.3,Lions,Knights,RD Rickelton,T Bavuma,E Leie,2,0,,,,,,,,,
1157231,2018/19,2019-04-12,"Senwes Park, Potchefstroom",1,6.4,Lions,Knights,RD Rickelton,T Bavuma,E Leie,1,0,,,,,,,,,
1157231,2018/19,2019-04-12,"Senwes Park, Potchefstroom",1,6.5,Lions,Knights,T Bavuma,RD Rickelton,E Leie,0,0,,,,,,,,,
1157231,2018/19,2019-04-12,"Senwes Park, Potchefstroom",1,6.6,Lions,Knights,T Bavuma,RD Rickelton,E Leie,1,0,,,,,,,,,
1157231,2018/19,2019-04-12,"Senwes Park, Potchefstroom",1,7.1,Lions,Knights,T Bavuma,RD Rickelton,R McLaren,0,0,,,,,,,,,
1157231,2018/19,2019-04-12,"Senwes Park, Potchefstroom",1,7.2,Lions,Knights,T Bavuma,RD Rickelton,R McLaren,4,0,,,,,,,,,
1157231,2018/19,2019-04-12,"Senwes Park, Potchefstroom",1,7.3,Lions,Knights,T Bavuma,RD Rickelton,R McLaren,1,0,,,,,,,,,
1157231,2018/19,2019-04-12,"Senwes Park, Potchefstroom",1,7.4,Lions,Knights,RD Rickelton,T Bavuma,R McLaren,0,0,,,,,,,,,
1157231,2018/19,2019-04-12,"Senwes Park, Potchefstroom",1,7.5,Lions,Knights,RD Rickelton,T Bavuma,R McLaren,1,0,,,,,,,,,
1157231,2018/19,2019-04-12,"Senwes Park, Potchefstroom",1,7.6,Lions,Knights,T Bavuma,RD Rickelton,R McLaren,1,0,,,,,,,,,
1157231,2018/19,2019-04-12,"Senwes Park, Potchefstroom",1,8.1,Lions,Knights,T Bavuma,RD Rickelton,T Ntuli,0,0,,,,,,,,,
1157231,2018/19,2019-04-12,"Senwes Park, Potchefstroom",1,8.2,Lions,Knights,T Bavuma,RD Rickelton,T Ntuli,1,0,,,,,,,,,
1157231,2018/19,2019-04-12,"Senwes Park, Potchefstroom",1,8.3,Lions,Knights,RD Rickelton,T Bavuma,T Ntuli,1,0,,,,,,,,,
1157231,2018/19,2019-04-12,"Senwes Park, Potchefstroom",1,8.4,Lions,Knights,T Bavuma,RD Rickelton,T Ntuli,1,0,,,,,,,,,
1157231,2018/19,2019-04-12,"Senwes Park, Potchefstroom",1,8.5,Lions,Knights,RD Rickelton,T Bavuma,T Ntuli,1,0,,,,,,,,,
1157231,2018/19,2019-04-12,"Senwes Park, Potchefstroom",1,8.6,Lions,Knights,T Bavuma,RD Rickelton,T Ntuli,1,0,,,,,,,,,
1157231,2018/19,2019-04-12,"Senwes Park, Potchefstroom",1,9.1,Lions,Knights,T Bavuma,RD Rickelton,SC van Schalkwyk,1,0,,,,,,,,,
1157231,2018/19,2019-04-12,"Senwes Park, Potchefstroom",1,9.2,Lions,Knights,RD Rickelton,T Bavuma,SC van Schalkwyk,2,0,,,,,,,,,
1157231,2018/19,2019-04-12,"Senwes Park, Potchefstroom",1,9.3,Lions,Knights,RD Rickelton,T Bavuma,SC van Schalkwyk,4,0,,,,,,,,,
1157231,2018/19,2019-04-12,"Senwes Park, Potchefstroom",1,9.4,Lions,Knights,RD Rickelton,T Bavuma,SC van Schalkwyk,0,0,,,,,,,,,
1157231,2018/19,2019-04-12,"Senwes Park, Potchefstroom",1,9.5,Lions,Knights,RD Rickelton,T Bavuma,SC van Schalkwyk,1,0,,,,,,,,,
1157231,2018/19,2019-04-12,"Senwes Park, Potchefstroom",1,9.6,Lions,Knights,T Bavuma,RD Rickelton,SC van Schalkwyk,1,0,,,,,,,,,
1157231,2018/19,2019-04-12,"Senwes Park, Potchefstroom",1,10.1,Lions,Knights,T Bavuma,RD Rickelton,T Ntuli,1,0,,,,,,,,,
1157231,2018/19,2019-04-12,"Senwes Park, Potchefstroom",1,10.2,Lions,Knights,RD Rickelton,T Bavuma,T Ntuli,2,0,,,,,,,,,
1157231,2018/19,2019-04-12,"Senwes Park, Potchefstroom",1,10.3,Lions,Knights,RD Rickelton,T Bavuma,T Ntuli,1,0,,,,,,,,,
1157231,2018/19,2019-04-12,"Senwes Park, Potchefstroom",1,10.4,Lions,Knights,T Bavuma,RD Rickelton,T Ntuli,0,0,,,,,,caught,T Bavuma,,
1157231,2018/19,2019-04-12,"Senwes Park, Potchefstroom",1,10.5,Lions,Knights,RD Rickelton,PWA Mulder,T Ntuli,0,0,,,,,,,,,
1157231,2018/19,2019-04-12,"Senwes Park, Potchefstroom",1,10.6,Lions,Knights,RD Rickelton,PWA Mulder,T Ntuli,1,0,,,,,,,,,
1157231,2018/19,2019-04-12,"Senwes Park, Potchefstroom",1,11.1,Lions,Knights,RD Rickelton,PWA Mulder,SC van Schalkwyk,4,0,,,,,,,,,
1157231,2018/19,2019-04-12,"Senwes Park, Potchefstroom",1,11.2,Lions,Knights,RD Rickelton,PWA Mulder,SC van Schalkwyk,0,0,,,,,,,,,
1157231,2018/19,2019-04-12,"Senwes Park, Potchefstroom",1,11.3,Lions,Knights,RD Rickelton,PWA Mulder,SC van Schalkwyk,0,0,,,,,,,,,
1157231,2018/19,2019-04-12,"Senwes Park, Potchefstroom",1,11.4,Lions,Knights,RD Rickelton,PWA Mulder,SC van Schalkwyk,4,0,,,,,,,,,
1157231,2018/19,2019-04-12,"Senwes Park, Potchefstroom",1,11.5,Lions,Knights,RD Rickelton,PWA Mulder,SC van Schalkwyk,1,0,,,,,,,,,
1157231,2018/19,2019-04-12,"Senwes Park, Potchefstroom",1,11.6,Lions,Knights,PWA Mulder,RD Rickelton,SC van Schalkwyk,2,0,,,,,,,,,
1157231,2018/19,2019-04-12,"Senwes Park, Potchefstroom",1,12.1,Lions,Knights,RD Rickelton,PWA Mulder,T Ntuli,1,0,,,,,,,,,
1157231,2018/19,2019-04-12,"Senwes Park, Potchefstroom",1,12.2,Lions,Knights,PWA Mulder,RD Rickelton,T Ntuli,0,0,,,,,,,,,
1157231,2018/19,2019-04-12,"Senwes Park, Potchefstroom",1,12.3,Lions,Knights,PWA Mulder,RD Rickelton,T Ntuli,2,0,,,,,,,,,
1157231,2018/19,2019-04-12,"Senwes Park, Potchefstroom",1,12.4,Lions,Knights,PWA Mulder,RD Rickelton,T Ntuli,0,1,1,,,,,,,,
1157231,2018/19,2019-04-12,"Senwes Park, Potchefstroom",1,12.5,Lions,Knights,PWA Mulder,RD Rickelton,T Ntuli,1,0,,,,,,,,,
1157231,2018/19,2019-04-12,"Senwes Park, Potchefstroom",1,12.6,Lions,Knights,RD Rickelton,PWA Mulder,T Ntuli,0,0,,,,,,,,,
1157231,2018/19,2019-04-12,"Senwes Park, Potchefstroom",1,12.7,Lions,Knights,RD Rickelton,PWA Mulder,T Ntuli,1,0,,,,,,,,,
1157231,2018/19,2019-04-12,"Senwes Park, Potchefstroom",1,13.1,Lions,Knights,RD Rickelton,PWA Mulder,G Coetzee,0,0,,,,,,caught,RD Rickelton,,
1157231,2018/19,2019-04-12,"Senwes Park, Potchefstroom",1,13.2,Lions,Knights,PWA Mulder,WJ Lubbe,G Coetzee,0,0,,,,,,caught,PWA Mulder,,
1157231,2018/19,2019-04-12,"Senwes Park, Potchefstroom",1,13.3,Lions,Knights,D Pretorius,WJ Lubbe,G Coetzee,0,0,,,,,,,,,
1157231,2018/19,2019-04-12,"Senwes Park, Potchefstroom",1,13.4,Lions,Knights,D Pretorius,WJ Lubbe,G Coetzee,0,1,1,,,,,,,,
1157231,2018/19,2019-04-12,"Senwes Park, Potchefstroom",1,13.5,Lions,Knights,D Pretorius,WJ Lubbe,G Coetzee,1,0,,,,,,,,,
1157231,2018/19,2019-04-12,"Senwes Park, Potchefstroom",1,13.6,Lions,Knights,WJ Lubbe,D Pretorius,G Coetzee,0,0,,,,,,,,,
1157231,2018/19,2019-04-12,"Senwes Park, Potchefstroom",1,13.7,Lions,Knights,WJ Lubbe,D Pretorius,G Coetzee,2,0,,,,,,,,,
1157231,2018/19,2019-04-12,"Senwes Park, Potchefstroom",1,14.1,Lions,Knights,D Pretorius,WJ Lubbe,E Leie,0,0,,,,,,,,,
1157231,2018/19,2019-04-12,"Senwes Park, Potchefstroom",1,14.2,Lions,Knights,D Pretorius,WJ Lubbe,E Leie,0,0,,,,,,,,,
1157231,2018/19,2019-04-12,"Senwes Park, Potchefstroom",1,14.3,Lions,Knights,D Pretorius,WJ Lubbe,E Leie,0,0,,,,,,,,,
1157231,2018/19,2019-04-12,"Senwes Park, Potchefstroom",1,14.4,Lions,Knights,D Pretorius,WJ Lubbe,E Leie,1,0,,,,,,,,,
1157231,2018/19,2019-04-12,"Senwes Park, Potchefstroom",1,14.5,Lions,Knights,WJ Lubbe,D Pretorius,E Leie,1,0,,,,,,,,,
1157231,2018/19,2019-04-12,"Senwes Park, Potchefstroom",1,14.6,Lions,Knights,D Pretorius,WJ Lubbe,E Leie,6,0,,,,,,,,,
1157231,2018/19,2019-04-12,"Senwes Park, Potchefstroom",1,15.1,Lions,Knights,WJ Lubbe,D Pretorius,G Coetzee,0,0,,,,,,,,,
1157231,2018/19,2019-04-12,"Senwes Park, Potchefstroom",1,15.2,Lions,Knights,WJ Lubbe,D Pretorius,G Coetzee,1,0,,,,,,,,,
1157231,2018/19,2019-04-12,"Senwes Park, Potchefstroom",1,15.3,Lions,Knights,D Pretorius,WJ Lubbe,G Coetzee,0,0,,,,,,,,,
1157231,2018/19,2019-04-12,"Senwes Park, Potchefstroom",1,15.4,Lions,Knights,D Pretorius,WJ Lubbe,G Coetzee,0,1,1,,,,,,,,
1157231,2018/19,2019-04-12,"Senwes Park, Potchefstroom",1,15.5,Lions,Knights,D Pretorius,WJ Lubbe,G Coetzee,4,0,,,,,,,,,
1157231,2018/19,2019-04-12,"Senwes Park, Potchefstroom",1,15.6,Lions,Knights,D Pretorius,WJ Lubbe,G Coetzee,1,0,,,,,,,,,
1157231,2018/19,2019-04-12,"Senwes Park, Potchefstroom",1,15.7,Lions,Knights,WJ Lubbe,D Pretorius,G Coetzee,0,1,1,,,,,,,,
1157231,2018/19,2019-04-12,"Senwes Park, Potchefstroom",1,15.8,Lions,Knights,WJ Lubbe,D Pretorius,G Coetzee,1,0,,,,,,,,,
1157231,2018/19,2019-04-12,"Senwes Park, Potchefstroom",1,16.1,Lions,Knights,WJ Lubbe,D Pretorius,OEG Baartman,1,0,,,,,,,,,
1157231,2018/19,2019-04-12,"Senwes Park, Potchefstroom",1,16.2,Lions,Knights,D Pretorius,WJ Lubbe,OEG Baartman,0,0,,,,,,,,,
1157231,2018/19,2019-04-12,"Senwes Park, Potchefstroom",1,16.3,Lions,Knights,D Pretorius,WJ Lubbe,OEG Baartman,1,0,,,,,,,,,
1157231,2018/19,2019-04-12,"Senwes Park, Potchefstroom",1,16.4,Lions,Knights,WJ Lubbe,D Pretorius,OEG Baartman,1,0,,,,,,,,,
1157231,2018/19,2019-04-12,"Senwes Park, Potchefstroom",1,16.5,Lions,Knights,D Pretorius,WJ Lubbe,OEG Baartman,4,0,,,,,,,,,
1157231,2018/19,2019-04-12,"Senwes Park, Potchefstroom",1,16.6,Lions,Knights,D Pretorius,WJ Lubbe,OEG Baartman,0,0,,,,,,,,,
1157231,2018/19,2019-04-12,"Senwes Park, Potchefstroom",1,17.1,Lions,Knights,WJ Lubbe,D Pretorius,SC van Schalkwyk,1,0,,,,,,,,,
1157231,2018/19,2019-04-12,"Senwes Park, Potchefstroom",1,17.2,Lions,Knights,D Pretorius,WJ Lubbe,SC van Schalkwyk,1,0,,,,,,,,,
1157231,2018/19,2019-04-12,"Senwes Park, Potchefstroom",1,17.3,Lions,Knights,WJ Lubbe,D Pretorius,SC van Schalkwyk,0,0,,,,,,caught,WJ Lubbe,,
1157231,2018/19,2019-04-12,"Senwes Park, Potchefstroom",1,17.4,Lions,Knights,D Pretorius,BC Fortuin,SC van Schalkwyk,1,0,,,,,,,,,
1157231,2018/19,2019-04-12,"Senwes Park, Potchefstroom",1,17.5,Lions,Knights,BC Fortuin,D Pretorius,SC van Schalkwyk,2,0,,,,,,,,,
1157231,2018/19,2019-04-12,"Senwes Park, Potchefstroom",1,17.6,Lions,Knights,BC Fortuin,D Pretorius,SC van Schalkwyk,1,0,,,,,,,,,
1157231,2018/19,2019-04-12,"Senwes Park, Potchefstroom",1,18.1,Lions,Knights,BC Fortuin,D Pretorius,OEG Baartman,1,0,,,,,,,,,
1157231,2018/19,2019-04-12,"Senwes Park, Potchefstroom",1,18.2,Lions,Knights,D Pretorius,BC Fortuin,OEG Baartman,4,0,,,,,,,,,
1157231,2018/19,2019-04-12,"Senwes Park, Potchefstroom",1,18.3,Lions,Knights,D Pretorius,BC Fortuin,OEG Baartman,1,0,,,,,,,,,
1157231,2018/19,2019-04-12,"Senwes Park, Potchefstroom",1,18.4,Lions,Knights,BC Fortuin,D Pretorius,OEG Baartman,2,0,,,,,,,,,
1157231,2018/19,2019-04-12,"Senwes Park, Potchefstroom",1,18.5,Lions,Knights,BC Fortuin,D Pretorius,OEG Baartman,1,0,,,,,,,,,
1157231,2018/19,2019-04-12,"Senwes Park, Potchefstroom",1,18.6,Lions,Knights,D Pretorius,BC Fortuin,OEG Baartman,4,0,,,,,,,,,
1157231,2018/19,2019-04-12,"Senwes Park, Potchefstroom",1,19.1,Lions,Knights,BC Fortuin,D Pretorius,SC van Schalkwyk,1,0,,,,,,,,,
1157231,2018/19,2019-04-12,"Senwes Park, Potchefstroom",1,19.2,Lions,Knights,D Pretorius,BC Fortuin,SC van Schalkwyk,2,0,,,,,,,,,
1157231,2018/19,2019-04-12,"Senwes Park, Potchefstroom",1,19.3,Lions,Knights,D Pretorius,BC Fortuin,SC van Schalkwyk,0,1,1,,,,,,,,
1157231,2018/19,2019-04-12,"Senwes Park, Potchefstroom",1,19.4,Lions,Knights,D Pretorius,BC Fortuin,SC van Schalkwyk,4,0,,,,,,,,,
1157231,2018/19,2019-04-12,"Senwes Park, Potchefstroom",1,19.5,Lions,Knights,D Pretorius,BC Fortuin,SC van Schalkwyk,1,0,,,,,,,,,
1157231,2018/19,2019-04-12,"Senwes Park, Potchefstroom",1,19.6,Lions,Knights,BC Fortuin,D Pretorius,SC van Schalkwyk,2,0,,,,,,,,,
1157231,2018/19,2019-04-12,"Senwes Park, Potchefstroom",1,19.7,Lions,Knights,BC Fortuin,D Pretorius,SC van Schalkwyk,0,0,,,,,,run out,BC Fortuin,,
1157231,2018/19,2019-04-12,"Senwes Park, Potchefstroom",2,0.1,Knights,Lions,PE Kruger,AGS Gous,BC Fortuin,1,0,,,,,,,,,
1157231,2018/19,2019-04-12,"Senwes Park, Potchefstroom",2,0.2,Knights,Lions,AGS Gous,PE Kruger,BC Fortuin,0,0,,,,,,,,,
1157231,2018/19,2019-04-12,"Senwes Park, Potchefstroom",2,0.3,Knights,Lions,AGS Gous,PE Kruger,BC Fortuin,0,0,,,,,,,,,
1157231,2018/19,2019-04-12,"Senwes Park, Potchefstroom",2,0.4,Knights,Lions,AGS Gous,PE Kruger,BC Fortuin,1,0,,,,,,,,,
1157231,2018/19,2019-04-12,"Senwes Park, Potchefstroom",2,0.5,Knights,Lions,PE Kruger,AGS Gous,BC Fortuin,1,0,,,,,,,,,
1157231,2018/19,2019-04-12,"Senwes Park, Potchefstroom",2,0.6,Knights,Lions,AGS Gous,PE Kruger,BC Fortuin,2,0,,,,,,,,,
1157231,2018/19,2019-04-12,"Senwes Park, Potchefstroom",2,1.1,Knights,Lions,PE Kruger,AGS Gous,BE Hendricks,0,0,,,,,,,,,
1157231,2018/19,2019-04-12,"Senwes Park, Potchefstroom",2,1.2,Knights,Lions,PE Kruger,AGS Gous,BE Hendricks,0,0,,,,,,,,,
1157231,2018/19,2019-04-12,"Senwes Park, Potchefstroom",2,1.3,Knights,Lions,PE Kruger,AGS Gous,BE Hendricks,1,0,,,,,,,,,
1157231,2018/19,2019-04-12,"Senwes Park, Potchefstroom",2,1.4,Knights,Lions,AGS Gous,PE Kruger,BE Hendricks,4,0,,,,,,,,,
1157231,2018/19,2019-04-12,"Senwes Park, Potchefstroom",2,1.5,Knights,Lions,AGS Gous,PE Kruger,BE Hendricks,4,0,,,,,,,,,
1157231,2018/19,2019-04-12,"Senwes Park, Potchefstroom",2,1.6,Knights,Lions,AGS Gous,PE Kruger,BE Hendricks,0,0,,,,,,,,,
1157231,2018/19,2019-04-12,"Senwes Park, Potchefstroom",2,2.1,Knights,Lions,PE Kruger,AGS Gous,BC Fortuin,0,0,,,,,,lbw,PE Kruger,,
1157231,2018/19,2019-04-12,"Senwes Park, Potchefstroom",2,2.2,Knights,Lions,R van Tonder,AGS Gous,BC Fortuin,0,0,,,,,,,,,
1157231,2018/19,2019-04-12,"Senwes Park, Potchefstroom",2,2.3,Knights,Lions,R van Tonder,AGS Gous,BC Fortuin,0,0,,,,,,,,,
1157231,2018/19,2019-04-12,"Senwes Park, Potchefstroom",2,2.4,Knights,Lions,R van Tonder,AGS Gous,BC Fortuin,0,0,,,,,,,,,
1157231,2018/19,2019-04-12,"Senwes Park, Potchefstroom",2,2.5,Knights,Lions,R van Tonder,AGS Gous,BC Fortuin,0,0,,,,,,,,,
1157231,2018/19,2019-04-12,"Senwes Park, Potchefstroom",2,2.6,Knights,Lions,R van Tonder,AGS Gous,BC Fortuin,3,0,,,,,,,,,
1157231,2018/19,2019-04-12,"Senwes Park, Potchefstroom",2,3.1,Knights,Lions,R van Tonder,AGS Gous,BE Hendricks,1,0,,,,,,,,,
1157231,2018/19,2019-04-12,"Senwes Park, Potchefstroom",2,3.2,Knights,Lions,AGS Gous,R van Tonder,BE Hendricks,1,0,,,,,,,,,
1157231,2018/19,2019-04-12,"Senwes Park, Potchefstroom",2,3.3,Knights,Lions,R van Tonder,AGS Gous,BE Hendricks,0,0,,,,,,,,,
1157231,2018/19,2019-04-12,"Senwes Park, Potchefstroom",2,3.4,Knights,Lions,R van Tonder,AGS Gous,BE Hendricks,4,0,,,,,,,,,
1157231,2018/19,2019-04-12,"Senwes Park, Potchefstroom",2,3.5,Knights,Lions,R van Tonder,AGS Gous,BE Hendricks,4,0,,,,,,,,,
1157231,2018/19,2019-04-12,"Senwes Park, Potchefstroom",2,3.6,Knights,Lions,R van Tonder,AGS Gous,BE Hendricks,0,0,,,,,,,,,
1157231,2018/19,2019-04-12,"Senwes Park, Potchefstroom",2,4.1,Knights,Lions,AGS Gous,R van Tonder,D Pretorius,1,0,,,,,,,,,
1157231,2018/19,2019-04-12,"Senwes Park, Potchefstroom",2,4.2,Knights,Lions,R van Tonder,AGS Gous,D Pretorius,0,0,,,,,,,,,
1157231,2018/19,2019-04-12,"Senwes Park, Potchefstroom",2,4.3,Knights,Lions,R van Tonder,AGS Gous,D Pretorius,0,0,,,,,,,,,
1157231,2018/19,2019-04-12,"Senwes Park, Potchefstroom",2,4.4,Knights,Lions,R van Tonder,AGS Gous,D Pretorius,2,0,,,,,,,,,
1157231,2018/19,2019-04-12,"Senwes Park, Potchefstroom",2,4.5,Knights,Lions,R van Tonder,AGS Gous,D Pretorius,0,0,,,,,,,,,
1157231,2018/19,2019-04-12,"Senwes Park, Potchefstroom",2,4.6,Knights,Lions,R van Tonder,AGS Gous,D Pretorius,1,0,,,,,,,,,
1157231,2018/19,2019-04-12,"Senwes Park, Potchefstroom",2,5.1,Knights,Lions,R van Tonder,AGS Gous,PWA Mulder,0,0,,,,,,,,,
1157231,2018/19,2019-04-12,"Senwes Park, Potchefstroom",2,5.2,Knights,Lions,R van Tonder,AGS Gous,PWA Mulder,1,0,,,,,,,,,
1157231,2018/19,2019-04-12,"Senwes Park, Potchefstroom",2,5.3,Knights,Lions,AGS Gous,R van Tonder,PWA Mulder,4,0,,,,,,,,,
1157231,2018/19,2019-04-12,"Senwes Park, Potchefstroom",2,5.4,Knights,Lions,AGS Gous,R van Tonder,PWA Mulder,0,0,,,,,,,,,
1157231,2018/19,2019-04-12,"Senwes Park, Potchefstroom",2,5.5,Knights,Lions,AGS Gous,R van Tonder,PWA Mulder,6,0,,,,,,,,,
1157231,2018/19,2019-04-12,"Senwes Park, Potchefstroom",2,5.6,Knights,Lions,AGS Gous,R van Tonder,PWA Mulder,0,1,1,,,,,,,,
1157231,2018/19,2019-04-12,"Senwes Park, Potchefstroom",2,5.7,Knights,Lions,AGS Gous,R van Tonder,PWA Mulder,0,0,,,,,,,,,
1157231,2018/19,2019-04-12,"Senwes Park, Potchefstroom",2,6.1,Knights,Lions,R van Tonder,AGS Gous,D Pretorius,0,0,,,,,,,,,
1157231,2018/19,2019-04-12,"Senwes Park, Potchefstroom",2,6.2,Knights,Lions,R van Tonder,AGS Gous,D Pretorius,4,0,,,,,,,,,
1157231,2018/19,2019-04-12,"Senwes Park, Potchefstroom",2,6.3,Knights,Lions,R van Tonder,AGS Gous,D Pretorius,1,0,,,,,,,,,
1157231,2018/19,2019-04-12,"Senwes Park, Potchefstroom",2,6.4,Knights,Lions,AGS Gous,R van Tonder,D Pretorius,1,0,,,,,,,,,
1157231,2018/19,2019-04-12,"Senwes Park, Potchefstroom",2,6.5,Knights,Lions,R van Tonder,AGS Gous,D Pretorius,0,0,,,,,,,,,
1157231,2018/19,2019-04-12,"Senwes Park, Potchefstroom",2,6.6,Knights,Lions,R van Tonder,AGS Gous,D Pretorius,1,0,,,,,,,,,
1157231,2018/19,2019-04-12,"Senwes Park, Potchefstroom",2,7.1,Knights,Lions,R van Tonder,AGS Gous,AM Phangiso,0,0,,,,,,,,,
1157231,2018/19,2019-04-12,"Senwes Park, Potchefstroom",2,7.2,Knights,Lions,R van Tonder,AGS Gous,AM Phangiso,6,0,,,,,,,,,
1157231,2018/19,2019-04-12,"Senwes Park, Potchefstroom",2,7.3,Knights,Lions,R van Tonder,AGS Gous,AM Phangiso,4,0,,,,,,,,,
1157231,2018/19,2019-04-12,"Senwes Park, Potchefstroom",2,7.4,Knights,Lions,R van Tonder,AGS Gous,AM Phangiso,0,0,,,,,,bowled,R van Tonder,,
1157231,2018/19,2019-04-12,"Senwes Park, Potchefstroom",2,7.5,Knights,Lions,PJ van Biljon,AGS Gous,AM Phangiso,0,0,,,,,,,,,
1157231,2018/19,2019-04-12,"Senwes Park, Potchefstroom",2,7.6,Knights,Lions,PJ van Biljon,AGS Gous,AM Phangiso,0,0,,,,,,,,,
1157231,2018/19,2019-04-12,"Senwes Park, Potchefstroom",2,8.1,Knights,Lions,AGS Gous,PJ van Biljon,MP Siboto,0,0,,,,,,caught,AGS Gous,,
1157231,2018/19,2019-04-12,"Senwes Park, Potchefstroom",2,8.2,Knights,Lions,TG Mokoena,PJ van Biljon,MP Siboto,1,0,,,,,,,,,
1157231,2018/19,2019-04-12,"Senwes Park, Potchefstroom",2,8.3,Knights,Lions,PJ van Biljon,TG Mokoena,MP Siboto,0,0,,,,,,,,,
1157231,2018/19,2019-04-12,"Senwes Park, Potchefstroom",2,8.4,Knights,Lions,PJ van Biljon,TG Mokoena,MP Siboto,0,0,,,,,,,,,
1157231,2018/19,2019-04-12,"Senwes Park, Potchefstroom",2,8.5,Knights,Lions,PJ van Biljon,TG Mokoena,MP Siboto,1,0,,,,,,,,,
1157231,2018/19,2019-04-12,"Senwes Park, Potchefstroom",2,8.6,Knights,Lions,TG Mokoena,PJ van Biljon,MP Siboto,1,0,,,,,,,,,
1157231,2018/19,2019-04-12,"Senwes Park, Potchefstroom",2,9.1,Knights,Lions,TG Mokoena,PJ van Biljon,AM Phangiso,1,0,,,,,,,,,
1157231,2018/19,2019-04-12,"Senwes Park, Potchefstroom",2,9.2,Knights,Lions,PJ van Biljon,TG Mokoena,AM Phangiso,0,0,,,,,,,,,
1157231,2018/19,2019-04-12,"Senwes Park, Potchefstroom",2,9.3,Knights,Lions,PJ van Biljon,TG Mokoena,AM Phangiso,0,0,,,,,,,,,
1157231,2018/19,2019-04-12,"Senwes Park, Potchefstroom",2,9.4,Knights,Lions,PJ van Biljon,TG Mokoena,AM Phangiso,1,0,,,,,,,,,
1157231,2018/19,2019-04-12,"Senwes Park, Potchefstroom",2,9.5,Knights,Lions,TG Mokoena,PJ van Biljon,AM Phangiso,1,0,,,,,,,,,
1157231,2018/19,2019-04-12,"Senwes Park, Potchefstroom",2,9.6,Knights,Lions,PJ van Biljon,TG Mokoena,AM Phangiso,0,0,,,,,,,,,
1157231,2018/19,2019-04-12,"Senwes Park, Potchefstroom",2,10.1,Knights,Lions,TG Mokoena,PJ van Biljon,MP Siboto,0,0,,,,,,,,,
1157231,2018/19,2019-04-12,"Senwes Park, Potchefstroom",2,10.2,Knights,Lions,TG Mokoena,PJ van Biljon,MP Siboto,0,0,,,,,,,,,
1157231,2018/19,2019-04-12,"Senwes Park, Potchefstroom",2,10.3,Knights,Lions,TG Mokoena,PJ van Biljon,MP Siboto,0,0,,,,,,,,,
1157231,2018/19,2019-04-12,"Senwes Park, Potchefstroom",2,10.4,Knights,Lions,TG Mokoena,PJ van Biljon,MP Siboto,0,0,,,,,,,,,
1157231,2018/19,2019-04-12,"Senwes Park, Potchefstroom",2,10.5,Knights,Lions,TG Mokoena,PJ van Biljon,MP Siboto,2,0,,,,,,,,,
1157231,2018/19,2019-04-12,"Senwes Park, Potchefstroom",2,10.6,Knights,Lions,TG Mokoena,PJ van Biljon,MP Siboto,1,0,,,,,,,,,
1157231,2018/19,2019-04-12,"Senwes Park, Potchefstroom",2,11.1,Knights,Lions,TG Mokoena,PJ van Biljon,AM Phangiso,2,0,,,,,,,,,
1157231,2018/19,2019-04-12,"Senwes Park, Potchefstroom",2,11.2,Knights,Lions,TG Mokoena,PJ van Biljon,AM Phangiso,0,0,,,,,,,,,
1157231,2018/19,2019-04-12,"Senwes Park, Potchefstroom",2,11.3,Knights,Lions,TG Mokoena,PJ van Biljon,AM Phangiso,1,0,,,,,,,,,
1157231,2018/19,2019-04-12,"Senwes Park, Potchefstroom",2,11.4,Knights,Lions,PJ van Biljon,TG Mokoena,AM Phangiso,0,0,,,,,,,,,
1157231,2018/19,2019-04-12,"Senwes Park, Potchefstroom",2,11.5,Knights,Lions,PJ van Biljon,TG Mokoena,AM Phangiso,0,0,,,,,,,,,
1157231,2018/19,2019-04-12,"Senwes Park, Potchefstroom",2,11.6,Knights,Lions,PJ van Biljon,TG Mokoena,AM Phangiso,1,0,,,,,,,,,
1157231,2018/19,2019-04-12,"Senwes Park, Potchefstroom",2,12.1,Knights,Lions,PJ van Biljon,TG Mokoena,PWA Mulder,0,1,1,,,,,,,,
1157231,2018/19,2019-04-12,"Senwes Park, Potchefstroom",2,12.2,Knights,Lions,PJ van Biljon,TG Mokoena,PWA Mulder,1,0,,,,,,,,,
1157231,2018/19,2019-04-12,"Senwes Park, Potchefstroom",2,12.3,Knights,Lions,TG Mokoena,PJ van Biljon,PWA Mulder,0,0,,,,,,,,,
1157231,2018/19,2019-04-12,"Senwes Park, Potchefstroom",2,12.4,Knights,Lions,TG Mokoena,PJ van Biljon,PWA Mulder,1,0,,,,,,,,,
1157231,2018/19,2019-04-12,"Senwes Park, Potchefstroom",2,12.5,Knights,Lions,PJ van Biljon,TG Mokoena,PWA Mulder,0,0,,,,,,,,,
1157231,2018/19,2019-04-12,"Senwes Park, Potchefstroom",2,12.6,Knights,Lions,PJ van Biljon,TG Mokoena,PWA Mulder,1,0,,,,,,,,,
1157231,2018/19,2019-04-12,"Senwes Park, Potchefstroom",2,12.7,Knights,Lions,TG Mokoena,PJ van Biljon,PWA Mulder,1,0,,,,,,,,,
1157231,2018/19,2019-04-12,"Senwes Park, Potchefstroom",2,13.1,Knights,Lions,TG Mokoena,PJ van Biljon,AM Phangiso,1,0,,,,,,,,,
1157231,2018/19,2019-04-12,"Senwes Park, Potchefstroom",2,13.2,Knights,Lions,PJ van Biljon,TG Mokoena,AM Phangiso,2,0,,,,,,,,,
1157231,2018/19,2019-04-12,"Senwes Park, Potchefstroom",2,13.3,Knights,Lions,PJ van Biljon,TG Mokoena,AM Phangiso,2,0,,,,,,,,,
1157231,2018/19,2019-04-12,"Senwes Park, Potchefstroom",2,13.4,Knights,Lions,PJ van Biljon,TG Mokoena,AM Phangiso,1,0,,,,,,,,,
1157231,2018/19,2019-04-12,"Senwes Park, Potchefstroom",2,13.5,Knights,Lions,TG Mokoena,PJ van Biljon,AM Phangiso,0,0,,,,,,,,,
1157231,2018/19,2019-04-12,"Senwes Park, Potchefstroom",2,13.6,Knights,Lions,TG Mokoena,PJ van Biljon,AM Phangiso,1,0,,,,,,,,,
1157231,2018/19,2019-04-12,"Senwes Park, Potchefstroom",2,14.1,Knights,Lions,TG Mokoena,PJ van Biljon,D Pretorius,2,0,,,,,,,,,
1157231,2018/19,2019-04-12,"Senwes Park, Potchefstroom",2,14.2,Knights,Lions,TG Mokoena,PJ van Biljon,D Pretorius,0,0,,,,,,,,,
1157231,2018/19,2019-04-12,"Senwes Park, Potchefstroom",2,14.3,Knights,Lions,TG Mokoena,PJ van Biljon,D Pretorius,6,0,,,,,,,,,
1157231,2018/19,2019-04-12,"Senwes Park, Potchefstroom",2,14.4,Knights,Lions,TG Mokoena,PJ van Biljon,D Pretorius,0,0,,,,,,caught,TG Mokoena,,
1157231,2018/19,2019-04-12,"Senwes Park, Potchefstroom",2,14.5,Knights,Lions,PJ van Biljon,R McLaren,D Pretorius,1,0,,,,,,,,,
1157231,2018/19,2019-04-12,"Senwes Park, Potchefstroom",2,14.6,Knights,Lions,R McLaren,PJ van Biljon,D Pretorius,0,0,,,,,,,,,
1157231,2018/19,2019-04-12,"Senwes Park, Potchefstroom",2,15.1,Knights,Lions,PJ van Biljon,R McLaren,BC Fortuin,0,0,,,,,,bowled,PJ van Biljon,,
1157231,2018/19,2019-04-12,"Senwes Park, Potchefstroom",2,15.2,Knights,Lions,G Coetzee,R McLaren,BC Fortuin,0,0,,,,,,bowled,G Coetzee,,
1157231,2018/19,2019-04-12,"Senwes Park, Potchefstroom",2,15.3,Knights,Lions,SC van Schalkwyk,R McLaren,BC Fortuin,0,0,,,,,,,,,
1157231,2018/19,2019-04-12,"Senwes Park, Potchefstroom",2,15.4,Knights,Lions,SC van Schalkwyk,R McLaren,BC Fortuin,0,0,,,,,,,,,
1157231,2018/19,2019-04-12,"Senwes Park, Potchefstroom",2,15.5,Knights,Lions,SC van Schalkwyk,R McLaren,BC Fortuin,0,0,,,,,,,,,
1157231,2018/19,2019-04-12,"Senwes Park, Potchefstroom",2,15.6,Knights,Lions,SC van Schalkwyk,R McLaren,BC Fortuin,1,0,,,,,,,,,
1157231,2018/19,2019-04-12,"Senwes Park, Potchefstroom",2,16.1,Knights,Lions,SC van Schalkwyk,R McLaren,BE Hendricks,0,0,,,,,,caught,SC van Schalkwyk,,
1157231,2018/19,2019-04-12,"Senwes Park, Potchefstroom",2,16.2,Knights,Lions,R McLaren,E Leie,BE Hendricks,2,0,,,,,,,,,
1157231,2018/19,2019-04-12,"Senwes Park, Potchefstroom",2,16.3,Knights,Lions,R McLaren,E Leie,BE Hendricks,0,0,,,,,,,,,
1157231,2018/19,2019-04-12,"Senwes Park, Potchefstroom",2,16.4,Knights,Lions,R McLaren,E Leie,BE Hendricks,0,0,,,,,,,,,
1157231,2018/19,2019-04-12,"Senwes Park, Potchefstroom",2,16.5,Knights,Lions,R McLaren,E Leie,BE Hendricks,1,0,,,,,,,,,
1157231,2018/19,2019-04-12,"Senwes Park, Potchefstroom",2,16.6,Knights,Lions,E Leie,R McLaren,BE Hendricks,0,0,,,,,,,,,
1157231,2018/19,2019-04-12,"Senwes Park, Potchefstroom",2,17.1,Knights,Lions,R McLaren,E Leie,BC Fortuin,0,0,,,,,,,,,
1157231,2018/19,2019-04-12,"Senwes Park, Potchefstroom",2,17.2,Knights,Lions,R McLaren,E Leie,BC Fortuin,0,0,,,,,,,,,
1157231,2018/19,2019-04-12,"Senwes Park, Potchefstroom",2,17.3,Knights,Lions,R McLaren,E Leie,BC Fortuin,1,0,,,,,,,,,
1157231,2018/19,2019-04-12,"Senwes Park, Potchefstroom",2,17.4,Knights,Lions,E Leie,R McLaren,BC Fortuin,0,0,,,,,,,,,
1157231,2018/19,2019-04-12,"Senwes Park, Potchefstroom",2,17.5,Knights,Lions,E Leie,R McLaren,BC Fortuin,0,0,,,,,,,,,
1157231,2018/19,2019-04-12,"Senwes Park, Potchefstroom",2,17.6,Knights,Lions,E Leie,R McLaren,BC Fortuin,0,0,,,,,,,,,
1157231,2018/19,2019-04-12,"Senwes Park, Potchefstroom",2,18.1,Knights,Lions,R McLaren,E Leie,BE Hendricks,0,0,,,,,,,,,
1157231,2018/19,2019-04-12,"Senwes Park, Potchefstroom",2,18.2,Knights,Lions,R McLaren,E Leie,BE Hendricks,0,0,,,,,,,,,
1157231,2018/19,2019-04-12,"Senwes Park, Potchefstroom",2,18.3,Knights,Lions,R McLaren,E Leie,BE Hendricks,0,0,,,,,,,,,
1157231,2018/19,2019-04-12,"Senwes Park, Potchefstroom",2,18.4,Knights,Lions,R McLaren,E Leie,BE Hendricks,1,0,,,,,,,,,
1157231,2018/19,2019-04-12,"Senwes Park, Potchefstroom",2,18.5,Knights,Lions,E Leie,R McLaren,BE Hendricks,1,0,,,,,,,,,
1157231,2018/19,2019-04-12,"Senwes Park, Potchefstroom",2,18.6,Knights,Lions,R McLaren,E Leie,BE Hendricks,4,0,,,,,,,,,
1157231,2018/19,2019-04-12,"Senwes Park, Potchefstroom",2,19.1,Knights,Lions,E Leie,R McLaren,MP Siboto,0,0,,,,,,,,,
1157231,2018/19,2019-04-12,"Senwes Park, Potchefstroom",2,19.2,Knights,Lions,E Leie,R McLaren,MP Siboto,0,0,,,,,,bowled,E Leie,,
1157231,2018/19,2019-04-12,"Senwes Park, Potchefstroom",2,19.3,Knights,Lions,T Ntuli,R McLaren,MP Siboto,0,0,,,,,,,,,
1157231,2018/19,2019-04-12,"Senwes Park, Potchefstroom",2,19.4,Knights,Lions,T Ntuli,R McLaren,MP Siboto,1,0,,,,,,,,,
1157231,2018/19,2019-04-12,"Senwes Park, Potchefstroom",2,19.5,Knights,Lions,R McLaren,T Ntuli,MP Siboto,4,0,,,,,,,,,
1157231,2018/19,2019-04-12,"Senwes Park, Potchefstroom",2,19.6,Knights,Lions,R McLaren,T Ntuli,MP Siboto,0,0,,,,,,bowled,R McLaren,,
