match_id,season,start_date,venue,innings,ball,batting_team,bowling_team,striker,non_striker,bowler,runs_off_bat,extras,wides,noballs,byes,legbyes,penalty,wicket_type,player_dismissed,other_wicket_type,other_player_dismissed
1157249,2018/19,2019-04-26,"St George's Park, Port Elizabeth",1,0.1,Warriors,Dolphins,MP Breetzke,GL Cloete,KA Maharaj,0,0,,,,,,,,,
1157249,2018/19,2019-04-26,"St George's Park, Port Elizabeth",1,0.2,Warriors,Dolphins,MP Breetzke,GL Cloete,KA Maharaj,0,0,,,,,,,,,
1157249,2018/19,2019-04-26,"St George's Park, Port Elizabeth",1,0.3,Warriors,Dolphins,MP Breetzke,GL Cloete,KA Maharaj,1,0,,,,,,,,,
1157249,2018/19,2019-04-26,"St George's Park, Port Elizabeth",1,0.4,Warriors,Dolphins,GL Cloete,MP Breetzke,KA Maharaj,0,0,,,,,,,,,
1157249,2018/19,2019-04-26,"St George's Park, Port Elizabeth",1,0.5,Warriors,Dolphins,GL Cloete,MP Breetzke,KA Maharaj,0,0,,,,,,,,,
1157249,2018/19,2019-04-26,"St George's Park, Port Elizabeth",1,0.6,Warriors,Dolphins,GL Cloete,MP Breetzke,KA Maharaj,4,0,,,,,,,,,
1157249,2018/19,2019-04-26,"St George's Park, Port Elizabeth",1,1.1,Warriors,Dolphins,MP Breetzke,GL Cloete,DM Dupavillon,0,0,,,,,,,,,
1157249,2018/19,2019-04-26,"St George's Park, Port Elizabeth",1,1.2,Warriors,Dolphins,MP Breetzke,GL Cloete,DM Dupavillon,0,0,,,,,,,,,
1157249,2018/19,2019-04-26,"St George's Park, Port Elizabeth",1,1.3,Warriors,Dolphins,MP Breetzke,GL Cloete,DM Dupavillon,0,0,,,,,,,,,
1157249,2018/19,2019-04-26,"St George's Park, Port Elizabeth",1,1.4,Warriors,Dolphins,MP Breetzke,GL Cloete,DM Dupavillon,4,0,,,,,,,,,
1157249,2018/19,2019-04-26,"St George's Park, Port Elizabeth",1,1.5,Warriors,Dolphins,MP Breetzke,GL Cloete,DM Dupavillon,4,0,,,,,,,,,
1157249,2018/19,2019-04-26,"St George's Park, Port Elizabeth",1,1.6,Warriors,Dolphins,MP Breetzke,GL Cloete,DM Dupavillon,1,0,,,,,,,,,
1157249,2018/19,2019-04-26,"St George's Park, Port Elizabeth",1,2.1,Warriors,Dolphins,MP Breetzke,GL Cloete,R Frylinck,0,0,,,,,,,,,
1157249,2018/19,2019-04-26,"St George's Park, Port Elizabeth",1,2.2,Warriors,Dolphins,MP Breetzke,GL Cloete,R Frylinck,0,0,,,,,,,,,
1157249,2018/19,2019-04-26,"St George's Park, Port Elizabeth",1,2.3,Warriors,Dolphins,MP Breetzke,GL Cloete,R Frylinck,1,0,,,,,,,,,
1157249,2018/19,2019-04-26,"St George's Park, Port Elizabeth",1,2.4,Warriors,Dolphins,GL Cloete,MP Breetzke,R Frylinck,0,0,,,,,,,,,
1157249,2018/19,2019-04-26,"St George's Park, Port Elizabeth",1,2.5,Warriors,Dolphins,GL Cloete,MP Breetzke,R Frylinck,0,0,,,,,,caught and bowled,GL Cloete,,
1157249,2018/19,2019-04-26,"St George's Park, Port Elizabeth",1,2.6,Warriors,Dolphins,JT Smuts,MP Breetzke,R Frylinck,1,0,,,,,,,,,
1157249,2018/19,2019-04-26,"St George's Park, Port Elizabeth",1,3.1,Warriors,Dolphins,JT Smuts,MP Breetzke,DM Dupavillon,0,0,,,,,,bowled,JT Smuts,,
1157249,2018/19,2019-04-26,"St George's Park, Port Elizabeth",1,3.2,Warriors,Dolphins,S Qeshile,MP Breetzke,DM Dupavillon,0,0,,,,,,,,,
1157249,2018/19,2019-04-26,"St George's Park, Port Elizabeth",1,3.3,Warriors,Dolphins,S Qeshile,MP Breetzke,DM Dupavillon,1,0,,,,,,,,,
1157249,2018/19,2019-04-26,"St George's Park, Port Elizabeth",1,3.4,Warriors,Dolphins,MP Breetzke,S Qeshile,DM Dupavillon,2,0,,,,,,,,,
1157249,2018/19,2019-04-26,"St George's Park, Port Elizabeth",1,3.5,Warriors,Dolphins,MP Breetzke,S Qeshile,DM Dupavillon,4,0,,,,,,,,,
1157249,2018/19,2019-04-26,"St George's Park, Port Elizabeth",1,3.6,Warriors,Dolphins,MP Breetzke,S Qeshile,DM Dupavillon,1,0,,,,,,,,,
1157249,2018/19,2019-04-26,"St George's Park, Port Elizabeth",1,4.1,Warriors,Dolphins,MP Breetzke,S Qeshile,R Frylinck,0,0,,,,,,,,,
1157249,2018/19,2019-04-26,"St George's Park, Port Elizabeth",1,4.2,Warriors,Dolphins,MP Breetzke,S Qeshile,R Frylinck,1,0,,,,,,,,,
1157249,2018/19,2019-04-26,"St George's Park, Port Elizabeth",1,4.3,Warriors,Dolphins,S Qeshile,MP Breetzke,R Frylinck,0,0,,,,,,,,,
1157249,2018/19,2019-04-26,"St George's Park, Port Elizabeth",1,4.4,Warriors,Dolphins,S Qeshile,MP Breetzke,R Frylinck,0,0,,,,,,,,,
1157249,2018/19,2019-04-26,"St George's Park, Port Elizabeth",1,4.5,Warriors,Dolphins,S Qeshile,MP Breetzke,R Frylinck,1,0,,,,,,,,,
1157249,2018/19,2019-04-26,"St George's Park, Port Elizabeth",1,4.6,Warriors,Dolphins,MP Breetzke,S Qeshile,R Frylinck,6,0,,,,,,,,,
1157249,2018/19,2019-04-26,"St George's Park, Port Elizabeth",1,5.1,Warriors,Dolphins,S Qeshile,MP Breetzke,KA Maharaj,0,0,,,,,,,,,
1157249,2018/19,2019-04-26,"St George's Park, Port Elizabeth",1,5.2,Warriors,Dolphins,S Qeshile,MP Breetzke,KA Maharaj,0,0,,,,,,,,,
1157249,2018/19,2019-04-26,"St George's Park, Port Elizabeth",1,5.3,Warriors,Dolphins,S Qeshile,MP Breetzke,KA Maharaj,0,0,,,,,,bowled,S Qeshile,,
1157249,2018/19,2019-04-26,"St George's Park, Port Elizabeth",1,5.4,Warriors,Dolphins,M Marais,MP Breetzke,KA Maharaj,1,0,,,,,,,,,
1157249,2018/19,2019-04-26,"St George's Park, Port Elizabeth",1,5.5,Warriors,Dolphins,MP Breetzke,M Marais,KA Maharaj,4,0,,,,,,,,,
1157249,2018/19,2019-04-26,"St George's Park, Port Elizabeth",1,5.6,Warriors,Dolphins,MP Breetzke,M Marais,KA Maharaj,1,0,,,,,,,,,
1157249,2018/19,2019-04-26,"St George's Park, Port Elizabeth",1,6.1,Warriors,Dolphins,MP Breetzke,M Marais,AL Phehlukwayo,1,0,,,,,,,,,
1157249,2018/19,2019-04-26,"St George's Park, Port Elizabeth",1,6.2,Warriors,Dolphins,M Marais,MP Breetzke,AL Phehlukwayo,0,0,,,,,,,,,
1157249,2018/19,2019-04-26,"St George's Park, Port Elizabeth",1,6.3,Warriors,Dolphins,M Marais,MP Breetzke,AL Phehlukwayo,0,0,,,,,,,,,
1157249,2018/19,2019-04-26,"St George's Park, Port Elizabeth",1,6.4,Warriors,Dolphins,M Marais,MP Breetzke,AL Phehlukwayo,4,0,,,,,,,,,
1157249,2018/19,2019-04-26,"St George's Park, Port Elizabeth",1,6.5,Warriors,Dolphins,M Marais,MP Breetzke,AL Phehlukwayo,4,0,,,,,,,,,
1157249,2018/19,2019-04-26,"St George's Park, Port Elizabeth",1,6.6,Warriors,Dolphins,M Marais,MP Breetzke,AL Phehlukwayo,4,0,,,,,,,,,
1157249,2018/19,2019-04-26,"St George's Park, Port Elizabeth",1,7.1,Warriors,Dolphins,MP Breetzke,M Marais,KA Maharaj,1,0,,,,,,,,,
1157249,2018/19,2019-04-26,"St George's Park, Port Elizabeth",1,7.2,Warriors,Dolphins,M Marais,MP Breetzke,KA Maharaj,0,0,,,,,,,,,
1157249,2018/19,2019-04-26,"St George's Park, Port Elizabeth",1,7.3,Warriors,Dolphins,M Marais,MP Breetzke,KA Maharaj,1,0,,,,,,,,,
1157249,2018/19,2019-04-26,"St George's Park, Port Elizabeth",1,7.4,Warriors,Dolphins,MP Breetzke,M Marais,KA Maharaj,1,0,,,,,,,,,
1157249,2018/19,2019-04-26,"St George's Park, Port Elizabeth",1,7.5,Warriors,Dolphins,M Marais,MP Breetzke,KA Maharaj,0,0,,,,,,,,,
1157249,2018/19,2019-04-26,"St George's Park, Port Elizabeth",1,7.6,Warriors,Dolphins,M Marais,MP Breetzke,KA Maharaj,1,0,,,,,,,,,
1157249,2018/19,2019-04-26,"St George's Park, Port Elizabeth",1,8.1,Warriors,Dolphins,M Marais,MP Breetzke,S Muthusamy,1,0,,,,,,,,,
1157249,2018/19,2019-04-26,"St George's Park, Port Elizabeth",1,8.2,Warriors,Dolphins,MP Breetzke,M Marais,S Muthusamy,1,0,,,,,,,,,
1157249,2018/19,2019-04-26,"St George's Park, Port Elizabeth",1,8.3,Warriors,Dolphins,M Marais,MP Breetzke,S Muthusamy,1,0,,,,,,,,,
1157249,2018/19,2019-04-26,"St George's Park, Port Elizabeth",1,8.4,Warriors,Dolphins,MP Breetzke,M Marais,S Muthusamy,1,0,,,,,,,,,
1157249,2018/19,2019-04-26,"St George's Park, Port Elizabeth",1,8.5,Warriors,Dolphins,M Marais,MP Breetzke,S Muthusamy,2,0,,,,,,,,,
1157249,2018/19,2019-04-26,"St George's Park, Port Elizabeth",1,8.6,Warriors,Dolphins,M Marais,MP Breetzke,S Muthusamy,0,0,,,,,,,,,
1157249,2018/19,2019-04-26,"St George's Park, Port Elizabeth",1,9.1,Warriors,Dolphins,MP Breetzke,M Marais,P Subrayen,0,0,,,,,,,,,
1157249,2018/19,2019-04-26,"St George's Park, Port Elizabeth",1,9.2,Warriors,Dolphins,MP Breetzke,M Marais,P Subrayen,6,0,,,,,,,,,
1157249,2018/19,2019-04-26,"St George's Park, Port Elizabeth",1,9.3,Warriors,Dolphins,MP Breetzke,M Marais,P Subrayen,0,0,,,,,,,,,
1157249,2018/19,2019-04-26,"St George's Park, Port Elizabeth",1,9.4,Warriors,Dolphins,MP Breetzke,M Marais,P Subrayen,0,0,,,,,,caught,MP Breetzke,,
1157249,2018/19,2019-04-26,"St George's Park, Port Elizabeth",1,9.5,Warriors,Dolphins,M Marais,O Nyaku,P Subrayen,0,0,,,,,,,,,
1157249,2018/19,2019-04-26,"St George's Park, Port Elizabeth",1,9.6,Warriors,Dolphins,M Marais,O Nyaku,P Subrayen,1,0,,,,,,,,,
1157249,2018/19,2019-04-26,"St George's Park, Port Elizabeth",1,10.1,Warriors,Dolphins,M Marais,O Nyaku,S Muthusamy,0,0,,,,,,caught,M Marais,,
1157249,2018/19,2019-04-26,"St George's Park, Port Elizabeth",1,10.2,Warriors,Dolphins,ACR Birch,O Nyaku,S Muthusamy,1,0,,,,,,,,,
1157249,2018/19,2019-04-26,"St George's Park, Port Elizabeth",1,10.3,Warriors,Dolphins,O Nyaku,ACR Birch,S Muthusamy,0,0,,,,,,,,,
1157249,2018/19,2019-04-26,"St George's Park, Port Elizabeth",1,10.4,Warriors,Dolphins,O Nyaku,ACR Birch,S Muthusamy,1,0,,,,,,,,,
1157249,2018/19,2019-04-26,"St George's Park, Port Elizabeth",1,10.5,Warriors,Dolphins,ACR Birch,O Nyaku,S Muthusamy,1,0,,,,,,,,,
1157249,2018/19,2019-04-26,"St George's Park, Port Elizabeth",1,10.6,Warriors,Dolphins,O Nyaku,ACR Birch,S Muthusamy,1,0,,,,,,,,,
1157249,2018/19,2019-04-26,"St George's Park, Port Elizabeth",1,11.1,Warriors,Dolphins,O Nyaku,ACR Birch,P Subrayen,0,0,,,,,,,,,
1157249,2018/19,2019-04-26,"St George's Park, Port Elizabeth",1,11.2,Warriors,Dolphins,O Nyaku,ACR Birch,P Subrayen,0,0,,,,,,caught,O Nyaku,,
1157249,2018/19,2019-04-26,"St George's Park, Port Elizabeth",1,11.3,Warriors,Dolphins,SSB Magala,ACR Birch,P Subrayen,1,0,,,,,,,,,
1157249,2018/19,2019-04-26,"St George's Park, Port Elizabeth",1,11.4,Warriors,Dolphins,ACR Birch,SSB Magala,P Subrayen,1,0,,,,,,,,,
1157249,2018/19,2019-04-26,"St George's Park, Port Elizabeth",1,11.5,Warriors,Dolphins,SSB Magala,ACR Birch,P Subrayen,0,0,,,,,,,,,
1157249,2018/19,2019-04-26,"St George's Park, Port Elizabeth",1,11.6,Warriors,Dolphins,SSB Magala,ACR Birch,P Subrayen,1,0,,,,,,,,,
1157249,2018/19,2019-04-26,"St George's Park, Port Elizabeth",1,12.1,Warriors,Dolphins,SSB Magala,ACR Birch,S Muthusamy,4,0,,,,,,,,,
1157249,2018/19,2019-04-26,"St George's Park, Port Elizabeth",1,12.2,Warriors,Dolphins,SSB Magala,ACR Birch,S Muthusamy,0,0,,,,,,,,,
1157249,2018/19,2019-04-26,"St George's Park, Port Elizabeth",1,12.3,Warriors,Dolphins,SSB Magala,ACR Birch,S Muthusamy,1,0,,,,,,,,,
1157249,2018/19,2019-04-26,"St George's Park, Port Elizabeth",1,12.4,Warriors,Dolphins,ACR Birch,SSB Magala,S Muthusamy,1,0,,,,,,,,,
1157249,2018/19,2019-04-26,"St George's Park, Port Elizabeth",1,12.5,Warriors,Dolphins,SSB Magala,ACR Birch,S Muthusamy,1,0,,,,,,,,,
1157249,2018/19,2019-04-26,"St George's Park, Port Elizabeth",1,12.6,Warriors,Dolphins,ACR Birch,SSB Magala,S Muthusamy,6,0,,,,,,,,,
1157249,2018/19,2019-04-26,"St George's Park, Port Elizabeth",1,13.1,Warriors,Dolphins,SSB Magala,ACR Birch,P Subrayen,1,0,,,,,,,,,
1157249,2018/19,2019-04-26,"St George's Park, Port Elizabeth",1,13.2,Warriors,Dolphins,ACR Birch,SSB Magala,P Subrayen,1,0,,,,,,,,,
1157249,2018/19,2019-04-26,"St George's Park, Port Elizabeth",1,13.3,Warriors,Dolphins,SSB Magala,ACR Birch,P Subrayen,0,0,,,,,,,,,
1157249,2018/19,2019-04-26,"St George's Park, Port Elizabeth",1,13.4,Warriors,Dolphins,SSB Magala,ACR Birch,P Subrayen,4,0,,,,,,,,,
1157249,2018/19,2019-04-26,"St George's Park, Port Elizabeth",1,13.5,Warriors,Dolphins,SSB Magala,ACR Birch,P Subrayen,0,0,,,,,,,,,
1157249,2018/19,2019-04-26,"St George's Park, Port Elizabeth",1,13.6,Warriors,Dolphins,SSB Magala,ACR Birch,P Subrayen,1,0,,,,,,,,,
1157249,2018/19,2019-04-26,"St George's Park, Port Elizabeth",1,14.1,Warriors,Dolphins,SSB Magala,ACR Birch,DM Dupavillon,4,0,,,,,,,,,
1157249,2018/19,2019-04-26,"St George's Park, Port Elizabeth",1,14.2,Warriors,Dolphins,SSB Magala,ACR Birch,DM Dupavillon,6,0,,,,,,,,,
1157249,2018/19,2019-04-26,"St George's Park, Port Elizabeth",1,14.3,Warriors,Dolphins,SSB Magala,ACR Birch,DM Dupavillon,1,0,,,,,,,,,
1157249,2018/19,2019-04-26,"St George's Park, Port Elizabeth",1,14.4,Warriors,Dolphins,ACR Birch,SSB Magala,DM Dupavillon,1,0,,,,,,,,,
1157249,2018/19,2019-04-26,"St George's Park, Port Elizabeth",1,14.5,Warriors,Dolphins,SSB Magala,ACR Birch,DM Dupavillon,1,0,,,,,,,,,
1157249,2018/19,2019-04-26,"St George's Park, Port Elizabeth",1,14.6,Warriors,Dolphins,ACR Birch,SSB Magala,DM Dupavillon,1,0,,,,,,,,,
1157249,2018/19,2019-04-26,"St George's Park, Port Elizabeth",1,15.1,Warriors,Dolphins,ACR Birch,SSB Magala,KA Maharaj,0,0,,,,,,,,,
1157249,2018/19,2019-04-26,"St George's Park, Port Elizabeth",1,15.2,Warriors,Dolphins,ACR Birch,SSB Magala,KA Maharaj,0,0,,,,,,,,,
1157249,2018/19,2019-04-26,"St George's Park, Port Elizabeth",1,15.3,Warriors,Dolphins,ACR Birch,SSB Magala,KA Maharaj,1,0,,,,,,,,,
1157249,2018/19,2019-04-26,"St George's Park, Port Elizabeth",1,15.4,Warriors,Dolphins,SSB Magala,ACR Birch,KA Maharaj,1,0,,,,,,,,,
1157249,2018/19,2019-04-26,"St George's Park, Port Elizabeth",1,15.5,Warriors,Dolphins,ACR Birch,SSB Magala,KA Maharaj,1,0,,,,,,,,,
1157249,2018/19,2019-04-26,"St George's Park, Port Elizabeth",1,15.6,Warriors,Dolphins,SSB Magala,ACR Birch,KA Maharaj,0,0,,,,,,,,,
1157249,2018/19,2019-04-26,"St George's Park, Port Elizabeth",1,16.1,Warriors,Dolphins,ACR Birch,SSB Magala,R Frylinck,1,0,,,,,,,,,
1157249,2018/19,2019-04-26,"St George's Park, Port Elizabeth",1,16.2,Warriors,Dolphins,SSB Magala,ACR Birch,R Frylinck,4,0,,,,,,,,,
1157249,2018/19,2019-04-26,"St George's Park, Port Elizabeth",1,16.3,Warriors,Dolphins,SSB Magala,ACR Birch,R Frylinck,6,0,,,,,,,,,
1157249,2018/19,2019-04-26,"St George's Park, Port Elizabeth",1,16.4,Warriors,Dolphins,SSB Magala,ACR Birch,R Frylinck,1,0,,,,,,,,,
1157249,2018/19,2019-04-26,"St George's Park, Port Elizabeth",1,16.5,Warriors,Dolphins,ACR Birch,SSB Magala,R Frylinck,0,0,,,,,,,,,
1157249,2018/19,2019-04-26,"St George's Park, Port Elizabeth",1,16.6,Warriors,Dolphins,ACR Birch,SSB Magala,R Frylinck,6,0,,,,,,,,,
1157249,2018/19,2019-04-26,"St George's Park, Port Elizabeth",1,17.1,Warriors,Dolphins,SSB Magala,ACR Birch,P Subrayen,0,0,,,,,,,,,
1157249,2018/19,2019-04-26,"St George's Park, Port Elizabeth",1,17.2,Warriors,Dolphins,SSB Magala,ACR Birch,P Subrayen,0,0,,,,,,,,,
1157249,2018/19,2019-04-26,"St George's Park, Port Elizabeth",1,17.3,Warriors,Dolphins,SSB Magala,ACR Birch,P Subrayen,1,0,,,,,,,,,
1157249,2018/19,2019-04-26,"St George's Park, Port Elizabeth",1,17.4,Warriors,Dolphins,ACR Birch,SSB Magala,P Subrayen,1,0,,,,,,,,,
1157249,2018/19,2019-04-26,"St George's Park, Port Elizabeth",1,17.5,Warriors,Dolphins,SSB Magala,ACR Birch,P Subrayen,1,0,,,,,,,,,
1157249,2018/19,2019-04-26,"St George's Park, Port Elizabeth",1,17.6,Warriors,Dolphins,ACR Birch,SSB Magala,P Subrayen,4,0,,,,,,,,,
1157249,2018/19,2019-04-26,"St George's Park, Port Elizabeth",1,18.1,Warriors,Dolphins,SSB Magala,ACR Birch,AL Phehlukwayo,0,0,,,,,,,,,
1157249,2018/19,2019-04-26,"St George's Park, Port Elizabeth",1,18.2,Warriors,Dolphins,SSB Magala,ACR Birch,AL Phehlukwayo,0,1,1,,,,,,,,
1157249,2018/19,2019-04-26,"St George's Park, Port Elizabeth",1,18.3,Warriors,Dolphins,SSB Magala,ACR Birch,AL Phehlukwayo,4,0,,,,,,,,,
1157249,2018/19,2019-04-26,"St George's Park, Port Elizabeth",1,18.4,Warriors,Dolphins,SSB Magala,ACR Birch,AL Phehlukwayo,1,0,,,,,,,,,
1157249,2018/19,2019-04-26,"St George's Park, Port Elizabeth",1,18.5,Warriors,Dolphins,ACR Birch,SSB Magala,AL Phehlukwayo,0,0,,,,,,,,,
1157249,2018/19,2019-04-26,"St George's Park, Port Elizabeth",1,18.6,Warriors,Dolphins,ACR Birch,SSB Magala,AL Phehlukwayo,1,0,,,,,,,,,
1157249,2018/19,2019-04-26,"St George's Park, Port Elizabeth",1,18.7,Warriors,Dolphins,SSB Magala,ACR Birch,AL Phehlukwayo,2,0,,,,,,,,,
1157249,2018/19,2019-04-26,"St George's Park, Port Elizabeth",1,19.1,Warriors,Dolphins,ACR Birch,SSB Magala,R Frylinck,1,0,,,,,,,,,
1157249,2018/19,2019-04-26,"St George's Park, Port Elizabeth",1,19.2,Warriors,Dolphins,SSB Magala,ACR Birch,R Frylinck,1,0,,,,,,,,,
1157249,2018/19,2019-04-26,"St George's Park, Port Elizabeth",1,19.3,Warriors,Dolphins,ACR Birch,SSB Magala,R Frylinck,2,0,,,,,,,,,
1157249,2018/19,2019-04-26,"St George's Park, Port Elizabeth",1,19.4,Warriors,Dolphins,ACR Birch,SSB Magala,R Frylinck,1,0,,,,,,,,,
1157249,2018/19,2019-04-26,"St George's Park, Port Elizabeth",1,19.5,Warriors,Dolphins,SSB Magala,ACR Birch,R Frylinck,2,0,,,,,,,,,
1157249,2018/19,2019-04-26,"St George's Park, Port Elizabeth",1,19.6,Warriors,Dolphins,SSB Magala,ACR Birch,R Frylinck,0,0,,,,,,caught,SSB Magala,,
1157249,2018/19,2019-04-26,"St George's Park, Port Elizabeth",2,0.1,Dolphins,Warriors,VB van Jaarsveld,MN van Wyk,JT Smuts,0,0,,,,,,,,,
1157249,2018/19,2019-04-26,"St George's Park, Port Elizabeth",2,0.2,Dolphins,Warriors,VB van Jaarsveld,MN van Wyk,JT Smuts,0,0,,,,,,,,,
1157249,2018/19,2019-04-26,"St George's Park, Port Elizabeth",2,0.3,Dolphins,Warriors,VB van Jaarsveld,MN van Wyk,JT Smuts,0,0,,,,,,,,,
1157249,2018/19,2019-04-26,"St George's Park, Port Elizabeth",2,0.4,Dolphins,Warriors,VB van Jaarsveld,MN van Wyk,JT Smuts,0,0,,,,,,,,,
1157249,2018/19,2019-04-26,"St George's Park, Port Elizabeth",2,0.5,Dolphins,Warriors,VB van Jaarsveld,MN van Wyk,JT Smuts,0,0,,,,,,,,,
1157249,2018/19,2019-04-26,"St George's Park, Port Elizabeth",2,0.6,Dolphins,Warriors,VB van Jaarsveld,MN van Wyk,JT Smuts,1,0,,,,,,,,,
1157249,2018/19,2019-04-26,"St George's Park, Port Elizabeth",2,1.1,Dolphins,Warriors,VB van Jaarsveld,MN van Wyk,ACR Birch,1,0,,,,,,,,,
1157249,2018/19,2019-04-26,"St George's Park, Port Elizabeth",2,1.2,Dolphins,Warriors,MN van Wyk,VB van Jaarsveld,ACR Birch,0,0,,,,,,,,,
1157249,2018/19,2019-04-26,"St George's Park, Port Elizabeth",2,1.3,Dolphins,Warriors,MN van Wyk,VB van Jaarsveld,ACR Birch,1,0,,,,,,,,,
1157249,2018/19,2019-04-26,"St George's Park, Port Elizabeth",2,1.4,Dolphins,Warriors,VB van Jaarsveld,MN van Wyk,ACR Birch,4,0,,,,,,,,,
1157249,2018/19,2019-04-26,"St George's Park, Port Elizabeth",2,1.5,Dolphins,Warriors,VB van Jaarsveld,MN van Wyk,ACR Birch,4,0,,,,,,,,,
1157249,2018/19,2019-04-26,"St George's Park, Port Elizabeth",2,1.6,Dolphins,Warriors,VB van Jaarsveld,MN van Wyk,ACR Birch,4,0,,,,,,,,,
1157249,2018/19,2019-04-26,"St George's Park, Port Elizabeth",2,2.1,Dolphins,Warriors,MN van Wyk,VB van Jaarsveld,JT Smuts,1,0,,,,,,,,,
1157249,2018/19,2019-04-26,"St George's Park, Port Elizabeth",2,2.2,Dolphins,Warriors,VB van Jaarsveld,MN van Wyk,JT Smuts,0,0,,,,,,,,,
1157249,2018/19,2019-04-26,"St George's Park, Port Elizabeth",2,2.3,Dolphins,Warriors,VB van Jaarsveld,MN van Wyk,JT Smuts,4,0,,,,,,,,,
1157249,2018/19,2019-04-26,"St George's Park, Port Elizabeth",2,2.4,Dolphins,Warriors,VB van Jaarsveld,MN van Wyk,JT Smuts,0,0,,,,,,,,,
1157249,2018/19,2019-04-26,"St George's Park, Port Elizabeth",2,2.5,Dolphins,Warriors,VB van Jaarsveld,MN van Wyk,JT Smuts,4,0,,,,,,,,,
1157249,2018/19,2019-04-26,"St George's Park, Port Elizabeth",2,2.6,Dolphins,Warriors,VB van Jaarsveld,MN van Wyk,JT Smuts,4,0,,,,,,,,,
1157249,2018/19,2019-04-26,"St George's Park, Port Elizabeth",2,3.1,Dolphins,Warriors,MN van Wyk,VB van Jaarsveld,ACR Birch,1,0,,,,,,,,,
1157249,2018/19,2019-04-26,"St George's Park, Port Elizabeth",2,3.2,Dolphins,Warriors,VB van Jaarsveld,MN van Wyk,ACR Birch,4,0,,,,,,,,,
1157249,2018/19,2019-04-26,"St George's Park, Port Elizabeth",2,3.3,Dolphins,Warriors,VB van Jaarsveld,MN van Wyk,ACR Birch,0,0,,,,,,,,,
1157249,2018/19,2019-04-26,"St George's Park, Port Elizabeth",2,3.4,Dolphins,Warriors,VB van Jaarsveld,MN van Wyk,ACR Birch,6,0,,,,,,,,,
1157249,2018/19,2019-04-26,"St George's Park, Port Elizabeth",2,3.5,Dolphins,Warriors,VB van Jaarsveld,MN van Wyk,ACR Birch,1,0,,,,,,,,,
1157249,2018/19,2019-04-26,"St George's Park, Port Elizabeth",2,3.6,Dolphins,Warriors,MN van Wyk,VB van Jaarsveld,ACR Birch,0,0,,,,,,caught,MN van Wyk,,
1157249,2018/19,2019-04-26,"St George's Park, Port Elizabeth",2,4.1,Dolphins,Warriors,VB van Jaarsveld,C Chetty,L Sipamla,0,0,,,,,,,,,
1157249,2018/19,2019-04-26,"St George's Park, Port Elizabeth",2,4.2,Dolphins,Warriors,VB van Jaarsveld,C Chetty,L Sipamla,1,0,,,,,,,,,
1157249,2018/19,2019-04-26,"St George's Park, Port Elizabeth",2,4.3,Dolphins,Warriors,C Chetty,VB van Jaarsveld,L Sipamla,4,0,,,,,,,,,
1157249,2018/19,2019-04-26,"St George's Park, Port Elizabeth",2,4.4,Dolphins,Warriors,C Chetty,VB van Jaarsveld,L Sipamla,0,0,,,,,,,,,
1157249,2018/19,2019-04-26,"St George's Park, Port Elizabeth",2,4.5,Dolphins,Warriors,C Chetty,VB van Jaarsveld,L Sipamla,0,1,1,,,,,,,,
1157249,2018/19,2019-04-26,"St George's Park, Port Elizabeth",2,4.6,Dolphins,Warriors,C Chetty,VB van Jaarsveld,L Sipamla,2,0,,,,,,,,,
1157249,2018/19,2019-04-26,"St George's Park, Port Elizabeth",2,4.7,Dolphins,Warriors,C Chetty,VB van Jaarsveld,L Sipamla,1,0,,,,,,,,,
1157249,2018/19,2019-04-26,"St George's Park, Port Elizabeth",2,5.1,Dolphins,Warriors,C Chetty,VB van Jaarsveld,SSB Magala,4,0,,,,,,,,,
1157249,2018/19,2019-04-26,"St George's Park, Port Elizabeth",2,5.2,Dolphins,Warriors,C Chetty,VB van Jaarsveld,SSB Magala,1,0,,,,,,,,,
1157249,2018/19,2019-04-26,"St George's Park, Port Elizabeth",2,5.3,Dolphins,Warriors,VB van Jaarsveld,C Chetty,SSB Magala,0,0,,,,,,,,,
1157249,2018/19,2019-04-26,"St George's Park, Port Elizabeth",2,5.4,Dolphins,Warriors,VB van Jaarsveld,C Chetty,SSB Magala,0,1,,,,1,,,,,
1157249,2018/19,2019-04-26,"St George's Park, Port Elizabeth",2,5.5,Dolphins,Warriors,C Chetty,VB van Jaarsveld,SSB Magala,0,1,1,,,,,,,,
1157249,2018/19,2019-04-26,"St George's Park, Port Elizabeth",2,5.6,Dolphins,Warriors,C Chetty,VB van Jaarsveld,SSB Magala,1,0,,,,,,,,,
1157249,2018/19,2019-04-26,"St George's Park, Port Elizabeth",2,5.7,Dolphins,Warriors,VB van Jaarsveld,C Chetty,SSB Magala,1,0,,,,,,,,,
1157249,2018/19,2019-04-26,"St George's Park, Port Elizabeth",2,6.1,Dolphins,Warriors,VB van Jaarsveld,C Chetty,J de Klerk,1,0,,,,,,,,,
1157249,2018/19,2019-04-26,"St George's Park, Port Elizabeth",2,6.2,Dolphins,Warriors,C Chetty,VB van Jaarsveld,J de Klerk,0,0,,,,,,,,,
1157249,2018/19,2019-04-26,"St George's Park, Port Elizabeth",2,6.3,Dolphins,Warriors,C Chetty,VB van Jaarsveld,J de Klerk,1,0,,,,,,,,,
1157249,2018/19,2019-04-26,"St George's Park, Port Elizabeth",2,6.4,Dolphins,Warriors,VB van Jaarsveld,C Chetty,J de Klerk,1,0,,,,,,,,,
1157249,2018/19,2019-04-26,"St George's Park, Port Elizabeth",2,6.5,Dolphins,Warriors,C Chetty,VB van Jaarsveld,J de Klerk,1,0,,,,,,,,,
1157249,2018/19,2019-04-26,"St George's Park, Port Elizabeth",2,6.6,Dolphins,Warriors,VB van Jaarsveld,C Chetty,J de Klerk,4,0,,,,,,,,,
1157249,2018/19,2019-04-26,"St George's Park, Port Elizabeth",2,7.1,Dolphins,Warriors,C Chetty,VB van Jaarsveld,S Langa,1,0,,,,,,,,,
1157249,2018/19,2019-04-26,"St George's Park, Port Elizabeth",2,7.2,Dolphins,Warriors,VB van Jaarsveld,C Chetty,S Langa,2,0,,,,,,,,,
1157249,2018/19,2019-04-26,"St George's Park, Port Elizabeth",2,7.3,Dolphins,Warriors,VB van Jaarsveld,C Chetty,S Langa,0,0,,,,,,,,,
1157249,2018/19,2019-04-26,"St George's Park, Port Elizabeth",2,7.4,Dolphins,Warriors,VB van Jaarsveld,C Chetty,S Langa,1,0,,,,,,,,,
1157249,2018/19,2019-04-26,"St George's Park, Port Elizabeth",2,7.5,Dolphins,Warriors,C Chetty,VB van Jaarsveld,S Langa,1,0,,,,,,,,,
1157249,2018/19,2019-04-26,"St George's Park, Port Elizabeth",2,7.6,Dolphins,Warriors,VB van Jaarsveld,C Chetty,S Langa,1,0,,,,,,,,,
1157249,2018/19,2019-04-26,"St George's Park, Port Elizabeth",2,8.1,Dolphins,Warriors,VB van Jaarsveld,C Chetty,J de Klerk,0,0,,,,,,,,,
1157249,2018/19,2019-04-26,"St George's Park, Port Elizabeth",2,8.2,Dolphins,Warriors,VB van Jaarsveld,C Chetty,J de Klerk,0,0,,,,,,,,,
1157249,2018/19,2019-04-26,"St George's Park, Port Elizabeth",2,8.3,Dolphins,Warriors,VB van Jaarsveld,C Chetty,J de Klerk,0,0,,,,,,,,,
1157249,2018/19,2019-04-26,"St George's Park, Port Elizabeth",2,8.4,Dolphins,Warriors,VB van Jaarsveld,C Chetty,J de Klerk,1,0,,,,,,,,,
1157249,2018/19,2019-04-26,"St George's Park, Port Elizabeth",2,8.5,Dolphins,Warriors,C Chetty,VB van Jaarsveld,J de Klerk,1,0,,,,,,,,,
1157249,2018/19,2019-04-26,"St George's Park, Port Elizabeth",2,8.6,Dolphins,Warriors,VB van Jaarsveld,C Chetty,J de Klerk,6,0,,,,,,,,,
1157249,2018/19,2019-04-26,"St George's Park, Port Elizabeth",2,9.1,Dolphins,Warriors,C Chetty,VB van Jaarsveld,L Sipamla,1,0,,,,,,,,,
1157249,2018/19,2019-04-26,"St George's Park, Port Elizabeth",2,9.2,Dolphins,Warriors,VB van Jaarsveld,C Chetty,L Sipamla,1,0,,,,,,,,,
1157249,2018/19,2019-04-26,"St George's Park, Port Elizabeth",2,9.3,Dolphins,Warriors,C Chetty,VB van Jaarsveld,L Sipamla,0,0,,,,,,,,,
1157249,2018/19,2019-04-26,"St George's Park, Port Elizabeth",2,9.4,Dolphins,Warriors,C Chetty,VB van Jaarsveld,L Sipamla,1,0,,,,,,,,,
1157249,2018/19,2019-04-26,"St George's Park, Port Elizabeth",2,9.5,Dolphins,Warriors,VB van Jaarsveld,C Chetty,L Sipamla,0,0,,,,,,,,,
1157249,2018/19,2019-04-26,"St George's Park, Port Elizabeth",2,9.6,Dolphins,Warriors,VB van Jaarsveld,C Chetty,L Sipamla,6,0,,,,,,,,,
1157249,2018/19,2019-04-26,"St George's Park, Port Elizabeth",2,10.1,Dolphins,Warriors,C Chetty,VB van Jaarsveld,JT Smuts,0,0,,,,,,,,,
1157249,2018/19,2019-04-26,"St George's Park, Port Elizabeth",2,10.2,Dolphins,Warriors,C Chetty,VB van Jaarsveld,JT Smuts,1,0,,,,,,,,,
1157249,2018/19,2019-04-26,"St George's Park, Port Elizabeth",2,10.3,Dolphins,Warriors,VB van Jaarsveld,C Chetty,JT Smuts,2,0,,,,,,,,,
1157249,2018/19,2019-04-26,"St George's Park, Port Elizabeth",2,10.4,Dolphins,Warriors,VB van Jaarsveld,C Chetty,JT Smuts,4,0,,,,,,,,,
1157249,2018/19,2019-04-26,"St George's Park, Port Elizabeth",2,10.5,Dolphins,Warriors,VB van Jaarsveld,C Chetty,JT Smuts,6,0,,,,,,,,,
1157249,2018/19,2019-04-26,"St George's Park, Port Elizabeth",2,10.6,Dolphins,Warriors,VB van Jaarsveld,C Chetty,JT Smuts,1,0,,,,,,,,,
1157249,2018/19,2019-04-26,"St George's Park, Port Elizabeth",2,11.1,Dolphins,Warriors,VB van Jaarsveld,C Chetty,S Langa,4,0,,,,,,,,,
1157249,2018/19,2019-04-26,"St George's Park, Port Elizabeth",2,11.2,Dolphins,Warriors,VB van Jaarsveld,C Chetty,S Langa,1,0,,,,,,,,,
1157249,2018/19,2019-04-26,"St George's Park, Port Elizabeth",2,11.3,Dolphins,Warriors,C Chetty,VB van Jaarsveld,S Langa,1,0,,,,,,,,,
1157249,2018/19,2019-04-26,"St George's Park, Port Elizabeth",2,11.4,Dolphins,Warriors,VB van Jaarsveld,C Chetty,S Langa,0,0,,,,,,,,,
1157249,2018/19,2019-04-26,"St George's Park, Port Elizabeth",2,11.5,Dolphins,Warriors,VB van Jaarsveld,C Chetty,S Langa,1,0,,,,,,,,,
1157249,2018/19,2019-04-26,"St George's Park, Port Elizabeth",2,11.6,Dolphins,Warriors,C Chetty,VB van Jaarsveld,S Langa,0,0,,,,,,,,,
1157249,2018/19,2019-04-26,"St George's Park, Port Elizabeth",2,12.1,Dolphins,Warriors,VB van Jaarsveld,C Chetty,SSB Magala,1,0,,,,,,,,,
1157249,2018/19,2019-04-26,"St George's Park, Port Elizabeth",2,12.2,Dolphins,Warriors,C Chetty,VB van Jaarsveld,SSB Magala,0,0,,,,,,,,,
1157249,2018/19,2019-04-26,"St George's Park, Port Elizabeth",2,12.3,Dolphins,Warriors,C Chetty,VB van Jaarsveld,SSB Magala,0,1,,,,1,,,,,
1157249,2018/19,2019-04-26,"St George's Park, Port Elizabeth",2,12.4,Dolphins,Warriors,VB van Jaarsveld,C Chetty,SSB Magala,0,1,1,,,,,,,,
1157249,2018/19,2019-04-26,"St George's Park, Port Elizabeth",2,12.5,Dolphins,Warriors,VB van Jaarsveld,C Chetty,SSB Magala,1,0,,,,,,,,,
1157249,2018/19,2019-04-26,"St George's Park, Port Elizabeth",2,12.6,Dolphins,Warriors,C Chetty,VB van Jaarsveld,SSB Magala,1,0,,,,,,,,,
1157249,2018/19,2019-04-26,"St George's Park, Port Elizabeth",2,12.7,Dolphins,Warriors,VB van Jaarsveld,C Chetty,SSB Magala,2,0,,,,,,,,,
1157249,2018/19,2019-04-26,"St George's Park, Port Elizabeth",2,13.1,Dolphins,Warriors,C Chetty,VB van Jaarsveld,S Langa,2,0,,,,,,,,,
1157249,2018/19,2019-04-26,"St George's Park, Port Elizabeth",2,13.2,Dolphins,Warriors,C Chetty,VB van Jaarsveld,S Langa,1,0,,,,,,,,,
1157249,2018/19,2019-04-26,"St George's Park, Port Elizabeth",2,13.3,Dolphins,Warriors,VB van Jaarsveld,C Chetty,S Langa,0,0,,,,,,,,,
1157249,2018/19,2019-04-26,"St George's Park, Port Elizabeth",2,13.4,Dolphins,Warriors,VB van Jaarsveld,C Chetty,S Langa,1,0,,,,,,,,,
1157249,2018/19,2019-04-26,"St George's Park, Port Elizabeth",2,13.5,Dolphins,Warriors,C Chetty,VB van Jaarsveld,S Langa,0,0,,,,,,lbw,C Chetty,,
1157249,2018/19,2019-04-26,"St George's Park, Port Elizabeth",2,13.6,Dolphins,Warriors,AL Phehlukwayo,VB van Jaarsveld,S Langa,0,0,,,,,,,,,
1157249,2018/19,2019-04-26,"St George's Park, Port Elizabeth",2,14.1,Dolphins,Warriors,VB van Jaarsveld,AL Phehlukwayo,SSB Magala,2,0,,,,,,,,,
1157249,2018/19,2019-04-26,"St George's Park, Port Elizabeth",2,14.2,Dolphins,Warriors,VB van Jaarsveld,AL Phehlukwayo,SSB Magala,0,0,,,,,,,,,
1157249,2018/19,2019-04-26,"St George's Park, Port Elizabeth",2,14.3,Dolphins,Warriors,VB van Jaarsveld,AL Phehlukwayo,SSB Magala,1,0,,,,,,,,,
1157249,2018/19,2019-04-26,"St George's Park, Port Elizabeth",2,14.4,Dolphins,Warriors,AL Phehlukwayo,VB van Jaarsveld,SSB Magala,1,0,,,,,,,,,
1157249,2018/19,2019-04-26,"St George's Park, Port Elizabeth",2,14.5,Dolphins,Warriors,VB van Jaarsveld,AL Phehlukwayo,SSB Magala,1,0,,,,,,,,,
1157249,2018/19,2019-04-26,"St George's Park, Port Elizabeth",2,14.6,Dolphins,Warriors,AL Phehlukwayo,VB van Jaarsveld,SSB Magala,1,0,,,,,,,,,
1157249,2018/19,2019-04-26,"St George's Park, Port Elizabeth",2,15.1,Dolphins,Warriors,AL Phehlukwayo,VB van Jaarsveld,L Sipamla,1,0,,,,,,,,,
1157249,2018/19,2019-04-26,"St George's Park, Port Elizabeth",2,15.2,Dolphins,Warriors,VB van Jaarsveld,AL Phehlukwayo,L Sipamla,0,0,,,,,,,,,
1157249,2018/19,2019-04-26,"St George's Park, Port Elizabeth",2,15.3,Dolphins,Warriors,VB van Jaarsveld,AL Phehlukwayo,L Sipamla,1,0,,,,,,,,,
1157249,2018/19,2019-04-26,"St George's Park, Port Elizabeth",2,15.4,Dolphins,Warriors,AL Phehlukwayo,VB van Jaarsveld,L Sipamla,1,0,,,,,,,,,
1157249,2018/19,2019-04-26,"St George's Park, Port Elizabeth",2,15.5,Dolphins,Warriors,VB van Jaarsveld,AL Phehlukwayo,L Sipamla,1,0,,,,,,,,,
1157249,2018/19,2019-04-26,"St George's Park, Port Elizabeth",2,15.6,Dolphins,Warriors,AL Phehlukwayo,VB van Jaarsveld,L Sipamla,0,0,,,,,,,,,
1157249,2018/19,2019-04-26,"St George's Park, Port Elizabeth",2,16.1,Dolphins,Warriors,VB van Jaarsveld,AL Phehlukwayo,S Langa,1,0,,,,,,,,,
1157249,2018/19,2019-04-26,"St George's Park, Port Elizabeth",2,16.2,Dolphins,Warriors,AL Phehlukwayo,VB van Jaarsveld,S Langa,1,0,,,,,,,,,
1157249,2018/19,2019-04-26,"St George's Park, Port Elizabeth",2,16.3,Dolphins,Warriors,VB van Jaarsveld,AL Phehlukwayo,S Langa,2,0,,,,,,,,,
1157249,2018/19,2019-04-26,"St George's Park, Port Elizabeth",2,16.4,Dolphins,Warriors,VB van Jaarsveld,AL Phehlukwayo,S Langa,0,0,,,,,,,,,
1157249,2018/19,2019-04-26,"St George's Park, Port Elizabeth",2,16.5,Dolphins,Warriors,VB van Jaarsveld,AL Phehlukwayo,S Langa,1,0,,,,,,,,,
1157249,2018/19,2019-04-26,"St George's Park, Port Elizabeth",2,16.6,Dolphins,Warriors,AL Phehlukwayo,VB van Jaarsveld,S Langa,1,0,,,,,,,,,
1157249,2018/19,2019-04-26,"St George's Park, Port Elizabeth",2,17.1,Dolphins,Warriors,AL Phehlukwayo,VB van Jaarsveld,L Sipamla,1,0,,,,,,,,,
1157249,2018/19,2019-04-26,"St George's Park, Port Elizabeth",2,17.2,Dolphins,Warriors,VB van Jaarsveld,AL Phehlukwayo,L Sipamla,0,0,,,,,,,,,
1157249,2018/19,2019-04-26,"St George's Park, Port Elizabeth",2,17.3,Dolphins,Warriors,VB van Jaarsveld,AL Phehlukwayo,L Sipamla,0,0,,,,,,,,,
1157249,2018/19,2019-04-26,"St George's Park, Port Elizabeth",2,17.4,Dolphins,Warriors,VB van Jaarsveld,AL Phehlukwayo,L Sipamla,6,0,,,,,,,,,
1157249,2018/19,2019-04-26,"St George's Park, Port Elizabeth",2,17.5,Dolphins,Warriors,VB van Jaarsveld,AL Phehlukwayo,L Sipamla,4,0,,,,,,,,,
1157249,2018/19,2019-04-26,"St George's Park, Port Elizabeth",2,17.6,Dolphins,Warriors,VB van Jaarsveld,AL Phehlukwayo,L Sipamla,4,0,,,,,,,,,
1157249,2018/19,2019-04-26,"St George's Park, Port Elizabeth",2,18.1,Dolphins,Warriors,AL Phehlukwayo,VB van Jaarsveld,SSB Magala,0,1,1,,,,,,,,
1157249,2018/19,2019-04-26,"St George's Park, Port Elizabeth",2,18.2,Dolphins,Warriors,AL Phehlukwayo,VB van Jaarsveld,SSB Magala,0,0,,,,,,caught,AL Phehlukwayo,,
1157249,2018/19,2019-04-26,"St George's Park, Port Elizabeth",2,18.3,Dolphins,Warriors,VB van Jaarsveld,K Zondo,SSB Magala,1,0,,,,,,,,,
