match_id,season,start_date,venue,innings,ball,batting_team,bowling_team,striker,non_striker,bowler,runs_off_bat,extras,wides,noballs,byes,legbyes,penalty,wicket_type,player_dismissed,other_wicket_type,other_player_dismissed
1157256,2018/19,2019-05-05,"New Wanderers Stadium, Johannesburg",1,0.1,Lions,Warriors,RD Rickelton,RR Hendricks,JT Smuts,0,0,,,,,,,,,
1157256,2018/19,2019-05-05,"New Wanderers Stadium, Johannesburg",1,0.2,Lions,Warriors,RD Rickelton,RR Hendricks,JT Smuts,0,0,,,,,,,,,
1157256,2018/19,2019-05-05,"New Wanderers Stadium, Johannesburg",1,0.3,Lions,Warriors,RD Rickelton,RR Hendricks,JT Smuts,4,0,,,,,,,,,
1157256,2018/19,2019-05-05,"New Wanderers Stadium, Johannesburg",1,0.4,Lions,Warriors,RD Rickelton,RR Hendricks,JT Smuts,2,0,,,,,,,,,
1157256,2018/19,2019-05-05,"New Wanderers Stadium, Johannesburg",1,0.5,Lions,Warriors,RD Rickelton,RR Hendricks,JT Smuts,4,0,,,,,,,,,
1157256,2018/19,2019-05-05,"New Wanderers Stadium, Johannesburg",1,0.6,Lions,Warriors,RD Rickelton,RR Hendricks,JT Smuts,1,0,,,,,,,,,
1157256,2018/19,2019-05-05,"New Wanderers Stadium, Johannesburg",1,1.1,Lions,Warriors,RD Rickelton,RR Hendricks,ACR Birch,0,0,,,,,,,,,
1157256,2018/19,2019-05-05,"New Wanderers Stadium, Johannesburg",1,1.2,Lions,Warriors,RD Rickelton,RR Hendricks,ACR Birch,1,0,,,,,,,,,
1157256,2018/19,2019-05-05,"New Wanderers Stadium, Johannesburg",1,1.3,Lions,Warriors,RR Hendricks,RD Rickelton,ACR Birch,0,0,,,,,,caught,RR Hendricks,,
1157256,2018/19,2019-05-05,"New Wanderers Stadium, Johannesburg",1,1.4,Lions,Warriors,T Bavuma,RD Rickelton,ACR Birch,1,0,,,,,,,,,
1157256,2018/19,2019-05-05,"New Wanderers Stadium, Johannesburg",1,1.5,Lions,Warriors,RD Rickelton,T Bavuma,ACR Birch,1,0,,,,,,,,,
1157256,2018/19,2019-05-05,"New Wanderers Stadium, Johannesburg",1,1.6,Lions,Warriors,T Bavuma,RD Rickelton,ACR Birch,1,0,,,,,,,,,
1157256,2018/19,2019-05-05,"New Wanderers Stadium, Johannesburg",1,2.1,Lions,Warriors,T Bavuma,RD Rickelton,SSB Magala,0,0,,,,,,,,,
1157256,2018/19,2019-05-05,"New Wanderers Stadium, Johannesburg",1,2.2,Lions,Warriors,T Bavuma,RD Rickelton,SSB Magala,0,0,,,,,,,,,
1157256,2018/19,2019-05-05,"New Wanderers Stadium, Johannesburg",1,2.3,Lions,Warriors,T Bavuma,RD Rickelton,SSB Magala,0,0,,,,,,,,,
1157256,2018/19,2019-05-05,"New Wanderers Stadium, Johannesburg",1,2.4,Lions,Warriors,T Bavuma,RD Rickelton,SSB Magala,0,0,,,,,,,,,
1157256,2018/19,2019-05-05,"New Wanderers Stadium, Johannesburg",1,2.5,Lions,Warriors,T Bavuma,RD Rickelton,SSB Magala,4,0,,,,,,,,,
1157256,2018/19,2019-05-05,"New Wanderers Stadium, Johannesburg",1,2.6,Lions,Warriors,T Bavuma,RD Rickelton,SSB Magala,1,0,,,,,,,,,
1157256,2018/19,2019-05-05,"New Wanderers Stadium, Johannesburg",1,3.1,Lions,Warriors,T Bavuma,RD Rickelton,ACR Birch,0,0,,,,,,,,,
1157256,2018/19,2019-05-05,"New Wanderers Stadium, Johannesburg",1,3.2,Lions,Warriors,T Bavuma,RD Rickelton,ACR Birch,1,0,,,,,,,,,
1157256,2018/19,2019-05-05,"New Wanderers Stadium, Johannesburg",1,3.3,Lions,Warriors,RD Rickelton,T Bavuma,ACR Birch,0,0,,,,,,,,,
1157256,2018/19,2019-05-05,"New Wanderers Stadium, Johannesburg",1,3.4,Lions,Warriors,RD Rickelton,T Bavuma,ACR Birch,0,1,1,,,,,,,,
1157256,2018/19,2019-05-05,"New Wanderers Stadium, Johannesburg",1,3.5,Lions,Warriors,RD Rickelton,T Bavuma,ACR Birch,0,0,,,,,,,,,
1157256,2018/19,2019-05-05,"New Wanderers Stadium, Johannesburg",1,3.6,Lions,Warriors,RD Rickelton,T Bavuma,ACR Birch,6,0,,,,,,,,,
1157256,2018/19,2019-05-05,"New Wanderers Stadium, Johannesburg",1,3.7,Lions,Warriors,RD Rickelton,T Bavuma,ACR Birch,0,0,,,,,,,,,
1157256,2018/19,2019-05-05,"New Wanderers Stadium, Johannesburg",1,4.1,Lions,Warriors,T Bavuma,RD Rickelton,SSB Magala,1,0,,,,,,,,,
1157256,2018/19,2019-05-05,"New Wanderers Stadium, Johannesburg",1,4.2,Lions,Warriors,RD Rickelton,T Bavuma,SSB Magala,0,0,,,,,,,,,
1157256,2018/19,2019-05-05,"New Wanderers Stadium, Johannesburg",1,4.3,Lions,Warriors,RD Rickelton,T Bavuma,SSB Magala,0,1,1,,,,,,,,
1157256,2018/19,2019-05-05,"New Wanderers Stadium, Johannesburg",1,4.4,Lions,Warriors,RD Rickelton,T Bavuma,SSB Magala,0,0,,,,,,caught,RD Rickelton,,
1157256,2018/19,2019-05-05,"New Wanderers Stadium, Johannesburg",1,4.5,Lions,Warriors,T Bavuma,HE van der Dussen,SSB Magala,0,1,1,,,,,,,,
1157256,2018/19,2019-05-05,"New Wanderers Stadium, Johannesburg",1,4.6,Lions,Warriors,T Bavuma,HE van der Dussen,SSB Magala,0,0,,,,,,,,,
1157256,2018/19,2019-05-05,"New Wanderers Stadium, Johannesburg",1,4.7,Lions,Warriors,T Bavuma,HE van der Dussen,SSB Magala,1,0,,,,,,,,,
1157256,2018/19,2019-05-05,"New Wanderers Stadium, Johannesburg",1,4.8,Lions,Warriors,HE van der Dussen,T Bavuma,SSB Magala,0,0,,,,,,,,,
1157256,2018/19,2019-05-05,"New Wanderers Stadium, Johannesburg",1,5.1,Lions,Warriors,T Bavuma,HE van der Dussen,S Langa,0,0,,,,,,,,,
1157256,2018/19,2019-05-05,"New Wanderers Stadium, Johannesburg",1,5.2,Lions,Warriors,T Bavuma,HE van der Dussen,S Langa,4,0,,,,,,,,,
1157256,2018/19,2019-05-05,"New Wanderers Stadium, Johannesburg",1,5.3,Lions,Warriors,T Bavuma,HE van der Dussen,S Langa,6,0,,,,,,,,,
1157256,2018/19,2019-05-05,"New Wanderers Stadium, Johannesburg",1,5.4,Lions,Warriors,T Bavuma,HE van der Dussen,S Langa,1,0,,,,,,,,,
1157256,2018/19,2019-05-05,"New Wanderers Stadium, Johannesburg",1,5.5,Lions,Warriors,HE van der Dussen,T Bavuma,S Langa,0,0,,,,,,,,,
1157256,2018/19,2019-05-05,"New Wanderers Stadium, Johannesburg",1,5.6,Lions,Warriors,HE van der Dussen,T Bavuma,S Langa,4,0,,,,,,,,,
1157256,2018/19,2019-05-05,"New Wanderers Stadium, Johannesburg",1,6.1,Lions,Warriors,T Bavuma,HE van der Dussen,JT Smuts,4,0,,,,,,,,,
1157256,2018/19,2019-05-05,"New Wanderers Stadium, Johannesburg",1,6.2,Lions,Warriors,T Bavuma,HE van der Dussen,JT Smuts,0,0,,,,,,,,,
1157256,2018/19,2019-05-05,"New Wanderers Stadium, Johannesburg",1,6.3,Lions,Warriors,T Bavuma,HE van der Dussen,JT Smuts,2,0,,,,,,,,,
1157256,2018/19,2019-05-05,"New Wanderers Stadium, Johannesburg",1,6.4,Lions,Warriors,T Bavuma,HE van der Dussen,JT Smuts,2,0,,,,,,,,,
1157256,2018/19,2019-05-05,"New Wanderers Stadium, Johannesburg",1,6.5,Lions,Warriors,T Bavuma,HE van der Dussen,JT Smuts,2,0,,,,,,,,,
1157256,2018/19,2019-05-05,"New Wanderers Stadium, Johannesburg",1,6.6,Lions,Warriors,T Bavuma,HE van der Dussen,JT Smuts,0,0,,,,,,,,,
1157256,2018/19,2019-05-05,"New Wanderers Stadium, Johannesburg",1,7.1,Lions,Warriors,HE van der Dussen,T Bavuma,J de Klerk,1,0,,,,,,,,,
1157256,2018/19,2019-05-05,"New Wanderers Stadium, Johannesburg",1,7.2,Lions,Warriors,T Bavuma,HE van der Dussen,J de Klerk,4,0,,,,,,,,,
1157256,2018/19,2019-05-05,"New Wanderers Stadium, Johannesburg",1,7.3,Lions,Warriors,T Bavuma,HE van der Dussen,J de Klerk,0,0,,,,,,,,,
1157256,2018/19,2019-05-05,"New Wanderers Stadium, Johannesburg",1,7.4,Lions,Warriors,T Bavuma,HE van der Dussen,J de Klerk,1,0,,,,,,,,,
1157256,2018/19,2019-05-05,"New Wanderers Stadium, Johannesburg",1,7.5,Lions,Warriors,HE van der Dussen,T Bavuma,J de Klerk,4,0,,,,,,,,,
1157256,2018/19,2019-05-05,"New Wanderers Stadium, Johannesburg",1,7.6,Lions,Warriors,HE van der Dussen,T Bavuma,J de Klerk,0,0,,,,,,,,,
1157256,2018/19,2019-05-05,"New Wanderers Stadium, Johannesburg",1,8.1,Lions,Warriors,T Bavuma,HE van der Dussen,JT Smuts,2,0,,,,,,,,,
1157256,2018/19,2019-05-05,"New Wanderers Stadium, Johannesburg",1,8.2,Lions,Warriors,T Bavuma,HE van der Dussen,JT Smuts,1,0,,,,,,,,,
1157256,2018/19,2019-05-05,"New Wanderers Stadium, Johannesburg",1,8.3,Lions,Warriors,HE van der Dussen,T Bavuma,JT Smuts,1,0,,,,,,,,,
1157256,2018/19,2019-05-05,"New Wanderers Stadium, Johannesburg",1,8.4,Lions,Warriors,T Bavuma,HE van der Dussen,JT Smuts,1,0,,,,,,,,,
1157256,2018/19,2019-05-05,"New Wanderers Stadium, Johannesburg",1,8.5,Lions,Warriors,HE van der Dussen,T Bavuma,JT Smuts,1,0,,,,,,,,,
1157256,2018/19,2019-05-05,"New Wanderers Stadium, Johannesburg",1,8.6,Lions,Warriors,T Bavuma,HE van der Dussen,JT Smuts,2,0,,,,,,,,,
1157256,2018/19,2019-05-05,"New Wanderers Stadium, Johannesburg",1,9.1,Lions,Warriors,HE van der Dussen,T Bavuma,J de Klerk,3,0,,,,,,,,,
1157256,2018/19,2019-05-05,"New Wanderers Stadium, Johannesburg",1,9.2,Lions,Warriors,T Bavuma,HE van der Dussen,J de Klerk,1,0,,,,,,,,,
1157256,2018/19,2019-05-05,"New Wanderers Stadium, Johannesburg",1,9.3,Lions,Warriors,HE van der Dussen,T Bavuma,J de Klerk,1,0,,,,,,,,,
1157256,2018/19,2019-05-05,"New Wanderers Stadium, Johannesburg",1,9.4,Lions,Warriors,T Bavuma,HE van der Dussen,J de Klerk,1,0,,,,,,,,,
1157256,2018/19,2019-05-05,"New Wanderers Stadium, Johannesburg",1,9.5,Lions,Warriors,HE van der Dussen,T Bavuma,J de Klerk,2,0,,,,,,,,,
1157256,2018/19,2019-05-05,"New Wanderers Stadium, Johannesburg",1,9.6,Lions,Warriors,HE van der Dussen,T Bavuma,J de Klerk,1,0,,,,,,,,,
1157256,2018/19,2019-05-05,"New Wanderers Stadium, Johannesburg",1,10.1,Lions,Warriors,HE van der Dussen,T Bavuma,JT Smuts,1,0,,,,,,,,,
1157256,2018/19,2019-05-05,"New Wanderers Stadium, Johannesburg",1,10.2,Lions,Warriors,T Bavuma,HE van der Dussen,JT Smuts,1,0,,,,,,,,,
1157256,2018/19,2019-05-05,"New Wanderers Stadium, Johannesburg",1,10.3,Lions,Warriors,HE van der Dussen,T Bavuma,JT Smuts,1,0,,,,,,,,,
1157256,2018/19,2019-05-05,"New Wanderers Stadium, Johannesburg",1,10.4,Lions,Warriors,T Bavuma,HE van der Dussen,JT Smuts,1,0,,,,,,,,,
1157256,2018/19,2019-05-05,"New Wanderers Stadium, Johannesburg",1,10.5,Lions,Warriors,HE van der Dussen,T Bavuma,JT Smuts,1,0,,,,,,,,,
1157256,2018/19,2019-05-05,"New Wanderers Stadium, Johannesburg",1,10.6,Lions,Warriors,T Bavuma,HE van der Dussen,JT Smuts,1,0,,,,,,,,,
1157256,2018/19,2019-05-05,"New Wanderers Stadium, Johannesburg",1,11.1,Lions,Warriors,T Bavuma,HE van der Dussen,J de Klerk,2,0,,,,,,,,,
1157256,2018/19,2019-05-05,"New Wanderers Stadium, Johannesburg",1,11.2,Lions,Warriors,T Bavuma,HE van der Dussen,J de Klerk,1,0,,,,,,,,,
1157256,2018/19,2019-05-05,"New Wanderers Stadium, Johannesburg",1,11.3,Lions,Warriors,HE van der Dussen,T Bavuma,J de Klerk,0,0,,,,,,,,,
1157256,2018/19,2019-05-05,"New Wanderers Stadium, Johannesburg",1,11.4,Lions,Warriors,HE van der Dussen,T Bavuma,J de Klerk,1,0,,,,,,,,,
1157256,2018/19,2019-05-05,"New Wanderers Stadium, Johannesburg",1,11.5,Lions,Warriors,T Bavuma,HE van der Dussen,J de Klerk,1,0,,,,,,,,,
1157256,2018/19,2019-05-05,"New Wanderers Stadium, Johannesburg",1,11.6,Lions,Warriors,T Bavuma,HE van der Dussen,J de Klerk,1,0,,,,,,,,,
1157256,2018/19,2019-05-05,"New Wanderers Stadium, Johannesburg",1,12.1,Lions,Warriors,T Bavuma,HE van der Dussen,S Langa,1,0,,,,,,,,,
1157256,2018/19,2019-05-05,"New Wanderers Stadium, Johannesburg",1,12.2,Lions,Warriors,HE van der Dussen,T Bavuma,S Langa,1,0,,,,,,,,,
1157256,2018/19,2019-05-05,"New Wanderers Stadium, Johannesburg",1,12.3,Lions,Warriors,T Bavuma,HE van der Dussen,S Langa,4,0,,,,,,,,,
1157256,2018/19,2019-05-05,"New Wanderers Stadium, Johannesburg",1,12.4,Lions,Warriors,T Bavuma,HE van der Dussen,S Langa,1,0,,,,,,,,,
1157256,2018/19,2019-05-05,"New Wanderers Stadium, Johannesburg",1,12.5,Lions,Warriors,HE van der Dussen,T Bavuma,S Langa,2,0,,,,,,,,,
1157256,2018/19,2019-05-05,"New Wanderers Stadium, Johannesburg",1,12.6,Lions,Warriors,HE van der Dussen,T Bavuma,S Langa,6,0,,,,,,,,,
1157256,2018/19,2019-05-05,"New Wanderers Stadium, Johannesburg",1,13.1,Lions,Warriors,T Bavuma,HE van der Dussen,J de Klerk,4,0,,,,,,,,,
1157256,2018/19,2019-05-05,"New Wanderers Stadium, Johannesburg",1,13.2,Lions,Warriors,T Bavuma,HE van der Dussen,J de Klerk,1,0,,,,,,,,,
1157256,2018/19,2019-05-05,"New Wanderers Stadium, Johannesburg",1,13.3,Lions,Warriors,HE van der Dussen,T Bavuma,J de Klerk,1,0,,,,,,,,,
1157256,2018/19,2019-05-05,"New Wanderers Stadium, Johannesburg",1,13.4,Lions,Warriors,T Bavuma,HE van der Dussen,J de Klerk,4,0,,,,,,,,,
1157256,2018/19,2019-05-05,"New Wanderers Stadium, Johannesburg",1,13.5,Lions,Warriors,T Bavuma,HE van der Dussen,J de Klerk,1,0,,,,,,,,,
1157256,2018/19,2019-05-05,"New Wanderers Stadium, Johannesburg",1,13.6,Lions,Warriors,HE van der Dussen,T Bavuma,J de Klerk,1,0,,,,,,,,,
1157256,2018/19,2019-05-05,"New Wanderers Stadium, Johannesburg",1,14.1,Lions,Warriors,HE van der Dussen,T Bavuma,SSB Magala,2,0,,,,,,,,,
1157256,2018/19,2019-05-05,"New Wanderers Stadium, Johannesburg",1,14.2,Lions,Warriors,HE van der Dussen,T Bavuma,SSB Magala,1,0,,,,,,,,,
1157256,2018/19,2019-05-05,"New Wanderers Stadium, Johannesburg",1,14.3,Lions,Warriors,T Bavuma,HE van der Dussen,SSB Magala,1,0,,,,,,,,,
1157256,2018/19,2019-05-05,"New Wanderers Stadium, Johannesburg",1,14.4,Lions,Warriors,HE van der Dussen,T Bavuma,SSB Magala,0,0,,,,,,,,,
1157256,2018/19,2019-05-05,"New Wanderers Stadium, Johannesburg",1,14.5,Lions,Warriors,HE van der Dussen,T Bavuma,SSB Magala,0,0,,,,,,,,,
1157256,2018/19,2019-05-05,"New Wanderers Stadium, Johannesburg",1,14.6,Lions,Warriors,HE van der Dussen,T Bavuma,SSB Magala,4,0,,,,,,,,,
1157256,2018/19,2019-05-05,"New Wanderers Stadium, Johannesburg",1,15.1,Lions,Warriors,T Bavuma,HE van der Dussen,S Langa,4,0,,,,,,,,,
1157256,2018/19,2019-05-05,"New Wanderers Stadium, Johannesburg",1,15.2,Lions,Warriors,T Bavuma,HE van der Dussen,S Langa,4,0,,,,,,,,,
1157256,2018/19,2019-05-05,"New Wanderers Stadium, Johannesburg",1,15.3,Lions,Warriors,T Bavuma,HE van der Dussen,S Langa,1,0,,,,,,,,,
1157256,2018/19,2019-05-05,"New Wanderers Stadium, Johannesburg",1,15.4,Lions,Warriors,HE van der Dussen,T Bavuma,S Langa,0,1,1,,,,,,,,
1157256,2018/19,2019-05-05,"New Wanderers Stadium, Johannesburg",1,15.5,Lions,Warriors,HE van der Dussen,T Bavuma,S Langa,6,0,,,,,,,,,
1157256,2018/19,2019-05-05,"New Wanderers Stadium, Johannesburg",1,15.6,Lions,Warriors,HE van der Dussen,T Bavuma,S Langa,6,0,,,,,,,,,
1157256,2018/19,2019-05-05,"New Wanderers Stadium, Johannesburg",1,15.7,Lions,Warriors,HE van der Dussen,T Bavuma,S Langa,2,1,,1,,,,,,,
1157256,2018/19,2019-05-05,"New Wanderers Stadium, Johannesburg",1,15.8,Lions,Warriors,HE van der Dussen,T Bavuma,S Langa,0,0,,,,,,,,,
1157256,2018/19,2019-05-05,"New Wanderers Stadium, Johannesburg",1,16.1,Lions,Warriors,T Bavuma,HE van der Dussen,SSB Magala,0,0,,,,,,,,,
1157256,2018/19,2019-05-05,"New Wanderers Stadium, Johannesburg",1,16.2,Lions,Warriors,T Bavuma,HE van der Dussen,SSB Magala,1,0,,,,,,,,,
1157256,2018/19,2019-05-05,"New Wanderers Stadium, Johannesburg",1,16.3,Lions,Warriors,HE van der Dussen,T Bavuma,SSB Magala,1,0,,,,,,,,,
1157256,2018/19,2019-05-05,"New Wanderers Stadium, Johannesburg",1,16.4,Lions,Warriors,T Bavuma,HE van der Dussen,SSB Magala,1,0,,,,,,,,,
1157256,2018/19,2019-05-05,"New Wanderers Stadium, Johannesburg",1,16.5,Lions,Warriors,HE van der Dussen,T Bavuma,SSB Magala,1,0,,,,,,,,,
1157256,2018/19,2019-05-05,"New Wanderers Stadium, Johannesburg",1,16.6,Lions,Warriors,T Bavuma,HE van der Dussen,SSB Magala,0,1,1,,,,,,,,
1157256,2018/19,2019-05-05,"New Wanderers Stadium, Johannesburg",1,16.7,Lions,Warriors,T Bavuma,HE van der Dussen,SSB Magala,4,0,,,,,,,,,
1157256,2018/19,2019-05-05,"New Wanderers Stadium, Johannesburg",1,17.1,Lions,Warriors,HE van der Dussen,T Bavuma,ACR Birch,1,0,,,,,,,,,
1157256,2018/19,2019-05-05,"New Wanderers Stadium, Johannesburg",1,17.2,Lions,Warriors,T Bavuma,HE van der Dussen,ACR Birch,2,0,,,,,,,,,
1157256,2018/19,2019-05-05,"New Wanderers Stadium, Johannesburg",1,17.3,Lions,Warriors,T Bavuma,HE van der Dussen,ACR Birch,2,0,,,,,,,,,
1157256,2018/19,2019-05-05,"New Wanderers Stadium, Johannesburg",1,17.4,Lions,Warriors,T Bavuma,HE van der Dussen,ACR Birch,2,0,,,,,,,,,
1157256,2018/19,2019-05-05,"New Wanderers Stadium, Johannesburg",1,17.5,Lions,Warriors,T Bavuma,HE van der Dussen,ACR Birch,0,1,1,,,,,,,,
1157256,2018/19,2019-05-05,"New Wanderers Stadium, Johannesburg",1,17.6,Lions,Warriors,T Bavuma,HE van der Dussen,ACR Birch,6,0,,,,,,,,,
1157256,2018/19,2019-05-05,"New Wanderers Stadium, Johannesburg",1,17.7,Lions,Warriors,T Bavuma,HE van der Dussen,ACR Birch,1,0,,,,,,,,,
1157256,2018/19,2019-05-05,"New Wanderers Stadium, Johannesburg",1,18.1,Lions,Warriors,T Bavuma,HE van der Dussen,S Langa,1,0,,,,,,,,,
1157256,2018/19,2019-05-05,"New Wanderers Stadium, Johannesburg",1,18.2,Lions,Warriors,HE van der Dussen,T Bavuma,S Langa,0,0,,,,,,,,,
1157256,2018/19,2019-05-05,"New Wanderers Stadium, Johannesburg",1,18.3,Lions,Warriors,HE van der Dussen,T Bavuma,S Langa,6,0,,,,,,,,,
1157256,2018/19,2019-05-05,"New Wanderers Stadium, Johannesburg",1,18.4,Lions,Warriors,HE van der Dussen,T Bavuma,S Langa,1,0,,,,,,,,,
1157256,2018/19,2019-05-05,"New Wanderers Stadium, Johannesburg",1,18.5,Lions,Warriors,T Bavuma,HE van der Dussen,S Langa,2,0,,,,,,,,,
1157256,2018/19,2019-05-05,"New Wanderers Stadium, Johannesburg",1,18.6,Lions,Warriors,T Bavuma,HE van der Dussen,S Langa,4,0,,,,,,,,,
1157256,2018/19,2019-05-05,"New Wanderers Stadium, Johannesburg",1,19.1,Lions,Warriors,HE van der Dussen,T Bavuma,ACR Birch,1,0,,,,,,,,,
1157256,2018/19,2019-05-05,"New Wanderers Stadium, Johannesburg",1,19.2,Lions,Warriors,T Bavuma,HE van der Dussen,ACR Birch,0,0,,,,,,caught,T Bavuma,,
1157256,2018/19,2019-05-05,"New Wanderers Stadium, Johannesburg",1,19.3,Lions,Warriors,HE van der Dussen,D Pretorius,ACR Birch,2,0,,,,,,,,,
1157256,2018/19,2019-05-05,"New Wanderers Stadium, Johannesburg",1,19.4,Lions,Warriors,HE van der Dussen,D Pretorius,ACR Birch,6,0,,,,,,,,,
1157256,2018/19,2019-05-05,"New Wanderers Stadium, Johannesburg",1,19.5,Lions,Warriors,HE van der Dussen,D Pretorius,ACR Birch,0,0,,,,,,caught,HE van der Dussen,,
1157256,2018/19,2019-05-05,"New Wanderers Stadium, Johannesburg",1,19.6,Lions,Warriors,D Pretorius,PWA Mulder,ACR Birch,0,0,,,,,,,,,
1157256,2018/19,2019-05-05,"New Wanderers Stadium, Johannesburg",2,0.1,Warriors,Lions,MP Breetzke,GL Cloete,BC Fortuin,4,0,,,,,,,,,
1157256,2018/19,2019-05-05,"New Wanderers Stadium, Johannesburg",2,0.2,Warriors,Lions,MP Breetzke,GL Cloete,BC Fortuin,0,0,,,,,,,,,
1157256,2018/19,2019-05-05,"New Wanderers Stadium, Johannesburg",2,0.3,Warriors,Lions,MP Breetzke,GL Cloete,BC Fortuin,0,0,,,,,,,,,
1157256,2018/19,2019-05-05,"New Wanderers Stadium, Johannesburg",2,0.4,Warriors,Lions,MP Breetzke,GL Cloete,BC Fortuin,1,0,,,,,,,,,
1157256,2018/19,2019-05-05,"New Wanderers Stadium, Johannesburg",2,0.5,Warriors,Lions,GL Cloete,MP Breetzke,BC Fortuin,0,0,,,,,,,,,
1157256,2018/19,2019-05-05,"New Wanderers Stadium, Johannesburg",2,0.6,Warriors,Lions,GL Cloete,MP Breetzke,BC Fortuin,0,0,,,,,,,,,
1157256,2018/19,2019-05-05,"New Wanderers Stadium, Johannesburg",2,1.1,Warriors,Lions,MP Breetzke,GL Cloete,LB Williams,0,0,,,,,,caught,MP Breetzke,,
1157256,2018/19,2019-05-05,"New Wanderers Stadium, Johannesburg",2,1.2,Warriors,Lions,JT Smuts,GL Cloete,LB Williams,0,0,,,,,,,,,
1157256,2018/19,2019-05-05,"New Wanderers Stadium, Johannesburg",2,1.3,Warriors,Lions,JT Smuts,GL Cloete,LB Williams,0,0,,,,,,,,,
1157256,2018/19,2019-05-05,"New Wanderers Stadium, Johannesburg",2,1.4,Warriors,Lions,JT Smuts,GL Cloete,LB Williams,4,0,,,,,,,,,
1157256,2018/19,2019-05-05,"New Wanderers Stadium, Johannesburg",2,1.5,Warriors,Lions,JT Smuts,GL Cloete,LB Williams,0,0,,,,,,,,,
1157256,2018/19,2019-05-05,"New Wanderers Stadium, Johannesburg",2,1.6,Warriors,Lions,JT Smuts,GL Cloete,LB Williams,0,1,,,,1,,,,,
1157256,2018/19,2019-05-05,"New Wanderers Stadium, Johannesburg",2,2.1,Warriors,Lions,JT Smuts,GL Cloete,BC Fortuin,1,0,,,,,,,,,
1157256,2018/19,2019-05-05,"New Wanderers Stadium, Johannesburg",2,2.2,Warriors,Lions,GL Cloete,JT Smuts,BC Fortuin,0,0,,,,,,bowled,GL Cloete,,
1157256,2018/19,2019-05-05,"New Wanderers Stadium, Johannesburg",2,2.3,Warriors,Lions,M Marais,JT Smuts,BC Fortuin,4,0,,,,,,,,,
1157256,2018/19,2019-05-05,"New Wanderers Stadium, Johannesburg",2,2.4,Warriors,Lions,M Marais,JT Smuts,BC Fortuin,4,0,,,,,,,,,
1157256,2018/19,2019-05-05,"New Wanderers Stadium, Johannesburg",2,2.5,Warriors,Lions,M Marais,JT Smuts,BC Fortuin,0,0,,,,,,,,,
1157256,2018/19,2019-05-05,"New Wanderers Stadium, Johannesburg",2,2.6,Warriors,Lions,M Marais,JT Smuts,BC Fortuin,0,0,,,,,,caught and bowled,M Marais,,
1157256,2018/19,2019-05-05,"New Wanderers Stadium, Johannesburg",2,3.1,Warriors,Lions,JT Smuts,S Qeshile,LB Williams,4,0,,,,,,,,,
1157256,2018/19,2019-05-05,"New Wanderers Stadium, Johannesburg",2,3.2,Warriors,Lions,JT Smuts,S Qeshile,LB Williams,1,0,,,,,,,,,
1157256,2018/19,2019-05-05,"New Wanderers Stadium, Johannesburg",2,3.3,Warriors,Lions,S Qeshile,JT Smuts,LB Williams,1,0,,,,,,,,,
1157256,2018/19,2019-05-05,"New Wanderers Stadium, Johannesburg",2,3.4,Warriors,Lions,JT Smuts,S Qeshile,LB Williams,4,0,,,,,,,,,
1157256,2018/19,2019-05-05,"New Wanderers Stadium, Johannesburg",2,3.5,Warriors,Lions,JT Smuts,S Qeshile,LB Williams,4,0,,,,,,,,,
1157256,2018/19,2019-05-05,"New Wanderers Stadium, Johannesburg",2,3.6,Warriors,Lions,JT Smuts,S Qeshile,LB Williams,6,0,,,,,,,,,
1157256,2018/19,2019-05-05,"New Wanderers Stadium, Johannesburg",2,4.1,Warriors,Lions,S Qeshile,JT Smuts,BC Fortuin,4,0,,,,,,,,,
1157256,2018/19,2019-05-05,"New Wanderers Stadium, Johannesburg",2,4.2,Warriors,Lions,S Qeshile,JT Smuts,BC Fortuin,0,0,,,,,,bowled,S Qeshile,,
1157256,2018/19,2019-05-05,"New Wanderers Stadium, Johannesburg",2,4.3,Warriors,Lions,LC Ngoepe,JT Smuts,BC Fortuin,0,0,,,,,,,,,
1157256,2018/19,2019-05-05,"New Wanderers Stadium, Johannesburg",2,4.4,Warriors,Lions,LC Ngoepe,JT Smuts,BC Fortuin,4,0,,,,,,,,,
1157256,2018/19,2019-05-05,"New Wanderers Stadium, Johannesburg",2,4.5,Warriors,Lions,LC Ngoepe,JT Smuts,BC Fortuin,1,0,,,,,,,,,
1157256,2018/19,2019-05-05,"New Wanderers Stadium, Johannesburg",2,4.6,Warriors,Lions,JT Smuts,LC Ngoepe,BC Fortuin,0,0,,,,,,,,,
1157256,2018/19,2019-05-05,"New Wanderers Stadium, Johannesburg",2,5.1,Warriors,Lions,LC Ngoepe,JT Smuts,M Pretorius,0,0,,,,,,,,,
1157256,2018/19,2019-05-05,"New Wanderers Stadium, Johannesburg",2,5.2,Warriors,Lions,LC Ngoepe,JT Smuts,M Pretorius,4,0,,,,,,,,,
1157256,2018/19,2019-05-05,"New Wanderers Stadium, Johannesburg",2,5.3,Warriors,Lions,LC Ngoepe,JT Smuts,M Pretorius,0,0,,,,,,,,,
1157256,2018/19,2019-05-05,"New Wanderers Stadium, Johannesburg",2,5.4,Warriors,Lions,LC Ngoepe,JT Smuts,M Pretorius,4,0,,,,,,,,,
1157256,2018/19,2019-05-05,"New Wanderers Stadium, Johannesburg",2,5.5,Warriors,Lions,LC Ngoepe,JT Smuts,M Pretorius,0,0,,,,,,bowled,LC Ngoepe,,
1157256,2018/19,2019-05-05,"New Wanderers Stadium, Johannesburg",2,5.6,Warriors,Lions,O Nyaku,JT Smuts,M Pretorius,4,0,,,,,,,,,
1157256,2018/19,2019-05-05,"New Wanderers Stadium, Johannesburg",2,6.1,Warriors,Lions,JT Smuts,O Nyaku,AM Phangiso,1,0,,,,,,,,,
1157256,2018/19,2019-05-05,"New Wanderers Stadium, Johannesburg",2,6.2,Warriors,Lions,O Nyaku,JT Smuts,AM Phangiso,1,0,,,,,,,,,
1157256,2018/19,2019-05-05,"New Wanderers Stadium, Johannesburg",2,6.3,Warriors,Lions,JT Smuts,O Nyaku,AM Phangiso,1,0,,,,,,,,,
1157256,2018/19,2019-05-05,"New Wanderers Stadium, Johannesburg",2,6.4,Warriors,Lions,O Nyaku,JT Smuts,AM Phangiso,1,0,,,,,,,,,
1157256,2018/19,2019-05-05,"New Wanderers Stadium, Johannesburg",2,6.5,Warriors,Lions,JT Smuts,O Nyaku,AM Phangiso,1,0,,,,,,,,,
1157256,2018/19,2019-05-05,"New Wanderers Stadium, Johannesburg",2,6.6,Warriors,Lions,O Nyaku,JT Smuts,AM Phangiso,1,0,,,,,,,,,
1157256,2018/19,2019-05-05,"New Wanderers Stadium, Johannesburg",2,7.1,Warriors,Lions,O Nyaku,JT Smuts,D Pretorius,1,0,,,,,,,,,
1157256,2018/19,2019-05-05,"New Wanderers Stadium, Johannesburg",2,7.2,Warriors,Lions,JT Smuts,O Nyaku,D Pretorius,0,1,1,,,,,,,,
1157256,2018/19,2019-05-05,"New Wanderers Stadium, Johannesburg",2,7.3,Warriors,Lions,JT Smuts,O Nyaku,D Pretorius,1,0,,,,,,,,,
1157256,2018/19,2019-05-05,"New Wanderers Stadium, Johannesburg",2,7.4,Warriors,Lions,O Nyaku,JT Smuts,D Pretorius,6,0,,,,,,,,,
1157256,2018/19,2019-05-05,"New Wanderers Stadium, Johannesburg",2,7.5,Warriors,Lions,O Nyaku,JT Smuts,D Pretorius,1,0,,,,,,,,,
1157256,2018/19,2019-05-05,"New Wanderers Stadium, Johannesburg",2,7.6,Warriors,Lions,JT Smuts,O Nyaku,D Pretorius,1,0,,,,,,,,,
1157256,2018/19,2019-05-05,"New Wanderers Stadium, Johannesburg",2,7.7,Warriors,Lions,O Nyaku,JT Smuts,D Pretorius,2,0,,,,,,,,,
1157256,2018/19,2019-05-05,"New Wanderers Stadium, Johannesburg",2,8.1,Warriors,Lions,JT Smuts,O Nyaku,AM Phangiso,1,0,,,,,,,,,
1157256,2018/19,2019-05-05,"New Wanderers Stadium, Johannesburg",2,8.2,Warriors,Lions,O Nyaku,JT Smuts,AM Phangiso,1,0,,,,,,,,,
1157256,2018/19,2019-05-05,"New Wanderers Stadium, Johannesburg",2,8.3,Warriors,Lions,JT Smuts,O Nyaku,AM Phangiso,6,0,,,,,,,,,
1157256,2018/19,2019-05-05,"New Wanderers Stadium, Johannesburg",2,8.4,Warriors,Lions,JT Smuts,O Nyaku,AM Phangiso,1,0,,,,,,,,,
1157256,2018/19,2019-05-05,"New Wanderers Stadium, Johannesburg",2,8.5,Warriors,Lions,O Nyaku,JT Smuts,AM Phangiso,1,0,,,,,,,,,
1157256,2018/19,2019-05-05,"New Wanderers Stadium, Johannesburg",2,8.6,Warriors,Lions,JT Smuts,O Nyaku,AM Phangiso,1,0,,,,,,,,,
1157256,2018/19,2019-05-05,"New Wanderers Stadium, Johannesburg",2,9.1,Warriors,Lions,JT Smuts,O Nyaku,PWA Mulder,0,1,1,,,,,,,,
1157256,2018/19,2019-05-05,"New Wanderers Stadium, Johannesburg",2,9.2,Warriors,Lions,JT Smuts,O Nyaku,PWA Mulder,4,0,,,,,,,,,
1157256,2018/19,2019-05-05,"New Wanderers Stadium, Johannesburg",2,9.3,Warriors,Lions,JT Smuts,O Nyaku,PWA Mulder,6,0,,,,,,,,,
1157256,2018/19,2019-05-05,"New Wanderers Stadium, Johannesburg",2,9.4,Warriors,Lions,JT Smuts,O Nyaku,PWA Mulder,4,0,,,,,,,,,
1157256,2018/19,2019-05-05,"New Wanderers Stadium, Johannesburg",2,9.5,Warriors,Lions,JT Smuts,O Nyaku,PWA Mulder,1,0,,,,,,,,,
1157256,2018/19,2019-05-05,"New Wanderers Stadium, Johannesburg",2,9.6,Warriors,Lions,O Nyaku,JT Smuts,PWA Mulder,1,0,,,,,,,,,
1157256,2018/19,2019-05-05,"New Wanderers Stadium, Johannesburg",2,9.7,Warriors,Lions,JT Smuts,O Nyaku,PWA Mulder,2,0,,,,,,,,,
1157256,2018/19,2019-05-05,"New Wanderers Stadium, Johannesburg",2,10.1,Warriors,Lions,O Nyaku,JT Smuts,AM Phangiso,2,0,,,,,,,,,
1157256,2018/19,2019-05-05,"New Wanderers Stadium, Johannesburg",2,10.2,Warriors,Lions,O Nyaku,JT Smuts,AM Phangiso,0,0,,,,,,,,,
1157256,2018/19,2019-05-05,"New Wanderers Stadium, Johannesburg",2,10.3,Warriors,Lions,O Nyaku,JT Smuts,AM Phangiso,1,0,,,,,,,,,
1157256,2018/19,2019-05-05,"New Wanderers Stadium, Johannesburg",2,10.4,Warriors,Lions,JT Smuts,O Nyaku,AM Phangiso,1,0,,,,,,,,,
1157256,2018/19,2019-05-05,"New Wanderers Stadium, Johannesburg",2,10.5,Warriors,Lions,O Nyaku,JT Smuts,AM Phangiso,1,0,,,,,,,,,
1157256,2018/19,2019-05-05,"New Wanderers Stadium, Johannesburg",2,10.6,Warriors,Lions,JT Smuts,O Nyaku,AM Phangiso,2,0,,,,,,,,,
1157256,2018/19,2019-05-05,"New Wanderers Stadium, Johannesburg",2,11.1,Warriors,Lions,O Nyaku,JT Smuts,Z Pongolo,1,0,,,,,,,,,
1157256,2018/19,2019-05-05,"New Wanderers Stadium, Johannesburg",2,11.2,Warriors,Lions,JT Smuts,O Nyaku,Z Pongolo,1,0,,,,,,,,,
1157256,2018/19,2019-05-05,"New Wanderers Stadium, Johannesburg",2,11.3,Warriors,Lions,O Nyaku,JT Smuts,Z Pongolo,1,0,,,,,,,,,
1157256,2018/19,2019-05-05,"New Wanderers Stadium, Johannesburg",2,11.4,Warriors,Lions,JT Smuts,O Nyaku,Z Pongolo,4,0,,,,,,,,,
1157256,2018/19,2019-05-05,"New Wanderers Stadium, Johannesburg",2,11.5,Warriors,Lions,JT Smuts,O Nyaku,Z Pongolo,2,0,,,,,,,,,
1157256,2018/19,2019-05-05,"New Wanderers Stadium, Johannesburg",2,11.6,Warriors,Lions,JT Smuts,O Nyaku,Z Pongolo,1,0,,,,,,,,,
1157256,2018/19,2019-05-05,"New Wanderers Stadium, Johannesburg",2,12.1,Warriors,Lions,JT Smuts,O Nyaku,AM Phangiso,1,0,,,,,,,,,
1157256,2018/19,2019-05-05,"New Wanderers Stadium, Johannesburg",2,12.2,Warriors,Lions,O Nyaku,JT Smuts,AM Phangiso,1,0,,,,,,,,,
1157256,2018/19,2019-05-05,"New Wanderers Stadium, Johannesburg",2,12.3,Warriors,Lions,JT Smuts,O Nyaku,AM Phangiso,0,0,,,,,,,,,
1157256,2018/19,2019-05-05,"New Wanderers Stadium, Johannesburg",2,12.4,Warriors,Lions,JT Smuts,O Nyaku,AM Phangiso,1,0,,,,,,,,,
1157256,2018/19,2019-05-05,"New Wanderers Stadium, Johannesburg",2,12.5,Warriors,Lions,O Nyaku,JT Smuts,AM Phangiso,0,0,,,,,,,,,
1157256,2018/19,2019-05-05,"New Wanderers Stadium, Johannesburg",2,12.6,Warriors,Lions,O Nyaku,JT Smuts,AM Phangiso,0,0,,,,,,lbw,O Nyaku,,
1157256,2018/19,2019-05-05,"New Wanderers Stadium, Johannesburg",2,13.1,Warriors,Lions,JT Smuts,ACR Birch,Z Pongolo,2,0,,,,,,,,,
1157256,2018/19,2019-05-05,"New Wanderers Stadium, Johannesburg",2,13.2,Warriors,Lions,JT Smuts,ACR Birch,Z Pongolo,1,0,,,,,,,,,
1157256,2018/19,2019-05-05,"New Wanderers Stadium, Johannesburg",2,13.3,Warriors,Lions,ACR Birch,JT Smuts,Z Pongolo,1,0,,,,,,,,,
1157256,2018/19,2019-05-05,"New Wanderers Stadium, Johannesburg",2,13.4,Warriors,Lions,JT Smuts,ACR Birch,Z Pongolo,4,0,,,,,,,,,
1157256,2018/19,2019-05-05,"New Wanderers Stadium, Johannesburg",2,13.5,Warriors,Lions,JT Smuts,ACR Birch,Z Pongolo,1,0,,,,,,,,,
1157256,2018/19,2019-05-05,"New Wanderers Stadium, Johannesburg",2,13.6,Warriors,Lions,ACR Birch,JT Smuts,Z Pongolo,1,0,,,,,,,,,
1157256,2018/19,2019-05-05,"New Wanderers Stadium, Johannesburg",2,14.1,Warriors,Lions,ACR Birch,JT Smuts,BC Fortuin,0,0,,,,,,bowled,ACR Birch,,
1157256,2018/19,2019-05-05,"New Wanderers Stadium, Johannesburg",2,14.2,Warriors,Lions,SSB Magala,JT Smuts,BC Fortuin,1,0,,,,,,,,,
1157256,2018/19,2019-05-05,"New Wanderers Stadium, Johannesburg",2,14.3,Warriors,Lions,JT Smuts,SSB Magala,BC Fortuin,1,0,,,,,,,,,
1157256,2018/19,2019-05-05,"New Wanderers Stadium, Johannesburg",2,14.4,Warriors,Lions,SSB Magala,JT Smuts,BC Fortuin,0,0,,,,,,,,,
1157256,2018/19,2019-05-05,"New Wanderers Stadium, Johannesburg",2,14.5,Warriors,Lions,SSB Magala,JT Smuts,BC Fortuin,1,0,,,,,,,,,
1157256,2018/19,2019-05-05,"New Wanderers Stadium, Johannesburg",2,14.6,Warriors,Lions,JT Smuts,SSB Magala,BC Fortuin,1,0,,,,,,,,,
1157256,2018/19,2019-05-05,"New Wanderers Stadium, Johannesburg",2,15.1,Warriors,Lions,JT Smuts,SSB Magala,M Pretorius,4,0,,,,,,,,,
1157256,2018/19,2019-05-05,"New Wanderers Stadium, Johannesburg",2,15.2,Warriors,Lions,JT Smuts,SSB Magala,M Pretorius,0,1,,,,1,,,,,
1157256,2018/19,2019-05-05,"New Wanderers Stadium, Johannesburg",2,15.3,Warriors,Lions,SSB Magala,JT Smuts,M Pretorius,1,0,,,,,,,,,
1157256,2018/19,2019-05-05,"New Wanderers Stadium, Johannesburg",2,15.4,Warriors,Lions,JT Smuts,SSB Magala,M Pretorius,1,0,,,,,,,,,
1157256,2018/19,2019-05-05,"New Wanderers Stadium, Johannesburg",2,15.5,Warriors,Lions,SSB Magala,JT Smuts,M Pretorius,1,0,,,,,,,,,
1157256,2018/19,2019-05-05,"New Wanderers Stadium, Johannesburg",2,15.6,Warriors,Lions,JT Smuts,SSB Magala,M Pretorius,1,0,,,,,,,,,
1157256,2018/19,2019-05-05,"New Wanderers Stadium, Johannesburg",2,16.1,Warriors,Lions,JT Smuts,SSB Magala,LB Williams,6,0,,,,,,,,,
1157256,2018/19,2019-05-05,"New Wanderers Stadium, Johannesburg",2,16.2,Warriors,Lions,JT Smuts,SSB Magala,LB Williams,1,0,,,,,,,,,
1157256,2018/19,2019-05-05,"New Wanderers Stadium, Johannesburg",2,16.3,Warriors,Lions,SSB Magala,JT Smuts,LB Williams,0,0,,,,,,,,,
1157256,2018/19,2019-05-05,"New Wanderers Stadium, Johannesburg",2,16.4,Warriors,Lions,SSB Magala,JT Smuts,LB Williams,1,0,,,,,,,,,
1157256,2018/19,2019-05-05,"New Wanderers Stadium, Johannesburg",2,16.5,Warriors,Lions,JT Smuts,SSB Magala,LB Williams,1,0,,,,,,,,,
1157256,2018/19,2019-05-05,"New Wanderers Stadium, Johannesburg",2,16.6,Warriors,Lions,SSB Magala,JT Smuts,LB Williams,0,0,,,,,,caught,SSB Magala,,
1157256,2018/19,2019-05-05,"New Wanderers Stadium, Johannesburg",2,17.1,Warriors,Lions,JT Smuts,J de Klerk,M Pretorius,6,0,,,,,,,,,
1157256,2018/19,2019-05-05,"New Wanderers Stadium, Johannesburg",2,17.2,Warriors,Lions,JT Smuts,J de Klerk,M Pretorius,1,0,,,,,,,,,
1157256,2018/19,2019-05-05,"New Wanderers Stadium, Johannesburg",2,17.3,Warriors,Lions,J de Klerk,JT Smuts,M Pretorius,1,0,,,,,,,,,
1157256,2018/19,2019-05-05,"New Wanderers Stadium, Johannesburg",2,17.4,Warriors,Lions,JT Smuts,J de Klerk,M Pretorius,1,0,,,,,,,,,
1157256,2018/19,2019-05-05,"New Wanderers Stadium, Johannesburg",2,17.5,Warriors,Lions,J de Klerk,JT Smuts,M Pretorius,0,0,,,,,,,,,
1157256,2018/19,2019-05-05,"New Wanderers Stadium, Johannesburg",2,17.6,Warriors,Lions,J de Klerk,JT Smuts,M Pretorius,0,0,,,,,,caught,J de Klerk,,
1157256,2018/19,2019-05-05,"New Wanderers Stadium, Johannesburg",2,18.1,Warriors,Lions,JT Smuts,S Langa,LB Williams,0,0,,,,,,,,,
1157256,2018/19,2019-05-05,"New Wanderers Stadium, Johannesburg",2,18.2,Warriors,Lions,JT Smuts,S Langa,LB Williams,0,0,,,,,,,,,
1157256,2018/19,2019-05-05,"New Wanderers Stadium, Johannesburg",2,18.3,Warriors,Lions,JT Smuts,S Langa,LB Williams,0,0,,,,,,,,,
1157256,2018/19,2019-05-05,"New Wanderers Stadium, Johannesburg",2,18.4,Warriors,Lions,JT Smuts,S Langa,LB Williams,4,0,,,,,,,,,
1157256,2018/19,2019-05-05,"New Wanderers Stadium, Johannesburg",2,18.5,Warriors,Lions,JT Smuts,S Langa,LB Williams,4,0,,,,,,,,,
1157256,2018/19,2019-05-05,"New Wanderers Stadium, Johannesburg",2,18.6,Warriors,Lions,JT Smuts,S Langa,LB Williams,6,1,,1,,,,,,,
1157256,2018/19,2019-05-05,"New Wanderers Stadium, Johannesburg",2,18.7,Warriors,Lions,JT Smuts,S Langa,LB Williams,1,0,,,,,,,,,
1157256,2018/19,2019-05-05,"New Wanderers Stadium, Johannesburg",2,19.1,Warriors,Lions,JT Smuts,S Langa,M Pretorius,6,0,,,,,,,,,
1157256,2018/19,2019-05-05,"New Wanderers Stadium, Johannesburg",2,19.2,Warriors,Lions,JT Smuts,S Langa,M Pretorius,0,0,,,,,,caught,JT Smuts,,
