match_id,season,start_date,venue,innings,ball,batting_team,bowling_team,striker,non_striker,bowler,runs_off_bat,extras,wides,noballs,byes,legbyes,penalty,wicket_type,player_dismissed,other_wicket_type,other_player_dismissed
1157247,2018/19,2019-04-24,"New Wanderers Stadium, Johannesburg",1,0.1,Lions,Warriors,RD Rickelton,RR Hendricks,ACR Birch,0,0,,,,,,,,,
1157247,2018/19,2019-04-24,"New Wanderers Stadium, Johannesburg",1,0.2,Lions,Warriors,RD Rickelton,RR Hendricks,ACR Birch,0,1,1,,,,,,,,
1157247,2018/19,2019-04-24,"New Wanderers Stadium, Johannesburg",1,0.3,Lions,Warriors,RD Rickelton,RR Hendricks,ACR Birch,1,0,,,,,,,,,
1157247,2018/19,2019-04-24,"New Wanderers Stadium, Johannesburg",1,0.4,Lions,Warriors,RR Hendricks,RD Rickelton,ACR Birch,0,1,,,,1,,,,,
1157247,2018/19,2019-04-24,"New Wanderers Stadium, Johannesburg",1,0.5,Lions,Warriors,RD Rickelton,RR Hendricks,ACR Birch,0,0,,,,,,,,,
1157247,2018/19,2019-04-24,"New Wanderers Stadium, Johannesburg",1,0.6,Lions,Warriors,RD Rickelton,RR Hendricks,ACR Birch,0,0,,,,,,,,,
1157247,2018/19,2019-04-24,"New Wanderers Stadium, Johannesburg",1,0.7,Lions,Warriors,RD Rickelton,RR Hendricks,ACR Birch,0,0,,,,,,,,,
1157247,2018/19,2019-04-24,"New Wanderers Stadium, Johannesburg",1,1.1,Lions,Warriors,RR Hendricks,RD Rickelton,L Sipamla,0,0,,,,,,,,,
1157247,2018/19,2019-04-24,"New Wanderers Stadium, Johannesburg",1,1.2,Lions,Warriors,RR Hendricks,RD Rickelton,L Sipamla,1,0,,,,,,,,,
1157247,2018/19,2019-04-24,"New Wanderers Stadium, Johannesburg",1,1.3,Lions,Warriors,RD Rickelton,RR Hendricks,L Sipamla,0,0,,,,,,,,,
1157247,2018/19,2019-04-24,"New Wanderers Stadium, Johannesburg",1,1.4,Lions,Warriors,RD Rickelton,RR Hendricks,L Sipamla,0,0,,,,,,caught,RD Rickelton,,
1157247,2018/19,2019-04-24,"New Wanderers Stadium, Johannesburg",1,1.5,Lions,Warriors,RR Hendricks,HE van der Dussen,L Sipamla,1,0,,,,,,,,,
1157247,2018/19,2019-04-24,"New Wanderers Stadium, Johannesburg",1,1.6,Lions,Warriors,HE van der Dussen,RR Hendricks,L Sipamla,1,0,,,,,,,,,
1157247,2018/19,2019-04-24,"New Wanderers Stadium, Johannesburg",1,2.1,Lions,Warriors,HE van der Dussen,RR Hendricks,ACR Birch,0,0,,,,,,,,,
1157247,2018/19,2019-04-24,"New Wanderers Stadium, Johannesburg",1,2.2,Lions,Warriors,HE van der Dussen,RR Hendricks,ACR Birch,0,0,,,,,,,,,
1157247,2018/19,2019-04-24,"New Wanderers Stadium, Johannesburg",1,2.3,Lions,Warriors,HE van der Dussen,RR Hendricks,ACR Birch,0,0,,,,,,,,,
1157247,2018/19,2019-04-24,"New Wanderers Stadium, Johannesburg",1,2.4,Lions,Warriors,HE van der Dussen,RR Hendricks,ACR Birch,1,0,,,,,,,,,
1157247,2018/19,2019-04-24,"New Wanderers Stadium, Johannesburg",1,2.5,Lions,Warriors,RR Hendricks,HE van der Dussen,ACR Birch,1,0,,,,,,,,,
1157247,2018/19,2019-04-24,"New Wanderers Stadium, Johannesburg",1,2.6,Lions,Warriors,HE van der Dussen,RR Hendricks,ACR Birch,0,0,,,,,,caught,HE van der Dussen,,
1157247,2018/19,2019-04-24,"New Wanderers Stadium, Johannesburg",1,3.1,Lions,Warriors,RR Hendricks,T Bavuma,L Sipamla,0,0,,,,,,,,,
1157247,2018/19,2019-04-24,"New Wanderers Stadium, Johannesburg",1,3.2,Lions,Warriors,RR Hendricks,T Bavuma,L Sipamla,0,0,,,,,,,,,
1157247,2018/19,2019-04-24,"New Wanderers Stadium, Johannesburg",1,3.3,Lions,Warriors,RR Hendricks,T Bavuma,L Sipamla,0,0,,,,,,,,,
1157247,2018/19,2019-04-24,"New Wanderers Stadium, Johannesburg",1,3.4,Lions,Warriors,RR Hendricks,T Bavuma,L Sipamla,1,0,,,,,,,,,
1157247,2018/19,2019-04-24,"New Wanderers Stadium, Johannesburg",1,3.5,Lions,Warriors,T Bavuma,RR Hendricks,L Sipamla,2,0,,,,,,,,,
1157247,2018/19,2019-04-24,"New Wanderers Stadium, Johannesburg",1,3.6,Lions,Warriors,T Bavuma,RR Hendricks,L Sipamla,0,0,,,,,,,,,
1157247,2018/19,2019-04-24,"New Wanderers Stadium, Johannesburg",1,4.1,Lions,Warriors,RR Hendricks,T Bavuma,ACR Birch,0,0,,,,,,,,,
1157247,2018/19,2019-04-24,"New Wanderers Stadium, Johannesburg",1,4.2,Lions,Warriors,RR Hendricks,T Bavuma,ACR Birch,0,0,,,,,,,,,
1157247,2018/19,2019-04-24,"New Wanderers Stadium, Johannesburg",1,4.3,Lions,Warriors,RR Hendricks,T Bavuma,ACR Birch,1,0,,,,,,,,,
1157247,2018/19,2019-04-24,"New Wanderers Stadium, Johannesburg",1,4.4,Lions,Warriors,T Bavuma,RR Hendricks,ACR Birch,0,0,,,,,,,,,
1157247,2018/19,2019-04-24,"New Wanderers Stadium, Johannesburg",1,4.5,Lions,Warriors,T Bavuma,RR Hendricks,ACR Birch,4,0,,,,,,,,,
1157247,2018/19,2019-04-24,"New Wanderers Stadium, Johannesburg",1,4.6,Lions,Warriors,T Bavuma,RR Hendricks,ACR Birch,0,0,,,,,,,,,
1157247,2018/19,2019-04-24,"New Wanderers Stadium, Johannesburg",1,5.1,Lions,Warriors,RR Hendricks,T Bavuma,SSB Magala,0,0,,,,,,,,,
1157247,2018/19,2019-04-24,"New Wanderers Stadium, Johannesburg",1,5.2,Lions,Warriors,RR Hendricks,T Bavuma,SSB Magala,0,0,,,,,,,,,
1157247,2018/19,2019-04-24,"New Wanderers Stadium, Johannesburg",1,5.3,Lions,Warriors,RR Hendricks,T Bavuma,SSB Magala,1,0,,,,,,,,,
1157247,2018/19,2019-04-24,"New Wanderers Stadium, Johannesburg",1,5.4,Lions,Warriors,T Bavuma,RR Hendricks,SSB Magala,1,0,,,,,,,,,
1157247,2018/19,2019-04-24,"New Wanderers Stadium, Johannesburg",1,5.5,Lions,Warriors,RR Hendricks,T Bavuma,SSB Magala,1,0,,,,,,,,,
1157247,2018/19,2019-04-24,"New Wanderers Stadium, Johannesburg",1,5.6,Lions,Warriors,T Bavuma,RR Hendricks,SSB Magala,1,0,,,,,,,,,
1157247,2018/19,2019-04-24,"New Wanderers Stadium, Johannesburg",1,6.1,Lions,Warriors,T Bavuma,RR Hendricks,JT Smuts,1,0,,,,,,,,,
1157247,2018/19,2019-04-24,"New Wanderers Stadium, Johannesburg",1,6.2,Lions,Warriors,RR Hendricks,T Bavuma,JT Smuts,0,0,,,,,,,,,
1157247,2018/19,2019-04-24,"New Wanderers Stadium, Johannesburg",1,6.3,Lions,Warriors,RR Hendricks,T Bavuma,JT Smuts,1,0,,,,,,,,,
1157247,2018/19,2019-04-24,"New Wanderers Stadium, Johannesburg",1,6.4,Lions,Warriors,T Bavuma,RR Hendricks,JT Smuts,0,0,,,,,,,,,
1157247,2018/19,2019-04-24,"New Wanderers Stadium, Johannesburg",1,6.5,Lions,Warriors,T Bavuma,RR Hendricks,JT Smuts,1,0,,,,,,,,,
1157247,2018/19,2019-04-24,"New Wanderers Stadium, Johannesburg",1,6.6,Lions,Warriors,RR Hendricks,T Bavuma,JT Smuts,1,0,,,,,,,,,
1157247,2018/19,2019-04-24,"New Wanderers Stadium, Johannesburg",1,7.1,Lions,Warriors,RR Hendricks,T Bavuma,S Langa,0,0,,,,,,,,,
1157247,2018/19,2019-04-24,"New Wanderers Stadium, Johannesburg",1,7.2,Lions,Warriors,RR Hendricks,T Bavuma,S Langa,2,0,,,,,,,,,
1157247,2018/19,2019-04-24,"New Wanderers Stadium, Johannesburg",1,7.3,Lions,Warriors,RR Hendricks,T Bavuma,S Langa,4,0,,,,,,,,,
1157247,2018/19,2019-04-24,"New Wanderers Stadium, Johannesburg",1,7.4,Lions,Warriors,RR Hendricks,T Bavuma,S Langa,6,0,,,,,,,,,
1157247,2018/19,2019-04-24,"New Wanderers Stadium, Johannesburg",1,7.5,Lions,Warriors,RR Hendricks,T Bavuma,S Langa,0,0,,,,,,,,,
1157247,2018/19,2019-04-24,"New Wanderers Stadium, Johannesburg",1,7.6,Lions,Warriors,RR Hendricks,T Bavuma,S Langa,1,0,,,,,,,,,
1157247,2018/19,2019-04-24,"New Wanderers Stadium, Johannesburg",1,8.1,Lions,Warriors,RR Hendricks,T Bavuma,JT Smuts,1,0,,,,,,,,,
1157247,2018/19,2019-04-24,"New Wanderers Stadium, Johannesburg",1,8.2,Lions,Warriors,T Bavuma,RR Hendricks,JT Smuts,1,0,,,,,,,,,
1157247,2018/19,2019-04-24,"New Wanderers Stadium, Johannesburg",1,8.3,Lions,Warriors,RR Hendricks,T Bavuma,JT Smuts,0,0,,,,,,,,,
1157247,2018/19,2019-04-24,"New Wanderers Stadium, Johannesburg",1,8.4,Lions,Warriors,RR Hendricks,T Bavuma,JT Smuts,3,0,,,,,,,,,
1157247,2018/19,2019-04-24,"New Wanderers Stadium, Johannesburg",1,8.5,Lions,Warriors,T Bavuma,RR Hendricks,JT Smuts,1,0,,,,,,,,,
1157247,2018/19,2019-04-24,"New Wanderers Stadium, Johannesburg",1,8.6,Lions,Warriors,RR Hendricks,T Bavuma,JT Smuts,2,0,,,,,,,,,
1157247,2018/19,2019-04-24,"New Wanderers Stadium, Johannesburg",1,9.1,Lions,Warriors,T Bavuma,RR Hendricks,J de Klerk,1,0,,,,,,,,,
1157247,2018/19,2019-04-24,"New Wanderers Stadium, Johannesburg",1,9.2,Lions,Warriors,RR Hendricks,T Bavuma,J de Klerk,1,0,,,,,,,,,
1157247,2018/19,2019-04-24,"New Wanderers Stadium, Johannesburg",1,9.3,Lions,Warriors,T Bavuma,RR Hendricks,J de Klerk,0,0,,,,,,,,,
1157247,2018/19,2019-04-24,"New Wanderers Stadium, Johannesburg",1,9.4,Lions,Warriors,T Bavuma,RR Hendricks,J de Klerk,6,0,,,,,,,,,
1157247,2018/19,2019-04-24,"New Wanderers Stadium, Johannesburg",1,9.5,Lions,Warriors,T Bavuma,RR Hendricks,J de Klerk,0,0,,,,,,,,,
1157247,2018/19,2019-04-24,"New Wanderers Stadium, Johannesburg",1,9.6,Lions,Warriors,T Bavuma,RR Hendricks,J de Klerk,1,0,,,,,,,,,
1157247,2018/19,2019-04-24,"New Wanderers Stadium, Johannesburg",1,10.1,Lions,Warriors,T Bavuma,RR Hendricks,JT Smuts,1,0,,,,,,,,,
1157247,2018/19,2019-04-24,"New Wanderers Stadium, Johannesburg",1,10.2,Lions,Warriors,RR Hendricks,T Bavuma,JT Smuts,0,0,,,,,,caught,RR Hendricks,,
1157247,2018/19,2019-04-24,"New Wanderers Stadium, Johannesburg",1,10.3,Lions,Warriors,WJ Lubbe,T Bavuma,JT Smuts,2,0,,,,,,,,,
1157247,2018/19,2019-04-24,"New Wanderers Stadium, Johannesburg",1,10.4,Lions,Warriors,WJ Lubbe,T Bavuma,JT Smuts,1,0,,,,,,,,,
1157247,2018/19,2019-04-24,"New Wanderers Stadium, Johannesburg",1,10.5,Lions,Warriors,T Bavuma,WJ Lubbe,JT Smuts,1,0,,,,,,,,,
1157247,2018/19,2019-04-24,"New Wanderers Stadium, Johannesburg",1,10.6,Lions,Warriors,WJ Lubbe,T Bavuma,JT Smuts,0,0,,,,,,,,,
1157247,2018/19,2019-04-24,"New Wanderers Stadium, Johannesburg",1,11.1,Lions,Warriors,T Bavuma,WJ Lubbe,S Langa,1,0,,,,,,,,,
1157247,2018/19,2019-04-24,"New Wanderers Stadium, Johannesburg",1,11.2,Lions,Warriors,WJ Lubbe,T Bavuma,S Langa,0,0,,,,,,,,,
1157247,2018/19,2019-04-24,"New Wanderers Stadium, Johannesburg",1,11.3,Lions,Warriors,WJ Lubbe,T Bavuma,S Langa,0,0,,,,,,caught,WJ Lubbe,,
1157247,2018/19,2019-04-24,"New Wanderers Stadium, Johannesburg",1,11.4,Lions,Warriors,T Bavuma,D Pretorius,S Langa,1,0,,,,,,,,,
1157247,2018/19,2019-04-24,"New Wanderers Stadium, Johannesburg",1,11.5,Lions,Warriors,D Pretorius,T Bavuma,S Langa,0,0,,,,,,,,,
1157247,2018/19,2019-04-24,"New Wanderers Stadium, Johannesburg",1,11.6,Lions,Warriors,D Pretorius,T Bavuma,S Langa,0,0,,,,,,,,,
1157247,2018/19,2019-04-24,"New Wanderers Stadium, Johannesburg",1,12.1,Lions,Warriors,T Bavuma,D Pretorius,SSB Magala,0,0,,,,,,caught,T Bavuma,,
1157247,2018/19,2019-04-24,"New Wanderers Stadium, Johannesburg",1,12.2,Lions,Warriors,Z Pongolo,D Pretorius,SSB Magala,1,0,,,,,,,,,
1157247,2018/19,2019-04-24,"New Wanderers Stadium, Johannesburg",1,12.3,Lions,Warriors,D Pretorius,Z Pongolo,SSB Magala,1,0,,,,,,,,,
1157247,2018/19,2019-04-24,"New Wanderers Stadium, Johannesburg",1,12.4,Lions,Warriors,Z Pongolo,D Pretorius,SSB Magala,1,0,,,,,,,,,
1157247,2018/19,2019-04-24,"New Wanderers Stadium, Johannesburg",1,12.5,Lions,Warriors,D Pretorius,Z Pongolo,SSB Magala,1,0,,,,,,,,,
1157247,2018/19,2019-04-24,"New Wanderers Stadium, Johannesburg",1,12.6,Lions,Warriors,Z Pongolo,D Pretorius,SSB Magala,1,0,,,,,,,,,
1157247,2018/19,2019-04-24,"New Wanderers Stadium, Johannesburg",1,13.1,Lions,Warriors,Z Pongolo,D Pretorius,S Langa,1,0,,,,,,,,,
1157247,2018/19,2019-04-24,"New Wanderers Stadium, Johannesburg",1,13.2,Lions,Warriors,D Pretorius,Z Pongolo,S Langa,0,0,,,,,,,,,
1157247,2018/19,2019-04-24,"New Wanderers Stadium, Johannesburg",1,13.3,Lions,Warriors,D Pretorius,Z Pongolo,S Langa,1,0,,,,,,,,,
1157247,2018/19,2019-04-24,"New Wanderers Stadium, Johannesburg",1,13.4,Lions,Warriors,Z Pongolo,D Pretorius,S Langa,0,0,,,,,,,,,
1157247,2018/19,2019-04-24,"New Wanderers Stadium, Johannesburg",1,13.5,Lions,Warriors,Z Pongolo,D Pretorius,S Langa,1,0,,,,,,,,,
1157247,2018/19,2019-04-24,"New Wanderers Stadium, Johannesburg",1,13.6,Lions,Warriors,D Pretorius,Z Pongolo,S Langa,1,0,,,,,,,,,
1157247,2018/19,2019-04-24,"New Wanderers Stadium, Johannesburg",1,14.1,Lions,Warriors,D Pretorius,Z Pongolo,SSB Magala,0,0,,,,,,,,,
1157247,2018/19,2019-04-24,"New Wanderers Stadium, Johannesburg",1,14.2,Lions,Warriors,D Pretorius,Z Pongolo,SSB Magala,4,0,,,,,,,,,
1157247,2018/19,2019-04-24,"New Wanderers Stadium, Johannesburg",1,14.3,Lions,Warriors,D Pretorius,Z Pongolo,SSB Magala,0,0,,,,,,,,,
1157247,2018/19,2019-04-24,"New Wanderers Stadium, Johannesburg",1,14.4,Lions,Warriors,D Pretorius,Z Pongolo,SSB Magala,4,0,,,,,,,,,
1157247,2018/19,2019-04-24,"New Wanderers Stadium, Johannesburg",1,14.5,Lions,Warriors,D Pretorius,Z Pongolo,SSB Magala,1,0,,,,,,,,,
1157247,2018/19,2019-04-24,"New Wanderers Stadium, Johannesburg",1,14.6,Lions,Warriors,Z Pongolo,D Pretorius,SSB Magala,1,0,,,,,,,,,
1157247,2018/19,2019-04-24,"New Wanderers Stadium, Johannesburg",1,15.1,Lions,Warriors,Z Pongolo,D Pretorius,JT Smuts,1,0,,,,,,,,,
1157247,2018/19,2019-04-24,"New Wanderers Stadium, Johannesburg",1,15.2,Lions,Warriors,D Pretorius,Z Pongolo,JT Smuts,1,0,,,,,,,,,
1157247,2018/19,2019-04-24,"New Wanderers Stadium, Johannesburg",1,15.3,Lions,Warriors,Z Pongolo,D Pretorius,JT Smuts,0,0,,,,,,,,,
1157247,2018/19,2019-04-24,"New Wanderers Stadium, Johannesburg",1,15.4,Lions,Warriors,Z Pongolo,D Pretorius,JT Smuts,1,0,,,,,,,,,
1157247,2018/19,2019-04-24,"New Wanderers Stadium, Johannesburg",1,15.5,Lions,Warriors,D Pretorius,Z Pongolo,JT Smuts,1,0,,,,,,,,,
1157247,2018/19,2019-04-24,"New Wanderers Stadium, Johannesburg",1,15.6,Lions,Warriors,Z Pongolo,D Pretorius,JT Smuts,1,0,,,,,,,,,
1157247,2018/19,2019-04-24,"New Wanderers Stadium, Johannesburg",1,16.1,Lions,Warriors,Z Pongolo,D Pretorius,SSB Magala,1,0,,,,,,,,,
1157247,2018/19,2019-04-24,"New Wanderers Stadium, Johannesburg",1,16.2,Lions,Warriors,D Pretorius,Z Pongolo,SSB Magala,1,1,,1,,,,,,,
1157247,2018/19,2019-04-24,"New Wanderers Stadium, Johannesburg",1,16.3,Lions,Warriors,Z Pongolo,D Pretorius,SSB Magala,1,0,,,,,,,,,
1157247,2018/19,2019-04-24,"New Wanderers Stadium, Johannesburg",1,16.4,Lions,Warriors,D Pretorius,Z Pongolo,SSB Magala,4,0,,,,,,,,,
1157247,2018/19,2019-04-24,"New Wanderers Stadium, Johannesburg",1,16.5,Lions,Warriors,D Pretorius,Z Pongolo,SSB Magala,0,0,,,,,,,,,
1157247,2018/19,2019-04-24,"New Wanderers Stadium, Johannesburg",1,16.6,Lions,Warriors,D Pretorius,Z Pongolo,SSB Magala,6,0,,,,,,,,,
1157247,2018/19,2019-04-24,"New Wanderers Stadium, Johannesburg",1,16.7,Lions,Warriors,D Pretorius,Z Pongolo,SSB Magala,2,0,,,,,,,,,
1157247,2018/19,2019-04-24,"New Wanderers Stadium, Johannesburg",1,17.1,Lions,Warriors,Z Pongolo,D Pretorius,L Sipamla,1,0,,,,,,,,,
1157247,2018/19,2019-04-24,"New Wanderers Stadium, Johannesburg",1,17.2,Lions,Warriors,D Pretorius,Z Pongolo,L Sipamla,4,0,,,,,,,,,
1157247,2018/19,2019-04-24,"New Wanderers Stadium, Johannesburg",1,17.3,Lions,Warriors,D Pretorius,Z Pongolo,L Sipamla,0,0,,,,,,,,,
1157247,2018/19,2019-04-24,"New Wanderers Stadium, Johannesburg",1,17.4,Lions,Warriors,D Pretorius,Z Pongolo,L Sipamla,1,0,,,,,,,,,
1157247,2018/19,2019-04-24,"New Wanderers Stadium, Johannesburg",1,17.5,Lions,Warriors,Z Pongolo,D Pretorius,L Sipamla,0,0,,,,,,,,,
1157247,2018/19,2019-04-24,"New Wanderers Stadium, Johannesburg",1,17.6,Lions,Warriors,Z Pongolo,D Pretorius,L Sipamla,1,0,,,,,,,,,
1157247,2018/19,2019-04-24,"New Wanderers Stadium, Johannesburg",1,18.1,Lions,Warriors,Z Pongolo,D Pretorius,ACR Birch,4,0,,,,,,,,,
1157247,2018/19,2019-04-24,"New Wanderers Stadium, Johannesburg",1,18.2,Lions,Warriors,Z Pongolo,D Pretorius,ACR Birch,6,0,,,,,,,,,
1157247,2018/19,2019-04-24,"New Wanderers Stadium, Johannesburg",1,18.3,Lions,Warriors,Z Pongolo,D Pretorius,ACR Birch,4,0,,,,,,,,,
1157247,2018/19,2019-04-24,"New Wanderers Stadium, Johannesburg",1,18.4,Lions,Warriors,Z Pongolo,D Pretorius,ACR Birch,4,0,,,,,,,,,
1157247,2018/19,2019-04-24,"New Wanderers Stadium, Johannesburg",1,18.5,Lions,Warriors,Z Pongolo,D Pretorius,ACR Birch,0,0,,,,,,,,,
1157247,2018/19,2019-04-24,"New Wanderers Stadium, Johannesburg",1,18.6,Lions,Warriors,Z Pongolo,D Pretorius,ACR Birch,2,0,,,,,,,,,
1157247,2018/19,2019-04-24,"New Wanderers Stadium, Johannesburg",1,19.1,Lions,Warriors,D Pretorius,Z Pongolo,L Sipamla,1,0,,,,,,run out,Z Pongolo,,
1157247,2018/19,2019-04-24,"New Wanderers Stadium, Johannesburg",1,19.2,Lions,Warriors,M Pretorius,D Pretorius,L Sipamla,1,0,,,,,,,,,
1157247,2018/19,2019-04-24,"New Wanderers Stadium, Johannesburg",1,19.3,Lions,Warriors,D Pretorius,M Pretorius,L Sipamla,0,0,,,,,,,,,
1157247,2018/19,2019-04-24,"New Wanderers Stadium, Johannesburg",1,19.4,Lions,Warriors,D Pretorius,M Pretorius,L Sipamla,6,0,,,,,,,,,
1157247,2018/19,2019-04-24,"New Wanderers Stadium, Johannesburg",1,19.5,Lions,Warriors,D Pretorius,M Pretorius,L Sipamla,4,0,,,,,,,,,
1157247,2018/19,2019-04-24,"New Wanderers Stadium, Johannesburg",1,19.6,Lions,Warriors,D Pretorius,M Pretorius,L Sipamla,4,0,,,,,,,,,
1157247,2018/19,2019-04-24,"New Wanderers Stadium, Johannesburg",2,0.1,Warriors,Lions,MP Breetzke,GL Cloete,BC Fortuin,0,0,,,,,,,,,
1157247,2018/19,2019-04-24,"New Wanderers Stadium, Johannesburg",2,0.2,Warriors,Lions,MP Breetzke,GL Cloete,BC Fortuin,0,0,,,,,,,,,
1157247,2018/19,2019-04-24,"New Wanderers Stadium, Johannesburg",2,0.3,Warriors,Lions,MP Breetzke,GL Cloete,BC Fortuin,0,0,,,,,,,,,
1157247,2018/19,2019-04-24,"New Wanderers Stadium, Johannesburg",2,0.4,Warriors,Lions,MP Breetzke,GL Cloete,BC Fortuin,0,0,,,,,,,,,
1157247,2018/19,2019-04-24,"New Wanderers Stadium, Johannesburg",2,0.5,Warriors,Lions,MP Breetzke,GL Cloete,BC Fortuin,1,0,,,,,,,,,
1157247,2018/19,2019-04-24,"New Wanderers Stadium, Johannesburg",2,0.6,Warriors,Lions,GL Cloete,MP Breetzke,BC Fortuin,0,0,,,,,,,,,
1157247,2018/19,2019-04-24,"New Wanderers Stadium, Johannesburg",2,1.1,Warriors,Lions,MP Breetzke,GL Cloete,M Pretorius,0,0,,,,,,,,,
1157247,2018/19,2019-04-24,"New Wanderers Stadium, Johannesburg",2,1.2,Warriors,Lions,MP Breetzke,GL Cloete,M Pretorius,1,0,,,,,,,,,
1157247,2018/19,2019-04-24,"New Wanderers Stadium, Johannesburg",2,1.3,Warriors,Lions,GL Cloete,MP Breetzke,M Pretorius,0,0,,,,,,,,,
1157247,2018/19,2019-04-24,"New Wanderers Stadium, Johannesburg",2,1.4,Warriors,Lions,GL Cloete,MP Breetzke,M Pretorius,4,0,,,,,,,,,
1157247,2018/19,2019-04-24,"New Wanderers Stadium, Johannesburg",2,1.5,Warriors,Lions,GL Cloete,MP Breetzke,M Pretorius,0,0,,,,,,,,,
1157247,2018/19,2019-04-24,"New Wanderers Stadium, Johannesburg",2,1.6,Warriors,Lions,GL Cloete,MP Breetzke,M Pretorius,0,0,,,,,,,,,
1157247,2018/19,2019-04-24,"New Wanderers Stadium, Johannesburg",2,2.1,Warriors,Lions,MP Breetzke,GL Cloete,BC Fortuin,0,1,,,,1,,,,,
1157247,2018/19,2019-04-24,"New Wanderers Stadium, Johannesburg",2,2.2,Warriors,Lions,GL Cloete,MP Breetzke,BC Fortuin,4,0,,,,,,,,,
1157247,2018/19,2019-04-24,"New Wanderers Stadium, Johannesburg",2,2.3,Warriors,Lions,GL Cloete,MP Breetzke,BC Fortuin,0,0,,,,,,,,,
1157247,2018/19,2019-04-24,"New Wanderers Stadium, Johannesburg",2,2.4,Warriors,Lions,GL Cloete,MP Breetzke,BC Fortuin,1,0,,,,,,,,,
1157247,2018/19,2019-04-24,"New Wanderers Stadium, Johannesburg",2,2.5,Warriors,Lions,MP Breetzke,GL Cloete,BC Fortuin,0,0,,,,,,,,,
1157247,2018/19,2019-04-24,"New Wanderers Stadium, Johannesburg",2,2.6,Warriors,Lions,MP Breetzke,GL Cloete,BC Fortuin,4,0,,,,,,,,,
1157247,2018/19,2019-04-24,"New Wanderers Stadium, Johannesburg",2,3.1,Warriors,Lions,GL Cloete,MP Breetzke,M Pretorius,1,0,,,,,,,,,
1157247,2018/19,2019-04-24,"New Wanderers Stadium, Johannesburg",2,3.2,Warriors,Lions,MP Breetzke,GL Cloete,M Pretorius,0,0,,,,,,,,,
1157247,2018/19,2019-04-24,"New Wanderers Stadium, Johannesburg",2,3.3,Warriors,Lions,MP Breetzke,GL Cloete,M Pretorius,1,0,,,,,,,,,
1157247,2018/19,2019-04-24,"New Wanderers Stadium, Johannesburg",2,3.4,Warriors,Lions,GL Cloete,MP Breetzke,M Pretorius,1,0,,,,,,,,,
1157247,2018/19,2019-04-24,"New Wanderers Stadium, Johannesburg",2,3.5,Warriors,Lions,MP Breetzke,GL Cloete,M Pretorius,0,0,,,,,,,,,
1157247,2018/19,2019-04-24,"New Wanderers Stadium, Johannesburg",2,3.6,Warriors,Lions,MP Breetzke,GL Cloete,M Pretorius,6,0,,,,,,,,,
1157247,2018/19,2019-04-24,"New Wanderers Stadium, Johannesburg",2,4.1,Warriors,Lions,GL Cloete,MP Breetzke,D Pretorius,4,0,,,,,,,,,
1157247,2018/19,2019-04-24,"New Wanderers Stadium, Johannesburg",2,4.2,Warriors,Lions,GL Cloete,MP Breetzke,D Pretorius,1,0,,,,,,,,,
1157247,2018/19,2019-04-24,"New Wanderers Stadium, Johannesburg",2,4.3,Warriors,Lions,MP Breetzke,GL Cloete,D Pretorius,1,0,,,,,,,,,
1157247,2018/19,2019-04-24,"New Wanderers Stadium, Johannesburg",2,4.4,Warriors,Lions,GL Cloete,MP Breetzke,D Pretorius,2,0,,,,,,,,,
1157247,2018/19,2019-04-24,"New Wanderers Stadium, Johannesburg",2,4.5,Warriors,Lions,GL Cloete,MP Breetzke,D Pretorius,4,0,,,,,,,,,
1157247,2018/19,2019-04-24,"New Wanderers Stadium, Johannesburg",2,4.6,Warriors,Lions,GL Cloete,MP Breetzke,D Pretorius,4,0,,,,,,,,,
1157247,2018/19,2019-04-24,"New Wanderers Stadium, Johannesburg",2,5.1,Warriors,Lions,MP Breetzke,GL Cloete,MP Siboto,1,0,,,,,,,,,
1157247,2018/19,2019-04-24,"New Wanderers Stadium, Johannesburg",2,5.2,Warriors,Lions,GL Cloete,MP Breetzke,MP Siboto,0,0,,,,,,,,,
1157247,2018/19,2019-04-24,"New Wanderers Stadium, Johannesburg",2,5.3,Warriors,Lions,GL Cloete,MP Breetzke,MP Siboto,6,0,,,,,,,,,
1157247,2018/19,2019-04-24,"New Wanderers Stadium, Johannesburg",2,5.4,Warriors,Lions,GL Cloete,MP Breetzke,MP Siboto,1,0,,,,,,,,,
1157247,2018/19,2019-04-24,"New Wanderers Stadium, Johannesburg",2,5.5,Warriors,Lions,MP Breetzke,GL Cloete,MP Siboto,0,0,,,,,,,,,
1157247,2018/19,2019-04-24,"New Wanderers Stadium, Johannesburg",2,5.6,Warriors,Lions,MP Breetzke,GL Cloete,MP Siboto,2,0,,,,,,,,,
1157247,2018/19,2019-04-24,"New Wanderers Stadium, Johannesburg",2,6.1,Warriors,Lions,GL Cloete,MP Breetzke,AM Phangiso,4,0,,,,,,,,,
1157247,2018/19,2019-04-24,"New Wanderers Stadium, Johannesburg",2,6.2,Warriors,Lions,GL Cloete,MP Breetzke,AM Phangiso,1,0,,,,,,,,,
1157247,2018/19,2019-04-24,"New Wanderers Stadium, Johannesburg",2,6.3,Warriors,Lions,MP Breetzke,GL Cloete,AM Phangiso,1,0,,,,,,,,,
1157247,2018/19,2019-04-24,"New Wanderers Stadium, Johannesburg",2,6.4,Warriors,Lions,GL Cloete,MP Breetzke,AM Phangiso,0,0,,,,,,,,,
1157247,2018/19,2019-04-24,"New Wanderers Stadium, Johannesburg",2,6.5,Warriors,Lions,GL Cloete,MP Breetzke,AM Phangiso,1,0,,,,,,,,,
1157247,2018/19,2019-04-24,"New Wanderers Stadium, Johannesburg",2,6.6,Warriors,Lions,MP Breetzke,GL Cloete,AM Phangiso,4,0,,,,,,,,,
1157247,2018/19,2019-04-24,"New Wanderers Stadium, Johannesburg",2,7.1,Warriors,Lions,GL Cloete,MP Breetzke,MP Siboto,1,0,,,,,,,,,
1157247,2018/19,2019-04-24,"New Wanderers Stadium, Johannesburg",2,7.2,Warriors,Lions,MP Breetzke,GL Cloete,MP Siboto,4,0,,,,,,,,,
1157247,2018/19,2019-04-24,"New Wanderers Stadium, Johannesburg",2,7.3,Warriors,Lions,MP Breetzke,GL Cloete,MP Siboto,0,0,,,,,,,,,
1157247,2018/19,2019-04-24,"New Wanderers Stadium, Johannesburg",2,7.4,Warriors,Lions,MP Breetzke,GL Cloete,MP Siboto,0,0,,,,,,,,,
1157247,2018/19,2019-04-24,"New Wanderers Stadium, Johannesburg",2,7.5,Warriors,Lions,MP Breetzke,GL Cloete,MP Siboto,4,0,,,,,,,,,
1157247,2018/19,2019-04-24,"New Wanderers Stadium, Johannesburg",2,7.6,Warriors,Lions,MP Breetzke,GL Cloete,MP Siboto,0,1,1,,,,,,,,
1157247,2018/19,2019-04-24,"New Wanderers Stadium, Johannesburg",2,7.7,Warriors,Lions,MP Breetzke,GL Cloete,MP Siboto,1,0,,,,,,,,,
1157247,2018/19,2019-04-24,"New Wanderers Stadium, Johannesburg",2,8.1,Warriors,Lions,MP Breetzke,GL Cloete,AM Phangiso,2,0,,,,,,,,,
1157247,2018/19,2019-04-24,"New Wanderers Stadium, Johannesburg",2,8.2,Warriors,Lions,MP Breetzke,GL Cloete,AM Phangiso,1,0,,,,,,,,,
1157247,2018/19,2019-04-24,"New Wanderers Stadium, Johannesburg",2,8.3,Warriors,Lions,GL Cloete,MP Breetzke,AM Phangiso,1,0,,,,,,,,,
1157247,2018/19,2019-04-24,"New Wanderers Stadium, Johannesburg",2,8.4,Warriors,Lions,MP Breetzke,GL Cloete,AM Phangiso,6,0,,,,,,,,,
1157247,2018/19,2019-04-24,"New Wanderers Stadium, Johannesburg",2,8.5,Warriors,Lions,MP Breetzke,GL Cloete,AM Phangiso,3,0,,,,,,,,,
1157247,2018/19,2019-04-24,"New Wanderers Stadium, Johannesburg",2,8.6,Warriors,Lions,GL Cloete,MP Breetzke,AM Phangiso,4,0,,,,,,,,,
1157247,2018/19,2019-04-24,"New Wanderers Stadium, Johannesburg",2,9.1,Warriors,Lions,MP Breetzke,GL Cloete,Z Pongolo,1,0,,,,,,,,,
1157247,2018/19,2019-04-24,"New Wanderers Stadium, Johannesburg",2,9.2,Warriors,Lions,GL Cloete,MP Breetzke,Z Pongolo,0,0,,,,,,,,,
1157247,2018/19,2019-04-24,"New Wanderers Stadium, Johannesburg",2,9.3,Warriors,Lions,GL Cloete,MP Breetzke,Z Pongolo,1,0,,,,,,,,,
1157247,2018/19,2019-04-24,"New Wanderers Stadium, Johannesburg",2,9.4,Warriors,Lions,MP Breetzke,GL Cloete,Z Pongolo,0,5,5,,,,,,,,
1157247,2018/19,2019-04-24,"New Wanderers Stadium, Johannesburg",2,9.5,Warriors,Lions,MP Breetzke,GL Cloete,Z Pongolo,1,0,,,,,,,,,
1157247,2018/19,2019-04-24,"New Wanderers Stadium, Johannesburg",2,9.6,Warriors,Lions,GL Cloete,MP Breetzke,Z Pongolo,6,0,,,,,,,,,
1157247,2018/19,2019-04-24,"New Wanderers Stadium, Johannesburg",2,9.7,Warriors,Lions,GL Cloete,MP Breetzke,Z Pongolo,1,0,,,,,,,,,
1157247,2018/19,2019-04-24,"New Wanderers Stadium, Johannesburg",2,10.1,Warriors,Lions,GL Cloete,MP Breetzke,BC Fortuin,0,0,,,,,,,,,
1157247,2018/19,2019-04-24,"New Wanderers Stadium, Johannesburg",2,10.2,Warriors,Lions,GL Cloete,MP Breetzke,BC Fortuin,0,0,,,,,,,,,
1157247,2018/19,2019-04-24,"New Wanderers Stadium, Johannesburg",2,10.3,Warriors,Lions,GL Cloete,MP Breetzke,BC Fortuin,1,0,,,,,,,,,
1157247,2018/19,2019-04-24,"New Wanderers Stadium, Johannesburg",2,10.4,Warriors,Lions,MP Breetzke,GL Cloete,BC Fortuin,1,0,,,,,,,,,
1157247,2018/19,2019-04-24,"New Wanderers Stadium, Johannesburg",2,10.5,Warriors,Lions,GL Cloete,MP Breetzke,BC Fortuin,0,0,,,,,,bowled,GL Cloete,,
1157247,2018/19,2019-04-24,"New Wanderers Stadium, Johannesburg",2,10.6,Warriors,Lions,JT Smuts,MP Breetzke,BC Fortuin,0,0,,,,,,,,,
1157247,2018/19,2019-04-24,"New Wanderers Stadium, Johannesburg",2,11.1,Warriors,Lions,MP Breetzke,JT Smuts,M Pretorius,4,0,,,,,,,,,
1157247,2018/19,2019-04-24,"New Wanderers Stadium, Johannesburg",2,11.2,Warriors,Lions,MP Breetzke,JT Smuts,M Pretorius,0,0,,,,,,,,,
1157247,2018/19,2019-04-24,"New Wanderers Stadium, Johannesburg",2,11.3,Warriors,Lions,MP Breetzke,JT Smuts,M Pretorius,1,0,,,,,,,,,
1157247,2018/19,2019-04-24,"New Wanderers Stadium, Johannesburg",2,11.4,Warriors,Lions,JT Smuts,MP Breetzke,M Pretorius,0,0,,,,,,,,,
1157247,2018/19,2019-04-24,"New Wanderers Stadium, Johannesburg",2,11.5,Warriors,Lions,JT Smuts,MP Breetzke,M Pretorius,0,0,,,,,,,,,
1157247,2018/19,2019-04-24,"New Wanderers Stadium, Johannesburg",2,11.6,Warriors,Lions,JT Smuts,MP Breetzke,M Pretorius,0,0,,,,,,,,,
1157247,2018/19,2019-04-24,"New Wanderers Stadium, Johannesburg",2,12.1,Warriors,Lions,MP Breetzke,JT Smuts,BC Fortuin,2,0,,,,,,,,,
1157247,2018/19,2019-04-24,"New Wanderers Stadium, Johannesburg",2,12.2,Warriors,Lions,MP Breetzke,JT Smuts,BC Fortuin,1,1,,1,,,,,,,
1157247,2018/19,2019-04-24,"New Wanderers Stadium, Johannesburg",2,12.3,Warriors,Lions,JT Smuts,MP Breetzke,BC Fortuin,1,0,,,,,,,,,
1157247,2018/19,2019-04-24,"New Wanderers Stadium, Johannesburg",2,12.4,Warriors,Lions,MP Breetzke,JT Smuts,BC Fortuin,6,0,,,,,,,,,
1157247,2018/19,2019-04-24,"New Wanderers Stadium, Johannesburg",2,12.5,Warriors,Lions,MP Breetzke,JT Smuts,BC Fortuin,3,0,,,,,,,,,
1157247,2018/19,2019-04-24,"New Wanderers Stadium, Johannesburg",2,12.6,Warriors,Lions,JT Smuts,MP Breetzke,BC Fortuin,1,0,,,,,,,,,
1157247,2018/19,2019-04-24,"New Wanderers Stadium, Johannesburg",2,12.7,Warriors,Lions,MP Breetzke,JT Smuts,BC Fortuin,0,0,,,,,,,,,
1157247,2018/19,2019-04-24,"New Wanderers Stadium, Johannesburg",2,13.1,Warriors,Lions,JT Smuts,MP Breetzke,D Pretorius,1,0,,,,,,,,,
1157247,2018/19,2019-04-24,"New Wanderers Stadium, Johannesburg",2,13.2,Warriors,Lions,MP Breetzke,JT Smuts,D Pretorius,2,0,,,,,,,,,
1157247,2018/19,2019-04-24,"New Wanderers Stadium, Johannesburg",2,13.3,Warriors,Lions,MP Breetzke,JT Smuts,D Pretorius,0,0,,,,,,,,,
1157247,2018/19,2019-04-24,"New Wanderers Stadium, Johannesburg",2,13.4,Warriors,Lions,MP Breetzke,JT Smuts,D Pretorius,1,0,,,,,,,,,
1157247,2018/19,2019-04-24,"New Wanderers Stadium, Johannesburg",2,13.5,Warriors,Lions,JT Smuts,MP Breetzke,D Pretorius,6,0,,,,,,,,,
1157247,2018/19,2019-04-24,"New Wanderers Stadium, Johannesburg",2,13.6,Warriors,Lions,JT Smuts,MP Breetzke,D Pretorius,1,0,,,,,,,,,
1157247,2018/19,2019-04-24,"New Wanderers Stadium, Johannesburg",2,14.1,Warriors,Lions,JT Smuts,MP Breetzke,MP Siboto,1,0,,,,,,,,,
1157247,2018/19,2019-04-24,"New Wanderers Stadium, Johannesburg",2,14.2,Warriors,Lions,MP Breetzke,JT Smuts,MP Siboto,0,0,,,,,,,,,
1157247,2018/19,2019-04-24,"New Wanderers Stadium, Johannesburg",2,14.3,Warriors,Lions,MP Breetzke,JT Smuts,MP Siboto,6,0,,,,,,,,,
