match_id,season,start_date,venue,innings,ball,batting_team,bowling_team,striker,non_striker,bowler,runs_off_bat,extras,wides,noballs,byes,legbyes,penalty,wicket_type,player_dismissed,other_wicket_type,other_player_dismissed
1157225,2018/19,2019-04-06,"Kingsmead, Durban",1,0.1,Knights,Dolphins,PE Kruger,AR Swanepoel,E Bosch,0,0,,,,,,,,,
1157225,2018/19,2019-04-06,"Kingsmead, Durban",1,0.2,Knights,Dolphins,PE Kruger,AR Swanepoel,E Bosch,0,0,,,,,,,,,
1157225,2018/19,2019-04-06,"Kingsmead, Durban",1,0.3,Knights,Dolphins,PE Kruger,AR Swanepoel,E Bosch,2,0,,,,,,,,,
1157225,2018/19,2019-04-06,"Kingsmead, Durban",1,0.4,Knights,Dolphins,PE Kruger,AR Swanepoel,E Bosch,2,0,,,,,,,,,
1157225,2018/19,2019-04-06,"Kingsmead, Durban",1,0.5,Knights,Dolphins,PE Kruger,AR Swanepoel,E Bosch,0,0,,,,,,,,,
1157225,2018/19,2019-04-06,"Kingsmead, Durban",1,0.6,Knights,Dolphins,PE Kruger,AR Swanepoel,E Bosch,2,0,,,,,,,,,
1157225,2018/19,2019-04-06,"Kingsmead, Durban",1,1.1,Knights,Dolphins,AR Swanepoel,PE Kruger,DM Dupavillon,0,0,,,,,,,,,
1157225,2018/19,2019-04-06,"Kingsmead, Durban",1,1.2,Knights,Dolphins,AR Swanepoel,PE Kruger,DM Dupavillon,4,0,,,,,,,,,
1157225,2018/19,2019-04-06,"Kingsmead, Durban",1,1.3,Knights,Dolphins,AR Swanepoel,PE Kruger,DM Dupavillon,0,0,,,,,,,,,
1157225,2018/19,2019-04-06,"Kingsmead, Durban",1,1.4,Knights,Dolphins,AR Swanepoel,PE Kruger,DM Dupavillon,0,0,,,,,,,,,
1157225,2018/19,2019-04-06,"Kingsmead, Durban",1,1.5,Knights,Dolphins,AR Swanepoel,PE Kruger,DM Dupavillon,0,0,,,,,,,,,
1157225,2018/19,2019-04-06,"Kingsmead, Durban",1,1.6,Knights,Dolphins,AR Swanepoel,PE Kruger,DM Dupavillon,0,0,,,,,,,,,
1157225,2018/19,2019-04-06,"Kingsmead, Durban",1,2.1,Knights,Dolphins,PE Kruger,AR Swanepoel,E Bosch,2,0,,,,,,,,,
1157225,2018/19,2019-04-06,"Kingsmead, Durban",1,2.2,Knights,Dolphins,PE Kruger,AR Swanepoel,E Bosch,4,0,,,,,,,,,
1157225,2018/19,2019-04-06,"Kingsmead, Durban",1,2.3,Knights,Dolphins,PE Kruger,AR Swanepoel,E Bosch,1,0,,,,,,,,,
1157225,2018/19,2019-04-06,"Kingsmead, Durban",1,2.4,Knights,Dolphins,AR Swanepoel,PE Kruger,E Bosch,2,0,,,,,,,,,
1157225,2018/19,2019-04-06,"Kingsmead, Durban",1,2.5,Knights,Dolphins,AR Swanepoel,PE Kruger,E Bosch,0,0,,,,,,,,,
1157225,2018/19,2019-04-06,"Kingsmead, Durban",1,2.6,Knights,Dolphins,AR Swanepoel,PE Kruger,E Bosch,1,0,,,,,,,,,
1157225,2018/19,2019-04-06,"Kingsmead, Durban",1,3.1,Knights,Dolphins,AR Swanepoel,PE Kruger,LM Zuma,4,0,,,,,,,,,
1157225,2018/19,2019-04-06,"Kingsmead, Durban",1,3.2,Knights,Dolphins,AR Swanepoel,PE Kruger,LM Zuma,6,0,,,,,,,,,
1157225,2018/19,2019-04-06,"Kingsmead, Durban",1,3.3,Knights,Dolphins,AR Swanepoel,PE Kruger,LM Zuma,0,1,1,,,,,,,,
1157225,2018/19,2019-04-06,"Kingsmead, Durban",1,3.4,Knights,Dolphins,AR Swanepoel,PE Kruger,LM Zuma,0,0,,,,,,,,,
1157225,2018/19,2019-04-06,"Kingsmead, Durban",1,3.5,Knights,Dolphins,AR Swanepoel,PE Kruger,LM Zuma,6,0,,,,,,,,,
1157225,2018/19,2019-04-06,"Kingsmead, Durban",1,3.6,Knights,Dolphins,AR Swanepoel,PE Kruger,LM Zuma,6,0,,,,,,,,,
1157225,2018/19,2019-04-06,"Kingsmead, Durban",1,3.7,Knights,Dolphins,AR Swanepoel,PE Kruger,LM Zuma,0,1,1,,,,,,,,
1157225,2018/19,2019-04-06,"Kingsmead, Durban",1,3.8,Knights,Dolphins,AR Swanepoel,PE Kruger,LM Zuma,1,0,,,,,,,,,
1157225,2018/19,2019-04-06,"Kingsmead, Durban",1,4.1,Knights,Dolphins,AR Swanepoel,PE Kruger,DM Dupavillon,0,0,,,,,,,,,
1157225,2018/19,2019-04-06,"Kingsmead, Durban",1,4.2,Knights,Dolphins,AR Swanepoel,PE Kruger,DM Dupavillon,0,0,,,,,,,,,
1157225,2018/19,2019-04-06,"Kingsmead, Durban",1,4.3,Knights,Dolphins,AR Swanepoel,PE Kruger,DM Dupavillon,1,0,,,,,,,,,
1157225,2018/19,2019-04-06,"Kingsmead, Durban",1,4.4,Knights,Dolphins,PE Kruger,AR Swanepoel,DM Dupavillon,0,0,,,,,,bowled,PE Kruger,,
1157225,2018/19,2019-04-06,"Kingsmead, Durban",1,4.5,Knights,Dolphins,RS Second,AR Swanepoel,DM Dupavillon,0,0,,,,,,,,,
1157225,2018/19,2019-04-06,"Kingsmead, Durban",1,4.6,Knights,Dolphins,RS Second,AR Swanepoel,DM Dupavillon,1,0,,,,,,,,,
1157225,2018/19,2019-04-06,"Kingsmead, Durban",1,5.1,Knights,Dolphins,RS Second,AR Swanepoel,LM Zuma,2,0,,,,,,,,,
1157225,2018/19,2019-04-06,"Kingsmead, Durban",1,5.2,Knights,Dolphins,RS Second,AR Swanepoel,LM Zuma,6,0,,,,,,,,,
1157225,2018/19,2019-04-06,"Kingsmead, Durban",1,5.3,Knights,Dolphins,RS Second,AR Swanepoel,LM Zuma,1,0,,,,,,,,,
1157225,2018/19,2019-04-06,"Kingsmead, Durban",1,5.4,Knights,Dolphins,AR Swanepoel,RS Second,LM Zuma,0,0,,,,,,caught,AR Swanepoel,,
1157225,2018/19,2019-04-06,"Kingsmead, Durban",1,5.5,Knights,Dolphins,RS Second,AGS Gous,LM Zuma,0,0,,,,,,,,,
1157225,2018/19,2019-04-06,"Kingsmead, Durban",1,5.6,Knights,Dolphins,RS Second,AGS Gous,LM Zuma,1,0,,,,,,,,,
1157225,2018/19,2019-04-06,"Kingsmead, Durban",1,6.1,Knights,Dolphins,RS Second,AGS Gous,P Subrayen,1,0,,,,,,,,,
1157225,2018/19,2019-04-06,"Kingsmead, Durban",1,6.2,Knights,Dolphins,AGS Gous,RS Second,P Subrayen,1,0,,,,,,,,,
1157225,2018/19,2019-04-06,"Kingsmead, Durban",1,6.3,Knights,Dolphins,RS Second,AGS Gous,P Subrayen,1,0,,,,,,,,,
1157225,2018/19,2019-04-06,"Kingsmead, Durban",1,6.4,Knights,Dolphins,AGS Gous,RS Second,P Subrayen,1,0,,,,,,,,,
1157225,2018/19,2019-04-06,"Kingsmead, Durban",1,6.5,Knights,Dolphins,RS Second,AGS Gous,P Subrayen,1,0,,,,,,,,,
1157225,2018/19,2019-04-06,"Kingsmead, Durban",1,6.6,Knights,Dolphins,AGS Gous,RS Second,P Subrayen,0,0,,,,,,,,,
1157225,2018/19,2019-04-06,"Kingsmead, Durban",1,7.1,Knights,Dolphins,RS Second,AGS Gous,KA Maharaj,0,0,,,,,,,,,
1157225,2018/19,2019-04-06,"Kingsmead, Durban",1,7.2,Knights,Dolphins,RS Second,AGS Gous,KA Maharaj,1,0,,,,,,,,,
1157225,2018/19,2019-04-06,"Kingsmead, Durban",1,7.3,Knights,Dolphins,AGS Gous,RS Second,KA Maharaj,0,0,,,,,,,,,
1157225,2018/19,2019-04-06,"Kingsmead, Durban",1,7.4,Knights,Dolphins,AGS Gous,RS Second,KA Maharaj,0,0,,,,,,,,,
1157225,2018/19,2019-04-06,"Kingsmead, Durban",1,7.5,Knights,Dolphins,AGS Gous,RS Second,KA Maharaj,0,0,,,,,,,,,
1157225,2018/19,2019-04-06,"Kingsmead, Durban",1,7.6,Knights,Dolphins,AGS Gous,RS Second,KA Maharaj,0,0,,,,,,,,,
1157225,2018/19,2019-04-06,"Kingsmead, Durban",1,8.1,Knights,Dolphins,RS Second,AGS Gous,P Subrayen,1,0,,,,,,,,,
1157225,2018/19,2019-04-06,"Kingsmead, Durban",1,8.2,Knights,Dolphins,AGS Gous,RS Second,P Subrayen,0,0,,,,,,,,,
1157225,2018/19,2019-04-06,"Kingsmead, Durban",1,8.3,Knights,Dolphins,AGS Gous,RS Second,P Subrayen,0,1,1,,,,,stumped,AGS Gous,,
1157225,2018/19,2019-04-06,"Kingsmead, Durban",1,8.4,Knights,Dolphins,PJ van Biljon,RS Second,P Subrayen,4,0,,,,,,,,,
1157225,2018/19,2019-04-06,"Kingsmead, Durban",1,8.5,Knights,Dolphins,PJ van Biljon,RS Second,P Subrayen,0,0,,,,,,,,,
1157225,2018/19,2019-04-06,"Kingsmead, Durban",1,8.6,Knights,Dolphins,PJ van Biljon,RS Second,P Subrayen,0,0,,,,,,,,,
1157225,2018/19,2019-04-06,"Kingsmead, Durban",1,8.7,Knights,Dolphins,PJ van Biljon,RS Second,P Subrayen,0,0,,,,,,,,,
1157225,2018/19,2019-04-06,"Kingsmead, Durban",1,9.1,Knights,Dolphins,RS Second,PJ van Biljon,KA Maharaj,1,0,,,,,,,,,
1157225,2018/19,2019-04-06,"Kingsmead, Durban",1,9.2,Knights,Dolphins,PJ van Biljon,RS Second,KA Maharaj,0,0,,,,,,,,,
1157225,2018/19,2019-04-06,"Kingsmead, Durban",1,9.3,Knights,Dolphins,PJ van Biljon,RS Second,KA Maharaj,2,0,,,,,,,,,
1157225,2018/19,2019-04-06,"Kingsmead, Durban",1,9.4,Knights,Dolphins,PJ van Biljon,RS Second,KA Maharaj,2,0,,,,,,,,,
1157225,2018/19,2019-04-06,"Kingsmead, Durban",1,9.5,Knights,Dolphins,PJ van Biljon,RS Second,KA Maharaj,2,0,,,,,,,,,
1157225,2018/19,2019-04-06,"Kingsmead, Durban",1,9.6,Knights,Dolphins,PJ van Biljon,RS Second,KA Maharaj,0,0,,,,,,,,,
1157225,2018/19,2019-04-06,"Kingsmead, Durban",1,10.1,Knights,Dolphins,RS Second,PJ van Biljon,P Subrayen,0,0,,,,,,caught,RS Second,,
1157225,2018/19,2019-04-06,"Kingsmead, Durban",1,10.2,Knights,Dolphins,R McLaren,PJ van Biljon,P Subrayen,1,0,,,,,,,,,
1157225,2018/19,2019-04-06,"Kingsmead, Durban",1,10.3,Knights,Dolphins,PJ van Biljon,R McLaren,P Subrayen,1,0,,,,,,,,,
1157225,2018/19,2019-04-06,"Kingsmead, Durban",1,10.4,Knights,Dolphins,R McLaren,PJ van Biljon,P Subrayen,0,0,,,,,,,,,
1157225,2018/19,2019-04-06,"Kingsmead, Durban",1,10.5,Knights,Dolphins,R McLaren,PJ van Biljon,P Subrayen,0,0,,,,,,,,,
1157225,2018/19,2019-04-06,"Kingsmead, Durban",1,10.6,Knights,Dolphins,R McLaren,PJ van Biljon,P Subrayen,0,0,,,,,,bowled,R McLaren,,
1157225,2018/19,2019-04-06,"Kingsmead, Durban",1,11.1,Knights,Dolphins,PJ van Biljon,TG Mokoena,KA Maharaj,1,0,,,,,,,,,
1157225,2018/19,2019-04-06,"Kingsmead, Durban",1,11.2,Knights,Dolphins,TG Mokoena,PJ van Biljon,KA Maharaj,0,0,,,,,,,,,
1157225,2018/19,2019-04-06,"Kingsmead, Durban",1,11.3,Knights,Dolphins,TG Mokoena,PJ van Biljon,KA Maharaj,0,0,,,,,,,,,
1157225,2018/19,2019-04-06,"Kingsmead, Durban",1,11.4,Knights,Dolphins,TG Mokoena,PJ van Biljon,KA Maharaj,0,0,,,,,,,,,
1157225,2018/19,2019-04-06,"Kingsmead, Durban",1,11.5,Knights,Dolphins,TG Mokoena,PJ van Biljon,KA Maharaj,2,0,,,,,,run out,PJ van Biljon,,
1157225,2018/19,2019-04-06,"Kingsmead, Durban",1,11.6,Knights,Dolphins,SC van Schalkwyk,TG Mokoena,KA Maharaj,0,0,,,,,,,,,
1157225,2018/19,2019-04-06,"Kingsmead, Durban",1,12.1,Knights,Dolphins,TG Mokoena,SC van Schalkwyk,P Subrayen,0,0,,,,,,,,,
1157225,2018/19,2019-04-06,"Kingsmead, Durban",1,12.2,Knights,Dolphins,TG Mokoena,SC van Schalkwyk,P Subrayen,1,0,,,,,,,,,
1157225,2018/19,2019-04-06,"Kingsmead, Durban",1,12.3,Knights,Dolphins,SC van Schalkwyk,TG Mokoena,P Subrayen,0,0,,,,,,,,,
1157225,2018/19,2019-04-06,"Kingsmead, Durban",1,12.4,Knights,Dolphins,SC van Schalkwyk,TG Mokoena,P Subrayen,1,0,,,,,,,,,
1157225,2018/19,2019-04-06,"Kingsmead, Durban",1,12.5,Knights,Dolphins,TG Mokoena,SC van Schalkwyk,P Subrayen,0,0,,,,,,,,,
1157225,2018/19,2019-04-06,"Kingsmead, Durban",1,12.6,Knights,Dolphins,TG Mokoena,SC van Schalkwyk,P Subrayen,0,0,,,,,,,,,
1157225,2018/19,2019-04-06,"Kingsmead, Durban",1,13.1,Knights,Dolphins,SC van Schalkwyk,TG Mokoena,KA Maharaj,0,0,,,,,,,,,
1157225,2018/19,2019-04-06,"Kingsmead, Durban",1,13.2,Knights,Dolphins,SC van Schalkwyk,TG Mokoena,KA Maharaj,0,0,,,,,,,,,
1157225,2018/19,2019-04-06,"Kingsmead, Durban",1,13.3,Knights,Dolphins,SC van Schalkwyk,TG Mokoena,KA Maharaj,1,0,,,,,,,,,
1157225,2018/19,2019-04-06,"Kingsmead, Durban",1,13.4,Knights,Dolphins,TG Mokoena,SC van Schalkwyk,KA Maharaj,0,0,,,,,,,,,
1157225,2018/19,2019-04-06,"Kingsmead, Durban",1,13.5,Knights,Dolphins,TG Mokoena,SC van Schalkwyk,KA Maharaj,1,0,,,,,,,,,
1157225,2018/19,2019-04-06,"Kingsmead, Durban",1,13.6,Knights,Dolphins,SC van Schalkwyk,TG Mokoena,KA Maharaj,0,2,2,,,,,,,,
1157225,2018/19,2019-04-06,"Kingsmead, Durban",1,13.7,Knights,Dolphins,TG Mokoena,SC van Schalkwyk,KA Maharaj,1,0,,,,,,,,,
1157225,2018/19,2019-04-06,"Kingsmead, Durban",1,14.1,Knights,Dolphins,TG Mokoena,SC van Schalkwyk,K Zondo,0,0,,,,,,,,,
1157225,2018/19,2019-04-06,"Kingsmead, Durban",1,14.2,Knights,Dolphins,TG Mokoena,SC van Schalkwyk,K Zondo,1,0,,,,,,,,,
1157225,2018/19,2019-04-06,"Kingsmead, Durban",1,14.3,Knights,Dolphins,SC van Schalkwyk,TG Mokoena,K Zondo,6,0,,,,,,,,,
1157225,2018/19,2019-04-06,"Kingsmead, Durban",1,14.4,Knights,Dolphins,SC van Schalkwyk,TG Mokoena,K Zondo,1,0,,,,,,,,,
1157225,2018/19,2019-04-06,"Kingsmead, Durban",1,14.5,Knights,Dolphins,TG Mokoena,SC van Schalkwyk,K Zondo,1,0,,,,,,,,,
1157225,2018/19,2019-04-06,"Kingsmead, Durban",1,14.6,Knights,Dolphins,SC van Schalkwyk,TG Mokoena,K Zondo,1,0,,,,,,,,,
1157225,2018/19,2019-04-06,"Kingsmead, Durban",1,15.1,Knights,Dolphins,SC van Schalkwyk,TG Mokoena,BS Makhanya,2,0,,,,,,,,,
1157225,2018/19,2019-04-06,"Kingsmead, Durban",1,15.2,Knights,Dolphins,SC van Schalkwyk,TG Mokoena,BS Makhanya,0,0,,,,,,,,,
1157225,2018/19,2019-04-06,"Kingsmead, Durban",1,15.3,Knights,Dolphins,SC van Schalkwyk,TG Mokoena,BS Makhanya,1,0,,,,,,,,,
1157225,2018/19,2019-04-06,"Kingsmead, Durban",1,15.4,Knights,Dolphins,TG Mokoena,SC van Schalkwyk,BS Makhanya,1,0,,,,,,,,,
1157225,2018/19,2019-04-06,"Kingsmead, Durban",1,15.5,Knights,Dolphins,SC van Schalkwyk,TG Mokoena,BS Makhanya,0,1,1,,,,,,,,
1157225,2018/19,2019-04-06,"Kingsmead, Durban",1,15.6,Knights,Dolphins,SC van Schalkwyk,TG Mokoena,BS Makhanya,3,0,,,,,,,,,
1157225,2018/19,2019-04-06,"Kingsmead, Durban",1,15.7,Knights,Dolphins,TG Mokoena,SC van Schalkwyk,BS Makhanya,1,0,,,,,,,,,
1157225,2018/19,2019-04-06,"Kingsmead, Durban",1,16.1,Knights,Dolphins,TG Mokoena,SC van Schalkwyk,DM Dupavillon,0,0,,,,,,,,,
1157225,2018/19,2019-04-06,"Kingsmead, Durban",1,16.2,Knights,Dolphins,TG Mokoena,SC van Schalkwyk,DM Dupavillon,0,1,,,,1,,,,,
1157225,2018/19,2019-04-06,"Kingsmead, Durban",1,16.3,Knights,Dolphins,SC van Schalkwyk,TG Mokoena,DM Dupavillon,0,0,,,,,,,,,
1157225,2018/19,2019-04-06,"Kingsmead, Durban",1,16.4,Knights,Dolphins,SC van Schalkwyk,TG Mokoena,DM Dupavillon,0,0,,,,,,,,,
1157225,2018/19,2019-04-06,"Kingsmead, Durban",1,16.5,Knights,Dolphins,SC van Schalkwyk,TG Mokoena,DM Dupavillon,1,0,,,,,,,,,
1157225,2018/19,2019-04-06,"Kingsmead, Durban",1,16.6,Knights,Dolphins,TG Mokoena,SC van Schalkwyk,DM Dupavillon,1,0,,,,,,,,,
1157225,2018/19,2019-04-06,"Kingsmead, Durban",1,17.1,Knights,Dolphins,TG Mokoena,SC van Schalkwyk,E Bosch,6,0,,,,,,,,,
1157225,2018/19,2019-04-06,"Kingsmead, Durban",1,17.2,Knights,Dolphins,TG Mokoena,SC van Schalkwyk,E Bosch,0,0,,,,,,,,,
1157225,2018/19,2019-04-06,"Kingsmead, Durban",1,17.3,Knights,Dolphins,TG Mokoena,SC van Schalkwyk,E Bosch,4,0,,,,,,,,,
1157225,2018/19,2019-04-06,"Kingsmead, Durban",1,17.4,Knights,Dolphins,TG Mokoena,SC van Schalkwyk,E Bosch,0,0,,,,,,,,,
1157225,2018/19,2019-04-06,"Kingsmead, Durban",1,17.5,Knights,Dolphins,TG Mokoena,SC van Schalkwyk,E Bosch,0,1,1,,,,,,,,
1157225,2018/19,2019-04-06,"Kingsmead, Durban",1,17.6,Knights,Dolphins,TG Mokoena,SC van Schalkwyk,E Bosch,0,0,,,,,,,,,
1157225,2018/19,2019-04-06,"Kingsmead, Durban",1,17.7,Knights,Dolphins,TG Mokoena,SC van Schalkwyk,E Bosch,1,0,,,,,,,,,
1157225,2018/19,2019-04-06,"Kingsmead, Durban",1,18.1,Knights,Dolphins,TG Mokoena,SC van Schalkwyk,DM Dupavillon,2,0,,,,,,,,,
1157225,2018/19,2019-04-06,"Kingsmead, Durban",1,18.2,Knights,Dolphins,TG Mokoena,SC van Schalkwyk,DM Dupavillon,2,0,,,,,,,,,
1157225,2018/19,2019-04-06,"Kingsmead, Durban",1,18.3,Knights,Dolphins,TG Mokoena,SC van Schalkwyk,DM Dupavillon,0,0,,,,,,caught,TG Mokoena,,
1157225,2018/19,2019-04-06,"Kingsmead, Durban",1,18.4,Knights,Dolphins,SC van Schalkwyk,CA Dry,DM Dupavillon,2,0,,,,,,,,,
1157225,2018/19,2019-04-06,"Kingsmead, Durban",1,18.5,Knights,Dolphins,SC van Schalkwyk,CA Dry,DM Dupavillon,0,0,,,,,,,,,
1157225,2018/19,2019-04-06,"Kingsmead, Durban",1,18.6,Knights,Dolphins,SC van Schalkwyk,CA Dry,DM Dupavillon,1,0,,,,,,,,,
1157225,2018/19,2019-04-06,"Kingsmead, Durban",1,19.1,Knights,Dolphins,SC van Schalkwyk,CA Dry,E Bosch,0,0,,,,,,,,,
1157225,2018/19,2019-04-06,"Kingsmead, Durban",1,19.2,Knights,Dolphins,SC van Schalkwyk,CA Dry,E Bosch,1,0,,,,,,,,,
1157225,2018/19,2019-04-06,"Kingsmead, Durban",1,19.3,Knights,Dolphins,CA Dry,SC van Schalkwyk,E Bosch,1,0,,,,,,,,,
1157225,2018/19,2019-04-06,"Kingsmead, Durban",1,19.4,Knights,Dolphins,SC van Schalkwyk,CA Dry,E Bosch,0,0,,,,,,caught,SC van Schalkwyk,,
1157225,2018/19,2019-04-06,"Kingsmead, Durban",1,19.5,Knights,Dolphins,CA Dry,T Mnyaka,E Bosch,0,1,1,,,,,,,,
1157225,2018/19,2019-04-06,"Kingsmead, Durban",1,19.6,Knights,Dolphins,CA Dry,T Mnyaka,E Bosch,1,0,,,,,,,,,
1157225,2018/19,2019-04-06,"Kingsmead, Durban",1,19.7,Knights,Dolphins,T Mnyaka,CA Dry,E Bosch,0,0,,,,,,,,,
1157225,2018/19,2019-04-06,"Kingsmead, Durban",2,0.1,Dolphins,Knights,SJ Erwee,MN van Wyk,CA Dry,1,0,,,,,,,,,
1157225,2018/19,2019-04-06,"Kingsmead, Durban",2,0.2,Dolphins,Knights,MN van Wyk,SJ Erwee,CA Dry,0,0,,,,,,,,,
1157225,2018/19,2019-04-06,"Kingsmead, Durban",2,0.3,Dolphins,Knights,MN van Wyk,SJ Erwee,CA Dry,1,0,,,,,,,,,
1157225,2018/19,2019-04-06,"Kingsmead, Durban",2,0.4,Dolphins,Knights,SJ Erwee,MN van Wyk,CA Dry,1,0,,,,,,,,,
1157225,2018/19,2019-04-06,"Kingsmead, Durban",2,0.5,Dolphins,Knights,MN van Wyk,SJ Erwee,CA Dry,0,0,,,,,,,,,
1157225,2018/19,2019-04-06,"Kingsmead, Durban",2,0.6,Dolphins,Knights,MN van Wyk,SJ Erwee,CA Dry,4,0,,,,,,,,,
1157225,2018/19,2019-04-06,"Kingsmead, Durban",2,1.1,Dolphins,Knights,SJ Erwee,MN van Wyk,R McLaren,2,0,,,,,,,,,
1157225,2018/19,2019-04-06,"Kingsmead, Durban",2,1.2,Dolphins,Knights,SJ Erwee,MN van Wyk,R McLaren,0,0,,,,,,,,,
1157225,2018/19,2019-04-06,"Kingsmead, Durban",2,1.3,Dolphins,Knights,SJ Erwee,MN van Wyk,R McLaren,0,0,,,,,,,,,
1157225,2018/19,2019-04-06,"Kingsmead, Durban",2,1.4,Dolphins,Knights,SJ Erwee,MN van Wyk,R McLaren,1,0,,,,,,,,,
1157225,2018/19,2019-04-06,"Kingsmead, Durban",2,1.5,Dolphins,Knights,MN van Wyk,SJ Erwee,R McLaren,0,0,,,,,,,,,
1157225,2018/19,2019-04-06,"Kingsmead, Durban",2,1.6,Dolphins,Knights,MN van Wyk,SJ Erwee,R McLaren,0,0,,,,,,,,,
1157225,2018/19,2019-04-06,"Kingsmead, Durban",2,2.1,Dolphins,Knights,SJ Erwee,MN van Wyk,CA Dry,0,0,,,,,,,,,
1157225,2018/19,2019-04-06,"Kingsmead, Durban",2,2.2,Dolphins,Knights,SJ Erwee,MN van Wyk,CA Dry,4,0,,,,,,,,,
1157225,2018/19,2019-04-06,"Kingsmead, Durban",2,2.3,Dolphins,Knights,SJ Erwee,MN van Wyk,CA Dry,4,0,,,,,,,,,
1157225,2018/19,2019-04-06,"Kingsmead, Durban",2,2.4,Dolphins,Knights,SJ Erwee,MN van Wyk,CA Dry,1,0,,,,,,,,,
1157225,2018/19,2019-04-06,"Kingsmead, Durban",2,2.5,Dolphins,Knights,MN van Wyk,SJ Erwee,CA Dry,0,0,,,,,,,,,
1157225,2018/19,2019-04-06,"Kingsmead, Durban",2,2.6,Dolphins,Knights,MN van Wyk,SJ Erwee,CA Dry,0,0,,,,,,,,,
1157225,2018/19,2019-04-06,"Kingsmead, Durban",2,3.1,Dolphins,Knights,SJ Erwee,MN van Wyk,R McLaren,0,0,,,,,,,,,
1157225,2018/19,2019-04-06,"Kingsmead, Durban",2,3.2,Dolphins,Knights,SJ Erwee,MN van Wyk,R McLaren,4,0,,,,,,,,,
1157225,2018/19,2019-04-06,"Kingsmead, Durban",2,3.3,Dolphins,Knights,SJ Erwee,MN van Wyk,R McLaren,1,0,,,,,,,,,
1157225,2018/19,2019-04-06,"Kingsmead, Durban",2,3.4,Dolphins,Knights,MN van Wyk,SJ Erwee,R McLaren,0,0,,,,,,,,,
1157225,2018/19,2019-04-06,"Kingsmead, Durban",2,3.5,Dolphins,Knights,MN van Wyk,SJ Erwee,R McLaren,0,0,,,,,,,,,
1157225,2018/19,2019-04-06,"Kingsmead, Durban",2,3.6,Dolphins,Knights,MN van Wyk,SJ Erwee,R McLaren,4,0,,,,,,,,,
1157225,2018/19,2019-04-06,"Kingsmead, Durban",2,4.1,Dolphins,Knights,SJ Erwee,MN van Wyk,AR Swanepoel,0,0,,,,,,,,,
1157225,2018/19,2019-04-06,"Kingsmead, Durban",2,4.2,Dolphins,Knights,SJ Erwee,MN van Wyk,AR Swanepoel,1,0,,,,,,,,,
1157225,2018/19,2019-04-06,"Kingsmead, Durban",2,4.3,Dolphins,Knights,MN van Wyk,SJ Erwee,AR Swanepoel,1,0,,,,,,,,,
1157225,2018/19,2019-04-06,"Kingsmead, Durban",2,4.4,Dolphins,Knights,SJ Erwee,MN van Wyk,AR Swanepoel,4,0,,,,,,,,,
1157225,2018/19,2019-04-06,"Kingsmead, Durban",2,4.5,Dolphins,Knights,SJ Erwee,MN van Wyk,AR Swanepoel,4,0,,,,,,,,,
1157225,2018/19,2019-04-06,"Kingsmead, Durban",2,4.6,Dolphins,Knights,SJ Erwee,MN van Wyk,AR Swanepoel,0,0,,,,,,,,,
1157225,2018/19,2019-04-06,"Kingsmead, Durban",2,5.1,Dolphins,Knights,MN van Wyk,SJ Erwee,SC van Schalkwyk,0,0,,,,,,,,,
1157225,2018/19,2019-04-06,"Kingsmead, Durban",2,5.2,Dolphins,Knights,MN van Wyk,SJ Erwee,SC van Schalkwyk,1,0,,,,,,,,,
1157225,2018/19,2019-04-06,"Kingsmead, Durban",2,5.3,Dolphins,Knights,SJ Erwee,MN van Wyk,SC van Schalkwyk,0,0,,,,,,caught,SJ Erwee,,
1157225,2018/19,2019-04-06,"Kingsmead, Durban",2,5.4,Dolphins,Knights,C Chetty,MN van Wyk,SC van Schalkwyk,1,0,,,,,,,,,
1157225,2018/19,2019-04-06,"Kingsmead, Durban",2,5.5,Dolphins,Knights,MN van Wyk,C Chetty,SC van Schalkwyk,1,0,,,,,,,,,
1157225,2018/19,2019-04-06,"Kingsmead, Durban",2,5.6,Dolphins,Knights,C Chetty,MN van Wyk,SC van Schalkwyk,2,0,,,,,,,,,
1157225,2018/19,2019-04-06,"Kingsmead, Durban",2,6.1,Dolphins,Knights,MN van Wyk,C Chetty,T Mnyaka,0,0,,,,,,,,,
1157225,2018/19,2019-04-06,"Kingsmead, Durban",2,6.2,Dolphins,Knights,MN van Wyk,C Chetty,T Mnyaka,1,0,,,,,,,,,
1157225,2018/19,2019-04-06,"Kingsmead, Durban",2,6.3,Dolphins,Knights,C Chetty,MN van Wyk,T Mnyaka,1,0,,,,,,,,,
1157225,2018/19,2019-04-06,"Kingsmead, Durban",2,6.4,Dolphins,Knights,MN van Wyk,C Chetty,T Mnyaka,4,0,,,,,,,,,
1157225,2018/19,2019-04-06,"Kingsmead, Durban",2,6.5,Dolphins,Knights,MN van Wyk,C Chetty,T Mnyaka,0,0,,,,,,caught,MN van Wyk,,
1157225,2018/19,2019-04-06,"Kingsmead, Durban",2,6.6,Dolphins,Knights,K Zondo,C Chetty,T Mnyaka,1,0,,,,,,,,,
1157225,2018/19,2019-04-06,"Kingsmead, Durban",2,7.1,Dolphins,Knights,K Zondo,C Chetty,E Leie,0,0,,,,,,,,,
1157225,2018/19,2019-04-06,"Kingsmead, Durban",2,7.2,Dolphins,Knights,K Zondo,C Chetty,E Leie,0,0,,,,,,,,,
1157225,2018/19,2019-04-06,"Kingsmead, Durban",2,7.3,Dolphins,Knights,K Zondo,C Chetty,E Leie,0,0,,,,,,,,,
1157225,2018/19,2019-04-06,"Kingsmead, Durban",2,7.4,Dolphins,Knights,K Zondo,C Chetty,E Leie,0,0,,,,,,caught,K Zondo,,
1157225,2018/19,2019-04-06,"Kingsmead, Durban",2,7.5,Dolphins,Knights,MJ Ackerman,C Chetty,E Leie,1,0,,,,,,,,,
1157225,2018/19,2019-04-06,"Kingsmead, Durban",2,7.6,Dolphins,Knights,C Chetty,MJ Ackerman,E Leie,0,0,,,,,,,,,
1157225,2018/19,2019-04-06,"Kingsmead, Durban",2,8.1,Dolphins,Knights,MJ Ackerman,C Chetty,T Mnyaka,0,0,,,,,,,,,
1157225,2018/19,2019-04-06,"Kingsmead, Durban",2,8.2,Dolphins,Knights,MJ Ackerman,C Chetty,T Mnyaka,4,0,,,,,,,,,
1157225,2018/19,2019-04-06,"Kingsmead, Durban",2,8.3,Dolphins,Knights,MJ Ackerman,C Chetty,T Mnyaka,1,0,,,,,,,,,
1157225,2018/19,2019-04-06,"Kingsmead, Durban",2,8.4,Dolphins,Knights,C Chetty,MJ Ackerman,T Mnyaka,2,0,,,,,,,,,
1157225,2018/19,2019-04-06,"Kingsmead, Durban",2,8.5,Dolphins,Knights,C Chetty,MJ Ackerman,T Mnyaka,1,0,,,,,,,,,
1157225,2018/19,2019-04-06,"Kingsmead, Durban",2,8.6,Dolphins,Knights,MJ Ackerman,C Chetty,T Mnyaka,1,0,,,,,,,,,
1157225,2018/19,2019-04-06,"Kingsmead, Durban",2,9.1,Dolphins,Knights,MJ Ackerman,C Chetty,E Leie,1,0,,,,,,,,,
1157225,2018/19,2019-04-06,"Kingsmead, Durban",2,9.2,Dolphins,Knights,C Chetty,MJ Ackerman,E Leie,0,0,,,,,,,,,
1157225,2018/19,2019-04-06,"Kingsmead, Durban",2,9.3,Dolphins,Knights,C Chetty,MJ Ackerman,E Leie,1,0,,,,,,,,,
1157225,2018/19,2019-04-06,"Kingsmead, Durban",2,9.4,Dolphins,Knights,MJ Ackerman,C Chetty,E Leie,0,0,,,,,,,,,
1157225,2018/19,2019-04-06,"Kingsmead, Durban",2,9.5,Dolphins,Knights,MJ Ackerman,C Chetty,E Leie,0,0,,,,,,,,,
1157225,2018/19,2019-04-06,"Kingsmead, Durban",2,9.6,Dolphins,Knights,MJ Ackerman,C Chetty,E Leie,1,0,,,,,,,,,
1157225,2018/19,2019-04-06,"Kingsmead, Durban",2,10.1,Dolphins,Knights,MJ Ackerman,C Chetty,SC van Schalkwyk,0,0,,,,,,,,,
1157225,2018/19,2019-04-06,"Kingsmead, Durban",2,10.2,Dolphins,Knights,MJ Ackerman,C Chetty,SC van Schalkwyk,0,0,,,,,,,,,
1157225,2018/19,2019-04-06,"Kingsmead, Durban",2,10.3,Dolphins,Knights,MJ Ackerman,C Chetty,SC van Schalkwyk,0,0,,,,,,,,,
1157225,2018/19,2019-04-06,"Kingsmead, Durban",2,10.4,Dolphins,Knights,MJ Ackerman,C Chetty,SC van Schalkwyk,4,0,,,,,,,,,
1157225,2018/19,2019-04-06,"Kingsmead, Durban",2,10.5,Dolphins,Knights,MJ Ackerman,C Chetty,SC van Schalkwyk,1,0,,,,,,run out,C Chetty,,
1157225,2018/19,2019-04-06,"Kingsmead, Durban",2,10.6,Dolphins,Knights,MJ Ackerman,BS Makhanya,SC van Schalkwyk,0,0,,,,,,,,,
1157225,2018/19,2019-04-06,"Kingsmead, Durban",2,11.1,Dolphins,Knights,BS Makhanya,MJ Ackerman,E Leie,1,0,,,,,,,,,
1157225,2018/19,2019-04-06,"Kingsmead, Durban",2,11.2,Dolphins,Knights,MJ Ackerman,BS Makhanya,E Leie,1,0,,,,,,,,,
1157225,2018/19,2019-04-06,"Kingsmead, Durban",2,11.3,Dolphins,Knights,BS Makhanya,MJ Ackerman,E Leie,1,0,,,,,,,,,
1157225,2018/19,2019-04-06,"Kingsmead, Durban",2,11.4,Dolphins,Knights,MJ Ackerman,BS Makhanya,E Leie,0,0,,,,,,,,,
1157225,2018/19,2019-04-06,"Kingsmead, Durban",2,11.5,Dolphins,Knights,MJ Ackerman,BS Makhanya,E Leie,0,0,,,,,,,,,
1157225,2018/19,2019-04-06,"Kingsmead, Durban",2,11.6,Dolphins,Knights,MJ Ackerman,BS Makhanya,E Leie,0,0,,,,,,,,,
1157225,2018/19,2019-04-06,"Kingsmead, Durban",2,12.1,Dolphins,Knights,BS Makhanya,MJ Ackerman,AR Swanepoel,1,0,,,,,,,,,
1157225,2018/19,2019-04-06,"Kingsmead, Durban",2,12.2,Dolphins,Knights,MJ Ackerman,BS Makhanya,AR Swanepoel,0,0,,,,,,,,,
1157225,2018/19,2019-04-06,"Kingsmead, Durban",2,12.3,Dolphins,Knights,MJ Ackerman,BS Makhanya,AR Swanepoel,1,0,,,,,,,,,
1157225,2018/19,2019-04-06,"Kingsmead, Durban",2,12.4,Dolphins,Knights,BS Makhanya,MJ Ackerman,AR Swanepoel,1,0,,,,,,,,,
1157225,2018/19,2019-04-06,"Kingsmead, Durban",2,12.5,Dolphins,Knights,MJ Ackerman,BS Makhanya,AR Swanepoel,4,0,,,,,,,,,
1157225,2018/19,2019-04-06,"Kingsmead, Durban",2,12.6,Dolphins,Knights,MJ Ackerman,BS Makhanya,AR Swanepoel,4,0,,,,,,,,,
1157225,2018/19,2019-04-06,"Kingsmead, Durban",2,13.1,Dolphins,Knights,BS Makhanya,MJ Ackerman,E Leie,1,0,,,,,,,,,
1157225,2018/19,2019-04-06,"Kingsmead, Durban",2,13.2,Dolphins,Knights,MJ Ackerman,BS Makhanya,E Leie,6,0,,,,,,,,,
1157225,2018/19,2019-04-06,"Kingsmead, Durban",2,13.3,Dolphins,Knights,MJ Ackerman,BS Makhanya,E Leie,1,0,,,,,,,,,
1157225,2018/19,2019-04-06,"Kingsmead, Durban",2,13.4,Dolphins,Knights,BS Makhanya,MJ Ackerman,E Leie,1,0,,,,,,,,,
1157225,2018/19,2019-04-06,"Kingsmead, Durban",2,13.5,Dolphins,Knights,MJ Ackerman,BS Makhanya,E Leie,1,0,,,,,,,,,
1157225,2018/19,2019-04-06,"Kingsmead, Durban",2,13.6,Dolphins,Knights,BS Makhanya,MJ Ackerman,E Leie,1,0,,,,,,,,,
1157225,2018/19,2019-04-06,"Kingsmead, Durban",2,14.1,Dolphins,Knights,BS Makhanya,MJ Ackerman,R McLaren,1,0,,,,,,,,,
1157225,2018/19,2019-04-06,"Kingsmead, Durban",2,14.2,Dolphins,Knights,MJ Ackerman,BS Makhanya,R McLaren,1,0,,,,,,,,,
1157225,2018/19,2019-04-06,"Kingsmead, Durban",2,14.3,Dolphins,Knights,BS Makhanya,MJ Ackerman,R McLaren,2,0,,,,,,,,,
1157225,2018/19,2019-04-06,"Kingsmead, Durban",2,14.4,Dolphins,Knights,BS Makhanya,MJ Ackerman,R McLaren,1,0,,,,,,,,,
1157225,2018/19,2019-04-06,"Kingsmead, Durban",2,14.5,Dolphins,Knights,MJ Ackerman,BS Makhanya,R McLaren,0,1,1,,,,,,,,
1157225,2018/19,2019-04-06,"Kingsmead, Durban",2,14.6,Dolphins,Knights,MJ Ackerman,BS Makhanya,R McLaren,0,0,,,,,,,,,
1157225,2018/19,2019-04-06,"Kingsmead, Durban",2,14.7,Dolphins,Knights,MJ Ackerman,BS Makhanya,R McLaren,4,0,,,,,,,,,
1157225,2018/19,2019-04-06,"Kingsmead, Durban",2,15.1,Dolphins,Knights,BS Makhanya,MJ Ackerman,SC van Schalkwyk,2,0,,,,,,,,,
1157225,2018/19,2019-04-06,"Kingsmead, Durban",2,15.2,Dolphins,Knights,BS Makhanya,MJ Ackerman,SC van Schalkwyk,0,0,,,,,,,,,
1157225,2018/19,2019-04-06,"Kingsmead, Durban",2,15.3,Dolphins,Knights,BS Makhanya,MJ Ackerman,SC van Schalkwyk,1,0,,,,,,,,,
1157225,2018/19,2019-04-06,"Kingsmead, Durban",2,15.4,Dolphins,Knights,MJ Ackerman,BS Makhanya,SC van Schalkwyk,1,0,,,,,,,,,
1157225,2018/19,2019-04-06,"Kingsmead, Durban",2,15.5,Dolphins,Knights,BS Makhanya,MJ Ackerman,SC van Schalkwyk,2,0,,,,,,,,,
1157225,2018/19,2019-04-06,"Kingsmead, Durban",2,15.6,Dolphins,Knights,BS Makhanya,MJ Ackerman,SC van Schalkwyk,1,0,,,,,,,,,
1157225,2018/19,2019-04-06,"Kingsmead, Durban",2,16.1,Dolphins,Knights,BS Makhanya,MJ Ackerman,CA Dry,0,1,1,,,,,,,,
1157225,2018/19,2019-04-06,"Kingsmead, Durban",2,16.2,Dolphins,Knights,BS Makhanya,MJ Ackerman,CA Dry,0,0,,,,,,caught,BS Makhanya,,
1157225,2018/19,2019-04-06,"Kingsmead, Durban",2,16.3,Dolphins,Knights,MJ Ackerman,KA Maharaj,CA Dry,2,0,,,,,,,,,
1157225,2018/19,2019-04-06,"Kingsmead, Durban",2,16.4,Dolphins,Knights,MJ Ackerman,KA Maharaj,CA Dry,1,0,,,,,,,,,
1157225,2018/19,2019-04-06,"Kingsmead, Durban",2,16.5,Dolphins,Knights,KA Maharaj,MJ Ackerman,CA Dry,0,1,,,,1,,,,,
1157225,2018/19,2019-04-06,"Kingsmead, Durban",2,16.6,Dolphins,Knights,MJ Ackerman,KA Maharaj,CA Dry,1,0,,,,,,,,,
1157225,2018/19,2019-04-06,"Kingsmead, Durban",2,16.7,Dolphins,Knights,KA Maharaj,MJ Ackerman,CA Dry,0,0,,,,,,,,,
1157225,2018/19,2019-04-06,"Kingsmead, Durban",2,17.1,Dolphins,Knights,MJ Ackerman,KA Maharaj,SC van Schalkwyk,1,0,,,,,,,,,
1157225,2018/19,2019-04-06,"Kingsmead, Durban",2,17.2,Dolphins,Knights,KA Maharaj,MJ Ackerman,SC van Schalkwyk,1,0,,,,,,,,,
1157225,2018/19,2019-04-06,"Kingsmead, Durban",2,17.3,Dolphins,Knights,MJ Ackerman,KA Maharaj,SC van Schalkwyk,0,1,,,1,,,,,,
1157225,2018/19,2019-04-06,"Kingsmead, Durban",2,17.4,Dolphins,Knights,KA Maharaj,MJ Ackerman,SC van Schalkwyk,2,0,,,,,,,,,
1157225,2018/19,2019-04-06,"Kingsmead, Durban",2,17.5,Dolphins,Knights,KA Maharaj,MJ Ackerman,SC van Schalkwyk,0,0,,,,,,bowled,KA Maharaj,,
1157225,2018/19,2019-04-06,"Kingsmead, Durban",2,17.6,Dolphins,Knights,E Bosch,MJ Ackerman,SC van Schalkwyk,2,0,,,,,,,,,
1157225,2018/19,2019-04-06,"Kingsmead, Durban",2,18.1,Dolphins,Knights,MJ Ackerman,E Bosch,CA Dry,1,0,,,,,,,,,
1157225,2018/19,2019-04-06,"Kingsmead, Durban",2,18.2,Dolphins,Knights,E Bosch,MJ Ackerman,CA Dry,4,0,,,,,,,,,
1157225,2018/19,2019-04-06,"Kingsmead, Durban",2,18.3,Dolphins,Knights,E Bosch,MJ Ackerman,CA Dry,6,0,,,,,,,,,
