match_id,season,start_date,venue,innings,ball,batting_team,bowling_team,striker,non_striker,bowler,runs_off_bat,extras,wides,noballs,byes,legbyes,penalty,wicket_type,player_dismissed,other_wicket_type,other_player_dismissed
1157230,2018/19,2019-04-12,"Boland Park, Paarl",1,0.1,Warriors,Cape Cobras,GL Cloete,MP Breetzke,RK Kleinveldt,0,0,,,,,,,,,
1157230,2018/19,2019-04-12,"Boland Park, Paarl",1,0.2,Warriors,Cape Cobras,GL Cloete,MP Breetzke,RK Kleinveldt,1,0,,,,,,,,,
1157230,2018/19,2019-04-12,"Boland Park, Paarl",1,0.3,Warriors,Cape Cobras,MP Breetzke,GL Cloete,RK Kleinveldt,4,0,,,,,,,,,
1157230,2018/19,2019-04-12,"Boland Park, Paarl",1,0.4,Warriors,Cape Cobras,MP Breetzke,GL Cloete,RK Kleinveldt,0,2,2,,,,,,,,
1157230,2018/19,2019-04-12,"Boland Park, Paarl",1,0.5,Warriors,Cape Cobras,GL Cloete,MP Breetzke,RK Kleinveldt,0,0,,,,,,,,,
1157230,2018/19,2019-04-12,"Boland Park, Paarl",1,0.6,Warriors,Cape Cobras,GL Cloete,MP Breetzke,RK Kleinveldt,0,0,,,,,,,,,
1157230,2018/19,2019-04-12,"Boland Park, Paarl",1,0.7,Warriors,Cape Cobras,GL Cloete,MP Breetzke,RK Kleinveldt,4,0,,,,,,,,,
1157230,2018/19,2019-04-12,"Boland Park, Paarl",1,1.1,Warriors,Cape Cobras,MP Breetzke,GL Cloete,VD Philander,2,0,,,,,,,,,
1157230,2018/19,2019-04-12,"Boland Park, Paarl",1,1.2,Warriors,Cape Cobras,MP Breetzke,GL Cloete,VD Philander,0,0,,,,,,,,,
1157230,2018/19,2019-04-12,"Boland Park, Paarl",1,1.3,Warriors,Cape Cobras,MP Breetzke,GL Cloete,VD Philander,2,0,,,,,,,,,
1157230,2018/19,2019-04-12,"Boland Park, Paarl",1,1.4,Warriors,Cape Cobras,MP Breetzke,GL Cloete,VD Philander,0,0,,,,,,,,,
1157230,2018/19,2019-04-12,"Boland Park, Paarl",1,1.5,Warriors,Cape Cobras,MP Breetzke,GL Cloete,VD Philander,4,0,,,,,,,,,
1157230,2018/19,2019-04-12,"Boland Park, Paarl",1,1.6,Warriors,Cape Cobras,MP Breetzke,GL Cloete,VD Philander,0,1,1,,,,,,,,
1157230,2018/19,2019-04-12,"Boland Park, Paarl",1,1.7,Warriors,Cape Cobras,MP Breetzke,GL Cloete,VD Philander,0,0,,,,,,,,,
1157230,2018/19,2019-04-12,"Boland Park, Paarl",1,2.1,Warriors,Cape Cobras,GL Cloete,MP Breetzke,RK Kleinveldt,1,0,,,,,,,,,
1157230,2018/19,2019-04-12,"Boland Park, Paarl",1,2.2,Warriors,Cape Cobras,MP Breetzke,GL Cloete,RK Kleinveldt,0,0,,,,,,,,,
1157230,2018/19,2019-04-12,"Boland Park, Paarl",1,2.3,Warriors,Cape Cobras,MP Breetzke,GL Cloete,RK Kleinveldt,0,0,,,,,,caught,MP Breetzke,,
1157230,2018/19,2019-04-12,"Boland Park, Paarl",1,2.4,Warriors,Cape Cobras,GL Cloete,JT Smuts,RK Kleinveldt,0,0,,,,,,,,,
1157230,2018/19,2019-04-12,"Boland Park, Paarl",1,2.5,Warriors,Cape Cobras,GL Cloete,JT Smuts,RK Kleinveldt,0,0,,,,,,,,,
1157230,2018/19,2019-04-12,"Boland Park, Paarl",1,2.6,Warriors,Cape Cobras,GL Cloete,JT Smuts,RK Kleinveldt,0,0,,,,,,,,,
1157230,2018/19,2019-04-12,"Boland Park, Paarl",1,3.1,Warriors,Cape Cobras,JT Smuts,GL Cloete,VD Philander,0,0,,,,,,,,,
1157230,2018/19,2019-04-12,"Boland Park, Paarl",1,3.2,Warriors,Cape Cobras,JT Smuts,GL Cloete,VD Philander,1,0,,,,,,,,,
1157230,2018/19,2019-04-12,"Boland Park, Paarl",1,3.3,Warriors,Cape Cobras,GL Cloete,JT Smuts,VD Philander,0,0,,,,,,,,,
1157230,2018/19,2019-04-12,"Boland Park, Paarl",1,3.4,Warriors,Cape Cobras,GL Cloete,JT Smuts,VD Philander,0,0,,,,,,,,,
1157230,2018/19,2019-04-12,"Boland Park, Paarl",1,3.5,Warriors,Cape Cobras,GL Cloete,JT Smuts,VD Philander,1,0,,,,,,,,,
1157230,2018/19,2019-04-12,"Boland Park, Paarl",1,3.6,Warriors,Cape Cobras,JT Smuts,GL Cloete,VD Philander,3,0,,,,,,,,,
1157230,2018/19,2019-04-12,"Boland Park, Paarl",1,4.1,Warriors,Cape Cobras,JT Smuts,GL Cloete,D Paterson,2,0,,,,,,,,,
1157230,2018/19,2019-04-12,"Boland Park, Paarl",1,4.2,Warriors,Cape Cobras,JT Smuts,GL Cloete,D Paterson,1,0,,,,,,,,,
1157230,2018/19,2019-04-12,"Boland Park, Paarl",1,4.3,Warriors,Cape Cobras,GL Cloete,JT Smuts,D Paterson,4,0,,,,,,,,,
1157230,2018/19,2019-04-12,"Boland Park, Paarl",1,4.4,Warriors,Cape Cobras,GL Cloete,JT Smuts,D Paterson,0,1,1,,,,,,,,
1157230,2018/19,2019-04-12,"Boland Park, Paarl",1,4.5,Warriors,Cape Cobras,GL Cloete,JT Smuts,D Paterson,2,0,,,,,,,,,
1157230,2018/19,2019-04-12,"Boland Park, Paarl",1,4.6,Warriors,Cape Cobras,GL Cloete,JT Smuts,D Paterson,4,0,,,,,,,,,
1157230,2018/19,2019-04-12,"Boland Park, Paarl",1,4.7,Warriors,Cape Cobras,GL Cloete,JT Smuts,D Paterson,1,0,,,,,,,,,
1157230,2018/19,2019-04-12,"Boland Park, Paarl",1,5.1,Warriors,Cape Cobras,GL Cloete,JT Smuts,T Bokako,0,0,,,,,,,,,
1157230,2018/19,2019-04-12,"Boland Park, Paarl",1,5.2,Warriors,Cape Cobras,GL Cloete,JT Smuts,T Bokako,1,1,,1,,,,,,,
1157230,2018/19,2019-04-12,"Boland Park, Paarl",1,5.3,Warriors,Cape Cobras,JT Smuts,GL Cloete,T Bokako,0,0,,,,,,,,,
1157230,2018/19,2019-04-12,"Boland Park, Paarl",1,5.4,Warriors,Cape Cobras,JT Smuts,GL Cloete,T Bokako,0,0,,,,,,,,,
1157230,2018/19,2019-04-12,"Boland Park, Paarl",1,5.5,Warriors,Cape Cobras,JT Smuts,GL Cloete,T Bokako,0,0,,,,,,,,,
1157230,2018/19,2019-04-12,"Boland Park, Paarl",1,5.6,Warriors,Cape Cobras,JT Smuts,GL Cloete,T Bokako,0,0,,,,,,bowled,JT Smuts,,
1157230,2018/19,2019-04-12,"Boland Park, Paarl",1,5.7,Warriors,Cape Cobras,M Marais,GL Cloete,T Bokako,0,0,,,,,,,,,
1157230,2018/19,2019-04-12,"Boland Park, Paarl",1,6.1,Warriors,Cape Cobras,GL Cloete,M Marais,GF Linde,0,0,,,,,,,,,
1157230,2018/19,2019-04-12,"Boland Park, Paarl",1,6.2,Warriors,Cape Cobras,GL Cloete,M Marais,GF Linde,1,0,,,,,,,,,
1157230,2018/19,2019-04-12,"Boland Park, Paarl",1,6.3,Warriors,Cape Cobras,M Marais,GL Cloete,GF Linde,0,0,,,,,,,,,
1157230,2018/19,2019-04-12,"Boland Park, Paarl",1,6.4,Warriors,Cape Cobras,M Marais,GL Cloete,GF Linde,1,0,,,,,,,,,
1157230,2018/19,2019-04-12,"Boland Park, Paarl",1,6.5,Warriors,Cape Cobras,GL Cloete,M Marais,GF Linde,4,0,,,,,,,,,
1157230,2018/19,2019-04-12,"Boland Park, Paarl",1,6.6,Warriors,Cape Cobras,GL Cloete,M Marais,GF Linde,4,0,,,,,,,,,
1157230,2018/19,2019-04-12,"Boland Park, Paarl",1,7.1,Warriors,Cape Cobras,M Marais,GL Cloete,A Mgijima,2,0,,,,,,,,,
1157230,2018/19,2019-04-12,"Boland Park, Paarl",1,7.2,Warriors,Cape Cobras,M Marais,GL Cloete,A Mgijima,0,0,,,,,,caught,M Marais,,
1157230,2018/19,2019-04-12,"Boland Park, Paarl",1,7.3,Warriors,Cape Cobras,GL Cloete,S Qeshile,A Mgijima,0,0,,,,,,,,,
1157230,2018/19,2019-04-12,"Boland Park, Paarl",1,7.4,Warriors,Cape Cobras,GL Cloete,S Qeshile,A Mgijima,0,1,1,,,,,stumped,GL Cloete,,
1157230,2018/19,2019-04-12,"Boland Park, Paarl",1,7.5,Warriors,Cape Cobras,LC Ngoepe,S Qeshile,A Mgijima,2,0,,,,,,,,,
1157230,2018/19,2019-04-12,"Boland Park, Paarl",1,7.6,Warriors,Cape Cobras,LC Ngoepe,S Qeshile,A Mgijima,1,0,,,,,,,,,
1157230,2018/19,2019-04-12,"Boland Park, Paarl",1,7.7,Warriors,Cape Cobras,S Qeshile,LC Ngoepe,A Mgijima,1,0,,,,,,,,,
1157230,2018/19,2019-04-12,"Boland Park, Paarl",1,8.1,Warriors,Cape Cobras,S Qeshile,LC Ngoepe,GF Linde,0,0,,,,,,,,,
1157230,2018/19,2019-04-12,"Boland Park, Paarl",1,8.2,Warriors,Cape Cobras,S Qeshile,LC Ngoepe,GF Linde,1,0,,,,,,,,,
1157230,2018/19,2019-04-12,"Boland Park, Paarl",1,8.3,Warriors,Cape Cobras,LC Ngoepe,S Qeshile,GF Linde,0,0,,,,,,,,,
1157230,2018/19,2019-04-12,"Boland Park, Paarl",1,8.4,Warriors,Cape Cobras,LC Ngoepe,S Qeshile,GF Linde,4,0,,,,,,,,,
1157230,2018/19,2019-04-12,"Boland Park, Paarl",1,8.5,Warriors,Cape Cobras,LC Ngoepe,S Qeshile,GF Linde,1,0,,,,,,,,,
1157230,2018/19,2019-04-12,"Boland Park, Paarl",1,8.6,Warriors,Cape Cobras,S Qeshile,LC Ngoepe,GF Linde,1,0,,,,,,,,,
1157230,2018/19,2019-04-12,"Boland Park, Paarl",1,9.1,Warriors,Cape Cobras,S Qeshile,LC Ngoepe,T Bokako,0,0,,,,,,,,,
1157230,2018/19,2019-04-12,"Boland Park, Paarl",1,9.2,Warriors,Cape Cobras,S Qeshile,LC Ngoepe,T Bokako,1,0,,,,,,,,,
1157230,2018/19,2019-04-12,"Boland Park, Paarl",1,9.3,Warriors,Cape Cobras,LC Ngoepe,S Qeshile,T Bokako,1,0,,,,,,,,,
1157230,2018/19,2019-04-12,"Boland Park, Paarl",1,9.4,Warriors,Cape Cobras,S Qeshile,LC Ngoepe,T Bokako,2,0,,,,,,,,,
1157230,2018/19,2019-04-12,"Boland Park, Paarl",1,9.5,Warriors,Cape Cobras,S Qeshile,LC Ngoepe,T Bokako,4,0,,,,,,,,,
1157230,2018/19,2019-04-12,"Boland Park, Paarl",1,9.6,Warriors,Cape Cobras,S Qeshile,LC Ngoepe,T Bokako,1,0,,,,,,,,,
1157230,2018/19,2019-04-12,"Boland Park, Paarl",1,10.1,Warriors,Cape Cobras,S Qeshile,LC Ngoepe,GF Linde,1,0,,,,,,,,,
1157230,2018/19,2019-04-12,"Boland Park, Paarl",1,10.2,Warriors,Cape Cobras,LC Ngoepe,S Qeshile,GF Linde,4,0,,,,,,,,,
1157230,2018/19,2019-04-12,"Boland Park, Paarl",1,10.3,Warriors,Cape Cobras,LC Ngoepe,S Qeshile,GF Linde,1,0,,,,,,,,,
1157230,2018/19,2019-04-12,"Boland Park, Paarl",1,10.4,Warriors,Cape Cobras,S Qeshile,LC Ngoepe,GF Linde,0,0,,,,,,,,,
1157230,2018/19,2019-04-12,"Boland Park, Paarl",1,10.5,Warriors,Cape Cobras,S Qeshile,LC Ngoepe,GF Linde,0,0,,,,,,,,,
1157230,2018/19,2019-04-12,"Boland Park, Paarl",1,10.6,Warriors,Cape Cobras,S Qeshile,LC Ngoepe,GF Linde,1,0,,,,,,,,,
1157230,2018/19,2019-04-12,"Boland Park, Paarl",1,11.1,Warriors,Cape Cobras,S Qeshile,LC Ngoepe,A Mgijima,2,0,,,,,,,,,
1157230,2018/19,2019-04-12,"Boland Park, Paarl",1,11.2,Warriors,Cape Cobras,S Qeshile,LC Ngoepe,A Mgijima,1,0,,,,,,,,,
1157230,2018/19,2019-04-12,"Boland Park, Paarl",1,11.3,Warriors,Cape Cobras,LC Ngoepe,S Qeshile,A Mgijima,0,0,,,,,,lbw,LC Ngoepe,,
1157230,2018/19,2019-04-12,"Boland Park, Paarl",1,11.4,Warriors,Cape Cobras,TP Kaber,S Qeshile,A Mgijima,1,0,,,,,,,,,
1157230,2018/19,2019-04-12,"Boland Park, Paarl",1,11.5,Warriors,Cape Cobras,S Qeshile,TP Kaber,A Mgijima,1,0,,,,,,,,,
1157230,2018/19,2019-04-12,"Boland Park, Paarl",1,11.6,Warriors,Cape Cobras,TP Kaber,S Qeshile,A Mgijima,2,0,,,,,,,,,
1157230,2018/19,2019-04-12,"Boland Park, Paarl",1,12.1,Warriors,Cape Cobras,S Qeshile,TP Kaber,VD Philander,1,0,,,,,,,,,
1157230,2018/19,2019-04-12,"Boland Park, Paarl",1,12.2,Warriors,Cape Cobras,TP Kaber,S Qeshile,VD Philander,4,0,,,,,,,,,
1157230,2018/19,2019-04-12,"Boland Park, Paarl",1,12.3,Warriors,Cape Cobras,TP Kaber,S Qeshile,VD Philander,1,0,,,,,,,,,
1157230,2018/19,2019-04-12,"Boland Park, Paarl",1,12.4,Warriors,Cape Cobras,S Qeshile,TP Kaber,VD Philander,0,0,,,,,,,,,
1157230,2018/19,2019-04-12,"Boland Park, Paarl",1,12.5,Warriors,Cape Cobras,S Qeshile,TP Kaber,VD Philander,0,0,,,,,,,,,
1157230,2018/19,2019-04-12,"Boland Park, Paarl",1,12.6,Warriors,Cape Cobras,S Qeshile,TP Kaber,VD Philander,0,0,,,,,,caught,S Qeshile,,
1157230,2018/19,2019-04-12,"Boland Park, Paarl",1,13.1,Warriors,Cape Cobras,ACR Birch,TP Kaber,D Paterson,0,0,,,,,,,,,
1157230,2018/19,2019-04-12,"Boland Park, Paarl",1,13.2,Warriors,Cape Cobras,ACR Birch,TP Kaber,D Paterson,0,0,,,,,,,,,
1157230,2018/19,2019-04-12,"Boland Park, Paarl",1,13.3,Warriors,Cape Cobras,ACR Birch,TP Kaber,D Paterson,4,0,,,,,,,,,
1157230,2018/19,2019-04-12,"Boland Park, Paarl",1,13.4,Warriors,Cape Cobras,ACR Birch,TP Kaber,D Paterson,0,0,,,,,,caught,ACR Birch,,
1157230,2018/19,2019-04-12,"Boland Park, Paarl",1,13.5,Warriors,Cape Cobras,J de Klerk,TP Kaber,D Paterson,4,0,,,,,,,,,
1157230,2018/19,2019-04-12,"Boland Park, Paarl",1,13.6,Warriors,Cape Cobras,J de Klerk,TP Kaber,D Paterson,1,0,,,,,,,,,
1157230,2018/19,2019-04-12,"Boland Park, Paarl",1,14.1,Warriors,Cape Cobras,J de Klerk,TP Kaber,VD Philander,0,0,,,,,,,,,
1157230,2018/19,2019-04-12,"Boland Park, Paarl",1,14.2,Warriors,Cape Cobras,J de Klerk,TP Kaber,VD Philander,0,0,,,,,,,,,
1157230,2018/19,2019-04-12,"Boland Park, Paarl",1,14.3,Warriors,Cape Cobras,J de Klerk,TP Kaber,VD Philander,0,0,,,,,,,,,
1157230,2018/19,2019-04-12,"Boland Park, Paarl",1,14.4,Warriors,Cape Cobras,J de Klerk,TP Kaber,VD Philander,4,0,,,,,,,,,
1157230,2018/19,2019-04-12,"Boland Park, Paarl",1,14.5,Warriors,Cape Cobras,J de Klerk,TP Kaber,VD Philander,0,0,,,,,,,,,
1157230,2018/19,2019-04-12,"Boland Park, Paarl",1,14.6,Warriors,Cape Cobras,J de Klerk,TP Kaber,VD Philander,1,0,,,,,,,,,
1157230,2018/19,2019-04-12,"Boland Park, Paarl",1,15.1,Warriors,Cape Cobras,J de Klerk,TP Kaber,GF Linde,1,0,,,,,,,,,
1157230,2018/19,2019-04-12,"Boland Park, Paarl",1,15.2,Warriors,Cape Cobras,TP Kaber,J de Klerk,GF Linde,1,0,,,,,,,,,
1157230,2018/19,2019-04-12,"Boland Park, Paarl",1,15.3,Warriors,Cape Cobras,J de Klerk,TP Kaber,GF Linde,1,0,,,,,,,,,
1157230,2018/19,2019-04-12,"Boland Park, Paarl",1,15.4,Warriors,Cape Cobras,TP Kaber,J de Klerk,GF Linde,4,0,,,,,,,,,
1157230,2018/19,2019-04-12,"Boland Park, Paarl",1,15.5,Warriors,Cape Cobras,TP Kaber,J de Klerk,GF Linde,0,0,,,,,,,,,
1157230,2018/19,2019-04-12,"Boland Park, Paarl",1,15.6,Warriors,Cape Cobras,TP Kaber,J de Klerk,GF Linde,1,0,,,,,,,,,
1157230,2018/19,2019-04-12,"Boland Park, Paarl",1,16.1,Warriors,Cape Cobras,TP Kaber,J de Klerk,RK Kleinveldt,1,0,,,,,,,,,
1157230,2018/19,2019-04-12,"Boland Park, Paarl",1,16.2,Warriors,Cape Cobras,J de Klerk,TP Kaber,RK Kleinveldt,1,0,,,,,,,,,
1157230,2018/19,2019-04-12,"Boland Park, Paarl",1,16.3,Warriors,Cape Cobras,TP Kaber,J de Klerk,RK Kleinveldt,0,0,,,,,,caught,TP Kaber,,
1157230,2018/19,2019-04-12,"Boland Park, Paarl",1,16.4,Warriors,Cape Cobras,J de Klerk,SSB Magala,RK Kleinveldt,0,0,,,,,,,,,
1157230,2018/19,2019-04-12,"Boland Park, Paarl",1,16.5,Warriors,Cape Cobras,J de Klerk,SSB Magala,RK Kleinveldt,1,0,,,,,,,,,
1157230,2018/19,2019-04-12,"Boland Park, Paarl",1,16.6,Warriors,Cape Cobras,SSB Magala,J de Klerk,RK Kleinveldt,1,0,,,,,,,,,
1157230,2018/19,2019-04-12,"Boland Park, Paarl",1,17.1,Warriors,Cape Cobras,SSB Magala,J de Klerk,T Bokako,0,0,,,,,,,,,
1157230,2018/19,2019-04-12,"Boland Park, Paarl",1,17.2,Warriors,Cape Cobras,SSB Magala,J de Klerk,T Bokako,0,0,,,,,,,,,
1157230,2018/19,2019-04-12,"Boland Park, Paarl",1,17.3,Warriors,Cape Cobras,SSB Magala,J de Klerk,T Bokako,4,0,,,,,,,,,
1157230,2018/19,2019-04-12,"Boland Park, Paarl",1,17.4,Warriors,Cape Cobras,SSB Magala,J de Klerk,T Bokako,0,0,,,,,,,,,
1157230,2018/19,2019-04-12,"Boland Park, Paarl",1,17.5,Warriors,Cape Cobras,SSB Magala,J de Klerk,T Bokako,1,1,,1,,,,,,,
1157230,2018/19,2019-04-12,"Boland Park, Paarl",1,17.6,Warriors,Cape Cobras,J de Klerk,SSB Magala,T Bokako,2,0,,,,,,,,,
1157230,2018/19,2019-04-12,"Boland Park, Paarl",1,17.7,Warriors,Cape Cobras,J de Klerk,SSB Magala,T Bokako,0,0,,,,,,,,,
1157230,2018/19,2019-04-12,"Boland Park, Paarl",1,18.1,Warriors,Cape Cobras,SSB Magala,J de Klerk,RK Kleinveldt,2,0,,,,,,,,,
1157230,2018/19,2019-04-12,"Boland Park, Paarl",1,18.2,Warriors,Cape Cobras,SSB Magala,J de Klerk,RK Kleinveldt,1,0,,,,,,,,,
1157230,2018/19,2019-04-12,"Boland Park, Paarl",1,18.3,Warriors,Cape Cobras,J de Klerk,SSB Magala,RK Kleinveldt,1,0,,,,,,,,,
1157230,2018/19,2019-04-12,"Boland Park, Paarl",1,18.4,Warriors,Cape Cobras,SSB Magala,J de Klerk,RK Kleinveldt,6,0,,,,,,,,,
1157230,2018/19,2019-04-12,"Boland Park, Paarl",1,18.5,Warriors,Cape Cobras,SSB Magala,J de Klerk,RK Kleinveldt,0,0,,,,,,,,,
1157230,2018/19,2019-04-12,"Boland Park, Paarl",1,18.6,Warriors,Cape Cobras,SSB Magala,J de Klerk,RK Kleinveldt,1,0,,,,,,,,,
1157230,2018/19,2019-04-12,"Boland Park, Paarl",1,19.1,Warriors,Cape Cobras,SSB Magala,J de Klerk,D Paterson,1,0,,,,,,,,,
1157230,2018/19,2019-04-12,"Boland Park, Paarl",1,19.2,Warriors,Cape Cobras,J de Klerk,SSB Magala,D Paterson,0,0,,,,,,,,,
1157230,2018/19,2019-04-12,"Boland Park, Paarl",1,19.3,Warriors,Cape Cobras,J de Klerk,SSB Magala,D Paterson,1,0,,,,,,,,,
1157230,2018/19,2019-04-12,"Boland Park, Paarl",1,19.4,Warriors,Cape Cobras,SSB Magala,J de Klerk,D Paterson,0,0,,,,,,,,,
1157230,2018/19,2019-04-12,"Boland Park, Paarl",1,19.5,Warriors,Cape Cobras,SSB Magala,J de Klerk,D Paterson,2,0,,,,,,,,,
1157230,2018/19,2019-04-12,"Boland Park, Paarl",1,19.6,Warriors,Cape Cobras,SSB Magala,J de Klerk,D Paterson,6,0,,,,,,,,,
1157230,2018/19,2019-04-12,"Boland Park, Paarl",2,0.1,Cape Cobras,Warriors,HM Amla,JN Malan,JT Smuts,0,0,,,,,,,,,
1157230,2018/19,2019-04-12,"Boland Park, Paarl",2,0.2,Cape Cobras,Warriors,HM Amla,JN Malan,JT Smuts,1,0,,,,,,,,,
1157230,2018/19,2019-04-12,"Boland Park, Paarl",2,0.3,Cape Cobras,Warriors,JN Malan,HM Amla,JT Smuts,0,0,,,,,,,,,
1157230,2018/19,2019-04-12,"Boland Park, Paarl",2,0.4,Cape Cobras,Warriors,JN Malan,HM Amla,JT Smuts,0,0,,,,,,,,,
1157230,2018/19,2019-04-12,"Boland Park, Paarl",2,0.5,Cape Cobras,Warriors,JN Malan,HM Amla,JT Smuts,0,0,,,,,,,,,
1157230,2018/19,2019-04-12,"Boland Park, Paarl",2,0.6,Cape Cobras,Warriors,JN Malan,HM Amla,JT Smuts,1,0,,,,,,,,,
1157230,2018/19,2019-04-12,"Boland Park, Paarl",2,1.1,Cape Cobras,Warriors,JN Malan,HM Amla,ACR Birch,4,0,,,,,,,,,
1157230,2018/19,2019-04-12,"Boland Park, Paarl",2,1.2,Cape Cobras,Warriors,JN Malan,HM Amla,ACR Birch,2,0,,,,,,,,,
1157230,2018/19,2019-04-12,"Boland Park, Paarl",2,1.3,Cape Cobras,Warriors,JN Malan,HM Amla,ACR Birch,0,1,1,,,,,,,,
1157230,2018/19,2019-04-12,"Boland Park, Paarl",2,1.4,Cape Cobras,Warriors,JN Malan,HM Amla,ACR Birch,4,0,,,,,,,,,
1157230,2018/19,2019-04-12,"Boland Park, Paarl",2,1.5,Cape Cobras,Warriors,JN Malan,HM Amla,ACR Birch,1,0,,,,,,,,,
1157230,2018/19,2019-04-12,"Boland Park, Paarl",2,1.6,Cape Cobras,Warriors,HM Amla,JN Malan,ACR Birch,0,0,,,,,,,,,
1157230,2018/19,2019-04-12,"Boland Park, Paarl",2,1.7,Cape Cobras,Warriors,HM Amla,JN Malan,ACR Birch,1,0,,,,,,,,,
1157230,2018/19,2019-04-12,"Boland Park, Paarl",2,2.1,Cape Cobras,Warriors,HM Amla,JN Malan,SSB Magala,1,0,,,,,,,,,
1157230,2018/19,2019-04-12,"Boland Park, Paarl",2,2.2,Cape Cobras,Warriors,JN Malan,HM Amla,SSB Magala,2,0,,,,,,,,,
1157230,2018/19,2019-04-12,"Boland Park, Paarl",2,2.3,Cape Cobras,Warriors,JN Malan,HM Amla,SSB Magala,0,0,,,,,,,,,
1157230,2018/19,2019-04-12,"Boland Park, Paarl",2,2.4,Cape Cobras,Warriors,JN Malan,HM Amla,SSB Magala,4,0,,,,,,,,,
1157230,2018/19,2019-04-12,"Boland Park, Paarl",2,2.5,Cape Cobras,Warriors,JN Malan,HM Amla,SSB Magala,2,0,,,,,,,,,
1157230,2018/19,2019-04-12,"Boland Park, Paarl",2,2.6,Cape Cobras,Warriors,JN Malan,HM Amla,SSB Magala,2,0,,,,,,,,,
1157230,2018/19,2019-04-12,"Boland Park, Paarl",2,3.1,Cape Cobras,Warriors,HM Amla,JN Malan,L Sipamla,1,0,,,,,,,,,
1157230,2018/19,2019-04-12,"Boland Park, Paarl",2,3.2,Cape Cobras,Warriors,JN Malan,HM Amla,L Sipamla,0,0,,,,,,,,,
1157230,2018/19,2019-04-12,"Boland Park, Paarl",2,3.3,Cape Cobras,Warriors,JN Malan,HM Amla,L Sipamla,1,0,,,,,,,,,
1157230,2018/19,2019-04-12,"Boland Park, Paarl",2,3.4,Cape Cobras,Warriors,HM Amla,JN Malan,L Sipamla,0,1,,,,1,,,,,
1157230,2018/19,2019-04-12,"Boland Park, Paarl",2,3.5,Cape Cobras,Warriors,JN Malan,HM Amla,L Sipamla,1,0,,,,,,,,,
1157230,2018/19,2019-04-12,"Boland Park, Paarl",2,3.6,Cape Cobras,Warriors,HM Amla,JN Malan,L Sipamla,2,0,,,,,,,,,
1157230,2018/19,2019-04-12,"Boland Park, Paarl",2,4.1,Cape Cobras,Warriors,JN Malan,HM Amla,SSB Magala,1,0,,,,,,,,,
1157230,2018/19,2019-04-12,"Boland Park, Paarl",2,4.2,Cape Cobras,Warriors,HM Amla,JN Malan,SSB Magala,1,0,,,,,,,,,
1157230,2018/19,2019-04-12,"Boland Park, Paarl",2,4.3,Cape Cobras,Warriors,JN Malan,HM Amla,SSB Magala,1,0,,,,,,,,,
1157230,2018/19,2019-04-12,"Boland Park, Paarl",2,4.4,Cape Cobras,Warriors,HM Amla,JN Malan,SSB Magala,0,0,,,,,,,,,
1157230,2018/19,2019-04-12,"Boland Park, Paarl",2,4.5,Cape Cobras,Warriors,HM Amla,JN Malan,SSB Magala,0,1,,,,1,,,,,
1157230,2018/19,2019-04-12,"Boland Park, Paarl",2,4.6,Cape Cobras,Warriors,JN Malan,HM Amla,SSB Magala,1,0,,,,,,,,,
1157230,2018/19,2019-04-12,"Boland Park, Paarl",2,5.1,Cape Cobras,Warriors,JN Malan,HM Amla,L Sipamla,4,0,,,,,,,,,
1157230,2018/19,2019-04-12,"Boland Park, Paarl",2,5.2,Cape Cobras,Warriors,JN Malan,HM Amla,L Sipamla,6,0,,,,,,,,,
1157230,2018/19,2019-04-12,"Boland Park, Paarl",2,5.3,Cape Cobras,Warriors,JN Malan,HM Amla,L Sipamla,4,0,,,,,,,,,
1157230,2018/19,2019-04-12,"Boland Park, Paarl",2,5.4,Cape Cobras,Warriors,JN Malan,HM Amla,L Sipamla,4,0,,,,,,,,,
1157230,2018/19,2019-04-12,"Boland Park, Paarl",2,5.5,Cape Cobras,Warriors,JN Malan,HM Amla,L Sipamla,4,0,,,,,,,,,
1157230,2018/19,2019-04-12,"Boland Park, Paarl",2,5.6,Cape Cobras,Warriors,JN Malan,HM Amla,L Sipamla,1,0,,,,,,,,,
1157230,2018/19,2019-04-12,"Boland Park, Paarl",2,6.1,Cape Cobras,Warriors,JN Malan,HM Amla,TP Kaber,1,0,,,,,,,,,
1157230,2018/19,2019-04-12,"Boland Park, Paarl",2,6.2,Cape Cobras,Warriors,HM Amla,JN Malan,TP Kaber,0,0,,,,,,caught,HM Amla,,
1157230,2018/19,2019-04-12,"Boland Park, Paarl",2,6.3,Cape Cobras,Warriors,DG Bedingham,JN Malan,TP Kaber,1,0,,,,,,,,,
1157230,2018/19,2019-04-12,"Boland Park, Paarl",2,6.4,Cape Cobras,Warriors,JN Malan,DG Bedingham,TP Kaber,4,0,,,,,,,,,
1157230,2018/19,2019-04-12,"Boland Park, Paarl",2,6.5,Cape Cobras,Warriors,JN Malan,DG Bedingham,TP Kaber,1,0,,,,,,,,,
1157230,2018/19,2019-04-12,"Boland Park, Paarl",2,6.6,Cape Cobras,Warriors,DG Bedingham,JN Malan,TP Kaber,1,0,,,,,,,,,
1157230,2018/19,2019-04-12,"Boland Park, Paarl",2,7.1,Cape Cobras,Warriors,DG Bedingham,JN Malan,J de Klerk,1,0,,,,,,,,,
1157230,2018/19,2019-04-12,"Boland Park, Paarl",2,7.2,Cape Cobras,Warriors,JN Malan,DG Bedingham,J de Klerk,0,0,,,,,,,,,
1157230,2018/19,2019-04-12,"Boland Park, Paarl",2,7.3,Cape Cobras,Warriors,JN Malan,DG Bedingham,J de Klerk,2,0,,,,,,,,,
1157230,2018/19,2019-04-12,"Boland Park, Paarl",2,7.4,Cape Cobras,Warriors,JN Malan,DG Bedingham,J de Klerk,1,0,,,,,,,,,
1157230,2018/19,2019-04-12,"Boland Park, Paarl",2,7.5,Cape Cobras,Warriors,DG Bedingham,JN Malan,J de Klerk,1,0,,,,,,,,,
1157230,2018/19,2019-04-12,"Boland Park, Paarl",2,7.6,Cape Cobras,Warriors,JN Malan,DG Bedingham,J de Klerk,1,0,,,,,,,,,
1157230,2018/19,2019-04-12,"Boland Park, Paarl",2,8.1,Cape Cobras,Warriors,JN Malan,DG Bedingham,TP Kaber,0,1,1,,,,,,,,
1157230,2018/19,2019-04-12,"Boland Park, Paarl",2,8.2,Cape Cobras,Warriors,JN Malan,DG Bedingham,TP Kaber,1,0,,,,,,,,,
1157230,2018/19,2019-04-12,"Boland Park, Paarl",2,8.3,Cape Cobras,Warriors,DG Bedingham,JN Malan,TP Kaber,1,0,,,,,,,,,
1157230,2018/19,2019-04-12,"Boland Park, Paarl",2,8.4,Cape Cobras,Warriors,JN Malan,DG Bedingham,TP Kaber,1,0,,,,,,,,,
1157230,2018/19,2019-04-12,"Boland Park, Paarl",2,8.5,Cape Cobras,Warriors,DG Bedingham,JN Malan,TP Kaber,6,0,,,,,,,,,
1157230,2018/19,2019-04-12,"Boland Park, Paarl",2,8.6,Cape Cobras,Warriors,DG Bedingham,JN Malan,TP Kaber,0,0,,,,,,,,,
1157230,2018/19,2019-04-12,"Boland Park, Paarl",2,8.7,Cape Cobras,Warriors,DG Bedingham,JN Malan,TP Kaber,1,0,,,,,,,,,
1157230,2018/19,2019-04-12,"Boland Park, Paarl",2,9.1,Cape Cobras,Warriors,DG Bedingham,JN Malan,J de Klerk,2,0,,,,,,,,,
1157230,2018/19,2019-04-12,"Boland Park, Paarl",2,9.2,Cape Cobras,Warriors,DG Bedingham,JN Malan,J de Klerk,2,0,,,,,,,,,
1157230,2018/19,2019-04-12,"Boland Park, Paarl",2,9.3,Cape Cobras,Warriors,DG Bedingham,JN Malan,J de Klerk,1,0,,,,,,,,,
1157230,2018/19,2019-04-12,"Boland Park, Paarl",2,9.4,Cape Cobras,Warriors,JN Malan,DG Bedingham,J de Klerk,1,0,,,,,,,,,
1157230,2018/19,2019-04-12,"Boland Park, Paarl",2,9.5,Cape Cobras,Warriors,DG Bedingham,JN Malan,J de Klerk,0,0,,,,,,,,,
1157230,2018/19,2019-04-12,"Boland Park, Paarl",2,9.6,Cape Cobras,Warriors,DG Bedingham,JN Malan,J de Klerk,2,0,,,,,,,,,
1157230,2018/19,2019-04-12,"Boland Park, Paarl",2,10.1,Cape Cobras,Warriors,JN Malan,DG Bedingham,JT Smuts,1,0,,,,,,,,,
1157230,2018/19,2019-04-12,"Boland Park, Paarl",2,10.2,Cape Cobras,Warriors,DG Bedingham,JN Malan,JT Smuts,0,0,,,,,,,,,
1157230,2018/19,2019-04-12,"Boland Park, Paarl",2,10.3,Cape Cobras,Warriors,DG Bedingham,JN Malan,JT Smuts,1,0,,,,,,,,,
1157230,2018/19,2019-04-12,"Boland Park, Paarl",2,10.4,Cape Cobras,Warriors,JN Malan,DG Bedingham,JT Smuts,4,0,,,,,,,,,
1157230,2018/19,2019-04-12,"Boland Park, Paarl",2,10.5,Cape Cobras,Warriors,JN Malan,DG Bedingham,JT Smuts,1,0,,,,,,,,,
1157230,2018/19,2019-04-12,"Boland Park, Paarl",2,10.6,Cape Cobras,Warriors,DG Bedingham,JN Malan,JT Smuts,1,0,,,,,,,,,
1157230,2018/19,2019-04-12,"Boland Park, Paarl",2,11.1,Cape Cobras,Warriors,DG Bedingham,JN Malan,J de Klerk,4,0,,,,,,,,,
1157230,2018/19,2019-04-12,"Boland Park, Paarl",2,11.2,Cape Cobras,Warriors,DG Bedingham,JN Malan,J de Klerk,1,0,,,,,,,,,
1157230,2018/19,2019-04-12,"Boland Park, Paarl",2,11.3,Cape Cobras,Warriors,JN Malan,DG Bedingham,J de Klerk,1,0,,,,,,,,,
1157230,2018/19,2019-04-12,"Boland Park, Paarl",2,11.4,Cape Cobras,Warriors,DG Bedingham,JN Malan,J de Klerk,0,0,,,,,,,,,
1157230,2018/19,2019-04-12,"Boland Park, Paarl",2,11.5,Cape Cobras,Warriors,DG Bedingham,JN Malan,J de Klerk,0,0,,,,,,caught,DG Bedingham,,
1157230,2018/19,2019-04-12,"Boland Park, Paarl",2,11.6,Cape Cobras,Warriors,JN Malan,GF Linde,J de Klerk,1,0,,,,,,,,,
1157230,2018/19,2019-04-12,"Boland Park, Paarl",2,12.1,Cape Cobras,Warriors,JN Malan,GF Linde,JT Smuts,2,0,,,,,,,,,
1157230,2018/19,2019-04-12,"Boland Park, Paarl",2,12.2,Cape Cobras,Warriors,JN Malan,GF Linde,JT Smuts,1,0,,,,,,,,,
1157230,2018/19,2019-04-12,"Boland Park, Paarl",2,12.3,Cape Cobras,Warriors,GF Linde,JN Malan,JT Smuts,1,0,,,,,,,,,
1157230,2018/19,2019-04-12,"Boland Park, Paarl",2,12.4,Cape Cobras,Warriors,JN Malan,GF Linde,JT Smuts,4,0,,,,,,,,,
1157230,2018/19,2019-04-12,"Boland Park, Paarl",2,12.5,Cape Cobras,Warriors,JN Malan,GF Linde,JT Smuts,1,0,,,,,,,,,
1157230,2018/19,2019-04-12,"Boland Park, Paarl",2,12.6,Cape Cobras,Warriors,GF Linde,JN Malan,JT Smuts,2,0,,,,,,,,,
1157230,2018/19,2019-04-12,"Boland Park, Paarl",2,13.1,Cape Cobras,Warriors,JN Malan,GF Linde,L Sipamla,4,0,,,,,,,,,
1157230,2018/19,2019-04-12,"Boland Park, Paarl",2,13.2,Cape Cobras,Warriors,JN Malan,GF Linde,L Sipamla,2,0,,,,,,,,,
1157230,2018/19,2019-04-12,"Boland Park, Paarl",2,13.3,Cape Cobras,Warriors,JN Malan,GF Linde,L Sipamla,2,0,,,,,,,,,
1157230,2018/19,2019-04-12,"Boland Park, Paarl",2,13.4,Cape Cobras,Warriors,JN Malan,GF Linde,L Sipamla,4,0,,,,,,,,,
1157230,2018/19,2019-04-12,"Boland Park, Paarl",2,13.5,Cape Cobras,Warriors,JN Malan,GF Linde,L Sipamla,2,0,,,,,,,,,
1157230,2018/19,2019-04-12,"Boland Park, Paarl",2,13.6,Cape Cobras,Warriors,JN Malan,GF Linde,L Sipamla,1,0,,,,,,,,,
1157230,2018/19,2019-04-12,"Boland Park, Paarl",2,14.1,Cape Cobras,Warriors,JN Malan,GF Linde,SSB Magala,0,0,,,,,,,,,
1157230,2018/19,2019-04-12,"Boland Park, Paarl",2,14.2,Cape Cobras,Warriors,JN Malan,GF Linde,SSB Magala,1,0,,,,,,,,,
1157230,2018/19,2019-04-12,"Boland Park, Paarl",2,14.3,Cape Cobras,Warriors,GF Linde,JN Malan,SSB Magala,6,0,,,,,,,,,
1157230,2018/19,2019-04-12,"Boland Park, Paarl",2,14.4,Cape Cobras,Warriors,GF Linde,JN Malan,SSB Magala,0,0,,,,,,caught,GF Linde,,
1157230,2018/19,2019-04-12,"Boland Park, Paarl",2,14.5,Cape Cobras,Warriors,JN Malan,VD Philander,SSB Magala,2,0,,,,,,,,,
1157230,2018/19,2019-04-12,"Boland Park, Paarl",2,14.6,Cape Cobras,Warriors,JN Malan,VD Philander,SSB Magala,1,0,,,,,,,,,
1157230,2018/19,2019-04-12,"Boland Park, Paarl",2,15.1,Cape Cobras,Warriors,JN Malan,VD Philander,ACR Birch,2,0,,,,,,,,,
1157230,2018/19,2019-04-12,"Boland Park, Paarl",2,15.2,Cape Cobras,Warriors,JN Malan,VD Philander,ACR Birch,1,0,,,,,,,,,
1157230,2018/19,2019-04-12,"Boland Park, Paarl",2,15.3,Cape Cobras,Warriors,VD Philander,JN Malan,ACR Birch,2,0,,,,,,,,,
1157230,2018/19,2019-04-12,"Boland Park, Paarl",2,15.4,Cape Cobras,Warriors,VD Philander,JN Malan,ACR Birch,1,0,,,,,,,,,
1157230,2018/19,2019-04-12,"Boland Park, Paarl",2,15.5,Cape Cobras,Warriors,JN Malan,VD Philander,ACR Birch,2,0,,,,,,,,,
