match_id,season,start_date,venue,innings,ball,batting_team,bowling_team,striker,non_striker,bowler,runs_off_bat,extras,wides,noballs,byes,legbyes,penalty,wicket_type,player_dismissed,other_wicket_type,other_player_dismissed
1235376,2020/21,2021-02-23,"Kingsmead, Durban",1,0.1,Cape Cobras,Warriors,Zubayr Hamza,T de Zorzi,A Nortje,0,0,,,,,,,,,
1235376,2020/21,2021-02-23,"Kingsmead, Durban",1,0.2,Cape Cobras,Warriors,Zubayr Hamza,T de Zorzi,A Nortje,0,0,,,,,,,,,
1235376,2020/21,2021-02-23,"Kingsmead, Durban",1,0.3,Cape Cobras,Warriors,Zubayr Hamza,T de Zorzi,A Nortje,4,0,,,,,,,,,
1235376,2020/21,2021-02-23,"Kingsmead, Durban",1,0.4,Cape Cobras,Warriors,Zubayr Hamza,T de Zorzi,A Nortje,1,0,,,,,,,,,
1235376,2020/21,2021-02-23,"Kingsmead, Durban",1,0.5,Cape Cobras,Warriors,T de Zorzi,Zubayr Hamza,A Nortje,0,0,,,,,,lbw,T de Zorzi,,
1235376,2020/21,2021-02-23,"Kingsmead, Durban",1,0.6,Cape Cobras,Warriors,K Verreynne,Zubayr Hamza,A Nortje,0,0,,,,,,,,,
1235376,2020/21,2021-02-23,"Kingsmead, Durban",1,1.1,Cape Cobras,Warriors,Zubayr Hamza,K Verreynne,JT Smuts,1,0,,,,,,,,,
1235376,2020/21,2021-02-23,"Kingsmead, Durban",1,1.2,Cape Cobras,Warriors,K Verreynne,Zubayr Hamza,JT Smuts,0,4,,,,4,,,,,
1235376,2020/21,2021-02-23,"Kingsmead, Durban",1,1.3,Cape Cobras,Warriors,K Verreynne,Zubayr Hamza,JT Smuts,1,0,,,,,,,,,
1235376,2020/21,2021-02-23,"Kingsmead, Durban",1,1.4,Cape Cobras,Warriors,Zubayr Hamza,K Verreynne,JT Smuts,4,0,,,,,,,,,
1235376,2020/21,2021-02-23,"Kingsmead, Durban",1,1.5,Cape Cobras,Warriors,Zubayr Hamza,K Verreynne,JT Smuts,0,0,,,,,,,,,
1235376,2020/21,2021-02-23,"Kingsmead, Durban",1,1.6,Cape Cobras,Warriors,Zubayr Hamza,K Verreynne,JT Smuts,0,0,,,,,,,,,
1235376,2020/21,2021-02-23,"Kingsmead, Durban",1,2.1,Cape Cobras,Warriors,K Verreynne,Zubayr Hamza,A Nortje,0,0,,,,,,,,,
1235376,2020/21,2021-02-23,"Kingsmead, Durban",1,2.2,Cape Cobras,Warriors,K Verreynne,Zubayr Hamza,A Nortje,0,0,,,,,,,,,
1235376,2020/21,2021-02-23,"Kingsmead, Durban",1,2.3,Cape Cobras,Warriors,K Verreynne,Zubayr Hamza,A Nortje,4,0,,,,,,,,,
1235376,2020/21,2021-02-23,"Kingsmead, Durban",1,2.4,Cape Cobras,Warriors,K Verreynne,Zubayr Hamza,A Nortje,6,0,,,,,,,,,
1235376,2020/21,2021-02-23,"Kingsmead, Durban",1,2.5,Cape Cobras,Warriors,K Verreynne,Zubayr Hamza,A Nortje,4,0,,,,,,,,,
1235376,2020/21,2021-02-23,"Kingsmead, Durban",1,2.6,Cape Cobras,Warriors,K Verreynne,Zubayr Hamza,A Nortje,0,0,,,,,,,,,
1235376,2020/21,2021-02-23,"Kingsmead, Durban",1,3.1,Cape Cobras,Warriors,Zubayr Hamza,K Verreynne,M Jansen,0,0,,,,,,,,,
1235376,2020/21,2021-02-23,"Kingsmead, Durban",1,3.2,Cape Cobras,Warriors,Zubayr Hamza,K Verreynne,M Jansen,2,0,,,,,,,,,
1235376,2020/21,2021-02-23,"Kingsmead, Durban",1,3.3,Cape Cobras,Warriors,Zubayr Hamza,K Verreynne,M Jansen,3,0,,,,,,,,,
1235376,2020/21,2021-02-23,"Kingsmead, Durban",1,3.4,Cape Cobras,Warriors,K Verreynne,Zubayr Hamza,M Jansen,4,0,,,,,,,,,
1235376,2020/21,2021-02-23,"Kingsmead, Durban",1,3.5,Cape Cobras,Warriors,K Verreynne,Zubayr Hamza,M Jansen,2,0,,,,,,,,,
1235376,2020/21,2021-02-23,"Kingsmead, Durban",1,3.6,Cape Cobras,Warriors,K Verreynne,Zubayr Hamza,M Jansen,4,0,,,,,,,,,
1235376,2020/21,2021-02-23,"Kingsmead, Durban",1,4.1,Cape Cobras,Warriors,Zubayr Hamza,K Verreynne,A Gqamane,0,0,,,,,,,,,
1235376,2020/21,2021-02-23,"Kingsmead, Durban",1,4.2,Cape Cobras,Warriors,Zubayr Hamza,K Verreynne,A Gqamane,0,0,,,,,,,,,
1235376,2020/21,2021-02-23,"Kingsmead, Durban",1,4.3,Cape Cobras,Warriors,Zubayr Hamza,K Verreynne,A Gqamane,0,1,,,,1,,,,,
1235376,2020/21,2021-02-23,"Kingsmead, Durban",1,4.4,Cape Cobras,Warriors,K Verreynne,Zubayr Hamza,A Gqamane,0,0,,,,,,,,,
1235376,2020/21,2021-02-23,"Kingsmead, Durban",1,4.5,Cape Cobras,Warriors,K Verreynne,Zubayr Hamza,A Gqamane,0,0,,,,,,,,,
1235376,2020/21,2021-02-23,"Kingsmead, Durban",1,4.6,Cape Cobras,Warriors,K Verreynne,Zubayr Hamza,A Gqamane,0,0,,,,,,,,,
1235376,2020/21,2021-02-23,"Kingsmead, Durban",1,5.1,Cape Cobras,Warriors,Zubayr Hamza,K Verreynne,M Jansen,0,0,,,,,,,,,
1235376,2020/21,2021-02-23,"Kingsmead, Durban",1,5.2,Cape Cobras,Warriors,Zubayr Hamza,K Verreynne,M Jansen,1,0,,,,,,,,,
1235376,2020/21,2021-02-23,"Kingsmead, Durban",1,5.3,Cape Cobras,Warriors,K Verreynne,Zubayr Hamza,M Jansen,1,0,,,,,,,,,
1235376,2020/21,2021-02-23,"Kingsmead, Durban",1,5.4,Cape Cobras,Warriors,Zubayr Hamza,K Verreynne,M Jansen,4,0,,,,,,,,,
1235376,2020/21,2021-02-23,"Kingsmead, Durban",1,5.5,Cape Cobras,Warriors,Zubayr Hamza,K Verreynne,M Jansen,0,0,,,,,,,,,
1235376,2020/21,2021-02-23,"Kingsmead, Durban",1,5.6,Cape Cobras,Warriors,Zubayr Hamza,K Verreynne,M Jansen,0,0,,,,,,,,,
1235376,2020/21,2021-02-23,"Kingsmead, Durban",1,6.1,Cape Cobras,Warriors,K Verreynne,Zubayr Hamza,A Gqamane,0,0,,,,,,,,,
1235376,2020/21,2021-02-23,"Kingsmead, Durban",1,6.2,Cape Cobras,Warriors,K Verreynne,Zubayr Hamza,A Gqamane,0,0,,,,,,lbw,K Verreynne,,
1235376,2020/21,2021-02-23,"Kingsmead, Durban",1,6.3,Cape Cobras,Warriors,C Jonker,Zubayr Hamza,A Gqamane,2,0,,,,,,,,,
1235376,2020/21,2021-02-23,"Kingsmead, Durban",1,6.4,Cape Cobras,Warriors,C Jonker,Zubayr Hamza,A Gqamane,0,0,,,,,,,,,
1235376,2020/21,2021-02-23,"Kingsmead, Durban",1,6.5,Cape Cobras,Warriors,C Jonker,Zubayr Hamza,A Gqamane,0,1,1,,,,,,,,
1235376,2020/21,2021-02-23,"Kingsmead, Durban",1,6.6,Cape Cobras,Warriors,C Jonker,Zubayr Hamza,A Gqamane,0,0,,,,,,,,,
1235376,2020/21,2021-02-23,"Kingsmead, Durban",1,6.7,Cape Cobras,Warriors,C Jonker,Zubayr Hamza,A Gqamane,0,0,,,,,,,,,
1235376,2020/21,2021-02-23,"Kingsmead, Durban",1,7.1,Cape Cobras,Warriors,Zubayr Hamza,C Jonker,M Nabe,1,0,,,,,,,,,
1235376,2020/21,2021-02-23,"Kingsmead, Durban",1,7.2,Cape Cobras,Warriors,C Jonker,Zubayr Hamza,M Nabe,1,0,,,,,,,,,
1235376,2020/21,2021-02-23,"Kingsmead, Durban",1,7.3,Cape Cobras,Warriors,Zubayr Hamza,C Jonker,M Nabe,2,0,,,,,,,,,
1235376,2020/21,2021-02-23,"Kingsmead, Durban",1,7.4,Cape Cobras,Warriors,Zubayr Hamza,C Jonker,M Nabe,4,0,,,,,,,,,
1235376,2020/21,2021-02-23,"Kingsmead, Durban",1,7.5,Cape Cobras,Warriors,Zubayr Hamza,C Jonker,M Nabe,1,0,,,,,,,,,
1235376,2020/21,2021-02-23,"Kingsmead, Durban",1,7.6,Cape Cobras,Warriors,C Jonker,Zubayr Hamza,M Nabe,1,0,,,,,,,,,
1235376,2020/21,2021-02-23,"Kingsmead, Durban",1,8.1,Cape Cobras,Warriors,C Jonker,Zubayr Hamza,L Makhosi,1,0,,,,,,,,,
1235376,2020/21,2021-02-23,"Kingsmead, Durban",1,8.2,Cape Cobras,Warriors,Zubayr Hamza,C Jonker,L Makhosi,1,0,,,,,,,,,
1235376,2020/21,2021-02-23,"Kingsmead, Durban",1,8.3,Cape Cobras,Warriors,C Jonker,Zubayr Hamza,L Makhosi,1,0,,,,,,,,,
1235376,2020/21,2021-02-23,"Kingsmead, Durban",1,8.4,Cape Cobras,Warriors,Zubayr Hamza,C Jonker,L Makhosi,1,0,,,,,,,,,
1235376,2020/21,2021-02-23,"Kingsmead, Durban",1,8.5,Cape Cobras,Warriors,C Jonker,Zubayr Hamza,L Makhosi,1,0,,,,,,,,,
1235376,2020/21,2021-02-23,"Kingsmead, Durban",1,8.6,Cape Cobras,Warriors,Zubayr Hamza,C Jonker,L Makhosi,2,0,,,,,,,,,
1235376,2020/21,2021-02-23,"Kingsmead, Durban",1,9.1,Cape Cobras,Warriors,C Jonker,Zubayr Hamza,M Nabe,4,0,,,,,,,,,
1235376,2020/21,2021-02-23,"Kingsmead, Durban",1,9.2,Cape Cobras,Warriors,C Jonker,Zubayr Hamza,M Nabe,1,0,,,,,,,,,
1235376,2020/21,2021-02-23,"Kingsmead, Durban",1,9.3,Cape Cobras,Warriors,Zubayr Hamza,C Jonker,M Nabe,1,0,,,,,,,,,
1235376,2020/21,2021-02-23,"Kingsmead, Durban",1,9.4,Cape Cobras,Warriors,C Jonker,Zubayr Hamza,M Nabe,2,0,,,,,,,,,
1235376,2020/21,2021-02-23,"Kingsmead, Durban",1,9.5,Cape Cobras,Warriors,C Jonker,Zubayr Hamza,M Nabe,1,1,,1,,,,,,,
1235376,2020/21,2021-02-23,"Kingsmead, Durban",1,9.6,Cape Cobras,Warriors,Zubayr Hamza,C Jonker,M Nabe,1,0,,,,,,,,,
1235376,2020/21,2021-02-23,"Kingsmead, Durban",1,9.7,Cape Cobras,Warriors,C Jonker,Zubayr Hamza,M Nabe,1,0,,,,,,,,,
1235376,2020/21,2021-02-23,"Kingsmead, Durban",1,10.1,Cape Cobras,Warriors,C Jonker,Zubayr Hamza,L Makhosi,1,0,,,,,,,,,
1235376,2020/21,2021-02-23,"Kingsmead, Durban",1,10.2,Cape Cobras,Warriors,Zubayr Hamza,C Jonker,L Makhosi,1,0,,,,,,,,,
1235376,2020/21,2021-02-23,"Kingsmead, Durban",1,10.3,Cape Cobras,Warriors,C Jonker,Zubayr Hamza,L Makhosi,0,0,,,,,,,,,
1235376,2020/21,2021-02-23,"Kingsmead, Durban",1,10.4,Cape Cobras,Warriors,C Jonker,Zubayr Hamza,L Makhosi,1,0,,,,,,,,,
1235376,2020/21,2021-02-23,"Kingsmead, Durban",1,10.5,Cape Cobras,Warriors,Zubayr Hamza,C Jonker,L Makhosi,1,0,,,,,,,,,
1235376,2020/21,2021-02-23,"Kingsmead, Durban",1,10.6,Cape Cobras,Warriors,C Jonker,Zubayr Hamza,L Makhosi,1,0,,,,,,,,,
1235376,2020/21,2021-02-23,"Kingsmead, Durban",1,11.1,Cape Cobras,Warriors,C Jonker,Zubayr Hamza,JT Smuts,1,0,,,,,,,,,
1235376,2020/21,2021-02-23,"Kingsmead, Durban",1,11.2,Cape Cobras,Warriors,Zubayr Hamza,C Jonker,JT Smuts,1,0,,,,,,,,,
1235376,2020/21,2021-02-23,"Kingsmead, Durban",1,11.3,Cape Cobras,Warriors,C Jonker,Zubayr Hamza,JT Smuts,1,0,,,,,,,,,
1235376,2020/21,2021-02-23,"Kingsmead, Durban",1,11.4,Cape Cobras,Warriors,Zubayr Hamza,C Jonker,JT Smuts,1,0,,,,,,,,,
1235376,2020/21,2021-02-23,"Kingsmead, Durban",1,11.5,Cape Cobras,Warriors,C Jonker,Zubayr Hamza,JT Smuts,1,0,,,,,,,,,
1235376,2020/21,2021-02-23,"Kingsmead, Durban",1,11.6,Cape Cobras,Warriors,Zubayr Hamza,C Jonker,JT Smuts,1,0,,,,,,,,,
1235376,2020/21,2021-02-23,"Kingsmead, Durban",1,12.1,Cape Cobras,Warriors,Zubayr Hamza,C Jonker,L Makhosi,1,0,,,,,,,,,
1235376,2020/21,2021-02-23,"Kingsmead, Durban",1,12.2,Cape Cobras,Warriors,C Jonker,Zubayr Hamza,L Makhosi,1,0,,,,,,,,,
1235376,2020/21,2021-02-23,"Kingsmead, Durban",1,12.3,Cape Cobras,Warriors,Zubayr Hamza,C Jonker,L Makhosi,1,0,,,,,,,,,
1235376,2020/21,2021-02-23,"Kingsmead, Durban",1,12.4,Cape Cobras,Warriors,C Jonker,Zubayr Hamza,L Makhosi,1,0,,,,,,,,,
1235376,2020/21,2021-02-23,"Kingsmead, Durban",1,12.5,Cape Cobras,Warriors,Zubayr Hamza,C Jonker,L Makhosi,4,0,,,,,,,,,
1235376,2020/21,2021-02-23,"Kingsmead, Durban",1,12.6,Cape Cobras,Warriors,Zubayr Hamza,C Jonker,L Makhosi,1,0,,,,,,,,,
1235376,2020/21,2021-02-23,"Kingsmead, Durban",1,13.1,Cape Cobras,Warriors,Zubayr Hamza,C Jonker,A Nortje,2,0,,,,,,,,,
1235376,2020/21,2021-02-23,"Kingsmead, Durban",1,13.2,Cape Cobras,Warriors,Zubayr Hamza,C Jonker,A Nortje,0,0,,,,,,,,,
1235376,2020/21,2021-02-23,"Kingsmead, Durban",1,13.3,Cape Cobras,Warriors,Zubayr Hamza,C Jonker,A Nortje,1,0,,,,,,,,,
1235376,2020/21,2021-02-23,"Kingsmead, Durban",1,13.4,Cape Cobras,Warriors,C Jonker,Zubayr Hamza,A Nortje,1,0,,,,,,,,,
1235376,2020/21,2021-02-23,"Kingsmead, Durban",1,13.5,Cape Cobras,Warriors,Zubayr Hamza,C Jonker,A Nortje,2,0,,,,,,,,,
1235376,2020/21,2021-02-23,"Kingsmead, Durban",1,13.6,Cape Cobras,Warriors,Zubayr Hamza,C Jonker,A Nortje,1,0,,,,,,,,,
1235376,2020/21,2021-02-23,"Kingsmead, Durban",1,14.1,Cape Cobras,Warriors,Zubayr Hamza,C Jonker,L Makhosi,1,0,,,,,,,,,
1235376,2020/21,2021-02-23,"Kingsmead, Durban",1,14.2,Cape Cobras,Warriors,C Jonker,Zubayr Hamza,L Makhosi,6,0,,,,,,,,,
1235376,2020/21,2021-02-23,"Kingsmead, Durban",1,14.3,Cape Cobras,Warriors,C Jonker,Zubayr Hamza,L Makhosi,1,0,,,,,,,,,
1235376,2020/21,2021-02-23,"Kingsmead, Durban",1,14.4,Cape Cobras,Warriors,Zubayr Hamza,C Jonker,L Makhosi,4,0,,,,,,,,,
1235376,2020/21,2021-02-23,"Kingsmead, Durban",1,14.5,Cape Cobras,Warriors,Zubayr Hamza,C Jonker,L Makhosi,0,0,,,,,,caught,Zubayr Hamza,,
1235376,2020/21,2021-02-23,"Kingsmead, Durban",1,14.6,Cape Cobras,Warriors,GF Linde,C Jonker,L Makhosi,1,0,,,,,,,,,
1235376,2020/21,2021-02-23,"Kingsmead, Durban",1,15.1,Cape Cobras,Warriors,GF Linde,C Jonker,A Nortje,1,0,,,,,,,,,
1235376,2020/21,2021-02-23,"Kingsmead, Durban",1,15.2,Cape Cobras,Warriors,C Jonker,GF Linde,A Nortje,1,0,,,,,,,,,
1235376,2020/21,2021-02-23,"Kingsmead, Durban",1,15.3,Cape Cobras,Warriors,GF Linde,C Jonker,A Nortje,1,0,,,,,,,,,
1235376,2020/21,2021-02-23,"Kingsmead, Durban",1,15.4,Cape Cobras,Warriors,C Jonker,GF Linde,A Nortje,0,0,,,,,,caught,C Jonker,,
1235376,2020/21,2021-02-23,"Kingsmead, Durban",1,15.5,Cape Cobras,Warriors,GF Linde,JF Smith,A Nortje,1,0,,,,,,,,,
1235376,2020/21,2021-02-23,"Kingsmead, Durban",1,15.6,Cape Cobras,Warriors,JF Smith,GF Linde,A Nortje,0,0,,,,,,,,,
1235376,2020/21,2021-02-23,"Kingsmead, Durban",1,16.1,Cape Cobras,Warriors,GF Linde,JF Smith,A Gqamane,4,0,,,,,,,,,
1235376,2020/21,2021-02-23,"Kingsmead, Durban",1,16.2,Cape Cobras,Warriors,GF Linde,JF Smith,A Gqamane,4,0,,,,,,,,,
1235376,2020/21,2021-02-23,"Kingsmead, Durban",1,16.3,Cape Cobras,Warriors,GF Linde,JF Smith,A Gqamane,4,0,,,,,,,,,
1235376,2020/21,2021-02-23,"Kingsmead, Durban",1,16.4,Cape Cobras,Warriors,GF Linde,JF Smith,A Gqamane,6,0,,,,,,,,,
1235376,2020/21,2021-02-23,"Kingsmead, Durban",1,16.5,Cape Cobras,Warriors,GF Linde,JF Smith,A Gqamane,4,0,,,,,,,,,
1235376,2020/21,2021-02-23,"Kingsmead, Durban",1,16.6,Cape Cobras,Warriors,GF Linde,JF Smith,A Gqamane,4,0,,,,,,,,,
1235376,2020/21,2021-02-23,"Kingsmead, Durban",1,17.1,Cape Cobras,Warriors,JF Smith,GF Linde,M Jansen,6,0,,,,,,,,,
1235376,2020/21,2021-02-23,"Kingsmead, Durban",1,17.2,Cape Cobras,Warriors,JF Smith,GF Linde,M Jansen,1,0,,,,,,,,,
1235376,2020/21,2021-02-23,"Kingsmead, Durban",1,17.3,Cape Cobras,Warriors,GF Linde,JF Smith,M Jansen,1,0,,,,,,,,,
1235376,2020/21,2021-02-23,"Kingsmead, Durban",1,17.4,Cape Cobras,Warriors,JF Smith,GF Linde,M Jansen,1,0,,,,,,,,,
1235376,2020/21,2021-02-23,"Kingsmead, Durban",1,17.5,Cape Cobras,Warriors,GF Linde,JF Smith,M Jansen,1,0,,,,,,,,,
1235376,2020/21,2021-02-23,"Kingsmead, Durban",1,17.6,Cape Cobras,Warriors,JF Smith,GF Linde,M Jansen,1,0,,,,,,,,,
1235376,2020/21,2021-02-23,"Kingsmead, Durban",1,18.1,Cape Cobras,Warriors,JF Smith,GF Linde,M Nabe,0,0,,,,,,bowled,JF Smith,,
1235376,2020/21,2021-02-23,"Kingsmead, Durban",1,18.2,Cape Cobras,Warriors,O Nyaku,GF Linde,M Nabe,1,0,,,,,,,,,
1235376,2020/21,2021-02-23,"Kingsmead, Durban",1,18.3,Cape Cobras,Warriors,GF Linde,O Nyaku,M Nabe,0,0,,,,,,,,,
1235376,2020/21,2021-02-23,"Kingsmead, Durban",1,18.4,Cape Cobras,Warriors,GF Linde,O Nyaku,M Nabe,6,0,,,,,,,,,
1235376,2020/21,2021-02-23,"Kingsmead, Durban",1,18.5,Cape Cobras,Warriors,GF Linde,O Nyaku,M Nabe,2,0,,,,,,,,,
1235376,2020/21,2021-02-23,"Kingsmead, Durban",1,18.6,Cape Cobras,Warriors,GF Linde,O Nyaku,M Nabe,1,0,,,,,,,,,
1235376,2020/21,2021-02-23,"Kingsmead, Durban",1,19.1,Cape Cobras,Warriors,GF Linde,O Nyaku,M Jansen,4,0,,,,,,,,,
1235376,2020/21,2021-02-23,"Kingsmead, Durban",1,19.2,Cape Cobras,Warriors,GF Linde,O Nyaku,M Jansen,0,0,,,,,,,,,
1235376,2020/21,2021-02-23,"Kingsmead, Durban",1,19.3,Cape Cobras,Warriors,GF Linde,O Nyaku,M Jansen,2,0,,,,,,,,,
1235376,2020/21,2021-02-23,"Kingsmead, Durban",1,19.4,Cape Cobras,Warriors,GF Linde,O Nyaku,M Jansen,1,0,,,,,,,,,
1235376,2020/21,2021-02-23,"Kingsmead, Durban",1,19.5,Cape Cobras,Warriors,O Nyaku,GF Linde,M Jansen,0,0,,,,,,,,,
1235376,2020/21,2021-02-23,"Kingsmead, Durban",1,19.6,Cape Cobras,Warriors,O Nyaku,GF Linde,M Jansen,0,0,,,,,,,,,
1235376,2020/21,2021-02-23,"Kingsmead, Durban",2,0.1,Warriors,Cape Cobras,M Marais,GL Cloete,I Manack,4,0,,,,,,,,,
1235376,2020/21,2021-02-23,"Kingsmead, Durban",2,0.2,Warriors,Cape Cobras,M Marais,GL Cloete,I Manack,0,0,,,,,,caught,M Marais,,
1235376,2020/21,2021-02-23,"Kingsmead, Durban",2,0.3,Warriors,Cape Cobras,JT Smuts,GL Cloete,I Manack,0,0,,,,,,,,,
1235376,2020/21,2021-02-23,"Kingsmead, Durban",2,0.4,Warriors,Cape Cobras,JT Smuts,GL Cloete,I Manack,1,0,,,,,,,,,
1235376,2020/21,2021-02-23,"Kingsmead, Durban",2,0.5,Warriors,Cape Cobras,GL Cloete,JT Smuts,I Manack,0,0,,,,,,,,,
1235376,2020/21,2021-02-23,"Kingsmead, Durban",2,0.6,Warriors,Cape Cobras,GL Cloete,JT Smuts,I Manack,0,0,,,,,,,,,
1235376,2020/21,2021-02-23,"Kingsmead, Durban",2,1.1,Warriors,Cape Cobras,JT Smuts,GL Cloete,Z Abrahams,0,1,1,,,,,,,,
1235376,2020/21,2021-02-23,"Kingsmead, Durban",2,1.2,Warriors,Cape Cobras,JT Smuts,GL Cloete,Z Abrahams,1,0,,,,,,,,,
1235376,2020/21,2021-02-23,"Kingsmead, Durban",2,1.3,Warriors,Cape Cobras,GL Cloete,JT Smuts,Z Abrahams,4,0,,,,,,,,,
1235376,2020/21,2021-02-23,"Kingsmead, Durban",2,1.4,Warriors,Cape Cobras,GL Cloete,JT Smuts,Z Abrahams,0,0,,,,,,,,,
1235376,2020/21,2021-02-23,"Kingsmead, Durban",2,1.5,Warriors,Cape Cobras,GL Cloete,JT Smuts,Z Abrahams,0,0,,,,,,,,,
1235376,2020/21,2021-02-23,"Kingsmead, Durban",2,1.6,Warriors,Cape Cobras,GL Cloete,JT Smuts,Z Abrahams,1,0,,,,,,,,,
1235376,2020/21,2021-02-23,"Kingsmead, Durban",2,1.7,Warriors,Cape Cobras,JT Smuts,GL Cloete,Z Abrahams,4,0,,,,,,,,,
1235376,2020/21,2021-02-23,"Kingsmead, Durban",2,2.1,Warriors,Cape Cobras,GL Cloete,JT Smuts,I Manack,1,0,,,,,,,,,
1235376,2020/21,2021-02-23,"Kingsmead, Durban",2,2.2,Warriors,Cape Cobras,JT Smuts,GL Cloete,I Manack,4,0,,,,,,,,,
1235376,2020/21,2021-02-23,"Kingsmead, Durban",2,2.3,Warriors,Cape Cobras,JT Smuts,GL Cloete,I Manack,0,3,3,,,,,,,,
1235376,2020/21,2021-02-23,"Kingsmead, Durban",2,2.4,Warriors,Cape Cobras,JT Smuts,GL Cloete,I Manack,0,0,,,,,,,,,
1235376,2020/21,2021-02-23,"Kingsmead, Durban",2,2.5,Warriors,Cape Cobras,JT Smuts,GL Cloete,I Manack,1,0,,,,,,,,,
1235376,2020/21,2021-02-23,"Kingsmead, Durban",2,2.6,Warriors,Cape Cobras,GL Cloete,JT Smuts,I Manack,0,0,,,,,,lbw,GL Cloete,,
1235376,2020/21,2021-02-23,"Kingsmead, Durban",2,2.7,Warriors,Cape Cobras,LC Ngoepe,JT Smuts,I Manack,0,0,,,,,,,,,
1235376,2020/21,2021-02-23,"Kingsmead, Durban",2,3.1,Warriors,Cape Cobras,JT Smuts,LC Ngoepe,TL Moreki,1,0,,,,,,,,,
1235376,2020/21,2021-02-23,"Kingsmead, Durban",2,3.2,Warriors,Cape Cobras,LC Ngoepe,JT Smuts,TL Moreki,4,0,,,,,,,,,
1235376,2020/21,2021-02-23,"Kingsmead, Durban",2,3.3,Warriors,Cape Cobras,LC Ngoepe,JT Smuts,TL Moreki,4,0,,,,,,,,,
1235376,2020/21,2021-02-23,"Kingsmead, Durban",2,3.4,Warriors,Cape Cobras,LC Ngoepe,JT Smuts,TL Moreki,0,0,,,,,,,,,
1235376,2020/21,2021-02-23,"Kingsmead, Durban",2,3.5,Warriors,Cape Cobras,LC Ngoepe,JT Smuts,TL Moreki,1,0,,,,,,,,,
1235376,2020/21,2021-02-23,"Kingsmead, Durban",2,3.6,Warriors,Cape Cobras,JT Smuts,LC Ngoepe,TL Moreki,0,0,,,,,,,,,
1235376,2020/21,2021-02-23,"Kingsmead, Durban",2,4.1,Warriors,Cape Cobras,LC Ngoepe,JT Smuts,CP Savage,0,1,1,,,,,,,,
1235376,2020/21,2021-02-23,"Kingsmead, Durban",2,4.2,Warriors,Cape Cobras,LC Ngoepe,JT Smuts,CP Savage,4,0,,,,,,,,,
1235376,2020/21,2021-02-23,"Kingsmead, Durban",2,4.3,Warriors,Cape Cobras,LC Ngoepe,JT Smuts,CP Savage,0,1,1,,,,,,,,
1235376,2020/21,2021-02-23,"Kingsmead, Durban",2,4.4,Warriors,Cape Cobras,LC Ngoepe,JT Smuts,CP Savage,1,0,,,,,,,,,
1235376,2020/21,2021-02-23,"Kingsmead, Durban",2,4.5,Warriors,Cape Cobras,JT Smuts,LC Ngoepe,CP Savage,1,0,,,,,,,,,
1235376,2020/21,2021-02-23,"Kingsmead, Durban",2,4.6,Warriors,Cape Cobras,LC Ngoepe,JT Smuts,CP Savage,0,0,,,,,,lbw,LC Ngoepe,,
1235376,2020/21,2021-02-23,"Kingsmead, Durban",2,4.7,Warriors,Cape Cobras,S Qeshile,JT Smuts,CP Savage,0,0,,,,,,,,,
1235376,2020/21,2021-02-23,"Kingsmead, Durban",2,4.8,Warriors,Cape Cobras,S Qeshile,JT Smuts,CP Savage,4,0,,,,,,,,,
1235376,2020/21,2021-02-23,"Kingsmead, Durban",2,5.1,Warriors,Cape Cobras,JT Smuts,S Qeshile,Z Abrahams,1,0,,,,,,,,,
1235376,2020/21,2021-02-23,"Kingsmead, Durban",2,5.2,Warriors,Cape Cobras,S Qeshile,JT Smuts,Z Abrahams,0,0,,,,,,,,,
1235376,2020/21,2021-02-23,"Kingsmead, Durban",2,5.3,Warriors,Cape Cobras,S Qeshile,JT Smuts,Z Abrahams,0,0,,,,,,,,,
1235376,2020/21,2021-02-23,"Kingsmead, Durban",2,5.4,Warriors,Cape Cobras,S Qeshile,JT Smuts,Z Abrahams,1,0,,,,,,,,,
1235376,2020/21,2021-02-23,"Kingsmead, Durban",2,5.5,Warriors,Cape Cobras,JT Smuts,S Qeshile,Z Abrahams,4,0,,,,,,,,,
1235376,2020/21,2021-02-23,"Kingsmead, Durban",2,5.6,Warriors,Cape Cobras,JT Smuts,S Qeshile,Z Abrahams,0,1,1,,,,,,,,
1235376,2020/21,2021-02-23,"Kingsmead, Durban",2,5.7,Warriors,Cape Cobras,JT Smuts,S Qeshile,Z Abrahams,1,0,,,,,,,,,
1235376,2020/21,2021-02-23,"Kingsmead, Durban",2,6.1,Warriors,Cape Cobras,JT Smuts,S Qeshile,GF Linde,1,0,,,,,,,,,
1235376,2020/21,2021-02-23,"Kingsmead, Durban",2,6.2,Warriors,Cape Cobras,S Qeshile,JT Smuts,GF Linde,1,0,,,,,,,,,
1235376,2020/21,2021-02-23,"Kingsmead, Durban",2,6.3,Warriors,Cape Cobras,JT Smuts,S Qeshile,GF Linde,0,0,,,,,,,,,
1235376,2020/21,2021-02-23,"Kingsmead, Durban",2,6.4,Warriors,Cape Cobras,JT Smuts,S Qeshile,GF Linde,0,0,,,,,,lbw,JT Smuts,,
1235376,2020/21,2021-02-23,"Kingsmead, Durban",2,6.5,Warriors,Cape Cobras,WJ Lubbe,S Qeshile,GF Linde,0,0,,,,,,,,,
1235376,2020/21,2021-02-23,"Kingsmead, Durban",2,6.6,Warriors,Cape Cobras,WJ Lubbe,S Qeshile,GF Linde,4,0,,,,,,,,,
1235376,2020/21,2021-02-23,"Kingsmead, Durban",2,7.1,Warriors,Cape Cobras,S Qeshile,WJ Lubbe,TL Moreki,1,0,,,,,,,,,
1235376,2020/21,2021-02-23,"Kingsmead, Durban",2,7.2,Warriors,Cape Cobras,WJ Lubbe,S Qeshile,TL Moreki,1,0,,,,,,,,,
1235376,2020/21,2021-02-23,"Kingsmead, Durban",2,7.3,Warriors,Cape Cobras,S Qeshile,WJ Lubbe,TL Moreki,0,1,1,,,,,,,,
1235376,2020/21,2021-02-23,"Kingsmead, Durban",2,7.4,Warriors,Cape Cobras,S Qeshile,WJ Lubbe,TL Moreki,1,0,,,,,,,,,
1235376,2020/21,2021-02-23,"Kingsmead, Durban",2,7.5,Warriors,Cape Cobras,WJ Lubbe,S Qeshile,TL Moreki,1,0,,,,,,,,,
1235376,2020/21,2021-02-23,"Kingsmead, Durban",2,7.6,Warriors,Cape Cobras,S Qeshile,WJ Lubbe,TL Moreki,1,0,,,,,,,,,
1235376,2020/21,2021-02-23,"Kingsmead, Durban",2,7.7,Warriors,Cape Cobras,WJ Lubbe,S Qeshile,TL Moreki,1,0,,,,,,,,,
1235376,2020/21,2021-02-23,"Kingsmead, Durban",2,8.1,Warriors,Cape Cobras,WJ Lubbe,S Qeshile,GF Linde,0,0,,,,,,caught,WJ Lubbe,,
1235376,2020/21,2021-02-23,"Kingsmead, Durban",2,8.2,Warriors,Cape Cobras,S Qeshile,A Gqamane,GF Linde,1,0,,,,,,,,,
1235376,2020/21,2021-02-23,"Kingsmead, Durban",2,8.3,Warriors,Cape Cobras,A Gqamane,S Qeshile,GF Linde,2,0,,,,,,,,,
1235376,2020/21,2021-02-23,"Kingsmead, Durban",2,8.4,Warriors,Cape Cobras,A Gqamane,S Qeshile,GF Linde,0,0,,,,,,caught,A Gqamane,,
1235376,2020/21,2021-02-23,"Kingsmead, Durban",2,8.5,Warriors,Cape Cobras,S Qeshile,M Jansen,GF Linde,1,0,,,,,,,,,
1235376,2020/21,2021-02-23,"Kingsmead, Durban",2,8.6,Warriors,Cape Cobras,M Jansen,S Qeshile,GF Linde,0,0,,,,,,,,,
1235376,2020/21,2021-02-23,"Kingsmead, Durban",2,9.1,Warriors,Cape Cobras,S Qeshile,M Jansen,I Manack,1,0,,,,,,,,,
1235376,2020/21,2021-02-23,"Kingsmead, Durban",2,9.2,Warriors,Cape Cobras,M Jansen,S Qeshile,I Manack,1,0,,,,,,,,,
1235376,2020/21,2021-02-23,"Kingsmead, Durban",2,9.3,Warriors,Cape Cobras,S Qeshile,M Jansen,I Manack,0,0,,,,,,,,,
1235376,2020/21,2021-02-23,"Kingsmead, Durban",2,9.4,Warriors,Cape Cobras,S Qeshile,M Jansen,I Manack,1,0,,,,,,,,,
1235376,2020/21,2021-02-23,"Kingsmead, Durban",2,9.5,Warriors,Cape Cobras,M Jansen,S Qeshile,I Manack,0,0,,,,,,,,,
1235376,2020/21,2021-02-23,"Kingsmead, Durban",2,9.6,Warriors,Cape Cobras,M Jansen,S Qeshile,I Manack,0,0,,,,,,,,,
1235376,2020/21,2021-02-23,"Kingsmead, Durban",2,10.1,Warriors,Cape Cobras,S Qeshile,M Jansen,GF Linde,0,0,,,,,,caught,S Qeshile,,
1235376,2020/21,2021-02-23,"Kingsmead, Durban",2,10.2,Warriors,Cape Cobras,M Jansen,A Nortje,GF Linde,1,0,,,,,,,,,
1235376,2020/21,2021-02-23,"Kingsmead, Durban",2,10.3,Warriors,Cape Cobras,A Nortje,M Jansen,GF Linde,1,0,,,,,,,,,
1235376,2020/21,2021-02-23,"Kingsmead, Durban",2,10.4,Warriors,Cape Cobras,M Jansen,A Nortje,GF Linde,1,0,,,,,,,,,
1235376,2020/21,2021-02-23,"Kingsmead, Durban",2,10.5,Warriors,Cape Cobras,A Nortje,M Jansen,GF Linde,1,0,,,,,,,,,
1235376,2020/21,2021-02-23,"Kingsmead, Durban",2,10.6,Warriors,Cape Cobras,M Jansen,A Nortje,GF Linde,1,0,,,,,,,,,
1235376,2020/21,2021-02-23,"Kingsmead, Durban",2,11.1,Warriors,Cape Cobras,M Jansen,A Nortje,I Manack,0,0,,,,,,,,,
1235376,2020/21,2021-02-23,"Kingsmead, Durban",2,11.2,Warriors,Cape Cobras,M Jansen,A Nortje,I Manack,4,0,,,,,,,,,
1235376,2020/21,2021-02-23,"Kingsmead, Durban",2,11.3,Warriors,Cape Cobras,M Jansen,A Nortje,I Manack,1,0,,,,,,,,,
1235376,2020/21,2021-02-23,"Kingsmead, Durban",2,11.4,Warriors,Cape Cobras,A Nortje,M Jansen,I Manack,0,0,,,,,,,,,
1235376,2020/21,2021-02-23,"Kingsmead, Durban",2,11.5,Warriors,Cape Cobras,A Nortje,M Jansen,I Manack,1,0,,,,,,,,,
1235376,2020/21,2021-02-23,"Kingsmead, Durban",2,11.6,Warriors,Cape Cobras,M Jansen,A Nortje,I Manack,0,0,,,,,,,,,
1235376,2020/21,2021-02-23,"Kingsmead, Durban",2,12.1,Warriors,Cape Cobras,A Nortje,M Jansen,GF Linde,1,0,,,,,,,,,
1235376,2020/21,2021-02-23,"Kingsmead, Durban",2,12.2,Warriors,Cape Cobras,M Jansen,A Nortje,GF Linde,1,0,,,,,,,,,
1235376,2020/21,2021-02-23,"Kingsmead, Durban",2,12.3,Warriors,Cape Cobras,A Nortje,M Jansen,GF Linde,1,0,,,,,,,,,
1235376,2020/21,2021-02-23,"Kingsmead, Durban",2,12.4,Warriors,Cape Cobras,M Jansen,A Nortje,GF Linde,6,0,,,,,,,,,
1235376,2020/21,2021-02-23,"Kingsmead, Durban",2,12.5,Warriors,Cape Cobras,M Jansen,A Nortje,GF Linde,0,0,,,,,,,,,
1235376,2020/21,2021-02-23,"Kingsmead, Durban",2,12.6,Warriors,Cape Cobras,M Jansen,A Nortje,GF Linde,1,0,,,,,,,,,
1235376,2020/21,2021-02-23,"Kingsmead, Durban",2,13.1,Warriors,Cape Cobras,M Jansen,A Nortje,TL Moreki,0,0,,,,,,,,,
1235376,2020/21,2021-02-23,"Kingsmead, Durban",2,13.2,Warriors,Cape Cobras,M Jansen,A Nortje,TL Moreki,1,0,,,,,,,,,
1235376,2020/21,2021-02-23,"Kingsmead, Durban",2,13.3,Warriors,Cape Cobras,A Nortje,M Jansen,TL Moreki,0,1,,,,1,,,,,
1235376,2020/21,2021-02-23,"Kingsmead, Durban",2,13.4,Warriors,Cape Cobras,M Jansen,A Nortje,TL Moreki,2,0,,,,,,,,,
1235376,2020/21,2021-02-23,"Kingsmead, Durban",2,13.5,Warriors,Cape Cobras,M Jansen,A Nortje,TL Moreki,4,0,,,,,,,,,
1235376,2020/21,2021-02-23,"Kingsmead, Durban",2,13.6,Warriors,Cape Cobras,M Jansen,A Nortje,TL Moreki,1,0,,,,,,,,,
1235376,2020/21,2021-02-23,"Kingsmead, Durban",2,14.1,Warriors,Cape Cobras,M Jansen,A Nortje,Z Abrahams,1,0,,,,,,,,,
1235376,2020/21,2021-02-23,"Kingsmead, Durban",2,14.2,Warriors,Cape Cobras,A Nortje,M Jansen,Z Abrahams,1,0,,,,,,,,,
1235376,2020/21,2021-02-23,"Kingsmead, Durban",2,14.3,Warriors,Cape Cobras,M Jansen,A Nortje,Z Abrahams,1,0,,,,,,,,,
1235376,2020/21,2021-02-23,"Kingsmead, Durban",2,14.4,Warriors,Cape Cobras,A Nortje,M Jansen,Z Abrahams,1,0,,,,,,,,,
1235376,2020/21,2021-02-23,"Kingsmead, Durban",2,14.5,Warriors,Cape Cobras,M Jansen,A Nortje,Z Abrahams,6,0,,,,,,,,,
1235376,2020/21,2021-02-23,"Kingsmead, Durban",2,14.6,Warriors,Cape Cobras,M Jansen,A Nortje,Z Abrahams,1,0,,,,,,,,,
1235376,2020/21,2021-02-23,"Kingsmead, Durban",2,15.1,Warriors,Cape Cobras,M Jansen,A Nortje,O Nyaku,1,0,,,,,,,,,
1235376,2020/21,2021-02-23,"Kingsmead, Durban",2,15.2,Warriors,Cape Cobras,A Nortje,M Jansen,O Nyaku,2,0,,,,,,,,,
1235376,2020/21,2021-02-23,"Kingsmead, Durban",2,15.3,Warriors,Cape Cobras,A Nortje,M Jansen,O Nyaku,1,0,,,,,,,,,
1235376,2020/21,2021-02-23,"Kingsmead, Durban",2,15.4,Warriors,Cape Cobras,M Jansen,A Nortje,O Nyaku,1,1,,1,,,,,,,
1235376,2020/21,2021-02-23,"Kingsmead, Durban",2,15.5,Warriors,Cape Cobras,A Nortje,M Jansen,O Nyaku,4,0,,,,,,,,,
1235376,2020/21,2021-02-23,"Kingsmead, Durban",2,15.6,Warriors,Cape Cobras,A Nortje,M Jansen,O Nyaku,1,0,,,,,,,,,
1235376,2020/21,2021-02-23,"Kingsmead, Durban",2,15.7,Warriors,Cape Cobras,M Jansen,A Nortje,O Nyaku,1,0,,,,,,,,,
1235376,2020/21,2021-02-23,"Kingsmead, Durban",2,16.1,Warriors,Cape Cobras,M Jansen,A Nortje,Z Abrahams,1,0,,,,,,,,,
1235376,2020/21,2021-02-23,"Kingsmead, Durban",2,16.2,Warriors,Cape Cobras,A Nortje,M Jansen,Z Abrahams,4,0,,,,,,,,,
1235376,2020/21,2021-02-23,"Kingsmead, Durban",2,16.3,Warriors,Cape Cobras,A Nortje,M Jansen,Z Abrahams,1,0,,,,,,,,,
1235376,2020/21,2021-02-23,"Kingsmead, Durban",2,16.4,Warriors,Cape Cobras,M Jansen,A Nortje,Z Abrahams,1,0,,,,,,,,,
1235376,2020/21,2021-02-23,"Kingsmead, Durban",2,16.5,Warriors,Cape Cobras,A Nortje,M Jansen,Z Abrahams,0,0,,,,,,,,,
1235376,2020/21,2021-02-23,"Kingsmead, Durban",2,16.6,Warriors,Cape Cobras,A Nortje,M Jansen,Z Abrahams,1,0,,,,,,,,,
1235376,2020/21,2021-02-23,"Kingsmead, Durban",2,17.1,Warriors,Cape Cobras,A Nortje,M Jansen,O Nyaku,1,0,,,,,,,,,
1235376,2020/21,2021-02-23,"Kingsmead, Durban",2,17.2,Warriors,Cape Cobras,M Jansen,A Nortje,O Nyaku,1,0,,,,,,,,,
1235376,2020/21,2021-02-23,"Kingsmead, Durban",2,17.3,Warriors,Cape Cobras,A Nortje,M Jansen,O Nyaku,2,0,,,,,,,,,
1235376,2020/21,2021-02-23,"Kingsmead, Durban",2,17.4,Warriors,Cape Cobras,A Nortje,M Jansen,O Nyaku,1,0,,,,,,,,,
1235376,2020/21,2021-02-23,"Kingsmead, Durban",2,17.5,Warriors,Cape Cobras,M Jansen,A Nortje,O Nyaku,1,0,,,,,,,,,
1235376,2020/21,2021-02-23,"Kingsmead, Durban",2,17.6,Warriors,Cape Cobras,A Nortje,M Jansen,O Nyaku,0,0,,,,,,caught,A Nortje,,
1235376,2020/21,2021-02-23,"Kingsmead, Durban",2,18.1,Warriors,Cape Cobras,M Nabe,M Jansen,TL Moreki,1,0,,,,,,,,,
1235376,2020/21,2021-02-23,"Kingsmead, Durban",2,18.2,Warriors,Cape Cobras,M Jansen,M Nabe,TL Moreki,0,5,5,,,,,,,,
1235376,2020/21,2021-02-23,"Kingsmead, Durban",2,18.3,Warriors,Cape Cobras,M Jansen,M Nabe,TL Moreki,0,0,,,,,,,,,
1235376,2020/21,2021-02-23,"Kingsmead, Durban",2,18.4,Warriors,Cape Cobras,M Jansen,M Nabe,TL Moreki,0,1,1,,,,,,,,
1235376,2020/21,2021-02-23,"Kingsmead, Durban",2,18.5,Warriors,Cape Cobras,M Jansen,M Nabe,TL Moreki,0,0,,,,,,run out,M Nabe,,
1235376,2020/21,2021-02-23,"Kingsmead, Durban",2,18.6,Warriors,Cape Cobras,M Jansen,L Makhosi,TL Moreki,0,1,,,1,,,,,,
1235376,2020/21,2021-02-23,"Kingsmead, Durban",2,18.7,Warriors,Cape Cobras,L Makhosi,M Jansen,TL Moreki,0,0,,,,,,,,,
1235376,2020/21,2021-02-23,"Kingsmead, Durban",2,18.8,Warriors,Cape Cobras,L Makhosi,M Jansen,TL Moreki,0,1,1,,,,,,,,
1235376,2020/21,2021-02-23,"Kingsmead, Durban",2,18.9,Warriors,Cape Cobras,L Makhosi,M Jansen,TL Moreki,0,0,,,,,,,,,
1235376,2020/21,2021-02-23,"Kingsmead, Durban",2,19.1,Warriors,Cape Cobras,M Jansen,L Makhosi,O Nyaku,6,0,,,,,,,,,
1235376,2020/21,2021-02-23,"Kingsmead, Durban",2,19.2,Warriors,Cape Cobras,M Jansen,L Makhosi,O Nyaku,0,0,,,,,,caught,M Jansen,,
