match_id,season,start_date,venue,innings,ball,batting_team,bowling_team,striker,non_striker,bowler,runs_off_bat,extras,wides,noballs,byes,legbyes,penalty,wicket_type,player_dismissed,other_wicket_type,other_player_dismissed
1299615,2021/22,2022-02-14,"St George's Park, Port Elizabeth",1,0.1,Warriors,Knights,WJ Lubbe,MP Breetzke,G Coetzee,0,0,,,,,,,,,
1299615,2021/22,2022-02-14,"St George's Park, Port Elizabeth",1,0.2,Warriors,Knights,WJ Lubbe,MP Breetzke,G Coetzee,0,0,,,,,,,,,
1299615,2021/22,2022-02-14,"St George's Park, Port Elizabeth",1,0.3,Warriors,Knights,WJ Lubbe,MP Breetzke,G Coetzee,0,0,,,,,,,,,
1299615,2021/22,2022-02-14,"St George's Park, Port Elizabeth",1,0.4,Warriors,Knights,WJ Lubbe,MP Breetzke,G Coetzee,2,0,,,,,,,,,
1299615,2021/22,2022-02-14,"St George's Park, Port Elizabeth",1,0.5,Warriors,Knights,WJ Lubbe,MP Breetzke,G Coetzee,0,0,,,,,,,,,
1299615,2021/22,2022-02-14,"St George's Park, Port Elizabeth",1,0.6,Warriors,Knights,WJ Lubbe,MP Breetzke,G Coetzee,1,0,,,,,,,,,
1299615,2021/22,2022-02-14,"St George's Park, Port Elizabeth",1,1.1,Warriors,Knights,WJ Lubbe,MP Breetzke,N van Heerden,4,0,,,,,,,,,
1299615,2021/22,2022-02-14,"St George's Park, Port Elizabeth",1,1.2,Warriors,Knights,WJ Lubbe,MP Breetzke,N van Heerden,0,0,,,,,,,,,
1299615,2021/22,2022-02-14,"St George's Park, Port Elizabeth",1,1.3,Warriors,Knights,WJ Lubbe,MP Breetzke,N van Heerden,2,0,,,,,,,,,
1299615,2021/22,2022-02-14,"St George's Park, Port Elizabeth",1,1.4,Warriors,Knights,WJ Lubbe,MP Breetzke,N van Heerden,0,1,1,,,,,,,,
1299615,2021/22,2022-02-14,"St George's Park, Port Elizabeth",1,1.5,Warriors,Knights,WJ Lubbe,MP Breetzke,N van Heerden,0,0,,,,,,,,,
1299615,2021/22,2022-02-14,"St George's Park, Port Elizabeth",1,1.6,Warriors,Knights,WJ Lubbe,MP Breetzke,N van Heerden,2,0,,,,,,,,,
1299615,2021/22,2022-02-14,"St George's Park, Port Elizabeth",1,1.7,Warriors,Knights,WJ Lubbe,MP Breetzke,N van Heerden,0,0,,,,,,,,,
1299615,2021/22,2022-02-14,"St George's Park, Port Elizabeth",1,2.1,Warriors,Knights,MP Breetzke,WJ Lubbe,M Budaza,1,0,,,,,,,,,
1299615,2021/22,2022-02-14,"St George's Park, Port Elizabeth",1,2.2,Warriors,Knights,WJ Lubbe,MP Breetzke,M Budaza,0,0,,,,,,,,,
1299615,2021/22,2022-02-14,"St George's Park, Port Elizabeth",1,2.3,Warriors,Knights,WJ Lubbe,MP Breetzke,M Budaza,1,0,,,,,,,,,
1299615,2021/22,2022-02-14,"St George's Park, Port Elizabeth",1,2.4,Warriors,Knights,MP Breetzke,WJ Lubbe,M Budaza,1,0,,,,,,,,,
1299615,2021/22,2022-02-14,"St George's Park, Port Elizabeth",1,2.5,Warriors,Knights,WJ Lubbe,MP Breetzke,M Budaza,0,1,1,,,,,,,,
1299615,2021/22,2022-02-14,"St George's Park, Port Elizabeth",1,2.6,Warriors,Knights,WJ Lubbe,MP Breetzke,M Budaza,4,0,,,,,,,,,
1299615,2021/22,2022-02-14,"St George's Park, Port Elizabeth",1,2.7,Warriors,Knights,WJ Lubbe,MP Breetzke,M Budaza,4,0,,,,,,,,,
1299615,2021/22,2022-02-14,"St George's Park, Port Elizabeth",1,3.1,Warriors,Knights,MP Breetzke,WJ Lubbe,G Coetzee,0,0,,,,,,,,,
1299615,2021/22,2022-02-14,"St George's Park, Port Elizabeth",1,3.2,Warriors,Knights,MP Breetzke,WJ Lubbe,G Coetzee,1,0,,,,,,,,,
1299615,2021/22,2022-02-14,"St George's Park, Port Elizabeth",1,3.3,Warriors,Knights,WJ Lubbe,MP Breetzke,G Coetzee,3,0,,,,,,,,,
1299615,2021/22,2022-02-14,"St George's Park, Port Elizabeth",1,3.4,Warriors,Knights,MP Breetzke,WJ Lubbe,G Coetzee,0,0,,,,,,,,,
1299615,2021/22,2022-02-14,"St George's Park, Port Elizabeth",1,3.5,Warriors,Knights,MP Breetzke,WJ Lubbe,G Coetzee,0,0,,,,,,,,,
1299615,2021/22,2022-02-14,"St George's Park, Port Elizabeth",1,3.6,Warriors,Knights,MP Breetzke,WJ Lubbe,G Coetzee,2,0,,,,,,,,,
1299615,2021/22,2022-02-14,"St George's Park, Port Elizabeth",1,4.1,Warriors,Knights,WJ Lubbe,MP Breetzke,SA Mothoa,0,0,,,,,,,,,
1299615,2021/22,2022-02-14,"St George's Park, Port Elizabeth",1,4.2,Warriors,Knights,WJ Lubbe,MP Breetzke,SA Mothoa,0,0,,,,,,,,,
1299615,2021/22,2022-02-14,"St George's Park, Port Elizabeth",1,4.3,Warriors,Knights,WJ Lubbe,MP Breetzke,SA Mothoa,1,0,,,,,,,,,
1299615,2021/22,2022-02-14,"St George's Park, Port Elizabeth",1,4.4,Warriors,Knights,MP Breetzke,WJ Lubbe,SA Mothoa,0,1,1,,,,,,,,
1299615,2021/22,2022-02-14,"St George's Park, Port Elizabeth",1,4.5,Warriors,Knights,MP Breetzke,WJ Lubbe,SA Mothoa,0,0,,,,,,,,,
1299615,2021/22,2022-02-14,"St George's Park, Port Elizabeth",1,4.6,Warriors,Knights,MP Breetzke,WJ Lubbe,SA Mothoa,1,0,,,,,,,,,
1299615,2021/22,2022-02-14,"St George's Park, Port Elizabeth",1,4.7,Warriors,Knights,WJ Lubbe,MP Breetzke,SA Mothoa,0,0,,,,,,caught,WJ Lubbe,,
1299615,2021/22,2022-02-14,"St George's Park, Port Elizabeth",1,5.1,Warriors,Knights,MP Breetzke,JT Smuts,M Budaza,4,0,,,,,,,,,
1299615,2021/22,2022-02-14,"St George's Park, Port Elizabeth",1,5.2,Warriors,Knights,MP Breetzke,JT Smuts,M Budaza,1,0,,,,,,,,,
1299615,2021/22,2022-02-14,"St George's Park, Port Elizabeth",1,5.3,Warriors,Knights,JT Smuts,MP Breetzke,M Budaza,0,0,,,,,,,,,
1299615,2021/22,2022-02-14,"St George's Park, Port Elizabeth",1,5.4,Warriors,Knights,JT Smuts,MP Breetzke,M Budaza,0,0,,,,,,,,,
1299615,2021/22,2022-02-14,"St George's Park, Port Elizabeth",1,5.5,Warriors,Knights,JT Smuts,MP Breetzke,M Budaza,4,0,,,,,,,,,
1299615,2021/22,2022-02-14,"St George's Park, Port Elizabeth",1,5.6,Warriors,Knights,JT Smuts,MP Breetzke,M Budaza,0,0,,,,,,,,,
1299615,2021/22,2022-02-14,"St George's Park, Port Elizabeth",1,6.1,Warriors,Knights,MP Breetzke,JT Smuts,PE Kruger,1,0,,,,,,,,,
1299615,2021/22,2022-02-14,"St George's Park, Port Elizabeth",1,6.2,Warriors,Knights,JT Smuts,MP Breetzke,PE Kruger,4,0,,,,,,,,,
1299615,2021/22,2022-02-14,"St George's Park, Port Elizabeth",1,6.3,Warriors,Knights,JT Smuts,MP Breetzke,PE Kruger,4,0,,,,,,,,,
1299615,2021/22,2022-02-14,"St George's Park, Port Elizabeth",1,6.4,Warriors,Knights,JT Smuts,MP Breetzke,PE Kruger,0,1,1,,,,,,,,
1299615,2021/22,2022-02-14,"St George's Park, Port Elizabeth",1,6.5,Warriors,Knights,JT Smuts,MP Breetzke,PE Kruger,1,0,,,,,,,,,
1299615,2021/22,2022-02-14,"St George's Park, Port Elizabeth",1,6.6,Warriors,Knights,MP Breetzke,JT Smuts,PE Kruger,1,0,,,,,,,,,
1299615,2021/22,2022-02-14,"St George's Park, Port Elizabeth",1,6.7,Warriors,Knights,JT Smuts,MP Breetzke,PE Kruger,1,0,,,,,,,,,
1299615,2021/22,2022-02-14,"St George's Park, Port Elizabeth",1,7.1,Warriors,Knights,JT Smuts,MP Breetzke,SA Mothoa,1,0,,,,,,,,,
1299615,2021/22,2022-02-14,"St George's Park, Port Elizabeth",1,7.2,Warriors,Knights,MP Breetzke,JT Smuts,SA Mothoa,0,0,,,,,,,,,
1299615,2021/22,2022-02-14,"St George's Park, Port Elizabeth",1,7.3,Warriors,Knights,MP Breetzke,JT Smuts,SA Mothoa,0,1,1,,,,,,,,
1299615,2021/22,2022-02-14,"St George's Park, Port Elizabeth",1,7.4,Warriors,Knights,MP Breetzke,JT Smuts,SA Mothoa,1,0,,,,,,,,,
1299615,2021/22,2022-02-14,"St George's Park, Port Elizabeth",1,7.5,Warriors,Knights,JT Smuts,MP Breetzke,SA Mothoa,0,0,,,,,,,,,
1299615,2021/22,2022-02-14,"St George's Park, Port Elizabeth",1,7.6,Warriors,Knights,JT Smuts,MP Breetzke,SA Mothoa,0,0,,,,,,,,,
1299615,2021/22,2022-02-14,"St George's Park, Port Elizabeth",1,7.7,Warriors,Knights,JT Smuts,MP Breetzke,SA Mothoa,1,0,,,,,,,,,
1299615,2021/22,2022-02-14,"St George's Park, Port Elizabeth",1,8.1,Warriors,Knights,JT Smuts,MP Breetzke,GJ Snyman,0,0,,,,,,caught,JT Smuts,,
1299615,2021/22,2022-02-14,"St George's Park, Port Elizabeth",1,8.2,Warriors,Knights,MP Breetzke,T Stubbs,GJ Snyman,0,0,,,,,,,,,
1299615,2021/22,2022-02-14,"St George's Park, Port Elizabeth",1,8.3,Warriors,Knights,MP Breetzke,T Stubbs,GJ Snyman,1,0,,,,,,,,,
1299615,2021/22,2022-02-14,"St George's Park, Port Elizabeth",1,8.4,Warriors,Knights,T Stubbs,MP Breetzke,GJ Snyman,0,0,,,,,,,,,
1299615,2021/22,2022-02-14,"St George's Park, Port Elizabeth",1,8.5,Warriors,Knights,T Stubbs,MP Breetzke,GJ Snyman,1,0,,,,,,,,,
1299615,2021/22,2022-02-14,"St George's Park, Port Elizabeth",1,8.6,Warriors,Knights,MP Breetzke,T Stubbs,GJ Snyman,0,0,,,,,,caught,MP Breetzke,,
1299615,2021/22,2022-02-14,"St George's Park, Port Elizabeth",1,9.1,Warriors,Knights,LC Ngoepe,T Stubbs,N van Heerden,1,0,,,,,,,,,
1299615,2021/22,2022-02-14,"St George's Park, Port Elizabeth",1,9.2,Warriors,Knights,T Stubbs,LC Ngoepe,N van Heerden,1,0,,,,,,,,,
1299615,2021/22,2022-02-14,"St George's Park, Port Elizabeth",1,9.3,Warriors,Knights,LC Ngoepe,T Stubbs,N van Heerden,1,0,,,,,,,,,
1299615,2021/22,2022-02-14,"St George's Park, Port Elizabeth",1,9.4,Warriors,Knights,T Stubbs,LC Ngoepe,N van Heerden,1,0,,,,,,,,,
1299615,2021/22,2022-02-14,"St George's Park, Port Elizabeth",1,9.5,Warriors,Knights,LC Ngoepe,T Stubbs,N van Heerden,0,0,,,,,,,,,
1299615,2021/22,2022-02-14,"St George's Park, Port Elizabeth",1,9.6,Warriors,Knights,LC Ngoepe,T Stubbs,N van Heerden,1,0,,,,,,,,,
1299615,2021/22,2022-02-14,"St George's Park, Port Elizabeth",1,10.1,Warriors,Knights,LC Ngoepe,T Stubbs,GJ Snyman,4,0,,,,,,,,,
1299615,2021/22,2022-02-14,"St George's Park, Port Elizabeth",1,10.2,Warriors,Knights,LC Ngoepe,T Stubbs,GJ Snyman,1,0,,,,,,,,,
1299615,2021/22,2022-02-14,"St George's Park, Port Elizabeth",1,10.3,Warriors,Knights,T Stubbs,LC Ngoepe,GJ Snyman,1,0,,,,,,,,,
1299615,2021/22,2022-02-14,"St George's Park, Port Elizabeth",1,10.4,Warriors,Knights,LC Ngoepe,T Stubbs,GJ Snyman,1,0,,,,,,,,,
1299615,2021/22,2022-02-14,"St George's Park, Port Elizabeth",1,10.5,Warriors,Knights,T Stubbs,LC Ngoepe,GJ Snyman,1,0,,,,,,,,,
1299615,2021/22,2022-02-14,"St George's Park, Port Elizabeth",1,10.6,Warriors,Knights,LC Ngoepe,T Stubbs,GJ Snyman,0,0,,,,,,,,,
1299615,2021/22,2022-02-14,"St George's Park, Port Elizabeth",1,11.1,Warriors,Knights,T Stubbs,LC Ngoepe,M Budaza,1,0,,,,,,,,,
1299615,2021/22,2022-02-14,"St George's Park, Port Elizabeth",1,11.2,Warriors,Knights,LC Ngoepe,T Stubbs,M Budaza,0,0,,,,,,,,,
1299615,2021/22,2022-02-14,"St George's Park, Port Elizabeth",1,11.3,Warriors,Knights,LC Ngoepe,T Stubbs,M Budaza,1,0,,,,,,,,,
1299615,2021/22,2022-02-14,"St George's Park, Port Elizabeth",1,11.4,Warriors,Knights,T Stubbs,LC Ngoepe,M Budaza,0,0,,,,,,,,,
1299615,2021/22,2022-02-14,"St George's Park, Port Elizabeth",1,11.5,Warriors,Knights,T Stubbs,LC Ngoepe,M Budaza,1,0,,,,,,,,,
1299615,2021/22,2022-02-14,"St George's Park, Port Elizabeth",1,11.6,Warriors,Knights,LC Ngoepe,T Stubbs,M Budaza,1,0,,,,,,,,,
1299615,2021/22,2022-02-14,"St George's Park, Port Elizabeth",1,12.1,Warriors,Knights,LC Ngoepe,T Stubbs,GJ Snyman,0,0,,,,,,,,,
1299615,2021/22,2022-02-14,"St George's Park, Port Elizabeth",1,12.2,Warriors,Knights,LC Ngoepe,T Stubbs,GJ Snyman,1,0,,,,,,,,,
1299615,2021/22,2022-02-14,"St George's Park, Port Elizabeth",1,12.3,Warriors,Knights,T Stubbs,LC Ngoepe,GJ Snyman,4,0,,,,,,,,,
1299615,2021/22,2022-02-14,"St George's Park, Port Elizabeth",1,12.4,Warriors,Knights,T Stubbs,LC Ngoepe,GJ Snyman,6,0,,,,,,,,,
1299615,2021/22,2022-02-14,"St George's Park, Port Elizabeth",1,12.5,Warriors,Knights,T Stubbs,LC Ngoepe,GJ Snyman,1,0,,,,,,,,,
1299615,2021/22,2022-02-14,"St George's Park, Port Elizabeth",1,12.6,Warriors,Knights,LC Ngoepe,T Stubbs,GJ Snyman,1,0,,,,,,,,,
1299615,2021/22,2022-02-14,"St George's Park, Port Elizabeth",1,13.1,Warriors,Knights,LC Ngoepe,T Stubbs,N van Heerden,1,0,,,,,,,,,
1299615,2021/22,2022-02-14,"St George's Park, Port Elizabeth",1,13.2,Warriors,Knights,T Stubbs,LC Ngoepe,N van Heerden,2,0,,,,,,,,,
1299615,2021/22,2022-02-14,"St George's Park, Port Elizabeth",1,13.3,Warriors,Knights,T Stubbs,LC Ngoepe,N van Heerden,0,0,,,,,,,,,
1299615,2021/22,2022-02-14,"St George's Park, Port Elizabeth",1,13.4,Warriors,Knights,T Stubbs,LC Ngoepe,N van Heerden,1,0,,,,,,,,,
1299615,2021/22,2022-02-14,"St George's Park, Port Elizabeth",1,13.5,Warriors,Knights,LC Ngoepe,T Stubbs,N van Heerden,6,0,,,,,,,,,
1299615,2021/22,2022-02-14,"St George's Park, Port Elizabeth",1,13.6,Warriors,Knights,LC Ngoepe,T Stubbs,N van Heerden,0,1,1,,,,,,,,
1299615,2021/22,2022-02-14,"St George's Park, Port Elizabeth",1,13.7,Warriors,Knights,LC Ngoepe,T Stubbs,N van Heerden,2,0,,,,,,,,,
1299615,2021/22,2022-02-14,"St George's Park, Port Elizabeth",1,14.1,Warriors,Knights,T Stubbs,LC Ngoepe,G Coetzee,1,0,,,,,,,,,
1299615,2021/22,2022-02-14,"St George's Park, Port Elizabeth",1,14.2,Warriors,Knights,LC Ngoepe,T Stubbs,G Coetzee,1,0,,,,,,,,,
1299615,2021/22,2022-02-14,"St George's Park, Port Elizabeth",1,14.3,Warriors,Knights,T Stubbs,LC Ngoepe,G Coetzee,1,0,,,,,,,,,
1299615,2021/22,2022-02-14,"St George's Park, Port Elizabeth",1,14.4,Warriors,Knights,LC Ngoepe,T Stubbs,G Coetzee,4,0,,,,,,,,,
1299615,2021/22,2022-02-14,"St George's Park, Port Elizabeth",1,14.5,Warriors,Knights,LC Ngoepe,T Stubbs,G Coetzee,0,0,,,,,,,,,
1299615,2021/22,2022-02-14,"St George's Park, Port Elizabeth",1,14.6,Warriors,Knights,LC Ngoepe,T Stubbs,G Coetzee,0,0,,,,,,caught,LC Ngoepe,,
1299615,2021/22,2022-02-14,"St George's Park, Port Elizabeth",1,15.1,Warriors,Knights,T Stubbs,DS Rosier,SA Mothoa,1,0,,,,,,,,,
1299615,2021/22,2022-02-14,"St George's Park, Port Elizabeth",1,15.2,Warriors,Knights,DS Rosier,T Stubbs,SA Mothoa,1,0,,,,,,,,,
1299615,2021/22,2022-02-14,"St George's Park, Port Elizabeth",1,15.3,Warriors,Knights,T Stubbs,DS Rosier,SA Mothoa,6,0,,,,,,,,,
1299615,2021/22,2022-02-14,"St George's Park, Port Elizabeth",1,15.4,Warriors,Knights,T Stubbs,DS Rosier,SA Mothoa,1,0,,,,,,,,,
1299615,2021/22,2022-02-14,"St George's Park, Port Elizabeth",1,15.5,Warriors,Knights,DS Rosier,T Stubbs,SA Mothoa,1,0,,,,,,,,,
1299615,2021/22,2022-02-14,"St George's Park, Port Elizabeth",1,15.6,Warriors,Knights,T Stubbs,DS Rosier,SA Mothoa,0,0,,,,,,,,,
1299615,2021/22,2022-02-14,"St George's Park, Port Elizabeth",1,16.1,Warriors,Knights,DS Rosier,T Stubbs,M Budaza,0,0,,,,,,,,,
1299615,2021/22,2022-02-14,"St George's Park, Port Elizabeth",1,16.2,Warriors,Knights,DS Rosier,T Stubbs,M Budaza,1,0,,,,,,,,,
1299615,2021/22,2022-02-14,"St George's Park, Port Elizabeth",1,16.3,Warriors,Knights,T Stubbs,DS Rosier,M Budaza,2,0,,,,,,,,,
1299615,2021/22,2022-02-14,"St George's Park, Port Elizabeth",1,16.4,Warriors,Knights,T Stubbs,DS Rosier,M Budaza,0,0,,,,,,,,,
1299615,2021/22,2022-02-14,"St George's Park, Port Elizabeth",1,16.5,Warriors,Knights,T Stubbs,DS Rosier,M Budaza,1,0,,,,,,,,,
1299615,2021/22,2022-02-14,"St George's Park, Port Elizabeth",1,16.6,Warriors,Knights,DS Rosier,T Stubbs,M Budaza,1,0,,,,,,,,,
1299615,2021/22,2022-02-14,"St George's Park, Port Elizabeth",1,17.1,Warriors,Knights,DS Rosier,T Stubbs,N van Heerden,2,0,,,,,,,,,
1299615,2021/22,2022-02-14,"St George's Park, Port Elizabeth",1,17.2,Warriors,Knights,DS Rosier,T Stubbs,N van Heerden,1,0,,,,,,,,,
1299615,2021/22,2022-02-14,"St George's Park, Port Elizabeth",1,17.3,Warriors,Knights,T Stubbs,DS Rosier,N van Heerden,0,1,1,,,,,,,,
1299615,2021/22,2022-02-14,"St George's Park, Port Elizabeth",1,17.4,Warriors,Knights,T Stubbs,DS Rosier,N van Heerden,1,0,,,,,,,,,
1299615,2021/22,2022-02-14,"St George's Park, Port Elizabeth",1,17.5,Warriors,Knights,DS Rosier,T Stubbs,N van Heerden,0,1,1,,,,,,,,
1299615,2021/22,2022-02-14,"St George's Park, Port Elizabeth",1,17.6,Warriors,Knights,DS Rosier,T Stubbs,N van Heerden,2,0,,,,,,,,,
1299615,2021/22,2022-02-14,"St George's Park, Port Elizabeth",1,17.7,Warriors,Knights,DS Rosier,T Stubbs,N van Heerden,2,0,,,,,,,,,
1299615,2021/22,2022-02-14,"St George's Park, Port Elizabeth",1,17.8,Warriors,Knights,DS Rosier,T Stubbs,N van Heerden,0,0,,,,,,,,,
1299615,2021/22,2022-02-14,"St George's Park, Port Elizabeth",1,18.1,Warriors,Knights,T Stubbs,DS Rosier,SA Mothoa,1,0,,,,,,,,,
1299615,2021/22,2022-02-14,"St George's Park, Port Elizabeth",1,18.2,Warriors,Knights,DS Rosier,T Stubbs,SA Mothoa,0,1,,,,1,,,,,
1299615,2021/22,2022-02-14,"St George's Park, Port Elizabeth",1,18.3,Warriors,Knights,T Stubbs,DS Rosier,SA Mothoa,2,0,,,,,,,,,
1299615,2021/22,2022-02-14,"St George's Park, Port Elizabeth",1,18.4,Warriors,Knights,T Stubbs,DS Rosier,SA Mothoa,6,0,,,,,,,,,
1299615,2021/22,2022-02-14,"St George's Park, Port Elizabeth",1,18.5,Warriors,Knights,T Stubbs,DS Rosier,SA Mothoa,4,0,,,,,,,,,
1299615,2021/22,2022-02-14,"St George's Park, Port Elizabeth",1,18.6,Warriors,Knights,T Stubbs,DS Rosier,SA Mothoa,1,0,,,,,,,,,
1299615,2021/22,2022-02-14,"St George's Park, Port Elizabeth",1,19.1,Warriors,Knights,T Stubbs,DS Rosier,G Coetzee,6,0,,,,,,,,,
1299615,2021/22,2022-02-14,"St George's Park, Port Elizabeth",1,19.2,Warriors,Knights,T Stubbs,DS Rosier,G Coetzee,6,0,,,,,,,,,
1299615,2021/22,2022-02-14,"St George's Park, Port Elizabeth",1,19.3,Warriors,Knights,T Stubbs,DS Rosier,G Coetzee,0,1,1,,,,,,,,
1299615,2021/22,2022-02-14,"St George's Park, Port Elizabeth",1,19.4,Warriors,Knights,T Stubbs,DS Rosier,G Coetzee,0,0,,,,,,,,,
1299615,2021/22,2022-02-14,"St George's Park, Port Elizabeth",1,19.5,Warriors,Knights,T Stubbs,DS Rosier,G Coetzee,4,0,,,,,,,,,
1299615,2021/22,2022-02-14,"St George's Park, Port Elizabeth",1,19.6,Warriors,Knights,T Stubbs,DS Rosier,G Coetzee,0,0,,,,,,caught,T Stubbs,,
1299615,2021/22,2022-02-14,"St George's Park, Port Elizabeth",1,19.7,Warriors,Knights,DS Rosier,S Qeshile,G Coetzee,2,0,,,,,,,,,
1299615,2021/22,2022-02-14,"St George's Park, Port Elizabeth",2,0.1,Knights,Warriors,CP Klijnhans,GJ Snyman,JT Smuts,0,0,,,,,,,,,
1299615,2021/22,2022-02-14,"St George's Park, Port Elizabeth",2,0.2,Knights,Warriors,CP Klijnhans,GJ Snyman,JT Smuts,0,0,,,,,,,,,
1299615,2021/22,2022-02-14,"St George's Park, Port Elizabeth",2,0.3,Knights,Warriors,CP Klijnhans,GJ Snyman,JT Smuts,0,0,,,,,,,,,
1299615,2021/22,2022-02-14,"St George's Park, Port Elizabeth",2,0.4,Knights,Warriors,CP Klijnhans,GJ Snyman,JT Smuts,0,0,,,,,,,,,
1299615,2021/22,2022-02-14,"St George's Park, Port Elizabeth",2,0.5,Knights,Warriors,CP Klijnhans,GJ Snyman,JT Smuts,1,0,,,,,,,,,
1299615,2021/22,2022-02-14,"St George's Park, Port Elizabeth",2,0.6,Knights,Warriors,GJ Snyman,CP Klijnhans,JT Smuts,1,0,,,,,,,,,
1299615,2021/22,2022-02-14,"St George's Park, Port Elizabeth",2,1.1,Knights,Warriors,GJ Snyman,CP Klijnhans,S Tait,0,1,1,,,,,,,,
1299615,2021/22,2022-02-14,"St George's Park, Port Elizabeth",2,1.2,Knights,Warriors,GJ Snyman,CP Klijnhans,S Tait,0,0,,,,,,,,,
1299615,2021/22,2022-02-14,"St George's Park, Port Elizabeth",2,1.3,Knights,Warriors,GJ Snyman,CP Klijnhans,S Tait,4,0,,,,,,,,,
1299615,2021/22,2022-02-14,"St George's Park, Port Elizabeth",2,1.4,Knights,Warriors,GJ Snyman,CP Klijnhans,S Tait,4,0,,,,,,,,,
1299615,2021/22,2022-02-14,"St George's Park, Port Elizabeth",2,1.5,Knights,Warriors,GJ Snyman,CP Klijnhans,S Tait,0,1,1,,,,,,,,
1299615,2021/22,2022-02-14,"St George's Park, Port Elizabeth",2,1.6,Knights,Warriors,GJ Snyman,CP Klijnhans,S Tait,6,0,,,,,,,,,
1299615,2021/22,2022-02-14,"St George's Park, Port Elizabeth",2,1.7,Knights,Warriors,GJ Snyman,CP Klijnhans,S Tait,1,0,,,,,,,,,
1299615,2021/22,2022-02-14,"St George's Park, Port Elizabeth",2,1.8,Knights,Warriors,CP Klijnhans,GJ Snyman,S Tait,0,0,,,,,,,,,
1299615,2021/22,2022-02-14,"St George's Park, Port Elizabeth",2,2.1,Knights,Warriors,GJ Snyman,CP Klijnhans,M Nabe,1,0,,,,,,,,,
1299615,2021/22,2022-02-14,"St George's Park, Port Elizabeth",2,2.2,Knights,Warriors,CP Klijnhans,GJ Snyman,M Nabe,0,0,,,,,,,,,
1299615,2021/22,2022-02-14,"St George's Park, Port Elizabeth",2,2.3,Knights,Warriors,CP Klijnhans,GJ Snyman,M Nabe,4,0,,,,,,,,,
1299615,2021/22,2022-02-14,"St George's Park, Port Elizabeth",2,2.4,Knights,Warriors,CP Klijnhans,GJ Snyman,M Nabe,0,1,1,,,,,,,,
1299615,2021/22,2022-02-14,"St George's Park, Port Elizabeth",2,2.5,Knights,Warriors,CP Klijnhans,GJ Snyman,M Nabe,1,0,,,,,,,,,
1299615,2021/22,2022-02-14,"St George's Park, Port Elizabeth",2,2.6,Knights,Warriors,GJ Snyman,CP Klijnhans,M Nabe,1,0,,,,,,,,,
1299615,2021/22,2022-02-14,"St George's Park, Port Elizabeth",2,2.7,Knights,Warriors,CP Klijnhans,GJ Snyman,M Nabe,1,0,,,,,,,,,
1299615,2021/22,2022-02-14,"St George's Park, Port Elizabeth",2,3.1,Knights,Warriors,CP Klijnhans,GJ Snyman,A Mnyaka,0,0,,,,,,,,,
1299615,2021/22,2022-02-14,"St George's Park, Port Elizabeth",2,3.2,Knights,Warriors,CP Klijnhans,GJ Snyman,A Mnyaka,0,0,,,,,,,,,
1299615,2021/22,2022-02-14,"St George's Park, Port Elizabeth",2,3.3,Knights,Warriors,CP Klijnhans,GJ Snyman,A Mnyaka,6,0,,,,,,,,,
1299615,2021/22,2022-02-14,"St George's Park, Port Elizabeth",2,3.4,Knights,Warriors,CP Klijnhans,GJ Snyman,A Mnyaka,4,0,,,,,,,,,
1299615,2021/22,2022-02-14,"St George's Park, Port Elizabeth",2,3.5,Knights,Warriors,CP Klijnhans,GJ Snyman,A Mnyaka,0,0,,,,,,,,,
1299615,2021/22,2022-02-14,"St George's Park, Port Elizabeth",2,3.6,Knights,Warriors,CP Klijnhans,GJ Snyman,A Mnyaka,4,0,,,,,,,,,
1299615,2021/22,2022-02-14,"St George's Park, Port Elizabeth",2,4.1,Knights,Warriors,GJ Snyman,CP Klijnhans,S Tait,2,0,,,,,,,,,
1299615,2021/22,2022-02-14,"St George's Park, Port Elizabeth",2,4.2,Knights,Warriors,GJ Snyman,CP Klijnhans,S Tait,4,0,,,,,,,,,
1299615,2021/22,2022-02-14,"St George's Park, Port Elizabeth",2,4.3,Knights,Warriors,GJ Snyman,CP Klijnhans,S Tait,0,0,,,,,,,,,
1299615,2021/22,2022-02-14,"St George's Park, Port Elizabeth",2,4.4,Knights,Warriors,GJ Snyman,CP Klijnhans,S Tait,0,0,,,,,,,,,
1299615,2021/22,2022-02-14,"St George's Park, Port Elizabeth",2,4.5,Knights,Warriors,GJ Snyman,CP Klijnhans,S Tait,1,0,,,,,,,,,
1299615,2021/22,2022-02-14,"St George's Park, Port Elizabeth",2,4.6,Knights,Warriors,CP Klijnhans,GJ Snyman,S Tait,4,0,,,,,,,,,
1299615,2021/22,2022-02-14,"St George's Park, Port Elizabeth",2,5.1,Knights,Warriors,GJ Snyman,CP Klijnhans,M Nabe,1,0,,,,,,,,,
1299615,2021/22,2022-02-14,"St George's Park, Port Elizabeth",2,5.2,Knights,Warriors,CP Klijnhans,GJ Snyman,M Nabe,1,0,,,,,,,,,
1299615,2021/22,2022-02-14,"St George's Park, Port Elizabeth",2,5.3,Knights,Warriors,GJ Snyman,CP Klijnhans,M Nabe,4,0,,,,,,,,,
1299615,2021/22,2022-02-14,"St George's Park, Port Elizabeth",2,5.4,Knights,Warriors,GJ Snyman,CP Klijnhans,M Nabe,0,0,,,,,,,,,
1299615,2021/22,2022-02-14,"St George's Park, Port Elizabeth",2,5.5,Knights,Warriors,GJ Snyman,CP Klijnhans,M Nabe,1,0,,,,,,,,,
1299615,2021/22,2022-02-14,"St George's Park, Port Elizabeth",2,5.6,Knights,Warriors,CP Klijnhans,GJ Snyman,M Nabe,0,0,,,,,,,,,
1299615,2021/22,2022-02-14,"St George's Park, Port Elizabeth",2,6.1,Knights,Warriors,GJ Snyman,CP Klijnhans,K Jacobs,0,0,,,,,,,,,
1299615,2021/22,2022-02-14,"St George's Park, Port Elizabeth",2,6.2,Knights,Warriors,GJ Snyman,CP Klijnhans,K Jacobs,1,0,,,,,,,,,
1299615,2021/22,2022-02-14,"St George's Park, Port Elizabeth",2,6.3,Knights,Warriors,CP Klijnhans,GJ Snyman,K Jacobs,1,0,,,,,,,,,
1299615,2021/22,2022-02-14,"St George's Park, Port Elizabeth",2,6.4,Knights,Warriors,GJ Snyman,CP Klijnhans,K Jacobs,4,0,,,,,,,,,
1299615,2021/22,2022-02-14,"St George's Park, Port Elizabeth",2,6.5,Knights,Warriors,GJ Snyman,CP Klijnhans,K Jacobs,0,0,,,,,,,,,
1299615,2021/22,2022-02-14,"St George's Park, Port Elizabeth",2,6.6,Knights,Warriors,GJ Snyman,CP Klijnhans,K Jacobs,4,0,,,,,,,,,
1299615,2021/22,2022-02-14,"St George's Park, Port Elizabeth",2,7.1,Knights,Warriors,CP Klijnhans,GJ Snyman,WJ Lubbe,1,0,,,,,,,,,
1299615,2021/22,2022-02-14,"St George's Park, Port Elizabeth",2,7.2,Knights,Warriors,GJ Snyman,CP Klijnhans,WJ Lubbe,1,0,,,,,,,,,
1299615,2021/22,2022-02-14,"St George's Park, Port Elizabeth",2,7.3,Knights,Warriors,CP Klijnhans,GJ Snyman,WJ Lubbe,1,0,,,,,,,,,
1299615,2021/22,2022-02-14,"St George's Park, Port Elizabeth",2,7.4,Knights,Warriors,GJ Snyman,CP Klijnhans,WJ Lubbe,1,0,,,,,,,,,
1299615,2021/22,2022-02-14,"St George's Park, Port Elizabeth",2,7.5,Knights,Warriors,CP Klijnhans,GJ Snyman,WJ Lubbe,1,0,,,,,,,,,
1299615,2021/22,2022-02-14,"St George's Park, Port Elizabeth",2,7.6,Knights,Warriors,GJ Snyman,CP Klijnhans,WJ Lubbe,1,0,,,,,,,,,
1299615,2021/22,2022-02-14,"St George's Park, Port Elizabeth",2,8.1,Knights,Warriors,GJ Snyman,CP Klijnhans,JT Smuts,0,0,,,,,,,,,
1299615,2021/22,2022-02-14,"St George's Park, Port Elizabeth",2,8.2,Knights,Warriors,GJ Snyman,CP Klijnhans,JT Smuts,1,0,,,,,,,,,
1299615,2021/22,2022-02-14,"St George's Park, Port Elizabeth",2,8.3,Knights,Warriors,CP Klijnhans,GJ Snyman,JT Smuts,1,0,,,,,,,,,
1299615,2021/22,2022-02-14,"St George's Park, Port Elizabeth",2,8.4,Knights,Warriors,GJ Snyman,CP Klijnhans,JT Smuts,1,0,,,,,,,,,
1299615,2021/22,2022-02-14,"St George's Park, Port Elizabeth",2,8.5,Knights,Warriors,CP Klijnhans,GJ Snyman,JT Smuts,2,0,,,,,,,,,
1299615,2021/22,2022-02-14,"St George's Park, Port Elizabeth",2,8.6,Knights,Warriors,CP Klijnhans,GJ Snyman,JT Smuts,0,0,,,,,,,,,
1299615,2021/22,2022-02-14,"St George's Park, Port Elizabeth",2,9.1,Knights,Warriors,GJ Snyman,CP Klijnhans,A Mnyaka,1,0,,,,,,,,,
1299615,2021/22,2022-02-14,"St George's Park, Port Elizabeth",2,9.2,Knights,Warriors,CP Klijnhans,GJ Snyman,A Mnyaka,0,0,,,,,,,,,
1299615,2021/22,2022-02-14,"St George's Park, Port Elizabeth",2,9.3,Knights,Warriors,CP Klijnhans,GJ Snyman,A Mnyaka,2,0,,,,,,,,,
1299615,2021/22,2022-02-14,"St George's Park, Port Elizabeth",2,9.4,Knights,Warriors,CP Klijnhans,GJ Snyman,A Mnyaka,1,0,,,,,,,,,
1299615,2021/22,2022-02-14,"St George's Park, Port Elizabeth",2,9.5,Knights,Warriors,GJ Snyman,CP Klijnhans,A Mnyaka,1,0,,,,,,,,,
1299615,2021/22,2022-02-14,"St George's Park, Port Elizabeth",2,9.6,Knights,Warriors,CP Klijnhans,GJ Snyman,A Mnyaka,0,0,,,,,,,,,
1299615,2021/22,2022-02-14,"St George's Park, Port Elizabeth",2,10.1,Knights,Warriors,GJ Snyman,CP Klijnhans,JT Smuts,4,0,,,,,,,,,
1299615,2021/22,2022-02-14,"St George's Park, Port Elizabeth",2,10.2,Knights,Warriors,GJ Snyman,CP Klijnhans,JT Smuts,1,0,,,,,,,,,
1299615,2021/22,2022-02-14,"St George's Park, Port Elizabeth",2,10.3,Knights,Warriors,CP Klijnhans,GJ Snyman,JT Smuts,2,0,,,,,,,,,
1299615,2021/22,2022-02-14,"St George's Park, Port Elizabeth",2,10.4,Knights,Warriors,CP Klijnhans,GJ Snyman,JT Smuts,0,0,,,,,,,,,
1299615,2021/22,2022-02-14,"St George's Park, Port Elizabeth",2,10.5,Knights,Warriors,CP Klijnhans,GJ Snyman,JT Smuts,0,0,,,,,,,,,
1299615,2021/22,2022-02-14,"St George's Park, Port Elizabeth",2,10.6,Knights,Warriors,CP Klijnhans,GJ Snyman,JT Smuts,0,0,,,,,,,,,
1299615,2021/22,2022-02-14,"St George's Park, Port Elizabeth",2,11.1,Knights,Warriors,GJ Snyman,CP Klijnhans,K Jacobs,1,0,,,,,,,,,
1299615,2021/22,2022-02-14,"St George's Park, Port Elizabeth",2,11.2,Knights,Warriors,CP Klijnhans,GJ Snyman,K Jacobs,1,0,,,,,,,,,
1299615,2021/22,2022-02-14,"St George's Park, Port Elizabeth",2,11.3,Knights,Warriors,GJ Snyman,CP Klijnhans,K Jacobs,1,0,,,,,,,,,
1299615,2021/22,2022-02-14,"St George's Park, Port Elizabeth",2,11.4,Knights,Warriors,CP Klijnhans,GJ Snyman,K Jacobs,1,0,,,,,,,,,
1299615,2021/22,2022-02-14,"St George's Park, Port Elizabeth",2,11.5,Knights,Warriors,GJ Snyman,CP Klijnhans,K Jacobs,1,0,,,,,,,,,
1299615,2021/22,2022-02-14,"St George's Park, Port Elizabeth",2,11.6,Knights,Warriors,CP Klijnhans,GJ Snyman,K Jacobs,2,0,,,,,,,,,
1299615,2021/22,2022-02-14,"St George's Park, Port Elizabeth",2,12.1,Knights,Warriors,GJ Snyman,CP Klijnhans,A Mnyaka,4,0,,,,,,,,,
1299615,2021/22,2022-02-14,"St George's Park, Port Elizabeth",2,12.2,Knights,Warriors,GJ Snyman,CP Klijnhans,A Mnyaka,1,0,,,,,,,,,
1299615,2021/22,2022-02-14,"St George's Park, Port Elizabeth",2,12.3,Knights,Warriors,CP Klijnhans,GJ Snyman,A Mnyaka,2,0,,,,,,,,,
1299615,2021/22,2022-02-14,"St George's Park, Port Elizabeth",2,12.4,Knights,Warriors,CP Klijnhans,GJ Snyman,A Mnyaka,1,0,,,,,,,,,
1299615,2021/22,2022-02-14,"St George's Park, Port Elizabeth",2,12.5,Knights,Warriors,GJ Snyman,CP Klijnhans,A Mnyaka,1,0,,,,,,,,,
1299615,2021/22,2022-02-14,"St George's Park, Port Elizabeth",2,12.6,Knights,Warriors,CP Klijnhans,GJ Snyman,A Mnyaka,1,0,,,,,,,,,
1299615,2021/22,2022-02-14,"St George's Park, Port Elizabeth",2,13.1,Knights,Warriors,CP Klijnhans,GJ Snyman,K Jacobs,4,0,,,,,,,,,
1299615,2021/22,2022-02-14,"St George's Park, Port Elizabeth",2,13.2,Knights,Warriors,CP Klijnhans,GJ Snyman,K Jacobs,1,0,,,,,,,,,
1299615,2021/22,2022-02-14,"St George's Park, Port Elizabeth",2,13.3,Knights,Warriors,GJ Snyman,CP Klijnhans,K Jacobs,6,0,,,,,,,,,
1299615,2021/22,2022-02-14,"St George's Park, Port Elizabeth",2,13.4,Knights,Warriors,GJ Snyman,CP Klijnhans,K Jacobs,4,0,,,,,,,,,
1299615,2021/22,2022-02-14,"St George's Park, Port Elizabeth",2,13.5,Knights,Warriors,GJ Snyman,CP Klijnhans,K Jacobs,2,0,,,,,,,,,
1299615,2021/22,2022-02-14,"St George's Park, Port Elizabeth",2,13.6,Knights,Warriors,GJ Snyman,CP Klijnhans,K Jacobs,1,0,,,,,,,,,
1299615,2021/22,2022-02-14,"St George's Park, Port Elizabeth",2,14.1,Knights,Warriors,GJ Snyman,CP Klijnhans,M Nabe,6,0,,,,,,,,,
1299615,2021/22,2022-02-14,"St George's Park, Port Elizabeth",2,14.2,Knights,Warriors,GJ Snyman,CP Klijnhans,M Nabe,4,1,,1,,,,,,,
1299615,2021/22,2022-02-14,"St George's Park, Port Elizabeth",2,14.3,Knights,Warriors,GJ Snyman,CP Klijnhans,M Nabe,1,0,,,,,,,,,
1299615,2021/22,2022-02-14,"St George's Park, Port Elizabeth",2,14.4,Knights,Warriors,CP Klijnhans,GJ Snyman,M Nabe,1,0,,,,,,,,,
1299615,2021/22,2022-02-14,"St George's Park, Port Elizabeth",2,14.5,Knights,Warriors,GJ Snyman,CP Klijnhans,M Nabe,1,0,,,,,,,,,
1299615,2021/22,2022-02-14,"St George's Park, Port Elizabeth",2,14.6,Knights,Warriors,CP Klijnhans,GJ Snyman,M Nabe,0,0,,,,,,,,,
1299615,2021/22,2022-02-14,"St George's Park, Port Elizabeth",2,14.7,Knights,Warriors,CP Klijnhans,GJ Snyman,M Nabe,1,0,,,,,,,,,
1299615,2021/22,2022-02-14,"St George's Park, Port Elizabeth",2,15.1,Knights,Warriors,CP Klijnhans,GJ Snyman,S Tait,4,0,,,,,,,,,
1299615,2021/22,2022-02-14,"St George's Park, Port Elizabeth",2,15.2,Knights,Warriors,CP Klijnhans,GJ Snyman,S Tait,1,0,,,,,,,,,
1299615,2021/22,2022-02-14,"St George's Park, Port Elizabeth",2,15.3,Knights,Warriors,GJ Snyman,CP Klijnhans,S Tait,0,0,,,,,,,,,
1299615,2021/22,2022-02-14,"St George's Park, Port Elizabeth",2,15.4,Knights,Warriors,GJ Snyman,CP Klijnhans,S Tait,1,0,,,,,,,,,
1299615,2021/22,2022-02-14,"St George's Park, Port Elizabeth",2,15.5,Knights,Warriors,CP Klijnhans,GJ Snyman,S Tait,1,0,,,,,,,,,
1299615,2021/22,2022-02-14,"St George's Park, Port Elizabeth",2,15.6,Knights,Warriors,GJ Snyman,CP Klijnhans,S Tait,1,0,,,,,,,,,
1299615,2021/22,2022-02-14,"St George's Park, Port Elizabeth",2,16.1,Knights,Warriors,GJ Snyman,CP Klijnhans,A Mnyaka,1,0,,,,,,,,,
1299615,2021/22,2022-02-14,"St George's Park, Port Elizabeth",2,16.2,Knights,Warriors,CP Klijnhans,GJ Snyman,A Mnyaka,1,0,,,,,,,,,
1299615,2021/22,2022-02-14,"St George's Park, Port Elizabeth",2,16.3,Knights,Warriors,GJ Snyman,CP Klijnhans,A Mnyaka,1,0,,,,,,,,,
1299615,2021/22,2022-02-14,"St George's Park, Port Elizabeth",2,16.4,Knights,Warriors,CP Klijnhans,GJ Snyman,A Mnyaka,0,0,,,,,,,,,
1299615,2021/22,2022-02-14,"St George's Park, Port Elizabeth",2,16.5,Knights,Warriors,CP Klijnhans,GJ Snyman,A Mnyaka,0,0,,,,,,,,,
1299615,2021/22,2022-02-14,"St George's Park, Port Elizabeth",2,16.6,Knights,Warriors,CP Klijnhans,GJ Snyman,A Mnyaka,2,0,,,,,,,,,
1299615,2021/22,2022-02-14,"St George's Park, Port Elizabeth",2,17.1,Knights,Warriors,GJ Snyman,CP Klijnhans,M Nabe,0,0,,,,,,bowled,GJ Snyman,,
1299615,2021/22,2022-02-14,"St George's Park, Port Elizabeth",2,17.2,Knights,Warriors,PJ van Biljon,CP Klijnhans,M Nabe,0,0,,,,,,,,,
1299615,2021/22,2022-02-14,"St George's Park, Port Elizabeth",2,17.3,Knights,Warriors,PJ van Biljon,CP Klijnhans,M Nabe,1,0,,,,,,,,,
1299615,2021/22,2022-02-14,"St George's Park, Port Elizabeth",2,17.4,Knights,Warriors,CP Klijnhans,PJ van Biljon,M Nabe,1,0,,,,,,,,,
1299615,2021/22,2022-02-14,"St George's Park, Port Elizabeth",2,17.5,Knights,Warriors,PJ van Biljon,CP Klijnhans,M Nabe,1,0,,,,,,,,,
1299615,2021/22,2022-02-14,"St George's Park, Port Elizabeth",2,17.6,Knights,Warriors,CP Klijnhans,PJ van Biljon,M Nabe,4,0,,,,,,,,,
1299615,2021/22,2022-02-14,"St George's Park, Port Elizabeth",2,18.1,Knights,Warriors,PJ van Biljon,CP Klijnhans,S Tait,2,0,,,,,,,,,
1299615,2021/22,2022-02-14,"St George's Park, Port Elizabeth",2,18.2,Knights,Warriors,PJ van Biljon,CP Klijnhans,S Tait,4,0,,,,,,,,,
1299615,2021/22,2022-02-14,"St George's Park, Port Elizabeth",2,18.3,Knights,Warriors,PJ van Biljon,CP Klijnhans,S Tait,0,0,,,,,,,,,
1299615,2021/22,2022-02-14,"St George's Park, Port Elizabeth",2,18.4,Knights,Warriors,PJ van Biljon,CP Klijnhans,S Tait,4,0,,,,,,,,,
