match_id,season,start_date,venue,innings,ball,batting_team,bowling_team,striker,non_striker,bowler,runs_off_bat,extras,wides,noballs,byes,legbyes,penalty,wicket_type,player_dismissed,other_wicket_type,other_player_dismissed
1299620,2021/22,2022-02-18,"St George's Park, Port Elizabeth",1,0.1,Knights,Western Province,CP Klijnhans,GJ Snyman,BE Hendricks,2,0,,,,,,,,,
1299620,2021/22,2022-02-18,"St George's Park, Port Elizabeth",1,0.2,Knights,Western Province,CP Klijnhans,GJ Snyman,BE Hendricks,0,0,,,,,,,,,
1299620,2021/22,2022-02-18,"St George's Park, Port Elizabeth",1,0.3,Knights,Western Province,CP Klijnhans,GJ Snyman,BE Hendricks,0,0,,,,,,,,,
1299620,2021/22,2022-02-18,"St George's Park, Port Elizabeth",1,0.4,Knights,Western Province,CP Klijnhans,GJ Snyman,BE Hendricks,0,0,,,,,,,,,
1299620,2021/22,2022-02-18,"St George's Park, Port Elizabeth",1,0.5,Knights,Western Province,CP Klijnhans,GJ Snyman,BE Hendricks,2,0,,,,,,,,,
1299620,2021/22,2022-02-18,"St George's Park, Port Elizabeth",1,0.6,Knights,Western Province,CP Klijnhans,GJ Snyman,BE Hendricks,1,0,,,,,,,,,
1299620,2021/22,2022-02-18,"St George's Park, Port Elizabeth",1,1.1,Knights,Western Province,CP Klijnhans,GJ Snyman,WD Parnell,0,0,,,,,,,,,
1299620,2021/22,2022-02-18,"St George's Park, Port Elizabeth",1,1.2,Knights,Western Province,CP Klijnhans,GJ Snyman,WD Parnell,0,0,,,,,,,,,
1299620,2021/22,2022-02-18,"St George's Park, Port Elizabeth",1,1.3,Knights,Western Province,CP Klijnhans,GJ Snyman,WD Parnell,1,0,,,,,,,,,
1299620,2021/22,2022-02-18,"St George's Park, Port Elizabeth",1,1.4,Knights,Western Province,GJ Snyman,CP Klijnhans,WD Parnell,0,0,,,,,,,,,
1299620,2021/22,2022-02-18,"St George's Park, Port Elizabeth",1,1.5,Knights,Western Province,GJ Snyman,CP Klijnhans,WD Parnell,1,0,,,,,,,,,
1299620,2021/22,2022-02-18,"St George's Park, Port Elizabeth",1,1.6,Knights,Western Province,CP Klijnhans,GJ Snyman,WD Parnell,0,0,,,,,,caught,CP Klijnhans,,
1299620,2021/22,2022-02-18,"St George's Park, Port Elizabeth",1,2.1,Knights,Western Province,GJ Snyman,R van Tonder,BE Hendricks,0,0,,,,,,,,,
1299620,2021/22,2022-02-18,"St George's Park, Port Elizabeth",1,2.2,Knights,Western Province,GJ Snyman,R van Tonder,BE Hendricks,0,0,,,,,,,,,
1299620,2021/22,2022-02-18,"St George's Park, Port Elizabeth",1,2.3,Knights,Western Province,GJ Snyman,R van Tonder,BE Hendricks,4,0,,,,,,,,,
1299620,2021/22,2022-02-18,"St George's Park, Port Elizabeth",1,2.4,Knights,Western Province,GJ Snyman,R van Tonder,BE Hendricks,4,0,,,,,,,,,
1299620,2021/22,2022-02-18,"St George's Park, Port Elizabeth",1,2.5,Knights,Western Province,GJ Snyman,R van Tonder,BE Hendricks,0,0,,,,,,,,,
1299620,2021/22,2022-02-18,"St George's Park, Port Elizabeth",1,2.6,Knights,Western Province,GJ Snyman,R van Tonder,BE Hendricks,0,0,,,,,,,,,
1299620,2021/22,2022-02-18,"St George's Park, Port Elizabeth",1,3.1,Knights,Western Province,R van Tonder,GJ Snyman,WD Parnell,0,0,,,,,,,,,
1299620,2021/22,2022-02-18,"St George's Park, Port Elizabeth",1,3.2,Knights,Western Province,R van Tonder,GJ Snyman,WD Parnell,0,0,,,,,,,,,
1299620,2021/22,2022-02-18,"St George's Park, Port Elizabeth",1,3.3,Knights,Western Province,R van Tonder,GJ Snyman,WD Parnell,0,0,,,,,,,,,
1299620,2021/22,2022-02-18,"St George's Park, Port Elizabeth",1,3.4,Knights,Western Province,R van Tonder,GJ Snyman,WD Parnell,0,0,,,,,,,,,
1299620,2021/22,2022-02-18,"St George's Park, Port Elizabeth",1,3.5,Knights,Western Province,R van Tonder,GJ Snyman,WD Parnell,0,0,,,,,,,,,
1299620,2021/22,2022-02-18,"St George's Park, Port Elizabeth",1,3.6,Knights,Western Province,R van Tonder,GJ Snyman,WD Parnell,0,0,,,,,,,,,
1299620,2021/22,2022-02-18,"St George's Park, Port Elizabeth",1,4.1,Knights,Western Province,GJ Snyman,R van Tonder,BD Walters,1,0,,,,,,,,,
1299620,2021/22,2022-02-18,"St George's Park, Port Elizabeth",1,4.2,Knights,Western Province,R van Tonder,GJ Snyman,BD Walters,0,0,,,,,,,,,
1299620,2021/22,2022-02-18,"St George's Park, Port Elizabeth",1,4.3,Knights,Western Province,R van Tonder,GJ Snyman,BD Walters,1,0,,,,,,,,,
1299620,2021/22,2022-02-18,"St George's Park, Port Elizabeth",1,4.4,Knights,Western Province,GJ Snyman,R van Tonder,BD Walters,0,0,,,,,,,,,
1299620,2021/22,2022-02-18,"St George's Park, Port Elizabeth",1,4.5,Knights,Western Province,GJ Snyman,R van Tonder,BD Walters,1,0,,,,,,,,,
1299620,2021/22,2022-02-18,"St George's Park, Port Elizabeth",1,4.6,Knights,Western Province,R van Tonder,GJ Snyman,BD Walters,0,0,,,,,,caught,R van Tonder,,
1299620,2021/22,2022-02-18,"St George's Park, Port Elizabeth",1,5.1,Knights,Western Province,GJ Snyman,PJ van Biljon,GF Linde,0,0,,,,,,,,,
1299620,2021/22,2022-02-18,"St George's Park, Port Elizabeth",1,5.2,Knights,Western Province,GJ Snyman,PJ van Biljon,GF Linde,1,0,,,,,,,,,
1299620,2021/22,2022-02-18,"St George's Park, Port Elizabeth",1,5.3,Knights,Western Province,PJ van Biljon,GJ Snyman,GF Linde,1,0,,,,,,,,,
1299620,2021/22,2022-02-18,"St George's Park, Port Elizabeth",1,5.4,Knights,Western Province,GJ Snyman,PJ van Biljon,GF Linde,0,0,,,,,,,,,
1299620,2021/22,2022-02-18,"St George's Park, Port Elizabeth",1,5.5,Knights,Western Province,GJ Snyman,PJ van Biljon,GF Linde,0,0,,,,,,,,,
1299620,2021/22,2022-02-18,"St George's Park, Port Elizabeth",1,5.6,Knights,Western Province,GJ Snyman,PJ van Biljon,GF Linde,1,0,,,,,,,,,
1299620,2021/22,2022-02-18,"St George's Park, Port Elizabeth",1,6.1,Knights,Western Province,GJ Snyman,PJ van Biljon,BD Walters,1,0,,,,,,,,,
1299620,2021/22,2022-02-18,"St George's Park, Port Elizabeth",1,6.2,Knights,Western Province,PJ van Biljon,GJ Snyman,BD Walters,0,0,,,,,,,,,
1299620,2021/22,2022-02-18,"St George's Park, Port Elizabeth",1,6.3,Knights,Western Province,PJ van Biljon,GJ Snyman,BD Walters,0,0,,,,,,,,,
1299620,2021/22,2022-02-18,"St George's Park, Port Elizabeth",1,6.4,Knights,Western Province,PJ van Biljon,GJ Snyman,BD Walters,1,0,,,,,,,,,
1299620,2021/22,2022-02-18,"St George's Park, Port Elizabeth",1,6.5,Knights,Western Province,GJ Snyman,PJ van Biljon,BD Walters,1,0,,,,,,,,,
1299620,2021/22,2022-02-18,"St George's Park, Port Elizabeth",1,6.6,Knights,Western Province,PJ van Biljon,GJ Snyman,BD Walters,1,0,,,,,,,,,
1299620,2021/22,2022-02-18,"St George's Park, Port Elizabeth",1,7.1,Knights,Western Province,PJ van Biljon,GJ Snyman,GF Linde,0,0,,,,,,,,,
1299620,2021/22,2022-02-18,"St George's Park, Port Elizabeth",1,7.2,Knights,Western Province,PJ van Biljon,GJ Snyman,GF Linde,1,0,,,,,,,,,
1299620,2021/22,2022-02-18,"St George's Park, Port Elizabeth",1,7.3,Knights,Western Province,GJ Snyman,PJ van Biljon,GF Linde,4,0,,,,,,,,,
1299620,2021/22,2022-02-18,"St George's Park, Port Elizabeth",1,7.4,Knights,Western Province,GJ Snyman,PJ van Biljon,GF Linde,1,0,,,,,,,,,
1299620,2021/22,2022-02-18,"St George's Park, Port Elizabeth",1,7.5,Knights,Western Province,PJ van Biljon,GJ Snyman,GF Linde,1,0,,,,,,,,,
1299620,2021/22,2022-02-18,"St George's Park, Port Elizabeth",1,7.6,Knights,Western Province,GJ Snyman,PJ van Biljon,GF Linde,0,0,,,,,,caught,GJ Snyman,,
1299620,2021/22,2022-02-18,"St George's Park, Port Elizabeth",1,8.1,Knights,Western Province,PJ van Biljon,F Behardien,J Dawood,0,0,,,,,,,,,
1299620,2021/22,2022-02-18,"St George's Park, Port Elizabeth",1,8.2,Knights,Western Province,PJ van Biljon,F Behardien,J Dawood,4,0,,,,,,,,,
1299620,2021/22,2022-02-18,"St George's Park, Port Elizabeth",1,8.3,Knights,Western Province,PJ van Biljon,F Behardien,J Dawood,0,0,,,,,,,,,
1299620,2021/22,2022-02-18,"St George's Park, Port Elizabeth",1,8.4,Knights,Western Province,PJ van Biljon,F Behardien,J Dawood,0,0,,,,,,,,,
1299620,2021/22,2022-02-18,"St George's Park, Port Elizabeth",1,8.5,Knights,Western Province,PJ van Biljon,F Behardien,J Dawood,1,0,,,,,,,,,
1299620,2021/22,2022-02-18,"St George's Park, Port Elizabeth",1,8.6,Knights,Western Province,F Behardien,PJ van Biljon,J Dawood,1,0,,,,,,,,,
1299620,2021/22,2022-02-18,"St George's Park, Port Elizabeth",1,9.1,Knights,Western Province,F Behardien,PJ van Biljon,GF Linde,1,0,,,,,,,,,
1299620,2021/22,2022-02-18,"St George's Park, Port Elizabeth",1,9.2,Knights,Western Province,PJ van Biljon,F Behardien,GF Linde,1,0,,,,,,,,,
1299620,2021/22,2022-02-18,"St George's Park, Port Elizabeth",1,9.3,Knights,Western Province,F Behardien,PJ van Biljon,GF Linde,1,0,,,,,,,,,
1299620,2021/22,2022-02-18,"St George's Park, Port Elizabeth",1,9.4,Knights,Western Province,PJ van Biljon,F Behardien,GF Linde,1,0,,,,,,,,,
1299620,2021/22,2022-02-18,"St George's Park, Port Elizabeth",1,9.5,Knights,Western Province,F Behardien,PJ van Biljon,GF Linde,1,0,,,,,,,,,
1299620,2021/22,2022-02-18,"St George's Park, Port Elizabeth",1,9.6,Knights,Western Province,PJ van Biljon,F Behardien,GF Linde,6,0,,,,,,,,,
1299620,2021/22,2022-02-18,"St George's Park, Port Elizabeth",1,10.1,Knights,Western Province,F Behardien,PJ van Biljon,J Dawood,2,0,,,,,,,,,
1299620,2021/22,2022-02-18,"St George's Park, Port Elizabeth",1,10.2,Knights,Western Province,F Behardien,PJ van Biljon,J Dawood,0,0,,,,,,caught,F Behardien,,
1299620,2021/22,2022-02-18,"St George's Park, Port Elizabeth",1,10.3,Knights,Western Province,PE Kruger,PJ van Biljon,J Dawood,1,0,,,,,,,,,
1299620,2021/22,2022-02-18,"St George's Park, Port Elizabeth",1,10.4,Knights,Western Province,PJ van Biljon,PE Kruger,J Dawood,1,0,,,,,,,,,
1299620,2021/22,2022-02-18,"St George's Park, Port Elizabeth",1,10.5,Knights,Western Province,PE Kruger,PJ van Biljon,J Dawood,1,0,,,,,,,,,
1299620,2021/22,2022-02-18,"St George's Park, Port Elizabeth",1,10.6,Knights,Western Province,PJ van Biljon,PE Kruger,J Dawood,1,0,,,,,,,,,
1299620,2021/22,2022-02-18,"St George's Park, Port Elizabeth",1,11.1,Knights,Western Province,PJ van Biljon,PE Kruger,GF Linde,0,0,,,,,,,,,
1299620,2021/22,2022-02-18,"St George's Park, Port Elizabeth",1,11.2,Knights,Western Province,PJ van Biljon,PE Kruger,GF Linde,2,0,,,,,,,,,
1299620,2021/22,2022-02-18,"St George's Park, Port Elizabeth",1,11.3,Knights,Western Province,PJ van Biljon,PE Kruger,GF Linde,4,0,,,,,,,,,
1299620,2021/22,2022-02-18,"St George's Park, Port Elizabeth",1,11.4,Knights,Western Province,PJ van Biljon,PE Kruger,GF Linde,0,0,,,,,,,,,
1299620,2021/22,2022-02-18,"St George's Park, Port Elizabeth",1,11.5,Knights,Western Province,PJ van Biljon,PE Kruger,GF Linde,1,0,,,,,,,,,
1299620,2021/22,2022-02-18,"St George's Park, Port Elizabeth",1,11.6,Knights,Western Province,PE Kruger,PJ van Biljon,GF Linde,0,0,,,,,,,,,
1299620,2021/22,2022-02-18,"St George's Park, Port Elizabeth",1,12.1,Knights,Western Province,PJ van Biljon,PE Kruger,BD Walters,0,1,1,,,,,,,,
1299620,2021/22,2022-02-18,"St George's Park, Port Elizabeth",1,12.2,Knights,Western Province,PJ van Biljon,PE Kruger,BD Walters,1,0,,,,,,,,,
1299620,2021/22,2022-02-18,"St George's Park, Port Elizabeth",1,12.3,Knights,Western Province,PE Kruger,PJ van Biljon,BD Walters,1,0,,,,,,,,,
1299620,2021/22,2022-02-18,"St George's Park, Port Elizabeth",1,12.4,Knights,Western Province,PJ van Biljon,PE Kruger,BD Walters,1,0,,,,,,,,,
1299620,2021/22,2022-02-18,"St George's Park, Port Elizabeth",1,12.5,Knights,Western Province,PE Kruger,PJ van Biljon,BD Walters,0,0,,,,,,,,,
1299620,2021/22,2022-02-18,"St George's Park, Port Elizabeth",1,12.6,Knights,Western Province,PE Kruger,PJ van Biljon,BD Walters,2,0,,,,,,,,,
1299620,2021/22,2022-02-18,"St George's Park, Port Elizabeth",1,12.7,Knights,Western Province,PE Kruger,PJ van Biljon,BD Walters,0,1,1,,,,,,,,
1299620,2021/22,2022-02-18,"St George's Park, Port Elizabeth",1,12.8,Knights,Western Province,PE Kruger,PJ van Biljon,BD Walters,1,0,,,,,,,,,
1299620,2021/22,2022-02-18,"St George's Park, Port Elizabeth",1,13.1,Knights,Western Province,PE Kruger,PJ van Biljon,J Dawood,6,0,,,,,,,,,
1299620,2021/22,2022-02-18,"St George's Park, Port Elizabeth",1,13.2,Knights,Western Province,PE Kruger,PJ van Biljon,J Dawood,0,0,,,,,,,,,
1299620,2021/22,2022-02-18,"St George's Park, Port Elizabeth",1,13.3,Knights,Western Province,PE Kruger,PJ van Biljon,J Dawood,1,0,,,,,,,,,
1299620,2021/22,2022-02-18,"St George's Park, Port Elizabeth",1,13.4,Knights,Western Province,PJ van Biljon,PE Kruger,J Dawood,1,0,,,,,,,,,
1299620,2021/22,2022-02-18,"St George's Park, Port Elizabeth",1,13.5,Knights,Western Province,PE Kruger,PJ van Biljon,J Dawood,1,0,,,,,,,,,
1299620,2021/22,2022-02-18,"St George's Park, Port Elizabeth",1,13.6,Knights,Western Province,PJ van Biljon,PE Kruger,J Dawood,1,0,,,,,,,,,
1299620,2021/22,2022-02-18,"St George's Park, Port Elizabeth",1,14.1,Knights,Western Province,PJ van Biljon,PE Kruger,BD Walters,1,0,,,,,,,,,
1299620,2021/22,2022-02-18,"St George's Park, Port Elizabeth",1,14.2,Knights,Western Province,PE Kruger,PJ van Biljon,BD Walters,0,0,,,,,,,,,
1299620,2021/22,2022-02-18,"St George's Park, Port Elizabeth",1,14.3,Knights,Western Province,PE Kruger,PJ van Biljon,BD Walters,4,0,,,,,,,,,
1299620,2021/22,2022-02-18,"St George's Park, Port Elizabeth",1,14.4,Knights,Western Province,PE Kruger,PJ van Biljon,BD Walters,6,0,,,,,,,,,
1299620,2021/22,2022-02-18,"St George's Park, Port Elizabeth",1,14.5,Knights,Western Province,PE Kruger,PJ van Biljon,BD Walters,1,0,,,,,,,,,
1299620,2021/22,2022-02-18,"St George's Park, Port Elizabeth",1,14.6,Knights,Western Province,PJ van Biljon,PE Kruger,BD Walters,1,0,,,,,,,,,
1299620,2021/22,2022-02-18,"St George's Park, Port Elizabeth",1,15.1,Knights,Western Province,PJ van Biljon,PE Kruger,WD Parnell,1,0,,,,,,,,,
1299620,2021/22,2022-02-18,"St George's Park, Port Elizabeth",1,15.2,Knights,Western Province,PE Kruger,PJ van Biljon,WD Parnell,1,0,,,,,,,,,
1299620,2021/22,2022-02-18,"St George's Park, Port Elizabeth",1,15.3,Knights,Western Province,PJ van Biljon,PE Kruger,WD Parnell,1,0,,,,,,,,,
1299620,2021/22,2022-02-18,"St George's Park, Port Elizabeth",1,15.4,Knights,Western Province,PE Kruger,PJ van Biljon,WD Parnell,1,0,,,,,,,,,
1299620,2021/22,2022-02-18,"St George's Park, Port Elizabeth",1,15.5,Knights,Western Province,PJ van Biljon,PE Kruger,WD Parnell,1,0,,,,,,,,,
1299620,2021/22,2022-02-18,"St George's Park, Port Elizabeth",1,15.6,Knights,Western Province,PE Kruger,PJ van Biljon,WD Parnell,4,0,,,,,,,,,
1299620,2021/22,2022-02-18,"St George's Park, Port Elizabeth",1,16.1,Knights,Western Province,PJ van Biljon,PE Kruger,BE Hendricks,0,0,,,,,,,,,
1299620,2021/22,2022-02-18,"St George's Park, Port Elizabeth",1,16.2,Knights,Western Province,PJ van Biljon,PE Kruger,BE Hendricks,4,0,,,,,,,,,
1299620,2021/22,2022-02-18,"St George's Park, Port Elizabeth",1,16.3,Knights,Western Province,PJ van Biljon,PE Kruger,BE Hendricks,0,0,,,,,,caught,PJ van Biljon,,
1299620,2021/22,2022-02-18,"St George's Park, Port Elizabeth",1,16.4,Knights,Western Province,PE Kruger,M Mosehle,BE Hendricks,2,0,,,,,,,,,
1299620,2021/22,2022-02-18,"St George's Park, Port Elizabeth",1,16.5,Knights,Western Province,PE Kruger,M Mosehle,BE Hendricks,1,0,,,,,,,,,
1299620,2021/22,2022-02-18,"St George's Park, Port Elizabeth",1,16.6,Knights,Western Province,M Mosehle,PE Kruger,BE Hendricks,1,0,,,,,,,,,
1299620,2021/22,2022-02-18,"St George's Park, Port Elizabeth",1,17.1,Knights,Western Province,M Mosehle,PE Kruger,J Dawood,0,1,1,,,,,,,,
1299620,2021/22,2022-02-18,"St George's Park, Port Elizabeth",1,17.2,Knights,Western Province,M Mosehle,PE Kruger,J Dawood,1,0,,,,,,,,,
1299620,2021/22,2022-02-18,"St George's Park, Port Elizabeth",1,17.3,Knights,Western Province,PE Kruger,M Mosehle,J Dawood,0,0,,,,,,bowled,PE Kruger,,
1299620,2021/22,2022-02-18,"St George's Park, Port Elizabeth",1,17.4,Knights,Western Province,G Coetzee,M Mosehle,J Dawood,1,0,,,,,,,,,
1299620,2021/22,2022-02-18,"St George's Park, Port Elizabeth",1,17.5,Knights,Western Province,M Mosehle,G Coetzee,J Dawood,1,0,,,,,,,,,
1299620,2021/22,2022-02-18,"St George's Park, Port Elizabeth",1,17.6,Knights,Western Province,G Coetzee,M Mosehle,J Dawood,0,0,,,,,,bowled,G Coetzee,,
1299620,2021/22,2022-02-18,"St George's Park, Port Elizabeth",1,17.7,Knights,Western Province,N van Heerden,M Mosehle,J Dawood,2,0,,,,,,,,,
1299620,2021/22,2022-02-18,"St George's Park, Port Elizabeth",1,18.1,Knights,Western Province,M Mosehle,N van Heerden,BE Hendricks,1,0,,,,,,,,,
1299620,2021/22,2022-02-18,"St George's Park, Port Elizabeth",1,18.2,Knights,Western Province,N van Heerden,M Mosehle,BE Hendricks,0,0,,,,,,,,,
1299620,2021/22,2022-02-18,"St George's Park, Port Elizabeth",1,18.3,Knights,Western Province,N van Heerden,M Mosehle,BE Hendricks,0,1,,,,1,,,,,
1299620,2021/22,2022-02-18,"St George's Park, Port Elizabeth",1,18.4,Knights,Western Province,M Mosehle,N van Heerden,BE Hendricks,1,0,,,,,,,,,
1299620,2021/22,2022-02-18,"St George's Park, Port Elizabeth",1,18.5,Knights,Western Province,N van Heerden,M Mosehle,BE Hendricks,1,0,,,,,,,,,
1299620,2021/22,2022-02-18,"St George's Park, Port Elizabeth",1,18.6,Knights,Western Province,M Mosehle,N van Heerden,BE Hendricks,1,0,,,,,,,,,
1299620,2021/22,2022-02-18,"St George's Park, Port Elizabeth",1,19.1,Knights,Western Province,M Mosehle,N van Heerden,WD Parnell,0,1,1,,,,,,,,
1299620,2021/22,2022-02-18,"St George's Park, Port Elizabeth",1,19.2,Knights,Western Province,M Mosehle,N van Heerden,WD Parnell,2,0,,,,,,,,,
1299620,2021/22,2022-02-18,"St George's Park, Port Elizabeth",1,19.3,Knights,Western Province,M Mosehle,N van Heerden,WD Parnell,1,0,,,,,,,,,
1299620,2021/22,2022-02-18,"St George's Park, Port Elizabeth",1,19.4,Knights,Western Province,N van Heerden,M Mosehle,WD Parnell,0,0,,,,,,,,,
1299620,2021/22,2022-02-18,"St George's Park, Port Elizabeth",1,19.5,Knights,Western Province,N van Heerden,M Mosehle,WD Parnell,1,0,,,,,,,,,
1299620,2021/22,2022-02-18,"St George's Park, Port Elizabeth",1,19.6,Knights,Western Province,M Mosehle,N van Heerden,WD Parnell,0,0,,,,,,caught,M Mosehle,,
1299620,2021/22,2022-02-18,"St George's Park, Port Elizabeth",1,19.7,Knights,Western Province,N van Heerden,SA Mothoa,WD Parnell,0,0,,,,,,,,,
1299620,2021/22,2022-02-18,"St George's Park, Port Elizabeth",2,0.1,Western Province,Knights,RE Levi,JA Bird,G Coetzee,0,1,1,,,,,,,,
1299620,2021/22,2022-02-18,"St George's Park, Port Elizabeth",2,0.2,Western Province,Knights,RE Levi,JA Bird,G Coetzee,1,0,,,,,,,,,
1299620,2021/22,2022-02-18,"St George's Park, Port Elizabeth",2,0.3,Western Province,Knights,JA Bird,RE Levi,G Coetzee,1,0,,,,,,,,,
1299620,2021/22,2022-02-18,"St George's Park, Port Elizabeth",2,0.4,Western Province,Knights,RE Levi,JA Bird,G Coetzee,0,1,,,,1,,,,,
1299620,2021/22,2022-02-18,"St George's Park, Port Elizabeth",2,0.5,Western Province,Knights,JA Bird,RE Levi,G Coetzee,0,0,,,,,,,,,
1299620,2021/22,2022-02-18,"St George's Park, Port Elizabeth",2,0.6,Western Province,Knights,JA Bird,RE Levi,G Coetzee,1,0,,,,,,,,,
1299620,2021/22,2022-02-18,"St George's Park, Port Elizabeth",2,0.7,Western Province,Knights,RE Levi,JA Bird,G Coetzee,1,0,,,,,,,,,
1299620,2021/22,2022-02-18,"St George's Park, Port Elizabeth",2,1.1,Western Province,Knights,RE Levi,JA Bird,SA Mothoa,0,0,,,,,,,,,
1299620,2021/22,2022-02-18,"St George's Park, Port Elizabeth",2,1.2,Western Province,Knights,RE Levi,JA Bird,SA Mothoa,0,0,,,,,,caught,RE Levi,,
1299620,2021/22,2022-02-18,"St George's Park, Port Elizabeth",2,1.3,Western Province,Knights,JA Bird,T de Zorzi,SA Mothoa,0,0,,,,,,,,,
1299620,2021/22,2022-02-18,"St George's Park, Port Elizabeth",2,1.4,Western Province,Knights,JA Bird,T de Zorzi,SA Mothoa,1,0,,,,,,,,,
1299620,2021/22,2022-02-18,"St George's Park, Port Elizabeth",2,1.5,Western Province,Knights,T de Zorzi,JA Bird,SA Mothoa,4,0,,,,,,,,,
1299620,2021/22,2022-02-18,"St George's Park, Port Elizabeth",2,1.6,Western Province,Knights,T de Zorzi,JA Bird,SA Mothoa,2,0,,,,,,,,,
1299620,2021/22,2022-02-18,"St George's Park, Port Elizabeth",2,2.1,Western Province,Knights,JA Bird,T de Zorzi,GJ Snyman,1,0,,,,,,,,,
1299620,2021/22,2022-02-18,"St George's Park, Port Elizabeth",2,2.2,Western Province,Knights,T de Zorzi,JA Bird,GJ Snyman,1,0,,,,,,,,,
1299620,2021/22,2022-02-18,"St George's Park, Port Elizabeth",2,2.3,Western Province,Knights,JA Bird,T de Zorzi,GJ Snyman,0,0,,,,,,,,,
1299620,2021/22,2022-02-18,"St George's Park, Port Elizabeth",2,2.4,Western Province,Knights,JA Bird,T de Zorzi,GJ Snyman,1,0,,,,,,,,,
1299620,2021/22,2022-02-18,"St George's Park, Port Elizabeth",2,2.5,Western Province,Knights,T de Zorzi,JA Bird,GJ Snyman,0,0,,,,,,,,,
1299620,2021/22,2022-02-18,"St George's Park, Port Elizabeth",2,2.6,Western Province,Knights,T de Zorzi,JA Bird,GJ Snyman,4,0,,,,,,,,,
1299620,2021/22,2022-02-18,"St George's Park, Port Elizabeth",2,3.1,Western Province,Knights,JA Bird,T de Zorzi,G Coetzee,1,0,,,,,,,,,
1299620,2021/22,2022-02-18,"St George's Park, Port Elizabeth",2,3.2,Western Province,Knights,T de Zorzi,JA Bird,G Coetzee,1,0,,,,,,,,,
1299620,2021/22,2022-02-18,"St George's Park, Port Elizabeth",2,3.3,Western Province,Knights,JA Bird,T de Zorzi,G Coetzee,4,0,,,,,,,,,
1299620,2021/22,2022-02-18,"St George's Park, Port Elizabeth",2,3.4,Western Province,Knights,JA Bird,T de Zorzi,G Coetzee,0,0,,,,,,,,,
1299620,2021/22,2022-02-18,"St George's Park, Port Elizabeth",2,3.5,Western Province,Knights,JA Bird,T de Zorzi,G Coetzee,0,0,,,,,,,,,
1299620,2021/22,2022-02-18,"St George's Park, Port Elizabeth",2,3.6,Western Province,Knights,JA Bird,T de Zorzi,G Coetzee,6,0,,,,,,,,,
1299620,2021/22,2022-02-18,"St George's Park, Port Elizabeth",2,4.1,Western Province,Knights,T de Zorzi,JA Bird,SA Mothoa,1,0,,,,,,,,,
1299620,2021/22,2022-02-18,"St George's Park, Port Elizabeth",2,4.2,Western Province,Knights,JA Bird,T de Zorzi,SA Mothoa,1,0,,,,,,,,,
1299620,2021/22,2022-02-18,"St George's Park, Port Elizabeth",2,4.3,Western Province,Knights,T de Zorzi,JA Bird,SA Mothoa,1,0,,,,,,,,,
1299620,2021/22,2022-02-18,"St George's Park, Port Elizabeth",2,4.4,Western Province,Knights,JA Bird,T de Zorzi,SA Mothoa,6,0,,,,,,,,,
1299620,2021/22,2022-02-18,"St George's Park, Port Elizabeth",2,4.5,Western Province,Knights,JA Bird,T de Zorzi,SA Mothoa,2,0,,,,,,,,,
1299620,2021/22,2022-02-18,"St George's Park, Port Elizabeth",2,4.6,Western Province,Knights,JA Bird,T de Zorzi,SA Mothoa,0,0,,,,,,,,,
1299620,2021/22,2022-02-18,"St George's Park, Port Elizabeth",2,5.1,Western Province,Knights,T de Zorzi,JA Bird,M Budaza,0,2,2,,,,,,,,
1299620,2021/22,2022-02-18,"St George's Park, Port Elizabeth",2,5.2,Western Province,Knights,JA Bird,T de Zorzi,M Budaza,0,2,2,,,,,,,,
1299620,2021/22,2022-02-18,"St George's Park, Port Elizabeth",2,5.3,Western Province,Knights,T de Zorzi,JA Bird,M Budaza,1,0,,,,,,,,,
1299620,2021/22,2022-02-18,"St George's Park, Port Elizabeth",2,5.4,Western Province,Knights,JA Bird,T de Zorzi,M Budaza,0,0,,,,,,,,,
1299620,2021/22,2022-02-18,"St George's Park, Port Elizabeth",2,5.5,Western Province,Knights,JA Bird,T de Zorzi,M Budaza,1,0,,,,,,,,,
1299620,2021/22,2022-02-18,"St George's Park, Port Elizabeth",2,5.6,Western Province,Knights,T de Zorzi,JA Bird,M Budaza,1,0,,,,,,,,,
1299620,2021/22,2022-02-18,"St George's Park, Port Elizabeth",2,5.7,Western Province,Knights,JA Bird,T de Zorzi,M Budaza,0,0,,,,,,,,,
1299620,2021/22,2022-02-18,"St George's Park, Port Elizabeth",2,5.8,Western Province,Knights,JA Bird,T de Zorzi,M Budaza,1,0,,,,,,,,,
1299620,2021/22,2022-02-18,"St George's Park, Port Elizabeth",2,6.1,Western Province,Knights,JA Bird,T de Zorzi,GJ Snyman,0,0,,,,,,,,,
1299620,2021/22,2022-02-18,"St George's Park, Port Elizabeth",2,6.2,Western Province,Knights,JA Bird,T de Zorzi,GJ Snyman,1,0,,,,,,,,,
1299620,2021/22,2022-02-18,"St George's Park, Port Elizabeth",2,6.3,Western Province,Knights,T de Zorzi,JA Bird,GJ Snyman,1,0,,,,,,,,,
1299620,2021/22,2022-02-18,"St George's Park, Port Elizabeth",2,6.4,Western Province,Knights,JA Bird,T de Zorzi,GJ Snyman,0,0,,,,,,,,,
1299620,2021/22,2022-02-18,"St George's Park, Port Elizabeth",2,6.5,Western Province,Knights,JA Bird,T de Zorzi,GJ Snyman,0,0,,,,,,,,,
1299620,2021/22,2022-02-18,"St George's Park, Port Elizabeth",2,6.6,Western Province,Knights,JA Bird,T de Zorzi,GJ Snyman,1,0,,,,,,,,,
1299620,2021/22,2022-02-18,"St George's Park, Port Elizabeth",2,7.1,Western Province,Knights,JA Bird,T de Zorzi,M Budaza,1,0,,,,,,,,,
1299620,2021/22,2022-02-18,"St George's Park, Port Elizabeth",2,7.2,Western Province,Knights,T de Zorzi,JA Bird,M Budaza,1,0,,,,,,,,,
1299620,2021/22,2022-02-18,"St George's Park, Port Elizabeth",2,7.3,Western Province,Knights,JA Bird,T de Zorzi,M Budaza,0,1,1,,,,,,,,
1299620,2021/22,2022-02-18,"St George's Park, Port Elizabeth",2,7.4,Western Province,Knights,JA Bird,T de Zorzi,M Budaza,1,0,,,,,,,,,
1299620,2021/22,2022-02-18,"St George's Park, Port Elizabeth",2,7.5,Western Province,Knights,T de Zorzi,JA Bird,M Budaza,1,0,,,,,,,,,
1299620,2021/22,2022-02-18,"St George's Park, Port Elizabeth",2,7.6,Western Province,Knights,JA Bird,T de Zorzi,M Budaza,4,0,,,,,,,,,
1299620,2021/22,2022-02-18,"St George's Park, Port Elizabeth",2,7.7,Western Province,Knights,JA Bird,T de Zorzi,M Budaza,0,0,,,,,,,,,
1299620,2021/22,2022-02-18,"St George's Park, Port Elizabeth",2,8.1,Western Province,Knights,T de Zorzi,JA Bird,GJ Snyman,2,0,,,,,,,,,
1299620,2021/22,2022-02-18,"St George's Park, Port Elizabeth",2,8.2,Western Province,Knights,T de Zorzi,JA Bird,GJ Snyman,1,0,,,,,,,,,
1299620,2021/22,2022-02-18,"St George's Park, Port Elizabeth",2,8.3,Western Province,Knights,JA Bird,T de Zorzi,GJ Snyman,1,0,,,,,,,,,
1299620,2021/22,2022-02-18,"St George's Park, Port Elizabeth",2,8.4,Western Province,Knights,T de Zorzi,JA Bird,GJ Snyman,1,0,,,,,,,,,
1299620,2021/22,2022-02-18,"St George's Park, Port Elizabeth",2,8.5,Western Province,Knights,JA Bird,T de Zorzi,GJ Snyman,6,0,,,,,,,,,
1299620,2021/22,2022-02-18,"St George's Park, Port Elizabeth",2,8.6,Western Province,Knights,JA Bird,T de Zorzi,GJ Snyman,0,0,,,,,,,,,
1299620,2021/22,2022-02-18,"St George's Park, Port Elizabeth",2,9.1,Western Province,Knights,T de Zorzi,JA Bird,G Coetzee,1,0,,,,,,,,,
1299620,2021/22,2022-02-18,"St George's Park, Port Elizabeth",2,9.2,Western Province,Knights,JA Bird,T de Zorzi,G Coetzee,1,0,,,,,,,,,
1299620,2021/22,2022-02-18,"St George's Park, Port Elizabeth",2,9.3,Western Province,Knights,T de Zorzi,JA Bird,G Coetzee,1,0,,,,,,,,,
1299620,2021/22,2022-02-18,"St George's Park, Port Elizabeth",2,9.4,Western Province,Knights,JA Bird,T de Zorzi,G Coetzee,0,0,,,,,,caught,JA Bird,,
1299620,2021/22,2022-02-18,"St George's Park, Port Elizabeth",2,9.5,Western Province,Knights,T de Zorzi,DJ Vilas,G Coetzee,0,0,,,,,,,,,
1299620,2021/22,2022-02-18,"St George's Park, Port Elizabeth",2,9.6,Western Province,Knights,T de Zorzi,DJ Vilas,G Coetzee,1,0,,,,,,,,,
1299620,2021/22,2022-02-18,"St George's Park, Port Elizabeth",2,10.1,Western Province,Knights,T de Zorzi,DJ Vilas,N van Heerden,1,0,,,,,,,,,
1299620,2021/22,2022-02-18,"St George's Park, Port Elizabeth",2,10.2,Western Province,Knights,DJ Vilas,T de Zorzi,N van Heerden,1,0,,,,,,,,,
1299620,2021/22,2022-02-18,"St George's Park, Port Elizabeth",2,10.3,Western Province,Knights,T de Zorzi,DJ Vilas,N van Heerden,4,0,,,,,,,,,
1299620,2021/22,2022-02-18,"St George's Park, Port Elizabeth",2,10.4,Western Province,Knights,T de Zorzi,DJ Vilas,N van Heerden,4,0,,,,,,,,,
1299620,2021/22,2022-02-18,"St George's Park, Port Elizabeth",2,10.5,Western Province,Knights,T de Zorzi,DJ Vilas,N van Heerden,1,0,,,,,,,,,
1299620,2021/22,2022-02-18,"St George's Park, Port Elizabeth",2,10.6,Western Province,Knights,DJ Vilas,T de Zorzi,N van Heerden,1,0,,,,,,,,,
1299620,2021/22,2022-02-18,"St George's Park, Port Elizabeth",2,11.1,Western Province,Knights,DJ Vilas,T de Zorzi,M Budaza,1,0,,,,,,,,,
1299620,2021/22,2022-02-18,"St George's Park, Port Elizabeth",2,11.2,Western Province,Knights,T de Zorzi,DJ Vilas,M Budaza,4,0,,,,,,,,,
1299620,2021/22,2022-02-18,"St George's Park, Port Elizabeth",2,11.3,Western Province,Knights,T de Zorzi,DJ Vilas,M Budaza,1,0,,,,,,,,,
1299620,2021/22,2022-02-18,"St George's Park, Port Elizabeth",2,11.4,Western Province,Knights,DJ Vilas,T de Zorzi,M Budaza,1,0,,,,,,,,,
1299620,2021/22,2022-02-18,"St George's Park, Port Elizabeth",2,11.5,Western Province,Knights,T de Zorzi,DJ Vilas,M Budaza,0,0,,,,,,caught,T de Zorzi,,
1299620,2021/22,2022-02-18,"St George's Park, Port Elizabeth",2,11.6,Western Province,Knights,DJ Vilas,GF Linde,M Budaza,1,0,,,,,,,,,
1299620,2021/22,2022-02-18,"St George's Park, Port Elizabeth",2,12.1,Western Province,Knights,DJ Vilas,GF Linde,SA Mothoa,1,0,,,,,,,,,
1299620,2021/22,2022-02-18,"St George's Park, Port Elizabeth",2,12.2,Western Province,Knights,GF Linde,DJ Vilas,SA Mothoa,1,0,,,,,,,,,
1299620,2021/22,2022-02-18,"St George's Park, Port Elizabeth",2,12.3,Western Province,Knights,DJ Vilas,GF Linde,SA Mothoa,1,0,,,,,,,,,
1299620,2021/22,2022-02-18,"St George's Park, Port Elizabeth",2,12.4,Western Province,Knights,GF Linde,DJ Vilas,SA Mothoa,0,0,,,,,,,,,
1299620,2021/22,2022-02-18,"St George's Park, Port Elizabeth",2,12.5,Western Province,Knights,GF Linde,DJ Vilas,SA Mothoa,0,0,,,,,,,,,
1299620,2021/22,2022-02-18,"St George's Park, Port Elizabeth",2,12.6,Western Province,Knights,GF Linde,DJ Vilas,SA Mothoa,1,0,,,,,,,,,
1299620,2021/22,2022-02-18,"St George's Park, Port Elizabeth",2,13.1,Western Province,Knights,GF Linde,DJ Vilas,G Coetzee,1,0,,,,,,,,,
1299620,2021/22,2022-02-18,"St George's Park, Port Elizabeth",2,13.2,Western Province,Knights,DJ Vilas,GF Linde,G Coetzee,1,0,,,,,,,,,
1299620,2021/22,2022-02-18,"St George's Park, Port Elizabeth",2,13.3,Western Province,Knights,GF Linde,DJ Vilas,G Coetzee,0,1,1,,,,,,,,
1299620,2021/22,2022-02-18,"St George's Park, Port Elizabeth",2,13.4,Western Province,Knights,GF Linde,DJ Vilas,G Coetzee,0,0,,,,,,,,,
1299620,2021/22,2022-02-18,"St George's Park, Port Elizabeth",2,13.5,Western Province,Knights,GF Linde,DJ Vilas,G Coetzee,0,0,,,,,,,,,
1299620,2021/22,2022-02-18,"St George's Park, Port Elizabeth",2,13.6,Western Province,Knights,GF Linde,DJ Vilas,G Coetzee,1,0,,,,,,,,,
1299620,2021/22,2022-02-18,"St George's Park, Port Elizabeth",2,13.7,Western Province,Knights,DJ Vilas,GF Linde,G Coetzee,6,0,,,,,,,,,
1299620,2021/22,2022-02-18,"St George's Park, Port Elizabeth",2,14.1,Western Province,Knights,GF Linde,DJ Vilas,SA Mothoa,6,0,,,,,,,,,
1299620,2021/22,2022-02-18,"St George's Park, Port Elizabeth",2,14.2,Western Province,Knights,GF Linde,DJ Vilas,SA Mothoa,0,0,,,,,,caught,GF Linde,,
1299620,2021/22,2022-02-18,"St George's Park, Port Elizabeth",2,14.3,Western Province,Knights,DJ Vilas,A Mgijima,SA Mothoa,1,0,,,,,,,,,
1299620,2021/22,2022-02-18,"St George's Park, Port Elizabeth",2,14.4,Western Province,Knights,A Mgijima,DJ Vilas,SA Mothoa,0,1,,,,1,,,,,
1299620,2021/22,2022-02-18,"St George's Park, Port Elizabeth",2,14.5,Western Province,Knights,DJ Vilas,A Mgijima,SA Mothoa,1,0,,,,,,,,,
1299620,2021/22,2022-02-18,"St George's Park, Port Elizabeth",2,14.6,Western Province,Knights,A Mgijima,DJ Vilas,SA Mothoa,0,0,,,,,,,,,
1299620,2021/22,2022-02-18,"St George's Park, Port Elizabeth",2,15.1,Western Province,Knights,DJ Vilas,A Mgijima,M Budaza,4,0,,,,,,,,,
1299620,2021/22,2022-02-18,"St George's Park, Port Elizabeth",2,15.2,Western Province,Knights,DJ Vilas,A Mgijima,M Budaza,1,0,,,,,,,,,
1299620,2021/22,2022-02-18,"St George's Park, Port Elizabeth",2,15.3,Western Province,Knights,A Mgijima,DJ Vilas,M Budaza,0,0,,,,,,,,,
1299620,2021/22,2022-02-18,"St George's Park, Port Elizabeth",2,15.4,Western Province,Knights,A Mgijima,DJ Vilas,M Budaza,0,0,,,,,,,,,
1299620,2021/22,2022-02-18,"St George's Park, Port Elizabeth",2,15.5,Western Province,Knights,A Mgijima,DJ Vilas,M Budaza,4,0,,,,,,,,,
