match_id,season,start_date,venue,innings,ball,batting_team,bowling_team,striker,non_striker,bowler,runs_off_bat,extras,wides,noballs,byes,legbyes,penalty,wicket_type,player_dismissed,other_wicket_type,other_player_dismissed
1299618,2021/22,2022-02-17,"St George's Park, Port Elizabeth",1,0.1,Lions,Titans,RR Hendricks,K Rapulana,LB Williams,0,0,,,,,,,,,
1299618,2021/22,2022-02-17,"St George's Park, Port Elizabeth",1,0.2,Lions,Titans,RR Hendricks,K Rapulana,LB Williams,0,0,,,,,,,,,
1299618,2021/22,2022-02-17,"St George's Park, Port Elizabeth",1,0.3,Lions,Titans,RR Hendricks,K Rapulana,LB Williams,2,0,,,,,,,,,
1299618,2021/22,2022-02-17,"St George's Park, Port Elizabeth",1,0.4,Lions,Titans,RR Hendricks,K Rapulana,LB Williams,0,0,,,,,,,,,
1299618,2021/22,2022-02-17,"St George's Park, Port Elizabeth",1,0.5,Lions,Titans,RR Hendricks,K Rapulana,LB Williams,0,0,,,,,,,,,
1299618,2021/22,2022-02-17,"St George's Park, Port Elizabeth",1,0.6,Lions,Titans,RR Hendricks,K Rapulana,LB Williams,1,0,,,,,,,,,
1299618,2021/22,2022-02-17,"St George's Park, Port Elizabeth",1,1.1,Lions,Titans,RR Hendricks,K Rapulana,CJ Dala,0,0,,,,,,,,,
1299618,2021/22,2022-02-17,"St George's Park, Port Elizabeth",1,1.2,Lions,Titans,RR Hendricks,K Rapulana,CJ Dala,1,0,,,,,,,,,
1299618,2021/22,2022-02-17,"St George's Park, Port Elizabeth",1,1.3,Lions,Titans,K Rapulana,RR Hendricks,CJ Dala,4,0,,,,,,,,,
1299618,2021/22,2022-02-17,"St George's Park, Port Elizabeth",1,1.4,Lions,Titans,K Rapulana,RR Hendricks,CJ Dala,0,0,,,,,,,,,
1299618,2021/22,2022-02-17,"St George's Park, Port Elizabeth",1,1.5,Lions,Titans,K Rapulana,RR Hendricks,CJ Dala,0,0,,,,,,,,,
1299618,2021/22,2022-02-17,"St George's Park, Port Elizabeth",1,1.6,Lions,Titans,K Rapulana,RR Hendricks,CJ Dala,0,0,,,,,,,,,
1299618,2021/22,2022-02-17,"St George's Park, Port Elizabeth",1,2.1,Lions,Titans,RR Hendricks,K Rapulana,LB Williams,0,0,,,,,,,,,
1299618,2021/22,2022-02-17,"St George's Park, Port Elizabeth",1,2.2,Lions,Titans,RR Hendricks,K Rapulana,LB Williams,6,0,,,,,,,,,
1299618,2021/22,2022-02-17,"St George's Park, Port Elizabeth",1,2.3,Lions,Titans,RR Hendricks,K Rapulana,LB Williams,0,0,,,,,,,,,
1299618,2021/22,2022-02-17,"St George's Park, Port Elizabeth",1,2.4,Lions,Titans,RR Hendricks,K Rapulana,LB Williams,4,0,,,,,,,,,
1299618,2021/22,2022-02-17,"St George's Park, Port Elizabeth",1,2.5,Lions,Titans,RR Hendricks,K Rapulana,LB Williams,4,0,,,,,,,,,
1299618,2021/22,2022-02-17,"St George's Park, Port Elizabeth",1,2.6,Lions,Titans,RR Hendricks,K Rapulana,LB Williams,1,0,,,,,,,,,
1299618,2021/22,2022-02-17,"St George's Park, Port Elizabeth",1,3.1,Lions,Titans,RR Hendricks,K Rapulana,CJ Dala,0,0,,,,,,,,,
1299618,2021/22,2022-02-17,"St George's Park, Port Elizabeth",1,3.2,Lions,Titans,RR Hendricks,K Rapulana,CJ Dala,4,0,,,,,,,,,
1299618,2021/22,2022-02-17,"St George's Park, Port Elizabeth",1,3.3,Lions,Titans,RR Hendricks,K Rapulana,CJ Dala,4,0,,,,,,,,,
1299618,2021/22,2022-02-17,"St George's Park, Port Elizabeth",1,3.4,Lions,Titans,RR Hendricks,K Rapulana,CJ Dala,0,0,,,,,,,,,
1299618,2021/22,2022-02-17,"St George's Park, Port Elizabeth",1,3.5,Lions,Titans,RR Hendricks,K Rapulana,CJ Dala,0,0,,,,,,,,,
1299618,2021/22,2022-02-17,"St George's Park, Port Elizabeth",1,3.6,Lions,Titans,RR Hendricks,K Rapulana,CJ Dala,1,0,,,,,,,,,
1299618,2021/22,2022-02-17,"St George's Park, Port Elizabeth",1,4.1,Lions,Titans,RR Hendricks,K Rapulana,A Gqamane,1,0,,,,,,,,,
1299618,2021/22,2022-02-17,"St George's Park, Port Elizabeth",1,4.2,Lions,Titans,K Rapulana,RR Hendricks,A Gqamane,4,0,,,,,,,,,
1299618,2021/22,2022-02-17,"St George's Park, Port Elizabeth",1,4.3,Lions,Titans,K Rapulana,RR Hendricks,A Gqamane,0,0,,,,,,,,,
1299618,2021/22,2022-02-17,"St George's Park, Port Elizabeth",1,4.4,Lions,Titans,K Rapulana,RR Hendricks,A Gqamane,1,0,,,,,,,,,
1299618,2021/22,2022-02-17,"St George's Park, Port Elizabeth",1,4.5,Lions,Titans,RR Hendricks,K Rapulana,A Gqamane,1,0,,,,,,,,,
1299618,2021/22,2022-02-17,"St George's Park, Port Elizabeth",1,4.6,Lions,Titans,K Rapulana,RR Hendricks,A Gqamane,0,1,1,,,,,,,,
1299618,2021/22,2022-02-17,"St George's Park, Port Elizabeth",1,4.7,Lions,Titans,K Rapulana,RR Hendricks,A Gqamane,2,0,,,,,,,,,
1299618,2021/22,2022-02-17,"St George's Park, Port Elizabeth",1,5.1,Lions,Titans,RR Hendricks,K Rapulana,AM Phangiso,0,0,,,,,,,,,
1299618,2021/22,2022-02-17,"St George's Park, Port Elizabeth",1,5.2,Lions,Titans,RR Hendricks,K Rapulana,AM Phangiso,0,0,,,,,,,,,
1299618,2021/22,2022-02-17,"St George's Park, Port Elizabeth",1,5.3,Lions,Titans,RR Hendricks,K Rapulana,AM Phangiso,0,0,,,,,,,,,
1299618,2021/22,2022-02-17,"St George's Park, Port Elizabeth",1,5.4,Lions,Titans,RR Hendricks,K Rapulana,AM Phangiso,1,0,,,,,,,,,
1299618,2021/22,2022-02-17,"St George's Park, Port Elizabeth",1,5.5,Lions,Titans,K Rapulana,RR Hendricks,AM Phangiso,0,0,,,,,,,,,
1299618,2021/22,2022-02-17,"St George's Park, Port Elizabeth",1,5.6,Lions,Titans,K Rapulana,RR Hendricks,AM Phangiso,0,0,,,,,,,,,
1299618,2021/22,2022-02-17,"St George's Park, Port Elizabeth",1,6.1,Lions,Titans,RR Hendricks,K Rapulana,T Shamsi,0,1,1,,,,,,,,
1299618,2021/22,2022-02-17,"St George's Park, Port Elizabeth",1,6.2,Lions,Titans,RR Hendricks,K Rapulana,T Shamsi,2,0,,,,,,,,,
1299618,2021/22,2022-02-17,"St George's Park, Port Elizabeth",1,6.3,Lions,Titans,RR Hendricks,K Rapulana,T Shamsi,1,0,,,,,,,,,
1299618,2021/22,2022-02-17,"St George's Park, Port Elizabeth",1,6.4,Lions,Titans,K Rapulana,RR Hendricks,T Shamsi,1,0,,,,,,,,,
1299618,2021/22,2022-02-17,"St George's Park, Port Elizabeth",1,6.5,Lions,Titans,RR Hendricks,K Rapulana,T Shamsi,0,0,,,,,,,,,
1299618,2021/22,2022-02-17,"St George's Park, Port Elizabeth",1,6.6,Lions,Titans,RR Hendricks,K Rapulana,T Shamsi,0,0,,,,,,,,,
1299618,2021/22,2022-02-17,"St George's Park, Port Elizabeth",1,6.7,Lions,Titans,RR Hendricks,K Rapulana,T Shamsi,1,0,,,,,,,,,
1299618,2021/22,2022-02-17,"St George's Park, Port Elizabeth",1,7.1,Lions,Titans,RR Hendricks,K Rapulana,AM Phangiso,1,0,,,,,,,,,
1299618,2021/22,2022-02-17,"St George's Park, Port Elizabeth",1,7.2,Lions,Titans,K Rapulana,RR Hendricks,AM Phangiso,1,0,,,,,,,,,
1299618,2021/22,2022-02-17,"St George's Park, Port Elizabeth",1,7.3,Lions,Titans,RR Hendricks,K Rapulana,AM Phangiso,2,0,,,,,,,,,
1299618,2021/22,2022-02-17,"St George's Park, Port Elizabeth",1,7.4,Lions,Titans,RR Hendricks,K Rapulana,AM Phangiso,2,0,,,,,,,,,
1299618,2021/22,2022-02-17,"St George's Park, Port Elizabeth",1,7.5,Lions,Titans,RR Hendricks,K Rapulana,AM Phangiso,1,0,,,,,,,,,
1299618,2021/22,2022-02-17,"St George's Park, Port Elizabeth",1,7.6,Lions,Titans,K Rapulana,RR Hendricks,AM Phangiso,1,0,,,,,,,,,
1299618,2021/22,2022-02-17,"St George's Park, Port Elizabeth",1,8.1,Lions,Titans,K Rapulana,RR Hendricks,T Shamsi,1,0,,,,,,,,,
1299618,2021/22,2022-02-17,"St George's Park, Port Elizabeth",1,8.2,Lions,Titans,RR Hendricks,K Rapulana,T Shamsi,0,0,,,,,,,,,
1299618,2021/22,2022-02-17,"St George's Park, Port Elizabeth",1,8.3,Lions,Titans,RR Hendricks,K Rapulana,T Shamsi,0,0,,,,,,lbw,RR Hendricks,,
1299618,2021/22,2022-02-17,"St George's Park, Port Elizabeth",1,8.4,Lions,Titans,S Dadswell,K Rapulana,T Shamsi,0,0,,,,,,caught,S Dadswell,,
1299618,2021/22,2022-02-17,"St George's Park, Port Elizabeth",1,8.5,Lions,Titans,J Richards,K Rapulana,T Shamsi,0,0,,,,,,,,,
1299618,2021/22,2022-02-17,"St George's Park, Port Elizabeth",1,8.6,Lions,Titans,J Richards,K Rapulana,T Shamsi,0,0,,,,,,,,,
1299618,2021/22,2022-02-17,"St George's Park, Port Elizabeth",1,9.1,Lions,Titans,K Rapulana,J Richards,AM Phangiso,0,0,,,,,,,,,
1299618,2021/22,2022-02-17,"St George's Park, Port Elizabeth",1,9.2,Lions,Titans,K Rapulana,J Richards,AM Phangiso,0,0,,,,,,,,,
1299618,2021/22,2022-02-17,"St George's Park, Port Elizabeth",1,9.3,Lions,Titans,K Rapulana,J Richards,AM Phangiso,4,0,,,,,,,,,
1299618,2021/22,2022-02-17,"St George's Park, Port Elizabeth",1,9.4,Lions,Titans,K Rapulana,J Richards,AM Phangiso,0,0,,,,,,,,,
1299618,2021/22,2022-02-17,"St George's Park, Port Elizabeth",1,9.5,Lions,Titans,K Rapulana,J Richards,AM Phangiso,1,0,,,,,,,,,
1299618,2021/22,2022-02-17,"St George's Park, Port Elizabeth",1,9.6,Lions,Titans,J Richards,K Rapulana,AM Phangiso,1,0,,,,,,,,,
1299618,2021/22,2022-02-17,"St George's Park, Port Elizabeth",1,10.1,Lions,Titans,J Richards,K Rapulana,T Shamsi,1,0,,,,,,,,,
1299618,2021/22,2022-02-17,"St George's Park, Port Elizabeth",1,10.2,Lions,Titans,K Rapulana,J Richards,T Shamsi,4,0,,,,,,,,,
1299618,2021/22,2022-02-17,"St George's Park, Port Elizabeth",1,10.3,Lions,Titans,K Rapulana,J Richards,T Shamsi,1,0,,,,,,,,,
1299618,2021/22,2022-02-17,"St George's Park, Port Elizabeth",1,10.4,Lions,Titans,J Richards,K Rapulana,T Shamsi,2,0,,,,,,,,,
1299618,2021/22,2022-02-17,"St George's Park, Port Elizabeth",1,10.5,Lions,Titans,J Richards,K Rapulana,T Shamsi,2,0,,,,,,,,,
1299618,2021/22,2022-02-17,"St George's Park, Port Elizabeth",1,10.6,Lions,Titans,J Richards,K Rapulana,T Shamsi,0,0,,,,,,,,,
1299618,2021/22,2022-02-17,"St George's Park, Port Elizabeth",1,11.1,Lions,Titans,K Rapulana,J Richards,D Brevis,1,0,,,,,,,,,
1299618,2021/22,2022-02-17,"St George's Park, Port Elizabeth",1,11.2,Lions,Titans,J Richards,K Rapulana,D Brevis,1,0,,,,,,,,,
1299618,2021/22,2022-02-17,"St George's Park, Port Elizabeth",1,11.3,Lions,Titans,K Rapulana,J Richards,D Brevis,4,0,,,,,,,,,
1299618,2021/22,2022-02-17,"St George's Park, Port Elizabeth",1,11.4,Lions,Titans,K Rapulana,J Richards,D Brevis,1,0,,,,,,,,,
1299618,2021/22,2022-02-17,"St George's Park, Port Elizabeth",1,11.5,Lions,Titans,J Richards,K Rapulana,D Brevis,1,0,,,,,,,,,
1299618,2021/22,2022-02-17,"St George's Park, Port Elizabeth",1,11.6,Lions,Titans,K Rapulana,J Richards,D Brevis,0,0,,,,,,run out,K Rapulana,,
1299618,2021/22,2022-02-17,"St George's Park, Port Elizabeth",1,12.1,Lions,Titans,J Richards,M Van Buuren,CJ Dala,0,0,,,,,,,,,
1299618,2021/22,2022-02-17,"St George's Park, Port Elizabeth",1,12.2,Lions,Titans,J Richards,M Van Buuren,CJ Dala,2,0,,,,,,,,,
1299618,2021/22,2022-02-17,"St George's Park, Port Elizabeth",1,12.3,Lions,Titans,J Richards,M Van Buuren,CJ Dala,0,1,1,,,,,,,,
1299618,2021/22,2022-02-17,"St George's Park, Port Elizabeth",1,12.4,Lions,Titans,J Richards,M Van Buuren,CJ Dala,0,0,,,,,,caught,J Richards,,
1299618,2021/22,2022-02-17,"St George's Park, Port Elizabeth",1,12.5,Lions,Titans,DA Hendricks,M Van Buuren,CJ Dala,1,0,,,,,,,,,
1299618,2021/22,2022-02-17,"St George's Park, Port Elizabeth",1,12.6,Lions,Titans,M Van Buuren,DA Hendricks,CJ Dala,0,0,,,,,,,,,
1299618,2021/22,2022-02-17,"St George's Park, Port Elizabeth",1,12.7,Lions,Titans,M Van Buuren,DA Hendricks,CJ Dala,1,0,,,,,,,,,
1299618,2021/22,2022-02-17,"St George's Park, Port Elizabeth",1,13.1,Lions,Titans,M Van Buuren,DA Hendricks,D Brevis,1,0,,,,,,,,,
1299618,2021/22,2022-02-17,"St George's Park, Port Elizabeth",1,13.2,Lions,Titans,DA Hendricks,M Van Buuren,D Brevis,1,0,,,,,,,,,
1299618,2021/22,2022-02-17,"St George's Park, Port Elizabeth",1,13.3,Lions,Titans,M Van Buuren,DA Hendricks,D Brevis,1,0,,,,,,,,,
1299618,2021/22,2022-02-17,"St George's Park, Port Elizabeth",1,13.4,Lions,Titans,DA Hendricks,M Van Buuren,D Brevis,2,0,,,,,,,,,
1299618,2021/22,2022-02-17,"St George's Park, Port Elizabeth",1,13.5,Lions,Titans,DA Hendricks,M Van Buuren,D Brevis,0,0,,,,,,lbw,DA Hendricks,,
1299618,2021/22,2022-02-17,"St George's Park, Port Elizabeth",1,13.6,Lions,Titans,SSB Magala,M Van Buuren,D Brevis,1,0,,,,,,,,,
1299618,2021/22,2022-02-17,"St George's Park, Port Elizabeth",1,14.1,Lions,Titans,SSB Magala,M Van Buuren,T Shamsi,1,0,,,,,,,,,
1299618,2021/22,2022-02-17,"St George's Park, Port Elizabeth",1,14.2,Lions,Titans,M Van Buuren,SSB Magala,T Shamsi,1,0,,,,,,,,,
1299618,2021/22,2022-02-17,"St George's Park, Port Elizabeth",1,14.3,Lions,Titans,SSB Magala,M Van Buuren,T Shamsi,1,0,,,,,,,,,
1299618,2021/22,2022-02-17,"St George's Park, Port Elizabeth",1,14.4,Lions,Titans,M Van Buuren,SSB Magala,T Shamsi,0,0,,,,,,,,,
1299618,2021/22,2022-02-17,"St George's Park, Port Elizabeth",1,14.5,Lions,Titans,M Van Buuren,SSB Magala,T Shamsi,4,0,,,,,,,,,
1299618,2021/22,2022-02-17,"St George's Park, Port Elizabeth",1,14.6,Lions,Titans,M Van Buuren,SSB Magala,T Shamsi,1,0,,,,,,,,,
1299618,2021/22,2022-02-17,"St George's Park, Port Elizabeth",1,15.1,Lions,Titans,M Van Buuren,SSB Magala,AM Phangiso,0,0,,,,,,bowled,M Van Buuren,,
1299618,2021/22,2022-02-17,"St George's Park, Port Elizabeth",1,15.2,Lions,Titans,BC Fortuin,SSB Magala,AM Phangiso,0,0,,,,,,,,,
1299618,2021/22,2022-02-17,"St George's Park, Port Elizabeth",1,15.3,Lions,Titans,BC Fortuin,SSB Magala,AM Phangiso,1,0,,,,,,,,,
1299618,2021/22,2022-02-17,"St George's Park, Port Elizabeth",1,15.4,Lions,Titans,SSB Magala,BC Fortuin,AM Phangiso,1,0,,,,,,,,,
1299618,2021/22,2022-02-17,"St George's Park, Port Elizabeth",1,15.5,Lions,Titans,BC Fortuin,SSB Magala,AM Phangiso,0,0,,,,,,,,,
1299618,2021/22,2022-02-17,"St George's Park, Port Elizabeth",1,15.6,Lions,Titans,BC Fortuin,SSB Magala,AM Phangiso,1,0,,,,,,,,,
1299618,2021/22,2022-02-17,"St George's Park, Port Elizabeth",1,16.1,Lions,Titans,BC Fortuin,SSB Magala,LB Williams,0,0,,,,,,,,,
1299618,2021/22,2022-02-17,"St George's Park, Port Elizabeth",1,16.2,Lions,Titans,BC Fortuin,SSB Magala,LB Williams,1,0,,,,,,,,,
1299618,2021/22,2022-02-17,"St George's Park, Port Elizabeth",1,16.3,Lions,Titans,SSB Magala,BC Fortuin,LB Williams,4,0,,,,,,,,,
1299618,2021/22,2022-02-17,"St George's Park, Port Elizabeth",1,16.4,Lions,Titans,SSB Magala,BC Fortuin,LB Williams,1,0,,,,,,,,,
1299618,2021/22,2022-02-17,"St George's Park, Port Elizabeth",1,16.5,Lions,Titans,BC Fortuin,SSB Magala,LB Williams,2,0,,,,,,,,,
1299618,2021/22,2022-02-17,"St George's Park, Port Elizabeth",1,16.6,Lions,Titans,BC Fortuin,SSB Magala,LB Williams,4,0,,,,,,,,,
1299618,2021/22,2022-02-17,"St George's Park, Port Elizabeth",1,17.1,Lions,Titans,SSB Magala,BC Fortuin,D Brevis,1,0,,,,,,,,,
1299618,2021/22,2022-02-17,"St George's Park, Port Elizabeth",1,17.2,Lions,Titans,BC Fortuin,SSB Magala,D Brevis,1,0,,,,,,,,,
1299618,2021/22,2022-02-17,"St George's Park, Port Elizabeth",1,17.3,Lions,Titans,SSB Magala,BC Fortuin,D Brevis,0,0,,,,,,,,,
1299618,2021/22,2022-02-17,"St George's Park, Port Elizabeth",1,17.4,Lions,Titans,SSB Magala,BC Fortuin,D Brevis,0,0,,,,,,,,,
1299618,2021/22,2022-02-17,"St George's Park, Port Elizabeth",1,17.5,Lions,Titans,SSB Magala,BC Fortuin,D Brevis,1,0,,,,,,,,,
1299618,2021/22,2022-02-17,"St George's Park, Port Elizabeth",1,17.6,Lions,Titans,BC Fortuin,SSB Magala,D Brevis,1,0,,,,,,,,,
1299618,2021/22,2022-02-17,"St George's Park, Port Elizabeth",1,18.1,Lions,Titans,BC Fortuin,SSB Magala,LB Williams,1,0,,,,,,,,,
1299618,2021/22,2022-02-17,"St George's Park, Port Elizabeth",1,18.2,Lions,Titans,SSB Magala,BC Fortuin,LB Williams,1,0,,,,,,,,,
1299618,2021/22,2022-02-17,"St George's Park, Port Elizabeth",1,18.3,Lions,Titans,BC Fortuin,SSB Magala,LB Williams,1,0,,,,,,,,,
1299618,2021/22,2022-02-17,"St George's Park, Port Elizabeth",1,18.4,Lions,Titans,SSB Magala,BC Fortuin,LB Williams,0,1,1,,,,,,,,
1299618,2021/22,2022-02-17,"St George's Park, Port Elizabeth",1,18.5,Lions,Titans,SSB Magala,BC Fortuin,LB Williams,1,0,,,,,,,,,
1299618,2021/22,2022-02-17,"St George's Park, Port Elizabeth",1,18.6,Lions,Titans,BC Fortuin,SSB Magala,LB Williams,1,0,,,,,,,,,
1299618,2021/22,2022-02-17,"St George's Park, Port Elizabeth",1,18.7,Lions,Titans,SSB Magala,BC Fortuin,LB Williams,2,0,,,,,,,,,
1299618,2021/22,2022-02-17,"St George's Park, Port Elizabeth",1,19.1,Lions,Titans,BC Fortuin,SSB Magala,CJ Dala,1,0,,,,,,,,,
1299618,2021/22,2022-02-17,"St George's Park, Port Elizabeth",1,19.2,Lions,Titans,SSB Magala,BC Fortuin,CJ Dala,6,0,,,,,,,,,
1299618,2021/22,2022-02-17,"St George's Park, Port Elizabeth",1,19.3,Lions,Titans,SSB Magala,BC Fortuin,CJ Dala,0,1,1,,,,,,,,
1299618,2021/22,2022-02-17,"St George's Park, Port Elizabeth",1,19.4,Lions,Titans,SSB Magala,BC Fortuin,CJ Dala,0,0,,,,,,,,,
1299618,2021/22,2022-02-17,"St George's Park, Port Elizabeth",1,19.5,Lions,Titans,SSB Magala,BC Fortuin,CJ Dala,6,0,,,,,,,,,
1299618,2021/22,2022-02-17,"St George's Park, Port Elizabeth",1,19.6,Lions,Titans,SSB Magala,BC Fortuin,CJ Dala,4,0,,,,,,,,,
1299618,2021/22,2022-02-17,"St George's Park, Port Elizabeth",1,19.7,Lions,Titans,SSB Magala,BC Fortuin,CJ Dala,2,0,,,,,,,,,
1299618,2021/22,2022-02-17,"St George's Park, Port Elizabeth",2,0.1,Titans,Lions,Q de Kock,TB de Bruyn,BC Fortuin,0,0,,,,,,,,,
1299618,2021/22,2022-02-17,"St George's Park, Port Elizabeth",2,0.2,Titans,Lions,Q de Kock,TB de Bruyn,BC Fortuin,2,0,,,,,,,,,
1299618,2021/22,2022-02-17,"St George's Park, Port Elizabeth",2,0.3,Titans,Lions,Q de Kock,TB de Bruyn,BC Fortuin,1,0,,,,,,,,,
1299618,2021/22,2022-02-17,"St George's Park, Port Elizabeth",2,0.4,Titans,Lions,TB de Bruyn,Q de Kock,BC Fortuin,0,0,,,,,,,,,
1299618,2021/22,2022-02-17,"St George's Park, Port Elizabeth",2,0.5,Titans,Lions,TB de Bruyn,Q de Kock,BC Fortuin,0,0,,,,,,,,,
1299618,2021/22,2022-02-17,"St George's Park, Port Elizabeth",2,0.6,Titans,Lions,TB de Bruyn,Q de Kock,BC Fortuin,1,0,,,,,,,,,
1299618,2021/22,2022-02-17,"St George's Park, Port Elizabeth",2,1.1,Titans,Lions,TB de Bruyn,Q de Kock,RR Hendricks,0,0,,,,,,,,,
1299618,2021/22,2022-02-17,"St George's Park, Port Elizabeth",2,1.2,Titans,Lions,TB de Bruyn,Q de Kock,RR Hendricks,1,0,,,,,,,,,
1299618,2021/22,2022-02-17,"St George's Park, Port Elizabeth",2,1.3,Titans,Lions,Q de Kock,TB de Bruyn,RR Hendricks,4,0,,,,,,,,,
1299618,2021/22,2022-02-17,"St George's Park, Port Elizabeth",2,1.4,Titans,Lions,Q de Kock,TB de Bruyn,RR Hendricks,0,0,,,,,,,,,
1299618,2021/22,2022-02-17,"St George's Park, Port Elizabeth",2,1.5,Titans,Lions,Q de Kock,TB de Bruyn,RR Hendricks,4,0,,,,,,,,,
1299618,2021/22,2022-02-17,"St George's Park, Port Elizabeth",2,1.6,Titans,Lions,Q de Kock,TB de Bruyn,RR Hendricks,0,0,,,,,,,,,
1299618,2021/22,2022-02-17,"St George's Park, Port Elizabeth",2,2.1,Titans,Lions,TB de Bruyn,Q de Kock,BC Fortuin,1,0,,,,,,,,,
1299618,2021/22,2022-02-17,"St George's Park, Port Elizabeth",2,2.2,Titans,Lions,Q de Kock,TB de Bruyn,BC Fortuin,1,0,,,,,,,,,
1299618,2021/22,2022-02-17,"St George's Park, Port Elizabeth",2,2.3,Titans,Lions,TB de Bruyn,Q de Kock,BC Fortuin,1,0,,,,,,,,,
1299618,2021/22,2022-02-17,"St George's Park, Port Elizabeth",2,2.4,Titans,Lions,Q de Kock,TB de Bruyn,BC Fortuin,4,0,,,,,,,,,
1299618,2021/22,2022-02-17,"St George's Park, Port Elizabeth",2,2.5,Titans,Lions,Q de Kock,TB de Bruyn,BC Fortuin,6,0,,,,,,,,,
1299618,2021/22,2022-02-17,"St George's Park, Port Elizabeth",2,2.6,Titans,Lions,Q de Kock,TB de Bruyn,BC Fortuin,0,0,,,,,,caught,Q de Kock,,
1299618,2021/22,2022-02-17,"St George's Park, Port Elizabeth",2,3.1,Titans,Lions,TB de Bruyn,D Brevis,SSB Magala,0,0,,,,,,,,,
1299618,2021/22,2022-02-17,"St George's Park, Port Elizabeth",2,3.2,Titans,Lions,TB de Bruyn,D Brevis,SSB Magala,1,0,,,,,,,,,
1299618,2021/22,2022-02-17,"St George's Park, Port Elizabeth",2,3.3,Titans,Lions,D Brevis,TB de Bruyn,SSB Magala,0,0,,,,,,,,,
1299618,2021/22,2022-02-17,"St George's Park, Port Elizabeth",2,3.4,Titans,Lions,D Brevis,TB de Bruyn,SSB Magala,0,0,,,,,,,,,
1299618,2021/22,2022-02-17,"St George's Park, Port Elizabeth",2,3.5,Titans,Lions,D Brevis,TB de Bruyn,SSB Magala,0,0,,,,,,,,,
1299618,2021/22,2022-02-17,"St George's Park, Port Elizabeth",2,3.6,Titans,Lions,D Brevis,TB de Bruyn,SSB Magala,0,1,1,,,,,,,,
1299618,2021/22,2022-02-17,"St George's Park, Port Elizabeth",2,3.7,Titans,Lions,D Brevis,TB de Bruyn,SSB Magala,4,0,,,,,,,,,
1299618,2021/22,2022-02-17,"St George's Park, Port Elizabeth",2,4.1,Titans,Lions,TB de Bruyn,D Brevis,Codi Yusuf,0,0,,,,,,,,,
1299618,2021/22,2022-02-17,"St George's Park, Port Elizabeth",2,4.2,Titans,Lions,TB de Bruyn,D Brevis,Codi Yusuf,1,0,,,,,,,,,
1299618,2021/22,2022-02-17,"St George's Park, Port Elizabeth",2,4.3,Titans,Lions,D Brevis,TB de Bruyn,Codi Yusuf,0,0,,,,,,,,,
1299618,2021/22,2022-02-17,"St George's Park, Port Elizabeth",2,4.4,Titans,Lions,D Brevis,TB de Bruyn,Codi Yusuf,1,0,,,,,,,,,
1299618,2021/22,2022-02-17,"St George's Park, Port Elizabeth",2,4.5,Titans,Lions,TB de Bruyn,D Brevis,Codi Yusuf,0,0,,,,,,,,,
1299618,2021/22,2022-02-17,"St George's Park, Port Elizabeth",2,4.6,Titans,Lions,TB de Bruyn,D Brevis,Codi Yusuf,0,0,,,,,,,,,
1299618,2021/22,2022-02-17,"St George's Park, Port Elizabeth",2,5.1,Titans,Lions,D Brevis,TB de Bruyn,MP Siboto,2,0,,,,,,,,,
1299618,2021/22,2022-02-17,"St George's Park, Port Elizabeth",2,5.2,Titans,Lions,D Brevis,TB de Bruyn,MP Siboto,0,0,,,,,,caught,D Brevis,,
1299618,2021/22,2022-02-17,"St George's Park, Port Elizabeth",2,5.3,Titans,Lions,H Klaasen,TB de Bruyn,MP Siboto,0,0,,,,,,,,,
1299618,2021/22,2022-02-17,"St George's Park, Port Elizabeth",2,5.4,Titans,Lions,H Klaasen,TB de Bruyn,MP Siboto,0,0,,,,,,,,,
1299618,2021/22,2022-02-17,"St George's Park, Port Elizabeth",2,5.5,Titans,Lions,H Klaasen,TB de Bruyn,MP Siboto,0,0,,,,,,,,,
1299618,2021/22,2022-02-17,"St George's Park, Port Elizabeth",2,5.6,Titans,Lions,H Klaasen,TB de Bruyn,MP Siboto,0,0,,,,,,,,,
1299618,2021/22,2022-02-17,"St George's Park, Port Elizabeth",2,6.1,Titans,Lions,TB de Bruyn,H Klaasen,Codi Yusuf,4,0,,,,,,,,,
1299618,2021/22,2022-02-17,"St George's Park, Port Elizabeth",2,6.2,Titans,Lions,TB de Bruyn,H Klaasen,Codi Yusuf,1,0,,,,,,,,,
1299618,2021/22,2022-02-17,"St George's Park, Port Elizabeth",2,6.3,Titans,Lions,H Klaasen,TB de Bruyn,Codi Yusuf,1,0,,,,,,,,,
1299618,2021/22,2022-02-17,"St George's Park, Port Elizabeth",2,6.4,Titans,Lions,TB de Bruyn,H Klaasen,Codi Yusuf,0,0,,,,,,,,,
1299618,2021/22,2022-02-17,"St George's Park, Port Elizabeth",2,6.5,Titans,Lions,TB de Bruyn,H Klaasen,Codi Yusuf,1,0,,,,,,,,,
1299618,2021/22,2022-02-17,"St George's Park, Port Elizabeth",2,6.6,Titans,Lions,H Klaasen,TB de Bruyn,Codi Yusuf,1,0,,,,,,,,,
1299618,2021/22,2022-02-17,"St George's Park, Port Elizabeth",2,7.1,Titans,Lions,H Klaasen,TB de Bruyn,MP Siboto,1,0,,,,,,,,,
1299618,2021/22,2022-02-17,"St George's Park, Port Elizabeth",2,7.2,Titans,Lions,TB de Bruyn,H Klaasen,MP Siboto,1,0,,,,,,,,,
1299618,2021/22,2022-02-17,"St George's Park, Port Elizabeth",2,7.3,Titans,Lions,H Klaasen,TB de Bruyn,MP Siboto,1,0,,,,,,,,,
1299618,2021/22,2022-02-17,"St George's Park, Port Elizabeth",2,7.4,Titans,Lions,TB de Bruyn,H Klaasen,MP Siboto,4,0,,,,,,,,,
1299618,2021/22,2022-02-17,"St George's Park, Port Elizabeth",2,7.5,Titans,Lions,TB de Bruyn,H Klaasen,MP Siboto,1,0,,,,,,,,,
1299618,2021/22,2022-02-17,"St George's Park, Port Elizabeth",2,7.6,Titans,Lions,H Klaasen,TB de Bruyn,MP Siboto,0,0,,,,,,,,,
1299618,2021/22,2022-02-17,"St George's Park, Port Elizabeth",2,8.1,Titans,Lions,TB de Bruyn,H Klaasen,A Myoli,1,0,,,,,,,,,
1299618,2021/22,2022-02-17,"St George's Park, Port Elizabeth",2,8.2,Titans,Lions,H Klaasen,TB de Bruyn,A Myoli,0,0,,,,,,,,,
1299618,2021/22,2022-02-17,"St George's Park, Port Elizabeth",2,8.3,Titans,Lions,H Klaasen,TB de Bruyn,A Myoli,6,0,,,,,,,,,
1299618,2021/22,2022-02-17,"St George's Park, Port Elizabeth",2,8.4,Titans,Lions,H Klaasen,TB de Bruyn,A Myoli,0,0,,,,,,,,,
1299618,2021/22,2022-02-17,"St George's Park, Port Elizabeth",2,8.5,Titans,Lions,H Klaasen,TB de Bruyn,A Myoli,1,0,,,,,,,,,
1299618,2021/22,2022-02-17,"St George's Park, Port Elizabeth",2,8.6,Titans,Lions,TB de Bruyn,H Klaasen,A Myoli,2,0,,,,,,,,,
1299618,2021/22,2022-02-17,"St George's Park, Port Elizabeth",2,9.1,Titans,Lions,H Klaasen,TB de Bruyn,BC Fortuin,1,0,,,,,,,,,
1299618,2021/22,2022-02-17,"St George's Park, Port Elizabeth",2,9.2,Titans,Lions,TB de Bruyn,H Klaasen,BC Fortuin,0,0,,,,,,,,,
1299618,2021/22,2022-02-17,"St George's Park, Port Elizabeth",2,9.3,Titans,Lions,TB de Bruyn,H Klaasen,BC Fortuin,0,0,,,,,,,,,
1299618,2021/22,2022-02-17,"St George's Park, Port Elizabeth",2,9.4,Titans,Lions,TB de Bruyn,H Klaasen,BC Fortuin,1,0,,,,,,,,,
1299618,2021/22,2022-02-17,"St George's Park, Port Elizabeth",2,9.5,Titans,Lions,H Klaasen,TB de Bruyn,BC Fortuin,1,0,,,,,,,,,
1299618,2021/22,2022-02-17,"St George's Park, Port Elizabeth",2,9.6,Titans,Lions,TB de Bruyn,H Klaasen,BC Fortuin,0,0,,,,,,,,,
1299618,2021/22,2022-02-17,"St George's Park, Port Elizabeth",2,10.1,Titans,Lions,H Klaasen,TB de Bruyn,Codi Yusuf,1,0,,,,,,,,,
1299618,2021/22,2022-02-17,"St George's Park, Port Elizabeth",2,10.2,Titans,Lions,TB de Bruyn,H Klaasen,Codi Yusuf,4,0,,,,,,,,,
1299618,2021/22,2022-02-17,"St George's Park, Port Elizabeth",2,10.3,Titans,Lions,TB de Bruyn,H Klaasen,Codi Yusuf,1,0,,,,,,,,,
1299618,2021/22,2022-02-17,"St George's Park, Port Elizabeth",2,10.4,Titans,Lions,H Klaasen,TB de Bruyn,Codi Yusuf,1,0,,,,,,,,,
1299618,2021/22,2022-02-17,"St George's Park, Port Elizabeth",2,10.5,Titans,Lions,TB de Bruyn,H Klaasen,Codi Yusuf,0,1,1,,,,,,,,
1299618,2021/22,2022-02-17,"St George's Park, Port Elizabeth",2,10.6,Titans,Lions,TB de Bruyn,H Klaasen,Codi Yusuf,2,0,,,,,,,,,
1299618,2021/22,2022-02-17,"St George's Park, Port Elizabeth",2,10.7,Titans,Lions,TB de Bruyn,H Klaasen,Codi Yusuf,1,0,,,,,,,,,
1299618,2021/22,2022-02-17,"St George's Park, Port Elizabeth",2,11.1,Titans,Lions,TB de Bruyn,H Klaasen,RR Hendricks,1,0,,,,,,,,,
1299618,2021/22,2022-02-17,"St George's Park, Port Elizabeth",2,11.2,Titans,Lions,H Klaasen,TB de Bruyn,RR Hendricks,0,0,,,,,,,,,
1299618,2021/22,2022-02-17,"St George's Park, Port Elizabeth",2,11.3,Titans,Lions,H Klaasen,TB de Bruyn,RR Hendricks,1,0,,,,,,,,,
1299618,2021/22,2022-02-17,"St George's Park, Port Elizabeth",2,11.4,Titans,Lions,TB de Bruyn,H Klaasen,RR Hendricks,1,0,,,,,,,,,
1299618,2021/22,2022-02-17,"St George's Park, Port Elizabeth",2,11.5,Titans,Lions,H Klaasen,TB de Bruyn,RR Hendricks,2,0,,,,,,,,,
1299618,2021/22,2022-02-17,"St George's Park, Port Elizabeth",2,11.6,Titans,Lions,H Klaasen,TB de Bruyn,RR Hendricks,6,0,,,,,,,,,
1299618,2021/22,2022-02-17,"St George's Park, Port Elizabeth",2,12.1,Titans,Lions,TB de Bruyn,H Klaasen,BC Fortuin,0,0,,,,,,,,,
1299618,2021/22,2022-02-17,"St George's Park, Port Elizabeth",2,12.2,Titans,Lions,TB de Bruyn,H Klaasen,BC Fortuin,2,0,,,,,,,,,
1299618,2021/22,2022-02-17,"St George's Park, Port Elizabeth",2,12.3,Titans,Lions,TB de Bruyn,H Klaasen,BC Fortuin,0,0,,,,,,,,,
1299618,2021/22,2022-02-17,"St George's Park, Port Elizabeth",2,12.4,Titans,Lions,TB de Bruyn,H Klaasen,BC Fortuin,0,0,,,,,,,,,
1299618,2021/22,2022-02-17,"St George's Park, Port Elizabeth",2,12.5,Titans,Lions,TB de Bruyn,H Klaasen,BC Fortuin,1,0,,,,,,,,,
1299618,2021/22,2022-02-17,"St George's Park, Port Elizabeth",2,12.6,Titans,Lions,H Klaasen,TB de Bruyn,BC Fortuin,0,0,,,,,,,,,
1299618,2021/22,2022-02-17,"St George's Park, Port Elizabeth",2,13.1,Titans,Lions,TB de Bruyn,H Klaasen,A Myoli,6,0,,,,,,,,,
1299618,2021/22,2022-02-17,"St George's Park, Port Elizabeth",2,13.2,Titans,Lions,TB de Bruyn,H Klaasen,A Myoli,2,0,,,,,,,,,
1299618,2021/22,2022-02-17,"St George's Park, Port Elizabeth",2,13.3,Titans,Lions,TB de Bruyn,H Klaasen,A Myoli,4,0,,,,,,,,,
1299618,2021/22,2022-02-17,"St George's Park, Port Elizabeth",2,13.4,Titans,Lions,TB de Bruyn,H Klaasen,A Myoli,1,0,,,,,,,,,
1299618,2021/22,2022-02-17,"St George's Park, Port Elizabeth",2,13.5,Titans,Lions,H Klaasen,TB de Bruyn,A Myoli,1,0,,,,,,,,,
1299618,2021/22,2022-02-17,"St George's Park, Port Elizabeth",2,13.6,Titans,Lions,TB de Bruyn,H Klaasen,A Myoli,1,0,,,,,,,,,
1299618,2021/22,2022-02-17,"St George's Park, Port Elizabeth",2,14.1,Titans,Lions,TB de Bruyn,H Klaasen,Codi Yusuf,1,0,,,,,,,,,
1299618,2021/22,2022-02-17,"St George's Park, Port Elizabeth",2,14.2,Titans,Lions,H Klaasen,TB de Bruyn,Codi Yusuf,2,0,,,,,,,,,
1299618,2021/22,2022-02-17,"St George's Park, Port Elizabeth",2,14.3,Titans,Lions,H Klaasen,TB de Bruyn,Codi Yusuf,6,0,,,,,,,,,
1299618,2021/22,2022-02-17,"St George's Park, Port Elizabeth",2,14.4,Titans,Lions,H Klaasen,TB de Bruyn,Codi Yusuf,1,0,,,,,,,,,
1299618,2021/22,2022-02-17,"St George's Park, Port Elizabeth",2,14.5,Titans,Lions,TB de Bruyn,H Klaasen,Codi Yusuf,1,0,,,,,,,,,
1299618,2021/22,2022-02-17,"St George's Park, Port Elizabeth",2,14.6,Titans,Lions,H Klaasen,TB de Bruyn,Codi Yusuf,1,0,,,,,,,,,
1299618,2021/22,2022-02-17,"St George's Park, Port Elizabeth",2,15.1,Titans,Lions,H Klaasen,TB de Bruyn,SSB Magala,1,0,,,,,,,,,
1299618,2021/22,2022-02-17,"St George's Park, Port Elizabeth",2,15.2,Titans,Lions,TB de Bruyn,H Klaasen,SSB Magala,4,0,,,,,,,,,
1299618,2021/22,2022-02-17,"St George's Park, Port Elizabeth",2,15.3,Titans,Lions,TB de Bruyn,H Klaasen,SSB Magala,4,0,,,,,,,,,
1299618,2021/22,2022-02-17,"St George's Park, Port Elizabeth",2,15.4,Titans,Lions,TB de Bruyn,H Klaasen,SSB Magala,0,5,5,,,,,,,,
1299618,2021/22,2022-02-17,"St George's Park, Port Elizabeth",2,15.5,Titans,Lions,TB de Bruyn,H Klaasen,SSB Magala,1,0,,,,,,,,,
1299618,2021/22,2022-02-17,"St George's Park, Port Elizabeth",2,15.6,Titans,Lions,H Klaasen,TB de Bruyn,SSB Magala,2,0,,,,,,,,,
1299618,2021/22,2022-02-17,"St George's Park, Port Elizabeth",2,15.7,Titans,Lions,H Klaasen,TB de Bruyn,SSB Magala,0,1,1,,,,,,,,
1299618,2021/22,2022-02-17,"St George's Park, Port Elizabeth",2,15.8,Titans,Lions,H Klaasen,TB de Bruyn,SSB Magala,1,0,,,,,,,,,
1299618,2021/22,2022-02-17,"St George's Park, Port Elizabeth",2,16.1,Titans,Lions,H Klaasen,TB de Bruyn,MP Siboto,1,0,,,,,,,,,
1299618,2021/22,2022-02-17,"St George's Park, Port Elizabeth",2,16.2,Titans,Lions,TB de Bruyn,H Klaasen,MP Siboto,1,0,,,,,,,,,
1299618,2021/22,2022-02-17,"St George's Park, Port Elizabeth",2,16.3,Titans,Lions,H Klaasen,TB de Bruyn,MP Siboto,4,0,,,,,,,,,
1299618,2021/22,2022-02-17,"St George's Park, Port Elizabeth",2,16.4,Titans,Lions,H Klaasen,TB de Bruyn,MP Siboto,0,0,,,,,,caught and bowled,H Klaasen,,
1299618,2021/22,2022-02-17,"St George's Park, Port Elizabeth",2,16.5,Titans,Lions,BS Makhanya,TB de Bruyn,MP Siboto,1,0,,,,,,,,,
1299618,2021/22,2022-02-17,"St George's Park, Port Elizabeth",2,16.6,Titans,Lions,TB de Bruyn,BS Makhanya,MP Siboto,0,0,,,,,,,,,
1299618,2021/22,2022-02-17,"St George's Park, Port Elizabeth",2,17.1,Titans,Lions,BS Makhanya,TB de Bruyn,SSB Magala,1,0,,,,,,,,,
1299618,2021/22,2022-02-17,"St George's Park, Port Elizabeth",2,17.2,Titans,Lions,TB de Bruyn,BS Makhanya,SSB Magala,1,0,,,,,,,,,
1299618,2021/22,2022-02-17,"St George's Park, Port Elizabeth",2,17.3,Titans,Lions,BS Makhanya,TB de Bruyn,SSB Magala,0,0,,,,,,,,,
1299618,2021/22,2022-02-17,"St George's Park, Port Elizabeth",2,17.4,Titans,Lions,BS Makhanya,TB de Bruyn,SSB Magala,1,0,,,,,,,,,
1299618,2021/22,2022-02-17,"St George's Park, Port Elizabeth",2,17.5,Titans,Lions,TB de Bruyn,BS Makhanya,SSB Magala,1,0,,,,,,,,,
1299618,2021/22,2022-02-17,"St George's Park, Port Elizabeth",2,17.6,Titans,Lions,BS Makhanya,TB de Bruyn,SSB Magala,1,0,,,,,,,,,
1299618,2021/22,2022-02-17,"St George's Park, Port Elizabeth",2,18.1,Titans,Lions,BS Makhanya,TB de Bruyn,MP Siboto,4,0,,,,,,,,,
