match_id,season,start_date,venue,innings,ball,batting_team,bowling_team,striker,non_striker,bowler,runs_off_bat,extras,wides,noballs,byes,legbyes,penalty,wicket_type,player_dismissed,other_wicket_type,other_player_dismissed
1299625,2021/22,2022-02-20,"St George's Park, Port Elizabeth",1,0.1,Knights,Lions,GJ Snyman,CP Klijnhans,T Ntuli,0,0,,,,,,,,,
1299625,2021/22,2022-02-20,"St George's Park, Port Elizabeth",1,0.2,Knights,Lions,GJ Snyman,CP Klijnhans,T Ntuli,0,0,,,,,,,,,
1299625,2021/22,2022-02-20,"St George's Park, Port Elizabeth",1,0.3,Knights,Lions,GJ Snyman,CP Klijnhans,T Ntuli,1,0,,,,,,,,,
1299625,2021/22,2022-02-20,"St George's Park, Port Elizabeth",1,0.4,Knights,Lions,CP Klijnhans,GJ Snyman,T Ntuli,0,0,,,,,,,,,
1299625,2021/22,2022-02-20,"St George's Park, Port Elizabeth",1,0.5,Knights,Lions,CP Klijnhans,GJ Snyman,T Ntuli,0,0,,,,,,,,,
1299625,2021/22,2022-02-20,"St George's Park, Port Elizabeth",1,0.6,Knights,Lions,CP Klijnhans,GJ Snyman,T Ntuli,0,0,,,,,,,,,
1299625,2021/22,2022-02-20,"St George's Park, Port Elizabeth",1,1.1,Knights,Lions,GJ Snyman,CP Klijnhans,RR Hendricks,1,0,,,,,,,,,
1299625,2021/22,2022-02-20,"St George's Park, Port Elizabeth",1,1.2,Knights,Lions,CP Klijnhans,GJ Snyman,RR Hendricks,0,0,,,,,,,,,
1299625,2021/22,2022-02-20,"St George's Park, Port Elizabeth",1,1.3,Knights,Lions,CP Klijnhans,GJ Snyman,RR Hendricks,0,0,,,,,,,,,
1299625,2021/22,2022-02-20,"St George's Park, Port Elizabeth",1,1.4,Knights,Lions,CP Klijnhans,GJ Snyman,RR Hendricks,0,0,,,,,,,,,
1299625,2021/22,2022-02-20,"St George's Park, Port Elizabeth",1,1.5,Knights,Lions,CP Klijnhans,GJ Snyman,RR Hendricks,0,0,,,,,,,,,
1299625,2021/22,2022-02-20,"St George's Park, Port Elizabeth",1,1.6,Knights,Lions,CP Klijnhans,GJ Snyman,RR Hendricks,0,0,,,,,,,,,
1299625,2021/22,2022-02-20,"St George's Park, Port Elizabeth",1,2.1,Knights,Lions,GJ Snyman,CP Klijnhans,T Ntuli,4,0,,,,,,,,,
1299625,2021/22,2022-02-20,"St George's Park, Port Elizabeth",1,2.2,Knights,Lions,GJ Snyman,CP Klijnhans,T Ntuli,0,0,,,,,,,,,
1299625,2021/22,2022-02-20,"St George's Park, Port Elizabeth",1,2.3,Knights,Lions,GJ Snyman,CP Klijnhans,T Ntuli,6,0,,,,,,,,,
1299625,2021/22,2022-02-20,"St George's Park, Port Elizabeth",1,2.4,Knights,Lions,GJ Snyman,CP Klijnhans,T Ntuli,1,0,,,,,,,,,
1299625,2021/22,2022-02-20,"St George's Park, Port Elizabeth",1,2.5,Knights,Lions,CP Klijnhans,GJ Snyman,T Ntuli,0,0,,,,,,bowled,CP Klijnhans,,
1299625,2021/22,2022-02-20,"St George's Park, Port Elizabeth",1,2.6,Knights,Lions,PJ van Biljon,GJ Snyman,T Ntuli,1,0,,,,,,,,,
1299625,2021/22,2022-02-20,"St George's Park, Port Elizabeth",1,3.1,Knights,Lions,PJ van Biljon,GJ Snyman,RR Hendricks,4,0,,,,,,,,,
1299625,2021/22,2022-02-20,"St George's Park, Port Elizabeth",1,3.2,Knights,Lions,PJ van Biljon,GJ Snyman,RR Hendricks,1,0,,,,,,,,,
1299625,2021/22,2022-02-20,"St George's Park, Port Elizabeth",1,3.3,Knights,Lions,GJ Snyman,PJ van Biljon,RR Hendricks,1,0,,,,,,,,,
1299625,2021/22,2022-02-20,"St George's Park, Port Elizabeth",1,3.4,Knights,Lions,PJ van Biljon,GJ Snyman,RR Hendricks,0,0,,,,,,,,,
1299625,2021/22,2022-02-20,"St George's Park, Port Elizabeth",1,3.5,Knights,Lions,PJ van Biljon,GJ Snyman,RR Hendricks,4,0,,,,,,,,,
1299625,2021/22,2022-02-20,"St George's Park, Port Elizabeth",1,3.6,Knights,Lions,PJ van Biljon,GJ Snyman,RR Hendricks,0,0,,,,,,,,,
1299625,2021/22,2022-02-20,"St George's Park, Port Elizabeth",1,4.1,Knights,Lions,GJ Snyman,PJ van Biljon,T Bokako,0,0,,,,,,,,,
1299625,2021/22,2022-02-20,"St George's Park, Port Elizabeth",1,4.2,Knights,Lions,GJ Snyman,PJ van Biljon,T Bokako,0,1,1,,,,,,,,
1299625,2021/22,2022-02-20,"St George's Park, Port Elizabeth",1,4.3,Knights,Lions,GJ Snyman,PJ van Biljon,T Bokako,0,0,,,,,,,,,
1299625,2021/22,2022-02-20,"St George's Park, Port Elizabeth",1,4.4,Knights,Lions,GJ Snyman,PJ van Biljon,T Bokako,6,0,,,,,,,,,
1299625,2021/22,2022-02-20,"St George's Park, Port Elizabeth",1,4.5,Knights,Lions,GJ Snyman,PJ van Biljon,T Bokako,4,0,,,,,,,,,
1299625,2021/22,2022-02-20,"St George's Park, Port Elizabeth",1,4.6,Knights,Lions,GJ Snyman,PJ van Biljon,T Bokako,1,0,,,,,,,,,
1299625,2021/22,2022-02-20,"St George's Park, Port Elizabeth",1,4.7,Knights,Lions,PJ van Biljon,GJ Snyman,T Bokako,4,0,,,,,,,,,
1299625,2021/22,2022-02-20,"St George's Park, Port Elizabeth",1,5.1,Knights,Lions,GJ Snyman,PJ van Biljon,Codi Yusuf,0,0,,,,,,,,,
1299625,2021/22,2022-02-20,"St George's Park, Port Elizabeth",1,5.2,Knights,Lions,GJ Snyman,PJ van Biljon,Codi Yusuf,1,0,,,,,,,,,
1299625,2021/22,2022-02-20,"St George's Park, Port Elizabeth",1,5.3,Knights,Lions,PJ van Biljon,GJ Snyman,Codi Yusuf,1,0,,,,,,,,,
1299625,2021/22,2022-02-20,"St George's Park, Port Elizabeth",1,5.4,Knights,Lions,GJ Snyman,PJ van Biljon,Codi Yusuf,0,0,,,,,,,,,
1299625,2021/22,2022-02-20,"St George's Park, Port Elizabeth",1,5.5,Knights,Lions,GJ Snyman,PJ van Biljon,Codi Yusuf,4,0,,,,,,,,,
1299625,2021/22,2022-02-20,"St George's Park, Port Elizabeth",1,5.6,Knights,Lions,GJ Snyman,PJ van Biljon,Codi Yusuf,4,0,,,,,,,,,
1299625,2021/22,2022-02-20,"St George's Park, Port Elizabeth",1,6.1,Knights,Lions,PJ van Biljon,GJ Snyman,SSB Magala,1,0,,,,,,,,,
1299625,2021/22,2022-02-20,"St George's Park, Port Elizabeth",1,6.2,Knights,Lions,GJ Snyman,PJ van Biljon,SSB Magala,0,0,,,,,,,,,
1299625,2021/22,2022-02-20,"St George's Park, Port Elizabeth",1,6.3,Knights,Lions,GJ Snyman,PJ van Biljon,SSB Magala,1,0,,,,,,,,,
1299625,2021/22,2022-02-20,"St George's Park, Port Elizabeth",1,6.4,Knights,Lions,PJ van Biljon,GJ Snyman,SSB Magala,1,0,,,,,,,,,
1299625,2021/22,2022-02-20,"St George's Park, Port Elizabeth",1,6.5,Knights,Lions,GJ Snyman,PJ van Biljon,SSB Magala,0,1,1,,,,,,,,
1299625,2021/22,2022-02-20,"St George's Park, Port Elizabeth",1,6.6,Knights,Lions,GJ Snyman,PJ van Biljon,SSB Magala,1,0,,,,,,,,,
1299625,2021/22,2022-02-20,"St George's Park, Port Elizabeth",1,6.7,Knights,Lions,PJ van Biljon,GJ Snyman,SSB Magala,2,0,,,,,,,,,
1299625,2021/22,2022-02-20,"St George's Park, Port Elizabeth",1,7.1,Knights,Lions,GJ Snyman,PJ van Biljon,J Landsberg,1,0,,,,,,,,,
1299625,2021/22,2022-02-20,"St George's Park, Port Elizabeth",1,7.2,Knights,Lions,PJ van Biljon,GJ Snyman,J Landsberg,1,0,,,,,,,,,
1299625,2021/22,2022-02-20,"St George's Park, Port Elizabeth",1,7.3,Knights,Lions,GJ Snyman,PJ van Biljon,J Landsberg,1,0,,,,,,,,,
1299625,2021/22,2022-02-20,"St George's Park, Port Elizabeth",1,7.4,Knights,Lions,PJ van Biljon,GJ Snyman,J Landsberg,0,0,,,,,,run out,PJ van Biljon,,
1299625,2021/22,2022-02-20,"St George's Park, Port Elizabeth",1,7.5,Knights,Lions,P Botha,GJ Snyman,J Landsberg,1,0,,,,,,,,,
1299625,2021/22,2022-02-20,"St George's Park, Port Elizabeth",1,7.6,Knights,Lions,GJ Snyman,P Botha,J Landsberg,1,0,,,,,,,,,
1299625,2021/22,2022-02-20,"St George's Park, Port Elizabeth",1,8.1,Knights,Lions,GJ Snyman,P Botha,MP Siboto,0,0,,,,,,,,,
1299625,2021/22,2022-02-20,"St George's Park, Port Elizabeth",1,8.2,Knights,Lions,GJ Snyman,P Botha,MP Siboto,0,0,,,,,,caught,GJ Snyman,,
1299625,2021/22,2022-02-20,"St George's Park, Port Elizabeth",1,8.3,Knights,Lions,P Botha,F Behardien,MP Siboto,0,0,,,,,,,,,
1299625,2021/22,2022-02-20,"St George's Park, Port Elizabeth",1,8.4,Knights,Lions,P Botha,F Behardien,MP Siboto,1,0,,,,,,,,,
1299625,2021/22,2022-02-20,"St George's Park, Port Elizabeth",1,8.5,Knights,Lions,F Behardien,P Botha,MP Siboto,1,0,,,,,,,,,
1299625,2021/22,2022-02-20,"St George's Park, Port Elizabeth",1,8.6,Knights,Lions,P Botha,F Behardien,MP Siboto,2,0,,,,,,,,,
1299625,2021/22,2022-02-20,"St George's Park, Port Elizabeth",1,9.1,Knights,Lions,F Behardien,P Botha,T Ntuli,1,0,,,,,,,,,
1299625,2021/22,2022-02-20,"St George's Park, Port Elizabeth",1,9.2,Knights,Lions,P Botha,F Behardien,T Ntuli,1,0,,,,,,,,,
1299625,2021/22,2022-02-20,"St George's Park, Port Elizabeth",1,9.3,Knights,Lions,F Behardien,P Botha,T Ntuli,1,0,,,,,,,,,
1299625,2021/22,2022-02-20,"St George's Park, Port Elizabeth",1,9.4,Knights,Lions,P Botha,F Behardien,T Ntuli,0,0,,,,,,,,,
1299625,2021/22,2022-02-20,"St George's Park, Port Elizabeth",1,9.5,Knights,Lions,P Botha,F Behardien,T Ntuli,0,0,,,,,,bowled,P Botha,,
1299625,2021/22,2022-02-20,"St George's Park, Port Elizabeth",1,9.6,Knights,Lions,PE Kruger,F Behardien,T Ntuli,0,0,,,,,,,,,
1299625,2021/22,2022-02-20,"St George's Park, Port Elizabeth",1,10.1,Knights,Lions,F Behardien,PE Kruger,SSB Magala,1,0,,,,,,,,,
1299625,2021/22,2022-02-20,"St George's Park, Port Elizabeth",1,10.2,Knights,Lions,PE Kruger,F Behardien,SSB Magala,1,0,,,,,,,,,
1299625,2021/22,2022-02-20,"St George's Park, Port Elizabeth",1,10.3,Knights,Lions,F Behardien,PE Kruger,SSB Magala,1,0,,,,,,,,,
1299625,2021/22,2022-02-20,"St George's Park, Port Elizabeth",1,10.4,Knights,Lions,PE Kruger,F Behardien,SSB Magala,1,0,,,,,,,,,
1299625,2021/22,2022-02-20,"St George's Park, Port Elizabeth",1,10.5,Knights,Lions,F Behardien,PE Kruger,SSB Magala,1,0,,,,,,,,,
1299625,2021/22,2022-02-20,"St George's Park, Port Elizabeth",1,10.6,Knights,Lions,PE Kruger,F Behardien,SSB Magala,0,0,,,,,,,,,
1299625,2021/22,2022-02-20,"St George's Park, Port Elizabeth",1,11.1,Knights,Lions,F Behardien,PE Kruger,J Landsberg,1,0,,,,,,,,,
1299625,2021/22,2022-02-20,"St George's Park, Port Elizabeth",1,11.2,Knights,Lions,PE Kruger,F Behardien,J Landsberg,4,0,,,,,,,,,
1299625,2021/22,2022-02-20,"St George's Park, Port Elizabeth",1,11.3,Knights,Lions,PE Kruger,F Behardien,J Landsberg,4,0,,,,,,,,,
1299625,2021/22,2022-02-20,"St George's Park, Port Elizabeth",1,11.4,Knights,Lions,PE Kruger,F Behardien,J Landsberg,1,0,,,,,,,,,
1299625,2021/22,2022-02-20,"St George's Park, Port Elizabeth",1,11.5,Knights,Lions,F Behardien,PE Kruger,J Landsberg,0,1,1,,,,,,,,
1299625,2021/22,2022-02-20,"St George's Park, Port Elizabeth",1,11.6,Knights,Lions,F Behardien,PE Kruger,J Landsberg,0,0,,,,,,,,,
1299625,2021/22,2022-02-20,"St George's Park, Port Elizabeth",1,11.7,Knights,Lions,F Behardien,PE Kruger,J Landsberg,1,0,,,,,,,,,
1299625,2021/22,2022-02-20,"St George's Park, Port Elizabeth",1,12.1,Knights,Lions,F Behardien,PE Kruger,MP Siboto,1,0,,,,,,,,,
1299625,2021/22,2022-02-20,"St George's Park, Port Elizabeth",1,12.2,Knights,Lions,PE Kruger,F Behardien,MP Siboto,0,0,,,,,,,,,
1299625,2021/22,2022-02-20,"St George's Park, Port Elizabeth",1,12.3,Knights,Lions,PE Kruger,F Behardien,MP Siboto,0,0,,,,,,bowled,PE Kruger,,
1299625,2021/22,2022-02-20,"St George's Park, Port Elizabeth",1,12.4,Knights,Lions,M Mosehle,F Behardien,MP Siboto,0,0,,,,,,,,,
1299625,2021/22,2022-02-20,"St George's Park, Port Elizabeth",1,12.5,Knights,Lions,M Mosehle,F Behardien,MP Siboto,0,0,,,,,,,,,
1299625,2021/22,2022-02-20,"St George's Park, Port Elizabeth",1,12.6,Knights,Lions,M Mosehle,F Behardien,MP Siboto,2,0,,,,,,,,,
1299625,2021/22,2022-02-20,"St George's Park, Port Elizabeth",1,13.1,Knights,Lions,F Behardien,M Mosehle,RR Hendricks,1,0,,,,,,,,,
1299625,2021/22,2022-02-20,"St George's Park, Port Elizabeth",1,13.2,Knights,Lions,M Mosehle,F Behardien,RR Hendricks,1,0,,,,,,,,,
1299625,2021/22,2022-02-20,"St George's Park, Port Elizabeth",1,13.3,Knights,Lions,F Behardien,M Mosehle,RR Hendricks,1,0,,,,,,,,,
1299625,2021/22,2022-02-20,"St George's Park, Port Elizabeth",1,13.4,Knights,Lions,M Mosehle,F Behardien,RR Hendricks,0,0,,,,,,,,,
1299625,2021/22,2022-02-20,"St George's Park, Port Elizabeth",1,13.5,Knights,Lions,M Mosehle,F Behardien,RR Hendricks,0,0,,,,,,,,,
1299625,2021/22,2022-02-20,"St George's Park, Port Elizabeth",1,13.6,Knights,Lions,M Mosehle,F Behardien,RR Hendricks,1,0,,,,,,,,,
1299625,2021/22,2022-02-20,"St George's Park, Port Elizabeth",1,14.1,Knights,Lions,M Mosehle,F Behardien,T Bokako,0,0,,,,,,caught,M Mosehle,,
1299625,2021/22,2022-02-20,"St George's Park, Port Elizabeth",1,14.2,Knights,Lions,M Pretorius,F Behardien,T Bokako,1,0,,,,,,,,,
1299625,2021/22,2022-02-20,"St George's Park, Port Elizabeth",1,14.3,Knights,Lions,F Behardien,M Pretorius,T Bokako,1,0,,,,,,,,,
1299625,2021/22,2022-02-20,"St George's Park, Port Elizabeth",1,14.4,Knights,Lions,M Pretorius,F Behardien,T Bokako,1,0,,,,,,,,,
1299625,2021/22,2022-02-20,"St George's Park, Port Elizabeth",1,14.5,Knights,Lions,F Behardien,M Pretorius,T Bokako,1,0,,,,,,,,,
1299625,2021/22,2022-02-20,"St George's Park, Port Elizabeth",1,14.6,Knights,Lions,M Pretorius,F Behardien,T Bokako,0,0,,,,,,,,,
1299625,2021/22,2022-02-20,"St George's Park, Port Elizabeth",1,15.1,Knights,Lions,F Behardien,M Pretorius,T Ntuli,1,0,,,,,,,,,
1299625,2021/22,2022-02-20,"St George's Park, Port Elizabeth",1,15.2,Knights,Lions,M Pretorius,F Behardien,T Ntuli,1,0,,,,,,,,,
1299625,2021/22,2022-02-20,"St George's Park, Port Elizabeth",1,15.3,Knights,Lions,F Behardien,M Pretorius,T Ntuli,1,0,,,,,,,,,
1299625,2021/22,2022-02-20,"St George's Park, Port Elizabeth",1,15.4,Knights,Lions,M Pretorius,F Behardien,T Ntuli,1,0,,,,,,,,,
1299625,2021/22,2022-02-20,"St George's Park, Port Elizabeth",1,15.5,Knights,Lions,F Behardien,M Pretorius,T Ntuli,1,0,,,,,,,,,
1299625,2021/22,2022-02-20,"St George's Park, Port Elizabeth",1,15.6,Knights,Lions,M Pretorius,F Behardien,T Ntuli,0,0,,,,,,caught,M Pretorius,,
1299625,2021/22,2022-02-20,"St George's Park, Port Elizabeth",1,16.1,Knights,Lions,F Behardien,G Mahlokwana,Codi Yusuf,1,0,,,,,,,,,
1299625,2021/22,2022-02-20,"St George's Park, Port Elizabeth",1,16.2,Knights,Lions,G Mahlokwana,F Behardien,Codi Yusuf,1,0,,,,,,,,,
1299625,2021/22,2022-02-20,"St George's Park, Port Elizabeth",1,16.3,Knights,Lions,F Behardien,G Mahlokwana,Codi Yusuf,1,0,,,,,,,,,
1299625,2021/22,2022-02-20,"St George's Park, Port Elizabeth",1,16.4,Knights,Lions,G Mahlokwana,F Behardien,Codi Yusuf,0,0,,,,,,,,,
1299625,2021/22,2022-02-20,"St George's Park, Port Elizabeth",1,16.5,Knights,Lions,G Mahlokwana,F Behardien,Codi Yusuf,0,0,,,,,,,,,
1299625,2021/22,2022-02-20,"St George's Park, Port Elizabeth",1,16.6,Knights,Lions,G Mahlokwana,F Behardien,Codi Yusuf,1,0,,,,,,,,,
1299625,2021/22,2022-02-20,"St George's Park, Port Elizabeth",1,17.1,Knights,Lions,G Mahlokwana,F Behardien,T Bokako,1,0,,,,,,,,,
1299625,2021/22,2022-02-20,"St George's Park, Port Elizabeth",1,17.2,Knights,Lions,F Behardien,G Mahlokwana,T Bokako,0,0,,,,,,,,,
1299625,2021/22,2022-02-20,"St George's Park, Port Elizabeth",1,17.3,Knights,Lions,F Behardien,G Mahlokwana,T Bokako,1,0,,,,,,,,,
1299625,2021/22,2022-02-20,"St George's Park, Port Elizabeth",1,17.4,Knights,Lions,G Mahlokwana,F Behardien,T Bokako,0,0,,,,,,,,,
1299625,2021/22,2022-02-20,"St George's Park, Port Elizabeth",1,17.5,Knights,Lions,G Mahlokwana,F Behardien,T Bokako,1,0,,,,,,,,,
1299625,2021/22,2022-02-20,"St George's Park, Port Elizabeth",1,17.6,Knights,Lions,F Behardien,G Mahlokwana,T Bokako,1,0,,,,,,,,,
1299625,2021/22,2022-02-20,"St George's Park, Port Elizabeth",1,18.1,Knights,Lions,F Behardien,G Mahlokwana,MP Siboto,6,0,,,,,,,,,
1299625,2021/22,2022-02-20,"St George's Park, Port Elizabeth",1,18.2,Knights,Lions,F Behardien,G Mahlokwana,MP Siboto,0,1,1,,,,,,,,
1299625,2021/22,2022-02-20,"St George's Park, Port Elizabeth",1,18.3,Knights,Lions,F Behardien,G Mahlokwana,MP Siboto,2,0,,,,,,,,,
1299625,2021/22,2022-02-20,"St George's Park, Port Elizabeth",1,18.4,Knights,Lions,F Behardien,G Mahlokwana,MP Siboto,0,0,,,,,,,,,
1299625,2021/22,2022-02-20,"St George's Park, Port Elizabeth",1,18.5,Knights,Lions,F Behardien,G Mahlokwana,MP Siboto,1,0,,,,,,,,,
1299625,2021/22,2022-02-20,"St George's Park, Port Elizabeth",1,18.6,Knights,Lions,G Mahlokwana,F Behardien,MP Siboto,0,0,,,,,,caught,G Mahlokwana,,
1299625,2021/22,2022-02-20,"St George's Park, Port Elizabeth",1,18.7,Knights,Lions,F Behardien,SA Mothoa,MP Siboto,1,0,,,,,,,,,
1299625,2021/22,2022-02-20,"St George's Park, Port Elizabeth",1,19.1,Knights,Lions,F Behardien,SA Mothoa,Codi Yusuf,0,0,,,,,,,,,
1299625,2021/22,2022-02-20,"St George's Park, Port Elizabeth",1,19.2,Knights,Lions,F Behardien,SA Mothoa,Codi Yusuf,1,0,,,,,,,,,
1299625,2021/22,2022-02-20,"St George's Park, Port Elizabeth",1,19.3,Knights,Lions,SA Mothoa,F Behardien,Codi Yusuf,0,0,,,,,,,,,
1299625,2021/22,2022-02-20,"St George's Park, Port Elizabeth",1,19.4,Knights,Lions,SA Mothoa,F Behardien,Codi Yusuf,0,1,,,1,,,,,,
1299625,2021/22,2022-02-20,"St George's Park, Port Elizabeth",1,19.5,Knights,Lions,F Behardien,SA Mothoa,Codi Yusuf,0,0,,,,,,,,,
1299625,2021/22,2022-02-20,"St George's Park, Port Elizabeth",1,19.6,Knights,Lions,F Behardien,SA Mothoa,Codi Yusuf,4,0,,,,,,,,,
1299625,2021/22,2022-02-20,"St George's Park, Port Elizabeth",2,0.1,Lions,Knights,RR Hendricks,S Dadswell,G Mahlokwana,4,0,,,,,,,,,
1299625,2021/22,2022-02-20,"St George's Park, Port Elizabeth",2,0.2,Lions,Knights,RR Hendricks,S Dadswell,G Mahlokwana,1,0,,,,,,,,,
1299625,2021/22,2022-02-20,"St George's Park, Port Elizabeth",2,0.3,Lions,Knights,S Dadswell,RR Hendricks,G Mahlokwana,1,0,,,,,,,,,
1299625,2021/22,2022-02-20,"St George's Park, Port Elizabeth",2,0.4,Lions,Knights,RR Hendricks,S Dadswell,G Mahlokwana,1,0,,,,,,,,,
1299625,2021/22,2022-02-20,"St George's Park, Port Elizabeth",2,0.5,Lions,Knights,S Dadswell,RR Hendricks,G Mahlokwana,0,1,1,,,,,,,,
1299625,2021/22,2022-02-20,"St George's Park, Port Elizabeth",2,0.6,Lions,Knights,S Dadswell,RR Hendricks,G Mahlokwana,0,0,,,,,,,,,
1299625,2021/22,2022-02-20,"St George's Park, Port Elizabeth",2,0.7,Lions,Knights,S Dadswell,RR Hendricks,G Mahlokwana,0,0,,,,,,caught,S Dadswell,,
1299625,2021/22,2022-02-20,"St George's Park, Port Elizabeth",2,1.1,Lions,Knights,RR Hendricks,K Rapulana,P Botha,0,0,,,,,,,,,
1299625,2021/22,2022-02-20,"St George's Park, Port Elizabeth",2,1.2,Lions,Knights,RR Hendricks,K Rapulana,P Botha,0,0,,,,,,,,,
1299625,2021/22,2022-02-20,"St George's Park, Port Elizabeth",2,1.3,Lions,Knights,RR Hendricks,K Rapulana,P Botha,4,0,,,,,,,,,
1299625,2021/22,2022-02-20,"St George's Park, Port Elizabeth",2,1.4,Lions,Knights,RR Hendricks,K Rapulana,P Botha,0,0,,,,,,,,,
1299625,2021/22,2022-02-20,"St George's Park, Port Elizabeth",2,1.5,Lions,Knights,RR Hendricks,K Rapulana,P Botha,1,0,,,,,,,,,
1299625,2021/22,2022-02-20,"St George's Park, Port Elizabeth",2,1.6,Lions,Knights,K Rapulana,RR Hendricks,P Botha,1,0,,,,,,,,,
1299625,2021/22,2022-02-20,"St George's Park, Port Elizabeth",2,2.1,Lions,Knights,K Rapulana,RR Hendricks,SA Mothoa,1,0,,,,,,,,,
1299625,2021/22,2022-02-20,"St George's Park, Port Elizabeth",2,2.2,Lions,Knights,RR Hendricks,K Rapulana,SA Mothoa,0,0,,,,,,,,,
1299625,2021/22,2022-02-20,"St George's Park, Port Elizabeth",2,2.3,Lions,Knights,RR Hendricks,K Rapulana,SA Mothoa,0,0,,,,,,,,,
1299625,2021/22,2022-02-20,"St George's Park, Port Elizabeth",2,2.4,Lions,Knights,RR Hendricks,K Rapulana,SA Mothoa,1,0,,,,,,,,,
1299625,2021/22,2022-02-20,"St George's Park, Port Elizabeth",2,2.5,Lions,Knights,K Rapulana,RR Hendricks,SA Mothoa,0,0,,,,,,caught,K Rapulana,,
1299625,2021/22,2022-02-20,"St George's Park, Port Elizabeth",2,2.6,Lions,Knights,M Van Buuren,RR Hendricks,SA Mothoa,1,0,,,,,,,,,
1299625,2021/22,2022-02-20,"St George's Park, Port Elizabeth",2,3.1,Lions,Knights,M Van Buuren,RR Hendricks,G Mahlokwana,2,0,,,,,,,,,
1299625,2021/22,2022-02-20,"St George's Park, Port Elizabeth",2,3.2,Lions,Knights,M Van Buuren,RR Hendricks,G Mahlokwana,0,0,,,,,,,,,
1299625,2021/22,2022-02-20,"St George's Park, Port Elizabeth",2,3.3,Lions,Knights,M Van Buuren,RR Hendricks,G Mahlokwana,0,5,5,,,,,,,,
1299625,2021/22,2022-02-20,"St George's Park, Port Elizabeth",2,3.4,Lions,Knights,M Van Buuren,RR Hendricks,G Mahlokwana,1,0,,,,,,,,,
1299625,2021/22,2022-02-20,"St George's Park, Port Elizabeth",2,3.5,Lions,Knights,RR Hendricks,M Van Buuren,G Mahlokwana,1,0,,,,,,,,,
1299625,2021/22,2022-02-20,"St George's Park, Port Elizabeth",2,3.6,Lions,Knights,M Van Buuren,RR Hendricks,G Mahlokwana,0,0,,,,,,,,,
1299625,2021/22,2022-02-20,"St George's Park, Port Elizabeth",2,3.7,Lions,Knights,M Van Buuren,RR Hendricks,G Mahlokwana,0,0,,,,,,,,,
1299625,2021/22,2022-02-20,"St George's Park, Port Elizabeth",2,4.1,Lions,Knights,RR Hendricks,M Van Buuren,SA Mothoa,4,0,,,,,,,,,
1299625,2021/22,2022-02-20,"St George's Park, Port Elizabeth",2,4.2,Lions,Knights,RR Hendricks,M Van Buuren,SA Mothoa,0,0,,,,,,,,,
1299625,2021/22,2022-02-20,"St George's Park, Port Elizabeth",2,4.3,Lions,Knights,RR Hendricks,M Van Buuren,SA Mothoa,0,0,,,,,,,,,
1299625,2021/22,2022-02-20,"St George's Park, Port Elizabeth",2,4.4,Lions,Knights,RR Hendricks,M Van Buuren,SA Mothoa,0,0,,,,,,,,,
1299625,2021/22,2022-02-20,"St George's Park, Port Elizabeth",2,4.5,Lions,Knights,RR Hendricks,M Van Buuren,SA Mothoa,1,0,,,,,,,,,
1299625,2021/22,2022-02-20,"St George's Park, Port Elizabeth",2,4.6,Lions,Knights,M Van Buuren,RR Hendricks,SA Mothoa,0,0,,,,,,,,,
1299625,2021/22,2022-02-20,"St George's Park, Port Elizabeth",2,5.1,Lions,Knights,RR Hendricks,M Van Buuren,M Pretorius,4,0,,,,,,,,,
1299625,2021/22,2022-02-20,"St George's Park, Port Elizabeth",2,5.2,Lions,Knights,RR Hendricks,M Van Buuren,M Pretorius,4,0,,,,,,,,,
1299625,2021/22,2022-02-20,"St George's Park, Port Elizabeth",2,5.3,Lions,Knights,RR Hendricks,M Van Buuren,M Pretorius,1,0,,,,,,,,,
1299625,2021/22,2022-02-20,"St George's Park, Port Elizabeth",2,5.4,Lions,Knights,M Van Buuren,RR Hendricks,M Pretorius,0,0,,,,,,,,,
1299625,2021/22,2022-02-20,"St George's Park, Port Elizabeth",2,5.5,Lions,Knights,M Van Buuren,RR Hendricks,M Pretorius,0,0,,,,,,,,,
1299625,2021/22,2022-02-20,"St George's Park, Port Elizabeth",2,5.6,Lions,Knights,M Van Buuren,RR Hendricks,M Pretorius,1,0,,,,,,,,,
1299625,2021/22,2022-02-20,"St George's Park, Port Elizabeth",2,6.1,Lions,Knights,M Van Buuren,RR Hendricks,N van Heerden,1,0,,,,,,,,,
1299625,2021/22,2022-02-20,"St George's Park, Port Elizabeth",2,6.2,Lions,Knights,RR Hendricks,M Van Buuren,N van Heerden,0,0,,,,,,,,,
1299625,2021/22,2022-02-20,"St George's Park, Port Elizabeth",2,6.3,Lions,Knights,RR Hendricks,M Van Buuren,N van Heerden,0,0,,,,,,,,,
1299625,2021/22,2022-02-20,"St George's Park, Port Elizabeth",2,6.4,Lions,Knights,RR Hendricks,M Van Buuren,N van Heerden,1,0,,,,,,,,,
1299625,2021/22,2022-02-20,"St George's Park, Port Elizabeth",2,6.5,Lions,Knights,M Van Buuren,RR Hendricks,N van Heerden,0,0,,,,,,,,,
1299625,2021/22,2022-02-20,"St George's Park, Port Elizabeth",2,6.6,Lions,Knights,M Van Buuren,RR Hendricks,N van Heerden,1,0,,,,,,,,,
1299625,2021/22,2022-02-20,"St George's Park, Port Elizabeth",2,7.1,Lions,Knights,M Van Buuren,RR Hendricks,GJ Snyman,1,0,,,,,,,,,
1299625,2021/22,2022-02-20,"St George's Park, Port Elizabeth",2,7.2,Lions,Knights,RR Hendricks,M Van Buuren,GJ Snyman,1,0,,,,,,,,,
1299625,2021/22,2022-02-20,"St George's Park, Port Elizabeth",2,7.3,Lions,Knights,M Van Buuren,RR Hendricks,GJ Snyman,1,0,,,,,,,,,
1299625,2021/22,2022-02-20,"St George's Park, Port Elizabeth",2,7.4,Lions,Knights,RR Hendricks,M Van Buuren,GJ Snyman,0,0,,,,,,,,,
1299625,2021/22,2022-02-20,"St George's Park, Port Elizabeth",2,7.5,Lions,Knights,RR Hendricks,M Van Buuren,GJ Snyman,1,0,,,,,,,,,
1299625,2021/22,2022-02-20,"St George's Park, Port Elizabeth",2,7.6,Lions,Knights,M Van Buuren,RR Hendricks,GJ Snyman,1,0,,,,,,,,,
1299625,2021/22,2022-02-20,"St George's Park, Port Elizabeth",2,8.1,Lions,Knights,M Van Buuren,RR Hendricks,N van Heerden,1,0,,,,,,,,,
1299625,2021/22,2022-02-20,"St George's Park, Port Elizabeth",2,8.2,Lions,Knights,RR Hendricks,M Van Buuren,N van Heerden,1,0,,,,,,,,,
1299625,2021/22,2022-02-20,"St George's Park, Port Elizabeth",2,8.3,Lions,Knights,M Van Buuren,RR Hendricks,N van Heerden,1,0,,,,,,,,,
1299625,2021/22,2022-02-20,"St George's Park, Port Elizabeth",2,8.4,Lions,Knights,RR Hendricks,M Van Buuren,N van Heerden,1,0,,,,,,,,,
1299625,2021/22,2022-02-20,"St George's Park, Port Elizabeth",2,8.5,Lions,Knights,M Van Buuren,RR Hendricks,N van Heerden,4,0,,,,,,,,,
1299625,2021/22,2022-02-20,"St George's Park, Port Elizabeth",2,8.6,Lions,Knights,M Van Buuren,RR Hendricks,N van Heerden,1,0,,,,,,,,,
1299625,2021/22,2022-02-20,"St George's Park, Port Elizabeth",2,9.1,Lions,Knights,M Van Buuren,RR Hendricks,GJ Snyman,1,0,,,,,,,,,
1299625,2021/22,2022-02-20,"St George's Park, Port Elizabeth",2,9.2,Lions,Knights,RR Hendricks,M Van Buuren,GJ Snyman,1,0,,,,,,,,,
1299625,2021/22,2022-02-20,"St George's Park, Port Elizabeth",2,9.3,Lions,Knights,M Van Buuren,RR Hendricks,GJ Snyman,0,0,,,,,,,,,
1299625,2021/22,2022-02-20,"St George's Park, Port Elizabeth",2,9.4,Lions,Knights,M Van Buuren,RR Hendricks,GJ Snyman,1,0,,,,,,,,,
1299625,2021/22,2022-02-20,"St George's Park, Port Elizabeth",2,9.5,Lions,Knights,RR Hendricks,M Van Buuren,GJ Snyman,1,0,,,,,,,,,
1299625,2021/22,2022-02-20,"St George's Park, Port Elizabeth",2,9.6,Lions,Knights,M Van Buuren,RR Hendricks,GJ Snyman,1,0,,,,,,,,,
1299625,2021/22,2022-02-20,"St George's Park, Port Elizabeth",2,10.1,Lions,Knights,M Van Buuren,RR Hendricks,SA Mothoa,0,0,,,,,,,,,
1299625,2021/22,2022-02-20,"St George's Park, Port Elizabeth",2,10.2,Lions,Knights,M Van Buuren,RR Hendricks,SA Mothoa,1,0,,,,,,,,,
1299625,2021/22,2022-02-20,"St George's Park, Port Elizabeth",2,10.3,Lions,Knights,RR Hendricks,M Van Buuren,SA Mothoa,0,0,,,,,,caught,RR Hendricks,,
1299625,2021/22,2022-02-20,"St George's Park, Port Elizabeth",2,10.4,Lions,Knights,DA Hendricks,M Van Buuren,SA Mothoa,1,0,,,,,,,,,
1299625,2021/22,2022-02-20,"St George's Park, Port Elizabeth",2,10.5,Lions,Knights,M Van Buuren,DA Hendricks,SA Mothoa,4,0,,,,,,,,,
1299625,2021/22,2022-02-20,"St George's Park, Port Elizabeth",2,10.6,Lions,Knights,M Van Buuren,DA Hendricks,SA Mothoa,0,1,,,,1,,,,,
1299625,2021/22,2022-02-20,"St George's Park, Port Elizabeth",2,11.1,Lions,Knights,M Van Buuren,DA Hendricks,G Mahlokwana,2,0,,,,,,,,,
1299625,2021/22,2022-02-20,"St George's Park, Port Elizabeth",2,11.2,Lions,Knights,M Van Buuren,DA Hendricks,G Mahlokwana,1,0,,,,,,,,,
1299625,2021/22,2022-02-20,"St George's Park, Port Elizabeth",2,11.3,Lions,Knights,DA Hendricks,M Van Buuren,G Mahlokwana,0,0,,,,,,,,,
1299625,2021/22,2022-02-20,"St George's Park, Port Elizabeth",2,11.4,Lions,Knights,DA Hendricks,M Van Buuren,G Mahlokwana,1,0,,,,,,,,,
1299625,2021/22,2022-02-20,"St George's Park, Port Elizabeth",2,11.5,Lions,Knights,M Van Buuren,DA Hendricks,G Mahlokwana,0,0,,,,,,,,,
1299625,2021/22,2022-02-20,"St George's Park, Port Elizabeth",2,11.6,Lions,Knights,M Van Buuren,DA Hendricks,G Mahlokwana,1,0,,,,,,,,,
1299625,2021/22,2022-02-20,"St George's Park, Port Elizabeth",2,12.1,Lions,Knights,M Van Buuren,DA Hendricks,N van Heerden,1,0,,,,,,,,,
1299625,2021/22,2022-02-20,"St George's Park, Port Elizabeth",2,12.2,Lions,Knights,DA Hendricks,M Van Buuren,N van Heerden,2,0,,,,,,,,,
1299625,2021/22,2022-02-20,"St George's Park, Port Elizabeth",2,12.3,Lions,Knights,DA Hendricks,M Van Buuren,N van Heerden,1,0,,,,,,,,,
1299625,2021/22,2022-02-20,"St George's Park, Port Elizabeth",2,12.4,Lions,Knights,M Van Buuren,DA Hendricks,N van Heerden,2,0,,,,,,,,,
1299625,2021/22,2022-02-20,"St George's Park, Port Elizabeth",2,12.5,Lions,Knights,M Van Buuren,DA Hendricks,N van Heerden,1,0,,,,,,,,,
1299625,2021/22,2022-02-20,"St George's Park, Port Elizabeth",2,12.6,Lions,Knights,DA Hendricks,M Van Buuren,N van Heerden,0,0,,,,,,,,,
1299625,2021/22,2022-02-20,"St George's Park, Port Elizabeth",2,13.1,Lions,Knights,M Van Buuren,DA Hendricks,GJ Snyman,1,0,,,,,,,,,
1299625,2021/22,2022-02-20,"St George's Park, Port Elizabeth",2,13.2,Lions,Knights,DA Hendricks,M Van Buuren,GJ Snyman,0,0,,,,,,bowled,DA Hendricks,,
1299625,2021/22,2022-02-20,"St George's Park, Port Elizabeth",2,13.3,Lions,Knights,SSB Magala,M Van Buuren,GJ Snyman,0,0,,,,,,,,,
1299625,2021/22,2022-02-20,"St George's Park, Port Elizabeth",2,13.4,Lions,Knights,SSB Magala,M Van Buuren,GJ Snyman,0,2,2,,,,,,,,
1299625,2021/22,2022-02-20,"St George's Park, Port Elizabeth",2,13.5,Lions,Knights,M Van Buuren,SSB Magala,GJ Snyman,0,0,,,,,,,,,
1299625,2021/22,2022-02-20,"St George's Park, Port Elizabeth",2,13.6,Lions,Knights,M Van Buuren,SSB Magala,GJ Snyman,1,0,,,,,,,,,
1299625,2021/22,2022-02-20,"St George's Park, Port Elizabeth",2,13.7,Lions,Knights,SSB Magala,M Van Buuren,GJ Snyman,0,0,,,,,,,,,
1299625,2021/22,2022-02-20,"St George's Park, Port Elizabeth",2,14.1,Lions,Knights,M Van Buuren,SSB Magala,SA Mothoa,1,0,,,,,,,,,
1299625,2021/22,2022-02-20,"St George's Park, Port Elizabeth",2,14.2,Lions,Knights,SSB Magala,M Van Buuren,SA Mothoa,1,0,,,,,,,,,
1299625,2021/22,2022-02-20,"St George's Park, Port Elizabeth",2,14.3,Lions,Knights,M Van Buuren,SSB Magala,SA Mothoa,1,0,,,,,,,,,
1299625,2021/22,2022-02-20,"St George's Park, Port Elizabeth",2,14.4,Lions,Knights,SSB Magala,M Van Buuren,SA Mothoa,0,1,1,,,,,,,,
1299625,2021/22,2022-02-20,"St George's Park, Port Elizabeth",2,14.5,Lions,Knights,SSB Magala,M Van Buuren,SA Mothoa,0,0,,,,,,,,,
1299625,2021/22,2022-02-20,"St George's Park, Port Elizabeth",2,14.6,Lions,Knights,SSB Magala,M Van Buuren,SA Mothoa,1,0,,,,,,,,,
1299625,2021/22,2022-02-20,"St George's Park, Port Elizabeth",2,14.7,Lions,Knights,M Van Buuren,SSB Magala,SA Mothoa,1,0,,,,,,,,,
1299625,2021/22,2022-02-20,"St George's Park, Port Elizabeth",2,15.1,Lions,Knights,M Van Buuren,SSB Magala,GJ Snyman,1,0,,,,,,,,,
1299625,2021/22,2022-02-20,"St George's Park, Port Elizabeth",2,15.2,Lions,Knights,SSB Magala,M Van Buuren,GJ Snyman,0,0,,,,,,,,,
1299625,2021/22,2022-02-20,"St George's Park, Port Elizabeth",2,15.3,Lions,Knights,SSB Magala,M Van Buuren,GJ Snyman,1,0,,,,,,,,,
1299625,2021/22,2022-02-20,"St George's Park, Port Elizabeth",2,15.4,Lions,Knights,M Van Buuren,SSB Magala,GJ Snyman,2,0,,,,,,,,,
1299625,2021/22,2022-02-20,"St George's Park, Port Elizabeth",2,15.5,Lions,Knights,M Van Buuren,SSB Magala,GJ Snyman,1,0,,,,,,,,,
1299625,2021/22,2022-02-20,"St George's Park, Port Elizabeth",2,15.6,Lions,Knights,SSB Magala,M Van Buuren,GJ Snyman,0,0,,,,,,,,,
1299625,2021/22,2022-02-20,"St George's Park, Port Elizabeth",2,16.1,Lions,Knights,M Van Buuren,SSB Magala,M Pretorius,0,0,,,,,,,,,
1299625,2021/22,2022-02-20,"St George's Park, Port Elizabeth",2,16.2,Lions,Knights,M Van Buuren,SSB Magala,M Pretorius,1,0,,,,,,,,,
1299625,2021/22,2022-02-20,"St George's Park, Port Elizabeth",2,16.3,Lions,Knights,SSB Magala,M Van Buuren,M Pretorius,1,0,,,,,,,,,
1299625,2021/22,2022-02-20,"St George's Park, Port Elizabeth",2,16.4,Lions,Knights,M Van Buuren,SSB Magala,M Pretorius,1,0,,,,,,,,,
1299625,2021/22,2022-02-20,"St George's Park, Port Elizabeth",2,16.5,Lions,Knights,SSB Magala,M Van Buuren,M Pretorius,0,0,,,,,,bowled,SSB Magala,,
1299625,2021/22,2022-02-20,"St George's Park, Port Elizabeth",2,16.6,Lions,Knights,J Landsberg,M Van Buuren,M Pretorius,1,0,,,,,,,,,
1299625,2021/22,2022-02-20,"St George's Park, Port Elizabeth",2,17.1,Lions,Knights,J Landsberg,M Van Buuren,P Botha,1,0,,,,,,,,,
1299625,2021/22,2022-02-20,"St George's Park, Port Elizabeth",2,17.2,Lions,Knights,M Van Buuren,J Landsberg,P Botha,1,0,,,,,,,,,
1299625,2021/22,2022-02-20,"St George's Park, Port Elizabeth",2,17.3,Lions,Knights,J Landsberg,M Van Buuren,P Botha,1,0,,,,,,,,,
1299625,2021/22,2022-02-20,"St George's Park, Port Elizabeth",2,17.4,Lions,Knights,M Van Buuren,J Landsberg,P Botha,1,0,,,,,,,,,
1299625,2021/22,2022-02-20,"St George's Park, Port Elizabeth",2,17.5,Lions,Knights,J Landsberg,M Van Buuren,P Botha,0,0,,,,,,,,,
1299625,2021/22,2022-02-20,"St George's Park, Port Elizabeth",2,17.6,Lions,Knights,J Landsberg,M Van Buuren,P Botha,2,0,,,,,,,,,
1299625,2021/22,2022-02-20,"St George's Park, Port Elizabeth",2,18.1,Lions,Knights,M Van Buuren,J Landsberg,M Pretorius,4,0,,,,,,,,,
1299625,2021/22,2022-02-20,"St George's Park, Port Elizabeth",2,18.2,Lions,Knights,M Van Buuren,J Landsberg,M Pretorius,6,0,,,,,,,,,
1299625,2021/22,2022-02-20,"St George's Park, Port Elizabeth",2,18.3,Lions,Knights,M Van Buuren,J Landsberg,M Pretorius,2,0,,,,,,,,,
1299625,2021/22,2022-02-20,"St George's Park, Port Elizabeth",2,18.4,Lions,Knights,M Van Buuren,J Landsberg,M Pretorius,4,0,,,,,,,,,
1299625,2021/22,2022-02-20,"St George's Park, Port Elizabeth",2,18.5,Lions,Knights,M Van Buuren,J Landsberg,M Pretorius,1,0,,,,,,,,,
1299625,2021/22,2022-02-20,"St George's Park, Port Elizabeth",2,18.6,Lions,Knights,J Landsberg,M Van Buuren,M Pretorius,2,0,,,,,,,,,
1299625,2021/22,2022-02-20,"St George's Park, Port Elizabeth",2,19.1,Lions,Knights,M Van Buuren,J Landsberg,CP Klijnhans,4,0,,,,,,,,,
