match_id,season,start_date,venue,innings,ball,batting_team,bowling_team,striker,non_striker,bowler,runs_off_bat,extras,wides,noballs,byes,legbyes,penalty,wicket_type,player_dismissed,other_wicket_type,other_player_dismissed
1299622,2021/22,2022-02-19,"St George's Park, Port Elizabeth",1,0.1,Western Province,Titans,RE Levi,JA Bird,LB Williams,0,0,,,,,,,,,
1299622,2021/22,2022-02-19,"St George's Park, Port Elizabeth",1,0.2,Western Province,Titans,RE Levi,JA Bird,LB Williams,0,0,,,,,,,,,
1299622,2021/22,2022-02-19,"St George's Park, Port Elizabeth",1,0.3,Western Province,Titans,RE Levi,JA Bird,LB Williams,0,0,,,,,,caught,RE Levi,,
1299622,2021/22,2022-02-19,"St George's Park, Port Elizabeth",1,0.4,Western Province,Titans,T de Zorzi,JA Bird,LB Williams,0,0,,,,,,,,,
1299622,2021/22,2022-02-19,"St George's Park, Port Elizabeth",1,0.5,Western Province,Titans,T de Zorzi,JA Bird,LB Williams,0,0,,,,,,,,,
1299622,2021/22,2022-02-19,"St George's Park, Port Elizabeth",1,0.6,Western Province,Titans,T de Zorzi,JA Bird,LB Williams,1,0,,,,,,,,,
1299622,2021/22,2022-02-19,"St George's Park, Port Elizabeth",1,1.1,Western Province,Titans,T de Zorzi,JA Bird,CJ Dala,0,0,,,,,,,,,
1299622,2021/22,2022-02-19,"St George's Park, Port Elizabeth",1,1.2,Western Province,Titans,T de Zorzi,JA Bird,CJ Dala,1,0,,,,,,,,,
1299622,2021/22,2022-02-19,"St George's Park, Port Elizabeth",1,1.3,Western Province,Titans,JA Bird,T de Zorzi,CJ Dala,0,0,,,,,,,,,
1299622,2021/22,2022-02-19,"St George's Park, Port Elizabeth",1,1.4,Western Province,Titans,JA Bird,T de Zorzi,CJ Dala,0,0,,,,,,,,,
1299622,2021/22,2022-02-19,"St George's Park, Port Elizabeth",1,1.5,Western Province,Titans,JA Bird,T de Zorzi,CJ Dala,0,0,,,,,,,,,
1299622,2021/22,2022-02-19,"St George's Park, Port Elizabeth",1,1.6,Western Province,Titans,JA Bird,T de Zorzi,CJ Dala,1,0,,,,,,,,,
1299622,2021/22,2022-02-19,"St George's Park, Port Elizabeth",1,2.1,Western Province,Titans,JA Bird,T de Zorzi,LB Williams,0,0,,,,,,,,,
1299622,2021/22,2022-02-19,"St George's Park, Port Elizabeth",1,2.2,Western Province,Titans,JA Bird,T de Zorzi,LB Williams,1,0,,,,,,,,,
1299622,2021/22,2022-02-19,"St George's Park, Port Elizabeth",1,2.3,Western Province,Titans,T de Zorzi,JA Bird,LB Williams,1,0,,,,,,,,,
1299622,2021/22,2022-02-19,"St George's Park, Port Elizabeth",1,2.4,Western Province,Titans,JA Bird,T de Zorzi,LB Williams,4,0,,,,,,,,,
1299622,2021/22,2022-02-19,"St George's Park, Port Elizabeth",1,2.5,Western Province,Titans,JA Bird,T de Zorzi,LB Williams,0,0,,,,,,,,,
1299622,2021/22,2022-02-19,"St George's Park, Port Elizabeth",1,2.6,Western Province,Titans,JA Bird,T de Zorzi,LB Williams,1,0,,,,,,,,,
1299622,2021/22,2022-02-19,"St George's Park, Port Elizabeth",1,3.1,Western Province,Titans,JA Bird,T de Zorzi,CJ Dala,0,0,,,,,,,,,
1299622,2021/22,2022-02-19,"St George's Park, Port Elizabeth",1,3.2,Western Province,Titans,JA Bird,T de Zorzi,CJ Dala,1,0,,,,,,,,,
1299622,2021/22,2022-02-19,"St George's Park, Port Elizabeth",1,3.3,Western Province,Titans,T de Zorzi,JA Bird,CJ Dala,0,0,,,,,,,,,
1299622,2021/22,2022-02-19,"St George's Park, Port Elizabeth",1,3.4,Western Province,Titans,T de Zorzi,JA Bird,CJ Dala,1,0,,,,,,,,,
1299622,2021/22,2022-02-19,"St George's Park, Port Elizabeth",1,3.5,Western Province,Titans,JA Bird,T de Zorzi,CJ Dala,0,0,,,,,,caught,JA Bird,,
1299622,2021/22,2022-02-19,"St George's Park, Port Elizabeth",1,3.6,Western Province,Titans,DJ Vilas,T de Zorzi,CJ Dala,0,0,,,,,,,,,
1299622,2021/22,2022-02-19,"St George's Park, Port Elizabeth",1,4.1,Western Province,Titans,T de Zorzi,DJ Vilas,LB Williams,1,0,,,,,,,,,
1299622,2021/22,2022-02-19,"St George's Park, Port Elizabeth",1,4.2,Western Province,Titans,DJ Vilas,T de Zorzi,LB Williams,1,0,,,,,,,,,
1299622,2021/22,2022-02-19,"St George's Park, Port Elizabeth",1,4.3,Western Province,Titans,T de Zorzi,DJ Vilas,LB Williams,1,0,,,,,,,,,
1299622,2021/22,2022-02-19,"St George's Park, Port Elizabeth",1,4.4,Western Province,Titans,DJ Vilas,T de Zorzi,LB Williams,0,0,,,,,,,,,
1299622,2021/22,2022-02-19,"St George's Park, Port Elizabeth",1,4.5,Western Province,Titans,DJ Vilas,T de Zorzi,LB Williams,4,0,,,,,,,,,
1299622,2021/22,2022-02-19,"St George's Park, Port Elizabeth",1,4.6,Western Province,Titans,DJ Vilas,T de Zorzi,LB Williams,0,0,,,,,,,,,
1299622,2021/22,2022-02-19,"St George's Park, Port Elizabeth",1,5.1,Western Province,Titans,T de Zorzi,DJ Vilas,AM Phangiso,1,0,,,,,,,,,
1299622,2021/22,2022-02-19,"St George's Park, Port Elizabeth",1,5.2,Western Province,Titans,DJ Vilas,T de Zorzi,AM Phangiso,0,0,,,,,,,,,
1299622,2021/22,2022-02-19,"St George's Park, Port Elizabeth",1,5.3,Western Province,Titans,DJ Vilas,T de Zorzi,AM Phangiso,0,0,,,,,,,,,
1299622,2021/22,2022-02-19,"St George's Park, Port Elizabeth",1,5.4,Western Province,Titans,DJ Vilas,T de Zorzi,AM Phangiso,4,0,,,,,,,,,
1299622,2021/22,2022-02-19,"St George's Park, Port Elizabeth",1,5.5,Western Province,Titans,DJ Vilas,T de Zorzi,AM Phangiso,0,0,,,,,,,,,
1299622,2021/22,2022-02-19,"St George's Park, Port Elizabeth",1,5.6,Western Province,Titans,DJ Vilas,T de Zorzi,AM Phangiso,0,0,,,,,,,,,
1299622,2021/22,2022-02-19,"St George's Park, Port Elizabeth",1,6.1,Western Province,Titans,T de Zorzi,DJ Vilas,T Shamsi,1,0,,,,,,,,,
1299622,2021/22,2022-02-19,"St George's Park, Port Elizabeth",1,6.2,Western Province,Titans,DJ Vilas,T de Zorzi,T Shamsi,0,0,,,,,,,,,
1299622,2021/22,2022-02-19,"St George's Park, Port Elizabeth",1,6.3,Western Province,Titans,DJ Vilas,T de Zorzi,T Shamsi,1,0,,,,,,,,,
1299622,2021/22,2022-02-19,"St George's Park, Port Elizabeth",1,6.4,Western Province,Titans,T de Zorzi,DJ Vilas,T Shamsi,1,0,,,,,,,,,
1299622,2021/22,2022-02-19,"St George's Park, Port Elizabeth",1,6.5,Western Province,Titans,DJ Vilas,T de Zorzi,T Shamsi,1,0,,,,,,,,,
1299622,2021/22,2022-02-19,"St George's Park, Port Elizabeth",1,6.6,Western Province,Titans,T de Zorzi,DJ Vilas,T Shamsi,2,0,,,,,,,,,
1299622,2021/22,2022-02-19,"St George's Park, Port Elizabeth",1,7.1,Western Province,Titans,DJ Vilas,T de Zorzi,AM Phangiso,0,0,,,,,,,,,
1299622,2021/22,2022-02-19,"St George's Park, Port Elizabeth",1,7.2,Western Province,Titans,DJ Vilas,T de Zorzi,AM Phangiso,1,0,,,,,,,,,
1299622,2021/22,2022-02-19,"St George's Park, Port Elizabeth",1,7.3,Western Province,Titans,T de Zorzi,DJ Vilas,AM Phangiso,0,0,,,,,,,,,
1299622,2021/22,2022-02-19,"St George's Park, Port Elizabeth",1,7.4,Western Province,Titans,T de Zorzi,DJ Vilas,AM Phangiso,0,0,,,,,,,,,
1299622,2021/22,2022-02-19,"St George's Park, Port Elizabeth",1,7.5,Western Province,Titans,T de Zorzi,DJ Vilas,AM Phangiso,6,0,,,,,,,,,
1299622,2021/22,2022-02-19,"St George's Park, Port Elizabeth",1,7.6,Western Province,Titans,T de Zorzi,DJ Vilas,AM Phangiso,4,0,,,,,,,,,
1299622,2021/22,2022-02-19,"St George's Park, Port Elizabeth",1,8.1,Western Province,Titans,DJ Vilas,T de Zorzi,T Shamsi,6,0,,,,,,,,,
1299622,2021/22,2022-02-19,"St George's Park, Port Elizabeth",1,8.2,Western Province,Titans,DJ Vilas,T de Zorzi,T Shamsi,0,0,,,,,,,,,
1299622,2021/22,2022-02-19,"St George's Park, Port Elizabeth",1,8.3,Western Province,Titans,DJ Vilas,T de Zorzi,T Shamsi,1,0,,,,,,,,,
1299622,2021/22,2022-02-19,"St George's Park, Port Elizabeth",1,8.4,Western Province,Titans,T de Zorzi,DJ Vilas,T Shamsi,0,0,,,,,,,,,
1299622,2021/22,2022-02-19,"St George's Park, Port Elizabeth",1,8.5,Western Province,Titans,T de Zorzi,DJ Vilas,T Shamsi,1,0,,,,,,,,,
1299622,2021/22,2022-02-19,"St George's Park, Port Elizabeth",1,8.6,Western Province,Titans,DJ Vilas,T de Zorzi,T Shamsi,1,0,,,,,,,,,
1299622,2021/22,2022-02-19,"St George's Park, Port Elizabeth",1,9.1,Western Province,Titans,DJ Vilas,T de Zorzi,AM Phangiso,1,0,,,,,,,,,
1299622,2021/22,2022-02-19,"St George's Park, Port Elizabeth",1,9.2,Western Province,Titans,T de Zorzi,DJ Vilas,AM Phangiso,1,0,,,,,,,,,
1299622,2021/22,2022-02-19,"St George's Park, Port Elizabeth",1,9.3,Western Province,Titans,DJ Vilas,T de Zorzi,AM Phangiso,0,0,,,,,,,,,
1299622,2021/22,2022-02-19,"St George's Park, Port Elizabeth",1,9.4,Western Province,Titans,DJ Vilas,T de Zorzi,AM Phangiso,1,0,,,,,,,,,
1299622,2021/22,2022-02-19,"St George's Park, Port Elizabeth",1,9.5,Western Province,Titans,T de Zorzi,DJ Vilas,AM Phangiso,0,1,1,,,,,,,,
1299622,2021/22,2022-02-19,"St George's Park, Port Elizabeth",1,9.6,Western Province,Titans,T de Zorzi,DJ Vilas,AM Phangiso,6,0,,,,,,,,,
1299622,2021/22,2022-02-19,"St George's Park, Port Elizabeth",1,9.7,Western Province,Titans,T de Zorzi,DJ Vilas,AM Phangiso,1,0,,,,,,,,,
1299622,2021/22,2022-02-19,"St George's Park, Port Elizabeth",1,10.1,Western Province,Titans,T de Zorzi,DJ Vilas,D Brevis,1,0,,,,,,,,,
1299622,2021/22,2022-02-19,"St George's Park, Port Elizabeth",1,10.2,Western Province,Titans,DJ Vilas,T de Zorzi,D Brevis,1,0,,,,,,,,,
1299622,2021/22,2022-02-19,"St George's Park, Port Elizabeth",1,10.3,Western Province,Titans,T de Zorzi,DJ Vilas,D Brevis,1,0,,,,,,,,,
1299622,2021/22,2022-02-19,"St George's Park, Port Elizabeth",1,10.4,Western Province,Titans,DJ Vilas,T de Zorzi,D Brevis,1,0,,,,,,,,,
1299622,2021/22,2022-02-19,"St George's Park, Port Elizabeth",1,10.5,Western Province,Titans,T de Zorzi,DJ Vilas,D Brevis,1,0,,,,,,,,,
1299622,2021/22,2022-02-19,"St George's Park, Port Elizabeth",1,10.6,Western Province,Titans,DJ Vilas,T de Zorzi,D Brevis,0,0,,,,,,,,,
1299622,2021/22,2022-02-19,"St George's Park, Port Elizabeth",1,11.1,Western Province,Titans,T de Zorzi,DJ Vilas,T Shamsi,1,0,,,,,,,,,
1299622,2021/22,2022-02-19,"St George's Park, Port Elizabeth",1,11.2,Western Province,Titans,DJ Vilas,T de Zorzi,T Shamsi,1,0,,,,,,,,,
1299622,2021/22,2022-02-19,"St George's Park, Port Elizabeth",1,11.3,Western Province,Titans,T de Zorzi,DJ Vilas,T Shamsi,0,0,,,,,,,,,
1299622,2021/22,2022-02-19,"St George's Park, Port Elizabeth",1,11.4,Western Province,Titans,T de Zorzi,DJ Vilas,T Shamsi,6,0,,,,,,,,,
1299622,2021/22,2022-02-19,"St George's Park, Port Elizabeth",1,11.5,Western Province,Titans,T de Zorzi,DJ Vilas,T Shamsi,0,0,,,,,,,,,
1299622,2021/22,2022-02-19,"St George's Park, Port Elizabeth",1,11.6,Western Province,Titans,T de Zorzi,DJ Vilas,T Shamsi,0,0,,,,,,,,,
1299622,2021/22,2022-02-19,"St George's Park, Port Elizabeth",1,12.1,Western Province,Titans,DJ Vilas,T de Zorzi,CJ Dala,1,0,,,,,,,,,
1299622,2021/22,2022-02-19,"St George's Park, Port Elizabeth",1,12.2,Western Province,Titans,T de Zorzi,DJ Vilas,CJ Dala,1,0,,,,,,,,,
1299622,2021/22,2022-02-19,"St George's Park, Port Elizabeth",1,12.3,Western Province,Titans,DJ Vilas,T de Zorzi,CJ Dala,4,0,,,,,,,,,
1299622,2021/22,2022-02-19,"St George's Park, Port Elizabeth",1,12.4,Western Province,Titans,DJ Vilas,T de Zorzi,CJ Dala,2,0,,,,,,,,,
1299622,2021/22,2022-02-19,"St George's Park, Port Elizabeth",1,12.5,Western Province,Titans,DJ Vilas,T de Zorzi,CJ Dala,1,0,,,,,,,,,
1299622,2021/22,2022-02-19,"St George's Park, Port Elizabeth",1,12.6,Western Province,Titans,T de Zorzi,DJ Vilas,CJ Dala,1,0,,,,,,,,,
1299622,2021/22,2022-02-19,"St George's Park, Port Elizabeth",1,13.1,Western Province,Titans,T de Zorzi,DJ Vilas,T Shamsi,1,0,,,,,,,,,
1299622,2021/22,2022-02-19,"St George's Park, Port Elizabeth",1,13.2,Western Province,Titans,DJ Vilas,T de Zorzi,T Shamsi,6,0,,,,,,,,,
1299622,2021/22,2022-02-19,"St George's Park, Port Elizabeth",1,13.3,Western Province,Titans,DJ Vilas,T de Zorzi,T Shamsi,0,4,4,,,,,,,,
1299622,2021/22,2022-02-19,"St George's Park, Port Elizabeth",1,13.4,Western Province,Titans,T de Zorzi,DJ Vilas,T Shamsi,0,0,,,,,,,,,
1299622,2021/22,2022-02-19,"St George's Park, Port Elizabeth",1,13.5,Western Province,Titans,T de Zorzi,DJ Vilas,T Shamsi,0,0,,,,,,,,,
1299622,2021/22,2022-02-19,"St George's Park, Port Elizabeth",1,13.6,Western Province,Titans,T de Zorzi,DJ Vilas,T Shamsi,2,0,,,,,,,,,
1299622,2021/22,2022-02-19,"St George's Park, Port Elizabeth",1,13.7,Western Province,Titans,T de Zorzi,DJ Vilas,T Shamsi,0,0,,,,,,caught,T de Zorzi,,
1299622,2021/22,2022-02-19,"St George's Park, Port Elizabeth",1,14.1,Western Province,Titans,DJ Vilas,GF Linde,A Gqamane,3,0,,,,,,,,,
1299622,2021/22,2022-02-19,"St George's Park, Port Elizabeth",1,14.2,Western Province,Titans,GF Linde,DJ Vilas,A Gqamane,0,0,,,,,,,,,
1299622,2021/22,2022-02-19,"St George's Park, Port Elizabeth",1,14.3,Western Province,Titans,GF Linde,DJ Vilas,A Gqamane,2,0,,,,,,,,,
1299622,2021/22,2022-02-19,"St George's Park, Port Elizabeth",1,14.4,Western Province,Titans,GF Linde,DJ Vilas,A Gqamane,0,0,,,,,,,,,
1299622,2021/22,2022-02-19,"St George's Park, Port Elizabeth",1,14.5,Western Province,Titans,GF Linde,DJ Vilas,A Gqamane,1,0,,,,,,,,,
1299622,2021/22,2022-02-19,"St George's Park, Port Elizabeth",1,14.6,Western Province,Titans,DJ Vilas,GF Linde,A Gqamane,1,0,,,,,,,,,
1299622,2021/22,2022-02-19,"St George's Park, Port Elizabeth",1,15.1,Western Province,Titans,DJ Vilas,GF Linde,D Brevis,4,0,,,,,,,,,
1299622,2021/22,2022-02-19,"St George's Park, Port Elizabeth",1,15.2,Western Province,Titans,DJ Vilas,GF Linde,D Brevis,1,0,,,,,,,,,
1299622,2021/22,2022-02-19,"St George's Park, Port Elizabeth",1,15.3,Western Province,Titans,GF Linde,DJ Vilas,D Brevis,0,0,,,,,,caught,GF Linde,,
1299622,2021/22,2022-02-19,"St George's Park, Port Elizabeth",1,15.4,Western Province,Titans,DJ Vilas,WD Parnell,D Brevis,1,0,,,,,,,,,
1299622,2021/22,2022-02-19,"St George's Park, Port Elizabeth",1,15.5,Western Province,Titans,WD Parnell,DJ Vilas,D Brevis,1,0,,,,,,,,,
1299622,2021/22,2022-02-19,"St George's Park, Port Elizabeth",1,15.6,Western Province,Titans,DJ Vilas,WD Parnell,D Brevis,0,0,,,,,,,,,
1299622,2021/22,2022-02-19,"St George's Park, Port Elizabeth",1,16.1,Western Province,Titans,WD Parnell,DJ Vilas,A Gqamane,1,0,,,,,,,,,
1299622,2021/22,2022-02-19,"St George's Park, Port Elizabeth",1,16.2,Western Province,Titans,DJ Vilas,WD Parnell,A Gqamane,1,0,,,,,,,,,
1299622,2021/22,2022-02-19,"St George's Park, Port Elizabeth",1,16.3,Western Province,Titans,WD Parnell,DJ Vilas,A Gqamane,0,0,,,,,,,,,
1299622,2021/22,2022-02-19,"St George's Park, Port Elizabeth",1,16.4,Western Province,Titans,WD Parnell,DJ Vilas,A Gqamane,1,0,,,,,,,,,
1299622,2021/22,2022-02-19,"St George's Park, Port Elizabeth",1,16.5,Western Province,Titans,DJ Vilas,WD Parnell,A Gqamane,0,0,,,,,,,,,
1299622,2021/22,2022-02-19,"St George's Park, Port Elizabeth",1,16.6,Western Province,Titans,DJ Vilas,WD Parnell,A Gqamane,1,0,,,,,,,,,
1299622,2021/22,2022-02-19,"St George's Park, Port Elizabeth",1,17.1,Western Province,Titans,DJ Vilas,WD Parnell,D Brevis,2,0,,,,,,,,,
1299622,2021/22,2022-02-19,"St George's Park, Port Elizabeth",1,17.2,Western Province,Titans,DJ Vilas,WD Parnell,D Brevis,2,0,,,,,,,,,
1299622,2021/22,2022-02-19,"St George's Park, Port Elizabeth",1,17.3,Western Province,Titans,DJ Vilas,WD Parnell,D Brevis,0,0,,,,,,,,,
1299622,2021/22,2022-02-19,"St George's Park, Port Elizabeth",1,17.4,Western Province,Titans,DJ Vilas,WD Parnell,D Brevis,1,0,,,,,,,,,
1299622,2021/22,2022-02-19,"St George's Park, Port Elizabeth",1,17.5,Western Province,Titans,WD Parnell,DJ Vilas,D Brevis,1,0,,,,,,,,,
1299622,2021/22,2022-02-19,"St George's Park, Port Elizabeth",1,17.6,Western Province,Titans,DJ Vilas,WD Parnell,D Brevis,1,0,,,,,,,,,
1299622,2021/22,2022-02-19,"St George's Park, Port Elizabeth",1,18.1,Western Province,Titans,DJ Vilas,WD Parnell,A Gqamane,0,1,1,,,,,,,,
1299622,2021/22,2022-02-19,"St George's Park, Port Elizabeth",1,18.2,Western Province,Titans,DJ Vilas,WD Parnell,A Gqamane,1,0,,,,,,,,,
1299622,2021/22,2022-02-19,"St George's Park, Port Elizabeth",1,18.3,Western Province,Titans,WD Parnell,DJ Vilas,A Gqamane,1,0,,,,,,,,,
1299622,2021/22,2022-02-19,"St George's Park, Port Elizabeth",1,18.4,Western Province,Titans,DJ Vilas,WD Parnell,A Gqamane,1,0,,,,,,,,,
1299622,2021/22,2022-02-19,"St George's Park, Port Elizabeth",1,18.5,Western Province,Titans,WD Parnell,DJ Vilas,A Gqamane,4,0,,,,,,,,,
1299622,2021/22,2022-02-19,"St George's Park, Port Elizabeth",1,18.6,Western Province,Titans,WD Parnell,DJ Vilas,A Gqamane,4,0,,,,,,,,,
1299622,2021/22,2022-02-19,"St George's Park, Port Elizabeth",1,18.7,Western Province,Titans,WD Parnell,DJ Vilas,A Gqamane,0,0,,,,,,,,,
1299622,2021/22,2022-02-19,"St George's Park, Port Elizabeth",1,19.1,Western Province,Titans,DJ Vilas,WD Parnell,LB Williams,1,0,,,,,,,,,
1299622,2021/22,2022-02-19,"St George's Park, Port Elizabeth",1,19.2,Western Province,Titans,WD Parnell,DJ Vilas,LB Williams,2,0,,,,,,,,,
1299622,2021/22,2022-02-19,"St George's Park, Port Elizabeth",1,19.3,Western Province,Titans,WD Parnell,DJ Vilas,LB Williams,0,0,,,,,,,,,
1299622,2021/22,2022-02-19,"St George's Park, Port Elizabeth",1,19.4,Western Province,Titans,WD Parnell,DJ Vilas,LB Williams,2,0,,,,,,,,,
1299622,2021/22,2022-02-19,"St George's Park, Port Elizabeth",1,19.5,Western Province,Titans,WD Parnell,DJ Vilas,LB Williams,0,0,,,,,,caught,WD Parnell,,
1299622,2021/22,2022-02-19,"St George's Park, Port Elizabeth",1,19.6,Western Province,Titans,A Mgijima,DJ Vilas,LB Williams,1,0,,,,,,,,,
1299622,2021/22,2022-02-19,"St George's Park, Port Elizabeth",2,0.1,Titans,Western Province,TB de Bruyn,Q de Kock,BE Hendricks,4,0,,,,,,,,,
1299622,2021/22,2022-02-19,"St George's Park, Port Elizabeth",2,0.2,Titans,Western Province,TB de Bruyn,Q de Kock,BE Hendricks,1,0,,,,,,,,,
1299622,2021/22,2022-02-19,"St George's Park, Port Elizabeth",2,0.3,Titans,Western Province,Q de Kock,TB de Bruyn,BE Hendricks,1,0,,,,,,,,,
1299622,2021/22,2022-02-19,"St George's Park, Port Elizabeth",2,0.4,Titans,Western Province,TB de Bruyn,Q de Kock,BE Hendricks,0,0,,,,,,,,,
1299622,2021/22,2022-02-19,"St George's Park, Port Elizabeth",2,0.5,Titans,Western Province,TB de Bruyn,Q de Kock,BE Hendricks,1,0,,,,,,,,,
1299622,2021/22,2022-02-19,"St George's Park, Port Elizabeth",2,0.6,Titans,Western Province,Q de Kock,TB de Bruyn,BE Hendricks,1,0,,,,,,,,,
1299622,2021/22,2022-02-19,"St George's Park, Port Elizabeth",2,1.1,Titans,Western Province,Q de Kock,TB de Bruyn,WD Parnell,0,0,,,,,,,,,
1299622,2021/22,2022-02-19,"St George's Park, Port Elizabeth",2,1.2,Titans,Western Province,Q de Kock,TB de Bruyn,WD Parnell,0,0,,,,,,,,,
1299622,2021/22,2022-02-19,"St George's Park, Port Elizabeth",2,1.3,Titans,Western Province,Q de Kock,TB de Bruyn,WD Parnell,0,0,,,,,,,,,
1299622,2021/22,2022-02-19,"St George's Park, Port Elizabeth",2,1.4,Titans,Western Province,Q de Kock,TB de Bruyn,WD Parnell,0,0,,,,,,,,,
1299622,2021/22,2022-02-19,"St George's Park, Port Elizabeth",2,1.5,Titans,Western Province,Q de Kock,TB de Bruyn,WD Parnell,1,0,,,,,,,,,
1299622,2021/22,2022-02-19,"St George's Park, Port Elizabeth",2,1.6,Titans,Western Province,TB de Bruyn,Q de Kock,WD Parnell,0,0,,,,,,,,,
1299622,2021/22,2022-02-19,"St George's Park, Port Elizabeth",2,2.1,Titans,Western Province,Q de Kock,TB de Bruyn,BE Hendricks,1,0,,,,,,,,,
1299622,2021/22,2022-02-19,"St George's Park, Port Elizabeth",2,2.2,Titans,Western Province,TB de Bruyn,Q de Kock,BE Hendricks,6,0,,,,,,,,,
1299622,2021/22,2022-02-19,"St George's Park, Port Elizabeth",2,2.3,Titans,Western Province,TB de Bruyn,Q de Kock,BE Hendricks,0,0,,,,,,,,,
1299622,2021/22,2022-02-19,"St George's Park, Port Elizabeth",2,2.4,Titans,Western Province,TB de Bruyn,Q de Kock,BE Hendricks,1,0,,,,,,,,,
1299622,2021/22,2022-02-19,"St George's Park, Port Elizabeth",2,2.5,Titans,Western Province,Q de Kock,TB de Bruyn,BE Hendricks,0,0,,,,,,,,,
1299622,2021/22,2022-02-19,"St George's Park, Port Elizabeth",2,2.6,Titans,Western Province,Q de Kock,TB de Bruyn,BE Hendricks,0,0,,,,,,,,,
1299622,2021/22,2022-02-19,"St George's Park, Port Elizabeth",2,3.1,Titans,Western Province,TB de Bruyn,Q de Kock,WD Parnell,0,0,,,,,,,,,
1299622,2021/22,2022-02-19,"St George's Park, Port Elizabeth",2,3.2,Titans,Western Province,TB de Bruyn,Q de Kock,WD Parnell,1,0,,,,,,,,,
1299622,2021/22,2022-02-19,"St George's Park, Port Elizabeth",2,3.3,Titans,Western Province,Q de Kock,TB de Bruyn,WD Parnell,1,0,,,,,,,,,
1299622,2021/22,2022-02-19,"St George's Park, Port Elizabeth",2,3.4,Titans,Western Province,TB de Bruyn,Q de Kock,WD Parnell,1,0,,,,,,,,,
1299622,2021/22,2022-02-19,"St George's Park, Port Elizabeth",2,3.5,Titans,Western Province,Q de Kock,TB de Bruyn,WD Parnell,4,0,,,,,,,,,
1299622,2021/22,2022-02-19,"St George's Park, Port Elizabeth",2,3.6,Titans,Western Province,Q de Kock,TB de Bruyn,WD Parnell,4,0,,,,,,,,,
1299622,2021/22,2022-02-19,"St George's Park, Port Elizabeth",2,4.1,Titans,Western Province,TB de Bruyn,Q de Kock,BD Walters,1,0,,,,,,,,,
1299622,2021/22,2022-02-19,"St George's Park, Port Elizabeth",2,4.2,Titans,Western Province,Q de Kock,TB de Bruyn,BD Walters,0,0,,,,,,,,,
1299622,2021/22,2022-02-19,"St George's Park, Port Elizabeth",2,4.3,Titans,Western Province,Q de Kock,TB de Bruyn,BD Walters,4,0,,,,,,,,,
1299622,2021/22,2022-02-19,"St George's Park, Port Elizabeth",2,4.4,Titans,Western Province,Q de Kock,TB de Bruyn,BD Walters,1,0,,,,,,,,,
1299622,2021/22,2022-02-19,"St George's Park, Port Elizabeth",2,4.5,Titans,Western Province,TB de Bruyn,Q de Kock,BD Walters,1,0,,,,,,,,,
1299622,2021/22,2022-02-19,"St George's Park, Port Elizabeth",2,4.6,Titans,Western Province,Q de Kock,TB de Bruyn,BD Walters,4,0,,,,,,,,,
1299622,2021/22,2022-02-19,"St George's Park, Port Elizabeth",2,5.1,Titans,Western Province,TB de Bruyn,Q de Kock,GF Linde,2,0,,,,,,,,,
1299622,2021/22,2022-02-19,"St George's Park, Port Elizabeth",2,5.2,Titans,Western Province,TB de Bruyn,Q de Kock,GF Linde,0,0,,,,,,,,,
1299622,2021/22,2022-02-19,"St George's Park, Port Elizabeth",2,5.3,Titans,Western Province,TB de Bruyn,Q de Kock,GF Linde,1,0,,,,,,,,,
1299622,2021/22,2022-02-19,"St George's Park, Port Elizabeth",2,5.4,Titans,Western Province,Q de Kock,TB de Bruyn,GF Linde,4,0,,,,,,,,,
1299622,2021/22,2022-02-19,"St George's Park, Port Elizabeth",2,5.5,Titans,Western Province,Q de Kock,TB de Bruyn,GF Linde,0,0,,,,,,,,,
1299622,2021/22,2022-02-19,"St George's Park, Port Elizabeth",2,5.6,Titans,Western Province,Q de Kock,TB de Bruyn,GF Linde,4,0,,,,,,,,,
1299622,2021/22,2022-02-19,"St George's Park, Port Elizabeth",2,6.1,Titans,Western Province,TB de Bruyn,Q de Kock,KI Simmonds,1,0,,,,,,,,,
1299622,2021/22,2022-02-19,"St George's Park, Port Elizabeth",2,6.2,Titans,Western Province,Q de Kock,TB de Bruyn,KI Simmonds,1,0,,,,,,,,,
1299622,2021/22,2022-02-19,"St George's Park, Port Elizabeth",2,6.3,Titans,Western Province,TB de Bruyn,Q de Kock,KI Simmonds,1,0,,,,,,,,,
1299622,2021/22,2022-02-19,"St George's Park, Port Elizabeth",2,6.4,Titans,Western Province,Q de Kock,TB de Bruyn,KI Simmonds,1,0,,,,,,,,,
1299622,2021/22,2022-02-19,"St George's Park, Port Elizabeth",2,6.5,Titans,Western Province,TB de Bruyn,Q de Kock,KI Simmonds,1,0,,,,,,,,,
1299622,2021/22,2022-02-19,"St George's Park, Port Elizabeth",2,6.6,Titans,Western Province,Q de Kock,TB de Bruyn,KI Simmonds,0,0,,,,,,,,,
1299622,2021/22,2022-02-19,"St George's Park, Port Elizabeth",2,7.1,Titans,Western Province,TB de Bruyn,Q de Kock,GF Linde,1,0,,,,,,,,,
1299622,2021/22,2022-02-19,"St George's Park, Port Elizabeth",2,7.2,Titans,Western Province,Q de Kock,TB de Bruyn,GF Linde,4,0,,,,,,,,,
1299622,2021/22,2022-02-19,"St George's Park, Port Elizabeth",2,7.3,Titans,Western Province,Q de Kock,TB de Bruyn,GF Linde,1,0,,,,,,,,,
1299622,2021/22,2022-02-19,"St George's Park, Port Elizabeth",2,7.4,Titans,Western Province,TB de Bruyn,Q de Kock,GF Linde,6,0,,,,,,,,,
1299622,2021/22,2022-02-19,"St George's Park, Port Elizabeth",2,7.5,Titans,Western Province,TB de Bruyn,Q de Kock,GF Linde,1,0,,,,,,,,,
1299622,2021/22,2022-02-19,"St George's Park, Port Elizabeth",2,7.6,Titans,Western Province,Q de Kock,TB de Bruyn,GF Linde,1,0,,,,,,,,,
1299622,2021/22,2022-02-19,"St George's Park, Port Elizabeth",2,8.1,Titans,Western Province,Q de Kock,TB de Bruyn,KI Simmonds,0,0,,,,,,,,,
1299622,2021/22,2022-02-19,"St George's Park, Port Elizabeth",2,8.2,Titans,Western Province,Q de Kock,TB de Bruyn,KI Simmonds,1,0,,,,,,,,,
1299622,2021/22,2022-02-19,"St George's Park, Port Elizabeth",2,8.3,Titans,Western Province,TB de Bruyn,Q de Kock,KI Simmonds,1,0,,,,,,,,,
1299622,2021/22,2022-02-19,"St George's Park, Port Elizabeth",2,8.4,Titans,Western Province,Q de Kock,TB de Bruyn,KI Simmonds,1,0,,,,,,,,,
1299622,2021/22,2022-02-19,"St George's Park, Port Elizabeth",2,8.5,Titans,Western Province,TB de Bruyn,Q de Kock,KI Simmonds,1,0,,,,,,,,,
1299622,2021/22,2022-02-19,"St George's Park, Port Elizabeth",2,8.6,Titans,Western Province,Q de Kock,TB de Bruyn,KI Simmonds,1,0,,,,,,,,,
1299622,2021/22,2022-02-19,"St George's Park, Port Elizabeth",2,9.1,Titans,Western Province,Q de Kock,TB de Bruyn,M Mpongwana,0,0,,,,,,,,,
1299622,2021/22,2022-02-19,"St George's Park, Port Elizabeth",2,9.2,Titans,Western Province,Q de Kock,TB de Bruyn,M Mpongwana,1,0,,,,,,,,,
1299622,2021/22,2022-02-19,"St George's Park, Port Elizabeth",2,9.3,Titans,Western Province,TB de Bruyn,Q de Kock,M Mpongwana,1,0,,,,,,,,,
1299622,2021/22,2022-02-19,"St George's Park, Port Elizabeth",2,9.4,Titans,Western Province,Q de Kock,TB de Bruyn,M Mpongwana,1,0,,,,,,,,,
1299622,2021/22,2022-02-19,"St George's Park, Port Elizabeth",2,9.5,Titans,Western Province,TB de Bruyn,Q de Kock,M Mpongwana,2,0,,,,,,,,,
1299622,2021/22,2022-02-19,"St George's Park, Port Elizabeth",2,9.6,Titans,Western Province,TB de Bruyn,Q de Kock,M Mpongwana,0,0,,,,,,,,,
1299622,2021/22,2022-02-19,"St George's Park, Port Elizabeth",2,10.1,Titans,Western Province,Q de Kock,TB de Bruyn,KI Simmonds,0,0,,,,,,lbw,Q de Kock,,
1299622,2021/22,2022-02-19,"St George's Park, Port Elizabeth",2,10.2,Titans,Western Province,D Brevis,TB de Bruyn,KI Simmonds,4,0,,,,,,,,,
1299622,2021/22,2022-02-19,"St George's Park, Port Elizabeth",2,10.3,Titans,Western Province,D Brevis,TB de Bruyn,KI Simmonds,1,0,,,,,,,,,
1299622,2021/22,2022-02-19,"St George's Park, Port Elizabeth",2,10.4,Titans,Western Province,TB de Bruyn,D Brevis,KI Simmonds,1,0,,,,,,,,,
1299622,2021/22,2022-02-19,"St George's Park, Port Elizabeth",2,10.5,Titans,Western Province,D Brevis,TB de Bruyn,KI Simmonds,0,0,,,,,,,,,
1299622,2021/22,2022-02-19,"St George's Park, Port Elizabeth",2,10.6,Titans,Western Province,D Brevis,TB de Bruyn,KI Simmonds,1,0,,,,,,,,,
1299622,2021/22,2022-02-19,"St George's Park, Port Elizabeth",2,11.1,Titans,Western Province,D Brevis,TB de Bruyn,M Mpongwana,0,0,,,,,,,,,
1299622,2021/22,2022-02-19,"St George's Park, Port Elizabeth",2,11.2,Titans,Western Province,D Brevis,TB de Bruyn,M Mpongwana,0,1,1,,,,,,,,
1299622,2021/22,2022-02-19,"St George's Park, Port Elizabeth",2,11.3,Titans,Western Province,D Brevis,TB de Bruyn,M Mpongwana,1,0,,,,,,,,,
1299622,2021/22,2022-02-19,"St George's Park, Port Elizabeth",2,11.4,Titans,Western Province,TB de Bruyn,D Brevis,M Mpongwana,0,0,,,,,,caught,TB de Bruyn,,
1299622,2021/22,2022-02-19,"St George's Park, Port Elizabeth",2,11.5,Titans,Western Province,H Klaasen,D Brevis,M Mpongwana,1,0,,,,,,,,,
1299622,2021/22,2022-02-19,"St George's Park, Port Elizabeth",2,11.6,Titans,Western Province,D Brevis,H Klaasen,M Mpongwana,1,0,,,,,,,,,
1299622,2021/22,2022-02-19,"St George's Park, Port Elizabeth",2,11.7,Titans,Western Province,H Klaasen,D Brevis,M Mpongwana,1,0,,,,,,,,,
1299622,2021/22,2022-02-19,"St George's Park, Port Elizabeth",2,12.1,Titans,Western Province,H Klaasen,D Brevis,KI Simmonds,1,0,,,,,,,,,
1299622,2021/22,2022-02-19,"St George's Park, Port Elizabeth",2,12.2,Titans,Western Province,D Brevis,H Klaasen,KI Simmonds,4,0,,,,,,,,,
1299622,2021/22,2022-02-19,"St George's Park, Port Elizabeth",2,12.3,Titans,Western Province,D Brevis,H Klaasen,KI Simmonds,1,0,,,,,,,,,
1299622,2021/22,2022-02-19,"St George's Park, Port Elizabeth",2,12.4,Titans,Western Province,H Klaasen,D Brevis,KI Simmonds,1,0,,,,,,,,,
1299622,2021/22,2022-02-19,"St George's Park, Port Elizabeth",2,12.5,Titans,Western Province,D Brevis,H Klaasen,KI Simmonds,1,0,,,,,,,,,
1299622,2021/22,2022-02-19,"St George's Park, Port Elizabeth",2,12.6,Titans,Western Province,H Klaasen,D Brevis,KI Simmonds,1,0,,,,,,,,,
1299622,2021/22,2022-02-19,"St George's Park, Port Elizabeth",2,13.1,Titans,Western Province,H Klaasen,D Brevis,M Mpongwana,1,0,,,,,,,,,
1299622,2021/22,2022-02-19,"St George's Park, Port Elizabeth",2,13.2,Titans,Western Province,D Brevis,H Klaasen,M Mpongwana,6,0,,,,,,,,,
1299622,2021/22,2022-02-19,"St George's Park, Port Elizabeth",2,13.3,Titans,Western Province,D Brevis,H Klaasen,M Mpongwana,0,0,,,,,,,,,
1299622,2021/22,2022-02-19,"St George's Park, Port Elizabeth",2,13.4,Titans,Western Province,D Brevis,H Klaasen,M Mpongwana,1,0,,,,,,,,,
1299622,2021/22,2022-02-19,"St George's Park, Port Elizabeth",2,13.5,Titans,Western Province,H Klaasen,D Brevis,M Mpongwana,1,0,,,,,,,,,
1299622,2021/22,2022-02-19,"St George's Park, Port Elizabeth",2,13.6,Titans,Western Province,D Brevis,H Klaasen,M Mpongwana,1,0,,,,,,,,,
1299622,2021/22,2022-02-19,"St George's Park, Port Elizabeth",2,14.1,Titans,Western Province,D Brevis,H Klaasen,GF Linde,1,0,,,,,,,,,
1299622,2021/22,2022-02-19,"St George's Park, Port Elizabeth",2,14.2,Titans,Western Province,H Klaasen,D Brevis,GF Linde,1,0,,,,,,,,,
1299622,2021/22,2022-02-19,"St George's Park, Port Elizabeth",2,14.3,Titans,Western Province,D Brevis,H Klaasen,GF Linde,2,0,,,,,,,,,
1299622,2021/22,2022-02-19,"St George's Park, Port Elizabeth",2,14.4,Titans,Western Province,D Brevis,H Klaasen,GF Linde,0,0,,,,,,,,,
1299622,2021/22,2022-02-19,"St George's Park, Port Elizabeth",2,14.5,Titans,Western Province,D Brevis,H Klaasen,GF Linde,1,0,,,,,,,,,
1299622,2021/22,2022-02-19,"St George's Park, Port Elizabeth",2,14.6,Titans,Western Province,H Klaasen,D Brevis,GF Linde,1,0,,,,,,,,,
1299622,2021/22,2022-02-19,"St George's Park, Port Elizabeth",2,15.1,Titans,Western Province,H Klaasen,D Brevis,BD Walters,0,0,,,,,,,,,
1299622,2021/22,2022-02-19,"St George's Park, Port Elizabeth",2,15.2,Titans,Western Province,H Klaasen,D Brevis,BD Walters,1,0,,,,,,,,,
1299622,2021/22,2022-02-19,"St George's Park, Port Elizabeth",2,15.3,Titans,Western Province,D Brevis,H Klaasen,BD Walters,0,0,,,,,,,,,
1299622,2021/22,2022-02-19,"St George's Park, Port Elizabeth",2,15.4,Titans,Western Province,D Brevis,H Klaasen,BD Walters,0,0,,,,,,caught,D Brevis,,
1299622,2021/22,2022-02-19,"St George's Park, Port Elizabeth",2,15.5,Titans,Western Province,H Klaasen,BS Makhanya,BD Walters,1,0,,,,,,,,,
1299622,2021/22,2022-02-19,"St George's Park, Port Elizabeth",2,15.6,Titans,Western Province,BS Makhanya,H Klaasen,BD Walters,0,0,,,,,,,,,
1299622,2021/22,2022-02-19,"St George's Park, Port Elizabeth",2,16.1,Titans,Western Province,H Klaasen,BS Makhanya,GF Linde,0,0,,,,,,,,,
1299622,2021/22,2022-02-19,"St George's Park, Port Elizabeth",2,16.2,Titans,Western Province,H Klaasen,BS Makhanya,GF Linde,1,0,,,,,,,,,
1299622,2021/22,2022-02-19,"St George's Park, Port Elizabeth",2,16.3,Titans,Western Province,BS Makhanya,H Klaasen,GF Linde,1,0,,,,,,,,,
1299622,2021/22,2022-02-19,"St George's Park, Port Elizabeth",2,16.4,Titans,Western Province,H Klaasen,BS Makhanya,GF Linde,1,0,,,,,,,,,
1299622,2021/22,2022-02-19,"St George's Park, Port Elizabeth",2,16.5,Titans,Western Province,BS Makhanya,H Klaasen,GF Linde,0,0,,,,,,,,,
1299622,2021/22,2022-02-19,"St George's Park, Port Elizabeth",2,16.6,Titans,Western Province,BS Makhanya,H Klaasen,GF Linde,0,0,,,,,,,,,
1299622,2021/22,2022-02-19,"St George's Park, Port Elizabeth",2,17.1,Titans,Western Province,H Klaasen,BS Makhanya,BD Walters,1,0,,,,,,,,,
1299622,2021/22,2022-02-19,"St George's Park, Port Elizabeth",2,17.2,Titans,Western Province,BS Makhanya,H Klaasen,BD Walters,0,0,,,,,,,,,
1299622,2021/22,2022-02-19,"St George's Park, Port Elizabeth",2,17.3,Titans,Western Province,BS Makhanya,H Klaasen,BD Walters,0,1,1,,,,,,,,
1299622,2021/22,2022-02-19,"St George's Park, Port Elizabeth",2,17.4,Titans,Western Province,BS Makhanya,H Klaasen,BD Walters,0,0,,,,,,,,,
1299622,2021/22,2022-02-19,"St George's Park, Port Elizabeth",2,17.5,Titans,Western Province,BS Makhanya,H Klaasen,BD Walters,1,0,,,,,,,,,
1299622,2021/22,2022-02-19,"St George's Park, Port Elizabeth",2,17.6,Titans,Western Province,H Klaasen,BS Makhanya,BD Walters,0,0,,,,,,,,,
1299622,2021/22,2022-02-19,"St George's Park, Port Elizabeth",2,17.7,Titans,Western Province,H Klaasen,BS Makhanya,BD Walters,1,0,,,,,,,,,
1299622,2021/22,2022-02-19,"St George's Park, Port Elizabeth",2,18.1,Titans,Western Province,H Klaasen,BS Makhanya,BE Hendricks,6,0,,,,,,,,,
1299622,2021/22,2022-02-19,"St George's Park, Port Elizabeth",2,18.2,Titans,Western Province,H Klaasen,BS Makhanya,BE Hendricks,1,0,,,,,,,,,
1299622,2021/22,2022-02-19,"St George's Park, Port Elizabeth",2,18.3,Titans,Western Province,BS Makhanya,H Klaasen,BE Hendricks,0,0,,,,,,,,,
1299622,2021/22,2022-02-19,"St George's Park, Port Elizabeth",2,18.4,Titans,Western Province,BS Makhanya,H Klaasen,BE Hendricks,1,0,,,,,,,,,
1299622,2021/22,2022-02-19,"St George's Park, Port Elizabeth",2,18.5,Titans,Western Province,H Klaasen,BS Makhanya,BE Hendricks,6,0,,,,,,,,,
1299622,2021/22,2022-02-19,"St George's Park, Port Elizabeth",2,18.6,Titans,Western Province,H Klaasen,BS Makhanya,BE Hendricks,1,0,,,,,,,,,
1299622,2021/22,2022-02-19,"St George's Park, Port Elizabeth",2,19.1,Titans,Western Province,H Klaasen,BS Makhanya,WD Parnell,0,0,,,,,,,,,
1299622,2021/22,2022-02-19,"St George's Park, Port Elizabeth",2,19.2,Titans,Western Province,H Klaasen,BS Makhanya,WD Parnell,0,0,,,,,,,,,
1299622,2021/22,2022-02-19,"St George's Park, Port Elizabeth",2,19.3,Titans,Western Province,H Klaasen,BS Makhanya,WD Parnell,4,0,,,,,,,,,
