match_id,season,start_date,venue,innings,ball,batting_team,bowling_team,striker,non_striker,bowler,runs_off_bat,extras,wides,noballs,byes,legbyes,penalty,wicket_type,player_dismissed,other_wicket_type,other_player_dismissed
530345,2011/12,2012-03-07,"Senwes Park, Potchefstroom",1,0.1,Knights,Lions,MN van Wyk,RR Rossouw,E O'Reilly,0,1,1,,,,,,,,
530345,2011/12,2012-03-07,"Senwes Park, Potchefstroom",1,0.2,Knights,Lions,MN van Wyk,RR Rossouw,E O'Reilly,0,0,,,,,,,,,
530345,2011/12,2012-03-07,"Senwes Park, Potchefstroom",1,0.3,Knights,Lions,MN van Wyk,RR Rossouw,E O'Reilly,0,0,,,,,,,,,
530345,2011/12,2012-03-07,"Senwes Park, Potchefstroom",1,0.4,Knights,Lions,MN van Wyk,RR Rossouw,E O'Reilly,0,0,,,,,,,,,
530345,2011/12,2012-03-07,"Senwes Park, Potchefstroom",1,0.5,Knights,Lions,MN van Wyk,RR Rossouw,E O'Reilly,0,1,,,,1,,,,,
530345,2011/12,2012-03-07,"Senwes Park, Potchefstroom",1,0.6,Knights,Lions,RR Rossouw,MN van Wyk,E O'Reilly,1,0,,,,,,,,,
530345,2011/12,2012-03-07,"Senwes Park, Potchefstroom",1,0.7,Knights,Lions,MN van Wyk,RR Rossouw,E O'Reilly,4,0,,,,,,,,,
530345,2011/12,2012-03-07,"Senwes Park, Potchefstroom",1,1.1,Knights,Lions,RR Rossouw,MN van Wyk,DP Nannes,0,0,,,,,,,,,
530345,2011/12,2012-03-07,"Senwes Park, Potchefstroom",1,1.2,Knights,Lions,RR Rossouw,MN van Wyk,DP Nannes,0,0,,,,,,,,,
530345,2011/12,2012-03-07,"Senwes Park, Potchefstroom",1,1.3,Knights,Lions,RR Rossouw,MN van Wyk,DP Nannes,0,0,,,,,,,,,
530345,2011/12,2012-03-07,"Senwes Park, Potchefstroom",1,1.4,Knights,Lions,RR Rossouw,MN van Wyk,DP Nannes,4,0,,,,,,,,,
530345,2011/12,2012-03-07,"Senwes Park, Potchefstroom",1,1.5,Knights,Lions,RR Rossouw,MN van Wyk,DP Nannes,4,0,,,,,,,,,
530345,2011/12,2012-03-07,"Senwes Park, Potchefstroom",1,1.6,Knights,Lions,RR Rossouw,MN van Wyk,DP Nannes,2,0,,,,,,,,,
530345,2011/12,2012-03-07,"Senwes Park, Potchefstroom",1,2.1,Knights,Lions,MN van Wyk,RR Rossouw,E O'Reilly,0,0,,,,,,,,,
530345,2011/12,2012-03-07,"Senwes Park, Potchefstroom",1,2.2,Knights,Lions,MN van Wyk,RR Rossouw,E O'Reilly,0,0,,,,,,,,,
530345,2011/12,2012-03-07,"Senwes Park, Potchefstroom",1,2.3,Knights,Lions,MN van Wyk,RR Rossouw,E O'Reilly,1,0,,,,,,,,,
530345,2011/12,2012-03-07,"Senwes Park, Potchefstroom",1,2.4,Knights,Lions,RR Rossouw,MN van Wyk,E O'Reilly,4,0,,,,,,,,,
530345,2011/12,2012-03-07,"Senwes Park, Potchefstroom",1,2.5,Knights,Lions,RR Rossouw,MN van Wyk,E O'Reilly,0,1,,,,1,,,,,
530345,2011/12,2012-03-07,"Senwes Park, Potchefstroom",1,2.6,Knights,Lions,MN van Wyk,RR Rossouw,E O'Reilly,0,0,,,,,,,,,
530345,2011/12,2012-03-07,"Senwes Park, Potchefstroom",1,3.1,Knights,Lions,RR Rossouw,MN van Wyk,DP Nannes,4,0,,,,,,,,,
530345,2011/12,2012-03-07,"Senwes Park, Potchefstroom",1,3.2,Knights,Lions,RR Rossouw,MN van Wyk,DP Nannes,4,0,,,,,,,,,
530345,2011/12,2012-03-07,"Senwes Park, Potchefstroom",1,3.3,Knights,Lions,RR Rossouw,MN van Wyk,DP Nannes,0,1,1,,,,,,,,
530345,2011/12,2012-03-07,"Senwes Park, Potchefstroom",1,3.4,Knights,Lions,RR Rossouw,MN van Wyk,DP Nannes,2,0,,,,,,,,,
530345,2011/12,2012-03-07,"Senwes Park, Potchefstroom",1,3.5,Knights,Lions,RR Rossouw,MN van Wyk,DP Nannes,1,0,,,,,,,,,
530345,2011/12,2012-03-07,"Senwes Park, Potchefstroom",1,3.6,Knights,Lions,MN van Wyk,RR Rossouw,DP Nannes,4,0,,,,,,,,,
530345,2011/12,2012-03-07,"Senwes Park, Potchefstroom",1,3.7,Knights,Lions,MN van Wyk,RR Rossouw,DP Nannes,6,0,,,,,,,,,
530345,2011/12,2012-03-07,"Senwes Park, Potchefstroom",1,4.1,Knights,Lions,RR Rossouw,MN van Wyk,Sohail Tanvir,1,0,,,,,,,,,
530345,2011/12,2012-03-07,"Senwes Park, Potchefstroom",1,4.2,Knights,Lions,MN van Wyk,RR Rossouw,Sohail Tanvir,0,0,,,,,,,,,
530345,2011/12,2012-03-07,"Senwes Park, Potchefstroom",1,4.3,Knights,Lions,MN van Wyk,RR Rossouw,Sohail Tanvir,4,0,,,,,,,,,
530345,2011/12,2012-03-07,"Senwes Park, Potchefstroom",1,4.4,Knights,Lions,MN van Wyk,RR Rossouw,Sohail Tanvir,0,0,,,,,,,,,
530345,2011/12,2012-03-07,"Senwes Park, Potchefstroom",1,4.5,Knights,Lions,MN van Wyk,RR Rossouw,Sohail Tanvir,0,0,,,,,,,,,
530345,2011/12,2012-03-07,"Senwes Park, Potchefstroom",1,4.6,Knights,Lions,MN van Wyk,RR Rossouw,Sohail Tanvir,0,0,,,,,,,,,
530345,2011/12,2012-03-07,"Senwes Park, Potchefstroom",1,5.1,Knights,Lions,RR Rossouw,MN van Wyk,AM Phangiso,0,0,,,,,,bowled,RR Rossouw,,
530345,2011/12,2012-03-07,"Senwes Park, Potchefstroom",1,5.2,Knights,Lions,RR Hendricks,MN van Wyk,AM Phangiso,1,0,,,,,,,,,
530345,2011/12,2012-03-07,"Senwes Park, Potchefstroom",1,5.3,Knights,Lions,MN van Wyk,RR Hendricks,AM Phangiso,1,0,,,,,,,,,
530345,2011/12,2012-03-07,"Senwes Park, Potchefstroom",1,5.4,Knights,Lions,RR Hendricks,MN van Wyk,AM Phangiso,2,0,,,,,,,,,
530345,2011/12,2012-03-07,"Senwes Park, Potchefstroom",1,5.5,Knights,Lions,RR Hendricks,MN van Wyk,AM Phangiso,0,0,,,,,,,,,
530345,2011/12,2012-03-07,"Senwes Park, Potchefstroom",1,5.6,Knights,Lions,RR Hendricks,MN van Wyk,AM Phangiso,1,0,,,,,,,,,
530345,2011/12,2012-03-07,"Senwes Park, Potchefstroom",1,6.1,Knights,Lions,RR Hendricks,MN van Wyk,Sohail Tanvir,0,0,,,,,,,,,
530345,2011/12,2012-03-07,"Senwes Park, Potchefstroom",1,6.2,Knights,Lions,RR Hendricks,MN van Wyk,Sohail Tanvir,1,0,,,,,,,,,
530345,2011/12,2012-03-07,"Senwes Park, Potchefstroom",1,6.3,Knights,Lions,MN van Wyk,RR Hendricks,Sohail Tanvir,0,1,1,,,,,,,,
530345,2011/12,2012-03-07,"Senwes Park, Potchefstroom",1,6.4,Knights,Lions,MN van Wyk,RR Hendricks,Sohail Tanvir,1,0,,,,,,,,,
530345,2011/12,2012-03-07,"Senwes Park, Potchefstroom",1,6.5,Knights,Lions,RR Hendricks,MN van Wyk,Sohail Tanvir,0,0,,,,,,,,,
530345,2011/12,2012-03-07,"Senwes Park, Potchefstroom",1,6.6,Knights,Lions,RR Hendricks,MN van Wyk,Sohail Tanvir,6,0,,,,,,,,,
530345,2011/12,2012-03-07,"Senwes Park, Potchefstroom",1,6.7,Knights,Lions,RR Hendricks,MN van Wyk,Sohail Tanvir,2,0,,,,,,,,,
530345,2011/12,2012-03-07,"Senwes Park, Potchefstroom",1,7.1,Knights,Lions,MN van Wyk,RR Hendricks,AM Phangiso,0,0,,,,,,,,,
530345,2011/12,2012-03-07,"Senwes Park, Potchefstroom",1,7.2,Knights,Lions,MN van Wyk,RR Hendricks,AM Phangiso,6,0,,,,,,,,,
530345,2011/12,2012-03-07,"Senwes Park, Potchefstroom",1,7.3,Knights,Lions,MN van Wyk,RR Hendricks,AM Phangiso,0,1,1,,,,,,,,
530345,2011/12,2012-03-07,"Senwes Park, Potchefstroom",1,7.4,Knights,Lions,MN van Wyk,RR Hendricks,AM Phangiso,6,0,,,,,,,,,
530345,2011/12,2012-03-07,"Senwes Park, Potchefstroom",1,7.5,Knights,Lions,MN van Wyk,RR Hendricks,AM Phangiso,0,0,,,,,,,,,
530345,2011/12,2012-03-07,"Senwes Park, Potchefstroom",1,7.6,Knights,Lions,MN van Wyk,RR Hendricks,AM Phangiso,1,0,,,,,,,,,
530345,2011/12,2012-03-07,"Senwes Park, Potchefstroom",1,7.7,Knights,Lions,RR Hendricks,MN van Wyk,AM Phangiso,1,0,,,,,,,,,
530345,2011/12,2012-03-07,"Senwes Park, Potchefstroom",1,8.1,Knights,Lions,RR Hendricks,MN van Wyk,CH Morris,0,0,,,,,,caught,RR Hendricks,,
530345,2011/12,2012-03-07,"Senwes Park, Potchefstroom",1,8.2,Knights,Lions,R McLaren,MN van Wyk,CH Morris,2,0,,,,,,,,,
530345,2011/12,2012-03-07,"Senwes Park, Potchefstroom",1,8.3,Knights,Lions,R McLaren,MN van Wyk,CH Morris,1,0,,,,,,,,,
530345,2011/12,2012-03-07,"Senwes Park, Potchefstroom",1,8.4,Knights,Lions,MN van Wyk,R McLaren,CH Morris,0,0,,,,,,,,,
530345,2011/12,2012-03-07,"Senwes Park, Potchefstroom",1,8.5,Knights,Lions,MN van Wyk,R McLaren,CH Morris,0,0,,,,,,,,,
530345,2011/12,2012-03-07,"Senwes Park, Potchefstroom",1,8.6,Knights,Lions,MN van Wyk,R McLaren,CH Morris,4,0,,,,,,,,,
530345,2011/12,2012-03-07,"Senwes Park, Potchefstroom",1,9.1,Knights,Lions,R McLaren,MN van Wyk,AM Phangiso,1,0,,,,,,,,,
530345,2011/12,2012-03-07,"Senwes Park, Potchefstroom",1,9.2,Knights,Lions,MN van Wyk,R McLaren,AM Phangiso,0,0,,,,,,,,,
530345,2011/12,2012-03-07,"Senwes Park, Potchefstroom",1,9.3,Knights,Lions,MN van Wyk,R McLaren,AM Phangiso,0,0,,,,,,bowled,MN van Wyk,,
530345,2011/12,2012-03-07,"Senwes Park, Potchefstroom",1,9.4,Knights,Lions,RT Bailey,R McLaren,AM Phangiso,0,0,,,,,,,,,
530345,2011/12,2012-03-07,"Senwes Park, Potchefstroom",1,9.5,Knights,Lions,RT Bailey,R McLaren,AM Phangiso,1,0,,,,,,,,,
530345,2011/12,2012-03-07,"Senwes Park, Potchefstroom",1,9.6,Knights,Lions,R McLaren,RT Bailey,AM Phangiso,1,0,,,,,,,,,
530345,2011/12,2012-03-07,"Senwes Park, Potchefstroom",1,10.1,Knights,Lions,R McLaren,RT Bailey,CH Morris,1,0,,,,,,,,,
530345,2011/12,2012-03-07,"Senwes Park, Potchefstroom",1,10.2,Knights,Lions,RT Bailey,R McLaren,CH Morris,1,0,,,,,,,,,
530345,2011/12,2012-03-07,"Senwes Park, Potchefstroom",1,10.3,Knights,Lions,R McLaren,RT Bailey,CH Morris,0,0,,,,,,caught,R McLaren,,
530345,2011/12,2012-03-07,"Senwes Park, Potchefstroom",1,10.4,Knights,Lions,RT Bailey,AJ Pienaar,CH Morris,0,1,1,,,,,,,,
530345,2011/12,2012-03-07,"Senwes Park, Potchefstroom",1,10.5,Knights,Lions,RT Bailey,AJ Pienaar,CH Morris,0,0,,,,,,caught,RT Bailey,,
530345,2011/12,2012-03-07,"Senwes Park, Potchefstroom",1,10.6,Knights,Lions,WL Coetsee,AJ Pienaar,CH Morris,0,0,,,,,,,,,
530345,2011/12,2012-03-07,"Senwes Park, Potchefstroom",1,10.7,Knights,Lions,WL Coetsee,AJ Pienaar,CH Morris,0,0,,,,,,,,,
530345,2011/12,2012-03-07,"Senwes Park, Potchefstroom",1,11.1,Knights,Lions,AJ Pienaar,WL Coetsee,AM Phangiso,1,0,,,,,,,,,
530345,2011/12,2012-03-07,"Senwes Park, Potchefstroom",1,11.2,Knights,Lions,WL Coetsee,AJ Pienaar,AM Phangiso,0,0,,,,,,,,,
530345,2011/12,2012-03-07,"Senwes Park, Potchefstroom",1,11.3,Knights,Lions,WL Coetsee,AJ Pienaar,AM Phangiso,1,0,,,,,,,,,
530345,2011/12,2012-03-07,"Senwes Park, Potchefstroom",1,11.4,Knights,Lions,AJ Pienaar,WL Coetsee,AM Phangiso,0,2,2,,,,,,,,
530345,2011/12,2012-03-07,"Senwes Park, Potchefstroom",1,11.5,Knights,Lions,WL Coetsee,AJ Pienaar,AM Phangiso,2,0,,,,,,,,,
530345,2011/12,2012-03-07,"Senwes Park, Potchefstroom",1,11.6,Knights,Lions,WL Coetsee,AJ Pienaar,AM Phangiso,0,0,,,,,,,,,
530345,2011/12,2012-03-07,"Senwes Park, Potchefstroom",1,11.7,Knights,Lions,WL Coetsee,AJ Pienaar,AM Phangiso,1,0,,,,,,,,,
530345,2011/12,2012-03-07,"Senwes Park, Potchefstroom",1,12.1,Knights,Lions,WL Coetsee,AJ Pienaar,CH Morris,0,0,,,,,,,,,
530345,2011/12,2012-03-07,"Senwes Park, Potchefstroom",1,12.2,Knights,Lions,WL Coetsee,AJ Pienaar,CH Morris,1,0,,,,,,,,,
530345,2011/12,2012-03-07,"Senwes Park, Potchefstroom",1,12.3,Knights,Lions,AJ Pienaar,WL Coetsee,CH Morris,0,0,,,,,,bowled,AJ Pienaar,,
530345,2011/12,2012-03-07,"Senwes Park, Potchefstroom",1,12.4,Knights,Lions,JJ van der Wath,WL Coetsee,CH Morris,0,0,,,,,,,,,
530345,2011/12,2012-03-07,"Senwes Park, Potchefstroom",1,12.5,Knights,Lions,JJ van der Wath,WL Coetsee,CH Morris,2,0,,,,,,,,,
530345,2011/12,2012-03-07,"Senwes Park, Potchefstroom",1,12.6,Knights,Lions,JJ van der Wath,WL Coetsee,CH Morris,0,0,,,,,,,,,
530345,2011/12,2012-03-07,"Senwes Park, Potchefstroom",1,13.1,Knights,Lions,WL Coetsee,JJ van der Wath,DP Nannes,1,0,,,,,,,,,
530345,2011/12,2012-03-07,"Senwes Park, Potchefstroom",1,13.2,Knights,Lions,JJ van der Wath,WL Coetsee,DP Nannes,0,0,,,,,,,,,
530345,2011/12,2012-03-07,"Senwes Park, Potchefstroom",1,13.3,Knights,Lions,JJ van der Wath,WL Coetsee,DP Nannes,0,0,,,,,,caught,JJ van der Wath,,
530345,2011/12,2012-03-07,"Senwes Park, Potchefstroom",1,13.4,Knights,Lions,WL Coetsee,AR Swanepoel,DP Nannes,0,1,,,1,,,,,,
530345,2011/12,2012-03-07,"Senwes Park, Potchefstroom",1,13.5,Knights,Lions,AR Swanepoel,WL Coetsee,DP Nannes,0,0,,,,,,,,,
530345,2011/12,2012-03-07,"Senwes Park, Potchefstroom",1,13.6,Knights,Lions,AR Swanepoel,WL Coetsee,DP Nannes,0,0,,,,,,,,,
530345,2011/12,2012-03-07,"Senwes Park, Potchefstroom",1,14.1,Knights,Lions,WL Coetsee,AR Swanepoel,CH Morris,4,0,,,,,,,,,
530345,2011/12,2012-03-07,"Senwes Park, Potchefstroom",1,14.2,Knights,Lions,WL Coetsee,AR Swanepoel,CH Morris,0,0,,,,,,,,,
530345,2011/12,2012-03-07,"Senwes Park, Potchefstroom",1,14.3,Knights,Lions,WL Coetsee,AR Swanepoel,CH Morris,2,0,,,,,,,,,
530345,2011/12,2012-03-07,"Senwes Park, Potchefstroom",1,14.4,Knights,Lions,WL Coetsee,AR Swanepoel,CH Morris,1,0,,,,,,,,,
530345,2011/12,2012-03-07,"Senwes Park, Potchefstroom",1,14.5,Knights,Lions,AR Swanepoel,WL Coetsee,CH Morris,2,0,,,,,,,,,
530345,2011/12,2012-03-07,"Senwes Park, Potchefstroom",1,14.6,Knights,Lions,AR Swanepoel,WL Coetsee,CH Morris,0,0,,,,,,,,,
530345,2011/12,2012-03-07,"Senwes Park, Potchefstroom",1,15.1,Knights,Lions,WL Coetsee,AR Swanepoel,Sohail Tanvir,0,1,,,,1,,,,,
530345,2011/12,2012-03-07,"Senwes Park, Potchefstroom",1,15.2,Knights,Lions,AR Swanepoel,WL Coetsee,Sohail Tanvir,1,0,,,,,,,,,
530345,2011/12,2012-03-07,"Senwes Park, Potchefstroom",1,15.3,Knights,Lions,WL Coetsee,AR Swanepoel,Sohail Tanvir,0,0,,,,,,,,,
530345,2011/12,2012-03-07,"Senwes Park, Potchefstroom",1,15.4,Knights,Lions,WL Coetsee,AR Swanepoel,Sohail Tanvir,2,0,,,,,,,,,
530345,2011/12,2012-03-07,"Senwes Park, Potchefstroom",1,15.5,Knights,Lions,WL Coetsee,AR Swanepoel,Sohail Tanvir,1,0,,,,,,,,,
530345,2011/12,2012-03-07,"Senwes Park, Potchefstroom",1,15.6,Knights,Lions,AR Swanepoel,WL Coetsee,Sohail Tanvir,0,0,,,,,,,,,
530345,2011/12,2012-03-07,"Senwes Park, Potchefstroom",1,16.1,Knights,Lions,WL Coetsee,AR Swanepoel,DP Nannes,1,0,,,,,,,,,
530345,2011/12,2012-03-07,"Senwes Park, Potchefstroom",1,16.2,Knights,Lions,AR Swanepoel,WL Coetsee,DP Nannes,1,0,,,,,,,,,
530345,2011/12,2012-03-07,"Senwes Park, Potchefstroom",1,16.3,Knights,Lions,WL Coetsee,AR Swanepoel,DP Nannes,1,0,,,,,,,,,
530345,2011/12,2012-03-07,"Senwes Park, Potchefstroom",1,16.4,Knights,Lions,AR Swanepoel,WL Coetsee,DP Nannes,0,0,,,,,,,,,
530345,2011/12,2012-03-07,"Senwes Park, Potchefstroom",1,16.5,Knights,Lions,AR Swanepoel,WL Coetsee,DP Nannes,1,0,,,,,,,,,
530345,2011/12,2012-03-07,"Senwes Park, Potchefstroom",1,16.6,Knights,Lions,WL Coetsee,AR Swanepoel,DP Nannes,6,0,,,,,,,,,
530345,2011/12,2012-03-07,"Senwes Park, Potchefstroom",1,17.1,Knights,Lions,AR Swanepoel,WL Coetsee,J Symes,1,0,,,,,,run out,AR Swanepoel,,
530345,2011/12,2012-03-07,"Senwes Park, Potchefstroom",1,17.2,Knights,Lions,WL Coetsee,J Coetzee,J Symes,2,0,,,,,,,,,
530345,2011/12,2012-03-07,"Senwes Park, Potchefstroom",1,17.3,Knights,Lions,J Coetzee,WL Coetsee,J Symes,0,0,,,,,,bowled,J Coetzee,,
530345,2011/12,2012-03-07,"Senwes Park, Potchefstroom",1,17.4,Knights,Lions,MP Siboto,WL Coetsee,J Symes,1,0,,,,,,,,,
530345,2011/12,2012-03-07,"Senwes Park, Potchefstroom",1,17.5,Knights,Lions,WL Coetsee,MP Siboto,J Symes,0,0,,,,,,,,,
530345,2011/12,2012-03-07,"Senwes Park, Potchefstroom",1,17.6,Knights,Lions,WL Coetsee,MP Siboto,J Symes,2,0,,,,,,,,,
530345,2011/12,2012-03-07,"Senwes Park, Potchefstroom",2,0.1,Lions,Knights,JD Vandiar,GH Bodi,J Coetzee,0,0,,,,,,,,,
530345,2011/12,2012-03-07,"Senwes Park, Potchefstroom",2,0.2,Lions,Knights,JD Vandiar,GH Bodi,J Coetzee,0,0,,,,,,,,,
530345,2011/12,2012-03-07,"Senwes Park, Potchefstroom",2,0.3,Lions,Knights,JD Vandiar,GH Bodi,J Coetzee,4,0,,,,,,,,,
530345,2011/12,2012-03-07,"Senwes Park, Potchefstroom",2,0.4,Lions,Knights,JD Vandiar,GH Bodi,J Coetzee,0,0,,,,,,,,,
530345,2011/12,2012-03-07,"Senwes Park, Potchefstroom",2,0.5,Lions,Knights,JD Vandiar,GH Bodi,J Coetzee,1,0,,,,,,,,,
530345,2011/12,2012-03-07,"Senwes Park, Potchefstroom",2,0.6,Lions,Knights,GH Bodi,JD Vandiar,J Coetzee,1,0,,,,,,,,,
530345,2011/12,2012-03-07,"Senwes Park, Potchefstroom",2,1.1,Lions,Knights,GH Bodi,JD Vandiar,JJ van der Wath,0,0,,,,,,,,,
530345,2011/12,2012-03-07,"Senwes Park, Potchefstroom",2,1.2,Lions,Knights,GH Bodi,JD Vandiar,JJ van der Wath,0,0,,,,,,,,,
530345,2011/12,2012-03-07,"Senwes Park, Potchefstroom",2,1.3,Lions,Knights,GH Bodi,JD Vandiar,JJ van der Wath,0,0,,,,,,,,,
530345,2011/12,2012-03-07,"Senwes Park, Potchefstroom",2,1.4,Lions,Knights,GH Bodi,JD Vandiar,JJ van der Wath,1,0,,,,,,,,,
530345,2011/12,2012-03-07,"Senwes Park, Potchefstroom",2,1.5,Lions,Knights,JD Vandiar,GH Bodi,JJ van der Wath,0,0,,,,,,,,,
530345,2011/12,2012-03-07,"Senwes Park, Potchefstroom",2,1.6,Lions,Knights,JD Vandiar,GH Bodi,JJ van der Wath,0,0,,,,,,,,,
530345,2011/12,2012-03-07,"Senwes Park, Potchefstroom",2,2.1,Lions,Knights,GH Bodi,JD Vandiar,R McLaren,4,0,,,,,,,,,
530345,2011/12,2012-03-07,"Senwes Park, Potchefstroom",2,2.2,Lions,Knights,GH Bodi,JD Vandiar,R McLaren,4,0,,,,,,,,,
530345,2011/12,2012-03-07,"Senwes Park, Potchefstroom",2,2.3,Lions,Knights,GH Bodi,JD Vandiar,R McLaren,0,0,,,,,,,,,
530345,2011/12,2012-03-07,"Senwes Park, Potchefstroom",2,2.4,Lions,Knights,GH Bodi,JD Vandiar,R McLaren,0,0,,,,,,,,,
530345,2011/12,2012-03-07,"Senwes Park, Potchefstroom",2,2.5,Lions,Knights,GH Bodi,JD Vandiar,R McLaren,0,0,,,,,,,,,
530345,2011/12,2012-03-07,"Senwes Park, Potchefstroom",2,2.6,Lions,Knights,GH Bodi,JD Vandiar,R McLaren,1,0,,,,,,,,,
530345,2011/12,2012-03-07,"Senwes Park, Potchefstroom",2,3.1,Lions,Knights,GH Bodi,JD Vandiar,JJ van der Wath,4,0,,,,,,,,,
530345,2011/12,2012-03-07,"Senwes Park, Potchefstroom",2,3.2,Lions,Knights,GH Bodi,JD Vandiar,JJ van der Wath,0,0,,,,,,,,,
530345,2011/12,2012-03-07,"Senwes Park, Potchefstroom",2,3.3,Lions,Knights,GH Bodi,JD Vandiar,JJ van der Wath,0,0,,,,,,,,,
530345,2011/12,2012-03-07,"Senwes Park, Potchefstroom",2,3.4,Lions,Knights,GH Bodi,JD Vandiar,JJ van der Wath,0,0,,,,,,,,,
530345,2011/12,2012-03-07,"Senwes Park, Potchefstroom",2,3.5,Lions,Knights,GH Bodi,JD Vandiar,JJ van der Wath,0,1,,,,1,,,,,
530345,2011/12,2012-03-07,"Senwes Park, Potchefstroom",2,3.6,Lions,Knights,JD Vandiar,GH Bodi,JJ van der Wath,1,0,,,,,,,,,
530345,2011/12,2012-03-07,"Senwes Park, Potchefstroom",2,4.1,Lions,Knights,JD Vandiar,GH Bodi,R McLaren,0,0,,,,,,,,,
530345,2011/12,2012-03-07,"Senwes Park, Potchefstroom",2,4.2,Lions,Knights,JD Vandiar,GH Bodi,R McLaren,2,0,,,,,,,,,
530345,2011/12,2012-03-07,"Senwes Park, Potchefstroom",2,4.3,Lions,Knights,JD Vandiar,GH Bodi,R McLaren,0,0,,,,,,,,,
530345,2011/12,2012-03-07,"Senwes Park, Potchefstroom",2,4.4,Lions,Knights,JD Vandiar,GH Bodi,R McLaren,0,0,,,,,,,,,
530345,2011/12,2012-03-07,"Senwes Park, Potchefstroom",2,4.5,Lions,Knights,JD Vandiar,GH Bodi,R McLaren,0,0,,,,,,,,,
530345,2011/12,2012-03-07,"Senwes Park, Potchefstroom",2,4.6,Lions,Knights,JD Vandiar,GH Bodi,R McLaren,4,0,,,,,,,,,
530345,2011/12,2012-03-07,"Senwes Park, Potchefstroom",2,5.1,Lions,Knights,GH Bodi,JD Vandiar,MP Siboto,0,2,,,,2,,,,,
530345,2011/12,2012-03-07,"Senwes Park, Potchefstroom",2,5.2,Lions,Knights,GH Bodi,JD Vandiar,MP Siboto,0,0,,,,,,,,,
530345,2011/12,2012-03-07,"Senwes Park, Potchefstroom",2,5.3,Lions,Knights,GH Bodi,JD Vandiar,MP Siboto,1,0,,,,,,,,,
530345,2011/12,2012-03-07,"Senwes Park, Potchefstroom",2,5.4,Lions,Knights,JD Vandiar,GH Bodi,MP Siboto,1,0,,,,,,,,,
530345,2011/12,2012-03-07,"Senwes Park, Potchefstroom",2,5.5,Lions,Knights,GH Bodi,JD Vandiar,MP Siboto,1,0,,,,,,,,,
530345,2011/12,2012-03-07,"Senwes Park, Potchefstroom",2,5.6,Lions,Knights,JD Vandiar,GH Bodi,MP Siboto,0,0,,,,,,,,,
530345,2011/12,2012-03-07,"Senwes Park, Potchefstroom",2,6.1,Lions,Knights,GH Bodi,JD Vandiar,WL Coetsee,0,0,,,,,,,,,
530345,2011/12,2012-03-07,"Senwes Park, Potchefstroom",2,6.2,Lions,Knights,GH Bodi,JD Vandiar,WL Coetsee,2,0,,,,,,,,,
530345,2011/12,2012-03-07,"Senwes Park, Potchefstroom",2,6.3,Lions,Knights,GH Bodi,JD Vandiar,WL Coetsee,4,0,,,,,,,,,
530345,2011/12,2012-03-07,"Senwes Park, Potchefstroom",2,6.4,Lions,Knights,GH Bodi,JD Vandiar,WL Coetsee,4,0,,,,,,,,,
530345,2011/12,2012-03-07,"Senwes Park, Potchefstroom",2,6.5,Lions,Knights,GH Bodi,JD Vandiar,WL Coetsee,0,0,,,,,,,,,
530345,2011/12,2012-03-07,"Senwes Park, Potchefstroom",2,6.6,Lions,Knights,GH Bodi,JD Vandiar,WL Coetsee,1,0,,,,,,,,,
530345,2011/12,2012-03-07,"Senwes Park, Potchefstroom",2,7.1,Lions,Knights,GH Bodi,JD Vandiar,MP Siboto,1,0,,,,,,,,,
530345,2011/12,2012-03-07,"Senwes Park, Potchefstroom",2,7.2,Lions,Knights,JD Vandiar,GH Bodi,MP Siboto,6,0,,,,,,,,,
530345,2011/12,2012-03-07,"Senwes Park, Potchefstroom",2,7.3,Lions,Knights,JD Vandiar,GH Bodi,MP Siboto,0,0,,,,,,,,,
530345,2011/12,2012-03-07,"Senwes Park, Potchefstroom",2,7.4,Lions,Knights,JD Vandiar,GH Bodi,MP Siboto,0,0,,,,,,caught,JD Vandiar,,
530345,2011/12,2012-03-07,"Senwes Park, Potchefstroom",2,7.5,Lions,Knights,GH Bodi,Q de Kock,MP Siboto,1,0,,,,,,,,,
530345,2011/12,2012-03-07,"Senwes Park, Potchefstroom",2,7.6,Lions,Knights,Q de Kock,GH Bodi,MP Siboto,0,0,,,,,,,,,
530345,2011/12,2012-03-07,"Senwes Park, Potchefstroom",2,8.1,Lions,Knights,GH Bodi,Q de Kock,J Coetzee,1,0,,,,,,,,,
530345,2011/12,2012-03-07,"Senwes Park, Potchefstroom",2,8.2,Lions,Knights,Q de Kock,GH Bodi,J Coetzee,1,0,,,,,,,,,
530345,2011/12,2012-03-07,"Senwes Park, Potchefstroom",2,8.3,Lions,Knights,GH Bodi,Q de Kock,J Coetzee,4,0,,,,,,,,,
530345,2011/12,2012-03-07,"Senwes Park, Potchefstroom",2,8.4,Lions,Knights,GH Bodi,Q de Kock,J Coetzee,1,0,,,,,,,,,
530345,2011/12,2012-03-07,"Senwes Park, Potchefstroom",2,8.5,Lions,Knights,Q de Kock,GH Bodi,J Coetzee,2,0,,,,,,,,,
530345,2011/12,2012-03-07,"Senwes Park, Potchefstroom",2,8.6,Lions,Knights,Q de Kock,GH Bodi,J Coetzee,0,0,,,,,,bowled,Q de Kock,,
530345,2011/12,2012-03-07,"Senwes Park, Potchefstroom",2,9.1,Lions,Knights,GH Bodi,ND McKenzie,R McLaren,2,0,,,,,,,,,
530345,2011/12,2012-03-07,"Senwes Park, Potchefstroom",2,9.2,Lions,Knights,GH Bodi,ND McKenzie,R McLaren,1,0,,,,,,,,,
530345,2011/12,2012-03-07,"Senwes Park, Potchefstroom",2,9.3,Lions,Knights,ND McKenzie,GH Bodi,R McLaren,1,0,,,,,,,,,
530345,2011/12,2012-03-07,"Senwes Park, Potchefstroom",2,9.4,Lions,Knights,GH Bodi,ND McKenzie,R McLaren,1,0,,,,,,,,,
530345,2011/12,2012-03-07,"Senwes Park, Potchefstroom",2,9.5,Lions,Knights,ND McKenzie,GH Bodi,R McLaren,0,0,,,,,,run out,GH Bodi,,
530345,2011/12,2012-03-07,"Senwes Park, Potchefstroom",2,9.6,Lions,Knights,CH Morris,ND McKenzie,R McLaren,1,0,,,,,,,,,
530345,2011/12,2012-03-07,"Senwes Park, Potchefstroom",2,10.1,Lions,Knights,CH Morris,ND McKenzie,WL Coetsee,4,0,,,,,,,,,
530345,2011/12,2012-03-07,"Senwes Park, Potchefstroom",2,10.2,Lions,Knights,CH Morris,ND McKenzie,WL Coetsee,6,0,,,,,,,,,
530345,2011/12,2012-03-07,"Senwes Park, Potchefstroom",2,10.3,Lions,Knights,CH Morris,ND McKenzie,WL Coetsee,6,0,,,,,,,,,
530345,2011/12,2012-03-07,"Senwes Park, Potchefstroom",2,10.4,Lions,Knights,CH Morris,ND McKenzie,WL Coetsee,2,0,,,,,,,,,
530345,2011/12,2012-03-07,"Senwes Park, Potchefstroom",2,10.5,Lions,Knights,CH Morris,ND McKenzie,WL Coetsee,1,0,,,,,,,,,
530345,2011/12,2012-03-07,"Senwes Park, Potchefstroom",2,10.6,Lions,Knights,ND McKenzie,CH Morris,WL Coetsee,0,0,,,,,,,,,
530345,2011/12,2012-03-07,"Senwes Park, Potchefstroom",2,11.1,Lions,Knights,CH Morris,ND McKenzie,J Coetzee,1,0,,,,,,,,,
530345,2011/12,2012-03-07,"Senwes Park, Potchefstroom",2,11.2,Lions,Knights,ND McKenzie,CH Morris,J Coetzee,4,0,,,,,,,,,
