match_id,season,start_date,venue,innings,ball,batting_team,bowling_team,striker,non_striker,bowler,runs_off_bat,extras,wides,noballs,byes,legbyes,penalty,wicket_type,player_dismissed,other_wicket_type,other_player_dismissed
530330,2011/12,2012-02-24,"Kingsmead, Durban",1,0.1,Dolphins,Titans,LE Bosman,CS Delport,AC Thomas,0,0,,,,,,,,,
530330,2011/12,2012-02-24,"Kingsmead, Durban",1,0.2,Dolphins,Titans,LE Bosman,CS Delport,AC Thomas,0,0,,,,,,,,,
530330,2011/12,2012-02-24,"Kingsmead, Durban",1,0.3,Dolphins,Titans,LE Bosman,CS Delport,AC Thomas,0,0,,,,,,,,,
530330,2011/12,2012-02-24,"Kingsmead, Durban",1,0.4,Dolphins,Titans,LE Bosman,CS Delport,AC Thomas,1,0,,,,,,,,,
530330,2011/12,2012-02-24,"Kingsmead, Durban",1,0.5,Dolphins,Titans,CS Delport,LE Bosman,AC Thomas,0,0,,,,,,,,,
530330,2011/12,2012-02-24,"Kingsmead, Durban",1,0.6,Dolphins,Titans,CS Delport,LE Bosman,AC Thomas,1,0,,,,,,,,,
530330,2011/12,2012-02-24,"Kingsmead, Durban",1,1.1,Dolphins,Titans,CS Delport,LE Bosman,RR Richards,0,0,,,,,,,,,
530330,2011/12,2012-02-24,"Kingsmead, Durban",1,1.2,Dolphins,Titans,CS Delport,LE Bosman,RR Richards,6,0,,,,,,,,,
530330,2011/12,2012-02-24,"Kingsmead, Durban",1,1.3,Dolphins,Titans,CS Delport,LE Bosman,RR Richards,0,0,,,,,,,,,
530330,2011/12,2012-02-24,"Kingsmead, Durban",1,1.4,Dolphins,Titans,CS Delport,LE Bosman,RR Richards,4,0,,,,,,,,,
530330,2011/12,2012-02-24,"Kingsmead, Durban",1,1.5,Dolphins,Titans,CS Delport,LE Bosman,RR Richards,4,0,,,,,,,,,
530330,2011/12,2012-02-24,"Kingsmead, Durban",1,1.6,Dolphins,Titans,CS Delport,LE Bosman,RR Richards,4,0,,,,,,,,,
530330,2011/12,2012-02-24,"Kingsmead, Durban",1,2.1,Dolphins,Titans,LE Bosman,CS Delport,CJD de Villiers,1,0,,,,,,,,,
530330,2011/12,2012-02-24,"Kingsmead, Durban",1,2.2,Dolphins,Titans,CS Delport,LE Bosman,CJD de Villiers,4,0,,,,,,,,,
530330,2011/12,2012-02-24,"Kingsmead, Durban",1,2.3,Dolphins,Titans,CS Delport,LE Bosman,CJD de Villiers,4,0,,,,,,,,,
530330,2011/12,2012-02-24,"Kingsmead, Durban",1,2.4,Dolphins,Titans,CS Delport,LE Bosman,CJD de Villiers,1,0,,,,,,,,,
530330,2011/12,2012-02-24,"Kingsmead, Durban",1,2.5,Dolphins,Titans,LE Bosman,CS Delport,CJD de Villiers,0,0,,,,,,,,,
530330,2011/12,2012-02-24,"Kingsmead, Durban",1,2.6,Dolphins,Titans,LE Bosman,CS Delport,CJD de Villiers,0,0,,,,,,caught,LE Bosman,,
530330,2011/12,2012-02-24,"Kingsmead, Durban",1,3.1,Dolphins,Titans,I Khan,CS Delport,H Davids,0,0,,,,,,,,,
530330,2011/12,2012-02-24,"Kingsmead, Durban",1,3.2,Dolphins,Titans,I Khan,CS Delport,H Davids,0,0,,,,,,caught,I Khan,,
530330,2011/12,2012-02-24,"Kingsmead, Durban",1,3.3,Dolphins,Titans,CS Delport,C Chetty,H Davids,0,0,,,,,,,,,
530330,2011/12,2012-02-24,"Kingsmead, Durban",1,3.4,Dolphins,Titans,CS Delport,C Chetty,H Davids,6,0,,,,,,,,,
530330,2011/12,2012-02-24,"Kingsmead, Durban",1,3.5,Dolphins,Titans,CS Delport,C Chetty,H Davids,0,0,,,,,,,,,
530330,2011/12,2012-02-24,"Kingsmead, Durban",1,3.6,Dolphins,Titans,CS Delport,C Chetty,H Davids,0,0,,,,,,,,,
530330,2011/12,2012-02-24,"Kingsmead, Durban",1,4.1,Dolphins,Titans,C Chetty,CS Delport,CJD de Villiers,1,0,,,,,,,,,
530330,2011/12,2012-02-24,"Kingsmead, Durban",1,4.2,Dolphins,Titans,CS Delport,C Chetty,CJD de Villiers,4,0,,,,,,,,,
530330,2011/12,2012-02-24,"Kingsmead, Durban",1,4.3,Dolphins,Titans,CS Delport,C Chetty,CJD de Villiers,0,0,,,,,,caught,CS Delport,,
530330,2011/12,2012-02-24,"Kingsmead, Durban",1,4.4,Dolphins,Titans,VB van Jaarsveld,C Chetty,CJD de Villiers,0,0,,,,,,,,,
530330,2011/12,2012-02-24,"Kingsmead, Durban",1,4.5,Dolphins,Titans,VB van Jaarsveld,C Chetty,CJD de Villiers,1,0,,,,,,,,,
530330,2011/12,2012-02-24,"Kingsmead, Durban",1,4.6,Dolphins,Titans,C Chetty,VB van Jaarsveld,CJD de Villiers,1,0,,,,,,,,,
530330,2011/12,2012-02-24,"Kingsmead, Durban",1,5.1,Dolphins,Titans,C Chetty,VB van Jaarsveld,H Davids,0,0,,,,,,,,,
530330,2011/12,2012-02-24,"Kingsmead, Durban",1,5.2,Dolphins,Titans,C Chetty,VB van Jaarsveld,H Davids,2,0,,,,,,,,,
530330,2011/12,2012-02-24,"Kingsmead, Durban",1,5.3,Dolphins,Titans,C Chetty,VB van Jaarsveld,H Davids,1,0,,,,,,,,,
530330,2011/12,2012-02-24,"Kingsmead, Durban",1,5.4,Dolphins,Titans,VB van Jaarsveld,C Chetty,H Davids,1,0,,,,,,,,,
530330,2011/12,2012-02-24,"Kingsmead, Durban",1,5.5,Dolphins,Titans,C Chetty,VB van Jaarsveld,H Davids,0,0,,,,,,,,,
530330,2011/12,2012-02-24,"Kingsmead, Durban",1,5.6,Dolphins,Titans,C Chetty,VB van Jaarsveld,H Davids,0,1,1,,,,,,,,
530330,2011/12,2012-02-24,"Kingsmead, Durban",1,5.7,Dolphins,Titans,C Chetty,VB van Jaarsveld,H Davids,1,0,,,,,,,,,
530330,2011/12,2012-02-24,"Kingsmead, Durban",1,6.1,Dolphins,Titans,C Chetty,VB van Jaarsveld,ER Links,1,0,,,,,,,,,
530330,2011/12,2012-02-24,"Kingsmead, Durban",1,6.2,Dolphins,Titans,VB van Jaarsveld,C Chetty,ER Links,0,0,,,,,,,,,
530330,2011/12,2012-02-24,"Kingsmead, Durban",1,6.3,Dolphins,Titans,VB van Jaarsveld,C Chetty,ER Links,0,0,,,,,,,,,
530330,2011/12,2012-02-24,"Kingsmead, Durban",1,6.4,Dolphins,Titans,VB van Jaarsveld,C Chetty,ER Links,1,0,,,,,,,,,
530330,2011/12,2012-02-24,"Kingsmead, Durban",1,6.5,Dolphins,Titans,C Chetty,VB van Jaarsveld,ER Links,0,0,,,,,,run out,VB van Jaarsveld,,
530330,2011/12,2012-02-24,"Kingsmead, Durban",1,6.6,Dolphins,Titans,DA Miller,C Chetty,ER Links,1,0,,,,,,,,,
530330,2011/12,2012-02-24,"Kingsmead, Durban",1,7.1,Dolphins,Titans,DA Miller,C Chetty,RE van der Merwe,0,1,,,,1,,,,,
530330,2011/12,2012-02-24,"Kingsmead, Durban",1,7.2,Dolphins,Titans,C Chetty,DA Miller,RE van der Merwe,0,0,,,,,,,,,
530330,2011/12,2012-02-24,"Kingsmead, Durban",1,7.3,Dolphins,Titans,C Chetty,DA Miller,RE van der Merwe,1,0,,,,,,,,,
530330,2011/12,2012-02-24,"Kingsmead, Durban",1,7.4,Dolphins,Titans,DA Miller,C Chetty,RE van der Merwe,1,0,,,,,,,,,
530330,2011/12,2012-02-24,"Kingsmead, Durban",1,7.5,Dolphins,Titans,C Chetty,DA Miller,RE van der Merwe,4,0,,,,,,,,,
530330,2011/12,2012-02-24,"Kingsmead, Durban",1,7.6,Dolphins,Titans,C Chetty,DA Miller,RE van der Merwe,0,0,,,,,,,,,
530330,2011/12,2012-02-24,"Kingsmead, Durban",1,8.1,Dolphins,Titans,DA Miller,C Chetty,ER Links,1,0,,,,,,,,,
530330,2011/12,2012-02-24,"Kingsmead, Durban",1,8.2,Dolphins,Titans,C Chetty,DA Miller,ER Links,1,0,,,,,,,,,
530330,2011/12,2012-02-24,"Kingsmead, Durban",1,8.3,Dolphins,Titans,DA Miller,C Chetty,ER Links,1,0,,,,,,,,,
530330,2011/12,2012-02-24,"Kingsmead, Durban",1,8.4,Dolphins,Titans,C Chetty,DA Miller,ER Links,1,0,,,,,,,,,
530330,2011/12,2012-02-24,"Kingsmead, Durban",1,8.5,Dolphins,Titans,DA Miller,C Chetty,ER Links,0,0,,,,,,,,,
530330,2011/12,2012-02-24,"Kingsmead, Durban",1,8.6,Dolphins,Titans,DA Miller,C Chetty,ER Links,1,0,,,,,,,,,
530330,2011/12,2012-02-24,"Kingsmead, Durban",1,9.1,Dolphins,Titans,DA Miller,C Chetty,RE van der Merwe,0,0,,,,,,,,,
530330,2011/12,2012-02-24,"Kingsmead, Durban",1,9.2,Dolphins,Titans,DA Miller,C Chetty,RE van der Merwe,0,0,,,,,,,,,
530330,2011/12,2012-02-24,"Kingsmead, Durban",1,9.3,Dolphins,Titans,DA Miller,C Chetty,RE van der Merwe,1,0,,,,,,,,,
530330,2011/12,2012-02-24,"Kingsmead, Durban",1,9.4,Dolphins,Titans,C Chetty,DA Miller,RE van der Merwe,1,0,,,,,,,,,
530330,2011/12,2012-02-24,"Kingsmead, Durban",1,9.5,Dolphins,Titans,DA Miller,C Chetty,RE van der Merwe,1,0,,,,,,,,,
530330,2011/12,2012-02-24,"Kingsmead, Durban",1,9.6,Dolphins,Titans,C Chetty,DA Miller,RE van der Merwe,0,0,,,,,,,,,
530330,2011/12,2012-02-24,"Kingsmead, Durban",1,10.1,Dolphins,Titans,DA Miller,C Chetty,AC Thomas,1,0,,,,,,,,,
530330,2011/12,2012-02-24,"Kingsmead, Durban",1,10.2,Dolphins,Titans,C Chetty,DA Miller,AC Thomas,0,0,,,,,,,,,
530330,2011/12,2012-02-24,"Kingsmead, Durban",1,10.3,Dolphins,Titans,C Chetty,DA Miller,AC Thomas,1,0,,,,,,,,,
530330,2011/12,2012-02-24,"Kingsmead, Durban",1,10.4,Dolphins,Titans,DA Miller,C Chetty,AC Thomas,0,0,,,,,,,,,
530330,2011/12,2012-02-24,"Kingsmead, Durban",1,10.5,Dolphins,Titans,DA Miller,C Chetty,AC Thomas,2,0,,,,,,,,,
530330,2011/12,2012-02-24,"Kingsmead, Durban",1,10.6,Dolphins,Titans,DA Miller,C Chetty,AC Thomas,2,0,,,,,,,,,
530330,2011/12,2012-02-24,"Kingsmead, Durban",1,11.1,Dolphins,Titans,C Chetty,DA Miller,H Davids,1,0,,,,,,,,,
530330,2011/12,2012-02-24,"Kingsmead, Durban",1,11.2,Dolphins,Titans,DA Miller,C Chetty,H Davids,4,0,,,,,,,,,
530330,2011/12,2012-02-24,"Kingsmead, Durban",1,11.3,Dolphins,Titans,DA Miller,C Chetty,H Davids,2,0,,,,,,,,,
530330,2011/12,2012-02-24,"Kingsmead, Durban",1,11.4,Dolphins,Titans,DA Miller,C Chetty,H Davids,0,0,,,,,,,,,
530330,2011/12,2012-02-24,"Kingsmead, Durban",1,11.5,Dolphins,Titans,DA Miller,C Chetty,H Davids,1,0,,,,,,,,,
530330,2011/12,2012-02-24,"Kingsmead, Durban",1,11.6,Dolphins,Titans,C Chetty,DA Miller,H Davids,2,0,,,,,,,,,
530330,2011/12,2012-02-24,"Kingsmead, Durban",1,12.1,Dolphins,Titans,DA Miller,C Chetty,ER Links,0,0,,,,,,,,,
530330,2011/12,2012-02-24,"Kingsmead, Durban",1,12.2,Dolphins,Titans,DA Miller,C Chetty,ER Links,0,0,,,,,,,,,
530330,2011/12,2012-02-24,"Kingsmead, Durban",1,12.3,Dolphins,Titans,DA Miller,C Chetty,ER Links,1,0,,,,,,,,,
530330,2011/12,2012-02-24,"Kingsmead, Durban",1,12.4,Dolphins,Titans,C Chetty,DA Miller,ER Links,1,0,,,,,,,,,
530330,2011/12,2012-02-24,"Kingsmead, Durban",1,12.5,Dolphins,Titans,DA Miller,C Chetty,ER Links,0,0,,,,,,,,,
530330,2011/12,2012-02-24,"Kingsmead, Durban",1,12.6,Dolphins,Titans,DA Miller,C Chetty,ER Links,0,0,,,,,,,,,
530330,2011/12,2012-02-24,"Kingsmead, Durban",1,13.1,Dolphins,Titans,C Chetty,DA Miller,RE van der Merwe,4,0,,,,,,,,,
530330,2011/12,2012-02-24,"Kingsmead, Durban",1,13.2,Dolphins,Titans,C Chetty,DA Miller,RE van der Merwe,2,0,,,,,,,,,
530330,2011/12,2012-02-24,"Kingsmead, Durban",1,13.3,Dolphins,Titans,C Chetty,DA Miller,RE van der Merwe,1,0,,,,,,,,,
530330,2011/12,2012-02-24,"Kingsmead, Durban",1,13.4,Dolphins,Titans,DA Miller,C Chetty,RE van der Merwe,0,0,,,,,,,,,
530330,2011/12,2012-02-24,"Kingsmead, Durban",1,13.5,Dolphins,Titans,DA Miller,C Chetty,RE van der Merwe,1,0,,,,,,,,,
530330,2011/12,2012-02-24,"Kingsmead, Durban",1,13.6,Dolphins,Titans,C Chetty,DA Miller,RE van der Merwe,1,0,,,,,,,,,
530330,2011/12,2012-02-24,"Kingsmead, Durban",1,14.1,Dolphins,Titans,C Chetty,DA Miller,ER Links,4,0,,,,,,,,,
530330,2011/12,2012-02-24,"Kingsmead, Durban",1,14.2,Dolphins,Titans,C Chetty,DA Miller,ER Links,6,0,,,,,,,,,
530330,2011/12,2012-02-24,"Kingsmead, Durban",1,14.3,Dolphins,Titans,C Chetty,DA Miller,ER Links,0,0,,,,,,,,,
530330,2011/12,2012-02-24,"Kingsmead, Durban",1,14.4,Dolphins,Titans,C Chetty,DA Miller,ER Links,0,0,,,,,,,,,
530330,2011/12,2012-02-24,"Kingsmead, Durban",1,14.5,Dolphins,Titans,C Chetty,DA Miller,ER Links,1,0,,,,,,,,,
530330,2011/12,2012-02-24,"Kingsmead, Durban",1,14.6,Dolphins,Titans,DA Miller,C Chetty,ER Links,4,0,,,,,,,,,
530330,2011/12,2012-02-24,"Kingsmead, Durban",1,15.1,Dolphins,Titans,C Chetty,DA Miller,CJD de Villiers,0,1,1,,,,,,,,
530330,2011/12,2012-02-24,"Kingsmead, Durban",1,15.2,Dolphins,Titans,C Chetty,DA Miller,CJD de Villiers,6,0,,,,,,,,,
530330,2011/12,2012-02-24,"Kingsmead, Durban",1,15.3,Dolphins,Titans,C Chetty,DA Miller,CJD de Villiers,0,0,,,,,,,,,
530330,2011/12,2012-02-24,"Kingsmead, Durban",1,15.4,Dolphins,Titans,C Chetty,DA Miller,CJD de Villiers,1,0,,,,,,,,,
530330,2011/12,2012-02-24,"Kingsmead, Durban",1,15.5,Dolphins,Titans,DA Miller,C Chetty,CJD de Villiers,0,1,1,,,,,,,,
530330,2011/12,2012-02-24,"Kingsmead, Durban",1,15.6,Dolphins,Titans,DA Miller,C Chetty,CJD de Villiers,1,0,,,,,,,,,
530330,2011/12,2012-02-24,"Kingsmead, Durban",1,15.7,Dolphins,Titans,C Chetty,DA Miller,CJD de Villiers,0,0,,,,,,,,,
530330,2011/12,2012-02-24,"Kingsmead, Durban",1,15.8,Dolphins,Titans,C Chetty,DA Miller,CJD de Villiers,1,0,,,,,,,,,
530330,2011/12,2012-02-24,"Kingsmead, Durban",1,16.1,Dolphins,Titans,C Chetty,DA Miller,RR Richards,1,1,,1,,,,,,,
530330,2011/12,2012-02-24,"Kingsmead, Durban",1,16.2,Dolphins,Titans,DA Miller,C Chetty,RR Richards,1,0,,,,,,,,,
530330,2011/12,2012-02-24,"Kingsmead, Durban",1,16.3,Dolphins,Titans,C Chetty,DA Miller,RR Richards,0,0,,,,,,,,,
530330,2011/12,2012-02-24,"Kingsmead, Durban",1,16.4,Dolphins,Titans,C Chetty,DA Miller,RR Richards,4,0,,,,,,,,,
530330,2011/12,2012-02-24,"Kingsmead, Durban",1,16.5,Dolphins,Titans,C Chetty,DA Miller,RR Richards,1,0,,,,,,,,,
530330,2011/12,2012-02-24,"Kingsmead, Durban",1,16.6,Dolphins,Titans,DA Miller,C Chetty,RR Richards,1,0,,,,,,,,,
530330,2011/12,2012-02-24,"Kingsmead, Durban",1,16.7,Dolphins,Titans,C Chetty,DA Miller,RR Richards,0,1,,,,1,,,,,
530330,2011/12,2012-02-24,"Kingsmead, Durban",1,17.1,Dolphins,Titans,C Chetty,DA Miller,AC Thomas,0,1,1,,,,,,,,
530330,2011/12,2012-02-24,"Kingsmead, Durban",1,17.2,Dolphins,Titans,C Chetty,DA Miller,AC Thomas,2,0,,,,,,,,,
530330,2011/12,2012-02-24,"Kingsmead, Durban",1,17.3,Dolphins,Titans,C Chetty,DA Miller,AC Thomas,1,0,,,,,,,,,
530330,2011/12,2012-02-24,"Kingsmead, Durban",1,17.4,Dolphins,Titans,DA Miller,C Chetty,AC Thomas,1,0,,,,,,,,,
530330,2011/12,2012-02-24,"Kingsmead, Durban",1,17.5,Dolphins,Titans,C Chetty,DA Miller,AC Thomas,1,0,,,,,,,,,
530330,2011/12,2012-02-24,"Kingsmead, Durban",1,17.6,Dolphins,Titans,DA Miller,C Chetty,AC Thomas,1,0,,,,,,,,,
530330,2011/12,2012-02-24,"Kingsmead, Durban",1,17.7,Dolphins,Titans,C Chetty,DA Miller,AC Thomas,1,0,,,,,,,,,
530330,2011/12,2012-02-24,"Kingsmead, Durban",1,18.1,Dolphins,Titans,C Chetty,DA Miller,CJD de Villiers,0,1,,,,1,,,,,
530330,2011/12,2012-02-24,"Kingsmead, Durban",1,18.2,Dolphins,Titans,DA Miller,C Chetty,CJD de Villiers,2,0,,,,,,,,,
530330,2011/12,2012-02-24,"Kingsmead, Durban",1,18.3,Dolphins,Titans,DA Miller,C Chetty,CJD de Villiers,0,0,,,,,,,,,
530330,2011/12,2012-02-24,"Kingsmead, Durban",1,18.4,Dolphins,Titans,DA Miller,C Chetty,CJD de Villiers,6,0,,,,,,,,,
530330,2011/12,2012-02-24,"Kingsmead, Durban",1,18.5,Dolphins,Titans,DA Miller,C Chetty,CJD de Villiers,0,0,,,,,,,,,
530330,2011/12,2012-02-24,"Kingsmead, Durban",1,18.6,Dolphins,Titans,DA Miller,C Chetty,CJD de Villiers,6,0,,,,,,,,,
530330,2011/12,2012-02-24,"Kingsmead, Durban",1,19.1,Dolphins,Titans,C Chetty,DA Miller,AC Thomas,1,0,,,,,,,,,
530330,2011/12,2012-02-24,"Kingsmead, Durban",1,19.2,Dolphins,Titans,DA Miller,C Chetty,AC Thomas,0,4,,,,4,,,,,
530330,2011/12,2012-02-24,"Kingsmead, Durban",1,19.3,Dolphins,Titans,DA Miller,C Chetty,AC Thomas,0,4,,,,4,,,,,
530330,2011/12,2012-02-24,"Kingsmead, Durban",1,19.4,Dolphins,Titans,DA Miller,C Chetty,AC Thomas,0,1,,,,1,,,,,
530330,2011/12,2012-02-24,"Kingsmead, Durban",1,19.5,Dolphins,Titans,C Chetty,DA Miller,AC Thomas,4,0,,,,,,,,,
530330,2011/12,2012-02-24,"Kingsmead, Durban",1,19.6,Dolphins,Titans,C Chetty,DA Miller,AC Thomas,0,0,,,,,,bowled,C Chetty,,
530330,2011/12,2012-02-24,"Kingsmead, Durban",2,0.1,Titans,Dolphins,H Davids,JA Rudolph,M Shezi,1,0,,,,,,,,,
530330,2011/12,2012-02-24,"Kingsmead, Durban",2,0.2,Titans,Dolphins,JA Rudolph,H Davids,M Shezi,1,0,,,,,,,,,
530330,2011/12,2012-02-24,"Kingsmead, Durban",2,0.3,Titans,Dolphins,H Davids,JA Rudolph,M Shezi,0,0,,,,,,caught,H Davids,,
530330,2011/12,2012-02-24,"Kingsmead, Durban",2,0.4,Titans,Dolphins,HG Kuhn,JA Rudolph,M Shezi,4,0,,,,,,,,,
530330,2011/12,2012-02-24,"Kingsmead, Durban",2,0.5,Titans,Dolphins,HG Kuhn,JA Rudolph,M Shezi,0,0,,,,,,,,,
530330,2011/12,2012-02-24,"Kingsmead, Durban",2,0.6,Titans,Dolphins,HG Kuhn,JA Rudolph,M Shezi,1,0,,,,,,,,,
530330,2011/12,2012-02-24,"Kingsmead, Durban",2,1.1,Titans,Dolphins,HG Kuhn,JA Rudolph,KJ Abbott,4,0,,,,,,,,,
530330,2011/12,2012-02-24,"Kingsmead, Durban",2,1.2,Titans,Dolphins,HG Kuhn,JA Rudolph,KJ Abbott,1,0,,,,,,,,,
530330,2011/12,2012-02-24,"Kingsmead, Durban",2,1.3,Titans,Dolphins,JA Rudolph,HG Kuhn,KJ Abbott,0,0,,,,,,,,,
530330,2011/12,2012-02-24,"Kingsmead, Durban",2,1.4,Titans,Dolphins,JA Rudolph,HG Kuhn,KJ Abbott,1,0,,,,,,,,,
530330,2011/12,2012-02-24,"Kingsmead, Durban",2,1.5,Titans,Dolphins,HG Kuhn,JA Rudolph,KJ Abbott,1,0,,,,,,,,,
530330,2011/12,2012-02-24,"Kingsmead, Durban",2,1.6,Titans,Dolphins,JA Rudolph,HG Kuhn,KJ Abbott,1,0,,,,,,,,,
530330,2011/12,2012-02-24,"Kingsmead, Durban",2,2.1,Titans,Dolphins,JA Rudolph,HG Kuhn,M Shezi,4,0,,,,,,,,,
530330,2011/12,2012-02-24,"Kingsmead, Durban",2,2.2,Titans,Dolphins,JA Rudolph,HG Kuhn,M Shezi,0,0,,,,,,,,,
530330,2011/12,2012-02-24,"Kingsmead, Durban",2,2.3,Titans,Dolphins,JA Rudolph,HG Kuhn,M Shezi,2,0,,,,,,,,,
530330,2011/12,2012-02-24,"Kingsmead, Durban",2,2.4,Titans,Dolphins,JA Rudolph,HG Kuhn,M Shezi,4,0,,,,,,,,,
530330,2011/12,2012-02-24,"Kingsmead, Durban",2,2.5,Titans,Dolphins,JA Rudolph,HG Kuhn,M Shezi,1,0,,,,,,,,,
530330,2011/12,2012-02-24,"Kingsmead, Durban",2,2.6,Titans,Dolphins,HG Kuhn,JA Rudolph,M Shezi,1,0,,,,,,,,,
530330,2011/12,2012-02-24,"Kingsmead, Durban",2,3.1,Titans,Dolphins,HG Kuhn,JA Rudolph,KJ Abbott,4,0,,,,,,,,,
530330,2011/12,2012-02-24,"Kingsmead, Durban",2,3.2,Titans,Dolphins,HG Kuhn,JA Rudolph,KJ Abbott,1,0,,,,,,,,,
530330,2011/12,2012-02-24,"Kingsmead, Durban",2,3.3,Titans,Dolphins,JA Rudolph,HG Kuhn,KJ Abbott,0,0,,,,,,,,,
530330,2011/12,2012-02-24,"Kingsmead, Durban",2,3.4,Titans,Dolphins,JA Rudolph,HG Kuhn,KJ Abbott,1,0,,,,,,,,,
530330,2011/12,2012-02-24,"Kingsmead, Durban",2,3.5,Titans,Dolphins,HG Kuhn,JA Rudolph,KJ Abbott,1,0,,,,,,,,,
530330,2011/12,2012-02-24,"Kingsmead, Durban",2,3.6,Titans,Dolphins,JA Rudolph,HG Kuhn,KJ Abbott,0,0,,,,,,,,,
530330,2011/12,2012-02-24,"Kingsmead, Durban",2,4.1,Titans,Dolphins,HG Kuhn,JA Rudolph,R Frylinck,0,0,,,,,,,,,
530330,2011/12,2012-02-24,"Kingsmead, Durban",2,4.2,Titans,Dolphins,HG Kuhn,JA Rudolph,R Frylinck,6,0,,,,,,,,,
530330,2011/12,2012-02-24,"Kingsmead, Durban",2,4.3,Titans,Dolphins,HG Kuhn,JA Rudolph,R Frylinck,0,0,,,,,,,,,
530330,2011/12,2012-02-24,"Kingsmead, Durban",2,4.4,Titans,Dolphins,HG Kuhn,JA Rudolph,R Frylinck,0,1,,,,1,,,,,
530330,2011/12,2012-02-24,"Kingsmead, Durban",2,4.5,Titans,Dolphins,JA Rudolph,HG Kuhn,R Frylinck,0,0,,,,,,,,,
530330,2011/12,2012-02-24,"Kingsmead, Durban",2,4.6,Titans,Dolphins,JA Rudolph,HG Kuhn,R Frylinck,1,0,,,,,,,,,
530330,2011/12,2012-02-24,"Kingsmead, Durban",2,5.1,Titans,Dolphins,JA Rudolph,HG Kuhn,M Shezi,0,0,,,,,,,,,
530330,2011/12,2012-02-24,"Kingsmead, Durban",2,5.2,Titans,Dolphins,JA Rudolph,HG Kuhn,M Shezi,1,0,,,,,,,,,
530330,2011/12,2012-02-24,"Kingsmead, Durban",2,5.3,Titans,Dolphins,HG Kuhn,JA Rudolph,M Shezi,0,0,,,,,,,,,
530330,2011/12,2012-02-24,"Kingsmead, Durban",2,5.4,Titans,Dolphins,HG Kuhn,JA Rudolph,M Shezi,0,2,,,,2,,,,,
530330,2011/12,2012-02-24,"Kingsmead, Durban",2,5.5,Titans,Dolphins,HG Kuhn,JA Rudolph,M Shezi,4,0,,,,,,,,,
530330,2011/12,2012-02-24,"Kingsmead, Durban",2,5.6,Titans,Dolphins,HG Kuhn,JA Rudolph,M Shezi,3,0,,,,,,,,,
530330,2011/12,2012-02-24,"Kingsmead, Durban",2,6.1,Titans,Dolphins,HG Kuhn,JA Rudolph,CS Delport,1,0,,,,,,,,,
530330,2011/12,2012-02-24,"Kingsmead, Durban",2,6.2,Titans,Dolphins,JA Rudolph,HG Kuhn,CS Delport,1,0,,,,,,,,,
530330,2011/12,2012-02-24,"Kingsmead, Durban",2,6.3,Titans,Dolphins,HG Kuhn,JA Rudolph,CS Delport,0,0,,,,,,,,,
530330,2011/12,2012-02-24,"Kingsmead, Durban",2,6.4,Titans,Dolphins,HG Kuhn,JA Rudolph,CS Delport,1,0,,,,,,,,,
530330,2011/12,2012-02-24,"Kingsmead, Durban",2,6.5,Titans,Dolphins,JA Rudolph,HG Kuhn,CS Delport,1,0,,,,,,,,,
530330,2011/12,2012-02-24,"Kingsmead, Durban",2,6.6,Titans,Dolphins,HG Kuhn,JA Rudolph,CS Delport,0,0,,,,,,,,,
530330,2011/12,2012-02-24,"Kingsmead, Durban",2,7.1,Titans,Dolphins,JA Rudolph,HG Kuhn,Imran Tahir,0,0,,,,,,,,,
530330,2011/12,2012-02-24,"Kingsmead, Durban",2,7.2,Titans,Dolphins,JA Rudolph,HG Kuhn,Imran Tahir,0,0,,,,,,,,,
530330,2011/12,2012-02-24,"Kingsmead, Durban",2,7.3,Titans,Dolphins,JA Rudolph,HG Kuhn,Imran Tahir,1,0,,,,,,,,,
530330,2011/12,2012-02-24,"Kingsmead, Durban",2,7.4,Titans,Dolphins,HG Kuhn,JA Rudolph,Imran Tahir,0,0,,,,,,,,,
530330,2011/12,2012-02-24,"Kingsmead, Durban",2,7.5,Titans,Dolphins,HG Kuhn,JA Rudolph,Imran Tahir,0,1,,,,1,,,,,
530330,2011/12,2012-02-24,"Kingsmead, Durban",2,7.6,Titans,Dolphins,JA Rudolph,HG Kuhn,Imran Tahir,0,0,,,,,,,,,
530330,2011/12,2012-02-24,"Kingsmead, Durban",2,8.1,Titans,Dolphins,HG Kuhn,JA Rudolph,CS Delport,6,0,,,,,,,,,
530330,2011/12,2012-02-24,"Kingsmead, Durban",2,8.2,Titans,Dolphins,HG Kuhn,JA Rudolph,CS Delport,0,0,,,,,,,,,
530330,2011/12,2012-02-24,"Kingsmead, Durban",2,8.3,Titans,Dolphins,HG Kuhn,JA Rudolph,CS Delport,0,0,,,,,,caught,HG Kuhn,,
530330,2011/12,2012-02-24,"Kingsmead, Durban",2,8.4,Titans,Dolphins,JA Rudolph,M van Jaarsveld,CS Delport,1,0,,,,,,,,,
530330,2011/12,2012-02-24,"Kingsmead, Durban",2,8.5,Titans,Dolphins,M van Jaarsveld,JA Rudolph,CS Delport,1,0,,,,,,,,,
530330,2011/12,2012-02-24,"Kingsmead, Durban",2,8.6,Titans,Dolphins,JA Rudolph,M van Jaarsveld,CS Delport,1,0,,,,,,,,,
530330,2011/12,2012-02-24,"Kingsmead, Durban",2,9.1,Titans,Dolphins,JA Rudolph,M van Jaarsveld,Imran Tahir,1,0,,,,,,,,,
530330,2011/12,2012-02-24,"Kingsmead, Durban",2,9.2,Titans,Dolphins,M van Jaarsveld,JA Rudolph,Imran Tahir,1,0,,,,,,,,,
530330,2011/12,2012-02-24,"Kingsmead, Durban",2,9.3,Titans,Dolphins,JA Rudolph,M van Jaarsveld,Imran Tahir,1,0,,,,,,,,,
530330,2011/12,2012-02-24,"Kingsmead, Durban",2,9.4,Titans,Dolphins,M van Jaarsveld,JA Rudolph,Imran Tahir,1,0,,,,,,,,,
530330,2011/12,2012-02-24,"Kingsmead, Durban",2,9.5,Titans,Dolphins,JA Rudolph,M van Jaarsveld,Imran Tahir,1,0,,,,,,,,,
530330,2011/12,2012-02-24,"Kingsmead, Durban",2,9.6,Titans,Dolphins,M van Jaarsveld,JA Rudolph,Imran Tahir,1,0,,,,,,,,,
530330,2011/12,2012-02-24,"Kingsmead, Durban",2,10.1,Titans,Dolphins,M van Jaarsveld,JA Rudolph,CS Delport,1,0,,,,,,,,,
530330,2011/12,2012-02-24,"Kingsmead, Durban",2,10.2,Titans,Dolphins,JA Rudolph,M van Jaarsveld,CS Delport,0,1,1,,,,,,,,
530330,2011/12,2012-02-24,"Kingsmead, Durban",2,10.3,Titans,Dolphins,JA Rudolph,M van Jaarsveld,CS Delport,1,0,,,,,,,,,
530330,2011/12,2012-02-24,"Kingsmead, Durban",2,10.4,Titans,Dolphins,M van Jaarsveld,JA Rudolph,CS Delport,0,0,,,,,,,,,
530330,2011/12,2012-02-24,"Kingsmead, Durban",2,10.5,Titans,Dolphins,M van Jaarsveld,JA Rudolph,CS Delport,1,0,,,,,,,,,
530330,2011/12,2012-02-24,"Kingsmead, Durban",2,10.6,Titans,Dolphins,JA Rudolph,M van Jaarsveld,CS Delport,1,0,,,,,,,,,
530330,2011/12,2012-02-24,"Kingsmead, Durban",2,10.7,Titans,Dolphins,M van Jaarsveld,JA Rudolph,CS Delport,1,0,,,,,,,,,
530330,2011/12,2012-02-24,"Kingsmead, Durban",2,11.1,Titans,Dolphins,M van Jaarsveld,JA Rudolph,R Frylinck,0,1,,,1,,,,,,
530330,2011/12,2012-02-24,"Kingsmead, Durban",2,11.2,Titans,Dolphins,JA Rudolph,M van Jaarsveld,R Frylinck,0,0,,,,,,,,,
530330,2011/12,2012-02-24,"Kingsmead, Durban",2,11.3,Titans,Dolphins,JA Rudolph,M van Jaarsveld,R Frylinck,1,0,,,,,,,,,
530330,2011/12,2012-02-24,"Kingsmead, Durban",2,11.4,Titans,Dolphins,M van Jaarsveld,JA Rudolph,R Frylinck,4,0,,,,,,,,,
530330,2011/12,2012-02-24,"Kingsmead, Durban",2,11.5,Titans,Dolphins,M van Jaarsveld,JA Rudolph,R Frylinck,1,0,,,,,,,,,
530330,2011/12,2012-02-24,"Kingsmead, Durban",2,11.6,Titans,Dolphins,JA Rudolph,M van Jaarsveld,R Frylinck,1,0,,,,,,,,,
530330,2011/12,2012-02-24,"Kingsmead, Durban",2,12.1,Titans,Dolphins,JA Rudolph,M van Jaarsveld,CS Delport,4,0,,,,,,,,,
530330,2011/12,2012-02-24,"Kingsmead, Durban",2,12.2,Titans,Dolphins,JA Rudolph,M van Jaarsveld,CS Delport,1,0,,,,,,,,,
530330,2011/12,2012-02-24,"Kingsmead, Durban",2,12.3,Titans,Dolphins,M van Jaarsveld,JA Rudolph,CS Delport,4,0,,,,,,,,,
530330,2011/12,2012-02-24,"Kingsmead, Durban",2,12.4,Titans,Dolphins,M van Jaarsveld,JA Rudolph,CS Delport,6,0,,,,,,,,,
530330,2011/12,2012-02-24,"Kingsmead, Durban",2,12.5,Titans,Dolphins,M van Jaarsveld,JA Rudolph,CS Delport,2,0,,,,,,,,,
530330,2011/12,2012-02-24,"Kingsmead, Durban",2,12.6,Titans,Dolphins,M van Jaarsveld,JA Rudolph,CS Delport,6,0,,,,,,,,,
530330,2011/12,2012-02-24,"Kingsmead, Durban",2,13.1,Titans,Dolphins,JA Rudolph,M van Jaarsveld,Imran Tahir,1,0,,,,,,,,,
530330,2011/12,2012-02-24,"Kingsmead, Durban",2,13.2,Titans,Dolphins,M van Jaarsveld,JA Rudolph,Imran Tahir,0,1,,,,1,,,,,
530330,2011/12,2012-02-24,"Kingsmead, Durban",2,13.3,Titans,Dolphins,JA Rudolph,M van Jaarsveld,Imran Tahir,6,0,,,,,,,,,
530330,2011/12,2012-02-24,"Kingsmead, Durban",2,13.4,Titans,Dolphins,JA Rudolph,M van Jaarsveld,Imran Tahir,1,0,,,,,,,,,
530330,2011/12,2012-02-24,"Kingsmead, Durban",2,13.5,Titans,Dolphins,M van Jaarsveld,JA Rudolph,Imran Tahir,1,0,,,,,,,,,
530330,2011/12,2012-02-24,"Kingsmead, Durban",2,13.6,Titans,Dolphins,JA Rudolph,M van Jaarsveld,Imran Tahir,0,0,,,,,,,,,
530330,2011/12,2012-02-24,"Kingsmead, Durban",2,14.1,Titans,Dolphins,M van Jaarsveld,JA Rudolph,R Frylinck,0,0,,,,,,bowled,M van Jaarsveld,,
530330,2011/12,2012-02-24,"Kingsmead, Durban",2,14.2,Titans,Dolphins,F Behardien,JA Rudolph,R Frylinck,1,0,,,,,,,,,
530330,2011/12,2012-02-24,"Kingsmead, Durban",2,14.3,Titans,Dolphins,JA Rudolph,F Behardien,R Frylinck,1,0,,,,,,,,,
530330,2011/12,2012-02-24,"Kingsmead, Durban",2,14.4,Titans,Dolphins,F Behardien,JA Rudolph,R Frylinck,0,0,,,,,,,,,
530330,2011/12,2012-02-24,"Kingsmead, Durban",2,14.5,Titans,Dolphins,F Behardien,JA Rudolph,R Frylinck,0,1,1,,,,,,,,
530330,2011/12,2012-02-24,"Kingsmead, Durban",2,14.6,Titans,Dolphins,F Behardien,JA Rudolph,R Frylinck,1,0,,,,,,,,,
530330,2011/12,2012-02-24,"Kingsmead, Durban",2,14.7,Titans,Dolphins,JA Rudolph,F Behardien,R Frylinck,0,0,,,,,,,,,
530330,2011/12,2012-02-24,"Kingsmead, Durban",2,15.1,Titans,Dolphins,F Behardien,JA Rudolph,M Shezi,0,0,,,,,,,,,
530330,2011/12,2012-02-24,"Kingsmead, Durban",2,15.2,Titans,Dolphins,F Behardien,JA Rudolph,M Shezi,2,0,,,,,,,,,
530330,2011/12,2012-02-24,"Kingsmead, Durban",2,15.3,Titans,Dolphins,F Behardien,JA Rudolph,M Shezi,1,0,,,,,,,,,
530330,2011/12,2012-02-24,"Kingsmead, Durban",2,15.4,Titans,Dolphins,JA Rudolph,F Behardien,M Shezi,0,0,,,,,,,,,
530330,2011/12,2012-02-24,"Kingsmead, Durban",2,15.5,Titans,Dolphins,JA Rudolph,F Behardien,M Shezi,1,0,,,,,,,,,
530330,2011/12,2012-02-24,"Kingsmead, Durban",2,15.6,Titans,Dolphins,F Behardien,JA Rudolph,M Shezi,1,0,,,,,,,,,
530330,2011/12,2012-02-24,"Kingsmead, Durban",2,16.1,Titans,Dolphins,F Behardien,JA Rudolph,KJ Abbott,0,0,,,,,,caught,F Behardien,,
530330,2011/12,2012-02-24,"Kingsmead, Durban",2,16.2,Titans,Dolphins,JA Rudolph,D Wiese,KJ Abbott,0,0,,,,,,,,,
530330,2011/12,2012-02-24,"Kingsmead, Durban",2,16.3,Titans,Dolphins,JA Rudolph,D Wiese,KJ Abbott,1,0,,,,,,,,,
530330,2011/12,2012-02-24,"Kingsmead, Durban",2,16.4,Titans,Dolphins,D Wiese,JA Rudolph,KJ Abbott,2,0,,,,,,,,,
530330,2011/12,2012-02-24,"Kingsmead, Durban",2,16.5,Titans,Dolphins,D Wiese,JA Rudolph,KJ Abbott,1,0,,,,,,,,,
530330,2011/12,2012-02-24,"Kingsmead, Durban",2,16.6,Titans,Dolphins,JA Rudolph,D Wiese,KJ Abbott,0,0,,,,,,,,,
530330,2011/12,2012-02-24,"Kingsmead, Durban",2,17.1,Titans,Dolphins,D Wiese,JA Rudolph,Imran Tahir,4,0,,,,,,,,,
530330,2011/12,2012-02-24,"Kingsmead, Durban",2,17.2,Titans,Dolphins,D Wiese,JA Rudolph,Imran Tahir,4,0,,,,,,,,,
530330,2011/12,2012-02-24,"Kingsmead, Durban",2,17.3,Titans,Dolphins,D Wiese,JA Rudolph,Imran Tahir,6,0,,,,,,,,,
530330,2011/12,2012-02-24,"Kingsmead, Durban",2,17.4,Titans,Dolphins,D Wiese,JA Rudolph,Imran Tahir,1,0,,,,,,,,,
530330,2011/12,2012-02-24,"Kingsmead, Durban",2,17.5,Titans,Dolphins,JA Rudolph,D Wiese,Imran Tahir,2,0,,,,,,,,,
530330,2011/12,2012-02-24,"Kingsmead, Durban",2,17.6,Titans,Dolphins,JA Rudolph,D Wiese,Imran Tahir,2,0,,,,,,,,,
530330,2011/12,2012-02-24,"Kingsmead, Durban",2,18.1,Titans,Dolphins,D Wiese,JA Rudolph,KJ Abbott,1,0,,,,,,,,,
530330,2011/12,2012-02-24,"Kingsmead, Durban",2,18.2,Titans,Dolphins,JA Rudolph,D Wiese,KJ Abbott,1,0,,,,,,,,,
530330,2011/12,2012-02-24,"Kingsmead, Durban",2,18.3,Titans,Dolphins,D Wiese,JA Rudolph,KJ Abbott,0,0,,,,,,,,,
530330,2011/12,2012-02-24,"Kingsmead, Durban",2,18.4,Titans,Dolphins,D Wiese,JA Rudolph,KJ Abbott,1,0,,,,,,,,,
530330,2011/12,2012-02-24,"Kingsmead, Durban",2,18.5,Titans,Dolphins,JA Rudolph,D Wiese,KJ Abbott,1,0,,,,,,,,,
530330,2011/12,2012-02-24,"Kingsmead, Durban",2,18.6,Titans,Dolphins,JA Rudolph,D Wiese,KJ Abbott,2,0,,,,,,,,,
530330,2011/12,2012-02-24,"Kingsmead, Durban",2,19.1,Titans,Dolphins,D Wiese,JA Rudolph,R Frylinck,1,0,,,,,,,,,
530330,2011/12,2012-02-24,"Kingsmead, Durban",2,19.2,Titans,Dolphins,JA Rudolph,D Wiese,R Frylinck,4,0,,,,,,,,,
530330,2011/12,2012-02-24,"Kingsmead, Durban",2,19.3,Titans,Dolphins,JA Rudolph,D Wiese,R Frylinck,4,0,,,,,,,,,
530330,2011/12,2012-02-24,"Kingsmead, Durban",2,19.4,Titans,Dolphins,JA Rudolph,D Wiese,R Frylinck,0,0,,,,,,,,,
530330,2011/12,2012-02-24,"Kingsmead, Durban",2,19.5,Titans,Dolphins,JA Rudolph,D Wiese,R Frylinck,0,0,,,,,,,,,
530330,2011/12,2012-02-24,"Kingsmead, Durban",2,19.6,Titans,Dolphins,JA Rudolph,D Wiese,R Frylinck,1,0,,,,,,,,,
