match_id,season,start_date,venue,innings,ball,batting_team,bowling_team,striker,non_striker,bowler,runs_off_bat,extras,wides,noballs,byes,legbyes,penalty,wicket_type,player_dismissed,other_wicket_type,other_player_dismissed
530354,2011/12,2012-03-14,"SuperSport Park, Centurion",1,0.1,Impi,Titans,K Zondo,LJ Wright,RE van der Merwe,0,0,,,,,,,,,
530354,2011/12,2012-03-14,"SuperSport Park, Centurion",1,0.2,Impi,Titans,K Zondo,LJ Wright,RE van der Merwe,0,0,,,,,,,,,
530354,2011/12,2012-03-14,"SuperSport Park, Centurion",1,0.3,Impi,Titans,K Zondo,LJ Wright,RE van der Merwe,0,0,,,,,,,,,
530354,2011/12,2012-03-14,"SuperSport Park, Centurion",1,0.4,Impi,Titans,K Zondo,LJ Wright,RE van der Merwe,1,0,,,,,,,,,
530354,2011/12,2012-03-14,"SuperSport Park, Centurion",1,0.5,Impi,Titans,LJ Wright,K Zondo,RE van der Merwe,0,0,,,,,,,,,
530354,2011/12,2012-03-14,"SuperSport Park, Centurion",1,0.6,Impi,Titans,LJ Wright,K Zondo,RE van der Merwe,1,0,,,,,,,,,
530354,2011/12,2012-03-14,"SuperSport Park, Centurion",1,1.1,Impi,Titans,LJ Wright,K Zondo,AC Thomas,4,0,,,,,,,,,
530354,2011/12,2012-03-14,"SuperSport Park, Centurion",1,1.2,Impi,Titans,LJ Wright,K Zondo,AC Thomas,1,0,,,,,,,,,
530354,2011/12,2012-03-14,"SuperSport Park, Centurion",1,1.3,Impi,Titans,K Zondo,LJ Wright,AC Thomas,1,0,,,,,,,,,
530354,2011/12,2012-03-14,"SuperSport Park, Centurion",1,1.4,Impi,Titans,LJ Wright,K Zondo,AC Thomas,6,0,,,,,,,,,
530354,2011/12,2012-03-14,"SuperSport Park, Centurion",1,1.5,Impi,Titans,LJ Wright,K Zondo,AC Thomas,4,0,,,,,,,,,
530354,2011/12,2012-03-14,"SuperSport Park, Centurion",1,1.6,Impi,Titans,LJ Wright,K Zondo,AC Thomas,1,0,,,,,,,,,
530354,2011/12,2012-03-14,"SuperSport Park, Centurion",1,2.1,Impi,Titans,LJ Wright,K Zondo,RE van der Merwe,0,0,,,,,,,,,
530354,2011/12,2012-03-14,"SuperSport Park, Centurion",1,2.2,Impi,Titans,LJ Wright,K Zondo,RE van der Merwe,0,0,,,,,,,,,
530354,2011/12,2012-03-14,"SuperSport Park, Centurion",1,2.3,Impi,Titans,LJ Wright,K Zondo,RE van der Merwe,2,0,,,,,,,,,
530354,2011/12,2012-03-14,"SuperSport Park, Centurion",1,2.4,Impi,Titans,LJ Wright,K Zondo,RE van der Merwe,4,0,,,,,,,,,
530354,2011/12,2012-03-14,"SuperSport Park, Centurion",1,2.5,Impi,Titans,LJ Wright,K Zondo,RE van der Merwe,0,0,,,,,,,,,
530354,2011/12,2012-03-14,"SuperSport Park, Centurion",1,2.6,Impi,Titans,LJ Wright,K Zondo,RE van der Merwe,0,0,,,,,,,,,
530354,2011/12,2012-03-14,"SuperSport Park, Centurion",1,3.1,Impi,Titans,K Zondo,LJ Wright,NE Mbhalati,4,0,,,,,,,,,
530354,2011/12,2012-03-14,"SuperSport Park, Centurion",1,3.2,Impi,Titans,K Zondo,LJ Wright,NE Mbhalati,0,0,,,,,,,,,
530354,2011/12,2012-03-14,"SuperSport Park, Centurion",1,3.3,Impi,Titans,K Zondo,LJ Wright,NE Mbhalati,0,0,,,,,,,,,
530354,2011/12,2012-03-14,"SuperSport Park, Centurion",1,3.4,Impi,Titans,K Zondo,LJ Wright,NE Mbhalati,0,0,,,,,,,,,
530354,2011/12,2012-03-14,"SuperSport Park, Centurion",1,3.5,Impi,Titans,K Zondo,LJ Wright,NE Mbhalati,0,0,,,,,,,,,
530354,2011/12,2012-03-14,"SuperSport Park, Centurion",1,3.6,Impi,Titans,K Zondo,LJ Wright,NE Mbhalati,1,0,,,,,,,,,
530354,2011/12,2012-03-14,"SuperSport Park, Centurion",1,4.1,Impi,Titans,K Zondo,LJ Wright,AC Thomas,0,0,,,,,,,,,
530354,2011/12,2012-03-14,"SuperSport Park, Centurion",1,4.2,Impi,Titans,K Zondo,LJ Wright,AC Thomas,2,0,,,,,,,,,
530354,2011/12,2012-03-14,"SuperSport Park, Centurion",1,4.3,Impi,Titans,K Zondo,LJ Wright,AC Thomas,0,0,,,,,,,,,
530354,2011/12,2012-03-14,"SuperSport Park, Centurion",1,4.4,Impi,Titans,K Zondo,LJ Wright,AC Thomas,0,0,,,,,,,,,
530354,2011/12,2012-03-14,"SuperSport Park, Centurion",1,4.5,Impi,Titans,K Zondo,LJ Wright,AC Thomas,0,0,,,,,,,,,
530354,2011/12,2012-03-14,"SuperSport Park, Centurion",1,4.6,Impi,Titans,K Zondo,LJ Wright,AC Thomas,0,0,,,,,,caught,K Zondo,,
530354,2011/12,2012-03-14,"SuperSport Park, Centurion",1,5.1,Impi,Titans,LJ Wright,RN ten Doeschate,NE Mbhalati,0,0,,,,,,,,,
530354,2011/12,2012-03-14,"SuperSport Park, Centurion",1,5.2,Impi,Titans,LJ Wright,RN ten Doeschate,NE Mbhalati,0,0,,,,,,,,,
530354,2011/12,2012-03-14,"SuperSport Park, Centurion",1,5.3,Impi,Titans,LJ Wright,RN ten Doeschate,NE Mbhalati,1,0,,,,,,,,,
530354,2011/12,2012-03-14,"SuperSport Park, Centurion",1,5.4,Impi,Titans,RN ten Doeschate,LJ Wright,NE Mbhalati,0,0,,,,,,,,,
530354,2011/12,2012-03-14,"SuperSport Park, Centurion",1,5.5,Impi,Titans,RN ten Doeschate,LJ Wright,NE Mbhalati,0,0,,,,,,,,,
530354,2011/12,2012-03-14,"SuperSport Park, Centurion",1,5.6,Impi,Titans,RN ten Doeschate,LJ Wright,NE Mbhalati,0,0,,,,,,,,,
530354,2011/12,2012-03-14,"SuperSport Park, Centurion",1,6.1,Impi,Titans,LJ Wright,RN ten Doeschate,JA Morkel,0,0,,,,,,,,,
530354,2011/12,2012-03-14,"SuperSport Park, Centurion",1,6.2,Impi,Titans,LJ Wright,RN ten Doeschate,JA Morkel,1,0,,,,,,,,,
530354,2011/12,2012-03-14,"SuperSport Park, Centurion",1,6.3,Impi,Titans,RN ten Doeschate,LJ Wright,JA Morkel,1,0,,,,,,,,,
530354,2011/12,2012-03-14,"SuperSport Park, Centurion",1,6.4,Impi,Titans,LJ Wright,RN ten Doeschate,JA Morkel,0,0,,,,,,bowled,LJ Wright,,
530354,2011/12,2012-03-14,"SuperSport Park, Centurion",1,6.5,Impi,Titans,PD Collingwood,RN ten Doeschate,JA Morkel,1,0,,,,,,,,,
530354,2011/12,2012-03-14,"SuperSport Park, Centurion",1,6.6,Impi,Titans,RN ten Doeschate,PD Collingwood,JA Morkel,1,0,,,,,,,,,
530354,2011/12,2012-03-14,"SuperSport Park, Centurion",1,7.1,Impi,Titans,RN ten Doeschate,PD Collingwood,NE Mbhalati,0,0,,,,,,,,,
530354,2011/12,2012-03-14,"SuperSport Park, Centurion",1,7.2,Impi,Titans,RN ten Doeschate,PD Collingwood,NE Mbhalati,6,0,,,,,,,,,
530354,2011/12,2012-03-14,"SuperSport Park, Centurion",1,7.3,Impi,Titans,RN ten Doeschate,PD Collingwood,NE Mbhalati,2,0,,,,,,,,,
530354,2011/12,2012-03-14,"SuperSport Park, Centurion",1,7.4,Impi,Titans,RN ten Doeschate,PD Collingwood,NE Mbhalati,0,0,,,,,,,,,
530354,2011/12,2012-03-14,"SuperSport Park, Centurion",1,7.5,Impi,Titans,RN ten Doeschate,PD Collingwood,NE Mbhalati,0,0,,,,,,,,,
530354,2011/12,2012-03-14,"SuperSport Park, Centurion",1,7.6,Impi,Titans,RN ten Doeschate,PD Collingwood,NE Mbhalati,0,0,,,,,,,,,
530354,2011/12,2012-03-14,"SuperSport Park, Centurion",1,8.1,Impi,Titans,PD Collingwood,RN ten Doeschate,JA Morkel,1,0,,,,,,,,,
530354,2011/12,2012-03-14,"SuperSport Park, Centurion",1,8.2,Impi,Titans,RN ten Doeschate,PD Collingwood,JA Morkel,0,0,,,,,,,,,
530354,2011/12,2012-03-14,"SuperSport Park, Centurion",1,8.3,Impi,Titans,RN ten Doeschate,PD Collingwood,JA Morkel,1,0,,,,,,,,,
530354,2011/12,2012-03-14,"SuperSport Park, Centurion",1,8.4,Impi,Titans,PD Collingwood,RN ten Doeschate,JA Morkel,0,0,,,,,,,,,
530354,2011/12,2012-03-14,"SuperSport Park, Centurion",1,8.5,Impi,Titans,PD Collingwood,RN ten Doeschate,JA Morkel,0,1,1,,,,,,,,
530354,2011/12,2012-03-14,"SuperSport Park, Centurion",1,8.6,Impi,Titans,PD Collingwood,RN ten Doeschate,JA Morkel,2,0,,,,,,,,,
530354,2011/12,2012-03-14,"SuperSport Park, Centurion",1,8.7,Impi,Titans,PD Collingwood,RN ten Doeschate,JA Morkel,0,0,,,,,,,,,
530354,2011/12,2012-03-14,"SuperSport Park, Centurion",1,9.1,Impi,Titans,RN ten Doeschate,PD Collingwood,NE Mbhalati,0,0,,,,,,,,,
530354,2011/12,2012-03-14,"SuperSport Park, Centurion",1,9.2,Impi,Titans,RN ten Doeschate,PD Collingwood,NE Mbhalati,4,0,,,,,,,,,
530354,2011/12,2012-03-14,"SuperSport Park, Centurion",1,9.3,Impi,Titans,RN ten Doeschate,PD Collingwood,NE Mbhalati,1,0,,,,,,,,,
530354,2011/12,2012-03-14,"SuperSport Park, Centurion",1,9.4,Impi,Titans,PD Collingwood,RN ten Doeschate,NE Mbhalati,0,0,,,,,,,,,
530354,2011/12,2012-03-14,"SuperSport Park, Centurion",1,9.5,Impi,Titans,PD Collingwood,RN ten Doeschate,NE Mbhalati,0,0,,,,,,,,,
530354,2011/12,2012-03-14,"SuperSport Park, Centurion",1,9.6,Impi,Titans,PD Collingwood,RN ten Doeschate,NE Mbhalati,4,0,,,,,,,,,
530354,2011/12,2012-03-14,"SuperSport Park, Centurion",1,10.1,Impi,Titans,RN ten Doeschate,PD Collingwood,JA Morkel,1,0,,,,,,,,,
530354,2011/12,2012-03-14,"SuperSport Park, Centurion",1,10.2,Impi,Titans,PD Collingwood,RN ten Doeschate,JA Morkel,2,0,,,,,,,,,
530354,2011/12,2012-03-14,"SuperSport Park, Centurion",1,10.3,Impi,Titans,PD Collingwood,RN ten Doeschate,JA Morkel,1,0,,,,,,,,,
530354,2011/12,2012-03-14,"SuperSport Park, Centurion",1,10.4,Impi,Titans,RN ten Doeschate,PD Collingwood,JA Morkel,1,0,,,,,,,,,
530354,2011/12,2012-03-14,"SuperSport Park, Centurion",1,10.5,Impi,Titans,PD Collingwood,RN ten Doeschate,JA Morkel,1,0,,,,,,,,,
530354,2011/12,2012-03-14,"SuperSport Park, Centurion",1,10.6,Impi,Titans,RN ten Doeschate,PD Collingwood,JA Morkel,1,0,,,,,,,,,
530354,2011/12,2012-03-14,"SuperSport Park, Centurion",1,11.1,Impi,Titans,RN ten Doeschate,PD Collingwood,F du Plessis,0,1,1,,,,,,,,
530354,2011/12,2012-03-14,"SuperSport Park, Centurion",1,11.2,Impi,Titans,RN ten Doeschate,PD Collingwood,F du Plessis,0,0,,,,,,,,,
530354,2011/12,2012-03-14,"SuperSport Park, Centurion",1,11.3,Impi,Titans,RN ten Doeschate,PD Collingwood,F du Plessis,0,0,,,,,,,,,
530354,2011/12,2012-03-14,"SuperSport Park, Centurion",1,11.4,Impi,Titans,RN ten Doeschate,PD Collingwood,F du Plessis,4,0,,,,,,,,,
530354,2011/12,2012-03-14,"SuperSport Park, Centurion",1,11.5,Impi,Titans,RN ten Doeschate,PD Collingwood,F du Plessis,0,0,,,,,,,,,
530354,2011/12,2012-03-14,"SuperSport Park, Centurion",1,11.6,Impi,Titans,RN ten Doeschate,PD Collingwood,F du Plessis,1,0,,,,,,,,,
530354,2011/12,2012-03-14,"SuperSport Park, Centurion",1,11.7,Impi,Titans,PD Collingwood,RN ten Doeschate,F du Plessis,1,0,,,,,,,,,
530354,2011/12,2012-03-14,"SuperSport Park, Centurion",1,12.1,Impi,Titans,PD Collingwood,RN ten Doeschate,RE van der Merwe,1,0,,,,,,,,,
530354,2011/12,2012-03-14,"SuperSport Park, Centurion",1,12.2,Impi,Titans,RN ten Doeschate,PD Collingwood,RE van der Merwe,0,0,,,,,,,,,
530354,2011/12,2012-03-14,"SuperSport Park, Centurion",1,12.3,Impi,Titans,RN ten Doeschate,PD Collingwood,RE van der Merwe,0,0,,,,,,,,,
530354,2011/12,2012-03-14,"SuperSport Park, Centurion",1,12.4,Impi,Titans,RN ten Doeschate,PD Collingwood,RE van der Merwe,0,0,,,,,,,,,
530354,2011/12,2012-03-14,"SuperSport Park, Centurion",1,12.5,Impi,Titans,RN ten Doeschate,PD Collingwood,RE van der Merwe,0,0,,,,,,,,,
530354,2011/12,2012-03-14,"SuperSport Park, Centurion",1,12.6,Impi,Titans,RN ten Doeschate,PD Collingwood,RE van der Merwe,1,0,,,,,,,,,
530354,2011/12,2012-03-14,"SuperSport Park, Centurion",1,13.1,Impi,Titans,RN ten Doeschate,PD Collingwood,F du Plessis,6,0,,,,,,,,,
530354,2011/12,2012-03-14,"SuperSport Park, Centurion",1,13.2,Impi,Titans,RN ten Doeschate,PD Collingwood,F du Plessis,0,0,,,,,,,,,
530354,2011/12,2012-03-14,"SuperSport Park, Centurion",1,13.3,Impi,Titans,RN ten Doeschate,PD Collingwood,F du Plessis,4,0,,,,,,,,,
530354,2011/12,2012-03-14,"SuperSport Park, Centurion",1,13.4,Impi,Titans,RN ten Doeschate,PD Collingwood,F du Plessis,0,0,,,,,,,,,
530354,2011/12,2012-03-14,"SuperSport Park, Centurion",1,13.5,Impi,Titans,RN ten Doeschate,PD Collingwood,F du Plessis,0,0,,,,,,,,,
530354,2011/12,2012-03-14,"SuperSport Park, Centurion",1,13.6,Impi,Titans,RN ten Doeschate,PD Collingwood,F du Plessis,1,0,,,,,,,,,
530354,2011/12,2012-03-14,"SuperSport Park, Centurion",1,14.1,Impi,Titans,RN ten Doeschate,PD Collingwood,D Wiese,1,0,,,,,,,,,
530354,2011/12,2012-03-14,"SuperSport Park, Centurion",1,14.2,Impi,Titans,PD Collingwood,RN ten Doeschate,D Wiese,0,0,,,,,,,,,
530354,2011/12,2012-03-14,"SuperSport Park, Centurion",1,14.3,Impi,Titans,PD Collingwood,RN ten Doeschate,D Wiese,1,0,,,,,,,,,
530354,2011/12,2012-03-14,"SuperSport Park, Centurion",1,14.4,Impi,Titans,RN ten Doeschate,PD Collingwood,D Wiese,1,0,,,,,,,,,
530354,2011/12,2012-03-14,"SuperSport Park, Centurion",1,14.5,Impi,Titans,PD Collingwood,RN ten Doeschate,D Wiese,1,0,,,,,,,,,
530354,2011/12,2012-03-14,"SuperSport Park, Centurion",1,14.6,Impi,Titans,RN ten Doeschate,PD Collingwood,D Wiese,1,0,,,,,,,,,
530354,2011/12,2012-03-14,"SuperSport Park, Centurion",1,15.1,Impi,Titans,RN ten Doeschate,PD Collingwood,RE van der Merwe,0,0,,,,,,,,,
530354,2011/12,2012-03-14,"SuperSport Park, Centurion",1,15.2,Impi,Titans,RN ten Doeschate,PD Collingwood,RE van der Merwe,0,0,,,,,,caught,RN ten Doeschate,,
530354,2011/12,2012-03-14,"SuperSport Park, Centurion",1,15.3,Impi,Titans,JP Kreusch,PD Collingwood,RE van der Merwe,0,0,,,,,,,,,
530354,2011/12,2012-03-14,"SuperSport Park, Centurion",1,15.4,Impi,Titans,JP Kreusch,PD Collingwood,RE van der Merwe,0,0,,,,,,caught,JP Kreusch,,
530354,2011/12,2012-03-14,"SuperSport Park, Centurion",1,15.5,Impi,Titans,M Mosehle,PD Collingwood,RE van der Merwe,0,0,,,,,,,,,
530354,2011/12,2012-03-14,"SuperSport Park, Centurion",1,15.6,Impi,Titans,M Mosehle,PD Collingwood,RE van der Merwe,1,0,,,,,,,,,
530354,2011/12,2012-03-14,"SuperSport Park, Centurion",1,16.1,Impi,Titans,M Mosehle,PD Collingwood,F du Plessis,1,0,,,,,,,,,
530354,2011/12,2012-03-14,"SuperSport Park, Centurion",1,16.2,Impi,Titans,PD Collingwood,M Mosehle,F du Plessis,0,0,,,,,,,,,
530354,2011/12,2012-03-14,"SuperSport Park, Centurion",1,16.3,Impi,Titans,PD Collingwood,M Mosehle,F du Plessis,6,0,,,,,,,,,
530354,2011/12,2012-03-14,"SuperSport Park, Centurion",1,16.4,Impi,Titans,PD Collingwood,M Mosehle,F du Plessis,0,0,,,,,,,,,
530354,2011/12,2012-03-14,"SuperSport Park, Centurion",1,16.5,Impi,Titans,PD Collingwood,M Mosehle,F du Plessis,6,0,,,,,,,,,
530354,2011/12,2012-03-14,"SuperSport Park, Centurion",1,16.6,Impi,Titans,PD Collingwood,M Mosehle,F du Plessis,1,0,,,,,,,,,
530354,2011/12,2012-03-14,"SuperSport Park, Centurion",1,17.1,Impi,Titans,PD Collingwood,M Mosehle,AC Thomas,0,0,,,,,,bowled,PD Collingwood,,
530354,2011/12,2012-03-14,"SuperSport Park, Centurion",1,17.2,Impi,Titans,RCC Canning,M Mosehle,AC Thomas,1,0,,,,,,,,,
530354,2011/12,2012-03-14,"SuperSport Park, Centurion",1,17.3,Impi,Titans,M Mosehle,RCC Canning,AC Thomas,1,0,,,,,,,,,
530354,2011/12,2012-03-14,"SuperSport Park, Centurion",1,17.4,Impi,Titans,RCC Canning,M Mosehle,AC Thomas,4,0,,,,,,,,,
530354,2011/12,2012-03-14,"SuperSport Park, Centurion",1,17.5,Impi,Titans,RCC Canning,M Mosehle,AC Thomas,2,0,,,,,,,,,
530354,2011/12,2012-03-14,"SuperSport Park, Centurion",1,17.6,Impi,Titans,RCC Canning,M Mosehle,AC Thomas,0,0,,,,,,,,,
530354,2011/12,2012-03-14,"SuperSport Park, Centurion",1,18.1,Impi,Titans,M Mosehle,RCC Canning,JA Morkel,1,0,,,,,,,,,
530354,2011/12,2012-03-14,"SuperSport Park, Centurion",1,18.2,Impi,Titans,RCC Canning,M Mosehle,JA Morkel,4,0,,,,,,,,,
530354,2011/12,2012-03-14,"SuperSport Park, Centurion",1,18.3,Impi,Titans,RCC Canning,M Mosehle,JA Morkel,0,0,,,,,,,,,
530354,2011/12,2012-03-14,"SuperSport Park, Centurion",1,18.4,Impi,Titans,RCC Canning,M Mosehle,JA Morkel,1,0,,,,,,,,,
530354,2011/12,2012-03-14,"SuperSport Park, Centurion",1,18.5,Impi,Titans,M Mosehle,RCC Canning,JA Morkel,0,0,,,,,,caught,M Mosehle,,
530354,2011/12,2012-03-14,"SuperSport Park, Centurion",1,18.6,Impi,Titans,RCC Canning,CJ Alexander,JA Morkel,0,1,,,,1,,,,,
530354,2011/12,2012-03-14,"SuperSport Park, Centurion",1,19.1,Impi,Titans,RCC Canning,CJ Alexander,AC Thomas,1,0,,,,,,,,,
530354,2011/12,2012-03-14,"SuperSport Park, Centurion",1,19.2,Impi,Titans,CJ Alexander,RCC Canning,AC Thomas,1,0,,,,,,,,,
530354,2011/12,2012-03-14,"SuperSport Park, Centurion",1,19.3,Impi,Titans,RCC Canning,CJ Alexander,AC Thomas,0,0,,,,,,,,,
530354,2011/12,2012-03-14,"SuperSport Park, Centurion",1,19.4,Impi,Titans,RCC Canning,CJ Alexander,AC Thomas,1,0,,,,,,,,,
530354,2011/12,2012-03-14,"SuperSport Park, Centurion",1,19.5,Impi,Titans,CJ Alexander,RCC Canning,AC Thomas,1,0,,,,,,,,,
530354,2011/12,2012-03-14,"SuperSport Park, Centurion",1,19.6,Impi,Titans,RCC Canning,CJ Alexander,AC Thomas,1,0,,,,,,,,,
530354,2011/12,2012-03-14,"SuperSport Park, Centurion",2,0.1,Titans,Impi,H Davids,HG Kuhn,Q Friend,0,0,,,,,,,,,
530354,2011/12,2012-03-14,"SuperSport Park, Centurion",2,0.2,Titans,Impi,H Davids,HG Kuhn,Q Friend,1,0,,,,,,,,,
530354,2011/12,2012-03-14,"SuperSport Park, Centurion",2,0.3,Titans,Impi,HG Kuhn,H Davids,Q Friend,0,1,1,,,,,,,,
530354,2011/12,2012-03-14,"SuperSport Park, Centurion",2,0.4,Titans,Impi,HG Kuhn,H Davids,Q Friend,1,0,,,,,,,,,
530354,2011/12,2012-03-14,"SuperSport Park, Centurion",2,0.5,Titans,Impi,H Davids,HG Kuhn,Q Friend,0,0,,,,,,,,,
530354,2011/12,2012-03-14,"SuperSport Park, Centurion",2,0.6,Titans,Impi,H Davids,HG Kuhn,Q Friend,0,0,,,,,,,,,
530354,2011/12,2012-03-14,"SuperSport Park, Centurion",2,0.7,Titans,Impi,H Davids,HG Kuhn,Q Friend,1,0,,,,,,,,,
530354,2011/12,2012-03-14,"SuperSport Park, Centurion",2,1.1,Titans,Impi,H Davids,HG Kuhn,S Simetu,0,0,,,,,,,,,
530354,2011/12,2012-03-14,"SuperSport Park, Centurion",2,1.2,Titans,Impi,H Davids,HG Kuhn,S Simetu,1,0,,,,,,,,,
530354,2011/12,2012-03-14,"SuperSport Park, Centurion",2,1.3,Titans,Impi,HG Kuhn,H Davids,S Simetu,0,1,1,,,,,,,,
530354,2011/12,2012-03-14,"SuperSport Park, Centurion",2,1.4,Titans,Impi,HG Kuhn,H Davids,S Simetu,4,0,,,,,,,,,
530354,2011/12,2012-03-14,"SuperSport Park, Centurion",2,1.5,Titans,Impi,HG Kuhn,H Davids,S Simetu,1,0,,,,,,,,,
530354,2011/12,2012-03-14,"SuperSport Park, Centurion",2,1.6,Titans,Impi,H Davids,HG Kuhn,S Simetu,0,0,,,,,,,,,
530354,2011/12,2012-03-14,"SuperSport Park, Centurion",2,1.7,Titans,Impi,H Davids,HG Kuhn,S Simetu,0,0,,,,,,,,,
530354,2011/12,2012-03-14,"SuperSport Park, Centurion",2,2.1,Titans,Impi,HG Kuhn,H Davids,Q Friend,4,0,,,,,,,,,
530354,2011/12,2012-03-14,"SuperSport Park, Centurion",2,2.2,Titans,Impi,HG Kuhn,H Davids,Q Friend,0,0,,,,,,,,,
530354,2011/12,2012-03-14,"SuperSport Park, Centurion",2,2.3,Titans,Impi,HG Kuhn,H Davids,Q Friend,0,0,,,,,,,,,
530354,2011/12,2012-03-14,"SuperSport Park, Centurion",2,2.4,Titans,Impi,HG Kuhn,H Davids,Q Friend,6,0,,,,,,,,,
530354,2011/12,2012-03-14,"SuperSport Park, Centurion",2,2.5,Titans,Impi,HG Kuhn,H Davids,Q Friend,1,0,,,,,,,,,
530354,2011/12,2012-03-14,"SuperSport Park, Centurion",2,2.6,Titans,Impi,H Davids,HG Kuhn,Q Friend,0,0,,,,,,,,,
530354,2011/12,2012-03-14,"SuperSport Park, Centurion",2,3.1,Titans,Impi,HG Kuhn,H Davids,S Simetu,1,0,,,,,,,,,
530354,2011/12,2012-03-14,"SuperSport Park, Centurion",2,3.2,Titans,Impi,H Davids,HG Kuhn,S Simetu,1,0,,,,,,,,,
530354,2011/12,2012-03-14,"SuperSport Park, Centurion",2,3.3,Titans,Impi,HG Kuhn,H Davids,S Simetu,4,0,,,,,,,,,
530354,2011/12,2012-03-14,"SuperSport Park, Centurion",2,3.4,Titans,Impi,HG Kuhn,H Davids,S Simetu,0,0,,,,,,caught and bowled,HG Kuhn,,
530354,2011/12,2012-03-14,"SuperSport Park, Centurion",2,3.5,Titans,Impi,RE van der Merwe,H Davids,S Simetu,1,0,,,,,,,,,
530354,2011/12,2012-03-14,"SuperSport Park, Centurion",2,3.6,Titans,Impi,H Davids,RE van der Merwe,S Simetu,0,0,,,,,,,,,
530354,2011/12,2012-03-14,"SuperSport Park, Centurion",2,4.1,Titans,Impi,RE van der Merwe,H Davids,CJ Alexander,0,0,,,,,,,,,
530354,2011/12,2012-03-14,"SuperSport Park, Centurion",2,4.2,Titans,Impi,RE van der Merwe,H Davids,CJ Alexander,4,0,,,,,,,,,
530354,2011/12,2012-03-14,"SuperSport Park, Centurion",2,4.3,Titans,Impi,RE van der Merwe,H Davids,CJ Alexander,6,0,,,,,,,,,
530354,2011/12,2012-03-14,"SuperSport Park, Centurion",2,4.4,Titans,Impi,RE van der Merwe,H Davids,CJ Alexander,0,0,,,,,,,,,
530354,2011/12,2012-03-14,"SuperSport Park, Centurion",2,4.5,Titans,Impi,RE van der Merwe,H Davids,CJ Alexander,0,0,,,,,,,,,
530354,2011/12,2012-03-14,"SuperSport Park, Centurion",2,4.6,Titans,Impi,RE van der Merwe,H Davids,CJ Alexander,0,0,,,,,,,,,
530354,2011/12,2012-03-14,"SuperSport Park, Centurion",2,5.1,Titans,Impi,H Davids,RE van der Merwe,BM Edmondson,1,0,,,,,,,,,
530354,2011/12,2012-03-14,"SuperSport Park, Centurion",2,5.2,Titans,Impi,RE van der Merwe,H Davids,BM Edmondson,1,0,,,,,,,,,
530354,2011/12,2012-03-14,"SuperSport Park, Centurion",2,5.3,Titans,Impi,H Davids,RE van der Merwe,BM Edmondson,0,0,,,,,,,,,
530354,2011/12,2012-03-14,"SuperSport Park, Centurion",2,5.4,Titans,Impi,H Davids,RE van der Merwe,BM Edmondson,0,1,1,,,,,,,,
530354,2011/12,2012-03-14,"SuperSport Park, Centurion",2,5.5,Titans,Impi,H Davids,RE van der Merwe,BM Edmondson,1,0,,,,,,,,,
530354,2011/12,2012-03-14,"SuperSport Park, Centurion",2,5.6,Titans,Impi,RE van der Merwe,H Davids,BM Edmondson,0,0,,,,,,,,,
530354,2011/12,2012-03-14,"SuperSport Park, Centurion",2,5.7,Titans,Impi,RE van der Merwe,H Davids,BM Edmondson,0,0,,,,,,,,,
530354,2011/12,2012-03-14,"SuperSport Park, Centurion",2,6.1,Titans,Impi,H Davids,RE van der Merwe,LJ Wright,1,0,,,,,,,,,
530354,2011/12,2012-03-14,"SuperSport Park, Centurion",2,6.2,Titans,Impi,RE van der Merwe,H Davids,LJ Wright,0,1,1,,,,,,,,
530354,2011/12,2012-03-14,"SuperSport Park, Centurion",2,6.3,Titans,Impi,RE van der Merwe,H Davids,LJ Wright,1,0,,,,,,,,,
530354,2011/12,2012-03-14,"SuperSport Park, Centurion",2,6.4,Titans,Impi,H Davids,RE van der Merwe,LJ Wright,0,0,,,,,,,,,
530354,2011/12,2012-03-14,"SuperSport Park, Centurion",2,6.5,Titans,Impi,H Davids,RE van der Merwe,LJ Wright,1,0,,,,,,,,,
530354,2011/12,2012-03-14,"SuperSport Park, Centurion",2,6.6,Titans,Impi,RE van der Merwe,H Davids,LJ Wright,1,0,,,,,,,,,
530354,2011/12,2012-03-14,"SuperSport Park, Centurion",2,6.7,Titans,Impi,H Davids,RE van der Merwe,LJ Wright,1,0,,,,,,,,,
530354,2011/12,2012-03-14,"SuperSport Park, Centurion",2,7.1,Titans,Impi,H Davids,RE van der Merwe,S Simetu,2,0,,,,,,,,,
530354,2011/12,2012-03-14,"SuperSport Park, Centurion",2,7.2,Titans,Impi,H Davids,RE van der Merwe,S Simetu,6,0,,,,,,,,,
530354,2011/12,2012-03-14,"SuperSport Park, Centurion",2,7.3,Titans,Impi,H Davids,RE van der Merwe,S Simetu,0,0,,,,,,,,,
530354,2011/12,2012-03-14,"SuperSport Park, Centurion",2,7.4,Titans,Impi,H Davids,RE van der Merwe,S Simetu,1,0,,,,,,,,,
530354,2011/12,2012-03-14,"SuperSport Park, Centurion",2,7.5,Titans,Impi,RE van der Merwe,H Davids,S Simetu,1,0,,,,,,,,,
530354,2011/12,2012-03-14,"SuperSport Park, Centurion",2,7.6,Titans,Impi,H Davids,RE van der Merwe,S Simetu,1,0,,,,,,,,,
530354,2011/12,2012-03-14,"SuperSport Park, Centurion",2,8.1,Titans,Impi,H Davids,RE van der Merwe,LJ Wright,0,0,,,,,,,,,
530354,2011/12,2012-03-14,"SuperSport Park, Centurion",2,8.2,Titans,Impi,H Davids,RE van der Merwe,LJ Wright,6,0,,,,,,,,,
530354,2011/12,2012-03-14,"SuperSport Park, Centurion",2,8.3,Titans,Impi,H Davids,RE van der Merwe,LJ Wright,4,0,,,,,,,,,
530354,2011/12,2012-03-14,"SuperSport Park, Centurion",2,8.4,Titans,Impi,H Davids,RE van der Merwe,LJ Wright,1,0,,,,,,,,,
530354,2011/12,2012-03-14,"SuperSport Park, Centurion",2,8.5,Titans,Impi,RE van der Merwe,H Davids,LJ Wright,1,0,,,,,,,,,
530354,2011/12,2012-03-14,"SuperSport Park, Centurion",2,8.6,Titans,Impi,H Davids,RE van der Merwe,LJ Wright,2,0,,,,,,,,,
530354,2011/12,2012-03-14,"SuperSport Park, Centurion",2,9.1,Titans,Impi,RE van der Merwe,H Davids,PD Collingwood,1,0,,,,,,,,,
530354,2011/12,2012-03-14,"SuperSport Park, Centurion",2,9.2,Titans,Impi,H Davids,RE van der Merwe,PD Collingwood,0,0,,,,,,,,,
530354,2011/12,2012-03-14,"SuperSport Park, Centurion",2,9.3,Titans,Impi,H Davids,RE van der Merwe,PD Collingwood,0,0,,,,,,,,,
530354,2011/12,2012-03-14,"SuperSport Park, Centurion",2,9.4,Titans,Impi,H Davids,RE van der Merwe,PD Collingwood,1,0,,,,,,,,,
530354,2011/12,2012-03-14,"SuperSport Park, Centurion",2,9.5,Titans,Impi,RE van der Merwe,H Davids,PD Collingwood,6,0,,,,,,,,,
530354,2011/12,2012-03-14,"SuperSport Park, Centurion",2,9.6,Titans,Impi,RE van der Merwe,H Davids,PD Collingwood,0,0,,,,,,,,,
530354,2011/12,2012-03-14,"SuperSport Park, Centurion",2,10.1,Titans,Impi,H Davids,RE van der Merwe,BM Edmondson,1,0,,,,,,,,,
530354,2011/12,2012-03-14,"SuperSport Park, Centurion",2,10.2,Titans,Impi,RE van der Merwe,H Davids,BM Edmondson,1,0,,,,,,,,,
530354,2011/12,2012-03-14,"SuperSport Park, Centurion",2,10.3,Titans,Impi,H Davids,RE van der Merwe,BM Edmondson,1,0,,,,,,,,,
530354,2011/12,2012-03-14,"SuperSport Park, Centurion",2,10.4,Titans,Impi,RE van der Merwe,H Davids,BM Edmondson,1,0,,,,,,,,,
530354,2011/12,2012-03-14,"SuperSport Park, Centurion",2,10.5,Titans,Impi,H Davids,RE van der Merwe,BM Edmondson,0,0,,,,,,,,,
530354,2011/12,2012-03-14,"SuperSport Park, Centurion",2,10.6,Titans,Impi,H Davids,RE van der Merwe,BM Edmondson,0,0,,,,,,,,,
530354,2011/12,2012-03-14,"SuperSport Park, Centurion",2,11.1,Titans,Impi,RE van der Merwe,H Davids,PD Collingwood,0,0,,,,,,caught,RE van der Merwe,,
530354,2011/12,2012-03-14,"SuperSport Park, Centurion",2,11.2,Titans,Impi,H Davids,M van Jaarsveld,PD Collingwood,0,0,,,,,,,,,
530354,2011/12,2012-03-14,"SuperSport Park, Centurion",2,11.3,Titans,Impi,H Davids,M van Jaarsveld,PD Collingwood,1,0,,,,,,,,,
530354,2011/12,2012-03-14,"SuperSport Park, Centurion",2,11.4,Titans,Impi,M van Jaarsveld,H Davids,PD Collingwood,0,0,,,,,,,,,
530354,2011/12,2012-03-14,"SuperSport Park, Centurion",2,11.5,Titans,Impi,M van Jaarsveld,H Davids,PD Collingwood,6,0,,,,,,,,,
530354,2011/12,2012-03-14,"SuperSport Park, Centurion",2,11.6,Titans,Impi,M van Jaarsveld,H Davids,PD Collingwood,1,0,,,,,,,,,
530354,2011/12,2012-03-14,"SuperSport Park, Centurion",2,12.1,Titans,Impi,M van Jaarsveld,H Davids,S Simetu,1,0,,,,,,,,,
530354,2011/12,2012-03-14,"SuperSport Park, Centurion",2,12.2,Titans,Impi,H Davids,M van Jaarsveld,S Simetu,1,0,,,,,,,,,
530354,2011/12,2012-03-14,"SuperSport Park, Centurion",2,12.3,Titans,Impi,M van Jaarsveld,H Davids,S Simetu,4,0,,,,,,,,,
530354,2011/12,2012-03-14,"SuperSport Park, Centurion",2,12.4,Titans,Impi,M van Jaarsveld,H Davids,S Simetu,1,0,,,,,,,,,
530354,2011/12,2012-03-14,"SuperSport Park, Centurion",2,12.5,Titans,Impi,H Davids,M van Jaarsveld,S Simetu,0,1,1,,,,,,,,
530354,2011/12,2012-03-14,"SuperSport Park, Centurion",2,12.6,Titans,Impi,H Davids,M van Jaarsveld,S Simetu,1,0,,,,,,,,,
530354,2011/12,2012-03-14,"SuperSport Park, Centurion",2,12.7,Titans,Impi,M van Jaarsveld,H Davids,S Simetu,2,0,,,,,,,,,
530354,2011/12,2012-03-14,"SuperSport Park, Centurion",2,13.1,Titans,Impi,H Davids,M van Jaarsveld,BM Edmondson,0,0,,,,,,,,,
530354,2011/12,2012-03-14,"SuperSport Park, Centurion",2,13.2,Titans,Impi,H Davids,M van Jaarsveld,BM Edmondson,0,0,,,,,,,,,
530354,2011/12,2012-03-14,"SuperSport Park, Centurion",2,13.3,Titans,Impi,H Davids,M van Jaarsveld,BM Edmondson,1,0,,,,,,,,,
530354,2011/12,2012-03-14,"SuperSport Park, Centurion",2,13.4,Titans,Impi,M van Jaarsveld,H Davids,BM Edmondson,1,0,,,,,,,,,
530354,2011/12,2012-03-14,"SuperSport Park, Centurion",2,13.5,Titans,Impi,H Davids,M van Jaarsveld,BM Edmondson,0,0,,,,,,bowled,H Davids,,
530354,2011/12,2012-03-14,"SuperSport Park, Centurion",2,13.6,Titans,Impi,D Wiese,M van Jaarsveld,BM Edmondson,1,0,,,,,,,,,
530354,2011/12,2012-03-14,"SuperSport Park, Centurion",2,14.1,Titans,Impi,D Wiese,M van Jaarsveld,PD Collingwood,0,0,,,,,,caught,D Wiese,,
530354,2011/12,2012-03-14,"SuperSport Park, Centurion",2,14.2,Titans,Impi,M van Jaarsveld,F Behardien,PD Collingwood,6,0,,,,,,,,,
530354,2011/12,2012-03-14,"SuperSport Park, Centurion",2,14.3,Titans,Impi,M van Jaarsveld,F Behardien,PD Collingwood,6,0,,,,,,,,,
530354,2011/12,2012-03-14,"SuperSport Park, Centurion",2,14.4,Titans,Impi,M van Jaarsveld,F Behardien,PD Collingwood,4,0,,,,,,,,,
530354,2011/12,2012-03-14,"SuperSport Park, Centurion",2,14.5,Titans,Impi,M van Jaarsveld,F Behardien,PD Collingwood,2,0,,,,,,,,,
530354,2011/12,2012-03-14,"SuperSport Park, Centurion",2,14.6,Titans,Impi,M van Jaarsveld,F Behardien,PD Collingwood,1,0,,,,,,,,,
