match_id,season,start_date,venue,innings,ball,batting_team,bowling_team,striker,non_striker,bowler,runs_off_bat,extras,wides,noballs,byes,legbyes,penalty,wicket_type,player_dismissed,other_wicket_type,other_player_dismissed
530353,2011/12,2012-03-14,"New Wanderers Stadium, Johannesburg",1,0.1,Lions,Warriors,JD Vandiar,GH Bodi,J Theron,0,0,,,,,,,,,
530353,2011/12,2012-03-14,"New Wanderers Stadium, Johannesburg",1,0.2,Lions,Warriors,JD Vandiar,GH Bodi,J Theron,1,0,,,,,,,,,
530353,2011/12,2012-03-14,"New Wanderers Stadium, Johannesburg",1,0.3,Lions,Warriors,GH Bodi,JD Vandiar,J Theron,0,0,,,,,,,,,
530353,2011/12,2012-03-14,"New Wanderers Stadium, Johannesburg",1,0.4,Lions,Warriors,GH Bodi,JD Vandiar,J Theron,0,0,,,,,,,,,
530353,2011/12,2012-03-14,"New Wanderers Stadium, Johannesburg",1,0.5,Lions,Warriors,GH Bodi,JD Vandiar,J Theron,0,0,,,,,,,,,
530353,2011/12,2012-03-14,"New Wanderers Stadium, Johannesburg",1,0.6,Lions,Warriors,GH Bodi,JD Vandiar,J Theron,1,0,,,,,,,,,
530353,2011/12,2012-03-14,"New Wanderers Stadium, Johannesburg",1,1.1,Lions,Warriors,GH Bodi,JD Vandiar,M Ntini,1,0,,,,,,,,,
530353,2011/12,2012-03-14,"New Wanderers Stadium, Johannesburg",1,1.2,Lions,Warriors,JD Vandiar,GH Bodi,M Ntini,0,0,,,,,,,,,
530353,2011/12,2012-03-14,"New Wanderers Stadium, Johannesburg",1,1.3,Lions,Warriors,JD Vandiar,GH Bodi,M Ntini,0,0,,,,,,,,,
530353,2011/12,2012-03-14,"New Wanderers Stadium, Johannesburg",1,1.4,Lions,Warriors,JD Vandiar,GH Bodi,M Ntini,0,0,,,,,,,,,
530353,2011/12,2012-03-14,"New Wanderers Stadium, Johannesburg",1,1.5,Lions,Warriors,JD Vandiar,GH Bodi,M Ntini,0,0,,,,,,caught,JD Vandiar,,
530353,2011/12,2012-03-14,"New Wanderers Stadium, Johannesburg",1,1.6,Lions,Warriors,Q de Kock,GH Bodi,M Ntini,1,0,,,,,,,,,
530353,2011/12,2012-03-14,"New Wanderers Stadium, Johannesburg",1,2.1,Lions,Warriors,Q de Kock,GH Bodi,J Theron,4,0,,,,,,,,,
530353,2011/12,2012-03-14,"New Wanderers Stadium, Johannesburg",1,2.2,Lions,Warriors,Q de Kock,GH Bodi,J Theron,0,0,,,,,,,,,
530353,2011/12,2012-03-14,"New Wanderers Stadium, Johannesburg",1,2.3,Lions,Warriors,Q de Kock,GH Bodi,J Theron,0,0,,,,,,,,,
530353,2011/12,2012-03-14,"New Wanderers Stadium, Johannesburg",1,2.4,Lions,Warriors,Q de Kock,GH Bodi,J Theron,0,0,,,,,,,,,
530353,2011/12,2012-03-14,"New Wanderers Stadium, Johannesburg",1,2.5,Lions,Warriors,Q de Kock,GH Bodi,J Theron,4,0,,,,,,,,,
530353,2011/12,2012-03-14,"New Wanderers Stadium, Johannesburg",1,2.6,Lions,Warriors,Q de Kock,GH Bodi,J Theron,1,0,,,,,,,,,
530353,2011/12,2012-03-14,"New Wanderers Stadium, Johannesburg",1,3.1,Lions,Warriors,Q de Kock,GH Bodi,M Ntini,4,0,,,,,,,,,
530353,2011/12,2012-03-14,"New Wanderers Stadium, Johannesburg",1,3.2,Lions,Warriors,Q de Kock,GH Bodi,M Ntini,0,0,,,,,,,,,
530353,2011/12,2012-03-14,"New Wanderers Stadium, Johannesburg",1,3.3,Lions,Warriors,Q de Kock,GH Bodi,M Ntini,6,0,,,,,,,,,
530353,2011/12,2012-03-14,"New Wanderers Stadium, Johannesburg",1,3.4,Lions,Warriors,Q de Kock,GH Bodi,M Ntini,0,2,,2,,,,,,,
530353,2011/12,2012-03-14,"New Wanderers Stadium, Johannesburg",1,3.5,Lions,Warriors,GH Bodi,Q de Kock,M Ntini,4,0,,,,,,,,,
530353,2011/12,2012-03-14,"New Wanderers Stadium, Johannesburg",1,3.6,Lions,Warriors,GH Bodi,Q de Kock,M Ntini,2,0,,,,,,,,,
530353,2011/12,2012-03-14,"New Wanderers Stadium, Johannesburg",1,3.7,Lions,Warriors,GH Bodi,Q de Kock,M Ntini,5,0,,,,,,,,,
530353,2011/12,2012-03-14,"New Wanderers Stadium, Johannesburg",1,4.1,Lions,Warriors,GH Bodi,Q de Kock,J Botha,0,0,,,,,,,,,
530353,2011/12,2012-03-14,"New Wanderers Stadium, Johannesburg",1,4.2,Lions,Warriors,GH Bodi,Q de Kock,J Botha,1,0,,,,,,,,,
530353,2011/12,2012-03-14,"New Wanderers Stadium, Johannesburg",1,4.3,Lions,Warriors,Q de Kock,GH Bodi,J Botha,4,0,,,,,,,,,
530353,2011/12,2012-03-14,"New Wanderers Stadium, Johannesburg",1,4.4,Lions,Warriors,Q de Kock,GH Bodi,J Botha,0,0,,,,,,,,,
530353,2011/12,2012-03-14,"New Wanderers Stadium, Johannesburg",1,4.5,Lions,Warriors,Q de Kock,GH Bodi,J Botha,1,0,,,,,,,,,
530353,2011/12,2012-03-14,"New Wanderers Stadium, Johannesburg",1,4.6,Lions,Warriors,GH Bodi,Q de Kock,J Botha,0,0,,,,,,,,,
530353,2011/12,2012-03-14,"New Wanderers Stadium, Johannesburg",1,5.1,Lions,Warriors,Q de Kock,GH Bodi,WD Parnell,4,0,,,,,,,,,
530353,2011/12,2012-03-14,"New Wanderers Stadium, Johannesburg",1,5.2,Lions,Warriors,Q de Kock,GH Bodi,WD Parnell,4,0,,,,,,,,,
530353,2011/12,2012-03-14,"New Wanderers Stadium, Johannesburg",1,5.3,Lions,Warriors,Q de Kock,GH Bodi,WD Parnell,1,0,,,,,,,,,
530353,2011/12,2012-03-14,"New Wanderers Stadium, Johannesburg",1,5.4,Lions,Warriors,GH Bodi,Q de Kock,WD Parnell,4,0,,,,,,,,,
530353,2011/12,2012-03-14,"New Wanderers Stadium, Johannesburg",1,5.5,Lions,Warriors,GH Bodi,Q de Kock,WD Parnell,0,0,,,,,,,,,
530353,2011/12,2012-03-14,"New Wanderers Stadium, Johannesburg",1,5.6,Lions,Warriors,GH Bodi,Q de Kock,WD Parnell,4,0,,,,,,,,,
530353,2011/12,2012-03-14,"New Wanderers Stadium, Johannesburg",1,6.1,Lions,Warriors,Q de Kock,GH Bodi,J Botha,2,0,,,,,,,,,
530353,2011/12,2012-03-14,"New Wanderers Stadium, Johannesburg",1,6.2,Lions,Warriors,Q de Kock,GH Bodi,J Botha,1,0,,,,,,,,,
530353,2011/12,2012-03-14,"New Wanderers Stadium, Johannesburg",1,6.3,Lions,Warriors,GH Bodi,Q de Kock,J Botha,0,0,,,,,,,,,
530353,2011/12,2012-03-14,"New Wanderers Stadium, Johannesburg",1,6.4,Lions,Warriors,GH Bodi,Q de Kock,J Botha,6,0,,,,,,,,,
530353,2011/12,2012-03-14,"New Wanderers Stadium, Johannesburg",1,6.5,Lions,Warriors,GH Bodi,Q de Kock,J Botha,1,0,,,,,,,,,
530353,2011/12,2012-03-14,"New Wanderers Stadium, Johannesburg",1,6.6,Lions,Warriors,Q de Kock,GH Bodi,J Botha,1,0,,,,,,,,,
530353,2011/12,2012-03-14,"New Wanderers Stadium, Johannesburg",1,7.1,Lions,Warriors,Q de Kock,GH Bodi,WD Parnell,1,0,,,,,,,,,
530353,2011/12,2012-03-14,"New Wanderers Stadium, Johannesburg",1,7.2,Lions,Warriors,GH Bodi,Q de Kock,WD Parnell,4,0,,,,,,,,,
530353,2011/12,2012-03-14,"New Wanderers Stadium, Johannesburg",1,7.3,Lions,Warriors,GH Bodi,Q de Kock,WD Parnell,1,0,,,,,,,,,
530353,2011/12,2012-03-14,"New Wanderers Stadium, Johannesburg",1,7.4,Lions,Warriors,Q de Kock,GH Bodi,WD Parnell,0,1,,,,1,,,,,
530353,2011/12,2012-03-14,"New Wanderers Stadium, Johannesburg",1,7.5,Lions,Warriors,GH Bodi,Q de Kock,WD Parnell,1,0,,,,,,,,,
530353,2011/12,2012-03-14,"New Wanderers Stadium, Johannesburg",1,7.6,Lions,Warriors,Q de Kock,GH Bodi,WD Parnell,0,0,,,,,,,,,
530353,2011/12,2012-03-14,"New Wanderers Stadium, Johannesburg",1,8.1,Lions,Warriors,GH Bodi,Q de Kock,N Boje,6,0,,,,,,,,,
530353,2011/12,2012-03-14,"New Wanderers Stadium, Johannesburg",1,8.2,Lions,Warriors,GH Bodi,Q de Kock,N Boje,1,0,,,,,,,,,
530353,2011/12,2012-03-14,"New Wanderers Stadium, Johannesburg",1,8.3,Lions,Warriors,Q de Kock,GH Bodi,N Boje,1,0,,,,,,,,,
530353,2011/12,2012-03-14,"New Wanderers Stadium, Johannesburg",1,8.4,Lions,Warriors,GH Bodi,Q de Kock,N Boje,0,1,,,,1,,,,,
530353,2011/12,2012-03-14,"New Wanderers Stadium, Johannesburg",1,8.5,Lions,Warriors,Q de Kock,GH Bodi,N Boje,6,0,,,,,,,,,
530353,2011/12,2012-03-14,"New Wanderers Stadium, Johannesburg",1,8.6,Lions,Warriors,Q de Kock,GH Bodi,N Boje,0,0,,,,,,lbw,Q de Kock,,
530353,2011/12,2012-03-14,"New Wanderers Stadium, Johannesburg",1,9.1,Lions,Warriors,GH Bodi,D Pretorius,J Botha,1,0,,,,,,run out,D Pretorius,,
530353,2011/12,2012-03-14,"New Wanderers Stadium, Johannesburg",1,9.2,Lions,Warriors,ND McKenzie,GH Bodi,J Botha,4,0,,,,,,,,,
530353,2011/12,2012-03-14,"New Wanderers Stadium, Johannesburg",1,9.3,Lions,Warriors,ND McKenzie,GH Bodi,J Botha,4,0,,,,,,,,,
530353,2011/12,2012-03-14,"New Wanderers Stadium, Johannesburg",1,9.4,Lions,Warriors,ND McKenzie,GH Bodi,J Botha,1,0,,,,,,,,,
530353,2011/12,2012-03-14,"New Wanderers Stadium, Johannesburg",1,9.5,Lions,Warriors,GH Bodi,ND McKenzie,J Botha,0,0,,,,,,,,,
530353,2011/12,2012-03-14,"New Wanderers Stadium, Johannesburg",1,9.6,Lions,Warriors,GH Bodi,ND McKenzie,J Botha,1,0,,,,,,,,,
530353,2011/12,2012-03-14,"New Wanderers Stadium, Johannesburg",1,10.1,Lions,Warriors,GH Bodi,ND McKenzie,N Boje,2,0,,,,,,,,,
530353,2011/12,2012-03-14,"New Wanderers Stadium, Johannesburg",1,10.2,Lions,Warriors,GH Bodi,ND McKenzie,N Boje,1,0,,,,,,,,,
530353,2011/12,2012-03-14,"New Wanderers Stadium, Johannesburg",1,10.3,Lions,Warriors,ND McKenzie,GH Bodi,N Boje,0,0,,,,,,,,,
530353,2011/12,2012-03-14,"New Wanderers Stadium, Johannesburg",1,10.4,Lions,Warriors,ND McKenzie,GH Bodi,N Boje,0,0,,,,,,,,,
530353,2011/12,2012-03-14,"New Wanderers Stadium, Johannesburg",1,10.5,Lions,Warriors,ND McKenzie,GH Bodi,N Boje,2,0,,,,,,,,,
530353,2011/12,2012-03-14,"New Wanderers Stadium, Johannesburg",1,10.6,Lions,Warriors,ND McKenzie,GH Bodi,N Boje,1,0,,,,,,,,,
530353,2011/12,2012-03-14,"New Wanderers Stadium, Johannesburg",1,11.1,Lions,Warriors,ND McKenzie,GH Bodi,JT Smuts,1,0,,,,,,,,,
530353,2011/12,2012-03-14,"New Wanderers Stadium, Johannesburg",1,11.2,Lions,Warriors,GH Bodi,ND McKenzie,JT Smuts,0,1,,,1,,,,,,
530353,2011/12,2012-03-14,"New Wanderers Stadium, Johannesburg",1,11.3,Lions,Warriors,ND McKenzie,GH Bodi,JT Smuts,0,0,,,,,,,,,
530353,2011/12,2012-03-14,"New Wanderers Stadium, Johannesburg",1,11.4,Lions,Warriors,ND McKenzie,GH Bodi,JT Smuts,1,0,,,,,,,,,
530353,2011/12,2012-03-14,"New Wanderers Stadium, Johannesburg",1,11.5,Lions,Warriors,GH Bodi,ND McKenzie,JT Smuts,1,0,,,,,,,,,
530353,2011/12,2012-03-14,"New Wanderers Stadium, Johannesburg",1,11.6,Lions,Warriors,ND McKenzie,GH Bodi,JT Smuts,1,0,,,,,,,,,
530353,2011/12,2012-03-14,"New Wanderers Stadium, Johannesburg",1,12.1,Lions,Warriors,ND McKenzie,GH Bodi,N Boje,1,0,,,,,,,,,
530353,2011/12,2012-03-14,"New Wanderers Stadium, Johannesburg",1,12.2,Lions,Warriors,GH Bodi,ND McKenzie,N Boje,1,0,,,,,,,,,
530353,2011/12,2012-03-14,"New Wanderers Stadium, Johannesburg",1,12.3,Lions,Warriors,ND McKenzie,GH Bodi,N Boje,1,0,,,,,,,,,
530353,2011/12,2012-03-14,"New Wanderers Stadium, Johannesburg",1,12.4,Lions,Warriors,GH Bodi,ND McKenzie,N Boje,1,0,,,,,,,,,
530353,2011/12,2012-03-14,"New Wanderers Stadium, Johannesburg",1,12.5,Lions,Warriors,ND McKenzie,GH Bodi,N Boje,1,0,,,,,,,,,
530353,2011/12,2012-03-14,"New Wanderers Stadium, Johannesburg",1,12.6,Lions,Warriors,GH Bodi,ND McKenzie,N Boje,6,0,,,,,,,,,
530353,2011/12,2012-03-14,"New Wanderers Stadium, Johannesburg",1,13.1,Lions,Warriors,ND McKenzie,GH Bodi,JT Smuts,1,0,,,,,,,,,
530353,2011/12,2012-03-14,"New Wanderers Stadium, Johannesburg",1,13.2,Lions,Warriors,GH Bodi,ND McKenzie,JT Smuts,0,0,,,,,,,,,
530353,2011/12,2012-03-14,"New Wanderers Stadium, Johannesburg",1,13.3,Lions,Warriors,GH Bodi,ND McKenzie,JT Smuts,1,0,,,,,,,,,
530353,2011/12,2012-03-14,"New Wanderers Stadium, Johannesburg",1,13.4,Lions,Warriors,ND McKenzie,GH Bodi,JT Smuts,1,0,,,,,,,,,
530353,2011/12,2012-03-14,"New Wanderers Stadium, Johannesburg",1,13.5,Lions,Warriors,GH Bodi,ND McKenzie,JT Smuts,6,0,,,,,,,,,
530353,2011/12,2012-03-14,"New Wanderers Stadium, Johannesburg",1,13.6,Lions,Warriors,GH Bodi,ND McKenzie,JT Smuts,0,1,,,,1,,,,,
530353,2011/12,2012-03-14,"New Wanderers Stadium, Johannesburg",1,14.1,Lions,Warriors,GH Bodi,ND McKenzie,M Ntini,0,1,,,,1,,,,,
530353,2011/12,2012-03-14,"New Wanderers Stadium, Johannesburg",1,14.2,Lions,Warriors,ND McKenzie,GH Bodi,M Ntini,0,0,,,,,,,,,
530353,2011/12,2012-03-14,"New Wanderers Stadium, Johannesburg",1,14.3,Lions,Warriors,ND McKenzie,GH Bodi,M Ntini,1,0,,,,,,,,,
530353,2011/12,2012-03-14,"New Wanderers Stadium, Johannesburg",1,14.4,Lions,Warriors,GH Bodi,ND McKenzie,M Ntini,4,0,,,,,,,,,
530353,2011/12,2012-03-14,"New Wanderers Stadium, Johannesburg",1,14.5,Lions,Warriors,GH Bodi,ND McKenzie,M Ntini,0,0,,,,,,,,,
530353,2011/12,2012-03-14,"New Wanderers Stadium, Johannesburg",1,14.6,Lions,Warriors,GH Bodi,ND McKenzie,M Ntini,2,0,,,,,,,,,
530353,2011/12,2012-03-14,"New Wanderers Stadium, Johannesburg",1,15.1,Lions,Warriors,ND McKenzie,GH Bodi,J Botha,0,0,,,,,,,,,
530353,2011/12,2012-03-14,"New Wanderers Stadium, Johannesburg",1,15.2,Lions,Warriors,ND McKenzie,GH Bodi,J Botha,1,0,,,,,,,,,
530353,2011/12,2012-03-14,"New Wanderers Stadium, Johannesburg",1,15.3,Lions,Warriors,GH Bodi,ND McKenzie,J Botha,2,0,,,,,,,,,
530353,2011/12,2012-03-14,"New Wanderers Stadium, Johannesburg",1,15.4,Lions,Warriors,GH Bodi,ND McKenzie,J Botha,6,0,,,,,,,,,
530353,2011/12,2012-03-14,"New Wanderers Stadium, Johannesburg",1,15.5,Lions,Warriors,GH Bodi,ND McKenzie,J Botha,0,0,,,,,,,,,
530353,2011/12,2012-03-14,"New Wanderers Stadium, Johannesburg",1,15.6,Lions,Warriors,GH Bodi,ND McKenzie,J Botha,0,4,4,,,,,,,,
530353,2011/12,2012-03-14,"New Wanderers Stadium, Johannesburg",1,15.7,Lions,Warriors,ND McKenzie,GH Bodi,J Botha,1,0,,,,,,,,,
530353,2011/12,2012-03-14,"New Wanderers Stadium, Johannesburg",1,16.1,Lions,Warriors,ND McKenzie,GH Bodi,WD Parnell,6,0,,,,,,,,,
530353,2011/12,2012-03-14,"New Wanderers Stadium, Johannesburg",1,16.2,Lions,Warriors,ND McKenzie,GH Bodi,WD Parnell,1,0,,,,,,,,,
530353,2011/12,2012-03-14,"New Wanderers Stadium, Johannesburg",1,16.3,Lions,Warriors,GH Bodi,ND McKenzie,WD Parnell,1,0,,,,,,,,,
530353,2011/12,2012-03-14,"New Wanderers Stadium, Johannesburg",1,16.4,Lions,Warriors,ND McKenzie,GH Bodi,WD Parnell,4,0,,,,,,,,,
530353,2011/12,2012-03-14,"New Wanderers Stadium, Johannesburg",1,16.5,Lions,Warriors,ND McKenzie,GH Bodi,WD Parnell,0,0,,,,,,,,,
530353,2011/12,2012-03-14,"New Wanderers Stadium, Johannesburg",1,16.6,Lions,Warriors,ND McKenzie,GH Bodi,WD Parnell,1,0,,,,,,,,,
530353,2011/12,2012-03-14,"New Wanderers Stadium, Johannesburg",1,17.1,Lions,Warriors,ND McKenzie,GH Bodi,J Theron,1,0,,,,,,,,,
530353,2011/12,2012-03-14,"New Wanderers Stadium, Johannesburg",1,17.2,Lions,Warriors,GH Bodi,ND McKenzie,J Theron,4,0,,,,,,,,,
530353,2011/12,2012-03-14,"New Wanderers Stadium, Johannesburg",1,17.3,Lions,Warriors,GH Bodi,ND McKenzie,J Theron,1,0,,,,,,,,,
530353,2011/12,2012-03-14,"New Wanderers Stadium, Johannesburg",1,17.4,Lions,Warriors,ND McKenzie,GH Bodi,J Theron,1,0,,,,,,,,,
530353,2011/12,2012-03-14,"New Wanderers Stadium, Johannesburg",1,17.5,Lions,Warriors,GH Bodi,ND McKenzie,J Theron,1,0,,,,,,,,,
530353,2011/12,2012-03-14,"New Wanderers Stadium, Johannesburg",1,17.6,Lions,Warriors,ND McKenzie,GH Bodi,J Theron,0,0,,,,,,bowled,ND McKenzie,,
530353,2011/12,2012-03-14,"New Wanderers Stadium, Johannesburg",1,18.1,Lions,Warriors,GH Bodi,CH Morris,WD Parnell,4,0,,,,,,,,,
530353,2011/12,2012-03-14,"New Wanderers Stadium, Johannesburg",1,18.2,Lions,Warriors,GH Bodi,CH Morris,WD Parnell,2,0,,,,,,,,,
530353,2011/12,2012-03-14,"New Wanderers Stadium, Johannesburg",1,18.3,Lions,Warriors,GH Bodi,CH Morris,WD Parnell,0,0,,,,,,caught,GH Bodi,,
530353,2011/12,2012-03-14,"New Wanderers Stadium, Johannesburg",1,18.4,Lions,Warriors,J Symes,CH Morris,WD Parnell,1,0,,,,,,,,,
530353,2011/12,2012-03-14,"New Wanderers Stadium, Johannesburg",1,18.5,Lions,Warriors,CH Morris,J Symes,WD Parnell,0,0,,,,,,,,,
530353,2011/12,2012-03-14,"New Wanderers Stadium, Johannesburg",1,18.6,Lions,Warriors,CH Morris,J Symes,WD Parnell,0,0,,,,,,caught,CH Morris,,
530353,2011/12,2012-03-14,"New Wanderers Stadium, Johannesburg",1,19.1,Lions,Warriors,TL Tsolekile,J Symes,J Theron,1,0,,,,,,,,,
530353,2011/12,2012-03-14,"New Wanderers Stadium, Johannesburg",1,19.2,Lions,Warriors,J Symes,TL Tsolekile,J Theron,1,0,,,,,,,,,
530353,2011/12,2012-03-14,"New Wanderers Stadium, Johannesburg",1,19.3,Lions,Warriors,TL Tsolekile,J Symes,J Theron,4,0,,,,,,,,,
530353,2011/12,2012-03-14,"New Wanderers Stadium, Johannesburg",1,19.4,Lions,Warriors,TL Tsolekile,J Symes,J Theron,1,0,,,,,,,,,
530353,2011/12,2012-03-14,"New Wanderers Stadium, Johannesburg",1,19.5,Lions,Warriors,J Symes,TL Tsolekile,J Theron,2,0,,,,,,,,,
530353,2011/12,2012-03-14,"New Wanderers Stadium, Johannesburg",1,19.6,Lions,Warriors,J Symes,TL Tsolekile,J Theron,4,0,,,,,,,,,
530353,2011/12,2012-03-14,"New Wanderers Stadium, Johannesburg",2,0.1,Warriors,Lions,JT Smuts,AG Prince,DP Nannes,0,0,,,,,,,,,
530353,2011/12,2012-03-14,"New Wanderers Stadium, Johannesburg",2,0.2,Warriors,Lions,JT Smuts,AG Prince,DP Nannes,1,0,,,,,,,,,
530353,2011/12,2012-03-14,"New Wanderers Stadium, Johannesburg",2,0.3,Warriors,Lions,AG Prince,JT Smuts,DP Nannes,1,0,,,,,,,,,
530353,2011/12,2012-03-14,"New Wanderers Stadium, Johannesburg",2,0.4,Warriors,Lions,JT Smuts,AG Prince,DP Nannes,0,0,,,,,,,,,
530353,2011/12,2012-03-14,"New Wanderers Stadium, Johannesburg",2,0.5,Warriors,Lions,JT Smuts,AG Prince,DP Nannes,0,0,,,,,,,,,
530353,2011/12,2012-03-14,"New Wanderers Stadium, Johannesburg",2,0.6,Warriors,Lions,JT Smuts,AG Prince,DP Nannes,0,0,,,,,,bowled,JT Smuts,,
530353,2011/12,2012-03-14,"New Wanderers Stadium, Johannesburg",2,1.1,Warriors,Lions,AG Prince,CA Ingram,Sohail Tanvir,0,0,,,,,,,,,
530353,2011/12,2012-03-14,"New Wanderers Stadium, Johannesburg",2,1.2,Warriors,Lions,AG Prince,CA Ingram,Sohail Tanvir,2,0,,,,,,,,,
530353,2011/12,2012-03-14,"New Wanderers Stadium, Johannesburg",2,1.3,Warriors,Lions,AG Prince,CA Ingram,Sohail Tanvir,0,1,1,,,,,,,,
530353,2011/12,2012-03-14,"New Wanderers Stadium, Johannesburg",2,1.4,Warriors,Lions,AG Prince,CA Ingram,Sohail Tanvir,1,0,,,,,,,,,
530353,2011/12,2012-03-14,"New Wanderers Stadium, Johannesburg",2,1.5,Warriors,Lions,CA Ingram,AG Prince,Sohail Tanvir,0,1,1,,,,,,,,
530353,2011/12,2012-03-14,"New Wanderers Stadium, Johannesburg",2,1.6,Warriors,Lions,CA Ingram,AG Prince,Sohail Tanvir,0,0,,,,,,,,,
530353,2011/12,2012-03-14,"New Wanderers Stadium, Johannesburg",2,1.7,Warriors,Lions,CA Ingram,AG Prince,Sohail Tanvir,0,0,,,,,,,,,
530353,2011/12,2012-03-14,"New Wanderers Stadium, Johannesburg",2,1.8,Warriors,Lions,CA Ingram,AG Prince,Sohail Tanvir,4,0,,,,,,,,,
530353,2011/12,2012-03-14,"New Wanderers Stadium, Johannesburg",2,2.1,Warriors,Lions,AG Prince,CA Ingram,DP Nannes,0,0,,,,,,,,,
530353,2011/12,2012-03-14,"New Wanderers Stadium, Johannesburg",2,2.2,Warriors,Lions,AG Prince,CA Ingram,DP Nannes,0,0,,,,,,,,,
530353,2011/12,2012-03-14,"New Wanderers Stadium, Johannesburg",2,2.3,Warriors,Lions,AG Prince,CA Ingram,DP Nannes,0,0,,,,,,,,,
530353,2011/12,2012-03-14,"New Wanderers Stadium, Johannesburg",2,2.4,Warriors,Lions,AG Prince,CA Ingram,DP Nannes,0,0,,,,,,,,,
530353,2011/12,2012-03-14,"New Wanderers Stadium, Johannesburg",2,2.5,Warriors,Lions,AG Prince,CA Ingram,DP Nannes,0,0,,,,,,,,,
530353,2011/12,2012-03-14,"New Wanderers Stadium, Johannesburg",2,2.6,Warriors,Lions,AG Prince,CA Ingram,DP Nannes,0,0,,,,,,bowled,AG Prince,,
530353,2011/12,2012-03-14,"New Wanderers Stadium, Johannesburg",2,3.1,Warriors,Lions,CA Ingram,J Botha,CH Morris,0,1,,,,1,,,,,
530353,2011/12,2012-03-14,"New Wanderers Stadium, Johannesburg",2,3.2,Warriors,Lions,J Botha,CA Ingram,CH Morris,0,0,,,,,,,,,
530353,2011/12,2012-03-14,"New Wanderers Stadium, Johannesburg",2,3.3,Warriors,Lions,J Botha,CA Ingram,CH Morris,1,0,,,,,,,,,
530353,2011/12,2012-03-14,"New Wanderers Stadium, Johannesburg",2,3.4,Warriors,Lions,CA Ingram,J Botha,CH Morris,4,0,,,,,,,,,
530353,2011/12,2012-03-14,"New Wanderers Stadium, Johannesburg",2,3.5,Warriors,Lions,CA Ingram,J Botha,CH Morris,0,0,,,,,,,,,
530353,2011/12,2012-03-14,"New Wanderers Stadium, Johannesburg",2,3.6,Warriors,Lions,CA Ingram,J Botha,CH Morris,0,0,,,,,,caught,CA Ingram,,
530353,2011/12,2012-03-14,"New Wanderers Stadium, Johannesburg",2,4.1,Warriors,Lions,KR Smuts,J Botha,DP Nannes,0,1,,,,1,,,,,
530353,2011/12,2012-03-14,"New Wanderers Stadium, Johannesburg",2,4.2,Warriors,Lions,J Botha,KR Smuts,DP Nannes,1,0,,,,,,,,,
530353,2011/12,2012-03-14,"New Wanderers Stadium, Johannesburg",2,4.3,Warriors,Lions,KR Smuts,J Botha,DP Nannes,1,0,,,,,,,,,
530353,2011/12,2012-03-14,"New Wanderers Stadium, Johannesburg",2,4.4,Warriors,Lions,J Botha,KR Smuts,DP Nannes,0,1,1,,,,,,,,
530353,2011/12,2012-03-14,"New Wanderers Stadium, Johannesburg",2,4.5,Warriors,Lions,J Botha,KR Smuts,DP Nannes,0,1,,,,1,,,,,
530353,2011/12,2012-03-14,"New Wanderers Stadium, Johannesburg",2,4.6,Warriors,Lions,KR Smuts,J Botha,DP Nannes,4,0,,,,,,,,,
530353,2011/12,2012-03-14,"New Wanderers Stadium, Johannesburg",2,4.7,Warriors,Lions,KR Smuts,J Botha,DP Nannes,0,0,,,,,,,,,
530353,2011/12,2012-03-14,"New Wanderers Stadium, Johannesburg",2,5.1,Warriors,Lions,J Botha,KR Smuts,CH Morris,0,0,,,,,,,,,
530353,2011/12,2012-03-14,"New Wanderers Stadium, Johannesburg",2,5.2,Warriors,Lions,J Botha,KR Smuts,CH Morris,0,1,1,,,,,,,,
530353,2011/12,2012-03-14,"New Wanderers Stadium, Johannesburg",2,5.3,Warriors,Lions,J Botha,KR Smuts,CH Morris,1,0,,,,,,,,,
530353,2011/12,2012-03-14,"New Wanderers Stadium, Johannesburg",2,5.4,Warriors,Lions,KR Smuts,J Botha,CH Morris,0,0,,,,,,bowled,KR Smuts,,
530353,2011/12,2012-03-14,"New Wanderers Stadium, Johannesburg",2,5.5,Warriors,Lions,CA Thyssen,J Botha,CH Morris,0,0,,,,,,,,,
530353,2011/12,2012-03-14,"New Wanderers Stadium, Johannesburg",2,5.6,Warriors,Lions,CA Thyssen,J Botha,CH Morris,0,0,,,,,,,,,
530353,2011/12,2012-03-14,"New Wanderers Stadium, Johannesburg",2,5.7,Warriors,Lions,CA Thyssen,J Botha,CH Morris,0,0,,,,,,,,,
530353,2011/12,2012-03-14,"New Wanderers Stadium, Johannesburg",2,6.1,Warriors,Lions,J Botha,CA Thyssen,AM Phangiso,1,0,,,,,,,,,
530353,2011/12,2012-03-14,"New Wanderers Stadium, Johannesburg",2,6.2,Warriors,Lions,CA Thyssen,J Botha,AM Phangiso,1,0,,,,,,,,,
530353,2011/12,2012-03-14,"New Wanderers Stadium, Johannesburg",2,6.3,Warriors,Lions,J Botha,CA Thyssen,AM Phangiso,1,0,,,,,,,,,
530353,2011/12,2012-03-14,"New Wanderers Stadium, Johannesburg",2,6.4,Warriors,Lions,CA Thyssen,J Botha,AM Phangiso,1,0,,,,,,,,,
530353,2011/12,2012-03-14,"New Wanderers Stadium, Johannesburg",2,6.5,Warriors,Lions,J Botha,CA Thyssen,AM Phangiso,0,0,,,,,,,,,
530353,2011/12,2012-03-14,"New Wanderers Stadium, Johannesburg",2,6.6,Warriors,Lions,J Botha,CA Thyssen,AM Phangiso,3,0,,,,,,,,,
530353,2011/12,2012-03-14,"New Wanderers Stadium, Johannesburg",2,7.1,Warriors,Lions,J Botha,CA Thyssen,D Pretorius,0,1,,,,1,,,,,
530353,2011/12,2012-03-14,"New Wanderers Stadium, Johannesburg",2,7.2,Warriors,Lions,CA Thyssen,J Botha,D Pretorius,0,0,,,,,,bowled,CA Thyssen,,
530353,2011/12,2012-03-14,"New Wanderers Stadium, Johannesburg",2,7.3,Warriors,Lions,WD Parnell,J Botha,D Pretorius,4,0,,,,,,,,,
530353,2011/12,2012-03-14,"New Wanderers Stadium, Johannesburg",2,7.4,Warriors,Lions,WD Parnell,J Botha,D Pretorius,1,0,,,,,,,,,
530353,2011/12,2012-03-14,"New Wanderers Stadium, Johannesburg",2,7.5,Warriors,Lions,J Botha,WD Parnell,D Pretorius,0,0,,,,,,,,,
530353,2011/12,2012-03-14,"New Wanderers Stadium, Johannesburg",2,7.6,Warriors,Lions,J Botha,WD Parnell,D Pretorius,1,0,,,,,,,,,
530353,2011/12,2012-03-14,"New Wanderers Stadium, Johannesburg",2,8.1,Warriors,Lions,J Botha,WD Parnell,AM Phangiso,1,0,,,,,,,,,
530353,2011/12,2012-03-14,"New Wanderers Stadium, Johannesburg",2,8.2,Warriors,Lions,WD Parnell,J Botha,AM Phangiso,4,0,,,,,,,,,
530353,2011/12,2012-03-14,"New Wanderers Stadium, Johannesburg",2,8.3,Warriors,Lions,WD Parnell,J Botha,AM Phangiso,0,0,,,,,,caught and bowled,WD Parnell,,
530353,2011/12,2012-03-14,"New Wanderers Stadium, Johannesburg",2,8.4,Warriors,Lions,N Boje,J Botha,AM Phangiso,1,0,,,,,,,,,
530353,2011/12,2012-03-14,"New Wanderers Stadium, Johannesburg",2,8.5,Warriors,Lions,J Botha,N Boje,AM Phangiso,0,1,1,,,,,,,,
530353,2011/12,2012-03-14,"New Wanderers Stadium, Johannesburg",2,8.6,Warriors,Lions,J Botha,N Boje,AM Phangiso,1,0,,,,,,,,,
530353,2011/12,2012-03-14,"New Wanderers Stadium, Johannesburg",2,8.7,Warriors,Lions,N Boje,J Botha,AM Phangiso,1,0,,,,,,,,,
530353,2011/12,2012-03-14,"New Wanderers Stadium, Johannesburg",2,9.1,Warriors,Lions,N Boje,J Botha,D Pretorius,0,0,,,,,,,,,
530353,2011/12,2012-03-14,"New Wanderers Stadium, Johannesburg",2,9.2,Warriors,Lions,N Boje,J Botha,D Pretorius,1,0,,,,,,,,,
530353,2011/12,2012-03-14,"New Wanderers Stadium, Johannesburg",2,9.3,Warriors,Lions,J Botha,N Boje,D Pretorius,0,0,,,,,,,,,
530353,2011/12,2012-03-14,"New Wanderers Stadium, Johannesburg",2,9.4,Warriors,Lions,J Botha,N Boje,D Pretorius,0,0,,,,,,,,,
530353,2011/12,2012-03-14,"New Wanderers Stadium, Johannesburg",2,9.5,Warriors,Lions,J Botha,N Boje,D Pretorius,1,0,,,,,,,,,
530353,2011/12,2012-03-14,"New Wanderers Stadium, Johannesburg",2,9.6,Warriors,Lions,N Boje,J Botha,D Pretorius,1,0,,,,,,,,,
530353,2011/12,2012-03-14,"New Wanderers Stadium, Johannesburg",2,10.1,Warriors,Lions,N Boje,J Botha,AM Phangiso,6,0,,,,,,,,,
530353,2011/12,2012-03-14,"New Wanderers Stadium, Johannesburg",2,10.2,Warriors,Lions,N Boje,J Botha,AM Phangiso,0,0,,,,,,bowled,N Boje,,
530353,2011/12,2012-03-14,"New Wanderers Stadium, Johannesburg",2,10.3,Warriors,Lions,AZM Dyili,J Botha,AM Phangiso,0,1,1,,,,,,,,
530353,2011/12,2012-03-14,"New Wanderers Stadium, Johannesburg",2,10.4,Warriors,Lions,AZM Dyili,J Botha,AM Phangiso,1,0,,,,,,,,,
530353,2011/12,2012-03-14,"New Wanderers Stadium, Johannesburg",2,10.5,Warriors,Lions,J Botha,AZM Dyili,AM Phangiso,1,0,,,,,,,,,
530353,2011/12,2012-03-14,"New Wanderers Stadium, Johannesburg",2,10.6,Warriors,Lions,AZM Dyili,J Botha,AM Phangiso,4,0,,,,,,,,,
530353,2011/12,2012-03-14,"New Wanderers Stadium, Johannesburg",2,10.7,Warriors,Lions,AZM Dyili,J Botha,AM Phangiso,1,0,,,,,,,,,
530353,2011/12,2012-03-14,"New Wanderers Stadium, Johannesburg",2,11.1,Warriors,Lions,AZM Dyili,J Botha,D Pretorius,4,0,,,,,,,,,
530353,2011/12,2012-03-14,"New Wanderers Stadium, Johannesburg",2,11.2,Warriors,Lions,AZM Dyili,J Botha,D Pretorius,1,0,,,,,,,,,
530353,2011/12,2012-03-14,"New Wanderers Stadium, Johannesburg",2,11.3,Warriors,Lions,J Botha,AZM Dyili,D Pretorius,0,0,,,,,,,,,
530353,2011/12,2012-03-14,"New Wanderers Stadium, Johannesburg",2,11.4,Warriors,Lions,J Botha,AZM Dyili,D Pretorius,1,0,,,,,,,,,
530353,2011/12,2012-03-14,"New Wanderers Stadium, Johannesburg",2,11.5,Warriors,Lions,AZM Dyili,J Botha,D Pretorius,1,0,,,,,,,,,
530353,2011/12,2012-03-14,"New Wanderers Stadium, Johannesburg",2,11.6,Warriors,Lions,J Botha,AZM Dyili,D Pretorius,1,0,,,,,,,,,
530353,2011/12,2012-03-14,"New Wanderers Stadium, Johannesburg",2,12.1,Warriors,Lions,J Botha,AZM Dyili,J Symes,0,0,,,,,,bowled,J Botha,,
530353,2011/12,2012-03-14,"New Wanderers Stadium, Johannesburg",2,12.2,Warriors,Lions,J Theron,AZM Dyili,J Symes,0,2,2,,,,,,,,
530353,2011/12,2012-03-14,"New Wanderers Stadium, Johannesburg",2,12.3,Warriors,Lions,AZM Dyili,J Theron,J Symes,1,0,,,,,,,,,
530353,2011/12,2012-03-14,"New Wanderers Stadium, Johannesburg",2,12.4,Warriors,Lions,J Theron,AZM Dyili,J Symes,0,0,,,,,,,,,
530353,2011/12,2012-03-14,"New Wanderers Stadium, Johannesburg",2,12.5,Warriors,Lions,J Theron,AZM Dyili,J Symes,1,0,,,,,,,,,
530353,2011/12,2012-03-14,"New Wanderers Stadium, Johannesburg",2,12.6,Warriors,Lions,AZM Dyili,J Theron,J Symes,1,0,,,,,,,,,
530353,2011/12,2012-03-14,"New Wanderers Stadium, Johannesburg",2,12.7,Warriors,Lions,J Theron,AZM Dyili,J Symes,0,0,,,,,,bowled,J Theron,,
530353,2011/12,2012-03-14,"New Wanderers Stadium, Johannesburg",2,13.1,Warriors,Lions,AZM Dyili,M Ntini,Sohail Tanvir,0,0,,,,,,,,,
530353,2011/12,2012-03-14,"New Wanderers Stadium, Johannesburg",2,13.2,Warriors,Lions,AZM Dyili,M Ntini,Sohail Tanvir,0,1,1,,,,,,,,
530353,2011/12,2012-03-14,"New Wanderers Stadium, Johannesburg",2,13.3,Warriors,Lions,AZM Dyili,M Ntini,Sohail Tanvir,1,0,,,,,,,,,
530353,2011/12,2012-03-14,"New Wanderers Stadium, Johannesburg",2,13.4,Warriors,Lions,M Ntini,AZM Dyili,Sohail Tanvir,0,0,,,,,,,,,
530353,2011/12,2012-03-14,"New Wanderers Stadium, Johannesburg",2,13.5,Warriors,Lions,M Ntini,AZM Dyili,Sohail Tanvir,1,0,,,,,,,,,
530353,2011/12,2012-03-14,"New Wanderers Stadium, Johannesburg",2,13.6,Warriors,Lions,AZM Dyili,M Ntini,Sohail Tanvir,0,0,,,,,,,,,
530353,2011/12,2012-03-14,"New Wanderers Stadium, Johannesburg",2,13.7,Warriors,Lions,AZM Dyili,M Ntini,Sohail Tanvir,0,0,,,,,,,,,
530353,2011/12,2012-03-14,"New Wanderers Stadium, Johannesburg",2,14.1,Warriors,Lions,M Ntini,AZM Dyili,J Symes,0,0,,,,,,,,,
530353,2011/12,2012-03-14,"New Wanderers Stadium, Johannesburg",2,14.2,Warriors,Lions,M Ntini,AZM Dyili,J Symes,0,0,,,,,,caught,M Ntini,,
