match_id,season,start_date,venue,innings,ball,batting_team,bowling_team,striker,non_striker,bowler,runs_off_bat,extras,wides,noballs,byes,legbyes,penalty,wicket_type,player_dismissed,other_wicket_type,other_player_dismissed
530335,2011/12,2012-02-26,"Willowmoore Park, Benoni",1,0.1,Impi,Titans,LJ Wright,AP McLaren,AC Thomas,0,0,,,,,,,,,
530335,2011/12,2012-02-26,"Willowmoore Park, Benoni",1,0.2,Impi,Titans,LJ Wright,AP McLaren,AC Thomas,0,0,,,,,,,,,
530335,2011/12,2012-02-26,"Willowmoore Park, Benoni",1,0.3,Impi,Titans,LJ Wright,AP McLaren,AC Thomas,1,0,,,,,,,,,
530335,2011/12,2012-02-26,"Willowmoore Park, Benoni",1,0.4,Impi,Titans,AP McLaren,LJ Wright,AC Thomas,0,0,,,,,,,,,
530335,2011/12,2012-02-26,"Willowmoore Park, Benoni",1,0.5,Impi,Titans,AP McLaren,LJ Wright,AC Thomas,0,0,,,,,,,,,
530335,2011/12,2012-02-26,"Willowmoore Park, Benoni",1,0.6,Impi,Titans,AP McLaren,LJ Wright,AC Thomas,0,0,,,,,,,,,
530335,2011/12,2012-02-26,"Willowmoore Park, Benoni",1,1.1,Impi,Titans,LJ Wright,AP McLaren,RE van der Merwe,0,0,,,,,,,,,
530335,2011/12,2012-02-26,"Willowmoore Park, Benoni",1,1.2,Impi,Titans,LJ Wright,AP McLaren,RE van der Merwe,4,0,,,,,,,,,
530335,2011/12,2012-02-26,"Willowmoore Park, Benoni",1,1.3,Impi,Titans,LJ Wright,AP McLaren,RE van der Merwe,0,0,,,,,,,,,
530335,2011/12,2012-02-26,"Willowmoore Park, Benoni",1,1.4,Impi,Titans,LJ Wright,AP McLaren,RE van der Merwe,1,0,,,,,,,,,
530335,2011/12,2012-02-26,"Willowmoore Park, Benoni",1,1.5,Impi,Titans,AP McLaren,LJ Wright,RE van der Merwe,0,1,1,,,,,,,,
530335,2011/12,2012-02-26,"Willowmoore Park, Benoni",1,1.6,Impi,Titans,AP McLaren,LJ Wright,RE van der Merwe,4,0,,,,,,,,,
530335,2011/12,2012-02-26,"Willowmoore Park, Benoni",1,1.7,Impi,Titans,AP McLaren,LJ Wright,RE van der Merwe,0,0,,,,,,stumped,AP McLaren,,
530335,2011/12,2012-02-26,"Willowmoore Park, Benoni",1,2.1,Impi,Titans,LJ Wright,K Zondo,CJD de Villiers,4,0,,,,,,,,,
530335,2011/12,2012-02-26,"Willowmoore Park, Benoni",1,2.2,Impi,Titans,LJ Wright,K Zondo,CJD de Villiers,0,0,,,,,,,,,
530335,2011/12,2012-02-26,"Willowmoore Park, Benoni",1,2.3,Impi,Titans,LJ Wright,K Zondo,CJD de Villiers,1,0,,,,,,,,,
530335,2011/12,2012-02-26,"Willowmoore Park, Benoni",1,2.4,Impi,Titans,K Zondo,LJ Wright,CJD de Villiers,0,1,1,,,,,,,,
530335,2011/12,2012-02-26,"Willowmoore Park, Benoni",1,2.5,Impi,Titans,K Zondo,LJ Wright,CJD de Villiers,1,0,,,,,,,,,
530335,2011/12,2012-02-26,"Willowmoore Park, Benoni",1,2.6,Impi,Titans,LJ Wright,K Zondo,CJD de Villiers,4,0,,,,,,,,,
530335,2011/12,2012-02-26,"Willowmoore Park, Benoni",1,2.7,Impi,Titans,LJ Wright,K Zondo,CJD de Villiers,2,0,,,,,,,,,
530335,2011/12,2012-02-26,"Willowmoore Park, Benoni",1,3.1,Impi,Titans,K Zondo,LJ Wright,RR Richards,1,0,,,,,,,,,
530335,2011/12,2012-02-26,"Willowmoore Park, Benoni",1,3.2,Impi,Titans,LJ Wright,K Zondo,RR Richards,0,1,1,,,,,,,,
530335,2011/12,2012-02-26,"Willowmoore Park, Benoni",1,3.3,Impi,Titans,LJ Wright,K Zondo,RR Richards,4,0,,,,,,,,,
530335,2011/12,2012-02-26,"Willowmoore Park, Benoni",1,3.4,Impi,Titans,LJ Wright,K Zondo,RR Richards,0,0,,,,,,,,,
530335,2011/12,2012-02-26,"Willowmoore Park, Benoni",1,3.5,Impi,Titans,LJ Wright,K Zondo,RR Richards,1,0,,,,,,,,,
530335,2011/12,2012-02-26,"Willowmoore Park, Benoni",1,3.6,Impi,Titans,K Zondo,LJ Wright,RR Richards,4,0,,,,,,,,,
530335,2011/12,2012-02-26,"Willowmoore Park, Benoni",1,3.7,Impi,Titans,K Zondo,LJ Wright,RR Richards,0,0,,,,,,,,,
530335,2011/12,2012-02-26,"Willowmoore Park, Benoni",1,4.1,Impi,Titans,LJ Wright,K Zondo,CJD de Villiers,4,0,,,,,,,,,
530335,2011/12,2012-02-26,"Willowmoore Park, Benoni",1,4.2,Impi,Titans,LJ Wright,K Zondo,CJD de Villiers,2,0,,,,,,,,,
530335,2011/12,2012-02-26,"Willowmoore Park, Benoni",1,4.3,Impi,Titans,LJ Wright,K Zondo,CJD de Villiers,0,0,,,,,,caught,LJ Wright,,
530335,2011/12,2012-02-26,"Willowmoore Park, Benoni",1,4.4,Impi,Titans,K Zondo,PD Collingwood,CJD de Villiers,0,0,,,,,,,,,
530335,2011/12,2012-02-26,"Willowmoore Park, Benoni",1,4.5,Impi,Titans,K Zondo,PD Collingwood,CJD de Villiers,0,0,,,,,,,,,
530335,2011/12,2012-02-26,"Willowmoore Park, Benoni",1,4.6,Impi,Titans,K Zondo,PD Collingwood,CJD de Villiers,1,0,,,,,,,,,
530335,2011/12,2012-02-26,"Willowmoore Park, Benoni",1,5.1,Impi,Titans,K Zondo,PD Collingwood,AC Thomas,1,0,,,,,,,,,
530335,2011/12,2012-02-26,"Willowmoore Park, Benoni",1,5.2,Impi,Titans,PD Collingwood,K Zondo,AC Thomas,1,0,,,,,,,,,
530335,2011/12,2012-02-26,"Willowmoore Park, Benoni",1,5.3,Impi,Titans,K Zondo,PD Collingwood,AC Thomas,1,0,,,,,,,,,
530335,2011/12,2012-02-26,"Willowmoore Park, Benoni",1,5.4,Impi,Titans,PD Collingwood,K Zondo,AC Thomas,0,0,,,,,,,,,
530335,2011/12,2012-02-26,"Willowmoore Park, Benoni",1,5.5,Impi,Titans,PD Collingwood,K Zondo,AC Thomas,6,0,,,,,,,,,
530335,2011/12,2012-02-26,"Willowmoore Park, Benoni",1,5.6,Impi,Titans,PD Collingwood,K Zondo,AC Thomas,2,0,,,,,,,,,
530335,2011/12,2012-02-26,"Willowmoore Park, Benoni",1,6.1,Impi,Titans,K Zondo,PD Collingwood,RE van der Merwe,0,0,,,,,,,,,
530335,2011/12,2012-02-26,"Willowmoore Park, Benoni",1,6.2,Impi,Titans,K Zondo,PD Collingwood,RE van der Merwe,0,0,,,,,,,,,
530335,2011/12,2012-02-26,"Willowmoore Park, Benoni",1,6.3,Impi,Titans,K Zondo,PD Collingwood,RE van der Merwe,1,0,,,,,,,,,
530335,2011/12,2012-02-26,"Willowmoore Park, Benoni",1,6.4,Impi,Titans,PD Collingwood,K Zondo,RE van der Merwe,1,0,,,,,,,,,
530335,2011/12,2012-02-26,"Willowmoore Park, Benoni",1,6.5,Impi,Titans,K Zondo,PD Collingwood,RE van der Merwe,1,0,,,,,,,,,
530335,2011/12,2012-02-26,"Willowmoore Park, Benoni",1,6.6,Impi,Titans,PD Collingwood,K Zondo,RE van der Merwe,1,0,,,,,,,,,
530335,2011/12,2012-02-26,"Willowmoore Park, Benoni",1,7.1,Impi,Titans,PD Collingwood,K Zondo,ER Links,0,0,,,,,,,,,
530335,2011/12,2012-02-26,"Willowmoore Park, Benoni",1,7.2,Impi,Titans,PD Collingwood,K Zondo,ER Links,1,0,,,,,,,,,
530335,2011/12,2012-02-26,"Willowmoore Park, Benoni",1,7.3,Impi,Titans,K Zondo,PD Collingwood,ER Links,2,0,,,,,,,,,
530335,2011/12,2012-02-26,"Willowmoore Park, Benoni",1,7.4,Impi,Titans,K Zondo,PD Collingwood,ER Links,0,0,,,,,,,,,
530335,2011/12,2012-02-26,"Willowmoore Park, Benoni",1,7.5,Impi,Titans,K Zondo,PD Collingwood,ER Links,2,0,,,,,,,,,
530335,2011/12,2012-02-26,"Willowmoore Park, Benoni",1,7.6,Impi,Titans,K Zondo,PD Collingwood,ER Links,1,0,,,,,,,,,
530335,2011/12,2012-02-26,"Willowmoore Park, Benoni",1,8.1,Impi,Titans,K Zondo,PD Collingwood,H Davids,1,0,,,,,,,,,
530335,2011/12,2012-02-26,"Willowmoore Park, Benoni",1,8.2,Impi,Titans,PD Collingwood,K Zondo,H Davids,6,0,,,,,,,,,
530335,2011/12,2012-02-26,"Willowmoore Park, Benoni",1,8.3,Impi,Titans,PD Collingwood,K Zondo,H Davids,4,0,,,,,,,,,
530335,2011/12,2012-02-26,"Willowmoore Park, Benoni",1,8.4,Impi,Titans,PD Collingwood,K Zondo,H Davids,1,0,,,,,,,,,
530335,2011/12,2012-02-26,"Willowmoore Park, Benoni",1,8.5,Impi,Titans,K Zondo,PD Collingwood,H Davids,1,0,,,,,,,,,
530335,2011/12,2012-02-26,"Willowmoore Park, Benoni",1,8.6,Impi,Titans,PD Collingwood,K Zondo,H Davids,1,0,,,,,,,,,
530335,2011/12,2012-02-26,"Willowmoore Park, Benoni",1,9.1,Impi,Titans,PD Collingwood,K Zondo,RR Richards,1,0,,,,,,,,,
530335,2011/12,2012-02-26,"Willowmoore Park, Benoni",1,9.2,Impi,Titans,K Zondo,PD Collingwood,RR Richards,4,0,,,,,,,,,
530335,2011/12,2012-02-26,"Willowmoore Park, Benoni",1,9.3,Impi,Titans,K Zondo,PD Collingwood,RR Richards,0,0,,,,,,,,,
530335,2011/12,2012-02-26,"Willowmoore Park, Benoni",1,9.4,Impi,Titans,K Zondo,PD Collingwood,RR Richards,1,0,,,,,,,,,
530335,2011/12,2012-02-26,"Willowmoore Park, Benoni",1,9.5,Impi,Titans,PD Collingwood,K Zondo,RR Richards,0,0,,,,,,,,,
530335,2011/12,2012-02-26,"Willowmoore Park, Benoni",1,9.6,Impi,Titans,PD Collingwood,K Zondo,RR Richards,0,0,,,,,,,,,
530335,2011/12,2012-02-26,"Willowmoore Park, Benoni",1,10.1,Impi,Titans,K Zondo,PD Collingwood,RE van der Merwe,1,0,,,,,,,,,
530335,2011/12,2012-02-26,"Willowmoore Park, Benoni",1,10.2,Impi,Titans,PD Collingwood,K Zondo,RE van der Merwe,2,0,,,,,,,,,
530335,2011/12,2012-02-26,"Willowmoore Park, Benoni",1,10.3,Impi,Titans,PD Collingwood,K Zondo,RE van der Merwe,0,2,2,,,,,,,,
530335,2011/12,2012-02-26,"Willowmoore Park, Benoni",1,10.4,Impi,Titans,K Zondo,PD Collingwood,RE van der Merwe,1,0,,,,,,,,,
530335,2011/12,2012-02-26,"Willowmoore Park, Benoni",1,10.5,Impi,Titans,PD Collingwood,K Zondo,RE van der Merwe,1,0,,,,,,,,,
530335,2011/12,2012-02-26,"Willowmoore Park, Benoni",1,10.6,Impi,Titans,K Zondo,PD Collingwood,RE van der Merwe,1,0,,,,,,,,,
530335,2011/12,2012-02-26,"Willowmoore Park, Benoni",1,10.7,Impi,Titans,PD Collingwood,K Zondo,RE van der Merwe,0,0,,,,,,,,,
530335,2011/12,2012-02-26,"Willowmoore Park, Benoni",1,11.1,Impi,Titans,K Zondo,PD Collingwood,D Wiese,1,0,,,,,,run out,PD Collingwood,,
530335,2011/12,2012-02-26,"Willowmoore Park, Benoni",1,11.2,Impi,Titans,K Zondo,RN ten Doeschate,D Wiese,1,0,,,,,,,,,
530335,2011/12,2012-02-26,"Willowmoore Park, Benoni",1,11.3,Impi,Titans,RN ten Doeschate,K Zondo,D Wiese,1,0,,,,,,,,,
530335,2011/12,2012-02-26,"Willowmoore Park, Benoni",1,11.4,Impi,Titans,K Zondo,RN ten Doeschate,D Wiese,0,0,,,,,,,,,
530335,2011/12,2012-02-26,"Willowmoore Park, Benoni",1,11.5,Impi,Titans,K Zondo,RN ten Doeschate,D Wiese,1,0,,,,,,,,,
530335,2011/12,2012-02-26,"Willowmoore Park, Benoni",1,11.6,Impi,Titans,RN ten Doeschate,K Zondo,D Wiese,0,0,,,,,,bowled,RN ten Doeschate,,
530335,2011/12,2012-02-26,"Willowmoore Park, Benoni",1,12.1,Impi,Titans,K Zondo,MQ Adams,RE van der Merwe,4,0,,,,,,,,,
530335,2011/12,2012-02-26,"Willowmoore Park, Benoni",1,12.2,Impi,Titans,K Zondo,MQ Adams,RE van der Merwe,0,0,,,,,,caught,K Zondo,,
530335,2011/12,2012-02-26,"Willowmoore Park, Benoni",1,12.3,Impi,Titans,R Cameron,MQ Adams,RE van der Merwe,0,0,,,,,,caught,R Cameron,,
530335,2011/12,2012-02-26,"Willowmoore Park, Benoni",1,12.4,Impi,Titans,RCC Canning,MQ Adams,RE van der Merwe,0,0,,,,,,,,,
530335,2011/12,2012-02-26,"Willowmoore Park, Benoni",1,12.5,Impi,Titans,RCC Canning,MQ Adams,RE van der Merwe,1,0,,,,,,,,,
530335,2011/12,2012-02-26,"Willowmoore Park, Benoni",1,12.6,Impi,Titans,MQ Adams,RCC Canning,RE van der Merwe,1,0,,,,,,,,,
530335,2011/12,2012-02-26,"Willowmoore Park, Benoni",1,13.1,Impi,Titans,MQ Adams,RCC Canning,D Wiese,1,0,,,,,,,,,
530335,2011/12,2012-02-26,"Willowmoore Park, Benoni",1,13.2,Impi,Titans,RCC Canning,MQ Adams,D Wiese,1,0,,,,,,,,,
530335,2011/12,2012-02-26,"Willowmoore Park, Benoni",1,13.3,Impi,Titans,MQ Adams,RCC Canning,D Wiese,0,0,,,,,,,,,
530335,2011/12,2012-02-26,"Willowmoore Park, Benoni",1,13.4,Impi,Titans,MQ Adams,RCC Canning,D Wiese,1,0,,,,,,,,,
530335,2011/12,2012-02-26,"Willowmoore Park, Benoni",1,13.5,Impi,Titans,RCC Canning,MQ Adams,D Wiese,1,0,,,,,,,,,
530335,2011/12,2012-02-26,"Willowmoore Park, Benoni",1,13.6,Impi,Titans,MQ Adams,RCC Canning,D Wiese,0,0,,,,,,,,,
530335,2011/12,2012-02-26,"Willowmoore Park, Benoni",1,14.1,Impi,Titans,RCC Canning,MQ Adams,ER Links,1,0,,,,,,,,,
530335,2011/12,2012-02-26,"Willowmoore Park, Benoni",1,14.2,Impi,Titans,MQ Adams,RCC Canning,ER Links,0,0,,,,,,,,,
530335,2011/12,2012-02-26,"Willowmoore Park, Benoni",1,14.3,Impi,Titans,MQ Adams,RCC Canning,ER Links,1,0,,,,,,,,,
530335,2011/12,2012-02-26,"Willowmoore Park, Benoni",1,14.4,Impi,Titans,RCC Canning,MQ Adams,ER Links,1,0,,,,,,,,,
530335,2011/12,2012-02-26,"Willowmoore Park, Benoni",1,14.5,Impi,Titans,MQ Adams,RCC Canning,ER Links,1,0,,,,,,,,,
530335,2011/12,2012-02-26,"Willowmoore Park, Benoni",1,14.6,Impi,Titans,RCC Canning,MQ Adams,ER Links,1,0,,,,,,,,,
530335,2011/12,2012-02-26,"Willowmoore Park, Benoni",1,15.1,Impi,Titans,RCC Canning,MQ Adams,D Wiese,0,0,,,,,,,,,
530335,2011/12,2012-02-26,"Willowmoore Park, Benoni",1,15.2,Impi,Titans,RCC Canning,MQ Adams,D Wiese,1,0,,,,,,,,,
530335,2011/12,2012-02-26,"Willowmoore Park, Benoni",1,15.3,Impi,Titans,MQ Adams,RCC Canning,D Wiese,0,0,,,,,,,,,
530335,2011/12,2012-02-26,"Willowmoore Park, Benoni",1,15.4,Impi,Titans,MQ Adams,RCC Canning,D Wiese,0,0,,,,,,,,,
530335,2011/12,2012-02-26,"Willowmoore Park, Benoni",1,15.5,Impi,Titans,MQ Adams,RCC Canning,D Wiese,4,0,,,,,,,,,
530335,2011/12,2012-02-26,"Willowmoore Park, Benoni",1,15.6,Impi,Titans,MQ Adams,RCC Canning,D Wiese,0,0,,,,,,,,,
530335,2011/12,2012-02-26,"Willowmoore Park, Benoni",1,16.1,Impi,Titans,RCC Canning,MQ Adams,ER Links,2,0,,,,,,,,,
530335,2011/12,2012-02-26,"Willowmoore Park, Benoni",1,16.2,Impi,Titans,RCC Canning,MQ Adams,ER Links,1,0,,,,,,,,,
530335,2011/12,2012-02-26,"Willowmoore Park, Benoni",1,16.3,Impi,Titans,MQ Adams,RCC Canning,ER Links,0,0,,,,,,caught,MQ Adams,,
530335,2011/12,2012-02-26,"Willowmoore Park, Benoni",1,16.4,Impi,Titans,RCC Canning,S Simetu,ER Links,1,0,,,,,,,,,
530335,2011/12,2012-02-26,"Willowmoore Park, Benoni",1,16.5,Impi,Titans,S Simetu,RCC Canning,ER Links,0,0,,,,,,,,,
530335,2011/12,2012-02-26,"Willowmoore Park, Benoni",1,16.6,Impi,Titans,S Simetu,RCC Canning,ER Links,1,0,,,,,,,,,
530335,2011/12,2012-02-26,"Willowmoore Park, Benoni",1,17.1,Impi,Titans,S Simetu,RCC Canning,AC Thomas,0,0,,,,,,,,,
530335,2011/12,2012-02-26,"Willowmoore Park, Benoni",1,17.2,Impi,Titans,S Simetu,RCC Canning,AC Thomas,0,1,1,,,,,,,,
530335,2011/12,2012-02-26,"Willowmoore Park, Benoni",1,17.3,Impi,Titans,S Simetu,RCC Canning,AC Thomas,1,0,,,,,,,,,
530335,2011/12,2012-02-26,"Willowmoore Park, Benoni",1,17.4,Impi,Titans,RCC Canning,S Simetu,AC Thomas,1,0,,,,,,,,,
530335,2011/12,2012-02-26,"Willowmoore Park, Benoni",1,17.5,Impi,Titans,S Simetu,RCC Canning,AC Thomas,1,0,,,,,,,,,
530335,2011/12,2012-02-26,"Willowmoore Park, Benoni",1,17.6,Impi,Titans,RCC Canning,S Simetu,AC Thomas,1,0,,,,,,,,,
530335,2011/12,2012-02-26,"Willowmoore Park, Benoni",1,17.7,Impi,Titans,S Simetu,RCC Canning,AC Thomas,1,0,,,,,,,,,
530335,2011/12,2012-02-26,"Willowmoore Park, Benoni",1,18.1,Impi,Titans,S Simetu,RCC Canning,ER Links,1,0,,,,,,,,,
530335,2011/12,2012-02-26,"Willowmoore Park, Benoni",1,18.2,Impi,Titans,RCC Canning,S Simetu,ER Links,2,0,,,,,,,,,
530335,2011/12,2012-02-26,"Willowmoore Park, Benoni",1,18.3,Impi,Titans,RCC Canning,S Simetu,ER Links,1,0,,,,,,run out,S Simetu,,
530335,2011/12,2012-02-26,"Willowmoore Park, Benoni",1,18.4,Impi,Titans,RCC Canning,BM Edmondson,ER Links,1,0,,,,,,,,,
530335,2011/12,2012-02-26,"Willowmoore Park, Benoni",1,18.5,Impi,Titans,BM Edmondson,RCC Canning,ER Links,0,0,,,,,,,,,
530335,2011/12,2012-02-26,"Willowmoore Park, Benoni",1,18.6,Impi,Titans,BM Edmondson,RCC Canning,ER Links,0,0,,,,,,bowled,BM Edmondson,,
530335,2011/12,2012-02-26,"Willowmoore Park, Benoni",1,19.1,Impi,Titans,RCC Canning,P Matshikwe,AC Thomas,0,0,,,,,,,,,
530335,2011/12,2012-02-26,"Willowmoore Park, Benoni",1,19.2,Impi,Titans,RCC Canning,P Matshikwe,AC Thomas,0,0,,,,,,,,,
530335,2011/12,2012-02-26,"Willowmoore Park, Benoni",1,19.3,Impi,Titans,RCC Canning,P Matshikwe,AC Thomas,0,0,,,,,,,,,
530335,2011/12,2012-02-26,"Willowmoore Park, Benoni",1,19.4,Impi,Titans,RCC Canning,P Matshikwe,AC Thomas,0,0,,,,,,caught,RCC Canning,,
530335,2011/12,2012-02-26,"Willowmoore Park, Benoni",2,0.1,Titans,Impi,JA Rudolph,H Davids,S Simetu,0,0,,,,,,,,,
530335,2011/12,2012-02-26,"Willowmoore Park, Benoni",2,0.2,Titans,Impi,JA Rudolph,H Davids,S Simetu,1,0,,,,,,,,,
530335,2011/12,2012-02-26,"Willowmoore Park, Benoni",2,0.3,Titans,Impi,H Davids,JA Rudolph,S Simetu,0,0,,,,,,,,,
530335,2011/12,2012-02-26,"Willowmoore Park, Benoni",2,0.4,Titans,Impi,H Davids,JA Rudolph,S Simetu,1,0,,,,,,,,,
530335,2011/12,2012-02-26,"Willowmoore Park, Benoni",2,0.5,Titans,Impi,JA Rudolph,H Davids,S Simetu,0,0,,,,,,,,,
530335,2011/12,2012-02-26,"Willowmoore Park, Benoni",2,0.6,Titans,Impi,JA Rudolph,H Davids,S Simetu,1,0,,,,,,,,,
530335,2011/12,2012-02-26,"Willowmoore Park, Benoni",2,1.1,Titans,Impi,JA Rudolph,H Davids,BM Edmondson,0,1,1,,,,,,,,
530335,2011/12,2012-02-26,"Willowmoore Park, Benoni",2,1.2,Titans,Impi,JA Rudolph,H Davids,BM Edmondson,1,0,,,,,,,,,
530335,2011/12,2012-02-26,"Willowmoore Park, Benoni",2,1.3,Titans,Impi,H Davids,JA Rudolph,BM Edmondson,2,0,,,,,,,,,
530335,2011/12,2012-02-26,"Willowmoore Park, Benoni",2,1.4,Titans,Impi,H Davids,JA Rudolph,BM Edmondson,0,0,,,,,,,,,
530335,2011/12,2012-02-26,"Willowmoore Park, Benoni",2,1.5,Titans,Impi,H Davids,JA Rudolph,BM Edmondson,2,0,,,,,,,,,
530335,2011/12,2012-02-26,"Willowmoore Park, Benoni",2,1.6,Titans,Impi,H Davids,JA Rudolph,BM Edmondson,6,0,,,,,,,,,
530335,2011/12,2012-02-26,"Willowmoore Park, Benoni",2,1.7,Titans,Impi,H Davids,JA Rudolph,BM Edmondson,0,1,1,,,,,,,,
530335,2011/12,2012-02-26,"Willowmoore Park, Benoni",2,1.8,Titans,Impi,H Davids,JA Rudolph,BM Edmondson,0,0,,,,,,,,,
530335,2011/12,2012-02-26,"Willowmoore Park, Benoni",2,2.1,Titans,Impi,JA Rudolph,H Davids,S Simetu,0,0,,,,,,,,,
530335,2011/12,2012-02-26,"Willowmoore Park, Benoni",2,2.2,Titans,Impi,JA Rudolph,H Davids,S Simetu,6,0,,,,,,,,,
530335,2011/12,2012-02-26,"Willowmoore Park, Benoni",2,2.3,Titans,Impi,JA Rudolph,H Davids,S Simetu,0,0,,,,,,,,,
530335,2011/12,2012-02-26,"Willowmoore Park, Benoni",2,2.4,Titans,Impi,JA Rudolph,H Davids,S Simetu,0,0,,,,,,,,,
530335,2011/12,2012-02-26,"Willowmoore Park, Benoni",2,2.5,Titans,Impi,JA Rudolph,H Davids,S Simetu,1,0,,,,,,,,,
530335,2011/12,2012-02-26,"Willowmoore Park, Benoni",2,2.6,Titans,Impi,H Davids,JA Rudolph,S Simetu,1,0,,,,,,,,,
530335,2011/12,2012-02-26,"Willowmoore Park, Benoni",2,3.1,Titans,Impi,H Davids,JA Rudolph,LJ Wright,0,0,,,,,,,,,
530335,2011/12,2012-02-26,"Willowmoore Park, Benoni",2,3.2,Titans,Impi,H Davids,JA Rudolph,LJ Wright,4,0,,,,,,,,,
530335,2011/12,2012-02-26,"Willowmoore Park, Benoni",2,3.3,Titans,Impi,H Davids,JA Rudolph,LJ Wright,0,0,,,,,,,,,
530335,2011/12,2012-02-26,"Willowmoore Park, Benoni",2,3.4,Titans,Impi,H Davids,JA Rudolph,LJ Wright,0,0,,,,,,,,,
530335,2011/12,2012-02-26,"Willowmoore Park, Benoni",2,3.5,Titans,Impi,H Davids,JA Rudolph,LJ Wright,6,0,,,,,,,,,
530335,2011/12,2012-02-26,"Willowmoore Park, Benoni",2,3.6,Titans,Impi,H Davids,JA Rudolph,LJ Wright,1,0,,,,,,,,,
530335,2011/12,2012-02-26,"Willowmoore Park, Benoni",2,4.1,Titans,Impi,H Davids,JA Rudolph,P Matshikwe,0,0,,,,,,,,,
530335,2011/12,2012-02-26,"Willowmoore Park, Benoni",2,4.2,Titans,Impi,H Davids,JA Rudolph,P Matshikwe,4,0,,,,,,,,,
530335,2011/12,2012-02-26,"Willowmoore Park, Benoni",2,4.3,Titans,Impi,H Davids,JA Rudolph,P Matshikwe,4,0,,,,,,,,,
530335,2011/12,2012-02-26,"Willowmoore Park, Benoni",2,4.4,Titans,Impi,H Davids,JA Rudolph,P Matshikwe,0,0,,,,,,,,,
530335,2011/12,2012-02-26,"Willowmoore Park, Benoni",2,4.5,Titans,Impi,H Davids,JA Rudolph,P Matshikwe,4,0,,,,,,,,,
530335,2011/12,2012-02-26,"Willowmoore Park, Benoni",2,4.6,Titans,Impi,H Davids,JA Rudolph,P Matshikwe,0,0,,,,,,,,,
530335,2011/12,2012-02-26,"Willowmoore Park, Benoni",2,5.1,Titans,Impi,JA Rudolph,H Davids,LJ Wright,1,0,,,,,,,,,
530335,2011/12,2012-02-26,"Willowmoore Park, Benoni",2,5.2,Titans,Impi,H Davids,JA Rudolph,LJ Wright,4,0,,,,,,,,,
530335,2011/12,2012-02-26,"Willowmoore Park, Benoni",2,5.3,Titans,Impi,H Davids,JA Rudolph,LJ Wright,1,0,,,,,,,,,
530335,2011/12,2012-02-26,"Willowmoore Park, Benoni",2,5.4,Titans,Impi,JA Rudolph,H Davids,LJ Wright,1,0,,,,,,,,,
530335,2011/12,2012-02-26,"Willowmoore Park, Benoni",2,5.5,Titans,Impi,H Davids,JA Rudolph,LJ Wright,4,0,,,,,,,,,
530335,2011/12,2012-02-26,"Willowmoore Park, Benoni",2,5.6,Titans,Impi,H Davids,JA Rudolph,LJ Wright,4,0,,,,,,,,,
530335,2011/12,2012-02-26,"Willowmoore Park, Benoni",2,6.1,Titans,Impi,JA Rudolph,H Davids,S Simetu,1,0,,,,,,,,,
530335,2011/12,2012-02-26,"Willowmoore Park, Benoni",2,6.2,Titans,Impi,H Davids,JA Rudolph,S Simetu,1,0,,,,,,,,,
530335,2011/12,2012-02-26,"Willowmoore Park, Benoni",2,6.3,Titans,Impi,JA Rudolph,H Davids,S Simetu,0,0,,,,,,,,,
530335,2011/12,2012-02-26,"Willowmoore Park, Benoni",2,6.4,Titans,Impi,JA Rudolph,H Davids,S Simetu,4,0,,,,,,,,,
530335,2011/12,2012-02-26,"Willowmoore Park, Benoni",2,6.5,Titans,Impi,JA Rudolph,H Davids,S Simetu,1,0,,,,,,,,,
530335,2011/12,2012-02-26,"Willowmoore Park, Benoni",2,6.6,Titans,Impi,H Davids,JA Rudolph,S Simetu,1,0,,,,,,,,,
530335,2011/12,2012-02-26,"Willowmoore Park, Benoni",2,7.1,Titans,Impi,H Davids,JA Rudolph,PD Collingwood,1,0,,,,,,,,,
530335,2011/12,2012-02-26,"Willowmoore Park, Benoni",2,7.2,Titans,Impi,JA Rudolph,H Davids,PD Collingwood,0,0,,,,,,,,,
530335,2011/12,2012-02-26,"Willowmoore Park, Benoni",2,7.3,Titans,Impi,JA Rudolph,H Davids,PD Collingwood,1,0,,,,,,,,,
530335,2011/12,2012-02-26,"Willowmoore Park, Benoni",2,7.4,Titans,Impi,H Davids,JA Rudolph,PD Collingwood,1,0,,,,,,,,,
530335,2011/12,2012-02-26,"Willowmoore Park, Benoni",2,7.5,Titans,Impi,JA Rudolph,H Davids,PD Collingwood,1,0,,,,,,,,,
530335,2011/12,2012-02-26,"Willowmoore Park, Benoni",2,7.6,Titans,Impi,H Davids,JA Rudolph,PD Collingwood,0,0,,,,,,,,,
530335,2011/12,2012-02-26,"Willowmoore Park, Benoni",2,8.1,Titans,Impi,JA Rudolph,H Davids,S Simetu,0,0,,,,,,,,,
530335,2011/12,2012-02-26,"Willowmoore Park, Benoni",2,8.2,Titans,Impi,JA Rudolph,H Davids,S Simetu,1,0,,,,,,,,,
530335,2011/12,2012-02-26,"Willowmoore Park, Benoni",2,8.3,Titans,Impi,H Davids,JA Rudolph,S Simetu,2,0,,,,,,,,,
530335,2011/12,2012-02-26,"Willowmoore Park, Benoni",2,8.4,Titans,Impi,H Davids,JA Rudolph,S Simetu,0,0,,,,,,,,,
530335,2011/12,2012-02-26,"Willowmoore Park, Benoni",2,8.5,Titans,Impi,H Davids,JA Rudolph,S Simetu,1,0,,,,,,,,,
530335,2011/12,2012-02-26,"Willowmoore Park, Benoni",2,8.6,Titans,Impi,JA Rudolph,H Davids,S Simetu,0,0,,,,,,,,,
530335,2011/12,2012-02-26,"Willowmoore Park, Benoni",2,9.1,Titans,Impi,H Davids,JA Rudolph,K Zondo,0,0,,,,,,,,,
530335,2011/12,2012-02-26,"Willowmoore Park, Benoni",2,9.2,Titans,Impi,H Davids,JA Rudolph,K Zondo,0,0,,,,,,,,,
530335,2011/12,2012-02-26,"Willowmoore Park, Benoni",2,9.3,Titans,Impi,H Davids,JA Rudolph,K Zondo,0,0,,,,,,caught,H Davids,,
530335,2011/12,2012-02-26,"Willowmoore Park, Benoni",2,9.4,Titans,Impi,RE van der Merwe,JA Rudolph,K Zondo,1,0,,,,,,,,,
530335,2011/12,2012-02-26,"Willowmoore Park, Benoni",2,9.5,Titans,Impi,JA Rudolph,RE van der Merwe,K Zondo,0,0,,,,,,,,,
530335,2011/12,2012-02-26,"Willowmoore Park, Benoni",2,9.6,Titans,Impi,JA Rudolph,RE van der Merwe,K Zondo,4,0,,,,,,,,,
530335,2011/12,2012-02-26,"Willowmoore Park, Benoni",2,10.1,Titans,Impi,RE van der Merwe,JA Rudolph,PD Collingwood,1,0,,,,,,,,,
530335,2011/12,2012-02-26,"Willowmoore Park, Benoni",2,10.2,Titans,Impi,JA Rudolph,RE van der Merwe,PD Collingwood,2,0,,,,,,,,,
530335,2011/12,2012-02-26,"Willowmoore Park, Benoni",2,10.3,Titans,Impi,JA Rudolph,RE van der Merwe,PD Collingwood,1,0,,,,,,,,,
530335,2011/12,2012-02-26,"Willowmoore Park, Benoni",2,10.4,Titans,Impi,RE van der Merwe,JA Rudolph,PD Collingwood,4,0,,,,,,,,,
530335,2011/12,2012-02-26,"Willowmoore Park, Benoni",2,10.5,Titans,Impi,RE van der Merwe,JA Rudolph,PD Collingwood,1,0,,,,,,,,,
530335,2011/12,2012-02-26,"Willowmoore Park, Benoni",2,10.6,Titans,Impi,JA Rudolph,RE van der Merwe,PD Collingwood,1,0,,,,,,,,,
530335,2011/12,2012-02-26,"Willowmoore Park, Benoni",2,11.1,Titans,Impi,JA Rudolph,RE van der Merwe,K Zondo,2,0,,,,,,,,,
530335,2011/12,2012-02-26,"Willowmoore Park, Benoni",2,11.2,Titans,Impi,JA Rudolph,RE van der Merwe,K Zondo,0,0,,,,,,,,,
530335,2011/12,2012-02-26,"Willowmoore Park, Benoni",2,11.3,Titans,Impi,JA Rudolph,RE van der Merwe,K Zondo,1,0,,,,,,,,,
530335,2011/12,2012-02-26,"Willowmoore Park, Benoni",2,11.4,Titans,Impi,RE van der Merwe,JA Rudolph,K Zondo,4,0,,,,,,,,,
530335,2011/12,2012-02-26,"Willowmoore Park, Benoni",2,11.5,Titans,Impi,RE van der Merwe,JA Rudolph,K Zondo,6,0,,,,,,,,,
530335,2011/12,2012-02-26,"Willowmoore Park, Benoni",2,11.6,Titans,Impi,RE van der Merwe,JA Rudolph,K Zondo,1,0,,,,,,,,,
530335,2011/12,2012-02-26,"Willowmoore Park, Benoni",2,12.1,Titans,Impi,RE van der Merwe,JA Rudolph,BM Edmondson,0,0,,,,,,,,,
530335,2011/12,2012-02-26,"Willowmoore Park, Benoni",2,12.2,Titans,Impi,RE van der Merwe,JA Rudolph,BM Edmondson,1,0,,,,,,,,,
530335,2011/12,2012-02-26,"Willowmoore Park, Benoni",2,12.3,Titans,Impi,JA Rudolph,RE van der Merwe,BM Edmondson,4,0,,,,,,,,,
530335,2011/12,2012-02-26,"Willowmoore Park, Benoni",2,12.4,Titans,Impi,JA Rudolph,RE van der Merwe,BM Edmondson,1,0,,,,,,,,,
530335,2011/12,2012-02-26,"Willowmoore Park, Benoni",2,12.5,Titans,Impi,RE van der Merwe,JA Rudolph,BM Edmondson,4,0,,,,,,,,,
530335,2011/12,2012-02-26,"Willowmoore Park, Benoni",2,12.6,Titans,Impi,RE van der Merwe,JA Rudolph,BM Edmondson,1,0,,,,,,,,,
530335,2011/12,2012-02-26,"Willowmoore Park, Benoni",2,13.1,Titans,Impi,RE van der Merwe,JA Rudolph,RN ten Doeschate,0,1,,,1,,,,,,
530335,2011/12,2012-02-26,"Willowmoore Park, Benoni",2,13.2,Titans,Impi,JA Rudolph,RE van der Merwe,RN ten Doeschate,0,1,1,,,,,,,,
530335,2011/12,2012-02-26,"Willowmoore Park, Benoni",2,13.3,Titans,Impi,JA Rudolph,RE van der Merwe,RN ten Doeschate,1,0,,,,,,,,,
530335,2011/12,2012-02-26,"Willowmoore Park, Benoni",2,13.4,Titans,Impi,RE van der Merwe,JA Rudolph,RN ten Doeschate,0,0,,,,,,,,,
530335,2011/12,2012-02-26,"Willowmoore Park, Benoni",2,13.5,Titans,Impi,RE van der Merwe,JA Rudolph,RN ten Doeschate,0,0,,,,,,,,,
530335,2011/12,2012-02-26,"Willowmoore Park, Benoni",2,13.6,Titans,Impi,RE van der Merwe,JA Rudolph,RN ten Doeschate,0,1,1,,,,,,,,
530335,2011/12,2012-02-26,"Willowmoore Park, Benoni",2,13.7,Titans,Impi,RE van der Merwe,JA Rudolph,RN ten Doeschate,2,0,,,,,,,,,
530335,2011/12,2012-02-26,"Willowmoore Park, Benoni",2,13.8,Titans,Impi,RE van der Merwe,JA Rudolph,RN ten Doeschate,1,0,,,,,,,,,
530335,2011/12,2012-02-26,"Willowmoore Park, Benoni",2,14.1,Titans,Impi,RE van der Merwe,JA Rudolph,P Matshikwe,1,0,,,,,,,,,
530335,2011/12,2012-02-26,"Willowmoore Park, Benoni",2,14.2,Titans,Impi,JA Rudolph,RE van der Merwe,P Matshikwe,2,0,,,,,,,,,
530335,2011/12,2012-02-26,"Willowmoore Park, Benoni",2,14.3,Titans,Impi,JA Rudolph,RE van der Merwe,P Matshikwe,0,0,,,,,,,,,
530335,2011/12,2012-02-26,"Willowmoore Park, Benoni",2,14.4,Titans,Impi,JA Rudolph,RE van der Merwe,P Matshikwe,1,0,,,,,,,,,
530335,2011/12,2012-02-26,"Willowmoore Park, Benoni",2,14.5,Titans,Impi,RE van der Merwe,JA Rudolph,P Matshikwe,1,0,,,,,,,,,
530335,2011/12,2012-02-26,"Willowmoore Park, Benoni",2,14.6,Titans,Impi,JA Rudolph,RE van der Merwe,P Matshikwe,0,0,,,,,,,,,
530335,2011/12,2012-02-26,"Willowmoore Park, Benoni",2,15.1,Titans,Impi,RE van der Merwe,JA Rudolph,K Zondo,0,0,,,,,,,,,
530335,2011/12,2012-02-26,"Willowmoore Park, Benoni",2,15.2,Titans,Impi,RE van der Merwe,JA Rudolph,K Zondo,1,0,,,,,,,,,
530335,2011/12,2012-02-26,"Willowmoore Park, Benoni",2,15.3,Titans,Impi,JA Rudolph,RE van der Merwe,K Zondo,0,0,,,,,,,,,
530335,2011/12,2012-02-26,"Willowmoore Park, Benoni",2,15.4,Titans,Impi,JA Rudolph,RE van der Merwe,K Zondo,6,0,,,,,,,,,
