match_id,season,start_date,venue,innings,ball,batting_team,bowling_team,striker,non_striker,bowler,runs_off_bat,extras,wides,noballs,byes,legbyes,penalty,wicket_type,player_dismissed,other_wicket_type,other_player_dismissed
575158,2012/13,2013-02-17,"Senwes Park, Potchefstroom",1,0.1,Cape Cobras,Lions,RE Levi,S van Zyl,CH Morris,0,0,,,,,,,,,
575158,2012/13,2013-02-17,"Senwes Park, Potchefstroom",1,0.2,Cape Cobras,Lions,RE Levi,S van Zyl,CH Morris,0,0,,,,,,,,,
575158,2012/13,2013-02-17,"Senwes Park, Potchefstroom",1,0.3,Cape Cobras,Lions,RE Levi,S van Zyl,CH Morris,0,1,1,,,,,,,,
575158,2012/13,2013-02-17,"Senwes Park, Potchefstroom",1,0.4,Cape Cobras,Lions,RE Levi,S van Zyl,CH Morris,0,1,1,,,,,,,,
575158,2012/13,2013-02-17,"Senwes Park, Potchefstroom",1,0.5,Cape Cobras,Lions,RE Levi,S van Zyl,CH Morris,0,0,,,,,,,,,
575158,2012/13,2013-02-17,"Senwes Park, Potchefstroom",1,0.6,Cape Cobras,Lions,RE Levi,S van Zyl,CH Morris,0,0,,,,,,,,,
575158,2012/13,2013-02-17,"Senwes Park, Potchefstroom",1,0.7,Cape Cobras,Lions,RE Levi,S van Zyl,CH Morris,4,0,,,,,,,,,
575158,2012/13,2013-02-17,"Senwes Park, Potchefstroom",1,0.8,Cape Cobras,Lions,RE Levi,S van Zyl,CH Morris,1,0,,,,,,,,,
575158,2012/13,2013-02-17,"Senwes Park, Potchefstroom",1,1.1,Cape Cobras,Lions,RE Levi,S van Zyl,GC Viljoen,0,4,,,,4,,,,,
575158,2012/13,2013-02-17,"Senwes Park, Potchefstroom",1,1.2,Cape Cobras,Lions,RE Levi,S van Zyl,GC Viljoen,0,0,,,,,,,,,
575158,2012/13,2013-02-17,"Senwes Park, Potchefstroom",1,1.3,Cape Cobras,Lions,RE Levi,S van Zyl,GC Viljoen,1,0,,,,,,,,,
575158,2012/13,2013-02-17,"Senwes Park, Potchefstroom",1,1.4,Cape Cobras,Lions,S van Zyl,RE Levi,GC Viljoen,1,0,,,,,,,,,
575158,2012/13,2013-02-17,"Senwes Park, Potchefstroom",1,1.5,Cape Cobras,Lions,RE Levi,S van Zyl,GC Viljoen,4,0,,,,,,,,,
575158,2012/13,2013-02-17,"Senwes Park, Potchefstroom",1,1.6,Cape Cobras,Lions,RE Levi,S van Zyl,GC Viljoen,0,0,,,,,,,,,
575158,2012/13,2013-02-17,"Senwes Park, Potchefstroom",1,2.1,Cape Cobras,Lions,S van Zyl,RE Levi,CH Morris,0,0,,,,,,,,,
575158,2012/13,2013-02-17,"Senwes Park, Potchefstroom",1,2.2,Cape Cobras,Lions,S van Zyl,RE Levi,CH Morris,4,0,,,,,,,,,
575158,2012/13,2013-02-17,"Senwes Park, Potchefstroom",1,2.3,Cape Cobras,Lions,S van Zyl,RE Levi,CH Morris,4,0,,,,,,,,,
575158,2012/13,2013-02-17,"Senwes Park, Potchefstroom",1,2.4,Cape Cobras,Lions,S van Zyl,RE Levi,CH Morris,0,1,,,,1,,,,,
575158,2012/13,2013-02-17,"Senwes Park, Potchefstroom",1,2.5,Cape Cobras,Lions,RE Levi,S van Zyl,CH Morris,1,0,,,,,,,,,
575158,2012/13,2013-02-17,"Senwes Park, Potchefstroom",1,2.6,Cape Cobras,Lions,S van Zyl,RE Levi,CH Morris,0,0,,,,,,,,,
575158,2012/13,2013-02-17,"Senwes Park, Potchefstroom",1,3.1,Cape Cobras,Lions,RE Levi,S van Zyl,Sohail Tanvir,1,0,,,,,,,,,
575158,2012/13,2013-02-17,"Senwes Park, Potchefstroom",1,3.2,Cape Cobras,Lions,S van Zyl,RE Levi,Sohail Tanvir,0,1,1,,,,,,,,
575158,2012/13,2013-02-17,"Senwes Park, Potchefstroom",1,3.3,Cape Cobras,Lions,S van Zyl,RE Levi,Sohail Tanvir,0,0,,,,,,,,,
575158,2012/13,2013-02-17,"Senwes Park, Potchefstroom",1,3.4,Cape Cobras,Lions,S van Zyl,RE Levi,Sohail Tanvir,0,0,,,,,,,,,
575158,2012/13,2013-02-17,"Senwes Park, Potchefstroom",1,3.5,Cape Cobras,Lions,S van Zyl,RE Levi,Sohail Tanvir,0,0,,,,,,,,,
575158,2012/13,2013-02-17,"Senwes Park, Potchefstroom",1,3.6,Cape Cobras,Lions,S van Zyl,RE Levi,Sohail Tanvir,0,0,,,,,,,,,
575158,2012/13,2013-02-17,"Senwes Park, Potchefstroom",1,3.7,Cape Cobras,Lions,S van Zyl,RE Levi,Sohail Tanvir,0,0,,,,,,bowled,S van Zyl,,
575158,2012/13,2013-02-17,"Senwes Park, Potchefstroom",1,4.1,Cape Cobras,Lions,RE Levi,DJ Vilas,GC Viljoen,4,0,,,,,,,,,
575158,2012/13,2013-02-17,"Senwes Park, Potchefstroom",1,4.2,Cape Cobras,Lions,RE Levi,DJ Vilas,GC Viljoen,0,0,,,,,,,,,
575158,2012/13,2013-02-17,"Senwes Park, Potchefstroom",1,4.3,Cape Cobras,Lions,RE Levi,DJ Vilas,GC Viljoen,4,0,,,,,,,,,
575158,2012/13,2013-02-17,"Senwes Park, Potchefstroom",1,4.4,Cape Cobras,Lions,RE Levi,DJ Vilas,GC Viljoen,1,0,,,,,,,,,
575158,2012/13,2013-02-17,"Senwes Park, Potchefstroom",1,4.5,Cape Cobras,Lions,DJ Vilas,RE Levi,GC Viljoen,0,0,,,,,,,,,
575158,2012/13,2013-02-17,"Senwes Park, Potchefstroom",1,4.6,Cape Cobras,Lions,DJ Vilas,RE Levi,GC Viljoen,0,1,1,,,,,,,,
575158,2012/13,2013-02-17,"Senwes Park, Potchefstroom",1,4.7,Cape Cobras,Lions,DJ Vilas,RE Levi,GC Viljoen,0,0,,,,,,,,,
575158,2012/13,2013-02-17,"Senwes Park, Potchefstroom",1,5.1,Cape Cobras,Lions,RE Levi,DJ Vilas,Sohail Tanvir,4,0,,,,,,,,,
575158,2012/13,2013-02-17,"Senwes Park, Potchefstroom",1,5.2,Cape Cobras,Lions,RE Levi,DJ Vilas,Sohail Tanvir,3,0,,,,,,,,,
575158,2012/13,2013-02-17,"Senwes Park, Potchefstroom",1,5.3,Cape Cobras,Lions,DJ Vilas,RE Levi,Sohail Tanvir,4,0,,,,,,,,,
575158,2012/13,2013-02-17,"Senwes Park, Potchefstroom",1,5.4,Cape Cobras,Lions,DJ Vilas,RE Levi,Sohail Tanvir,0,0,,,,,,,,,
575158,2012/13,2013-02-17,"Senwes Park, Potchefstroom",1,5.5,Cape Cobras,Lions,DJ Vilas,RE Levi,Sohail Tanvir,1,0,,,,,,,,,
575158,2012/13,2013-02-17,"Senwes Park, Potchefstroom",1,5.6,Cape Cobras,Lions,RE Levi,DJ Vilas,Sohail Tanvir,2,0,,,,,,,,,
575158,2012/13,2013-02-17,"Senwes Park, Potchefstroom",1,6.1,Cape Cobras,Lions,DJ Vilas,RE Levi,Imran Tahir,1,0,,,,,,,,,
575158,2012/13,2013-02-17,"Senwes Park, Potchefstroom",1,6.2,Cape Cobras,Lions,RE Levi,DJ Vilas,Imran Tahir,0,1,1,,,,,,,,
575158,2012/13,2013-02-17,"Senwes Park, Potchefstroom",1,6.3,Cape Cobras,Lions,RE Levi,DJ Vilas,Imran Tahir,4,0,,,,,,,,,
575158,2012/13,2013-02-17,"Senwes Park, Potchefstroom",1,6.4,Cape Cobras,Lions,RE Levi,DJ Vilas,Imran Tahir,1,0,,,,,,,,,
575158,2012/13,2013-02-17,"Senwes Park, Potchefstroom",1,6.5,Cape Cobras,Lions,DJ Vilas,RE Levi,Imran Tahir,1,0,,,,,,,,,
575158,2012/13,2013-02-17,"Senwes Park, Potchefstroom",1,6.6,Cape Cobras,Lions,RE Levi,DJ Vilas,Imran Tahir,1,0,,,,,,,,,
575158,2012/13,2013-02-17,"Senwes Park, Potchefstroom",1,6.7,Cape Cobras,Lions,DJ Vilas,RE Levi,Imran Tahir,1,0,,,,,,,,,
575158,2012/13,2013-02-17,"Senwes Park, Potchefstroom",1,7.1,Cape Cobras,Lions,DJ Vilas,RE Levi,AM Phangiso,1,0,,,,,,,,,
575158,2012/13,2013-02-17,"Senwes Park, Potchefstroom",1,7.2,Cape Cobras,Lions,RE Levi,DJ Vilas,AM Phangiso,4,0,,,,,,,,,
575158,2012/13,2013-02-17,"Senwes Park, Potchefstroom",1,7.3,Cape Cobras,Lions,RE Levi,DJ Vilas,AM Phangiso,0,0,,,,,,lbw,RE Levi,,
575158,2012/13,2013-02-17,"Senwes Park, Potchefstroom",1,7.4,Cape Cobras,Lions,OA Shah,DJ Vilas,AM Phangiso,0,0,,,,,,lbw,OA Shah,,
575158,2012/13,2013-02-17,"Senwes Park, Potchefstroom",1,7.5,Cape Cobras,Lions,JL Ontong,DJ Vilas,AM Phangiso,1,0,,,,,,,,,
575158,2012/13,2013-02-17,"Senwes Park, Potchefstroom",1,7.6,Cape Cobras,Lions,DJ Vilas,JL Ontong,AM Phangiso,1,0,,,,,,,,,
575158,2012/13,2013-02-17,"Senwes Park, Potchefstroom",1,8.1,Cape Cobras,Lions,DJ Vilas,JL Ontong,Imran Tahir,4,0,,,,,,,,,
575158,2012/13,2013-02-17,"Senwes Park, Potchefstroom",1,8.2,Cape Cobras,Lions,DJ Vilas,JL Ontong,Imran Tahir,0,0,,,,,,,,,
575158,2012/13,2013-02-17,"Senwes Park, Potchefstroom",1,8.3,Cape Cobras,Lions,DJ Vilas,JL Ontong,Imran Tahir,2,0,,,,,,,,,
575158,2012/13,2013-02-17,"Senwes Park, Potchefstroom",1,8.4,Cape Cobras,Lions,DJ Vilas,JL Ontong,Imran Tahir,1,0,,,,,,,,,
575158,2012/13,2013-02-17,"Senwes Park, Potchefstroom",1,8.5,Cape Cobras,Lions,JL Ontong,DJ Vilas,Imran Tahir,1,0,,,,,,,,,
575158,2012/13,2013-02-17,"Senwes Park, Potchefstroom",1,8.6,Cape Cobras,Lions,DJ Vilas,JL Ontong,Imran Tahir,1,0,,,,,,,,,
575158,2012/13,2013-02-17,"Senwes Park, Potchefstroom",1,9.1,Cape Cobras,Lions,DJ Vilas,JL Ontong,AM Phangiso,1,0,,,,,,,,,
575158,2012/13,2013-02-17,"Senwes Park, Potchefstroom",1,9.2,Cape Cobras,Lions,JL Ontong,DJ Vilas,AM Phangiso,1,0,,,,,,,,,
575158,2012/13,2013-02-17,"Senwes Park, Potchefstroom",1,9.3,Cape Cobras,Lions,DJ Vilas,JL Ontong,AM Phangiso,0,0,,,,,,,,,
575158,2012/13,2013-02-17,"Senwes Park, Potchefstroom",1,9.4,Cape Cobras,Lions,DJ Vilas,JL Ontong,AM Phangiso,0,0,,,,,,,,,
575158,2012/13,2013-02-17,"Senwes Park, Potchefstroom",1,9.5,Cape Cobras,Lions,DJ Vilas,JL Ontong,AM Phangiso,5,0,,,,,,,,,
575158,2012/13,2013-02-17,"Senwes Park, Potchefstroom",1,9.6,Cape Cobras,Lions,JL Ontong,DJ Vilas,AM Phangiso,2,0,,,,,,,,,
575158,2012/13,2013-02-17,"Senwes Park, Potchefstroom",1,10.1,Cape Cobras,Lions,DJ Vilas,JL Ontong,GC Viljoen,2,0,,,,,,,,,
575158,2012/13,2013-02-17,"Senwes Park, Potchefstroom",1,10.2,Cape Cobras,Lions,DJ Vilas,JL Ontong,GC Viljoen,1,0,,,,,,,,,
575158,2012/13,2013-02-17,"Senwes Park, Potchefstroom",1,10.3,Cape Cobras,Lions,JL Ontong,DJ Vilas,GC Viljoen,1,0,,,,,,,,,
575158,2012/13,2013-02-17,"Senwes Park, Potchefstroom",1,10.4,Cape Cobras,Lions,DJ Vilas,JL Ontong,GC Viljoen,2,0,,,,,,,,,
575158,2012/13,2013-02-17,"Senwes Park, Potchefstroom",1,10.5,Cape Cobras,Lions,DJ Vilas,JL Ontong,GC Viljoen,1,0,,,,,,,,,
575158,2012/13,2013-02-17,"Senwes Park, Potchefstroom",1,10.6,Cape Cobras,Lions,JL Ontong,DJ Vilas,GC Viljoen,2,0,,,,,,,,,
575158,2012/13,2013-02-17,"Senwes Park, Potchefstroom",1,11.1,Cape Cobras,Lions,DJ Vilas,JL Ontong,AM Phangiso,1,0,,,,,,,,,
575158,2012/13,2013-02-17,"Senwes Park, Potchefstroom",1,11.2,Cape Cobras,Lions,JL Ontong,DJ Vilas,AM Phangiso,0,0,,,,,,,,,
575158,2012/13,2013-02-17,"Senwes Park, Potchefstroom",1,11.3,Cape Cobras,Lions,JL Ontong,DJ Vilas,AM Phangiso,0,0,,,,,,,,,
575158,2012/13,2013-02-17,"Senwes Park, Potchefstroom",1,11.4,Cape Cobras,Lions,JL Ontong,DJ Vilas,AM Phangiso,1,0,,,,,,,,,
575158,2012/13,2013-02-17,"Senwes Park, Potchefstroom",1,11.5,Cape Cobras,Lions,DJ Vilas,JL Ontong,AM Phangiso,1,0,,,,,,,,,
575158,2012/13,2013-02-17,"Senwes Park, Potchefstroom",1,11.6,Cape Cobras,Lions,JL Ontong,DJ Vilas,AM Phangiso,1,0,,,,,,,,,
575158,2012/13,2013-02-17,"Senwes Park, Potchefstroom",1,12.1,Cape Cobras,Lions,JL Ontong,DJ Vilas,Imran Tahir,1,0,,,,,,,,,
575158,2012/13,2013-02-17,"Senwes Park, Potchefstroom",1,12.2,Cape Cobras,Lions,DJ Vilas,JL Ontong,Imran Tahir,1,0,,,,,,,,,
575158,2012/13,2013-02-17,"Senwes Park, Potchefstroom",1,12.3,Cape Cobras,Lions,JL Ontong,DJ Vilas,Imran Tahir,1,0,,,,,,,,,
575158,2012/13,2013-02-17,"Senwes Park, Potchefstroom",1,12.4,Cape Cobras,Lions,DJ Vilas,JL Ontong,Imran Tahir,0,0,,,,,,,,,
575158,2012/13,2013-02-17,"Senwes Park, Potchefstroom",1,12.5,Cape Cobras,Lions,DJ Vilas,JL Ontong,Imran Tahir,1,0,,,,,,,,,
575158,2012/13,2013-02-17,"Senwes Park, Potchefstroom",1,12.6,Cape Cobras,Lions,JL Ontong,DJ Vilas,Imran Tahir,0,0,,,,,,,,,
575158,2012/13,2013-02-17,"Senwes Park, Potchefstroom",1,13.1,Cape Cobras,Lions,DJ Vilas,JL Ontong,AM Phangiso,1,0,,,,,,,,,
575158,2012/13,2013-02-17,"Senwes Park, Potchefstroom",1,13.2,Cape Cobras,Lions,JL Ontong,DJ Vilas,AM Phangiso,6,0,,,,,,,,,
575158,2012/13,2013-02-17,"Senwes Park, Potchefstroom",1,13.3,Cape Cobras,Lions,JL Ontong,DJ Vilas,AM Phangiso,0,0,,,,,,stumped,JL Ontong,,
575158,2012/13,2013-02-17,"Senwes Park, Potchefstroom",1,13.4,Cape Cobras,Lions,MQ Adams,DJ Vilas,AM Phangiso,1,0,,,,,,,,,
575158,2012/13,2013-02-17,"Senwes Park, Potchefstroom",1,13.5,Cape Cobras,Lions,DJ Vilas,MQ Adams,AM Phangiso,1,0,,,,,,,,,
575158,2012/13,2013-02-17,"Senwes Park, Potchefstroom",1,13.6,Cape Cobras,Lions,MQ Adams,DJ Vilas,AM Phangiso,2,0,,,,,,,,,
575158,2012/13,2013-02-17,"Senwes Park, Potchefstroom",1,14.1,Cape Cobras,Lions,DJ Vilas,MQ Adams,Imran Tahir,0,0,,,,,,,,,
575158,2012/13,2013-02-17,"Senwes Park, Potchefstroom",1,14.2,Cape Cobras,Lions,DJ Vilas,MQ Adams,Imran Tahir,0,0,,,,,,,,,
575158,2012/13,2013-02-17,"Senwes Park, Potchefstroom",1,14.3,Cape Cobras,Lions,DJ Vilas,MQ Adams,Imran Tahir,1,0,,,,,,,,,
575158,2012/13,2013-02-17,"Senwes Park, Potchefstroom",1,14.4,Cape Cobras,Lions,MQ Adams,DJ Vilas,Imran Tahir,0,0,,,,,,,,,
575158,2012/13,2013-02-17,"Senwes Park, Potchefstroom",1,14.5,Cape Cobras,Lions,MQ Adams,DJ Vilas,Imran Tahir,4,0,,,,,,,,,
575158,2012/13,2013-02-17,"Senwes Park, Potchefstroom",1,14.6,Cape Cobras,Lions,MQ Adams,DJ Vilas,Imran Tahir,0,0,,,,,,,,,
575158,2012/13,2013-02-17,"Senwes Park, Potchefstroom",1,15.1,Cape Cobras,Lions,DJ Vilas,MQ Adams,GC Viljoen,6,0,,,,,,,,,
575158,2012/13,2013-02-17,"Senwes Park, Potchefstroom",1,15.2,Cape Cobras,Lions,DJ Vilas,MQ Adams,GC Viljoen,1,0,,,,,,,,,
575158,2012/13,2013-02-17,"Senwes Park, Potchefstroom",1,15.3,Cape Cobras,Lions,MQ Adams,DJ Vilas,GC Viljoen,2,0,,,,,,,,,
575158,2012/13,2013-02-17,"Senwes Park, Potchefstroom",1,15.4,Cape Cobras,Lions,MQ Adams,DJ Vilas,GC Viljoen,2,0,,,,,,,,,
575158,2012/13,2013-02-17,"Senwes Park, Potchefstroom",1,15.5,Cape Cobras,Lions,MQ Adams,DJ Vilas,GC Viljoen,2,0,,,,,,,,,
575158,2012/13,2013-02-17,"Senwes Park, Potchefstroom",1,15.6,Cape Cobras,Lions,MQ Adams,DJ Vilas,GC Viljoen,0,0,,,,,,,,,
575158,2012/13,2013-02-17,"Senwes Park, Potchefstroom",1,16.1,Cape Cobras,Lions,DJ Vilas,MQ Adams,CH Morris,1,0,,,,,,,,,
575158,2012/13,2013-02-17,"Senwes Park, Potchefstroom",1,16.2,Cape Cobras,Lions,MQ Adams,DJ Vilas,CH Morris,1,0,,,,,,,,,
575158,2012/13,2013-02-17,"Senwes Park, Potchefstroom",1,16.3,Cape Cobras,Lions,DJ Vilas,MQ Adams,CH Morris,1,0,,,,,,,,,
575158,2012/13,2013-02-17,"Senwes Park, Potchefstroom",1,16.4,Cape Cobras,Lions,MQ Adams,DJ Vilas,CH Morris,1,0,,,,,,,,,
575158,2012/13,2013-02-17,"Senwes Park, Potchefstroom",1,16.5,Cape Cobras,Lions,DJ Vilas,MQ Adams,CH Morris,4,0,,,,,,,,,
575158,2012/13,2013-02-17,"Senwes Park, Potchefstroom",1,16.6,Cape Cobras,Lions,DJ Vilas,MQ Adams,CH Morris,0,0,,,,,,,,,
575158,2012/13,2013-02-17,"Senwes Park, Potchefstroom",1,17.1,Cape Cobras,Lions,MQ Adams,DJ Vilas,Sohail Tanvir,0,0,,,,,,,,,
575158,2012/13,2013-02-17,"Senwes Park, Potchefstroom",1,17.2,Cape Cobras,Lions,MQ Adams,DJ Vilas,Sohail Tanvir,0,0,,,,,,,,,
575158,2012/13,2013-02-17,"Senwes Park, Potchefstroom",1,17.3,Cape Cobras,Lions,MQ Adams,DJ Vilas,Sohail Tanvir,4,0,,,,,,,,,
575158,2012/13,2013-02-17,"Senwes Park, Potchefstroom",1,17.4,Cape Cobras,Lions,MQ Adams,DJ Vilas,Sohail Tanvir,1,0,,,,,,,,,
575158,2012/13,2013-02-17,"Senwes Park, Potchefstroom",1,17.5,Cape Cobras,Lions,DJ Vilas,MQ Adams,Sohail Tanvir,4,0,,,,,,,,,
575158,2012/13,2013-02-17,"Senwes Park, Potchefstroom",1,17.6,Cape Cobras,Lions,DJ Vilas,MQ Adams,Sohail Tanvir,6,0,,,,,,,,,
575158,2012/13,2013-02-17,"Senwes Park, Potchefstroom",1,18.1,Cape Cobras,Lions,MQ Adams,DJ Vilas,CH Morris,4,0,,,,,,,,,
575158,2012/13,2013-02-17,"Senwes Park, Potchefstroom",1,18.2,Cape Cobras,Lions,MQ Adams,DJ Vilas,CH Morris,4,0,,,,,,,,,
575158,2012/13,2013-02-17,"Senwes Park, Potchefstroom",1,18.3,Cape Cobras,Lions,MQ Adams,DJ Vilas,CH Morris,1,0,,,,,,,,,
575158,2012/13,2013-02-17,"Senwes Park, Potchefstroom",1,18.4,Cape Cobras,Lions,DJ Vilas,MQ Adams,CH Morris,1,0,,,,,,,,,
575158,2012/13,2013-02-17,"Senwes Park, Potchefstroom",1,18.5,Cape Cobras,Lions,MQ Adams,DJ Vilas,CH Morris,4,0,,,,,,,,,
575158,2012/13,2013-02-17,"Senwes Park, Potchefstroom",1,18.6,Cape Cobras,Lions,MQ Adams,DJ Vilas,CH Morris,6,0,,,,,,,,,
575158,2012/13,2013-02-17,"Senwes Park, Potchefstroom",1,19.1,Cape Cobras,Lions,DJ Vilas,MQ Adams,Sohail Tanvir,1,0,,,,,,,,,
575158,2012/13,2013-02-17,"Senwes Park, Potchefstroom",1,19.2,Cape Cobras,Lions,MQ Adams,DJ Vilas,Sohail Tanvir,4,0,,,,,,,,,
575158,2012/13,2013-02-17,"Senwes Park, Potchefstroom",1,19.3,Cape Cobras,Lions,MQ Adams,DJ Vilas,Sohail Tanvir,0,0,,,,,,caught,MQ Adams,,
575158,2012/13,2013-02-17,"Senwes Park, Potchefstroom",1,19.4,Cape Cobras,Lions,DJ Vilas,RK Kleinveldt,Sohail Tanvir,0,0,,,,,,,,,
575158,2012/13,2013-02-17,"Senwes Park, Potchefstroom",1,19.5,Cape Cobras,Lions,DJ Vilas,RK Kleinveldt,Sohail Tanvir,1,0,,,,,,,,,
575158,2012/13,2013-02-17,"Senwes Park, Potchefstroom",1,19.6,Cape Cobras,Lions,RK Kleinveldt,DJ Vilas,Sohail Tanvir,0,0,,,,,,,,,
575158,2012/13,2013-02-17,"Senwes Park, Potchefstroom",2,0.1,Lions,Cape Cobras,Q de Kock,GH Bodi,CK Langeveldt,0,0,,,,,,,,,
575158,2012/13,2013-02-17,"Senwes Park, Potchefstroom",2,0.2,Lions,Cape Cobras,Q de Kock,GH Bodi,CK Langeveldt,1,0,,,,,,,,,
575158,2012/13,2013-02-17,"Senwes Park, Potchefstroom",2,0.3,Lions,Cape Cobras,GH Bodi,Q de Kock,CK Langeveldt,0,0,,,,,,,,,
575158,2012/13,2013-02-17,"Senwes Park, Potchefstroom",2,0.4,Lions,Cape Cobras,GH Bodi,Q de Kock,CK Langeveldt,1,0,,,,,,,,,
575158,2012/13,2013-02-17,"Senwes Park, Potchefstroom",2,0.5,Lions,Cape Cobras,Q de Kock,GH Bodi,CK Langeveldt,1,0,,,,,,,,,
575158,2012/13,2013-02-17,"Senwes Park, Potchefstroom",2,0.6,Lions,Cape Cobras,GH Bodi,Q de Kock,CK Langeveldt,0,1,1,,,,,,,,
575158,2012/13,2013-02-17,"Senwes Park, Potchefstroom",2,0.7,Lions,Cape Cobras,GH Bodi,Q de Kock,CK Langeveldt,0,0,,,,,,,,,
575158,2012/13,2013-02-17,"Senwes Park, Potchefstroom",2,1.1,Lions,Cape Cobras,Q de Kock,GH Bodi,J Louw,2,0,,,,,,,,,
575158,2012/13,2013-02-17,"Senwes Park, Potchefstroom",2,1.2,Lions,Cape Cobras,Q de Kock,GH Bodi,J Louw,0,0,,,,,,,,,
575158,2012/13,2013-02-17,"Senwes Park, Potchefstroom",2,1.3,Lions,Cape Cobras,Q de Kock,GH Bodi,J Louw,0,0,,,,,,,,,
575158,2012/13,2013-02-17,"Senwes Park, Potchefstroom",2,1.4,Lions,Cape Cobras,Q de Kock,GH Bodi,J Louw,0,0,,,,,,,,,
575158,2012/13,2013-02-17,"Senwes Park, Potchefstroom",2,1.5,Lions,Cape Cobras,Q de Kock,GH Bodi,J Louw,0,0,,,,,,,,,
575158,2012/13,2013-02-17,"Senwes Park, Potchefstroom",2,1.6,Lions,Cape Cobras,Q de Kock,GH Bodi,J Louw,0,0,,,,,,,,,
575158,2012/13,2013-02-17,"Senwes Park, Potchefstroom",2,2.1,Lions,Cape Cobras,GH Bodi,Q de Kock,CK Langeveldt,1,0,,,,,,,,,
575158,2012/13,2013-02-17,"Senwes Park, Potchefstroom",2,2.2,Lions,Cape Cobras,Q de Kock,GH Bodi,CK Langeveldt,1,0,,,,,,,,,
575158,2012/13,2013-02-17,"Senwes Park, Potchefstroom",2,2.3,Lions,Cape Cobras,GH Bodi,Q de Kock,CK Langeveldt,0,0,,,,,,,,,
575158,2012/13,2013-02-17,"Senwes Park, Potchefstroom",2,2.4,Lions,Cape Cobras,GH Bodi,Q de Kock,CK Langeveldt,4,0,,,,,,,,,
575158,2012/13,2013-02-17,"Senwes Park, Potchefstroom",2,2.5,Lions,Cape Cobras,GH Bodi,Q de Kock,CK Langeveldt,0,0,,,,,,,,,
575158,2012/13,2013-02-17,"Senwes Park, Potchefstroom",2,2.6,Lions,Cape Cobras,GH Bodi,Q de Kock,CK Langeveldt,1,0,,,,,,,,,
575158,2012/13,2013-02-17,"Senwes Park, Potchefstroom",2,3.1,Lions,Cape Cobras,GH Bodi,Q de Kock,J Louw,4,0,,,,,,,,,
575158,2012/13,2013-02-17,"Senwes Park, Potchefstroom",2,3.2,Lions,Cape Cobras,GH Bodi,Q de Kock,J Louw,0,0,,,,,,,,,
575158,2012/13,2013-02-17,"Senwes Park, Potchefstroom",2,3.3,Lions,Cape Cobras,GH Bodi,Q de Kock,J Louw,1,0,,,,,,,,,
575158,2012/13,2013-02-17,"Senwes Park, Potchefstroom",2,3.4,Lions,Cape Cobras,Q de Kock,GH Bodi,J Louw,0,0,,,,,,,,,
575158,2012/13,2013-02-17,"Senwes Park, Potchefstroom",2,3.5,Lions,Cape Cobras,Q de Kock,GH Bodi,J Louw,4,1,,1,,,,,,,
575158,2012/13,2013-02-17,"Senwes Park, Potchefstroom",2,3.6,Lions,Cape Cobras,Q de Kock,GH Bodi,J Louw,6,0,,,,,,,,,
575158,2012/13,2013-02-17,"Senwes Park, Potchefstroom",2,3.7,Lions,Cape Cobras,Q de Kock,GH Bodi,J Louw,0,0,,,,,,,,,
575158,2012/13,2013-02-17,"Senwes Park, Potchefstroom",2,4.1,Lions,Cape Cobras,GH Bodi,Q de Kock,RK Kleinveldt,0,0,,,,,,,,,
575158,2012/13,2013-02-17,"Senwes Park, Potchefstroom",2,4.2,Lions,Cape Cobras,GH Bodi,Q de Kock,RK Kleinveldt,4,0,,,,,,,,,
575158,2012/13,2013-02-17,"Senwes Park, Potchefstroom",2,4.3,Lions,Cape Cobras,GH Bodi,Q de Kock,RK Kleinveldt,0,0,,,,,,,,,
575158,2012/13,2013-02-17,"Senwes Park, Potchefstroom",2,4.4,Lions,Cape Cobras,GH Bodi,Q de Kock,RK Kleinveldt,0,0,,,,,,,,,
575158,2012/13,2013-02-17,"Senwes Park, Potchefstroom",2,4.5,Lions,Cape Cobras,GH Bodi,Q de Kock,RK Kleinveldt,2,0,,,,,,,,,
575158,2012/13,2013-02-17,"Senwes Park, Potchefstroom",2,4.6,Lions,Cape Cobras,GH Bodi,Q de Kock,RK Kleinveldt,0,0,,,,,,,,,
575158,2012/13,2013-02-17,"Senwes Park, Potchefstroom",2,5.1,Lions,Cape Cobras,Q de Kock,GH Bodi,LB Williams,4,0,,,,,,,,,
575158,2012/13,2013-02-17,"Senwes Park, Potchefstroom",2,5.2,Lions,Cape Cobras,Q de Kock,GH Bodi,LB Williams,0,0,,,,,,,,,
575158,2012/13,2013-02-17,"Senwes Park, Potchefstroom",2,5.3,Lions,Cape Cobras,Q de Kock,GH Bodi,LB Williams,6,0,,,,,,,,,
575158,2012/13,2013-02-17,"Senwes Park, Potchefstroom",2,5.4,Lions,Cape Cobras,Q de Kock,GH Bodi,LB Williams,1,0,,,,,,,,,
575158,2012/13,2013-02-17,"Senwes Park, Potchefstroom",2,5.5,Lions,Cape Cobras,GH Bodi,Q de Kock,LB Williams,0,0,,,,,,,,,
575158,2012/13,2013-02-17,"Senwes Park, Potchefstroom",2,5.6,Lions,Cape Cobras,GH Bodi,Q de Kock,LB Williams,0,0,,,,,,,,,
575158,2012/13,2013-02-17,"Senwes Park, Potchefstroom",2,6.1,Lions,Cape Cobras,Q de Kock,GH Bodi,RK Kleinveldt,1,0,,,,,,,,,
575158,2012/13,2013-02-17,"Senwes Park, Potchefstroom",2,6.2,Lions,Cape Cobras,GH Bodi,Q de Kock,RK Kleinveldt,1,0,,,,,,,,,
575158,2012/13,2013-02-17,"Senwes Park, Potchefstroom",2,6.3,Lions,Cape Cobras,Q de Kock,GH Bodi,RK Kleinveldt,1,1,,1,,,,,,,
575158,2012/13,2013-02-17,"Senwes Park, Potchefstroom",2,6.4,Lions,Cape Cobras,GH Bodi,Q de Kock,RK Kleinveldt,0,0,,,,,,,,,
575158,2012/13,2013-02-17,"Senwes Park, Potchefstroom",2,6.5,Lions,Cape Cobras,GH Bodi,Q de Kock,RK Kleinveldt,1,0,,,,,,,,,
575158,2012/13,2013-02-17,"Senwes Park, Potchefstroom",2,6.6,Lions,Cape Cobras,Q de Kock,GH Bodi,RK Kleinveldt,1,0,,,,,,,,,
575158,2012/13,2013-02-17,"Senwes Park, Potchefstroom",2,6.7,Lions,Cape Cobras,GH Bodi,Q de Kock,RK Kleinveldt,0,0,,,,,,,,,
575158,2012/13,2013-02-17,"Senwes Park, Potchefstroom",2,7.1,Lions,Cape Cobras,Q de Kock,GH Bodi,DL Piedt,1,0,,,,,,,,,
575158,2012/13,2013-02-17,"Senwes Park, Potchefstroom",2,7.2,Lions,Cape Cobras,GH Bodi,Q de Kock,DL Piedt,1,0,,,,,,,,,
575158,2012/13,2013-02-17,"Senwes Park, Potchefstroom",2,7.3,Lions,Cape Cobras,Q de Kock,GH Bodi,DL Piedt,1,0,,,,,,,,,
575158,2012/13,2013-02-17,"Senwes Park, Potchefstroom",2,7.4,Lions,Cape Cobras,GH Bodi,Q de Kock,DL Piedt,1,0,,,,,,,,,
575158,2012/13,2013-02-17,"Senwes Park, Potchefstroom",2,7.5,Lions,Cape Cobras,Q de Kock,GH Bodi,DL Piedt,4,0,,,,,,,,,
575158,2012/13,2013-02-17,"Senwes Park, Potchefstroom",2,7.6,Lions,Cape Cobras,Q de Kock,GH Bodi,DL Piedt,1,0,,,,,,,,,
575158,2012/13,2013-02-17,"Senwes Park, Potchefstroom",2,8.1,Lions,Cape Cobras,Q de Kock,GH Bodi,JL Ontong,0,0,,,,,,,,,
575158,2012/13,2013-02-17,"Senwes Park, Potchefstroom",2,8.2,Lions,Cape Cobras,Q de Kock,GH Bodi,JL Ontong,4,0,,,,,,,,,
575158,2012/13,2013-02-17,"Senwes Park, Potchefstroom",2,8.3,Lions,Cape Cobras,Q de Kock,GH Bodi,JL Ontong,1,0,,,,,,,,,
575158,2012/13,2013-02-17,"Senwes Park, Potchefstroom",2,8.4,Lions,Cape Cobras,GH Bodi,Q de Kock,JL Ontong,1,0,,,,,,,,,
575158,2012/13,2013-02-17,"Senwes Park, Potchefstroom",2,8.5,Lions,Cape Cobras,Q de Kock,GH Bodi,JL Ontong,1,0,,,,,,,,,
575158,2012/13,2013-02-17,"Senwes Park, Potchefstroom",2,8.6,Lions,Cape Cobras,GH Bodi,Q de Kock,JL Ontong,4,0,,,,,,,,,
575158,2012/13,2013-02-17,"Senwes Park, Potchefstroom",2,9.1,Lions,Cape Cobras,Q de Kock,GH Bodi,DL Piedt,1,0,,,,,,,,,
575158,2012/13,2013-02-17,"Senwes Park, Potchefstroom",2,9.2,Lions,Cape Cobras,GH Bodi,Q de Kock,DL Piedt,1,0,,,,,,,,,
575158,2012/13,2013-02-17,"Senwes Park, Potchefstroom",2,9.3,Lions,Cape Cobras,Q de Kock,GH Bodi,DL Piedt,4,0,,,,,,,,,
575158,2012/13,2013-02-17,"Senwes Park, Potchefstroom",2,9.4,Lions,Cape Cobras,Q de Kock,GH Bodi,DL Piedt,1,0,,,,,,,,,
575158,2012/13,2013-02-17,"Senwes Park, Potchefstroom",2,9.5,Lions,Cape Cobras,GH Bodi,Q de Kock,DL Piedt,1,0,,,,,,,,,
575158,2012/13,2013-02-17,"Senwes Park, Potchefstroom",2,9.6,Lions,Cape Cobras,Q de Kock,GH Bodi,DL Piedt,0,0,,,,,,,,,
575158,2012/13,2013-02-17,"Senwes Park, Potchefstroom",2,10.1,Lions,Cape Cobras,GH Bodi,Q de Kock,S van Zyl,1,0,,,,,,,,,
575158,2012/13,2013-02-17,"Senwes Park, Potchefstroom",2,10.2,Lions,Cape Cobras,Q de Kock,GH Bodi,S van Zyl,1,0,,,,,,,,,
575158,2012/13,2013-02-17,"Senwes Park, Potchefstroom",2,10.3,Lions,Cape Cobras,GH Bodi,Q de Kock,S van Zyl,1,0,,,,,,,,,
575158,2012/13,2013-02-17,"Senwes Park, Potchefstroom",2,10.4,Lions,Cape Cobras,Q de Kock,GH Bodi,S van Zyl,1,0,,,,,,,,,
575158,2012/13,2013-02-17,"Senwes Park, Potchefstroom",2,10.5,Lions,Cape Cobras,GH Bodi,Q de Kock,S van Zyl,4,0,,,,,,,,,
575158,2012/13,2013-02-17,"Senwes Park, Potchefstroom",2,10.6,Lions,Cape Cobras,GH Bodi,Q de Kock,S van Zyl,1,0,,,,,,,,,
575158,2012/13,2013-02-17,"Senwes Park, Potchefstroom",2,11.1,Lions,Cape Cobras,GH Bodi,Q de Kock,LB Williams,1,0,,,,,,,,,
575158,2012/13,2013-02-17,"Senwes Park, Potchefstroom",2,11.2,Lions,Cape Cobras,Q de Kock,GH Bodi,LB Williams,2,0,,,,,,,,,
575158,2012/13,2013-02-17,"Senwes Park, Potchefstroom",2,11.3,Lions,Cape Cobras,Q de Kock,GH Bodi,LB Williams,2,0,,,,,,,,,
575158,2012/13,2013-02-17,"Senwes Park, Potchefstroom",2,11.4,Lions,Cape Cobras,Q de Kock,GH Bodi,LB Williams,1,0,,,,,,,,,
575158,2012/13,2013-02-17,"Senwes Park, Potchefstroom",2,11.5,Lions,Cape Cobras,GH Bodi,Q de Kock,LB Williams,1,0,,,,,,,,,
575158,2012/13,2013-02-17,"Senwes Park, Potchefstroom",2,11.6,Lions,Cape Cobras,Q de Kock,GH Bodi,LB Williams,1,0,,,,,,,,,
575158,2012/13,2013-02-17,"Senwes Park, Potchefstroom",2,12.1,Lions,Cape Cobras,Q de Kock,GH Bodi,DL Piedt,1,0,,,,,,,,,
575158,2012/13,2013-02-17,"Senwes Park, Potchefstroom",2,12.2,Lions,Cape Cobras,GH Bodi,Q de Kock,DL Piedt,0,0,,,,,,,,,
575158,2012/13,2013-02-17,"Senwes Park, Potchefstroom",2,12.3,Lions,Cape Cobras,GH Bodi,Q de Kock,DL Piedt,0,0,,,,,,,,,
575158,2012/13,2013-02-17,"Senwes Park, Potchefstroom",2,12.4,Lions,Cape Cobras,GH Bodi,Q de Kock,DL Piedt,1,0,,,,,,,,,
575158,2012/13,2013-02-17,"Senwes Park, Potchefstroom",2,12.5,Lions,Cape Cobras,Q de Kock,GH Bodi,DL Piedt,0,0,,,,,,,,,
575158,2012/13,2013-02-17,"Senwes Park, Potchefstroom",2,12.6,Lions,Cape Cobras,Q de Kock,GH Bodi,DL Piedt,1,0,,,,,,,,,
575158,2012/13,2013-02-17,"Senwes Park, Potchefstroom",2,13.1,Lions,Cape Cobras,Q de Kock,GH Bodi,JL Ontong,6,0,,,,,,,,,
575158,2012/13,2013-02-17,"Senwes Park, Potchefstroom",2,13.2,Lions,Cape Cobras,Q de Kock,GH Bodi,JL Ontong,4,0,,,,,,,,,
575158,2012/13,2013-02-17,"Senwes Park, Potchefstroom",2,13.3,Lions,Cape Cobras,Q de Kock,GH Bodi,JL Ontong,6,0,,,,,,,,,
575158,2012/13,2013-02-17,"Senwes Park, Potchefstroom",2,13.4,Lions,Cape Cobras,Q de Kock,GH Bodi,JL Ontong,0,0,,,,,,,,,
575158,2012/13,2013-02-17,"Senwes Park, Potchefstroom",2,13.5,Lions,Cape Cobras,Q de Kock,GH Bodi,JL Ontong,0,0,,,,,,,,,
575158,2012/13,2013-02-17,"Senwes Park, Potchefstroom",2,13.6,Lions,Cape Cobras,Q de Kock,GH Bodi,JL Ontong,0,0,,,,,,,,,
575158,2012/13,2013-02-17,"Senwes Park, Potchefstroom",2,14.1,Lions,Cape Cobras,GH Bodi,Q de Kock,DL Piedt,1,0,,,,,,,,,
575158,2012/13,2013-02-17,"Senwes Park, Potchefstroom",2,14.2,Lions,Cape Cobras,Q de Kock,GH Bodi,DL Piedt,6,0,,,,,,,,,
575158,2012/13,2013-02-17,"Senwes Park, Potchefstroom",2,14.3,Lions,Cape Cobras,Q de Kock,GH Bodi,DL Piedt,1,0,,,,,,,,,
575158,2012/13,2013-02-17,"Senwes Park, Potchefstroom",2,14.4,Lions,Cape Cobras,GH Bodi,Q de Kock,DL Piedt,0,0,,,,,,caught,GH Bodi,,
575158,2012/13,2013-02-17,"Senwes Park, Potchefstroom",2,14.5,Lions,Cape Cobras,D Pretorius,Q de Kock,DL Piedt,0,0,,,,,,,,,
575158,2012/13,2013-02-17,"Senwes Park, Potchefstroom",2,14.6,Lions,Cape Cobras,D Pretorius,Q de Kock,DL Piedt,0,0,,,,,,,,,
575158,2012/13,2013-02-17,"Senwes Park, Potchefstroom",2,15.1,Lions,Cape Cobras,Q de Kock,D Pretorius,RK Kleinveldt,0,5,5,,,,,,,,
575158,2012/13,2013-02-17,"Senwes Park, Potchefstroom",2,15.2,Lions,Cape Cobras,Q de Kock,D Pretorius,RK Kleinveldt,2,0,,,,,,,,,
575158,2012/13,2013-02-17,"Senwes Park, Potchefstroom",2,15.3,Lions,Cape Cobras,Q de Kock,D Pretorius,RK Kleinveldt,6,0,,,,,,,,,
575158,2012/13,2013-02-17,"Senwes Park, Potchefstroom",2,15.4,Lions,Cape Cobras,Q de Kock,D Pretorius,RK Kleinveldt,1,0,,,,,,,,,
575158,2012/13,2013-02-17,"Senwes Park, Potchefstroom",2,15.5,Lions,Cape Cobras,D Pretorius,Q de Kock,RK Kleinveldt,1,0,,,,,,,,,
575158,2012/13,2013-02-17,"Senwes Park, Potchefstroom",2,15.6,Lions,Cape Cobras,Q de Kock,D Pretorius,RK Kleinveldt,1,0,,,,,,,,,
575158,2012/13,2013-02-17,"Senwes Park, Potchefstroom",2,15.7,Lions,Cape Cobras,D Pretorius,Q de Kock,RK Kleinveldt,6,0,,,,,,,,,
575158,2012/13,2013-02-17,"Senwes Park, Potchefstroom",2,16.1,Lions,Cape Cobras,Q de Kock,D Pretorius,CK Langeveldt,4,0,,,,,,,,,
575158,2012/13,2013-02-17,"Senwes Park, Potchefstroom",2,16.2,Lions,Cape Cobras,Q de Kock,D Pretorius,CK Langeveldt,2,0,,,,,,,,,
575158,2012/13,2013-02-17,"Senwes Park, Potchefstroom",2,16.3,Lions,Cape Cobras,Q de Kock,D Pretorius,CK Langeveldt,1,0,,,,,,,,,
575158,2012/13,2013-02-17,"Senwes Park, Potchefstroom",2,16.4,Lions,Cape Cobras,D Pretorius,Q de Kock,CK Langeveldt,0,2,2,,,,,,,,
575158,2012/13,2013-02-17,"Senwes Park, Potchefstroom",2,16.5,Lions,Cape Cobras,Q de Kock,D Pretorius,CK Langeveldt,0,0,,,,,,,,,
575158,2012/13,2013-02-17,"Senwes Park, Potchefstroom",2,16.6,Lions,Cape Cobras,Q de Kock,D Pretorius,CK Langeveldt,4,0,,,,,,,,,
575158,2012/13,2013-02-17,"Senwes Park, Potchefstroom",2,16.7,Lions,Cape Cobras,Q de Kock,D Pretorius,CK Langeveldt,1,0,,,,,,,,,
575158,2012/13,2013-02-17,"Senwes Park, Potchefstroom",2,17.1,Lions,Cape Cobras,Q de Kock,D Pretorius,J Louw,0,0,,,,,,,,,
575158,2012/13,2013-02-17,"Senwes Park, Potchefstroom",2,17.2,Lions,Cape Cobras,Q de Kock,D Pretorius,J Louw,1,0,,,,,,,,,
575158,2012/13,2013-02-17,"Senwes Park, Potchefstroom",2,17.3,Lions,Cape Cobras,D Pretorius,Q de Kock,J Louw,1,0,,,,,,,,,
575158,2012/13,2013-02-17,"Senwes Park, Potchefstroom",2,17.4,Lions,Cape Cobras,Q de Kock,D Pretorius,J Louw,4,0,,,,,,,,,
575158,2012/13,2013-02-17,"Senwes Park, Potchefstroom",2,17.5,Lions,Cape Cobras,Q de Kock,D Pretorius,J Louw,4,0,,,,,,,,,
575158,2012/13,2013-02-17,"Senwes Park, Potchefstroom",2,17.6,Lions,Cape Cobras,Q de Kock,D Pretorius,J Louw,1,0,,,,,,,,,
575158,2012/13,2013-02-17,"Senwes Park, Potchefstroom",2,18.1,Lions,Cape Cobras,Q de Kock,D Pretorius,CK Langeveldt,1,0,,,,,,,,,
575158,2012/13,2013-02-17,"Senwes Park, Potchefstroom",2,18.2,Lions,Cape Cobras,D Pretorius,Q de Kock,CK Langeveldt,1,0,,,,,,,,,
575158,2012/13,2013-02-17,"Senwes Park, Potchefstroom",2,18.3,Lions,Cape Cobras,Q de Kock,D Pretorius,CK Langeveldt,4,0,,,,,,,,,
575158,2012/13,2013-02-17,"Senwes Park, Potchefstroom",2,18.4,Lions,Cape Cobras,Q de Kock,D Pretorius,CK Langeveldt,4,0,,,,,,,,,
575158,2012/13,2013-02-17,"Senwes Park, Potchefstroom",2,18.5,Lions,Cape Cobras,Q de Kock,D Pretorius,CK Langeveldt,4,0,,,,,,,,,
