match_id,season,start_date,venue,innings,ball,batting_team,bowling_team,striker,non_striker,bowler,runs_off_bat,extras,wides,noballs,byes,legbyes,penalty,wicket_type,player_dismissed,other_wicket_type,other_player_dismissed
575181,2012/13,2013-03-22,"SuperSport Park, Centurion",1,0.1,Dolphins,Titans,CS Delport,DJ van Wyk,ER Links,0,0,,,,,,,,,
575181,2012/13,2013-03-22,"SuperSport Park, Centurion",1,0.2,Dolphins,Titans,CS Delport,DJ van Wyk,ER Links,0,0,,,,,,,,,
575181,2012/13,2013-03-22,"SuperSport Park, Centurion",1,0.3,Dolphins,Titans,CS Delport,DJ van Wyk,ER Links,1,0,,,,,,,,,
575181,2012/13,2013-03-22,"SuperSport Park, Centurion",1,0.4,Dolphins,Titans,DJ van Wyk,CS Delport,ER Links,0,0,,,,,,,,,
575181,2012/13,2013-03-22,"SuperSport Park, Centurion",1,0.5,Dolphins,Titans,DJ van Wyk,CS Delport,ER Links,6,0,,,,,,,,,
575181,2012/13,2013-03-22,"SuperSport Park, Centurion",1,0.6,Dolphins,Titans,DJ van Wyk,CS Delport,ER Links,1,0,,,,,,,,,
575181,2012/13,2013-03-22,"SuperSport Park, Centurion",1,1.1,Dolphins,Titans,DJ van Wyk,CS Delport,AC Thomas,0,0,,,,,,,,,
575181,2012/13,2013-03-22,"SuperSport Park, Centurion",1,1.2,Dolphins,Titans,DJ van Wyk,CS Delport,AC Thomas,0,0,,,,,,,,,
575181,2012/13,2013-03-22,"SuperSport Park, Centurion",1,1.3,Dolphins,Titans,DJ van Wyk,CS Delport,AC Thomas,0,0,,,,,,,,,
575181,2012/13,2013-03-22,"SuperSport Park, Centurion",1,1.4,Dolphins,Titans,DJ van Wyk,CS Delport,AC Thomas,0,0,,,,,,,,,
575181,2012/13,2013-03-22,"SuperSport Park, Centurion",1,1.5,Dolphins,Titans,DJ van Wyk,CS Delport,AC Thomas,0,1,,,,1,,,,,
575181,2012/13,2013-03-22,"SuperSport Park, Centurion",1,1.6,Dolphins,Titans,CS Delport,DJ van Wyk,AC Thomas,0,0,,,,,,,,,
575181,2012/13,2013-03-22,"SuperSport Park, Centurion",1,2.1,Dolphins,Titans,DJ van Wyk,CS Delport,M Morkel,1,0,,,,,,,,,
575181,2012/13,2013-03-22,"SuperSport Park, Centurion",1,2.2,Dolphins,Titans,CS Delport,DJ van Wyk,M Morkel,0,0,,,,,,,,,
575181,2012/13,2013-03-22,"SuperSport Park, Centurion",1,2.3,Dolphins,Titans,CS Delport,DJ van Wyk,M Morkel,0,0,,,,,,,,,
575181,2012/13,2013-03-22,"SuperSport Park, Centurion",1,2.4,Dolphins,Titans,CS Delport,DJ van Wyk,M Morkel,1,0,,,,,,,,,
575181,2012/13,2013-03-22,"SuperSport Park, Centurion",1,2.5,Dolphins,Titans,DJ van Wyk,CS Delport,M Morkel,0,0,,,,,,,,,
575181,2012/13,2013-03-22,"SuperSport Park, Centurion",1,2.6,Dolphins,Titans,DJ van Wyk,CS Delport,M Morkel,0,1,1,,,,,,,,
575181,2012/13,2013-03-22,"SuperSport Park, Centurion",1,2.7,Dolphins,Titans,DJ van Wyk,CS Delport,M Morkel,2,0,,,,,,,,,
575181,2012/13,2013-03-22,"SuperSport Park, Centurion",1,3.1,Dolphins,Titans,CS Delport,DJ van Wyk,JA Morkel,0,1,,,,1,,,,,
575181,2012/13,2013-03-22,"SuperSport Park, Centurion",1,3.2,Dolphins,Titans,DJ van Wyk,CS Delport,JA Morkel,1,0,,,,,,,,,
575181,2012/13,2013-03-22,"SuperSport Park, Centurion",1,3.3,Dolphins,Titans,CS Delport,DJ van Wyk,JA Morkel,1,0,,,,,,,,,
575181,2012/13,2013-03-22,"SuperSport Park, Centurion",1,3.4,Dolphins,Titans,DJ van Wyk,CS Delport,JA Morkel,1,0,,,,,,,,,
575181,2012/13,2013-03-22,"SuperSport Park, Centurion",1,3.5,Dolphins,Titans,CS Delport,DJ van Wyk,JA Morkel,1,0,,,,,,,,,
575181,2012/13,2013-03-22,"SuperSport Park, Centurion",1,3.6,Dolphins,Titans,DJ van Wyk,CS Delport,JA Morkel,1,0,,,,,,,,,
575181,2012/13,2013-03-22,"SuperSport Park, Centurion",1,4.1,Dolphins,Titans,DJ van Wyk,CS Delport,M Morkel,0,0,,,,,,caught,DJ van Wyk,,
575181,2012/13,2013-03-22,"SuperSport Park, Centurion",1,4.2,Dolphins,Titans,CS Delport,C Chetty,M Morkel,1,0,,,,,,,,,
575181,2012/13,2013-03-22,"SuperSport Park, Centurion",1,4.3,Dolphins,Titans,C Chetty,CS Delport,M Morkel,1,0,,,,,,,,,
575181,2012/13,2013-03-22,"SuperSport Park, Centurion",1,4.4,Dolphins,Titans,CS Delport,C Chetty,M Morkel,0,0,,,,,,,,,
575181,2012/13,2013-03-22,"SuperSport Park, Centurion",1,4.5,Dolphins,Titans,CS Delport,C Chetty,M Morkel,0,0,,,,,,,,,
575181,2012/13,2013-03-22,"SuperSport Park, Centurion",1,4.6,Dolphins,Titans,CS Delport,C Chetty,M Morkel,4,0,,,,,,,,,
575181,2012/13,2013-03-22,"SuperSport Park, Centurion",1,5.1,Dolphins,Titans,C Chetty,CS Delport,AC Thomas,0,0,,,,,,,,,
575181,2012/13,2013-03-22,"SuperSport Park, Centurion",1,5.2,Dolphins,Titans,C Chetty,CS Delport,AC Thomas,4,0,,,,,,,,,
575181,2012/13,2013-03-22,"SuperSport Park, Centurion",1,5.3,Dolphins,Titans,C Chetty,CS Delport,AC Thomas,4,0,,,,,,,,,
575181,2012/13,2013-03-22,"SuperSport Park, Centurion",1,5.4,Dolphins,Titans,C Chetty,CS Delport,AC Thomas,1,0,,,,,,,,,
575181,2012/13,2013-03-22,"SuperSport Park, Centurion",1,5.5,Dolphins,Titans,CS Delport,C Chetty,AC Thomas,4,0,,,,,,,,,
575181,2012/13,2013-03-22,"SuperSport Park, Centurion",1,5.6,Dolphins,Titans,CS Delport,C Chetty,AC Thomas,0,0,,,,,,,,,
575181,2012/13,2013-03-22,"SuperSport Park, Centurion",1,6.1,Dolphins,Titans,C Chetty,CS Delport,ER Links,2,0,,,,,,,,,
575181,2012/13,2013-03-22,"SuperSport Park, Centurion",1,6.2,Dolphins,Titans,C Chetty,CS Delport,ER Links,0,1,,,,1,,,,,
575181,2012/13,2013-03-22,"SuperSport Park, Centurion",1,6.3,Dolphins,Titans,CS Delport,C Chetty,ER Links,1,0,,,,,,,,,
575181,2012/13,2013-03-22,"SuperSport Park, Centurion",1,6.4,Dolphins,Titans,C Chetty,CS Delport,ER Links,1,0,,,,,,,,,
575181,2012/13,2013-03-22,"SuperSport Park, Centurion",1,6.5,Dolphins,Titans,CS Delport,C Chetty,ER Links,1,0,,,,,,,,,
575181,2012/13,2013-03-22,"SuperSport Park, Centurion",1,6.6,Dolphins,Titans,C Chetty,CS Delport,ER Links,0,0,,,,,,,,,
575181,2012/13,2013-03-22,"SuperSport Park, Centurion",1,7.1,Dolphins,Titans,CS Delport,C Chetty,RE van der Merwe,0,0,,,,,,,,,
575181,2012/13,2013-03-22,"SuperSport Park, Centurion",1,7.2,Dolphins,Titans,CS Delport,C Chetty,RE van der Merwe,1,0,,,,,,,,,
575181,2012/13,2013-03-22,"SuperSport Park, Centurion",1,7.3,Dolphins,Titans,C Chetty,CS Delport,RE van der Merwe,4,0,,,,,,,,,
575181,2012/13,2013-03-22,"SuperSport Park, Centurion",1,7.4,Dolphins,Titans,C Chetty,CS Delport,RE van der Merwe,1,0,,,,,,,,,
575181,2012/13,2013-03-22,"SuperSport Park, Centurion",1,7.5,Dolphins,Titans,CS Delport,C Chetty,RE van der Merwe,4,0,,,,,,,,,
575181,2012/13,2013-03-22,"SuperSport Park, Centurion",1,7.6,Dolphins,Titans,CS Delport,C Chetty,RE van der Merwe,0,0,,,,,,lbw,CS Delport,,
575181,2012/13,2013-03-22,"SuperSport Park, Centurion",1,8.1,Dolphins,Titans,C Chetty,RS Bopara,ER Links,0,0,,,,,,,,,
575181,2012/13,2013-03-22,"SuperSport Park, Centurion",1,8.2,Dolphins,Titans,C Chetty,RS Bopara,ER Links,0,0,,,,,,,,,
575181,2012/13,2013-03-22,"SuperSport Park, Centurion",1,8.3,Dolphins,Titans,C Chetty,RS Bopara,ER Links,0,0,,,,,,,,,
575181,2012/13,2013-03-22,"SuperSport Park, Centurion",1,8.4,Dolphins,Titans,C Chetty,RS Bopara,ER Links,2,0,,,,,,,,,
575181,2012/13,2013-03-22,"SuperSport Park, Centurion",1,8.5,Dolphins,Titans,C Chetty,RS Bopara,ER Links,1,0,,,,,,,,,
575181,2012/13,2013-03-22,"SuperSport Park, Centurion",1,8.6,Dolphins,Titans,RS Bopara,C Chetty,ER Links,2,0,,,,,,,,,
575181,2012/13,2013-03-22,"SuperSport Park, Centurion",1,9.1,Dolphins,Titans,C Chetty,RS Bopara,RE van der Merwe,4,0,,,,,,,,,
575181,2012/13,2013-03-22,"SuperSport Park, Centurion",1,9.2,Dolphins,Titans,C Chetty,RS Bopara,RE van der Merwe,0,0,,,,,,,,,
575181,2012/13,2013-03-22,"SuperSport Park, Centurion",1,9.3,Dolphins,Titans,C Chetty,RS Bopara,RE van der Merwe,2,0,,,,,,,,,
575181,2012/13,2013-03-22,"SuperSport Park, Centurion",1,9.4,Dolphins,Titans,C Chetty,RS Bopara,RE van der Merwe,0,0,,,,,,,,,
575181,2012/13,2013-03-22,"SuperSport Park, Centurion",1,9.5,Dolphins,Titans,C Chetty,RS Bopara,RE van der Merwe,1,0,,,,,,,,,
575181,2012/13,2013-03-22,"SuperSport Park, Centurion",1,9.6,Dolphins,Titans,RS Bopara,C Chetty,RE van der Merwe,1,0,,,,,,,,,
575181,2012/13,2013-03-22,"SuperSport Park, Centurion",1,10.1,Dolphins,Titans,RS Bopara,C Chetty,JA Morkel,1,0,,,,,,,,,
575181,2012/13,2013-03-22,"SuperSport Park, Centurion",1,10.2,Dolphins,Titans,C Chetty,RS Bopara,JA Morkel,4,0,,,,,,,,,
575181,2012/13,2013-03-22,"SuperSport Park, Centurion",1,10.3,Dolphins,Titans,C Chetty,RS Bopara,JA Morkel,4,0,,,,,,,,,
575181,2012/13,2013-03-22,"SuperSport Park, Centurion",1,10.4,Dolphins,Titans,C Chetty,RS Bopara,JA Morkel,1,0,,,,,,,,,
575181,2012/13,2013-03-22,"SuperSport Park, Centurion",1,10.5,Dolphins,Titans,RS Bopara,C Chetty,JA Morkel,0,0,,,,,,,,,
575181,2012/13,2013-03-22,"SuperSport Park, Centurion",1,10.6,Dolphins,Titans,RS Bopara,C Chetty,JA Morkel,1,0,,,,,,,,,
575181,2012/13,2013-03-22,"SuperSport Park, Centurion",1,11.1,Dolphins,Titans,RS Bopara,C Chetty,SB Styris,0,0,,,,,,,,,
575181,2012/13,2013-03-22,"SuperSport Park, Centurion",1,11.2,Dolphins,Titans,RS Bopara,C Chetty,SB Styris,0,1,,,,1,,,,,
575181,2012/13,2013-03-22,"SuperSport Park, Centurion",1,11.3,Dolphins,Titans,C Chetty,RS Bopara,SB Styris,0,0,,,,,,,,,
575181,2012/13,2013-03-22,"SuperSport Park, Centurion",1,11.4,Dolphins,Titans,C Chetty,RS Bopara,SB Styris,1,0,,,,,,,,,
575181,2012/13,2013-03-22,"SuperSport Park, Centurion",1,11.5,Dolphins,Titans,RS Bopara,C Chetty,SB Styris,2,0,,,,,,,,,
575181,2012/13,2013-03-22,"SuperSport Park, Centurion",1,11.6,Dolphins,Titans,RS Bopara,C Chetty,SB Styris,1,0,,,,,,,,,
575181,2012/13,2013-03-22,"SuperSport Park, Centurion",1,12.1,Dolphins,Titans,RS Bopara,C Chetty,ER Links,4,0,,,,,,,,,
575181,2012/13,2013-03-22,"SuperSport Park, Centurion",1,12.2,Dolphins,Titans,RS Bopara,C Chetty,ER Links,2,0,,,,,,,,,
575181,2012/13,2013-03-22,"SuperSport Park, Centurion",1,12.3,Dolphins,Titans,RS Bopara,C Chetty,ER Links,4,0,,,,,,,,,
575181,2012/13,2013-03-22,"SuperSport Park, Centurion",1,12.4,Dolphins,Titans,RS Bopara,C Chetty,ER Links,0,0,,,,,,,,,
575181,2012/13,2013-03-22,"SuperSport Park, Centurion",1,12.5,Dolphins,Titans,RS Bopara,C Chetty,ER Links,1,0,,,,,,,,,
575181,2012/13,2013-03-22,"SuperSport Park, Centurion",1,12.6,Dolphins,Titans,C Chetty,RS Bopara,ER Links,6,0,,,,,,,,,
575181,2012/13,2013-03-22,"SuperSport Park, Centurion",1,13.1,Dolphins,Titans,RS Bopara,C Chetty,SB Styris,1,0,,,,,,,,,
575181,2012/13,2013-03-22,"SuperSport Park, Centurion",1,13.2,Dolphins,Titans,C Chetty,RS Bopara,SB Styris,0,0,,,,,,caught,C Chetty,,
575181,2012/13,2013-03-22,"SuperSport Park, Centurion",1,13.3,Dolphins,Titans,RS Bopara,DA Miller,SB Styris,4,0,,,,,,,,,
575181,2012/13,2013-03-22,"SuperSport Park, Centurion",1,13.4,Dolphins,Titans,RS Bopara,DA Miller,SB Styris,1,0,,,,,,,,,
575181,2012/13,2013-03-22,"SuperSport Park, Centurion",1,13.5,Dolphins,Titans,DA Miller,RS Bopara,SB Styris,0,0,,,,,,,,,
575181,2012/13,2013-03-22,"SuperSport Park, Centurion",1,13.6,Dolphins,Titans,DA Miller,RS Bopara,SB Styris,1,0,,,,,,,,,
575181,2012/13,2013-03-22,"SuperSport Park, Centurion",1,14.1,Dolphins,Titans,DA Miller,RS Bopara,RE van der Merwe,2,0,,,,,,,,,
575181,2012/13,2013-03-22,"SuperSport Park, Centurion",1,14.2,Dolphins,Titans,DA Miller,RS Bopara,RE van der Merwe,0,0,,,,,,,,,
575181,2012/13,2013-03-22,"SuperSport Park, Centurion",1,14.3,Dolphins,Titans,DA Miller,RS Bopara,RE van der Merwe,1,0,,,,,,,,,
575181,2012/13,2013-03-22,"SuperSport Park, Centurion",1,14.4,Dolphins,Titans,RS Bopara,DA Miller,RE van der Merwe,0,0,,,,,,,,,
575181,2012/13,2013-03-22,"SuperSport Park, Centurion",1,14.5,Dolphins,Titans,RS Bopara,DA Miller,RE van der Merwe,0,0,,,,,,,,,
575181,2012/13,2013-03-22,"SuperSport Park, Centurion",1,14.6,Dolphins,Titans,RS Bopara,DA Miller,RE van der Merwe,0,0,,,,,,bowled,RS Bopara,,
575181,2012/13,2013-03-22,"SuperSport Park, Centurion",1,15.1,Dolphins,Titans,DA Miller,VB van Jaarsveld,SB Styris,1,0,,,,,,,,,
575181,2012/13,2013-03-22,"SuperSport Park, Centurion",1,15.2,Dolphins,Titans,VB van Jaarsveld,DA Miller,SB Styris,1,0,,,,,,,,,
575181,2012/13,2013-03-22,"SuperSport Park, Centurion",1,15.3,Dolphins,Titans,DA Miller,VB van Jaarsveld,SB Styris,1,0,,,,,,,,,
575181,2012/13,2013-03-22,"SuperSport Park, Centurion",1,15.4,Dolphins,Titans,VB van Jaarsveld,DA Miller,SB Styris,1,0,,,,,,,,,
575181,2012/13,2013-03-22,"SuperSport Park, Centurion",1,15.5,Dolphins,Titans,DA Miller,VB van Jaarsveld,SB Styris,1,0,,,,,,,,,
575181,2012/13,2013-03-22,"SuperSport Park, Centurion",1,15.6,Dolphins,Titans,VB van Jaarsveld,DA Miller,SB Styris,0,0,,,,,,,,,
575181,2012/13,2013-03-22,"SuperSport Park, Centurion",1,16.1,Dolphins,Titans,DA Miller,VB van Jaarsveld,M Morkel,0,0,,,,,,,,,
575181,2012/13,2013-03-22,"SuperSport Park, Centurion",1,16.2,Dolphins,Titans,DA Miller,VB van Jaarsveld,M Morkel,0,0,,,,,,,,,
575181,2012/13,2013-03-22,"SuperSport Park, Centurion",1,16.3,Dolphins,Titans,DA Miller,VB van Jaarsveld,M Morkel,1,0,,,,,,,,,
575181,2012/13,2013-03-22,"SuperSport Park, Centurion",1,16.4,Dolphins,Titans,VB van Jaarsveld,DA Miller,M Morkel,0,0,,,,,,,,,
575181,2012/13,2013-03-22,"SuperSport Park, Centurion",1,16.5,Dolphins,Titans,VB van Jaarsveld,DA Miller,M Morkel,0,0,,,,,,,,,
575181,2012/13,2013-03-22,"SuperSport Park, Centurion",1,16.6,Dolphins,Titans,VB van Jaarsveld,DA Miller,M Morkel,0,1,,1,,,,,,,
575181,2012/13,2013-03-22,"SuperSport Park, Centurion",1,16.7,Dolphins,Titans,VB van Jaarsveld,DA Miller,M Morkel,0,0,,,,,,run out,VB van Jaarsveld,,
575181,2012/13,2013-03-22,"SuperSport Park, Centurion",1,17.1,Dolphins,Titans,DA Miller,D Smit,AC Thomas,0,0,,,,,,,,,
575181,2012/13,2013-03-22,"SuperSport Park, Centurion",1,17.2,Dolphins,Titans,DA Miller,D Smit,AC Thomas,1,0,,,,,,,,,
575181,2012/13,2013-03-22,"SuperSport Park, Centurion",1,17.3,Dolphins,Titans,D Smit,DA Miller,AC Thomas,2,0,,,,,,,,,
575181,2012/13,2013-03-22,"SuperSport Park, Centurion",1,17.4,Dolphins,Titans,D Smit,DA Miller,AC Thomas,1,0,,,,,,,,,
575181,2012/13,2013-03-22,"SuperSport Park, Centurion",1,17.5,Dolphins,Titans,DA Miller,D Smit,AC Thomas,1,0,,,,,,,,,
575181,2012/13,2013-03-22,"SuperSport Park, Centurion",1,17.6,Dolphins,Titans,D Smit,DA Miller,AC Thomas,1,0,,,,,,,,,
575181,2012/13,2013-03-22,"SuperSport Park, Centurion",1,18.1,Dolphins,Titans,D Smit,DA Miller,M Morkel,1,0,,,,,,,,,
575181,2012/13,2013-03-22,"SuperSport Park, Centurion",1,18.2,Dolphins,Titans,DA Miller,D Smit,M Morkel,2,0,,,,,,,,,
575181,2012/13,2013-03-22,"SuperSport Park, Centurion",1,18.3,Dolphins,Titans,DA Miller,D Smit,M Morkel,0,0,,,,,,,,,
575181,2012/13,2013-03-22,"SuperSport Park, Centurion",1,18.4,Dolphins,Titans,DA Miller,D Smit,M Morkel,4,0,,,,,,,,,
575181,2012/13,2013-03-22,"SuperSport Park, Centurion",1,18.5,Dolphins,Titans,DA Miller,D Smit,M Morkel,0,0,,,,,,,,,
575181,2012/13,2013-03-22,"SuperSport Park, Centurion",1,18.6,Dolphins,Titans,DA Miller,D Smit,M Morkel,1,0,,,,,,,,,
575181,2012/13,2013-03-22,"SuperSport Park, Centurion",1,19.1,Dolphins,Titans,DA Miller,D Smit,AC Thomas,4,0,,,,,,,,,
575181,2012/13,2013-03-22,"SuperSport Park, Centurion",1,19.2,Dolphins,Titans,DA Miller,D Smit,AC Thomas,2,0,,,,,,,,,
575181,2012/13,2013-03-22,"SuperSport Park, Centurion",1,19.3,Dolphins,Titans,DA Miller,D Smit,AC Thomas,0,1,,,,1,,,,,
575181,2012/13,2013-03-22,"SuperSport Park, Centurion",1,19.4,Dolphins,Titans,D Smit,DA Miller,AC Thomas,0,1,1,,,,,,,,
575181,2012/13,2013-03-22,"SuperSport Park, Centurion",1,19.5,Dolphins,Titans,D Smit,DA Miller,AC Thomas,1,0,,,,,,,,,
575181,2012/13,2013-03-22,"SuperSport Park, Centurion",1,19.6,Dolphins,Titans,DA Miller,D Smit,AC Thomas,0,0,,,,,,,,,
575181,2012/13,2013-03-22,"SuperSport Park, Centurion",1,19.7,Dolphins,Titans,DA Miller,D Smit,AC Thomas,2,0,,,,,,,,,
575181,2012/13,2013-03-22,"SuperSport Park, Centurion",2,0.1,Titans,Dolphins,H Davids,JA Rudolph,YA Abdulla,0,0,,,,,,,,,
575181,2012/13,2013-03-22,"SuperSport Park, Centurion",2,0.2,Titans,Dolphins,H Davids,JA Rudolph,YA Abdulla,0,0,,,,,,,,,
575181,2012/13,2013-03-22,"SuperSport Park, Centurion",2,0.3,Titans,Dolphins,H Davids,JA Rudolph,YA Abdulla,0,0,,,,,,,,,
575181,2012/13,2013-03-22,"SuperSport Park, Centurion",2,0.4,Titans,Dolphins,H Davids,JA Rudolph,YA Abdulla,1,0,,,,,,,,,
575181,2012/13,2013-03-22,"SuperSport Park, Centurion",2,0.5,Titans,Dolphins,JA Rudolph,H Davids,YA Abdulla,0,0,,,,,,,,,
575181,2012/13,2013-03-22,"SuperSport Park, Centurion",2,0.6,Titans,Dolphins,JA Rudolph,H Davids,YA Abdulla,0,0,,,,,,,,,
575181,2012/13,2013-03-22,"SuperSport Park, Centurion",2,1.1,Titans,Dolphins,H Davids,JA Rudolph,M Shezi,0,0,,,,,,,,,
575181,2012/13,2013-03-22,"SuperSport Park, Centurion",2,1.2,Titans,Dolphins,H Davids,JA Rudolph,M Shezi,6,0,,,,,,,,,
575181,2012/13,2013-03-22,"SuperSport Park, Centurion",2,1.3,Titans,Dolphins,H Davids,JA Rudolph,M Shezi,1,0,,,,,,,,,
575181,2012/13,2013-03-22,"SuperSport Park, Centurion",2,1.4,Titans,Dolphins,JA Rudolph,H Davids,M Shezi,1,0,,,,,,,,,
575181,2012/13,2013-03-22,"SuperSport Park, Centurion",2,1.5,Titans,Dolphins,H Davids,JA Rudolph,M Shezi,0,0,,,,,,,,,
575181,2012/13,2013-03-22,"SuperSport Park, Centurion",2,1.6,Titans,Dolphins,H Davids,JA Rudolph,M Shezi,1,0,,,,,,,,,
575181,2012/13,2013-03-22,"SuperSport Park, Centurion",2,2.1,Titans,Dolphins,H Davids,JA Rudolph,YA Abdulla,6,0,,,,,,,,,
575181,2012/13,2013-03-22,"SuperSport Park, Centurion",2,2.2,Titans,Dolphins,H Davids,JA Rudolph,YA Abdulla,1,0,,,,,,,,,
575181,2012/13,2013-03-22,"SuperSport Park, Centurion",2,2.3,Titans,Dolphins,JA Rudolph,H Davids,YA Abdulla,4,0,,,,,,,,,
575181,2012/13,2013-03-22,"SuperSport Park, Centurion",2,2.4,Titans,Dolphins,JA Rudolph,H Davids,YA Abdulla,0,0,,,,,,,,,
575181,2012/13,2013-03-22,"SuperSport Park, Centurion",2,2.5,Titans,Dolphins,JA Rudolph,H Davids,YA Abdulla,0,0,,,,,,,,,
575181,2012/13,2013-03-22,"SuperSport Park, Centurion",2,2.6,Titans,Dolphins,JA Rudolph,H Davids,YA Abdulla,0,0,,,,,,,,,
575181,2012/13,2013-03-22,"SuperSport Park, Centurion",2,3.1,Titans,Dolphins,H Davids,JA Rudolph,M Shezi,4,0,,,,,,,,,
575181,2012/13,2013-03-22,"SuperSport Park, Centurion",2,3.2,Titans,Dolphins,H Davids,JA Rudolph,M Shezi,6,0,,,,,,,,,
575181,2012/13,2013-03-22,"SuperSport Park, Centurion",2,3.3,Titans,Dolphins,H Davids,JA Rudolph,M Shezi,0,0,,,,,,bowled,H Davids,,
575181,2012/13,2013-03-22,"SuperSport Park, Centurion",2,3.4,Titans,Dolphins,RE van der Merwe,JA Rudolph,M Shezi,0,0,,,,,,,,,
575181,2012/13,2013-03-22,"SuperSport Park, Centurion",2,3.5,Titans,Dolphins,RE van der Merwe,JA Rudolph,M Shezi,6,0,,,,,,,,,
575181,2012/13,2013-03-22,"SuperSport Park, Centurion",2,3.6,Titans,Dolphins,RE van der Merwe,JA Rudolph,M Shezi,4,0,,,,,,,,,
575181,2012/13,2013-03-22,"SuperSport Park, Centurion",2,4.1,Titans,Dolphins,JA Rudolph,RE van der Merwe,YA Abdulla,0,0,,,,,,,,,
575181,2012/13,2013-03-22,"SuperSport Park, Centurion",2,4.2,Titans,Dolphins,JA Rudolph,RE van der Merwe,YA Abdulla,1,0,,,,,,,,,
575181,2012/13,2013-03-22,"SuperSport Park, Centurion",2,4.3,Titans,Dolphins,RE van der Merwe,JA Rudolph,YA Abdulla,0,0,,,,,,,,,
575181,2012/13,2013-03-22,"SuperSport Park, Centurion",2,4.4,Titans,Dolphins,RE van der Merwe,JA Rudolph,YA Abdulla,1,0,,,,,,,,,
575181,2012/13,2013-03-22,"SuperSport Park, Centurion",2,4.5,Titans,Dolphins,JA Rudolph,RE van der Merwe,YA Abdulla,0,0,,,,,,caught,JA Rudolph,,
575181,2012/13,2013-03-22,"SuperSport Park, Centurion",2,4.6,Titans,Dolphins,RE van der Merwe,M Mosehle,YA Abdulla,0,0,,,,,,,,,
575181,2012/13,2013-03-22,"SuperSport Park, Centurion",2,5.1,Titans,Dolphins,M Mosehle,RE van der Merwe,KJ Abbott,0,1,1,,,,,,,,
575181,2012/13,2013-03-22,"SuperSport Park, Centurion",2,5.2,Titans,Dolphins,M Mosehle,RE van der Merwe,KJ Abbott,0,0,,,,,,bowled,M Mosehle,,
575181,2012/13,2013-03-22,"SuperSport Park, Centurion",2,5.3,Titans,Dolphins,SB Styris,RE van der Merwe,KJ Abbott,0,0,,,,,,,,,
575181,2012/13,2013-03-22,"SuperSport Park, Centurion",2,5.4,Titans,Dolphins,SB Styris,RE van der Merwe,KJ Abbott,2,0,,,,,,,,,
575181,2012/13,2013-03-22,"SuperSport Park, Centurion",2,5.5,Titans,Dolphins,SB Styris,RE van der Merwe,KJ Abbott,0,0,,,,,,,,,
575181,2012/13,2013-03-22,"SuperSport Park, Centurion",2,5.6,Titans,Dolphins,SB Styris,RE van der Merwe,KJ Abbott,0,0,,,,,,,,,
575181,2012/13,2013-03-22,"SuperSport Park, Centurion",2,5.7,Titans,Dolphins,SB Styris,RE van der Merwe,KJ Abbott,1,0,,,,,,,,,
575181,2012/13,2013-03-22,"SuperSport Park, Centurion",2,6.1,Titans,Dolphins,SB Styris,RE van der Merwe,KA Maharaj,0,0,,,,,,,,,
575181,2012/13,2013-03-22,"SuperSport Park, Centurion",2,6.2,Titans,Dolphins,SB Styris,RE van der Merwe,KA Maharaj,0,0,,,,,,,,,
575181,2012/13,2013-03-22,"SuperSport Park, Centurion",2,6.3,Titans,Dolphins,SB Styris,RE van der Merwe,KA Maharaj,0,0,,,,,,,,,
575181,2012/13,2013-03-22,"SuperSport Park, Centurion",2,6.4,Titans,Dolphins,SB Styris,RE van der Merwe,KA Maharaj,0,0,,,,,,,,,
575181,2012/13,2013-03-22,"SuperSport Park, Centurion",2,6.5,Titans,Dolphins,SB Styris,RE van der Merwe,KA Maharaj,1,0,,,,,,,,,
575181,2012/13,2013-03-22,"SuperSport Park, Centurion",2,6.6,Titans,Dolphins,RE van der Merwe,SB Styris,KA Maharaj,0,0,,,,,,,,,
575181,2012/13,2013-03-22,"SuperSport Park, Centurion",2,7.1,Titans,Dolphins,SB Styris,RE van der Merwe,RS Bopara,1,0,,,,,,,,,
575181,2012/13,2013-03-22,"SuperSport Park, Centurion",2,7.2,Titans,Dolphins,RE van der Merwe,SB Styris,RS Bopara,0,0,,,,,,,,,
575181,2012/13,2013-03-22,"SuperSport Park, Centurion",2,7.3,Titans,Dolphins,RE van der Merwe,SB Styris,RS Bopara,1,0,,,,,,,,,
575181,2012/13,2013-03-22,"SuperSport Park, Centurion",2,7.4,Titans,Dolphins,SB Styris,RE van der Merwe,RS Bopara,1,0,,,,,,,,,
575181,2012/13,2013-03-22,"SuperSport Park, Centurion",2,7.5,Titans,Dolphins,RE van der Merwe,SB Styris,RS Bopara,0,0,,,,,,,,,
575181,2012/13,2013-03-22,"SuperSport Park, Centurion",2,7.6,Titans,Dolphins,RE van der Merwe,SB Styris,RS Bopara,1,0,,,,,,,,,
575181,2012/13,2013-03-22,"SuperSport Park, Centurion",2,8.1,Titans,Dolphins,RE van der Merwe,SB Styris,KA Maharaj,2,0,,,,,,,,,
575181,2012/13,2013-03-22,"SuperSport Park, Centurion",2,8.2,Titans,Dolphins,RE van der Merwe,SB Styris,KA Maharaj,0,0,,,,,,,,,
575181,2012/13,2013-03-22,"SuperSport Park, Centurion",2,8.3,Titans,Dolphins,RE van der Merwe,SB Styris,KA Maharaj,0,0,,,,,,stumped,RE van der Merwe,,
575181,2012/13,2013-03-22,"SuperSport Park, Centurion",2,8.4,Titans,Dolphins,F Behardien,SB Styris,KA Maharaj,0,0,,,,,,,,,
575181,2012/13,2013-03-22,"SuperSport Park, Centurion",2,8.5,Titans,Dolphins,F Behardien,SB Styris,KA Maharaj,2,0,,,,,,,,,
575181,2012/13,2013-03-22,"SuperSport Park, Centurion",2,8.6,Titans,Dolphins,F Behardien,SB Styris,KA Maharaj,1,0,,,,,,,,,
575181,2012/13,2013-03-22,"SuperSport Park, Centurion",2,9.1,Titans,Dolphins,F Behardien,SB Styris,RS Bopara,1,0,,,,,,,,,
575181,2012/13,2013-03-22,"SuperSport Park, Centurion",2,9.2,Titans,Dolphins,SB Styris,F Behardien,RS Bopara,0,0,,,,,,,,,
575181,2012/13,2013-03-22,"SuperSport Park, Centurion",2,9.3,Titans,Dolphins,SB Styris,F Behardien,RS Bopara,0,0,,,,,,,,,
575181,2012/13,2013-03-22,"SuperSport Park, Centurion",2,9.4,Titans,Dolphins,SB Styris,F Behardien,RS Bopara,0,1,,,,1,,,,,
575181,2012/13,2013-03-22,"SuperSport Park, Centurion",2,9.5,Titans,Dolphins,F Behardien,SB Styris,RS Bopara,2,0,,,,,,,,,
575181,2012/13,2013-03-22,"SuperSport Park, Centurion",2,9.6,Titans,Dolphins,F Behardien,SB Styris,RS Bopara,0,0,,,,,,,,,
575181,2012/13,2013-03-22,"SuperSport Park, Centurion",2,10.1,Titans,Dolphins,SB Styris,F Behardien,KA Maharaj,0,0,,,,,,,,,
575181,2012/13,2013-03-22,"SuperSport Park, Centurion",2,10.2,Titans,Dolphins,SB Styris,F Behardien,KA Maharaj,0,0,,,,,,,,,
575181,2012/13,2013-03-22,"SuperSport Park, Centurion",2,10.3,Titans,Dolphins,SB Styris,F Behardien,KA Maharaj,1,0,,,,,,,,,
575181,2012/13,2013-03-22,"SuperSport Park, Centurion",2,10.4,Titans,Dolphins,F Behardien,SB Styris,KA Maharaj,1,0,,,,,,,,,
575181,2012/13,2013-03-22,"SuperSport Park, Centurion",2,10.5,Titans,Dolphins,SB Styris,F Behardien,KA Maharaj,0,0,,,,,,,,,
575181,2012/13,2013-03-22,"SuperSport Park, Centurion",2,10.6,Titans,Dolphins,SB Styris,F Behardien,KA Maharaj,1,0,,,,,,,,,
575181,2012/13,2013-03-22,"SuperSport Park, Centurion",2,11.1,Titans,Dolphins,SB Styris,F Behardien,KJ Abbott,1,0,,,,,,,,,
575181,2012/13,2013-03-22,"SuperSport Park, Centurion",2,11.2,Titans,Dolphins,F Behardien,SB Styris,KJ Abbott,0,0,,,,,,,,,
575181,2012/13,2013-03-22,"SuperSport Park, Centurion",2,11.3,Titans,Dolphins,F Behardien,SB Styris,KJ Abbott,1,0,,,,,,,,,
575181,2012/13,2013-03-22,"SuperSport Park, Centurion",2,11.4,Titans,Dolphins,SB Styris,F Behardien,KJ Abbott,6,0,,,,,,,,,
575181,2012/13,2013-03-22,"SuperSport Park, Centurion",2,11.5,Titans,Dolphins,SB Styris,F Behardien,KJ Abbott,1,0,,,,,,,,,
575181,2012/13,2013-03-22,"SuperSport Park, Centurion",2,11.6,Titans,Dolphins,F Behardien,SB Styris,KJ Abbott,0,0,,,,,,,,,
575181,2012/13,2013-03-22,"SuperSport Park, Centurion",2,12.1,Titans,Dolphins,SB Styris,F Behardien,KA Maharaj,1,0,,,,,,,,,
575181,2012/13,2013-03-22,"SuperSport Park, Centurion",2,12.2,Titans,Dolphins,F Behardien,SB Styris,KA Maharaj,1,0,,,,,,,,,
575181,2012/13,2013-03-22,"SuperSport Park, Centurion",2,12.3,Titans,Dolphins,SB Styris,F Behardien,KA Maharaj,1,0,,,,,,,,,
575181,2012/13,2013-03-22,"SuperSport Park, Centurion",2,12.4,Titans,Dolphins,F Behardien,SB Styris,KA Maharaj,1,0,,,,,,,,,
575181,2012/13,2013-03-22,"SuperSport Park, Centurion",2,12.5,Titans,Dolphins,SB Styris,F Behardien,KA Maharaj,0,0,,,,,,caught,SB Styris,,
575181,2012/13,2013-03-22,"SuperSport Park, Centurion",2,12.6,Titans,Dolphins,JA Morkel,F Behardien,KA Maharaj,0,0,,,,,,,,,
575181,2012/13,2013-03-22,"SuperSport Park, Centurion",2,13.1,Titans,Dolphins,F Behardien,JA Morkel,RS Bopara,1,0,,,,,,,,,
575181,2012/13,2013-03-22,"SuperSport Park, Centurion",2,13.2,Titans,Dolphins,JA Morkel,F Behardien,RS Bopara,1,0,,,,,,,,,
575181,2012/13,2013-03-22,"SuperSport Park, Centurion",2,13.3,Titans,Dolphins,F Behardien,JA Morkel,RS Bopara,1,0,,,,,,,,,
575181,2012/13,2013-03-22,"SuperSport Park, Centurion",2,13.4,Titans,Dolphins,JA Morkel,F Behardien,RS Bopara,1,0,,,,,,,,,
575181,2012/13,2013-03-22,"SuperSport Park, Centurion",2,13.5,Titans,Dolphins,F Behardien,JA Morkel,RS Bopara,1,0,,,,,,,,,
575181,2012/13,2013-03-22,"SuperSport Park, Centurion",2,13.6,Titans,Dolphins,JA Morkel,F Behardien,RS Bopara,1,0,,,,,,,,,
575181,2012/13,2013-03-22,"SuperSport Park, Centurion",2,14.1,Titans,Dolphins,JA Morkel,F Behardien,M Shezi,0,0,,,,,,,,,
575181,2012/13,2013-03-22,"SuperSport Park, Centurion",2,14.2,Titans,Dolphins,JA Morkel,F Behardien,M Shezi,1,0,,,,,,,,,
575181,2012/13,2013-03-22,"SuperSport Park, Centurion",2,14.3,Titans,Dolphins,F Behardien,JA Morkel,M Shezi,0,0,,,,,,,,,
575181,2012/13,2013-03-22,"SuperSport Park, Centurion",2,14.4,Titans,Dolphins,F Behardien,JA Morkel,M Shezi,4,0,,,,,,,,,
575181,2012/13,2013-03-22,"SuperSport Park, Centurion",2,14.5,Titans,Dolphins,F Behardien,JA Morkel,M Shezi,1,0,,,,,,,,,
575181,2012/13,2013-03-22,"SuperSport Park, Centurion",2,14.6,Titans,Dolphins,JA Morkel,F Behardien,M Shezi,0,1,,,,1,,,,,
575181,2012/13,2013-03-22,"SuperSport Park, Centurion",2,15.1,Titans,Dolphins,JA Morkel,F Behardien,RS Bopara,6,0,,,,,,,,,
575181,2012/13,2013-03-22,"SuperSport Park, Centurion",2,15.2,Titans,Dolphins,JA Morkel,F Behardien,RS Bopara,1,0,,,,,,,,,
575181,2012/13,2013-03-22,"SuperSport Park, Centurion",2,15.3,Titans,Dolphins,F Behardien,JA Morkel,RS Bopara,1,0,,,,,,,,,
575181,2012/13,2013-03-22,"SuperSport Park, Centurion",2,15.4,Titans,Dolphins,JA Morkel,F Behardien,RS Bopara,1,0,,,,,,,,,
575181,2012/13,2013-03-22,"SuperSport Park, Centurion",2,15.5,Titans,Dolphins,F Behardien,JA Morkel,RS Bopara,6,0,,,,,,,,,
575181,2012/13,2013-03-22,"SuperSport Park, Centurion",2,15.6,Titans,Dolphins,F Behardien,JA Morkel,RS Bopara,6,0,,,,,,,,,
575181,2012/13,2013-03-22,"SuperSport Park, Centurion",2,16.1,Titans,Dolphins,JA Morkel,F Behardien,YA Abdulla,0,0,,,,,,,,,
575181,2012/13,2013-03-22,"SuperSport Park, Centurion",2,16.2,Titans,Dolphins,JA Morkel,F Behardien,YA Abdulla,2,0,,,,,,,,,
575181,2012/13,2013-03-22,"SuperSport Park, Centurion",2,16.3,Titans,Dolphins,JA Morkel,F Behardien,YA Abdulla,0,0,,,,,,,,,
575181,2012/13,2013-03-22,"SuperSport Park, Centurion",2,16.4,Titans,Dolphins,JA Morkel,F Behardien,YA Abdulla,1,0,,,,,,,,,
575181,2012/13,2013-03-22,"SuperSport Park, Centurion",2,16.5,Titans,Dolphins,F Behardien,JA Morkel,YA Abdulla,1,0,,,,,,,,,
575181,2012/13,2013-03-22,"SuperSport Park, Centurion",2,16.6,Titans,Dolphins,JA Morkel,F Behardien,YA Abdulla,0,0,,,,,,caught,JA Morkel,,
575181,2012/13,2013-03-22,"SuperSport Park, Centurion",2,17.1,Titans,Dolphins,F Behardien,D Wiese,KJ Abbott,1,0,,,,,,,,,
575181,2012/13,2013-03-22,"SuperSport Park, Centurion",2,17.2,Titans,Dolphins,D Wiese,F Behardien,KJ Abbott,1,0,,,,,,,,,
575181,2012/13,2013-03-22,"SuperSport Park, Centurion",2,17.3,Titans,Dolphins,F Behardien,D Wiese,KJ Abbott,1,0,,,,,,,,,
575181,2012/13,2013-03-22,"SuperSport Park, Centurion",2,17.4,Titans,Dolphins,D Wiese,F Behardien,KJ Abbott,4,0,,,,,,,,,
575181,2012/13,2013-03-22,"SuperSport Park, Centurion",2,17.5,Titans,Dolphins,D Wiese,F Behardien,KJ Abbott,2,0,,,,,,,,,
575181,2012/13,2013-03-22,"SuperSport Park, Centurion",2,17.6,Titans,Dolphins,D Wiese,F Behardien,KJ Abbott,1,0,,,,,,,,,
575181,2012/13,2013-03-22,"SuperSport Park, Centurion",2,18.1,Titans,Dolphins,D Wiese,F Behardien,M Shezi,1,0,,,,,,,,,
575181,2012/13,2013-03-22,"SuperSport Park, Centurion",2,18.2,Titans,Dolphins,F Behardien,D Wiese,M Shezi,0,1,,,,1,,,,,
575181,2012/13,2013-03-22,"SuperSport Park, Centurion",2,18.3,Titans,Dolphins,D Wiese,F Behardien,M Shezi,6,0,,,,,,,,,
575181,2012/13,2013-03-22,"SuperSport Park, Centurion",2,18.4,Titans,Dolphins,D Wiese,F Behardien,M Shezi,6,0,,,,,,,,,
575181,2012/13,2013-03-22,"SuperSport Park, Centurion",2,18.5,Titans,Dolphins,D Wiese,F Behardien,M Shezi,6,0,,,,,,,,,
