match_id,season,start_date,venue,innings,ball,batting_team,bowling_team,striker,non_striker,bowler,runs_off_bat,extras,wides,noballs,byes,legbyes,penalty,wicket_type,player_dismissed,other_wicket_type,other_player_dismissed
575165,2012/13,2013-02-27,"Chevrolet Park, Bloemfontein",1,0.1,Dolphins,Knights,JD Vandiar,K Zondo,JJ van der Wath,0,0,,,,,,,,,
575165,2012/13,2013-02-27,"Chevrolet Park, Bloemfontein",1,0.2,Dolphins,Knights,JD Vandiar,K Zondo,JJ van der Wath,0,0,,,,,,,,,
575165,2012/13,2013-02-27,"Chevrolet Park, Bloemfontein",1,0.3,Dolphins,Knights,JD Vandiar,K Zondo,JJ van der Wath,4,0,,,,,,,,,
575165,2012/13,2013-02-27,"Chevrolet Park, Bloemfontein",1,0.4,Dolphins,Knights,JD Vandiar,K Zondo,JJ van der Wath,2,0,,,,,,,,,
575165,2012/13,2013-02-27,"Chevrolet Park, Bloemfontein",1,0.5,Dolphins,Knights,JD Vandiar,K Zondo,JJ van der Wath,0,0,,,,,,,,,
575165,2012/13,2013-02-27,"Chevrolet Park, Bloemfontein",1,0.6,Dolphins,Knights,JD Vandiar,K Zondo,JJ van der Wath,0,0,,,,,,,,,
575165,2012/13,2013-02-27,"Chevrolet Park, Bloemfontein",1,1.1,Dolphins,Knights,K Zondo,JD Vandiar,D du Preez,0,1,1,,,,,,,,
575165,2012/13,2013-02-27,"Chevrolet Park, Bloemfontein",1,1.2,Dolphins,Knights,K Zondo,JD Vandiar,D du Preez,4,0,,,,,,,,,
575165,2012/13,2013-02-27,"Chevrolet Park, Bloemfontein",1,1.3,Dolphins,Knights,K Zondo,JD Vandiar,D du Preez,0,0,,,,,,,,,
575165,2012/13,2013-02-27,"Chevrolet Park, Bloemfontein",1,1.4,Dolphins,Knights,K Zondo,JD Vandiar,D du Preez,0,0,,,,,,,,,
575165,2012/13,2013-02-27,"Chevrolet Park, Bloemfontein",1,1.5,Dolphins,Knights,K Zondo,JD Vandiar,D du Preez,0,0,,,,,,,,,
575165,2012/13,2013-02-27,"Chevrolet Park, Bloemfontein",1,1.6,Dolphins,Knights,K Zondo,JD Vandiar,D du Preez,4,0,,,,,,,,,
575165,2012/13,2013-02-27,"Chevrolet Park, Bloemfontein",1,1.7,Dolphins,Knights,K Zondo,JD Vandiar,D du Preez,0,0,,,,,,,,,
575165,2012/13,2013-02-27,"Chevrolet Park, Bloemfontein",1,2.1,Dolphins,Knights,JD Vandiar,K Zondo,JJ van der Wath,0,0,,,,,,,,,
575165,2012/13,2013-02-27,"Chevrolet Park, Bloemfontein",1,2.2,Dolphins,Knights,JD Vandiar,K Zondo,JJ van der Wath,2,0,,,,,,,,,
575165,2012/13,2013-02-27,"Chevrolet Park, Bloemfontein",1,2.3,Dolphins,Knights,JD Vandiar,K Zondo,JJ van der Wath,0,0,,,,,,,,,
575165,2012/13,2013-02-27,"Chevrolet Park, Bloemfontein",1,2.4,Dolphins,Knights,JD Vandiar,K Zondo,JJ van der Wath,0,0,,,,,,,,,
575165,2012/13,2013-02-27,"Chevrolet Park, Bloemfontein",1,2.5,Dolphins,Knights,JD Vandiar,K Zondo,JJ van der Wath,0,0,,,,,,,,,
575165,2012/13,2013-02-27,"Chevrolet Park, Bloemfontein",1,2.6,Dolphins,Knights,JD Vandiar,K Zondo,JJ van der Wath,2,0,,,,,,,,,
575165,2012/13,2013-02-27,"Chevrolet Park, Bloemfontein",1,3.1,Dolphins,Knights,K Zondo,JD Vandiar,D du Preez,1,0,,,,,,,,,
575165,2012/13,2013-02-27,"Chevrolet Park, Bloemfontein",1,3.2,Dolphins,Knights,JD Vandiar,K Zondo,D du Preez,1,0,,,,,,,,,
575165,2012/13,2013-02-27,"Chevrolet Park, Bloemfontein",1,3.3,Dolphins,Knights,K Zondo,JD Vandiar,D du Preez,0,0,,,,,,,,,
575165,2012/13,2013-02-27,"Chevrolet Park, Bloemfontein",1,3.4,Dolphins,Knights,K Zondo,JD Vandiar,D du Preez,4,0,,,,,,,,,
575165,2012/13,2013-02-27,"Chevrolet Park, Bloemfontein",1,3.5,Dolphins,Knights,K Zondo,JD Vandiar,D du Preez,0,0,,,,,,,,,
575165,2012/13,2013-02-27,"Chevrolet Park, Bloemfontein",1,3.6,Dolphins,Knights,K Zondo,JD Vandiar,D du Preez,1,0,,,,,,,,,
575165,2012/13,2013-02-27,"Chevrolet Park, Bloemfontein",1,4.1,Dolphins,Knights,K Zondo,JD Vandiar,MP Siboto,0,0,,,,,,,,,
575165,2012/13,2013-02-27,"Chevrolet Park, Bloemfontein",1,4.2,Dolphins,Knights,K Zondo,JD Vandiar,MP Siboto,0,1,1,,,,,,,,
575165,2012/13,2013-02-27,"Chevrolet Park, Bloemfontein",1,4.3,Dolphins,Knights,K Zondo,JD Vandiar,MP Siboto,0,0,,,,,,,,,
575165,2012/13,2013-02-27,"Chevrolet Park, Bloemfontein",1,4.4,Dolphins,Knights,K Zondo,JD Vandiar,MP Siboto,1,0,,,,,,,,,
575165,2012/13,2013-02-27,"Chevrolet Park, Bloemfontein",1,4.5,Dolphins,Knights,JD Vandiar,K Zondo,MP Siboto,0,0,,,,,,,,,
575165,2012/13,2013-02-27,"Chevrolet Park, Bloemfontein",1,4.6,Dolphins,Knights,JD Vandiar,K Zondo,MP Siboto,1,0,,,,,,,,,
575165,2012/13,2013-02-27,"Chevrolet Park, Bloemfontein",1,4.7,Dolphins,Knights,K Zondo,JD Vandiar,MP Siboto,1,0,,,,,,,,,
575165,2012/13,2013-02-27,"Chevrolet Park, Bloemfontein",1,5.1,Dolphins,Knights,K Zondo,JD Vandiar,SC van Schalkwyk,0,0,,,,,,,,,
575165,2012/13,2013-02-27,"Chevrolet Park, Bloemfontein",1,5.2,Dolphins,Knights,K Zondo,JD Vandiar,SC van Schalkwyk,1,0,,,,,,,,,
575165,2012/13,2013-02-27,"Chevrolet Park, Bloemfontein",1,5.3,Dolphins,Knights,JD Vandiar,K Zondo,SC van Schalkwyk,0,0,,,,,,,,,
575165,2012/13,2013-02-27,"Chevrolet Park, Bloemfontein",1,5.4,Dolphins,Knights,JD Vandiar,K Zondo,SC van Schalkwyk,4,0,,,,,,,,,
575165,2012/13,2013-02-27,"Chevrolet Park, Bloemfontein",1,5.5,Dolphins,Knights,JD Vandiar,K Zondo,SC van Schalkwyk,1,0,,,,,,,,,
575165,2012/13,2013-02-27,"Chevrolet Park, Bloemfontein",1,5.6,Dolphins,Knights,K Zondo,JD Vandiar,SC van Schalkwyk,0,0,,,,,,,,,
575165,2012/13,2013-02-27,"Chevrolet Park, Bloemfontein",1,6.1,Dolphins,Knights,JD Vandiar,K Zondo,MP Siboto,0,1,,,,1,,,,,
575165,2012/13,2013-02-27,"Chevrolet Park, Bloemfontein",1,6.2,Dolphins,Knights,K Zondo,JD Vandiar,MP Siboto,0,0,,,,,,,,,
575165,2012/13,2013-02-27,"Chevrolet Park, Bloemfontein",1,6.3,Dolphins,Knights,K Zondo,JD Vandiar,MP Siboto,1,0,,,,,,,,,
575165,2012/13,2013-02-27,"Chevrolet Park, Bloemfontein",1,6.4,Dolphins,Knights,JD Vandiar,K Zondo,MP Siboto,0,1,1,,,,,,,,
575165,2012/13,2013-02-27,"Chevrolet Park, Bloemfontein",1,6.5,Dolphins,Knights,JD Vandiar,K Zondo,MP Siboto,1,0,,,,,,,,,
575165,2012/13,2013-02-27,"Chevrolet Park, Bloemfontein",1,6.6,Dolphins,Knights,K Zondo,JD Vandiar,MP Siboto,4,0,,,,,,,,,
575165,2012/13,2013-02-27,"Chevrolet Park, Bloemfontein",1,6.7,Dolphins,Knights,K Zondo,JD Vandiar,MP Siboto,1,0,,,,,,,,,
575165,2012/13,2013-02-27,"Chevrolet Park, Bloemfontein",1,7.1,Dolphins,Knights,K Zondo,JD Vandiar,N Boje,1,0,,,,,,,,,
575165,2012/13,2013-02-27,"Chevrolet Park, Bloemfontein",1,7.2,Dolphins,Knights,JD Vandiar,K Zondo,N Boje,0,0,,,,,,stumped,JD Vandiar,,
575165,2012/13,2013-02-27,"Chevrolet Park, Bloemfontein",1,7.3,Dolphins,Knights,P Subrayen,K Zondo,N Boje,1,0,,,,,,,,,
575165,2012/13,2013-02-27,"Chevrolet Park, Bloemfontein",1,7.4,Dolphins,Knights,K Zondo,P Subrayen,N Boje,0,0,,,,,,,,,
575165,2012/13,2013-02-27,"Chevrolet Park, Bloemfontein",1,7.5,Dolphins,Knights,K Zondo,P Subrayen,N Boje,1,0,,,,,,,,,
575165,2012/13,2013-02-27,"Chevrolet Park, Bloemfontein",1,7.6,Dolphins,Knights,P Subrayen,K Zondo,N Boje,1,0,,,,,,,,,
575165,2012/13,2013-02-27,"Chevrolet Park, Bloemfontein",1,8.1,Dolphins,Knights,P Subrayen,K Zondo,D Elgar,1,0,,,,,,,,,
575165,2012/13,2013-02-27,"Chevrolet Park, Bloemfontein",1,8.2,Dolphins,Knights,K Zondo,P Subrayen,D Elgar,1,0,,,,,,,,,
575165,2012/13,2013-02-27,"Chevrolet Park, Bloemfontein",1,8.3,Dolphins,Knights,P Subrayen,K Zondo,D Elgar,1,0,,,,,,,,,
575165,2012/13,2013-02-27,"Chevrolet Park, Bloemfontein",1,8.4,Dolphins,Knights,K Zondo,P Subrayen,D Elgar,1,0,,,,,,,,,
575165,2012/13,2013-02-27,"Chevrolet Park, Bloemfontein",1,8.5,Dolphins,Knights,P Subrayen,K Zondo,D Elgar,1,0,,,,,,,,,
575165,2012/13,2013-02-27,"Chevrolet Park, Bloemfontein",1,8.6,Dolphins,Knights,K Zondo,P Subrayen,D Elgar,1,0,,,,,,,,,
575165,2012/13,2013-02-27,"Chevrolet Park, Bloemfontein",1,9.1,Dolphins,Knights,K Zondo,P Subrayen,N Boje,1,0,,,,,,,,,
575165,2012/13,2013-02-27,"Chevrolet Park, Bloemfontein",1,9.2,Dolphins,Knights,P Subrayen,K Zondo,N Boje,1,0,,,,,,,,,
575165,2012/13,2013-02-27,"Chevrolet Park, Bloemfontein",1,9.3,Dolphins,Knights,K Zondo,P Subrayen,N Boje,0,0,,,,,,,,,
575165,2012/13,2013-02-27,"Chevrolet Park, Bloemfontein",1,9.4,Dolphins,Knights,K Zondo,P Subrayen,N Boje,2,0,,,,,,,,,
575165,2012/13,2013-02-27,"Chevrolet Park, Bloemfontein",1,9.5,Dolphins,Knights,K Zondo,P Subrayen,N Boje,1,0,,,,,,,,,
575165,2012/13,2013-02-27,"Chevrolet Park, Bloemfontein",1,9.6,Dolphins,Knights,P Subrayen,K Zondo,N Boje,1,0,,,,,,,,,
575165,2012/13,2013-02-27,"Chevrolet Park, Bloemfontein",1,10.1,Dolphins,Knights,P Subrayen,K Zondo,D Elgar,1,0,,,,,,,,,
575165,2012/13,2013-02-27,"Chevrolet Park, Bloemfontein",1,10.2,Dolphins,Knights,K Zondo,P Subrayen,D Elgar,1,0,,,,,,,,,
575165,2012/13,2013-02-27,"Chevrolet Park, Bloemfontein",1,10.3,Dolphins,Knights,P Subrayen,K Zondo,D Elgar,1,0,,,,,,,,,
575165,2012/13,2013-02-27,"Chevrolet Park, Bloemfontein",1,10.4,Dolphins,Knights,K Zondo,P Subrayen,D Elgar,1,0,,,,,,,,,
575165,2012/13,2013-02-27,"Chevrolet Park, Bloemfontein",1,10.5,Dolphins,Knights,P Subrayen,K Zondo,D Elgar,0,0,,,,,,bowled,P Subrayen,,
575165,2012/13,2013-02-27,"Chevrolet Park, Bloemfontein",1,10.6,Dolphins,Knights,VB van Jaarsveld,K Zondo,D Elgar,1,0,,,,,,,,,
575165,2012/13,2013-02-27,"Chevrolet Park, Bloemfontein",1,11.1,Dolphins,Knights,VB van Jaarsveld,K Zondo,N Boje,1,0,,,,,,,,,
575165,2012/13,2013-02-27,"Chevrolet Park, Bloemfontein",1,11.2,Dolphins,Knights,K Zondo,VB van Jaarsveld,N Boje,1,0,,,,,,,,,
575165,2012/13,2013-02-27,"Chevrolet Park, Bloemfontein",1,11.3,Dolphins,Knights,VB van Jaarsveld,K Zondo,N Boje,1,0,,,,,,,,,
575165,2012/13,2013-02-27,"Chevrolet Park, Bloemfontein",1,11.4,Dolphins,Knights,K Zondo,VB van Jaarsveld,N Boje,2,0,,,,,,,,,
575165,2012/13,2013-02-27,"Chevrolet Park, Bloemfontein",1,11.5,Dolphins,Knights,K Zondo,VB van Jaarsveld,N Boje,1,0,,,,,,,,,
575165,2012/13,2013-02-27,"Chevrolet Park, Bloemfontein",1,11.6,Dolphins,Knights,VB van Jaarsveld,K Zondo,N Boje,1,0,,,,,,,,,
575165,2012/13,2013-02-27,"Chevrolet Park, Bloemfontein",1,12.1,Dolphins,Knights,VB van Jaarsveld,K Zondo,SC van Schalkwyk,4,0,,,,,,,,,
575165,2012/13,2013-02-27,"Chevrolet Park, Bloemfontein",1,12.2,Dolphins,Knights,VB van Jaarsveld,K Zondo,SC van Schalkwyk,1,0,,,,,,,,,
575165,2012/13,2013-02-27,"Chevrolet Park, Bloemfontein",1,12.3,Dolphins,Knights,K Zondo,VB van Jaarsveld,SC van Schalkwyk,1,0,,,,,,,,,
575165,2012/13,2013-02-27,"Chevrolet Park, Bloemfontein",1,12.4,Dolphins,Knights,VB van Jaarsveld,K Zondo,SC van Schalkwyk,0,0,,,,,,,,,
575165,2012/13,2013-02-27,"Chevrolet Park, Bloemfontein",1,12.5,Dolphins,Knights,VB van Jaarsveld,K Zondo,SC van Schalkwyk,2,0,,,,,,,,,
575165,2012/13,2013-02-27,"Chevrolet Park, Bloemfontein",1,12.6,Dolphins,Knights,VB van Jaarsveld,K Zondo,SC van Schalkwyk,2,0,,,,,,,,,
575165,2012/13,2013-02-27,"Chevrolet Park, Bloemfontein",1,13.1,Dolphins,Knights,K Zondo,VB van Jaarsveld,D du Preez,1,0,,,,,,,,,
575165,2012/13,2013-02-27,"Chevrolet Park, Bloemfontein",1,13.2,Dolphins,Knights,VB van Jaarsveld,K Zondo,D du Preez,0,0,,,,,,,,,
575165,2012/13,2013-02-27,"Chevrolet Park, Bloemfontein",1,13.3,Dolphins,Knights,VB van Jaarsveld,K Zondo,D du Preez,0,0,,,,,,,,,
575165,2012/13,2013-02-27,"Chevrolet Park, Bloemfontein",1,13.4,Dolphins,Knights,VB van Jaarsveld,K Zondo,D du Preez,1,0,,,,,,,,,
575165,2012/13,2013-02-27,"Chevrolet Park, Bloemfontein",1,13.5,Dolphins,Knights,K Zondo,VB van Jaarsveld,D du Preez,1,0,,,,,,,,,
575165,2012/13,2013-02-27,"Chevrolet Park, Bloemfontein",1,13.6,Dolphins,Knights,VB van Jaarsveld,K Zondo,D du Preez,4,0,,,,,,,,,
575165,2012/13,2013-02-27,"Chevrolet Park, Bloemfontein",1,14.1,Dolphins,Knights,K Zondo,VB van Jaarsveld,JJ van der Wath,2,0,,,,,,,,,
575165,2012/13,2013-02-27,"Chevrolet Park, Bloemfontein",1,14.2,Dolphins,Knights,K Zondo,VB van Jaarsveld,JJ van der Wath,0,0,,,,,,caught,K Zondo,,
575165,2012/13,2013-02-27,"Chevrolet Park, Bloemfontein",1,14.3,Dolphins,Knights,RS Bopara,VB van Jaarsveld,JJ van der Wath,1,0,,,,,,,,,
575165,2012/13,2013-02-27,"Chevrolet Park, Bloemfontein",1,14.4,Dolphins,Knights,VB van Jaarsveld,RS Bopara,JJ van der Wath,1,0,,,,,,,,,
575165,2012/13,2013-02-27,"Chevrolet Park, Bloemfontein",1,14.5,Dolphins,Knights,RS Bopara,VB van Jaarsveld,JJ van der Wath,1,0,,,,,,,,,
575165,2012/13,2013-02-27,"Chevrolet Park, Bloemfontein",1,14.6,Dolphins,Knights,VB van Jaarsveld,RS Bopara,JJ van der Wath,2,0,,,,,,,,,
575165,2012/13,2013-02-27,"Chevrolet Park, Bloemfontein",1,15.1,Dolphins,Knights,RS Bopara,VB van Jaarsveld,N Boje,0,0,,,,,,,,,
575165,2012/13,2013-02-27,"Chevrolet Park, Bloemfontein",1,15.2,Dolphins,Knights,RS Bopara,VB van Jaarsveld,N Boje,1,0,,,,,,,,,
575165,2012/13,2013-02-27,"Chevrolet Park, Bloemfontein",1,15.3,Dolphins,Knights,VB van Jaarsveld,RS Bopara,N Boje,1,0,,,,,,,,,
575165,2012/13,2013-02-27,"Chevrolet Park, Bloemfontein",1,15.4,Dolphins,Knights,RS Bopara,VB van Jaarsveld,N Boje,1,0,,,,,,,,,
575165,2012/13,2013-02-27,"Chevrolet Park, Bloemfontein",1,15.5,Dolphins,Knights,VB van Jaarsveld,RS Bopara,N Boje,2,0,,,,,,,,,
575165,2012/13,2013-02-27,"Chevrolet Park, Bloemfontein",1,15.6,Dolphins,Knights,VB van Jaarsveld,RS Bopara,N Boje,1,0,,,,,,,,,
575165,2012/13,2013-02-27,"Chevrolet Park, Bloemfontein",1,16.1,Dolphins,Knights,VB van Jaarsveld,RS Bopara,MP Siboto,1,0,,,,,,,,,
575165,2012/13,2013-02-27,"Chevrolet Park, Bloemfontein",1,16.2,Dolphins,Knights,RS Bopara,VB van Jaarsveld,MP Siboto,1,0,,,,,,,,,
575165,2012/13,2013-02-27,"Chevrolet Park, Bloemfontein",1,16.3,Dolphins,Knights,VB van Jaarsveld,RS Bopara,MP Siboto,1,0,,,,,,,,,
575165,2012/13,2013-02-27,"Chevrolet Park, Bloemfontein",1,16.4,Dolphins,Knights,RS Bopara,VB van Jaarsveld,MP Siboto,1,0,,,,,,,,,
575165,2012/13,2013-02-27,"Chevrolet Park, Bloemfontein",1,16.5,Dolphins,Knights,VB van Jaarsveld,RS Bopara,MP Siboto,1,0,,,,,,,,,
575165,2012/13,2013-02-27,"Chevrolet Park, Bloemfontein",1,16.6,Dolphins,Knights,RS Bopara,VB van Jaarsveld,MP Siboto,1,0,,,,,,,,,
575165,2012/13,2013-02-27,"Chevrolet Park, Bloemfontein",1,17.1,Dolphins,Knights,RS Bopara,VB van Jaarsveld,D du Preez,1,0,,,,,,,,,
575165,2012/13,2013-02-27,"Chevrolet Park, Bloemfontein",1,17.2,Dolphins,Knights,VB van Jaarsveld,RS Bopara,D du Preez,1,0,,,,,,,,,
575165,2012/13,2013-02-27,"Chevrolet Park, Bloemfontein",1,17.3,Dolphins,Knights,RS Bopara,VB van Jaarsveld,D du Preez,1,0,,,,,,,,,
575165,2012/13,2013-02-27,"Chevrolet Park, Bloemfontein",1,17.4,Dolphins,Knights,VB van Jaarsveld,RS Bopara,D du Preez,1,0,,,,,,,,,
575165,2012/13,2013-02-27,"Chevrolet Park, Bloemfontein",1,17.5,Dolphins,Knights,RS Bopara,VB van Jaarsveld,D du Preez,0,0,,,,,,caught,RS Bopara,,
575165,2012/13,2013-02-27,"Chevrolet Park, Bloemfontein",1,17.6,Dolphins,Knights,CS Delport,VB van Jaarsveld,D du Preez,1,0,,,,,,,,,
575165,2012/13,2013-02-27,"Chevrolet Park, Bloemfontein",1,18.1,Dolphins,Knights,CS Delport,VB van Jaarsveld,JJ van der Wath,1,0,,,,,,,,,
575165,2012/13,2013-02-27,"Chevrolet Park, Bloemfontein",1,18.2,Dolphins,Knights,VB van Jaarsveld,CS Delport,JJ van der Wath,4,0,,,,,,,,,
575165,2012/13,2013-02-27,"Chevrolet Park, Bloemfontein",1,18.3,Dolphins,Knights,VB van Jaarsveld,CS Delport,JJ van der Wath,1,0,,,,,,,,,
575165,2012/13,2013-02-27,"Chevrolet Park, Bloemfontein",1,18.4,Dolphins,Knights,CS Delport,VB van Jaarsveld,JJ van der Wath,4,0,,,,,,,,,
575165,2012/13,2013-02-27,"Chevrolet Park, Bloemfontein",1,18.5,Dolphins,Knights,CS Delport,VB van Jaarsveld,JJ van der Wath,2,0,,,,,,,,,
575165,2012/13,2013-02-27,"Chevrolet Park, Bloemfontein",1,18.6,Dolphins,Knights,CS Delport,VB van Jaarsveld,JJ van der Wath,0,0,,,,,,lbw,CS Delport,,
575165,2012/13,2013-02-27,"Chevrolet Park, Bloemfontein",1,19.1,Dolphins,Knights,VB van Jaarsveld,R Frylinck,MP Siboto,0,0,,,,,,,,,
575165,2012/13,2013-02-27,"Chevrolet Park, Bloemfontein",1,19.2,Dolphins,Knights,VB van Jaarsveld,R Frylinck,MP Siboto,1,0,,,,,,,,,
575165,2012/13,2013-02-27,"Chevrolet Park, Bloemfontein",1,19.3,Dolphins,Knights,R Frylinck,VB van Jaarsveld,MP Siboto,1,0,,,,,,,,,
575165,2012/13,2013-02-27,"Chevrolet Park, Bloemfontein",1,19.4,Dolphins,Knights,VB van Jaarsveld,R Frylinck,MP Siboto,2,0,,,,,,,,,
575165,2012/13,2013-02-27,"Chevrolet Park, Bloemfontein",1,19.5,Dolphins,Knights,VB van Jaarsveld,R Frylinck,MP Siboto,1,0,,,,,,,,,
575165,2012/13,2013-02-27,"Chevrolet Park, Bloemfontein",1,19.6,Dolphins,Knights,R Frylinck,VB van Jaarsveld,MP Siboto,0,0,,,,,,,,,
575165,2012/13,2013-02-27,"Chevrolet Park, Bloemfontein",2,0.1,Knights,Dolphins,LE Bosman,RR Rossouw,P Subrayen,2,0,,,,,,,,,
575165,2012/13,2013-02-27,"Chevrolet Park, Bloemfontein",2,0.2,Knights,Dolphins,LE Bosman,RR Rossouw,P Subrayen,0,1,1,,,,,,,,
575165,2012/13,2013-02-27,"Chevrolet Park, Bloemfontein",2,0.3,Knights,Dolphins,LE Bosman,RR Rossouw,P Subrayen,0,1,1,,,,,,,,
575165,2012/13,2013-02-27,"Chevrolet Park, Bloemfontein",2,0.4,Knights,Dolphins,LE Bosman,RR Rossouw,P Subrayen,1,0,,,,,,,,,
575165,2012/13,2013-02-27,"Chevrolet Park, Bloemfontein",2,0.5,Knights,Dolphins,RR Rossouw,LE Bosman,P Subrayen,0,0,,,,,,,,,
575165,2012/13,2013-02-27,"Chevrolet Park, Bloemfontein",2,0.6,Knights,Dolphins,RR Rossouw,LE Bosman,P Subrayen,0,0,,,,,,,,,
575165,2012/13,2013-02-27,"Chevrolet Park, Bloemfontein",2,0.7,Knights,Dolphins,RR Rossouw,LE Bosman,P Subrayen,1,0,,,,,,,,,
575165,2012/13,2013-02-27,"Chevrolet Park, Bloemfontein",2,0.8,Knights,Dolphins,LE Bosman,RR Rossouw,P Subrayen,0,0,,,,,,bowled,LE Bosman,,
575165,2012/13,2013-02-27,"Chevrolet Park, Bloemfontein",2,1.1,Knights,Dolphins,RR Rossouw,D Elgar,I Khan,0,1,1,,,,,,,,
575165,2012/13,2013-02-27,"Chevrolet Park, Bloemfontein",2,1.2,Knights,Dolphins,RR Rossouw,D Elgar,I Khan,1,0,,,,,,,,,
575165,2012/13,2013-02-27,"Chevrolet Park, Bloemfontein",2,1.3,Knights,Dolphins,D Elgar,RR Rossouw,I Khan,0,0,,,,,,,,,
575165,2012/13,2013-02-27,"Chevrolet Park, Bloemfontein",2,1.4,Knights,Dolphins,D Elgar,RR Rossouw,I Khan,0,0,,,,,,,,,
575165,2012/13,2013-02-27,"Chevrolet Park, Bloemfontein",2,1.5,Knights,Dolphins,D Elgar,RR Rossouw,I Khan,6,0,,,,,,,,,
575165,2012/13,2013-02-27,"Chevrolet Park, Bloemfontein",2,1.6,Knights,Dolphins,D Elgar,RR Rossouw,I Khan,0,0,,,,,,,,,
575165,2012/13,2013-02-27,"Chevrolet Park, Bloemfontein",2,1.7,Knights,Dolphins,D Elgar,RR Rossouw,I Khan,4,0,,,,,,,,,
575165,2012/13,2013-02-27,"Chevrolet Park, Bloemfontein",2,2.1,Knights,Dolphins,RR Rossouw,D Elgar,CJ Alexander,1,0,,,,,,,,,
575165,2012/13,2013-02-27,"Chevrolet Park, Bloemfontein",2,2.2,Knights,Dolphins,D Elgar,RR Rossouw,CJ Alexander,0,0,,,,,,,,,
575165,2012/13,2013-02-27,"Chevrolet Park, Bloemfontein",2,2.3,Knights,Dolphins,D Elgar,RR Rossouw,CJ Alexander,1,0,,,,,,,,,
575165,2012/13,2013-02-27,"Chevrolet Park, Bloemfontein",2,2.4,Knights,Dolphins,RR Rossouw,D Elgar,CJ Alexander,0,0,,,,,,,,,
575165,2012/13,2013-02-27,"Chevrolet Park, Bloemfontein",2,2.5,Knights,Dolphins,RR Rossouw,D Elgar,CJ Alexander,0,0,,,,,,,,,
575165,2012/13,2013-02-27,"Chevrolet Park, Bloemfontein",2,2.6,Knights,Dolphins,RR Rossouw,D Elgar,CJ Alexander,0,0,,,,,,,,,
575165,2012/13,2013-02-27,"Chevrolet Park, Bloemfontein",2,3.1,Knights,Dolphins,D Elgar,RR Rossouw,M Shezi,2,0,,,,,,,,,
575165,2012/13,2013-02-27,"Chevrolet Park, Bloemfontein",2,3.2,Knights,Dolphins,D Elgar,RR Rossouw,M Shezi,0,0,,,,,,,,,
575165,2012/13,2013-02-27,"Chevrolet Park, Bloemfontein",2,3.3,Knights,Dolphins,D Elgar,RR Rossouw,M Shezi,1,0,,,,,,,,,
575165,2012/13,2013-02-27,"Chevrolet Park, Bloemfontein",2,3.4,Knights,Dolphins,RR Rossouw,D Elgar,M Shezi,6,0,,,,,,,,,
575165,2012/13,2013-02-27,"Chevrolet Park, Bloemfontein",2,3.5,Knights,Dolphins,RR Rossouw,D Elgar,M Shezi,0,0,,,,,,,,,
575165,2012/13,2013-02-27,"Chevrolet Park, Bloemfontein",2,3.6,Knights,Dolphins,RR Rossouw,D Elgar,M Shezi,1,0,,,,,,,,,
575165,2012/13,2013-02-27,"Chevrolet Park, Bloemfontein",2,4.1,Knights,Dolphins,RR Rossouw,D Elgar,CJ Alexander,4,0,,,,,,,,,
575165,2012/13,2013-02-27,"Chevrolet Park, Bloemfontein",2,4.2,Knights,Dolphins,RR Rossouw,D Elgar,CJ Alexander,4,0,,,,,,,,,
575165,2012/13,2013-02-27,"Chevrolet Park, Bloemfontein",2,4.3,Knights,Dolphins,RR Rossouw,D Elgar,CJ Alexander,4,0,,,,,,,,,
575165,2012/13,2013-02-27,"Chevrolet Park, Bloemfontein",2,4.4,Knights,Dolphins,RR Rossouw,D Elgar,CJ Alexander,0,0,,,,,,,,,
575165,2012/13,2013-02-27,"Chevrolet Park, Bloemfontein",2,4.5,Knights,Dolphins,RR Rossouw,D Elgar,CJ Alexander,4,0,,,,,,,,,
575165,2012/13,2013-02-27,"Chevrolet Park, Bloemfontein",2,4.6,Knights,Dolphins,RR Rossouw,D Elgar,CJ Alexander,0,0,,,,,,,,,
575165,2012/13,2013-02-27,"Chevrolet Park, Bloemfontein",2,5.1,Knights,Dolphins,D Elgar,RR Rossouw,P Subrayen,1,0,,,,,,,,,
575165,2012/13,2013-02-27,"Chevrolet Park, Bloemfontein",2,5.2,Knights,Dolphins,RR Rossouw,D Elgar,P Subrayen,0,0,,,,,,,,,
575165,2012/13,2013-02-27,"Chevrolet Park, Bloemfontein",2,5.3,Knights,Dolphins,RR Rossouw,D Elgar,P Subrayen,1,0,,,,,,,,,
575165,2012/13,2013-02-27,"Chevrolet Park, Bloemfontein",2,5.4,Knights,Dolphins,D Elgar,RR Rossouw,P Subrayen,4,0,,,,,,,,,
575165,2012/13,2013-02-27,"Chevrolet Park, Bloemfontein",2,5.5,Knights,Dolphins,D Elgar,RR Rossouw,P Subrayen,1,0,,,,,,,,,
575165,2012/13,2013-02-27,"Chevrolet Park, Bloemfontein",2,5.6,Knights,Dolphins,RR Rossouw,D Elgar,P Subrayen,4,0,,,,,,,,,
575165,2012/13,2013-02-27,"Chevrolet Park, Bloemfontein",2,6.1,Knights,Dolphins,D Elgar,RR Rossouw,RS Bopara,0,0,,,,,,,,,
575165,2012/13,2013-02-27,"Chevrolet Park, Bloemfontein",2,6.2,Knights,Dolphins,D Elgar,RR Rossouw,RS Bopara,1,0,,,,,,,,,
575165,2012/13,2013-02-27,"Chevrolet Park, Bloemfontein",2,6.3,Knights,Dolphins,RR Rossouw,D Elgar,RS Bopara,1,0,,,,,,,,,
575165,2012/13,2013-02-27,"Chevrolet Park, Bloemfontein",2,6.4,Knights,Dolphins,D Elgar,RR Rossouw,RS Bopara,0,0,,,,,,,,,
575165,2012/13,2013-02-27,"Chevrolet Park, Bloemfontein",2,6.5,Knights,Dolphins,D Elgar,RR Rossouw,RS Bopara,0,0,,,,,,,,,
575165,2012/13,2013-02-27,"Chevrolet Park, Bloemfontein",2,6.6,Knights,Dolphins,D Elgar,RR Rossouw,RS Bopara,1,0,,,,,,,,,
575165,2012/13,2013-02-27,"Chevrolet Park, Bloemfontein",2,7.1,Knights,Dolphins,D Elgar,RR Rossouw,R Frylinck,0,0,,,,,,,,,
575165,2012/13,2013-02-27,"Chevrolet Park, Bloemfontein",2,7.2,Knights,Dolphins,D Elgar,RR Rossouw,R Frylinck,0,0,,,,,,,,,
575165,2012/13,2013-02-27,"Chevrolet Park, Bloemfontein",2,7.3,Knights,Dolphins,D Elgar,RR Rossouw,R Frylinck,0,1,1,,,,,,,,
575165,2012/13,2013-02-27,"Chevrolet Park, Bloemfontein",2,7.4,Knights,Dolphins,D Elgar,RR Rossouw,R Frylinck,4,0,,,,,,,,,
575165,2012/13,2013-02-27,"Chevrolet Park, Bloemfontein",2,7.5,Knights,Dolphins,D Elgar,RR Rossouw,R Frylinck,0,0,,,,,,,,,
575165,2012/13,2013-02-27,"Chevrolet Park, Bloemfontein",2,7.6,Knights,Dolphins,D Elgar,RR Rossouw,R Frylinck,3,0,,,,,,,,,
575165,2012/13,2013-02-27,"Chevrolet Park, Bloemfontein",2,7.7,Knights,Dolphins,RR Rossouw,D Elgar,R Frylinck,1,0,,,,,,,,,
575165,2012/13,2013-02-27,"Chevrolet Park, Bloemfontein",2,8.1,Knights,Dolphins,RR Rossouw,D Elgar,RS Bopara,0,0,,,,,,,,,
575165,2012/13,2013-02-27,"Chevrolet Park, Bloemfontein",2,8.2,Knights,Dolphins,RR Rossouw,D Elgar,RS Bopara,1,0,,,,,,,,,
575165,2012/13,2013-02-27,"Chevrolet Park, Bloemfontein",2,8.3,Knights,Dolphins,D Elgar,RR Rossouw,RS Bopara,0,0,,,,,,,,,
575165,2012/13,2013-02-27,"Chevrolet Park, Bloemfontein",2,8.4,Knights,Dolphins,D Elgar,RR Rossouw,RS Bopara,1,0,,,,,,,,,
575165,2012/13,2013-02-27,"Chevrolet Park, Bloemfontein",2,8.5,Knights,Dolphins,RR Rossouw,D Elgar,RS Bopara,0,1,1,,,,,,,,
575165,2012/13,2013-02-27,"Chevrolet Park, Bloemfontein",2,8.6,Knights,Dolphins,RR Rossouw,D Elgar,RS Bopara,1,0,,,,,,,,,
575165,2012/13,2013-02-27,"Chevrolet Park, Bloemfontein",2,8.7,Knights,Dolphins,D Elgar,RR Rossouw,RS Bopara,1,0,,,,,,,,,
575165,2012/13,2013-02-27,"Chevrolet Park, Bloemfontein",2,9.1,Knights,Dolphins,D Elgar,RR Rossouw,R Frylinck,0,1,1,,,,,,,,
575165,2012/13,2013-02-27,"Chevrolet Park, Bloemfontein",2,9.2,Knights,Dolphins,D Elgar,RR Rossouw,R Frylinck,1,0,,,,,,,,,
575165,2012/13,2013-02-27,"Chevrolet Park, Bloemfontein",2,9.3,Knights,Dolphins,RR Rossouw,D Elgar,R Frylinck,4,0,,,,,,,,,
575165,2012/13,2013-02-27,"Chevrolet Park, Bloemfontein",2,9.4,Knights,Dolphins,RR Rossouw,D Elgar,R Frylinck,1,0,,,,,,,,,
575165,2012/13,2013-02-27,"Chevrolet Park, Bloemfontein",2,9.5,Knights,Dolphins,D Elgar,RR Rossouw,R Frylinck,4,0,,,,,,,,,
575165,2012/13,2013-02-27,"Chevrolet Park, Bloemfontein",2,9.6,Knights,Dolphins,D Elgar,RR Rossouw,R Frylinck,1,0,,,,,,,,,
575165,2012/13,2013-02-27,"Chevrolet Park, Bloemfontein",2,9.7,Knights,Dolphins,RR Rossouw,D Elgar,R Frylinck,1,0,,,,,,,,,
575165,2012/13,2013-02-27,"Chevrolet Park, Bloemfontein",2,10.1,Knights,Dolphins,RR Rossouw,D Elgar,RS Bopara,1,0,,,,,,,,,
575165,2012/13,2013-02-27,"Chevrolet Park, Bloemfontein",2,10.2,Knights,Dolphins,D Elgar,RR Rossouw,RS Bopara,0,0,,,,,,,,,
575165,2012/13,2013-02-27,"Chevrolet Park, Bloemfontein",2,10.3,Knights,Dolphins,D Elgar,RR Rossouw,RS Bopara,0,1,1,,,,,,,,
575165,2012/13,2013-02-27,"Chevrolet Park, Bloemfontein",2,10.4,Knights,Dolphins,D Elgar,RR Rossouw,RS Bopara,0,0,,,,,,,,,
575165,2012/13,2013-02-27,"Chevrolet Park, Bloemfontein",2,10.5,Knights,Dolphins,D Elgar,RR Rossouw,RS Bopara,1,0,,,,,,,,,
575165,2012/13,2013-02-27,"Chevrolet Park, Bloemfontein",2,10.6,Knights,Dolphins,RR Rossouw,D Elgar,RS Bopara,0,0,,,,,,,,,
575165,2012/13,2013-02-27,"Chevrolet Park, Bloemfontein",2,10.7,Knights,Dolphins,RR Rossouw,D Elgar,RS Bopara,1,0,,,,,,,,,
575165,2012/13,2013-02-27,"Chevrolet Park, Bloemfontein",2,11.1,Knights,Dolphins,RR Rossouw,D Elgar,P Subrayen,2,0,,,,,,,,,
575165,2012/13,2013-02-27,"Chevrolet Park, Bloemfontein",2,11.2,Knights,Dolphins,RR Rossouw,D Elgar,P Subrayen,0,1,,,,1,,,,,
575165,2012/13,2013-02-27,"Chevrolet Park, Bloemfontein",2,11.3,Knights,Dolphins,D Elgar,RR Rossouw,P Subrayen,4,0,,,,,,,,,
575165,2012/13,2013-02-27,"Chevrolet Park, Bloemfontein",2,11.4,Knights,Dolphins,D Elgar,RR Rossouw,P Subrayen,1,0,,,,,,,,,
575165,2012/13,2013-02-27,"Chevrolet Park, Bloemfontein",2,11.5,Knights,Dolphins,RR Rossouw,D Elgar,P Subrayen,0,0,,,,,,,,,
575165,2012/13,2013-02-27,"Chevrolet Park, Bloemfontein",2,11.6,Knights,Dolphins,RR Rossouw,D Elgar,P Subrayen,1,0,,,,,,,,,
575165,2012/13,2013-02-27,"Chevrolet Park, Bloemfontein",2,12.1,Knights,Dolphins,RR Rossouw,D Elgar,CJ Alexander,0,0,,,,,,,,,
575165,2012/13,2013-02-27,"Chevrolet Park, Bloemfontein",2,12.2,Knights,Dolphins,RR Rossouw,D Elgar,CJ Alexander,0,0,,,,,,,,,
575165,2012/13,2013-02-27,"Chevrolet Park, Bloemfontein",2,12.3,Knights,Dolphins,RR Rossouw,D Elgar,CJ Alexander,4,0,,,,,,,,,
575165,2012/13,2013-02-27,"Chevrolet Park, Bloemfontein",2,12.4,Knights,Dolphins,RR Rossouw,D Elgar,CJ Alexander,1,0,,,,,,,,,
575165,2012/13,2013-02-27,"Chevrolet Park, Bloemfontein",2,12.5,Knights,Dolphins,D Elgar,RR Rossouw,CJ Alexander,1,0,,,,,,,,,
575165,2012/13,2013-02-27,"Chevrolet Park, Bloemfontein",2,12.6,Knights,Dolphins,RR Rossouw,D Elgar,CJ Alexander,0,0,,,,,,,,,
575165,2012/13,2013-02-27,"Chevrolet Park, Bloemfontein",2,13.1,Knights,Dolphins,D Elgar,RR Rossouw,P Subrayen,4,0,,,,,,,,,
575165,2012/13,2013-02-27,"Chevrolet Park, Bloemfontein",2,13.2,Knights,Dolphins,D Elgar,RR Rossouw,P Subrayen,0,0,,,,,,,,,
575165,2012/13,2013-02-27,"Chevrolet Park, Bloemfontein",2,13.3,Knights,Dolphins,D Elgar,RR Rossouw,P Subrayen,1,0,,,,,,,,,
575165,2012/13,2013-02-27,"Chevrolet Park, Bloemfontein",2,13.4,Knights,Dolphins,RR Rossouw,D Elgar,P Subrayen,0,0,,,,,,,,,
575165,2012/13,2013-02-27,"Chevrolet Park, Bloemfontein",2,13.5,Knights,Dolphins,RR Rossouw,D Elgar,P Subrayen,1,0,,,,,,,,,
575165,2012/13,2013-02-27,"Chevrolet Park, Bloemfontein",2,13.6,Knights,Dolphins,D Elgar,RR Rossouw,P Subrayen,1,0,,,,,,,,,
575165,2012/13,2013-02-27,"Chevrolet Park, Bloemfontein",2,14.1,Knights,Dolphins,D Elgar,RR Rossouw,R Frylinck,4,0,,,,,,,,,
575165,2012/13,2013-02-27,"Chevrolet Park, Bloemfontein",2,14.2,Knights,Dolphins,D Elgar,RR Rossouw,R Frylinck,1,0,,,,,,,,,
575165,2012/13,2013-02-27,"Chevrolet Park, Bloemfontein",2,14.3,Knights,Dolphins,RR Rossouw,D Elgar,R Frylinck,4,0,,,,,,,,,
575165,2012/13,2013-02-27,"Chevrolet Park, Bloemfontein",2,14.4,Knights,Dolphins,RR Rossouw,D Elgar,R Frylinck,1,0,,,,,,,,,
575165,2012/13,2013-02-27,"Chevrolet Park, Bloemfontein",2,14.5,Knights,Dolphins,D Elgar,RR Rossouw,R Frylinck,2,0,,,,,,,,,
575165,2012/13,2013-02-27,"Chevrolet Park, Bloemfontein",2,14.6,Knights,Dolphins,D Elgar,RR Rossouw,R Frylinck,4,0,,,,,,,,,
575165,2012/13,2013-02-27,"Chevrolet Park, Bloemfontein",2,15.1,Knights,Dolphins,RR Rossouw,D Elgar,CS Delport,0,0,,,,,,,,,
575165,2012/13,2013-02-27,"Chevrolet Park, Bloemfontein",2,15.2,Knights,Dolphins,RR Rossouw,D Elgar,CS Delport,0,0,,,,,,,,,
575165,2012/13,2013-02-27,"Chevrolet Park, Bloemfontein",2,15.3,Knights,Dolphins,RR Rossouw,D Elgar,CS Delport,4,0,,,,,,,,,
