match_id,season,start_date,venue,innings,ball,batting_team,bowling_team,striker,non_striker,bowler,runs_off_bat,extras,wides,noballs,byes,legbyes,penalty,wicket_type,player_dismissed,other_wicket_type,other_player_dismissed
575174,2012/13,2013-03-12,"Boland Park, Paarl",1,0.1,Titans,Cape Cobras,JA Rudolph,H Davids,CK Langeveldt,0,0,,,,,,,,,
575174,2012/13,2013-03-12,"Boland Park, Paarl",1,0.2,Titans,Cape Cobras,JA Rudolph,H Davids,CK Langeveldt,4,0,,,,,,,,,
575174,2012/13,2013-03-12,"Boland Park, Paarl",1,0.3,Titans,Cape Cobras,JA Rudolph,H Davids,CK Langeveldt,0,0,,,,,,,,,
575174,2012/13,2013-03-12,"Boland Park, Paarl",1,0.4,Titans,Cape Cobras,JA Rudolph,H Davids,CK Langeveldt,1,0,,,,,,,,,
575174,2012/13,2013-03-12,"Boland Park, Paarl",1,0.5,Titans,Cape Cobras,H Davids,JA Rudolph,CK Langeveldt,0,0,,,,,,,,,
575174,2012/13,2013-03-12,"Boland Park, Paarl",1,0.6,Titans,Cape Cobras,H Davids,JA Rudolph,CK Langeveldt,0,0,,,,,,,,,
575174,2012/13,2013-03-12,"Boland Park, Paarl",1,1.1,Titans,Cape Cobras,JA Rudolph,H Davids,BE Hendricks,4,0,,,,,,,,,
575174,2012/13,2013-03-12,"Boland Park, Paarl",1,1.2,Titans,Cape Cobras,JA Rudolph,H Davids,BE Hendricks,4,0,,,,,,,,,
575174,2012/13,2013-03-12,"Boland Park, Paarl",1,1.3,Titans,Cape Cobras,JA Rudolph,H Davids,BE Hendricks,0,0,,,,,,,,,
575174,2012/13,2013-03-12,"Boland Park, Paarl",1,1.4,Titans,Cape Cobras,JA Rudolph,H Davids,BE Hendricks,4,0,,,,,,,,,
575174,2012/13,2013-03-12,"Boland Park, Paarl",1,1.5,Titans,Cape Cobras,JA Rudolph,H Davids,BE Hendricks,0,0,,,,,,,,,
575174,2012/13,2013-03-12,"Boland Park, Paarl",1,1.6,Titans,Cape Cobras,JA Rudolph,H Davids,BE Hendricks,0,0,,,,,,,,,
575174,2012/13,2013-03-12,"Boland Park, Paarl",1,2.1,Titans,Cape Cobras,H Davids,JA Rudolph,CK Langeveldt,2,0,,,,,,,,,
575174,2012/13,2013-03-12,"Boland Park, Paarl",1,2.2,Titans,Cape Cobras,H Davids,JA Rudolph,CK Langeveldt,0,0,,,,,,,,,
575174,2012/13,2013-03-12,"Boland Park, Paarl",1,2.3,Titans,Cape Cobras,H Davids,JA Rudolph,CK Langeveldt,0,0,,,,,,,,,
575174,2012/13,2013-03-12,"Boland Park, Paarl",1,2.4,Titans,Cape Cobras,H Davids,JA Rudolph,CK Langeveldt,1,0,,,,,,,,,
575174,2012/13,2013-03-12,"Boland Park, Paarl",1,2.5,Titans,Cape Cobras,JA Rudolph,H Davids,CK Langeveldt,1,0,,,,,,,,,
575174,2012/13,2013-03-12,"Boland Park, Paarl",1,2.6,Titans,Cape Cobras,H Davids,JA Rudolph,CK Langeveldt,2,0,,,,,,,,,
575174,2012/13,2013-03-12,"Boland Park, Paarl",1,3.1,Titans,Cape Cobras,JA Rudolph,H Davids,J Louw,4,0,,,,,,,,,
575174,2012/13,2013-03-12,"Boland Park, Paarl",1,3.2,Titans,Cape Cobras,JA Rudolph,H Davids,J Louw,0,0,,,,,,,,,
575174,2012/13,2013-03-12,"Boland Park, Paarl",1,3.3,Titans,Cape Cobras,JA Rudolph,H Davids,J Louw,4,0,,,,,,,,,
575174,2012/13,2013-03-12,"Boland Park, Paarl",1,3.4,Titans,Cape Cobras,JA Rudolph,H Davids,J Louw,4,0,,,,,,,,,
575174,2012/13,2013-03-12,"Boland Park, Paarl",1,3.5,Titans,Cape Cobras,JA Rudolph,H Davids,J Louw,0,0,,,,,,,,,
575174,2012/13,2013-03-12,"Boland Park, Paarl",1,3.6,Titans,Cape Cobras,JA Rudolph,H Davids,J Louw,1,0,,,,,,,,,
575174,2012/13,2013-03-12,"Boland Park, Paarl",1,4.1,Titans,Cape Cobras,JA Rudolph,H Davids,Azhar Mahmood,4,0,,,,,,,,,
575174,2012/13,2013-03-12,"Boland Park, Paarl",1,4.2,Titans,Cape Cobras,JA Rudolph,H Davids,Azhar Mahmood,0,0,,,,,,caught,JA Rudolph,,
575174,2012/13,2013-03-12,"Boland Park, Paarl",1,4.3,Titans,Cape Cobras,RE van der Merwe,H Davids,Azhar Mahmood,0,0,,,,,,,,,
575174,2012/13,2013-03-12,"Boland Park, Paarl",1,4.4,Titans,Cape Cobras,RE van der Merwe,H Davids,Azhar Mahmood,0,0,,,,,,,,,
575174,2012/13,2013-03-12,"Boland Park, Paarl",1,4.5,Titans,Cape Cobras,RE van der Merwe,H Davids,Azhar Mahmood,0,0,,,,,,,,,
575174,2012/13,2013-03-12,"Boland Park, Paarl",1,4.6,Titans,Cape Cobras,RE van der Merwe,H Davids,Azhar Mahmood,0,0,,,,,,,,,
575174,2012/13,2013-03-12,"Boland Park, Paarl",1,5.1,Titans,Cape Cobras,H Davids,RE van der Merwe,BE Hendricks,2,0,,,,,,,,,
575174,2012/13,2013-03-12,"Boland Park, Paarl",1,5.2,Titans,Cape Cobras,H Davids,RE van der Merwe,BE Hendricks,1,0,,,,,,,,,
575174,2012/13,2013-03-12,"Boland Park, Paarl",1,5.3,Titans,Cape Cobras,RE van der Merwe,H Davids,BE Hendricks,1,0,,,,,,,,,
575174,2012/13,2013-03-12,"Boland Park, Paarl",1,5.4,Titans,Cape Cobras,H Davids,RE van der Merwe,BE Hendricks,1,0,,,,,,,,,
575174,2012/13,2013-03-12,"Boland Park, Paarl",1,5.5,Titans,Cape Cobras,RE van der Merwe,H Davids,BE Hendricks,0,0,,,,,,,,,
575174,2012/13,2013-03-12,"Boland Park, Paarl",1,5.6,Titans,Cape Cobras,RE van der Merwe,H Davids,BE Hendricks,1,0,,,,,,,,,
575174,2012/13,2013-03-12,"Boland Park, Paarl",1,6.1,Titans,Cape Cobras,RE van der Merwe,H Davids,Azhar Mahmood,0,0,,,,,,,,,
575174,2012/13,2013-03-12,"Boland Park, Paarl",1,6.2,Titans,Cape Cobras,RE van der Merwe,H Davids,Azhar Mahmood,4,0,,,,,,,,,
575174,2012/13,2013-03-12,"Boland Park, Paarl",1,6.3,Titans,Cape Cobras,RE van der Merwe,H Davids,Azhar Mahmood,0,0,,,,,,caught,RE van der Merwe,,
575174,2012/13,2013-03-12,"Boland Park, Paarl",1,6.4,Titans,Cape Cobras,SB Styris,H Davids,Azhar Mahmood,0,0,,,,,,,,,
575174,2012/13,2013-03-12,"Boland Park, Paarl",1,6.5,Titans,Cape Cobras,SB Styris,H Davids,Azhar Mahmood,0,0,,,,,,,,,
575174,2012/13,2013-03-12,"Boland Park, Paarl",1,6.6,Titans,Cape Cobras,SB Styris,H Davids,Azhar Mahmood,1,0,,,,,,,,,
575174,2012/13,2013-03-12,"Boland Park, Paarl",1,7.1,Titans,Cape Cobras,SB Styris,H Davids,DL Piedt,1,0,,,,,,,,,
575174,2012/13,2013-03-12,"Boland Park, Paarl",1,7.2,Titans,Cape Cobras,H Davids,SB Styris,DL Piedt,1,0,,,,,,,,,
575174,2012/13,2013-03-12,"Boland Park, Paarl",1,7.3,Titans,Cape Cobras,SB Styris,H Davids,DL Piedt,1,0,,,,,,,,,
575174,2012/13,2013-03-12,"Boland Park, Paarl",1,7.4,Titans,Cape Cobras,H Davids,SB Styris,DL Piedt,1,0,,,,,,,,,
575174,2012/13,2013-03-12,"Boland Park, Paarl",1,7.5,Titans,Cape Cobras,SB Styris,H Davids,DL Piedt,1,0,,,,,,,,,
575174,2012/13,2013-03-12,"Boland Park, Paarl",1,7.6,Titans,Cape Cobras,H Davids,SB Styris,DL Piedt,4,0,,,,,,,,,
575174,2012/13,2013-03-12,"Boland Park, Paarl",1,8.1,Titans,Cape Cobras,SB Styris,H Davids,JM Kemp,1,0,,,,,,,,,
575174,2012/13,2013-03-12,"Boland Park, Paarl",1,8.2,Titans,Cape Cobras,H Davids,SB Styris,JM Kemp,0,0,,,,,,,,,
575174,2012/13,2013-03-12,"Boland Park, Paarl",1,8.3,Titans,Cape Cobras,H Davids,SB Styris,JM Kemp,1,0,,,,,,,,,
575174,2012/13,2013-03-12,"Boland Park, Paarl",1,8.4,Titans,Cape Cobras,SB Styris,H Davids,JM Kemp,1,0,,,,,,,,,
575174,2012/13,2013-03-12,"Boland Park, Paarl",1,8.5,Titans,Cape Cobras,H Davids,SB Styris,JM Kemp,1,0,,,,,,,,,
575174,2012/13,2013-03-12,"Boland Park, Paarl",1,8.6,Titans,Cape Cobras,SB Styris,H Davids,JM Kemp,0,0,,,,,,bowled,SB Styris,,
575174,2012/13,2013-03-12,"Boland Park, Paarl",1,9.1,Titans,Cape Cobras,H Davids,F Behardien,DL Piedt,1,0,,,,,,,,,
575174,2012/13,2013-03-12,"Boland Park, Paarl",1,9.2,Titans,Cape Cobras,F Behardien,H Davids,DL Piedt,0,0,,,,,,,,,
575174,2012/13,2013-03-12,"Boland Park, Paarl",1,9.3,Titans,Cape Cobras,F Behardien,H Davids,DL Piedt,0,0,,,,,,,,,
575174,2012/13,2013-03-12,"Boland Park, Paarl",1,9.4,Titans,Cape Cobras,F Behardien,H Davids,DL Piedt,0,0,,,,,,,,,
575174,2012/13,2013-03-12,"Boland Park, Paarl",1,9.5,Titans,Cape Cobras,F Behardien,H Davids,DL Piedt,0,0,,,,,,,,,
575174,2012/13,2013-03-12,"Boland Park, Paarl",1,9.6,Titans,Cape Cobras,F Behardien,H Davids,DL Piedt,2,0,,,,,,,,,
575174,2012/13,2013-03-12,"Boland Park, Paarl",1,10.1,Titans,Cape Cobras,H Davids,F Behardien,JM Kemp,2,0,,,,,,,,,
575174,2012/13,2013-03-12,"Boland Park, Paarl",1,10.2,Titans,Cape Cobras,H Davids,F Behardien,JM Kemp,2,0,,,,,,,,,
575174,2012/13,2013-03-12,"Boland Park, Paarl",1,10.3,Titans,Cape Cobras,H Davids,F Behardien,JM Kemp,1,0,,,,,,,,,
575174,2012/13,2013-03-12,"Boland Park, Paarl",1,10.4,Titans,Cape Cobras,F Behardien,H Davids,JM Kemp,2,0,,,,,,,,,
575174,2012/13,2013-03-12,"Boland Park, Paarl",1,10.5,Titans,Cape Cobras,F Behardien,H Davids,JM Kemp,1,0,,,,,,,,,
575174,2012/13,2013-03-12,"Boland Park, Paarl",1,10.6,Titans,Cape Cobras,H Davids,F Behardien,JM Kemp,1,0,,,,,,,,,
575174,2012/13,2013-03-12,"Boland Park, Paarl",1,11.1,Titans,Cape Cobras,H Davids,F Behardien,DL Piedt,0,0,,,,,,,,,
575174,2012/13,2013-03-12,"Boland Park, Paarl",1,11.2,Titans,Cape Cobras,H Davids,F Behardien,DL Piedt,0,0,,,,,,,,,
575174,2012/13,2013-03-12,"Boland Park, Paarl",1,11.3,Titans,Cape Cobras,H Davids,F Behardien,DL Piedt,4,0,,,,,,,,,
575174,2012/13,2013-03-12,"Boland Park, Paarl",1,11.4,Titans,Cape Cobras,H Davids,F Behardien,DL Piedt,1,0,,,,,,,,,
575174,2012/13,2013-03-12,"Boland Park, Paarl",1,11.5,Titans,Cape Cobras,F Behardien,H Davids,DL Piedt,1,0,,,,,,,,,
575174,2012/13,2013-03-12,"Boland Park, Paarl",1,11.6,Titans,Cape Cobras,H Davids,F Behardien,DL Piedt,0,0,,,,,,,,,
575174,2012/13,2013-03-12,"Boland Park, Paarl",1,12.1,Titans,Cape Cobras,F Behardien,H Davids,JM Kemp,4,0,,,,,,,,,
575174,2012/13,2013-03-12,"Boland Park, Paarl",1,12.2,Titans,Cape Cobras,F Behardien,H Davids,JM Kemp,0,1,1,,,,,,,,
575174,2012/13,2013-03-12,"Boland Park, Paarl",1,12.3,Titans,Cape Cobras,F Behardien,H Davids,JM Kemp,0,0,,,,,,,,,
575174,2012/13,2013-03-12,"Boland Park, Paarl",1,12.4,Titans,Cape Cobras,F Behardien,H Davids,JM Kemp,0,1,1,,,,,,,,
575174,2012/13,2013-03-12,"Boland Park, Paarl",1,12.5,Titans,Cape Cobras,F Behardien,H Davids,JM Kemp,2,0,,,,,,,,,
575174,2012/13,2013-03-12,"Boland Park, Paarl",1,12.6,Titans,Cape Cobras,F Behardien,H Davids,JM Kemp,0,0,,,,,,,,,
575174,2012/13,2013-03-12,"Boland Park, Paarl",1,12.7,Titans,Cape Cobras,F Behardien,H Davids,JM Kemp,0,0,,,,,,,,,
575174,2012/13,2013-03-12,"Boland Park, Paarl",1,12.8,Titans,Cape Cobras,F Behardien,H Davids,JM Kemp,4,0,,,,,,,,,
575174,2012/13,2013-03-12,"Boland Park, Paarl",1,13.1,Titans,Cape Cobras,H Davids,F Behardien,DL Piedt,6,0,,,,,,,,,
575174,2012/13,2013-03-12,"Boland Park, Paarl",1,13.2,Titans,Cape Cobras,H Davids,F Behardien,DL Piedt,1,0,,,,,,,,,
575174,2012/13,2013-03-12,"Boland Park, Paarl",1,13.3,Titans,Cape Cobras,F Behardien,H Davids,DL Piedt,4,0,,,,,,,,,
575174,2012/13,2013-03-12,"Boland Park, Paarl",1,13.4,Titans,Cape Cobras,F Behardien,H Davids,DL Piedt,4,0,,,,,,,,,
575174,2012/13,2013-03-12,"Boland Park, Paarl",1,13.5,Titans,Cape Cobras,F Behardien,H Davids,DL Piedt,1,0,,,,,,,,,
575174,2012/13,2013-03-12,"Boland Park, Paarl",1,13.6,Titans,Cape Cobras,H Davids,F Behardien,DL Piedt,1,0,,,,,,,,,
575174,2012/13,2013-03-12,"Boland Park, Paarl",1,14.1,Titans,Cape Cobras,H Davids,F Behardien,J Louw,0,0,,,,,,,,,
575174,2012/13,2013-03-12,"Boland Park, Paarl",1,14.2,Titans,Cape Cobras,H Davids,F Behardien,J Louw,3,0,,,,,,,,,
575174,2012/13,2013-03-12,"Boland Park, Paarl",1,14.3,Titans,Cape Cobras,F Behardien,H Davids,J Louw,0,0,,,,,,,,,
575174,2012/13,2013-03-12,"Boland Park, Paarl",1,14.4,Titans,Cape Cobras,F Behardien,H Davids,J Louw,1,0,,,,,,,,,
575174,2012/13,2013-03-12,"Boland Park, Paarl",1,14.5,Titans,Cape Cobras,H Davids,F Behardien,J Louw,4,0,,,,,,,,,
575174,2012/13,2013-03-12,"Boland Park, Paarl",1,14.6,Titans,Cape Cobras,H Davids,F Behardien,J Louw,4,0,,,,,,,,,
575174,2012/13,2013-03-12,"Boland Park, Paarl",1,15.1,Titans,Cape Cobras,F Behardien,H Davids,BE Hendricks,2,0,,,,,,,,,
575174,2012/13,2013-03-12,"Boland Park, Paarl",1,15.2,Titans,Cape Cobras,F Behardien,H Davids,BE Hendricks,1,1,,1,,,,,,,
575174,2012/13,2013-03-12,"Boland Park, Paarl",1,15.3,Titans,Cape Cobras,H Davids,F Behardien,BE Hendricks,1,0,,,,,,,,,
575174,2012/13,2013-03-12,"Boland Park, Paarl",1,15.4,Titans,Cape Cobras,F Behardien,H Davids,BE Hendricks,0,0,,,,,,,,,
575174,2012/13,2013-03-12,"Boland Park, Paarl",1,15.5,Titans,Cape Cobras,F Behardien,H Davids,BE Hendricks,1,0,,,,,,,,,
575174,2012/13,2013-03-12,"Boland Park, Paarl",1,15.6,Titans,Cape Cobras,H Davids,F Behardien,BE Hendricks,4,0,,,,,,,,,
575174,2012/13,2013-03-12,"Boland Park, Paarl",1,15.7,Titans,Cape Cobras,H Davids,F Behardien,BE Hendricks,0,0,,,,,,,,,
575174,2012/13,2013-03-12,"Boland Park, Paarl",1,16.1,Titans,Cape Cobras,F Behardien,H Davids,CK Langeveldt,1,0,,,,,,,,,
575174,2012/13,2013-03-12,"Boland Park, Paarl",1,16.2,Titans,Cape Cobras,H Davids,F Behardien,CK Langeveldt,1,0,,,,,,,,,
575174,2012/13,2013-03-12,"Boland Park, Paarl",1,16.3,Titans,Cape Cobras,F Behardien,H Davids,CK Langeveldt,1,0,,,,,,,,,
575174,2012/13,2013-03-12,"Boland Park, Paarl",1,16.4,Titans,Cape Cobras,H Davids,F Behardien,CK Langeveldt,1,0,,,,,,,,,
575174,2012/13,2013-03-12,"Boland Park, Paarl",1,16.5,Titans,Cape Cobras,F Behardien,H Davids,CK Langeveldt,4,0,,,,,,,,,
575174,2012/13,2013-03-12,"Boland Park, Paarl",1,16.6,Titans,Cape Cobras,F Behardien,H Davids,CK Langeveldt,1,0,,,,,,,,,
575174,2012/13,2013-03-12,"Boland Park, Paarl",1,17.1,Titans,Cape Cobras,F Behardien,H Davids,Azhar Mahmood,0,1,1,,,,,,,,
575174,2012/13,2013-03-12,"Boland Park, Paarl",1,17.2,Titans,Cape Cobras,F Behardien,H Davids,Azhar Mahmood,2,0,,,,,,,,,
575174,2012/13,2013-03-12,"Boland Park, Paarl",1,17.3,Titans,Cape Cobras,F Behardien,H Davids,Azhar Mahmood,2,0,,,,,,,,,
575174,2012/13,2013-03-12,"Boland Park, Paarl",1,17.4,Titans,Cape Cobras,F Behardien,H Davids,Azhar Mahmood,2,0,,,,,,,,,
575174,2012/13,2013-03-12,"Boland Park, Paarl",1,17.5,Titans,Cape Cobras,F Behardien,H Davids,Azhar Mahmood,6,0,,,,,,,,,
575174,2012/13,2013-03-12,"Boland Park, Paarl",1,17.6,Titans,Cape Cobras,F Behardien,H Davids,Azhar Mahmood,1,0,,,,,,,,,
575174,2012/13,2013-03-12,"Boland Park, Paarl",1,17.7,Titans,Cape Cobras,H Davids,F Behardien,Azhar Mahmood,0,0,,,,,,bowled,H Davids,,
575174,2012/13,2013-03-12,"Boland Park, Paarl",1,18.1,Titans,Cape Cobras,F Behardien,JA Morkel,CK Langeveldt,4,0,,,,,,,,,
575174,2012/13,2013-03-12,"Boland Park, Paarl",1,18.2,Titans,Cape Cobras,F Behardien,JA Morkel,CK Langeveldt,2,0,,,,,,,,,
575174,2012/13,2013-03-12,"Boland Park, Paarl",1,18.3,Titans,Cape Cobras,F Behardien,JA Morkel,CK Langeveldt,2,0,,,,,,,,,
575174,2012/13,2013-03-12,"Boland Park, Paarl",1,18.4,Titans,Cape Cobras,F Behardien,JA Morkel,CK Langeveldt,1,0,,,,,,,,,
575174,2012/13,2013-03-12,"Boland Park, Paarl",1,18.5,Titans,Cape Cobras,JA Morkel,F Behardien,CK Langeveldt,1,0,,,,,,,,,
575174,2012/13,2013-03-12,"Boland Park, Paarl",1,18.6,Titans,Cape Cobras,F Behardien,JA Morkel,CK Langeveldt,1,0,,,,,,,,,
575174,2012/13,2013-03-12,"Boland Park, Paarl",1,19.1,Titans,Cape Cobras,F Behardien,JA Morkel,Azhar Mahmood,1,0,,,,,,,,,
575174,2012/13,2013-03-12,"Boland Park, Paarl",1,19.2,Titans,Cape Cobras,JA Morkel,F Behardien,Azhar Mahmood,0,1,1,,,,,,,,
575174,2012/13,2013-03-12,"Boland Park, Paarl",1,19.3,Titans,Cape Cobras,JA Morkel,F Behardien,Azhar Mahmood,0,0,,,,,,,,,
575174,2012/13,2013-03-12,"Boland Park, Paarl",1,19.4,Titans,Cape Cobras,JA Morkel,F Behardien,Azhar Mahmood,1,0,,,,,,,,,
575174,2012/13,2013-03-12,"Boland Park, Paarl",1,19.5,Titans,Cape Cobras,F Behardien,JA Morkel,Azhar Mahmood,1,0,,,,,,,,,
575174,2012/13,2013-03-12,"Boland Park, Paarl",1,19.6,Titans,Cape Cobras,JA Morkel,F Behardien,Azhar Mahmood,1,0,,,,,,,,,
575174,2012/13,2013-03-12,"Boland Park, Paarl",1,19.7,Titans,Cape Cobras,F Behardien,JA Morkel,Azhar Mahmood,6,0,,,,,,,,,
575174,2012/13,2013-03-12,"Boland Park, Paarl",2,0.1,Cape Cobras,Titans,DJ Vilas,RE Levi,RE van der Merwe,1,0,,,,,,,,,
575174,2012/13,2013-03-12,"Boland Park, Paarl",2,0.2,Cape Cobras,Titans,RE Levi,DJ Vilas,RE van der Merwe,1,0,,,,,,,,,
575174,2012/13,2013-03-12,"Boland Park, Paarl",2,0.3,Cape Cobras,Titans,DJ Vilas,RE Levi,RE van der Merwe,0,0,,,,,,,,,
575174,2012/13,2013-03-12,"Boland Park, Paarl",2,0.4,Cape Cobras,Titans,DJ Vilas,RE Levi,RE van der Merwe,0,0,,,,,,,,,
575174,2012/13,2013-03-12,"Boland Park, Paarl",2,0.5,Cape Cobras,Titans,DJ Vilas,RE Levi,RE van der Merwe,0,0,,,,,,,,,
575174,2012/13,2013-03-12,"Boland Park, Paarl",2,0.6,Cape Cobras,Titans,DJ Vilas,RE Levi,RE van der Merwe,0,0,,,,,,,,,
575174,2012/13,2013-03-12,"Boland Park, Paarl",2,1.1,Cape Cobras,Titans,RE Levi,DJ Vilas,AC Thomas,2,0,,,,,,,,,
575174,2012/13,2013-03-12,"Boland Park, Paarl",2,1.2,Cape Cobras,Titans,RE Levi,DJ Vilas,AC Thomas,0,0,,,,,,,,,
575174,2012/13,2013-03-12,"Boland Park, Paarl",2,1.3,Cape Cobras,Titans,RE Levi,DJ Vilas,AC Thomas,0,0,,,,,,,,,
575174,2012/13,2013-03-12,"Boland Park, Paarl",2,1.4,Cape Cobras,Titans,RE Levi,DJ Vilas,AC Thomas,1,0,,,,,,,,,
575174,2012/13,2013-03-12,"Boland Park, Paarl",2,1.5,Cape Cobras,Titans,DJ Vilas,RE Levi,AC Thomas,4,0,,,,,,,,,
575174,2012/13,2013-03-12,"Boland Park, Paarl",2,1.6,Cape Cobras,Titans,DJ Vilas,RE Levi,AC Thomas,4,0,,,,,,,,,
575174,2012/13,2013-03-12,"Boland Park, Paarl",2,2.1,Cape Cobras,Titans,RE Levi,DJ Vilas,M de Lange,0,0,,,,,,,,,
575174,2012/13,2013-03-12,"Boland Park, Paarl",2,2.2,Cape Cobras,Titans,RE Levi,DJ Vilas,M de Lange,0,0,,,,,,,,,
575174,2012/13,2013-03-12,"Boland Park, Paarl",2,2.3,Cape Cobras,Titans,RE Levi,DJ Vilas,M de Lange,4,0,,,,,,,,,
575174,2012/13,2013-03-12,"Boland Park, Paarl",2,2.4,Cape Cobras,Titans,RE Levi,DJ Vilas,M de Lange,4,0,,,,,,,,,
575174,2012/13,2013-03-12,"Boland Park, Paarl",2,2.5,Cape Cobras,Titans,RE Levi,DJ Vilas,M de Lange,1,0,,,,,,,,,
575174,2012/13,2013-03-12,"Boland Park, Paarl",2,2.6,Cape Cobras,Titans,DJ Vilas,RE Levi,M de Lange,2,0,,,,,,,,,
575174,2012/13,2013-03-12,"Boland Park, Paarl",2,3.1,Cape Cobras,Titans,RE Levi,DJ Vilas,RE van der Merwe,0,0,,,,,,bowled,RE Levi,,
575174,2012/13,2013-03-12,"Boland Park, Paarl",2,3.2,Cape Cobras,Titans,Azhar Mahmood,DJ Vilas,RE van der Merwe,0,0,,,,,,,,,
575174,2012/13,2013-03-12,"Boland Park, Paarl",2,3.3,Cape Cobras,Titans,Azhar Mahmood,DJ Vilas,RE van der Merwe,0,1,1,,,,,,,,
575174,2012/13,2013-03-12,"Boland Park, Paarl",2,3.4,Cape Cobras,Titans,Azhar Mahmood,DJ Vilas,RE van der Merwe,1,0,,,,,,,,,
575174,2012/13,2013-03-12,"Boland Park, Paarl",2,3.5,Cape Cobras,Titans,DJ Vilas,Azhar Mahmood,RE van der Merwe,0,0,,,,,,,,,
575174,2012/13,2013-03-12,"Boland Park, Paarl",2,3.6,Cape Cobras,Titans,DJ Vilas,Azhar Mahmood,RE van der Merwe,4,0,,,,,,,,,
575174,2012/13,2013-03-12,"Boland Park, Paarl",2,3.7,Cape Cobras,Titans,DJ Vilas,Azhar Mahmood,RE van der Merwe,0,0,,,,,,,,,
575174,2012/13,2013-03-12,"Boland Park, Paarl",2,4.1,Cape Cobras,Titans,Azhar Mahmood,DJ Vilas,AC Thomas,1,0,,,,,,,,,
575174,2012/13,2013-03-12,"Boland Park, Paarl",2,4.2,Cape Cobras,Titans,DJ Vilas,Azhar Mahmood,AC Thomas,0,0,,,,,,,,,
575174,2012/13,2013-03-12,"Boland Park, Paarl",2,4.3,Cape Cobras,Titans,DJ Vilas,Azhar Mahmood,AC Thomas,3,0,,,,,,,,,
575174,2012/13,2013-03-12,"Boland Park, Paarl",2,4.4,Cape Cobras,Titans,Azhar Mahmood,DJ Vilas,AC Thomas,1,0,,,,,,,,,
575174,2012/13,2013-03-12,"Boland Park, Paarl",2,4.5,Cape Cobras,Titans,DJ Vilas,Azhar Mahmood,AC Thomas,4,0,,,,,,,,,
575174,2012/13,2013-03-12,"Boland Park, Paarl",2,4.6,Cape Cobras,Titans,DJ Vilas,Azhar Mahmood,AC Thomas,2,0,,,,,,,,,
575174,2012/13,2013-03-12,"Boland Park, Paarl",2,5.1,Cape Cobras,Titans,Azhar Mahmood,DJ Vilas,NE Mbhalati,0,0,,,,,,,,,
575174,2012/13,2013-03-12,"Boland Park, Paarl",2,5.2,Cape Cobras,Titans,Azhar Mahmood,DJ Vilas,NE Mbhalati,0,0,,,,,,,,,
575174,2012/13,2013-03-12,"Boland Park, Paarl",2,5.3,Cape Cobras,Titans,Azhar Mahmood,DJ Vilas,NE Mbhalati,0,0,,,,,,,,,
575174,2012/13,2013-03-12,"Boland Park, Paarl",2,5.4,Cape Cobras,Titans,Azhar Mahmood,DJ Vilas,NE Mbhalati,1,0,,,,,,,,,
575174,2012/13,2013-03-12,"Boland Park, Paarl",2,5.5,Cape Cobras,Titans,DJ Vilas,Azhar Mahmood,NE Mbhalati,4,0,,,,,,,,,
575174,2012/13,2013-03-12,"Boland Park, Paarl",2,5.6,Cape Cobras,Titans,DJ Vilas,Azhar Mahmood,NE Mbhalati,0,0,,,,,,,,,
575174,2012/13,2013-03-12,"Boland Park, Paarl",2,6.1,Cape Cobras,Titans,Azhar Mahmood,DJ Vilas,JA Morkel,4,0,,,,,,,,,
575174,2012/13,2013-03-12,"Boland Park, Paarl",2,6.2,Cape Cobras,Titans,Azhar Mahmood,DJ Vilas,JA Morkel,1,0,,,,,,,,,
575174,2012/13,2013-03-12,"Boland Park, Paarl",2,6.3,Cape Cobras,Titans,DJ Vilas,Azhar Mahmood,JA Morkel,1,0,,,,,,,,,
575174,2012/13,2013-03-12,"Boland Park, Paarl",2,6.4,Cape Cobras,Titans,Azhar Mahmood,DJ Vilas,JA Morkel,1,0,,,,,,,,,
575174,2012/13,2013-03-12,"Boland Park, Paarl",2,6.5,Cape Cobras,Titans,DJ Vilas,Azhar Mahmood,JA Morkel,2,0,,,,,,,,,
575174,2012/13,2013-03-12,"Boland Park, Paarl",2,6.6,Cape Cobras,Titans,DJ Vilas,Azhar Mahmood,JA Morkel,1,0,,,,,,,,,
575174,2012/13,2013-03-12,"Boland Park, Paarl",2,7.1,Cape Cobras,Titans,DJ Vilas,Azhar Mahmood,NE Mbhalati,0,0,,,,,,,,,
575174,2012/13,2013-03-12,"Boland Park, Paarl",2,7.2,Cape Cobras,Titans,DJ Vilas,Azhar Mahmood,NE Mbhalati,0,0,,,,,,bowled,DJ Vilas,,
575174,2012/13,2013-03-12,"Boland Park, Paarl",2,7.3,Cape Cobras,Titans,OA Shah,Azhar Mahmood,NE Mbhalati,0,0,,,,,,,,,
575174,2012/13,2013-03-12,"Boland Park, Paarl",2,7.4,Cape Cobras,Titans,OA Shah,Azhar Mahmood,NE Mbhalati,0,0,,,,,,,,,
575174,2012/13,2013-03-12,"Boland Park, Paarl",2,7.5,Cape Cobras,Titans,OA Shah,Azhar Mahmood,NE Mbhalati,1,0,,,,,,,,,
575174,2012/13,2013-03-12,"Boland Park, Paarl",2,7.6,Cape Cobras,Titans,Azhar Mahmood,OA Shah,NE Mbhalati,1,0,,,,,,,,,
575174,2012/13,2013-03-12,"Boland Park, Paarl",2,8.1,Cape Cobras,Titans,Azhar Mahmood,OA Shah,M de Lange,0,0,,,,,,,,,
575174,2012/13,2013-03-12,"Boland Park, Paarl",2,8.2,Cape Cobras,Titans,Azhar Mahmood,OA Shah,M de Lange,1,0,,,,,,,,,
575174,2012/13,2013-03-12,"Boland Park, Paarl",2,8.3,Cape Cobras,Titans,OA Shah,Azhar Mahmood,M de Lange,1,0,,,,,,,,,
575174,2012/13,2013-03-12,"Boland Park, Paarl",2,8.4,Cape Cobras,Titans,Azhar Mahmood,OA Shah,M de Lange,2,0,,,,,,,,,
575174,2012/13,2013-03-12,"Boland Park, Paarl",2,8.5,Cape Cobras,Titans,Azhar Mahmood,OA Shah,M de Lange,1,0,,,,,,,,,
575174,2012/13,2013-03-12,"Boland Park, Paarl",2,8.6,Cape Cobras,Titans,OA Shah,Azhar Mahmood,M de Lange,1,0,,,,,,,,,
575174,2012/13,2013-03-12,"Boland Park, Paarl",2,9.1,Cape Cobras,Titans,OA Shah,Azhar Mahmood,NE Mbhalati,0,0,,,,,,,,,
575174,2012/13,2013-03-12,"Boland Park, Paarl",2,9.2,Cape Cobras,Titans,OA Shah,Azhar Mahmood,NE Mbhalati,1,0,,,,,,,,,
575174,2012/13,2013-03-12,"Boland Park, Paarl",2,9.3,Cape Cobras,Titans,Azhar Mahmood,OA Shah,NE Mbhalati,0,0,,,,,,,,,
575174,2012/13,2013-03-12,"Boland Park, Paarl",2,9.4,Cape Cobras,Titans,Azhar Mahmood,OA Shah,NE Mbhalati,0,0,,,,,,,,,
575174,2012/13,2013-03-12,"Boland Park, Paarl",2,9.5,Cape Cobras,Titans,Azhar Mahmood,OA Shah,NE Mbhalati,4,0,,,,,,,,,
575174,2012/13,2013-03-12,"Boland Park, Paarl",2,9.6,Cape Cobras,Titans,Azhar Mahmood,OA Shah,NE Mbhalati,1,0,,,,,,,,,
575174,2012/13,2013-03-12,"Boland Park, Paarl",2,10.1,Cape Cobras,Titans,Azhar Mahmood,OA Shah,JA Morkel,2,0,,,,,,,,,
575174,2012/13,2013-03-12,"Boland Park, Paarl",2,10.2,Cape Cobras,Titans,Azhar Mahmood,OA Shah,JA Morkel,2,0,,,,,,,,,
575174,2012/13,2013-03-12,"Boland Park, Paarl",2,10.3,Cape Cobras,Titans,Azhar Mahmood,OA Shah,JA Morkel,1,0,,,,,,,,,
575174,2012/13,2013-03-12,"Boland Park, Paarl",2,10.4,Cape Cobras,Titans,OA Shah,Azhar Mahmood,JA Morkel,1,0,,,,,,,,,
575174,2012/13,2013-03-12,"Boland Park, Paarl",2,10.5,Cape Cobras,Titans,Azhar Mahmood,OA Shah,JA Morkel,1,0,,,,,,,,,
575174,2012/13,2013-03-12,"Boland Park, Paarl",2,10.6,Cape Cobras,Titans,OA Shah,Azhar Mahmood,JA Morkel,1,0,,,,,,,,,
575174,2012/13,2013-03-12,"Boland Park, Paarl",2,11.1,Cape Cobras,Titans,OA Shah,Azhar Mahmood,RE van der Merwe,1,0,,,,,,,,,
575174,2012/13,2013-03-12,"Boland Park, Paarl",2,11.2,Cape Cobras,Titans,Azhar Mahmood,OA Shah,RE van der Merwe,1,0,,,,,,,,,
575174,2012/13,2013-03-12,"Boland Park, Paarl",2,11.3,Cape Cobras,Titans,OA Shah,Azhar Mahmood,RE van der Merwe,0,0,,,,,,,,,
575174,2012/13,2013-03-12,"Boland Park, Paarl",2,11.4,Cape Cobras,Titans,OA Shah,Azhar Mahmood,RE van der Merwe,0,0,,,,,,,,,
575174,2012/13,2013-03-12,"Boland Park, Paarl",2,11.5,Cape Cobras,Titans,OA Shah,Azhar Mahmood,RE van der Merwe,6,0,,,,,,,,,
575174,2012/13,2013-03-12,"Boland Park, Paarl",2,11.6,Cape Cobras,Titans,OA Shah,Azhar Mahmood,RE van der Merwe,0,0,,,,,,run out,Azhar Mahmood,,
575174,2012/13,2013-03-12,"Boland Park, Paarl",2,12.1,Cape Cobras,Titans,MQ Adams,OA Shah,JA Morkel,0,0,,,,,,,,,
575174,2012/13,2013-03-12,"Boland Park, Paarl",2,12.2,Cape Cobras,Titans,MQ Adams,OA Shah,JA Morkel,1,0,,,,,,,,,
575174,2012/13,2013-03-12,"Boland Park, Paarl",2,12.3,Cape Cobras,Titans,OA Shah,MQ Adams,JA Morkel,4,0,,,,,,,,,
575174,2012/13,2013-03-12,"Boland Park, Paarl",2,12.4,Cape Cobras,Titans,OA Shah,MQ Adams,JA Morkel,1,0,,,,,,,,,
575174,2012/13,2013-03-12,"Boland Park, Paarl",2,12.5,Cape Cobras,Titans,MQ Adams,OA Shah,JA Morkel,1,0,,,,,,,,,
575174,2012/13,2013-03-12,"Boland Park, Paarl",2,12.6,Cape Cobras,Titans,OA Shah,MQ Adams,JA Morkel,4,0,,,,,,,,,
575174,2012/13,2013-03-12,"Boland Park, Paarl",2,13.1,Cape Cobras,Titans,MQ Adams,OA Shah,RE van der Merwe,0,0,,,,,,,,,
575174,2012/13,2013-03-12,"Boland Park, Paarl",2,13.2,Cape Cobras,Titans,MQ Adams,OA Shah,RE van der Merwe,1,0,,,,,,,,,
575174,2012/13,2013-03-12,"Boland Park, Paarl",2,13.3,Cape Cobras,Titans,OA Shah,MQ Adams,RE van der Merwe,1,0,,,,,,,,,
575174,2012/13,2013-03-12,"Boland Park, Paarl",2,13.4,Cape Cobras,Titans,MQ Adams,OA Shah,RE van der Merwe,0,0,,,,,,bowled,MQ Adams,,
575174,2012/13,2013-03-12,"Boland Park, Paarl",2,13.5,Cape Cobras,Titans,JL Ontong,OA Shah,RE van der Merwe,1,0,,,,,,,,,
575174,2012/13,2013-03-12,"Boland Park, Paarl",2,13.6,Cape Cobras,Titans,OA Shah,JL Ontong,RE van der Merwe,1,0,,,,,,,,,
575174,2012/13,2013-03-12,"Boland Park, Paarl",2,14.1,Cape Cobras,Titans,OA Shah,JL Ontong,D Wiese,0,1,,,,1,,,,,
575174,2012/13,2013-03-12,"Boland Park, Paarl",2,14.2,Cape Cobras,Titans,JL Ontong,OA Shah,D Wiese,0,1,,,,1,,,,,
575174,2012/13,2013-03-12,"Boland Park, Paarl",2,14.3,Cape Cobras,Titans,OA Shah,JL Ontong,D Wiese,6,0,,,,,,,,,
575174,2012/13,2013-03-12,"Boland Park, Paarl",2,14.4,Cape Cobras,Titans,OA Shah,JL Ontong,D Wiese,1,0,,,,,,,,,
575174,2012/13,2013-03-12,"Boland Park, Paarl",2,14.5,Cape Cobras,Titans,JL Ontong,OA Shah,D Wiese,2,0,,,,,,,,,
575174,2012/13,2013-03-12,"Boland Park, Paarl",2,14.6,Cape Cobras,Titans,JL Ontong,OA Shah,D Wiese,2,0,,,,,,,,,
575174,2012/13,2013-03-12,"Boland Park, Paarl",2,15.1,Cape Cobras,Titans,OA Shah,JL Ontong,M de Lange,2,0,,,,,,,,,
575174,2012/13,2013-03-12,"Boland Park, Paarl",2,15.2,Cape Cobras,Titans,OA Shah,JL Ontong,M de Lange,6,0,,,,,,,,,
575174,2012/13,2013-03-12,"Boland Park, Paarl",2,15.3,Cape Cobras,Titans,OA Shah,JL Ontong,M de Lange,4,0,,,,,,,,,
575174,2012/13,2013-03-12,"Boland Park, Paarl",2,15.4,Cape Cobras,Titans,OA Shah,JL Ontong,M de Lange,0,0,,,,,,,,,
575174,2012/13,2013-03-12,"Boland Park, Paarl",2,15.5,Cape Cobras,Titans,OA Shah,JL Ontong,M de Lange,1,0,,,,,,,,,
575174,2012/13,2013-03-12,"Boland Park, Paarl",2,15.6,Cape Cobras,Titans,JL Ontong,OA Shah,M de Lange,2,0,,,,,,,,,
575174,2012/13,2013-03-12,"Boland Park, Paarl",2,16.1,Cape Cobras,Titans,OA Shah,JL Ontong,NE Mbhalati,0,1,,,1,,,,,,
575174,2012/13,2013-03-12,"Boland Park, Paarl",2,16.2,Cape Cobras,Titans,JL Ontong,OA Shah,NE Mbhalati,0,0,,,,,,,,,
575174,2012/13,2013-03-12,"Boland Park, Paarl",2,16.3,Cape Cobras,Titans,JL Ontong,OA Shah,NE Mbhalati,1,0,,,,,,,,,
575174,2012/13,2013-03-12,"Boland Park, Paarl",2,16.4,Cape Cobras,Titans,OA Shah,JL Ontong,NE Mbhalati,1,0,,,,,,,,,
575174,2012/13,2013-03-12,"Boland Park, Paarl",2,16.5,Cape Cobras,Titans,JL Ontong,OA Shah,NE Mbhalati,1,0,,,,,,,,,
575174,2012/13,2013-03-12,"Boland Park, Paarl",2,16.6,Cape Cobras,Titans,OA Shah,JL Ontong,NE Mbhalati,2,0,,,,,,,,,
575174,2012/13,2013-03-12,"Boland Park, Paarl",2,17.1,Cape Cobras,Titans,JL Ontong,OA Shah,AC Thomas,4,0,,,,,,,,,
575174,2012/13,2013-03-12,"Boland Park, Paarl",2,17.2,Cape Cobras,Titans,JL Ontong,OA Shah,AC Thomas,1,0,,,,,,,,,
575174,2012/13,2013-03-12,"Boland Park, Paarl",2,17.3,Cape Cobras,Titans,OA Shah,JL Ontong,AC Thomas,1,0,,,,,,,,,
575174,2012/13,2013-03-12,"Boland Park, Paarl",2,17.4,Cape Cobras,Titans,JL Ontong,OA Shah,AC Thomas,4,0,,,,,,,,,
575174,2012/13,2013-03-12,"Boland Park, Paarl",2,17.5,Cape Cobras,Titans,JL Ontong,OA Shah,AC Thomas,2,0,,,,,,,,,
575174,2012/13,2013-03-12,"Boland Park, Paarl",2,17.6,Cape Cobras,Titans,JL Ontong,OA Shah,AC Thomas,1,0,,,,,,,,,
575174,2012/13,2013-03-12,"Boland Park, Paarl",2,18.1,Cape Cobras,Titans,JL Ontong,OA Shah,M de Lange,4,0,,,,,,,,,
575174,2012/13,2013-03-12,"Boland Park, Paarl",2,18.2,Cape Cobras,Titans,JL Ontong,OA Shah,M de Lange,2,0,,,,,,,,,
575174,2012/13,2013-03-12,"Boland Park, Paarl",2,18.3,Cape Cobras,Titans,JL Ontong,OA Shah,M de Lange,3,0,,,,,,,,,
575174,2012/13,2013-03-12,"Boland Park, Paarl",2,18.4,Cape Cobras,Titans,OA Shah,JL Ontong,M de Lange,6,0,,,,,,,,,
575174,2012/13,2013-03-12,"Boland Park, Paarl",2,18.5,Cape Cobras,Titans,OA Shah,JL Ontong,M de Lange,1,0,,,,,,,,,
575174,2012/13,2013-03-12,"Boland Park, Paarl",2,18.6,Cape Cobras,Titans,JL Ontong,OA Shah,M de Lange,0,0,,,,,,,,,
575174,2012/13,2013-03-12,"Boland Park, Paarl",2,19.1,Cape Cobras,Titans,OA Shah,JL Ontong,AC Thomas,1,0,,,,,,,,,
575174,2012/13,2013-03-12,"Boland Park, Paarl",2,19.2,Cape Cobras,Titans,JL Ontong,OA Shah,AC Thomas,1,0,,,,,,,,,
575174,2012/13,2013-03-12,"Boland Park, Paarl",2,19.3,Cape Cobras,Titans,OA Shah,JL Ontong,AC Thomas,0,0,,,,,,,,,
575174,2012/13,2013-03-12,"Boland Park, Paarl",2,19.4,Cape Cobras,Titans,OA Shah,JL Ontong,AC Thomas,2,0,,,,,,,,,
575174,2012/13,2013-03-12,"Boland Park, Paarl",2,19.5,Cape Cobras,Titans,OA Shah,JL Ontong,AC Thomas,2,0,,,,,,,,,
575174,2012/13,2013-03-12,"Boland Park, Paarl",2,19.6,Cape Cobras,Titans,OA Shah,JL Ontong,AC Thomas,1,0,,,,,,,,,
