match_id,season,start_date,venue,innings,ball,batting_team,bowling_team,striker,non_striker,bowler,runs_off_bat,extras,wides,noballs,byes,legbyes,penalty,wicket_type,player_dismissed,other_wicket_type,other_player_dismissed
652273,2013/14,2014-01-17,"Chevrolet Park, Bloemfontein",1,0.1,Cape Cobras,Knights,RE Levi,HM Amla,JJ van der Wath,0,0,,,,,,,,,
652273,2013/14,2014-01-17,"Chevrolet Park, Bloemfontein",1,0.2,Cape Cobras,Knights,RE Levi,HM Amla,JJ van der Wath,4,0,,,,,,,,,
652273,2013/14,2014-01-17,"Chevrolet Park, Bloemfontein",1,0.3,Cape Cobras,Knights,RE Levi,HM Amla,JJ van der Wath,0,0,,,,,,,,,
652273,2013/14,2014-01-17,"Chevrolet Park, Bloemfontein",1,0.4,Cape Cobras,Knights,RE Levi,HM Amla,JJ van der Wath,0,0,,,,,,,,,
652273,2013/14,2014-01-17,"Chevrolet Park, Bloemfontein",1,0.5,Cape Cobras,Knights,RE Levi,HM Amla,JJ van der Wath,4,0,,,,,,,,,
652273,2013/14,2014-01-17,"Chevrolet Park, Bloemfontein",1,0.6,Cape Cobras,Knights,RE Levi,HM Amla,JJ van der Wath,2,0,,,,,,,,,
652273,2013/14,2014-01-17,"Chevrolet Park, Bloemfontein",1,1.1,Cape Cobras,Knights,HM Amla,RE Levi,R McLaren,0,1,1,,,,,,,,
652273,2013/14,2014-01-17,"Chevrolet Park, Bloemfontein",1,1.2,Cape Cobras,Knights,HM Amla,RE Levi,R McLaren,0,0,,,,,,,,,
652273,2013/14,2014-01-17,"Chevrolet Park, Bloemfontein",1,1.3,Cape Cobras,Knights,HM Amla,RE Levi,R McLaren,0,0,,,,,,,,,
652273,2013/14,2014-01-17,"Chevrolet Park, Bloemfontein",1,1.4,Cape Cobras,Knights,HM Amla,RE Levi,R McLaren,0,1,1,,,,,,,,
652273,2013/14,2014-01-17,"Chevrolet Park, Bloemfontein",1,1.5,Cape Cobras,Knights,HM Amla,RE Levi,R McLaren,1,0,,,,,,,,,
652273,2013/14,2014-01-17,"Chevrolet Park, Bloemfontein",1,1.6,Cape Cobras,Knights,RE Levi,HM Amla,R McLaren,1,0,,,,,,,,,
652273,2013/14,2014-01-17,"Chevrolet Park, Bloemfontein",1,1.7,Cape Cobras,Knights,HM Amla,RE Levi,R McLaren,4,0,,,,,,,,,
652273,2013/14,2014-01-17,"Chevrolet Park, Bloemfontein",1,1.8,Cape Cobras,Knights,HM Amla,RE Levi,R McLaren,4,0,,,,,,,,,
652273,2013/14,2014-01-17,"Chevrolet Park, Bloemfontein",1,2.1,Cape Cobras,Knights,RE Levi,HM Amla,D du Preez,1,0,,,,,,,,,
652273,2013/14,2014-01-17,"Chevrolet Park, Bloemfontein",1,2.2,Cape Cobras,Knights,HM Amla,RE Levi,D du Preez,1,0,,,,,,,,,
652273,2013/14,2014-01-17,"Chevrolet Park, Bloemfontein",1,2.3,Cape Cobras,Knights,RE Levi,HM Amla,D du Preez,4,0,,,,,,,,,
652273,2013/14,2014-01-17,"Chevrolet Park, Bloemfontein",1,2.4,Cape Cobras,Knights,RE Levi,HM Amla,D du Preez,0,0,,,,,,,,,
652273,2013/14,2014-01-17,"Chevrolet Park, Bloemfontein",1,2.5,Cape Cobras,Knights,RE Levi,HM Amla,D du Preez,4,0,,,,,,,,,
652273,2013/14,2014-01-17,"Chevrolet Park, Bloemfontein",1,2.6,Cape Cobras,Knights,RE Levi,HM Amla,D du Preez,4,0,,,,,,,,,
652273,2013/14,2014-01-17,"Chevrolet Park, Bloemfontein",1,3.1,Cape Cobras,Knights,HM Amla,RE Levi,R McLaren,4,0,,,,,,,,,
652273,2013/14,2014-01-17,"Chevrolet Park, Bloemfontein",1,3.2,Cape Cobras,Knights,HM Amla,RE Levi,R McLaren,1,0,,,,,,,,,
652273,2013/14,2014-01-17,"Chevrolet Park, Bloemfontein",1,3.3,Cape Cobras,Knights,RE Levi,HM Amla,R McLaren,0,1,1,,,,,,,,
652273,2013/14,2014-01-17,"Chevrolet Park, Bloemfontein",1,3.4,Cape Cobras,Knights,RE Levi,HM Amla,R McLaren,0,0,,,,,,,,,
652273,2013/14,2014-01-17,"Chevrolet Park, Bloemfontein",1,3.5,Cape Cobras,Knights,RE Levi,HM Amla,R McLaren,4,0,,,,,,,,,
652273,2013/14,2014-01-17,"Chevrolet Park, Bloemfontein",1,3.6,Cape Cobras,Knights,RE Levi,HM Amla,R McLaren,4,0,,,,,,,,,
652273,2013/14,2014-01-17,"Chevrolet Park, Bloemfontein",1,3.7,Cape Cobras,Knights,RE Levi,HM Amla,R McLaren,0,0,,,,,,,,,
652273,2013/14,2014-01-17,"Chevrolet Park, Bloemfontein",1,4.1,Cape Cobras,Knights,HM Amla,RE Levi,N Boje,4,0,,,,,,,,,
652273,2013/14,2014-01-17,"Chevrolet Park, Bloemfontein",1,4.2,Cape Cobras,Knights,HM Amla,RE Levi,N Boje,1,0,,,,,,,,,
652273,2013/14,2014-01-17,"Chevrolet Park, Bloemfontein",1,4.3,Cape Cobras,Knights,RE Levi,HM Amla,N Boje,0,0,,,,,,,,,
652273,2013/14,2014-01-17,"Chevrolet Park, Bloemfontein",1,4.4,Cape Cobras,Knights,RE Levi,HM Amla,N Boje,1,0,,,,,,,,,
652273,2013/14,2014-01-17,"Chevrolet Park, Bloemfontein",1,4.5,Cape Cobras,Knights,HM Amla,RE Levi,N Boje,4,0,,,,,,,,,
652273,2013/14,2014-01-17,"Chevrolet Park, Bloemfontein",1,4.6,Cape Cobras,Knights,HM Amla,RE Levi,N Boje,0,0,,,,,,,,,
652273,2013/14,2014-01-17,"Chevrolet Park, Bloemfontein",1,5.1,Cape Cobras,Knights,RE Levi,HM Amla,MP Siboto,4,0,,,,,,,,,
652273,2013/14,2014-01-17,"Chevrolet Park, Bloemfontein",1,5.2,Cape Cobras,Knights,RE Levi,HM Amla,MP Siboto,0,0,,,,,,,,,
652273,2013/14,2014-01-17,"Chevrolet Park, Bloemfontein",1,5.3,Cape Cobras,Knights,RE Levi,HM Amla,MP Siboto,6,0,,,,,,,,,
652273,2013/14,2014-01-17,"Chevrolet Park, Bloemfontein",1,5.4,Cape Cobras,Knights,RE Levi,HM Amla,MP Siboto,1,0,,,,,,,,,
652273,2013/14,2014-01-17,"Chevrolet Park, Bloemfontein",1,5.5,Cape Cobras,Knights,HM Amla,RE Levi,MP Siboto,1,0,,,,,,,,,
652273,2013/14,2014-01-17,"Chevrolet Park, Bloemfontein",1,5.6,Cape Cobras,Knights,RE Levi,HM Amla,MP Siboto,2,1,,1,,,,,,,
652273,2013/14,2014-01-17,"Chevrolet Park, Bloemfontein",1,5.7,Cape Cobras,Knights,RE Levi,HM Amla,MP Siboto,0,0,,,,,,,,,
652273,2013/14,2014-01-17,"Chevrolet Park, Bloemfontein",1,6.1,Cape Cobras,Knights,HM Amla,RE Levi,D Elgar,1,0,,,,,,,,,
652273,2013/14,2014-01-17,"Chevrolet Park, Bloemfontein",1,6.2,Cape Cobras,Knights,RE Levi,HM Amla,D Elgar,0,0,,,,,,,,,
652273,2013/14,2014-01-17,"Chevrolet Park, Bloemfontein",1,6.3,Cape Cobras,Knights,RE Levi,HM Amla,D Elgar,0,0,,,,,,,,,
652273,2013/14,2014-01-17,"Chevrolet Park, Bloemfontein",1,6.4,Cape Cobras,Knights,RE Levi,HM Amla,D Elgar,1,0,,,,,,,,,
652273,2013/14,2014-01-17,"Chevrolet Park, Bloemfontein",1,6.5,Cape Cobras,Knights,HM Amla,RE Levi,D Elgar,1,0,,,,,,,,,
652273,2013/14,2014-01-17,"Chevrolet Park, Bloemfontein",1,6.6,Cape Cobras,Knights,RE Levi,HM Amla,D Elgar,1,0,,,,,,,,,
652273,2013/14,2014-01-17,"Chevrolet Park, Bloemfontein",1,7.1,Cape Cobras,Knights,RE Levi,HM Amla,N Boje,1,0,,,,,,,,,
652273,2013/14,2014-01-17,"Chevrolet Park, Bloemfontein",1,7.2,Cape Cobras,Knights,HM Amla,RE Levi,N Boje,0,0,,,,,,,,,
652273,2013/14,2014-01-17,"Chevrolet Park, Bloemfontein",1,7.3,Cape Cobras,Knights,HM Amla,RE Levi,N Boje,1,0,,,,,,,,,
652273,2013/14,2014-01-17,"Chevrolet Park, Bloemfontein",1,7.4,Cape Cobras,Knights,RE Levi,HM Amla,N Boje,0,0,,,,,,,,,
652273,2013/14,2014-01-17,"Chevrolet Park, Bloemfontein",1,7.5,Cape Cobras,Knights,RE Levi,HM Amla,N Boje,0,0,,,,,,,,,
652273,2013/14,2014-01-17,"Chevrolet Park, Bloemfontein",1,7.6,Cape Cobras,Knights,RE Levi,HM Amla,N Boje,0,0,,,,,,,,,
652273,2013/14,2014-01-17,"Chevrolet Park, Bloemfontein",1,8.1,Cape Cobras,Knights,HM Amla,RE Levi,D Elgar,1,0,,,,,,,,,
652273,2013/14,2014-01-17,"Chevrolet Park, Bloemfontein",1,8.2,Cape Cobras,Knights,RE Levi,HM Amla,D Elgar,0,0,,,,,,,,,
652273,2013/14,2014-01-17,"Chevrolet Park, Bloemfontein",1,8.3,Cape Cobras,Knights,RE Levi,HM Amla,D Elgar,2,0,,,,,,,,,
652273,2013/14,2014-01-17,"Chevrolet Park, Bloemfontein",1,8.4,Cape Cobras,Knights,RE Levi,HM Amla,D Elgar,6,0,,,,,,,,,
652273,2013/14,2014-01-17,"Chevrolet Park, Bloemfontein",1,8.5,Cape Cobras,Knights,RE Levi,HM Amla,D Elgar,1,0,,,,,,,,,
652273,2013/14,2014-01-17,"Chevrolet Park, Bloemfontein",1,8.6,Cape Cobras,Knights,HM Amla,RE Levi,D Elgar,2,0,,,,,,,,,
652273,2013/14,2014-01-17,"Chevrolet Park, Bloemfontein",1,9.1,Cape Cobras,Knights,RE Levi,HM Amla,N Boje,0,1,,,,1,,,,,
652273,2013/14,2014-01-17,"Chevrolet Park, Bloemfontein",1,9.2,Cape Cobras,Knights,HM Amla,RE Levi,N Boje,1,0,,,,,,,,,
652273,2013/14,2014-01-17,"Chevrolet Park, Bloemfontein",1,9.3,Cape Cobras,Knights,RE Levi,HM Amla,N Boje,1,0,,,,,,,,,
652273,2013/14,2014-01-17,"Chevrolet Park, Bloemfontein",1,9.4,Cape Cobras,Knights,HM Amla,RE Levi,N Boje,2,0,,,,,,,,,
652273,2013/14,2014-01-17,"Chevrolet Park, Bloemfontein",1,9.5,Cape Cobras,Knights,HM Amla,RE Levi,N Boje,1,0,,,,,,,,,
652273,2013/14,2014-01-17,"Chevrolet Park, Bloemfontein",1,9.6,Cape Cobras,Knights,RE Levi,HM Amla,N Boje,1,0,,,,,,,,,
652273,2013/14,2014-01-17,"Chevrolet Park, Bloemfontein",1,10.1,Cape Cobras,Knights,RE Levi,HM Amla,JJ van der Wath,0,0,,,,,,,,,
652273,2013/14,2014-01-17,"Chevrolet Park, Bloemfontein",1,10.2,Cape Cobras,Knights,RE Levi,HM Amla,JJ van der Wath,2,0,,,,,,,,,
652273,2013/14,2014-01-17,"Chevrolet Park, Bloemfontein",1,10.3,Cape Cobras,Knights,RE Levi,HM Amla,JJ van der Wath,2,0,,,,,,,,,
652273,2013/14,2014-01-17,"Chevrolet Park, Bloemfontein",1,10.4,Cape Cobras,Knights,RE Levi,HM Amla,JJ van der Wath,6,0,,,,,,,,,
652273,2013/14,2014-01-17,"Chevrolet Park, Bloemfontein",1,10.5,Cape Cobras,Knights,RE Levi,HM Amla,JJ van der Wath,2,0,,,,,,,,,
652273,2013/14,2014-01-17,"Chevrolet Park, Bloemfontein",1,10.6,Cape Cobras,Knights,RE Levi,HM Amla,JJ van der Wath,1,0,,,,,,,,,
652273,2013/14,2014-01-17,"Chevrolet Park, Bloemfontein",1,11.1,Cape Cobras,Knights,RE Levi,HM Amla,N Boje,1,0,,,,,,,,,
652273,2013/14,2014-01-17,"Chevrolet Park, Bloemfontein",1,11.2,Cape Cobras,Knights,HM Amla,RE Levi,N Boje,4,0,,,,,,,,,
652273,2013/14,2014-01-17,"Chevrolet Park, Bloemfontein",1,11.3,Cape Cobras,Knights,HM Amla,RE Levi,N Boje,1,0,,,,,,,,,
652273,2013/14,2014-01-17,"Chevrolet Park, Bloemfontein",1,11.4,Cape Cobras,Knights,RE Levi,HM Amla,N Boje,0,0,,,,,,,,,
652273,2013/14,2014-01-17,"Chevrolet Park, Bloemfontein",1,11.5,Cape Cobras,Knights,RE Levi,HM Amla,N Boje,1,0,,,,,,,,,
652273,2013/14,2014-01-17,"Chevrolet Park, Bloemfontein",1,11.6,Cape Cobras,Knights,HM Amla,RE Levi,N Boje,4,0,,,,,,,,,
652273,2013/14,2014-01-17,"Chevrolet Park, Bloemfontein",1,12.1,Cape Cobras,Knights,RE Levi,HM Amla,D du Preez,1,0,,,,,,,,,
652273,2013/14,2014-01-17,"Chevrolet Park, Bloemfontein",1,12.2,Cape Cobras,Knights,HM Amla,RE Levi,D du Preez,4,0,,,,,,,,,
652273,2013/14,2014-01-17,"Chevrolet Park, Bloemfontein",1,12.3,Cape Cobras,Knights,HM Amla,RE Levi,D du Preez,1,0,,,,,,,,,
652273,2013/14,2014-01-17,"Chevrolet Park, Bloemfontein",1,12.4,Cape Cobras,Knights,RE Levi,HM Amla,D du Preez,6,0,,,,,,,,,
652273,2013/14,2014-01-17,"Chevrolet Park, Bloemfontein",1,12.5,Cape Cobras,Knights,RE Levi,HM Amla,D du Preez,6,0,,,,,,,,,
652273,2013/14,2014-01-17,"Chevrolet Park, Bloemfontein",1,12.6,Cape Cobras,Knights,RE Levi,HM Amla,D du Preez,1,0,,,,,,,,,
652273,2013/14,2014-01-17,"Chevrolet Park, Bloemfontein",1,13.1,Cape Cobras,Knights,RE Levi,HM Amla,D Elgar,0,0,,,,,,,,,
652273,2013/14,2014-01-17,"Chevrolet Park, Bloemfontein",1,13.2,Cape Cobras,Knights,RE Levi,HM Amla,D Elgar,6,0,,,,,,,,,
652273,2013/14,2014-01-17,"Chevrolet Park, Bloemfontein",1,13.3,Cape Cobras,Knights,RE Levi,HM Amla,D Elgar,0,0,,,,,,,,,
652273,2013/14,2014-01-17,"Chevrolet Park, Bloemfontein",1,13.4,Cape Cobras,Knights,RE Levi,HM Amla,D Elgar,1,0,,,,,,,,,
652273,2013/14,2014-01-17,"Chevrolet Park, Bloemfontein",1,13.5,Cape Cobras,Knights,HM Amla,RE Levi,D Elgar,1,0,,,,,,,,,
652273,2013/14,2014-01-17,"Chevrolet Park, Bloemfontein",1,13.6,Cape Cobras,Knights,RE Levi,HM Amla,D Elgar,4,0,,,,,,,,,
652273,2013/14,2014-01-17,"Chevrolet Park, Bloemfontein",1,14.1,Cape Cobras,Knights,HM Amla,RE Levi,R McLaren,1,0,,,,,,,,,
652273,2013/14,2014-01-17,"Chevrolet Park, Bloemfontein",1,14.2,Cape Cobras,Knights,RE Levi,HM Amla,R McLaren,1,0,,,,,,,,,
652273,2013/14,2014-01-17,"Chevrolet Park, Bloemfontein",1,14.3,Cape Cobras,Knights,HM Amla,RE Levi,R McLaren,1,0,,,,,,,,,
652273,2013/14,2014-01-17,"Chevrolet Park, Bloemfontein",1,14.4,Cape Cobras,Knights,RE Levi,HM Amla,R McLaren,6,0,,,,,,,,,
652273,2013/14,2014-01-17,"Chevrolet Park, Bloemfontein",1,14.5,Cape Cobras,Knights,RE Levi,HM Amla,R McLaren,6,0,,,,,,,,,
652273,2013/14,2014-01-17,"Chevrolet Park, Bloemfontein",1,14.6,Cape Cobras,Knights,RE Levi,HM Amla,R McLaren,0,1,1,,,,,,,,
652273,2013/14,2014-01-17,"Chevrolet Park, Bloemfontein",1,14.7,Cape Cobras,Knights,RE Levi,HM Amla,R McLaren,0,0,,,,,,bowled,RE Levi,,
652273,2013/14,2014-01-17,"Chevrolet Park, Bloemfontein",1,15.1,Cape Cobras,Knights,HM Amla,S van Zyl,MP Siboto,0,0,,,,,,,,,
652273,2013/14,2014-01-17,"Chevrolet Park, Bloemfontein",1,15.2,Cape Cobras,Knights,HM Amla,S van Zyl,MP Siboto,1,0,,,,,,,,,
652273,2013/14,2014-01-17,"Chevrolet Park, Bloemfontein",1,15.3,Cape Cobras,Knights,S van Zyl,HM Amla,MP Siboto,1,0,,,,,,,,,
652273,2013/14,2014-01-17,"Chevrolet Park, Bloemfontein",1,15.4,Cape Cobras,Knights,HM Amla,S van Zyl,MP Siboto,1,0,,,,,,,,,
652273,2013/14,2014-01-17,"Chevrolet Park, Bloemfontein",1,15.5,Cape Cobras,Knights,S van Zyl,HM Amla,MP Siboto,0,0,,,,,,,,,
652273,2013/14,2014-01-17,"Chevrolet Park, Bloemfontein",1,15.6,Cape Cobras,Knights,S van Zyl,HM Amla,MP Siboto,2,0,,,,,,,,,
652273,2013/14,2014-01-17,"Chevrolet Park, Bloemfontein",1,16.1,Cape Cobras,Knights,HM Amla,S van Zyl,JJ van der Wath,2,0,,,,,,,,,
652273,2013/14,2014-01-17,"Chevrolet Park, Bloemfontein",1,16.2,Cape Cobras,Knights,HM Amla,S van Zyl,JJ van der Wath,0,5,5,,,,,,,,
652273,2013/14,2014-01-17,"Chevrolet Park, Bloemfontein",1,16.3,Cape Cobras,Knights,HM Amla,S van Zyl,JJ van der Wath,1,0,,,,,,,,,
652273,2013/14,2014-01-17,"Chevrolet Park, Bloemfontein",1,16.4,Cape Cobras,Knights,S van Zyl,HM Amla,JJ van der Wath,0,0,,,,,,,,,
652273,2013/14,2014-01-17,"Chevrolet Park, Bloemfontein",1,16.5,Cape Cobras,Knights,S van Zyl,HM Amla,JJ van der Wath,1,0,,,,,,,,,
652273,2013/14,2014-01-17,"Chevrolet Park, Bloemfontein",1,16.6,Cape Cobras,Knights,HM Amla,S van Zyl,JJ van der Wath,0,0,,,,,,,,,
652273,2013/14,2014-01-17,"Chevrolet Park, Bloemfontein",1,16.7,Cape Cobras,Knights,HM Amla,S van Zyl,JJ van der Wath,2,0,,,,,,,,,
652273,2013/14,2014-01-17,"Chevrolet Park, Bloemfontein",1,17.1,Cape Cobras,Knights,S van Zyl,HM Amla,MP Siboto,1,0,,,,,,,,,
652273,2013/14,2014-01-17,"Chevrolet Park, Bloemfontein",1,17.2,Cape Cobras,Knights,HM Amla,S van Zyl,MP Siboto,4,0,,,,,,,,,
652273,2013/14,2014-01-17,"Chevrolet Park, Bloemfontein",1,17.3,Cape Cobras,Knights,HM Amla,S van Zyl,MP Siboto,0,0,,,,,,,,,
652273,2013/14,2014-01-17,"Chevrolet Park, Bloemfontein",1,17.4,Cape Cobras,Knights,HM Amla,S van Zyl,MP Siboto,1,0,,,,,,,,,
652273,2013/14,2014-01-17,"Chevrolet Park, Bloemfontein",1,17.5,Cape Cobras,Knights,S van Zyl,HM Amla,MP Siboto,1,0,,,,,,,,,
652273,2013/14,2014-01-17,"Chevrolet Park, Bloemfontein",1,17.6,Cape Cobras,Knights,HM Amla,S van Zyl,MP Siboto,1,0,,,,,,,,,
652273,2013/14,2014-01-17,"Chevrolet Park, Bloemfontein",1,18.1,Cape Cobras,Knights,HM Amla,S van Zyl,JJ van der Wath,0,0,,,,,,caught,HM Amla,,
652273,2013/14,2014-01-17,"Chevrolet Park, Bloemfontein",1,18.2,Cape Cobras,Knights,S van Zyl,JP Duminy,JJ van der Wath,0,0,,,,,,,,,
652273,2013/14,2014-01-17,"Chevrolet Park, Bloemfontein",1,18.3,Cape Cobras,Knights,S van Zyl,JP Duminy,JJ van der Wath,0,0,,,,,,,,,
652273,2013/14,2014-01-17,"Chevrolet Park, Bloemfontein",1,18.4,Cape Cobras,Knights,S van Zyl,JP Duminy,JJ van der Wath,0,0,,,,,,,,,
652273,2013/14,2014-01-17,"Chevrolet Park, Bloemfontein",1,18.5,Cape Cobras,Knights,S van Zyl,JP Duminy,JJ van der Wath,0,0,,,,,,caught,S van Zyl,,
652273,2013/14,2014-01-17,"Chevrolet Park, Bloemfontein",1,18.6,Cape Cobras,Knights,JP Duminy,JL Ontong,JJ van der Wath,1,0,,,,,,,,,
652273,2013/14,2014-01-17,"Chevrolet Park, Bloemfontein",1,19.1,Cape Cobras,Knights,JP Duminy,JL Ontong,MP Siboto,4,0,,,,,,,,,
652273,2013/14,2014-01-17,"Chevrolet Park, Bloemfontein",1,19.2,Cape Cobras,Knights,JP Duminy,JL Ontong,MP Siboto,0,1,,1,,,,,,,
652273,2013/14,2014-01-17,"Chevrolet Park, Bloemfontein",1,19.3,Cape Cobras,Knights,JP Duminy,JL Ontong,MP Siboto,2,0,,,,,,,,,
652273,2013/14,2014-01-17,"Chevrolet Park, Bloemfontein",1,19.4,Cape Cobras,Knights,JP Duminy,JL Ontong,MP Siboto,1,0,,,,,,,,,
652273,2013/14,2014-01-17,"Chevrolet Park, Bloemfontein",1,19.5,Cape Cobras,Knights,JL Ontong,JP Duminy,MP Siboto,1,0,,,,,,,,,
652273,2013/14,2014-01-17,"Chevrolet Park, Bloemfontein",1,19.6,Cape Cobras,Knights,JP Duminy,JL Ontong,MP Siboto,3,0,,,,,,,,,
652273,2013/14,2014-01-17,"Chevrolet Park, Bloemfontein",1,19.7,Cape Cobras,Knights,JL Ontong,JP Duminy,MP Siboto,0,0,,,,,,,,,
652273,2013/14,2014-01-17,"Chevrolet Park, Bloemfontein",2,0.1,Knights,Cape Cobras,RR Rossouw,RR Hendricks,RJ Peterson,1,0,,,,,,,,,
652273,2013/14,2014-01-17,"Chevrolet Park, Bloemfontein",2,0.2,Knights,Cape Cobras,RR Hendricks,RR Rossouw,RJ Peterson,4,0,,,,,,,,,
652273,2013/14,2014-01-17,"Chevrolet Park, Bloemfontein",2,0.3,Knights,Cape Cobras,RR Hendricks,RR Rossouw,RJ Peterson,0,0,,,,,,,,,
652273,2013/14,2014-01-17,"Chevrolet Park, Bloemfontein",2,0.4,Knights,Cape Cobras,RR Hendricks,RR Rossouw,RJ Peterson,0,1,1,,,,,,,,
652273,2013/14,2014-01-17,"Chevrolet Park, Bloemfontein",2,0.5,Knights,Cape Cobras,RR Hendricks,RR Rossouw,RJ Peterson,1,0,,,,,,,,,
652273,2013/14,2014-01-17,"Chevrolet Park, Bloemfontein",2,0.6,Knights,Cape Cobras,RR Rossouw,RR Hendricks,RJ Peterson,3,0,,,,,,,,,
652273,2013/14,2014-01-17,"Chevrolet Park, Bloemfontein",2,0.7,Knights,Cape Cobras,RR Hendricks,RR Rossouw,RJ Peterson,4,0,,,,,,,,,
652273,2013/14,2014-01-17,"Chevrolet Park, Bloemfontein",2,1.1,Knights,Cape Cobras,RR Rossouw,RR Hendricks,BE Hendricks,2,0,,,,,,,,,
652273,2013/14,2014-01-17,"Chevrolet Park, Bloemfontein",2,1.2,Knights,Cape Cobras,RR Rossouw,RR Hendricks,BE Hendricks,4,0,,,,,,,,,
652273,2013/14,2014-01-17,"Chevrolet Park, Bloemfontein",2,1.3,Knights,Cape Cobras,RR Rossouw,RR Hendricks,BE Hendricks,4,0,,,,,,,,,
652273,2013/14,2014-01-17,"Chevrolet Park, Bloemfontein",2,1.4,Knights,Cape Cobras,RR Rossouw,RR Hendricks,BE Hendricks,0,0,,,,,,caught,RR Rossouw,,
652273,2013/14,2014-01-17,"Chevrolet Park, Bloemfontein",2,1.5,Knights,Cape Cobras,RR Hendricks,PJ van Biljon,BE Hendricks,0,0,,,,,,,,,
652273,2013/14,2014-01-17,"Chevrolet Park, Bloemfontein",2,1.6,Knights,Cape Cobras,RR Hendricks,PJ van Biljon,BE Hendricks,0,0,,,,,,,,,
652273,2013/14,2014-01-17,"Chevrolet Park, Bloemfontein",2,2.1,Knights,Cape Cobras,PJ van Biljon,RR Hendricks,VD Philander,0,0,,,,,,,,,
652273,2013/14,2014-01-17,"Chevrolet Park, Bloemfontein",2,2.2,Knights,Cape Cobras,PJ van Biljon,RR Hendricks,VD Philander,0,0,,,,,,,,,
652273,2013/14,2014-01-17,"Chevrolet Park, Bloemfontein",2,2.3,Knights,Cape Cobras,PJ van Biljon,RR Hendricks,VD Philander,4,0,,,,,,,,,
652273,2013/14,2014-01-17,"Chevrolet Park, Bloemfontein",2,2.4,Knights,Cape Cobras,PJ van Biljon,RR Hendricks,VD Philander,0,0,,,,,,,,,
652273,2013/14,2014-01-17,"Chevrolet Park, Bloemfontein",2,2.5,Knights,Cape Cobras,PJ van Biljon,RR Hendricks,VD Philander,0,0,,,,,,,,,
652273,2013/14,2014-01-17,"Chevrolet Park, Bloemfontein",2,2.6,Knights,Cape Cobras,PJ van Biljon,RR Hendricks,VD Philander,1,0,,,,,,,,,
652273,2013/14,2014-01-17,"Chevrolet Park, Bloemfontein",2,3.1,Knights,Cape Cobras,PJ van Biljon,RR Hendricks,BE Hendricks,0,0,,,,,,caught,PJ van Biljon,,
652273,2013/14,2014-01-17,"Chevrolet Park, Bloemfontein",2,3.2,Knights,Cape Cobras,D Elgar,RR Hendricks,BE Hendricks,0,1,1,,,,,,,,
652273,2013/14,2014-01-17,"Chevrolet Park, Bloemfontein",2,3.3,Knights,Cape Cobras,D Elgar,RR Hendricks,BE Hendricks,1,0,,,,,,,,,
652273,2013/14,2014-01-17,"Chevrolet Park, Bloemfontein",2,3.4,Knights,Cape Cobras,RR Hendricks,D Elgar,BE Hendricks,1,0,,,,,,,,,
652273,2013/14,2014-01-17,"Chevrolet Park, Bloemfontein",2,3.5,Knights,Cape Cobras,D Elgar,RR Hendricks,BE Hendricks,0,0,,,,,,,,,
652273,2013/14,2014-01-17,"Chevrolet Park, Bloemfontein",2,3.6,Knights,Cape Cobras,D Elgar,RR Hendricks,BE Hendricks,3,0,,,,,,,,,
652273,2013/14,2014-01-17,"Chevrolet Park, Bloemfontein",2,3.7,Knights,Cape Cobras,RR Hendricks,D Elgar,BE Hendricks,2,0,,,,,,,,,
652273,2013/14,2014-01-17,"Chevrolet Park, Bloemfontein",2,4.1,Knights,Cape Cobras,D Elgar,RR Hendricks,VD Philander,0,0,,,,,,,,,
652273,2013/14,2014-01-17,"Chevrolet Park, Bloemfontein",2,4.2,Knights,Cape Cobras,D Elgar,RR Hendricks,VD Philander,2,0,,,,,,,,,
652273,2013/14,2014-01-17,"Chevrolet Park, Bloemfontein",2,4.3,Knights,Cape Cobras,D Elgar,RR Hendricks,VD Philander,0,0,,,,,,,,,
652273,2013/14,2014-01-17,"Chevrolet Park, Bloemfontein",2,4.4,Knights,Cape Cobras,D Elgar,RR Hendricks,VD Philander,1,0,,,,,,,,,
652273,2013/14,2014-01-17,"Chevrolet Park, Bloemfontein",2,4.5,Knights,Cape Cobras,RR Hendricks,D Elgar,VD Philander,1,0,,,,,,,,,
652273,2013/14,2014-01-17,"Chevrolet Park, Bloemfontein",2,4.6,Knights,Cape Cobras,D Elgar,RR Hendricks,VD Philander,0,0,,,,,,,,,
652273,2013/14,2014-01-17,"Chevrolet Park, Bloemfontein",2,5.1,Knights,Cape Cobras,RR Hendricks,D Elgar,SP Narine,4,0,,,,,,,,,
652273,2013/14,2014-01-17,"Chevrolet Park, Bloemfontein",2,5.2,Knights,Cape Cobras,RR Hendricks,D Elgar,SP Narine,0,0,,,,,,,,,
652273,2013/14,2014-01-17,"Chevrolet Park, Bloemfontein",2,5.3,Knights,Cape Cobras,RR Hendricks,D Elgar,SP Narine,1,0,,,,,,,,,
652273,2013/14,2014-01-17,"Chevrolet Park, Bloemfontein",2,5.4,Knights,Cape Cobras,D Elgar,RR Hendricks,SP Narine,0,0,,,,,,caught,D Elgar,,
652273,2013/14,2014-01-17,"Chevrolet Park, Bloemfontein",2,5.5,Knights,Cape Cobras,R McLaren,RR Hendricks,SP Narine,0,0,,,,,,,,,
652273,2013/14,2014-01-17,"Chevrolet Park, Bloemfontein",2,5.6,Knights,Cape Cobras,R McLaren,RR Hendricks,SP Narine,1,0,,,,,,,,,
652273,2013/14,2014-01-17,"Chevrolet Park, Bloemfontein",2,6.1,Knights,Cape Cobras,R McLaren,RR Hendricks,JP Duminy,0,0,,,,,,,,,
652273,2013/14,2014-01-17,"Chevrolet Park, Bloemfontein",2,6.2,Knights,Cape Cobras,R McLaren,RR Hendricks,JP Duminy,0,0,,,,,,,,,
652273,2013/14,2014-01-17,"Chevrolet Park, Bloemfontein",2,6.3,Knights,Cape Cobras,R McLaren,RR Hendricks,JP Duminy,0,0,,,,,,lbw,R McLaren,,
652273,2013/14,2014-01-17,"Chevrolet Park, Bloemfontein",2,6.4,Knights,Cape Cobras,DS Rosier,RR Hendricks,JP Duminy,1,0,,,,,,,,,
652273,2013/14,2014-01-17,"Chevrolet Park, Bloemfontein",2,6.5,Knights,Cape Cobras,RR Hendricks,DS Rosier,JP Duminy,1,0,,,,,,,,,
652273,2013/14,2014-01-17,"Chevrolet Park, Bloemfontein",2,6.6,Knights,Cape Cobras,DS Rosier,RR Hendricks,JP Duminy,0,0,,,,,,,,,
652273,2013/14,2014-01-17,"Chevrolet Park, Bloemfontein",2,7.1,Knights,Cape Cobras,RR Hendricks,DS Rosier,SP Narine,0,0,,,,,,,,,
652273,2013/14,2014-01-17,"Chevrolet Park, Bloemfontein",2,7.2,Knights,Cape Cobras,RR Hendricks,DS Rosier,SP Narine,1,0,,,,,,,,,
652273,2013/14,2014-01-17,"Chevrolet Park, Bloemfontein",2,7.3,Knights,Cape Cobras,DS Rosier,RR Hendricks,SP Narine,0,0,,,,,,,,,
652273,2013/14,2014-01-17,"Chevrolet Park, Bloemfontein",2,7.4,Knights,Cape Cobras,DS Rosier,RR Hendricks,SP Narine,0,0,,,,,,,,,
652273,2013/14,2014-01-17,"Chevrolet Park, Bloemfontein",2,7.5,Knights,Cape Cobras,DS Rosier,RR Hendricks,SP Narine,0,0,,,,,,bowled,DS Rosier,,
652273,2013/14,2014-01-17,"Chevrolet Park, Bloemfontein",2,7.6,Knights,Cape Cobras,N Boje,RR Hendricks,SP Narine,0,0,,,,,,,,,
652273,2013/14,2014-01-17,"Chevrolet Park, Bloemfontein",2,8.1,Knights,Cape Cobras,RR Hendricks,N Boje,JP Duminy,3,0,,,,,,,,,
652273,2013/14,2014-01-17,"Chevrolet Park, Bloemfontein",2,8.2,Knights,Cape Cobras,N Boje,RR Hendricks,JP Duminy,0,0,,,,,,,,,
652273,2013/14,2014-01-17,"Chevrolet Park, Bloemfontein",2,8.3,Knights,Cape Cobras,N Boje,RR Hendricks,JP Duminy,0,0,,,,,,lbw,N Boje,,
652273,2013/14,2014-01-17,"Chevrolet Park, Bloemfontein",2,8.4,Knights,Cape Cobras,LN Mosena,RR Hendricks,JP Duminy,0,0,,,,,,,,,
652273,2013/14,2014-01-17,"Chevrolet Park, Bloemfontein",2,8.5,Knights,Cape Cobras,LN Mosena,RR Hendricks,JP Duminy,0,0,,,,,,,,,
652273,2013/14,2014-01-17,"Chevrolet Park, Bloemfontein",2,8.6,Knights,Cape Cobras,LN Mosena,RR Hendricks,JP Duminy,0,0,,,,,,,,,
652273,2013/14,2014-01-17,"Chevrolet Park, Bloemfontein",2,9.1,Knights,Cape Cobras,RR Hendricks,LN Mosena,SP Narine,1,0,,,,,,,,,
652273,2013/14,2014-01-17,"Chevrolet Park, Bloemfontein",2,9.2,Knights,Cape Cobras,LN Mosena,RR Hendricks,SP Narine,1,0,,,,,,,,,
652273,2013/14,2014-01-17,"Chevrolet Park, Bloemfontein",2,9.3,Knights,Cape Cobras,RR Hendricks,LN Mosena,SP Narine,1,0,,,,,,,,,
652273,2013/14,2014-01-17,"Chevrolet Park, Bloemfontein",2,9.4,Knights,Cape Cobras,LN Mosena,RR Hendricks,SP Narine,1,0,,,,,,,,,
652273,2013/14,2014-01-17,"Chevrolet Park, Bloemfontein",2,9.5,Knights,Cape Cobras,RR Hendricks,LN Mosena,SP Narine,2,0,,,,,,,,,
652273,2013/14,2014-01-17,"Chevrolet Park, Bloemfontein",2,9.6,Knights,Cape Cobras,RR Hendricks,LN Mosena,SP Narine,0,0,,,,,,,,,
652273,2013/14,2014-01-17,"Chevrolet Park, Bloemfontein",2,10.1,Knights,Cape Cobras,LN Mosena,RR Hendricks,JP Duminy,0,0,,,,,,,,,
652273,2013/14,2014-01-17,"Chevrolet Park, Bloemfontein",2,10.2,Knights,Cape Cobras,LN Mosena,RR Hendricks,JP Duminy,1,0,,,,,,,,,
652273,2013/14,2014-01-17,"Chevrolet Park, Bloemfontein",2,10.3,Knights,Cape Cobras,RR Hendricks,LN Mosena,JP Duminy,1,0,,,,,,,,,
652273,2013/14,2014-01-17,"Chevrolet Park, Bloemfontein",2,10.4,Knights,Cape Cobras,LN Mosena,RR Hendricks,JP Duminy,1,0,,,,,,,,,
652273,2013/14,2014-01-17,"Chevrolet Park, Bloemfontein",2,10.5,Knights,Cape Cobras,RR Hendricks,LN Mosena,JP Duminy,0,0,,,,,,,,,
652273,2013/14,2014-01-17,"Chevrolet Park, Bloemfontein",2,10.6,Knights,Cape Cobras,RR Hendricks,LN Mosena,JP Duminy,0,0,,,,,,,,,
652273,2013/14,2014-01-17,"Chevrolet Park, Bloemfontein",2,11.1,Knights,Cape Cobras,LN Mosena,RR Hendricks,RJ Peterson,1,0,,,,,,,,,
652273,2013/14,2014-01-17,"Chevrolet Park, Bloemfontein",2,11.2,Knights,Cape Cobras,RR Hendricks,LN Mosena,RJ Peterson,1,0,,,,,,,,,
652273,2013/14,2014-01-17,"Chevrolet Park, Bloemfontein",2,11.3,Knights,Cape Cobras,LN Mosena,RR Hendricks,RJ Peterson,1,0,,,,,,,,,
652273,2013/14,2014-01-17,"Chevrolet Park, Bloemfontein",2,11.4,Knights,Cape Cobras,RR Hendricks,LN Mosena,RJ Peterson,0,0,,,,,,,,,
652273,2013/14,2014-01-17,"Chevrolet Park, Bloemfontein",2,11.5,Knights,Cape Cobras,RR Hendricks,LN Mosena,RJ Peterson,1,0,,,,,,,,,
652273,2013/14,2014-01-17,"Chevrolet Park, Bloemfontein",2,11.6,Knights,Cape Cobras,LN Mosena,RR Hendricks,RJ Peterson,1,0,,,,,,,,,
652273,2013/14,2014-01-17,"Chevrolet Park, Bloemfontein",2,12.1,Knights,Cape Cobras,LN Mosena,RR Hendricks,JP Duminy,2,0,,,,,,,,,
652273,2013/14,2014-01-17,"Chevrolet Park, Bloemfontein",2,12.2,Knights,Cape Cobras,LN Mosena,RR Hendricks,JP Duminy,1,0,,,,,,,,,
652273,2013/14,2014-01-17,"Chevrolet Park, Bloemfontein",2,12.3,Knights,Cape Cobras,RR Hendricks,LN Mosena,JP Duminy,1,0,,,,,,,,,
652273,2013/14,2014-01-17,"Chevrolet Park, Bloemfontein",2,12.4,Knights,Cape Cobras,LN Mosena,RR Hendricks,JP Duminy,1,0,,,,,,,,,
652273,2013/14,2014-01-17,"Chevrolet Park, Bloemfontein",2,12.5,Knights,Cape Cobras,RR Hendricks,LN Mosena,JP Duminy,2,0,,,,,,,,,
652273,2013/14,2014-01-17,"Chevrolet Park, Bloemfontein",2,12.6,Knights,Cape Cobras,RR Hendricks,LN Mosena,JP Duminy,1,0,,,,,,,,,
652273,2013/14,2014-01-17,"Chevrolet Park, Bloemfontein",2,13.1,Knights,Cape Cobras,RR Hendricks,LN Mosena,RJ Peterson,1,0,,,,,,,,,
652273,2013/14,2014-01-17,"Chevrolet Park, Bloemfontein",2,13.2,Knights,Cape Cobras,LN Mosena,RR Hendricks,RJ Peterson,1,0,,,,,,,,,
652273,2013/14,2014-01-17,"Chevrolet Park, Bloemfontein",2,13.3,Knights,Cape Cobras,RR Hendricks,LN Mosena,RJ Peterson,2,0,,,,,,,,,
652273,2013/14,2014-01-17,"Chevrolet Park, Bloemfontein",2,13.4,Knights,Cape Cobras,RR Hendricks,LN Mosena,RJ Peterson,6,0,,,,,,,,,
652273,2013/14,2014-01-17,"Chevrolet Park, Bloemfontein",2,13.5,Knights,Cape Cobras,RR Hendricks,LN Mosena,RJ Peterson,1,0,,,,,,,,,
652273,2013/14,2014-01-17,"Chevrolet Park, Bloemfontein",2,13.6,Knights,Cape Cobras,LN Mosena,RR Hendricks,RJ Peterson,0,0,,,,,,caught,LN Mosena,,
652273,2013/14,2014-01-17,"Chevrolet Park, Bloemfontein",2,14.1,Knights,Cape Cobras,JJ van der Wath,RR Hendricks,VD Philander,0,0,,,,,,,,,
652273,2013/14,2014-01-17,"Chevrolet Park, Bloemfontein",2,14.2,Knights,Cape Cobras,JJ van der Wath,RR Hendricks,VD Philander,0,0,,,,,,,,,
652273,2013/14,2014-01-17,"Chevrolet Park, Bloemfontein",2,14.3,Knights,Cape Cobras,JJ van der Wath,RR Hendricks,VD Philander,1,0,,,,,,,,,
652273,2013/14,2014-01-17,"Chevrolet Park, Bloemfontein",2,14.4,Knights,Cape Cobras,RR Hendricks,JJ van der Wath,VD Philander,2,0,,,,,,,,,
652273,2013/14,2014-01-17,"Chevrolet Park, Bloemfontein",2,14.5,Knights,Cape Cobras,RR Hendricks,JJ van der Wath,VD Philander,1,0,,,,,,,,,
652273,2013/14,2014-01-17,"Chevrolet Park, Bloemfontein",2,14.6,Knights,Cape Cobras,JJ van der Wath,RR Hendricks,VD Philander,1,0,,,,,,,,,
652273,2013/14,2014-01-17,"Chevrolet Park, Bloemfontein",2,15.1,Knights,Cape Cobras,JJ van der Wath,RR Hendricks,RJ Peterson,1,0,,,,,,,,,
652273,2013/14,2014-01-17,"Chevrolet Park, Bloemfontein",2,15.2,Knights,Cape Cobras,RR Hendricks,JJ van der Wath,RJ Peterson,4,0,,,,,,,,,
652273,2013/14,2014-01-17,"Chevrolet Park, Bloemfontein",2,15.3,Knights,Cape Cobras,RR Hendricks,JJ van der Wath,RJ Peterson,1,0,,,,,,,,,
652273,2013/14,2014-01-17,"Chevrolet Park, Bloemfontein",2,15.4,Knights,Cape Cobras,JJ van der Wath,RR Hendricks,RJ Peterson,0,0,,,,,,caught,JJ van der Wath,,
652273,2013/14,2014-01-17,"Chevrolet Park, Bloemfontein",2,15.5,Knights,Cape Cobras,RR Hendricks,D du Preez,RJ Peterson,2,0,,,,,,,,,
652273,2013/14,2014-01-17,"Chevrolet Park, Bloemfontein",2,15.6,Knights,Cape Cobras,RR Hendricks,D du Preez,RJ Peterson,0,0,,,,,,,,,
652273,2013/14,2014-01-17,"Chevrolet Park, Bloemfontein",2,16.1,Knights,Cape Cobras,D du Preez,RR Hendricks,VD Philander,1,0,,,,,,,,,
652273,2013/14,2014-01-17,"Chevrolet Park, Bloemfontein",2,16.2,Knights,Cape Cobras,RR Hendricks,D du Preez,VD Philander,0,0,,,,,,,,,
652273,2013/14,2014-01-17,"Chevrolet Park, Bloemfontein",2,16.3,Knights,Cape Cobras,RR Hendricks,D du Preez,VD Philander,2,0,,,,,,,,,
652273,2013/14,2014-01-17,"Chevrolet Park, Bloemfontein",2,16.4,Knights,Cape Cobras,RR Hendricks,D du Preez,VD Philander,0,1,1,,,,,,,,
652273,2013/14,2014-01-17,"Chevrolet Park, Bloemfontein",2,16.5,Knights,Cape Cobras,RR Hendricks,D du Preez,VD Philander,1,0,,,,,,,,,
652273,2013/14,2014-01-17,"Chevrolet Park, Bloemfontein",2,16.6,Knights,Cape Cobras,D du Preez,RR Hendricks,VD Philander,1,0,,,,,,,,,
652273,2013/14,2014-01-17,"Chevrolet Park, Bloemfontein",2,16.7,Knights,Cape Cobras,RR Hendricks,D du Preez,VD Philander,0,0,,,,,,,,,
652273,2013/14,2014-01-17,"Chevrolet Park, Bloemfontein",2,17.1,Knights,Cape Cobras,D du Preez,RR Hendricks,BE Hendricks,0,0,,,,,,,,,
652273,2013/14,2014-01-17,"Chevrolet Park, Bloemfontein",2,17.2,Knights,Cape Cobras,D du Preez,RR Hendricks,BE Hendricks,0,0,,,,,,,,,
652273,2013/14,2014-01-17,"Chevrolet Park, Bloemfontein",2,17.3,Knights,Cape Cobras,D du Preez,RR Hendricks,BE Hendricks,4,0,,,,,,,,,
652273,2013/14,2014-01-17,"Chevrolet Park, Bloemfontein",2,17.4,Knights,Cape Cobras,D du Preez,RR Hendricks,BE Hendricks,3,0,,,,,,,,,
652273,2013/14,2014-01-17,"Chevrolet Park, Bloemfontein",2,17.5,Knights,Cape Cobras,RR Hendricks,D du Preez,BE Hendricks,1,0,,,,,,,,,
652273,2013/14,2014-01-17,"Chevrolet Park, Bloemfontein",2,17.6,Knights,Cape Cobras,D du Preez,RR Hendricks,BE Hendricks,4,0,,,,,,,,,
652273,2013/14,2014-01-17,"Chevrolet Park, Bloemfontein",2,18.1,Knights,Cape Cobras,RR Hendricks,D du Preez,SP Narine,0,0,,,,,,,,,
652273,2013/14,2014-01-17,"Chevrolet Park, Bloemfontein",2,18.2,Knights,Cape Cobras,RR Hendricks,D du Preez,SP Narine,2,0,,,,,,,,,
652273,2013/14,2014-01-17,"Chevrolet Park, Bloemfontein",2,18.3,Knights,Cape Cobras,RR Hendricks,D du Preez,SP Narine,1,0,,,,,,,,,
652273,2013/14,2014-01-17,"Chevrolet Park, Bloemfontein",2,18.4,Knights,Cape Cobras,D du Preez,RR Hendricks,SP Narine,0,0,,,,,,,,,
652273,2013/14,2014-01-17,"Chevrolet Park, Bloemfontein",2,18.5,Knights,Cape Cobras,D du Preez,RR Hendricks,SP Narine,1,0,,,,,,,,,
652273,2013/14,2014-01-17,"Chevrolet Park, Bloemfontein",2,18.6,Knights,Cape Cobras,RR Hendricks,D du Preez,SP Narine,1,0,,,,,,,,,
652273,2013/14,2014-01-17,"Chevrolet Park, Bloemfontein",2,19.1,Knights,Cape Cobras,RR Hendricks,D du Preez,BE Hendricks,1,0,,,,,,,,,
652273,2013/14,2014-01-17,"Chevrolet Park, Bloemfontein",2,19.2,Knights,Cape Cobras,D du Preez,RR Hendricks,BE Hendricks,0,0,,,,,,,,,
652273,2013/14,2014-01-17,"Chevrolet Park, Bloemfontein",2,19.3,Knights,Cape Cobras,D du Preez,RR Hendricks,BE Hendricks,1,0,,,,,,,,,
652273,2013/14,2014-01-17,"Chevrolet Park, Bloemfontein",2,19.4,Knights,Cape Cobras,RR Hendricks,D du Preez,BE Hendricks,1,0,,,,,,,,,
652273,2013/14,2014-01-17,"Chevrolet Park, Bloemfontein",2,19.5,Knights,Cape Cobras,D du Preez,RR Hendricks,BE Hendricks,2,0,,,,,,,,,
652273,2013/14,2014-01-17,"Chevrolet Park, Bloemfontein",2,19.6,Knights,Cape Cobras,D du Preez,RR Hendricks,BE Hendricks,1,0,,,,,,,,,
