match_id,season,start_date,venue,innings,ball,batting_team,bowling_team,striker,non_striker,bowler,runs_off_bat,extras,wides,noballs,byes,legbyes,penalty,wicket_type,player_dismissed,other_wicket_type,other_player_dismissed
652265,2013/14,2014-01-05,"Newlands, Cape Town",1,0.1,Dolphins,Titans,CS Delport,MN van Wyk,RE van der Merwe,0,1,,,,1,,,,,
652265,2013/14,2014-01-05,"Newlands, Cape Town",1,0.2,Dolphins,Titans,MN van Wyk,CS Delport,RE van der Merwe,4,0,,,,,,,,,
652265,2013/14,2014-01-05,"Newlands, Cape Town",1,0.3,Dolphins,Titans,MN van Wyk,CS Delport,RE van der Merwe,0,0,,,,,,run out,MN van Wyk,,
652265,2013/14,2014-01-05,"Newlands, Cape Town",1,0.4,Dolphins,Titans,CS Delport,C Chetty,RE van der Merwe,0,0,,,,,,,,,
652265,2013/14,2014-01-05,"Newlands, Cape Town",1,0.5,Dolphins,Titans,CS Delport,C Chetty,RE van der Merwe,1,0,,,,,,,,,
652265,2013/14,2014-01-05,"Newlands, Cape Town",1,0.6,Dolphins,Titans,C Chetty,CS Delport,RE van der Merwe,0,0,,,,,,,,,
652265,2013/14,2014-01-05,"Newlands, Cape Town",1,1.1,Dolphins,Titans,CS Delport,C Chetty,NE Mbhalati,0,0,,,,,,,,,
652265,2013/14,2014-01-05,"Newlands, Cape Town",1,1.2,Dolphins,Titans,CS Delport,C Chetty,NE Mbhalati,2,0,,,,,,,,,
652265,2013/14,2014-01-05,"Newlands, Cape Town",1,1.3,Dolphins,Titans,CS Delport,C Chetty,NE Mbhalati,4,0,,,,,,,,,
652265,2013/14,2014-01-05,"Newlands, Cape Town",1,1.4,Dolphins,Titans,CS Delport,C Chetty,NE Mbhalati,0,0,,,,,,caught,CS Delport,,
652265,2013/14,2014-01-05,"Newlands, Cape Town",1,1.5,Dolphins,Titans,VB van Jaarsveld,C Chetty,NE Mbhalati,1,0,,,,,,,,,
652265,2013/14,2014-01-05,"Newlands, Cape Town",1,1.6,Dolphins,Titans,C Chetty,VB van Jaarsveld,NE Mbhalati,0,0,,,,,,,,,
652265,2013/14,2014-01-05,"Newlands, Cape Town",1,2.1,Dolphins,Titans,VB van Jaarsveld,C Chetty,RE van der Merwe,1,0,,,,,,,,,
652265,2013/14,2014-01-05,"Newlands, Cape Town",1,2.2,Dolphins,Titans,C Chetty,VB van Jaarsveld,RE van der Merwe,0,0,,,,,,,,,
652265,2013/14,2014-01-05,"Newlands, Cape Town",1,2.3,Dolphins,Titans,C Chetty,VB van Jaarsveld,RE van der Merwe,0,0,,,,,,,,,
652265,2013/14,2014-01-05,"Newlands, Cape Town",1,2.4,Dolphins,Titans,C Chetty,VB van Jaarsveld,RE van der Merwe,0,0,,,,,,,,,
652265,2013/14,2014-01-05,"Newlands, Cape Town",1,2.5,Dolphins,Titans,C Chetty,VB van Jaarsveld,RE van der Merwe,0,0,,,,,,,,,
652265,2013/14,2014-01-05,"Newlands, Cape Town",1,2.6,Dolphins,Titans,C Chetty,VB van Jaarsveld,RE van der Merwe,0,0,,,,,,,,,
652265,2013/14,2014-01-05,"Newlands, Cape Town",1,3.1,Dolphins,Titans,VB van Jaarsveld,C Chetty,NE Mbhalati,4,0,,,,,,,,,
652265,2013/14,2014-01-05,"Newlands, Cape Town",1,3.2,Dolphins,Titans,VB van Jaarsveld,C Chetty,NE Mbhalati,0,1,,,,1,,,,,
652265,2013/14,2014-01-05,"Newlands, Cape Town",1,3.3,Dolphins,Titans,C Chetty,VB van Jaarsveld,NE Mbhalati,0,0,,,,,,,,,
652265,2013/14,2014-01-05,"Newlands, Cape Town",1,3.4,Dolphins,Titans,C Chetty,VB van Jaarsveld,NE Mbhalati,0,0,,,,,,,,,
652265,2013/14,2014-01-05,"Newlands, Cape Town",1,3.5,Dolphins,Titans,C Chetty,VB van Jaarsveld,NE Mbhalati,0,0,,,,,,,,,
652265,2013/14,2014-01-05,"Newlands, Cape Town",1,3.6,Dolphins,Titans,C Chetty,VB van Jaarsveld,NE Mbhalati,0,0,,,,,,,,,
652265,2013/14,2014-01-05,"Newlands, Cape Town",1,4.1,Dolphins,Titans,VB van Jaarsveld,C Chetty,JA Morkel,0,0,,,,,,,,,
652265,2013/14,2014-01-05,"Newlands, Cape Town",1,4.2,Dolphins,Titans,VB van Jaarsveld,C Chetty,JA Morkel,0,0,,,,,,,,,
652265,2013/14,2014-01-05,"Newlands, Cape Town",1,4.3,Dolphins,Titans,VB van Jaarsveld,C Chetty,JA Morkel,0,0,,,,,,,,,
652265,2013/14,2014-01-05,"Newlands, Cape Town",1,4.4,Dolphins,Titans,VB van Jaarsveld,C Chetty,JA Morkel,0,0,,,,,,,,,
652265,2013/14,2014-01-05,"Newlands, Cape Town",1,4.5,Dolphins,Titans,VB van Jaarsveld,C Chetty,JA Morkel,0,0,,,,,,,,,
652265,2013/14,2014-01-05,"Newlands, Cape Town",1,4.6,Dolphins,Titans,VB van Jaarsveld,C Chetty,JA Morkel,1,0,,,,,,,,,
652265,2013/14,2014-01-05,"Newlands, Cape Town",1,5.1,Dolphins,Titans,VB van Jaarsveld,C Chetty,NE Mbhalati,1,0,,,,,,,,,
652265,2013/14,2014-01-05,"Newlands, Cape Town",1,5.2,Dolphins,Titans,C Chetty,VB van Jaarsveld,NE Mbhalati,2,0,,,,,,,,,
652265,2013/14,2014-01-05,"Newlands, Cape Town",1,5.3,Dolphins,Titans,C Chetty,VB van Jaarsveld,NE Mbhalati,2,0,,,,,,,,,
652265,2013/14,2014-01-05,"Newlands, Cape Town",1,5.4,Dolphins,Titans,C Chetty,VB van Jaarsveld,NE Mbhalati,0,0,,,,,,,,,
652265,2013/14,2014-01-05,"Newlands, Cape Town",1,5.5,Dolphins,Titans,C Chetty,VB van Jaarsveld,NE Mbhalati,0,0,,,,,,,,,
652265,2013/14,2014-01-05,"Newlands, Cape Town",1,5.6,Dolphins,Titans,C Chetty,VB van Jaarsveld,NE Mbhalati,4,0,,,,,,,,,
652265,2013/14,2014-01-05,"Newlands, Cape Town",1,6.1,Dolphins,Titans,VB van Jaarsveld,C Chetty,JA Morkel,0,0,,,,,,,,,
652265,2013/14,2014-01-05,"Newlands, Cape Town",1,6.2,Dolphins,Titans,VB van Jaarsveld,C Chetty,JA Morkel,1,0,,,,,,,,,
652265,2013/14,2014-01-05,"Newlands, Cape Town",1,6.3,Dolphins,Titans,C Chetty,VB van Jaarsveld,JA Morkel,0,0,,,,,,,,,
652265,2013/14,2014-01-05,"Newlands, Cape Town",1,6.4,Dolphins,Titans,C Chetty,VB van Jaarsveld,JA Morkel,1,0,,,,,,,,,
652265,2013/14,2014-01-05,"Newlands, Cape Town",1,6.5,Dolphins,Titans,VB van Jaarsveld,C Chetty,JA Morkel,0,1,1,,,,,,,,
652265,2013/14,2014-01-05,"Newlands, Cape Town",1,6.6,Dolphins,Titans,VB van Jaarsveld,C Chetty,JA Morkel,1,0,,,,,,,,,
652265,2013/14,2014-01-05,"Newlands, Cape Town",1,6.7,Dolphins,Titans,C Chetty,VB van Jaarsveld,JA Morkel,0,0,,,,,,run out,C Chetty,,
652265,2013/14,2014-01-05,"Newlands, Cape Town",1,7.1,Dolphins,Titans,VB van Jaarsveld,DA Miller,H Davids,1,0,,,,,,,,,
652265,2013/14,2014-01-05,"Newlands, Cape Town",1,7.2,Dolphins,Titans,DA Miller,VB van Jaarsveld,H Davids,1,0,,,,,,,,,
652265,2013/14,2014-01-05,"Newlands, Cape Town",1,7.3,Dolphins,Titans,VB van Jaarsveld,DA Miller,H Davids,1,0,,,,,,,,,
652265,2013/14,2014-01-05,"Newlands, Cape Town",1,7.4,Dolphins,Titans,DA Miller,VB van Jaarsveld,H Davids,0,1,1,,,,,,,,
652265,2013/14,2014-01-05,"Newlands, Cape Town",1,7.5,Dolphins,Titans,DA Miller,VB van Jaarsveld,H Davids,0,0,,,,,,,,,
652265,2013/14,2014-01-05,"Newlands, Cape Town",1,7.6,Dolphins,Titans,DA Miller,VB van Jaarsveld,H Davids,0,0,,,,,,,,,
652265,2013/14,2014-01-05,"Newlands, Cape Town",1,7.7,Dolphins,Titans,DA Miller,VB van Jaarsveld,H Davids,0,0,,,,,,caught,DA Miller,,
652265,2013/14,2014-01-05,"Newlands, Cape Town",1,8.1,Dolphins,Titans,VB van Jaarsveld,K Zondo,JA Morkel,0,0,,,,,,,,,
652265,2013/14,2014-01-05,"Newlands, Cape Town",1,8.2,Dolphins,Titans,VB van Jaarsveld,K Zondo,JA Morkel,0,1,,,,1,,,,,
652265,2013/14,2014-01-05,"Newlands, Cape Town",1,8.3,Dolphins,Titans,K Zondo,VB van Jaarsveld,JA Morkel,1,0,,,,,,,,,
652265,2013/14,2014-01-05,"Newlands, Cape Town",1,8.4,Dolphins,Titans,VB van Jaarsveld,K Zondo,JA Morkel,1,0,,,,,,,,,
652265,2013/14,2014-01-05,"Newlands, Cape Town",1,8.5,Dolphins,Titans,K Zondo,VB van Jaarsveld,JA Morkel,0,0,,,,,,,,,
652265,2013/14,2014-01-05,"Newlands, Cape Town",1,8.6,Dolphins,Titans,K Zondo,VB van Jaarsveld,JA Morkel,1,0,,,,,,,,,
652265,2013/14,2014-01-05,"Newlands, Cape Town",1,9.1,Dolphins,Titans,K Zondo,VB van Jaarsveld,H Davids,1,0,,,,,,,,,
652265,2013/14,2014-01-05,"Newlands, Cape Town",1,9.2,Dolphins,Titans,VB van Jaarsveld,K Zondo,H Davids,0,0,,,,,,,,,
652265,2013/14,2014-01-05,"Newlands, Cape Town",1,9.3,Dolphins,Titans,VB van Jaarsveld,K Zondo,H Davids,1,0,,,,,,,,,
652265,2013/14,2014-01-05,"Newlands, Cape Town",1,9.4,Dolphins,Titans,K Zondo,VB van Jaarsveld,H Davids,0,0,,,,,,,,,
652265,2013/14,2014-01-05,"Newlands, Cape Town",1,9.5,Dolphins,Titans,K Zondo,VB van Jaarsveld,H Davids,1,0,,,,,,,,,
652265,2013/14,2014-01-05,"Newlands, Cape Town",1,9.6,Dolphins,Titans,VB van Jaarsveld,K Zondo,H Davids,0,0,,,,,,,,,
652265,2013/14,2014-01-05,"Newlands, Cape Town",1,10.1,Dolphins,Titans,K Zondo,VB van Jaarsveld,RR Richards,0,1,1,,,,,,,,
652265,2013/14,2014-01-05,"Newlands, Cape Town",1,10.2,Dolphins,Titans,K Zondo,VB van Jaarsveld,RR Richards,1,0,,,,,,,,,
652265,2013/14,2014-01-05,"Newlands, Cape Town",1,10.3,Dolphins,Titans,VB van Jaarsveld,K Zondo,RR Richards,1,0,,,,,,,,,
652265,2013/14,2014-01-05,"Newlands, Cape Town",1,10.4,Dolphins,Titans,K Zondo,VB van Jaarsveld,RR Richards,0,0,,,,,,,,,
652265,2013/14,2014-01-05,"Newlands, Cape Town",1,10.5,Dolphins,Titans,K Zondo,VB van Jaarsveld,RR Richards,1,0,,,,,,,,,
652265,2013/14,2014-01-05,"Newlands, Cape Town",1,10.6,Dolphins,Titans,VB van Jaarsveld,K Zondo,RR Richards,1,0,,,,,,,,,
652265,2013/14,2014-01-05,"Newlands, Cape Town",1,10.7,Dolphins,Titans,K Zondo,VB van Jaarsveld,RR Richards,0,0,,,,,,,,,
652265,2013/14,2014-01-05,"Newlands, Cape Town",1,11.1,Dolphins,Titans,VB van Jaarsveld,K Zondo,H Davids,0,0,,,,,,,,,
652265,2013/14,2014-01-05,"Newlands, Cape Town",1,11.2,Dolphins,Titans,VB van Jaarsveld,K Zondo,H Davids,1,0,,,,,,,,,
652265,2013/14,2014-01-05,"Newlands, Cape Town",1,11.3,Dolphins,Titans,K Zondo,VB van Jaarsveld,H Davids,0,0,,,,,,,,,
652265,2013/14,2014-01-05,"Newlands, Cape Town",1,11.4,Dolphins,Titans,K Zondo,VB van Jaarsveld,H Davids,1,0,,,,,,,,,
652265,2013/14,2014-01-05,"Newlands, Cape Town",1,11.5,Dolphins,Titans,VB van Jaarsveld,K Zondo,H Davids,1,0,,,,,,,,,
652265,2013/14,2014-01-05,"Newlands, Cape Town",1,11.6,Dolphins,Titans,K Zondo,VB van Jaarsveld,H Davids,1,0,,,,,,,,,
652265,2013/14,2014-01-05,"Newlands, Cape Town",1,12.1,Dolphins,Titans,K Zondo,VB van Jaarsveld,RR Richards,1,0,,,,,,,,,
652265,2013/14,2014-01-05,"Newlands, Cape Town",1,12.2,Dolphins,Titans,VB van Jaarsveld,K Zondo,RR Richards,1,0,,,,,,,,,
652265,2013/14,2014-01-05,"Newlands, Cape Town",1,12.3,Dolphins,Titans,K Zondo,VB van Jaarsveld,RR Richards,4,0,,,,,,,,,
652265,2013/14,2014-01-05,"Newlands, Cape Town",1,12.4,Dolphins,Titans,K Zondo,VB van Jaarsveld,RR Richards,1,0,,,,,,,,,
652265,2013/14,2014-01-05,"Newlands, Cape Town",1,12.5,Dolphins,Titans,VB van Jaarsveld,K Zondo,RR Richards,4,0,,,,,,,,,
652265,2013/14,2014-01-05,"Newlands, Cape Town",1,12.6,Dolphins,Titans,VB van Jaarsveld,K Zondo,RR Richards,1,0,,,,,,,,,
652265,2013/14,2014-01-05,"Newlands, Cape Town",1,13.1,Dolphins,Titans,VB van Jaarsveld,K Zondo,H Davids,1,0,,,,,,,,,
652265,2013/14,2014-01-05,"Newlands, Cape Town",1,13.2,Dolphins,Titans,K Zondo,VB van Jaarsveld,H Davids,1,0,,,,,,,,,
652265,2013/14,2014-01-05,"Newlands, Cape Town",1,13.3,Dolphins,Titans,VB van Jaarsveld,K Zondo,H Davids,6,0,,,,,,,,,
652265,2013/14,2014-01-05,"Newlands, Cape Town",1,13.4,Dolphins,Titans,VB van Jaarsveld,K Zondo,H Davids,1,0,,,,,,,,,
652265,2013/14,2014-01-05,"Newlands, Cape Town",1,13.5,Dolphins,Titans,K Zondo,VB van Jaarsveld,H Davids,1,0,,,,,,,,,
652265,2013/14,2014-01-05,"Newlands, Cape Town",1,13.6,Dolphins,Titans,VB van Jaarsveld,K Zondo,H Davids,1,0,,,,,,,,,
652265,2013/14,2014-01-05,"Newlands, Cape Town",1,14.1,Dolphins,Titans,VB van Jaarsveld,K Zondo,D Wiese,0,0,,,,,,,,,
652265,2013/14,2014-01-05,"Newlands, Cape Town",1,14.2,Dolphins,Titans,VB van Jaarsveld,K Zondo,D Wiese,6,0,,,,,,,,,
652265,2013/14,2014-01-05,"Newlands, Cape Town",1,14.3,Dolphins,Titans,VB van Jaarsveld,K Zondo,D Wiese,1,0,,,,,,,,,
652265,2013/14,2014-01-05,"Newlands, Cape Town",1,14.4,Dolphins,Titans,K Zondo,VB van Jaarsveld,D Wiese,0,0,,,,,,,,,
652265,2013/14,2014-01-05,"Newlands, Cape Town",1,14.5,Dolphins,Titans,K Zondo,VB van Jaarsveld,D Wiese,4,0,,,,,,,,,
652265,2013/14,2014-01-05,"Newlands, Cape Town",1,14.6,Dolphins,Titans,K Zondo,VB van Jaarsveld,D Wiese,1,0,,,,,,,,,
652265,2013/14,2014-01-05,"Newlands, Cape Town",1,15.1,Dolphins,Titans,K Zondo,VB van Jaarsveld,RE van der Merwe,1,0,,,,,,,,,
652265,2013/14,2014-01-05,"Newlands, Cape Town",1,15.2,Dolphins,Titans,VB van Jaarsveld,K Zondo,RE van der Merwe,2,0,,,,,,,,,
652265,2013/14,2014-01-05,"Newlands, Cape Town",1,15.3,Dolphins,Titans,VB van Jaarsveld,K Zondo,RE van der Merwe,0,1,,,,1,,,,,
652265,2013/14,2014-01-05,"Newlands, Cape Town",1,15.4,Dolphins,Titans,K Zondo,VB van Jaarsveld,RE van der Merwe,1,0,,,,,,,,,
652265,2013/14,2014-01-05,"Newlands, Cape Town",1,15.5,Dolphins,Titans,VB van Jaarsveld,K Zondo,RE van der Merwe,2,0,,,,,,,,,
652265,2013/14,2014-01-05,"Newlands, Cape Town",1,15.6,Dolphins,Titans,VB van Jaarsveld,K Zondo,RE van der Merwe,1,0,,,,,,,,,
652265,2013/14,2014-01-05,"Newlands, Cape Town",1,16.1,Dolphins,Titans,VB van Jaarsveld,K Zondo,D Wiese,6,0,,,,,,,,,
652265,2013/14,2014-01-05,"Newlands, Cape Town",1,16.2,Dolphins,Titans,VB van Jaarsveld,K Zondo,D Wiese,6,0,,,,,,,,,
652265,2013/14,2014-01-05,"Newlands, Cape Town",1,16.3,Dolphins,Titans,VB van Jaarsveld,K Zondo,D Wiese,6,0,,,,,,,,,
652265,2013/14,2014-01-05,"Newlands, Cape Town",1,16.4,Dolphins,Titans,VB van Jaarsveld,K Zondo,D Wiese,1,0,,,,,,,,,
652265,2013/14,2014-01-05,"Newlands, Cape Town",1,16.5,Dolphins,Titans,K Zondo,VB van Jaarsveld,D Wiese,0,0,,,,,,,,,
652265,2013/14,2014-01-05,"Newlands, Cape Town",1,16.6,Dolphins,Titans,K Zondo,VB van Jaarsveld,D Wiese,4,0,,,,,,,,,
652265,2013/14,2014-01-05,"Newlands, Cape Town",1,17.1,Dolphins,Titans,VB van Jaarsveld,K Zondo,JA Morkel,1,0,,,,,,,,,
652265,2013/14,2014-01-05,"Newlands, Cape Town",1,17.2,Dolphins,Titans,K Zondo,VB van Jaarsveld,JA Morkel,4,0,,,,,,,,,
652265,2013/14,2014-01-05,"Newlands, Cape Town",1,17.3,Dolphins,Titans,K Zondo,VB van Jaarsveld,JA Morkel,1,0,,,,,,,,,
652265,2013/14,2014-01-05,"Newlands, Cape Town",1,17.4,Dolphins,Titans,VB van Jaarsveld,K Zondo,JA Morkel,0,0,,,,,,,,,
652265,2013/14,2014-01-05,"Newlands, Cape Town",1,17.5,Dolphins,Titans,VB van Jaarsveld,K Zondo,JA Morkel,0,1,1,,,,,,,,
652265,2013/14,2014-01-05,"Newlands, Cape Town",1,17.6,Dolphins,Titans,VB van Jaarsveld,K Zondo,JA Morkel,1,0,,,,,,,,,
652265,2013/14,2014-01-05,"Newlands, Cape Town",1,17.7,Dolphins,Titans,K Zondo,VB van Jaarsveld,JA Morkel,6,0,,,,,,,,,
652265,2013/14,2014-01-05,"Newlands, Cape Town",1,18.1,Dolphins,Titans,VB van Jaarsveld,K Zondo,NE Mbhalati,1,0,,,,,,,,,
652265,2013/14,2014-01-05,"Newlands, Cape Town",1,18.2,Dolphins,Titans,K Zondo,VB van Jaarsveld,NE Mbhalati,0,0,,,,,,,,,
652265,2013/14,2014-01-05,"Newlands, Cape Town",1,18.3,Dolphins,Titans,K Zondo,VB van Jaarsveld,NE Mbhalati,1,0,,,,,,,,,
652265,2013/14,2014-01-05,"Newlands, Cape Town",1,18.4,Dolphins,Titans,VB van Jaarsveld,K Zondo,NE Mbhalati,6,0,,,,,,,,,
652265,2013/14,2014-01-05,"Newlands, Cape Town",1,18.5,Dolphins,Titans,VB van Jaarsveld,K Zondo,NE Mbhalati,6,0,,,,,,,,,
652265,2013/14,2014-01-05,"Newlands, Cape Town",1,18.6,Dolphins,Titans,VB van Jaarsveld,K Zondo,NE Mbhalati,1,0,,,,,,,,,
652265,2013/14,2014-01-05,"Newlands, Cape Town",1,19.1,Dolphins,Titans,VB van Jaarsveld,K Zondo,RR Richards,0,0,,,,,,,,,
652265,2013/14,2014-01-05,"Newlands, Cape Town",1,19.2,Dolphins,Titans,VB van Jaarsveld,K Zondo,RR Richards,0,2,,2,,,,,,,
652265,2013/14,2014-01-05,"Newlands, Cape Town",1,19.3,Dolphins,Titans,K Zondo,VB van Jaarsveld,RR Richards,1,0,,,,,,,,,
652265,2013/14,2014-01-05,"Newlands, Cape Town",1,19.4,Dolphins,Titans,VB van Jaarsveld,K Zondo,RR Richards,1,0,,,,,,,,,
652265,2013/14,2014-01-05,"Newlands, Cape Town",1,19.5,Dolphins,Titans,K Zondo,VB van Jaarsveld,RR Richards,0,0,,,,,,,,,
652265,2013/14,2014-01-05,"Newlands, Cape Town",1,19.6,Dolphins,Titans,K Zondo,VB van Jaarsveld,RR Richards,1,0,,,,,,,,,
652265,2013/14,2014-01-05,"Newlands, Cape Town",1,19.7,Dolphins,Titans,VB van Jaarsveld,K Zondo,RR Richards,1,0,,,,,,,,,
652265,2013/14,2014-01-05,"Newlands, Cape Town",2,0.1,Titans,Dolphins,JA Rudolph,H Davids,KJ Abbott,0,0,,,,,,,,,
652265,2013/14,2014-01-05,"Newlands, Cape Town",2,0.2,Titans,Dolphins,JA Rudolph,H Davids,KJ Abbott,0,1,,,,1,,,,,
652265,2013/14,2014-01-05,"Newlands, Cape Town",2,0.3,Titans,Dolphins,H Davids,JA Rudolph,KJ Abbott,0,0,,,,,,,,,
652265,2013/14,2014-01-05,"Newlands, Cape Town",2,0.4,Titans,Dolphins,H Davids,JA Rudolph,KJ Abbott,0,0,,,,,,,,,
652265,2013/14,2014-01-05,"Newlands, Cape Town",2,0.5,Titans,Dolphins,H Davids,JA Rudolph,KJ Abbott,0,0,,,,,,caught,H Davids,,
652265,2013/14,2014-01-05,"Newlands, Cape Town",2,0.6,Titans,Dolphins,HG Kuhn,JA Rudolph,KJ Abbott,0,0,,,,,,,,,
652265,2013/14,2014-01-05,"Newlands, Cape Town",2,1.1,Titans,Dolphins,JA Rudolph,HG Kuhn,CJ Alexander,1,0,,,,,,,,,
652265,2013/14,2014-01-05,"Newlands, Cape Town",2,1.2,Titans,Dolphins,HG Kuhn,JA Rudolph,CJ Alexander,4,0,,,,,,,,,
652265,2013/14,2014-01-05,"Newlands, Cape Town",2,1.3,Titans,Dolphins,HG Kuhn,JA Rudolph,CJ Alexander,1,0,,,,,,,,,
652265,2013/14,2014-01-05,"Newlands, Cape Town",2,1.4,Titans,Dolphins,JA Rudolph,HG Kuhn,CJ Alexander,0,0,,,,,,,,,
652265,2013/14,2014-01-05,"Newlands, Cape Town",2,1.5,Titans,Dolphins,JA Rudolph,HG Kuhn,CJ Alexander,0,0,,,,,,,,,
652265,2013/14,2014-01-05,"Newlands, Cape Town",2,1.6,Titans,Dolphins,JA Rudolph,HG Kuhn,CJ Alexander,0,0,,,,,,,,,
652265,2013/14,2014-01-05,"Newlands, Cape Town",2,2.1,Titans,Dolphins,HG Kuhn,JA Rudolph,KJ Abbott,0,0,,,,,,,,,
652265,2013/14,2014-01-05,"Newlands, Cape Town",2,2.2,Titans,Dolphins,HG Kuhn,JA Rudolph,KJ Abbott,0,0,,,,,,,,,
652265,2013/14,2014-01-05,"Newlands, Cape Town",2,2.3,Titans,Dolphins,HG Kuhn,JA Rudolph,KJ Abbott,0,0,,,,,,,,,
652265,2013/14,2014-01-05,"Newlands, Cape Town",2,2.4,Titans,Dolphins,HG Kuhn,JA Rudolph,KJ Abbott,0,0,,,,,,,,,
652265,2013/14,2014-01-05,"Newlands, Cape Town",2,2.5,Titans,Dolphins,HG Kuhn,JA Rudolph,KJ Abbott,0,1,1,,,,,,,,
652265,2013/14,2014-01-05,"Newlands, Cape Town",2,2.6,Titans,Dolphins,HG Kuhn,JA Rudolph,KJ Abbott,0,0,,,,,,,,,
652265,2013/14,2014-01-05,"Newlands, Cape Town",2,2.7,Titans,Dolphins,HG Kuhn,JA Rudolph,KJ Abbott,0,0,,,,,,caught,HG Kuhn,,
652265,2013/14,2014-01-05,"Newlands, Cape Town",2,3.1,Titans,Dolphins,F du Plessis,JA Rudolph,CJ Alexander,0,0,,,,,,,,,
652265,2013/14,2014-01-05,"Newlands, Cape Town",2,3.2,Titans,Dolphins,F du Plessis,JA Rudolph,CJ Alexander,0,0,,,,,,,,,
652265,2013/14,2014-01-05,"Newlands, Cape Town",2,3.3,Titans,Dolphins,F du Plessis,JA Rudolph,CJ Alexander,1,0,,,,,,,,,
652265,2013/14,2014-01-05,"Newlands, Cape Town",2,3.4,Titans,Dolphins,JA Rudolph,F du Plessis,CJ Alexander,2,0,,,,,,,,,
652265,2013/14,2014-01-05,"Newlands, Cape Town",2,3.5,Titans,Dolphins,JA Rudolph,F du Plessis,CJ Alexander,1,0,,,,,,,,,
652265,2013/14,2014-01-05,"Newlands, Cape Town",2,3.6,Titans,Dolphins,F du Plessis,JA Rudolph,CJ Alexander,0,0,,,,,,,,,
652265,2013/14,2014-01-05,"Newlands, Cape Town",2,4.1,Titans,Dolphins,JA Rudolph,F du Plessis,R Frylinck,1,0,,,,,,,,,
652265,2013/14,2014-01-05,"Newlands, Cape Town",2,4.2,Titans,Dolphins,F du Plessis,JA Rudolph,R Frylinck,1,0,,,,,,,,,
652265,2013/14,2014-01-05,"Newlands, Cape Town",2,4.3,Titans,Dolphins,JA Rudolph,F du Plessis,R Frylinck,4,0,,,,,,,,,
652265,2013/14,2014-01-05,"Newlands, Cape Town",2,4.4,Titans,Dolphins,JA Rudolph,F du Plessis,R Frylinck,2,0,,,,,,,,,
652265,2013/14,2014-01-05,"Newlands, Cape Town",2,4.5,Titans,Dolphins,JA Rudolph,F du Plessis,R Frylinck,1,0,,,,,,,,,
652265,2013/14,2014-01-05,"Newlands, Cape Town",2,4.6,Titans,Dolphins,F du Plessis,JA Rudolph,R Frylinck,2,0,,,,,,,,,
652265,2013/14,2014-01-05,"Newlands, Cape Town",2,5.1,Titans,Dolphins,JA Rudolph,F du Plessis,KA Maharaj,0,0,,,,,,caught,JA Rudolph,,
652265,2013/14,2014-01-05,"Newlands, Cape Town",2,5.2,Titans,Dolphins,F Behardien,F du Plessis,KA Maharaj,1,0,,,,,,,,,
652265,2013/14,2014-01-05,"Newlands, Cape Town",2,5.3,Titans,Dolphins,F du Plessis,F Behardien,KA Maharaj,2,0,,,,,,,,,
652265,2013/14,2014-01-05,"Newlands, Cape Town",2,5.4,Titans,Dolphins,F du Plessis,F Behardien,KA Maharaj,1,0,,,,,,,,,
652265,2013/14,2014-01-05,"Newlands, Cape Town",2,5.5,Titans,Dolphins,F Behardien,F du Plessis,KA Maharaj,0,0,,,,,,,,,
652265,2013/14,2014-01-05,"Newlands, Cape Town",2,5.6,Titans,Dolphins,F Behardien,F du Plessis,KA Maharaj,1,0,,,,,,,,,
652265,2013/14,2014-01-05,"Newlands, Cape Town",2,6.1,Titans,Dolphins,F Behardien,F du Plessis,R Frylinck,0,0,,,,,,,,,
652265,2013/14,2014-01-05,"Newlands, Cape Town",2,6.2,Titans,Dolphins,F Behardien,F du Plessis,R Frylinck,2,0,,,,,,,,,
652265,2013/14,2014-01-05,"Newlands, Cape Town",2,6.3,Titans,Dolphins,F Behardien,F du Plessis,R Frylinck,0,0,,,,,,,,,
652265,2013/14,2014-01-05,"Newlands, Cape Town",2,6.4,Titans,Dolphins,F Behardien,F du Plessis,R Frylinck,1,0,,,,,,,,,
652265,2013/14,2014-01-05,"Newlands, Cape Town",2,6.5,Titans,Dolphins,F du Plessis,F Behardien,R Frylinck,2,0,,,,,,,,,
652265,2013/14,2014-01-05,"Newlands, Cape Town",2,6.6,Titans,Dolphins,F du Plessis,F Behardien,R Frylinck,0,0,,,,,,,,,
652265,2013/14,2014-01-05,"Newlands, Cape Town",2,7.1,Titans,Dolphins,F Behardien,F du Plessis,KA Maharaj,1,0,,,,,,,,,
652265,2013/14,2014-01-05,"Newlands, Cape Town",2,7.2,Titans,Dolphins,F du Plessis,F Behardien,KA Maharaj,2,0,,,,,,,,,
652265,2013/14,2014-01-05,"Newlands, Cape Town",2,7.3,Titans,Dolphins,F du Plessis,F Behardien,KA Maharaj,1,0,,,,,,,,,
652265,2013/14,2014-01-05,"Newlands, Cape Town",2,7.4,Titans,Dolphins,F Behardien,F du Plessis,KA Maharaj,1,0,,,,,,,,,
652265,2013/14,2014-01-05,"Newlands, Cape Town",2,7.5,Titans,Dolphins,F du Plessis,F Behardien,KA Maharaj,2,0,,,,,,,,,
652265,2013/14,2014-01-05,"Newlands, Cape Town",2,7.6,Titans,Dolphins,F du Plessis,F Behardien,KA Maharaj,1,0,,,,,,,,,
652265,2013/14,2014-01-05,"Newlands, Cape Town",2,8.1,Titans,Dolphins,F du Plessis,F Behardien,D Smit,1,0,,,,,,,,,
652265,2013/14,2014-01-05,"Newlands, Cape Town",2,8.2,Titans,Dolphins,F Behardien,F du Plessis,D Smit,1,0,,,,,,,,,
652265,2013/14,2014-01-05,"Newlands, Cape Town",2,8.3,Titans,Dolphins,F du Plessis,F Behardien,D Smit,1,0,,,,,,,,,
652265,2013/14,2014-01-05,"Newlands, Cape Town",2,8.4,Titans,Dolphins,F Behardien,F du Plessis,D Smit,1,0,,,,,,,,,
652265,2013/14,2014-01-05,"Newlands, Cape Town",2,8.5,Titans,Dolphins,F du Plessis,F Behardien,D Smit,1,0,,,,,,,,,
652265,2013/14,2014-01-05,"Newlands, Cape Town",2,8.6,Titans,Dolphins,F Behardien,F du Plessis,D Smit,1,0,,,,,,,,,
652265,2013/14,2014-01-05,"Newlands, Cape Town",2,9.1,Titans,Dolphins,F Behardien,F du Plessis,CS Delport,0,0,,,,,,,,,
652265,2013/14,2014-01-05,"Newlands, Cape Town",2,9.2,Titans,Dolphins,F Behardien,F du Plessis,CS Delport,0,0,,,,,,,,,
652265,2013/14,2014-01-05,"Newlands, Cape Town",2,9.3,Titans,Dolphins,F Behardien,F du Plessis,CS Delport,6,0,,,,,,,,,
652265,2013/14,2014-01-05,"Newlands, Cape Town",2,9.4,Titans,Dolphins,F Behardien,F du Plessis,CS Delport,2,0,,,,,,,,,
652265,2013/14,2014-01-05,"Newlands, Cape Town",2,9.5,Titans,Dolphins,F Behardien,F du Plessis,CS Delport,0,0,,,,,,,,,
652265,2013/14,2014-01-05,"Newlands, Cape Town",2,9.6,Titans,Dolphins,F Behardien,F du Plessis,CS Delport,1,0,,,,,,,,,
652265,2013/14,2014-01-05,"Newlands, Cape Town",2,10.1,Titans,Dolphins,F Behardien,F du Plessis,D Smit,0,0,,,,,,,,,
652265,2013/14,2014-01-05,"Newlands, Cape Town",2,10.2,Titans,Dolphins,F Behardien,F du Plessis,D Smit,0,0,,,,,,bowled,F Behardien,,
652265,2013/14,2014-01-05,"Newlands, Cape Town",2,10.3,Titans,Dolphins,JA Morkel,F du Plessis,D Smit,0,0,,,,,,,,,
652265,2013/14,2014-01-05,"Newlands, Cape Town",2,10.4,Titans,Dolphins,JA Morkel,F du Plessis,D Smit,1,0,,,,,,,,,
652265,2013/14,2014-01-05,"Newlands, Cape Town",2,10.5,Titans,Dolphins,F du Plessis,JA Morkel,D Smit,1,0,,,,,,,,,
652265,2013/14,2014-01-05,"Newlands, Cape Town",2,10.6,Titans,Dolphins,JA Morkel,F du Plessis,D Smit,0,0,,,,,,,,,
652265,2013/14,2014-01-05,"Newlands, Cape Town",2,11.1,Titans,Dolphins,F du Plessis,JA Morkel,CJ Alexander,4,0,,,,,,,,,
652265,2013/14,2014-01-05,"Newlands, Cape Town",2,11.2,Titans,Dolphins,F du Plessis,JA Morkel,CJ Alexander,1,0,,,,,,,,,
652265,2013/14,2014-01-05,"Newlands, Cape Town",2,11.3,Titans,Dolphins,JA Morkel,F du Plessis,CJ Alexander,0,0,,,,,,,,,
652265,2013/14,2014-01-05,"Newlands, Cape Town",2,11.4,Titans,Dolphins,JA Morkel,F du Plessis,CJ Alexander,1,0,,,,,,,,,
652265,2013/14,2014-01-05,"Newlands, Cape Town",2,11.5,Titans,Dolphins,F du Plessis,JA Morkel,CJ Alexander,0,0,,,,,,caught,F du Plessis,,
652265,2013/14,2014-01-05,"Newlands, Cape Town",2,11.6,Titans,Dolphins,JA Morkel,D Wiese,CJ Alexander,1,0,,,,,,,,,
652265,2013/14,2014-01-05,"Newlands, Cape Town",2,12.1,Titans,Dolphins,JA Morkel,D Wiese,D Smit,0,0,,,,,,caught,JA Morkel,,
652265,2013/14,2014-01-05,"Newlands, Cape Town",2,12.2,Titans,Dolphins,D Wiese,RE van der Merwe,D Smit,0,0,,,,,,,,,
652265,2013/14,2014-01-05,"Newlands, Cape Town",2,12.3,Titans,Dolphins,D Wiese,RE van der Merwe,D Smit,0,0,,,,,,,,,
652265,2013/14,2014-01-05,"Newlands, Cape Town",2,12.4,Titans,Dolphins,D Wiese,RE van der Merwe,D Smit,0,0,,,,,,,,,
652265,2013/14,2014-01-05,"Newlands, Cape Town",2,12.5,Titans,Dolphins,D Wiese,RE van der Merwe,D Smit,1,0,,,,,,,,,
652265,2013/14,2014-01-05,"Newlands, Cape Town",2,12.6,Titans,Dolphins,RE van der Merwe,D Wiese,D Smit,0,0,,,,,,,,,
652265,2013/14,2014-01-05,"Newlands, Cape Town",2,13.1,Titans,Dolphins,D Wiese,RE van der Merwe,KA Maharaj,1,0,,,,,,,,,
652265,2013/14,2014-01-05,"Newlands, Cape Town",2,13.2,Titans,Dolphins,RE van der Merwe,D Wiese,KA Maharaj,0,0,,,,,,,,,
652265,2013/14,2014-01-05,"Newlands, Cape Town",2,13.3,Titans,Dolphins,RE van der Merwe,D Wiese,KA Maharaj,0,0,,,,,,,,,
652265,2013/14,2014-01-05,"Newlands, Cape Town",2,13.4,Titans,Dolphins,RE van der Merwe,D Wiese,KA Maharaj,1,0,,,,,,,,,
652265,2013/14,2014-01-05,"Newlands, Cape Town",2,13.5,Titans,Dolphins,D Wiese,RE van der Merwe,KA Maharaj,1,0,,,,,,,,,
652265,2013/14,2014-01-05,"Newlands, Cape Town",2,13.6,Titans,Dolphins,RE van der Merwe,D Wiese,KA Maharaj,0,0,,,,,,,,,
652265,2013/14,2014-01-05,"Newlands, Cape Town",2,14.1,Titans,Dolphins,D Wiese,RE van der Merwe,D Smit,2,0,,,,,,,,,
652265,2013/14,2014-01-05,"Newlands, Cape Town",2,14.2,Titans,Dolphins,D Wiese,RE van der Merwe,D Smit,0,0,,,,,,,,,
652265,2013/14,2014-01-05,"Newlands, Cape Town",2,14.3,Titans,Dolphins,D Wiese,RE van der Merwe,D Smit,6,0,,,,,,,,,
652265,2013/14,2014-01-05,"Newlands, Cape Town",2,14.4,Titans,Dolphins,D Wiese,RE van der Merwe,D Smit,4,0,,,,,,,,,
652265,2013/14,2014-01-05,"Newlands, Cape Town",2,14.5,Titans,Dolphins,D Wiese,RE van der Merwe,D Smit,0,0,,,,,,,,,
652265,2013/14,2014-01-05,"Newlands, Cape Town",2,14.6,Titans,Dolphins,D Wiese,RE van der Merwe,D Smit,4,0,,,,,,,,,
652265,2013/14,2014-01-05,"Newlands, Cape Town",2,15.1,Titans,Dolphins,RE van der Merwe,D Wiese,KA Maharaj,0,0,,,,,,,,,
652265,2013/14,2014-01-05,"Newlands, Cape Town",2,15.2,Titans,Dolphins,RE van der Merwe,D Wiese,KA Maharaj,0,0,,,,,,,,,
652265,2013/14,2014-01-05,"Newlands, Cape Town",2,15.3,Titans,Dolphins,RE van der Merwe,D Wiese,KA Maharaj,1,0,,,,,,,,,
652265,2013/14,2014-01-05,"Newlands, Cape Town",2,15.4,Titans,Dolphins,D Wiese,RE van der Merwe,KA Maharaj,0,0,,,,,,,,,
652265,2013/14,2014-01-05,"Newlands, Cape Town",2,15.5,Titans,Dolphins,D Wiese,RE van der Merwe,KA Maharaj,6,0,,,,,,,,,
652265,2013/14,2014-01-05,"Newlands, Cape Town",2,15.6,Titans,Dolphins,D Wiese,RE van der Merwe,KA Maharaj,4,0,,,,,,,,,
652265,2013/14,2014-01-05,"Newlands, Cape Town",2,16.1,Titans,Dolphins,RE van der Merwe,D Wiese,R Frylinck,2,0,,,,,,,,,
652265,2013/14,2014-01-05,"Newlands, Cape Town",2,16.2,Titans,Dolphins,RE van der Merwe,D Wiese,R Frylinck,1,0,,,,,,,,,
652265,2013/14,2014-01-05,"Newlands, Cape Town",2,16.3,Titans,Dolphins,D Wiese,RE van der Merwe,R Frylinck,1,0,,,,,,,,,
652265,2013/14,2014-01-05,"Newlands, Cape Town",2,16.4,Titans,Dolphins,RE van der Merwe,D Wiese,R Frylinck,1,0,,,,,,,,,
652265,2013/14,2014-01-05,"Newlands, Cape Town",2,16.5,Titans,Dolphins,D Wiese,RE van der Merwe,R Frylinck,1,0,,,,,,,,,
652265,2013/14,2014-01-05,"Newlands, Cape Town",2,16.6,Titans,Dolphins,RE van der Merwe,D Wiese,R Frylinck,1,0,,,,,,,,,
652265,2013/14,2014-01-05,"Newlands, Cape Town",2,17.1,Titans,Dolphins,RE van der Merwe,D Wiese,KJ Abbott,0,0,,,,,,,,,
652265,2013/14,2014-01-05,"Newlands, Cape Town",2,17.2,Titans,Dolphins,RE van der Merwe,D Wiese,KJ Abbott,1,0,,,,,,,,,
652265,2013/14,2014-01-05,"Newlands, Cape Town",2,17.3,Titans,Dolphins,D Wiese,RE van der Merwe,KJ Abbott,1,0,,,,,,,,,
652265,2013/14,2014-01-05,"Newlands, Cape Town",2,17.4,Titans,Dolphins,RE van der Merwe,D Wiese,KJ Abbott,1,0,,,,,,,,,
652265,2013/14,2014-01-05,"Newlands, Cape Town",2,17.5,Titans,Dolphins,D Wiese,RE van der Merwe,KJ Abbott,0,0,,,,,,,,,
652265,2013/14,2014-01-05,"Newlands, Cape Town",2,17.6,Titans,Dolphins,D Wiese,RE van der Merwe,KJ Abbott,2,0,,,,,,,,,
652265,2013/14,2014-01-05,"Newlands, Cape Town",2,18.1,Titans,Dolphins,RE van der Merwe,D Wiese,R Frylinck,1,0,,,,,,,,,
652265,2013/14,2014-01-05,"Newlands, Cape Town",2,18.2,Titans,Dolphins,D Wiese,RE van der Merwe,R Frylinck,2,0,,,,,,,,,
652265,2013/14,2014-01-05,"Newlands, Cape Town",2,18.3,Titans,Dolphins,D Wiese,RE van der Merwe,R Frylinck,0,3,3,,,,,,,,
652265,2013/14,2014-01-05,"Newlands, Cape Town",2,18.4,Titans,Dolphins,D Wiese,RE van der Merwe,R Frylinck,4,0,,,,,,,,,
652265,2013/14,2014-01-05,"Newlands, Cape Town",2,18.5,Titans,Dolphins,D Wiese,RE van der Merwe,R Frylinck,1,0,,,,,,,,,
652265,2013/14,2014-01-05,"Newlands, Cape Town",2,18.6,Titans,Dolphins,RE van der Merwe,D Wiese,R Frylinck,4,0,,,,,,,,,
652265,2013/14,2014-01-05,"Newlands, Cape Town",2,18.7,Titans,Dolphins,RE van der Merwe,D Wiese,R Frylinck,4,0,,,,,,,,,
652265,2013/14,2014-01-05,"Newlands, Cape Town",2,19.1,Titans,Dolphins,D Wiese,RE van der Merwe,KJ Abbott,1,0,,,,,,run out,D Wiese,,
652265,2013/14,2014-01-05,"Newlands, Cape Town",2,19.2,Titans,Dolphins,M Mosehle,RE van der Merwe,KJ Abbott,4,0,,,,,,,,,
652265,2013/14,2014-01-05,"Newlands, Cape Town",2,19.3,Titans,Dolphins,M Mosehle,RE van der Merwe,KJ Abbott,2,0,,,,,,,,,
652265,2013/14,2014-01-05,"Newlands, Cape Town",2,19.4,Titans,Dolphins,M Mosehle,RE van der Merwe,KJ Abbott,4,0,,,,,,,,,
652265,2013/14,2014-01-05,"Newlands, Cape Town",2,19.5,Titans,Dolphins,M Mosehle,RE van der Merwe,KJ Abbott,4,0,,,,,,,,,
652265,2013/14,2014-01-05,"Newlands, Cape Town",2,19.6,Titans,Dolphins,M Mosehle,RE van der Merwe,KJ Abbott,0,4,,,,4,,,,,
