match_id,season,start_date,venue,innings,ball,batting_team,bowling_team,striker,non_striker,bowler,runs_off_bat,extras,wides,noballs,byes,legbyes,penalty,wicket_type,player_dismissed,other_wicket_type,other_player_dismissed
652277,2013/14,2014-01-17,"Senwes Park, Potchefstroom",1,0.1,Titans,Lions,H Davids,JA Rudolph,Azhar Mahmood,1,0,,,,,,,,,
652277,2013/14,2014-01-17,"Senwes Park, Potchefstroom",1,0.2,Titans,Lions,JA Rudolph,H Davids,Azhar Mahmood,0,0,,,,,,,,,
652277,2013/14,2014-01-17,"Senwes Park, Potchefstroom",1,0.3,Titans,Lions,JA Rudolph,H Davids,Azhar Mahmood,2,0,,,,,,,,,
652277,2013/14,2014-01-17,"Senwes Park, Potchefstroom",1,0.4,Titans,Lions,JA Rudolph,H Davids,Azhar Mahmood,0,0,,,,,,,,,
652277,2013/14,2014-01-17,"Senwes Park, Potchefstroom",1,0.5,Titans,Lions,JA Rudolph,H Davids,Azhar Mahmood,0,0,,,,,,,,,
652277,2013/14,2014-01-17,"Senwes Park, Potchefstroom",1,0.6,Titans,Lions,JA Rudolph,H Davids,Azhar Mahmood,1,0,,,,,,,,,
652277,2013/14,2014-01-17,"Senwes Park, Potchefstroom",1,1.1,Titans,Lions,JA Rudolph,H Davids,CH Morris,0,0,,,,,,,,,
652277,2013/14,2014-01-17,"Senwes Park, Potchefstroom",1,1.2,Titans,Lions,JA Rudolph,H Davids,CH Morris,1,0,,,,,,,,,
652277,2013/14,2014-01-17,"Senwes Park, Potchefstroom",1,1.3,Titans,Lions,H Davids,JA Rudolph,CH Morris,1,0,,,,,,,,,
652277,2013/14,2014-01-17,"Senwes Park, Potchefstroom",1,1.4,Titans,Lions,JA Rudolph,H Davids,CH Morris,0,0,,,,,,run out,JA Rudolph,,
652277,2013/14,2014-01-17,"Senwes Park, Potchefstroom",1,1.5,Titans,Lions,MQ Adams,H Davids,CH Morris,0,0,,,,,,,,,
652277,2013/14,2014-01-17,"Senwes Park, Potchefstroom",1,1.6,Titans,Lions,MQ Adams,H Davids,CH Morris,0,0,,,,,,,,,
652277,2013/14,2014-01-17,"Senwes Park, Potchefstroom",1,2.1,Titans,Lions,H Davids,MQ Adams,GC Viljoen,0,0,,,,,,,,,
652277,2013/14,2014-01-17,"Senwes Park, Potchefstroom",1,2.2,Titans,Lions,H Davids,MQ Adams,GC Viljoen,0,0,,,,,,,,,
652277,2013/14,2014-01-17,"Senwes Park, Potchefstroom",1,2.3,Titans,Lions,H Davids,MQ Adams,GC Viljoen,1,0,,,,,,,,,
652277,2013/14,2014-01-17,"Senwes Park, Potchefstroom",1,2.4,Titans,Lions,MQ Adams,H Davids,GC Viljoen,0,0,,,,,,,,,
652277,2013/14,2014-01-17,"Senwes Park, Potchefstroom",1,2.5,Titans,Lions,MQ Adams,H Davids,GC Viljoen,2,0,,,,,,,,,
652277,2013/14,2014-01-17,"Senwes Park, Potchefstroom",1,2.6,Titans,Lions,MQ Adams,H Davids,GC Viljoen,0,0,,,,,,,,,
652277,2013/14,2014-01-17,"Senwes Park, Potchefstroom",1,3.1,Titans,Lions,H Davids,MQ Adams,CH Morris,0,0,,,,,,,,,
652277,2013/14,2014-01-17,"Senwes Park, Potchefstroom",1,3.2,Titans,Lions,H Davids,MQ Adams,CH Morris,1,0,,,,,,,,,
652277,2013/14,2014-01-17,"Senwes Park, Potchefstroom",1,3.3,Titans,Lions,MQ Adams,H Davids,CH Morris,4,0,,,,,,,,,
652277,2013/14,2014-01-17,"Senwes Park, Potchefstroom",1,3.4,Titans,Lions,MQ Adams,H Davids,CH Morris,0,0,,,,,,caught,MQ Adams,,
652277,2013/14,2014-01-17,"Senwes Park, Potchefstroom",1,3.5,Titans,Lions,GL van Buuren,H Davids,CH Morris,0,0,,,,,,,,,
652277,2013/14,2014-01-17,"Senwes Park, Potchefstroom",1,3.6,Titans,Lions,GL van Buuren,H Davids,CH Morris,1,0,,,,,,,,,
652277,2013/14,2014-01-17,"Senwes Park, Potchefstroom",1,4.1,Titans,Lions,GL van Buuren,H Davids,GC Viljoen,0,0,,,,,,,,,
652277,2013/14,2014-01-17,"Senwes Park, Potchefstroom",1,4.2,Titans,Lions,GL van Buuren,H Davids,GC Viljoen,1,0,,,,,,,,,
652277,2013/14,2014-01-17,"Senwes Park, Potchefstroom",1,4.3,Titans,Lions,H Davids,GL van Buuren,GC Viljoen,1,0,,,,,,,,,
652277,2013/14,2014-01-17,"Senwes Park, Potchefstroom",1,4.4,Titans,Lions,GL van Buuren,H Davids,GC Viljoen,1,0,,,,,,,,,
652277,2013/14,2014-01-17,"Senwes Park, Potchefstroom",1,4.5,Titans,Lions,H Davids,GL van Buuren,GC Viljoen,2,0,,,,,,,,,
652277,2013/14,2014-01-17,"Senwes Park, Potchefstroom",1,4.6,Titans,Lions,H Davids,GL van Buuren,GC Viljoen,6,0,,,,,,,,,
652277,2013/14,2014-01-17,"Senwes Park, Potchefstroom",1,5.1,Titans,Lions,GL van Buuren,H Davids,Azhar Mahmood,0,0,,,,,,,,,
652277,2013/14,2014-01-17,"Senwes Park, Potchefstroom",1,5.2,Titans,Lions,GL van Buuren,H Davids,Azhar Mahmood,4,0,,,,,,,,,
652277,2013/14,2014-01-17,"Senwes Park, Potchefstroom",1,5.3,Titans,Lions,GL van Buuren,H Davids,Azhar Mahmood,0,0,,,,,,,,,
652277,2013/14,2014-01-17,"Senwes Park, Potchefstroom",1,5.4,Titans,Lions,GL van Buuren,H Davids,Azhar Mahmood,6,0,,,,,,,,,
652277,2013/14,2014-01-17,"Senwes Park, Potchefstroom",1,5.5,Titans,Lions,GL van Buuren,H Davids,Azhar Mahmood,1,0,,,,,,,,,
652277,2013/14,2014-01-17,"Senwes Park, Potchefstroom",1,5.6,Titans,Lions,H Davids,GL van Buuren,Azhar Mahmood,4,0,,,,,,,,,
652277,2013/14,2014-01-17,"Senwes Park, Potchefstroom",1,6.1,Titans,Lions,GL van Buuren,H Davids,AM Phangiso,1,0,,,,,,,,,
652277,2013/14,2014-01-17,"Senwes Park, Potchefstroom",1,6.2,Titans,Lions,H Davids,GL van Buuren,AM Phangiso,0,0,,,,,,,,,
652277,2013/14,2014-01-17,"Senwes Park, Potchefstroom",1,6.3,Titans,Lions,H Davids,GL van Buuren,AM Phangiso,2,0,,,,,,,,,
652277,2013/14,2014-01-17,"Senwes Park, Potchefstroom",1,6.4,Titans,Lions,H Davids,GL van Buuren,AM Phangiso,1,0,,,,,,,,,
652277,2013/14,2014-01-17,"Senwes Park, Potchefstroom",1,6.5,Titans,Lions,GL van Buuren,H Davids,AM Phangiso,6,0,,,,,,,,,
652277,2013/14,2014-01-17,"Senwes Park, Potchefstroom",1,6.6,Titans,Lions,GL van Buuren,H Davids,AM Phangiso,2,0,,,,,,,,,
652277,2013/14,2014-01-17,"Senwes Park, Potchefstroom",1,7.1,Titans,Lions,H Davids,GL van Buuren,Imran Tahir,6,0,,,,,,,,,
652277,2013/14,2014-01-17,"Senwes Park, Potchefstroom",1,7.2,Titans,Lions,H Davids,GL van Buuren,Imran Tahir,2,0,,,,,,,,,
652277,2013/14,2014-01-17,"Senwes Park, Potchefstroom",1,7.3,Titans,Lions,H Davids,GL van Buuren,Imran Tahir,0,0,,,,,,,,,
652277,2013/14,2014-01-17,"Senwes Park, Potchefstroom",1,7.4,Titans,Lions,H Davids,GL van Buuren,Imran Tahir,0,0,,,,,,,,,
652277,2013/14,2014-01-17,"Senwes Park, Potchefstroom",1,7.5,Titans,Lions,H Davids,GL van Buuren,Imran Tahir,0,0,,,,,,,,,
652277,2013/14,2014-01-17,"Senwes Park, Potchefstroom",1,7.6,Titans,Lions,H Davids,GL van Buuren,Imran Tahir,1,0,,,,,,,,,
652277,2013/14,2014-01-17,"Senwes Park, Potchefstroom",1,8.1,Titans,Lions,H Davids,GL van Buuren,AM Phangiso,1,0,,,,,,,,,
652277,2013/14,2014-01-17,"Senwes Park, Potchefstroom",1,8.2,Titans,Lions,GL van Buuren,H Davids,AM Phangiso,0,0,,,,,,,,,
652277,2013/14,2014-01-17,"Senwes Park, Potchefstroom",1,8.3,Titans,Lions,GL van Buuren,H Davids,AM Phangiso,1,0,,,,,,,,,
652277,2013/14,2014-01-17,"Senwes Park, Potchefstroom",1,8.4,Titans,Lions,H Davids,GL van Buuren,AM Phangiso,1,0,,,,,,,,,
652277,2013/14,2014-01-17,"Senwes Park, Potchefstroom",1,8.5,Titans,Lions,GL van Buuren,H Davids,AM Phangiso,1,0,,,,,,,,,
652277,2013/14,2014-01-17,"Senwes Park, Potchefstroom",1,8.6,Titans,Lions,H Davids,GL van Buuren,AM Phangiso,4,0,,,,,,,,,
652277,2013/14,2014-01-17,"Senwes Park, Potchefstroom",1,9.1,Titans,Lions,GL van Buuren,H Davids,Imran Tahir,4,0,,,,,,,,,
652277,2013/14,2014-01-17,"Senwes Park, Potchefstroom",1,9.2,Titans,Lions,GL van Buuren,H Davids,Imran Tahir,1,0,,,,,,,,,
652277,2013/14,2014-01-17,"Senwes Park, Potchefstroom",1,9.3,Titans,Lions,H Davids,GL van Buuren,Imran Tahir,0,0,,,,,,,,,
652277,2013/14,2014-01-17,"Senwes Park, Potchefstroom",1,9.4,Titans,Lions,H Davids,GL van Buuren,Imran Tahir,1,0,,,,,,,,,
652277,2013/14,2014-01-17,"Senwes Park, Potchefstroom",1,9.5,Titans,Lions,GL van Buuren,H Davids,Imran Tahir,4,0,,,,,,,,,
652277,2013/14,2014-01-17,"Senwes Park, Potchefstroom",1,9.6,Titans,Lions,GL van Buuren,H Davids,Imran Tahir,6,0,,,,,,,,,
652277,2013/14,2014-01-17,"Senwes Park, Potchefstroom",1,10.1,Titans,Lions,H Davids,GL van Buuren,AM Phangiso,0,0,,,,,,bowled,H Davids,,
652277,2013/14,2014-01-17,"Senwes Park, Potchefstroom",1,10.2,Titans,Lions,F Behardien,GL van Buuren,AM Phangiso,1,0,,,,,,,,,
652277,2013/14,2014-01-17,"Senwes Park, Potchefstroom",1,10.3,Titans,Lions,GL van Buuren,F Behardien,AM Phangiso,0,0,,,,,,,,,
652277,2013/14,2014-01-17,"Senwes Park, Potchefstroom",1,10.4,Titans,Lions,GL van Buuren,F Behardien,AM Phangiso,1,0,,,,,,,,,
652277,2013/14,2014-01-17,"Senwes Park, Potchefstroom",1,10.5,Titans,Lions,F Behardien,GL van Buuren,AM Phangiso,0,0,,,,,,,,,
652277,2013/14,2014-01-17,"Senwes Park, Potchefstroom",1,10.6,Titans,Lions,F Behardien,GL van Buuren,AM Phangiso,2,0,,,,,,,,,
652277,2013/14,2014-01-17,"Senwes Park, Potchefstroom",1,11.1,Titans,Lions,GL van Buuren,F Behardien,D Pretorius,4,0,,,,,,,,,
652277,2013/14,2014-01-17,"Senwes Park, Potchefstroom",1,11.2,Titans,Lions,GL van Buuren,F Behardien,D Pretorius,0,0,,,,,,,,,
652277,2013/14,2014-01-17,"Senwes Park, Potchefstroom",1,11.3,Titans,Lions,GL van Buuren,F Behardien,D Pretorius,4,0,,,,,,,,,
652277,2013/14,2014-01-17,"Senwes Park, Potchefstroom",1,11.4,Titans,Lions,GL van Buuren,F Behardien,D Pretorius,0,0,,,,,,,,,
652277,2013/14,2014-01-17,"Senwes Park, Potchefstroom",1,11.5,Titans,Lions,GL van Buuren,F Behardien,D Pretorius,1,0,,,,,,,,,
652277,2013/14,2014-01-17,"Senwes Park, Potchefstroom",1,11.6,Titans,Lions,F Behardien,GL van Buuren,D Pretorius,0,0,,,,,,,,,
652277,2013/14,2014-01-17,"Senwes Park, Potchefstroom",1,12.1,Titans,Lions,GL van Buuren,F Behardien,AM Phangiso,4,0,,,,,,,,,
652277,2013/14,2014-01-17,"Senwes Park, Potchefstroom",1,12.2,Titans,Lions,GL van Buuren,F Behardien,AM Phangiso,1,0,,,,,,,,,
652277,2013/14,2014-01-17,"Senwes Park, Potchefstroom",1,12.3,Titans,Lions,F Behardien,GL van Buuren,AM Phangiso,1,0,,,,,,,,,
652277,2013/14,2014-01-17,"Senwes Park, Potchefstroom",1,12.4,Titans,Lions,GL van Buuren,F Behardien,AM Phangiso,0,0,,,,,,caught,GL van Buuren,,
652277,2013/14,2014-01-17,"Senwes Park, Potchefstroom",1,12.5,Titans,Lions,F Behardien,JA Morkel,AM Phangiso,1,0,,,,,,,,,
652277,2013/14,2014-01-17,"Senwes Park, Potchefstroom",1,12.6,Titans,Lions,JA Morkel,F Behardien,AM Phangiso,1,0,,,,,,,,,
652277,2013/14,2014-01-17,"Senwes Park, Potchefstroom",1,13.1,Titans,Lions,JA Morkel,F Behardien,GC Viljoen,0,1,1,,,,,,,,
652277,2013/14,2014-01-17,"Senwes Park, Potchefstroom",1,13.2,Titans,Lions,JA Morkel,F Behardien,GC Viljoen,1,0,,,,,,,,,
652277,2013/14,2014-01-17,"Senwes Park, Potchefstroom",1,13.3,Titans,Lions,F Behardien,JA Morkel,GC Viljoen,0,0,,,,,,,,,
652277,2013/14,2014-01-17,"Senwes Park, Potchefstroom",1,13.4,Titans,Lions,F Behardien,JA Morkel,GC Viljoen,0,1,1,,,,,,,,
652277,2013/14,2014-01-17,"Senwes Park, Potchefstroom",1,13.5,Titans,Lions,F Behardien,JA Morkel,GC Viljoen,1,0,,,,,,,,,
652277,2013/14,2014-01-17,"Senwes Park, Potchefstroom",1,13.6,Titans,Lions,JA Morkel,F Behardien,GC Viljoen,0,0,,,,,,,,,
652277,2013/14,2014-01-17,"Senwes Park, Potchefstroom",1,13.7,Titans,Lions,JA Morkel,F Behardien,GC Viljoen,4,0,,,,,,,,,
652277,2013/14,2014-01-17,"Senwes Park, Potchefstroom",1,13.8,Titans,Lions,JA Morkel,F Behardien,GC Viljoen,0,0,,,,,,,,,
652277,2013/14,2014-01-17,"Senwes Park, Potchefstroom",1,14.1,Titans,Lions,F Behardien,JA Morkel,Imran Tahir,2,0,,,,,,,,,
652277,2013/14,2014-01-17,"Senwes Park, Potchefstroom",1,14.2,Titans,Lions,F Behardien,JA Morkel,Imran Tahir,2,0,,,,,,,,,
652277,2013/14,2014-01-17,"Senwes Park, Potchefstroom",1,14.3,Titans,Lions,F Behardien,JA Morkel,Imran Tahir,1,0,,,,,,,,,
652277,2013/14,2014-01-17,"Senwes Park, Potchefstroom",1,14.4,Titans,Lions,JA Morkel,F Behardien,Imran Tahir,0,0,,,,,,,,,
652277,2013/14,2014-01-17,"Senwes Park, Potchefstroom",1,14.5,Titans,Lions,JA Morkel,F Behardien,Imran Tahir,1,0,,,,,,,,,
652277,2013/14,2014-01-17,"Senwes Park, Potchefstroom",1,14.6,Titans,Lions,F Behardien,JA Morkel,Imran Tahir,1,0,,,,,,,,,
652277,2013/14,2014-01-17,"Senwes Park, Potchefstroom",1,15.1,Titans,Lions,F Behardien,JA Morkel,Azhar Mahmood,1,0,,,,,,,,,
652277,2013/14,2014-01-17,"Senwes Park, Potchefstroom",1,15.2,Titans,Lions,JA Morkel,F Behardien,Azhar Mahmood,1,0,,,,,,,,,
652277,2013/14,2014-01-17,"Senwes Park, Potchefstroom",1,15.3,Titans,Lions,F Behardien,JA Morkel,Azhar Mahmood,0,0,,,,,,,,,
652277,2013/14,2014-01-17,"Senwes Park, Potchefstroom",1,15.4,Titans,Lions,F Behardien,JA Morkel,Azhar Mahmood,1,0,,,,,,,,,
652277,2013/14,2014-01-17,"Senwes Park, Potchefstroom",1,15.5,Titans,Lions,JA Morkel,F Behardien,Azhar Mahmood,0,0,,,,,,bowled,JA Morkel,,
652277,2013/14,2014-01-17,"Senwes Park, Potchefstroom",1,15.6,Titans,Lions,D Wiese,F Behardien,Azhar Mahmood,0,0,,,,,,caught,D Wiese,,
652277,2013/14,2014-01-17,"Senwes Park, Potchefstroom",1,16.1,Titans,Lions,F Behardien,M Mosehle,Imran Tahir,0,0,,,,,,,,,
652277,2013/14,2014-01-17,"Senwes Park, Potchefstroom",1,16.2,Titans,Lions,F Behardien,M Mosehle,Imran Tahir,1,0,,,,,,,,,
652277,2013/14,2014-01-17,"Senwes Park, Potchefstroom",1,16.3,Titans,Lions,M Mosehle,F Behardien,Imran Tahir,1,0,,,,,,,,,
652277,2013/14,2014-01-17,"Senwes Park, Potchefstroom",1,16.4,Titans,Lions,F Behardien,M Mosehle,Imran Tahir,1,0,,,,,,,,,
652277,2013/14,2014-01-17,"Senwes Park, Potchefstroom",1,16.5,Titans,Lions,M Mosehle,F Behardien,Imran Tahir,1,0,,,,,,,,,
652277,2013/14,2014-01-17,"Senwes Park, Potchefstroom",1,16.6,Titans,Lions,F Behardien,M Mosehle,Imran Tahir,1,0,,,,,,,,,
652277,2013/14,2014-01-17,"Senwes Park, Potchefstroom",1,17.1,Titans,Lions,F Behardien,M Mosehle,Azhar Mahmood,1,0,,,,,,,,,
652277,2013/14,2014-01-17,"Senwes Park, Potchefstroom",1,17.2,Titans,Lions,M Mosehle,F Behardien,Azhar Mahmood,1,0,,,,,,,,,
652277,2013/14,2014-01-17,"Senwes Park, Potchefstroom",1,17.3,Titans,Lions,F Behardien,M Mosehle,Azhar Mahmood,1,0,,,,,,,,,
652277,2013/14,2014-01-17,"Senwes Park, Potchefstroom",1,17.4,Titans,Lions,M Mosehle,F Behardien,Azhar Mahmood,4,0,,,,,,,,,
652277,2013/14,2014-01-17,"Senwes Park, Potchefstroom",1,17.5,Titans,Lions,M Mosehle,F Behardien,Azhar Mahmood,0,1,,,,1,,,,,
652277,2013/14,2014-01-17,"Senwes Park, Potchefstroom",1,17.6,Titans,Lions,F Behardien,M Mosehle,Azhar Mahmood,4,0,,,,,,,,,
652277,2013/14,2014-01-17,"Senwes Park, Potchefstroom",1,18.1,Titans,Lions,M Mosehle,F Behardien,CH Morris,0,0,,,,,,,,,
652277,2013/14,2014-01-17,"Senwes Park, Potchefstroom",1,18.2,Titans,Lions,M Mosehle,F Behardien,CH Morris,0,0,,,,,,bowled,M Mosehle,,
652277,2013/14,2014-01-17,"Senwes Park, Potchefstroom",1,18.3,Titans,Lions,RE van der Merwe,F Behardien,CH Morris,1,0,,,,,,,,,
652277,2013/14,2014-01-17,"Senwes Park, Potchefstroom",1,18.4,Titans,Lions,F Behardien,RE van der Merwe,CH Morris,6,0,,,,,,,,,
652277,2013/14,2014-01-17,"Senwes Park, Potchefstroom",1,18.5,Titans,Lions,F Behardien,RE van der Merwe,CH Morris,1,0,,,,,,,,,
652277,2013/14,2014-01-17,"Senwes Park, Potchefstroom",1,18.6,Titans,Lions,RE van der Merwe,F Behardien,CH Morris,0,0,,,,,,,,,
652277,2013/14,2014-01-17,"Senwes Park, Potchefstroom",1,19.1,Titans,Lions,F Behardien,RE van der Merwe,GC Viljoen,4,0,,,,,,,,,
652277,2013/14,2014-01-17,"Senwes Park, Potchefstroom",1,19.2,Titans,Lions,F Behardien,RE van der Merwe,GC Viljoen,0,0,,,,,,lbw,F Behardien,,
652277,2013/14,2014-01-17,"Senwes Park, Potchefstroom",1,19.3,Titans,Lions,M Morkel,RE van der Merwe,GC Viljoen,1,0,,,,,,,,,
652277,2013/14,2014-01-17,"Senwes Park, Potchefstroom",1,19.4,Titans,Lions,RE van der Merwe,M Morkel,GC Viljoen,1,0,,,,,,,,,
652277,2013/14,2014-01-17,"Senwes Park, Potchefstroom",1,19.5,Titans,Lions,M Morkel,RE van der Merwe,GC Viljoen,2,0,,,,,,,,,
652277,2013/14,2014-01-17,"Senwes Park, Potchefstroom",1,19.6,Titans,Lions,M Morkel,RE van der Merwe,GC Viljoen,0,0,,,,,,bowled,M Morkel,,
652277,2013/14,2014-01-17,"Senwes Park, Potchefstroom",2,0.1,Lions,Titans,Q de Kock,GH Bodi,H Davids,0,0,,,,,,,,,
652277,2013/14,2014-01-17,"Senwes Park, Potchefstroom",2,0.2,Lions,Titans,Q de Kock,GH Bodi,H Davids,0,0,,,,,,,,,
652277,2013/14,2014-01-17,"Senwes Park, Potchefstroom",2,0.3,Lions,Titans,Q de Kock,GH Bodi,H Davids,0,1,,,1,,,,,,
652277,2013/14,2014-01-17,"Senwes Park, Potchefstroom",2,0.4,Lions,Titans,GH Bodi,Q de Kock,H Davids,1,0,,,,,,,,,
652277,2013/14,2014-01-17,"Senwes Park, Potchefstroom",2,0.5,Lions,Titans,Q de Kock,GH Bodi,H Davids,4,0,,,,,,,,,
652277,2013/14,2014-01-17,"Senwes Park, Potchefstroom",2,0.6,Lions,Titans,Q de Kock,GH Bodi,H Davids,1,0,,,,,,,,,
652277,2013/14,2014-01-17,"Senwes Park, Potchefstroom",2,1.1,Lions,Titans,Q de Kock,GH Bodi,M Morkel,0,0,,,,,,,,,
652277,2013/14,2014-01-17,"Senwes Park, Potchefstroom",2,1.2,Lions,Titans,Q de Kock,GH Bodi,M Morkel,0,0,,,,,,,,,
652277,2013/14,2014-01-17,"Senwes Park, Potchefstroom",2,1.3,Lions,Titans,Q de Kock,GH Bodi,M Morkel,0,0,,,,,,,,,
652277,2013/14,2014-01-17,"Senwes Park, Potchefstroom",2,1.4,Lions,Titans,Q de Kock,GH Bodi,M Morkel,1,0,,,,,,,,,
652277,2013/14,2014-01-17,"Senwes Park, Potchefstroom",2,1.5,Lions,Titans,GH Bodi,Q de Kock,M Morkel,0,0,,,,,,,,,
652277,2013/14,2014-01-17,"Senwes Park, Potchefstroom",2,1.6,Lions,Titans,GH Bodi,Q de Kock,M Morkel,1,0,,,,,,,,,
652277,2013/14,2014-01-17,"Senwes Park, Potchefstroom",2,2.1,Lions,Titans,GH Bodi,Q de Kock,NE Mbhalati,0,0,,,,,,,,,
652277,2013/14,2014-01-17,"Senwes Park, Potchefstroom",2,2.2,Lions,Titans,GH Bodi,Q de Kock,NE Mbhalati,0,1,1,,,,,,,,
652277,2013/14,2014-01-17,"Senwes Park, Potchefstroom",2,2.3,Lions,Titans,GH Bodi,Q de Kock,NE Mbhalati,1,0,,,,,,,,,
652277,2013/14,2014-01-17,"Senwes Park, Potchefstroom",2,2.4,Lions,Titans,Q de Kock,GH Bodi,NE Mbhalati,0,0,,,,,,,,,
652277,2013/14,2014-01-17,"Senwes Park, Potchefstroom",2,2.5,Lions,Titans,Q de Kock,GH Bodi,NE Mbhalati,1,0,,,,,,,,,
652277,2013/14,2014-01-17,"Senwes Park, Potchefstroom",2,2.6,Lions,Titans,GH Bodi,Q de Kock,NE Mbhalati,1,0,,,,,,,,,
652277,2013/14,2014-01-17,"Senwes Park, Potchefstroom",2,2.7,Lions,Titans,Q de Kock,GH Bodi,NE Mbhalati,1,0,,,,,,,,,
652277,2013/14,2014-01-17,"Senwes Park, Potchefstroom",2,3.1,Lions,Titans,Q de Kock,GH Bodi,M Morkel,0,0,,,,,,,,,
652277,2013/14,2014-01-17,"Senwes Park, Potchefstroom",2,3.2,Lions,Titans,Q de Kock,GH Bodi,M Morkel,0,0,,,,,,,,,
652277,2013/14,2014-01-17,"Senwes Park, Potchefstroom",2,3.3,Lions,Titans,Q de Kock,GH Bodi,M Morkel,3,0,,,,,,,,,
652277,2013/14,2014-01-17,"Senwes Park, Potchefstroom",2,3.4,Lions,Titans,GH Bodi,Q de Kock,M Morkel,0,0,,,,,,,,,
652277,2013/14,2014-01-17,"Senwes Park, Potchefstroom",2,3.5,Lions,Titans,GH Bodi,Q de Kock,M Morkel,0,0,,,,,,,,,
652277,2013/14,2014-01-17,"Senwes Park, Potchefstroom",2,3.6,Lions,Titans,GH Bodi,Q de Kock,M Morkel,0,0,,,,,,,,,
652277,2013/14,2014-01-17,"Senwes Park, Potchefstroom",2,4.1,Lions,Titans,Q de Kock,GH Bodi,D Wiese,1,0,,,,,,,,,
652277,2013/14,2014-01-17,"Senwes Park, Potchefstroom",2,4.2,Lions,Titans,GH Bodi,Q de Kock,D Wiese,0,0,,,,,,,,,
652277,2013/14,2014-01-17,"Senwes Park, Potchefstroom",2,4.3,Lions,Titans,GH Bodi,Q de Kock,D Wiese,6,0,,,,,,,,,
652277,2013/14,2014-01-17,"Senwes Park, Potchefstroom",2,4.4,Lions,Titans,GH Bodi,Q de Kock,D Wiese,4,0,,,,,,,,,
652277,2013/14,2014-01-17,"Senwes Park, Potchefstroom",2,4.5,Lions,Titans,GH Bodi,Q de Kock,D Wiese,4,0,,,,,,,,,
652277,2013/14,2014-01-17,"Senwes Park, Potchefstroom",2,4.6,Lions,Titans,GH Bodi,Q de Kock,D Wiese,1,0,,,,,,,,,
652277,2013/14,2014-01-17,"Senwes Park, Potchefstroom",2,5.1,Lions,Titans,GH Bodi,Q de Kock,NE Mbhalati,0,0,,,,,,,,,
652277,2013/14,2014-01-17,"Senwes Park, Potchefstroom",2,5.2,Lions,Titans,GH Bodi,Q de Kock,NE Mbhalati,1,0,,,,,,,,,
652277,2013/14,2014-01-17,"Senwes Park, Potchefstroom",2,5.3,Lions,Titans,Q de Kock,GH Bodi,NE Mbhalati,4,0,,,,,,,,,
652277,2013/14,2014-01-17,"Senwes Park, Potchefstroom",2,5.4,Lions,Titans,Q de Kock,GH Bodi,NE Mbhalati,4,0,,,,,,,,,
652277,2013/14,2014-01-17,"Senwes Park, Potchefstroom",2,5.5,Lions,Titans,Q de Kock,GH Bodi,NE Mbhalati,0,0,,,,,,,,,
652277,2013/14,2014-01-17,"Senwes Park, Potchefstroom",2,5.6,Lions,Titans,Q de Kock,GH Bodi,NE Mbhalati,6,0,,,,,,,,,
652277,2013/14,2014-01-17,"Senwes Park, Potchefstroom",2,6.1,Lions,Titans,GH Bodi,Q de Kock,H Davids,4,0,,,,,,,,,
652277,2013/14,2014-01-17,"Senwes Park, Potchefstroom",2,6.2,Lions,Titans,GH Bodi,Q de Kock,H Davids,0,0,,,,,,,,,
652277,2013/14,2014-01-17,"Senwes Park, Potchefstroom",2,6.3,Lions,Titans,GH Bodi,Q de Kock,H Davids,1,0,,,,,,,,,
652277,2013/14,2014-01-17,"Senwes Park, Potchefstroom",2,6.4,Lions,Titans,Q de Kock,GH Bodi,H Davids,1,0,,,,,,,,,
652277,2013/14,2014-01-17,"Senwes Park, Potchefstroom",2,6.5,Lions,Titans,GH Bodi,Q de Kock,H Davids,1,0,,,,,,,,,
652277,2013/14,2014-01-17,"Senwes Park, Potchefstroom",2,6.6,Lions,Titans,Q de Kock,GH Bodi,H Davids,1,0,,,,,,,,,
652277,2013/14,2014-01-17,"Senwes Park, Potchefstroom",2,7.1,Lions,Titans,Q de Kock,GH Bodi,JA Morkel,0,0,,,,,,,,,
652277,2013/14,2014-01-17,"Senwes Park, Potchefstroom",2,7.2,Lions,Titans,Q de Kock,GH Bodi,JA Morkel,2,0,,,,,,,,,
652277,2013/14,2014-01-17,"Senwes Park, Potchefstroom",2,7.3,Lions,Titans,Q de Kock,GH Bodi,JA Morkel,1,0,,,,,,,,,
652277,2013/14,2014-01-17,"Senwes Park, Potchefstroom",2,7.4,Lions,Titans,GH Bodi,Q de Kock,JA Morkel,1,0,,,,,,,,,
652277,2013/14,2014-01-17,"Senwes Park, Potchefstroom",2,7.5,Lions,Titans,Q de Kock,GH Bodi,JA Morkel,1,0,,,,,,,,,
652277,2013/14,2014-01-17,"Senwes Park, Potchefstroom",2,7.6,Lions,Titans,GH Bodi,Q de Kock,JA Morkel,1,0,,,,,,,,,
652277,2013/14,2014-01-17,"Senwes Park, Potchefstroom",2,8.1,Lions,Titans,GH Bodi,Q de Kock,RE van der Merwe,1,0,,,,,,,,,
652277,2013/14,2014-01-17,"Senwes Park, Potchefstroom",2,8.2,Lions,Titans,Q de Kock,GH Bodi,RE van der Merwe,0,0,,,,,,,,,
652277,2013/14,2014-01-17,"Senwes Park, Potchefstroom",2,8.3,Lions,Titans,Q de Kock,GH Bodi,RE van der Merwe,1,0,,,,,,,,,
652277,2013/14,2014-01-17,"Senwes Park, Potchefstroom",2,8.4,Lions,Titans,GH Bodi,Q de Kock,RE van der Merwe,1,0,,,,,,,,,
652277,2013/14,2014-01-17,"Senwes Park, Potchefstroom",2,8.5,Lions,Titans,Q de Kock,GH Bodi,RE van der Merwe,4,0,,,,,,,,,
652277,2013/14,2014-01-17,"Senwes Park, Potchefstroom",2,8.6,Lions,Titans,Q de Kock,GH Bodi,RE van der Merwe,4,0,,,,,,,,,
652277,2013/14,2014-01-17,"Senwes Park, Potchefstroom",2,9.1,Lions,Titans,GH Bodi,Q de Kock,D Wiese,1,0,,,,,,,,,
652277,2013/14,2014-01-17,"Senwes Park, Potchefstroom",2,9.2,Lions,Titans,Q de Kock,GH Bodi,D Wiese,4,0,,,,,,,,,
652277,2013/14,2014-01-17,"Senwes Park, Potchefstroom",2,9.3,Lions,Titans,Q de Kock,GH Bodi,D Wiese,1,0,,,,,,,,,
652277,2013/14,2014-01-17,"Senwes Park, Potchefstroom",2,9.4,Lions,Titans,GH Bodi,Q de Kock,D Wiese,0,0,,,,,,,,,
652277,2013/14,2014-01-17,"Senwes Park, Potchefstroom",2,9.5,Lions,Titans,GH Bodi,Q de Kock,D Wiese,4,0,,,,,,,,,
652277,2013/14,2014-01-17,"Senwes Park, Potchefstroom",2,9.6,Lions,Titans,GH Bodi,Q de Kock,D Wiese,1,0,,,,,,,,,
652277,2013/14,2014-01-17,"Senwes Park, Potchefstroom",2,10.1,Lions,Titans,GH Bodi,Q de Kock,H Davids,0,0,,,,,,bowled,GH Bodi,,
652277,2013/14,2014-01-17,"Senwes Park, Potchefstroom",2,10.2,Lions,Titans,AN Petersen,Q de Kock,H Davids,4,0,,,,,,,,,
652277,2013/14,2014-01-17,"Senwes Park, Potchefstroom",2,10.3,Lions,Titans,AN Petersen,Q de Kock,H Davids,1,0,,,,,,,,,
652277,2013/14,2014-01-17,"Senwes Park, Potchefstroom",2,10.4,Lions,Titans,Q de Kock,AN Petersen,H Davids,1,0,,,,,,,,,
652277,2013/14,2014-01-17,"Senwes Park, Potchefstroom",2,10.5,Lions,Titans,AN Petersen,Q de Kock,H Davids,1,0,,,,,,,,,
652277,2013/14,2014-01-17,"Senwes Park, Potchefstroom",2,10.6,Lions,Titans,Q de Kock,AN Petersen,H Davids,1,0,,,,,,,,,
652277,2013/14,2014-01-17,"Senwes Park, Potchefstroom",2,11.1,Lions,Titans,Q de Kock,AN Petersen,M Morkel,1,0,,,,,,,,,
652277,2013/14,2014-01-17,"Senwes Park, Potchefstroom",2,11.2,Lions,Titans,AN Petersen,Q de Kock,M Morkel,0,0,,,,,,,,,
652277,2013/14,2014-01-17,"Senwes Park, Potchefstroom",2,11.3,Lions,Titans,AN Petersen,Q de Kock,M Morkel,0,1,,,,1,,,,,
652277,2013/14,2014-01-17,"Senwes Park, Potchefstroom",2,11.4,Lions,Titans,Q de Kock,AN Petersen,M Morkel,0,0,,,,,,,,,
652277,2013/14,2014-01-17,"Senwes Park, Potchefstroom",2,11.5,Lions,Titans,Q de Kock,AN Petersen,M Morkel,1,0,,,,,,,,,
652277,2013/14,2014-01-17,"Senwes Park, Potchefstroom",2,11.6,Lions,Titans,AN Petersen,Q de Kock,M Morkel,0,1,1,,,,,,,,
652277,2013/14,2014-01-17,"Senwes Park, Potchefstroom",2,11.7,Lions,Titans,AN Petersen,Q de Kock,M Morkel,0,0,,,,,,,,,
652277,2013/14,2014-01-17,"Senwes Park, Potchefstroom",2,12.1,Lions,Titans,Q de Kock,AN Petersen,RE van der Merwe,2,0,,,,,,,,,
652277,2013/14,2014-01-17,"Senwes Park, Potchefstroom",2,12.2,Lions,Titans,Q de Kock,AN Petersen,RE van der Merwe,0,0,,,,,,caught,Q de Kock,,
652277,2013/14,2014-01-17,"Senwes Park, Potchefstroom",2,12.3,Lions,Titans,D Pretorius,AN Petersen,RE van der Merwe,0,0,,,,,,,,,
652277,2013/14,2014-01-17,"Senwes Park, Potchefstroom",2,12.4,Lions,Titans,D Pretorius,AN Petersen,RE van der Merwe,0,0,,,,,,,,,
652277,2013/14,2014-01-17,"Senwes Park, Potchefstroom",2,12.5,Lions,Titans,D Pretorius,AN Petersen,RE van der Merwe,1,0,,,,,,,,,
652277,2013/14,2014-01-17,"Senwes Park, Potchefstroom",2,12.6,Lions,Titans,AN Petersen,D Pretorius,RE van der Merwe,1,0,,,,,,,,,
652277,2013/14,2014-01-17,"Senwes Park, Potchefstroom",2,13.1,Lions,Titans,AN Petersen,D Pretorius,JA Morkel,1,0,,,,,,,,,
652277,2013/14,2014-01-17,"Senwes Park, Potchefstroom",2,13.2,Lions,Titans,D Pretorius,AN Petersen,JA Morkel,0,0,,,,,,,,,
652277,2013/14,2014-01-17,"Senwes Park, Potchefstroom",2,13.3,Lions,Titans,D Pretorius,AN Petersen,JA Morkel,2,0,,,,,,,,,
652277,2013/14,2014-01-17,"Senwes Park, Potchefstroom",2,13.4,Lions,Titans,D Pretorius,AN Petersen,JA Morkel,0,0,,,,,,,,,
652277,2013/14,2014-01-17,"Senwes Park, Potchefstroom",2,13.5,Lions,Titans,D Pretorius,AN Petersen,JA Morkel,1,0,,,,,,,,,
652277,2013/14,2014-01-17,"Senwes Park, Potchefstroom",2,13.6,Lions,Titans,AN Petersen,D Pretorius,JA Morkel,0,0,,,,,,,,,
652277,2013/14,2014-01-17,"Senwes Park, Potchefstroom",2,14.1,Lions,Titans,D Pretorius,AN Petersen,D Wiese,2,0,,,,,,,,,
652277,2013/14,2014-01-17,"Senwes Park, Potchefstroom",2,14.2,Lions,Titans,D Pretorius,AN Petersen,D Wiese,0,0,,,,,,,,,
652277,2013/14,2014-01-17,"Senwes Park, Potchefstroom",2,14.3,Lions,Titans,D Pretorius,AN Petersen,D Wiese,1,0,,,,,,,,,
652277,2013/14,2014-01-17,"Senwes Park, Potchefstroom",2,14.4,Lions,Titans,AN Petersen,D Pretorius,D Wiese,2,0,,,,,,,,,
652277,2013/14,2014-01-17,"Senwes Park, Potchefstroom",2,14.5,Lions,Titans,AN Petersen,D Pretorius,D Wiese,4,0,,,,,,,,,
652277,2013/14,2014-01-17,"Senwes Park, Potchefstroom",2,14.6,Lions,Titans,AN Petersen,D Pretorius,D Wiese,0,0,,,,,,,,,
652277,2013/14,2014-01-17,"Senwes Park, Potchefstroom",2,15.1,Lions,Titans,D Pretorius,AN Petersen,RE van der Merwe,1,0,,,,,,,,,
652277,2013/14,2014-01-17,"Senwes Park, Potchefstroom",2,15.2,Lions,Titans,AN Petersen,D Pretorius,RE van der Merwe,1,0,,,,,,,,,
652277,2013/14,2014-01-17,"Senwes Park, Potchefstroom",2,15.3,Lions,Titans,D Pretorius,AN Petersen,RE van der Merwe,0,0,,,,,,,,,
652277,2013/14,2014-01-17,"Senwes Park, Potchefstroom",2,15.4,Lions,Titans,D Pretorius,AN Petersen,RE van der Merwe,6,0,,,,,,,,,
652277,2013/14,2014-01-17,"Senwes Park, Potchefstroom",2,15.5,Lions,Titans,D Pretorius,AN Petersen,RE van der Merwe,0,0,,,,,,,,,
652277,2013/14,2014-01-17,"Senwes Park, Potchefstroom",2,15.6,Lions,Titans,D Pretorius,AN Petersen,RE van der Merwe,0,0,,,,,,bowled,D Pretorius,,
652277,2013/14,2014-01-17,"Senwes Park, Potchefstroom",2,16.1,Lions,Titans,AN Petersen,Azhar Mahmood,JA Morkel,1,0,,,,,,,,,
652277,2013/14,2014-01-17,"Senwes Park, Potchefstroom",2,16.2,Lions,Titans,Azhar Mahmood,AN Petersen,JA Morkel,2,0,,,,,,,,,
652277,2013/14,2014-01-17,"Senwes Park, Potchefstroom",2,16.3,Lions,Titans,Azhar Mahmood,AN Petersen,JA Morkel,1,0,,,,,,,,,
652277,2013/14,2014-01-17,"Senwes Park, Potchefstroom",2,16.4,Lions,Titans,AN Petersen,Azhar Mahmood,JA Morkel,0,0,,,,,,,,,
652277,2013/14,2014-01-17,"Senwes Park, Potchefstroom",2,16.5,Lions,Titans,AN Petersen,Azhar Mahmood,JA Morkel,1,0,,,,,,,,,
652277,2013/14,2014-01-17,"Senwes Park, Potchefstroom",2,16.6,Lions,Titans,Azhar Mahmood,AN Petersen,JA Morkel,1,0,,,,,,,,,
652277,2013/14,2014-01-17,"Senwes Park, Potchefstroom",2,17.1,Lions,Titans,Azhar Mahmood,AN Petersen,RE van der Merwe,2,0,,,,,,,,,
652277,2013/14,2014-01-17,"Senwes Park, Potchefstroom",2,17.2,Lions,Titans,Azhar Mahmood,AN Petersen,RE van der Merwe,2,0,,,,,,,,,
652277,2013/14,2014-01-17,"Senwes Park, Potchefstroom",2,17.3,Lions,Titans,Azhar Mahmood,AN Petersen,RE van der Merwe,1,0,,,,,,,,,
652277,2013/14,2014-01-17,"Senwes Park, Potchefstroom",2,17.4,Lions,Titans,AN Petersen,Azhar Mahmood,RE van der Merwe,1,0,,,,,,,,,
652277,2013/14,2014-01-17,"Senwes Park, Potchefstroom",2,17.5,Lions,Titans,Azhar Mahmood,AN Petersen,RE van der Merwe,1,0,,,,,,,,,
652277,2013/14,2014-01-17,"Senwes Park, Potchefstroom",2,17.6,Lions,Titans,AN Petersen,Azhar Mahmood,RE van der Merwe,2,0,,,,,,,,,
652277,2013/14,2014-01-17,"Senwes Park, Potchefstroom",2,18.1,Lions,Titans,Azhar Mahmood,AN Petersen,NE Mbhalati,0,1,1,,,,,,,,
652277,2013/14,2014-01-17,"Senwes Park, Potchefstroom",2,18.2,Lions,Titans,Azhar Mahmood,AN Petersen,NE Mbhalati,1,0,,,,,,,,,
652277,2013/14,2014-01-17,"Senwes Park, Potchefstroom",2,18.3,Lions,Titans,AN Petersen,Azhar Mahmood,NE Mbhalati,1,0,,,,,,,,,
652277,2013/14,2014-01-17,"Senwes Park, Potchefstroom",2,18.4,Lions,Titans,Azhar Mahmood,AN Petersen,NE Mbhalati,1,0,,,,,,,,,
652277,2013/14,2014-01-17,"Senwes Park, Potchefstroom",2,18.5,Lions,Titans,AN Petersen,Azhar Mahmood,NE Mbhalati,1,0,,,,,,,,,
652277,2013/14,2014-01-17,"Senwes Park, Potchefstroom",2,18.6,Lions,Titans,Azhar Mahmood,AN Petersen,NE Mbhalati,1,0,,,,,,,,,
652277,2013/14,2014-01-17,"Senwes Park, Potchefstroom",2,18.7,Lions,Titans,AN Petersen,Azhar Mahmood,NE Mbhalati,0,0,,,,,,,,,
652277,2013/14,2014-01-17,"Senwes Park, Potchefstroom",2,19.1,Lions,Titans,Azhar Mahmood,AN Petersen,M Morkel,1,0,,,,,,,,,
652277,2013/14,2014-01-17,"Senwes Park, Potchefstroom",2,19.2,Lions,Titans,AN Petersen,Azhar Mahmood,M Morkel,2,0,,,,,,,,,
652277,2013/14,2014-01-17,"Senwes Park, Potchefstroom",2,19.3,Lions,Titans,AN Petersen,Azhar Mahmood,M Morkel,0,0,,,,,,,,,
652277,2013/14,2014-01-17,"Senwes Park, Potchefstroom",2,19.4,Lions,Titans,AN Petersen,Azhar Mahmood,M Morkel,1,0,,,,,,,,,
652277,2013/14,2014-01-17,"Senwes Park, Potchefstroom",2,19.5,Lions,Titans,Azhar Mahmood,AN Petersen,M Morkel,1,0,,,,,,,,,
652277,2013/14,2014-01-17,"Senwes Park, Potchefstroom",2,19.6,Lions,Titans,AN Petersen,Azhar Mahmood,M Morkel,1,0,,,,,,,,,
