match_id,season,start_date,venue,innings,ball,batting_team,bowling_team,striker,non_striker,bowler,runs_off_bat,extras,wides,noballs,byes,legbyes,penalty,wicket_type,player_dismissed,other_wicket_type,other_player_dismissed
652297,2013/14,2014-01-26,"Kingsmead, Durban",1,0.1,Warriors,Dolphins,AG Prince,JT Smuts,KJ Abbott,0,0,,,,,,,,,
652297,2013/14,2014-01-26,"Kingsmead, Durban",1,0.2,Warriors,Dolphins,AG Prince,JT Smuts,KJ Abbott,0,0,,,,,,,,,
652297,2013/14,2014-01-26,"Kingsmead, Durban",1,0.3,Warriors,Dolphins,AG Prince,JT Smuts,KJ Abbott,0,0,,,,,,,,,
652297,2013/14,2014-01-26,"Kingsmead, Durban",1,0.4,Warriors,Dolphins,AG Prince,JT Smuts,KJ Abbott,0,0,,,,,,,,,
652297,2013/14,2014-01-26,"Kingsmead, Durban",1,0.5,Warriors,Dolphins,AG Prince,JT Smuts,KJ Abbott,0,0,,,,,,caught,AG Prince,,
652297,2013/14,2014-01-26,"Kingsmead, Durban",1,0.6,Warriors,Dolphins,CA Ingram,JT Smuts,KJ Abbott,0,0,,,,,,,,,
652297,2013/14,2014-01-26,"Kingsmead, Durban",1,1.1,Warriors,Dolphins,JT Smuts,CA Ingram,CJ Alexander,0,0,,,,,,,,,
652297,2013/14,2014-01-26,"Kingsmead, Durban",1,1.2,Warriors,Dolphins,JT Smuts,CA Ingram,CJ Alexander,0,0,,,,,,,,,
652297,2013/14,2014-01-26,"Kingsmead, Durban",1,1.3,Warriors,Dolphins,JT Smuts,CA Ingram,CJ Alexander,1,0,,,,,,,,,
652297,2013/14,2014-01-26,"Kingsmead, Durban",1,1.4,Warriors,Dolphins,CA Ingram,JT Smuts,CJ Alexander,1,0,,,,,,,,,
652297,2013/14,2014-01-26,"Kingsmead, Durban",1,1.5,Warriors,Dolphins,JT Smuts,CA Ingram,CJ Alexander,4,0,,,,,,,,,
652297,2013/14,2014-01-26,"Kingsmead, Durban",1,1.6,Warriors,Dolphins,JT Smuts,CA Ingram,CJ Alexander,0,0,,,,,,,,,
652297,2013/14,2014-01-26,"Kingsmead, Durban",1,2.1,Warriors,Dolphins,CA Ingram,JT Smuts,R Frylinck,0,0,,,,,,,,,
652297,2013/14,2014-01-26,"Kingsmead, Durban",1,2.2,Warriors,Dolphins,CA Ingram,JT Smuts,R Frylinck,4,0,,,,,,,,,
652297,2013/14,2014-01-26,"Kingsmead, Durban",1,2.3,Warriors,Dolphins,CA Ingram,JT Smuts,R Frylinck,1,0,,,,,,,,,
652297,2013/14,2014-01-26,"Kingsmead, Durban",1,2.4,Warriors,Dolphins,JT Smuts,CA Ingram,R Frylinck,0,0,,,,,,,,,
652297,2013/14,2014-01-26,"Kingsmead, Durban",1,2.5,Warriors,Dolphins,JT Smuts,CA Ingram,R Frylinck,1,0,,,,,,,,,
652297,2013/14,2014-01-26,"Kingsmead, Durban",1,2.6,Warriors,Dolphins,CA Ingram,JT Smuts,R Frylinck,2,0,,,,,,,,,
652297,2013/14,2014-01-26,"Kingsmead, Durban",1,3.1,Warriors,Dolphins,JT Smuts,CA Ingram,KJ Abbott,4,0,,,,,,,,,
652297,2013/14,2014-01-26,"Kingsmead, Durban",1,3.2,Warriors,Dolphins,JT Smuts,CA Ingram,KJ Abbott,1,0,,,,,,,,,
652297,2013/14,2014-01-26,"Kingsmead, Durban",1,3.3,Warriors,Dolphins,CA Ingram,JT Smuts,KJ Abbott,0,0,,,,,,,,,
652297,2013/14,2014-01-26,"Kingsmead, Durban",1,3.4,Warriors,Dolphins,CA Ingram,JT Smuts,KJ Abbott,0,0,,,,,,,,,
652297,2013/14,2014-01-26,"Kingsmead, Durban",1,3.5,Warriors,Dolphins,CA Ingram,JT Smuts,KJ Abbott,0,0,,,,,,caught,CA Ingram,,
652297,2013/14,2014-01-26,"Kingsmead, Durban",1,3.6,Warriors,Dolphins,RT Bailey,JT Smuts,KJ Abbott,0,0,,,,,,,,,
652297,2013/14,2014-01-26,"Kingsmead, Durban",1,4.1,Warriors,Dolphins,JT Smuts,RT Bailey,R Frylinck,0,0,,,,,,,,,
652297,2013/14,2014-01-26,"Kingsmead, Durban",1,4.2,Warriors,Dolphins,JT Smuts,RT Bailey,R Frylinck,0,0,,,,,,,,,
652297,2013/14,2014-01-26,"Kingsmead, Durban",1,4.3,Warriors,Dolphins,JT Smuts,RT Bailey,R Frylinck,0,0,,,,,,,,,
652297,2013/14,2014-01-26,"Kingsmead, Durban",1,4.4,Warriors,Dolphins,JT Smuts,RT Bailey,R Frylinck,2,0,,,,,,,,,
652297,2013/14,2014-01-26,"Kingsmead, Durban",1,4.5,Warriors,Dolphins,JT Smuts,RT Bailey,R Frylinck,0,1,1,,,,,,,,
652297,2013/14,2014-01-26,"Kingsmead, Durban",1,4.6,Warriors,Dolphins,JT Smuts,RT Bailey,R Frylinck,0,0,,,,,,,,,
652297,2013/14,2014-01-26,"Kingsmead, Durban",1,4.7,Warriors,Dolphins,JT Smuts,RT Bailey,R Frylinck,1,0,,,,,,,,,
652297,2013/14,2014-01-26,"Kingsmead, Durban",1,5.1,Warriors,Dolphins,JT Smuts,RT Bailey,CJ Alexander,6,0,,,,,,,,,
652297,2013/14,2014-01-26,"Kingsmead, Durban",1,5.2,Warriors,Dolphins,JT Smuts,RT Bailey,CJ Alexander,1,0,,,,,,,,,
652297,2013/14,2014-01-26,"Kingsmead, Durban",1,5.3,Warriors,Dolphins,RT Bailey,JT Smuts,CJ Alexander,1,0,,,,,,,,,
652297,2013/14,2014-01-26,"Kingsmead, Durban",1,5.4,Warriors,Dolphins,JT Smuts,RT Bailey,CJ Alexander,1,0,,,,,,,,,
652297,2013/14,2014-01-26,"Kingsmead, Durban",1,5.5,Warriors,Dolphins,RT Bailey,JT Smuts,CJ Alexander,0,4,,,,4,,,,,
652297,2013/14,2014-01-26,"Kingsmead, Durban",1,5.6,Warriors,Dolphins,RT Bailey,JT Smuts,CJ Alexander,3,0,,,,,,,,,
652297,2013/14,2014-01-26,"Kingsmead, Durban",1,6.1,Warriors,Dolphins,RT Bailey,JT Smuts,K Nipper,4,0,,,,,,,,,
652297,2013/14,2014-01-26,"Kingsmead, Durban",1,6.2,Warriors,Dolphins,RT Bailey,JT Smuts,K Nipper,1,0,,,,,,,,,
652297,2013/14,2014-01-26,"Kingsmead, Durban",1,6.3,Warriors,Dolphins,JT Smuts,RT Bailey,K Nipper,1,0,,,,,,,,,
652297,2013/14,2014-01-26,"Kingsmead, Durban",1,6.4,Warriors,Dolphins,RT Bailey,JT Smuts,K Nipper,6,0,,,,,,,,,
652297,2013/14,2014-01-26,"Kingsmead, Durban",1,6.5,Warriors,Dolphins,RT Bailey,JT Smuts,K Nipper,0,0,,,,,,,,,
652297,2013/14,2014-01-26,"Kingsmead, Durban",1,6.6,Warriors,Dolphins,RT Bailey,JT Smuts,K Nipper,1,0,,,,,,,,,
652297,2013/14,2014-01-26,"Kingsmead, Durban",1,7.1,Warriors,Dolphins,RT Bailey,JT Smuts,P Subrayen,0,0,,,,,,,,,
652297,2013/14,2014-01-26,"Kingsmead, Durban",1,7.2,Warriors,Dolphins,RT Bailey,JT Smuts,P Subrayen,1,0,,,,,,,,,
652297,2013/14,2014-01-26,"Kingsmead, Durban",1,7.3,Warriors,Dolphins,JT Smuts,RT Bailey,P Subrayen,0,0,,,,,,,,,
652297,2013/14,2014-01-26,"Kingsmead, Durban",1,7.4,Warriors,Dolphins,JT Smuts,RT Bailey,P Subrayen,1,0,,,,,,,,,
652297,2013/14,2014-01-26,"Kingsmead, Durban",1,7.5,Warriors,Dolphins,RT Bailey,JT Smuts,P Subrayen,1,0,,,,,,,,,
652297,2013/14,2014-01-26,"Kingsmead, Durban",1,7.6,Warriors,Dolphins,JT Smuts,RT Bailey,P Subrayen,4,0,,,,,,,,,
652297,2013/14,2014-01-26,"Kingsmead, Durban",1,8.1,Warriors,Dolphins,RT Bailey,JT Smuts,D Smit,0,0,,,,,,,,,
652297,2013/14,2014-01-26,"Kingsmead, Durban",1,8.2,Warriors,Dolphins,RT Bailey,JT Smuts,D Smit,6,0,,,,,,,,,
652297,2013/14,2014-01-26,"Kingsmead, Durban",1,8.3,Warriors,Dolphins,RT Bailey,JT Smuts,D Smit,1,0,,,,,,,,,
652297,2013/14,2014-01-26,"Kingsmead, Durban",1,8.4,Warriors,Dolphins,JT Smuts,RT Bailey,D Smit,2,0,,,,,,,,,
652297,2013/14,2014-01-26,"Kingsmead, Durban",1,8.5,Warriors,Dolphins,JT Smuts,RT Bailey,D Smit,0,1,,,,1,,,,,
652297,2013/14,2014-01-26,"Kingsmead, Durban",1,8.6,Warriors,Dolphins,RT Bailey,JT Smuts,D Smit,0,0,,,,,,,,,
652297,2013/14,2014-01-26,"Kingsmead, Durban",1,9.1,Warriors,Dolphins,JT Smuts,RT Bailey,P Subrayen,0,0,,,,,,,,,
652297,2013/14,2014-01-26,"Kingsmead, Durban",1,9.2,Warriors,Dolphins,JT Smuts,RT Bailey,P Subrayen,6,0,,,,,,,,,
652297,2013/14,2014-01-26,"Kingsmead, Durban",1,9.3,Warriors,Dolphins,JT Smuts,RT Bailey,P Subrayen,0,0,,,,,,caught,JT Smuts,,
652297,2013/14,2014-01-26,"Kingsmead, Durban",1,9.4,Warriors,Dolphins,RT Bailey,DJ Jacobs,P Subrayen,1,0,,,,,,,,,
652297,2013/14,2014-01-26,"Kingsmead, Durban",1,9.5,Warriors,Dolphins,DJ Jacobs,RT Bailey,P Subrayen,0,0,,,,,,,,,
652297,2013/14,2014-01-26,"Kingsmead, Durban",1,9.6,Warriors,Dolphins,DJ Jacobs,RT Bailey,P Subrayen,1,0,,,,,,,,,
652297,2013/14,2014-01-26,"Kingsmead, Durban",1,10.1,Warriors,Dolphins,DJ Jacobs,RT Bailey,D Smit,1,0,,,,,,,,,
652297,2013/14,2014-01-26,"Kingsmead, Durban",1,10.2,Warriors,Dolphins,RT Bailey,DJ Jacobs,D Smit,0,0,,,,,,,,,
652297,2013/14,2014-01-26,"Kingsmead, Durban",1,10.3,Warriors,Dolphins,RT Bailey,DJ Jacobs,D Smit,1,0,,,,,,,,,
652297,2013/14,2014-01-26,"Kingsmead, Durban",1,10.4,Warriors,Dolphins,DJ Jacobs,RT Bailey,D Smit,0,0,,,,,,,,,
652297,2013/14,2014-01-26,"Kingsmead, Durban",1,10.5,Warriors,Dolphins,DJ Jacobs,RT Bailey,D Smit,0,0,,,,,,,,,
652297,2013/14,2014-01-26,"Kingsmead, Durban",1,10.6,Warriors,Dolphins,DJ Jacobs,RT Bailey,D Smit,4,0,,,,,,,,,
652297,2013/14,2014-01-26,"Kingsmead, Durban",1,11.1,Warriors,Dolphins,RT Bailey,DJ Jacobs,P Subrayen,1,0,,,,,,,,,
652297,2013/14,2014-01-26,"Kingsmead, Durban",1,11.2,Warriors,Dolphins,DJ Jacobs,RT Bailey,P Subrayen,1,0,,,,,,,,,
652297,2013/14,2014-01-26,"Kingsmead, Durban",1,11.3,Warriors,Dolphins,RT Bailey,DJ Jacobs,P Subrayen,1,0,,,,,,,,,
652297,2013/14,2014-01-26,"Kingsmead, Durban",1,11.4,Warriors,Dolphins,DJ Jacobs,RT Bailey,P Subrayen,0,0,,,,,,,,,
652297,2013/14,2014-01-26,"Kingsmead, Durban",1,11.5,Warriors,Dolphins,DJ Jacobs,RT Bailey,P Subrayen,2,0,,,,,,,,,
652297,2013/14,2014-01-26,"Kingsmead, Durban",1,11.6,Warriors,Dolphins,DJ Jacobs,RT Bailey,P Subrayen,0,0,,,,,,,,,
652297,2013/14,2014-01-26,"Kingsmead, Durban",1,12.1,Warriors,Dolphins,RT Bailey,DJ Jacobs,R Frylinck,1,0,,,,,,,,,
652297,2013/14,2014-01-26,"Kingsmead, Durban",1,12.2,Warriors,Dolphins,DJ Jacobs,RT Bailey,R Frylinck,1,0,,,,,,,,,
652297,2013/14,2014-01-26,"Kingsmead, Durban",1,12.3,Warriors,Dolphins,RT Bailey,DJ Jacobs,R Frylinck,0,0,,,,,,,,,
652297,2013/14,2014-01-26,"Kingsmead, Durban",1,12.4,Warriors,Dolphins,RT Bailey,DJ Jacobs,R Frylinck,1,0,,,,,,,,,
652297,2013/14,2014-01-26,"Kingsmead, Durban",1,12.5,Warriors,Dolphins,DJ Jacobs,RT Bailey,R Frylinck,0,0,,,,,,,,,
652297,2013/14,2014-01-26,"Kingsmead, Durban",1,12.6,Warriors,Dolphins,DJ Jacobs,RT Bailey,R Frylinck,1,0,,,,,,,,,
652297,2013/14,2014-01-26,"Kingsmead, Durban",1,13.1,Warriors,Dolphins,DJ Jacobs,RT Bailey,D Smit,1,0,,,,,,,,,
652297,2013/14,2014-01-26,"Kingsmead, Durban",1,13.2,Warriors,Dolphins,RT Bailey,DJ Jacobs,D Smit,0,0,,,,,,,,,
652297,2013/14,2014-01-26,"Kingsmead, Durban",1,13.3,Warriors,Dolphins,RT Bailey,DJ Jacobs,D Smit,0,0,,,,,,,,,
652297,2013/14,2014-01-26,"Kingsmead, Durban",1,13.4,Warriors,Dolphins,RT Bailey,DJ Jacobs,D Smit,1,0,,,,,,,,,
652297,2013/14,2014-01-26,"Kingsmead, Durban",1,13.5,Warriors,Dolphins,DJ Jacobs,RT Bailey,D Smit,2,0,,,,,,,,,
652297,2013/14,2014-01-26,"Kingsmead, Durban",1,13.6,Warriors,Dolphins,DJ Jacobs,RT Bailey,D Smit,0,0,,,,,,run out,DJ Jacobs,,
652297,2013/14,2014-01-26,"Kingsmead, Durban",1,14.1,Warriors,Dolphins,C Jonker,RT Bailey,P Subrayen,0,0,,,,,,,,,
652297,2013/14,2014-01-26,"Kingsmead, Durban",1,14.2,Warriors,Dolphins,C Jonker,RT Bailey,P Subrayen,0,0,,,,,,,,,
652297,2013/14,2014-01-26,"Kingsmead, Durban",1,14.3,Warriors,Dolphins,C Jonker,RT Bailey,P Subrayen,1,0,,,,,,,,,
652297,2013/14,2014-01-26,"Kingsmead, Durban",1,14.4,Warriors,Dolphins,RT Bailey,C Jonker,P Subrayen,2,0,,,,,,,,,
652297,2013/14,2014-01-26,"Kingsmead, Durban",1,14.5,Warriors,Dolphins,RT Bailey,C Jonker,P Subrayen,1,0,,,,,,,,,
652297,2013/14,2014-01-26,"Kingsmead, Durban",1,14.6,Warriors,Dolphins,C Jonker,RT Bailey,P Subrayen,1,0,,,,,,,,,
652297,2013/14,2014-01-26,"Kingsmead, Durban",1,15.1,Warriors,Dolphins,C Jonker,RT Bailey,D Smit,6,0,,,,,,,,,
652297,2013/14,2014-01-26,"Kingsmead, Durban",1,15.2,Warriors,Dolphins,C Jonker,RT Bailey,D Smit,1,0,,,,,,,,,
652297,2013/14,2014-01-26,"Kingsmead, Durban",1,15.3,Warriors,Dolphins,RT Bailey,C Jonker,D Smit,1,0,,,,,,,,,
652297,2013/14,2014-01-26,"Kingsmead, Durban",1,15.4,Warriors,Dolphins,C Jonker,RT Bailey,D Smit,0,0,,,,,,,,,
652297,2013/14,2014-01-26,"Kingsmead, Durban",1,15.5,Warriors,Dolphins,C Jonker,RT Bailey,D Smit,0,0,,,,,,,,,
652297,2013/14,2014-01-26,"Kingsmead, Durban",1,15.6,Warriors,Dolphins,C Jonker,RT Bailey,D Smit,1,0,,,,,,,,,
652297,2013/14,2014-01-26,"Kingsmead, Durban",1,16.1,Warriors,Dolphins,C Jonker,RT Bailey,KJ Abbott,0,0,,,,,,,,,
652297,2013/14,2014-01-26,"Kingsmead, Durban",1,16.2,Warriors,Dolphins,C Jonker,RT Bailey,KJ Abbott,0,0,,,,,,,,,
652297,2013/14,2014-01-26,"Kingsmead, Durban",1,16.3,Warriors,Dolphins,C Jonker,RT Bailey,KJ Abbott,0,1,,,,1,,,,,
652297,2013/14,2014-01-26,"Kingsmead, Durban",1,16.4,Warriors,Dolphins,RT Bailey,C Jonker,KJ Abbott,4,0,,,,,,,,,
652297,2013/14,2014-01-26,"Kingsmead, Durban",1,16.5,Warriors,Dolphins,RT Bailey,C Jonker,KJ Abbott,1,0,,,,,,,,,
652297,2013/14,2014-01-26,"Kingsmead, Durban",1,16.6,Warriors,Dolphins,C Jonker,RT Bailey,KJ Abbott,0,0,,,,,,,,,
652297,2013/14,2014-01-26,"Kingsmead, Durban",1,17.1,Warriors,Dolphins,RT Bailey,C Jonker,CJ Alexander,4,0,,,,,,,,,
652297,2013/14,2014-01-26,"Kingsmead, Durban",1,17.2,Warriors,Dolphins,RT Bailey,C Jonker,CJ Alexander,4,0,,,,,,,,,
652297,2013/14,2014-01-26,"Kingsmead, Durban",1,17.3,Warriors,Dolphins,RT Bailey,C Jonker,CJ Alexander,0,0,,,,,,bowled,RT Bailey,,
652297,2013/14,2014-01-26,"Kingsmead, Durban",1,17.4,Warriors,Dolphins,SR Harmer,C Jonker,CJ Alexander,0,0,,,,,,,,,
652297,2013/14,2014-01-26,"Kingsmead, Durban",1,17.5,Warriors,Dolphins,SR Harmer,C Jonker,CJ Alexander,0,1,,,,1,,,,,
652297,2013/14,2014-01-26,"Kingsmead, Durban",1,17.6,Warriors,Dolphins,C Jonker,SR Harmer,CJ Alexander,1,0,,,,,,,,,
652297,2013/14,2014-01-26,"Kingsmead, Durban",1,18.1,Warriors,Dolphins,C Jonker,SR Harmer,R Frylinck,2,0,,,,,,,,,
652297,2013/14,2014-01-26,"Kingsmead, Durban",1,18.2,Warriors,Dolphins,C Jonker,SR Harmer,R Frylinck,1,0,,,,,,,,,
652297,2013/14,2014-01-26,"Kingsmead, Durban",1,18.3,Warriors,Dolphins,SR Harmer,C Jonker,R Frylinck,0,0,,,,,,,,,
652297,2013/14,2014-01-26,"Kingsmead, Durban",1,18.4,Warriors,Dolphins,SR Harmer,C Jonker,R Frylinck,1,0,,,,,,,,,
652297,2013/14,2014-01-26,"Kingsmead, Durban",1,18.5,Warriors,Dolphins,C Jonker,SR Harmer,R Frylinck,0,0,,,,,,,,,
652297,2013/14,2014-01-26,"Kingsmead, Durban",1,18.6,Warriors,Dolphins,C Jonker,SR Harmer,R Frylinck,0,0,,,,,,,,,
652297,2013/14,2014-01-26,"Kingsmead, Durban",1,19.1,Warriors,Dolphins,SR Harmer,C Jonker,KJ Abbott,1,0,,,,,,,,,
652297,2013/14,2014-01-26,"Kingsmead, Durban",1,19.2,Warriors,Dolphins,C Jonker,SR Harmer,KJ Abbott,1,0,,,,,,,,,
652297,2013/14,2014-01-26,"Kingsmead, Durban",1,19.3,Warriors,Dolphins,SR Harmer,C Jonker,KJ Abbott,4,0,,,,,,,,,
652297,2013/14,2014-01-26,"Kingsmead, Durban",1,19.4,Warriors,Dolphins,SR Harmer,C Jonker,KJ Abbott,4,0,,,,,,,,,
652297,2013/14,2014-01-26,"Kingsmead, Durban",1,19.5,Warriors,Dolphins,SR Harmer,C Jonker,KJ Abbott,0,0,,,,,,caught,SR Harmer,,
652297,2013/14,2014-01-26,"Kingsmead, Durban",1,19.6,Warriors,Dolphins,C Jonker,WD Parnell,KJ Abbott,1,0,,,,,,,,,
652297,2013/14,2014-01-26,"Kingsmead, Durban",2,0.1,Dolphins,Warriors,MN van Wyk,CS Delport,WD Parnell,0,0,,,,,,,,,
652297,2013/14,2014-01-26,"Kingsmead, Durban",2,0.2,Dolphins,Warriors,MN van Wyk,CS Delport,WD Parnell,0,0,,,,,,,,,
652297,2013/14,2014-01-26,"Kingsmead, Durban",2,0.3,Dolphins,Warriors,MN van Wyk,CS Delport,WD Parnell,0,0,,,,,,,,,
652297,2013/14,2014-01-26,"Kingsmead, Durban",2,0.4,Dolphins,Warriors,MN van Wyk,CS Delport,WD Parnell,0,0,,,,,,caught and bowled,MN van Wyk,,
652297,2013/14,2014-01-26,"Kingsmead, Durban",2,0.5,Dolphins,Warriors,C Chetty,CS Delport,WD Parnell,4,0,,,,,,,,,
652297,2013/14,2014-01-26,"Kingsmead, Durban",2,0.6,Dolphins,Warriors,C Chetty,CS Delport,WD Parnell,0,0,,,,,,,,,
652297,2013/14,2014-01-26,"Kingsmead, Durban",2,1.1,Dolphins,Warriors,CS Delport,C Chetty,ACR Birch,0,0,,,,,,,,,
652297,2013/14,2014-01-26,"Kingsmead, Durban",2,1.2,Dolphins,Warriors,CS Delport,C Chetty,ACR Birch,2,0,,,,,,,,,
652297,2013/14,2014-01-26,"Kingsmead, Durban",2,1.3,Dolphins,Warriors,CS Delport,C Chetty,ACR Birch,0,0,,,,,,,,,
652297,2013/14,2014-01-26,"Kingsmead, Durban",2,1.4,Dolphins,Warriors,CS Delport,C Chetty,ACR Birch,0,0,,,,,,,,,
652297,2013/14,2014-01-26,"Kingsmead, Durban",2,1.5,Dolphins,Warriors,CS Delport,C Chetty,ACR Birch,0,0,,,,,,,,,
652297,2013/14,2014-01-26,"Kingsmead, Durban",2,1.6,Dolphins,Warriors,CS Delport,C Chetty,ACR Birch,6,0,,,,,,,,,
652297,2013/14,2014-01-26,"Kingsmead, Durban",2,2.1,Dolphins,Warriors,C Chetty,CS Delport,WD Parnell,1,0,,,,,,,,,
652297,2013/14,2014-01-26,"Kingsmead, Durban",2,2.2,Dolphins,Warriors,CS Delport,C Chetty,WD Parnell,0,0,,,,,,,,,
652297,2013/14,2014-01-26,"Kingsmead, Durban",2,2.3,Dolphins,Warriors,CS Delport,C Chetty,WD Parnell,0,0,,,,,,,,,
652297,2013/14,2014-01-26,"Kingsmead, Durban",2,2.4,Dolphins,Warriors,CS Delport,C Chetty,WD Parnell,0,0,,,,,,caught,CS Delport,,
652297,2013/14,2014-01-26,"Kingsmead, Durban",2,2.5,Dolphins,Warriors,DA Miller,C Chetty,WD Parnell,0,0,,,,,,,,,
652297,2013/14,2014-01-26,"Kingsmead, Durban",2,2.6,Dolphins,Warriors,DA Miller,C Chetty,WD Parnell,2,0,,,,,,,,,
652297,2013/14,2014-01-26,"Kingsmead, Durban",2,3.1,Dolphins,Warriors,C Chetty,DA Miller,ACR Birch,0,0,,,,,,,,,
652297,2013/14,2014-01-26,"Kingsmead, Durban",2,3.2,Dolphins,Warriors,C Chetty,DA Miller,ACR Birch,0,0,,,,,,caught,C Chetty,,
652297,2013/14,2014-01-26,"Kingsmead, Durban",2,3.3,Dolphins,Warriors,DA Miller,K Zondo,ACR Birch,0,0,,,,,,,,,
652297,2013/14,2014-01-26,"Kingsmead, Durban",2,3.4,Dolphins,Warriors,DA Miller,K Zondo,ACR Birch,4,0,,,,,,,,,
652297,2013/14,2014-01-26,"Kingsmead, Durban",2,3.5,Dolphins,Warriors,DA Miller,K Zondo,ACR Birch,1,0,,,,,,,,,
652297,2013/14,2014-01-26,"Kingsmead, Durban",2,3.6,Dolphins,Warriors,K Zondo,DA Miller,ACR Birch,0,0,,,,,,,,,
652297,2013/14,2014-01-26,"Kingsmead, Durban",2,4.1,Dolphins,Warriors,DA Miller,K Zondo,WD Parnell,0,0,,,,,,,,,
652297,2013/14,2014-01-26,"Kingsmead, Durban",2,4.2,Dolphins,Warriors,DA Miller,K Zondo,WD Parnell,4,0,,,,,,,,,
652297,2013/14,2014-01-26,"Kingsmead, Durban",2,4.3,Dolphins,Warriors,DA Miller,K Zondo,WD Parnell,2,0,,,,,,,,,
652297,2013/14,2014-01-26,"Kingsmead, Durban",2,4.4,Dolphins,Warriors,DA Miller,K Zondo,WD Parnell,0,0,,,,,,,,,
652297,2013/14,2014-01-26,"Kingsmead, Durban",2,4.5,Dolphins,Warriors,DA Miller,K Zondo,WD Parnell,2,0,,,,,,,,,
652297,2013/14,2014-01-26,"Kingsmead, Durban",2,4.6,Dolphins,Warriors,DA Miller,K Zondo,WD Parnell,0,0,,,,,,,,,
652297,2013/14,2014-01-26,"Kingsmead, Durban",2,5.1,Dolphins,Warriors,K Zondo,DA Miller,ACR Birch,0,0,,,,,,,,,
652297,2013/14,2014-01-26,"Kingsmead, Durban",2,5.2,Dolphins,Warriors,K Zondo,DA Miller,ACR Birch,0,0,,,,,,,,,
652297,2013/14,2014-01-26,"Kingsmead, Durban",2,5.3,Dolphins,Warriors,K Zondo,DA Miller,ACR Birch,4,0,,,,,,,,,
652297,2013/14,2014-01-26,"Kingsmead, Durban",2,5.4,Dolphins,Warriors,K Zondo,DA Miller,ACR Birch,0,0,,,,,,,,,
652297,2013/14,2014-01-26,"Kingsmead, Durban",2,5.5,Dolphins,Warriors,K Zondo,DA Miller,ACR Birch,1,0,,,,,,,,,
652297,2013/14,2014-01-26,"Kingsmead, Durban",2,5.6,Dolphins,Warriors,DA Miller,K Zondo,ACR Birch,1,0,,,,,,,,,
652297,2013/14,2014-01-26,"Kingsmead, Durban",2,6.1,Dolphins,Warriors,DA Miller,K Zondo,J Theron,4,0,,,,,,,,,
652297,2013/14,2014-01-26,"Kingsmead, Durban",2,6.2,Dolphins,Warriors,DA Miller,K Zondo,J Theron,4,0,,,,,,,,,
652297,2013/14,2014-01-26,"Kingsmead, Durban",2,6.3,Dolphins,Warriors,DA Miller,K Zondo,J Theron,1,0,,,,,,,,,
652297,2013/14,2014-01-26,"Kingsmead, Durban",2,6.4,Dolphins,Warriors,K Zondo,DA Miller,J Theron,1,0,,,,,,,,,
652297,2013/14,2014-01-26,"Kingsmead, Durban",2,6.5,Dolphins,Warriors,DA Miller,K Zondo,J Theron,4,0,,,,,,,,,
652297,2013/14,2014-01-26,"Kingsmead, Durban",2,6.6,Dolphins,Warriors,DA Miller,K Zondo,J Theron,1,0,,,,,,,,,
652297,2013/14,2014-01-26,"Kingsmead, Durban",2,7.1,Dolphins,Warriors,DA Miller,K Zondo,SR Harmer,0,0,,,,,,,,,
652297,2013/14,2014-01-26,"Kingsmead, Durban",2,7.2,Dolphins,Warriors,DA Miller,K Zondo,SR Harmer,1,0,,,,,,,,,
652297,2013/14,2014-01-26,"Kingsmead, Durban",2,7.3,Dolphins,Warriors,K Zondo,DA Miller,SR Harmer,0,0,,,,,,,,,
652297,2013/14,2014-01-26,"Kingsmead, Durban",2,7.4,Dolphins,Warriors,K Zondo,DA Miller,SR Harmer,1,0,,,,,,,,,
652297,2013/14,2014-01-26,"Kingsmead, Durban",2,7.5,Dolphins,Warriors,DA Miller,K Zondo,SR Harmer,2,0,,,,,,,,,
652297,2013/14,2014-01-26,"Kingsmead, Durban",2,7.6,Dolphins,Warriors,DA Miller,K Zondo,SR Harmer,1,0,,,,,,,,,
652297,2013/14,2014-01-26,"Kingsmead, Durban",2,8.1,Dolphins,Warriors,DA Miller,K Zondo,JT Smuts,0,0,,,,,,,,,
652297,2013/14,2014-01-26,"Kingsmead, Durban",2,8.2,Dolphins,Warriors,DA Miller,K Zondo,JT Smuts,6,0,,,,,,,,,
652297,2013/14,2014-01-26,"Kingsmead, Durban",2,8.3,Dolphins,Warriors,DA Miller,K Zondo,JT Smuts,1,0,,,,,,,,,
652297,2013/14,2014-01-26,"Kingsmead, Durban",2,8.4,Dolphins,Warriors,K Zondo,DA Miller,JT Smuts,1,0,,,,,,,,,
652297,2013/14,2014-01-26,"Kingsmead, Durban",2,8.5,Dolphins,Warriors,DA Miller,K Zondo,JT Smuts,1,0,,,,,,,,,
652297,2013/14,2014-01-26,"Kingsmead, Durban",2,8.6,Dolphins,Warriors,K Zondo,DA Miller,JT Smuts,1,0,,,,,,,,,
652297,2013/14,2014-01-26,"Kingsmead, Durban",2,9.1,Dolphins,Warriors,K Zondo,DA Miller,SR Harmer,1,0,,,,,,,,,
652297,2013/14,2014-01-26,"Kingsmead, Durban",2,9.2,Dolphins,Warriors,DA Miller,K Zondo,SR Harmer,1,0,,,,,,,,,
652297,2013/14,2014-01-26,"Kingsmead, Durban",2,9.3,Dolphins,Warriors,K Zondo,DA Miller,SR Harmer,1,0,,,,,,,,,
652297,2013/14,2014-01-26,"Kingsmead, Durban",2,9.4,Dolphins,Warriors,DA Miller,K Zondo,SR Harmer,1,0,,,,,,,,,
652297,2013/14,2014-01-26,"Kingsmead, Durban",2,9.5,Dolphins,Warriors,K Zondo,DA Miller,SR Harmer,1,0,,,,,,,,,
652297,2013/14,2014-01-26,"Kingsmead, Durban",2,9.6,Dolphins,Warriors,DA Miller,K Zondo,SR Harmer,1,0,,,,,,,,,
652297,2013/14,2014-01-26,"Kingsmead, Durban",2,10.1,Dolphins,Warriors,DA Miller,K Zondo,L Mbane,1,0,,,,,,,,,
652297,2013/14,2014-01-26,"Kingsmead, Durban",2,10.2,Dolphins,Warriors,K Zondo,DA Miller,L Mbane,1,0,,,,,,,,,
652297,2013/14,2014-01-26,"Kingsmead, Durban",2,10.3,Dolphins,Warriors,DA Miller,K Zondo,L Mbane,1,0,,,,,,,,,
652297,2013/14,2014-01-26,"Kingsmead, Durban",2,10.4,Dolphins,Warriors,K Zondo,DA Miller,L Mbane,0,0,,,,,,,,,
652297,2013/14,2014-01-26,"Kingsmead, Durban",2,10.5,Dolphins,Warriors,K Zondo,DA Miller,L Mbane,1,0,,,,,,,,,
652297,2013/14,2014-01-26,"Kingsmead, Durban",2,10.6,Dolphins,Warriors,DA Miller,K Zondo,L Mbane,4,0,,,,,,,,,
652297,2013/14,2014-01-26,"Kingsmead, Durban",2,11.1,Dolphins,Warriors,K Zondo,DA Miller,SR Harmer,4,0,,,,,,,,,
652297,2013/14,2014-01-26,"Kingsmead, Durban",2,11.2,Dolphins,Warriors,K Zondo,DA Miller,SR Harmer,2,0,,,,,,,,,
652297,2013/14,2014-01-26,"Kingsmead, Durban",2,11.3,Dolphins,Warriors,K Zondo,DA Miller,SR Harmer,1,0,,,,,,,,,
652297,2013/14,2014-01-26,"Kingsmead, Durban",2,11.4,Dolphins,Warriors,DA Miller,K Zondo,SR Harmer,4,0,,,,,,,,,
652297,2013/14,2014-01-26,"Kingsmead, Durban",2,11.5,Dolphins,Warriors,DA Miller,K Zondo,SR Harmer,1,0,,,,,,,,,
652297,2013/14,2014-01-26,"Kingsmead, Durban",2,11.6,Dolphins,Warriors,K Zondo,DA Miller,SR Harmer,1,0,,,,,,,,,
652297,2013/14,2014-01-26,"Kingsmead, Durban",2,12.1,Dolphins,Warriors,K Zondo,DA Miller,L Mbane,1,0,,,,,,,,,
652297,2013/14,2014-01-26,"Kingsmead, Durban",2,12.2,Dolphins,Warriors,DA Miller,K Zondo,L Mbane,0,0,,,,,,,,,
652297,2013/14,2014-01-26,"Kingsmead, Durban",2,12.3,Dolphins,Warriors,DA Miller,K Zondo,L Mbane,1,0,,,,,,,,,
652297,2013/14,2014-01-26,"Kingsmead, Durban",2,12.4,Dolphins,Warriors,K Zondo,DA Miller,L Mbane,1,0,,,,,,,,,
652297,2013/14,2014-01-26,"Kingsmead, Durban",2,12.5,Dolphins,Warriors,DA Miller,K Zondo,L Mbane,1,0,,,,,,,,,
652297,2013/14,2014-01-26,"Kingsmead, Durban",2,12.6,Dolphins,Warriors,K Zondo,DA Miller,L Mbane,1,0,,,,,,,,,
652297,2013/14,2014-01-26,"Kingsmead, Durban",2,13.1,Dolphins,Warriors,K Zondo,DA Miller,J Theron,1,0,,,,,,,,,
652297,2013/14,2014-01-26,"Kingsmead, Durban",2,13.2,Dolphins,Warriors,DA Miller,K Zondo,J Theron,1,0,,,,,,,,,
652297,2013/14,2014-01-26,"Kingsmead, Durban",2,13.3,Dolphins,Warriors,K Zondo,DA Miller,J Theron,0,0,,,,,,,,,
652297,2013/14,2014-01-26,"Kingsmead, Durban",2,13.4,Dolphins,Warriors,K Zondo,DA Miller,J Theron,1,0,,,,,,,,,
652297,2013/14,2014-01-26,"Kingsmead, Durban",2,13.5,Dolphins,Warriors,DA Miller,K Zondo,J Theron,0,1,,,,1,,,,,
652297,2013/14,2014-01-26,"Kingsmead, Durban",2,13.6,Dolphins,Warriors,K Zondo,DA Miller,J Theron,1,0,,,,,,,,,
652297,2013/14,2014-01-26,"Kingsmead, Durban",2,14.1,Dolphins,Warriors,K Zondo,DA Miller,L Mbane,1,0,,,,,,,,,
652297,2013/14,2014-01-26,"Kingsmead, Durban",2,14.2,Dolphins,Warriors,DA Miller,K Zondo,L Mbane,1,0,,,,,,,,,
652297,2013/14,2014-01-26,"Kingsmead, Durban",2,14.3,Dolphins,Warriors,K Zondo,DA Miller,L Mbane,2,0,,,,,,,,,
652297,2013/14,2014-01-26,"Kingsmead, Durban",2,14.4,Dolphins,Warriors,K Zondo,DA Miller,L Mbane,1,0,,,,,,,,,
652297,2013/14,2014-01-26,"Kingsmead, Durban",2,14.5,Dolphins,Warriors,DA Miller,K Zondo,L Mbane,0,0,,,,,,caught,DA Miller,,
652297,2013/14,2014-01-26,"Kingsmead, Durban",2,14.6,Dolphins,Warriors,K Zondo,D Smit,L Mbane,1,0,,,,,,,,,
652297,2013/14,2014-01-26,"Kingsmead, Durban",2,15.1,Dolphins,Warriors,K Zondo,D Smit,ACR Birch,0,0,,,,,,,,,
652297,2013/14,2014-01-26,"Kingsmead, Durban",2,15.2,Dolphins,Warriors,K Zondo,D Smit,ACR Birch,1,0,,,,,,,,,
652297,2013/14,2014-01-26,"Kingsmead, Durban",2,15.3,Dolphins,Warriors,D Smit,K Zondo,ACR Birch,0,1,1,,,,,,,,
652297,2013/14,2014-01-26,"Kingsmead, Durban",2,15.4,Dolphins,Warriors,D Smit,K Zondo,ACR Birch,0,0,,,,,,,,,
652297,2013/14,2014-01-26,"Kingsmead, Durban",2,15.5,Dolphins,Warriors,D Smit,K Zondo,ACR Birch,1,0,,,,,,,,,
652297,2013/14,2014-01-26,"Kingsmead, Durban",2,15.6,Dolphins,Warriors,K Zondo,D Smit,ACR Birch,1,0,,,,,,,,,
652297,2013/14,2014-01-26,"Kingsmead, Durban",2,15.7,Dolphins,Warriors,D Smit,K Zondo,ACR Birch,0,0,,,,,,run out,D Smit,,
652297,2013/14,2014-01-26,"Kingsmead, Durban",2,16.1,Dolphins,Warriors,K Zondo,R Frylinck,L Mbane,1,0,,,,,,,,,
652297,2013/14,2014-01-26,"Kingsmead, Durban",2,16.2,Dolphins,Warriors,R Frylinck,K Zondo,L Mbane,1,0,,,,,,,,,
652297,2013/14,2014-01-26,"Kingsmead, Durban",2,16.3,Dolphins,Warriors,K Zondo,R Frylinck,L Mbane,2,0,,,,,,,,,
652297,2013/14,2014-01-26,"Kingsmead, Durban",2,16.4,Dolphins,Warriors,K Zondo,R Frylinck,L Mbane,1,0,,,,,,,,,
652297,2013/14,2014-01-26,"Kingsmead, Durban",2,16.5,Dolphins,Warriors,R Frylinck,K Zondo,L Mbane,0,0,,,,,,,,,
652297,2013/14,2014-01-26,"Kingsmead, Durban",2,16.6,Dolphins,Warriors,R Frylinck,K Zondo,L Mbane,1,0,,,,,,,,,
652297,2013/14,2014-01-26,"Kingsmead, Durban",2,17.1,Dolphins,Warriors,R Frylinck,K Zondo,J Theron,1,0,,,,,,,,,
652297,2013/14,2014-01-26,"Kingsmead, Durban",2,17.2,Dolphins,Warriors,K Zondo,R Frylinck,J Theron,1,0,,,,,,,,,
652297,2013/14,2014-01-26,"Kingsmead, Durban",2,17.3,Dolphins,Warriors,R Frylinck,K Zondo,J Theron,1,0,,,,,,,,,
652297,2013/14,2014-01-26,"Kingsmead, Durban",2,17.4,Dolphins,Warriors,K Zondo,R Frylinck,J Theron,0,0,,,,,,,,,
652297,2013/14,2014-01-26,"Kingsmead, Durban",2,17.5,Dolphins,Warriors,K Zondo,R Frylinck,J Theron,1,0,,,,,,,,,
652297,2013/14,2014-01-26,"Kingsmead, Durban",2,17.6,Dolphins,Warriors,R Frylinck,K Zondo,J Theron,1,0,,,,,,,,,
652297,2013/14,2014-01-26,"Kingsmead, Durban",2,18.1,Dolphins,Warriors,R Frylinck,K Zondo,WD Parnell,0,0,,,,,,caught,R Frylinck,,
652297,2013/14,2014-01-26,"Kingsmead, Durban",2,18.2,Dolphins,Warriors,K Zondo,K Nipper,WD Parnell,0,0,,,,,,,,,
652297,2013/14,2014-01-26,"Kingsmead, Durban",2,18.3,Dolphins,Warriors,K Zondo,K Nipper,WD Parnell,0,0,,,,,,,,,
652297,2013/14,2014-01-26,"Kingsmead, Durban",2,18.4,Dolphins,Warriors,K Zondo,K Nipper,WD Parnell,4,0,,,,,,,,,
652297,2013/14,2014-01-26,"Kingsmead, Durban",2,18.5,Dolphins,Warriors,K Zondo,K Nipper,WD Parnell,2,0,,,,,,,,,
652297,2013/14,2014-01-26,"Kingsmead, Durban",2,18.6,Dolphins,Warriors,K Zondo,K Nipper,WD Parnell,6,0,,,,,,,,,
652297,2013/14,2014-01-26,"Kingsmead, Durban",2,19.1,Dolphins,Warriors,K Nipper,K Zondo,J Theron,0,1,,,,1,,,,,
652297,2013/14,2014-01-26,"Kingsmead, Durban",2,19.2,Dolphins,Warriors,K Zondo,K Nipper,J Theron,1,0,,,,,,,,,
652297,2013/14,2014-01-26,"Kingsmead, Durban",2,19.3,Dolphins,Warriors,K Nipper,K Zondo,J Theron,0,0,,,,,,bowled,K Nipper,,
652297,2013/14,2014-01-26,"Kingsmead, Durban",2,19.4,Dolphins,Warriors,KJ Abbott,K Zondo,J Theron,1,0,,,,,,,,,
652297,2013/14,2014-01-26,"Kingsmead, Durban",2,19.5,Dolphins,Warriors,K Zondo,KJ Abbott,J Theron,2,0,,,,,,,,,
652297,2013/14,2014-01-26,"Kingsmead, Durban",2,19.6,Dolphins,Warriors,K Zondo,KJ Abbott,J Theron,0,0,,,,,,bowled,K Zondo,,
