match_id,season,start_date,venue,innings,ball,batting_team,bowling_team,striker,non_striker,bowler,runs_off_bat,extras,wides,noballs,byes,legbyes,penalty,wicket_type,player_dismissed,other_wicket_type,other_player_dismissed
652269,2013/14,2014-01-15,"Boland Park, Paarl",1,0.1,Cape Cobras,Lions,GC Smith,HM Amla,Sohail Tanvir,1,0,,,,,,,,,
652269,2013/14,2014-01-15,"Boland Park, Paarl",1,0.2,Cape Cobras,Lions,HM Amla,GC Smith,Sohail Tanvir,0,0,,,,,,,,,
652269,2013/14,2014-01-15,"Boland Park, Paarl",1,0.3,Cape Cobras,Lions,HM Amla,GC Smith,Sohail Tanvir,3,0,,,,,,,,,
652269,2013/14,2014-01-15,"Boland Park, Paarl",1,0.4,Cape Cobras,Lions,GC Smith,HM Amla,Sohail Tanvir,3,0,,,,,,,,,
652269,2013/14,2014-01-15,"Boland Park, Paarl",1,0.5,Cape Cobras,Lions,HM Amla,GC Smith,Sohail Tanvir,0,0,,,,,,,,,
652269,2013/14,2014-01-15,"Boland Park, Paarl",1,0.6,Cape Cobras,Lions,HM Amla,GC Smith,Sohail Tanvir,4,0,,,,,,,,,
652269,2013/14,2014-01-15,"Boland Park, Paarl",1,1.1,Cape Cobras,Lions,GC Smith,HM Amla,CH Morris,0,1,1,,,,,,,,
652269,2013/14,2014-01-15,"Boland Park, Paarl",1,1.2,Cape Cobras,Lions,GC Smith,HM Amla,CH Morris,2,0,,,,,,,,,
652269,2013/14,2014-01-15,"Boland Park, Paarl",1,1.3,Cape Cobras,Lions,GC Smith,HM Amla,CH Morris,4,0,,,,,,,,,
652269,2013/14,2014-01-15,"Boland Park, Paarl",1,1.4,Cape Cobras,Lions,GC Smith,HM Amla,CH Morris,0,0,,,,,,,,,
652269,2013/14,2014-01-15,"Boland Park, Paarl",1,1.5,Cape Cobras,Lions,GC Smith,HM Amla,CH Morris,0,0,,,,,,,,,
652269,2013/14,2014-01-15,"Boland Park, Paarl",1,1.6,Cape Cobras,Lions,GC Smith,HM Amla,CH Morris,0,1,1,,,,,,,,
652269,2013/14,2014-01-15,"Boland Park, Paarl",1,1.7,Cape Cobras,Lions,GC Smith,HM Amla,CH Morris,0,0,,,,,,caught,GC Smith,,
652269,2013/14,2014-01-15,"Boland Park, Paarl",1,1.8,Cape Cobras,Lions,S van Zyl,HM Amla,CH Morris,0,0,,,,,,,,,
652269,2013/14,2014-01-15,"Boland Park, Paarl",1,2.1,Cape Cobras,Lions,HM Amla,S van Zyl,GC Viljoen,0,0,,,,,,,,,
652269,2013/14,2014-01-15,"Boland Park, Paarl",1,2.2,Cape Cobras,Lions,HM Amla,S van Zyl,GC Viljoen,0,0,,,,,,,,,
652269,2013/14,2014-01-15,"Boland Park, Paarl",1,2.3,Cape Cobras,Lions,HM Amla,S van Zyl,GC Viljoen,1,0,,,,,,,,,
652269,2013/14,2014-01-15,"Boland Park, Paarl",1,2.4,Cape Cobras,Lions,S van Zyl,HM Amla,GC Viljoen,2,0,,,,,,,,,
652269,2013/14,2014-01-15,"Boland Park, Paarl",1,2.5,Cape Cobras,Lions,S van Zyl,HM Amla,GC Viljoen,0,1,,,,1,,,,,
652269,2013/14,2014-01-15,"Boland Park, Paarl",1,2.6,Cape Cobras,Lions,HM Amla,S van Zyl,GC Viljoen,0,0,,,,,,,,,
652269,2013/14,2014-01-15,"Boland Park, Paarl",1,3.1,Cape Cobras,Lions,S van Zyl,HM Amla,CH Morris,0,0,,,,,,,,,
652269,2013/14,2014-01-15,"Boland Park, Paarl",1,3.2,Cape Cobras,Lions,S van Zyl,HM Amla,CH Morris,0,0,,,,,,,,,
652269,2013/14,2014-01-15,"Boland Park, Paarl",1,3.3,Cape Cobras,Lions,S van Zyl,HM Amla,CH Morris,0,0,,,,,,,,,
652269,2013/14,2014-01-15,"Boland Park, Paarl",1,3.4,Cape Cobras,Lions,S van Zyl,HM Amla,CH Morris,4,0,,,,,,,,,
652269,2013/14,2014-01-15,"Boland Park, Paarl",1,3.5,Cape Cobras,Lions,S van Zyl,HM Amla,CH Morris,1,0,,,,,,,,,
652269,2013/14,2014-01-15,"Boland Park, Paarl",1,3.6,Cape Cobras,Lions,HM Amla,S van Zyl,CH Morris,0,0,,,,,,,,,
652269,2013/14,2014-01-15,"Boland Park, Paarl",1,4.1,Cape Cobras,Lions,S van Zyl,HM Amla,GC Viljoen,0,1,1,,,,,,,,
652269,2013/14,2014-01-15,"Boland Park, Paarl",1,4.2,Cape Cobras,Lions,S van Zyl,HM Amla,GC Viljoen,0,0,,,,,,,,,
652269,2013/14,2014-01-15,"Boland Park, Paarl",1,4.3,Cape Cobras,Lions,S van Zyl,HM Amla,GC Viljoen,1,0,,,,,,,,,
652269,2013/14,2014-01-15,"Boland Park, Paarl",1,4.4,Cape Cobras,Lions,HM Amla,S van Zyl,GC Viljoen,0,0,,,,,,,,,
652269,2013/14,2014-01-15,"Boland Park, Paarl",1,4.5,Cape Cobras,Lions,HM Amla,S van Zyl,GC Viljoen,0,0,,,,,,,,,
652269,2013/14,2014-01-15,"Boland Park, Paarl",1,4.6,Cape Cobras,Lions,HM Amla,S van Zyl,GC Viljoen,0,0,,,,,,,,,
652269,2013/14,2014-01-15,"Boland Park, Paarl",1,4.7,Cape Cobras,Lions,HM Amla,S van Zyl,GC Viljoen,2,0,,,,,,,,,
652269,2013/14,2014-01-15,"Boland Park, Paarl",1,5.1,Cape Cobras,Lions,S van Zyl,HM Amla,Azhar Mahmood,0,0,,,,,,,,,
652269,2013/14,2014-01-15,"Boland Park, Paarl",1,5.2,Cape Cobras,Lions,S van Zyl,HM Amla,Azhar Mahmood,1,0,,,,,,,,,
652269,2013/14,2014-01-15,"Boland Park, Paarl",1,5.3,Cape Cobras,Lions,HM Amla,S van Zyl,Azhar Mahmood,2,0,,,,,,,,,
652269,2013/14,2014-01-15,"Boland Park, Paarl",1,5.4,Cape Cobras,Lions,HM Amla,S van Zyl,Azhar Mahmood,0,0,,,,,,,,,
652269,2013/14,2014-01-15,"Boland Park, Paarl",1,5.5,Cape Cobras,Lions,HM Amla,S van Zyl,Azhar Mahmood,4,0,,,,,,,,,
652269,2013/14,2014-01-15,"Boland Park, Paarl",1,5.6,Cape Cobras,Lions,HM Amla,S van Zyl,Azhar Mahmood,4,0,,,,,,,,,
652269,2013/14,2014-01-15,"Boland Park, Paarl",1,6.1,Cape Cobras,Lions,S van Zyl,HM Amla,GC Viljoen,4,0,,,,,,,,,
652269,2013/14,2014-01-15,"Boland Park, Paarl",1,6.2,Cape Cobras,Lions,S van Zyl,HM Amla,GC Viljoen,1,0,,,,,,,,,
652269,2013/14,2014-01-15,"Boland Park, Paarl",1,6.3,Cape Cobras,Lions,HM Amla,S van Zyl,GC Viljoen,0,0,,,,,,,,,
652269,2013/14,2014-01-15,"Boland Park, Paarl",1,6.4,Cape Cobras,Lions,HM Amla,S van Zyl,GC Viljoen,4,0,,,,,,,,,
652269,2013/14,2014-01-15,"Boland Park, Paarl",1,6.5,Cape Cobras,Lions,HM Amla,S van Zyl,GC Viljoen,1,0,,,,,,,,,
652269,2013/14,2014-01-15,"Boland Park, Paarl",1,6.6,Cape Cobras,Lions,S van Zyl,HM Amla,GC Viljoen,0,0,,,,,,,,,
652269,2013/14,2014-01-15,"Boland Park, Paarl",1,7.1,Cape Cobras,Lions,HM Amla,S van Zyl,Imran Tahir,0,0,,,,,,,,,
652269,2013/14,2014-01-15,"Boland Park, Paarl",1,7.2,Cape Cobras,Lions,HM Amla,S van Zyl,Imran Tahir,1,0,,,,,,,,,
652269,2013/14,2014-01-15,"Boland Park, Paarl",1,7.3,Cape Cobras,Lions,S van Zyl,HM Amla,Imran Tahir,0,0,,,,,,,,,
652269,2013/14,2014-01-15,"Boland Park, Paarl",1,7.4,Cape Cobras,Lions,S van Zyl,HM Amla,Imran Tahir,2,0,,,,,,,,,
652269,2013/14,2014-01-15,"Boland Park, Paarl",1,7.5,Cape Cobras,Lions,S van Zyl,HM Amla,Imran Tahir,0,0,,,,,,,,,
652269,2013/14,2014-01-15,"Boland Park, Paarl",1,7.6,Cape Cobras,Lions,S van Zyl,HM Amla,Imran Tahir,1,0,,,,,,,,,
652269,2013/14,2014-01-15,"Boland Park, Paarl",1,8.1,Cape Cobras,Lions,S van Zyl,HM Amla,AM Phangiso,2,0,,,,,,,,,
652269,2013/14,2014-01-15,"Boland Park, Paarl",1,8.2,Cape Cobras,Lions,S van Zyl,HM Amla,AM Phangiso,1,0,,,,,,,,,
652269,2013/14,2014-01-15,"Boland Park, Paarl",1,8.3,Cape Cobras,Lions,HM Amla,S van Zyl,AM Phangiso,0,0,,,,,,,,,
652269,2013/14,2014-01-15,"Boland Park, Paarl",1,8.4,Cape Cobras,Lions,HM Amla,S van Zyl,AM Phangiso,0,1,,,,1,,,,,
652269,2013/14,2014-01-15,"Boland Park, Paarl",1,8.5,Cape Cobras,Lions,S van Zyl,HM Amla,AM Phangiso,0,0,,,,,,,,,
652269,2013/14,2014-01-15,"Boland Park, Paarl",1,8.6,Cape Cobras,Lions,S van Zyl,HM Amla,AM Phangiso,0,0,,,,,,,,,
652269,2013/14,2014-01-15,"Boland Park, Paarl",1,9.1,Cape Cobras,Lions,HM Amla,S van Zyl,Imran Tahir,1,0,,,,,,,,,
652269,2013/14,2014-01-15,"Boland Park, Paarl",1,9.2,Cape Cobras,Lions,S van Zyl,HM Amla,Imran Tahir,6,0,,,,,,,,,
652269,2013/14,2014-01-15,"Boland Park, Paarl",1,9.3,Cape Cobras,Lions,S van Zyl,HM Amla,Imran Tahir,4,0,,,,,,,,,
652269,2013/14,2014-01-15,"Boland Park, Paarl",1,9.4,Cape Cobras,Lions,S van Zyl,HM Amla,Imran Tahir,1,0,,,,,,,,,
652269,2013/14,2014-01-15,"Boland Park, Paarl",1,9.5,Cape Cobras,Lions,HM Amla,S van Zyl,Imran Tahir,1,0,,,,,,,,,
652269,2013/14,2014-01-15,"Boland Park, Paarl",1,9.6,Cape Cobras,Lions,S van Zyl,HM Amla,Imran Tahir,1,0,,,,,,,,,
652269,2013/14,2014-01-15,"Boland Park, Paarl",1,10.1,Cape Cobras,Lions,S van Zyl,HM Amla,AM Phangiso,1,0,,,,,,,,,
652269,2013/14,2014-01-15,"Boland Park, Paarl",1,10.2,Cape Cobras,Lions,HM Amla,S van Zyl,AM Phangiso,1,0,,,,,,,,,
652269,2013/14,2014-01-15,"Boland Park, Paarl",1,10.3,Cape Cobras,Lions,S van Zyl,HM Amla,AM Phangiso,1,0,,,,,,,,,
652269,2013/14,2014-01-15,"Boland Park, Paarl",1,10.4,Cape Cobras,Lions,HM Amla,S van Zyl,AM Phangiso,4,0,,,,,,,,,
652269,2013/14,2014-01-15,"Boland Park, Paarl",1,10.5,Cape Cobras,Lions,HM Amla,S van Zyl,AM Phangiso,1,0,,,,,,,,,
652269,2013/14,2014-01-15,"Boland Park, Paarl",1,10.6,Cape Cobras,Lions,S van Zyl,HM Amla,AM Phangiso,0,2,2,,,,,,,,
652269,2013/14,2014-01-15,"Boland Park, Paarl",1,10.7,Cape Cobras,Lions,HM Amla,S van Zyl,AM Phangiso,1,0,,,,,,,,,
652269,2013/14,2014-01-15,"Boland Park, Paarl",1,11.1,Cape Cobras,Lions,HM Amla,S van Zyl,Imran Tahir,1,0,,,,,,,,,
652269,2013/14,2014-01-15,"Boland Park, Paarl",1,11.2,Cape Cobras,Lions,S van Zyl,HM Amla,Imran Tahir,1,0,,,,,,,,,
652269,2013/14,2014-01-15,"Boland Park, Paarl",1,11.3,Cape Cobras,Lions,HM Amla,S van Zyl,Imran Tahir,2,0,,,,,,,,,
652269,2013/14,2014-01-15,"Boland Park, Paarl",1,11.4,Cape Cobras,Lions,HM Amla,S van Zyl,Imran Tahir,1,0,,,,,,,,,
652269,2013/14,2014-01-15,"Boland Park, Paarl",1,11.5,Cape Cobras,Lions,S van Zyl,HM Amla,Imran Tahir,1,0,,,,,,,,,
652269,2013/14,2014-01-15,"Boland Park, Paarl",1,11.6,Cape Cobras,Lions,HM Amla,S van Zyl,Imran Tahir,1,0,,,,,,,,,
652269,2013/14,2014-01-15,"Boland Park, Paarl",1,12.1,Cape Cobras,Lions,HM Amla,S van Zyl,AM Phangiso,1,0,,,,,,,,,
652269,2013/14,2014-01-15,"Boland Park, Paarl",1,12.2,Cape Cobras,Lions,S van Zyl,HM Amla,AM Phangiso,0,0,,,,,,,,,
652269,2013/14,2014-01-15,"Boland Park, Paarl",1,12.3,Cape Cobras,Lions,S van Zyl,HM Amla,AM Phangiso,4,0,,,,,,,,,
652269,2013/14,2014-01-15,"Boland Park, Paarl",1,12.4,Cape Cobras,Lions,S van Zyl,HM Amla,AM Phangiso,1,0,,,,,,,,,
652269,2013/14,2014-01-15,"Boland Park, Paarl",1,12.5,Cape Cobras,Lions,HM Amla,S van Zyl,AM Phangiso,4,0,,,,,,,,,
652269,2013/14,2014-01-15,"Boland Park, Paarl",1,12.6,Cape Cobras,Lions,HM Amla,S van Zyl,AM Phangiso,0,0,,,,,,,,,
652269,2013/14,2014-01-15,"Boland Park, Paarl",1,13.1,Cape Cobras,Lions,S van Zyl,HM Amla,Azhar Mahmood,1,0,,,,,,,,,
652269,2013/14,2014-01-15,"Boland Park, Paarl",1,13.2,Cape Cobras,Lions,HM Amla,S van Zyl,Azhar Mahmood,2,0,,,,,,,,,
652269,2013/14,2014-01-15,"Boland Park, Paarl",1,13.3,Cape Cobras,Lions,HM Amla,S van Zyl,Azhar Mahmood,1,0,,,,,,,,,
652269,2013/14,2014-01-15,"Boland Park, Paarl",1,13.4,Cape Cobras,Lions,S van Zyl,HM Amla,Azhar Mahmood,2,0,,,,,,,,,
652269,2013/14,2014-01-15,"Boland Park, Paarl",1,13.5,Cape Cobras,Lions,S van Zyl,HM Amla,Azhar Mahmood,4,0,,,,,,,,,
652269,2013/14,2014-01-15,"Boland Park, Paarl",1,13.6,Cape Cobras,Lions,S van Zyl,HM Amla,Azhar Mahmood,2,0,,,,,,,,,
652269,2013/14,2014-01-15,"Boland Park, Paarl",1,14.1,Cape Cobras,Lions,HM Amla,S van Zyl,Sohail Tanvir,1,0,,,,,,,,,
652269,2013/14,2014-01-15,"Boland Park, Paarl",1,14.2,Cape Cobras,Lions,S van Zyl,HM Amla,Sohail Tanvir,1,0,,,,,,,,,
652269,2013/14,2014-01-15,"Boland Park, Paarl",1,14.3,Cape Cobras,Lions,HM Amla,S van Zyl,Sohail Tanvir,1,0,,,,,,,,,
652269,2013/14,2014-01-15,"Boland Park, Paarl",1,14.4,Cape Cobras,Lions,S van Zyl,HM Amla,Sohail Tanvir,1,0,,,,,,,,,
652269,2013/14,2014-01-15,"Boland Park, Paarl",1,14.5,Cape Cobras,Lions,HM Amla,S van Zyl,Sohail Tanvir,2,0,,,,,,,,,
652269,2013/14,2014-01-15,"Boland Park, Paarl",1,14.6,Cape Cobras,Lions,HM Amla,S van Zyl,Sohail Tanvir,4,0,,,,,,,,,
652269,2013/14,2014-01-15,"Boland Park, Paarl",1,15.1,Cape Cobras,Lions,S van Zyl,HM Amla,CH Morris,1,0,,,,,,,,,
652269,2013/14,2014-01-15,"Boland Park, Paarl",1,15.2,Cape Cobras,Lions,HM Amla,S van Zyl,CH Morris,6,0,,,,,,,,,
652269,2013/14,2014-01-15,"Boland Park, Paarl",1,15.3,Cape Cobras,Lions,HM Amla,S van Zyl,CH Morris,1,0,,,,,,,,,
652269,2013/14,2014-01-15,"Boland Park, Paarl",1,15.4,Cape Cobras,Lions,S van Zyl,HM Amla,CH Morris,1,0,,,,,,,,,
652269,2013/14,2014-01-15,"Boland Park, Paarl",1,15.5,Cape Cobras,Lions,HM Amla,S van Zyl,CH Morris,6,0,,,,,,,,,
652269,2013/14,2014-01-15,"Boland Park, Paarl",1,15.6,Cape Cobras,Lions,HM Amla,S van Zyl,CH Morris,6,0,,,,,,,,,
652269,2013/14,2014-01-15,"Boland Park, Paarl",1,16.1,Cape Cobras,Lions,S van Zyl,HM Amla,Sohail Tanvir,2,0,,,,,,,,,
652269,2013/14,2014-01-15,"Boland Park, Paarl",1,16.2,Cape Cobras,Lions,S van Zyl,HM Amla,Sohail Tanvir,4,0,,,,,,,,,
652269,2013/14,2014-01-15,"Boland Park, Paarl",1,16.3,Cape Cobras,Lions,S van Zyl,HM Amla,Sohail Tanvir,1,0,,,,,,,,,
652269,2013/14,2014-01-15,"Boland Park, Paarl",1,16.4,Cape Cobras,Lions,HM Amla,S van Zyl,Sohail Tanvir,4,0,,,,,,,,,
652269,2013/14,2014-01-15,"Boland Park, Paarl",1,16.5,Cape Cobras,Lions,HM Amla,S van Zyl,Sohail Tanvir,1,0,,,,,,,,,
652269,2013/14,2014-01-15,"Boland Park, Paarl",1,16.6,Cape Cobras,Lions,S van Zyl,HM Amla,Sohail Tanvir,1,0,,,,,,,,,
652269,2013/14,2014-01-15,"Boland Park, Paarl",1,17.1,Cape Cobras,Lions,S van Zyl,HM Amla,GC Viljoen,0,0,,,,,,,,,
652269,2013/14,2014-01-15,"Boland Park, Paarl",1,17.2,Cape Cobras,Lions,S van Zyl,HM Amla,GC Viljoen,1,0,,,,,,,,,
652269,2013/14,2014-01-15,"Boland Park, Paarl",1,17.3,Cape Cobras,Lions,HM Amla,S van Zyl,GC Viljoen,4,0,,,,,,,,,
652269,2013/14,2014-01-15,"Boland Park, Paarl",1,17.4,Cape Cobras,Lions,HM Amla,S van Zyl,GC Viljoen,0,0,,,,,,caught and bowled,HM Amla,,
652269,2013/14,2014-01-15,"Boland Park, Paarl",1,17.5,Cape Cobras,Lions,JP Duminy,S van Zyl,GC Viljoen,1,0,,,,,,,,,
652269,2013/14,2014-01-15,"Boland Park, Paarl",1,17.6,Cape Cobras,Lions,S van Zyl,JP Duminy,GC Viljoen,1,0,,,,,,,,,
652269,2013/14,2014-01-15,"Boland Park, Paarl",1,18.1,Cape Cobras,Lions,S van Zyl,JP Duminy,Azhar Mahmood,1,0,,,,,,,,,
652269,2013/14,2014-01-15,"Boland Park, Paarl",1,18.2,Cape Cobras,Lions,JP Duminy,S van Zyl,Azhar Mahmood,1,0,,,,,,,,,
652269,2013/14,2014-01-15,"Boland Park, Paarl",1,18.3,Cape Cobras,Lions,S van Zyl,JP Duminy,Azhar Mahmood,1,0,,,,,,,,,
652269,2013/14,2014-01-15,"Boland Park, Paarl",1,18.4,Cape Cobras,Lions,JP Duminy,S van Zyl,Azhar Mahmood,1,0,,,,,,,,,
652269,2013/14,2014-01-15,"Boland Park, Paarl",1,18.5,Cape Cobras,Lions,S van Zyl,JP Duminy,Azhar Mahmood,1,0,,,,,,,,,
652269,2013/14,2014-01-15,"Boland Park, Paarl",1,18.6,Cape Cobras,Lions,JP Duminy,S van Zyl,Azhar Mahmood,4,0,,,,,,,,,
652269,2013/14,2014-01-15,"Boland Park, Paarl",1,19.1,Cape Cobras,Lions,S van Zyl,JP Duminy,Sohail Tanvir,1,0,,,,,,,,,
652269,2013/14,2014-01-15,"Boland Park, Paarl",1,19.2,Cape Cobras,Lions,JP Duminy,S van Zyl,Sohail Tanvir,1,0,,,,,,,,,
652269,2013/14,2014-01-15,"Boland Park, Paarl",1,19.3,Cape Cobras,Lions,S van Zyl,JP Duminy,Sohail Tanvir,2,0,,,,,,,,,
652269,2013/14,2014-01-15,"Boland Park, Paarl",1,19.4,Cape Cobras,Lions,S van Zyl,JP Duminy,Sohail Tanvir,6,0,,,,,,,,,
652269,2013/14,2014-01-15,"Boland Park, Paarl",1,19.5,Cape Cobras,Lions,S van Zyl,JP Duminy,Sohail Tanvir,1,0,,,,,,,,,
652269,2013/14,2014-01-15,"Boland Park, Paarl",1,19.6,Cape Cobras,Lions,JP Duminy,S van Zyl,Sohail Tanvir,1,0,,,,,,,,,
652269,2013/14,2014-01-15,"Boland Park, Paarl",2,0.1,Lions,Cape Cobras,Q de Kock,GH Bodi,BE Hendricks,0,1,1,,,,,,,,
652269,2013/14,2014-01-15,"Boland Park, Paarl",2,0.2,Lions,Cape Cobras,Q de Kock,GH Bodi,BE Hendricks,1,0,,,,,,,,,
652269,2013/14,2014-01-15,"Boland Park, Paarl",2,0.3,Lions,Cape Cobras,GH Bodi,Q de Kock,BE Hendricks,0,0,,,,,,,,,
652269,2013/14,2014-01-15,"Boland Park, Paarl",2,0.4,Lions,Cape Cobras,GH Bodi,Q de Kock,BE Hendricks,0,0,,,,,,,,,
652269,2013/14,2014-01-15,"Boland Park, Paarl",2,0.5,Lions,Cape Cobras,GH Bodi,Q de Kock,BE Hendricks,0,0,,,,,,,,,
652269,2013/14,2014-01-15,"Boland Park, Paarl",2,0.6,Lions,Cape Cobras,GH Bodi,Q de Kock,BE Hendricks,0,1,1,,,,,,,,
652269,2013/14,2014-01-15,"Boland Park, Paarl",2,0.7,Lions,Cape Cobras,GH Bodi,Q de Kock,BE Hendricks,1,0,,,,,,,,,
652269,2013/14,2014-01-15,"Boland Park, Paarl",2,0.8,Lions,Cape Cobras,Q de Kock,GH Bodi,BE Hendricks,1,0,,,,,,,,,
652269,2013/14,2014-01-15,"Boland Park, Paarl",2,1.1,Lions,Cape Cobras,Q de Kock,GH Bodi,VD Philander,0,0,,,,,,,,,
652269,2013/14,2014-01-15,"Boland Park, Paarl",2,1.2,Lions,Cape Cobras,Q de Kock,GH Bodi,VD Philander,0,0,,,,,,,,,
652269,2013/14,2014-01-15,"Boland Park, Paarl",2,1.3,Lions,Cape Cobras,Q de Kock,GH Bodi,VD Philander,4,0,,,,,,,,,
652269,2013/14,2014-01-15,"Boland Park, Paarl",2,1.4,Lions,Cape Cobras,Q de Kock,GH Bodi,VD Philander,0,0,,,,,,,,,
652269,2013/14,2014-01-15,"Boland Park, Paarl",2,1.5,Lions,Cape Cobras,Q de Kock,GH Bodi,VD Philander,0,0,,,,,,,,,
652269,2013/14,2014-01-15,"Boland Park, Paarl",2,1.6,Lions,Cape Cobras,Q de Kock,GH Bodi,VD Philander,0,0,,,,,,,,,
652269,2013/14,2014-01-15,"Boland Park, Paarl",2,2.1,Lions,Cape Cobras,GH Bodi,Q de Kock,BE Hendricks,0,0,,,,,,,,,
652269,2013/14,2014-01-15,"Boland Park, Paarl",2,2.2,Lions,Cape Cobras,GH Bodi,Q de Kock,BE Hendricks,0,1,,,,1,,,,,
652269,2013/14,2014-01-15,"Boland Park, Paarl",2,2.3,Lions,Cape Cobras,Q de Kock,GH Bodi,BE Hendricks,0,0,,,,,,,,,
652269,2013/14,2014-01-15,"Boland Park, Paarl",2,2.4,Lions,Cape Cobras,Q de Kock,GH Bodi,BE Hendricks,0,5,5,,,,,,,,
652269,2013/14,2014-01-15,"Boland Park, Paarl",2,2.5,Lions,Cape Cobras,Q de Kock,GH Bodi,BE Hendricks,4,0,,,,,,,,,
652269,2013/14,2014-01-15,"Boland Park, Paarl",2,2.6,Lions,Cape Cobras,Q de Kock,GH Bodi,BE Hendricks,4,0,,,,,,,,,
652269,2013/14,2014-01-15,"Boland Park, Paarl",2,2.7,Lions,Cape Cobras,Q de Kock,GH Bodi,BE Hendricks,0,0,,,,,,,,,
652269,2013/14,2014-01-15,"Boland Park, Paarl",2,3.1,Lions,Cape Cobras,GH Bodi,Q de Kock,VD Philander,0,0,,,,,,,,,
652269,2013/14,2014-01-15,"Boland Park, Paarl",2,3.2,Lions,Cape Cobras,GH Bodi,Q de Kock,VD Philander,1,0,,,,,,,,,
652269,2013/14,2014-01-15,"Boland Park, Paarl",2,3.3,Lions,Cape Cobras,Q de Kock,GH Bodi,VD Philander,6,0,,,,,,,,,
652269,2013/14,2014-01-15,"Boland Park, Paarl",2,3.4,Lions,Cape Cobras,Q de Kock,GH Bodi,VD Philander,0,0,,,,,,,,,
652269,2013/14,2014-01-15,"Boland Park, Paarl",2,3.5,Lions,Cape Cobras,Q de Kock,GH Bodi,VD Philander,4,0,,,,,,,,,
652269,2013/14,2014-01-15,"Boland Park, Paarl",2,3.6,Lions,Cape Cobras,Q de Kock,GH Bodi,VD Philander,0,0,,,,,,caught,Q de Kock,,
652269,2013/14,2014-01-15,"Boland Park, Paarl",2,4.1,Lions,Cape Cobras,GH Bodi,AN Petersen,RK Kleinveldt,0,0,,,,,,,,,
652269,2013/14,2014-01-15,"Boland Park, Paarl",2,4.2,Lions,Cape Cobras,GH Bodi,AN Petersen,RK Kleinveldt,0,0,,,,,,,,,
652269,2013/14,2014-01-15,"Boland Park, Paarl",2,4.3,Lions,Cape Cobras,GH Bodi,AN Petersen,RK Kleinveldt,1,0,,,,,,,,,
652269,2013/14,2014-01-15,"Boland Park, Paarl",2,4.4,Lions,Cape Cobras,AN Petersen,GH Bodi,RK Kleinveldt,1,0,,,,,,,,,
652269,2013/14,2014-01-15,"Boland Park, Paarl",2,4.5,Lions,Cape Cobras,GH Bodi,AN Petersen,RK Kleinveldt,0,0,,,,,,,,,
652269,2013/14,2014-01-15,"Boland Park, Paarl",2,4.6,Lions,Cape Cobras,GH Bodi,AN Petersen,RK Kleinveldt,0,0,,,,,,,,,
652269,2013/14,2014-01-15,"Boland Park, Paarl",2,5.1,Lions,Cape Cobras,AN Petersen,GH Bodi,JP Duminy,1,0,,,,,,,,,
652269,2013/14,2014-01-15,"Boland Park, Paarl",2,5.2,Lions,Cape Cobras,GH Bodi,AN Petersen,JP Duminy,1,0,,,,,,,,,
652269,2013/14,2014-01-15,"Boland Park, Paarl",2,5.3,Lions,Cape Cobras,AN Petersen,GH Bodi,JP Duminy,4,0,,,,,,,,,
652269,2013/14,2014-01-15,"Boland Park, Paarl",2,5.4,Lions,Cape Cobras,AN Petersen,GH Bodi,JP Duminy,4,0,,,,,,,,,
652269,2013/14,2014-01-15,"Boland Park, Paarl",2,5.5,Lions,Cape Cobras,AN Petersen,GH Bodi,JP Duminy,1,0,,,,,,,,,
652269,2013/14,2014-01-15,"Boland Park, Paarl",2,5.6,Lions,Cape Cobras,GH Bodi,AN Petersen,JP Duminy,2,0,,,,,,,,,
652269,2013/14,2014-01-15,"Boland Park, Paarl",2,6.1,Lions,Cape Cobras,AN Petersen,GH Bodi,RK Kleinveldt,0,0,,,,,,,,,
652269,2013/14,2014-01-15,"Boland Park, Paarl",2,6.2,Lions,Cape Cobras,AN Petersen,GH Bodi,RK Kleinveldt,1,0,,,,,,,,,
652269,2013/14,2014-01-15,"Boland Park, Paarl",2,6.3,Lions,Cape Cobras,GH Bodi,AN Petersen,RK Kleinveldt,1,0,,,,,,,,,
652269,2013/14,2014-01-15,"Boland Park, Paarl",2,6.4,Lions,Cape Cobras,AN Petersen,GH Bodi,RK Kleinveldt,1,0,,,,,,,,,
652269,2013/14,2014-01-15,"Boland Park, Paarl",2,6.5,Lions,Cape Cobras,GH Bodi,AN Petersen,RK Kleinveldt,0,0,,,,,,,,,
652269,2013/14,2014-01-15,"Boland Park, Paarl",2,6.6,Lions,Cape Cobras,GH Bodi,AN Petersen,RK Kleinveldt,2,0,,,,,,,,,
652269,2013/14,2014-01-15,"Boland Park, Paarl",2,7.1,Lions,Cape Cobras,AN Petersen,GH Bodi,A Mgijima,0,0,,,,,,run out,GH Bodi,,
652269,2013/14,2014-01-15,"Boland Park, Paarl",2,7.2,Lions,Cape Cobras,AN Petersen,ND McKenzie,A Mgijima,1,0,,,,,,,,,
652269,2013/14,2014-01-15,"Boland Park, Paarl",2,7.3,Lions,Cape Cobras,ND McKenzie,AN Petersen,A Mgijima,1,0,,,,,,,,,
652269,2013/14,2014-01-15,"Boland Park, Paarl",2,7.4,Lions,Cape Cobras,AN Petersen,ND McKenzie,A Mgijima,0,0,,,,,,,,,
652269,2013/14,2014-01-15,"Boland Park, Paarl",2,7.5,Lions,Cape Cobras,AN Petersen,ND McKenzie,A Mgijima,1,0,,,,,,,,,
652269,2013/14,2014-01-15,"Boland Park, Paarl",2,7.6,Lions,Cape Cobras,ND McKenzie,AN Petersen,A Mgijima,1,0,,,,,,,,,
652269,2013/14,2014-01-15,"Boland Park, Paarl",2,8.1,Lions,Cape Cobras,ND McKenzie,AN Petersen,RJ Peterson,0,0,,,,,,,,,
652269,2013/14,2014-01-15,"Boland Park, Paarl",2,8.2,Lions,Cape Cobras,ND McKenzie,AN Petersen,RJ Peterson,0,0,,,,,,,,,
652269,2013/14,2014-01-15,"Boland Park, Paarl",2,8.3,Lions,Cape Cobras,ND McKenzie,AN Petersen,RJ Peterson,0,0,,,,,,,,,
652269,2013/14,2014-01-15,"Boland Park, Paarl",2,8.4,Lions,Cape Cobras,ND McKenzie,AN Petersen,RJ Peterson,1,0,,,,,,,,,
652269,2013/14,2014-01-15,"Boland Park, Paarl",2,8.5,Lions,Cape Cobras,AN Petersen,ND McKenzie,RJ Peterson,1,0,,,,,,,,,
652269,2013/14,2014-01-15,"Boland Park, Paarl",2,8.6,Lions,Cape Cobras,ND McKenzie,AN Petersen,RJ Peterson,0,1,1,,,,,,,,
652269,2013/14,2014-01-15,"Boland Park, Paarl",2,8.7,Lions,Cape Cobras,ND McKenzie,AN Petersen,RJ Peterson,0,0,,,,,,,,,
652269,2013/14,2014-01-15,"Boland Park, Paarl",2,9.1,Lions,Cape Cobras,AN Petersen,ND McKenzie,A Mgijima,4,0,,,,,,,,,
652269,2013/14,2014-01-15,"Boland Park, Paarl",2,9.2,Lions,Cape Cobras,AN Petersen,ND McKenzie,A Mgijima,6,0,,,,,,,,,
652269,2013/14,2014-01-15,"Boland Park, Paarl",2,9.3,Lions,Cape Cobras,AN Petersen,ND McKenzie,A Mgijima,1,0,,,,,,,,,
652269,2013/14,2014-01-15,"Boland Park, Paarl",2,9.4,Lions,Cape Cobras,ND McKenzie,AN Petersen,A Mgijima,6,0,,,,,,,,,
652269,2013/14,2014-01-15,"Boland Park, Paarl",2,9.5,Lions,Cape Cobras,ND McKenzie,AN Petersen,A Mgijima,0,1,,,1,,,,,,
652269,2013/14,2014-01-15,"Boland Park, Paarl",2,9.6,Lions,Cape Cobras,AN Petersen,ND McKenzie,A Mgijima,1,0,,,,,,,,,
652269,2013/14,2014-01-15,"Boland Park, Paarl",2,10.1,Lions,Cape Cobras,AN Petersen,ND McKenzie,RJ Peterson,1,0,,,,,,,,,
652269,2013/14,2014-01-15,"Boland Park, Paarl",2,10.2,Lions,Cape Cobras,ND McKenzie,AN Petersen,RJ Peterson,0,0,,,,,,,,,
652269,2013/14,2014-01-15,"Boland Park, Paarl",2,10.3,Lions,Cape Cobras,ND McKenzie,AN Petersen,RJ Peterson,1,0,,,,,,,,,
652269,2013/14,2014-01-15,"Boland Park, Paarl",2,10.4,Lions,Cape Cobras,AN Petersen,ND McKenzie,RJ Peterson,2,0,,,,,,,,,
652269,2013/14,2014-01-15,"Boland Park, Paarl",2,10.5,Lions,Cape Cobras,AN Petersen,ND McKenzie,RJ Peterson,1,0,,,,,,,,,
652269,2013/14,2014-01-15,"Boland Park, Paarl",2,10.6,Lions,Cape Cobras,ND McKenzie,AN Petersen,RJ Peterson,0,0,,,,,,,,,
652269,2013/14,2014-01-15,"Boland Park, Paarl",2,11.1,Lions,Cape Cobras,AN Petersen,ND McKenzie,JP Duminy,1,0,,,,,,,,,
652269,2013/14,2014-01-15,"Boland Park, Paarl",2,11.2,Lions,Cape Cobras,ND McKenzie,AN Petersen,JP Duminy,2,0,,,,,,,,,
652269,2013/14,2014-01-15,"Boland Park, Paarl",2,11.3,Lions,Cape Cobras,ND McKenzie,AN Petersen,JP Duminy,0,3,,,,3,,,,,
652269,2013/14,2014-01-15,"Boland Park, Paarl",2,11.4,Lions,Cape Cobras,AN Petersen,ND McKenzie,JP Duminy,1,0,,,,,,,,,
652269,2013/14,2014-01-15,"Boland Park, Paarl",2,11.5,Lions,Cape Cobras,ND McKenzie,AN Petersen,JP Duminy,4,0,,,,,,,,,
652269,2013/14,2014-01-15,"Boland Park, Paarl",2,11.6,Lions,Cape Cobras,ND McKenzie,AN Petersen,JP Duminy,2,0,,,,,,,,,
652269,2013/14,2014-01-15,"Boland Park, Paarl",2,12.1,Lions,Cape Cobras,AN Petersen,ND McKenzie,RJ Peterson,1,0,,,,,,,,,
652269,2013/14,2014-01-15,"Boland Park, Paarl",2,12.2,Lions,Cape Cobras,ND McKenzie,AN Petersen,RJ Peterson,1,0,,,,,,,,,
652269,2013/14,2014-01-15,"Boland Park, Paarl",2,12.3,Lions,Cape Cobras,AN Petersen,ND McKenzie,RJ Peterson,0,0,,,,,,bowled,AN Petersen,,
652269,2013/14,2014-01-15,"Boland Park, Paarl",2,12.4,Lions,Cape Cobras,Azhar Mahmood,ND McKenzie,RJ Peterson,0,0,,,,,,,,,
652269,2013/14,2014-01-15,"Boland Park, Paarl",2,12.5,Lions,Cape Cobras,Azhar Mahmood,ND McKenzie,RJ Peterson,0,1,1,,,,,,,,
652269,2013/14,2014-01-15,"Boland Park, Paarl",2,12.6,Lions,Cape Cobras,Azhar Mahmood,ND McKenzie,RJ Peterson,1,0,,,,,,,,,
652269,2013/14,2014-01-15,"Boland Park, Paarl",2,12.7,Lions,Cape Cobras,ND McKenzie,Azhar Mahmood,RJ Peterson,1,0,,,,,,,,,
652269,2013/14,2014-01-15,"Boland Park, Paarl",2,13.1,Lions,Cape Cobras,ND McKenzie,Azhar Mahmood,RK Kleinveldt,0,0,,,,,,,,,
652269,2013/14,2014-01-15,"Boland Park, Paarl",2,13.2,Lions,Cape Cobras,ND McKenzie,Azhar Mahmood,RK Kleinveldt,1,0,,,,,,,,,
652269,2013/14,2014-01-15,"Boland Park, Paarl",2,13.3,Lions,Cape Cobras,Azhar Mahmood,ND McKenzie,RK Kleinveldt,1,0,,,,,,,,,
652269,2013/14,2014-01-15,"Boland Park, Paarl",2,13.4,Lions,Cape Cobras,ND McKenzie,Azhar Mahmood,RK Kleinveldt,1,0,,,,,,,,,
652269,2013/14,2014-01-15,"Boland Park, Paarl",2,13.5,Lions,Cape Cobras,Azhar Mahmood,ND McKenzie,RK Kleinveldt,1,0,,,,,,,,,
652269,2013/14,2014-01-15,"Boland Park, Paarl",2,13.6,Lions,Cape Cobras,ND McKenzie,Azhar Mahmood,RK Kleinveldt,4,0,,,,,,,,,
652269,2013/14,2014-01-15,"Boland Park, Paarl",2,14.1,Lions,Cape Cobras,Azhar Mahmood,ND McKenzie,RJ Peterson,4,0,,,,,,,,,
652269,2013/14,2014-01-15,"Boland Park, Paarl",2,14.2,Lions,Cape Cobras,Azhar Mahmood,ND McKenzie,RJ Peterson,0,0,,,,,,caught,Azhar Mahmood,,
652269,2013/14,2014-01-15,"Boland Park, Paarl",2,14.3,Lions,Cape Cobras,ND McKenzie,Sohail Tanvir,RJ Peterson,1,0,,,,,,,,,
652269,2013/14,2014-01-15,"Boland Park, Paarl",2,14.4,Lions,Cape Cobras,Sohail Tanvir,ND McKenzie,RJ Peterson,0,0,,,,,,caught,Sohail Tanvir,,
652269,2013/14,2014-01-15,"Boland Park, Paarl",2,14.5,Lions,Cape Cobras,ND McKenzie,TL Tsolekile,RJ Peterson,1,0,,,,,,,,,
652269,2013/14,2014-01-15,"Boland Park, Paarl",2,14.6,Lions,Cape Cobras,TL Tsolekile,ND McKenzie,RJ Peterson,0,0,,,,,,,,,
652269,2013/14,2014-01-15,"Boland Park, Paarl",2,15.1,Lions,Cape Cobras,ND McKenzie,TL Tsolekile,VD Philander,4,0,,,,,,,,,
652269,2013/14,2014-01-15,"Boland Park, Paarl",2,15.2,Lions,Cape Cobras,ND McKenzie,TL Tsolekile,VD Philander,2,0,,,,,,,,,
652269,2013/14,2014-01-15,"Boland Park, Paarl",2,15.3,Lions,Cape Cobras,ND McKenzie,TL Tsolekile,VD Philander,1,0,,,,,,,,,
652269,2013/14,2014-01-15,"Boland Park, Paarl",2,15.4,Lions,Cape Cobras,TL Tsolekile,ND McKenzie,VD Philander,4,0,,,,,,,,,
652269,2013/14,2014-01-15,"Boland Park, Paarl",2,15.5,Lions,Cape Cobras,TL Tsolekile,ND McKenzie,VD Philander,4,0,,,,,,,,,
652269,2013/14,2014-01-15,"Boland Park, Paarl",2,15.6,Lions,Cape Cobras,TL Tsolekile,ND McKenzie,VD Philander,1,0,,,,,,,,,
652269,2013/14,2014-01-15,"Boland Park, Paarl",2,16.1,Lions,Cape Cobras,TL Tsolekile,ND McKenzie,BE Hendricks,0,0,,,,,,,,,
652269,2013/14,2014-01-15,"Boland Park, Paarl",2,16.2,Lions,Cape Cobras,TL Tsolekile,ND McKenzie,BE Hendricks,1,0,,,,,,,,,
652269,2013/14,2014-01-15,"Boland Park, Paarl",2,16.3,Lions,Cape Cobras,ND McKenzie,TL Tsolekile,BE Hendricks,0,0,,,,,,caught,ND McKenzie,,
652269,2013/14,2014-01-15,"Boland Park, Paarl",2,16.4,Lions,Cape Cobras,CH Morris,TL Tsolekile,BE Hendricks,0,0,,,,,,,,,
652269,2013/14,2014-01-15,"Boland Park, Paarl",2,16.5,Lions,Cape Cobras,CH Morris,TL Tsolekile,BE Hendricks,2,0,,,,,,,,,
652269,2013/14,2014-01-15,"Boland Park, Paarl",2,16.6,Lions,Cape Cobras,CH Morris,TL Tsolekile,BE Hendricks,6,0,,,,,,,,,
652269,2013/14,2014-01-15,"Boland Park, Paarl",2,17.1,Lions,Cape Cobras,TL Tsolekile,CH Morris,RK Kleinveldt,4,0,,,,,,,,,
652269,2013/14,2014-01-15,"Boland Park, Paarl",2,17.2,Lions,Cape Cobras,TL Tsolekile,CH Morris,RK Kleinveldt,4,0,,,,,,,,,
652269,2013/14,2014-01-15,"Boland Park, Paarl",2,17.3,Lions,Cape Cobras,TL Tsolekile,CH Morris,RK Kleinveldt,1,0,,,,,,,,,
652269,2013/14,2014-01-15,"Boland Park, Paarl",2,17.4,Lions,Cape Cobras,CH Morris,TL Tsolekile,RK Kleinveldt,0,0,,,,,,,,,
652269,2013/14,2014-01-15,"Boland Park, Paarl",2,17.5,Lions,Cape Cobras,CH Morris,TL Tsolekile,RK Kleinveldt,0,1,1,,,,,,,,
652269,2013/14,2014-01-15,"Boland Park, Paarl",2,17.6,Lions,Cape Cobras,CH Morris,TL Tsolekile,RK Kleinveldt,6,0,,,,,,,,,
652269,2013/14,2014-01-15,"Boland Park, Paarl",2,17.7,Lions,Cape Cobras,CH Morris,TL Tsolekile,RK Kleinveldt,1,0,,,,,,,,,
652269,2013/14,2014-01-15,"Boland Park, Paarl",2,18.1,Lions,Cape Cobras,CH Morris,TL Tsolekile,BE Hendricks,0,0,,,,,,,,,
652269,2013/14,2014-01-15,"Boland Park, Paarl",2,18.2,Lions,Cape Cobras,CH Morris,TL Tsolekile,BE Hendricks,1,0,,,,,,,,,
652269,2013/14,2014-01-15,"Boland Park, Paarl",2,18.3,Lions,Cape Cobras,TL Tsolekile,CH Morris,BE Hendricks,0,0,,,,,,caught,TL Tsolekile,,
652269,2013/14,2014-01-15,"Boland Park, Paarl",2,18.4,Lions,Cape Cobras,GC Viljoen,CH Morris,BE Hendricks,1,0,,,,,,,,,
652269,2013/14,2014-01-15,"Boland Park, Paarl",2,18.5,Lions,Cape Cobras,CH Morris,GC Viljoen,BE Hendricks,4,0,,,,,,,,,
652269,2013/14,2014-01-15,"Boland Park, Paarl",2,18.6,Lions,Cape Cobras,CH Morris,GC Viljoen,BE Hendricks,2,0,,,,,,,,,
652269,2013/14,2014-01-15,"Boland Park, Paarl",2,19.1,Lions,Cape Cobras,GC Viljoen,CH Morris,VD Philander,1,0,,,,,,,,,
652269,2013/14,2014-01-15,"Boland Park, Paarl",2,19.2,Lions,Cape Cobras,CH Morris,GC Viljoen,VD Philander,2,0,,,,,,,,,
652269,2013/14,2014-01-15,"Boland Park, Paarl",2,19.3,Lions,Cape Cobras,CH Morris,GC Viljoen,VD Philander,1,0,,,,,,,,,
652269,2013/14,2014-01-15,"Boland Park, Paarl",2,19.4,Lions,Cape Cobras,GC Viljoen,CH Morris,VD Philander,0,0,,,,,,,,,
652269,2013/14,2014-01-15,"Boland Park, Paarl",2,19.5,Lions,Cape Cobras,GC Viljoen,CH Morris,VD Philander,0,0,,,,,,caught,GC Viljoen,,
652269,2013/14,2014-01-15,"Boland Park, Paarl",2,19.6,Lions,Cape Cobras,CH Morris,AM Phangiso,VD Philander,1,0,,,,,,,,,
