match_id,season,start_date,venue,innings,ball,batting_team,bowling_team,striker,non_striker,bowler,runs_off_bat,extras,wides,noballs,byes,legbyes,penalty,wicket_type,player_dismissed,other_wicket_type,other_player_dismissed
736269,2014/15,2014-11-09,"Kingsmead, Durban",1,0.1,Dolphins,Titans,MN van Wyk,CS Delport,NE Mbhalati,1,0,,,,,,,,,
736269,2014/15,2014-11-09,"Kingsmead, Durban",1,0.2,Dolphins,Titans,CS Delport,MN van Wyk,NE Mbhalati,3,0,,,,,,,,,
736269,2014/15,2014-11-09,"Kingsmead, Durban",1,0.3,Dolphins,Titans,MN van Wyk,CS Delport,NE Mbhalati,3,0,,,,,,,,,
736269,2014/15,2014-11-09,"Kingsmead, Durban",1,0.4,Dolphins,Titans,CS Delport,MN van Wyk,NE Mbhalati,0,0,,,,,,,,,
736269,2014/15,2014-11-09,"Kingsmead, Durban",1,0.5,Dolphins,Titans,CS Delport,MN van Wyk,NE Mbhalati,0,0,,,,,,,,,
736269,2014/15,2014-11-09,"Kingsmead, Durban",1,0.6,Dolphins,Titans,CS Delport,MN van Wyk,NE Mbhalati,1,0,,,,,,,,,
736269,2014/15,2014-11-09,"Kingsmead, Durban",1,1.1,Dolphins,Titans,CS Delport,MN van Wyk,RE van der Merwe,0,0,,,,,,,,,
736269,2014/15,2014-11-09,"Kingsmead, Durban",1,1.2,Dolphins,Titans,CS Delport,MN van Wyk,RE van der Merwe,0,5,5,,,,,,,,
736269,2014/15,2014-11-09,"Kingsmead, Durban",1,1.3,Dolphins,Titans,CS Delport,MN van Wyk,RE van der Merwe,1,0,,,,,,,,,
736269,2014/15,2014-11-09,"Kingsmead, Durban",1,1.4,Dolphins,Titans,MN van Wyk,CS Delport,RE van der Merwe,0,0,,,,,,,,,
736269,2014/15,2014-11-09,"Kingsmead, Durban",1,1.5,Dolphins,Titans,MN van Wyk,CS Delport,RE van der Merwe,4,0,,,,,,,,,
736269,2014/15,2014-11-09,"Kingsmead, Durban",1,1.6,Dolphins,Titans,MN van Wyk,CS Delport,RE van der Merwe,4,0,,,,,,,,,
736269,2014/15,2014-11-09,"Kingsmead, Durban",1,1.7,Dolphins,Titans,MN van Wyk,CS Delport,RE van der Merwe,1,0,,,,,,,,,
736269,2014/15,2014-11-09,"Kingsmead, Durban",1,2.1,Dolphins,Titans,MN van Wyk,CS Delport,NE Mbhalati,0,0,,,,,,,,,
736269,2014/15,2014-11-09,"Kingsmead, Durban",1,2.2,Dolphins,Titans,MN van Wyk,CS Delport,NE Mbhalati,4,0,,,,,,,,,
736269,2014/15,2014-11-09,"Kingsmead, Durban",1,2.3,Dolphins,Titans,MN van Wyk,CS Delport,NE Mbhalati,4,0,,,,,,,,,
736269,2014/15,2014-11-09,"Kingsmead, Durban",1,2.4,Dolphins,Titans,MN van Wyk,CS Delport,NE Mbhalati,0,0,,,,,,,,,
736269,2014/15,2014-11-09,"Kingsmead, Durban",1,2.5,Dolphins,Titans,MN van Wyk,CS Delport,NE Mbhalati,0,1,1,,,,,,,,
736269,2014/15,2014-11-09,"Kingsmead, Durban",1,2.6,Dolphins,Titans,MN van Wyk,CS Delport,NE Mbhalati,6,0,,,,,,,,,
736269,2014/15,2014-11-09,"Kingsmead, Durban",1,2.7,Dolphins,Titans,MN van Wyk,CS Delport,NE Mbhalati,6,0,,,,,,,,,
736269,2014/15,2014-11-09,"Kingsmead, Durban",1,3.1,Dolphins,Titans,CS Delport,MN van Wyk,DJG Sammy,0,0,,,,,,,,,
736269,2014/15,2014-11-09,"Kingsmead, Durban",1,3.2,Dolphins,Titans,CS Delport,MN van Wyk,DJG Sammy,4,0,,,,,,,,,
736269,2014/15,2014-11-09,"Kingsmead, Durban",1,3.3,Dolphins,Titans,CS Delport,MN van Wyk,DJG Sammy,1,0,,,,,,,,,
736269,2014/15,2014-11-09,"Kingsmead, Durban",1,3.4,Dolphins,Titans,MN van Wyk,CS Delport,DJG Sammy,4,0,,,,,,,,,
736269,2014/15,2014-11-09,"Kingsmead, Durban",1,3.5,Dolphins,Titans,MN van Wyk,CS Delport,DJG Sammy,0,0,,,,,,caught,MN van Wyk,,
736269,2014/15,2014-11-09,"Kingsmead, Durban",1,3.6,Dolphins,Titans,C Chetty,CS Delport,DJG Sammy,0,0,,,,,,,,,
736269,2014/15,2014-11-09,"Kingsmead, Durban",1,4.1,Dolphins,Titans,CS Delport,C Chetty,C Bosch,0,0,,,,,,,,,
736269,2014/15,2014-11-09,"Kingsmead, Durban",1,4.2,Dolphins,Titans,CS Delport,C Chetty,C Bosch,0,0,,,,,,,,,
736269,2014/15,2014-11-09,"Kingsmead, Durban",1,4.3,Dolphins,Titans,CS Delport,C Chetty,C Bosch,6,0,,,,,,,,,
736269,2014/15,2014-11-09,"Kingsmead, Durban",1,4.4,Dolphins,Titans,CS Delport,C Chetty,C Bosch,0,1,1,,,,,,,,
736269,2014/15,2014-11-09,"Kingsmead, Durban",1,4.5,Dolphins,Titans,CS Delport,C Chetty,C Bosch,4,0,,,,,,,,,
736269,2014/15,2014-11-09,"Kingsmead, Durban",1,4.6,Dolphins,Titans,CS Delport,C Chetty,C Bosch,1,0,,,,,,,,,
736269,2014/15,2014-11-09,"Kingsmead, Durban",1,4.7,Dolphins,Titans,C Chetty,CS Delport,C Bosch,2,0,,,,,,,,,
736269,2014/15,2014-11-09,"Kingsmead, Durban",1,5.1,Dolphins,Titans,CS Delport,C Chetty,T Shamsi,0,0,,,,,,,,,
736269,2014/15,2014-11-09,"Kingsmead, Durban",1,5.2,Dolphins,Titans,CS Delport,C Chetty,T Shamsi,0,0,,,,,,,,,
736269,2014/15,2014-11-09,"Kingsmead, Durban",1,5.3,Dolphins,Titans,CS Delport,C Chetty,T Shamsi,4,0,,,,,,,,,
736269,2014/15,2014-11-09,"Kingsmead, Durban",1,5.4,Dolphins,Titans,CS Delport,C Chetty,T Shamsi,4,0,,,,,,,,,
736269,2014/15,2014-11-09,"Kingsmead, Durban",1,5.5,Dolphins,Titans,CS Delport,C Chetty,T Shamsi,0,0,,,,,,,,,
736269,2014/15,2014-11-09,"Kingsmead, Durban",1,5.6,Dolphins,Titans,CS Delport,C Chetty,T Shamsi,0,0,,,,,,,,,
736269,2014/15,2014-11-09,"Kingsmead, Durban",1,6.1,Dolphins,Titans,C Chetty,CS Delport,H Davids,1,0,,,,,,,,,
736269,2014/15,2014-11-09,"Kingsmead, Durban",1,6.2,Dolphins,Titans,CS Delport,C Chetty,H Davids,0,0,,,,,,,,,
736269,2014/15,2014-11-09,"Kingsmead, Durban",1,6.3,Dolphins,Titans,CS Delport,C Chetty,H Davids,0,0,,,,,,,,,
736269,2014/15,2014-11-09,"Kingsmead, Durban",1,6.4,Dolphins,Titans,CS Delport,C Chetty,H Davids,1,0,,,,,,,,,
736269,2014/15,2014-11-09,"Kingsmead, Durban",1,6.5,Dolphins,Titans,C Chetty,CS Delport,H Davids,0,0,,,,,,,,,
736269,2014/15,2014-11-09,"Kingsmead, Durban",1,6.6,Dolphins,Titans,C Chetty,CS Delport,H Davids,1,0,,,,,,,,,
736269,2014/15,2014-11-09,"Kingsmead, Durban",1,7.1,Dolphins,Titans,C Chetty,CS Delport,RE van der Merwe,4,0,,,,,,,,,
736269,2014/15,2014-11-09,"Kingsmead, Durban",1,7.2,Dolphins,Titans,C Chetty,CS Delport,RE van der Merwe,1,0,,,,,,,,,
736269,2014/15,2014-11-09,"Kingsmead, Durban",1,7.3,Dolphins,Titans,CS Delport,C Chetty,RE van der Merwe,6,0,,,,,,,,,
736269,2014/15,2014-11-09,"Kingsmead, Durban",1,7.4,Dolphins,Titans,CS Delport,C Chetty,RE van der Merwe,1,0,,,,,,,,,
736269,2014/15,2014-11-09,"Kingsmead, Durban",1,7.5,Dolphins,Titans,C Chetty,CS Delport,RE van der Merwe,2,0,,,,,,,,,
736269,2014/15,2014-11-09,"Kingsmead, Durban",1,7.6,Dolphins,Titans,C Chetty,CS Delport,RE van der Merwe,1,0,,,,,,,,,
736269,2014/15,2014-11-09,"Kingsmead, Durban",1,8.1,Dolphins,Titans,C Chetty,CS Delport,T Shamsi,2,0,,,,,,,,,
736269,2014/15,2014-11-09,"Kingsmead, Durban",1,8.2,Dolphins,Titans,C Chetty,CS Delport,T Shamsi,0,0,,,,,,,,,
736269,2014/15,2014-11-09,"Kingsmead, Durban",1,8.3,Dolphins,Titans,C Chetty,CS Delport,T Shamsi,1,0,,,,,,,,,
736269,2014/15,2014-11-09,"Kingsmead, Durban",1,8.4,Dolphins,Titans,CS Delport,C Chetty,T Shamsi,0,0,,,,,,,,,
736269,2014/15,2014-11-09,"Kingsmead, Durban",1,8.5,Dolphins,Titans,CS Delport,C Chetty,T Shamsi,6,0,,,,,,,,,
736269,2014/15,2014-11-09,"Kingsmead, Durban",1,8.6,Dolphins,Titans,CS Delport,C Chetty,T Shamsi,2,0,,,,,,,,,
736269,2014/15,2014-11-09,"Kingsmead, Durban",1,9.1,Dolphins,Titans,C Chetty,CS Delport,DJG Sammy,2,0,,,,,,,,,
736269,2014/15,2014-11-09,"Kingsmead, Durban",1,9.2,Dolphins,Titans,C Chetty,CS Delport,DJG Sammy,1,0,,,,,,,,,
736269,2014/15,2014-11-09,"Kingsmead, Durban",1,9.3,Dolphins,Titans,CS Delport,C Chetty,DJG Sammy,0,0,,,,,,caught,CS Delport,,
736269,2014/15,2014-11-09,"Kingsmead, Durban",1,9.4,Dolphins,Titans,VB van Jaarsveld,C Chetty,DJG Sammy,1,0,,,,,,,,,
736269,2014/15,2014-11-09,"Kingsmead, Durban",1,9.5,Dolphins,Titans,C Chetty,VB van Jaarsveld,DJG Sammy,1,0,,,,,,,,,
736269,2014/15,2014-11-09,"Kingsmead, Durban",1,9.6,Dolphins,Titans,VB van Jaarsveld,C Chetty,DJG Sammy,1,0,,,,,,,,,
736269,2014/15,2014-11-09,"Kingsmead, Durban",1,10.1,Dolphins,Titans,VB van Jaarsveld,C Chetty,T Shamsi,1,0,,,,,,,,,
736269,2014/15,2014-11-09,"Kingsmead, Durban",1,10.2,Dolphins,Titans,C Chetty,VB van Jaarsveld,T Shamsi,1,0,,,,,,,,,
736269,2014/15,2014-11-09,"Kingsmead, Durban",1,10.3,Dolphins,Titans,VB van Jaarsveld,C Chetty,T Shamsi,1,0,,,,,,,,,
736269,2014/15,2014-11-09,"Kingsmead, Durban",1,10.4,Dolphins,Titans,C Chetty,VB van Jaarsveld,T Shamsi,1,0,,,,,,,,,
736269,2014/15,2014-11-09,"Kingsmead, Durban",1,10.5,Dolphins,Titans,VB van Jaarsveld,C Chetty,T Shamsi,0,0,,,,,,,,,
736269,2014/15,2014-11-09,"Kingsmead, Durban",1,10.6,Dolphins,Titans,VB van Jaarsveld,C Chetty,T Shamsi,0,0,,,,,,,,,
736269,2014/15,2014-11-09,"Kingsmead, Durban",1,11.1,Dolphins,Titans,C Chetty,VB van Jaarsveld,DJG Sammy,1,0,,,,,,,,,
736269,2014/15,2014-11-09,"Kingsmead, Durban",1,11.2,Dolphins,Titans,VB van Jaarsveld,C Chetty,DJG Sammy,0,1,1,,,,,,,,
736269,2014/15,2014-11-09,"Kingsmead, Durban",1,11.3,Dolphins,Titans,VB van Jaarsveld,C Chetty,DJG Sammy,1,0,,,,,,,,,
736269,2014/15,2014-11-09,"Kingsmead, Durban",1,11.4,Dolphins,Titans,C Chetty,VB van Jaarsveld,DJG Sammy,6,0,,,,,,,,,
736269,2014/15,2014-11-09,"Kingsmead, Durban",1,11.5,Dolphins,Titans,C Chetty,VB van Jaarsveld,DJG Sammy,4,0,,,,,,,,,
736269,2014/15,2014-11-09,"Kingsmead, Durban",1,11.6,Dolphins,Titans,C Chetty,VB van Jaarsveld,DJG Sammy,0,0,,,,,,,,,
736269,2014/15,2014-11-09,"Kingsmead, Durban",1,11.7,Dolphins,Titans,C Chetty,VB van Jaarsveld,DJG Sammy,1,0,,,,,,,,,
736269,2014/15,2014-11-09,"Kingsmead, Durban",1,12.1,Dolphins,Titans,C Chetty,VB van Jaarsveld,H Davids,1,0,,,,,,,,,
736269,2014/15,2014-11-09,"Kingsmead, Durban",1,12.2,Dolphins,Titans,VB van Jaarsveld,C Chetty,H Davids,1,0,,,,,,,,,
736269,2014/15,2014-11-09,"Kingsmead, Durban",1,12.3,Dolphins,Titans,C Chetty,VB van Jaarsveld,H Davids,1,0,,,,,,,,,
736269,2014/15,2014-11-09,"Kingsmead, Durban",1,12.4,Dolphins,Titans,VB van Jaarsveld,C Chetty,H Davids,1,0,,,,,,,,,
736269,2014/15,2014-11-09,"Kingsmead, Durban",1,12.5,Dolphins,Titans,C Chetty,VB van Jaarsveld,H Davids,6,0,,,,,,,,,
736269,2014/15,2014-11-09,"Kingsmead, Durban",1,12.6,Dolphins,Titans,C Chetty,VB van Jaarsveld,H Davids,1,0,,,,,,,,,
736269,2014/15,2014-11-09,"Kingsmead, Durban",1,13.1,Dolphins,Titans,C Chetty,VB van Jaarsveld,D Elgar,1,0,,,,,,,,,
736269,2014/15,2014-11-09,"Kingsmead, Durban",1,13.2,Dolphins,Titans,VB van Jaarsveld,C Chetty,D Elgar,1,0,,,,,,,,,
736269,2014/15,2014-11-09,"Kingsmead, Durban",1,13.3,Dolphins,Titans,C Chetty,VB van Jaarsveld,D Elgar,1,0,,,,,,,,,
736269,2014/15,2014-11-09,"Kingsmead, Durban",1,13.4,Dolphins,Titans,VB van Jaarsveld,C Chetty,D Elgar,1,0,,,,,,,,,
736269,2014/15,2014-11-09,"Kingsmead, Durban",1,13.5,Dolphins,Titans,C Chetty,VB van Jaarsveld,D Elgar,0,0,,,,,,caught and bowled,C Chetty,,
736269,2014/15,2014-11-09,"Kingsmead, Durban",1,13.6,Dolphins,Titans,DJ Bravo,VB van Jaarsveld,D Elgar,4,0,,,,,,,,,
736269,2014/15,2014-11-09,"Kingsmead, Durban",1,14.1,Dolphins,Titans,VB van Jaarsveld,DJ Bravo,T Shamsi,0,0,,,,,,,,,
736269,2014/15,2014-11-09,"Kingsmead, Durban",1,14.2,Dolphins,Titans,VB van Jaarsveld,DJ Bravo,T Shamsi,1,0,,,,,,,,,
736269,2014/15,2014-11-09,"Kingsmead, Durban",1,14.3,Dolphins,Titans,DJ Bravo,VB van Jaarsveld,T Shamsi,1,0,,,,,,,,,
736269,2014/15,2014-11-09,"Kingsmead, Durban",1,14.4,Dolphins,Titans,VB van Jaarsveld,DJ Bravo,T Shamsi,0,0,,,,,,,,,
736269,2014/15,2014-11-09,"Kingsmead, Durban",1,14.5,Dolphins,Titans,VB van Jaarsveld,DJ Bravo,T Shamsi,0,0,,,,,,,,,
736269,2014/15,2014-11-09,"Kingsmead, Durban",1,14.6,Dolphins,Titans,VB van Jaarsveld,DJ Bravo,T Shamsi,2,0,,,,,,,,,
736269,2014/15,2014-11-09,"Kingsmead, Durban",1,15.1,Dolphins,Titans,DJ Bravo,VB van Jaarsveld,D Elgar,1,0,,,,,,,,,
736269,2014/15,2014-11-09,"Kingsmead, Durban",1,15.2,Dolphins,Titans,VB van Jaarsveld,DJ Bravo,D Elgar,6,0,,,,,,,,,
736269,2014/15,2014-11-09,"Kingsmead, Durban",1,15.3,Dolphins,Titans,VB van Jaarsveld,DJ Bravo,D Elgar,1,0,,,,,,,,,
736269,2014/15,2014-11-09,"Kingsmead, Durban",1,15.4,Dolphins,Titans,DJ Bravo,VB van Jaarsveld,D Elgar,1,0,,,,,,,,,
736269,2014/15,2014-11-09,"Kingsmead, Durban",1,15.5,Dolphins,Titans,VB van Jaarsveld,DJ Bravo,D Elgar,6,0,,,,,,,,,
736269,2014/15,2014-11-09,"Kingsmead, Durban",1,15.6,Dolphins,Titans,VB van Jaarsveld,DJ Bravo,D Elgar,1,0,,,,,,,,,
736269,2014/15,2014-11-09,"Kingsmead, Durban",1,16.1,Dolphins,Titans,VB van Jaarsveld,DJ Bravo,NE Mbhalati,1,0,,,,,,,,,
736269,2014/15,2014-11-09,"Kingsmead, Durban",1,16.2,Dolphins,Titans,DJ Bravo,VB van Jaarsveld,NE Mbhalati,0,1,1,,,,,,,,
736269,2014/15,2014-11-09,"Kingsmead, Durban",1,16.3,Dolphins,Titans,DJ Bravo,VB van Jaarsveld,NE Mbhalati,1,0,,,,,,,,,
736269,2014/15,2014-11-09,"Kingsmead, Durban",1,16.4,Dolphins,Titans,VB van Jaarsveld,DJ Bravo,NE Mbhalati,1,0,,,,,,,,,
736269,2014/15,2014-11-09,"Kingsmead, Durban",1,16.5,Dolphins,Titans,DJ Bravo,VB van Jaarsveld,NE Mbhalati,1,0,,,,,,,,,
736269,2014/15,2014-11-09,"Kingsmead, Durban",1,16.6,Dolphins,Titans,VB van Jaarsveld,DJ Bravo,NE Mbhalati,2,0,,,,,,,,,
736269,2014/15,2014-11-09,"Kingsmead, Durban",1,16.7,Dolphins,Titans,VB van Jaarsveld,DJ Bravo,NE Mbhalati,0,0,,,,,,,,,
736269,2014/15,2014-11-09,"Kingsmead, Durban",1,17.1,Dolphins,Titans,DJ Bravo,VB van Jaarsveld,C Bosch,1,0,,,,,,,,,
736269,2014/15,2014-11-09,"Kingsmead, Durban",1,17.2,Dolphins,Titans,VB van Jaarsveld,DJ Bravo,C Bosch,2,0,,,,,,,,,
736269,2014/15,2014-11-09,"Kingsmead, Durban",1,17.3,Dolphins,Titans,VB van Jaarsveld,DJ Bravo,C Bosch,1,0,,,,,,,,,
736269,2014/15,2014-11-09,"Kingsmead, Durban",1,17.4,Dolphins,Titans,DJ Bravo,VB van Jaarsveld,C Bosch,0,0,,,,,,,,,
736269,2014/15,2014-11-09,"Kingsmead, Durban",1,17.5,Dolphins,Titans,DJ Bravo,VB van Jaarsveld,C Bosch,1,0,,,,,,,,,
736269,2014/15,2014-11-09,"Kingsmead, Durban",1,17.6,Dolphins,Titans,VB van Jaarsveld,DJ Bravo,C Bosch,1,0,,,,,,,,,
736269,2014/15,2014-11-09,"Kingsmead, Durban",1,18.1,Dolphins,Titans,VB van Jaarsveld,DJ Bravo,NE Mbhalati,0,1,1,,,,,,,,
736269,2014/15,2014-11-09,"Kingsmead, Durban",1,18.2,Dolphins,Titans,VB van Jaarsveld,DJ Bravo,NE Mbhalati,4,0,,,,,,,,,
736269,2014/15,2014-11-09,"Kingsmead, Durban",1,18.3,Dolphins,Titans,VB van Jaarsveld,DJ Bravo,NE Mbhalati,0,0,,,,,,caught,VB van Jaarsveld,,
736269,2014/15,2014-11-09,"Kingsmead, Durban",1,18.4,Dolphins,Titans,R Frylinck,DJ Bravo,NE Mbhalati,0,0,,,,,,,,,
736269,2014/15,2014-11-09,"Kingsmead, Durban",1,18.5,Dolphins,Titans,R Frylinck,DJ Bravo,NE Mbhalati,0,1,1,,,,,,,,
736269,2014/15,2014-11-09,"Kingsmead, Durban",1,18.6,Dolphins,Titans,R Frylinck,DJ Bravo,NE Mbhalati,1,0,,,,,,,,,
736269,2014/15,2014-11-09,"Kingsmead, Durban",1,18.7,Dolphins,Titans,DJ Bravo,R Frylinck,NE Mbhalati,2,0,,,,,,,,,
736269,2014/15,2014-11-09,"Kingsmead, Durban",1,18.8,Dolphins,Titans,DJ Bravo,R Frylinck,NE Mbhalati,0,0,,,,,,caught,DJ Bravo,,
736269,2014/15,2014-11-09,"Kingsmead, Durban",1,19.1,Dolphins,Titans,R Frylinck,K Zondo,C Bosch,1,0,,,,,,,,,
736269,2014/15,2014-11-09,"Kingsmead, Durban",1,19.2,Dolphins,Titans,K Zondo,R Frylinck,C Bosch,1,0,,,,,,,,,
736269,2014/15,2014-11-09,"Kingsmead, Durban",1,19.3,Dolphins,Titans,R Frylinck,K Zondo,C Bosch,0,0,,,,,,,,,
736269,2014/15,2014-11-09,"Kingsmead, Durban",1,19.4,Dolphins,Titans,R Frylinck,K Zondo,C Bosch,0,0,,,,,,,,,
736269,2014/15,2014-11-09,"Kingsmead, Durban",1,19.5,Dolphins,Titans,R Frylinck,K Zondo,C Bosch,0,1,1,,,,,,,,
736269,2014/15,2014-11-09,"Kingsmead, Durban",1,19.6,Dolphins,Titans,R Frylinck,K Zondo,C Bosch,0,1,1,,,,,,,,
736269,2014/15,2014-11-09,"Kingsmead, Durban",1,19.7,Dolphins,Titans,R Frylinck,K Zondo,C Bosch,0,0,,,,,,,,,
736269,2014/15,2014-11-09,"Kingsmead, Durban",1,19.8,Dolphins,Titans,R Frylinck,K Zondo,C Bosch,1,0,,,,,,,,,
736269,2014/15,2014-11-09,"Kingsmead, Durban",2,0.1,Titans,Dolphins,H Davids,D Elgar,CJ Alexander,0,1,1,,,,,,,,
736269,2014/15,2014-11-09,"Kingsmead, Durban",2,0.2,Titans,Dolphins,H Davids,D Elgar,CJ Alexander,0,0,,,,,,,,,
736269,2014/15,2014-11-09,"Kingsmead, Durban",2,0.3,Titans,Dolphins,H Davids,D Elgar,CJ Alexander,1,0,,,,,,,,,
736269,2014/15,2014-11-09,"Kingsmead, Durban",2,0.4,Titans,Dolphins,D Elgar,H Davids,CJ Alexander,0,0,,,,,,,,,
736269,2014/15,2014-11-09,"Kingsmead, Durban",2,0.5,Titans,Dolphins,D Elgar,H Davids,CJ Alexander,1,0,,,,,,,,,
736269,2014/15,2014-11-09,"Kingsmead, Durban",2,0.6,Titans,Dolphins,H Davids,D Elgar,CJ Alexander,0,1,1,,,,,,,,
736269,2014/15,2014-11-09,"Kingsmead, Durban",2,0.7,Titans,Dolphins,H Davids,D Elgar,CJ Alexander,1,0,,,,,,,,,
736269,2014/15,2014-11-09,"Kingsmead, Durban",2,0.8,Titans,Dolphins,D Elgar,H Davids,CJ Alexander,0,0,,,,,,,,,
736269,2014/15,2014-11-09,"Kingsmead, Durban",2,1.1,Titans,Dolphins,H Davids,D Elgar,R Frylinck,0,0,,,,,,,,,
736269,2014/15,2014-11-09,"Kingsmead, Durban",2,1.2,Titans,Dolphins,H Davids,D Elgar,R Frylinck,1,0,,,,,,,,,
736269,2014/15,2014-11-09,"Kingsmead, Durban",2,1.3,Titans,Dolphins,D Elgar,H Davids,R Frylinck,0,0,,,,,,,,,
736269,2014/15,2014-11-09,"Kingsmead, Durban",2,1.4,Titans,Dolphins,D Elgar,H Davids,R Frylinck,0,0,,,,,,,,,
736269,2014/15,2014-11-09,"Kingsmead, Durban",2,1.5,Titans,Dolphins,D Elgar,H Davids,R Frylinck,1,0,,,,,,,,,
736269,2014/15,2014-11-09,"Kingsmead, Durban",2,1.6,Titans,Dolphins,H Davids,D Elgar,R Frylinck,0,4,,,,4,,,,,
736269,2014/15,2014-11-09,"Kingsmead, Durban",2,2.1,Titans,Dolphins,D Elgar,H Davids,CJ Alexander,4,0,,,,,,,,,
736269,2014/15,2014-11-09,"Kingsmead, Durban",2,2.2,Titans,Dolphins,D Elgar,H Davids,CJ Alexander,0,0,,,,,,,,,
736269,2014/15,2014-11-09,"Kingsmead, Durban",2,2.3,Titans,Dolphins,D Elgar,H Davids,CJ Alexander,1,0,,,,,,,,,
736269,2014/15,2014-11-09,"Kingsmead, Durban",2,2.4,Titans,Dolphins,H Davids,D Elgar,CJ Alexander,6,0,,,,,,,,,
736269,2014/15,2014-11-09,"Kingsmead, Durban",2,2.5,Titans,Dolphins,H Davids,D Elgar,CJ Alexander,0,1,1,,,,,,,,
736269,2014/15,2014-11-09,"Kingsmead, Durban",2,2.6,Titans,Dolphins,H Davids,D Elgar,CJ Alexander,0,0,,,,,,caught,H Davids,,
736269,2014/15,2014-11-09,"Kingsmead, Durban",2,2.7,Titans,Dolphins,RE van der Merwe,D Elgar,CJ Alexander,4,0,,,,,,,,,
736269,2014/15,2014-11-09,"Kingsmead, Durban",2,3.1,Titans,Dolphins,D Elgar,RE van der Merwe,DJ Bravo,0,0,,,,,,,,,
736269,2014/15,2014-11-09,"Kingsmead, Durban",2,3.2,Titans,Dolphins,D Elgar,RE van der Merwe,DJ Bravo,4,0,,,,,,,,,
736269,2014/15,2014-11-09,"Kingsmead, Durban",2,3.3,Titans,Dolphins,D Elgar,RE van der Merwe,DJ Bravo,1,0,,,,,,,,,
736269,2014/15,2014-11-09,"Kingsmead, Durban",2,3.4,Titans,Dolphins,RE van der Merwe,D Elgar,DJ Bravo,1,0,,,,,,,,,
736269,2014/15,2014-11-09,"Kingsmead, Durban",2,3.5,Titans,Dolphins,D Elgar,RE van der Merwe,DJ Bravo,3,0,,,,,,,,,
736269,2014/15,2014-11-09,"Kingsmead, Durban",2,3.6,Titans,Dolphins,RE van der Merwe,D Elgar,DJ Bravo,4,0,,,,,,,,,
736269,2014/15,2014-11-09,"Kingsmead, Durban",2,4.1,Titans,Dolphins,D Elgar,RE van der Merwe,R Frylinck,1,0,,,,,,,,,
736269,2014/15,2014-11-09,"Kingsmead, Durban",2,4.2,Titans,Dolphins,RE van der Merwe,D Elgar,R Frylinck,1,0,,,,,,,,,
736269,2014/15,2014-11-09,"Kingsmead, Durban",2,4.3,Titans,Dolphins,D Elgar,RE van der Merwe,R Frylinck,0,0,,,,,,,,,
736269,2014/15,2014-11-09,"Kingsmead, Durban",2,4.4,Titans,Dolphins,D Elgar,RE van der Merwe,R Frylinck,3,0,,,,,,,,,
736269,2014/15,2014-11-09,"Kingsmead, Durban",2,4.5,Titans,Dolphins,RE van der Merwe,D Elgar,R Frylinck,0,0,,,,,,caught,RE van der Merwe,,
736269,2014/15,2014-11-09,"Kingsmead, Durban",2,4.6,Titans,Dolphins,TB de Bruyn,D Elgar,R Frylinck,2,0,,,,,,,,,
736269,2014/15,2014-11-09,"Kingsmead, Durban",2,5.1,Titans,Dolphins,D Elgar,TB de Bruyn,P Subrayen,1,0,,,,,,,,,
736269,2014/15,2014-11-09,"Kingsmead, Durban",2,5.2,Titans,Dolphins,TB de Bruyn,D Elgar,P Subrayen,0,0,,,,,,,,,
736269,2014/15,2014-11-09,"Kingsmead, Durban",2,5.3,Titans,Dolphins,TB de Bruyn,D Elgar,P Subrayen,0,0,,,,,,,,,
736269,2014/15,2014-11-09,"Kingsmead, Durban",2,5.4,Titans,Dolphins,TB de Bruyn,D Elgar,P Subrayen,1,0,,,,,,,,,
736269,2014/15,2014-11-09,"Kingsmead, Durban",2,5.5,Titans,Dolphins,D Elgar,TB de Bruyn,P Subrayen,0,0,,,,,,,,,
736269,2014/15,2014-11-09,"Kingsmead, Durban",2,5.6,Titans,Dolphins,D Elgar,TB de Bruyn,P Subrayen,1,0,,,,,,,,,
736269,2014/15,2014-11-09,"Kingsmead, Durban",2,6.1,Titans,Dolphins,D Elgar,TB de Bruyn,KA Maharaj,0,0,,,,,,,,,
736269,2014/15,2014-11-09,"Kingsmead, Durban",2,6.2,Titans,Dolphins,D Elgar,TB de Bruyn,KA Maharaj,0,0,,,,,,,,,
736269,2014/15,2014-11-09,"Kingsmead, Durban",2,6.3,Titans,Dolphins,D Elgar,TB de Bruyn,KA Maharaj,1,0,,,,,,,,,
736269,2014/15,2014-11-09,"Kingsmead, Durban",2,6.4,Titans,Dolphins,TB de Bruyn,D Elgar,KA Maharaj,1,0,,,,,,,,,
736269,2014/15,2014-11-09,"Kingsmead, Durban",2,6.5,Titans,Dolphins,D Elgar,TB de Bruyn,KA Maharaj,2,0,,,,,,,,,
736269,2014/15,2014-11-09,"Kingsmead, Durban",2,6.6,Titans,Dolphins,D Elgar,TB de Bruyn,KA Maharaj,1,0,,,,,,,,,
736269,2014/15,2014-11-09,"Kingsmead, Durban",2,7.1,Titans,Dolphins,D Elgar,TB de Bruyn,P Subrayen,0,0,,,,,,,,,
736269,2014/15,2014-11-09,"Kingsmead, Durban",2,7.2,Titans,Dolphins,D Elgar,TB de Bruyn,P Subrayen,1,0,,,,,,,,,
736269,2014/15,2014-11-09,"Kingsmead, Durban",2,7.3,Titans,Dolphins,TB de Bruyn,D Elgar,P Subrayen,1,0,,,,,,,,,
736269,2014/15,2014-11-09,"Kingsmead, Durban",2,7.4,Titans,Dolphins,D Elgar,TB de Bruyn,P Subrayen,0,0,,,,,,caught,D Elgar,,
736269,2014/15,2014-11-09,"Kingsmead, Durban",2,7.5,Titans,Dolphins,TB de Bruyn,JJ Pienaar,P Subrayen,1,0,,,,,,,,,
736269,2014/15,2014-11-09,"Kingsmead, Durban",2,7.6,Titans,Dolphins,JJ Pienaar,TB de Bruyn,P Subrayen,0,0,,,,,,,,,
736269,2014/15,2014-11-09,"Kingsmead, Durban",2,8.1,Titans,Dolphins,TB de Bruyn,JJ Pienaar,KA Maharaj,1,0,,,,,,,,,
736269,2014/15,2014-11-09,"Kingsmead, Durban",2,8.2,Titans,Dolphins,JJ Pienaar,TB de Bruyn,KA Maharaj,0,0,,,,,,,,,
736269,2014/15,2014-11-09,"Kingsmead, Durban",2,8.3,Titans,Dolphins,JJ Pienaar,TB de Bruyn,KA Maharaj,2,0,,,,,,,,,
736269,2014/15,2014-11-09,"Kingsmead, Durban",2,8.4,Titans,Dolphins,JJ Pienaar,TB de Bruyn,KA Maharaj,1,0,,,,,,,,,
736269,2014/15,2014-11-09,"Kingsmead, Durban",2,8.5,Titans,Dolphins,TB de Bruyn,JJ Pienaar,KA Maharaj,1,0,,,,,,,,,
736269,2014/15,2014-11-09,"Kingsmead, Durban",2,8.6,Titans,Dolphins,JJ Pienaar,TB de Bruyn,KA Maharaj,1,0,,,,,,,,,
736269,2014/15,2014-11-09,"Kingsmead, Durban",2,9.1,Titans,Dolphins,JJ Pienaar,TB de Bruyn,P Subrayen,4,0,,,,,,,,,
736269,2014/15,2014-11-09,"Kingsmead, Durban",2,9.2,Titans,Dolphins,JJ Pienaar,TB de Bruyn,P Subrayen,0,0,,,,,,caught,JJ Pienaar,,
736269,2014/15,2014-11-09,"Kingsmead, Durban",2,9.3,Titans,Dolphins,TB de Bruyn,MQ Adams,P Subrayen,1,0,,,,,,,,,
736269,2014/15,2014-11-09,"Kingsmead, Durban",2,9.4,Titans,Dolphins,MQ Adams,TB de Bruyn,P Subrayen,1,0,,,,,,,,,
736269,2014/15,2014-11-09,"Kingsmead, Durban",2,9.5,Titans,Dolphins,TB de Bruyn,MQ Adams,P Subrayen,1,0,,,,,,,,,
736269,2014/15,2014-11-09,"Kingsmead, Durban",2,9.6,Titans,Dolphins,MQ Adams,TB de Bruyn,P Subrayen,0,0,,,,,,,,,
736269,2014/15,2014-11-09,"Kingsmead, Durban",2,10.1,Titans,Dolphins,TB de Bruyn,MQ Adams,KA Maharaj,4,0,,,,,,,,,
736269,2014/15,2014-11-09,"Kingsmead, Durban",2,10.2,Titans,Dolphins,TB de Bruyn,MQ Adams,KA Maharaj,0,0,,,,,,caught,TB de Bruyn,,
736269,2014/15,2014-11-09,"Kingsmead, Durban",2,10.3,Titans,Dolphins,MQ Adams,DJG Sammy,KA Maharaj,0,0,,,,,,,,,
736269,2014/15,2014-11-09,"Kingsmead, Durban",2,10.4,Titans,Dolphins,MQ Adams,DJG Sammy,KA Maharaj,0,0,,,,,,,,,
736269,2014/15,2014-11-09,"Kingsmead, Durban",2,10.5,Titans,Dolphins,MQ Adams,DJG Sammy,KA Maharaj,6,0,,,,,,,,,
736269,2014/15,2014-11-09,"Kingsmead, Durban",2,10.6,Titans,Dolphins,MQ Adams,DJG Sammy,KA Maharaj,0,0,,,,,,,,,
736269,2014/15,2014-11-09,"Kingsmead, Durban",2,11.1,Titans,Dolphins,DJG Sammy,MQ Adams,CJ Alexander,1,0,,,,,,,,,
736269,2014/15,2014-11-09,"Kingsmead, Durban",2,11.2,Titans,Dolphins,MQ Adams,DJG Sammy,CJ Alexander,2,0,,,,,,,,,
736269,2014/15,2014-11-09,"Kingsmead, Durban",2,11.3,Titans,Dolphins,MQ Adams,DJG Sammy,CJ Alexander,0,0,,,,,,,,,
736269,2014/15,2014-11-09,"Kingsmead, Durban",2,11.4,Titans,Dolphins,MQ Adams,DJG Sammy,CJ Alexander,0,0,,,,,,,,,
736269,2014/15,2014-11-09,"Kingsmead, Durban",2,11.5,Titans,Dolphins,MQ Adams,DJG Sammy,CJ Alexander,4,0,,,,,,,,,
736269,2014/15,2014-11-09,"Kingsmead, Durban",2,11.6,Titans,Dolphins,MQ Adams,DJG Sammy,CJ Alexander,1,0,,,,,,,,,
736269,2014/15,2014-11-09,"Kingsmead, Durban",2,12.1,Titans,Dolphins,MQ Adams,DJG Sammy,KA Maharaj,0,0,,,,,,caught,MQ Adams,,
736269,2014/15,2014-11-09,"Kingsmead, Durban",2,12.2,Titans,Dolphins,DJG Sammy,M Mosehle,KA Maharaj,0,0,,,,,,lbw,DJG Sammy,,
736269,2014/15,2014-11-09,"Kingsmead, Durban",2,12.3,Titans,Dolphins,C Bosch,M Mosehle,KA Maharaj,0,0,,,,,,,,,
736269,2014/15,2014-11-09,"Kingsmead, Durban",2,12.4,Titans,Dolphins,C Bosch,M Mosehle,KA Maharaj,1,0,,,,,,,,,
736269,2014/15,2014-11-09,"Kingsmead, Durban",2,12.5,Titans,Dolphins,M Mosehle,C Bosch,KA Maharaj,0,0,,,,,,,,,
736269,2014/15,2014-11-09,"Kingsmead, Durban",2,12.6,Titans,Dolphins,M Mosehle,C Bosch,KA Maharaj,1,0,,,,,,,,,
736269,2014/15,2014-11-09,"Kingsmead, Durban",2,13.1,Titans,Dolphins,M Mosehle,C Bosch,CJ Alexander,1,0,,,,,,,,,
736269,2014/15,2014-11-09,"Kingsmead, Durban",2,13.2,Titans,Dolphins,C Bosch,M Mosehle,CJ Alexander,0,0,,,,,,,,,
736269,2014/15,2014-11-09,"Kingsmead, Durban",2,13.3,Titans,Dolphins,C Bosch,M Mosehle,CJ Alexander,2,0,,,,,,,,,
736269,2014/15,2014-11-09,"Kingsmead, Durban",2,13.4,Titans,Dolphins,C Bosch,M Mosehle,CJ Alexander,1,0,,,,,,,,,
736269,2014/15,2014-11-09,"Kingsmead, Durban",2,13.5,Titans,Dolphins,M Mosehle,C Bosch,CJ Alexander,1,0,,,,,,,,,
736269,2014/15,2014-11-09,"Kingsmead, Durban",2,13.6,Titans,Dolphins,C Bosch,M Mosehle,CJ Alexander,0,0,,,,,,,,,
736269,2014/15,2014-11-09,"Kingsmead, Durban",2,14.1,Titans,Dolphins,M Mosehle,C Bosch,DJ Bravo,0,0,,,,,,,,,
736269,2014/15,2014-11-09,"Kingsmead, Durban",2,14.2,Titans,Dolphins,M Mosehle,C Bosch,DJ Bravo,0,0,,,,,,,,,
736269,2014/15,2014-11-09,"Kingsmead, Durban",2,14.3,Titans,Dolphins,M Mosehle,C Bosch,DJ Bravo,0,0,,,,,,,,,
736269,2014/15,2014-11-09,"Kingsmead, Durban",2,14.4,Titans,Dolphins,M Mosehle,C Bosch,DJ Bravo,1,0,,,,,,,,,
736269,2014/15,2014-11-09,"Kingsmead, Durban",2,14.5,Titans,Dolphins,C Bosch,M Mosehle,DJ Bravo,0,0,,,,,,,,,
736269,2014/15,2014-11-09,"Kingsmead, Durban",2,14.6,Titans,Dolphins,C Bosch,M Mosehle,DJ Bravo,1,0,,,,,,,,,
736269,2014/15,2014-11-09,"Kingsmead, Durban",2,15.1,Titans,Dolphins,C Bosch,M Mosehle,P Subrayen,1,0,,,,,,,,,
736269,2014/15,2014-11-09,"Kingsmead, Durban",2,15.2,Titans,Dolphins,M Mosehle,C Bosch,P Subrayen,6,0,,,,,,,,,
736269,2014/15,2014-11-09,"Kingsmead, Durban",2,15.3,Titans,Dolphins,M Mosehle,C Bosch,P Subrayen,0,0,,,,,,,,,
736269,2014/15,2014-11-09,"Kingsmead, Durban",2,15.4,Titans,Dolphins,M Mosehle,C Bosch,P Subrayen,0,0,,,,,,caught,M Mosehle,,
736269,2014/15,2014-11-09,"Kingsmead, Durban",2,15.5,Titans,Dolphins,C Bosch,T Shamsi,P Subrayen,1,0,,,,,,,,,
736269,2014/15,2014-11-09,"Kingsmead, Durban",2,15.6,Titans,Dolphins,T Shamsi,C Bosch,P Subrayen,0,0,,,,,,,,,
736269,2014/15,2014-11-09,"Kingsmead, Durban",2,16.1,Titans,Dolphins,C Bosch,T Shamsi,R Frylinck,1,0,,,,,,,,,
736269,2014/15,2014-11-09,"Kingsmead, Durban",2,16.2,Titans,Dolphins,T Shamsi,C Bosch,R Frylinck,0,0,,,,,,,,,
736269,2014/15,2014-11-09,"Kingsmead, Durban",2,16.3,Titans,Dolphins,T Shamsi,C Bosch,R Frylinck,0,0,,,,,,,,,
736269,2014/15,2014-11-09,"Kingsmead, Durban",2,16.4,Titans,Dolphins,T Shamsi,C Bosch,R Frylinck,0,0,,,,,,,,,
736269,2014/15,2014-11-09,"Kingsmead, Durban",2,16.5,Titans,Dolphins,T Shamsi,C Bosch,R Frylinck,0,0,,,,,,caught,T Shamsi,,
736269,2014/15,2014-11-09,"Kingsmead, Durban",2,16.6,Titans,Dolphins,C Bosch,NE Mbhalati,R Frylinck,1,0,,,,,,,,,
736269,2014/15,2014-11-09,"Kingsmead, Durban",2,17.1,Titans,Dolphins,C Bosch,NE Mbhalati,DJ Bravo,0,0,,,,,,,,,
736269,2014/15,2014-11-09,"Kingsmead, Durban",2,17.2,Titans,Dolphins,C Bosch,NE Mbhalati,DJ Bravo,0,0,,,,,,,,,
736269,2014/15,2014-11-09,"Kingsmead, Durban",2,17.3,Titans,Dolphins,C Bosch,NE Mbhalati,DJ Bravo,0,0,,,,,,,,,
736269,2014/15,2014-11-09,"Kingsmead, Durban",2,17.4,Titans,Dolphins,C Bosch,NE Mbhalati,DJ Bravo,1,0,,,,,,,,,
736269,2014/15,2014-11-09,"Kingsmead, Durban",2,17.5,Titans,Dolphins,NE Mbhalati,C Bosch,DJ Bravo,0,0,,,,,,,,,
736269,2014/15,2014-11-09,"Kingsmead, Durban",2,17.6,Titans,Dolphins,NE Mbhalati,C Bosch,DJ Bravo,0,0,,,,,,,,,
736269,2014/15,2014-11-09,"Kingsmead, Durban",2,18.1,Titans,Dolphins,C Bosch,NE Mbhalati,R Frylinck,0,0,,,,,,,,,
736269,2014/15,2014-11-09,"Kingsmead, Durban",2,18.2,Titans,Dolphins,C Bosch,NE Mbhalati,R Frylinck,4,0,,,,,,,,,
736269,2014/15,2014-11-09,"Kingsmead, Durban",2,18.3,Titans,Dolphins,C Bosch,NE Mbhalati,R Frylinck,2,0,,,,,,,,,
736269,2014/15,2014-11-09,"Kingsmead, Durban",2,18.4,Titans,Dolphins,C Bosch,NE Mbhalati,R Frylinck,4,0,,,,,,,,,
736269,2014/15,2014-11-09,"Kingsmead, Durban",2,18.5,Titans,Dolphins,C Bosch,NE Mbhalati,R Frylinck,1,0,,,,,,,,,
736269,2014/15,2014-11-09,"Kingsmead, Durban",2,18.6,Titans,Dolphins,NE Mbhalati,C Bosch,R Frylinck,0,0,,,,,,,,,
736269,2014/15,2014-11-09,"Kingsmead, Durban",2,19.1,Titans,Dolphins,C Bosch,NE Mbhalati,DJ Bravo,4,0,,,,,,,,,
736269,2014/15,2014-11-09,"Kingsmead, Durban",2,19.2,Titans,Dolphins,C Bosch,NE Mbhalati,DJ Bravo,0,0,,,,,,,,,
736269,2014/15,2014-11-09,"Kingsmead, Durban",2,19.3,Titans,Dolphins,C Bosch,NE Mbhalati,DJ Bravo,1,0,,,,,,,,,
736269,2014/15,2014-11-09,"Kingsmead, Durban",2,19.4,Titans,Dolphins,NE Mbhalati,C Bosch,DJ Bravo,1,0,,,,,,,,,
736269,2014/15,2014-11-09,"Kingsmead, Durban",2,19.5,Titans,Dolphins,C Bosch,NE Mbhalati,DJ Bravo,4,0,,,,,,,,,
736269,2014/15,2014-11-09,"Kingsmead, Durban",2,19.6,Titans,Dolphins,C Bosch,NE Mbhalati,DJ Bravo,0,0,,,,,,,,,
