match_id,season,start_date,venue,innings,ball,batting_team,bowling_team,striker,non_striker,bowler,runs_off_bat,extras,wides,noballs,byes,legbyes,penalty,wicket_type,player_dismissed,other_wicket_type,other_player_dismissed
736291,2014/15,2014-11-21,"Willowmoore Park, Benoni",1,0.1,Titans,Lions,H Davids,TB de Bruyn,LL Tsotsobe,0,0,,,,,,,,,
736291,2014/15,2014-11-21,"Willowmoore Park, Benoni",1,0.2,Titans,Lions,H Davids,TB de Bruyn,LL Tsotsobe,0,0,,,,,,,,,
736291,2014/15,2014-11-21,"Willowmoore Park, Benoni",1,0.3,Titans,Lions,H Davids,TB de Bruyn,LL Tsotsobe,0,0,,,,,,,,,
736291,2014/15,2014-11-21,"Willowmoore Park, Benoni",1,0.4,Titans,Lions,H Davids,TB de Bruyn,LL Tsotsobe,4,0,,,,,,,,,
736291,2014/15,2014-11-21,"Willowmoore Park, Benoni",1,0.5,Titans,Lions,H Davids,TB de Bruyn,LL Tsotsobe,1,0,,,,,,,,,
736291,2014/15,2014-11-21,"Willowmoore Park, Benoni",1,0.6,Titans,Lions,TB de Bruyn,H Davids,LL Tsotsobe,0,0,,,,,,,,,
736291,2014/15,2014-11-21,"Willowmoore Park, Benoni",1,1.1,Titans,Lions,H Davids,TB de Bruyn,CH Morris,4,0,,,,,,,,,
736291,2014/15,2014-11-21,"Willowmoore Park, Benoni",1,1.2,Titans,Lions,H Davids,TB de Bruyn,CH Morris,1,0,,,,,,,,,
736291,2014/15,2014-11-21,"Willowmoore Park, Benoni",1,1.3,Titans,Lions,TB de Bruyn,H Davids,CH Morris,0,0,,,,,,,,,
736291,2014/15,2014-11-21,"Willowmoore Park, Benoni",1,1.4,Titans,Lions,TB de Bruyn,H Davids,CH Morris,0,0,,,,,,,,,
736291,2014/15,2014-11-21,"Willowmoore Park, Benoni",1,1.5,Titans,Lions,TB de Bruyn,H Davids,CH Morris,0,0,,,,,,,,,
736291,2014/15,2014-11-21,"Willowmoore Park, Benoni",1,1.6,Titans,Lions,TB de Bruyn,H Davids,CH Morris,2,0,,,,,,,,,
736291,2014/15,2014-11-21,"Willowmoore Park, Benoni",1,2.1,Titans,Lions,H Davids,TB de Bruyn,LL Tsotsobe,6,0,,,,,,,,,
736291,2014/15,2014-11-21,"Willowmoore Park, Benoni",1,2.2,Titans,Lions,H Davids,TB de Bruyn,LL Tsotsobe,0,0,,,,,,,,,
736291,2014/15,2014-11-21,"Willowmoore Park, Benoni",1,2.3,Titans,Lions,H Davids,TB de Bruyn,LL Tsotsobe,4,0,,,,,,,,,
736291,2014/15,2014-11-21,"Willowmoore Park, Benoni",1,2.4,Titans,Lions,H Davids,TB de Bruyn,LL Tsotsobe,1,0,,,,,,,,,
736291,2014/15,2014-11-21,"Willowmoore Park, Benoni",1,2.5,Titans,Lions,TB de Bruyn,H Davids,LL Tsotsobe,0,0,,,,,,,,,
736291,2014/15,2014-11-21,"Willowmoore Park, Benoni",1,2.6,Titans,Lions,TB de Bruyn,H Davids,LL Tsotsobe,1,0,,,,,,,,,
736291,2014/15,2014-11-21,"Willowmoore Park, Benoni",1,3.1,Titans,Lions,TB de Bruyn,H Davids,CH Morris,0,0,,,,,,,,,
736291,2014/15,2014-11-21,"Willowmoore Park, Benoni",1,3.2,Titans,Lions,TB de Bruyn,H Davids,CH Morris,4,0,,,,,,,,,
736291,2014/15,2014-11-21,"Willowmoore Park, Benoni",1,3.3,Titans,Lions,TB de Bruyn,H Davids,CH Morris,2,0,,,,,,,,,
736291,2014/15,2014-11-21,"Willowmoore Park, Benoni",1,3.4,Titans,Lions,TB de Bruyn,H Davids,CH Morris,0,0,,,,,,,,,
736291,2014/15,2014-11-21,"Willowmoore Park, Benoni",1,3.5,Titans,Lions,TB de Bruyn,H Davids,CH Morris,4,0,,,,,,,,,
736291,2014/15,2014-11-21,"Willowmoore Park, Benoni",1,3.6,Titans,Lions,TB de Bruyn,H Davids,CH Morris,2,0,,,,,,,,,
736291,2014/15,2014-11-21,"Willowmoore Park, Benoni",1,4.1,Titans,Lions,H Davids,TB de Bruyn,GC Viljoen,0,1,1,,,,,,,,
736291,2014/15,2014-11-21,"Willowmoore Park, Benoni",1,4.2,Titans,Lions,H Davids,TB de Bruyn,GC Viljoen,3,0,,,,,,,,,
736291,2014/15,2014-11-21,"Willowmoore Park, Benoni",1,4.3,Titans,Lions,TB de Bruyn,H Davids,GC Viljoen,2,0,,,,,,,,,
736291,2014/15,2014-11-21,"Willowmoore Park, Benoni",1,4.4,Titans,Lions,TB de Bruyn,H Davids,GC Viljoen,0,0,,,,,,,,,
736291,2014/15,2014-11-21,"Willowmoore Park, Benoni",1,4.5,Titans,Lions,TB de Bruyn,H Davids,GC Viljoen,0,0,,,,,,,,,
736291,2014/15,2014-11-21,"Willowmoore Park, Benoni",1,4.6,Titans,Lions,TB de Bruyn,H Davids,GC Viljoen,0,0,,,,,,,,,
736291,2014/15,2014-11-21,"Willowmoore Park, Benoni",1,4.7,Titans,Lions,TB de Bruyn,H Davids,GC Viljoen,4,0,,,,,,,,,
736291,2014/15,2014-11-21,"Willowmoore Park, Benoni",1,5.1,Titans,Lions,H Davids,TB de Bruyn,D Pretorius,4,0,,,,,,,,,
736291,2014/15,2014-11-21,"Willowmoore Park, Benoni",1,5.2,Titans,Lions,H Davids,TB de Bruyn,D Pretorius,0,0,,,,,,,,,
736291,2014/15,2014-11-21,"Willowmoore Park, Benoni",1,5.3,Titans,Lions,H Davids,TB de Bruyn,D Pretorius,4,0,,,,,,,,,
736291,2014/15,2014-11-21,"Willowmoore Park, Benoni",1,5.4,Titans,Lions,H Davids,TB de Bruyn,D Pretorius,6,0,,,,,,,,,
736291,2014/15,2014-11-21,"Willowmoore Park, Benoni",1,5.5,Titans,Lions,H Davids,TB de Bruyn,D Pretorius,1,0,,,,,,,,,
736291,2014/15,2014-11-21,"Willowmoore Park, Benoni",1,5.6,Titans,Lions,TB de Bruyn,H Davids,D Pretorius,1,0,,,,,,,,,
736291,2014/15,2014-11-21,"Willowmoore Park, Benoni",1,6.1,Titans,Lions,TB de Bruyn,H Davids,GC Viljoen,0,0,,,,,,,,,
736291,2014/15,2014-11-21,"Willowmoore Park, Benoni",1,6.2,Titans,Lions,TB de Bruyn,H Davids,GC Viljoen,0,0,,,,,,,,,
736291,2014/15,2014-11-21,"Willowmoore Park, Benoni",1,6.3,Titans,Lions,TB de Bruyn,H Davids,GC Viljoen,6,0,,,,,,,,,
736291,2014/15,2014-11-21,"Willowmoore Park, Benoni",1,6.4,Titans,Lions,TB de Bruyn,H Davids,GC Viljoen,0,0,,,,,,,,,
736291,2014/15,2014-11-21,"Willowmoore Park, Benoni",1,6.5,Titans,Lions,TB de Bruyn,H Davids,GC Viljoen,1,0,,,,,,,,,
736291,2014/15,2014-11-21,"Willowmoore Park, Benoni",1,6.6,Titans,Lions,H Davids,TB de Bruyn,GC Viljoen,4,0,,,,,,,,,
736291,2014/15,2014-11-21,"Willowmoore Park, Benoni",1,7.1,Titans,Lions,TB de Bruyn,H Davids,E Leie,1,0,,,,,,,,,
736291,2014/15,2014-11-21,"Willowmoore Park, Benoni",1,7.2,Titans,Lions,H Davids,TB de Bruyn,E Leie,1,0,,,,,,,,,
736291,2014/15,2014-11-21,"Willowmoore Park, Benoni",1,7.3,Titans,Lions,TB de Bruyn,H Davids,E Leie,0,0,,,,,,caught,TB de Bruyn,,
736291,2014/15,2014-11-21,"Willowmoore Park, Benoni",1,7.4,Titans,Lions,D Elgar,H Davids,E Leie,0,1,1,,,,,,,,
736291,2014/15,2014-11-21,"Willowmoore Park, Benoni",1,7.5,Titans,Lions,D Elgar,H Davids,E Leie,0,0,,,,,,,,,
736291,2014/15,2014-11-21,"Willowmoore Park, Benoni",1,7.6,Titans,Lions,D Elgar,H Davids,E Leie,1,0,,,,,,,,,
736291,2014/15,2014-11-21,"Willowmoore Park, Benoni",1,7.7,Titans,Lions,H Davids,D Elgar,E Leie,0,0,,,,,,,,,
736291,2014/15,2014-11-21,"Willowmoore Park, Benoni",1,8.1,Titans,Lions,D Elgar,H Davids,D Pretorius,0,2,,,,2,,,,,
736291,2014/15,2014-11-21,"Willowmoore Park, Benoni",1,8.2,Titans,Lions,D Elgar,H Davids,D Pretorius,1,0,,,,,,,,,
736291,2014/15,2014-11-21,"Willowmoore Park, Benoni",1,8.3,Titans,Lions,H Davids,D Elgar,D Pretorius,1,0,,,,,,,,,
736291,2014/15,2014-11-21,"Willowmoore Park, Benoni",1,8.4,Titans,Lions,D Elgar,H Davids,D Pretorius,0,0,,,,,,,,,
736291,2014/15,2014-11-21,"Willowmoore Park, Benoni",1,8.5,Titans,Lions,D Elgar,H Davids,D Pretorius,1,0,,,,,,,,,
736291,2014/15,2014-11-21,"Willowmoore Park, Benoni",1,8.6,Titans,Lions,H Davids,D Elgar,D Pretorius,0,1,,1,,,,,,,
736291,2014/15,2014-11-21,"Willowmoore Park, Benoni",1,8.7,Titans,Lions,H Davids,D Elgar,D Pretorius,4,1,,1,,,,,,,
736291,2014/15,2014-11-21,"Willowmoore Park, Benoni",1,8.8,Titans,Lions,H Davids,D Elgar,D Pretorius,6,0,,,,,,,,,
736291,2014/15,2014-11-21,"Willowmoore Park, Benoni",1,9.1,Titans,Lions,D Elgar,H Davids,CH Gayle,0,1,,,,1,,,,,
736291,2014/15,2014-11-21,"Willowmoore Park, Benoni",1,9.2,Titans,Lions,H Davids,D Elgar,CH Gayle,2,0,,,,,,,,,
736291,2014/15,2014-11-21,"Willowmoore Park, Benoni",1,9.3,Titans,Lions,H Davids,D Elgar,CH Gayle,1,0,,,,,,,,,
736291,2014/15,2014-11-21,"Willowmoore Park, Benoni",1,9.4,Titans,Lions,D Elgar,H Davids,CH Gayle,0,0,,,,,,caught,D Elgar,,
736291,2014/15,2014-11-21,"Willowmoore Park, Benoni",1,9.5,Titans,Lions,MQ Adams,H Davids,CH Gayle,4,0,,,,,,,,,
736291,2014/15,2014-11-21,"Willowmoore Park, Benoni",1,9.6,Titans,Lions,MQ Adams,H Davids,CH Gayle,1,0,,,,,,,,,
736291,2014/15,2014-11-21,"Willowmoore Park, Benoni",1,10.1,Titans,Lions,MQ Adams,H Davids,E Leie,0,0,,,,,,,,,
736291,2014/15,2014-11-21,"Willowmoore Park, Benoni",1,10.2,Titans,Lions,MQ Adams,H Davids,E Leie,1,0,,,,,,,,,
736291,2014/15,2014-11-21,"Willowmoore Park, Benoni",1,10.3,Titans,Lions,H Davids,MQ Adams,E Leie,0,0,,,,,,,,,
736291,2014/15,2014-11-21,"Willowmoore Park, Benoni",1,10.4,Titans,Lions,H Davids,MQ Adams,E Leie,0,0,,,,,,,,,
736291,2014/15,2014-11-21,"Willowmoore Park, Benoni",1,10.5,Titans,Lions,H Davids,MQ Adams,E Leie,6,0,,,,,,,,,
736291,2014/15,2014-11-21,"Willowmoore Park, Benoni",1,10.6,Titans,Lions,H Davids,MQ Adams,E Leie,1,0,,,,,,,,,
736291,2014/15,2014-11-21,"Willowmoore Park, Benoni",1,11.1,Titans,Lions,H Davids,MQ Adams,CH Gayle,2,0,,,,,,,,,
736291,2014/15,2014-11-21,"Willowmoore Park, Benoni",1,11.2,Titans,Lions,H Davids,MQ Adams,CH Gayle,1,0,,,,,,,,,
736291,2014/15,2014-11-21,"Willowmoore Park, Benoni",1,11.3,Titans,Lions,MQ Adams,H Davids,CH Gayle,1,0,,,,,,,,,
736291,2014/15,2014-11-21,"Willowmoore Park, Benoni",1,11.4,Titans,Lions,H Davids,MQ Adams,CH Gayle,2,0,,,,,,,,,
736291,2014/15,2014-11-21,"Willowmoore Park, Benoni",1,11.5,Titans,Lions,H Davids,MQ Adams,CH Gayle,1,0,,,,,,,,,
736291,2014/15,2014-11-21,"Willowmoore Park, Benoni",1,11.6,Titans,Lions,MQ Adams,H Davids,CH Gayle,4,0,,,,,,,,,
736291,2014/15,2014-11-21,"Willowmoore Park, Benoni",1,12.1,Titans,Lions,H Davids,MQ Adams,E Leie,0,0,,,,,,,,,
736291,2014/15,2014-11-21,"Willowmoore Park, Benoni",1,12.2,Titans,Lions,H Davids,MQ Adams,E Leie,0,0,,,,,,,,,
736291,2014/15,2014-11-21,"Willowmoore Park, Benoni",1,12.3,Titans,Lions,H Davids,MQ Adams,E Leie,1,0,,,,,,,,,
736291,2014/15,2014-11-21,"Willowmoore Park, Benoni",1,12.4,Titans,Lions,MQ Adams,H Davids,E Leie,4,0,,,,,,,,,
736291,2014/15,2014-11-21,"Willowmoore Park, Benoni",1,12.5,Titans,Lions,MQ Adams,H Davids,E Leie,0,0,,,,,,caught,MQ Adams,,
736291,2014/15,2014-11-21,"Willowmoore Park, Benoni",1,12.6,Titans,Lions,H Davids,DJG Sammy,E Leie,0,4,,,4,,,,,,
736291,2014/15,2014-11-21,"Willowmoore Park, Benoni",1,13.1,Titans,Lions,DJG Sammy,H Davids,J Symes,0,0,,,,,,,,,
736291,2014/15,2014-11-21,"Willowmoore Park, Benoni",1,13.2,Titans,Lions,DJG Sammy,H Davids,J Symes,0,0,,,,,,,,,
736291,2014/15,2014-11-21,"Willowmoore Park, Benoni",1,13.3,Titans,Lions,DJG Sammy,H Davids,J Symes,0,0,,,,,,caught,DJG Sammy,,
736291,2014/15,2014-11-21,"Willowmoore Park, Benoni",1,13.4,Titans,Lions,H Davids,H Klaasen,J Symes,0,0,,,,,,,,,
736291,2014/15,2014-11-21,"Willowmoore Park, Benoni",1,13.5,Titans,Lions,H Davids,H Klaasen,J Symes,1,0,,,,,,,,,
736291,2014/15,2014-11-21,"Willowmoore Park, Benoni",1,13.6,Titans,Lions,H Klaasen,H Davids,J Symes,1,1,,1,,,,,,,
736291,2014/15,2014-11-21,"Willowmoore Park, Benoni",1,13.7,Titans,Lions,H Davids,H Klaasen,J Symes,2,0,,,,,,,,,
736291,2014/15,2014-11-21,"Willowmoore Park, Benoni",1,14.1,Titans,Lions,H Klaasen,H Davids,LL Tsotsobe,1,0,,,,,,,,,
736291,2014/15,2014-11-21,"Willowmoore Park, Benoni",1,14.2,Titans,Lions,H Davids,H Klaasen,LL Tsotsobe,0,0,,,,,,caught,H Davids,,
736291,2014/15,2014-11-21,"Willowmoore Park, Benoni",1,14.3,Titans,Lions,D Wiese,H Klaasen,LL Tsotsobe,1,0,,,,,,,,,
736291,2014/15,2014-11-21,"Willowmoore Park, Benoni",1,14.4,Titans,Lions,H Klaasen,D Wiese,LL Tsotsobe,6,0,,,,,,,,,
736291,2014/15,2014-11-21,"Willowmoore Park, Benoni",1,14.5,Titans,Lions,H Klaasen,D Wiese,LL Tsotsobe,6,0,,,,,,,,,
736291,2014/15,2014-11-21,"Willowmoore Park, Benoni",1,14.6,Titans,Lions,H Klaasen,D Wiese,LL Tsotsobe,1,0,,,,,,,,,
736291,2014/15,2014-11-21,"Willowmoore Park, Benoni",1,15.1,Titans,Lions,H Klaasen,D Wiese,CH Morris,0,0,,,,,,caught,H Klaasen,,
736291,2014/15,2014-11-21,"Willowmoore Park, Benoni",1,15.2,Titans,Lions,D Wiese,RE van der Merwe,CH Morris,2,0,,,,,,,,,
736291,2014/15,2014-11-21,"Willowmoore Park, Benoni",1,15.3,Titans,Lions,D Wiese,RE van der Merwe,CH Morris,1,0,,,,,,,,,
736291,2014/15,2014-11-21,"Willowmoore Park, Benoni",1,15.4,Titans,Lions,RE van der Merwe,D Wiese,CH Morris,1,0,,,,,,,,,
736291,2014/15,2014-11-21,"Willowmoore Park, Benoni",1,15.5,Titans,Lions,D Wiese,RE van der Merwe,CH Morris,2,0,,,,,,,,,
736291,2014/15,2014-11-21,"Willowmoore Park, Benoni",1,15.6,Titans,Lions,D Wiese,RE van der Merwe,CH Morris,4,0,,,,,,,,,
736291,2014/15,2014-11-21,"Willowmoore Park, Benoni",2,0.1,Lions,Titans,AN Petersen,CH Gayle,H Davids,0,0,,,,,,,,,
736291,2014/15,2014-11-21,"Willowmoore Park, Benoni",2,0.2,Lions,Titans,AN Petersen,CH Gayle,H Davids,1,0,,,,,,,,,
736291,2014/15,2014-11-21,"Willowmoore Park, Benoni",2,0.3,Lions,Titans,CH Gayle,AN Petersen,H Davids,6,0,,,,,,,,,
736291,2014/15,2014-11-21,"Willowmoore Park, Benoni",2,0.4,Lions,Titans,CH Gayle,AN Petersen,H Davids,4,0,,,,,,,,,
736291,2014/15,2014-11-21,"Willowmoore Park, Benoni",2,0.5,Lions,Titans,CH Gayle,AN Petersen,H Davids,0,0,,,,,,,,,
736291,2014/15,2014-11-21,"Willowmoore Park, Benoni",2,0.6,Lions,Titans,CH Gayle,AN Petersen,H Davids,0,0,,,,,,,,,
736291,2014/15,2014-11-21,"Willowmoore Park, Benoni",2,1.1,Lions,Titans,AN Petersen,CH Gayle,NE Mbhalati,0,0,,,,,,bowled,AN Petersen,,
736291,2014/15,2014-11-21,"Willowmoore Park, Benoni",2,1.2,Lions,Titans,ND McKenzie,CH Gayle,NE Mbhalati,0,0,,,,,,,,,
736291,2014/15,2014-11-21,"Willowmoore Park, Benoni",2,1.3,Lions,Titans,ND McKenzie,CH Gayle,NE Mbhalati,0,0,,,,,,,,,
736291,2014/15,2014-11-21,"Willowmoore Park, Benoni",2,1.4,Lions,Titans,ND McKenzie,CH Gayle,NE Mbhalati,0,0,,,,,,,,,
736291,2014/15,2014-11-21,"Willowmoore Park, Benoni",2,1.5,Lions,Titans,ND McKenzie,CH Gayle,NE Mbhalati,0,0,,,,,,,,,
736291,2014/15,2014-11-21,"Willowmoore Park, Benoni",2,1.6,Lions,Titans,ND McKenzie,CH Gayle,NE Mbhalati,2,0,,,,,,,,,
736291,2014/15,2014-11-21,"Willowmoore Park, Benoni",2,2.1,Lions,Titans,CH Gayle,ND McKenzie,CJ Dala,0,0,,,,,,,,,
736291,2014/15,2014-11-21,"Willowmoore Park, Benoni",2,2.2,Lions,Titans,CH Gayle,ND McKenzie,CJ Dala,0,0,,,,,,,,,
736291,2014/15,2014-11-21,"Willowmoore Park, Benoni",2,2.3,Lions,Titans,CH Gayle,ND McKenzie,CJ Dala,1,0,,,,,,,,,
736291,2014/15,2014-11-21,"Willowmoore Park, Benoni",2,2.4,Lions,Titans,ND McKenzie,CH Gayle,CJ Dala,0,0,,,,,,,,,
736291,2014/15,2014-11-21,"Willowmoore Park, Benoni",2,2.5,Lions,Titans,ND McKenzie,CH Gayle,CJ Dala,0,0,,,,,,,,,
736291,2014/15,2014-11-21,"Willowmoore Park, Benoni",2,2.6,Lions,Titans,ND McKenzie,CH Gayle,CJ Dala,0,0,,,,,,,,,
736291,2014/15,2014-11-21,"Willowmoore Park, Benoni",2,3.1,Lions,Titans,CH Gayle,ND McKenzie,NE Mbhalati,0,0,,,,,,,,,
736291,2014/15,2014-11-21,"Willowmoore Park, Benoni",2,3.2,Lions,Titans,CH Gayle,ND McKenzie,NE Mbhalati,0,1,,,,1,,,,,
736291,2014/15,2014-11-21,"Willowmoore Park, Benoni",2,3.3,Lions,Titans,ND McKenzie,CH Gayle,NE Mbhalati,1,0,,,,,,,,,
736291,2014/15,2014-11-21,"Willowmoore Park, Benoni",2,3.4,Lions,Titans,CH Gayle,ND McKenzie,NE Mbhalati,0,0,,,,,,,,,
736291,2014/15,2014-11-21,"Willowmoore Park, Benoni",2,3.5,Lions,Titans,CH Gayle,ND McKenzie,NE Mbhalati,0,0,,,,,,caught,CH Gayle,,
736291,2014/15,2014-11-21,"Willowmoore Park, Benoni",2,3.6,Lions,Titans,ND McKenzie,T Bavuma,NE Mbhalati,6,0,,,,,,,,,
736291,2014/15,2014-11-21,"Willowmoore Park, Benoni",2,4.1,Lions,Titans,T Bavuma,ND McKenzie,CJ Dala,0,0,,,,,,,,,
736291,2014/15,2014-11-21,"Willowmoore Park, Benoni",2,4.2,Lions,Titans,T Bavuma,ND McKenzie,CJ Dala,4,0,,,,,,,,,
736291,2014/15,2014-11-21,"Willowmoore Park, Benoni",2,4.3,Lions,Titans,T Bavuma,ND McKenzie,CJ Dala,0,0,,,,,,,,,
736291,2014/15,2014-11-21,"Willowmoore Park, Benoni",2,4.4,Lions,Titans,T Bavuma,ND McKenzie,CJ Dala,4,0,,,,,,,,,
736291,2014/15,2014-11-21,"Willowmoore Park, Benoni",2,4.5,Lions,Titans,T Bavuma,ND McKenzie,CJ Dala,4,0,,,,,,,,,
736291,2014/15,2014-11-21,"Willowmoore Park, Benoni",2,4.6,Lions,Titans,T Bavuma,ND McKenzie,CJ Dala,0,0,,,,,,,,,
736291,2014/15,2014-11-21,"Willowmoore Park, Benoni",2,5.1,Lions,Titans,ND McKenzie,T Bavuma,D Wiese,0,0,,,,,,,,,
736291,2014/15,2014-11-21,"Willowmoore Park, Benoni",2,5.2,Lions,Titans,ND McKenzie,T Bavuma,D Wiese,1,0,,,,,,,,,
736291,2014/15,2014-11-21,"Willowmoore Park, Benoni",2,5.3,Lions,Titans,T Bavuma,ND McKenzie,D Wiese,1,0,,,,,,,,,
736291,2014/15,2014-11-21,"Willowmoore Park, Benoni",2,5.4,Lions,Titans,ND McKenzie,T Bavuma,D Wiese,1,0,,,,,,,,,
736291,2014/15,2014-11-21,"Willowmoore Park, Benoni",2,5.5,Lions,Titans,T Bavuma,ND McKenzie,D Wiese,0,0,,,,,,,,,
736291,2014/15,2014-11-21,"Willowmoore Park, Benoni",2,5.6,Lions,Titans,T Bavuma,ND McKenzie,D Wiese,1,0,,,,,,,,,
736291,2014/15,2014-11-21,"Willowmoore Park, Benoni",2,6.1,Lions,Titans,T Bavuma,ND McKenzie,T Shamsi,0,0,,,,,,caught,T Bavuma,,
736291,2014/15,2014-11-21,"Willowmoore Park, Benoni",2,6.2,Lions,Titans,J Symes,ND McKenzie,T Shamsi,1,0,,,,,,,,,
736291,2014/15,2014-11-21,"Willowmoore Park, Benoni",2,6.3,Lions,Titans,ND McKenzie,J Symes,T Shamsi,0,0,,,,,,,,,
736291,2014/15,2014-11-21,"Willowmoore Park, Benoni",2,6.4,Lions,Titans,ND McKenzie,J Symes,T Shamsi,1,0,,,,,,,,,
736291,2014/15,2014-11-21,"Willowmoore Park, Benoni",2,6.5,Lions,Titans,J Symes,ND McKenzie,T Shamsi,1,0,,,,,,,,,
736291,2014/15,2014-11-21,"Willowmoore Park, Benoni",2,6.6,Lions,Titans,ND McKenzie,J Symes,T Shamsi,0,4,,,,4,,,,,
736291,2014/15,2014-11-21,"Willowmoore Park, Benoni",2,7.1,Lions,Titans,J Symes,ND McKenzie,RE van der Merwe,4,0,,,,,,,,,
736291,2014/15,2014-11-21,"Willowmoore Park, Benoni",2,7.2,Lions,Titans,J Symes,ND McKenzie,RE van der Merwe,1,0,,,,,,,,,
736291,2014/15,2014-11-21,"Willowmoore Park, Benoni",2,7.3,Lions,Titans,ND McKenzie,J Symes,RE van der Merwe,2,0,,,,,,,,,
736291,2014/15,2014-11-21,"Willowmoore Park, Benoni",2,7.4,Lions,Titans,ND McKenzie,J Symes,RE van der Merwe,0,0,,,,,,,,,
736291,2014/15,2014-11-21,"Willowmoore Park, Benoni",2,7.5,Lions,Titans,ND McKenzie,J Symes,RE van der Merwe,0,0,,,,,,,,,
736291,2014/15,2014-11-21,"Willowmoore Park, Benoni",2,7.6,Lions,Titans,ND McKenzie,J Symes,RE van der Merwe,0,0,,,,,,caught,ND McKenzie,,
736291,2014/15,2014-11-21,"Willowmoore Park, Benoni",2,8.1,Lions,Titans,D Pretorius,J Symes,T Shamsi,1,0,,,,,,,,,
736291,2014/15,2014-11-21,"Willowmoore Park, Benoni",2,8.2,Lions,Titans,J Symes,D Pretorius,T Shamsi,1,0,,,,,,,,,
736291,2014/15,2014-11-21,"Willowmoore Park, Benoni",2,8.3,Lions,Titans,D Pretorius,J Symes,T Shamsi,1,0,,,,,,,,,
736291,2014/15,2014-11-21,"Willowmoore Park, Benoni",2,8.4,Lions,Titans,J Symes,D Pretorius,T Shamsi,4,0,,,,,,,,,
736291,2014/15,2014-11-21,"Willowmoore Park, Benoni",2,8.5,Lions,Titans,J Symes,D Pretorius,T Shamsi,0,0,,,,,,,,,
736291,2014/15,2014-11-21,"Willowmoore Park, Benoni",2,8.6,Lions,Titans,J Symes,D Pretorius,T Shamsi,1,0,,,,,,,,,
736291,2014/15,2014-11-21,"Willowmoore Park, Benoni",2,9.1,Lions,Titans,J Symes,D Pretorius,RE van der Merwe,1,0,,,,,,,,,
736291,2014/15,2014-11-21,"Willowmoore Park, Benoni",2,9.2,Lions,Titans,D Pretorius,J Symes,RE van der Merwe,1,0,,,,,,,,,
736291,2014/15,2014-11-21,"Willowmoore Park, Benoni",2,9.3,Lions,Titans,J Symes,D Pretorius,RE van der Merwe,4,0,,,,,,,,,
736291,2014/15,2014-11-21,"Willowmoore Park, Benoni",2,9.4,Lions,Titans,J Symes,D Pretorius,RE van der Merwe,6,0,,,,,,,,,
736291,2014/15,2014-11-21,"Willowmoore Park, Benoni",2,9.5,Lions,Titans,J Symes,D Pretorius,RE van der Merwe,4,0,,,,,,,,,
736291,2014/15,2014-11-21,"Willowmoore Park, Benoni",2,9.6,Lions,Titans,J Symes,D Pretorius,RE van der Merwe,1,0,,,,,,,,,
736291,2014/15,2014-11-21,"Willowmoore Park, Benoni",2,10.1,Lions,Titans,J Symes,D Pretorius,T Shamsi,1,0,,,,,,,,,
736291,2014/15,2014-11-21,"Willowmoore Park, Benoni",2,10.2,Lions,Titans,D Pretorius,J Symes,T Shamsi,4,0,,,,,,,,,
736291,2014/15,2014-11-21,"Willowmoore Park, Benoni",2,10.3,Lions,Titans,D Pretorius,J Symes,T Shamsi,4,0,,,,,,,,,
736291,2014/15,2014-11-21,"Willowmoore Park, Benoni",2,10.4,Lions,Titans,D Pretorius,J Symes,T Shamsi,6,0,,,,,,,,,
736291,2014/15,2014-11-21,"Willowmoore Park, Benoni",2,10.5,Lions,Titans,D Pretorius,J Symes,T Shamsi,0,0,,,,,,,,,
736291,2014/15,2014-11-21,"Willowmoore Park, Benoni",2,10.6,Lions,Titans,D Pretorius,J Symes,T Shamsi,0,0,,,,,,,,,
736291,2014/15,2014-11-21,"Willowmoore Park, Benoni",2,11.1,Lions,Titans,J Symes,D Pretorius,D Wiese,1,0,,,,,,,,,
736291,2014/15,2014-11-21,"Willowmoore Park, Benoni",2,11.2,Lions,Titans,D Pretorius,J Symes,D Wiese,0,0,,,,,,,,,
736291,2014/15,2014-11-21,"Willowmoore Park, Benoni",2,11.3,Lions,Titans,D Pretorius,J Symes,D Wiese,2,0,,,,,,,,,
736291,2014/15,2014-11-21,"Willowmoore Park, Benoni",2,11.4,Lions,Titans,D Pretorius,J Symes,D Wiese,0,0,,,,,,,,,
736291,2014/15,2014-11-21,"Willowmoore Park, Benoni",2,11.5,Lions,Titans,D Pretorius,J Symes,D Wiese,2,0,,,,,,,,,
736291,2014/15,2014-11-21,"Willowmoore Park, Benoni",2,11.6,Lions,Titans,D Pretorius,J Symes,D Wiese,6,0,,,,,,,,,
736291,2014/15,2014-11-21,"Willowmoore Park, Benoni",2,12.1,Lions,Titans,J Symes,D Pretorius,DJG Sammy,0,0,,,,,,,,,
736291,2014/15,2014-11-21,"Willowmoore Park, Benoni",2,12.2,Lions,Titans,J Symes,D Pretorius,DJG Sammy,1,0,,,,,,,,,
736291,2014/15,2014-11-21,"Willowmoore Park, Benoni",2,12.3,Lions,Titans,D Pretorius,J Symes,DJG Sammy,0,0,,,,,,caught,D Pretorius,,
736291,2014/15,2014-11-21,"Willowmoore Park, Benoni",2,12.4,Lions,Titans,J Symes,CH Morris,DJG Sammy,2,0,,,,,,,,,
736291,2014/15,2014-11-21,"Willowmoore Park, Benoni",2,12.5,Lions,Titans,J Symes,CH Morris,DJG Sammy,0,0,,,,,,,,,
736291,2014/15,2014-11-21,"Willowmoore Park, Benoni",2,12.6,Lions,Titans,J Symes,CH Morris,DJG Sammy,1,0,,,,,,,,,
736291,2014/15,2014-11-21,"Willowmoore Park, Benoni",2,13.1,Lions,Titans,J Symes,CH Morris,NE Mbhalati,4,0,,,,,,,,,
736291,2014/15,2014-11-21,"Willowmoore Park, Benoni",2,13.2,Lions,Titans,J Symes,CH Morris,NE Mbhalati,0,0,,,,,,,,,
736291,2014/15,2014-11-21,"Willowmoore Park, Benoni",2,13.3,Lions,Titans,J Symes,CH Morris,NE Mbhalati,0,0,,,,,,,,,
736291,2014/15,2014-11-21,"Willowmoore Park, Benoni",2,13.4,Lions,Titans,J Symes,CH Morris,NE Mbhalati,0,0,,,,,,,,,
736291,2014/15,2014-11-21,"Willowmoore Park, Benoni",2,13.5,Lions,Titans,J Symes,CH Morris,NE Mbhalati,4,0,,,,,,,,,
736291,2014/15,2014-11-21,"Willowmoore Park, Benoni",2,13.6,Lions,Titans,J Symes,CH Morris,NE Mbhalati,0,0,,,,,,,,,
736291,2014/15,2014-11-21,"Willowmoore Park, Benoni",2,14.1,Lions,Titans,CH Morris,J Symes,CJ Dala,4,0,,,,,,,,,
736291,2014/15,2014-11-21,"Willowmoore Park, Benoni",2,14.2,Lions,Titans,CH Morris,J Symes,CJ Dala,0,0,,,,,,,,,
736291,2014/15,2014-11-21,"Willowmoore Park, Benoni",2,14.3,Lions,Titans,CH Morris,J Symes,CJ Dala,0,0,,,,,,,,,
736291,2014/15,2014-11-21,"Willowmoore Park, Benoni",2,14.4,Lions,Titans,CH Morris,J Symes,CJ Dala,1,0,,,,,,,,,
736291,2014/15,2014-11-21,"Willowmoore Park, Benoni",2,14.5,Lions,Titans,J Symes,CH Morris,CJ Dala,0,1,1,,,,,,,,
736291,2014/15,2014-11-21,"Willowmoore Park, Benoni",2,14.6,Lions,Titans,J Symes,CH Morris,CJ Dala,3,0,,,,,,,,,
736291,2014/15,2014-11-21,"Willowmoore Park, Benoni",2,14.7,Lions,Titans,CH Morris,J Symes,CJ Dala,4,0,,,,,,,,,
736291,2014/15,2014-11-21,"Willowmoore Park, Benoni",2,15.1,Lions,Titans,J Symes,CH Morris,NE Mbhalati,0,0,,,,,,,,,
736291,2014/15,2014-11-21,"Willowmoore Park, Benoni",2,15.2,Lions,Titans,J Symes,CH Morris,NE Mbhalati,1,0,,,,,,,,,
736291,2014/15,2014-11-21,"Willowmoore Park, Benoni",2,15.3,Lions,Titans,CH Morris,J Symes,NE Mbhalati,1,0,,,,,,,,,
736291,2014/15,2014-11-21,"Willowmoore Park, Benoni",2,15.4,Lions,Titans,J Symes,CH Morris,NE Mbhalati,6,0,,,,,,,,,
736291,2014/15,2014-11-21,"Willowmoore Park, Benoni",2,15.5,Lions,Titans,J Symes,CH Morris,NE Mbhalati,4,0,,,,,,,,,
736291,2014/15,2014-11-21,"Willowmoore Park, Benoni",2,15.6,Lions,Titans,J Symes,CH Morris,NE Mbhalati,0,0,,,,,,,,,
