match_id,season,start_date,venue,innings,ball,batting_team,bowling_team,striker,non_striker,bowler,runs_off_bat,extras,wides,noballs,byes,legbyes,penalty,wicket_type,player_dismissed,other_wicket_type,other_player_dismissed
736283,2014/15,2014-11-16,"Kingsmead, Durban",1,0.1,Warriors,Lions,JT Smuts,C Kieswetter,LL Tsotsobe,0,0,,,,,,,,,
736283,2014/15,2014-11-16,"Kingsmead, Durban",1,0.2,Warriors,Lions,JT Smuts,C Kieswetter,LL Tsotsobe,4,0,,,,,,,,,
736283,2014/15,2014-11-16,"Kingsmead, Durban",1,0.3,Warriors,Lions,JT Smuts,C Kieswetter,LL Tsotsobe,4,0,,,,,,,,,
736283,2014/15,2014-11-16,"Kingsmead, Durban",1,0.4,Warriors,Lions,JT Smuts,C Kieswetter,LL Tsotsobe,0,0,,,,,,,,,
736283,2014/15,2014-11-16,"Kingsmead, Durban",1,0.5,Warriors,Lions,JT Smuts,C Kieswetter,LL Tsotsobe,0,0,,,,,,,,,
736283,2014/15,2014-11-16,"Kingsmead, Durban",1,0.6,Warriors,Lions,JT Smuts,C Kieswetter,LL Tsotsobe,0,0,,,,,,,,,
736283,2014/15,2014-11-16,"Kingsmead, Durban",1,1.1,Warriors,Lions,C Kieswetter,JT Smuts,CH Morris,0,0,,,,,,,,,
736283,2014/15,2014-11-16,"Kingsmead, Durban",1,1.2,Warriors,Lions,C Kieswetter,JT Smuts,CH Morris,0,0,,,,,,,,,
736283,2014/15,2014-11-16,"Kingsmead, Durban",1,1.3,Warriors,Lions,C Kieswetter,JT Smuts,CH Morris,0,0,,,,,,,,,
736283,2014/15,2014-11-16,"Kingsmead, Durban",1,1.4,Warriors,Lions,C Kieswetter,JT Smuts,CH Morris,0,0,,,,,,,,,
736283,2014/15,2014-11-16,"Kingsmead, Durban",1,1.5,Warriors,Lions,C Kieswetter,JT Smuts,CH Morris,1,0,,,,,,,,,
736283,2014/15,2014-11-16,"Kingsmead, Durban",1,1.6,Warriors,Lions,JT Smuts,C Kieswetter,CH Morris,0,0,,,,,,caught,JT Smuts,,
736283,2014/15,2014-11-16,"Kingsmead, Durban",1,2.1,Warriors,Lions,C Kieswetter,CA Ingram,LL Tsotsobe,0,0,,,,,,,,,
736283,2014/15,2014-11-16,"Kingsmead, Durban",1,2.2,Warriors,Lions,C Kieswetter,CA Ingram,LL Tsotsobe,1,0,,,,,,,,,
736283,2014/15,2014-11-16,"Kingsmead, Durban",1,2.3,Warriors,Lions,CA Ingram,C Kieswetter,LL Tsotsobe,0,0,,,,,,,,,
736283,2014/15,2014-11-16,"Kingsmead, Durban",1,2.4,Warriors,Lions,CA Ingram,C Kieswetter,LL Tsotsobe,0,0,,,,,,,,,
736283,2014/15,2014-11-16,"Kingsmead, Durban",1,2.5,Warriors,Lions,CA Ingram,C Kieswetter,LL Tsotsobe,0,0,,,,,,,,,
736283,2014/15,2014-11-16,"Kingsmead, Durban",1,2.6,Warriors,Lions,CA Ingram,C Kieswetter,LL Tsotsobe,4,0,,,,,,,,,
736283,2014/15,2014-11-16,"Kingsmead, Durban",1,3.1,Warriors,Lions,C Kieswetter,CA Ingram,CH Morris,0,0,,,,,,,,,
736283,2014/15,2014-11-16,"Kingsmead, Durban",1,3.2,Warriors,Lions,C Kieswetter,CA Ingram,CH Morris,1,0,,,,,,,,,
736283,2014/15,2014-11-16,"Kingsmead, Durban",1,3.3,Warriors,Lions,CA Ingram,C Kieswetter,CH Morris,1,0,,,,,,,,,
736283,2014/15,2014-11-16,"Kingsmead, Durban",1,3.4,Warriors,Lions,C Kieswetter,CA Ingram,CH Morris,1,0,,,,,,,,,
736283,2014/15,2014-11-16,"Kingsmead, Durban",1,3.5,Warriors,Lions,CA Ingram,C Kieswetter,CH Morris,0,0,,,,,,caught,CA Ingram,,
736283,2014/15,2014-11-16,"Kingsmead, Durban",1,3.6,Warriors,Lions,MY Vallie,C Kieswetter,CH Morris,0,0,,,,,,,,,
736283,2014/15,2014-11-16,"Kingsmead, Durban",1,4.1,Warriors,Lions,C Kieswetter,MY Vallie,GC Viljoen,0,0,,,,,,,,,
736283,2014/15,2014-11-16,"Kingsmead, Durban",1,4.2,Warriors,Lions,C Kieswetter,MY Vallie,GC Viljoen,0,0,,,,,,,,,
736283,2014/15,2014-11-16,"Kingsmead, Durban",1,4.3,Warriors,Lions,C Kieswetter,MY Vallie,GC Viljoen,0,0,,,,,,,,,
736283,2014/15,2014-11-16,"Kingsmead, Durban",1,4.4,Warriors,Lions,C Kieswetter,MY Vallie,GC Viljoen,1,0,,,,,,,,,
736283,2014/15,2014-11-16,"Kingsmead, Durban",1,4.5,Warriors,Lions,MY Vallie,C Kieswetter,GC Viljoen,1,0,,,,,,,,,
736283,2014/15,2014-11-16,"Kingsmead, Durban",1,4.6,Warriors,Lions,C Kieswetter,MY Vallie,GC Viljoen,2,0,,,,,,,,,
736283,2014/15,2014-11-16,"Kingsmead, Durban",1,5.1,Warriors,Lions,MY Vallie,C Kieswetter,D Pretorius,0,0,,,,,,,,,
736283,2014/15,2014-11-16,"Kingsmead, Durban",1,5.2,Warriors,Lions,MY Vallie,C Kieswetter,D Pretorius,1,0,,,,,,,,,
736283,2014/15,2014-11-16,"Kingsmead, Durban",1,5.3,Warriors,Lions,C Kieswetter,MY Vallie,D Pretorius,1,0,,,,,,,,,
736283,2014/15,2014-11-16,"Kingsmead, Durban",1,5.4,Warriors,Lions,MY Vallie,C Kieswetter,D Pretorius,2,0,,,,,,,,,
736283,2014/15,2014-11-16,"Kingsmead, Durban",1,5.5,Warriors,Lions,MY Vallie,C Kieswetter,D Pretorius,0,0,,,,,,,,,
736283,2014/15,2014-11-16,"Kingsmead, Durban",1,5.6,Warriors,Lions,MY Vallie,C Kieswetter,D Pretorius,4,0,,,,,,,,,
736283,2014/15,2014-11-16,"Kingsmead, Durban",1,6.1,Warriors,Lions,C Kieswetter,MY Vallie,GC Viljoen,0,0,,,,,,,,,
736283,2014/15,2014-11-16,"Kingsmead, Durban",1,6.2,Warriors,Lions,C Kieswetter,MY Vallie,GC Viljoen,0,0,,,,,,caught,C Kieswetter,,
736283,2014/15,2014-11-16,"Kingsmead, Durban",1,6.3,Warriors,Lions,S Seyibokwe,MY Vallie,GC Viljoen,0,1,1,,,,,,,,
736283,2014/15,2014-11-16,"Kingsmead, Durban",1,6.4,Warriors,Lions,S Seyibokwe,MY Vallie,GC Viljoen,0,0,,,,,,,,,
736283,2014/15,2014-11-16,"Kingsmead, Durban",1,6.5,Warriors,Lions,S Seyibokwe,MY Vallie,GC Viljoen,0,0,,,,,,,,,
736283,2014/15,2014-11-16,"Kingsmead, Durban",1,6.6,Warriors,Lions,S Seyibokwe,MY Vallie,GC Viljoen,1,0,,,,,,,,,
736283,2014/15,2014-11-16,"Kingsmead, Durban",1,6.7,Warriors,Lions,MY Vallie,S Seyibokwe,GC Viljoen,1,0,,,,,,,,,
736283,2014/15,2014-11-16,"Kingsmead, Durban",1,7.1,Warriors,Lions,MY Vallie,S Seyibokwe,E Leie,1,0,,,,,,,,,
736283,2014/15,2014-11-16,"Kingsmead, Durban",1,7.2,Warriors,Lions,S Seyibokwe,MY Vallie,E Leie,0,0,,,,,,,,,
736283,2014/15,2014-11-16,"Kingsmead, Durban",1,7.3,Warriors,Lions,S Seyibokwe,MY Vallie,E Leie,0,0,,,,,,,,,
736283,2014/15,2014-11-16,"Kingsmead, Durban",1,7.4,Warriors,Lions,S Seyibokwe,MY Vallie,E Leie,1,0,,,,,,,,,
736283,2014/15,2014-11-16,"Kingsmead, Durban",1,7.5,Warriors,Lions,MY Vallie,S Seyibokwe,E Leie,1,0,,,,,,,,,
736283,2014/15,2014-11-16,"Kingsmead, Durban",1,7.6,Warriors,Lions,S Seyibokwe,MY Vallie,E Leie,1,0,,,,,,,,,
736283,2014/15,2014-11-16,"Kingsmead, Durban",1,8.1,Warriors,Lions,S Seyibokwe,MY Vallie,GC Viljoen,1,0,,,,,,,,,
736283,2014/15,2014-11-16,"Kingsmead, Durban",1,8.2,Warriors,Lions,MY Vallie,S Seyibokwe,GC Viljoen,1,0,,,,,,,,,
736283,2014/15,2014-11-16,"Kingsmead, Durban",1,8.3,Warriors,Lions,S Seyibokwe,MY Vallie,GC Viljoen,1,0,,,,,,,,,
736283,2014/15,2014-11-16,"Kingsmead, Durban",1,8.4,Warriors,Lions,MY Vallie,S Seyibokwe,GC Viljoen,2,0,,,,,,,,,
736283,2014/15,2014-11-16,"Kingsmead, Durban",1,8.5,Warriors,Lions,MY Vallie,S Seyibokwe,GC Viljoen,2,0,,,,,,,,,
736283,2014/15,2014-11-16,"Kingsmead, Durban",1,8.6,Warriors,Lions,MY Vallie,S Seyibokwe,GC Viljoen,0,0,,,,,,,,,
736283,2014/15,2014-11-16,"Kingsmead, Durban",1,9.1,Warriors,Lions,S Seyibokwe,MY Vallie,E Leie,1,0,,,,,,,,,
736283,2014/15,2014-11-16,"Kingsmead, Durban",1,9.2,Warriors,Lions,MY Vallie,S Seyibokwe,E Leie,0,0,,,,,,,,,
736283,2014/15,2014-11-16,"Kingsmead, Durban",1,9.3,Warriors,Lions,MY Vallie,S Seyibokwe,E Leie,2,0,,,,,,,,,
736283,2014/15,2014-11-16,"Kingsmead, Durban",1,9.4,Warriors,Lions,MY Vallie,S Seyibokwe,E Leie,0,0,,,,,,,,,
736283,2014/15,2014-11-16,"Kingsmead, Durban",1,9.5,Warriors,Lions,MY Vallie,S Seyibokwe,E Leie,0,0,,,,,,,,,
736283,2014/15,2014-11-16,"Kingsmead, Durban",1,9.6,Warriors,Lions,MY Vallie,S Seyibokwe,E Leie,2,0,,,,,,,,,
736283,2014/15,2014-11-16,"Kingsmead, Durban",1,10.1,Warriors,Lions,S Seyibokwe,MY Vallie,D Pretorius,0,0,,,,,,,,,
736283,2014/15,2014-11-16,"Kingsmead, Durban",1,10.2,Warriors,Lions,S Seyibokwe,MY Vallie,D Pretorius,0,0,,,,,,,,,
736283,2014/15,2014-11-16,"Kingsmead, Durban",1,10.3,Warriors,Lions,S Seyibokwe,MY Vallie,D Pretorius,1,0,,,,,,,,,
736283,2014/15,2014-11-16,"Kingsmead, Durban",1,10.4,Warriors,Lions,MY Vallie,S Seyibokwe,D Pretorius,0,0,,,,,,,,,
736283,2014/15,2014-11-16,"Kingsmead, Durban",1,10.5,Warriors,Lions,MY Vallie,S Seyibokwe,D Pretorius,0,0,,,,,,,,,
736283,2014/15,2014-11-16,"Kingsmead, Durban",1,10.6,Warriors,Lions,MY Vallie,S Seyibokwe,D Pretorius,4,0,,,,,,,,,
736283,2014/15,2014-11-16,"Kingsmead, Durban",1,11.1,Warriors,Lions,S Seyibokwe,MY Vallie,E Leie,0,0,,,,,,caught,S Seyibokwe,,
736283,2014/15,2014-11-16,"Kingsmead, Durban",1,11.2,Warriors,Lions,C Jonker,MY Vallie,E Leie,0,0,,,,,,,,,
736283,2014/15,2014-11-16,"Kingsmead, Durban",1,11.3,Warriors,Lions,C Jonker,MY Vallie,E Leie,0,0,,,,,,,,,
736283,2014/15,2014-11-16,"Kingsmead, Durban",1,11.4,Warriors,Lions,C Jonker,MY Vallie,E Leie,1,0,,,,,,,,,
736283,2014/15,2014-11-16,"Kingsmead, Durban",1,11.5,Warriors,Lions,MY Vallie,C Jonker,E Leie,0,0,,,,,,,,,
736283,2014/15,2014-11-16,"Kingsmead, Durban",1,11.6,Warriors,Lions,MY Vallie,C Jonker,E Leie,1,0,,,,,,,,,
736283,2014/15,2014-11-16,"Kingsmead, Durban",1,12.1,Warriors,Lions,MY Vallie,C Jonker,D Pretorius,0,0,,,,,,caught,MY Vallie,,
736283,2014/15,2014-11-16,"Kingsmead, Durban",1,12.2,Warriors,Lions,C Jonker,SR Harmer,D Pretorius,1,0,,,,,,,,,
736283,2014/15,2014-11-16,"Kingsmead, Durban",1,12.3,Warriors,Lions,SR Harmer,C Jonker,D Pretorius,0,1,1,,,,,,,,
736283,2014/15,2014-11-16,"Kingsmead, Durban",1,12.4,Warriors,Lions,SR Harmer,C Jonker,D Pretorius,1,0,,,,,,,,,
736283,2014/15,2014-11-16,"Kingsmead, Durban",1,12.5,Warriors,Lions,C Jonker,SR Harmer,D Pretorius,0,0,,,,,,,,,
736283,2014/15,2014-11-16,"Kingsmead, Durban",1,12.6,Warriors,Lions,C Jonker,SR Harmer,D Pretorius,2,0,,,,,,,,,
736283,2014/15,2014-11-16,"Kingsmead, Durban",1,12.7,Warriors,Lions,C Jonker,SR Harmer,D Pretorius,0,0,,,,,,,,,
736283,2014/15,2014-11-16,"Kingsmead, Durban",1,13.1,Warriors,Lions,SR Harmer,C Jonker,CH Morris,0,0,,,,,,,,,
736283,2014/15,2014-11-16,"Kingsmead, Durban",1,13.2,Warriors,Lions,SR Harmer,C Jonker,CH Morris,0,0,,,,,,,,,
736283,2014/15,2014-11-16,"Kingsmead, Durban",1,13.3,Warriors,Lions,SR Harmer,C Jonker,CH Morris,0,0,,,,,,,,,
736283,2014/15,2014-11-16,"Kingsmead, Durban",1,13.4,Warriors,Lions,SR Harmer,C Jonker,CH Morris,0,0,,,,,,,,,
736283,2014/15,2014-11-16,"Kingsmead, Durban",1,13.5,Warriors,Lions,SR Harmer,C Jonker,CH Morris,1,0,,,,,,,,,
736283,2014/15,2014-11-16,"Kingsmead, Durban",1,13.6,Warriors,Lions,C Jonker,SR Harmer,CH Morris,0,1,1,,,,,,,,
736283,2014/15,2014-11-16,"Kingsmead, Durban",1,13.7,Warriors,Lions,C Jonker,SR Harmer,CH Morris,1,0,,,,,,,,,
736283,2014/15,2014-11-16,"Kingsmead, Durban",1,14.1,Warriors,Lions,C Jonker,SR Harmer,D Pretorius,1,0,,,,,,,,,
736283,2014/15,2014-11-16,"Kingsmead, Durban",1,14.2,Warriors,Lions,SR Harmer,C Jonker,D Pretorius,4,0,,,,,,,,,
736283,2014/15,2014-11-16,"Kingsmead, Durban",1,14.3,Warriors,Lions,SR Harmer,C Jonker,D Pretorius,1,0,,,,,,,,,
736283,2014/15,2014-11-16,"Kingsmead, Durban",1,14.4,Warriors,Lions,C Jonker,SR Harmer,D Pretorius,0,0,,,,,,,,,
736283,2014/15,2014-11-16,"Kingsmead, Durban",1,14.5,Warriors,Lions,C Jonker,SR Harmer,D Pretorius,1,0,,,,,,,,,
736283,2014/15,2014-11-16,"Kingsmead, Durban",1,14.6,Warriors,Lions,SR Harmer,C Jonker,D Pretorius,1,0,,,,,,,,,
736283,2014/15,2014-11-16,"Kingsmead, Durban",1,15.1,Warriors,Lions,SR Harmer,C Jonker,E Leie,1,0,,,,,,,,,
736283,2014/15,2014-11-16,"Kingsmead, Durban",1,15.2,Warriors,Lions,C Jonker,SR Harmer,E Leie,1,0,,,,,,,,,
736283,2014/15,2014-11-16,"Kingsmead, Durban",1,15.3,Warriors,Lions,SR Harmer,C Jonker,E Leie,6,0,,,,,,,,,
736283,2014/15,2014-11-16,"Kingsmead, Durban",1,15.4,Warriors,Lions,SR Harmer,C Jonker,E Leie,1,0,,,,,,,,,
736283,2014/15,2014-11-16,"Kingsmead, Durban",1,15.5,Warriors,Lions,C Jonker,SR Harmer,E Leie,2,0,,,,,,,,,
736283,2014/15,2014-11-16,"Kingsmead, Durban",1,15.6,Warriors,Lions,C Jonker,SR Harmer,E Leie,6,0,,,,,,,,,
736283,2014/15,2014-11-16,"Kingsmead, Durban",1,16.1,Warriors,Lions,SR Harmer,C Jonker,LL Tsotsobe,2,0,,,,,,,,,
736283,2014/15,2014-11-16,"Kingsmead, Durban",1,16.2,Warriors,Lions,SR Harmer,C Jonker,LL Tsotsobe,1,0,,,,,,,,,
736283,2014/15,2014-11-16,"Kingsmead, Durban",1,16.3,Warriors,Lions,C Jonker,SR Harmer,LL Tsotsobe,1,0,,,,,,,,,
736283,2014/15,2014-11-16,"Kingsmead, Durban",1,16.4,Warriors,Lions,SR Harmer,C Jonker,LL Tsotsobe,1,0,,,,,,,,,
736283,2014/15,2014-11-16,"Kingsmead, Durban",1,16.5,Warriors,Lions,C Jonker,SR Harmer,LL Tsotsobe,4,0,,,,,,,,,
736283,2014/15,2014-11-16,"Kingsmead, Durban",1,16.6,Warriors,Lions,C Jonker,SR Harmer,LL Tsotsobe,1,0,,,,,,,,,
736283,2014/15,2014-11-16,"Kingsmead, Durban",1,17.1,Warriors,Lions,C Jonker,SR Harmer,GC Viljoen,1,0,,,,,,,,,
736283,2014/15,2014-11-16,"Kingsmead, Durban",1,17.2,Warriors,Lions,SR Harmer,C Jonker,GC Viljoen,4,0,,,,,,,,,
736283,2014/15,2014-11-16,"Kingsmead, Durban",1,17.3,Warriors,Lions,SR Harmer,C Jonker,GC Viljoen,4,0,,,,,,,,,
736283,2014/15,2014-11-16,"Kingsmead, Durban",1,17.4,Warriors,Lions,SR Harmer,C Jonker,GC Viljoen,0,0,,,,,,,,,
736283,2014/15,2014-11-16,"Kingsmead, Durban",1,17.5,Warriors,Lions,SR Harmer,C Jonker,GC Viljoen,1,0,,,,,,,,,
736283,2014/15,2014-11-16,"Kingsmead, Durban",1,17.6,Warriors,Lions,C Jonker,SR Harmer,GC Viljoen,2,0,,,,,,,,,
736283,2014/15,2014-11-16,"Kingsmead, Durban",1,18.1,Warriors,Lions,SR Harmer,C Jonker,LL Tsotsobe,0,0,,,,,,,,,
736283,2014/15,2014-11-16,"Kingsmead, Durban",1,18.2,Warriors,Lions,SR Harmer,C Jonker,LL Tsotsobe,0,0,,,,,,,,,
736283,2014/15,2014-11-16,"Kingsmead, Durban",1,18.3,Warriors,Lions,SR Harmer,C Jonker,LL Tsotsobe,1,0,,,,,,,,,
736283,2014/15,2014-11-16,"Kingsmead, Durban",1,18.4,Warriors,Lions,C Jonker,SR Harmer,LL Tsotsobe,0,0,,,,,,caught,C Jonker,,
736283,2014/15,2014-11-16,"Kingsmead, Durban",1,18.5,Warriors,Lions,J Theron,SR Harmer,LL Tsotsobe,0,0,,,,,,bowled,J Theron,,
736283,2014/15,2014-11-16,"Kingsmead, Durban",1,18.6,Warriors,Lions,A Gqamane,SR Harmer,LL Tsotsobe,2,0,,,,,,,,,
736283,2014/15,2014-11-16,"Kingsmead, Durban",1,19.1,Warriors,Lions,SR Harmer,A Gqamane,CH Morris,6,0,,,,,,,,,
736283,2014/15,2014-11-16,"Kingsmead, Durban",1,19.2,Warriors,Lions,SR Harmer,A Gqamane,CH Morris,1,0,,,,,,,,,
736283,2014/15,2014-11-16,"Kingsmead, Durban",1,19.3,Warriors,Lions,A Gqamane,SR Harmer,CH Morris,1,0,,,,,,,,,
736283,2014/15,2014-11-16,"Kingsmead, Durban",1,19.4,Warriors,Lions,SR Harmer,A Gqamane,CH Morris,0,0,,,,,,,,,
736283,2014/15,2014-11-16,"Kingsmead, Durban",1,19.5,Warriors,Lions,SR Harmer,A Gqamane,CH Morris,1,0,,,,,,,,,
736283,2014/15,2014-11-16,"Kingsmead, Durban",1,19.6,Warriors,Lions,A Gqamane,SR Harmer,CH Morris,4,0,,,,,,,,,
736283,2014/15,2014-11-16,"Kingsmead, Durban",2,0.1,Lions,Warriors,HE van der Dussen,AN Petersen,BD Walters,0,0,,,,,,,,,
736283,2014/15,2014-11-16,"Kingsmead, Durban",2,0.2,Lions,Warriors,HE van der Dussen,AN Petersen,BD Walters,0,0,,,,,,,,,
736283,2014/15,2014-11-16,"Kingsmead, Durban",2,0.3,Lions,Warriors,HE van der Dussen,AN Petersen,BD Walters,1,0,,,,,,,,,
736283,2014/15,2014-11-16,"Kingsmead, Durban",2,0.4,Lions,Warriors,AN Petersen,HE van der Dussen,BD Walters,0,0,,,,,,,,,
736283,2014/15,2014-11-16,"Kingsmead, Durban",2,0.5,Lions,Warriors,AN Petersen,HE van der Dussen,BD Walters,2,0,,,,,,,,,
736283,2014/15,2014-11-16,"Kingsmead, Durban",2,0.6,Lions,Warriors,AN Petersen,HE van der Dussen,BD Walters,0,0,,,,,,,,,
736283,2014/15,2014-11-16,"Kingsmead, Durban",2,1.1,Lions,Warriors,HE van der Dussen,AN Petersen,J Theron,1,0,,,,,,,,,
736283,2014/15,2014-11-16,"Kingsmead, Durban",2,1.2,Lions,Warriors,AN Petersen,HE van der Dussen,J Theron,4,0,,,,,,,,,
736283,2014/15,2014-11-16,"Kingsmead, Durban",2,1.3,Lions,Warriors,AN Petersen,HE van der Dussen,J Theron,0,0,,,,,,,,,
736283,2014/15,2014-11-16,"Kingsmead, Durban",2,1.4,Lions,Warriors,AN Petersen,HE van der Dussen,J Theron,0,0,,,,,,,,,
736283,2014/15,2014-11-16,"Kingsmead, Durban",2,1.5,Lions,Warriors,AN Petersen,HE van der Dussen,J Theron,1,0,,,,,,,,,
736283,2014/15,2014-11-16,"Kingsmead, Durban",2,1.6,Lions,Warriors,HE van der Dussen,AN Petersen,J Theron,0,0,,,,,,,,,
736283,2014/15,2014-11-16,"Kingsmead, Durban",2,2.1,Lions,Warriors,AN Petersen,HE van der Dussen,BD Walters,0,0,,,,,,,,,
736283,2014/15,2014-11-16,"Kingsmead, Durban",2,2.2,Lions,Warriors,AN Petersen,HE van der Dussen,BD Walters,1,0,,,,,,,,,
736283,2014/15,2014-11-16,"Kingsmead, Durban",2,2.3,Lions,Warriors,HE van der Dussen,AN Petersen,BD Walters,0,0,,,,,,,,,
736283,2014/15,2014-11-16,"Kingsmead, Durban",2,2.4,Lions,Warriors,HE van der Dussen,AN Petersen,BD Walters,1,0,,,,,,,,,
736283,2014/15,2014-11-16,"Kingsmead, Durban",2,2.5,Lions,Warriors,AN Petersen,HE van der Dussen,BD Walters,0,0,,,,,,,,,
736283,2014/15,2014-11-16,"Kingsmead, Durban",2,2.6,Lions,Warriors,AN Petersen,HE van der Dussen,BD Walters,0,0,,,,,,,,,
736283,2014/15,2014-11-16,"Kingsmead, Durban",2,3.1,Lions,Warriors,HE van der Dussen,AN Petersen,J Theron,1,0,,,,,,,,,
736283,2014/15,2014-11-16,"Kingsmead, Durban",2,3.2,Lions,Warriors,AN Petersen,HE van der Dussen,J Theron,0,0,,,,,,,,,
736283,2014/15,2014-11-16,"Kingsmead, Durban",2,3.3,Lions,Warriors,AN Petersen,HE van der Dussen,J Theron,0,0,,,,,,,,,
736283,2014/15,2014-11-16,"Kingsmead, Durban",2,3.4,Lions,Warriors,AN Petersen,HE van der Dussen,J Theron,1,0,,,,,,,,,
736283,2014/15,2014-11-16,"Kingsmead, Durban",2,3.5,Lions,Warriors,HE van der Dussen,AN Petersen,J Theron,6,0,,,,,,,,,
736283,2014/15,2014-11-16,"Kingsmead, Durban",2,3.6,Lions,Warriors,HE van der Dussen,AN Petersen,J Theron,0,0,,,,,,,,,
736283,2014/15,2014-11-16,"Kingsmead, Durban",2,4.1,Lions,Warriors,AN Petersen,HE van der Dussen,BD Walters,0,0,,,,,,,,,
736283,2014/15,2014-11-16,"Kingsmead, Durban",2,4.2,Lions,Warriors,AN Petersen,HE van der Dussen,BD Walters,0,0,,,,,,,,,
736283,2014/15,2014-11-16,"Kingsmead, Durban",2,4.3,Lions,Warriors,AN Petersen,HE van der Dussen,BD Walters,1,0,,,,,,,,,
736283,2014/15,2014-11-16,"Kingsmead, Durban",2,4.4,Lions,Warriors,HE van der Dussen,AN Petersen,BD Walters,0,0,,,,,,caught,HE van der Dussen,,
736283,2014/15,2014-11-16,"Kingsmead, Durban",2,4.5,Lions,Warriors,AN Petersen,ND McKenzie,BD Walters,1,0,,,,,,,,,
736283,2014/15,2014-11-16,"Kingsmead, Durban",2,4.6,Lions,Warriors,ND McKenzie,AN Petersen,BD Walters,1,0,,,,,,,,,
736283,2014/15,2014-11-16,"Kingsmead, Durban",2,5.1,Lions,Warriors,ND McKenzie,AN Petersen,L Mbane,1,0,,,,,,,,,
736283,2014/15,2014-11-16,"Kingsmead, Durban",2,5.2,Lions,Warriors,AN Petersen,ND McKenzie,L Mbane,0,0,,,,,,,,,
736283,2014/15,2014-11-16,"Kingsmead, Durban",2,5.3,Lions,Warriors,AN Petersen,ND McKenzie,L Mbane,0,0,,,,,,,,,
736283,2014/15,2014-11-16,"Kingsmead, Durban",2,5.4,Lions,Warriors,AN Petersen,ND McKenzie,L Mbane,1,0,,,,,,,,,
736283,2014/15,2014-11-16,"Kingsmead, Durban",2,5.5,Lions,Warriors,ND McKenzie,AN Petersen,L Mbane,0,0,,,,,,,,,
736283,2014/15,2014-11-16,"Kingsmead, Durban",2,5.6,Lions,Warriors,ND McKenzie,AN Petersen,L Mbane,0,0,,,,,,,,,
736283,2014/15,2014-11-16,"Kingsmead, Durban",2,6.1,Lions,Warriors,AN Petersen,ND McKenzie,A Gqamane,0,0,,,,,,,,,
736283,2014/15,2014-11-16,"Kingsmead, Durban",2,6.2,Lions,Warriors,AN Petersen,ND McKenzie,A Gqamane,1,0,,,,,,,,,
736283,2014/15,2014-11-16,"Kingsmead, Durban",2,6.3,Lions,Warriors,ND McKenzie,AN Petersen,A Gqamane,1,0,,,,,,,,,
736283,2014/15,2014-11-16,"Kingsmead, Durban",2,6.4,Lions,Warriors,AN Petersen,ND McKenzie,A Gqamane,0,0,,,,,,,,,
736283,2014/15,2014-11-16,"Kingsmead, Durban",2,6.5,Lions,Warriors,AN Petersen,ND McKenzie,A Gqamane,0,0,,,,,,,,,
736283,2014/15,2014-11-16,"Kingsmead, Durban",2,6.6,Lions,Warriors,AN Petersen,ND McKenzie,A Gqamane,0,0,,,,,,,,,
736283,2014/15,2014-11-16,"Kingsmead, Durban",2,7.1,Lions,Warriors,ND McKenzie,AN Petersen,L Mbane,1,0,,,,,,,,,
736283,2014/15,2014-11-16,"Kingsmead, Durban",2,7.2,Lions,Warriors,AN Petersen,ND McKenzie,L Mbane,1,0,,,,,,,,,
736283,2014/15,2014-11-16,"Kingsmead, Durban",2,7.3,Lions,Warriors,ND McKenzie,AN Petersen,L Mbane,1,0,,,,,,,,,
736283,2014/15,2014-11-16,"Kingsmead, Durban",2,7.4,Lions,Warriors,AN Petersen,ND McKenzie,L Mbane,1,0,,,,,,,,,
736283,2014/15,2014-11-16,"Kingsmead, Durban",2,7.5,Lions,Warriors,ND McKenzie,AN Petersen,L Mbane,1,0,,,,,,,,,
736283,2014/15,2014-11-16,"Kingsmead, Durban",2,7.6,Lions,Warriors,AN Petersen,ND McKenzie,L Mbane,1,0,,,,,,,,,
736283,2014/15,2014-11-16,"Kingsmead, Durban",2,8.1,Lions,Warriors,AN Petersen,ND McKenzie,A Gqamane,0,1,1,,,,,,,,
736283,2014/15,2014-11-16,"Kingsmead, Durban",2,8.2,Lions,Warriors,AN Petersen,ND McKenzie,A Gqamane,6,0,,,,,,,,,
736283,2014/15,2014-11-16,"Kingsmead, Durban",2,8.3,Lions,Warriors,AN Petersen,ND McKenzie,A Gqamane,0,0,,,,,,,,,
736283,2014/15,2014-11-16,"Kingsmead, Durban",2,8.4,Lions,Warriors,AN Petersen,ND McKenzie,A Gqamane,1,0,,,,,,,,,
736283,2014/15,2014-11-16,"Kingsmead, Durban",2,8.5,Lions,Warriors,ND McKenzie,AN Petersen,A Gqamane,1,0,,,,,,,,,
736283,2014/15,2014-11-16,"Kingsmead, Durban",2,8.6,Lions,Warriors,AN Petersen,ND McKenzie,A Gqamane,1,0,,,,,,,,,
736283,2014/15,2014-11-16,"Kingsmead, Durban",2,8.7,Lions,Warriors,ND McKenzie,AN Petersen,A Gqamane,1,0,,,,,,,,,
736283,2014/15,2014-11-16,"Kingsmead, Durban",2,9.1,Lions,Warriors,ND McKenzie,AN Petersen,JT Smuts,0,0,,,,,,,,,
736283,2014/15,2014-11-16,"Kingsmead, Durban",2,9.2,Lions,Warriors,ND McKenzie,AN Petersen,JT Smuts,1,0,,,,,,,,,
736283,2014/15,2014-11-16,"Kingsmead, Durban",2,9.3,Lions,Warriors,AN Petersen,ND McKenzie,JT Smuts,1,0,,,,,,,,,
736283,2014/15,2014-11-16,"Kingsmead, Durban",2,9.4,Lions,Warriors,ND McKenzie,AN Petersen,JT Smuts,0,0,,,,,,,,,
736283,2014/15,2014-11-16,"Kingsmead, Durban",2,9.5,Lions,Warriors,ND McKenzie,AN Petersen,JT Smuts,1,0,,,,,,,,,
736283,2014/15,2014-11-16,"Kingsmead, Durban",2,9.6,Lions,Warriors,AN Petersen,ND McKenzie,JT Smuts,0,0,,,,,,,,,
736283,2014/15,2014-11-16,"Kingsmead, Durban",2,10.1,Lions,Warriors,ND McKenzie,AN Petersen,SR Harmer,0,1,1,,,,,,,,
736283,2014/15,2014-11-16,"Kingsmead, Durban",2,10.2,Lions,Warriors,ND McKenzie,AN Petersen,SR Harmer,0,1,1,,,,,,,,
736283,2014/15,2014-11-16,"Kingsmead, Durban",2,10.3,Lions,Warriors,ND McKenzie,AN Petersen,SR Harmer,1,0,,,,,,,,,
736283,2014/15,2014-11-16,"Kingsmead, Durban",2,10.4,Lions,Warriors,AN Petersen,ND McKenzie,SR Harmer,1,0,,,,,,,,,
736283,2014/15,2014-11-16,"Kingsmead, Durban",2,10.5,Lions,Warriors,ND McKenzie,AN Petersen,SR Harmer,1,0,,,,,,,,,
736283,2014/15,2014-11-16,"Kingsmead, Durban",2,10.6,Lions,Warriors,AN Petersen,ND McKenzie,SR Harmer,1,0,,,,,,,,,
736283,2014/15,2014-11-16,"Kingsmead, Durban",2,10.7,Lions,Warriors,ND McKenzie,AN Petersen,SR Harmer,1,0,,,,,,,,,
736283,2014/15,2014-11-16,"Kingsmead, Durban",2,10.8,Lions,Warriors,AN Petersen,ND McKenzie,SR Harmer,0,1,,,1,,,,,,
736283,2014/15,2014-11-16,"Kingsmead, Durban",2,11.1,Lions,Warriors,AN Petersen,ND McKenzie,JT Smuts,1,0,,,,,,,,,
736283,2014/15,2014-11-16,"Kingsmead, Durban",2,11.2,Lions,Warriors,ND McKenzie,AN Petersen,JT Smuts,2,0,,,,,,,,,
736283,2014/15,2014-11-16,"Kingsmead, Durban",2,11.3,Lions,Warriors,ND McKenzie,AN Petersen,JT Smuts,0,0,,,,,,,,,
736283,2014/15,2014-11-16,"Kingsmead, Durban",2,11.4,Lions,Warriors,ND McKenzie,AN Petersen,JT Smuts,0,0,,,,,,,,,
736283,2014/15,2014-11-16,"Kingsmead, Durban",2,11.5,Lions,Warriors,ND McKenzie,AN Petersen,JT Smuts,1,0,,,,,,,,,
736283,2014/15,2014-11-16,"Kingsmead, Durban",2,11.6,Lions,Warriors,AN Petersen,ND McKenzie,JT Smuts,1,0,,,,,,,,,
736283,2014/15,2014-11-16,"Kingsmead, Durban",2,12.1,Lions,Warriors,AN Petersen,ND McKenzie,SR Harmer,1,0,,,,,,,,,
736283,2014/15,2014-11-16,"Kingsmead, Durban",2,12.2,Lions,Warriors,ND McKenzie,AN Petersen,SR Harmer,1,0,,,,,,,,,
736283,2014/15,2014-11-16,"Kingsmead, Durban",2,12.3,Lions,Warriors,AN Petersen,ND McKenzie,SR Harmer,0,0,,,,,,bowled,AN Petersen,,
736283,2014/15,2014-11-16,"Kingsmead, Durban",2,12.4,Lions,Warriors,D Pretorius,ND McKenzie,SR Harmer,1,0,,,,,,,,,
736283,2014/15,2014-11-16,"Kingsmead, Durban",2,12.5,Lions,Warriors,ND McKenzie,D Pretorius,SR Harmer,1,0,,,,,,,,,
736283,2014/15,2014-11-16,"Kingsmead, Durban",2,12.6,Lions,Warriors,D Pretorius,ND McKenzie,SR Harmer,0,0,,,,,,,,,
736283,2014/15,2014-11-16,"Kingsmead, Durban",2,13.1,Lions,Warriors,ND McKenzie,D Pretorius,JT Smuts,4,0,,,,,,,,,
736283,2014/15,2014-11-16,"Kingsmead, Durban",2,13.2,Lions,Warriors,ND McKenzie,D Pretorius,JT Smuts,2,0,,,,,,,,,
736283,2014/15,2014-11-16,"Kingsmead, Durban",2,13.3,Lions,Warriors,ND McKenzie,D Pretorius,JT Smuts,1,0,,,,,,,,,
736283,2014/15,2014-11-16,"Kingsmead, Durban",2,13.4,Lions,Warriors,D Pretorius,ND McKenzie,JT Smuts,0,0,,,,,,,,,
736283,2014/15,2014-11-16,"Kingsmead, Durban",2,13.5,Lions,Warriors,D Pretorius,ND McKenzie,JT Smuts,0,0,,,,,,caught,D Pretorius,,
736283,2014/15,2014-11-16,"Kingsmead, Durban",2,13.6,Lions,Warriors,J Symes,ND McKenzie,JT Smuts,0,0,,,,,,caught,J Symes,,
736283,2014/15,2014-11-16,"Kingsmead, Durban",2,14.1,Lions,Warriors,ND McKenzie,T Bavuma,SR Harmer,2,0,,,,,,,,,
736283,2014/15,2014-11-16,"Kingsmead, Durban",2,14.2,Lions,Warriors,ND McKenzie,T Bavuma,SR Harmer,0,0,,,,,,,,,
736283,2014/15,2014-11-16,"Kingsmead, Durban",2,14.3,Lions,Warriors,ND McKenzie,T Bavuma,SR Harmer,1,0,,,,,,,,,
736283,2014/15,2014-11-16,"Kingsmead, Durban",2,14.4,Lions,Warriors,T Bavuma,ND McKenzie,SR Harmer,0,0,,,,,,,,,
736283,2014/15,2014-11-16,"Kingsmead, Durban",2,14.5,Lions,Warriors,T Bavuma,ND McKenzie,SR Harmer,0,0,,,,,,,,,
736283,2014/15,2014-11-16,"Kingsmead, Durban",2,14.6,Lions,Warriors,T Bavuma,ND McKenzie,SR Harmer,1,0,,,,,,,,,
736283,2014/15,2014-11-16,"Kingsmead, Durban",2,15.1,Lions,Warriors,T Bavuma,ND McKenzie,JT Smuts,1,0,,,,,,,,,
736283,2014/15,2014-11-16,"Kingsmead, Durban",2,15.2,Lions,Warriors,ND McKenzie,T Bavuma,JT Smuts,1,0,,,,,,,,,
736283,2014/15,2014-11-16,"Kingsmead, Durban",2,15.3,Lions,Warriors,T Bavuma,ND McKenzie,JT Smuts,4,0,,,,,,,,,
736283,2014/15,2014-11-16,"Kingsmead, Durban",2,15.4,Lions,Warriors,T Bavuma,ND McKenzie,JT Smuts,0,0,,,,,,,,,
736283,2014/15,2014-11-16,"Kingsmead, Durban",2,15.5,Lions,Warriors,T Bavuma,ND McKenzie,JT Smuts,1,0,,,,,,,,,
736283,2014/15,2014-11-16,"Kingsmead, Durban",2,15.6,Lions,Warriors,ND McKenzie,T Bavuma,JT Smuts,2,0,,,,,,,,,
736283,2014/15,2014-11-16,"Kingsmead, Durban",2,16.1,Lions,Warriors,T Bavuma,ND McKenzie,SR Harmer,6,0,,,,,,,,,
736283,2014/15,2014-11-16,"Kingsmead, Durban",2,16.2,Lions,Warriors,T Bavuma,ND McKenzie,SR Harmer,1,0,,,,,,,,,
736283,2014/15,2014-11-16,"Kingsmead, Durban",2,16.3,Lions,Warriors,ND McKenzie,T Bavuma,SR Harmer,1,0,,,,,,,,,
736283,2014/15,2014-11-16,"Kingsmead, Durban",2,16.4,Lions,Warriors,T Bavuma,ND McKenzie,SR Harmer,6,0,,,,,,,,,
736283,2014/15,2014-11-16,"Kingsmead, Durban",2,16.5,Lions,Warriors,T Bavuma,ND McKenzie,SR Harmer,2,0,,,,,,,,,
736283,2014/15,2014-11-16,"Kingsmead, Durban",2,16.6,Lions,Warriors,T Bavuma,ND McKenzie,SR Harmer,1,0,,,,,,,,,
736283,2014/15,2014-11-16,"Kingsmead, Durban",2,17.1,Lions,Warriors,T Bavuma,ND McKenzie,J Theron,2,0,,,,,,,,,
736283,2014/15,2014-11-16,"Kingsmead, Durban",2,17.2,Lions,Warriors,T Bavuma,ND McKenzie,J Theron,2,0,,,,,,,,,
736283,2014/15,2014-11-16,"Kingsmead, Durban",2,17.3,Lions,Warriors,T Bavuma,ND McKenzie,J Theron,0,1,1,,,,,,,,
736283,2014/15,2014-11-16,"Kingsmead, Durban",2,17.4,Lions,Warriors,T Bavuma,ND McKenzie,J Theron,0,0,,,,,,,,,
736283,2014/15,2014-11-16,"Kingsmead, Durban",2,17.5,Lions,Warriors,T Bavuma,ND McKenzie,J Theron,1,0,,,,,,,,,
736283,2014/15,2014-11-16,"Kingsmead, Durban",2,17.6,Lions,Warriors,ND McKenzie,T Bavuma,J Theron,1,0,,,,,,,,,
736283,2014/15,2014-11-16,"Kingsmead, Durban",2,17.7,Lions,Warriors,T Bavuma,ND McKenzie,J Theron,0,0,,,,,,,,,
736283,2014/15,2014-11-16,"Kingsmead, Durban",2,18.1,Lions,Warriors,ND McKenzie,T Bavuma,L Mbane,4,0,,,,,,,,,
736283,2014/15,2014-11-16,"Kingsmead, Durban",2,18.2,Lions,Warriors,ND McKenzie,T Bavuma,L Mbane,1,0,,,,,,,,,
736283,2014/15,2014-11-16,"Kingsmead, Durban",2,18.3,Lions,Warriors,T Bavuma,ND McKenzie,L Mbane,1,0,,,,,,,,,
736283,2014/15,2014-11-16,"Kingsmead, Durban",2,18.4,Lions,Warriors,ND McKenzie,T Bavuma,L Mbane,0,1,1,,,,,,,,
736283,2014/15,2014-11-16,"Kingsmead, Durban",2,18.5,Lions,Warriors,ND McKenzie,T Bavuma,L Mbane,4,0,,,,,,,,,
736283,2014/15,2014-11-16,"Kingsmead, Durban",2,18.6,Lions,Warriors,ND McKenzie,T Bavuma,L Mbane,2,0,,,,,,,,,
736283,2014/15,2014-11-16,"Kingsmead, Durban",2,18.7,Lions,Warriors,ND McKenzie,T Bavuma,L Mbane,2,0,,,,,,,,,
736283,2014/15,2014-11-16,"Kingsmead, Durban",2,19.1,Lions,Warriors,T Bavuma,ND McKenzie,J Theron,4,0,,,,,,,,,
736283,2014/15,2014-11-16,"Kingsmead, Durban",2,19.2,Lions,Warriors,T Bavuma,ND McKenzie,J Theron,0,0,,,,,,,,,
736283,2014/15,2014-11-16,"Kingsmead, Durban",2,19.3,Lions,Warriors,T Bavuma,ND McKenzie,J Theron,4,0,,,,,,,,,
