match_id,season,start_date,venue,innings,ball,batting_team,bowling_team,striker,non_striker,bowler,runs_off_bat,extras,wides,noballs,byes,legbyes,penalty,wicket_type,player_dismissed,other_wicket_type,other_player_dismissed
736265,2014/15,2014-11-07,"Buffalo Park, East London",1,0.1,Warriors,Lions,S Seyibokwe,C Kieswetter,CH Morris,0,1,,,,1,,,,,
736265,2014/15,2014-11-07,"Buffalo Park, East London",1,0.2,Warriors,Lions,C Kieswetter,S Seyibokwe,CH Morris,0,0,,,,,,,,,
736265,2014/15,2014-11-07,"Buffalo Park, East London",1,0.3,Warriors,Lions,C Kieswetter,S Seyibokwe,CH Morris,0,0,,,,,,,,,
736265,2014/15,2014-11-07,"Buffalo Park, East London",1,0.4,Warriors,Lions,C Kieswetter,S Seyibokwe,CH Morris,4,0,,,,,,,,,
736265,2014/15,2014-11-07,"Buffalo Park, East London",1,0.5,Warriors,Lions,C Kieswetter,S Seyibokwe,CH Morris,4,0,,,,,,,,,
736265,2014/15,2014-11-07,"Buffalo Park, East London",1,0.6,Warriors,Lions,C Kieswetter,S Seyibokwe,CH Morris,4,0,,,,,,,,,
736265,2014/15,2014-11-07,"Buffalo Park, East London",1,1.1,Warriors,Lions,S Seyibokwe,C Kieswetter,LL Tsotsobe,1,0,,,,,,,,,
736265,2014/15,2014-11-07,"Buffalo Park, East London",1,1.2,Warriors,Lions,C Kieswetter,S Seyibokwe,LL Tsotsobe,0,0,,,,,,,,,
736265,2014/15,2014-11-07,"Buffalo Park, East London",1,1.3,Warriors,Lions,C Kieswetter,S Seyibokwe,LL Tsotsobe,1,0,,,,,,,,,
736265,2014/15,2014-11-07,"Buffalo Park, East London",1,1.4,Warriors,Lions,S Seyibokwe,C Kieswetter,LL Tsotsobe,0,0,,,,,,,,,
736265,2014/15,2014-11-07,"Buffalo Park, East London",1,1.5,Warriors,Lions,S Seyibokwe,C Kieswetter,LL Tsotsobe,0,0,,,,,,,,,
736265,2014/15,2014-11-07,"Buffalo Park, East London",1,1.6,Warriors,Lions,S Seyibokwe,C Kieswetter,LL Tsotsobe,0,0,,,,,,,,,
736265,2014/15,2014-11-07,"Buffalo Park, East London",1,2.1,Warriors,Lions,C Kieswetter,S Seyibokwe,GC Viljoen,0,0,,,,,,,,,
736265,2014/15,2014-11-07,"Buffalo Park, East London",1,2.2,Warriors,Lions,C Kieswetter,S Seyibokwe,GC Viljoen,6,0,,,,,,,,,
736265,2014/15,2014-11-07,"Buffalo Park, East London",1,2.3,Warriors,Lions,C Kieswetter,S Seyibokwe,GC Viljoen,0,0,,,,,,,,,
736265,2014/15,2014-11-07,"Buffalo Park, East London",1,2.4,Warriors,Lions,C Kieswetter,S Seyibokwe,GC Viljoen,0,0,,,,,,,,,
736265,2014/15,2014-11-07,"Buffalo Park, East London",1,2.5,Warriors,Lions,C Kieswetter,S Seyibokwe,GC Viljoen,1,0,,,,,,,,,
736265,2014/15,2014-11-07,"Buffalo Park, East London",1,2.6,Warriors,Lions,S Seyibokwe,C Kieswetter,GC Viljoen,0,0,,,,,,,,,
736265,2014/15,2014-11-07,"Buffalo Park, East London",1,3.1,Warriors,Lions,C Kieswetter,S Seyibokwe,LL Tsotsobe,0,0,,,,,,,,,
736265,2014/15,2014-11-07,"Buffalo Park, East London",1,3.2,Warriors,Lions,C Kieswetter,S Seyibokwe,LL Tsotsobe,0,0,,,,,,run out,S Seyibokwe,,
736265,2014/15,2014-11-07,"Buffalo Park, East London",1,3.3,Warriors,Lions,C Kieswetter,JT Smuts,LL Tsotsobe,0,0,,,,,,,,,
736265,2014/15,2014-11-07,"Buffalo Park, East London",1,3.4,Warriors,Lions,C Kieswetter,JT Smuts,LL Tsotsobe,4,0,,,,,,,,,
736265,2014/15,2014-11-07,"Buffalo Park, East London",1,3.5,Warriors,Lions,C Kieswetter,JT Smuts,LL Tsotsobe,0,0,,,,,,,,,
736265,2014/15,2014-11-07,"Buffalo Park, East London",1,3.6,Warriors,Lions,C Kieswetter,JT Smuts,LL Tsotsobe,1,0,,,,,,,,,
736265,2014/15,2014-11-07,"Buffalo Park, East London",1,4.1,Warriors,Lions,C Kieswetter,JT Smuts,GC Viljoen,4,0,,,,,,,,,
736265,2014/15,2014-11-07,"Buffalo Park, East London",1,4.2,Warriors,Lions,C Kieswetter,JT Smuts,GC Viljoen,0,1,,,,1,,,,,
736265,2014/15,2014-11-07,"Buffalo Park, East London",1,4.3,Warriors,Lions,JT Smuts,C Kieswetter,GC Viljoen,0,0,,,,,,,,,
736265,2014/15,2014-11-07,"Buffalo Park, East London",1,4.4,Warriors,Lions,JT Smuts,C Kieswetter,GC Viljoen,0,0,,,,,,,,,
736265,2014/15,2014-11-07,"Buffalo Park, East London",1,4.5,Warriors,Lions,JT Smuts,C Kieswetter,GC Viljoen,1,0,,,,,,,,,
736265,2014/15,2014-11-07,"Buffalo Park, East London",1,4.6,Warriors,Lions,C Kieswetter,JT Smuts,GC Viljoen,1,0,,,,,,,,,
736265,2014/15,2014-11-07,"Buffalo Park, East London",1,5.1,Warriors,Lions,C Kieswetter,JT Smuts,LL Tsotsobe,1,0,,,,,,,,,
736265,2014/15,2014-11-07,"Buffalo Park, East London",1,5.2,Warriors,Lions,JT Smuts,C Kieswetter,LL Tsotsobe,1,0,,,,,,,,,
736265,2014/15,2014-11-07,"Buffalo Park, East London",1,5.3,Warriors,Lions,C Kieswetter,JT Smuts,LL Tsotsobe,1,0,,,,,,,,,
736265,2014/15,2014-11-07,"Buffalo Park, East London",1,5.4,Warriors,Lions,JT Smuts,C Kieswetter,LL Tsotsobe,0,1,,,,1,,,,,
736265,2014/15,2014-11-07,"Buffalo Park, East London",1,5.5,Warriors,Lions,C Kieswetter,JT Smuts,LL Tsotsobe,0,0,,,,,,,,,
736265,2014/15,2014-11-07,"Buffalo Park, East London",1,5.6,Warriors,Lions,C Kieswetter,JT Smuts,LL Tsotsobe,0,0,,,,,,,,,
736265,2014/15,2014-11-07,"Buffalo Park, East London",1,6.1,Warriors,Lions,JT Smuts,C Kieswetter,CH Morris,0,0,,,,,,,,,
736265,2014/15,2014-11-07,"Buffalo Park, East London",1,6.2,Warriors,Lions,JT Smuts,C Kieswetter,CH Morris,0,1,1,,,,,,,,
736265,2014/15,2014-11-07,"Buffalo Park, East London",1,6.3,Warriors,Lions,JT Smuts,C Kieswetter,CH Morris,0,0,,,,,,,,,
736265,2014/15,2014-11-07,"Buffalo Park, East London",1,6.4,Warriors,Lions,JT Smuts,C Kieswetter,CH Morris,2,0,,,,,,,,,
736265,2014/15,2014-11-07,"Buffalo Park, East London",1,6.5,Warriors,Lions,JT Smuts,C Kieswetter,CH Morris,0,0,,,,,,,,,
736265,2014/15,2014-11-07,"Buffalo Park, East London",1,6.6,Warriors,Lions,JT Smuts,C Kieswetter,CH Morris,2,0,,,,,,,,,
736265,2014/15,2014-11-07,"Buffalo Park, East London",1,6.7,Warriors,Lions,JT Smuts,C Kieswetter,CH Morris,0,1,1,,,,,,,,
736265,2014/15,2014-11-07,"Buffalo Park, East London",1,6.8,Warriors,Lions,JT Smuts,C Kieswetter,CH Morris,0,0,,,,,,,,,
736265,2014/15,2014-11-07,"Buffalo Park, East London",1,7.1,Warriors,Lions,C Kieswetter,JT Smuts,D Pretorius,1,0,,,,,,,,,
736265,2014/15,2014-11-07,"Buffalo Park, East London",1,7.2,Warriors,Lions,JT Smuts,C Kieswetter,D Pretorius,4,0,,,,,,,,,
736265,2014/15,2014-11-07,"Buffalo Park, East London",1,7.3,Warriors,Lions,JT Smuts,C Kieswetter,D Pretorius,1,0,,,,,,,,,
736265,2014/15,2014-11-07,"Buffalo Park, East London",1,7.4,Warriors,Lions,C Kieswetter,JT Smuts,D Pretorius,1,0,,,,,,,,,
736265,2014/15,2014-11-07,"Buffalo Park, East London",1,7.5,Warriors,Lions,JT Smuts,C Kieswetter,D Pretorius,1,0,,,,,,,,,
736265,2014/15,2014-11-07,"Buffalo Park, East London",1,7.6,Warriors,Lions,C Kieswetter,JT Smuts,D Pretorius,0,0,,,,,,,,,
736265,2014/15,2014-11-07,"Buffalo Park, East London",1,8.1,Warriors,Lions,JT Smuts,C Kieswetter,E Leie,1,0,,,,,,,,,
736265,2014/15,2014-11-07,"Buffalo Park, East London",1,8.2,Warriors,Lions,C Kieswetter,JT Smuts,E Leie,6,0,,,,,,,,,
736265,2014/15,2014-11-07,"Buffalo Park, East London",1,8.3,Warriors,Lions,C Kieswetter,JT Smuts,E Leie,1,0,,,,,,,,,
736265,2014/15,2014-11-07,"Buffalo Park, East London",1,8.4,Warriors,Lions,JT Smuts,C Kieswetter,E Leie,0,0,,,,,,,,,
736265,2014/15,2014-11-07,"Buffalo Park, East London",1,8.5,Warriors,Lions,JT Smuts,C Kieswetter,E Leie,1,0,,,,,,,,,
736265,2014/15,2014-11-07,"Buffalo Park, East London",1,8.6,Warriors,Lions,C Kieswetter,JT Smuts,E Leie,1,0,,,,,,,,,
736265,2014/15,2014-11-07,"Buffalo Park, East London",1,9.1,Warriors,Lions,C Kieswetter,JT Smuts,D Pretorius,1,0,,,,,,,,,
736265,2014/15,2014-11-07,"Buffalo Park, East London",1,9.2,Warriors,Lions,JT Smuts,C Kieswetter,D Pretorius,0,0,,,,,,,,,
736265,2014/15,2014-11-07,"Buffalo Park, East London",1,9.3,Warriors,Lions,JT Smuts,C Kieswetter,D Pretorius,1,0,,,,,,,,,
736265,2014/15,2014-11-07,"Buffalo Park, East London",1,9.4,Warriors,Lions,C Kieswetter,JT Smuts,D Pretorius,1,0,,,,,,,,,
736265,2014/15,2014-11-07,"Buffalo Park, East London",1,9.5,Warriors,Lions,JT Smuts,C Kieswetter,D Pretorius,1,0,,,,,,,,,
736265,2014/15,2014-11-07,"Buffalo Park, East London",1,9.6,Warriors,Lions,C Kieswetter,JT Smuts,D Pretorius,1,0,,,,,,,,,
736265,2014/15,2014-11-07,"Buffalo Park, East London",1,10.1,Warriors,Lions,C Kieswetter,JT Smuts,E Leie,1,0,,,,,,,,,
736265,2014/15,2014-11-07,"Buffalo Park, East London",1,10.2,Warriors,Lions,JT Smuts,C Kieswetter,E Leie,0,0,,,,,,caught,JT Smuts,,
736265,2014/15,2014-11-07,"Buffalo Park, East London",1,10.3,Warriors,Lions,C Kieswetter,CA Ingram,E Leie,0,0,,,,,,,,,
736265,2014/15,2014-11-07,"Buffalo Park, East London",1,10.4,Warriors,Lions,C Kieswetter,CA Ingram,E Leie,1,0,,,,,,,,,
736265,2014/15,2014-11-07,"Buffalo Park, East London",1,10.5,Warriors,Lions,CA Ingram,C Kieswetter,E Leie,0,0,,,,,,stumped,CA Ingram,,
736265,2014/15,2014-11-07,"Buffalo Park, East London",1,10.6,Warriors,Lions,C Jonker,C Kieswetter,E Leie,0,0,,,,,,lbw,C Jonker,,
736265,2014/15,2014-11-07,"Buffalo Park, East London",1,11.1,Warriors,Lions,C Kieswetter,RT Bailey,D Pretorius,1,0,,,,,,,,,
736265,2014/15,2014-11-07,"Buffalo Park, East London",1,11.2,Warriors,Lions,RT Bailey,C Kieswetter,D Pretorius,0,0,,,,,,,,,
736265,2014/15,2014-11-07,"Buffalo Park, East London",1,11.3,Warriors,Lions,RT Bailey,C Kieswetter,D Pretorius,0,0,,,,,,,,,
736265,2014/15,2014-11-07,"Buffalo Park, East London",1,11.4,Warriors,Lions,RT Bailey,C Kieswetter,D Pretorius,0,0,,,,,,,,,
736265,2014/15,2014-11-07,"Buffalo Park, East London",1,11.5,Warriors,Lions,RT Bailey,C Kieswetter,D Pretorius,4,0,,,,,,,,,
736265,2014/15,2014-11-07,"Buffalo Park, East London",1,11.6,Warriors,Lions,RT Bailey,C Kieswetter,D Pretorius,0,0,,,,,,,,,
736265,2014/15,2014-11-07,"Buffalo Park, East London",1,12.1,Warriors,Lions,C Kieswetter,RT Bailey,E Leie,1,0,,,,,,,,,
736265,2014/15,2014-11-07,"Buffalo Park, East London",1,12.2,Warriors,Lions,RT Bailey,C Kieswetter,E Leie,0,0,,,,,,,,,
736265,2014/15,2014-11-07,"Buffalo Park, East London",1,12.3,Warriors,Lions,RT Bailey,C Kieswetter,E Leie,1,0,,,,,,,,,
736265,2014/15,2014-11-07,"Buffalo Park, East London",1,12.4,Warriors,Lions,C Kieswetter,RT Bailey,E Leie,1,0,,,,,,,,,
736265,2014/15,2014-11-07,"Buffalo Park, East London",1,12.5,Warriors,Lions,RT Bailey,C Kieswetter,E Leie,1,0,,,,,,,,,
736265,2014/15,2014-11-07,"Buffalo Park, East London",1,12.6,Warriors,Lions,C Kieswetter,RT Bailey,E Leie,0,0,,,,,,,,,
736265,2014/15,2014-11-07,"Buffalo Park, East London",1,13.1,Warriors,Lions,RT Bailey,C Kieswetter,D Pretorius,0,0,,,,,,bowled,RT Bailey,,
736265,2014/15,2014-11-07,"Buffalo Park, East London",1,13.2,Warriors,Lions,SR Harmer,C Kieswetter,D Pretorius,0,1,,,,1,,,,,
736265,2014/15,2014-11-07,"Buffalo Park, East London",1,13.3,Warriors,Lions,C Kieswetter,SR Harmer,D Pretorius,0,0,,,,,,,,,
736265,2014/15,2014-11-07,"Buffalo Park, East London",1,13.4,Warriors,Lions,C Kieswetter,SR Harmer,D Pretorius,0,0,,,,,,,,,
736265,2014/15,2014-11-07,"Buffalo Park, East London",1,13.5,Warriors,Lions,C Kieswetter,SR Harmer,D Pretorius,2,0,,,,,,,,,
736265,2014/15,2014-11-07,"Buffalo Park, East London",1,13.6,Warriors,Lions,C Kieswetter,SR Harmer,D Pretorius,1,0,,,,,,,,,
736265,2014/15,2014-11-07,"Buffalo Park, East London",1,14.1,Warriors,Lions,C Kieswetter,SR Harmer,E Leie,1,0,,,,,,,,,
736265,2014/15,2014-11-07,"Buffalo Park, East London",1,14.2,Warriors,Lions,SR Harmer,C Kieswetter,E Leie,0,0,,,,,,,,,
736265,2014/15,2014-11-07,"Buffalo Park, East London",1,14.3,Warriors,Lions,SR Harmer,C Kieswetter,E Leie,1,0,,,,,,,,,
736265,2014/15,2014-11-07,"Buffalo Park, East London",1,14.4,Warriors,Lions,C Kieswetter,SR Harmer,E Leie,0,0,,,,,,,,,
736265,2014/15,2014-11-07,"Buffalo Park, East London",1,14.5,Warriors,Lions,C Kieswetter,SR Harmer,E Leie,1,0,,,,,,,,,
736265,2014/15,2014-11-07,"Buffalo Park, East London",1,14.6,Warriors,Lions,SR Harmer,C Kieswetter,E Leie,0,0,,,,,,,,,
736265,2014/15,2014-11-07,"Buffalo Park, East London",1,15.1,Warriors,Lions,C Kieswetter,SR Harmer,CH Morris,2,0,,,,,,,,,
736265,2014/15,2014-11-07,"Buffalo Park, East London",1,15.2,Warriors,Lions,C Kieswetter,SR Harmer,CH Morris,0,0,,,,,,,,,
736265,2014/15,2014-11-07,"Buffalo Park, East London",1,15.3,Warriors,Lions,C Kieswetter,SR Harmer,CH Morris,0,1,,,,1,,,,,
736265,2014/15,2014-11-07,"Buffalo Park, East London",1,15.4,Warriors,Lions,SR Harmer,C Kieswetter,CH Morris,0,0,,,,,,,,,
736265,2014/15,2014-11-07,"Buffalo Park, East London",1,15.5,Warriors,Lions,SR Harmer,C Kieswetter,CH Morris,2,0,,,,,,,,,
736265,2014/15,2014-11-07,"Buffalo Park, East London",1,15.6,Warriors,Lions,SR Harmer,C Kieswetter,CH Morris,0,1,1,,,,,,,,
736265,2014/15,2014-11-07,"Buffalo Park, East London",1,15.7,Warriors,Lions,SR Harmer,C Kieswetter,CH Morris,2,0,,,,,,,,,
736265,2014/15,2014-11-07,"Buffalo Park, East London",1,16.1,Warriors,Lions,C Kieswetter,SR Harmer,GC Viljoen,1,0,,,,,,,,,
736265,2014/15,2014-11-07,"Buffalo Park, East London",1,16.2,Warriors,Lions,SR Harmer,C Kieswetter,GC Viljoen,0,5,5,,,,,,,,
736265,2014/15,2014-11-07,"Buffalo Park, East London",1,16.3,Warriors,Lions,SR Harmer,C Kieswetter,GC Viljoen,4,0,,,,,,,,,
736265,2014/15,2014-11-07,"Buffalo Park, East London",1,16.4,Warriors,Lions,SR Harmer,C Kieswetter,GC Viljoen,2,0,,,,,,,,,
736265,2014/15,2014-11-07,"Buffalo Park, East London",1,16.5,Warriors,Lions,SR Harmer,C Kieswetter,GC Viljoen,4,0,,,,,,,,,
736265,2014/15,2014-11-07,"Buffalo Park, East London",1,16.6,Warriors,Lions,SR Harmer,C Kieswetter,GC Viljoen,1,0,,,,,,,,,
736265,2014/15,2014-11-07,"Buffalo Park, East London",1,16.7,Warriors,Lions,C Kieswetter,SR Harmer,GC Viljoen,4,0,,,,,,,,,
736265,2014/15,2014-11-07,"Buffalo Park, East London",1,17.1,Warriors,Lions,SR Harmer,C Kieswetter,LL Tsotsobe,1,0,,,,,,,,,
736265,2014/15,2014-11-07,"Buffalo Park, East London",1,17.2,Warriors,Lions,C Kieswetter,SR Harmer,LL Tsotsobe,0,0,,,,,,,,,
736265,2014/15,2014-11-07,"Buffalo Park, East London",1,17.3,Warriors,Lions,C Kieswetter,SR Harmer,LL Tsotsobe,1,0,,,,,,,,,
736265,2014/15,2014-11-07,"Buffalo Park, East London",1,17.4,Warriors,Lions,SR Harmer,C Kieswetter,LL Tsotsobe,0,0,,,,,,,,,
736265,2014/15,2014-11-07,"Buffalo Park, East London",1,17.5,Warriors,Lions,SR Harmer,C Kieswetter,LL Tsotsobe,0,0,,,,,,caught,SR Harmer,,
736265,2014/15,2014-11-07,"Buffalo Park, East London",1,17.6,Warriors,Lions,J Theron,C Kieswetter,LL Tsotsobe,1,0,,,,,,,,,
736265,2014/15,2014-11-07,"Buffalo Park, East London",1,18.1,Warriors,Lions,J Theron,C Kieswetter,CH Morris,1,0,,,,,,,,,
736265,2014/15,2014-11-07,"Buffalo Park, East London",1,18.2,Warriors,Lions,C Kieswetter,J Theron,CH Morris,1,0,,,,,,,,,
736265,2014/15,2014-11-07,"Buffalo Park, East London",1,18.3,Warriors,Lions,J Theron,C Kieswetter,CH Morris,0,1,,,,1,,,,,
736265,2014/15,2014-11-07,"Buffalo Park, East London",1,18.4,Warriors,Lions,C Kieswetter,J Theron,CH Morris,4,0,,,,,,,,,
736265,2014/15,2014-11-07,"Buffalo Park, East London",1,18.5,Warriors,Lions,C Kieswetter,J Theron,CH Morris,0,5,5,,,,,,,,
736265,2014/15,2014-11-07,"Buffalo Park, East London",1,18.6,Warriors,Lions,C Kieswetter,J Theron,CH Morris,0,0,,,,,,,,,
736265,2014/15,2014-11-07,"Buffalo Park, East London",1,18.7,Warriors,Lions,C Kieswetter,J Theron,CH Morris,1,0,,,,,,,,,
736265,2014/15,2014-11-07,"Buffalo Park, East London",1,19.1,Warriors,Lions,C Kieswetter,J Theron,GC Viljoen,1,0,,,,,,,,,
736265,2014/15,2014-11-07,"Buffalo Park, East London",1,19.2,Warriors,Lions,J Theron,C Kieswetter,GC Viljoen,1,0,,,,,,,,,
736265,2014/15,2014-11-07,"Buffalo Park, East London",1,19.3,Warriors,Lions,C Kieswetter,J Theron,GC Viljoen,6,0,,,,,,,,,
736265,2014/15,2014-11-07,"Buffalo Park, East London",1,19.4,Warriors,Lions,C Kieswetter,J Theron,GC Viljoen,2,0,,,,,,,,,
736265,2014/15,2014-11-07,"Buffalo Park, East London",1,19.5,Warriors,Lions,C Kieswetter,J Theron,GC Viljoen,0,0,,,,,,,,,
736265,2014/15,2014-11-07,"Buffalo Park, East London",1,19.6,Warriors,Lions,C Kieswetter,J Theron,GC Viljoen,4,0,,,,,,,,,
736265,2014/15,2014-11-07,"Buffalo Park, East London",2,0.1,Lions,Warriors,AN Petersen,CH Gayle,SR Harmer,1,0,,,,,,,,,
736265,2014/15,2014-11-07,"Buffalo Park, East London",2,0.2,Lions,Warriors,CH Gayle,AN Petersen,SR Harmer,0,0,,,,,,,,,
736265,2014/15,2014-11-07,"Buffalo Park, East London",2,0.3,Lions,Warriors,CH Gayle,AN Petersen,SR Harmer,4,0,,,,,,,,,
736265,2014/15,2014-11-07,"Buffalo Park, East London",2,0.4,Lions,Warriors,CH Gayle,AN Petersen,SR Harmer,2,0,,,,,,,,,
736265,2014/15,2014-11-07,"Buffalo Park, East London",2,0.5,Lions,Warriors,CH Gayle,AN Petersen,SR Harmer,6,0,,,,,,,,,
736265,2014/15,2014-11-07,"Buffalo Park, East London",2,0.6,Lions,Warriors,CH Gayle,AN Petersen,SR Harmer,6,0,,,,,,,,,
736265,2014/15,2014-11-07,"Buffalo Park, East London",2,1.1,Lions,Warriors,AN Petersen,CH Gayle,BD Walters,1,0,,,,,,,,,
736265,2014/15,2014-11-07,"Buffalo Park, East London",2,1.2,Lions,Warriors,CH Gayle,AN Petersen,BD Walters,0,0,,,,,,,,,
736265,2014/15,2014-11-07,"Buffalo Park, East London",2,1.3,Lions,Warriors,CH Gayle,AN Petersen,BD Walters,0,0,,,,,,,,,
736265,2014/15,2014-11-07,"Buffalo Park, East London",2,1.4,Lions,Warriors,CH Gayle,AN Petersen,BD Walters,1,0,,,,,,,,,
736265,2014/15,2014-11-07,"Buffalo Park, East London",2,1.5,Lions,Warriors,AN Petersen,CH Gayle,BD Walters,1,0,,,,,,,,,
736265,2014/15,2014-11-07,"Buffalo Park, East London",2,1.6,Lions,Warriors,CH Gayle,AN Petersen,BD Walters,4,0,,,,,,,,,
736265,2014/15,2014-11-07,"Buffalo Park, East London",2,2.1,Lions,Warriors,AN Petersen,CH Gayle,J Theron,0,1,,1,,,,,,,
736265,2014/15,2014-11-07,"Buffalo Park, East London",2,2.2,Lions,Warriors,AN Petersen,CH Gayle,J Theron,1,0,,,,,,,,,
736265,2014/15,2014-11-07,"Buffalo Park, East London",2,2.3,Lions,Warriors,CH Gayle,AN Petersen,J Theron,1,0,,,,,,,,,
736265,2014/15,2014-11-07,"Buffalo Park, East London",2,2.4,Lions,Warriors,AN Petersen,CH Gayle,J Theron,0,1,1,,,,,,,,
736265,2014/15,2014-11-07,"Buffalo Park, East London",2,2.5,Lions,Warriors,AN Petersen,CH Gayle,J Theron,1,0,,,,,,,,,
736265,2014/15,2014-11-07,"Buffalo Park, East London",2,2.6,Lions,Warriors,CH Gayle,AN Petersen,J Theron,0,0,,,,,,,,,
736265,2014/15,2014-11-07,"Buffalo Park, East London",2,2.7,Lions,Warriors,CH Gayle,AN Petersen,J Theron,1,0,,,,,,,,,
736265,2014/15,2014-11-07,"Buffalo Park, East London",2,2.8,Lions,Warriors,AN Petersen,CH Gayle,J Theron,0,0,,,,,,,,,
736265,2014/15,2014-11-07,"Buffalo Park, East London",2,3.1,Lions,Warriors,CH Gayle,AN Petersen,BD Walters,0,0,,,,,,,,,
736265,2014/15,2014-11-07,"Buffalo Park, East London",2,3.2,Lions,Warriors,CH Gayle,AN Petersen,BD Walters,6,0,,,,,,,,,
736265,2014/15,2014-11-07,"Buffalo Park, East London",2,3.3,Lions,Warriors,CH Gayle,AN Petersen,BD Walters,0,5,5,,,,,,,,
736265,2014/15,2014-11-07,"Buffalo Park, East London",2,3.4,Lions,Warriors,CH Gayle,AN Petersen,BD Walters,4,0,,,,,,,,,
736265,2014/15,2014-11-07,"Buffalo Park, East London",2,3.5,Lions,Warriors,CH Gayle,AN Petersen,BD Walters,0,0,,,,,,,,,
736265,2014/15,2014-11-07,"Buffalo Park, East London",2,3.6,Lions,Warriors,CH Gayle,AN Petersen,BD Walters,1,1,,1,,,,,,,
736265,2014/15,2014-11-07,"Buffalo Park, East London",2,3.7,Lions,Warriors,AN Petersen,CH Gayle,BD Walters,0,0,,,,,,,,,
736265,2014/15,2014-11-07,"Buffalo Park, East London",2,3.8,Lions,Warriors,AN Petersen,CH Gayle,BD Walters,1,0,,,,,,,,,
736265,2014/15,2014-11-07,"Buffalo Park, East London",2,4.1,Lions,Warriors,AN Petersen,CH Gayle,J Theron,2,0,,,,,,,,,
736265,2014/15,2014-11-07,"Buffalo Park, East London",2,4.2,Lions,Warriors,AN Petersen,CH Gayle,J Theron,1,0,,,,,,,,,
736265,2014/15,2014-11-07,"Buffalo Park, East London",2,4.3,Lions,Warriors,CH Gayle,AN Petersen,J Theron,4,0,,,,,,,,,
736265,2014/15,2014-11-07,"Buffalo Park, East London",2,4.4,Lions,Warriors,CH Gayle,AN Petersen,J Theron,6,0,,,,,,,,,
736265,2014/15,2014-11-07,"Buffalo Park, East London",2,4.5,Lions,Warriors,CH Gayle,AN Petersen,J Theron,0,0,,,,,,,,,
736265,2014/15,2014-11-07,"Buffalo Park, East London",2,4.6,Lions,Warriors,CH Gayle,AN Petersen,J Theron,4,0,,,,,,,,,
736265,2014/15,2014-11-07,"Buffalo Park, East London",2,5.1,Lions,Warriors,AN Petersen,CH Gayle,L Mbane,1,1,,1,,,,,,,
736265,2014/15,2014-11-07,"Buffalo Park, East London",2,5.2,Lions,Warriors,CH Gayle,AN Petersen,L Mbane,4,0,,,,,,,,,
736265,2014/15,2014-11-07,"Buffalo Park, East London",2,5.3,Lions,Warriors,CH Gayle,AN Petersen,L Mbane,0,0,,,,,,,,,
736265,2014/15,2014-11-07,"Buffalo Park, East London",2,5.4,Lions,Warriors,CH Gayle,AN Petersen,L Mbane,0,0,,,,,,,,,
736265,2014/15,2014-11-07,"Buffalo Park, East London",2,5.5,Lions,Warriors,CH Gayle,AN Petersen,L Mbane,4,0,,,,,,,,,
736265,2014/15,2014-11-07,"Buffalo Park, East London",2,5.6,Lions,Warriors,CH Gayle,AN Petersen,L Mbane,0,0,,,,,,,,,
736265,2014/15,2014-11-07,"Buffalo Park, East London",2,5.7,Lions,Warriors,CH Gayle,AN Petersen,L Mbane,0,0,,,,,,,,,
736265,2014/15,2014-11-07,"Buffalo Park, East London",2,6.1,Lions,Warriors,AN Petersen,CH Gayle,A Gqamane,4,0,,,,,,,,,
736265,2014/15,2014-11-07,"Buffalo Park, East London",2,6.2,Lions,Warriors,AN Petersen,CH Gayle,A Gqamane,1,0,,,,,,,,,
736265,2014/15,2014-11-07,"Buffalo Park, East London",2,6.3,Lions,Warriors,CH Gayle,AN Petersen,A Gqamane,4,0,,,,,,,,,
736265,2014/15,2014-11-07,"Buffalo Park, East London",2,6.4,Lions,Warriors,CH Gayle,AN Petersen,A Gqamane,0,1,1,,,,,,,,
736265,2014/15,2014-11-07,"Buffalo Park, East London",2,6.5,Lions,Warriors,CH Gayle,AN Petersen,A Gqamane,1,0,,,,,,,,,
736265,2014/15,2014-11-07,"Buffalo Park, East London",2,6.6,Lions,Warriors,AN Petersen,CH Gayle,A Gqamane,0,0,,,,,,,,,
736265,2014/15,2014-11-07,"Buffalo Park, East London",2,6.7,Lions,Warriors,AN Petersen,CH Gayle,A Gqamane,1,0,,,,,,,,,
736265,2014/15,2014-11-07,"Buffalo Park, East London",2,7.1,Lions,Warriors,AN Petersen,CH Gayle,L Mbane,1,0,,,,,,,,,
736265,2014/15,2014-11-07,"Buffalo Park, East London",2,7.2,Lions,Warriors,CH Gayle,AN Petersen,L Mbane,0,0,,,,,,,,,
736265,2014/15,2014-11-07,"Buffalo Park, East London",2,7.3,Lions,Warriors,CH Gayle,AN Petersen,L Mbane,0,0,,,,,,,,,
736265,2014/15,2014-11-07,"Buffalo Park, East London",2,7.4,Lions,Warriors,CH Gayle,AN Petersen,L Mbane,0,0,,,,,,,,,
736265,2014/15,2014-11-07,"Buffalo Park, East London",2,7.5,Lions,Warriors,CH Gayle,AN Petersen,L Mbane,1,0,,,,,,,,,
736265,2014/15,2014-11-07,"Buffalo Park, East London",2,7.6,Lions,Warriors,AN Petersen,CH Gayle,L Mbane,1,0,,,,,,,,,
736265,2014/15,2014-11-07,"Buffalo Park, East London",2,8.1,Lions,Warriors,AN Petersen,CH Gayle,A Gqamane,1,0,,,,,,,,,
736265,2014/15,2014-11-07,"Buffalo Park, East London",2,8.2,Lions,Warriors,CH Gayle,AN Petersen,A Gqamane,6,0,,,,,,,,,
736265,2014/15,2014-11-07,"Buffalo Park, East London",2,8.3,Lions,Warriors,CH Gayle,AN Petersen,A Gqamane,4,0,,,,,,,,,
736265,2014/15,2014-11-07,"Buffalo Park, East London",2,8.4,Lions,Warriors,CH Gayle,AN Petersen,A Gqamane,1,0,,,,,,,,,
736265,2014/15,2014-11-07,"Buffalo Park, East London",2,8.5,Lions,Warriors,AN Petersen,CH Gayle,A Gqamane,1,0,,,,,,,,,
736265,2014/15,2014-11-07,"Buffalo Park, East London",2,8.6,Lions,Warriors,CH Gayle,AN Petersen,A Gqamane,6,0,,,,,,,,,
736265,2014/15,2014-11-07,"Buffalo Park, East London",2,9.1,Lions,Warriors,AN Petersen,CH Gayle,L Mbane,1,0,,,,,,,,,
736265,2014/15,2014-11-07,"Buffalo Park, East London",2,9.2,Lions,Warriors,CH Gayle,AN Petersen,L Mbane,1,0,,,,,,,,,
736265,2014/15,2014-11-07,"Buffalo Park, East London",2,9.3,Lions,Warriors,AN Petersen,CH Gayle,L Mbane,1,0,,,,,,,,,
736265,2014/15,2014-11-07,"Buffalo Park, East London",2,9.4,Lions,Warriors,CH Gayle,AN Petersen,L Mbane,1,0,,,,,,,,,
736265,2014/15,2014-11-07,"Buffalo Park, East London",2,9.5,Lions,Warriors,AN Petersen,CH Gayle,L Mbane,1,0,,,,,,,,,
736265,2014/15,2014-11-07,"Buffalo Park, East London",2,9.6,Lions,Warriors,CH Gayle,AN Petersen,L Mbane,2,0,,,,,,,,,
736265,2014/15,2014-11-07,"Buffalo Park, East London",2,10.1,Lions,Warriors,AN Petersen,CH Gayle,SR Harmer,1,0,,,,,,,,,
736265,2014/15,2014-11-07,"Buffalo Park, East London",2,10.2,Lions,Warriors,CH Gayle,AN Petersen,SR Harmer,0,0,,,,,,,,,
736265,2014/15,2014-11-07,"Buffalo Park, East London",2,10.3,Lions,Warriors,CH Gayle,AN Petersen,SR Harmer,1,0,,,,,,,,,
736265,2014/15,2014-11-07,"Buffalo Park, East London",2,10.4,Lions,Warriors,AN Petersen,CH Gayle,SR Harmer,1,0,,,,,,,,,
736265,2014/15,2014-11-07,"Buffalo Park, East London",2,10.5,Lions,Warriors,CH Gayle,AN Petersen,SR Harmer,4,0,,,,,,,,,
736265,2014/15,2014-11-07,"Buffalo Park, East London",2,10.6,Lions,Warriors,CH Gayle,AN Petersen,SR Harmer,1,0,,,,,,,,,
736265,2014/15,2014-11-07,"Buffalo Park, East London",2,11.1,Lions,Warriors,CH Gayle,AN Petersen,L Mbane,2,0,,,,,,,,,
736265,2014/15,2014-11-07,"Buffalo Park, East London",2,11.2,Lions,Warriors,CH Gayle,AN Petersen,L Mbane,1,0,,,,,,,,,
736265,2014/15,2014-11-07,"Buffalo Park, East London",2,11.3,Lions,Warriors,AN Petersen,CH Gayle,L Mbane,1,0,,,,,,,,,
736265,2014/15,2014-11-07,"Buffalo Park, East London",2,11.4,Lions,Warriors,CH Gayle,AN Petersen,L Mbane,2,1,,1,,,,,,,
736265,2014/15,2014-11-07,"Buffalo Park, East London",2,11.5,Lions,Warriors,CH Gayle,AN Petersen,L Mbane,2,0,,,,,,,,,
736265,2014/15,2014-11-07,"Buffalo Park, East London",2,11.6,Lions,Warriors,CH Gayle,AN Petersen,L Mbane,1,0,,,,,,,,,
736265,2014/15,2014-11-07,"Buffalo Park, East London",2,11.7,Lions,Warriors,AN Petersen,CH Gayle,L Mbane,1,0,,,,,,,,,
736265,2014/15,2014-11-07,"Buffalo Park, East London",2,12.1,Lions,Warriors,AN Petersen,CH Gayle,SR Harmer,1,0,,,,,,,,,
736265,2014/15,2014-11-07,"Buffalo Park, East London",2,12.2,Lions,Warriors,CH Gayle,AN Petersen,SR Harmer,0,2,,,,2,,,,,
736265,2014/15,2014-11-07,"Buffalo Park, East London",2,12.3,Lions,Warriors,CH Gayle,AN Petersen,SR Harmer,1,0,,,,,,,,,
736265,2014/15,2014-11-07,"Buffalo Park, East London",2,12.4,Lions,Warriors,AN Petersen,CH Gayle,SR Harmer,0,0,,,,,,,,,
736265,2014/15,2014-11-07,"Buffalo Park, East London",2,12.5,Lions,Warriors,AN Petersen,CH Gayle,SR Harmer,0,0,,,,,,,,,
736265,2014/15,2014-11-07,"Buffalo Park, East London",2,12.6,Lions,Warriors,AN Petersen,CH Gayle,SR Harmer,0,0,,,,,,,,,
736265,2014/15,2014-11-07,"Buffalo Park, East London",2,13.1,Lions,Warriors,CH Gayle,AN Petersen,JT Smuts,1,0,,,,,,,,,
736265,2014/15,2014-11-07,"Buffalo Park, East London",2,13.2,Lions,Warriors,AN Petersen,CH Gayle,JT Smuts,0,0,,,,,,,,,
736265,2014/15,2014-11-07,"Buffalo Park, East London",2,13.3,Lions,Warriors,AN Petersen,CH Gayle,JT Smuts,0,0,,,,,,,,,
736265,2014/15,2014-11-07,"Buffalo Park, East London",2,13.4,Lions,Warriors,AN Petersen,CH Gayle,JT Smuts,0,0,,,,,,,,,
736265,2014/15,2014-11-07,"Buffalo Park, East London",2,13.5,Lions,Warriors,AN Petersen,CH Gayle,JT Smuts,1,0,,,,,,,,,
736265,2014/15,2014-11-07,"Buffalo Park, East London",2,13.6,Lions,Warriors,CH Gayle,AN Petersen,JT Smuts,1,0,,,,,,,,,
736265,2014/15,2014-11-07,"Buffalo Park, East London",2,14.1,Lions,Warriors,CH Gayle,AN Petersen,SR Harmer,0,0,,,,,,,,,
736265,2014/15,2014-11-07,"Buffalo Park, East London",2,14.2,Lions,Warriors,CH Gayle,AN Petersen,SR Harmer,6,0,,,,,,,,,
