match_id,season,start_date,venue,innings,ball,batting_team,bowling_team,striker,non_striker,bowler,runs_off_bat,extras,wides,noballs,byes,legbyes,penalty,wicket_type,player_dismissed,other_wicket_type,other_player_dismissed
736263,2014/15,2014-11-07,"Newlands, Cape Town",1,0.1,Dolphins,Cape Cobras,MN van Wyk,CS Delport,M Shezi,0,1,,,,1,,,,,
736263,2014/15,2014-11-07,"Newlands, Cape Town",1,0.2,Dolphins,Cape Cobras,CS Delport,MN van Wyk,M Shezi,0,0,,,,,,,,,
736263,2014/15,2014-11-07,"Newlands, Cape Town",1,0.3,Dolphins,Cape Cobras,CS Delport,MN van Wyk,M Shezi,4,0,,,,,,,,,
736263,2014/15,2014-11-07,"Newlands, Cape Town",1,0.4,Dolphins,Cape Cobras,CS Delport,MN van Wyk,M Shezi,0,0,,,,,,,,,
736263,2014/15,2014-11-07,"Newlands, Cape Town",1,0.5,Dolphins,Cape Cobras,CS Delport,MN van Wyk,M Shezi,0,0,,,,,,,,,
736263,2014/15,2014-11-07,"Newlands, Cape Town",1,0.6,Dolphins,Cape Cobras,CS Delport,MN van Wyk,M Shezi,0,0,,,,,,,,,
736263,2014/15,2014-11-07,"Newlands, Cape Town",1,1.1,Dolphins,Cape Cobras,MN van Wyk,CS Delport,D Paterson,0,0,,,,,,,,,
736263,2014/15,2014-11-07,"Newlands, Cape Town",1,1.2,Dolphins,Cape Cobras,MN van Wyk,CS Delport,D Paterson,2,0,,,,,,,,,
736263,2014/15,2014-11-07,"Newlands, Cape Town",1,1.3,Dolphins,Cape Cobras,MN van Wyk,CS Delport,D Paterson,1,0,,,,,,,,,
736263,2014/15,2014-11-07,"Newlands, Cape Town",1,1.4,Dolphins,Cape Cobras,CS Delport,MN van Wyk,D Paterson,1,0,,,,,,,,,
736263,2014/15,2014-11-07,"Newlands, Cape Town",1,1.5,Dolphins,Cape Cobras,MN van Wyk,CS Delport,D Paterson,0,0,,,,,,,,,
736263,2014/15,2014-11-07,"Newlands, Cape Town",1,1.6,Dolphins,Cape Cobras,MN van Wyk,CS Delport,D Paterson,1,0,,,,,,,,,
736263,2014/15,2014-11-07,"Newlands, Cape Town",1,2.1,Dolphins,Cape Cobras,MN van Wyk,CS Delport,M Shezi,0,0,,,,,,,,,
736263,2014/15,2014-11-07,"Newlands, Cape Town",1,2.2,Dolphins,Cape Cobras,MN van Wyk,CS Delport,M Shezi,2,0,,,,,,,,,
736263,2014/15,2014-11-07,"Newlands, Cape Town",1,2.3,Dolphins,Cape Cobras,MN van Wyk,CS Delport,M Shezi,0,0,,,,,,bowled,MN van Wyk,,
736263,2014/15,2014-11-07,"Newlands, Cape Town",1,2.4,Dolphins,Cape Cobras,DJ van Wyk,CS Delport,M Shezi,1,0,,,,,,,,,
736263,2014/15,2014-11-07,"Newlands, Cape Town",1,2.5,Dolphins,Cape Cobras,CS Delport,DJ van Wyk,M Shezi,2,0,,,,,,,,,
736263,2014/15,2014-11-07,"Newlands, Cape Town",1,2.6,Dolphins,Cape Cobras,CS Delport,DJ van Wyk,M Shezi,0,1,1,,,,,,,,
736263,2014/15,2014-11-07,"Newlands, Cape Town",1,2.7,Dolphins,Cape Cobras,CS Delport,DJ van Wyk,M Shezi,1,0,,,,,,,,,
736263,2014/15,2014-11-07,"Newlands, Cape Town",1,3.1,Dolphins,Cape Cobras,CS Delport,DJ van Wyk,D Paterson,4,0,,,,,,,,,
736263,2014/15,2014-11-07,"Newlands, Cape Town",1,3.2,Dolphins,Cape Cobras,CS Delport,DJ van Wyk,D Paterson,0,0,,,,,,,,,
736263,2014/15,2014-11-07,"Newlands, Cape Town",1,3.3,Dolphins,Cape Cobras,CS Delport,DJ van Wyk,D Paterson,3,0,,,,,,,,,
736263,2014/15,2014-11-07,"Newlands, Cape Town",1,3.4,Dolphins,Cape Cobras,DJ van Wyk,CS Delport,D Paterson,1,0,,,,,,,,,
736263,2014/15,2014-11-07,"Newlands, Cape Town",1,3.5,Dolphins,Cape Cobras,CS Delport,DJ van Wyk,D Paterson,4,0,,,,,,,,,
736263,2014/15,2014-11-07,"Newlands, Cape Town",1,3.6,Dolphins,Cape Cobras,CS Delport,DJ van Wyk,D Paterson,1,1,,1,,,,,,,
736263,2014/15,2014-11-07,"Newlands, Cape Town",1,3.7,Dolphins,Cape Cobras,DJ van Wyk,CS Delport,D Paterson,4,0,,,,,,,,,
736263,2014/15,2014-11-07,"Newlands, Cape Town",1,4.1,Dolphins,Cape Cobras,CS Delport,DJ van Wyk,FD Adams,4,0,,,,,,,,,
736263,2014/15,2014-11-07,"Newlands, Cape Town",1,4.2,Dolphins,Cape Cobras,CS Delport,DJ van Wyk,FD Adams,6,0,,,,,,,,,
736263,2014/15,2014-11-07,"Newlands, Cape Town",1,4.3,Dolphins,Cape Cobras,CS Delport,DJ van Wyk,FD Adams,0,0,,,,,,,,,
736263,2014/15,2014-11-07,"Newlands, Cape Town",1,4.4,Dolphins,Cape Cobras,CS Delport,DJ van Wyk,FD Adams,1,0,,,,,,,,,
736263,2014/15,2014-11-07,"Newlands, Cape Town",1,4.5,Dolphins,Cape Cobras,DJ van Wyk,CS Delport,FD Adams,1,0,,,,,,,,,
736263,2014/15,2014-11-07,"Newlands, Cape Town",1,4.6,Dolphins,Cape Cobras,CS Delport,DJ van Wyk,FD Adams,0,0,,,,,,,,,
736263,2014/15,2014-11-07,"Newlands, Cape Town",1,5.1,Dolphins,Cape Cobras,DJ van Wyk,CS Delport,SA Engelbrecht,1,0,,,,,,,,,
736263,2014/15,2014-11-07,"Newlands, Cape Town",1,5.2,Dolphins,Cape Cobras,CS Delport,DJ van Wyk,SA Engelbrecht,0,0,,,,,,,,,
736263,2014/15,2014-11-07,"Newlands, Cape Town",1,5.3,Dolphins,Cape Cobras,CS Delport,DJ van Wyk,SA Engelbrecht,4,0,,,,,,,,,
736263,2014/15,2014-11-07,"Newlands, Cape Town",1,5.4,Dolphins,Cape Cobras,CS Delport,DJ van Wyk,SA Engelbrecht,1,0,,,,,,,,,
736263,2014/15,2014-11-07,"Newlands, Cape Town",1,5.5,Dolphins,Cape Cobras,DJ van Wyk,CS Delport,SA Engelbrecht,1,0,,,,,,,,,
736263,2014/15,2014-11-07,"Newlands, Cape Town",1,5.6,Dolphins,Cape Cobras,CS Delport,DJ van Wyk,SA Engelbrecht,1,0,,,,,,,,,
736263,2014/15,2014-11-07,"Newlands, Cape Town",1,6.1,Dolphins,Cape Cobras,CS Delport,DJ van Wyk,KA Pollard,1,0,,,,,,,,,
736263,2014/15,2014-11-07,"Newlands, Cape Town",1,6.2,Dolphins,Cape Cobras,DJ van Wyk,CS Delport,KA Pollard,1,0,,,,,,,,,
736263,2014/15,2014-11-07,"Newlands, Cape Town",1,6.3,Dolphins,Cape Cobras,CS Delport,DJ van Wyk,KA Pollard,1,0,,,,,,,,,
736263,2014/15,2014-11-07,"Newlands, Cape Town",1,6.4,Dolphins,Cape Cobras,DJ van Wyk,CS Delport,KA Pollard,2,0,,,,,,,,,
736263,2014/15,2014-11-07,"Newlands, Cape Town",1,6.5,Dolphins,Cape Cobras,DJ van Wyk,CS Delport,KA Pollard,1,0,,,,,,,,,
736263,2014/15,2014-11-07,"Newlands, Cape Town",1,6.6,Dolphins,Cape Cobras,CS Delport,DJ van Wyk,KA Pollard,1,0,,,,,,,,,
736263,2014/15,2014-11-07,"Newlands, Cape Town",1,7.1,Dolphins,Cape Cobras,CS Delport,DJ van Wyk,SA Engelbrecht,1,0,,,,,,,,,
736263,2014/15,2014-11-07,"Newlands, Cape Town",1,7.2,Dolphins,Cape Cobras,DJ van Wyk,CS Delport,SA Engelbrecht,0,0,,,,,,,,,
736263,2014/15,2014-11-07,"Newlands, Cape Town",1,7.3,Dolphins,Cape Cobras,DJ van Wyk,CS Delport,SA Engelbrecht,0,0,,,,,,,,,
736263,2014/15,2014-11-07,"Newlands, Cape Town",1,7.4,Dolphins,Cape Cobras,DJ van Wyk,CS Delport,SA Engelbrecht,0,0,,,,,,,,,
736263,2014/15,2014-11-07,"Newlands, Cape Town",1,7.5,Dolphins,Cape Cobras,DJ van Wyk,CS Delport,SA Engelbrecht,2,0,,,,,,,,,
736263,2014/15,2014-11-07,"Newlands, Cape Town",1,7.6,Dolphins,Cape Cobras,DJ van Wyk,CS Delport,SA Engelbrecht,1,0,,,,,,,,,
736263,2014/15,2014-11-07,"Newlands, Cape Town",1,8.1,Dolphins,Cape Cobras,DJ van Wyk,CS Delport,KA Pollard,0,0,,,,,,,,,
736263,2014/15,2014-11-07,"Newlands, Cape Town",1,8.2,Dolphins,Cape Cobras,DJ van Wyk,CS Delport,KA Pollard,0,0,,,,,,,,,
736263,2014/15,2014-11-07,"Newlands, Cape Town",1,8.3,Dolphins,Cape Cobras,DJ van Wyk,CS Delport,KA Pollard,0,1,,,,1,,,,,
736263,2014/15,2014-11-07,"Newlands, Cape Town",1,8.4,Dolphins,Cape Cobras,CS Delport,DJ van Wyk,KA Pollard,1,0,,,,,,,,,
736263,2014/15,2014-11-07,"Newlands, Cape Town",1,8.5,Dolphins,Cape Cobras,DJ van Wyk,CS Delport,KA Pollard,1,0,,,,,,,,,
736263,2014/15,2014-11-07,"Newlands, Cape Town",1,8.6,Dolphins,Cape Cobras,CS Delport,DJ van Wyk,KA Pollard,1,0,,,,,,,,,
736263,2014/15,2014-11-07,"Newlands, Cape Town",1,9.1,Dolphins,Cape Cobras,CS Delport,DJ van Wyk,GF Linde,0,0,,,,,,,,,
736263,2014/15,2014-11-07,"Newlands, Cape Town",1,9.2,Dolphins,Cape Cobras,CS Delport,DJ van Wyk,GF Linde,1,0,,,,,,,,,
736263,2014/15,2014-11-07,"Newlands, Cape Town",1,9.3,Dolphins,Cape Cobras,DJ van Wyk,CS Delport,GF Linde,1,0,,,,,,,,,
736263,2014/15,2014-11-07,"Newlands, Cape Town",1,9.4,Dolphins,Cape Cobras,CS Delport,DJ van Wyk,GF Linde,0,0,,,,,,,,,
736263,2014/15,2014-11-07,"Newlands, Cape Town",1,9.5,Dolphins,Cape Cobras,CS Delport,DJ van Wyk,GF Linde,1,0,,,,,,,,,
736263,2014/15,2014-11-07,"Newlands, Cape Town",1,9.6,Dolphins,Cape Cobras,DJ van Wyk,CS Delport,GF Linde,0,0,,,,,,caught,DJ van Wyk,,
736263,2014/15,2014-11-07,"Newlands, Cape Town",1,10.1,Dolphins,Cape Cobras,DJ Bravo,CS Delport,SA Engelbrecht,1,0,,,,,,,,,
736263,2014/15,2014-11-07,"Newlands, Cape Town",1,10.2,Dolphins,Cape Cobras,CS Delport,DJ Bravo,SA Engelbrecht,1,0,,,,,,,,,
736263,2014/15,2014-11-07,"Newlands, Cape Town",1,10.3,Dolphins,Cape Cobras,DJ Bravo,CS Delport,SA Engelbrecht,1,0,,,,,,,,,
736263,2014/15,2014-11-07,"Newlands, Cape Town",1,10.4,Dolphins,Cape Cobras,CS Delport,DJ Bravo,SA Engelbrecht,0,0,,,,,,bowled,CS Delport,,
736263,2014/15,2014-11-07,"Newlands, Cape Town",1,10.5,Dolphins,Cape Cobras,VB van Jaarsveld,DJ Bravo,SA Engelbrecht,1,0,,,,,,,,,
736263,2014/15,2014-11-07,"Newlands, Cape Town",1,10.6,Dolphins,Cape Cobras,DJ Bravo,VB van Jaarsveld,SA Engelbrecht,0,0,,,,,,,,,
736263,2014/15,2014-11-07,"Newlands, Cape Town",1,11.1,Dolphins,Cape Cobras,VB van Jaarsveld,DJ Bravo,GF Linde,0,0,,,,,,,,,
736263,2014/15,2014-11-07,"Newlands, Cape Town",1,11.2,Dolphins,Cape Cobras,VB van Jaarsveld,DJ Bravo,GF Linde,1,0,,,,,,,,,
736263,2014/15,2014-11-07,"Newlands, Cape Town",1,11.3,Dolphins,Cape Cobras,DJ Bravo,VB van Jaarsveld,GF Linde,0,0,,,,,,,,,
736263,2014/15,2014-11-07,"Newlands, Cape Town",1,11.4,Dolphins,Cape Cobras,DJ Bravo,VB van Jaarsveld,GF Linde,1,0,,,,,,,,,
736263,2014/15,2014-11-07,"Newlands, Cape Town",1,11.5,Dolphins,Cape Cobras,VB van Jaarsveld,DJ Bravo,GF Linde,0,1,,,,1,,,,,
736263,2014/15,2014-11-07,"Newlands, Cape Town",1,11.6,Dolphins,Cape Cobras,DJ Bravo,VB van Jaarsveld,GF Linde,1,0,,,,,,,,,
736263,2014/15,2014-11-07,"Newlands, Cape Town",1,12.1,Dolphins,Cape Cobras,DJ Bravo,VB van Jaarsveld,SA Engelbrecht,0,0,,,,,,caught,DJ Bravo,,
736263,2014/15,2014-11-07,"Newlands, Cape Town",1,12.2,Dolphins,Cape Cobras,K Zondo,VB van Jaarsveld,SA Engelbrecht,0,0,,,,,,,,,
736263,2014/15,2014-11-07,"Newlands, Cape Town",1,12.3,Dolphins,Cape Cobras,K Zondo,VB van Jaarsveld,SA Engelbrecht,0,0,,,,,,,,,
736263,2014/15,2014-11-07,"Newlands, Cape Town",1,12.4,Dolphins,Cape Cobras,K Zondo,VB van Jaarsveld,SA Engelbrecht,0,0,,,,,,,,,
736263,2014/15,2014-11-07,"Newlands, Cape Town",1,12.5,Dolphins,Cape Cobras,K Zondo,VB van Jaarsveld,SA Engelbrecht,0,0,,,,,,bowled,K Zondo,,
736263,2014/15,2014-11-07,"Newlands, Cape Town",1,12.6,Dolphins,Cape Cobras,R Frylinck,VB van Jaarsveld,SA Engelbrecht,0,0,,,,,,,,,
736263,2014/15,2014-11-07,"Newlands, Cape Town",1,13.1,Dolphins,Cape Cobras,VB van Jaarsveld,R Frylinck,GF Linde,1,0,,,,,,,,,
736263,2014/15,2014-11-07,"Newlands, Cape Town",1,13.2,Dolphins,Cape Cobras,R Frylinck,VB van Jaarsveld,GF Linde,2,0,,,,,,,,,
736263,2014/15,2014-11-07,"Newlands, Cape Town",1,13.3,Dolphins,Cape Cobras,R Frylinck,VB van Jaarsveld,GF Linde,1,0,,,,,,,,,
736263,2014/15,2014-11-07,"Newlands, Cape Town",1,13.4,Dolphins,Cape Cobras,VB van Jaarsveld,R Frylinck,GF Linde,1,0,,,,,,,,,
736263,2014/15,2014-11-07,"Newlands, Cape Town",1,13.5,Dolphins,Cape Cobras,R Frylinck,VB van Jaarsveld,GF Linde,0,1,,,,1,,,,,
736263,2014/15,2014-11-07,"Newlands, Cape Town",1,13.6,Dolphins,Cape Cobras,VB van Jaarsveld,R Frylinck,GF Linde,0,0,,,,,,,,,
736263,2014/15,2014-11-07,"Newlands, Cape Town",1,14.1,Dolphins,Cape Cobras,R Frylinck,VB van Jaarsveld,KA Pollard,1,0,,,,,,,,,
736263,2014/15,2014-11-07,"Newlands, Cape Town",1,14.2,Dolphins,Cape Cobras,VB van Jaarsveld,R Frylinck,KA Pollard,1,0,,,,,,,,,
736263,2014/15,2014-11-07,"Newlands, Cape Town",1,14.3,Dolphins,Cape Cobras,R Frylinck,VB van Jaarsveld,KA Pollard,1,0,,,,,,,,,
736263,2014/15,2014-11-07,"Newlands, Cape Town",1,14.4,Dolphins,Cape Cobras,VB van Jaarsveld,R Frylinck,KA Pollard,1,0,,,,,,,,,
736263,2014/15,2014-11-07,"Newlands, Cape Town",1,14.5,Dolphins,Cape Cobras,R Frylinck,VB van Jaarsveld,KA Pollard,1,0,,,,,,,,,
736263,2014/15,2014-11-07,"Newlands, Cape Town",1,14.6,Dolphins,Cape Cobras,VB van Jaarsveld,R Frylinck,KA Pollard,1,0,,,,,,,,,
736263,2014/15,2014-11-07,"Newlands, Cape Town",1,15.1,Dolphins,Cape Cobras,VB van Jaarsveld,R Frylinck,GF Linde,2,0,,,,,,,,,
736263,2014/15,2014-11-07,"Newlands, Cape Town",1,15.2,Dolphins,Cape Cobras,VB van Jaarsveld,R Frylinck,GF Linde,6,0,,,,,,,,,
736263,2014/15,2014-11-07,"Newlands, Cape Town",1,15.3,Dolphins,Cape Cobras,VB van Jaarsveld,R Frylinck,GF Linde,0,0,,,,,,,,,
736263,2014/15,2014-11-07,"Newlands, Cape Town",1,15.4,Dolphins,Cape Cobras,VB van Jaarsveld,R Frylinck,GF Linde,0,0,,,,,,,,,
736263,2014/15,2014-11-07,"Newlands, Cape Town",1,15.5,Dolphins,Cape Cobras,VB van Jaarsveld,R Frylinck,GF Linde,1,0,,,,,,,,,
736263,2014/15,2014-11-07,"Newlands, Cape Town",1,15.6,Dolphins,Cape Cobras,R Frylinck,VB van Jaarsveld,GF Linde,1,0,,,,,,,,,
736263,2014/15,2014-11-07,"Newlands, Cape Town",1,16.1,Dolphins,Cape Cobras,R Frylinck,VB van Jaarsveld,KA Pollard,0,0,,,,,,caught,R Frylinck,,
736263,2014/15,2014-11-07,"Newlands, Cape Town",1,16.2,Dolphins,Cape Cobras,VB van Jaarsveld,BS Makhanya,KA Pollard,4,0,,,,,,,,,
736263,2014/15,2014-11-07,"Newlands, Cape Town",1,16.3,Dolphins,Cape Cobras,VB van Jaarsveld,BS Makhanya,KA Pollard,3,0,,,,,,,,,
736263,2014/15,2014-11-07,"Newlands, Cape Town",1,16.4,Dolphins,Cape Cobras,BS Makhanya,VB van Jaarsveld,KA Pollard,1,0,,,,,,,,,
736263,2014/15,2014-11-07,"Newlands, Cape Town",1,16.5,Dolphins,Cape Cobras,VB van Jaarsveld,BS Makhanya,KA Pollard,1,0,,,,,,,,,
736263,2014/15,2014-11-07,"Newlands, Cape Town",1,16.6,Dolphins,Cape Cobras,BS Makhanya,VB van Jaarsveld,KA Pollard,1,0,,,,,,,,,
736263,2014/15,2014-11-07,"Newlands, Cape Town",1,17.1,Dolphins,Cape Cobras,BS Makhanya,VB van Jaarsveld,M Shezi,1,0,,,,,,,,,
736263,2014/15,2014-11-07,"Newlands, Cape Town",1,17.2,Dolphins,Cape Cobras,VB van Jaarsveld,BS Makhanya,M Shezi,0,1,1,,,,,,,,
736263,2014/15,2014-11-07,"Newlands, Cape Town",1,17.3,Dolphins,Cape Cobras,VB van Jaarsveld,BS Makhanya,M Shezi,2,0,,,,,,,,,
736263,2014/15,2014-11-07,"Newlands, Cape Town",1,17.4,Dolphins,Cape Cobras,VB van Jaarsveld,BS Makhanya,M Shezi,2,0,,,,,,,,,
736263,2014/15,2014-11-07,"Newlands, Cape Town",1,17.5,Dolphins,Cape Cobras,VB van Jaarsveld,BS Makhanya,M Shezi,0,0,,,,,,bowled,VB van Jaarsveld,,
736263,2014/15,2014-11-07,"Newlands, Cape Town",1,17.6,Dolphins,Cape Cobras,P Subrayen,BS Makhanya,M Shezi,1,0,,,,,,,,,
736263,2014/15,2014-11-07,"Newlands, Cape Town",1,17.7,Dolphins,Cape Cobras,BS Makhanya,P Subrayen,M Shezi,0,0,,,,,,caught,BS Makhanya,,
736263,2014/15,2014-11-07,"Newlands, Cape Town",1,18.1,Dolphins,Cape Cobras,CJ Alexander,P Subrayen,FD Adams,0,0,,,,,,,,,
736263,2014/15,2014-11-07,"Newlands, Cape Town",1,18.2,Dolphins,Cape Cobras,CJ Alexander,P Subrayen,FD Adams,1,0,,,,,,,,,
736263,2014/15,2014-11-07,"Newlands, Cape Town",1,18.3,Dolphins,Cape Cobras,P Subrayen,CJ Alexander,FD Adams,0,0,,,,,,,,,
736263,2014/15,2014-11-07,"Newlands, Cape Town",1,18.4,Dolphins,Cape Cobras,P Subrayen,CJ Alexander,FD Adams,0,0,,,,,,bowled,P Subrayen,,
736263,2014/15,2014-11-07,"Newlands, Cape Town",1,18.5,Dolphins,Cape Cobras,RJ Engelbrecht,CJ Alexander,FD Adams,0,0,,,,,,,,,
736263,2014/15,2014-11-07,"Newlands, Cape Town",1,18.6,Dolphins,Cape Cobras,RJ Engelbrecht,CJ Alexander,FD Adams,1,0,,,,,,,,,
736263,2014/15,2014-11-07,"Newlands, Cape Town",1,19.1,Dolphins,Cape Cobras,RJ Engelbrecht,CJ Alexander,M Shezi,1,0,,,,,,,,,
736263,2014/15,2014-11-07,"Newlands, Cape Town",1,19.2,Dolphins,Cape Cobras,CJ Alexander,RJ Engelbrecht,M Shezi,0,0,,,,,,,,,
736263,2014/15,2014-11-07,"Newlands, Cape Town",1,19.3,Dolphins,Cape Cobras,CJ Alexander,RJ Engelbrecht,M Shezi,1,0,,,,,,,,,
736263,2014/15,2014-11-07,"Newlands, Cape Town",1,19.4,Dolphins,Cape Cobras,RJ Engelbrecht,CJ Alexander,M Shezi,0,0,,,,,,,,,
736263,2014/15,2014-11-07,"Newlands, Cape Town",1,19.5,Dolphins,Cape Cobras,RJ Engelbrecht,CJ Alexander,M Shezi,1,0,,,,,,,,,
736263,2014/15,2014-11-07,"Newlands, Cape Town",1,19.6,Dolphins,Cape Cobras,CJ Alexander,RJ Engelbrecht,M Shezi,2,0,,,,,,,,,
736263,2014/15,2014-11-07,"Newlands, Cape Town",2,0.1,Cape Cobras,Dolphins,RE Levi,AG Puttick,CJ Alexander,0,1,1,,,,,,,,
736263,2014/15,2014-11-07,"Newlands, Cape Town",2,0.2,Cape Cobras,Dolphins,RE Levi,AG Puttick,CJ Alexander,0,0,,,,,,,,,
736263,2014/15,2014-11-07,"Newlands, Cape Town",2,0.3,Cape Cobras,Dolphins,RE Levi,AG Puttick,CJ Alexander,4,0,,,,,,,,,
736263,2014/15,2014-11-07,"Newlands, Cape Town",2,0.4,Cape Cobras,Dolphins,RE Levi,AG Puttick,CJ Alexander,0,0,,,,,,,,,
736263,2014/15,2014-11-07,"Newlands, Cape Town",2,0.5,Cape Cobras,Dolphins,RE Levi,AG Puttick,CJ Alexander,4,0,,,,,,,,,
736263,2014/15,2014-11-07,"Newlands, Cape Town",2,0.6,Cape Cobras,Dolphins,RE Levi,AG Puttick,CJ Alexander,4,0,,,,,,,,,
736263,2014/15,2014-11-07,"Newlands, Cape Town",2,0.7,Cape Cobras,Dolphins,RE Levi,AG Puttick,CJ Alexander,0,0,,,,,,,,,
736263,2014/15,2014-11-07,"Newlands, Cape Town",2,1.1,Cape Cobras,Dolphins,AG Puttick,RE Levi,RJ Engelbrecht,0,0,,,,,,,,,
736263,2014/15,2014-11-07,"Newlands, Cape Town",2,1.2,Cape Cobras,Dolphins,AG Puttick,RE Levi,RJ Engelbrecht,4,1,,1,,,,,,,
736263,2014/15,2014-11-07,"Newlands, Cape Town",2,1.3,Cape Cobras,Dolphins,AG Puttick,RE Levi,RJ Engelbrecht,0,0,,,,,,,,,
736263,2014/15,2014-11-07,"Newlands, Cape Town",2,1.4,Cape Cobras,Dolphins,AG Puttick,RE Levi,RJ Engelbrecht,4,0,,,,,,,,,
736263,2014/15,2014-11-07,"Newlands, Cape Town",2,1.5,Cape Cobras,Dolphins,AG Puttick,RE Levi,RJ Engelbrecht,1,0,,,,,,,,,
736263,2014/15,2014-11-07,"Newlands, Cape Town",2,1.6,Cape Cobras,Dolphins,RE Levi,AG Puttick,RJ Engelbrecht,0,0,,,,,,,,,
736263,2014/15,2014-11-07,"Newlands, Cape Town",2,1.7,Cape Cobras,Dolphins,RE Levi,AG Puttick,RJ Engelbrecht,0,1,1,,,,,,,,
736263,2014/15,2014-11-07,"Newlands, Cape Town",2,1.8,Cape Cobras,Dolphins,RE Levi,AG Puttick,RJ Engelbrecht,0,0,,,,,,,,,
736263,2014/15,2014-11-07,"Newlands, Cape Town",2,2.1,Cape Cobras,Dolphins,AG Puttick,RE Levi,R Frylinck,0,0,,,,,,,,,
736263,2014/15,2014-11-07,"Newlands, Cape Town",2,2.2,Cape Cobras,Dolphins,AG Puttick,RE Levi,R Frylinck,1,0,,,,,,,,,
736263,2014/15,2014-11-07,"Newlands, Cape Town",2,2.3,Cape Cobras,Dolphins,RE Levi,AG Puttick,R Frylinck,0,0,,,,,,,,,
736263,2014/15,2014-11-07,"Newlands, Cape Town",2,2.4,Cape Cobras,Dolphins,RE Levi,AG Puttick,R Frylinck,1,0,,,,,,,,,
736263,2014/15,2014-11-07,"Newlands, Cape Town",2,2.5,Cape Cobras,Dolphins,AG Puttick,RE Levi,R Frylinck,1,0,,,,,,,,,
736263,2014/15,2014-11-07,"Newlands, Cape Town",2,2.6,Cape Cobras,Dolphins,RE Levi,AG Puttick,R Frylinck,1,0,,,,,,,,,
736263,2014/15,2014-11-07,"Newlands, Cape Town",2,3.1,Cape Cobras,Dolphins,RE Levi,AG Puttick,RJ Engelbrecht,4,0,,,,,,,,,
736263,2014/15,2014-11-07,"Newlands, Cape Town",2,3.2,Cape Cobras,Dolphins,RE Levi,AG Puttick,RJ Engelbrecht,0,1,,1,,,,,,,
736263,2014/15,2014-11-07,"Newlands, Cape Town",2,3.3,Cape Cobras,Dolphins,RE Levi,AG Puttick,RJ Engelbrecht,6,1,,1,,,,,,,
736263,2014/15,2014-11-07,"Newlands, Cape Town",2,3.4,Cape Cobras,Dolphins,RE Levi,AG Puttick,RJ Engelbrecht,6,0,,,,,,,,,
736263,2014/15,2014-11-07,"Newlands, Cape Town",2,3.5,Cape Cobras,Dolphins,RE Levi,AG Puttick,RJ Engelbrecht,1,0,,,,,,,,,
736263,2014/15,2014-11-07,"Newlands, Cape Town",2,3.6,Cape Cobras,Dolphins,AG Puttick,RE Levi,RJ Engelbrecht,1,0,,,,,,,,,
736263,2014/15,2014-11-07,"Newlands, Cape Town",2,3.7,Cape Cobras,Dolphins,RE Levi,AG Puttick,RJ Engelbrecht,2,0,,,,,,,,,
736263,2014/15,2014-11-07,"Newlands, Cape Town",2,3.8,Cape Cobras,Dolphins,RE Levi,AG Puttick,RJ Engelbrecht,1,0,,,,,,,,,
736263,2014/15,2014-11-07,"Newlands, Cape Town",2,4.1,Cape Cobras,Dolphins,RE Levi,AG Puttick,R Frylinck,4,0,,,,,,,,,
736263,2014/15,2014-11-07,"Newlands, Cape Town",2,4.2,Cape Cobras,Dolphins,RE Levi,AG Puttick,R Frylinck,4,0,,,,,,,,,
736263,2014/15,2014-11-07,"Newlands, Cape Town",2,4.3,Cape Cobras,Dolphins,RE Levi,AG Puttick,R Frylinck,1,0,,,,,,,,,
736263,2014/15,2014-11-07,"Newlands, Cape Town",2,4.4,Cape Cobras,Dolphins,AG Puttick,RE Levi,R Frylinck,1,0,,,,,,,,,
736263,2014/15,2014-11-07,"Newlands, Cape Town",2,4.5,Cape Cobras,Dolphins,RE Levi,AG Puttick,R Frylinck,0,0,,,,,,,,,
736263,2014/15,2014-11-07,"Newlands, Cape Town",2,4.6,Cape Cobras,Dolphins,RE Levi,AG Puttick,R Frylinck,1,0,,,,,,,,,
736263,2014/15,2014-11-07,"Newlands, Cape Town",2,5.1,Cape Cobras,Dolphins,RE Levi,AG Puttick,P Subrayen,0,0,,,,,,,,,
736263,2014/15,2014-11-07,"Newlands, Cape Town",2,5.2,Cape Cobras,Dolphins,RE Levi,AG Puttick,P Subrayen,0,0,,,,,,,,,
736263,2014/15,2014-11-07,"Newlands, Cape Town",2,5.3,Cape Cobras,Dolphins,RE Levi,AG Puttick,P Subrayen,0,0,,,,,,caught,RE Levi,,
736263,2014/15,2014-11-07,"Newlands, Cape Town",2,5.4,Cape Cobras,Dolphins,OA Ramela,AG Puttick,P Subrayen,0,0,,,,,,,,,
736263,2014/15,2014-11-07,"Newlands, Cape Town",2,5.5,Cape Cobras,Dolphins,OA Ramela,AG Puttick,P Subrayen,0,0,,,,,,,,,
736263,2014/15,2014-11-07,"Newlands, Cape Town",2,5.6,Cape Cobras,Dolphins,OA Ramela,AG Puttick,P Subrayen,0,0,,,,,,,,,
736263,2014/15,2014-11-07,"Newlands, Cape Town",2,6.1,Cape Cobras,Dolphins,AG Puttick,OA Ramela,DJ Bravo,1,0,,,,,,,,,
736263,2014/15,2014-11-07,"Newlands, Cape Town",2,6.2,Cape Cobras,Dolphins,OA Ramela,AG Puttick,DJ Bravo,0,1,1,,,,,,,,
736263,2014/15,2014-11-07,"Newlands, Cape Town",2,6.3,Cape Cobras,Dolphins,OA Ramela,AG Puttick,DJ Bravo,1,0,,,,,,,,,
736263,2014/15,2014-11-07,"Newlands, Cape Town",2,6.4,Cape Cobras,Dolphins,AG Puttick,OA Ramela,DJ Bravo,1,0,,,,,,,,,
736263,2014/15,2014-11-07,"Newlands, Cape Town",2,6.5,Cape Cobras,Dolphins,OA Ramela,AG Puttick,DJ Bravo,0,0,,,,,,,,,
736263,2014/15,2014-11-07,"Newlands, Cape Town",2,6.6,Cape Cobras,Dolphins,OA Ramela,AG Puttick,DJ Bravo,1,0,,,,,,,,,
736263,2014/15,2014-11-07,"Newlands, Cape Town",2,6.7,Cape Cobras,Dolphins,AG Puttick,OA Ramela,DJ Bravo,1,0,,,,,,,,,
736263,2014/15,2014-11-07,"Newlands, Cape Town",2,7.1,Cape Cobras,Dolphins,AG Puttick,OA Ramela,P Subrayen,0,0,,,,,,,,,
736263,2014/15,2014-11-07,"Newlands, Cape Town",2,7.2,Cape Cobras,Dolphins,AG Puttick,OA Ramela,P Subrayen,0,1,,,,1,,,,,
736263,2014/15,2014-11-07,"Newlands, Cape Town",2,7.3,Cape Cobras,Dolphins,OA Ramela,AG Puttick,P Subrayen,1,0,,,,,,,,,
736263,2014/15,2014-11-07,"Newlands, Cape Town",2,7.4,Cape Cobras,Dolphins,AG Puttick,OA Ramela,P Subrayen,2,0,,,,,,,,,
736263,2014/15,2014-11-07,"Newlands, Cape Town",2,7.5,Cape Cobras,Dolphins,AG Puttick,OA Ramela,P Subrayen,0,0,,,,,,,,,
736263,2014/15,2014-11-07,"Newlands, Cape Town",2,7.6,Cape Cobras,Dolphins,AG Puttick,OA Ramela,P Subrayen,0,0,,,,,,,,,
736263,2014/15,2014-11-07,"Newlands, Cape Town",2,8.1,Cape Cobras,Dolphins,OA Ramela,AG Puttick,DJ Bravo,2,0,,,,,,,,,
736263,2014/15,2014-11-07,"Newlands, Cape Town",2,8.2,Cape Cobras,Dolphins,OA Ramela,AG Puttick,DJ Bravo,2,0,,,,,,,,,
736263,2014/15,2014-11-07,"Newlands, Cape Town",2,8.3,Cape Cobras,Dolphins,OA Ramela,AG Puttick,DJ Bravo,0,0,,,,,,,,,
736263,2014/15,2014-11-07,"Newlands, Cape Town",2,8.4,Cape Cobras,Dolphins,OA Ramela,AG Puttick,DJ Bravo,4,0,,,,,,,,,
736263,2014/15,2014-11-07,"Newlands, Cape Town",2,8.5,Cape Cobras,Dolphins,OA Ramela,AG Puttick,DJ Bravo,1,0,,,,,,,,,
736263,2014/15,2014-11-07,"Newlands, Cape Town",2,8.6,Cape Cobras,Dolphins,AG Puttick,OA Ramela,DJ Bravo,1,0,,,,,,,,,
736263,2014/15,2014-11-07,"Newlands, Cape Town",2,9.1,Cape Cobras,Dolphins,AG Puttick,OA Ramela,P Subrayen,2,0,,,,,,,,,
736263,2014/15,2014-11-07,"Newlands, Cape Town",2,9.2,Cape Cobras,Dolphins,AG Puttick,OA Ramela,P Subrayen,0,0,,,,,,,,,
736263,2014/15,2014-11-07,"Newlands, Cape Town",2,9.3,Cape Cobras,Dolphins,AG Puttick,OA Ramela,P Subrayen,1,0,,,,,,,,,
736263,2014/15,2014-11-07,"Newlands, Cape Town",2,9.4,Cape Cobras,Dolphins,OA Ramela,AG Puttick,P Subrayen,1,0,,,,,,,,,
736263,2014/15,2014-11-07,"Newlands, Cape Town",2,9.5,Cape Cobras,Dolphins,AG Puttick,OA Ramela,P Subrayen,4,0,,,,,,,,,
736263,2014/15,2014-11-07,"Newlands, Cape Town",2,9.6,Cape Cobras,Dolphins,AG Puttick,OA Ramela,P Subrayen,0,0,,,,,,,,,
736263,2014/15,2014-11-07,"Newlands, Cape Town",2,10.1,Cape Cobras,Dolphins,OA Ramela,AG Puttick,K Zondo,1,0,,,,,,,,,
736263,2014/15,2014-11-07,"Newlands, Cape Town",2,10.2,Cape Cobras,Dolphins,AG Puttick,OA Ramela,K Zondo,0,0,,,,,,,,,
736263,2014/15,2014-11-07,"Newlands, Cape Town",2,10.3,Cape Cobras,Dolphins,AG Puttick,OA Ramela,K Zondo,0,0,,,,,,,,,
736263,2014/15,2014-11-07,"Newlands, Cape Town",2,10.4,Cape Cobras,Dolphins,AG Puttick,OA Ramela,K Zondo,2,0,,,,,,,,,
736263,2014/15,2014-11-07,"Newlands, Cape Town",2,10.5,Cape Cobras,Dolphins,AG Puttick,OA Ramela,K Zondo,4,0,,,,,,,,,
736263,2014/15,2014-11-07,"Newlands, Cape Town",2,10.6,Cape Cobras,Dolphins,AG Puttick,OA Ramela,K Zondo,0,1,1,,,,,,,,
736263,2014/15,2014-11-07,"Newlands, Cape Town",2,10.7,Cape Cobras,Dolphins,AG Puttick,OA Ramela,K Zondo,4,0,,,,,,,,,
736263,2014/15,2014-11-07,"Newlands, Cape Town",2,11.1,Cape Cobras,Dolphins,OA Ramela,AG Puttick,P Subrayen,1,0,,,,,,,,,
736263,2014/15,2014-11-07,"Newlands, Cape Town",2,11.2,Cape Cobras,Dolphins,AG Puttick,OA Ramela,P Subrayen,1,0,,,,,,,,,
736263,2014/15,2014-11-07,"Newlands, Cape Town",2,11.3,Cape Cobras,Dolphins,OA Ramela,AG Puttick,P Subrayen,0,0,,,,,,,,,
736263,2014/15,2014-11-07,"Newlands, Cape Town",2,11.4,Cape Cobras,Dolphins,OA Ramela,AG Puttick,P Subrayen,0,0,,,,,,,,,
736263,2014/15,2014-11-07,"Newlands, Cape Town",2,11.5,Cape Cobras,Dolphins,OA Ramela,AG Puttick,P Subrayen,0,0,,,,,,,,,
736263,2014/15,2014-11-07,"Newlands, Cape Town",2,11.6,Cape Cobras,Dolphins,OA Ramela,AG Puttick,P Subrayen,0,0,,,,,,,,,
736263,2014/15,2014-11-07,"Newlands, Cape Town",2,12.1,Cape Cobras,Dolphins,AG Puttick,OA Ramela,DJ Bravo,0,1,,,,1,,,,,
736263,2014/15,2014-11-07,"Newlands, Cape Town",2,12.2,Cape Cobras,Dolphins,OA Ramela,AG Puttick,DJ Bravo,0,0,,,,,,,,,
736263,2014/15,2014-11-07,"Newlands, Cape Town",2,12.3,Cape Cobras,Dolphins,OA Ramela,AG Puttick,DJ Bravo,1,0,,,,,,,,,
736263,2014/15,2014-11-07,"Newlands, Cape Town",2,12.4,Cape Cobras,Dolphins,AG Puttick,OA Ramela,DJ Bravo,1,0,,,,,,,,,
736263,2014/15,2014-11-07,"Newlands, Cape Town",2,12.5,Cape Cobras,Dolphins,OA Ramela,AG Puttick,DJ Bravo,0,0,,,,,,,,,
736263,2014/15,2014-11-07,"Newlands, Cape Town",2,12.6,Cape Cobras,Dolphins,OA Ramela,AG Puttick,DJ Bravo,1,0,,,,,,,,,
736263,2014/15,2014-11-07,"Newlands, Cape Town",2,13.1,Cape Cobras,Dolphins,OA Ramela,AG Puttick,R Frylinck,2,0,,,,,,,,,
736263,2014/15,2014-11-07,"Newlands, Cape Town",2,13.2,Cape Cobras,Dolphins,OA Ramela,AG Puttick,R Frylinck,6,0,,,,,,,,,
736263,2014/15,2014-11-07,"Newlands, Cape Town",2,13.3,Cape Cobras,Dolphins,OA Ramela,AG Puttick,R Frylinck,1,0,,,,,,,,,
736263,2014/15,2014-11-07,"Newlands, Cape Town",2,13.4,Cape Cobras,Dolphins,AG Puttick,OA Ramela,R Frylinck,1,0,,,,,,,,,
736263,2014/15,2014-11-07,"Newlands, Cape Town",2,13.5,Cape Cobras,Dolphins,OA Ramela,AG Puttick,R Frylinck,0,0,,,,,,,,,
736263,2014/15,2014-11-07,"Newlands, Cape Town",2,13.6,Cape Cobras,Dolphins,OA Ramela,AG Puttick,R Frylinck,0,0,,,,,,,,,
736263,2014/15,2014-11-07,"Newlands, Cape Town",2,14.1,Cape Cobras,Dolphins,AG Puttick,OA Ramela,DJ Bravo,1,0,,,,,,,,,
736263,2014/15,2014-11-07,"Newlands, Cape Town",2,14.2,Cape Cobras,Dolphins,OA Ramela,AG Puttick,DJ Bravo,1,0,,,,,,,,,
736263,2014/15,2014-11-07,"Newlands, Cape Town",2,14.3,Cape Cobras,Dolphins,AG Puttick,OA Ramela,DJ Bravo,2,0,,,,,,,,,
736263,2014/15,2014-11-07,"Newlands, Cape Town",2,14.4,Cape Cobras,Dolphins,AG Puttick,OA Ramela,DJ Bravo,0,0,,,,,,,,,
736263,2014/15,2014-11-07,"Newlands, Cape Town",2,14.5,Cape Cobras,Dolphins,AG Puttick,OA Ramela,DJ Bravo,1,0,,,,,,,,,
736263,2014/15,2014-11-07,"Newlands, Cape Town",2,14.6,Cape Cobras,Dolphins,OA Ramela,AG Puttick,DJ Bravo,1,0,,,,,,,,,
736263,2014/15,2014-11-07,"Newlands, Cape Town",2,15.1,Cape Cobras,Dolphins,OA Ramela,AG Puttick,R Frylinck,0,0,,,,,,caught,OA Ramela,,
736263,2014/15,2014-11-07,"Newlands, Cape Town",2,15.2,Cape Cobras,Dolphins,AG Puttick,KA Pollard,R Frylinck,1,0,,,,,,,,,
736263,2014/15,2014-11-07,"Newlands, Cape Town",2,15.3,Cape Cobras,Dolphins,KA Pollard,AG Puttick,R Frylinck,1,0,,,,,,,,,
736263,2014/15,2014-11-07,"Newlands, Cape Town",2,15.4,Cape Cobras,Dolphins,AG Puttick,KA Pollard,R Frylinck,4,0,,,,,,,,,
