match_id,season,start_date,venue,innings,ball,batting_team,bowling_team,striker,non_striker,bowler,runs_off_bat,extras,wides,noballs,byes,legbyes,penalty,wicket_type,player_dismissed,other_wicket_type,other_player_dismissed
736315,2014/15,2014-12-07,"New Wanderers Stadium, Johannesburg",1,0.1,Lions,Knights,Q de Kock,CH Gayle,WL Coetsee,0,0,,,,,,,,,
736315,2014/15,2014-12-07,"New Wanderers Stadium, Johannesburg",1,0.2,Lions,Knights,Q de Kock,CH Gayle,WL Coetsee,1,0,,,,,,,,,
736315,2014/15,2014-12-07,"New Wanderers Stadium, Johannesburg",1,0.3,Lions,Knights,CH Gayle,Q de Kock,WL Coetsee,4,0,,,,,,,,,
736315,2014/15,2014-12-07,"New Wanderers Stadium, Johannesburg",1,0.4,Lions,Knights,CH Gayle,Q de Kock,WL Coetsee,6,0,,,,,,,,,
736315,2014/15,2014-12-07,"New Wanderers Stadium, Johannesburg",1,0.5,Lions,Knights,CH Gayle,Q de Kock,WL Coetsee,0,0,,,,,,,,,
736315,2014/15,2014-12-07,"New Wanderers Stadium, Johannesburg",1,0.6,Lions,Knights,CH Gayle,Q de Kock,WL Coetsee,0,1,1,,,,,,,,
736315,2014/15,2014-12-07,"New Wanderers Stadium, Johannesburg",1,0.7,Lions,Knights,CH Gayle,Q de Kock,WL Coetsee,0,1,1,,,,,,,,
736315,2014/15,2014-12-07,"New Wanderers Stadium, Johannesburg",1,0.8,Lions,Knights,CH Gayle,Q de Kock,WL Coetsee,0,1,1,,,,,,,,
736315,2014/15,2014-12-07,"New Wanderers Stadium, Johannesburg",1,0.9,Lions,Knights,CH Gayle,Q de Kock,WL Coetsee,0,0,,,,,,,,,
736315,2014/15,2014-12-07,"New Wanderers Stadium, Johannesburg",1,1.1,Lions,Knights,Q de Kock,CH Gayle,AD Russell,0,0,,,,,,caught,Q de Kock,,
736315,2014/15,2014-12-07,"New Wanderers Stadium, Johannesburg",1,1.2,Lions,Knights,HE van der Dussen,CH Gayle,AD Russell,1,0,,,,,,,,,
736315,2014/15,2014-12-07,"New Wanderers Stadium, Johannesburg",1,1.3,Lions,Knights,CH Gayle,HE van der Dussen,AD Russell,4,0,,,,,,,,,
736315,2014/15,2014-12-07,"New Wanderers Stadium, Johannesburg",1,1.4,Lions,Knights,CH Gayle,HE van der Dussen,AD Russell,0,0,,,,,,,,,
736315,2014/15,2014-12-07,"New Wanderers Stadium, Johannesburg",1,1.5,Lions,Knights,CH Gayle,HE van der Dussen,AD Russell,1,0,,,,,,,,,
736315,2014/15,2014-12-07,"New Wanderers Stadium, Johannesburg",1,1.6,Lions,Knights,HE van der Dussen,CH Gayle,AD Russell,4,0,,,,,,,,,
736315,2014/15,2014-12-07,"New Wanderers Stadium, Johannesburg",1,2.1,Lions,Knights,CH Gayle,HE van der Dussen,D du Preez,0,0,,,,,,,,,
736315,2014/15,2014-12-07,"New Wanderers Stadium, Johannesburg",1,2.2,Lions,Knights,CH Gayle,HE van der Dussen,D du Preez,0,0,,,,,,,,,
736315,2014/15,2014-12-07,"New Wanderers Stadium, Johannesburg",1,2.3,Lions,Knights,CH Gayle,HE van der Dussen,D du Preez,0,0,,,,,,,,,
736315,2014/15,2014-12-07,"New Wanderers Stadium, Johannesburg",1,2.4,Lions,Knights,CH Gayle,HE van der Dussen,D du Preez,0,0,,,,,,,,,
736315,2014/15,2014-12-07,"New Wanderers Stadium, Johannesburg",1,2.5,Lions,Knights,CH Gayle,HE van der Dussen,D du Preez,0,0,,,,,,,,,
736315,2014/15,2014-12-07,"New Wanderers Stadium, Johannesburg",1,2.6,Lions,Knights,CH Gayle,HE van der Dussen,D du Preez,0,0,,,,,,,,,
736315,2014/15,2014-12-07,"New Wanderers Stadium, Johannesburg",1,3.1,Lions,Knights,HE van der Dussen,CH Gayle,MP Siboto,1,0,,,,,,,,,
736315,2014/15,2014-12-07,"New Wanderers Stadium, Johannesburg",1,3.2,Lions,Knights,CH Gayle,HE van der Dussen,MP Siboto,0,0,,,,,,caught,CH Gayle,,
736315,2014/15,2014-12-07,"New Wanderers Stadium, Johannesburg",1,3.3,Lions,Knights,T Bavuma,HE van der Dussen,MP Siboto,0,0,,,,,,,,,
736315,2014/15,2014-12-07,"New Wanderers Stadium, Johannesburg",1,3.4,Lions,Knights,T Bavuma,HE van der Dussen,MP Siboto,0,0,,,,,,,,,
736315,2014/15,2014-12-07,"New Wanderers Stadium, Johannesburg",1,3.5,Lions,Knights,T Bavuma,HE van der Dussen,MP Siboto,0,0,,,,,,,,,
736315,2014/15,2014-12-07,"New Wanderers Stadium, Johannesburg",1,3.6,Lions,Knights,T Bavuma,HE van der Dussen,MP Siboto,1,0,,,,,,,,,
736315,2014/15,2014-12-07,"New Wanderers Stadium, Johannesburg",1,4.1,Lions,Knights,T Bavuma,HE van der Dussen,D du Preez,0,0,,,,,,,,,
736315,2014/15,2014-12-07,"New Wanderers Stadium, Johannesburg",1,4.2,Lions,Knights,T Bavuma,HE van der Dussen,D du Preez,4,0,,,,,,,,,
736315,2014/15,2014-12-07,"New Wanderers Stadium, Johannesburg",1,4.3,Lions,Knights,T Bavuma,HE van der Dussen,D du Preez,4,0,,,,,,,,,
736315,2014/15,2014-12-07,"New Wanderers Stadium, Johannesburg",1,4.4,Lions,Knights,T Bavuma,HE van der Dussen,D du Preez,0,0,,,,,,,,,
736315,2014/15,2014-12-07,"New Wanderers Stadium, Johannesburg",1,4.5,Lions,Knights,T Bavuma,HE van der Dussen,D du Preez,1,0,,,,,,,,,
736315,2014/15,2014-12-07,"New Wanderers Stadium, Johannesburg",1,4.6,Lions,Knights,HE van der Dussen,T Bavuma,D du Preez,1,0,,,,,,,,,
736315,2014/15,2014-12-07,"New Wanderers Stadium, Johannesburg",1,5.1,Lions,Knights,HE van der Dussen,T Bavuma,AD Russell,1,0,,,,,,,,,
736315,2014/15,2014-12-07,"New Wanderers Stadium, Johannesburg",1,5.2,Lions,Knights,T Bavuma,HE van der Dussen,AD Russell,0,1,1,,,,,,,,
736315,2014/15,2014-12-07,"New Wanderers Stadium, Johannesburg",1,5.3,Lions,Knights,T Bavuma,HE van der Dussen,AD Russell,4,0,,,,,,,,,
736315,2014/15,2014-12-07,"New Wanderers Stadium, Johannesburg",1,5.4,Lions,Knights,T Bavuma,HE van der Dussen,AD Russell,1,0,,,,,,,,,
736315,2014/15,2014-12-07,"New Wanderers Stadium, Johannesburg",1,5.5,Lions,Knights,HE van der Dussen,T Bavuma,AD Russell,0,0,,,,,,,,,
736315,2014/15,2014-12-07,"New Wanderers Stadium, Johannesburg",1,5.6,Lions,Knights,HE van der Dussen,T Bavuma,AD Russell,0,0,,,,,,,,,
736315,2014/15,2014-12-07,"New Wanderers Stadium, Johannesburg",1,5.7,Lions,Knights,HE van der Dussen,T Bavuma,AD Russell,0,0,,,,,,,,,
736315,2014/15,2014-12-07,"New Wanderers Stadium, Johannesburg",1,6.1,Lions,Knights,T Bavuma,HE van der Dussen,SC van Schalkwyk,0,0,,,,,,,,,
736315,2014/15,2014-12-07,"New Wanderers Stadium, Johannesburg",1,6.2,Lions,Knights,T Bavuma,HE van der Dussen,SC van Schalkwyk,4,0,,,,,,,,,
736315,2014/15,2014-12-07,"New Wanderers Stadium, Johannesburg",1,6.3,Lions,Knights,T Bavuma,HE van der Dussen,SC van Schalkwyk,1,0,,,,,,,,,
736315,2014/15,2014-12-07,"New Wanderers Stadium, Johannesburg",1,6.4,Lions,Knights,HE van der Dussen,T Bavuma,SC van Schalkwyk,0,0,,,,,,,,,
736315,2014/15,2014-12-07,"New Wanderers Stadium, Johannesburg",1,6.5,Lions,Knights,HE van der Dussen,T Bavuma,SC van Schalkwyk,2,0,,,,,,,,,
736315,2014/15,2014-12-07,"New Wanderers Stadium, Johannesburg",1,6.6,Lions,Knights,HE van der Dussen,T Bavuma,SC van Schalkwyk,1,0,,,,,,,,,
736315,2014/15,2014-12-07,"New Wanderers Stadium, Johannesburg",1,7.1,Lions,Knights,HE van der Dussen,T Bavuma,WL Coetsee,0,0,,,,,,,,,
736315,2014/15,2014-12-07,"New Wanderers Stadium, Johannesburg",1,7.2,Lions,Knights,HE van der Dussen,T Bavuma,WL Coetsee,1,0,,,,,,,,,
736315,2014/15,2014-12-07,"New Wanderers Stadium, Johannesburg",1,7.3,Lions,Knights,T Bavuma,HE van der Dussen,WL Coetsee,2,0,,,,,,,,,
736315,2014/15,2014-12-07,"New Wanderers Stadium, Johannesburg",1,7.4,Lions,Knights,T Bavuma,HE van der Dussen,WL Coetsee,1,0,,,,,,,,,
736315,2014/15,2014-12-07,"New Wanderers Stadium, Johannesburg",1,7.5,Lions,Knights,HE van der Dussen,T Bavuma,WL Coetsee,1,0,,,,,,,,,
736315,2014/15,2014-12-07,"New Wanderers Stadium, Johannesburg",1,7.6,Lions,Knights,T Bavuma,HE van der Dussen,WL Coetsee,4,0,,,,,,,,,
736315,2014/15,2014-12-07,"New Wanderers Stadium, Johannesburg",1,8.1,Lions,Knights,HE van der Dussen,T Bavuma,MP Siboto,4,0,,,,,,,,,
736315,2014/15,2014-12-07,"New Wanderers Stadium, Johannesburg",1,8.2,Lions,Knights,HE van der Dussen,T Bavuma,MP Siboto,0,0,,,,,,caught,HE van der Dussen,,
736315,2014/15,2014-12-07,"New Wanderers Stadium, Johannesburg",1,8.3,Lions,Knights,ND McKenzie,T Bavuma,MP Siboto,0,0,,,,,,,,,
736315,2014/15,2014-12-07,"New Wanderers Stadium, Johannesburg",1,8.4,Lions,Knights,ND McKenzie,T Bavuma,MP Siboto,0,0,,,,,,,,,
736315,2014/15,2014-12-07,"New Wanderers Stadium, Johannesburg",1,8.5,Lions,Knights,ND McKenzie,T Bavuma,MP Siboto,1,0,,,,,,,,,
736315,2014/15,2014-12-07,"New Wanderers Stadium, Johannesburg",1,8.6,Lions,Knights,T Bavuma,ND McKenzie,MP Siboto,0,0,,,,,,,,,
736315,2014/15,2014-12-07,"New Wanderers Stadium, Johannesburg",1,9.1,Lions,Knights,ND McKenzie,T Bavuma,D du Preez,4,0,,,,,,,,,
736315,2014/15,2014-12-07,"New Wanderers Stadium, Johannesburg",1,9.2,Lions,Knights,ND McKenzie,T Bavuma,D du Preez,1,0,,,,,,,,,
736315,2014/15,2014-12-07,"New Wanderers Stadium, Johannesburg",1,9.3,Lions,Knights,T Bavuma,ND McKenzie,D du Preez,1,0,,,,,,,,,
736315,2014/15,2014-12-07,"New Wanderers Stadium, Johannesburg",1,9.4,Lions,Knights,ND McKenzie,T Bavuma,D du Preez,0,0,,,,,,,,,
736315,2014/15,2014-12-07,"New Wanderers Stadium, Johannesburg",1,9.5,Lions,Knights,ND McKenzie,T Bavuma,D du Preez,0,0,,,,,,,,,
736315,2014/15,2014-12-07,"New Wanderers Stadium, Johannesburg",1,9.6,Lions,Knights,ND McKenzie,T Bavuma,D du Preez,1,0,,,,,,,,,
736315,2014/15,2014-12-07,"New Wanderers Stadium, Johannesburg",1,10.1,Lions,Knights,ND McKenzie,T Bavuma,MP Siboto,1,0,,,,,,,,,
736315,2014/15,2014-12-07,"New Wanderers Stadium, Johannesburg",1,10.2,Lions,Knights,T Bavuma,ND McKenzie,MP Siboto,2,0,,,,,,,,,
736315,2014/15,2014-12-07,"New Wanderers Stadium, Johannesburg",1,10.3,Lions,Knights,T Bavuma,ND McKenzie,MP Siboto,4,0,,,,,,,,,
736315,2014/15,2014-12-07,"New Wanderers Stadium, Johannesburg",1,10.4,Lions,Knights,T Bavuma,ND McKenzie,MP Siboto,0,0,,,,,,,,,
736315,2014/15,2014-12-07,"New Wanderers Stadium, Johannesburg",1,10.5,Lions,Knights,T Bavuma,ND McKenzie,MP Siboto,0,0,,,,,,,,,
736315,2014/15,2014-12-07,"New Wanderers Stadium, Johannesburg",1,10.6,Lions,Knights,T Bavuma,ND McKenzie,MP Siboto,2,0,,,,,,,,,
736315,2014/15,2014-12-07,"New Wanderers Stadium, Johannesburg",1,11.1,Lions,Knights,ND McKenzie,T Bavuma,WL Coetsee,0,0,,,,,,,,,
736315,2014/15,2014-12-07,"New Wanderers Stadium, Johannesburg",1,11.2,Lions,Knights,ND McKenzie,T Bavuma,WL Coetsee,1,0,,,,,,,,,
736315,2014/15,2014-12-07,"New Wanderers Stadium, Johannesburg",1,11.3,Lions,Knights,T Bavuma,ND McKenzie,WL Coetsee,0,0,,,,,,caught,T Bavuma,,
736315,2014/15,2014-12-07,"New Wanderers Stadium, Johannesburg",1,11.4,Lions,Knights,ND McKenzie,J Symes,WL Coetsee,1,0,,,,,,,,,
736315,2014/15,2014-12-07,"New Wanderers Stadium, Johannesburg",1,11.5,Lions,Knights,J Symes,ND McKenzie,WL Coetsee,1,0,,,,,,,,,
736315,2014/15,2014-12-07,"New Wanderers Stadium, Johannesburg",1,11.6,Lions,Knights,ND McKenzie,J Symes,WL Coetsee,0,0,,,,,,,,,
736315,2014/15,2014-12-07,"New Wanderers Stadium, Johannesburg",1,12.1,Lions,Knights,J Symes,ND McKenzie,SC van Schalkwyk,2,0,,,,,,,,,
736315,2014/15,2014-12-07,"New Wanderers Stadium, Johannesburg",1,12.2,Lions,Knights,J Symes,ND McKenzie,SC van Schalkwyk,0,1,1,,,,,,,,
736315,2014/15,2014-12-07,"New Wanderers Stadium, Johannesburg",1,12.3,Lions,Knights,J Symes,ND McKenzie,SC van Schalkwyk,0,0,,,,,,,,,
736315,2014/15,2014-12-07,"New Wanderers Stadium, Johannesburg",1,12.4,Lions,Knights,J Symes,ND McKenzie,SC van Schalkwyk,1,0,,,,,,,,,
736315,2014/15,2014-12-07,"New Wanderers Stadium, Johannesburg",1,12.5,Lions,Knights,ND McKenzie,J Symes,SC van Schalkwyk,1,0,,,,,,,,,
736315,2014/15,2014-12-07,"New Wanderers Stadium, Johannesburg",1,12.6,Lions,Knights,J Symes,ND McKenzie,SC van Schalkwyk,0,0,,,,,,,,,
736315,2014/15,2014-12-07,"New Wanderers Stadium, Johannesburg",1,12.7,Lions,Knights,J Symes,ND McKenzie,SC van Schalkwyk,0,0,,,,,,,,,
736315,2014/15,2014-12-07,"New Wanderers Stadium, Johannesburg",1,13.1,Lions,Knights,ND McKenzie,J Symes,WL Coetsee,4,0,,,,,,,,,
736315,2014/15,2014-12-07,"New Wanderers Stadium, Johannesburg",1,13.2,Lions,Knights,ND McKenzie,J Symes,WL Coetsee,0,0,,,,,,,,,
736315,2014/15,2014-12-07,"New Wanderers Stadium, Johannesburg",1,13.3,Lions,Knights,ND McKenzie,J Symes,WL Coetsee,1,0,,,,,,,,,
736315,2014/15,2014-12-07,"New Wanderers Stadium, Johannesburg",1,13.4,Lions,Knights,J Symes,ND McKenzie,WL Coetsee,0,0,,,,,,,,,
736315,2014/15,2014-12-07,"New Wanderers Stadium, Johannesburg",1,13.5,Lions,Knights,J Symes,ND McKenzie,WL Coetsee,1,0,,,,,,,,,
736315,2014/15,2014-12-07,"New Wanderers Stadium, Johannesburg",1,13.6,Lions,Knights,ND McKenzie,J Symes,WL Coetsee,1,0,,,,,,,,,
736315,2014/15,2014-12-07,"New Wanderers Stadium, Johannesburg",1,14.1,Lions,Knights,ND McKenzie,J Symes,SC van Schalkwyk,0,0,,,,,,,,,
736315,2014/15,2014-12-07,"New Wanderers Stadium, Johannesburg",1,14.2,Lions,Knights,ND McKenzie,J Symes,SC van Schalkwyk,1,0,,,,,,,,,
736315,2014/15,2014-12-07,"New Wanderers Stadium, Johannesburg",1,14.3,Lions,Knights,J Symes,ND McKenzie,SC van Schalkwyk,1,0,,,,,,,,,
736315,2014/15,2014-12-07,"New Wanderers Stadium, Johannesburg",1,14.4,Lions,Knights,ND McKenzie,J Symes,SC van Schalkwyk,1,0,,,,,,,,,
736315,2014/15,2014-12-07,"New Wanderers Stadium, Johannesburg",1,14.5,Lions,Knights,J Symes,ND McKenzie,SC van Schalkwyk,4,0,,,,,,,,,
736315,2014/15,2014-12-07,"New Wanderers Stadium, Johannesburg",1,14.6,Lions,Knights,J Symes,ND McKenzie,SC van Schalkwyk,1,0,,,,,,,,,
736315,2014/15,2014-12-07,"New Wanderers Stadium, Johannesburg",1,15.1,Lions,Knights,J Symes,ND McKenzie,D du Preez,0,0,,,,,,,,,
736315,2014/15,2014-12-07,"New Wanderers Stadium, Johannesburg",1,15.2,Lions,Knights,J Symes,ND McKenzie,D du Preez,0,0,,,,,,,,,
736315,2014/15,2014-12-07,"New Wanderers Stadium, Johannesburg",1,15.3,Lions,Knights,J Symes,ND McKenzie,D du Preez,0,0,,,,,,,,,
736315,2014/15,2014-12-07,"New Wanderers Stadium, Johannesburg",1,15.4,Lions,Knights,J Symes,ND McKenzie,D du Preez,1,0,,,,,,,,,
736315,2014/15,2014-12-07,"New Wanderers Stadium, Johannesburg",1,15.5,Lions,Knights,ND McKenzie,J Symes,D du Preez,1,0,,,,,,,,,
736315,2014/15,2014-12-07,"New Wanderers Stadium, Johannesburg",1,15.6,Lions,Knights,J Symes,ND McKenzie,D du Preez,1,0,,,,,,,,,
736315,2014/15,2014-12-07,"New Wanderers Stadium, Johannesburg",1,16.1,Lions,Knights,J Symes,ND McKenzie,MP Siboto,1,0,,,,,,,,,
736315,2014/15,2014-12-07,"New Wanderers Stadium, Johannesburg",1,16.2,Lions,Knights,ND McKenzie,J Symes,MP Siboto,4,0,,,,,,,,,
736315,2014/15,2014-12-07,"New Wanderers Stadium, Johannesburg",1,16.3,Lions,Knights,ND McKenzie,J Symes,MP Siboto,1,0,,,,,,,,,
736315,2014/15,2014-12-07,"New Wanderers Stadium, Johannesburg",1,16.4,Lions,Knights,J Symes,ND McKenzie,MP Siboto,0,1,1,,,,,,,,
736315,2014/15,2014-12-07,"New Wanderers Stadium, Johannesburg",1,16.5,Lions,Knights,J Symes,ND McKenzie,MP Siboto,1,0,,,,,,,,,
736315,2014/15,2014-12-07,"New Wanderers Stadium, Johannesburg",1,16.6,Lions,Knights,ND McKenzie,J Symes,MP Siboto,1,0,,,,,,,,,
736315,2014/15,2014-12-07,"New Wanderers Stadium, Johannesburg",1,16.7,Lions,Knights,J Symes,ND McKenzie,MP Siboto,1,0,,,,,,,,,
736315,2014/15,2014-12-07,"New Wanderers Stadium, Johannesburg",1,17.1,Lions,Knights,J Symes,ND McKenzie,AD Russell,1,0,,,,,,,,,
736315,2014/15,2014-12-07,"New Wanderers Stadium, Johannesburg",1,17.2,Lions,Knights,ND McKenzie,J Symes,AD Russell,1,0,,,,,,,,,
736315,2014/15,2014-12-07,"New Wanderers Stadium, Johannesburg",1,17.3,Lions,Knights,J Symes,ND McKenzie,AD Russell,1,0,,,,,,,,,
736315,2014/15,2014-12-07,"New Wanderers Stadium, Johannesburg",1,17.4,Lions,Knights,ND McKenzie,J Symes,AD Russell,4,0,,,,,,,,,
736315,2014/15,2014-12-07,"New Wanderers Stadium, Johannesburg",1,17.5,Lions,Knights,ND McKenzie,J Symes,AD Russell,1,0,,,,,,,,,
736315,2014/15,2014-12-07,"New Wanderers Stadium, Johannesburg",1,17.6,Lions,Knights,J Symes,ND McKenzie,AD Russell,0,1,1,,,,,,,,
736315,2014/15,2014-12-07,"New Wanderers Stadium, Johannesburg",1,17.7,Lions,Knights,J Symes,ND McKenzie,AD Russell,4,0,,,,,,,,,
736315,2014/15,2014-12-07,"New Wanderers Stadium, Johannesburg",1,18.1,Lions,Knights,ND McKenzie,J Symes,SC van Schalkwyk,1,0,,,,,,,,,
736315,2014/15,2014-12-07,"New Wanderers Stadium, Johannesburg",1,18.2,Lions,Knights,J Symes,ND McKenzie,SC van Schalkwyk,1,0,,,,,,,,,
736315,2014/15,2014-12-07,"New Wanderers Stadium, Johannesburg",1,18.3,Lions,Knights,ND McKenzie,J Symes,SC van Schalkwyk,0,0,,,,,,caught,ND McKenzie,,
736315,2014/15,2014-12-07,"New Wanderers Stadium, Johannesburg",1,18.4,Lions,Knights,J Symes,CH Morris,SC van Schalkwyk,0,0,,,,,,,,,
736315,2014/15,2014-12-07,"New Wanderers Stadium, Johannesburg",1,18.5,Lions,Knights,J Symes,CH Morris,SC van Schalkwyk,1,0,,,,,,,,,
736315,2014/15,2014-12-07,"New Wanderers Stadium, Johannesburg",1,18.6,Lions,Knights,CH Morris,J Symes,SC van Schalkwyk,1,0,,,,,,,,,
736315,2014/15,2014-12-07,"New Wanderers Stadium, Johannesburg",1,19.1,Lions,Knights,CH Morris,J Symes,AD Russell,0,1,1,,,,,,,,
736315,2014/15,2014-12-07,"New Wanderers Stadium, Johannesburg",1,19.2,Lions,Knights,CH Morris,J Symes,AD Russell,2,0,,,,,,,,,
736315,2014/15,2014-12-07,"New Wanderers Stadium, Johannesburg",1,19.3,Lions,Knights,CH Morris,J Symes,AD Russell,2,0,,,,,,,,,
736315,2014/15,2014-12-07,"New Wanderers Stadium, Johannesburg",1,19.4,Lions,Knights,CH Morris,J Symes,AD Russell,4,0,,,,,,,,,
736315,2014/15,2014-12-07,"New Wanderers Stadium, Johannesburg",1,19.5,Lions,Knights,CH Morris,J Symes,AD Russell,2,0,,,,,,,,,
736315,2014/15,2014-12-07,"New Wanderers Stadium, Johannesburg",1,19.6,Lions,Knights,CH Morris,J Symes,AD Russell,1,0,,,,,,,,,
736315,2014/15,2014-12-07,"New Wanderers Stadium, Johannesburg",1,19.7,Lions,Knights,J Symes,CH Morris,AD Russell,2,0,,,,,,,,,
736315,2014/15,2014-12-07,"New Wanderers Stadium, Johannesburg",2,0.1,Knights,Lions,GJ Abrahams,RR Hendricks,P Matshikwe,1,0,,,,,,,,,
736315,2014/15,2014-12-07,"New Wanderers Stadium, Johannesburg",2,0.2,Knights,Lions,RR Hendricks,GJ Abrahams,P Matshikwe,0,0,,,,,,,,,
736315,2014/15,2014-12-07,"New Wanderers Stadium, Johannesburg",2,0.3,Knights,Lions,RR Hendricks,GJ Abrahams,P Matshikwe,4,0,,,,,,,,,
736315,2014/15,2014-12-07,"New Wanderers Stadium, Johannesburg",2,0.4,Knights,Lions,RR Hendricks,GJ Abrahams,P Matshikwe,0,0,,,,,,,,,
736315,2014/15,2014-12-07,"New Wanderers Stadium, Johannesburg",2,0.5,Knights,Lions,RR Hendricks,GJ Abrahams,P Matshikwe,1,0,,,,,,,,,
736315,2014/15,2014-12-07,"New Wanderers Stadium, Johannesburg",2,0.6,Knights,Lions,GJ Abrahams,RR Hendricks,P Matshikwe,2,0,,,,,,,,,
736315,2014/15,2014-12-07,"New Wanderers Stadium, Johannesburg",2,1.1,Knights,Lions,RR Hendricks,GJ Abrahams,LL Tsotsobe,0,1,1,,,,,,,,
736315,2014/15,2014-12-07,"New Wanderers Stadium, Johannesburg",2,1.2,Knights,Lions,RR Hendricks,GJ Abrahams,LL Tsotsobe,1,0,,,,,,,,,
736315,2014/15,2014-12-07,"New Wanderers Stadium, Johannesburg",2,1.3,Knights,Lions,GJ Abrahams,RR Hendricks,LL Tsotsobe,1,0,,,,,,,,,
736315,2014/15,2014-12-07,"New Wanderers Stadium, Johannesburg",2,1.4,Knights,Lions,RR Hendricks,GJ Abrahams,LL Tsotsobe,0,0,,,,,,,,,
736315,2014/15,2014-12-07,"New Wanderers Stadium, Johannesburg",2,1.5,Knights,Lions,RR Hendricks,GJ Abrahams,LL Tsotsobe,0,0,,,,,,,,,
736315,2014/15,2014-12-07,"New Wanderers Stadium, Johannesburg",2,1.6,Knights,Lions,RR Hendricks,GJ Abrahams,LL Tsotsobe,0,0,,,,,,,,,
736315,2014/15,2014-12-07,"New Wanderers Stadium, Johannesburg",2,1.7,Knights,Lions,RR Hendricks,GJ Abrahams,LL Tsotsobe,0,0,,,,,,,,,
736315,2014/15,2014-12-07,"New Wanderers Stadium, Johannesburg",2,2.1,Knights,Lions,GJ Abrahams,RR Hendricks,CH Morris,1,0,,,,,,,,,
736315,2014/15,2014-12-07,"New Wanderers Stadium, Johannesburg",2,2.2,Knights,Lions,RR Hendricks,GJ Abrahams,CH Morris,2,0,,,,,,,,,
736315,2014/15,2014-12-07,"New Wanderers Stadium, Johannesburg",2,2.3,Knights,Lions,RR Hendricks,GJ Abrahams,CH Morris,1,0,,,,,,,,,
736315,2014/15,2014-12-07,"New Wanderers Stadium, Johannesburg",2,2.4,Knights,Lions,GJ Abrahams,RR Hendricks,CH Morris,0,0,,,,,,,,,
736315,2014/15,2014-12-07,"New Wanderers Stadium, Johannesburg",2,2.5,Knights,Lions,GJ Abrahams,RR Hendricks,CH Morris,0,0,,,,,,,,,
736315,2014/15,2014-12-07,"New Wanderers Stadium, Johannesburg",2,2.6,Knights,Lions,GJ Abrahams,RR Hendricks,CH Morris,1,0,,,,,,,,,
736315,2014/15,2014-12-07,"New Wanderers Stadium, Johannesburg",2,3.1,Knights,Lions,GJ Abrahams,RR Hendricks,LL Tsotsobe,6,0,,,,,,,,,
736315,2014/15,2014-12-07,"New Wanderers Stadium, Johannesburg",2,3.2,Knights,Lions,GJ Abrahams,RR Hendricks,LL Tsotsobe,1,0,,,,,,,,,
736315,2014/15,2014-12-07,"New Wanderers Stadium, Johannesburg",2,3.3,Knights,Lions,RR Hendricks,GJ Abrahams,LL Tsotsobe,0,0,,,,,,,,,
736315,2014/15,2014-12-07,"New Wanderers Stadium, Johannesburg",2,3.4,Knights,Lions,RR Hendricks,GJ Abrahams,LL Tsotsobe,0,0,,,,,,,,,
736315,2014/15,2014-12-07,"New Wanderers Stadium, Johannesburg",2,3.5,Knights,Lions,RR Hendricks,GJ Abrahams,LL Tsotsobe,4,0,,,,,,,,,
736315,2014/15,2014-12-07,"New Wanderers Stadium, Johannesburg",2,3.6,Knights,Lions,RR Hendricks,GJ Abrahams,LL Tsotsobe,0,0,,,,,,,,,
736315,2014/15,2014-12-07,"New Wanderers Stadium, Johannesburg",2,4.1,Knights,Lions,GJ Abrahams,RR Hendricks,K Rabada,0,0,,,,,,,,,
736315,2014/15,2014-12-07,"New Wanderers Stadium, Johannesburg",2,4.2,Knights,Lions,GJ Abrahams,RR Hendricks,K Rabada,1,0,,,,,,,,,
736315,2014/15,2014-12-07,"New Wanderers Stadium, Johannesburg",2,4.3,Knights,Lions,RR Hendricks,GJ Abrahams,K Rabada,1,0,,,,,,,,,
736315,2014/15,2014-12-07,"New Wanderers Stadium, Johannesburg",2,4.4,Knights,Lions,GJ Abrahams,RR Hendricks,K Rabada,0,0,,,,,,caught,GJ Abrahams,,
736315,2014/15,2014-12-07,"New Wanderers Stadium, Johannesburg",2,4.5,Knights,Lions,RR Rossouw,RR Hendricks,K Rabada,0,0,,,,,,,,,
736315,2014/15,2014-12-07,"New Wanderers Stadium, Johannesburg",2,4.6,Knights,Lions,RR Rossouw,RR Hendricks,K Rabada,1,0,,,,,,,,,
736315,2014/15,2014-12-07,"New Wanderers Stadium, Johannesburg",2,5.1,Knights,Lions,RR Rossouw,RR Hendricks,CH Morris,4,0,,,,,,,,,
736315,2014/15,2014-12-07,"New Wanderers Stadium, Johannesburg",2,5.2,Knights,Lions,RR Rossouw,RR Hendricks,CH Morris,1,0,,,,,,,,,
736315,2014/15,2014-12-07,"New Wanderers Stadium, Johannesburg",2,5.3,Knights,Lions,RR Hendricks,RR Rossouw,CH Morris,4,0,,,,,,,,,
736315,2014/15,2014-12-07,"New Wanderers Stadium, Johannesburg",2,5.4,Knights,Lions,RR Hendricks,RR Rossouw,CH Morris,4,0,,,,,,,,,
736315,2014/15,2014-12-07,"New Wanderers Stadium, Johannesburg",2,5.5,Knights,Lions,RR Hendricks,RR Rossouw,CH Morris,0,0,,,,,,,,,
736315,2014/15,2014-12-07,"New Wanderers Stadium, Johannesburg",2,5.6,Knights,Lions,RR Hendricks,RR Rossouw,CH Morris,0,0,,,,,,,,,
736315,2014/15,2014-12-07,"New Wanderers Stadium, Johannesburg",2,6.1,Knights,Lions,RR Rossouw,RR Hendricks,K Rabada,0,0,,,,,,,,,
736315,2014/15,2014-12-07,"New Wanderers Stadium, Johannesburg",2,6.2,Knights,Lions,RR Rossouw,RR Hendricks,K Rabada,0,0,,,,,,,,,
736315,2014/15,2014-12-07,"New Wanderers Stadium, Johannesburg",2,6.3,Knights,Lions,RR Rossouw,RR Hendricks,K Rabada,0,0,,,,,,,,,
736315,2014/15,2014-12-07,"New Wanderers Stadium, Johannesburg",2,6.4,Knights,Lions,RR Rossouw,RR Hendricks,K Rabada,0,0,,,,,,,,,
736315,2014/15,2014-12-07,"New Wanderers Stadium, Johannesburg",2,6.5,Knights,Lions,RR Rossouw,RR Hendricks,K Rabada,2,0,,,,,,,,,
736315,2014/15,2014-12-07,"New Wanderers Stadium, Johannesburg",2,6.6,Knights,Lions,RR Rossouw,RR Hendricks,K Rabada,1,0,,,,,,,,,
736315,2014/15,2014-12-07,"New Wanderers Stadium, Johannesburg",2,7.1,Knights,Lions,RR Rossouw,RR Hendricks,E Leie,1,0,,,,,,,,,
736315,2014/15,2014-12-07,"New Wanderers Stadium, Johannesburg",2,7.2,Knights,Lions,RR Hendricks,RR Rossouw,E Leie,1,0,,,,,,,,,
736315,2014/15,2014-12-07,"New Wanderers Stadium, Johannesburg",2,7.3,Knights,Lions,RR Rossouw,RR Hendricks,E Leie,4,0,,,,,,,,,
736315,2014/15,2014-12-07,"New Wanderers Stadium, Johannesburg",2,7.4,Knights,Lions,RR Rossouw,RR Hendricks,E Leie,2,0,,,,,,,,,
736315,2014/15,2014-12-07,"New Wanderers Stadium, Johannesburg",2,7.5,Knights,Lions,RR Rossouw,RR Hendricks,E Leie,1,0,,,,,,,,,
736315,2014/15,2014-12-07,"New Wanderers Stadium, Johannesburg",2,7.6,Knights,Lions,RR Hendricks,RR Rossouw,E Leie,2,0,,,,,,,,,
736315,2014/15,2014-12-07,"New Wanderers Stadium, Johannesburg",2,8.1,Knights,Lions,RR Rossouw,RR Hendricks,P Matshikwe,6,0,,,,,,,,,
736315,2014/15,2014-12-07,"New Wanderers Stadium, Johannesburg",2,8.2,Knights,Lions,RR Rossouw,RR Hendricks,P Matshikwe,1,0,,,,,,,,,
736315,2014/15,2014-12-07,"New Wanderers Stadium, Johannesburg",2,8.3,Knights,Lions,RR Hendricks,RR Rossouw,P Matshikwe,4,0,,,,,,,,,
736315,2014/15,2014-12-07,"New Wanderers Stadium, Johannesburg",2,8.4,Knights,Lions,RR Hendricks,RR Rossouw,P Matshikwe,4,0,,,,,,,,,
736315,2014/15,2014-12-07,"New Wanderers Stadium, Johannesburg",2,8.5,Knights,Lions,RR Hendricks,RR Rossouw,P Matshikwe,4,0,,,,,,,,,
736315,2014/15,2014-12-07,"New Wanderers Stadium, Johannesburg",2,8.6,Knights,Lions,RR Hendricks,RR Rossouw,P Matshikwe,1,0,,,,,,,,,
736315,2014/15,2014-12-07,"New Wanderers Stadium, Johannesburg",2,9.1,Knights,Lions,RR Hendricks,RR Rossouw,E Leie,1,0,,,,,,,,,
736315,2014/15,2014-12-07,"New Wanderers Stadium, Johannesburg",2,9.2,Knights,Lions,RR Rossouw,RR Hendricks,E Leie,0,0,,,,,,,,,
736315,2014/15,2014-12-07,"New Wanderers Stadium, Johannesburg",2,9.3,Knights,Lions,RR Rossouw,RR Hendricks,E Leie,1,0,,,,,,,,,
736315,2014/15,2014-12-07,"New Wanderers Stadium, Johannesburg",2,9.4,Knights,Lions,RR Hendricks,RR Rossouw,E Leie,0,0,,,,,,,,,
736315,2014/15,2014-12-07,"New Wanderers Stadium, Johannesburg",2,9.5,Knights,Lions,RR Hendricks,RR Rossouw,E Leie,0,0,,,,,,,,,
736315,2014/15,2014-12-07,"New Wanderers Stadium, Johannesburg",2,9.6,Knights,Lions,RR Hendricks,RR Rossouw,E Leie,1,0,,,,,,,,,
736315,2014/15,2014-12-07,"New Wanderers Stadium, Johannesburg",2,10.1,Knights,Lions,RR Hendricks,RR Rossouw,CH Gayle,4,0,,,,,,,,,
736315,2014/15,2014-12-07,"New Wanderers Stadium, Johannesburg",2,10.2,Knights,Lions,RR Hendricks,RR Rossouw,CH Gayle,1,0,,,,,,,,,
736315,2014/15,2014-12-07,"New Wanderers Stadium, Johannesburg",2,10.3,Knights,Lions,RR Rossouw,RR Hendricks,CH Gayle,1,0,,,,,,,,,
736315,2014/15,2014-12-07,"New Wanderers Stadium, Johannesburg",2,10.4,Knights,Lions,RR Hendricks,RR Rossouw,CH Gayle,2,0,,,,,,,,,
736315,2014/15,2014-12-07,"New Wanderers Stadium, Johannesburg",2,10.5,Knights,Lions,RR Hendricks,RR Rossouw,CH Gayle,1,0,,,,,,,,,
736315,2014/15,2014-12-07,"New Wanderers Stadium, Johannesburg",2,10.6,Knights,Lions,RR Rossouw,RR Hendricks,CH Gayle,1,0,,,,,,,,,
736315,2014/15,2014-12-07,"New Wanderers Stadium, Johannesburg",2,11.1,Knights,Lions,RR Rossouw,RR Hendricks,E Leie,1,0,,,,,,,,,
736315,2014/15,2014-12-07,"New Wanderers Stadium, Johannesburg",2,11.2,Knights,Lions,RR Hendricks,RR Rossouw,E Leie,0,0,,,,,,,,,
736315,2014/15,2014-12-07,"New Wanderers Stadium, Johannesburg",2,11.3,Knights,Lions,RR Hendricks,RR Rossouw,E Leie,1,0,,,,,,,,,
736315,2014/15,2014-12-07,"New Wanderers Stadium, Johannesburg",2,11.4,Knights,Lions,RR Rossouw,RR Hendricks,E Leie,1,0,,,,,,,,,
736315,2014/15,2014-12-07,"New Wanderers Stadium, Johannesburg",2,11.5,Knights,Lions,RR Hendricks,RR Rossouw,E Leie,1,0,,,,,,,,,
736315,2014/15,2014-12-07,"New Wanderers Stadium, Johannesburg",2,11.6,Knights,Lions,RR Rossouw,RR Hendricks,E Leie,1,0,,,,,,,,,
736315,2014/15,2014-12-07,"New Wanderers Stadium, Johannesburg",2,12.1,Knights,Lions,RR Rossouw,RR Hendricks,K Rabada,1,0,,,,,,,,,
736315,2014/15,2014-12-07,"New Wanderers Stadium, Johannesburg",2,12.2,Knights,Lions,RR Hendricks,RR Rossouw,K Rabada,2,0,,,,,,,,,
736315,2014/15,2014-12-07,"New Wanderers Stadium, Johannesburg",2,12.3,Knights,Lions,RR Hendricks,RR Rossouw,K Rabada,0,0,,,,,,,,,
736315,2014/15,2014-12-07,"New Wanderers Stadium, Johannesburg",2,12.4,Knights,Lions,RR Hendricks,RR Rossouw,K Rabada,2,0,,,,,,,,,
736315,2014/15,2014-12-07,"New Wanderers Stadium, Johannesburg",2,12.5,Knights,Lions,RR Hendricks,RR Rossouw,K Rabada,2,0,,,,,,,,,
736315,2014/15,2014-12-07,"New Wanderers Stadium, Johannesburg",2,12.6,Knights,Lions,RR Hendricks,RR Rossouw,K Rabada,0,0,,,,,,,,,
736315,2014/15,2014-12-07,"New Wanderers Stadium, Johannesburg",2,13.1,Knights,Lions,RR Rossouw,RR Hendricks,J Symes,1,0,,,,,,,,,
736315,2014/15,2014-12-07,"New Wanderers Stadium, Johannesburg",2,13.2,Knights,Lions,RR Hendricks,RR Rossouw,J Symes,1,0,,,,,,,,,
736315,2014/15,2014-12-07,"New Wanderers Stadium, Johannesburg",2,13.3,Knights,Lions,RR Rossouw,RR Hendricks,J Symes,1,0,,,,,,,,,
736315,2014/15,2014-12-07,"New Wanderers Stadium, Johannesburg",2,13.4,Knights,Lions,RR Hendricks,RR Rossouw,J Symes,1,0,,,,,,,,,
736315,2014/15,2014-12-07,"New Wanderers Stadium, Johannesburg",2,13.5,Knights,Lions,RR Rossouw,RR Hendricks,J Symes,2,0,,,,,,,,,
736315,2014/15,2014-12-07,"New Wanderers Stadium, Johannesburg",2,13.6,Knights,Lions,RR Rossouw,RR Hendricks,J Symes,1,0,,,,,,,,,
736315,2014/15,2014-12-07,"New Wanderers Stadium, Johannesburg",2,14.1,Knights,Lions,RR Rossouw,RR Hendricks,LL Tsotsobe,2,0,,,,,,,,,
736315,2014/15,2014-12-07,"New Wanderers Stadium, Johannesburg",2,14.2,Knights,Lions,RR Rossouw,RR Hendricks,LL Tsotsobe,0,1,,,,1,,,,,
736315,2014/15,2014-12-07,"New Wanderers Stadium, Johannesburg",2,14.3,Knights,Lions,RR Hendricks,RR Rossouw,LL Tsotsobe,1,0,,,,,,,,,
736315,2014/15,2014-12-07,"New Wanderers Stadium, Johannesburg",2,14.4,Knights,Lions,RR Rossouw,RR Hendricks,LL Tsotsobe,1,0,,,,,,,,,
736315,2014/15,2014-12-07,"New Wanderers Stadium, Johannesburg",2,14.5,Knights,Lions,RR Hendricks,RR Rossouw,LL Tsotsobe,1,0,,,,,,,,,
736315,2014/15,2014-12-07,"New Wanderers Stadium, Johannesburg",2,14.6,Knights,Lions,RR Rossouw,RR Hendricks,LL Tsotsobe,0,1,,,,1,,,,,
736315,2014/15,2014-12-07,"New Wanderers Stadium, Johannesburg",2,15.1,Knights,Lions,RR Rossouw,RR Hendricks,E Leie,2,0,,,,,,,,,
736315,2014/15,2014-12-07,"New Wanderers Stadium, Johannesburg",2,15.2,Knights,Lions,RR Rossouw,RR Hendricks,E Leie,1,0,,,,,,,,,
736315,2014/15,2014-12-07,"New Wanderers Stadium, Johannesburg",2,15.3,Knights,Lions,RR Hendricks,RR Rossouw,E Leie,1,0,,,,,,,,,
736315,2014/15,2014-12-07,"New Wanderers Stadium, Johannesburg",2,15.4,Knights,Lions,RR Rossouw,RR Hendricks,E Leie,2,0,,,,,,,,,
736315,2014/15,2014-12-07,"New Wanderers Stadium, Johannesburg",2,15.5,Knights,Lions,RR Rossouw,RR Hendricks,E Leie,1,0,,,,,,,,,
736315,2014/15,2014-12-07,"New Wanderers Stadium, Johannesburg",2,15.6,Knights,Lions,RR Hendricks,RR Rossouw,E Leie,2,0,,,,,,,,,
736315,2014/15,2014-12-07,"New Wanderers Stadium, Johannesburg",2,16.1,Knights,Lions,RR Rossouw,RR Hendricks,CH Morris,4,0,,,,,,,,,
736315,2014/15,2014-12-07,"New Wanderers Stadium, Johannesburg",2,16.2,Knights,Lions,RR Rossouw,RR Hendricks,CH Morris,1,0,,,,,,,,,
736315,2014/15,2014-12-07,"New Wanderers Stadium, Johannesburg",2,16.3,Knights,Lions,RR Hendricks,RR Rossouw,CH Morris,1,0,,,,,,,,,
736315,2014/15,2014-12-07,"New Wanderers Stadium, Johannesburg",2,16.4,Knights,Lions,RR Rossouw,RR Hendricks,CH Morris,0,1,,,,1,,,,,
736315,2014/15,2014-12-07,"New Wanderers Stadium, Johannesburg",2,16.5,Knights,Lions,RR Hendricks,RR Rossouw,CH Morris,1,0,,,,,,,,,
736315,2014/15,2014-12-07,"New Wanderers Stadium, Johannesburg",2,16.6,Knights,Lions,RR Rossouw,RR Hendricks,CH Morris,4,0,,,,,,,,,
736315,2014/15,2014-12-07,"New Wanderers Stadium, Johannesburg",2,17.1,Knights,Lions,RR Hendricks,RR Rossouw,LL Tsotsobe,2,0,,,,,,,,,
736315,2014/15,2014-12-07,"New Wanderers Stadium, Johannesburg",2,17.2,Knights,Lions,RR Hendricks,RR Rossouw,LL Tsotsobe,1,0,,,,,,,,,
736315,2014/15,2014-12-07,"New Wanderers Stadium, Johannesburg",2,17.3,Knights,Lions,RR Rossouw,RR Hendricks,LL Tsotsobe,4,0,,,,,,,,,
736315,2014/15,2014-12-07,"New Wanderers Stadium, Johannesburg",2,17.4,Knights,Lions,RR Rossouw,RR Hendricks,LL Tsotsobe,0,0,,,,,,caught,RR Rossouw,,
736315,2014/15,2014-12-07,"New Wanderers Stadium, Johannesburg",2,17.5,Knights,Lions,RR Hendricks,AD Russell,LL Tsotsobe,6,0,,,,,,,,,
