match_id,season,start_date,venue,innings,ball,batting_team,bowling_team,striker,non_striker,bowler,runs_off_bat,extras,wides,noballs,byes,legbyes,penalty,wicket_type,player_dismissed,other_wicket_type,other_player_dismissed
736311,2014/15,2014-12-03,"Boland Park, Paarl",1,0.1,Warriors,Cape Cobras,JT Smuts,C Kieswetter,M Shezi,4,0,,,,,,,,,
736311,2014/15,2014-12-03,"Boland Park, Paarl",1,0.2,Warriors,Cape Cobras,JT Smuts,C Kieswetter,M Shezi,0,0,,,,,,,,,
736311,2014/15,2014-12-03,"Boland Park, Paarl",1,0.3,Warriors,Cape Cobras,JT Smuts,C Kieswetter,M Shezi,0,0,,,,,,,,,
736311,2014/15,2014-12-03,"Boland Park, Paarl",1,0.4,Warriors,Cape Cobras,JT Smuts,C Kieswetter,M Shezi,0,0,,,,,,,,,
736311,2014/15,2014-12-03,"Boland Park, Paarl",1,0.5,Warriors,Cape Cobras,JT Smuts,C Kieswetter,M Shezi,1,0,,,,,,,,,
736311,2014/15,2014-12-03,"Boland Park, Paarl",1,0.6,Warriors,Cape Cobras,C Kieswetter,JT Smuts,M Shezi,0,0,,,,,,,,,
736311,2014/15,2014-12-03,"Boland Park, Paarl",1,1.1,Warriors,Cape Cobras,JT Smuts,C Kieswetter,DW Steyn,0,0,,,,,,,,,
736311,2014/15,2014-12-03,"Boland Park, Paarl",1,1.2,Warriors,Cape Cobras,JT Smuts,C Kieswetter,DW Steyn,0,0,,,,,,,,,
736311,2014/15,2014-12-03,"Boland Park, Paarl",1,1.3,Warriors,Cape Cobras,JT Smuts,C Kieswetter,DW Steyn,0,0,,,,,,,,,
736311,2014/15,2014-12-03,"Boland Park, Paarl",1,1.4,Warriors,Cape Cobras,JT Smuts,C Kieswetter,DW Steyn,0,0,,,,,,,,,
736311,2014/15,2014-12-03,"Boland Park, Paarl",1,1.5,Warriors,Cape Cobras,JT Smuts,C Kieswetter,DW Steyn,1,0,,,,,,,,,
736311,2014/15,2014-12-03,"Boland Park, Paarl",1,1.6,Warriors,Cape Cobras,C Kieswetter,JT Smuts,DW Steyn,1,0,,,,,,,,,
736311,2014/15,2014-12-03,"Boland Park, Paarl",1,2.1,Warriors,Cape Cobras,C Kieswetter,JT Smuts,M Shezi,2,0,,,,,,,,,
736311,2014/15,2014-12-03,"Boland Park, Paarl",1,2.2,Warriors,Cape Cobras,C Kieswetter,JT Smuts,M Shezi,0,0,,,,,,,,,
736311,2014/15,2014-12-03,"Boland Park, Paarl",1,2.3,Warriors,Cape Cobras,C Kieswetter,JT Smuts,M Shezi,0,0,,,,,,,,,
736311,2014/15,2014-12-03,"Boland Park, Paarl",1,2.4,Warriors,Cape Cobras,C Kieswetter,JT Smuts,M Shezi,1,0,,,,,,,,,
736311,2014/15,2014-12-03,"Boland Park, Paarl",1,2.5,Warriors,Cape Cobras,JT Smuts,C Kieswetter,M Shezi,4,0,,,,,,,,,
736311,2014/15,2014-12-03,"Boland Park, Paarl",1,2.6,Warriors,Cape Cobras,JT Smuts,C Kieswetter,M Shezi,0,0,,,,,,,,,
736311,2014/15,2014-12-03,"Boland Park, Paarl",1,3.1,Warriors,Cape Cobras,C Kieswetter,JT Smuts,DW Steyn,0,0,,,,,,,,,
736311,2014/15,2014-12-03,"Boland Park, Paarl",1,3.2,Warriors,Cape Cobras,C Kieswetter,JT Smuts,DW Steyn,4,0,,,,,,,,,
736311,2014/15,2014-12-03,"Boland Park, Paarl",1,3.3,Warriors,Cape Cobras,C Kieswetter,JT Smuts,DW Steyn,1,0,,,,,,,,,
736311,2014/15,2014-12-03,"Boland Park, Paarl",1,3.4,Warriors,Cape Cobras,JT Smuts,C Kieswetter,DW Steyn,0,0,,,,,,,,,
736311,2014/15,2014-12-03,"Boland Park, Paarl",1,3.5,Warriors,Cape Cobras,JT Smuts,C Kieswetter,DW Steyn,0,0,,,,,,,,,
736311,2014/15,2014-12-03,"Boland Park, Paarl",1,3.6,Warriors,Cape Cobras,JT Smuts,C Kieswetter,DW Steyn,0,0,,,,,,bowled,JT Smuts,,
736311,2014/15,2014-12-03,"Boland Park, Paarl",1,4.1,Warriors,Cape Cobras,C Kieswetter,CA Ingram,D Paterson,1,0,,,,,,,,,
736311,2014/15,2014-12-03,"Boland Park, Paarl",1,4.2,Warriors,Cape Cobras,CA Ingram,C Kieswetter,D Paterson,1,0,,,,,,,,,
736311,2014/15,2014-12-03,"Boland Park, Paarl",1,4.3,Warriors,Cape Cobras,C Kieswetter,CA Ingram,D Paterson,0,0,,,,,,,,,
736311,2014/15,2014-12-03,"Boland Park, Paarl",1,4.4,Warriors,Cape Cobras,C Kieswetter,CA Ingram,D Paterson,0,0,,,,,,,,,
736311,2014/15,2014-12-03,"Boland Park, Paarl",1,4.5,Warriors,Cape Cobras,C Kieswetter,CA Ingram,D Paterson,0,0,,,,,,,,,
736311,2014/15,2014-12-03,"Boland Park, Paarl",1,4.6,Warriors,Cape Cobras,C Kieswetter,CA Ingram,D Paterson,0,0,,,,,,,,,
736311,2014/15,2014-12-03,"Boland Park, Paarl",1,5.1,Warriors,Cape Cobras,CA Ingram,C Kieswetter,KA Pollard,1,0,,,,,,,,,
736311,2014/15,2014-12-03,"Boland Park, Paarl",1,5.2,Warriors,Cape Cobras,C Kieswetter,CA Ingram,KA Pollard,1,0,,,,,,,,,
736311,2014/15,2014-12-03,"Boland Park, Paarl",1,5.3,Warriors,Cape Cobras,CA Ingram,C Kieswetter,KA Pollard,0,0,,,,,,caught,CA Ingram,,
736311,2014/15,2014-12-03,"Boland Park, Paarl",1,5.4,Warriors,Cape Cobras,MY Vallie,C Kieswetter,KA Pollard,2,0,,,,,,,,,
736311,2014/15,2014-12-03,"Boland Park, Paarl",1,5.5,Warriors,Cape Cobras,MY Vallie,C Kieswetter,KA Pollard,0,0,,,,,,,,,
736311,2014/15,2014-12-03,"Boland Park, Paarl",1,5.6,Warriors,Cape Cobras,MY Vallie,C Kieswetter,KA Pollard,0,0,,,,,,,,,
736311,2014/15,2014-12-03,"Boland Park, Paarl",1,6.1,Warriors,Cape Cobras,C Kieswetter,MY Vallie,GF Linde,0,0,,,,,,,,,
736311,2014/15,2014-12-03,"Boland Park, Paarl",1,6.2,Warriors,Cape Cobras,C Kieswetter,MY Vallie,GF Linde,4,0,,,,,,,,,
736311,2014/15,2014-12-03,"Boland Park, Paarl",1,6.3,Warriors,Cape Cobras,C Kieswetter,MY Vallie,GF Linde,0,0,,,,,,bowled,C Kieswetter,,
736311,2014/15,2014-12-03,"Boland Park, Paarl",1,6.4,Warriors,Cape Cobras,RT Bailey,MY Vallie,GF Linde,1,0,,,,,,,,,
736311,2014/15,2014-12-03,"Boland Park, Paarl",1,6.5,Warriors,Cape Cobras,MY Vallie,RT Bailey,GF Linde,0,0,,,,,,,,,
736311,2014/15,2014-12-03,"Boland Park, Paarl",1,6.6,Warriors,Cape Cobras,MY Vallie,RT Bailey,GF Linde,0,0,,,,,,,,,
736311,2014/15,2014-12-03,"Boland Park, Paarl",1,7.1,Warriors,Cape Cobras,RT Bailey,MY Vallie,RJ Peterson,0,0,,,,,,,,,
736311,2014/15,2014-12-03,"Boland Park, Paarl",1,7.2,Warriors,Cape Cobras,RT Bailey,MY Vallie,RJ Peterson,1,0,,,,,,,,,
736311,2014/15,2014-12-03,"Boland Park, Paarl",1,7.3,Warriors,Cape Cobras,MY Vallie,RT Bailey,RJ Peterson,0,0,,,,,,,,,
736311,2014/15,2014-12-03,"Boland Park, Paarl",1,7.4,Warriors,Cape Cobras,MY Vallie,RT Bailey,RJ Peterson,0,0,,,,,,,,,
736311,2014/15,2014-12-03,"Boland Park, Paarl",1,7.5,Warriors,Cape Cobras,MY Vallie,RT Bailey,RJ Peterson,0,0,,,,,,,,,
736311,2014/15,2014-12-03,"Boland Park, Paarl",1,7.6,Warriors,Cape Cobras,MY Vallie,RT Bailey,RJ Peterson,1,0,,,,,,,,,
736311,2014/15,2014-12-03,"Boland Park, Paarl",1,8.1,Warriors,Cape Cobras,MY Vallie,RT Bailey,GF Linde,0,0,,,,,,,,,
736311,2014/15,2014-12-03,"Boland Park, Paarl",1,8.2,Warriors,Cape Cobras,MY Vallie,RT Bailey,GF Linde,4,0,,,,,,,,,
736311,2014/15,2014-12-03,"Boland Park, Paarl",1,8.3,Warriors,Cape Cobras,MY Vallie,RT Bailey,GF Linde,1,0,,,,,,,,,
736311,2014/15,2014-12-03,"Boland Park, Paarl",1,8.4,Warriors,Cape Cobras,RT Bailey,MY Vallie,GF Linde,1,0,,,,,,,,,
736311,2014/15,2014-12-03,"Boland Park, Paarl",1,8.5,Warriors,Cape Cobras,MY Vallie,RT Bailey,GF Linde,3,0,,,,,,,,,
736311,2014/15,2014-12-03,"Boland Park, Paarl",1,8.6,Warriors,Cape Cobras,RT Bailey,MY Vallie,GF Linde,2,0,,,,,,,,,
736311,2014/15,2014-12-03,"Boland Park, Paarl",1,9.1,Warriors,Cape Cobras,MY Vallie,RT Bailey,RJ Peterson,0,0,,,,,,,,,
736311,2014/15,2014-12-03,"Boland Park, Paarl",1,9.2,Warriors,Cape Cobras,MY Vallie,RT Bailey,RJ Peterson,1,0,,,,,,,,,
736311,2014/15,2014-12-03,"Boland Park, Paarl",1,9.3,Warriors,Cape Cobras,RT Bailey,MY Vallie,RJ Peterson,1,0,,,,,,,,,
736311,2014/15,2014-12-03,"Boland Park, Paarl",1,9.4,Warriors,Cape Cobras,MY Vallie,RT Bailey,RJ Peterson,1,0,,,,,,,,,
736311,2014/15,2014-12-03,"Boland Park, Paarl",1,9.5,Warriors,Cape Cobras,RT Bailey,MY Vallie,RJ Peterson,0,0,,,,,,,,,
736311,2014/15,2014-12-03,"Boland Park, Paarl",1,9.6,Warriors,Cape Cobras,RT Bailey,MY Vallie,RJ Peterson,1,0,,,,,,,,,
736311,2014/15,2014-12-03,"Boland Park, Paarl",1,10.1,Warriors,Cape Cobras,RT Bailey,MY Vallie,GF Linde,0,0,,,,,,,,,
736311,2014/15,2014-12-03,"Boland Park, Paarl",1,10.2,Warriors,Cape Cobras,RT Bailey,MY Vallie,GF Linde,2,0,,,,,,,,,
736311,2014/15,2014-12-03,"Boland Park, Paarl",1,10.3,Warriors,Cape Cobras,RT Bailey,MY Vallie,GF Linde,3,0,,,,,,,,,
736311,2014/15,2014-12-03,"Boland Park, Paarl",1,10.4,Warriors,Cape Cobras,MY Vallie,RT Bailey,GF Linde,2,0,,,,,,,,,
736311,2014/15,2014-12-03,"Boland Park, Paarl",1,10.5,Warriors,Cape Cobras,MY Vallie,RT Bailey,GF Linde,2,0,,,,,,,,,
736311,2014/15,2014-12-03,"Boland Park, Paarl",1,10.6,Warriors,Cape Cobras,MY Vallie,RT Bailey,GF Linde,1,0,,,,,,,,,
736311,2014/15,2014-12-03,"Boland Park, Paarl",1,11.1,Warriors,Cape Cobras,MY Vallie,RT Bailey,RJ Peterson,1,0,,,,,,,,,
736311,2014/15,2014-12-03,"Boland Park, Paarl",1,11.2,Warriors,Cape Cobras,RT Bailey,MY Vallie,RJ Peterson,0,0,,,,,,,,,
736311,2014/15,2014-12-03,"Boland Park, Paarl",1,11.3,Warriors,Cape Cobras,RT Bailey,MY Vallie,RJ Peterson,2,0,,,,,,,,,
736311,2014/15,2014-12-03,"Boland Park, Paarl",1,11.4,Warriors,Cape Cobras,RT Bailey,MY Vallie,RJ Peterson,4,0,,,,,,,,,
736311,2014/15,2014-12-03,"Boland Park, Paarl",1,11.5,Warriors,Cape Cobras,RT Bailey,MY Vallie,RJ Peterson,1,0,,,,,,,,,
736311,2014/15,2014-12-03,"Boland Park, Paarl",1,11.6,Warriors,Cape Cobras,MY Vallie,RT Bailey,RJ Peterson,2,0,,,,,,,,,
736311,2014/15,2014-12-03,"Boland Park, Paarl",1,12.1,Warriors,Cape Cobras,RT Bailey,MY Vallie,D Paterson,0,0,,,,,,,,,
736311,2014/15,2014-12-03,"Boland Park, Paarl",1,12.2,Warriors,Cape Cobras,RT Bailey,MY Vallie,D Paterson,2,0,,,,,,,,,
736311,2014/15,2014-12-03,"Boland Park, Paarl",1,12.3,Warriors,Cape Cobras,RT Bailey,MY Vallie,D Paterson,1,0,,,,,,,,,
736311,2014/15,2014-12-03,"Boland Park, Paarl",1,12.4,Warriors,Cape Cobras,MY Vallie,RT Bailey,D Paterson,1,0,,,,,,,,,
736311,2014/15,2014-12-03,"Boland Park, Paarl",1,12.5,Warriors,Cape Cobras,RT Bailey,MY Vallie,D Paterson,4,0,,,,,,,,,
736311,2014/15,2014-12-03,"Boland Park, Paarl",1,12.6,Warriors,Cape Cobras,RT Bailey,MY Vallie,D Paterson,4,0,,,,,,,,,
736311,2014/15,2014-12-03,"Boland Park, Paarl",1,13.1,Warriors,Cape Cobras,MY Vallie,RT Bailey,DW Steyn,0,0,,,,,,,,,
736311,2014/15,2014-12-03,"Boland Park, Paarl",1,13.2,Warriors,Cape Cobras,MY Vallie,RT Bailey,DW Steyn,0,0,,,,,,,,,
736311,2014/15,2014-12-03,"Boland Park, Paarl",1,13.3,Warriors,Cape Cobras,MY Vallie,RT Bailey,DW Steyn,2,0,,,,,,,,,
736311,2014/15,2014-12-03,"Boland Park, Paarl",1,13.4,Warriors,Cape Cobras,MY Vallie,RT Bailey,DW Steyn,0,0,,,,,,,,,
736311,2014/15,2014-12-03,"Boland Park, Paarl",1,13.5,Warriors,Cape Cobras,MY Vallie,RT Bailey,DW Steyn,2,0,,,,,,,,,
736311,2014/15,2014-12-03,"Boland Park, Paarl",1,13.6,Warriors,Cape Cobras,MY Vallie,RT Bailey,DW Steyn,1,0,,,,,,,,,
736311,2014/15,2014-12-03,"Boland Park, Paarl",1,14.1,Warriors,Cape Cobras,MY Vallie,RT Bailey,KA Pollard,1,0,,,,,,,,,
736311,2014/15,2014-12-03,"Boland Park, Paarl",1,14.2,Warriors,Cape Cobras,RT Bailey,MY Vallie,KA Pollard,1,0,,,,,,,,,
736311,2014/15,2014-12-03,"Boland Park, Paarl",1,14.3,Warriors,Cape Cobras,MY Vallie,RT Bailey,KA Pollard,1,0,,,,,,,,,
736311,2014/15,2014-12-03,"Boland Park, Paarl",1,14.4,Warriors,Cape Cobras,RT Bailey,MY Vallie,KA Pollard,1,0,,,,,,,,,
736311,2014/15,2014-12-03,"Boland Park, Paarl",1,14.5,Warriors,Cape Cobras,MY Vallie,RT Bailey,KA Pollard,1,0,,,,,,,,,
736311,2014/15,2014-12-03,"Boland Park, Paarl",1,14.6,Warriors,Cape Cobras,RT Bailey,MY Vallie,KA Pollard,3,0,,,,,,,,,
736311,2014/15,2014-12-03,"Boland Park, Paarl",1,15.1,Warriors,Cape Cobras,RT Bailey,MY Vallie,DW Steyn,1,0,,,,,,,,,
736311,2014/15,2014-12-03,"Boland Park, Paarl",1,15.2,Warriors,Cape Cobras,MY Vallie,RT Bailey,DW Steyn,4,0,,,,,,,,,
736311,2014/15,2014-12-03,"Boland Park, Paarl",1,15.3,Warriors,Cape Cobras,MY Vallie,RT Bailey,DW Steyn,1,0,,,,,,,,,
736311,2014/15,2014-12-03,"Boland Park, Paarl",1,15.4,Warriors,Cape Cobras,RT Bailey,MY Vallie,DW Steyn,0,0,,,,,,,,,
736311,2014/15,2014-12-03,"Boland Park, Paarl",1,15.5,Warriors,Cape Cobras,RT Bailey,MY Vallie,DW Steyn,1,0,,,,,,,,,
736311,2014/15,2014-12-03,"Boland Park, Paarl",1,15.6,Warriors,Cape Cobras,MY Vallie,RT Bailey,DW Steyn,0,0,,,,,,,,,
736311,2014/15,2014-12-03,"Boland Park, Paarl",1,16.1,Warriors,Cape Cobras,RT Bailey,MY Vallie,GF Linde,6,0,,,,,,,,,
736311,2014/15,2014-12-03,"Boland Park, Paarl",1,16.2,Warriors,Cape Cobras,RT Bailey,MY Vallie,GF Linde,2,0,,,,,,,,,
736311,2014/15,2014-12-03,"Boland Park, Paarl",1,16.3,Warriors,Cape Cobras,RT Bailey,MY Vallie,GF Linde,2,0,,,,,,,,,
736311,2014/15,2014-12-03,"Boland Park, Paarl",1,16.4,Warriors,Cape Cobras,RT Bailey,MY Vallie,GF Linde,0,0,,,,,,,,,
736311,2014/15,2014-12-03,"Boland Park, Paarl",1,16.5,Warriors,Cape Cobras,RT Bailey,MY Vallie,GF Linde,4,0,,,,,,,,,
736311,2014/15,2014-12-03,"Boland Park, Paarl",1,16.6,Warriors,Cape Cobras,RT Bailey,MY Vallie,GF Linde,2,0,,,,,,,,,
736311,2014/15,2014-12-03,"Boland Park, Paarl",1,17.1,Warriors,Cape Cobras,MY Vallie,RT Bailey,D Paterson,2,0,,,,,,,,,
736311,2014/15,2014-12-03,"Boland Park, Paarl",1,17.2,Warriors,Cape Cobras,MY Vallie,RT Bailey,D Paterson,1,0,,,,,,,,,
736311,2014/15,2014-12-03,"Boland Park, Paarl",1,17.3,Warriors,Cape Cobras,RT Bailey,MY Vallie,D Paterson,2,0,,,,,,,,,
736311,2014/15,2014-12-03,"Boland Park, Paarl",1,17.4,Warriors,Cape Cobras,RT Bailey,MY Vallie,D Paterson,0,0,,,,,,,,,
736311,2014/15,2014-12-03,"Boland Park, Paarl",1,17.5,Warriors,Cape Cobras,RT Bailey,MY Vallie,D Paterson,0,0,,,,,,,,,
736311,2014/15,2014-12-03,"Boland Park, Paarl",1,17.6,Warriors,Cape Cobras,RT Bailey,MY Vallie,D Paterson,1,0,,,,,,,,,
736311,2014/15,2014-12-03,"Boland Park, Paarl",1,18.1,Warriors,Cape Cobras,RT Bailey,MY Vallie,M Shezi,1,0,,,,,,,,,
736311,2014/15,2014-12-03,"Boland Park, Paarl",1,18.2,Warriors,Cape Cobras,MY Vallie,RT Bailey,M Shezi,1,0,,,,,,,,,
736311,2014/15,2014-12-03,"Boland Park, Paarl",1,18.3,Warriors,Cape Cobras,RT Bailey,MY Vallie,M Shezi,0,0,,,,,,,,,
736311,2014/15,2014-12-03,"Boland Park, Paarl",1,18.4,Warriors,Cape Cobras,RT Bailey,MY Vallie,M Shezi,1,0,,,,,,,,,
736311,2014/15,2014-12-03,"Boland Park, Paarl",1,18.5,Warriors,Cape Cobras,MY Vallie,RT Bailey,M Shezi,0,0,,,,,,caught,MY Vallie,,
736311,2014/15,2014-12-03,"Boland Park, Paarl",1,18.6,Warriors,Cape Cobras,RT Bailey,C Jonker,M Shezi,4,0,,,,,,,,,
736311,2014/15,2014-12-03,"Boland Park, Paarl",1,19.1,Warriors,Cape Cobras,C Jonker,RT Bailey,D Paterson,0,0,,,,,,,,,
736311,2014/15,2014-12-03,"Boland Park, Paarl",1,19.2,Warriors,Cape Cobras,C Jonker,RT Bailey,D Paterson,1,0,,,,,,,,,
736311,2014/15,2014-12-03,"Boland Park, Paarl",1,19.3,Warriors,Cape Cobras,RT Bailey,C Jonker,D Paterson,0,0,,,,,,bowled,RT Bailey,,
736311,2014/15,2014-12-03,"Boland Park, Paarl",1,19.4,Warriors,Cape Cobras,SR Harmer,C Jonker,D Paterson,1,0,,,,,,,,,
736311,2014/15,2014-12-03,"Boland Park, Paarl",1,19.5,Warriors,Cape Cobras,C Jonker,SR Harmer,D Paterson,0,0,,,,,,,,,
736311,2014/15,2014-12-03,"Boland Park, Paarl",1,19.6,Warriors,Cape Cobras,C Jonker,SR Harmer,D Paterson,1,0,,,,,,,,,
736311,2014/15,2014-12-03,"Boland Park, Paarl",2,0.1,Cape Cobras,Warriors,RE Levi,HM Amla,J Theron,0,0,,,,,,,,,
736311,2014/15,2014-12-03,"Boland Park, Paarl",2,0.2,Cape Cobras,Warriors,RE Levi,HM Amla,J Theron,0,0,,,,,,,,,
736311,2014/15,2014-12-03,"Boland Park, Paarl",2,0.3,Cape Cobras,Warriors,RE Levi,HM Amla,J Theron,0,0,,,,,,,,,
736311,2014/15,2014-12-03,"Boland Park, Paarl",2,0.4,Cape Cobras,Warriors,RE Levi,HM Amla,J Theron,1,0,,,,,,,,,
736311,2014/15,2014-12-03,"Boland Park, Paarl",2,0.5,Cape Cobras,Warriors,HM Amla,RE Levi,J Theron,1,0,,,,,,,,,
736311,2014/15,2014-12-03,"Boland Park, Paarl",2,0.6,Cape Cobras,Warriors,RE Levi,HM Amla,J Theron,1,0,,,,,,,,,
736311,2014/15,2014-12-03,"Boland Park, Paarl",2,1.1,Cape Cobras,Warriors,RE Levi,HM Amla,BD Walters,4,0,,,,,,,,,
736311,2014/15,2014-12-03,"Boland Park, Paarl",2,1.2,Cape Cobras,Warriors,RE Levi,HM Amla,BD Walters,0,1,1,,,,,,,,
736311,2014/15,2014-12-03,"Boland Park, Paarl",2,1.3,Cape Cobras,Warriors,RE Levi,HM Amla,BD Walters,0,0,,,,,,,,,
736311,2014/15,2014-12-03,"Boland Park, Paarl",2,1.4,Cape Cobras,Warriors,RE Levi,HM Amla,BD Walters,1,0,,,,,,,,,
736311,2014/15,2014-12-03,"Boland Park, Paarl",2,1.5,Cape Cobras,Warriors,HM Amla,RE Levi,BD Walters,0,0,,,,,,,,,
736311,2014/15,2014-12-03,"Boland Park, Paarl",2,1.6,Cape Cobras,Warriors,HM Amla,RE Levi,BD Walters,1,0,,,,,,,,,
736311,2014/15,2014-12-03,"Boland Park, Paarl",2,1.7,Cape Cobras,Warriors,RE Levi,HM Amla,BD Walters,0,0,,,,,,,,,
736311,2014/15,2014-12-03,"Boland Park, Paarl",2,2.1,Cape Cobras,Warriors,HM Amla,RE Levi,J Theron,4,0,,,,,,,,,
736311,2014/15,2014-12-03,"Boland Park, Paarl",2,2.2,Cape Cobras,Warriors,HM Amla,RE Levi,J Theron,0,1,1,,,,,,,,
736311,2014/15,2014-12-03,"Boland Park, Paarl",2,2.3,Cape Cobras,Warriors,HM Amla,RE Levi,J Theron,4,0,,,,,,,,,
736311,2014/15,2014-12-03,"Boland Park, Paarl",2,2.4,Cape Cobras,Warriors,HM Amla,RE Levi,J Theron,0,0,,,,,,,,,
736311,2014/15,2014-12-03,"Boland Park, Paarl",2,2.5,Cape Cobras,Warriors,HM Amla,RE Levi,J Theron,1,0,,,,,,,,,
736311,2014/15,2014-12-03,"Boland Park, Paarl",2,2.6,Cape Cobras,Warriors,RE Levi,HM Amla,J Theron,4,0,,,,,,,,,
736311,2014/15,2014-12-03,"Boland Park, Paarl",2,2.7,Cape Cobras,Warriors,RE Levi,HM Amla,J Theron,0,0,,,,,,,,,
736311,2014/15,2014-12-03,"Boland Park, Paarl",2,3.1,Cape Cobras,Warriors,HM Amla,RE Levi,BD Walters,0,1,1,,,,,,,,
736311,2014/15,2014-12-03,"Boland Park, Paarl",2,3.2,Cape Cobras,Warriors,HM Amla,RE Levi,BD Walters,0,0,,,,,,,,,
736311,2014/15,2014-12-03,"Boland Park, Paarl",2,3.3,Cape Cobras,Warriors,HM Amla,RE Levi,BD Walters,0,0,,,,,,,,,
736311,2014/15,2014-12-03,"Boland Park, Paarl",2,3.4,Cape Cobras,Warriors,HM Amla,RE Levi,BD Walters,0,4,,,,4,,,,,
736311,2014/15,2014-12-03,"Boland Park, Paarl",2,3.5,Cape Cobras,Warriors,HM Amla,RE Levi,BD Walters,0,1,1,,,,,,,,
736311,2014/15,2014-12-03,"Boland Park, Paarl",2,3.6,Cape Cobras,Warriors,HM Amla,RE Levi,BD Walters,0,0,,,,,,,,,
736311,2014/15,2014-12-03,"Boland Park, Paarl",2,3.7,Cape Cobras,Warriors,HM Amla,RE Levi,BD Walters,0,0,,,,,,,,,
736311,2014/15,2014-12-03,"Boland Park, Paarl",2,3.8,Cape Cobras,Warriors,HM Amla,RE Levi,BD Walters,2,0,,,,,,,,,
736311,2014/15,2014-12-03,"Boland Park, Paarl",2,4.1,Cape Cobras,Warriors,RE Levi,HM Amla,SSB Magala,0,0,,,,,,,,,
736311,2014/15,2014-12-03,"Boland Park, Paarl",2,4.2,Cape Cobras,Warriors,RE Levi,HM Amla,SSB Magala,1,0,,,,,,,,,
736311,2014/15,2014-12-03,"Boland Park, Paarl",2,4.3,Cape Cobras,Warriors,HM Amla,RE Levi,SSB Magala,0,1,,,,1,,,,,
736311,2014/15,2014-12-03,"Boland Park, Paarl",2,4.4,Cape Cobras,Warriors,RE Levi,HM Amla,SSB Magala,4,0,,,,,,,,,
736311,2014/15,2014-12-03,"Boland Park, Paarl",2,4.5,Cape Cobras,Warriors,RE Levi,HM Amla,SSB Magala,1,0,,,,,,,,,
736311,2014/15,2014-12-03,"Boland Park, Paarl",2,4.6,Cape Cobras,Warriors,HM Amla,RE Levi,SSB Magala,1,0,,,,,,,,,
736311,2014/15,2014-12-03,"Boland Park, Paarl",2,5.1,Cape Cobras,Warriors,HM Amla,RE Levi,JT Smuts,1,0,,,,,,,,,
736311,2014/15,2014-12-03,"Boland Park, Paarl",2,5.2,Cape Cobras,Warriors,RE Levi,HM Amla,JT Smuts,1,0,,,,,,,,,
736311,2014/15,2014-12-03,"Boland Park, Paarl",2,5.3,Cape Cobras,Warriors,HM Amla,RE Levi,JT Smuts,1,0,,,,,,,,,
736311,2014/15,2014-12-03,"Boland Park, Paarl",2,5.4,Cape Cobras,Warriors,RE Levi,HM Amla,JT Smuts,1,0,,,,,,,,,
736311,2014/15,2014-12-03,"Boland Park, Paarl",2,5.5,Cape Cobras,Warriors,HM Amla,RE Levi,JT Smuts,1,0,,,,,,,,,
736311,2014/15,2014-12-03,"Boland Park, Paarl",2,5.6,Cape Cobras,Warriors,RE Levi,HM Amla,JT Smuts,1,0,,,,,,,,,
736311,2014/15,2014-12-03,"Boland Park, Paarl",2,6.1,Cape Cobras,Warriors,RE Levi,HM Amla,SSB Magala,2,0,,,,,,,,,
736311,2014/15,2014-12-03,"Boland Park, Paarl",2,6.2,Cape Cobras,Warriors,RE Levi,HM Amla,SSB Magala,0,0,,,,,,,,,
736311,2014/15,2014-12-03,"Boland Park, Paarl",2,6.3,Cape Cobras,Warriors,RE Levi,HM Amla,SSB Magala,0,0,,,,,,caught,RE Levi,,
736311,2014/15,2014-12-03,"Boland Park, Paarl",2,6.4,Cape Cobras,Warriors,DJ Vilas,HM Amla,SSB Magala,1,0,,,,,,,,,
736311,2014/15,2014-12-03,"Boland Park, Paarl",2,6.5,Cape Cobras,Warriors,HM Amla,DJ Vilas,SSB Magala,1,0,,,,,,,,,
736311,2014/15,2014-12-03,"Boland Park, Paarl",2,6.6,Cape Cobras,Warriors,DJ Vilas,HM Amla,SSB Magala,4,0,,,,,,,,,
736311,2014/15,2014-12-03,"Boland Park, Paarl",2,7.1,Cape Cobras,Warriors,HM Amla,DJ Vilas,JT Smuts,2,0,,,,,,,,,
736311,2014/15,2014-12-03,"Boland Park, Paarl",2,7.2,Cape Cobras,Warriors,HM Amla,DJ Vilas,JT Smuts,1,0,,,,,,,,,
736311,2014/15,2014-12-03,"Boland Park, Paarl",2,7.3,Cape Cobras,Warriors,DJ Vilas,HM Amla,JT Smuts,2,0,,,,,,,,,
736311,2014/15,2014-12-03,"Boland Park, Paarl",2,7.4,Cape Cobras,Warriors,DJ Vilas,HM Amla,JT Smuts,0,1,,,,1,,,,,
736311,2014/15,2014-12-03,"Boland Park, Paarl",2,7.5,Cape Cobras,Warriors,HM Amla,DJ Vilas,JT Smuts,1,0,,,,,,,,,
736311,2014/15,2014-12-03,"Boland Park, Paarl",2,7.6,Cape Cobras,Warriors,DJ Vilas,HM Amla,JT Smuts,1,0,,,,,,,,,
736311,2014/15,2014-12-03,"Boland Park, Paarl",2,8.1,Cape Cobras,Warriors,DJ Vilas,HM Amla,SR Harmer,1,0,,,,,,,,,
736311,2014/15,2014-12-03,"Boland Park, Paarl",2,8.2,Cape Cobras,Warriors,HM Amla,DJ Vilas,SR Harmer,1,0,,,,,,,,,
736311,2014/15,2014-12-03,"Boland Park, Paarl",2,8.3,Cape Cobras,Warriors,DJ Vilas,HM Amla,SR Harmer,1,0,,,,,,,,,
736311,2014/15,2014-12-03,"Boland Park, Paarl",2,8.4,Cape Cobras,Warriors,HM Amla,DJ Vilas,SR Harmer,1,0,,,,,,,,,
736311,2014/15,2014-12-03,"Boland Park, Paarl",2,8.5,Cape Cobras,Warriors,DJ Vilas,HM Amla,SR Harmer,0,0,,,,,,,,,
736311,2014/15,2014-12-03,"Boland Park, Paarl",2,8.6,Cape Cobras,Warriors,DJ Vilas,HM Amla,SR Harmer,1,0,,,,,,,,,
736311,2014/15,2014-12-03,"Boland Park, Paarl",2,9.1,Cape Cobras,Warriors,DJ Vilas,HM Amla,JT Smuts,0,0,,,,,,,,,
736311,2014/15,2014-12-03,"Boland Park, Paarl",2,9.2,Cape Cobras,Warriors,DJ Vilas,HM Amla,JT Smuts,1,0,,,,,,,,,
736311,2014/15,2014-12-03,"Boland Park, Paarl",2,9.3,Cape Cobras,Warriors,HM Amla,DJ Vilas,JT Smuts,1,0,,,,,,,,,
736311,2014/15,2014-12-03,"Boland Park, Paarl",2,9.4,Cape Cobras,Warriors,DJ Vilas,HM Amla,JT Smuts,1,0,,,,,,,,,
736311,2014/15,2014-12-03,"Boland Park, Paarl",2,9.5,Cape Cobras,Warriors,HM Amla,DJ Vilas,JT Smuts,1,0,,,,,,,,,
736311,2014/15,2014-12-03,"Boland Park, Paarl",2,9.6,Cape Cobras,Warriors,DJ Vilas,HM Amla,JT Smuts,0,0,,,,,,,,,
736311,2014/15,2014-12-03,"Boland Park, Paarl",2,10.1,Cape Cobras,Warriors,HM Amla,DJ Vilas,SR Harmer,1,0,,,,,,,,,
736311,2014/15,2014-12-03,"Boland Park, Paarl",2,10.2,Cape Cobras,Warriors,DJ Vilas,HM Amla,SR Harmer,0,1,1,,,,,,,,
736311,2014/15,2014-12-03,"Boland Park, Paarl",2,10.3,Cape Cobras,Warriors,DJ Vilas,HM Amla,SR Harmer,1,0,,,,,,,,,
736311,2014/15,2014-12-03,"Boland Park, Paarl",2,10.4,Cape Cobras,Warriors,HM Amla,DJ Vilas,SR Harmer,0,0,,,,,,,,,
736311,2014/15,2014-12-03,"Boland Park, Paarl",2,10.5,Cape Cobras,Warriors,HM Amla,DJ Vilas,SR Harmer,1,0,,,,,,,,,
736311,2014/15,2014-12-03,"Boland Park, Paarl",2,10.6,Cape Cobras,Warriors,DJ Vilas,HM Amla,SR Harmer,0,0,,,,,,,,,
736311,2014/15,2014-12-03,"Boland Park, Paarl",2,10.7,Cape Cobras,Warriors,DJ Vilas,HM Amla,SR Harmer,1,0,,,,,,,,,
736311,2014/15,2014-12-03,"Boland Park, Paarl",2,11.1,Cape Cobras,Warriors,DJ Vilas,HM Amla,JT Smuts,3,0,,,,,,,,,
736311,2014/15,2014-12-03,"Boland Park, Paarl",2,11.2,Cape Cobras,Warriors,HM Amla,DJ Vilas,JT Smuts,1,0,,,,,,,,,
736311,2014/15,2014-12-03,"Boland Park, Paarl",2,11.3,Cape Cobras,Warriors,DJ Vilas,HM Amla,JT Smuts,1,0,,,,,,,,,
736311,2014/15,2014-12-03,"Boland Park, Paarl",2,11.4,Cape Cobras,Warriors,HM Amla,DJ Vilas,JT Smuts,1,0,,,,,,,,,
736311,2014/15,2014-12-03,"Boland Park, Paarl",2,11.5,Cape Cobras,Warriors,DJ Vilas,HM Amla,JT Smuts,2,0,,,,,,,,,
736311,2014/15,2014-12-03,"Boland Park, Paarl",2,11.6,Cape Cobras,Warriors,DJ Vilas,HM Amla,JT Smuts,0,0,,,,,,,,,
736311,2014/15,2014-12-03,"Boland Park, Paarl",2,12.1,Cape Cobras,Warriors,HM Amla,DJ Vilas,SR Harmer,0,1,1,,,,,,,,
736311,2014/15,2014-12-03,"Boland Park, Paarl",2,12.2,Cape Cobras,Warriors,HM Amla,DJ Vilas,SR Harmer,0,0,,,,,,,,,
736311,2014/15,2014-12-03,"Boland Park, Paarl",2,12.3,Cape Cobras,Warriors,HM Amla,DJ Vilas,SR Harmer,1,0,,,,,,,,,
736311,2014/15,2014-12-03,"Boland Park, Paarl",2,12.4,Cape Cobras,Warriors,DJ Vilas,HM Amla,SR Harmer,1,0,,,,,,,,,
736311,2014/15,2014-12-03,"Boland Park, Paarl",2,12.5,Cape Cobras,Warriors,HM Amla,DJ Vilas,SR Harmer,0,0,,,,,,,,,
736311,2014/15,2014-12-03,"Boland Park, Paarl",2,12.6,Cape Cobras,Warriors,HM Amla,DJ Vilas,SR Harmer,0,0,,,,,,,,,
736311,2014/15,2014-12-03,"Boland Park, Paarl",2,12.7,Cape Cobras,Warriors,HM Amla,DJ Vilas,SR Harmer,1,0,,,,,,,,,
736311,2014/15,2014-12-03,"Boland Park, Paarl",2,13.1,Cape Cobras,Warriors,HM Amla,DJ Vilas,SSB Magala,1,0,,,,,,,,,
736311,2014/15,2014-12-03,"Boland Park, Paarl",2,13.2,Cape Cobras,Warriors,DJ Vilas,HM Amla,SSB Magala,2,0,,,,,,,,,
736311,2014/15,2014-12-03,"Boland Park, Paarl",2,13.3,Cape Cobras,Warriors,DJ Vilas,HM Amla,SSB Magala,0,0,,,,,,,,,
736311,2014/15,2014-12-03,"Boland Park, Paarl",2,13.4,Cape Cobras,Warriors,DJ Vilas,HM Amla,SSB Magala,0,0,,,,,,,,,
736311,2014/15,2014-12-03,"Boland Park, Paarl",2,13.5,Cape Cobras,Warriors,DJ Vilas,HM Amla,SSB Magala,4,0,,,,,,,,,
736311,2014/15,2014-12-03,"Boland Park, Paarl",2,13.6,Cape Cobras,Warriors,DJ Vilas,HM Amla,SSB Magala,1,0,,,,,,,,,
736311,2014/15,2014-12-03,"Boland Park, Paarl",2,14.1,Cape Cobras,Warriors,DJ Vilas,HM Amla,J Theron,0,0,,,,,,,,,
736311,2014/15,2014-12-03,"Boland Park, Paarl",2,14.2,Cape Cobras,Warriors,DJ Vilas,HM Amla,J Theron,2,0,,,,,,,,,
736311,2014/15,2014-12-03,"Boland Park, Paarl",2,14.3,Cape Cobras,Warriors,DJ Vilas,HM Amla,J Theron,1,0,,,,,,,,,
736311,2014/15,2014-12-03,"Boland Park, Paarl",2,14.4,Cape Cobras,Warriors,HM Amla,DJ Vilas,J Theron,0,0,,,,,,,,,
736311,2014/15,2014-12-03,"Boland Park, Paarl",2,14.5,Cape Cobras,Warriors,HM Amla,DJ Vilas,J Theron,0,0,,,,,,,,,
736311,2014/15,2014-12-03,"Boland Park, Paarl",2,14.6,Cape Cobras,Warriors,HM Amla,DJ Vilas,J Theron,1,0,,,,,,,,,
736311,2014/15,2014-12-03,"Boland Park, Paarl",2,15.1,Cape Cobras,Warriors,HM Amla,DJ Vilas,MY Vallie,4,0,,,,,,,,,
736311,2014/15,2014-12-03,"Boland Park, Paarl",2,15.2,Cape Cobras,Warriors,HM Amla,DJ Vilas,MY Vallie,1,0,,,,,,,,,
736311,2014/15,2014-12-03,"Boland Park, Paarl",2,15.3,Cape Cobras,Warriors,DJ Vilas,HM Amla,MY Vallie,1,0,,,,,,,,,
736311,2014/15,2014-12-03,"Boland Park, Paarl",2,15.4,Cape Cobras,Warriors,HM Amla,DJ Vilas,MY Vallie,2,0,,,,,,,,,
736311,2014/15,2014-12-03,"Boland Park, Paarl",2,15.5,Cape Cobras,Warriors,HM Amla,DJ Vilas,MY Vallie,1,0,,,,,,,,,
736311,2014/15,2014-12-03,"Boland Park, Paarl",2,15.6,Cape Cobras,Warriors,DJ Vilas,HM Amla,MY Vallie,4,0,,,,,,,,,
736311,2014/15,2014-12-03,"Boland Park, Paarl",2,16.1,Cape Cobras,Warriors,HM Amla,DJ Vilas,A Gqamane,4,0,,,,,,,,,
736311,2014/15,2014-12-03,"Boland Park, Paarl",2,16.2,Cape Cobras,Warriors,HM Amla,DJ Vilas,A Gqamane,1,1,,1,,,,,,,
736311,2014/15,2014-12-03,"Boland Park, Paarl",2,16.3,Cape Cobras,Warriors,DJ Vilas,HM Amla,A Gqamane,0,0,,,,,,,,,
736311,2014/15,2014-12-03,"Boland Park, Paarl",2,16.4,Cape Cobras,Warriors,DJ Vilas,HM Amla,A Gqamane,1,0,,,,,,,,,
736311,2014/15,2014-12-03,"Boland Park, Paarl",2,16.5,Cape Cobras,Warriors,HM Amla,DJ Vilas,A Gqamane,0,0,,,,,,,,,
736311,2014/15,2014-12-03,"Boland Park, Paarl",2,16.6,Cape Cobras,Warriors,HM Amla,DJ Vilas,A Gqamane,2,0,,,,,,,,,
736311,2014/15,2014-12-03,"Boland Park, Paarl",2,16.7,Cape Cobras,Warriors,HM Amla,DJ Vilas,A Gqamane,0,1,1,,,,,,,,
736311,2014/15,2014-12-03,"Boland Park, Paarl",2,16.8,Cape Cobras,Warriors,HM Amla,DJ Vilas,A Gqamane,2,0,,,,,,,,,
736311,2014/15,2014-12-03,"Boland Park, Paarl",2,17.1,Cape Cobras,Warriors,DJ Vilas,HM Amla,BD Walters,4,0,,,,,,,,,
736311,2014/15,2014-12-03,"Boland Park, Paarl",2,17.2,Cape Cobras,Warriors,DJ Vilas,HM Amla,BD Walters,0,0,,,,,,,,,
736311,2014/15,2014-12-03,"Boland Park, Paarl",2,17.3,Cape Cobras,Warriors,DJ Vilas,HM Amla,BD Walters,1,0,,,,,,,,,
736311,2014/15,2014-12-03,"Boland Park, Paarl",2,17.4,Cape Cobras,Warriors,HM Amla,DJ Vilas,BD Walters,1,0,,,,,,,,,
736311,2014/15,2014-12-03,"Boland Park, Paarl",2,17.5,Cape Cobras,Warriors,DJ Vilas,HM Amla,BD Walters,0,0,,,,,,,,,
736311,2014/15,2014-12-03,"Boland Park, Paarl",2,17.6,Cape Cobras,Warriors,DJ Vilas,HM Amla,BD Walters,0,0,,,,,,,,,
736311,2014/15,2014-12-03,"Boland Park, Paarl",2,18.1,Cape Cobras,Warriors,HM Amla,DJ Vilas,A Gqamane,4,0,,,,,,,,,
