match_id,season,start_date,venue,innings,ball,batting_team,bowling_team,striker,non_striker,bowler,runs_off_bat,extras,wides,noballs,byes,legbyes,penalty,wicket_type,player_dismissed,other_wicket_type,other_player_dismissed
736305,2014/15,2014-11-30,"Chevrolet Park, Bloemfontein",1,0.1,Lions,Dolphins,CH Gayle,Q de Kock,R McLaren,1,0,,,,,,,,,
736305,2014/15,2014-11-30,"Chevrolet Park, Bloemfontein",1,0.2,Lions,Dolphins,Q de Kock,CH Gayle,R McLaren,0,0,,,,,,,,,
736305,2014/15,2014-11-30,"Chevrolet Park, Bloemfontein",1,0.3,Lions,Dolphins,Q de Kock,CH Gayle,R McLaren,0,0,,,,,,,,,
736305,2014/15,2014-11-30,"Chevrolet Park, Bloemfontein",1,0.4,Lions,Dolphins,Q de Kock,CH Gayle,R McLaren,0,0,,,,,,,,,
736305,2014/15,2014-11-30,"Chevrolet Park, Bloemfontein",1,0.5,Lions,Dolphins,Q de Kock,CH Gayle,R McLaren,4,0,,,,,,,,,
736305,2014/15,2014-11-30,"Chevrolet Park, Bloemfontein",1,0.6,Lions,Dolphins,Q de Kock,CH Gayle,R McLaren,0,0,,,,,,,,,
736305,2014/15,2014-11-30,"Chevrolet Park, Bloemfontein",1,1.1,Lions,Dolphins,CH Gayle,Q de Kock,CJ Alexander,4,0,,,,,,,,,
736305,2014/15,2014-11-30,"Chevrolet Park, Bloemfontein",1,1.2,Lions,Dolphins,CH Gayle,Q de Kock,CJ Alexander,0,0,,,,,,,,,
736305,2014/15,2014-11-30,"Chevrolet Park, Bloemfontein",1,1.3,Lions,Dolphins,CH Gayle,Q de Kock,CJ Alexander,0,0,,,,,,,,,
736305,2014/15,2014-11-30,"Chevrolet Park, Bloemfontein",1,1.4,Lions,Dolphins,CH Gayle,Q de Kock,CJ Alexander,0,0,,,,,,,,,
736305,2014/15,2014-11-30,"Chevrolet Park, Bloemfontein",1,1.5,Lions,Dolphins,CH Gayle,Q de Kock,CJ Alexander,0,0,,,,,,,,,
736305,2014/15,2014-11-30,"Chevrolet Park, Bloemfontein",1,1.6,Lions,Dolphins,CH Gayle,Q de Kock,CJ Alexander,1,0,,,,,,,,,
736305,2014/15,2014-11-30,"Chevrolet Park, Bloemfontein",1,2.1,Lions,Dolphins,CH Gayle,Q de Kock,R Frylinck,0,0,,,,,,,,,
736305,2014/15,2014-11-30,"Chevrolet Park, Bloemfontein",1,2.2,Lions,Dolphins,CH Gayle,Q de Kock,R Frylinck,0,0,,,,,,bowled,CH Gayle,,
736305,2014/15,2014-11-30,"Chevrolet Park, Bloemfontein",1,2.3,Lions,Dolphins,HE van der Dussen,Q de Kock,R Frylinck,0,0,,,,,,,,,
736305,2014/15,2014-11-30,"Chevrolet Park, Bloemfontein",1,2.4,Lions,Dolphins,HE van der Dussen,Q de Kock,R Frylinck,0,0,,,,,,,,,
736305,2014/15,2014-11-30,"Chevrolet Park, Bloemfontein",1,2.5,Lions,Dolphins,HE van der Dussen,Q de Kock,R Frylinck,0,0,,,,,,,,,
736305,2014/15,2014-11-30,"Chevrolet Park, Bloemfontein",1,2.6,Lions,Dolphins,HE van der Dussen,Q de Kock,R Frylinck,0,0,,,,,,,,,
736305,2014/15,2014-11-30,"Chevrolet Park, Bloemfontein",1,3.1,Lions,Dolphins,Q de Kock,HE van der Dussen,CJ Alexander,0,0,,,,,,,,,
736305,2014/15,2014-11-30,"Chevrolet Park, Bloemfontein",1,3.2,Lions,Dolphins,Q de Kock,HE van der Dussen,CJ Alexander,0,0,,,,,,,,,
736305,2014/15,2014-11-30,"Chevrolet Park, Bloemfontein",1,3.3,Lions,Dolphins,Q de Kock,HE van der Dussen,CJ Alexander,0,0,,,,,,,,,
736305,2014/15,2014-11-30,"Chevrolet Park, Bloemfontein",1,3.4,Lions,Dolphins,Q de Kock,HE van der Dussen,CJ Alexander,0,4,,,,4,,,,,
736305,2014/15,2014-11-30,"Chevrolet Park, Bloemfontein",1,3.5,Lions,Dolphins,Q de Kock,HE van der Dussen,CJ Alexander,4,0,,,,,,,,,
736305,2014/15,2014-11-30,"Chevrolet Park, Bloemfontein",1,3.6,Lions,Dolphins,Q de Kock,HE van der Dussen,CJ Alexander,1,0,,,,,,,,,
736305,2014/15,2014-11-30,"Chevrolet Park, Bloemfontein",1,4.1,Lions,Dolphins,Q de Kock,HE van der Dussen,R Frylinck,0,0,,,,,,,,,
736305,2014/15,2014-11-30,"Chevrolet Park, Bloemfontein",1,4.2,Lions,Dolphins,Q de Kock,HE van der Dussen,R Frylinck,0,0,,,,,,caught,Q de Kock,,
736305,2014/15,2014-11-30,"Chevrolet Park, Bloemfontein",1,4.3,Lions,Dolphins,HE van der Dussen,ND McKenzie,R Frylinck,0,0,,,,,,,,,
736305,2014/15,2014-11-30,"Chevrolet Park, Bloemfontein",1,4.4,Lions,Dolphins,HE van der Dussen,ND McKenzie,R Frylinck,0,0,,,,,,,,,
736305,2014/15,2014-11-30,"Chevrolet Park, Bloemfontein",1,4.5,Lions,Dolphins,HE van der Dussen,ND McKenzie,R Frylinck,2,0,,,,,,,,,
736305,2014/15,2014-11-30,"Chevrolet Park, Bloemfontein",1,4.6,Lions,Dolphins,HE van der Dussen,ND McKenzie,R Frylinck,0,0,,,,,,,,,
736305,2014/15,2014-11-30,"Chevrolet Park, Bloemfontein",1,5.1,Lions,Dolphins,ND McKenzie,HE van der Dussen,R McLaren,0,0,,,,,,caught,ND McKenzie,,
736305,2014/15,2014-11-30,"Chevrolet Park, Bloemfontein",1,5.2,Lions,Dolphins,T Bavuma,HE van der Dussen,R McLaren,0,0,,,,,,,,,
736305,2014/15,2014-11-30,"Chevrolet Park, Bloemfontein",1,5.3,Lions,Dolphins,T Bavuma,HE van der Dussen,R McLaren,0,1,1,,,,,,,,
736305,2014/15,2014-11-30,"Chevrolet Park, Bloemfontein",1,5.4,Lions,Dolphins,T Bavuma,HE van der Dussen,R McLaren,0,0,,,,,,,,,
736305,2014/15,2014-11-30,"Chevrolet Park, Bloemfontein",1,5.5,Lions,Dolphins,T Bavuma,HE van der Dussen,R McLaren,2,0,,,,,,,,,
736305,2014/15,2014-11-30,"Chevrolet Park, Bloemfontein",1,5.6,Lions,Dolphins,T Bavuma,HE van der Dussen,R McLaren,0,0,,,,,,,,,
736305,2014/15,2014-11-30,"Chevrolet Park, Bloemfontein",1,5.7,Lions,Dolphins,T Bavuma,HE van der Dussen,R McLaren,0,0,,,,,,,,,
736305,2014/15,2014-11-30,"Chevrolet Park, Bloemfontein",1,6.1,Lions,Dolphins,HE van der Dussen,T Bavuma,DJ Bravo,1,0,,,,,,,,,
736305,2014/15,2014-11-30,"Chevrolet Park, Bloemfontein",1,6.2,Lions,Dolphins,T Bavuma,HE van der Dussen,DJ Bravo,2,0,,,,,,,,,
736305,2014/15,2014-11-30,"Chevrolet Park, Bloemfontein",1,6.3,Lions,Dolphins,T Bavuma,HE van der Dussen,DJ Bravo,1,0,,,,,,,,,
736305,2014/15,2014-11-30,"Chevrolet Park, Bloemfontein",1,6.4,Lions,Dolphins,HE van der Dussen,T Bavuma,DJ Bravo,2,0,,,,,,,,,
736305,2014/15,2014-11-30,"Chevrolet Park, Bloemfontein",1,6.5,Lions,Dolphins,HE van der Dussen,T Bavuma,DJ Bravo,1,0,,,,,,,,,
736305,2014/15,2014-11-30,"Chevrolet Park, Bloemfontein",1,6.6,Lions,Dolphins,T Bavuma,HE van der Dussen,DJ Bravo,0,0,,,,,,,,,
736305,2014/15,2014-11-30,"Chevrolet Park, Bloemfontein",1,7.1,Lions,Dolphins,HE van der Dussen,T Bavuma,R McLaren,1,0,,,,,,,,,
736305,2014/15,2014-11-30,"Chevrolet Park, Bloemfontein",1,7.2,Lions,Dolphins,T Bavuma,HE van der Dussen,R McLaren,1,0,,,,,,,,,
736305,2014/15,2014-11-30,"Chevrolet Park, Bloemfontein",1,7.3,Lions,Dolphins,HE van der Dussen,T Bavuma,R McLaren,1,0,,,,,,,,,
736305,2014/15,2014-11-30,"Chevrolet Park, Bloemfontein",1,7.4,Lions,Dolphins,T Bavuma,HE van der Dussen,R McLaren,4,0,,,,,,,,,
736305,2014/15,2014-11-30,"Chevrolet Park, Bloemfontein",1,7.5,Lions,Dolphins,T Bavuma,HE van der Dussen,R McLaren,0,0,,,,,,,,,
736305,2014/15,2014-11-30,"Chevrolet Park, Bloemfontein",1,7.6,Lions,Dolphins,T Bavuma,HE van der Dussen,R McLaren,0,0,,,,,,,,,
736305,2014/15,2014-11-30,"Chevrolet Park, Bloemfontein",1,8.1,Lions,Dolphins,HE van der Dussen,T Bavuma,DJ Bravo,0,0,,,,,,,,,
736305,2014/15,2014-11-30,"Chevrolet Park, Bloemfontein",1,8.2,Lions,Dolphins,HE van der Dussen,T Bavuma,DJ Bravo,1,0,,,,,,,,,
736305,2014/15,2014-11-30,"Chevrolet Park, Bloemfontein",1,8.3,Lions,Dolphins,T Bavuma,HE van der Dussen,DJ Bravo,2,0,,,,,,,,,
736305,2014/15,2014-11-30,"Chevrolet Park, Bloemfontein",1,8.4,Lions,Dolphins,T Bavuma,HE van der Dussen,DJ Bravo,0,0,,,,,,,,,
736305,2014/15,2014-11-30,"Chevrolet Park, Bloemfontein",1,8.5,Lions,Dolphins,T Bavuma,HE van der Dussen,DJ Bravo,2,0,,,,,,,,,
736305,2014/15,2014-11-30,"Chevrolet Park, Bloemfontein",1,8.6,Lions,Dolphins,T Bavuma,HE van der Dussen,DJ Bravo,1,0,,,,,,,,,
736305,2014/15,2014-11-30,"Chevrolet Park, Bloemfontein",1,9.1,Lions,Dolphins,T Bavuma,HE van der Dussen,P Subrayen,1,0,,,,,,,,,
736305,2014/15,2014-11-30,"Chevrolet Park, Bloemfontein",1,9.2,Lions,Dolphins,HE van der Dussen,T Bavuma,P Subrayen,0,0,,,,,,,,,
736305,2014/15,2014-11-30,"Chevrolet Park, Bloemfontein",1,9.3,Lions,Dolphins,HE van der Dussen,T Bavuma,P Subrayen,1,0,,,,,,,,,
736305,2014/15,2014-11-30,"Chevrolet Park, Bloemfontein",1,9.4,Lions,Dolphins,T Bavuma,HE van der Dussen,P Subrayen,0,0,,,,,,,,,
736305,2014/15,2014-11-30,"Chevrolet Park, Bloemfontein",1,9.5,Lions,Dolphins,T Bavuma,HE van der Dussen,P Subrayen,1,0,,,,,,,,,
736305,2014/15,2014-11-30,"Chevrolet Park, Bloemfontein",1,9.6,Lions,Dolphins,HE van der Dussen,T Bavuma,P Subrayen,2,0,,,,,,,,,
736305,2014/15,2014-11-30,"Chevrolet Park, Bloemfontein",1,10.1,Lions,Dolphins,T Bavuma,HE van der Dussen,CJ Alexander,0,0,,,,,,caught,T Bavuma,,
736305,2014/15,2014-11-30,"Chevrolet Park, Bloemfontein",1,10.2,Lions,Dolphins,HE van der Dussen,J Symes,CJ Alexander,2,0,,,,,,,,,
736305,2014/15,2014-11-30,"Chevrolet Park, Bloemfontein",1,10.3,Lions,Dolphins,HE van der Dussen,J Symes,CJ Alexander,2,0,,,,,,,,,
736305,2014/15,2014-11-30,"Chevrolet Park, Bloemfontein",1,10.4,Lions,Dolphins,HE van der Dussen,J Symes,CJ Alexander,1,0,,,,,,,,,
736305,2014/15,2014-11-30,"Chevrolet Park, Bloemfontein",1,10.5,Lions,Dolphins,J Symes,HE van der Dussen,CJ Alexander,0,0,,,,,,,,,
736305,2014/15,2014-11-30,"Chevrolet Park, Bloemfontein",1,10.6,Lions,Dolphins,J Symes,HE van der Dussen,CJ Alexander,0,0,,,,,,,,,
736305,2014/15,2014-11-30,"Chevrolet Park, Bloemfontein",1,11.1,Lions,Dolphins,HE van der Dussen,J Symes,P Subrayen,1,0,,,,,,,,,
736305,2014/15,2014-11-30,"Chevrolet Park, Bloemfontein",1,11.2,Lions,Dolphins,J Symes,HE van der Dussen,P Subrayen,0,0,,,,,,,,,
736305,2014/15,2014-11-30,"Chevrolet Park, Bloemfontein",1,11.3,Lions,Dolphins,J Symes,HE van der Dussen,P Subrayen,1,0,,,,,,,,,
736305,2014/15,2014-11-30,"Chevrolet Park, Bloemfontein",1,11.4,Lions,Dolphins,HE van der Dussen,J Symes,P Subrayen,1,0,,,,,,,,,
736305,2014/15,2014-11-30,"Chevrolet Park, Bloemfontein",1,11.5,Lions,Dolphins,J Symes,HE van der Dussen,P Subrayen,2,0,,,,,,,,,
736305,2014/15,2014-11-30,"Chevrolet Park, Bloemfontein",1,11.6,Lions,Dolphins,J Symes,HE van der Dussen,P Subrayen,0,0,,,,,,,,,
736305,2014/15,2014-11-30,"Chevrolet Park, Bloemfontein",1,12.1,Lions,Dolphins,HE van der Dussen,J Symes,AL Phehlukwayo,0,0,,,,,,,,,
736305,2014/15,2014-11-30,"Chevrolet Park, Bloemfontein",1,12.2,Lions,Dolphins,HE van der Dussen,J Symes,AL Phehlukwayo,1,0,,,,,,,,,
736305,2014/15,2014-11-30,"Chevrolet Park, Bloemfontein",1,12.3,Lions,Dolphins,J Symes,HE van der Dussen,AL Phehlukwayo,1,0,,,,,,,,,
736305,2014/15,2014-11-30,"Chevrolet Park, Bloemfontein",1,12.4,Lions,Dolphins,HE van der Dussen,J Symes,AL Phehlukwayo,0,1,,,,1,,,,,
736305,2014/15,2014-11-30,"Chevrolet Park, Bloemfontein",1,12.5,Lions,Dolphins,J Symes,HE van der Dussen,AL Phehlukwayo,0,1,1,,,,,,,,
736305,2014/15,2014-11-30,"Chevrolet Park, Bloemfontein",1,12.6,Lions,Dolphins,J Symes,HE van der Dussen,AL Phehlukwayo,0,1,1,,,,,,,,
736305,2014/15,2014-11-30,"Chevrolet Park, Bloemfontein",1,12.7,Lions,Dolphins,J Symes,HE van der Dussen,AL Phehlukwayo,0,0,,,,,,,,,
736305,2014/15,2014-11-30,"Chevrolet Park, Bloemfontein",1,12.8,Lions,Dolphins,J Symes,HE van der Dussen,AL Phehlukwayo,1,0,,,,,,,,,
736305,2014/15,2014-11-30,"Chevrolet Park, Bloemfontein",1,13.1,Lions,Dolphins,J Symes,HE van der Dussen,P Subrayen,1,0,,,,,,,,,
736305,2014/15,2014-11-30,"Chevrolet Park, Bloemfontein",1,13.2,Lions,Dolphins,HE van der Dussen,J Symes,P Subrayen,0,0,,,,,,,,,
736305,2014/15,2014-11-30,"Chevrolet Park, Bloemfontein",1,13.3,Lions,Dolphins,HE van der Dussen,J Symes,P Subrayen,0,0,,,,,,caught,HE van der Dussen,,
736305,2014/15,2014-11-30,"Chevrolet Park, Bloemfontein",1,13.4,Lions,Dolphins,J Symes,CH Morris,P Subrayen,1,0,,,,,,,,,
736305,2014/15,2014-11-30,"Chevrolet Park, Bloemfontein",1,13.5,Lions,Dolphins,CH Morris,J Symes,P Subrayen,1,0,,,,,,,,,
736305,2014/15,2014-11-30,"Chevrolet Park, Bloemfontein",1,13.6,Lions,Dolphins,J Symes,CH Morris,P Subrayen,0,0,,,,,,,,,
736305,2014/15,2014-11-30,"Chevrolet Park, Bloemfontein",1,14.1,Lions,Dolphins,CH Morris,J Symes,R Frylinck,1,0,,,,,,,,,
736305,2014/15,2014-11-30,"Chevrolet Park, Bloemfontein",1,14.2,Lions,Dolphins,J Symes,CH Morris,R Frylinck,0,0,,,,,,,,,
736305,2014/15,2014-11-30,"Chevrolet Park, Bloemfontein",1,14.3,Lions,Dolphins,J Symes,CH Morris,R Frylinck,1,0,,,,,,,,,
736305,2014/15,2014-11-30,"Chevrolet Park, Bloemfontein",1,14.4,Lions,Dolphins,CH Morris,J Symes,R Frylinck,1,0,,,,,,,,,
736305,2014/15,2014-11-30,"Chevrolet Park, Bloemfontein",1,14.5,Lions,Dolphins,J Symes,CH Morris,R Frylinck,1,0,,,,,,,,,
736305,2014/15,2014-11-30,"Chevrolet Park, Bloemfontein",1,14.6,Lions,Dolphins,CH Morris,J Symes,R Frylinck,1,0,,,,,,,,,
736305,2014/15,2014-11-30,"Chevrolet Park, Bloemfontein",1,15.1,Lions,Dolphins,CH Morris,J Symes,P Subrayen,1,0,,,,,,,,,
736305,2014/15,2014-11-30,"Chevrolet Park, Bloemfontein",1,15.2,Lions,Dolphins,J Symes,CH Morris,P Subrayen,1,0,,,,,,,,,
736305,2014/15,2014-11-30,"Chevrolet Park, Bloemfontein",1,15.3,Lions,Dolphins,CH Morris,J Symes,P Subrayen,0,0,,,,,,,,,
736305,2014/15,2014-11-30,"Chevrolet Park, Bloemfontein",1,15.4,Lions,Dolphins,CH Morris,J Symes,P Subrayen,1,0,,,,,,,,,
736305,2014/15,2014-11-30,"Chevrolet Park, Bloemfontein",1,15.5,Lions,Dolphins,J Symes,CH Morris,P Subrayen,1,0,,,,,,,,,
736305,2014/15,2014-11-30,"Chevrolet Park, Bloemfontein",1,15.6,Lions,Dolphins,CH Morris,J Symes,P Subrayen,0,0,,,,,,,,,
736305,2014/15,2014-11-30,"Chevrolet Park, Bloemfontein",1,16.1,Lions,Dolphins,J Symes,CH Morris,DJ Bravo,2,0,,,,,,,,,
736305,2014/15,2014-11-30,"Chevrolet Park, Bloemfontein",1,16.2,Lions,Dolphins,J Symes,CH Morris,DJ Bravo,1,0,,,,,,,,,
736305,2014/15,2014-11-30,"Chevrolet Park, Bloemfontein",1,16.3,Lions,Dolphins,CH Morris,J Symes,DJ Bravo,1,0,,,,,,,,,
736305,2014/15,2014-11-30,"Chevrolet Park, Bloemfontein",1,16.4,Lions,Dolphins,J Symes,CH Morris,DJ Bravo,0,0,,,,,,,,,
736305,2014/15,2014-11-30,"Chevrolet Park, Bloemfontein",1,16.5,Lions,Dolphins,J Symes,CH Morris,DJ Bravo,0,0,,,,,,caught,J Symes,,
736305,2014/15,2014-11-30,"Chevrolet Park, Bloemfontein",1,16.6,Lions,Dolphins,CH Morris,K Rabada,DJ Bravo,0,0,,,,,,,,,
736305,2014/15,2014-11-30,"Chevrolet Park, Bloemfontein",1,17.1,Lions,Dolphins,K Rabada,CH Morris,R McLaren,0,1,1,,,,,,,,
736305,2014/15,2014-11-30,"Chevrolet Park, Bloemfontein",1,17.2,Lions,Dolphins,K Rabada,CH Morris,R McLaren,1,0,,,,,,,,,
736305,2014/15,2014-11-30,"Chevrolet Park, Bloemfontein",1,17.3,Lions,Dolphins,CH Morris,K Rabada,R McLaren,0,0,,,,,,,,,
736305,2014/15,2014-11-30,"Chevrolet Park, Bloemfontein",1,17.4,Lions,Dolphins,CH Morris,K Rabada,R McLaren,1,0,,,,,,,,,
736305,2014/15,2014-11-30,"Chevrolet Park, Bloemfontein",1,17.5,Lions,Dolphins,K Rabada,CH Morris,R McLaren,1,0,,,,,,,,,
736305,2014/15,2014-11-30,"Chevrolet Park, Bloemfontein",1,17.6,Lions,Dolphins,CH Morris,K Rabada,R McLaren,0,1,1,,,,,,,,
736305,2014/15,2014-11-30,"Chevrolet Park, Bloemfontein",1,17.7,Lions,Dolphins,CH Morris,K Rabada,R McLaren,4,0,,,,,,,,,
736305,2014/15,2014-11-30,"Chevrolet Park, Bloemfontein",1,17.8,Lions,Dolphins,CH Morris,K Rabada,R McLaren,1,0,,,,,,,,,
736305,2014/15,2014-11-30,"Chevrolet Park, Bloemfontein",1,18.1,Lions,Dolphins,CH Morris,K Rabada,R Frylinck,6,0,,,,,,,,,
736305,2014/15,2014-11-30,"Chevrolet Park, Bloemfontein",1,18.2,Lions,Dolphins,CH Morris,K Rabada,R Frylinck,6,0,,,,,,,,,
736305,2014/15,2014-11-30,"Chevrolet Park, Bloemfontein",1,18.3,Lions,Dolphins,CH Morris,K Rabada,R Frylinck,2,0,,,,,,,,,
736305,2014/15,2014-11-30,"Chevrolet Park, Bloemfontein",1,18.4,Lions,Dolphins,CH Morris,K Rabada,R Frylinck,6,0,,,,,,,,,
736305,2014/15,2014-11-30,"Chevrolet Park, Bloemfontein",1,18.5,Lions,Dolphins,CH Morris,K Rabada,R Frylinck,2,0,,,,,,,,,
736305,2014/15,2014-11-30,"Chevrolet Park, Bloemfontein",1,18.6,Lions,Dolphins,CH Morris,K Rabada,R Frylinck,1,0,,,,,,,,,
736305,2014/15,2014-11-30,"Chevrolet Park, Bloemfontein",1,19.1,Lions,Dolphins,CH Morris,K Rabada,DJ Bravo,1,0,,,,,,,,,
736305,2014/15,2014-11-30,"Chevrolet Park, Bloemfontein",1,19.2,Lions,Dolphins,K Rabada,CH Morris,DJ Bravo,0,0,,,,,,,,,
736305,2014/15,2014-11-30,"Chevrolet Park, Bloemfontein",1,19.3,Lions,Dolphins,K Rabada,CH Morris,DJ Bravo,4,0,,,,,,,,,
736305,2014/15,2014-11-30,"Chevrolet Park, Bloemfontein",1,19.4,Lions,Dolphins,K Rabada,CH Morris,DJ Bravo,1,0,,,,,,,,,
736305,2014/15,2014-11-30,"Chevrolet Park, Bloemfontein",1,19.5,Lions,Dolphins,CH Morris,K Rabada,DJ Bravo,0,0,,,,,,caught,CH Morris,,
736305,2014/15,2014-11-30,"Chevrolet Park, Bloemfontein",1,19.6,Lions,Dolphins,K Rabada,E Leie,DJ Bravo,1,0,,,,,,,,,
736305,2014/15,2014-11-30,"Chevrolet Park, Bloemfontein",2,0.1,Dolphins,Lions,JD Vandiar,MN van Wyk,P Matshikwe,0,0,,,,,,,,,
736305,2014/15,2014-11-30,"Chevrolet Park, Bloemfontein",2,0.2,Dolphins,Lions,JD Vandiar,MN van Wyk,P Matshikwe,0,0,,,,,,,,,
736305,2014/15,2014-11-30,"Chevrolet Park, Bloemfontein",2,0.3,Dolphins,Lions,JD Vandiar,MN van Wyk,P Matshikwe,1,0,,,,,,,,,
736305,2014/15,2014-11-30,"Chevrolet Park, Bloemfontein",2,0.4,Dolphins,Lions,MN van Wyk,JD Vandiar,P Matshikwe,0,0,,,,,,,,,
736305,2014/15,2014-11-30,"Chevrolet Park, Bloemfontein",2,0.5,Dolphins,Lions,MN van Wyk,JD Vandiar,P Matshikwe,0,0,,,,,,,,,
736305,2014/15,2014-11-30,"Chevrolet Park, Bloemfontein",2,0.6,Dolphins,Lions,MN van Wyk,JD Vandiar,P Matshikwe,4,0,,,,,,,,,
736305,2014/15,2014-11-30,"Chevrolet Park, Bloemfontein",2,1.1,Dolphins,Lions,JD Vandiar,MN van Wyk,LL Tsotsobe,1,0,,,,,,,,,
736305,2014/15,2014-11-30,"Chevrolet Park, Bloemfontein",2,1.2,Dolphins,Lions,MN van Wyk,JD Vandiar,LL Tsotsobe,4,0,,,,,,,,,
736305,2014/15,2014-11-30,"Chevrolet Park, Bloemfontein",2,1.3,Dolphins,Lions,MN van Wyk,JD Vandiar,LL Tsotsobe,1,0,,,,,,,,,
736305,2014/15,2014-11-30,"Chevrolet Park, Bloemfontein",2,1.4,Dolphins,Lions,JD Vandiar,MN van Wyk,LL Tsotsobe,1,0,,,,,,,,,
736305,2014/15,2014-11-30,"Chevrolet Park, Bloemfontein",2,1.5,Dolphins,Lions,MN van Wyk,JD Vandiar,LL Tsotsobe,0,0,,,,,,,,,
736305,2014/15,2014-11-30,"Chevrolet Park, Bloemfontein",2,1.6,Dolphins,Lions,MN van Wyk,JD Vandiar,LL Tsotsobe,1,0,,,,,,,,,
736305,2014/15,2014-11-30,"Chevrolet Park, Bloemfontein",2,2.1,Dolphins,Lions,MN van Wyk,JD Vandiar,P Matshikwe,0,0,,,,,,,,,
736305,2014/15,2014-11-30,"Chevrolet Park, Bloemfontein",2,2.2,Dolphins,Lions,MN van Wyk,JD Vandiar,P Matshikwe,0,0,,,,,,,,,
736305,2014/15,2014-11-30,"Chevrolet Park, Bloemfontein",2,2.3,Dolphins,Lions,MN van Wyk,JD Vandiar,P Matshikwe,0,1,1,,,,,,,,
736305,2014/15,2014-11-30,"Chevrolet Park, Bloemfontein",2,2.4,Dolphins,Lions,MN van Wyk,JD Vandiar,P Matshikwe,1,0,,,,,,,,,
736305,2014/15,2014-11-30,"Chevrolet Park, Bloemfontein",2,2.5,Dolphins,Lions,JD Vandiar,MN van Wyk,P Matshikwe,0,1,1,,,,,,,,
736305,2014/15,2014-11-30,"Chevrolet Park, Bloemfontein",2,2.6,Dolphins,Lions,JD Vandiar,MN van Wyk,P Matshikwe,0,0,,,,,,,,,
736305,2014/15,2014-11-30,"Chevrolet Park, Bloemfontein",2,2.7,Dolphins,Lions,JD Vandiar,MN van Wyk,P Matshikwe,1,0,,,,,,,,,
736305,2014/15,2014-11-30,"Chevrolet Park, Bloemfontein",2,2.8,Dolphins,Lions,MN van Wyk,JD Vandiar,P Matshikwe,1,0,,,,,,,,,
736305,2014/15,2014-11-30,"Chevrolet Park, Bloemfontein",2,3.1,Dolphins,Lions,MN van Wyk,JD Vandiar,CH Morris,1,0,,,,,,,,,
736305,2014/15,2014-11-30,"Chevrolet Park, Bloemfontein",2,3.2,Dolphins,Lions,JD Vandiar,MN van Wyk,CH Morris,0,0,,,,,,,,,
736305,2014/15,2014-11-30,"Chevrolet Park, Bloemfontein",2,3.3,Dolphins,Lions,JD Vandiar,MN van Wyk,CH Morris,0,0,,,,,,caught,JD Vandiar,,
736305,2014/15,2014-11-30,"Chevrolet Park, Bloemfontein",2,3.4,Dolphins,Lions,K Zondo,MN van Wyk,CH Morris,0,0,,,,,,,,,
736305,2014/15,2014-11-30,"Chevrolet Park, Bloemfontein",2,3.5,Dolphins,Lions,K Zondo,MN van Wyk,CH Morris,0,0,,,,,,,,,
736305,2014/15,2014-11-30,"Chevrolet Park, Bloemfontein",2,3.6,Dolphins,Lions,K Zondo,MN van Wyk,CH Morris,0,0,,,,,,,,,
736305,2014/15,2014-11-30,"Chevrolet Park, Bloemfontein",2,4.1,Dolphins,Lions,MN van Wyk,K Zondo,K Rabada,0,0,,,,,,lbw,MN van Wyk,,
736305,2014/15,2014-11-30,"Chevrolet Park, Bloemfontein",2,4.2,Dolphins,Lions,DA Miller,K Zondo,K Rabada,0,0,,,,,,,,,
736305,2014/15,2014-11-30,"Chevrolet Park, Bloemfontein",2,4.3,Dolphins,Lions,DA Miller,K Zondo,K Rabada,1,0,,,,,,,,,
736305,2014/15,2014-11-30,"Chevrolet Park, Bloemfontein",2,4.4,Dolphins,Lions,K Zondo,DA Miller,K Rabada,0,0,,,,,,,,,
736305,2014/15,2014-11-30,"Chevrolet Park, Bloemfontein",2,4.5,Dolphins,Lions,K Zondo,DA Miller,K Rabada,4,0,,,,,,,,,
736305,2014/15,2014-11-30,"Chevrolet Park, Bloemfontein",2,4.6,Dolphins,Lions,K Zondo,DA Miller,K Rabada,0,0,,,,,,,,,
736305,2014/15,2014-11-30,"Chevrolet Park, Bloemfontein",2,5.1,Dolphins,Lions,DA Miller,K Zondo,CH Morris,2,0,,,,,,,,,
736305,2014/15,2014-11-30,"Chevrolet Park, Bloemfontein",2,5.2,Dolphins,Lions,DA Miller,K Zondo,CH Morris,0,0,,,,,,,,,
736305,2014/15,2014-11-30,"Chevrolet Park, Bloemfontein",2,5.3,Dolphins,Lions,DA Miller,K Zondo,CH Morris,1,0,,,,,,,,,
736305,2014/15,2014-11-30,"Chevrolet Park, Bloemfontein",2,5.4,Dolphins,Lions,K Zondo,DA Miller,CH Morris,0,0,,,,,,,,,
736305,2014/15,2014-11-30,"Chevrolet Park, Bloemfontein",2,5.5,Dolphins,Lions,K Zondo,DA Miller,CH Morris,0,0,,,,,,,,,
736305,2014/15,2014-11-30,"Chevrolet Park, Bloemfontein",2,5.6,Dolphins,Lions,K Zondo,DA Miller,CH Morris,1,0,,,,,,,,,
736305,2014/15,2014-11-30,"Chevrolet Park, Bloemfontein",2,6.1,Dolphins,Lions,K Zondo,DA Miller,K Rabada,4,0,,,,,,,,,
736305,2014/15,2014-11-30,"Chevrolet Park, Bloemfontein",2,6.2,Dolphins,Lions,K Zondo,DA Miller,K Rabada,1,0,,,,,,,,,
736305,2014/15,2014-11-30,"Chevrolet Park, Bloemfontein",2,6.3,Dolphins,Lions,DA Miller,K Zondo,K Rabada,0,1,1,,,,,,,,
736305,2014/15,2014-11-30,"Chevrolet Park, Bloemfontein",2,6.4,Dolphins,Lions,DA Miller,K Zondo,K Rabada,0,0,,,,,,,,,
736305,2014/15,2014-11-30,"Chevrolet Park, Bloemfontein",2,6.5,Dolphins,Lions,DA Miller,K Zondo,K Rabada,1,0,,,,,,,,,
736305,2014/15,2014-11-30,"Chevrolet Park, Bloemfontein",2,6.6,Dolphins,Lions,K Zondo,DA Miller,K Rabada,0,1,1,,,,,,,,
736305,2014/15,2014-11-30,"Chevrolet Park, Bloemfontein",2,6.7,Dolphins,Lions,K Zondo,DA Miller,K Rabada,1,0,,,,,,,,,
736305,2014/15,2014-11-30,"Chevrolet Park, Bloemfontein",2,6.8,Dolphins,Lions,DA Miller,K Zondo,K Rabada,0,0,,,,,,,,,
736305,2014/15,2014-11-30,"Chevrolet Park, Bloemfontein",2,7.1,Dolphins,Lions,K Zondo,DA Miller,E Leie,1,0,,,,,,,,,
736305,2014/15,2014-11-30,"Chevrolet Park, Bloemfontein",2,7.2,Dolphins,Lions,DA Miller,K Zondo,E Leie,1,0,,,,,,,,,
736305,2014/15,2014-11-30,"Chevrolet Park, Bloemfontein",2,7.3,Dolphins,Lions,K Zondo,DA Miller,E Leie,1,0,,,,,,,,,
736305,2014/15,2014-11-30,"Chevrolet Park, Bloemfontein",2,7.4,Dolphins,Lions,DA Miller,K Zondo,E Leie,0,0,,,,,,,,,
736305,2014/15,2014-11-30,"Chevrolet Park, Bloemfontein",2,7.5,Dolphins,Lions,DA Miller,K Zondo,E Leie,4,0,,,,,,,,,
736305,2014/15,2014-11-30,"Chevrolet Park, Bloemfontein",2,7.6,Dolphins,Lions,DA Miller,K Zondo,E Leie,0,0,,,,,,,,,
736305,2014/15,2014-11-30,"Chevrolet Park, Bloemfontein",2,8.1,Dolphins,Lions,K Zondo,DA Miller,LL Tsotsobe,6,0,,,,,,,,,
736305,2014/15,2014-11-30,"Chevrolet Park, Bloemfontein",2,8.2,Dolphins,Lions,K Zondo,DA Miller,LL Tsotsobe,1,0,,,,,,,,,
736305,2014/15,2014-11-30,"Chevrolet Park, Bloemfontein",2,8.3,Dolphins,Lions,DA Miller,K Zondo,LL Tsotsobe,2,0,,,,,,,,,
736305,2014/15,2014-11-30,"Chevrolet Park, Bloemfontein",2,8.4,Dolphins,Lions,DA Miller,K Zondo,LL Tsotsobe,1,0,,,,,,,,,
736305,2014/15,2014-11-30,"Chevrolet Park, Bloemfontein",2,8.5,Dolphins,Lions,K Zondo,DA Miller,LL Tsotsobe,1,0,,,,,,,,,
736305,2014/15,2014-11-30,"Chevrolet Park, Bloemfontein",2,8.6,Dolphins,Lions,DA Miller,K Zondo,LL Tsotsobe,0,0,,,,,,,,,
736305,2014/15,2014-11-30,"Chevrolet Park, Bloemfontein",2,9.1,Dolphins,Lions,K Zondo,DA Miller,E Leie,1,0,,,,,,,,,
736305,2014/15,2014-11-30,"Chevrolet Park, Bloemfontein",2,9.2,Dolphins,Lions,DA Miller,K Zondo,E Leie,0,0,,,,,,,,,
736305,2014/15,2014-11-30,"Chevrolet Park, Bloemfontein",2,9.3,Dolphins,Lions,DA Miller,K Zondo,E Leie,1,0,,,,,,,,,
736305,2014/15,2014-11-30,"Chevrolet Park, Bloemfontein",2,9.4,Dolphins,Lions,K Zondo,DA Miller,E Leie,2,0,,,,,,,,,
736305,2014/15,2014-11-30,"Chevrolet Park, Bloemfontein",2,9.5,Dolphins,Lions,K Zondo,DA Miller,E Leie,1,0,,,,,,,,,
736305,2014/15,2014-11-30,"Chevrolet Park, Bloemfontein",2,9.6,Dolphins,Lions,DA Miller,K Zondo,E Leie,1,0,,,,,,,,,
736305,2014/15,2014-11-30,"Chevrolet Park, Bloemfontein",2,10.1,Dolphins,Lions,DA Miller,K Zondo,LL Tsotsobe,1,0,,,,,,,,,
736305,2014/15,2014-11-30,"Chevrolet Park, Bloemfontein",2,10.2,Dolphins,Lions,K Zondo,DA Miller,LL Tsotsobe,2,0,,,,,,,,,
736305,2014/15,2014-11-30,"Chevrolet Park, Bloemfontein",2,10.3,Dolphins,Lions,K Zondo,DA Miller,LL Tsotsobe,1,0,,,,,,,,,
736305,2014/15,2014-11-30,"Chevrolet Park, Bloemfontein",2,10.4,Dolphins,Lions,DA Miller,K Zondo,LL Tsotsobe,2,0,,,,,,,,,
736305,2014/15,2014-11-30,"Chevrolet Park, Bloemfontein",2,10.5,Dolphins,Lions,DA Miller,K Zondo,LL Tsotsobe,1,0,,,,,,,,,
736305,2014/15,2014-11-30,"Chevrolet Park, Bloemfontein",2,10.6,Dolphins,Lions,K Zondo,DA Miller,LL Tsotsobe,0,0,,,,,,,,,
736305,2014/15,2014-11-30,"Chevrolet Park, Bloemfontein",2,11.1,Dolphins,Lions,DA Miller,K Zondo,E Leie,4,0,,,,,,,,,
736305,2014/15,2014-11-30,"Chevrolet Park, Bloemfontein",2,11.2,Dolphins,Lions,DA Miller,K Zondo,E Leie,1,0,,,,,,,,,
736305,2014/15,2014-11-30,"Chevrolet Park, Bloemfontein",2,11.3,Dolphins,Lions,K Zondo,DA Miller,E Leie,0,0,,,,,,,,,
736305,2014/15,2014-11-30,"Chevrolet Park, Bloemfontein",2,11.4,Dolphins,Lions,K Zondo,DA Miller,E Leie,0,0,,,,,,,,,
736305,2014/15,2014-11-30,"Chevrolet Park, Bloemfontein",2,11.5,Dolphins,Lions,K Zondo,DA Miller,E Leie,0,0,,,,,,,,,
736305,2014/15,2014-11-30,"Chevrolet Park, Bloemfontein",2,11.6,Dolphins,Lions,K Zondo,DA Miller,E Leie,0,0,,,,,,caught,K Zondo,,
736305,2014/15,2014-11-30,"Chevrolet Park, Bloemfontein",2,12.1,Dolphins,Lions,VB van Jaarsveld,DA Miller,K Rabada,0,0,,,,,,,,,
736305,2014/15,2014-11-30,"Chevrolet Park, Bloemfontein",2,12.2,Dolphins,Lions,VB van Jaarsveld,DA Miller,K Rabada,0,0,,,,,,,,,
736305,2014/15,2014-11-30,"Chevrolet Park, Bloemfontein",2,12.3,Dolphins,Lions,VB van Jaarsveld,DA Miller,K Rabada,0,0,,,,,,bowled,VB van Jaarsveld,,
736305,2014/15,2014-11-30,"Chevrolet Park, Bloemfontein",2,12.4,Dolphins,Lions,DJ Bravo,DA Miller,K Rabada,2,0,,,,,,,,,
736305,2014/15,2014-11-30,"Chevrolet Park, Bloemfontein",2,12.5,Dolphins,Lions,DJ Bravo,DA Miller,K Rabada,0,0,,,,,,,,,
736305,2014/15,2014-11-30,"Chevrolet Park, Bloemfontein",2,12.6,Dolphins,Lions,DJ Bravo,DA Miller,K Rabada,1,0,,,,,,,,,
736305,2014/15,2014-11-30,"Chevrolet Park, Bloemfontein",2,13.1,Dolphins,Lions,DJ Bravo,DA Miller,CH Morris,0,1,1,,,,,,,,
736305,2014/15,2014-11-30,"Chevrolet Park, Bloemfontein",2,13.2,Dolphins,Lions,DJ Bravo,DA Miller,CH Morris,0,0,,,,,,,,,
736305,2014/15,2014-11-30,"Chevrolet Park, Bloemfontein",2,13.3,Dolphins,Lions,DJ Bravo,DA Miller,CH Morris,0,1,1,,,,,,,,
736305,2014/15,2014-11-30,"Chevrolet Park, Bloemfontein",2,13.4,Dolphins,Lions,DJ Bravo,DA Miller,CH Morris,0,0,,,,,,,,,
736305,2014/15,2014-11-30,"Chevrolet Park, Bloemfontein",2,13.5,Dolphins,Lions,DJ Bravo,DA Miller,CH Morris,0,1,1,,,,,,,,
736305,2014/15,2014-11-30,"Chevrolet Park, Bloemfontein",2,13.6,Dolphins,Lions,DJ Bravo,DA Miller,CH Morris,4,0,,,,,,,,,
736305,2014/15,2014-11-30,"Chevrolet Park, Bloemfontein",2,13.7,Dolphins,Lions,DJ Bravo,DA Miller,CH Morris,1,0,,,,,,,,,
736305,2014/15,2014-11-30,"Chevrolet Park, Bloemfontein",2,13.8,Dolphins,Lions,DA Miller,DJ Bravo,CH Morris,2,0,,,,,,,,,
736305,2014/15,2014-11-30,"Chevrolet Park, Bloemfontein",2,13.9,Dolphins,Lions,DA Miller,DJ Bravo,CH Morris,1,0,,,,,,,,,
736305,2014/15,2014-11-30,"Chevrolet Park, Bloemfontein",2,14.1,Dolphins,Lions,DA Miller,DJ Bravo,E Leie,0,4,4,,,,,,,,
736305,2014/15,2014-11-30,"Chevrolet Park, Bloemfontein",2,14.2,Dolphins,Lions,DJ Bravo,DA Miller,E Leie,1,0,,,,,,,,,
736305,2014/15,2014-11-30,"Chevrolet Park, Bloemfontein",2,14.3,Dolphins,Lions,DA Miller,DJ Bravo,E Leie,1,0,,,,,,,,,
736305,2014/15,2014-11-30,"Chevrolet Park, Bloemfontein",2,14.4,Dolphins,Lions,DJ Bravo,DA Miller,E Leie,1,0,,,,,,,,,
736305,2014/15,2014-11-30,"Chevrolet Park, Bloemfontein",2,14.5,Dolphins,Lions,DA Miller,DJ Bravo,E Leie,1,0,,,,,,,,,
736305,2014/15,2014-11-30,"Chevrolet Park, Bloemfontein",2,14.6,Dolphins,Lions,DJ Bravo,DA Miller,E Leie,4,0,,,,,,,,,
736305,2014/15,2014-11-30,"Chevrolet Park, Bloemfontein",2,14.7,Dolphins,Lions,DJ Bravo,DA Miller,E Leie,3,0,,,,,,,,,
736305,2014/15,2014-11-30,"Chevrolet Park, Bloemfontein",2,15.1,Dolphins,Lions,DJ Bravo,DA Miller,P Matshikwe,2,0,,,,,,,,,
736305,2014/15,2014-11-30,"Chevrolet Park, Bloemfontein",2,15.2,Dolphins,Lions,DJ Bravo,DA Miller,P Matshikwe,0,0,,,,,,,,,
736305,2014/15,2014-11-30,"Chevrolet Park, Bloemfontein",2,15.3,Dolphins,Lions,DJ Bravo,DA Miller,P Matshikwe,0,0,,,,,,caught,DJ Bravo,,
736305,2014/15,2014-11-30,"Chevrolet Park, Bloemfontein",2,15.4,Dolphins,Lions,R McLaren,DA Miller,P Matshikwe,0,0,,,,,,,,,
736305,2014/15,2014-11-30,"Chevrolet Park, Bloemfontein",2,15.5,Dolphins,Lions,R McLaren,DA Miller,P Matshikwe,0,1,,,,1,,,,,
736305,2014/15,2014-11-30,"Chevrolet Park, Bloemfontein",2,15.6,Dolphins,Lions,DA Miller,R McLaren,P Matshikwe,0,0,,,,,,,,,
736305,2014/15,2014-11-30,"Chevrolet Park, Bloemfontein",2,16.1,Dolphins,Lions,R McLaren,DA Miller,K Rabada,0,0,,,,,,,,,
736305,2014/15,2014-11-30,"Chevrolet Park, Bloemfontein",2,16.2,Dolphins,Lions,R McLaren,DA Miller,K Rabada,0,0,,,,,,,,,
736305,2014/15,2014-11-30,"Chevrolet Park, Bloemfontein",2,16.3,Dolphins,Lions,R McLaren,DA Miller,K Rabada,0,1,1,,,,,,,,
736305,2014/15,2014-11-30,"Chevrolet Park, Bloemfontein",2,16.4,Dolphins,Lions,R McLaren,DA Miller,K Rabada,0,0,,,,,,,,,
736305,2014/15,2014-11-30,"Chevrolet Park, Bloemfontein",2,16.5,Dolphins,Lions,R McLaren,DA Miller,K Rabada,1,0,,,,,,,,,
736305,2014/15,2014-11-30,"Chevrolet Park, Bloemfontein",2,16.6,Dolphins,Lions,DA Miller,R McLaren,K Rabada,1,0,,,,,,,,,
736305,2014/15,2014-11-30,"Chevrolet Park, Bloemfontein",2,16.7,Dolphins,Lions,R McLaren,DA Miller,K Rabada,0,0,,,,,,,,,
736305,2014/15,2014-11-30,"Chevrolet Park, Bloemfontein",2,17.1,Dolphins,Lions,DA Miller,R McLaren,P Matshikwe,2,0,,,,,,,,,
736305,2014/15,2014-11-30,"Chevrolet Park, Bloemfontein",2,17.2,Dolphins,Lions,DA Miller,R McLaren,P Matshikwe,0,0,,,,,,,,,
736305,2014/15,2014-11-30,"Chevrolet Park, Bloemfontein",2,17.3,Dolphins,Lions,DA Miller,R McLaren,P Matshikwe,4,0,,,,,,,,,
736305,2014/15,2014-11-30,"Chevrolet Park, Bloemfontein",2,17.4,Dolphins,Lions,DA Miller,R McLaren,P Matshikwe,2,0,,,,,,,,,
736305,2014/15,2014-11-30,"Chevrolet Park, Bloemfontein",2,17.5,Dolphins,Lions,DA Miller,R McLaren,P Matshikwe,0,0,,,,,,,,,
736305,2014/15,2014-11-30,"Chevrolet Park, Bloemfontein",2,17.6,Dolphins,Lions,DA Miller,R McLaren,P Matshikwe,2,0,,,,,,,,,
736305,2014/15,2014-11-30,"Chevrolet Park, Bloemfontein",2,18.1,Dolphins,Lions,R McLaren,DA Miller,CH Morris,0,0,,,,,,,,,
736305,2014/15,2014-11-30,"Chevrolet Park, Bloemfontein",2,18.2,Dolphins,Lions,R McLaren,DA Miller,CH Morris,0,0,,,,,,,,,
736305,2014/15,2014-11-30,"Chevrolet Park, Bloemfontein",2,18.3,Dolphins,Lions,R McLaren,DA Miller,CH Morris,0,0,,,,,,,,,
736305,2014/15,2014-11-30,"Chevrolet Park, Bloemfontein",2,18.4,Dolphins,Lions,R McLaren,DA Miller,CH Morris,1,0,,,,,,,,,
736305,2014/15,2014-11-30,"Chevrolet Park, Bloemfontein",2,18.5,Dolphins,Lions,DA Miller,R McLaren,CH Morris,0,1,1,,,,,,,,
736305,2014/15,2014-11-30,"Chevrolet Park, Bloemfontein",2,18.6,Dolphins,Lions,DA Miller,R McLaren,CH Morris,1,0,,,,,,,,,
736305,2014/15,2014-11-30,"Chevrolet Park, Bloemfontein",2,18.7,Dolphins,Lions,R McLaren,DA Miller,CH Morris,0,0,,,,,,,,,
736305,2014/15,2014-11-30,"Chevrolet Park, Bloemfontein",2,19.1,Dolphins,Lions,DA Miller,R McLaren,LL Tsotsobe,1,0,,,,,,,,,
