match_id,season,start_date,venue,innings,ball,batting_team,bowling_team,striker,non_striker,bowler,runs_off_bat,extras,wides,noballs,byes,legbyes,penalty,wicket_type,player_dismissed,other_wicket_type,other_player_dismissed
851969,2015/16,2015-11-25,"Senwes Park, Potchefstroom",1,0.1,Knights,Lions,RR Hendricks,RR Rossouw,D Pretorius,0,0,,,,,,,,,
851969,2015/16,2015-11-25,"Senwes Park, Potchefstroom",1,0.2,Knights,Lions,RR Hendricks,RR Rossouw,D Pretorius,1,0,,,,,,,,,
851969,2015/16,2015-11-25,"Senwes Park, Potchefstroom",1,0.3,Knights,Lions,RR Rossouw,RR Hendricks,D Pretorius,0,0,,,,,,,,,
851969,2015/16,2015-11-25,"Senwes Park, Potchefstroom",1,0.4,Knights,Lions,RR Rossouw,RR Hendricks,D Pretorius,1,0,,,,,,,,,
851969,2015/16,2015-11-25,"Senwes Park, Potchefstroom",1,0.5,Knights,Lions,RR Hendricks,RR Rossouw,D Pretorius,2,0,,,,,,,,,
851969,2015/16,2015-11-25,"Senwes Park, Potchefstroom",1,0.6,Knights,Lions,RR Hendricks,RR Rossouw,D Pretorius,1,0,,,,,,,,,
851969,2015/16,2015-11-25,"Senwes Park, Potchefstroom",1,1.1,Knights,Lions,RR Hendricks,RR Rossouw,GC Viljoen,4,0,,,,,,,,,
851969,2015/16,2015-11-25,"Senwes Park, Potchefstroom",1,1.2,Knights,Lions,RR Hendricks,RR Rossouw,GC Viljoen,0,0,,,,,,,,,
851969,2015/16,2015-11-25,"Senwes Park, Potchefstroom",1,1.3,Knights,Lions,RR Hendricks,RR Rossouw,GC Viljoen,0,1,1,,,,,,,,
851969,2015/16,2015-11-25,"Senwes Park, Potchefstroom",1,1.4,Knights,Lions,RR Hendricks,RR Rossouw,GC Viljoen,2,0,,,,,,,,,
851969,2015/16,2015-11-25,"Senwes Park, Potchefstroom",1,1.5,Knights,Lions,RR Hendricks,RR Rossouw,GC Viljoen,1,0,,,,,,,,,
851969,2015/16,2015-11-25,"Senwes Park, Potchefstroom",1,1.6,Knights,Lions,RR Rossouw,RR Hendricks,GC Viljoen,4,0,,,,,,,,,
851969,2015/16,2015-11-25,"Senwes Park, Potchefstroom",1,1.7,Knights,Lions,RR Rossouw,RR Hendricks,GC Viljoen,0,0,,,,,,,,,
851969,2015/16,2015-11-25,"Senwes Park, Potchefstroom",1,2.1,Knights,Lions,RR Hendricks,RR Rossouw,D Pretorius,2,0,,,,,,,,,
851969,2015/16,2015-11-25,"Senwes Park, Potchefstroom",1,2.2,Knights,Lions,RR Hendricks,RR Rossouw,D Pretorius,0,0,,,,,,,,,
851969,2015/16,2015-11-25,"Senwes Park, Potchefstroom",1,2.3,Knights,Lions,RR Hendricks,RR Rossouw,D Pretorius,4,0,,,,,,,,,
851969,2015/16,2015-11-25,"Senwes Park, Potchefstroom",1,2.4,Knights,Lions,RR Hendricks,RR Rossouw,D Pretorius,2,0,,,,,,,,,
851969,2015/16,2015-11-25,"Senwes Park, Potchefstroom",1,2.5,Knights,Lions,RR Hendricks,RR Rossouw,D Pretorius,0,0,,,,,,,,,
851969,2015/16,2015-11-25,"Senwes Park, Potchefstroom",1,2.6,Knights,Lions,RR Hendricks,RR Rossouw,D Pretorius,0,0,,,,,,,,,
851969,2015/16,2015-11-25,"Senwes Park, Potchefstroom",1,3.1,Knights,Lions,RR Rossouw,RR Hendricks,LL Tsotsobe,0,0,,,,,,,,,
851969,2015/16,2015-11-25,"Senwes Park, Potchefstroom",1,3.2,Knights,Lions,RR Rossouw,RR Hendricks,LL Tsotsobe,1,0,,,,,,,,,
851969,2015/16,2015-11-25,"Senwes Park, Potchefstroom",1,3.3,Knights,Lions,RR Hendricks,RR Rossouw,LL Tsotsobe,1,0,,,,,,,,,
851969,2015/16,2015-11-25,"Senwes Park, Potchefstroom",1,3.4,Knights,Lions,RR Rossouw,RR Hendricks,LL Tsotsobe,0,0,,,,,,,,,
851969,2015/16,2015-11-25,"Senwes Park, Potchefstroom",1,3.5,Knights,Lions,RR Rossouw,RR Hendricks,LL Tsotsobe,0,0,,,,,,,,,
851969,2015/16,2015-11-25,"Senwes Park, Potchefstroom",1,3.6,Knights,Lions,RR Rossouw,RR Hendricks,LL Tsotsobe,1,0,,,,,,,,,
851969,2015/16,2015-11-25,"Senwes Park, Potchefstroom",1,4.1,Knights,Lions,RR Rossouw,RR Hendricks,D Pretorius,6,0,,,,,,,,,
851969,2015/16,2015-11-25,"Senwes Park, Potchefstroom",1,4.2,Knights,Lions,RR Rossouw,RR Hendricks,D Pretorius,0,0,,,,,,,,,
851969,2015/16,2015-11-25,"Senwes Park, Potchefstroom",1,4.3,Knights,Lions,RR Rossouw,RR Hendricks,D Pretorius,0,0,,,,,,,,,
851969,2015/16,2015-11-25,"Senwes Park, Potchefstroom",1,4.4,Knights,Lions,RR Rossouw,RR Hendricks,D Pretorius,1,0,,,,,,,,,
851969,2015/16,2015-11-25,"Senwes Park, Potchefstroom",1,4.5,Knights,Lions,RR Hendricks,RR Rossouw,D Pretorius,2,0,,,,,,,,,
851969,2015/16,2015-11-25,"Senwes Park, Potchefstroom",1,4.6,Knights,Lions,RR Hendricks,RR Rossouw,D Pretorius,1,0,,,,,,,,,
851969,2015/16,2015-11-25,"Senwes Park, Potchefstroom",1,5.1,Knights,Lions,RR Hendricks,RR Rossouw,LL Tsotsobe,1,0,,,,,,,,,
851969,2015/16,2015-11-25,"Senwes Park, Potchefstroom",1,5.2,Knights,Lions,RR Rossouw,RR Hendricks,LL Tsotsobe,4,0,,,,,,,,,
851969,2015/16,2015-11-25,"Senwes Park, Potchefstroom",1,5.3,Knights,Lions,RR Rossouw,RR Hendricks,LL Tsotsobe,1,0,,,,,,,,,
851969,2015/16,2015-11-25,"Senwes Park, Potchefstroom",1,5.4,Knights,Lions,RR Hendricks,RR Rossouw,LL Tsotsobe,0,0,,,,,,,,,
851969,2015/16,2015-11-25,"Senwes Park, Potchefstroom",1,5.5,Knights,Lions,RR Hendricks,RR Rossouw,LL Tsotsobe,1,0,,,,,,,,,
851969,2015/16,2015-11-25,"Senwes Park, Potchefstroom",1,5.6,Knights,Lions,RR Rossouw,RR Hendricks,LL Tsotsobe,6,0,,,,,,,,,
851969,2015/16,2015-11-25,"Senwes Park, Potchefstroom",1,6.1,Knights,Lions,RR Hendricks,RR Rossouw,AM Phangiso,1,0,,,,,,,,,
851969,2015/16,2015-11-25,"Senwes Park, Potchefstroom",1,6.2,Knights,Lions,RR Rossouw,RR Hendricks,AM Phangiso,2,0,,,,,,,,,
851969,2015/16,2015-11-25,"Senwes Park, Potchefstroom",1,6.3,Knights,Lions,RR Rossouw,RR Hendricks,AM Phangiso,4,0,,,,,,,,,
851969,2015/16,2015-11-25,"Senwes Park, Potchefstroom",1,6.4,Knights,Lions,RR Rossouw,RR Hendricks,AM Phangiso,1,0,,,,,,,,,
851969,2015/16,2015-11-25,"Senwes Park, Potchefstroom",1,6.5,Knights,Lions,RR Hendricks,RR Rossouw,AM Phangiso,1,0,,,,,,,,,
851969,2015/16,2015-11-25,"Senwes Park, Potchefstroom",1,6.6,Knights,Lions,RR Rossouw,RR Hendricks,AM Phangiso,1,0,,,,,,,,,
851969,2015/16,2015-11-25,"Senwes Park, Potchefstroom",1,7.1,Knights,Lions,RR Rossouw,RR Hendricks,GC Viljoen,0,0,,,,,,,,,
851969,2015/16,2015-11-25,"Senwes Park, Potchefstroom",1,7.2,Knights,Lions,RR Rossouw,RR Hendricks,GC Viljoen,4,0,,,,,,,,,
851969,2015/16,2015-11-25,"Senwes Park, Potchefstroom",1,7.3,Knights,Lions,RR Rossouw,RR Hendricks,GC Viljoen,1,0,,,,,,,,,
851969,2015/16,2015-11-25,"Senwes Park, Potchefstroom",1,7.4,Knights,Lions,RR Hendricks,RR Rossouw,GC Viljoen,1,0,,,,,,,,,
851969,2015/16,2015-11-25,"Senwes Park, Potchefstroom",1,7.5,Knights,Lions,RR Rossouw,RR Hendricks,GC Viljoen,1,0,,,,,,,,,
851969,2015/16,2015-11-25,"Senwes Park, Potchefstroom",1,7.6,Knights,Lions,RR Hendricks,RR Rossouw,GC Viljoen,4,0,,,,,,,,,
851969,2015/16,2015-11-25,"Senwes Park, Potchefstroom",1,8.1,Knights,Lions,RR Rossouw,RR Hendricks,AM Phangiso,4,0,,,,,,,,,
851969,2015/16,2015-11-25,"Senwes Park, Potchefstroom",1,8.2,Knights,Lions,RR Rossouw,RR Hendricks,AM Phangiso,2,0,,,,,,,,,
851969,2015/16,2015-11-25,"Senwes Park, Potchefstroom",1,8.3,Knights,Lions,RR Rossouw,RR Hendricks,AM Phangiso,1,0,,,,,,,,,
851969,2015/16,2015-11-25,"Senwes Park, Potchefstroom",1,8.4,Knights,Lions,RR Hendricks,RR Rossouw,AM Phangiso,0,0,,,,,,,,,
851969,2015/16,2015-11-25,"Senwes Park, Potchefstroom",1,8.5,Knights,Lions,RR Hendricks,RR Rossouw,AM Phangiso,1,0,,,,,,,,,
851969,2015/16,2015-11-25,"Senwes Park, Potchefstroom",1,8.6,Knights,Lions,RR Rossouw,RR Hendricks,AM Phangiso,0,0,,,,,,,,,
851969,2015/16,2015-11-25,"Senwes Park, Potchefstroom",1,9.1,Knights,Lions,RR Hendricks,RR Rossouw,E Leie,2,0,,,,,,,,,
851969,2015/16,2015-11-25,"Senwes Park, Potchefstroom",1,9.2,Knights,Lions,RR Hendricks,RR Rossouw,E Leie,0,0,,,,,,,,,
851969,2015/16,2015-11-25,"Senwes Park, Potchefstroom",1,9.3,Knights,Lions,RR Hendricks,RR Rossouw,E Leie,4,0,,,,,,,,,
851969,2015/16,2015-11-25,"Senwes Park, Potchefstroom",1,9.4,Knights,Lions,RR Hendricks,RR Rossouw,E Leie,2,0,,,,,,,,,
851969,2015/16,2015-11-25,"Senwes Park, Potchefstroom",1,9.5,Knights,Lions,RR Hendricks,RR Rossouw,E Leie,0,0,,,,,,,,,
851969,2015/16,2015-11-25,"Senwes Park, Potchefstroom",1,9.6,Knights,Lions,RR Hendricks,RR Rossouw,E Leie,1,0,,,,,,,,,
851969,2015/16,2015-11-25,"Senwes Park, Potchefstroom",1,10.1,Knights,Lions,RR Hendricks,RR Rossouw,AM Phangiso,0,0,,,,,,,,,
851969,2015/16,2015-11-25,"Senwes Park, Potchefstroom",1,10.2,Knights,Lions,RR Hendricks,RR Rossouw,AM Phangiso,1,0,,,,,,,,,
851969,2015/16,2015-11-25,"Senwes Park, Potchefstroom",1,10.3,Knights,Lions,RR Rossouw,RR Hendricks,AM Phangiso,0,0,,,,,,caught,RR Rossouw,,
851969,2015/16,2015-11-25,"Senwes Park, Potchefstroom",1,10.4,Knights,Lions,TB de Bruyn,RR Hendricks,AM Phangiso,0,0,,,,,,,,,
851969,2015/16,2015-11-25,"Senwes Park, Potchefstroom",1,10.5,Knights,Lions,TB de Bruyn,RR Hendricks,AM Phangiso,1,0,,,,,,,,,
851969,2015/16,2015-11-25,"Senwes Park, Potchefstroom",1,10.6,Knights,Lions,RR Hendricks,TB de Bruyn,AM Phangiso,1,0,,,,,,,,,
851969,2015/16,2015-11-25,"Senwes Park, Potchefstroom",1,11.1,Knights,Lions,RR Hendricks,TB de Bruyn,E Leie,0,0,,,,,,,,,
851969,2015/16,2015-11-25,"Senwes Park, Potchefstroom",1,11.2,Knights,Lions,RR Hendricks,TB de Bruyn,E Leie,1,0,,,,,,,,,
851969,2015/16,2015-11-25,"Senwes Park, Potchefstroom",1,11.3,Knights,Lions,TB de Bruyn,RR Hendricks,E Leie,1,0,,,,,,,,,
851969,2015/16,2015-11-25,"Senwes Park, Potchefstroom",1,11.4,Knights,Lions,RR Hendricks,TB de Bruyn,E Leie,4,0,,,,,,,,,
851969,2015/16,2015-11-25,"Senwes Park, Potchefstroom",1,11.5,Knights,Lions,RR Hendricks,TB de Bruyn,E Leie,1,0,,,,,,,,,
851969,2015/16,2015-11-25,"Senwes Park, Potchefstroom",1,11.6,Knights,Lions,TB de Bruyn,RR Hendricks,E Leie,0,0,,,,,,,,,
851969,2015/16,2015-11-25,"Senwes Park, Potchefstroom",1,12.1,Knights,Lions,RR Hendricks,TB de Bruyn,AM Phangiso,1,0,,,,,,,,,
851969,2015/16,2015-11-25,"Senwes Park, Potchefstroom",1,12.2,Knights,Lions,TB de Bruyn,RR Hendricks,AM Phangiso,0,0,,,,,,caught,TB de Bruyn,,
851969,2015/16,2015-11-25,"Senwes Park, Potchefstroom",1,12.3,Knights,Lions,AD Russell,RR Hendricks,AM Phangiso,1,0,,,,,,,,,
851969,2015/16,2015-11-25,"Senwes Park, Potchefstroom",1,12.4,Knights,Lions,RR Hendricks,AD Russell,AM Phangiso,1,0,,,,,,,,,
851969,2015/16,2015-11-25,"Senwes Park, Potchefstroom",1,12.5,Knights,Lions,AD Russell,RR Hendricks,AM Phangiso,1,0,,,,,,,,,
851969,2015/16,2015-11-25,"Senwes Park, Potchefstroom",1,12.6,Knights,Lions,RR Hendricks,AD Russell,AM Phangiso,1,0,,,,,,,,,
851969,2015/16,2015-11-25,"Senwes Park, Potchefstroom",1,13.1,Knights,Lions,RR Hendricks,AD Russell,E Leie,1,0,,,,,,,,,
851969,2015/16,2015-11-25,"Senwes Park, Potchefstroom",1,13.2,Knights,Lions,AD Russell,RR Hendricks,E Leie,0,0,,,,,,,,,
851969,2015/16,2015-11-25,"Senwes Park, Potchefstroom",1,13.3,Knights,Lions,AD Russell,RR Hendricks,E Leie,0,0,,,,,,,,,
851969,2015/16,2015-11-25,"Senwes Park, Potchefstroom",1,13.4,Knights,Lions,AD Russell,RR Hendricks,E Leie,4,0,,,,,,,,,
851969,2015/16,2015-11-25,"Senwes Park, Potchefstroom",1,13.5,Knights,Lions,AD Russell,RR Hendricks,E Leie,1,0,,,,,,,,,
851969,2015/16,2015-11-25,"Senwes Park, Potchefstroom",1,13.6,Knights,Lions,RR Hendricks,AD Russell,E Leie,1,0,,,,,,,,,
851969,2015/16,2015-11-25,"Senwes Park, Potchefstroom",1,14.1,Knights,Lions,RR Hendricks,AD Russell,GC Viljoen,0,0,,,,,,,,,
851969,2015/16,2015-11-25,"Senwes Park, Potchefstroom",1,14.2,Knights,Lions,RR Hendricks,AD Russell,GC Viljoen,1,0,,,,,,,,,
851969,2015/16,2015-11-25,"Senwes Park, Potchefstroom",1,14.3,Knights,Lions,AD Russell,RR Hendricks,GC Viljoen,4,0,,,,,,,,,
851969,2015/16,2015-11-25,"Senwes Park, Potchefstroom",1,14.4,Knights,Lions,AD Russell,RR Hendricks,GC Viljoen,0,0,,,,,,caught,AD Russell,,
851969,2015/16,2015-11-25,"Senwes Park, Potchefstroom",1,14.5,Knights,Lions,AR Swanepoel,RR Hendricks,GC Viljoen,0,0,,,,,,,,,
851969,2015/16,2015-11-25,"Senwes Park, Potchefstroom",1,14.6,Knights,Lions,AR Swanepoel,RR Hendricks,GC Viljoen,0,0,,,,,,,,,
851969,2015/16,2015-11-25,"Senwes Park, Potchefstroom",1,15.1,Knights,Lions,RR Hendricks,AR Swanepoel,E Leie,1,0,,,,,,,,,
851969,2015/16,2015-11-25,"Senwes Park, Potchefstroom",1,15.2,Knights,Lions,AR Swanepoel,RR Hendricks,E Leie,0,0,,,,,,,,,
851969,2015/16,2015-11-25,"Senwes Park, Potchefstroom",1,15.3,Knights,Lions,AR Swanepoel,RR Hendricks,E Leie,0,0,,,,,,,,,
851969,2015/16,2015-11-25,"Senwes Park, Potchefstroom",1,15.4,Knights,Lions,AR Swanepoel,RR Hendricks,E Leie,1,0,,,,,,,,,
851969,2015/16,2015-11-25,"Senwes Park, Potchefstroom",1,15.5,Knights,Lions,RR Hendricks,AR Swanepoel,E Leie,1,0,,,,,,,,,
851969,2015/16,2015-11-25,"Senwes Park, Potchefstroom",1,15.6,Knights,Lions,AR Swanepoel,RR Hendricks,E Leie,2,0,,,,,,,,,
851969,2015/16,2015-11-25,"Senwes Park, Potchefstroom",1,16.1,Knights,Lions,RR Hendricks,AR Swanepoel,GC Viljoen,4,0,,,,,,,,,
851969,2015/16,2015-11-25,"Senwes Park, Potchefstroom",1,16.2,Knights,Lions,RR Hendricks,AR Swanepoel,GC Viljoen,1,0,,,,,,,,,
851969,2015/16,2015-11-25,"Senwes Park, Potchefstroom",1,16.3,Knights,Lions,AR Swanepoel,RR Hendricks,GC Viljoen,0,1,1,,,,,,,,
851969,2015/16,2015-11-25,"Senwes Park, Potchefstroom",1,16.4,Knights,Lions,AR Swanepoel,RR Hendricks,GC Viljoen,1,0,,,,,,,,,
851969,2015/16,2015-11-25,"Senwes Park, Potchefstroom",1,16.5,Knights,Lions,RR Hendricks,AR Swanepoel,GC Viljoen,1,0,,,,,,,,,
851969,2015/16,2015-11-25,"Senwes Park, Potchefstroom",1,16.6,Knights,Lions,AR Swanepoel,RR Hendricks,GC Viljoen,4,0,,,,,,,,,
851969,2015/16,2015-11-25,"Senwes Park, Potchefstroom",1,16.7,Knights,Lions,AR Swanepoel,RR Hendricks,GC Viljoen,1,0,,,,,,,,,
851969,2015/16,2015-11-25,"Senwes Park, Potchefstroom",1,17.1,Knights,Lions,AR Swanepoel,RR Hendricks,LL Tsotsobe,4,0,,,,,,,,,
851969,2015/16,2015-11-25,"Senwes Park, Potchefstroom",1,17.2,Knights,Lions,AR Swanepoel,RR Hendricks,LL Tsotsobe,4,0,,,,,,,,,
851969,2015/16,2015-11-25,"Senwes Park, Potchefstroom",1,17.3,Knights,Lions,AR Swanepoel,RR Hendricks,LL Tsotsobe,0,0,,,,,,caught,AR Swanepoel,,
851969,2015/16,2015-11-25,"Senwes Park, Potchefstroom",1,17.4,Knights,Lions,RR Hendricks,D du Preez,LL Tsotsobe,1,0,,,,,,,,,
851969,2015/16,2015-11-25,"Senwes Park, Potchefstroom",1,17.5,Knights,Lions,D du Preez,RR Hendricks,LL Tsotsobe,0,1,1,,,,,,,,
851969,2015/16,2015-11-25,"Senwes Park, Potchefstroom",1,17.6,Knights,Lions,D du Preez,RR Hendricks,LL Tsotsobe,0,0,,,,,,caught,D du Preez,,
851969,2015/16,2015-11-25,"Senwes Park, Potchefstroom",1,17.7,Knights,Lions,RR Hendricks,TM Bodibe,LL Tsotsobe,4,0,,,,,,,,,
851969,2015/16,2015-11-25,"Senwes Park, Potchefstroom",1,18.1,Knights,Lions,TM Bodibe,RR Hendricks,D Pretorius,1,0,,,,,,,,,
851969,2015/16,2015-11-25,"Senwes Park, Potchefstroom",1,18.2,Knights,Lions,RR Hendricks,TM Bodibe,D Pretorius,1,0,,,,,,,,,
851969,2015/16,2015-11-25,"Senwes Park, Potchefstroom",1,18.3,Knights,Lions,TM Bodibe,RR Hendricks,D Pretorius,6,0,,,,,,,,,
851969,2015/16,2015-11-25,"Senwes Park, Potchefstroom",1,18.4,Knights,Lions,TM Bodibe,RR Hendricks,D Pretorius,0,1,1,,,,,,,,
851969,2015/16,2015-11-25,"Senwes Park, Potchefstroom",1,18.5,Knights,Lions,TM Bodibe,RR Hendricks,D Pretorius,4,0,,,,,,,,,
851969,2015/16,2015-11-25,"Senwes Park, Potchefstroom",1,18.6,Knights,Lions,TM Bodibe,RR Hendricks,D Pretorius,0,0,,,,,,,,,
851969,2015/16,2015-11-25,"Senwes Park, Potchefstroom",1,18.7,Knights,Lions,TM Bodibe,RR Hendricks,D Pretorius,2,0,,,,,,,,,
851969,2015/16,2015-11-25,"Senwes Park, Potchefstroom",1,19.1,Knights,Lions,RR Hendricks,TM Bodibe,LL Tsotsobe,1,0,,,,,,,,,
851969,2015/16,2015-11-25,"Senwes Park, Potchefstroom",1,19.2,Knights,Lions,TM Bodibe,RR Hendricks,LL Tsotsobe,6,0,,,,,,,,,
851969,2015/16,2015-11-25,"Senwes Park, Potchefstroom",1,19.3,Knights,Lions,TM Bodibe,RR Hendricks,LL Tsotsobe,2,0,,,,,,,,,
851969,2015/16,2015-11-25,"Senwes Park, Potchefstroom",1,19.4,Knights,Lions,TM Bodibe,RR Hendricks,LL Tsotsobe,1,0,,,,,,,,,
851969,2015/16,2015-11-25,"Senwes Park, Potchefstroom",1,19.5,Knights,Lions,RR Hendricks,TM Bodibe,LL Tsotsobe,1,0,,,,,,,,,
851969,2015/16,2015-11-25,"Senwes Park, Potchefstroom",1,19.6,Knights,Lions,TM Bodibe,RR Hendricks,LL Tsotsobe,0,1,,,,1,,,,,
851969,2015/16,2015-11-25,"Senwes Park, Potchefstroom",2,0.1,Lions,Knights,HE van der Dussen,DP Conway,D du Preez,1,0,,,,,,,,,
851969,2015/16,2015-11-25,"Senwes Park, Potchefstroom",2,0.2,Lions,Knights,DP Conway,HE van der Dussen,D du Preez,0,0,,,,,,,,,
851969,2015/16,2015-11-25,"Senwes Park, Potchefstroom",2,0.3,Lions,Knights,DP Conway,HE van der Dussen,D du Preez,0,0,,,,,,,,,
851969,2015/16,2015-11-25,"Senwes Park, Potchefstroom",2,0.4,Lions,Knights,DP Conway,HE van der Dussen,D du Preez,2,0,,,,,,,,,
851969,2015/16,2015-11-25,"Senwes Park, Potchefstroom",2,0.5,Lions,Knights,DP Conway,HE van der Dussen,D du Preez,0,1,,,,1,,,,,
851969,2015/16,2015-11-25,"Senwes Park, Potchefstroom",2,0.6,Lions,Knights,HE van der Dussen,DP Conway,D du Preez,0,0,,,,,,,,,
851969,2015/16,2015-11-25,"Senwes Park, Potchefstroom",2,1.1,Lions,Knights,DP Conway,HE van der Dussen,AD Russell,0,0,,,,,,,,,
851969,2015/16,2015-11-25,"Senwes Park, Potchefstroom",2,1.2,Lions,Knights,DP Conway,HE van der Dussen,AD Russell,0,0,,,,,,,,,
851969,2015/16,2015-11-25,"Senwes Park, Potchefstroom",2,1.3,Lions,Knights,DP Conway,HE van der Dussen,AD Russell,0,0,,,,,,,,,
851969,2015/16,2015-11-25,"Senwes Park, Potchefstroom",2,1.4,Lions,Knights,DP Conway,HE van der Dussen,AD Russell,1,0,,,,,,,,,
851969,2015/16,2015-11-25,"Senwes Park, Potchefstroom",2,1.5,Lions,Knights,HE van der Dussen,DP Conway,AD Russell,0,0,,,,,,,,,
851969,2015/16,2015-11-25,"Senwes Park, Potchefstroom",2,1.6,Lions,Knights,HE van der Dussen,DP Conway,AD Russell,0,0,,,,,,,,,
851969,2015/16,2015-11-25,"Senwes Park, Potchefstroom",2,2.1,Lions,Knights,DP Conway,HE van der Dussen,D du Preez,6,0,,,,,,,,,
851969,2015/16,2015-11-25,"Senwes Park, Potchefstroom",2,2.2,Lions,Knights,DP Conway,HE van der Dussen,D du Preez,0,0,,,,,,,,,
851969,2015/16,2015-11-25,"Senwes Park, Potchefstroom",2,2.3,Lions,Knights,DP Conway,HE van der Dussen,D du Preez,0,0,,,,,,,,,
851969,2015/16,2015-11-25,"Senwes Park, Potchefstroom",2,2.4,Lions,Knights,DP Conway,HE van der Dussen,D du Preez,0,1,1,,,,,,,,
851969,2015/16,2015-11-25,"Senwes Park, Potchefstroom",2,2.5,Lions,Knights,DP Conway,HE van der Dussen,D du Preez,0,0,,,,,,,,,
851969,2015/16,2015-11-25,"Senwes Park, Potchefstroom",2,2.6,Lions,Knights,DP Conway,HE van der Dussen,D du Preez,0,0,,,,,,,,,
851969,2015/16,2015-11-25,"Senwes Park, Potchefstroom",2,2.7,Lions,Knights,DP Conway,HE van der Dussen,D du Preez,4,0,,,,,,,,,
851969,2015/16,2015-11-25,"Senwes Park, Potchefstroom",2,3.1,Lions,Knights,HE van der Dussen,DP Conway,MP Siboto,6,0,,,,,,,,,
851969,2015/16,2015-11-25,"Senwes Park, Potchefstroom",2,3.2,Lions,Knights,HE van der Dussen,DP Conway,MP Siboto,0,0,,,,,,,,,
851969,2015/16,2015-11-25,"Senwes Park, Potchefstroom",2,3.3,Lions,Knights,HE van der Dussen,DP Conway,MP Siboto,0,1,1,,,,,,,,
851969,2015/16,2015-11-25,"Senwes Park, Potchefstroom",2,3.4,Lions,Knights,HE van der Dussen,DP Conway,MP Siboto,0,0,,,,,,,,,
851969,2015/16,2015-11-25,"Senwes Park, Potchefstroom",2,3.5,Lions,Knights,HE van der Dussen,DP Conway,MP Siboto,4,0,,,,,,,,,
851969,2015/16,2015-11-25,"Senwes Park, Potchefstroom",2,3.6,Lions,Knights,HE van der Dussen,DP Conway,MP Siboto,1,0,,,,,,,,,
851969,2015/16,2015-11-25,"Senwes Park, Potchefstroom",2,3.7,Lions,Knights,DP Conway,HE van der Dussen,MP Siboto,4,0,,,,,,,,,
851969,2015/16,2015-11-25,"Senwes Park, Potchefstroom",2,4.1,Lions,Knights,HE van der Dussen,DP Conway,SC van Schalkwyk,2,0,,,,,,,,,
851969,2015/16,2015-11-25,"Senwes Park, Potchefstroom",2,4.2,Lions,Knights,HE van der Dussen,DP Conway,SC van Schalkwyk,6,0,,,,,,,,,
851969,2015/16,2015-11-25,"Senwes Park, Potchefstroom",2,4.3,Lions,Knights,HE van der Dussen,DP Conway,SC van Schalkwyk,1,0,,,,,,,,,
851969,2015/16,2015-11-25,"Senwes Park, Potchefstroom",2,4.4,Lions,Knights,DP Conway,HE van der Dussen,SC van Schalkwyk,4,0,,,,,,,,,
851969,2015/16,2015-11-25,"Senwes Park, Potchefstroom",2,4.5,Lions,Knights,DP Conway,HE van der Dussen,SC van Schalkwyk,4,0,,,,,,,,,
851969,2015/16,2015-11-25,"Senwes Park, Potchefstroom",2,4.6,Lions,Knights,DP Conway,HE van der Dussen,SC van Schalkwyk,0,0,,,,,,,,,
851969,2015/16,2015-11-25,"Senwes Park, Potchefstroom",2,5.1,Lions,Knights,HE van der Dussen,DP Conway,AD Russell,4,0,,,,,,,,,
851969,2015/16,2015-11-25,"Senwes Park, Potchefstroom",2,5.2,Lions,Knights,HE van der Dussen,DP Conway,AD Russell,1,0,,,,,,,,,
851969,2015/16,2015-11-25,"Senwes Park, Potchefstroom",2,5.3,Lions,Knights,DP Conway,HE van der Dussen,AD Russell,1,0,,,,,,,,,
851969,2015/16,2015-11-25,"Senwes Park, Potchefstroom",2,5.4,Lions,Knights,HE van der Dussen,DP Conway,AD Russell,1,0,,,,,,,,,
851969,2015/16,2015-11-25,"Senwes Park, Potchefstroom",2,5.5,Lions,Knights,DP Conway,HE van der Dussen,AD Russell,0,0,,,,,,,,,
851969,2015/16,2015-11-25,"Senwes Park, Potchefstroom",2,5.6,Lions,Knights,DP Conway,HE van der Dussen,AD Russell,1,0,,,,,,,,,
851969,2015/16,2015-11-25,"Senwes Park, Potchefstroom",2,6.1,Lions,Knights,DP Conway,HE van der Dussen,D du Preez,0,0,,,,,,,,,
851969,2015/16,2015-11-25,"Senwes Park, Potchefstroom",2,6.2,Lions,Knights,DP Conway,HE van der Dussen,D du Preez,1,0,,,,,,,,,
851969,2015/16,2015-11-25,"Senwes Park, Potchefstroom",2,6.3,Lions,Knights,HE van der Dussen,DP Conway,D du Preez,1,0,,,,,,,,,
851969,2015/16,2015-11-25,"Senwes Park, Potchefstroom",2,6.4,Lions,Knights,DP Conway,HE van der Dussen,D du Preez,0,0,,,,,,,,,
851969,2015/16,2015-11-25,"Senwes Park, Potchefstroom",2,6.5,Lions,Knights,DP Conway,HE van der Dussen,D du Preez,1,0,,,,,,,,,
851969,2015/16,2015-11-25,"Senwes Park, Potchefstroom",2,6.6,Lions,Knights,HE van der Dussen,DP Conway,D du Preez,1,0,,,,,,,,,
851969,2015/16,2015-11-25,"Senwes Park, Potchefstroom",2,7.1,Lions,Knights,HE van der Dussen,DP Conway,WL Coetsee,0,0,,,,,,,,,
851969,2015/16,2015-11-25,"Senwes Park, Potchefstroom",2,7.2,Lions,Knights,HE van der Dussen,DP Conway,WL Coetsee,4,0,,,,,,,,,
851969,2015/16,2015-11-25,"Senwes Park, Potchefstroom",2,7.3,Lions,Knights,HE van der Dussen,DP Conway,WL Coetsee,0,1,,,1,,,,,,
851969,2015/16,2015-11-25,"Senwes Park, Potchefstroom",2,7.4,Lions,Knights,DP Conway,HE van der Dussen,WL Coetsee,0,0,,,,,,,,,
851969,2015/16,2015-11-25,"Senwes Park, Potchefstroom",2,7.5,Lions,Knights,DP Conway,HE van der Dussen,WL Coetsee,4,0,,,,,,,,,
851969,2015/16,2015-11-25,"Senwes Park, Potchefstroom",2,7.6,Lions,Knights,DP Conway,HE van der Dussen,WL Coetsee,1,0,,,,,,,,,
851969,2015/16,2015-11-25,"Senwes Park, Potchefstroom",2,8.1,Lions,Knights,DP Conway,HE van der Dussen,MP Siboto,0,0,,,,,,,,,
851969,2015/16,2015-11-25,"Senwes Park, Potchefstroom",2,8.2,Lions,Knights,DP Conway,HE van der Dussen,MP Siboto,0,0,,,,,,,,,
851969,2015/16,2015-11-25,"Senwes Park, Potchefstroom",2,8.3,Lions,Knights,DP Conway,HE van der Dussen,MP Siboto,0,0,,,,,,,,,
851969,2015/16,2015-11-25,"Senwes Park, Potchefstroom",2,8.4,Lions,Knights,DP Conway,HE van der Dussen,MP Siboto,0,0,,,,,,,,,
851969,2015/16,2015-11-25,"Senwes Park, Potchefstroom",2,8.5,Lions,Knights,DP Conway,HE van der Dussen,MP Siboto,2,0,,,,,,,,,
851969,2015/16,2015-11-25,"Senwes Park, Potchefstroom",2,8.6,Lions,Knights,DP Conway,HE van der Dussen,MP Siboto,0,0,,,,,,caught,DP Conway,,
851969,2015/16,2015-11-25,"Senwes Park, Potchefstroom",2,9.1,Lions,Knights,HE van der Dussen,AN Petersen,WL Coetsee,0,0,,,,,,,,,
851969,2015/16,2015-11-25,"Senwes Park, Potchefstroom",2,9.2,Lions,Knights,HE van der Dussen,AN Petersen,WL Coetsee,1,0,,,,,,,,,
851969,2015/16,2015-11-25,"Senwes Park, Potchefstroom",2,9.3,Lions,Knights,AN Petersen,HE van der Dussen,WL Coetsee,1,0,,,,,,,,,
851969,2015/16,2015-11-25,"Senwes Park, Potchefstroom",2,9.4,Lions,Knights,HE van der Dussen,AN Petersen,WL Coetsee,4,0,,,,,,,,,
851969,2015/16,2015-11-25,"Senwes Park, Potchefstroom",2,9.5,Lions,Knights,HE van der Dussen,AN Petersen,WL Coetsee,1,0,,,,,,,,,
851969,2015/16,2015-11-25,"Senwes Park, Potchefstroom",2,9.6,Lions,Knights,AN Petersen,HE van der Dussen,WL Coetsee,0,0,,,,,,caught,AN Petersen,,
851969,2015/16,2015-11-25,"Senwes Park, Potchefstroom",2,10.1,Lions,Knights,HE van der Dussen,AJ Malan,T Ntuli,1,0,,,,,,,,,
851969,2015/16,2015-11-25,"Senwes Park, Potchefstroom",2,10.2,Lions,Knights,AJ Malan,HE van der Dussen,T Ntuli,0,0,,,,,,,,,
851969,2015/16,2015-11-25,"Senwes Park, Potchefstroom",2,10.3,Lions,Knights,AJ Malan,HE van der Dussen,T Ntuli,4,0,,,,,,,,,
851969,2015/16,2015-11-25,"Senwes Park, Potchefstroom",2,10.4,Lions,Knights,AJ Malan,HE van der Dussen,T Ntuli,0,0,,,,,,,,,
851969,2015/16,2015-11-25,"Senwes Park, Potchefstroom",2,10.5,Lions,Knights,AJ Malan,HE van der Dussen,T Ntuli,0,0,,,,,,,,,
851969,2015/16,2015-11-25,"Senwes Park, Potchefstroom",2,10.6,Lions,Knights,AJ Malan,HE van der Dussen,T Ntuli,1,0,,,,,,,,,
851969,2015/16,2015-11-25,"Senwes Park, Potchefstroom",2,11.1,Lions,Knights,AJ Malan,HE van der Dussen,WL Coetsee,1,0,,,,,,,,,
851969,2015/16,2015-11-25,"Senwes Park, Potchefstroom",2,11.2,Lions,Knights,HE van der Dussen,AJ Malan,WL Coetsee,0,1,1,,,,,,,,
851969,2015/16,2015-11-25,"Senwes Park, Potchefstroom",2,11.3,Lions,Knights,HE van der Dussen,AJ Malan,WL Coetsee,0,0,,,,,,caught,HE van der Dussen,,
851969,2015/16,2015-11-25,"Senwes Park, Potchefstroom",2,11.4,Lions,Knights,TL Tsolekile,AJ Malan,WL Coetsee,1,0,,,,,,,,,
851969,2015/16,2015-11-25,"Senwes Park, Potchefstroom",2,11.5,Lions,Knights,AJ Malan,TL Tsolekile,WL Coetsee,0,0,,,,,,,,,
851969,2015/16,2015-11-25,"Senwes Park, Potchefstroom",2,11.6,Lions,Knights,AJ Malan,TL Tsolekile,WL Coetsee,0,0,,,,,,,,,
851969,2015/16,2015-11-25,"Senwes Park, Potchefstroom",2,11.7,Lions,Knights,AJ Malan,TL Tsolekile,WL Coetsee,1,0,,,,,,,,,
851969,2015/16,2015-11-25,"Senwes Park, Potchefstroom",2,12.1,Lions,Knights,AJ Malan,TL Tsolekile,SC van Schalkwyk,0,0,,,,,,,,,
851969,2015/16,2015-11-25,"Senwes Park, Potchefstroom",2,12.2,Lions,Knights,AJ Malan,TL Tsolekile,SC van Schalkwyk,1,0,,,,,,,,,
851969,2015/16,2015-11-25,"Senwes Park, Potchefstroom",2,12.3,Lions,Knights,TL Tsolekile,AJ Malan,SC van Schalkwyk,2,0,,,,,,,,,
851969,2015/16,2015-11-25,"Senwes Park, Potchefstroom",2,12.4,Lions,Knights,TL Tsolekile,AJ Malan,SC van Schalkwyk,0,0,,,,,,,,,
851969,2015/16,2015-11-25,"Senwes Park, Potchefstroom",2,12.5,Lions,Knights,TL Tsolekile,AJ Malan,SC van Schalkwyk,2,0,,,,,,,,,
851969,2015/16,2015-11-25,"Senwes Park, Potchefstroom",2,12.6,Lions,Knights,TL Tsolekile,AJ Malan,SC van Schalkwyk,1,0,,,,,,,,,
851969,2015/16,2015-11-25,"Senwes Park, Potchefstroom",2,13.1,Lions,Knights,TL Tsolekile,AJ Malan,D du Preez,1,0,,,,,,,,,
851969,2015/16,2015-11-25,"Senwes Park, Potchefstroom",2,13.2,Lions,Knights,AJ Malan,TL Tsolekile,D du Preez,2,0,,,,,,,,,
851969,2015/16,2015-11-25,"Senwes Park, Potchefstroom",2,13.3,Lions,Knights,AJ Malan,TL Tsolekile,D du Preez,4,0,,,,,,,,,
851969,2015/16,2015-11-25,"Senwes Park, Potchefstroom",2,13.4,Lions,Knights,AJ Malan,TL Tsolekile,D du Preez,1,0,,,,,,,,,
851969,2015/16,2015-11-25,"Senwes Park, Potchefstroom",2,13.5,Lions,Knights,TL Tsolekile,AJ Malan,D du Preez,4,0,,,,,,,,,
851969,2015/16,2015-11-25,"Senwes Park, Potchefstroom",2,13.6,Lions,Knights,TL Tsolekile,AJ Malan,D du Preez,4,0,,,,,,,,,
851969,2015/16,2015-11-25,"Senwes Park, Potchefstroom",2,14.1,Lions,Knights,AJ Malan,TL Tsolekile,SC van Schalkwyk,1,0,,,,,,,,,
851969,2015/16,2015-11-25,"Senwes Park, Potchefstroom",2,14.2,Lions,Knights,TL Tsolekile,AJ Malan,SC van Schalkwyk,4,0,,,,,,,,,
851969,2015/16,2015-11-25,"Senwes Park, Potchefstroom",2,14.3,Lions,Knights,TL Tsolekile,AJ Malan,SC van Schalkwyk,0,0,,,,,,,,,
851969,2015/16,2015-11-25,"Senwes Park, Potchefstroom",2,14.4,Lions,Knights,TL Tsolekile,AJ Malan,SC van Schalkwyk,0,0,,,,,,,,,
851969,2015/16,2015-11-25,"Senwes Park, Potchefstroom",2,14.5,Lions,Knights,TL Tsolekile,AJ Malan,SC van Schalkwyk,0,0,,,,,,,,,
851969,2015/16,2015-11-25,"Senwes Park, Potchefstroom",2,14.6,Lions,Knights,TL Tsolekile,AJ Malan,SC van Schalkwyk,0,0,,,,,,,,,
851969,2015/16,2015-11-25,"Senwes Park, Potchefstroom",2,15.1,Lions,Knights,AJ Malan,TL Tsolekile,MP Siboto,0,0,,,,,,,,,
851969,2015/16,2015-11-25,"Senwes Park, Potchefstroom",2,15.2,Lions,Knights,AJ Malan,TL Tsolekile,MP Siboto,0,0,,,,,,,,,
851969,2015/16,2015-11-25,"Senwes Park, Potchefstroom",2,15.3,Lions,Knights,AJ Malan,TL Tsolekile,MP Siboto,3,0,,,,,,,,,
851969,2015/16,2015-11-25,"Senwes Park, Potchefstroom",2,15.4,Lions,Knights,TL Tsolekile,AJ Malan,MP Siboto,1,0,,,,,,,,,
851969,2015/16,2015-11-25,"Senwes Park, Potchefstroom",2,15.5,Lions,Knights,AJ Malan,TL Tsolekile,MP Siboto,1,0,,,,,,,,,
851969,2015/16,2015-11-25,"Senwes Park, Potchefstroom",2,15.6,Lions,Knights,TL Tsolekile,AJ Malan,MP Siboto,0,0,,,,,,bowled,TL Tsolekile,,
851969,2015/16,2015-11-25,"Senwes Park, Potchefstroom",2,16.1,Lions,Knights,AJ Malan,D Pretorius,AD Russell,4,0,,,,,,,,,
851969,2015/16,2015-11-25,"Senwes Park, Potchefstroom",2,16.2,Lions,Knights,AJ Malan,D Pretorius,AD Russell,1,0,,,,,,,,,
851969,2015/16,2015-11-25,"Senwes Park, Potchefstroom",2,16.3,Lions,Knights,D Pretorius,AJ Malan,AD Russell,2,0,,,,,,,,,
851969,2015/16,2015-11-25,"Senwes Park, Potchefstroom",2,16.4,Lions,Knights,D Pretorius,AJ Malan,AD Russell,0,0,,,,,,caught,D Pretorius,,
851969,2015/16,2015-11-25,"Senwes Park, Potchefstroom",2,16.5,Lions,Knights,S Pillay,AJ Malan,AD Russell,1,0,,,,,,,,,
851969,2015/16,2015-11-25,"Senwes Park, Potchefstroom",2,16.6,Lions,Knights,AJ Malan,S Pillay,AD Russell,0,0,,,,,,,,,
851969,2015/16,2015-11-25,"Senwes Park, Potchefstroom",2,17.1,Lions,Knights,S Pillay,AJ Malan,SC van Schalkwyk,0,0,,,,,,caught,S Pillay,,
851969,2015/16,2015-11-25,"Senwes Park, Potchefstroom",2,17.2,Lions,Knights,AJ Malan,GC Viljoen,SC van Schalkwyk,0,0,,,,,,caught,AJ Malan,,
851969,2015/16,2015-11-25,"Senwes Park, Potchefstroom",2,17.3,Lions,Knights,AM Phangiso,GC Viljoen,SC van Schalkwyk,1,0,,,,,,,,,
851969,2015/16,2015-11-25,"Senwes Park, Potchefstroom",2,17.4,Lions,Knights,GC Viljoen,AM Phangiso,SC van Schalkwyk,2,0,,,,,,,,,
851969,2015/16,2015-11-25,"Senwes Park, Potchefstroom",2,17.5,Lions,Knights,GC Viljoen,AM Phangiso,SC van Schalkwyk,0,1,,,,1,,,,,
851969,2015/16,2015-11-25,"Senwes Park, Potchefstroom",2,17.6,Lions,Knights,AM Phangiso,GC Viljoen,SC van Schalkwyk,0,1,1,,,,,,,,
851969,2015/16,2015-11-25,"Senwes Park, Potchefstroom",2,17.7,Lions,Knights,AM Phangiso,GC Viljoen,SC van Schalkwyk,1,0,,,,,,,,,
851969,2015/16,2015-11-25,"Senwes Park, Potchefstroom",2,18.1,Lions,Knights,AM Phangiso,GC Viljoen,AD Russell,4,0,,,,,,,,,
851969,2015/16,2015-11-25,"Senwes Park, Potchefstroom",2,18.2,Lions,Knights,AM Phangiso,GC Viljoen,AD Russell,0,0,,,,,,,,,
851969,2015/16,2015-11-25,"Senwes Park, Potchefstroom",2,18.3,Lions,Knights,AM Phangiso,GC Viljoen,AD Russell,0,0,,,,,,,,,
851969,2015/16,2015-11-25,"Senwes Park, Potchefstroom",2,18.4,Lions,Knights,AM Phangiso,GC Viljoen,AD Russell,0,0,,,,,,run out,AM Phangiso,,
851969,2015/16,2015-11-25,"Senwes Park, Potchefstroom",2,18.5,Lions,Knights,GC Viljoen,E Leie,AD Russell,0,0,,,,,,,,,
851969,2015/16,2015-11-25,"Senwes Park, Potchefstroom",2,18.6,Lions,Knights,GC Viljoen,E Leie,AD Russell,0,0,,,,,,,,,
851969,2015/16,2015-11-25,"Senwes Park, Potchefstroom",2,19.1,Lions,Knights,E Leie,GC Viljoen,MP Siboto,0,0,,,,,,,,,
851969,2015/16,2015-11-25,"Senwes Park, Potchefstroom",2,19.2,Lions,Knights,E Leie,GC Viljoen,MP Siboto,1,0,,,,,,,,,
851969,2015/16,2015-11-25,"Senwes Park, Potchefstroom",2,19.3,Lions,Knights,GC Viljoen,E Leie,MP Siboto,1,0,,,,,,,,,
851969,2015/16,2015-11-25,"Senwes Park, Potchefstroom",2,19.4,Lions,Knights,E Leie,GC Viljoen,MP Siboto,4,0,,,,,,,,,
851969,2015/16,2015-11-25,"Senwes Park, Potchefstroom",2,19.5,Lions,Knights,E Leie,GC Viljoen,MP Siboto,0,0,,,,,,caught,E Leie,,
851969,2015/16,2015-11-25,"Senwes Park, Potchefstroom",2,19.6,Lions,Knights,GC Viljoen,LL Tsotsobe,MP Siboto,0,0,,,,,,,,,
