match_id,season,start_date,venue,innings,ball,batting_team,bowling_team,striker,non_striker,bowler,runs_off_bat,extras,wides,noballs,byes,legbyes,penalty,wicket_type,player_dismissed,other_wicket_type,other_player_dismissed
851947,2015/16,2015-11-11,"Diamond Oval, Kimberley",1,0.1,Knights,Cape Cobras,RR Hendricks,RS Second,WD Parnell,0,1,1,,,,,,,,
851947,2015/16,2015-11-11,"Diamond Oval, Kimberley",1,0.2,Knights,Cape Cobras,RR Hendricks,RS Second,WD Parnell,0,0,,,,,,,,,
851947,2015/16,2015-11-11,"Diamond Oval, Kimberley",1,0.3,Knights,Cape Cobras,RR Hendricks,RS Second,WD Parnell,1,0,,,,,,,,,
851947,2015/16,2015-11-11,"Diamond Oval, Kimberley",1,0.4,Knights,Cape Cobras,RS Second,RR Hendricks,WD Parnell,1,0,,,,,,,,,
851947,2015/16,2015-11-11,"Diamond Oval, Kimberley",1,0.5,Knights,Cape Cobras,RR Hendricks,RS Second,WD Parnell,0,0,,,,,,,,,
851947,2015/16,2015-11-11,"Diamond Oval, Kimberley",1,0.6,Knights,Cape Cobras,RR Hendricks,RS Second,WD Parnell,4,0,,,,,,,,,
851947,2015/16,2015-11-11,"Diamond Oval, Kimberley",1,0.7,Knights,Cape Cobras,RR Hendricks,RS Second,WD Parnell,2,0,,,,,,,,,
851947,2015/16,2015-11-11,"Diamond Oval, Kimberley",1,1.1,Knights,Cape Cobras,RS Second,RR Hendricks,RK Kleinveldt,0,1,1,,,,,,,,
851947,2015/16,2015-11-11,"Diamond Oval, Kimberley",1,1.2,Knights,Cape Cobras,RS Second,RR Hendricks,RK Kleinveldt,1,0,,,,,,,,,
851947,2015/16,2015-11-11,"Diamond Oval, Kimberley",1,1.3,Knights,Cape Cobras,RR Hendricks,RS Second,RK Kleinveldt,0,0,,,,,,,,,
851947,2015/16,2015-11-11,"Diamond Oval, Kimberley",1,1.4,Knights,Cape Cobras,RR Hendricks,RS Second,RK Kleinveldt,0,0,,,,,,,,,
851947,2015/16,2015-11-11,"Diamond Oval, Kimberley",1,1.5,Knights,Cape Cobras,RR Hendricks,RS Second,RK Kleinveldt,0,0,,,,,,,,,
851947,2015/16,2015-11-11,"Diamond Oval, Kimberley",1,1.6,Knights,Cape Cobras,RR Hendricks,RS Second,RK Kleinveldt,0,0,,,,,,,,,
851947,2015/16,2015-11-11,"Diamond Oval, Kimberley",1,1.7,Knights,Cape Cobras,RR Hendricks,RS Second,RK Kleinveldt,4,0,,,,,,,,,
851947,2015/16,2015-11-11,"Diamond Oval, Kimberley",1,2.1,Knights,Cape Cobras,RS Second,RR Hendricks,WD Parnell,0,0,,,,,,,,,
851947,2015/16,2015-11-11,"Diamond Oval, Kimberley",1,2.2,Knights,Cape Cobras,RS Second,RR Hendricks,WD Parnell,0,0,,,,,,,,,
851947,2015/16,2015-11-11,"Diamond Oval, Kimberley",1,2.3,Knights,Cape Cobras,RS Second,RR Hendricks,WD Parnell,0,0,,,,,,,,,
851947,2015/16,2015-11-11,"Diamond Oval, Kimberley",1,2.4,Knights,Cape Cobras,RS Second,RR Hendricks,WD Parnell,4,0,,,,,,,,,
851947,2015/16,2015-11-11,"Diamond Oval, Kimberley",1,2.5,Knights,Cape Cobras,RS Second,RR Hendricks,WD Parnell,4,0,,,,,,,,,
851947,2015/16,2015-11-11,"Diamond Oval, Kimberley",1,2.6,Knights,Cape Cobras,RS Second,RR Hendricks,WD Parnell,4,0,,,,,,,,,
851947,2015/16,2015-11-11,"Diamond Oval, Kimberley",1,3.1,Knights,Cape Cobras,RR Hendricks,RS Second,RK Kleinveldt,0,0,,,,,,,,,
851947,2015/16,2015-11-11,"Diamond Oval, Kimberley",1,3.2,Knights,Cape Cobras,RR Hendricks,RS Second,RK Kleinveldt,0,0,,,,,,,,,
851947,2015/16,2015-11-11,"Diamond Oval, Kimberley",1,3.3,Knights,Cape Cobras,RR Hendricks,RS Second,RK Kleinveldt,0,0,,,,,,,,,
851947,2015/16,2015-11-11,"Diamond Oval, Kimberley",1,3.4,Knights,Cape Cobras,RR Hendricks,RS Second,RK Kleinveldt,1,0,,,,,,,,,
851947,2015/16,2015-11-11,"Diamond Oval, Kimberley",1,3.5,Knights,Cape Cobras,RS Second,RR Hendricks,RK Kleinveldt,4,0,,,,,,,,,
851947,2015/16,2015-11-11,"Diamond Oval, Kimberley",1,3.6,Knights,Cape Cobras,RS Second,RR Hendricks,RK Kleinveldt,4,0,,,,,,,,,
851947,2015/16,2015-11-11,"Diamond Oval, Kimberley",1,4.1,Knights,Cape Cobras,RR Hendricks,RS Second,M Shezi,0,0,,,,,,,,,
851947,2015/16,2015-11-11,"Diamond Oval, Kimberley",1,4.2,Knights,Cape Cobras,RR Hendricks,RS Second,M Shezi,0,0,,,,,,,,,
851947,2015/16,2015-11-11,"Diamond Oval, Kimberley",1,4.3,Knights,Cape Cobras,RR Hendricks,RS Second,M Shezi,0,0,,,,,,,,,
851947,2015/16,2015-11-11,"Diamond Oval, Kimberley",1,4.4,Knights,Cape Cobras,RR Hendricks,RS Second,M Shezi,2,0,,,,,,,,,
851947,2015/16,2015-11-11,"Diamond Oval, Kimberley",1,4.5,Knights,Cape Cobras,RR Hendricks,RS Second,M Shezi,0,0,,,,,,,,,
851947,2015/16,2015-11-11,"Diamond Oval, Kimberley",1,4.6,Knights,Cape Cobras,RR Hendricks,RS Second,M Shezi,0,1,1,,,,,,,,
851947,2015/16,2015-11-11,"Diamond Oval, Kimberley",1,4.7,Knights,Cape Cobras,RR Hendricks,RS Second,M Shezi,0,0,,,,,,,,,
851947,2015/16,2015-11-11,"Diamond Oval, Kimberley",1,5.1,Knights,Cape Cobras,RS Second,RR Hendricks,D Paterson,2,0,,,,,,,,,
851947,2015/16,2015-11-11,"Diamond Oval, Kimberley",1,5.2,Knights,Cape Cobras,RS Second,RR Hendricks,D Paterson,1,0,,,,,,,,,
851947,2015/16,2015-11-11,"Diamond Oval, Kimberley",1,5.3,Knights,Cape Cobras,RR Hendricks,RS Second,D Paterson,4,0,,,,,,,,,
851947,2015/16,2015-11-11,"Diamond Oval, Kimberley",1,5.4,Knights,Cape Cobras,RR Hendricks,RS Second,D Paterson,4,0,,,,,,,,,
851947,2015/16,2015-11-11,"Diamond Oval, Kimberley",1,5.5,Knights,Cape Cobras,RR Hendricks,RS Second,D Paterson,2,0,,,,,,,,,
851947,2015/16,2015-11-11,"Diamond Oval, Kimberley",1,5.6,Knights,Cape Cobras,RR Hendricks,RS Second,D Paterson,4,0,,,,,,,,,
851947,2015/16,2015-11-11,"Diamond Oval, Kimberley",1,6.1,Knights,Cape Cobras,RS Second,RR Hendricks,M Shezi,0,1,,,1,,,,,,
851947,2015/16,2015-11-11,"Diamond Oval, Kimberley",1,6.2,Knights,Cape Cobras,RR Hendricks,RS Second,M Shezi,4,0,,,,,,,,,
851947,2015/16,2015-11-11,"Diamond Oval, Kimberley",1,6.3,Knights,Cape Cobras,RR Hendricks,RS Second,M Shezi,1,0,,,,,,,,,
851947,2015/16,2015-11-11,"Diamond Oval, Kimberley",1,6.4,Knights,Cape Cobras,RS Second,RR Hendricks,M Shezi,0,0,,,,,,,,,
851947,2015/16,2015-11-11,"Diamond Oval, Kimberley",1,6.5,Knights,Cape Cobras,RS Second,RR Hendricks,M Shezi,1,0,,,,,,,,,
851947,2015/16,2015-11-11,"Diamond Oval, Kimberley",1,6.6,Knights,Cape Cobras,RR Hendricks,RS Second,M Shezi,1,0,,,,,,,,,
851947,2015/16,2015-11-11,"Diamond Oval, Kimberley",1,7.1,Knights,Cape Cobras,RR Hendricks,RS Second,GF Linde,0,0,,,,,,,,,
851947,2015/16,2015-11-11,"Diamond Oval, Kimberley",1,7.2,Knights,Cape Cobras,RR Hendricks,RS Second,GF Linde,1,0,,,,,,,,,
851947,2015/16,2015-11-11,"Diamond Oval, Kimberley",1,7.3,Knights,Cape Cobras,RS Second,RR Hendricks,GF Linde,2,0,,,,,,,,,
851947,2015/16,2015-11-11,"Diamond Oval, Kimberley",1,7.4,Knights,Cape Cobras,RS Second,RR Hendricks,GF Linde,1,0,,,,,,,,,
851947,2015/16,2015-11-11,"Diamond Oval, Kimberley",1,7.5,Knights,Cape Cobras,RR Hendricks,RS Second,GF Linde,0,0,,,,,,,,,
851947,2015/16,2015-11-11,"Diamond Oval, Kimberley",1,7.6,Knights,Cape Cobras,RR Hendricks,RS Second,GF Linde,1,0,,,,,,,,,
851947,2015/16,2015-11-11,"Diamond Oval, Kimberley",1,8.1,Knights,Cape Cobras,RR Hendricks,RS Second,D Paterson,1,0,,,,,,,,,
851947,2015/16,2015-11-11,"Diamond Oval, Kimberley",1,8.2,Knights,Cape Cobras,RS Second,RR Hendricks,D Paterson,1,0,,,,,,,,,
851947,2015/16,2015-11-11,"Diamond Oval, Kimberley",1,8.3,Knights,Cape Cobras,RR Hendricks,RS Second,D Paterson,4,0,,,,,,,,,
851947,2015/16,2015-11-11,"Diamond Oval, Kimberley",1,8.4,Knights,Cape Cobras,RR Hendricks,RS Second,D Paterson,2,0,,,,,,,,,
851947,2015/16,2015-11-11,"Diamond Oval, Kimberley",1,8.5,Knights,Cape Cobras,RR Hendricks,RS Second,D Paterson,0,0,,,,,,,,,
851947,2015/16,2015-11-11,"Diamond Oval, Kimberley",1,8.6,Knights,Cape Cobras,RR Hendricks,RS Second,D Paterson,4,0,,,,,,,,,
851947,2015/16,2015-11-11,"Diamond Oval, Kimberley",1,9.1,Knights,Cape Cobras,RS Second,RR Hendricks,SA Engelbrecht,1,0,,,,,,,,,
851947,2015/16,2015-11-11,"Diamond Oval, Kimberley",1,9.2,Knights,Cape Cobras,RR Hendricks,RS Second,SA Engelbrecht,1,0,,,,,,,,,
851947,2015/16,2015-11-11,"Diamond Oval, Kimberley",1,9.3,Knights,Cape Cobras,RS Second,RR Hendricks,SA Engelbrecht,0,0,,,,,,,,,
851947,2015/16,2015-11-11,"Diamond Oval, Kimberley",1,9.4,Knights,Cape Cobras,RS Second,RR Hendricks,SA Engelbrecht,1,0,,,,,,,,,
851947,2015/16,2015-11-11,"Diamond Oval, Kimberley",1,9.5,Knights,Cape Cobras,RR Hendricks,RS Second,SA Engelbrecht,1,0,,,,,,,,,
851947,2015/16,2015-11-11,"Diamond Oval, Kimberley",1,9.6,Knights,Cape Cobras,RS Second,RR Hendricks,SA Engelbrecht,1,0,,,,,,,,,
851947,2015/16,2015-11-11,"Diamond Oval, Kimberley",1,10.1,Knights,Cape Cobras,RS Second,RR Hendricks,GF Linde,1,0,,,,,,,,,
851947,2015/16,2015-11-11,"Diamond Oval, Kimberley",1,10.2,Knights,Cape Cobras,RR Hendricks,RS Second,GF Linde,2,0,,,,,,,,,
851947,2015/16,2015-11-11,"Diamond Oval, Kimberley",1,10.3,Knights,Cape Cobras,RR Hendricks,RS Second,GF Linde,1,0,,,,,,,,,
851947,2015/16,2015-11-11,"Diamond Oval, Kimberley",1,10.4,Knights,Cape Cobras,RS Second,RR Hendricks,GF Linde,1,0,,,,,,,,,
851947,2015/16,2015-11-11,"Diamond Oval, Kimberley",1,10.5,Knights,Cape Cobras,RR Hendricks,RS Second,GF Linde,1,0,,,,,,,,,
851947,2015/16,2015-11-11,"Diamond Oval, Kimberley",1,10.6,Knights,Cape Cobras,RS Second,RR Hendricks,GF Linde,0,0,,,,,,caught,RS Second,,
851947,2015/16,2015-11-11,"Diamond Oval, Kimberley",1,11.1,Knights,Cape Cobras,RR Hendricks,TB de Bruyn,SA Engelbrecht,1,0,,,,,,,,,
851947,2015/16,2015-11-11,"Diamond Oval, Kimberley",1,11.2,Knights,Cape Cobras,TB de Bruyn,RR Hendricks,SA Engelbrecht,1,0,,,,,,,,,
851947,2015/16,2015-11-11,"Diamond Oval, Kimberley",1,11.3,Knights,Cape Cobras,RR Hendricks,TB de Bruyn,SA Engelbrecht,1,0,,,,,,,,,
851947,2015/16,2015-11-11,"Diamond Oval, Kimberley",1,11.4,Knights,Cape Cobras,TB de Bruyn,RR Hendricks,SA Engelbrecht,1,0,,,,,,,,,
851947,2015/16,2015-11-11,"Diamond Oval, Kimberley",1,11.5,Knights,Cape Cobras,RR Hendricks,TB de Bruyn,SA Engelbrecht,4,0,,,,,,,,,
851947,2015/16,2015-11-11,"Diamond Oval, Kimberley",1,11.6,Knights,Cape Cobras,RR Hendricks,TB de Bruyn,SA Engelbrecht,1,0,,,,,,,,,
851947,2015/16,2015-11-11,"Diamond Oval, Kimberley",1,12.1,Knights,Cape Cobras,RR Hendricks,TB de Bruyn,GF Linde,1,0,,,,,,,,,
851947,2015/16,2015-11-11,"Diamond Oval, Kimberley",1,12.2,Knights,Cape Cobras,TB de Bruyn,RR Hendricks,GF Linde,0,0,,,,,,stumped,TB de Bruyn,,
851947,2015/16,2015-11-11,"Diamond Oval, Kimberley",1,12.3,Knights,Cape Cobras,DS Rosier,RR Hendricks,GF Linde,0,0,,,,,,,,,
851947,2015/16,2015-11-11,"Diamond Oval, Kimberley",1,12.4,Knights,Cape Cobras,DS Rosier,RR Hendricks,GF Linde,0,0,,,,,,caught,DS Rosier,,
851947,2015/16,2015-11-11,"Diamond Oval, Kimberley",1,12.5,Knights,Cape Cobras,WL Coetsee,RR Hendricks,GF Linde,1,0,,,,,,,,,
851947,2015/16,2015-11-11,"Diamond Oval, Kimberley",1,12.6,Knights,Cape Cobras,RR Hendricks,WL Coetsee,GF Linde,1,0,,,,,,,,,
851947,2015/16,2015-11-11,"Diamond Oval, Kimberley",1,13.1,Knights,Cape Cobras,RR Hendricks,WL Coetsee,JL Ontong,1,0,,,,,,,,,
851947,2015/16,2015-11-11,"Diamond Oval, Kimberley",1,13.2,Knights,Cape Cobras,WL Coetsee,RR Hendricks,JL Ontong,1,0,,,,,,,,,
851947,2015/16,2015-11-11,"Diamond Oval, Kimberley",1,13.3,Knights,Cape Cobras,RR Hendricks,WL Coetsee,JL Ontong,2,0,,,,,,,,,
851947,2015/16,2015-11-11,"Diamond Oval, Kimberley",1,13.4,Knights,Cape Cobras,RR Hendricks,WL Coetsee,JL Ontong,1,0,,,,,,,,,
851947,2015/16,2015-11-11,"Diamond Oval, Kimberley",1,13.5,Knights,Cape Cobras,WL Coetsee,RR Hendricks,JL Ontong,1,0,,,,,,,,,
851947,2015/16,2015-11-11,"Diamond Oval, Kimberley",1,13.6,Knights,Cape Cobras,RR Hendricks,WL Coetsee,JL Ontong,1,0,,,,,,,,,
851947,2015/16,2015-11-11,"Diamond Oval, Kimberley",1,14.1,Knights,Cape Cobras,RR Hendricks,WL Coetsee,WD Parnell,1,0,,,,,,,,,
851947,2015/16,2015-11-11,"Diamond Oval, Kimberley",1,14.2,Knights,Cape Cobras,WL Coetsee,RR Hendricks,WD Parnell,0,0,,,,,,,,,
851947,2015/16,2015-11-11,"Diamond Oval, Kimberley",1,14.3,Knights,Cape Cobras,WL Coetsee,RR Hendricks,WD Parnell,0,0,,,,,,,,,
851947,2015/16,2015-11-11,"Diamond Oval, Kimberley",1,14.4,Knights,Cape Cobras,WL Coetsee,RR Hendricks,WD Parnell,2,0,,,,,,,,,
851947,2015/16,2015-11-11,"Diamond Oval, Kimberley",1,14.5,Knights,Cape Cobras,WL Coetsee,RR Hendricks,WD Parnell,1,0,,,,,,,,,
851947,2015/16,2015-11-11,"Diamond Oval, Kimberley",1,14.6,Knights,Cape Cobras,RR Hendricks,WL Coetsee,WD Parnell,6,0,,,,,,,,,
851947,2015/16,2015-11-11,"Diamond Oval, Kimberley",1,15.1,Knights,Cape Cobras,WL Coetsee,RR Hendricks,RK Kleinveldt,1,0,,,,,,,,,
851947,2015/16,2015-11-11,"Diamond Oval, Kimberley",1,15.2,Knights,Cape Cobras,RR Hendricks,WL Coetsee,RK Kleinveldt,0,1,,,,1,,,,,
851947,2015/16,2015-11-11,"Diamond Oval, Kimberley",1,15.3,Knights,Cape Cobras,WL Coetsee,RR Hendricks,RK Kleinveldt,1,0,,,,,,,,,
851947,2015/16,2015-11-11,"Diamond Oval, Kimberley",1,15.4,Knights,Cape Cobras,RR Hendricks,WL Coetsee,RK Kleinveldt,4,0,,,,,,,,,
851947,2015/16,2015-11-11,"Diamond Oval, Kimberley",1,15.5,Knights,Cape Cobras,RR Hendricks,WL Coetsee,RK Kleinveldt,4,0,,,,,,,,,
851947,2015/16,2015-11-11,"Diamond Oval, Kimberley",1,15.6,Knights,Cape Cobras,RR Hendricks,WL Coetsee,RK Kleinveldt,0,0,,,,,,,,,
851947,2015/16,2015-11-11,"Diamond Oval, Kimberley",1,16.1,Knights,Cape Cobras,WL Coetsee,RR Hendricks,GF Linde,1,0,,,,,,,,,
851947,2015/16,2015-11-11,"Diamond Oval, Kimberley",1,16.2,Knights,Cape Cobras,RR Hendricks,WL Coetsee,GF Linde,1,0,,,,,,,,,
851947,2015/16,2015-11-11,"Diamond Oval, Kimberley",1,16.3,Knights,Cape Cobras,WL Coetsee,RR Hendricks,GF Linde,0,0,,,,,,stumped,WL Coetsee,,
851947,2015/16,2015-11-11,"Diamond Oval, Kimberley",1,16.4,Knights,Cape Cobras,R McLaren,RR Hendricks,GF Linde,0,0,,,,,,,,,
851947,2015/16,2015-11-11,"Diamond Oval, Kimberley",1,16.5,Knights,Cape Cobras,R McLaren,RR Hendricks,GF Linde,4,0,,,,,,,,,
851947,2015/16,2015-11-11,"Diamond Oval, Kimberley",1,16.6,Knights,Cape Cobras,R McLaren,RR Hendricks,GF Linde,1,0,,,,,,,,,
851947,2015/16,2015-11-11,"Diamond Oval, Kimberley",1,17.1,Knights,Cape Cobras,R McLaren,RR Hendricks,M Shezi,0,0,,,,,,,,,
851947,2015/16,2015-11-11,"Diamond Oval, Kimberley",1,17.2,Knights,Cape Cobras,R McLaren,RR Hendricks,M Shezi,0,1,,,,1,,,,,
851947,2015/16,2015-11-11,"Diamond Oval, Kimberley",1,17.3,Knights,Cape Cobras,RR Hendricks,R McLaren,M Shezi,1,0,,,,,,,,,
851947,2015/16,2015-11-11,"Diamond Oval, Kimberley",1,17.4,Knights,Cape Cobras,R McLaren,RR Hendricks,M Shezi,0,1,,,,1,,,,,
851947,2015/16,2015-11-11,"Diamond Oval, Kimberley",1,17.5,Knights,Cape Cobras,RR Hendricks,R McLaren,M Shezi,1,0,,,,,,,,,
851947,2015/16,2015-11-11,"Diamond Oval, Kimberley",1,17.6,Knights,Cape Cobras,R McLaren,RR Hendricks,M Shezi,1,0,,,,,,,,,
851947,2015/16,2015-11-11,"Diamond Oval, Kimberley",1,18.1,Knights,Cape Cobras,R McLaren,RR Hendricks,D Paterson,6,0,,,,,,,,,
851947,2015/16,2015-11-11,"Diamond Oval, Kimberley",1,18.2,Knights,Cape Cobras,R McLaren,RR Hendricks,D Paterson,6,0,,,,,,,,,
851947,2015/16,2015-11-11,"Diamond Oval, Kimberley",1,18.3,Knights,Cape Cobras,R McLaren,RR Hendricks,D Paterson,1,0,,,,,,,,,
851947,2015/16,2015-11-11,"Diamond Oval, Kimberley",1,18.4,Knights,Cape Cobras,RR Hendricks,R McLaren,D Paterson,0,1,,,,1,,,,,
851947,2015/16,2015-11-11,"Diamond Oval, Kimberley",1,18.5,Knights,Cape Cobras,R McLaren,RR Hendricks,D Paterson,0,0,,,,,,bowled,R McLaren,,
851947,2015/16,2015-11-11,"Diamond Oval, Kimberley",1,18.6,Knights,Cape Cobras,D du Preez,RR Hendricks,D Paterson,2,0,,,,,,,,,
851947,2015/16,2015-11-11,"Diamond Oval, Kimberley",1,19.1,Knights,Cape Cobras,RR Hendricks,D du Preez,M Shezi,4,0,,,,,,,,,
851947,2015/16,2015-11-11,"Diamond Oval, Kimberley",1,19.2,Knights,Cape Cobras,RR Hendricks,D du Preez,M Shezi,4,0,,,,,,,,,
851947,2015/16,2015-11-11,"Diamond Oval, Kimberley",1,19.3,Knights,Cape Cobras,RR Hendricks,D du Preez,M Shezi,2,0,,,,,,,,,
851947,2015/16,2015-11-11,"Diamond Oval, Kimberley",1,19.4,Knights,Cape Cobras,RR Hendricks,D du Preez,M Shezi,2,0,,,,,,,,,
851947,2015/16,2015-11-11,"Diamond Oval, Kimberley",1,19.5,Knights,Cape Cobras,RR Hendricks,D du Preez,M Shezi,1,0,,,,,,,,,
851947,2015/16,2015-11-11,"Diamond Oval, Kimberley",1,19.6,Knights,Cape Cobras,D du Preez,RR Hendricks,M Shezi,1,0,,,,,,,,,
851947,2015/16,2015-11-11,"Diamond Oval, Kimberley",2,0.1,Cape Cobras,Knights,RE Levi,AG Puttick,D du Preez,0,0,,,,,,,,,
851947,2015/16,2015-11-11,"Diamond Oval, Kimberley",2,0.2,Cape Cobras,Knights,RE Levi,AG Puttick,D du Preez,4,0,,,,,,,,,
851947,2015/16,2015-11-11,"Diamond Oval, Kimberley",2,0.3,Cape Cobras,Knights,RE Levi,AG Puttick,D du Preez,4,0,,,,,,,,,
851947,2015/16,2015-11-11,"Diamond Oval, Kimberley",2,0.4,Cape Cobras,Knights,RE Levi,AG Puttick,D du Preez,0,0,,,,,,,,,
851947,2015/16,2015-11-11,"Diamond Oval, Kimberley",2,0.5,Cape Cobras,Knights,RE Levi,AG Puttick,D du Preez,4,0,,,,,,,,,
851947,2015/16,2015-11-11,"Diamond Oval, Kimberley",2,0.6,Cape Cobras,Knights,RE Levi,AG Puttick,D du Preez,0,0,,,,,,lbw,RE Levi,,
851947,2015/16,2015-11-11,"Diamond Oval, Kimberley",2,1.1,Cape Cobras,Knights,AG Puttick,OA Ramela,R McLaren,1,0,,,,,,,,,
851947,2015/16,2015-11-11,"Diamond Oval, Kimberley",2,1.2,Cape Cobras,Knights,OA Ramela,AG Puttick,R McLaren,0,0,,,,,,,,,
851947,2015/16,2015-11-11,"Diamond Oval, Kimberley",2,1.3,Cape Cobras,Knights,OA Ramela,AG Puttick,R McLaren,4,0,,,,,,,,,
851947,2015/16,2015-11-11,"Diamond Oval, Kimberley",2,1.4,Cape Cobras,Knights,OA Ramela,AG Puttick,R McLaren,0,0,,,,,,,,,
851947,2015/16,2015-11-11,"Diamond Oval, Kimberley",2,1.5,Cape Cobras,Knights,OA Ramela,AG Puttick,R McLaren,0,0,,,,,,,,,
851947,2015/16,2015-11-11,"Diamond Oval, Kimberley",2,1.6,Cape Cobras,Knights,OA Ramela,AG Puttick,R McLaren,1,0,,,,,,,,,
851947,2015/16,2015-11-11,"Diamond Oval, Kimberley",2,2.1,Cape Cobras,Knights,OA Ramela,AG Puttick,WL Coetsee,0,0,,,,,,,,,
851947,2015/16,2015-11-11,"Diamond Oval, Kimberley",2,2.2,Cape Cobras,Knights,OA Ramela,AG Puttick,WL Coetsee,2,0,,,,,,,,,
851947,2015/16,2015-11-11,"Diamond Oval, Kimberley",2,2.3,Cape Cobras,Knights,OA Ramela,AG Puttick,WL Coetsee,0,0,,,,,,bowled,OA Ramela,,
851947,2015/16,2015-11-11,"Diamond Oval, Kimberley",2,2.4,Cape Cobras,Knights,JL Ontong,AG Puttick,WL Coetsee,0,0,,,,,,,,,
851947,2015/16,2015-11-11,"Diamond Oval, Kimberley",2,2.5,Cape Cobras,Knights,JL Ontong,AG Puttick,WL Coetsee,0,0,,,,,,,,,
851947,2015/16,2015-11-11,"Diamond Oval, Kimberley",2,2.6,Cape Cobras,Knights,JL Ontong,AG Puttick,WL Coetsee,0,0,,,,,,,,,
851947,2015/16,2015-11-11,"Diamond Oval, Kimberley",2,3.1,Cape Cobras,Knights,AG Puttick,JL Ontong,MP Siboto,0,0,,,,,,,,,
851947,2015/16,2015-11-11,"Diamond Oval, Kimberley",2,3.2,Cape Cobras,Knights,AG Puttick,JL Ontong,MP Siboto,0,0,,,,,,,,,
851947,2015/16,2015-11-11,"Diamond Oval, Kimberley",2,3.3,Cape Cobras,Knights,AG Puttick,JL Ontong,MP Siboto,0,0,,,,,,,,,
851947,2015/16,2015-11-11,"Diamond Oval, Kimberley",2,3.4,Cape Cobras,Knights,AG Puttick,JL Ontong,MP Siboto,1,0,,,,,,,,,
851947,2015/16,2015-11-11,"Diamond Oval, Kimberley",2,3.5,Cape Cobras,Knights,JL Ontong,AG Puttick,MP Siboto,1,0,,,,,,,,,
851947,2015/16,2015-11-11,"Diamond Oval, Kimberley",2,3.6,Cape Cobras,Knights,AG Puttick,JL Ontong,MP Siboto,0,0,,,,,,,,,
851947,2015/16,2015-11-11,"Diamond Oval, Kimberley",2,4.1,Cape Cobras,Knights,JL Ontong,AG Puttick,D du Preez,1,0,,,,,,,,,
851947,2015/16,2015-11-11,"Diamond Oval, Kimberley",2,4.2,Cape Cobras,Knights,AG Puttick,JL Ontong,D du Preez,1,0,,,,,,,,,
851947,2015/16,2015-11-11,"Diamond Oval, Kimberley",2,4.3,Cape Cobras,Knights,JL Ontong,AG Puttick,D du Preez,0,0,,,,,,,,,
851947,2015/16,2015-11-11,"Diamond Oval, Kimberley",2,4.4,Cape Cobras,Knights,JL Ontong,AG Puttick,D du Preez,0,0,,,,,,,,,
851947,2015/16,2015-11-11,"Diamond Oval, Kimberley",2,4.5,Cape Cobras,Knights,JL Ontong,AG Puttick,D du Preez,4,0,,,,,,,,,
851947,2015/16,2015-11-11,"Diamond Oval, Kimberley",2,4.6,Cape Cobras,Knights,JL Ontong,AG Puttick,D du Preez,0,0,,,,,,,,,
851947,2015/16,2015-11-11,"Diamond Oval, Kimberley",2,5.1,Cape Cobras,Knights,AG Puttick,JL Ontong,R McLaren,0,0,,,,,,,,,
851947,2015/16,2015-11-11,"Diamond Oval, Kimberley",2,5.2,Cape Cobras,Knights,AG Puttick,JL Ontong,R McLaren,0,0,,,,,,,,,
851947,2015/16,2015-11-11,"Diamond Oval, Kimberley",2,5.3,Cape Cobras,Knights,AG Puttick,JL Ontong,R McLaren,4,0,,,,,,,,,
851947,2015/16,2015-11-11,"Diamond Oval, Kimberley",2,5.4,Cape Cobras,Knights,AG Puttick,JL Ontong,R McLaren,1,0,,,,,,,,,
851947,2015/16,2015-11-11,"Diamond Oval, Kimberley",2,5.5,Cape Cobras,Knights,JL Ontong,AG Puttick,R McLaren,1,0,,,,,,,,,
851947,2015/16,2015-11-11,"Diamond Oval, Kimberley",2,5.6,Cape Cobras,Knights,AG Puttick,JL Ontong,R McLaren,0,0,,,,,,,,,
851947,2015/16,2015-11-11,"Diamond Oval, Kimberley",2,6.1,Cape Cobras,Knights,JL Ontong,AG Puttick,WL Coetsee,1,0,,,,,,,,,
851947,2015/16,2015-11-11,"Diamond Oval, Kimberley",2,6.2,Cape Cobras,Knights,AG Puttick,JL Ontong,WL Coetsee,1,0,,,,,,,,,
851947,2015/16,2015-11-11,"Diamond Oval, Kimberley",2,6.3,Cape Cobras,Knights,JL Ontong,AG Puttick,WL Coetsee,1,0,,,,,,,,,
851947,2015/16,2015-11-11,"Diamond Oval, Kimberley",2,6.4,Cape Cobras,Knights,AG Puttick,JL Ontong,WL Coetsee,2,0,,,,,,,,,
851947,2015/16,2015-11-11,"Diamond Oval, Kimberley",2,6.5,Cape Cobras,Knights,AG Puttick,JL Ontong,WL Coetsee,0,0,,,,,,,,,
851947,2015/16,2015-11-11,"Diamond Oval, Kimberley",2,6.6,Cape Cobras,Knights,AG Puttick,JL Ontong,WL Coetsee,0,0,,,,,,,,,
851947,2015/16,2015-11-11,"Diamond Oval, Kimberley",2,7.1,Cape Cobras,Knights,JL Ontong,AG Puttick,T Ntuli,1,0,,,,,,,,,
851947,2015/16,2015-11-11,"Diamond Oval, Kimberley",2,7.2,Cape Cobras,Knights,AG Puttick,JL Ontong,T Ntuli,6,0,,,,,,,,,
851947,2015/16,2015-11-11,"Diamond Oval, Kimberley",2,7.3,Cape Cobras,Knights,AG Puttick,JL Ontong,T Ntuli,0,1,1,,,,,,,,
851947,2015/16,2015-11-11,"Diamond Oval, Kimberley",2,7.4,Cape Cobras,Knights,AG Puttick,JL Ontong,T Ntuli,1,0,,,,,,,,,
851947,2015/16,2015-11-11,"Diamond Oval, Kimberley",2,7.5,Cape Cobras,Knights,JL Ontong,AG Puttick,T Ntuli,1,0,,,,,,,,,
851947,2015/16,2015-11-11,"Diamond Oval, Kimberley",2,7.6,Cape Cobras,Knights,AG Puttick,JL Ontong,T Ntuli,1,0,,,,,,,,,
851947,2015/16,2015-11-11,"Diamond Oval, Kimberley",2,7.7,Cape Cobras,Knights,JL Ontong,AG Puttick,T Ntuli,1,0,,,,,,,,,
851947,2015/16,2015-11-11,"Diamond Oval, Kimberley",2,8.1,Cape Cobras,Knights,JL Ontong,AG Puttick,K Mohale,2,0,,,,,,,,,
851947,2015/16,2015-11-11,"Diamond Oval, Kimberley",2,8.2,Cape Cobras,Knights,JL Ontong,AG Puttick,K Mohale,1,0,,,,,,,,,
851947,2015/16,2015-11-11,"Diamond Oval, Kimberley",2,8.3,Cape Cobras,Knights,AG Puttick,JL Ontong,K Mohale,4,0,,,,,,,,,
851947,2015/16,2015-11-11,"Diamond Oval, Kimberley",2,8.4,Cape Cobras,Knights,AG Puttick,JL Ontong,K Mohale,1,0,,,,,,,,,
851947,2015/16,2015-11-11,"Diamond Oval, Kimberley",2,8.5,Cape Cobras,Knights,JL Ontong,AG Puttick,K Mohale,1,0,,,,,,,,,
851947,2015/16,2015-11-11,"Diamond Oval, Kimberley",2,8.6,Cape Cobras,Knights,AG Puttick,JL Ontong,K Mohale,1,0,,,,,,,,,
851947,2015/16,2015-11-11,"Diamond Oval, Kimberley",2,9.1,Cape Cobras,Knights,AG Puttick,JL Ontong,AR Swanepoel,1,0,,,,,,,,,
851947,2015/16,2015-11-11,"Diamond Oval, Kimberley",2,9.2,Cape Cobras,Knights,JL Ontong,AG Puttick,AR Swanepoel,4,0,,,,,,,,,
851947,2015/16,2015-11-11,"Diamond Oval, Kimberley",2,9.3,Cape Cobras,Knights,JL Ontong,AG Puttick,AR Swanepoel,4,0,,,,,,,,,
851947,2015/16,2015-11-11,"Diamond Oval, Kimberley",2,9.4,Cape Cobras,Knights,JL Ontong,AG Puttick,AR Swanepoel,1,0,,,,,,,,,
851947,2015/16,2015-11-11,"Diamond Oval, Kimberley",2,9.5,Cape Cobras,Knights,AG Puttick,JL Ontong,AR Swanepoel,1,0,,,,,,,,,
851947,2015/16,2015-11-11,"Diamond Oval, Kimberley",2,9.6,Cape Cobras,Knights,JL Ontong,AG Puttick,AR Swanepoel,1,0,,,,,,,,,
851947,2015/16,2015-11-11,"Diamond Oval, Kimberley",2,10.1,Cape Cobras,Knights,JL Ontong,AG Puttick,WL Coetsee,1,0,,,,,,,,,
851947,2015/16,2015-11-11,"Diamond Oval, Kimberley",2,10.2,Cape Cobras,Knights,AG Puttick,JL Ontong,WL Coetsee,1,0,,,,,,,,,
851947,2015/16,2015-11-11,"Diamond Oval, Kimberley",2,10.3,Cape Cobras,Knights,JL Ontong,AG Puttick,WL Coetsee,1,0,,,,,,,,,
851947,2015/16,2015-11-11,"Diamond Oval, Kimberley",2,10.4,Cape Cobras,Knights,AG Puttick,JL Ontong,WL Coetsee,1,0,,,,,,,,,
851947,2015/16,2015-11-11,"Diamond Oval, Kimberley",2,10.5,Cape Cobras,Knights,JL Ontong,AG Puttick,WL Coetsee,2,0,,,,,,,,,
851947,2015/16,2015-11-11,"Diamond Oval, Kimberley",2,10.6,Cape Cobras,Knights,JL Ontong,AG Puttick,WL Coetsee,1,0,,,,,,,,,
851947,2015/16,2015-11-11,"Diamond Oval, Kimberley",2,11.1,Cape Cobras,Knights,JL Ontong,AG Puttick,K Mohale,0,0,,,,,,caught,JL Ontong,,
851947,2015/16,2015-11-11,"Diamond Oval, Kimberley",2,11.2,Cape Cobras,Knights,AG Puttick,RK Kleinveldt,K Mohale,1,0,,,,,,,,,
851947,2015/16,2015-11-11,"Diamond Oval, Kimberley",2,11.3,Cape Cobras,Knights,RK Kleinveldt,AG Puttick,K Mohale,1,0,,,,,,,,,
851947,2015/16,2015-11-11,"Diamond Oval, Kimberley",2,11.4,Cape Cobras,Knights,AG Puttick,RK Kleinveldt,K Mohale,1,0,,,,,,,,,
851947,2015/16,2015-11-11,"Diamond Oval, Kimberley",2,11.5,Cape Cobras,Knights,RK Kleinveldt,AG Puttick,K Mohale,2,0,,,,,,,,,
851947,2015/16,2015-11-11,"Diamond Oval, Kimberley",2,11.6,Cape Cobras,Knights,RK Kleinveldt,AG Puttick,K Mohale,6,0,,,,,,,,,
851947,2015/16,2015-11-11,"Diamond Oval, Kimberley",2,12.1,Cape Cobras,Knights,AG Puttick,RK Kleinveldt,MP Siboto,0,0,,,,,,,,,
851947,2015/16,2015-11-11,"Diamond Oval, Kimberley",2,12.2,Cape Cobras,Knights,AG Puttick,RK Kleinveldt,MP Siboto,1,0,,,,,,,,,
851947,2015/16,2015-11-11,"Diamond Oval, Kimberley",2,12.3,Cape Cobras,Knights,RK Kleinveldt,AG Puttick,MP Siboto,0,1,1,,,,,,,,
851947,2015/16,2015-11-11,"Diamond Oval, Kimberley",2,12.4,Cape Cobras,Knights,RK Kleinveldt,AG Puttick,MP Siboto,0,0,,,,,,,,,
851947,2015/16,2015-11-11,"Diamond Oval, Kimberley",2,12.5,Cape Cobras,Knights,RK Kleinveldt,AG Puttick,MP Siboto,1,0,,,,,,,,,
851947,2015/16,2015-11-11,"Diamond Oval, Kimberley",2,12.6,Cape Cobras,Knights,AG Puttick,RK Kleinveldt,MP Siboto,1,0,,,,,,,,,
851947,2015/16,2015-11-11,"Diamond Oval, Kimberley",2,12.7,Cape Cobras,Knights,RK Kleinveldt,AG Puttick,MP Siboto,6,0,,,,,,,,,
851947,2015/16,2015-11-11,"Diamond Oval, Kimberley",2,13.1,Cape Cobras,Knights,AG Puttick,RK Kleinveldt,D du Preez,1,0,,,,,,,,,
851947,2015/16,2015-11-11,"Diamond Oval, Kimberley",2,13.2,Cape Cobras,Knights,RK Kleinveldt,AG Puttick,D du Preez,6,0,,,,,,,,,
851947,2015/16,2015-11-11,"Diamond Oval, Kimberley",2,13.3,Cape Cobras,Knights,RK Kleinveldt,AG Puttick,D du Preez,2,0,,,,,,,,,
851947,2015/16,2015-11-11,"Diamond Oval, Kimberley",2,13.4,Cape Cobras,Knights,RK Kleinveldt,AG Puttick,D du Preez,0,1,1,,,,,,,,
851947,2015/16,2015-11-11,"Diamond Oval, Kimberley",2,13.5,Cape Cobras,Knights,RK Kleinveldt,AG Puttick,D du Preez,6,0,,,,,,,,,
851947,2015/16,2015-11-11,"Diamond Oval, Kimberley",2,13.6,Cape Cobras,Knights,RK Kleinveldt,AG Puttick,D du Preez,2,0,,,,,,,,,
851947,2015/16,2015-11-11,"Diamond Oval, Kimberley",2,13.7,Cape Cobras,Knights,RK Kleinveldt,AG Puttick,D du Preez,2,0,,,,,,,,,
851947,2015/16,2015-11-11,"Diamond Oval, Kimberley",2,14.1,Cape Cobras,Knights,AG Puttick,RK Kleinveldt,WL Coetsee,1,0,,,,,,,,,
851947,2015/16,2015-11-11,"Diamond Oval, Kimberley",2,14.2,Cape Cobras,Knights,RK Kleinveldt,AG Puttick,WL Coetsee,1,0,,,,,,,,,
851947,2015/16,2015-11-11,"Diamond Oval, Kimberley",2,14.3,Cape Cobras,Knights,AG Puttick,RK Kleinveldt,WL Coetsee,1,0,,,,,,,,,
851947,2015/16,2015-11-11,"Diamond Oval, Kimberley",2,14.4,Cape Cobras,Knights,RK Kleinveldt,AG Puttick,WL Coetsee,1,0,,,,,,,,,
851947,2015/16,2015-11-11,"Diamond Oval, Kimberley",2,14.5,Cape Cobras,Knights,AG Puttick,RK Kleinveldt,WL Coetsee,1,0,,,,,,,,,
851947,2015/16,2015-11-11,"Diamond Oval, Kimberley",2,14.6,Cape Cobras,Knights,RK Kleinveldt,AG Puttick,WL Coetsee,0,0,,,,,,caught,RK Kleinveldt,,
851947,2015/16,2015-11-11,"Diamond Oval, Kimberley",2,15.1,Cape Cobras,Knights,AG Puttick,SA Engelbrecht,MP Siboto,0,0,,,,,,caught,AG Puttick,,
851947,2015/16,2015-11-11,"Diamond Oval, Kimberley",2,15.2,Cape Cobras,Knights,SA Engelbrecht,LC Ngoepe,MP Siboto,1,0,,,,,,,,,
851947,2015/16,2015-11-11,"Diamond Oval, Kimberley",2,15.3,Cape Cobras,Knights,LC Ngoepe,SA Engelbrecht,MP Siboto,1,0,,,,,,,,,
851947,2015/16,2015-11-11,"Diamond Oval, Kimberley",2,15.4,Cape Cobras,Knights,SA Engelbrecht,LC Ngoepe,MP Siboto,0,0,,,,,,,,,
851947,2015/16,2015-11-11,"Diamond Oval, Kimberley",2,15.5,Cape Cobras,Knights,SA Engelbrecht,LC Ngoepe,MP Siboto,2,0,,,,,,,,,
851947,2015/16,2015-11-11,"Diamond Oval, Kimberley",2,15.6,Cape Cobras,Knights,SA Engelbrecht,LC Ngoepe,MP Siboto,1,0,,,,,,,,,
851947,2015/16,2015-11-11,"Diamond Oval, Kimberley",2,16.1,Cape Cobras,Knights,SA Engelbrecht,LC Ngoepe,AR Swanepoel,4,0,,,,,,,,,
851947,2015/16,2015-11-11,"Diamond Oval, Kimberley",2,16.2,Cape Cobras,Knights,SA Engelbrecht,LC Ngoepe,AR Swanepoel,1,0,,,,,,,,,
851947,2015/16,2015-11-11,"Diamond Oval, Kimberley",2,16.3,Cape Cobras,Knights,LC Ngoepe,SA Engelbrecht,AR Swanepoel,1,0,,,,,,,,,
851947,2015/16,2015-11-11,"Diamond Oval, Kimberley",2,16.4,Cape Cobras,Knights,SA Engelbrecht,LC Ngoepe,AR Swanepoel,4,0,,,,,,,,,
851947,2015/16,2015-11-11,"Diamond Oval, Kimberley",2,16.5,Cape Cobras,Knights,SA Engelbrecht,LC Ngoepe,AR Swanepoel,6,0,,,,,,,,,
851947,2015/16,2015-11-11,"Diamond Oval, Kimberley",2,16.6,Cape Cobras,Knights,SA Engelbrecht,LC Ngoepe,AR Swanepoel,1,0,,,,,,,,,
851947,2015/16,2015-11-11,"Diamond Oval, Kimberley",2,17.1,Cape Cobras,Knights,SA Engelbrecht,LC Ngoepe,R McLaren,4,0,,,,,,,,,
851947,2015/16,2015-11-11,"Diamond Oval, Kimberley",2,17.2,Cape Cobras,Knights,SA Engelbrecht,LC Ngoepe,R McLaren,0,0,,,,,,,,,
851947,2015/16,2015-11-11,"Diamond Oval, Kimberley",2,17.3,Cape Cobras,Knights,SA Engelbrecht,LC Ngoepe,R McLaren,1,0,,,,,,,,,
851947,2015/16,2015-11-11,"Diamond Oval, Kimberley",2,17.4,Cape Cobras,Knights,LC Ngoepe,SA Engelbrecht,R McLaren,0,0,,,,,,,,,
851947,2015/16,2015-11-11,"Diamond Oval, Kimberley",2,17.5,Cape Cobras,Knights,LC Ngoepe,SA Engelbrecht,R McLaren,2,0,,,,,,,,,
851947,2015/16,2015-11-11,"Diamond Oval, Kimberley",2,17.6,Cape Cobras,Knights,LC Ngoepe,SA Engelbrecht,R McLaren,0,0,,,,,,,,,
851947,2015/16,2015-11-11,"Diamond Oval, Kimberley",2,18.1,Cape Cobras,Knights,SA Engelbrecht,LC Ngoepe,MP Siboto,6,0,,,,,,,,,
851947,2015/16,2015-11-11,"Diamond Oval, Kimberley",2,18.2,Cape Cobras,Knights,SA Engelbrecht,LC Ngoepe,MP Siboto,2,0,,,,,,,,,
851947,2015/16,2015-11-11,"Diamond Oval, Kimberley",2,18.3,Cape Cobras,Knights,SA Engelbrecht,LC Ngoepe,MP Siboto,0,0,,,,,,caught,SA Engelbrecht,,
851947,2015/16,2015-11-11,"Diamond Oval, Kimberley",2,18.4,Cape Cobras,Knights,LC Ngoepe,GF Linde,MP Siboto,6,0,,,,,,,,,
851947,2015/16,2015-11-11,"Diamond Oval, Kimberley",2,18.5,Cape Cobras,Knights,LC Ngoepe,GF Linde,MP Siboto,0,0,,,,,,,,,
851947,2015/16,2015-11-11,"Diamond Oval, Kimberley",2,18.6,Cape Cobras,Knights,LC Ngoepe,GF Linde,MP Siboto,0,1,1,,,,,,,,
851947,2015/16,2015-11-11,"Diamond Oval, Kimberley",2,18.7,Cape Cobras,Knights,LC Ngoepe,GF Linde,MP Siboto,6,0,,,,,,,,,
