match_id,season,start_date,venue,innings,ball,batting_team,bowling_team,striker,non_striker,bowler,runs_off_bat,extras,wides,noballs,byes,legbyes,penalty,wicket_type,player_dismissed,other_wicket_type,other_player_dismissed
851975,2015/16,2015-11-29,"New Wanderers Stadium, Johannesburg",1,0.1,Lions,Cape Cobras,DP Conway,HE van der Dussen,RJ Peterson,4,0,,,,,,,,,
851975,2015/16,2015-11-29,"New Wanderers Stadium, Johannesburg",1,0.2,Lions,Cape Cobras,DP Conway,HE van der Dussen,RJ Peterson,0,0,,,,,,,,,
851975,2015/16,2015-11-29,"New Wanderers Stadium, Johannesburg",1,0.3,Lions,Cape Cobras,DP Conway,HE van der Dussen,RJ Peterson,0,0,,,,,,,,,
851975,2015/16,2015-11-29,"New Wanderers Stadium, Johannesburg",1,0.4,Lions,Cape Cobras,DP Conway,HE van der Dussen,RJ Peterson,0,0,,,,,,,,,
851975,2015/16,2015-11-29,"New Wanderers Stadium, Johannesburg",1,0.5,Lions,Cape Cobras,DP Conway,HE van der Dussen,RJ Peterson,4,0,,,,,,,,,
851975,2015/16,2015-11-29,"New Wanderers Stadium, Johannesburg",1,0.6,Lions,Cape Cobras,DP Conway,HE van der Dussen,RJ Peterson,4,0,,,,,,,,,
851975,2015/16,2015-11-29,"New Wanderers Stadium, Johannesburg",1,1.1,Lions,Cape Cobras,HE van der Dussen,DP Conway,RK Kleinveldt,0,0,,,,,,,,,
851975,2015/16,2015-11-29,"New Wanderers Stadium, Johannesburg",1,1.2,Lions,Cape Cobras,HE van der Dussen,DP Conway,RK Kleinveldt,0,5,5,,,,,,,,
851975,2015/16,2015-11-29,"New Wanderers Stadium, Johannesburg",1,1.3,Lions,Cape Cobras,HE van der Dussen,DP Conway,RK Kleinveldt,4,0,,,,,,,,,
851975,2015/16,2015-11-29,"New Wanderers Stadium, Johannesburg",1,1.4,Lions,Cape Cobras,HE van der Dussen,DP Conway,RK Kleinveldt,1,0,,,,,,,,,
851975,2015/16,2015-11-29,"New Wanderers Stadium, Johannesburg",1,1.5,Lions,Cape Cobras,DP Conway,HE van der Dussen,RK Kleinveldt,1,0,,,,,,,,,
851975,2015/16,2015-11-29,"New Wanderers Stadium, Johannesburg",1,1.6,Lions,Cape Cobras,HE van der Dussen,DP Conway,RK Kleinveldt,0,0,,,,,,,,,
851975,2015/16,2015-11-29,"New Wanderers Stadium, Johannesburg",1,1.7,Lions,Cape Cobras,HE van der Dussen,DP Conway,RK Kleinveldt,0,0,,,,,,,,,
851975,2015/16,2015-11-29,"New Wanderers Stadium, Johannesburg",1,2.1,Lions,Cape Cobras,DP Conway,HE van der Dussen,WD Parnell,0,0,,,,,,,,,
851975,2015/16,2015-11-29,"New Wanderers Stadium, Johannesburg",1,2.2,Lions,Cape Cobras,DP Conway,HE van der Dussen,WD Parnell,0,0,,,,,,,,,
851975,2015/16,2015-11-29,"New Wanderers Stadium, Johannesburg",1,2.3,Lions,Cape Cobras,DP Conway,HE van der Dussen,WD Parnell,2,0,,,,,,,,,
851975,2015/16,2015-11-29,"New Wanderers Stadium, Johannesburg",1,2.4,Lions,Cape Cobras,DP Conway,HE van der Dussen,WD Parnell,0,0,,,,,,,,,
851975,2015/16,2015-11-29,"New Wanderers Stadium, Johannesburg",1,2.5,Lions,Cape Cobras,DP Conway,HE van der Dussen,WD Parnell,0,0,,,,,,,,,
851975,2015/16,2015-11-29,"New Wanderers Stadium, Johannesburg",1,2.6,Lions,Cape Cobras,DP Conway,HE van der Dussen,WD Parnell,0,0,,,,,,,,,
851975,2015/16,2015-11-29,"New Wanderers Stadium, Johannesburg",1,3.1,Lions,Cape Cobras,HE van der Dussen,DP Conway,RK Kleinveldt,4,0,,,,,,,,,
851975,2015/16,2015-11-29,"New Wanderers Stadium, Johannesburg",1,3.2,Lions,Cape Cobras,HE van der Dussen,DP Conway,RK Kleinveldt,0,0,,,,,,caught,HE van der Dussen,,
851975,2015/16,2015-11-29,"New Wanderers Stadium, Johannesburg",1,3.3,Lions,Cape Cobras,AJ Malan,DP Conway,RK Kleinveldt,0,0,,,,,,,,,
851975,2015/16,2015-11-29,"New Wanderers Stadium, Johannesburg",1,3.4,Lions,Cape Cobras,AJ Malan,DP Conway,RK Kleinveldt,0,0,,,,,,,,,
851975,2015/16,2015-11-29,"New Wanderers Stadium, Johannesburg",1,3.5,Lions,Cape Cobras,AJ Malan,DP Conway,RK Kleinveldt,0,0,,,,,,,,,
851975,2015/16,2015-11-29,"New Wanderers Stadium, Johannesburg",1,3.6,Lions,Cape Cobras,AJ Malan,DP Conway,RK Kleinveldt,0,0,,,,,,,,,
851975,2015/16,2015-11-29,"New Wanderers Stadium, Johannesburg",1,4.1,Lions,Cape Cobras,DP Conway,AJ Malan,WD Parnell,0,0,,,,,,,,,
851975,2015/16,2015-11-29,"New Wanderers Stadium, Johannesburg",1,4.2,Lions,Cape Cobras,DP Conway,AJ Malan,WD Parnell,0,0,,,,,,,,,
851975,2015/16,2015-11-29,"New Wanderers Stadium, Johannesburg",1,4.3,Lions,Cape Cobras,DP Conway,AJ Malan,WD Parnell,0,0,,,,,,,,,
851975,2015/16,2015-11-29,"New Wanderers Stadium, Johannesburg",1,4.4,Lions,Cape Cobras,DP Conway,AJ Malan,WD Parnell,4,0,,,,,,,,,
851975,2015/16,2015-11-29,"New Wanderers Stadium, Johannesburg",1,4.5,Lions,Cape Cobras,DP Conway,AJ Malan,WD Parnell,1,0,,,,,,,,,
851975,2015/16,2015-11-29,"New Wanderers Stadium, Johannesburg",1,4.6,Lions,Cape Cobras,AJ Malan,DP Conway,WD Parnell,0,0,,,,,,,,,
851975,2015/16,2015-11-29,"New Wanderers Stadium, Johannesburg",1,5.1,Lions,Cape Cobras,DP Conway,AJ Malan,M Shezi,1,0,,,,,,,,,
851975,2015/16,2015-11-29,"New Wanderers Stadium, Johannesburg",1,5.2,Lions,Cape Cobras,AJ Malan,DP Conway,M Shezi,1,0,,,,,,,,,
851975,2015/16,2015-11-29,"New Wanderers Stadium, Johannesburg",1,5.3,Lions,Cape Cobras,DP Conway,AJ Malan,M Shezi,1,0,,,,,,,,,
851975,2015/16,2015-11-29,"New Wanderers Stadium, Johannesburg",1,5.4,Lions,Cape Cobras,AJ Malan,DP Conway,M Shezi,0,0,,,,,,,,,
851975,2015/16,2015-11-29,"New Wanderers Stadium, Johannesburg",1,5.5,Lions,Cape Cobras,AJ Malan,DP Conway,M Shezi,1,0,,,,,,,,,
851975,2015/16,2015-11-29,"New Wanderers Stadium, Johannesburg",1,5.6,Lions,Cape Cobras,DP Conway,AJ Malan,M Shezi,1,0,,,,,,,,,
851975,2015/16,2015-11-29,"New Wanderers Stadium, Johannesburg",1,6.1,Lions,Cape Cobras,DP Conway,AJ Malan,RJ Peterson,0,0,,,,,,,,,
851975,2015/16,2015-11-29,"New Wanderers Stadium, Johannesburg",1,6.2,Lions,Cape Cobras,DP Conway,AJ Malan,RJ Peterson,1,0,,,,,,,,,
851975,2015/16,2015-11-29,"New Wanderers Stadium, Johannesburg",1,6.3,Lions,Cape Cobras,AJ Malan,DP Conway,RJ Peterson,1,0,,,,,,,,,
851975,2015/16,2015-11-29,"New Wanderers Stadium, Johannesburg",1,6.4,Lions,Cape Cobras,DP Conway,AJ Malan,RJ Peterson,2,0,,,,,,,,,
851975,2015/16,2015-11-29,"New Wanderers Stadium, Johannesburg",1,6.5,Lions,Cape Cobras,DP Conway,AJ Malan,RJ Peterson,1,0,,,,,,,,,
851975,2015/16,2015-11-29,"New Wanderers Stadium, Johannesburg",1,6.6,Lions,Cape Cobras,AJ Malan,DP Conway,RJ Peterson,3,0,,,,,,,,,
851975,2015/16,2015-11-29,"New Wanderers Stadium, Johannesburg",1,7.1,Lions,Cape Cobras,AJ Malan,DP Conway,JM Kemp,1,0,,,,,,,,,
851975,2015/16,2015-11-29,"New Wanderers Stadium, Johannesburg",1,7.2,Lions,Cape Cobras,DP Conway,AJ Malan,JM Kemp,1,0,,,,,,,,,
851975,2015/16,2015-11-29,"New Wanderers Stadium, Johannesburg",1,7.3,Lions,Cape Cobras,AJ Malan,DP Conway,JM Kemp,2,0,,,,,,,,,
851975,2015/16,2015-11-29,"New Wanderers Stadium, Johannesburg",1,7.4,Lions,Cape Cobras,AJ Malan,DP Conway,JM Kemp,0,1,1,,,,,,,,
851975,2015/16,2015-11-29,"New Wanderers Stadium, Johannesburg",1,7.5,Lions,Cape Cobras,AJ Malan,DP Conway,JM Kemp,0,0,,,,,,,,,
851975,2015/16,2015-11-29,"New Wanderers Stadium, Johannesburg",1,7.6,Lions,Cape Cobras,AJ Malan,DP Conway,JM Kemp,0,0,,,,,,caught,AJ Malan,,
851975,2015/16,2015-11-29,"New Wanderers Stadium, Johannesburg",1,7.7,Lions,Cape Cobras,DP Conway,AN Petersen,JM Kemp,2,0,,,,,,,,,
851975,2015/16,2015-11-29,"New Wanderers Stadium, Johannesburg",1,8.1,Lions,Cape Cobras,AN Petersen,DP Conway,RJ Peterson,1,0,,,,,,,,,
851975,2015/16,2015-11-29,"New Wanderers Stadium, Johannesburg",1,8.2,Lions,Cape Cobras,DP Conway,AN Petersen,RJ Peterson,4,0,,,,,,,,,
851975,2015/16,2015-11-29,"New Wanderers Stadium, Johannesburg",1,8.3,Lions,Cape Cobras,DP Conway,AN Petersen,RJ Peterson,0,0,,,,,,,,,
851975,2015/16,2015-11-29,"New Wanderers Stadium, Johannesburg",1,8.4,Lions,Cape Cobras,DP Conway,AN Petersen,RJ Peterson,1,0,,,,,,,,,
851975,2015/16,2015-11-29,"New Wanderers Stadium, Johannesburg",1,8.5,Lions,Cape Cobras,AN Petersen,DP Conway,RJ Peterson,1,0,,,,,,,,,
851975,2015/16,2015-11-29,"New Wanderers Stadium, Johannesburg",1,8.6,Lions,Cape Cobras,DP Conway,AN Petersen,RJ Peterson,1,0,,,,,,,,,
851975,2015/16,2015-11-29,"New Wanderers Stadium, Johannesburg",1,9.1,Lions,Cape Cobras,DP Conway,AN Petersen,JM Kemp,0,0,,,,,,,,,
851975,2015/16,2015-11-29,"New Wanderers Stadium, Johannesburg",1,9.2,Lions,Cape Cobras,DP Conway,AN Petersen,JM Kemp,1,0,,,,,,,,,
851975,2015/16,2015-11-29,"New Wanderers Stadium, Johannesburg",1,9.3,Lions,Cape Cobras,AN Petersen,DP Conway,JM Kemp,1,0,,,,,,,,,
851975,2015/16,2015-11-29,"New Wanderers Stadium, Johannesburg",1,9.4,Lions,Cape Cobras,DP Conway,AN Petersen,JM Kemp,0,0,,,,,,,,,
851975,2015/16,2015-11-29,"New Wanderers Stadium, Johannesburg",1,9.5,Lions,Cape Cobras,DP Conway,AN Petersen,JM Kemp,0,1,,,,1,,,,,
851975,2015/16,2015-11-29,"New Wanderers Stadium, Johannesburg",1,9.6,Lions,Cape Cobras,AN Petersen,DP Conway,JM Kemp,1,0,,,,,,,,,
851975,2015/16,2015-11-29,"New Wanderers Stadium, Johannesburg",1,10.1,Lions,Cape Cobras,AN Petersen,DP Conway,S Simetu,1,0,,,,,,,,,
851975,2015/16,2015-11-29,"New Wanderers Stadium, Johannesburg",1,10.2,Lions,Cape Cobras,DP Conway,AN Petersen,S Simetu,0,0,,,,,,caught,DP Conway,,
851975,2015/16,2015-11-29,"New Wanderers Stadium, Johannesburg",1,10.3,Lions,Cape Cobras,AN Petersen,S Pillay,S Simetu,1,0,,,,,,,,,
851975,2015/16,2015-11-29,"New Wanderers Stadium, Johannesburg",1,10.4,Lions,Cape Cobras,S Pillay,AN Petersen,S Simetu,1,0,,,,,,,,,
851975,2015/16,2015-11-29,"New Wanderers Stadium, Johannesburg",1,10.5,Lions,Cape Cobras,AN Petersen,S Pillay,S Simetu,1,0,,,,,,,,,
851975,2015/16,2015-11-29,"New Wanderers Stadium, Johannesburg",1,10.6,Lions,Cape Cobras,S Pillay,AN Petersen,S Simetu,1,0,,,,,,,,,
851975,2015/16,2015-11-29,"New Wanderers Stadium, Johannesburg",1,11.1,Lions,Cape Cobras,S Pillay,AN Petersen,JM Kemp,1,0,,,,,,,,,
851975,2015/16,2015-11-29,"New Wanderers Stadium, Johannesburg",1,11.2,Lions,Cape Cobras,AN Petersen,S Pillay,JM Kemp,4,0,,,,,,,,,
851975,2015/16,2015-11-29,"New Wanderers Stadium, Johannesburg",1,11.3,Lions,Cape Cobras,AN Petersen,S Pillay,JM Kemp,1,0,,,,,,,,,
851975,2015/16,2015-11-29,"New Wanderers Stadium, Johannesburg",1,11.4,Lions,Cape Cobras,S Pillay,AN Petersen,JM Kemp,1,0,,,,,,,,,
851975,2015/16,2015-11-29,"New Wanderers Stadium, Johannesburg",1,11.5,Lions,Cape Cobras,AN Petersen,S Pillay,JM Kemp,1,0,,,,,,,,,
851975,2015/16,2015-11-29,"New Wanderers Stadium, Johannesburg",1,11.6,Lions,Cape Cobras,S Pillay,AN Petersen,JM Kemp,0,0,,,,,,,,,
851975,2015/16,2015-11-29,"New Wanderers Stadium, Johannesburg",1,12.1,Lions,Cape Cobras,AN Petersen,S Pillay,S Simetu,1,0,,,,,,,,,
851975,2015/16,2015-11-29,"New Wanderers Stadium, Johannesburg",1,12.2,Lions,Cape Cobras,S Pillay,AN Petersen,S Simetu,1,0,,,,,,,,,
851975,2015/16,2015-11-29,"New Wanderers Stadium, Johannesburg",1,12.3,Lions,Cape Cobras,AN Petersen,S Pillay,S Simetu,0,0,,,,,,,,,
851975,2015/16,2015-11-29,"New Wanderers Stadium, Johannesburg",1,12.4,Lions,Cape Cobras,AN Petersen,S Pillay,S Simetu,1,0,,,,,,,,,
851975,2015/16,2015-11-29,"New Wanderers Stadium, Johannesburg",1,12.5,Lions,Cape Cobras,S Pillay,AN Petersen,S Simetu,0,0,,,,,,,,,
851975,2015/16,2015-11-29,"New Wanderers Stadium, Johannesburg",1,12.6,Lions,Cape Cobras,S Pillay,AN Petersen,S Simetu,1,0,,,,,,,,,
851975,2015/16,2015-11-29,"New Wanderers Stadium, Johannesburg",1,13.1,Lions,Cape Cobras,S Pillay,AN Petersen,JM Kemp,0,0,,,,,,,,,
851975,2015/16,2015-11-29,"New Wanderers Stadium, Johannesburg",1,13.2,Lions,Cape Cobras,S Pillay,AN Petersen,JM Kemp,4,0,,,,,,,,,
851975,2015/16,2015-11-29,"New Wanderers Stadium, Johannesburg",1,13.3,Lions,Cape Cobras,S Pillay,AN Petersen,JM Kemp,2,0,,,,,,,,,
851975,2015/16,2015-11-29,"New Wanderers Stadium, Johannesburg",1,13.4,Lions,Cape Cobras,S Pillay,AN Petersen,JM Kemp,0,0,,,,,,lbw,S Pillay,,
851975,2015/16,2015-11-29,"New Wanderers Stadium, Johannesburg",1,13.5,Lions,Cape Cobras,D Pretorius,AN Petersen,JM Kemp,1,0,,,,,,,,,
851975,2015/16,2015-11-29,"New Wanderers Stadium, Johannesburg",1,13.6,Lions,Cape Cobras,AN Petersen,D Pretorius,JM Kemp,1,0,,,,,,,,,
851975,2015/16,2015-11-29,"New Wanderers Stadium, Johannesburg",1,14.1,Lions,Cape Cobras,AN Petersen,D Pretorius,M Shezi,1,0,,,,,,,,,
851975,2015/16,2015-11-29,"New Wanderers Stadium, Johannesburg",1,14.2,Lions,Cape Cobras,D Pretorius,AN Petersen,M Shezi,1,0,,,,,,,,,
851975,2015/16,2015-11-29,"New Wanderers Stadium, Johannesburg",1,14.3,Lions,Cape Cobras,AN Petersen,D Pretorius,M Shezi,1,0,,,,,,,,,
851975,2015/16,2015-11-29,"New Wanderers Stadium, Johannesburg",1,14.4,Lions,Cape Cobras,D Pretorius,AN Petersen,M Shezi,2,0,,,,,,,,,
851975,2015/16,2015-11-29,"New Wanderers Stadium, Johannesburg",1,14.5,Lions,Cape Cobras,D Pretorius,AN Petersen,M Shezi,1,0,,,,,,,,,
851975,2015/16,2015-11-29,"New Wanderers Stadium, Johannesburg",1,14.6,Lions,Cape Cobras,AN Petersen,D Pretorius,M Shezi,0,1,1,,,,,,,,
851975,2015/16,2015-11-29,"New Wanderers Stadium, Johannesburg",1,14.7,Lions,Cape Cobras,AN Petersen,D Pretorius,M Shezi,1,0,,,,,,,,,
851975,2015/16,2015-11-29,"New Wanderers Stadium, Johannesburg",1,15.1,Lions,Cape Cobras,AN Petersen,D Pretorius,RK Kleinveldt,0,0,,,,,,,,,
851975,2015/16,2015-11-29,"New Wanderers Stadium, Johannesburg",1,15.2,Lions,Cape Cobras,AN Petersen,D Pretorius,RK Kleinveldt,1,0,,,,,,,,,
851975,2015/16,2015-11-29,"New Wanderers Stadium, Johannesburg",1,15.3,Lions,Cape Cobras,D Pretorius,AN Petersen,RK Kleinveldt,0,0,,,,,,run out,AN Petersen,,
851975,2015/16,2015-11-29,"New Wanderers Stadium, Johannesburg",1,15.4,Lions,Cape Cobras,TL Tsolekile,D Pretorius,RK Kleinveldt,0,0,,,,,,,,,
851975,2015/16,2015-11-29,"New Wanderers Stadium, Johannesburg",1,15.5,Lions,Cape Cobras,TL Tsolekile,D Pretorius,RK Kleinveldt,0,0,,,,,,,,,
851975,2015/16,2015-11-29,"New Wanderers Stadium, Johannesburg",1,15.6,Lions,Cape Cobras,TL Tsolekile,D Pretorius,RK Kleinveldt,1,0,,,,,,,,,
851975,2015/16,2015-11-29,"New Wanderers Stadium, Johannesburg",1,16.1,Lions,Cape Cobras,TL Tsolekile,D Pretorius,M Shezi,2,0,,,,,,,,,
851975,2015/16,2015-11-29,"New Wanderers Stadium, Johannesburg",1,16.2,Lions,Cape Cobras,TL Tsolekile,D Pretorius,M Shezi,4,0,,,,,,,,,
851975,2015/16,2015-11-29,"New Wanderers Stadium, Johannesburg",1,16.3,Lions,Cape Cobras,TL Tsolekile,D Pretorius,M Shezi,1,0,,,,,,,,,
851975,2015/16,2015-11-29,"New Wanderers Stadium, Johannesburg",1,16.4,Lions,Cape Cobras,D Pretorius,TL Tsolekile,M Shezi,0,0,,,,,,,,,
851975,2015/16,2015-11-29,"New Wanderers Stadium, Johannesburg",1,16.5,Lions,Cape Cobras,D Pretorius,TL Tsolekile,M Shezi,1,0,,,,,,,,,
851975,2015/16,2015-11-29,"New Wanderers Stadium, Johannesburg",1,16.6,Lions,Cape Cobras,TL Tsolekile,D Pretorius,M Shezi,1,0,,,,,,,,,
851975,2015/16,2015-11-29,"New Wanderers Stadium, Johannesburg",1,17.1,Lions,Cape Cobras,TL Tsolekile,D Pretorius,WD Parnell,1,0,,,,,,,,,
851975,2015/16,2015-11-29,"New Wanderers Stadium, Johannesburg",1,17.2,Lions,Cape Cobras,D Pretorius,TL Tsolekile,WD Parnell,2,0,,,,,,,,,
851975,2015/16,2015-11-29,"New Wanderers Stadium, Johannesburg",1,17.3,Lions,Cape Cobras,D Pretorius,TL Tsolekile,WD Parnell,6,0,,,,,,,,,
851975,2015/16,2015-11-29,"New Wanderers Stadium, Johannesburg",1,17.4,Lions,Cape Cobras,D Pretorius,TL Tsolekile,WD Parnell,2,0,,,,,,,,,
851975,2015/16,2015-11-29,"New Wanderers Stadium, Johannesburg",1,17.5,Lions,Cape Cobras,D Pretorius,TL Tsolekile,WD Parnell,2,0,,,,,,,,,
851975,2015/16,2015-11-29,"New Wanderers Stadium, Johannesburg",1,17.6,Lions,Cape Cobras,D Pretorius,TL Tsolekile,WD Parnell,2,0,,,,,,,,,
851975,2015/16,2015-11-29,"New Wanderers Stadium, Johannesburg",1,18.1,Lions,Cape Cobras,TL Tsolekile,D Pretorius,M Shezi,1,0,,,,,,,,,
851975,2015/16,2015-11-29,"New Wanderers Stadium, Johannesburg",1,18.2,Lions,Cape Cobras,D Pretorius,TL Tsolekile,M Shezi,1,0,,,,,,,,,
851975,2015/16,2015-11-29,"New Wanderers Stadium, Johannesburg",1,18.3,Lions,Cape Cobras,TL Tsolekile,D Pretorius,M Shezi,1,0,,,,,,,,,
851975,2015/16,2015-11-29,"New Wanderers Stadium, Johannesburg",1,18.4,Lions,Cape Cobras,D Pretorius,TL Tsolekile,M Shezi,1,0,,,,,,,,,
851975,2015/16,2015-11-29,"New Wanderers Stadium, Johannesburg",1,18.5,Lions,Cape Cobras,TL Tsolekile,D Pretorius,M Shezi,2,0,,,,,,,,,
851975,2015/16,2015-11-29,"New Wanderers Stadium, Johannesburg",1,18.6,Lions,Cape Cobras,TL Tsolekile,D Pretorius,M Shezi,4,0,,,,,,,,,
851975,2015/16,2015-11-29,"New Wanderers Stadium, Johannesburg",1,19.1,Lions,Cape Cobras,D Pretorius,TL Tsolekile,WD Parnell,0,0,,,,,,,,,
851975,2015/16,2015-11-29,"New Wanderers Stadium, Johannesburg",1,19.2,Lions,Cape Cobras,D Pretorius,TL Tsolekile,WD Parnell,4,0,,,,,,,,,
851975,2015/16,2015-11-29,"New Wanderers Stadium, Johannesburg",1,19.3,Lions,Cape Cobras,D Pretorius,TL Tsolekile,WD Parnell,1,0,,,,,,,,,
851975,2015/16,2015-11-29,"New Wanderers Stadium, Johannesburg",1,19.4,Lions,Cape Cobras,TL Tsolekile,D Pretorius,WD Parnell,6,0,,,,,,,,,
851975,2015/16,2015-11-29,"New Wanderers Stadium, Johannesburg",1,19.5,Lions,Cape Cobras,TL Tsolekile,D Pretorius,WD Parnell,1,0,,,,,,,,,
851975,2015/16,2015-11-29,"New Wanderers Stadium, Johannesburg",1,19.6,Lions,Cape Cobras,D Pretorius,TL Tsolekile,WD Parnell,6,0,,,,,,,,,
851975,2015/16,2015-11-29,"New Wanderers Stadium, Johannesburg",2,0.1,Cape Cobras,Lions,AG Puttick,WD Parnell,D Pretorius,4,0,,,,,,,,,
851975,2015/16,2015-11-29,"New Wanderers Stadium, Johannesburg",2,0.2,Cape Cobras,Lions,AG Puttick,WD Parnell,D Pretorius,0,0,,,,,,,,,
851975,2015/16,2015-11-29,"New Wanderers Stadium, Johannesburg",2,0.3,Cape Cobras,Lions,AG Puttick,WD Parnell,D Pretorius,0,0,,,,,,,,,
851975,2015/16,2015-11-29,"New Wanderers Stadium, Johannesburg",2,0.4,Cape Cobras,Lions,AG Puttick,WD Parnell,D Pretorius,0,0,,,,,,,,,
851975,2015/16,2015-11-29,"New Wanderers Stadium, Johannesburg",2,0.5,Cape Cobras,Lions,AG Puttick,WD Parnell,D Pretorius,1,0,,,,,,,,,
851975,2015/16,2015-11-29,"New Wanderers Stadium, Johannesburg",2,0.6,Cape Cobras,Lions,WD Parnell,AG Puttick,D Pretorius,4,0,,,,,,,,,
851975,2015/16,2015-11-29,"New Wanderers Stadium, Johannesburg",2,1.1,Cape Cobras,Lions,AG Puttick,WD Parnell,GC Viljoen,0,0,,,,,,,,,
851975,2015/16,2015-11-29,"New Wanderers Stadium, Johannesburg",2,1.2,Cape Cobras,Lions,AG Puttick,WD Parnell,GC Viljoen,0,1,,,,1,,,,,
851975,2015/16,2015-11-29,"New Wanderers Stadium, Johannesburg",2,1.3,Cape Cobras,Lions,WD Parnell,AG Puttick,GC Viljoen,1,0,,,,,,,,,
851975,2015/16,2015-11-29,"New Wanderers Stadium, Johannesburg",2,1.4,Cape Cobras,Lions,AG Puttick,WD Parnell,GC Viljoen,0,0,,,,,,,,,
851975,2015/16,2015-11-29,"New Wanderers Stadium, Johannesburg",2,1.5,Cape Cobras,Lions,AG Puttick,WD Parnell,GC Viljoen,0,1,1,,,,,,,,
851975,2015/16,2015-11-29,"New Wanderers Stadium, Johannesburg",2,1.6,Cape Cobras,Lions,AG Puttick,WD Parnell,GC Viljoen,0,0,,,,,,,,,
851975,2015/16,2015-11-29,"New Wanderers Stadium, Johannesburg",2,1.7,Cape Cobras,Lions,AG Puttick,WD Parnell,GC Viljoen,1,0,,,,,,,,,
851975,2015/16,2015-11-29,"New Wanderers Stadium, Johannesburg",2,2.1,Cape Cobras,Lions,AG Puttick,WD Parnell,D Pretorius,1,0,,,,,,,,,
851975,2015/16,2015-11-29,"New Wanderers Stadium, Johannesburg",2,2.2,Cape Cobras,Lions,WD Parnell,AG Puttick,D Pretorius,2,0,,,,,,,,,
851975,2015/16,2015-11-29,"New Wanderers Stadium, Johannesburg",2,2.3,Cape Cobras,Lions,WD Parnell,AG Puttick,D Pretorius,4,0,,,,,,,,,
851975,2015/16,2015-11-29,"New Wanderers Stadium, Johannesburg",2,2.4,Cape Cobras,Lions,WD Parnell,AG Puttick,D Pretorius,4,0,,,,,,,,,
851975,2015/16,2015-11-29,"New Wanderers Stadium, Johannesburg",2,2.5,Cape Cobras,Lions,WD Parnell,AG Puttick,D Pretorius,1,0,,,,,,,,,
851975,2015/16,2015-11-29,"New Wanderers Stadium, Johannesburg",2,2.6,Cape Cobras,Lions,AG Puttick,WD Parnell,D Pretorius,3,0,,,,,,,,,
851975,2015/16,2015-11-29,"New Wanderers Stadium, Johannesburg",2,3.1,Cape Cobras,Lions,AG Puttick,WD Parnell,GC Viljoen,4,0,,,,,,,,,
851975,2015/16,2015-11-29,"New Wanderers Stadium, Johannesburg",2,3.2,Cape Cobras,Lions,AG Puttick,WD Parnell,GC Viljoen,0,0,,,,,,,,,
851975,2015/16,2015-11-29,"New Wanderers Stadium, Johannesburg",2,3.3,Cape Cobras,Lions,AG Puttick,WD Parnell,GC Viljoen,0,4,,,,4,,,,,
851975,2015/16,2015-11-29,"New Wanderers Stadium, Johannesburg",2,3.4,Cape Cobras,Lions,AG Puttick,WD Parnell,GC Viljoen,0,0,,,,,,,,,
851975,2015/16,2015-11-29,"New Wanderers Stadium, Johannesburg",2,3.5,Cape Cobras,Lions,AG Puttick,WD Parnell,GC Viljoen,1,0,,,,,,,,,
851975,2015/16,2015-11-29,"New Wanderers Stadium, Johannesburg",2,3.6,Cape Cobras,Lions,WD Parnell,AG Puttick,GC Viljoen,0,0,,,,,,,,,
851975,2015/16,2015-11-29,"New Wanderers Stadium, Johannesburg",2,4.1,Cape Cobras,Lions,AG Puttick,WD Parnell,AM Phangiso,0,0,,,,,,,,,
851975,2015/16,2015-11-29,"New Wanderers Stadium, Johannesburg",2,4.2,Cape Cobras,Lions,AG Puttick,WD Parnell,AM Phangiso,1,0,,,,,,,,,
851975,2015/16,2015-11-29,"New Wanderers Stadium, Johannesburg",2,4.3,Cape Cobras,Lions,WD Parnell,AG Puttick,AM Phangiso,1,0,,,,,,,,,
851975,2015/16,2015-11-29,"New Wanderers Stadium, Johannesburg",2,4.4,Cape Cobras,Lions,AG Puttick,WD Parnell,AM Phangiso,1,0,,,,,,,,,
851975,2015/16,2015-11-29,"New Wanderers Stadium, Johannesburg",2,4.5,Cape Cobras,Lions,WD Parnell,AG Puttick,AM Phangiso,1,0,,,,,,,,,
851975,2015/16,2015-11-29,"New Wanderers Stadium, Johannesburg",2,4.6,Cape Cobras,Lions,AG Puttick,WD Parnell,AM Phangiso,1,0,,,,,,,,,
851975,2015/16,2015-11-29,"New Wanderers Stadium, Johannesburg",2,5.1,Cape Cobras,Lions,AG Puttick,WD Parnell,GC Viljoen,0,1,,,,1,,,,,
851975,2015/16,2015-11-29,"New Wanderers Stadium, Johannesburg",2,5.2,Cape Cobras,Lions,WD Parnell,AG Puttick,GC Viljoen,0,0,,,,,,,,,
851975,2015/16,2015-11-29,"New Wanderers Stadium, Johannesburg",2,5.3,Cape Cobras,Lions,WD Parnell,AG Puttick,GC Viljoen,2,0,,,,,,,,,
851975,2015/16,2015-11-29,"New Wanderers Stadium, Johannesburg",2,5.4,Cape Cobras,Lions,WD Parnell,AG Puttick,GC Viljoen,0,0,,,,,,,,,
851975,2015/16,2015-11-29,"New Wanderers Stadium, Johannesburg",2,5.5,Cape Cobras,Lions,WD Parnell,AG Puttick,GC Viljoen,0,1,,1,,,,,,,
851975,2015/16,2015-11-29,"New Wanderers Stadium, Johannesburg",2,5.6,Cape Cobras,Lions,WD Parnell,AG Puttick,GC Viljoen,4,0,,,,,,,,,
851975,2015/16,2015-11-29,"New Wanderers Stadium, Johannesburg",2,5.7,Cape Cobras,Lions,WD Parnell,AG Puttick,GC Viljoen,2,0,,,,,,,,,
851975,2015/16,2015-11-29,"New Wanderers Stadium, Johannesburg",2,6.1,Cape Cobras,Lions,AG Puttick,WD Parnell,AM Phangiso,0,1,1,,,,,,,,
851975,2015/16,2015-11-29,"New Wanderers Stadium, Johannesburg",2,6.2,Cape Cobras,Lions,AG Puttick,WD Parnell,AM Phangiso,0,0,,,,,,,,,
851975,2015/16,2015-11-29,"New Wanderers Stadium, Johannesburg",2,6.3,Cape Cobras,Lions,AG Puttick,WD Parnell,AM Phangiso,0,0,,,,,,,,,
851975,2015/16,2015-11-29,"New Wanderers Stadium, Johannesburg",2,6.4,Cape Cobras,Lions,AG Puttick,WD Parnell,AM Phangiso,0,0,,,,,,,,,
851975,2015/16,2015-11-29,"New Wanderers Stadium, Johannesburg",2,6.5,Cape Cobras,Lions,AG Puttick,WD Parnell,AM Phangiso,0,0,,,,,,,,,
851975,2015/16,2015-11-29,"New Wanderers Stadium, Johannesburg",2,6.6,Cape Cobras,Lions,AG Puttick,WD Parnell,AM Phangiso,1,0,,,,,,,,,
851975,2015/16,2015-11-29,"New Wanderers Stadium, Johannesburg",2,6.7,Cape Cobras,Lions,WD Parnell,AG Puttick,AM Phangiso,4,0,,,,,,,,,
851975,2015/16,2015-11-29,"New Wanderers Stadium, Johannesburg",2,7.1,Cape Cobras,Lions,AG Puttick,WD Parnell,E Leie,0,0,,,,,,caught,AG Puttick,,
851975,2015/16,2015-11-29,"New Wanderers Stadium, Johannesburg",2,7.2,Cape Cobras,Lions,JL Ontong,WD Parnell,E Leie,1,0,,,,,,,,,
851975,2015/16,2015-11-29,"New Wanderers Stadium, Johannesburg",2,7.3,Cape Cobras,Lions,WD Parnell,JL Ontong,E Leie,0,0,,,,,,,,,
851975,2015/16,2015-11-29,"New Wanderers Stadium, Johannesburg",2,7.4,Cape Cobras,Lions,WD Parnell,JL Ontong,E Leie,4,0,,,,,,,,,
851975,2015/16,2015-11-29,"New Wanderers Stadium, Johannesburg",2,7.5,Cape Cobras,Lions,WD Parnell,JL Ontong,E Leie,0,0,,,,,,,,,
851975,2015/16,2015-11-29,"New Wanderers Stadium, Johannesburg",2,7.6,Cape Cobras,Lions,WD Parnell,JL Ontong,E Leie,1,0,,,,,,,,,
851975,2015/16,2015-11-29,"New Wanderers Stadium, Johannesburg",2,8.1,Cape Cobras,Lions,WD Parnell,JL Ontong,AM Phangiso,1,0,,,,,,,,,
851975,2015/16,2015-11-29,"New Wanderers Stadium, Johannesburg",2,8.2,Cape Cobras,Lions,JL Ontong,WD Parnell,AM Phangiso,1,0,,,,,,,,,
851975,2015/16,2015-11-29,"New Wanderers Stadium, Johannesburg",2,8.3,Cape Cobras,Lions,WD Parnell,JL Ontong,AM Phangiso,0,0,,,,,,,,,
851975,2015/16,2015-11-29,"New Wanderers Stadium, Johannesburg",2,8.4,Cape Cobras,Lions,WD Parnell,JL Ontong,AM Phangiso,2,0,,,,,,,,,
851975,2015/16,2015-11-29,"New Wanderers Stadium, Johannesburg",2,8.5,Cape Cobras,Lions,WD Parnell,JL Ontong,AM Phangiso,0,0,,,,,,,,,
851975,2015/16,2015-11-29,"New Wanderers Stadium, Johannesburg",2,8.6,Cape Cobras,Lions,WD Parnell,JL Ontong,AM Phangiso,1,0,,,,,,,,,
851975,2015/16,2015-11-29,"New Wanderers Stadium, Johannesburg",2,9.1,Cape Cobras,Lions,WD Parnell,JL Ontong,E Leie,1,0,,,,,,,,,
851975,2015/16,2015-11-29,"New Wanderers Stadium, Johannesburg",2,9.2,Cape Cobras,Lions,JL Ontong,WD Parnell,E Leie,1,0,,,,,,,,,
851975,2015/16,2015-11-29,"New Wanderers Stadium, Johannesburg",2,9.3,Cape Cobras,Lions,WD Parnell,JL Ontong,E Leie,6,0,,,,,,,,,
851975,2015/16,2015-11-29,"New Wanderers Stadium, Johannesburg",2,9.4,Cape Cobras,Lions,WD Parnell,JL Ontong,E Leie,1,0,,,,,,,,,
851975,2015/16,2015-11-29,"New Wanderers Stadium, Johannesburg",2,9.5,Cape Cobras,Lions,JL Ontong,WD Parnell,E Leie,1,0,,,,,,,,,
851975,2015/16,2015-11-29,"New Wanderers Stadium, Johannesburg",2,9.6,Cape Cobras,Lions,WD Parnell,JL Ontong,E Leie,1,0,,,,,,,,,
851975,2015/16,2015-11-29,"New Wanderers Stadium, Johannesburg",2,10.1,Cape Cobras,Lions,WD Parnell,JL Ontong,BC Fortuin,0,0,,,,,,,,,
851975,2015/16,2015-11-29,"New Wanderers Stadium, Johannesburg",2,10.2,Cape Cobras,Lions,WD Parnell,JL Ontong,BC Fortuin,0,1,1,,,,,,,,
851975,2015/16,2015-11-29,"New Wanderers Stadium, Johannesburg",2,10.3,Cape Cobras,Lions,WD Parnell,JL Ontong,BC Fortuin,1,0,,,,,,,,,
851975,2015/16,2015-11-29,"New Wanderers Stadium, Johannesburg",2,10.4,Cape Cobras,Lions,JL Ontong,WD Parnell,BC Fortuin,0,0,,,,,,,,,
851975,2015/16,2015-11-29,"New Wanderers Stadium, Johannesburg",2,10.5,Cape Cobras,Lions,JL Ontong,WD Parnell,BC Fortuin,1,0,,,,,,,,,
851975,2015/16,2015-11-29,"New Wanderers Stadium, Johannesburg",2,10.6,Cape Cobras,Lions,WD Parnell,JL Ontong,BC Fortuin,1,0,,,,,,,,,
851975,2015/16,2015-11-29,"New Wanderers Stadium, Johannesburg",2,10.7,Cape Cobras,Lions,JL Ontong,WD Parnell,BC Fortuin,0,0,,,,,,,,,
851975,2015/16,2015-11-29,"New Wanderers Stadium, Johannesburg",2,11.1,Cape Cobras,Lions,WD Parnell,JL Ontong,E Leie,0,0,,,,,,,,,
851975,2015/16,2015-11-29,"New Wanderers Stadium, Johannesburg",2,11.2,Cape Cobras,Lions,WD Parnell,JL Ontong,E Leie,1,0,,,,,,,,,
851975,2015/16,2015-11-29,"New Wanderers Stadium, Johannesburg",2,11.3,Cape Cobras,Lions,JL Ontong,WD Parnell,E Leie,1,0,,,,,,,,,
851975,2015/16,2015-11-29,"New Wanderers Stadium, Johannesburg",2,11.4,Cape Cobras,Lions,WD Parnell,JL Ontong,E Leie,1,0,,,,,,,,,
851975,2015/16,2015-11-29,"New Wanderers Stadium, Johannesburg",2,11.5,Cape Cobras,Lions,JL Ontong,WD Parnell,E Leie,1,0,,,,,,,,,
851975,2015/16,2015-11-29,"New Wanderers Stadium, Johannesburg",2,11.6,Cape Cobras,Lions,WD Parnell,JL Ontong,E Leie,6,0,,,,,,,,,
851975,2015/16,2015-11-29,"New Wanderers Stadium, Johannesburg",2,12.1,Cape Cobras,Lions,JL Ontong,WD Parnell,BC Fortuin,1,0,,,,,,,,,
851975,2015/16,2015-11-29,"New Wanderers Stadium, Johannesburg",2,12.2,Cape Cobras,Lions,WD Parnell,JL Ontong,BC Fortuin,2,0,,,,,,,,,
851975,2015/16,2015-11-29,"New Wanderers Stadium, Johannesburg",2,12.3,Cape Cobras,Lions,WD Parnell,JL Ontong,BC Fortuin,1,0,,,,,,,,,
851975,2015/16,2015-11-29,"New Wanderers Stadium, Johannesburg",2,12.4,Cape Cobras,Lions,JL Ontong,WD Parnell,BC Fortuin,0,0,,,,,,,,,
851975,2015/16,2015-11-29,"New Wanderers Stadium, Johannesburg",2,12.5,Cape Cobras,Lions,JL Ontong,WD Parnell,BC Fortuin,1,0,,,,,,,,,
851975,2015/16,2015-11-29,"New Wanderers Stadium, Johannesburg",2,12.6,Cape Cobras,Lions,WD Parnell,JL Ontong,BC Fortuin,1,0,,,,,,,,,
851975,2015/16,2015-11-29,"New Wanderers Stadium, Johannesburg",2,13.1,Cape Cobras,Lions,WD Parnell,JL Ontong,D Pretorius,0,0,,,,,,,,,
851975,2015/16,2015-11-29,"New Wanderers Stadium, Johannesburg",2,13.2,Cape Cobras,Lions,WD Parnell,JL Ontong,D Pretorius,0,0,,,,,,,,,
851975,2015/16,2015-11-29,"New Wanderers Stadium, Johannesburg",2,13.3,Cape Cobras,Lions,WD Parnell,JL Ontong,D Pretorius,0,0,,,,,,,,,
851975,2015/16,2015-11-29,"New Wanderers Stadium, Johannesburg",2,13.4,Cape Cobras,Lions,WD Parnell,JL Ontong,D Pretorius,2,0,,,,,,,,,
851975,2015/16,2015-11-29,"New Wanderers Stadium, Johannesburg",2,13.5,Cape Cobras,Lions,WD Parnell,JL Ontong,D Pretorius,0,0,,,,,,,,,
851975,2015/16,2015-11-29,"New Wanderers Stadium, Johannesburg",2,13.6,Cape Cobras,Lions,WD Parnell,JL Ontong,D Pretorius,0,0,,,,,,,,,
851975,2015/16,2015-11-29,"New Wanderers Stadium, Johannesburg",2,14.1,Cape Cobras,Lions,JL Ontong,WD Parnell,BC Fortuin,0,0,,,,,,caught,JL Ontong,,
851975,2015/16,2015-11-29,"New Wanderers Stadium, Johannesburg",2,14.2,Cape Cobras,Lions,WD Parnell,SA Engelbrecht,BC Fortuin,1,0,,,,,,,,,
851975,2015/16,2015-11-29,"New Wanderers Stadium, Johannesburg",2,14.3,Cape Cobras,Lions,SA Engelbrecht,WD Parnell,BC Fortuin,0,0,,,,,,,,,
851975,2015/16,2015-11-29,"New Wanderers Stadium, Johannesburg",2,14.4,Cape Cobras,Lions,SA Engelbrecht,WD Parnell,BC Fortuin,2,0,,,,,,,,,
851975,2015/16,2015-11-29,"New Wanderers Stadium, Johannesburg",2,14.5,Cape Cobras,Lions,SA Engelbrecht,WD Parnell,BC Fortuin,0,0,,,,,,,,,
851975,2015/16,2015-11-29,"New Wanderers Stadium, Johannesburg",2,14.6,Cape Cobras,Lions,SA Engelbrecht,WD Parnell,BC Fortuin,1,0,,,,,,,,,
851975,2015/16,2015-11-29,"New Wanderers Stadium, Johannesburg",2,15.1,Cape Cobras,Lions,SA Engelbrecht,WD Parnell,D Pretorius,0,0,,,,,,,,,
851975,2015/16,2015-11-29,"New Wanderers Stadium, Johannesburg",2,15.2,Cape Cobras,Lions,SA Engelbrecht,WD Parnell,D Pretorius,1,0,,,,,,,,,
851975,2015/16,2015-11-29,"New Wanderers Stadium, Johannesburg",2,15.3,Cape Cobras,Lions,WD Parnell,SA Engelbrecht,D Pretorius,4,0,,,,,,,,,
851975,2015/16,2015-11-29,"New Wanderers Stadium, Johannesburg",2,15.4,Cape Cobras,Lions,WD Parnell,SA Engelbrecht,D Pretorius,0,1,,,,1,,,,,
851975,2015/16,2015-11-29,"New Wanderers Stadium, Johannesburg",2,15.5,Cape Cobras,Lions,SA Engelbrecht,WD Parnell,D Pretorius,1,0,,,,,,,,,
851975,2015/16,2015-11-29,"New Wanderers Stadium, Johannesburg",2,15.6,Cape Cobras,Lions,WD Parnell,SA Engelbrecht,D Pretorius,0,0,,,,,,,,,
851975,2015/16,2015-11-29,"New Wanderers Stadium, Johannesburg",2,16.1,Cape Cobras,Lions,SA Engelbrecht,WD Parnell,BC Fortuin,0,1,,,,1,,,,,
851975,2015/16,2015-11-29,"New Wanderers Stadium, Johannesburg",2,16.2,Cape Cobras,Lions,WD Parnell,SA Engelbrecht,BC Fortuin,1,0,,,,,,,,,
851975,2015/16,2015-11-29,"New Wanderers Stadium, Johannesburg",2,16.3,Cape Cobras,Lions,SA Engelbrecht,WD Parnell,BC Fortuin,0,0,,,,,,,,,
851975,2015/16,2015-11-29,"New Wanderers Stadium, Johannesburg",2,16.4,Cape Cobras,Lions,SA Engelbrecht,WD Parnell,BC Fortuin,0,0,,,,,,,,,
851975,2015/16,2015-11-29,"New Wanderers Stadium, Johannesburg",2,16.5,Cape Cobras,Lions,SA Engelbrecht,WD Parnell,BC Fortuin,1,0,,,,,,,,,
851975,2015/16,2015-11-29,"New Wanderers Stadium, Johannesburg",2,16.6,Cape Cobras,Lions,WD Parnell,SA Engelbrecht,BC Fortuin,4,0,,,,,,,,,
851975,2015/16,2015-11-29,"New Wanderers Stadium, Johannesburg",2,17.1,Cape Cobras,Lions,SA Engelbrecht,WD Parnell,GC Viljoen,0,0,,,,,,caught,SA Engelbrecht,,
851975,2015/16,2015-11-29,"New Wanderers Stadium, Johannesburg",2,17.2,Cape Cobras,Lions,LC Ngoepe,WD Parnell,GC Viljoen,0,0,,,,,,,,,
851975,2015/16,2015-11-29,"New Wanderers Stadium, Johannesburg",2,17.3,Cape Cobras,Lions,LC Ngoepe,WD Parnell,GC Viljoen,1,0,,,,,,,,,
851975,2015/16,2015-11-29,"New Wanderers Stadium, Johannesburg",2,17.4,Cape Cobras,Lions,WD Parnell,LC Ngoepe,GC Viljoen,4,0,,,,,,,,,
851975,2015/16,2015-11-29,"New Wanderers Stadium, Johannesburg",2,17.5,Cape Cobras,Lions,WD Parnell,LC Ngoepe,GC Viljoen,6,0,,,,,,,,,
851975,2015/16,2015-11-29,"New Wanderers Stadium, Johannesburg",2,17.6,Cape Cobras,Lions,WD Parnell,LC Ngoepe,GC Viljoen,3,0,,,,,,,,,
851975,2015/16,2015-11-29,"New Wanderers Stadium, Johannesburg",2,18.1,Cape Cobras,Lions,WD Parnell,LC Ngoepe,AM Phangiso,6,0,,,,,,,,,
851975,2015/16,2015-11-29,"New Wanderers Stadium, Johannesburg",2,18.2,Cape Cobras,Lions,WD Parnell,LC Ngoepe,AM Phangiso,6,0,,,,,,,,,
851975,2015/16,2015-11-29,"New Wanderers Stadium, Johannesburg",2,18.3,Cape Cobras,Lions,WD Parnell,LC Ngoepe,AM Phangiso,0,0,,,,,,caught,WD Parnell,,
851975,2015/16,2015-11-29,"New Wanderers Stadium, Johannesburg",2,18.4,Cape Cobras,Lions,LC Ngoepe,RK Kleinveldt,AM Phangiso,1,0,,,,,,,,,
851975,2015/16,2015-11-29,"New Wanderers Stadium, Johannesburg",2,18.5,Cape Cobras,Lions,RK Kleinveldt,LC Ngoepe,AM Phangiso,0,0,,,,,,,,,
851975,2015/16,2015-11-29,"New Wanderers Stadium, Johannesburg",2,18.6,Cape Cobras,Lions,RK Kleinveldt,LC Ngoepe,AM Phangiso,1,0,,,,,,,,,
851975,2015/16,2015-11-29,"New Wanderers Stadium, Johannesburg",2,19.1,Cape Cobras,Lions,RK Kleinveldt,LC Ngoepe,E Leie,6,0,,,,,,,,,
