version,2.1.0
info,balls_per_over,6
info,team,St Lucia Zouks
info,team,St Kitts and Nevis Patriots
info,gender,male
info,season,2016
info,date,2016/07/21
info,event,Caribbean Premier League
info,match_number,21
info,venue,"Daren Sammy National Cricket Stadium, Gros Islet"
info,city,St Lucia
info,toss_winner,St Kitts and Nevis Patriots
info,toss_decision,field
info,player_of_match,DJG Sammy
info,umpire,JD Cloete
info,umpire,PA Gustard
info,tv_umpire,Zahid Bassarath
info,match_referee,Denavon Hayles
info,winner,St Lucia Zouks
info,winner_runs,35
info,player,St Lucia Zouks,J Charles
info,player,St Lucia Zouks,ADS Fletcher
info,player,St Lucia Zouks,SR Watson
info,player,St Lucia Zouks,MEK Hussey
info,player,St Lucia Zouks,DA Miller
info,player,St Lucia Zouks,DJG Sammy
info,player,St Lucia Zouks,K Lesporis
info,player,St Lucia Zouks,DE Johnson
info,player,St Lucia Zouks,S Shillingford
info,player,St Lucia Zouks,JE Taylor
info,player,St Lucia Zouks,M Morkel
info,player,St Kitts and Nevis Patriots,LMP Simmons
info,player,St Kitts and Nevis Patriots,E Lewis
info,player,St Kitts and Nevis Patriots,JT Smuts
info,player,St Kitts and Nevis Patriots,F du Plessis
info,player,St Kitts and Nevis Patriots,DC Thomas
info,player,St Kitts and Nevis Patriots,JL Carter
info,player,St Kitts and Nevis Patriots,BJ Hodge
info,player,St Kitts and Nevis Patriots,K Santokie
info,player,St Kitts and Nevis Patriots,SS Cottrell
info,player,St Kitts and Nevis Patriots,S Badree
info,player,St Kitts and Nevis Patriots,AS Joseph
info,registry,people,ADS Fletcher,1bae756b
info,registry,people,AS Joseph,b0946605
info,registry,people,BJ Hodge,b57f8a9a
info,registry,people,DA Miller,d67d5f00
info,registry,people,DC Thomas,08a4f9ad
info,registry,people,DE Johnson,c0babb93
info,registry,people,DJG Sammy,c03c6200
info,registry,people,Denavon Hayles,5cbeeb02
info,registry,people,E Lewis,0ebfb1ad
info,registry,people,F du Plessis,3355b542
info,registry,people,J Charles,09a9d073
info,registry,people,JD Cloete,b0419f8c
info,registry,people,JE Taylor,4180d897
info,registry,people,JL Carter,0a9d8b61
info,registry,people,JT Smuts,42172c3c
info,registry,people,K Lesporis,fb496f7a
info,registry,people,K Santokie,531f0278
info,registry,people,LMP Simmons,89f64c19
info,registry,people,M Morkel,5bb5a915
info,registry,people,MEK Hussey,48fd7349
info,registry,people,PA Gustard,25bcf808
info,registry,people,S Badree,76388dc8
info,registry,people,S Shillingford,d76b0d2d
info,registry,people,SR Watson,4329fbb5
info,registry,people,SS Cottrell,a1d053dd
info,registry,people,Zahid Bassarath,ca6bf044
