match_id,season,start_date,venue,innings,ball,batting_team,bowling_team,striker,non_striker,bowler,runs_off_bat,extras,wides,noballs,byes,legbyes,penalty,wicket_type,player_dismissed,other_wicket_type,other_player_dismissed
1019647,2016,2016-07-16,"Kensington Oval, Bridgetown",1,0.1,Barbados Tridents,Trinbago Knight Riders,Steven Ryan Taylor,Shoaib Malik,AP Devcich,0,0,,,,,,,,,
1019647,2016,2016-07-16,"Kensington Oval, Bridgetown",1,0.2,Barbados Tridents,Trinbago Knight Riders,Steven Ryan Taylor,Shoaib Malik,AP Devcich,0,1,1,,,,,,,,
1019647,2016,2016-07-16,"Kensington Oval, Bridgetown",1,0.3,Barbados Tridents,Trinbago Knight Riders,Steven Ryan Taylor,Shoaib Malik,AP Devcich,2,0,,,,,,,,,
1019647,2016,2016-07-16,"Kensington Oval, Bridgetown",1,0.4,Barbados Tridents,Trinbago Knight Riders,Steven Ryan Taylor,Shoaib Malik,AP Devcich,4,0,,,,,,,,,
1019647,2016,2016-07-16,"Kensington Oval, Bridgetown",1,0.5,Barbados Tridents,Trinbago Knight Riders,Steven Ryan Taylor,Shoaib Malik,AP Devcich,1,0,,,,,,,,,
1019647,2016,2016-07-16,"Kensington Oval, Bridgetown",1,0.6,Barbados Tridents,Trinbago Knight Riders,Shoaib Malik,Steven Ryan Taylor,AP Devcich,1,0,,,,,,,,,
1019647,2016,2016-07-16,"Kensington Oval, Bridgetown",1,0.7,Barbados Tridents,Trinbago Knight Riders,Steven Ryan Taylor,Shoaib Malik,AP Devcich,0,0,,,,,,,,,
1019647,2016,2016-07-16,"Kensington Oval, Bridgetown",1,1.1,Barbados Tridents,Trinbago Knight Riders,Shoaib Malik,Steven Ryan Taylor,RR Beaton,0,1,,,,1,,,,,
1019647,2016,2016-07-16,"Kensington Oval, Bridgetown",1,1.2,Barbados Tridents,Trinbago Knight Riders,Steven Ryan Taylor,Shoaib Malik,RR Beaton,0,0,,,,,,,,,
1019647,2016,2016-07-16,"Kensington Oval, Bridgetown",1,1.3,Barbados Tridents,Trinbago Knight Riders,Steven Ryan Taylor,Shoaib Malik,RR Beaton,0,0,,,,,,,,,
1019647,2016,2016-07-16,"Kensington Oval, Bridgetown",1,1.4,Barbados Tridents,Trinbago Knight Riders,Steven Ryan Taylor,Shoaib Malik,RR Beaton,0,0,,,,,,,,,
1019647,2016,2016-07-16,"Kensington Oval, Bridgetown",1,1.5,Barbados Tridents,Trinbago Knight Riders,Steven Ryan Taylor,Shoaib Malik,RR Beaton,1,0,,,,,,,,,
1019647,2016,2016-07-16,"Kensington Oval, Bridgetown",1,1.6,Barbados Tridents,Trinbago Knight Riders,Shoaib Malik,Steven Ryan Taylor,RR Beaton,1,0,,,,,,,,,
1019647,2016,2016-07-16,"Kensington Oval, Bridgetown",1,2.1,Barbados Tridents,Trinbago Knight Riders,Shoaib Malik,Steven Ryan Taylor,KK Cooper,1,0,,,,,,,,,
1019647,2016,2016-07-16,"Kensington Oval, Bridgetown",1,2.2,Barbados Tridents,Trinbago Knight Riders,Steven Ryan Taylor,Shoaib Malik,KK Cooper,0,0,,,,,,,,,
1019647,2016,2016-07-16,"Kensington Oval, Bridgetown",1,2.3,Barbados Tridents,Trinbago Knight Riders,Steven Ryan Taylor,Shoaib Malik,KK Cooper,0,0,,,,,,,,,
1019647,2016,2016-07-16,"Kensington Oval, Bridgetown",1,2.4,Barbados Tridents,Trinbago Knight Riders,Steven Ryan Taylor,Shoaib Malik,KK Cooper,1,0,,,,,,,,,
1019647,2016,2016-07-16,"Kensington Oval, Bridgetown",1,2.5,Barbados Tridents,Trinbago Knight Riders,Shoaib Malik,Steven Ryan Taylor,KK Cooper,4,0,,,,,,,,,
1019647,2016,2016-07-16,"Kensington Oval, Bridgetown",1,2.6,Barbados Tridents,Trinbago Knight Riders,Shoaib Malik,Steven Ryan Taylor,KK Cooper,0,0,,,,,,,,,
1019647,2016,2016-07-16,"Kensington Oval, Bridgetown",1,3.1,Barbados Tridents,Trinbago Knight Riders,Steven Ryan Taylor,Shoaib Malik,RR Beaton,0,0,,,,,,,,,
1019647,2016,2016-07-16,"Kensington Oval, Bridgetown",1,3.2,Barbados Tridents,Trinbago Knight Riders,Steven Ryan Taylor,Shoaib Malik,RR Beaton,2,0,,,,,,,,,
1019647,2016,2016-07-16,"Kensington Oval, Bridgetown",1,3.3,Barbados Tridents,Trinbago Knight Riders,Steven Ryan Taylor,Shoaib Malik,RR Beaton,1,0,,,,,,,,,
1019647,2016,2016-07-16,"Kensington Oval, Bridgetown",1,3.4,Barbados Tridents,Trinbago Knight Riders,Shoaib Malik,Steven Ryan Taylor,RR Beaton,0,1,1,,,,,,,,
1019647,2016,2016-07-16,"Kensington Oval, Bridgetown",1,3.5,Barbados Tridents,Trinbago Knight Riders,Shoaib Malik,Steven Ryan Taylor,RR Beaton,0,0,,,,,,,,,
1019647,2016,2016-07-16,"Kensington Oval, Bridgetown",1,3.6,Barbados Tridents,Trinbago Knight Riders,Shoaib Malik,Steven Ryan Taylor,RR Beaton,1,0,,,,,,,,,
1019647,2016,2016-07-16,"Kensington Oval, Bridgetown",1,3.7,Barbados Tridents,Trinbago Knight Riders,Steven Ryan Taylor,Shoaib Malik,RR Beaton,0,0,,,,,,,,,
1019647,2016,2016-07-16,"Kensington Oval, Bridgetown",1,4.1,Barbados Tridents,Trinbago Knight Riders,Shoaib Malik,Steven Ryan Taylor,DJ Bravo,2,0,,,,,,,,,
1019647,2016,2016-07-16,"Kensington Oval, Bridgetown",1,4.2,Barbados Tridents,Trinbago Knight Riders,Shoaib Malik,Steven Ryan Taylor,DJ Bravo,0,0,,,,,,,,,
1019647,2016,2016-07-16,"Kensington Oval, Bridgetown",1,4.3,Barbados Tridents,Trinbago Knight Riders,Shoaib Malik,Steven Ryan Taylor,DJ Bravo,0,0,,,,,,,,,
1019647,2016,2016-07-16,"Kensington Oval, Bridgetown",1,4.4,Barbados Tridents,Trinbago Knight Riders,Shoaib Malik,Steven Ryan Taylor,DJ Bravo,1,0,,,,,,,,,
1019647,2016,2016-07-16,"Kensington Oval, Bridgetown",1,4.5,Barbados Tridents,Trinbago Knight Riders,Steven Ryan Taylor,Shoaib Malik,DJ Bravo,0,0,,,,,,,,,
1019647,2016,2016-07-16,"Kensington Oval, Bridgetown",1,4.6,Barbados Tridents,Trinbago Knight Riders,Steven Ryan Taylor,Shoaib Malik,DJ Bravo,0,0,,,,,,,,,
1019647,2016,2016-07-16,"Kensington Oval, Bridgetown",1,5.1,Barbados Tridents,Trinbago Knight Riders,Shoaib Malik,Steven Ryan Taylor,SP Narine,2,0,,,,,,,,,
1019647,2016,2016-07-16,"Kensington Oval, Bridgetown",1,5.2,Barbados Tridents,Trinbago Knight Riders,Shoaib Malik,Steven Ryan Taylor,SP Narine,0,0,,,,,,,,,
1019647,2016,2016-07-16,"Kensington Oval, Bridgetown",1,5.3,Barbados Tridents,Trinbago Knight Riders,Shoaib Malik,Steven Ryan Taylor,SP Narine,0,0,,,,,,,,,
1019647,2016,2016-07-16,"Kensington Oval, Bridgetown",1,5.4,Barbados Tridents,Trinbago Knight Riders,Shoaib Malik,Steven Ryan Taylor,SP Narine,4,0,,,,,,,,,
1019647,2016,2016-07-16,"Kensington Oval, Bridgetown",1,5.5,Barbados Tridents,Trinbago Knight Riders,Shoaib Malik,Steven Ryan Taylor,SP Narine,0,0,,,,,,,,,
1019647,2016,2016-07-16,"Kensington Oval, Bridgetown",1,5.6,Barbados Tridents,Trinbago Knight Riders,Shoaib Malik,Steven Ryan Taylor,SP Narine,0,0,,,,,,,,,
1019647,2016,2016-07-16,"Kensington Oval, Bridgetown",1,6.1,Barbados Tridents,Trinbago Knight Riders,Steven Ryan Taylor,Shoaib Malik,SJ Benn,0,0,,,,,,,,,
1019647,2016,2016-07-16,"Kensington Oval, Bridgetown",1,6.2,Barbados Tridents,Trinbago Knight Riders,Steven Ryan Taylor,Shoaib Malik,SJ Benn,1,0,,,,,,,,,
1019647,2016,2016-07-16,"Kensington Oval, Bridgetown",1,6.3,Barbados Tridents,Trinbago Knight Riders,Shoaib Malik,Steven Ryan Taylor,SJ Benn,4,0,,,,,,,,,
1019647,2016,2016-07-16,"Kensington Oval, Bridgetown",1,6.4,Barbados Tridents,Trinbago Knight Riders,Shoaib Malik,Steven Ryan Taylor,SJ Benn,1,0,,,,,,,,,
1019647,2016,2016-07-16,"Kensington Oval, Bridgetown",1,6.5,Barbados Tridents,Trinbago Knight Riders,Steven Ryan Taylor,Shoaib Malik,SJ Benn,0,0,,,,,,caught,Steven Ryan Taylor,,
1019647,2016,2016-07-16,"Kensington Oval, Bridgetown",1,6.6,Barbados Tridents,Trinbago Knight Riders,Shoaib Malik,AB de Villiers,SJ Benn,0,0,,,,,,,,,
1019647,2016,2016-07-16,"Kensington Oval, Bridgetown",1,7.1,Barbados Tridents,Trinbago Knight Riders,AB de Villiers,Shoaib Malik,SP Narine,0,0,,,,,,,,,
1019647,2016,2016-07-16,"Kensington Oval, Bridgetown",1,7.2,Barbados Tridents,Trinbago Knight Riders,AB de Villiers,Shoaib Malik,SP Narine,0,0,,,,,,,,,
1019647,2016,2016-07-16,"Kensington Oval, Bridgetown",1,7.3,Barbados Tridents,Trinbago Knight Riders,AB de Villiers,Shoaib Malik,SP Narine,1,0,,,,,,,,,
1019647,2016,2016-07-16,"Kensington Oval, Bridgetown",1,7.4,Barbados Tridents,Trinbago Knight Riders,Shoaib Malik,AB de Villiers,SP Narine,1,0,,,,,,,,,
1019647,2016,2016-07-16,"Kensington Oval, Bridgetown",1,7.5,Barbados Tridents,Trinbago Knight Riders,AB de Villiers,Shoaib Malik,SP Narine,2,0,,,,,,,,,
1019647,2016,2016-07-16,"Kensington Oval, Bridgetown",1,7.6,Barbados Tridents,Trinbago Knight Riders,AB de Villiers,Shoaib Malik,SP Narine,2,0,,,,,,,,,
1019647,2016,2016-07-16,"Kensington Oval, Bridgetown",1,8.1,Barbados Tridents,Trinbago Knight Riders,Shoaib Malik,AB de Villiers,SJ Benn,1,0,,,,,,,,,
1019647,2016,2016-07-16,"Kensington Oval, Bridgetown",1,8.2,Barbados Tridents,Trinbago Knight Riders,AB de Villiers,Shoaib Malik,SJ Benn,1,0,,,,,,,,,
1019647,2016,2016-07-16,"Kensington Oval, Bridgetown",1,8.3,Barbados Tridents,Trinbago Knight Riders,Shoaib Malik,AB de Villiers,SJ Benn,1,0,,,,,,,,,
1019647,2016,2016-07-16,"Kensington Oval, Bridgetown",1,8.4,Barbados Tridents,Trinbago Knight Riders,AB de Villiers,Shoaib Malik,SJ Benn,4,0,,,,,,,,,
1019647,2016,2016-07-16,"Kensington Oval, Bridgetown",1,8.5,Barbados Tridents,Trinbago Knight Riders,AB de Villiers,Shoaib Malik,SJ Benn,4,0,,,,,,,,,
1019647,2016,2016-07-16,"Kensington Oval, Bridgetown",1,8.6,Barbados Tridents,Trinbago Knight Riders,AB de Villiers,Shoaib Malik,SJ Benn,1,0,,,,,,,,,
1019647,2016,2016-07-16,"Kensington Oval, Bridgetown",1,9.1,Barbados Tridents,Trinbago Knight Riders,AB de Villiers,Shoaib Malik,DJ Bravo,0,1,,1,,,,,,,
1019647,2016,2016-07-16,"Kensington Oval, Bridgetown",1,9.2,Barbados Tridents,Trinbago Knight Riders,AB de Villiers,Shoaib Malik,DJ Bravo,1,0,,,,,,,,,
1019647,2016,2016-07-16,"Kensington Oval, Bridgetown",1,9.3,Barbados Tridents,Trinbago Knight Riders,Shoaib Malik,AB de Villiers,DJ Bravo,0,0,,,,,,,,,
1019647,2016,2016-07-16,"Kensington Oval, Bridgetown",1,9.4,Barbados Tridents,Trinbago Knight Riders,Shoaib Malik,AB de Villiers,DJ Bravo,4,0,,,,,,,,,
1019647,2016,2016-07-16,"Kensington Oval, Bridgetown",1,9.5,Barbados Tridents,Trinbago Knight Riders,Shoaib Malik,AB de Villiers,DJ Bravo,2,0,,,,,,,,,
1019647,2016,2016-07-16,"Kensington Oval, Bridgetown",1,9.6,Barbados Tridents,Trinbago Knight Riders,Shoaib Malik,AB de Villiers,DJ Bravo,0,0,,,,,,,,,
1019647,2016,2016-07-16,"Kensington Oval, Bridgetown",1,9.7,Barbados Tridents,Trinbago Knight Riders,Shoaib Malik,AB de Villiers,DJ Bravo,2,0,,,,,,,,,
1019647,2016,2016-07-16,"Kensington Oval, Bridgetown",1,10.1,Barbados Tridents,Trinbago Knight Riders,AB de Villiers,Shoaib Malik,KK Cooper,0,1,1,,,,,,,,
1019647,2016,2016-07-16,"Kensington Oval, Bridgetown",1,10.2,Barbados Tridents,Trinbago Knight Riders,AB de Villiers,Shoaib Malik,KK Cooper,4,0,,,,,,,,,
1019647,2016,2016-07-16,"Kensington Oval, Bridgetown",1,10.3,Barbados Tridents,Trinbago Knight Riders,AB de Villiers,Shoaib Malik,KK Cooper,1,0,,,,,,,,,
1019647,2016,2016-07-16,"Kensington Oval, Bridgetown",1,10.4,Barbados Tridents,Trinbago Knight Riders,Shoaib Malik,AB de Villiers,KK Cooper,4,0,,,,,,,,,
1019647,2016,2016-07-16,"Kensington Oval, Bridgetown",1,10.5,Barbados Tridents,Trinbago Knight Riders,Shoaib Malik,AB de Villiers,KK Cooper,0,2,,,,2,,,,,
1019647,2016,2016-07-16,"Kensington Oval, Bridgetown",1,10.6,Barbados Tridents,Trinbago Knight Riders,Shoaib Malik,AB de Villiers,KK Cooper,1,0,,,,,,,,,
1019647,2016,2016-07-16,"Kensington Oval, Bridgetown",1,10.7,Barbados Tridents,Trinbago Knight Riders,AB de Villiers,Shoaib Malik,KK Cooper,0,0,,,,,,,,,
1019647,2016,2016-07-16,"Kensington Oval, Bridgetown",1,11.1,Barbados Tridents,Trinbago Knight Riders,Shoaib Malik,AB de Villiers,SJ Benn,1,0,,,,,,,,,
1019647,2016,2016-07-16,"Kensington Oval, Bridgetown",1,11.2,Barbados Tridents,Trinbago Knight Riders,AB de Villiers,Shoaib Malik,SJ Benn,1,0,,,,,,,,,
1019647,2016,2016-07-16,"Kensington Oval, Bridgetown",1,11.3,Barbados Tridents,Trinbago Knight Riders,Shoaib Malik,AB de Villiers,SJ Benn,1,0,,,,,,,,,
1019647,2016,2016-07-16,"Kensington Oval, Bridgetown",1,11.4,Barbados Tridents,Trinbago Knight Riders,AB de Villiers,Shoaib Malik,SJ Benn,1,0,,,,,,,,,
1019647,2016,2016-07-16,"Kensington Oval, Bridgetown",1,11.5,Barbados Tridents,Trinbago Knight Riders,Shoaib Malik,AB de Villiers,SJ Benn,2,0,,,,,,,,,
1019647,2016,2016-07-16,"Kensington Oval, Bridgetown",1,11.6,Barbados Tridents,Trinbago Knight Riders,Shoaib Malik,AB de Villiers,SJ Benn,1,0,,,,,,,,,
1019647,2016,2016-07-16,"Kensington Oval, Bridgetown",1,12.1,Barbados Tridents,Trinbago Knight Riders,Shoaib Malik,AB de Villiers,RR Beaton,0,0,,,,,,,,,
1019647,2016,2016-07-16,"Kensington Oval, Bridgetown",1,12.2,Barbados Tridents,Trinbago Knight Riders,Shoaib Malik,AB de Villiers,RR Beaton,0,1,,,,1,,,,,
1019647,2016,2016-07-16,"Kensington Oval, Bridgetown",1,12.3,Barbados Tridents,Trinbago Knight Riders,AB de Villiers,Shoaib Malik,RR Beaton,0,0,,,,,,,,,
1019647,2016,2016-07-16,"Kensington Oval, Bridgetown",1,12.4,Barbados Tridents,Trinbago Knight Riders,AB de Villiers,Shoaib Malik,RR Beaton,1,0,,,,,,,,,
1019647,2016,2016-07-16,"Kensington Oval, Bridgetown",1,12.5,Barbados Tridents,Trinbago Knight Riders,Shoaib Malik,AB de Villiers,RR Beaton,1,0,,,,,,,,,
1019647,2016,2016-07-16,"Kensington Oval, Bridgetown",1,12.6,Barbados Tridents,Trinbago Knight Riders,AB de Villiers,Shoaib Malik,RR Beaton,0,4,,,,4,,,,,
1019647,2016,2016-07-16,"Kensington Oval, Bridgetown",1,13.1,Barbados Tridents,Trinbago Knight Riders,Shoaib Malik,AB de Villiers,SP Narine,1,0,,,,,,,,,
1019647,2016,2016-07-16,"Kensington Oval, Bridgetown",1,13.2,Barbados Tridents,Trinbago Knight Riders,AB de Villiers,Shoaib Malik,SP Narine,1,0,,,,,,,,,
1019647,2016,2016-07-16,"Kensington Oval, Bridgetown",1,13.3,Barbados Tridents,Trinbago Knight Riders,Shoaib Malik,AB de Villiers,SP Narine,0,0,,,,,,,,,
1019647,2016,2016-07-16,"Kensington Oval, Bridgetown",1,13.4,Barbados Tridents,Trinbago Knight Riders,Shoaib Malik,AB de Villiers,SP Narine,1,0,,,,,,,,,
1019647,2016,2016-07-16,"Kensington Oval, Bridgetown",1,13.5,Barbados Tridents,Trinbago Knight Riders,AB de Villiers,Shoaib Malik,SP Narine,1,0,,,,,,,,,
1019647,2016,2016-07-16,"Kensington Oval, Bridgetown",1,13.6,Barbados Tridents,Trinbago Knight Riders,Shoaib Malik,AB de Villiers,SP Narine,1,0,,,,,,,,,
1019647,2016,2016-07-16,"Kensington Oval, Bridgetown",1,14.1,Barbados Tridents,Trinbago Knight Riders,Shoaib Malik,AB de Villiers,DJ Bravo,0,0,,,,,,bowled,Shoaib Malik,,
1019647,2016,2016-07-16,"Kensington Oval, Bridgetown",1,14.2,Barbados Tridents,Trinbago Knight Riders,KA Pollard,AB de Villiers,DJ Bravo,0,0,,,,,,,,,
1019647,2016,2016-07-16,"Kensington Oval, Bridgetown",1,14.3,Barbados Tridents,Trinbago Knight Riders,KA Pollard,AB de Villiers,DJ Bravo,6,0,,,,,,,,,
1019647,2016,2016-07-16,"Kensington Oval, Bridgetown",1,14.4,Barbados Tridents,Trinbago Knight Riders,KA Pollard,AB de Villiers,DJ Bravo,0,1,1,,,,,,,,
1019647,2016,2016-07-16,"Kensington Oval, Bridgetown",1,14.5,Barbados Tridents,Trinbago Knight Riders,KA Pollard,AB de Villiers,DJ Bravo,1,0,,,,,,,,,
1019647,2016,2016-07-16,"Kensington Oval, Bridgetown",1,14.6,Barbados Tridents,Trinbago Knight Riders,AB de Villiers,KA Pollard,DJ Bravo,6,0,,,,,,,,,
1019647,2016,2016-07-16,"Kensington Oval, Bridgetown",1,14.7,Barbados Tridents,Trinbago Knight Riders,AB de Villiers,KA Pollard,DJ Bravo,1,0,,,,,,,,,
1019647,2016,2016-07-16,"Kensington Oval, Bridgetown",1,15.1,Barbados Tridents,Trinbago Knight Riders,AB de Villiers,KA Pollard,SP Narine,4,0,,,,,,,,,
1019647,2016,2016-07-16,"Kensington Oval, Bridgetown",1,15.2,Barbados Tridents,Trinbago Knight Riders,AB de Villiers,KA Pollard,SP Narine,1,0,,,,,,,,,
1019647,2016,2016-07-16,"Kensington Oval, Bridgetown",1,15.3,Barbados Tridents,Trinbago Knight Riders,KA Pollard,AB de Villiers,SP Narine,1,0,,,,,,,,,
1019647,2016,2016-07-16,"Kensington Oval, Bridgetown",1,15.4,Barbados Tridents,Trinbago Knight Riders,AB de Villiers,KA Pollard,SP Narine,0,1,1,,,,,,,,
1019647,2016,2016-07-16,"Kensington Oval, Bridgetown",1,15.5,Barbados Tridents,Trinbago Knight Riders,AB de Villiers,KA Pollard,SP Narine,4,0,,,,,,,,,
1019647,2016,2016-07-16,"Kensington Oval, Bridgetown",1,15.6,Barbados Tridents,Trinbago Knight Riders,AB de Villiers,KA Pollard,SP Narine,1,0,,,,,,,,,
1019647,2016,2016-07-16,"Kensington Oval, Bridgetown",1,15.7,Barbados Tridents,Trinbago Knight Riders,KA Pollard,AB de Villiers,SP Narine,2,0,,,,,,,,,
1019647,2016,2016-07-16,"Kensington Oval, Bridgetown",1,16.1,Barbados Tridents,Trinbago Knight Riders,AB de Villiers,KA Pollard,RR Beaton,0,0,,,,,,,,,
1019647,2016,2016-07-16,"Kensington Oval, Bridgetown",1,16.2,Barbados Tridents,Trinbago Knight Riders,AB de Villiers,KA Pollard,RR Beaton,1,0,,,,,,,,,
1019647,2016,2016-07-16,"Kensington Oval, Bridgetown",1,16.3,Barbados Tridents,Trinbago Knight Riders,KA Pollard,AB de Villiers,RR Beaton,0,1,,,,1,,,,,
1019647,2016,2016-07-16,"Kensington Oval, Bridgetown",1,16.4,Barbados Tridents,Trinbago Knight Riders,AB de Villiers,KA Pollard,RR Beaton,1,0,,,,,,,,,
1019647,2016,2016-07-16,"Kensington Oval, Bridgetown",1,16.5,Barbados Tridents,Trinbago Knight Riders,KA Pollard,AB de Villiers,RR Beaton,4,0,,,,,,,,,
1019647,2016,2016-07-16,"Kensington Oval, Bridgetown",1,16.6,Barbados Tridents,Trinbago Knight Riders,KA Pollard,AB de Villiers,RR Beaton,4,0,,,,,,,,,
1019647,2016,2016-07-16,"Kensington Oval, Bridgetown",1,17.1,Barbados Tridents,Trinbago Knight Riders,AB de Villiers,KA Pollard,SJ Benn,0,1,,,,1,,,,,
1019647,2016,2016-07-16,"Kensington Oval, Bridgetown",1,17.2,Barbados Tridents,Trinbago Knight Riders,KA Pollard,AB de Villiers,SJ Benn,6,0,,,,,,,,,
1019647,2016,2016-07-16,"Kensington Oval, Bridgetown",1,17.3,Barbados Tridents,Trinbago Knight Riders,KA Pollard,AB de Villiers,SJ Benn,0,0,,,,,,,,,
1019647,2016,2016-07-16,"Kensington Oval, Bridgetown",1,17.4,Barbados Tridents,Trinbago Knight Riders,KA Pollard,AB de Villiers,SJ Benn,0,2,2,,,,,,,,
1019647,2016,2016-07-16,"Kensington Oval, Bridgetown",1,17.5,Barbados Tridents,Trinbago Knight Riders,AB de Villiers,KA Pollard,SJ Benn,0,0,,,,,,caught,AB de Villiers,,
1019647,2016,2016-07-16,"Kensington Oval, Bridgetown",1,17.6,Barbados Tridents,Trinbago Knight Riders,KA Pollard,N Pooran,SJ Benn,4,0,,,,,,,,,
1019647,2016,2016-07-16,"Kensington Oval, Bridgetown",1,17.7,Barbados Tridents,Trinbago Knight Riders,KA Pollard,N Pooran,SJ Benn,0,1,1,,,,,,,,
1019647,2016,2016-07-16,"Kensington Oval, Bridgetown",1,17.8,Barbados Tridents,Trinbago Knight Riders,KA Pollard,N Pooran,SJ Benn,1,0,,,,,,,,,
1019647,2016,2016-07-16,"Kensington Oval, Bridgetown",1,18.1,Barbados Tridents,Trinbago Knight Riders,KA Pollard,N Pooran,DJ Bravo,0,1,1,,,,,,,,
1019647,2016,2016-07-16,"Kensington Oval, Bridgetown",1,18.2,Barbados Tridents,Trinbago Knight Riders,KA Pollard,N Pooran,DJ Bravo,1,0,,,,,,,,,
1019647,2016,2016-07-16,"Kensington Oval, Bridgetown",1,18.3,Barbados Tridents,Trinbago Knight Riders,N Pooran,KA Pollard,DJ Bravo,0,0,,,,,,caught,N Pooran,,
1019647,2016,2016-07-16,"Kensington Oval, Bridgetown",1,18.4,Barbados Tridents,Trinbago Knight Riders,WD Parnell,KA Pollard,DJ Bravo,0,1,,,,1,,,,,
1019647,2016,2016-07-16,"Kensington Oval, Bridgetown",1,18.5,Barbados Tridents,Trinbago Knight Riders,KA Pollard,WD Parnell,DJ Bravo,0,0,,,,,,,,,
1019647,2016,2016-07-16,"Kensington Oval, Bridgetown",1,18.6,Barbados Tridents,Trinbago Knight Riders,KA Pollard,WD Parnell,DJ Bravo,2,0,,,,,,,,,
1019647,2016,2016-07-16,"Kensington Oval, Bridgetown",1,18.7,Barbados Tridents,Trinbago Knight Riders,KA Pollard,WD Parnell,DJ Bravo,0,1,1,,,,,,,,
1019647,2016,2016-07-16,"Kensington Oval, Bridgetown",1,18.8,Barbados Tridents,Trinbago Knight Riders,KA Pollard,WD Parnell,DJ Bravo,1,0,,,,,,,,,
1019647,2016,2016-07-16,"Kensington Oval, Bridgetown",1,19.1,Barbados Tridents,Trinbago Knight Riders,KA Pollard,WD Parnell,KK Cooper,1,0,,,,,,,,,
1019647,2016,2016-07-16,"Kensington Oval, Bridgetown",1,19.2,Barbados Tridents,Trinbago Knight Riders,WD Parnell,KA Pollard,KK Cooper,1,0,,,,,,,,,
1019647,2016,2016-07-16,"Kensington Oval, Bridgetown",1,19.3,Barbados Tridents,Trinbago Knight Riders,KA Pollard,WD Parnell,KK Cooper,6,0,,,,,,,,,
1019647,2016,2016-07-16,"Kensington Oval, Bridgetown",1,19.4,Barbados Tridents,Trinbago Knight Riders,KA Pollard,WD Parnell,KK Cooper,0,0,,,,,,,,,
1019647,2016,2016-07-16,"Kensington Oval, Bridgetown",1,19.5,Barbados Tridents,Trinbago Knight Riders,KA Pollard,WD Parnell,KK Cooper,0,1,1,,,,,,,,
1019647,2016,2016-07-16,"Kensington Oval, Bridgetown",1,19.6,Barbados Tridents,Trinbago Knight Riders,KA Pollard,WD Parnell,KK Cooper,1,0,,,,,,,,,
1019647,2016,2016-07-16,"Kensington Oval, Bridgetown",1,19.7,Barbados Tridents,Trinbago Knight Riders,WD Parnell,KA Pollard,KK Cooper,2,0,,,,,,,,,
1019647,2016,2016-07-16,"Kensington Oval, Bridgetown",2,0.1,Trinbago Knight Riders,Barbados Tridents,HM Amla,WKD Perkins,AJ Hosein,0,0,,,,,,,,,
1019647,2016,2016-07-16,"Kensington Oval, Bridgetown",2,0.2,Trinbago Knight Riders,Barbados Tridents,HM Amla,WKD Perkins,AJ Hosein,1,0,,,,,,,,,
1019647,2016,2016-07-16,"Kensington Oval, Bridgetown",2,0.3,Trinbago Knight Riders,Barbados Tridents,WKD Perkins,HM Amla,AJ Hosein,0,0,,,,,,,,,
1019647,2016,2016-07-16,"Kensington Oval, Bridgetown",2,0.4,Trinbago Knight Riders,Barbados Tridents,WKD Perkins,HM Amla,AJ Hosein,4,0,,,,,,,,,
1019647,2016,2016-07-16,"Kensington Oval, Bridgetown",2,0.5,Trinbago Knight Riders,Barbados Tridents,WKD Perkins,HM Amla,AJ Hosein,0,0,,,,,,,,,
1019647,2016,2016-07-16,"Kensington Oval, Bridgetown",2,0.6,Trinbago Knight Riders,Barbados Tridents,WKD Perkins,HM Amla,AJ Hosein,0,0,,,,,,,,,
1019647,2016,2016-07-16,"Kensington Oval, Bridgetown",2,1.1,Trinbago Knight Riders,Barbados Tridents,HM Amla,WKD Perkins,RJ Peterson,0,0,,,,,,,,,
1019647,2016,2016-07-16,"Kensington Oval, Bridgetown",2,1.2,Trinbago Knight Riders,Barbados Tridents,HM Amla,WKD Perkins,RJ Peterson,1,0,,,,,,,,,
1019647,2016,2016-07-16,"Kensington Oval, Bridgetown",2,1.3,Trinbago Knight Riders,Barbados Tridents,WKD Perkins,HM Amla,RJ Peterson,1,0,,,,,,,,,
1019647,2016,2016-07-16,"Kensington Oval, Bridgetown",2,1.4,Trinbago Knight Riders,Barbados Tridents,HM Amla,WKD Perkins,RJ Peterson,1,0,,,,,,,,,
1019647,2016,2016-07-16,"Kensington Oval, Bridgetown",2,1.5,Trinbago Knight Riders,Barbados Tridents,WKD Perkins,HM Amla,RJ Peterson,1,0,,,,,,,,,
1019647,2016,2016-07-16,"Kensington Oval, Bridgetown",2,1.6,Trinbago Knight Riders,Barbados Tridents,HM Amla,WKD Perkins,RJ Peterson,0,0,,,,,,,,,
1019647,2016,2016-07-16,"Kensington Oval, Bridgetown",2,2.1,Trinbago Knight Riders,Barbados Tridents,WKD Perkins,HM Amla,AJ Hosein,1,0,,,,,,,,,
1019647,2016,2016-07-16,"Kensington Oval, Bridgetown",2,2.2,Trinbago Knight Riders,Barbados Tridents,HM Amla,WKD Perkins,AJ Hosein,1,0,,,,,,,,,
1019647,2016,2016-07-16,"Kensington Oval, Bridgetown",2,2.3,Trinbago Knight Riders,Barbados Tridents,WKD Perkins,HM Amla,AJ Hosein,0,0,,,,,,,,,
1019647,2016,2016-07-16,"Kensington Oval, Bridgetown",2,2.4,Trinbago Knight Riders,Barbados Tridents,WKD Perkins,HM Amla,AJ Hosein,6,0,,,,,,,,,
1019647,2016,2016-07-16,"Kensington Oval, Bridgetown",2,2.5,Trinbago Knight Riders,Barbados Tridents,WKD Perkins,HM Amla,AJ Hosein,0,0,,,,,,,,,
1019647,2016,2016-07-16,"Kensington Oval, Bridgetown",2,2.6,Trinbago Knight Riders,Barbados Tridents,WKD Perkins,HM Amla,AJ Hosein,4,0,,,,,,,,,
1019647,2016,2016-07-16,"Kensington Oval, Bridgetown",2,3.1,Trinbago Knight Riders,Barbados Tridents,HM Amla,WKD Perkins,RJ Peterson,1,0,,,,,,,,,
1019647,2016,2016-07-16,"Kensington Oval, Bridgetown",2,3.2,Trinbago Knight Riders,Barbados Tridents,WKD Perkins,HM Amla,RJ Peterson,1,0,,,,,,,,,
1019647,2016,2016-07-16,"Kensington Oval, Bridgetown",2,3.3,Trinbago Knight Riders,Barbados Tridents,HM Amla,WKD Perkins,RJ Peterson,1,0,,,,,,,,,
1019647,2016,2016-07-16,"Kensington Oval, Bridgetown",2,3.4,Trinbago Knight Riders,Barbados Tridents,WKD Perkins,HM Amla,RJ Peterson,4,0,,,,,,,,,
1019647,2016,2016-07-16,"Kensington Oval, Bridgetown",2,3.5,Trinbago Knight Riders,Barbados Tridents,WKD Perkins,HM Amla,RJ Peterson,0,0,,,,,,,,,
1019647,2016,2016-07-16,"Kensington Oval, Bridgetown",2,3.6,Trinbago Knight Riders,Barbados Tridents,WKD Perkins,HM Amla,RJ Peterson,1,0,,,,,,,,,
1019647,2016,2016-07-16,"Kensington Oval, Bridgetown",2,4.1,Trinbago Knight Riders,Barbados Tridents,WKD Perkins,HM Amla,WD Parnell,0,0,,,,,,caught,WKD Perkins,,
1019647,2016,2016-07-16,"Kensington Oval, Bridgetown",2,4.2,Trinbago Knight Riders,Barbados Tridents,C Munro,HM Amla,WD Parnell,0,0,,,,,,,,,
1019647,2016,2016-07-16,"Kensington Oval, Bridgetown",2,4.3,Trinbago Knight Riders,Barbados Tridents,C Munro,HM Amla,WD Parnell,0,0,,,,,,,,,
1019647,2016,2016-07-16,"Kensington Oval, Bridgetown",2,4.4,Trinbago Knight Riders,Barbados Tridents,C Munro,HM Amla,WD Parnell,4,0,,,,,,,,,
1019647,2016,2016-07-16,"Kensington Oval, Bridgetown",2,4.5,Trinbago Knight Riders,Barbados Tridents,C Munro,HM Amla,WD Parnell,2,0,,,,,,,,,
1019647,2016,2016-07-16,"Kensington Oval, Bridgetown",2,4.6,Trinbago Knight Riders,Barbados Tridents,C Munro,HM Amla,WD Parnell,6,0,,,,,,,,,
1019647,2016,2016-07-16,"Kensington Oval, Bridgetown",2,5.1,Trinbago Knight Riders,Barbados Tridents,HM Amla,C Munro,R Rampaul,1,0,,,,,,,,,
1019647,2016,2016-07-16,"Kensington Oval, Bridgetown",2,5.2,Trinbago Knight Riders,Barbados Tridents,C Munro,HM Amla,R Rampaul,6,0,,,,,,,,,
1019647,2016,2016-07-16,"Kensington Oval, Bridgetown",2,5.3,Trinbago Knight Riders,Barbados Tridents,C Munro,HM Amla,R Rampaul,1,0,,,,,,,,,
1019647,2016,2016-07-16,"Kensington Oval, Bridgetown",2,5.4,Trinbago Knight Riders,Barbados Tridents,HM Amla,C Munro,R Rampaul,1,0,,,,,,,,,
1019647,2016,2016-07-16,"Kensington Oval, Bridgetown",2,5.5,Trinbago Knight Riders,Barbados Tridents,C Munro,HM Amla,R Rampaul,0,1,,,,1,,,,,
1019647,2016,2016-07-16,"Kensington Oval, Bridgetown",2,5.6,Trinbago Knight Riders,Barbados Tridents,HM Amla,C Munro,R Rampaul,1,0,,,,,,,,,
1019647,2016,2016-07-16,"Kensington Oval, Bridgetown",2,6.1,Trinbago Knight Riders,Barbados Tridents,HM Amla,C Munro,RJ Peterson,2,0,,,,,,,,,
1019647,2016,2016-07-16,"Kensington Oval, Bridgetown",2,6.2,Trinbago Knight Riders,Barbados Tridents,HM Amla,C Munro,RJ Peterson,1,0,,,,,,,,,
1019647,2016,2016-07-16,"Kensington Oval, Bridgetown",2,6.3,Trinbago Knight Riders,Barbados Tridents,C Munro,HM Amla,RJ Peterson,4,0,,,,,,,,,
1019647,2016,2016-07-16,"Kensington Oval, Bridgetown",2,6.4,Trinbago Knight Riders,Barbados Tridents,C Munro,HM Amla,RJ Peterson,1,0,,,,,,,,,
1019647,2016,2016-07-16,"Kensington Oval, Bridgetown",2,6.5,Trinbago Knight Riders,Barbados Tridents,HM Amla,C Munro,RJ Peterson,0,0,,,,,,,,,
1019647,2016,2016-07-16,"Kensington Oval, Bridgetown",2,6.6,Trinbago Knight Riders,Barbados Tridents,HM Amla,C Munro,RJ Peterson,1,0,,,,,,,,,
1019647,2016,2016-07-16,"Kensington Oval, Bridgetown",2,7.1,Trinbago Knight Riders,Barbados Tridents,HM Amla,C Munro,R Rampaul,1,0,,,,,,,,,
1019647,2016,2016-07-16,"Kensington Oval, Bridgetown",2,7.2,Trinbago Knight Riders,Barbados Tridents,C Munro,HM Amla,R Rampaul,2,0,,,,,,,,,
1019647,2016,2016-07-16,"Kensington Oval, Bridgetown",2,7.3,Trinbago Knight Riders,Barbados Tridents,C Munro,HM Amla,R Rampaul,1,0,,,,,,,,,
1019647,2016,2016-07-16,"Kensington Oval, Bridgetown",2,7.4,Trinbago Knight Riders,Barbados Tridents,HM Amla,C Munro,R Rampaul,1,0,,,,,,,,,
1019647,2016,2016-07-16,"Kensington Oval, Bridgetown",2,7.5,Trinbago Knight Riders,Barbados Tridents,C Munro,HM Amla,R Rampaul,6,0,,,,,,,,,
1019647,2016,2016-07-16,"Kensington Oval, Bridgetown",2,7.6,Trinbago Knight Riders,Barbados Tridents,C Munro,HM Amla,R Rampaul,1,0,,,,,,,,,
1019647,2016,2016-07-16,"Kensington Oval, Bridgetown",2,8.1,Trinbago Knight Riders,Barbados Tridents,C Munro,HM Amla,AJ Hosein,1,0,,,,,,,,,
1019647,2016,2016-07-16,"Kensington Oval, Bridgetown",2,8.2,Trinbago Knight Riders,Barbados Tridents,HM Amla,C Munro,AJ Hosein,2,0,,,,,,,,,
1019647,2016,2016-07-16,"Kensington Oval, Bridgetown",2,8.3,Trinbago Knight Riders,Barbados Tridents,HM Amla,C Munro,AJ Hosein,1,0,,,,,,,,,
1019647,2016,2016-07-16,"Kensington Oval, Bridgetown",2,8.4,Trinbago Knight Riders,Barbados Tridents,C Munro,HM Amla,AJ Hosein,6,0,,,,,,,,,
1019647,2016,2016-07-16,"Kensington Oval, Bridgetown",2,8.5,Trinbago Knight Riders,Barbados Tridents,C Munro,HM Amla,AJ Hosein,2,0,,,,,,,,,
1019647,2016,2016-07-16,"Kensington Oval, Bridgetown",2,8.6,Trinbago Knight Riders,Barbados Tridents,C Munro,HM Amla,AJ Hosein,1,0,,,,,,,,,
1019647,2016,2016-07-16,"Kensington Oval, Bridgetown",2,9.1,Trinbago Knight Riders,Barbados Tridents,C Munro,HM Amla,ND Stewart,0,0,,,,,,,,,
1019647,2016,2016-07-16,"Kensington Oval, Bridgetown",2,9.2,Trinbago Knight Riders,Barbados Tridents,C Munro,HM Amla,ND Stewart,0,1,,,,1,,,,,
1019647,2016,2016-07-16,"Kensington Oval, Bridgetown",2,9.3,Trinbago Knight Riders,Barbados Tridents,HM Amla,C Munro,ND Stewart,1,0,,,,,,,,,
1019647,2016,2016-07-16,"Kensington Oval, Bridgetown",2,9.4,Trinbago Knight Riders,Barbados Tridents,C Munro,HM Amla,ND Stewart,1,0,,,,,,,,,
1019647,2016,2016-07-16,"Kensington Oval, Bridgetown",2,9.5,Trinbago Knight Riders,Barbados Tridents,HM Amla,C Munro,ND Stewart,1,0,,,,,,,,,
1019647,2016,2016-07-16,"Kensington Oval, Bridgetown",2,9.6,Trinbago Knight Riders,Barbados Tridents,C Munro,HM Amla,ND Stewart,1,0,,,,,,,,,
1019647,2016,2016-07-16,"Kensington Oval, Bridgetown",2,10.1,Trinbago Knight Riders,Barbados Tridents,C Munro,HM Amla,RA Reifer,0,1,1,,,,,,,,
1019647,2016,2016-07-16,"Kensington Oval, Bridgetown",2,10.2,Trinbago Knight Riders,Barbados Tridents,C Munro,HM Amla,RA Reifer,0,1,1,,,,,,,,
1019647,2016,2016-07-16,"Kensington Oval, Bridgetown",2,10.3,Trinbago Knight Riders,Barbados Tridents,C Munro,HM Amla,RA Reifer,1,0,,,,,,,,,
1019647,2016,2016-07-16,"Kensington Oval, Bridgetown",2,10.4,Trinbago Knight Riders,Barbados Tridents,HM Amla,C Munro,RA Reifer,1,0,,,,,,,,,
1019647,2016,2016-07-16,"Kensington Oval, Bridgetown",2,10.5,Trinbago Knight Riders,Barbados Tridents,C Munro,HM Amla,RA Reifer,0,1,1,,,,,,,,
1019647,2016,2016-07-16,"Kensington Oval, Bridgetown",2,10.6,Trinbago Knight Riders,Barbados Tridents,C Munro,HM Amla,RA Reifer,1,0,,,,,,,,,
1019647,2016,2016-07-16,"Kensington Oval, Bridgetown",2,10.7,Trinbago Knight Riders,Barbados Tridents,HM Amla,C Munro,RA Reifer,0,4,,,4,,,,,,
1019647,2016,2016-07-16,"Kensington Oval, Bridgetown",2,10.8,Trinbago Knight Riders,Barbados Tridents,HM Amla,C Munro,RA Reifer,0,0,,,,,,,,,
1019647,2016,2016-07-16,"Kensington Oval, Bridgetown",2,10.9,Trinbago Knight Riders,Barbados Tridents,HM Amla,C Munro,RA Reifer,4,0,,,,,,,,,
1019647,2016,2016-07-16,"Kensington Oval, Bridgetown",2,11.1,Trinbago Knight Riders,Barbados Tridents,C Munro,HM Amla,ND Stewart,0,0,,,,,,,,,
1019647,2016,2016-07-16,"Kensington Oval, Bridgetown",2,11.2,Trinbago Knight Riders,Barbados Tridents,C Munro,HM Amla,ND Stewart,1,0,,,,,,,,,
1019647,2016,2016-07-16,"Kensington Oval, Bridgetown",2,11.3,Trinbago Knight Riders,Barbados Tridents,HM Amla,C Munro,ND Stewart,1,0,,,,,,,,,
1019647,2016,2016-07-16,"Kensington Oval, Bridgetown",2,11.4,Trinbago Knight Riders,Barbados Tridents,C Munro,HM Amla,ND Stewart,1,0,,,,,,,,,
1019647,2016,2016-07-16,"Kensington Oval, Bridgetown",2,11.5,Trinbago Knight Riders,Barbados Tridents,HM Amla,C Munro,ND Stewart,1,0,,,,,,,,,
1019647,2016,2016-07-16,"Kensington Oval, Bridgetown",2,11.6,Trinbago Knight Riders,Barbados Tridents,C Munro,HM Amla,ND Stewart,0,4,,,4,,,,,,
1019647,2016,2016-07-16,"Kensington Oval, Bridgetown",2,12.1,Trinbago Knight Riders,Barbados Tridents,HM Amla,C Munro,WD Parnell,1,0,,,,,,,,,
1019647,2016,2016-07-16,"Kensington Oval, Bridgetown",2,12.2,Trinbago Knight Riders,Barbados Tridents,C Munro,HM Amla,WD Parnell,0,1,1,,,,,,,,
1019647,2016,2016-07-16,"Kensington Oval, Bridgetown",2,12.3,Trinbago Knight Riders,Barbados Tridents,C Munro,HM Amla,WD Parnell,0,0,,,,,,,,,
1019647,2016,2016-07-16,"Kensington Oval, Bridgetown",2,12.4,Trinbago Knight Riders,Barbados Tridents,C Munro,HM Amla,WD Parnell,1,0,,,,,,,,,
1019647,2016,2016-07-16,"Kensington Oval, Bridgetown",2,12.5,Trinbago Knight Riders,Barbados Tridents,HM Amla,C Munro,WD Parnell,1,0,,,,,,,,,
1019647,2016,2016-07-16,"Kensington Oval, Bridgetown",2,12.6,Trinbago Knight Riders,Barbados Tridents,C Munro,HM Amla,WD Parnell,2,0,,,,,,,,,
1019647,2016,2016-07-16,"Kensington Oval, Bridgetown",2,12.7,Trinbago Knight Riders,Barbados Tridents,C Munro,HM Amla,WD Parnell,0,1,,,,1,,,,,
1019647,2016,2016-07-16,"Kensington Oval, Bridgetown",2,13.1,Trinbago Knight Riders,Barbados Tridents,C Munro,HM Amla,ND Stewart,1,0,,,,,,,,,
1019647,2016,2016-07-16,"Kensington Oval, Bridgetown",2,13.2,Trinbago Knight Riders,Barbados Tridents,HM Amla,C Munro,ND Stewart,1,0,,,,,,,,,
1019647,2016,2016-07-16,"Kensington Oval, Bridgetown",2,13.3,Trinbago Knight Riders,Barbados Tridents,C Munro,HM Amla,ND Stewart,6,0,,,,,,,,,
1019647,2016,2016-07-16,"Kensington Oval, Bridgetown",2,13.4,Trinbago Knight Riders,Barbados Tridents,C Munro,HM Amla,ND Stewart,6,0,,,,,,,,,
1019647,2016,2016-07-16,"Kensington Oval, Bridgetown",2,13.5,Trinbago Knight Riders,Barbados Tridents,C Munro,HM Amla,ND Stewart,1,0,,,,,,,,,
1019647,2016,2016-07-16,"Kensington Oval, Bridgetown",2,13.6,Trinbago Knight Riders,Barbados Tridents,HM Amla,C Munro,ND Stewart,1,0,,,,,,,,,
1019647,2016,2016-07-16,"Kensington Oval, Bridgetown",2,14.1,Trinbago Knight Riders,Barbados Tridents,HM Amla,C Munro,WD Parnell,0,0,,,,,,,,,
1019647,2016,2016-07-16,"Kensington Oval, Bridgetown",2,14.2,Trinbago Knight Riders,Barbados Tridents,HM Amla,C Munro,WD Parnell,0,0,,,,,,caught,HM Amla,,
1019647,2016,2016-07-16,"Kensington Oval, Bridgetown",2,14.3,Trinbago Knight Riders,Barbados Tridents,C Munro,D Ramdin,WD Parnell,1,0,,,,,,,,,
1019647,2016,2016-07-16,"Kensington Oval, Bridgetown",2,14.4,Trinbago Knight Riders,Barbados Tridents,D Ramdin,C Munro,WD Parnell,0,0,,,,,,,,,
1019647,2016,2016-07-16,"Kensington Oval, Bridgetown",2,14.5,Trinbago Knight Riders,Barbados Tridents,D Ramdin,C Munro,WD Parnell,4,0,,,,,,,,,
1019647,2016,2016-07-16,"Kensington Oval, Bridgetown",2,14.6,Trinbago Knight Riders,Barbados Tridents,D Ramdin,C Munro,WD Parnell,4,0,,,,,,,,,
1019647,2016,2016-07-16,"Kensington Oval, Bridgetown",2,15.1,Trinbago Knight Riders,Barbados Tridents,C Munro,D Ramdin,R Rampaul,0,0,,,,,,,,,
1019647,2016,2016-07-16,"Kensington Oval, Bridgetown",2,15.2,Trinbago Knight Riders,Barbados Tridents,C Munro,D Ramdin,R Rampaul,0,1,1,,,,,,,,
1019647,2016,2016-07-16,"Kensington Oval, Bridgetown",2,15.3,Trinbago Knight Riders,Barbados Tridents,C Munro,D Ramdin,R Rampaul,0,0,,,,,,caught,C Munro,,
1019647,2016,2016-07-16,"Kensington Oval, Bridgetown",2,15.4,Trinbago Knight Riders,Barbados Tridents,DJ Bravo,D Ramdin,R Rampaul,4,0,,,,,,,,,
1019647,2016,2016-07-16,"Kensington Oval, Bridgetown",2,15.5,Trinbago Knight Riders,Barbados Tridents,DJ Bravo,D Ramdin,R Rampaul,6,0,,,,,,,,,
1019647,2016,2016-07-16,"Kensington Oval, Bridgetown",2,15.6,Trinbago Knight Riders,Barbados Tridents,DJ Bravo,D Ramdin,R Rampaul,0,0,,,,,,,,,
1019647,2016,2016-07-16,"Kensington Oval, Bridgetown",2,15.7,Trinbago Knight Riders,Barbados Tridents,DJ Bravo,D Ramdin,R Rampaul,1,0,,,,,,,,,
1019647,2016,2016-07-16,"Kensington Oval, Bridgetown",2,16.1,Trinbago Knight Riders,Barbados Tridents,DJ Bravo,D Ramdin,WD Parnell,0,0,,,,,,,,,
1019647,2016,2016-07-16,"Kensington Oval, Bridgetown",2,16.2,Trinbago Knight Riders,Barbados Tridents,DJ Bravo,D Ramdin,WD Parnell,6,0,,,,,,,,,
1019647,2016,2016-07-16,"Kensington Oval, Bridgetown",2,16.3,Trinbago Knight Riders,Barbados Tridents,DJ Bravo,D Ramdin,WD Parnell,4,0,,,,,,,,,
1019647,2016,2016-07-16,"Kensington Oval, Bridgetown",2,16.4,Trinbago Knight Riders,Barbados Tridents,DJ Bravo,D Ramdin,WD Parnell,1,0,,,,,,,,,
1019647,2016,2016-07-16,"Kensington Oval, Bridgetown",2,16.5,Trinbago Knight Riders,Barbados Tridents,D Ramdin,DJ Bravo,WD Parnell,2,0,,,,,,,,,
1019647,2016,2016-07-16,"Kensington Oval, Bridgetown",2,16.6,Trinbago Knight Riders,Barbados Tridents,D Ramdin,DJ Bravo,WD Parnell,1,0,,,,,,,,,
1019647,2016,2016-07-16,"Kensington Oval, Bridgetown",2,17.1,Trinbago Knight Riders,Barbados Tridents,D Ramdin,DJ Bravo,RJ Peterson,1,0,,,,,,,,,
1019647,2016,2016-07-16,"Kensington Oval, Bridgetown",2,17.2,Trinbago Knight Riders,Barbados Tridents,DJ Bravo,D Ramdin,RJ Peterson,0,0,,,,,,,,,
1019647,2016,2016-07-16,"Kensington Oval, Bridgetown",2,17.3,Trinbago Knight Riders,Barbados Tridents,DJ Bravo,D Ramdin,RJ Peterson,0,0,,,,,,,,,
1019647,2016,2016-07-16,"Kensington Oval, Bridgetown",2,17.4,Trinbago Knight Riders,Barbados Tridents,DJ Bravo,D Ramdin,RJ Peterson,1,0,,,,,,,,,
