match_id,season,start_date,venue,innings,ball,batting_team,bowling_team,striker,non_striker,bowler,runs_off_bat,extras,wides,noballs,byes,legbyes,penalty,wicket_type,player_dismissed,other_wicket_type,other_player_dismissed
1094699,2017,2017-09-01,"Sabina Park, Kingston",1,0.1,Jamaica Tallawahs,Guyana Amazon Warriors,LMP Simmons,GD Phillips,Sohail Tanvir,0,0,,,,,,,,,
1094699,2017,2017-09-01,"Sabina Park, Kingston",1,0.2,Jamaica Tallawahs,Guyana Amazon Warriors,LMP Simmons,GD Phillips,Sohail Tanvir,1,0,,,,,,,,,
1094699,2017,2017-09-01,"Sabina Park, Kingston",1,0.3,Jamaica Tallawahs,Guyana Amazon Warriors,GD Phillips,LMP Simmons,Sohail Tanvir,4,0,,,,,,,,,
1094699,2017,2017-09-01,"Sabina Park, Kingston",1,0.4,Jamaica Tallawahs,Guyana Amazon Warriors,GD Phillips,LMP Simmons,Sohail Tanvir,0,0,,,,,,,,,
1094699,2017,2017-09-01,"Sabina Park, Kingston",1,0.5,Jamaica Tallawahs,Guyana Amazon Warriors,GD Phillips,LMP Simmons,Sohail Tanvir,4,0,,,,,,,,,
1094699,2017,2017-09-01,"Sabina Park, Kingston",1,0.6,Jamaica Tallawahs,Guyana Amazon Warriors,GD Phillips,LMP Simmons,Sohail Tanvir,0,0,,,,,,,,,
1094699,2017,2017-09-01,"Sabina Park, Kingston",1,1.1,Jamaica Tallawahs,Guyana Amazon Warriors,LMP Simmons,GD Phillips,V Permaul,0,0,,,,,,,,,
1094699,2017,2017-09-01,"Sabina Park, Kingston",1,1.2,Jamaica Tallawahs,Guyana Amazon Warriors,LMP Simmons,GD Phillips,V Permaul,0,0,,,,,,,,,
1094699,2017,2017-09-01,"Sabina Park, Kingston",1,1.3,Jamaica Tallawahs,Guyana Amazon Warriors,LMP Simmons,GD Phillips,V Permaul,1,0,,,,,,,,,
1094699,2017,2017-09-01,"Sabina Park, Kingston",1,1.4,Jamaica Tallawahs,Guyana Amazon Warriors,GD Phillips,LMP Simmons,V Permaul,0,0,,,,,,,,,
1094699,2017,2017-09-01,"Sabina Park, Kingston",1,1.5,Jamaica Tallawahs,Guyana Amazon Warriors,GD Phillips,LMP Simmons,V Permaul,1,0,,,,,,,,,
1094699,2017,2017-09-01,"Sabina Park, Kingston",1,1.6,Jamaica Tallawahs,Guyana Amazon Warriors,LMP Simmons,GD Phillips,V Permaul,0,0,,,,,,,,,
1094699,2017,2017-09-01,"Sabina Park, Kingston",1,2.1,Jamaica Tallawahs,Guyana Amazon Warriors,GD Phillips,LMP Simmons,Sohail Tanvir,0,0,,,,,,,,,
1094699,2017,2017-09-01,"Sabina Park, Kingston",1,2.2,Jamaica Tallawahs,Guyana Amazon Warriors,GD Phillips,LMP Simmons,Sohail Tanvir,1,0,,,,,,,,,
1094699,2017,2017-09-01,"Sabina Park, Kingston",1,2.3,Jamaica Tallawahs,Guyana Amazon Warriors,LMP Simmons,GD Phillips,Sohail Tanvir,0,0,,,,,,,,,
1094699,2017,2017-09-01,"Sabina Park, Kingston",1,2.4,Jamaica Tallawahs,Guyana Amazon Warriors,LMP Simmons,GD Phillips,Sohail Tanvir,4,0,,,,,,,,,
1094699,2017,2017-09-01,"Sabina Park, Kingston",1,2.5,Jamaica Tallawahs,Guyana Amazon Warriors,LMP Simmons,GD Phillips,Sohail Tanvir,2,0,,,,,,,,,
1094699,2017,2017-09-01,"Sabina Park, Kingston",1,2.6,Jamaica Tallawahs,Guyana Amazon Warriors,LMP Simmons,GD Phillips,Sohail Tanvir,1,0,,,,,,,,,
1094699,2017,2017-09-01,"Sabina Park, Kingston",1,3.1,Jamaica Tallawahs,Guyana Amazon Warriors,LMP Simmons,GD Phillips,V Permaul,4,0,,,,,,,,,
1094699,2017,2017-09-01,"Sabina Park, Kingston",1,3.2,Jamaica Tallawahs,Guyana Amazon Warriors,LMP Simmons,GD Phillips,V Permaul,0,0,,,,,,,,,
1094699,2017,2017-09-01,"Sabina Park, Kingston",1,3.3,Jamaica Tallawahs,Guyana Amazon Warriors,LMP Simmons,GD Phillips,V Permaul,1,0,,,,,,,,,
1094699,2017,2017-09-01,"Sabina Park, Kingston",1,3.4,Jamaica Tallawahs,Guyana Amazon Warriors,GD Phillips,LMP Simmons,V Permaul,0,0,,,,,,bowled,GD Phillips,,
1094699,2017,2017-09-01,"Sabina Park, Kingston",1,3.5,Jamaica Tallawahs,Guyana Amazon Warriors,KC Sangakkara,LMP Simmons,V Permaul,1,0,,,,,,,,,
1094699,2017,2017-09-01,"Sabina Park, Kingston",1,3.6,Jamaica Tallawahs,Guyana Amazon Warriors,LMP Simmons,KC Sangakkara,V Permaul,1,0,,,,,,,,,
1094699,2017,2017-09-01,"Sabina Park, Kingston",1,4.1,Jamaica Tallawahs,Guyana Amazon Warriors,LMP Simmons,KC Sangakkara,RR Emrit,0,0,,,,,,caught,LMP Simmons,,
1094699,2017,2017-09-01,"Sabina Park, Kingston",1,4.2,Jamaica Tallawahs,Guyana Amazon Warriors,AM McCarthy,KC Sangakkara,RR Emrit,0,0,,,,,,,,,
1094699,2017,2017-09-01,"Sabina Park, Kingston",1,4.3,Jamaica Tallawahs,Guyana Amazon Warriors,AM McCarthy,KC Sangakkara,RR Emrit,0,0,,,,,,,,,
1094699,2017,2017-09-01,"Sabina Park, Kingston",1,4.4,Jamaica Tallawahs,Guyana Amazon Warriors,AM McCarthy,KC Sangakkara,RR Emrit,0,0,,,,,,,,,
1094699,2017,2017-09-01,"Sabina Park, Kingston",1,4.5,Jamaica Tallawahs,Guyana Amazon Warriors,AM McCarthy,KC Sangakkara,RR Emrit,0,0,,,,,,,,,
1094699,2017,2017-09-01,"Sabina Park, Kingston",1,4.6,Jamaica Tallawahs,Guyana Amazon Warriors,AM McCarthy,KC Sangakkara,RR Emrit,0,0,,,,,,,,,
1094699,2017,2017-09-01,"Sabina Park, Kingston",1,5.1,Jamaica Tallawahs,Guyana Amazon Warriors,KC Sangakkara,AM McCarthy,V Permaul,1,0,,,,,,,,,
1094699,2017,2017-09-01,"Sabina Park, Kingston",1,5.2,Jamaica Tallawahs,Guyana Amazon Warriors,AM McCarthy,KC Sangakkara,V Permaul,1,0,,,,,,,,,
1094699,2017,2017-09-01,"Sabina Park, Kingston",1,5.3,Jamaica Tallawahs,Guyana Amazon Warriors,KC Sangakkara,AM McCarthy,V Permaul,1,0,,,,,,,,,
1094699,2017,2017-09-01,"Sabina Park, Kingston",1,5.4,Jamaica Tallawahs,Guyana Amazon Warriors,AM McCarthy,KC Sangakkara,V Permaul,0,0,,,,,,,,,
1094699,2017,2017-09-01,"Sabina Park, Kingston",1,5.5,Jamaica Tallawahs,Guyana Amazon Warriors,AM McCarthy,KC Sangakkara,V Permaul,0,0,,,,,,,,,
1094699,2017,2017-09-01,"Sabina Park, Kingston",1,5.6,Jamaica Tallawahs,Guyana Amazon Warriors,AM McCarthy,KC Sangakkara,V Permaul,1,0,,,,,,,,,
1094699,2017,2017-09-01,"Sabina Park, Kingston",1,6.1,Jamaica Tallawahs,Guyana Amazon Warriors,AM McCarthy,KC Sangakkara,SA Jacobs,1,0,,,,,,,,,
1094699,2017,2017-09-01,"Sabina Park, Kingston",1,6.2,Jamaica Tallawahs,Guyana Amazon Warriors,KC Sangakkara,AM McCarthy,SA Jacobs,1,0,,,,,,,,,
1094699,2017,2017-09-01,"Sabina Park, Kingston",1,6.3,Jamaica Tallawahs,Guyana Amazon Warriors,AM McCarthy,KC Sangakkara,SA Jacobs,1,0,,,,,,,,,
1094699,2017,2017-09-01,"Sabina Park, Kingston",1,6.4,Jamaica Tallawahs,Guyana Amazon Warriors,KC Sangakkara,AM McCarthy,SA Jacobs,0,0,,,,,,,,,
1094699,2017,2017-09-01,"Sabina Park, Kingston",1,6.5,Jamaica Tallawahs,Guyana Amazon Warriors,KC Sangakkara,AM McCarthy,SA Jacobs,1,0,,,,,,,,,
1094699,2017,2017-09-01,"Sabina Park, Kingston",1,6.6,Jamaica Tallawahs,Guyana Amazon Warriors,AM McCarthy,KC Sangakkara,SA Jacobs,0,0,,,,,,,,,
1094699,2017,2017-09-01,"Sabina Park, Kingston",1,7.1,Jamaica Tallawahs,Guyana Amazon Warriors,KC Sangakkara,AM McCarthy,V Permaul,0,1,,,,1,,,,,
1094699,2017,2017-09-01,"Sabina Park, Kingston",1,7.2,Jamaica Tallawahs,Guyana Amazon Warriors,AM McCarthy,KC Sangakkara,V Permaul,6,0,,,,,,,,,
1094699,2017,2017-09-01,"Sabina Park, Kingston",1,7.3,Jamaica Tallawahs,Guyana Amazon Warriors,AM McCarthy,KC Sangakkara,V Permaul,1,0,,,,,,,,,
1094699,2017,2017-09-01,"Sabina Park, Kingston",1,7.4,Jamaica Tallawahs,Guyana Amazon Warriors,KC Sangakkara,AM McCarthy,V Permaul,1,0,,,,,,,,,
1094699,2017,2017-09-01,"Sabina Park, Kingston",1,7.5,Jamaica Tallawahs,Guyana Amazon Warriors,AM McCarthy,KC Sangakkara,V Permaul,4,0,,,,,,,,,
1094699,2017,2017-09-01,"Sabina Park, Kingston",1,7.6,Jamaica Tallawahs,Guyana Amazon Warriors,AM McCarthy,KC Sangakkara,V Permaul,1,0,,,,,,,,,
1094699,2017,2017-09-01,"Sabina Park, Kingston",1,8.1,Jamaica Tallawahs,Guyana Amazon Warriors,AM McCarthy,KC Sangakkara,SA Jacobs,6,0,,,,,,,,,
1094699,2017,2017-09-01,"Sabina Park, Kingston",1,8.2,Jamaica Tallawahs,Guyana Amazon Warriors,AM McCarthy,KC Sangakkara,SA Jacobs,0,0,,,,,,,,,
1094699,2017,2017-09-01,"Sabina Park, Kingston",1,8.3,Jamaica Tallawahs,Guyana Amazon Warriors,AM McCarthy,KC Sangakkara,SA Jacobs,1,0,,,,,,,,,
1094699,2017,2017-09-01,"Sabina Park, Kingston",1,8.4,Jamaica Tallawahs,Guyana Amazon Warriors,KC Sangakkara,AM McCarthy,SA Jacobs,1,0,,,,,,,,,
1094699,2017,2017-09-01,"Sabina Park, Kingston",1,8.5,Jamaica Tallawahs,Guyana Amazon Warriors,AM McCarthy,KC Sangakkara,SA Jacobs,4,0,,,,,,,,,
1094699,2017,2017-09-01,"Sabina Park, Kingston",1,8.6,Jamaica Tallawahs,Guyana Amazon Warriors,AM McCarthy,KC Sangakkara,SA Jacobs,0,0,,,,,,,,,
1094699,2017,2017-09-01,"Sabina Park, Kingston",1,9.1,Jamaica Tallawahs,Guyana Amazon Warriors,KC Sangakkara,AM McCarthy,Rashid Khan,1,0,,,,,,,,,
1094699,2017,2017-09-01,"Sabina Park, Kingston",1,9.2,Jamaica Tallawahs,Guyana Amazon Warriors,AM McCarthy,KC Sangakkara,Rashid Khan,0,0,,,,,,,,,
1094699,2017,2017-09-01,"Sabina Park, Kingston",1,9.3,Jamaica Tallawahs,Guyana Amazon Warriors,AM McCarthy,KC Sangakkara,Rashid Khan,0,0,,,,,,,,,
1094699,2017,2017-09-01,"Sabina Park, Kingston",1,9.4,Jamaica Tallawahs,Guyana Amazon Warriors,AM McCarthy,KC Sangakkara,Rashid Khan,0,0,,,,,,,,,
1094699,2017,2017-09-01,"Sabina Park, Kingston",1,9.5,Jamaica Tallawahs,Guyana Amazon Warriors,AM McCarthy,KC Sangakkara,Rashid Khan,6,0,,,,,,,,,
1094699,2017,2017-09-01,"Sabina Park, Kingston",1,9.6,Jamaica Tallawahs,Guyana Amazon Warriors,AM McCarthy,KC Sangakkara,Rashid Khan,4,0,,,,,,,,,
1094699,2017,2017-09-01,"Sabina Park, Kingston",1,10.1,Jamaica Tallawahs,Guyana Amazon Warriors,KC Sangakkara,AM McCarthy,SA Jacobs,0,0,,,,,,,,,
1094699,2017,2017-09-01,"Sabina Park, Kingston",1,10.2,Jamaica Tallawahs,Guyana Amazon Warriors,KC Sangakkara,AM McCarthy,SA Jacobs,2,0,,,,,,,,,
1094699,2017,2017-09-01,"Sabina Park, Kingston",1,10.3,Jamaica Tallawahs,Guyana Amazon Warriors,KC Sangakkara,AM McCarthy,SA Jacobs,4,0,,,,,,,,,
1094699,2017,2017-09-01,"Sabina Park, Kingston",1,10.4,Jamaica Tallawahs,Guyana Amazon Warriors,KC Sangakkara,AM McCarthy,SA Jacobs,1,0,,,,,,,,,
1094699,2017,2017-09-01,"Sabina Park, Kingston",1,10.5,Jamaica Tallawahs,Guyana Amazon Warriors,AM McCarthy,KC Sangakkara,SA Jacobs,1,0,,,,,,,,,
1094699,2017,2017-09-01,"Sabina Park, Kingston",1,10.6,Jamaica Tallawahs,Guyana Amazon Warriors,KC Sangakkara,AM McCarthy,SA Jacobs,2,0,,,,,,,,,
1094699,2017,2017-09-01,"Sabina Park, Kingston",1,11.1,Jamaica Tallawahs,Guyana Amazon Warriors,AM McCarthy,KC Sangakkara,Rashid Khan,0,0,,,,,,,,,
1094699,2017,2017-09-01,"Sabina Park, Kingston",1,11.2,Jamaica Tallawahs,Guyana Amazon Warriors,AM McCarthy,KC Sangakkara,Rashid Khan,0,4,,,4,,,,,,
1094699,2017,2017-09-01,"Sabina Park, Kingston",1,11.3,Jamaica Tallawahs,Guyana Amazon Warriors,AM McCarthy,KC Sangakkara,Rashid Khan,1,0,,,,,,,,,
1094699,2017,2017-09-01,"Sabina Park, Kingston",1,11.4,Jamaica Tallawahs,Guyana Amazon Warriors,KC Sangakkara,AM McCarthy,Rashid Khan,1,0,,,,,,,,,
1094699,2017,2017-09-01,"Sabina Park, Kingston",1,11.5,Jamaica Tallawahs,Guyana Amazon Warriors,AM McCarthy,KC Sangakkara,Rashid Khan,4,0,,,,,,,,,
1094699,2017,2017-09-01,"Sabina Park, Kingston",1,11.6,Jamaica Tallawahs,Guyana Amazon Warriors,AM McCarthy,KC Sangakkara,Rashid Khan,0,0,,,,,,,,,
1094699,2017,2017-09-01,"Sabina Park, Kingston",1,12.1,Jamaica Tallawahs,Guyana Amazon Warriors,KC Sangakkara,AM McCarthy,RR Emrit,2,0,,,,,,,,,
1094699,2017,2017-09-01,"Sabina Park, Kingston",1,12.2,Jamaica Tallawahs,Guyana Amazon Warriors,KC Sangakkara,AM McCarthy,RR Emrit,1,0,,,,,,,,,
1094699,2017,2017-09-01,"Sabina Park, Kingston",1,12.3,Jamaica Tallawahs,Guyana Amazon Warriors,AM McCarthy,KC Sangakkara,RR Emrit,1,0,,,,,,,,,
1094699,2017,2017-09-01,"Sabina Park, Kingston",1,12.4,Jamaica Tallawahs,Guyana Amazon Warriors,KC Sangakkara,AM McCarthy,RR Emrit,0,0,,,,,,,,,
1094699,2017,2017-09-01,"Sabina Park, Kingston",1,12.5,Jamaica Tallawahs,Guyana Amazon Warriors,KC Sangakkara,AM McCarthy,RR Emrit,6,0,,,,,,,,,
1094699,2017,2017-09-01,"Sabina Park, Kingston",1,12.6,Jamaica Tallawahs,Guyana Amazon Warriors,KC Sangakkara,AM McCarthy,RR Emrit,2,0,,,,,,,,,
1094699,2017,2017-09-01,"Sabina Park, Kingston",1,13.1,Jamaica Tallawahs,Guyana Amazon Warriors,AM McCarthy,KC Sangakkara,RS Primus,0,1,,,1,,,,,,
1094699,2017,2017-09-01,"Sabina Park, Kingston",1,13.2,Jamaica Tallawahs,Guyana Amazon Warriors,KC Sangakkara,AM McCarthy,RS Primus,1,0,,,,,,,,,
1094699,2017,2017-09-01,"Sabina Park, Kingston",1,13.3,Jamaica Tallawahs,Guyana Amazon Warriors,AM McCarthy,KC Sangakkara,RS Primus,0,0,,,,,,caught,AM McCarthy,,
1094699,2017,2017-09-01,"Sabina Park, Kingston",1,13.4,Jamaica Tallawahs,Guyana Amazon Warriors,KC Sangakkara,R Powell,RS Primus,4,0,,,,,,,,,
1094699,2017,2017-09-01,"Sabina Park, Kingston",1,13.5,Jamaica Tallawahs,Guyana Amazon Warriors,KC Sangakkara,R Powell,RS Primus,0,0,,,,,,,,,
1094699,2017,2017-09-01,"Sabina Park, Kingston",1,13.6,Jamaica Tallawahs,Guyana Amazon Warriors,KC Sangakkara,R Powell,RS Primus,0,1,1,,,,,,,,
1094699,2017,2017-09-01,"Sabina Park, Kingston",1,13.7,Jamaica Tallawahs,Guyana Amazon Warriors,KC Sangakkara,R Powell,RS Primus,0,0,,,,,,,,,
1094699,2017,2017-09-01,"Sabina Park, Kingston",1,14.1,Jamaica Tallawahs,Guyana Amazon Warriors,R Powell,KC Sangakkara,Rashid Khan,1,0,,,,,,,,,
1094699,2017,2017-09-01,"Sabina Park, Kingston",1,14.2,Jamaica Tallawahs,Guyana Amazon Warriors,KC Sangakkara,R Powell,Rashid Khan,0,0,,,,,,,,,
1094699,2017,2017-09-01,"Sabina Park, Kingston",1,14.3,Jamaica Tallawahs,Guyana Amazon Warriors,KC Sangakkara,R Powell,Rashid Khan,1,0,,,,,,,,,
1094699,2017,2017-09-01,"Sabina Park, Kingston",1,14.4,Jamaica Tallawahs,Guyana Amazon Warriors,R Powell,KC Sangakkara,Rashid Khan,0,0,,,,,,,,,
1094699,2017,2017-09-01,"Sabina Park, Kingston",1,14.5,Jamaica Tallawahs,Guyana Amazon Warriors,R Powell,KC Sangakkara,Rashid Khan,0,0,,,,,,,,,
1094699,2017,2017-09-01,"Sabina Park, Kingston",1,14.6,Jamaica Tallawahs,Guyana Amazon Warriors,R Powell,KC Sangakkara,Rashid Khan,4,0,,,,,,,,,
1094699,2017,2017-09-01,"Sabina Park, Kingston",1,15.1,Jamaica Tallawahs,Guyana Amazon Warriors,KC Sangakkara,R Powell,RR Emrit,1,0,,,,,,,,,
1094699,2017,2017-09-01,"Sabina Park, Kingston",1,15.2,Jamaica Tallawahs,Guyana Amazon Warriors,R Powell,KC Sangakkara,RR Emrit,0,0,,,,,,,,,
1094699,2017,2017-09-01,"Sabina Park, Kingston",1,15.3,Jamaica Tallawahs,Guyana Amazon Warriors,R Powell,KC Sangakkara,RR Emrit,1,0,,,,,,,,,
1094699,2017,2017-09-01,"Sabina Park, Kingston",1,15.4,Jamaica Tallawahs,Guyana Amazon Warriors,KC Sangakkara,R Powell,RR Emrit,0,0,,,,,,,,,
1094699,2017,2017-09-01,"Sabina Park, Kingston",1,15.5,Jamaica Tallawahs,Guyana Amazon Warriors,KC Sangakkara,R Powell,RR Emrit,2,0,,,,,,,,,
1094699,2017,2017-09-01,"Sabina Park, Kingston",1,15.6,Jamaica Tallawahs,Guyana Amazon Warriors,KC Sangakkara,R Powell,RR Emrit,0,0,,,,,,caught,KC Sangakkara,,
1094699,2017,2017-09-01,"Sabina Park, Kingston",1,16.1,Jamaica Tallawahs,Guyana Amazon Warriors,R Powell,Mahmudullah,Sohail Tanvir,6,0,,,,,,,,,
1094699,2017,2017-09-01,"Sabina Park, Kingston",1,16.2,Jamaica Tallawahs,Guyana Amazon Warriors,R Powell,Mahmudullah,Sohail Tanvir,0,0,,,,,,,,,
1094699,2017,2017-09-01,"Sabina Park, Kingston",1,16.3,Jamaica Tallawahs,Guyana Amazon Warriors,R Powell,Mahmudullah,Sohail Tanvir,1,0,,,,,,,,,
1094699,2017,2017-09-01,"Sabina Park, Kingston",1,16.4,Jamaica Tallawahs,Guyana Amazon Warriors,Mahmudullah,R Powell,Sohail Tanvir,1,0,,,,,,,,,
1094699,2017,2017-09-01,"Sabina Park, Kingston",1,16.5,Jamaica Tallawahs,Guyana Amazon Warriors,R Powell,Mahmudullah,Sohail Tanvir,0,0,,,,,,,,,
1094699,2017,2017-09-01,"Sabina Park, Kingston",1,16.6,Jamaica Tallawahs,Guyana Amazon Warriors,R Powell,Mahmudullah,Sohail Tanvir,1,0,,,,,,,,,
1094699,2017,2017-09-01,"Sabina Park, Kingston",1,17.1,Jamaica Tallawahs,Guyana Amazon Warriors,R Powell,Mahmudullah,Rashid Khan,1,0,,,,,,,,,
1094699,2017,2017-09-01,"Sabina Park, Kingston",1,17.2,Jamaica Tallawahs,Guyana Amazon Warriors,Mahmudullah,R Powell,Rashid Khan,0,1,,,,1,,,,,
1094699,2017,2017-09-01,"Sabina Park, Kingston",1,17.3,Jamaica Tallawahs,Guyana Amazon Warriors,R Powell,Mahmudullah,Rashid Khan,1,0,,,,,,,,,
1094699,2017,2017-09-01,"Sabina Park, Kingston",1,17.4,Jamaica Tallawahs,Guyana Amazon Warriors,Mahmudullah,R Powell,Rashid Khan,0,1,,,,1,,,,,
1094699,2017,2017-09-01,"Sabina Park, Kingston",1,17.5,Jamaica Tallawahs,Guyana Amazon Warriors,R Powell,Mahmudullah,Rashid Khan,0,0,,,,,,,,,
1094699,2017,2017-09-01,"Sabina Park, Kingston",1,17.6,Jamaica Tallawahs,Guyana Amazon Warriors,R Powell,Mahmudullah,Rashid Khan,0,1,,,,1,,,,,
1094699,2017,2017-09-01,"Sabina Park, Kingston",1,18.1,Jamaica Tallawahs,Guyana Amazon Warriors,R Powell,Mahmudullah,Sohail Tanvir,0,0,,,,,,caught,R Powell,,
1094699,2017,2017-09-01,"Sabina Park, Kingston",1,18.2,Jamaica Tallawahs,Guyana Amazon Warriors,Mahmudullah,JA Foo,Sohail Tanvir,0,0,,,,,,,,,
1094699,2017,2017-09-01,"Sabina Park, Kingston",1,18.3,Jamaica Tallawahs,Guyana Amazon Warriors,Mahmudullah,JA Foo,Sohail Tanvir,0,0,,,,,,caught,Mahmudullah,,
1094699,2017,2017-09-01,"Sabina Park, Kingston",1,18.4,Jamaica Tallawahs,Guyana Amazon Warriors,JA Foo,K Santokie,Sohail Tanvir,0,0,,,,,,,,,
1094699,2017,2017-09-01,"Sabina Park, Kingston",1,18.5,Jamaica Tallawahs,Guyana Amazon Warriors,JA Foo,K Santokie,Sohail Tanvir,1,0,,,,,,,,,
1094699,2017,2017-09-01,"Sabina Park, Kingston",1,18.6,Jamaica Tallawahs,Guyana Amazon Warriors,K Santokie,JA Foo,Sohail Tanvir,0,0,,,,,,,,,
1094699,2017,2017-09-01,"Sabina Park, Kingston",1,19.1,Jamaica Tallawahs,Guyana Amazon Warriors,JA Foo,K Santokie,RR Emrit,4,0,,,,,,,,,
1094699,2017,2017-09-01,"Sabina Park, Kingston",1,19.2,Jamaica Tallawahs,Guyana Amazon Warriors,JA Foo,K Santokie,RR Emrit,2,0,,,,,,,,,
1094699,2017,2017-09-01,"Sabina Park, Kingston",1,19.3,Jamaica Tallawahs,Guyana Amazon Warriors,JA Foo,K Santokie,RR Emrit,0,0,,,,,,,,,
1094699,2017,2017-09-01,"Sabina Park, Kingston",1,19.4,Jamaica Tallawahs,Guyana Amazon Warriors,JA Foo,K Santokie,RR Emrit,0,1,,,,1,,,,,
1094699,2017,2017-09-01,"Sabina Park, Kingston",1,19.5,Jamaica Tallawahs,Guyana Amazon Warriors,K Santokie,JA Foo,RR Emrit,6,0,,,,,,,,,
1094699,2017,2017-09-01,"Sabina Park, Kingston",1,19.6,Jamaica Tallawahs,Guyana Amazon Warriors,K Santokie,JA Foo,RR Emrit,1,0,,,,,,run out,JA Foo,,
1094699,2017,2017-09-01,"Sabina Park, Kingston",2,0.1,Guyana Amazon Warriors,Jamaica Tallawahs,CAK Walton,Sohail Tanvir,O Thomas,0,1,,1,,,,,,,
1094699,2017,2017-09-01,"Sabina Park, Kingston",2,0.2,Guyana Amazon Warriors,Jamaica Tallawahs,CAK Walton,Sohail Tanvir,O Thomas,6,1,,1,,,,,,,
1094699,2017,2017-09-01,"Sabina Park, Kingston",2,0.3,Guyana Amazon Warriors,Jamaica Tallawahs,CAK Walton,Sohail Tanvir,O Thomas,6,0,,,,,,,,,
1094699,2017,2017-09-01,"Sabina Park, Kingston",2,0.4,Guyana Amazon Warriors,Jamaica Tallawahs,CAK Walton,Sohail Tanvir,O Thomas,0,0,,,,,,,,,
1094699,2017,2017-09-01,"Sabina Park, Kingston",2,0.5,Guyana Amazon Warriors,Jamaica Tallawahs,CAK Walton,Sohail Tanvir,O Thomas,0,0,,,,,,,,,
1094699,2017,2017-09-01,"Sabina Park, Kingston",2,0.6,Guyana Amazon Warriors,Jamaica Tallawahs,CAK Walton,Sohail Tanvir,O Thomas,0,0,,,,,,,,,
1094699,2017,2017-09-01,"Sabina Park, Kingston",2,0.7,Guyana Amazon Warriors,Jamaica Tallawahs,CAK Walton,Sohail Tanvir,O Thomas,1,0,,,,,,,,,
1094699,2017,2017-09-01,"Sabina Park, Kingston",2,0.8,Guyana Amazon Warriors,Jamaica Tallawahs,Sohail Tanvir,CAK Walton,O Thomas,0,0,,,,,,caught,Sohail Tanvir,,
1094699,2017,2017-09-01,"Sabina Park, Kingston",2,1.1,Guyana Amazon Warriors,Jamaica Tallawahs,CAK Walton,L Ronchi,K Santokie,0,0,,,,,,,,,
1094699,2017,2017-09-01,"Sabina Park, Kingston",2,1.2,Guyana Amazon Warriors,Jamaica Tallawahs,CAK Walton,L Ronchi,K Santokie,4,0,,,,,,,,,
1094699,2017,2017-09-01,"Sabina Park, Kingston",2,1.3,Guyana Amazon Warriors,Jamaica Tallawahs,CAK Walton,L Ronchi,K Santokie,0,0,,,,,,,,,
1094699,2017,2017-09-01,"Sabina Park, Kingston",2,1.4,Guyana Amazon Warriors,Jamaica Tallawahs,CAK Walton,L Ronchi,K Santokie,4,0,,,,,,,,,
1094699,2017,2017-09-01,"Sabina Park, Kingston",2,1.5,Guyana Amazon Warriors,Jamaica Tallawahs,CAK Walton,L Ronchi,K Santokie,4,0,,,,,,,,,
1094699,2017,2017-09-01,"Sabina Park, Kingston",2,1.6,Guyana Amazon Warriors,Jamaica Tallawahs,CAK Walton,L Ronchi,K Santokie,1,0,,,,,,,,,
1094699,2017,2017-09-01,"Sabina Park, Kingston",2,2.1,Guyana Amazon Warriors,Jamaica Tallawahs,CAK Walton,L Ronchi,O Thomas,1,0,,,,,,,,,
1094699,2017,2017-09-01,"Sabina Park, Kingston",2,2.2,Guyana Amazon Warriors,Jamaica Tallawahs,L Ronchi,CAK Walton,O Thomas,0,0,,,,,,,,,
1094699,2017,2017-09-01,"Sabina Park, Kingston",2,2.3,Guyana Amazon Warriors,Jamaica Tallawahs,L Ronchi,CAK Walton,O Thomas,6,0,,,,,,,,,
1094699,2017,2017-09-01,"Sabina Park, Kingston",2,2.4,Guyana Amazon Warriors,Jamaica Tallawahs,L Ronchi,CAK Walton,O Thomas,0,0,,,,,,,,,
1094699,2017,2017-09-01,"Sabina Park, Kingston",2,2.5,Guyana Amazon Warriors,Jamaica Tallawahs,L Ronchi,CAK Walton,O Thomas,6,0,,,,,,,,,
1094699,2017,2017-09-01,"Sabina Park, Kingston",2,2.6,Guyana Amazon Warriors,Jamaica Tallawahs,L Ronchi,CAK Walton,O Thomas,4,0,,,,,,,,,
1094699,2017,2017-09-01,"Sabina Park, Kingston",2,3.1,Guyana Amazon Warriors,Jamaica Tallawahs,CAK Walton,L Ronchi,KOK Williams,4,0,,,,,,,,,
1094699,2017,2017-09-01,"Sabina Park, Kingston",2,3.2,Guyana Amazon Warriors,Jamaica Tallawahs,CAK Walton,L Ronchi,KOK Williams,4,1,,1,,,,,,,
1094699,2017,2017-09-01,"Sabina Park, Kingston",2,3.3,Guyana Amazon Warriors,Jamaica Tallawahs,CAK Walton,L Ronchi,KOK Williams,6,0,,,,,,,,,
1094699,2017,2017-09-01,"Sabina Park, Kingston",2,3.4,Guyana Amazon Warriors,Jamaica Tallawahs,CAK Walton,L Ronchi,KOK Williams,4,0,,,,,,,,,
1094699,2017,2017-09-01,"Sabina Park, Kingston",2,3.5,Guyana Amazon Warriors,Jamaica Tallawahs,CAK Walton,L Ronchi,KOK Williams,1,0,,,,,,,,,
1094699,2017,2017-09-01,"Sabina Park, Kingston",2,3.6,Guyana Amazon Warriors,Jamaica Tallawahs,L Ronchi,CAK Walton,KOK Williams,0,0,,,,,,,,,
1094699,2017,2017-09-01,"Sabina Park, Kingston",2,3.7,Guyana Amazon Warriors,Jamaica Tallawahs,L Ronchi,CAK Walton,KOK Williams,6,0,,,,,,,,,
1094699,2017,2017-09-01,"Sabina Park, Kingston",2,4.1,Guyana Amazon Warriors,Jamaica Tallawahs,CAK Walton,L Ronchi,Mahmudullah,1,0,,,,,,,,,
1094699,2017,2017-09-01,"Sabina Park, Kingston",2,4.2,Guyana Amazon Warriors,Jamaica Tallawahs,L Ronchi,CAK Walton,Mahmudullah,1,0,,,,,,,,,
1094699,2017,2017-09-01,"Sabina Park, Kingston",2,4.3,Guyana Amazon Warriors,Jamaica Tallawahs,CAK Walton,L Ronchi,Mahmudullah,1,0,,,,,,,,,
1094699,2017,2017-09-01,"Sabina Park, Kingston",2,4.4,Guyana Amazon Warriors,Jamaica Tallawahs,L Ronchi,CAK Walton,Mahmudullah,0,0,,,,,,,,,
1094699,2017,2017-09-01,"Sabina Park, Kingston",2,4.5,Guyana Amazon Warriors,Jamaica Tallawahs,L Ronchi,CAK Walton,Mahmudullah,5,0,,,,,,,,,
1094699,2017,2017-09-01,"Sabina Park, Kingston",2,4.6,Guyana Amazon Warriors,Jamaica Tallawahs,CAK Walton,L Ronchi,Mahmudullah,0,0,,,,,,,,,
1094699,2017,2017-09-01,"Sabina Park, Kingston",2,5.1,Guyana Amazon Warriors,Jamaica Tallawahs,L Ronchi,CAK Walton,Mohammad Sami,0,1,1,,,,,,,,
1094699,2017,2017-09-01,"Sabina Park, Kingston",2,5.2,Guyana Amazon Warriors,Jamaica Tallawahs,L Ronchi,CAK Walton,Mohammad Sami,1,0,,,,,,,,,
1094699,2017,2017-09-01,"Sabina Park, Kingston",2,5.3,Guyana Amazon Warriors,Jamaica Tallawahs,CAK Walton,L Ronchi,Mohammad Sami,1,0,,,,,,,,,
1094699,2017,2017-09-01,"Sabina Park, Kingston",2,5.4,Guyana Amazon Warriors,Jamaica Tallawahs,L Ronchi,CAK Walton,Mohammad Sami,0,0,,,,,,,,,
1094699,2017,2017-09-01,"Sabina Park, Kingston",2,5.5,Guyana Amazon Warriors,Jamaica Tallawahs,L Ronchi,CAK Walton,Mohammad Sami,4,0,,,,,,,,,
1094699,2017,2017-09-01,"Sabina Park, Kingston",2,5.6,Guyana Amazon Warriors,Jamaica Tallawahs,L Ronchi,CAK Walton,Mohammad Sami,1,1,,1,,,,,,,
1094699,2017,2017-09-01,"Sabina Park, Kingston",2,5.7,Guyana Amazon Warriors,Jamaica Tallawahs,CAK Walton,L Ronchi,Mohammad Sami,0,0,,,,,,,,,
1094699,2017,2017-09-01,"Sabina Park, Kingston",2,5.8,Guyana Amazon Warriors,Jamaica Tallawahs,CAK Walton,L Ronchi,Mohammad Sami,0,0,,,,,,,,,
1094699,2017,2017-09-01,"Sabina Park, Kingston",2,6.1,Guyana Amazon Warriors,Jamaica Tallawahs,L Ronchi,CAK Walton,Mahmudullah,1,0,,,,,,,,,
1094699,2017,2017-09-01,"Sabina Park, Kingston",2,6.2,Guyana Amazon Warriors,Jamaica Tallawahs,CAK Walton,L Ronchi,Mahmudullah,1,0,,,,,,,,,
1094699,2017,2017-09-01,"Sabina Park, Kingston",2,6.3,Guyana Amazon Warriors,Jamaica Tallawahs,L Ronchi,CAK Walton,Mahmudullah,0,1,1,,,,,,,,
1094699,2017,2017-09-01,"Sabina Park, Kingston",2,6.4,Guyana Amazon Warriors,Jamaica Tallawahs,L Ronchi,CAK Walton,Mahmudullah,1,0,,,,,,,,,
1094699,2017,2017-09-01,"Sabina Park, Kingston",2,6.5,Guyana Amazon Warriors,Jamaica Tallawahs,CAK Walton,L Ronchi,Mahmudullah,2,0,,,,,,,,,
1094699,2017,2017-09-01,"Sabina Park, Kingston",2,6.6,Guyana Amazon Warriors,Jamaica Tallawahs,CAK Walton,L Ronchi,Mahmudullah,1,0,,,,,,,,,
1094699,2017,2017-09-01,"Sabina Park, Kingston",2,6.7,Guyana Amazon Warriors,Jamaica Tallawahs,L Ronchi,CAK Walton,Mahmudullah,1,0,,,,,,,,,
1094699,2017,2017-09-01,"Sabina Park, Kingston",2,7.1,Guyana Amazon Warriors,Jamaica Tallawahs,L Ronchi,CAK Walton,Mohammad Sami,0,0,,,,,,,,,
1094699,2017,2017-09-01,"Sabina Park, Kingston",2,7.2,Guyana Amazon Warriors,Jamaica Tallawahs,L Ronchi,CAK Walton,Mohammad Sami,2,0,,,,,,,,,
1094699,2017,2017-09-01,"Sabina Park, Kingston",2,7.3,Guyana Amazon Warriors,Jamaica Tallawahs,L Ronchi,CAK Walton,Mohammad Sami,1,0,,,,,,,,,
1094699,2017,2017-09-01,"Sabina Park, Kingston",2,7.4,Guyana Amazon Warriors,Jamaica Tallawahs,CAK Walton,L Ronchi,Mohammad Sami,0,0,,,,,,,,,
1094699,2017,2017-09-01,"Sabina Park, Kingston",2,7.5,Guyana Amazon Warriors,Jamaica Tallawahs,CAK Walton,L Ronchi,Mohammad Sami,1,0,,,,,,,,,
1094699,2017,2017-09-01,"Sabina Park, Kingston",2,7.6,Guyana Amazon Warriors,Jamaica Tallawahs,L Ronchi,CAK Walton,Mohammad Sami,1,0,,,,,,,,,
1094699,2017,2017-09-01,"Sabina Park, Kingston",2,8.1,Guyana Amazon Warriors,Jamaica Tallawahs,L Ronchi,CAK Walton,Mahmudullah,4,0,,,,,,,,,
1094699,2017,2017-09-01,"Sabina Park, Kingston",2,8.2,Guyana Amazon Warriors,Jamaica Tallawahs,L Ronchi,CAK Walton,Mahmudullah,1,0,,,,,,,,,
1094699,2017,2017-09-01,"Sabina Park, Kingston",2,8.3,Guyana Amazon Warriors,Jamaica Tallawahs,CAK Walton,L Ronchi,Mahmudullah,0,0,,,,,,,,,
1094699,2017,2017-09-01,"Sabina Park, Kingston",2,8.4,Guyana Amazon Warriors,Jamaica Tallawahs,CAK Walton,L Ronchi,Mahmudullah,6,0,,,,,,,,,
1094699,2017,2017-09-01,"Sabina Park, Kingston",2,8.5,Guyana Amazon Warriors,Jamaica Tallawahs,CAK Walton,L Ronchi,Mahmudullah,0,1,1,,,,,,,,
1094699,2017,2017-09-01,"Sabina Park, Kingston",2,8.6,Guyana Amazon Warriors,Jamaica Tallawahs,CAK Walton,L Ronchi,Mahmudullah,4,0,,,,,,,,,
1094699,2017,2017-09-01,"Sabina Park, Kingston",2,8.7,Guyana Amazon Warriors,Jamaica Tallawahs,CAK Walton,L Ronchi,Mahmudullah,6,0,,,,,,,,,
1094699,2017,2017-09-01,"Sabina Park, Kingston",2,9.1,Guyana Amazon Warriors,Jamaica Tallawahs,L Ronchi,CAK Walton,KOK Williams,0,1,,,,1,,,,,
1094699,2017,2017-09-01,"Sabina Park, Kingston",2,9.2,Guyana Amazon Warriors,Jamaica Tallawahs,CAK Walton,L Ronchi,KOK Williams,4,1,,1,,,,,,,
1094699,2017,2017-09-01,"Sabina Park, Kingston",2,9.3,Guyana Amazon Warriors,Jamaica Tallawahs,CAK Walton,L Ronchi,KOK Williams,1,1,,1,,,,,,,
1094699,2017,2017-09-01,"Sabina Park, Kingston",2,9.4,Guyana Amazon Warriors,Jamaica Tallawahs,L Ronchi,CAK Walton,KOK Williams,1,1,,1,,,,,,,
1094699,2017,2017-09-01,"Sabina Park, Kingston",2,9.5,Guyana Amazon Warriors,Jamaica Tallawahs,CAK Walton,L Ronchi,KOK Williams,6,0,,,,,,,,,
1094699,2017,2017-09-01,"Sabina Park, Kingston",2,9.6,Guyana Amazon Warriors,Jamaica Tallawahs,CAK Walton,L Ronchi,KOK Williams,1,0,,,,,,,,,
1094699,2017,2017-09-01,"Sabina Park, Kingston",2,9.7,Guyana Amazon Warriors,Jamaica Tallawahs,L Ronchi,CAK Walton,KOK Williams,2,0,,,,,,,,,
1094699,2017,2017-09-01,"Sabina Park, Kingston",2,9.8,Guyana Amazon Warriors,Jamaica Tallawahs,L Ronchi,CAK Walton,KOK Williams,1,0,,,,,,,,,
1094699,2017,2017-09-01,"Sabina Park, Kingston",2,9.9,Guyana Amazon Warriors,Jamaica Tallawahs,CAK Walton,L Ronchi,KOK Williams,1,0,,,,,,,,,
1094699,2017,2017-09-01,"Sabina Park, Kingston",2,10.1,Guyana Amazon Warriors,Jamaica Tallawahs,CAK Walton,L Ronchi,AM McCarthy,1,0,,,,,,,,,
1094699,2017,2017-09-01,"Sabina Park, Kingston",2,10.2,Guyana Amazon Warriors,Jamaica Tallawahs,L Ronchi,CAK Walton,AM McCarthy,4,0,,,,,,,,,
1094699,2017,2017-09-01,"Sabina Park, Kingston",2,10.3,Guyana Amazon Warriors,Jamaica Tallawahs,L Ronchi,CAK Walton,AM McCarthy,1,0,,,,,,,,,
