match_id,season,start_date,venue,innings,ball,batting_team,bowling_team,striker,non_striker,bowler,runs_off_bat,extras,wides,noballs,byes,legbyes,penalty,wicket_type,player_dismissed,other_wicket_type,other_player_dismissed
1094691,2017,2017-08-21,"Warner Park, Basseterre",1,0.1,St Kitts and Nevis Patriots,Jamaica Tallawahs,CH Gayle,E Lewis,AM McCarthy,0,0,,,,,,,,,
1094691,2017,2017-08-21,"Warner Park, Basseterre",1,0.2,St Kitts and Nevis Patriots,Jamaica Tallawahs,CH Gayle,E Lewis,AM McCarthy,1,0,,,,,,,,,
1094691,2017,2017-08-21,"Warner Park, Basseterre",1,0.3,St Kitts and Nevis Patriots,Jamaica Tallawahs,E Lewis,CH Gayle,AM McCarthy,1,0,,,,,,,,,
1094691,2017,2017-08-21,"Warner Park, Basseterre",1,0.4,St Kitts and Nevis Patriots,Jamaica Tallawahs,CH Gayle,E Lewis,AM McCarthy,0,0,,,,,,,,,
1094691,2017,2017-08-21,"Warner Park, Basseterre",1,0.5,St Kitts and Nevis Patriots,Jamaica Tallawahs,CH Gayle,E Lewis,AM McCarthy,0,0,,,,,,,,,
1094691,2017,2017-08-21,"Warner Park, Basseterre",1,0.6,St Kitts and Nevis Patriots,Jamaica Tallawahs,CH Gayle,E Lewis,AM McCarthy,0,1,1,,,,,,,,
1094691,2017,2017-08-21,"Warner Park, Basseterre",1,0.7,St Kitts and Nevis Patriots,Jamaica Tallawahs,CH Gayle,E Lewis,AM McCarthy,0,1,1,,,,,,,,
1094691,2017,2017-08-21,"Warner Park, Basseterre",1,0.8,St Kitts and Nevis Patriots,Jamaica Tallawahs,CH Gayle,E Lewis,AM McCarthy,6,0,,,,,,,,,
1094691,2017,2017-08-21,"Warner Park, Basseterre",1,1.1,St Kitts and Nevis Patriots,Jamaica Tallawahs,E Lewis,CH Gayle,Mohammad Sami,0,0,,,,,,,,,
1094691,2017,2017-08-21,"Warner Park, Basseterre",1,1.2,St Kitts and Nevis Patriots,Jamaica Tallawahs,E Lewis,CH Gayle,Mohammad Sami,0,0,,,,,,,,,
1094691,2017,2017-08-21,"Warner Park, Basseterre",1,1.3,St Kitts and Nevis Patriots,Jamaica Tallawahs,E Lewis,CH Gayle,Mohammad Sami,1,0,,,,,,,,,
1094691,2017,2017-08-21,"Warner Park, Basseterre",1,1.4,St Kitts and Nevis Patriots,Jamaica Tallawahs,CH Gayle,E Lewis,Mohammad Sami,0,0,,,,,,,,,
1094691,2017,2017-08-21,"Warner Park, Basseterre",1,1.5,St Kitts and Nevis Patriots,Jamaica Tallawahs,CH Gayle,E Lewis,Mohammad Sami,0,0,,,,,,,,,
1094691,2017,2017-08-21,"Warner Park, Basseterre",1,1.6,St Kitts and Nevis Patriots,Jamaica Tallawahs,CH Gayle,E Lewis,Mohammad Sami,1,0,,,,,,,,,
1094691,2017,2017-08-21,"Warner Park, Basseterre",1,2.1,St Kitts and Nevis Patriots,Jamaica Tallawahs,CH Gayle,E Lewis,K Santokie,1,0,,,,,,,,,
1094691,2017,2017-08-21,"Warner Park, Basseterre",1,2.2,St Kitts and Nevis Patriots,Jamaica Tallawahs,E Lewis,CH Gayle,K Santokie,0,0,,,,,,,,,
1094691,2017,2017-08-21,"Warner Park, Basseterre",1,2.3,St Kitts and Nevis Patriots,Jamaica Tallawahs,E Lewis,CH Gayle,K Santokie,1,0,,,,,,,,,
1094691,2017,2017-08-21,"Warner Park, Basseterre",1,2.4,St Kitts and Nevis Patriots,Jamaica Tallawahs,CH Gayle,E Lewis,K Santokie,1,0,,,,,,,,,
1094691,2017,2017-08-21,"Warner Park, Basseterre",1,2.5,St Kitts and Nevis Patriots,Jamaica Tallawahs,E Lewis,CH Gayle,K Santokie,1,0,,,,,,,,,
1094691,2017,2017-08-21,"Warner Park, Basseterre",1,2.6,St Kitts and Nevis Patriots,Jamaica Tallawahs,CH Gayle,E Lewis,K Santokie,0,0,,,,,,,,,
1094691,2017,2017-08-21,"Warner Park, Basseterre",1,3.1,St Kitts and Nevis Patriots,Jamaica Tallawahs,E Lewis,CH Gayle,Mohammad Sami,0,0,,,,,,,,,
1094691,2017,2017-08-21,"Warner Park, Basseterre",1,3.2,St Kitts and Nevis Patriots,Jamaica Tallawahs,E Lewis,CH Gayle,Mohammad Sami,0,0,,,,,,,,,
1094691,2017,2017-08-21,"Warner Park, Basseterre",1,3.3,St Kitts and Nevis Patriots,Jamaica Tallawahs,E Lewis,CH Gayle,Mohammad Sami,4,0,,,,,,,,,
1094691,2017,2017-08-21,"Warner Park, Basseterre",1,3.4,St Kitts and Nevis Patriots,Jamaica Tallawahs,E Lewis,CH Gayle,Mohammad Sami,6,0,,,,,,,,,
1094691,2017,2017-08-21,"Warner Park, Basseterre",1,3.5,St Kitts and Nevis Patriots,Jamaica Tallawahs,E Lewis,CH Gayle,Mohammad Sami,0,0,,,,,,,,,
1094691,2017,2017-08-21,"Warner Park, Basseterre",1,3.6,St Kitts and Nevis Patriots,Jamaica Tallawahs,E Lewis,CH Gayle,Mohammad Sami,0,0,,,,,,,,,
1094691,2017,2017-08-21,"Warner Park, Basseterre",1,4.1,St Kitts and Nevis Patriots,Jamaica Tallawahs,CH Gayle,E Lewis,OF Smith,0,0,,,,,,,,,
1094691,2017,2017-08-21,"Warner Park, Basseterre",1,4.2,St Kitts and Nevis Patriots,Jamaica Tallawahs,CH Gayle,E Lewis,OF Smith,0,0,,,,,,,,,
1094691,2017,2017-08-21,"Warner Park, Basseterre",1,4.3,St Kitts and Nevis Patriots,Jamaica Tallawahs,CH Gayle,E Lewis,OF Smith,0,0,,,,,,,,,
1094691,2017,2017-08-21,"Warner Park, Basseterre",1,4.4,St Kitts and Nevis Patriots,Jamaica Tallawahs,CH Gayle,E Lewis,OF Smith,4,0,,,,,,,,,
1094691,2017,2017-08-21,"Warner Park, Basseterre",1,4.5,St Kitts and Nevis Patriots,Jamaica Tallawahs,CH Gayle,E Lewis,OF Smith,1,0,,,,,,,,,
1094691,2017,2017-08-21,"Warner Park, Basseterre",1,4.6,St Kitts and Nevis Patriots,Jamaica Tallawahs,E Lewis,CH Gayle,OF Smith,0,0,,,,,,,,,
1094691,2017,2017-08-21,"Warner Park, Basseterre",1,5.1,St Kitts and Nevis Patriots,Jamaica Tallawahs,CH Gayle,E Lewis,KOK Williams,0,0,,,,,,,,,
1094691,2017,2017-08-21,"Warner Park, Basseterre",1,5.2,St Kitts and Nevis Patriots,Jamaica Tallawahs,CH Gayle,E Lewis,KOK Williams,4,0,,,,,,,,,
1094691,2017,2017-08-21,"Warner Park, Basseterre",1,5.3,St Kitts and Nevis Patriots,Jamaica Tallawahs,CH Gayle,E Lewis,KOK Williams,0,0,,,,,,,,,
1094691,2017,2017-08-21,"Warner Park, Basseterre",1,5.4,St Kitts and Nevis Patriots,Jamaica Tallawahs,CH Gayle,E Lewis,KOK Williams,1,0,,,,,,,,,
1094691,2017,2017-08-21,"Warner Park, Basseterre",1,5.5,St Kitts and Nevis Patriots,Jamaica Tallawahs,E Lewis,CH Gayle,KOK Williams,1,0,,,,,,,,,
1094691,2017,2017-08-21,"Warner Park, Basseterre",1,5.6,St Kitts and Nevis Patriots,Jamaica Tallawahs,CH Gayle,E Lewis,KOK Williams,1,0,,,,,,,,,
1094691,2017,2017-08-21,"Warner Park, Basseterre",1,6.1,St Kitts and Nevis Patriots,Jamaica Tallawahs,CH Gayle,E Lewis,OF Smith,1,0,,,,,,,,,
1094691,2017,2017-08-21,"Warner Park, Basseterre",1,6.2,St Kitts and Nevis Patriots,Jamaica Tallawahs,E Lewis,CH Gayle,OF Smith,4,0,,,,,,,,,
1094691,2017,2017-08-21,"Warner Park, Basseterre",1,6.3,St Kitts and Nevis Patriots,Jamaica Tallawahs,E Lewis,CH Gayle,OF Smith,0,0,,,,,,,,,
1094691,2017,2017-08-21,"Warner Park, Basseterre",1,6.4,St Kitts and Nevis Patriots,Jamaica Tallawahs,E Lewis,CH Gayle,OF Smith,4,0,,,,,,,,,
1094691,2017,2017-08-21,"Warner Park, Basseterre",1,6.5,St Kitts and Nevis Patriots,Jamaica Tallawahs,E Lewis,CH Gayle,OF Smith,0,0,,,,,,,,,
1094691,2017,2017-08-21,"Warner Park, Basseterre",1,6.6,St Kitts and Nevis Patriots,Jamaica Tallawahs,E Lewis,CH Gayle,OF Smith,4,0,,,,,,,,,
1094691,2017,2017-08-21,"Warner Park, Basseterre",1,7.1,St Kitts and Nevis Patriots,Jamaica Tallawahs,CH Gayle,E Lewis,R Powell,1,0,,,,,,,,,
1094691,2017,2017-08-21,"Warner Park, Basseterre",1,7.2,St Kitts and Nevis Patriots,Jamaica Tallawahs,E Lewis,CH Gayle,R Powell,1,0,,,,,,,,,
1094691,2017,2017-08-21,"Warner Park, Basseterre",1,7.3,St Kitts and Nevis Patriots,Jamaica Tallawahs,CH Gayle,E Lewis,R Powell,4,0,,,,,,,,,
1094691,2017,2017-08-21,"Warner Park, Basseterre",1,7.4,St Kitts and Nevis Patriots,Jamaica Tallawahs,CH Gayle,E Lewis,R Powell,1,0,,,,,,,,,
1094691,2017,2017-08-21,"Warner Park, Basseterre",1,7.5,St Kitts and Nevis Patriots,Jamaica Tallawahs,E Lewis,CH Gayle,R Powell,6,0,,,,,,,,,
1094691,2017,2017-08-21,"Warner Park, Basseterre",1,7.6,St Kitts and Nevis Patriots,Jamaica Tallawahs,E Lewis,CH Gayle,R Powell,1,0,,,,,,,,,
1094691,2017,2017-08-21,"Warner Park, Basseterre",1,8.1,St Kitts and Nevis Patriots,Jamaica Tallawahs,E Lewis,CH Gayle,AM McCarthy,0,0,,,,,,,,,
1094691,2017,2017-08-21,"Warner Park, Basseterre",1,8.2,St Kitts and Nevis Patriots,Jamaica Tallawahs,E Lewis,CH Gayle,AM McCarthy,6,0,,,,,,,,,
1094691,2017,2017-08-21,"Warner Park, Basseterre",1,8.3,St Kitts and Nevis Patriots,Jamaica Tallawahs,E Lewis,CH Gayle,AM McCarthy,1,0,,,,,,,,,
1094691,2017,2017-08-21,"Warner Park, Basseterre",1,8.4,St Kitts and Nevis Patriots,Jamaica Tallawahs,CH Gayle,E Lewis,AM McCarthy,6,0,,,,,,,,,
1094691,2017,2017-08-21,"Warner Park, Basseterre",1,8.5,St Kitts and Nevis Patriots,Jamaica Tallawahs,CH Gayle,E Lewis,AM McCarthy,0,0,,,,,,,,,
1094691,2017,2017-08-21,"Warner Park, Basseterre",1,8.6,St Kitts and Nevis Patriots,Jamaica Tallawahs,CH Gayle,E Lewis,AM McCarthy,1,0,,,,,,,,,
1094691,2017,2017-08-21,"Warner Park, Basseterre",1,9.1,St Kitts and Nevis Patriots,Jamaica Tallawahs,CH Gayle,E Lewis,OF Smith,0,0,,,,,,,,,
1094691,2017,2017-08-21,"Warner Park, Basseterre",1,9.2,St Kitts and Nevis Patriots,Jamaica Tallawahs,CH Gayle,E Lewis,OF Smith,1,0,,,,,,,,,
1094691,2017,2017-08-21,"Warner Park, Basseterre",1,9.3,St Kitts and Nevis Patriots,Jamaica Tallawahs,E Lewis,CH Gayle,OF Smith,2,0,,,,,,,,,
1094691,2017,2017-08-21,"Warner Park, Basseterre",1,9.4,St Kitts and Nevis Patriots,Jamaica Tallawahs,E Lewis,CH Gayle,OF Smith,6,0,,,,,,,,,
1094691,2017,2017-08-21,"Warner Park, Basseterre",1,9.5,St Kitts and Nevis Patriots,Jamaica Tallawahs,E Lewis,CH Gayle,OF Smith,1,0,,,,,,,,,
1094691,2017,2017-08-21,"Warner Park, Basseterre",1,9.6,St Kitts and Nevis Patriots,Jamaica Tallawahs,CH Gayle,E Lewis,OF Smith,1,0,,,,,,,,,
1094691,2017,2017-08-21,"Warner Park, Basseterre",1,10.1,St Kitts and Nevis Patriots,Jamaica Tallawahs,CH Gayle,E Lewis,K Santokie,0,0,,,,,,,,,
1094691,2017,2017-08-21,"Warner Park, Basseterre",1,10.2,St Kitts and Nevis Patriots,Jamaica Tallawahs,CH Gayle,E Lewis,K Santokie,1,0,,,,,,,,,
1094691,2017,2017-08-21,"Warner Park, Basseterre",1,10.3,St Kitts and Nevis Patriots,Jamaica Tallawahs,E Lewis,CH Gayle,K Santokie,0,0,,,,,,,,,
1094691,2017,2017-08-21,"Warner Park, Basseterre",1,10.4,St Kitts and Nevis Patriots,Jamaica Tallawahs,E Lewis,CH Gayle,K Santokie,0,0,,,,,,,,,
1094691,2017,2017-08-21,"Warner Park, Basseterre",1,10.5,St Kitts and Nevis Patriots,Jamaica Tallawahs,E Lewis,CH Gayle,K Santokie,1,0,,,,,,,,,
1094691,2017,2017-08-21,"Warner Park, Basseterre",1,10.6,St Kitts and Nevis Patriots,Jamaica Tallawahs,CH Gayle,E Lewis,K Santokie,0,0,,,,,,,,,
1094691,2017,2017-08-21,"Warner Park, Basseterre",1,11.1,St Kitts and Nevis Patriots,Jamaica Tallawahs,E Lewis,CH Gayle,KOK Williams,4,0,,,,,,,,,
1094691,2017,2017-08-21,"Warner Park, Basseterre",1,11.2,St Kitts and Nevis Patriots,Jamaica Tallawahs,E Lewis,CH Gayle,KOK Williams,0,0,,,,,,,,,
1094691,2017,2017-08-21,"Warner Park, Basseterre",1,11.3,St Kitts and Nevis Patriots,Jamaica Tallawahs,E Lewis,CH Gayle,KOK Williams,6,0,,,,,,,,,
1094691,2017,2017-08-21,"Warner Park, Basseterre",1,11.4,St Kitts and Nevis Patriots,Jamaica Tallawahs,E Lewis,CH Gayle,KOK Williams,0,1,1,,,,,,,,
1094691,2017,2017-08-21,"Warner Park, Basseterre",1,11.5,St Kitts and Nevis Patriots,Jamaica Tallawahs,E Lewis,CH Gayle,KOK Williams,1,0,,,,,,,,,
1094691,2017,2017-08-21,"Warner Park, Basseterre",1,11.6,St Kitts and Nevis Patriots,Jamaica Tallawahs,CH Gayle,E Lewis,KOK Williams,0,0,,,,,,,,,
1094691,2017,2017-08-21,"Warner Park, Basseterre",1,11.7,St Kitts and Nevis Patriots,Jamaica Tallawahs,CH Gayle,E Lewis,KOK Williams,0,0,,,,,,,,,
1094691,2017,2017-08-21,"Warner Park, Basseterre",1,12.1,St Kitts and Nevis Patriots,Jamaica Tallawahs,E Lewis,CH Gayle,OF Smith,0,0,,,,,,,,,
1094691,2017,2017-08-21,"Warner Park, Basseterre",1,12.2,St Kitts and Nevis Patriots,Jamaica Tallawahs,E Lewis,CH Gayle,OF Smith,6,0,,,,,,,,,
1094691,2017,2017-08-21,"Warner Park, Basseterre",1,12.3,St Kitts and Nevis Patriots,Jamaica Tallawahs,E Lewis,CH Gayle,OF Smith,0,0,,,,,,caught,E Lewis,,
1094691,2017,2017-08-21,"Warner Park, Basseterre",1,12.4,St Kitts and Nevis Patriots,Jamaica Tallawahs,CH Gayle,CR Brathwaite,OF Smith,2,0,,,,,,,,,
1094691,2017,2017-08-21,"Warner Park, Basseterre",1,12.5,St Kitts and Nevis Patriots,Jamaica Tallawahs,CH Gayle,CR Brathwaite,OF Smith,2,0,,,,,,,,,
1094691,2017,2017-08-21,"Warner Park, Basseterre",1,12.6,St Kitts and Nevis Patriots,Jamaica Tallawahs,CH Gayle,CR Brathwaite,OF Smith,1,0,,,,,,,,,
1094691,2017,2017-08-21,"Warner Park, Basseterre",1,13.1,St Kitts and Nevis Patriots,Jamaica Tallawahs,CH Gayle,CR Brathwaite,Mohammad Sami,0,1,1,,,,,,,,
1094691,2017,2017-08-21,"Warner Park, Basseterre",1,13.2,St Kitts and Nevis Patriots,Jamaica Tallawahs,CH Gayle,CR Brathwaite,Mohammad Sami,1,0,,,,,,,,,
1094691,2017,2017-08-21,"Warner Park, Basseterre",1,13.3,St Kitts and Nevis Patriots,Jamaica Tallawahs,CR Brathwaite,CH Gayle,Mohammad Sami,4,0,,,,,,,,,
1094691,2017,2017-08-21,"Warner Park, Basseterre",1,13.4,St Kitts and Nevis Patriots,Jamaica Tallawahs,CR Brathwaite,CH Gayle,Mohammad Sami,0,0,,,,,,,,,
1094691,2017,2017-08-21,"Warner Park, Basseterre",1,13.5,St Kitts and Nevis Patriots,Jamaica Tallawahs,CR Brathwaite,CH Gayle,Mohammad Sami,6,0,,,,,,,,,
1094691,2017,2017-08-21,"Warner Park, Basseterre",1,13.6,St Kitts and Nevis Patriots,Jamaica Tallawahs,CR Brathwaite,CH Gayle,Mohammad Sami,1,0,,,,,,,,,
1094691,2017,2017-08-21,"Warner Park, Basseterre",1,13.7,St Kitts and Nevis Patriots,Jamaica Tallawahs,CH Gayle,CR Brathwaite,Mohammad Sami,1,0,,,,,,,,,
1094691,2017,2017-08-21,"Warner Park, Basseterre",1,14.1,St Kitts and Nevis Patriots,Jamaica Tallawahs,CH Gayle,CR Brathwaite,K Santokie,1,0,,,,,,,,,
1094691,2017,2017-08-21,"Warner Park, Basseterre",1,14.2,St Kitts and Nevis Patriots,Jamaica Tallawahs,CR Brathwaite,CH Gayle,K Santokie,0,1,1,,,,,,,,
1094691,2017,2017-08-21,"Warner Park, Basseterre",1,14.3,St Kitts and Nevis Patriots,Jamaica Tallawahs,CR Brathwaite,CH Gayle,K Santokie,1,0,,,,,,,,,
1094691,2017,2017-08-21,"Warner Park, Basseterre",1,14.4,St Kitts and Nevis Patriots,Jamaica Tallawahs,CH Gayle,CR Brathwaite,K Santokie,1,0,,,,,,,,,
1094691,2017,2017-08-21,"Warner Park, Basseterre",1,14.5,St Kitts and Nevis Patriots,Jamaica Tallawahs,CR Brathwaite,CH Gayle,K Santokie,1,0,,,,,,,,,
1094691,2017,2017-08-21,"Warner Park, Basseterre",1,14.6,St Kitts and Nevis Patriots,Jamaica Tallawahs,CH Gayle,CR Brathwaite,K Santokie,1,0,,,,,,,,,
1094691,2017,2017-08-21,"Warner Park, Basseterre",1,14.7,St Kitts and Nevis Patriots,Jamaica Tallawahs,CR Brathwaite,CH Gayle,K Santokie,1,0,,,,,,,,,
1094691,2017,2017-08-21,"Warner Park, Basseterre",1,15.1,St Kitts and Nevis Patriots,Jamaica Tallawahs,CR Brathwaite,CH Gayle,KOK Williams,1,0,,,,,,,,,
1094691,2017,2017-08-21,"Warner Park, Basseterre",1,15.2,St Kitts and Nevis Patriots,Jamaica Tallawahs,CH Gayle,CR Brathwaite,KOK Williams,1,0,,,,,,,,,
1094691,2017,2017-08-21,"Warner Park, Basseterre",1,15.3,St Kitts and Nevis Patriots,Jamaica Tallawahs,CR Brathwaite,CH Gayle,KOK Williams,1,0,,,,,,,,,
1094691,2017,2017-08-21,"Warner Park, Basseterre",1,15.4,St Kitts and Nevis Patriots,Jamaica Tallawahs,CH Gayle,CR Brathwaite,KOK Williams,1,0,,,,,,,,,
1094691,2017,2017-08-21,"Warner Park, Basseterre",1,15.5,St Kitts and Nevis Patriots,Jamaica Tallawahs,CR Brathwaite,CH Gayle,KOK Williams,0,0,,,,,,,,,
1094691,2017,2017-08-21,"Warner Park, Basseterre",1,15.6,St Kitts and Nevis Patriots,Jamaica Tallawahs,CR Brathwaite,CH Gayle,KOK Williams,4,0,,,,,,,,,
1094691,2017,2017-08-21,"Warner Park, Basseterre",1,16.1,St Kitts and Nevis Patriots,Jamaica Tallawahs,CH Gayle,CR Brathwaite,K Santokie,1,0,,,,,,,,,
1094691,2017,2017-08-21,"Warner Park, Basseterre",1,16.2,St Kitts and Nevis Patriots,Jamaica Tallawahs,CR Brathwaite,CH Gayle,K Santokie,6,0,,,,,,,,,
1094691,2017,2017-08-21,"Warner Park, Basseterre",1,16.3,St Kitts and Nevis Patriots,Jamaica Tallawahs,CR Brathwaite,CH Gayle,K Santokie,0,0,,,,,,caught,CR Brathwaite,,
1094691,2017,2017-08-21,"Warner Park, Basseterre",1,16.4,St Kitts and Nevis Patriots,Jamaica Tallawahs,Mohammad Nabi,CH Gayle,K Santokie,1,0,,,,,,,,,
1094691,2017,2017-08-21,"Warner Park, Basseterre",1,16.5,St Kitts and Nevis Patriots,Jamaica Tallawahs,CH Gayle,Mohammad Nabi,K Santokie,1,0,,,,,,,,,
1094691,2017,2017-08-21,"Warner Park, Basseterre",1,16.6,St Kitts and Nevis Patriots,Jamaica Tallawahs,Mohammad Nabi,CH Gayle,K Santokie,1,0,,,,,,,,,
1094691,2017,2017-08-21,"Warner Park, Basseterre",1,17.1,St Kitts and Nevis Patriots,Jamaica Tallawahs,Mohammad Nabi,CH Gayle,Mohammad Sami,0,1,1,,,,,,,,
1094691,2017,2017-08-21,"Warner Park, Basseterre",1,17.2,St Kitts and Nevis Patriots,Jamaica Tallawahs,Mohammad Nabi,CH Gayle,Mohammad Sami,6,0,,,,,,,,,
1094691,2017,2017-08-21,"Warner Park, Basseterre",1,17.3,St Kitts and Nevis Patriots,Jamaica Tallawahs,Mohammad Nabi,CH Gayle,Mohammad Sami,1,0,,,,,,,,,
1094691,2017,2017-08-21,"Warner Park, Basseterre",1,17.4,St Kitts and Nevis Patriots,Jamaica Tallawahs,CH Gayle,Mohammad Nabi,Mohammad Sami,4,0,,,,,,,,,
1094691,2017,2017-08-21,"Warner Park, Basseterre",1,17.5,St Kitts and Nevis Patriots,Jamaica Tallawahs,CH Gayle,Mohammad Nabi,Mohammad Sami,6,0,,,,,,,,,
1094691,2017,2017-08-21,"Warner Park, Basseterre",1,17.6,St Kitts and Nevis Patriots,Jamaica Tallawahs,CH Gayle,Mohammad Nabi,Mohammad Sami,6,0,,,,,,,,,
1094691,2017,2017-08-21,"Warner Park, Basseterre",1,17.7,St Kitts and Nevis Patriots,Jamaica Tallawahs,CH Gayle,Mohammad Nabi,Mohammad Sami,1,0,,,,,,,,,
1094691,2017,2017-08-21,"Warner Park, Basseterre",1,18.1,St Kitts and Nevis Patriots,Jamaica Tallawahs,CH Gayle,Mohammad Nabi,R Powell,1,0,,,,,,,,,
1094691,2017,2017-08-21,"Warner Park, Basseterre",1,18.2,St Kitts and Nevis Patriots,Jamaica Tallawahs,Mohammad Nabi,CH Gayle,R Powell,2,0,,,,,,,,,
1094691,2017,2017-08-21,"Warner Park, Basseterre",1,18.3,St Kitts and Nevis Patriots,Jamaica Tallawahs,Mohammad Nabi,CH Gayle,R Powell,1,0,,,,,,,,,
1094691,2017,2017-08-21,"Warner Park, Basseterre",1,18.4,St Kitts and Nevis Patriots,Jamaica Tallawahs,CH Gayle,Mohammad Nabi,R Powell,1,0,,,,,,,,,
1094691,2017,2017-08-21,"Warner Park, Basseterre",1,18.5,St Kitts and Nevis Patriots,Jamaica Tallawahs,Mohammad Nabi,CH Gayle,R Powell,6,0,,,,,,,,,
1094691,2017,2017-08-21,"Warner Park, Basseterre",1,18.6,St Kitts and Nevis Patriots,Jamaica Tallawahs,Mohammad Nabi,CH Gayle,R Powell,1,0,,,,,,,,,
1094691,2017,2017-08-21,"Warner Park, Basseterre",1,19.1,St Kitts and Nevis Patriots,Jamaica Tallawahs,Mohammad Nabi,CH Gayle,KOK Williams,4,0,,,,,,,,,
1094691,2017,2017-08-21,"Warner Park, Basseterre",1,19.2,St Kitts and Nevis Patriots,Jamaica Tallawahs,Mohammad Nabi,CH Gayle,KOK Williams,0,0,,,,,,,,,
1094691,2017,2017-08-21,"Warner Park, Basseterre",1,19.3,St Kitts and Nevis Patriots,Jamaica Tallawahs,Mohammad Nabi,CH Gayle,KOK Williams,6,0,,,,,,,,,
1094691,2017,2017-08-21,"Warner Park, Basseterre",1,19.4,St Kitts and Nevis Patriots,Jamaica Tallawahs,Mohammad Nabi,CH Gayle,KOK Williams,0,0,,,,,,caught,Mohammad Nabi,,
1094691,2017,2017-08-21,"Warner Park, Basseterre",1,19.5,St Kitts and Nevis Patriots,Jamaica Tallawahs,CH Gayle,BA King,KOK Williams,0,1,,,,1,,,,,
1094691,2017,2017-08-21,"Warner Park, Basseterre",1,19.6,St Kitts and Nevis Patriots,Jamaica Tallawahs,BA King,CH Gayle,KOK Williams,6,0,,,,,,,,,
1094691,2017,2017-08-21,"Warner Park, Basseterre",2,0.1,Jamaica Tallawahs,St Kitts and Nevis Patriots,GD Phillips,TA Griffith,BW Hilfenhaus,0,0,,,,,,,,,
1094691,2017,2017-08-21,"Warner Park, Basseterre",2,0.2,Jamaica Tallawahs,St Kitts and Nevis Patriots,GD Phillips,TA Griffith,BW Hilfenhaus,1,0,,,,,,,,,
1094691,2017,2017-08-21,"Warner Park, Basseterre",2,0.3,Jamaica Tallawahs,St Kitts and Nevis Patriots,TA Griffith,GD Phillips,BW Hilfenhaus,4,0,,,,,,,,,
1094691,2017,2017-08-21,"Warner Park, Basseterre",2,0.4,Jamaica Tallawahs,St Kitts and Nevis Patriots,TA Griffith,GD Phillips,BW Hilfenhaus,0,0,,,,,,,,,
1094691,2017,2017-08-21,"Warner Park, Basseterre",2,0.5,Jamaica Tallawahs,St Kitts and Nevis Patriots,TA Griffith,GD Phillips,BW Hilfenhaus,4,0,,,,,,,,,
1094691,2017,2017-08-21,"Warner Park, Basseterre",2,0.6,Jamaica Tallawahs,St Kitts and Nevis Patriots,TA Griffith,GD Phillips,BW Hilfenhaus,1,0,,,,,,,,,
1094691,2017,2017-08-21,"Warner Park, Basseterre",2,1.1,Jamaica Tallawahs,St Kitts and Nevis Patriots,TA Griffith,GD Phillips,S Badree,1,0,,,,,,,,,
1094691,2017,2017-08-21,"Warner Park, Basseterre",2,1.2,Jamaica Tallawahs,St Kitts and Nevis Patriots,GD Phillips,TA Griffith,S Badree,1,0,,,,,,,,,
1094691,2017,2017-08-21,"Warner Park, Basseterre",2,1.3,Jamaica Tallawahs,St Kitts and Nevis Patriots,TA Griffith,GD Phillips,S Badree,0,0,,,,,,,,,
1094691,2017,2017-08-21,"Warner Park, Basseterre",2,1.4,Jamaica Tallawahs,St Kitts and Nevis Patriots,TA Griffith,GD Phillips,S Badree,0,0,,,,,,,,,
1094691,2017,2017-08-21,"Warner Park, Basseterre",2,1.5,Jamaica Tallawahs,St Kitts and Nevis Patriots,TA Griffith,GD Phillips,S Badree,0,0,,,,,,,,,
1094691,2017,2017-08-21,"Warner Park, Basseterre",2,1.6,Jamaica Tallawahs,St Kitts and Nevis Patriots,TA Griffith,GD Phillips,S Badree,2,0,,,,,,,,,
1094691,2017,2017-08-21,"Warner Park, Basseterre",2,2.1,Jamaica Tallawahs,St Kitts and Nevis Patriots,GD Phillips,TA Griffith,CR Brathwaite,1,0,,,,,,,,,
1094691,2017,2017-08-21,"Warner Park, Basseterre",2,2.2,Jamaica Tallawahs,St Kitts and Nevis Patriots,TA Griffith,GD Phillips,CR Brathwaite,0,0,,,,,,,,,
1094691,2017,2017-08-21,"Warner Park, Basseterre",2,2.3,Jamaica Tallawahs,St Kitts and Nevis Patriots,TA Griffith,GD Phillips,CR Brathwaite,1,0,,,,,,,,,
1094691,2017,2017-08-21,"Warner Park, Basseterre",2,2.4,Jamaica Tallawahs,St Kitts and Nevis Patriots,GD Phillips,TA Griffith,CR Brathwaite,0,0,,,,,,,,,
1094691,2017,2017-08-21,"Warner Park, Basseterre",2,2.5,Jamaica Tallawahs,St Kitts and Nevis Patriots,GD Phillips,TA Griffith,CR Brathwaite,2,0,,,,,,,,,
1094691,2017,2017-08-21,"Warner Park, Basseterre",2,2.6,Jamaica Tallawahs,St Kitts and Nevis Patriots,GD Phillips,TA Griffith,CR Brathwaite,4,0,,,,,,,,,
1094691,2017,2017-08-21,"Warner Park, Basseterre",2,3.1,Jamaica Tallawahs,St Kitts and Nevis Patriots,TA Griffith,GD Phillips,S Badree,2,0,,,,,,,,,
1094691,2017,2017-08-21,"Warner Park, Basseterre",2,3.2,Jamaica Tallawahs,St Kitts and Nevis Patriots,TA Griffith,GD Phillips,S Badree,4,0,,,,,,,,,
1094691,2017,2017-08-21,"Warner Park, Basseterre",2,3.3,Jamaica Tallawahs,St Kitts and Nevis Patriots,TA Griffith,GD Phillips,S Badree,0,0,,,,,,,,,
1094691,2017,2017-08-21,"Warner Park, Basseterre",2,3.4,Jamaica Tallawahs,St Kitts and Nevis Patriots,TA Griffith,GD Phillips,S Badree,6,0,,,,,,,,,
1094691,2017,2017-08-21,"Warner Park, Basseterre",2,3.5,Jamaica Tallawahs,St Kitts and Nevis Patriots,TA Griffith,GD Phillips,S Badree,0,0,,,,,,,,,
1094691,2017,2017-08-21,"Warner Park, Basseterre",2,3.6,Jamaica Tallawahs,St Kitts and Nevis Patriots,TA Griffith,GD Phillips,S Badree,0,0,,,,,,,,,
1094691,2017,2017-08-21,"Warner Park, Basseterre",2,4.1,Jamaica Tallawahs,St Kitts and Nevis Patriots,GD Phillips,TA Griffith,CR Brathwaite,0,0,,,,,,,,,
1094691,2017,2017-08-21,"Warner Park, Basseterre",2,4.2,Jamaica Tallawahs,St Kitts and Nevis Patriots,GD Phillips,TA Griffith,CR Brathwaite,1,0,,,,,,,,,
1094691,2017,2017-08-21,"Warner Park, Basseterre",2,4.3,Jamaica Tallawahs,St Kitts and Nevis Patriots,TA Griffith,GD Phillips,CR Brathwaite,0,0,,,,,,,,,
1094691,2017,2017-08-21,"Warner Park, Basseterre",2,4.4,Jamaica Tallawahs,St Kitts and Nevis Patriots,TA Griffith,GD Phillips,CR Brathwaite,1,0,,,,,,,,,
1094691,2017,2017-08-21,"Warner Park, Basseterre",2,4.5,Jamaica Tallawahs,St Kitts and Nevis Patriots,GD Phillips,TA Griffith,CR Brathwaite,1,0,,,,,,,,,
1094691,2017,2017-08-21,"Warner Park, Basseterre",2,4.6,Jamaica Tallawahs,St Kitts and Nevis Patriots,TA Griffith,GD Phillips,CR Brathwaite,6,0,,,,,,,,,
1094691,2017,2017-08-21,"Warner Park, Basseterre",2,5.1,Jamaica Tallawahs,St Kitts and Nevis Patriots,GD Phillips,TA Griffith,T Shamsi,2,0,,,,,,,,,
1094691,2017,2017-08-21,"Warner Park, Basseterre",2,5.2,Jamaica Tallawahs,St Kitts and Nevis Patriots,GD Phillips,TA Griffith,T Shamsi,0,0,,,,,,,,,
1094691,2017,2017-08-21,"Warner Park, Basseterre",2,5.3,Jamaica Tallawahs,St Kitts and Nevis Patriots,GD Phillips,TA Griffith,T Shamsi,0,0,,,,,,,,,
1094691,2017,2017-08-21,"Warner Park, Basseterre",2,5.4,Jamaica Tallawahs,St Kitts and Nevis Patriots,GD Phillips,TA Griffith,T Shamsi,0,0,,,,,,,,,
1094691,2017,2017-08-21,"Warner Park, Basseterre",2,5.5,Jamaica Tallawahs,St Kitts and Nevis Patriots,GD Phillips,TA Griffith,T Shamsi,0,1,1,,,,,,,,
1094691,2017,2017-08-21,"Warner Park, Basseterre",2,5.6,Jamaica Tallawahs,St Kitts and Nevis Patriots,GD Phillips,TA Griffith,T Shamsi,1,0,,,,,,,,,
1094691,2017,2017-08-21,"Warner Park, Basseterre",2,5.7,Jamaica Tallawahs,St Kitts and Nevis Patriots,TA Griffith,GD Phillips,T Shamsi,1,0,,,,,,,,,
1094691,2017,2017-08-21,"Warner Park, Basseterre",2,6.1,Jamaica Tallawahs,St Kitts and Nevis Patriots,TA Griffith,GD Phillips,BW Hilfenhaus,0,0,,,,,,,,,
1094691,2017,2017-08-21,"Warner Park, Basseterre",2,6.2,Jamaica Tallawahs,St Kitts and Nevis Patriots,TA Griffith,GD Phillips,BW Hilfenhaus,4,0,,,,,,,,,
1094691,2017,2017-08-21,"Warner Park, Basseterre",2,6.3,Jamaica Tallawahs,St Kitts and Nevis Patriots,TA Griffith,GD Phillips,BW Hilfenhaus,1,0,,,,,,,,,
1094691,2017,2017-08-21,"Warner Park, Basseterre",2,6.4,Jamaica Tallawahs,St Kitts and Nevis Patriots,GD Phillips,TA Griffith,BW Hilfenhaus,1,0,,,,,,,,,
1094691,2017,2017-08-21,"Warner Park, Basseterre",2,6.5,Jamaica Tallawahs,St Kitts and Nevis Patriots,TA Griffith,GD Phillips,BW Hilfenhaus,0,0,,,,,,,,,
1094691,2017,2017-08-21,"Warner Park, Basseterre",2,6.6,Jamaica Tallawahs,St Kitts and Nevis Patriots,TA Griffith,GD Phillips,BW Hilfenhaus,1,0,,,,,,,,,
1094691,2017,2017-08-21,"Warner Park, Basseterre",2,7.1,Jamaica Tallawahs,St Kitts and Nevis Patriots,TA Griffith,GD Phillips,S Badree,1,0,,,,,,,,,
1094691,2017,2017-08-21,"Warner Park, Basseterre",2,7.2,Jamaica Tallawahs,St Kitts and Nevis Patriots,GD Phillips,TA Griffith,S Badree,1,0,,,,,,,,,
1094691,2017,2017-08-21,"Warner Park, Basseterre",2,7.3,Jamaica Tallawahs,St Kitts and Nevis Patriots,TA Griffith,GD Phillips,S Badree,0,0,,,,,,,,,
1094691,2017,2017-08-21,"Warner Park, Basseterre",2,7.4,Jamaica Tallawahs,St Kitts and Nevis Patriots,TA Griffith,GD Phillips,S Badree,2,0,,,,,,,,,
1094691,2017,2017-08-21,"Warner Park, Basseterre",2,7.5,Jamaica Tallawahs,St Kitts and Nevis Patriots,TA Griffith,GD Phillips,S Badree,0,0,,,,,,,,,
1094691,2017,2017-08-21,"Warner Park, Basseterre",2,7.6,Jamaica Tallawahs,St Kitts and Nevis Patriots,TA Griffith,GD Phillips,S Badree,0,0,,,,,,,,,
1094691,2017,2017-08-21,"Warner Park, Basseterre",2,8.1,Jamaica Tallawahs,St Kitts and Nevis Patriots,GD Phillips,TA Griffith,JL Carter,0,0,,,,,,,,,
1094691,2017,2017-08-21,"Warner Park, Basseterre",2,8.2,Jamaica Tallawahs,St Kitts and Nevis Patriots,GD Phillips,TA Griffith,JL Carter,0,0,,,,,,,,,
1094691,2017,2017-08-21,"Warner Park, Basseterre",2,8.3,Jamaica Tallawahs,St Kitts and Nevis Patriots,GD Phillips,TA Griffith,JL Carter,4,0,,,,,,,,,
1094691,2017,2017-08-21,"Warner Park, Basseterre",2,8.4,Jamaica Tallawahs,St Kitts and Nevis Patriots,GD Phillips,TA Griffith,JL Carter,1,0,,,,,,,,,
1094691,2017,2017-08-21,"Warner Park, Basseterre",2,8.5,Jamaica Tallawahs,St Kitts and Nevis Patriots,TA Griffith,GD Phillips,JL Carter,0,0,,,,,,caught,TA Griffith,,
1094691,2017,2017-08-21,"Warner Park, Basseterre",2,8.6,Jamaica Tallawahs,St Kitts and Nevis Patriots,GD Phillips,KC Sangakkara,JL Carter,0,0,,,,,,,,,
1094691,2017,2017-08-21,"Warner Park, Basseterre",2,9.1,Jamaica Tallawahs,St Kitts and Nevis Patriots,KC Sangakkara,GD Phillips,Mohammad Nabi,1,0,,,,,,,,,
1094691,2017,2017-08-21,"Warner Park, Basseterre",2,9.2,Jamaica Tallawahs,St Kitts and Nevis Patriots,GD Phillips,KC Sangakkara,Mohammad Nabi,1,0,,,,,,,,,
1094691,2017,2017-08-21,"Warner Park, Basseterre",2,9.3,Jamaica Tallawahs,St Kitts and Nevis Patriots,KC Sangakkara,GD Phillips,Mohammad Nabi,6,0,,,,,,,,,
1094691,2017,2017-08-21,"Warner Park, Basseterre",2,9.4,Jamaica Tallawahs,St Kitts and Nevis Patriots,KC Sangakkara,GD Phillips,Mohammad Nabi,1,0,,,,,,,,,
1094691,2017,2017-08-21,"Warner Park, Basseterre",2,9.5,Jamaica Tallawahs,St Kitts and Nevis Patriots,GD Phillips,KC Sangakkara,Mohammad Nabi,1,0,,,,,,,,,
1094691,2017,2017-08-21,"Warner Park, Basseterre",2,9.6,Jamaica Tallawahs,St Kitts and Nevis Patriots,KC Sangakkara,GD Phillips,Mohammad Nabi,2,0,,,,,,,,,
1094691,2017,2017-08-21,"Warner Park, Basseterre",2,10.1,Jamaica Tallawahs,St Kitts and Nevis Patriots,GD Phillips,KC Sangakkara,T Shamsi,2,0,,,,,,,,,
1094691,2017,2017-08-21,"Warner Park, Basseterre",2,10.2,Jamaica Tallawahs,St Kitts and Nevis Patriots,GD Phillips,KC Sangakkara,T Shamsi,6,0,,,,,,,,,
1094691,2017,2017-08-21,"Warner Park, Basseterre",2,10.3,Jamaica Tallawahs,St Kitts and Nevis Patriots,GD Phillips,KC Sangakkara,T Shamsi,0,0,,,,,,caught,GD Phillips,,
1094691,2017,2017-08-21,"Warner Park, Basseterre",2,10.4,Jamaica Tallawahs,St Kitts and Nevis Patriots,KC Sangakkara,LMP Simmons,T Shamsi,1,0,,,,,,,,,
1094691,2017,2017-08-21,"Warner Park, Basseterre",2,10.5,Jamaica Tallawahs,St Kitts and Nevis Patriots,LMP Simmons,KC Sangakkara,T Shamsi,0,0,,,,,,,,,
1094691,2017,2017-08-21,"Warner Park, Basseterre",2,10.6,Jamaica Tallawahs,St Kitts and Nevis Patriots,LMP Simmons,KC Sangakkara,T Shamsi,1,0,,,,,,,,,
1094691,2017,2017-08-21,"Warner Park, Basseterre",2,11.1,Jamaica Tallawahs,St Kitts and Nevis Patriots,LMP Simmons,KC Sangakkara,Mohammad Nabi,0,0,,,,,,,,,
1094691,2017,2017-08-21,"Warner Park, Basseterre",2,11.2,Jamaica Tallawahs,St Kitts and Nevis Patriots,LMP Simmons,KC Sangakkara,Mohammad Nabi,1,0,,,,,,,,,
1094691,2017,2017-08-21,"Warner Park, Basseterre",2,11.3,Jamaica Tallawahs,St Kitts and Nevis Patriots,KC Sangakkara,LMP Simmons,Mohammad Nabi,0,0,,,,,,caught,KC Sangakkara,,
1094691,2017,2017-08-21,"Warner Park, Basseterre",2,11.4,Jamaica Tallawahs,St Kitts and Nevis Patriots,JA Foo,LMP Simmons,Mohammad Nabi,1,0,,,,,,,,,
1094691,2017,2017-08-21,"Warner Park, Basseterre",2,11.5,Jamaica Tallawahs,St Kitts and Nevis Patriots,LMP Simmons,JA Foo,Mohammad Nabi,0,0,,,,,,,,,
1094691,2017,2017-08-21,"Warner Park, Basseterre",2,11.6,Jamaica Tallawahs,St Kitts and Nevis Patriots,LMP Simmons,JA Foo,Mohammad Nabi,0,0,,,,,,,,,
1094691,2017,2017-08-21,"Warner Park, Basseterre",2,12.1,Jamaica Tallawahs,St Kitts and Nevis Patriots,JA Foo,LMP Simmons,T Shamsi,6,0,,,,,,,,,
1094691,2017,2017-08-21,"Warner Park, Basseterre",2,12.2,Jamaica Tallawahs,St Kitts and Nevis Patriots,JA Foo,LMP Simmons,T Shamsi,0,0,,,,,,,,,
1094691,2017,2017-08-21,"Warner Park, Basseterre",2,12.3,Jamaica Tallawahs,St Kitts and Nevis Patriots,JA Foo,LMP Simmons,T Shamsi,1,0,,,,,,,,,
1094691,2017,2017-08-21,"Warner Park, Basseterre",2,12.4,Jamaica Tallawahs,St Kitts and Nevis Patriots,LMP Simmons,JA Foo,T Shamsi,4,0,,,,,,,,,
1094691,2017,2017-08-21,"Warner Park, Basseterre",2,12.5,Jamaica Tallawahs,St Kitts and Nevis Patriots,LMP Simmons,JA Foo,T Shamsi,0,0,,,,,,caught,LMP Simmons,,
1094691,2017,2017-08-21,"Warner Park, Basseterre",2,12.6,Jamaica Tallawahs,St Kitts and Nevis Patriots,JA Foo,R Powell,T Shamsi,0,0,,,,,,,,,
1094691,2017,2017-08-21,"Warner Park, Basseterre",2,13.1,Jamaica Tallawahs,St Kitts and Nevis Patriots,R Powell,JA Foo,Mohammad Nabi,0,0,,,,,,,,,
1094691,2017,2017-08-21,"Warner Park, Basseterre",2,13.2,Jamaica Tallawahs,St Kitts and Nevis Patriots,R Powell,JA Foo,Mohammad Nabi,1,0,,,,,,,,,
1094691,2017,2017-08-21,"Warner Park, Basseterre",2,13.3,Jamaica Tallawahs,St Kitts and Nevis Patriots,JA Foo,R Powell,Mohammad Nabi,0,1,1,,,,,,,,
1094691,2017,2017-08-21,"Warner Park, Basseterre",2,13.4,Jamaica Tallawahs,St Kitts and Nevis Patriots,JA Foo,R Powell,Mohammad Nabi,2,0,,,,,,,,,
1094691,2017,2017-08-21,"Warner Park, Basseterre",2,13.5,Jamaica Tallawahs,St Kitts and Nevis Patriots,JA Foo,R Powell,Mohammad Nabi,0,0,,,,,,,,,
1094691,2017,2017-08-21,"Warner Park, Basseterre",2,13.6,Jamaica Tallawahs,St Kitts and Nevis Patriots,JA Foo,R Powell,Mohammad Nabi,1,0,,,,,,,,,
1094691,2017,2017-08-21,"Warner Park, Basseterre",2,13.7,Jamaica Tallawahs,St Kitts and Nevis Patriots,R Powell,JA Foo,Mohammad Nabi,0,0,,,,,,,,,
1094691,2017,2017-08-21,"Warner Park, Basseterre",2,14.1,Jamaica Tallawahs,St Kitts and Nevis Patriots,JA Foo,R Powell,T Shamsi,6,0,,,,,,,,,
1094691,2017,2017-08-21,"Warner Park, Basseterre",2,14.2,Jamaica Tallawahs,St Kitts and Nevis Patriots,JA Foo,R Powell,T Shamsi,0,0,,,,,,bowled,JA Foo,,
1094691,2017,2017-08-21,"Warner Park, Basseterre",2,14.3,Jamaica Tallawahs,St Kitts and Nevis Patriots,AM McCarthy,R Powell,T Shamsi,0,0,,,,,,,,,
1094691,2017,2017-08-21,"Warner Park, Basseterre",2,14.4,Jamaica Tallawahs,St Kitts and Nevis Patriots,AM McCarthy,R Powell,T Shamsi,2,0,,,,,,,,,
1094691,2017,2017-08-21,"Warner Park, Basseterre",2,14.5,Jamaica Tallawahs,St Kitts and Nevis Patriots,AM McCarthy,R Powell,T Shamsi,1,0,,,,,,,,,
1094691,2017,2017-08-21,"Warner Park, Basseterre",2,14.6,Jamaica Tallawahs,St Kitts and Nevis Patriots,R Powell,AM McCarthy,T Shamsi,0,0,,,,,,,,,
1094691,2017,2017-08-21,"Warner Park, Basseterre",2,15.1,Jamaica Tallawahs,St Kitts and Nevis Patriots,AM McCarthy,R Powell,Mohammad Nabi,6,0,,,,,,,,,
1094691,2017,2017-08-21,"Warner Park, Basseterre",2,15.2,Jamaica Tallawahs,St Kitts and Nevis Patriots,AM McCarthy,R Powell,Mohammad Nabi,1,0,,,,,,,,,
1094691,2017,2017-08-21,"Warner Park, Basseterre",2,15.3,Jamaica Tallawahs,St Kitts and Nevis Patriots,R Powell,AM McCarthy,Mohammad Nabi,0,0,,,,,,,,,
1094691,2017,2017-08-21,"Warner Park, Basseterre",2,15.4,Jamaica Tallawahs,St Kitts and Nevis Patriots,R Powell,AM McCarthy,Mohammad Nabi,4,0,,,,,,,,,
1094691,2017,2017-08-21,"Warner Park, Basseterre",2,15.5,Jamaica Tallawahs,St Kitts and Nevis Patriots,R Powell,AM McCarthy,Mohammad Nabi,0,0,,,,,,,,,
1094691,2017,2017-08-21,"Warner Park, Basseterre",2,15.6,Jamaica Tallawahs,St Kitts and Nevis Patriots,R Powell,AM McCarthy,Mohammad Nabi,1,0,,,,,,,,,
1094691,2017,2017-08-21,"Warner Park, Basseterre",2,16.1,Jamaica Tallawahs,St Kitts and Nevis Patriots,R Powell,AM McCarthy,BW Hilfenhaus,0,0,,,,,,,,,
1094691,2017,2017-08-21,"Warner Park, Basseterre",2,16.2,Jamaica Tallawahs,St Kitts and Nevis Patriots,R Powell,AM McCarthy,BW Hilfenhaus,4,0,,,,,,,,,
1094691,2017,2017-08-21,"Warner Park, Basseterre",2,16.3,Jamaica Tallawahs,St Kitts and Nevis Patriots,R Powell,AM McCarthy,BW Hilfenhaus,1,0,,,,,,,,,
1094691,2017,2017-08-21,"Warner Park, Basseterre",2,16.4,Jamaica Tallawahs,St Kitts and Nevis Patriots,AM McCarthy,R Powell,BW Hilfenhaus,6,0,,,,,,,,,
1094691,2017,2017-08-21,"Warner Park, Basseterre",2,16.5,Jamaica Tallawahs,St Kitts and Nevis Patriots,AM McCarthy,R Powell,BW Hilfenhaus,1,0,,,,,,,,,
1094691,2017,2017-08-21,"Warner Park, Basseterre",2,16.6,Jamaica Tallawahs,St Kitts and Nevis Patriots,R Powell,AM McCarthy,BW Hilfenhaus,1,0,,,,,,,,,
1094691,2017,2017-08-21,"Warner Park, Basseterre",2,17.1,Jamaica Tallawahs,St Kitts and Nevis Patriots,R Powell,AM McCarthy,S Badree,6,0,,,,,,,,,
1094691,2017,2017-08-21,"Warner Park, Basseterre",2,17.2,Jamaica Tallawahs,St Kitts and Nevis Patriots,R Powell,AM McCarthy,S Badree,1,0,,,,,,,,,
1094691,2017,2017-08-21,"Warner Park, Basseterre",2,17.3,Jamaica Tallawahs,St Kitts and Nevis Patriots,AM McCarthy,R Powell,S Badree,4,0,,,,,,,,,
1094691,2017,2017-08-21,"Warner Park, Basseterre",2,17.4,Jamaica Tallawahs,St Kitts and Nevis Patriots,AM McCarthy,R Powell,S Badree,0,0,,,,,,,,,
1094691,2017,2017-08-21,"Warner Park, Basseterre",2,17.5,Jamaica Tallawahs,St Kitts and Nevis Patriots,AM McCarthy,R Powell,S Badree,0,0,,,,,,lbw,AM McCarthy,,
1094691,2017,2017-08-21,"Warner Park, Basseterre",2,17.6,Jamaica Tallawahs,St Kitts and Nevis Patriots,OF Smith,R Powell,S Badree,1,0,,,,,,,,,
1094691,2017,2017-08-21,"Warner Park, Basseterre",2,18.1,Jamaica Tallawahs,St Kitts and Nevis Patriots,OF Smith,R Powell,BW Hilfenhaus,1,0,,,,,,,,,
1094691,2017,2017-08-21,"Warner Park, Basseterre",2,18.2,Jamaica Tallawahs,St Kitts and Nevis Patriots,R Powell,OF Smith,BW Hilfenhaus,1,0,,,,,,,,,
1094691,2017,2017-08-21,"Warner Park, Basseterre",2,18.3,Jamaica Tallawahs,St Kitts and Nevis Patriots,OF Smith,R Powell,BW Hilfenhaus,0,0,,,,,,,,,
1094691,2017,2017-08-21,"Warner Park, Basseterre",2,18.4,Jamaica Tallawahs,St Kitts and Nevis Patriots,OF Smith,R Powell,BW Hilfenhaus,1,0,,,,,,,,,
1094691,2017,2017-08-21,"Warner Park, Basseterre",2,18.5,Jamaica Tallawahs,St Kitts and Nevis Patriots,R Powell,OF Smith,BW Hilfenhaus,6,0,,,,,,,,,
1094691,2017,2017-08-21,"Warner Park, Basseterre",2,18.6,Jamaica Tallawahs,St Kitts and Nevis Patriots,R Powell,OF Smith,BW Hilfenhaus,1,0,,,,,,,,,
1094691,2017,2017-08-21,"Warner Park, Basseterre",2,19.1,Jamaica Tallawahs,St Kitts and Nevis Patriots,R Powell,OF Smith,CR Brathwaite,4,0,,,,,,,,,
1094691,2017,2017-08-21,"Warner Park, Basseterre",2,19.2,Jamaica Tallawahs,St Kitts and Nevis Patriots,R Powell,OF Smith,CR Brathwaite,0,0,,,,,,caught,R Powell,,
1094691,2017,2017-08-21,"Warner Park, Basseterre",2,19.3,Jamaica Tallawahs,St Kitts and Nevis Patriots,OF Smith,K Santokie,CR Brathwaite,0,0,,,,,,,,,
1094691,2017,2017-08-21,"Warner Park, Basseterre",2,19.4,Jamaica Tallawahs,St Kitts and Nevis Patriots,OF Smith,K Santokie,CR Brathwaite,6,0,,,,,,,,,
1094691,2017,2017-08-21,"Warner Park, Basseterre",2,19.5,Jamaica Tallawahs,St Kitts and Nevis Patriots,OF Smith,K Santokie,CR Brathwaite,0,0,,,,,,,,,
1094691,2017,2017-08-21,"Warner Park, Basseterre",2,19.6,Jamaica Tallawahs,St Kitts and Nevis Patriots,OF Smith,K Santokie,CR Brathwaite,1,0,,,,,,,,,
