match_id,season,start_date,venue,innings,ball,batting_team,bowling_team,striker,non_striker,bowler,runs_off_bat,extras,wides,noballs,byes,legbyes,penalty,wicket_type,player_dismissed,other_wicket_type,other_player_dismissed
1094676,2017,2017-08-06,Central Broward Regional Park Stadium Turf Ground,1,0.1,Jamaica Tallawahs,Barbados Tridents,LMP Simmons,KC Sangakkara,WD Parnell,0,0,,,,,,,,,
1094676,2017,2017-08-06,Central Broward Regional Park Stadium Turf Ground,1,0.2,Jamaica Tallawahs,Barbados Tridents,LMP Simmons,KC Sangakkara,WD Parnell,1,0,,,,,,,,,
1094676,2017,2017-08-06,Central Broward Regional Park Stadium Turf Ground,1,0.3,Jamaica Tallawahs,Barbados Tridents,KC Sangakkara,LMP Simmons,WD Parnell,4,0,,,,,,,,,
1094676,2017,2017-08-06,Central Broward Regional Park Stadium Turf Ground,1,0.4,Jamaica Tallawahs,Barbados Tridents,KC Sangakkara,LMP Simmons,WD Parnell,0,0,,,,,,,,,
1094676,2017,2017-08-06,Central Broward Regional Park Stadium Turf Ground,1,0.5,Jamaica Tallawahs,Barbados Tridents,KC Sangakkara,LMP Simmons,WD Parnell,4,0,,,,,,,,,
1094676,2017,2017-08-06,Central Broward Regional Park Stadium Turf Ground,1,0.6,Jamaica Tallawahs,Barbados Tridents,KC Sangakkara,LMP Simmons,WD Parnell,0,0,,,,,,,,,
1094676,2017,2017-08-06,Central Broward Regional Park Stadium Turf Ground,1,1.1,Jamaica Tallawahs,Barbados Tridents,LMP Simmons,KC Sangakkara,R Rampaul,1,0,,,,,,,,,
1094676,2017,2017-08-06,Central Broward Regional Park Stadium Turf Ground,1,1.2,Jamaica Tallawahs,Barbados Tridents,KC Sangakkara,LMP Simmons,R Rampaul,4,0,,,,,,,,,
1094676,2017,2017-08-06,Central Broward Regional Park Stadium Turf Ground,1,1.3,Jamaica Tallawahs,Barbados Tridents,KC Sangakkara,LMP Simmons,R Rampaul,0,0,,,,,,,,,
1094676,2017,2017-08-06,Central Broward Regional Park Stadium Turf Ground,1,1.4,Jamaica Tallawahs,Barbados Tridents,KC Sangakkara,LMP Simmons,R Rampaul,0,0,,,,,,,,,
1094676,2017,2017-08-06,Central Broward Regional Park Stadium Turf Ground,1,1.5,Jamaica Tallawahs,Barbados Tridents,KC Sangakkara,LMP Simmons,R Rampaul,0,0,,,,,,,,,
1094676,2017,2017-08-06,Central Broward Regional Park Stadium Turf Ground,1,1.6,Jamaica Tallawahs,Barbados Tridents,KC Sangakkara,LMP Simmons,R Rampaul,0,0,,,,,,caught,KC Sangakkara,,
1094676,2017,2017-08-06,Central Broward Regional Park Stadium Turf Ground,1,2.1,Jamaica Tallawahs,Barbados Tridents,LMP Simmons,AM McCarthy,WD Parnell,0,0,,,,,,,,,
1094676,2017,2017-08-06,Central Broward Regional Park Stadium Turf Ground,1,2.2,Jamaica Tallawahs,Barbados Tridents,LMP Simmons,AM McCarthy,WD Parnell,2,0,,,,,,,,,
1094676,2017,2017-08-06,Central Broward Regional Park Stadium Turf Ground,1,2.3,Jamaica Tallawahs,Barbados Tridents,LMP Simmons,AM McCarthy,WD Parnell,0,0,,,,,,,,,
1094676,2017,2017-08-06,Central Broward Regional Park Stadium Turf Ground,1,2.4,Jamaica Tallawahs,Barbados Tridents,LMP Simmons,AM McCarthy,WD Parnell,0,0,,,,,,,,,
1094676,2017,2017-08-06,Central Broward Regional Park Stadium Turf Ground,1,2.5,Jamaica Tallawahs,Barbados Tridents,LMP Simmons,AM McCarthy,WD Parnell,0,0,,,,,,,,,
1094676,2017,2017-08-06,Central Broward Regional Park Stadium Turf Ground,1,2.6,Jamaica Tallawahs,Barbados Tridents,LMP Simmons,AM McCarthy,WD Parnell,1,0,,,,,,,,,
1094676,2017,2017-08-06,Central Broward Regional Park Stadium Turf Ground,1,3.1,Jamaica Tallawahs,Barbados Tridents,LMP Simmons,AM McCarthy,R Rampaul,0,0,,,,,,,,,
1094676,2017,2017-08-06,Central Broward Regional Park Stadium Turf Ground,1,3.2,Jamaica Tallawahs,Barbados Tridents,LMP Simmons,AM McCarthy,R Rampaul,4,0,,,,,,,,,
1094676,2017,2017-08-06,Central Broward Regional Park Stadium Turf Ground,1,3.3,Jamaica Tallawahs,Barbados Tridents,LMP Simmons,AM McCarthy,R Rampaul,1,0,,,,,,,,,
1094676,2017,2017-08-06,Central Broward Regional Park Stadium Turf Ground,1,3.4,Jamaica Tallawahs,Barbados Tridents,AM McCarthy,LMP Simmons,R Rampaul,2,0,,,,,,,,,
1094676,2017,2017-08-06,Central Broward Regional Park Stadium Turf Ground,1,3.5,Jamaica Tallawahs,Barbados Tridents,AM McCarthy,LMP Simmons,R Rampaul,1,0,,,,,,,,,
1094676,2017,2017-08-06,Central Broward Regional Park Stadium Turf Ground,1,3.6,Jamaica Tallawahs,Barbados Tridents,LMP Simmons,AM McCarthy,R Rampaul,1,0,,,,,,,,,
1094676,2017,2017-08-06,Central Broward Regional Park Stadium Turf Ground,1,4.1,Jamaica Tallawahs,Barbados Tridents,LMP Simmons,AM McCarthy,Wahab Riaz,1,0,,,,,,,,,
1094676,2017,2017-08-06,Central Broward Regional Park Stadium Turf Ground,1,4.2,Jamaica Tallawahs,Barbados Tridents,AM McCarthy,LMP Simmons,Wahab Riaz,0,0,,,,,,,,,
1094676,2017,2017-08-06,Central Broward Regional Park Stadium Turf Ground,1,4.3,Jamaica Tallawahs,Barbados Tridents,AM McCarthy,LMP Simmons,Wahab Riaz,1,0,,,,,,,,,
1094676,2017,2017-08-06,Central Broward Regional Park Stadium Turf Ground,1,4.4,Jamaica Tallawahs,Barbados Tridents,LMP Simmons,AM McCarthy,Wahab Riaz,0,0,,,,,,,,,
1094676,2017,2017-08-06,Central Broward Regional Park Stadium Turf Ground,1,4.5,Jamaica Tallawahs,Barbados Tridents,LMP Simmons,AM McCarthy,Wahab Riaz,4,0,,,,,,,,,
1094676,2017,2017-08-06,Central Broward Regional Park Stadium Turf Ground,1,4.6,Jamaica Tallawahs,Barbados Tridents,LMP Simmons,AM McCarthy,Wahab Riaz,1,0,,,,,,,,,
1094676,2017,2017-08-06,Central Broward Regional Park Stadium Turf Ground,1,5.1,Jamaica Tallawahs,Barbados Tridents,LMP Simmons,AM McCarthy,R Rampaul,4,0,,,,,,,,,
1094676,2017,2017-08-06,Central Broward Regional Park Stadium Turf Ground,1,5.2,Jamaica Tallawahs,Barbados Tridents,LMP Simmons,AM McCarthy,R Rampaul,2,0,,,,,,,,,
1094676,2017,2017-08-06,Central Broward Regional Park Stadium Turf Ground,1,5.3,Jamaica Tallawahs,Barbados Tridents,LMP Simmons,AM McCarthy,R Rampaul,1,0,,,,,,,,,
1094676,2017,2017-08-06,Central Broward Regional Park Stadium Turf Ground,1,5.4,Jamaica Tallawahs,Barbados Tridents,AM McCarthy,LMP Simmons,R Rampaul,4,0,,,,,,,,,
1094676,2017,2017-08-06,Central Broward Regional Park Stadium Turf Ground,1,5.5,Jamaica Tallawahs,Barbados Tridents,AM McCarthy,LMP Simmons,R Rampaul,1,0,,,,,,,,,
1094676,2017,2017-08-06,Central Broward Regional Park Stadium Turf Ground,1,5.6,Jamaica Tallawahs,Barbados Tridents,LMP Simmons,AM McCarthy,R Rampaul,0,0,,,,,,,,,
1094676,2017,2017-08-06,Central Broward Regional Park Stadium Turf Ground,1,6.1,Jamaica Tallawahs,Barbados Tridents,AM McCarthy,LMP Simmons,AJ Hosein,1,0,,,,,,,,,
1094676,2017,2017-08-06,Central Broward Regional Park Stadium Turf Ground,1,6.2,Jamaica Tallawahs,Barbados Tridents,LMP Simmons,AM McCarthy,AJ Hosein,1,0,,,,,,,,,
1094676,2017,2017-08-06,Central Broward Regional Park Stadium Turf Ground,1,6.3,Jamaica Tallawahs,Barbados Tridents,AM McCarthy,LMP Simmons,AJ Hosein,0,0,,,,,,,,,
1094676,2017,2017-08-06,Central Broward Regional Park Stadium Turf Ground,1,6.4,Jamaica Tallawahs,Barbados Tridents,AM McCarthy,LMP Simmons,AJ Hosein,0,0,,,,,,,,,
1094676,2017,2017-08-06,Central Broward Regional Park Stadium Turf Ground,1,6.5,Jamaica Tallawahs,Barbados Tridents,AM McCarthy,LMP Simmons,AJ Hosein,0,0,,,,,,,,,
1094676,2017,2017-08-06,Central Broward Regional Park Stadium Turf Ground,1,6.6,Jamaica Tallawahs,Barbados Tridents,AM McCarthy,LMP Simmons,AJ Hosein,1,0,,,,,,,,,
1094676,2017,2017-08-06,Central Broward Regional Park Stadium Turf Ground,1,7.1,Jamaica Tallawahs,Barbados Tridents,AM McCarthy,LMP Simmons,Shoaib Malik,0,0,,,,,,,,,
1094676,2017,2017-08-06,Central Broward Regional Park Stadium Turf Ground,1,7.2,Jamaica Tallawahs,Barbados Tridents,AM McCarthy,LMP Simmons,Shoaib Malik,1,0,,,,,,,,,
1094676,2017,2017-08-06,Central Broward Regional Park Stadium Turf Ground,1,7.3,Jamaica Tallawahs,Barbados Tridents,LMP Simmons,AM McCarthy,Shoaib Malik,1,0,,,,,,,,,
1094676,2017,2017-08-06,Central Broward Regional Park Stadium Turf Ground,1,7.4,Jamaica Tallawahs,Barbados Tridents,AM McCarthy,LMP Simmons,Shoaib Malik,2,0,,,,,,,,,
1094676,2017,2017-08-06,Central Broward Regional Park Stadium Turf Ground,1,7.5,Jamaica Tallawahs,Barbados Tridents,AM McCarthy,LMP Simmons,Shoaib Malik,1,0,,,,,,,,,
1094676,2017,2017-08-06,Central Broward Regional Park Stadium Turf Ground,1,7.6,Jamaica Tallawahs,Barbados Tridents,LMP Simmons,AM McCarthy,Shoaib Malik,1,0,,,,,,,,,
1094676,2017,2017-08-06,Central Broward Regional Park Stadium Turf Ground,1,8.1,Jamaica Tallawahs,Barbados Tridents,LMP Simmons,AM McCarthy,AJ Hosein,0,1,1,,,,,,,,
1094676,2017,2017-08-06,Central Broward Regional Park Stadium Turf Ground,1,8.2,Jamaica Tallawahs,Barbados Tridents,LMP Simmons,AM McCarthy,AJ Hosein,0,0,,,,,,,,,
1094676,2017,2017-08-06,Central Broward Regional Park Stadium Turf Ground,1,8.3,Jamaica Tallawahs,Barbados Tridents,LMP Simmons,AM McCarthy,AJ Hosein,0,0,,,,,,,,,
1094676,2017,2017-08-06,Central Broward Regional Park Stadium Turf Ground,1,8.4,Jamaica Tallawahs,Barbados Tridents,LMP Simmons,AM McCarthy,AJ Hosein,0,1,1,,,,,,,,
1094676,2017,2017-08-06,Central Broward Regional Park Stadium Turf Ground,1,8.5,Jamaica Tallawahs,Barbados Tridents,LMP Simmons,AM McCarthy,AJ Hosein,0,1,1,,,,,,,,
1094676,2017,2017-08-06,Central Broward Regional Park Stadium Turf Ground,1,8.6,Jamaica Tallawahs,Barbados Tridents,LMP Simmons,AM McCarthy,AJ Hosein,1,0,,,,,,,,,
1094676,2017,2017-08-06,Central Broward Regional Park Stadium Turf Ground,1,8.7,Jamaica Tallawahs,Barbados Tridents,AM McCarthy,LMP Simmons,AJ Hosein,1,0,,,,,,,,,
1094676,2017,2017-08-06,Central Broward Regional Park Stadium Turf Ground,1,8.8,Jamaica Tallawahs,Barbados Tridents,LMP Simmons,AM McCarthy,AJ Hosein,1,0,,,,,,,,,
1094676,2017,2017-08-06,Central Broward Regional Park Stadium Turf Ground,1,8.9,Jamaica Tallawahs,Barbados Tridents,AM McCarthy,LMP Simmons,AJ Hosein,1,0,,,,,,,,,
1094676,2017,2017-08-06,Central Broward Regional Park Stadium Turf Ground,1,9.1,Jamaica Tallawahs,Barbados Tridents,AM McCarthy,LMP Simmons,I Khan (2),0,0,,,,,,,,,
1094676,2017,2017-08-06,Central Broward Regional Park Stadium Turf Ground,1,9.2,Jamaica Tallawahs,Barbados Tridents,AM McCarthy,LMP Simmons,I Khan (2),1,0,,,,,,,,,
1094676,2017,2017-08-06,Central Broward Regional Park Stadium Turf Ground,1,9.3,Jamaica Tallawahs,Barbados Tridents,LMP Simmons,AM McCarthy,I Khan (2),0,0,,,,,,,,,
1094676,2017,2017-08-06,Central Broward Regional Park Stadium Turf Ground,1,9.4,Jamaica Tallawahs,Barbados Tridents,LMP Simmons,AM McCarthy,I Khan (2),0,0,,,,,,,,,
1094676,2017,2017-08-06,Central Broward Regional Park Stadium Turf Ground,1,9.5,Jamaica Tallawahs,Barbados Tridents,LMP Simmons,AM McCarthy,I Khan (2),1,0,,,,,,,,,
1094676,2017,2017-08-06,Central Broward Regional Park Stadium Turf Ground,1,9.6,Jamaica Tallawahs,Barbados Tridents,AM McCarthy,LMP Simmons,I Khan (2),2,0,,,,,,,,,
1094676,2017,2017-08-06,Central Broward Regional Park Stadium Turf Ground,1,10.1,Jamaica Tallawahs,Barbados Tridents,LMP Simmons,AM McCarthy,Wahab Riaz,0,0,,,,,,caught,LMP Simmons,,
1094676,2017,2017-08-06,Central Broward Regional Park Stadium Turf Ground,1,10.2,Jamaica Tallawahs,Barbados Tridents,Imad Wasim,AM McCarthy,Wahab Riaz,0,0,,,,,,lbw,Imad Wasim,,
1094676,2017,2017-08-06,Central Broward Regional Park Stadium Turf Ground,1,10.3,Jamaica Tallawahs,Barbados Tridents,R Powell,AM McCarthy,Wahab Riaz,0,0,,,,,,,,,
1094676,2017,2017-08-06,Central Broward Regional Park Stadium Turf Ground,1,10.4,Jamaica Tallawahs,Barbados Tridents,R Powell,AM McCarthy,Wahab Riaz,0,0,,,,,,bowled,R Powell,,
1094676,2017,2017-08-06,Central Broward Regional Park Stadium Turf Ground,1,10.5,Jamaica Tallawahs,Barbados Tridents,Shakib Al Hasan,AM McCarthy,Wahab Riaz,0,0,,,,,,,,,
1094676,2017,2017-08-06,Central Broward Regional Park Stadium Turf Ground,1,10.6,Jamaica Tallawahs,Barbados Tridents,Shakib Al Hasan,AM McCarthy,Wahab Riaz,0,0,,,,,,,,,
1094676,2017,2017-08-06,Central Broward Regional Park Stadium Turf Ground,1,11.1,Jamaica Tallawahs,Barbados Tridents,AM McCarthy,Shakib Al Hasan,I Khan (2),2,0,,,,,,,,,
1094676,2017,2017-08-06,Central Broward Regional Park Stadium Turf Ground,1,11.2,Jamaica Tallawahs,Barbados Tridents,AM McCarthy,Shakib Al Hasan,I Khan (2),0,0,,,,,,,,,
1094676,2017,2017-08-06,Central Broward Regional Park Stadium Turf Ground,1,11.3,Jamaica Tallawahs,Barbados Tridents,AM McCarthy,Shakib Al Hasan,I Khan (2),0,0,,,,,,,,,
1094676,2017,2017-08-06,Central Broward Regional Park Stadium Turf Ground,1,11.4,Jamaica Tallawahs,Barbados Tridents,AM McCarthy,Shakib Al Hasan,I Khan (2),0,1,1,,,,,,,,
1094676,2017,2017-08-06,Central Broward Regional Park Stadium Turf Ground,1,11.5,Jamaica Tallawahs,Barbados Tridents,AM McCarthy,Shakib Al Hasan,I Khan (2),1,0,,,,,,,,,
1094676,2017,2017-08-06,Central Broward Regional Park Stadium Turf Ground,1,11.6,Jamaica Tallawahs,Barbados Tridents,Shakib Al Hasan,AM McCarthy,I Khan (2),1,0,,,,,,,,,
1094676,2017,2017-08-06,Central Broward Regional Park Stadium Turf Ground,1,11.7,Jamaica Tallawahs,Barbados Tridents,AM McCarthy,Shakib Al Hasan,I Khan (2),1,0,,,,,,,,,
1094676,2017,2017-08-06,Central Broward Regional Park Stadium Turf Ground,1,12.1,Jamaica Tallawahs,Barbados Tridents,AM McCarthy,Shakib Al Hasan,AJ Hosein,4,0,,,,,,,,,
1094676,2017,2017-08-06,Central Broward Regional Park Stadium Turf Ground,1,12.2,Jamaica Tallawahs,Barbados Tridents,AM McCarthy,Shakib Al Hasan,AJ Hosein,6,0,,,,,,,,,
1094676,2017,2017-08-06,Central Broward Regional Park Stadium Turf Ground,1,12.3,Jamaica Tallawahs,Barbados Tridents,AM McCarthy,Shakib Al Hasan,AJ Hosein,1,0,,,,,,,,,
1094676,2017,2017-08-06,Central Broward Regional Park Stadium Turf Ground,1,12.4,Jamaica Tallawahs,Barbados Tridents,Shakib Al Hasan,AM McCarthy,AJ Hosein,1,0,,,,,,,,,
1094676,2017,2017-08-06,Central Broward Regional Park Stadium Turf Ground,1,12.5,Jamaica Tallawahs,Barbados Tridents,AM McCarthy,Shakib Al Hasan,AJ Hosein,1,0,,,,,,,,,
1094676,2017,2017-08-06,Central Broward Regional Park Stadium Turf Ground,1,12.6,Jamaica Tallawahs,Barbados Tridents,Shakib Al Hasan,AM McCarthy,AJ Hosein,0,0,,,,,,,,,
1094676,2017,2017-08-06,Central Broward Regional Park Stadium Turf Ground,1,13.1,Jamaica Tallawahs,Barbados Tridents,AM McCarthy,Shakib Al Hasan,Shoaib Malik,1,0,,,,,,,,,
1094676,2017,2017-08-06,Central Broward Regional Park Stadium Turf Ground,1,13.2,Jamaica Tallawahs,Barbados Tridents,Shakib Al Hasan,AM McCarthy,Shoaib Malik,4,0,,,,,,,,,
1094676,2017,2017-08-06,Central Broward Regional Park Stadium Turf Ground,1,13.3,Jamaica Tallawahs,Barbados Tridents,Shakib Al Hasan,AM McCarthy,Shoaib Malik,0,0,,,,,,,,,
1094676,2017,2017-08-06,Central Broward Regional Park Stadium Turf Ground,1,13.4,Jamaica Tallawahs,Barbados Tridents,Shakib Al Hasan,AM McCarthy,Shoaib Malik,0,0,,,,,,,,,
1094676,2017,2017-08-06,Central Broward Regional Park Stadium Turf Ground,1,13.5,Jamaica Tallawahs,Barbados Tridents,Shakib Al Hasan,AM McCarthy,Shoaib Malik,2,0,,,,,,,,,
1094676,2017,2017-08-06,Central Broward Regional Park Stadium Turf Ground,1,13.6,Jamaica Tallawahs,Barbados Tridents,Shakib Al Hasan,AM McCarthy,Shoaib Malik,1,0,,,,,,,,,
1094676,2017,2017-08-06,Central Broward Regional Park Stadium Turf Ground,1,14.1,Jamaica Tallawahs,Barbados Tridents,Shakib Al Hasan,AM McCarthy,WD Parnell,1,0,,,,,,,,,
1094676,2017,2017-08-06,Central Broward Regional Park Stadium Turf Ground,1,14.2,Jamaica Tallawahs,Barbados Tridents,AM McCarthy,Shakib Al Hasan,WD Parnell,1,0,,,,,,,,,
1094676,2017,2017-08-06,Central Broward Regional Park Stadium Turf Ground,1,14.3,Jamaica Tallawahs,Barbados Tridents,Shakib Al Hasan,AM McCarthy,WD Parnell,0,0,,,,,,,,,
1094676,2017,2017-08-06,Central Broward Regional Park Stadium Turf Ground,1,14.4,Jamaica Tallawahs,Barbados Tridents,Shakib Al Hasan,AM McCarthy,WD Parnell,0,0,,,,,,,,,
1094676,2017,2017-08-06,Central Broward Regional Park Stadium Turf Ground,1,14.5,Jamaica Tallawahs,Barbados Tridents,Shakib Al Hasan,AM McCarthy,WD Parnell,4,0,,,,,,,,,
1094676,2017,2017-08-06,Central Broward Regional Park Stadium Turf Ground,1,14.6,Jamaica Tallawahs,Barbados Tridents,Shakib Al Hasan,AM McCarthy,WD Parnell,2,0,,,,,,,,,
1094676,2017,2017-08-06,Central Broward Regional Park Stadium Turf Ground,1,15.1,Jamaica Tallawahs,Barbados Tridents,AM McCarthy,Shakib Al Hasan,Shoaib Malik,6,0,,,,,,,,,
1094676,2017,2017-08-06,Central Broward Regional Park Stadium Turf Ground,1,15.2,Jamaica Tallawahs,Barbados Tridents,AM McCarthy,Shakib Al Hasan,Shoaib Malik,0,0,,,,,,,,,
1094676,2017,2017-08-06,Central Broward Regional Park Stadium Turf Ground,1,15.3,Jamaica Tallawahs,Barbados Tridents,AM McCarthy,Shakib Al Hasan,Shoaib Malik,1,0,,,,,,,,,
1094676,2017,2017-08-06,Central Broward Regional Park Stadium Turf Ground,1,15.4,Jamaica Tallawahs,Barbados Tridents,Shakib Al Hasan,AM McCarthy,Shoaib Malik,1,0,,,,,,,,,
1094676,2017,2017-08-06,Central Broward Regional Park Stadium Turf Ground,1,15.5,Jamaica Tallawahs,Barbados Tridents,AM McCarthy,Shakib Al Hasan,Shoaib Malik,4,0,,,,,,,,,
1094676,2017,2017-08-06,Central Broward Regional Park Stadium Turf Ground,1,15.6,Jamaica Tallawahs,Barbados Tridents,AM McCarthy,Shakib Al Hasan,Shoaib Malik,0,0,,,,,,,,,
1094676,2017,2017-08-06,Central Broward Regional Park Stadium Turf Ground,1,16.1,Jamaica Tallawahs,Barbados Tridents,Shakib Al Hasan,AM McCarthy,Wahab Riaz,0,0,,,,,,,,,
1094676,2017,2017-08-06,Central Broward Regional Park Stadium Turf Ground,1,16.2,Jamaica Tallawahs,Barbados Tridents,Shakib Al Hasan,AM McCarthy,Wahab Riaz,2,0,,,,,,,,,
1094676,2017,2017-08-06,Central Broward Regional Park Stadium Turf Ground,1,16.3,Jamaica Tallawahs,Barbados Tridents,Shakib Al Hasan,AM McCarthy,Wahab Riaz,1,0,,,,,,,,,
1094676,2017,2017-08-06,Central Broward Regional Park Stadium Turf Ground,1,16.4,Jamaica Tallawahs,Barbados Tridents,AM McCarthy,Shakib Al Hasan,Wahab Riaz,0,1,1,,,,,,,,
1094676,2017,2017-08-06,Central Broward Regional Park Stadium Turf Ground,1,16.5,Jamaica Tallawahs,Barbados Tridents,AM McCarthy,Shakib Al Hasan,Wahab Riaz,1,0,,,,,,,,,
1094676,2017,2017-08-06,Central Broward Regional Park Stadium Turf Ground,1,16.6,Jamaica Tallawahs,Barbados Tridents,Shakib Al Hasan,AM McCarthy,Wahab Riaz,0,2,2,,,,,,,,
1094676,2017,2017-08-06,Central Broward Regional Park Stadium Turf Ground,1,16.7,Jamaica Tallawahs,Barbados Tridents,AM McCarthy,Shakib Al Hasan,Wahab Riaz,2,0,,,,,,,,,
1094676,2017,2017-08-06,Central Broward Regional Park Stadium Turf Ground,1,16.8,Jamaica Tallawahs,Barbados Tridents,AM McCarthy,Shakib Al Hasan,Wahab Riaz,1,0,,,,,,,,,
1094676,2017,2017-08-06,Central Broward Regional Park Stadium Turf Ground,1,17.1,Jamaica Tallawahs,Barbados Tridents,AM McCarthy,Shakib Al Hasan,R Rampaul,0,1,1,,,,,,,,
1094676,2017,2017-08-06,Central Broward Regional Park Stadium Turf Ground,1,17.2,Jamaica Tallawahs,Barbados Tridents,AM McCarthy,Shakib Al Hasan,R Rampaul,6,0,,,,,,,,,
1094676,2017,2017-08-06,Central Broward Regional Park Stadium Turf Ground,1,17.3,Jamaica Tallawahs,Barbados Tridents,AM McCarthy,Shakib Al Hasan,R Rampaul,0,0,,,,,,,,,
1094676,2017,2017-08-06,Central Broward Regional Park Stadium Turf Ground,1,17.4,Jamaica Tallawahs,Barbados Tridents,AM McCarthy,Shakib Al Hasan,R Rampaul,1,0,,,,,,,,,
1094676,2017,2017-08-06,Central Broward Regional Park Stadium Turf Ground,1,17.5,Jamaica Tallawahs,Barbados Tridents,Shakib Al Hasan,AM McCarthy,R Rampaul,2,0,,,,,,,,,
1094676,2017,2017-08-06,Central Broward Regional Park Stadium Turf Ground,1,17.6,Jamaica Tallawahs,Barbados Tridents,Shakib Al Hasan,AM McCarthy,R Rampaul,1,0,,,,,,,,,
1094676,2017,2017-08-06,Central Broward Regional Park Stadium Turf Ground,1,17.7,Jamaica Tallawahs,Barbados Tridents,AM McCarthy,Shakib Al Hasan,R Rampaul,0,0,,,,,,,,,
1094676,2017,2017-08-06,Central Broward Regional Park Stadium Turf Ground,1,18.1,Jamaica Tallawahs,Barbados Tridents,Shakib Al Hasan,AM McCarthy,Wahab Riaz,6,0,,,,,,,,,
1094676,2017,2017-08-06,Central Broward Regional Park Stadium Turf Ground,1,18.2,Jamaica Tallawahs,Barbados Tridents,Shakib Al Hasan,AM McCarthy,Wahab Riaz,4,0,,,,,,,,,
1094676,2017,2017-08-06,Central Broward Regional Park Stadium Turf Ground,1,18.3,Jamaica Tallawahs,Barbados Tridents,Shakib Al Hasan,AM McCarthy,Wahab Riaz,4,0,,,,,,,,,
1094676,2017,2017-08-06,Central Broward Regional Park Stadium Turf Ground,1,18.4,Jamaica Tallawahs,Barbados Tridents,Shakib Al Hasan,AM McCarthy,Wahab Riaz,0,0,,,,,,,,,
1094676,2017,2017-08-06,Central Broward Regional Park Stadium Turf Ground,1,18.5,Jamaica Tallawahs,Barbados Tridents,Shakib Al Hasan,AM McCarthy,Wahab Riaz,0,0,,,,,,,,,
1094676,2017,2017-08-06,Central Broward Regional Park Stadium Turf Ground,1,18.6,Jamaica Tallawahs,Barbados Tridents,Shakib Al Hasan,AM McCarthy,Wahab Riaz,1,0,,,,,,,,,
1094676,2017,2017-08-06,Central Broward Regional Park Stadium Turf Ground,1,19.1,Jamaica Tallawahs,Barbados Tridents,Shakib Al Hasan,AM McCarthy,WD Parnell,0,0,,,,,,,,,
1094676,2017,2017-08-06,Central Broward Regional Park Stadium Turf Ground,1,19.2,Jamaica Tallawahs,Barbados Tridents,Shakib Al Hasan,AM McCarthy,WD Parnell,1,0,,,,,,,,,
1094676,2017,2017-08-06,Central Broward Regional Park Stadium Turf Ground,1,19.3,Jamaica Tallawahs,Barbados Tridents,AM McCarthy,Shakib Al Hasan,WD Parnell,0,0,,,,,,caught,AM McCarthy,,
1094676,2017,2017-08-06,Central Broward Regional Park Stadium Turf Ground,1,19.4,Jamaica Tallawahs,Barbados Tridents,Shakib Al Hasan,JA Foo,WD Parnell,0,0,,,,,,,,,
1094676,2017,2017-08-06,Central Broward Regional Park Stadium Turf Ground,1,19.5,Jamaica Tallawahs,Barbados Tridents,Shakib Al Hasan,JA Foo,WD Parnell,4,0,,,,,,,,,
1094676,2017,2017-08-06,Central Broward Regional Park Stadium Turf Ground,1,19.6,Jamaica Tallawahs,Barbados Tridents,Shakib Al Hasan,JA Foo,WD Parnell,1,0,,,,,,,,,
1094676,2017,2017-08-06,Central Broward Regional Park Stadium Turf Ground,2,0.1,Barbados Tridents,Jamaica Tallawahs,DR Smith,KS Williamson,K Santokie,0,0,,,,,,,,,
1094676,2017,2017-08-06,Central Broward Regional Park Stadium Turf Ground,2,0.2,Barbados Tridents,Jamaica Tallawahs,DR Smith,KS Williamson,K Santokie,0,0,,,,,,,,,
1094676,2017,2017-08-06,Central Broward Regional Park Stadium Turf Ground,2,0.3,Barbados Tridents,Jamaica Tallawahs,DR Smith,KS Williamson,K Santokie,1,0,,,,,,,,,
1094676,2017,2017-08-06,Central Broward Regional Park Stadium Turf Ground,2,0.4,Barbados Tridents,Jamaica Tallawahs,KS Williamson,DR Smith,K Santokie,0,0,,,,,,,,,
1094676,2017,2017-08-06,Central Broward Regional Park Stadium Turf Ground,2,0.5,Barbados Tridents,Jamaica Tallawahs,KS Williamson,DR Smith,K Santokie,4,0,,,,,,,,,
1094676,2017,2017-08-06,Central Broward Regional Park Stadium Turf Ground,2,0.6,Barbados Tridents,Jamaica Tallawahs,KS Williamson,DR Smith,K Santokie,2,0,,,,,,,,,
1094676,2017,2017-08-06,Central Broward Regional Park Stadium Turf Ground,2,1.1,Barbados Tridents,Jamaica Tallawahs,DR Smith,KS Williamson,Imad Wasim,0,0,,,,,,,,,
1094676,2017,2017-08-06,Central Broward Regional Park Stadium Turf Ground,2,1.2,Barbados Tridents,Jamaica Tallawahs,DR Smith,KS Williamson,Imad Wasim,1,0,,,,,,,,,
1094676,2017,2017-08-06,Central Broward Regional Park Stadium Turf Ground,2,1.3,Barbados Tridents,Jamaica Tallawahs,KS Williamson,DR Smith,Imad Wasim,1,0,,,,,,,,,
1094676,2017,2017-08-06,Central Broward Regional Park Stadium Turf Ground,2,1.4,Barbados Tridents,Jamaica Tallawahs,DR Smith,KS Williamson,Imad Wasim,0,0,,,,,,,,,
1094676,2017,2017-08-06,Central Broward Regional Park Stadium Turf Ground,2,1.5,Barbados Tridents,Jamaica Tallawahs,DR Smith,KS Williamson,Imad Wasim,1,0,,,,,,,,,
1094676,2017,2017-08-06,Central Broward Regional Park Stadium Turf Ground,2,1.6,Barbados Tridents,Jamaica Tallawahs,KS Williamson,DR Smith,Imad Wasim,0,0,,,,,,bowled,KS Williamson,,
1094676,2017,2017-08-06,Central Broward Regional Park Stadium Turf Ground,2,2.1,Barbados Tridents,Jamaica Tallawahs,DR Smith,Shoaib Malik,K Santokie,1,0,,,,,,,,,
1094676,2017,2017-08-06,Central Broward Regional Park Stadium Turf Ground,2,2.2,Barbados Tridents,Jamaica Tallawahs,Shoaib Malik,DR Smith,K Santokie,0,0,,,,,,,,,
1094676,2017,2017-08-06,Central Broward Regional Park Stadium Turf Ground,2,2.3,Barbados Tridents,Jamaica Tallawahs,Shoaib Malik,DR Smith,K Santokie,1,0,,,,,,,,,
1094676,2017,2017-08-06,Central Broward Regional Park Stadium Turf Ground,2,2.4,Barbados Tridents,Jamaica Tallawahs,DR Smith,Shoaib Malik,K Santokie,1,0,,,,,,,,,
1094676,2017,2017-08-06,Central Broward Regional Park Stadium Turf Ground,2,2.5,Barbados Tridents,Jamaica Tallawahs,Shoaib Malik,DR Smith,K Santokie,0,0,,,,,,,,,
1094676,2017,2017-08-06,Central Broward Regional Park Stadium Turf Ground,2,2.6,Barbados Tridents,Jamaica Tallawahs,Shoaib Malik,DR Smith,K Santokie,1,0,,,,,,,,,
1094676,2017,2017-08-06,Central Broward Regional Park Stadium Turf Ground,2,3.1,Barbados Tridents,Jamaica Tallawahs,Shoaib Malik,DR Smith,Imad Wasim,0,0,,,,,,,,,
1094676,2017,2017-08-06,Central Broward Regional Park Stadium Turf Ground,2,3.2,Barbados Tridents,Jamaica Tallawahs,Shoaib Malik,DR Smith,Imad Wasim,1,0,,,,,,,,,
1094676,2017,2017-08-06,Central Broward Regional Park Stadium Turf Ground,2,3.3,Barbados Tridents,Jamaica Tallawahs,DR Smith,Shoaib Malik,Imad Wasim,1,0,,,,,,,,,
1094676,2017,2017-08-06,Central Broward Regional Park Stadium Turf Ground,2,3.4,Barbados Tridents,Jamaica Tallawahs,Shoaib Malik,DR Smith,Imad Wasim,4,0,,,,,,,,,
1094676,2017,2017-08-06,Central Broward Regional Park Stadium Turf Ground,2,3.5,Barbados Tridents,Jamaica Tallawahs,Shoaib Malik,DR Smith,Imad Wasim,1,0,,,,,,,,,
1094676,2017,2017-08-06,Central Broward Regional Park Stadium Turf Ground,2,3.6,Barbados Tridents,Jamaica Tallawahs,DR Smith,Shoaib Malik,Imad Wasim,1,0,,,,,,,,,
1094676,2017,2017-08-06,Central Broward Regional Park Stadium Turf Ground,2,4.1,Barbados Tridents,Jamaica Tallawahs,DR Smith,Shoaib Malik,Mohammad Sami,0,1,,,,1,,,,,
1094676,2017,2017-08-06,Central Broward Regional Park Stadium Turf Ground,2,4.2,Barbados Tridents,Jamaica Tallawahs,Shoaib Malik,DR Smith,Mohammad Sami,0,0,,,,,,,,,
1094676,2017,2017-08-06,Central Broward Regional Park Stadium Turf Ground,2,4.3,Barbados Tridents,Jamaica Tallawahs,Shoaib Malik,DR Smith,Mohammad Sami,0,0,,,,,,run out,Shoaib Malik,,
1094676,2017,2017-08-06,Central Broward Regional Park Stadium Turf Ground,2,4.4,Barbados Tridents,Jamaica Tallawahs,DR Smith,AJ Hosein,Mohammad Sami,1,0,,,,,,,,,
1094676,2017,2017-08-06,Central Broward Regional Park Stadium Turf Ground,2,4.5,Barbados Tridents,Jamaica Tallawahs,AJ Hosein,DR Smith,Mohammad Sami,1,0,,,,,,,,,
1094676,2017,2017-08-06,Central Broward Regional Park Stadium Turf Ground,2,4.6,Barbados Tridents,Jamaica Tallawahs,DR Smith,AJ Hosein,Mohammad Sami,0,0,,,,,,,,,
1094676,2017,2017-08-06,Central Broward Regional Park Stadium Turf Ground,2,5.1,Barbados Tridents,Jamaica Tallawahs,AJ Hosein,DR Smith,KOK Williams,2,0,,,,,,,,,
1094676,2017,2017-08-06,Central Broward Regional Park Stadium Turf Ground,2,5.2,Barbados Tridents,Jamaica Tallawahs,AJ Hosein,DR Smith,KOK Williams,0,0,,,,,,,,,
1094676,2017,2017-08-06,Central Broward Regional Park Stadium Turf Ground,2,5.3,Barbados Tridents,Jamaica Tallawahs,AJ Hosein,DR Smith,KOK Williams,2,0,,,,,,,,,
1094676,2017,2017-08-06,Central Broward Regional Park Stadium Turf Ground,2,5.4,Barbados Tridents,Jamaica Tallawahs,AJ Hosein,DR Smith,KOK Williams,1,0,,,,,,,,,
1094676,2017,2017-08-06,Central Broward Regional Park Stadium Turf Ground,2,5.5,Barbados Tridents,Jamaica Tallawahs,DR Smith,AJ Hosein,KOK Williams,0,0,,,,,,,,,
1094676,2017,2017-08-06,Central Broward Regional Park Stadium Turf Ground,2,5.6,Barbados Tridents,Jamaica Tallawahs,DR Smith,AJ Hosein,KOK Williams,4,0,,,,,,,,,
1094676,2017,2017-08-06,Central Broward Regional Park Stadium Turf Ground,2,6.1,Barbados Tridents,Jamaica Tallawahs,AJ Hosein,DR Smith,Mohammad Sami,0,0,,,,,,,,,
1094676,2017,2017-08-06,Central Broward Regional Park Stadium Turf Ground,2,6.2,Barbados Tridents,Jamaica Tallawahs,AJ Hosein,DR Smith,Mohammad Sami,1,0,,,,,,,,,
1094676,2017,2017-08-06,Central Broward Regional Park Stadium Turf Ground,2,6.3,Barbados Tridents,Jamaica Tallawahs,DR Smith,AJ Hosein,Mohammad Sami,0,0,,,,,,,,,
1094676,2017,2017-08-06,Central Broward Regional Park Stadium Turf Ground,2,6.4,Barbados Tridents,Jamaica Tallawahs,DR Smith,AJ Hosein,Mohammad Sami,1,0,,,,,,,,,
1094676,2017,2017-08-06,Central Broward Regional Park Stadium Turf Ground,2,6.5,Barbados Tridents,Jamaica Tallawahs,AJ Hosein,DR Smith,Mohammad Sami,0,1,1,,,,,,,,
1094676,2017,2017-08-06,Central Broward Regional Park Stadium Turf Ground,2,6.6,Barbados Tridents,Jamaica Tallawahs,AJ Hosein,DR Smith,Mohammad Sami,1,0,,,,,,,,,
1094676,2017,2017-08-06,Central Broward Regional Park Stadium Turf Ground,2,6.7,Barbados Tridents,Jamaica Tallawahs,DR Smith,AJ Hosein,Mohammad Sami,0,0,,,,,,,,,
1094676,2017,2017-08-06,Central Broward Regional Park Stadium Turf Ground,2,7.1,Barbados Tridents,Jamaica Tallawahs,AJ Hosein,DR Smith,Shakib Al Hasan,1,0,,,,,,,,,
1094676,2017,2017-08-06,Central Broward Regional Park Stadium Turf Ground,2,7.2,Barbados Tridents,Jamaica Tallawahs,DR Smith,AJ Hosein,Shakib Al Hasan,0,0,,,,,,,,,
1094676,2017,2017-08-06,Central Broward Regional Park Stadium Turf Ground,2,7.3,Barbados Tridents,Jamaica Tallawahs,DR Smith,AJ Hosein,Shakib Al Hasan,0,0,,,,,,,,,
1094676,2017,2017-08-06,Central Broward Regional Park Stadium Turf Ground,2,7.4,Barbados Tridents,Jamaica Tallawahs,DR Smith,AJ Hosein,Shakib Al Hasan,0,0,,,,,,,,,
1094676,2017,2017-08-06,Central Broward Regional Park Stadium Turf Ground,2,7.5,Barbados Tridents,Jamaica Tallawahs,DR Smith,AJ Hosein,Shakib Al Hasan,1,0,,,,,,,,,
1094676,2017,2017-08-06,Central Broward Regional Park Stadium Turf Ground,2,7.6,Barbados Tridents,Jamaica Tallawahs,AJ Hosein,DR Smith,Shakib Al Hasan,1,0,,,,,,,,,
1094676,2017,2017-08-06,Central Broward Regional Park Stadium Turf Ground,2,8.1,Barbados Tridents,Jamaica Tallawahs,AJ Hosein,DR Smith,KOK Williams,1,0,,,,,,,,,
1094676,2017,2017-08-06,Central Broward Regional Park Stadium Turf Ground,2,8.2,Barbados Tridents,Jamaica Tallawahs,DR Smith,AJ Hosein,KOK Williams,0,0,,,,,,,,,
1094676,2017,2017-08-06,Central Broward Regional Park Stadium Turf Ground,2,8.3,Barbados Tridents,Jamaica Tallawahs,DR Smith,AJ Hosein,KOK Williams,4,0,,,,,,,,,
1094676,2017,2017-08-06,Central Broward Regional Park Stadium Turf Ground,2,8.4,Barbados Tridents,Jamaica Tallawahs,DR Smith,AJ Hosein,KOK Williams,1,0,,,,,,,,,
1094676,2017,2017-08-06,Central Broward Regional Park Stadium Turf Ground,2,8.5,Barbados Tridents,Jamaica Tallawahs,AJ Hosein,DR Smith,KOK Williams,0,0,,,,,,,,,
1094676,2017,2017-08-06,Central Broward Regional Park Stadium Turf Ground,2,8.6,Barbados Tridents,Jamaica Tallawahs,AJ Hosein,DR Smith,KOK Williams,1,0,,,,,,,,,
1094676,2017,2017-08-06,Central Broward Regional Park Stadium Turf Ground,2,9.1,Barbados Tridents,Jamaica Tallawahs,AJ Hosein,DR Smith,Shakib Al Hasan,0,0,,,,,,run out,AJ Hosein,,
1094676,2017,2017-08-06,Central Broward Regional Park Stadium Turf Ground,2,9.2,Barbados Tridents,Jamaica Tallawahs,DR Smith,KA Pollard,Shakib Al Hasan,0,0,,,,,,,,,
1094676,2017,2017-08-06,Central Broward Regional Park Stadium Turf Ground,2,9.3,Barbados Tridents,Jamaica Tallawahs,DR Smith,KA Pollard,Shakib Al Hasan,0,0,,,,,,,,,
1094676,2017,2017-08-06,Central Broward Regional Park Stadium Turf Ground,2,9.4,Barbados Tridents,Jamaica Tallawahs,DR Smith,KA Pollard,Shakib Al Hasan,1,0,,,,,,,,,
1094676,2017,2017-08-06,Central Broward Regional Park Stadium Turf Ground,2,9.5,Barbados Tridents,Jamaica Tallawahs,KA Pollard,DR Smith,Shakib Al Hasan,0,0,,,,,,,,,
1094676,2017,2017-08-06,Central Broward Regional Park Stadium Turf Ground,2,9.6,Barbados Tridents,Jamaica Tallawahs,KA Pollard,DR Smith,Shakib Al Hasan,1,0,,,,,,,,,
1094676,2017,2017-08-06,Central Broward Regional Park Stadium Turf Ground,2,10.1,Barbados Tridents,Jamaica Tallawahs,KA Pollard,DR Smith,Mohammad Sami,0,0,,,,,,,,,
1094676,2017,2017-08-06,Central Broward Regional Park Stadium Turf Ground,2,10.2,Barbados Tridents,Jamaica Tallawahs,KA Pollard,DR Smith,Mohammad Sami,1,0,,,,,,,,,
1094676,2017,2017-08-06,Central Broward Regional Park Stadium Turf Ground,2,10.3,Barbados Tridents,Jamaica Tallawahs,DR Smith,KA Pollard,Mohammad Sami,0,0,,,,,,,,,
1094676,2017,2017-08-06,Central Broward Regional Park Stadium Turf Ground,2,10.4,Barbados Tridents,Jamaica Tallawahs,DR Smith,KA Pollard,Mohammad Sami,0,0,,,,,,caught,DR Smith,,
1094676,2017,2017-08-06,Central Broward Regional Park Stadium Turf Ground,2,10.5,Barbados Tridents,Jamaica Tallawahs,KA Pollard,N Pooran,Mohammad Sami,1,0,,,,,,,,,
1094676,2017,2017-08-06,Central Broward Regional Park Stadium Turf Ground,2,10.6,Barbados Tridents,Jamaica Tallawahs,N Pooran,KA Pollard,Mohammad Sami,0,0,,,,,,bowled,N Pooran,,
1094676,2017,2017-08-06,Central Broward Regional Park Stadium Turf Ground,2,11.1,Barbados Tridents,Jamaica Tallawahs,KA Pollard,CD Barnwell,Imad Wasim,0,0,,,,,,,,,
1094676,2017,2017-08-06,Central Broward Regional Park Stadium Turf Ground,2,11.2,Barbados Tridents,Jamaica Tallawahs,KA Pollard,CD Barnwell,Imad Wasim,0,0,,,,,,,,,
1094676,2017,2017-08-06,Central Broward Regional Park Stadium Turf Ground,2,11.3,Barbados Tridents,Jamaica Tallawahs,KA Pollard,CD Barnwell,Imad Wasim,1,0,,,,,,,,,
1094676,2017,2017-08-06,Central Broward Regional Park Stadium Turf Ground,2,11.4,Barbados Tridents,Jamaica Tallawahs,CD Barnwell,KA Pollard,Imad Wasim,0,1,1,,,,,,,,
1094676,2017,2017-08-06,Central Broward Regional Park Stadium Turf Ground,2,11.5,Barbados Tridents,Jamaica Tallawahs,CD Barnwell,KA Pollard,Imad Wasim,0,0,,,,,,,,,
1094676,2017,2017-08-06,Central Broward Regional Park Stadium Turf Ground,2,11.6,Barbados Tridents,Jamaica Tallawahs,CD Barnwell,KA Pollard,Imad Wasim,0,0,,,,,,,,,
1094676,2017,2017-08-06,Central Broward Regional Park Stadium Turf Ground,2,11.7,Barbados Tridents,Jamaica Tallawahs,CD Barnwell,KA Pollard,Imad Wasim,0,0,,,,,,,,,
1094676,2017,2017-08-06,Central Broward Regional Park Stadium Turf Ground,2,12.1,Barbados Tridents,Jamaica Tallawahs,KA Pollard,CD Barnwell,KOK Williams,1,0,,,,,,,,,
1094676,2017,2017-08-06,Central Broward Regional Park Stadium Turf Ground,2,12.2,Barbados Tridents,Jamaica Tallawahs,CD Barnwell,KA Pollard,KOK Williams,2,0,,,,,,,,,
1094676,2017,2017-08-06,Central Broward Regional Park Stadium Turf Ground,2,12.3,Barbados Tridents,Jamaica Tallawahs,CD Barnwell,KA Pollard,KOK Williams,1,0,,,,,,,,,
1094676,2017,2017-08-06,Central Broward Regional Park Stadium Turf Ground,2,12.4,Barbados Tridents,Jamaica Tallawahs,KA Pollard,CD Barnwell,KOK Williams,0,0,,,,,,,,,
1094676,2017,2017-08-06,Central Broward Regional Park Stadium Turf Ground,2,12.5,Barbados Tridents,Jamaica Tallawahs,KA Pollard,CD Barnwell,KOK Williams,4,0,,,,,,,,,
1094676,2017,2017-08-06,Central Broward Regional Park Stadium Turf Ground,2,12.6,Barbados Tridents,Jamaica Tallawahs,KA Pollard,CD Barnwell,KOK Williams,6,0,,,,,,,,,
1094676,2017,2017-08-06,Central Broward Regional Park Stadium Turf Ground,2,13.1,Barbados Tridents,Jamaica Tallawahs,CD Barnwell,KA Pollard,Imad Wasim,2,0,,,,,,,,,
1094676,2017,2017-08-06,Central Broward Regional Park Stadium Turf Ground,2,13.2,Barbados Tridents,Jamaica Tallawahs,CD Barnwell,KA Pollard,Imad Wasim,1,0,,,,,,,,,
1094676,2017,2017-08-06,Central Broward Regional Park Stadium Turf Ground,2,13.3,Barbados Tridents,Jamaica Tallawahs,KA Pollard,CD Barnwell,Imad Wasim,1,0,,,,,,,,,
1094676,2017,2017-08-06,Central Broward Regional Park Stadium Turf Ground,2,13.4,Barbados Tridents,Jamaica Tallawahs,CD Barnwell,KA Pollard,Imad Wasim,1,0,,,,,,,,,
1094676,2017,2017-08-06,Central Broward Regional Park Stadium Turf Ground,2,13.5,Barbados Tridents,Jamaica Tallawahs,KA Pollard,CD Barnwell,Imad Wasim,1,0,,,,,,,,,
1094676,2017,2017-08-06,Central Broward Regional Park Stadium Turf Ground,2,13.6,Barbados Tridents,Jamaica Tallawahs,CD Barnwell,KA Pollard,Imad Wasim,1,0,,,,,,,,,
1094676,2017,2017-08-06,Central Broward Regional Park Stadium Turf Ground,2,14.1,Barbados Tridents,Jamaica Tallawahs,CD Barnwell,KA Pollard,K Santokie,0,1,1,,,,,,,,
1094676,2017,2017-08-06,Central Broward Regional Park Stadium Turf Ground,2,14.2,Barbados Tridents,Jamaica Tallawahs,CD Barnwell,KA Pollard,K Santokie,1,0,,,,,,,,,
1094676,2017,2017-08-06,Central Broward Regional Park Stadium Turf Ground,2,14.3,Barbados Tridents,Jamaica Tallawahs,KA Pollard,CD Barnwell,K Santokie,0,5,5,,,,,,,,
1094676,2017,2017-08-06,Central Broward Regional Park Stadium Turf Ground,2,14.4,Barbados Tridents,Jamaica Tallawahs,KA Pollard,CD Barnwell,K Santokie,6,0,,,,,,,,,
1094676,2017,2017-08-06,Central Broward Regional Park Stadium Turf Ground,2,14.5,Barbados Tridents,Jamaica Tallawahs,KA Pollard,CD Barnwell,K Santokie,6,0,,,,,,,,,
1094676,2017,2017-08-06,Central Broward Regional Park Stadium Turf Ground,2,14.6,Barbados Tridents,Jamaica Tallawahs,KA Pollard,CD Barnwell,K Santokie,1,0,,,,,,,,,
1094676,2017,2017-08-06,Central Broward Regional Park Stadium Turf Ground,2,14.7,Barbados Tridents,Jamaica Tallawahs,CD Barnwell,KA Pollard,K Santokie,0,0,,,,,,,,,
1094676,2017,2017-08-06,Central Broward Regional Park Stadium Turf Ground,2,14.8,Barbados Tridents,Jamaica Tallawahs,CD Barnwell,KA Pollard,K Santokie,0,1,1,,,,,,,,
1094676,2017,2017-08-06,Central Broward Regional Park Stadium Turf Ground,2,14.9,Barbados Tridents,Jamaica Tallawahs,CD Barnwell,KA Pollard,K Santokie,1,0,,,,,,,,,
1094676,2017,2017-08-06,Central Broward Regional Park Stadium Turf Ground,2,15.1,Barbados Tridents,Jamaica Tallawahs,CD Barnwell,KA Pollard,Shakib Al Hasan,1,0,,,,,,,,,
1094676,2017,2017-08-06,Central Broward Regional Park Stadium Turf Ground,2,15.2,Barbados Tridents,Jamaica Tallawahs,KA Pollard,CD Barnwell,Shakib Al Hasan,1,0,,,,,,,,,
1094676,2017,2017-08-06,Central Broward Regional Park Stadium Turf Ground,2,15.3,Barbados Tridents,Jamaica Tallawahs,CD Barnwell,KA Pollard,Shakib Al Hasan,1,0,,,,,,,,,
1094676,2017,2017-08-06,Central Broward Regional Park Stadium Turf Ground,2,15.4,Barbados Tridents,Jamaica Tallawahs,KA Pollard,CD Barnwell,Shakib Al Hasan,0,0,,,,,,,,,
1094676,2017,2017-08-06,Central Broward Regional Park Stadium Turf Ground,2,15.5,Barbados Tridents,Jamaica Tallawahs,KA Pollard,CD Barnwell,Shakib Al Hasan,1,0,,,,,,,,,
1094676,2017,2017-08-06,Central Broward Regional Park Stadium Turf Ground,2,15.6,Barbados Tridents,Jamaica Tallawahs,CD Barnwell,KA Pollard,Shakib Al Hasan,1,0,,,,,,,,,
1094676,2017,2017-08-06,Central Broward Regional Park Stadium Turf Ground,2,16.1,Barbados Tridents,Jamaica Tallawahs,CD Barnwell,KA Pollard,KOK Williams,0,0,,,,,,caught,CD Barnwell,,
1094676,2017,2017-08-06,Central Broward Regional Park Stadium Turf Ground,2,16.2,Barbados Tridents,Jamaica Tallawahs,KA Pollard,WD Parnell,KOK Williams,0,0,,,,,,,,,
1094676,2017,2017-08-06,Central Broward Regional Park Stadium Turf Ground,2,16.3,Barbados Tridents,Jamaica Tallawahs,KA Pollard,WD Parnell,KOK Williams,2,0,,,,,,,,,
1094676,2017,2017-08-06,Central Broward Regional Park Stadium Turf Ground,2,16.4,Barbados Tridents,Jamaica Tallawahs,KA Pollard,WD Parnell,KOK Williams,6,0,,,,,,,,,
1094676,2017,2017-08-06,Central Broward Regional Park Stadium Turf Ground,2,16.5,Barbados Tridents,Jamaica Tallawahs,KA Pollard,WD Parnell,KOK Williams,0,0,,,,,,,,,
1094676,2017,2017-08-06,Central Broward Regional Park Stadium Turf Ground,2,16.6,Barbados Tridents,Jamaica Tallawahs,KA Pollard,WD Parnell,KOK Williams,2,0,,,,,,,,,
1094676,2017,2017-08-06,Central Broward Regional Park Stadium Turf Ground,2,17.1,Barbados Tridents,Jamaica Tallawahs,WD Parnell,KA Pollard,Shakib Al Hasan,1,0,,,,,,,,,
1094676,2017,2017-08-06,Central Broward Regional Park Stadium Turf Ground,2,17.2,Barbados Tridents,Jamaica Tallawahs,KA Pollard,WD Parnell,Shakib Al Hasan,4,0,,,,,,,,,
1094676,2017,2017-08-06,Central Broward Regional Park Stadium Turf Ground,2,17.3,Barbados Tridents,Jamaica Tallawahs,KA Pollard,WD Parnell,Shakib Al Hasan,6,0,,,,,,,,,
1094676,2017,2017-08-06,Central Broward Regional Park Stadium Turf Ground,2,17.4,Barbados Tridents,Jamaica Tallawahs,KA Pollard,WD Parnell,Shakib Al Hasan,1,0,,,,,,,,,
1094676,2017,2017-08-06,Central Broward Regional Park Stadium Turf Ground,2,17.5,Barbados Tridents,Jamaica Tallawahs,WD Parnell,KA Pollard,Shakib Al Hasan,0,0,,,,,,caught,WD Parnell,,
1094676,2017,2017-08-06,Central Broward Regional Park Stadium Turf Ground,2,17.6,Barbados Tridents,Jamaica Tallawahs,KA Pollard,Wahab Riaz,Shakib Al Hasan,6,0,,,,,,,,,
1094676,2017,2017-08-06,Central Broward Regional Park Stadium Turf Ground,2,18.1,Barbados Tridents,Jamaica Tallawahs,Wahab Riaz,KA Pollard,Mohammad Sami,1,0,,,,,,,,,
1094676,2017,2017-08-06,Central Broward Regional Park Stadium Turf Ground,2,18.2,Barbados Tridents,Jamaica Tallawahs,KA Pollard,Wahab Riaz,Mohammad Sami,1,0,,,,,,,,,
1094676,2017,2017-08-06,Central Broward Regional Park Stadium Turf Ground,2,18.3,Barbados Tridents,Jamaica Tallawahs,Wahab Riaz,KA Pollard,Mohammad Sami,0,0,,,,,,caught,Wahab Riaz,,
1094676,2017,2017-08-06,Central Broward Regional Park Stadium Turf Ground,2,18.4,Barbados Tridents,Jamaica Tallawahs,KA Pollard,I Khan (2),Mohammad Sami,0,0,,,,,,,,,
1094676,2017,2017-08-06,Central Broward Regional Park Stadium Turf Ground,2,18.5,Barbados Tridents,Jamaica Tallawahs,KA Pollard,I Khan (2),Mohammad Sami,2,0,,,,,,,,,
1094676,2017,2017-08-06,Central Broward Regional Park Stadium Turf Ground,2,18.6,Barbados Tridents,Jamaica Tallawahs,KA Pollard,I Khan (2),Mohammad Sami,0,0,,,,,,caught,KA Pollard,,
1094676,2017,2017-08-06,Central Broward Regional Park Stadium Turf Ground,2,19.1,Barbados Tridents,Jamaica Tallawahs,I Khan (2),R Rampaul,K Santokie,1,0,,,,,,,,,
1094676,2017,2017-08-06,Central Broward Regional Park Stadium Turf Ground,2,19.2,Barbados Tridents,Jamaica Tallawahs,R Rampaul,I Khan (2),K Santokie,2,0,,,,,,,,,
1094676,2017,2017-08-06,Central Broward Regional Park Stadium Turf Ground,2,19.3,Barbados Tridents,Jamaica Tallawahs,R Rampaul,I Khan (2),K Santokie,0,1,1,,,,,,,,
1094676,2017,2017-08-06,Central Broward Regional Park Stadium Turf Ground,2,19.4,Barbados Tridents,Jamaica Tallawahs,R Rampaul,I Khan (2),K Santokie,1,0,,,,,,,,,
1094676,2017,2017-08-06,Central Broward Regional Park Stadium Turf Ground,2,19.5,Barbados Tridents,Jamaica Tallawahs,I Khan (2),R Rampaul,K Santokie,2,0,,,,,,,,,
1094676,2017,2017-08-06,Central Broward Regional Park Stadium Turf Ground,2,19.6,Barbados Tridents,Jamaica Tallawahs,I Khan (2),R Rampaul,K Santokie,1,0,,,,,,,,,
1094676,2017,2017-08-06,Central Broward Regional Park Stadium Turf Ground,2,19.7,Barbados Tridents,Jamaica Tallawahs,R Rampaul,I Khan (2),K Santokie,0,0,,,,,,caught,R Rampaul,,
