match_id,season,start_date,venue,innings,ball,batting_team,bowling_team,striker,non_striker,bowler,runs_off_bat,extras,wides,noballs,byes,legbyes,penalty,wicket_type,player_dismissed,other_wicket_type,other_player_dismissed
1148659,2018,2018-08-21,"Daren Sammy National Cricket Stadium, Gros Islet",1,0.1,St Lucia Stars,St Kitts and Nevis Patriots,ADS Fletcher,DA Warner,SS Cottrell,6,0,,,,,,,,,
1148659,2018,2018-08-21,"Daren Sammy National Cricket Stadium, Gros Islet",1,0.2,St Lucia Stars,St Kitts and Nevis Patriots,ADS Fletcher,DA Warner,SS Cottrell,0,0,,,,,,,,,
1148659,2018,2018-08-21,"Daren Sammy National Cricket Stadium, Gros Islet",1,0.3,St Lucia Stars,St Kitts and Nevis Patriots,ADS Fletcher,DA Warner,SS Cottrell,2,0,,,,,,,,,
1148659,2018,2018-08-21,"Daren Sammy National Cricket Stadium, Gros Islet",1,0.4,St Lucia Stars,St Kitts and Nevis Patriots,ADS Fletcher,DA Warner,SS Cottrell,0,0,,,,,,caught and bowled,ADS Fletcher,,
1148659,2018,2018-08-21,"Daren Sammy National Cricket Stadium, Gros Islet",1,0.5,St Lucia Stars,St Kitts and Nevis Patriots,RRS Cornwall,DA Warner,SS Cottrell,0,0,,,,,,,,,
1148659,2018,2018-08-21,"Daren Sammy National Cricket Stadium, Gros Islet",1,0.6,St Lucia Stars,St Kitts and Nevis Patriots,RRS Cornwall,DA Warner,SS Cottrell,0,0,,,,,,,,,
1148659,2018,2018-08-21,"Daren Sammy National Cricket Stadium, Gros Islet",1,1.1,St Lucia Stars,St Kitts and Nevis Patriots,DA Warner,RRS Cornwall,Mahmudullah,1,0,,,,,,,,,
1148659,2018,2018-08-21,"Daren Sammy National Cricket Stadium, Gros Islet",1,1.2,St Lucia Stars,St Kitts and Nevis Patriots,RRS Cornwall,DA Warner,Mahmudullah,0,0,,,,,,,,,
1148659,2018,2018-08-21,"Daren Sammy National Cricket Stadium, Gros Islet",1,1.3,St Lucia Stars,St Kitts and Nevis Patriots,RRS Cornwall,DA Warner,Mahmudullah,0,0,,,,,,,,,
1148659,2018,2018-08-21,"Daren Sammy National Cricket Stadium, Gros Islet",1,1.4,St Lucia Stars,St Kitts and Nevis Patriots,RRS Cornwall,DA Warner,Mahmudullah,4,0,,,,,,,,,
1148659,2018,2018-08-21,"Daren Sammy National Cricket Stadium, Gros Islet",1,1.5,St Lucia Stars,St Kitts and Nevis Patriots,RRS Cornwall,DA Warner,Mahmudullah,0,0,,,,,,caught,RRS Cornwall,,
1148659,2018,2018-08-21,"Daren Sammy National Cricket Stadium, Gros Islet",1,1.6,St Lucia Stars,St Kitts and Nevis Patriots,DA Warner,LMP Simmons,Mahmudullah,1,0,,,,,,,,,
1148659,2018,2018-08-21,"Daren Sammy National Cricket Stadium, Gros Islet",1,2.1,St Lucia Stars,St Kitts and Nevis Patriots,DA Warner,LMP Simmons,CR Brathwaite,1,0,,,,,,,,,
1148659,2018,2018-08-21,"Daren Sammy National Cricket Stadium, Gros Islet",1,2.2,St Lucia Stars,St Kitts and Nevis Patriots,LMP Simmons,DA Warner,CR Brathwaite,1,0,,,,,,,,,
1148659,2018,2018-08-21,"Daren Sammy National Cricket Stadium, Gros Islet",1,2.3,St Lucia Stars,St Kitts and Nevis Patriots,DA Warner,LMP Simmons,CR Brathwaite,0,1,1,,,,,,,,
1148659,2018,2018-08-21,"Daren Sammy National Cricket Stadium, Gros Islet",1,2.4,St Lucia Stars,St Kitts and Nevis Patriots,DA Warner,LMP Simmons,CR Brathwaite,1,0,,,,,,,,,
1148659,2018,2018-08-21,"Daren Sammy National Cricket Stadium, Gros Islet",1,2.5,St Lucia Stars,St Kitts and Nevis Patriots,LMP Simmons,DA Warner,CR Brathwaite,0,0,,,,,,,,,
1148659,2018,2018-08-21,"Daren Sammy National Cricket Stadium, Gros Islet",1,2.6,St Lucia Stars,St Kitts and Nevis Patriots,LMP Simmons,DA Warner,CR Brathwaite,0,0,,,,,,,,,
1148659,2018,2018-08-21,"Daren Sammy National Cricket Stadium, Gros Islet",1,2.7,St Lucia Stars,St Kitts and Nevis Patriots,LMP Simmons,DA Warner,CR Brathwaite,1,0,,,,,,,,,
1148659,2018,2018-08-21,"Daren Sammy National Cricket Stadium, Gros Islet",1,3.1,St Lucia Stars,St Kitts and Nevis Patriots,LMP Simmons,DA Warner,Mahmudullah,0,0,,,,,,stumped,LMP Simmons,,
1148659,2018,2018-08-21,"Daren Sammy National Cricket Stadium, Gros Islet",1,3.2,St Lucia Stars,St Kitts and Nevis Patriots,KA Pollard,DA Warner,Mahmudullah,0,0,,,,,,,,,
1148659,2018,2018-08-21,"Daren Sammy National Cricket Stadium, Gros Islet",1,3.3,St Lucia Stars,St Kitts and Nevis Patriots,KA Pollard,DA Warner,Mahmudullah,0,0,,,,,,,,,
1148659,2018,2018-08-21,"Daren Sammy National Cricket Stadium, Gros Islet",1,3.4,St Lucia Stars,St Kitts and Nevis Patriots,KA Pollard,DA Warner,Mahmudullah,0,0,,,,,,,,,
1148659,2018,2018-08-21,"Daren Sammy National Cricket Stadium, Gros Islet",1,3.5,St Lucia Stars,St Kitts and Nevis Patriots,KA Pollard,DA Warner,Mahmudullah,0,0,,,,,,,,,
1148659,2018,2018-08-21,"Daren Sammy National Cricket Stadium, Gros Islet",1,3.6,St Lucia Stars,St Kitts and Nevis Patriots,KA Pollard,DA Warner,Mahmudullah,0,0,,,,,,,,,
1148659,2018,2018-08-21,"Daren Sammy National Cricket Stadium, Gros Islet",1,4.1,St Lucia Stars,St Kitts and Nevis Patriots,DA Warner,KA Pollard,SS Cottrell,1,0,,,,,,,,,
1148659,2018,2018-08-21,"Daren Sammy National Cricket Stadium, Gros Islet",1,4.2,St Lucia Stars,St Kitts and Nevis Patriots,KA Pollard,DA Warner,SS Cottrell,0,0,,,,,,,,,
1148659,2018,2018-08-21,"Daren Sammy National Cricket Stadium, Gros Islet",1,4.3,St Lucia Stars,St Kitts and Nevis Patriots,KA Pollard,DA Warner,SS Cottrell,0,0,,,,,,,,,
1148659,2018,2018-08-21,"Daren Sammy National Cricket Stadium, Gros Islet",1,4.4,St Lucia Stars,St Kitts and Nevis Patriots,KA Pollard,DA Warner,SS Cottrell,4,0,,,,,,,,,
1148659,2018,2018-08-21,"Daren Sammy National Cricket Stadium, Gros Islet",1,4.5,St Lucia Stars,St Kitts and Nevis Patriots,KA Pollard,DA Warner,SS Cottrell,0,0,,,,,,,,,
1148659,2018,2018-08-21,"Daren Sammy National Cricket Stadium, Gros Islet",1,4.6,St Lucia Stars,St Kitts and Nevis Patriots,KA Pollard,DA Warner,SS Cottrell,0,0,,,,,,caught,KA Pollard,,
1148659,2018,2018-08-21,"Daren Sammy National Cricket Stadium, Gros Islet",1,5.1,St Lucia Stars,St Kitts and Nevis Patriots,DA Warner,Qais Ahmad,Mahmudullah,1,0,,,,,,,,,
1148659,2018,2018-08-21,"Daren Sammy National Cricket Stadium, Gros Islet",1,5.2,St Lucia Stars,St Kitts and Nevis Patriots,Qais Ahmad,DA Warner,Mahmudullah,0,0,,,,,,,,,
1148659,2018,2018-08-21,"Daren Sammy National Cricket Stadium, Gros Islet",1,5.3,St Lucia Stars,St Kitts and Nevis Patriots,Qais Ahmad,DA Warner,Mahmudullah,0,0,,,,,,,,,
1148659,2018,2018-08-21,"Daren Sammy National Cricket Stadium, Gros Islet",1,5.4,St Lucia Stars,St Kitts and Nevis Patriots,Qais Ahmad,DA Warner,Mahmudullah,1,0,,,,,,,,,
1148659,2018,2018-08-21,"Daren Sammy National Cricket Stadium, Gros Islet",1,5.5,St Lucia Stars,St Kitts and Nevis Patriots,DA Warner,Qais Ahmad,Mahmudullah,0,0,,,,,,,,,
1148659,2018,2018-08-21,"Daren Sammy National Cricket Stadium, Gros Islet",1,5.6,St Lucia Stars,St Kitts and Nevis Patriots,DA Warner,Qais Ahmad,Mahmudullah,1,0,,,,,,,,,
1148659,2018,2018-08-21,"Daren Sammy National Cricket Stadium, Gros Islet",1,6.1,St Lucia Stars,St Kitts and Nevis Patriots,DA Warner,Qais Ahmad,BCJ Cutting,1,0,,,,,,,,,
1148659,2018,2018-08-21,"Daren Sammy National Cricket Stadium, Gros Islet",1,6.2,St Lucia Stars,St Kitts and Nevis Patriots,Qais Ahmad,DA Warner,BCJ Cutting,1,0,,,,,,,,,
1148659,2018,2018-08-21,"Daren Sammy National Cricket Stadium, Gros Islet",1,6.3,St Lucia Stars,St Kitts and Nevis Patriots,DA Warner,Qais Ahmad,BCJ Cutting,0,0,,,,,,,,,
1148659,2018,2018-08-21,"Daren Sammy National Cricket Stadium, Gros Islet",1,6.4,St Lucia Stars,St Kitts and Nevis Patriots,DA Warner,Qais Ahmad,BCJ Cutting,4,0,,,,,,,,,
1148659,2018,2018-08-21,"Daren Sammy National Cricket Stadium, Gros Islet",1,6.5,St Lucia Stars,St Kitts and Nevis Patriots,DA Warner,Qais Ahmad,BCJ Cutting,1,0,,,,,,,,,
1148659,2018,2018-08-21,"Daren Sammy National Cricket Stadium, Gros Islet",1,6.6,St Lucia Stars,St Kitts and Nevis Patriots,Qais Ahmad,DA Warner,BCJ Cutting,1,0,,,,,,,,,
1148659,2018,2018-08-21,"Daren Sammy National Cricket Stadium, Gros Islet",1,7.1,St Lucia Stars,St Kitts and Nevis Patriots,Qais Ahmad,DA Warner,Mahmudullah,6,0,,,,,,,,,
1148659,2018,2018-08-21,"Daren Sammy National Cricket Stadium, Gros Islet",1,7.2,St Lucia Stars,St Kitts and Nevis Patriots,Qais Ahmad,DA Warner,Mahmudullah,0,0,,,,,,,,,
1148659,2018,2018-08-21,"Daren Sammy National Cricket Stadium, Gros Islet",1,7.3,St Lucia Stars,St Kitts and Nevis Patriots,Qais Ahmad,DA Warner,Mahmudullah,0,1,,,,1,,,,,
1148659,2018,2018-08-21,"Daren Sammy National Cricket Stadium, Gros Islet",1,7.4,St Lucia Stars,St Kitts and Nevis Patriots,DA Warner,Qais Ahmad,Mahmudullah,0,0,,,,,,,,,
1148659,2018,2018-08-21,"Daren Sammy National Cricket Stadium, Gros Islet",1,7.5,St Lucia Stars,St Kitts and Nevis Patriots,DA Warner,Qais Ahmad,Mahmudullah,1,0,,,,,,,,,
1148659,2018,2018-08-21,"Daren Sammy National Cricket Stadium, Gros Islet",1,7.6,St Lucia Stars,St Kitts and Nevis Patriots,Qais Ahmad,DA Warner,Mahmudullah,4,0,,,,,,,,,
1148659,2018,2018-08-21,"Daren Sammy National Cricket Stadium, Gros Islet",1,8.1,St Lucia Stars,St Kitts and Nevis Patriots,DA Warner,Qais Ahmad,S Lamichhane,0,2,,,2,,,,,,
1148659,2018,2018-08-21,"Daren Sammy National Cricket Stadium, Gros Islet",1,8.2,St Lucia Stars,St Kitts and Nevis Patriots,DA Warner,Qais Ahmad,S Lamichhane,0,0,,,,,,,,,
1148659,2018,2018-08-21,"Daren Sammy National Cricket Stadium, Gros Islet",1,8.3,St Lucia Stars,St Kitts and Nevis Patriots,DA Warner,Qais Ahmad,S Lamichhane,0,0,,,,,,caught,DA Warner,,
1148659,2018,2018-08-21,"Daren Sammy National Cricket Stadium, Gros Islet",1,8.4,St Lucia Stars,St Kitts and Nevis Patriots,Qais Ahmad,DJG Sammy,S Lamichhane,0,0,,,,,,,,,
1148659,2018,2018-08-21,"Daren Sammy National Cricket Stadium, Gros Islet",1,8.5,St Lucia Stars,St Kitts and Nevis Patriots,Qais Ahmad,DJG Sammy,S Lamichhane,0,0,,,,,,,,,
1148659,2018,2018-08-21,"Daren Sammy National Cricket Stadium, Gros Islet",1,8.6,St Lucia Stars,St Kitts and Nevis Patriots,Qais Ahmad,DJG Sammy,S Lamichhane,6,0,,,,,,,,,
1148659,2018,2018-08-21,"Daren Sammy National Cricket Stadium, Gros Islet",1,9.1,St Lucia Stars,St Kitts and Nevis Patriots,DJG Sammy,Qais Ahmad,BCJ Cutting,0,0,,,,,,,,,
1148659,2018,2018-08-21,"Daren Sammy National Cricket Stadium, Gros Islet",1,9.2,St Lucia Stars,St Kitts and Nevis Patriots,DJG Sammy,Qais Ahmad,BCJ Cutting,0,0,,,,,,,,,
1148659,2018,2018-08-21,"Daren Sammy National Cricket Stadium, Gros Islet",1,9.3,St Lucia Stars,St Kitts and Nevis Patriots,DJG Sammy,Qais Ahmad,BCJ Cutting,0,0,,,,,,caught,DJG Sammy,,
1148659,2018,2018-08-21,"Daren Sammy National Cricket Stadium, Gros Islet",1,9.4,St Lucia Stars,St Kitts and Nevis Patriots,KAR Hodge,Qais Ahmad,BCJ Cutting,0,0,,,,,,,,,
1148659,2018,2018-08-21,"Daren Sammy National Cricket Stadium, Gros Islet",1,9.5,St Lucia Stars,St Kitts and Nevis Patriots,KAR Hodge,Qais Ahmad,BCJ Cutting,0,0,,,,,,,,,
1148659,2018,2018-08-21,"Daren Sammy National Cricket Stadium, Gros Islet",1,9.6,St Lucia Stars,St Kitts and Nevis Patriots,KAR Hodge,Qais Ahmad,BCJ Cutting,0,0,,,,,,,,,
1148659,2018,2018-08-21,"Daren Sammy National Cricket Stadium, Gros Islet",1,10.1,St Lucia Stars,St Kitts and Nevis Patriots,Qais Ahmad,KAR Hodge,CR Brathwaite,4,0,,,,,,,,,
1148659,2018,2018-08-21,"Daren Sammy National Cricket Stadium, Gros Islet",1,10.2,St Lucia Stars,St Kitts and Nevis Patriots,Qais Ahmad,KAR Hodge,CR Brathwaite,0,0,,,,,,,,,
1148659,2018,2018-08-21,"Daren Sammy National Cricket Stadium, Gros Islet",1,10.3,St Lucia Stars,St Kitts and Nevis Patriots,Qais Ahmad,KAR Hodge,CR Brathwaite,0,0,,,,,,,,,
1148659,2018,2018-08-21,"Daren Sammy National Cricket Stadium, Gros Islet",1,10.4,St Lucia Stars,St Kitts and Nevis Patriots,Qais Ahmad,KAR Hodge,CR Brathwaite,1,0,,,,,,,,,
1148659,2018,2018-08-21,"Daren Sammy National Cricket Stadium, Gros Islet",1,10.5,St Lucia Stars,St Kitts and Nevis Patriots,KAR Hodge,Qais Ahmad,CR Brathwaite,0,0,,,,,,caught,KAR Hodge,,
1148659,2018,2018-08-21,"Daren Sammy National Cricket Stadium, Gros Islet",1,10.6,St Lucia Stars,St Kitts and Nevis Patriots,MJ McClenaghan,Qais Ahmad,CR Brathwaite,1,0,,,,,,,,,
1148659,2018,2018-08-21,"Daren Sammy National Cricket Stadium, Gros Islet",1,11.1,St Lucia Stars,St Kitts and Nevis Patriots,MJ McClenaghan,Qais Ahmad,S Lamichhane,0,0,,,,,,,,,
1148659,2018,2018-08-21,"Daren Sammy National Cricket Stadium, Gros Islet",1,11.2,St Lucia Stars,St Kitts and Nevis Patriots,MJ McClenaghan,Qais Ahmad,S Lamichhane,1,0,,,,,,,,,
1148659,2018,2018-08-21,"Daren Sammy National Cricket Stadium, Gros Islet",1,11.3,St Lucia Stars,St Kitts and Nevis Patriots,Qais Ahmad,MJ McClenaghan,S Lamichhane,0,0,,,,,,,,,
1148659,2018,2018-08-21,"Daren Sammy National Cricket Stadium, Gros Islet",1,11.4,St Lucia Stars,St Kitts and Nevis Patriots,Qais Ahmad,MJ McClenaghan,S Lamichhane,0,0,,,,,,stumped,Qais Ahmad,,
1148659,2018,2018-08-21,"Daren Sammy National Cricket Stadium, Gros Islet",1,11.5,St Lucia Stars,St Kitts and Nevis Patriots,KOK Williams,MJ McClenaghan,S Lamichhane,0,0,,,,,,run out,MJ McClenaghan,,
1148659,2018,2018-08-21,"Daren Sammy National Cricket Stadium, Gros Islet",1,11.6,St Lucia Stars,St Kitts and Nevis Patriots,OC McCoy,KOK Williams,S Lamichhane,6,0,,,,,,,,,
1148659,2018,2018-08-21,"Daren Sammy National Cricket Stadium, Gros Islet",1,12.1,St Lucia Stars,St Kitts and Nevis Patriots,KOK Williams,OC McCoy,SS Cottrell,0,0,,,,,,,,,
1148659,2018,2018-08-21,"Daren Sammy National Cricket Stadium, Gros Islet",1,12.2,St Lucia Stars,St Kitts and Nevis Patriots,KOK Williams,OC McCoy,SS Cottrell,1,0,,,,,,,,,
1148659,2018,2018-08-21,"Daren Sammy National Cricket Stadium, Gros Islet",1,12.3,St Lucia Stars,St Kitts and Nevis Patriots,OC McCoy,KOK Williams,SS Cottrell,0,0,,,,,,caught,OC McCoy,,
1148659,2018,2018-08-21,"Daren Sammy National Cricket Stadium, Gros Islet",2,0.1,St Kitts and Nevis Patriots,St Lucia Stars,E Lewis,DC Thomas,MJ McClenaghan,1,0,,,,,,,,,
1148659,2018,2018-08-21,"Daren Sammy National Cricket Stadium, Gros Islet",2,0.2,St Kitts and Nevis Patriots,St Lucia Stars,DC Thomas,E Lewis,MJ McClenaghan,0,0,,,,,,,,,
1148659,2018,2018-08-21,"Daren Sammy National Cricket Stadium, Gros Islet",2,0.3,St Kitts and Nevis Patriots,St Lucia Stars,DC Thomas,E Lewis,MJ McClenaghan,0,0,,,,,,,,,
1148659,2018,2018-08-21,"Daren Sammy National Cricket Stadium, Gros Islet",2,0.4,St Kitts and Nevis Patriots,St Lucia Stars,DC Thomas,E Lewis,MJ McClenaghan,0,0,,,,,,,,,
1148659,2018,2018-08-21,"Daren Sammy National Cricket Stadium, Gros Islet",2,0.5,St Kitts and Nevis Patriots,St Lucia Stars,DC Thomas,E Lewis,MJ McClenaghan,0,0,,,,,,,,,
1148659,2018,2018-08-21,"Daren Sammy National Cricket Stadium, Gros Islet",2,0.6,St Kitts and Nevis Patriots,St Lucia Stars,DC Thomas,E Lewis,MJ McClenaghan,3,0,,,,,,,,,
1148659,2018,2018-08-21,"Daren Sammy National Cricket Stadium, Gros Islet",2,1.1,St Kitts and Nevis Patriots,St Lucia Stars,DC Thomas,E Lewis,OC McCoy,4,0,,,,,,,,,
1148659,2018,2018-08-21,"Daren Sammy National Cricket Stadium, Gros Islet",2,1.2,St Kitts and Nevis Patriots,St Lucia Stars,DC Thomas,E Lewis,OC McCoy,4,0,,,,,,,,,
1148659,2018,2018-08-21,"Daren Sammy National Cricket Stadium, Gros Islet",2,1.3,St Kitts and Nevis Patriots,St Lucia Stars,DC Thomas,E Lewis,OC McCoy,2,0,,,,,,,,,
1148659,2018,2018-08-21,"Daren Sammy National Cricket Stadium, Gros Islet",2,1.4,St Kitts and Nevis Patriots,St Lucia Stars,DC Thomas,E Lewis,OC McCoy,0,0,,,,,,,,,
1148659,2018,2018-08-21,"Daren Sammy National Cricket Stadium, Gros Islet",2,1.5,St Kitts and Nevis Patriots,St Lucia Stars,DC Thomas,E Lewis,OC McCoy,0,0,,,,,,,,,
1148659,2018,2018-08-21,"Daren Sammy National Cricket Stadium, Gros Islet",2,1.6,St Kitts and Nevis Patriots,St Lucia Stars,DC Thomas,E Lewis,OC McCoy,4,0,,,,,,,,,
1148659,2018,2018-08-21,"Daren Sammy National Cricket Stadium, Gros Islet",2,2.1,St Kitts and Nevis Patriots,St Lucia Stars,E Lewis,DC Thomas,MJ McClenaghan,0,0,,,,,,,,,
1148659,2018,2018-08-21,"Daren Sammy National Cricket Stadium, Gros Islet",2,2.2,St Kitts and Nevis Patriots,St Lucia Stars,E Lewis,DC Thomas,MJ McClenaghan,2,0,,,,,,,,,
1148659,2018,2018-08-21,"Daren Sammy National Cricket Stadium, Gros Islet",2,2.3,St Kitts and Nevis Patriots,St Lucia Stars,E Lewis,DC Thomas,MJ McClenaghan,6,0,,,,,,,,,
1148659,2018,2018-08-21,"Daren Sammy National Cricket Stadium, Gros Islet",2,2.4,St Kitts and Nevis Patriots,St Lucia Stars,E Lewis,DC Thomas,MJ McClenaghan,4,0,,,,,,,,,
1148659,2018,2018-08-21,"Daren Sammy National Cricket Stadium, Gros Islet",2,2.5,St Kitts and Nevis Patriots,St Lucia Stars,E Lewis,DC Thomas,MJ McClenaghan,0,0,,,,,,caught,E Lewis,,
1148659,2018,2018-08-21,"Daren Sammy National Cricket Stadium, Gros Islet",2,2.6,St Kitts and Nevis Patriots,St Lucia Stars,DC Thomas,BA King,MJ McClenaghan,0,0,,,,,,,,,
1148659,2018,2018-08-21,"Daren Sammy National Cricket Stadium, Gros Islet",2,3.1,St Kitts and Nevis Patriots,St Lucia Stars,BA King,DC Thomas,KOK Williams,0,0,,,,,,,,,
1148659,2018,2018-08-21,"Daren Sammy National Cricket Stadium, Gros Islet",2,3.2,St Kitts and Nevis Patriots,St Lucia Stars,BA King,DC Thomas,KOK Williams,1,0,,,,,,,,,
1148659,2018,2018-08-21,"Daren Sammy National Cricket Stadium, Gros Islet",2,3.3,St Kitts and Nevis Patriots,St Lucia Stars,DC Thomas,BA King,KOK Williams,6,0,,,,,,,,,
1148659,2018,2018-08-21,"Daren Sammy National Cricket Stadium, Gros Islet",2,3.4,St Kitts and Nevis Patriots,St Lucia Stars,DC Thomas,BA King,KOK Williams,1,0,,,,,,,,,
1148659,2018,2018-08-21,"Daren Sammy National Cricket Stadium, Gros Islet",2,3.5,St Kitts and Nevis Patriots,St Lucia Stars,BA King,DC Thomas,KOK Williams,4,0,,,,,,,,,
1148659,2018,2018-08-21,"Daren Sammy National Cricket Stadium, Gros Islet",2,3.6,St Kitts and Nevis Patriots,St Lucia Stars,BA King,DC Thomas,KOK Williams,6,0,,,,,,,,,
1148659,2018,2018-08-21,"Daren Sammy National Cricket Stadium, Gros Islet",2,4.1,St Kitts and Nevis Patriots,St Lucia Stars,DC Thomas,BA King,MJ McClenaghan,4,0,,,,,,,,,
1148659,2018,2018-08-21,"Daren Sammy National Cricket Stadium, Gros Islet",2,4.2,St Kitts and Nevis Patriots,St Lucia Stars,DC Thomas,BA King,MJ McClenaghan,1,0,,,,,,,,,
1148659,2018,2018-08-21,"Daren Sammy National Cricket Stadium, Gros Islet",2,4.3,St Kitts and Nevis Patriots,St Lucia Stars,BA King,DC Thomas,MJ McClenaghan,0,0,,,,,,,,,
1148659,2018,2018-08-21,"Daren Sammy National Cricket Stadium, Gros Islet",2,4.4,St Kitts and Nevis Patriots,St Lucia Stars,BA King,DC Thomas,MJ McClenaghan,0,0,,,,,,,,,
1148659,2018,2018-08-21,"Daren Sammy National Cricket Stadium, Gros Islet",2,4.5,St Kitts and Nevis Patriots,St Lucia Stars,BA King,DC Thomas,MJ McClenaghan,6,0,,,,,,,,,
1148659,2018,2018-08-21,"Daren Sammy National Cricket Stadium, Gros Islet",2,4.6,St Kitts and Nevis Patriots,St Lucia Stars,BA King,DC Thomas,MJ McClenaghan,0,0,,,,,,,,,
1148659,2018,2018-08-21,"Daren Sammy National Cricket Stadium, Gros Islet",2,5.1,St Kitts and Nevis Patriots,St Lucia Stars,DC Thomas,BA King,KAR Hodge,1,0,,,,,,,,,
1148659,2018,2018-08-21,"Daren Sammy National Cricket Stadium, Gros Islet",2,5.2,St Kitts and Nevis Patriots,St Lucia Stars,BA King,DC Thomas,KAR Hodge,0,0,,,,,,,,,
1148659,2018,2018-08-21,"Daren Sammy National Cricket Stadium, Gros Islet",2,5.3,St Kitts and Nevis Patriots,St Lucia Stars,BA King,DC Thomas,KAR Hodge,0,0,,,,,,,,,
1148659,2018,2018-08-21,"Daren Sammy National Cricket Stadium, Gros Islet",2,5.4,St Kitts and Nevis Patriots,St Lucia Stars,BA King,DC Thomas,KAR Hodge,0,0,,,,,,lbw,BA King,,
1148659,2018,2018-08-21,"Daren Sammy National Cricket Stadium, Gros Islet",2,5.5,St Kitts and Nevis Patriots,St Lucia Stars,TLW Cooper,DC Thomas,KAR Hodge,0,0,,,,,,,,,
1148659,2018,2018-08-21,"Daren Sammy National Cricket Stadium, Gros Islet",2,5.6,St Kitts and Nevis Patriots,St Lucia Stars,TLW Cooper,DC Thomas,KAR Hodge,0,0,,,,,,,,,
1148659,2018,2018-08-21,"Daren Sammy National Cricket Stadium, Gros Islet",2,6.1,St Kitts and Nevis Patriots,St Lucia Stars,DC Thomas,TLW Cooper,Qais Ahmad,4,0,,,,,,,,,
1148659,2018,2018-08-21,"Daren Sammy National Cricket Stadium, Gros Islet",2,6.2,St Kitts and Nevis Patriots,St Lucia Stars,DC Thomas,TLW Cooper,Qais Ahmad,2,0,,,,,,,,,
1148659,2018,2018-08-21,"Daren Sammy National Cricket Stadium, Gros Islet",2,6.3,St Kitts and Nevis Patriots,St Lucia Stars,DC Thomas,TLW Cooper,Qais Ahmad,1,0,,,,,,,,,
1148659,2018,2018-08-21,"Daren Sammy National Cricket Stadium, Gros Islet",2,6.4,St Kitts and Nevis Patriots,St Lucia Stars,TLW Cooper,DC Thomas,Qais Ahmad,0,0,,,,,,run out,TLW Cooper,,
1148659,2018,2018-08-21,"Daren Sammy National Cricket Stadium, Gros Islet",2,6.5,St Kitts and Nevis Patriots,St Lucia Stars,AP Devcich,DC Thomas,Qais Ahmad,0,0,,,,,,,,,
1148659,2018,2018-08-21,"Daren Sammy National Cricket Stadium, Gros Islet",2,6.6,St Kitts and Nevis Patriots,St Lucia Stars,AP Devcich,DC Thomas,Qais Ahmad,1,0,,,,,,,,,
1148659,2018,2018-08-21,"Daren Sammy National Cricket Stadium, Gros Islet",2,7.1,St Kitts and Nevis Patriots,St Lucia Stars,AP Devcich,DC Thomas,RRS Cornwall,0,0,,,,,,,,,
1148659,2018,2018-08-21,"Daren Sammy National Cricket Stadium, Gros Islet",2,7.2,St Kitts and Nevis Patriots,St Lucia Stars,AP Devcich,DC Thomas,RRS Cornwall,0,0,,,,,,,,,
1148659,2018,2018-08-21,"Daren Sammy National Cricket Stadium, Gros Islet",2,7.3,St Kitts and Nevis Patriots,St Lucia Stars,AP Devcich,DC Thomas,RRS Cornwall,1,0,,,,,,,,,
1148659,2018,2018-08-21,"Daren Sammy National Cricket Stadium, Gros Islet",2,7.4,St Kitts and Nevis Patriots,St Lucia Stars,DC Thomas,AP Devcich,RRS Cornwall,1,0,,,,,,,,,
