match_id,season,start_date,venue,innings,ball,batting_team,bowling_team,striker,non_striker,bowler,runs_off_bat,extras,wides,noballs,byes,legbyes,penalty,wicket_type,player_dismissed,other_wicket_type,other_player_dismissed
1148650,2018,2018-08-11,Providence Stadium,1,0.1,Guyana Amazon Warriors,St Lucia Stars,CAK Walton,L Ronchi,Mohammad Sami,1,0,,,,,,,,,
1148650,2018,2018-08-11,Providence Stadium,1,0.2,Guyana Amazon Warriors,St Lucia Stars,L Ronchi,CAK Walton,Mohammad Sami,0,0,,,,,,,,,
1148650,2018,2018-08-11,Providence Stadium,1,0.3,Guyana Amazon Warriors,St Lucia Stars,L Ronchi,CAK Walton,Mohammad Sami,3,0,,,,,,,,,
1148650,2018,2018-08-11,Providence Stadium,1,0.4,Guyana Amazon Warriors,St Lucia Stars,CAK Walton,L Ronchi,Mohammad Sami,4,0,,,,,,,,,
1148650,2018,2018-08-11,Providence Stadium,1,0.5,Guyana Amazon Warriors,St Lucia Stars,CAK Walton,L Ronchi,Mohammad Sami,0,0,,,,,,,,,
1148650,2018,2018-08-11,Providence Stadium,1,0.6,Guyana Amazon Warriors,St Lucia Stars,CAK Walton,L Ronchi,Mohammad Sami,0,1,1,,,,,,,,
1148650,2018,2018-08-11,Providence Stadium,1,0.7,Guyana Amazon Warriors,St Lucia Stars,CAK Walton,L Ronchi,Mohammad Sami,0,0,,,,,,,,,
1148650,2018,2018-08-11,Providence Stadium,1,1.1,Guyana Amazon Warriors,St Lucia Stars,L Ronchi,CAK Walton,KAR Hodge,0,0,,,,,,,,,
1148650,2018,2018-08-11,Providence Stadium,1,1.2,Guyana Amazon Warriors,St Lucia Stars,L Ronchi,CAK Walton,KAR Hodge,1,0,,,,,,,,,
1148650,2018,2018-08-11,Providence Stadium,1,1.3,Guyana Amazon Warriors,St Lucia Stars,CAK Walton,L Ronchi,KAR Hodge,0,0,,,,,,,,,
1148650,2018,2018-08-11,Providence Stadium,1,1.4,Guyana Amazon Warriors,St Lucia Stars,CAK Walton,L Ronchi,KAR Hodge,1,0,,,,,,,,,
1148650,2018,2018-08-11,Providence Stadium,1,1.5,Guyana Amazon Warriors,St Lucia Stars,L Ronchi,CAK Walton,KAR Hodge,2,0,,,,,,,,,
1148650,2018,2018-08-11,Providence Stadium,1,1.6,Guyana Amazon Warriors,St Lucia Stars,L Ronchi,CAK Walton,KAR Hodge,0,0,,,,,,,,,
1148650,2018,2018-08-11,Providence Stadium,1,2.1,Guyana Amazon Warriors,St Lucia Stars,CAK Walton,L Ronchi,MJ McClenaghan,4,0,,,,,,,,,
1148650,2018,2018-08-11,Providence Stadium,1,2.2,Guyana Amazon Warriors,St Lucia Stars,CAK Walton,L Ronchi,MJ McClenaghan,4,0,,,,,,,,,
1148650,2018,2018-08-11,Providence Stadium,1,2.3,Guyana Amazon Warriors,St Lucia Stars,CAK Walton,L Ronchi,MJ McClenaghan,0,0,,,,,,,,,
1148650,2018,2018-08-11,Providence Stadium,1,2.4,Guyana Amazon Warriors,St Lucia Stars,CAK Walton,L Ronchi,MJ McClenaghan,2,0,,,,,,,,,
1148650,2018,2018-08-11,Providence Stadium,1,2.5,Guyana Amazon Warriors,St Lucia Stars,CAK Walton,L Ronchi,MJ McClenaghan,1,0,,,,,,,,,
1148650,2018,2018-08-11,Providence Stadium,1,2.6,Guyana Amazon Warriors,St Lucia Stars,L Ronchi,CAK Walton,MJ McClenaghan,4,0,,,,,,,,,
1148650,2018,2018-08-11,Providence Stadium,1,3.1,Guyana Amazon Warriors,St Lucia Stars,CAK Walton,L Ronchi,KAR Hodge,1,0,,,,,,,,,
1148650,2018,2018-08-11,Providence Stadium,1,3.2,Guyana Amazon Warriors,St Lucia Stars,L Ronchi,CAK Walton,KAR Hodge,1,0,,,,,,,,,
1148650,2018,2018-08-11,Providence Stadium,1,3.3,Guyana Amazon Warriors,St Lucia Stars,CAK Walton,L Ronchi,KAR Hodge,1,0,,,,,,,,,
1148650,2018,2018-08-11,Providence Stadium,1,3.4,Guyana Amazon Warriors,St Lucia Stars,L Ronchi,CAK Walton,KAR Hodge,1,0,,,,,,,,,
1148650,2018,2018-08-11,Providence Stadium,1,3.5,Guyana Amazon Warriors,St Lucia Stars,CAK Walton,L Ronchi,KAR Hodge,0,0,,,,,,,,,
1148650,2018,2018-08-11,Providence Stadium,1,3.6,Guyana Amazon Warriors,St Lucia Stars,CAK Walton,L Ronchi,KAR Hodge,1,0,,,,,,,,,
1148650,2018,2018-08-11,Providence Stadium,1,4.1,Guyana Amazon Warriors,St Lucia Stars,CAK Walton,L Ronchi,Mohammad Sami,6,0,,,,,,,,,
1148650,2018,2018-08-11,Providence Stadium,1,4.2,Guyana Amazon Warriors,St Lucia Stars,CAK Walton,L Ronchi,Mohammad Sami,0,0,,,,,,,,,
1148650,2018,2018-08-11,Providence Stadium,1,4.3,Guyana Amazon Warriors,St Lucia Stars,CAK Walton,L Ronchi,Mohammad Sami,0,1,,,1,,,,,,
1148650,2018,2018-08-11,Providence Stadium,1,4.4,Guyana Amazon Warriors,St Lucia Stars,L Ronchi,CAK Walton,Mohammad Sami,1,0,,,,,,,,,
1148650,2018,2018-08-11,Providence Stadium,1,4.5,Guyana Amazon Warriors,St Lucia Stars,CAK Walton,L Ronchi,Mohammad Sami,0,0,,,,,,,,,
1148650,2018,2018-08-11,Providence Stadium,1,4.6,Guyana Amazon Warriors,St Lucia Stars,CAK Walton,L Ronchi,Mohammad Sami,4,0,,,,,,,,,
1148650,2018,2018-08-11,Providence Stadium,1,5.1,Guyana Amazon Warriors,St Lucia Stars,L Ronchi,CAK Walton,KAR Hodge,4,0,,,,,,,,,
1148650,2018,2018-08-11,Providence Stadium,1,5.2,Guyana Amazon Warriors,St Lucia Stars,L Ronchi,CAK Walton,KAR Hodge,0,0,,,,,,,,,
1148650,2018,2018-08-11,Providence Stadium,1,5.3,Guyana Amazon Warriors,St Lucia Stars,L Ronchi,CAK Walton,KAR Hodge,0,0,,,,,,,,,
1148650,2018,2018-08-11,Providence Stadium,1,5.4,Guyana Amazon Warriors,St Lucia Stars,L Ronchi,CAK Walton,KAR Hodge,1,0,,,,,,,,,
1148650,2018,2018-08-11,Providence Stadium,1,5.5,Guyana Amazon Warriors,St Lucia Stars,CAK Walton,L Ronchi,KAR Hodge,0,0,,,,,,,,,
1148650,2018,2018-08-11,Providence Stadium,1,5.6,Guyana Amazon Warriors,St Lucia Stars,CAK Walton,L Ronchi,KAR Hodge,0,0,,,,,,,,,
1148650,2018,2018-08-11,Providence Stadium,1,6.1,Guyana Amazon Warriors,St Lucia Stars,L Ronchi,CAK Walton,KA Pollard,2,0,,,,,,,,,
1148650,2018,2018-08-11,Providence Stadium,1,6.2,Guyana Amazon Warriors,St Lucia Stars,L Ronchi,CAK Walton,KA Pollard,0,0,,,,,,,,,
1148650,2018,2018-08-11,Providence Stadium,1,6.3,Guyana Amazon Warriors,St Lucia Stars,L Ronchi,CAK Walton,KA Pollard,1,0,,,,,,,,,
1148650,2018,2018-08-11,Providence Stadium,1,6.4,Guyana Amazon Warriors,St Lucia Stars,CAK Walton,L Ronchi,KA Pollard,1,0,,,,,,,,,
1148650,2018,2018-08-11,Providence Stadium,1,6.5,Guyana Amazon Warriors,St Lucia Stars,L Ronchi,CAK Walton,KA Pollard,0,0,,,,,,,,,
1148650,2018,2018-08-11,Providence Stadium,1,6.6,Guyana Amazon Warriors,St Lucia Stars,L Ronchi,CAK Walton,KA Pollard,0,0,,,,,,,,,
1148650,2018,2018-08-11,Providence Stadium,1,7.1,Guyana Amazon Warriors,St Lucia Stars,CAK Walton,L Ronchi,Qais Ahmad,0,0,,,,,,stumped,CAK Walton,,
1148650,2018,2018-08-11,Providence Stadium,1,7.2,Guyana Amazon Warriors,St Lucia Stars,SO Hetmyer,L Ronchi,Qais Ahmad,0,0,,,,,,,,,
1148650,2018,2018-08-11,Providence Stadium,1,7.3,Guyana Amazon Warriors,St Lucia Stars,SO Hetmyer,L Ronchi,Qais Ahmad,1,0,,,,,,,,,
1148650,2018,2018-08-11,Providence Stadium,1,7.4,Guyana Amazon Warriors,St Lucia Stars,L Ronchi,SO Hetmyer,Qais Ahmad,1,0,,,,,,,,,
1148650,2018,2018-08-11,Providence Stadium,1,7.5,Guyana Amazon Warriors,St Lucia Stars,SO Hetmyer,L Ronchi,Qais Ahmad,4,0,,,,,,,,,
1148650,2018,2018-08-11,Providence Stadium,1,7.6,Guyana Amazon Warriors,St Lucia Stars,SO Hetmyer,L Ronchi,Qais Ahmad,1,0,,,,,,,,,
1148650,2018,2018-08-11,Providence Stadium,1,8.1,Guyana Amazon Warriors,St Lucia Stars,SO Hetmyer,L Ronchi,KA Pollard,0,0,,,,,,,,,
1148650,2018,2018-08-11,Providence Stadium,1,8.2,Guyana Amazon Warriors,St Lucia Stars,SO Hetmyer,L Ronchi,KA Pollard,4,0,,,,,,,,,
1148650,2018,2018-08-11,Providence Stadium,1,8.3,Guyana Amazon Warriors,St Lucia Stars,SO Hetmyer,L Ronchi,KA Pollard,4,0,,,,,,,,,
1148650,2018,2018-08-11,Providence Stadium,1,8.4,Guyana Amazon Warriors,St Lucia Stars,SO Hetmyer,L Ronchi,KA Pollard,0,0,,,,,,,,,
1148650,2018,2018-08-11,Providence Stadium,1,8.5,Guyana Amazon Warriors,St Lucia Stars,SO Hetmyer,L Ronchi,KA Pollard,1,0,,,,,,,,,
1148650,2018,2018-08-11,Providence Stadium,1,8.6,Guyana Amazon Warriors,St Lucia Stars,L Ronchi,SO Hetmyer,KA Pollard,1,0,,,,,,,,,
1148650,2018,2018-08-11,Providence Stadium,1,9.1,Guyana Amazon Warriors,St Lucia Stars,L Ronchi,SO Hetmyer,Qais Ahmad,0,0,,,,,,,,,
1148650,2018,2018-08-11,Providence Stadium,1,9.2,Guyana Amazon Warriors,St Lucia Stars,L Ronchi,SO Hetmyer,Qais Ahmad,0,0,,,,,,,,,
1148650,2018,2018-08-11,Providence Stadium,1,9.3,Guyana Amazon Warriors,St Lucia Stars,L Ronchi,SO Hetmyer,Qais Ahmad,1,0,,,,,,,,,
1148650,2018,2018-08-11,Providence Stadium,1,9.4,Guyana Amazon Warriors,St Lucia Stars,SO Hetmyer,L Ronchi,Qais Ahmad,0,0,,,,,,,,,
1148650,2018,2018-08-11,Providence Stadium,1,9.5,Guyana Amazon Warriors,St Lucia Stars,SO Hetmyer,L Ronchi,Qais Ahmad,1,0,,,,,,,,,
1148650,2018,2018-08-11,Providence Stadium,1,9.6,Guyana Amazon Warriors,St Lucia Stars,L Ronchi,SO Hetmyer,Qais Ahmad,0,0,,,,,,,,,
1148650,2018,2018-08-11,Providence Stadium,1,10.1,Guyana Amazon Warriors,St Lucia Stars,SO Hetmyer,L Ronchi,KOK Williams,1,0,,,,,,,,,
1148650,2018,2018-08-11,Providence Stadium,1,10.2,Guyana Amazon Warriors,St Lucia Stars,L Ronchi,SO Hetmyer,KOK Williams,1,0,,,,,,,,,
1148650,2018,2018-08-11,Providence Stadium,1,10.3,Guyana Amazon Warriors,St Lucia Stars,SO Hetmyer,L Ronchi,KOK Williams,1,0,,,,,,,,,
1148650,2018,2018-08-11,Providence Stadium,1,10.4,Guyana Amazon Warriors,St Lucia Stars,L Ronchi,SO Hetmyer,KOK Williams,1,0,,,,,,,,,
1148650,2018,2018-08-11,Providence Stadium,1,10.5,Guyana Amazon Warriors,St Lucia Stars,SO Hetmyer,L Ronchi,KOK Williams,1,0,,,,,,,,,
1148650,2018,2018-08-11,Providence Stadium,1,10.6,Guyana Amazon Warriors,St Lucia Stars,L Ronchi,SO Hetmyer,KOK Williams,6,0,,,,,,,,,
1148650,2018,2018-08-11,Providence Stadium,1,11.1,Guyana Amazon Warriors,St Lucia Stars,SO Hetmyer,L Ronchi,Qais Ahmad,0,0,,,,,,,,,
1148650,2018,2018-08-11,Providence Stadium,1,11.2,Guyana Amazon Warriors,St Lucia Stars,SO Hetmyer,L Ronchi,Qais Ahmad,0,0,,,,,,,,,
1148650,2018,2018-08-11,Providence Stadium,1,11.3,Guyana Amazon Warriors,St Lucia Stars,SO Hetmyer,L Ronchi,Qais Ahmad,2,0,,,,,,,,,
1148650,2018,2018-08-11,Providence Stadium,1,11.4,Guyana Amazon Warriors,St Lucia Stars,SO Hetmyer,L Ronchi,Qais Ahmad,0,0,,,,,,,,,
1148650,2018,2018-08-11,Providence Stadium,1,11.5,Guyana Amazon Warriors,St Lucia Stars,SO Hetmyer,L Ronchi,Qais Ahmad,0,0,,,,,,caught,SO Hetmyer,,
1148650,2018,2018-08-11,Providence Stadium,1,11.6,Guyana Amazon Warriors,St Lucia Stars,Shoaib Malik,L Ronchi,Qais Ahmad,1,0,,,,,,,,,
1148650,2018,2018-08-11,Providence Stadium,1,12.1,Guyana Amazon Warriors,St Lucia Stars,Shoaib Malik,L Ronchi,KAR Hodge,0,0,,,,,,,,,
1148650,2018,2018-08-11,Providence Stadium,1,12.2,Guyana Amazon Warriors,St Lucia Stars,Shoaib Malik,L Ronchi,KAR Hodge,6,0,,,,,,,,,
1148650,2018,2018-08-11,Providence Stadium,1,12.3,Guyana Amazon Warriors,St Lucia Stars,Shoaib Malik,L Ronchi,KAR Hodge,1,0,,,,,,,,,
1148650,2018,2018-08-11,Providence Stadium,1,12.4,Guyana Amazon Warriors,St Lucia Stars,L Ronchi,Shoaib Malik,KAR Hodge,0,0,,,,,,,,,
1148650,2018,2018-08-11,Providence Stadium,1,12.5,Guyana Amazon Warriors,St Lucia Stars,L Ronchi,Shoaib Malik,KAR Hodge,0,0,,,,,,,,,
1148650,2018,2018-08-11,Providence Stadium,1,12.6,Guyana Amazon Warriors,St Lucia Stars,L Ronchi,Shoaib Malik,KAR Hodge,3,0,,,,,,,,,
1148650,2018,2018-08-11,Providence Stadium,1,13.1,Guyana Amazon Warriors,St Lucia Stars,L Ronchi,Shoaib Malik,Qais Ahmad,1,0,,,,,,,,,
1148650,2018,2018-08-11,Providence Stadium,1,13.2,Guyana Amazon Warriors,St Lucia Stars,Shoaib Malik,L Ronchi,Qais Ahmad,0,0,,,,,,,,,
1148650,2018,2018-08-11,Providence Stadium,1,13.3,Guyana Amazon Warriors,St Lucia Stars,Shoaib Malik,L Ronchi,Qais Ahmad,0,0,,,,,,bowled,Shoaib Malik,,
1148650,2018,2018-08-11,Providence Stadium,1,13.4,Guyana Amazon Warriors,St Lucia Stars,JN Mohammed,L Ronchi,Qais Ahmad,1,0,,,,,,,,,
1148650,2018,2018-08-11,Providence Stadium,1,13.5,Guyana Amazon Warriors,St Lucia Stars,L Ronchi,JN Mohammed,Qais Ahmad,0,0,,,,,,,,,
1148650,2018,2018-08-11,Providence Stadium,1,13.6,Guyana Amazon Warriors,St Lucia Stars,L Ronchi,JN Mohammed,Qais Ahmad,1,0,,,,,,,,,
1148650,2018,2018-08-11,Providence Stadium,1,14.1,Guyana Amazon Warriors,St Lucia Stars,L Ronchi,JN Mohammed,RRS Cornwall,0,0,,,,,,,,,
1148650,2018,2018-08-11,Providence Stadium,1,14.2,Guyana Amazon Warriors,St Lucia Stars,L Ronchi,JN Mohammed,RRS Cornwall,1,0,,,,,,,,,
1148650,2018,2018-08-11,Providence Stadium,1,14.3,Guyana Amazon Warriors,St Lucia Stars,JN Mohammed,L Ronchi,RRS Cornwall,1,0,,,,,,,,,
1148650,2018,2018-08-11,Providence Stadium,1,14.4,Guyana Amazon Warriors,St Lucia Stars,L Ronchi,JN Mohammed,RRS Cornwall,1,0,,,,,,,,,
1148650,2018,2018-08-11,Providence Stadium,1,14.5,Guyana Amazon Warriors,St Lucia Stars,JN Mohammed,L Ronchi,RRS Cornwall,1,0,,,,,,,,,
1148650,2018,2018-08-11,Providence Stadium,1,14.6,Guyana Amazon Warriors,St Lucia Stars,L Ronchi,JN Mohammed,RRS Cornwall,1,0,,,,,,,,,
1148650,2018,2018-08-11,Providence Stadium,1,15.1,Guyana Amazon Warriors,St Lucia Stars,L Ronchi,JN Mohammed,MS Chapman,1,0,,,,,,,,,
1148650,2018,2018-08-11,Providence Stadium,1,15.2,Guyana Amazon Warriors,St Lucia Stars,JN Mohammed,L Ronchi,MS Chapman,4,0,,,,,,,,,
1148650,2018,2018-08-11,Providence Stadium,1,15.3,Guyana Amazon Warriors,St Lucia Stars,JN Mohammed,L Ronchi,MS Chapman,1,0,,,,,,,,,
1148650,2018,2018-08-11,Providence Stadium,1,15.4,Guyana Amazon Warriors,St Lucia Stars,L Ronchi,JN Mohammed,MS Chapman,1,0,,,,,,,,,
1148650,2018,2018-08-11,Providence Stadium,1,15.5,Guyana Amazon Warriors,St Lucia Stars,JN Mohammed,L Ronchi,MS Chapman,1,0,,,,,,,,,
1148650,2018,2018-08-11,Providence Stadium,1,15.6,Guyana Amazon Warriors,St Lucia Stars,L Ronchi,JN Mohammed,MS Chapman,0,0,,,,,,lbw,L Ronchi,,
1148650,2018,2018-08-11,Providence Stadium,1,16.1,Guyana Amazon Warriors,St Lucia Stars,JN Mohammed,SE Rutherford,RRS Cornwall,0,1,1,,,,,,,,
1148650,2018,2018-08-11,Providence Stadium,1,16.2,Guyana Amazon Warriors,St Lucia Stars,JN Mohammed,SE Rutherford,RRS Cornwall,0,0,,,,,,,,,
1148650,2018,2018-08-11,Providence Stadium,1,16.3,Guyana Amazon Warriors,St Lucia Stars,JN Mohammed,SE Rutherford,RRS Cornwall,1,0,,,,,,,,,
1148650,2018,2018-08-11,Providence Stadium,1,16.4,Guyana Amazon Warriors,St Lucia Stars,SE Rutherford,JN Mohammed,RRS Cornwall,0,0,,,,,,,,,
1148650,2018,2018-08-11,Providence Stadium,1,16.5,Guyana Amazon Warriors,St Lucia Stars,SE Rutherford,JN Mohammed,RRS Cornwall,1,0,,,,,,,,,
1148650,2018,2018-08-11,Providence Stadium,1,16.6,Guyana Amazon Warriors,St Lucia Stars,JN Mohammed,SE Rutherford,RRS Cornwall,0,0,,,,,,,,,
1148650,2018,2018-08-11,Providence Stadium,1,16.7,Guyana Amazon Warriors,St Lucia Stars,JN Mohammed,SE Rutherford,RRS Cornwall,0,0,,,,,,,,,
1148650,2018,2018-08-11,Providence Stadium,1,17.1,Guyana Amazon Warriors,St Lucia Stars,SE Rutherford,JN Mohammed,KOK Williams,1,0,,,,,,,,,
1148650,2018,2018-08-11,Providence Stadium,1,17.2,Guyana Amazon Warriors,St Lucia Stars,JN Mohammed,SE Rutherford,KOK Williams,1,0,,,,,,,,,
1148650,2018,2018-08-11,Providence Stadium,1,17.3,Guyana Amazon Warriors,St Lucia Stars,SE Rutherford,JN Mohammed,KOK Williams,2,0,,,,,,,,,
1148650,2018,2018-08-11,Providence Stadium,1,17.4,Guyana Amazon Warriors,St Lucia Stars,SE Rutherford,JN Mohammed,KOK Williams,2,0,,,,,,,,,
1148650,2018,2018-08-11,Providence Stadium,1,17.5,Guyana Amazon Warriors,St Lucia Stars,SE Rutherford,JN Mohammed,KOK Williams,0,0,,,,,,,,,
1148650,2018,2018-08-11,Providence Stadium,1,17.6,Guyana Amazon Warriors,St Lucia Stars,SE Rutherford,JN Mohammed,KOK Williams,1,0,,,,,,,,,
1148650,2018,2018-08-11,Providence Stadium,1,18.1,Guyana Amazon Warriors,St Lucia Stars,SE Rutherford,JN Mohammed,RRS Cornwall,0,0,,,,,,,,,
1148650,2018,2018-08-11,Providence Stadium,1,18.2,Guyana Amazon Warriors,St Lucia Stars,SE Rutherford,JN Mohammed,RRS Cornwall,0,0,,,,,,,,,
1148650,2018,2018-08-11,Providence Stadium,1,18.3,Guyana Amazon Warriors,St Lucia Stars,SE Rutherford,JN Mohammed,RRS Cornwall,1,0,,,,,,,,,
1148650,2018,2018-08-11,Providence Stadium,1,18.4,Guyana Amazon Warriors,St Lucia Stars,JN Mohammed,SE Rutherford,RRS Cornwall,1,0,,,,,,,,,
1148650,2018,2018-08-11,Providence Stadium,1,18.5,Guyana Amazon Warriors,St Lucia Stars,SE Rutherford,JN Mohammed,RRS Cornwall,6,0,,,,,,,,,
1148650,2018,2018-08-11,Providence Stadium,1,18.6,Guyana Amazon Warriors,St Lucia Stars,SE Rutherford,JN Mohammed,RRS Cornwall,0,0,,,,,,,,,
1148650,2018,2018-08-11,Providence Stadium,1,19.1,Guyana Amazon Warriors,St Lucia Stars,JN Mohammed,SE Rutherford,KOK Williams,6,0,,,,,,,,,
1148650,2018,2018-08-11,Providence Stadium,1,19.2,Guyana Amazon Warriors,St Lucia Stars,JN Mohammed,SE Rutherford,KOK Williams,1,0,,,,,,,,,
1148650,2018,2018-08-11,Providence Stadium,1,19.3,Guyana Amazon Warriors,St Lucia Stars,SE Rutherford,JN Mohammed,KOK Williams,0,0,,,,,,,,,
1148650,2018,2018-08-11,Providence Stadium,1,19.4,Guyana Amazon Warriors,St Lucia Stars,SE Rutherford,JN Mohammed,KOK Williams,1,0,,,,,,,,,
1148650,2018,2018-08-11,Providence Stadium,1,19.5,Guyana Amazon Warriors,St Lucia Stars,JN Mohammed,SE Rutherford,KOK Williams,1,0,,,,,,,,,
1148650,2018,2018-08-11,Providence Stadium,1,19.6,Guyana Amazon Warriors,St Lucia Stars,SE Rutherford,JN Mohammed,KOK Williams,1,0,,,,,,,,,
1148650,2018,2018-08-11,Providence Stadium,2,0.1,St Lucia Stars,Guyana Amazon Warriors,ADS Fletcher,DA Warner,Sohail Tanvir,1,0,,,,,,,,,
1148650,2018,2018-08-11,Providence Stadium,2,0.2,St Lucia Stars,Guyana Amazon Warriors,DA Warner,ADS Fletcher,Sohail Tanvir,0,0,,,,,,,,,
1148650,2018,2018-08-11,Providence Stadium,2,0.3,St Lucia Stars,Guyana Amazon Warriors,DA Warner,ADS Fletcher,Sohail Tanvir,1,0,,,,,,,,,
1148650,2018,2018-08-11,Providence Stadium,2,0.4,St Lucia Stars,Guyana Amazon Warriors,ADS Fletcher,DA Warner,Sohail Tanvir,0,0,,,,,,,,,
1148650,2018,2018-08-11,Providence Stadium,2,0.5,St Lucia Stars,Guyana Amazon Warriors,ADS Fletcher,DA Warner,Sohail Tanvir,0,0,,,,,,,,,
1148650,2018,2018-08-11,Providence Stadium,2,0.6,St Lucia Stars,Guyana Amazon Warriors,ADS Fletcher,DA Warner,Sohail Tanvir,0,0,,,,,,,,,
1148650,2018,2018-08-11,Providence Stadium,2,1.1,St Lucia Stars,Guyana Amazon Warriors,DA Warner,ADS Fletcher,CJ Green,0,2,2,,,,,,,,
1148650,2018,2018-08-11,Providence Stadium,2,1.2,St Lucia Stars,Guyana Amazon Warriors,ADS Fletcher,DA Warner,CJ Green,4,0,,,,,,,,,
1148650,2018,2018-08-11,Providence Stadium,2,1.3,St Lucia Stars,Guyana Amazon Warriors,ADS Fletcher,DA Warner,CJ Green,0,0,,,,,,,,,
1148650,2018,2018-08-11,Providence Stadium,2,1.4,St Lucia Stars,Guyana Amazon Warriors,ADS Fletcher,DA Warner,CJ Green,0,2,2,,,,,,,,
1148650,2018,2018-08-11,Providence Stadium,2,1.5,St Lucia Stars,Guyana Amazon Warriors,DA Warner,ADS Fletcher,CJ Green,0,0,,,,,,,,,
1148650,2018,2018-08-11,Providence Stadium,2,1.6,St Lucia Stars,Guyana Amazon Warriors,DA Warner,ADS Fletcher,CJ Green,1,0,,,,,,,,,
1148650,2018,2018-08-11,Providence Stadium,2,1.7,St Lucia Stars,Guyana Amazon Warriors,ADS Fletcher,DA Warner,CJ Green,0,0,,,,,,,,,
1148650,2018,2018-08-11,Providence Stadium,2,1.8,St Lucia Stars,Guyana Amazon Warriors,ADS Fletcher,DA Warner,CJ Green,0,0,,,,,,,,,
1148650,2018,2018-08-11,Providence Stadium,2,2.1,St Lucia Stars,Guyana Amazon Warriors,DA Warner,ADS Fletcher,Sohail Tanvir,0,0,,,,,,,,,
1148650,2018,2018-08-11,Providence Stadium,2,2.2,St Lucia Stars,Guyana Amazon Warriors,DA Warner,ADS Fletcher,Sohail Tanvir,1,0,,,,,,,,,
1148650,2018,2018-08-11,Providence Stadium,2,2.3,St Lucia Stars,Guyana Amazon Warriors,ADS Fletcher,DA Warner,Sohail Tanvir,1,0,,,,,,,,,
1148650,2018,2018-08-11,Providence Stadium,2,2.4,St Lucia Stars,Guyana Amazon Warriors,DA Warner,ADS Fletcher,Sohail Tanvir,0,0,,,,,,,,,
1148650,2018,2018-08-11,Providence Stadium,2,2.5,St Lucia Stars,Guyana Amazon Warriors,DA Warner,ADS Fletcher,Sohail Tanvir,0,0,,,,,,,,,
1148650,2018,2018-08-11,Providence Stadium,2,2.6,St Lucia Stars,Guyana Amazon Warriors,DA Warner,ADS Fletcher,Sohail Tanvir,0,0,,,,,,,,,
1148650,2018,2018-08-11,Providence Stadium,2,3.1,St Lucia Stars,Guyana Amazon Warriors,ADS Fletcher,DA Warner,CJ Green,4,0,,,,,,,,,
1148650,2018,2018-08-11,Providence Stadium,2,3.2,St Lucia Stars,Guyana Amazon Warriors,ADS Fletcher,DA Warner,CJ Green,0,0,,,,,,,,,
1148650,2018,2018-08-11,Providence Stadium,2,3.3,St Lucia Stars,Guyana Amazon Warriors,ADS Fletcher,DA Warner,CJ Green,1,0,,,,,,,,,
1148650,2018,2018-08-11,Providence Stadium,2,3.4,St Lucia Stars,Guyana Amazon Warriors,DA Warner,ADS Fletcher,CJ Green,0,0,,,,,,,,,
1148650,2018,2018-08-11,Providence Stadium,2,3.5,St Lucia Stars,Guyana Amazon Warriors,DA Warner,ADS Fletcher,CJ Green,1,0,,,,,,,,,
1148650,2018,2018-08-11,Providence Stadium,2,3.6,St Lucia Stars,Guyana Amazon Warriors,ADS Fletcher,DA Warner,CJ Green,0,0,,,,,,,,,
1148650,2018,2018-08-11,Providence Stadium,2,4.1,St Lucia Stars,Guyana Amazon Warriors,DA Warner,ADS Fletcher,Sohail Tanvir,2,0,,,,,,,,,
1148650,2018,2018-08-11,Providence Stadium,2,4.2,St Lucia Stars,Guyana Amazon Warriors,DA Warner,ADS Fletcher,Sohail Tanvir,0,0,,,,,,,,,
1148650,2018,2018-08-11,Providence Stadium,2,4.3,St Lucia Stars,Guyana Amazon Warriors,DA Warner,ADS Fletcher,Sohail Tanvir,0,0,,,,,,,,,
1148650,2018,2018-08-11,Providence Stadium,2,4.4,St Lucia Stars,Guyana Amazon Warriors,DA Warner,ADS Fletcher,Sohail Tanvir,0,0,,,,,,,,,
1148650,2018,2018-08-11,Providence Stadium,2,4.5,St Lucia Stars,Guyana Amazon Warriors,DA Warner,ADS Fletcher,Sohail Tanvir,0,0,,,,,,,,,
1148650,2018,2018-08-11,Providence Stadium,2,4.6,St Lucia Stars,Guyana Amazon Warriors,DA Warner,ADS Fletcher,Sohail Tanvir,4,0,,,,,,,,,
1148650,2018,2018-08-11,Providence Stadium,2,5.1,St Lucia Stars,Guyana Amazon Warriors,ADS Fletcher,DA Warner,RR Emrit,0,0,,,,,,,,,
1148650,2018,2018-08-11,Providence Stadium,2,5.2,St Lucia Stars,Guyana Amazon Warriors,ADS Fletcher,DA Warner,RR Emrit,1,0,,,,,,,,,
1148650,2018,2018-08-11,Providence Stadium,2,5.3,St Lucia Stars,Guyana Amazon Warriors,DA Warner,ADS Fletcher,RR Emrit,1,0,,,,,,,,,
1148650,2018,2018-08-11,Providence Stadium,2,5.4,St Lucia Stars,Guyana Amazon Warriors,ADS Fletcher,DA Warner,RR Emrit,1,0,,,,,,,,,
1148650,2018,2018-08-11,Providence Stadium,2,5.5,St Lucia Stars,Guyana Amazon Warriors,DA Warner,ADS Fletcher,RR Emrit,0,0,,,,,,,,,
1148650,2018,2018-08-11,Providence Stadium,2,5.6,St Lucia Stars,Guyana Amazon Warriors,DA Warner,ADS Fletcher,RR Emrit,0,0,,,,,,,,,
1148650,2018,2018-08-11,Providence Stadium,2,6.1,St Lucia Stars,Guyana Amazon Warriors,ADS Fletcher,DA Warner,Imran Tahir,1,0,,,,,,,,,
1148650,2018,2018-08-11,Providence Stadium,2,6.2,St Lucia Stars,Guyana Amazon Warriors,DA Warner,ADS Fletcher,Imran Tahir,0,0,,,,,,lbw,DA Warner,,
1148650,2018,2018-08-11,Providence Stadium,2,6.3,St Lucia Stars,Guyana Amazon Warriors,LMP Simmons,ADS Fletcher,Imran Tahir,1,0,,,,,,,,,
1148650,2018,2018-08-11,Providence Stadium,2,6.4,St Lucia Stars,Guyana Amazon Warriors,ADS Fletcher,LMP Simmons,Imran Tahir,0,0,,,,,,,,,
1148650,2018,2018-08-11,Providence Stadium,2,6.5,St Lucia Stars,Guyana Amazon Warriors,ADS Fletcher,LMP Simmons,Imran Tahir,0,0,,,,,,lbw,ADS Fletcher,,
1148650,2018,2018-08-11,Providence Stadium,2,6.6,St Lucia Stars,Guyana Amazon Warriors,KA Pollard,LMP Simmons,Imran Tahir,1,0,,,,,,,,,
1148650,2018,2018-08-11,Providence Stadium,2,7.1,St Lucia Stars,Guyana Amazon Warriors,KA Pollard,LMP Simmons,KMA Paul,0,1,1,,,,,,,,
1148650,2018,2018-08-11,Providence Stadium,2,7.2,St Lucia Stars,Guyana Amazon Warriors,KA Pollard,LMP Simmons,KMA Paul,0,1,1,,,,,,,,
1148650,2018,2018-08-11,Providence Stadium,2,7.3,St Lucia Stars,Guyana Amazon Warriors,KA Pollard,LMP Simmons,KMA Paul,1,0,,,,,,,,,
1148650,2018,2018-08-11,Providence Stadium,2,7.4,St Lucia Stars,Guyana Amazon Warriors,LMP Simmons,KA Pollard,KMA Paul,1,0,,,,,,,,,
1148650,2018,2018-08-11,Providence Stadium,2,7.5,St Lucia Stars,Guyana Amazon Warriors,KA Pollard,LMP Simmons,KMA Paul,2,0,,,,,,,,,
1148650,2018,2018-08-11,Providence Stadium,2,7.6,St Lucia Stars,Guyana Amazon Warriors,KA Pollard,LMP Simmons,KMA Paul,1,0,,,,,,,,,
1148650,2018,2018-08-11,Providence Stadium,2,7.7,St Lucia Stars,Guyana Amazon Warriors,LMP Simmons,KA Pollard,KMA Paul,0,1,1,,,,,,,,
1148650,2018,2018-08-11,Providence Stadium,2,7.8,St Lucia Stars,Guyana Amazon Warriors,LMP Simmons,KA Pollard,KMA Paul,1,0,,,,,,,,,
1148650,2018,2018-08-11,Providence Stadium,2,7.9,St Lucia Stars,Guyana Amazon Warriors,KA Pollard,LMP Simmons,KMA Paul,0,0,,,,,,,,,
1148650,2018,2018-08-11,Providence Stadium,2,8.1,St Lucia Stars,Guyana Amazon Warriors,LMP Simmons,KA Pollard,Imran Tahir,0,0,,,,,,,,,
1148650,2018,2018-08-11,Providence Stadium,2,8.2,St Lucia Stars,Guyana Amazon Warriors,LMP Simmons,KA Pollard,Imran Tahir,0,0,,,,,,,,,
1148650,2018,2018-08-11,Providence Stadium,2,8.3,St Lucia Stars,Guyana Amazon Warriors,LMP Simmons,KA Pollard,Imran Tahir,0,0,,,,,,,,,
1148650,2018,2018-08-11,Providence Stadium,2,8.4,St Lucia Stars,Guyana Amazon Warriors,LMP Simmons,KA Pollard,Imran Tahir,0,0,,,,,,,,,
1148650,2018,2018-08-11,Providence Stadium,2,8.5,St Lucia Stars,Guyana Amazon Warriors,LMP Simmons,KA Pollard,Imran Tahir,1,0,,,,,,,,,
1148650,2018,2018-08-11,Providence Stadium,2,8.6,St Lucia Stars,Guyana Amazon Warriors,KA Pollard,LMP Simmons,Imran Tahir,0,0,,,,,,,,,
1148650,2018,2018-08-11,Providence Stadium,2,9.1,St Lucia Stars,Guyana Amazon Warriors,LMP Simmons,KA Pollard,KMA Paul,1,0,,,,,,,,,
1148650,2018,2018-08-11,Providence Stadium,2,9.2,St Lucia Stars,Guyana Amazon Warriors,KA Pollard,LMP Simmons,KMA Paul,1,0,,,,,,,,,
1148650,2018,2018-08-11,Providence Stadium,2,9.3,St Lucia Stars,Guyana Amazon Warriors,LMP Simmons,KA Pollard,KMA Paul,1,0,,,,,,,,,
1148650,2018,2018-08-11,Providence Stadium,2,9.4,St Lucia Stars,Guyana Amazon Warriors,KA Pollard,LMP Simmons,KMA Paul,4,0,,,,,,,,,
1148650,2018,2018-08-11,Providence Stadium,2,9.5,St Lucia Stars,Guyana Amazon Warriors,KA Pollard,LMP Simmons,KMA Paul,2,0,,,,,,,,,
1148650,2018,2018-08-11,Providence Stadium,2,9.6,St Lucia Stars,Guyana Amazon Warriors,KA Pollard,LMP Simmons,KMA Paul,0,0,,,,,,,,,
1148650,2018,2018-08-11,Providence Stadium,2,10.1,St Lucia Stars,Guyana Amazon Warriors,LMP Simmons,KA Pollard,Imran Tahir,1,0,,,,,,,,,
1148650,2018,2018-08-11,Providence Stadium,2,10.2,St Lucia Stars,Guyana Amazon Warriors,KA Pollard,LMP Simmons,Imran Tahir,0,2,2,,,,,,,,
1148650,2018,2018-08-11,Providence Stadium,2,10.3,St Lucia Stars,Guyana Amazon Warriors,LMP Simmons,KA Pollard,Imran Tahir,0,0,,,,,,,,,
1148650,2018,2018-08-11,Providence Stadium,2,10.4,St Lucia Stars,Guyana Amazon Warriors,LMP Simmons,KA Pollard,Imran Tahir,0,0,,,,,,,,,
1148650,2018,2018-08-11,Providence Stadium,2,10.5,St Lucia Stars,Guyana Amazon Warriors,LMP Simmons,KA Pollard,Imran Tahir,0,0,,,,,,,,,
1148650,2018,2018-08-11,Providence Stadium,2,10.6,St Lucia Stars,Guyana Amazon Warriors,LMP Simmons,KA Pollard,Imran Tahir,0,0,,,,,,,,,
1148650,2018,2018-08-11,Providence Stadium,2,10.7,St Lucia Stars,Guyana Amazon Warriors,LMP Simmons,KA Pollard,Imran Tahir,0,0,,,,,,,,,
1148650,2018,2018-08-11,Providence Stadium,2,11.1,St Lucia Stars,Guyana Amazon Warriors,KA Pollard,LMP Simmons,RR Emrit,6,0,,,,,,,,,
1148650,2018,2018-08-11,Providence Stadium,2,11.2,St Lucia Stars,Guyana Amazon Warriors,KA Pollard,LMP Simmons,RR Emrit,0,0,,,,,,,,,
1148650,2018,2018-08-11,Providence Stadium,2,11.3,St Lucia Stars,Guyana Amazon Warriors,KA Pollard,LMP Simmons,RR Emrit,1,0,,,,,,,,,
1148650,2018,2018-08-11,Providence Stadium,2,11.4,St Lucia Stars,Guyana Amazon Warriors,LMP Simmons,KA Pollard,RR Emrit,0,0,,,,,,,,,
1148650,2018,2018-08-11,Providence Stadium,2,11.5,St Lucia Stars,Guyana Amazon Warriors,LMP Simmons,KA Pollard,RR Emrit,0,0,,,,,,,,,
1148650,2018,2018-08-11,Providence Stadium,2,11.6,St Lucia Stars,Guyana Amazon Warriors,LMP Simmons,KA Pollard,RR Emrit,1,0,,,,,,,,,
1148650,2018,2018-08-11,Providence Stadium,2,12.1,St Lucia Stars,Guyana Amazon Warriors,LMP Simmons,KA Pollard,Imran Tahir,6,0,,,,,,,,,
1148650,2018,2018-08-11,Providence Stadium,2,12.2,St Lucia Stars,Guyana Amazon Warriors,LMP Simmons,KA Pollard,Imran Tahir,0,0,,,,,,,,,
1148650,2018,2018-08-11,Providence Stadium,2,12.3,St Lucia Stars,Guyana Amazon Warriors,LMP Simmons,KA Pollard,Imran Tahir,0,0,,,,,,,,,
1148650,2018,2018-08-11,Providence Stadium,2,12.4,St Lucia Stars,Guyana Amazon Warriors,LMP Simmons,KA Pollard,Imran Tahir,6,0,,,,,,,,,
1148650,2018,2018-08-11,Providence Stadium,2,12.5,St Lucia Stars,Guyana Amazon Warriors,LMP Simmons,KA Pollard,Imran Tahir,0,0,,,,,,,,,
1148650,2018,2018-08-11,Providence Stadium,2,12.6,St Lucia Stars,Guyana Amazon Warriors,LMP Simmons,KA Pollard,Imran Tahir,0,3,3,,,,,,,,
1148650,2018,2018-08-11,Providence Stadium,2,12.7,St Lucia Stars,Guyana Amazon Warriors,LMP Simmons,KA Pollard,Imran Tahir,1,0,,,,,,,,,
1148650,2018,2018-08-11,Providence Stadium,2,13.1,St Lucia Stars,Guyana Amazon Warriors,LMP Simmons,KA Pollard,KMA Paul,6,0,,,,,,,,,
1148650,2018,2018-08-11,Providence Stadium,2,13.2,St Lucia Stars,Guyana Amazon Warriors,LMP Simmons,KA Pollard,KMA Paul,0,0,,,,,,,,,
1148650,2018,2018-08-11,Providence Stadium,2,13.3,St Lucia Stars,Guyana Amazon Warriors,LMP Simmons,KA Pollard,KMA Paul,1,1,,1,,,,,,,
1148650,2018,2018-08-11,Providence Stadium,2,13.4,St Lucia Stars,Guyana Amazon Warriors,KA Pollard,LMP Simmons,KMA Paul,1,0,,,,,,,,,
1148650,2018,2018-08-11,Providence Stadium,2,13.5,St Lucia Stars,Guyana Amazon Warriors,LMP Simmons,KA Pollard,KMA Paul,1,0,,,,,,,,,
1148650,2018,2018-08-11,Providence Stadium,2,13.6,St Lucia Stars,Guyana Amazon Warriors,KA Pollard,LMP Simmons,KMA Paul,1,0,,,,,,,,,
1148650,2018,2018-08-11,Providence Stadium,2,13.7,St Lucia Stars,Guyana Amazon Warriors,LMP Simmons,KA Pollard,KMA Paul,1,0,,,,,,,,,
1148650,2018,2018-08-11,Providence Stadium,2,14.1,St Lucia Stars,Guyana Amazon Warriors,LMP Simmons,KA Pollard,CJ Green,1,0,,,,,,,,,
1148650,2018,2018-08-11,Providence Stadium,2,14.2,St Lucia Stars,Guyana Amazon Warriors,KA Pollard,LMP Simmons,CJ Green,1,0,,,,,,,,,
1148650,2018,2018-08-11,Providence Stadium,2,14.3,St Lucia Stars,Guyana Amazon Warriors,LMP Simmons,KA Pollard,CJ Green,0,0,,,,,,,,,
1148650,2018,2018-08-11,Providence Stadium,2,14.4,St Lucia Stars,Guyana Amazon Warriors,LMP Simmons,KA Pollard,CJ Green,6,0,,,,,,,,,
1148650,2018,2018-08-11,Providence Stadium,2,14.5,St Lucia Stars,Guyana Amazon Warriors,LMP Simmons,KA Pollard,CJ Green,1,0,,,,,,,,,
1148650,2018,2018-08-11,Providence Stadium,2,14.6,St Lucia Stars,Guyana Amazon Warriors,KA Pollard,LMP Simmons,CJ Green,1,0,,,,,,,,,
1148650,2018,2018-08-11,Providence Stadium,2,15.1,St Lucia Stars,Guyana Amazon Warriors,KA Pollard,LMP Simmons,Sohail Tanvir,1,0,,,,,,,,,
1148650,2018,2018-08-11,Providence Stadium,2,15.2,St Lucia Stars,Guyana Amazon Warriors,LMP Simmons,KA Pollard,Sohail Tanvir,0,0,,,,,,,,,
1148650,2018,2018-08-11,Providence Stadium,2,15.3,St Lucia Stars,Guyana Amazon Warriors,LMP Simmons,KA Pollard,Sohail Tanvir,0,0,,,,,,,,,
1148650,2018,2018-08-11,Providence Stadium,2,15.4,St Lucia Stars,Guyana Amazon Warriors,LMP Simmons,KA Pollard,Sohail Tanvir,1,0,,,,,,,,,
1148650,2018,2018-08-11,Providence Stadium,2,15.5,St Lucia Stars,Guyana Amazon Warriors,KA Pollard,LMP Simmons,Sohail Tanvir,1,0,,,,,,,,,
1148650,2018,2018-08-11,Providence Stadium,2,15.6,St Lucia Stars,Guyana Amazon Warriors,LMP Simmons,KA Pollard,Sohail Tanvir,6,0,,,,,,,,,
1148650,2018,2018-08-11,Providence Stadium,2,16.1,St Lucia Stars,Guyana Amazon Warriors,KA Pollard,LMP Simmons,RR Emrit,4,0,,,,,,,,,
1148650,2018,2018-08-11,Providence Stadium,2,16.2,St Lucia Stars,Guyana Amazon Warriors,KA Pollard,LMP Simmons,RR Emrit,1,0,,,,,,,,,
1148650,2018,2018-08-11,Providence Stadium,2,16.3,St Lucia Stars,Guyana Amazon Warriors,LMP Simmons,KA Pollard,RR Emrit,0,0,,,,,,caught,LMP Simmons,,
1148650,2018,2018-08-11,Providence Stadium,2,16.4,St Lucia Stars,Guyana Amazon Warriors,MS Chapman,KA Pollard,RR Emrit,1,0,,,,,,,,,
1148650,2018,2018-08-11,Providence Stadium,2,16.5,St Lucia Stars,Guyana Amazon Warriors,KA Pollard,MS Chapman,RR Emrit,1,0,,,,,,,,,
1148650,2018,2018-08-11,Providence Stadium,2,16.6,St Lucia Stars,Guyana Amazon Warriors,MS Chapman,KA Pollard,RR Emrit,1,0,,,,,,,,,
1148650,2018,2018-08-11,Providence Stadium,2,17.1,St Lucia Stars,Guyana Amazon Warriors,MS Chapman,KA Pollard,CJ Green,0,0,,,,,,stumped,MS Chapman,,
1148650,2018,2018-08-11,Providence Stadium,2,17.2,St Lucia Stars,Guyana Amazon Warriors,RRS Cornwall,KA Pollard,CJ Green,0,0,,,,,,,,,
1148650,2018,2018-08-11,Providence Stadium,2,17.3,St Lucia Stars,Guyana Amazon Warriors,RRS Cornwall,KA Pollard,CJ Green,0,0,,,,,,,,,
1148650,2018,2018-08-11,Providence Stadium,2,17.4,St Lucia Stars,Guyana Amazon Warriors,RRS Cornwall,KA Pollard,CJ Green,1,0,,,,,,,,,
1148650,2018,2018-08-11,Providence Stadium,2,17.5,St Lucia Stars,Guyana Amazon Warriors,KA Pollard,RRS Cornwall,CJ Green,1,0,,,,,,,,,
1148650,2018,2018-08-11,Providence Stadium,2,17.6,St Lucia Stars,Guyana Amazon Warriors,RRS Cornwall,KA Pollard,CJ Green,1,0,,,,,,,,,
1148650,2018,2018-08-11,Providence Stadium,2,18.1,St Lucia Stars,Guyana Amazon Warriors,RRS Cornwall,KA Pollard,RR Emrit,1,0,,,,,,,,,
1148650,2018,2018-08-11,Providence Stadium,2,18.2,St Lucia Stars,Guyana Amazon Warriors,KA Pollard,RRS Cornwall,RR Emrit,0,0,,,,,,,,,
1148650,2018,2018-08-11,Providence Stadium,2,18.3,St Lucia Stars,Guyana Amazon Warriors,KA Pollard,RRS Cornwall,RR Emrit,0,0,,,,,,caught,KA Pollard,,
1148650,2018,2018-08-11,Providence Stadium,2,18.4,St Lucia Stars,Guyana Amazon Warriors,RRS Cornwall,KAR Hodge,RR Emrit,0,0,,,,,,bowled,RRS Cornwall,,
1148650,2018,2018-08-11,Providence Stadium,2,18.5,St Lucia Stars,Guyana Amazon Warriors,Qais Ahmad,KAR Hodge,RR Emrit,0,0,,,,,,,,,
1148650,2018,2018-08-11,Providence Stadium,2,18.6,St Lucia Stars,Guyana Amazon Warriors,Qais Ahmad,KAR Hodge,RR Emrit,6,0,,,,,,,,,
1148650,2018,2018-08-11,Providence Stadium,2,19.1,St Lucia Stars,Guyana Amazon Warriors,KAR Hodge,Qais Ahmad,KMA Paul,0,0,,,,,,bowled,KAR Hodge,,
1148650,2018,2018-08-11,Providence Stadium,2,19.2,St Lucia Stars,Guyana Amazon Warriors,MJ McClenaghan,Qais Ahmad,KMA Paul,6,0,,,,,,,,,
1148650,2018,2018-08-11,Providence Stadium,2,19.3,St Lucia Stars,Guyana Amazon Warriors,MJ McClenaghan,Qais Ahmad,KMA Paul,2,0,,,,,,,,,
1148650,2018,2018-08-11,Providence Stadium,2,19.4,St Lucia Stars,Guyana Amazon Warriors,MJ McClenaghan,Qais Ahmad,KMA Paul,1,0,,,,,,,,,
1148650,2018,2018-08-11,Providence Stadium,2,19.5,St Lucia Stars,Guyana Amazon Warriors,Qais Ahmad,MJ McClenaghan,KMA Paul,2,0,,,,,,,,,
1148650,2018,2018-08-11,Providence Stadium,2,19.6,St Lucia Stars,Guyana Amazon Warriors,Qais Ahmad,MJ McClenaghan,KMA Paul,1,0,,,,,,,,,
