match_id,season,start_date,venue,innings,ball,batting_team,bowling_team,striker,non_striker,bowler,runs_off_bat,extras,wides,noballs,byes,legbyes,penalty,wicket_type,player_dismissed,other_wicket_type,other_player_dismissed
1148657,2018,2018-08-18,Central Broward Regional Park Stadium Turf Ground,1,0.1,Guyana Amazon Warriors,Jamaica Tallawahs,CAK Walton,L Ronchi,K Santokie,4,0,,,,,,,,,
1148657,2018,2018-08-18,Central Broward Regional Park Stadium Turf Ground,1,0.2,Guyana Amazon Warriors,Jamaica Tallawahs,CAK Walton,L Ronchi,K Santokie,4,0,,,,,,,,,
1148657,2018,2018-08-18,Central Broward Regional Park Stadium Turf Ground,1,0.3,Guyana Amazon Warriors,Jamaica Tallawahs,CAK Walton,L Ronchi,K Santokie,1,0,,,,,,,,,
1148657,2018,2018-08-18,Central Broward Regional Park Stadium Turf Ground,1,0.4,Guyana Amazon Warriors,Jamaica Tallawahs,L Ronchi,CAK Walton,K Santokie,0,0,,,,,,,,,
1148657,2018,2018-08-18,Central Broward Regional Park Stadium Turf Ground,1,0.5,Guyana Amazon Warriors,Jamaica Tallawahs,L Ronchi,CAK Walton,K Santokie,0,0,,,,,,,,,
1148657,2018,2018-08-18,Central Broward Regional Park Stadium Turf Ground,1,0.6,Guyana Amazon Warriors,Jamaica Tallawahs,L Ronchi,CAK Walton,K Santokie,4,0,,,,,,,,,
1148657,2018,2018-08-18,Central Broward Regional Park Stadium Turf Ground,1,1.1,Guyana Amazon Warriors,Jamaica Tallawahs,CAK Walton,L Ronchi,S Badree,0,0,,,,,,lbw,CAK Walton,,
1148657,2018,2018-08-18,Central Broward Regional Park Stadium Turf Ground,1,1.2,Guyana Amazon Warriors,Jamaica Tallawahs,SO Hetmyer,L Ronchi,S Badree,2,0,,,,,,,,,
1148657,2018,2018-08-18,Central Broward Regional Park Stadium Turf Ground,1,1.3,Guyana Amazon Warriors,Jamaica Tallawahs,SO Hetmyer,L Ronchi,S Badree,0,0,,,,,,,,,
1148657,2018,2018-08-18,Central Broward Regional Park Stadium Turf Ground,1,1.4,Guyana Amazon Warriors,Jamaica Tallawahs,SO Hetmyer,L Ronchi,S Badree,0,0,,,,,,,,,
1148657,2018,2018-08-18,Central Broward Regional Park Stadium Turf Ground,1,1.5,Guyana Amazon Warriors,Jamaica Tallawahs,SO Hetmyer,L Ronchi,S Badree,0,0,,,,,,,,,
1148657,2018,2018-08-18,Central Broward Regional Park Stadium Turf Ground,1,1.6,Guyana Amazon Warriors,Jamaica Tallawahs,SO Hetmyer,L Ronchi,S Badree,0,0,,,,,,,,,
1148657,2018,2018-08-18,Central Broward Regional Park Stadium Turf Ground,1,2.1,Guyana Amazon Warriors,Jamaica Tallawahs,L Ronchi,SO Hetmyer,Imad Wasim,1,0,,,,,,,,,
1148657,2018,2018-08-18,Central Broward Regional Park Stadium Turf Ground,1,2.2,Guyana Amazon Warriors,Jamaica Tallawahs,SO Hetmyer,L Ronchi,Imad Wasim,0,0,,,,,,,,,
1148657,2018,2018-08-18,Central Broward Regional Park Stadium Turf Ground,1,2.3,Guyana Amazon Warriors,Jamaica Tallawahs,SO Hetmyer,L Ronchi,Imad Wasim,0,0,,,,,,,,,
1148657,2018,2018-08-18,Central Broward Regional Park Stadium Turf Ground,1,2.4,Guyana Amazon Warriors,Jamaica Tallawahs,SO Hetmyer,L Ronchi,Imad Wasim,4,0,,,,,,,,,
1148657,2018,2018-08-18,Central Broward Regional Park Stadium Turf Ground,1,2.5,Guyana Amazon Warriors,Jamaica Tallawahs,SO Hetmyer,L Ronchi,Imad Wasim,4,0,,,,,,,,,
1148657,2018,2018-08-18,Central Broward Regional Park Stadium Turf Ground,1,2.6,Guyana Amazon Warriors,Jamaica Tallawahs,SO Hetmyer,L Ronchi,Imad Wasim,0,0,,,,,,,,,
1148657,2018,2018-08-18,Central Broward Regional Park Stadium Turf Ground,1,3.1,Guyana Amazon Warriors,Jamaica Tallawahs,L Ronchi,SO Hetmyer,S Badree,0,0,,,,,,,,,
1148657,2018,2018-08-18,Central Broward Regional Park Stadium Turf Ground,1,3.2,Guyana Amazon Warriors,Jamaica Tallawahs,L Ronchi,SO Hetmyer,S Badree,0,1,,,,1,,,,,
1148657,2018,2018-08-18,Central Broward Regional Park Stadium Turf Ground,1,3.3,Guyana Amazon Warriors,Jamaica Tallawahs,SO Hetmyer,L Ronchi,S Badree,6,0,,,,,,,,,
1148657,2018,2018-08-18,Central Broward Regional Park Stadium Turf Ground,1,3.4,Guyana Amazon Warriors,Jamaica Tallawahs,SO Hetmyer,L Ronchi,S Badree,4,0,,,,,,,,,
1148657,2018,2018-08-18,Central Broward Regional Park Stadium Turf Ground,1,3.5,Guyana Amazon Warriors,Jamaica Tallawahs,SO Hetmyer,L Ronchi,S Badree,1,0,,,,,,,,,
1148657,2018,2018-08-18,Central Broward Regional Park Stadium Turf Ground,1,3.6,Guyana Amazon Warriors,Jamaica Tallawahs,L Ronchi,SO Hetmyer,S Badree,0,0,,,,,,,,,
1148657,2018,2018-08-18,Central Broward Regional Park Stadium Turf Ground,1,4.1,Guyana Amazon Warriors,Jamaica Tallawahs,SO Hetmyer,L Ronchi,Imad Wasim,1,0,,,,,,,,,
1148657,2018,2018-08-18,Central Broward Regional Park Stadium Turf Ground,1,4.2,Guyana Amazon Warriors,Jamaica Tallawahs,L Ronchi,SO Hetmyer,Imad Wasim,1,0,,,,,,,,,
1148657,2018,2018-08-18,Central Broward Regional Park Stadium Turf Ground,1,4.3,Guyana Amazon Warriors,Jamaica Tallawahs,SO Hetmyer,L Ronchi,Imad Wasim,4,0,,,,,,,,,
1148657,2018,2018-08-18,Central Broward Regional Park Stadium Turf Ground,1,4.4,Guyana Amazon Warriors,Jamaica Tallawahs,SO Hetmyer,L Ronchi,Imad Wasim,6,0,,,,,,,,,
1148657,2018,2018-08-18,Central Broward Regional Park Stadium Turf Ground,1,4.5,Guyana Amazon Warriors,Jamaica Tallawahs,SO Hetmyer,L Ronchi,Imad Wasim,2,0,,,,,,,,,
1148657,2018,2018-08-18,Central Broward Regional Park Stadium Turf Ground,1,4.6,Guyana Amazon Warriors,Jamaica Tallawahs,SO Hetmyer,L Ronchi,Imad Wasim,1,0,,,,,,,,,
1148657,2018,2018-08-18,Central Broward Regional Park Stadium Turf Ground,1,5.1,Guyana Amazon Warriors,Jamaica Tallawahs,SO Hetmyer,L Ronchi,AD Russell,1,0,,,,,,,,,
1148657,2018,2018-08-18,Central Broward Regional Park Stadium Turf Ground,1,5.2,Guyana Amazon Warriors,Jamaica Tallawahs,L Ronchi,SO Hetmyer,AD Russell,0,0,,,,,,,,,
1148657,2018,2018-08-18,Central Broward Regional Park Stadium Turf Ground,1,5.3,Guyana Amazon Warriors,Jamaica Tallawahs,L Ronchi,SO Hetmyer,AD Russell,2,0,,,,,,,,,
1148657,2018,2018-08-18,Central Broward Regional Park Stadium Turf Ground,1,5.4,Guyana Amazon Warriors,Jamaica Tallawahs,L Ronchi,SO Hetmyer,AD Russell,0,0,,,,,,caught,L Ronchi,,
1148657,2018,2018-08-18,Central Broward Regional Park Stadium Turf Ground,1,5.5,Guyana Amazon Warriors,Jamaica Tallawahs,Shoaib Malik,SO Hetmyer,AD Russell,1,0,,,,,,,,,
1148657,2018,2018-08-18,Central Broward Regional Park Stadium Turf Ground,1,5.6,Guyana Amazon Warriors,Jamaica Tallawahs,SO Hetmyer,Shoaib Malik,AD Russell,0,1,1,,,,,,,,
1148657,2018,2018-08-18,Central Broward Regional Park Stadium Turf Ground,1,5.7,Guyana Amazon Warriors,Jamaica Tallawahs,SO Hetmyer,Shoaib Malik,AD Russell,4,0,,,,,,,,,
1148657,2018,2018-08-18,Central Broward Regional Park Stadium Turf Ground,1,6.1,Guyana Amazon Warriors,Jamaica Tallawahs,Shoaib Malik,SO Hetmyer,O Thomas,1,0,,,,,,,,,
1148657,2018,2018-08-18,Central Broward Regional Park Stadium Turf Ground,1,6.2,Guyana Amazon Warriors,Jamaica Tallawahs,SO Hetmyer,Shoaib Malik,O Thomas,1,0,,,,,,,,,
1148657,2018,2018-08-18,Central Broward Regional Park Stadium Turf Ground,1,6.3,Guyana Amazon Warriors,Jamaica Tallawahs,Shoaib Malik,SO Hetmyer,O Thomas,4,0,,,,,,,,,
1148657,2018,2018-08-18,Central Broward Regional Park Stadium Turf Ground,1,6.4,Guyana Amazon Warriors,Jamaica Tallawahs,Shoaib Malik,SO Hetmyer,O Thomas,0,0,,,,,,,,,
1148657,2018,2018-08-18,Central Broward Regional Park Stadium Turf Ground,1,6.5,Guyana Amazon Warriors,Jamaica Tallawahs,Shoaib Malik,SO Hetmyer,O Thomas,0,1,1,,,,,,,,
1148657,2018,2018-08-18,Central Broward Regional Park Stadium Turf Ground,1,6.6,Guyana Amazon Warriors,Jamaica Tallawahs,Shoaib Malik,SO Hetmyer,O Thomas,1,0,,,,,,,,,
1148657,2018,2018-08-18,Central Broward Regional Park Stadium Turf Ground,1,6.7,Guyana Amazon Warriors,Jamaica Tallawahs,SO Hetmyer,Shoaib Malik,O Thomas,0,1,1,,,,,,,,
1148657,2018,2018-08-18,Central Broward Regional Park Stadium Turf Ground,1,6.8,Guyana Amazon Warriors,Jamaica Tallawahs,SO Hetmyer,Shoaib Malik,O Thomas,1,0,,,,,,,,,
1148657,2018,2018-08-18,Central Broward Regional Park Stadium Turf Ground,1,7.1,Guyana Amazon Warriors,Jamaica Tallawahs,SO Hetmyer,Shoaib Malik,AD Russell,1,0,,,,,,,,,
1148657,2018,2018-08-18,Central Broward Regional Park Stadium Turf Ground,1,7.2,Guyana Amazon Warriors,Jamaica Tallawahs,Shoaib Malik,SO Hetmyer,AD Russell,1,0,,,,,,,,,
1148657,2018,2018-08-18,Central Broward Regional Park Stadium Turf Ground,1,7.3,Guyana Amazon Warriors,Jamaica Tallawahs,SO Hetmyer,Shoaib Malik,AD Russell,2,0,,,,,,,,,
1148657,2018,2018-08-18,Central Broward Regional Park Stadium Turf Ground,1,7.4,Guyana Amazon Warriors,Jamaica Tallawahs,SO Hetmyer,Shoaib Malik,AD Russell,6,0,,,,,,,,,
1148657,2018,2018-08-18,Central Broward Regional Park Stadium Turf Ground,1,7.5,Guyana Amazon Warriors,Jamaica Tallawahs,SO Hetmyer,Shoaib Malik,AD Russell,4,0,,,,,,,,,
1148657,2018,2018-08-18,Central Broward Regional Park Stadium Turf Ground,1,7.6,Guyana Amazon Warriors,Jamaica Tallawahs,SO Hetmyer,Shoaib Malik,AD Russell,1,0,,,,,,,,,
1148657,2018,2018-08-18,Central Broward Regional Park Stadium Turf Ground,1,8.1,Guyana Amazon Warriors,Jamaica Tallawahs,SO Hetmyer,Shoaib Malik,O Thomas,6,0,,,,,,,,,
1148657,2018,2018-08-18,Central Broward Regional Park Stadium Turf Ground,1,8.2,Guyana Amazon Warriors,Jamaica Tallawahs,SO Hetmyer,Shoaib Malik,O Thomas,1,0,,,,,,,,,
1148657,2018,2018-08-18,Central Broward Regional Park Stadium Turf Ground,1,8.3,Guyana Amazon Warriors,Jamaica Tallawahs,Shoaib Malik,SO Hetmyer,O Thomas,3,0,,,,,,,,,
1148657,2018,2018-08-18,Central Broward Regional Park Stadium Turf Ground,1,8.4,Guyana Amazon Warriors,Jamaica Tallawahs,SO Hetmyer,Shoaib Malik,O Thomas,2,0,,,,,,,,,
1148657,2018,2018-08-18,Central Broward Regional Park Stadium Turf Ground,1,8.5,Guyana Amazon Warriors,Jamaica Tallawahs,SO Hetmyer,Shoaib Malik,O Thomas,0,1,1,,,,,,,,
1148657,2018,2018-08-18,Central Broward Regional Park Stadium Turf Ground,1,8.6,Guyana Amazon Warriors,Jamaica Tallawahs,SO Hetmyer,Shoaib Malik,O Thomas,0,1,,,,1,,,,,
1148657,2018,2018-08-18,Central Broward Regional Park Stadium Turf Ground,1,8.7,Guyana Amazon Warriors,Jamaica Tallawahs,Shoaib Malik,SO Hetmyer,O Thomas,0,0,,,,,,,,,
1148657,2018,2018-08-18,Central Broward Regional Park Stadium Turf Ground,1,9.1,Guyana Amazon Warriors,Jamaica Tallawahs,SO Hetmyer,Shoaib Malik,A Zampa,4,0,,,,,,,,,
1148657,2018,2018-08-18,Central Broward Regional Park Stadium Turf Ground,1,9.2,Guyana Amazon Warriors,Jamaica Tallawahs,SO Hetmyer,Shoaib Malik,A Zampa,4,0,,,,,,,,,
1148657,2018,2018-08-18,Central Broward Regional Park Stadium Turf Ground,1,9.3,Guyana Amazon Warriors,Jamaica Tallawahs,SO Hetmyer,Shoaib Malik,A Zampa,1,0,,,,,,,,,
1148657,2018,2018-08-18,Central Broward Regional Park Stadium Turf Ground,1,9.4,Guyana Amazon Warriors,Jamaica Tallawahs,Shoaib Malik,SO Hetmyer,A Zampa,0,0,,,,,,,,,
1148657,2018,2018-08-18,Central Broward Regional Park Stadium Turf Ground,1,9.5,Guyana Amazon Warriors,Jamaica Tallawahs,Shoaib Malik,SO Hetmyer,A Zampa,1,0,,,,,,,,,
1148657,2018,2018-08-18,Central Broward Regional Park Stadium Turf Ground,1,9.6,Guyana Amazon Warriors,Jamaica Tallawahs,SO Hetmyer,Shoaib Malik,A Zampa,1,0,,,,,,,,,
1148657,2018,2018-08-18,Central Broward Regional Park Stadium Turf Ground,1,10.1,Guyana Amazon Warriors,Jamaica Tallawahs,SO Hetmyer,Shoaib Malik,Imad Wasim,2,0,,,,,,,,,
1148657,2018,2018-08-18,Central Broward Regional Park Stadium Turf Ground,1,10.2,Guyana Amazon Warriors,Jamaica Tallawahs,SO Hetmyer,Shoaib Malik,Imad Wasim,0,0,,,,,,,,,
1148657,2018,2018-08-18,Central Broward Regional Park Stadium Turf Ground,1,10.3,Guyana Amazon Warriors,Jamaica Tallawahs,SO Hetmyer,Shoaib Malik,Imad Wasim,0,1,,,,1,,,,,
1148657,2018,2018-08-18,Central Broward Regional Park Stadium Turf Ground,1,10.4,Guyana Amazon Warriors,Jamaica Tallawahs,Shoaib Malik,SO Hetmyer,Imad Wasim,1,0,,,,,,,,,
1148657,2018,2018-08-18,Central Broward Regional Park Stadium Turf Ground,1,10.5,Guyana Amazon Warriors,Jamaica Tallawahs,SO Hetmyer,Shoaib Malik,Imad Wasim,4,0,,,,,,,,,
1148657,2018,2018-08-18,Central Broward Regional Park Stadium Turf Ground,1,10.6,Guyana Amazon Warriors,Jamaica Tallawahs,SO Hetmyer,Shoaib Malik,Imad Wasim,4,0,,,,,,,,,
1148657,2018,2018-08-18,Central Broward Regional Park Stadium Turf Ground,1,11.1,Guyana Amazon Warriors,Jamaica Tallawahs,Shoaib Malik,SO Hetmyer,A Zampa,2,0,,,,,,,,,
1148657,2018,2018-08-18,Central Broward Regional Park Stadium Turf Ground,1,11.2,Guyana Amazon Warriors,Jamaica Tallawahs,Shoaib Malik,SO Hetmyer,A Zampa,0,0,,,,,,,,,
1148657,2018,2018-08-18,Central Broward Regional Park Stadium Turf Ground,1,11.3,Guyana Amazon Warriors,Jamaica Tallawahs,Shoaib Malik,SO Hetmyer,A Zampa,1,0,,,,,,,,,
1148657,2018,2018-08-18,Central Broward Regional Park Stadium Turf Ground,1,11.4,Guyana Amazon Warriors,Jamaica Tallawahs,SO Hetmyer,Shoaib Malik,A Zampa,1,0,,,,,,,,,
1148657,2018,2018-08-18,Central Broward Regional Park Stadium Turf Ground,1,11.5,Guyana Amazon Warriors,Jamaica Tallawahs,Shoaib Malik,SO Hetmyer,A Zampa,1,0,,,,,,,,,
1148657,2018,2018-08-18,Central Broward Regional Park Stadium Turf Ground,1,11.6,Guyana Amazon Warriors,Jamaica Tallawahs,SO Hetmyer,Shoaib Malik,A Zampa,6,0,,,,,,,,,
1148657,2018,2018-08-18,Central Broward Regional Park Stadium Turf Ground,1,12.1,Guyana Amazon Warriors,Jamaica Tallawahs,Shoaib Malik,SO Hetmyer,S Badree,1,0,,,,,,,,,
1148657,2018,2018-08-18,Central Broward Regional Park Stadium Turf Ground,1,12.2,Guyana Amazon Warriors,Jamaica Tallawahs,SO Hetmyer,Shoaib Malik,S Badree,4,0,,,,,,,,,
1148657,2018,2018-08-18,Central Broward Regional Park Stadium Turf Ground,1,12.3,Guyana Amazon Warriors,Jamaica Tallawahs,SO Hetmyer,Shoaib Malik,S Badree,1,0,,,,,,,,,
1148657,2018,2018-08-18,Central Broward Regional Park Stadium Turf Ground,1,12.4,Guyana Amazon Warriors,Jamaica Tallawahs,Shoaib Malik,SO Hetmyer,S Badree,6,0,,,,,,,,,
1148657,2018,2018-08-18,Central Broward Regional Park Stadium Turf Ground,1,12.5,Guyana Amazon Warriors,Jamaica Tallawahs,Shoaib Malik,SO Hetmyer,S Badree,6,0,,,,,,,,,
1148657,2018,2018-08-18,Central Broward Regional Park Stadium Turf Ground,1,12.6,Guyana Amazon Warriors,Jamaica Tallawahs,Shoaib Malik,SO Hetmyer,S Badree,6,0,,,,,,,,,
1148657,2018,2018-08-18,Central Broward Regional Park Stadium Turf Ground,1,13.1,Guyana Amazon Warriors,Jamaica Tallawahs,SO Hetmyer,Shoaib Malik,K Santokie,1,0,,,,,,,,,
1148657,2018,2018-08-18,Central Broward Regional Park Stadium Turf Ground,1,13.2,Guyana Amazon Warriors,Jamaica Tallawahs,Shoaib Malik,SO Hetmyer,K Santokie,0,0,,,,,,,,,
1148657,2018,2018-08-18,Central Broward Regional Park Stadium Turf Ground,1,13.3,Guyana Amazon Warriors,Jamaica Tallawahs,Shoaib Malik,SO Hetmyer,K Santokie,1,0,,,,,,,,,
1148657,2018,2018-08-18,Central Broward Regional Park Stadium Turf Ground,1,13.4,Guyana Amazon Warriors,Jamaica Tallawahs,SO Hetmyer,Shoaib Malik,K Santokie,1,0,,,,,,,,,
1148657,2018,2018-08-18,Central Broward Regional Park Stadium Turf Ground,1,13.5,Guyana Amazon Warriors,Jamaica Tallawahs,Shoaib Malik,SO Hetmyer,K Santokie,1,0,,,,,,,,,
1148657,2018,2018-08-18,Central Broward Regional Park Stadium Turf Ground,1,13.6,Guyana Amazon Warriors,Jamaica Tallawahs,SO Hetmyer,Shoaib Malik,K Santokie,1,0,,,,,,,,,
1148657,2018,2018-08-18,Central Broward Regional Park Stadium Turf Ground,1,14.1,Guyana Amazon Warriors,Jamaica Tallawahs,SO Hetmyer,Shoaib Malik,O Thomas,0,0,,,,,,,,,
1148657,2018,2018-08-18,Central Broward Regional Park Stadium Turf Ground,1,14.2,Guyana Amazon Warriors,Jamaica Tallawahs,SO Hetmyer,Shoaib Malik,O Thomas,0,0,,,,,,caught,SO Hetmyer,,
1148657,2018,2018-08-18,Central Broward Regional Park Stadium Turf Ground,1,14.3,Guyana Amazon Warriors,Jamaica Tallawahs,Shoaib Malik,SE Rutherford,O Thomas,0,0,,,,,,,,,
1148657,2018,2018-08-18,Central Broward Regional Park Stadium Turf Ground,1,14.4,Guyana Amazon Warriors,Jamaica Tallawahs,Shoaib Malik,SE Rutherford,O Thomas,0,0,,,,,,,,,
1148657,2018,2018-08-18,Central Broward Regional Park Stadium Turf Ground,1,14.5,Guyana Amazon Warriors,Jamaica Tallawahs,Shoaib Malik,SE Rutherford,O Thomas,0,0,,,,,,,,,
1148657,2018,2018-08-18,Central Broward Regional Park Stadium Turf Ground,1,14.6,Guyana Amazon Warriors,Jamaica Tallawahs,Shoaib Malik,SE Rutherford,O Thomas,1,0,,,,,,,,,
1148657,2018,2018-08-18,Central Broward Regional Park Stadium Turf Ground,1,15.1,Guyana Amazon Warriors,Jamaica Tallawahs,Shoaib Malik,SE Rutherford,A Zampa,1,0,,,,,,,,,
1148657,2018,2018-08-18,Central Broward Regional Park Stadium Turf Ground,1,15.2,Guyana Amazon Warriors,Jamaica Tallawahs,SE Rutherford,Shoaib Malik,A Zampa,0,0,,,,,,,,,
1148657,2018,2018-08-18,Central Broward Regional Park Stadium Turf Ground,1,15.3,Guyana Amazon Warriors,Jamaica Tallawahs,SE Rutherford,Shoaib Malik,A Zampa,4,0,,,,,,,,,
1148657,2018,2018-08-18,Central Broward Regional Park Stadium Turf Ground,1,15.4,Guyana Amazon Warriors,Jamaica Tallawahs,SE Rutherford,Shoaib Malik,A Zampa,1,0,,,,,,,,,
1148657,2018,2018-08-18,Central Broward Regional Park Stadium Turf Ground,1,15.5,Guyana Amazon Warriors,Jamaica Tallawahs,Shoaib Malik,SE Rutherford,A Zampa,6,0,,,,,,,,,
1148657,2018,2018-08-18,Central Broward Regional Park Stadium Turf Ground,1,15.6,Guyana Amazon Warriors,Jamaica Tallawahs,Shoaib Malik,SE Rutherford,A Zampa,1,0,,,,,,,,,
1148657,2018,2018-08-18,Central Broward Regional Park Stadium Turf Ground,1,16.1,Guyana Amazon Warriors,Jamaica Tallawahs,Shoaib Malik,SE Rutherford,O Thomas,1,0,,,,,,,,,
1148657,2018,2018-08-18,Central Broward Regional Park Stadium Turf Ground,1,16.2,Guyana Amazon Warriors,Jamaica Tallawahs,SE Rutherford,Shoaib Malik,O Thomas,0,0,,,,,,bowled,SE Rutherford,,
1148657,2018,2018-08-18,Central Broward Regional Park Stadium Turf Ground,1,16.3,Guyana Amazon Warriors,Jamaica Tallawahs,JN Mohammed,Shoaib Malik,O Thomas,0,1,,1,,,,,,,
1148657,2018,2018-08-18,Central Broward Regional Park Stadium Turf Ground,1,16.4,Guyana Amazon Warriors,Jamaica Tallawahs,JN Mohammed,Shoaib Malik,O Thomas,1,0,,,,,,,,,
1148657,2018,2018-08-18,Central Broward Regional Park Stadium Turf Ground,1,16.5,Guyana Amazon Warriors,Jamaica Tallawahs,Shoaib Malik,JN Mohammed,O Thomas,1,0,,,,,,,,,
1148657,2018,2018-08-18,Central Broward Regional Park Stadium Turf Ground,1,16.6,Guyana Amazon Warriors,Jamaica Tallawahs,JN Mohammed,Shoaib Malik,O Thomas,0,0,,,,,,,,,
1148657,2018,2018-08-18,Central Broward Regional Park Stadium Turf Ground,1,16.7,Guyana Amazon Warriors,Jamaica Tallawahs,JN Mohammed,Shoaib Malik,O Thomas,4,0,,,,,,,,,
1148657,2018,2018-08-18,Central Broward Regional Park Stadium Turf Ground,1,17.1,Guyana Amazon Warriors,Jamaica Tallawahs,Shoaib Malik,JN Mohammed,K Santokie,1,0,,,,,,,,,
1148657,2018,2018-08-18,Central Broward Regional Park Stadium Turf Ground,1,17.2,Guyana Amazon Warriors,Jamaica Tallawahs,JN Mohammed,Shoaib Malik,K Santokie,1,0,,,,,,,,,
1148657,2018,2018-08-18,Central Broward Regional Park Stadium Turf Ground,1,17.3,Guyana Amazon Warriors,Jamaica Tallawahs,Shoaib Malik,JN Mohammed,K Santokie,0,0,,,,,,caught,Shoaib Malik,,
1148657,2018,2018-08-18,Central Broward Regional Park Stadium Turf Ground,1,17.4,Guyana Amazon Warriors,Jamaica Tallawahs,CJ Green,JN Mohammed,K Santokie,1,0,,,,,,,,,
1148657,2018,2018-08-18,Central Broward Regional Park Stadium Turf Ground,1,17.5,Guyana Amazon Warriors,Jamaica Tallawahs,JN Mohammed,CJ Green,K Santokie,1,0,,,,,,,,,
1148657,2018,2018-08-18,Central Broward Regional Park Stadium Turf Ground,1,17.6,Guyana Amazon Warriors,Jamaica Tallawahs,CJ Green,JN Mohammed,K Santokie,1,0,,,,,,,,,
1148657,2018,2018-08-18,Central Broward Regional Park Stadium Turf Ground,1,18.1,Guyana Amazon Warriors,Jamaica Tallawahs,CJ Green,JN Mohammed,AD Russell,4,0,,,,,,,,,
1148657,2018,2018-08-18,Central Broward Regional Park Stadium Turf Ground,1,18.2,Guyana Amazon Warriors,Jamaica Tallawahs,CJ Green,JN Mohammed,AD Russell,0,0,,,,,,,,,
1148657,2018,2018-08-18,Central Broward Regional Park Stadium Turf Ground,1,18.3,Guyana Amazon Warriors,Jamaica Tallawahs,CJ Green,JN Mohammed,AD Russell,0,0,,,,,,caught,CJ Green,,
1148657,2018,2018-08-18,Central Broward Regional Park Stadium Turf Ground,1,18.4,Guyana Amazon Warriors,Jamaica Tallawahs,KMA Paul,JN Mohammed,AD Russell,1,0,,,,,,,,,
1148657,2018,2018-08-18,Central Broward Regional Park Stadium Turf Ground,1,18.5,Guyana Amazon Warriors,Jamaica Tallawahs,JN Mohammed,KMA Paul,AD Russell,1,0,,,,,,,,,
1148657,2018,2018-08-18,Central Broward Regional Park Stadium Turf Ground,1,18.6,Guyana Amazon Warriors,Jamaica Tallawahs,KMA Paul,JN Mohammed,AD Russell,1,0,,,,,,,,,
1148657,2018,2018-08-18,Central Broward Regional Park Stadium Turf Ground,1,19.1,Guyana Amazon Warriors,Jamaica Tallawahs,KMA Paul,JN Mohammed,K Santokie,0,0,,,,,,caught,KMA Paul,,
1148657,2018,2018-08-18,Central Broward Regional Park Stadium Turf Ground,1,19.2,Guyana Amazon Warriors,Jamaica Tallawahs,JN Mohammed,RR Emrit,K Santokie,1,0,,,,,,,,,
1148657,2018,2018-08-18,Central Broward Regional Park Stadium Turf Ground,1,19.3,Guyana Amazon Warriors,Jamaica Tallawahs,RR Emrit,JN Mohammed,K Santokie,1,0,,,,,,,,,
1148657,2018,2018-08-18,Central Broward Regional Park Stadium Turf Ground,1,19.4,Guyana Amazon Warriors,Jamaica Tallawahs,JN Mohammed,RR Emrit,K Santokie,4,0,,,,,,,,,
1148657,2018,2018-08-18,Central Broward Regional Park Stadium Turf Ground,1,19.5,Guyana Amazon Warriors,Jamaica Tallawahs,JN Mohammed,RR Emrit,K Santokie,0,1,,,,1,,,,,
1148657,2018,2018-08-18,Central Broward Regional Park Stadium Turf Ground,1,19.6,Guyana Amazon Warriors,Jamaica Tallawahs,RR Emrit,JN Mohammed,K Santokie,6,0,,,,,,,,,
1148657,2018,2018-08-18,Central Broward Regional Park Stadium Turf Ground,2,0.1,Jamaica Tallawahs,Guyana Amazon Warriors,K Lewis,GD Phillips,KMA Paul,4,0,,,,,,,,,
1148657,2018,2018-08-18,Central Broward Regional Park Stadium Turf Ground,2,0.2,Jamaica Tallawahs,Guyana Amazon Warriors,K Lewis,GD Phillips,KMA Paul,0,2,,,,2,,,,,
1148657,2018,2018-08-18,Central Broward Regional Park Stadium Turf Ground,2,0.3,Jamaica Tallawahs,Guyana Amazon Warriors,K Lewis,GD Phillips,KMA Paul,4,0,,,,,,,,,
1148657,2018,2018-08-18,Central Broward Regional Park Stadium Turf Ground,2,0.4,Jamaica Tallawahs,Guyana Amazon Warriors,K Lewis,GD Phillips,KMA Paul,4,0,,,,,,,,,
1148657,2018,2018-08-18,Central Broward Regional Park Stadium Turf Ground,2,0.5,Jamaica Tallawahs,Guyana Amazon Warriors,K Lewis,GD Phillips,KMA Paul,2,0,,,,,,,,,
1148657,2018,2018-08-18,Central Broward Regional Park Stadium Turf Ground,2,0.6,Jamaica Tallawahs,Guyana Amazon Warriors,K Lewis,GD Phillips,KMA Paul,0,0,,,,,,caught,K Lewis,,
1148657,2018,2018-08-18,Central Broward Regional Park Stadium Turf Ground,2,1.1,Jamaica Tallawahs,Guyana Amazon Warriors,GD Phillips,LRPL Taylor,CJ Green,0,0,,,,,,,,,
1148657,2018,2018-08-18,Central Broward Regional Park Stadium Turf Ground,2,1.2,Jamaica Tallawahs,Guyana Amazon Warriors,GD Phillips,LRPL Taylor,CJ Green,0,0,,,,,,,,,
1148657,2018,2018-08-18,Central Broward Regional Park Stadium Turf Ground,2,1.3,Jamaica Tallawahs,Guyana Amazon Warriors,GD Phillips,LRPL Taylor,CJ Green,1,0,,,,,,,,,
1148657,2018,2018-08-18,Central Broward Regional Park Stadium Turf Ground,2,1.4,Jamaica Tallawahs,Guyana Amazon Warriors,LRPL Taylor,GD Phillips,CJ Green,1,0,,,,,,,,,
1148657,2018,2018-08-18,Central Broward Regional Park Stadium Turf Ground,2,1.5,Jamaica Tallawahs,Guyana Amazon Warriors,GD Phillips,LRPL Taylor,CJ Green,0,0,,,,,,,,,
1148657,2018,2018-08-18,Central Broward Regional Park Stadium Turf Ground,2,1.6,Jamaica Tallawahs,Guyana Amazon Warriors,GD Phillips,LRPL Taylor,CJ Green,0,0,,,,,,,,,
1148657,2018,2018-08-18,Central Broward Regional Park Stadium Turf Ground,2,2.1,Jamaica Tallawahs,Guyana Amazon Warriors,LRPL Taylor,GD Phillips,KMA Paul,1,0,,,,,,,,,
1148657,2018,2018-08-18,Central Broward Regional Park Stadium Turf Ground,2,2.2,Jamaica Tallawahs,Guyana Amazon Warriors,GD Phillips,LRPL Taylor,KMA Paul,0,1,,,,1,,,,,
1148657,2018,2018-08-18,Central Broward Regional Park Stadium Turf Ground,2,2.3,Jamaica Tallawahs,Guyana Amazon Warriors,LRPL Taylor,GD Phillips,KMA Paul,0,0,,,,,,,,,
1148657,2018,2018-08-18,Central Broward Regional Park Stadium Turf Ground,2,2.4,Jamaica Tallawahs,Guyana Amazon Warriors,LRPL Taylor,GD Phillips,KMA Paul,0,1,1,,,,,,,,
1148657,2018,2018-08-18,Central Broward Regional Park Stadium Turf Ground,2,2.5,Jamaica Tallawahs,Guyana Amazon Warriors,LRPL Taylor,GD Phillips,KMA Paul,2,0,,,,,,,,,
1148657,2018,2018-08-18,Central Broward Regional Park Stadium Turf Ground,2,2.6,Jamaica Tallawahs,Guyana Amazon Warriors,LRPL Taylor,GD Phillips,KMA Paul,1,0,,,,,,,,,
1148657,2018,2018-08-18,Central Broward Regional Park Stadium Turf Ground,2,2.7,Jamaica Tallawahs,Guyana Amazon Warriors,GD Phillips,LRPL Taylor,KMA Paul,0,0,,,,,,,,,
1148657,2018,2018-08-18,Central Broward Regional Park Stadium Turf Ground,2,3.1,Jamaica Tallawahs,Guyana Amazon Warriors,LRPL Taylor,GD Phillips,D Bishoo,1,0,,,,,,,,,
1148657,2018,2018-08-18,Central Broward Regional Park Stadium Turf Ground,2,3.2,Jamaica Tallawahs,Guyana Amazon Warriors,GD Phillips,LRPL Taylor,D Bishoo,1,0,,,,,,,,,
1148657,2018,2018-08-18,Central Broward Regional Park Stadium Turf Ground,2,3.3,Jamaica Tallawahs,Guyana Amazon Warriors,LRPL Taylor,GD Phillips,D Bishoo,4,0,,,,,,,,,
1148657,2018,2018-08-18,Central Broward Regional Park Stadium Turf Ground,2,3.4,Jamaica Tallawahs,Guyana Amazon Warriors,LRPL Taylor,GD Phillips,D Bishoo,5,0,,,,,,,,,
1148657,2018,2018-08-18,Central Broward Regional Park Stadium Turf Ground,2,3.5,Jamaica Tallawahs,Guyana Amazon Warriors,GD Phillips,LRPL Taylor,D Bishoo,0,0,,,,,,,,,
1148657,2018,2018-08-18,Central Broward Regional Park Stadium Turf Ground,2,3.6,Jamaica Tallawahs,Guyana Amazon Warriors,GD Phillips,LRPL Taylor,D Bishoo,6,0,,,,,,,,,
1148657,2018,2018-08-18,Central Broward Regional Park Stadium Turf Ground,2,4.1,Jamaica Tallawahs,Guyana Amazon Warriors,LRPL Taylor,GD Phillips,Imran Tahir,2,0,,,,,,,,,
1148657,2018,2018-08-18,Central Broward Regional Park Stadium Turf Ground,2,4.2,Jamaica Tallawahs,Guyana Amazon Warriors,LRPL Taylor,GD Phillips,Imran Tahir,0,0,,,,,,,,,
1148657,2018,2018-08-18,Central Broward Regional Park Stadium Turf Ground,2,4.3,Jamaica Tallawahs,Guyana Amazon Warriors,LRPL Taylor,GD Phillips,Imran Tahir,2,0,,,,,,,,,
1148657,2018,2018-08-18,Central Broward Regional Park Stadium Turf Ground,2,4.4,Jamaica Tallawahs,Guyana Amazon Warriors,LRPL Taylor,GD Phillips,Imran Tahir,0,0,,,,,,,,,
1148657,2018,2018-08-18,Central Broward Regional Park Stadium Turf Ground,2,4.5,Jamaica Tallawahs,Guyana Amazon Warriors,LRPL Taylor,GD Phillips,Imran Tahir,0,0,,,,,,,,,
1148657,2018,2018-08-18,Central Broward Regional Park Stadium Turf Ground,2,4.6,Jamaica Tallawahs,Guyana Amazon Warriors,LRPL Taylor,GD Phillips,Imran Tahir,6,0,,,,,,,,,
1148657,2018,2018-08-18,Central Broward Regional Park Stadium Turf Ground,2,5.1,Jamaica Tallawahs,Guyana Amazon Warriors,GD Phillips,LRPL Taylor,RR Emrit,6,0,,,,,,,,,
1148657,2018,2018-08-18,Central Broward Regional Park Stadium Turf Ground,2,5.2,Jamaica Tallawahs,Guyana Amazon Warriors,GD Phillips,LRPL Taylor,RR Emrit,4,0,,,,,,,,,
1148657,2018,2018-08-18,Central Broward Regional Park Stadium Turf Ground,2,5.3,Jamaica Tallawahs,Guyana Amazon Warriors,GD Phillips,LRPL Taylor,RR Emrit,6,0,,,,,,,,,
1148657,2018,2018-08-18,Central Broward Regional Park Stadium Turf Ground,2,5.4,Jamaica Tallawahs,Guyana Amazon Warriors,GD Phillips,LRPL Taylor,RR Emrit,2,0,,,,,,,,,
1148657,2018,2018-08-18,Central Broward Regional Park Stadium Turf Ground,2,5.5,Jamaica Tallawahs,Guyana Amazon Warriors,GD Phillips,LRPL Taylor,RR Emrit,0,0,,,,,,,,,
1148657,2018,2018-08-18,Central Broward Regional Park Stadium Turf Ground,2,5.6,Jamaica Tallawahs,Guyana Amazon Warriors,GD Phillips,LRPL Taylor,RR Emrit,0,0,,,,,,,,,
1148657,2018,2018-08-18,Central Broward Regional Park Stadium Turf Ground,2,6.1,Jamaica Tallawahs,Guyana Amazon Warriors,LRPL Taylor,GD Phillips,D Bishoo,0,0,,,,,,,,,
1148657,2018,2018-08-18,Central Broward Regional Park Stadium Turf Ground,2,6.2,Jamaica Tallawahs,Guyana Amazon Warriors,LRPL Taylor,GD Phillips,D Bishoo,1,0,,,,,,,,,
1148657,2018,2018-08-18,Central Broward Regional Park Stadium Turf Ground,2,6.3,Jamaica Tallawahs,Guyana Amazon Warriors,GD Phillips,LRPL Taylor,D Bishoo,6,0,,,,,,,,,
1148657,2018,2018-08-18,Central Broward Regional Park Stadium Turf Ground,2,6.4,Jamaica Tallawahs,Guyana Amazon Warriors,GD Phillips,LRPL Taylor,D Bishoo,1,0,,,,,,,,,
1148657,2018,2018-08-18,Central Broward Regional Park Stadium Turf Ground,2,6.5,Jamaica Tallawahs,Guyana Amazon Warriors,LRPL Taylor,GD Phillips,D Bishoo,2,0,,,,,,,,,
1148657,2018,2018-08-18,Central Broward Regional Park Stadium Turf Ground,2,6.6,Jamaica Tallawahs,Guyana Amazon Warriors,LRPL Taylor,GD Phillips,D Bishoo,1,0,,,,,,,,,
1148657,2018,2018-08-18,Central Broward Regional Park Stadium Turf Ground,2,7.1,Jamaica Tallawahs,Guyana Amazon Warriors,LRPL Taylor,GD Phillips,CJ Green,1,0,,,,,,,,,
1148657,2018,2018-08-18,Central Broward Regional Park Stadium Turf Ground,2,7.2,Jamaica Tallawahs,Guyana Amazon Warriors,GD Phillips,LRPL Taylor,CJ Green,1,0,,,,,,,,,
1148657,2018,2018-08-18,Central Broward Regional Park Stadium Turf Ground,2,7.3,Jamaica Tallawahs,Guyana Amazon Warriors,LRPL Taylor,GD Phillips,CJ Green,0,0,,,,,,caught,LRPL Taylor,,
1148657,2018,2018-08-18,Central Broward Regional Park Stadium Turf Ground,2,7.4,Jamaica Tallawahs,Guyana Amazon Warriors,DA Miller,GD Phillips,CJ Green,1,0,,,,,,,,,
1148657,2018,2018-08-18,Central Broward Regional Park Stadium Turf Ground,2,7.5,Jamaica Tallawahs,Guyana Amazon Warriors,GD Phillips,DA Miller,CJ Green,1,0,,,,,,,,,
1148657,2018,2018-08-18,Central Broward Regional Park Stadium Turf Ground,2,7.6,Jamaica Tallawahs,Guyana Amazon Warriors,DA Miller,GD Phillips,CJ Green,0,0,,,,,,,,,
1148657,2018,2018-08-18,Central Broward Regional Park Stadium Turf Ground,2,8.1,Jamaica Tallawahs,Guyana Amazon Warriors,GD Phillips,DA Miller,RR Emrit,1,0,,,,,,,,,
1148657,2018,2018-08-18,Central Broward Regional Park Stadium Turf Ground,2,8.2,Jamaica Tallawahs,Guyana Amazon Warriors,DA Miller,GD Phillips,RR Emrit,1,0,,,,,,,,,
1148657,2018,2018-08-18,Central Broward Regional Park Stadium Turf Ground,2,8.3,Jamaica Tallawahs,Guyana Amazon Warriors,GD Phillips,DA Miller,RR Emrit,4,0,,,,,,,,,
1148657,2018,2018-08-18,Central Broward Regional Park Stadium Turf Ground,2,8.4,Jamaica Tallawahs,Guyana Amazon Warriors,GD Phillips,DA Miller,RR Emrit,1,0,,,,,,,,,
1148657,2018,2018-08-18,Central Broward Regional Park Stadium Turf Ground,2,8.5,Jamaica Tallawahs,Guyana Amazon Warriors,DA Miller,GD Phillips,RR Emrit,0,0,,,,,,,,,
1148657,2018,2018-08-18,Central Broward Regional Park Stadium Turf Ground,2,8.6,Jamaica Tallawahs,Guyana Amazon Warriors,DA Miller,GD Phillips,RR Emrit,6,0,,,,,,,,,
1148657,2018,2018-08-18,Central Broward Regional Park Stadium Turf Ground,2,9.1,Jamaica Tallawahs,Guyana Amazon Warriors,GD Phillips,DA Miller,CJ Green,0,0,,,,,,,,,
1148657,2018,2018-08-18,Central Broward Regional Park Stadium Turf Ground,2,9.2,Jamaica Tallawahs,Guyana Amazon Warriors,GD Phillips,DA Miller,CJ Green,1,0,,,,,,,,,
1148657,2018,2018-08-18,Central Broward Regional Park Stadium Turf Ground,2,9.3,Jamaica Tallawahs,Guyana Amazon Warriors,DA Miller,GD Phillips,CJ Green,1,0,,,,,,,,,
1148657,2018,2018-08-18,Central Broward Regional Park Stadium Turf Ground,2,9.4,Jamaica Tallawahs,Guyana Amazon Warriors,GD Phillips,DA Miller,CJ Green,0,0,,,,,,,,,
1148657,2018,2018-08-18,Central Broward Regional Park Stadium Turf Ground,2,9.5,Jamaica Tallawahs,Guyana Amazon Warriors,GD Phillips,DA Miller,CJ Green,1,0,,,,,,,,,
1148657,2018,2018-08-18,Central Broward Regional Park Stadium Turf Ground,2,9.6,Jamaica Tallawahs,Guyana Amazon Warriors,DA Miller,GD Phillips,CJ Green,1,0,,,,,,,,,
1148657,2018,2018-08-18,Central Broward Regional Park Stadium Turf Ground,2,10.1,Jamaica Tallawahs,Guyana Amazon Warriors,DA Miller,GD Phillips,Imran Tahir,1,0,,,,,,,,,
1148657,2018,2018-08-18,Central Broward Regional Park Stadium Turf Ground,2,10.2,Jamaica Tallawahs,Guyana Amazon Warriors,GD Phillips,DA Miller,Imran Tahir,0,0,,,,,,run out,DA Miller,,
1148657,2018,2018-08-18,Central Broward Regional Park Stadium Turf Ground,2,10.3,Jamaica Tallawahs,Guyana Amazon Warriors,GD Phillips,R Powell,Imran Tahir,0,0,,,,,,bowled,GD Phillips,,
1148657,2018,2018-08-18,Central Broward Regional Park Stadium Turf Ground,2,10.4,Jamaica Tallawahs,Guyana Amazon Warriors,AD Russell,R Powell,Imran Tahir,1,0,,,,,,,,,
1148657,2018,2018-08-18,Central Broward Regional Park Stadium Turf Ground,2,10.5,Jamaica Tallawahs,Guyana Amazon Warriors,R Powell,AD Russell,Imran Tahir,0,0,,,,,,,,,
1148657,2018,2018-08-18,Central Broward Regional Park Stadium Turf Ground,2,10.6,Jamaica Tallawahs,Guyana Amazon Warriors,R Powell,AD Russell,Imran Tahir,0,0,,,,,,,,,
1148657,2018,2018-08-18,Central Broward Regional Park Stadium Turf Ground,2,11.1,Jamaica Tallawahs,Guyana Amazon Warriors,AD Russell,R Powell,D Bishoo,0,0,,,,,,caught,AD Russell,,
1148657,2018,2018-08-18,Central Broward Regional Park Stadium Turf Ground,2,11.2,Jamaica Tallawahs,Guyana Amazon Warriors,Imad Wasim,R Powell,D Bishoo,1,0,,,,,,,,,
1148657,2018,2018-08-18,Central Broward Regional Park Stadium Turf Ground,2,11.3,Jamaica Tallawahs,Guyana Amazon Warriors,R Powell,Imad Wasim,D Bishoo,1,0,,,,,,,,,
1148657,2018,2018-08-18,Central Broward Regional Park Stadium Turf Ground,2,11.4,Jamaica Tallawahs,Guyana Amazon Warriors,Imad Wasim,R Powell,D Bishoo,1,0,,,,,,,,,
1148657,2018,2018-08-18,Central Broward Regional Park Stadium Turf Ground,2,11.5,Jamaica Tallawahs,Guyana Amazon Warriors,R Powell,Imad Wasim,D Bishoo,2,0,,,,,,,,,
1148657,2018,2018-08-18,Central Broward Regional Park Stadium Turf Ground,2,11.6,Jamaica Tallawahs,Guyana Amazon Warriors,R Powell,Imad Wasim,D Bishoo,1,0,,,,,,,,,
1148657,2018,2018-08-18,Central Broward Regional Park Stadium Turf Ground,2,12.1,Jamaica Tallawahs,Guyana Amazon Warriors,R Powell,Imad Wasim,Imran Tahir,0,0,,,,,,,,,
1148657,2018,2018-08-18,Central Broward Regional Park Stadium Turf Ground,2,12.2,Jamaica Tallawahs,Guyana Amazon Warriors,R Powell,Imad Wasim,Imran Tahir,1,0,,,,,,,,,
1148657,2018,2018-08-18,Central Broward Regional Park Stadium Turf Ground,2,12.3,Jamaica Tallawahs,Guyana Amazon Warriors,Imad Wasim,R Powell,Imran Tahir,6,0,,,,,,,,,
1148657,2018,2018-08-18,Central Broward Regional Park Stadium Turf Ground,2,12.4,Jamaica Tallawahs,Guyana Amazon Warriors,Imad Wasim,R Powell,Imran Tahir,2,0,,,,,,,,,
1148657,2018,2018-08-18,Central Broward Regional Park Stadium Turf Ground,2,12.5,Jamaica Tallawahs,Guyana Amazon Warriors,Imad Wasim,R Powell,Imran Tahir,1,0,,,,,,,,,
1148657,2018,2018-08-18,Central Broward Regional Park Stadium Turf Ground,2,12.6,Jamaica Tallawahs,Guyana Amazon Warriors,R Powell,Imad Wasim,Imran Tahir,1,0,,,,,,,,,
1148657,2018,2018-08-18,Central Broward Regional Park Stadium Turf Ground,2,13.1,Jamaica Tallawahs,Guyana Amazon Warriors,R Powell,Imad Wasim,CJ Green,1,0,,,,,,,,,
1148657,2018,2018-08-18,Central Broward Regional Park Stadium Turf Ground,2,13.2,Jamaica Tallawahs,Guyana Amazon Warriors,Imad Wasim,R Powell,CJ Green,0,0,,,,,,,,,
1148657,2018,2018-08-18,Central Broward Regional Park Stadium Turf Ground,2,13.3,Jamaica Tallawahs,Guyana Amazon Warriors,Imad Wasim,R Powell,CJ Green,0,1,1,,,,,,,,
1148657,2018,2018-08-18,Central Broward Regional Park Stadium Turf Ground,2,13.4,Jamaica Tallawahs,Guyana Amazon Warriors,Imad Wasim,R Powell,CJ Green,1,0,,,,,,,,,
1148657,2018,2018-08-18,Central Broward Regional Park Stadium Turf Ground,2,13.5,Jamaica Tallawahs,Guyana Amazon Warriors,R Powell,Imad Wasim,CJ Green,6,0,,,,,,,,,
1148657,2018,2018-08-18,Central Broward Regional Park Stadium Turf Ground,2,13.6,Jamaica Tallawahs,Guyana Amazon Warriors,R Powell,Imad Wasim,CJ Green,0,0,,,,,,bowled,R Powell,,
1148657,2018,2018-08-18,Central Broward Regional Park Stadium Turf Ground,2,13.7,Jamaica Tallawahs,Guyana Amazon Warriors,K Santokie,Imad Wasim,CJ Green,0,0,,,,,,,,,
1148657,2018,2018-08-18,Central Broward Regional Park Stadium Turf Ground,2,14.1,Jamaica Tallawahs,Guyana Amazon Warriors,Imad Wasim,K Santokie,RR Emrit,1,0,,,,,,,,,
1148657,2018,2018-08-18,Central Broward Regional Park Stadium Turf Ground,2,14.2,Jamaica Tallawahs,Guyana Amazon Warriors,K Santokie,Imad Wasim,RR Emrit,0,0,,,,,,caught,K Santokie,,
1148657,2018,2018-08-18,Central Broward Regional Park Stadium Turf Ground,2,14.3,Jamaica Tallawahs,Guyana Amazon Warriors,Imad Wasim,A Zampa,RR Emrit,1,0,,,,,,,,,
1148657,2018,2018-08-18,Central Broward Regional Park Stadium Turf Ground,2,14.4,Jamaica Tallawahs,Guyana Amazon Warriors,A Zampa,Imad Wasim,RR Emrit,0,0,,,,,,,,,
1148657,2018,2018-08-18,Central Broward Regional Park Stadium Turf Ground,2,14.5,Jamaica Tallawahs,Guyana Amazon Warriors,A Zampa,Imad Wasim,RR Emrit,0,0,,,,,,,,,
1148657,2018,2018-08-18,Central Broward Regional Park Stadium Turf Ground,2,14.6,Jamaica Tallawahs,Guyana Amazon Warriors,A Zampa,Imad Wasim,RR Emrit,2,0,,,,,,,,,
1148657,2018,2018-08-18,Central Broward Regional Park Stadium Turf Ground,2,15.1,Jamaica Tallawahs,Guyana Amazon Warriors,Imad Wasim,A Zampa,Imran Tahir,0,0,,,,,,caught,Imad Wasim,,
1148657,2018,2018-08-18,Central Broward Regional Park Stadium Turf Ground,2,15.2,Jamaica Tallawahs,Guyana Amazon Warriors,A Zampa,S Badree,Imran Tahir,1,0,,,,,,,,,
1148657,2018,2018-08-18,Central Broward Regional Park Stadium Turf Ground,2,15.3,Jamaica Tallawahs,Guyana Amazon Warriors,S Badree,A Zampa,Imran Tahir,0,0,,,,,,run out,A Zampa,,
1148657,2018,2018-08-18,Central Broward Regional Park Stadium Turf Ground,2,15.4,Jamaica Tallawahs,Guyana Amazon Warriors,S Badree,O Thomas,Imran Tahir,1,0,,,,,,,,,
1148657,2018,2018-08-18,Central Broward Regional Park Stadium Turf Ground,2,15.5,Jamaica Tallawahs,Guyana Amazon Warriors,O Thomas,S Badree,Imran Tahir,0,0,,,,,,,,,
1148657,2018,2018-08-18,Central Broward Regional Park Stadium Turf Ground,2,15.6,Jamaica Tallawahs,Guyana Amazon Warriors,O Thomas,S Badree,Imran Tahir,1,0,,,,,,,,,
1148657,2018,2018-08-18,Central Broward Regional Park Stadium Turf Ground,2,16.1,Jamaica Tallawahs,Guyana Amazon Warriors,O Thomas,S Badree,Shoaib Malik,1,0,,,,,,,,,
1148657,2018,2018-08-18,Central Broward Regional Park Stadium Turf Ground,2,16.2,Jamaica Tallawahs,Guyana Amazon Warriors,S Badree,O Thomas,Shoaib Malik,1,0,,,,,,run out,S Badree,,
