match_id,season,start_date,venue,innings,ball,batting_team,bowling_team,striker,non_striker,bowler,runs_off_bat,extras,wides,noballs,byes,legbyes,penalty,wicket_type,player_dismissed,other_wicket_type,other_player_dismissed
1148660,2018,2018-08-22,Central Broward Regional Park Stadium Turf Ground,1,0.1,Barbados Tridents,Jamaica Tallawahs,DR Smith,HM Amla,Imad Wasim,0,0,,,,,,,,,
1148660,2018,2018-08-22,Central Broward Regional Park Stadium Turf Ground,1,0.2,Barbados Tridents,Jamaica Tallawahs,DR Smith,HM Amla,Imad Wasim,1,0,,,,,,,,,
1148660,2018,2018-08-22,Central Broward Regional Park Stadium Turf Ground,1,0.3,Barbados Tridents,Jamaica Tallawahs,HM Amla,DR Smith,Imad Wasim,0,0,,,,,,,,,
1148660,2018,2018-08-22,Central Broward Regional Park Stadium Turf Ground,1,0.4,Barbados Tridents,Jamaica Tallawahs,HM Amla,DR Smith,Imad Wasim,0,1,,,,1,,,,,
1148660,2018,2018-08-22,Central Broward Regional Park Stadium Turf Ground,1,0.5,Barbados Tridents,Jamaica Tallawahs,DR Smith,HM Amla,Imad Wasim,1,0,,,,,,,,,
1148660,2018,2018-08-22,Central Broward Regional Park Stadium Turf Ground,1,0.6,Barbados Tridents,Jamaica Tallawahs,HM Amla,DR Smith,Imad Wasim,1,0,,,,,,,,,
1148660,2018,2018-08-22,Central Broward Regional Park Stadium Turf Ground,1,1.1,Barbados Tridents,Jamaica Tallawahs,HM Amla,DR Smith,S Badree,0,0,,,,,,,,,
1148660,2018,2018-08-22,Central Broward Regional Park Stadium Turf Ground,1,1.2,Barbados Tridents,Jamaica Tallawahs,HM Amla,DR Smith,S Badree,0,0,,,,,,,,,
1148660,2018,2018-08-22,Central Broward Regional Park Stadium Turf Ground,1,1.3,Barbados Tridents,Jamaica Tallawahs,HM Amla,DR Smith,S Badree,4,0,,,,,,,,,
1148660,2018,2018-08-22,Central Broward Regional Park Stadium Turf Ground,1,1.4,Barbados Tridents,Jamaica Tallawahs,HM Amla,DR Smith,S Badree,0,1,,,,1,,,,,
1148660,2018,2018-08-22,Central Broward Regional Park Stadium Turf Ground,1,1.5,Barbados Tridents,Jamaica Tallawahs,DR Smith,HM Amla,S Badree,0,0,,,,,,,,,
1148660,2018,2018-08-22,Central Broward Regional Park Stadium Turf Ground,1,1.6,Barbados Tridents,Jamaica Tallawahs,DR Smith,HM Amla,S Badree,1,0,,,,,,,,,
1148660,2018,2018-08-22,Central Broward Regional Park Stadium Turf Ground,1,2.1,Barbados Tridents,Jamaica Tallawahs,DR Smith,HM Amla,Imad Wasim,4,0,,,,,,,,,
1148660,2018,2018-08-22,Central Broward Regional Park Stadium Turf Ground,1,2.2,Barbados Tridents,Jamaica Tallawahs,DR Smith,HM Amla,Imad Wasim,4,0,,,,,,,,,
1148660,2018,2018-08-22,Central Broward Regional Park Stadium Turf Ground,1,2.3,Barbados Tridents,Jamaica Tallawahs,DR Smith,HM Amla,Imad Wasim,0,0,,,,,,,,,
1148660,2018,2018-08-22,Central Broward Regional Park Stadium Turf Ground,1,2.4,Barbados Tridents,Jamaica Tallawahs,DR Smith,HM Amla,Imad Wasim,1,0,,,,,,,,,
1148660,2018,2018-08-22,Central Broward Regional Park Stadium Turf Ground,1,2.5,Barbados Tridents,Jamaica Tallawahs,HM Amla,DR Smith,Imad Wasim,6,0,,,,,,,,,
1148660,2018,2018-08-22,Central Broward Regional Park Stadium Turf Ground,1,2.6,Barbados Tridents,Jamaica Tallawahs,HM Amla,DR Smith,Imad Wasim,1,0,,,,,,,,,
1148660,2018,2018-08-22,Central Broward Regional Park Stadium Turf Ground,1,3.1,Barbados Tridents,Jamaica Tallawahs,HM Amla,DR Smith,A Zampa,0,0,,,,,,,,,
1148660,2018,2018-08-22,Central Broward Regional Park Stadium Turf Ground,1,3.2,Barbados Tridents,Jamaica Tallawahs,HM Amla,DR Smith,A Zampa,1,0,,,,,,,,,
1148660,2018,2018-08-22,Central Broward Regional Park Stadium Turf Ground,1,3.3,Barbados Tridents,Jamaica Tallawahs,DR Smith,HM Amla,A Zampa,1,0,,,,,,,,,
1148660,2018,2018-08-22,Central Broward Regional Park Stadium Turf Ground,1,3.4,Barbados Tridents,Jamaica Tallawahs,HM Amla,DR Smith,A Zampa,0,0,,,,,,,,,
1148660,2018,2018-08-22,Central Broward Regional Park Stadium Turf Ground,1,3.5,Barbados Tridents,Jamaica Tallawahs,HM Amla,DR Smith,A Zampa,1,0,,,,,,,,,
1148660,2018,2018-08-22,Central Broward Regional Park Stadium Turf Ground,1,3.6,Barbados Tridents,Jamaica Tallawahs,DR Smith,HM Amla,A Zampa,1,0,,,,,,,,,
1148660,2018,2018-08-22,Central Broward Regional Park Stadium Turf Ground,1,4.1,Barbados Tridents,Jamaica Tallawahs,DR Smith,HM Amla,O Thomas,0,1,1,,,,,,,,
1148660,2018,2018-08-22,Central Broward Regional Park Stadium Turf Ground,1,4.2,Barbados Tridents,Jamaica Tallawahs,DR Smith,HM Amla,O Thomas,0,0,,,,,,,,,
1148660,2018,2018-08-22,Central Broward Regional Park Stadium Turf Ground,1,4.3,Barbados Tridents,Jamaica Tallawahs,DR Smith,HM Amla,O Thomas,4,0,,,,,,,,,
1148660,2018,2018-08-22,Central Broward Regional Park Stadium Turf Ground,1,4.4,Barbados Tridents,Jamaica Tallawahs,DR Smith,HM Amla,O Thomas,0,1,,,,1,,,,,
1148660,2018,2018-08-22,Central Broward Regional Park Stadium Turf Ground,1,4.5,Barbados Tridents,Jamaica Tallawahs,HM Amla,DR Smith,O Thomas,0,0,,,,,,,,,
1148660,2018,2018-08-22,Central Broward Regional Park Stadium Turf Ground,1,4.6,Barbados Tridents,Jamaica Tallawahs,HM Amla,DR Smith,O Thomas,0,0,,,,,,run out,DR Smith,,
1148660,2018,2018-08-22,Central Broward Regional Park Stadium Turf Ground,1,4.7,Barbados Tridents,Jamaica Tallawahs,HM Amla,MJ Guptill,O Thomas,1,0,,,,,,,,,
1148660,2018,2018-08-22,Central Broward Regional Park Stadium Turf Ground,1,5.1,Barbados Tridents,Jamaica Tallawahs,HM Amla,MJ Guptill,S Badree,0,0,,,,,,caught,HM Amla,,
1148660,2018,2018-08-22,Central Broward Regional Park Stadium Turf Ground,1,5.2,Barbados Tridents,Jamaica Tallawahs,SPD Smith,MJ Guptill,S Badree,0,0,,,,,,,,,
1148660,2018,2018-08-22,Central Broward Regional Park Stadium Turf Ground,1,5.3,Barbados Tridents,Jamaica Tallawahs,SPD Smith,MJ Guptill,S Badree,0,0,,,,,,,,,
1148660,2018,2018-08-22,Central Broward Regional Park Stadium Turf Ground,1,5.4,Barbados Tridents,Jamaica Tallawahs,SPD Smith,MJ Guptill,S Badree,0,0,,,,,,,,,
1148660,2018,2018-08-22,Central Broward Regional Park Stadium Turf Ground,1,5.5,Barbados Tridents,Jamaica Tallawahs,SPD Smith,MJ Guptill,S Badree,0,0,,,,,,,,,
1148660,2018,2018-08-22,Central Broward Regional Park Stadium Turf Ground,1,5.6,Barbados Tridents,Jamaica Tallawahs,SPD Smith,MJ Guptill,S Badree,1,0,,,,,,,,,
1148660,2018,2018-08-22,Central Broward Regional Park Stadium Turf Ground,1,6.1,Barbados Tridents,Jamaica Tallawahs,SPD Smith,MJ Guptill,O Thomas,1,0,,,,,,,,,
1148660,2018,2018-08-22,Central Broward Regional Park Stadium Turf Ground,1,6.2,Barbados Tridents,Jamaica Tallawahs,MJ Guptill,SPD Smith,O Thomas,0,0,,,,,,,,,
1148660,2018,2018-08-22,Central Broward Regional Park Stadium Turf Ground,1,6.3,Barbados Tridents,Jamaica Tallawahs,MJ Guptill,SPD Smith,O Thomas,0,0,,,,,,bowled,MJ Guptill,,
1148660,2018,2018-08-22,Central Broward Regional Park Stadium Turf Ground,1,6.4,Barbados Tridents,Jamaica Tallawahs,SD Hope,SPD Smith,O Thomas,0,0,,,,,,,,,
1148660,2018,2018-08-22,Central Broward Regional Park Stadium Turf Ground,1,6.5,Barbados Tridents,Jamaica Tallawahs,SD Hope,SPD Smith,O Thomas,0,0,,,,,,,,,
1148660,2018,2018-08-22,Central Broward Regional Park Stadium Turf Ground,1,6.6,Barbados Tridents,Jamaica Tallawahs,SD Hope,SPD Smith,O Thomas,0,1,1,,,,,,,,
1148660,2018,2018-08-22,Central Broward Regional Park Stadium Turf Ground,1,6.7,Barbados Tridents,Jamaica Tallawahs,SD Hope,SPD Smith,O Thomas,1,0,,,,,,,,,
1148660,2018,2018-08-22,Central Broward Regional Park Stadium Turf Ground,1,7.1,Barbados Tridents,Jamaica Tallawahs,SD Hope,SPD Smith,S Badree,1,0,,,,,,,,,
1148660,2018,2018-08-22,Central Broward Regional Park Stadium Turf Ground,1,7.2,Barbados Tridents,Jamaica Tallawahs,SPD Smith,SD Hope,S Badree,1,0,,,,,,,,,
1148660,2018,2018-08-22,Central Broward Regional Park Stadium Turf Ground,1,7.3,Barbados Tridents,Jamaica Tallawahs,SD Hope,SPD Smith,S Badree,0,0,,,,,,,,,
1148660,2018,2018-08-22,Central Broward Regional Park Stadium Turf Ground,1,7.4,Barbados Tridents,Jamaica Tallawahs,SD Hope,SPD Smith,S Badree,0,0,,,,,,,,,
1148660,2018,2018-08-22,Central Broward Regional Park Stadium Turf Ground,1,7.5,Barbados Tridents,Jamaica Tallawahs,SD Hope,SPD Smith,S Badree,1,0,,,,,,,,,
1148660,2018,2018-08-22,Central Broward Regional Park Stadium Turf Ground,1,7.6,Barbados Tridents,Jamaica Tallawahs,SPD Smith,SD Hope,S Badree,1,0,,,,,,,,,
1148660,2018,2018-08-22,Central Broward Regional Park Stadium Turf Ground,1,8.1,Barbados Tridents,Jamaica Tallawahs,SPD Smith,SD Hope,AD Russell,4,0,,,,,,,,,
1148660,2018,2018-08-22,Central Broward Regional Park Stadium Turf Ground,1,8.2,Barbados Tridents,Jamaica Tallawahs,SPD Smith,SD Hope,AD Russell,0,0,,,,,,,,,
1148660,2018,2018-08-22,Central Broward Regional Park Stadium Turf Ground,1,8.3,Barbados Tridents,Jamaica Tallawahs,SPD Smith,SD Hope,AD Russell,1,0,,,,,,,,,
1148660,2018,2018-08-22,Central Broward Regional Park Stadium Turf Ground,1,8.4,Barbados Tridents,Jamaica Tallawahs,SD Hope,SPD Smith,AD Russell,0,0,,,,,,,,,
1148660,2018,2018-08-22,Central Broward Regional Park Stadium Turf Ground,1,8.5,Barbados Tridents,Jamaica Tallawahs,SD Hope,SPD Smith,AD Russell,1,0,,,,,,,,,
1148660,2018,2018-08-22,Central Broward Regional Park Stadium Turf Ground,1,8.6,Barbados Tridents,Jamaica Tallawahs,SPD Smith,SD Hope,AD Russell,1,0,,,,,,,,,
1148660,2018,2018-08-22,Central Broward Regional Park Stadium Turf Ground,1,9.1,Barbados Tridents,Jamaica Tallawahs,SPD Smith,SD Hope,S Badree,2,0,,,,,,,,,
1148660,2018,2018-08-22,Central Broward Regional Park Stadium Turf Ground,1,9.2,Barbados Tridents,Jamaica Tallawahs,SPD Smith,SD Hope,S Badree,1,0,,,,,,,,,
1148660,2018,2018-08-22,Central Broward Regional Park Stadium Turf Ground,1,9.3,Barbados Tridents,Jamaica Tallawahs,SD Hope,SPD Smith,S Badree,4,0,,,,,,,,,
1148660,2018,2018-08-22,Central Broward Regional Park Stadium Turf Ground,1,9.4,Barbados Tridents,Jamaica Tallawahs,SD Hope,SPD Smith,S Badree,0,0,,,,,,,,,
1148660,2018,2018-08-22,Central Broward Regional Park Stadium Turf Ground,1,9.5,Barbados Tridents,Jamaica Tallawahs,SD Hope,SPD Smith,S Badree,1,0,,,,,,,,,
1148660,2018,2018-08-22,Central Broward Regional Park Stadium Turf Ground,1,9.6,Barbados Tridents,Jamaica Tallawahs,SPD Smith,SD Hope,S Badree,1,0,,,,,,,,,
1148660,2018,2018-08-22,Central Broward Regional Park Stadium Turf Ground,1,10.1,Barbados Tridents,Jamaica Tallawahs,SPD Smith,SD Hope,A Zampa,1,0,,,,,,,,,
1148660,2018,2018-08-22,Central Broward Regional Park Stadium Turf Ground,1,10.2,Barbados Tridents,Jamaica Tallawahs,SD Hope,SPD Smith,A Zampa,6,0,,,,,,,,,
1148660,2018,2018-08-22,Central Broward Regional Park Stadium Turf Ground,1,10.3,Barbados Tridents,Jamaica Tallawahs,SD Hope,SPD Smith,A Zampa,0,0,,,,,,,,,
1148660,2018,2018-08-22,Central Broward Regional Park Stadium Turf Ground,1,10.4,Barbados Tridents,Jamaica Tallawahs,SD Hope,SPD Smith,A Zampa,2,0,,,,,,,,,
1148660,2018,2018-08-22,Central Broward Regional Park Stadium Turf Ground,1,10.5,Barbados Tridents,Jamaica Tallawahs,SD Hope,SPD Smith,A Zampa,1,0,,,,,,,,,
1148660,2018,2018-08-22,Central Broward Regional Park Stadium Turf Ground,1,10.6,Barbados Tridents,Jamaica Tallawahs,SPD Smith,SD Hope,A Zampa,1,0,,,,,,,,,
1148660,2018,2018-08-22,Central Broward Regional Park Stadium Turf Ground,1,11.1,Barbados Tridents,Jamaica Tallawahs,SPD Smith,SD Hope,AD Russell,4,0,,,,,,,,,
1148660,2018,2018-08-22,Central Broward Regional Park Stadium Turf Ground,1,11.2,Barbados Tridents,Jamaica Tallawahs,SPD Smith,SD Hope,AD Russell,0,0,,,,,,,,,
1148660,2018,2018-08-22,Central Broward Regional Park Stadium Turf Ground,1,11.3,Barbados Tridents,Jamaica Tallawahs,SPD Smith,SD Hope,AD Russell,4,0,,,,,,,,,
1148660,2018,2018-08-22,Central Broward Regional Park Stadium Turf Ground,1,11.4,Barbados Tridents,Jamaica Tallawahs,SPD Smith,SD Hope,AD Russell,1,0,,,,,,,,,
1148660,2018,2018-08-22,Central Broward Regional Park Stadium Turf Ground,1,11.5,Barbados Tridents,Jamaica Tallawahs,SD Hope,SPD Smith,AD Russell,0,0,,,,,,,,,
1148660,2018,2018-08-22,Central Broward Regional Park Stadium Turf Ground,1,11.6,Barbados Tridents,Jamaica Tallawahs,SD Hope,SPD Smith,AD Russell,0,1,1,,,,,,,,
1148660,2018,2018-08-22,Central Broward Regional Park Stadium Turf Ground,1,11.7,Barbados Tridents,Jamaica Tallawahs,SD Hope,SPD Smith,AD Russell,4,0,,,,,,,,,
1148660,2018,2018-08-22,Central Broward Regional Park Stadium Turf Ground,1,12.1,Barbados Tridents,Jamaica Tallawahs,SPD Smith,SD Hope,A Zampa,0,0,,,,,,,,,
1148660,2018,2018-08-22,Central Broward Regional Park Stadium Turf Ground,1,12.2,Barbados Tridents,Jamaica Tallawahs,SPD Smith,SD Hope,A Zampa,1,0,,,,,,,,,
1148660,2018,2018-08-22,Central Broward Regional Park Stadium Turf Ground,1,12.3,Barbados Tridents,Jamaica Tallawahs,SD Hope,SPD Smith,A Zampa,2,0,,,,,,,,,
1148660,2018,2018-08-22,Central Broward Regional Park Stadium Turf Ground,1,12.4,Barbados Tridents,Jamaica Tallawahs,SD Hope,SPD Smith,A Zampa,0,0,,,,,,,,,
1148660,2018,2018-08-22,Central Broward Regional Park Stadium Turf Ground,1,12.5,Barbados Tridents,Jamaica Tallawahs,SD Hope,SPD Smith,A Zampa,1,0,,,,,,,,,
1148660,2018,2018-08-22,Central Broward Regional Park Stadium Turf Ground,1,12.6,Barbados Tridents,Jamaica Tallawahs,SPD Smith,SD Hope,A Zampa,1,0,,,,,,,,,
1148660,2018,2018-08-22,Central Broward Regional Park Stadium Turf Ground,1,13.1,Barbados Tridents,Jamaica Tallawahs,SPD Smith,SD Hope,Imad Wasim,1,0,,,,,,,,,
1148660,2018,2018-08-22,Central Broward Regional Park Stadium Turf Ground,1,13.2,Barbados Tridents,Jamaica Tallawahs,SD Hope,SPD Smith,Imad Wasim,0,0,,,,,,,,,
1148660,2018,2018-08-22,Central Broward Regional Park Stadium Turf Ground,1,13.3,Barbados Tridents,Jamaica Tallawahs,SD Hope,SPD Smith,Imad Wasim,0,0,,,,,,,,,
1148660,2018,2018-08-22,Central Broward Regional Park Stadium Turf Ground,1,13.4,Barbados Tridents,Jamaica Tallawahs,SD Hope,SPD Smith,Imad Wasim,1,0,,,,,,,,,
1148660,2018,2018-08-22,Central Broward Regional Park Stadium Turf Ground,1,13.5,Barbados Tridents,Jamaica Tallawahs,SPD Smith,SD Hope,Imad Wasim,0,0,,,,,,,,,
1148660,2018,2018-08-22,Central Broward Regional Park Stadium Turf Ground,1,13.6,Barbados Tridents,Jamaica Tallawahs,SPD Smith,SD Hope,Imad Wasim,1,0,,,,,,,,,
1148660,2018,2018-08-22,Central Broward Regional Park Stadium Turf Ground,1,14.1,Barbados Tridents,Jamaica Tallawahs,SPD Smith,SD Hope,A Zampa,0,0,,,,,,,,,
1148660,2018,2018-08-22,Central Broward Regional Park Stadium Turf Ground,1,14.2,Barbados Tridents,Jamaica Tallawahs,SPD Smith,SD Hope,A Zampa,6,0,,,,,,,,,
1148660,2018,2018-08-22,Central Broward Regional Park Stadium Turf Ground,1,14.3,Barbados Tridents,Jamaica Tallawahs,SPD Smith,SD Hope,A Zampa,6,0,,,,,,,,,
1148660,2018,2018-08-22,Central Broward Regional Park Stadium Turf Ground,1,14.4,Barbados Tridents,Jamaica Tallawahs,SPD Smith,SD Hope,A Zampa,2,0,,,,,,,,,
1148660,2018,2018-08-22,Central Broward Regional Park Stadium Turf Ground,1,14.5,Barbados Tridents,Jamaica Tallawahs,SPD Smith,SD Hope,A Zampa,1,0,,,,,,,,,
1148660,2018,2018-08-22,Central Broward Regional Park Stadium Turf Ground,1,14.6,Barbados Tridents,Jamaica Tallawahs,SD Hope,SPD Smith,A Zampa,0,0,,,,,,,,,
1148660,2018,2018-08-22,Central Broward Regional Park Stadium Turf Ground,1,15.1,Barbados Tridents,Jamaica Tallawahs,SPD Smith,SD Hope,Imad Wasim,4,0,,,,,,,,,
1148660,2018,2018-08-22,Central Broward Regional Park Stadium Turf Ground,1,15.2,Barbados Tridents,Jamaica Tallawahs,SPD Smith,SD Hope,Imad Wasim,0,1,1,,,,,,,,
1148660,2018,2018-08-22,Central Broward Regional Park Stadium Turf Ground,1,15.3,Barbados Tridents,Jamaica Tallawahs,SPD Smith,SD Hope,Imad Wasim,1,0,,,,,,,,,
1148660,2018,2018-08-22,Central Broward Regional Park Stadium Turf Ground,1,15.4,Barbados Tridents,Jamaica Tallawahs,SD Hope,SPD Smith,Imad Wasim,1,0,,,,,,,,,
1148660,2018,2018-08-22,Central Broward Regional Park Stadium Turf Ground,1,15.5,Barbados Tridents,Jamaica Tallawahs,SPD Smith,SD Hope,Imad Wasim,1,0,,,,,,,,,
1148660,2018,2018-08-22,Central Broward Regional Park Stadium Turf Ground,1,15.6,Barbados Tridents,Jamaica Tallawahs,SD Hope,SPD Smith,Imad Wasim,6,0,,,,,,,,,
1148660,2018,2018-08-22,Central Broward Regional Park Stadium Turf Ground,1,15.7,Barbados Tridents,Jamaica Tallawahs,SD Hope,SPD Smith,Imad Wasim,2,0,,,,,,,,,
1148660,2018,2018-08-22,Central Broward Regional Park Stadium Turf Ground,1,16.1,Barbados Tridents,Jamaica Tallawahs,SPD Smith,SD Hope,O Thomas,0,1,1,,,,,,,,
1148660,2018,2018-08-22,Central Broward Regional Park Stadium Turf Ground,1,16.2,Barbados Tridents,Jamaica Tallawahs,SPD Smith,SD Hope,O Thomas,1,0,,,,,,,,,
1148660,2018,2018-08-22,Central Broward Regional Park Stadium Turf Ground,1,16.3,Barbados Tridents,Jamaica Tallawahs,SD Hope,SPD Smith,O Thomas,6,0,,,,,,,,,
1148660,2018,2018-08-22,Central Broward Regional Park Stadium Turf Ground,1,16.4,Barbados Tridents,Jamaica Tallawahs,SD Hope,SPD Smith,O Thomas,2,0,,,,,,,,,
1148660,2018,2018-08-22,Central Broward Regional Park Stadium Turf Ground,1,16.5,Barbados Tridents,Jamaica Tallawahs,SD Hope,SPD Smith,O Thomas,0,0,,,,,,,,,
1148660,2018,2018-08-22,Central Broward Regional Park Stadium Turf Ground,1,16.6,Barbados Tridents,Jamaica Tallawahs,SD Hope,SPD Smith,O Thomas,0,0,,,,,,,,,
1148660,2018,2018-08-22,Central Broward Regional Park Stadium Turf Ground,1,16.7,Barbados Tridents,Jamaica Tallawahs,SD Hope,SPD Smith,O Thomas,0,0,,,,,,,,,
1148660,2018,2018-08-22,Central Broward Regional Park Stadium Turf Ground,1,17.1,Barbados Tridents,Jamaica Tallawahs,SPD Smith,SD Hope,AD Russell,0,0,,,,,,,,,
1148660,2018,2018-08-22,Central Broward Regional Park Stadium Turf Ground,1,17.2,Barbados Tridents,Jamaica Tallawahs,SPD Smith,SD Hope,AD Russell,6,0,,,,,,,,,
1148660,2018,2018-08-22,Central Broward Regional Park Stadium Turf Ground,1,17.3,Barbados Tridents,Jamaica Tallawahs,SPD Smith,SD Hope,AD Russell,1,0,,,,,,,,,
1148660,2018,2018-08-22,Central Broward Regional Park Stadium Turf Ground,1,17.4,Barbados Tridents,Jamaica Tallawahs,SD Hope,SPD Smith,AD Russell,0,0,,,,,,,,,
1148660,2018,2018-08-22,Central Broward Regional Park Stadium Turf Ground,1,17.5,Barbados Tridents,Jamaica Tallawahs,SD Hope,SPD Smith,AD Russell,0,0,,,,,,bowled,SD Hope,,
1148660,2018,2018-08-22,Central Broward Regional Park Stadium Turf Ground,1,17.6,Barbados Tridents,Jamaica Tallawahs,N Pooran,SPD Smith,AD Russell,1,0,,,,,,,,,
1148660,2018,2018-08-22,Central Broward Regional Park Stadium Turf Ground,1,18.1,Barbados Tridents,Jamaica Tallawahs,N Pooran,SPD Smith,O Thomas,1,0,,,,,,,,,
1148660,2018,2018-08-22,Central Broward Regional Park Stadium Turf Ground,1,18.2,Barbados Tridents,Jamaica Tallawahs,SPD Smith,N Pooran,O Thomas,0,1,,,,1,,,,,
1148660,2018,2018-08-22,Central Broward Regional Park Stadium Turf Ground,1,18.3,Barbados Tridents,Jamaica Tallawahs,N Pooran,SPD Smith,O Thomas,2,0,,,,,,,,,
1148660,2018,2018-08-22,Central Broward Regional Park Stadium Turf Ground,1,18.4,Barbados Tridents,Jamaica Tallawahs,N Pooran,SPD Smith,O Thomas,1,0,,,,,,,,,
1148660,2018,2018-08-22,Central Broward Regional Park Stadium Turf Ground,1,18.5,Barbados Tridents,Jamaica Tallawahs,SPD Smith,N Pooran,O Thomas,4,0,,,,,,,,,
1148660,2018,2018-08-22,Central Broward Regional Park Stadium Turf Ground,1,18.6,Barbados Tridents,Jamaica Tallawahs,SPD Smith,N Pooran,O Thomas,0,0,,,,,,,,,
1148660,2018,2018-08-22,Central Broward Regional Park Stadium Turf Ground,1,19.1,Barbados Tridents,Jamaica Tallawahs,N Pooran,SPD Smith,AD Russell,1,0,,,,,,,,,
1148660,2018,2018-08-22,Central Broward Regional Park Stadium Turf Ground,1,19.2,Barbados Tridents,Jamaica Tallawahs,SPD Smith,N Pooran,AD Russell,1,0,,,,,,,,,
1148660,2018,2018-08-22,Central Broward Regional Park Stadium Turf Ground,1,19.3,Barbados Tridents,Jamaica Tallawahs,N Pooran,SPD Smith,AD Russell,1,0,,,,,,,,,
1148660,2018,2018-08-22,Central Broward Regional Park Stadium Turf Ground,1,19.4,Barbados Tridents,Jamaica Tallawahs,SPD Smith,N Pooran,AD Russell,0,0,,,,,,caught,SPD Smith,,
1148660,2018,2018-08-22,Central Broward Regional Park Stadium Turf Ground,1,19.5,Barbados Tridents,Jamaica Tallawahs,JO Holder,N Pooran,AD Russell,0,1,,,1,,,,,,
1148660,2018,2018-08-22,Central Broward Regional Park Stadium Turf Ground,1,19.6,Barbados Tridents,Jamaica Tallawahs,N Pooran,JO Holder,AD Russell,0,0,,,,,,run out,JO Holder,,
1148660,2018,2018-08-22,Central Broward Regional Park Stadium Turf Ground,2,0.1,Jamaica Tallawahs,Barbados Tridents,GD Phillips,J Charles,Mohammad Irfan,0,0,,,,,,,,,
1148660,2018,2018-08-22,Central Broward Regional Park Stadium Turf Ground,2,0.2,Jamaica Tallawahs,Barbados Tridents,GD Phillips,J Charles,Mohammad Irfan,4,0,,,,,,,,,
1148660,2018,2018-08-22,Central Broward Regional Park Stadium Turf Ground,2,0.3,Jamaica Tallawahs,Barbados Tridents,GD Phillips,J Charles,Mohammad Irfan,4,0,,,,,,,,,
1148660,2018,2018-08-22,Central Broward Regional Park Stadium Turf Ground,2,0.4,Jamaica Tallawahs,Barbados Tridents,GD Phillips,J Charles,Mohammad Irfan,1,0,,,,,,,,,
1148660,2018,2018-08-22,Central Broward Regional Park Stadium Turf Ground,2,0.5,Jamaica Tallawahs,Barbados Tridents,J Charles,GD Phillips,Mohammad Irfan,1,0,,,,,,,,,
1148660,2018,2018-08-22,Central Broward Regional Park Stadium Turf Ground,2,0.6,Jamaica Tallawahs,Barbados Tridents,GD Phillips,J Charles,Mohammad Irfan,0,0,,,,,,,,,
1148660,2018,2018-08-22,Central Broward Regional Park Stadium Turf Ground,2,1.1,Jamaica Tallawahs,Barbados Tridents,J Charles,GD Phillips,AR Nurse,0,0,,,,,,,,,
1148660,2018,2018-08-22,Central Broward Regional Park Stadium Turf Ground,2,1.2,Jamaica Tallawahs,Barbados Tridents,J Charles,GD Phillips,AR Nurse,0,0,,,,,,,,,
1148660,2018,2018-08-22,Central Broward Regional Park Stadium Turf Ground,2,1.3,Jamaica Tallawahs,Barbados Tridents,J Charles,GD Phillips,AR Nurse,0,0,,,,,,,,,
1148660,2018,2018-08-22,Central Broward Regional Park Stadium Turf Ground,2,1.4,Jamaica Tallawahs,Barbados Tridents,J Charles,GD Phillips,AR Nurse,0,0,,,,,,,,,
1148660,2018,2018-08-22,Central Broward Regional Park Stadium Turf Ground,2,1.5,Jamaica Tallawahs,Barbados Tridents,J Charles,GD Phillips,AR Nurse,0,0,,,,,,,,,
1148660,2018,2018-08-22,Central Broward Regional Park Stadium Turf Ground,2,1.6,Jamaica Tallawahs,Barbados Tridents,J Charles,GD Phillips,AR Nurse,1,0,,,,,,,,,
1148660,2018,2018-08-22,Central Broward Regional Park Stadium Turf Ground,2,2.1,Jamaica Tallawahs,Barbados Tridents,J Charles,GD Phillips,JO Holder,4,0,,,,,,,,,
1148660,2018,2018-08-22,Central Broward Regional Park Stadium Turf Ground,2,2.2,Jamaica Tallawahs,Barbados Tridents,J Charles,GD Phillips,JO Holder,4,0,,,,,,,,,
1148660,2018,2018-08-22,Central Broward Regional Park Stadium Turf Ground,2,2.3,Jamaica Tallawahs,Barbados Tridents,J Charles,GD Phillips,JO Holder,4,0,,,,,,,,,
1148660,2018,2018-08-22,Central Broward Regional Park Stadium Turf Ground,2,2.4,Jamaica Tallawahs,Barbados Tridents,J Charles,GD Phillips,JO Holder,4,0,,,,,,,,,
1148660,2018,2018-08-22,Central Broward Regional Park Stadium Turf Ground,2,2.5,Jamaica Tallawahs,Barbados Tridents,J Charles,GD Phillips,JO Holder,4,0,,,,,,,,,
1148660,2018,2018-08-22,Central Broward Regional Park Stadium Turf Ground,2,2.6,Jamaica Tallawahs,Barbados Tridents,J Charles,GD Phillips,JO Holder,0,0,,,,,,,,,
1148660,2018,2018-08-22,Central Broward Regional Park Stadium Turf Ground,2,3.1,Jamaica Tallawahs,Barbados Tridents,GD Phillips,J Charles,AR Nurse,0,0,,,,,,,,,
1148660,2018,2018-08-22,Central Broward Regional Park Stadium Turf Ground,2,3.2,Jamaica Tallawahs,Barbados Tridents,GD Phillips,J Charles,AR Nurse,0,0,,,,,,,,,
1148660,2018,2018-08-22,Central Broward Regional Park Stadium Turf Ground,2,3.3,Jamaica Tallawahs,Barbados Tridents,GD Phillips,J Charles,AR Nurse,6,0,,,,,,,,,
1148660,2018,2018-08-22,Central Broward Regional Park Stadium Turf Ground,2,3.4,Jamaica Tallawahs,Barbados Tridents,GD Phillips,J Charles,AR Nurse,0,0,,,,,,,,,
1148660,2018,2018-08-22,Central Broward Regional Park Stadium Turf Ground,2,3.5,Jamaica Tallawahs,Barbados Tridents,GD Phillips,J Charles,AR Nurse,0,0,,,,,,,,,
1148660,2018,2018-08-22,Central Broward Regional Park Stadium Turf Ground,2,3.6,Jamaica Tallawahs,Barbados Tridents,GD Phillips,J Charles,AR Nurse,1,0,,,,,,,,,
1148660,2018,2018-08-22,Central Broward Regional Park Stadium Turf Ground,2,4.1,Jamaica Tallawahs,Barbados Tridents,GD Phillips,J Charles,RA Reifer,1,0,,,,,,,,,
1148660,2018,2018-08-22,Central Broward Regional Park Stadium Turf Ground,2,4.2,Jamaica Tallawahs,Barbados Tridents,J Charles,GD Phillips,RA Reifer,1,0,,,,,,,,,
1148660,2018,2018-08-22,Central Broward Regional Park Stadium Turf Ground,2,4.3,Jamaica Tallawahs,Barbados Tridents,GD Phillips,J Charles,RA Reifer,4,0,,,,,,,,,
1148660,2018,2018-08-22,Central Broward Regional Park Stadium Turf Ground,2,4.4,Jamaica Tallawahs,Barbados Tridents,GD Phillips,J Charles,RA Reifer,4,0,,,,,,,,,
1148660,2018,2018-08-22,Central Broward Regional Park Stadium Turf Ground,2,4.5,Jamaica Tallawahs,Barbados Tridents,GD Phillips,J Charles,RA Reifer,0,0,,,,,,,,,
1148660,2018,2018-08-22,Central Broward Regional Park Stadium Turf Ground,2,4.6,Jamaica Tallawahs,Barbados Tridents,GD Phillips,J Charles,RA Reifer,6,0,,,,,,,,,
1148660,2018,2018-08-22,Central Broward Regional Park Stadium Turf Ground,2,5.1,Jamaica Tallawahs,Barbados Tridents,J Charles,GD Phillips,AR Nurse,0,0,,,,,,,,,
1148660,2018,2018-08-22,Central Broward Regional Park Stadium Turf Ground,2,5.2,Jamaica Tallawahs,Barbados Tridents,J Charles,GD Phillips,AR Nurse,1,0,,,,,,,,,
1148660,2018,2018-08-22,Central Broward Regional Park Stadium Turf Ground,2,5.3,Jamaica Tallawahs,Barbados Tridents,GD Phillips,J Charles,AR Nurse,1,0,,,,,,,,,
1148660,2018,2018-08-22,Central Broward Regional Park Stadium Turf Ground,2,5.4,Jamaica Tallawahs,Barbados Tridents,J Charles,GD Phillips,AR Nurse,4,0,,,,,,,,,
1148660,2018,2018-08-22,Central Broward Regional Park Stadium Turf Ground,2,5.5,Jamaica Tallawahs,Barbados Tridents,J Charles,GD Phillips,AR Nurse,0,0,,,,,,,,,
1148660,2018,2018-08-22,Central Broward Regional Park Stadium Turf Ground,2,5.6,Jamaica Tallawahs,Barbados Tridents,J Charles,GD Phillips,AR Nurse,1,0,,,,,,,,,
1148660,2018,2018-08-22,Central Broward Regional Park Stadium Turf Ground,2,6.1,Jamaica Tallawahs,Barbados Tridents,J Charles,GD Phillips,Wahab Riaz,1,0,,,,,,,,,
1148660,2018,2018-08-22,Central Broward Regional Park Stadium Turf Ground,2,6.2,Jamaica Tallawahs,Barbados Tridents,GD Phillips,J Charles,Wahab Riaz,0,0,,,,,,,,,
1148660,2018,2018-08-22,Central Broward Regional Park Stadium Turf Ground,2,6.3,Jamaica Tallawahs,Barbados Tridents,GD Phillips,J Charles,Wahab Riaz,0,0,,,,,,,,,
1148660,2018,2018-08-22,Central Broward Regional Park Stadium Turf Ground,2,6.4,Jamaica Tallawahs,Barbados Tridents,GD Phillips,J Charles,Wahab Riaz,1,0,,,,,,,,,
1148660,2018,2018-08-22,Central Broward Regional Park Stadium Turf Ground,2,6.5,Jamaica Tallawahs,Barbados Tridents,J Charles,GD Phillips,Wahab Riaz,0,0,,,,,,,,,
1148660,2018,2018-08-22,Central Broward Regional Park Stadium Turf Ground,2,6.6,Jamaica Tallawahs,Barbados Tridents,J Charles,GD Phillips,Wahab Riaz,0,1,1,,,,,,,,
1148660,2018,2018-08-22,Central Broward Regional Park Stadium Turf Ground,2,6.7,Jamaica Tallawahs,Barbados Tridents,J Charles,GD Phillips,Wahab Riaz,1,0,,,,,,,,,
1148660,2018,2018-08-22,Central Broward Regional Park Stadium Turf Ground,2,7.1,Jamaica Tallawahs,Barbados Tridents,J Charles,GD Phillips,SPD Smith,0,0,,,,,,,,,
1148660,2018,2018-08-22,Central Broward Regional Park Stadium Turf Ground,2,7.2,Jamaica Tallawahs,Barbados Tridents,J Charles,GD Phillips,SPD Smith,1,0,,,,,,,,,
1148660,2018,2018-08-22,Central Broward Regional Park Stadium Turf Ground,2,7.3,Jamaica Tallawahs,Barbados Tridents,GD Phillips,J Charles,SPD Smith,1,0,,,,,,,,,
1148660,2018,2018-08-22,Central Broward Regional Park Stadium Turf Ground,2,7.4,Jamaica Tallawahs,Barbados Tridents,J Charles,GD Phillips,SPD Smith,0,0,,,,,,,,,
1148660,2018,2018-08-22,Central Broward Regional Park Stadium Turf Ground,2,7.5,Jamaica Tallawahs,Barbados Tridents,J Charles,GD Phillips,SPD Smith,6,0,,,,,,,,,
1148660,2018,2018-08-22,Central Broward Regional Park Stadium Turf Ground,2,7.6,Jamaica Tallawahs,Barbados Tridents,J Charles,GD Phillips,SPD Smith,1,0,,,,,,,,,
1148660,2018,2018-08-22,Central Broward Regional Park Stadium Turf Ground,2,8.1,Jamaica Tallawahs,Barbados Tridents,J Charles,GD Phillips,Wahab Riaz,1,0,,,,,,,,,
1148660,2018,2018-08-22,Central Broward Regional Park Stadium Turf Ground,2,8.2,Jamaica Tallawahs,Barbados Tridents,GD Phillips,J Charles,Wahab Riaz,1,0,,,,,,,,,
1148660,2018,2018-08-22,Central Broward Regional Park Stadium Turf Ground,2,8.3,Jamaica Tallawahs,Barbados Tridents,J Charles,GD Phillips,Wahab Riaz,0,1,1,,,,,,,,
1148660,2018,2018-08-22,Central Broward Regional Park Stadium Turf Ground,2,8.4,Jamaica Tallawahs,Barbados Tridents,J Charles,GD Phillips,Wahab Riaz,1,0,,,,,,,,,
1148660,2018,2018-08-22,Central Broward Regional Park Stadium Turf Ground,2,8.5,Jamaica Tallawahs,Barbados Tridents,GD Phillips,J Charles,Wahab Riaz,1,0,,,,,,,,,
1148660,2018,2018-08-22,Central Broward Regional Park Stadium Turf Ground,2,8.6,Jamaica Tallawahs,Barbados Tridents,J Charles,GD Phillips,Wahab Riaz,0,0,,,,,,,,,
1148660,2018,2018-08-22,Central Broward Regional Park Stadium Turf Ground,2,8.7,Jamaica Tallawahs,Barbados Tridents,J Charles,GD Phillips,Wahab Riaz,1,0,,,,,,,,,
1148660,2018,2018-08-22,Central Broward Regional Park Stadium Turf Ground,2,9.1,Jamaica Tallawahs,Barbados Tridents,J Charles,GD Phillips,SPD Smith,0,0,,,,,,caught,J Charles,,
1148660,2018,2018-08-22,Central Broward Regional Park Stadium Turf Ground,2,9.2,Jamaica Tallawahs,Barbados Tridents,K Lewis,GD Phillips,SPD Smith,0,0,,,,,,,,,
1148660,2018,2018-08-22,Central Broward Regional Park Stadium Turf Ground,2,9.3,Jamaica Tallawahs,Barbados Tridents,K Lewis,GD Phillips,SPD Smith,0,1,1,,,,,,,,
1148660,2018,2018-08-22,Central Broward Regional Park Stadium Turf Ground,2,9.4,Jamaica Tallawahs,Barbados Tridents,K Lewis,GD Phillips,SPD Smith,0,0,,,,,,,,,
1148660,2018,2018-08-22,Central Broward Regional Park Stadium Turf Ground,2,9.5,Jamaica Tallawahs,Barbados Tridents,K Lewis,GD Phillips,SPD Smith,1,0,,,,,,,,,
1148660,2018,2018-08-22,Central Broward Regional Park Stadium Turf Ground,2,9.6,Jamaica Tallawahs,Barbados Tridents,GD Phillips,K Lewis,SPD Smith,0,0,,,,,,caught,GD Phillips,,
1148660,2018,2018-08-22,Central Broward Regional Park Stadium Turf Ground,2,9.7,Jamaica Tallawahs,Barbados Tridents,LRPL Taylor,K Lewis,SPD Smith,0,0,,,,,,,,,
1148660,2018,2018-08-22,Central Broward Regional Park Stadium Turf Ground,2,10.1,Jamaica Tallawahs,Barbados Tridents,K Lewis,LRPL Taylor,Mohammad Irfan,0,0,,,,,,,,,
1148660,2018,2018-08-22,Central Broward Regional Park Stadium Turf Ground,2,10.2,Jamaica Tallawahs,Barbados Tridents,K Lewis,LRPL Taylor,Mohammad Irfan,0,0,,,,,,,,,
1148660,2018,2018-08-22,Central Broward Regional Park Stadium Turf Ground,2,10.3,Jamaica Tallawahs,Barbados Tridents,K Lewis,LRPL Taylor,Mohammad Irfan,0,0,,,,,,,,,
1148660,2018,2018-08-22,Central Broward Regional Park Stadium Turf Ground,2,10.4,Jamaica Tallawahs,Barbados Tridents,K Lewis,LRPL Taylor,Mohammad Irfan,1,0,,,,,,,,,
1148660,2018,2018-08-22,Central Broward Regional Park Stadium Turf Ground,2,10.5,Jamaica Tallawahs,Barbados Tridents,LRPL Taylor,K Lewis,Mohammad Irfan,0,0,,,,,,,,,
1148660,2018,2018-08-22,Central Broward Regional Park Stadium Turf Ground,2,10.6,Jamaica Tallawahs,Barbados Tridents,LRPL Taylor,K Lewis,Mohammad Irfan,1,0,,,,,,,,,
1148660,2018,2018-08-22,Central Broward Regional Park Stadium Turf Ground,2,11.1,Jamaica Tallawahs,Barbados Tridents,LRPL Taylor,K Lewis,SPD Smith,1,0,,,,,,,,,
1148660,2018,2018-08-22,Central Broward Regional Park Stadium Turf Ground,2,11.2,Jamaica Tallawahs,Barbados Tridents,K Lewis,LRPL Taylor,SPD Smith,6,0,,,,,,,,,
1148660,2018,2018-08-22,Central Broward Regional Park Stadium Turf Ground,2,11.3,Jamaica Tallawahs,Barbados Tridents,K Lewis,LRPL Taylor,SPD Smith,0,0,,,,,,,,,
1148660,2018,2018-08-22,Central Broward Regional Park Stadium Turf Ground,2,11.4,Jamaica Tallawahs,Barbados Tridents,K Lewis,LRPL Taylor,SPD Smith,0,0,,,,,,,,,
1148660,2018,2018-08-22,Central Broward Regional Park Stadium Turf Ground,2,11.5,Jamaica Tallawahs,Barbados Tridents,K Lewis,LRPL Taylor,SPD Smith,1,0,,,,,,,,,
1148660,2018,2018-08-22,Central Broward Regional Park Stadium Turf Ground,2,11.6,Jamaica Tallawahs,Barbados Tridents,LRPL Taylor,K Lewis,SPD Smith,0,0,,,,,,,,,
1148660,2018,2018-08-22,Central Broward Regional Park Stadium Turf Ground,2,12.1,Jamaica Tallawahs,Barbados Tridents,K Lewis,LRPL Taylor,Mohammad Irfan,0,0,,,,,,,,,
1148660,2018,2018-08-22,Central Broward Regional Park Stadium Turf Ground,2,12.2,Jamaica Tallawahs,Barbados Tridents,K Lewis,LRPL Taylor,Mohammad Irfan,2,0,,,,,,,,,
1148660,2018,2018-08-22,Central Broward Regional Park Stadium Turf Ground,2,12.3,Jamaica Tallawahs,Barbados Tridents,K Lewis,LRPL Taylor,Mohammad Irfan,6,0,,,,,,,,,
1148660,2018,2018-08-22,Central Broward Regional Park Stadium Turf Ground,2,12.4,Jamaica Tallawahs,Barbados Tridents,K Lewis,LRPL Taylor,Mohammad Irfan,0,0,,,,,,,,,
1148660,2018,2018-08-22,Central Broward Regional Park Stadium Turf Ground,2,12.5,Jamaica Tallawahs,Barbados Tridents,K Lewis,LRPL Taylor,Mohammad Irfan,0,0,,,,,,caught,K Lewis,,
1148660,2018,2018-08-22,Central Broward Regional Park Stadium Turf Ground,2,12.6,Jamaica Tallawahs,Barbados Tridents,DA Miller,LRPL Taylor,Mohammad Irfan,1,0,,,,,,,,,
1148660,2018,2018-08-22,Central Broward Regional Park Stadium Turf Ground,2,13.1,Jamaica Tallawahs,Barbados Tridents,DA Miller,LRPL Taylor,AR Nurse,1,0,,,,,,,,,
1148660,2018,2018-08-22,Central Broward Regional Park Stadium Turf Ground,2,13.2,Jamaica Tallawahs,Barbados Tridents,LRPL Taylor,DA Miller,AR Nurse,0,0,,,,,,,,,
1148660,2018,2018-08-22,Central Broward Regional Park Stadium Turf Ground,2,13.3,Jamaica Tallawahs,Barbados Tridents,LRPL Taylor,DA Miller,AR Nurse,0,0,,,,,,,,,
1148660,2018,2018-08-22,Central Broward Regional Park Stadium Turf Ground,2,13.4,Jamaica Tallawahs,Barbados Tridents,LRPL Taylor,DA Miller,AR Nurse,1,0,,,,,,,,,
1148660,2018,2018-08-22,Central Broward Regional Park Stadium Turf Ground,2,13.5,Jamaica Tallawahs,Barbados Tridents,DA Miller,LRPL Taylor,AR Nurse,0,0,,,,,,,,,
1148660,2018,2018-08-22,Central Broward Regional Park Stadium Turf Ground,2,13.6,Jamaica Tallawahs,Barbados Tridents,DA Miller,LRPL Taylor,AR Nurse,1,0,,,,,,,,,
1148660,2018,2018-08-22,Central Broward Regional Park Stadium Turf Ground,2,14.1,Jamaica Tallawahs,Barbados Tridents,DA Miller,LRPL Taylor,RA Reifer,0,1,,,,1,,,,,
1148660,2018,2018-08-22,Central Broward Regional Park Stadium Turf Ground,2,14.2,Jamaica Tallawahs,Barbados Tridents,LRPL Taylor,DA Miller,RA Reifer,6,0,,,,,,,,,
1148660,2018,2018-08-22,Central Broward Regional Park Stadium Turf Ground,2,14.3,Jamaica Tallawahs,Barbados Tridents,LRPL Taylor,DA Miller,RA Reifer,0,0,,,,,,,,,
1148660,2018,2018-08-22,Central Broward Regional Park Stadium Turf Ground,2,14.4,Jamaica Tallawahs,Barbados Tridents,LRPL Taylor,DA Miller,RA Reifer,0,0,,,,,,,,,
1148660,2018,2018-08-22,Central Broward Regional Park Stadium Turf Ground,2,14.5,Jamaica Tallawahs,Barbados Tridents,LRPL Taylor,DA Miller,RA Reifer,1,0,,,,,,,,,
1148660,2018,2018-08-22,Central Broward Regional Park Stadium Turf Ground,2,14.6,Jamaica Tallawahs,Barbados Tridents,DA Miller,LRPL Taylor,RA Reifer,0,1,1,,,,,,,,
1148660,2018,2018-08-22,Central Broward Regional Park Stadium Turf Ground,2,14.7,Jamaica Tallawahs,Barbados Tridents,DA Miller,LRPL Taylor,RA Reifer,1,0,,,,,,,,,
1148660,2018,2018-08-22,Central Broward Regional Park Stadium Turf Ground,2,15.1,Jamaica Tallawahs,Barbados Tridents,DA Miller,LRPL Taylor,Wahab Riaz,1,0,,,,,,,,,
1148660,2018,2018-08-22,Central Broward Regional Park Stadium Turf Ground,2,15.2,Jamaica Tallawahs,Barbados Tridents,LRPL Taylor,DA Miller,Wahab Riaz,0,1,,,,1,,,,,
1148660,2018,2018-08-22,Central Broward Regional Park Stadium Turf Ground,2,15.3,Jamaica Tallawahs,Barbados Tridents,DA Miller,LRPL Taylor,Wahab Riaz,1,0,,,,,,,,,
1148660,2018,2018-08-22,Central Broward Regional Park Stadium Turf Ground,2,15.4,Jamaica Tallawahs,Barbados Tridents,LRPL Taylor,DA Miller,Wahab Riaz,0,1,,,,1,,,,,
1148660,2018,2018-08-22,Central Broward Regional Park Stadium Turf Ground,2,15.5,Jamaica Tallawahs,Barbados Tridents,DA Miller,LRPL Taylor,Wahab Riaz,1,0,,,,,,,,,
1148660,2018,2018-08-22,Central Broward Regional Park Stadium Turf Ground,2,15.6,Jamaica Tallawahs,Barbados Tridents,LRPL Taylor,DA Miller,Wahab Riaz,1,0,,,,,,,,,
1148660,2018,2018-08-22,Central Broward Regional Park Stadium Turf Ground,2,16.1,Jamaica Tallawahs,Barbados Tridents,LRPL Taylor,DA Miller,RA Reifer,0,0,,,,,,,,,
1148660,2018,2018-08-22,Central Broward Regional Park Stadium Turf Ground,2,16.2,Jamaica Tallawahs,Barbados Tridents,LRPL Taylor,DA Miller,RA Reifer,4,0,,,,,,,,,
1148660,2018,2018-08-22,Central Broward Regional Park Stadium Turf Ground,2,16.3,Jamaica Tallawahs,Barbados Tridents,LRPL Taylor,DA Miller,RA Reifer,0,0,,,,,,,,,
1148660,2018,2018-08-22,Central Broward Regional Park Stadium Turf Ground,2,16.4,Jamaica Tallawahs,Barbados Tridents,LRPL Taylor,DA Miller,RA Reifer,1,0,,,,,,,,,
1148660,2018,2018-08-22,Central Broward Regional Park Stadium Turf Ground,2,16.5,Jamaica Tallawahs,Barbados Tridents,DA Miller,LRPL Taylor,RA Reifer,1,0,,,,,,,,,
1148660,2018,2018-08-22,Central Broward Regional Park Stadium Turf Ground,2,16.6,Jamaica Tallawahs,Barbados Tridents,LRPL Taylor,DA Miller,RA Reifer,2,0,,,,,,,,,
1148660,2018,2018-08-22,Central Broward Regional Park Stadium Turf Ground,2,17.1,Jamaica Tallawahs,Barbados Tridents,DA Miller,LRPL Taylor,Mohammad Irfan,4,0,,,,,,,,,
1148660,2018,2018-08-22,Central Broward Regional Park Stadium Turf Ground,2,17.2,Jamaica Tallawahs,Barbados Tridents,DA Miller,LRPL Taylor,Mohammad Irfan,1,0,,,,,,,,,
1148660,2018,2018-08-22,Central Broward Regional Park Stadium Turf Ground,2,17.3,Jamaica Tallawahs,Barbados Tridents,LRPL Taylor,DA Miller,Mohammad Irfan,1,0,,,,,,,,,
1148660,2018,2018-08-22,Central Broward Regional Park Stadium Turf Ground,2,17.4,Jamaica Tallawahs,Barbados Tridents,DA Miller,LRPL Taylor,Mohammad Irfan,1,0,,,,,,,,,
1148660,2018,2018-08-22,Central Broward Regional Park Stadium Turf Ground,2,17.5,Jamaica Tallawahs,Barbados Tridents,LRPL Taylor,DA Miller,Mohammad Irfan,1,0,,,,,,,,,
1148660,2018,2018-08-22,Central Broward Regional Park Stadium Turf Ground,2,17.6,Jamaica Tallawahs,Barbados Tridents,DA Miller,LRPL Taylor,Mohammad Irfan,1,0,,,,,,,,,
1148660,2018,2018-08-22,Central Broward Regional Park Stadium Turf Ground,2,18.1,Jamaica Tallawahs,Barbados Tridents,DA Miller,LRPL Taylor,Wahab Riaz,4,0,,,,,,,,,
1148660,2018,2018-08-22,Central Broward Regional Park Stadium Turf Ground,2,18.2,Jamaica Tallawahs,Barbados Tridents,DA Miller,LRPL Taylor,Wahab Riaz,1,0,,,,,,,,,
1148660,2018,2018-08-22,Central Broward Regional Park Stadium Turf Ground,2,18.3,Jamaica Tallawahs,Barbados Tridents,LRPL Taylor,DA Miller,Wahab Riaz,0,1,1,,,,,,,,
1148660,2018,2018-08-22,Central Broward Regional Park Stadium Turf Ground,2,18.4,Jamaica Tallawahs,Barbados Tridents,LRPL Taylor,DA Miller,Wahab Riaz,2,0,,,,,,,,,
1148660,2018,2018-08-22,Central Broward Regional Park Stadium Turf Ground,2,18.5,Jamaica Tallawahs,Barbados Tridents,LRPL Taylor,DA Miller,Wahab Riaz,1,0,,,,,,,,,
1148660,2018,2018-08-22,Central Broward Regional Park Stadium Turf Ground,2,18.6,Jamaica Tallawahs,Barbados Tridents,DA Miller,LRPL Taylor,Wahab Riaz,1,0,,,,,,,,,
1148660,2018,2018-08-22,Central Broward Regional Park Stadium Turf Ground,2,18.7,Jamaica Tallawahs,Barbados Tridents,LRPL Taylor,DA Miller,Wahab Riaz,1,0,,,,,,,,,
1148660,2018,2018-08-22,Central Broward Regional Park Stadium Turf Ground,2,19.1,Jamaica Tallawahs,Barbados Tridents,LRPL Taylor,DA Miller,RA Reifer,1,0,,,,,,,,,
1148660,2018,2018-08-22,Central Broward Regional Park Stadium Turf Ground,2,19.2,Jamaica Tallawahs,Barbados Tridents,DA Miller,LRPL Taylor,RA Reifer,3,0,,,,,,,,,
1148660,2018,2018-08-22,Central Broward Regional Park Stadium Turf Ground,2,19.3,Jamaica Tallawahs,Barbados Tridents,LRPL Taylor,DA Miller,RA Reifer,0,0,,,,,,,,,
1148660,2018,2018-08-22,Central Broward Regional Park Stadium Turf Ground,2,19.4,Jamaica Tallawahs,Barbados Tridents,LRPL Taylor,DA Miller,RA Reifer,1,0,,,,,,,,,
1148660,2018,2018-08-22,Central Broward Regional Park Stadium Turf Ground,2,19.5,Jamaica Tallawahs,Barbados Tridents,DA Miller,LRPL Taylor,RA Reifer,0,0,,,,,,,,,
1148660,2018,2018-08-22,Central Broward Regional Park Stadium Turf Ground,2,19.6,Jamaica Tallawahs,Barbados Tridents,DA Miller,LRPL Taylor,RA Reifer,1,0,,,,,,,,,
