match_id,season,start_date,venue,innings,ball,batting_team,bowling_team,striker,non_striker,bowler,runs_off_bat,extras,wides,noballs,byes,legbyes,penalty,wicket_type,player_dismissed,other_wicket_type,other_player_dismissed
1148655,2018,2018-08-16,"Daren Sammy National Cricket Stadium, Gros Islet",1,0.1,St Lucia Stars,Trinbago Knight Riders,ADS Fletcher,DA Warner,JPR Scantlebury-Searles,4,0,,,,,,,,,
1148655,2018,2018-08-16,"Daren Sammy National Cricket Stadium, Gros Islet",1,0.2,St Lucia Stars,Trinbago Knight Riders,ADS Fletcher,DA Warner,JPR Scantlebury-Searles,1,0,,,,,,,,,
1148655,2018,2018-08-16,"Daren Sammy National Cricket Stadium, Gros Islet",1,0.3,St Lucia Stars,Trinbago Knight Riders,DA Warner,ADS Fletcher,JPR Scantlebury-Searles,1,0,,,,,,,,,
1148655,2018,2018-08-16,"Daren Sammy National Cricket Stadium, Gros Islet",1,0.4,St Lucia Stars,Trinbago Knight Riders,ADS Fletcher,DA Warner,JPR Scantlebury-Searles,0,0,,,,,,,,,
1148655,2018,2018-08-16,"Daren Sammy National Cricket Stadium, Gros Islet",1,0.5,St Lucia Stars,Trinbago Knight Riders,ADS Fletcher,DA Warner,JPR Scantlebury-Searles,4,0,,,,,,,,,
1148655,2018,2018-08-16,"Daren Sammy National Cricket Stadium, Gros Islet",1,0.6,St Lucia Stars,Trinbago Knight Riders,ADS Fletcher,DA Warner,JPR Scantlebury-Searles,0,0,,,,,,,,,
1148655,2018,2018-08-16,"Daren Sammy National Cricket Stadium, Gros Islet",1,1.1,St Lucia Stars,Trinbago Knight Riders,DA Warner,ADS Fletcher,Ali Khan,0,1,1,,,,,,,,
1148655,2018,2018-08-16,"Daren Sammy National Cricket Stadium, Gros Islet",1,1.2,St Lucia Stars,Trinbago Knight Riders,DA Warner,ADS Fletcher,Ali Khan,2,0,,,,,,,,,
1148655,2018,2018-08-16,"Daren Sammy National Cricket Stadium, Gros Islet",1,1.3,St Lucia Stars,Trinbago Knight Riders,DA Warner,ADS Fletcher,Ali Khan,0,0,,,,,,,,,
1148655,2018,2018-08-16,"Daren Sammy National Cricket Stadium, Gros Islet",1,1.4,St Lucia Stars,Trinbago Knight Riders,DA Warner,ADS Fletcher,Ali Khan,2,0,,,,,,,,,
1148655,2018,2018-08-16,"Daren Sammy National Cricket Stadium, Gros Islet",1,1.5,St Lucia Stars,Trinbago Knight Riders,DA Warner,ADS Fletcher,Ali Khan,0,0,,,,,,,,,
1148655,2018,2018-08-16,"Daren Sammy National Cricket Stadium, Gros Islet",1,1.6,St Lucia Stars,Trinbago Knight Riders,DA Warner,ADS Fletcher,Ali Khan,0,0,,,,,,,,,
1148655,2018,2018-08-16,"Daren Sammy National Cricket Stadium, Gros Islet",1,1.7,St Lucia Stars,Trinbago Knight Riders,DA Warner,ADS Fletcher,Ali Khan,1,0,,,,,,,,,
1148655,2018,2018-08-16,"Daren Sammy National Cricket Stadium, Gros Islet",1,2.1,St Lucia Stars,Trinbago Knight Riders,DA Warner,ADS Fletcher,JPR Scantlebury-Searles,0,0,,,,,,,,,
1148655,2018,2018-08-16,"Daren Sammy National Cricket Stadium, Gros Islet",1,2.2,St Lucia Stars,Trinbago Knight Riders,DA Warner,ADS Fletcher,JPR Scantlebury-Searles,1,0,,,,,,,,,
1148655,2018,2018-08-16,"Daren Sammy National Cricket Stadium, Gros Islet",1,2.3,St Lucia Stars,Trinbago Knight Riders,ADS Fletcher,DA Warner,JPR Scantlebury-Searles,0,0,,,,,,,,,
1148655,2018,2018-08-16,"Daren Sammy National Cricket Stadium, Gros Islet",1,2.4,St Lucia Stars,Trinbago Knight Riders,ADS Fletcher,DA Warner,JPR Scantlebury-Searles,6,0,,,,,,,,,
1148655,2018,2018-08-16,"Daren Sammy National Cricket Stadium, Gros Islet",1,2.5,St Lucia Stars,Trinbago Knight Riders,ADS Fletcher,DA Warner,JPR Scantlebury-Searles,2,0,,,,,,,,,
1148655,2018,2018-08-16,"Daren Sammy National Cricket Stadium, Gros Islet",1,2.6,St Lucia Stars,Trinbago Knight Riders,ADS Fletcher,DA Warner,JPR Scantlebury-Searles,0,0,,,,,,,,,
1148655,2018,2018-08-16,"Daren Sammy National Cricket Stadium, Gros Islet",1,3.1,St Lucia Stars,Trinbago Knight Riders,DA Warner,ADS Fletcher,SP Narine,2,0,,,,,,,,,
1148655,2018,2018-08-16,"Daren Sammy National Cricket Stadium, Gros Islet",1,3.2,St Lucia Stars,Trinbago Knight Riders,DA Warner,ADS Fletcher,SP Narine,6,0,,,,,,,,,
1148655,2018,2018-08-16,"Daren Sammy National Cricket Stadium, Gros Islet",1,3.3,St Lucia Stars,Trinbago Knight Riders,DA Warner,ADS Fletcher,SP Narine,0,0,,,,,,,,,
1148655,2018,2018-08-16,"Daren Sammy National Cricket Stadium, Gros Islet",1,3.4,St Lucia Stars,Trinbago Knight Riders,DA Warner,ADS Fletcher,SP Narine,1,0,,,,,,,,,
1148655,2018,2018-08-16,"Daren Sammy National Cricket Stadium, Gros Islet",1,3.5,St Lucia Stars,Trinbago Knight Riders,ADS Fletcher,DA Warner,SP Narine,0,0,,,,,,,,,
1148655,2018,2018-08-16,"Daren Sammy National Cricket Stadium, Gros Islet",1,3.6,St Lucia Stars,Trinbago Knight Riders,ADS Fletcher,DA Warner,SP Narine,0,0,,,,,,,,,
1148655,2018,2018-08-16,"Daren Sammy National Cricket Stadium, Gros Islet",1,4.1,St Lucia Stars,Trinbago Knight Riders,DA Warner,ADS Fletcher,Ali Khan,6,0,,,,,,,,,
1148655,2018,2018-08-16,"Daren Sammy National Cricket Stadium, Gros Islet",1,4.2,St Lucia Stars,Trinbago Knight Riders,DA Warner,ADS Fletcher,Ali Khan,0,0,,,,,,,,,
1148655,2018,2018-08-16,"Daren Sammy National Cricket Stadium, Gros Islet",1,4.3,St Lucia Stars,Trinbago Knight Riders,DA Warner,ADS Fletcher,Ali Khan,0,0,,,,,,,,,
1148655,2018,2018-08-16,"Daren Sammy National Cricket Stadium, Gros Islet",1,4.4,St Lucia Stars,Trinbago Knight Riders,DA Warner,ADS Fletcher,Ali Khan,1,0,,,,,,,,,
1148655,2018,2018-08-16,"Daren Sammy National Cricket Stadium, Gros Islet",1,4.5,St Lucia Stars,Trinbago Knight Riders,ADS Fletcher,DA Warner,Ali Khan,0,0,,,,,,,,,
1148655,2018,2018-08-16,"Daren Sammy National Cricket Stadium, Gros Islet",1,4.6,St Lucia Stars,Trinbago Knight Riders,ADS Fletcher,DA Warner,Ali Khan,0,0,,,,,,,,,
1148655,2018,2018-08-16,"Daren Sammy National Cricket Stadium, Gros Islet",1,5.1,St Lucia Stars,Trinbago Knight Riders,DA Warner,ADS Fletcher,ST Gabriel,6,0,,,,,,,,,
1148655,2018,2018-08-16,"Daren Sammy National Cricket Stadium, Gros Islet",1,5.2,St Lucia Stars,Trinbago Knight Riders,DA Warner,ADS Fletcher,ST Gabriel,0,1,,1,,,,,,,
1148655,2018,2018-08-16,"Daren Sammy National Cricket Stadium, Gros Islet",1,5.3,St Lucia Stars,Trinbago Knight Riders,DA Warner,ADS Fletcher,ST Gabriel,0,0,,,,,,,,,
1148655,2018,2018-08-16,"Daren Sammy National Cricket Stadium, Gros Islet",1,5.4,St Lucia Stars,Trinbago Knight Riders,DA Warner,ADS Fletcher,ST Gabriel,1,0,,,,,,,,,
1148655,2018,2018-08-16,"Daren Sammy National Cricket Stadium, Gros Islet",1,5.5,St Lucia Stars,Trinbago Knight Riders,ADS Fletcher,DA Warner,ST Gabriel,0,0,,,,,,caught,ADS Fletcher,,
1148655,2018,2018-08-16,"Daren Sammy National Cricket Stadium, Gros Islet",1,5.6,St Lucia Stars,Trinbago Knight Riders,RRS Cornwall,DA Warner,ST Gabriel,0,0,,,,,,,,,
1148655,2018,2018-08-16,"Daren Sammy National Cricket Stadium, Gros Islet",1,5.7,St Lucia Stars,Trinbago Knight Riders,RRS Cornwall,DA Warner,ST Gabriel,1,0,,,,,,,,,
1148655,2018,2018-08-16,"Daren Sammy National Cricket Stadium, Gros Islet",1,6.1,St Lucia Stars,Trinbago Knight Riders,RRS Cornwall,DA Warner,Fawad Ahmed,6,0,,,,,,,,,
1148655,2018,2018-08-16,"Daren Sammy National Cricket Stadium, Gros Islet",1,6.2,St Lucia Stars,Trinbago Knight Riders,RRS Cornwall,DA Warner,Fawad Ahmed,1,0,,,,,,,,,
1148655,2018,2018-08-16,"Daren Sammy National Cricket Stadium, Gros Islet",1,6.3,St Lucia Stars,Trinbago Knight Riders,DA Warner,RRS Cornwall,Fawad Ahmed,1,0,,,,,,,,,
1148655,2018,2018-08-16,"Daren Sammy National Cricket Stadium, Gros Islet",1,6.4,St Lucia Stars,Trinbago Knight Riders,RRS Cornwall,DA Warner,Fawad Ahmed,1,0,,,,,,,,,
1148655,2018,2018-08-16,"Daren Sammy National Cricket Stadium, Gros Islet",1,6.5,St Lucia Stars,Trinbago Knight Riders,DA Warner,RRS Cornwall,Fawad Ahmed,0,0,,,,,,,,,
1148655,2018,2018-08-16,"Daren Sammy National Cricket Stadium, Gros Islet",1,6.6,St Lucia Stars,Trinbago Knight Riders,DA Warner,RRS Cornwall,Fawad Ahmed,0,0,,,,,,,,,
1148655,2018,2018-08-16,"Daren Sammy National Cricket Stadium, Gros Islet",1,7.1,St Lucia Stars,Trinbago Knight Riders,RRS Cornwall,DA Warner,ST Gabriel,6,0,,,,,,,,,
1148655,2018,2018-08-16,"Daren Sammy National Cricket Stadium, Gros Islet",1,7.2,St Lucia Stars,Trinbago Knight Riders,RRS Cornwall,DA Warner,ST Gabriel,0,1,1,,,,,,,,
1148655,2018,2018-08-16,"Daren Sammy National Cricket Stadium, Gros Islet",1,7.3,St Lucia Stars,Trinbago Knight Riders,RRS Cornwall,DA Warner,ST Gabriel,6,0,,,,,,,,,
1148655,2018,2018-08-16,"Daren Sammy National Cricket Stadium, Gros Islet",1,7.4,St Lucia Stars,Trinbago Knight Riders,RRS Cornwall,DA Warner,ST Gabriel,4,0,,,,,,,,,
1148655,2018,2018-08-16,"Daren Sammy National Cricket Stadium, Gros Islet",1,7.5,St Lucia Stars,Trinbago Knight Riders,RRS Cornwall,DA Warner,ST Gabriel,1,0,,,,,,,,,
1148655,2018,2018-08-16,"Daren Sammy National Cricket Stadium, Gros Islet",1,7.6,St Lucia Stars,Trinbago Knight Riders,DA Warner,RRS Cornwall,ST Gabriel,0,0,,,,,,,,,
1148655,2018,2018-08-16,"Daren Sammy National Cricket Stadium, Gros Islet",1,7.7,St Lucia Stars,Trinbago Knight Riders,DA Warner,RRS Cornwall,ST Gabriel,1,0,,,,,,,,,
1148655,2018,2018-08-16,"Daren Sammy National Cricket Stadium, Gros Islet",1,8.1,St Lucia Stars,Trinbago Knight Riders,DA Warner,RRS Cornwall,Fawad Ahmed,0,0,,,,,,,,,
1148655,2018,2018-08-16,"Daren Sammy National Cricket Stadium, Gros Islet",1,8.2,St Lucia Stars,Trinbago Knight Riders,DA Warner,RRS Cornwall,Fawad Ahmed,1,0,,,,,,,,,
1148655,2018,2018-08-16,"Daren Sammy National Cricket Stadium, Gros Islet",1,8.3,St Lucia Stars,Trinbago Knight Riders,RRS Cornwall,DA Warner,Fawad Ahmed,0,0,,,,,,,,,
1148655,2018,2018-08-16,"Daren Sammy National Cricket Stadium, Gros Islet",1,8.4,St Lucia Stars,Trinbago Knight Riders,RRS Cornwall,DA Warner,Fawad Ahmed,2,0,,,,,,,,,
1148655,2018,2018-08-16,"Daren Sammy National Cricket Stadium, Gros Islet",1,8.5,St Lucia Stars,Trinbago Knight Riders,RRS Cornwall,DA Warner,Fawad Ahmed,1,0,,,,,,,,,
1148655,2018,2018-08-16,"Daren Sammy National Cricket Stadium, Gros Islet",1,8.6,St Lucia Stars,Trinbago Knight Riders,DA Warner,RRS Cornwall,Fawad Ahmed,1,0,,,,,,,,,
1148655,2018,2018-08-16,"Daren Sammy National Cricket Stadium, Gros Islet",1,9.1,St Lucia Stars,Trinbago Knight Riders,DA Warner,RRS Cornwall,DJ Bravo,2,0,,,,,,,,,
1148655,2018,2018-08-16,"Daren Sammy National Cricket Stadium, Gros Islet",1,9.2,St Lucia Stars,Trinbago Knight Riders,DA Warner,RRS Cornwall,DJ Bravo,0,0,,,,,,,,,
1148655,2018,2018-08-16,"Daren Sammy National Cricket Stadium, Gros Islet",1,9.3,St Lucia Stars,Trinbago Knight Riders,DA Warner,RRS Cornwall,DJ Bravo,1,0,,,,,,,,,
1148655,2018,2018-08-16,"Daren Sammy National Cricket Stadium, Gros Islet",1,9.4,St Lucia Stars,Trinbago Knight Riders,RRS Cornwall,DA Warner,DJ Bravo,0,0,,,,,,,,,
1148655,2018,2018-08-16,"Daren Sammy National Cricket Stadium, Gros Islet",1,9.5,St Lucia Stars,Trinbago Knight Riders,RRS Cornwall,DA Warner,DJ Bravo,1,0,,,,,,,,,
1148655,2018,2018-08-16,"Daren Sammy National Cricket Stadium, Gros Islet",1,9.6,St Lucia Stars,Trinbago Knight Riders,DA Warner,RRS Cornwall,DJ Bravo,1,0,,,,,,,,,
1148655,2018,2018-08-16,"Daren Sammy National Cricket Stadium, Gros Islet",1,10.1,St Lucia Stars,Trinbago Knight Riders,DA Warner,RRS Cornwall,Fawad Ahmed,0,0,,,,,,,,,
1148655,2018,2018-08-16,"Daren Sammy National Cricket Stadium, Gros Islet",1,10.2,St Lucia Stars,Trinbago Knight Riders,DA Warner,RRS Cornwall,Fawad Ahmed,0,0,,,,,,,,,
1148655,2018,2018-08-16,"Daren Sammy National Cricket Stadium, Gros Islet",1,10.3,St Lucia Stars,Trinbago Knight Riders,DA Warner,RRS Cornwall,Fawad Ahmed,1,0,,,,,,,,,
1148655,2018,2018-08-16,"Daren Sammy National Cricket Stadium, Gros Islet",1,10.4,St Lucia Stars,Trinbago Knight Riders,RRS Cornwall,DA Warner,Fawad Ahmed,0,0,,,,,,,,,
1148655,2018,2018-08-16,"Daren Sammy National Cricket Stadium, Gros Islet",1,10.5,St Lucia Stars,Trinbago Knight Riders,RRS Cornwall,DA Warner,Fawad Ahmed,6,0,,,,,,,,,
1148655,2018,2018-08-16,"Daren Sammy National Cricket Stadium, Gros Islet",1,10.6,St Lucia Stars,Trinbago Knight Riders,RRS Cornwall,DA Warner,Fawad Ahmed,1,0,,,,,,,,,
1148655,2018,2018-08-16,"Daren Sammy National Cricket Stadium, Gros Islet",1,11.1,St Lucia Stars,Trinbago Knight Riders,RRS Cornwall,DA Warner,DJ Bravo,6,0,,,,,,,,,
1148655,2018,2018-08-16,"Daren Sammy National Cricket Stadium, Gros Islet",1,11.2,St Lucia Stars,Trinbago Knight Riders,RRS Cornwall,DA Warner,DJ Bravo,0,0,,,,,,,,,
1148655,2018,2018-08-16,"Daren Sammy National Cricket Stadium, Gros Islet",1,11.3,St Lucia Stars,Trinbago Knight Riders,RRS Cornwall,DA Warner,DJ Bravo,0,0,,,,,,,,,
1148655,2018,2018-08-16,"Daren Sammy National Cricket Stadium, Gros Islet",1,11.4,St Lucia Stars,Trinbago Knight Riders,RRS Cornwall,DA Warner,DJ Bravo,1,0,,,,,,,,,
1148655,2018,2018-08-16,"Daren Sammy National Cricket Stadium, Gros Islet",1,11.5,St Lucia Stars,Trinbago Knight Riders,DA Warner,RRS Cornwall,DJ Bravo,0,0,,,,,,,,,
1148655,2018,2018-08-16,"Daren Sammy National Cricket Stadium, Gros Islet",1,11.6,St Lucia Stars,Trinbago Knight Riders,DA Warner,RRS Cornwall,DJ Bravo,1,0,,,,,,,,,
1148655,2018,2018-08-16,"Daren Sammy National Cricket Stadium, Gros Islet",1,12.1,St Lucia Stars,Trinbago Knight Riders,DA Warner,RRS Cornwall,JPR Scantlebury-Searles,4,0,,,,,,,,,
1148655,2018,2018-08-16,"Daren Sammy National Cricket Stadium, Gros Islet",1,12.2,St Lucia Stars,Trinbago Knight Riders,DA Warner,RRS Cornwall,JPR Scantlebury-Searles,1,0,,,,,,,,,
1148655,2018,2018-08-16,"Daren Sammy National Cricket Stadium, Gros Islet",1,12.3,St Lucia Stars,Trinbago Knight Riders,RRS Cornwall,DA Warner,JPR Scantlebury-Searles,1,0,,,,,,,,,
1148655,2018,2018-08-16,"Daren Sammy National Cricket Stadium, Gros Islet",1,12.4,St Lucia Stars,Trinbago Knight Riders,DA Warner,RRS Cornwall,JPR Scantlebury-Searles,1,0,,,,,,,,,
1148655,2018,2018-08-16,"Daren Sammy National Cricket Stadium, Gros Islet",1,12.5,St Lucia Stars,Trinbago Knight Riders,RRS Cornwall,DA Warner,JPR Scantlebury-Searles,4,0,,,,,,,,,
1148655,2018,2018-08-16,"Daren Sammy National Cricket Stadium, Gros Islet",1,12.6,St Lucia Stars,Trinbago Knight Riders,RRS Cornwall,DA Warner,JPR Scantlebury-Searles,0,1,1,,,,,,,,
1148655,2018,2018-08-16,"Daren Sammy National Cricket Stadium, Gros Islet",1,12.7,St Lucia Stars,Trinbago Knight Riders,RRS Cornwall,DA Warner,JPR Scantlebury-Searles,0,0,,,,,,,,,
1148655,2018,2018-08-16,"Daren Sammy National Cricket Stadium, Gros Islet",1,13.1,St Lucia Stars,Trinbago Knight Riders,DA Warner,RRS Cornwall,SP Narine,1,0,,,,,,,,,
1148655,2018,2018-08-16,"Daren Sammy National Cricket Stadium, Gros Islet",1,13.2,St Lucia Stars,Trinbago Knight Riders,RRS Cornwall,DA Warner,SP Narine,2,0,,,,,,,,,
1148655,2018,2018-08-16,"Daren Sammy National Cricket Stadium, Gros Islet",1,13.3,St Lucia Stars,Trinbago Knight Riders,RRS Cornwall,DA Warner,SP Narine,0,0,,,,,,,,,
1148655,2018,2018-08-16,"Daren Sammy National Cricket Stadium, Gros Islet",1,13.4,St Lucia Stars,Trinbago Knight Riders,RRS Cornwall,DA Warner,SP Narine,1,0,,,,,,,,,
1148655,2018,2018-08-16,"Daren Sammy National Cricket Stadium, Gros Islet",1,13.5,St Lucia Stars,Trinbago Knight Riders,DA Warner,RRS Cornwall,SP Narine,4,0,,,,,,,,,
1148655,2018,2018-08-16,"Daren Sammy National Cricket Stadium, Gros Islet",1,13.6,St Lucia Stars,Trinbago Knight Riders,DA Warner,RRS Cornwall,SP Narine,1,0,,,,,,,,,
1148655,2018,2018-08-16,"Daren Sammy National Cricket Stadium, Gros Islet",1,14.1,St Lucia Stars,Trinbago Knight Riders,DA Warner,RRS Cornwall,JPR Scantlebury-Searles,1,0,,,,,,,,,
1148655,2018,2018-08-16,"Daren Sammy National Cricket Stadium, Gros Islet",1,14.2,St Lucia Stars,Trinbago Knight Riders,RRS Cornwall,DA Warner,JPR Scantlebury-Searles,1,0,,,,,,,,,
1148655,2018,2018-08-16,"Daren Sammy National Cricket Stadium, Gros Islet",1,14.3,St Lucia Stars,Trinbago Knight Riders,DA Warner,RRS Cornwall,JPR Scantlebury-Searles,1,0,,,,,,,,,
1148655,2018,2018-08-16,"Daren Sammy National Cricket Stadium, Gros Islet",1,14.4,St Lucia Stars,Trinbago Knight Riders,RRS Cornwall,DA Warner,JPR Scantlebury-Searles,0,0,,,,,,caught,RRS Cornwall,,
1148655,2018,2018-08-16,"Daren Sammy National Cricket Stadium, Gros Islet",1,14.5,St Lucia Stars,Trinbago Knight Riders,KA Pollard,DA Warner,JPR Scantlebury-Searles,1,0,,,,,,,,,
1148655,2018,2018-08-16,"Daren Sammy National Cricket Stadium, Gros Islet",1,14.6,St Lucia Stars,Trinbago Knight Riders,DA Warner,KA Pollard,JPR Scantlebury-Searles,1,0,,,,,,,,,
1148655,2018,2018-08-16,"Daren Sammy National Cricket Stadium, Gros Islet",1,15.1,St Lucia Stars,Trinbago Knight Riders,DA Warner,KA Pollard,SP Narine,0,0,,,,,,,,,
1148655,2018,2018-08-16,"Daren Sammy National Cricket Stadium, Gros Islet",1,15.2,St Lucia Stars,Trinbago Knight Riders,DA Warner,KA Pollard,SP Narine,2,0,,,,,,,,,
1148655,2018,2018-08-16,"Daren Sammy National Cricket Stadium, Gros Islet",1,15.3,St Lucia Stars,Trinbago Knight Riders,DA Warner,KA Pollard,SP Narine,1,0,,,,,,,,,
1148655,2018,2018-08-16,"Daren Sammy National Cricket Stadium, Gros Islet",1,15.4,St Lucia Stars,Trinbago Knight Riders,KA Pollard,DA Warner,SP Narine,2,0,,,,,,,,,
1148655,2018,2018-08-16,"Daren Sammy National Cricket Stadium, Gros Islet",1,15.5,St Lucia Stars,Trinbago Knight Riders,KA Pollard,DA Warner,SP Narine,1,0,,,,,,,,,
1148655,2018,2018-08-16,"Daren Sammy National Cricket Stadium, Gros Islet",1,15.6,St Lucia Stars,Trinbago Knight Riders,DA Warner,KA Pollard,SP Narine,2,0,,,,,,,,,
1148655,2018,2018-08-16,"Daren Sammy National Cricket Stadium, Gros Islet",1,16.1,St Lucia Stars,Trinbago Knight Riders,KA Pollard,DA Warner,Ali Khan,0,0,,,,,,,,,
1148655,2018,2018-08-16,"Daren Sammy National Cricket Stadium, Gros Islet",1,16.2,St Lucia Stars,Trinbago Knight Riders,KA Pollard,DA Warner,Ali Khan,2,0,,,,,,,,,
1148655,2018,2018-08-16,"Daren Sammy National Cricket Stadium, Gros Islet",1,16.3,St Lucia Stars,Trinbago Knight Riders,KA Pollard,DA Warner,Ali Khan,1,0,,,,,,,,,
1148655,2018,2018-08-16,"Daren Sammy National Cricket Stadium, Gros Islet",1,16.4,St Lucia Stars,Trinbago Knight Riders,DA Warner,KA Pollard,Ali Khan,4,0,,,,,,,,,
1148655,2018,2018-08-16,"Daren Sammy National Cricket Stadium, Gros Islet",1,16.5,St Lucia Stars,Trinbago Knight Riders,DA Warner,KA Pollard,Ali Khan,4,0,,,,,,,,,
1148655,2018,2018-08-16,"Daren Sammy National Cricket Stadium, Gros Islet",1,16.6,St Lucia Stars,Trinbago Knight Riders,DA Warner,KA Pollard,Ali Khan,2,0,,,,,,,,,
1148655,2018,2018-08-16,"Daren Sammy National Cricket Stadium, Gros Islet",1,17.1,St Lucia Stars,Trinbago Knight Riders,KA Pollard,DA Warner,DJ Bravo,6,0,,,,,,,,,
1148655,2018,2018-08-16,"Daren Sammy National Cricket Stadium, Gros Islet",1,17.2,St Lucia Stars,Trinbago Knight Riders,KA Pollard,DA Warner,DJ Bravo,4,0,,,,,,,,,
1148655,2018,2018-08-16,"Daren Sammy National Cricket Stadium, Gros Islet",1,17.3,St Lucia Stars,Trinbago Knight Riders,KA Pollard,DA Warner,DJ Bravo,2,0,,,,,,,,,
1148655,2018,2018-08-16,"Daren Sammy National Cricket Stadium, Gros Islet",1,17.4,St Lucia Stars,Trinbago Knight Riders,KA Pollard,DA Warner,DJ Bravo,6,0,,,,,,,,,
1148655,2018,2018-08-16,"Daren Sammy National Cricket Stadium, Gros Islet",1,17.5,St Lucia Stars,Trinbago Knight Riders,KA Pollard,DA Warner,DJ Bravo,2,0,,,,,,,,,
1148655,2018,2018-08-16,"Daren Sammy National Cricket Stadium, Gros Islet",1,17.6,St Lucia Stars,Trinbago Knight Riders,KA Pollard,DA Warner,DJ Bravo,0,1,,,,1,,,,,
1148655,2018,2018-08-16,"Daren Sammy National Cricket Stadium, Gros Islet",1,18.1,St Lucia Stars,Trinbago Knight Riders,KA Pollard,DA Warner,Ali Khan,6,0,,,,,,,,,
1148655,2018,2018-08-16,"Daren Sammy National Cricket Stadium, Gros Islet",1,18.2,St Lucia Stars,Trinbago Knight Riders,KA Pollard,DA Warner,Ali Khan,6,0,,,,,,,,,
1148655,2018,2018-08-16,"Daren Sammy National Cricket Stadium, Gros Islet",1,18.3,St Lucia Stars,Trinbago Knight Riders,KA Pollard,DA Warner,Ali Khan,2,0,,,,,,,,,
1148655,2018,2018-08-16,"Daren Sammy National Cricket Stadium, Gros Islet",1,18.4,St Lucia Stars,Trinbago Knight Riders,KA Pollard,DA Warner,Ali Khan,2,0,,,,,,,,,
1148655,2018,2018-08-16,"Daren Sammy National Cricket Stadium, Gros Islet",1,18.5,St Lucia Stars,Trinbago Knight Riders,KA Pollard,DA Warner,Ali Khan,6,0,,,,,,,,,
1148655,2018,2018-08-16,"Daren Sammy National Cricket Stadium, Gros Islet",1,18.6,St Lucia Stars,Trinbago Knight Riders,KA Pollard,DA Warner,Ali Khan,1,0,,,,,,,,,
1148655,2018,2018-08-16,"Daren Sammy National Cricket Stadium, Gros Islet",1,19.1,St Lucia Stars,Trinbago Knight Riders,KA Pollard,DA Warner,DJ Bravo,2,0,,,,,,,,,
1148655,2018,2018-08-16,"Daren Sammy National Cricket Stadium, Gros Islet",1,19.2,St Lucia Stars,Trinbago Knight Riders,KA Pollard,DA Warner,DJ Bravo,6,0,,,,,,,,,
1148655,2018,2018-08-16,"Daren Sammy National Cricket Stadium, Gros Islet",1,19.3,St Lucia Stars,Trinbago Knight Riders,KA Pollard,DA Warner,DJ Bravo,0,0,,,,,,,,,
1148655,2018,2018-08-16,"Daren Sammy National Cricket Stadium, Gros Islet",1,19.4,St Lucia Stars,Trinbago Knight Riders,KA Pollard,DA Warner,DJ Bravo,6,0,,,,,,,,,
1148655,2018,2018-08-16,"Daren Sammy National Cricket Stadium, Gros Islet",1,19.5,St Lucia Stars,Trinbago Knight Riders,KA Pollard,DA Warner,DJ Bravo,1,0,,,,,,,,,
1148655,2018,2018-08-16,"Daren Sammy National Cricket Stadium, Gros Islet",1,19.6,St Lucia Stars,Trinbago Knight Riders,DA Warner,KA Pollard,DJ Bravo,2,0,,,,,,,,,
1148655,2018,2018-08-16,"Daren Sammy National Cricket Stadium, Gros Islet",2,0.1,Trinbago Knight Riders,St Lucia Stars,SP Narine,CA Lynn,KAR Hodge,0,0,,,,,,,,,
1148655,2018,2018-08-16,"Daren Sammy National Cricket Stadium, Gros Islet",2,0.2,Trinbago Knight Riders,St Lucia Stars,SP Narine,CA Lynn,KAR Hodge,0,0,,,,,,,,,
1148655,2018,2018-08-16,"Daren Sammy National Cricket Stadium, Gros Islet",2,0.3,Trinbago Knight Riders,St Lucia Stars,SP Narine,CA Lynn,KAR Hodge,6,0,,,,,,,,,
1148655,2018,2018-08-16,"Daren Sammy National Cricket Stadium, Gros Islet",2,0.4,Trinbago Knight Riders,St Lucia Stars,SP Narine,CA Lynn,KAR Hodge,2,0,,,,,,,,,
1148655,2018,2018-08-16,"Daren Sammy National Cricket Stadium, Gros Islet",2,0.5,Trinbago Knight Riders,St Lucia Stars,SP Narine,CA Lynn,KAR Hodge,1,0,,,,,,,,,
1148655,2018,2018-08-16,"Daren Sammy National Cricket Stadium, Gros Islet",2,0.6,Trinbago Knight Riders,St Lucia Stars,CA Lynn,SP Narine,KAR Hodge,2,0,,,,,,,,,
1148655,2018,2018-08-16,"Daren Sammy National Cricket Stadium, Gros Islet",2,1.1,Trinbago Knight Riders,St Lucia Stars,SP Narine,CA Lynn,RRS Cornwall,0,0,,,,,,caught,SP Narine,,
1148655,2018,2018-08-16,"Daren Sammy National Cricket Stadium, Gros Islet",2,1.2,Trinbago Knight Riders,St Lucia Stars,C Munro,CA Lynn,RRS Cornwall,1,0,,,,,,,,,
1148655,2018,2018-08-16,"Daren Sammy National Cricket Stadium, Gros Islet",2,1.3,Trinbago Knight Riders,St Lucia Stars,CA Lynn,C Munro,RRS Cornwall,1,0,,,,,,,,,
1148655,2018,2018-08-16,"Daren Sammy National Cricket Stadium, Gros Islet",2,1.4,Trinbago Knight Riders,St Lucia Stars,C Munro,CA Lynn,RRS Cornwall,0,0,,,,,,,,,
1148655,2018,2018-08-16,"Daren Sammy National Cricket Stadium, Gros Islet",2,1.5,Trinbago Knight Riders,St Lucia Stars,C Munro,CA Lynn,RRS Cornwall,0,0,,,,,,,,,
1148655,2018,2018-08-16,"Daren Sammy National Cricket Stadium, Gros Islet",2,1.6,Trinbago Knight Riders,St Lucia Stars,C Munro,CA Lynn,RRS Cornwall,4,0,,,,,,,,,
1148655,2018,2018-08-16,"Daren Sammy National Cricket Stadium, Gros Islet",2,2.1,Trinbago Knight Riders,St Lucia Stars,CA Lynn,C Munro,KAR Hodge,0,0,,,,,,,,,
1148655,2018,2018-08-16,"Daren Sammy National Cricket Stadium, Gros Islet",2,2.2,Trinbago Knight Riders,St Lucia Stars,CA Lynn,C Munro,KAR Hodge,0,0,,,,,,,,,
1148655,2018,2018-08-16,"Daren Sammy National Cricket Stadium, Gros Islet",2,2.3,Trinbago Knight Riders,St Lucia Stars,CA Lynn,C Munro,KAR Hodge,1,0,,,,,,,,,
1148655,2018,2018-08-16,"Daren Sammy National Cricket Stadium, Gros Islet",2,2.4,Trinbago Knight Riders,St Lucia Stars,C Munro,CA Lynn,KAR Hodge,1,0,,,,,,,,,
1148655,2018,2018-08-16,"Daren Sammy National Cricket Stadium, Gros Islet",2,2.5,Trinbago Knight Riders,St Lucia Stars,CA Lynn,C Munro,KAR Hodge,0,1,,,1,,,,,,
1148655,2018,2018-08-16,"Daren Sammy National Cricket Stadium, Gros Islet",2,2.6,Trinbago Knight Riders,St Lucia Stars,C Munro,CA Lynn,KAR Hodge,0,0,,,,,,,,,
1148655,2018,2018-08-16,"Daren Sammy National Cricket Stadium, Gros Islet",2,3.1,Trinbago Knight Riders,St Lucia Stars,CA Lynn,C Munro,RRS Cornwall,0,0,,,,,,,,,
1148655,2018,2018-08-16,"Daren Sammy National Cricket Stadium, Gros Islet",2,3.2,Trinbago Knight Riders,St Lucia Stars,CA Lynn,C Munro,RRS Cornwall,0,0,,,,,,lbw,CA Lynn,,
1148655,2018,2018-08-16,"Daren Sammy National Cricket Stadium, Gros Islet",2,3.3,Trinbago Knight Riders,St Lucia Stars,BB McCullum,C Munro,RRS Cornwall,0,0,,,,,,,,,
1148655,2018,2018-08-16,"Daren Sammy National Cricket Stadium, Gros Islet",2,3.4,Trinbago Knight Riders,St Lucia Stars,BB McCullum,C Munro,RRS Cornwall,6,0,,,,,,,,,
1148655,2018,2018-08-16,"Daren Sammy National Cricket Stadium, Gros Islet",2,3.5,Trinbago Knight Riders,St Lucia Stars,BB McCullum,C Munro,RRS Cornwall,1,0,,,,,,,,,
1148655,2018,2018-08-16,"Daren Sammy National Cricket Stadium, Gros Islet",2,3.6,Trinbago Knight Riders,St Lucia Stars,C Munro,BB McCullum,RRS Cornwall,4,0,,,,,,,,,
1148655,2018,2018-08-16,"Daren Sammy National Cricket Stadium, Gros Islet",2,4.1,Trinbago Knight Riders,St Lucia Stars,BB McCullum,C Munro,KAR Hodge,0,0,,,,,,,,,
1148655,2018,2018-08-16,"Daren Sammy National Cricket Stadium, Gros Islet",2,4.2,Trinbago Knight Riders,St Lucia Stars,BB McCullum,C Munro,KAR Hodge,4,0,,,,,,,,,
1148655,2018,2018-08-16,"Daren Sammy National Cricket Stadium, Gros Islet",2,4.3,Trinbago Knight Riders,St Lucia Stars,BB McCullum,C Munro,KAR Hodge,1,0,,,,,,,,,
1148655,2018,2018-08-16,"Daren Sammy National Cricket Stadium, Gros Islet",2,4.4,Trinbago Knight Riders,St Lucia Stars,C Munro,BB McCullum,KAR Hodge,4,0,,,,,,,,,
1148655,2018,2018-08-16,"Daren Sammy National Cricket Stadium, Gros Islet",2,4.5,Trinbago Knight Riders,St Lucia Stars,C Munro,BB McCullum,KAR Hodge,0,0,,,,,,,,,
1148655,2018,2018-08-16,"Daren Sammy National Cricket Stadium, Gros Islet",2,4.6,Trinbago Knight Riders,St Lucia Stars,C Munro,BB McCullum,KAR Hodge,4,0,,,,,,,,,
1148655,2018,2018-08-16,"Daren Sammy National Cricket Stadium, Gros Islet",2,5.1,Trinbago Knight Riders,St Lucia Stars,BB McCullum,C Munro,RRS Cornwall,1,0,,,,,,,,,
1148655,2018,2018-08-16,"Daren Sammy National Cricket Stadium, Gros Islet",2,5.2,Trinbago Knight Riders,St Lucia Stars,C Munro,BB McCullum,RRS Cornwall,1,0,,,,,,,,,
1148655,2018,2018-08-16,"Daren Sammy National Cricket Stadium, Gros Islet",2,5.3,Trinbago Knight Riders,St Lucia Stars,BB McCullum,C Munro,RRS Cornwall,6,0,,,,,,,,,
1148655,2018,2018-08-16,"Daren Sammy National Cricket Stadium, Gros Islet",2,5.4,Trinbago Knight Riders,St Lucia Stars,BB McCullum,C Munro,RRS Cornwall,0,0,,,,,,,,,
1148655,2018,2018-08-16,"Daren Sammy National Cricket Stadium, Gros Islet",2,5.5,Trinbago Knight Riders,St Lucia Stars,BB McCullum,C Munro,RRS Cornwall,0,0,,,,,,,,,
1148655,2018,2018-08-16,"Daren Sammy National Cricket Stadium, Gros Islet",2,5.6,Trinbago Knight Riders,St Lucia Stars,BB McCullum,C Munro,RRS Cornwall,0,0,,,,,,,,,
1148655,2018,2018-08-16,"Daren Sammy National Cricket Stadium, Gros Islet",2,6.1,Trinbago Knight Riders,St Lucia Stars,C Munro,BB McCullum,KAR Hodge,1,0,,,,,,,,,
1148655,2018,2018-08-16,"Daren Sammy National Cricket Stadium, Gros Islet",2,6.2,Trinbago Knight Riders,St Lucia Stars,BB McCullum,C Munro,KAR Hodge,1,0,,,,,,,,,
1148655,2018,2018-08-16,"Daren Sammy National Cricket Stadium, Gros Islet",2,6.3,Trinbago Knight Riders,St Lucia Stars,C Munro,BB McCullum,KAR Hodge,1,0,,,,,,,,,
1148655,2018,2018-08-16,"Daren Sammy National Cricket Stadium, Gros Islet",2,6.4,Trinbago Knight Riders,St Lucia Stars,BB McCullum,C Munro,KAR Hodge,0,0,,,,,,,,,
1148655,2018,2018-08-16,"Daren Sammy National Cricket Stadium, Gros Islet",2,6.5,Trinbago Knight Riders,St Lucia Stars,BB McCullum,C Munro,KAR Hodge,1,0,,,,,,,,,
1148655,2018,2018-08-16,"Daren Sammy National Cricket Stadium, Gros Islet",2,6.6,Trinbago Knight Riders,St Lucia Stars,C Munro,BB McCullum,KAR Hodge,1,0,,,,,,,,,
1148655,2018,2018-08-16,"Daren Sammy National Cricket Stadium, Gros Islet",2,7.1,Trinbago Knight Riders,St Lucia Stars,C Munro,BB McCullum,KA Pollard,1,0,,,,,,,,,
1148655,2018,2018-08-16,"Daren Sammy National Cricket Stadium, Gros Islet",2,7.2,Trinbago Knight Riders,St Lucia Stars,BB McCullum,C Munro,KA Pollard,1,0,,,,,,,,,
1148655,2018,2018-08-16,"Daren Sammy National Cricket Stadium, Gros Islet",2,7.3,Trinbago Knight Riders,St Lucia Stars,C Munro,BB McCullum,KA Pollard,0,0,,,,,,,,,
1148655,2018,2018-08-16,"Daren Sammy National Cricket Stadium, Gros Islet",2,7.4,Trinbago Knight Riders,St Lucia Stars,C Munro,BB McCullum,KA Pollard,1,0,,,,,,,,,
1148655,2018,2018-08-16,"Daren Sammy National Cricket Stadium, Gros Islet",2,7.5,Trinbago Knight Riders,St Lucia Stars,BB McCullum,C Munro,KA Pollard,2,0,,,,,,,,,
1148655,2018,2018-08-16,"Daren Sammy National Cricket Stadium, Gros Islet",2,7.6,Trinbago Knight Riders,St Lucia Stars,BB McCullum,C Munro,KA Pollard,1,0,,,,,,,,,
1148655,2018,2018-08-16,"Daren Sammy National Cricket Stadium, Gros Islet",2,8.1,Trinbago Knight Riders,St Lucia Stars,BB McCullum,C Munro,C Hemraj,1,0,,,,,,,,,
1148655,2018,2018-08-16,"Daren Sammy National Cricket Stadium, Gros Islet",2,8.2,Trinbago Knight Riders,St Lucia Stars,C Munro,BB McCullum,C Hemraj,0,0,,,,,,,,,
1148655,2018,2018-08-16,"Daren Sammy National Cricket Stadium, Gros Islet",2,8.3,Trinbago Knight Riders,St Lucia Stars,C Munro,BB McCullum,C Hemraj,1,0,,,,,,,,,
1148655,2018,2018-08-16,"Daren Sammy National Cricket Stadium, Gros Islet",2,8.4,Trinbago Knight Riders,St Lucia Stars,BB McCullum,C Munro,C Hemraj,6,0,,,,,,,,,
1148655,2018,2018-08-16,"Daren Sammy National Cricket Stadium, Gros Islet",2,8.5,Trinbago Knight Riders,St Lucia Stars,BB McCullum,C Munro,C Hemraj,0,0,,,,,,,,,
1148655,2018,2018-08-16,"Daren Sammy National Cricket Stadium, Gros Islet",2,8.6,Trinbago Knight Riders,St Lucia Stars,BB McCullum,C Munro,C Hemraj,0,0,,,,,,,,,
1148655,2018,2018-08-16,"Daren Sammy National Cricket Stadium, Gros Islet",2,9.1,Trinbago Knight Riders,St Lucia Stars,C Munro,BB McCullum,KA Pollard,0,0,,,,,,,,,
1148655,2018,2018-08-16,"Daren Sammy National Cricket Stadium, Gros Islet",2,9.2,Trinbago Knight Riders,St Lucia Stars,C Munro,BB McCullum,KA Pollard,0,0,,,,,,caught,C Munro,,
1148655,2018,2018-08-16,"Daren Sammy National Cricket Stadium, Gros Islet",2,9.3,Trinbago Knight Riders,St Lucia Stars,BB McCullum,DM Bravo,KA Pollard,1,0,,,,,,,,,
1148655,2018,2018-08-16,"Daren Sammy National Cricket Stadium, Gros Islet",2,9.4,Trinbago Knight Riders,St Lucia Stars,DM Bravo,BB McCullum,KA Pollard,0,0,,,,,,,,,
1148655,2018,2018-08-16,"Daren Sammy National Cricket Stadium, Gros Islet",2,9.5,Trinbago Knight Riders,St Lucia Stars,DM Bravo,BB McCullum,KA Pollard,1,0,,,,,,,,,
1148655,2018,2018-08-16,"Daren Sammy National Cricket Stadium, Gros Islet",2,9.6,Trinbago Knight Riders,St Lucia Stars,BB McCullum,DM Bravo,KA Pollard,1,0,,,,,,,,,
1148655,2018,2018-08-16,"Daren Sammy National Cricket Stadium, Gros Islet",2,10.1,Trinbago Knight Riders,St Lucia Stars,BB McCullum,DM Bravo,C Hemraj,1,0,,,,,,,,,
1148655,2018,2018-08-16,"Daren Sammy National Cricket Stadium, Gros Islet",2,10.2,Trinbago Knight Riders,St Lucia Stars,DM Bravo,BB McCullum,C Hemraj,4,0,,,,,,,,,
1148655,2018,2018-08-16,"Daren Sammy National Cricket Stadium, Gros Islet",2,10.3,Trinbago Knight Riders,St Lucia Stars,DM Bravo,BB McCullum,C Hemraj,4,0,,,,,,,,,
1148655,2018,2018-08-16,"Daren Sammy National Cricket Stadium, Gros Islet",2,10.4,Trinbago Knight Riders,St Lucia Stars,DM Bravo,BB McCullum,C Hemraj,0,0,,,,,,,,,
1148655,2018,2018-08-16,"Daren Sammy National Cricket Stadium, Gros Islet",2,10.5,Trinbago Knight Riders,St Lucia Stars,DM Bravo,BB McCullum,C Hemraj,4,0,,,,,,,,,
1148655,2018,2018-08-16,"Daren Sammy National Cricket Stadium, Gros Islet",2,10.6,Trinbago Knight Riders,St Lucia Stars,DM Bravo,BB McCullum,C Hemraj,0,0,,,,,,,,,
1148655,2018,2018-08-16,"Daren Sammy National Cricket Stadium, Gros Islet",2,11.1,Trinbago Knight Riders,St Lucia Stars,BB McCullum,DM Bravo,KA Pollard,0,0,,,,,,,,,
1148655,2018,2018-08-16,"Daren Sammy National Cricket Stadium, Gros Islet",2,11.2,Trinbago Knight Riders,St Lucia Stars,BB McCullum,DM Bravo,KA Pollard,1,0,,,,,,,,,
1148655,2018,2018-08-16,"Daren Sammy National Cricket Stadium, Gros Islet",2,11.3,Trinbago Knight Riders,St Lucia Stars,DM Bravo,BB McCullum,KA Pollard,1,0,,,,,,,,,
1148655,2018,2018-08-16,"Daren Sammy National Cricket Stadium, Gros Islet",2,11.4,Trinbago Knight Riders,St Lucia Stars,BB McCullum,DM Bravo,KA Pollard,1,0,,,,,,,,,
1148655,2018,2018-08-16,"Daren Sammy National Cricket Stadium, Gros Islet",2,11.5,Trinbago Knight Riders,St Lucia Stars,DM Bravo,BB McCullum,KA Pollard,4,0,,,,,,,,,
1148655,2018,2018-08-16,"Daren Sammy National Cricket Stadium, Gros Islet",2,11.6,Trinbago Knight Riders,St Lucia Stars,DM Bravo,BB McCullum,KA Pollard,4,0,,,,,,,,,
1148655,2018,2018-08-16,"Daren Sammy National Cricket Stadium, Gros Islet",2,12.1,Trinbago Knight Riders,St Lucia Stars,BB McCullum,DM Bravo,MJ McClenaghan,0,0,,,,,,,,,
1148655,2018,2018-08-16,"Daren Sammy National Cricket Stadium, Gros Islet",2,12.2,Trinbago Knight Riders,St Lucia Stars,BB McCullum,DM Bravo,MJ McClenaghan,0,1,1,,,,,,,,
1148655,2018,2018-08-16,"Daren Sammy National Cricket Stadium, Gros Islet",2,12.3,Trinbago Knight Riders,St Lucia Stars,BB McCullum,DM Bravo,MJ McClenaghan,1,0,,,,,,,,,
1148655,2018,2018-08-16,"Daren Sammy National Cricket Stadium, Gros Islet",2,12.4,Trinbago Knight Riders,St Lucia Stars,DM Bravo,BB McCullum,MJ McClenaghan,0,0,,,,,,,,,
1148655,2018,2018-08-16,"Daren Sammy National Cricket Stadium, Gros Islet",2,12.5,Trinbago Knight Riders,St Lucia Stars,DM Bravo,BB McCullum,MJ McClenaghan,1,0,,,,,,,,,
1148655,2018,2018-08-16,"Daren Sammy National Cricket Stadium, Gros Islet",2,12.6,Trinbago Knight Riders,St Lucia Stars,BB McCullum,DM Bravo,MJ McClenaghan,6,0,,,,,,,,,
1148655,2018,2018-08-16,"Daren Sammy National Cricket Stadium, Gros Islet",2,12.7,Trinbago Knight Riders,St Lucia Stars,BB McCullum,DM Bravo,MJ McClenaghan,0,0,,,,,,,,,
1148655,2018,2018-08-16,"Daren Sammy National Cricket Stadium, Gros Islet",2,13.1,Trinbago Knight Riders,St Lucia Stars,DM Bravo,BB McCullum,OC McCoy,0,0,,,,,,,,,
1148655,2018,2018-08-16,"Daren Sammy National Cricket Stadium, Gros Islet",2,13.2,Trinbago Knight Riders,St Lucia Stars,DM Bravo,BB McCullum,OC McCoy,0,1,1,,,,,,,,
1148655,2018,2018-08-16,"Daren Sammy National Cricket Stadium, Gros Islet",2,13.3,Trinbago Knight Riders,St Lucia Stars,DM Bravo,BB McCullum,OC McCoy,1,0,,,,,,,,,
1148655,2018,2018-08-16,"Daren Sammy National Cricket Stadium, Gros Islet",2,13.4,Trinbago Knight Riders,St Lucia Stars,BB McCullum,DM Bravo,OC McCoy,1,0,,,,,,,,,
1148655,2018,2018-08-16,"Daren Sammy National Cricket Stadium, Gros Islet",2,13.5,Trinbago Knight Riders,St Lucia Stars,DM Bravo,BB McCullum,OC McCoy,1,0,,,,,,,,,
1148655,2018,2018-08-16,"Daren Sammy National Cricket Stadium, Gros Islet",2,13.6,Trinbago Knight Riders,St Lucia Stars,BB McCullum,DM Bravo,OC McCoy,1,0,,,,,,,,,
1148655,2018,2018-08-16,"Daren Sammy National Cricket Stadium, Gros Islet",2,13.7,Trinbago Knight Riders,St Lucia Stars,DM Bravo,BB McCullum,OC McCoy,0,1,1,,,,,,,,
1148655,2018,2018-08-16,"Daren Sammy National Cricket Stadium, Gros Islet",2,13.8,Trinbago Knight Riders,St Lucia Stars,DM Bravo,BB McCullum,OC McCoy,0,1,1,,,,,,,,
1148655,2018,2018-08-16,"Daren Sammy National Cricket Stadium, Gros Islet",2,13.9,Trinbago Knight Riders,St Lucia Stars,DM Bravo,BB McCullum,OC McCoy,4,0,,,,,,,,,
1148655,2018,2018-08-16,"Daren Sammy National Cricket Stadium, Gros Islet",2,14.1,Trinbago Knight Riders,St Lucia Stars,BB McCullum,DM Bravo,MJ McClenaghan,1,0,,,,,,,,,
1148655,2018,2018-08-16,"Daren Sammy National Cricket Stadium, Gros Islet",2,14.2,Trinbago Knight Riders,St Lucia Stars,DM Bravo,BB McCullum,MJ McClenaghan,1,0,,,,,,,,,
1148655,2018,2018-08-16,"Daren Sammy National Cricket Stadium, Gros Islet",2,14.3,Trinbago Knight Riders,St Lucia Stars,BB McCullum,DM Bravo,MJ McClenaghan,1,0,,,,,,,,,
1148655,2018,2018-08-16,"Daren Sammy National Cricket Stadium, Gros Islet",2,14.4,Trinbago Knight Riders,St Lucia Stars,DM Bravo,BB McCullum,MJ McClenaghan,0,0,,,,,,,,,
1148655,2018,2018-08-16,"Daren Sammy National Cricket Stadium, Gros Islet",2,14.5,Trinbago Knight Riders,St Lucia Stars,DM Bravo,BB McCullum,MJ McClenaghan,6,0,,,,,,,,,
1148655,2018,2018-08-16,"Daren Sammy National Cricket Stadium, Gros Islet",2,14.6,Trinbago Knight Riders,St Lucia Stars,DM Bravo,BB McCullum,MJ McClenaghan,1,0,,,,,,,,,
1148655,2018,2018-08-16,"Daren Sammy National Cricket Stadium, Gros Islet",2,15.1,Trinbago Knight Riders,St Lucia Stars,DM Bravo,BB McCullum,KA Pollard,6,0,,,,,,,,,
1148655,2018,2018-08-16,"Daren Sammy National Cricket Stadium, Gros Islet",2,15.2,Trinbago Knight Riders,St Lucia Stars,DM Bravo,BB McCullum,KA Pollard,6,0,,,,,,,,,
1148655,2018,2018-08-16,"Daren Sammy National Cricket Stadium, Gros Islet",2,15.3,Trinbago Knight Riders,St Lucia Stars,DM Bravo,BB McCullum,KA Pollard,6,0,,,,,,,,,
1148655,2018,2018-08-16,"Daren Sammy National Cricket Stadium, Gros Islet",2,15.4,Trinbago Knight Riders,St Lucia Stars,DM Bravo,BB McCullum,KA Pollard,6,0,,,,,,,,,
1148655,2018,2018-08-16,"Daren Sammy National Cricket Stadium, Gros Islet",2,15.5,Trinbago Knight Riders,St Lucia Stars,DM Bravo,BB McCullum,KA Pollard,2,0,,,,,,,,,
1148655,2018,2018-08-16,"Daren Sammy National Cricket Stadium, Gros Islet",2,15.6,Trinbago Knight Riders,St Lucia Stars,DM Bravo,BB McCullum,KA Pollard,6,0,,,,,,,,,
1148655,2018,2018-08-16,"Daren Sammy National Cricket Stadium, Gros Islet",2,16.1,Trinbago Knight Riders,St Lucia Stars,BB McCullum,DM Bravo,OC McCoy,6,0,,,,,,,,,
1148655,2018,2018-08-16,"Daren Sammy National Cricket Stadium, Gros Islet",2,16.2,Trinbago Knight Riders,St Lucia Stars,BB McCullum,DM Bravo,OC McCoy,0,0,,,,,,,,,
1148655,2018,2018-08-16,"Daren Sammy National Cricket Stadium, Gros Islet",2,16.3,Trinbago Knight Riders,St Lucia Stars,BB McCullum,DM Bravo,OC McCoy,4,0,,,,,,,,,
1148655,2018,2018-08-16,"Daren Sammy National Cricket Stadium, Gros Islet",2,16.4,Trinbago Knight Riders,St Lucia Stars,BB McCullum,DM Bravo,OC McCoy,0,1,1,,,,,,,,
1148655,2018,2018-08-16,"Daren Sammy National Cricket Stadium, Gros Islet",2,16.5,Trinbago Knight Riders,St Lucia Stars,BB McCullum,DM Bravo,OC McCoy,4,0,,,,,,,,,
1148655,2018,2018-08-16,"Daren Sammy National Cricket Stadium, Gros Islet",2,16.6,Trinbago Knight Riders,St Lucia Stars,BB McCullum,DM Bravo,OC McCoy,6,0,,,,,,,,,
1148655,2018,2018-08-16,"Daren Sammy National Cricket Stadium, Gros Islet",2,16.7,Trinbago Knight Riders,St Lucia Stars,BB McCullum,DM Bravo,OC McCoy,0,0,,,,,,,,,
1148655,2018,2018-08-16,"Daren Sammy National Cricket Stadium, Gros Islet",2,17.1,Trinbago Knight Riders,St Lucia Stars,DM Bravo,BB McCullum,RRS Cornwall,0,1,1,,,,,,,,
1148655,2018,2018-08-16,"Daren Sammy National Cricket Stadium, Gros Islet",2,17.2,Trinbago Knight Riders,St Lucia Stars,DM Bravo,BB McCullum,RRS Cornwall,0,1,1,,,,,,,,
1148655,2018,2018-08-16,"Daren Sammy National Cricket Stadium, Gros Islet",2,17.3,Trinbago Knight Riders,St Lucia Stars,DM Bravo,BB McCullum,RRS Cornwall,6,0,,,,,,,,,
1148655,2018,2018-08-16,"Daren Sammy National Cricket Stadium, Gros Islet",2,17.4,Trinbago Knight Riders,St Lucia Stars,DM Bravo,BB McCullum,RRS Cornwall,0,0,,,,,,,,,
1148655,2018,2018-08-16,"Daren Sammy National Cricket Stadium, Gros Islet",2,17.5,Trinbago Knight Riders,St Lucia Stars,DM Bravo,BB McCullum,RRS Cornwall,6,1,,1,,,,,,,
1148655,2018,2018-08-16,"Daren Sammy National Cricket Stadium, Gros Islet",2,17.6,Trinbago Knight Riders,St Lucia Stars,DM Bravo,BB McCullum,RRS Cornwall,6,0,,,,,,,,,
1148655,2018,2018-08-16,"Daren Sammy National Cricket Stadium, Gros Islet",2,17.7,Trinbago Knight Riders,St Lucia Stars,DM Bravo,BB McCullum,RRS Cornwall,0,0,,,,,,,,,
1148655,2018,2018-08-16,"Daren Sammy National Cricket Stadium, Gros Islet",2,17.8,Trinbago Knight Riders,St Lucia Stars,DM Bravo,BB McCullum,RRS Cornwall,0,0,,,,,,,,,
1148655,2018,2018-08-16,"Daren Sammy National Cricket Stadium, Gros Islet",2,17.9,Trinbago Knight Riders,St Lucia Stars,DM Bravo,BB McCullum,RRS Cornwall,6,0,,,,,,,,,
1148655,2018,2018-08-16,"Daren Sammy National Cricket Stadium, Gros Islet",2,18.1,Trinbago Knight Riders,St Lucia Stars,BB McCullum,DM Bravo,MJ McClenaghan,0,0,,,,,,caught,BB McCullum,,
1148655,2018,2018-08-16,"Daren Sammy National Cricket Stadium, Gros Islet",2,18.2,Trinbago Knight Riders,St Lucia Stars,JPR Scantlebury-Searles,DM Bravo,MJ McClenaghan,0,0,,,,,,,,,
1148655,2018,2018-08-16,"Daren Sammy National Cricket Stadium, Gros Islet",2,18.3,Trinbago Knight Riders,St Lucia Stars,JPR Scantlebury-Searles,DM Bravo,MJ McClenaghan,0,1,1,,,,,,,,
1148655,2018,2018-08-16,"Daren Sammy National Cricket Stadium, Gros Islet",2,18.4,Trinbago Knight Riders,St Lucia Stars,JPR Scantlebury-Searles,DM Bravo,MJ McClenaghan,0,0,,,,,,,,,
1148655,2018,2018-08-16,"Daren Sammy National Cricket Stadium, Gros Islet",2,18.5,Trinbago Knight Riders,St Lucia Stars,JPR Scantlebury-Searles,DM Bravo,MJ McClenaghan,0,0,,,,,,caught,JPR Scantlebury-Searles,,
1148655,2018,2018-08-16,"Daren Sammy National Cricket Stadium, Gros Islet",2,18.6,Trinbago Knight Riders,St Lucia Stars,D Ramdin,DM Bravo,MJ McClenaghan,0,0,,,,,,,,,
1148655,2018,2018-08-16,"Daren Sammy National Cricket Stadium, Gros Islet",2,18.7,Trinbago Knight Riders,St Lucia Stars,D Ramdin,DM Bravo,MJ McClenaghan,1,0,,,,,,,,,
1148655,2018,2018-08-16,"Daren Sammy National Cricket Stadium, Gros Islet",2,19.1,Trinbago Knight Riders,St Lucia Stars,D Ramdin,DM Bravo,OC McCoy,1,0,,,,,,,,,
1148655,2018,2018-08-16,"Daren Sammy National Cricket Stadium, Gros Islet",2,19.2,Trinbago Knight Riders,St Lucia Stars,DM Bravo,D Ramdin,OC McCoy,0,0,,,,,,,,,
1148655,2018,2018-08-16,"Daren Sammy National Cricket Stadium, Gros Islet",2,19.3,Trinbago Knight Riders,St Lucia Stars,DM Bravo,D Ramdin,OC McCoy,0,0,,,,,,,,,
1148655,2018,2018-08-16,"Daren Sammy National Cricket Stadium, Gros Islet",2,19.4,Trinbago Knight Riders,St Lucia Stars,DM Bravo,D Ramdin,OC McCoy,1,0,,,,,,,,,
1148655,2018,2018-08-16,"Daren Sammy National Cricket Stadium, Gros Islet",2,19.5,Trinbago Knight Riders,St Lucia Stars,D Ramdin,DM Bravo,OC McCoy,6,0,,,,,,,,,
