match_id,season,start_date,venue,innings,ball,batting_team,bowling_team,striker,non_striker,bowler,runs_off_bat,extras,wides,noballs,byes,legbyes,penalty,wicket_type,player_dismissed,other_wicket_type,other_player_dismissed
1185858,2019,2019-09-25,"Daren Sammy National Cricket Stadium, Gros Islet",1,0.1,St Lucia Zouks,Guyana Amazon Warriors,ADS Fletcher,RRS Cornwall,C Hemraj,0,0,,,,,,,,,
1185858,2019,2019-09-25,"Daren Sammy National Cricket Stadium, Gros Islet",1,0.2,St Lucia Zouks,Guyana Amazon Warriors,ADS Fletcher,RRS Cornwall,C Hemraj,0,0,,,,,,,,,
1185858,2019,2019-09-25,"Daren Sammy National Cricket Stadium, Gros Islet",1,0.3,St Lucia Zouks,Guyana Amazon Warriors,ADS Fletcher,RRS Cornwall,C Hemraj,4,0,,,,,,,,,
1185858,2019,2019-09-25,"Daren Sammy National Cricket Stadium, Gros Islet",1,0.4,St Lucia Zouks,Guyana Amazon Warriors,ADS Fletcher,RRS Cornwall,C Hemraj,4,0,,,,,,,,,
1185858,2019,2019-09-25,"Daren Sammy National Cricket Stadium, Gros Islet",1,0.5,St Lucia Zouks,Guyana Amazon Warriors,ADS Fletcher,RRS Cornwall,C Hemraj,4,0,,,,,,,,,
1185858,2019,2019-09-25,"Daren Sammy National Cricket Stadium, Gros Islet",1,0.6,St Lucia Zouks,Guyana Amazon Warriors,ADS Fletcher,RRS Cornwall,C Hemraj,0,0,,,,,,,,,
1185858,2019,2019-09-25,"Daren Sammy National Cricket Stadium, Gros Islet",1,1.1,St Lucia Zouks,Guyana Amazon Warriors,RRS Cornwall,ADS Fletcher,CJ Green,1,0,,,,,,,,,
1185858,2019,2019-09-25,"Daren Sammy National Cricket Stadium, Gros Islet",1,1.2,St Lucia Zouks,Guyana Amazon Warriors,ADS Fletcher,RRS Cornwall,CJ Green,1,0,,,,,,,,,
1185858,2019,2019-09-25,"Daren Sammy National Cricket Stadium, Gros Islet",1,1.3,St Lucia Zouks,Guyana Amazon Warriors,RRS Cornwall,ADS Fletcher,CJ Green,1,0,,,,,,,,,
1185858,2019,2019-09-25,"Daren Sammy National Cricket Stadium, Gros Islet",1,1.4,St Lucia Zouks,Guyana Amazon Warriors,ADS Fletcher,RRS Cornwall,CJ Green,0,0,,,,,,,,,
1185858,2019,2019-09-25,"Daren Sammy National Cricket Stadium, Gros Islet",1,1.5,St Lucia Zouks,Guyana Amazon Warriors,ADS Fletcher,RRS Cornwall,CJ Green,0,0,,,,,,,,,
1185858,2019,2019-09-25,"Daren Sammy National Cricket Stadium, Gros Islet",1,1.6,St Lucia Zouks,Guyana Amazon Warriors,ADS Fletcher,RRS Cornwall,CJ Green,0,0,,,,,,,,,
1185858,2019,2019-09-25,"Daren Sammy National Cricket Stadium, Gros Islet",1,2.1,St Lucia Zouks,Guyana Amazon Warriors,RRS Cornwall,ADS Fletcher,Imran Tahir,1,0,,,,,,,,,
1185858,2019,2019-09-25,"Daren Sammy National Cricket Stadium, Gros Islet",1,2.2,St Lucia Zouks,Guyana Amazon Warriors,ADS Fletcher,RRS Cornwall,Imran Tahir,1,0,,,,,,,,,
1185858,2019,2019-09-25,"Daren Sammy National Cricket Stadium, Gros Islet",1,2.3,St Lucia Zouks,Guyana Amazon Warriors,RRS Cornwall,ADS Fletcher,Imran Tahir,1,0,,,,,,,,,
1185858,2019,2019-09-25,"Daren Sammy National Cricket Stadium, Gros Islet",1,2.4,St Lucia Zouks,Guyana Amazon Warriors,ADS Fletcher,RRS Cornwall,Imran Tahir,1,0,,,,,,,,,
1185858,2019,2019-09-25,"Daren Sammy National Cricket Stadium, Gros Islet",1,2.5,St Lucia Zouks,Guyana Amazon Warriors,RRS Cornwall,ADS Fletcher,Imran Tahir,1,0,,,,,,,,,
1185858,2019,2019-09-25,"Daren Sammy National Cricket Stadium, Gros Islet",1,2.6,St Lucia Zouks,Guyana Amazon Warriors,ADS Fletcher,RRS Cornwall,Imran Tahir,1,0,,,,,,,,,
1185858,2019,2019-09-25,"Daren Sammy National Cricket Stadium, Gros Islet",1,3.1,St Lucia Zouks,Guyana Amazon Warriors,ADS Fletcher,RRS Cornwall,CJ Green,0,0,,,,,,,,,
1185858,2019,2019-09-25,"Daren Sammy National Cricket Stadium, Gros Islet",1,3.2,St Lucia Zouks,Guyana Amazon Warriors,ADS Fletcher,RRS Cornwall,CJ Green,1,0,,,,,,,,,
1185858,2019,2019-09-25,"Daren Sammy National Cricket Stadium, Gros Islet",1,3.3,St Lucia Zouks,Guyana Amazon Warriors,RRS Cornwall,ADS Fletcher,CJ Green,0,0,,,,,,,,,
1185858,2019,2019-09-25,"Daren Sammy National Cricket Stadium, Gros Islet",1,3.4,St Lucia Zouks,Guyana Amazon Warriors,RRS Cornwall,ADS Fletcher,CJ Green,0,0,,,,,,,,,
1185858,2019,2019-09-25,"Daren Sammy National Cricket Stadium, Gros Islet",1,3.5,St Lucia Zouks,Guyana Amazon Warriors,RRS Cornwall,ADS Fletcher,CJ Green,1,0,,,,,,,,,
1185858,2019,2019-09-25,"Daren Sammy National Cricket Stadium, Gros Islet",1,3.6,St Lucia Zouks,Guyana Amazon Warriors,ADS Fletcher,RRS Cornwall,CJ Green,1,0,,,,,,,,,
1185858,2019,2019-09-25,"Daren Sammy National Cricket Stadium, Gros Islet",1,4.1,St Lucia Zouks,Guyana Amazon Warriors,ADS Fletcher,RRS Cornwall,Imran Tahir,0,0,,,,,,,,,
1185858,2019,2019-09-25,"Daren Sammy National Cricket Stadium, Gros Islet",1,4.2,St Lucia Zouks,Guyana Amazon Warriors,ADS Fletcher,RRS Cornwall,Imran Tahir,0,0,,,,,,caught,ADS Fletcher,,
1185858,2019,2019-09-25,"Daren Sammy National Cricket Stadium, Gros Islet",1,4.3,St Lucia Zouks,Guyana Amazon Warriors,RRS Cornwall,CA Ingram,Imran Tahir,0,0,,,,,,,,,
1185858,2019,2019-09-25,"Daren Sammy National Cricket Stadium, Gros Islet",1,4.4,St Lucia Zouks,Guyana Amazon Warriors,RRS Cornwall,CA Ingram,Imran Tahir,0,0,,,,,,,,,
1185858,2019,2019-09-25,"Daren Sammy National Cricket Stadium, Gros Islet",1,4.5,St Lucia Zouks,Guyana Amazon Warriors,RRS Cornwall,CA Ingram,Imran Tahir,0,0,,,,,,,,,
1185858,2019,2019-09-25,"Daren Sammy National Cricket Stadium, Gros Islet",1,4.6,St Lucia Zouks,Guyana Amazon Warriors,RRS Cornwall,CA Ingram,Imran Tahir,0,0,,,,,,,,,
1185858,2019,2019-09-25,"Daren Sammy National Cricket Stadium, Gros Islet",1,5.1,St Lucia Zouks,Guyana Amazon Warriors,CA Ingram,RRS Cornwall,CJ Green,0,0,,,,,,,,,
1185858,2019,2019-09-25,"Daren Sammy National Cricket Stadium, Gros Islet",1,5.2,St Lucia Zouks,Guyana Amazon Warriors,CA Ingram,RRS Cornwall,CJ Green,0,0,,,,,,,,,
1185858,2019,2019-09-25,"Daren Sammy National Cricket Stadium, Gros Islet",1,5.3,St Lucia Zouks,Guyana Amazon Warriors,CA Ingram,RRS Cornwall,CJ Green,0,0,,,,,,run out,RRS Cornwall,,
1185858,2019,2019-09-25,"Daren Sammy National Cricket Stadium, Gros Islet",1,5.4,St Lucia Zouks,Guyana Amazon Warriors,C de Grandhomme,CA Ingram,CJ Green,0,0,,,,,,,,,
1185858,2019,2019-09-25,"Daren Sammy National Cricket Stadium, Gros Islet",1,5.5,St Lucia Zouks,Guyana Amazon Warriors,C de Grandhomme,CA Ingram,CJ Green,6,0,,,,,,,,,
1185858,2019,2019-09-25,"Daren Sammy National Cricket Stadium, Gros Islet",1,5.6,St Lucia Zouks,Guyana Amazon Warriors,C de Grandhomme,CA Ingram,CJ Green,2,0,,,,,,,,,
1185858,2019,2019-09-25,"Daren Sammy National Cricket Stadium, Gros Islet",1,6.1,St Lucia Zouks,Guyana Amazon Warriors,CA Ingram,C de Grandhomme,OF Smith,2,0,,,,,,,,,
1185858,2019,2019-09-25,"Daren Sammy National Cricket Stadium, Gros Islet",1,6.2,St Lucia Zouks,Guyana Amazon Warriors,CA Ingram,C de Grandhomme,OF Smith,0,1,1,,,,,,,,
1185858,2019,2019-09-25,"Daren Sammy National Cricket Stadium, Gros Islet",1,6.3,St Lucia Zouks,Guyana Amazon Warriors,CA Ingram,C de Grandhomme,OF Smith,6,0,,,,,,,,,
1185858,2019,2019-09-25,"Daren Sammy National Cricket Stadium, Gros Islet",1,6.4,St Lucia Zouks,Guyana Amazon Warriors,CA Ingram,C de Grandhomme,OF Smith,0,0,,,,,,,,,
1185858,2019,2019-09-25,"Daren Sammy National Cricket Stadium, Gros Islet",1,6.5,St Lucia Zouks,Guyana Amazon Warriors,CA Ingram,C de Grandhomme,OF Smith,1,0,,,,,,,,,
1185858,2019,2019-09-25,"Daren Sammy National Cricket Stadium, Gros Islet",1,6.6,St Lucia Zouks,Guyana Amazon Warriors,C de Grandhomme,CA Ingram,OF Smith,4,0,,,,,,,,,
1185858,2019,2019-09-25,"Daren Sammy National Cricket Stadium, Gros Islet",1,6.7,St Lucia Zouks,Guyana Amazon Warriors,C de Grandhomme,CA Ingram,OF Smith,0,0,,,,,,,,,
1185858,2019,2019-09-25,"Daren Sammy National Cricket Stadium, Gros Islet",1,7.1,St Lucia Zouks,Guyana Amazon Warriors,CA Ingram,C de Grandhomme,Shoaib Malik,0,0,,,,,,,,,
1185858,2019,2019-09-25,"Daren Sammy National Cricket Stadium, Gros Islet",1,7.2,St Lucia Zouks,Guyana Amazon Warriors,CA Ingram,C de Grandhomme,Shoaib Malik,1,0,,,,,,,,,
1185858,2019,2019-09-25,"Daren Sammy National Cricket Stadium, Gros Islet",1,7.3,St Lucia Zouks,Guyana Amazon Warriors,C de Grandhomme,CA Ingram,Shoaib Malik,0,0,,,,,,,,,
1185858,2019,2019-09-25,"Daren Sammy National Cricket Stadium, Gros Islet",1,7.4,St Lucia Zouks,Guyana Amazon Warriors,C de Grandhomme,CA Ingram,Shoaib Malik,6,0,,,,,,,,,
1185858,2019,2019-09-25,"Daren Sammy National Cricket Stadium, Gros Islet",1,7.5,St Lucia Zouks,Guyana Amazon Warriors,C de Grandhomme,CA Ingram,Shoaib Malik,2,0,,,,,,,,,
1185858,2019,2019-09-25,"Daren Sammy National Cricket Stadium, Gros Islet",1,7.6,St Lucia Zouks,Guyana Amazon Warriors,C de Grandhomme,CA Ingram,Shoaib Malik,6,0,,,,,,,,,
1185858,2019,2019-09-25,"Daren Sammy National Cricket Stadium, Gros Islet",1,8.1,St Lucia Zouks,Guyana Amazon Warriors,CA Ingram,C de Grandhomme,OF Smith,1,0,,,,,,,,,
1185858,2019,2019-09-25,"Daren Sammy National Cricket Stadium, Gros Islet",1,8.2,St Lucia Zouks,Guyana Amazon Warriors,C de Grandhomme,CA Ingram,OF Smith,2,0,,,,,,,,,
1185858,2019,2019-09-25,"Daren Sammy National Cricket Stadium, Gros Islet",1,8.3,St Lucia Zouks,Guyana Amazon Warriors,C de Grandhomme,CA Ingram,OF Smith,0,0,,,,,,,,,
1185858,2019,2019-09-25,"Daren Sammy National Cricket Stadium, Gros Islet",1,8.4,St Lucia Zouks,Guyana Amazon Warriors,C de Grandhomme,CA Ingram,OF Smith,1,0,,,,,,,,,
1185858,2019,2019-09-25,"Daren Sammy National Cricket Stadium, Gros Islet",1,8.5,St Lucia Zouks,Guyana Amazon Warriors,CA Ingram,C de Grandhomme,OF Smith,4,0,,,,,,,,,
1185858,2019,2019-09-25,"Daren Sammy National Cricket Stadium, Gros Islet",1,8.6,St Lucia Zouks,Guyana Amazon Warriors,CA Ingram,C de Grandhomme,OF Smith,4,0,,,,,,,,,
1185858,2019,2019-09-25,"Daren Sammy National Cricket Stadium, Gros Islet",1,9.1,St Lucia Zouks,Guyana Amazon Warriors,C de Grandhomme,CA Ingram,Imran Tahir,0,0,,,,,,,,,
1185858,2019,2019-09-25,"Daren Sammy National Cricket Stadium, Gros Islet",1,9.2,St Lucia Zouks,Guyana Amazon Warriors,C de Grandhomme,CA Ingram,Imran Tahir,1,0,,,,,,,,,
1185858,2019,2019-09-25,"Daren Sammy National Cricket Stadium, Gros Islet",1,9.3,St Lucia Zouks,Guyana Amazon Warriors,CA Ingram,C de Grandhomme,Imran Tahir,6,0,,,,,,,,,
1185858,2019,2019-09-25,"Daren Sammy National Cricket Stadium, Gros Islet",1,9.4,St Lucia Zouks,Guyana Amazon Warriors,CA Ingram,C de Grandhomme,Imran Tahir,0,0,,,,,,caught,CA Ingram,,
1185858,2019,2019-09-25,"Daren Sammy National Cricket Stadium, Gros Islet",1,9.5,St Lucia Zouks,Guyana Amazon Warriors,C de Grandhomme,JN Hamilton,Imran Tahir,0,0,,,,,,,,,
1185858,2019,2019-09-25,"Daren Sammy National Cricket Stadium, Gros Islet",1,9.6,St Lucia Zouks,Guyana Amazon Warriors,C de Grandhomme,JN Hamilton,Imran Tahir,1,0,,,,,,,,,
1185858,2019,2019-09-25,"Daren Sammy National Cricket Stadium, Gros Islet",1,10.1,St Lucia Zouks,Guyana Amazon Warriors,C de Grandhomme,JN Hamilton,R Shepherd,0,0,,,,,,,,,
1185858,2019,2019-09-25,"Daren Sammy National Cricket Stadium, Gros Islet",1,10.2,St Lucia Zouks,Guyana Amazon Warriors,C de Grandhomme,JN Hamilton,R Shepherd,2,0,,,,,,,,,
1185858,2019,2019-09-25,"Daren Sammy National Cricket Stadium, Gros Islet",1,10.3,St Lucia Zouks,Guyana Amazon Warriors,C de Grandhomme,JN Hamilton,R Shepherd,1,0,,,,,,,,,
1185858,2019,2019-09-25,"Daren Sammy National Cricket Stadium, Gros Islet",1,10.4,St Lucia Zouks,Guyana Amazon Warriors,JN Hamilton,C de Grandhomme,R Shepherd,0,1,1,,,,,,,,
1185858,2019,2019-09-25,"Daren Sammy National Cricket Stadium, Gros Islet",1,10.5,St Lucia Zouks,Guyana Amazon Warriors,JN Hamilton,C de Grandhomme,R Shepherd,0,0,,,,,,,,,
1185858,2019,2019-09-25,"Daren Sammy National Cricket Stadium, Gros Islet",1,10.6,St Lucia Zouks,Guyana Amazon Warriors,JN Hamilton,C de Grandhomme,R Shepherd,1,0,,,,,,,,,
1185858,2019,2019-09-25,"Daren Sammy National Cricket Stadium, Gros Islet",1,10.7,St Lucia Zouks,Guyana Amazon Warriors,C de Grandhomme,JN Hamilton,R Shepherd,2,0,,,,,,,,,
1185858,2019,2019-09-25,"Daren Sammy National Cricket Stadium, Gros Islet",1,11.1,St Lucia Zouks,Guyana Amazon Warriors,JN Hamilton,C de Grandhomme,B Laughlin,0,0,,,,,,,,,
1185858,2019,2019-09-25,"Daren Sammy National Cricket Stadium, Gros Islet",1,11.2,St Lucia Zouks,Guyana Amazon Warriors,JN Hamilton,C de Grandhomme,B Laughlin,0,0,,,,,,,,,
1185858,2019,2019-09-25,"Daren Sammy National Cricket Stadium, Gros Islet",1,11.3,St Lucia Zouks,Guyana Amazon Warriors,JN Hamilton,C de Grandhomme,B Laughlin,0,1,1,,,,,,,,
1185858,2019,2019-09-25,"Daren Sammy National Cricket Stadium, Gros Islet",1,11.4,St Lucia Zouks,Guyana Amazon Warriors,JN Hamilton,C de Grandhomme,B Laughlin,0,0,,,,,,,,,
1185858,2019,2019-09-25,"Daren Sammy National Cricket Stadium, Gros Islet",1,11.5,St Lucia Zouks,Guyana Amazon Warriors,JN Hamilton,C de Grandhomme,B Laughlin,1,0,,,,,,,,,
1185858,2019,2019-09-25,"Daren Sammy National Cricket Stadium, Gros Islet",1,11.6,St Lucia Zouks,Guyana Amazon Warriors,C de Grandhomme,JN Hamilton,B Laughlin,1,0,,,,,,,,,
1185858,2019,2019-09-25,"Daren Sammy National Cricket Stadium, Gros Islet",1,11.7,St Lucia Zouks,Guyana Amazon Warriors,JN Hamilton,C de Grandhomme,B Laughlin,0,1,,,,1,,,,,
1185858,2019,2019-09-25,"Daren Sammy National Cricket Stadium, Gros Islet",1,12.1,St Lucia Zouks,Guyana Amazon Warriors,JN Hamilton,C de Grandhomme,R Shepherd,6,0,,,,,,,,,
1185858,2019,2019-09-25,"Daren Sammy National Cricket Stadium, Gros Islet",1,12.2,St Lucia Zouks,Guyana Amazon Warriors,JN Hamilton,C de Grandhomme,R Shepherd,1,0,,,,,,,,,
1185858,2019,2019-09-25,"Daren Sammy National Cricket Stadium, Gros Islet",1,12.3,St Lucia Zouks,Guyana Amazon Warriors,C de Grandhomme,JN Hamilton,R Shepherd,6,0,,,,,,,,,
1185858,2019,2019-09-25,"Daren Sammy National Cricket Stadium, Gros Islet",1,12.4,St Lucia Zouks,Guyana Amazon Warriors,C de Grandhomme,JN Hamilton,R Shepherd,0,0,,,,,,,,,
1185858,2019,2019-09-25,"Daren Sammy National Cricket Stadium, Gros Islet",1,12.5,St Lucia Zouks,Guyana Amazon Warriors,C de Grandhomme,JN Hamilton,R Shepherd,4,0,,,,,,,,,
1185858,2019,2019-09-25,"Daren Sammy National Cricket Stadium, Gros Islet",1,12.6,St Lucia Zouks,Guyana Amazon Warriors,C de Grandhomme,JN Hamilton,R Shepherd,1,0,,,,,,,,,
1185858,2019,2019-09-25,"Daren Sammy National Cricket Stadium, Gros Islet",1,13.1,St Lucia Zouks,Guyana Amazon Warriors,C de Grandhomme,JN Hamilton,B Laughlin,1,0,,,,,,,,,
1185858,2019,2019-09-25,"Daren Sammy National Cricket Stadium, Gros Islet",1,13.2,St Lucia Zouks,Guyana Amazon Warriors,JN Hamilton,C de Grandhomme,B Laughlin,0,0,,,,,,bowled,JN Hamilton,,
1185858,2019,2019-09-25,"Daren Sammy National Cricket Stadium, Gros Islet",1,13.3,St Lucia Zouks,Guyana Amazon Warriors,DJG Sammy,C de Grandhomme,B Laughlin,1,0,,,,,,,,,
1185858,2019,2019-09-25,"Daren Sammy National Cricket Stadium, Gros Islet",1,13.4,St Lucia Zouks,Guyana Amazon Warriors,C de Grandhomme,DJG Sammy,B Laughlin,0,1,1,,,,,,,,
1185858,2019,2019-09-25,"Daren Sammy National Cricket Stadium, Gros Islet",1,13.5,St Lucia Zouks,Guyana Amazon Warriors,C de Grandhomme,DJG Sammy,B Laughlin,1,0,,,,,,,,,
1185858,2019,2019-09-25,"Daren Sammy National Cricket Stadium, Gros Islet",1,13.6,St Lucia Zouks,Guyana Amazon Warriors,DJG Sammy,C de Grandhomme,B Laughlin,1,0,,,,,,,,,
1185858,2019,2019-09-25,"Daren Sammy National Cricket Stadium, Gros Islet",1,13.7,St Lucia Zouks,Guyana Amazon Warriors,C de Grandhomme,DJG Sammy,B Laughlin,1,0,,,,,,,,,
1185858,2019,2019-09-25,"Daren Sammy National Cricket Stadium, Gros Islet",1,14.1,St Lucia Zouks,Guyana Amazon Warriors,C de Grandhomme,DJG Sammy,Imran Tahir,2,0,,,,,,,,,
1185858,2019,2019-09-25,"Daren Sammy National Cricket Stadium, Gros Islet",1,14.2,St Lucia Zouks,Guyana Amazon Warriors,C de Grandhomme,DJG Sammy,Imran Tahir,6,0,,,,,,,,,
1185858,2019,2019-09-25,"Daren Sammy National Cricket Stadium, Gros Islet",1,14.3,St Lucia Zouks,Guyana Amazon Warriors,C de Grandhomme,DJG Sammy,Imran Tahir,1,0,,,,,,,,,
1185858,2019,2019-09-25,"Daren Sammy National Cricket Stadium, Gros Islet",1,14.4,St Lucia Zouks,Guyana Amazon Warriors,DJG Sammy,C de Grandhomme,Imran Tahir,0,0,,,,,,,,,
1185858,2019,2019-09-25,"Daren Sammy National Cricket Stadium, Gros Islet",1,14.5,St Lucia Zouks,Guyana Amazon Warriors,DJG Sammy,C de Grandhomme,Imran Tahir,0,0,,,,,,,,,
1185858,2019,2019-09-25,"Daren Sammy National Cricket Stadium, Gros Islet",1,14.6,St Lucia Zouks,Guyana Amazon Warriors,DJG Sammy,C de Grandhomme,Imran Tahir,0,0,,,,,,,,,
1185858,2019,2019-09-25,"Daren Sammy National Cricket Stadium, Gros Islet",1,15.1,St Lucia Zouks,Guyana Amazon Warriors,C de Grandhomme,DJG Sammy,OF Smith,1,0,,,,,,,,,
1185858,2019,2019-09-25,"Daren Sammy National Cricket Stadium, Gros Islet",1,15.2,St Lucia Zouks,Guyana Amazon Warriors,DJG Sammy,C de Grandhomme,OF Smith,1,0,,,,,,,,,
1185858,2019,2019-09-25,"Daren Sammy National Cricket Stadium, Gros Islet",1,15.3,St Lucia Zouks,Guyana Amazon Warriors,C de Grandhomme,DJG Sammy,OF Smith,0,0,,,,,,,,,
1185858,2019,2019-09-25,"Daren Sammy National Cricket Stadium, Gros Islet",1,15.4,St Lucia Zouks,Guyana Amazon Warriors,C de Grandhomme,DJG Sammy,OF Smith,4,0,,,,,,,,,
1185858,2019,2019-09-25,"Daren Sammy National Cricket Stadium, Gros Islet",1,15.5,St Lucia Zouks,Guyana Amazon Warriors,C de Grandhomme,DJG Sammy,OF Smith,0,0,,,,,,,,,
1185858,2019,2019-09-25,"Daren Sammy National Cricket Stadium, Gros Islet",1,15.6,St Lucia Zouks,Guyana Amazon Warriors,C de Grandhomme,DJG Sammy,OF Smith,0,0,,,,,,,,,
1185858,2019,2019-09-25,"Daren Sammy National Cricket Stadium, Gros Islet",1,16.1,St Lucia Zouks,Guyana Amazon Warriors,DJG Sammy,C de Grandhomme,R Shepherd,1,0,,,,,,,,,
1185858,2019,2019-09-25,"Daren Sammy National Cricket Stadium, Gros Islet",1,16.2,St Lucia Zouks,Guyana Amazon Warriors,C de Grandhomme,DJG Sammy,R Shepherd,0,0,,,,,,caught,C de Grandhomme,,
1185858,2019,2019-09-25,"Daren Sammy National Cricket Stadium, Gros Islet",1,16.3,St Lucia Zouks,Guyana Amazon Warriors,CD Barnwell,DJG Sammy,R Shepherd,1,0,,,,,,,,,
1185858,2019,2019-09-25,"Daren Sammy National Cricket Stadium, Gros Islet",1,16.4,St Lucia Zouks,Guyana Amazon Warriors,DJG Sammy,CD Barnwell,R Shepherd,0,0,,,,,,,,,
1185858,2019,2019-09-25,"Daren Sammy National Cricket Stadium, Gros Islet",1,16.5,St Lucia Zouks,Guyana Amazon Warriors,DJG Sammy,CD Barnwell,R Shepherd,1,0,,,,,,,,,
1185858,2019,2019-09-25,"Daren Sammy National Cricket Stadium, Gros Islet",1,16.6,St Lucia Zouks,Guyana Amazon Warriors,CD Barnwell,DJG Sammy,R Shepherd,1,0,,,,,,,,,
1185858,2019,2019-09-25,"Daren Sammy National Cricket Stadium, Gros Islet",1,17.1,St Lucia Zouks,Guyana Amazon Warriors,CD Barnwell,DJG Sammy,OF Smith,0,0,,,,,,,,,
1185858,2019,2019-09-25,"Daren Sammy National Cricket Stadium, Gros Islet",1,17.2,St Lucia Zouks,Guyana Amazon Warriors,CD Barnwell,DJG Sammy,OF Smith,0,0,,,,,,,,,
1185858,2019,2019-09-25,"Daren Sammy National Cricket Stadium, Gros Islet",1,17.3,St Lucia Zouks,Guyana Amazon Warriors,CD Barnwell,DJG Sammy,OF Smith,0,0,,,,,,,,,
1185858,2019,2019-09-25,"Daren Sammy National Cricket Stadium, Gros Islet",1,17.4,St Lucia Zouks,Guyana Amazon Warriors,CD Barnwell,DJG Sammy,OF Smith,0,0,,,,,,,,,
1185858,2019,2019-09-25,"Daren Sammy National Cricket Stadium, Gros Islet",1,17.5,St Lucia Zouks,Guyana Amazon Warriors,CD Barnwell,DJG Sammy,OF Smith,1,0,,,,,,,,,
1185858,2019,2019-09-25,"Daren Sammy National Cricket Stadium, Gros Islet",1,17.6,St Lucia Zouks,Guyana Amazon Warriors,DJG Sammy,CD Barnwell,OF Smith,0,0,,,,,,,,,
1185858,2019,2019-09-25,"Daren Sammy National Cricket Stadium, Gros Islet",1,18.1,St Lucia Zouks,Guyana Amazon Warriors,CD Barnwell,DJG Sammy,R Shepherd,6,0,,,,,,,,,
1185858,2019,2019-09-25,"Daren Sammy National Cricket Stadium, Gros Islet",1,18.2,St Lucia Zouks,Guyana Amazon Warriors,CD Barnwell,DJG Sammy,R Shepherd,6,0,,,,,,,,,
1185858,2019,2019-09-25,"Daren Sammy National Cricket Stadium, Gros Islet",1,18.3,St Lucia Zouks,Guyana Amazon Warriors,CD Barnwell,DJG Sammy,R Shepherd,6,0,,,,,,,,,
1185858,2019,2019-09-25,"Daren Sammy National Cricket Stadium, Gros Islet",1,18.4,St Lucia Zouks,Guyana Amazon Warriors,CD Barnwell,DJG Sammy,R Shepherd,1,0,,,,,,,,,
1185858,2019,2019-09-25,"Daren Sammy National Cricket Stadium, Gros Islet",1,18.5,St Lucia Zouks,Guyana Amazon Warriors,DJG Sammy,CD Barnwell,R Shepherd,2,0,,,,,,,,,
1185858,2019,2019-09-25,"Daren Sammy National Cricket Stadium, Gros Islet",1,18.6,St Lucia Zouks,Guyana Amazon Warriors,DJG Sammy,CD Barnwell,R Shepherd,1,0,,,,,,,,,
1185858,2019,2019-09-25,"Daren Sammy National Cricket Stadium, Gros Islet",1,19.1,St Lucia Zouks,Guyana Amazon Warriors,DJG Sammy,CD Barnwell,B Laughlin,1,0,,,,,,,,,
1185858,2019,2019-09-25,"Daren Sammy National Cricket Stadium, Gros Islet",1,19.2,St Lucia Zouks,Guyana Amazon Warriors,CD Barnwell,DJG Sammy,B Laughlin,1,0,,,,,,,,,
1185858,2019,2019-09-25,"Daren Sammy National Cricket Stadium, Gros Islet",1,19.3,St Lucia Zouks,Guyana Amazon Warriors,DJG Sammy,CD Barnwell,B Laughlin,0,0,,,,,,,,,
1185858,2019,2019-09-25,"Daren Sammy National Cricket Stadium, Gros Islet",1,19.4,St Lucia Zouks,Guyana Amazon Warriors,DJG Sammy,CD Barnwell,B Laughlin,0,0,,,,,,caught,DJG Sammy,,
1185858,2019,2019-09-25,"Daren Sammy National Cricket Stadium, Gros Islet",1,19.5,St Lucia Zouks,Guyana Amazon Warriors,CD Barnwell,GC Viljoen,B Laughlin,0,0,,,,,,bowled,CD Barnwell,,
1185858,2019,2019-09-25,"Daren Sammy National Cricket Stadium, Gros Islet",1,19.6,St Lucia Zouks,Guyana Amazon Warriors,J Royal,GC Viljoen,B Laughlin,1,0,,,,,,,,,
1185858,2019,2019-09-25,"Daren Sammy National Cricket Stadium, Gros Islet",2,0.1,Guyana Amazon Warriors,St Lucia Zouks,BA King,C Hemraj,J Royal,0,1,1,,,,,,,,
1185858,2019,2019-09-25,"Daren Sammy National Cricket Stadium, Gros Islet",2,0.2,Guyana Amazon Warriors,St Lucia Zouks,BA King,C Hemraj,J Royal,0,5,5,,,,,,,,
1185858,2019,2019-09-25,"Daren Sammy National Cricket Stadium, Gros Islet",2,0.3,Guyana Amazon Warriors,St Lucia Zouks,BA King,C Hemraj,J Royal,0,1,1,,,,,,,,
1185858,2019,2019-09-25,"Daren Sammy National Cricket Stadium, Gros Islet",2,0.4,Guyana Amazon Warriors,St Lucia Zouks,BA King,C Hemraj,J Royal,0,0,,,,,,,,,
1185858,2019,2019-09-25,"Daren Sammy National Cricket Stadium, Gros Islet",2,0.5,Guyana Amazon Warriors,St Lucia Zouks,BA King,C Hemraj,J Royal,0,0,,,,,,,,,
1185858,2019,2019-09-25,"Daren Sammy National Cricket Stadium, Gros Islet",2,0.6,Guyana Amazon Warriors,St Lucia Zouks,BA King,C Hemraj,J Royal,0,0,,,,,,,,,
1185858,2019,2019-09-25,"Daren Sammy National Cricket Stadium, Gros Islet",2,0.7,Guyana Amazon Warriors,St Lucia Zouks,BA King,C Hemraj,J Royal,1,0,,,,,,,,,
1185858,2019,2019-09-25,"Daren Sammy National Cricket Stadium, Gros Islet",2,0.8,Guyana Amazon Warriors,St Lucia Zouks,C Hemraj,BA King,J Royal,1,0,,,,,,,,,
1185858,2019,2019-09-25,"Daren Sammy National Cricket Stadium, Gros Islet",2,0.9,Guyana Amazon Warriors,St Lucia Zouks,BA King,C Hemraj,J Royal,1,0,,,,,,,,,
1185858,2019,2019-09-25,"Daren Sammy National Cricket Stadium, Gros Islet",2,1.1,Guyana Amazon Warriors,St Lucia Zouks,BA King,C Hemraj,RRS Cornwall,1,0,,,,,,,,,
1185858,2019,2019-09-25,"Daren Sammy National Cricket Stadium, Gros Islet",2,1.2,Guyana Amazon Warriors,St Lucia Zouks,C Hemraj,BA King,RRS Cornwall,0,0,,,,,,,,,
1185858,2019,2019-09-25,"Daren Sammy National Cricket Stadium, Gros Islet",2,1.3,Guyana Amazon Warriors,St Lucia Zouks,C Hemraj,BA King,RRS Cornwall,6,0,,,,,,,,,
1185858,2019,2019-09-25,"Daren Sammy National Cricket Stadium, Gros Islet",2,1.4,Guyana Amazon Warriors,St Lucia Zouks,C Hemraj,BA King,RRS Cornwall,0,0,,,,,,,,,
1185858,2019,2019-09-25,"Daren Sammy National Cricket Stadium, Gros Islet",2,1.5,Guyana Amazon Warriors,St Lucia Zouks,C Hemraj,BA King,RRS Cornwall,1,0,,,,,,,,,
1185858,2019,2019-09-25,"Daren Sammy National Cricket Stadium, Gros Islet",2,1.6,Guyana Amazon Warriors,St Lucia Zouks,BA King,C Hemraj,RRS Cornwall,0,0,,,,,,,,,
1185858,2019,2019-09-25,"Daren Sammy National Cricket Stadium, Gros Islet",2,2.1,Guyana Amazon Warriors,St Lucia Zouks,C Hemraj,BA King,KOK Williams,0,0,,,,,,,,,
1185858,2019,2019-09-25,"Daren Sammy National Cricket Stadium, Gros Islet",2,2.2,Guyana Amazon Warriors,St Lucia Zouks,C Hemraj,BA King,KOK Williams,4,0,,,,,,,,,
1185858,2019,2019-09-25,"Daren Sammy National Cricket Stadium, Gros Islet",2,2.3,Guyana Amazon Warriors,St Lucia Zouks,C Hemraj,BA King,KOK Williams,0,0,,,,,,,,,
1185858,2019,2019-09-25,"Daren Sammy National Cricket Stadium, Gros Islet",2,2.4,Guyana Amazon Warriors,St Lucia Zouks,C Hemraj,BA King,KOK Williams,6,0,,,,,,,,,
1185858,2019,2019-09-25,"Daren Sammy National Cricket Stadium, Gros Islet",2,2.5,Guyana Amazon Warriors,St Lucia Zouks,C Hemraj,BA King,KOK Williams,0,0,,,,,,,,,
1185858,2019,2019-09-25,"Daren Sammy National Cricket Stadium, Gros Islet",2,2.6,Guyana Amazon Warriors,St Lucia Zouks,C Hemraj,BA King,KOK Williams,0,1,1,,,,,,,,
1185858,2019,2019-09-25,"Daren Sammy National Cricket Stadium, Gros Islet",2,2.7,Guyana Amazon Warriors,St Lucia Zouks,C Hemraj,BA King,KOK Williams,0,0,,,,,,,,,
1185858,2019,2019-09-25,"Daren Sammy National Cricket Stadium, Gros Islet",2,3.1,Guyana Amazon Warriors,St Lucia Zouks,BA King,C Hemraj,RRS Cornwall,0,0,,,,,,,,,
1185858,2019,2019-09-25,"Daren Sammy National Cricket Stadium, Gros Islet",2,3.2,Guyana Amazon Warriors,St Lucia Zouks,BA King,C Hemraj,RRS Cornwall,6,0,,,,,,,,,
1185858,2019,2019-09-25,"Daren Sammy National Cricket Stadium, Gros Islet",2,3.3,Guyana Amazon Warriors,St Lucia Zouks,BA King,C Hemraj,RRS Cornwall,0,0,,,,,,,,,
1185858,2019,2019-09-25,"Daren Sammy National Cricket Stadium, Gros Islet",2,3.4,Guyana Amazon Warriors,St Lucia Zouks,BA King,C Hemraj,RRS Cornwall,0,0,,,,,,,,,
1185858,2019,2019-09-25,"Daren Sammy National Cricket Stadium, Gros Islet",2,3.5,Guyana Amazon Warriors,St Lucia Zouks,BA King,C Hemraj,RRS Cornwall,1,0,,,,,,,,,
1185858,2019,2019-09-25,"Daren Sammy National Cricket Stadium, Gros Islet",2,3.6,Guyana Amazon Warriors,St Lucia Zouks,C Hemraj,BA King,RRS Cornwall,1,0,,,,,,,,,
1185858,2019,2019-09-25,"Daren Sammy National Cricket Stadium, Gros Islet",2,4.1,Guyana Amazon Warriors,St Lucia Zouks,C Hemraj,BA King,GC Viljoen,2,0,,,,,,,,,
1185858,2019,2019-09-25,"Daren Sammy National Cricket Stadium, Gros Islet",2,4.2,Guyana Amazon Warriors,St Lucia Zouks,C Hemraj,BA King,GC Viljoen,0,0,,,,,,,,,
1185858,2019,2019-09-25,"Daren Sammy National Cricket Stadium, Gros Islet",2,4.3,Guyana Amazon Warriors,St Lucia Zouks,C Hemraj,BA King,GC Viljoen,0,0,,,,,,,,,
1185858,2019,2019-09-25,"Daren Sammy National Cricket Stadium, Gros Islet",2,4.4,Guyana Amazon Warriors,St Lucia Zouks,C Hemraj,BA King,GC Viljoen,6,0,,,,,,,,,
1185858,2019,2019-09-25,"Daren Sammy National Cricket Stadium, Gros Islet",2,4.5,Guyana Amazon Warriors,St Lucia Zouks,C Hemraj,BA King,GC Viljoen,2,0,,,,,,,,,
1185858,2019,2019-09-25,"Daren Sammy National Cricket Stadium, Gros Islet",2,4.6,Guyana Amazon Warriors,St Lucia Zouks,C Hemraj,BA King,GC Viljoen,0,0,,,,,,,,,
1185858,2019,2019-09-25,"Daren Sammy National Cricket Stadium, Gros Islet",2,5.1,Guyana Amazon Warriors,St Lucia Zouks,BA King,C Hemraj,Fawad Ahmed,0,0,,,,,,,,,
1185858,2019,2019-09-25,"Daren Sammy National Cricket Stadium, Gros Islet",2,5.2,Guyana Amazon Warriors,St Lucia Zouks,BA King,C Hemraj,Fawad Ahmed,1,0,,,,,,,,,
1185858,2019,2019-09-25,"Daren Sammy National Cricket Stadium, Gros Islet",2,5.3,Guyana Amazon Warriors,St Lucia Zouks,C Hemraj,BA King,Fawad Ahmed,4,0,,,,,,,,,
1185858,2019,2019-09-25,"Daren Sammy National Cricket Stadium, Gros Islet",2,5.4,Guyana Amazon Warriors,St Lucia Zouks,C Hemraj,BA King,Fawad Ahmed,0,0,,,,,,caught,C Hemraj,,
1185858,2019,2019-09-25,"Daren Sammy National Cricket Stadium, Gros Islet",2,5.5,Guyana Amazon Warriors,St Lucia Zouks,BA King,SO Hetmyer,Fawad Ahmed,1,0,,,,,,,,,
1185858,2019,2019-09-25,"Daren Sammy National Cricket Stadium, Gros Islet",2,5.6,Guyana Amazon Warriors,St Lucia Zouks,SO Hetmyer,BA King,Fawad Ahmed,4,0,,,,,,,,,
1185858,2019,2019-09-25,"Daren Sammy National Cricket Stadium, Gros Islet",2,6.1,Guyana Amazon Warriors,St Lucia Zouks,BA King,SO Hetmyer,J Royal,1,0,,,,,,,,,
1185858,2019,2019-09-25,"Daren Sammy National Cricket Stadium, Gros Islet",2,6.2,Guyana Amazon Warriors,St Lucia Zouks,SO Hetmyer,BA King,J Royal,1,0,,,,,,,,,
1185858,2019,2019-09-25,"Daren Sammy National Cricket Stadium, Gros Islet",2,6.3,Guyana Amazon Warriors,St Lucia Zouks,BA King,SO Hetmyer,J Royal,4,0,,,,,,,,,
1185858,2019,2019-09-25,"Daren Sammy National Cricket Stadium, Gros Islet",2,6.4,Guyana Amazon Warriors,St Lucia Zouks,BA King,SO Hetmyer,J Royal,6,0,,,,,,,,,
1185858,2019,2019-09-25,"Daren Sammy National Cricket Stadium, Gros Islet",2,6.5,Guyana Amazon Warriors,St Lucia Zouks,BA King,SO Hetmyer,J Royal,1,0,,,,,,,,,
1185858,2019,2019-09-25,"Daren Sammy National Cricket Stadium, Gros Islet",2,6.6,Guyana Amazon Warriors,St Lucia Zouks,SO Hetmyer,BA King,J Royal,0,0,,,,,,caught,SO Hetmyer,,
1185858,2019,2019-09-25,"Daren Sammy National Cricket Stadium, Gros Islet",2,7.1,Guyana Amazon Warriors,St Lucia Zouks,BA King,Shoaib Malik,Fawad Ahmed,0,0,,,,,,,,,
1185858,2019,2019-09-25,"Daren Sammy National Cricket Stadium, Gros Islet",2,7.2,Guyana Amazon Warriors,St Lucia Zouks,BA King,Shoaib Malik,Fawad Ahmed,1,0,,,,,,,,,
1185858,2019,2019-09-25,"Daren Sammy National Cricket Stadium, Gros Islet",2,7.3,Guyana Amazon Warriors,St Lucia Zouks,Shoaib Malik,BA King,Fawad Ahmed,1,0,,,,,,,,,
1185858,2019,2019-09-25,"Daren Sammy National Cricket Stadium, Gros Islet",2,7.4,Guyana Amazon Warriors,St Lucia Zouks,BA King,Shoaib Malik,Fawad Ahmed,0,0,,,,,,,,,
1185858,2019,2019-09-25,"Daren Sammy National Cricket Stadium, Gros Islet",2,7.5,Guyana Amazon Warriors,St Lucia Zouks,BA King,Shoaib Malik,Fawad Ahmed,0,0,,,,,,,,,
1185858,2019,2019-09-25,"Daren Sammy National Cricket Stadium, Gros Islet",2,7.6,Guyana Amazon Warriors,St Lucia Zouks,BA King,Shoaib Malik,Fawad Ahmed,1,0,,,,,,,,,
1185858,2019,2019-09-25,"Daren Sammy National Cricket Stadium, Gros Islet",2,8.1,Guyana Amazon Warriors,St Lucia Zouks,BA King,Shoaib Malik,GC Viljoen,1,0,,,,,,,,,
1185858,2019,2019-09-25,"Daren Sammy National Cricket Stadium, Gros Islet",2,8.2,Guyana Amazon Warriors,St Lucia Zouks,Shoaib Malik,BA King,GC Viljoen,0,0,,,,,,,,,
1185858,2019,2019-09-25,"Daren Sammy National Cricket Stadium, Gros Islet",2,8.3,Guyana Amazon Warriors,St Lucia Zouks,Shoaib Malik,BA King,GC Viljoen,1,0,,,,,,,,,
1185858,2019,2019-09-25,"Daren Sammy National Cricket Stadium, Gros Islet",2,8.4,Guyana Amazon Warriors,St Lucia Zouks,BA King,Shoaib Malik,GC Viljoen,1,0,,,,,,,,,
1185858,2019,2019-09-25,"Daren Sammy National Cricket Stadium, Gros Islet",2,8.5,Guyana Amazon Warriors,St Lucia Zouks,Shoaib Malik,BA King,GC Viljoen,1,0,,,,,,,,,
1185858,2019,2019-09-25,"Daren Sammy National Cricket Stadium, Gros Islet",2,8.6,Guyana Amazon Warriors,St Lucia Zouks,BA King,Shoaib Malik,GC Viljoen,1,0,,,,,,,,,
1185858,2019,2019-09-25,"Daren Sammy National Cricket Stadium, Gros Islet",2,9.1,Guyana Amazon Warriors,St Lucia Zouks,BA King,Shoaib Malik,KOK Williams,0,0,,,,,,,,,
1185858,2019,2019-09-25,"Daren Sammy National Cricket Stadium, Gros Islet",2,9.2,Guyana Amazon Warriors,St Lucia Zouks,BA King,Shoaib Malik,KOK Williams,1,0,,,,,,,,,
1185858,2019,2019-09-25,"Daren Sammy National Cricket Stadium, Gros Islet",2,9.3,Guyana Amazon Warriors,St Lucia Zouks,Shoaib Malik,BA King,KOK Williams,0,0,,,,,,,,,
1185858,2019,2019-09-25,"Daren Sammy National Cricket Stadium, Gros Islet",2,9.4,Guyana Amazon Warriors,St Lucia Zouks,Shoaib Malik,BA King,KOK Williams,1,0,,,,,,,,,
1185858,2019,2019-09-25,"Daren Sammy National Cricket Stadium, Gros Islet",2,9.5,Guyana Amazon Warriors,St Lucia Zouks,BA King,Shoaib Malik,KOK Williams,0,0,,,,,,,,,
1185858,2019,2019-09-25,"Daren Sammy National Cricket Stadium, Gros Islet",2,9.6,Guyana Amazon Warriors,St Lucia Zouks,BA King,Shoaib Malik,KOK Williams,1,0,,,,,,,,,
1185858,2019,2019-09-25,"Daren Sammy National Cricket Stadium, Gros Islet",2,10.1,Guyana Amazon Warriors,St Lucia Zouks,BA King,Shoaib Malik,C de Grandhomme,1,0,,,,,,,,,
1185858,2019,2019-09-25,"Daren Sammy National Cricket Stadium, Gros Islet",2,10.2,Guyana Amazon Warriors,St Lucia Zouks,Shoaib Malik,BA King,C de Grandhomme,1,0,,,,,,,,,
1185858,2019,2019-09-25,"Daren Sammy National Cricket Stadium, Gros Islet",2,10.3,Guyana Amazon Warriors,St Lucia Zouks,BA King,Shoaib Malik,C de Grandhomme,6,0,,,,,,,,,
1185858,2019,2019-09-25,"Daren Sammy National Cricket Stadium, Gros Islet",2,10.4,Guyana Amazon Warriors,St Lucia Zouks,BA King,Shoaib Malik,C de Grandhomme,1,0,,,,,,,,,
1185858,2019,2019-09-25,"Daren Sammy National Cricket Stadium, Gros Islet",2,10.5,Guyana Amazon Warriors,St Lucia Zouks,Shoaib Malik,BA King,C de Grandhomme,2,0,,,,,,,,,
1185858,2019,2019-09-25,"Daren Sammy National Cricket Stadium, Gros Islet",2,10.6,Guyana Amazon Warriors,St Lucia Zouks,Shoaib Malik,BA King,C de Grandhomme,0,0,,,,,,,,,
1185858,2019,2019-09-25,"Daren Sammy National Cricket Stadium, Gros Islet",2,11.1,Guyana Amazon Warriors,St Lucia Zouks,BA King,Shoaib Malik,CD Barnwell,6,0,,,,,,,,,
1185858,2019,2019-09-25,"Daren Sammy National Cricket Stadium, Gros Islet",2,11.2,Guyana Amazon Warriors,St Lucia Zouks,BA King,Shoaib Malik,CD Barnwell,6,0,,,,,,,,,
1185858,2019,2019-09-25,"Daren Sammy National Cricket Stadium, Gros Islet",2,11.3,Guyana Amazon Warriors,St Lucia Zouks,BA King,Shoaib Malik,CD Barnwell,4,0,,,,,,,,,
1185858,2019,2019-09-25,"Daren Sammy National Cricket Stadium, Gros Islet",2,11.4,Guyana Amazon Warriors,St Lucia Zouks,BA King,Shoaib Malik,CD Barnwell,0,0,,,,,,,,,
1185858,2019,2019-09-25,"Daren Sammy National Cricket Stadium, Gros Islet",2,11.5,Guyana Amazon Warriors,St Lucia Zouks,BA King,Shoaib Malik,CD Barnwell,1,0,,,,,,,,,
1185858,2019,2019-09-25,"Daren Sammy National Cricket Stadium, Gros Islet",2,11.6,Guyana Amazon Warriors,St Lucia Zouks,Shoaib Malik,BA King,CD Barnwell,4,0,,,,,,,,,
1185858,2019,2019-09-25,"Daren Sammy National Cricket Stadium, Gros Islet",2,12.1,Guyana Amazon Warriors,St Lucia Zouks,BA King,Shoaib Malik,GC Viljoen,1,0,,,,,,,,,
1185858,2019,2019-09-25,"Daren Sammy National Cricket Stadium, Gros Islet",2,12.2,Guyana Amazon Warriors,St Lucia Zouks,Shoaib Malik,BA King,GC Viljoen,0,0,,,,,,,,,
1185858,2019,2019-09-25,"Daren Sammy National Cricket Stadium, Gros Islet",2,12.3,Guyana Amazon Warriors,St Lucia Zouks,Shoaib Malik,BA King,GC Viljoen,4,0,,,,,,,,,
1185858,2019,2019-09-25,"Daren Sammy National Cricket Stadium, Gros Islet",2,12.4,Guyana Amazon Warriors,St Lucia Zouks,Shoaib Malik,BA King,GC Viljoen,4,0,,,,,,,,,
1185858,2019,2019-09-25,"Daren Sammy National Cricket Stadium, Gros Islet",2,12.5,Guyana Amazon Warriors,St Lucia Zouks,Shoaib Malik,BA King,GC Viljoen,0,0,,,,,,,,,
1185858,2019,2019-09-25,"Daren Sammy National Cricket Stadium, Gros Islet",2,12.6,Guyana Amazon Warriors,St Lucia Zouks,Shoaib Malik,BA King,GC Viljoen,1,0,,,,,,,,,
1185858,2019,2019-09-25,"Daren Sammy National Cricket Stadium, Gros Islet",2,13.1,Guyana Amazon Warriors,St Lucia Zouks,Shoaib Malik,BA King,Fawad Ahmed,1,0,,,,,,,,,
1185858,2019,2019-09-25,"Daren Sammy National Cricket Stadium, Gros Islet",2,13.2,Guyana Amazon Warriors,St Lucia Zouks,BA King,Shoaib Malik,Fawad Ahmed,1,0,,,,,,,,,
1185858,2019,2019-09-25,"Daren Sammy National Cricket Stadium, Gros Islet",2,13.3,Guyana Amazon Warriors,St Lucia Zouks,Shoaib Malik,BA King,Fawad Ahmed,1,0,,,,,,,,,
1185858,2019,2019-09-25,"Daren Sammy National Cricket Stadium, Gros Islet",2,13.4,Guyana Amazon Warriors,St Lucia Zouks,BA King,Shoaib Malik,Fawad Ahmed,1,0,,,,,,,,,
1185858,2019,2019-09-25,"Daren Sammy National Cricket Stadium, Gros Islet",2,13.5,Guyana Amazon Warriors,St Lucia Zouks,Shoaib Malik,BA King,Fawad Ahmed,1,0,,,,,,,,,
1185858,2019,2019-09-25,"Daren Sammy National Cricket Stadium, Gros Islet",2,13.6,Guyana Amazon Warriors,St Lucia Zouks,BA King,Shoaib Malik,Fawad Ahmed,1,0,,,,,,,,,
1185858,2019,2019-09-25,"Daren Sammy National Cricket Stadium, Gros Islet",2,14.1,Guyana Amazon Warriors,St Lucia Zouks,BA King,Shoaib Malik,KOK Williams,0,0,,,,,,,,,
1185858,2019,2019-09-25,"Daren Sammy National Cricket Stadium, Gros Islet",2,14.2,Guyana Amazon Warriors,St Lucia Zouks,BA King,Shoaib Malik,KOK Williams,1,0,,,,,,,,,
1185858,2019,2019-09-25,"Daren Sammy National Cricket Stadium, Gros Islet",2,14.3,Guyana Amazon Warriors,St Lucia Zouks,Shoaib Malik,BA King,KOK Williams,1,0,,,,,,,,,
1185858,2019,2019-09-25,"Daren Sammy National Cricket Stadium, Gros Islet",2,14.4,Guyana Amazon Warriors,St Lucia Zouks,BA King,Shoaib Malik,KOK Williams,1,0,,,,,,,,,
1185858,2019,2019-09-25,"Daren Sammy National Cricket Stadium, Gros Islet",2,14.5,Guyana Amazon Warriors,St Lucia Zouks,Shoaib Malik,BA King,KOK Williams,1,0,,,,,,,,,
1185858,2019,2019-09-25,"Daren Sammy National Cricket Stadium, Gros Islet",2,14.6,Guyana Amazon Warriors,St Lucia Zouks,BA King,Shoaib Malik,KOK Williams,0,1,,,,1,,,,,
1185858,2019,2019-09-25,"Daren Sammy National Cricket Stadium, Gros Islet",2,15.1,Guyana Amazon Warriors,St Lucia Zouks,BA King,Shoaib Malik,Fawad Ahmed,1,0,,,,,,,,,
1185858,2019,2019-09-25,"Daren Sammy National Cricket Stadium, Gros Islet",2,15.2,Guyana Amazon Warriors,St Lucia Zouks,Shoaib Malik,BA King,Fawad Ahmed,0,0,,,,,,,,,
1185858,2019,2019-09-25,"Daren Sammy National Cricket Stadium, Gros Islet",2,15.3,Guyana Amazon Warriors,St Lucia Zouks,Shoaib Malik,BA King,Fawad Ahmed,1,0,,,,,,,,,
1185858,2019,2019-09-25,"Daren Sammy National Cricket Stadium, Gros Islet",2,15.4,Guyana Amazon Warriors,St Lucia Zouks,BA King,Shoaib Malik,Fawad Ahmed,2,0,,,,,,,,,
1185858,2019,2019-09-25,"Daren Sammy National Cricket Stadium, Gros Islet",2,15.5,Guyana Amazon Warriors,St Lucia Zouks,BA King,Shoaib Malik,Fawad Ahmed,1,0,,,,,,,,,
1185858,2019,2019-09-25,"Daren Sammy National Cricket Stadium, Gros Islet",2,15.6,Guyana Amazon Warriors,St Lucia Zouks,Shoaib Malik,BA King,Fawad Ahmed,0,0,,,,,,,,,
1185858,2019,2019-09-25,"Daren Sammy National Cricket Stadium, Gros Islet",2,16.1,Guyana Amazon Warriors,St Lucia Zouks,BA King,Shoaib Malik,GC Viljoen,6,0,,,,,,,,,
1185858,2019,2019-09-25,"Daren Sammy National Cricket Stadium, Gros Islet",2,16.2,Guyana Amazon Warriors,St Lucia Zouks,BA King,Shoaib Malik,GC Viljoen,1,0,,,,,,,,,
1185858,2019,2019-09-25,"Daren Sammy National Cricket Stadium, Gros Islet",2,16.3,Guyana Amazon Warriors,St Lucia Zouks,Shoaib Malik,BA King,GC Viljoen,1,0,,,,,,,,,
1185858,2019,2019-09-25,"Daren Sammy National Cricket Stadium, Gros Islet",2,16.4,Guyana Amazon Warriors,St Lucia Zouks,BA King,Shoaib Malik,GC Viljoen,2,0,,,,,,,,,
1185858,2019,2019-09-25,"Daren Sammy National Cricket Stadium, Gros Islet",2,16.5,Guyana Amazon Warriors,St Lucia Zouks,BA King,Shoaib Malik,GC Viljoen,2,0,,,,,,,,,
1185858,2019,2019-09-25,"Daren Sammy National Cricket Stadium, Gros Islet",2,16.6,Guyana Amazon Warriors,St Lucia Zouks,BA King,Shoaib Malik,GC Viljoen,1,0,,,,,,,,,
1185858,2019,2019-09-25,"Daren Sammy National Cricket Stadium, Gros Islet",2,17.1,Guyana Amazon Warriors,St Lucia Zouks,BA King,Shoaib Malik,KOK Williams,0,0,,,,,,,,,
1185858,2019,2019-09-25,"Daren Sammy National Cricket Stadium, Gros Islet",2,17.2,Guyana Amazon Warriors,St Lucia Zouks,BA King,Shoaib Malik,KOK Williams,1,0,,,,,,,,,
1185858,2019,2019-09-25,"Daren Sammy National Cricket Stadium, Gros Islet",2,17.3,Guyana Amazon Warriors,St Lucia Zouks,Shoaib Malik,BA King,KOK Williams,1,0,,,,,,,,,
1185858,2019,2019-09-25,"Daren Sammy National Cricket Stadium, Gros Islet",2,17.4,Guyana Amazon Warriors,St Lucia Zouks,BA King,Shoaib Malik,KOK Williams,0,2,2,,,,,,,,
1185858,2019,2019-09-25,"Daren Sammy National Cricket Stadium, Gros Islet",2,17.5,Guyana Amazon Warriors,St Lucia Zouks,Shoaib Malik,BA King,KOK Williams,0,1,1,,,,,,,,
1185858,2019,2019-09-25,"Daren Sammy National Cricket Stadium, Gros Islet",2,17.6,Guyana Amazon Warriors,St Lucia Zouks,Shoaib Malik,BA King,KOK Williams,0,1,1,,,,,,,,
1185858,2019,2019-09-25,"Daren Sammy National Cricket Stadium, Gros Islet",2,17.7,Guyana Amazon Warriors,St Lucia Zouks,Shoaib Malik,BA King,KOK Williams,0,0,,,,,,,,,
1185858,2019,2019-09-25,"Daren Sammy National Cricket Stadium, Gros Islet",2,17.8,Guyana Amazon Warriors,St Lucia Zouks,Shoaib Malik,BA King,KOK Williams,1,0,,,,,,,,,
1185858,2019,2019-09-25,"Daren Sammy National Cricket Stadium, Gros Islet",2,17.9,Guyana Amazon Warriors,St Lucia Zouks,BA King,Shoaib Malik,KOK Williams,1,0,,,,,,,,,
1185858,2019,2019-09-25,"Daren Sammy National Cricket Stadium, Gros Islet",2,18.1,Guyana Amazon Warriors,St Lucia Zouks,BA King,Shoaib Malik,J Royal,1,0,,,,,,,,,
1185858,2019,2019-09-25,"Daren Sammy National Cricket Stadium, Gros Islet",2,18.2,Guyana Amazon Warriors,St Lucia Zouks,Shoaib Malik,BA King,J Royal,1,0,,,,,,,,,
