match_id,season,start_date,venue,innings,ball,batting_team,bowling_team,striker,non_striker,bowler,runs_off_bat,extras,wides,noballs,byes,legbyes,penalty,wicket_type,player_dismissed,other_wicket_type,other_player_dismissed
1185862,2019,2019-09-29,"Kensington Oval, Bridgetown",1,0.1,Barbados Tridents,St Lucia Zouks,J Charles,AD Hales,K Santokie,0,0,,,,,,,,,
1185862,2019,2019-09-29,"Kensington Oval, Bridgetown",1,0.2,Barbados Tridents,St Lucia Zouks,J Charles,AD Hales,K Santokie,1,0,,,,,,,,,
1185862,2019,2019-09-29,"Kensington Oval, Bridgetown",1,0.3,Barbados Tridents,St Lucia Zouks,AD Hales,J Charles,K Santokie,0,0,,,,,,,,,
1185862,2019,2019-09-29,"Kensington Oval, Bridgetown",1,0.4,Barbados Tridents,St Lucia Zouks,AD Hales,J Charles,K Santokie,0,0,,,,,,,,,
1185862,2019,2019-09-29,"Kensington Oval, Bridgetown",1,0.5,Barbados Tridents,St Lucia Zouks,AD Hales,J Charles,K Santokie,0,0,,,,,,,,,
1185862,2019,2019-09-29,"Kensington Oval, Bridgetown",1,0.6,Barbados Tridents,St Lucia Zouks,AD Hales,J Charles,K Santokie,0,0,,,,,,caught,AD Hales,,
1185862,2019,2019-09-29,"Kensington Oval, Bridgetown",1,1.1,Barbados Tridents,St Lucia Zouks,Shakib Al Hasan,J Charles,RRS Cornwall,0,0,,,,,,,,,
1185862,2019,2019-09-29,"Kensington Oval, Bridgetown",1,1.2,Barbados Tridents,St Lucia Zouks,Shakib Al Hasan,J Charles,RRS Cornwall,0,1,1,,,,,,,,
1185862,2019,2019-09-29,"Kensington Oval, Bridgetown",1,1.3,Barbados Tridents,St Lucia Zouks,Shakib Al Hasan,J Charles,RRS Cornwall,0,0,,,,,,,,,
1185862,2019,2019-09-29,"Kensington Oval, Bridgetown",1,1.4,Barbados Tridents,St Lucia Zouks,Shakib Al Hasan,J Charles,RRS Cornwall,0,0,,,,,,,,,
1185862,2019,2019-09-29,"Kensington Oval, Bridgetown",1,1.5,Barbados Tridents,St Lucia Zouks,Shakib Al Hasan,J Charles,RRS Cornwall,2,0,,,,,,,,,
1185862,2019,2019-09-29,"Kensington Oval, Bridgetown",1,1.6,Barbados Tridents,St Lucia Zouks,Shakib Al Hasan,J Charles,RRS Cornwall,1,0,,,,,,,,,
1185862,2019,2019-09-29,"Kensington Oval, Bridgetown",1,1.7,Barbados Tridents,St Lucia Zouks,J Charles,Shakib Al Hasan,RRS Cornwall,0,0,,,,,,,,,
1185862,2019,2019-09-29,"Kensington Oval, Bridgetown",1,2.1,Barbados Tridents,St Lucia Zouks,Shakib Al Hasan,J Charles,K Santokie,0,0,,,,,,,,,
1185862,2019,2019-09-29,"Kensington Oval, Bridgetown",1,2.2,Barbados Tridents,St Lucia Zouks,Shakib Al Hasan,J Charles,K Santokie,1,0,,,,,,,,,
1185862,2019,2019-09-29,"Kensington Oval, Bridgetown",1,2.3,Barbados Tridents,St Lucia Zouks,J Charles,Shakib Al Hasan,K Santokie,4,0,,,,,,,,,
1185862,2019,2019-09-29,"Kensington Oval, Bridgetown",1,2.4,Barbados Tridents,St Lucia Zouks,J Charles,Shakib Al Hasan,K Santokie,0,0,,,,,,,,,
1185862,2019,2019-09-29,"Kensington Oval, Bridgetown",1,2.5,Barbados Tridents,St Lucia Zouks,J Charles,Shakib Al Hasan,K Santokie,0,0,,,,,,,,,
1185862,2019,2019-09-29,"Kensington Oval, Bridgetown",1,2.6,Barbados Tridents,St Lucia Zouks,J Charles,Shakib Al Hasan,K Santokie,2,0,,,,,,,,,
1185862,2019,2019-09-29,"Kensington Oval, Bridgetown",1,3.1,Barbados Tridents,St Lucia Zouks,Shakib Al Hasan,J Charles,RRS Cornwall,1,0,,,,,,,,,
1185862,2019,2019-09-29,"Kensington Oval, Bridgetown",1,3.2,Barbados Tridents,St Lucia Zouks,J Charles,Shakib Al Hasan,RRS Cornwall,0,0,,,,,,,,,
1185862,2019,2019-09-29,"Kensington Oval, Bridgetown",1,3.3,Barbados Tridents,St Lucia Zouks,J Charles,Shakib Al Hasan,RRS Cornwall,0,0,,,,,,,,,
1185862,2019,2019-09-29,"Kensington Oval, Bridgetown",1,3.4,Barbados Tridents,St Lucia Zouks,J Charles,Shakib Al Hasan,RRS Cornwall,6,0,,,,,,,,,
1185862,2019,2019-09-29,"Kensington Oval, Bridgetown",1,3.5,Barbados Tridents,St Lucia Zouks,J Charles,Shakib Al Hasan,RRS Cornwall,4,0,,,,,,,,,
1185862,2019,2019-09-29,"Kensington Oval, Bridgetown",1,3.6,Barbados Tridents,St Lucia Zouks,J Charles,Shakib Al Hasan,RRS Cornwall,4,0,,,,,,,,,
1185862,2019,2019-09-29,"Kensington Oval, Bridgetown",1,4.1,Barbados Tridents,St Lucia Zouks,Shakib Al Hasan,J Charles,KOK Williams,1,0,,,,,,,,,
1185862,2019,2019-09-29,"Kensington Oval, Bridgetown",1,4.2,Barbados Tridents,St Lucia Zouks,J Charles,Shakib Al Hasan,KOK Williams,2,0,,,,,,,,,
1185862,2019,2019-09-29,"Kensington Oval, Bridgetown",1,4.3,Barbados Tridents,St Lucia Zouks,J Charles,Shakib Al Hasan,KOK Williams,4,0,,,,,,,,,
1185862,2019,2019-09-29,"Kensington Oval, Bridgetown",1,4.4,Barbados Tridents,St Lucia Zouks,J Charles,Shakib Al Hasan,KOK Williams,0,0,,,,,,,,,
1185862,2019,2019-09-29,"Kensington Oval, Bridgetown",1,4.5,Barbados Tridents,St Lucia Zouks,J Charles,Shakib Al Hasan,KOK Williams,1,0,,,,,,,,,
1185862,2019,2019-09-29,"Kensington Oval, Bridgetown",1,4.6,Barbados Tridents,St Lucia Zouks,Shakib Al Hasan,J Charles,KOK Williams,0,0,,,,,,,,,
1185862,2019,2019-09-29,"Kensington Oval, Bridgetown",1,5.1,Barbados Tridents,St Lucia Zouks,J Charles,Shakib Al Hasan,GC Viljoen,0,0,,,,,,,,,
1185862,2019,2019-09-29,"Kensington Oval, Bridgetown",1,5.2,Barbados Tridents,St Lucia Zouks,J Charles,Shakib Al Hasan,GC Viljoen,2,0,,,,,,,,,
1185862,2019,2019-09-29,"Kensington Oval, Bridgetown",1,5.3,Barbados Tridents,St Lucia Zouks,J Charles,Shakib Al Hasan,GC Viljoen,6,0,,,,,,,,,
1185862,2019,2019-09-29,"Kensington Oval, Bridgetown",1,5.4,Barbados Tridents,St Lucia Zouks,J Charles,Shakib Al Hasan,GC Viljoen,0,0,,,,,,,,,
1185862,2019,2019-09-29,"Kensington Oval, Bridgetown",1,5.5,Barbados Tridents,St Lucia Zouks,J Charles,Shakib Al Hasan,GC Viljoen,1,0,,,,,,,,,
1185862,2019,2019-09-29,"Kensington Oval, Bridgetown",1,5.6,Barbados Tridents,St Lucia Zouks,Shakib Al Hasan,J Charles,GC Viljoen,4,0,,,,,,,,,
1185862,2019,2019-09-29,"Kensington Oval, Bridgetown",1,6.1,Barbados Tridents,St Lucia Zouks,J Charles,Shakib Al Hasan,Fawad Ahmed,1,0,,,,,,,,,
1185862,2019,2019-09-29,"Kensington Oval, Bridgetown",1,6.2,Barbados Tridents,St Lucia Zouks,Shakib Al Hasan,J Charles,Fawad Ahmed,2,0,,,,,,,,,
1185862,2019,2019-09-29,"Kensington Oval, Bridgetown",1,6.3,Barbados Tridents,St Lucia Zouks,Shakib Al Hasan,J Charles,Fawad Ahmed,1,0,,,,,,,,,
1185862,2019,2019-09-29,"Kensington Oval, Bridgetown",1,6.4,Barbados Tridents,St Lucia Zouks,J Charles,Shakib Al Hasan,Fawad Ahmed,1,0,,,,,,,,,
1185862,2019,2019-09-29,"Kensington Oval, Bridgetown",1,6.5,Barbados Tridents,St Lucia Zouks,Shakib Al Hasan,J Charles,Fawad Ahmed,0,0,,,,,,,,,
1185862,2019,2019-09-29,"Kensington Oval, Bridgetown",1,6.6,Barbados Tridents,St Lucia Zouks,Shakib Al Hasan,J Charles,Fawad Ahmed,1,0,,,,,,,,,
1185862,2019,2019-09-29,"Kensington Oval, Bridgetown",1,7.1,Barbados Tridents,St Lucia Zouks,Shakib Al Hasan,J Charles,J Royal,1,0,,,,,,,,,
1185862,2019,2019-09-29,"Kensington Oval, Bridgetown",1,7.2,Barbados Tridents,St Lucia Zouks,J Charles,Shakib Al Hasan,J Royal,1,0,,,,,,,,,
1185862,2019,2019-09-29,"Kensington Oval, Bridgetown",1,7.3,Barbados Tridents,St Lucia Zouks,Shakib Al Hasan,J Charles,J Royal,4,0,,,,,,,,,
1185862,2019,2019-09-29,"Kensington Oval, Bridgetown",1,7.4,Barbados Tridents,St Lucia Zouks,Shakib Al Hasan,J Charles,J Royal,2,0,,,,,,,,,
1185862,2019,2019-09-29,"Kensington Oval, Bridgetown",1,7.5,Barbados Tridents,St Lucia Zouks,Shakib Al Hasan,J Charles,J Royal,1,0,,,,,,,,,
1185862,2019,2019-09-29,"Kensington Oval, Bridgetown",1,7.6,Barbados Tridents,St Lucia Zouks,J Charles,Shakib Al Hasan,J Royal,0,0,,,,,,,,,
1185862,2019,2019-09-29,"Kensington Oval, Bridgetown",1,8.1,Barbados Tridents,St Lucia Zouks,Shakib Al Hasan,J Charles,Fawad Ahmed,0,0,,,,,,,,,
1185862,2019,2019-09-29,"Kensington Oval, Bridgetown",1,8.2,Barbados Tridents,St Lucia Zouks,Shakib Al Hasan,J Charles,Fawad Ahmed,0,0,,,,,,caught,Shakib Al Hasan,,
1185862,2019,2019-09-29,"Kensington Oval, Bridgetown",1,8.3,Barbados Tridents,St Lucia Zouks,JP Duminy,J Charles,Fawad Ahmed,0,0,,,,,,,,,
1185862,2019,2019-09-29,"Kensington Oval, Bridgetown",1,8.4,Barbados Tridents,St Lucia Zouks,JP Duminy,J Charles,Fawad Ahmed,1,0,,,,,,,,,
1185862,2019,2019-09-29,"Kensington Oval, Bridgetown",1,8.5,Barbados Tridents,St Lucia Zouks,J Charles,JP Duminy,Fawad Ahmed,0,0,,,,,,,,,
1185862,2019,2019-09-29,"Kensington Oval, Bridgetown",1,8.6,Barbados Tridents,St Lucia Zouks,J Charles,JP Duminy,Fawad Ahmed,0,1,1,,,,,,,,
1185862,2019,2019-09-29,"Kensington Oval, Bridgetown",1,8.7,Barbados Tridents,St Lucia Zouks,J Charles,JP Duminy,Fawad Ahmed,1,0,,,,,,,,,
1185862,2019,2019-09-29,"Kensington Oval, Bridgetown",1,9.1,Barbados Tridents,St Lucia Zouks,J Charles,JP Duminy,RRS Cornwall,1,0,,,,,,,,,
1185862,2019,2019-09-29,"Kensington Oval, Bridgetown",1,9.2,Barbados Tridents,St Lucia Zouks,JP Duminy,J Charles,RRS Cornwall,1,0,,,,,,,,,
1185862,2019,2019-09-29,"Kensington Oval, Bridgetown",1,9.3,Barbados Tridents,St Lucia Zouks,J Charles,JP Duminy,RRS Cornwall,2,0,,,,,,,,,
1185862,2019,2019-09-29,"Kensington Oval, Bridgetown",1,9.4,Barbados Tridents,St Lucia Zouks,J Charles,JP Duminy,RRS Cornwall,0,0,,,,,,,,,
1185862,2019,2019-09-29,"Kensington Oval, Bridgetown",1,9.5,Barbados Tridents,St Lucia Zouks,J Charles,JP Duminy,RRS Cornwall,1,0,,,,,,,,,
1185862,2019,2019-09-29,"Kensington Oval, Bridgetown",1,9.6,Barbados Tridents,St Lucia Zouks,JP Duminy,J Charles,RRS Cornwall,0,0,,,,,,,,,
1185862,2019,2019-09-29,"Kensington Oval, Bridgetown",1,10.1,Barbados Tridents,St Lucia Zouks,J Charles,JP Duminy,Fawad Ahmed,0,3,3,,,,,,,,
1185862,2019,2019-09-29,"Kensington Oval, Bridgetown",1,10.2,Barbados Tridents,St Lucia Zouks,J Charles,JP Duminy,Fawad Ahmed,1,0,,,,,,,,,
1185862,2019,2019-09-29,"Kensington Oval, Bridgetown",1,10.3,Barbados Tridents,St Lucia Zouks,JP Duminy,J Charles,Fawad Ahmed,2,0,,,,,,,,,
1185862,2019,2019-09-29,"Kensington Oval, Bridgetown",1,10.4,Barbados Tridents,St Lucia Zouks,JP Duminy,J Charles,Fawad Ahmed,1,0,,,,,,,,,
1185862,2019,2019-09-29,"Kensington Oval, Bridgetown",1,10.5,Barbados Tridents,St Lucia Zouks,J Charles,JP Duminy,Fawad Ahmed,0,0,,,,,,,,,
1185862,2019,2019-09-29,"Kensington Oval, Bridgetown",1,10.6,Barbados Tridents,St Lucia Zouks,J Charles,JP Duminy,Fawad Ahmed,1,0,,,,,,,,,
1185862,2019,2019-09-29,"Kensington Oval, Bridgetown",1,10.7,Barbados Tridents,St Lucia Zouks,JP Duminy,J Charles,Fawad Ahmed,1,0,,,,,,,,,
1185862,2019,2019-09-29,"Kensington Oval, Bridgetown",1,11.1,Barbados Tridents,St Lucia Zouks,JP Duminy,J Charles,GC Viljoen,1,0,,,,,,,,,
1185862,2019,2019-09-29,"Kensington Oval, Bridgetown",1,11.2,Barbados Tridents,St Lucia Zouks,J Charles,JP Duminy,GC Viljoen,0,0,,,,,,,,,
1185862,2019,2019-09-29,"Kensington Oval, Bridgetown",1,11.3,Barbados Tridents,St Lucia Zouks,J Charles,JP Duminy,GC Viljoen,0,0,,,,,,bowled,J Charles,,
1185862,2019,2019-09-29,"Kensington Oval, Bridgetown",1,11.4,Barbados Tridents,St Lucia Zouks,JP Greaves,JP Duminy,GC Viljoen,0,0,,,,,,,,,
1185862,2019,2019-09-29,"Kensington Oval, Bridgetown",1,11.5,Barbados Tridents,St Lucia Zouks,JP Greaves,JP Duminy,GC Viljoen,0,1,1,,,,,,,,
1185862,2019,2019-09-29,"Kensington Oval, Bridgetown",1,11.6,Barbados Tridents,St Lucia Zouks,JP Greaves,JP Duminy,GC Viljoen,4,0,,,,,,,,,
1185862,2019,2019-09-29,"Kensington Oval, Bridgetown",1,11.7,Barbados Tridents,St Lucia Zouks,JP Greaves,JP Duminy,GC Viljoen,1,0,,,,,,,,,
1185862,2019,2019-09-29,"Kensington Oval, Bridgetown",1,12.1,Barbados Tridents,St Lucia Zouks,JP Greaves,JP Duminy,KOK Williams,0,1,1,,,,,,,,
1185862,2019,2019-09-29,"Kensington Oval, Bridgetown",1,12.2,Barbados Tridents,St Lucia Zouks,JP Greaves,JP Duminy,KOK Williams,1,0,,,,,,,,,
1185862,2019,2019-09-29,"Kensington Oval, Bridgetown",1,12.3,Barbados Tridents,St Lucia Zouks,JP Duminy,JP Greaves,KOK Williams,1,0,,,,,,,,,
1185862,2019,2019-09-29,"Kensington Oval, Bridgetown",1,12.4,Barbados Tridents,St Lucia Zouks,JP Greaves,JP Duminy,KOK Williams,0,0,,,,,,,,,
1185862,2019,2019-09-29,"Kensington Oval, Bridgetown",1,12.5,Barbados Tridents,St Lucia Zouks,JP Greaves,JP Duminy,KOK Williams,0,0,,,,,,,,,
1185862,2019,2019-09-29,"Kensington Oval, Bridgetown",1,12.6,Barbados Tridents,St Lucia Zouks,JP Greaves,JP Duminy,KOK Williams,1,0,,,,,,,,,
1185862,2019,2019-09-29,"Kensington Oval, Bridgetown",1,12.7,Barbados Tridents,St Lucia Zouks,JP Duminy,JP Greaves,KOK Williams,0,0,,,,,,,,,
1185862,2019,2019-09-29,"Kensington Oval, Bridgetown",1,13.1,Barbados Tridents,St Lucia Zouks,JP Greaves,JP Duminy,GC Viljoen,1,0,,,,,,,,,
1185862,2019,2019-09-29,"Kensington Oval, Bridgetown",1,13.2,Barbados Tridents,St Lucia Zouks,JP Duminy,JP Greaves,GC Viljoen,0,0,,,,,,,,,
1185862,2019,2019-09-29,"Kensington Oval, Bridgetown",1,13.3,Barbados Tridents,St Lucia Zouks,JP Duminy,JP Greaves,GC Viljoen,1,0,,,,,,,,,
1185862,2019,2019-09-29,"Kensington Oval, Bridgetown",1,13.4,Barbados Tridents,St Lucia Zouks,JP Greaves,JP Duminy,GC Viljoen,0,0,,,,,,,,,
1185862,2019,2019-09-29,"Kensington Oval, Bridgetown",1,13.5,Barbados Tridents,St Lucia Zouks,JP Greaves,JP Duminy,GC Viljoen,0,0,,,,,,,,,
1185862,2019,2019-09-29,"Kensington Oval, Bridgetown",1,13.6,Barbados Tridents,St Lucia Zouks,JP Greaves,JP Duminy,GC Viljoen,2,0,,,,,,,,,
1185862,2019,2019-09-29,"Kensington Oval, Bridgetown",1,14.1,Barbados Tridents,St Lucia Zouks,JP Duminy,JP Greaves,Fawad Ahmed,0,0,,,,,,,,,
1185862,2019,2019-09-29,"Kensington Oval, Bridgetown",1,14.2,Barbados Tridents,St Lucia Zouks,JP Duminy,JP Greaves,Fawad Ahmed,0,0,,,,,,,,,
1185862,2019,2019-09-29,"Kensington Oval, Bridgetown",1,14.3,Barbados Tridents,St Lucia Zouks,JP Duminy,JP Greaves,Fawad Ahmed,1,0,,,,,,,,,
1185862,2019,2019-09-29,"Kensington Oval, Bridgetown",1,14.4,Barbados Tridents,St Lucia Zouks,JP Greaves,JP Duminy,Fawad Ahmed,1,0,,,,,,,,,
1185862,2019,2019-09-29,"Kensington Oval, Bridgetown",1,14.5,Barbados Tridents,St Lucia Zouks,JP Duminy,JP Greaves,Fawad Ahmed,1,0,,,,,,,,,
1185862,2019,2019-09-29,"Kensington Oval, Bridgetown",1,14.6,Barbados Tridents,St Lucia Zouks,JP Greaves,JP Duminy,Fawad Ahmed,2,0,,,,,,,,,
1185862,2019,2019-09-29,"Kensington Oval, Bridgetown",1,15.1,Barbados Tridents,St Lucia Zouks,JP Duminy,JP Greaves,K Santokie,1,0,,,,,,,,,
1185862,2019,2019-09-29,"Kensington Oval, Bridgetown",1,15.2,Barbados Tridents,St Lucia Zouks,JP Greaves,JP Duminy,K Santokie,1,0,,,,,,,,,
1185862,2019,2019-09-29,"Kensington Oval, Bridgetown",1,15.3,Barbados Tridents,St Lucia Zouks,JP Duminy,JP Greaves,K Santokie,1,0,,,,,,,,,
1185862,2019,2019-09-29,"Kensington Oval, Bridgetown",1,15.4,Barbados Tridents,St Lucia Zouks,JP Greaves,JP Duminy,K Santokie,1,0,,,,,,,,,
1185862,2019,2019-09-29,"Kensington Oval, Bridgetown",1,15.5,Barbados Tridents,St Lucia Zouks,JP Duminy,JP Greaves,K Santokie,0,0,,,,,,caught,JP Duminy,,
1185862,2019,2019-09-29,"Kensington Oval, Bridgetown",1,15.6,Barbados Tridents,St Lucia Zouks,RA Reifer,JP Greaves,K Santokie,2,0,,,,,,,,,
1185862,2019,2019-09-29,"Kensington Oval, Bridgetown",1,16.1,Barbados Tridents,St Lucia Zouks,JP Greaves,RA Reifer,KOK Williams,0,0,,,,,,,,,
1185862,2019,2019-09-29,"Kensington Oval, Bridgetown",1,16.2,Barbados Tridents,St Lucia Zouks,JP Greaves,RA Reifer,KOK Williams,1,0,,,,,,,,,
1185862,2019,2019-09-29,"Kensington Oval, Bridgetown",1,16.3,Barbados Tridents,St Lucia Zouks,RA Reifer,JP Greaves,KOK Williams,0,1,1,,,,,,,,
1185862,2019,2019-09-29,"Kensington Oval, Bridgetown",1,16.4,Barbados Tridents,St Lucia Zouks,RA Reifer,JP Greaves,KOK Williams,1,0,,,,,,,,,
1185862,2019,2019-09-29,"Kensington Oval, Bridgetown",1,16.5,Barbados Tridents,St Lucia Zouks,JP Greaves,RA Reifer,KOK Williams,2,0,,,,,,,,,
1185862,2019,2019-09-29,"Kensington Oval, Bridgetown",1,16.6,Barbados Tridents,St Lucia Zouks,JP Greaves,RA Reifer,KOK Williams,2,0,,,,,,,,,
1185862,2019,2019-09-29,"Kensington Oval, Bridgetown",1,16.7,Barbados Tridents,St Lucia Zouks,JP Greaves,RA Reifer,KOK Williams,1,0,,,,,,,,,
1185862,2019,2019-09-29,"Kensington Oval, Bridgetown",1,17.1,Barbados Tridents,St Lucia Zouks,JP Greaves,RA Reifer,GC Viljoen,1,0,,,,,,,,,
1185862,2019,2019-09-29,"Kensington Oval, Bridgetown",1,17.2,Barbados Tridents,St Lucia Zouks,RA Reifer,JP Greaves,GC Viljoen,0,0,,,,,,caught,RA Reifer,,
1185862,2019,2019-09-29,"Kensington Oval, Bridgetown",1,17.3,Barbados Tridents,St Lucia Zouks,JP Greaves,JL Carter,GC Viljoen,0,0,,,,,,,,,
1185862,2019,2019-09-29,"Kensington Oval, Bridgetown",1,17.4,Barbados Tridents,St Lucia Zouks,JP Greaves,JL Carter,GC Viljoen,0,1,1,,,,,,,,
1185862,2019,2019-09-29,"Kensington Oval, Bridgetown",1,17.5,Barbados Tridents,St Lucia Zouks,JP Greaves,JL Carter,GC Viljoen,0,1,,,,1,,,,,
1185862,2019,2019-09-29,"Kensington Oval, Bridgetown",1,17.6,Barbados Tridents,St Lucia Zouks,JL Carter,JP Greaves,GC Viljoen,0,0,,,,,,,,,
1185862,2019,2019-09-29,"Kensington Oval, Bridgetown",1,17.7,Barbados Tridents,St Lucia Zouks,JL Carter,JP Greaves,GC Viljoen,0,0,,,,,,,,,
1185862,2019,2019-09-29,"Kensington Oval, Bridgetown",1,18.1,Barbados Tridents,St Lucia Zouks,JP Greaves,JL Carter,KOK Williams,4,0,,,,,,,,,
1185862,2019,2019-09-29,"Kensington Oval, Bridgetown",1,18.2,Barbados Tridents,St Lucia Zouks,JP Greaves,JL Carter,KOK Williams,0,1,,,1,,,,,,
1185862,2019,2019-09-29,"Kensington Oval, Bridgetown",1,18.3,Barbados Tridents,St Lucia Zouks,JL Carter,JP Greaves,KOK Williams,4,0,,,,,,,,,
1185862,2019,2019-09-29,"Kensington Oval, Bridgetown",1,18.4,Barbados Tridents,St Lucia Zouks,JL Carter,JP Greaves,KOK Williams,0,1,,,1,,,,,,
1185862,2019,2019-09-29,"Kensington Oval, Bridgetown",1,18.5,Barbados Tridents,St Lucia Zouks,JP Greaves,JL Carter,KOK Williams,0,1,,1,,,,,,,
1185862,2019,2019-09-29,"Kensington Oval, Bridgetown",1,18.6,Barbados Tridents,St Lucia Zouks,JP Greaves,JL Carter,KOK Williams,1,0,,,,,,,,,
1185862,2019,2019-09-29,"Kensington Oval, Bridgetown",1,18.7,Barbados Tridents,St Lucia Zouks,JL Carter,JP Greaves,KOK Williams,0,0,,,,,,,,,
1185862,2019,2019-09-29,"Kensington Oval, Bridgetown",1,19.1,Barbados Tridents,St Lucia Zouks,JP Greaves,JL Carter,K Santokie,0,1,,,1,,,,,,
1185862,2019,2019-09-29,"Kensington Oval, Bridgetown",1,19.2,Barbados Tridents,St Lucia Zouks,JL Carter,JP Greaves,K Santokie,2,0,,,,,,,,,
1185862,2019,2019-09-29,"Kensington Oval, Bridgetown",1,19.3,Barbados Tridents,St Lucia Zouks,JL Carter,JP Greaves,K Santokie,1,0,,,,,,run out,JL Carter,,
1185862,2019,2019-09-29,"Kensington Oval, Bridgetown",1,19.4,Barbados Tridents,St Lucia Zouks,AR Nurse,JP Greaves,K Santokie,0,0,,,,,,,,,
1185862,2019,2019-09-29,"Kensington Oval, Bridgetown",1,19.5,Barbados Tridents,St Lucia Zouks,AR Nurse,JP Greaves,K Santokie,2,0,,,,,,,,,
1185862,2019,2019-09-29,"Kensington Oval, Bridgetown",1,19.6,Barbados Tridents,St Lucia Zouks,AR Nurse,JP Greaves,K Santokie,6,0,,,,,,,,,
1185862,2019,2019-09-29,"Kensington Oval, Bridgetown",2,0.1,St Lucia Zouks,Barbados Tridents,ADS Fletcher,RRS Cornwall,Shakib Al Hasan,1,0,,,,,,,,,
1185862,2019,2019-09-29,"Kensington Oval, Bridgetown",2,0.2,St Lucia Zouks,Barbados Tridents,RRS Cornwall,ADS Fletcher,Shakib Al Hasan,1,0,,,,,,,,,
1185862,2019,2019-09-29,"Kensington Oval, Bridgetown",2,0.3,St Lucia Zouks,Barbados Tridents,ADS Fletcher,RRS Cornwall,Shakib Al Hasan,0,0,,,,,,,,,
1185862,2019,2019-09-29,"Kensington Oval, Bridgetown",2,0.4,St Lucia Zouks,Barbados Tridents,ADS Fletcher,RRS Cornwall,Shakib Al Hasan,1,0,,,,,,,,,
1185862,2019,2019-09-29,"Kensington Oval, Bridgetown",2,0.5,St Lucia Zouks,Barbados Tridents,RRS Cornwall,ADS Fletcher,Shakib Al Hasan,0,0,,,,,,,,,
1185862,2019,2019-09-29,"Kensington Oval, Bridgetown",2,0.6,St Lucia Zouks,Barbados Tridents,RRS Cornwall,ADS Fletcher,Shakib Al Hasan,0,0,,,,,,,,,
1185862,2019,2019-09-29,"Kensington Oval, Bridgetown",2,1.1,St Lucia Zouks,Barbados Tridents,ADS Fletcher,RRS Cornwall,JO Holder,0,0,,,,,,,,,
1185862,2019,2019-09-29,"Kensington Oval, Bridgetown",2,1.2,St Lucia Zouks,Barbados Tridents,ADS Fletcher,RRS Cornwall,JO Holder,1,0,,,,,,,,,
1185862,2019,2019-09-29,"Kensington Oval, Bridgetown",2,1.3,St Lucia Zouks,Barbados Tridents,RRS Cornwall,ADS Fletcher,JO Holder,0,0,,,,,,,,,
1185862,2019,2019-09-29,"Kensington Oval, Bridgetown",2,1.4,St Lucia Zouks,Barbados Tridents,RRS Cornwall,ADS Fletcher,JO Holder,0,4,,,,4,,,,,
1185862,2019,2019-09-29,"Kensington Oval, Bridgetown",2,1.5,St Lucia Zouks,Barbados Tridents,RRS Cornwall,ADS Fletcher,JO Holder,0,0,,,,,,,,,
1185862,2019,2019-09-29,"Kensington Oval, Bridgetown",2,1.6,St Lucia Zouks,Barbados Tridents,RRS Cornwall,ADS Fletcher,JO Holder,6,0,,,,,,,,,
1185862,2019,2019-09-29,"Kensington Oval, Bridgetown",2,2.1,St Lucia Zouks,Barbados Tridents,ADS Fletcher,RRS Cornwall,Shakib Al Hasan,0,0,,,,,,,,,
1185862,2019,2019-09-29,"Kensington Oval, Bridgetown",2,2.2,St Lucia Zouks,Barbados Tridents,ADS Fletcher,RRS Cornwall,Shakib Al Hasan,4,0,,,,,,,,,
1185862,2019,2019-09-29,"Kensington Oval, Bridgetown",2,2.3,St Lucia Zouks,Barbados Tridents,ADS Fletcher,RRS Cornwall,Shakib Al Hasan,1,0,,,,,,,,,
1185862,2019,2019-09-29,"Kensington Oval, Bridgetown",2,2.4,St Lucia Zouks,Barbados Tridents,RRS Cornwall,ADS Fletcher,Shakib Al Hasan,4,0,,,,,,,,,
1185862,2019,2019-09-29,"Kensington Oval, Bridgetown",2,2.5,St Lucia Zouks,Barbados Tridents,RRS Cornwall,ADS Fletcher,Shakib Al Hasan,2,0,,,,,,,,,
1185862,2019,2019-09-29,"Kensington Oval, Bridgetown",2,2.6,St Lucia Zouks,Barbados Tridents,RRS Cornwall,ADS Fletcher,Shakib Al Hasan,1,0,,,,,,,,,
1185862,2019,2019-09-29,"Kensington Oval, Bridgetown",2,3.1,St Lucia Zouks,Barbados Tridents,RRS Cornwall,ADS Fletcher,JO Holder,0,0,,,,,,,,,
1185862,2019,2019-09-29,"Kensington Oval, Bridgetown",2,3.2,St Lucia Zouks,Barbados Tridents,RRS Cornwall,ADS Fletcher,JO Holder,1,0,,,,,,,,,
1185862,2019,2019-09-29,"Kensington Oval, Bridgetown",2,3.3,St Lucia Zouks,Barbados Tridents,ADS Fletcher,RRS Cornwall,JO Holder,0,0,,,,,,bowled,ADS Fletcher,,
1185862,2019,2019-09-29,"Kensington Oval, Bridgetown",2,3.4,St Lucia Zouks,Barbados Tridents,CA Ingram,RRS Cornwall,JO Holder,0,0,,,,,,,,,
1185862,2019,2019-09-29,"Kensington Oval, Bridgetown",2,3.5,St Lucia Zouks,Barbados Tridents,CA Ingram,RRS Cornwall,JO Holder,0,5,5,,,,,,,,
1185862,2019,2019-09-29,"Kensington Oval, Bridgetown",2,3.6,St Lucia Zouks,Barbados Tridents,CA Ingram,RRS Cornwall,JO Holder,0,0,,,,,,,,,
1185862,2019,2019-09-29,"Kensington Oval, Bridgetown",2,3.7,St Lucia Zouks,Barbados Tridents,CA Ingram,RRS Cornwall,JO Holder,4,0,,,,,,,,,
1185862,2019,2019-09-29,"Kensington Oval, Bridgetown",2,4.1,St Lucia Zouks,Barbados Tridents,RRS Cornwall,CA Ingram,HF Gurney,0,0,,,,,,,,,
1185862,2019,2019-09-29,"Kensington Oval, Bridgetown",2,4.2,St Lucia Zouks,Barbados Tridents,RRS Cornwall,CA Ingram,HF Gurney,4,0,,,,,,,,,
1185862,2019,2019-09-29,"Kensington Oval, Bridgetown",2,4.3,St Lucia Zouks,Barbados Tridents,RRS Cornwall,CA Ingram,HF Gurney,0,0,,,,,,caught,RRS Cornwall,,
1185862,2019,2019-09-29,"Kensington Oval, Bridgetown",2,4.4,St Lucia Zouks,Barbados Tridents,CA Ingram,C de Grandhomme,HF Gurney,0,0,,,,,,,,,
1185862,2019,2019-09-29,"Kensington Oval, Bridgetown",2,4.5,St Lucia Zouks,Barbados Tridents,CA Ingram,C de Grandhomme,HF Gurney,0,0,,,,,,,,,
1185862,2019,2019-09-29,"Kensington Oval, Bridgetown",2,4.6,St Lucia Zouks,Barbados Tridents,CA Ingram,C de Grandhomme,HF Gurney,1,0,,,,,,,,,
1185862,2019,2019-09-29,"Kensington Oval, Bridgetown",2,5.1,St Lucia Zouks,Barbados Tridents,CA Ingram,C de Grandhomme,JO Holder,0,0,,,,,,,,,
1185862,2019,2019-09-29,"Kensington Oval, Bridgetown",2,5.2,St Lucia Zouks,Barbados Tridents,CA Ingram,C de Grandhomme,JO Holder,6,0,,,,,,,,,
1185862,2019,2019-09-29,"Kensington Oval, Bridgetown",2,5.3,St Lucia Zouks,Barbados Tridents,CA Ingram,C de Grandhomme,JO Holder,6,0,,,,,,,,,
1185862,2019,2019-09-29,"Kensington Oval, Bridgetown",2,5.4,St Lucia Zouks,Barbados Tridents,CA Ingram,C de Grandhomme,JO Holder,4,0,,,,,,,,,
1185862,2019,2019-09-29,"Kensington Oval, Bridgetown",2,5.5,St Lucia Zouks,Barbados Tridents,CA Ingram,C de Grandhomme,JO Holder,0,1,1,,,,,,,,
1185862,2019,2019-09-29,"Kensington Oval, Bridgetown",2,5.6,St Lucia Zouks,Barbados Tridents,CA Ingram,C de Grandhomme,JO Holder,1,0,,,,,,,,,
1185862,2019,2019-09-29,"Kensington Oval, Bridgetown",2,5.7,St Lucia Zouks,Barbados Tridents,C de Grandhomme,CA Ingram,JO Holder,0,0,,,,,,,,,
1185862,2019,2019-09-29,"Kensington Oval, Bridgetown",2,6.1,St Lucia Zouks,Barbados Tridents,CA Ingram,C de Grandhomme,HF Gurney,0,0,,,,,,,,,
1185862,2019,2019-09-29,"Kensington Oval, Bridgetown",2,6.2,St Lucia Zouks,Barbados Tridents,CA Ingram,C de Grandhomme,HF Gurney,1,0,,,,,,,,,
1185862,2019,2019-09-29,"Kensington Oval, Bridgetown",2,6.3,St Lucia Zouks,Barbados Tridents,C de Grandhomme,CA Ingram,HF Gurney,0,0,,,,,,,,,
1185862,2019,2019-09-29,"Kensington Oval, Bridgetown",2,6.4,St Lucia Zouks,Barbados Tridents,C de Grandhomme,CA Ingram,HF Gurney,1,0,,,,,,,,,
1185862,2019,2019-09-29,"Kensington Oval, Bridgetown",2,6.5,St Lucia Zouks,Barbados Tridents,CA Ingram,C de Grandhomme,HF Gurney,1,0,,,,,,,,,
1185862,2019,2019-09-29,"Kensington Oval, Bridgetown",2,6.6,St Lucia Zouks,Barbados Tridents,C de Grandhomme,CA Ingram,HF Gurney,0,0,,,,,,,,,
1185862,2019,2019-09-29,"Kensington Oval, Bridgetown",2,7.1,St Lucia Zouks,Barbados Tridents,CA Ingram,C de Grandhomme,HR Walsh,0,0,,,,,,,,,
1185862,2019,2019-09-29,"Kensington Oval, Bridgetown",2,7.2,St Lucia Zouks,Barbados Tridents,CA Ingram,C de Grandhomme,HR Walsh,1,0,,,,,,,,,
1185862,2019,2019-09-29,"Kensington Oval, Bridgetown",2,7.3,St Lucia Zouks,Barbados Tridents,C de Grandhomme,CA Ingram,HR Walsh,0,0,,,,,,,,,
1185862,2019,2019-09-29,"Kensington Oval, Bridgetown",2,7.4,St Lucia Zouks,Barbados Tridents,C de Grandhomme,CA Ingram,HR Walsh,6,0,,,,,,,,,
1185862,2019,2019-09-29,"Kensington Oval, Bridgetown",2,7.5,St Lucia Zouks,Barbados Tridents,C de Grandhomme,CA Ingram,HR Walsh,2,0,,,,,,,,,
1185862,2019,2019-09-29,"Kensington Oval, Bridgetown",2,7.6,St Lucia Zouks,Barbados Tridents,C de Grandhomme,CA Ingram,HR Walsh,6,0,,,,,,,,,
1185862,2019,2019-09-29,"Kensington Oval, Bridgetown",2,8.1,St Lucia Zouks,Barbados Tridents,CA Ingram,C de Grandhomme,Shakib Al Hasan,0,0,,,,,,caught and bowled,CA Ingram,,
1185862,2019,2019-09-29,"Kensington Oval, Bridgetown",2,8.2,St Lucia Zouks,Barbados Tridents,C de Grandhomme,GC Viljoen,Shakib Al Hasan,1,0,,,,,,,,,
1185862,2019,2019-09-29,"Kensington Oval, Bridgetown",2,8.3,St Lucia Zouks,Barbados Tridents,GC Viljoen,C de Grandhomme,Shakib Al Hasan,1,0,,,,,,,,,
1185862,2019,2019-09-29,"Kensington Oval, Bridgetown",2,8.4,St Lucia Zouks,Barbados Tridents,C de Grandhomme,GC Viljoen,Shakib Al Hasan,0,0,,,,,,,,,
1185862,2019,2019-09-29,"Kensington Oval, Bridgetown",2,8.5,St Lucia Zouks,Barbados Tridents,C de Grandhomme,GC Viljoen,Shakib Al Hasan,1,0,,,,,,,,,
1185862,2019,2019-09-29,"Kensington Oval, Bridgetown",2,8.6,St Lucia Zouks,Barbados Tridents,GC Viljoen,C de Grandhomme,Shakib Al Hasan,0,0,,,,,,,,,
1185862,2019,2019-09-29,"Kensington Oval, Bridgetown",2,9.1,St Lucia Zouks,Barbados Tridents,C de Grandhomme,GC Viljoen,RA Reifer,0,0,,,,,,,,,
1185862,2019,2019-09-29,"Kensington Oval, Bridgetown",2,9.2,St Lucia Zouks,Barbados Tridents,C de Grandhomme,GC Viljoen,RA Reifer,4,0,,,,,,,,,
1185862,2019,2019-09-29,"Kensington Oval, Bridgetown",2,9.3,St Lucia Zouks,Barbados Tridents,C de Grandhomme,GC Viljoen,RA Reifer,0,0,,,,,,,,,
1185862,2019,2019-09-29,"Kensington Oval, Bridgetown",2,9.4,St Lucia Zouks,Barbados Tridents,C de Grandhomme,GC Viljoen,RA Reifer,0,0,,,,,,caught,C de Grandhomme,,
1185862,2019,2019-09-29,"Kensington Oval, Bridgetown",2,9.5,St Lucia Zouks,Barbados Tridents,CD Barnwell,GC Viljoen,RA Reifer,1,0,,,,,,,,,
1185862,2019,2019-09-29,"Kensington Oval, Bridgetown",2,9.6,St Lucia Zouks,Barbados Tridents,GC Viljoen,CD Barnwell,RA Reifer,1,0,,,,,,,,,
1185862,2019,2019-09-29,"Kensington Oval, Bridgetown",2,10.1,St Lucia Zouks,Barbados Tridents,GC Viljoen,CD Barnwell,HR Walsh,2,0,,,,,,,,,
1185862,2019,2019-09-29,"Kensington Oval, Bridgetown",2,10.2,St Lucia Zouks,Barbados Tridents,GC Viljoen,CD Barnwell,HR Walsh,1,0,,,,,,,,,
1185862,2019,2019-09-29,"Kensington Oval, Bridgetown",2,10.3,St Lucia Zouks,Barbados Tridents,CD Barnwell,GC Viljoen,HR Walsh,0,0,,,,,,,,,
1185862,2019,2019-09-29,"Kensington Oval, Bridgetown",2,10.4,St Lucia Zouks,Barbados Tridents,CD Barnwell,GC Viljoen,HR Walsh,1,0,,,,,,,,,
1185862,2019,2019-09-29,"Kensington Oval, Bridgetown",2,10.5,St Lucia Zouks,Barbados Tridents,GC Viljoen,CD Barnwell,HR Walsh,0,0,,,,,,,,,
1185862,2019,2019-09-29,"Kensington Oval, Bridgetown",2,10.6,St Lucia Zouks,Barbados Tridents,GC Viljoen,CD Barnwell,HR Walsh,4,0,,,,,,,,,
1185862,2019,2019-09-29,"Kensington Oval, Bridgetown",2,11.1,St Lucia Zouks,Barbados Tridents,CD Barnwell,GC Viljoen,RA Reifer,0,0,,,,,,,,,
1185862,2019,2019-09-29,"Kensington Oval, Bridgetown",2,11.2,St Lucia Zouks,Barbados Tridents,CD Barnwell,GC Viljoen,RA Reifer,1,0,,,,,,,,,
1185862,2019,2019-09-29,"Kensington Oval, Bridgetown",2,11.3,St Lucia Zouks,Barbados Tridents,GC Viljoen,CD Barnwell,RA Reifer,1,0,,,,,,,,,
1185862,2019,2019-09-29,"Kensington Oval, Bridgetown",2,11.4,St Lucia Zouks,Barbados Tridents,CD Barnwell,GC Viljoen,RA Reifer,0,0,,,,,,,,,
1185862,2019,2019-09-29,"Kensington Oval, Bridgetown",2,11.5,St Lucia Zouks,Barbados Tridents,CD Barnwell,GC Viljoen,RA Reifer,0,0,,,,,,,,,
1185862,2019,2019-09-29,"Kensington Oval, Bridgetown",2,11.6,St Lucia Zouks,Barbados Tridents,CD Barnwell,GC Viljoen,RA Reifer,0,0,,,,,,,,,
1185862,2019,2019-09-29,"Kensington Oval, Bridgetown",2,12.1,St Lucia Zouks,Barbados Tridents,GC Viljoen,CD Barnwell,JO Holder,0,0,,,,,,,,,
1185862,2019,2019-09-29,"Kensington Oval, Bridgetown",2,12.2,St Lucia Zouks,Barbados Tridents,GC Viljoen,CD Barnwell,JO Holder,0,0,,,,,,,,,
1185862,2019,2019-09-29,"Kensington Oval, Bridgetown",2,12.3,St Lucia Zouks,Barbados Tridents,GC Viljoen,CD Barnwell,JO Holder,0,0,,,,,,,,,
1185862,2019,2019-09-29,"Kensington Oval, Bridgetown",2,12.4,St Lucia Zouks,Barbados Tridents,GC Viljoen,CD Barnwell,JO Holder,1,0,,,,,,,,,
1185862,2019,2019-09-29,"Kensington Oval, Bridgetown",2,12.5,St Lucia Zouks,Barbados Tridents,CD Barnwell,GC Viljoen,JO Holder,1,0,,,,,,,,,
1185862,2019,2019-09-29,"Kensington Oval, Bridgetown",2,12.6,St Lucia Zouks,Barbados Tridents,GC Viljoen,CD Barnwell,JO Holder,0,0,,,,,,,,,
1185862,2019,2019-09-29,"Kensington Oval, Bridgetown",2,13.1,St Lucia Zouks,Barbados Tridents,CD Barnwell,GC Viljoen,RA Reifer,1,0,,,,,,,,,
1185862,2019,2019-09-29,"Kensington Oval, Bridgetown",2,13.2,St Lucia Zouks,Barbados Tridents,GC Viljoen,CD Barnwell,RA Reifer,0,0,,,,,,,,,
1185862,2019,2019-09-29,"Kensington Oval, Bridgetown",2,13.3,St Lucia Zouks,Barbados Tridents,GC Viljoen,CD Barnwell,RA Reifer,0,0,,,,,,,,,
1185862,2019,2019-09-29,"Kensington Oval, Bridgetown",2,13.4,St Lucia Zouks,Barbados Tridents,GC Viljoen,CD Barnwell,RA Reifer,4,0,,,,,,,,,
1185862,2019,2019-09-29,"Kensington Oval, Bridgetown",2,13.5,St Lucia Zouks,Barbados Tridents,GC Viljoen,CD Barnwell,RA Reifer,0,0,,,,,,,,,
1185862,2019,2019-09-29,"Kensington Oval, Bridgetown",2,13.6,St Lucia Zouks,Barbados Tridents,GC Viljoen,CD Barnwell,RA Reifer,0,0,,,,,,,,,
1185862,2019,2019-09-29,"Kensington Oval, Bridgetown",2,14.1,St Lucia Zouks,Barbados Tridents,CD Barnwell,GC Viljoen,Shakib Al Hasan,1,0,,,,,,,,,
1185862,2019,2019-09-29,"Kensington Oval, Bridgetown",2,14.2,St Lucia Zouks,Barbados Tridents,GC Viljoen,CD Barnwell,Shakib Al Hasan,0,0,,,,,,,,,
1185862,2019,2019-09-29,"Kensington Oval, Bridgetown",2,14.3,St Lucia Zouks,Barbados Tridents,GC Viljoen,CD Barnwell,Shakib Al Hasan,1,0,,,,,,,,,
1185862,2019,2019-09-29,"Kensington Oval, Bridgetown",2,14.4,St Lucia Zouks,Barbados Tridents,CD Barnwell,GC Viljoen,Shakib Al Hasan,0,0,,,,,,,,,
1185862,2019,2019-09-29,"Kensington Oval, Bridgetown",2,14.5,St Lucia Zouks,Barbados Tridents,CD Barnwell,GC Viljoen,Shakib Al Hasan,0,0,,,,,,,,,
1185862,2019,2019-09-29,"Kensington Oval, Bridgetown",2,14.6,St Lucia Zouks,Barbados Tridents,CD Barnwell,GC Viljoen,Shakib Al Hasan,0,0,,,,,,,,,
1185862,2019,2019-09-29,"Kensington Oval, Bridgetown",2,15.1,St Lucia Zouks,Barbados Tridents,GC Viljoen,CD Barnwell,HF Gurney,0,0,,,,,,,,,
1185862,2019,2019-09-29,"Kensington Oval, Bridgetown",2,15.2,St Lucia Zouks,Barbados Tridents,GC Viljoen,CD Barnwell,HF Gurney,6,0,,,,,,,,,
1185862,2019,2019-09-29,"Kensington Oval, Bridgetown",2,15.3,St Lucia Zouks,Barbados Tridents,GC Viljoen,CD Barnwell,HF Gurney,0,0,,,,,,caught,GC Viljoen,,
1185862,2019,2019-09-29,"Kensington Oval, Bridgetown",2,15.4,St Lucia Zouks,Barbados Tridents,DJG Sammy,CD Barnwell,HF Gurney,1,0,,,,,,,,,
1185862,2019,2019-09-29,"Kensington Oval, Bridgetown",2,15.5,St Lucia Zouks,Barbados Tridents,CD Barnwell,DJG Sammy,HF Gurney,1,0,,,,,,,,,
1185862,2019,2019-09-29,"Kensington Oval, Bridgetown",2,15.6,St Lucia Zouks,Barbados Tridents,DJG Sammy,CD Barnwell,HF Gurney,0,0,,,,,,,,,
1185862,2019,2019-09-29,"Kensington Oval, Bridgetown",2,16.1,St Lucia Zouks,Barbados Tridents,CD Barnwell,DJG Sammy,HR Walsh,0,0,,,,,,caught,CD Barnwell,,
1185862,2019,2019-09-29,"Kensington Oval, Bridgetown",2,16.2,St Lucia Zouks,Barbados Tridents,DJG Sammy,K Santokie,HR Walsh,0,0,,,,,,,,,
1185862,2019,2019-09-29,"Kensington Oval, Bridgetown",2,16.3,St Lucia Zouks,Barbados Tridents,DJG Sammy,K Santokie,HR Walsh,0,0,,,,,,caught,DJG Sammy,,
1185862,2019,2019-09-29,"Kensington Oval, Bridgetown",2,16.4,St Lucia Zouks,Barbados Tridents,K Santokie,J Royal,HR Walsh,0,0,,,,,,caught,K Santokie,,
1185862,2019,2019-09-29,"Kensington Oval, Bridgetown",2,16.5,St Lucia Zouks,Barbados Tridents,J Royal,KOK Williams,HR Walsh,1,0,,,,,,,,,
1185862,2019,2019-09-29,"Kensington Oval, Bridgetown",2,16.6,St Lucia Zouks,Barbados Tridents,KOK Williams,J Royal,HR Walsh,0,0,,,,,,,,,
1185862,2019,2019-09-29,"Kensington Oval, Bridgetown",2,17.1,St Lucia Zouks,Barbados Tridents,J Royal,KOK Williams,HF Gurney,0,0,,,,,,,,,
1185862,2019,2019-09-29,"Kensington Oval, Bridgetown",2,17.2,St Lucia Zouks,Barbados Tridents,J Royal,KOK Williams,HF Gurney,1,0,,,,,,,,,
1185862,2019,2019-09-29,"Kensington Oval, Bridgetown",2,17.3,St Lucia Zouks,Barbados Tridents,KOK Williams,J Royal,HF Gurney,0,0,,,,,,,,,
1185862,2019,2019-09-29,"Kensington Oval, Bridgetown",2,17.4,St Lucia Zouks,Barbados Tridents,KOK Williams,J Royal,HF Gurney,0,0,,,,,,,,,
1185862,2019,2019-09-29,"Kensington Oval, Bridgetown",2,17.5,St Lucia Zouks,Barbados Tridents,KOK Williams,J Royal,HF Gurney,0,0,,,,,,,,,
1185862,2019,2019-09-29,"Kensington Oval, Bridgetown",2,17.6,St Lucia Zouks,Barbados Tridents,KOK Williams,J Royal,HF Gurney,0,0,,,,,,caught,KOK Williams,,
1185862,2019,2019-09-29,"Kensington Oval, Bridgetown",2,18.1,St Lucia Zouks,Barbados Tridents,Fawad Ahmed,J Royal,HR Walsh,1,0,,,,,,,,,
1185862,2019,2019-09-29,"Kensington Oval, Bridgetown",2,18.2,St Lucia Zouks,Barbados Tridents,J Royal,Fawad Ahmed,HR Walsh,0,0,,,,,,,,,
1185862,2019,2019-09-29,"Kensington Oval, Bridgetown",2,18.3,St Lucia Zouks,Barbados Tridents,J Royal,Fawad Ahmed,HR Walsh,1,0,,,,,,,,,
1185862,2019,2019-09-29,"Kensington Oval, Bridgetown",2,18.4,St Lucia Zouks,Barbados Tridents,Fawad Ahmed,J Royal,HR Walsh,0,0,,,,,,caught,Fawad Ahmed,,
