match_id,season,start_date,venue,innings,ball,batting_team,bowling_team,striker,non_striker,bowler,runs_off_bat,extras,wides,noballs,byes,legbyes,penalty,wicket_type,player_dismissed,other_wicket_type,other_player_dismissed
1227883,2020,2020-08-30,"Queen's Park Oval, Port of Spain",1,0.1,St Lucia Zouks,Barbados Tridents,RRS Cornwall,ADS Fletcher,J Bishop,0,0,,,,,,,,,
1227883,2020,2020-08-30,"Queen's Park Oval, Port of Spain",1,0.2,St Lucia Zouks,Barbados Tridents,RRS Cornwall,ADS Fletcher,J Bishop,2,0,,,,,,,,,
1227883,2020,2020-08-30,"Queen's Park Oval, Port of Spain",1,0.3,St Lucia Zouks,Barbados Tridents,RRS Cornwall,ADS Fletcher,J Bishop,4,0,,,,,,,,,
1227883,2020,2020-08-30,"Queen's Park Oval, Port of Spain",1,0.4,St Lucia Zouks,Barbados Tridents,RRS Cornwall,ADS Fletcher,J Bishop,0,0,,,,,,caught,RRS Cornwall,,
1227883,2020,2020-08-30,"Queen's Park Oval, Port of Spain",1,0.5,St Lucia Zouks,Barbados Tridents,LS Boucher,ADS Fletcher,J Bishop,0,0,,,,,,,,,
1227883,2020,2020-08-30,"Queen's Park Oval, Port of Spain",1,0.6,St Lucia Zouks,Barbados Tridents,LS Boucher,ADS Fletcher,J Bishop,0,0,,,,,,,,,
1227883,2020,2020-08-30,"Queen's Park Oval, Port of Spain",1,1.1,St Lucia Zouks,Barbados Tridents,ADS Fletcher,LS Boucher,JO Holder,6,0,,,,,,,,,
1227883,2020,2020-08-30,"Queen's Park Oval, Port of Spain",1,1.2,St Lucia Zouks,Barbados Tridents,ADS Fletcher,LS Boucher,JO Holder,0,0,,,,,,lbw,ADS Fletcher,,
1227883,2020,2020-08-30,"Queen's Park Oval, Port of Spain",1,1.3,St Lucia Zouks,Barbados Tridents,RL Chase,LS Boucher,JO Holder,0,0,,,,,,,,,
1227883,2020,2020-08-30,"Queen's Park Oval, Port of Spain",1,1.4,St Lucia Zouks,Barbados Tridents,RL Chase,LS Boucher,JO Holder,0,0,,,,,,,,,
1227883,2020,2020-08-30,"Queen's Park Oval, Port of Spain",1,1.5,St Lucia Zouks,Barbados Tridents,RL Chase,LS Boucher,JO Holder,1,0,,,,,,,,,
1227883,2020,2020-08-30,"Queen's Park Oval, Port of Spain",1,1.6,St Lucia Zouks,Barbados Tridents,LS Boucher,RL Chase,JO Holder,0,0,,,,,,,,,
1227883,2020,2020-08-30,"Queen's Park Oval, Port of Spain",1,2.1,St Lucia Zouks,Barbados Tridents,RL Chase,LS Boucher,J Bishop,0,0,,,,,,,,,
1227883,2020,2020-08-30,"Queen's Park Oval, Port of Spain",1,2.2,St Lucia Zouks,Barbados Tridents,RL Chase,LS Boucher,J Bishop,1,0,,,,,,,,,
1227883,2020,2020-08-30,"Queen's Park Oval, Port of Spain",1,2.3,St Lucia Zouks,Barbados Tridents,LS Boucher,RL Chase,J Bishop,0,0,,,,,,,,,
1227883,2020,2020-08-30,"Queen's Park Oval, Port of Spain",1,2.4,St Lucia Zouks,Barbados Tridents,LS Boucher,RL Chase,J Bishop,0,0,,,,,,,,,
1227883,2020,2020-08-30,"Queen's Park Oval, Port of Spain",1,2.5,St Lucia Zouks,Barbados Tridents,LS Boucher,RL Chase,J Bishop,1,0,,,,,,,,,
1227883,2020,2020-08-30,"Queen's Park Oval, Port of Spain",1,2.6,St Lucia Zouks,Barbados Tridents,RL Chase,LS Boucher,J Bishop,0,0,,,,,,,,,
1227883,2020,2020-08-30,"Queen's Park Oval, Port of Spain",1,3.1,St Lucia Zouks,Barbados Tridents,LS Boucher,RL Chase,JO Holder,0,0,,,,,,,,,
1227883,2020,2020-08-30,"Queen's Park Oval, Port of Spain",1,3.2,St Lucia Zouks,Barbados Tridents,LS Boucher,RL Chase,JO Holder,0,0,,,,,,,,,
1227883,2020,2020-08-30,"Queen's Park Oval, Port of Spain",1,3.3,St Lucia Zouks,Barbados Tridents,LS Boucher,RL Chase,JO Holder,1,0,,,,,,,,,
1227883,2020,2020-08-30,"Queen's Park Oval, Port of Spain",1,3.4,St Lucia Zouks,Barbados Tridents,RL Chase,LS Boucher,JO Holder,1,0,,,,,,,,,
1227883,2020,2020-08-30,"Queen's Park Oval, Port of Spain",1,3.5,St Lucia Zouks,Barbados Tridents,LS Boucher,RL Chase,JO Holder,2,0,,,,,,,,,
1227883,2020,2020-08-30,"Queen's Park Oval, Port of Spain",1,3.6,St Lucia Zouks,Barbados Tridents,LS Boucher,RL Chase,JO Holder,4,0,,,,,,,,,
1227883,2020,2020-08-30,"Queen's Park Oval, Port of Spain",1,4.1,St Lucia Zouks,Barbados Tridents,RL Chase,LS Boucher,HR Walsh,1,0,,,,,,,,,
1227883,2020,2020-08-30,"Queen's Park Oval, Port of Spain",1,4.2,St Lucia Zouks,Barbados Tridents,LS Boucher,RL Chase,HR Walsh,4,0,,,,,,,,,
1227883,2020,2020-08-30,"Queen's Park Oval, Port of Spain",1,4.3,St Lucia Zouks,Barbados Tridents,LS Boucher,RL Chase,HR Walsh,0,1,1,,,,,,,,
1227883,2020,2020-08-30,"Queen's Park Oval, Port of Spain",1,4.4,St Lucia Zouks,Barbados Tridents,LS Boucher,RL Chase,HR Walsh,0,0,,,,,,,,,
1227883,2020,2020-08-30,"Queen's Park Oval, Port of Spain",1,4.5,St Lucia Zouks,Barbados Tridents,LS Boucher,RL Chase,HR Walsh,0,0,,,,,,,,,
1227883,2020,2020-08-30,"Queen's Park Oval, Port of Spain",1,4.6,St Lucia Zouks,Barbados Tridents,LS Boucher,RL Chase,HR Walsh,0,1,1,,,,,,,,
1227883,2020,2020-08-30,"Queen's Park Oval, Port of Spain",1,4.7,St Lucia Zouks,Barbados Tridents,LS Boucher,RL Chase,HR Walsh,0,0,,,,,,,,,
1227883,2020,2020-08-30,"Queen's Park Oval, Port of Spain",1,4.8,St Lucia Zouks,Barbados Tridents,LS Boucher,RL Chase,HR Walsh,0,0,,,,,,,,,
1227883,2020,2020-08-30,"Queen's Park Oval, Port of Spain",1,5.1,St Lucia Zouks,Barbados Tridents,RL Chase,LS Boucher,Rashid Khan,2,0,,,,,,,,,
1227883,2020,2020-08-30,"Queen's Park Oval, Port of Spain",1,5.2,St Lucia Zouks,Barbados Tridents,RL Chase,LS Boucher,Rashid Khan,1,0,,,,,,,,,
1227883,2020,2020-08-30,"Queen's Park Oval, Port of Spain",1,5.3,St Lucia Zouks,Barbados Tridents,LS Boucher,RL Chase,Rashid Khan,1,0,,,,,,,,,
1227883,2020,2020-08-30,"Queen's Park Oval, Port of Spain",1,5.4,St Lucia Zouks,Barbados Tridents,RL Chase,LS Boucher,Rashid Khan,0,0,,,,,,,,,
1227883,2020,2020-08-30,"Queen's Park Oval, Port of Spain",1,5.5,St Lucia Zouks,Barbados Tridents,RL Chase,LS Boucher,Rashid Khan,0,0,,,,,,,,,
1227883,2020,2020-08-30,"Queen's Park Oval, Port of Spain",1,5.6,St Lucia Zouks,Barbados Tridents,RL Chase,LS Boucher,Rashid Khan,1,0,,,,,,,,,
1227883,2020,2020-08-30,"Queen's Park Oval, Port of Spain",1,6.1,St Lucia Zouks,Barbados Tridents,RL Chase,LS Boucher,HR Walsh,1,0,,,,,,,,,
1227883,2020,2020-08-30,"Queen's Park Oval, Port of Spain",1,6.2,St Lucia Zouks,Barbados Tridents,LS Boucher,RL Chase,HR Walsh,1,0,,,,,,,,,
1227883,2020,2020-08-30,"Queen's Park Oval, Port of Spain",1,6.3,St Lucia Zouks,Barbados Tridents,RL Chase,LS Boucher,HR Walsh,1,0,,,,,,,,,
1227883,2020,2020-08-30,"Queen's Park Oval, Port of Spain",1,6.4,St Lucia Zouks,Barbados Tridents,LS Boucher,RL Chase,HR Walsh,4,0,,,,,,,,,
1227883,2020,2020-08-30,"Queen's Park Oval, Port of Spain",1,6.5,St Lucia Zouks,Barbados Tridents,LS Boucher,RL Chase,HR Walsh,0,0,,,,,,bowled,LS Boucher,,
1227883,2020,2020-08-30,"Queen's Park Oval, Port of Spain",1,6.6,St Lucia Zouks,Barbados Tridents,Najibullah Zadran,RL Chase,HR Walsh,1,0,,,,,,,,,
1227883,2020,2020-08-30,"Queen's Park Oval, Port of Spain",1,7.1,St Lucia Zouks,Barbados Tridents,Najibullah Zadran,RL Chase,AR Nurse,0,1,1,,,,,,,,
1227883,2020,2020-08-30,"Queen's Park Oval, Port of Spain",1,7.2,St Lucia Zouks,Barbados Tridents,Najibullah Zadran,RL Chase,AR Nurse,0,0,,,,,,,,,
1227883,2020,2020-08-30,"Queen's Park Oval, Port of Spain",1,7.3,St Lucia Zouks,Barbados Tridents,Najibullah Zadran,RL Chase,AR Nurse,0,0,,,,,,,,,
1227883,2020,2020-08-30,"Queen's Park Oval, Port of Spain",1,7.4,St Lucia Zouks,Barbados Tridents,Najibullah Zadran,RL Chase,AR Nurse,1,0,,,,,,,,,
1227883,2020,2020-08-30,"Queen's Park Oval, Port of Spain",1,7.5,St Lucia Zouks,Barbados Tridents,RL Chase,Najibullah Zadran,AR Nurse,0,0,,,,,,,,,
1227883,2020,2020-08-30,"Queen's Park Oval, Port of Spain",1,7.6,St Lucia Zouks,Barbados Tridents,RL Chase,Najibullah Zadran,AR Nurse,4,0,,,,,,,,,
1227883,2020,2020-08-30,"Queen's Park Oval, Port of Spain",1,7.7,St Lucia Zouks,Barbados Tridents,RL Chase,Najibullah Zadran,AR Nurse,0,0,,,,,,,,,
1227883,2020,2020-08-30,"Queen's Park Oval, Port of Spain",1,8.1,St Lucia Zouks,Barbados Tridents,Najibullah Zadran,RL Chase,HR Walsh,1,0,,,,,,,,,
1227883,2020,2020-08-30,"Queen's Park Oval, Port of Spain",1,8.2,St Lucia Zouks,Barbados Tridents,RL Chase,Najibullah Zadran,HR Walsh,0,0,,,,,,bowled,RL Chase,,
1227883,2020,2020-08-30,"Queen's Park Oval, Port of Spain",1,8.3,St Lucia Zouks,Barbados Tridents,Mohammad Nabi,Najibullah Zadran,HR Walsh,0,0,,,,,,,,,
1227883,2020,2020-08-30,"Queen's Park Oval, Port of Spain",1,8.4,St Lucia Zouks,Barbados Tridents,Mohammad Nabi,Najibullah Zadran,HR Walsh,0,0,,,,,,,,,
1227883,2020,2020-08-30,"Queen's Park Oval, Port of Spain",1,8.5,St Lucia Zouks,Barbados Tridents,Mohammad Nabi,Najibullah Zadran,HR Walsh,1,0,,,,,,,,,
1227883,2020,2020-08-30,"Queen's Park Oval, Port of Spain",1,8.6,St Lucia Zouks,Barbados Tridents,Najibullah Zadran,Mohammad Nabi,HR Walsh,1,0,,,,,,,,,
1227883,2020,2020-08-30,"Queen's Park Oval, Port of Spain",1,9.1,St Lucia Zouks,Barbados Tridents,Najibullah Zadran,Mohammad Nabi,AR Nurse,2,0,,,,,,,,,
1227883,2020,2020-08-30,"Queen's Park Oval, Port of Spain",1,9.2,St Lucia Zouks,Barbados Tridents,Najibullah Zadran,Mohammad Nabi,AR Nurse,0,0,,,,,,,,,
1227883,2020,2020-08-30,"Queen's Park Oval, Port of Spain",1,9.3,St Lucia Zouks,Barbados Tridents,Najibullah Zadran,Mohammad Nabi,AR Nurse,2,0,,,,,,,,,
1227883,2020,2020-08-30,"Queen's Park Oval, Port of Spain",1,9.4,St Lucia Zouks,Barbados Tridents,Najibullah Zadran,Mohammad Nabi,AR Nurse,1,0,,,,,,,,,
1227883,2020,2020-08-30,"Queen's Park Oval, Port of Spain",1,9.5,St Lucia Zouks,Barbados Tridents,Mohammad Nabi,Najibullah Zadran,AR Nurse,1,0,,,,,,,,,
1227883,2020,2020-08-30,"Queen's Park Oval, Port of Spain",1,9.6,St Lucia Zouks,Barbados Tridents,Najibullah Zadran,Mohammad Nabi,AR Nurse,0,0,,,,,,,,,
1227883,2020,2020-08-30,"Queen's Park Oval, Port of Spain",1,10.1,St Lucia Zouks,Barbados Tridents,Mohammad Nabi,Najibullah Zadran,HR Walsh,0,0,,,,,,,,,
1227883,2020,2020-08-30,"Queen's Park Oval, Port of Spain",1,10.2,St Lucia Zouks,Barbados Tridents,Mohammad Nabi,Najibullah Zadran,HR Walsh,0,0,,,,,,caught,Mohammad Nabi,,
1227883,2020,2020-08-30,"Queen's Park Oval, Port of Spain",1,10.3,St Lucia Zouks,Barbados Tridents,Najibullah Zadran,DJG Sammy,HR Walsh,0,0,,,,,,,,,
1227883,2020,2020-08-30,"Queen's Park Oval, Port of Spain",1,10.4,St Lucia Zouks,Barbados Tridents,Najibullah Zadran,DJG Sammy,HR Walsh,0,0,,,,,,,,,
1227883,2020,2020-08-30,"Queen's Park Oval, Port of Spain",1,10.5,St Lucia Zouks,Barbados Tridents,Najibullah Zadran,DJG Sammy,HR Walsh,0,0,,,,,,,,,
1227883,2020,2020-08-30,"Queen's Park Oval, Port of Spain",1,10.6,St Lucia Zouks,Barbados Tridents,Najibullah Zadran,DJG Sammy,HR Walsh,1,0,,,,,,,,,
1227883,2020,2020-08-30,"Queen's Park Oval, Port of Spain",1,11.1,St Lucia Zouks,Barbados Tridents,Najibullah Zadran,DJG Sammy,Rashid Khan,1,0,,,,,,,,,
1227883,2020,2020-08-30,"Queen's Park Oval, Port of Spain",1,11.2,St Lucia Zouks,Barbados Tridents,DJG Sammy,Najibullah Zadran,Rashid Khan,0,0,,,,,,,,,
1227883,2020,2020-08-30,"Queen's Park Oval, Port of Spain",1,11.3,St Lucia Zouks,Barbados Tridents,DJG Sammy,Najibullah Zadran,Rashid Khan,1,0,,,,,,,,,
1227883,2020,2020-08-30,"Queen's Park Oval, Port of Spain",1,11.4,St Lucia Zouks,Barbados Tridents,Najibullah Zadran,DJG Sammy,Rashid Khan,1,0,,,,,,,,,
1227883,2020,2020-08-30,"Queen's Park Oval, Port of Spain",1,11.5,St Lucia Zouks,Barbados Tridents,DJG Sammy,Najibullah Zadran,Rashid Khan,1,0,,,,,,,,,
1227883,2020,2020-08-30,"Queen's Park Oval, Port of Spain",1,11.6,St Lucia Zouks,Barbados Tridents,Najibullah Zadran,DJG Sammy,Rashid Khan,1,0,,,,,,,,,
1227883,2020,2020-08-30,"Queen's Park Oval, Port of Spain",1,12.1,St Lucia Zouks,Barbados Tridents,Najibullah Zadran,DJG Sammy,J Bishop,1,0,,,,,,,,,
1227883,2020,2020-08-30,"Queen's Park Oval, Port of Spain",1,12.2,St Lucia Zouks,Barbados Tridents,DJG Sammy,Najibullah Zadran,J Bishop,0,0,,,,,,,,,
1227883,2020,2020-08-30,"Queen's Park Oval, Port of Spain",1,12.3,St Lucia Zouks,Barbados Tridents,DJG Sammy,Najibullah Zadran,J Bishop,0,0,,,,,,,,,
1227883,2020,2020-08-30,"Queen's Park Oval, Port of Spain",1,12.4,St Lucia Zouks,Barbados Tridents,DJG Sammy,Najibullah Zadran,J Bishop,0,0,,,,,,run out,DJG Sammy,,
1227883,2020,2020-08-30,"Queen's Park Oval, Port of Spain",1,12.5,St Lucia Zouks,Barbados Tridents,J Glen,Najibullah Zadran,J Bishop,6,0,,,,,,,,,
1227883,2020,2020-08-30,"Queen's Park Oval, Port of Spain",1,12.6,St Lucia Zouks,Barbados Tridents,J Glen,Najibullah Zadran,J Bishop,2,0,,,,,,,,,
1227883,2020,2020-08-30,"Queen's Park Oval, Port of Spain",1,13.1,St Lucia Zouks,Barbados Tridents,Najibullah Zadran,J Glen,Rashid Khan,0,0,,,,,,,,,
1227883,2020,2020-08-30,"Queen's Park Oval, Port of Spain",1,13.2,St Lucia Zouks,Barbados Tridents,Najibullah Zadran,J Glen,Rashid Khan,4,0,,,,,,,,,
1227883,2020,2020-08-30,"Queen's Park Oval, Port of Spain",1,13.3,St Lucia Zouks,Barbados Tridents,Najibullah Zadran,J Glen,Rashid Khan,0,0,,,,,,,,,
1227883,2020,2020-08-30,"Queen's Park Oval, Port of Spain",1,13.4,St Lucia Zouks,Barbados Tridents,Najibullah Zadran,J Glen,Rashid Khan,0,0,,,,,,,,,
1227883,2020,2020-08-30,"Queen's Park Oval, Port of Spain",1,13.5,St Lucia Zouks,Barbados Tridents,Najibullah Zadran,J Glen,Rashid Khan,0,0,,,,,,,,,
1227883,2020,2020-08-30,"Queen's Park Oval, Port of Spain",1,13.6,St Lucia Zouks,Barbados Tridents,Najibullah Zadran,J Glen,Rashid Khan,0,0,,,,,,,,,
1227883,2020,2020-08-30,"Queen's Park Oval, Port of Spain",1,14.1,St Lucia Zouks,Barbados Tridents,J Glen,Najibullah Zadran,AR Nurse,0,0,,,,,,,,,
1227883,2020,2020-08-30,"Queen's Park Oval, Port of Spain",1,14.2,St Lucia Zouks,Barbados Tridents,J Glen,Najibullah Zadran,AR Nurse,0,0,,,,,,caught,J Glen,,
1227883,2020,2020-08-30,"Queen's Park Oval, Port of Spain",1,14.3,St Lucia Zouks,Barbados Tridents,SC Kuggeleijn,Najibullah Zadran,AR Nurse,1,0,,,,,,,,,
1227883,2020,2020-08-30,"Queen's Park Oval, Port of Spain",1,14.4,St Lucia Zouks,Barbados Tridents,Najibullah Zadran,SC Kuggeleijn,AR Nurse,0,0,,,,,,,,,
1227883,2020,2020-08-30,"Queen's Park Oval, Port of Spain",1,14.5,St Lucia Zouks,Barbados Tridents,Najibullah Zadran,SC Kuggeleijn,AR Nurse,2,0,,,,,,,,,
1227883,2020,2020-08-30,"Queen's Park Oval, Port of Spain",1,14.6,St Lucia Zouks,Barbados Tridents,Najibullah Zadran,SC Kuggeleijn,AR Nurse,0,0,,,,,,,,,
1227883,2020,2020-08-30,"Queen's Park Oval, Port of Spain",1,15.1,St Lucia Zouks,Barbados Tridents,SC Kuggeleijn,Najibullah Zadran,NRJ Young,1,0,,,,,,,,,
1227883,2020,2020-08-30,"Queen's Park Oval, Port of Spain",1,15.2,St Lucia Zouks,Barbados Tridents,Najibullah Zadran,SC Kuggeleijn,NRJ Young,1,0,,,,,,,,,
1227883,2020,2020-08-30,"Queen's Park Oval, Port of Spain",1,15.3,St Lucia Zouks,Barbados Tridents,SC Kuggeleijn,Najibullah Zadran,NRJ Young,0,0,,,,,,,,,
1227883,2020,2020-08-30,"Queen's Park Oval, Port of Spain",1,15.4,St Lucia Zouks,Barbados Tridents,SC Kuggeleijn,Najibullah Zadran,NRJ Young,0,0,,,,,,,,,
1227883,2020,2020-08-30,"Queen's Park Oval, Port of Spain",1,15.5,St Lucia Zouks,Barbados Tridents,SC Kuggeleijn,Najibullah Zadran,NRJ Young,0,0,,,,,,,,,
1227883,2020,2020-08-30,"Queen's Park Oval, Port of Spain",1,15.6,St Lucia Zouks,Barbados Tridents,SC Kuggeleijn,Najibullah Zadran,NRJ Young,1,0,,,,,,,,,
1227883,2020,2020-08-30,"Queen's Park Oval, Port of Spain",1,16.1,St Lucia Zouks,Barbados Tridents,SC Kuggeleijn,Najibullah Zadran,RA Reifer,1,0,,,,,,,,,
1227883,2020,2020-08-30,"Queen's Park Oval, Port of Spain",1,16.2,St Lucia Zouks,Barbados Tridents,Najibullah Zadran,SC Kuggeleijn,RA Reifer,1,0,,,,,,,,,
1227883,2020,2020-08-30,"Queen's Park Oval, Port of Spain",1,16.3,St Lucia Zouks,Barbados Tridents,SC Kuggeleijn,Najibullah Zadran,RA Reifer,1,0,,,,,,,,,
1227883,2020,2020-08-30,"Queen's Park Oval, Port of Spain",1,16.4,St Lucia Zouks,Barbados Tridents,Najibullah Zadran,SC Kuggeleijn,RA Reifer,0,0,,,,,,caught,Najibullah Zadran,,
1227883,2020,2020-08-30,"Queen's Park Oval, Port of Spain",1,16.5,St Lucia Zouks,Barbados Tridents,SC Kuggeleijn,KOK Williams,RA Reifer,2,0,,,,,,,,,
1227883,2020,2020-08-30,"Queen's Park Oval, Port of Spain",1,16.6,St Lucia Zouks,Barbados Tridents,SC Kuggeleijn,KOK Williams,RA Reifer,0,0,,,,,,caught,SC Kuggeleijn,,
1227883,2020,2020-08-30,"Queen's Park Oval, Port of Spain",1,17.1,St Lucia Zouks,Barbados Tridents,Zahir Khan,KOK Williams,Rashid Khan,2,0,,,,,,,,,
1227883,2020,2020-08-30,"Queen's Park Oval, Port of Spain",1,17.2,St Lucia Zouks,Barbados Tridents,Zahir Khan,KOK Williams,Rashid Khan,0,0,,,,,,,,,
1227883,2020,2020-08-30,"Queen's Park Oval, Port of Spain",1,17.3,St Lucia Zouks,Barbados Tridents,Zahir Khan,KOK Williams,Rashid Khan,0,1,,,,1,,,,,
1227883,2020,2020-08-30,"Queen's Park Oval, Port of Spain",1,17.4,St Lucia Zouks,Barbados Tridents,KOK Williams,Zahir Khan,Rashid Khan,1,0,,,,,,,,,
1227883,2020,2020-08-30,"Queen's Park Oval, Port of Spain",1,17.5,St Lucia Zouks,Barbados Tridents,Zahir Khan,KOK Williams,Rashid Khan,0,0,,,,,,,,,
1227883,2020,2020-08-30,"Queen's Park Oval, Port of Spain",1,17.6,St Lucia Zouks,Barbados Tridents,Zahir Khan,KOK Williams,Rashid Khan,0,0,,,,,,bowled,Zahir Khan,,
1227883,2020,2020-08-30,"Queen's Park Oval, Port of Spain",2,0.1,Barbados Tridents,St Lucia Zouks,J Charles,SD Hope,Mohammad Nabi,1,0,,,,,,,,,
1227883,2020,2020-08-30,"Queen's Park Oval, Port of Spain",2,0.2,Barbados Tridents,St Lucia Zouks,SD Hope,J Charles,Mohammad Nabi,1,0,,,,,,,,,
1227883,2020,2020-08-30,"Queen's Park Oval, Port of Spain",2,0.3,Barbados Tridents,St Lucia Zouks,J Charles,SD Hope,Mohammad Nabi,1,0,,,,,,,,,
1227883,2020,2020-08-30,"Queen's Park Oval, Port of Spain",2,0.4,Barbados Tridents,St Lucia Zouks,SD Hope,J Charles,Mohammad Nabi,0,0,,,,,,,,,
1227883,2020,2020-08-30,"Queen's Park Oval, Port of Spain",2,0.5,Barbados Tridents,St Lucia Zouks,SD Hope,J Charles,Mohammad Nabi,0,0,,,,,,,,,
1227883,2020,2020-08-30,"Queen's Park Oval, Port of Spain",2,0.6,Barbados Tridents,St Lucia Zouks,SD Hope,J Charles,Mohammad Nabi,0,0,,,,,,,,,
1227883,2020,2020-08-30,"Queen's Park Oval, Port of Spain",2,1.1,Barbados Tridents,St Lucia Zouks,J Charles,SD Hope,SC Kuggeleijn,0,0,,,,,,,,,
1227883,2020,2020-08-30,"Queen's Park Oval, Port of Spain",2,1.2,Barbados Tridents,St Lucia Zouks,J Charles,SD Hope,SC Kuggeleijn,1,0,,,,,,,,,
1227883,2020,2020-08-30,"Queen's Park Oval, Port of Spain",2,1.3,Barbados Tridents,St Lucia Zouks,SD Hope,J Charles,SC Kuggeleijn,0,0,,,,,,,,,
1227883,2020,2020-08-30,"Queen's Park Oval, Port of Spain",2,1.4,Barbados Tridents,St Lucia Zouks,SD Hope,J Charles,SC Kuggeleijn,4,0,,,,,,,,,
1227883,2020,2020-08-30,"Queen's Park Oval, Port of Spain",2,1.5,Barbados Tridents,St Lucia Zouks,SD Hope,J Charles,SC Kuggeleijn,0,1,,,,1,,,,,
1227883,2020,2020-08-30,"Queen's Park Oval, Port of Spain",2,1.6,Barbados Tridents,St Lucia Zouks,J Charles,SD Hope,SC Kuggeleijn,0,0,,,,,,,,,
1227883,2020,2020-08-30,"Queen's Park Oval, Port of Spain",2,2.1,Barbados Tridents,St Lucia Zouks,SD Hope,J Charles,Mohammad Nabi,1,0,,,,,,,,,
1227883,2020,2020-08-30,"Queen's Park Oval, Port of Spain",2,2.2,Barbados Tridents,St Lucia Zouks,J Charles,SD Hope,Mohammad Nabi,4,0,,,,,,,,,
1227883,2020,2020-08-30,"Queen's Park Oval, Port of Spain",2,2.3,Barbados Tridents,St Lucia Zouks,J Charles,SD Hope,Mohammad Nabi,0,0,,,,,,,,,
1227883,2020,2020-08-30,"Queen's Park Oval, Port of Spain",2,2.4,Barbados Tridents,St Lucia Zouks,J Charles,SD Hope,Mohammad Nabi,2,0,,,,,,,,,
1227883,2020,2020-08-30,"Queen's Park Oval, Port of Spain",2,2.5,Barbados Tridents,St Lucia Zouks,J Charles,SD Hope,Mohammad Nabi,1,0,,,,,,,,,
1227883,2020,2020-08-30,"Queen's Park Oval, Port of Spain",2,2.6,Barbados Tridents,St Lucia Zouks,SD Hope,J Charles,Mohammad Nabi,1,0,,,,,,,,,
1227883,2020,2020-08-30,"Queen's Park Oval, Port of Spain",2,3.1,Barbados Tridents,St Lucia Zouks,SD Hope,J Charles,SC Kuggeleijn,0,0,,,,,,,,,
1227883,2020,2020-08-30,"Queen's Park Oval, Port of Spain",2,3.2,Barbados Tridents,St Lucia Zouks,SD Hope,J Charles,SC Kuggeleijn,1,0,,,,,,,,,
1227883,2020,2020-08-30,"Queen's Park Oval, Port of Spain",2,3.3,Barbados Tridents,St Lucia Zouks,J Charles,SD Hope,SC Kuggeleijn,2,0,,,,,,,,,
1227883,2020,2020-08-30,"Queen's Park Oval, Port of Spain",2,3.4,Barbados Tridents,St Lucia Zouks,J Charles,SD Hope,SC Kuggeleijn,1,0,,,,,,,,,
1227883,2020,2020-08-30,"Queen's Park Oval, Port of Spain",2,3.5,Barbados Tridents,St Lucia Zouks,SD Hope,J Charles,SC Kuggeleijn,0,0,,,,,,,,,
1227883,2020,2020-08-30,"Queen's Park Oval, Port of Spain",2,3.6,Barbados Tridents,St Lucia Zouks,SD Hope,J Charles,SC Kuggeleijn,1,0,,,,,,,,,
1227883,2020,2020-08-30,"Queen's Park Oval, Port of Spain",2,4.1,Barbados Tridents,St Lucia Zouks,SD Hope,J Charles,Zahir Khan,0,0,,,,,,,,,
1227883,2020,2020-08-30,"Queen's Park Oval, Port of Spain",2,4.2,Barbados Tridents,St Lucia Zouks,SD Hope,J Charles,Zahir Khan,0,0,,,,,,,,,
1227883,2020,2020-08-30,"Queen's Park Oval, Port of Spain",2,4.3,Barbados Tridents,St Lucia Zouks,SD Hope,J Charles,Zahir Khan,1,0,,,,,,,,,
1227883,2020,2020-08-30,"Queen's Park Oval, Port of Spain",2,4.4,Barbados Tridents,St Lucia Zouks,J Charles,SD Hope,Zahir Khan,0,0,,,,,,,,,
1227883,2020,2020-08-30,"Queen's Park Oval, Port of Spain",2,4.5,Barbados Tridents,St Lucia Zouks,J Charles,SD Hope,Zahir Khan,4,0,,,,,,,,,
1227883,2020,2020-08-30,"Queen's Park Oval, Port of Spain",2,4.6,Barbados Tridents,St Lucia Zouks,J Charles,SD Hope,Zahir Khan,0,0,,,,,,,,,
1227883,2020,2020-08-30,"Queen's Park Oval, Port of Spain",2,5.1,Barbados Tridents,St Lucia Zouks,SD Hope,J Charles,KOK Williams,4,0,,,,,,,,,
1227883,2020,2020-08-30,"Queen's Park Oval, Port of Spain",2,5.2,Barbados Tridents,St Lucia Zouks,SD Hope,J Charles,KOK Williams,0,0,,,,,,lbw,SD Hope,,
1227883,2020,2020-08-30,"Queen's Park Oval, Port of Spain",2,5.3,Barbados Tridents,St Lucia Zouks,KR Mayers,J Charles,KOK Williams,0,0,,,,,,,,,
1227883,2020,2020-08-30,"Queen's Park Oval, Port of Spain",2,5.4,Barbados Tridents,St Lucia Zouks,KR Mayers,J Charles,KOK Williams,1,0,,,,,,,,,
1227883,2020,2020-08-30,"Queen's Park Oval, Port of Spain",2,5.5,Barbados Tridents,St Lucia Zouks,J Charles,KR Mayers,KOK Williams,0,0,,,,,,,,,
1227883,2020,2020-08-30,"Queen's Park Oval, Port of Spain",2,5.6,Barbados Tridents,St Lucia Zouks,J Charles,KR Mayers,KOK Williams,1,0,,,,,,,,,
1227883,2020,2020-08-30,"Queen's Park Oval, Port of Spain",2,6.1,Barbados Tridents,St Lucia Zouks,J Charles,KR Mayers,Zahir Khan,1,0,,,,,,,,,
1227883,2020,2020-08-30,"Queen's Park Oval, Port of Spain",2,6.2,Barbados Tridents,St Lucia Zouks,KR Mayers,J Charles,Zahir Khan,1,0,,,,,,,,,
1227883,2020,2020-08-30,"Queen's Park Oval, Port of Spain",2,6.3,Barbados Tridents,St Lucia Zouks,J Charles,KR Mayers,Zahir Khan,1,0,,,,,,,,,
1227883,2020,2020-08-30,"Queen's Park Oval, Port of Spain",2,6.4,Barbados Tridents,St Lucia Zouks,KR Mayers,J Charles,Zahir Khan,0,0,,,,,,,,,
1227883,2020,2020-08-30,"Queen's Park Oval, Port of Spain",2,6.5,Barbados Tridents,St Lucia Zouks,KR Mayers,J Charles,Zahir Khan,0,0,,,,,,bowled,KR Mayers,,
1227883,2020,2020-08-30,"Queen's Park Oval, Port of Spain",2,6.6,Barbados Tridents,St Lucia Zouks,JO Holder,J Charles,Zahir Khan,0,0,,,,,,,,,
1227883,2020,2020-08-30,"Queen's Park Oval, Port of Spain",2,7.1,Barbados Tridents,St Lucia Zouks,J Charles,JO Holder,KOK Williams,2,0,,,,,,,,,
1227883,2020,2020-08-30,"Queen's Park Oval, Port of Spain",2,7.2,Barbados Tridents,St Lucia Zouks,J Charles,JO Holder,KOK Williams,0,0,,,,,,,,,
1227883,2020,2020-08-30,"Queen's Park Oval, Port of Spain",2,7.3,Barbados Tridents,St Lucia Zouks,J Charles,JO Holder,KOK Williams,0,0,,,,,,,,,
1227883,2020,2020-08-30,"Queen's Park Oval, Port of Spain",2,7.4,Barbados Tridents,St Lucia Zouks,J Charles,JO Holder,KOK Williams,0,0,,,,,,,,,
1227883,2020,2020-08-30,"Queen's Park Oval, Port of Spain",2,7.5,Barbados Tridents,St Lucia Zouks,J Charles,JO Holder,KOK Williams,0,0,,,,,,,,,
1227883,2020,2020-08-30,"Queen's Park Oval, Port of Spain",2,7.6,Barbados Tridents,St Lucia Zouks,J Charles,JO Holder,KOK Williams,0,0,,,,,,,,,
1227883,2020,2020-08-30,"Queen's Park Oval, Port of Spain",2,8.1,Barbados Tridents,St Lucia Zouks,JO Holder,J Charles,Zahir Khan,0,0,,,,,,,,,
1227883,2020,2020-08-30,"Queen's Park Oval, Port of Spain",2,8.2,Barbados Tridents,St Lucia Zouks,JO Holder,J Charles,Zahir Khan,0,0,,,,,,,,,
1227883,2020,2020-08-30,"Queen's Park Oval, Port of Spain",2,8.3,Barbados Tridents,St Lucia Zouks,JO Holder,J Charles,Zahir Khan,1,0,,,,,,,,,
1227883,2020,2020-08-30,"Queen's Park Oval, Port of Spain",2,8.4,Barbados Tridents,St Lucia Zouks,J Charles,JO Holder,Zahir Khan,0,0,,,,,,,,,
1227883,2020,2020-08-30,"Queen's Park Oval, Port of Spain",2,8.5,Barbados Tridents,St Lucia Zouks,J Charles,JO Holder,Zahir Khan,4,0,,,,,,,,,
1227883,2020,2020-08-30,"Queen's Park Oval, Port of Spain",2,8.6,Barbados Tridents,St Lucia Zouks,J Charles,JO Holder,Zahir Khan,4,0,,,,,,,,,
1227883,2020,2020-08-30,"Queen's Park Oval, Port of Spain",2,9.1,Barbados Tridents,St Lucia Zouks,JO Holder,J Charles,KOK Williams,0,0,,,,,,lbw,JO Holder,,
1227883,2020,2020-08-30,"Queen's Park Oval, Port of Spain",2,9.2,Barbados Tridents,St Lucia Zouks,CJ Anderson,J Charles,KOK Williams,0,0,,,,,,,,,
1227883,2020,2020-08-30,"Queen's Park Oval, Port of Spain",2,9.3,Barbados Tridents,St Lucia Zouks,CJ Anderson,J Charles,KOK Williams,1,0,,,,,,,,,
1227883,2020,2020-08-30,"Queen's Park Oval, Port of Spain",2,9.4,Barbados Tridents,St Lucia Zouks,J Charles,CJ Anderson,KOK Williams,1,0,,,,,,,,,
1227883,2020,2020-08-30,"Queen's Park Oval, Port of Spain",2,9.5,Barbados Tridents,St Lucia Zouks,CJ Anderson,J Charles,KOK Williams,1,0,,,,,,,,,
1227883,2020,2020-08-30,"Queen's Park Oval, Port of Spain",2,9.6,Barbados Tridents,St Lucia Zouks,J Charles,CJ Anderson,KOK Williams,1,0,,,,,,,,,
1227883,2020,2020-08-30,"Queen's Park Oval, Port of Spain",2,10.1,Barbados Tridents,St Lucia Zouks,J Charles,CJ Anderson,RL Chase,0,0,,,,,,,,,
1227883,2020,2020-08-30,"Queen's Park Oval, Port of Spain",2,10.2,Barbados Tridents,St Lucia Zouks,J Charles,CJ Anderson,RL Chase,0,0,,,,,,,,,
1227883,2020,2020-08-30,"Queen's Park Oval, Port of Spain",2,10.3,Barbados Tridents,St Lucia Zouks,J Charles,CJ Anderson,RL Chase,2,0,,,,,,,,,
1227883,2020,2020-08-30,"Queen's Park Oval, Port of Spain",2,10.4,Barbados Tridents,St Lucia Zouks,J Charles,CJ Anderson,RL Chase,0,0,,,,,,,,,
1227883,2020,2020-08-30,"Queen's Park Oval, Port of Spain",2,10.5,Barbados Tridents,St Lucia Zouks,J Charles,CJ Anderson,RL Chase,1,0,,,,,,,,,
1227883,2020,2020-08-30,"Queen's Park Oval, Port of Spain",2,10.6,Barbados Tridents,St Lucia Zouks,CJ Anderson,J Charles,RL Chase,0,0,,,,,,,,,
1227883,2020,2020-08-30,"Queen's Park Oval, Port of Spain",2,11.1,Barbados Tridents,St Lucia Zouks,J Charles,CJ Anderson,J Glen,0,0,,,,,,,,,
1227883,2020,2020-08-30,"Queen's Park Oval, Port of Spain",2,11.2,Barbados Tridents,St Lucia Zouks,J Charles,CJ Anderson,J Glen,1,0,,,,,,,,,
1227883,2020,2020-08-30,"Queen's Park Oval, Port of Spain",2,11.3,Barbados Tridents,St Lucia Zouks,CJ Anderson,J Charles,J Glen,1,0,,,,,,,,,
1227883,2020,2020-08-30,"Queen's Park Oval, Port of Spain",2,11.4,Barbados Tridents,St Lucia Zouks,J Charles,CJ Anderson,J Glen,0,0,,,,,,,,,
1227883,2020,2020-08-30,"Queen's Park Oval, Port of Spain",2,11.5,Barbados Tridents,St Lucia Zouks,J Charles,CJ Anderson,J Glen,0,0,,,,,,,,,
1227883,2020,2020-08-30,"Queen's Park Oval, Port of Spain",2,11.6,Barbados Tridents,St Lucia Zouks,J Charles,CJ Anderson,J Glen,1,0,,,,,,,,,
1227883,2020,2020-08-30,"Queen's Park Oval, Port of Spain",2,12.1,Barbados Tridents,St Lucia Zouks,J Charles,CJ Anderson,RL Chase,1,0,,,,,,,,,
1227883,2020,2020-08-30,"Queen's Park Oval, Port of Spain",2,12.2,Barbados Tridents,St Lucia Zouks,CJ Anderson,J Charles,RL Chase,2,0,,,,,,,,,
1227883,2020,2020-08-30,"Queen's Park Oval, Port of Spain",2,12.3,Barbados Tridents,St Lucia Zouks,CJ Anderson,J Charles,RL Chase,1,0,,,,,,,,,
1227883,2020,2020-08-30,"Queen's Park Oval, Port of Spain",2,12.4,Barbados Tridents,St Lucia Zouks,J Charles,CJ Anderson,RL Chase,1,0,,,,,,,,,
1227883,2020,2020-08-30,"Queen's Park Oval, Port of Spain",2,12.5,Barbados Tridents,St Lucia Zouks,CJ Anderson,J Charles,RL Chase,0,0,,,,,,,,,
1227883,2020,2020-08-30,"Queen's Park Oval, Port of Spain",2,12.6,Barbados Tridents,St Lucia Zouks,CJ Anderson,J Charles,RL Chase,0,0,,,,,,,,,
1227883,2020,2020-08-30,"Queen's Park Oval, Port of Spain",2,13.1,Barbados Tridents,St Lucia Zouks,J Charles,CJ Anderson,J Glen,0,0,,,,,,caught,J Charles,,
1227883,2020,2020-08-30,"Queen's Park Oval, Port of Spain",2,13.2,Barbados Tridents,St Lucia Zouks,CJ Anderson,AR Nurse,J Glen,1,0,,,,,,,,,
1227883,2020,2020-08-30,"Queen's Park Oval, Port of Spain",2,13.3,Barbados Tridents,St Lucia Zouks,AR Nurse,CJ Anderson,J Glen,0,0,,,,,,,,,
1227883,2020,2020-08-30,"Queen's Park Oval, Port of Spain",2,13.4,Barbados Tridents,St Lucia Zouks,AR Nurse,CJ Anderson,J Glen,1,0,,,,,,,,,
1227883,2020,2020-08-30,"Queen's Park Oval, Port of Spain",2,13.5,Barbados Tridents,St Lucia Zouks,CJ Anderson,AR Nurse,J Glen,1,0,,,,,,,,,
1227883,2020,2020-08-30,"Queen's Park Oval, Port of Spain",2,13.6,Barbados Tridents,St Lucia Zouks,AR Nurse,CJ Anderson,J Glen,1,0,,,,,,,,,
1227883,2020,2020-08-30,"Queen's Park Oval, Port of Spain",2,14.1,Barbados Tridents,St Lucia Zouks,AR Nurse,CJ Anderson,Zahir Khan,1,0,,,,,,,,,
1227883,2020,2020-08-30,"Queen's Park Oval, Port of Spain",2,14.2,Barbados Tridents,St Lucia Zouks,CJ Anderson,AR Nurse,Zahir Khan,0,0,,,,,,,,,
1227883,2020,2020-08-30,"Queen's Park Oval, Port of Spain",2,14.3,Barbados Tridents,St Lucia Zouks,CJ Anderson,AR Nurse,Zahir Khan,0,0,,,,,,,,,
1227883,2020,2020-08-30,"Queen's Park Oval, Port of Spain",2,14.4,Barbados Tridents,St Lucia Zouks,CJ Anderson,AR Nurse,Zahir Khan,1,0,,,,,,,,,
1227883,2020,2020-08-30,"Queen's Park Oval, Port of Spain",2,14.5,Barbados Tridents,St Lucia Zouks,AR Nurse,CJ Anderson,Zahir Khan,0,0,,,,,,,,,
1227883,2020,2020-08-30,"Queen's Park Oval, Port of Spain",2,14.6,Barbados Tridents,St Lucia Zouks,AR Nurse,CJ Anderson,Zahir Khan,2,0,,,,,,,,,
1227883,2020,2020-08-30,"Queen's Park Oval, Port of Spain",2,15.1,Barbados Tridents,St Lucia Zouks,CJ Anderson,AR Nurse,Mohammad Nabi,1,0,,,,,,,,,
1227883,2020,2020-08-30,"Queen's Park Oval, Port of Spain",2,15.2,Barbados Tridents,St Lucia Zouks,AR Nurse,CJ Anderson,Mohammad Nabi,0,0,,,,,,,,,
1227883,2020,2020-08-30,"Queen's Park Oval, Port of Spain",2,15.3,Barbados Tridents,St Lucia Zouks,AR Nurse,CJ Anderson,Mohammad Nabi,0,0,,,,,,,,,
1227883,2020,2020-08-30,"Queen's Park Oval, Port of Spain",2,15.4,Barbados Tridents,St Lucia Zouks,AR Nurse,CJ Anderson,Mohammad Nabi,0,0,,,,,,,,,
1227883,2020,2020-08-30,"Queen's Park Oval, Port of Spain",2,15.5,Barbados Tridents,St Lucia Zouks,AR Nurse,CJ Anderson,Mohammad Nabi,2,0,,,,,,,,,
1227883,2020,2020-08-30,"Queen's Park Oval, Port of Spain",2,15.6,Barbados Tridents,St Lucia Zouks,AR Nurse,CJ Anderson,Mohammad Nabi,0,0,,,,,,,,,
1227883,2020,2020-08-30,"Queen's Park Oval, Port of Spain",2,16.1,Barbados Tridents,St Lucia Zouks,CJ Anderson,AR Nurse,RL Chase,0,0,,,,,,,,,
1227883,2020,2020-08-30,"Queen's Park Oval, Port of Spain",2,16.2,Barbados Tridents,St Lucia Zouks,CJ Anderson,AR Nurse,RL Chase,1,0,,,,,,,,,
1227883,2020,2020-08-30,"Queen's Park Oval, Port of Spain",2,16.3,Barbados Tridents,St Lucia Zouks,AR Nurse,CJ Anderson,RL Chase,1,0,,,,,,,,,
1227883,2020,2020-08-30,"Queen's Park Oval, Port of Spain",2,16.4,Barbados Tridents,St Lucia Zouks,CJ Anderson,AR Nurse,RL Chase,0,1,,,,1,,,,,
1227883,2020,2020-08-30,"Queen's Park Oval, Port of Spain",2,16.5,Barbados Tridents,St Lucia Zouks,AR Nurse,CJ Anderson,RL Chase,0,0,,,,,,,,,
1227883,2020,2020-08-30,"Queen's Park Oval, Port of Spain",2,16.6,Barbados Tridents,St Lucia Zouks,AR Nurse,CJ Anderson,RL Chase,0,0,,,,,,,,,
1227883,2020,2020-08-30,"Queen's Park Oval, Port of Spain",2,17.1,Barbados Tridents,St Lucia Zouks,CJ Anderson,AR Nurse,Mohammad Nabi,0,1,1,,,,,,,,
1227883,2020,2020-08-30,"Queen's Park Oval, Port of Spain",2,17.2,Barbados Tridents,St Lucia Zouks,CJ Anderson,AR Nurse,Mohammad Nabi,0,0,,,,,,,,,
1227883,2020,2020-08-30,"Queen's Park Oval, Port of Spain",2,17.3,Barbados Tridents,St Lucia Zouks,CJ Anderson,AR Nurse,Mohammad Nabi,0,0,,,,,,bowled,CJ Anderson,,
1227883,2020,2020-08-30,"Queen's Park Oval, Port of Spain",2,17.4,Barbados Tridents,St Lucia Zouks,Rashid Khan,AR Nurse,Mohammad Nabi,0,0,,,,,,,,,
1227883,2020,2020-08-30,"Queen's Park Oval, Port of Spain",2,17.5,Barbados Tridents,St Lucia Zouks,Rashid Khan,AR Nurse,Mohammad Nabi,1,0,,,,,,,,,
1227883,2020,2020-08-30,"Queen's Park Oval, Port of Spain",2,17.6,Barbados Tridents,St Lucia Zouks,AR Nurse,Rashid Khan,Mohammad Nabi,0,0,,,,,,,,,
1227883,2020,2020-08-30,"Queen's Park Oval, Port of Spain",2,17.7,Barbados Tridents,St Lucia Zouks,AR Nurse,Rashid Khan,Mohammad Nabi,1,0,,,,,,,,,
1227883,2020,2020-08-30,"Queen's Park Oval, Port of Spain",2,18.1,Barbados Tridents,St Lucia Zouks,AR Nurse,Rashid Khan,J Glen,1,0,,,,,,,,,
1227883,2020,2020-08-30,"Queen's Park Oval, Port of Spain",2,18.2,Barbados Tridents,St Lucia Zouks,Rashid Khan,AR Nurse,J Glen,0,0,,,,,,,,,
1227883,2020,2020-08-30,"Queen's Park Oval, Port of Spain",2,18.3,Barbados Tridents,St Lucia Zouks,Rashid Khan,AR Nurse,J Glen,1,0,,,,,,,,,
1227883,2020,2020-08-30,"Queen's Park Oval, Port of Spain",2,18.4,Barbados Tridents,St Lucia Zouks,AR Nurse,Rashid Khan,J Glen,1,0,,,,,,,,,
1227883,2020,2020-08-30,"Queen's Park Oval, Port of Spain",2,18.5,Barbados Tridents,St Lucia Zouks,Rashid Khan,AR Nurse,J Glen,0,0,,,,,,caught,Rashid Khan,,
1227883,2020,2020-08-30,"Queen's Park Oval, Port of Spain",2,18.6,Barbados Tridents,St Lucia Zouks,AR Nurse,RA Reifer,J Glen,1,0,,,,,,,,,
1227883,2020,2020-08-30,"Queen's Park Oval, Port of Spain",2,19.1,Barbados Tridents,St Lucia Zouks,AR Nurse,RA Reifer,RL Chase,0,0,,,,,,,,,
1227883,2020,2020-08-30,"Queen's Park Oval, Port of Spain",2,19.2,Barbados Tridents,St Lucia Zouks,AR Nurse,RA Reifer,RL Chase,0,0,,,,,,caught,AR Nurse,,
1227883,2020,2020-08-30,"Queen's Park Oval, Port of Spain",2,19.3,Barbados Tridents,St Lucia Zouks,RA Reifer,NRJ Young,RL Chase,0,0,,,,,,,,,
1227883,2020,2020-08-30,"Queen's Park Oval, Port of Spain",2,19.4,Barbados Tridents,St Lucia Zouks,RA Reifer,NRJ Young,RL Chase,2,0,,,,,,,,,
1227883,2020,2020-08-30,"Queen's Park Oval, Port of Spain",2,19.5,Barbados Tridents,St Lucia Zouks,RA Reifer,NRJ Young,RL Chase,0,1,,,1,,,,,,
1227883,2020,2020-08-30,"Queen's Park Oval, Port of Spain",2,19.6,Barbados Tridents,St Lucia Zouks,NRJ Young,RA Reifer,RL Chase,2,0,,,,,,,,,
