match_id,season,start_date,venue,innings,ball,batting_team,bowling_team,striker,non_striker,bowler,runs_off_bat,extras,wides,noballs,byes,legbyes,penalty,wicket_type,player_dismissed,other_wicket_type,other_player_dismissed
1227895,2020,2020-09-08,"Brian Lara Stadium, Tarouba",1,0.1,Jamaica Tallawahs,Trinbago Knight Riders,J Blackwood,GD Phillips,AJ Hosein,0,0,,,,,,,,,
1227895,2020,2020-09-08,"Brian Lara Stadium, Tarouba",1,0.2,Jamaica Tallawahs,Trinbago Knight Riders,J Blackwood,GD Phillips,AJ Hosein,0,0,,,,,,,,,
1227895,2020,2020-09-08,"Brian Lara Stadium, Tarouba",1,0.3,Jamaica Tallawahs,Trinbago Knight Riders,J Blackwood,GD Phillips,AJ Hosein,0,0,,,,,,,,,
1227895,2020,2020-09-08,"Brian Lara Stadium, Tarouba",1,0.4,Jamaica Tallawahs,Trinbago Knight Riders,J Blackwood,GD Phillips,AJ Hosein,0,0,,,,,,bowled,J Blackwood,,
1227895,2020,2020-09-08,"Brian Lara Stadium, Tarouba",1,0.5,Jamaica Tallawahs,Trinbago Knight Riders,Mujeeb Ur Rahman,GD Phillips,AJ Hosein,0,0,,,,,,,,,
1227895,2020,2020-09-08,"Brian Lara Stadium, Tarouba",1,0.6,Jamaica Tallawahs,Trinbago Knight Riders,Mujeeb Ur Rahman,GD Phillips,AJ Hosein,0,0,,,,,,,,,
1227895,2020,2020-09-08,"Brian Lara Stadium, Tarouba",1,1.1,Jamaica Tallawahs,Trinbago Knight Riders,GD Phillips,Mujeeb Ur Rahman,K Pierre,2,0,,,,,,,,,
1227895,2020,2020-09-08,"Brian Lara Stadium, Tarouba",1,1.2,Jamaica Tallawahs,Trinbago Knight Riders,GD Phillips,Mujeeb Ur Rahman,K Pierre,0,0,,,,,,caught,GD Phillips,,
1227895,2020,2020-09-08,"Brian Lara Stadium, Tarouba",1,1.3,Jamaica Tallawahs,Trinbago Knight Riders,NE Bonner,Mujeeb Ur Rahman,K Pierre,0,0,,,,,,,,,
1227895,2020,2020-09-08,"Brian Lara Stadium, Tarouba",1,1.4,Jamaica Tallawahs,Trinbago Knight Riders,NE Bonner,Mujeeb Ur Rahman,K Pierre,2,0,,,,,,,,,
1227895,2020,2020-09-08,"Brian Lara Stadium, Tarouba",1,1.5,Jamaica Tallawahs,Trinbago Knight Riders,NE Bonner,Mujeeb Ur Rahman,K Pierre,0,0,,,,,,,,,
1227895,2020,2020-09-08,"Brian Lara Stadium, Tarouba",1,1.6,Jamaica Tallawahs,Trinbago Knight Riders,NE Bonner,Mujeeb Ur Rahman,K Pierre,1,0,,,,,,,,,
1227895,2020,2020-09-08,"Brian Lara Stadium, Tarouba",1,2.1,Jamaica Tallawahs,Trinbago Knight Riders,NE Bonner,Mujeeb Ur Rahman,AJ Hosein,4,0,,,,,,,,,
1227895,2020,2020-09-08,"Brian Lara Stadium, Tarouba",1,2.2,Jamaica Tallawahs,Trinbago Knight Riders,NE Bonner,Mujeeb Ur Rahman,AJ Hosein,0,0,,,,,,,,,
1227895,2020,2020-09-08,"Brian Lara Stadium, Tarouba",1,2.3,Jamaica Tallawahs,Trinbago Knight Riders,NE Bonner,Mujeeb Ur Rahman,AJ Hosein,1,0,,,,,,,,,
1227895,2020,2020-09-08,"Brian Lara Stadium, Tarouba",1,2.4,Jamaica Tallawahs,Trinbago Knight Riders,Mujeeb Ur Rahman,NE Bonner,AJ Hosein,0,0,,,,,,caught,Mujeeb Ur Rahman,,
1227895,2020,2020-09-08,"Brian Lara Stadium, Tarouba",1,2.5,Jamaica Tallawahs,Trinbago Knight Riders,Asif Ali,NE Bonner,AJ Hosein,0,0,,,,,,,,,
1227895,2020,2020-09-08,"Brian Lara Stadium, Tarouba",1,2.6,Jamaica Tallawahs,Trinbago Knight Riders,Asif Ali,NE Bonner,AJ Hosein,0,0,,,,,,,,,
1227895,2020,2020-09-08,"Brian Lara Stadium, Tarouba",1,3.1,Jamaica Tallawahs,Trinbago Knight Riders,NE Bonner,Asif Ali,K Pierre,0,0,,,,,,,,,
1227895,2020,2020-09-08,"Brian Lara Stadium, Tarouba",1,3.2,Jamaica Tallawahs,Trinbago Knight Riders,NE Bonner,Asif Ali,K Pierre,0,0,,,,,,,,,
1227895,2020,2020-09-08,"Brian Lara Stadium, Tarouba",1,3.3,Jamaica Tallawahs,Trinbago Knight Riders,NE Bonner,Asif Ali,K Pierre,0,0,,,,,,,,,
1227895,2020,2020-09-08,"Brian Lara Stadium, Tarouba",1,3.4,Jamaica Tallawahs,Trinbago Knight Riders,NE Bonner,Asif Ali,K Pierre,0,0,,,,,,,,,
1227895,2020,2020-09-08,"Brian Lara Stadium, Tarouba",1,3.5,Jamaica Tallawahs,Trinbago Knight Riders,NE Bonner,Asif Ali,K Pierre,2,0,,,,,,,,,
1227895,2020,2020-09-08,"Brian Lara Stadium, Tarouba",1,3.6,Jamaica Tallawahs,Trinbago Knight Riders,NE Bonner,Asif Ali,K Pierre,0,5,5,,,,,,,,
1227895,2020,2020-09-08,"Brian Lara Stadium, Tarouba",1,3.7,Jamaica Tallawahs,Trinbago Knight Riders,NE Bonner,Asif Ali,K Pierre,4,0,,,,,,,,,
1227895,2020,2020-09-08,"Brian Lara Stadium, Tarouba",1,4.1,Jamaica Tallawahs,Trinbago Knight Riders,Asif Ali,NE Bonner,AJ Hosein,4,0,,,,,,,,,
1227895,2020,2020-09-08,"Brian Lara Stadium, Tarouba",1,4.2,Jamaica Tallawahs,Trinbago Knight Riders,Asif Ali,NE Bonner,AJ Hosein,0,0,,,,,,caught,Asif Ali,,
1227895,2020,2020-09-08,"Brian Lara Stadium, Tarouba",1,4.3,Jamaica Tallawahs,Trinbago Knight Riders,R Powell,NE Bonner,AJ Hosein,0,0,,,,,,,,,
1227895,2020,2020-09-08,"Brian Lara Stadium, Tarouba",1,4.4,Jamaica Tallawahs,Trinbago Knight Riders,R Powell,NE Bonner,AJ Hosein,0,0,,,,,,,,,
1227895,2020,2020-09-08,"Brian Lara Stadium, Tarouba",1,4.5,Jamaica Tallawahs,Trinbago Knight Riders,R Powell,NE Bonner,AJ Hosein,0,0,,,,,,,,,
1227895,2020,2020-09-08,"Brian Lara Stadium, Tarouba",1,4.6,Jamaica Tallawahs,Trinbago Knight Riders,R Powell,NE Bonner,AJ Hosein,0,0,,,,,,,,,
1227895,2020,2020-09-08,"Brian Lara Stadium, Tarouba",1,5.1,Jamaica Tallawahs,Trinbago Knight Riders,NE Bonner,R Powell,SP Narine,0,0,,,,,,,,,
1227895,2020,2020-09-08,"Brian Lara Stadium, Tarouba",1,5.2,Jamaica Tallawahs,Trinbago Knight Riders,NE Bonner,R Powell,SP Narine,0,0,,,,,,,,,
1227895,2020,2020-09-08,"Brian Lara Stadium, Tarouba",1,5.3,Jamaica Tallawahs,Trinbago Knight Riders,NE Bonner,R Powell,SP Narine,0,0,,,,,,,,,
1227895,2020,2020-09-08,"Brian Lara Stadium, Tarouba",1,5.4,Jamaica Tallawahs,Trinbago Knight Riders,NE Bonner,R Powell,SP Narine,2,0,,,,,,,,,
1227895,2020,2020-09-08,"Brian Lara Stadium, Tarouba",1,5.5,Jamaica Tallawahs,Trinbago Knight Riders,NE Bonner,R Powell,SP Narine,1,0,,,,,,,,,
1227895,2020,2020-09-08,"Brian Lara Stadium, Tarouba",1,5.6,Jamaica Tallawahs,Trinbago Knight Riders,R Powell,NE Bonner,SP Narine,0,0,,,,,,,,,
1227895,2020,2020-09-08,"Brian Lara Stadium, Tarouba",1,6.1,Jamaica Tallawahs,Trinbago Knight Riders,NE Bonner,R Powell,Fawad Ahmed,4,0,,,,,,,,,
1227895,2020,2020-09-08,"Brian Lara Stadium, Tarouba",1,6.2,Jamaica Tallawahs,Trinbago Knight Riders,NE Bonner,R Powell,Fawad Ahmed,0,0,,,,,,,,,
1227895,2020,2020-09-08,"Brian Lara Stadium, Tarouba",1,6.3,Jamaica Tallawahs,Trinbago Knight Riders,NE Bonner,R Powell,Fawad Ahmed,2,0,,,,,,,,,
1227895,2020,2020-09-08,"Brian Lara Stadium, Tarouba",1,6.4,Jamaica Tallawahs,Trinbago Knight Riders,NE Bonner,R Powell,Fawad Ahmed,0,0,,,,,,,,,
1227895,2020,2020-09-08,"Brian Lara Stadium, Tarouba",1,6.5,Jamaica Tallawahs,Trinbago Knight Riders,NE Bonner,R Powell,Fawad Ahmed,2,0,,,,,,,,,
1227895,2020,2020-09-08,"Brian Lara Stadium, Tarouba",1,6.6,Jamaica Tallawahs,Trinbago Knight Riders,NE Bonner,R Powell,Fawad Ahmed,1,0,,,,,,,,,
1227895,2020,2020-09-08,"Brian Lara Stadium, Tarouba",1,7.1,Jamaica Tallawahs,Trinbago Knight Riders,NE Bonner,R Powell,SP Narine,0,0,,,,,,,,,
1227895,2020,2020-09-08,"Brian Lara Stadium, Tarouba",1,7.2,Jamaica Tallawahs,Trinbago Knight Riders,NE Bonner,R Powell,SP Narine,0,0,,,,,,,,,
1227895,2020,2020-09-08,"Brian Lara Stadium, Tarouba",1,7.3,Jamaica Tallawahs,Trinbago Knight Riders,NE Bonner,R Powell,SP Narine,4,0,,,,,,,,,
1227895,2020,2020-09-08,"Brian Lara Stadium, Tarouba",1,7.4,Jamaica Tallawahs,Trinbago Knight Riders,NE Bonner,R Powell,SP Narine,0,0,,,,,,,,,
1227895,2020,2020-09-08,"Brian Lara Stadium, Tarouba",1,7.5,Jamaica Tallawahs,Trinbago Knight Riders,NE Bonner,R Powell,SP Narine,0,0,,,,,,,,,
1227895,2020,2020-09-08,"Brian Lara Stadium, Tarouba",1,7.6,Jamaica Tallawahs,Trinbago Knight Riders,NE Bonner,R Powell,SP Narine,1,0,,,,,,,,,
1227895,2020,2020-09-08,"Brian Lara Stadium, Tarouba",1,8.1,Jamaica Tallawahs,Trinbago Knight Riders,NE Bonner,R Powell,Fawad Ahmed,1,0,,,,,,,,,
1227895,2020,2020-09-08,"Brian Lara Stadium, Tarouba",1,8.2,Jamaica Tallawahs,Trinbago Knight Riders,R Powell,NE Bonner,Fawad Ahmed,1,0,,,,,,,,,
1227895,2020,2020-09-08,"Brian Lara Stadium, Tarouba",1,8.3,Jamaica Tallawahs,Trinbago Knight Riders,NE Bonner,R Powell,Fawad Ahmed,1,0,,,,,,,,,
1227895,2020,2020-09-08,"Brian Lara Stadium, Tarouba",1,8.4,Jamaica Tallawahs,Trinbago Knight Riders,R Powell,NE Bonner,Fawad Ahmed,2,0,,,,,,,,,
1227895,2020,2020-09-08,"Brian Lara Stadium, Tarouba",1,8.5,Jamaica Tallawahs,Trinbago Knight Riders,R Powell,NE Bonner,Fawad Ahmed,1,0,,,,,,,,,
1227895,2020,2020-09-08,"Brian Lara Stadium, Tarouba",1,8.6,Jamaica Tallawahs,Trinbago Knight Riders,NE Bonner,R Powell,Fawad Ahmed,4,0,,,,,,,,,
1227895,2020,2020-09-08,"Brian Lara Stadium, Tarouba",1,9.1,Jamaica Tallawahs,Trinbago Knight Riders,R Powell,NE Bonner,K Pierre,2,0,,,,,,,,,
1227895,2020,2020-09-08,"Brian Lara Stadium, Tarouba",1,9.2,Jamaica Tallawahs,Trinbago Knight Riders,R Powell,NE Bonner,K Pierre,0,0,,,,,,,,,
1227895,2020,2020-09-08,"Brian Lara Stadium, Tarouba",1,9.3,Jamaica Tallawahs,Trinbago Knight Riders,R Powell,NE Bonner,K Pierre,1,0,,,,,,,,,
1227895,2020,2020-09-08,"Brian Lara Stadium, Tarouba",1,9.4,Jamaica Tallawahs,Trinbago Knight Riders,NE Bonner,R Powell,K Pierre,0,0,,,,,,,,,
1227895,2020,2020-09-08,"Brian Lara Stadium, Tarouba",1,9.5,Jamaica Tallawahs,Trinbago Knight Riders,NE Bonner,R Powell,K Pierre,0,0,,,,,,,,,
1227895,2020,2020-09-08,"Brian Lara Stadium, Tarouba",1,9.6,Jamaica Tallawahs,Trinbago Knight Riders,NE Bonner,R Powell,K Pierre,0,0,,,,,,,,,
1227895,2020,2020-09-08,"Brian Lara Stadium, Tarouba",1,10.1,Jamaica Tallawahs,Trinbago Knight Riders,R Powell,NE Bonner,AJ Hosein,1,0,,,,,,,,,
1227895,2020,2020-09-08,"Brian Lara Stadium, Tarouba",1,10.2,Jamaica Tallawahs,Trinbago Knight Riders,NE Bonner,R Powell,AJ Hosein,2,0,,,,,,,,,
1227895,2020,2020-09-08,"Brian Lara Stadium, Tarouba",1,10.3,Jamaica Tallawahs,Trinbago Knight Riders,NE Bonner,R Powell,AJ Hosein,0,0,,,,,,,,,
1227895,2020,2020-09-08,"Brian Lara Stadium, Tarouba",1,10.4,Jamaica Tallawahs,Trinbago Knight Riders,NE Bonner,R Powell,AJ Hosein,0,0,,,,,,,,,
1227895,2020,2020-09-08,"Brian Lara Stadium, Tarouba",1,10.5,Jamaica Tallawahs,Trinbago Knight Riders,NE Bonner,R Powell,AJ Hosein,1,0,,,,,,,,,
1227895,2020,2020-09-08,"Brian Lara Stadium, Tarouba",1,10.6,Jamaica Tallawahs,Trinbago Knight Riders,R Powell,NE Bonner,AJ Hosein,1,0,,,,,,,,,
1227895,2020,2020-09-08,"Brian Lara Stadium, Tarouba",1,11.1,Jamaica Tallawahs,Trinbago Knight Riders,R Powell,NE Bonner,Fawad Ahmed,1,0,,,,,,,,,
1227895,2020,2020-09-08,"Brian Lara Stadium, Tarouba",1,11.2,Jamaica Tallawahs,Trinbago Knight Riders,NE Bonner,R Powell,Fawad Ahmed,1,0,,,,,,,,,
1227895,2020,2020-09-08,"Brian Lara Stadium, Tarouba",1,11.3,Jamaica Tallawahs,Trinbago Knight Riders,R Powell,NE Bonner,Fawad Ahmed,1,0,,,,,,,,,
1227895,2020,2020-09-08,"Brian Lara Stadium, Tarouba",1,11.4,Jamaica Tallawahs,Trinbago Knight Riders,NE Bonner,R Powell,Fawad Ahmed,0,0,,,,,,bowled,NE Bonner,,
1227895,2020,2020-09-08,"Brian Lara Stadium, Tarouba",1,11.5,Jamaica Tallawahs,Trinbago Knight Riders,AD Russell,R Powell,Fawad Ahmed,1,0,,,,,,,,,
1227895,2020,2020-09-08,"Brian Lara Stadium, Tarouba",1,11.6,Jamaica Tallawahs,Trinbago Knight Riders,R Powell,AD Russell,Fawad Ahmed,1,0,,,,,,,,,
1227895,2020,2020-09-08,"Brian Lara Stadium, Tarouba",1,12.1,Jamaica Tallawahs,Trinbago Knight Riders,R Powell,AD Russell,DJ Bravo,0,0,,,,,,,,,
1227895,2020,2020-09-08,"Brian Lara Stadium, Tarouba",1,12.2,Jamaica Tallawahs,Trinbago Knight Riders,R Powell,AD Russell,DJ Bravo,0,1,1,,,,,,,,
1227895,2020,2020-09-08,"Brian Lara Stadium, Tarouba",1,12.3,Jamaica Tallawahs,Trinbago Knight Riders,R Powell,AD Russell,DJ Bravo,0,0,,,,,,,,,
1227895,2020,2020-09-08,"Brian Lara Stadium, Tarouba",1,12.4,Jamaica Tallawahs,Trinbago Knight Riders,R Powell,AD Russell,DJ Bravo,1,0,,,,,,,,,
1227895,2020,2020-09-08,"Brian Lara Stadium, Tarouba",1,12.5,Jamaica Tallawahs,Trinbago Knight Riders,AD Russell,R Powell,DJ Bravo,1,0,,,,,,,,,
1227895,2020,2020-09-08,"Brian Lara Stadium, Tarouba",1,12.6,Jamaica Tallawahs,Trinbago Knight Riders,R Powell,AD Russell,DJ Bravo,0,0,,,,,,,,,
1227895,2020,2020-09-08,"Brian Lara Stadium, Tarouba",1,12.7,Jamaica Tallawahs,Trinbago Knight Riders,R Powell,AD Russell,DJ Bravo,0,0,,,,,,,,,
1227895,2020,2020-09-08,"Brian Lara Stadium, Tarouba",1,13.1,Jamaica Tallawahs,Trinbago Knight Riders,AD Russell,R Powell,SP Narine,0,0,,,,,,,,,
1227895,2020,2020-09-08,"Brian Lara Stadium, Tarouba",1,13.2,Jamaica Tallawahs,Trinbago Knight Riders,AD Russell,R Powell,SP Narine,0,0,,,,,,,,,
1227895,2020,2020-09-08,"Brian Lara Stadium, Tarouba",1,13.3,Jamaica Tallawahs,Trinbago Knight Riders,AD Russell,R Powell,SP Narine,0,0,,,,,,caught,AD Russell,,
1227895,2020,2020-09-08,"Brian Lara Stadium, Tarouba",1,13.4,Jamaica Tallawahs,Trinbago Knight Riders,CR Brathwaite,R Powell,SP Narine,0,0,,,,,,,,,
1227895,2020,2020-09-08,"Brian Lara Stadium, Tarouba",1,13.5,Jamaica Tallawahs,Trinbago Knight Riders,CR Brathwaite,R Powell,SP Narine,0,0,,,,,,,,,
1227895,2020,2020-09-08,"Brian Lara Stadium, Tarouba",1,13.6,Jamaica Tallawahs,Trinbago Knight Riders,CR Brathwaite,R Powell,SP Narine,0,0,,,,,,,,,
1227895,2020,2020-09-08,"Brian Lara Stadium, Tarouba",1,14.1,Jamaica Tallawahs,Trinbago Knight Riders,R Powell,CR Brathwaite,Fawad Ahmed,2,0,,,,,,,,,
1227895,2020,2020-09-08,"Brian Lara Stadium, Tarouba",1,14.2,Jamaica Tallawahs,Trinbago Knight Riders,R Powell,CR Brathwaite,Fawad Ahmed,0,0,,,,,,,,,
1227895,2020,2020-09-08,"Brian Lara Stadium, Tarouba",1,14.3,Jamaica Tallawahs,Trinbago Knight Riders,R Powell,CR Brathwaite,Fawad Ahmed,2,0,,,,,,,,,
1227895,2020,2020-09-08,"Brian Lara Stadium, Tarouba",1,14.4,Jamaica Tallawahs,Trinbago Knight Riders,R Powell,CR Brathwaite,Fawad Ahmed,0,0,,,,,,,,,
1227895,2020,2020-09-08,"Brian Lara Stadium, Tarouba",1,14.5,Jamaica Tallawahs,Trinbago Knight Riders,R Powell,CR Brathwaite,Fawad Ahmed,0,0,,,,,,,,,
1227895,2020,2020-09-08,"Brian Lara Stadium, Tarouba",1,14.6,Jamaica Tallawahs,Trinbago Knight Riders,R Powell,CR Brathwaite,Fawad Ahmed,1,0,,,,,,,,,
1227895,2020,2020-09-08,"Brian Lara Stadium, Tarouba",1,15.1,Jamaica Tallawahs,Trinbago Knight Riders,R Powell,CR Brathwaite,SP Narine,4,0,,,,,,,,,
1227895,2020,2020-09-08,"Brian Lara Stadium, Tarouba",1,15.2,Jamaica Tallawahs,Trinbago Knight Riders,R Powell,CR Brathwaite,SP Narine,1,0,,,,,,,,,
1227895,2020,2020-09-08,"Brian Lara Stadium, Tarouba",1,15.3,Jamaica Tallawahs,Trinbago Knight Riders,CR Brathwaite,R Powell,SP Narine,0,0,,,,,,,,,
1227895,2020,2020-09-08,"Brian Lara Stadium, Tarouba",1,15.4,Jamaica Tallawahs,Trinbago Knight Riders,CR Brathwaite,R Powell,SP Narine,0,0,,,,,,,,,
1227895,2020,2020-09-08,"Brian Lara Stadium, Tarouba",1,15.5,Jamaica Tallawahs,Trinbago Knight Riders,CR Brathwaite,R Powell,SP Narine,0,0,,,,,,,,,
1227895,2020,2020-09-08,"Brian Lara Stadium, Tarouba",1,15.6,Jamaica Tallawahs,Trinbago Knight Riders,CR Brathwaite,R Powell,SP Narine,0,0,,,,,,,,,
1227895,2020,2020-09-08,"Brian Lara Stadium, Tarouba",1,16.1,Jamaica Tallawahs,Trinbago Knight Riders,R Powell,CR Brathwaite,DJ Bravo,2,0,,,,,,,,,
1227895,2020,2020-09-08,"Brian Lara Stadium, Tarouba",1,16.2,Jamaica Tallawahs,Trinbago Knight Riders,R Powell,CR Brathwaite,DJ Bravo,1,0,,,,,,,,,
1227895,2020,2020-09-08,"Brian Lara Stadium, Tarouba",1,16.3,Jamaica Tallawahs,Trinbago Knight Riders,CR Brathwaite,R Powell,DJ Bravo,0,0,,,,,,,,,
1227895,2020,2020-09-08,"Brian Lara Stadium, Tarouba",1,16.4,Jamaica Tallawahs,Trinbago Knight Riders,CR Brathwaite,R Powell,DJ Bravo,0,0,,,,,,,,,
1227895,2020,2020-09-08,"Brian Lara Stadium, Tarouba",1,16.5,Jamaica Tallawahs,Trinbago Knight Riders,CR Brathwaite,R Powell,DJ Bravo,1,0,,,,,,,,,
1227895,2020,2020-09-08,"Brian Lara Stadium, Tarouba",1,16.6,Jamaica Tallawahs,Trinbago Knight Riders,R Powell,CR Brathwaite,DJ Bravo,0,0,,,,,,,,,
1227895,2020,2020-09-08,"Brian Lara Stadium, Tarouba",1,17.1,Jamaica Tallawahs,Trinbago Knight Riders,CR Brathwaite,R Powell,K Pierre,1,0,,,,,,,,,
1227895,2020,2020-09-08,"Brian Lara Stadium, Tarouba",1,17.2,Jamaica Tallawahs,Trinbago Knight Riders,R Powell,CR Brathwaite,K Pierre,0,1,1,,,,,,,,
1227895,2020,2020-09-08,"Brian Lara Stadium, Tarouba",1,17.3,Jamaica Tallawahs,Trinbago Knight Riders,R Powell,CR Brathwaite,K Pierre,1,0,,,,,,,,,
1227895,2020,2020-09-08,"Brian Lara Stadium, Tarouba",1,17.4,Jamaica Tallawahs,Trinbago Knight Riders,CR Brathwaite,R Powell,K Pierre,0,0,,,,,,,,,
1227895,2020,2020-09-08,"Brian Lara Stadium, Tarouba",1,17.5,Jamaica Tallawahs,Trinbago Knight Riders,CR Brathwaite,R Powell,K Pierre,1,0,,,,,,,,,
1227895,2020,2020-09-08,"Brian Lara Stadium, Tarouba",1,17.6,Jamaica Tallawahs,Trinbago Knight Riders,R Powell,CR Brathwaite,K Pierre,6,0,,,,,,,,,
1227895,2020,2020-09-08,"Brian Lara Stadium, Tarouba",1,17.7,Jamaica Tallawahs,Trinbago Knight Riders,R Powell,CR Brathwaite,K Pierre,0,0,,,,,,caught,R Powell,,
1227895,2020,2020-09-08,"Brian Lara Stadium, Tarouba",1,18.1,Jamaica Tallawahs,Trinbago Knight Riders,CR Brathwaite,V Permaul,DJ Bravo,0,0,,,,,,,,,
1227895,2020,2020-09-08,"Brian Lara Stadium, Tarouba",1,18.2,Jamaica Tallawahs,Trinbago Knight Riders,CR Brathwaite,V Permaul,DJ Bravo,0,1,1,,,,,,,,
1227895,2020,2020-09-08,"Brian Lara Stadium, Tarouba",1,18.3,Jamaica Tallawahs,Trinbago Knight Riders,CR Brathwaite,V Permaul,DJ Bravo,1,0,,,,,,,,,
1227895,2020,2020-09-08,"Brian Lara Stadium, Tarouba",1,18.4,Jamaica Tallawahs,Trinbago Knight Riders,V Permaul,CR Brathwaite,DJ Bravo,0,0,,,,,,,,,
1227895,2020,2020-09-08,"Brian Lara Stadium, Tarouba",1,18.5,Jamaica Tallawahs,Trinbago Knight Riders,V Permaul,CR Brathwaite,DJ Bravo,1,0,,,,,,,,,
1227895,2020,2020-09-08,"Brian Lara Stadium, Tarouba",1,18.6,Jamaica Tallawahs,Trinbago Knight Riders,CR Brathwaite,V Permaul,DJ Bravo,0,1,1,,,,,,,,
1227895,2020,2020-09-08,"Brian Lara Stadium, Tarouba",1,18.7,Jamaica Tallawahs,Trinbago Knight Riders,CR Brathwaite,V Permaul,DJ Bravo,1,0,,,,,,,,,
1227895,2020,2020-09-08,"Brian Lara Stadium, Tarouba",1,18.8,Jamaica Tallawahs,Trinbago Knight Riders,V Permaul,CR Brathwaite,DJ Bravo,0,0,,,,,,,,,
1227895,2020,2020-09-08,"Brian Lara Stadium, Tarouba",1,19.1,Jamaica Tallawahs,Trinbago Knight Riders,CR Brathwaite,V Permaul,Ali Khan,1,0,,,,,,,,,
1227895,2020,2020-09-08,"Brian Lara Stadium, Tarouba",1,19.2,Jamaica Tallawahs,Trinbago Knight Riders,V Permaul,CR Brathwaite,Ali Khan,1,0,,,,,,,,,
1227895,2020,2020-09-08,"Brian Lara Stadium, Tarouba",1,19.3,Jamaica Tallawahs,Trinbago Knight Riders,CR Brathwaite,V Permaul,Ali Khan,1,0,,,,,,,,,
1227895,2020,2020-09-08,"Brian Lara Stadium, Tarouba",1,19.4,Jamaica Tallawahs,Trinbago Knight Riders,V Permaul,CR Brathwaite,Ali Khan,1,0,,,,,,,,,
1227895,2020,2020-09-08,"Brian Lara Stadium, Tarouba",1,19.5,Jamaica Tallawahs,Trinbago Knight Riders,CR Brathwaite,V Permaul,Ali Khan,0,0,,,,,,,,,
1227895,2020,2020-09-08,"Brian Lara Stadium, Tarouba",1,19.6,Jamaica Tallawahs,Trinbago Knight Riders,CR Brathwaite,V Permaul,Ali Khan,6,0,,,,,,,,,
1227895,2020,2020-09-08,"Brian Lara Stadium, Tarouba",2,0.1,Trinbago Knight Riders,Jamaica Tallawahs,LMP Simmons,SP Narine,FH Edwards,2,0,,,,,,,,,
1227895,2020,2020-09-08,"Brian Lara Stadium, Tarouba",2,0.2,Trinbago Knight Riders,Jamaica Tallawahs,LMP Simmons,SP Narine,FH Edwards,0,0,,,,,,,,,
1227895,2020,2020-09-08,"Brian Lara Stadium, Tarouba",2,0.3,Trinbago Knight Riders,Jamaica Tallawahs,LMP Simmons,SP Narine,FH Edwards,0,0,,,,,,,,,
1227895,2020,2020-09-08,"Brian Lara Stadium, Tarouba",2,0.4,Trinbago Knight Riders,Jamaica Tallawahs,LMP Simmons,SP Narine,FH Edwards,0,0,,,,,,,,,
1227895,2020,2020-09-08,"Brian Lara Stadium, Tarouba",2,0.5,Trinbago Knight Riders,Jamaica Tallawahs,LMP Simmons,SP Narine,FH Edwards,4,0,,,,,,,,,
1227895,2020,2020-09-08,"Brian Lara Stadium, Tarouba",2,0.6,Trinbago Knight Riders,Jamaica Tallawahs,LMP Simmons,SP Narine,FH Edwards,4,0,,,,,,,,,
1227895,2020,2020-09-08,"Brian Lara Stadium, Tarouba",2,1.1,Trinbago Knight Riders,Jamaica Tallawahs,SP Narine,LMP Simmons,Mujeeb Ur Rahman,0,0,,,,,,,,,
1227895,2020,2020-09-08,"Brian Lara Stadium, Tarouba",2,1.2,Trinbago Knight Riders,Jamaica Tallawahs,SP Narine,LMP Simmons,Mujeeb Ur Rahman,0,0,,,,,,,,,
1227895,2020,2020-09-08,"Brian Lara Stadium, Tarouba",2,1.3,Trinbago Knight Riders,Jamaica Tallawahs,SP Narine,LMP Simmons,Mujeeb Ur Rahman,4,0,,,,,,,,,
1227895,2020,2020-09-08,"Brian Lara Stadium, Tarouba",2,1.4,Trinbago Knight Riders,Jamaica Tallawahs,SP Narine,LMP Simmons,Mujeeb Ur Rahman,0,0,,,,,,bowled,SP Narine,,
1227895,2020,2020-09-08,"Brian Lara Stadium, Tarouba",2,1.5,Trinbago Knight Riders,Jamaica Tallawahs,T Webster,LMP Simmons,Mujeeb Ur Rahman,0,0,,,,,,,,,
1227895,2020,2020-09-08,"Brian Lara Stadium, Tarouba",2,1.6,Trinbago Knight Riders,Jamaica Tallawahs,T Webster,LMP Simmons,Mujeeb Ur Rahman,0,0,,,,,,,,,
1227895,2020,2020-09-08,"Brian Lara Stadium, Tarouba",2,2.1,Trinbago Knight Riders,Jamaica Tallawahs,LMP Simmons,T Webster,V Permaul,0,0,,,,,,,,,
1227895,2020,2020-09-08,"Brian Lara Stadium, Tarouba",2,2.2,Trinbago Knight Riders,Jamaica Tallawahs,LMP Simmons,T Webster,V Permaul,1,0,,,,,,,,,
1227895,2020,2020-09-08,"Brian Lara Stadium, Tarouba",2,2.3,Trinbago Knight Riders,Jamaica Tallawahs,T Webster,LMP Simmons,V Permaul,0,0,,,,,,,,,
1227895,2020,2020-09-08,"Brian Lara Stadium, Tarouba",2,2.4,Trinbago Knight Riders,Jamaica Tallawahs,T Webster,LMP Simmons,V Permaul,4,0,,,,,,,,,
1227895,2020,2020-09-08,"Brian Lara Stadium, Tarouba",2,2.5,Trinbago Knight Riders,Jamaica Tallawahs,T Webster,LMP Simmons,V Permaul,0,0,,,,,,,,,
1227895,2020,2020-09-08,"Brian Lara Stadium, Tarouba",2,2.6,Trinbago Knight Riders,Jamaica Tallawahs,T Webster,LMP Simmons,V Permaul,4,0,,,,,,,,,
1227895,2020,2020-09-08,"Brian Lara Stadium, Tarouba",2,3.1,Trinbago Knight Riders,Jamaica Tallawahs,LMP Simmons,T Webster,Mujeeb Ur Rahman,1,0,,,,,,,,,
1227895,2020,2020-09-08,"Brian Lara Stadium, Tarouba",2,3.2,Trinbago Knight Riders,Jamaica Tallawahs,T Webster,LMP Simmons,Mujeeb Ur Rahman,0,0,,,,,,,,,
1227895,2020,2020-09-08,"Brian Lara Stadium, Tarouba",2,3.3,Trinbago Knight Riders,Jamaica Tallawahs,T Webster,LMP Simmons,Mujeeb Ur Rahman,0,0,,,,,,,,,
1227895,2020,2020-09-08,"Brian Lara Stadium, Tarouba",2,3.4,Trinbago Knight Riders,Jamaica Tallawahs,T Webster,LMP Simmons,Mujeeb Ur Rahman,0,0,,,,,,,,,
1227895,2020,2020-09-08,"Brian Lara Stadium, Tarouba",2,3.5,Trinbago Knight Riders,Jamaica Tallawahs,T Webster,LMP Simmons,Mujeeb Ur Rahman,2,0,,,,,,,,,
1227895,2020,2020-09-08,"Brian Lara Stadium, Tarouba",2,3.6,Trinbago Knight Riders,Jamaica Tallawahs,T Webster,LMP Simmons,Mujeeb Ur Rahman,4,0,,,,,,,,,
1227895,2020,2020-09-08,"Brian Lara Stadium, Tarouba",2,4.1,Trinbago Knight Riders,Jamaica Tallawahs,LMP Simmons,T Webster,S Lamichhane,4,0,,,,,,,,,
1227895,2020,2020-09-08,"Brian Lara Stadium, Tarouba",2,4.2,Trinbago Knight Riders,Jamaica Tallawahs,LMP Simmons,T Webster,S Lamichhane,0,0,,,,,,,,,
1227895,2020,2020-09-08,"Brian Lara Stadium, Tarouba",2,4.3,Trinbago Knight Riders,Jamaica Tallawahs,LMP Simmons,T Webster,S Lamichhane,0,0,,,,,,,,,
1227895,2020,2020-09-08,"Brian Lara Stadium, Tarouba",2,4.4,Trinbago Knight Riders,Jamaica Tallawahs,LMP Simmons,T Webster,S Lamichhane,0,0,,,,,,,,,
1227895,2020,2020-09-08,"Brian Lara Stadium, Tarouba",2,4.5,Trinbago Knight Riders,Jamaica Tallawahs,LMP Simmons,T Webster,S Lamichhane,0,0,,,,,,,,,
1227895,2020,2020-09-08,"Brian Lara Stadium, Tarouba",2,4.6,Trinbago Knight Riders,Jamaica Tallawahs,LMP Simmons,T Webster,S Lamichhane,0,1,1,,,,,,,,
1227895,2020,2020-09-08,"Brian Lara Stadium, Tarouba",2,4.7,Trinbago Knight Riders,Jamaica Tallawahs,LMP Simmons,T Webster,S Lamichhane,0,0,,,,,,,,,
1227895,2020,2020-09-08,"Brian Lara Stadium, Tarouba",2,5.1,Trinbago Knight Riders,Jamaica Tallawahs,T Webster,LMP Simmons,Mujeeb Ur Rahman,1,0,,,,,,,,,
1227895,2020,2020-09-08,"Brian Lara Stadium, Tarouba",2,5.2,Trinbago Knight Riders,Jamaica Tallawahs,LMP Simmons,T Webster,Mujeeb Ur Rahman,1,0,,,,,,,,,
1227895,2020,2020-09-08,"Brian Lara Stadium, Tarouba",2,5.3,Trinbago Knight Riders,Jamaica Tallawahs,T Webster,LMP Simmons,Mujeeb Ur Rahman,0,0,,,,,,,,,
1227895,2020,2020-09-08,"Brian Lara Stadium, Tarouba",2,5.4,Trinbago Knight Riders,Jamaica Tallawahs,T Webster,LMP Simmons,Mujeeb Ur Rahman,1,0,,,,,,,,,
1227895,2020,2020-09-08,"Brian Lara Stadium, Tarouba",2,5.5,Trinbago Knight Riders,Jamaica Tallawahs,LMP Simmons,T Webster,Mujeeb Ur Rahman,4,0,,,,,,,,,
1227895,2020,2020-09-08,"Brian Lara Stadium, Tarouba",2,5.6,Trinbago Knight Riders,Jamaica Tallawahs,LMP Simmons,T Webster,Mujeeb Ur Rahman,0,0,,,,,,,,,
1227895,2020,2020-09-08,"Brian Lara Stadium, Tarouba",2,6.1,Trinbago Knight Riders,Jamaica Tallawahs,T Webster,LMP Simmons,S Lamichhane,1,0,,,,,,,,,
1227895,2020,2020-09-08,"Brian Lara Stadium, Tarouba",2,6.2,Trinbago Knight Riders,Jamaica Tallawahs,LMP Simmons,T Webster,S Lamichhane,0,0,,,,,,,,,
1227895,2020,2020-09-08,"Brian Lara Stadium, Tarouba",2,6.3,Trinbago Knight Riders,Jamaica Tallawahs,LMP Simmons,T Webster,S Lamichhane,1,0,,,,,,,,,
1227895,2020,2020-09-08,"Brian Lara Stadium, Tarouba",2,6.4,Trinbago Knight Riders,Jamaica Tallawahs,T Webster,LMP Simmons,S Lamichhane,0,0,,,,,,,,,
1227895,2020,2020-09-08,"Brian Lara Stadium, Tarouba",2,6.5,Trinbago Knight Riders,Jamaica Tallawahs,T Webster,LMP Simmons,S Lamichhane,0,0,,,,,,,,,
1227895,2020,2020-09-08,"Brian Lara Stadium, Tarouba",2,6.6,Trinbago Knight Riders,Jamaica Tallawahs,T Webster,LMP Simmons,S Lamichhane,6,0,,,,,,,,,
1227895,2020,2020-09-08,"Brian Lara Stadium, Tarouba",2,7.1,Trinbago Knight Riders,Jamaica Tallawahs,LMP Simmons,T Webster,V Permaul,0,0,,,,,,,,,
1227895,2020,2020-09-08,"Brian Lara Stadium, Tarouba",2,7.2,Trinbago Knight Riders,Jamaica Tallawahs,LMP Simmons,T Webster,V Permaul,1,0,,,,,,,,,
1227895,2020,2020-09-08,"Brian Lara Stadium, Tarouba",2,7.3,Trinbago Knight Riders,Jamaica Tallawahs,T Webster,LMP Simmons,V Permaul,0,0,,,,,,,,,
1227895,2020,2020-09-08,"Brian Lara Stadium, Tarouba",2,7.4,Trinbago Knight Riders,Jamaica Tallawahs,T Webster,LMP Simmons,V Permaul,0,0,,,,,,,,,
1227895,2020,2020-09-08,"Brian Lara Stadium, Tarouba",2,7.5,Trinbago Knight Riders,Jamaica Tallawahs,T Webster,LMP Simmons,V Permaul,0,0,,,,,,,,,
1227895,2020,2020-09-08,"Brian Lara Stadium, Tarouba",2,7.6,Trinbago Knight Riders,Jamaica Tallawahs,T Webster,LMP Simmons,V Permaul,1,0,,,,,,,,,
1227895,2020,2020-09-08,"Brian Lara Stadium, Tarouba",2,8.1,Trinbago Knight Riders,Jamaica Tallawahs,T Webster,LMP Simmons,S Lamichhane,2,0,,,,,,,,,
1227895,2020,2020-09-08,"Brian Lara Stadium, Tarouba",2,8.2,Trinbago Knight Riders,Jamaica Tallawahs,T Webster,LMP Simmons,S Lamichhane,1,0,,,,,,,,,
1227895,2020,2020-09-08,"Brian Lara Stadium, Tarouba",2,8.3,Trinbago Knight Riders,Jamaica Tallawahs,LMP Simmons,T Webster,S Lamichhane,0,0,,,,,,,,,
1227895,2020,2020-09-08,"Brian Lara Stadium, Tarouba",2,8.4,Trinbago Knight Riders,Jamaica Tallawahs,LMP Simmons,T Webster,S Lamichhane,0,1,1,,,,,,,,
1227895,2020,2020-09-08,"Brian Lara Stadium, Tarouba",2,8.5,Trinbago Knight Riders,Jamaica Tallawahs,LMP Simmons,T Webster,S Lamichhane,0,3,3,,,,,,,,
1227895,2020,2020-09-08,"Brian Lara Stadium, Tarouba",2,8.6,Trinbago Knight Riders,Jamaica Tallawahs,LMP Simmons,T Webster,S Lamichhane,0,0,,,,,,,,,
1227895,2020,2020-09-08,"Brian Lara Stadium, Tarouba",2,8.7,Trinbago Knight Riders,Jamaica Tallawahs,LMP Simmons,T Webster,S Lamichhane,1,0,,,,,,,,,
1227895,2020,2020-09-08,"Brian Lara Stadium, Tarouba",2,8.8,Trinbago Knight Riders,Jamaica Tallawahs,T Webster,LMP Simmons,S Lamichhane,1,0,,,,,,,,,
1227895,2020,2020-09-08,"Brian Lara Stadium, Tarouba",2,9.1,Trinbago Knight Riders,Jamaica Tallawahs,T Webster,LMP Simmons,V Permaul,0,0,,,,,,,,,
1227895,2020,2020-09-08,"Brian Lara Stadium, Tarouba",2,9.2,Trinbago Knight Riders,Jamaica Tallawahs,T Webster,LMP Simmons,V Permaul,0,0,,,,,,,,,
1227895,2020,2020-09-08,"Brian Lara Stadium, Tarouba",2,9.3,Trinbago Knight Riders,Jamaica Tallawahs,T Webster,LMP Simmons,V Permaul,0,0,,,,,,,,,
1227895,2020,2020-09-08,"Brian Lara Stadium, Tarouba",2,9.4,Trinbago Knight Riders,Jamaica Tallawahs,T Webster,LMP Simmons,V Permaul,0,0,,,,,,,,,
1227895,2020,2020-09-08,"Brian Lara Stadium, Tarouba",2,9.5,Trinbago Knight Riders,Jamaica Tallawahs,T Webster,LMP Simmons,V Permaul,0,0,,,,,,,,,
1227895,2020,2020-09-08,"Brian Lara Stadium, Tarouba",2,9.6,Trinbago Knight Riders,Jamaica Tallawahs,T Webster,LMP Simmons,V Permaul,0,0,,,,,,,,,
1227895,2020,2020-09-08,"Brian Lara Stadium, Tarouba",2,10.1,Trinbago Knight Riders,Jamaica Tallawahs,LMP Simmons,T Webster,AD Russell,1,0,,,,,,,,,
1227895,2020,2020-09-08,"Brian Lara Stadium, Tarouba",2,10.2,Trinbago Knight Riders,Jamaica Tallawahs,T Webster,LMP Simmons,AD Russell,0,0,,,,,,,,,
1227895,2020,2020-09-08,"Brian Lara Stadium, Tarouba",2,10.3,Trinbago Knight Riders,Jamaica Tallawahs,T Webster,LMP Simmons,AD Russell,1,0,,,,,,,,,
1227895,2020,2020-09-08,"Brian Lara Stadium, Tarouba",2,10.4,Trinbago Knight Riders,Jamaica Tallawahs,LMP Simmons,T Webster,AD Russell,6,0,,,,,,,,,
1227895,2020,2020-09-08,"Brian Lara Stadium, Tarouba",2,10.5,Trinbago Knight Riders,Jamaica Tallawahs,LMP Simmons,T Webster,AD Russell,0,1,,1,,,,,,,
1227895,2020,2020-09-08,"Brian Lara Stadium, Tarouba",2,10.6,Trinbago Knight Riders,Jamaica Tallawahs,LMP Simmons,T Webster,AD Russell,4,0,,,,,,,,,
1227895,2020,2020-09-08,"Brian Lara Stadium, Tarouba",2,10.7,Trinbago Knight Riders,Jamaica Tallawahs,LMP Simmons,T Webster,AD Russell,2,0,,,,,,,,,
1227895,2020,2020-09-08,"Brian Lara Stadium, Tarouba",2,11.1,Trinbago Knight Riders,Jamaica Tallawahs,T Webster,LMP Simmons,V Permaul,0,0,,,,,,,,,
1227895,2020,2020-09-08,"Brian Lara Stadium, Tarouba",2,11.2,Trinbago Knight Riders,Jamaica Tallawahs,T Webster,LMP Simmons,V Permaul,1,0,,,,,,,,,
1227895,2020,2020-09-08,"Brian Lara Stadium, Tarouba",2,11.3,Trinbago Knight Riders,Jamaica Tallawahs,LMP Simmons,T Webster,V Permaul,1,0,,,,,,,,,
1227895,2020,2020-09-08,"Brian Lara Stadium, Tarouba",2,11.4,Trinbago Knight Riders,Jamaica Tallawahs,T Webster,LMP Simmons,V Permaul,1,0,,,,,,,,,
1227895,2020,2020-09-08,"Brian Lara Stadium, Tarouba",2,11.5,Trinbago Knight Riders,Jamaica Tallawahs,LMP Simmons,T Webster,V Permaul,0,1,,,,1,,,,,
1227895,2020,2020-09-08,"Brian Lara Stadium, Tarouba",2,11.6,Trinbago Knight Riders,Jamaica Tallawahs,T Webster,LMP Simmons,V Permaul,0,0,,,,,,,,,
1227895,2020,2020-09-08,"Brian Lara Stadium, Tarouba",2,12.1,Trinbago Knight Riders,Jamaica Tallawahs,LMP Simmons,T Webster,AD Russell,0,0,,,,,,,,,
1227895,2020,2020-09-08,"Brian Lara Stadium, Tarouba",2,12.2,Trinbago Knight Riders,Jamaica Tallawahs,LMP Simmons,T Webster,AD Russell,6,0,,,,,,,,,
1227895,2020,2020-09-08,"Brian Lara Stadium, Tarouba",2,12.3,Trinbago Knight Riders,Jamaica Tallawahs,LMP Simmons,T Webster,AD Russell,0,1,1,,,,,,,,
1227895,2020,2020-09-08,"Brian Lara Stadium, Tarouba",2,12.4,Trinbago Knight Riders,Jamaica Tallawahs,LMP Simmons,T Webster,AD Russell,0,0,,,,,,,,,
1227895,2020,2020-09-08,"Brian Lara Stadium, Tarouba",2,12.5,Trinbago Knight Riders,Jamaica Tallawahs,LMP Simmons,T Webster,AD Russell,0,0,,,,,,,,,
1227895,2020,2020-09-08,"Brian Lara Stadium, Tarouba",2,12.6,Trinbago Knight Riders,Jamaica Tallawahs,LMP Simmons,T Webster,AD Russell,2,0,,,,,,,,,
1227895,2020,2020-09-08,"Brian Lara Stadium, Tarouba",2,12.7,Trinbago Knight Riders,Jamaica Tallawahs,LMP Simmons,T Webster,AD Russell,1,0,,,,,,,,,
1227895,2020,2020-09-08,"Brian Lara Stadium, Tarouba",2,13.1,Trinbago Knight Riders,Jamaica Tallawahs,LMP Simmons,T Webster,S Lamichhane,0,0,,,,,,,,,
1227895,2020,2020-09-08,"Brian Lara Stadium, Tarouba",2,13.2,Trinbago Knight Riders,Jamaica Tallawahs,LMP Simmons,T Webster,S Lamichhane,0,0,,,,,,,,,
1227895,2020,2020-09-08,"Brian Lara Stadium, Tarouba",2,13.3,Trinbago Knight Riders,Jamaica Tallawahs,LMP Simmons,T Webster,S Lamichhane,1,0,,,,,,,,,
1227895,2020,2020-09-08,"Brian Lara Stadium, Tarouba",2,13.4,Trinbago Knight Riders,Jamaica Tallawahs,T Webster,LMP Simmons,S Lamichhane,4,0,,,,,,,,,
1227895,2020,2020-09-08,"Brian Lara Stadium, Tarouba",2,13.5,Trinbago Knight Riders,Jamaica Tallawahs,T Webster,LMP Simmons,S Lamichhane,1,0,,,,,,,,,
1227895,2020,2020-09-08,"Brian Lara Stadium, Tarouba",2,13.6,Trinbago Knight Riders,Jamaica Tallawahs,LMP Simmons,T Webster,S Lamichhane,1,0,,,,,,,,,
1227895,2020,2020-09-08,"Brian Lara Stadium, Tarouba",2,14.1,Trinbago Knight Riders,Jamaica Tallawahs,LMP Simmons,T Webster,CR Brathwaite,4,0,,,,,,,,,
1227895,2020,2020-09-08,"Brian Lara Stadium, Tarouba",2,14.2,Trinbago Knight Riders,Jamaica Tallawahs,LMP Simmons,T Webster,CR Brathwaite,1,0,,,,,,,,,
1227895,2020,2020-09-08,"Brian Lara Stadium, Tarouba",2,14.3,Trinbago Knight Riders,Jamaica Tallawahs,T Webster,LMP Simmons,CR Brathwaite,0,0,,,,,,,,,
1227895,2020,2020-09-08,"Brian Lara Stadium, Tarouba",2,14.4,Trinbago Knight Riders,Jamaica Tallawahs,T Webster,LMP Simmons,CR Brathwaite,0,1,1,,,,,,,,
1227895,2020,2020-09-08,"Brian Lara Stadium, Tarouba",2,14.5,Trinbago Knight Riders,Jamaica Tallawahs,T Webster,LMP Simmons,CR Brathwaite,0,0,,,,,,,,,
1227895,2020,2020-09-08,"Brian Lara Stadium, Tarouba",2,14.6,Trinbago Knight Riders,Jamaica Tallawahs,T Webster,LMP Simmons,CR Brathwaite,4,0,,,,,,,,,
1227895,2020,2020-09-08,"Brian Lara Stadium, Tarouba",2,14.7,Trinbago Knight Riders,Jamaica Tallawahs,T Webster,LMP Simmons,CR Brathwaite,4,0,,,,,,,,,
