match_id,season,start_date,venue,innings,ball,batting_team,bowling_team,striker,non_striker,bowler,runs_off_bat,extras,wides,noballs,byes,legbyes,penalty,wicket_type,player_dismissed,other_wicket_type,other_player_dismissed
1227868,2020,2020-08-19,"Brian Lara Stadium, Tarouba",1,0.1,St Kitts and Nevis Patriots,Guyana Amazon Warriors,CA Lynn,E Lewis,CJ Green,0,0,,,,,,,,,
1227868,2020,2020-08-19,"Brian Lara Stadium, Tarouba",1,0.2,St Kitts and Nevis Patriots,Guyana Amazon Warriors,CA Lynn,E Lewis,CJ Green,0,0,,,,,,,,,
1227868,2020,2020-08-19,"Brian Lara Stadium, Tarouba",1,0.3,St Kitts and Nevis Patriots,Guyana Amazon Warriors,CA Lynn,E Lewis,CJ Green,0,0,,,,,,,,,
1227868,2020,2020-08-19,"Brian Lara Stadium, Tarouba",1,0.4,St Kitts and Nevis Patriots,Guyana Amazon Warriors,CA Lynn,E Lewis,CJ Green,1,0,,,,,,,,,
1227868,2020,2020-08-19,"Brian Lara Stadium, Tarouba",1,0.5,St Kitts and Nevis Patriots,Guyana Amazon Warriors,E Lewis,CA Lynn,CJ Green,1,0,,,,,,,,,
1227868,2020,2020-08-19,"Brian Lara Stadium, Tarouba",1,0.6,St Kitts and Nevis Patriots,Guyana Amazon Warriors,CA Lynn,E Lewis,CJ Green,1,0,,,,,,,,,
1227868,2020,2020-08-19,"Brian Lara Stadium, Tarouba",1,1.1,St Kitts and Nevis Patriots,Guyana Amazon Warriors,CA Lynn,E Lewis,Naveen-ul-Haq,0,0,,,,,,,,,
1227868,2020,2020-08-19,"Brian Lara Stadium, Tarouba",1,1.2,St Kitts and Nevis Patriots,Guyana Amazon Warriors,CA Lynn,E Lewis,Naveen-ul-Haq,2,0,,,,,,,,,
1227868,2020,2020-08-19,"Brian Lara Stadium, Tarouba",1,1.3,St Kitts and Nevis Patriots,Guyana Amazon Warriors,CA Lynn,E Lewis,Naveen-ul-Haq,0,0,,,,,,,,,
1227868,2020,2020-08-19,"Brian Lara Stadium, Tarouba",1,1.4,St Kitts and Nevis Patriots,Guyana Amazon Warriors,CA Lynn,E Lewis,Naveen-ul-Haq,1,0,,,,,,,,,
1227868,2020,2020-08-19,"Brian Lara Stadium, Tarouba",1,1.5,St Kitts and Nevis Patriots,Guyana Amazon Warriors,E Lewis,CA Lynn,Naveen-ul-Haq,0,0,,,,,,,,,
1227868,2020,2020-08-19,"Brian Lara Stadium, Tarouba",1,1.6,St Kitts and Nevis Patriots,Guyana Amazon Warriors,E Lewis,CA Lynn,Naveen-ul-Haq,0,0,,,,,,,,,
1227868,2020,2020-08-19,"Brian Lara Stadium, Tarouba",1,2.1,St Kitts and Nevis Patriots,Guyana Amazon Warriors,CA Lynn,E Lewis,R Shepherd,0,0,,,,,,,,,
1227868,2020,2020-08-19,"Brian Lara Stadium, Tarouba",1,2.2,St Kitts and Nevis Patriots,Guyana Amazon Warriors,CA Lynn,E Lewis,R Shepherd,4,0,,,,,,,,,
1227868,2020,2020-08-19,"Brian Lara Stadium, Tarouba",1,2.3,St Kitts and Nevis Patriots,Guyana Amazon Warriors,CA Lynn,E Lewis,R Shepherd,6,0,,,,,,,,,
1227868,2020,2020-08-19,"Brian Lara Stadium, Tarouba",1,2.4,St Kitts and Nevis Patriots,Guyana Amazon Warriors,CA Lynn,E Lewis,R Shepherd,1,0,,,,,,,,,
1227868,2020,2020-08-19,"Brian Lara Stadium, Tarouba",1,2.5,St Kitts and Nevis Patriots,Guyana Amazon Warriors,E Lewis,CA Lynn,R Shepherd,0,0,,,,,,,,,
1227868,2020,2020-08-19,"Brian Lara Stadium, Tarouba",1,2.6,St Kitts and Nevis Patriots,Guyana Amazon Warriors,E Lewis,CA Lynn,R Shepherd,0,0,,,,,,,,,
1227868,2020,2020-08-19,"Brian Lara Stadium, Tarouba",1,3.1,St Kitts and Nevis Patriots,Guyana Amazon Warriors,CA Lynn,E Lewis,Imran Tahir,0,0,,,,,,caught,CA Lynn,,
1227868,2020,2020-08-19,"Brian Lara Stadium, Tarouba",1,3.2,St Kitts and Nevis Patriots,Guyana Amazon Warriors,E Lewis,NF Kelly,Imran Tahir,4,0,,,,,,,,,
1227868,2020,2020-08-19,"Brian Lara Stadium, Tarouba",1,3.3,St Kitts and Nevis Patriots,Guyana Amazon Warriors,E Lewis,NF Kelly,Imran Tahir,0,0,,,,,,,,,
1227868,2020,2020-08-19,"Brian Lara Stadium, Tarouba",1,3.4,St Kitts and Nevis Patriots,Guyana Amazon Warriors,E Lewis,NF Kelly,Imran Tahir,0,0,,,,,,,,,
1227868,2020,2020-08-19,"Brian Lara Stadium, Tarouba",1,3.5,St Kitts and Nevis Patriots,Guyana Amazon Warriors,E Lewis,NF Kelly,Imran Tahir,0,0,,,,,,,,,
1227868,2020,2020-08-19,"Brian Lara Stadium, Tarouba",1,3.6,St Kitts and Nevis Patriots,Guyana Amazon Warriors,E Lewis,NF Kelly,Imran Tahir,6,0,,,,,,,,,
1227868,2020,2020-08-19,"Brian Lara Stadium, Tarouba",1,4.1,St Kitts and Nevis Patriots,Guyana Amazon Warriors,NF Kelly,E Lewis,Naveen-ul-Haq,0,1,,1,,,,,,,
1227868,2020,2020-08-19,"Brian Lara Stadium, Tarouba",1,4.2,St Kitts and Nevis Patriots,Guyana Amazon Warriors,NF Kelly,E Lewis,Naveen-ul-Haq,1,0,,,,,,,,,
1227868,2020,2020-08-19,"Brian Lara Stadium, Tarouba",1,4.3,St Kitts and Nevis Patriots,Guyana Amazon Warriors,E Lewis,NF Kelly,Naveen-ul-Haq,0,0,,,,,,,,,
1227868,2020,2020-08-19,"Brian Lara Stadium, Tarouba",1,4.4,St Kitts and Nevis Patriots,Guyana Amazon Warriors,E Lewis,NF Kelly,Naveen-ul-Haq,4,0,,,,,,,,,
1227868,2020,2020-08-19,"Brian Lara Stadium, Tarouba",1,4.5,St Kitts and Nevis Patriots,Guyana Amazon Warriors,E Lewis,NF Kelly,Naveen-ul-Haq,6,0,,,,,,,,,
1227868,2020,2020-08-19,"Brian Lara Stadium, Tarouba",1,4.6,St Kitts and Nevis Patriots,Guyana Amazon Warriors,E Lewis,NF Kelly,Naveen-ul-Haq,0,1,1,,,,,,,,
1227868,2020,2020-08-19,"Brian Lara Stadium, Tarouba",1,4.7,St Kitts and Nevis Patriots,Guyana Amazon Warriors,E Lewis,NF Kelly,Naveen-ul-Haq,1,0,,,,,,,,,
1227868,2020,2020-08-19,"Brian Lara Stadium, Tarouba",1,4.8,St Kitts and Nevis Patriots,Guyana Amazon Warriors,NF Kelly,E Lewis,Naveen-ul-Haq,4,0,,,,,,,,,
1227868,2020,2020-08-19,"Brian Lara Stadium, Tarouba",1,5.1,St Kitts and Nevis Patriots,Guyana Amazon Warriors,E Lewis,NF Kelly,CJ Green,0,0,,,,,,,,,
1227868,2020,2020-08-19,"Brian Lara Stadium, Tarouba",1,5.2,St Kitts and Nevis Patriots,Guyana Amazon Warriors,E Lewis,NF Kelly,CJ Green,4,0,,,,,,,,,
1227868,2020,2020-08-19,"Brian Lara Stadium, Tarouba",1,5.3,St Kitts and Nevis Patriots,Guyana Amazon Warriors,E Lewis,NF Kelly,CJ Green,4,0,,,,,,,,,
1227868,2020,2020-08-19,"Brian Lara Stadium, Tarouba",1,5.4,St Kitts and Nevis Patriots,Guyana Amazon Warriors,E Lewis,NF Kelly,CJ Green,0,0,,,,,,stumped,E Lewis,,
1227868,2020,2020-08-19,"Brian Lara Stadium, Tarouba",1,5.5,St Kitts and Nevis Patriots,Guyana Amazon Warriors,D Ramdin,NF Kelly,CJ Green,0,0,,,,,,,,,
1227868,2020,2020-08-19,"Brian Lara Stadium, Tarouba",1,5.6,St Kitts and Nevis Patriots,Guyana Amazon Warriors,D Ramdin,NF Kelly,CJ Green,1,0,,,,,,,,,
1227868,2020,2020-08-19,"Brian Lara Stadium, Tarouba",1,6.1,St Kitts and Nevis Patriots,Guyana Amazon Warriors,D Ramdin,NF Kelly,KMA Paul,1,0,,,,,,,,,
1227868,2020,2020-08-19,"Brian Lara Stadium, Tarouba",1,6.2,St Kitts and Nevis Patriots,Guyana Amazon Warriors,NF Kelly,D Ramdin,KMA Paul,0,0,,,,,,,,,
1227868,2020,2020-08-19,"Brian Lara Stadium, Tarouba",1,6.3,St Kitts and Nevis Patriots,Guyana Amazon Warriors,NF Kelly,D Ramdin,KMA Paul,0,0,,,,,,,,,
1227868,2020,2020-08-19,"Brian Lara Stadium, Tarouba",1,6.4,St Kitts and Nevis Patriots,Guyana Amazon Warriors,NF Kelly,D Ramdin,KMA Paul,0,0,,,,,,caught,NF Kelly,,
1227868,2020,2020-08-19,"Brian Lara Stadium, Tarouba",1,6.5,St Kitts and Nevis Patriots,Guyana Amazon Warriors,BR Dunk,D Ramdin,KMA Paul,1,0,,,,,,,,,
1227868,2020,2020-08-19,"Brian Lara Stadium, Tarouba",1,6.6,St Kitts and Nevis Patriots,Guyana Amazon Warriors,D Ramdin,BR Dunk,KMA Paul,1,0,,,,,,,,,
1227868,2020,2020-08-19,"Brian Lara Stadium, Tarouba",1,7.1,St Kitts and Nevis Patriots,Guyana Amazon Warriors,D Ramdin,BR Dunk,Imran Tahir,0,0,,,,,,,,,
1227868,2020,2020-08-19,"Brian Lara Stadium, Tarouba",1,7.2,St Kitts and Nevis Patriots,Guyana Amazon Warriors,D Ramdin,BR Dunk,Imran Tahir,0,0,,,,,,,,,
1227868,2020,2020-08-19,"Brian Lara Stadium, Tarouba",1,7.3,St Kitts and Nevis Patriots,Guyana Amazon Warriors,D Ramdin,BR Dunk,Imran Tahir,0,0,,,,,,,,,
1227868,2020,2020-08-19,"Brian Lara Stadium, Tarouba",1,7.4,St Kitts and Nevis Patriots,Guyana Amazon Warriors,D Ramdin,BR Dunk,Imran Tahir,0,0,,,,,,,,,
1227868,2020,2020-08-19,"Brian Lara Stadium, Tarouba",1,7.5,St Kitts and Nevis Patriots,Guyana Amazon Warriors,D Ramdin,BR Dunk,Imran Tahir,1,0,,,,,,,,,
1227868,2020,2020-08-19,"Brian Lara Stadium, Tarouba",1,7.6,St Kitts and Nevis Patriots,Guyana Amazon Warriors,BR Dunk,D Ramdin,Imran Tahir,1,0,,,,,,,,,
1227868,2020,2020-08-19,"Brian Lara Stadium, Tarouba",1,8.1,St Kitts and Nevis Patriots,Guyana Amazon Warriors,BR Dunk,D Ramdin,R Shepherd,1,0,,,,,,,,,
1227868,2020,2020-08-19,"Brian Lara Stadium, Tarouba",1,8.2,St Kitts and Nevis Patriots,Guyana Amazon Warriors,D Ramdin,BR Dunk,R Shepherd,1,0,,,,,,,,,
1227868,2020,2020-08-19,"Brian Lara Stadium, Tarouba",1,8.3,St Kitts and Nevis Patriots,Guyana Amazon Warriors,BR Dunk,D Ramdin,R Shepherd,4,0,,,,,,,,,
1227868,2020,2020-08-19,"Brian Lara Stadium, Tarouba",1,8.4,St Kitts and Nevis Patriots,Guyana Amazon Warriors,BR Dunk,D Ramdin,R Shepherd,2,0,,,,,,,,,
1227868,2020,2020-08-19,"Brian Lara Stadium, Tarouba",1,8.5,St Kitts and Nevis Patriots,Guyana Amazon Warriors,BR Dunk,D Ramdin,R Shepherd,1,0,,,,,,,,,
1227868,2020,2020-08-19,"Brian Lara Stadium, Tarouba",1,8.6,St Kitts and Nevis Patriots,Guyana Amazon Warriors,D Ramdin,BR Dunk,R Shepherd,2,0,,,,,,,,,
1227868,2020,2020-08-19,"Brian Lara Stadium, Tarouba",1,9.1,St Kitts and Nevis Patriots,Guyana Amazon Warriors,BR Dunk,D Ramdin,CJ Green,1,0,,,,,,,,,
1227868,2020,2020-08-19,"Brian Lara Stadium, Tarouba",1,9.2,St Kitts and Nevis Patriots,Guyana Amazon Warriors,D Ramdin,BR Dunk,CJ Green,1,0,,,,,,,,,
1227868,2020,2020-08-19,"Brian Lara Stadium, Tarouba",1,9.3,St Kitts and Nevis Patriots,Guyana Amazon Warriors,BR Dunk,D Ramdin,CJ Green,1,0,,,,,,,,,
1227868,2020,2020-08-19,"Brian Lara Stadium, Tarouba",1,9.4,St Kitts and Nevis Patriots,Guyana Amazon Warriors,D Ramdin,BR Dunk,CJ Green,0,0,,,,,,,,,
1227868,2020,2020-08-19,"Brian Lara Stadium, Tarouba",1,9.5,St Kitts and Nevis Patriots,Guyana Amazon Warriors,D Ramdin,BR Dunk,CJ Green,0,1,1,,,,,,,,
1227868,2020,2020-08-19,"Brian Lara Stadium, Tarouba",1,9.6,St Kitts and Nevis Patriots,Guyana Amazon Warriors,D Ramdin,BR Dunk,CJ Green,1,0,,,,,,,,,
1227868,2020,2020-08-19,"Brian Lara Stadium, Tarouba",1,9.7,St Kitts and Nevis Patriots,Guyana Amazon Warriors,BR Dunk,D Ramdin,CJ Green,1,0,,,,,,,,,
1227868,2020,2020-08-19,"Brian Lara Stadium, Tarouba",1,10.1,St Kitts and Nevis Patriots,Guyana Amazon Warriors,BR Dunk,D Ramdin,KMA Paul,0,1,1,,,,,,,,
1227868,2020,2020-08-19,"Brian Lara Stadium, Tarouba",1,10.2,St Kitts and Nevis Patriots,Guyana Amazon Warriors,BR Dunk,D Ramdin,KMA Paul,1,0,,,,,,,,,
1227868,2020,2020-08-19,"Brian Lara Stadium, Tarouba",1,10.3,St Kitts and Nevis Patriots,Guyana Amazon Warriors,D Ramdin,BR Dunk,KMA Paul,0,0,,,,,,caught,D Ramdin,,
1227868,2020,2020-08-19,"Brian Lara Stadium, Tarouba",1,10.4,St Kitts and Nevis Patriots,Guyana Amazon Warriors,JN Hamilton,BR Dunk,KMA Paul,0,0,,,,,,,,,
1227868,2020,2020-08-19,"Brian Lara Stadium, Tarouba",1,10.5,St Kitts and Nevis Patriots,Guyana Amazon Warriors,JN Hamilton,BR Dunk,KMA Paul,0,0,,,,,,,,,
1227868,2020,2020-08-19,"Brian Lara Stadium, Tarouba",1,10.6,St Kitts and Nevis Patriots,Guyana Amazon Warriors,JN Hamilton,BR Dunk,KMA Paul,0,1,,,,1,,,,,
1227868,2020,2020-08-19,"Brian Lara Stadium, Tarouba",1,10.7,St Kitts and Nevis Patriots,Guyana Amazon Warriors,BR Dunk,JN Hamilton,KMA Paul,2,0,,,,,,,,,
1227868,2020,2020-08-19,"Brian Lara Stadium, Tarouba",1,11.1,St Kitts and Nevis Patriots,Guyana Amazon Warriors,JN Hamilton,BR Dunk,Imran Tahir,0,0,,,,,,,,,
1227868,2020,2020-08-19,"Brian Lara Stadium, Tarouba",1,11.2,St Kitts and Nevis Patriots,Guyana Amazon Warriors,JN Hamilton,BR Dunk,Imran Tahir,0,0,,,,,,,,,
1227868,2020,2020-08-19,"Brian Lara Stadium, Tarouba",1,11.3,St Kitts and Nevis Patriots,Guyana Amazon Warriors,JN Hamilton,BR Dunk,Imran Tahir,0,0,,,,,,,,,
1227868,2020,2020-08-19,"Brian Lara Stadium, Tarouba",1,11.4,St Kitts and Nevis Patriots,Guyana Amazon Warriors,JN Hamilton,BR Dunk,Imran Tahir,2,0,,,,,,,,,
1227868,2020,2020-08-19,"Brian Lara Stadium, Tarouba",1,11.5,St Kitts and Nevis Patriots,Guyana Amazon Warriors,JN Hamilton,BR Dunk,Imran Tahir,0,0,,,,,,lbw,JN Hamilton,,
1227868,2020,2020-08-19,"Brian Lara Stadium, Tarouba",1,11.6,St Kitts and Nevis Patriots,Guyana Amazon Warriors,RR Emrit,BR Dunk,Imran Tahir,0,0,,,,,,,,,
1227868,2020,2020-08-19,"Brian Lara Stadium, Tarouba",1,12.1,St Kitts and Nevis Patriots,Guyana Amazon Warriors,BR Dunk,RR Emrit,R Shepherd,1,0,,,,,,,,,
1227868,2020,2020-08-19,"Brian Lara Stadium, Tarouba",1,12.2,St Kitts and Nevis Patriots,Guyana Amazon Warriors,RR Emrit,BR Dunk,R Shepherd,0,0,,,,,,,,,
1227868,2020,2020-08-19,"Brian Lara Stadium, Tarouba",1,12.3,St Kitts and Nevis Patriots,Guyana Amazon Warriors,RR Emrit,BR Dunk,R Shepherd,0,0,,,,,,,,,
1227868,2020,2020-08-19,"Brian Lara Stadium, Tarouba",1,12.4,St Kitts and Nevis Patriots,Guyana Amazon Warriors,RR Emrit,BR Dunk,R Shepherd,0,0,,,,,,,,,
1227868,2020,2020-08-19,"Brian Lara Stadium, Tarouba",1,12.5,St Kitts and Nevis Patriots,Guyana Amazon Warriors,RR Emrit,BR Dunk,R Shepherd,4,0,,,,,,,,,
1227868,2020,2020-08-19,"Brian Lara Stadium, Tarouba",1,12.6,St Kitts and Nevis Patriots,Guyana Amazon Warriors,RR Emrit,BR Dunk,R Shepherd,0,0,,,,,,,,,
1227868,2020,2020-08-19,"Brian Lara Stadium, Tarouba",1,13.1,St Kitts and Nevis Patriots,Guyana Amazon Warriors,BR Dunk,RR Emrit,CJ Green,1,0,,,,,,,,,
1227868,2020,2020-08-19,"Brian Lara Stadium, Tarouba",1,13.2,St Kitts and Nevis Patriots,Guyana Amazon Warriors,RR Emrit,BR Dunk,CJ Green,1,0,,,,,,,,,
1227868,2020,2020-08-19,"Brian Lara Stadium, Tarouba",1,13.3,St Kitts and Nevis Patriots,Guyana Amazon Warriors,BR Dunk,RR Emrit,CJ Green,1,0,,,,,,,,,
1227868,2020,2020-08-19,"Brian Lara Stadium, Tarouba",1,13.4,St Kitts and Nevis Patriots,Guyana Amazon Warriors,RR Emrit,BR Dunk,CJ Green,1,0,,,,,,,,,
1227868,2020,2020-08-19,"Brian Lara Stadium, Tarouba",1,13.5,St Kitts and Nevis Patriots,Guyana Amazon Warriors,BR Dunk,RR Emrit,CJ Green,1,0,,,,,,,,,
1227868,2020,2020-08-19,"Brian Lara Stadium, Tarouba",1,13.6,St Kitts and Nevis Patriots,Guyana Amazon Warriors,RR Emrit,BR Dunk,CJ Green,1,0,,,,,,,,,
1227868,2020,2020-08-19,"Brian Lara Stadium, Tarouba",1,14.1,St Kitts and Nevis Patriots,Guyana Amazon Warriors,RR Emrit,BR Dunk,Naveen-ul-Haq,1,0,,,,,,,,,
1227868,2020,2020-08-19,"Brian Lara Stadium, Tarouba",1,14.2,St Kitts and Nevis Patriots,Guyana Amazon Warriors,BR Dunk,RR Emrit,Naveen-ul-Haq,1,0,,,,,,,,,
1227868,2020,2020-08-19,"Brian Lara Stadium, Tarouba",1,14.3,St Kitts and Nevis Patriots,Guyana Amazon Warriors,RR Emrit,BR Dunk,Naveen-ul-Haq,1,0,,,,,,,,,
1227868,2020,2020-08-19,"Brian Lara Stadium, Tarouba",1,14.4,St Kitts and Nevis Patriots,Guyana Amazon Warriors,BR Dunk,RR Emrit,Naveen-ul-Haq,1,0,,,,,,,,,
1227868,2020,2020-08-19,"Brian Lara Stadium, Tarouba",1,14.5,St Kitts and Nevis Patriots,Guyana Amazon Warriors,RR Emrit,BR Dunk,Naveen-ul-Haq,1,0,,,,,,,,,
1227868,2020,2020-08-19,"Brian Lara Stadium, Tarouba",1,14.6,St Kitts and Nevis Patriots,Guyana Amazon Warriors,BR Dunk,RR Emrit,Naveen-ul-Haq,1,0,,,,,,,,,
1227868,2020,2020-08-19,"Brian Lara Stadium, Tarouba",1,15.1,St Kitts and Nevis Patriots,Guyana Amazon Warriors,BR Dunk,RR Emrit,Imran Tahir,1,0,,,,,,,,,
1227868,2020,2020-08-19,"Brian Lara Stadium, Tarouba",1,15.2,St Kitts and Nevis Patriots,Guyana Amazon Warriors,RR Emrit,BR Dunk,Imran Tahir,0,0,,,,,,,,,
1227868,2020,2020-08-19,"Brian Lara Stadium, Tarouba",1,15.3,St Kitts and Nevis Patriots,Guyana Amazon Warriors,RR Emrit,BR Dunk,Imran Tahir,0,0,,,,,,,,,
1227868,2020,2020-08-19,"Brian Lara Stadium, Tarouba",1,15.4,St Kitts and Nevis Patriots,Guyana Amazon Warriors,RR Emrit,BR Dunk,Imran Tahir,1,0,,,,,,,,,
1227868,2020,2020-08-19,"Brian Lara Stadium, Tarouba",1,15.5,St Kitts and Nevis Patriots,Guyana Amazon Warriors,BR Dunk,RR Emrit,Imran Tahir,1,0,,,,,,,,,
1227868,2020,2020-08-19,"Brian Lara Stadium, Tarouba",1,15.6,St Kitts and Nevis Patriots,Guyana Amazon Warriors,RR Emrit,BR Dunk,Imran Tahir,1,0,,,,,,,,,
1227868,2020,2020-08-19,"Brian Lara Stadium, Tarouba",1,16.1,St Kitts and Nevis Patriots,Guyana Amazon Warriors,RR Emrit,BR Dunk,KMA Paul,1,0,,,,,,,,,
1227868,2020,2020-08-19,"Brian Lara Stadium, Tarouba",1,16.2,St Kitts and Nevis Patriots,Guyana Amazon Warriors,BR Dunk,RR Emrit,KMA Paul,0,1,1,,,,,,,,
1227868,2020,2020-08-19,"Brian Lara Stadium, Tarouba",1,16.3,St Kitts and Nevis Patriots,Guyana Amazon Warriors,BR Dunk,RR Emrit,KMA Paul,1,0,,,,,,,,,
1227868,2020,2020-08-19,"Brian Lara Stadium, Tarouba",1,16.4,St Kitts and Nevis Patriots,Guyana Amazon Warriors,RR Emrit,BR Dunk,KMA Paul,4,0,,,,,,,,,
1227868,2020,2020-08-19,"Brian Lara Stadium, Tarouba",1,16.5,St Kitts and Nevis Patriots,Guyana Amazon Warriors,RR Emrit,BR Dunk,KMA Paul,0,0,,,,,,caught,RR Emrit,,
1227868,2020,2020-08-19,"Brian Lara Stadium, Tarouba",1,16.6,St Kitts and Nevis Patriots,Guyana Amazon Warriors,BR Dunk,DC Drakes,KMA Paul,2,0,,,,,,,,,
1227868,2020,2020-08-19,"Brian Lara Stadium, Tarouba",1,16.7,St Kitts and Nevis Patriots,Guyana Amazon Warriors,BR Dunk,DC Drakes,KMA Paul,0,0,,,,,,,,,
1227868,2020,2020-08-19,"Brian Lara Stadium, Tarouba",1,17.1,St Kitts and Nevis Patriots,Guyana Amazon Warriors,DC Drakes,BR Dunk,Naveen-ul-Haq,1,0,,,,,,,,,
1227868,2020,2020-08-19,"Brian Lara Stadium, Tarouba",1,17.2,St Kitts and Nevis Patriots,Guyana Amazon Warriors,BR Dunk,DC Drakes,Naveen-ul-Haq,1,0,,,,,,run out,BR Dunk,,
1227868,2020,2020-08-19,"Brian Lara Stadium, Tarouba",1,17.3,St Kitts and Nevis Patriots,Guyana Amazon Warriors,IS Sodhi,DC Drakes,Naveen-ul-Haq,0,0,,,,,,,,,
1227868,2020,2020-08-19,"Brian Lara Stadium, Tarouba",1,17.4,St Kitts and Nevis Patriots,Guyana Amazon Warriors,IS Sodhi,DC Drakes,Naveen-ul-Haq,0,0,,,,,,,,,
1227868,2020,2020-08-19,"Brian Lara Stadium, Tarouba",1,17.5,St Kitts and Nevis Patriots,Guyana Amazon Warriors,IS Sodhi,DC Drakes,Naveen-ul-Haq,0,0,,,,,,,,,
1227868,2020,2020-08-19,"Brian Lara Stadium, Tarouba",1,17.6,St Kitts and Nevis Patriots,Guyana Amazon Warriors,IS Sodhi,DC Drakes,Naveen-ul-Haq,1,0,,,,,,,,,
1227868,2020,2020-08-19,"Brian Lara Stadium, Tarouba",1,18.1,St Kitts and Nevis Patriots,Guyana Amazon Warriors,IS Sodhi,DC Drakes,R Shepherd,0,0,,,,,,,,,
1227868,2020,2020-08-19,"Brian Lara Stadium, Tarouba",1,18.2,St Kitts and Nevis Patriots,Guyana Amazon Warriors,IS Sodhi,DC Drakes,R Shepherd,1,0,,,,,,,,,
1227868,2020,2020-08-19,"Brian Lara Stadium, Tarouba",1,18.3,St Kitts and Nevis Patriots,Guyana Amazon Warriors,DC Drakes,IS Sodhi,R Shepherd,0,0,,,,,,,,,
1227868,2020,2020-08-19,"Brian Lara Stadium, Tarouba",1,18.4,St Kitts and Nevis Patriots,Guyana Amazon Warriors,DC Drakes,IS Sodhi,R Shepherd,4,0,,,,,,,,,
1227868,2020,2020-08-19,"Brian Lara Stadium, Tarouba",1,18.5,St Kitts and Nevis Patriots,Guyana Amazon Warriors,DC Drakes,IS Sodhi,R Shepherd,2,0,,,,,,,,,
1227868,2020,2020-08-19,"Brian Lara Stadium, Tarouba",1,18.6,St Kitts and Nevis Patriots,Guyana Amazon Warriors,DC Drakes,IS Sodhi,R Shepherd,0,0,,,,,,,,,
1227868,2020,2020-08-19,"Brian Lara Stadium, Tarouba",1,19.1,St Kitts and Nevis Patriots,Guyana Amazon Warriors,IS Sodhi,DC Drakes,KMA Paul,1,0,,,,,,,,,
1227868,2020,2020-08-19,"Brian Lara Stadium, Tarouba",1,19.2,St Kitts and Nevis Patriots,Guyana Amazon Warriors,DC Drakes,IS Sodhi,KMA Paul,1,0,,,,,,,,,
1227868,2020,2020-08-19,"Brian Lara Stadium, Tarouba",1,19.3,St Kitts and Nevis Patriots,Guyana Amazon Warriors,IS Sodhi,DC Drakes,KMA Paul,0,1,,,,1,,,,,
1227868,2020,2020-08-19,"Brian Lara Stadium, Tarouba",1,19.4,St Kitts and Nevis Patriots,Guyana Amazon Warriors,DC Drakes,IS Sodhi,KMA Paul,0,0,,,,,,caught,DC Drakes,,
1227868,2020,2020-08-19,"Brian Lara Stadium, Tarouba",1,19.5,St Kitts and Nevis Patriots,Guyana Amazon Warriors,IS Sodhi,JL Jaggesar,KMA Paul,1,0,,,,,,,,,
1227868,2020,2020-08-19,"Brian Lara Stadium, Tarouba",1,19.6,St Kitts and Nevis Patriots,Guyana Amazon Warriors,JL Jaggesar,IS Sodhi,KMA Paul,0,0,,,,,,,,,
1227868,2020,2020-08-19,"Brian Lara Stadium, Tarouba",2,0.1,Guyana Amazon Warriors,St Kitts and Nevis Patriots,BA King,C Hemraj,SS Cottrell,0,0,,,,,,,,,
1227868,2020,2020-08-19,"Brian Lara Stadium, Tarouba",2,0.2,Guyana Amazon Warriors,St Kitts and Nevis Patriots,BA King,C Hemraj,SS Cottrell,4,0,,,,,,,,,
1227868,2020,2020-08-19,"Brian Lara Stadium, Tarouba",2,0.3,Guyana Amazon Warriors,St Kitts and Nevis Patriots,BA King,C Hemraj,SS Cottrell,1,0,,,,,,,,,
1227868,2020,2020-08-19,"Brian Lara Stadium, Tarouba",2,0.4,Guyana Amazon Warriors,St Kitts and Nevis Patriots,C Hemraj,BA King,SS Cottrell,1,0,,,,,,,,,
1227868,2020,2020-08-19,"Brian Lara Stadium, Tarouba",2,0.5,Guyana Amazon Warriors,St Kitts and Nevis Patriots,BA King,C Hemraj,SS Cottrell,4,0,,,,,,,,,
1227868,2020,2020-08-19,"Brian Lara Stadium, Tarouba",2,0.6,Guyana Amazon Warriors,St Kitts and Nevis Patriots,BA King,C Hemraj,SS Cottrell,0,0,,,,,,,,,
1227868,2020,2020-08-19,"Brian Lara Stadium, Tarouba",2,1.1,Guyana Amazon Warriors,St Kitts and Nevis Patriots,C Hemraj,BA King,JL Jaggesar,0,0,,,,,,,,,
1227868,2020,2020-08-19,"Brian Lara Stadium, Tarouba",2,1.2,Guyana Amazon Warriors,St Kitts and Nevis Patriots,C Hemraj,BA King,JL Jaggesar,0,0,,,,,,,,,
1227868,2020,2020-08-19,"Brian Lara Stadium, Tarouba",2,1.3,Guyana Amazon Warriors,St Kitts and Nevis Patriots,C Hemraj,BA King,JL Jaggesar,1,0,,,,,,,,,
1227868,2020,2020-08-19,"Brian Lara Stadium, Tarouba",2,1.4,Guyana Amazon Warriors,St Kitts and Nevis Patriots,BA King,C Hemraj,JL Jaggesar,0,0,,,,,,,,,
1227868,2020,2020-08-19,"Brian Lara Stadium, Tarouba",2,1.5,Guyana Amazon Warriors,St Kitts and Nevis Patriots,BA King,C Hemraj,JL Jaggesar,0,0,,,,,,,,,
1227868,2020,2020-08-19,"Brian Lara Stadium, Tarouba",2,1.6,Guyana Amazon Warriors,St Kitts and Nevis Patriots,BA King,C Hemraj,JL Jaggesar,1,0,,,,,,,,,
1227868,2020,2020-08-19,"Brian Lara Stadium, Tarouba",2,2.1,Guyana Amazon Warriors,St Kitts and Nevis Patriots,BA King,C Hemraj,SS Cottrell,0,0,,,,,,,,,
1227868,2020,2020-08-19,"Brian Lara Stadium, Tarouba",2,2.2,Guyana Amazon Warriors,St Kitts and Nevis Patriots,BA King,C Hemraj,SS Cottrell,0,0,,,,,,caught,BA King,,
1227868,2020,2020-08-19,"Brian Lara Stadium, Tarouba",2,2.3,Guyana Amazon Warriors,St Kitts and Nevis Patriots,SO Hetmyer,C Hemraj,SS Cottrell,0,0,,,,,,,,,
1227868,2020,2020-08-19,"Brian Lara Stadium, Tarouba",2,2.4,Guyana Amazon Warriors,St Kitts and Nevis Patriots,SO Hetmyer,C Hemraj,SS Cottrell,0,0,,,,,,,,,
1227868,2020,2020-08-19,"Brian Lara Stadium, Tarouba",2,2.5,Guyana Amazon Warriors,St Kitts and Nevis Patriots,SO Hetmyer,C Hemraj,SS Cottrell,0,0,,,,,,,,,
1227868,2020,2020-08-19,"Brian Lara Stadium, Tarouba",2,2.6,Guyana Amazon Warriors,St Kitts and Nevis Patriots,SO Hetmyer,C Hemraj,SS Cottrell,0,0,,,,,,,,,
1227868,2020,2020-08-19,"Brian Lara Stadium, Tarouba",2,3.1,Guyana Amazon Warriors,St Kitts and Nevis Patriots,C Hemraj,SO Hetmyer,JL Jaggesar,1,0,,,,,,,,,
1227868,2020,2020-08-19,"Brian Lara Stadium, Tarouba",2,3.2,Guyana Amazon Warriors,St Kitts and Nevis Patriots,SO Hetmyer,C Hemraj,JL Jaggesar,4,0,,,,,,,,,
1227868,2020,2020-08-19,"Brian Lara Stadium, Tarouba",2,3.3,Guyana Amazon Warriors,St Kitts and Nevis Patriots,SO Hetmyer,C Hemraj,JL Jaggesar,0,0,,,,,,,,,
1227868,2020,2020-08-19,"Brian Lara Stadium, Tarouba",2,3.4,Guyana Amazon Warriors,St Kitts and Nevis Patriots,SO Hetmyer,C Hemraj,JL Jaggesar,0,1,1,,,,,,,,
1227868,2020,2020-08-19,"Brian Lara Stadium, Tarouba",2,3.5,Guyana Amazon Warriors,St Kitts and Nevis Patriots,SO Hetmyer,C Hemraj,JL Jaggesar,4,0,,,,,,,,,
1227868,2020,2020-08-19,"Brian Lara Stadium, Tarouba",2,3.6,Guyana Amazon Warriors,St Kitts and Nevis Patriots,SO Hetmyer,C Hemraj,JL Jaggesar,0,0,,,,,,,,,
1227868,2020,2020-08-19,"Brian Lara Stadium, Tarouba",2,3.7,Guyana Amazon Warriors,St Kitts and Nevis Patriots,SO Hetmyer,C Hemraj,JL Jaggesar,0,0,,,,,,,,,
1227868,2020,2020-08-19,"Brian Lara Stadium, Tarouba",2,4.1,Guyana Amazon Warriors,St Kitts and Nevis Patriots,C Hemraj,SO Hetmyer,RR Emrit,1,0,,,,,,,,,
1227868,2020,2020-08-19,"Brian Lara Stadium, Tarouba",2,4.2,Guyana Amazon Warriors,St Kitts and Nevis Patriots,SO Hetmyer,C Hemraj,RR Emrit,1,0,,,,,,,,,
1227868,2020,2020-08-19,"Brian Lara Stadium, Tarouba",2,4.3,Guyana Amazon Warriors,St Kitts and Nevis Patriots,C Hemraj,SO Hetmyer,RR Emrit,1,0,,,,,,,,,
1227868,2020,2020-08-19,"Brian Lara Stadium, Tarouba",2,4.4,Guyana Amazon Warriors,St Kitts and Nevis Patriots,SO Hetmyer,C Hemraj,RR Emrit,4,0,,,,,,,,,
1227868,2020,2020-08-19,"Brian Lara Stadium, Tarouba",2,4.5,Guyana Amazon Warriors,St Kitts and Nevis Patriots,SO Hetmyer,C Hemraj,RR Emrit,6,0,,,,,,,,,
1227868,2020,2020-08-19,"Brian Lara Stadium, Tarouba",2,4.6,Guyana Amazon Warriors,St Kitts and Nevis Patriots,SO Hetmyer,C Hemraj,RR Emrit,4,0,,,,,,,,,
1227868,2020,2020-08-19,"Brian Lara Stadium, Tarouba",2,5.1,Guyana Amazon Warriors,St Kitts and Nevis Patriots,C Hemraj,SO Hetmyer,JL Jaggesar,0,0,,,,,,,,,
1227868,2020,2020-08-19,"Brian Lara Stadium, Tarouba",2,5.2,Guyana Amazon Warriors,St Kitts and Nevis Patriots,C Hemraj,SO Hetmyer,JL Jaggesar,0,0,,,,,,,,,
1227868,2020,2020-08-19,"Brian Lara Stadium, Tarouba",2,5.3,Guyana Amazon Warriors,St Kitts and Nevis Patriots,C Hemraj,SO Hetmyer,JL Jaggesar,6,0,,,,,,,,,
1227868,2020,2020-08-19,"Brian Lara Stadium, Tarouba",2,5.4,Guyana Amazon Warriors,St Kitts and Nevis Patriots,C Hemraj,SO Hetmyer,JL Jaggesar,0,0,,,,,,,,,
1227868,2020,2020-08-19,"Brian Lara Stadium, Tarouba",2,5.5,Guyana Amazon Warriors,St Kitts and Nevis Patriots,C Hemraj,SO Hetmyer,JL Jaggesar,0,0,,,,,,,,,
1227868,2020,2020-08-19,"Brian Lara Stadium, Tarouba",2,5.6,Guyana Amazon Warriors,St Kitts and Nevis Patriots,C Hemraj,SO Hetmyer,JL Jaggesar,0,0,,,,,,,,,
1227868,2020,2020-08-19,"Brian Lara Stadium, Tarouba",2,6.1,Guyana Amazon Warriors,St Kitts and Nevis Patriots,SO Hetmyer,C Hemraj,DC Drakes,1,0,,,,,,,,,
1227868,2020,2020-08-19,"Brian Lara Stadium, Tarouba",2,6.2,Guyana Amazon Warriors,St Kitts and Nevis Patriots,C Hemraj,SO Hetmyer,DC Drakes,4,0,,,,,,,,,
1227868,2020,2020-08-19,"Brian Lara Stadium, Tarouba",2,6.3,Guyana Amazon Warriors,St Kitts and Nevis Patriots,C Hemraj,SO Hetmyer,DC Drakes,0,1,1,,,,,,,,
1227868,2020,2020-08-19,"Brian Lara Stadium, Tarouba",2,6.4,Guyana Amazon Warriors,St Kitts and Nevis Patriots,C Hemraj,SO Hetmyer,DC Drakes,1,0,,,,,,,,,
1227868,2020,2020-08-19,"Brian Lara Stadium, Tarouba",2,6.5,Guyana Amazon Warriors,St Kitts and Nevis Patriots,SO Hetmyer,C Hemraj,DC Drakes,1,0,,,,,,,,,
1227868,2020,2020-08-19,"Brian Lara Stadium, Tarouba",2,6.6,Guyana Amazon Warriors,St Kitts and Nevis Patriots,C Hemraj,SO Hetmyer,DC Drakes,1,0,,,,,,,,,
1227868,2020,2020-08-19,"Brian Lara Stadium, Tarouba",2,6.7,Guyana Amazon Warriors,St Kitts and Nevis Patriots,SO Hetmyer,C Hemraj,DC Drakes,2,0,,,,,,,,,
1227868,2020,2020-08-19,"Brian Lara Stadium, Tarouba",2,7.1,Guyana Amazon Warriors,St Kitts and Nevis Patriots,C Hemraj,SO Hetmyer,IS Sodhi,0,0,,,,,,,,,
1227868,2020,2020-08-19,"Brian Lara Stadium, Tarouba",2,7.2,Guyana Amazon Warriors,St Kitts and Nevis Patriots,C Hemraj,SO Hetmyer,IS Sodhi,1,0,,,,,,,,,
1227868,2020,2020-08-19,"Brian Lara Stadium, Tarouba",2,7.3,Guyana Amazon Warriors,St Kitts and Nevis Patriots,SO Hetmyer,C Hemraj,IS Sodhi,0,0,,,,,,,,,
1227868,2020,2020-08-19,"Brian Lara Stadium, Tarouba",2,7.4,Guyana Amazon Warriors,St Kitts and Nevis Patriots,SO Hetmyer,C Hemraj,IS Sodhi,1,0,,,,,,,,,
1227868,2020,2020-08-19,"Brian Lara Stadium, Tarouba",2,7.5,Guyana Amazon Warriors,St Kitts and Nevis Patriots,C Hemraj,SO Hetmyer,IS Sodhi,1,0,,,,,,run out,C Hemraj,,
1227868,2020,2020-08-19,"Brian Lara Stadium, Tarouba",2,7.6,Guyana Amazon Warriors,St Kitts and Nevis Patriots,LRPL Taylor,SO Hetmyer,IS Sodhi,0,0,,,,,,,,,
1227868,2020,2020-08-19,"Brian Lara Stadium, Tarouba",2,8.1,Guyana Amazon Warriors,St Kitts and Nevis Patriots,SO Hetmyer,LRPL Taylor,DC Drakes,0,0,,,,,,,,,
1227868,2020,2020-08-19,"Brian Lara Stadium, Tarouba",2,8.2,Guyana Amazon Warriors,St Kitts and Nevis Patriots,SO Hetmyer,LRPL Taylor,DC Drakes,1,0,,,,,,,,,
1227868,2020,2020-08-19,"Brian Lara Stadium, Tarouba",2,8.3,Guyana Amazon Warriors,St Kitts and Nevis Patriots,LRPL Taylor,SO Hetmyer,DC Drakes,0,0,,,,,,,,,
1227868,2020,2020-08-19,"Brian Lara Stadium, Tarouba",2,8.4,Guyana Amazon Warriors,St Kitts and Nevis Patriots,LRPL Taylor,SO Hetmyer,DC Drakes,1,0,,,,,,,,,
1227868,2020,2020-08-19,"Brian Lara Stadium, Tarouba",2,8.5,Guyana Amazon Warriors,St Kitts and Nevis Patriots,SO Hetmyer,LRPL Taylor,DC Drakes,0,0,,,,,,,,,
1227868,2020,2020-08-19,"Brian Lara Stadium, Tarouba",2,8.6,Guyana Amazon Warriors,St Kitts and Nevis Patriots,SO Hetmyer,LRPL Taylor,DC Drakes,4,0,,,,,,,,,
1227868,2020,2020-08-19,"Brian Lara Stadium, Tarouba",2,9.1,Guyana Amazon Warriors,St Kitts and Nevis Patriots,LRPL Taylor,SO Hetmyer,IS Sodhi,1,0,,,,,,,,,
1227868,2020,2020-08-19,"Brian Lara Stadium, Tarouba",2,9.2,Guyana Amazon Warriors,St Kitts and Nevis Patriots,SO Hetmyer,LRPL Taylor,IS Sodhi,1,0,,,,,,,,,
1227868,2020,2020-08-19,"Brian Lara Stadium, Tarouba",2,9.3,Guyana Amazon Warriors,St Kitts and Nevis Patriots,LRPL Taylor,SO Hetmyer,IS Sodhi,1,0,,,,,,,,,
1227868,2020,2020-08-19,"Brian Lara Stadium, Tarouba",2,9.4,Guyana Amazon Warriors,St Kitts and Nevis Patriots,SO Hetmyer,LRPL Taylor,IS Sodhi,4,0,,,,,,,,,
1227868,2020,2020-08-19,"Brian Lara Stadium, Tarouba",2,9.5,Guyana Amazon Warriors,St Kitts and Nevis Patriots,SO Hetmyer,LRPL Taylor,IS Sodhi,1,0,,,,,,,,,
1227868,2020,2020-08-19,"Brian Lara Stadium, Tarouba",2,9.6,Guyana Amazon Warriors,St Kitts and Nevis Patriots,LRPL Taylor,SO Hetmyer,IS Sodhi,1,0,,,,,,,,,
1227868,2020,2020-08-19,"Brian Lara Stadium, Tarouba",2,10.1,Guyana Amazon Warriors,St Kitts and Nevis Patriots,LRPL Taylor,SO Hetmyer,JL Jaggesar,0,1,,,,1,,,,,
1227868,2020,2020-08-19,"Brian Lara Stadium, Tarouba",2,10.2,Guyana Amazon Warriors,St Kitts and Nevis Patriots,SO Hetmyer,LRPL Taylor,JL Jaggesar,2,0,,,,,,,,,
1227868,2020,2020-08-19,"Brian Lara Stadium, Tarouba",2,10.3,Guyana Amazon Warriors,St Kitts and Nevis Patriots,SO Hetmyer,LRPL Taylor,JL Jaggesar,1,0,,,,,,,,,
1227868,2020,2020-08-19,"Brian Lara Stadium, Tarouba",2,10.4,Guyana Amazon Warriors,St Kitts and Nevis Patriots,LRPL Taylor,SO Hetmyer,JL Jaggesar,1,0,,,,,,,,,
1227868,2020,2020-08-19,"Brian Lara Stadium, Tarouba",2,10.5,Guyana Amazon Warriors,St Kitts and Nevis Patriots,SO Hetmyer,LRPL Taylor,JL Jaggesar,0,0,,,,,,,,,
1227868,2020,2020-08-19,"Brian Lara Stadium, Tarouba",2,10.6,Guyana Amazon Warriors,St Kitts and Nevis Patriots,SO Hetmyer,LRPL Taylor,JL Jaggesar,1,0,,,,,,,,,
1227868,2020,2020-08-19,"Brian Lara Stadium, Tarouba",2,11.1,Guyana Amazon Warriors,St Kitts and Nevis Patriots,SO Hetmyer,LRPL Taylor,IS Sodhi,1,0,,,,,,,,,
1227868,2020,2020-08-19,"Brian Lara Stadium, Tarouba",2,11.2,Guyana Amazon Warriors,St Kitts and Nevis Patriots,LRPL Taylor,SO Hetmyer,IS Sodhi,1,0,,,,,,,,,
1227868,2020,2020-08-19,"Brian Lara Stadium, Tarouba",2,11.3,Guyana Amazon Warriors,St Kitts and Nevis Patriots,SO Hetmyer,LRPL Taylor,IS Sodhi,6,0,,,,,,,,,
1227868,2020,2020-08-19,"Brian Lara Stadium, Tarouba",2,11.4,Guyana Amazon Warriors,St Kitts and Nevis Patriots,SO Hetmyer,LRPL Taylor,IS Sodhi,1,0,,,,,,,,,
1227868,2020,2020-08-19,"Brian Lara Stadium, Tarouba",2,11.5,Guyana Amazon Warriors,St Kitts and Nevis Patriots,LRPL Taylor,SO Hetmyer,IS Sodhi,1,0,,,,,,,,,
1227868,2020,2020-08-19,"Brian Lara Stadium, Tarouba",2,11.6,Guyana Amazon Warriors,St Kitts and Nevis Patriots,SO Hetmyer,LRPL Taylor,IS Sodhi,1,0,,,,,,,,,
1227868,2020,2020-08-19,"Brian Lara Stadium, Tarouba",2,12.1,Guyana Amazon Warriors,St Kitts and Nevis Patriots,SO Hetmyer,LRPL Taylor,SS Cottrell,1,0,,,,,,,,,
1227868,2020,2020-08-19,"Brian Lara Stadium, Tarouba",2,12.2,Guyana Amazon Warriors,St Kitts and Nevis Patriots,LRPL Taylor,SO Hetmyer,SS Cottrell,0,0,,,,,,,,,
1227868,2020,2020-08-19,"Brian Lara Stadium, Tarouba",2,12.3,Guyana Amazon Warriors,St Kitts and Nevis Patriots,LRPL Taylor,SO Hetmyer,SS Cottrell,1,0,,,,,,,,,
1227868,2020,2020-08-19,"Brian Lara Stadium, Tarouba",2,12.4,Guyana Amazon Warriors,St Kitts and Nevis Patriots,SO Hetmyer,LRPL Taylor,SS Cottrell,1,0,,,,,,,,,
1227868,2020,2020-08-19,"Brian Lara Stadium, Tarouba",2,12.5,Guyana Amazon Warriors,St Kitts and Nevis Patriots,LRPL Taylor,SO Hetmyer,SS Cottrell,1,0,,,,,,,,,
1227868,2020,2020-08-19,"Brian Lara Stadium, Tarouba",2,12.6,Guyana Amazon Warriors,St Kitts and Nevis Patriots,SO Hetmyer,LRPL Taylor,SS Cottrell,0,1,1,,,,,,,,
1227868,2020,2020-08-19,"Brian Lara Stadium, Tarouba",2,12.7,Guyana Amazon Warriors,St Kitts and Nevis Patriots,SO Hetmyer,LRPL Taylor,SS Cottrell,0,0,,,,,,run out,LRPL Taylor,,
1227868,2020,2020-08-19,"Brian Lara Stadium, Tarouba",2,13.1,Guyana Amazon Warriors,St Kitts and Nevis Patriots,N Pooran,SO Hetmyer,RR Emrit,0,0,,,,,,caught,N Pooran,,
1227868,2020,2020-08-19,"Brian Lara Stadium, Tarouba",2,13.2,Guyana Amazon Warriors,St Kitts and Nevis Patriots,SE Rutherford,SO Hetmyer,RR Emrit,2,0,,,,,,,,,
1227868,2020,2020-08-19,"Brian Lara Stadium, Tarouba",2,13.3,Guyana Amazon Warriors,St Kitts and Nevis Patriots,SE Rutherford,SO Hetmyer,RR Emrit,0,0,,,,,,,,,
1227868,2020,2020-08-19,"Brian Lara Stadium, Tarouba",2,13.4,Guyana Amazon Warriors,St Kitts and Nevis Patriots,SE Rutherford,SO Hetmyer,RR Emrit,0,0,,,,,,,,,
1227868,2020,2020-08-19,"Brian Lara Stadium, Tarouba",2,13.5,Guyana Amazon Warriors,St Kitts and Nevis Patriots,SE Rutherford,SO Hetmyer,RR Emrit,1,0,,,,,,,,,
1227868,2020,2020-08-19,"Brian Lara Stadium, Tarouba",2,13.6,Guyana Amazon Warriors,St Kitts and Nevis Patriots,SO Hetmyer,SE Rutherford,RR Emrit,1,0,,,,,,,,,
1227868,2020,2020-08-19,"Brian Lara Stadium, Tarouba",2,14.1,Guyana Amazon Warriors,St Kitts and Nevis Patriots,SO Hetmyer,SE Rutherford,SS Cottrell,0,1,,,,1,,,,,
1227868,2020,2020-08-19,"Brian Lara Stadium, Tarouba",2,14.2,Guyana Amazon Warriors,St Kitts and Nevis Patriots,SE Rutherford,SO Hetmyer,SS Cottrell,1,0,,,,,,,,,
1227868,2020,2020-08-19,"Brian Lara Stadium, Tarouba",2,14.3,Guyana Amazon Warriors,St Kitts and Nevis Patriots,SO Hetmyer,SE Rutherford,SS Cottrell,1,0,,,,,,,,,
1227868,2020,2020-08-19,"Brian Lara Stadium, Tarouba",2,14.4,Guyana Amazon Warriors,St Kitts and Nevis Patriots,SE Rutherford,SO Hetmyer,SS Cottrell,0,0,,,,,,,,,
1227868,2020,2020-08-19,"Brian Lara Stadium, Tarouba",2,14.5,Guyana Amazon Warriors,St Kitts and Nevis Patriots,SE Rutherford,SO Hetmyer,SS Cottrell,1,0,,,,,,,,,
1227868,2020,2020-08-19,"Brian Lara Stadium, Tarouba",2,14.6,Guyana Amazon Warriors,St Kitts and Nevis Patriots,SO Hetmyer,SE Rutherford,SS Cottrell,6,0,,,,,,,,,
1227868,2020,2020-08-19,"Brian Lara Stadium, Tarouba",2,15.1,Guyana Amazon Warriors,St Kitts and Nevis Patriots,SE Rutherford,SO Hetmyer,RR Emrit,1,0,,,,,,,,,
1227868,2020,2020-08-19,"Brian Lara Stadium, Tarouba",2,15.2,Guyana Amazon Warriors,St Kitts and Nevis Patriots,SO Hetmyer,SE Rutherford,RR Emrit,4,0,,,,,,,,,
1227868,2020,2020-08-19,"Brian Lara Stadium, Tarouba",2,15.3,Guyana Amazon Warriors,St Kitts and Nevis Patriots,SO Hetmyer,SE Rutherford,RR Emrit,1,0,,,,,,,,,
1227868,2020,2020-08-19,"Brian Lara Stadium, Tarouba",2,15.4,Guyana Amazon Warriors,St Kitts and Nevis Patriots,SE Rutherford,SO Hetmyer,RR Emrit,4,0,,,,,,,,,
1227868,2020,2020-08-19,"Brian Lara Stadium, Tarouba",2,15.5,Guyana Amazon Warriors,St Kitts and Nevis Patriots,SE Rutherford,SO Hetmyer,RR Emrit,0,0,,,,,,bowled,SE Rutherford,,
1227868,2020,2020-08-19,"Brian Lara Stadium, Tarouba",2,15.6,Guyana Amazon Warriors,St Kitts and Nevis Patriots,KMA Paul,SO Hetmyer,RR Emrit,0,0,,,,,,lbw,KMA Paul,,
1227868,2020,2020-08-19,"Brian Lara Stadium, Tarouba",2,16.1,Guyana Amazon Warriors,St Kitts and Nevis Patriots,SO Hetmyer,CJ Green,DC Drakes,4,0,,,,,,,,,
1227868,2020,2020-08-19,"Brian Lara Stadium, Tarouba",2,16.2,Guyana Amazon Warriors,St Kitts and Nevis Patriots,SO Hetmyer,CJ Green,DC Drakes,0,0,,,,,,caught,SO Hetmyer,,
1227868,2020,2020-08-19,"Brian Lara Stadium, Tarouba",2,16.3,Guyana Amazon Warriors,St Kitts and Nevis Patriots,CJ Green,R Shepherd,DC Drakes,0,0,,,,,,,,,
1227868,2020,2020-08-19,"Brian Lara Stadium, Tarouba",2,16.4,Guyana Amazon Warriors,St Kitts and Nevis Patriots,CJ Green,R Shepherd,DC Drakes,1,0,,,,,,,,,
1227868,2020,2020-08-19,"Brian Lara Stadium, Tarouba",2,16.5,Guyana Amazon Warriors,St Kitts and Nevis Patriots,R Shepherd,CJ Green,DC Drakes,0,0,,,,,,,,,
1227868,2020,2020-08-19,"Brian Lara Stadium, Tarouba",2,16.6,Guyana Amazon Warriors,St Kitts and Nevis Patriots,R Shepherd,CJ Green,DC Drakes,0,1,1,,,,,,,,
1227868,2020,2020-08-19,"Brian Lara Stadium, Tarouba",2,16.7,Guyana Amazon Warriors,St Kitts and Nevis Patriots,R Shepherd,CJ Green,DC Drakes,0,1,,1,,,,,,,
1227868,2020,2020-08-19,"Brian Lara Stadium, Tarouba",2,16.8,Guyana Amazon Warriors,St Kitts and Nevis Patriots,R Shepherd,CJ Green,DC Drakes,4,0,,,,,,,,,
