match_id,season,start_date,venue,innings,ball,batting_team,bowling_team,striker,non_striker,bowler,runs_off_bat,extras,wides,noballs,byes,legbyes,penalty,wicket_type,player_dismissed,other_wicket_type,other_player_dismissed
1227886,2020,2020-09-01,"Brian Lara Stadium, Tarouba",1,0.1,Barbados Tridents,Guyana Amazon Warriors,J Charles,JP Greaves,CJ Green,0,0,,,,,,,,,
1227886,2020,2020-09-01,"Brian Lara Stadium, Tarouba",1,0.2,Barbados Tridents,Guyana Amazon Warriors,J Charles,JP Greaves,CJ Green,0,0,,,,,,,,,
1227886,2020,2020-09-01,"Brian Lara Stadium, Tarouba",1,0.3,Barbados Tridents,Guyana Amazon Warriors,J Charles,JP Greaves,CJ Green,0,0,,,,,,,,,
1227886,2020,2020-09-01,"Brian Lara Stadium, Tarouba",1,0.4,Barbados Tridents,Guyana Amazon Warriors,J Charles,JP Greaves,CJ Green,0,1,,,,1,,,,,
1227886,2020,2020-09-01,"Brian Lara Stadium, Tarouba",1,0.5,Barbados Tridents,Guyana Amazon Warriors,JP Greaves,J Charles,CJ Green,0,0,,,,,,lbw,JP Greaves,,
1227886,2020,2020-09-01,"Brian Lara Stadium, Tarouba",1,0.6,Barbados Tridents,Guyana Amazon Warriors,KR Mayers,J Charles,CJ Green,0,0,,,,,,,,,
1227886,2020,2020-09-01,"Brian Lara Stadium, Tarouba",1,1.1,Barbados Tridents,Guyana Amazon Warriors,J Charles,KR Mayers,K Sinclair,0,0,,,,,,,,,
1227886,2020,2020-09-01,"Brian Lara Stadium, Tarouba",1,1.2,Barbados Tridents,Guyana Amazon Warriors,J Charles,KR Mayers,K Sinclair,0,0,,,,,,,,,
1227886,2020,2020-09-01,"Brian Lara Stadium, Tarouba",1,1.3,Barbados Tridents,Guyana Amazon Warriors,J Charles,KR Mayers,K Sinclair,0,0,,,,,,,,,
1227886,2020,2020-09-01,"Brian Lara Stadium, Tarouba",1,1.4,Barbados Tridents,Guyana Amazon Warriors,J Charles,KR Mayers,K Sinclair,0,0,,,,,,caught,J Charles,,
1227886,2020,2020-09-01,"Brian Lara Stadium, Tarouba",1,1.5,Barbados Tridents,Guyana Amazon Warriors,KR Mayers,JO Holder,K Sinclair,1,0,,,,,,,,,
1227886,2020,2020-09-01,"Brian Lara Stadium, Tarouba",1,1.6,Barbados Tridents,Guyana Amazon Warriors,JO Holder,KR Mayers,K Sinclair,0,0,,,,,,,,,
1227886,2020,2020-09-01,"Brian Lara Stadium, Tarouba",1,2.1,Barbados Tridents,Guyana Amazon Warriors,KR Mayers,JO Holder,CJ Green,0,0,,,,,,,,,
1227886,2020,2020-09-01,"Brian Lara Stadium, Tarouba",1,2.2,Barbados Tridents,Guyana Amazon Warriors,KR Mayers,JO Holder,CJ Green,1,0,,,,,,run out,JO Holder,,
1227886,2020,2020-09-01,"Brian Lara Stadium, Tarouba",1,2.3,Barbados Tridents,Guyana Amazon Warriors,SD Hope,KR Mayers,CJ Green,0,0,,,,,,,,,
1227886,2020,2020-09-01,"Brian Lara Stadium, Tarouba",1,2.4,Barbados Tridents,Guyana Amazon Warriors,SD Hope,KR Mayers,CJ Green,0,0,,,,,,,,,
1227886,2020,2020-09-01,"Brian Lara Stadium, Tarouba",1,2.5,Barbados Tridents,Guyana Amazon Warriors,SD Hope,KR Mayers,CJ Green,0,0,,,,,,,,,
1227886,2020,2020-09-01,"Brian Lara Stadium, Tarouba",1,2.6,Barbados Tridents,Guyana Amazon Warriors,SD Hope,KR Mayers,CJ Green,1,0,,,,,,,,,
1227886,2020,2020-09-01,"Brian Lara Stadium, Tarouba",1,3.1,Barbados Tridents,Guyana Amazon Warriors,SD Hope,KR Mayers,K Sinclair,0,0,,,,,,,,,
1227886,2020,2020-09-01,"Brian Lara Stadium, Tarouba",1,3.2,Barbados Tridents,Guyana Amazon Warriors,SD Hope,KR Mayers,K Sinclair,2,0,,,,,,,,,
1227886,2020,2020-09-01,"Brian Lara Stadium, Tarouba",1,3.3,Barbados Tridents,Guyana Amazon Warriors,SD Hope,KR Mayers,K Sinclair,0,1,1,,,,,,,,
1227886,2020,2020-09-01,"Brian Lara Stadium, Tarouba",1,3.4,Barbados Tridents,Guyana Amazon Warriors,SD Hope,KR Mayers,K Sinclair,2,0,,,,,,,,,
1227886,2020,2020-09-01,"Brian Lara Stadium, Tarouba",1,3.5,Barbados Tridents,Guyana Amazon Warriors,SD Hope,KR Mayers,K Sinclair,0,0,,,,,,caught and bowled,SD Hope,,
1227886,2020,2020-09-01,"Brian Lara Stadium, Tarouba",1,3.6,Barbados Tridents,Guyana Amazon Warriors,JL Carter,KR Mayers,K Sinclair,0,0,,,,,,,,,
1227886,2020,2020-09-01,"Brian Lara Stadium, Tarouba",1,3.7,Barbados Tridents,Guyana Amazon Warriors,JL Carter,KR Mayers,K Sinclair,0,0,,,,,,,,,
1227886,2020,2020-09-01,"Brian Lara Stadium, Tarouba",1,4.1,Barbados Tridents,Guyana Amazon Warriors,KR Mayers,JL Carter,CJ Green,0,0,,,,,,,,,
1227886,2020,2020-09-01,"Brian Lara Stadium, Tarouba",1,4.2,Barbados Tridents,Guyana Amazon Warriors,KR Mayers,JL Carter,CJ Green,0,0,,,,,,,,,
1227886,2020,2020-09-01,"Brian Lara Stadium, Tarouba",1,4.3,Barbados Tridents,Guyana Amazon Warriors,KR Mayers,JL Carter,CJ Green,0,0,,,,,,,,,
1227886,2020,2020-09-01,"Brian Lara Stadium, Tarouba",1,4.4,Barbados Tridents,Guyana Amazon Warriors,KR Mayers,JL Carter,CJ Green,0,0,,,,,,,,,
1227886,2020,2020-09-01,"Brian Lara Stadium, Tarouba",1,4.5,Barbados Tridents,Guyana Amazon Warriors,KR Mayers,JL Carter,CJ Green,1,0,,,,,,,,,
1227886,2020,2020-09-01,"Brian Lara Stadium, Tarouba",1,4.6,Barbados Tridents,Guyana Amazon Warriors,JL Carter,KR Mayers,CJ Green,0,0,,,,,,,,,
1227886,2020,2020-09-01,"Brian Lara Stadium, Tarouba",1,5.1,Barbados Tridents,Guyana Amazon Warriors,KR Mayers,JL Carter,K Sinclair,1,0,,,,,,,,,
1227886,2020,2020-09-01,"Brian Lara Stadium, Tarouba",1,5.2,Barbados Tridents,Guyana Amazon Warriors,JL Carter,KR Mayers,K Sinclair,0,0,,,,,,,,,
1227886,2020,2020-09-01,"Brian Lara Stadium, Tarouba",1,5.3,Barbados Tridents,Guyana Amazon Warriors,JL Carter,KR Mayers,K Sinclair,0,0,,,,,,,,,
1227886,2020,2020-09-01,"Brian Lara Stadium, Tarouba",1,5.4,Barbados Tridents,Guyana Amazon Warriors,JL Carter,KR Mayers,K Sinclair,2,0,,,,,,,,,
1227886,2020,2020-09-01,"Brian Lara Stadium, Tarouba",1,5.5,Barbados Tridents,Guyana Amazon Warriors,JL Carter,KR Mayers,K Sinclair,0,0,,,,,,,,,
1227886,2020,2020-09-01,"Brian Lara Stadium, Tarouba",1,5.6,Barbados Tridents,Guyana Amazon Warriors,JL Carter,KR Mayers,K Sinclair,1,0,,,,,,,,,
1227886,2020,2020-09-01,"Brian Lara Stadium, Tarouba",1,6.1,Barbados Tridents,Guyana Amazon Warriors,JL Carter,KR Mayers,CJ Green,0,0,,,,,,,,,
1227886,2020,2020-09-01,"Brian Lara Stadium, Tarouba",1,6.2,Barbados Tridents,Guyana Amazon Warriors,JL Carter,KR Mayers,CJ Green,0,0,,,,,,,,,
1227886,2020,2020-09-01,"Brian Lara Stadium, Tarouba",1,6.3,Barbados Tridents,Guyana Amazon Warriors,JL Carter,KR Mayers,CJ Green,0,0,,,,,,,,,
1227886,2020,2020-09-01,"Brian Lara Stadium, Tarouba",1,6.4,Barbados Tridents,Guyana Amazon Warriors,JL Carter,KR Mayers,CJ Green,0,0,,,,,,,,,
1227886,2020,2020-09-01,"Brian Lara Stadium, Tarouba",1,6.5,Barbados Tridents,Guyana Amazon Warriors,JL Carter,KR Mayers,CJ Green,0,0,,,,,,,,,
1227886,2020,2020-09-01,"Brian Lara Stadium, Tarouba",1,6.6,Barbados Tridents,Guyana Amazon Warriors,JL Carter,KR Mayers,CJ Green,0,0,,,,,,,,,
1227886,2020,2020-09-01,"Brian Lara Stadium, Tarouba",1,7.1,Barbados Tridents,Guyana Amazon Warriors,KR Mayers,JL Carter,K Sinclair,0,0,,,,,,,,,
1227886,2020,2020-09-01,"Brian Lara Stadium, Tarouba",1,7.2,Barbados Tridents,Guyana Amazon Warriors,KR Mayers,JL Carter,K Sinclair,1,0,,,,,,,,,
1227886,2020,2020-09-01,"Brian Lara Stadium, Tarouba",1,7.3,Barbados Tridents,Guyana Amazon Warriors,JL Carter,KR Mayers,K Sinclair,0,0,,,,,,,,,
1227886,2020,2020-09-01,"Brian Lara Stadium, Tarouba",1,7.4,Barbados Tridents,Guyana Amazon Warriors,JL Carter,KR Mayers,K Sinclair,0,0,,,,,,,,,
1227886,2020,2020-09-01,"Brian Lara Stadium, Tarouba",1,7.5,Barbados Tridents,Guyana Amazon Warriors,JL Carter,KR Mayers,K Sinclair,1,0,,,,,,,,,
1227886,2020,2020-09-01,"Brian Lara Stadium, Tarouba",1,7.6,Barbados Tridents,Guyana Amazon Warriors,KR Mayers,JL Carter,K Sinclair,1,0,,,,,,,,,
1227886,2020,2020-09-01,"Brian Lara Stadium, Tarouba",1,8.1,Barbados Tridents,Guyana Amazon Warriors,KR Mayers,JL Carter,Imran Tahir,0,0,,,,,,,,,
1227886,2020,2020-09-01,"Brian Lara Stadium, Tarouba",1,8.2,Barbados Tridents,Guyana Amazon Warriors,KR Mayers,JL Carter,Imran Tahir,0,0,,,,,,,,,
1227886,2020,2020-09-01,"Brian Lara Stadium, Tarouba",1,8.3,Barbados Tridents,Guyana Amazon Warriors,KR Mayers,JL Carter,Imran Tahir,2,0,,,,,,,,,
1227886,2020,2020-09-01,"Brian Lara Stadium, Tarouba",1,8.4,Barbados Tridents,Guyana Amazon Warriors,KR Mayers,JL Carter,Imran Tahir,0,0,,,,,,,,,
1227886,2020,2020-09-01,"Brian Lara Stadium, Tarouba",1,8.5,Barbados Tridents,Guyana Amazon Warriors,KR Mayers,JL Carter,Imran Tahir,0,0,,,,,,,,,
1227886,2020,2020-09-01,"Brian Lara Stadium, Tarouba",1,8.6,Barbados Tridents,Guyana Amazon Warriors,KR Mayers,JL Carter,Imran Tahir,0,0,,,,,,,,,
1227886,2020,2020-09-01,"Brian Lara Stadium, Tarouba",1,9.1,Barbados Tridents,Guyana Amazon Warriors,JL Carter,KR Mayers,Naveen-ul-Haq,1,0,,,,,,,,,
1227886,2020,2020-09-01,"Brian Lara Stadium, Tarouba",1,9.2,Barbados Tridents,Guyana Amazon Warriors,KR Mayers,JL Carter,Naveen-ul-Haq,0,0,,,,,,run out,JL Carter,,
1227886,2020,2020-09-01,"Brian Lara Stadium, Tarouba",1,9.3,Barbados Tridents,Guyana Amazon Warriors,KR Mayers,MJ Santner,Naveen-ul-Haq,2,0,,,,,,,,,
1227886,2020,2020-09-01,"Brian Lara Stadium, Tarouba",1,9.4,Barbados Tridents,Guyana Amazon Warriors,KR Mayers,MJ Santner,Naveen-ul-Haq,0,0,,,,,,caught,KR Mayers,,
1227886,2020,2020-09-01,"Brian Lara Stadium, Tarouba",1,9.5,Barbados Tridents,Guyana Amazon Warriors,MJ Santner,AR Nurse,Naveen-ul-Haq,0,0,,,,,,,,,
1227886,2020,2020-09-01,"Brian Lara Stadium, Tarouba",1,9.6,Barbados Tridents,Guyana Amazon Warriors,MJ Santner,AR Nurse,Naveen-ul-Haq,0,0,,,,,,,,,
1227886,2020,2020-09-01,"Brian Lara Stadium, Tarouba",1,10.1,Barbados Tridents,Guyana Amazon Warriors,AR Nurse,MJ Santner,Imran Tahir,0,0,,,,,,,,,
1227886,2020,2020-09-01,"Brian Lara Stadium, Tarouba",1,10.2,Barbados Tridents,Guyana Amazon Warriors,AR Nurse,MJ Santner,Imran Tahir,0,0,,,,,,,,,
1227886,2020,2020-09-01,"Brian Lara Stadium, Tarouba",1,10.3,Barbados Tridents,Guyana Amazon Warriors,AR Nurse,MJ Santner,Imran Tahir,0,0,,,,,,,,,
1227886,2020,2020-09-01,"Brian Lara Stadium, Tarouba",1,10.4,Barbados Tridents,Guyana Amazon Warriors,AR Nurse,MJ Santner,Imran Tahir,1,0,,,,,,,,,
1227886,2020,2020-09-01,"Brian Lara Stadium, Tarouba",1,10.5,Barbados Tridents,Guyana Amazon Warriors,MJ Santner,AR Nurse,Imran Tahir,2,0,,,,,,,,,
1227886,2020,2020-09-01,"Brian Lara Stadium, Tarouba",1,10.6,Barbados Tridents,Guyana Amazon Warriors,MJ Santner,AR Nurse,Imran Tahir,0,0,,,,,,,,,
1227886,2020,2020-09-01,"Brian Lara Stadium, Tarouba",1,11.1,Barbados Tridents,Guyana Amazon Warriors,AR Nurse,MJ Santner,Naveen-ul-Haq,0,0,,,,,,caught,AR Nurse,,
1227886,2020,2020-09-01,"Brian Lara Stadium, Tarouba",1,11.2,Barbados Tridents,Guyana Amazon Warriors,RA Reifer,MJ Santner,Naveen-ul-Haq,0,0,,,,,,,,,
1227886,2020,2020-09-01,"Brian Lara Stadium, Tarouba",1,11.3,Barbados Tridents,Guyana Amazon Warriors,RA Reifer,MJ Santner,Naveen-ul-Haq,1,0,,,,,,,,,
1227886,2020,2020-09-01,"Brian Lara Stadium, Tarouba",1,11.4,Barbados Tridents,Guyana Amazon Warriors,MJ Santner,RA Reifer,Naveen-ul-Haq,0,0,,,,,,,,,
1227886,2020,2020-09-01,"Brian Lara Stadium, Tarouba",1,11.5,Barbados Tridents,Guyana Amazon Warriors,MJ Santner,RA Reifer,Naveen-ul-Haq,1,0,,,,,,,,,
1227886,2020,2020-09-01,"Brian Lara Stadium, Tarouba",1,11.6,Barbados Tridents,Guyana Amazon Warriors,RA Reifer,MJ Santner,Naveen-ul-Haq,0,0,,,,,,caught,RA Reifer,,
1227886,2020,2020-09-01,"Brian Lara Stadium, Tarouba",1,12.1,Barbados Tridents,Guyana Amazon Warriors,MJ Santner,Rashid Khan,Imran Tahir,0,0,,,,,,,,,
1227886,2020,2020-09-01,"Brian Lara Stadium, Tarouba",1,12.2,Barbados Tridents,Guyana Amazon Warriors,MJ Santner,Rashid Khan,Imran Tahir,6,0,,,,,,,,,
1227886,2020,2020-09-01,"Brian Lara Stadium, Tarouba",1,12.3,Barbados Tridents,Guyana Amazon Warriors,MJ Santner,Rashid Khan,Imran Tahir,1,0,,,,,,,,,
1227886,2020,2020-09-01,"Brian Lara Stadium, Tarouba",1,12.4,Barbados Tridents,Guyana Amazon Warriors,Rashid Khan,MJ Santner,Imran Tahir,1,0,,,,,,,,,
1227886,2020,2020-09-01,"Brian Lara Stadium, Tarouba",1,12.5,Barbados Tridents,Guyana Amazon Warriors,MJ Santner,Rashid Khan,Imran Tahir,4,0,,,,,,,,,
1227886,2020,2020-09-01,"Brian Lara Stadium, Tarouba",1,12.6,Barbados Tridents,Guyana Amazon Warriors,MJ Santner,Rashid Khan,Imran Tahir,1,0,,,,,,,,,
1227886,2020,2020-09-01,"Brian Lara Stadium, Tarouba",1,13.1,Barbados Tridents,Guyana Amazon Warriors,MJ Santner,Rashid Khan,Naveen-ul-Haq,1,0,,,,,,,,,
1227886,2020,2020-09-01,"Brian Lara Stadium, Tarouba",1,13.2,Barbados Tridents,Guyana Amazon Warriors,Rashid Khan,MJ Santner,Naveen-ul-Haq,2,0,,,,,,,,,
1227886,2020,2020-09-01,"Brian Lara Stadium, Tarouba",1,13.3,Barbados Tridents,Guyana Amazon Warriors,Rashid Khan,MJ Santner,Naveen-ul-Haq,0,0,,,,,,,,,
1227886,2020,2020-09-01,"Brian Lara Stadium, Tarouba",1,13.4,Barbados Tridents,Guyana Amazon Warriors,Rashid Khan,MJ Santner,Naveen-ul-Haq,0,0,,,,,,,,,
1227886,2020,2020-09-01,"Brian Lara Stadium, Tarouba",1,13.5,Barbados Tridents,Guyana Amazon Warriors,Rashid Khan,MJ Santner,Naveen-ul-Haq,1,0,,,,,,,,,
1227886,2020,2020-09-01,"Brian Lara Stadium, Tarouba",1,13.6,Barbados Tridents,Guyana Amazon Warriors,MJ Santner,Rashid Khan,Naveen-ul-Haq,0,0,,,,,,,,,
1227886,2020,2020-09-01,"Brian Lara Stadium, Tarouba",1,14.1,Barbados Tridents,Guyana Amazon Warriors,Rashid Khan,MJ Santner,K Magram,1,0,,,,,,,,,
1227886,2020,2020-09-01,"Brian Lara Stadium, Tarouba",1,14.2,Barbados Tridents,Guyana Amazon Warriors,MJ Santner,Rashid Khan,K Magram,1,0,,,,,,,,,
1227886,2020,2020-09-01,"Brian Lara Stadium, Tarouba",1,14.3,Barbados Tridents,Guyana Amazon Warriors,Rashid Khan,MJ Santner,K Magram,1,0,,,,,,,,,
1227886,2020,2020-09-01,"Brian Lara Stadium, Tarouba",1,14.4,Barbados Tridents,Guyana Amazon Warriors,MJ Santner,Rashid Khan,K Magram,6,0,,,,,,,,,
1227886,2020,2020-09-01,"Brian Lara Stadium, Tarouba",1,14.5,Barbados Tridents,Guyana Amazon Warriors,MJ Santner,Rashid Khan,K Magram,2,0,,,,,,,,,
1227886,2020,2020-09-01,"Brian Lara Stadium, Tarouba",1,14.6,Barbados Tridents,Guyana Amazon Warriors,MJ Santner,Rashid Khan,K Magram,1,0,,,,,,,,,
1227886,2020,2020-09-01,"Brian Lara Stadium, Tarouba",1,15.1,Barbados Tridents,Guyana Amazon Warriors,MJ Santner,Rashid Khan,R Shepherd,0,0,,,,,,,,,
1227886,2020,2020-09-01,"Brian Lara Stadium, Tarouba",1,15.2,Barbados Tridents,Guyana Amazon Warriors,MJ Santner,Rashid Khan,R Shepherd,0,0,,,,,,,,,
1227886,2020,2020-09-01,"Brian Lara Stadium, Tarouba",1,15.3,Barbados Tridents,Guyana Amazon Warriors,MJ Santner,Rashid Khan,R Shepherd,1,0,,,,,,,,,
1227886,2020,2020-09-01,"Brian Lara Stadium, Tarouba",1,15.4,Barbados Tridents,Guyana Amazon Warriors,Rashid Khan,MJ Santner,R Shepherd,1,0,,,,,,,,,
1227886,2020,2020-09-01,"Brian Lara Stadium, Tarouba",1,15.5,Barbados Tridents,Guyana Amazon Warriors,MJ Santner,Rashid Khan,R Shepherd,2,0,,,,,,,,,
1227886,2020,2020-09-01,"Brian Lara Stadium, Tarouba",1,15.6,Barbados Tridents,Guyana Amazon Warriors,MJ Santner,Rashid Khan,R Shepherd,2,0,,,,,,,,,
1227886,2020,2020-09-01,"Brian Lara Stadium, Tarouba",1,16.1,Barbados Tridents,Guyana Amazon Warriors,Rashid Khan,MJ Santner,KMA Paul,0,0,,,,,,,,,
1227886,2020,2020-09-01,"Brian Lara Stadium, Tarouba",1,16.2,Barbados Tridents,Guyana Amazon Warriors,Rashid Khan,MJ Santner,KMA Paul,0,0,,,,,,,,,
1227886,2020,2020-09-01,"Brian Lara Stadium, Tarouba",1,16.3,Barbados Tridents,Guyana Amazon Warriors,Rashid Khan,MJ Santner,KMA Paul,6,0,,,,,,,,,
1227886,2020,2020-09-01,"Brian Lara Stadium, Tarouba",1,16.4,Barbados Tridents,Guyana Amazon Warriors,Rashid Khan,MJ Santner,KMA Paul,0,0,,,,,,,,,
1227886,2020,2020-09-01,"Brian Lara Stadium, Tarouba",1,16.5,Barbados Tridents,Guyana Amazon Warriors,Rashid Khan,MJ Santner,KMA Paul,0,0,,,,,,,,,
1227886,2020,2020-09-01,"Brian Lara Stadium, Tarouba",1,16.6,Barbados Tridents,Guyana Amazon Warriors,Rashid Khan,MJ Santner,KMA Paul,6,0,,,,,,,,,
1227886,2020,2020-09-01,"Brian Lara Stadium, Tarouba",1,17.1,Barbados Tridents,Guyana Amazon Warriors,MJ Santner,Rashid Khan,Naveen-ul-Haq,1,0,,,,,,,,,
1227886,2020,2020-09-01,"Brian Lara Stadium, Tarouba",1,17.2,Barbados Tridents,Guyana Amazon Warriors,Rashid Khan,MJ Santner,Naveen-ul-Haq,0,0,,,,,,caught,Rashid Khan,,
1227886,2020,2020-09-01,"Brian Lara Stadium, Tarouba",1,17.3,Barbados Tridents,Guyana Amazon Warriors,MJ Santner,HR Walsh,Naveen-ul-Haq,1,0,,,,,,,,,
1227886,2020,2020-09-01,"Brian Lara Stadium, Tarouba",1,17.4,Barbados Tridents,Guyana Amazon Warriors,HR Walsh,MJ Santner,Naveen-ul-Haq,0,0,,,,,,,,,
1227886,2020,2020-09-01,"Brian Lara Stadium, Tarouba",1,17.5,Barbados Tridents,Guyana Amazon Warriors,HR Walsh,MJ Santner,Naveen-ul-Haq,2,0,,,,,,,,,
1227886,2020,2020-09-01,"Brian Lara Stadium, Tarouba",1,17.6,Barbados Tridents,Guyana Amazon Warriors,HR Walsh,MJ Santner,Naveen-ul-Haq,1,0,,,,,,,,,
1227886,2020,2020-09-01,"Brian Lara Stadium, Tarouba",1,18.1,Barbados Tridents,Guyana Amazon Warriors,HR Walsh,MJ Santner,KMA Paul,0,0,,,,,,,,,
1227886,2020,2020-09-01,"Brian Lara Stadium, Tarouba",1,18.2,Barbados Tridents,Guyana Amazon Warriors,HR Walsh,MJ Santner,KMA Paul,2,0,,,,,,,,,
1227886,2020,2020-09-01,"Brian Lara Stadium, Tarouba",1,18.3,Barbados Tridents,Guyana Amazon Warriors,HR Walsh,MJ Santner,KMA Paul,4,0,,,,,,,,,
1227886,2020,2020-09-01,"Brian Lara Stadium, Tarouba",1,18.4,Barbados Tridents,Guyana Amazon Warriors,HR Walsh,MJ Santner,KMA Paul,0,0,,,,,,,,,
1227886,2020,2020-09-01,"Brian Lara Stadium, Tarouba",1,18.5,Barbados Tridents,Guyana Amazon Warriors,HR Walsh,MJ Santner,KMA Paul,1,0,,,,,,,,,
1227886,2020,2020-09-01,"Brian Lara Stadium, Tarouba",1,18.6,Barbados Tridents,Guyana Amazon Warriors,MJ Santner,HR Walsh,KMA Paul,0,0,,,,,,,,,
1227886,2020,2020-09-01,"Brian Lara Stadium, Tarouba",1,19.1,Barbados Tridents,Guyana Amazon Warriors,HR Walsh,MJ Santner,R Shepherd,1,0,,,,,,,,,
1227886,2020,2020-09-01,"Brian Lara Stadium, Tarouba",1,19.2,Barbados Tridents,Guyana Amazon Warriors,MJ Santner,HR Walsh,R Shepherd,1,0,,,,,,,,,
1227886,2020,2020-09-01,"Brian Lara Stadium, Tarouba",1,19.3,Barbados Tridents,Guyana Amazon Warriors,HR Walsh,MJ Santner,R Shepherd,0,1,1,,,,,,,,
1227886,2020,2020-09-01,"Brian Lara Stadium, Tarouba",1,19.4,Barbados Tridents,Guyana Amazon Warriors,HR Walsh,MJ Santner,R Shepherd,0,0,,,,,,,,,
1227886,2020,2020-09-01,"Brian Lara Stadium, Tarouba",1,19.5,Barbados Tridents,Guyana Amazon Warriors,HR Walsh,MJ Santner,R Shepherd,0,0,,,,,,,,,
1227886,2020,2020-09-01,"Brian Lara Stadium, Tarouba",1,19.6,Barbados Tridents,Guyana Amazon Warriors,HR Walsh,MJ Santner,R Shepherd,1,0,,,,,,,,,
1227886,2020,2020-09-01,"Brian Lara Stadium, Tarouba",1,19.7,Barbados Tridents,Guyana Amazon Warriors,MJ Santner,HR Walsh,R Shepherd,2,0,,,,,,run out,MJ Santner,,
1227886,2020,2020-09-01,"Brian Lara Stadium, Tarouba",2,0.1,Guyana Amazon Warriors,Barbados Tridents,BA King,K Sinclair,JO Holder,0,0,,,,,,,,,
1227886,2020,2020-09-01,"Brian Lara Stadium, Tarouba",2,0.2,Guyana Amazon Warriors,Barbados Tridents,BA King,K Sinclair,JO Holder,0,0,,,,,,,,,
1227886,2020,2020-09-01,"Brian Lara Stadium, Tarouba",2,0.3,Guyana Amazon Warriors,Barbados Tridents,BA King,K Sinclair,JO Holder,0,0,,,,,,,,,
1227886,2020,2020-09-01,"Brian Lara Stadium, Tarouba",2,0.4,Guyana Amazon Warriors,Barbados Tridents,BA King,K Sinclair,JO Holder,0,0,,,,,,,,,
1227886,2020,2020-09-01,"Brian Lara Stadium, Tarouba",2,0.5,Guyana Amazon Warriors,Barbados Tridents,BA King,K Sinclair,JO Holder,0,0,,,,,,,,,
1227886,2020,2020-09-01,"Brian Lara Stadium, Tarouba",2,0.6,Guyana Amazon Warriors,Barbados Tridents,BA King,K Sinclair,JO Holder,0,0,,,,,,,,,
1227886,2020,2020-09-01,"Brian Lara Stadium, Tarouba",2,1.1,Guyana Amazon Warriors,Barbados Tridents,K Sinclair,BA King,MJ Santner,1,0,,,,,,,,,
1227886,2020,2020-09-01,"Brian Lara Stadium, Tarouba",2,1.2,Guyana Amazon Warriors,Barbados Tridents,BA King,K Sinclair,MJ Santner,2,0,,,,,,,,,
1227886,2020,2020-09-01,"Brian Lara Stadium, Tarouba",2,1.3,Guyana Amazon Warriors,Barbados Tridents,BA King,K Sinclair,MJ Santner,0,0,,,,,,,,,
1227886,2020,2020-09-01,"Brian Lara Stadium, Tarouba",2,1.4,Guyana Amazon Warriors,Barbados Tridents,BA King,K Sinclair,MJ Santner,4,0,,,,,,,,,
1227886,2020,2020-09-01,"Brian Lara Stadium, Tarouba",2,1.5,Guyana Amazon Warriors,Barbados Tridents,BA King,K Sinclair,MJ Santner,0,0,,,,,,,,,
1227886,2020,2020-09-01,"Brian Lara Stadium, Tarouba",2,1.6,Guyana Amazon Warriors,Barbados Tridents,BA King,K Sinclair,MJ Santner,0,0,,,,,,,,,
1227886,2020,2020-09-01,"Brian Lara Stadium, Tarouba",2,2.1,Guyana Amazon Warriors,Barbados Tridents,K Sinclair,BA King,JO Holder,0,0,,,,,,,,,
1227886,2020,2020-09-01,"Brian Lara Stadium, Tarouba",2,2.2,Guyana Amazon Warriors,Barbados Tridents,K Sinclair,BA King,JO Holder,0,0,,,,,,,,,
1227886,2020,2020-09-01,"Brian Lara Stadium, Tarouba",2,2.3,Guyana Amazon Warriors,Barbados Tridents,K Sinclair,BA King,JO Holder,0,0,,,,,,,,,
1227886,2020,2020-09-01,"Brian Lara Stadium, Tarouba",2,2.4,Guyana Amazon Warriors,Barbados Tridents,K Sinclair,BA King,JO Holder,0,0,,,,,,,,,
1227886,2020,2020-09-01,"Brian Lara Stadium, Tarouba",2,2.5,Guyana Amazon Warriors,Barbados Tridents,K Sinclair,BA King,JO Holder,1,0,,,,,,,,,
1227886,2020,2020-09-01,"Brian Lara Stadium, Tarouba",2,2.6,Guyana Amazon Warriors,Barbados Tridents,BA King,K Sinclair,JO Holder,0,0,,,,,,,,,
1227886,2020,2020-09-01,"Brian Lara Stadium, Tarouba",2,3.1,Guyana Amazon Warriors,Barbados Tridents,K Sinclair,BA King,MJ Santner,0,0,,,,,,,,,
1227886,2020,2020-09-01,"Brian Lara Stadium, Tarouba",2,3.2,Guyana Amazon Warriors,Barbados Tridents,K Sinclair,BA King,MJ Santner,0,0,,,,,,,,,
1227886,2020,2020-09-01,"Brian Lara Stadium, Tarouba",2,3.3,Guyana Amazon Warriors,Barbados Tridents,K Sinclair,BA King,MJ Santner,1,0,,,,,,,,,
1227886,2020,2020-09-01,"Brian Lara Stadium, Tarouba",2,3.4,Guyana Amazon Warriors,Barbados Tridents,BA King,K Sinclair,MJ Santner,0,0,,,,,,,,,
1227886,2020,2020-09-01,"Brian Lara Stadium, Tarouba",2,3.5,Guyana Amazon Warriors,Barbados Tridents,BA King,K Sinclair,MJ Santner,0,0,,,,,,,,,
1227886,2020,2020-09-01,"Brian Lara Stadium, Tarouba",2,3.6,Guyana Amazon Warriors,Barbados Tridents,BA King,K Sinclair,MJ Santner,0,0,,,,,,,,,
1227886,2020,2020-09-01,"Brian Lara Stadium, Tarouba",2,4.1,Guyana Amazon Warriors,Barbados Tridents,K Sinclair,BA King,Rashid Khan,0,1,,,,1,,,,,
1227886,2020,2020-09-01,"Brian Lara Stadium, Tarouba",2,4.2,Guyana Amazon Warriors,Barbados Tridents,BA King,K Sinclair,Rashid Khan,0,5,5,,,,,,,,
1227886,2020,2020-09-01,"Brian Lara Stadium, Tarouba",2,4.3,Guyana Amazon Warriors,Barbados Tridents,BA King,K Sinclair,Rashid Khan,0,0,,,,,,,,,
1227886,2020,2020-09-01,"Brian Lara Stadium, Tarouba",2,4.4,Guyana Amazon Warriors,Barbados Tridents,BA King,K Sinclair,Rashid Khan,1,0,,,,,,,,,
1227886,2020,2020-09-01,"Brian Lara Stadium, Tarouba",2,4.5,Guyana Amazon Warriors,Barbados Tridents,K Sinclair,BA King,Rashid Khan,0,0,,,,,,bowled,K Sinclair,,
1227886,2020,2020-09-01,"Brian Lara Stadium, Tarouba",2,4.6,Guyana Amazon Warriors,Barbados Tridents,SO Hetmyer,BA King,Rashid Khan,4,0,,,,,,,,,
1227886,2020,2020-09-01,"Brian Lara Stadium, Tarouba",2,4.7,Guyana Amazon Warriors,Barbados Tridents,SO Hetmyer,BA King,Rashid Khan,0,0,,,,,,,,,
1227886,2020,2020-09-01,"Brian Lara Stadium, Tarouba",2,5.1,Guyana Amazon Warriors,Barbados Tridents,BA King,SO Hetmyer,JO Holder,1,0,,,,,,,,,
1227886,2020,2020-09-01,"Brian Lara Stadium, Tarouba",2,5.2,Guyana Amazon Warriors,Barbados Tridents,SO Hetmyer,BA King,JO Holder,1,0,,,,,,,,,
1227886,2020,2020-09-01,"Brian Lara Stadium, Tarouba",2,5.3,Guyana Amazon Warriors,Barbados Tridents,BA King,SO Hetmyer,JO Holder,1,0,,,,,,,,,
1227886,2020,2020-09-01,"Brian Lara Stadium, Tarouba",2,5.4,Guyana Amazon Warriors,Barbados Tridents,SO Hetmyer,BA King,JO Holder,1,0,,,,,,,,,
1227886,2020,2020-09-01,"Brian Lara Stadium, Tarouba",2,5.5,Guyana Amazon Warriors,Barbados Tridents,BA King,SO Hetmyer,JO Holder,0,0,,,,,,,,,
1227886,2020,2020-09-01,"Brian Lara Stadium, Tarouba",2,5.6,Guyana Amazon Warriors,Barbados Tridents,BA King,SO Hetmyer,JO Holder,0,1,1,,,,,,,,
1227886,2020,2020-09-01,"Brian Lara Stadium, Tarouba",2,5.7,Guyana Amazon Warriors,Barbados Tridents,BA King,SO Hetmyer,JO Holder,6,0,,,,,,,,,
1227886,2020,2020-09-01,"Brian Lara Stadium, Tarouba",2,6.1,Guyana Amazon Warriors,Barbados Tridents,SO Hetmyer,BA King,HR Walsh,1,0,,,,,,,,,
1227886,2020,2020-09-01,"Brian Lara Stadium, Tarouba",2,6.2,Guyana Amazon Warriors,Barbados Tridents,BA King,SO Hetmyer,HR Walsh,1,0,,,,,,,,,
1227886,2020,2020-09-01,"Brian Lara Stadium, Tarouba",2,6.3,Guyana Amazon Warriors,Barbados Tridents,SO Hetmyer,BA King,HR Walsh,2,0,,,,,,,,,
1227886,2020,2020-09-01,"Brian Lara Stadium, Tarouba",2,6.4,Guyana Amazon Warriors,Barbados Tridents,SO Hetmyer,BA King,HR Walsh,0,0,,,,,,bowled,SO Hetmyer,,
1227886,2020,2020-09-01,"Brian Lara Stadium, Tarouba",2,6.5,Guyana Amazon Warriors,Barbados Tridents,N Pooran,BA King,HR Walsh,1,0,,,,,,,,,
1227886,2020,2020-09-01,"Brian Lara Stadium, Tarouba",2,6.6,Guyana Amazon Warriors,Barbados Tridents,BA King,N Pooran,HR Walsh,0,0,,,,,,,,,
1227886,2020,2020-09-01,"Brian Lara Stadium, Tarouba",2,7.1,Guyana Amazon Warriors,Barbados Tridents,N Pooran,BA King,Rashid Khan,0,0,,,,,,,,,
1227886,2020,2020-09-01,"Brian Lara Stadium, Tarouba",2,7.2,Guyana Amazon Warriors,Barbados Tridents,N Pooran,BA King,Rashid Khan,0,0,,,,,,,,,
1227886,2020,2020-09-01,"Brian Lara Stadium, Tarouba",2,7.3,Guyana Amazon Warriors,Barbados Tridents,N Pooran,BA King,Rashid Khan,0,0,,,,,,,,,
1227886,2020,2020-09-01,"Brian Lara Stadium, Tarouba",2,7.4,Guyana Amazon Warriors,Barbados Tridents,N Pooran,BA King,Rashid Khan,0,0,,,,,,,,,
1227886,2020,2020-09-01,"Brian Lara Stadium, Tarouba",2,7.5,Guyana Amazon Warriors,Barbados Tridents,N Pooran,BA King,Rashid Khan,3,0,,,,,,,,,
1227886,2020,2020-09-01,"Brian Lara Stadium, Tarouba",2,7.6,Guyana Amazon Warriors,Barbados Tridents,BA King,N Pooran,Rashid Khan,0,0,,,,,,,,,
1227886,2020,2020-09-01,"Brian Lara Stadium, Tarouba",2,8.1,Guyana Amazon Warriors,Barbados Tridents,N Pooran,BA King,HR Walsh,1,0,,,,,,,,,
1227886,2020,2020-09-01,"Brian Lara Stadium, Tarouba",2,8.2,Guyana Amazon Warriors,Barbados Tridents,BA King,N Pooran,HR Walsh,1,0,,,,,,,,,
1227886,2020,2020-09-01,"Brian Lara Stadium, Tarouba",2,8.3,Guyana Amazon Warriors,Barbados Tridents,N Pooran,BA King,HR Walsh,1,0,,,,,,,,,
1227886,2020,2020-09-01,"Brian Lara Stadium, Tarouba",2,8.4,Guyana Amazon Warriors,Barbados Tridents,BA King,N Pooran,HR Walsh,0,1,,,1,,,,,,
1227886,2020,2020-09-01,"Brian Lara Stadium, Tarouba",2,8.5,Guyana Amazon Warriors,Barbados Tridents,N Pooran,BA King,HR Walsh,1,0,,,,,,,,,
1227886,2020,2020-09-01,"Brian Lara Stadium, Tarouba",2,8.6,Guyana Amazon Warriors,Barbados Tridents,BA King,N Pooran,HR Walsh,0,0,,,,,,,,,
1227886,2020,2020-09-01,"Brian Lara Stadium, Tarouba",2,9.1,Guyana Amazon Warriors,Barbados Tridents,N Pooran,BA King,AR Nurse,2,0,,,,,,,,,
1227886,2020,2020-09-01,"Brian Lara Stadium, Tarouba",2,9.2,Guyana Amazon Warriors,Barbados Tridents,N Pooran,BA King,AR Nurse,0,0,,,,,,,,,
1227886,2020,2020-09-01,"Brian Lara Stadium, Tarouba",2,9.3,Guyana Amazon Warriors,Barbados Tridents,N Pooran,BA King,AR Nurse,1,0,,,,,,,,,
1227886,2020,2020-09-01,"Brian Lara Stadium, Tarouba",2,9.4,Guyana Amazon Warriors,Barbados Tridents,BA King,N Pooran,AR Nurse,4,0,,,,,,,,,
1227886,2020,2020-09-01,"Brian Lara Stadium, Tarouba",2,9.5,Guyana Amazon Warriors,Barbados Tridents,BA King,N Pooran,AR Nurse,0,0,,,,,,,,,
1227886,2020,2020-09-01,"Brian Lara Stadium, Tarouba",2,9.6,Guyana Amazon Warriors,Barbados Tridents,BA King,N Pooran,AR Nurse,1,0,,,,,,,,,
1227886,2020,2020-09-01,"Brian Lara Stadium, Tarouba",2,10.1,Guyana Amazon Warriors,Barbados Tridents,BA King,N Pooran,JO Holder,6,0,,,,,,,,,
1227886,2020,2020-09-01,"Brian Lara Stadium, Tarouba",2,10.2,Guyana Amazon Warriors,Barbados Tridents,BA King,N Pooran,JO Holder,0,1,1,,,,,,,,
1227886,2020,2020-09-01,"Brian Lara Stadium, Tarouba",2,10.3,Guyana Amazon Warriors,Barbados Tridents,BA King,N Pooran,JO Holder,1,0,,,,,,,,,
1227886,2020,2020-09-01,"Brian Lara Stadium, Tarouba",2,10.4,Guyana Amazon Warriors,Barbados Tridents,N Pooran,BA King,JO Holder,0,0,,,,,,,,,
1227886,2020,2020-09-01,"Brian Lara Stadium, Tarouba",2,10.5,Guyana Amazon Warriors,Barbados Tridents,N Pooran,BA King,JO Holder,0,1,1,,,,,,,,
1227886,2020,2020-09-01,"Brian Lara Stadium, Tarouba",2,10.6,Guyana Amazon Warriors,Barbados Tridents,N Pooran,BA King,JO Holder,0,0,,,,,,,,,
1227886,2020,2020-09-01,"Brian Lara Stadium, Tarouba",2,10.7,Guyana Amazon Warriors,Barbados Tridents,N Pooran,BA King,JO Holder,0,0,,,,,,,,,
1227886,2020,2020-09-01,"Brian Lara Stadium, Tarouba",2,10.8,Guyana Amazon Warriors,Barbados Tridents,N Pooran,BA King,JO Holder,1,0,,,,,,,,,
1227886,2020,2020-09-01,"Brian Lara Stadium, Tarouba",2,11.1,Guyana Amazon Warriors,Barbados Tridents,N Pooran,BA King,AR Nurse,0,0,,,,,,,,,
1227886,2020,2020-09-01,"Brian Lara Stadium, Tarouba",2,11.2,Guyana Amazon Warriors,Barbados Tridents,N Pooran,BA King,AR Nurse,0,0,,,,,,,,,
1227886,2020,2020-09-01,"Brian Lara Stadium, Tarouba",2,11.3,Guyana Amazon Warriors,Barbados Tridents,N Pooran,BA King,AR Nurse,1,0,,,,,,,,,
1227886,2020,2020-09-01,"Brian Lara Stadium, Tarouba",2,11.4,Guyana Amazon Warriors,Barbados Tridents,BA King,N Pooran,AR Nurse,1,0,,,,,,,,,
1227886,2020,2020-09-01,"Brian Lara Stadium, Tarouba",2,11.5,Guyana Amazon Warriors,Barbados Tridents,N Pooran,BA King,AR Nurse,1,0,,,,,,,,,
1227886,2020,2020-09-01,"Brian Lara Stadium, Tarouba",2,11.6,Guyana Amazon Warriors,Barbados Tridents,BA King,N Pooran,AR Nurse,1,0,,,,,,,,,
1227886,2020,2020-09-01,"Brian Lara Stadium, Tarouba",2,12.1,Guyana Amazon Warriors,Barbados Tridents,BA King,N Pooran,Rashid Khan,0,1,1,,,,,,,,
1227886,2020,2020-09-01,"Brian Lara Stadium, Tarouba",2,12.2,Guyana Amazon Warriors,Barbados Tridents,BA King,N Pooran,Rashid Khan,4,0,,,,,,,,,
1227886,2020,2020-09-01,"Brian Lara Stadium, Tarouba",2,12.3,Guyana Amazon Warriors,Barbados Tridents,BA King,N Pooran,Rashid Khan,0,0,,,,,,,,,
1227886,2020,2020-09-01,"Brian Lara Stadium, Tarouba",2,12.4,Guyana Amazon Warriors,Barbados Tridents,BA King,N Pooran,Rashid Khan,0,1,,,,1,,,,,
1227886,2020,2020-09-01,"Brian Lara Stadium, Tarouba",2,12.5,Guyana Amazon Warriors,Barbados Tridents,N Pooran,BA King,Rashid Khan,0,0,,,,,,,,,
1227886,2020,2020-09-01,"Brian Lara Stadium, Tarouba",2,12.6,Guyana Amazon Warriors,Barbados Tridents,N Pooran,BA King,Rashid Khan,0,0,,,,,,,,,
1227886,2020,2020-09-01,"Brian Lara Stadium, Tarouba",2,12.7,Guyana Amazon Warriors,Barbados Tridents,N Pooran,BA King,Rashid Khan,0,0,,,,,,,,,
1227886,2020,2020-09-01,"Brian Lara Stadium, Tarouba",2,13.1,Guyana Amazon Warriors,Barbados Tridents,BA King,N Pooran,RA Reifer,1,0,,,,,,,,,
1227886,2020,2020-09-01,"Brian Lara Stadium, Tarouba",2,13.2,Guyana Amazon Warriors,Barbados Tridents,N Pooran,BA King,RA Reifer,0,0,,,,,,,,,
1227886,2020,2020-09-01,"Brian Lara Stadium, Tarouba",2,13.3,Guyana Amazon Warriors,Barbados Tridents,N Pooran,BA King,RA Reifer,0,0,,,,,,,,,
1227886,2020,2020-09-01,"Brian Lara Stadium, Tarouba",2,13.4,Guyana Amazon Warriors,Barbados Tridents,N Pooran,BA King,RA Reifer,0,0,,,,,,,,,
1227886,2020,2020-09-01,"Brian Lara Stadium, Tarouba",2,13.5,Guyana Amazon Warriors,Barbados Tridents,N Pooran,BA King,RA Reifer,1,0,,,,,,,,,
1227886,2020,2020-09-01,"Brian Lara Stadium, Tarouba",2,13.6,Guyana Amazon Warriors,Barbados Tridents,BA King,N Pooran,RA Reifer,4,0,,,,,,,,,
1227886,2020,2020-09-01,"Brian Lara Stadium, Tarouba",2,14.1,Guyana Amazon Warriors,Barbados Tridents,N Pooran,BA King,MJ Santner,1,0,,,,,,,,,
1227886,2020,2020-09-01,"Brian Lara Stadium, Tarouba",2,14.2,Guyana Amazon Warriors,Barbados Tridents,BA King,N Pooran,MJ Santner,1,0,,,,,,,,,
1227886,2020,2020-09-01,"Brian Lara Stadium, Tarouba",2,14.3,Guyana Amazon Warriors,Barbados Tridents,N Pooran,BA King,MJ Santner,1,0,,,,,,,,,
1227886,2020,2020-09-01,"Brian Lara Stadium, Tarouba",2,14.4,Guyana Amazon Warriors,Barbados Tridents,BA King,N Pooran,MJ Santner,2,0,,,,,,,,,
1227886,2020,2020-09-01,"Brian Lara Stadium, Tarouba",2,14.5,Guyana Amazon Warriors,Barbados Tridents,BA King,N Pooran,MJ Santner,1,0,,,,,,,,,
1227886,2020,2020-09-01,"Brian Lara Stadium, Tarouba",2,14.6,Guyana Amazon Warriors,Barbados Tridents,N Pooran,BA King,MJ Santner,0,0,,,,,,,,,
1227886,2020,2020-09-01,"Brian Lara Stadium, Tarouba",2,15.1,Guyana Amazon Warriors,Barbados Tridents,BA King,N Pooran,Rashid Khan,0,0,,,,,,,,,
1227886,2020,2020-09-01,"Brian Lara Stadium, Tarouba",2,15.2,Guyana Amazon Warriors,Barbados Tridents,BA King,N Pooran,Rashid Khan,0,0,,,,,,,,,
1227886,2020,2020-09-01,"Brian Lara Stadium, Tarouba",2,15.3,Guyana Amazon Warriors,Barbados Tridents,BA King,N Pooran,Rashid Khan,1,0,,,,,,,,,
1227886,2020,2020-09-01,"Brian Lara Stadium, Tarouba",2,15.4,Guyana Amazon Warriors,Barbados Tridents,N Pooran,BA King,Rashid Khan,0,0,,,,,,,,,
1227886,2020,2020-09-01,"Brian Lara Stadium, Tarouba",2,15.5,Guyana Amazon Warriors,Barbados Tridents,N Pooran,BA King,Rashid Khan,1,0,,,,,,,,,
1227886,2020,2020-09-01,"Brian Lara Stadium, Tarouba",2,15.6,Guyana Amazon Warriors,Barbados Tridents,BA King,N Pooran,Rashid Khan,1,0,,,,,,,,,
1227886,2020,2020-09-01,"Brian Lara Stadium, Tarouba",2,16.1,Guyana Amazon Warriors,Barbados Tridents,BA King,N Pooran,MJ Santner,2,0,,,,,,,,,
1227886,2020,2020-09-01,"Brian Lara Stadium, Tarouba",2,16.2,Guyana Amazon Warriors,Barbados Tridents,BA King,N Pooran,MJ Santner,2,0,,,,,,,,,
1227886,2020,2020-09-01,"Brian Lara Stadium, Tarouba",2,16.3,Guyana Amazon Warriors,Barbados Tridents,BA King,N Pooran,MJ Santner,1,0,,,,,,,,,
1227886,2020,2020-09-01,"Brian Lara Stadium, Tarouba",2,16.4,Guyana Amazon Warriors,Barbados Tridents,N Pooran,BA King,MJ Santner,1,0,,,,,,,,,
