match_id,season,start_date,venue,innings,ball,batting_team,bowling_team,striker,non_striker,bowler,runs_off_bat,extras,wides,noballs,byes,legbyes,penalty,wicket_type,player_dismissed,other_wicket_type,other_player_dismissed
1269712,2021,2021-09-02,"Warner Park, Basseterre, St Kitts",1,0.1,St Lucia Kings,Guyana Amazon Warriors,ADS Fletcher,F du Plessis,C Hemraj,0,0,,,,,,,,,
1269712,2021,2021-09-02,"Warner Park, Basseterre, St Kitts",1,0.2,St Lucia Kings,Guyana Amazon Warriors,ADS Fletcher,F du Plessis,C Hemraj,0,0,,,,,,,,,
1269712,2021,2021-09-02,"Warner Park, Basseterre, St Kitts",1,0.3,St Lucia Kings,Guyana Amazon Warriors,ADS Fletcher,F du Plessis,C Hemraj,0,0,,,,,,,,,
1269712,2021,2021-09-02,"Warner Park, Basseterre, St Kitts",1,0.4,St Lucia Kings,Guyana Amazon Warriors,ADS Fletcher,F du Plessis,C Hemraj,4,0,,,,,,,,,
1269712,2021,2021-09-02,"Warner Park, Basseterre, St Kitts",1,0.5,St Lucia Kings,Guyana Amazon Warriors,ADS Fletcher,F du Plessis,C Hemraj,0,0,,,,,,,,,
1269712,2021,2021-09-02,"Warner Park, Basseterre, St Kitts",1,0.6,St Lucia Kings,Guyana Amazon Warriors,ADS Fletcher,F du Plessis,C Hemraj,0,0,,,,,,,,,
1269712,2021,2021-09-02,"Warner Park, Basseterre, St Kitts",1,1.1,St Lucia Kings,Guyana Amazon Warriors,F du Plessis,ADS Fletcher,R Shepherd,1,0,,,,,,,,,
1269712,2021,2021-09-02,"Warner Park, Basseterre, St Kitts",1,1.2,St Lucia Kings,Guyana Amazon Warriors,ADS Fletcher,F du Plessis,R Shepherd,0,0,,,,,,,,,
1269712,2021,2021-09-02,"Warner Park, Basseterre, St Kitts",1,1.3,St Lucia Kings,Guyana Amazon Warriors,ADS Fletcher,F du Plessis,R Shepherd,0,0,,,,,,caught,ADS Fletcher,,
1269712,2021,2021-09-02,"Warner Park, Basseterre, St Kitts",1,1.4,St Lucia Kings,Guyana Amazon Warriors,F du Plessis,M Deyal,R Shepherd,1,0,,,,,,,,,
1269712,2021,2021-09-02,"Warner Park, Basseterre, St Kitts",1,1.5,St Lucia Kings,Guyana Amazon Warriors,M Deyal,F du Plessis,R Shepherd,1,0,,,,,,,,,
1269712,2021,2021-09-02,"Warner Park, Basseterre, St Kitts",1,1.6,St Lucia Kings,Guyana Amazon Warriors,F du Plessis,M Deyal,R Shepherd,0,0,,,,,,caught,F du Plessis,,
1269712,2021,2021-09-02,"Warner Park, Basseterre, St Kitts",1,2.1,St Lucia Kings,Guyana Amazon Warriors,RL Chase,M Deyal,C Hemraj,0,0,,,,,,,,,
1269712,2021,2021-09-02,"Warner Park, Basseterre, St Kitts",1,2.2,St Lucia Kings,Guyana Amazon Warriors,RL Chase,M Deyal,C Hemraj,0,0,,,,,,,,,
1269712,2021,2021-09-02,"Warner Park, Basseterre, St Kitts",1,2.3,St Lucia Kings,Guyana Amazon Warriors,RL Chase,M Deyal,C Hemraj,0,0,,,,,,,,,
1269712,2021,2021-09-02,"Warner Park, Basseterre, St Kitts",1,2.4,St Lucia Kings,Guyana Amazon Warriors,RL Chase,M Deyal,C Hemraj,0,0,,,,,,,,,
1269712,2021,2021-09-02,"Warner Park, Basseterre, St Kitts",1,2.5,St Lucia Kings,Guyana Amazon Warriors,RL Chase,M Deyal,C Hemraj,6,0,,,,,,,,,
1269712,2021,2021-09-02,"Warner Park, Basseterre, St Kitts",1,2.6,St Lucia Kings,Guyana Amazon Warriors,RL Chase,M Deyal,C Hemraj,6,0,,,,,,,,,
1269712,2021,2021-09-02,"Warner Park, Basseterre, St Kitts",1,3.1,St Lucia Kings,Guyana Amazon Warriors,M Deyal,RL Chase,R Shepherd,0,0,,,,,,,,,
1269712,2021,2021-09-02,"Warner Park, Basseterre, St Kitts",1,3.2,St Lucia Kings,Guyana Amazon Warriors,M Deyal,RL Chase,R Shepherd,0,0,,,,,,,,,
1269712,2021,2021-09-02,"Warner Park, Basseterre, St Kitts",1,3.3,St Lucia Kings,Guyana Amazon Warriors,M Deyal,RL Chase,R Shepherd,0,0,,,,,,,,,
1269712,2021,2021-09-02,"Warner Park, Basseterre, St Kitts",1,3.4,St Lucia Kings,Guyana Amazon Warriors,M Deyal,RL Chase,R Shepherd,0,0,,,,,,,,,
1269712,2021,2021-09-02,"Warner Park, Basseterre, St Kitts",1,3.5,St Lucia Kings,Guyana Amazon Warriors,M Deyal,RL Chase,R Shepherd,4,0,,,,,,,,,
1269712,2021,2021-09-02,"Warner Park, Basseterre, St Kitts",1,3.6,St Lucia Kings,Guyana Amazon Warriors,M Deyal,RL Chase,R Shepherd,0,0,,,,,,,,,
1269712,2021,2021-09-02,"Warner Park, Basseterre, St Kitts",1,4.1,St Lucia Kings,Guyana Amazon Warriors,RL Chase,M Deyal,Naveen-ul-Haq,4,0,,,,,,,,,
1269712,2021,2021-09-02,"Warner Park, Basseterre, St Kitts",1,4.2,St Lucia Kings,Guyana Amazon Warriors,RL Chase,M Deyal,Naveen-ul-Haq,0,0,,,,,,,,,
1269712,2021,2021-09-02,"Warner Park, Basseterre, St Kitts",1,4.3,St Lucia Kings,Guyana Amazon Warriors,RL Chase,M Deyal,Naveen-ul-Haq,0,1,1,,,,,,,,
1269712,2021,2021-09-02,"Warner Park, Basseterre, St Kitts",1,4.4,St Lucia Kings,Guyana Amazon Warriors,RL Chase,M Deyal,Naveen-ul-Haq,4,0,,,,,,,,,
1269712,2021,2021-09-02,"Warner Park, Basseterre, St Kitts",1,4.5,St Lucia Kings,Guyana Amazon Warriors,RL Chase,M Deyal,Naveen-ul-Haq,0,0,,,,,,,,,
1269712,2021,2021-09-02,"Warner Park, Basseterre, St Kitts",1,4.6,St Lucia Kings,Guyana Amazon Warriors,RL Chase,M Deyal,Naveen-ul-Haq,0,0,,,,,,,,,
1269712,2021,2021-09-02,"Warner Park, Basseterre, St Kitts",1,4.7,St Lucia Kings,Guyana Amazon Warriors,RL Chase,M Deyal,Naveen-ul-Haq,0,0,,,,,,,,,
1269712,2021,2021-09-02,"Warner Park, Basseterre, St Kitts",1,5.1,St Lucia Kings,Guyana Amazon Warriors,M Deyal,RL Chase,Mohammad Hafeez,0,0,,,,,,,,,
1269712,2021,2021-09-02,"Warner Park, Basseterre, St Kitts",1,5.2,St Lucia Kings,Guyana Amazon Warriors,M Deyal,RL Chase,Mohammad Hafeez,1,0,,,,,,,,,
1269712,2021,2021-09-02,"Warner Park, Basseterre, St Kitts",1,5.3,St Lucia Kings,Guyana Amazon Warriors,RL Chase,M Deyal,Mohammad Hafeez,6,0,,,,,,,,,
1269712,2021,2021-09-02,"Warner Park, Basseterre, St Kitts",1,5.4,St Lucia Kings,Guyana Amazon Warriors,RL Chase,M Deyal,Mohammad Hafeez,0,0,,,,,,,,,
1269712,2021,2021-09-02,"Warner Park, Basseterre, St Kitts",1,5.5,St Lucia Kings,Guyana Amazon Warriors,RL Chase,M Deyal,Mohammad Hafeez,1,0,,,,,,,,,
1269712,2021,2021-09-02,"Warner Park, Basseterre, St Kitts",1,5.6,St Lucia Kings,Guyana Amazon Warriors,M Deyal,RL Chase,Mohammad Hafeez,2,0,,,,,,,,,
1269712,2021,2021-09-02,"Warner Park, Basseterre, St Kitts",1,6.1,St Lucia Kings,Guyana Amazon Warriors,RL Chase,M Deyal,Imran Tahir,0,0,,,,,,,,,
1269712,2021,2021-09-02,"Warner Park, Basseterre, St Kitts",1,6.2,St Lucia Kings,Guyana Amazon Warriors,RL Chase,M Deyal,Imran Tahir,1,0,,,,,,,,,
1269712,2021,2021-09-02,"Warner Park, Basseterre, St Kitts",1,6.3,St Lucia Kings,Guyana Amazon Warriors,M Deyal,RL Chase,Imran Tahir,1,0,,,,,,,,,
1269712,2021,2021-09-02,"Warner Park, Basseterre, St Kitts",1,6.4,St Lucia Kings,Guyana Amazon Warriors,RL Chase,M Deyal,Imran Tahir,1,0,,,,,,,,,
1269712,2021,2021-09-02,"Warner Park, Basseterre, St Kitts",1,6.5,St Lucia Kings,Guyana Amazon Warriors,M Deyal,RL Chase,Imran Tahir,0,0,,,,,,,,,
1269712,2021,2021-09-02,"Warner Park, Basseterre, St Kitts",1,6.6,St Lucia Kings,Guyana Amazon Warriors,M Deyal,RL Chase,Imran Tahir,1,0,,,,,,,,,
1269712,2021,2021-09-02,"Warner Park, Basseterre, St Kitts",1,7.1,St Lucia Kings,Guyana Amazon Warriors,M Deyal,RL Chase,OF Smith,0,1,1,,,,,,,,
1269712,2021,2021-09-02,"Warner Park, Basseterre, St Kitts",1,7.2,St Lucia Kings,Guyana Amazon Warriors,M Deyal,RL Chase,OF Smith,4,0,,,,,,,,,
1269712,2021,2021-09-02,"Warner Park, Basseterre, St Kitts",1,7.3,St Lucia Kings,Guyana Amazon Warriors,M Deyal,RL Chase,OF Smith,0,0,,,,,,,,,
1269712,2021,2021-09-02,"Warner Park, Basseterre, St Kitts",1,7.4,St Lucia Kings,Guyana Amazon Warriors,M Deyal,RL Chase,OF Smith,0,0,,,,,,,,,
1269712,2021,2021-09-02,"Warner Park, Basseterre, St Kitts",1,7.5,St Lucia Kings,Guyana Amazon Warriors,M Deyal,RL Chase,OF Smith,0,0,,,,,,,,,
1269712,2021,2021-09-02,"Warner Park, Basseterre, St Kitts",1,7.6,St Lucia Kings,Guyana Amazon Warriors,M Deyal,RL Chase,OF Smith,0,0,,,,,,,,,
1269712,2021,2021-09-02,"Warner Park, Basseterre, St Kitts",1,7.7,St Lucia Kings,Guyana Amazon Warriors,M Deyal,RL Chase,OF Smith,0,0,,,,,,,,,
1269712,2021,2021-09-02,"Warner Park, Basseterre, St Kitts",1,8.1,St Lucia Kings,Guyana Amazon Warriors,RL Chase,M Deyal,Imran Tahir,1,0,,,,,,,,,
1269712,2021,2021-09-02,"Warner Park, Basseterre, St Kitts",1,8.2,St Lucia Kings,Guyana Amazon Warriors,M Deyal,RL Chase,Imran Tahir,0,0,,,,,,,,,
1269712,2021,2021-09-02,"Warner Park, Basseterre, St Kitts",1,8.3,St Lucia Kings,Guyana Amazon Warriors,M Deyal,RL Chase,Imran Tahir,1,0,,,,,,,,,
1269712,2021,2021-09-02,"Warner Park, Basseterre, St Kitts",1,8.4,St Lucia Kings,Guyana Amazon Warriors,RL Chase,M Deyal,Imran Tahir,4,0,,,,,,,,,
1269712,2021,2021-09-02,"Warner Park, Basseterre, St Kitts",1,8.5,St Lucia Kings,Guyana Amazon Warriors,RL Chase,M Deyal,Imran Tahir,1,0,,,,,,,,,
1269712,2021,2021-09-02,"Warner Park, Basseterre, St Kitts",1,8.6,St Lucia Kings,Guyana Amazon Warriors,M Deyal,RL Chase,Imran Tahir,0,0,,,,,,,,,
1269712,2021,2021-09-02,"Warner Park, Basseterre, St Kitts",1,9.1,St Lucia Kings,Guyana Amazon Warriors,RL Chase,M Deyal,Shoaib Malik,1,0,,,,,,,,,
1269712,2021,2021-09-02,"Warner Park, Basseterre, St Kitts",1,9.2,St Lucia Kings,Guyana Amazon Warriors,M Deyal,RL Chase,Shoaib Malik,1,0,,,,,,,,,
1269712,2021,2021-09-02,"Warner Park, Basseterre, St Kitts",1,9.3,St Lucia Kings,Guyana Amazon Warriors,RL Chase,M Deyal,Shoaib Malik,4,0,,,,,,,,,
1269712,2021,2021-09-02,"Warner Park, Basseterre, St Kitts",1,9.4,St Lucia Kings,Guyana Amazon Warriors,RL Chase,M Deyal,Shoaib Malik,2,0,,,,,,,,,
1269712,2021,2021-09-02,"Warner Park, Basseterre, St Kitts",1,9.5,St Lucia Kings,Guyana Amazon Warriors,RL Chase,M Deyal,Shoaib Malik,1,0,,,,,,,,,
1269712,2021,2021-09-02,"Warner Park, Basseterre, St Kitts",1,9.6,St Lucia Kings,Guyana Amazon Warriors,M Deyal,RL Chase,Shoaib Malik,1,0,,,,,,,,,
1269712,2021,2021-09-02,"Warner Park, Basseterre, St Kitts",1,10.1,St Lucia Kings,Guyana Amazon Warriors,M Deyal,RL Chase,G Motie,1,0,,,,,,,,,
1269712,2021,2021-09-02,"Warner Park, Basseterre, St Kitts",1,10.2,St Lucia Kings,Guyana Amazon Warriors,RL Chase,M Deyal,G Motie,1,0,,,,,,,,,
1269712,2021,2021-09-02,"Warner Park, Basseterre, St Kitts",1,10.3,St Lucia Kings,Guyana Amazon Warriors,M Deyal,RL Chase,G Motie,1,0,,,,,,,,,
1269712,2021,2021-09-02,"Warner Park, Basseterre, St Kitts",1,10.4,St Lucia Kings,Guyana Amazon Warriors,RL Chase,M Deyal,G Motie,6,0,,,,,,,,,
1269712,2021,2021-09-02,"Warner Park, Basseterre, St Kitts",1,10.5,St Lucia Kings,Guyana Amazon Warriors,RL Chase,M Deyal,G Motie,0,0,,,,,,,,,
1269712,2021,2021-09-02,"Warner Park, Basseterre, St Kitts",1,10.6,St Lucia Kings,Guyana Amazon Warriors,RL Chase,M Deyal,G Motie,1,0,,,,,,,,,
1269712,2021,2021-09-02,"Warner Park, Basseterre, St Kitts",1,11.1,St Lucia Kings,Guyana Amazon Warriors,RL Chase,M Deyal,OF Smith,1,0,,,,,,,,,
1269712,2021,2021-09-02,"Warner Park, Basseterre, St Kitts",1,11.2,St Lucia Kings,Guyana Amazon Warriors,M Deyal,RL Chase,OF Smith,0,0,,,,,,,,,
1269712,2021,2021-09-02,"Warner Park, Basseterre, St Kitts",1,11.3,St Lucia Kings,Guyana Amazon Warriors,M Deyal,RL Chase,OF Smith,1,0,,,,,,,,,
1269712,2021,2021-09-02,"Warner Park, Basseterre, St Kitts",1,11.4,St Lucia Kings,Guyana Amazon Warriors,RL Chase,M Deyal,OF Smith,0,0,,,,,,,,,
1269712,2021,2021-09-02,"Warner Park, Basseterre, St Kitts",1,11.5,St Lucia Kings,Guyana Amazon Warriors,RL Chase,M Deyal,OF Smith,1,0,,,,,,,,,
1269712,2021,2021-09-02,"Warner Park, Basseterre, St Kitts",1,11.6,St Lucia Kings,Guyana Amazon Warriors,M Deyal,RL Chase,OF Smith,0,0,,,,,,caught,M Deyal,,
1269712,2021,2021-09-02,"Warner Park, Basseterre, St Kitts",1,12.1,St Lucia Kings,Guyana Amazon Warriors,TH David,RL Chase,Imran Tahir,0,0,,,,,,,,,
1269712,2021,2021-09-02,"Warner Park, Basseterre, St Kitts",1,12.2,St Lucia Kings,Guyana Amazon Warriors,TH David,RL Chase,Imran Tahir,0,0,,,,,,,,,
1269712,2021,2021-09-02,"Warner Park, Basseterre, St Kitts",1,12.3,St Lucia Kings,Guyana Amazon Warriors,TH David,RL Chase,Imran Tahir,1,0,,,,,,,,,
1269712,2021,2021-09-02,"Warner Park, Basseterre, St Kitts",1,12.4,St Lucia Kings,Guyana Amazon Warriors,RL Chase,TH David,Imran Tahir,0,0,,,,,,,,,
1269712,2021,2021-09-02,"Warner Park, Basseterre, St Kitts",1,12.5,St Lucia Kings,Guyana Amazon Warriors,RL Chase,TH David,Imran Tahir,0,0,,,,,,,,,
1269712,2021,2021-09-02,"Warner Park, Basseterre, St Kitts",1,12.6,St Lucia Kings,Guyana Amazon Warriors,RL Chase,TH David,Imran Tahir,0,1,1,,,,,,,,
1269712,2021,2021-09-02,"Warner Park, Basseterre, St Kitts",1,12.7,St Lucia Kings,Guyana Amazon Warriors,RL Chase,TH David,Imran Tahir,4,0,,,,,,,,,
1269712,2021,2021-09-02,"Warner Park, Basseterre, St Kitts",1,13.1,St Lucia Kings,Guyana Amazon Warriors,TH David,RL Chase,OF Smith,1,0,,,,,,,,,
1269712,2021,2021-09-02,"Warner Park, Basseterre, St Kitts",1,13.2,St Lucia Kings,Guyana Amazon Warriors,RL Chase,TH David,OF Smith,1,0,,,,,,,,,
1269712,2021,2021-09-02,"Warner Park, Basseterre, St Kitts",1,13.3,St Lucia Kings,Guyana Amazon Warriors,TH David,RL Chase,OF Smith,1,0,,,,,,,,,
1269712,2021,2021-09-02,"Warner Park, Basseterre, St Kitts",1,13.4,St Lucia Kings,Guyana Amazon Warriors,RL Chase,TH David,OF Smith,4,0,,,,,,,,,
1269712,2021,2021-09-02,"Warner Park, Basseterre, St Kitts",1,13.5,St Lucia Kings,Guyana Amazon Warriors,RL Chase,TH David,OF Smith,0,0,,,,,,,,,
1269712,2021,2021-09-02,"Warner Park, Basseterre, St Kitts",1,13.6,St Lucia Kings,Guyana Amazon Warriors,RL Chase,TH David,OF Smith,0,0,,,,,,,,,
1269712,2021,2021-09-02,"Warner Park, Basseterre, St Kitts",1,14.1,St Lucia Kings,Guyana Amazon Warriors,TH David,RL Chase,Imran Tahir,0,2,,,,2,,,,,
1269712,2021,2021-09-02,"Warner Park, Basseterre, St Kitts",1,14.2,St Lucia Kings,Guyana Amazon Warriors,TH David,RL Chase,Imran Tahir,6,0,,,,,,,,,
1269712,2021,2021-09-02,"Warner Park, Basseterre, St Kitts",1,14.3,St Lucia Kings,Guyana Amazon Warriors,TH David,RL Chase,Imran Tahir,0,0,,,,,,,,,
1269712,2021,2021-09-02,"Warner Park, Basseterre, St Kitts",1,14.4,St Lucia Kings,Guyana Amazon Warriors,TH David,RL Chase,Imran Tahir,1,0,,,,,,,,,
1269712,2021,2021-09-02,"Warner Park, Basseterre, St Kitts",1,14.5,St Lucia Kings,Guyana Amazon Warriors,RL Chase,TH David,Imran Tahir,1,0,,,,,,,,,
1269712,2021,2021-09-02,"Warner Park, Basseterre, St Kitts",1,14.6,St Lucia Kings,Guyana Amazon Warriors,TH David,RL Chase,Imran Tahir,1,0,,,,,,,,,
1269712,2021,2021-09-02,"Warner Park, Basseterre, St Kitts",1,15.1,St Lucia Kings,Guyana Amazon Warriors,TH David,RL Chase,Naveen-ul-Haq,0,0,,,,,,,,,
1269712,2021,2021-09-02,"Warner Park, Basseterre, St Kitts",1,15.2,St Lucia Kings,Guyana Amazon Warriors,TH David,RL Chase,Naveen-ul-Haq,1,0,,,,,,,,,
1269712,2021,2021-09-02,"Warner Park, Basseterre, St Kitts",1,15.3,St Lucia Kings,Guyana Amazon Warriors,RL Chase,TH David,Naveen-ul-Haq,2,0,,,,,,,,,
1269712,2021,2021-09-02,"Warner Park, Basseterre, St Kitts",1,15.4,St Lucia Kings,Guyana Amazon Warriors,RL Chase,TH David,Naveen-ul-Haq,0,0,,,,,,,,,
1269712,2021,2021-09-02,"Warner Park, Basseterre, St Kitts",1,15.5,St Lucia Kings,Guyana Amazon Warriors,RL Chase,TH David,Naveen-ul-Haq,6,0,,,,,,,,,
1269712,2021,2021-09-02,"Warner Park, Basseterre, St Kitts",1,15.6,St Lucia Kings,Guyana Amazon Warriors,RL Chase,TH David,Naveen-ul-Haq,0,0,,,,,,,,,
1269712,2021,2021-09-02,"Warner Park, Basseterre, St Kitts",1,16.1,St Lucia Kings,Guyana Amazon Warriors,TH David,RL Chase,R Shepherd,2,0,,,,,,,,,
1269712,2021,2021-09-02,"Warner Park, Basseterre, St Kitts",1,16.2,St Lucia Kings,Guyana Amazon Warriors,TH David,RL Chase,R Shepherd,0,1,1,,,,,,,,
1269712,2021,2021-09-02,"Warner Park, Basseterre, St Kitts",1,16.3,St Lucia Kings,Guyana Amazon Warriors,TH David,RL Chase,R Shepherd,0,0,,,,,,,,,
1269712,2021,2021-09-02,"Warner Park, Basseterre, St Kitts",1,16.4,St Lucia Kings,Guyana Amazon Warriors,TH David,RL Chase,R Shepherd,1,0,,,,,,,,,
1269712,2021,2021-09-02,"Warner Park, Basseterre, St Kitts",1,16.5,St Lucia Kings,Guyana Amazon Warriors,RL Chase,TH David,R Shepherd,0,0,,,,,,,,,
1269712,2021,2021-09-02,"Warner Park, Basseterre, St Kitts",1,16.6,St Lucia Kings,Guyana Amazon Warriors,RL Chase,TH David,R Shepherd,6,0,,,,,,,,,
1269712,2021,2021-09-02,"Warner Park, Basseterre, St Kitts",1,16.7,St Lucia Kings,Guyana Amazon Warriors,RL Chase,TH David,R Shepherd,1,0,,,,,,,,,
1269712,2021,2021-09-02,"Warner Park, Basseterre, St Kitts",1,17.1,St Lucia Kings,Guyana Amazon Warriors,RL Chase,TH David,OF Smith,6,0,,,,,,,,,
1269712,2021,2021-09-02,"Warner Park, Basseterre, St Kitts",1,17.2,St Lucia Kings,Guyana Amazon Warriors,RL Chase,TH David,OF Smith,1,0,,,,,,,,,
1269712,2021,2021-09-02,"Warner Park, Basseterre, St Kitts",1,17.3,St Lucia Kings,Guyana Amazon Warriors,TH David,RL Chase,OF Smith,0,0,,,,,,caught and bowled,TH David,,
1269712,2021,2021-09-02,"Warner Park, Basseterre, St Kitts",1,17.4,St Lucia Kings,Guyana Amazon Warriors,SR Patel,RL Chase,OF Smith,0,0,,,,,,,,,
1269712,2021,2021-09-02,"Warner Park, Basseterre, St Kitts",1,17.5,St Lucia Kings,Guyana Amazon Warriors,SR Patel,RL Chase,OF Smith,0,0,,,,,,,,,
1269712,2021,2021-09-02,"Warner Park, Basseterre, St Kitts",1,17.6,St Lucia Kings,Guyana Amazon Warriors,SR Patel,RL Chase,OF Smith,0,0,,,,,,bowled,SR Patel,,
1269712,2021,2021-09-02,"Warner Park, Basseterre, St Kitts",1,18.1,St Lucia Kings,Guyana Amazon Warriors,RL Chase,KJ Cottoy,R Shepherd,0,0,,,,,,caught,RL Chase,,
1269712,2021,2021-09-02,"Warner Park, Basseterre, St Kitts",1,18.2,St Lucia Kings,Guyana Amazon Warriors,KJ Cottoy,J Royal,R Shepherd,2,0,,,,,,,,,
1269712,2021,2021-09-02,"Warner Park, Basseterre, St Kitts",1,18.3,St Lucia Kings,Guyana Amazon Warriors,KJ Cottoy,J Royal,R Shepherd,0,0,,,,,,,,,
1269712,2021,2021-09-02,"Warner Park, Basseterre, St Kitts",1,18.4,St Lucia Kings,Guyana Amazon Warriors,KJ Cottoy,J Royal,R Shepherd,1,0,,,,,,,,,
1269712,2021,2021-09-02,"Warner Park, Basseterre, St Kitts",1,18.5,St Lucia Kings,Guyana Amazon Warriors,J Royal,KJ Cottoy,R Shepherd,0,0,,,,,,,,,
1269712,2021,2021-09-02,"Warner Park, Basseterre, St Kitts",1,18.6,St Lucia Kings,Guyana Amazon Warriors,J Royal,KJ Cottoy,R Shepherd,0,0,,,,,,,,,
1269712,2021,2021-09-02,"Warner Park, Basseterre, St Kitts",1,19.1,St Lucia Kings,Guyana Amazon Warriors,KJ Cottoy,J Royal,Naveen-ul-Haq,1,0,,,,,,,,,
1269712,2021,2021-09-02,"Warner Park, Basseterre, St Kitts",1,19.2,St Lucia Kings,Guyana Amazon Warriors,J Royal,KJ Cottoy,Naveen-ul-Haq,4,0,,,,,,,,,
1269712,2021,2021-09-02,"Warner Park, Basseterre, St Kitts",1,19.3,St Lucia Kings,Guyana Amazon Warriors,J Royal,KJ Cottoy,Naveen-ul-Haq,1,0,,,,,,,,,
1269712,2021,2021-09-02,"Warner Park, Basseterre, St Kitts",1,19.4,St Lucia Kings,Guyana Amazon Warriors,KJ Cottoy,J Royal,Naveen-ul-Haq,0,1,1,,,,,,,,
1269712,2021,2021-09-02,"Warner Park, Basseterre, St Kitts",1,19.5,St Lucia Kings,Guyana Amazon Warriors,KJ Cottoy,J Royal,Naveen-ul-Haq,0,0,,,,,,run out,KJ Cottoy,,
1269712,2021,2021-09-02,"Warner Park, Basseterre, St Kitts",1,19.6,St Lucia Kings,Guyana Amazon Warriors,J Royal,AS Joseph,Naveen-ul-Haq,6,0,,,,,,,,,
1269712,2021,2021-09-02,"Warner Park, Basseterre, St Kitts",1,19.7,St Lucia Kings,Guyana Amazon Warriors,J Royal,AS Joseph,Naveen-ul-Haq,1,0,,,,,,,,,
1269712,2021,2021-09-02,"Warner Park, Basseterre, St Kitts",2,0.1,Guyana Amazon Warriors,St Lucia Kings,C Hemraj,Mohammad Hafeez,J Royal,0,1,1,,,,,,,,
1269712,2021,2021-09-02,"Warner Park, Basseterre, St Kitts",2,0.2,Guyana Amazon Warriors,St Lucia Kings,C Hemraj,Mohammad Hafeez,J Royal,0,0,,,,,,,,,
1269712,2021,2021-09-02,"Warner Park, Basseterre, St Kitts",2,0.3,Guyana Amazon Warriors,St Lucia Kings,C Hemraj,Mohammad Hafeez,J Royal,1,0,,,,,,,,,
1269712,2021,2021-09-02,"Warner Park, Basseterre, St Kitts",2,0.4,Guyana Amazon Warriors,St Lucia Kings,Mohammad Hafeez,C Hemraj,J Royal,0,0,,,,,,,,,
1269712,2021,2021-09-02,"Warner Park, Basseterre, St Kitts",2,0.5,Guyana Amazon Warriors,St Lucia Kings,Mohammad Hafeez,C Hemraj,J Royal,0,0,,,,,,,,,
1269712,2021,2021-09-02,"Warner Park, Basseterre, St Kitts",2,0.6,Guyana Amazon Warriors,St Lucia Kings,Mohammad Hafeez,C Hemraj,J Royal,4,0,,,,,,,,,
1269712,2021,2021-09-02,"Warner Park, Basseterre, St Kitts",2,0.7,Guyana Amazon Warriors,St Lucia Kings,Mohammad Hafeez,C Hemraj,J Royal,1,0,,,,,,,,,
1269712,2021,2021-09-02,"Warner Park, Basseterre, St Kitts",2,1.1,Guyana Amazon Warriors,St Lucia Kings,Mohammad Hafeez,C Hemraj,OC McCoy,0,0,,,,,,,,,
1269712,2021,2021-09-02,"Warner Park, Basseterre, St Kitts",2,1.2,Guyana Amazon Warriors,St Lucia Kings,Mohammad Hafeez,C Hemraj,OC McCoy,0,0,,,,,,caught,Mohammad Hafeez,,
1269712,2021,2021-09-02,"Warner Park, Basseterre, St Kitts",2,1.3,Guyana Amazon Warriors,St Lucia Kings,Shoaib Malik,C Hemraj,OC McCoy,0,0,,,,,,,,,
1269712,2021,2021-09-02,"Warner Park, Basseterre, St Kitts",2,1.4,Guyana Amazon Warriors,St Lucia Kings,Shoaib Malik,C Hemraj,OC McCoy,0,0,,,,,,,,,
1269712,2021,2021-09-02,"Warner Park, Basseterre, St Kitts",2,1.5,Guyana Amazon Warriors,St Lucia Kings,Shoaib Malik,C Hemraj,OC McCoy,0,0,,,,,,,,,
1269712,2021,2021-09-02,"Warner Park, Basseterre, St Kitts",2,1.6,Guyana Amazon Warriors,St Lucia Kings,Shoaib Malik,C Hemraj,OC McCoy,4,0,,,,,,,,,
1269712,2021,2021-09-02,"Warner Park, Basseterre, St Kitts",2,2.1,Guyana Amazon Warriors,St Lucia Kings,C Hemraj,Shoaib Malik,AS Joseph,0,0,,,,,,,,,
1269712,2021,2021-09-02,"Warner Park, Basseterre, St Kitts",2,2.2,Guyana Amazon Warriors,St Lucia Kings,C Hemraj,Shoaib Malik,AS Joseph,0,0,,,,,,,,,
1269712,2021,2021-09-02,"Warner Park, Basseterre, St Kitts",2,2.3,Guyana Amazon Warriors,St Lucia Kings,C Hemraj,Shoaib Malik,AS Joseph,0,0,,,,,,,,,
1269712,2021,2021-09-02,"Warner Park, Basseterre, St Kitts",2,2.4,Guyana Amazon Warriors,St Lucia Kings,C Hemraj,Shoaib Malik,AS Joseph,0,1,1,,,,,,,,
1269712,2021,2021-09-02,"Warner Park, Basseterre, St Kitts",2,2.5,Guyana Amazon Warriors,St Lucia Kings,C Hemraj,Shoaib Malik,AS Joseph,0,0,,,,,,,,,
1269712,2021,2021-09-02,"Warner Park, Basseterre, St Kitts",2,2.6,Guyana Amazon Warriors,St Lucia Kings,C Hemraj,Shoaib Malik,AS Joseph,0,0,,,,,,,,,
1269712,2021,2021-09-02,"Warner Park, Basseterre, St Kitts",2,2.7,Guyana Amazon Warriors,St Lucia Kings,C Hemraj,Shoaib Malik,AS Joseph,0,0,,,,,,caught,C Hemraj,,
1269712,2021,2021-09-02,"Warner Park, Basseterre, St Kitts",2,3.1,Guyana Amazon Warriors,St Lucia Kings,SO Hetmyer,Shoaib Malik,OC McCoy,0,0,,,,,,,,,
1269712,2021,2021-09-02,"Warner Park, Basseterre, St Kitts",2,3.2,Guyana Amazon Warriors,St Lucia Kings,SO Hetmyer,Shoaib Malik,OC McCoy,0,0,,,,,,,,,
1269712,2021,2021-09-02,"Warner Park, Basseterre, St Kitts",2,3.3,Guyana Amazon Warriors,St Lucia Kings,SO Hetmyer,Shoaib Malik,OC McCoy,0,0,,,,,,,,,
1269712,2021,2021-09-02,"Warner Park, Basseterre, St Kitts",2,3.4,Guyana Amazon Warriors,St Lucia Kings,SO Hetmyer,Shoaib Malik,OC McCoy,1,0,,,,,,,,,
1269712,2021,2021-09-02,"Warner Park, Basseterre, St Kitts",2,3.5,Guyana Amazon Warriors,St Lucia Kings,Shoaib Malik,SO Hetmyer,OC McCoy,0,0,,,,,,caught,Shoaib Malik,,
1269712,2021,2021-09-02,"Warner Park, Basseterre, St Kitts",2,3.6,Guyana Amazon Warriors,St Lucia Kings,BA King,SO Hetmyer,OC McCoy,0,0,,,,,,,,,
1269712,2021,2021-09-02,"Warner Park, Basseterre, St Kitts",2,4.1,Guyana Amazon Warriors,St Lucia Kings,SO Hetmyer,BA King,AS Joseph,0,0,,,,,,,,,
1269712,2021,2021-09-02,"Warner Park, Basseterre, St Kitts",2,4.2,Guyana Amazon Warriors,St Lucia Kings,SO Hetmyer,BA King,AS Joseph,1,0,,,,,,,,,
1269712,2021,2021-09-02,"Warner Park, Basseterre, St Kitts",2,4.3,Guyana Amazon Warriors,St Lucia Kings,BA King,SO Hetmyer,AS Joseph,0,0,,,,,,,,,
1269712,2021,2021-09-02,"Warner Park, Basseterre, St Kitts",2,4.4,Guyana Amazon Warriors,St Lucia Kings,BA King,SO Hetmyer,AS Joseph,1,0,,,,,,,,,
1269712,2021,2021-09-02,"Warner Park, Basseterre, St Kitts",2,4.5,Guyana Amazon Warriors,St Lucia Kings,SO Hetmyer,BA King,AS Joseph,0,0,,,,,,,,,
1269712,2021,2021-09-02,"Warner Park, Basseterre, St Kitts",2,4.6,Guyana Amazon Warriors,St Lucia Kings,SO Hetmyer,BA King,AS Joseph,0,0,,,,,,,,,
1269712,2021,2021-09-02,"Warner Park, Basseterre, St Kitts",2,5.1,Guyana Amazon Warriors,St Lucia Kings,BA King,SO Hetmyer,KOK Williams,0,0,,,,,,,,,
1269712,2021,2021-09-02,"Warner Park, Basseterre, St Kitts",2,5.2,Guyana Amazon Warriors,St Lucia Kings,BA King,SO Hetmyer,KOK Williams,0,0,,,,,,caught,BA King,,
1269712,2021,2021-09-02,"Warner Park, Basseterre, St Kitts",2,5.3,Guyana Amazon Warriors,St Lucia Kings,N Pooran,SO Hetmyer,KOK Williams,0,0,,,,,,,,,
1269712,2021,2021-09-02,"Warner Park, Basseterre, St Kitts",2,5.4,Guyana Amazon Warriors,St Lucia Kings,N Pooran,SO Hetmyer,KOK Williams,0,0,,,,,,,,,
1269712,2021,2021-09-02,"Warner Park, Basseterre, St Kitts",2,5.5,Guyana Amazon Warriors,St Lucia Kings,N Pooran,SO Hetmyer,KOK Williams,1,0,,,,,,,,,
1269712,2021,2021-09-02,"Warner Park, Basseterre, St Kitts",2,5.6,Guyana Amazon Warriors,St Lucia Kings,SO Hetmyer,N Pooran,KOK Williams,0,0,,,,,,,,,
1269712,2021,2021-09-02,"Warner Park, Basseterre, St Kitts",2,6.1,Guyana Amazon Warriors,St Lucia Kings,N Pooran,SO Hetmyer,AS Joseph,0,0,,,,,,,,,
1269712,2021,2021-09-02,"Warner Park, Basseterre, St Kitts",2,6.2,Guyana Amazon Warriors,St Lucia Kings,N Pooran,SO Hetmyer,AS Joseph,0,0,,,,,,,,,
1269712,2021,2021-09-02,"Warner Park, Basseterre, St Kitts",2,6.3,Guyana Amazon Warriors,St Lucia Kings,N Pooran,SO Hetmyer,AS Joseph,0,0,,,,,,,,,
1269712,2021,2021-09-02,"Warner Park, Basseterre, St Kitts",2,6.4,Guyana Amazon Warriors,St Lucia Kings,N Pooran,SO Hetmyer,AS Joseph,4,0,,,,,,,,,
1269712,2021,2021-09-02,"Warner Park, Basseterre, St Kitts",2,6.5,Guyana Amazon Warriors,St Lucia Kings,N Pooran,SO Hetmyer,AS Joseph,6,0,,,,,,,,,
1269712,2021,2021-09-02,"Warner Park, Basseterre, St Kitts",2,6.6,Guyana Amazon Warriors,St Lucia Kings,N Pooran,SO Hetmyer,AS Joseph,0,0,,,,,,,,,
1269712,2021,2021-09-02,"Warner Park, Basseterre, St Kitts",2,7.1,Guyana Amazon Warriors,St Lucia Kings,SO Hetmyer,N Pooran,KOK Williams,0,0,,,,,,,,,
1269712,2021,2021-09-02,"Warner Park, Basseterre, St Kitts",2,7.2,Guyana Amazon Warriors,St Lucia Kings,SO Hetmyer,N Pooran,KOK Williams,0,0,,,,,,,,,
1269712,2021,2021-09-02,"Warner Park, Basseterre, St Kitts",2,7.3,Guyana Amazon Warriors,St Lucia Kings,SO Hetmyer,N Pooran,KOK Williams,0,0,,,,,,,,,
1269712,2021,2021-09-02,"Warner Park, Basseterre, St Kitts",2,7.4,Guyana Amazon Warriors,St Lucia Kings,SO Hetmyer,N Pooran,KOK Williams,0,0,,,,,,,,,
1269712,2021,2021-09-02,"Warner Park, Basseterre, St Kitts",2,7.5,Guyana Amazon Warriors,St Lucia Kings,SO Hetmyer,N Pooran,KOK Williams,1,0,,,,,,,,,
1269712,2021,2021-09-02,"Warner Park, Basseterre, St Kitts",2,7.6,Guyana Amazon Warriors,St Lucia Kings,N Pooran,SO Hetmyer,KOK Williams,4,0,,,,,,,,,
1269712,2021,2021-09-02,"Warner Park, Basseterre, St Kitts",2,8.1,Guyana Amazon Warriors,St Lucia Kings,SO Hetmyer,N Pooran,M Deyal,1,0,,,,,,,,,
1269712,2021,2021-09-02,"Warner Park, Basseterre, St Kitts",2,8.2,Guyana Amazon Warriors,St Lucia Kings,N Pooran,SO Hetmyer,M Deyal,0,0,,,,,,,,,
1269712,2021,2021-09-02,"Warner Park, Basseterre, St Kitts",2,8.3,Guyana Amazon Warriors,St Lucia Kings,N Pooran,SO Hetmyer,M Deyal,1,0,,,,,,,,,
1269712,2021,2021-09-02,"Warner Park, Basseterre, St Kitts",2,8.4,Guyana Amazon Warriors,St Lucia Kings,SO Hetmyer,N Pooran,M Deyal,0,0,,,,,,,,,
1269712,2021,2021-09-02,"Warner Park, Basseterre, St Kitts",2,8.5,Guyana Amazon Warriors,St Lucia Kings,SO Hetmyer,N Pooran,M Deyal,1,0,,,,,,,,,
1269712,2021,2021-09-02,"Warner Park, Basseterre, St Kitts",2,8.6,Guyana Amazon Warriors,St Lucia Kings,N Pooran,SO Hetmyer,M Deyal,6,0,,,,,,,,,
1269712,2021,2021-09-02,"Warner Park, Basseterre, St Kitts",2,9.1,Guyana Amazon Warriors,St Lucia Kings,SO Hetmyer,N Pooran,RL Chase,1,0,,,,,,,,,
1269712,2021,2021-09-02,"Warner Park, Basseterre, St Kitts",2,9.2,Guyana Amazon Warriors,St Lucia Kings,N Pooran,SO Hetmyer,RL Chase,0,0,,,,,,,,,
1269712,2021,2021-09-02,"Warner Park, Basseterre, St Kitts",2,9.3,Guyana Amazon Warriors,St Lucia Kings,N Pooran,SO Hetmyer,RL Chase,0,0,,,,,,,,,
1269712,2021,2021-09-02,"Warner Park, Basseterre, St Kitts",2,9.4,Guyana Amazon Warriors,St Lucia Kings,N Pooran,SO Hetmyer,RL Chase,0,0,,,,,,,,,
1269712,2021,2021-09-02,"Warner Park, Basseterre, St Kitts",2,9.5,Guyana Amazon Warriors,St Lucia Kings,N Pooran,SO Hetmyer,RL Chase,6,0,,,,,,,,,
1269712,2021,2021-09-02,"Warner Park, Basseterre, St Kitts",2,9.6,Guyana Amazon Warriors,St Lucia Kings,N Pooran,SO Hetmyer,RL Chase,0,0,,,,,,,,,
1269712,2021,2021-09-02,"Warner Park, Basseterre, St Kitts",2,10.1,Guyana Amazon Warriors,St Lucia Kings,SO Hetmyer,N Pooran,M Deyal,1,0,,,,,,,,,
1269712,2021,2021-09-02,"Warner Park, Basseterre, St Kitts",2,10.2,Guyana Amazon Warriors,St Lucia Kings,N Pooran,SO Hetmyer,M Deyal,1,0,,,,,,,,,
1269712,2021,2021-09-02,"Warner Park, Basseterre, St Kitts",2,10.3,Guyana Amazon Warriors,St Lucia Kings,SO Hetmyer,N Pooran,M Deyal,1,0,,,,,,,,,
1269712,2021,2021-09-02,"Warner Park, Basseterre, St Kitts",2,10.4,Guyana Amazon Warriors,St Lucia Kings,N Pooran,SO Hetmyer,M Deyal,6,0,,,,,,,,,
1269712,2021,2021-09-02,"Warner Park, Basseterre, St Kitts",2,10.5,Guyana Amazon Warriors,St Lucia Kings,N Pooran,SO Hetmyer,M Deyal,6,0,,,,,,,,,
1269712,2021,2021-09-02,"Warner Park, Basseterre, St Kitts",2,10.6,Guyana Amazon Warriors,St Lucia Kings,N Pooran,SO Hetmyer,M Deyal,0,0,,,,,,,,,
1269712,2021,2021-09-02,"Warner Park, Basseterre, St Kitts",2,11.1,Guyana Amazon Warriors,St Lucia Kings,SO Hetmyer,N Pooran,RL Chase,1,0,,,,,,,,,
1269712,2021,2021-09-02,"Warner Park, Basseterre, St Kitts",2,11.2,Guyana Amazon Warriors,St Lucia Kings,N Pooran,SO Hetmyer,RL Chase,0,0,,,,,,,,,
1269712,2021,2021-09-02,"Warner Park, Basseterre, St Kitts",2,11.3,Guyana Amazon Warriors,St Lucia Kings,N Pooran,SO Hetmyer,RL Chase,0,0,,,,,,,,,
1269712,2021,2021-09-02,"Warner Park, Basseterre, St Kitts",2,11.4,Guyana Amazon Warriors,St Lucia Kings,N Pooran,SO Hetmyer,RL Chase,0,0,,,,,,run out,SO Hetmyer,,
1269712,2021,2021-09-02,"Warner Park, Basseterre, St Kitts",2,11.5,Guyana Amazon Warriors,St Lucia Kings,R Shepherd,N Pooran,RL Chase,0,0,,,,,,,,,
1269712,2021,2021-09-02,"Warner Park, Basseterre, St Kitts",2,11.6,Guyana Amazon Warriors,St Lucia Kings,R Shepherd,N Pooran,RL Chase,1,0,,,,,,,,,
1269712,2021,2021-09-02,"Warner Park, Basseterre, St Kitts",2,12.1,Guyana Amazon Warriors,St Lucia Kings,R Shepherd,N Pooran,J Royal,0,1,1,,,,,,,,
1269712,2021,2021-09-02,"Warner Park, Basseterre, St Kitts",2,12.2,Guyana Amazon Warriors,St Lucia Kings,R Shepherd,N Pooran,J Royal,0,0,,,,,,,,,
1269712,2021,2021-09-02,"Warner Park, Basseterre, St Kitts",2,12.3,Guyana Amazon Warriors,St Lucia Kings,R Shepherd,N Pooran,J Royal,0,0,,,,,,lbw,R Shepherd,,
1269712,2021,2021-09-02,"Warner Park, Basseterre, St Kitts",2,12.4,Guyana Amazon Warriors,St Lucia Kings,OF Smith,N Pooran,J Royal,0,0,,,,,,,,,
1269712,2021,2021-09-02,"Warner Park, Basseterre, St Kitts",2,12.5,Guyana Amazon Warriors,St Lucia Kings,OF Smith,N Pooran,J Royal,0,0,,,,,,,,,
1269712,2021,2021-09-02,"Warner Park, Basseterre, St Kitts",2,12.6,Guyana Amazon Warriors,St Lucia Kings,OF Smith,N Pooran,J Royal,0,0,,,,,,,,,
1269712,2021,2021-09-02,"Warner Park, Basseterre, St Kitts",2,12.7,Guyana Amazon Warriors,St Lucia Kings,OF Smith,N Pooran,J Royal,4,0,,,,,,,,,
1269712,2021,2021-09-02,"Warner Park, Basseterre, St Kitts",2,13.1,Guyana Amazon Warriors,St Lucia Kings,N Pooran,OF Smith,RL Chase,0,0,,,,,,caught,N Pooran,,
1269712,2021,2021-09-02,"Warner Park, Basseterre, St Kitts",2,13.2,Guyana Amazon Warriors,St Lucia Kings,Naveen-ul-Haq,OF Smith,RL Chase,0,0,,,,,,,,,
1269712,2021,2021-09-02,"Warner Park, Basseterre, St Kitts",2,13.3,Guyana Amazon Warriors,St Lucia Kings,Naveen-ul-Haq,OF Smith,RL Chase,0,0,,,,,,,,,
1269712,2021,2021-09-02,"Warner Park, Basseterre, St Kitts",2,13.4,Guyana Amazon Warriors,St Lucia Kings,Naveen-ul-Haq,OF Smith,RL Chase,0,0,,,,,,,,,
1269712,2021,2021-09-02,"Warner Park, Basseterre, St Kitts",2,13.5,Guyana Amazon Warriors,St Lucia Kings,Naveen-ul-Haq,OF Smith,RL Chase,1,0,,,,,,,,,
1269712,2021,2021-09-02,"Warner Park, Basseterre, St Kitts",2,13.6,Guyana Amazon Warriors,St Lucia Kings,OF Smith,Naveen-ul-Haq,RL Chase,6,0,,,,,,,,,
1269712,2021,2021-09-02,"Warner Park, Basseterre, St Kitts",2,14.1,Guyana Amazon Warriors,St Lucia Kings,Naveen-ul-Haq,OF Smith,J Royal,0,0,,,,,,caught,Naveen-ul-Haq,,
1269712,2021,2021-09-02,"Warner Park, Basseterre, St Kitts",2,14.2,Guyana Amazon Warriors,St Lucia Kings,G Motie,OF Smith,J Royal,0,0,,,,,,caught,G Motie,,
1269712,2021,2021-09-02,"Warner Park, Basseterre, St Kitts",2,14.3,Guyana Amazon Warriors,St Lucia Kings,OF Smith,Imran Tahir,J Royal,0,0,,,,,,,,,
1269712,2021,2021-09-02,"Warner Park, Basseterre, St Kitts",2,14.4,Guyana Amazon Warriors,St Lucia Kings,OF Smith,Imran Tahir,J Royal,6,0,,,,,,,,,
1269712,2021,2021-09-02,"Warner Park, Basseterre, St Kitts",2,14.5,Guyana Amazon Warriors,St Lucia Kings,OF Smith,Imran Tahir,J Royal,0,0,,,,,,,,,
1269712,2021,2021-09-02,"Warner Park, Basseterre, St Kitts",2,14.6,Guyana Amazon Warriors,St Lucia Kings,OF Smith,Imran Tahir,J Royal,1,0,,,,,,,,,
1269712,2021,2021-09-02,"Warner Park, Basseterre, St Kitts",2,15.1,Guyana Amazon Warriors,St Lucia Kings,OF Smith,Imran Tahir,OC McCoy,0,1,1,,,,,,,,
1269712,2021,2021-09-02,"Warner Park, Basseterre, St Kitts",2,15.2,Guyana Amazon Warriors,St Lucia Kings,OF Smith,Imran Tahir,OC McCoy,0,0,,,,,,,,,
1269712,2021,2021-09-02,"Warner Park, Basseterre, St Kitts",2,15.3,Guyana Amazon Warriors,St Lucia Kings,OF Smith,Imran Tahir,OC McCoy,6,0,,,,,,,,,
1269712,2021,2021-09-02,"Warner Park, Basseterre, St Kitts",2,15.4,Guyana Amazon Warriors,St Lucia Kings,OF Smith,Imran Tahir,OC McCoy,0,0,,,,,,,,,
1269712,2021,2021-09-02,"Warner Park, Basseterre, St Kitts",2,15.5,Guyana Amazon Warriors,St Lucia Kings,OF Smith,Imran Tahir,OC McCoy,6,0,,,,,,,,,
1269712,2021,2021-09-02,"Warner Park, Basseterre, St Kitts",2,15.6,Guyana Amazon Warriors,St Lucia Kings,OF Smith,Imran Tahir,OC McCoy,1,0,,,,,,,,,
1269712,2021,2021-09-02,"Warner Park, Basseterre, St Kitts",2,15.7,Guyana Amazon Warriors,St Lucia Kings,Imran Tahir,OF Smith,OC McCoy,0,0,,,,,,,,,
1269712,2021,2021-09-02,"Warner Park, Basseterre, St Kitts",2,16.1,Guyana Amazon Warriors,St Lucia Kings,OF Smith,Imran Tahir,KOK Williams,0,0,,,,,,,,,
1269712,2021,2021-09-02,"Warner Park, Basseterre, St Kitts",2,16.2,Guyana Amazon Warriors,St Lucia Kings,OF Smith,Imran Tahir,KOK Williams,0,0,,,,,,,,,
1269712,2021,2021-09-02,"Warner Park, Basseterre, St Kitts",2,16.3,Guyana Amazon Warriors,St Lucia Kings,OF Smith,Imran Tahir,KOK Williams,0,0,,,,,,,,,
1269712,2021,2021-09-02,"Warner Park, Basseterre, St Kitts",2,16.4,Guyana Amazon Warriors,St Lucia Kings,OF Smith,Imran Tahir,KOK Williams,1,0,,,,,,,,,
1269712,2021,2021-09-02,"Warner Park, Basseterre, St Kitts",2,16.5,Guyana Amazon Warriors,St Lucia Kings,Imran Tahir,OF Smith,KOK Williams,0,0,,,,,,bowled,Imran Tahir,,
