version,2.1.0
info,balls_per_over,6
info,team,Trinbago Knight Riders
info,team,St Lucia Kings
info,gender,male
info,season,2021
info,date,2021/08/31
info,event,Caribbean Premier League
info,match_number,9
info,venue,"Warner Park, Basseterre, St Kitts"
info,city,Basseterre
info,toss_winner,St Lucia Kings
info,toss_decision,field
info,player_of_match,KA Pollard
info,umpire,DK Butler
info,umpire,N Duguid
info,reserve_umpire,Christopher Taylor
info,tv_umpire,LS Reifer
info,match_referee,M Ragoonath
info,winner,Trinbago Knight Riders
info,winner_runs,27
info,player,Trinbago Knight Riders,LMP Simmons
info,player,Trinbago Knight Riders,SP Narine
info,player,Trinbago Knight Riders,T Webster
info,player,Trinbago Knight Riders,KA Pollard
info,player,Trinbago Knight Riders,C Munro
info,player,Trinbago Knight Riders,TL Seifert
info,player,Trinbago Knight Riders,AJ Hosein
info,player,Trinbago Knight Riders,D Ramdin
info,player,Trinbago Knight Riders,I Udana
info,player,Trinbago Knight Riders,JNT Seales
info,player,Trinbago Knight Riders,R Rampaul
info,player,St Lucia Kings,RRS Cornwall
info,player,St Lucia Kings,ADS Fletcher
info,player,St Lucia Kings,F du Plessis
info,player,St Lucia Kings,RL Chase
info,player,St Lucia Kings,M Deyal
info,player,St Lucia Kings,TH David
info,player,St Lucia Kings,SR Patel
info,player,St Lucia Kings,KMA Paul
info,player,St Lucia Kings,AS Joseph
info,player,St Lucia Kings,Wahab Riaz
info,player,St Lucia Kings,KOK Williams
info,registry,people,ADS Fletcher,1bae756b
info,registry,people,AJ Hosein,4d7f517e
info,registry,people,AS Joseph,b0946605
info,registry,people,C Munro,af2c687b
info,registry,people,Christopher Taylor,1f50a44a
info,registry,people,D Ramdin,d1523761
info,registry,people,DK Butler,671398e3
info,registry,people,F du Plessis,3355b542
info,registry,people,I Udana,ac5ae4af
info,registry,people,JNT Seales,ded9ff1e
info,registry,people,KA Pollard,a757b0d8
info,registry,people,KMA Paul,75224f22
info,registry,people,KOK Williams,78cb83f3
info,registry,people,LMP Simmons,89f64c19
info,registry,people,LS Reifer,5dee559a
info,registry,people,M Deyal,7183799b
info,registry,people,M Ragoonath,6f596571
info,registry,people,N Duguid,64495506
info,registry,people,R Rampaul,d68e7f48
info,registry,people,RL Chase,3feda4fa
info,registry,people,RRS Cornwall,c4d9634c
info,registry,people,SP Narine,9d430b40
info,registry,people,SR Patel,18fac429
info,registry,people,T Webster,ef39fc7f
info,registry,people,TH David,f1f99156
info,registry,people,TL Seifert,4663bd23
info,registry,people,Wahab Riaz,b3118300
