match_id,season,start_date,venue,innings,ball,batting_team,bowling_team,striker,non_striker,bowler,runs_off_bat,extras,wides,noballs,byes,legbyes,penalty,wicket_type,player_dismissed,other_wicket_type,other_player_dismissed
1269710,2021,2021-09-01,"Warner Park, Basseterre, St Kitts",1,0.1,Trinbago Knight Riders,Guyana Amazon Warriors,SP Narine,LMP Simmons,C Hemraj,1,0,,,,,,,,,
1269710,2021,2021-09-01,"Warner Park, Basseterre, St Kitts",1,0.2,Trinbago Knight Riders,Guyana Amazon Warriors,LMP Simmons,SP Narine,C Hemraj,0,0,,,,,,bowled,LMP Simmons,,
1269710,2021,2021-09-01,"Warner Park, Basseterre, St Kitts",1,0.3,Trinbago Knight Riders,Guyana Amazon Warriors,T Webster,SP Narine,C Hemraj,2,0,,,,,,,,,
1269710,2021,2021-09-01,"Warner Park, Basseterre, St Kitts",1,0.4,Trinbago Knight Riders,Guyana Amazon Warriors,T Webster,SP Narine,C Hemraj,0,0,,,,,,,,,
1269710,2021,2021-09-01,"Warner Park, Basseterre, St Kitts",1,0.5,Trinbago Knight Riders,Guyana Amazon Warriors,T Webster,SP Narine,C Hemraj,0,0,,,,,,,,,
1269710,2021,2021-09-01,"Warner Park, Basseterre, St Kitts",1,0.6,Trinbago Knight Riders,Guyana Amazon Warriors,T Webster,SP Narine,C Hemraj,6,0,,,,,,,,,
1269710,2021,2021-09-01,"Warner Park, Basseterre, St Kitts",1,1.1,Trinbago Knight Riders,Guyana Amazon Warriors,SP Narine,T Webster,R Shepherd,0,0,,,,,,,,,
1269710,2021,2021-09-01,"Warner Park, Basseterre, St Kitts",1,1.2,Trinbago Knight Riders,Guyana Amazon Warriors,SP Narine,T Webster,R Shepherd,0,1,,,,1,,,,,
1269710,2021,2021-09-01,"Warner Park, Basseterre, St Kitts",1,1.3,Trinbago Knight Riders,Guyana Amazon Warriors,T Webster,SP Narine,R Shepherd,0,0,,,,,,,,,
1269710,2021,2021-09-01,"Warner Park, Basseterre, St Kitts",1,1.4,Trinbago Knight Riders,Guyana Amazon Warriors,T Webster,SP Narine,R Shepherd,0,0,,,,,,,,,
1269710,2021,2021-09-01,"Warner Park, Basseterre, St Kitts",1,1.5,Trinbago Knight Riders,Guyana Amazon Warriors,T Webster,SP Narine,R Shepherd,0,0,,,,,,,,,
1269710,2021,2021-09-01,"Warner Park, Basseterre, St Kitts",1,1.6,Trinbago Knight Riders,Guyana Amazon Warriors,T Webster,SP Narine,R Shepherd,0,0,,,,,,,,,
1269710,2021,2021-09-01,"Warner Park, Basseterre, St Kitts",1,2.1,Trinbago Knight Riders,Guyana Amazon Warriors,SP Narine,T Webster,Naveen-ul-Haq,0,0,,,,,,,,,
1269710,2021,2021-09-01,"Warner Park, Basseterre, St Kitts",1,2.2,Trinbago Knight Riders,Guyana Amazon Warriors,SP Narine,T Webster,Naveen-ul-Haq,0,0,,,,,,,,,
1269710,2021,2021-09-01,"Warner Park, Basseterre, St Kitts",1,2.3,Trinbago Knight Riders,Guyana Amazon Warriors,SP Narine,T Webster,Naveen-ul-Haq,0,0,,,,,,,,,
1269710,2021,2021-09-01,"Warner Park, Basseterre, St Kitts",1,2.4,Trinbago Knight Riders,Guyana Amazon Warriors,SP Narine,T Webster,Naveen-ul-Haq,0,0,,,,,,,,,
1269710,2021,2021-09-01,"Warner Park, Basseterre, St Kitts",1,2.5,Trinbago Knight Riders,Guyana Amazon Warriors,SP Narine,T Webster,Naveen-ul-Haq,1,0,,,,,,,,,
1269710,2021,2021-09-01,"Warner Park, Basseterre, St Kitts",1,2.6,Trinbago Knight Riders,Guyana Amazon Warriors,T Webster,SP Narine,Naveen-ul-Haq,0,0,,,,,,,,,
1269710,2021,2021-09-01,"Warner Park, Basseterre, St Kitts",1,3.1,Trinbago Knight Riders,Guyana Amazon Warriors,SP Narine,T Webster,R Shepherd,0,1,1,,,,,,,,
1269710,2021,2021-09-01,"Warner Park, Basseterre, St Kitts",1,3.2,Trinbago Knight Riders,Guyana Amazon Warriors,SP Narine,T Webster,R Shepherd,0,0,,,,,,,,,
1269710,2021,2021-09-01,"Warner Park, Basseterre, St Kitts",1,3.3,Trinbago Knight Riders,Guyana Amazon Warriors,SP Narine,T Webster,R Shepherd,4,0,,,,,,,,,
1269710,2021,2021-09-01,"Warner Park, Basseterre, St Kitts",1,3.4,Trinbago Knight Riders,Guyana Amazon Warriors,SP Narine,T Webster,R Shepherd,0,1,1,,,,,,,,
1269710,2021,2021-09-01,"Warner Park, Basseterre, St Kitts",1,3.5,Trinbago Knight Riders,Guyana Amazon Warriors,SP Narine,T Webster,R Shepherd,0,0,,,,,,,,,
1269710,2021,2021-09-01,"Warner Park, Basseterre, St Kitts",1,3.6,Trinbago Knight Riders,Guyana Amazon Warriors,SP Narine,T Webster,R Shepherd,0,1,,,,1,,,,,
1269710,2021,2021-09-01,"Warner Park, Basseterre, St Kitts",1,3.7,Trinbago Knight Riders,Guyana Amazon Warriors,T Webster,SP Narine,R Shepherd,1,0,,,,,,,,,
1269710,2021,2021-09-01,"Warner Park, Basseterre, St Kitts",1,3.8,Trinbago Knight Riders,Guyana Amazon Warriors,SP Narine,T Webster,R Shepherd,1,0,,,,,,,,,
1269710,2021,2021-09-01,"Warner Park, Basseterre, St Kitts",1,4.1,Trinbago Knight Riders,Guyana Amazon Warriors,SP Narine,T Webster,Naveen-ul-Haq,6,0,,,,,,,,,
1269710,2021,2021-09-01,"Warner Park, Basseterre, St Kitts",1,4.2,Trinbago Knight Riders,Guyana Amazon Warriors,SP Narine,T Webster,Naveen-ul-Haq,4,0,,,,,,,,,
1269710,2021,2021-09-01,"Warner Park, Basseterre, St Kitts",1,4.3,Trinbago Knight Riders,Guyana Amazon Warriors,SP Narine,T Webster,Naveen-ul-Haq,0,0,,,,,,,,,
1269710,2021,2021-09-01,"Warner Park, Basseterre, St Kitts",1,4.4,Trinbago Knight Riders,Guyana Amazon Warriors,SP Narine,T Webster,Naveen-ul-Haq,2,0,,,,,,,,,
1269710,2021,2021-09-01,"Warner Park, Basseterre, St Kitts",1,4.5,Trinbago Knight Riders,Guyana Amazon Warriors,SP Narine,T Webster,Naveen-ul-Haq,1,0,,,,,,,,,
1269710,2021,2021-09-01,"Warner Park, Basseterre, St Kitts",1,4.6,Trinbago Knight Riders,Guyana Amazon Warriors,T Webster,SP Narine,Naveen-ul-Haq,4,0,,,,,,,,,
1269710,2021,2021-09-01,"Warner Park, Basseterre, St Kitts",1,5.1,Trinbago Knight Riders,Guyana Amazon Warriors,SP Narine,T Webster,Mohammad Hafeez,1,0,,,,,,,,,
1269710,2021,2021-09-01,"Warner Park, Basseterre, St Kitts",1,5.2,Trinbago Knight Riders,Guyana Amazon Warriors,T Webster,SP Narine,Mohammad Hafeez,0,1,,,,1,,,,,
1269710,2021,2021-09-01,"Warner Park, Basseterre, St Kitts",1,5.3,Trinbago Knight Riders,Guyana Amazon Warriors,SP Narine,T Webster,Mohammad Hafeez,0,0,,,,,,caught,SP Narine,,
1269710,2021,2021-09-01,"Warner Park, Basseterre, St Kitts",1,5.4,Trinbago Knight Riders,Guyana Amazon Warriors,C Munro,T Webster,Mohammad Hafeez,1,0,,,,,,,,,
1269710,2021,2021-09-01,"Warner Park, Basseterre, St Kitts",1,5.5,Trinbago Knight Riders,Guyana Amazon Warriors,T Webster,C Munro,Mohammad Hafeez,6,0,,,,,,,,,
1269710,2021,2021-09-01,"Warner Park, Basseterre, St Kitts",1,5.6,Trinbago Knight Riders,Guyana Amazon Warriors,T Webster,C Munro,Mohammad Hafeez,0,0,,,,,,bowled,T Webster,,
1269710,2021,2021-09-01,"Warner Park, Basseterre, St Kitts",1,6.1,Trinbago Knight Riders,Guyana Amazon Warriors,C Munro,TL Seifert,Imran Tahir,1,0,,,,,,,,,
1269710,2021,2021-09-01,"Warner Park, Basseterre, St Kitts",1,6.2,Trinbago Knight Riders,Guyana Amazon Warriors,TL Seifert,C Munro,Imran Tahir,0,0,,,,,,,,,
1269710,2021,2021-09-01,"Warner Park, Basseterre, St Kitts",1,6.3,Trinbago Knight Riders,Guyana Amazon Warriors,TL Seifert,C Munro,Imran Tahir,1,0,,,,,,,,,
1269710,2021,2021-09-01,"Warner Park, Basseterre, St Kitts",1,6.4,Trinbago Knight Riders,Guyana Amazon Warriors,C Munro,TL Seifert,Imran Tahir,0,0,,,,,,,,,
1269710,2021,2021-09-01,"Warner Park, Basseterre, St Kitts",1,6.5,Trinbago Knight Riders,Guyana Amazon Warriors,C Munro,TL Seifert,Imran Tahir,1,0,,,,,,,,,
1269710,2021,2021-09-01,"Warner Park, Basseterre, St Kitts",1,6.6,Trinbago Knight Riders,Guyana Amazon Warriors,TL Seifert,C Munro,Imran Tahir,0,0,,,,,,,,,
1269710,2021,2021-09-01,"Warner Park, Basseterre, St Kitts",1,7.1,Trinbago Knight Riders,Guyana Amazon Warriors,C Munro,TL Seifert,Mohammad Hafeez,0,0,,,,,,,,,
1269710,2021,2021-09-01,"Warner Park, Basseterre, St Kitts",1,7.2,Trinbago Knight Riders,Guyana Amazon Warriors,C Munro,TL Seifert,Mohammad Hafeez,1,0,,,,,,,,,
1269710,2021,2021-09-01,"Warner Park, Basseterre, St Kitts",1,7.3,Trinbago Knight Riders,Guyana Amazon Warriors,TL Seifert,C Munro,Mohammad Hafeez,0,0,,,,,,,,,
1269710,2021,2021-09-01,"Warner Park, Basseterre, St Kitts",1,7.4,Trinbago Knight Riders,Guyana Amazon Warriors,TL Seifert,C Munro,Mohammad Hafeez,1,0,,,,,,,,,
1269710,2021,2021-09-01,"Warner Park, Basseterre, St Kitts",1,7.5,Trinbago Knight Riders,Guyana Amazon Warriors,C Munro,TL Seifert,Mohammad Hafeez,6,0,,,,,,,,,
1269710,2021,2021-09-01,"Warner Park, Basseterre, St Kitts",1,7.6,Trinbago Knight Riders,Guyana Amazon Warriors,C Munro,TL Seifert,Mohammad Hafeez,0,0,,,,,,,,,
1269710,2021,2021-09-01,"Warner Park, Basseterre, St Kitts",1,8.1,Trinbago Knight Riders,Guyana Amazon Warriors,TL Seifert,C Munro,Imran Tahir,0,0,,,,,,,,,
1269710,2021,2021-09-01,"Warner Park, Basseterre, St Kitts",1,8.2,Trinbago Knight Riders,Guyana Amazon Warriors,TL Seifert,C Munro,Imran Tahir,1,0,,,,,,,,,
1269710,2021,2021-09-01,"Warner Park, Basseterre, St Kitts",1,8.3,Trinbago Knight Riders,Guyana Amazon Warriors,C Munro,TL Seifert,Imran Tahir,0,0,,,,,,,,,
1269710,2021,2021-09-01,"Warner Park, Basseterre, St Kitts",1,8.4,Trinbago Knight Riders,Guyana Amazon Warriors,C Munro,TL Seifert,Imran Tahir,0,0,,,,,,,,,
1269710,2021,2021-09-01,"Warner Park, Basseterre, St Kitts",1,8.5,Trinbago Knight Riders,Guyana Amazon Warriors,C Munro,TL Seifert,Imran Tahir,1,0,,,,,,,,,
1269710,2021,2021-09-01,"Warner Park, Basseterre, St Kitts",1,8.6,Trinbago Knight Riders,Guyana Amazon Warriors,TL Seifert,C Munro,Imran Tahir,0,0,,,,,,,,,
1269710,2021,2021-09-01,"Warner Park, Basseterre, St Kitts",1,9.1,Trinbago Knight Riders,Guyana Amazon Warriors,C Munro,TL Seifert,OF Smith,1,0,,,,,,,,,
1269710,2021,2021-09-01,"Warner Park, Basseterre, St Kitts",1,9.2,Trinbago Knight Riders,Guyana Amazon Warriors,TL Seifert,C Munro,OF Smith,0,0,,,,,,,,,
1269710,2021,2021-09-01,"Warner Park, Basseterre, St Kitts",1,9.3,Trinbago Knight Riders,Guyana Amazon Warriors,TL Seifert,C Munro,OF Smith,1,0,,,,,,,,,
1269710,2021,2021-09-01,"Warner Park, Basseterre, St Kitts",1,9.4,Trinbago Knight Riders,Guyana Amazon Warriors,C Munro,TL Seifert,OF Smith,4,0,,,,,,,,,
1269710,2021,2021-09-01,"Warner Park, Basseterre, St Kitts",1,9.5,Trinbago Knight Riders,Guyana Amazon Warriors,C Munro,TL Seifert,OF Smith,4,0,,,,,,,,,
1269710,2021,2021-09-01,"Warner Park, Basseterre, St Kitts",1,9.6,Trinbago Knight Riders,Guyana Amazon Warriors,C Munro,TL Seifert,OF Smith,1,0,,,,,,,,,
1269710,2021,2021-09-01,"Warner Park, Basseterre, St Kitts",1,10.1,Trinbago Knight Riders,Guyana Amazon Warriors,C Munro,TL Seifert,Imran Tahir,0,0,,,,,,,,,
1269710,2021,2021-09-01,"Warner Park, Basseterre, St Kitts",1,10.2,Trinbago Knight Riders,Guyana Amazon Warriors,C Munro,TL Seifert,Imran Tahir,6,0,,,,,,,,,
1269710,2021,2021-09-01,"Warner Park, Basseterre, St Kitts",1,10.3,Trinbago Knight Riders,Guyana Amazon Warriors,C Munro,TL Seifert,Imran Tahir,1,0,,,,,,,,,
1269710,2021,2021-09-01,"Warner Park, Basseterre, St Kitts",1,10.4,Trinbago Knight Riders,Guyana Amazon Warriors,TL Seifert,C Munro,Imran Tahir,0,0,,,,,,,,,
1269710,2021,2021-09-01,"Warner Park, Basseterre, St Kitts",1,10.5,Trinbago Knight Riders,Guyana Amazon Warriors,TL Seifert,C Munro,Imran Tahir,0,0,,,,,,,,,
1269710,2021,2021-09-01,"Warner Park, Basseterre, St Kitts",1,10.6,Trinbago Knight Riders,Guyana Amazon Warriors,TL Seifert,C Munro,Imran Tahir,0,1,,,,1,,,,,
1269710,2021,2021-09-01,"Warner Park, Basseterre, St Kitts",1,11.1,Trinbago Knight Riders,Guyana Amazon Warriors,TL Seifert,C Munro,Mohammad Hafeez,0,0,,,,,,,,,
1269710,2021,2021-09-01,"Warner Park, Basseterre, St Kitts",1,11.2,Trinbago Knight Riders,Guyana Amazon Warriors,TL Seifert,C Munro,Mohammad Hafeez,0,0,,,,,,,,,
1269710,2021,2021-09-01,"Warner Park, Basseterre, St Kitts",1,11.3,Trinbago Knight Riders,Guyana Amazon Warriors,TL Seifert,C Munro,Mohammad Hafeez,0,0,,,,,,bowled,TL Seifert,,
1269710,2021,2021-09-01,"Warner Park, Basseterre, St Kitts",1,11.4,Trinbago Knight Riders,Guyana Amazon Warriors,KA Pollard,C Munro,Mohammad Hafeez,2,0,,,,,,,,,
1269710,2021,2021-09-01,"Warner Park, Basseterre, St Kitts",1,11.5,Trinbago Knight Riders,Guyana Amazon Warriors,KA Pollard,C Munro,Mohammad Hafeez,0,0,,,,,,,,,
1269710,2021,2021-09-01,"Warner Park, Basseterre, St Kitts",1,11.6,Trinbago Knight Riders,Guyana Amazon Warriors,KA Pollard,C Munro,Mohammad Hafeez,0,0,,,,,,,,,
1269710,2021,2021-09-01,"Warner Park, Basseterre, St Kitts",1,12.1,Trinbago Knight Riders,Guyana Amazon Warriors,C Munro,KA Pollard,AR Nedd,1,0,,,,,,,,,
1269710,2021,2021-09-01,"Warner Park, Basseterre, St Kitts",1,12.2,Trinbago Knight Riders,Guyana Amazon Warriors,KA Pollard,C Munro,AR Nedd,1,0,,,,,,,,,
1269710,2021,2021-09-01,"Warner Park, Basseterre, St Kitts",1,12.3,Trinbago Knight Riders,Guyana Amazon Warriors,C Munro,KA Pollard,AR Nedd,0,0,,,,,,,,,
1269710,2021,2021-09-01,"Warner Park, Basseterre, St Kitts",1,12.4,Trinbago Knight Riders,Guyana Amazon Warriors,C Munro,KA Pollard,AR Nedd,1,0,,,,,,,,,
1269710,2021,2021-09-01,"Warner Park, Basseterre, St Kitts",1,12.5,Trinbago Knight Riders,Guyana Amazon Warriors,KA Pollard,C Munro,AR Nedd,6,0,,,,,,,,,
1269710,2021,2021-09-01,"Warner Park, Basseterre, St Kitts",1,12.6,Trinbago Knight Riders,Guyana Amazon Warriors,KA Pollard,C Munro,AR Nedd,1,0,,,,,,,,,
1269710,2021,2021-09-01,"Warner Park, Basseterre, St Kitts",1,13.1,Trinbago Knight Riders,Guyana Amazon Warriors,KA Pollard,C Munro,OF Smith,0,0,,,,,,,,,
1269710,2021,2021-09-01,"Warner Park, Basseterre, St Kitts",1,13.2,Trinbago Knight Riders,Guyana Amazon Warriors,KA Pollard,C Munro,OF Smith,0,0,,,,,,,,,
1269710,2021,2021-09-01,"Warner Park, Basseterre, St Kitts",1,13.3,Trinbago Knight Riders,Guyana Amazon Warriors,KA Pollard,C Munro,OF Smith,1,0,,,,,,,,,
1269710,2021,2021-09-01,"Warner Park, Basseterre, St Kitts",1,13.4,Trinbago Knight Riders,Guyana Amazon Warriors,C Munro,KA Pollard,OF Smith,0,0,,,,,,,,,
1269710,2021,2021-09-01,"Warner Park, Basseterre, St Kitts",1,13.5,Trinbago Knight Riders,Guyana Amazon Warriors,C Munro,KA Pollard,OF Smith,0,0,,,,,,,,,
1269710,2021,2021-09-01,"Warner Park, Basseterre, St Kitts",1,13.6,Trinbago Knight Riders,Guyana Amazon Warriors,C Munro,KA Pollard,OF Smith,1,0,,,,,,,,,
1269710,2021,2021-09-01,"Warner Park, Basseterre, St Kitts",1,14.1,Trinbago Knight Riders,Guyana Amazon Warriors,C Munro,KA Pollard,Imran Tahir,0,0,,,,,,,,,
1269710,2021,2021-09-01,"Warner Park, Basseterre, St Kitts",1,14.2,Trinbago Knight Riders,Guyana Amazon Warriors,C Munro,KA Pollard,Imran Tahir,1,0,,,,,,,,,
1269710,2021,2021-09-01,"Warner Park, Basseterre, St Kitts",1,14.3,Trinbago Knight Riders,Guyana Amazon Warriors,KA Pollard,C Munro,Imran Tahir,0,0,,,,,,,,,
1269710,2021,2021-09-01,"Warner Park, Basseterre, St Kitts",1,14.4,Trinbago Knight Riders,Guyana Amazon Warriors,KA Pollard,C Munro,Imran Tahir,1,0,,,,,,,,,
1269710,2021,2021-09-01,"Warner Park, Basseterre, St Kitts",1,14.5,Trinbago Knight Riders,Guyana Amazon Warriors,C Munro,KA Pollard,Imran Tahir,0,0,,,,,,,,,
1269710,2021,2021-09-01,"Warner Park, Basseterre, St Kitts",1,14.6,Trinbago Knight Riders,Guyana Amazon Warriors,C Munro,KA Pollard,Imran Tahir,0,0,,,,,,caught,C Munro,,
1269710,2021,2021-09-01,"Warner Park, Basseterre, St Kitts",1,15.1,Trinbago Knight Riders,Guyana Amazon Warriors,D Ramdin,KA Pollard,OF Smith,0,0,,,,,,,,,
1269710,2021,2021-09-01,"Warner Park, Basseterre, St Kitts",1,15.2,Trinbago Knight Riders,Guyana Amazon Warriors,D Ramdin,KA Pollard,OF Smith,1,0,,,,,,,,,
1269710,2021,2021-09-01,"Warner Park, Basseterre, St Kitts",1,15.3,Trinbago Knight Riders,Guyana Amazon Warriors,KA Pollard,D Ramdin,OF Smith,0,0,,,,,,,,,
1269710,2021,2021-09-01,"Warner Park, Basseterre, St Kitts",1,15.4,Trinbago Knight Riders,Guyana Amazon Warriors,KA Pollard,D Ramdin,OF Smith,0,0,,,,,,,,,
1269710,2021,2021-09-01,"Warner Park, Basseterre, St Kitts",1,15.5,Trinbago Knight Riders,Guyana Amazon Warriors,KA Pollard,D Ramdin,OF Smith,0,0,,,,,,,,,
1269710,2021,2021-09-01,"Warner Park, Basseterre, St Kitts",1,15.6,Trinbago Knight Riders,Guyana Amazon Warriors,KA Pollard,D Ramdin,OF Smith,0,0,,,,,,,,,
1269710,2021,2021-09-01,"Warner Park, Basseterre, St Kitts",1,16.1,Trinbago Knight Riders,Guyana Amazon Warriors,D Ramdin,KA Pollard,R Shepherd,1,0,,,,,,,,,
1269710,2021,2021-09-01,"Warner Park, Basseterre, St Kitts",1,16.2,Trinbago Knight Riders,Guyana Amazon Warriors,KA Pollard,D Ramdin,R Shepherd,1,0,,,,,,,,,
1269710,2021,2021-09-01,"Warner Park, Basseterre, St Kitts",1,16.3,Trinbago Knight Riders,Guyana Amazon Warriors,D Ramdin,KA Pollard,R Shepherd,1,0,,,,,,,,,
1269710,2021,2021-09-01,"Warner Park, Basseterre, St Kitts",1,16.4,Trinbago Knight Riders,Guyana Amazon Warriors,KA Pollard,D Ramdin,R Shepherd,0,0,,,,,,bowled,KA Pollard,,
1269710,2021,2021-09-01,"Warner Park, Basseterre, St Kitts",1,16.5,Trinbago Knight Riders,Guyana Amazon Warriors,I Udana,D Ramdin,R Shepherd,0,0,,,,,,,,,
1269710,2021,2021-09-01,"Warner Park, Basseterre, St Kitts",1,16.6,Trinbago Knight Riders,Guyana Amazon Warriors,I Udana,D Ramdin,R Shepherd,4,0,,,,,,,,,
1269710,2021,2021-09-01,"Warner Park, Basseterre, St Kitts",1,17.1,Trinbago Knight Riders,Guyana Amazon Warriors,D Ramdin,I Udana,OF Smith,1,0,,,,,,,,,
1269710,2021,2021-09-01,"Warner Park, Basseterre, St Kitts",1,17.2,Trinbago Knight Riders,Guyana Amazon Warriors,I Udana,D Ramdin,OF Smith,0,0,,,,,,,,,
1269710,2021,2021-09-01,"Warner Park, Basseterre, St Kitts",1,17.3,Trinbago Knight Riders,Guyana Amazon Warriors,I Udana,D Ramdin,OF Smith,6,0,,,,,,,,,
1269710,2021,2021-09-01,"Warner Park, Basseterre, St Kitts",1,17.4,Trinbago Knight Riders,Guyana Amazon Warriors,I Udana,D Ramdin,OF Smith,4,0,,,,,,,,,
1269710,2021,2021-09-01,"Warner Park, Basseterre, St Kitts",1,17.5,Trinbago Knight Riders,Guyana Amazon Warriors,I Udana,D Ramdin,OF Smith,0,1,,1,,,,,,,
1269710,2021,2021-09-01,"Warner Park, Basseterre, St Kitts",1,17.6,Trinbago Knight Riders,Guyana Amazon Warriors,I Udana,D Ramdin,OF Smith,1,0,,,,,,,,,
1269710,2021,2021-09-01,"Warner Park, Basseterre, St Kitts",1,17.7,Trinbago Knight Riders,Guyana Amazon Warriors,D Ramdin,I Udana,OF Smith,1,0,,,,,,,,,
1269710,2021,2021-09-01,"Warner Park, Basseterre, St Kitts",1,18.1,Trinbago Knight Riders,Guyana Amazon Warriors,D Ramdin,I Udana,R Shepherd,0,1,1,,,,,,,,
1269710,2021,2021-09-01,"Warner Park, Basseterre, St Kitts",1,18.2,Trinbago Knight Riders,Guyana Amazon Warriors,D Ramdin,I Udana,R Shepherd,0,0,,,,,,,,,
1269710,2021,2021-09-01,"Warner Park, Basseterre, St Kitts",1,18.3,Trinbago Knight Riders,Guyana Amazon Warriors,D Ramdin,I Udana,R Shepherd,0,0,,,,,,,,,
1269710,2021,2021-09-01,"Warner Park, Basseterre, St Kitts",1,18.4,Trinbago Knight Riders,Guyana Amazon Warriors,D Ramdin,I Udana,R Shepherd,0,0,,,,,,caught,D Ramdin,,
1269710,2021,2021-09-01,"Warner Park, Basseterre, St Kitts",1,18.5,Trinbago Knight Riders,Guyana Amazon Warriors,I Udana,AJ Hosein,R Shepherd,6,0,,,,,,,,,
1269710,2021,2021-09-01,"Warner Park, Basseterre, St Kitts",1,18.6,Trinbago Knight Riders,Guyana Amazon Warriors,I Udana,AJ Hosein,R Shepherd,0,1,1,,,,,,,,
1269710,2021,2021-09-01,"Warner Park, Basseterre, St Kitts",1,18.7,Trinbago Knight Riders,Guyana Amazon Warriors,I Udana,AJ Hosein,R Shepherd,0,0,,,,,,caught,I Udana,,
1269710,2021,2021-09-01,"Warner Park, Basseterre, St Kitts",1,18.8,Trinbago Knight Riders,Guyana Amazon Warriors,AJ Hosein,K Pierre,R Shepherd,1,0,,,,,,,,,
1269710,2021,2021-09-01,"Warner Park, Basseterre, St Kitts",1,19.1,Trinbago Knight Riders,Guyana Amazon Warriors,AJ Hosein,K Pierre,Naveen-ul-Haq,1,0,,,,,,,,,
1269710,2021,2021-09-01,"Warner Park, Basseterre, St Kitts",1,19.2,Trinbago Knight Riders,Guyana Amazon Warriors,K Pierre,AJ Hosein,Naveen-ul-Haq,0,0,,,,,,caught,K Pierre,,
1269710,2021,2021-09-01,"Warner Park, Basseterre, St Kitts",1,19.3,Trinbago Knight Riders,Guyana Amazon Warriors,AJ Hosein,R Rampaul,Naveen-ul-Haq,1,0,,,,,,,,,
1269710,2021,2021-09-01,"Warner Park, Basseterre, St Kitts",1,19.4,Trinbago Knight Riders,Guyana Amazon Warriors,R Rampaul,AJ Hosein,Naveen-ul-Haq,4,0,,,,,,,,,
1269710,2021,2021-09-01,"Warner Park, Basseterre, St Kitts",1,19.5,Trinbago Knight Riders,Guyana Amazon Warriors,R Rampaul,AJ Hosein,Naveen-ul-Haq,1,0,,,,,,,,,
1269710,2021,2021-09-01,"Warner Park, Basseterre, St Kitts",1,19.6,Trinbago Knight Riders,Guyana Amazon Warriors,AJ Hosein,R Rampaul,Naveen-ul-Haq,6,0,,,,,,,,,
1269710,2021,2021-09-01,"Warner Park, Basseterre, St Kitts",2,0.1,Guyana Amazon Warriors,Trinbago Knight Riders,C Hemraj,Mohammad Hafeez,AJ Hosein,1,0,,,,,,,,,
1269710,2021,2021-09-01,"Warner Park, Basseterre, St Kitts",2,0.2,Guyana Amazon Warriors,Trinbago Knight Riders,Mohammad Hafeez,C Hemraj,AJ Hosein,0,0,,,,,,,,,
1269710,2021,2021-09-01,"Warner Park, Basseterre, St Kitts",2,0.3,Guyana Amazon Warriors,Trinbago Knight Riders,Mohammad Hafeez,C Hemraj,AJ Hosein,0,0,,,,,,,,,
1269710,2021,2021-09-01,"Warner Park, Basseterre, St Kitts",2,0.4,Guyana Amazon Warriors,Trinbago Knight Riders,Mohammad Hafeez,C Hemraj,AJ Hosein,0,0,,,,,,,,,
1269710,2021,2021-09-01,"Warner Park, Basseterre, St Kitts",2,0.5,Guyana Amazon Warriors,Trinbago Knight Riders,Mohammad Hafeez,C Hemraj,AJ Hosein,0,0,,,,,,,,,
1269710,2021,2021-09-01,"Warner Park, Basseterre, St Kitts",2,0.6,Guyana Amazon Warriors,Trinbago Knight Riders,Mohammad Hafeez,C Hemraj,AJ Hosein,0,0,,,,,,,,,
1269710,2021,2021-09-01,"Warner Park, Basseterre, St Kitts",2,1.1,Guyana Amazon Warriors,Trinbago Knight Riders,C Hemraj,Mohammad Hafeez,R Rampaul,0,0,,,,,,,,,
1269710,2021,2021-09-01,"Warner Park, Basseterre, St Kitts",2,1.2,Guyana Amazon Warriors,Trinbago Knight Riders,C Hemraj,Mohammad Hafeez,R Rampaul,4,0,,,,,,,,,
1269710,2021,2021-09-01,"Warner Park, Basseterre, St Kitts",2,1.3,Guyana Amazon Warriors,Trinbago Knight Riders,C Hemraj,Mohammad Hafeez,R Rampaul,1,0,,,,,,,,,
1269710,2021,2021-09-01,"Warner Park, Basseterre, St Kitts",2,1.4,Guyana Amazon Warriors,Trinbago Knight Riders,Mohammad Hafeez,C Hemraj,R Rampaul,1,0,,,,,,,,,
1269710,2021,2021-09-01,"Warner Park, Basseterre, St Kitts",2,1.5,Guyana Amazon Warriors,Trinbago Knight Riders,C Hemraj,Mohammad Hafeez,R Rampaul,0,0,,,,,,caught,C Hemraj,,
1269710,2021,2021-09-01,"Warner Park, Basseterre, St Kitts",2,1.6,Guyana Amazon Warriors,Trinbago Knight Riders,OF Smith,Mohammad Hafeez,R Rampaul,0,0,,,,,,bowled,OF Smith,,
1269710,2021,2021-09-01,"Warner Park, Basseterre, St Kitts",2,2.1,Guyana Amazon Warriors,Trinbago Knight Riders,Mohammad Hafeez,SO Hetmyer,AJ Hosein,0,0,,,,,,,,,
1269710,2021,2021-09-01,"Warner Park, Basseterre, St Kitts",2,2.2,Guyana Amazon Warriors,Trinbago Knight Riders,Mohammad Hafeez,SO Hetmyer,AJ Hosein,0,0,,,,,,,,,
1269710,2021,2021-09-01,"Warner Park, Basseterre, St Kitts",2,2.3,Guyana Amazon Warriors,Trinbago Knight Riders,Mohammad Hafeez,SO Hetmyer,AJ Hosein,4,0,,,,,,,,,
1269710,2021,2021-09-01,"Warner Park, Basseterre, St Kitts",2,2.4,Guyana Amazon Warriors,Trinbago Knight Riders,Mohammad Hafeez,SO Hetmyer,AJ Hosein,0,0,,,,,,,,,
1269710,2021,2021-09-01,"Warner Park, Basseterre, St Kitts",2,2.5,Guyana Amazon Warriors,Trinbago Knight Riders,Mohammad Hafeez,SO Hetmyer,AJ Hosein,0,0,,,,,,,,,
1269710,2021,2021-09-01,"Warner Park, Basseterre, St Kitts",2,2.6,Guyana Amazon Warriors,Trinbago Knight Riders,Mohammad Hafeez,SO Hetmyer,AJ Hosein,0,0,,,,,,,,,
1269710,2021,2021-09-01,"Warner Park, Basseterre, St Kitts",2,3.1,Guyana Amazon Warriors,Trinbago Knight Riders,SO Hetmyer,Mohammad Hafeez,R Rampaul,0,0,,,,,,,,,
1269710,2021,2021-09-01,"Warner Park, Basseterre, St Kitts",2,3.2,Guyana Amazon Warriors,Trinbago Knight Riders,SO Hetmyer,Mohammad Hafeez,R Rampaul,0,0,,,,,,,,,
1269710,2021,2021-09-01,"Warner Park, Basseterre, St Kitts",2,3.3,Guyana Amazon Warriors,Trinbago Knight Riders,SO Hetmyer,Mohammad Hafeez,R Rampaul,1,0,,,,,,,,,
1269710,2021,2021-09-01,"Warner Park, Basseterre, St Kitts",2,3.4,Guyana Amazon Warriors,Trinbago Knight Riders,Mohammad Hafeez,SO Hetmyer,R Rampaul,0,0,,,,,,,,,
1269710,2021,2021-09-01,"Warner Park, Basseterre, St Kitts",2,3.5,Guyana Amazon Warriors,Trinbago Knight Riders,Mohammad Hafeez,SO Hetmyer,R Rampaul,0,0,,,,,,,,,
1269710,2021,2021-09-01,"Warner Park, Basseterre, St Kitts",2,3.6,Guyana Amazon Warriors,Trinbago Knight Riders,Mohammad Hafeez,SO Hetmyer,R Rampaul,4,0,,,,,,,,,
1269710,2021,2021-09-01,"Warner Park, Basseterre, St Kitts",2,4.1,Guyana Amazon Warriors,Trinbago Knight Riders,SO Hetmyer,Mohammad Hafeez,I Udana,4,0,,,,,,,,,
1269710,2021,2021-09-01,"Warner Park, Basseterre, St Kitts",2,4.2,Guyana Amazon Warriors,Trinbago Knight Riders,SO Hetmyer,Mohammad Hafeez,I Udana,1,0,,,,,,,,,
1269710,2021,2021-09-01,"Warner Park, Basseterre, St Kitts",2,4.3,Guyana Amazon Warriors,Trinbago Knight Riders,Mohammad Hafeez,SO Hetmyer,I Udana,0,0,,,,,,,,,
1269710,2021,2021-09-01,"Warner Park, Basseterre, St Kitts",2,4.4,Guyana Amazon Warriors,Trinbago Knight Riders,Mohammad Hafeez,SO Hetmyer,I Udana,0,1,1,,,,,,,,
1269710,2021,2021-09-01,"Warner Park, Basseterre, St Kitts",2,4.5,Guyana Amazon Warriors,Trinbago Knight Riders,Mohammad Hafeez,SO Hetmyer,I Udana,1,0,,,,,,,,,
1269710,2021,2021-09-01,"Warner Park, Basseterre, St Kitts",2,4.6,Guyana Amazon Warriors,Trinbago Knight Riders,SO Hetmyer,Mohammad Hafeez,I Udana,0,0,,,,,,,,,
1269710,2021,2021-09-01,"Warner Park, Basseterre, St Kitts",2,4.7,Guyana Amazon Warriors,Trinbago Knight Riders,SO Hetmyer,Mohammad Hafeez,I Udana,4,0,,,,,,,,,
1269710,2021,2021-09-01,"Warner Park, Basseterre, St Kitts",2,5.1,Guyana Amazon Warriors,Trinbago Knight Riders,Mohammad Hafeez,SO Hetmyer,SP Narine,0,0,,,,,,,,,
1269710,2021,2021-09-01,"Warner Park, Basseterre, St Kitts",2,5.2,Guyana Amazon Warriors,Trinbago Knight Riders,Mohammad Hafeez,SO Hetmyer,SP Narine,0,0,,,,,,,,,
1269710,2021,2021-09-01,"Warner Park, Basseterre, St Kitts",2,5.3,Guyana Amazon Warriors,Trinbago Knight Riders,Mohammad Hafeez,SO Hetmyer,SP Narine,0,0,,,,,,,,,
1269710,2021,2021-09-01,"Warner Park, Basseterre, St Kitts",2,5.4,Guyana Amazon Warriors,Trinbago Knight Riders,Mohammad Hafeez,SO Hetmyer,SP Narine,1,0,,,,,,,,,
1269710,2021,2021-09-01,"Warner Park, Basseterre, St Kitts",2,5.5,Guyana Amazon Warriors,Trinbago Knight Riders,SO Hetmyer,Mohammad Hafeez,SP Narine,1,0,,,,,,,,,
1269710,2021,2021-09-01,"Warner Park, Basseterre, St Kitts",2,5.6,Guyana Amazon Warriors,Trinbago Knight Riders,Mohammad Hafeez,SO Hetmyer,SP Narine,1,0,,,,,,,,,
1269710,2021,2021-09-01,"Warner Park, Basseterre, St Kitts",2,6.1,Guyana Amazon Warriors,Trinbago Knight Riders,Mohammad Hafeez,SO Hetmyer,AJ Hosein,1,0,,,,,,,,,
1269710,2021,2021-09-01,"Warner Park, Basseterre, St Kitts",2,6.2,Guyana Amazon Warriors,Trinbago Knight Riders,SO Hetmyer,Mohammad Hafeez,AJ Hosein,0,0,,,,,,,,,
1269710,2021,2021-09-01,"Warner Park, Basseterre, St Kitts",2,6.3,Guyana Amazon Warriors,Trinbago Knight Riders,SO Hetmyer,Mohammad Hafeez,AJ Hosein,1,0,,,,,,,,,
1269710,2021,2021-09-01,"Warner Park, Basseterre, St Kitts",2,6.4,Guyana Amazon Warriors,Trinbago Knight Riders,Mohammad Hafeez,SO Hetmyer,AJ Hosein,1,0,,,,,,,,,
1269710,2021,2021-09-01,"Warner Park, Basseterre, St Kitts",2,6.5,Guyana Amazon Warriors,Trinbago Knight Riders,SO Hetmyer,Mohammad Hafeez,AJ Hosein,1,0,,,,,,,,,
1269710,2021,2021-09-01,"Warner Park, Basseterre, St Kitts",2,6.6,Guyana Amazon Warriors,Trinbago Knight Riders,Mohammad Hafeez,SO Hetmyer,AJ Hosein,0,0,,,,,,,,,
1269710,2021,2021-09-01,"Warner Park, Basseterre, St Kitts",2,7.1,Guyana Amazon Warriors,Trinbago Knight Riders,SO Hetmyer,Mohammad Hafeez,SP Narine,1,0,,,,,,,,,
1269710,2021,2021-09-01,"Warner Park, Basseterre, St Kitts",2,7.2,Guyana Amazon Warriors,Trinbago Knight Riders,Mohammad Hafeez,SO Hetmyer,SP Narine,1,0,,,,,,,,,
1269710,2021,2021-09-01,"Warner Park, Basseterre, St Kitts",2,7.3,Guyana Amazon Warriors,Trinbago Knight Riders,SO Hetmyer,Mohammad Hafeez,SP Narine,0,0,,,,,,,,,
1269710,2021,2021-09-01,"Warner Park, Basseterre, St Kitts",2,7.4,Guyana Amazon Warriors,Trinbago Knight Riders,SO Hetmyer,Mohammad Hafeez,SP Narine,1,0,,,,,,,,,
1269710,2021,2021-09-01,"Warner Park, Basseterre, St Kitts",2,7.5,Guyana Amazon Warriors,Trinbago Knight Riders,Mohammad Hafeez,SO Hetmyer,SP Narine,0,0,,,,,,,,,
1269710,2021,2021-09-01,"Warner Park, Basseterre, St Kitts",2,7.6,Guyana Amazon Warriors,Trinbago Knight Riders,Mohammad Hafeez,SO Hetmyer,SP Narine,0,0,,,,,,,,,
1269710,2021,2021-09-01,"Warner Park, Basseterre, St Kitts",2,8.1,Guyana Amazon Warriors,Trinbago Knight Riders,SO Hetmyer,Mohammad Hafeez,K Pierre,0,0,,,,,,,,,
1269710,2021,2021-09-01,"Warner Park, Basseterre, St Kitts",2,8.2,Guyana Amazon Warriors,Trinbago Knight Riders,SO Hetmyer,Mohammad Hafeez,K Pierre,0,0,,,,,,,,,
1269710,2021,2021-09-01,"Warner Park, Basseterre, St Kitts",2,8.3,Guyana Amazon Warriors,Trinbago Knight Riders,SO Hetmyer,Mohammad Hafeez,K Pierre,1,0,,,,,,,,,
1269710,2021,2021-09-01,"Warner Park, Basseterre, St Kitts",2,8.4,Guyana Amazon Warriors,Trinbago Knight Riders,Mohammad Hafeez,SO Hetmyer,K Pierre,1,0,,,,,,,,,
1269710,2021,2021-09-01,"Warner Park, Basseterre, St Kitts",2,8.5,Guyana Amazon Warriors,Trinbago Knight Riders,SO Hetmyer,Mohammad Hafeez,K Pierre,1,0,,,,,,,,,
1269710,2021,2021-09-01,"Warner Park, Basseterre, St Kitts",2,8.6,Guyana Amazon Warriors,Trinbago Knight Riders,Mohammad Hafeez,SO Hetmyer,K Pierre,0,0,,,,,,caught,Mohammad Hafeez,,
1269710,2021,2021-09-01,"Warner Park, Basseterre, St Kitts",2,9.1,Guyana Amazon Warriors,Trinbago Knight Riders,Shoaib Malik,SO Hetmyer,SP Narine,2,0,,,,,,,,,
1269710,2021,2021-09-01,"Warner Park, Basseterre, St Kitts",2,9.2,Guyana Amazon Warriors,Trinbago Knight Riders,Shoaib Malik,SO Hetmyer,SP Narine,0,0,,,,,,,,,
1269710,2021,2021-09-01,"Warner Park, Basseterre, St Kitts",2,9.3,Guyana Amazon Warriors,Trinbago Knight Riders,Shoaib Malik,SO Hetmyer,SP Narine,0,0,,,,,,,,,
1269710,2021,2021-09-01,"Warner Park, Basseterre, St Kitts",2,9.4,Guyana Amazon Warriors,Trinbago Knight Riders,Shoaib Malik,SO Hetmyer,SP Narine,0,0,,,,,,,,,
1269710,2021,2021-09-01,"Warner Park, Basseterre, St Kitts",2,9.5,Guyana Amazon Warriors,Trinbago Knight Riders,Shoaib Malik,SO Hetmyer,SP Narine,0,1,,,,1,,,,,
1269710,2021,2021-09-01,"Warner Park, Basseterre, St Kitts",2,9.6,Guyana Amazon Warriors,Trinbago Knight Riders,SO Hetmyer,Shoaib Malik,SP Narine,0,0,,,,,,,,,
1269710,2021,2021-09-01,"Warner Park, Basseterre, St Kitts",2,10.1,Guyana Amazon Warriors,Trinbago Knight Riders,Shoaib Malik,SO Hetmyer,K Pierre,0,0,,,,,,,,,
1269710,2021,2021-09-01,"Warner Park, Basseterre, St Kitts",2,10.2,Guyana Amazon Warriors,Trinbago Knight Riders,Shoaib Malik,SO Hetmyer,K Pierre,1,0,,,,,,,,,
1269710,2021,2021-09-01,"Warner Park, Basseterre, St Kitts",2,10.3,Guyana Amazon Warriors,Trinbago Knight Riders,SO Hetmyer,Shoaib Malik,K Pierre,1,0,,,,,,,,,
1269710,2021,2021-09-01,"Warner Park, Basseterre, St Kitts",2,10.4,Guyana Amazon Warriors,Trinbago Knight Riders,Shoaib Malik,SO Hetmyer,K Pierre,0,0,,,,,,,,,
1269710,2021,2021-09-01,"Warner Park, Basseterre, St Kitts",2,10.5,Guyana Amazon Warriors,Trinbago Knight Riders,Shoaib Malik,SO Hetmyer,K Pierre,1,0,,,,,,,,,
1269710,2021,2021-09-01,"Warner Park, Basseterre, St Kitts",2,10.6,Guyana Amazon Warriors,Trinbago Knight Riders,SO Hetmyer,Shoaib Malik,K Pierre,1,0,,,,,,,,,
1269710,2021,2021-09-01,"Warner Park, Basseterre, St Kitts",2,11.1,Guyana Amazon Warriors,Trinbago Knight Riders,SO Hetmyer,Shoaib Malik,KA Pollard,1,0,,,,,,,,,
1269710,2021,2021-09-01,"Warner Park, Basseterre, St Kitts",2,11.2,Guyana Amazon Warriors,Trinbago Knight Riders,Shoaib Malik,SO Hetmyer,KA Pollard,0,0,,,,,,,,,
1269710,2021,2021-09-01,"Warner Park, Basseterre, St Kitts",2,11.3,Guyana Amazon Warriors,Trinbago Knight Riders,Shoaib Malik,SO Hetmyer,KA Pollard,1,0,,,,,,,,,
1269710,2021,2021-09-01,"Warner Park, Basseterre, St Kitts",2,11.4,Guyana Amazon Warriors,Trinbago Knight Riders,SO Hetmyer,Shoaib Malik,KA Pollard,1,0,,,,,,,,,
1269710,2021,2021-09-01,"Warner Park, Basseterre, St Kitts",2,11.5,Guyana Amazon Warriors,Trinbago Knight Riders,Shoaib Malik,SO Hetmyer,KA Pollard,2,0,,,,,,,,,
1269710,2021,2021-09-01,"Warner Park, Basseterre, St Kitts",2,11.6,Guyana Amazon Warriors,Trinbago Knight Riders,Shoaib Malik,SO Hetmyer,KA Pollard,1,0,,,,,,,,,
1269710,2021,2021-09-01,"Warner Park, Basseterre, St Kitts",2,12.1,Guyana Amazon Warriors,Trinbago Knight Riders,Shoaib Malik,SO Hetmyer,K Pierre,1,0,,,,,,,,,
1269710,2021,2021-09-01,"Warner Park, Basseterre, St Kitts",2,12.2,Guyana Amazon Warriors,Trinbago Knight Riders,SO Hetmyer,Shoaib Malik,K Pierre,1,0,,,,,,,,,
1269710,2021,2021-09-01,"Warner Park, Basseterre, St Kitts",2,12.3,Guyana Amazon Warriors,Trinbago Knight Riders,Shoaib Malik,SO Hetmyer,K Pierre,1,0,,,,,,,,,
1269710,2021,2021-09-01,"Warner Park, Basseterre, St Kitts",2,12.4,Guyana Amazon Warriors,Trinbago Knight Riders,SO Hetmyer,Shoaib Malik,K Pierre,4,0,,,,,,,,,
1269710,2021,2021-09-01,"Warner Park, Basseterre, St Kitts",2,12.5,Guyana Amazon Warriors,Trinbago Knight Riders,SO Hetmyer,Shoaib Malik,K Pierre,1,0,,,,,,,,,
1269710,2021,2021-09-01,"Warner Park, Basseterre, St Kitts",2,12.6,Guyana Amazon Warriors,Trinbago Knight Riders,Shoaib Malik,SO Hetmyer,K Pierre,0,1,1,,,,,,,,
1269710,2021,2021-09-01,"Warner Park, Basseterre, St Kitts",2,12.7,Guyana Amazon Warriors,Trinbago Knight Riders,Shoaib Malik,SO Hetmyer,K Pierre,4,0,,,,,,,,,
1269710,2021,2021-09-01,"Warner Park, Basseterre, St Kitts",2,13.1,Guyana Amazon Warriors,Trinbago Knight Riders,SO Hetmyer,Shoaib Malik,SP Narine,0,1,,,,1,,,,,
1269710,2021,2021-09-01,"Warner Park, Basseterre, St Kitts",2,13.2,Guyana Amazon Warriors,Trinbago Knight Riders,Shoaib Malik,SO Hetmyer,SP Narine,0,0,,,,,,caught,Shoaib Malik,,
1269710,2021,2021-09-01,"Warner Park, Basseterre, St Kitts",2,13.3,Guyana Amazon Warriors,Trinbago Knight Riders,N Pooran,SO Hetmyer,SP Narine,1,0,,,,,,,,,
1269710,2021,2021-09-01,"Warner Park, Basseterre, St Kitts",2,13.4,Guyana Amazon Warriors,Trinbago Knight Riders,SO Hetmyer,N Pooran,SP Narine,0,0,,,,,,,,,
1269710,2021,2021-09-01,"Warner Park, Basseterre, St Kitts",2,13.5,Guyana Amazon Warriors,Trinbago Knight Riders,SO Hetmyer,N Pooran,SP Narine,0,0,,,,,,caught,SO Hetmyer,,
1269710,2021,2021-09-01,"Warner Park, Basseterre, St Kitts",2,13.6,Guyana Amazon Warriors,Trinbago Knight Riders,BA King,N Pooran,SP Narine,0,0,,,,,,,,,
1269710,2021,2021-09-01,"Warner Park, Basseterre, St Kitts",2,14.1,Guyana Amazon Warriors,Trinbago Knight Riders,N Pooran,BA King,K Pierre,4,0,,,,,,,,,
1269710,2021,2021-09-01,"Warner Park, Basseterre, St Kitts",2,14.2,Guyana Amazon Warriors,Trinbago Knight Riders,N Pooran,BA King,K Pierre,0,0,,,,,,,,,
1269710,2021,2021-09-01,"Warner Park, Basseterre, St Kitts",2,14.3,Guyana Amazon Warriors,Trinbago Knight Riders,N Pooran,BA King,K Pierre,6,0,,,,,,,,,
1269710,2021,2021-09-01,"Warner Park, Basseterre, St Kitts",2,14.4,Guyana Amazon Warriors,Trinbago Knight Riders,N Pooran,BA King,K Pierre,6,0,,,,,,,,,
1269710,2021,2021-09-01,"Warner Park, Basseterre, St Kitts",2,14.5,Guyana Amazon Warriors,Trinbago Knight Riders,N Pooran,BA King,K Pierre,1,0,,,,,,,,,
1269710,2021,2021-09-01,"Warner Park, Basseterre, St Kitts",2,14.6,Guyana Amazon Warriors,Trinbago Knight Riders,BA King,N Pooran,K Pierre,1,0,,,,,,,,,
1269710,2021,2021-09-01,"Warner Park, Basseterre, St Kitts",2,15.1,Guyana Amazon Warriors,Trinbago Knight Riders,BA King,N Pooran,R Rampaul,1,0,,,,,,,,,
1269710,2021,2021-09-01,"Warner Park, Basseterre, St Kitts",2,15.2,Guyana Amazon Warriors,Trinbago Knight Riders,N Pooran,BA King,R Rampaul,0,0,,,,,,,,,
1269710,2021,2021-09-01,"Warner Park, Basseterre, St Kitts",2,15.3,Guyana Amazon Warriors,Trinbago Knight Riders,N Pooran,BA King,R Rampaul,0,0,,,,,,,,,
1269710,2021,2021-09-01,"Warner Park, Basseterre, St Kitts",2,15.4,Guyana Amazon Warriors,Trinbago Knight Riders,N Pooran,BA King,R Rampaul,0,0,,,,,,,,,
1269710,2021,2021-09-01,"Warner Park, Basseterre, St Kitts",2,15.5,Guyana Amazon Warriors,Trinbago Knight Riders,N Pooran,BA King,R Rampaul,4,0,,,,,,,,,
1269710,2021,2021-09-01,"Warner Park, Basseterre, St Kitts",2,15.6,Guyana Amazon Warriors,Trinbago Knight Riders,N Pooran,BA King,R Rampaul,1,0,,,,,,,,,
1269710,2021,2021-09-01,"Warner Park, Basseterre, St Kitts",2,16.1,Guyana Amazon Warriors,Trinbago Knight Riders,N Pooran,BA King,I Udana,1,0,,,,,,,,,
1269710,2021,2021-09-01,"Warner Park, Basseterre, St Kitts",2,16.2,Guyana Amazon Warriors,Trinbago Knight Riders,BA King,N Pooran,I Udana,1,0,,,,,,,,,
1269710,2021,2021-09-01,"Warner Park, Basseterre, St Kitts",2,16.3,Guyana Amazon Warriors,Trinbago Knight Riders,N Pooran,BA King,I Udana,1,0,,,,,,,,,
1269710,2021,2021-09-01,"Warner Park, Basseterre, St Kitts",2,16.4,Guyana Amazon Warriors,Trinbago Knight Riders,BA King,N Pooran,I Udana,0,1,1,,,,,,,,
1269710,2021,2021-09-01,"Warner Park, Basseterre, St Kitts",2,16.5,Guyana Amazon Warriors,Trinbago Knight Riders,BA King,N Pooran,I Udana,6,0,,,,,,,,,
1269710,2021,2021-09-01,"Warner Park, Basseterre, St Kitts",2,16.6,Guyana Amazon Warriors,Trinbago Knight Riders,BA King,N Pooran,I Udana,1,0,,,,,,,,,
1269710,2021,2021-09-01,"Warner Park, Basseterre, St Kitts",2,16.7,Guyana Amazon Warriors,Trinbago Knight Riders,N Pooran,BA King,I Udana,2,0,,,,,,,,,
1269710,2021,2021-09-01,"Warner Park, Basseterre, St Kitts",2,17.1,Guyana Amazon Warriors,Trinbago Knight Riders,BA King,N Pooran,R Rampaul,0,0,,,,,,caught,BA King,,
1269710,2021,2021-09-01,"Warner Park, Basseterre, St Kitts",2,17.2,Guyana Amazon Warriors,Trinbago Knight Riders,N Pooran,R Shepherd,R Rampaul,0,0,,,,,,caught,N Pooran,,
1269710,2021,2021-09-01,"Warner Park, Basseterre, St Kitts",2,17.3,Guyana Amazon Warriors,Trinbago Knight Riders,R Shepherd,Naveen-ul-Haq,R Rampaul,4,0,,,,,,,,,
1269710,2021,2021-09-01,"Warner Park, Basseterre, St Kitts",2,17.4,Guyana Amazon Warriors,Trinbago Knight Riders,R Shepherd,Naveen-ul-Haq,R Rampaul,1,0,,,,,,,,,
1269710,2021,2021-09-01,"Warner Park, Basseterre, St Kitts",2,17.5,Guyana Amazon Warriors,Trinbago Knight Riders,Naveen-ul-Haq,R Shepherd,R Rampaul,1,0,,,,,,,,,
1269710,2021,2021-09-01,"Warner Park, Basseterre, St Kitts",2,17.6,Guyana Amazon Warriors,Trinbago Knight Riders,R Shepherd,Naveen-ul-Haq,R Rampaul,6,0,,,,,,,,,
1269710,2021,2021-09-01,"Warner Park, Basseterre, St Kitts",2,18.1,Guyana Amazon Warriors,Trinbago Knight Riders,Naveen-ul-Haq,R Shepherd,I Udana,6,0,,,,,,,,,
1269710,2021,2021-09-01,"Warner Park, Basseterre, St Kitts",2,18.2,Guyana Amazon Warriors,Trinbago Knight Riders,Naveen-ul-Haq,R Shepherd,I Udana,1,0,,,,,,,,,
1269710,2021,2021-09-01,"Warner Park, Basseterre, St Kitts",2,18.3,Guyana Amazon Warriors,Trinbago Knight Riders,R Shepherd,Naveen-ul-Haq,I Udana,0,0,,,,,,,,,
1269710,2021,2021-09-01,"Warner Park, Basseterre, St Kitts",2,18.4,Guyana Amazon Warriors,Trinbago Knight Riders,R Shepherd,Naveen-ul-Haq,I Udana,0,0,,,,,,,,,
1269710,2021,2021-09-01,"Warner Park, Basseterre, St Kitts",2,18.5,Guyana Amazon Warriors,Trinbago Knight Riders,R Shepherd,Naveen-ul-Haq,I Udana,6,0,,,,,,,,,
1269710,2021,2021-09-01,"Warner Park, Basseterre, St Kitts",2,18.6,Guyana Amazon Warriors,Trinbago Knight Riders,R Shepherd,Naveen-ul-Haq,I Udana,1,0,,,,,,,,,
1269710,2021,2021-09-01,"Warner Park, Basseterre, St Kitts",2,19.1,Guyana Amazon Warriors,Trinbago Knight Riders,R Shepherd,Naveen-ul-Haq,AJ Hosein,0,0,,,,,,,,,
1269710,2021,2021-09-01,"Warner Park, Basseterre, St Kitts",2,19.2,Guyana Amazon Warriors,Trinbago Knight Riders,R Shepherd,Naveen-ul-Haq,AJ Hosein,0,0,,,,,,bowled,R Shepherd,,
1269710,2021,2021-09-01,"Warner Park, Basseterre, St Kitts",2,19.3,Guyana Amazon Warriors,Trinbago Knight Riders,Imran Tahir,Naveen-ul-Haq,AJ Hosein,1,0,,,,,,,,,
1269710,2021,2021-09-01,"Warner Park, Basseterre, St Kitts",2,19.4,Guyana Amazon Warriors,Trinbago Knight Riders,Naveen-ul-Haq,Imran Tahir,AJ Hosein,4,0,,,,,,,,,
1269710,2021,2021-09-01,"Warner Park, Basseterre, St Kitts",2,19.5,Guyana Amazon Warriors,Trinbago Knight Riders,Naveen-ul-Haq,Imran Tahir,AJ Hosein,1,0,,,,,,,,,
1269710,2021,2021-09-01,"Warner Park, Basseterre, St Kitts",2,19.6,Guyana Amazon Warriors,Trinbago Knight Riders,Imran Tahir,Naveen-ul-Haq,AJ Hosein,1,0,,,,,,run out,Imran Tahir,,
1269710,2021,2021-09-01,"Warner Park, Basseterre, St Kitts",3,0.1,Guyana Amazon Warriors,Trinbago Knight Riders,N Pooran,SO Hetmyer,SP Narine,1,0,,,,,,,,,
1269710,2021,2021-09-01,"Warner Park, Basseterre, St Kitts",3,0.2,Guyana Amazon Warriors,Trinbago Knight Riders,SO Hetmyer,N Pooran,SP Narine,0,1,,,,1,,,,,
1269710,2021,2021-09-01,"Warner Park, Basseterre, St Kitts",3,0.3,Guyana Amazon Warriors,Trinbago Knight Riders,N Pooran,SO Hetmyer,SP Narine,0,0,,,,,,caught,N Pooran,,
1269710,2021,2021-09-01,"Warner Park, Basseterre, St Kitts",3,0.4,Guyana Amazon Warriors,Trinbago Knight Riders,SO Hetmyer,R Shepherd,SP Narine,4,0,,,,,,,,,
1269710,2021,2021-09-01,"Warner Park, Basseterre, St Kitts",3,0.5,Guyana Amazon Warriors,Trinbago Knight Riders,SO Hetmyer,R Shepherd,SP Narine,0,0,,,,,,caught,SO Hetmyer,,
1269710,2021,2021-09-01,"Warner Park, Basseterre, St Kitts",4,0.1,Trinbago Knight Riders,Guyana Amazon Warriors,KA Pollard,C Munro,R Shepherd,0,0,,,,,,caught,KA Pollard,,
1269710,2021,2021-09-01,"Warner Park, Basseterre, St Kitts",4,0.2,Trinbago Knight Riders,Guyana Amazon Warriors,C Munro,TL Seifert,R Shepherd,0,0,,,,,,,,,
1269710,2021,2021-09-01,"Warner Park, Basseterre, St Kitts",4,0.3,Trinbago Knight Riders,Guyana Amazon Warriors,C Munro,TL Seifert,R Shepherd,1,0,,,,,,,,,
1269710,2021,2021-09-01,"Warner Park, Basseterre, St Kitts",4,0.4,Trinbago Knight Riders,Guyana Amazon Warriors,TL Seifert,C Munro,R Shepherd,2,0,,,,,,,,,
1269710,2021,2021-09-01,"Warner Park, Basseterre, St Kitts",4,0.5,Trinbago Knight Riders,Guyana Amazon Warriors,TL Seifert,C Munro,R Shepherd,0,0,,,,,,,,,
1269710,2021,2021-09-01,"Warner Park, Basseterre, St Kitts",4,0.6,Trinbago Knight Riders,Guyana Amazon Warriors,TL Seifert,C Munro,R Shepherd,1,0,,,,,,,,,
