match_id,season,start_date,venue,innings,ball,batting_team,bowling_team,striker,non_striker,bowler,runs_off_bat,extras,wides,noballs,byes,legbyes,penalty,wicket_type,player_dismissed,other_wicket_type,other_player_dismissed
635235,2013,2013-08-18,"Sabina Park, Kingston",1,0.1,Trinidad & Tobago Red Steel,Jamaica Tallawahs,KJ O'Brien,AB Barath,DE Bernard,4,0,,,,,,,,,
635235,2013,2013-08-18,"Sabina Park, Kingston",1,0.2,Trinidad & Tobago Red Steel,Jamaica Tallawahs,KJ O'Brien,AB Barath,DE Bernard,0,0,,,,,,,,,
635235,2013,2013-08-18,"Sabina Park, Kingston",1,0.3,Trinidad & Tobago Red Steel,Jamaica Tallawahs,KJ O'Brien,AB Barath,DE Bernard,1,0,,,,,,,,,
635235,2013,2013-08-18,"Sabina Park, Kingston",1,0.4,Trinidad & Tobago Red Steel,Jamaica Tallawahs,AB Barath,KJ O'Brien,DE Bernard,0,0,,,,,,,,,
635235,2013,2013-08-18,"Sabina Park, Kingston",1,0.5,Trinidad & Tobago Red Steel,Jamaica Tallawahs,AB Barath,KJ O'Brien,DE Bernard,0,0,,,,,,,,,
635235,2013,2013-08-18,"Sabina Park, Kingston",1,0.6,Trinidad & Tobago Red Steel,Jamaica Tallawahs,AB Barath,KJ O'Brien,DE Bernard,1,0,,,,,,,,,
635235,2013,2013-08-18,"Sabina Park, Kingston",1,1.1,Trinidad & Tobago Red Steel,Jamaica Tallawahs,AB Barath,KJ O'Brien,AP Richardson,0,1,1,,,,,,,,
635235,2013,2013-08-18,"Sabina Park, Kingston",1,1.2,Trinidad & Tobago Red Steel,Jamaica Tallawahs,AB Barath,KJ O'Brien,AP Richardson,0,0,,,,,,,,,
635235,2013,2013-08-18,"Sabina Park, Kingston",1,1.3,Trinidad & Tobago Red Steel,Jamaica Tallawahs,AB Barath,KJ O'Brien,AP Richardson,1,0,,,,,,,,,
635235,2013,2013-08-18,"Sabina Park, Kingston",1,1.4,Trinidad & Tobago Red Steel,Jamaica Tallawahs,KJ O'Brien,AB Barath,AP Richardson,0,0,,,,,,,,,
635235,2013,2013-08-18,"Sabina Park, Kingston",1,1.5,Trinidad & Tobago Red Steel,Jamaica Tallawahs,KJ O'Brien,AB Barath,AP Richardson,0,1,1,,,,,,,,
635235,2013,2013-08-18,"Sabina Park, Kingston",1,1.6,Trinidad & Tobago Red Steel,Jamaica Tallawahs,KJ O'Brien,AB Barath,AP Richardson,0,0,,,,,,,,,
635235,2013,2013-08-18,"Sabina Park, Kingston",1,1.7,Trinidad & Tobago Red Steel,Jamaica Tallawahs,KJ O'Brien,AB Barath,AP Richardson,6,0,,,,,,,,,
635235,2013,2013-08-18,"Sabina Park, Kingston",1,1.8,Trinidad & Tobago Red Steel,Jamaica Tallawahs,KJ O'Brien,AB Barath,AP Richardson,0,0,,,,,,,,,
635235,2013,2013-08-18,"Sabina Park, Kingston",1,2.1,Trinidad & Tobago Red Steel,Jamaica Tallawahs,AB Barath,KJ O'Brien,DE Bernard,0,0,,,,,,,,,
635235,2013,2013-08-18,"Sabina Park, Kingston",1,2.2,Trinidad & Tobago Red Steel,Jamaica Tallawahs,AB Barath,KJ O'Brien,DE Bernard,0,0,,,,,,,,,
635235,2013,2013-08-18,"Sabina Park, Kingston",1,2.3,Trinidad & Tobago Red Steel,Jamaica Tallawahs,AB Barath,KJ O'Brien,DE Bernard,4,0,,,,,,,,,
635235,2013,2013-08-18,"Sabina Park, Kingston",1,2.4,Trinidad & Tobago Red Steel,Jamaica Tallawahs,AB Barath,KJ O'Brien,DE Bernard,0,0,,,,,,run out,KJ O'Brien,,
635235,2013,2013-08-18,"Sabina Park, Kingston",1,2.5,Trinidad & Tobago Red Steel,Jamaica Tallawahs,AB Barath,LRPL Taylor,DE Bernard,0,0,,,,,,,,,
635235,2013,2013-08-18,"Sabina Park, Kingston",1,2.6,Trinidad & Tobago Red Steel,Jamaica Tallawahs,AB Barath,LRPL Taylor,DE Bernard,0,0,,,,,,,,,
635235,2013,2013-08-18,"Sabina Park, Kingston",1,3.1,Trinidad & Tobago Red Steel,Jamaica Tallawahs,LRPL Taylor,AB Barath,AP Richardson,0,0,,,,,,,,,
635235,2013,2013-08-18,"Sabina Park, Kingston",1,3.2,Trinidad & Tobago Red Steel,Jamaica Tallawahs,LRPL Taylor,AB Barath,AP Richardson,0,0,,,,,,,,,
635235,2013,2013-08-18,"Sabina Park, Kingston",1,3.3,Trinidad & Tobago Red Steel,Jamaica Tallawahs,LRPL Taylor,AB Barath,AP Richardson,0,0,,,,,,,,,
635235,2013,2013-08-18,"Sabina Park, Kingston",1,3.4,Trinidad & Tobago Red Steel,Jamaica Tallawahs,LRPL Taylor,AB Barath,AP Richardson,0,0,,,,,,,,,
635235,2013,2013-08-18,"Sabina Park, Kingston",1,3.5,Trinidad & Tobago Red Steel,Jamaica Tallawahs,LRPL Taylor,AB Barath,AP Richardson,5,0,,,,,,,,,
635235,2013,2013-08-18,"Sabina Park, Kingston",1,3.6,Trinidad & Tobago Red Steel,Jamaica Tallawahs,AB Barath,LRPL Taylor,AP Richardson,1,0,,,,,,,,,
635235,2013,2013-08-18,"Sabina Park, Kingston",1,4.1,Trinidad & Tobago Red Steel,Jamaica Tallawahs,AB Barath,LRPL Taylor,DE Bernard,0,0,,,,,,,,,
635235,2013,2013-08-18,"Sabina Park, Kingston",1,4.2,Trinidad & Tobago Red Steel,Jamaica Tallawahs,AB Barath,LRPL Taylor,DE Bernard,0,0,,,,,,caught,AB Barath,,
635235,2013,2013-08-18,"Sabina Park, Kingston",1,4.3,Trinidad & Tobago Red Steel,Jamaica Tallawahs,LRPL Taylor,DPMD Jayawardene,DE Bernard,0,1,1,,,,,,,,
635235,2013,2013-08-18,"Sabina Park, Kingston",1,4.4,Trinidad & Tobago Red Steel,Jamaica Tallawahs,LRPL Taylor,DPMD Jayawardene,DE Bernard,0,0,,,,,,,,,
635235,2013,2013-08-18,"Sabina Park, Kingston",1,4.5,Trinidad & Tobago Red Steel,Jamaica Tallawahs,LRPL Taylor,DPMD Jayawardene,DE Bernard,4,0,,,,,,,,,
635235,2013,2013-08-18,"Sabina Park, Kingston",1,4.6,Trinidad & Tobago Red Steel,Jamaica Tallawahs,LRPL Taylor,DPMD Jayawardene,DE Bernard,1,0,,,,,,,,,
635235,2013,2013-08-18,"Sabina Park, Kingston",1,4.7,Trinidad & Tobago Red Steel,Jamaica Tallawahs,DPMD Jayawardene,LRPL Taylor,DE Bernard,0,0,,,,,,,,,
635235,2013,2013-08-18,"Sabina Park, Kingston",1,5.1,Trinidad & Tobago Red Steel,Jamaica Tallawahs,LRPL Taylor,DPMD Jayawardene,NO Miller,1,0,,,,,,,,,
635235,2013,2013-08-18,"Sabina Park, Kingston",1,5.2,Trinidad & Tobago Red Steel,Jamaica Tallawahs,DPMD Jayawardene,LRPL Taylor,NO Miller,0,0,,,,,,,,,
635235,2013,2013-08-18,"Sabina Park, Kingston",1,5.3,Trinidad & Tobago Red Steel,Jamaica Tallawahs,DPMD Jayawardene,LRPL Taylor,NO Miller,0,1,1,,,,,,,,
635235,2013,2013-08-18,"Sabina Park, Kingston",1,5.4,Trinidad & Tobago Red Steel,Jamaica Tallawahs,DPMD Jayawardene,LRPL Taylor,NO Miller,0,0,,,,,,,,,
635235,2013,2013-08-18,"Sabina Park, Kingston",1,5.5,Trinidad & Tobago Red Steel,Jamaica Tallawahs,DPMD Jayawardene,LRPL Taylor,NO Miller,0,0,,,,,,,,,
635235,2013,2013-08-18,"Sabina Park, Kingston",1,5.6,Trinidad & Tobago Red Steel,Jamaica Tallawahs,DPMD Jayawardene,LRPL Taylor,NO Miller,1,0,,,,,,,,,
635235,2013,2013-08-18,"Sabina Park, Kingston",1,5.7,Trinidad & Tobago Red Steel,Jamaica Tallawahs,LRPL Taylor,DPMD Jayawardene,NO Miller,1,0,,,,,,,,,
635235,2013,2013-08-18,"Sabina Park, Kingston",1,6.1,Trinidad & Tobago Red Steel,Jamaica Tallawahs,LRPL Taylor,DPMD Jayawardene,DE Bernard,2,0,,,,,,,,,
635235,2013,2013-08-18,"Sabina Park, Kingston",1,6.2,Trinidad & Tobago Red Steel,Jamaica Tallawahs,LRPL Taylor,DPMD Jayawardene,DE Bernard,0,0,,,,,,run out,DPMD Jayawardene,,
635235,2013,2013-08-18,"Sabina Park, Kingston",1,6.3,Trinidad & Tobago Red Steel,Jamaica Tallawahs,LRPL Taylor,DM Bravo,DE Bernard,1,0,,,,,,,,,
635235,2013,2013-08-18,"Sabina Park, Kingston",1,6.4,Trinidad & Tobago Red Steel,Jamaica Tallawahs,DM Bravo,LRPL Taylor,DE Bernard,0,0,,,,,,,,,
635235,2013,2013-08-18,"Sabina Park, Kingston",1,6.5,Trinidad & Tobago Red Steel,Jamaica Tallawahs,DM Bravo,LRPL Taylor,DE Bernard,0,0,,,,,,,,,
635235,2013,2013-08-18,"Sabina Park, Kingston",1,6.6,Trinidad & Tobago Red Steel,Jamaica Tallawahs,DM Bravo,LRPL Taylor,DE Bernard,1,0,,,,,,,,,
635235,2013,2013-08-18,"Sabina Park, Kingston",1,7.1,Trinidad & Tobago Red Steel,Jamaica Tallawahs,DM Bravo,LRPL Taylor,CH Gayle,0,1,1,,,,,,,,
635235,2013,2013-08-18,"Sabina Park, Kingston",1,7.2,Trinidad & Tobago Red Steel,Jamaica Tallawahs,DM Bravo,LRPL Taylor,CH Gayle,0,1,1,,,,,,,,
635235,2013,2013-08-18,"Sabina Park, Kingston",1,7.3,Trinidad & Tobago Red Steel,Jamaica Tallawahs,DM Bravo,LRPL Taylor,CH Gayle,0,0,,,,,,,,,
635235,2013,2013-08-18,"Sabina Park, Kingston",1,7.4,Trinidad & Tobago Red Steel,Jamaica Tallawahs,DM Bravo,LRPL Taylor,CH Gayle,0,0,,,,,,,,,
635235,2013,2013-08-18,"Sabina Park, Kingston",1,7.5,Trinidad & Tobago Red Steel,Jamaica Tallawahs,DM Bravo,LRPL Taylor,CH Gayle,0,0,,,,,,,,,
635235,2013,2013-08-18,"Sabina Park, Kingston",1,7.6,Trinidad & Tobago Red Steel,Jamaica Tallawahs,DM Bravo,LRPL Taylor,CH Gayle,0,0,,,,,,,,,
635235,2013,2013-08-18,"Sabina Park, Kingston",1,7.7,Trinidad & Tobago Red Steel,Jamaica Tallawahs,DM Bravo,LRPL Taylor,CH Gayle,0,0,,,,,,,,,
635235,2013,2013-08-18,"Sabina Park, Kingston",1,7.8,Trinidad & Tobago Red Steel,Jamaica Tallawahs,DM Bravo,LRPL Taylor,CH Gayle,0,0,,,,,,,,,
635235,2013,2013-08-18,"Sabina Park, Kingston",1,8.1,Trinidad & Tobago Red Steel,Jamaica Tallawahs,LRPL Taylor,DM Bravo,AMA Dewar,1,0,,,,,,,,,
635235,2013,2013-08-18,"Sabina Park, Kingston",1,8.2,Trinidad & Tobago Red Steel,Jamaica Tallawahs,DM Bravo,LRPL Taylor,AMA Dewar,0,0,,,,,,,,,
635235,2013,2013-08-18,"Sabina Park, Kingston",1,8.3,Trinidad & Tobago Red Steel,Jamaica Tallawahs,DM Bravo,LRPL Taylor,AMA Dewar,0,1,1,,,,,,,,
635235,2013,2013-08-18,"Sabina Park, Kingston",1,8.4,Trinidad & Tobago Red Steel,Jamaica Tallawahs,DM Bravo,LRPL Taylor,AMA Dewar,1,0,,,,,,,,,
635235,2013,2013-08-18,"Sabina Park, Kingston",1,8.5,Trinidad & Tobago Red Steel,Jamaica Tallawahs,LRPL Taylor,DM Bravo,AMA Dewar,1,0,,,,,,,,,
635235,2013,2013-08-18,"Sabina Park, Kingston",1,8.6,Trinidad & Tobago Red Steel,Jamaica Tallawahs,DM Bravo,LRPL Taylor,AMA Dewar,6,0,,,,,,,,,
635235,2013,2013-08-18,"Sabina Park, Kingston",1,8.7,Trinidad & Tobago Red Steel,Jamaica Tallawahs,DM Bravo,LRPL Taylor,AMA Dewar,1,0,,,,,,,,,
635235,2013,2013-08-18,"Sabina Park, Kingston",1,9.1,Trinidad & Tobago Red Steel,Jamaica Tallawahs,DM Bravo,LRPL Taylor,CH Gayle,4,0,,,,,,,,,
635235,2013,2013-08-18,"Sabina Park, Kingston",1,9.2,Trinidad & Tobago Red Steel,Jamaica Tallawahs,DM Bravo,LRPL Taylor,CH Gayle,1,0,,,,,,,,,
635235,2013,2013-08-18,"Sabina Park, Kingston",1,9.3,Trinidad & Tobago Red Steel,Jamaica Tallawahs,LRPL Taylor,DM Bravo,CH Gayle,0,0,,,,,,,,,
635235,2013,2013-08-18,"Sabina Park, Kingston",1,9.4,Trinidad & Tobago Red Steel,Jamaica Tallawahs,LRPL Taylor,DM Bravo,CH Gayle,1,0,,,,,,,,,
635235,2013,2013-08-18,"Sabina Park, Kingston",1,9.5,Trinidad & Tobago Red Steel,Jamaica Tallawahs,DM Bravo,LRPL Taylor,CH Gayle,0,0,,,,,,,,,
635235,2013,2013-08-18,"Sabina Park, Kingston",1,9.6,Trinidad & Tobago Red Steel,Jamaica Tallawahs,DM Bravo,LRPL Taylor,CH Gayle,1,0,,,,,,,,,
635235,2013,2013-08-18,"Sabina Park, Kingston",1,10.1,Trinidad & Tobago Red Steel,Jamaica Tallawahs,DM Bravo,LRPL Taylor,NO Miller,0,0,,,,,,,,,
635235,2013,2013-08-18,"Sabina Park, Kingston",1,10.2,Trinidad & Tobago Red Steel,Jamaica Tallawahs,DM Bravo,LRPL Taylor,NO Miller,2,0,,,,,,,,,
635235,2013,2013-08-18,"Sabina Park, Kingston",1,10.3,Trinidad & Tobago Red Steel,Jamaica Tallawahs,DM Bravo,LRPL Taylor,NO Miller,0,0,,,,,,,,,
635235,2013,2013-08-18,"Sabina Park, Kingston",1,10.4,Trinidad & Tobago Red Steel,Jamaica Tallawahs,DM Bravo,LRPL Taylor,NO Miller,0,0,,,,,,,,,
635235,2013,2013-08-18,"Sabina Park, Kingston",1,10.5,Trinidad & Tobago Red Steel,Jamaica Tallawahs,DM Bravo,LRPL Taylor,NO Miller,1,0,,,,,,,,,
635235,2013,2013-08-18,"Sabina Park, Kingston",1,10.6,Trinidad & Tobago Red Steel,Jamaica Tallawahs,LRPL Taylor,DM Bravo,NO Miller,1,0,,,,,,,,,
635235,2013,2013-08-18,"Sabina Park, Kingston",1,11.1,Trinidad & Tobago Red Steel,Jamaica Tallawahs,LRPL Taylor,DM Bravo,CH Gayle,0,0,,,,,,,,,
635235,2013,2013-08-18,"Sabina Park, Kingston",1,11.2,Trinidad & Tobago Red Steel,Jamaica Tallawahs,LRPL Taylor,DM Bravo,CH Gayle,1,0,,,,,,,,,
635235,2013,2013-08-18,"Sabina Park, Kingston",1,11.3,Trinidad & Tobago Red Steel,Jamaica Tallawahs,DM Bravo,LRPL Taylor,CH Gayle,1,0,,,,,,,,,
635235,2013,2013-08-18,"Sabina Park, Kingston",1,11.4,Trinidad & Tobago Red Steel,Jamaica Tallawahs,LRPL Taylor,DM Bravo,CH Gayle,0,0,,,,,,caught,LRPL Taylor,,
635235,2013,2013-08-18,"Sabina Park, Kingston",1,11.5,Trinidad & Tobago Red Steel,Jamaica Tallawahs,DM Bravo,DJ Bravo,CH Gayle,1,0,,,,,,,,,
635235,2013,2013-08-18,"Sabina Park, Kingston",1,11.6,Trinidad & Tobago Red Steel,Jamaica Tallawahs,DJ Bravo,DM Bravo,CH Gayle,2,0,,,,,,,,,
635235,2013,2013-08-18,"Sabina Park, Kingston",1,12.1,Trinidad & Tobago Red Steel,Jamaica Tallawahs,DM Bravo,DJ Bravo,AD Russell,0,0,,,,,,,,,
635235,2013,2013-08-18,"Sabina Park, Kingston",1,12.2,Trinidad & Tobago Red Steel,Jamaica Tallawahs,DM Bravo,DJ Bravo,AD Russell,1,0,,,,,,,,,
635235,2013,2013-08-18,"Sabina Park, Kingston",1,12.3,Trinidad & Tobago Red Steel,Jamaica Tallawahs,DJ Bravo,DM Bravo,AD Russell,1,0,,,,,,,,,
635235,2013,2013-08-18,"Sabina Park, Kingston",1,12.4,Trinidad & Tobago Red Steel,Jamaica Tallawahs,DM Bravo,DJ Bravo,AD Russell,0,0,,,,,,,,,
635235,2013,2013-08-18,"Sabina Park, Kingston",1,12.5,Trinidad & Tobago Red Steel,Jamaica Tallawahs,DM Bravo,DJ Bravo,AD Russell,6,0,,,,,,,,,
635235,2013,2013-08-18,"Sabina Park, Kingston",1,12.6,Trinidad & Tobago Red Steel,Jamaica Tallawahs,DM Bravo,DJ Bravo,AD Russell,0,0,,,,,,run out,DM Bravo,,
635235,2013,2013-08-18,"Sabina Park, Kingston",1,13.1,Trinidad & Tobago Red Steel,Jamaica Tallawahs,DJ Bravo,N Pooran,NO Miller,0,0,,,,,,,,,
635235,2013,2013-08-18,"Sabina Park, Kingston",1,13.2,Trinidad & Tobago Red Steel,Jamaica Tallawahs,DJ Bravo,N Pooran,NO Miller,0,0,,,,,,,,,
635235,2013,2013-08-18,"Sabina Park, Kingston",1,13.3,Trinidad & Tobago Red Steel,Jamaica Tallawahs,DJ Bravo,N Pooran,NO Miller,4,0,,,,,,,,,
635235,2013,2013-08-18,"Sabina Park, Kingston",1,13.4,Trinidad & Tobago Red Steel,Jamaica Tallawahs,DJ Bravo,N Pooran,NO Miller,0,0,,,,,,,,,
635235,2013,2013-08-18,"Sabina Park, Kingston",1,13.5,Trinidad & Tobago Red Steel,Jamaica Tallawahs,DJ Bravo,N Pooran,NO Miller,4,0,,,,,,,,,
635235,2013,2013-08-18,"Sabina Park, Kingston",1,13.6,Trinidad & Tobago Red Steel,Jamaica Tallawahs,DJ Bravo,N Pooran,NO Miller,1,0,,,,,,,,,
635235,2013,2013-08-18,"Sabina Park, Kingston",1,14.1,Trinidad & Tobago Red Steel,Jamaica Tallawahs,DJ Bravo,N Pooran,AD Russell,0,0,,,,,,,,,
635235,2013,2013-08-18,"Sabina Park, Kingston",1,14.2,Trinidad & Tobago Red Steel,Jamaica Tallawahs,DJ Bravo,N Pooran,AD Russell,6,0,,,,,,,,,
635235,2013,2013-08-18,"Sabina Park, Kingston",1,14.3,Trinidad & Tobago Red Steel,Jamaica Tallawahs,DJ Bravo,N Pooran,AD Russell,0,5,5,,,,,,,,
635235,2013,2013-08-18,"Sabina Park, Kingston",1,14.4,Trinidad & Tobago Red Steel,Jamaica Tallawahs,DJ Bravo,N Pooran,AD Russell,1,0,,,,,,,,,
635235,2013,2013-08-18,"Sabina Park, Kingston",1,14.5,Trinidad & Tobago Red Steel,Jamaica Tallawahs,N Pooran,DJ Bravo,AD Russell,0,0,,,,,,,,,
635235,2013,2013-08-18,"Sabina Park, Kingston",1,14.6,Trinidad & Tobago Red Steel,Jamaica Tallawahs,N Pooran,DJ Bravo,AD Russell,1,0,,,,,,,,,
635235,2013,2013-08-18,"Sabina Park, Kingston",1,14.7,Trinidad & Tobago Red Steel,Jamaica Tallawahs,DJ Bravo,N Pooran,AD Russell,1,0,,,,,,,,,
635235,2013,2013-08-18,"Sabina Park, Kingston",1,15.1,Trinidad & Tobago Red Steel,Jamaica Tallawahs,DJ Bravo,N Pooran,CH Gayle,1,0,,,,,,,,,
635235,2013,2013-08-18,"Sabina Park, Kingston",1,15.2,Trinidad & Tobago Red Steel,Jamaica Tallawahs,N Pooran,DJ Bravo,CH Gayle,1,0,,,,,,,,,
635235,2013,2013-08-18,"Sabina Park, Kingston",1,15.3,Trinidad & Tobago Red Steel,Jamaica Tallawahs,DJ Bravo,N Pooran,CH Gayle,4,0,,,,,,,,,
635235,2013,2013-08-18,"Sabina Park, Kingston",1,15.4,Trinidad & Tobago Red Steel,Jamaica Tallawahs,DJ Bravo,N Pooran,CH Gayle,4,0,,,,,,,,,
635235,2013,2013-08-18,"Sabina Park, Kingston",1,15.5,Trinidad & Tobago Red Steel,Jamaica Tallawahs,DJ Bravo,N Pooran,CH Gayle,0,0,,,,,,caught,DJ Bravo,,
635235,2013,2013-08-18,"Sabina Park, Kingston",1,15.6,Trinidad & Tobago Red Steel,Jamaica Tallawahs,KK Cooper,N Pooran,CH Gayle,0,0,,,,,,,,,
635235,2013,2013-08-18,"Sabina Park, Kingston",1,16.1,Trinidad & Tobago Red Steel,Jamaica Tallawahs,N Pooran,KK Cooper,NO Miller,0,0,,,,,,,,,
635235,2013,2013-08-18,"Sabina Park, Kingston",1,16.2,Trinidad & Tobago Red Steel,Jamaica Tallawahs,N Pooran,KK Cooper,NO Miller,1,0,,,,,,,,,
635235,2013,2013-08-18,"Sabina Park, Kingston",1,16.3,Trinidad & Tobago Red Steel,Jamaica Tallawahs,KK Cooper,N Pooran,NO Miller,0,0,,,,,,,,,
635235,2013,2013-08-18,"Sabina Park, Kingston",1,16.4,Trinidad & Tobago Red Steel,Jamaica Tallawahs,KK Cooper,N Pooran,NO Miller,1,0,,,,,,,,,
635235,2013,2013-08-18,"Sabina Park, Kingston",1,16.5,Trinidad & Tobago Red Steel,Jamaica Tallawahs,N Pooran,KK Cooper,NO Miller,6,0,,,,,,,,,
635235,2013,2013-08-18,"Sabina Park, Kingston",1,16.6,Trinidad & Tobago Red Steel,Jamaica Tallawahs,N Pooran,KK Cooper,NO Miller,0,0,,,,,,,,,
635235,2013,2013-08-18,"Sabina Park, Kingston",1,17.1,Trinidad & Tobago Red Steel,Jamaica Tallawahs,KK Cooper,N Pooran,AD Russell,0,0,,,,,,,,,
635235,2013,2013-08-18,"Sabina Park, Kingston",1,17.2,Trinidad & Tobago Red Steel,Jamaica Tallawahs,KK Cooper,N Pooran,AD Russell,1,0,,,,,,,,,
635235,2013,2013-08-18,"Sabina Park, Kingston",1,17.3,Trinidad & Tobago Red Steel,Jamaica Tallawahs,N Pooran,KK Cooper,AD Russell,1,0,,,,,,,,,
635235,2013,2013-08-18,"Sabina Park, Kingston",1,17.4,Trinidad & Tobago Red Steel,Jamaica Tallawahs,KK Cooper,N Pooran,AD Russell,1,0,,,,,,,,,
635235,2013,2013-08-18,"Sabina Park, Kingston",1,17.5,Trinidad & Tobago Red Steel,Jamaica Tallawahs,N Pooran,KK Cooper,AD Russell,0,0,,,,,,,,,
635235,2013,2013-08-18,"Sabina Park, Kingston",1,17.6,Trinidad & Tobago Red Steel,Jamaica Tallawahs,N Pooran,KK Cooper,AD Russell,0,0,,,,,,caught,N Pooran,,
635235,2013,2013-08-18,"Sabina Park, Kingston",1,18.1,Trinidad & Tobago Red Steel,Jamaica Tallawahs,KK Cooper,Y Cariah,AP Richardson,2,0,,,,,,,,,
635235,2013,2013-08-18,"Sabina Park, Kingston",1,18.2,Trinidad & Tobago Red Steel,Jamaica Tallawahs,KK Cooper,Y Cariah,AP Richardson,1,0,,,,,,,,,
635235,2013,2013-08-18,"Sabina Park, Kingston",1,18.3,Trinidad & Tobago Red Steel,Jamaica Tallawahs,Y Cariah,KK Cooper,AP Richardson,0,0,,,,,,bowled,Y Cariah,,
635235,2013,2013-08-18,"Sabina Park, Kingston",1,18.4,Trinidad & Tobago Red Steel,Jamaica Tallawahs,S Badree,KK Cooper,AP Richardson,0,0,,,,,,,,,
635235,2013,2013-08-18,"Sabina Park, Kingston",1,18.5,Trinidad & Tobago Red Steel,Jamaica Tallawahs,S Badree,KK Cooper,AP Richardson,1,0,,,,,,,,,
635235,2013,2013-08-18,"Sabina Park, Kingston",1,18.6,Trinidad & Tobago Red Steel,Jamaica Tallawahs,KK Cooper,S Badree,AP Richardson,1,0,,,,,,,,,
635235,2013,2013-08-18,"Sabina Park, Kingston",1,19.1,Trinidad & Tobago Red Steel,Jamaica Tallawahs,KK Cooper,S Badree,AD Russell,0,0,,,,,,,,,
635235,2013,2013-08-18,"Sabina Park, Kingston",1,19.2,Trinidad & Tobago Red Steel,Jamaica Tallawahs,KK Cooper,S Badree,AD Russell,0,0,,,,,,,,,
635235,2013,2013-08-18,"Sabina Park, Kingston",1,19.3,Trinidad & Tobago Red Steel,Jamaica Tallawahs,KK Cooper,S Badree,AD Russell,6,0,,,,,,,,,
635235,2013,2013-08-18,"Sabina Park, Kingston",1,19.4,Trinidad & Tobago Red Steel,Jamaica Tallawahs,KK Cooper,S Badree,AD Russell,0,0,,,,,,,,,
635235,2013,2013-08-18,"Sabina Park, Kingston",1,19.5,Trinidad & Tobago Red Steel,Jamaica Tallawahs,KK Cooper,S Badree,AD Russell,1,0,,,,,,,,,
635235,2013,2013-08-18,"Sabina Park, Kingston",1,19.6,Trinidad & Tobago Red Steel,Jamaica Tallawahs,S Badree,KK Cooper,AD Russell,1,0,,,,,,,,,
635235,2013,2013-08-18,"Sabina Park, Kingston",2,0.1,Jamaica Tallawahs,Trinidad & Tobago Red Steel,CH Gayle,CAK Walton,S Badree,4,0,,,,,,,,,
635235,2013,2013-08-18,"Sabina Park, Kingston",2,0.2,Jamaica Tallawahs,Trinidad & Tobago Red Steel,CH Gayle,CAK Walton,S Badree,0,0,,,,,,,,,
635235,2013,2013-08-18,"Sabina Park, Kingston",2,0.3,Jamaica Tallawahs,Trinidad & Tobago Red Steel,CH Gayle,CAK Walton,S Badree,0,0,,,,,,,,,
635235,2013,2013-08-18,"Sabina Park, Kingston",2,0.4,Jamaica Tallawahs,Trinidad & Tobago Red Steel,CH Gayle,CAK Walton,S Badree,4,0,,,,,,,,,
635235,2013,2013-08-18,"Sabina Park, Kingston",2,0.5,Jamaica Tallawahs,Trinidad & Tobago Red Steel,CH Gayle,CAK Walton,S Badree,0,0,,,,,,,,,
635235,2013,2013-08-18,"Sabina Park, Kingston",2,0.6,Jamaica Tallawahs,Trinidad & Tobago Red Steel,CH Gayle,CAK Walton,S Badree,0,0,,,,,,,,,
635235,2013,2013-08-18,"Sabina Park, Kingston",2,1.1,Jamaica Tallawahs,Trinidad & Tobago Red Steel,CAK Walton,CH Gayle,ML Cummins,0,0,,,,,,,,,
635235,2013,2013-08-18,"Sabina Park, Kingston",2,1.2,Jamaica Tallawahs,Trinidad & Tobago Red Steel,CAK Walton,CH Gayle,ML Cummins,0,0,,,,,,,,,
635235,2013,2013-08-18,"Sabina Park, Kingston",2,1.3,Jamaica Tallawahs,Trinidad & Tobago Red Steel,CAK Walton,CH Gayle,ML Cummins,0,0,,,,,,,,,
635235,2013,2013-08-18,"Sabina Park, Kingston",2,1.4,Jamaica Tallawahs,Trinidad & Tobago Red Steel,CAK Walton,CH Gayle,ML Cummins,1,0,,,,,,,,,
635235,2013,2013-08-18,"Sabina Park, Kingston",2,1.5,Jamaica Tallawahs,Trinidad & Tobago Red Steel,CH Gayle,CAK Walton,ML Cummins,0,0,,,,,,,,,
635235,2013,2013-08-18,"Sabina Park, Kingston",2,1.6,Jamaica Tallawahs,Trinidad & Tobago Red Steel,CH Gayle,CAK Walton,ML Cummins,6,0,,,,,,,,,
635235,2013,2013-08-18,"Sabina Park, Kingston",2,2.1,Jamaica Tallawahs,Trinidad & Tobago Red Steel,CAK Walton,CH Gayle,DJ Bravo,1,0,,,,,,,,,
635235,2013,2013-08-18,"Sabina Park, Kingston",2,2.2,Jamaica Tallawahs,Trinidad & Tobago Red Steel,CH Gayle,CAK Walton,DJ Bravo,0,0,,,,,,,,,
635235,2013,2013-08-18,"Sabina Park, Kingston",2,2.3,Jamaica Tallawahs,Trinidad & Tobago Red Steel,CH Gayle,CAK Walton,DJ Bravo,1,0,,,,,,,,,
635235,2013,2013-08-18,"Sabina Park, Kingston",2,2.4,Jamaica Tallawahs,Trinidad & Tobago Red Steel,CAK Walton,CH Gayle,DJ Bravo,0,0,,,,,,,,,
635235,2013,2013-08-18,"Sabina Park, Kingston",2,2.5,Jamaica Tallawahs,Trinidad & Tobago Red Steel,CAK Walton,CH Gayle,DJ Bravo,0,0,,,,,,,,,
635235,2013,2013-08-18,"Sabina Park, Kingston",2,2.6,Jamaica Tallawahs,Trinidad & Tobago Red Steel,CAK Walton,CH Gayle,DJ Bravo,0,0,,,,,,,,,
635235,2013,2013-08-18,"Sabina Park, Kingston",2,3.1,Jamaica Tallawahs,Trinidad & Tobago Red Steel,CH Gayle,CAK Walton,ML Cummins,0,0,,,,,,,,,
635235,2013,2013-08-18,"Sabina Park, Kingston",2,3.2,Jamaica Tallawahs,Trinidad & Tobago Red Steel,CH Gayle,CAK Walton,ML Cummins,4,0,,,,,,,,,
635235,2013,2013-08-18,"Sabina Park, Kingston",2,3.3,Jamaica Tallawahs,Trinidad & Tobago Red Steel,CH Gayle,CAK Walton,ML Cummins,0,0,,,,,,,,,
635235,2013,2013-08-18,"Sabina Park, Kingston",2,3.4,Jamaica Tallawahs,Trinidad & Tobago Red Steel,CH Gayle,CAK Walton,ML Cummins,6,0,,,,,,,,,
635235,2013,2013-08-18,"Sabina Park, Kingston",2,3.5,Jamaica Tallawahs,Trinidad & Tobago Red Steel,CH Gayle,CAK Walton,ML Cummins,0,0,,,,,,,,,
635235,2013,2013-08-18,"Sabina Park, Kingston",2,3.6,Jamaica Tallawahs,Trinidad & Tobago Red Steel,CH Gayle,CAK Walton,ML Cummins,4,0,,,,,,,,,
635235,2013,2013-08-18,"Sabina Park, Kingston",2,4.1,Jamaica Tallawahs,Trinidad & Tobago Red Steel,CAK Walton,CH Gayle,DJ Bravo,4,0,,,,,,,,,
635235,2013,2013-08-18,"Sabina Park, Kingston",2,4.2,Jamaica Tallawahs,Trinidad & Tobago Red Steel,CAK Walton,CH Gayle,DJ Bravo,1,0,,,,,,,,,
635235,2013,2013-08-18,"Sabina Park, Kingston",2,4.3,Jamaica Tallawahs,Trinidad & Tobago Red Steel,CH Gayle,CAK Walton,DJ Bravo,0,1,1,,,,,,,,
635235,2013,2013-08-18,"Sabina Park, Kingston",2,4.4,Jamaica Tallawahs,Trinidad & Tobago Red Steel,CH Gayle,CAK Walton,DJ Bravo,0,0,,,,,,,,,
635235,2013,2013-08-18,"Sabina Park, Kingston",2,4.5,Jamaica Tallawahs,Trinidad & Tobago Red Steel,CH Gayle,CAK Walton,DJ Bravo,0,1,,1,,,,,,,
635235,2013,2013-08-18,"Sabina Park, Kingston",2,4.6,Jamaica Tallawahs,Trinidad & Tobago Red Steel,CH Gayle,CAK Walton,DJ Bravo,6,0,,,,,,,,,
635235,2013,2013-08-18,"Sabina Park, Kingston",2,4.7,Jamaica Tallawahs,Trinidad & Tobago Red Steel,CH Gayle,CAK Walton,DJ Bravo,6,0,,,,,,,,,
635235,2013,2013-08-18,"Sabina Park, Kingston",2,4.8,Jamaica Tallawahs,Trinidad & Tobago Red Steel,CH Gayle,CAK Walton,DJ Bravo,6,0,,,,,,,,,
635235,2013,2013-08-18,"Sabina Park, Kingston",2,5.1,Jamaica Tallawahs,Trinidad & Tobago Red Steel,CAK Walton,CH Gayle,KK Cooper,0,0,,,,,,,,,
635235,2013,2013-08-18,"Sabina Park, Kingston",2,5.2,Jamaica Tallawahs,Trinidad & Tobago Red Steel,CAK Walton,CH Gayle,KK Cooper,0,0,,,,,,,,,
635235,2013,2013-08-18,"Sabina Park, Kingston",2,5.3,Jamaica Tallawahs,Trinidad & Tobago Red Steel,CAK Walton,CH Gayle,KK Cooper,0,0,,,,,,,,,
635235,2013,2013-08-18,"Sabina Park, Kingston",2,5.4,Jamaica Tallawahs,Trinidad & Tobago Red Steel,CAK Walton,CH Gayle,KK Cooper,1,0,,,,,,,,,
635235,2013,2013-08-18,"Sabina Park, Kingston",2,5.5,Jamaica Tallawahs,Trinidad & Tobago Red Steel,CH Gayle,CAK Walton,KK Cooper,1,0,,,,,,,,,
635235,2013,2013-08-18,"Sabina Park, Kingston",2,5.6,Jamaica Tallawahs,Trinidad & Tobago Red Steel,CAK Walton,CH Gayle,KK Cooper,0,0,,,,,,,,,
635235,2013,2013-08-18,"Sabina Park, Kingston",2,6.1,Jamaica Tallawahs,Trinidad & Tobago Red Steel,CH Gayle,CAK Walton,DJ Bravo,2,0,,,,,,,,,
635235,2013,2013-08-18,"Sabina Park, Kingston",2,6.2,Jamaica Tallawahs,Trinidad & Tobago Red Steel,CH Gayle,CAK Walton,DJ Bravo,1,0,,,,,,,,,
635235,2013,2013-08-18,"Sabina Park, Kingston",2,6.3,Jamaica Tallawahs,Trinidad & Tobago Red Steel,CAK Walton,CH Gayle,DJ Bravo,4,0,,,,,,,,,
635235,2013,2013-08-18,"Sabina Park, Kingston",2,6.4,Jamaica Tallawahs,Trinidad & Tobago Red Steel,CAK Walton,CH Gayle,DJ Bravo,1,0,,,,,,,,,
635235,2013,2013-08-18,"Sabina Park, Kingston",2,6.5,Jamaica Tallawahs,Trinidad & Tobago Red Steel,CH Gayle,CAK Walton,DJ Bravo,0,0,,,,,,caught,CH Gayle,,
635235,2013,2013-08-18,"Sabina Park, Kingston",2,6.6,Jamaica Tallawahs,Trinidad & Tobago Red Steel,CAK Walton,NE Bonner,DJ Bravo,0,0,,,,,,,,,
635235,2013,2013-08-18,"Sabina Park, Kingston",2,7.1,Jamaica Tallawahs,Trinidad & Tobago Red Steel,NE Bonner,CAK Walton,S Badree,1,0,,,,,,,,,
635235,2013,2013-08-18,"Sabina Park, Kingston",2,7.2,Jamaica Tallawahs,Trinidad & Tobago Red Steel,CAK Walton,NE Bonner,S Badree,0,0,,,,,,,,,
635235,2013,2013-08-18,"Sabina Park, Kingston",2,7.3,Jamaica Tallawahs,Trinidad & Tobago Red Steel,CAK Walton,NE Bonner,S Badree,1,0,,,,,,,,,
635235,2013,2013-08-18,"Sabina Park, Kingston",2,7.4,Jamaica Tallawahs,Trinidad & Tobago Red Steel,NE Bonner,CAK Walton,S Badree,1,0,,,,,,,,,
635235,2013,2013-08-18,"Sabina Park, Kingston",2,7.5,Jamaica Tallawahs,Trinidad & Tobago Red Steel,CAK Walton,NE Bonner,S Badree,1,0,,,,,,,,,
635235,2013,2013-08-18,"Sabina Park, Kingston",2,7.6,Jamaica Tallawahs,Trinidad & Tobago Red Steel,NE Bonner,CAK Walton,S Badree,0,0,,,,,,,,,
635235,2013,2013-08-18,"Sabina Park, Kingston",2,8.1,Jamaica Tallawahs,Trinidad & Tobago Red Steel,CAK Walton,NE Bonner,Y Cariah,6,0,,,,,,,,,
635235,2013,2013-08-18,"Sabina Park, Kingston",2,8.2,Jamaica Tallawahs,Trinidad & Tobago Red Steel,CAK Walton,NE Bonner,Y Cariah,1,0,,,,,,,,,
635235,2013,2013-08-18,"Sabina Park, Kingston",2,8.3,Jamaica Tallawahs,Trinidad & Tobago Red Steel,NE Bonner,CAK Walton,Y Cariah,0,0,,,,,,,,,
635235,2013,2013-08-18,"Sabina Park, Kingston",2,8.4,Jamaica Tallawahs,Trinidad & Tobago Red Steel,NE Bonner,CAK Walton,Y Cariah,0,0,,,,,,,,,
635235,2013,2013-08-18,"Sabina Park, Kingston",2,8.5,Jamaica Tallawahs,Trinidad & Tobago Red Steel,NE Bonner,CAK Walton,Y Cariah,0,0,,,,,,,,,
635235,2013,2013-08-18,"Sabina Park, Kingston",2,8.6,Jamaica Tallawahs,Trinidad & Tobago Red Steel,NE Bonner,CAK Walton,Y Cariah,1,0,,,,,,,,,
635235,2013,2013-08-18,"Sabina Park, Kingston",2,9.1,Jamaica Tallawahs,Trinidad & Tobago Red Steel,NE Bonner,CAK Walton,S Badree,1,0,,,,,,,,,
635235,2013,2013-08-18,"Sabina Park, Kingston",2,9.2,Jamaica Tallawahs,Trinidad & Tobago Red Steel,CAK Walton,NE Bonner,S Badree,0,0,,,,,,,,,
635235,2013,2013-08-18,"Sabina Park, Kingston",2,9.3,Jamaica Tallawahs,Trinidad & Tobago Red Steel,CAK Walton,NE Bonner,S Badree,0,0,,,,,,,,,
635235,2013,2013-08-18,"Sabina Park, Kingston",2,9.4,Jamaica Tallawahs,Trinidad & Tobago Red Steel,CAK Walton,NE Bonner,S Badree,0,0,,,,,,,,,
635235,2013,2013-08-18,"Sabina Park, Kingston",2,9.5,Jamaica Tallawahs,Trinidad & Tobago Red Steel,CAK Walton,NE Bonner,S Badree,1,0,,,,,,,,,
635235,2013,2013-08-18,"Sabina Park, Kingston",2,9.6,Jamaica Tallawahs,Trinidad & Tobago Red Steel,NE Bonner,CAK Walton,S Badree,0,0,,,,,,,,,
635235,2013,2013-08-18,"Sabina Park, Kingston",2,10.1,Jamaica Tallawahs,Trinidad & Tobago Red Steel,CAK Walton,NE Bonner,KK Cooper,0,0,,,,,,,,,
635235,2013,2013-08-18,"Sabina Park, Kingston",2,10.2,Jamaica Tallawahs,Trinidad & Tobago Red Steel,CAK Walton,NE Bonner,KK Cooper,0,0,,,,,,,,,
635235,2013,2013-08-18,"Sabina Park, Kingston",2,10.3,Jamaica Tallawahs,Trinidad & Tobago Red Steel,CAK Walton,NE Bonner,KK Cooper,1,0,,,,,,,,,
635235,2013,2013-08-18,"Sabina Park, Kingston",2,10.4,Jamaica Tallawahs,Trinidad & Tobago Red Steel,NE Bonner,CAK Walton,KK Cooper,0,0,,,,,,,,,
635235,2013,2013-08-18,"Sabina Park, Kingston",2,10.5,Jamaica Tallawahs,Trinidad & Tobago Red Steel,NE Bonner,CAK Walton,KK Cooper,0,0,,,,,,caught,NE Bonner,,
635235,2013,2013-08-18,"Sabina Park, Kingston",2,10.6,Jamaica Tallawahs,Trinidad & Tobago Red Steel,AD Russell,CAK Walton,KK Cooper,0,0,,,,,,,,,
635235,2013,2013-08-18,"Sabina Park, Kingston",2,11.1,Jamaica Tallawahs,Trinidad & Tobago Red Steel,CAK Walton,AD Russell,ML Cummins,1,0,,,,,,,,,
635235,2013,2013-08-18,"Sabina Park, Kingston",2,11.2,Jamaica Tallawahs,Trinidad & Tobago Red Steel,AD Russell,CAK Walton,ML Cummins,0,0,,,,,,,,,
635235,2013,2013-08-18,"Sabina Park, Kingston",2,11.3,Jamaica Tallawahs,Trinidad & Tobago Red Steel,AD Russell,CAK Walton,ML Cummins,0,0,,,,,,,,,
635235,2013,2013-08-18,"Sabina Park, Kingston",2,11.4,Jamaica Tallawahs,Trinidad & Tobago Red Steel,AD Russell,CAK Walton,ML Cummins,0,0,,,,,,,,,
635235,2013,2013-08-18,"Sabina Park, Kingston",2,11.5,Jamaica Tallawahs,Trinidad & Tobago Red Steel,AD Russell,CAK Walton,ML Cummins,6,0,,,,,,,,,
635235,2013,2013-08-18,"Sabina Park, Kingston",2,11.6,Jamaica Tallawahs,Trinidad & Tobago Red Steel,AD Russell,CAK Walton,ML Cummins,0,0,,,,,,run out,AD Russell,,
635235,2013,2013-08-18,"Sabina Park, Kingston",2,12.1,Jamaica Tallawahs,Trinidad & Tobago Red Steel,CAK Walton,DP Hyatt,KJ O'Brien,1,0,,,,,,,,,
635235,2013,2013-08-18,"Sabina Park, Kingston",2,12.2,Jamaica Tallawahs,Trinidad & Tobago Red Steel,DP Hyatt,CAK Walton,KJ O'Brien,1,0,,,,,,,,,
635235,2013,2013-08-18,"Sabina Park, Kingston",2,12.3,Jamaica Tallawahs,Trinidad & Tobago Red Steel,CAK Walton,DP Hyatt,KJ O'Brien,1,0,,,,,,,,,
635235,2013,2013-08-18,"Sabina Park, Kingston",2,12.4,Jamaica Tallawahs,Trinidad & Tobago Red Steel,DP Hyatt,CAK Walton,KJ O'Brien,1,0,,,,,,,,,
635235,2013,2013-08-18,"Sabina Park, Kingston",2,12.5,Jamaica Tallawahs,Trinidad & Tobago Red Steel,CAK Walton,DP Hyatt,KJ O'Brien,1,0,,,,,,,,,
635235,2013,2013-08-18,"Sabina Park, Kingston",2,12.6,Jamaica Tallawahs,Trinidad & Tobago Red Steel,DP Hyatt,CAK Walton,KJ O'Brien,0,0,,,,,,,,,
635235,2013,2013-08-18,"Sabina Park, Kingston",2,13.1,Jamaica Tallawahs,Trinidad & Tobago Red Steel,CAK Walton,DP Hyatt,Y Cariah,0,0,,,,,,caught and bowled,CAK Walton,,
635235,2013,2013-08-18,"Sabina Park, Kingston",2,13.2,Jamaica Tallawahs,Trinidad & Tobago Red Steel,J Blackwood,DP Hyatt,Y Cariah,1,0,,,,,,,,,
635235,2013,2013-08-18,"Sabina Park, Kingston",2,13.3,Jamaica Tallawahs,Trinidad & Tobago Red Steel,DP Hyatt,J Blackwood,Y Cariah,0,0,,,,,,,,,
635235,2013,2013-08-18,"Sabina Park, Kingston",2,13.4,Jamaica Tallawahs,Trinidad & Tobago Red Steel,DP Hyatt,J Blackwood,Y Cariah,0,0,,,,,,,,,
635235,2013,2013-08-18,"Sabina Park, Kingston",2,13.5,Jamaica Tallawahs,Trinidad & Tobago Red Steel,DP Hyatt,J Blackwood,Y Cariah,1,0,,,,,,,,,
635235,2013,2013-08-18,"Sabina Park, Kingston",2,13.6,Jamaica Tallawahs,Trinidad & Tobago Red Steel,J Blackwood,DP Hyatt,Y Cariah,0,0,,,,,,,,,
635235,2013,2013-08-18,"Sabina Park, Kingston",2,14.1,Jamaica Tallawahs,Trinidad & Tobago Red Steel,DP Hyatt,J Blackwood,KJ O'Brien,0,0,,,,,,,,,
635235,2013,2013-08-18,"Sabina Park, Kingston",2,14.2,Jamaica Tallawahs,Trinidad & Tobago Red Steel,DP Hyatt,J Blackwood,KJ O'Brien,1,0,,,,,,,,,
635235,2013,2013-08-18,"Sabina Park, Kingston",2,14.3,Jamaica Tallawahs,Trinidad & Tobago Red Steel,J Blackwood,DP Hyatt,KJ O'Brien,0,0,,,,,,,,,
635235,2013,2013-08-18,"Sabina Park, Kingston",2,14.4,Jamaica Tallawahs,Trinidad & Tobago Red Steel,J Blackwood,DP Hyatt,KJ O'Brien,0,0,,,,,,bowled,J Blackwood,,
635235,2013,2013-08-18,"Sabina Park, Kingston",2,14.5,Jamaica Tallawahs,Trinidad & Tobago Red Steel,CS Baugh,DP Hyatt,KJ O'Brien,0,2,2,,,,,,,,
635235,2013,2013-08-18,"Sabina Park, Kingston",2,14.6,Jamaica Tallawahs,Trinidad & Tobago Red Steel,DP Hyatt,CS Baugh,KJ O'Brien,1,0,,,,,,,,,
635235,2013,2013-08-18,"Sabina Park, Kingston",2,14.7,Jamaica Tallawahs,Trinidad & Tobago Red Steel,CS Baugh,DP Hyatt,KJ O'Brien,1,0,,,,,,,,,
635235,2013,2013-08-18,"Sabina Park, Kingston",2,15.1,Jamaica Tallawahs,Trinidad & Tobago Red Steel,CS Baugh,DP Hyatt,S Badree,1,0,,,,,,,,,
635235,2013,2013-08-18,"Sabina Park, Kingston",2,15.2,Jamaica Tallawahs,Trinidad & Tobago Red Steel,DP Hyatt,CS Baugh,S Badree,0,0,,,,,,,,,
635235,2013,2013-08-18,"Sabina Park, Kingston",2,15.3,Jamaica Tallawahs,Trinidad & Tobago Red Steel,DP Hyatt,CS Baugh,S Badree,0,0,,,,,,,,,
635235,2013,2013-08-18,"Sabina Park, Kingston",2,15.4,Jamaica Tallawahs,Trinidad & Tobago Red Steel,DP Hyatt,CS Baugh,S Badree,0,0,,,,,,,,,
635235,2013,2013-08-18,"Sabina Park, Kingston",2,15.5,Jamaica Tallawahs,Trinidad & Tobago Red Steel,DP Hyatt,CS Baugh,S Badree,0,0,,,,,,,,,
635235,2013,2013-08-18,"Sabina Park, Kingston",2,15.6,Jamaica Tallawahs,Trinidad & Tobago Red Steel,DP Hyatt,CS Baugh,S Badree,1,0,,,,,,,,,
635235,2013,2013-08-18,"Sabina Park, Kingston",2,16.1,Jamaica Tallawahs,Trinidad & Tobago Red Steel,DP Hyatt,CS Baugh,KK Cooper,1,0,,,,,,,,,
635235,2013,2013-08-18,"Sabina Park, Kingston",2,16.2,Jamaica Tallawahs,Trinidad & Tobago Red Steel,CS Baugh,DP Hyatt,KK Cooper,1,0,,,,,,,,,
635235,2013,2013-08-18,"Sabina Park, Kingston",2,16.3,Jamaica Tallawahs,Trinidad & Tobago Red Steel,DP Hyatt,CS Baugh,KK Cooper,1,0,,,,,,,,,
635235,2013,2013-08-18,"Sabina Park, Kingston",2,16.4,Jamaica Tallawahs,Trinidad & Tobago Red Steel,CS Baugh,DP Hyatt,KK Cooper,4,0,,,,,,,,,
635235,2013,2013-08-18,"Sabina Park, Kingston",2,16.5,Jamaica Tallawahs,Trinidad & Tobago Red Steel,CS Baugh,DP Hyatt,KK Cooper,1,0,,,,,,,,,
635235,2013,2013-08-18,"Sabina Park, Kingston",2,16.6,Jamaica Tallawahs,Trinidad & Tobago Red Steel,DP Hyatt,CS Baugh,KK Cooper,0,0,,,,,,,,,
635235,2013,2013-08-18,"Sabina Park, Kingston",2,17.1,Jamaica Tallawahs,Trinidad & Tobago Red Steel,CS Baugh,DP Hyatt,Y Cariah,0,0,,,,,,,,,
635235,2013,2013-08-18,"Sabina Park, Kingston",2,17.2,Jamaica Tallawahs,Trinidad & Tobago Red Steel,CS Baugh,DP Hyatt,Y Cariah,1,0,,,,,,,,,
635235,2013,2013-08-18,"Sabina Park, Kingston",2,17.3,Jamaica Tallawahs,Trinidad & Tobago Red Steel,DP Hyatt,CS Baugh,Y Cariah,4,0,,,,,,,,,
635235,2013,2013-08-18,"Sabina Park, Kingston",2,17.4,Jamaica Tallawahs,Trinidad & Tobago Red Steel,DP Hyatt,CS Baugh,Y Cariah,6,0,,,,,,,,,
635235,2013,2013-08-18,"Sabina Park, Kingston",2,17.5,Jamaica Tallawahs,Trinidad & Tobago Red Steel,DP Hyatt,CS Baugh,Y Cariah,1,0,,,,,,,,,
635235,2013,2013-08-18,"Sabina Park, Kingston",2,17.6,Jamaica Tallawahs,Trinidad & Tobago Red Steel,CS Baugh,DP Hyatt,Y Cariah,1,0,,,,,,,,,
635235,2013,2013-08-18,"Sabina Park, Kingston",2,18.1,Jamaica Tallawahs,Trinidad & Tobago Red Steel,CS Baugh,DP Hyatt,KK Cooper,1,0,,,,,,,,,
635235,2013,2013-08-18,"Sabina Park, Kingston",2,18.2,Jamaica Tallawahs,Trinidad & Tobago Red Steel,DP Hyatt,CS Baugh,KK Cooper,0,0,,,,,,,,,
635235,2013,2013-08-18,"Sabina Park, Kingston",2,18.3,Jamaica Tallawahs,Trinidad & Tobago Red Steel,DP Hyatt,CS Baugh,KK Cooper,0,0,,,,,,,,,
635235,2013,2013-08-18,"Sabina Park, Kingston",2,18.4,Jamaica Tallawahs,Trinidad & Tobago Red Steel,DP Hyatt,CS Baugh,KK Cooper,1,0,,,,,,,,,
635235,2013,2013-08-18,"Sabina Park, Kingston",2,18.5,Jamaica Tallawahs,Trinidad & Tobago Red Steel,CS Baugh,DP Hyatt,KK Cooper,0,0,,,,,,bowled,CS Baugh,,
635235,2013,2013-08-18,"Sabina Park, Kingston",2,18.6,Jamaica Tallawahs,Trinidad & Tobago Red Steel,DE Bernard,DP Hyatt,KK Cooper,1,0,,,,,,,,,
635235,2013,2013-08-18,"Sabina Park, Kingston",2,19.1,Jamaica Tallawahs,Trinidad & Tobago Red Steel,DE Bernard,DP Hyatt,DJ Bravo,0,0,,,,,,caught,DE Bernard,,
635235,2013,2013-08-18,"Sabina Park, Kingston",2,19.2,Jamaica Tallawahs,Trinidad & Tobago Red Steel,DP Hyatt,AMA Dewar,DJ Bravo,4,0,,,,,,,,,
635235,2013,2013-08-18,"Sabina Park, Kingston",2,19.3,Jamaica Tallawahs,Trinidad & Tobago Red Steel,DP Hyatt,AMA Dewar,DJ Bravo,1,0,,,,,,,,,
635235,2013,2013-08-18,"Sabina Park, Kingston",2,19.4,Jamaica Tallawahs,Trinidad & Tobago Red Steel,AMA Dewar,DP Hyatt,DJ Bravo,2,0,,,,,,,,,
635235,2013,2013-08-18,"Sabina Park, Kingston",2,19.5,Jamaica Tallawahs,Trinidad & Tobago Red Steel,AMA Dewar,DP Hyatt,DJ Bravo,0,0,,,,,,,,,
635235,2013,2013-08-18,"Sabina Park, Kingston",2,19.6,Jamaica Tallawahs,Trinidad & Tobago Red Steel,AMA Dewar,DP Hyatt,DJ Bravo,1,0,,,,,,,,,
