match_id,season,start_date,venue,innings,ball,batting_team,bowling_team,striker,non_striker,bowler,runs_off_bat,extras,wides,noballs,byes,legbyes,penalty,wicket_type,player_dismissed,other_wicket_type,other_player_dismissed
743169,2014,2014-07-31,"Daren Sammy National Cricket Stadium, Gros Islet",1,0.1,St Lucia Zouks,Barbados Tridents,J Charles,H Davids,KR Mayers,0,1,1,,,,,,,,
743169,2014,2014-07-31,"Daren Sammy National Cricket Stadium, Gros Islet",1,0.2,St Lucia Zouks,Barbados Tridents,J Charles,H Davids,KR Mayers,1,0,,,,,,,,,
743169,2014,2014-07-31,"Daren Sammy National Cricket Stadium, Gros Islet",1,0.3,St Lucia Zouks,Barbados Tridents,H Davids,J Charles,KR Mayers,0,0,,,,,,bowled,H Davids,,
743169,2014,2014-07-31,"Daren Sammy National Cricket Stadium, Gros Islet",1,0.4,St Lucia Zouks,Barbados Tridents,ADS Fletcher,J Charles,KR Mayers,0,0,,,,,,,,,
743169,2014,2014-07-31,"Daren Sammy National Cricket Stadium, Gros Islet",1,0.5,St Lucia Zouks,Barbados Tridents,ADS Fletcher,J Charles,KR Mayers,2,0,,,,,,,,,
743169,2014,2014-07-31,"Daren Sammy National Cricket Stadium, Gros Islet",1,0.6,St Lucia Zouks,Barbados Tridents,ADS Fletcher,J Charles,KR Mayers,0,0,,,,,,lbw,ADS Fletcher,,
743169,2014,2014-07-31,"Daren Sammy National Cricket Stadium, Gros Islet",1,0.7,St Lucia Zouks,Barbados Tridents,K Lesporis,J Charles,KR Mayers,4,0,,,,,,,,,
743169,2014,2014-07-31,"Daren Sammy National Cricket Stadium, Gros Islet",1,1.1,St Lucia Zouks,Barbados Tridents,J Charles,K Lesporis,R Rampaul,0,0,,,,,,,,,
743169,2014,2014-07-31,"Daren Sammy National Cricket Stadium, Gros Islet",1,1.2,St Lucia Zouks,Barbados Tridents,J Charles,K Lesporis,R Rampaul,0,1,1,,,,,,,,
743169,2014,2014-07-31,"Daren Sammy National Cricket Stadium, Gros Islet",1,1.3,St Lucia Zouks,Barbados Tridents,J Charles,K Lesporis,R Rampaul,4,0,,,,,,,,,
743169,2014,2014-07-31,"Daren Sammy National Cricket Stadium, Gros Islet",1,1.4,St Lucia Zouks,Barbados Tridents,J Charles,K Lesporis,R Rampaul,0,0,,,,,,,,,
743169,2014,2014-07-31,"Daren Sammy National Cricket Stadium, Gros Islet",1,1.5,St Lucia Zouks,Barbados Tridents,J Charles,K Lesporis,R Rampaul,1,0,,,,,,,,,
743169,2014,2014-07-31,"Daren Sammy National Cricket Stadium, Gros Islet",1,1.6,St Lucia Zouks,Barbados Tridents,K Lesporis,J Charles,R Rampaul,0,0,,,,,,,,,
743169,2014,2014-07-31,"Daren Sammy National Cricket Stadium, Gros Islet",1,1.7,St Lucia Zouks,Barbados Tridents,K Lesporis,J Charles,R Rampaul,0,0,,,,,,caught,K Lesporis,,
743169,2014,2014-07-31,"Daren Sammy National Cricket Stadium, Gros Islet",1,2.1,St Lucia Zouks,Barbados Tridents,J Charles,LAS Sebastien,KR Mayers,0,0,,,,,,,,,
743169,2014,2014-07-31,"Daren Sammy National Cricket Stadium, Gros Islet",1,2.2,St Lucia Zouks,Barbados Tridents,J Charles,LAS Sebastien,KR Mayers,1,0,,,,,,,,,
743169,2014,2014-07-31,"Daren Sammy National Cricket Stadium, Gros Islet",1,2.3,St Lucia Zouks,Barbados Tridents,LAS Sebastien,J Charles,KR Mayers,0,0,,,,,,,,,
743169,2014,2014-07-31,"Daren Sammy National Cricket Stadium, Gros Islet",1,2.4,St Lucia Zouks,Barbados Tridents,LAS Sebastien,J Charles,KR Mayers,2,0,,,,,,,,,
743169,2014,2014-07-31,"Daren Sammy National Cricket Stadium, Gros Islet",1,2.5,St Lucia Zouks,Barbados Tridents,LAS Sebastien,J Charles,KR Mayers,0,0,,,,,,,,,
743169,2014,2014-07-31,"Daren Sammy National Cricket Stadium, Gros Islet",1,2.6,St Lucia Zouks,Barbados Tridents,LAS Sebastien,J Charles,KR Mayers,0,0,,,,,,,,,
743169,2014,2014-07-31,"Daren Sammy National Cricket Stadium, Gros Islet",1,3.1,St Lucia Zouks,Barbados Tridents,J Charles,LAS Sebastien,R Rampaul,0,1,,,,1,,,,,
743169,2014,2014-07-31,"Daren Sammy National Cricket Stadium, Gros Islet",1,3.2,St Lucia Zouks,Barbados Tridents,LAS Sebastien,J Charles,R Rampaul,0,0,,,,,,,,,
743169,2014,2014-07-31,"Daren Sammy National Cricket Stadium, Gros Islet",1,3.3,St Lucia Zouks,Barbados Tridents,LAS Sebastien,J Charles,R Rampaul,0,0,,,,,,,,,
743169,2014,2014-07-31,"Daren Sammy National Cricket Stadium, Gros Islet",1,3.4,St Lucia Zouks,Barbados Tridents,LAS Sebastien,J Charles,R Rampaul,0,0,,,,,,,,,
743169,2014,2014-07-31,"Daren Sammy National Cricket Stadium, Gros Islet",1,3.5,St Lucia Zouks,Barbados Tridents,LAS Sebastien,J Charles,R Rampaul,4,0,,,,,,,,,
743169,2014,2014-07-31,"Daren Sammy National Cricket Stadium, Gros Islet",1,3.6,St Lucia Zouks,Barbados Tridents,LAS Sebastien,J Charles,R Rampaul,4,0,,,,,,,,,
743169,2014,2014-07-31,"Daren Sammy National Cricket Stadium, Gros Islet",1,4.1,St Lucia Zouks,Barbados Tridents,J Charles,LAS Sebastien,KR Mayers,0,0,,,,,,,,,
743169,2014,2014-07-31,"Daren Sammy National Cricket Stadium, Gros Islet",1,4.2,St Lucia Zouks,Barbados Tridents,J Charles,LAS Sebastien,KR Mayers,0,0,,,,,,,,,
743169,2014,2014-07-31,"Daren Sammy National Cricket Stadium, Gros Islet",1,4.3,St Lucia Zouks,Barbados Tridents,J Charles,LAS Sebastien,KR Mayers,0,0,,,,,,,,,
743169,2014,2014-07-31,"Daren Sammy National Cricket Stadium, Gros Islet",1,4.4,St Lucia Zouks,Barbados Tridents,J Charles,LAS Sebastien,KR Mayers,4,0,,,,,,,,,
743169,2014,2014-07-31,"Daren Sammy National Cricket Stadium, Gros Islet",1,4.5,St Lucia Zouks,Barbados Tridents,J Charles,LAS Sebastien,KR Mayers,1,0,,,,,,,,,
743169,2014,2014-07-31,"Daren Sammy National Cricket Stadium, Gros Islet",1,4.6,St Lucia Zouks,Barbados Tridents,LAS Sebastien,J Charles,KR Mayers,0,0,,,,,,,,,
743169,2014,2014-07-31,"Daren Sammy National Cricket Stadium, Gros Islet",1,5.1,St Lucia Zouks,Barbados Tridents,J Charles,LAS Sebastien,JO Holder,0,0,,,,,,,,,
743169,2014,2014-07-31,"Daren Sammy National Cricket Stadium, Gros Islet",1,5.2,St Lucia Zouks,Barbados Tridents,J Charles,LAS Sebastien,JO Holder,1,0,,,,,,,,,
743169,2014,2014-07-31,"Daren Sammy National Cricket Stadium, Gros Islet",1,5.3,St Lucia Zouks,Barbados Tridents,LAS Sebastien,J Charles,JO Holder,0,0,,,,,,,,,
743169,2014,2014-07-31,"Daren Sammy National Cricket Stadium, Gros Islet",1,5.4,St Lucia Zouks,Barbados Tridents,LAS Sebastien,J Charles,JO Holder,0,0,,,,,,,,,
743169,2014,2014-07-31,"Daren Sammy National Cricket Stadium, Gros Islet",1,5.5,St Lucia Zouks,Barbados Tridents,LAS Sebastien,J Charles,JO Holder,2,0,,,,,,,,,
743169,2014,2014-07-31,"Daren Sammy National Cricket Stadium, Gros Islet",1,5.6,St Lucia Zouks,Barbados Tridents,LAS Sebastien,J Charles,JO Holder,1,0,,,,,,,,,
743169,2014,2014-07-31,"Daren Sammy National Cricket Stadium, Gros Islet",1,6.1,St Lucia Zouks,Barbados Tridents,LAS Sebastien,J Charles,RR Emrit,1,0,,,,,,,,,
743169,2014,2014-07-31,"Daren Sammy National Cricket Stadium, Gros Islet",1,6.2,St Lucia Zouks,Barbados Tridents,J Charles,LAS Sebastien,RR Emrit,0,0,,,,,,,,,
743169,2014,2014-07-31,"Daren Sammy National Cricket Stadium, Gros Islet",1,6.3,St Lucia Zouks,Barbados Tridents,J Charles,LAS Sebastien,RR Emrit,0,0,,,,,,,,,
743169,2014,2014-07-31,"Daren Sammy National Cricket Stadium, Gros Islet",1,6.4,St Lucia Zouks,Barbados Tridents,J Charles,LAS Sebastien,RR Emrit,0,0,,,,,,,,,
743169,2014,2014-07-31,"Daren Sammy National Cricket Stadium, Gros Islet",1,6.5,St Lucia Zouks,Barbados Tridents,J Charles,LAS Sebastien,RR Emrit,1,0,,,,,,,,,
743169,2014,2014-07-31,"Daren Sammy National Cricket Stadium, Gros Islet",1,6.6,St Lucia Zouks,Barbados Tridents,LAS Sebastien,J Charles,RR Emrit,0,0,,,,,,,,,
743169,2014,2014-07-31,"Daren Sammy National Cricket Stadium, Gros Islet",1,7.1,St Lucia Zouks,Barbados Tridents,J Charles,LAS Sebastien,JO Holder,1,0,,,,,,,,,
743169,2014,2014-07-31,"Daren Sammy National Cricket Stadium, Gros Islet",1,7.2,St Lucia Zouks,Barbados Tridents,LAS Sebastien,J Charles,JO Holder,0,0,,,,,,,,,
743169,2014,2014-07-31,"Daren Sammy National Cricket Stadium, Gros Islet",1,7.3,St Lucia Zouks,Barbados Tridents,LAS Sebastien,J Charles,JO Holder,2,0,,,,,,,,,
743169,2014,2014-07-31,"Daren Sammy National Cricket Stadium, Gros Islet",1,7.4,St Lucia Zouks,Barbados Tridents,LAS Sebastien,J Charles,JO Holder,1,0,,,,,,,,,
743169,2014,2014-07-31,"Daren Sammy National Cricket Stadium, Gros Islet",1,7.5,St Lucia Zouks,Barbados Tridents,J Charles,LAS Sebastien,JO Holder,0,0,,,,,,,,,
743169,2014,2014-07-31,"Daren Sammy National Cricket Stadium, Gros Islet",1,7.6,St Lucia Zouks,Barbados Tridents,J Charles,LAS Sebastien,JO Holder,1,0,,,,,,,,,
743169,2014,2014-07-31,"Daren Sammy National Cricket Stadium, Gros Islet",1,8.1,St Lucia Zouks,Barbados Tridents,J Charles,LAS Sebastien,RR Emrit,6,0,,,,,,,,,
743169,2014,2014-07-31,"Daren Sammy National Cricket Stadium, Gros Islet",1,8.2,St Lucia Zouks,Barbados Tridents,J Charles,LAS Sebastien,RR Emrit,4,0,,,,,,,,,
743169,2014,2014-07-31,"Daren Sammy National Cricket Stadium, Gros Islet",1,8.3,St Lucia Zouks,Barbados Tridents,J Charles,LAS Sebastien,RR Emrit,0,0,,,,,,,,,
743169,2014,2014-07-31,"Daren Sammy National Cricket Stadium, Gros Islet",1,8.4,St Lucia Zouks,Barbados Tridents,J Charles,LAS Sebastien,RR Emrit,1,0,,,,,,,,,
743169,2014,2014-07-31,"Daren Sammy National Cricket Stadium, Gros Islet",1,8.5,St Lucia Zouks,Barbados Tridents,LAS Sebastien,J Charles,RR Emrit,0,0,,,,,,,,,
743169,2014,2014-07-31,"Daren Sammy National Cricket Stadium, Gros Islet",1,8.6,St Lucia Zouks,Barbados Tridents,LAS Sebastien,J Charles,RR Emrit,1,0,,,,,,,,,
743169,2014,2014-07-31,"Daren Sammy National Cricket Stadium, Gros Islet",1,9.1,St Lucia Zouks,Barbados Tridents,LAS Sebastien,J Charles,Shoaib Malik,1,0,,,,,,,,,
743169,2014,2014-07-31,"Daren Sammy National Cricket Stadium, Gros Islet",1,9.2,St Lucia Zouks,Barbados Tridents,J Charles,LAS Sebastien,Shoaib Malik,1,0,,,,,,,,,
743169,2014,2014-07-31,"Daren Sammy National Cricket Stadium, Gros Islet",1,9.3,St Lucia Zouks,Barbados Tridents,LAS Sebastien,J Charles,Shoaib Malik,0,0,,,,,,,,,
743169,2014,2014-07-31,"Daren Sammy National Cricket Stadium, Gros Islet",1,9.4,St Lucia Zouks,Barbados Tridents,LAS Sebastien,J Charles,Shoaib Malik,0,0,,,,,,,,,
743169,2014,2014-07-31,"Daren Sammy National Cricket Stadium, Gros Islet",1,9.5,St Lucia Zouks,Barbados Tridents,LAS Sebastien,J Charles,Shoaib Malik,2,0,,,,,,,,,
743169,2014,2014-07-31,"Daren Sammy National Cricket Stadium, Gros Islet",1,9.6,St Lucia Zouks,Barbados Tridents,LAS Sebastien,J Charles,Shoaib Malik,1,0,,,,,,,,,
743169,2014,2014-07-31,"Daren Sammy National Cricket Stadium, Gros Islet",1,10.1,St Lucia Zouks,Barbados Tridents,LAS Sebastien,J Charles,JO Holder,4,0,,,,,,,,,
743169,2014,2014-07-31,"Daren Sammy National Cricket Stadium, Gros Islet",1,10.2,St Lucia Zouks,Barbados Tridents,LAS Sebastien,J Charles,JO Holder,1,0,,,,,,,,,
743169,2014,2014-07-31,"Daren Sammy National Cricket Stadium, Gros Islet",1,10.3,St Lucia Zouks,Barbados Tridents,J Charles,LAS Sebastien,JO Holder,4,0,,,,,,,,,
743169,2014,2014-07-31,"Daren Sammy National Cricket Stadium, Gros Islet",1,10.4,St Lucia Zouks,Barbados Tridents,J Charles,LAS Sebastien,JO Holder,6,0,,,,,,,,,
743169,2014,2014-07-31,"Daren Sammy National Cricket Stadium, Gros Islet",1,10.5,St Lucia Zouks,Barbados Tridents,J Charles,LAS Sebastien,JO Holder,1,0,,,,,,,,,
743169,2014,2014-07-31,"Daren Sammy National Cricket Stadium, Gros Islet",1,10.6,St Lucia Zouks,Barbados Tridents,LAS Sebastien,J Charles,JO Holder,0,0,,,,,,,,,
743169,2014,2014-07-31,"Daren Sammy National Cricket Stadium, Gros Islet",1,11.1,St Lucia Zouks,Barbados Tridents,J Charles,LAS Sebastien,Shoaib Malik,0,1,1,,,,,,,,
743169,2014,2014-07-31,"Daren Sammy National Cricket Stadium, Gros Islet",1,11.2,St Lucia Zouks,Barbados Tridents,J Charles,LAS Sebastien,Shoaib Malik,2,0,,,,,,,,,
743169,2014,2014-07-31,"Daren Sammy National Cricket Stadium, Gros Islet",1,11.3,St Lucia Zouks,Barbados Tridents,J Charles,LAS Sebastien,Shoaib Malik,0,0,,,,,,,,,
743169,2014,2014-07-31,"Daren Sammy National Cricket Stadium, Gros Islet",1,11.4,St Lucia Zouks,Barbados Tridents,J Charles,LAS Sebastien,Shoaib Malik,0,0,,,,,,,,,
743169,2014,2014-07-31,"Daren Sammy National Cricket Stadium, Gros Islet",1,11.5,St Lucia Zouks,Barbados Tridents,J Charles,LAS Sebastien,Shoaib Malik,1,0,,,,,,,,,
743169,2014,2014-07-31,"Daren Sammy National Cricket Stadium, Gros Islet",1,11.6,St Lucia Zouks,Barbados Tridents,LAS Sebastien,J Charles,Shoaib Malik,0,0,,,,,,,,,
743169,2014,2014-07-31,"Daren Sammy National Cricket Stadium, Gros Islet",1,11.7,St Lucia Zouks,Barbados Tridents,LAS Sebastien,J Charles,Shoaib Malik,0,0,,,,,,,,,
743169,2014,2014-07-31,"Daren Sammy National Cricket Stadium, Gros Islet",1,12.1,St Lucia Zouks,Barbados Tridents,J Charles,LAS Sebastien,BMAJ Mendis,1,0,,,,,,,,,
743169,2014,2014-07-31,"Daren Sammy National Cricket Stadium, Gros Islet",1,12.2,St Lucia Zouks,Barbados Tridents,LAS Sebastien,J Charles,BMAJ Mendis,1,0,,,,,,,,,
743169,2014,2014-07-31,"Daren Sammy National Cricket Stadium, Gros Islet",1,12.3,St Lucia Zouks,Barbados Tridents,J Charles,LAS Sebastien,BMAJ Mendis,0,0,,,,,,,,,
743169,2014,2014-07-31,"Daren Sammy National Cricket Stadium, Gros Islet",1,12.4,St Lucia Zouks,Barbados Tridents,J Charles,LAS Sebastien,BMAJ Mendis,6,0,,,,,,,,,
743169,2014,2014-07-31,"Daren Sammy National Cricket Stadium, Gros Islet",1,12.5,St Lucia Zouks,Barbados Tridents,J Charles,LAS Sebastien,BMAJ Mendis,0,0,,,,,,,,,
743169,2014,2014-07-31,"Daren Sammy National Cricket Stadium, Gros Islet",1,12.6,St Lucia Zouks,Barbados Tridents,J Charles,LAS Sebastien,BMAJ Mendis,1,0,,,,,,,,,
743169,2014,2014-07-31,"Daren Sammy National Cricket Stadium, Gros Islet",1,13.1,St Lucia Zouks,Barbados Tridents,J Charles,LAS Sebastien,Shoaib Malik,0,0,,,,,,caught,J Charles,,
743169,2014,2014-07-31,"Daren Sammy National Cricket Stadium, Gros Islet",1,13.2,St Lucia Zouks,Barbados Tridents,LAS Sebastien,DJG Sammy,Shoaib Malik,1,0,,,,,,,,,
743169,2014,2014-07-31,"Daren Sammy National Cricket Stadium, Gros Islet",1,13.3,St Lucia Zouks,Barbados Tridents,DJG Sammy,LAS Sebastien,Shoaib Malik,0,0,,,,,,,,,
743169,2014,2014-07-31,"Daren Sammy National Cricket Stadium, Gros Islet",1,13.4,St Lucia Zouks,Barbados Tridents,DJG Sammy,LAS Sebastien,Shoaib Malik,0,1,1,,,,,,,,
743169,2014,2014-07-31,"Daren Sammy National Cricket Stadium, Gros Islet",1,13.5,St Lucia Zouks,Barbados Tridents,DJG Sammy,LAS Sebastien,Shoaib Malik,1,0,,,,,,,,,
743169,2014,2014-07-31,"Daren Sammy National Cricket Stadium, Gros Islet",1,13.6,St Lucia Zouks,Barbados Tridents,LAS Sebastien,DJG Sammy,Shoaib Malik,0,0,,,,,,,,,
743169,2014,2014-07-31,"Daren Sammy National Cricket Stadium, Gros Islet",1,13.7,St Lucia Zouks,Barbados Tridents,LAS Sebastien,DJG Sammy,Shoaib Malik,4,0,,,,,,,,,
743169,2014,2014-07-31,"Daren Sammy National Cricket Stadium, Gros Islet",1,14.1,St Lucia Zouks,Barbados Tridents,DJG Sammy,LAS Sebastien,R Rampaul,0,0,,,,,,,,,
743169,2014,2014-07-31,"Daren Sammy National Cricket Stadium, Gros Islet",1,14.2,St Lucia Zouks,Barbados Tridents,DJG Sammy,LAS Sebastien,R Rampaul,4,0,,,,,,,,,
743169,2014,2014-07-31,"Daren Sammy National Cricket Stadium, Gros Islet",1,14.3,St Lucia Zouks,Barbados Tridents,DJG Sammy,LAS Sebastien,R Rampaul,1,0,,,,,,,,,
743169,2014,2014-07-31,"Daren Sammy National Cricket Stadium, Gros Islet",1,14.4,St Lucia Zouks,Barbados Tridents,LAS Sebastien,DJG Sammy,R Rampaul,0,0,,,,,,,,,
743169,2014,2014-07-31,"Daren Sammy National Cricket Stadium, Gros Islet",1,14.5,St Lucia Zouks,Barbados Tridents,LAS Sebastien,DJG Sammy,R Rampaul,0,0,,,,,,run out,DJG Sammy,,
743169,2014,2014-07-31,"Daren Sammy National Cricket Stadium, Gros Islet",1,14.6,St Lucia Zouks,Barbados Tridents,LAS Sebastien,Sohail Tanvir,R Rampaul,0,0,,,,,,,,,
743169,2014,2014-07-31,"Daren Sammy National Cricket Stadium, Gros Islet",1,15.1,St Lucia Zouks,Barbados Tridents,Sohail Tanvir,LAS Sebastien,KA Pollard,0,0,,,,,,,,,
743169,2014,2014-07-31,"Daren Sammy National Cricket Stadium, Gros Islet",1,15.2,St Lucia Zouks,Barbados Tridents,Sohail Tanvir,LAS Sebastien,KA Pollard,2,0,,,,,,,,,
743169,2014,2014-07-31,"Daren Sammy National Cricket Stadium, Gros Islet",1,15.3,St Lucia Zouks,Barbados Tridents,Sohail Tanvir,LAS Sebastien,KA Pollard,1,0,,,,,,,,,
743169,2014,2014-07-31,"Daren Sammy National Cricket Stadium, Gros Islet",1,15.4,St Lucia Zouks,Barbados Tridents,LAS Sebastien,Sohail Tanvir,KA Pollard,0,0,,,,,,caught,LAS Sebastien,,
743169,2014,2014-07-31,"Daren Sammy National Cricket Stadium, Gros Islet",1,15.5,St Lucia Zouks,Barbados Tridents,Sohail Tanvir,RE van der Merwe,KA Pollard,2,0,,,,,,,,,
743169,2014,2014-07-31,"Daren Sammy National Cricket Stadium, Gros Islet",1,15.6,St Lucia Zouks,Barbados Tridents,Sohail Tanvir,RE van der Merwe,KA Pollard,1,0,,,,,,,,,
743169,2014,2014-07-31,"Daren Sammy National Cricket Stadium, Gros Islet",1,16.1,St Lucia Zouks,Barbados Tridents,Sohail Tanvir,RE van der Merwe,KR Mayers,6,0,,,,,,,,,
743169,2014,2014-07-31,"Daren Sammy National Cricket Stadium, Gros Islet",1,16.2,St Lucia Zouks,Barbados Tridents,Sohail Tanvir,RE van der Merwe,KR Mayers,2,0,,,,,,,,,
743169,2014,2014-07-31,"Daren Sammy National Cricket Stadium, Gros Islet",1,16.3,St Lucia Zouks,Barbados Tridents,Sohail Tanvir,RE van der Merwe,KR Mayers,2,0,,,,,,,,,
743169,2014,2014-07-31,"Daren Sammy National Cricket Stadium, Gros Islet",1,16.4,St Lucia Zouks,Barbados Tridents,Sohail Tanvir,RE van der Merwe,KR Mayers,6,0,,,,,,,,,
743169,2014,2014-07-31,"Daren Sammy National Cricket Stadium, Gros Islet",1,16.5,St Lucia Zouks,Barbados Tridents,Sohail Tanvir,RE van der Merwe,KR Mayers,6,0,,,,,,,,,
743169,2014,2014-07-31,"Daren Sammy National Cricket Stadium, Gros Islet",1,16.6,St Lucia Zouks,Barbados Tridents,Sohail Tanvir,RE van der Merwe,KR Mayers,1,0,,,,,,,,,
743169,2014,2014-07-31,"Daren Sammy National Cricket Stadium, Gros Islet",1,17.1,St Lucia Zouks,Barbados Tridents,Sohail Tanvir,RE van der Merwe,KA Pollard,0,1,1,,,,,,,,
743169,2014,2014-07-31,"Daren Sammy National Cricket Stadium, Gros Islet",1,17.2,St Lucia Zouks,Barbados Tridents,Sohail Tanvir,RE van der Merwe,KA Pollard,0,0,,,,,,,,,
743169,2014,2014-07-31,"Daren Sammy National Cricket Stadium, Gros Islet",1,17.3,St Lucia Zouks,Barbados Tridents,Sohail Tanvir,RE van der Merwe,KA Pollard,0,1,1,,,,,,,,
743169,2014,2014-07-31,"Daren Sammy National Cricket Stadium, Gros Islet",1,17.4,St Lucia Zouks,Barbados Tridents,Sohail Tanvir,RE van der Merwe,KA Pollard,1,0,,,,,,,,,
743169,2014,2014-07-31,"Daren Sammy National Cricket Stadium, Gros Islet",1,17.5,St Lucia Zouks,Barbados Tridents,RE van der Merwe,Sohail Tanvir,KA Pollard,0,0,,,,,,lbw,RE van der Merwe,,
743169,2014,2014-07-31,"Daren Sammy National Cricket Stadium, Gros Islet",1,17.6,St Lucia Zouks,Barbados Tridents,TA Willett,Sohail Tanvir,KA Pollard,0,0,,,,,,,,,
743169,2014,2014-07-31,"Daren Sammy National Cricket Stadium, Gros Islet",1,17.7,St Lucia Zouks,Barbados Tridents,TA Willett,Sohail Tanvir,KA Pollard,0,0,,,,,,,,,
743169,2014,2014-07-31,"Daren Sammy National Cricket Stadium, Gros Islet",1,17.8,St Lucia Zouks,Barbados Tridents,TA Willett,Sohail Tanvir,KA Pollard,1,0,,,,,,,,,
743169,2014,2014-07-31,"Daren Sammy National Cricket Stadium, Gros Islet",1,18.1,St Lucia Zouks,Barbados Tridents,TA Willett,Sohail Tanvir,R Rampaul,0,0,,,,,,,,,
743169,2014,2014-07-31,"Daren Sammy National Cricket Stadium, Gros Islet",1,18.2,St Lucia Zouks,Barbados Tridents,TA Willett,Sohail Tanvir,R Rampaul,1,0,,,,,,,,,
743169,2014,2014-07-31,"Daren Sammy National Cricket Stadium, Gros Islet",1,18.3,St Lucia Zouks,Barbados Tridents,Sohail Tanvir,TA Willett,R Rampaul,1,0,,,,,,,,,
743169,2014,2014-07-31,"Daren Sammy National Cricket Stadium, Gros Islet",1,18.4,St Lucia Zouks,Barbados Tridents,TA Willett,Sohail Tanvir,R Rampaul,4,0,,,,,,,,,
743169,2014,2014-07-31,"Daren Sammy National Cricket Stadium, Gros Islet",1,18.5,St Lucia Zouks,Barbados Tridents,TA Willett,Sohail Tanvir,R Rampaul,6,0,,,,,,,,,
743169,2014,2014-07-31,"Daren Sammy National Cricket Stadium, Gros Islet",1,18.6,St Lucia Zouks,Barbados Tridents,TA Willett,Sohail Tanvir,R Rampaul,2,0,,,,,,,,,
743169,2014,2014-07-31,"Daren Sammy National Cricket Stadium, Gros Islet",1,19.1,St Lucia Zouks,Barbados Tridents,Sohail Tanvir,TA Willett,KA Pollard,6,0,,,,,,,,,
743169,2014,2014-07-31,"Daren Sammy National Cricket Stadium, Gros Islet",1,19.2,St Lucia Zouks,Barbados Tridents,Sohail Tanvir,TA Willett,KA Pollard,6,0,,,,,,,,,
743169,2014,2014-07-31,"Daren Sammy National Cricket Stadium, Gros Islet",1,19.3,St Lucia Zouks,Barbados Tridents,Sohail Tanvir,TA Willett,KA Pollard,6,0,,,,,,,,,
743169,2014,2014-07-31,"Daren Sammy National Cricket Stadium, Gros Islet",1,19.4,St Lucia Zouks,Barbados Tridents,Sohail Tanvir,TA Willett,KA Pollard,1,0,,,,,,,,,
743169,2014,2014-07-31,"Daren Sammy National Cricket Stadium, Gros Islet",1,19.5,St Lucia Zouks,Barbados Tridents,TA Willett,Sohail Tanvir,KA Pollard,1,0,,,,,,,,,
743169,2014,2014-07-31,"Daren Sammy National Cricket Stadium, Gros Islet",1,19.6,St Lucia Zouks,Barbados Tridents,Sohail Tanvir,TA Willett,KA Pollard,0,0,,,,,,,,,
743169,2014,2014-07-31,"Daren Sammy National Cricket Stadium, Gros Islet",2,0.1,Barbados Tridents,St Lucia Zouks,DR Smith,SO Dowrich,TL Best,0,0,,,,,,,,,
743169,2014,2014-07-31,"Daren Sammy National Cricket Stadium, Gros Islet",2,0.2,Barbados Tridents,St Lucia Zouks,DR Smith,SO Dowrich,TL Best,4,0,,,,,,,,,
743169,2014,2014-07-31,"Daren Sammy National Cricket Stadium, Gros Islet",2,0.3,Barbados Tridents,St Lucia Zouks,DR Smith,SO Dowrich,TL Best,0,5,5,,,,,,,,
743169,2014,2014-07-31,"Daren Sammy National Cricket Stadium, Gros Islet",2,0.4,Barbados Tridents,St Lucia Zouks,DR Smith,SO Dowrich,TL Best,0,1,1,,,,,,,,
743169,2014,2014-07-31,"Daren Sammy National Cricket Stadium, Gros Islet",2,0.5,Barbados Tridents,St Lucia Zouks,DR Smith,SO Dowrich,TL Best,0,0,,,,,,lbw,DR Smith,,
743169,2014,2014-07-31,"Daren Sammy National Cricket Stadium, Gros Islet",2,0.6,Barbados Tridents,St Lucia Zouks,JO Holder,SO Dowrich,TL Best,0,0,,,,,,,,,
743169,2014,2014-07-31,"Daren Sammy National Cricket Stadium, Gros Islet",2,0.7,Barbados Tridents,St Lucia Zouks,JO Holder,SO Dowrich,TL Best,0,1,1,,,,,,,,
743169,2014,2014-07-31,"Daren Sammy National Cricket Stadium, Gros Islet",2,0.8,Barbados Tridents,St Lucia Zouks,JO Holder,SO Dowrich,TL Best,0,0,,,,,,,,,
743169,2014,2014-07-31,"Daren Sammy National Cricket Stadium, Gros Islet",2,0.9,Barbados Tridents,St Lucia Zouks,JO Holder,SO Dowrich,TL Best,1,0,,,,,,,,,
743169,2014,2014-07-31,"Daren Sammy National Cricket Stadium, Gros Islet",2,1.1,Barbados Tridents,St Lucia Zouks,JO Holder,SO Dowrich,Sohail Tanvir,1,0,,,,,,,,,
743169,2014,2014-07-31,"Daren Sammy National Cricket Stadium, Gros Islet",2,1.2,Barbados Tridents,St Lucia Zouks,SO Dowrich,JO Holder,Sohail Tanvir,1,0,,,,,,,,,
743169,2014,2014-07-31,"Daren Sammy National Cricket Stadium, Gros Islet",2,1.3,Barbados Tridents,St Lucia Zouks,JO Holder,SO Dowrich,Sohail Tanvir,4,0,,,,,,,,,
743169,2014,2014-07-31,"Daren Sammy National Cricket Stadium, Gros Islet",2,1.4,Barbados Tridents,St Lucia Zouks,JO Holder,SO Dowrich,Sohail Tanvir,0,0,,,,,,,,,
743169,2014,2014-07-31,"Daren Sammy National Cricket Stadium, Gros Islet",2,1.5,Barbados Tridents,St Lucia Zouks,JO Holder,SO Dowrich,Sohail Tanvir,0,1,1,,,,,,,,
743169,2014,2014-07-31,"Daren Sammy National Cricket Stadium, Gros Islet",2,1.6,Barbados Tridents,St Lucia Zouks,JO Holder,SO Dowrich,Sohail Tanvir,4,0,,,,,,,,,
743169,2014,2014-07-31,"Daren Sammy National Cricket Stadium, Gros Islet",2,1.7,Barbados Tridents,St Lucia Zouks,JO Holder,SO Dowrich,Sohail Tanvir,1,0,,,,,,,,,
743169,2014,2014-07-31,"Daren Sammy National Cricket Stadium, Gros Islet",2,2.1,Barbados Tridents,St Lucia Zouks,JO Holder,SO Dowrich,DJG Sammy,0,0,,,,,,,,,
743169,2014,2014-07-31,"Daren Sammy National Cricket Stadium, Gros Islet",2,2.2,Barbados Tridents,St Lucia Zouks,JO Holder,SO Dowrich,DJG Sammy,1,0,,,,,,,,,
743169,2014,2014-07-31,"Daren Sammy National Cricket Stadium, Gros Islet",2,2.3,Barbados Tridents,St Lucia Zouks,SO Dowrich,JO Holder,DJG Sammy,0,1,,,1,,,,,,
743169,2014,2014-07-31,"Daren Sammy National Cricket Stadium, Gros Islet",2,2.4,Barbados Tridents,St Lucia Zouks,JO Holder,SO Dowrich,DJG Sammy,4,0,,,,,,,,,
743169,2014,2014-07-31,"Daren Sammy National Cricket Stadium, Gros Islet",2,2.5,Barbados Tridents,St Lucia Zouks,JO Holder,SO Dowrich,DJG Sammy,1,0,,,,,,,,,
743169,2014,2014-07-31,"Daren Sammy National Cricket Stadium, Gros Islet",2,2.6,Barbados Tridents,St Lucia Zouks,SO Dowrich,JO Holder,DJG Sammy,4,0,,,,,,,,,
743169,2014,2014-07-31,"Daren Sammy National Cricket Stadium, Gros Islet",2,3.1,Barbados Tridents,St Lucia Zouks,JO Holder,SO Dowrich,TL Best,1,0,,,,,,,,,
743169,2014,2014-07-31,"Daren Sammy National Cricket Stadium, Gros Islet",2,3.2,Barbados Tridents,St Lucia Zouks,SO Dowrich,JO Holder,TL Best,1,0,,,,,,,,,
743169,2014,2014-07-31,"Daren Sammy National Cricket Stadium, Gros Islet",2,3.3,Barbados Tridents,St Lucia Zouks,JO Holder,SO Dowrich,TL Best,4,0,,,,,,,,,
743169,2014,2014-07-31,"Daren Sammy National Cricket Stadium, Gros Islet",2,3.4,Barbados Tridents,St Lucia Zouks,JO Holder,SO Dowrich,TL Best,1,0,,,,,,,,,
743169,2014,2014-07-31,"Daren Sammy National Cricket Stadium, Gros Islet",2,3.5,Barbados Tridents,St Lucia Zouks,SO Dowrich,JO Holder,TL Best,1,0,,,,,,,,,
743169,2014,2014-07-31,"Daren Sammy National Cricket Stadium, Gros Islet",2,3.6,Barbados Tridents,St Lucia Zouks,JO Holder,SO Dowrich,TL Best,0,4,,,4,,,,,,
743169,2014,2014-07-31,"Daren Sammy National Cricket Stadium, Gros Islet",2,4.1,Barbados Tridents,St Lucia Zouks,SO Dowrich,JO Holder,ROO Jordan,1,0,,,,,,,,,
743169,2014,2014-07-31,"Daren Sammy National Cricket Stadium, Gros Islet",2,4.2,Barbados Tridents,St Lucia Zouks,JO Holder,SO Dowrich,ROO Jordan,6,0,,,,,,,,,
743169,2014,2014-07-31,"Daren Sammy National Cricket Stadium, Gros Islet",2,4.3,Barbados Tridents,St Lucia Zouks,JO Holder,SO Dowrich,ROO Jordan,6,0,,,,,,,,,
743169,2014,2014-07-31,"Daren Sammy National Cricket Stadium, Gros Islet",2,4.4,Barbados Tridents,St Lucia Zouks,JO Holder,SO Dowrich,ROO Jordan,1,0,,,,,,,,,
743169,2014,2014-07-31,"Daren Sammy National Cricket Stadium, Gros Islet",2,4.5,Barbados Tridents,St Lucia Zouks,SO Dowrich,JO Holder,ROO Jordan,1,0,,,,,,,,,
743169,2014,2014-07-31,"Daren Sammy National Cricket Stadium, Gros Islet",2,4.6,Barbados Tridents,St Lucia Zouks,JO Holder,SO Dowrich,ROO Jordan,1,0,,,,,,,,,
743169,2014,2014-07-31,"Daren Sammy National Cricket Stadium, Gros Islet",2,5.1,Barbados Tridents,St Lucia Zouks,JO Holder,SO Dowrich,Sohail Tanvir,0,0,,,,,,,,,
743169,2014,2014-07-31,"Daren Sammy National Cricket Stadium, Gros Islet",2,5.2,Barbados Tridents,St Lucia Zouks,JO Holder,SO Dowrich,Sohail Tanvir,0,0,,,,,,,,,
743169,2014,2014-07-31,"Daren Sammy National Cricket Stadium, Gros Islet",2,5.3,Barbados Tridents,St Lucia Zouks,JO Holder,SO Dowrich,Sohail Tanvir,2,0,,,,,,,,,
743169,2014,2014-07-31,"Daren Sammy National Cricket Stadium, Gros Islet",2,5.4,Barbados Tridents,St Lucia Zouks,JO Holder,SO Dowrich,Sohail Tanvir,1,0,,,,,,,,,
743169,2014,2014-07-31,"Daren Sammy National Cricket Stadium, Gros Islet",2,5.5,Barbados Tridents,St Lucia Zouks,SO Dowrich,JO Holder,Sohail Tanvir,0,0,,,,,,,,,
743169,2014,2014-07-31,"Daren Sammy National Cricket Stadium, Gros Islet",2,5.6,Barbados Tridents,St Lucia Zouks,SO Dowrich,JO Holder,Sohail Tanvir,0,0,,,,,,caught,SO Dowrich,,
743169,2014,2014-07-31,"Daren Sammy National Cricket Stadium, Gros Islet",2,6.1,Barbados Tridents,St Lucia Zouks,Shoaib Malik,JO Holder,DJG Sammy,1,0,,,,,,,,,
743169,2014,2014-07-31,"Daren Sammy National Cricket Stadium, Gros Islet",2,6.2,Barbados Tridents,St Lucia Zouks,JO Holder,Shoaib Malik,DJG Sammy,4,0,,,,,,,,,
743169,2014,2014-07-31,"Daren Sammy National Cricket Stadium, Gros Islet",2,6.3,Barbados Tridents,St Lucia Zouks,JO Holder,Shoaib Malik,DJG Sammy,1,0,,,,,,,,,
743169,2014,2014-07-31,"Daren Sammy National Cricket Stadium, Gros Islet",2,6.4,Barbados Tridents,St Lucia Zouks,Shoaib Malik,JO Holder,DJG Sammy,1,0,,,,,,,,,
743169,2014,2014-07-31,"Daren Sammy National Cricket Stadium, Gros Islet",2,6.5,Barbados Tridents,St Lucia Zouks,JO Holder,Shoaib Malik,DJG Sammy,1,0,,,,,,,,,
743169,2014,2014-07-31,"Daren Sammy National Cricket Stadium, Gros Islet",2,6.6,Barbados Tridents,St Lucia Zouks,Shoaib Malik,JO Holder,DJG Sammy,1,0,,,,,,,,,
743169,2014,2014-07-31,"Daren Sammy National Cricket Stadium, Gros Islet",2,7.1,Barbados Tridents,St Lucia Zouks,Shoaib Malik,JO Holder,LAS Sebastien,0,0,,,,,,,,,
743169,2014,2014-07-31,"Daren Sammy National Cricket Stadium, Gros Islet",2,7.2,Barbados Tridents,St Lucia Zouks,Shoaib Malik,JO Holder,LAS Sebastien,1,0,,,,,,,,,
743169,2014,2014-07-31,"Daren Sammy National Cricket Stadium, Gros Islet",2,7.3,Barbados Tridents,St Lucia Zouks,JO Holder,Shoaib Malik,LAS Sebastien,1,0,,,,,,,,,
743169,2014,2014-07-31,"Daren Sammy National Cricket Stadium, Gros Islet",2,7.4,Barbados Tridents,St Lucia Zouks,Shoaib Malik,JO Holder,LAS Sebastien,0,0,,,,,,,,,
743169,2014,2014-07-31,"Daren Sammy National Cricket Stadium, Gros Islet",2,7.5,Barbados Tridents,St Lucia Zouks,Shoaib Malik,JO Holder,LAS Sebastien,4,0,,,,,,,,,
743169,2014,2014-07-31,"Daren Sammy National Cricket Stadium, Gros Islet",2,7.6,Barbados Tridents,St Lucia Zouks,Shoaib Malik,JO Holder,LAS Sebastien,1,0,,,,,,,,,
743169,2014,2014-07-31,"Daren Sammy National Cricket Stadium, Gros Islet",2,8.1,Barbados Tridents,St Lucia Zouks,Shoaib Malik,JO Holder,ROO Jordan,1,0,,,,,,,,,
743169,2014,2014-07-31,"Daren Sammy National Cricket Stadium, Gros Islet",2,8.2,Barbados Tridents,St Lucia Zouks,JO Holder,Shoaib Malik,ROO Jordan,1,0,,,,,,,,,
743169,2014,2014-07-31,"Daren Sammy National Cricket Stadium, Gros Islet",2,8.3,Barbados Tridents,St Lucia Zouks,Shoaib Malik,JO Holder,ROO Jordan,1,0,,,,,,,,,
743169,2014,2014-07-31,"Daren Sammy National Cricket Stadium, Gros Islet",2,8.4,Barbados Tridents,St Lucia Zouks,JO Holder,Shoaib Malik,ROO Jordan,0,0,,,,,,lbw,JO Holder,,
743169,2014,2014-07-31,"Daren Sammy National Cricket Stadium, Gros Islet",2,8.5,Barbados Tridents,St Lucia Zouks,ND McKenzie,Shoaib Malik,ROO Jordan,0,0,,,,,,caught,ND McKenzie,,
743169,2014,2014-07-31,"Daren Sammy National Cricket Stadium, Gros Islet",2,8.6,Barbados Tridents,St Lucia Zouks,BMAJ Mendis,Shoaib Malik,ROO Jordan,1,0,,,,,,,,,
743169,2014,2014-07-31,"Daren Sammy National Cricket Stadium, Gros Islet",2,9.1,Barbados Tridents,St Lucia Zouks,BMAJ Mendis,Shoaib Malik,LAS Sebastien,0,0,,,,,,,,,
743169,2014,2014-07-31,"Daren Sammy National Cricket Stadium, Gros Islet",2,9.2,Barbados Tridents,St Lucia Zouks,BMAJ Mendis,Shoaib Malik,LAS Sebastien,2,0,,,,,,,,,
743169,2014,2014-07-31,"Daren Sammy National Cricket Stadium, Gros Islet",2,9.3,Barbados Tridents,St Lucia Zouks,BMAJ Mendis,Shoaib Malik,LAS Sebastien,1,0,,,,,,,,,
743169,2014,2014-07-31,"Daren Sammy National Cricket Stadium, Gros Islet",2,9.4,Barbados Tridents,St Lucia Zouks,Shoaib Malik,BMAJ Mendis,LAS Sebastien,1,0,,,,,,,,,
743169,2014,2014-07-31,"Daren Sammy National Cricket Stadium, Gros Islet",2,9.5,Barbados Tridents,St Lucia Zouks,BMAJ Mendis,Shoaib Malik,LAS Sebastien,0,0,,,,,,,,,
743169,2014,2014-07-31,"Daren Sammy National Cricket Stadium, Gros Islet",2,9.6,Barbados Tridents,St Lucia Zouks,BMAJ Mendis,Shoaib Malik,LAS Sebastien,1,0,,,,,,,,,
743169,2014,2014-07-31,"Daren Sammy National Cricket Stadium, Gros Islet",2,10.1,Barbados Tridents,St Lucia Zouks,BMAJ Mendis,Shoaib Malik,RE van der Merwe,0,0,,,,,,,,,
743169,2014,2014-07-31,"Daren Sammy National Cricket Stadium, Gros Islet",2,10.2,Barbados Tridents,St Lucia Zouks,BMAJ Mendis,Shoaib Malik,RE van der Merwe,0,0,,,,,,,,,
743169,2014,2014-07-31,"Daren Sammy National Cricket Stadium, Gros Islet",2,10.3,Barbados Tridents,St Lucia Zouks,BMAJ Mendis,Shoaib Malik,RE van der Merwe,1,0,,,,,,,,,
743169,2014,2014-07-31,"Daren Sammy National Cricket Stadium, Gros Islet",2,10.4,Barbados Tridents,St Lucia Zouks,Shoaib Malik,BMAJ Mendis,RE van der Merwe,0,0,,,,,,,,,
743169,2014,2014-07-31,"Daren Sammy National Cricket Stadium, Gros Islet",2,10.5,Barbados Tridents,St Lucia Zouks,Shoaib Malik,BMAJ Mendis,RE van der Merwe,1,0,,,,,,,,,
743169,2014,2014-07-31,"Daren Sammy National Cricket Stadium, Gros Islet",2,10.6,Barbados Tridents,St Lucia Zouks,BMAJ Mendis,Shoaib Malik,RE van der Merwe,0,0,,,,,,,,,
743169,2014,2014-07-31,"Daren Sammy National Cricket Stadium, Gros Islet",2,11.1,Barbados Tridents,St Lucia Zouks,Shoaib Malik,BMAJ Mendis,LAS Sebastien,1,0,,,,,,,,,
743169,2014,2014-07-31,"Daren Sammy National Cricket Stadium, Gros Islet",2,11.2,Barbados Tridents,St Lucia Zouks,BMAJ Mendis,Shoaib Malik,LAS Sebastien,1,0,,,,,,,,,
743169,2014,2014-07-31,"Daren Sammy National Cricket Stadium, Gros Islet",2,11.3,Barbados Tridents,St Lucia Zouks,Shoaib Malik,BMAJ Mendis,LAS Sebastien,0,0,,,,,,,,,
743169,2014,2014-07-31,"Daren Sammy National Cricket Stadium, Gros Islet",2,11.4,Barbados Tridents,St Lucia Zouks,Shoaib Malik,BMAJ Mendis,LAS Sebastien,1,0,,,,,,,,,
743169,2014,2014-07-31,"Daren Sammy National Cricket Stadium, Gros Islet",2,11.5,Barbados Tridents,St Lucia Zouks,BMAJ Mendis,Shoaib Malik,LAS Sebastien,1,0,,,,,,,,,
743169,2014,2014-07-31,"Daren Sammy National Cricket Stadium, Gros Islet",2,11.6,Barbados Tridents,St Lucia Zouks,Shoaib Malik,BMAJ Mendis,LAS Sebastien,1,0,,,,,,,,,
743169,2014,2014-07-31,"Daren Sammy National Cricket Stadium, Gros Islet",2,12.1,Barbados Tridents,St Lucia Zouks,Shoaib Malik,BMAJ Mendis,RE van der Merwe,2,0,,,,,,,,,
743169,2014,2014-07-31,"Daren Sammy National Cricket Stadium, Gros Islet",2,12.2,Barbados Tridents,St Lucia Zouks,Shoaib Malik,BMAJ Mendis,RE van der Merwe,0,0,,,,,,,,,
743169,2014,2014-07-31,"Daren Sammy National Cricket Stadium, Gros Islet",2,12.3,Barbados Tridents,St Lucia Zouks,Shoaib Malik,BMAJ Mendis,RE van der Merwe,4,0,,,,,,,,,
743169,2014,2014-07-31,"Daren Sammy National Cricket Stadium, Gros Islet",2,12.4,Barbados Tridents,St Lucia Zouks,Shoaib Malik,BMAJ Mendis,RE van der Merwe,0,0,,,,,,caught,Shoaib Malik,,
743169,2014,2014-07-31,"Daren Sammy National Cricket Stadium, Gros Islet",2,12.5,Barbados Tridents,St Lucia Zouks,KA Pollard,BMAJ Mendis,RE van der Merwe,0,0,,,,,,,,,
743169,2014,2014-07-31,"Daren Sammy National Cricket Stadium, Gros Islet",2,12.6,Barbados Tridents,St Lucia Zouks,KA Pollard,BMAJ Mendis,RE van der Merwe,1,0,,,,,,,,,
743169,2014,2014-07-31,"Daren Sammy National Cricket Stadium, Gros Islet",2,13.1,Barbados Tridents,St Lucia Zouks,KA Pollard,BMAJ Mendis,LAS Sebastien,0,0,,,,,,,,,
743169,2014,2014-07-31,"Daren Sammy National Cricket Stadium, Gros Islet",2,13.2,Barbados Tridents,St Lucia Zouks,KA Pollard,BMAJ Mendis,LAS Sebastien,1,0,,,,,,,,,
743169,2014,2014-07-31,"Daren Sammy National Cricket Stadium, Gros Islet",2,13.3,Barbados Tridents,St Lucia Zouks,BMAJ Mendis,KA Pollard,LAS Sebastien,1,0,,,,,,,,,
743169,2014,2014-07-31,"Daren Sammy National Cricket Stadium, Gros Islet",2,13.4,Barbados Tridents,St Lucia Zouks,KA Pollard,BMAJ Mendis,LAS Sebastien,0,0,,,,,,,,,
743169,2014,2014-07-31,"Daren Sammy National Cricket Stadium, Gros Islet",2,13.5,Barbados Tridents,St Lucia Zouks,KA Pollard,BMAJ Mendis,LAS Sebastien,0,1,1,,,,,,,,
743169,2014,2014-07-31,"Daren Sammy National Cricket Stadium, Gros Islet",2,13.6,Barbados Tridents,St Lucia Zouks,KA Pollard,BMAJ Mendis,LAS Sebastien,0,0,,,,,,,,,
743169,2014,2014-07-31,"Daren Sammy National Cricket Stadium, Gros Islet",2,13.7,Barbados Tridents,St Lucia Zouks,KA Pollard,BMAJ Mendis,LAS Sebastien,0,1,1,,,,,,,,
743169,2014,2014-07-31,"Daren Sammy National Cricket Stadium, Gros Islet",2,13.8,Barbados Tridents,St Lucia Zouks,KA Pollard,BMAJ Mendis,LAS Sebastien,1,0,,,,,,,,,
743169,2014,2014-07-31,"Daren Sammy National Cricket Stadium, Gros Islet",2,14.1,Barbados Tridents,St Lucia Zouks,KA Pollard,BMAJ Mendis,TL Best,1,0,,,,,,,,,
743169,2014,2014-07-31,"Daren Sammy National Cricket Stadium, Gros Islet",2,14.2,Barbados Tridents,St Lucia Zouks,BMAJ Mendis,KA Pollard,TL Best,0,0,,,,,,,,,
743169,2014,2014-07-31,"Daren Sammy National Cricket Stadium, Gros Islet",2,14.3,Barbados Tridents,St Lucia Zouks,BMAJ Mendis,KA Pollard,TL Best,0,0,,,,,,,,,
743169,2014,2014-07-31,"Daren Sammy National Cricket Stadium, Gros Islet",2,14.4,Barbados Tridents,St Lucia Zouks,BMAJ Mendis,KA Pollard,TL Best,4,0,,,,,,,,,
743169,2014,2014-07-31,"Daren Sammy National Cricket Stadium, Gros Islet",2,14.5,Barbados Tridents,St Lucia Zouks,BMAJ Mendis,KA Pollard,TL Best,0,0,,,,,,caught,BMAJ Mendis,,
743169,2014,2014-07-31,"Daren Sammy National Cricket Stadium, Gros Islet",2,14.6,Barbados Tridents,St Lucia Zouks,KA Pollard,KR Mayers,TL Best,4,0,,,,,,,,,
743169,2014,2014-07-31,"Daren Sammy National Cricket Stadium, Gros Islet",2,15.1,Barbados Tridents,St Lucia Zouks,KR Mayers,KA Pollard,Sohail Tanvir,1,0,,,,,,,,,
743169,2014,2014-07-31,"Daren Sammy National Cricket Stadium, Gros Islet",2,15.2,Barbados Tridents,St Lucia Zouks,KA Pollard,KR Mayers,Sohail Tanvir,1,0,,,,,,,,,
743169,2014,2014-07-31,"Daren Sammy National Cricket Stadium, Gros Islet",2,15.3,Barbados Tridents,St Lucia Zouks,KR Mayers,KA Pollard,Sohail Tanvir,0,0,,,,,,,,,
743169,2014,2014-07-31,"Daren Sammy National Cricket Stadium, Gros Islet",2,15.4,Barbados Tridents,St Lucia Zouks,KR Mayers,KA Pollard,Sohail Tanvir,0,0,,,,,,,,,
743169,2014,2014-07-31,"Daren Sammy National Cricket Stadium, Gros Islet",2,15.5,Barbados Tridents,St Lucia Zouks,KR Mayers,KA Pollard,Sohail Tanvir,0,0,,,,,,,,,
743169,2014,2014-07-31,"Daren Sammy National Cricket Stadium, Gros Islet",2,15.6,Barbados Tridents,St Lucia Zouks,KR Mayers,KA Pollard,Sohail Tanvir,0,0,,,,,,,,,
743169,2014,2014-07-31,"Daren Sammy National Cricket Stadium, Gros Islet",2,16.1,Barbados Tridents,St Lucia Zouks,KA Pollard,KR Mayers,ROO Jordan,1,0,,,,,,,,,
743169,2014,2014-07-31,"Daren Sammy National Cricket Stadium, Gros Islet",2,16.2,Barbados Tridents,St Lucia Zouks,KR Mayers,KA Pollard,ROO Jordan,0,1,1,,,,,,,,
743169,2014,2014-07-31,"Daren Sammy National Cricket Stadium, Gros Islet",2,16.3,Barbados Tridents,St Lucia Zouks,KR Mayers,KA Pollard,ROO Jordan,1,0,,,,,,,,,
743169,2014,2014-07-31,"Daren Sammy National Cricket Stadium, Gros Islet",2,16.4,Barbados Tridents,St Lucia Zouks,KA Pollard,KR Mayers,ROO Jordan,6,0,,,,,,,,,
743169,2014,2014-07-31,"Daren Sammy National Cricket Stadium, Gros Islet",2,16.5,Barbados Tridents,St Lucia Zouks,KA Pollard,KR Mayers,ROO Jordan,0,0,,,,,,,,,
743169,2014,2014-07-31,"Daren Sammy National Cricket Stadium, Gros Islet",2,16.6,Barbados Tridents,St Lucia Zouks,KA Pollard,KR Mayers,ROO Jordan,1,0,,,,,,,,,
743169,2014,2014-07-31,"Daren Sammy National Cricket Stadium, Gros Islet",2,16.7,Barbados Tridents,St Lucia Zouks,KR Mayers,KA Pollard,ROO Jordan,1,0,,,,,,,,,
743169,2014,2014-07-31,"Daren Sammy National Cricket Stadium, Gros Islet",2,17.1,Barbados Tridents,St Lucia Zouks,KR Mayers,KA Pollard,TL Best,1,0,,,,,,,,,
743169,2014,2014-07-31,"Daren Sammy National Cricket Stadium, Gros Islet",2,17.2,Barbados Tridents,St Lucia Zouks,KA Pollard,KR Mayers,TL Best,1,0,,,,,,,,,
743169,2014,2014-07-31,"Daren Sammy National Cricket Stadium, Gros Islet",2,17.3,Barbados Tridents,St Lucia Zouks,KR Mayers,KA Pollard,TL Best,1,0,,,,,,,,,
743169,2014,2014-07-31,"Daren Sammy National Cricket Stadium, Gros Islet",2,17.4,Barbados Tridents,St Lucia Zouks,KA Pollard,KR Mayers,TL Best,0,0,,,,,,,,,
743169,2014,2014-07-31,"Daren Sammy National Cricket Stadium, Gros Islet",2,17.5,Barbados Tridents,St Lucia Zouks,KA Pollard,KR Mayers,TL Best,0,2,2,,,,,,,,
743169,2014,2014-07-31,"Daren Sammy National Cricket Stadium, Gros Islet",2,17.6,Barbados Tridents,St Lucia Zouks,KR Mayers,KA Pollard,TL Best,6,0,,,,,,,,,
743169,2014,2014-07-31,"Daren Sammy National Cricket Stadium, Gros Islet",2,17.7,Barbados Tridents,St Lucia Zouks,KR Mayers,KA Pollard,TL Best,0,1,1,,,,,,,,
743169,2014,2014-07-31,"Daren Sammy National Cricket Stadium, Gros Islet",2,17.8,Barbados Tridents,St Lucia Zouks,KR Mayers,KA Pollard,TL Best,1,0,,,,,,,,,
743169,2014,2014-07-31,"Daren Sammy National Cricket Stadium, Gros Islet",2,18.1,Barbados Tridents,St Lucia Zouks,KR Mayers,KA Pollard,ROO Jordan,1,0,,,,,,,,,
743169,2014,2014-07-31,"Daren Sammy National Cricket Stadium, Gros Islet",2,18.2,Barbados Tridents,St Lucia Zouks,KA Pollard,KR Mayers,ROO Jordan,6,0,,,,,,,,,
743169,2014,2014-07-31,"Daren Sammy National Cricket Stadium, Gros Islet",2,18.3,Barbados Tridents,St Lucia Zouks,KA Pollard,KR Mayers,ROO Jordan,1,0,,,,,,,,,
743169,2014,2014-07-31,"Daren Sammy National Cricket Stadium, Gros Islet",2,18.4,Barbados Tridents,St Lucia Zouks,KR Mayers,KA Pollard,ROO Jordan,0,0,,,,,,bowled,KR Mayers,,
743169,2014,2014-07-31,"Daren Sammy National Cricket Stadium, Gros Islet",2,18.5,Barbados Tridents,St Lucia Zouks,AJ Hosein,KA Pollard,ROO Jordan,0,0,,,,,,,,,
743169,2014,2014-07-31,"Daren Sammy National Cricket Stadium, Gros Islet",2,18.6,Barbados Tridents,St Lucia Zouks,AJ Hosein,KA Pollard,ROO Jordan,0,0,,,,,,,,,
743169,2014,2014-07-31,"Daren Sammy National Cricket Stadium, Gros Islet",2,19.1,Barbados Tridents,St Lucia Zouks,KA Pollard,AJ Hosein,Sohail Tanvir,0,1,1,,,,,,,,
743169,2014,2014-07-31,"Daren Sammy National Cricket Stadium, Gros Islet",2,19.2,Barbados Tridents,St Lucia Zouks,KA Pollard,AJ Hosein,Sohail Tanvir,6,0,,,,,,,,,
743169,2014,2014-07-31,"Daren Sammy National Cricket Stadium, Gros Islet",2,19.3,Barbados Tridents,St Lucia Zouks,KA Pollard,AJ Hosein,Sohail Tanvir,2,0,,,,,,,,,
743169,2014,2014-07-31,"Daren Sammy National Cricket Stadium, Gros Islet",2,19.4,Barbados Tridents,St Lucia Zouks,KA Pollard,AJ Hosein,Sohail Tanvir,0,2,,,2,,,,,,
743169,2014,2014-07-31,"Daren Sammy National Cricket Stadium, Gros Islet",2,19.5,Barbados Tridents,St Lucia Zouks,KA Pollard,AJ Hosein,Sohail Tanvir,4,0,,,,,,,,,
