match_id,season,start_date,venue,innings,ball,batting_team,bowling_team,striker,non_striker,bowler,runs_off_bat,extras,wides,noballs,byes,legbyes,penalty,wicket_type,player_dismissed,other_wicket_type,other_player_dismissed
743161,2014,2014-07-26,"Queen's Park Oval, Port of Spain",1,0.1,Trinidad & Tobago Red Steel,Jamaica Tallawahs,KJ O'Brien,E Lewis,DL Vettori,0,0,,,,,,,,,
743161,2014,2014-07-26,"Queen's Park Oval, Port of Spain",1,0.2,Trinidad & Tobago Red Steel,Jamaica Tallawahs,KJ O'Brien,E Lewis,DL Vettori,0,0,,,,,,,,,
743161,2014,2014-07-26,"Queen's Park Oval, Port of Spain",1,0.3,Trinidad & Tobago Red Steel,Jamaica Tallawahs,KJ O'Brien,E Lewis,DL Vettori,4,0,,,,,,,,,
743161,2014,2014-07-26,"Queen's Park Oval, Port of Spain",1,0.4,Trinidad & Tobago Red Steel,Jamaica Tallawahs,KJ O'Brien,E Lewis,DL Vettori,1,0,,,,,,,,,
743161,2014,2014-07-26,"Queen's Park Oval, Port of Spain",1,0.5,Trinidad & Tobago Red Steel,Jamaica Tallawahs,E Lewis,KJ O'Brien,DL Vettori,0,0,,,,,,,,,
743161,2014,2014-07-26,"Queen's Park Oval, Port of Spain",1,0.6,Trinidad & Tobago Red Steel,Jamaica Tallawahs,E Lewis,KJ O'Brien,DL Vettori,1,0,,,,,,,,,
743161,2014,2014-07-26,"Queen's Park Oval, Port of Spain",1,1.1,Trinidad & Tobago Red Steel,Jamaica Tallawahs,E Lewis,KJ O'Brien,JE Taylor,0,4,,,,4,,,,,
743161,2014,2014-07-26,"Queen's Park Oval, Port of Spain",1,1.2,Trinidad & Tobago Red Steel,Jamaica Tallawahs,E Lewis,KJ O'Brien,JE Taylor,1,0,,,,,,,,,
743161,2014,2014-07-26,"Queen's Park Oval, Port of Spain",1,1.3,Trinidad & Tobago Red Steel,Jamaica Tallawahs,KJ O'Brien,E Lewis,JE Taylor,0,0,,,,,,,,,
743161,2014,2014-07-26,"Queen's Park Oval, Port of Spain",1,1.4,Trinidad & Tobago Red Steel,Jamaica Tallawahs,KJ O'Brien,E Lewis,JE Taylor,4,0,,,,,,,,,
743161,2014,2014-07-26,"Queen's Park Oval, Port of Spain",1,1.5,Trinidad & Tobago Red Steel,Jamaica Tallawahs,KJ O'Brien,E Lewis,JE Taylor,0,1,,,,1,,,,,
743161,2014,2014-07-26,"Queen's Park Oval, Port of Spain",1,1.6,Trinidad & Tobago Red Steel,Jamaica Tallawahs,E Lewis,KJ O'Brien,JE Taylor,0,1,1,,,,,,,,
743161,2014,2014-07-26,"Queen's Park Oval, Port of Spain",1,1.7,Trinidad & Tobago Red Steel,Jamaica Tallawahs,E Lewis,KJ O'Brien,JE Taylor,0,0,,,,,,,,,
743161,2014,2014-07-26,"Queen's Park Oval, Port of Spain",1,2.1,Trinidad & Tobago Red Steel,Jamaica Tallawahs,KJ O'Brien,E Lewis,DL Vettori,0,0,,,,,,,,,
743161,2014,2014-07-26,"Queen's Park Oval, Port of Spain",1,2.2,Trinidad & Tobago Red Steel,Jamaica Tallawahs,KJ O'Brien,E Lewis,DL Vettori,6,0,,,,,,,,,
743161,2014,2014-07-26,"Queen's Park Oval, Port of Spain",1,2.3,Trinidad & Tobago Red Steel,Jamaica Tallawahs,KJ O'Brien,E Lewis,DL Vettori,2,0,,,,,,,,,
743161,2014,2014-07-26,"Queen's Park Oval, Port of Spain",1,2.4,Trinidad & Tobago Red Steel,Jamaica Tallawahs,KJ O'Brien,E Lewis,DL Vettori,0,0,,,,,,,,,
743161,2014,2014-07-26,"Queen's Park Oval, Port of Spain",1,2.5,Trinidad & Tobago Red Steel,Jamaica Tallawahs,KJ O'Brien,E Lewis,DL Vettori,0,0,,,,,,,,,
743161,2014,2014-07-26,"Queen's Park Oval, Port of Spain",1,2.6,Trinidad & Tobago Red Steel,Jamaica Tallawahs,KJ O'Brien,E Lewis,DL Vettori,1,0,,,,,,,,,
743161,2014,2014-07-26,"Queen's Park Oval, Port of Spain",1,3.1,Trinidad & Tobago Red Steel,Jamaica Tallawahs,KJ O'Brien,E Lewis,J Theron,1,0,,,,,,,,,
743161,2014,2014-07-26,"Queen's Park Oval, Port of Spain",1,3.2,Trinidad & Tobago Red Steel,Jamaica Tallawahs,E Lewis,KJ O'Brien,J Theron,1,0,,,,,,,,,
743161,2014,2014-07-26,"Queen's Park Oval, Port of Spain",1,3.3,Trinidad & Tobago Red Steel,Jamaica Tallawahs,KJ O'Brien,E Lewis,J Theron,6,0,,,,,,,,,
743161,2014,2014-07-26,"Queen's Park Oval, Port of Spain",1,3.4,Trinidad & Tobago Red Steel,Jamaica Tallawahs,KJ O'Brien,E Lewis,J Theron,4,0,,,,,,,,,
743161,2014,2014-07-26,"Queen's Park Oval, Port of Spain",1,3.5,Trinidad & Tobago Red Steel,Jamaica Tallawahs,KJ O'Brien,E Lewis,J Theron,2,0,,,,,,,,,
743161,2014,2014-07-26,"Queen's Park Oval, Port of Spain",1,3.6,Trinidad & Tobago Red Steel,Jamaica Tallawahs,KJ O'Brien,E Lewis,J Theron,0,0,,,,,,,,,
743161,2014,2014-07-26,"Queen's Park Oval, Port of Spain",1,4.1,Trinidad & Tobago Red Steel,Jamaica Tallawahs,E Lewis,KJ O'Brien,JE Taylor,2,0,,,,,,,,,
743161,2014,2014-07-26,"Queen's Park Oval, Port of Spain",1,4.2,Trinidad & Tobago Red Steel,Jamaica Tallawahs,E Lewis,KJ O'Brien,JE Taylor,0,0,,,,,,,,,
743161,2014,2014-07-26,"Queen's Park Oval, Port of Spain",1,4.3,Trinidad & Tobago Red Steel,Jamaica Tallawahs,E Lewis,KJ O'Brien,JE Taylor,0,0,,,,,,,,,
743161,2014,2014-07-26,"Queen's Park Oval, Port of Spain",1,4.4,Trinidad & Tobago Red Steel,Jamaica Tallawahs,E Lewis,KJ O'Brien,JE Taylor,0,0,,,,,,,,,
743161,2014,2014-07-26,"Queen's Park Oval, Port of Spain",1,4.5,Trinidad & Tobago Red Steel,Jamaica Tallawahs,E Lewis,KJ O'Brien,JE Taylor,0,0,,,,,,,,,
743161,2014,2014-07-26,"Queen's Park Oval, Port of Spain",1,4.6,Trinidad & Tobago Red Steel,Jamaica Tallawahs,E Lewis,KJ O'Brien,JE Taylor,0,0,,,,,,,,,
743161,2014,2014-07-26,"Queen's Park Oval, Port of Spain",1,5.1,Trinidad & Tobago Red Steel,Jamaica Tallawahs,KJ O'Brien,E Lewis,AD Russell,0,0,,,,,,,,,
743161,2014,2014-07-26,"Queen's Park Oval, Port of Spain",1,5.2,Trinidad & Tobago Red Steel,Jamaica Tallawahs,KJ O'Brien,E Lewis,AD Russell,1,0,,,,,,,,,
743161,2014,2014-07-26,"Queen's Park Oval, Port of Spain",1,5.3,Trinidad & Tobago Red Steel,Jamaica Tallawahs,E Lewis,KJ O'Brien,AD Russell,1,0,,,,,,,,,
743161,2014,2014-07-26,"Queen's Park Oval, Port of Spain",1,5.4,Trinidad & Tobago Red Steel,Jamaica Tallawahs,KJ O'Brien,E Lewis,AD Russell,0,0,,,,,,bowled,KJ O'Brien,,
743161,2014,2014-07-26,"Queen's Park Oval, Port of Spain",1,5.5,Trinidad & Tobago Red Steel,Jamaica Tallawahs,LRPL Taylor,E Lewis,AD Russell,0,1,1,,,,,,,,
743161,2014,2014-07-26,"Queen's Park Oval, Port of Spain",1,5.6,Trinidad & Tobago Red Steel,Jamaica Tallawahs,LRPL Taylor,E Lewis,AD Russell,0,0,,,,,,caught,LRPL Taylor,,
743161,2014,2014-07-26,"Queen's Park Oval, Port of Spain",1,5.7,Trinidad & Tobago Red Steel,Jamaica Tallawahs,DM Bravo,E Lewis,AD Russell,1,0,,,,,,,,,
743161,2014,2014-07-26,"Queen's Park Oval, Port of Spain",1,6.1,Trinidad & Tobago Red Steel,Jamaica Tallawahs,DM Bravo,E Lewis,CH Gayle,0,0,,,,,,,,,
743161,2014,2014-07-26,"Queen's Park Oval, Port of Spain",1,6.2,Trinidad & Tobago Red Steel,Jamaica Tallawahs,DM Bravo,E Lewis,CH Gayle,0,0,,,,,,,,,
743161,2014,2014-07-26,"Queen's Park Oval, Port of Spain",1,6.3,Trinidad & Tobago Red Steel,Jamaica Tallawahs,DM Bravo,E Lewis,CH Gayle,1,0,,,,,,,,,
743161,2014,2014-07-26,"Queen's Park Oval, Port of Spain",1,6.4,Trinidad & Tobago Red Steel,Jamaica Tallawahs,E Lewis,DM Bravo,CH Gayle,0,0,,,,,,,,,
743161,2014,2014-07-26,"Queen's Park Oval, Port of Spain",1,6.5,Trinidad & Tobago Red Steel,Jamaica Tallawahs,E Lewis,DM Bravo,CH Gayle,0,0,,,,,,,,,
743161,2014,2014-07-26,"Queen's Park Oval, Port of Spain",1,6.6,Trinidad & Tobago Red Steel,Jamaica Tallawahs,E Lewis,DM Bravo,CH Gayle,0,0,,,,,,,,,
743161,2014,2014-07-26,"Queen's Park Oval, Port of Spain",1,7.1,Trinidad & Tobago Red Steel,Jamaica Tallawahs,DM Bravo,E Lewis,AD Russell,1,0,,,,,,,,,
743161,2014,2014-07-26,"Queen's Park Oval, Port of Spain",1,7.2,Trinidad & Tobago Red Steel,Jamaica Tallawahs,E Lewis,DM Bravo,AD Russell,0,0,,,,,,,,,
743161,2014,2014-07-26,"Queen's Park Oval, Port of Spain",1,7.3,Trinidad & Tobago Red Steel,Jamaica Tallawahs,E Lewis,DM Bravo,AD Russell,0,0,,,,,,,,,
743161,2014,2014-07-26,"Queen's Park Oval, Port of Spain",1,7.4,Trinidad & Tobago Red Steel,Jamaica Tallawahs,E Lewis,DM Bravo,AD Russell,1,0,,,,,,,,,
743161,2014,2014-07-26,"Queen's Park Oval, Port of Spain",1,7.5,Trinidad & Tobago Red Steel,Jamaica Tallawahs,DM Bravo,E Lewis,AD Russell,0,1,1,,,,,,,,
743161,2014,2014-07-26,"Queen's Park Oval, Port of Spain",1,7.6,Trinidad & Tobago Red Steel,Jamaica Tallawahs,DM Bravo,E Lewis,AD Russell,1,0,,,,,,,,,
743161,2014,2014-07-26,"Queen's Park Oval, Port of Spain",1,7.7,Trinidad & Tobago Red Steel,Jamaica Tallawahs,E Lewis,DM Bravo,AD Russell,1,0,,,,,,,,,
743161,2014,2014-07-26,"Queen's Park Oval, Port of Spain",1,8.1,Trinidad & Tobago Red Steel,Jamaica Tallawahs,E Lewis,DM Bravo,CH Gayle,4,0,,,,,,,,,
743161,2014,2014-07-26,"Queen's Park Oval, Port of Spain",1,8.2,Trinidad & Tobago Red Steel,Jamaica Tallawahs,E Lewis,DM Bravo,CH Gayle,0,0,,,,,,,,,
743161,2014,2014-07-26,"Queen's Park Oval, Port of Spain",1,8.3,Trinidad & Tobago Red Steel,Jamaica Tallawahs,E Lewis,DM Bravo,CH Gayle,6,0,,,,,,,,,
743161,2014,2014-07-26,"Queen's Park Oval, Port of Spain",1,8.4,Trinidad & Tobago Red Steel,Jamaica Tallawahs,E Lewis,DM Bravo,CH Gayle,1,0,,,,,,,,,
743161,2014,2014-07-26,"Queen's Park Oval, Port of Spain",1,8.5,Trinidad & Tobago Red Steel,Jamaica Tallawahs,DM Bravo,E Lewis,CH Gayle,1,0,,,,,,,,,
743161,2014,2014-07-26,"Queen's Park Oval, Port of Spain",1,8.6,Trinidad & Tobago Red Steel,Jamaica Tallawahs,E Lewis,DM Bravo,CH Gayle,4,0,,,,,,,,,
743161,2014,2014-07-26,"Queen's Park Oval, Port of Spain",1,9.1,Trinidad & Tobago Red Steel,Jamaica Tallawahs,DM Bravo,E Lewis,J Theron,0,0,,,,,,,,,
743161,2014,2014-07-26,"Queen's Park Oval, Port of Spain",1,9.2,Trinidad & Tobago Red Steel,Jamaica Tallawahs,DM Bravo,E Lewis,J Theron,1,0,,,,,,,,,
743161,2014,2014-07-26,"Queen's Park Oval, Port of Spain",1,9.3,Trinidad & Tobago Red Steel,Jamaica Tallawahs,E Lewis,DM Bravo,J Theron,0,0,,,,,,,,,
743161,2014,2014-07-26,"Queen's Park Oval, Port of Spain",1,9.4,Trinidad & Tobago Red Steel,Jamaica Tallawahs,E Lewis,DM Bravo,J Theron,1,0,,,,,,,,,
743161,2014,2014-07-26,"Queen's Park Oval, Port of Spain",1,9.5,Trinidad & Tobago Red Steel,Jamaica Tallawahs,DM Bravo,E Lewis,J Theron,1,0,,,,,,,,,
743161,2014,2014-07-26,"Queen's Park Oval, Port of Spain",1,9.6,Trinidad & Tobago Red Steel,Jamaica Tallawahs,E Lewis,DM Bravo,J Theron,1,0,,,,,,,,,
743161,2014,2014-07-26,"Queen's Park Oval, Port of Spain",1,10.1,Trinidad & Tobago Red Steel,Jamaica Tallawahs,E Lewis,DM Bravo,CH Gayle,6,0,,,,,,,,,
743161,2014,2014-07-26,"Queen's Park Oval, Port of Spain",1,10.2,Trinidad & Tobago Red Steel,Jamaica Tallawahs,E Lewis,DM Bravo,CH Gayle,6,0,,,,,,,,,
743161,2014,2014-07-26,"Queen's Park Oval, Port of Spain",1,10.3,Trinidad & Tobago Red Steel,Jamaica Tallawahs,E Lewis,DM Bravo,CH Gayle,1,0,,,,,,,,,
743161,2014,2014-07-26,"Queen's Park Oval, Port of Spain",1,10.4,Trinidad & Tobago Red Steel,Jamaica Tallawahs,DM Bravo,E Lewis,CH Gayle,0,0,,,,,,,,,
743161,2014,2014-07-26,"Queen's Park Oval, Port of Spain",1,10.5,Trinidad & Tobago Red Steel,Jamaica Tallawahs,DM Bravo,E Lewis,CH Gayle,0,0,,,,,,,,,
743161,2014,2014-07-26,"Queen's Park Oval, Port of Spain",1,10.6,Trinidad & Tobago Red Steel,Jamaica Tallawahs,DM Bravo,E Lewis,CH Gayle,4,0,,,,,,,,,
743161,2014,2014-07-26,"Queen's Park Oval, Port of Spain",1,11.1,Trinidad & Tobago Red Steel,Jamaica Tallawahs,E Lewis,DM Bravo,AD Russell,0,0,,,,,,,,,
743161,2014,2014-07-26,"Queen's Park Oval, Port of Spain",1,11.2,Trinidad & Tobago Red Steel,Jamaica Tallawahs,E Lewis,DM Bravo,AD Russell,0,1,1,,,,,,,,
743161,2014,2014-07-26,"Queen's Park Oval, Port of Spain",1,11.3,Trinidad & Tobago Red Steel,Jamaica Tallawahs,E Lewis,DM Bravo,AD Russell,1,0,,,,,,,,,
743161,2014,2014-07-26,"Queen's Park Oval, Port of Spain",1,11.4,Trinidad & Tobago Red Steel,Jamaica Tallawahs,DM Bravo,E Lewis,AD Russell,1,0,,,,,,,,,
743161,2014,2014-07-26,"Queen's Park Oval, Port of Spain",1,11.5,Trinidad & Tobago Red Steel,Jamaica Tallawahs,E Lewis,DM Bravo,AD Russell,1,0,,,,,,,,,
743161,2014,2014-07-26,"Queen's Park Oval, Port of Spain",1,11.6,Trinidad & Tobago Red Steel,Jamaica Tallawahs,DM Bravo,E Lewis,AD Russell,1,0,,,,,,,,,
743161,2014,2014-07-26,"Queen's Park Oval, Port of Spain",1,11.7,Trinidad & Tobago Red Steel,Jamaica Tallawahs,E Lewis,DM Bravo,AD Russell,6,0,,,,,,,,,
743161,2014,2014-07-26,"Queen's Park Oval, Port of Spain",1,12.1,Trinidad & Tobago Red Steel,Jamaica Tallawahs,DM Bravo,E Lewis,DL Vettori,0,0,,,,,,,,,
743161,2014,2014-07-26,"Queen's Park Oval, Port of Spain",1,12.2,Trinidad & Tobago Red Steel,Jamaica Tallawahs,DM Bravo,E Lewis,DL Vettori,1,0,,,,,,,,,
743161,2014,2014-07-26,"Queen's Park Oval, Port of Spain",1,12.3,Trinidad & Tobago Red Steel,Jamaica Tallawahs,E Lewis,DM Bravo,DL Vettori,6,0,,,,,,,,,
743161,2014,2014-07-26,"Queen's Park Oval, Port of Spain",1,12.4,Trinidad & Tobago Red Steel,Jamaica Tallawahs,E Lewis,DM Bravo,DL Vettori,6,0,,,,,,,,,
743161,2014,2014-07-26,"Queen's Park Oval, Port of Spain",1,12.5,Trinidad & Tobago Red Steel,Jamaica Tallawahs,E Lewis,DM Bravo,DL Vettori,0,0,,,,,,,,,
743161,2014,2014-07-26,"Queen's Park Oval, Port of Spain",1,12.6,Trinidad & Tobago Red Steel,Jamaica Tallawahs,E Lewis,DM Bravo,DL Vettori,6,0,,,,,,,,,
743161,2014,2014-07-26,"Queen's Park Oval, Port of Spain",1,13.1,Trinidad & Tobago Red Steel,Jamaica Tallawahs,DM Bravo,E Lewis,JE Taylor,0,1,1,,,,,,,,
743161,2014,2014-07-26,"Queen's Park Oval, Port of Spain",1,13.2,Trinidad & Tobago Red Steel,Jamaica Tallawahs,DM Bravo,E Lewis,JE Taylor,2,0,,,,,,,,,
743161,2014,2014-07-26,"Queen's Park Oval, Port of Spain",1,13.3,Trinidad & Tobago Red Steel,Jamaica Tallawahs,DM Bravo,E Lewis,JE Taylor,0,0,,,,,,,,,
743161,2014,2014-07-26,"Queen's Park Oval, Port of Spain",1,13.4,Trinidad & Tobago Red Steel,Jamaica Tallawahs,DM Bravo,E Lewis,JE Taylor,1,0,,,,,,,,,
743161,2014,2014-07-26,"Queen's Park Oval, Port of Spain",1,13.5,Trinidad & Tobago Red Steel,Jamaica Tallawahs,E Lewis,DM Bravo,JE Taylor,1,0,,,,,,,,,
743161,2014,2014-07-26,"Queen's Park Oval, Port of Spain",1,13.6,Trinidad & Tobago Red Steel,Jamaica Tallawahs,DM Bravo,E Lewis,JE Taylor,1,0,,,,,,,,,
743161,2014,2014-07-26,"Queen's Park Oval, Port of Spain",1,13.7,Trinidad & Tobago Red Steel,Jamaica Tallawahs,E Lewis,DM Bravo,JE Taylor,1,0,,,,,,,,,
743161,2014,2014-07-26,"Queen's Park Oval, Port of Spain",1,14.1,Trinidad & Tobago Red Steel,Jamaica Tallawahs,E Lewis,DM Bravo,J Theron,6,0,,,,,,,,,
743161,2014,2014-07-26,"Queen's Park Oval, Port of Spain",1,14.2,Trinidad & Tobago Red Steel,Jamaica Tallawahs,E Lewis,DM Bravo,J Theron,0,0,,,,,,caught,E Lewis,,
743161,2014,2014-07-26,"Queen's Park Oval, Port of Spain",1,14.3,Trinidad & Tobago Red Steel,Jamaica Tallawahs,DM Bravo,DJ Bravo,J Theron,0,0,,,,,,,,,
743161,2014,2014-07-26,"Queen's Park Oval, Port of Spain",1,14.4,Trinidad & Tobago Red Steel,Jamaica Tallawahs,DM Bravo,DJ Bravo,J Theron,0,0,,,,,,,,,
743161,2014,2014-07-26,"Queen's Park Oval, Port of Spain",1,14.5,Trinidad & Tobago Red Steel,Jamaica Tallawahs,DM Bravo,DJ Bravo,J Theron,2,0,,,,,,,,,
743161,2014,2014-07-26,"Queen's Park Oval, Port of Spain",1,14.6,Trinidad & Tobago Red Steel,Jamaica Tallawahs,DM Bravo,DJ Bravo,J Theron,1,0,,,,,,,,,
743161,2014,2014-07-26,"Queen's Park Oval, Port of Spain",1,15.1,Trinidad & Tobago Red Steel,Jamaica Tallawahs,DM Bravo,DJ Bravo,NO Miller,2,0,,,,,,,,,
743161,2014,2014-07-26,"Queen's Park Oval, Port of Spain",1,15.2,Trinidad & Tobago Red Steel,Jamaica Tallawahs,DM Bravo,DJ Bravo,NO Miller,6,0,,,,,,,,,
743161,2014,2014-07-26,"Queen's Park Oval, Port of Spain",1,15.3,Trinidad & Tobago Red Steel,Jamaica Tallawahs,DM Bravo,DJ Bravo,NO Miller,0,0,,,,,,,,,
743161,2014,2014-07-26,"Queen's Park Oval, Port of Spain",1,15.4,Trinidad & Tobago Red Steel,Jamaica Tallawahs,DM Bravo,DJ Bravo,NO Miller,1,0,,,,,,,,,
743161,2014,2014-07-26,"Queen's Park Oval, Port of Spain",1,15.5,Trinidad & Tobago Red Steel,Jamaica Tallawahs,DJ Bravo,DM Bravo,NO Miller,0,0,,,,,,,,,
743161,2014,2014-07-26,"Queen's Park Oval, Port of Spain",1,15.6,Trinidad & Tobago Red Steel,Jamaica Tallawahs,DJ Bravo,DM Bravo,NO Miller,1,0,,,,,,,,,
743161,2014,2014-07-26,"Queen's Park Oval, Port of Spain",1,16.1,Trinidad & Tobago Red Steel,Jamaica Tallawahs,DJ Bravo,DM Bravo,J Theron,1,0,,,,,,,,,
743161,2014,2014-07-26,"Queen's Park Oval, Port of Spain",1,16.2,Trinidad & Tobago Red Steel,Jamaica Tallawahs,DM Bravo,DJ Bravo,J Theron,0,0,,,,,,bowled,DM Bravo,,
743161,2014,2014-07-26,"Queen's Park Oval, Port of Spain",1,16.3,Trinidad & Tobago Red Steel,Jamaica Tallawahs,N Pooran,DJ Bravo,J Theron,1,0,,,,,,,,,
743161,2014,2014-07-26,"Queen's Park Oval, Port of Spain",1,16.4,Trinidad & Tobago Red Steel,Jamaica Tallawahs,DJ Bravo,N Pooran,J Theron,4,0,,,,,,,,,
743161,2014,2014-07-26,"Queen's Park Oval, Port of Spain",1,16.5,Trinidad & Tobago Red Steel,Jamaica Tallawahs,DJ Bravo,N Pooran,J Theron,0,0,,,,,,,,,
743161,2014,2014-07-26,"Queen's Park Oval, Port of Spain",1,16.6,Trinidad & Tobago Red Steel,Jamaica Tallawahs,DJ Bravo,N Pooran,J Theron,1,0,,,,,,,,,
743161,2014,2014-07-26,"Queen's Park Oval, Port of Spain",1,17.1,Trinidad & Tobago Red Steel,Jamaica Tallawahs,DJ Bravo,N Pooran,NO Miller,6,0,,,,,,,,,
743161,2014,2014-07-26,"Queen's Park Oval, Port of Spain",1,17.2,Trinidad & Tobago Red Steel,Jamaica Tallawahs,DJ Bravo,N Pooran,NO Miller,1,0,,,,,,,,,
743161,2014,2014-07-26,"Queen's Park Oval, Port of Spain",1,17.3,Trinidad & Tobago Red Steel,Jamaica Tallawahs,N Pooran,DJ Bravo,NO Miller,0,0,,,,,,,,,
743161,2014,2014-07-26,"Queen's Park Oval, Port of Spain",1,17.4,Trinidad & Tobago Red Steel,Jamaica Tallawahs,N Pooran,DJ Bravo,NO Miller,0,0,,,,,,caught,N Pooran,,
743161,2014,2014-07-26,"Queen's Park Oval, Port of Spain",1,17.5,Trinidad & Tobago Red Steel,Jamaica Tallawahs,DJ Bravo,JPR Scantlebury-Searles,NO Miller,0,0,,,,,,,,,
743161,2014,2014-07-26,"Queen's Park Oval, Port of Spain",1,17.6,Trinidad & Tobago Red Steel,Jamaica Tallawahs,DJ Bravo,JPR Scantlebury-Searles,NO Miller,1,0,,,,,,,,,
743161,2014,2014-07-26,"Queen's Park Oval, Port of Spain",1,18.1,Trinidad & Tobago Red Steel,Jamaica Tallawahs,DJ Bravo,JPR Scantlebury-Searles,AD Russell,0,0,,,,,,,,,
743161,2014,2014-07-26,"Queen's Park Oval, Port of Spain",1,18.2,Trinidad & Tobago Red Steel,Jamaica Tallawahs,DJ Bravo,JPR Scantlebury-Searles,AD Russell,1,0,,,,,,,,,
743161,2014,2014-07-26,"Queen's Park Oval, Port of Spain",1,18.3,Trinidad & Tobago Red Steel,Jamaica Tallawahs,JPR Scantlebury-Searles,DJ Bravo,AD Russell,1,0,,,,,,,,,
743161,2014,2014-07-26,"Queen's Park Oval, Port of Spain",1,18.4,Trinidad & Tobago Red Steel,Jamaica Tallawahs,DJ Bravo,JPR Scantlebury-Searles,AD Russell,0,0,,,,,,,,,
743161,2014,2014-07-26,"Queen's Park Oval, Port of Spain",1,18.5,Trinidad & Tobago Red Steel,Jamaica Tallawahs,DJ Bravo,JPR Scantlebury-Searles,AD Russell,0,0,,,,,,,,,
743161,2014,2014-07-26,"Queen's Park Oval, Port of Spain",1,18.6,Trinidad & Tobago Red Steel,Jamaica Tallawahs,DJ Bravo,JPR Scantlebury-Searles,AD Russell,1,0,,,,,,,,,
743161,2014,2014-07-26,"Queen's Park Oval, Port of Spain",1,19.1,Trinidad & Tobago Red Steel,Jamaica Tallawahs,DJ Bravo,JPR Scantlebury-Searles,JE Taylor,0,0,,,,,,,,,
743161,2014,2014-07-26,"Queen's Park Oval, Port of Spain",1,19.2,Trinidad & Tobago Red Steel,Jamaica Tallawahs,DJ Bravo,JPR Scantlebury-Searles,JE Taylor,6,0,,,,,,,,,
743161,2014,2014-07-26,"Queen's Park Oval, Port of Spain",1,19.3,Trinidad & Tobago Red Steel,Jamaica Tallawahs,DJ Bravo,JPR Scantlebury-Searles,JE Taylor,1,0,,,,,,,,,
743161,2014,2014-07-26,"Queen's Park Oval, Port of Spain",1,19.4,Trinidad & Tobago Red Steel,Jamaica Tallawahs,JPR Scantlebury-Searles,DJ Bravo,JE Taylor,6,0,,,,,,,,,
743161,2014,2014-07-26,"Queen's Park Oval, Port of Spain",1,19.5,Trinidad & Tobago Red Steel,Jamaica Tallawahs,JPR Scantlebury-Searles,DJ Bravo,JE Taylor,6,0,,,,,,,,,
743161,2014,2014-07-26,"Queen's Park Oval, Port of Spain",1,19.6,Trinidad & Tobago Red Steel,Jamaica Tallawahs,JPR Scantlebury-Searles,DJ Bravo,JE Taylor,1,0,,,,,,,,,
743161,2014,2014-07-26,"Queen's Park Oval, Port of Spain",2,0.1,Jamaica Tallawahs,Trinidad & Tobago Red Steel,CAK Walton,CH Gayle,FH Edwards,0,1,1,,,,,,,,
743161,2014,2014-07-26,"Queen's Park Oval, Port of Spain",2,0.2,Jamaica Tallawahs,Trinidad & Tobago Red Steel,CAK Walton,CH Gayle,FH Edwards,0,0,,,,,,,,,
743161,2014,2014-07-26,"Queen's Park Oval, Port of Spain",2,0.3,Jamaica Tallawahs,Trinidad & Tobago Red Steel,CAK Walton,CH Gayle,FH Edwards,0,0,,,,,,,,,
743161,2014,2014-07-26,"Queen's Park Oval, Port of Spain",2,0.4,Jamaica Tallawahs,Trinidad & Tobago Red Steel,CAK Walton,CH Gayle,FH Edwards,4,0,,,,,,,,,
743161,2014,2014-07-26,"Queen's Park Oval, Port of Spain",2,0.5,Jamaica Tallawahs,Trinidad & Tobago Red Steel,CAK Walton,CH Gayle,FH Edwards,0,0,,,,,,,,,
743161,2014,2014-07-26,"Queen's Park Oval, Port of Spain",2,0.6,Jamaica Tallawahs,Trinidad & Tobago Red Steel,CAK Walton,CH Gayle,FH Edwards,0,0,,,,,,,,,
743161,2014,2014-07-26,"Queen's Park Oval, Port of Spain",2,0.7,Jamaica Tallawahs,Trinidad & Tobago Red Steel,CAK Walton,CH Gayle,FH Edwards,4,0,,,,,,,,,
743161,2014,2014-07-26,"Queen's Park Oval, Port of Spain",2,1.1,Jamaica Tallawahs,Trinidad & Tobago Red Steel,CH Gayle,CAK Walton,S Badree,0,0,,,,,,,,,
743161,2014,2014-07-26,"Queen's Park Oval, Port of Spain",2,1.2,Jamaica Tallawahs,Trinidad & Tobago Red Steel,CH Gayle,CAK Walton,S Badree,4,0,,,,,,,,,
743161,2014,2014-07-26,"Queen's Park Oval, Port of Spain",2,1.3,Jamaica Tallawahs,Trinidad & Tobago Red Steel,CH Gayle,CAK Walton,S Badree,4,0,,,,,,,,,
743161,2014,2014-07-26,"Queen's Park Oval, Port of Spain",2,1.4,Jamaica Tallawahs,Trinidad & Tobago Red Steel,CH Gayle,CAK Walton,S Badree,4,0,,,,,,,,,
743161,2014,2014-07-26,"Queen's Park Oval, Port of Spain",2,1.5,Jamaica Tallawahs,Trinidad & Tobago Red Steel,CH Gayle,CAK Walton,S Badree,0,0,,,,,,,,,
743161,2014,2014-07-26,"Queen's Park Oval, Port of Spain",2,1.6,Jamaica Tallawahs,Trinidad & Tobago Red Steel,CH Gayle,CAK Walton,S Badree,0,0,,,,,,,,,
743161,2014,2014-07-26,"Queen's Park Oval, Port of Spain",2,2.1,Jamaica Tallawahs,Trinidad & Tobago Red Steel,CAK Walton,CH Gayle,FH Edwards,0,0,,,,,,,,,
743161,2014,2014-07-26,"Queen's Park Oval, Port of Spain",2,2.2,Jamaica Tallawahs,Trinidad & Tobago Red Steel,CAK Walton,CH Gayle,FH Edwards,0,0,,,,,,caught,CAK Walton,,
743161,2014,2014-07-26,"Queen's Park Oval, Port of Spain",2,2.3,Jamaica Tallawahs,Trinidad & Tobago Red Steel,CH Gayle,J Blackwood,FH Edwards,0,0,,,,,,,,,
743161,2014,2014-07-26,"Queen's Park Oval, Port of Spain",2,2.4,Jamaica Tallawahs,Trinidad & Tobago Red Steel,CH Gayle,J Blackwood,FH Edwards,0,0,,,,,,,,,
743161,2014,2014-07-26,"Queen's Park Oval, Port of Spain",2,2.5,Jamaica Tallawahs,Trinidad & Tobago Red Steel,CH Gayle,J Blackwood,FH Edwards,0,0,,,,,,,,,
743161,2014,2014-07-26,"Queen's Park Oval, Port of Spain",2,2.6,Jamaica Tallawahs,Trinidad & Tobago Red Steel,CH Gayle,J Blackwood,FH Edwards,1,0,,,,,,,,,
743161,2014,2014-07-26,"Queen's Park Oval, Port of Spain",2,3.1,Jamaica Tallawahs,Trinidad & Tobago Red Steel,CH Gayle,J Blackwood,KK Cooper,1,0,,,,,,,,,
743161,2014,2014-07-26,"Queen's Park Oval, Port of Spain",2,3.2,Jamaica Tallawahs,Trinidad & Tobago Red Steel,J Blackwood,CH Gayle,KK Cooper,0,0,,,,,,,,,
743161,2014,2014-07-26,"Queen's Park Oval, Port of Spain",2,3.3,Jamaica Tallawahs,Trinidad & Tobago Red Steel,J Blackwood,CH Gayle,KK Cooper,0,0,,,,,,,,,
743161,2014,2014-07-26,"Queen's Park Oval, Port of Spain",2,3.4,Jamaica Tallawahs,Trinidad & Tobago Red Steel,J Blackwood,CH Gayle,KK Cooper,4,0,,,,,,,,,
743161,2014,2014-07-26,"Queen's Park Oval, Port of Spain",2,3.5,Jamaica Tallawahs,Trinidad & Tobago Red Steel,J Blackwood,CH Gayle,KK Cooper,0,0,,,,,,,,,
743161,2014,2014-07-26,"Queen's Park Oval, Port of Spain",2,3.6,Jamaica Tallawahs,Trinidad & Tobago Red Steel,J Blackwood,CH Gayle,KK Cooper,0,0,,,,,,,,,
743161,2014,2014-07-26,"Queen's Park Oval, Port of Spain",2,4.1,Jamaica Tallawahs,Trinidad & Tobago Red Steel,CH Gayle,J Blackwood,FH Edwards,0,5,5,,,,,,,,
743161,2014,2014-07-26,"Queen's Park Oval, Port of Spain",2,4.2,Jamaica Tallawahs,Trinidad & Tobago Red Steel,CH Gayle,J Blackwood,FH Edwards,0,0,,,,,,,,,
743161,2014,2014-07-26,"Queen's Park Oval, Port of Spain",2,4.3,Jamaica Tallawahs,Trinidad & Tobago Red Steel,CH Gayle,J Blackwood,FH Edwards,0,0,,,,,,,,,
743161,2014,2014-07-26,"Queen's Park Oval, Port of Spain",2,4.4,Jamaica Tallawahs,Trinidad & Tobago Red Steel,CH Gayle,J Blackwood,FH Edwards,0,4,,,4,,,,,,
743161,2014,2014-07-26,"Queen's Park Oval, Port of Spain",2,4.5,Jamaica Tallawahs,Trinidad & Tobago Red Steel,CH Gayle,J Blackwood,FH Edwards,1,0,,,,,,,,,
743161,2014,2014-07-26,"Queen's Park Oval, Port of Spain",2,4.6,Jamaica Tallawahs,Trinidad & Tobago Red Steel,J Blackwood,CH Gayle,FH Edwards,0,0,,,,,,,,,
743161,2014,2014-07-26,"Queen's Park Oval, Port of Spain",2,4.7,Jamaica Tallawahs,Trinidad & Tobago Red Steel,J Blackwood,CH Gayle,FH Edwards,0,0,,,,,,,,,
743161,2014,2014-07-26,"Queen's Park Oval, Port of Spain",2,5.1,Jamaica Tallawahs,Trinidad & Tobago Red Steel,CH Gayle,J Blackwood,KK Cooper,0,0,,,,,,,,,
743161,2014,2014-07-26,"Queen's Park Oval, Port of Spain",2,5.2,Jamaica Tallawahs,Trinidad & Tobago Red Steel,CH Gayle,J Blackwood,KK Cooper,0,0,,,,,,,,,
743161,2014,2014-07-26,"Queen's Park Oval, Port of Spain",2,5.3,Jamaica Tallawahs,Trinidad & Tobago Red Steel,CH Gayle,J Blackwood,KK Cooper,0,0,,,,,,,,,
743161,2014,2014-07-26,"Queen's Park Oval, Port of Spain",2,5.4,Jamaica Tallawahs,Trinidad & Tobago Red Steel,CH Gayle,J Blackwood,KK Cooper,0,0,,,,,,,,,
743161,2014,2014-07-26,"Queen's Park Oval, Port of Spain",2,5.5,Jamaica Tallawahs,Trinidad & Tobago Red Steel,CH Gayle,J Blackwood,KK Cooper,1,0,,,,,,,,,
743161,2014,2014-07-26,"Queen's Park Oval, Port of Spain",2,5.6,Jamaica Tallawahs,Trinidad & Tobago Red Steel,J Blackwood,CH Gayle,KK Cooper,1,0,,,,,,,,,
743161,2014,2014-07-26,"Queen's Park Oval, Port of Spain",2,6.1,Jamaica Tallawahs,Trinidad & Tobago Red Steel,J Blackwood,CH Gayle,JPR Scantlebury-Searles,0,0,,,,,,,,,
743161,2014,2014-07-26,"Queen's Park Oval, Port of Spain",2,6.2,Jamaica Tallawahs,Trinidad & Tobago Red Steel,J Blackwood,CH Gayle,JPR Scantlebury-Searles,1,0,,,,,,,,,
743161,2014,2014-07-26,"Queen's Park Oval, Port of Spain",2,6.3,Jamaica Tallawahs,Trinidad & Tobago Red Steel,CH Gayle,J Blackwood,JPR Scantlebury-Searles,1,0,,,,,,,,,
743161,2014,2014-07-26,"Queen's Park Oval, Port of Spain",2,6.4,Jamaica Tallawahs,Trinidad & Tobago Red Steel,J Blackwood,CH Gayle,JPR Scantlebury-Searles,0,0,,,,,,,,,
743161,2014,2014-07-26,"Queen's Park Oval, Port of Spain",2,6.5,Jamaica Tallawahs,Trinidad & Tobago Red Steel,J Blackwood,CH Gayle,JPR Scantlebury-Searles,1,0,,,,,,,,,
743161,2014,2014-07-26,"Queen's Park Oval, Port of Spain",2,6.6,Jamaica Tallawahs,Trinidad & Tobago Red Steel,CH Gayle,J Blackwood,JPR Scantlebury-Searles,0,0,,,,,,,,,
743161,2014,2014-07-26,"Queen's Park Oval, Port of Spain",2,7.1,Jamaica Tallawahs,Trinidad & Tobago Red Steel,J Blackwood,CH Gayle,DJ Bravo,0,1,,,,1,,,,,
743161,2014,2014-07-26,"Queen's Park Oval, Port of Spain",2,7.2,Jamaica Tallawahs,Trinidad & Tobago Red Steel,CH Gayle,J Blackwood,DJ Bravo,6,0,,,,,,,,,
743161,2014,2014-07-26,"Queen's Park Oval, Port of Spain",2,7.3,Jamaica Tallawahs,Trinidad & Tobago Red Steel,CH Gayle,J Blackwood,DJ Bravo,1,0,,,,,,,,,
743161,2014,2014-07-26,"Queen's Park Oval, Port of Spain",2,7.4,Jamaica Tallawahs,Trinidad & Tobago Red Steel,J Blackwood,CH Gayle,DJ Bravo,1,0,,,,,,,,,
743161,2014,2014-07-26,"Queen's Park Oval, Port of Spain",2,7.5,Jamaica Tallawahs,Trinidad & Tobago Red Steel,CH Gayle,J Blackwood,DJ Bravo,1,0,,,,,,,,,
743161,2014,2014-07-26,"Queen's Park Oval, Port of Spain",2,7.6,Jamaica Tallawahs,Trinidad & Tobago Red Steel,J Blackwood,CH Gayle,DJ Bravo,4,0,,,,,,,,,
743161,2014,2014-07-26,"Queen's Park Oval, Port of Spain",2,8.1,Jamaica Tallawahs,Trinidad & Tobago Red Steel,CH Gayle,J Blackwood,JPR Scantlebury-Searles,2,0,,,,,,,,,
743161,2014,2014-07-26,"Queen's Park Oval, Port of Spain",2,8.2,Jamaica Tallawahs,Trinidad & Tobago Red Steel,CH Gayle,J Blackwood,JPR Scantlebury-Searles,4,0,,,,,,,,,
743161,2014,2014-07-26,"Queen's Park Oval, Port of Spain",2,8.3,Jamaica Tallawahs,Trinidad & Tobago Red Steel,CH Gayle,J Blackwood,JPR Scantlebury-Searles,1,0,,,,,,,,,
743161,2014,2014-07-26,"Queen's Park Oval, Port of Spain",2,8.4,Jamaica Tallawahs,Trinidad & Tobago Red Steel,J Blackwood,CH Gayle,JPR Scantlebury-Searles,6,0,,,,,,,,,
743161,2014,2014-07-26,"Queen's Park Oval, Port of Spain",2,8.5,Jamaica Tallawahs,Trinidad & Tobago Red Steel,J Blackwood,CH Gayle,JPR Scantlebury-Searles,0,0,,,,,,,,,
743161,2014,2014-07-26,"Queen's Park Oval, Port of Spain",2,8.6,Jamaica Tallawahs,Trinidad & Tobago Red Steel,J Blackwood,CH Gayle,JPR Scantlebury-Searles,1,1,,1,,,,,,,
743161,2014,2014-07-26,"Queen's Park Oval, Port of Spain",2,8.7,Jamaica Tallawahs,Trinidad & Tobago Red Steel,CH Gayle,J Blackwood,JPR Scantlebury-Searles,1,0,,,,,,,,,
743161,2014,2014-07-26,"Queen's Park Oval, Port of Spain",2,9.1,Jamaica Tallawahs,Trinidad & Tobago Red Steel,CH Gayle,J Blackwood,DJ Bravo,4,0,,,,,,,,,
743161,2014,2014-07-26,"Queen's Park Oval, Port of Spain",2,9.2,Jamaica Tallawahs,Trinidad & Tobago Red Steel,CH Gayle,J Blackwood,DJ Bravo,1,0,,,,,,,,,
743161,2014,2014-07-26,"Queen's Park Oval, Port of Spain",2,9.3,Jamaica Tallawahs,Trinidad & Tobago Red Steel,J Blackwood,CH Gayle,DJ Bravo,1,0,,,,,,,,,
743161,2014,2014-07-26,"Queen's Park Oval, Port of Spain",2,9.4,Jamaica Tallawahs,Trinidad & Tobago Red Steel,CH Gayle,J Blackwood,DJ Bravo,0,0,,,,,,,,,
743161,2014,2014-07-26,"Queen's Park Oval, Port of Spain",2,9.5,Jamaica Tallawahs,Trinidad & Tobago Red Steel,CH Gayle,J Blackwood,DJ Bravo,2,0,,,,,,,,,
743161,2014,2014-07-26,"Queen's Park Oval, Port of Spain",2,9.6,Jamaica Tallawahs,Trinidad & Tobago Red Steel,CH Gayle,J Blackwood,DJ Bravo,2,0,,,,,,,,,
743161,2014,2014-07-26,"Queen's Park Oval, Port of Spain",2,10.1,Jamaica Tallawahs,Trinidad & Tobago Red Steel,J Blackwood,CH Gayle,SJ Benn,0,0,,,,,,,,,
743161,2014,2014-07-26,"Queen's Park Oval, Port of Spain",2,10.2,Jamaica Tallawahs,Trinidad & Tobago Red Steel,J Blackwood,CH Gayle,SJ Benn,1,0,,,,,,,,,
743161,2014,2014-07-26,"Queen's Park Oval, Port of Spain",2,10.3,Jamaica Tallawahs,Trinidad & Tobago Red Steel,CH Gayle,J Blackwood,SJ Benn,1,0,,,,,,,,,
743161,2014,2014-07-26,"Queen's Park Oval, Port of Spain",2,10.4,Jamaica Tallawahs,Trinidad & Tobago Red Steel,J Blackwood,CH Gayle,SJ Benn,1,0,,,,,,,,,
743161,2014,2014-07-26,"Queen's Park Oval, Port of Spain",2,10.5,Jamaica Tallawahs,Trinidad & Tobago Red Steel,CH Gayle,J Blackwood,SJ Benn,6,0,,,,,,,,,
743161,2014,2014-07-26,"Queen's Park Oval, Port of Spain",2,10.6,Jamaica Tallawahs,Trinidad & Tobago Red Steel,CH Gayle,J Blackwood,SJ Benn,0,0,,,,,,,,,
743161,2014,2014-07-26,"Queen's Park Oval, Port of Spain",2,11.1,Jamaica Tallawahs,Trinidad & Tobago Red Steel,J Blackwood,CH Gayle,KJ O'Brien,0,0,,,,,,,,,
743161,2014,2014-07-26,"Queen's Park Oval, Port of Spain",2,11.2,Jamaica Tallawahs,Trinidad & Tobago Red Steel,J Blackwood,CH Gayle,KJ O'Brien,6,0,,,,,,,,,
743161,2014,2014-07-26,"Queen's Park Oval, Port of Spain",2,11.3,Jamaica Tallawahs,Trinidad & Tobago Red Steel,J Blackwood,CH Gayle,KJ O'Brien,0,0,,,,,,,,,
743161,2014,2014-07-26,"Queen's Park Oval, Port of Spain",2,11.4,Jamaica Tallawahs,Trinidad & Tobago Red Steel,J Blackwood,CH Gayle,KJ O'Brien,0,0,,,,,,caught,J Blackwood,,
743161,2014,2014-07-26,"Queen's Park Oval, Port of Spain",2,11.5,Jamaica Tallawahs,Trinidad & Tobago Red Steel,CH Gayle,AC Voges,KJ O'Brien,1,0,,,,,,,,,
743161,2014,2014-07-26,"Queen's Park Oval, Port of Spain",2,11.6,Jamaica Tallawahs,Trinidad & Tobago Red Steel,AC Voges,CH Gayle,KJ O'Brien,1,0,,,,,,,,,
743161,2014,2014-07-26,"Queen's Park Oval, Port of Spain",2,12.1,Jamaica Tallawahs,Trinidad & Tobago Red Steel,AC Voges,CH Gayle,JPR Scantlebury-Searles,0,0,,,,,,,,,
743161,2014,2014-07-26,"Queen's Park Oval, Port of Spain",2,12.2,Jamaica Tallawahs,Trinidad & Tobago Red Steel,AC Voges,CH Gayle,JPR Scantlebury-Searles,6,0,,,,,,,,,
743161,2014,2014-07-26,"Queen's Park Oval, Port of Spain",2,12.3,Jamaica Tallawahs,Trinidad & Tobago Red Steel,AC Voges,CH Gayle,JPR Scantlebury-Searles,1,0,,,,,,,,,
743161,2014,2014-07-26,"Queen's Park Oval, Port of Spain",2,12.4,Jamaica Tallawahs,Trinidad & Tobago Red Steel,CH Gayle,AC Voges,JPR Scantlebury-Searles,0,0,,,,,,,,,
743161,2014,2014-07-26,"Queen's Park Oval, Port of Spain",2,12.5,Jamaica Tallawahs,Trinidad & Tobago Red Steel,CH Gayle,AC Voges,JPR Scantlebury-Searles,1,0,,,,,,,,,
743161,2014,2014-07-26,"Queen's Park Oval, Port of Spain",2,12.6,Jamaica Tallawahs,Trinidad & Tobago Red Steel,AC Voges,CH Gayle,JPR Scantlebury-Searles,1,0,,,,,,,,,
743161,2014,2014-07-26,"Queen's Park Oval, Port of Spain",2,13.1,Jamaica Tallawahs,Trinidad & Tobago Red Steel,AC Voges,CH Gayle,KK Cooper,1,0,,,,,,,,,
743161,2014,2014-07-26,"Queen's Park Oval, Port of Spain",2,13.2,Jamaica Tallawahs,Trinidad & Tobago Red Steel,CH Gayle,AC Voges,KK Cooper,1,0,,,,,,,,,
743161,2014,2014-07-26,"Queen's Park Oval, Port of Spain",2,13.3,Jamaica Tallawahs,Trinidad & Tobago Red Steel,AC Voges,CH Gayle,KK Cooper,1,0,,,,,,,,,
743161,2014,2014-07-26,"Queen's Park Oval, Port of Spain",2,13.4,Jamaica Tallawahs,Trinidad & Tobago Red Steel,CH Gayle,AC Voges,KK Cooper,1,0,,,,,,,,,
743161,2014,2014-07-26,"Queen's Park Oval, Port of Spain",2,13.5,Jamaica Tallawahs,Trinidad & Tobago Red Steel,AC Voges,CH Gayle,KK Cooper,1,0,,,,,,,,,
743161,2014,2014-07-26,"Queen's Park Oval, Port of Spain",2,13.6,Jamaica Tallawahs,Trinidad & Tobago Red Steel,CH Gayle,AC Voges,KK Cooper,1,0,,,,,,,,,
743161,2014,2014-07-26,"Queen's Park Oval, Port of Spain",2,14.1,Jamaica Tallawahs,Trinidad & Tobago Red Steel,CH Gayle,AC Voges,KJ O'Brien,0,1,1,,,,,,,,
743161,2014,2014-07-26,"Queen's Park Oval, Port of Spain",2,14.2,Jamaica Tallawahs,Trinidad & Tobago Red Steel,CH Gayle,AC Voges,KJ O'Brien,0,0,,,,,,,,,
743161,2014,2014-07-26,"Queen's Park Oval, Port of Spain",2,14.3,Jamaica Tallawahs,Trinidad & Tobago Red Steel,CH Gayle,AC Voges,KJ O'Brien,6,0,,,,,,,,,
743161,2014,2014-07-26,"Queen's Park Oval, Port of Spain",2,14.4,Jamaica Tallawahs,Trinidad & Tobago Red Steel,CH Gayle,AC Voges,KJ O'Brien,0,0,,,,,,caught,CH Gayle,,
743161,2014,2014-07-26,"Queen's Park Oval, Port of Spain",2,14.5,Jamaica Tallawahs,Trinidad & Tobago Red Steel,AC Voges,AD Russell,KJ O'Brien,0,0,,,,,,caught and bowled,AC Voges,,
743161,2014,2014-07-26,"Queen's Park Oval, Port of Spain",2,14.6,Jamaica Tallawahs,Trinidad & Tobago Red Steel,AD Russell,OA Shah,KJ O'Brien,0,0,,,,,,,,,
743161,2014,2014-07-26,"Queen's Park Oval, Port of Spain",2,14.7,Jamaica Tallawahs,Trinidad & Tobago Red Steel,AD Russell,OA Shah,KJ O'Brien,0,0,,,,,,,,,
743161,2014,2014-07-26,"Queen's Park Oval, Port of Spain",2,15.1,Jamaica Tallawahs,Trinidad & Tobago Red Steel,OA Shah,AD Russell,S Badree,0,0,,,,,,,,,
743161,2014,2014-07-26,"Queen's Park Oval, Port of Spain",2,15.2,Jamaica Tallawahs,Trinidad & Tobago Red Steel,OA Shah,AD Russell,S Badree,1,0,,,,,,,,,
743161,2014,2014-07-26,"Queen's Park Oval, Port of Spain",2,15.3,Jamaica Tallawahs,Trinidad & Tobago Red Steel,AD Russell,OA Shah,S Badree,0,0,,,,,,,,,
743161,2014,2014-07-26,"Queen's Park Oval, Port of Spain",2,15.4,Jamaica Tallawahs,Trinidad & Tobago Red Steel,AD Russell,OA Shah,S Badree,0,0,,,,,,,,,
743161,2014,2014-07-26,"Queen's Park Oval, Port of Spain",2,15.5,Jamaica Tallawahs,Trinidad & Tobago Red Steel,AD Russell,OA Shah,S Badree,1,0,,,,,,,,,
743161,2014,2014-07-26,"Queen's Park Oval, Port of Spain",2,15.6,Jamaica Tallawahs,Trinidad & Tobago Red Steel,OA Shah,AD Russell,S Badree,1,0,,,,,,,,,
743161,2014,2014-07-26,"Queen's Park Oval, Port of Spain",2,16.1,Jamaica Tallawahs,Trinidad & Tobago Red Steel,OA Shah,AD Russell,KJ O'Brien,0,0,,,,,,lbw,OA Shah,,
743161,2014,2014-07-26,"Queen's Park Oval, Port of Spain",2,16.2,Jamaica Tallawahs,Trinidad & Tobago Red Steel,CS Baugh,AD Russell,KJ O'Brien,0,0,,,,,,,,,
743161,2014,2014-07-26,"Queen's Park Oval, Port of Spain",2,16.3,Jamaica Tallawahs,Trinidad & Tobago Red Steel,CS Baugh,AD Russell,KJ O'Brien,1,0,,,,,,,,,
743161,2014,2014-07-26,"Queen's Park Oval, Port of Spain",2,16.4,Jamaica Tallawahs,Trinidad & Tobago Red Steel,AD Russell,CS Baugh,KJ O'Brien,0,0,,,,,,,,,
743161,2014,2014-07-26,"Queen's Park Oval, Port of Spain",2,16.5,Jamaica Tallawahs,Trinidad & Tobago Red Steel,AD Russell,CS Baugh,KJ O'Brien,4,0,,,,,,,,,
743161,2014,2014-07-26,"Queen's Park Oval, Port of Spain",2,16.6,Jamaica Tallawahs,Trinidad & Tobago Red Steel,AD Russell,CS Baugh,KJ O'Brien,2,0,,,,,,,,,
743161,2014,2014-07-26,"Queen's Park Oval, Port of Spain",2,17.1,Jamaica Tallawahs,Trinidad & Tobago Red Steel,CS Baugh,AD Russell,KK Cooper,0,0,,,,,,,,,
743161,2014,2014-07-26,"Queen's Park Oval, Port of Spain",2,17.2,Jamaica Tallawahs,Trinidad & Tobago Red Steel,CS Baugh,AD Russell,KK Cooper,0,0,,,,,,,,,
743161,2014,2014-07-26,"Queen's Park Oval, Port of Spain",2,17.3,Jamaica Tallawahs,Trinidad & Tobago Red Steel,CS Baugh,AD Russell,KK Cooper,0,1,,,1,,,,,,
743161,2014,2014-07-26,"Queen's Park Oval, Port of Spain",2,17.4,Jamaica Tallawahs,Trinidad & Tobago Red Steel,AD Russell,CS Baugh,KK Cooper,1,0,,,,,,,,,
743161,2014,2014-07-26,"Queen's Park Oval, Port of Spain",2,17.5,Jamaica Tallawahs,Trinidad & Tobago Red Steel,CS Baugh,AD Russell,KK Cooper,1,0,,,,,,,,,
743161,2014,2014-07-26,"Queen's Park Oval, Port of Spain",2,17.6,Jamaica Tallawahs,Trinidad & Tobago Red Steel,AD Russell,CS Baugh,KK Cooper,1,0,,,,,,,,,
743161,2014,2014-07-26,"Queen's Park Oval, Port of Spain",2,18.1,Jamaica Tallawahs,Trinidad & Tobago Red Steel,AD Russell,CS Baugh,FH Edwards,1,0,,,,,,,,,
743161,2014,2014-07-26,"Queen's Park Oval, Port of Spain",2,18.2,Jamaica Tallawahs,Trinidad & Tobago Red Steel,CS Baugh,AD Russell,FH Edwards,2,0,,,,,,,,,
743161,2014,2014-07-26,"Queen's Park Oval, Port of Spain",2,18.3,Jamaica Tallawahs,Trinidad & Tobago Red Steel,CS Baugh,AD Russell,FH Edwards,0,0,,,,,,,,,
743161,2014,2014-07-26,"Queen's Park Oval, Port of Spain",2,18.4,Jamaica Tallawahs,Trinidad & Tobago Red Steel,CS Baugh,AD Russell,FH Edwards,1,0,,,,,,,,,
743161,2014,2014-07-26,"Queen's Park Oval, Port of Spain",2,18.5,Jamaica Tallawahs,Trinidad & Tobago Red Steel,AD Russell,CS Baugh,FH Edwards,6,0,,,,,,,,,
743161,2014,2014-07-26,"Queen's Park Oval, Port of Spain",2,18.6,Jamaica Tallawahs,Trinidad & Tobago Red Steel,AD Russell,CS Baugh,FH Edwards,6,0,,,,,,,,,
743161,2014,2014-07-26,"Queen's Park Oval, Port of Spain",2,19.1,Jamaica Tallawahs,Trinidad & Tobago Red Steel,CS Baugh,AD Russell,DJ Bravo,0,0,,,,,,run out,CS Baugh,,
743161,2014,2014-07-26,"Queen's Park Oval, Port of Spain",2,19.2,Jamaica Tallawahs,Trinidad & Tobago Red Steel,DL Vettori,AD Russell,DJ Bravo,0,1,,,1,,,,,,
743161,2014,2014-07-26,"Queen's Park Oval, Port of Spain",2,19.3,Jamaica Tallawahs,Trinidad & Tobago Red Steel,AD Russell,DL Vettori,DJ Bravo,0,0,,,,,,,,,
743161,2014,2014-07-26,"Queen's Park Oval, Port of Spain",2,19.4,Jamaica Tallawahs,Trinidad & Tobago Red Steel,AD Russell,DL Vettori,DJ Bravo,6,0,,,,,,,,,
743161,2014,2014-07-26,"Queen's Park Oval, Port of Spain",2,19.5,Jamaica Tallawahs,Trinidad & Tobago Red Steel,AD Russell,DL Vettori,DJ Bravo,6,0,,,,,,,,,
743161,2014,2014-07-26,"Queen's Park Oval, Port of Spain",2,19.6,Jamaica Tallawahs,Trinidad & Tobago Red Steel,AD Russell,DL Vettori,DJ Bravo,6,0,,,,,,,,,
