match_id,season,start_date,venue,innings,ball,batting_team,bowling_team,striker,non_striker,bowler,runs_off_bat,extras,wides,noballs,byes,legbyes,penalty,wicket_type,player_dismissed,other_wicket_type,other_player_dismissed
743155,2014,2014-07-23,"Kensington Oval, Bridgetown",1,0.1,Barbados Tridents,St Lucia Zouks,DR Smith,SO Dowrich,RE van der Merwe,4,0,,,,,,,,,
743155,2014,2014-07-23,"Kensington Oval, Bridgetown",1,0.2,Barbados Tridents,St Lucia Zouks,DR Smith,SO Dowrich,RE van der Merwe,4,0,,,,,,,,,
743155,2014,2014-07-23,"Kensington Oval, Bridgetown",1,0.3,Barbados Tridents,St Lucia Zouks,DR Smith,SO Dowrich,RE van der Merwe,0,0,,,,,,,,,
743155,2014,2014-07-23,"Kensington Oval, Bridgetown",1,0.4,Barbados Tridents,St Lucia Zouks,DR Smith,SO Dowrich,RE van der Merwe,6,0,,,,,,,,,
743155,2014,2014-07-23,"Kensington Oval, Bridgetown",1,0.5,Barbados Tridents,St Lucia Zouks,DR Smith,SO Dowrich,RE van der Merwe,0,0,,,,,,,,,
743155,2014,2014-07-23,"Kensington Oval, Bridgetown",1,0.6,Barbados Tridents,St Lucia Zouks,DR Smith,SO Dowrich,RE van der Merwe,4,0,,,,,,,,,
743155,2014,2014-07-23,"Kensington Oval, Bridgetown",1,1.1,Barbados Tridents,St Lucia Zouks,SO Dowrich,DR Smith,Sohail Tanvir,0,0,,,,,,caught,SO Dowrich,,
743155,2014,2014-07-23,"Kensington Oval, Bridgetown",1,1.2,Barbados Tridents,St Lucia Zouks,Shoaib Malik,DR Smith,Sohail Tanvir,0,1,1,,,,,,,,
743155,2014,2014-07-23,"Kensington Oval, Bridgetown",1,1.3,Barbados Tridents,St Lucia Zouks,Shoaib Malik,DR Smith,Sohail Tanvir,2,0,,,,,,,,,
743155,2014,2014-07-23,"Kensington Oval, Bridgetown",1,1.4,Barbados Tridents,St Lucia Zouks,Shoaib Malik,DR Smith,Sohail Tanvir,0,0,,,,,,,,,
743155,2014,2014-07-23,"Kensington Oval, Bridgetown",1,1.5,Barbados Tridents,St Lucia Zouks,Shoaib Malik,DR Smith,Sohail Tanvir,3,0,,,,,,,,,
743155,2014,2014-07-23,"Kensington Oval, Bridgetown",1,1.6,Barbados Tridents,St Lucia Zouks,DR Smith,Shoaib Malik,Sohail Tanvir,0,0,,,,,,,,,
743155,2014,2014-07-23,"Kensington Oval, Bridgetown",1,1.7,Barbados Tridents,St Lucia Zouks,DR Smith,Shoaib Malik,Sohail Tanvir,1,0,,,,,,,,,
743155,2014,2014-07-23,"Kensington Oval, Bridgetown",1,2.1,Barbados Tridents,St Lucia Zouks,DR Smith,Shoaib Malik,TL Best,0,0,,,,,,,,,
743155,2014,2014-07-23,"Kensington Oval, Bridgetown",1,2.2,Barbados Tridents,St Lucia Zouks,DR Smith,Shoaib Malik,TL Best,0,1,1,,,,,,,,
743155,2014,2014-07-23,"Kensington Oval, Bridgetown",1,2.3,Barbados Tridents,St Lucia Zouks,DR Smith,Shoaib Malik,TL Best,4,0,,,,,,,,,
743155,2014,2014-07-23,"Kensington Oval, Bridgetown",1,2.4,Barbados Tridents,St Lucia Zouks,DR Smith,Shoaib Malik,TL Best,0,0,,,,,,,,,
743155,2014,2014-07-23,"Kensington Oval, Bridgetown",1,2.5,Barbados Tridents,St Lucia Zouks,DR Smith,Shoaib Malik,TL Best,0,0,,,,,,,,,
743155,2014,2014-07-23,"Kensington Oval, Bridgetown",1,2.6,Barbados Tridents,St Lucia Zouks,DR Smith,Shoaib Malik,TL Best,0,2,,,,2,,,,,
743155,2014,2014-07-23,"Kensington Oval, Bridgetown",1,2.7,Barbados Tridents,St Lucia Zouks,DR Smith,Shoaib Malik,TL Best,0,0,,,,,,,,,
743155,2014,2014-07-23,"Kensington Oval, Bridgetown",1,3.1,Barbados Tridents,St Lucia Zouks,Shoaib Malik,DR Smith,Sohail Tanvir,1,0,,,,,,,,,
743155,2014,2014-07-23,"Kensington Oval, Bridgetown",1,3.2,Barbados Tridents,St Lucia Zouks,DR Smith,Shoaib Malik,Sohail Tanvir,0,0,,,,,,,,,
743155,2014,2014-07-23,"Kensington Oval, Bridgetown",1,3.3,Barbados Tridents,St Lucia Zouks,DR Smith,Shoaib Malik,Sohail Tanvir,0,0,,,,,,,,,
743155,2014,2014-07-23,"Kensington Oval, Bridgetown",1,3.4,Barbados Tridents,St Lucia Zouks,DR Smith,Shoaib Malik,Sohail Tanvir,1,0,,,,,,,,,
743155,2014,2014-07-23,"Kensington Oval, Bridgetown",1,3.5,Barbados Tridents,St Lucia Zouks,Shoaib Malik,DR Smith,Sohail Tanvir,0,0,,,,,,,,,
743155,2014,2014-07-23,"Kensington Oval, Bridgetown",1,3.6,Barbados Tridents,St Lucia Zouks,Shoaib Malik,DR Smith,Sohail Tanvir,4,0,,,,,,,,,
743155,2014,2014-07-23,"Kensington Oval, Bridgetown",1,4.1,Barbados Tridents,St Lucia Zouks,DR Smith,Shoaib Malik,TL Best,1,0,,,,,,,,,
743155,2014,2014-07-23,"Kensington Oval, Bridgetown",1,4.2,Barbados Tridents,St Lucia Zouks,Shoaib Malik,DR Smith,TL Best,1,0,,,,,,,,,
743155,2014,2014-07-23,"Kensington Oval, Bridgetown",1,4.3,Barbados Tridents,St Lucia Zouks,DR Smith,Shoaib Malik,TL Best,0,0,,,,,,,,,
743155,2014,2014-07-23,"Kensington Oval, Bridgetown",1,4.4,Barbados Tridents,St Lucia Zouks,DR Smith,Shoaib Malik,TL Best,0,0,,,,,,,,,
743155,2014,2014-07-23,"Kensington Oval, Bridgetown",1,4.5,Barbados Tridents,St Lucia Zouks,DR Smith,Shoaib Malik,TL Best,4,0,,,,,,,,,
743155,2014,2014-07-23,"Kensington Oval, Bridgetown",1,4.6,Barbados Tridents,St Lucia Zouks,DR Smith,Shoaib Malik,TL Best,0,0,,,,,,,,,
743155,2014,2014-07-23,"Kensington Oval, Bridgetown",1,5.1,Barbados Tridents,St Lucia Zouks,Shoaib Malik,DR Smith,DJG Sammy,1,0,,,,,,,,,
743155,2014,2014-07-23,"Kensington Oval, Bridgetown",1,5.2,Barbados Tridents,St Lucia Zouks,DR Smith,Shoaib Malik,DJG Sammy,0,0,,,,,,,,,
743155,2014,2014-07-23,"Kensington Oval, Bridgetown",1,5.3,Barbados Tridents,St Lucia Zouks,DR Smith,Shoaib Malik,DJG Sammy,0,0,,,,,,,,,
743155,2014,2014-07-23,"Kensington Oval, Bridgetown",1,5.4,Barbados Tridents,St Lucia Zouks,DR Smith,Shoaib Malik,DJG Sammy,1,0,,,,,,,,,
743155,2014,2014-07-23,"Kensington Oval, Bridgetown",1,5.5,Barbados Tridents,St Lucia Zouks,Shoaib Malik,DR Smith,DJG Sammy,1,0,,,,,,,,,
743155,2014,2014-07-23,"Kensington Oval, Bridgetown",1,5.6,Barbados Tridents,St Lucia Zouks,DR Smith,Shoaib Malik,DJG Sammy,0,0,,,,,,,,,
743155,2014,2014-07-23,"Kensington Oval, Bridgetown",1,6.1,Barbados Tridents,St Lucia Zouks,Shoaib Malik,DR Smith,M Matthew,0,1,1,,,,,,,,
743155,2014,2014-07-23,"Kensington Oval, Bridgetown",1,6.2,Barbados Tridents,St Lucia Zouks,Shoaib Malik,DR Smith,M Matthew,0,0,,,,,,,,,
743155,2014,2014-07-23,"Kensington Oval, Bridgetown",1,6.3,Barbados Tridents,St Lucia Zouks,Shoaib Malik,DR Smith,M Matthew,0,0,,,,,,,,,
743155,2014,2014-07-23,"Kensington Oval, Bridgetown",1,6.4,Barbados Tridents,St Lucia Zouks,Shoaib Malik,DR Smith,M Matthew,1,0,,,,,,,,,
743155,2014,2014-07-23,"Kensington Oval, Bridgetown",1,6.5,Barbados Tridents,St Lucia Zouks,DR Smith,Shoaib Malik,M Matthew,1,0,,,,,,,,,
743155,2014,2014-07-23,"Kensington Oval, Bridgetown",1,6.6,Barbados Tridents,St Lucia Zouks,Shoaib Malik,DR Smith,M Matthew,1,0,,,,,,,,,
743155,2014,2014-07-23,"Kensington Oval, Bridgetown",1,6.7,Barbados Tridents,St Lucia Zouks,DR Smith,Shoaib Malik,M Matthew,1,0,,,,,,,,,
743155,2014,2014-07-23,"Kensington Oval, Bridgetown",1,7.1,Barbados Tridents,St Lucia Zouks,DR Smith,Shoaib Malik,DJG Sammy,1,0,,,,,,,,,
743155,2014,2014-07-23,"Kensington Oval, Bridgetown",1,7.2,Barbados Tridents,St Lucia Zouks,Shoaib Malik,DR Smith,DJG Sammy,2,0,,,,,,,,,
743155,2014,2014-07-23,"Kensington Oval, Bridgetown",1,7.3,Barbados Tridents,St Lucia Zouks,Shoaib Malik,DR Smith,DJG Sammy,1,0,,,,,,,,,
743155,2014,2014-07-23,"Kensington Oval, Bridgetown",1,7.4,Barbados Tridents,St Lucia Zouks,DR Smith,Shoaib Malik,DJG Sammy,0,0,,,,,,,,,
743155,2014,2014-07-23,"Kensington Oval, Bridgetown",1,7.5,Barbados Tridents,St Lucia Zouks,DR Smith,Shoaib Malik,DJG Sammy,6,1,,1,,,,,,,
743155,2014,2014-07-23,"Kensington Oval, Bridgetown",1,7.6,Barbados Tridents,St Lucia Zouks,DR Smith,Shoaib Malik,DJG Sammy,1,0,,,,,,,,,
743155,2014,2014-07-23,"Kensington Oval, Bridgetown",1,7.7,Barbados Tridents,St Lucia Zouks,Shoaib Malik,DR Smith,DJG Sammy,1,0,,,,,,,,,
743155,2014,2014-07-23,"Kensington Oval, Bridgetown",1,8.1,Barbados Tridents,St Lucia Zouks,Shoaib Malik,DR Smith,M Matthew,2,0,,,,,,,,,
743155,2014,2014-07-23,"Kensington Oval, Bridgetown",1,8.2,Barbados Tridents,St Lucia Zouks,Shoaib Malik,DR Smith,M Matthew,1,0,,,,,,,,,
743155,2014,2014-07-23,"Kensington Oval, Bridgetown",1,8.3,Barbados Tridents,St Lucia Zouks,DR Smith,Shoaib Malik,M Matthew,2,0,,,,,,,,,
743155,2014,2014-07-23,"Kensington Oval, Bridgetown",1,8.4,Barbados Tridents,St Lucia Zouks,DR Smith,Shoaib Malik,M Matthew,1,0,,,,,,,,,
743155,2014,2014-07-23,"Kensington Oval, Bridgetown",1,8.5,Barbados Tridents,St Lucia Zouks,Shoaib Malik,DR Smith,M Matthew,0,0,,,,,,,,,
743155,2014,2014-07-23,"Kensington Oval, Bridgetown",1,8.6,Barbados Tridents,St Lucia Zouks,Shoaib Malik,DR Smith,M Matthew,1,0,,,,,,,,,
743155,2014,2014-07-23,"Kensington Oval, Bridgetown",1,9.1,Barbados Tridents,St Lucia Zouks,Shoaib Malik,DR Smith,S Shillingford,1,0,,,,,,,,,
743155,2014,2014-07-23,"Kensington Oval, Bridgetown",1,9.2,Barbados Tridents,St Lucia Zouks,DR Smith,Shoaib Malik,S Shillingford,1,0,,,,,,,,,
743155,2014,2014-07-23,"Kensington Oval, Bridgetown",1,9.3,Barbados Tridents,St Lucia Zouks,Shoaib Malik,DR Smith,S Shillingford,1,0,,,,,,,,,
743155,2014,2014-07-23,"Kensington Oval, Bridgetown",1,9.4,Barbados Tridents,St Lucia Zouks,DR Smith,Shoaib Malik,S Shillingford,1,0,,,,,,,,,
743155,2014,2014-07-23,"Kensington Oval, Bridgetown",1,9.5,Barbados Tridents,St Lucia Zouks,Shoaib Malik,DR Smith,S Shillingford,1,0,,,,,,,,,
743155,2014,2014-07-23,"Kensington Oval, Bridgetown",1,9.6,Barbados Tridents,St Lucia Zouks,DR Smith,Shoaib Malik,S Shillingford,1,0,,,,,,,,,
743155,2014,2014-07-23,"Kensington Oval, Bridgetown",1,10.1,Barbados Tridents,St Lucia Zouks,DR Smith,Shoaib Malik,DJG Sammy,1,0,,,,,,,,,
743155,2014,2014-07-23,"Kensington Oval, Bridgetown",1,10.2,Barbados Tridents,St Lucia Zouks,Shoaib Malik,DR Smith,DJG Sammy,1,0,,,,,,,,,
743155,2014,2014-07-23,"Kensington Oval, Bridgetown",1,10.3,Barbados Tridents,St Lucia Zouks,DR Smith,Shoaib Malik,DJG Sammy,4,0,,,,,,,,,
743155,2014,2014-07-23,"Kensington Oval, Bridgetown",1,10.4,Barbados Tridents,St Lucia Zouks,DR Smith,Shoaib Malik,DJG Sammy,1,0,,,,,,,,,
743155,2014,2014-07-23,"Kensington Oval, Bridgetown",1,10.5,Barbados Tridents,St Lucia Zouks,Shoaib Malik,DR Smith,DJG Sammy,0,1,,,,1,,,,,
743155,2014,2014-07-23,"Kensington Oval, Bridgetown",1,10.6,Barbados Tridents,St Lucia Zouks,DR Smith,Shoaib Malik,DJG Sammy,0,0,,,,,,,,,
743155,2014,2014-07-23,"Kensington Oval, Bridgetown",1,11.1,Barbados Tridents,St Lucia Zouks,Shoaib Malik,DR Smith,S Shillingford,4,0,,,,,,,,,
743155,2014,2014-07-23,"Kensington Oval, Bridgetown",1,11.2,Barbados Tridents,St Lucia Zouks,Shoaib Malik,DR Smith,S Shillingford,1,0,,,,,,,,,
743155,2014,2014-07-23,"Kensington Oval, Bridgetown",1,11.3,Barbados Tridents,St Lucia Zouks,DR Smith,Shoaib Malik,S Shillingford,1,0,,,,,,,,,
743155,2014,2014-07-23,"Kensington Oval, Bridgetown",1,11.4,Barbados Tridents,St Lucia Zouks,Shoaib Malik,DR Smith,S Shillingford,2,0,,,,,,,,,
743155,2014,2014-07-23,"Kensington Oval, Bridgetown",1,11.5,Barbados Tridents,St Lucia Zouks,Shoaib Malik,DR Smith,S Shillingford,1,0,,,,,,,,,
743155,2014,2014-07-23,"Kensington Oval, Bridgetown",1,11.6,Barbados Tridents,St Lucia Zouks,DR Smith,Shoaib Malik,S Shillingford,1,0,,,,,,,,,
743155,2014,2014-07-23,"Kensington Oval, Bridgetown",1,12.1,Barbados Tridents,St Lucia Zouks,DR Smith,Shoaib Malik,DJG Sammy,6,0,,,,,,,,,
743155,2014,2014-07-23,"Kensington Oval, Bridgetown",1,12.2,Barbados Tridents,St Lucia Zouks,DR Smith,Shoaib Malik,DJG Sammy,1,0,,,,,,,,,
743155,2014,2014-07-23,"Kensington Oval, Bridgetown",1,12.3,Barbados Tridents,St Lucia Zouks,Shoaib Malik,DR Smith,DJG Sammy,1,0,,,,,,,,,
743155,2014,2014-07-23,"Kensington Oval, Bridgetown",1,12.4,Barbados Tridents,St Lucia Zouks,DR Smith,Shoaib Malik,DJG Sammy,1,0,,,,,,,,,
743155,2014,2014-07-23,"Kensington Oval, Bridgetown",1,12.5,Barbados Tridents,St Lucia Zouks,Shoaib Malik,DR Smith,DJG Sammy,1,0,,,,,,,,,
743155,2014,2014-07-23,"Kensington Oval, Bridgetown",1,12.6,Barbados Tridents,St Lucia Zouks,DR Smith,Shoaib Malik,DJG Sammy,1,0,,,,,,,,,
743155,2014,2014-07-23,"Kensington Oval, Bridgetown",1,13.1,Barbados Tridents,St Lucia Zouks,DR Smith,Shoaib Malik,S Shillingford,0,0,,,,,,,,,
743155,2014,2014-07-23,"Kensington Oval, Bridgetown",1,13.2,Barbados Tridents,St Lucia Zouks,DR Smith,Shoaib Malik,S Shillingford,0,0,,,,,,,,,
743155,2014,2014-07-23,"Kensington Oval, Bridgetown",1,13.3,Barbados Tridents,St Lucia Zouks,DR Smith,Shoaib Malik,S Shillingford,1,0,,,,,,,,,
743155,2014,2014-07-23,"Kensington Oval, Bridgetown",1,13.4,Barbados Tridents,St Lucia Zouks,Shoaib Malik,DR Smith,S Shillingford,2,0,,,,,,,,,
743155,2014,2014-07-23,"Kensington Oval, Bridgetown",1,13.5,Barbados Tridents,St Lucia Zouks,Shoaib Malik,DR Smith,S Shillingford,0,0,,,,,,,,,
743155,2014,2014-07-23,"Kensington Oval, Bridgetown",1,13.6,Barbados Tridents,St Lucia Zouks,Shoaib Malik,DR Smith,S Shillingford,2,0,,,,,,,,,
743155,2014,2014-07-23,"Kensington Oval, Bridgetown",1,14.1,Barbados Tridents,St Lucia Zouks,DR Smith,Shoaib Malik,TL Best,6,0,,,,,,,,,
743155,2014,2014-07-23,"Kensington Oval, Bridgetown",1,14.2,Barbados Tridents,St Lucia Zouks,DR Smith,Shoaib Malik,TL Best,1,0,,,,,,,,,
743155,2014,2014-07-23,"Kensington Oval, Bridgetown",1,14.3,Barbados Tridents,St Lucia Zouks,Shoaib Malik,DR Smith,TL Best,4,0,,,,,,,,,
743155,2014,2014-07-23,"Kensington Oval, Bridgetown",1,14.4,Barbados Tridents,St Lucia Zouks,Shoaib Malik,DR Smith,TL Best,4,0,,,,,,,,,
743155,2014,2014-07-23,"Kensington Oval, Bridgetown",1,14.5,Barbados Tridents,St Lucia Zouks,Shoaib Malik,DR Smith,TL Best,0,1,1,,,,,,,,
743155,2014,2014-07-23,"Kensington Oval, Bridgetown",1,14.6,Barbados Tridents,St Lucia Zouks,Shoaib Malik,DR Smith,TL Best,0,0,,,,,,bowled,Shoaib Malik,,
743155,2014,2014-07-23,"Kensington Oval, Bridgetown",1,14.7,Barbados Tridents,St Lucia Zouks,KA Pollard,DR Smith,TL Best,0,0,,,,,,,,,
743155,2014,2014-07-23,"Kensington Oval, Bridgetown",1,15.1,Barbados Tridents,St Lucia Zouks,DR Smith,KA Pollard,S Shillingford,1,0,,,,,,,,,
743155,2014,2014-07-23,"Kensington Oval, Bridgetown",1,15.2,Barbados Tridents,St Lucia Zouks,KA Pollard,DR Smith,S Shillingford,0,0,,,,,,,,,
743155,2014,2014-07-23,"Kensington Oval, Bridgetown",1,15.3,Barbados Tridents,St Lucia Zouks,KA Pollard,DR Smith,S Shillingford,1,0,,,,,,,,,
743155,2014,2014-07-23,"Kensington Oval, Bridgetown",1,15.4,Barbados Tridents,St Lucia Zouks,DR Smith,KA Pollard,S Shillingford,2,0,,,,,,,,,
743155,2014,2014-07-23,"Kensington Oval, Bridgetown",1,15.5,Barbados Tridents,St Lucia Zouks,DR Smith,KA Pollard,S Shillingford,6,0,,,,,,,,,
743155,2014,2014-07-23,"Kensington Oval, Bridgetown",1,15.6,Barbados Tridents,St Lucia Zouks,DR Smith,KA Pollard,S Shillingford,1,0,,,,,,,,,
743155,2014,2014-07-23,"Kensington Oval, Bridgetown",1,16.1,Barbados Tridents,St Lucia Zouks,DR Smith,KA Pollard,M Matthew,1,0,,,,,,,,,
743155,2014,2014-07-23,"Kensington Oval, Bridgetown",1,16.2,Barbados Tridents,St Lucia Zouks,KA Pollard,DR Smith,M Matthew,2,0,,,,,,,,,
743155,2014,2014-07-23,"Kensington Oval, Bridgetown",1,16.3,Barbados Tridents,St Lucia Zouks,KA Pollard,DR Smith,M Matthew,1,0,,,,,,,,,
743155,2014,2014-07-23,"Kensington Oval, Bridgetown",1,16.4,Barbados Tridents,St Lucia Zouks,DR Smith,KA Pollard,M Matthew,6,0,,,,,,,,,
743155,2014,2014-07-23,"Kensington Oval, Bridgetown",1,16.5,Barbados Tridents,St Lucia Zouks,DR Smith,KA Pollard,M Matthew,1,0,,,,,,,,,
743155,2014,2014-07-23,"Kensington Oval, Bridgetown",1,16.6,Barbados Tridents,St Lucia Zouks,KA Pollard,DR Smith,M Matthew,1,0,,,,,,,,,
743155,2014,2014-07-23,"Kensington Oval, Bridgetown",1,17.1,Barbados Tridents,St Lucia Zouks,KA Pollard,DR Smith,Sohail Tanvir,1,0,,,,,,,,,
743155,2014,2014-07-23,"Kensington Oval, Bridgetown",1,17.2,Barbados Tridents,St Lucia Zouks,DR Smith,KA Pollard,Sohail Tanvir,1,0,,,,,,,,,
743155,2014,2014-07-23,"Kensington Oval, Bridgetown",1,17.3,Barbados Tridents,St Lucia Zouks,KA Pollard,DR Smith,Sohail Tanvir,0,1,,,,1,,,,,
743155,2014,2014-07-23,"Kensington Oval, Bridgetown",1,17.4,Barbados Tridents,St Lucia Zouks,DR Smith,KA Pollard,Sohail Tanvir,2,0,,,,,,,,,
743155,2014,2014-07-23,"Kensington Oval, Bridgetown",1,17.5,Barbados Tridents,St Lucia Zouks,DR Smith,KA Pollard,Sohail Tanvir,4,0,,,,,,,,,
743155,2014,2014-07-23,"Kensington Oval, Bridgetown",1,17.6,Barbados Tridents,St Lucia Zouks,DR Smith,KA Pollard,Sohail Tanvir,0,0,,,,,,,,,
743155,2014,2014-07-23,"Kensington Oval, Bridgetown",1,18.1,Barbados Tridents,St Lucia Zouks,KA Pollard,DR Smith,M Matthew,6,0,,,,,,,,,
743155,2014,2014-07-23,"Kensington Oval, Bridgetown",1,18.2,Barbados Tridents,St Lucia Zouks,KA Pollard,DR Smith,M Matthew,1,0,,,,,,,,,
743155,2014,2014-07-23,"Kensington Oval, Bridgetown",1,18.3,Barbados Tridents,St Lucia Zouks,DR Smith,KA Pollard,M Matthew,1,0,,,,,,,,,
743155,2014,2014-07-23,"Kensington Oval, Bridgetown",1,18.4,Barbados Tridents,St Lucia Zouks,KA Pollard,DR Smith,M Matthew,1,0,,,,,,,,,
743155,2014,2014-07-23,"Kensington Oval, Bridgetown",1,18.5,Barbados Tridents,St Lucia Zouks,DR Smith,KA Pollard,M Matthew,0,0,,,,,,,,,
743155,2014,2014-07-23,"Kensington Oval, Bridgetown",1,18.6,Barbados Tridents,St Lucia Zouks,DR Smith,KA Pollard,M Matthew,0,0,,,,,,,,,
743155,2014,2014-07-23,"Kensington Oval, Bridgetown",1,19.1,Barbados Tridents,St Lucia Zouks,KA Pollard,DR Smith,Sohail Tanvir,1,0,,,,,,,,,
743155,2014,2014-07-23,"Kensington Oval, Bridgetown",1,19.2,Barbados Tridents,St Lucia Zouks,DR Smith,KA Pollard,Sohail Tanvir,1,0,,,,,,,,,
743155,2014,2014-07-23,"Kensington Oval, Bridgetown",1,19.3,Barbados Tridents,St Lucia Zouks,KA Pollard,DR Smith,Sohail Tanvir,2,0,,,,,,,,,
743155,2014,2014-07-23,"Kensington Oval, Bridgetown",1,19.4,Barbados Tridents,St Lucia Zouks,KA Pollard,DR Smith,Sohail Tanvir,1,0,,,,,,,,,
743155,2014,2014-07-23,"Kensington Oval, Bridgetown",1,19.5,Barbados Tridents,St Lucia Zouks,DR Smith,KA Pollard,Sohail Tanvir,6,0,,,,,,,,,
743155,2014,2014-07-23,"Kensington Oval, Bridgetown",1,19.6,Barbados Tridents,St Lucia Zouks,DR Smith,KA Pollard,Sohail Tanvir,6,0,,,,,,,,,
743155,2014,2014-07-23,"Kensington Oval, Bridgetown",2,0.1,St Lucia Zouks,Barbados Tridents,J Charles,H Davids,JO Holder,0,0,,,,,,,,,
743155,2014,2014-07-23,"Kensington Oval, Bridgetown",2,0.2,St Lucia Zouks,Barbados Tridents,J Charles,H Davids,JO Holder,0,0,,,,,,,,,
743155,2014,2014-07-23,"Kensington Oval, Bridgetown",2,0.3,St Lucia Zouks,Barbados Tridents,J Charles,H Davids,JO Holder,0,1,,,1,,,,,,
743155,2014,2014-07-23,"Kensington Oval, Bridgetown",2,0.4,St Lucia Zouks,Barbados Tridents,H Davids,J Charles,JO Holder,0,0,,,,,,,,,
743155,2014,2014-07-23,"Kensington Oval, Bridgetown",2,0.5,St Lucia Zouks,Barbados Tridents,H Davids,J Charles,JO Holder,0,0,,,,,,,,,
743155,2014,2014-07-23,"Kensington Oval, Bridgetown",2,0.6,St Lucia Zouks,Barbados Tridents,H Davids,J Charles,JO Holder,1,0,,,,,,,,,
743155,2014,2014-07-23,"Kensington Oval, Bridgetown",2,1.1,St Lucia Zouks,Barbados Tridents,H Davids,J Charles,R Rampaul,0,0,,,,,,,,,
743155,2014,2014-07-23,"Kensington Oval, Bridgetown",2,1.2,St Lucia Zouks,Barbados Tridents,H Davids,J Charles,R Rampaul,0,0,,,,,,,,,
743155,2014,2014-07-23,"Kensington Oval, Bridgetown",2,1.3,St Lucia Zouks,Barbados Tridents,H Davids,J Charles,R Rampaul,1,0,,,,,,,,,
743155,2014,2014-07-23,"Kensington Oval, Bridgetown",2,1.4,St Lucia Zouks,Barbados Tridents,J Charles,H Davids,R Rampaul,0,0,,,,,,,,,
743155,2014,2014-07-23,"Kensington Oval, Bridgetown",2,1.5,St Lucia Zouks,Barbados Tridents,J Charles,H Davids,R Rampaul,4,0,,,,,,,,,
743155,2014,2014-07-23,"Kensington Oval, Bridgetown",2,1.6,St Lucia Zouks,Barbados Tridents,J Charles,H Davids,R Rampaul,6,0,,,,,,,,,
743155,2014,2014-07-23,"Kensington Oval, Bridgetown",2,2.1,St Lucia Zouks,Barbados Tridents,H Davids,J Charles,JO Holder,1,0,,,,,,,,,
743155,2014,2014-07-23,"Kensington Oval, Bridgetown",2,2.2,St Lucia Zouks,Barbados Tridents,J Charles,H Davids,JO Holder,2,0,,,,,,,,,
743155,2014,2014-07-23,"Kensington Oval, Bridgetown",2,2.3,St Lucia Zouks,Barbados Tridents,J Charles,H Davids,JO Holder,0,0,,,,,,run out,J Charles,,
743155,2014,2014-07-23,"Kensington Oval, Bridgetown",2,2.4,St Lucia Zouks,Barbados Tridents,H Davids,ADS Fletcher,JO Holder,0,0,,,,,,,,,
743155,2014,2014-07-23,"Kensington Oval, Bridgetown",2,2.5,St Lucia Zouks,Barbados Tridents,H Davids,ADS Fletcher,JO Holder,4,0,,,,,,,,,
743155,2014,2014-07-23,"Kensington Oval, Bridgetown",2,2.6,St Lucia Zouks,Barbados Tridents,H Davids,ADS Fletcher,JO Holder,0,1,1,,,,,,,,
743155,2014,2014-07-23,"Kensington Oval, Bridgetown",2,2.7,St Lucia Zouks,Barbados Tridents,H Davids,ADS Fletcher,JO Holder,1,0,,,,,,,,,
743155,2014,2014-07-23,"Kensington Oval, Bridgetown",2,3.1,St Lucia Zouks,Barbados Tridents,H Davids,ADS Fletcher,AJ Hosein,0,0,,,,,,,,,
743155,2014,2014-07-23,"Kensington Oval, Bridgetown",2,3.2,St Lucia Zouks,Barbados Tridents,H Davids,ADS Fletcher,AJ Hosein,1,0,,,,,,,,,
743155,2014,2014-07-23,"Kensington Oval, Bridgetown",2,3.3,St Lucia Zouks,Barbados Tridents,ADS Fletcher,H Davids,AJ Hosein,0,0,,,,,,,,,
743155,2014,2014-07-23,"Kensington Oval, Bridgetown",2,3.4,St Lucia Zouks,Barbados Tridents,ADS Fletcher,H Davids,AJ Hosein,0,0,,,,,,,,,
743155,2014,2014-07-23,"Kensington Oval, Bridgetown",2,3.5,St Lucia Zouks,Barbados Tridents,ADS Fletcher,H Davids,AJ Hosein,0,0,,,,,,,,,
743155,2014,2014-07-23,"Kensington Oval, Bridgetown",2,3.6,St Lucia Zouks,Barbados Tridents,ADS Fletcher,H Davids,AJ Hosein,0,0,,,,,,,,,
743155,2014,2014-07-23,"Kensington Oval, Bridgetown",2,4.1,St Lucia Zouks,Barbados Tridents,H Davids,ADS Fletcher,R Rampaul,1,0,,,,,,,,,
743155,2014,2014-07-23,"Kensington Oval, Bridgetown",2,4.2,St Lucia Zouks,Barbados Tridents,ADS Fletcher,H Davids,R Rampaul,0,0,,,,,,,,,
743155,2014,2014-07-23,"Kensington Oval, Bridgetown",2,4.3,St Lucia Zouks,Barbados Tridents,ADS Fletcher,H Davids,R Rampaul,4,0,,,,,,,,,
743155,2014,2014-07-23,"Kensington Oval, Bridgetown",2,4.4,St Lucia Zouks,Barbados Tridents,ADS Fletcher,H Davids,R Rampaul,1,0,,,,,,,,,
743155,2014,2014-07-23,"Kensington Oval, Bridgetown",2,4.5,St Lucia Zouks,Barbados Tridents,H Davids,ADS Fletcher,R Rampaul,0,0,,,,,,,,,
743155,2014,2014-07-23,"Kensington Oval, Bridgetown",2,4.6,St Lucia Zouks,Barbados Tridents,H Davids,ADS Fletcher,R Rampaul,4,0,,,,,,,,,
743155,2014,2014-07-23,"Kensington Oval, Bridgetown",2,5.1,St Lucia Zouks,Barbados Tridents,ADS Fletcher,H Davids,AJ Hosein,0,0,,,,,,,,,
743155,2014,2014-07-23,"Kensington Oval, Bridgetown",2,5.2,St Lucia Zouks,Barbados Tridents,ADS Fletcher,H Davids,AJ Hosein,2,0,,,,,,,,,
743155,2014,2014-07-23,"Kensington Oval, Bridgetown",2,5.3,St Lucia Zouks,Barbados Tridents,ADS Fletcher,H Davids,AJ Hosein,1,0,,,,,,,,,
743155,2014,2014-07-23,"Kensington Oval, Bridgetown",2,5.4,St Lucia Zouks,Barbados Tridents,H Davids,ADS Fletcher,AJ Hosein,0,0,,,,,,,,,
743155,2014,2014-07-23,"Kensington Oval, Bridgetown",2,5.5,St Lucia Zouks,Barbados Tridents,H Davids,ADS Fletcher,AJ Hosein,2,0,,,,,,,,,
743155,2014,2014-07-23,"Kensington Oval, Bridgetown",2,5.6,St Lucia Zouks,Barbados Tridents,H Davids,ADS Fletcher,AJ Hosein,2,0,,,,,,,,,
743155,2014,2014-07-23,"Kensington Oval, Bridgetown",2,6.1,St Lucia Zouks,Barbados Tridents,ADS Fletcher,H Davids,JO Holder,1,0,,,,,,,,,
743155,2014,2014-07-23,"Kensington Oval, Bridgetown",2,6.2,St Lucia Zouks,Barbados Tridents,H Davids,ADS Fletcher,JO Holder,0,0,,,,,,,,,
743155,2014,2014-07-23,"Kensington Oval, Bridgetown",2,6.3,St Lucia Zouks,Barbados Tridents,H Davids,ADS Fletcher,JO Holder,1,0,,,,,,,,,
743155,2014,2014-07-23,"Kensington Oval, Bridgetown",2,6.4,St Lucia Zouks,Barbados Tridents,ADS Fletcher,H Davids,JO Holder,1,0,,,,,,,,,
743155,2014,2014-07-23,"Kensington Oval, Bridgetown",2,6.5,St Lucia Zouks,Barbados Tridents,H Davids,ADS Fletcher,JO Holder,1,0,,,,,,,,,
743155,2014,2014-07-23,"Kensington Oval, Bridgetown",2,6.6,St Lucia Zouks,Barbados Tridents,ADS Fletcher,H Davids,JO Holder,0,0,,,,,,,,,
743155,2014,2014-07-23,"Kensington Oval, Bridgetown",2,7.1,St Lucia Zouks,Barbados Tridents,H Davids,ADS Fletcher,AR Nurse,0,0,,,,,,,,,
743155,2014,2014-07-23,"Kensington Oval, Bridgetown",2,7.2,St Lucia Zouks,Barbados Tridents,H Davids,ADS Fletcher,AR Nurse,1,0,,,,,,,,,
743155,2014,2014-07-23,"Kensington Oval, Bridgetown",2,7.3,St Lucia Zouks,Barbados Tridents,ADS Fletcher,H Davids,AR Nurse,0,0,,,,,,,,,
743155,2014,2014-07-23,"Kensington Oval, Bridgetown",2,7.4,St Lucia Zouks,Barbados Tridents,ADS Fletcher,H Davids,AR Nurse,1,0,,,,,,,,,
743155,2014,2014-07-23,"Kensington Oval, Bridgetown",2,7.5,St Lucia Zouks,Barbados Tridents,H Davids,ADS Fletcher,AR Nurse,1,0,,,,,,,,,
743155,2014,2014-07-23,"Kensington Oval, Bridgetown",2,7.6,St Lucia Zouks,Barbados Tridents,ADS Fletcher,H Davids,AR Nurse,6,0,,,,,,,,,
743155,2014,2014-07-23,"Kensington Oval, Bridgetown",2,8.1,St Lucia Zouks,Barbados Tridents,H Davids,ADS Fletcher,JO Holder,0,0,,,,,,caught,H Davids,,
743155,2014,2014-07-23,"Kensington Oval, Bridgetown",2,8.2,St Lucia Zouks,Barbados Tridents,K Lesporis,ADS Fletcher,JO Holder,4,0,,,,,,,,,
743155,2014,2014-07-23,"Kensington Oval, Bridgetown",2,8.3,St Lucia Zouks,Barbados Tridents,K Lesporis,ADS Fletcher,JO Holder,1,0,,,,,,,,,
743155,2014,2014-07-23,"Kensington Oval, Bridgetown",2,8.4,St Lucia Zouks,Barbados Tridents,ADS Fletcher,K Lesporis,JO Holder,0,1,1,,,,,,,,
743155,2014,2014-07-23,"Kensington Oval, Bridgetown",2,8.5,St Lucia Zouks,Barbados Tridents,ADS Fletcher,K Lesporis,JO Holder,1,0,,,,,,,,,
743155,2014,2014-07-23,"Kensington Oval, Bridgetown",2,8.6,St Lucia Zouks,Barbados Tridents,K Lesporis,ADS Fletcher,JO Holder,0,0,,,,,,,,,
743155,2014,2014-07-23,"Kensington Oval, Bridgetown",2,8.7,St Lucia Zouks,Barbados Tridents,K Lesporis,ADS Fletcher,JO Holder,1,0,,,,,,,,,
743155,2014,2014-07-23,"Kensington Oval, Bridgetown",2,9.1,St Lucia Zouks,Barbados Tridents,K Lesporis,ADS Fletcher,BMAJ Mendis,1,0,,,,,,,,,
743155,2014,2014-07-23,"Kensington Oval, Bridgetown",2,9.2,St Lucia Zouks,Barbados Tridents,ADS Fletcher,K Lesporis,BMAJ Mendis,1,0,,,,,,,,,
743155,2014,2014-07-23,"Kensington Oval, Bridgetown",2,9.3,St Lucia Zouks,Barbados Tridents,K Lesporis,ADS Fletcher,BMAJ Mendis,1,0,,,,,,,,,
743155,2014,2014-07-23,"Kensington Oval, Bridgetown",2,9.4,St Lucia Zouks,Barbados Tridents,ADS Fletcher,K Lesporis,BMAJ Mendis,0,0,,,,,,,,,
743155,2014,2014-07-23,"Kensington Oval, Bridgetown",2,9.5,St Lucia Zouks,Barbados Tridents,ADS Fletcher,K Lesporis,BMAJ Mendis,1,0,,,,,,,,,
743155,2014,2014-07-23,"Kensington Oval, Bridgetown",2,9.6,St Lucia Zouks,Barbados Tridents,K Lesporis,ADS Fletcher,BMAJ Mendis,0,0,,,,,,,,,
743155,2014,2014-07-23,"Kensington Oval, Bridgetown",2,10.1,St Lucia Zouks,Barbados Tridents,ADS Fletcher,K Lesporis,RR Emrit,1,0,,,,,,,,,
743155,2014,2014-07-23,"Kensington Oval, Bridgetown",2,10.2,St Lucia Zouks,Barbados Tridents,K Lesporis,ADS Fletcher,RR Emrit,0,0,,,,,,,,,
743155,2014,2014-07-23,"Kensington Oval, Bridgetown",2,10.3,St Lucia Zouks,Barbados Tridents,K Lesporis,ADS Fletcher,RR Emrit,1,0,,,,,,,,,
743155,2014,2014-07-23,"Kensington Oval, Bridgetown",2,10.4,St Lucia Zouks,Barbados Tridents,ADS Fletcher,K Lesporis,RR Emrit,1,0,,,,,,,,,
743155,2014,2014-07-23,"Kensington Oval, Bridgetown",2,10.5,St Lucia Zouks,Barbados Tridents,K Lesporis,ADS Fletcher,RR Emrit,1,0,,,,,,,,,
743155,2014,2014-07-23,"Kensington Oval, Bridgetown",2,10.6,St Lucia Zouks,Barbados Tridents,ADS Fletcher,K Lesporis,RR Emrit,1,0,,,,,,,,,
743155,2014,2014-07-23,"Kensington Oval, Bridgetown",2,11.1,St Lucia Zouks,Barbados Tridents,ADS Fletcher,K Lesporis,BMAJ Mendis,0,0,,,,,,,,,
743155,2014,2014-07-23,"Kensington Oval, Bridgetown",2,11.2,St Lucia Zouks,Barbados Tridents,ADS Fletcher,K Lesporis,BMAJ Mendis,1,0,,,,,,,,,
743155,2014,2014-07-23,"Kensington Oval, Bridgetown",2,11.3,St Lucia Zouks,Barbados Tridents,K Lesporis,ADS Fletcher,BMAJ Mendis,0,0,,,,,,,,,
743155,2014,2014-07-23,"Kensington Oval, Bridgetown",2,11.4,St Lucia Zouks,Barbados Tridents,K Lesporis,ADS Fletcher,BMAJ Mendis,1,0,,,,,,,,,
743155,2014,2014-07-23,"Kensington Oval, Bridgetown",2,11.5,St Lucia Zouks,Barbados Tridents,ADS Fletcher,K Lesporis,BMAJ Mendis,1,0,,,,,,,,,
743155,2014,2014-07-23,"Kensington Oval, Bridgetown",2,11.6,St Lucia Zouks,Barbados Tridents,K Lesporis,ADS Fletcher,BMAJ Mendis,0,0,,,,,,,,,
743155,2014,2014-07-23,"Kensington Oval, Bridgetown",2,12.1,St Lucia Zouks,Barbados Tridents,ADS Fletcher,K Lesporis,RR Emrit,0,1,,,,1,,,,,
743155,2014,2014-07-23,"Kensington Oval, Bridgetown",2,12.2,St Lucia Zouks,Barbados Tridents,K Lesporis,ADS Fletcher,RR Emrit,1,0,,,,,,,,,
743155,2014,2014-07-23,"Kensington Oval, Bridgetown",2,12.3,St Lucia Zouks,Barbados Tridents,ADS Fletcher,K Lesporis,RR Emrit,2,0,,,,,,,,,
743155,2014,2014-07-23,"Kensington Oval, Bridgetown",2,12.4,St Lucia Zouks,Barbados Tridents,ADS Fletcher,K Lesporis,RR Emrit,0,0,,,,,,caught,ADS Fletcher,,
743155,2014,2014-07-23,"Kensington Oval, Bridgetown",2,12.5,St Lucia Zouks,Barbados Tridents,K Lesporis,DJG Sammy,RR Emrit,1,0,,,,,,,,,
743155,2014,2014-07-23,"Kensington Oval, Bridgetown",2,12.6,St Lucia Zouks,Barbados Tridents,DJG Sammy,K Lesporis,RR Emrit,0,0,,,,,,,,,
743155,2014,2014-07-23,"Kensington Oval, Bridgetown",2,13.1,St Lucia Zouks,Barbados Tridents,K Lesporis,DJG Sammy,BMAJ Mendis,1,0,,,,,,,,,
743155,2014,2014-07-23,"Kensington Oval, Bridgetown",2,13.2,St Lucia Zouks,Barbados Tridents,DJG Sammy,K Lesporis,BMAJ Mendis,0,0,,,,,,caught,DJG Sammy,,
743155,2014,2014-07-23,"Kensington Oval, Bridgetown",2,13.3,St Lucia Zouks,Barbados Tridents,Sohail Tanvir,K Lesporis,BMAJ Mendis,1,0,,,,,,,,,
743155,2014,2014-07-23,"Kensington Oval, Bridgetown",2,13.4,St Lucia Zouks,Barbados Tridents,K Lesporis,Sohail Tanvir,BMAJ Mendis,0,0,,,,,,,,,
743155,2014,2014-07-23,"Kensington Oval, Bridgetown",2,13.5,St Lucia Zouks,Barbados Tridents,K Lesporis,Sohail Tanvir,BMAJ Mendis,0,0,,,,,,,,,
743155,2014,2014-07-23,"Kensington Oval, Bridgetown",2,13.6,St Lucia Zouks,Barbados Tridents,K Lesporis,Sohail Tanvir,BMAJ Mendis,0,0,,,,,,,,,
743155,2014,2014-07-23,"Kensington Oval, Bridgetown",2,14.1,St Lucia Zouks,Barbados Tridents,Sohail Tanvir,K Lesporis,AJ Hosein,6,0,,,,,,,,,
743155,2014,2014-07-23,"Kensington Oval, Bridgetown",2,14.2,St Lucia Zouks,Barbados Tridents,Sohail Tanvir,K Lesporis,AJ Hosein,6,0,,,,,,,,,
743155,2014,2014-07-23,"Kensington Oval, Bridgetown",2,14.3,St Lucia Zouks,Barbados Tridents,Sohail Tanvir,K Lesporis,AJ Hosein,1,0,,,,,,,,,
743155,2014,2014-07-23,"Kensington Oval, Bridgetown",2,14.4,St Lucia Zouks,Barbados Tridents,K Lesporis,Sohail Tanvir,AJ Hosein,0,0,,,,,,,,,
743155,2014,2014-07-23,"Kensington Oval, Bridgetown",2,14.5,St Lucia Zouks,Barbados Tridents,K Lesporis,Sohail Tanvir,AJ Hosein,6,0,,,,,,,,,
743155,2014,2014-07-23,"Kensington Oval, Bridgetown",2,14.6,St Lucia Zouks,Barbados Tridents,K Lesporis,Sohail Tanvir,AJ Hosein,1,0,,,,,,,,,
743155,2014,2014-07-23,"Kensington Oval, Bridgetown",2,15.1,St Lucia Zouks,Barbados Tridents,K Lesporis,Sohail Tanvir,BMAJ Mendis,1,0,,,,,,,,,
743155,2014,2014-07-23,"Kensington Oval, Bridgetown",2,15.2,St Lucia Zouks,Barbados Tridents,Sohail Tanvir,K Lesporis,BMAJ Mendis,0,0,,,,,,,,,
743155,2014,2014-07-23,"Kensington Oval, Bridgetown",2,15.3,St Lucia Zouks,Barbados Tridents,Sohail Tanvir,K Lesporis,BMAJ Mendis,0,1,1,,,,,,,,
743155,2014,2014-07-23,"Kensington Oval, Bridgetown",2,15.4,St Lucia Zouks,Barbados Tridents,Sohail Tanvir,K Lesporis,BMAJ Mendis,1,0,,,,,,,,,
743155,2014,2014-07-23,"Kensington Oval, Bridgetown",2,15.5,St Lucia Zouks,Barbados Tridents,K Lesporis,Sohail Tanvir,BMAJ Mendis,4,0,,,,,,,,,
743155,2014,2014-07-23,"Kensington Oval, Bridgetown",2,15.6,St Lucia Zouks,Barbados Tridents,K Lesporis,Sohail Tanvir,BMAJ Mendis,0,0,,,,,,,,,
743155,2014,2014-07-23,"Kensington Oval, Bridgetown",2,15.7,St Lucia Zouks,Barbados Tridents,K Lesporis,Sohail Tanvir,BMAJ Mendis,0,0,,,,,,,,,
743155,2014,2014-07-23,"Kensington Oval, Bridgetown",2,16.1,St Lucia Zouks,Barbados Tridents,Sohail Tanvir,K Lesporis,R Rampaul,0,1,,,,1,,,,,
743155,2014,2014-07-23,"Kensington Oval, Bridgetown",2,16.2,St Lucia Zouks,Barbados Tridents,K Lesporis,Sohail Tanvir,R Rampaul,1,0,,,,,,,,,
743155,2014,2014-07-23,"Kensington Oval, Bridgetown",2,16.3,St Lucia Zouks,Barbados Tridents,Sohail Tanvir,K Lesporis,R Rampaul,2,0,,,,,,,,,
743155,2014,2014-07-23,"Kensington Oval, Bridgetown",2,16.4,St Lucia Zouks,Barbados Tridents,Sohail Tanvir,K Lesporis,R Rampaul,6,0,,,,,,,,,
743155,2014,2014-07-23,"Kensington Oval, Bridgetown",2,16.5,St Lucia Zouks,Barbados Tridents,Sohail Tanvir,K Lesporis,R Rampaul,1,0,,,,,,,,,
743155,2014,2014-07-23,"Kensington Oval, Bridgetown",2,16.6,St Lucia Zouks,Barbados Tridents,K Lesporis,Sohail Tanvir,R Rampaul,4,0,,,,,,,,,
743155,2014,2014-07-23,"Kensington Oval, Bridgetown",2,17.1,St Lucia Zouks,Barbados Tridents,Sohail Tanvir,K Lesporis,RR Emrit,0,1,1,,,,,,,,
743155,2014,2014-07-23,"Kensington Oval, Bridgetown",2,17.2,St Lucia Zouks,Barbados Tridents,Sohail Tanvir,K Lesporis,RR Emrit,1,0,,,,,,,,,
743155,2014,2014-07-23,"Kensington Oval, Bridgetown",2,17.3,St Lucia Zouks,Barbados Tridents,K Lesporis,Sohail Tanvir,RR Emrit,1,0,,,,,,,,,
743155,2014,2014-07-23,"Kensington Oval, Bridgetown",2,17.4,St Lucia Zouks,Barbados Tridents,Sohail Tanvir,K Lesporis,RR Emrit,0,0,,,,,,,,,
743155,2014,2014-07-23,"Kensington Oval, Bridgetown",2,17.5,St Lucia Zouks,Barbados Tridents,Sohail Tanvir,K Lesporis,RR Emrit,0,1,1,,,,,,,,
743155,2014,2014-07-23,"Kensington Oval, Bridgetown",2,17.6,St Lucia Zouks,Barbados Tridents,Sohail Tanvir,K Lesporis,RR Emrit,1,0,,,,,,,,,
743155,2014,2014-07-23,"Kensington Oval, Bridgetown",2,17.7,St Lucia Zouks,Barbados Tridents,K Lesporis,Sohail Tanvir,RR Emrit,4,0,,,,,,,,,
743155,2014,2014-07-23,"Kensington Oval, Bridgetown",2,17.8,St Lucia Zouks,Barbados Tridents,K Lesporis,Sohail Tanvir,RR Emrit,1,0,,,,,,,,,
743155,2014,2014-07-23,"Kensington Oval, Bridgetown",2,18.1,St Lucia Zouks,Barbados Tridents,K Lesporis,Sohail Tanvir,R Rampaul,1,0,,,,,,,,,
743155,2014,2014-07-23,"Kensington Oval, Bridgetown",2,18.2,St Lucia Zouks,Barbados Tridents,Sohail Tanvir,K Lesporis,R Rampaul,1,0,,,,,,,,,
743155,2014,2014-07-23,"Kensington Oval, Bridgetown",2,18.3,St Lucia Zouks,Barbados Tridents,K Lesporis,Sohail Tanvir,R Rampaul,4,0,,,,,,,,,
743155,2014,2014-07-23,"Kensington Oval, Bridgetown",2,18.4,St Lucia Zouks,Barbados Tridents,K Lesporis,Sohail Tanvir,R Rampaul,4,0,,,,,,,,,
743155,2014,2014-07-23,"Kensington Oval, Bridgetown",2,18.5,St Lucia Zouks,Barbados Tridents,K Lesporis,Sohail Tanvir,R Rampaul,1,0,,,,,,,,,
743155,2014,2014-07-23,"Kensington Oval, Bridgetown",2,18.6,St Lucia Zouks,Barbados Tridents,Sohail Tanvir,K Lesporis,R Rampaul,0,0,,,,,,,,,
743155,2014,2014-07-23,"Kensington Oval, Bridgetown",2,19.1,St Lucia Zouks,Barbados Tridents,K Lesporis,Sohail Tanvir,RR Emrit,2,0,,,,,,,,,
743155,2014,2014-07-23,"Kensington Oval, Bridgetown",2,19.2,St Lucia Zouks,Barbados Tridents,K Lesporis,Sohail Tanvir,RR Emrit,1,0,,,,,,,,,
743155,2014,2014-07-23,"Kensington Oval, Bridgetown",2,19.3,St Lucia Zouks,Barbados Tridents,Sohail Tanvir,K Lesporis,RR Emrit,4,0,,,,,,,,,
743155,2014,2014-07-23,"Kensington Oval, Bridgetown",2,19.4,St Lucia Zouks,Barbados Tridents,Sohail Tanvir,K Lesporis,RR Emrit,6,0,,,,,,,,,
743155,2014,2014-07-23,"Kensington Oval, Bridgetown",2,19.5,St Lucia Zouks,Barbados Tridents,Sohail Tanvir,K Lesporis,RR Emrit,1,0,,,,,,,,,
743155,2014,2014-07-23,"Kensington Oval, Bridgetown",2,19.6,St Lucia Zouks,Barbados Tridents,K Lesporis,Sohail Tanvir,RR Emrit,0,0,,,,,,,,,
