match_id,season,start_date,venue,innings,ball,batting_team,bowling_team,striker,non_striker,bowler,runs_off_bat,extras,wides,noballs,byes,legbyes,penalty,wicket_type,player_dismissed,other_wicket_type,other_player_dismissed
857763,2015,2015-07-23,"Queen's Park Oval, Port of Spain",1,0.1,Trinidad & Tobago Red Steel,Jamaica Tallawahs,JH Kallis,CS Delport,K Santokie,0,0,,,,,,,,,
857763,2015,2015-07-23,"Queen's Park Oval, Port of Spain",1,0.2,Trinidad & Tobago Red Steel,Jamaica Tallawahs,JH Kallis,CS Delport,K Santokie,0,0,,,,,,,,,
857763,2015,2015-07-23,"Queen's Park Oval, Port of Spain",1,0.3,Trinidad & Tobago Red Steel,Jamaica Tallawahs,JH Kallis,CS Delport,K Santokie,1,0,,,,,,,,,
857763,2015,2015-07-23,"Queen's Park Oval, Port of Spain",1,0.4,Trinidad & Tobago Red Steel,Jamaica Tallawahs,CS Delport,JH Kallis,K Santokie,1,0,,,,,,,,,
857763,2015,2015-07-23,"Queen's Park Oval, Port of Spain",1,0.5,Trinidad & Tobago Red Steel,Jamaica Tallawahs,JH Kallis,CS Delport,K Santokie,1,0,,,,,,,,,
857763,2015,2015-07-23,"Queen's Park Oval, Port of Spain",1,0.6,Trinidad & Tobago Red Steel,Jamaica Tallawahs,CS Delport,JH Kallis,K Santokie,0,0,,,,,,bowled,CS Delport,,
857763,2015,2015-07-23,"Queen's Park Oval, Port of Spain",1,1.1,Trinidad & Tobago Red Steel,Jamaica Tallawahs,JH Kallis,Kamran Akmal,JE Taylor,0,0,,,,,,,,,
857763,2015,2015-07-23,"Queen's Park Oval, Port of Spain",1,1.2,Trinidad & Tobago Red Steel,Jamaica Tallawahs,JH Kallis,Kamran Akmal,JE Taylor,4,0,,,,,,,,,
857763,2015,2015-07-23,"Queen's Park Oval, Port of Spain",1,1.3,Trinidad & Tobago Red Steel,Jamaica Tallawahs,JH Kallis,Kamran Akmal,JE Taylor,0,0,,,,,,,,,
857763,2015,2015-07-23,"Queen's Park Oval, Port of Spain",1,1.4,Trinidad & Tobago Red Steel,Jamaica Tallawahs,JH Kallis,Kamran Akmal,JE Taylor,0,0,,,,,,caught,JH Kallis,,
857763,2015,2015-07-23,"Queen's Park Oval, Port of Spain",1,1.5,Trinidad & Tobago Red Steel,Jamaica Tallawahs,DM Bravo,Kamran Akmal,JE Taylor,0,0,,,,,,,,,
857763,2015,2015-07-23,"Queen's Park Oval, Port of Spain",1,1.6,Trinidad & Tobago Red Steel,Jamaica Tallawahs,DM Bravo,Kamran Akmal,JE Taylor,0,0,,,,,,,,,
857763,2015,2015-07-23,"Queen's Park Oval, Port of Spain",1,2.1,Trinidad & Tobago Red Steel,Jamaica Tallawahs,Kamran Akmal,DM Bravo,K Santokie,1,0,,,,,,,,,
857763,2015,2015-07-23,"Queen's Park Oval, Port of Spain",1,2.2,Trinidad & Tobago Red Steel,Jamaica Tallawahs,DM Bravo,Kamran Akmal,K Santokie,0,0,,,,,,,,,
857763,2015,2015-07-23,"Queen's Park Oval, Port of Spain",1,2.3,Trinidad & Tobago Red Steel,Jamaica Tallawahs,DM Bravo,Kamran Akmal,K Santokie,0,0,,,,,,,,,
857763,2015,2015-07-23,"Queen's Park Oval, Port of Spain",1,2.4,Trinidad & Tobago Red Steel,Jamaica Tallawahs,DM Bravo,Kamran Akmal,K Santokie,0,0,,,,,,,,,
857763,2015,2015-07-23,"Queen's Park Oval, Port of Spain",1,2.5,Trinidad & Tobago Red Steel,Jamaica Tallawahs,DM Bravo,Kamran Akmal,K Santokie,0,0,,,,,,,,,
857763,2015,2015-07-23,"Queen's Park Oval, Port of Spain",1,2.6,Trinidad & Tobago Red Steel,Jamaica Tallawahs,DM Bravo,Kamran Akmal,K Santokie,4,0,,,,,,,,,
857763,2015,2015-07-23,"Queen's Park Oval, Port of Spain",1,3.1,Trinidad & Tobago Red Steel,Jamaica Tallawahs,Kamran Akmal,DM Bravo,JE Taylor,0,0,,,,,,,,,
857763,2015,2015-07-23,"Queen's Park Oval, Port of Spain",1,3.2,Trinidad & Tobago Red Steel,Jamaica Tallawahs,Kamran Akmal,DM Bravo,JE Taylor,4,0,,,,,,,,,
857763,2015,2015-07-23,"Queen's Park Oval, Port of Spain",1,3.3,Trinidad & Tobago Red Steel,Jamaica Tallawahs,Kamran Akmal,DM Bravo,JE Taylor,1,0,,,,,,,,,
857763,2015,2015-07-23,"Queen's Park Oval, Port of Spain",1,3.4,Trinidad & Tobago Red Steel,Jamaica Tallawahs,DM Bravo,Kamran Akmal,JE Taylor,1,0,,,,,,,,,
857763,2015,2015-07-23,"Queen's Park Oval, Port of Spain",1,3.5,Trinidad & Tobago Red Steel,Jamaica Tallawahs,Kamran Akmal,DM Bravo,JE Taylor,0,0,,,,,,,,,
857763,2015,2015-07-23,"Queen's Park Oval, Port of Spain",1,3.6,Trinidad & Tobago Red Steel,Jamaica Tallawahs,Kamran Akmal,DM Bravo,JE Taylor,0,0,,,,,,caught,Kamran Akmal,,
857763,2015,2015-07-23,"Queen's Park Oval, Port of Spain",1,4.1,Trinidad & Tobago Red Steel,Jamaica Tallawahs,DM Bravo,JN Mohammed,AD Russell,0,0,,,,,,,,,
857763,2015,2015-07-23,"Queen's Park Oval, Port of Spain",1,4.2,Trinidad & Tobago Red Steel,Jamaica Tallawahs,DM Bravo,JN Mohammed,AD Russell,0,0,,,,,,,,,
857763,2015,2015-07-23,"Queen's Park Oval, Port of Spain",1,4.3,Trinidad & Tobago Red Steel,Jamaica Tallawahs,DM Bravo,JN Mohammed,AD Russell,0,0,,,,,,,,,
857763,2015,2015-07-23,"Queen's Park Oval, Port of Spain",1,4.4,Trinidad & Tobago Red Steel,Jamaica Tallawahs,DM Bravo,JN Mohammed,AD Russell,0,0,,,,,,,,,
857763,2015,2015-07-23,"Queen's Park Oval, Port of Spain",1,4.5,Trinidad & Tobago Red Steel,Jamaica Tallawahs,DM Bravo,JN Mohammed,AD Russell,4,0,,,,,,,,,
857763,2015,2015-07-23,"Queen's Park Oval, Port of Spain",1,4.6,Trinidad & Tobago Red Steel,Jamaica Tallawahs,DM Bravo,JN Mohammed,AD Russell,0,0,,,,,,,,,
857763,2015,2015-07-23,"Queen's Park Oval, Port of Spain",1,5.1,Trinidad & Tobago Red Steel,Jamaica Tallawahs,JN Mohammed,DM Bravo,N Deonarine,0,0,,,,,,,,,
857763,2015,2015-07-23,"Queen's Park Oval, Port of Spain",1,5.2,Trinidad & Tobago Red Steel,Jamaica Tallawahs,JN Mohammed,DM Bravo,N Deonarine,4,0,,,,,,,,,
857763,2015,2015-07-23,"Queen's Park Oval, Port of Spain",1,5.3,Trinidad & Tobago Red Steel,Jamaica Tallawahs,JN Mohammed,DM Bravo,N Deonarine,1,0,,,,,,,,,
857763,2015,2015-07-23,"Queen's Park Oval, Port of Spain",1,5.4,Trinidad & Tobago Red Steel,Jamaica Tallawahs,DM Bravo,JN Mohammed,N Deonarine,0,0,,,,,,,,,
857763,2015,2015-07-23,"Queen's Park Oval, Port of Spain",1,5.5,Trinidad & Tobago Red Steel,Jamaica Tallawahs,DM Bravo,JN Mohammed,N Deonarine,0,0,,,,,,,,,
857763,2015,2015-07-23,"Queen's Park Oval, Port of Spain",1,5.6,Trinidad & Tobago Red Steel,Jamaica Tallawahs,DM Bravo,JN Mohammed,N Deonarine,0,0,,,,,,,,,
857763,2015,2015-07-23,"Queen's Park Oval, Port of Spain",1,6.1,Trinidad & Tobago Red Steel,Jamaica Tallawahs,JN Mohammed,DM Bravo,AD Russell,1,0,,,,,,,,,
857763,2015,2015-07-23,"Queen's Park Oval, Port of Spain",1,6.2,Trinidad & Tobago Red Steel,Jamaica Tallawahs,DM Bravo,JN Mohammed,AD Russell,0,0,,,,,,,,,
857763,2015,2015-07-23,"Queen's Park Oval, Port of Spain",1,6.3,Trinidad & Tobago Red Steel,Jamaica Tallawahs,DM Bravo,JN Mohammed,AD Russell,6,0,,,,,,,,,
857763,2015,2015-07-23,"Queen's Park Oval, Port of Spain",1,6.4,Trinidad & Tobago Red Steel,Jamaica Tallawahs,DM Bravo,JN Mohammed,AD Russell,0,0,,,,,,,,,
857763,2015,2015-07-23,"Queen's Park Oval, Port of Spain",1,6.5,Trinidad & Tobago Red Steel,Jamaica Tallawahs,DM Bravo,JN Mohammed,AD Russell,1,0,,,,,,,,,
857763,2015,2015-07-23,"Queen's Park Oval, Port of Spain",1,6.6,Trinidad & Tobago Red Steel,Jamaica Tallawahs,JN Mohammed,DM Bravo,AD Russell,0,0,,,,,,,,,
857763,2015,2015-07-23,"Queen's Park Oval, Port of Spain",1,7.1,Trinidad & Tobago Red Steel,Jamaica Tallawahs,DM Bravo,JN Mohammed,N Deonarine,1,0,,,,,,,,,
857763,2015,2015-07-23,"Queen's Park Oval, Port of Spain",1,7.2,Trinidad & Tobago Red Steel,Jamaica Tallawahs,JN Mohammed,DM Bravo,N Deonarine,0,0,,,,,,,,,
857763,2015,2015-07-23,"Queen's Park Oval, Port of Spain",1,7.3,Trinidad & Tobago Red Steel,Jamaica Tallawahs,JN Mohammed,DM Bravo,N Deonarine,0,0,,,,,,,,,
857763,2015,2015-07-23,"Queen's Park Oval, Port of Spain",1,7.4,Trinidad & Tobago Red Steel,Jamaica Tallawahs,JN Mohammed,DM Bravo,N Deonarine,1,0,,,,,,,,,
857763,2015,2015-07-23,"Queen's Park Oval, Port of Spain",1,7.5,Trinidad & Tobago Red Steel,Jamaica Tallawahs,DM Bravo,JN Mohammed,N Deonarine,0,0,,,,,,,,,
857763,2015,2015-07-23,"Queen's Park Oval, Port of Spain",1,7.6,Trinidad & Tobago Red Steel,Jamaica Tallawahs,DM Bravo,JN Mohammed,N Deonarine,2,0,,,,,,,,,
857763,2015,2015-07-23,"Queen's Park Oval, Port of Spain",1,8.1,Trinidad & Tobago Red Steel,Jamaica Tallawahs,JN Mohammed,DM Bravo,NO Miller,1,0,,,,,,,,,
857763,2015,2015-07-23,"Queen's Park Oval, Port of Spain",1,8.2,Trinidad & Tobago Red Steel,Jamaica Tallawahs,DM Bravo,JN Mohammed,NO Miller,1,0,,,,,,,,,
857763,2015,2015-07-23,"Queen's Park Oval, Port of Spain",1,8.3,Trinidad & Tobago Red Steel,Jamaica Tallawahs,JN Mohammed,DM Bravo,NO Miller,1,0,,,,,,,,,
857763,2015,2015-07-23,"Queen's Park Oval, Port of Spain",1,8.4,Trinidad & Tobago Red Steel,Jamaica Tallawahs,DM Bravo,JN Mohammed,NO Miller,0,0,,,,,,,,,
857763,2015,2015-07-23,"Queen's Park Oval, Port of Spain",1,8.5,Trinidad & Tobago Red Steel,Jamaica Tallawahs,DM Bravo,JN Mohammed,NO Miller,1,0,,,,,,,,,
857763,2015,2015-07-23,"Queen's Park Oval, Port of Spain",1,8.6,Trinidad & Tobago Red Steel,Jamaica Tallawahs,JN Mohammed,DM Bravo,NO Miller,0,0,,,,,,,,,
857763,2015,2015-07-23,"Queen's Park Oval, Port of Spain",1,9.1,Trinidad & Tobago Red Steel,Jamaica Tallawahs,DM Bravo,JN Mohammed,N Deonarine,6,0,,,,,,,,,
857763,2015,2015-07-23,"Queen's Park Oval, Port of Spain",1,9.2,Trinidad & Tobago Red Steel,Jamaica Tallawahs,DM Bravo,JN Mohammed,N Deonarine,1,0,,,,,,,,,
857763,2015,2015-07-23,"Queen's Park Oval, Port of Spain",1,9.3,Trinidad & Tobago Red Steel,Jamaica Tallawahs,JN Mohammed,DM Bravo,N Deonarine,0,0,,,,,,,,,
857763,2015,2015-07-23,"Queen's Park Oval, Port of Spain",1,9.4,Trinidad & Tobago Red Steel,Jamaica Tallawahs,JN Mohammed,DM Bravo,N Deonarine,1,0,,,,,,,,,
857763,2015,2015-07-23,"Queen's Park Oval, Port of Spain",1,9.5,Trinidad & Tobago Red Steel,Jamaica Tallawahs,DM Bravo,JN Mohammed,N Deonarine,1,0,,,,,,,,,
857763,2015,2015-07-23,"Queen's Park Oval, Port of Spain",1,9.6,Trinidad & Tobago Red Steel,Jamaica Tallawahs,JN Mohammed,DM Bravo,N Deonarine,6,0,,,,,,,,,
857763,2015,2015-07-23,"Queen's Park Oval, Port of Spain",1,10.1,Trinidad & Tobago Red Steel,Jamaica Tallawahs,DM Bravo,JN Mohammed,NO Miller,6,0,,,,,,,,,
857763,2015,2015-07-23,"Queen's Park Oval, Port of Spain",1,10.2,Trinidad & Tobago Red Steel,Jamaica Tallawahs,DM Bravo,JN Mohammed,NO Miller,0,0,,,,,,,,,
857763,2015,2015-07-23,"Queen's Park Oval, Port of Spain",1,10.3,Trinidad & Tobago Red Steel,Jamaica Tallawahs,DM Bravo,JN Mohammed,NO Miller,1,0,,,,,,,,,
857763,2015,2015-07-23,"Queen's Park Oval, Port of Spain",1,10.4,Trinidad & Tobago Red Steel,Jamaica Tallawahs,JN Mohammed,DM Bravo,NO Miller,1,0,,,,,,,,,
857763,2015,2015-07-23,"Queen's Park Oval, Port of Spain",1,10.5,Trinidad & Tobago Red Steel,Jamaica Tallawahs,DM Bravo,JN Mohammed,NO Miller,0,1,1,,,,,,,,
857763,2015,2015-07-23,"Queen's Park Oval, Port of Spain",1,10.6,Trinidad & Tobago Red Steel,Jamaica Tallawahs,DM Bravo,JN Mohammed,NO Miller,1,0,,,,,,,,,
857763,2015,2015-07-23,"Queen's Park Oval, Port of Spain",1,10.7,Trinidad & Tobago Red Steel,Jamaica Tallawahs,JN Mohammed,DM Bravo,NO Miller,0,0,,,,,,,,,
857763,2015,2015-07-23,"Queen's Park Oval, Port of Spain",1,11.1,Trinidad & Tobago Red Steel,Jamaica Tallawahs,DM Bravo,JN Mohammed,AD Russell,0,1,1,,,,,,,,
857763,2015,2015-07-23,"Queen's Park Oval, Port of Spain",1,11.2,Trinidad & Tobago Red Steel,Jamaica Tallawahs,DM Bravo,JN Mohammed,AD Russell,0,0,,,,,,,,,
857763,2015,2015-07-23,"Queen's Park Oval, Port of Spain",1,11.3,Trinidad & Tobago Red Steel,Jamaica Tallawahs,DM Bravo,JN Mohammed,AD Russell,1,0,,,,,,,,,
857763,2015,2015-07-23,"Queen's Park Oval, Port of Spain",1,11.4,Trinidad & Tobago Red Steel,Jamaica Tallawahs,JN Mohammed,DM Bravo,AD Russell,2,0,,,,,,,,,
857763,2015,2015-07-23,"Queen's Park Oval, Port of Spain",1,11.5,Trinidad & Tobago Red Steel,Jamaica Tallawahs,JN Mohammed,DM Bravo,AD Russell,1,0,,,,,,,,,
857763,2015,2015-07-23,"Queen's Park Oval, Port of Spain",1,11.6,Trinidad & Tobago Red Steel,Jamaica Tallawahs,DM Bravo,JN Mohammed,AD Russell,1,0,,,,,,,,,
857763,2015,2015-07-23,"Queen's Park Oval, Port of Spain",1,11.7,Trinidad & Tobago Red Steel,Jamaica Tallawahs,JN Mohammed,DM Bravo,AD Russell,1,0,,,,,,,,,
857763,2015,2015-07-23,"Queen's Park Oval, Port of Spain",1,12.1,Trinidad & Tobago Red Steel,Jamaica Tallawahs,JN Mohammed,DM Bravo,NO Miller,1,0,,,,,,,,,
857763,2015,2015-07-23,"Queen's Park Oval, Port of Spain",1,12.2,Trinidad & Tobago Red Steel,Jamaica Tallawahs,DM Bravo,JN Mohammed,NO Miller,6,0,,,,,,,,,
857763,2015,2015-07-23,"Queen's Park Oval, Port of Spain",1,12.3,Trinidad & Tobago Red Steel,Jamaica Tallawahs,DM Bravo,JN Mohammed,NO Miller,2,0,,,,,,,,,
857763,2015,2015-07-23,"Queen's Park Oval, Port of Spain",1,12.4,Trinidad & Tobago Red Steel,Jamaica Tallawahs,DM Bravo,JN Mohammed,NO Miller,1,0,,,,,,,,,
857763,2015,2015-07-23,"Queen's Park Oval, Port of Spain",1,12.5,Trinidad & Tobago Red Steel,Jamaica Tallawahs,JN Mohammed,DM Bravo,NO Miller,1,0,,,,,,,,,
857763,2015,2015-07-23,"Queen's Park Oval, Port of Spain",1,12.6,Trinidad & Tobago Red Steel,Jamaica Tallawahs,DM Bravo,JN Mohammed,NO Miller,1,0,,,,,,,,,
857763,2015,2015-07-23,"Queen's Park Oval, Port of Spain",1,13.1,Trinidad & Tobago Red Steel,Jamaica Tallawahs,DM Bravo,JN Mohammed,JE Taylor,1,0,,,,,,,,,
857763,2015,2015-07-23,"Queen's Park Oval, Port of Spain",1,13.2,Trinidad & Tobago Red Steel,Jamaica Tallawahs,JN Mohammed,DM Bravo,JE Taylor,0,0,,,,,,,,,
857763,2015,2015-07-23,"Queen's Park Oval, Port of Spain",1,13.3,Trinidad & Tobago Red Steel,Jamaica Tallawahs,JN Mohammed,DM Bravo,JE Taylor,4,0,,,,,,,,,
857763,2015,2015-07-23,"Queen's Park Oval, Port of Spain",1,13.4,Trinidad & Tobago Red Steel,Jamaica Tallawahs,JN Mohammed,DM Bravo,JE Taylor,1,0,,,,,,,,,
857763,2015,2015-07-23,"Queen's Park Oval, Port of Spain",1,13.5,Trinidad & Tobago Red Steel,Jamaica Tallawahs,DM Bravo,JN Mohammed,JE Taylor,4,0,,,,,,,,,
857763,2015,2015-07-23,"Queen's Park Oval, Port of Spain",1,13.6,Trinidad & Tobago Red Steel,Jamaica Tallawahs,DM Bravo,JN Mohammed,JE Taylor,0,1,1,,,,,,,,
857763,2015,2015-07-23,"Queen's Park Oval, Port of Spain",1,13.7,Trinidad & Tobago Red Steel,Jamaica Tallawahs,DM Bravo,JN Mohammed,JE Taylor,0,0,,,,,,,,,
857763,2015,2015-07-23,"Queen's Park Oval, Port of Spain",1,14.1,Trinidad & Tobago Red Steel,Jamaica Tallawahs,JN Mohammed,DM Bravo,N Deonarine,0,0,,,,,,caught,JN Mohammed,,
857763,2015,2015-07-23,"Queen's Park Oval, Port of Spain",1,14.2,Trinidad & Tobago Red Steel,Jamaica Tallawahs,DJ Bravo,DM Bravo,N Deonarine,1,0,,,,,,,,,
857763,2015,2015-07-23,"Queen's Park Oval, Port of Spain",1,14.3,Trinidad & Tobago Red Steel,Jamaica Tallawahs,DM Bravo,DJ Bravo,N Deonarine,0,1,1,,,,,,,,
857763,2015,2015-07-23,"Queen's Park Oval, Port of Spain",1,14.4,Trinidad & Tobago Red Steel,Jamaica Tallawahs,DM Bravo,DJ Bravo,N Deonarine,2,0,,,,,,,,,
857763,2015,2015-07-23,"Queen's Park Oval, Port of Spain",1,14.5,Trinidad & Tobago Red Steel,Jamaica Tallawahs,DM Bravo,DJ Bravo,N Deonarine,1,0,,,,,,,,,
857763,2015,2015-07-23,"Queen's Park Oval, Port of Spain",1,14.6,Trinidad & Tobago Red Steel,Jamaica Tallawahs,DJ Bravo,DM Bravo,N Deonarine,1,0,,,,,,,,,
857763,2015,2015-07-23,"Queen's Park Oval, Port of Spain",1,14.7,Trinidad & Tobago Red Steel,Jamaica Tallawahs,DM Bravo,DJ Bravo,N Deonarine,1,0,,,,,,,,,
857763,2015,2015-07-23,"Queen's Park Oval, Port of Spain",1,15.1,Trinidad & Tobago Red Steel,Jamaica Tallawahs,DM Bravo,DJ Bravo,K Santokie,6,0,,,,,,,,,
857763,2015,2015-07-23,"Queen's Park Oval, Port of Spain",1,15.2,Trinidad & Tobago Red Steel,Jamaica Tallawahs,DM Bravo,DJ Bravo,K Santokie,0,1,1,,,,,,,,
857763,2015,2015-07-23,"Queen's Park Oval, Port of Spain",1,15.3,Trinidad & Tobago Red Steel,Jamaica Tallawahs,DM Bravo,DJ Bravo,K Santokie,0,1,1,,,,,,,,
857763,2015,2015-07-23,"Queen's Park Oval, Port of Spain",1,15.4,Trinidad & Tobago Red Steel,Jamaica Tallawahs,DM Bravo,DJ Bravo,K Santokie,1,0,,,,,,,,,
857763,2015,2015-07-23,"Queen's Park Oval, Port of Spain",1,15.5,Trinidad & Tobago Red Steel,Jamaica Tallawahs,DJ Bravo,DM Bravo,K Santokie,0,1,1,,,,,,,,
857763,2015,2015-07-23,"Queen's Park Oval, Port of Spain",1,15.6,Trinidad & Tobago Red Steel,Jamaica Tallawahs,DJ Bravo,DM Bravo,K Santokie,0,0,,,,,,,,,
857763,2015,2015-07-23,"Queen's Park Oval, Port of Spain",1,15.7,Trinidad & Tobago Red Steel,Jamaica Tallawahs,DJ Bravo,DM Bravo,K Santokie,1,0,,,,,,,,,
857763,2015,2015-07-23,"Queen's Park Oval, Port of Spain",1,15.8,Trinidad & Tobago Red Steel,Jamaica Tallawahs,DM Bravo,DJ Bravo,K Santokie,1,0,,,,,,,,,
857763,2015,2015-07-23,"Queen's Park Oval, Port of Spain",1,15.9,Trinidad & Tobago Red Steel,Jamaica Tallawahs,DJ Bravo,DM Bravo,K Santokie,1,0,,,,,,,,,
857763,2015,2015-07-23,"Queen's Park Oval, Port of Spain",1,16.1,Trinidad & Tobago Red Steel,Jamaica Tallawahs,DJ Bravo,DM Bravo,NO Miller,1,0,,,,,,,,,
857763,2015,2015-07-23,"Queen's Park Oval, Port of Spain",1,16.2,Trinidad & Tobago Red Steel,Jamaica Tallawahs,DM Bravo,DJ Bravo,NO Miller,0,1,1,,,,,,,,
857763,2015,2015-07-23,"Queen's Park Oval, Port of Spain",1,16.3,Trinidad & Tobago Red Steel,Jamaica Tallawahs,DM Bravo,DJ Bravo,NO Miller,0,0,,,,,,,,,
857763,2015,2015-07-23,"Queen's Park Oval, Port of Spain",1,16.4,Trinidad & Tobago Red Steel,Jamaica Tallawahs,DM Bravo,DJ Bravo,NO Miller,1,0,,,,,,,,,
857763,2015,2015-07-23,"Queen's Park Oval, Port of Spain",1,16.5,Trinidad & Tobago Red Steel,Jamaica Tallawahs,DJ Bravo,DM Bravo,NO Miller,0,0,,,,,,caught,DJ Bravo,,
857763,2015,2015-07-23,"Queen's Park Oval, Port of Spain",1,16.6,Trinidad & Tobago Red Steel,Jamaica Tallawahs,DM Bravo,KK Cooper,NO Miller,1,0,,,,,,,,,
857763,2015,2015-07-23,"Queen's Park Oval, Port of Spain",1,16.7,Trinidad & Tobago Red Steel,Jamaica Tallawahs,KK Cooper,DM Bravo,NO Miller,1,0,,,,,,,,,
857763,2015,2015-07-23,"Queen's Park Oval, Port of Spain",1,17.1,Trinidad & Tobago Red Steel,Jamaica Tallawahs,KK Cooper,DM Bravo,JE Taylor,0,0,,,,,,,,,
857763,2015,2015-07-23,"Queen's Park Oval, Port of Spain",1,17.2,Trinidad & Tobago Red Steel,Jamaica Tallawahs,KK Cooper,DM Bravo,JE Taylor,1,0,,,,,,,,,
857763,2015,2015-07-23,"Queen's Park Oval, Port of Spain",1,17.3,Trinidad & Tobago Red Steel,Jamaica Tallawahs,DM Bravo,KK Cooper,JE Taylor,4,0,,,,,,,,,
857763,2015,2015-07-23,"Queen's Park Oval, Port of Spain",1,17.4,Trinidad & Tobago Red Steel,Jamaica Tallawahs,DM Bravo,KK Cooper,JE Taylor,1,0,,,,,,,,,
857763,2015,2015-07-23,"Queen's Park Oval, Port of Spain",1,17.5,Trinidad & Tobago Red Steel,Jamaica Tallawahs,KK Cooper,DM Bravo,JE Taylor,1,0,,,,,,,,,
857763,2015,2015-07-23,"Queen's Park Oval, Port of Spain",1,17.6,Trinidad & Tobago Red Steel,Jamaica Tallawahs,DM Bravo,KK Cooper,JE Taylor,0,0,,,,,,,,,
857763,2015,2015-07-23,"Queen's Park Oval, Port of Spain",1,18.1,Trinidad & Tobago Red Steel,Jamaica Tallawahs,KK Cooper,DM Bravo,AD Russell,0,0,,,,,,,,,
857763,2015,2015-07-23,"Queen's Park Oval, Port of Spain",1,18.2,Trinidad & Tobago Red Steel,Jamaica Tallawahs,KK Cooper,DM Bravo,AD Russell,0,1,1,,,,,,,,
857763,2015,2015-07-23,"Queen's Park Oval, Port of Spain",1,18.3,Trinidad & Tobago Red Steel,Jamaica Tallawahs,KK Cooper,DM Bravo,AD Russell,6,0,,,,,,,,,
857763,2015,2015-07-23,"Queen's Park Oval, Port of Spain",1,18.4,Trinidad & Tobago Red Steel,Jamaica Tallawahs,KK Cooper,DM Bravo,AD Russell,0,0,,,,,,caught and bowled,KK Cooper,,
857763,2015,2015-07-23,"Queen's Park Oval, Port of Spain",1,18.5,Trinidad & Tobago Red Steel,Jamaica Tallawahs,DM Bravo,J Botha,AD Russell,2,0,,,,,,,,,
857763,2015,2015-07-23,"Queen's Park Oval, Port of Spain",1,18.6,Trinidad & Tobago Red Steel,Jamaica Tallawahs,DM Bravo,J Botha,AD Russell,2,0,,,,,,,,,
857763,2015,2015-07-23,"Queen's Park Oval, Port of Spain",1,18.7,Trinidad & Tobago Red Steel,Jamaica Tallawahs,DM Bravo,J Botha,AD Russell,0,0,,,,,,,,,
857763,2015,2015-07-23,"Queen's Park Oval, Port of Spain",1,19.1,Trinidad & Tobago Red Steel,Jamaica Tallawahs,J Botha,DM Bravo,K Santokie,1,0,,,,,,,,,
857763,2015,2015-07-23,"Queen's Park Oval, Port of Spain",1,19.2,Trinidad & Tobago Red Steel,Jamaica Tallawahs,DM Bravo,J Botha,K Santokie,0,0,,,,,,,,,
857763,2015,2015-07-23,"Queen's Park Oval, Port of Spain",1,19.3,Trinidad & Tobago Red Steel,Jamaica Tallawahs,DM Bravo,J Botha,K Santokie,6,0,,,,,,,,,
857763,2015,2015-07-23,"Queen's Park Oval, Port of Spain",1,19.4,Trinidad & Tobago Red Steel,Jamaica Tallawahs,DM Bravo,J Botha,K Santokie,1,0,,,,,,,,,
857763,2015,2015-07-23,"Queen's Park Oval, Port of Spain",1,19.5,Trinidad & Tobago Red Steel,Jamaica Tallawahs,J Botha,DM Bravo,K Santokie,0,1,,,,1,,,,,
857763,2015,2015-07-23,"Queen's Park Oval, Port of Spain",1,19.6,Trinidad & Tobago Red Steel,Jamaica Tallawahs,DM Bravo,J Botha,K Santokie,2,0,,,,,,,,,
857763,2015,2015-07-23,"Queen's Park Oval, Port of Spain",2,0.1,Jamaica Tallawahs,Trinidad & Tobago Red Steel,CH Gayle,DPMD Jayawardene,JH Kallis,0,0,,,,,,,,,
857763,2015,2015-07-23,"Queen's Park Oval, Port of Spain",2,0.2,Jamaica Tallawahs,Trinidad & Tobago Red Steel,CH Gayle,DPMD Jayawardene,JH Kallis,0,0,,,,,,,,,
857763,2015,2015-07-23,"Queen's Park Oval, Port of Spain",2,0.3,Jamaica Tallawahs,Trinidad & Tobago Red Steel,CH Gayle,DPMD Jayawardene,JH Kallis,4,0,,,,,,,,,
857763,2015,2015-07-23,"Queen's Park Oval, Port of Spain",2,0.4,Jamaica Tallawahs,Trinidad & Tobago Red Steel,CH Gayle,DPMD Jayawardene,JH Kallis,0,0,,,,,,,,,
857763,2015,2015-07-23,"Queen's Park Oval, Port of Spain",2,0.5,Jamaica Tallawahs,Trinidad & Tobago Red Steel,CH Gayle,DPMD Jayawardene,JH Kallis,0,0,,,,,,,,,
857763,2015,2015-07-23,"Queen's Park Oval, Port of Spain",2,0.6,Jamaica Tallawahs,Trinidad & Tobago Red Steel,CH Gayle,DPMD Jayawardene,JH Kallis,0,0,,,,,,,,,
857763,2015,2015-07-23,"Queen's Park Oval, Port of Spain",2,1.1,Jamaica Tallawahs,Trinidad & Tobago Red Steel,DPMD Jayawardene,CH Gayle,DJ Bravo,0,0,,,,,,,,,
857763,2015,2015-07-23,"Queen's Park Oval, Port of Spain",2,1.2,Jamaica Tallawahs,Trinidad & Tobago Red Steel,DPMD Jayawardene,CH Gayle,DJ Bravo,0,0,,,,,,,,,
857763,2015,2015-07-23,"Queen's Park Oval, Port of Spain",2,1.3,Jamaica Tallawahs,Trinidad & Tobago Red Steel,DPMD Jayawardene,CH Gayle,DJ Bravo,4,0,,,,,,,,,
857763,2015,2015-07-23,"Queen's Park Oval, Port of Spain",2,1.4,Jamaica Tallawahs,Trinidad & Tobago Red Steel,DPMD Jayawardene,CH Gayle,DJ Bravo,0,0,,,,,,,,,
857763,2015,2015-07-23,"Queen's Park Oval, Port of Spain",2,1.5,Jamaica Tallawahs,Trinidad & Tobago Red Steel,DPMD Jayawardene,CH Gayle,DJ Bravo,4,0,,,,,,,,,
857763,2015,2015-07-23,"Queen's Park Oval, Port of Spain",2,1.6,Jamaica Tallawahs,Trinidad & Tobago Red Steel,DPMD Jayawardene,CH Gayle,DJ Bravo,0,0,,,,,,,,,
857763,2015,2015-07-23,"Queen's Park Oval, Port of Spain",2,2.1,Jamaica Tallawahs,Trinidad & Tobago Red Steel,CH Gayle,DPMD Jayawardene,J Botha,0,0,,,,,,,,,
857763,2015,2015-07-23,"Queen's Park Oval, Port of Spain",2,2.2,Jamaica Tallawahs,Trinidad & Tobago Red Steel,CH Gayle,DPMD Jayawardene,J Botha,0,0,,,,,,,,,
857763,2015,2015-07-23,"Queen's Park Oval, Port of Spain",2,2.3,Jamaica Tallawahs,Trinidad & Tobago Red Steel,CH Gayle,DPMD Jayawardene,J Botha,4,0,,,,,,,,,
857763,2015,2015-07-23,"Queen's Park Oval, Port of Spain",2,2.4,Jamaica Tallawahs,Trinidad & Tobago Red Steel,CH Gayle,DPMD Jayawardene,J Botha,0,0,,,,,,,,,
857763,2015,2015-07-23,"Queen's Park Oval, Port of Spain",2,2.5,Jamaica Tallawahs,Trinidad & Tobago Red Steel,CH Gayle,DPMD Jayawardene,J Botha,0,0,,,,,,,,,
857763,2015,2015-07-23,"Queen's Park Oval, Port of Spain",2,2.6,Jamaica Tallawahs,Trinidad & Tobago Red Steel,CH Gayle,DPMD Jayawardene,J Botha,1,0,,,,,,,,,
857763,2015,2015-07-23,"Queen's Park Oval, Port of Spain",2,3.1,Jamaica Tallawahs,Trinidad & Tobago Red Steel,CH Gayle,DPMD Jayawardene,JH Kallis,0,0,,,,,,,,,
857763,2015,2015-07-23,"Queen's Park Oval, Port of Spain",2,3.2,Jamaica Tallawahs,Trinidad & Tobago Red Steel,CH Gayle,DPMD Jayawardene,JH Kallis,6,0,,,,,,,,,
857763,2015,2015-07-23,"Queen's Park Oval, Port of Spain",2,3.3,Jamaica Tallawahs,Trinidad & Tobago Red Steel,CH Gayle,DPMD Jayawardene,JH Kallis,6,0,,,,,,,,,
857763,2015,2015-07-23,"Queen's Park Oval, Port of Spain",2,3.4,Jamaica Tallawahs,Trinidad & Tobago Red Steel,CH Gayle,DPMD Jayawardene,JH Kallis,0,0,,,,,,,,,
857763,2015,2015-07-23,"Queen's Park Oval, Port of Spain",2,3.5,Jamaica Tallawahs,Trinidad & Tobago Red Steel,CH Gayle,DPMD Jayawardene,JH Kallis,0,0,,,,,,,,,
857763,2015,2015-07-23,"Queen's Park Oval, Port of Spain",2,3.6,Jamaica Tallawahs,Trinidad & Tobago Red Steel,CH Gayle,DPMD Jayawardene,JH Kallis,1,0,,,,,,,,,
857763,2015,2015-07-23,"Queen's Park Oval, Port of Spain",2,4.1,Jamaica Tallawahs,Trinidad & Tobago Red Steel,CH Gayle,DPMD Jayawardene,J Botha,2,0,,,,,,,,,
857763,2015,2015-07-23,"Queen's Park Oval, Port of Spain",2,4.2,Jamaica Tallawahs,Trinidad & Tobago Red Steel,CH Gayle,DPMD Jayawardene,J Botha,6,0,,,,,,,,,
857763,2015,2015-07-23,"Queen's Park Oval, Port of Spain",2,4.3,Jamaica Tallawahs,Trinidad & Tobago Red Steel,CH Gayle,DPMD Jayawardene,J Botha,0,0,,,,,,caught and bowled,CH Gayle,,
857763,2015,2015-07-23,"Queen's Park Oval, Port of Spain",2,4.4,Jamaica Tallawahs,Trinidad & Tobago Red Steel,DPMD Jayawardene,CAK Walton,J Botha,0,0,,,,,,,,,
857763,2015,2015-07-23,"Queen's Park Oval, Port of Spain",2,4.5,Jamaica Tallawahs,Trinidad & Tobago Red Steel,DPMD Jayawardene,CAK Walton,J Botha,1,0,,,,,,,,,
857763,2015,2015-07-23,"Queen's Park Oval, Port of Spain",2,4.6,Jamaica Tallawahs,Trinidad & Tobago Red Steel,CAK Walton,DPMD Jayawardene,J Botha,0,0,,,,,,,,,
857763,2015,2015-07-23,"Queen's Park Oval, Port of Spain",2,5.1,Jamaica Tallawahs,Trinidad & Tobago Red Steel,DPMD Jayawardene,CAK Walton,SJ Benn,3,0,,,,,,,,,
857763,2015,2015-07-23,"Queen's Park Oval, Port of Spain",2,5.2,Jamaica Tallawahs,Trinidad & Tobago Red Steel,CAK Walton,DPMD Jayawardene,SJ Benn,0,0,,,,,,,,,
857763,2015,2015-07-23,"Queen's Park Oval, Port of Spain",2,5.3,Jamaica Tallawahs,Trinidad & Tobago Red Steel,CAK Walton,DPMD Jayawardene,SJ Benn,0,0,,,,,,,,,
857763,2015,2015-07-23,"Queen's Park Oval, Port of Spain",2,5.4,Jamaica Tallawahs,Trinidad & Tobago Red Steel,CAK Walton,DPMD Jayawardene,SJ Benn,4,0,,,,,,,,,
857763,2015,2015-07-23,"Queen's Park Oval, Port of Spain",2,5.5,Jamaica Tallawahs,Trinidad & Tobago Red Steel,CAK Walton,DPMD Jayawardene,SJ Benn,4,0,,,,,,,,,
857763,2015,2015-07-23,"Queen's Park Oval, Port of Spain",2,5.6,Jamaica Tallawahs,Trinidad & Tobago Red Steel,CAK Walton,DPMD Jayawardene,SJ Benn,4,0,,,,,,,,,
857763,2015,2015-07-23,"Queen's Park Oval, Port of Spain",2,6.1,Jamaica Tallawahs,Trinidad & Tobago Red Steel,DPMD Jayawardene,CAK Walton,S Badree,1,0,,,,,,,,,
857763,2015,2015-07-23,"Queen's Park Oval, Port of Spain",2,6.2,Jamaica Tallawahs,Trinidad & Tobago Red Steel,CAK Walton,DPMD Jayawardene,S Badree,1,0,,,,,,,,,
857763,2015,2015-07-23,"Queen's Park Oval, Port of Spain",2,6.3,Jamaica Tallawahs,Trinidad & Tobago Red Steel,DPMD Jayawardene,CAK Walton,S Badree,1,0,,,,,,,,,
857763,2015,2015-07-23,"Queen's Park Oval, Port of Spain",2,6.4,Jamaica Tallawahs,Trinidad & Tobago Red Steel,CAK Walton,DPMD Jayawardene,S Badree,2,0,,,,,,,,,
857763,2015,2015-07-23,"Queen's Park Oval, Port of Spain",2,6.5,Jamaica Tallawahs,Trinidad & Tobago Red Steel,CAK Walton,DPMD Jayawardene,S Badree,0,0,,,,,,,,,
857763,2015,2015-07-23,"Queen's Park Oval, Port of Spain",2,6.6,Jamaica Tallawahs,Trinidad & Tobago Red Steel,CAK Walton,DPMD Jayawardene,S Badree,1,0,,,,,,,,,
857763,2015,2015-07-23,"Queen's Park Oval, Port of Spain",2,7.1,Jamaica Tallawahs,Trinidad & Tobago Red Steel,CAK Walton,DPMD Jayawardene,DYA Davis,1,0,,,,,,,,,
857763,2015,2015-07-23,"Queen's Park Oval, Port of Spain",2,7.2,Jamaica Tallawahs,Trinidad & Tobago Red Steel,DPMD Jayawardene,CAK Walton,DYA Davis,1,0,,,,,,,,,
857763,2015,2015-07-23,"Queen's Park Oval, Port of Spain",2,7.3,Jamaica Tallawahs,Trinidad & Tobago Red Steel,CAK Walton,DPMD Jayawardene,DYA Davis,2,0,,,,,,,,,
857763,2015,2015-07-23,"Queen's Park Oval, Port of Spain",2,7.4,Jamaica Tallawahs,Trinidad & Tobago Red Steel,CAK Walton,DPMD Jayawardene,DYA Davis,1,0,,,,,,,,,
857763,2015,2015-07-23,"Queen's Park Oval, Port of Spain",2,7.5,Jamaica Tallawahs,Trinidad & Tobago Red Steel,DPMD Jayawardene,CAK Walton,DYA Davis,0,0,,,,,,,,,
857763,2015,2015-07-23,"Queen's Park Oval, Port of Spain",2,7.6,Jamaica Tallawahs,Trinidad & Tobago Red Steel,DPMD Jayawardene,CAK Walton,DYA Davis,1,0,,,,,,,,,
857763,2015,2015-07-23,"Queen's Park Oval, Port of Spain",2,8.1,Jamaica Tallawahs,Trinidad & Tobago Red Steel,DPMD Jayawardene,CAK Walton,SJ Benn,0,0,,,,,,caught,DPMD Jayawardene,,
857763,2015,2015-07-23,"Queen's Park Oval, Port of Spain",2,8.2,Jamaica Tallawahs,Trinidad & Tobago Red Steel,J Blackwood,CAK Walton,SJ Benn,0,0,,,,,,,,,
857763,2015,2015-07-23,"Queen's Park Oval, Port of Spain",2,8.3,Jamaica Tallawahs,Trinidad & Tobago Red Steel,J Blackwood,CAK Walton,SJ Benn,0,0,,,,,,,,,
857763,2015,2015-07-23,"Queen's Park Oval, Port of Spain",2,8.4,Jamaica Tallawahs,Trinidad & Tobago Red Steel,J Blackwood,CAK Walton,SJ Benn,0,0,,,,,,,,,
857763,2015,2015-07-23,"Queen's Park Oval, Port of Spain",2,8.5,Jamaica Tallawahs,Trinidad & Tobago Red Steel,J Blackwood,CAK Walton,SJ Benn,0,0,,,,,,,,,
857763,2015,2015-07-23,"Queen's Park Oval, Port of Spain",2,8.6,Jamaica Tallawahs,Trinidad & Tobago Red Steel,J Blackwood,CAK Walton,SJ Benn,0,0,,,,,,,,,
857763,2015,2015-07-23,"Queen's Park Oval, Port of Spain",2,9.1,Jamaica Tallawahs,Trinidad & Tobago Red Steel,CAK Walton,J Blackwood,S Badree,1,0,,,,,,,,,
857763,2015,2015-07-23,"Queen's Park Oval, Port of Spain",2,9.2,Jamaica Tallawahs,Trinidad & Tobago Red Steel,J Blackwood,CAK Walton,S Badree,1,0,,,,,,,,,
857763,2015,2015-07-23,"Queen's Park Oval, Port of Spain",2,9.3,Jamaica Tallawahs,Trinidad & Tobago Red Steel,CAK Walton,J Blackwood,S Badree,1,0,,,,,,,,,
857763,2015,2015-07-23,"Queen's Park Oval, Port of Spain",2,9.4,Jamaica Tallawahs,Trinidad & Tobago Red Steel,J Blackwood,CAK Walton,S Badree,0,0,,,,,,,,,
857763,2015,2015-07-23,"Queen's Park Oval, Port of Spain",2,9.5,Jamaica Tallawahs,Trinidad & Tobago Red Steel,J Blackwood,CAK Walton,S Badree,1,0,,,,,,,,,
857763,2015,2015-07-23,"Queen's Park Oval, Port of Spain",2,9.6,Jamaica Tallawahs,Trinidad & Tobago Red Steel,CAK Walton,J Blackwood,S Badree,0,0,,,,,,,,,
857763,2015,2015-07-23,"Queen's Park Oval, Port of Spain",2,10.1,Jamaica Tallawahs,Trinidad & Tobago Red Steel,J Blackwood,CAK Walton,SJ Benn,2,0,,,,,,,,,
857763,2015,2015-07-23,"Queen's Park Oval, Port of Spain",2,10.2,Jamaica Tallawahs,Trinidad & Tobago Red Steel,J Blackwood,CAK Walton,SJ Benn,6,0,,,,,,,,,
857763,2015,2015-07-23,"Queen's Park Oval, Port of Spain",2,10.3,Jamaica Tallawahs,Trinidad & Tobago Red Steel,J Blackwood,CAK Walton,SJ Benn,0,0,,,,,,,,,
857763,2015,2015-07-23,"Queen's Park Oval, Port of Spain",2,10.4,Jamaica Tallawahs,Trinidad & Tobago Red Steel,J Blackwood,CAK Walton,SJ Benn,0,0,,,,,,,,,
857763,2015,2015-07-23,"Queen's Park Oval, Port of Spain",2,10.5,Jamaica Tallawahs,Trinidad & Tobago Red Steel,J Blackwood,CAK Walton,SJ Benn,6,0,,,,,,,,,
857763,2015,2015-07-23,"Queen's Park Oval, Port of Spain",2,10.6,Jamaica Tallawahs,Trinidad & Tobago Red Steel,J Blackwood,CAK Walton,SJ Benn,0,0,,,,,,,,,
857763,2015,2015-07-23,"Queen's Park Oval, Port of Spain",2,11.1,Jamaica Tallawahs,Trinidad & Tobago Red Steel,CAK Walton,J Blackwood,S Badree,1,0,,,,,,,,,
857763,2015,2015-07-23,"Queen's Park Oval, Port of Spain",2,11.2,Jamaica Tallawahs,Trinidad & Tobago Red Steel,J Blackwood,CAK Walton,S Badree,1,0,,,,,,,,,
857763,2015,2015-07-23,"Queen's Park Oval, Port of Spain",2,11.3,Jamaica Tallawahs,Trinidad & Tobago Red Steel,CAK Walton,J Blackwood,S Badree,1,0,,,,,,,,,
857763,2015,2015-07-23,"Queen's Park Oval, Port of Spain",2,11.4,Jamaica Tallawahs,Trinidad & Tobago Red Steel,J Blackwood,CAK Walton,S Badree,0,0,,,,,,,,,
857763,2015,2015-07-23,"Queen's Park Oval, Port of Spain",2,11.5,Jamaica Tallawahs,Trinidad & Tobago Red Steel,J Blackwood,CAK Walton,S Badree,1,0,,,,,,,,,
857763,2015,2015-07-23,"Queen's Park Oval, Port of Spain",2,11.6,Jamaica Tallawahs,Trinidad & Tobago Red Steel,CAK Walton,J Blackwood,S Badree,0,0,,,,,,,,,
857763,2015,2015-07-23,"Queen's Park Oval, Port of Spain",2,12.1,Jamaica Tallawahs,Trinidad & Tobago Red Steel,J Blackwood,CAK Walton,KK Cooper,2,0,,,,,,,,,
857763,2015,2015-07-23,"Queen's Park Oval, Port of Spain",2,12.2,Jamaica Tallawahs,Trinidad & Tobago Red Steel,J Blackwood,CAK Walton,KK Cooper,0,1,,,,1,,,,,
857763,2015,2015-07-23,"Queen's Park Oval, Port of Spain",2,12.3,Jamaica Tallawahs,Trinidad & Tobago Red Steel,CAK Walton,J Blackwood,KK Cooper,1,0,,,,,,,,,
857763,2015,2015-07-23,"Queen's Park Oval, Port of Spain",2,12.4,Jamaica Tallawahs,Trinidad & Tobago Red Steel,J Blackwood,CAK Walton,KK Cooper,1,0,,,,,,,,,
857763,2015,2015-07-23,"Queen's Park Oval, Port of Spain",2,12.5,Jamaica Tallawahs,Trinidad & Tobago Red Steel,CAK Walton,J Blackwood,KK Cooper,1,0,,,,,,,,,
857763,2015,2015-07-23,"Queen's Park Oval, Port of Spain",2,12.6,Jamaica Tallawahs,Trinidad & Tobago Red Steel,J Blackwood,CAK Walton,KK Cooper,2,0,,,,,,,,,
857763,2015,2015-07-23,"Queen's Park Oval, Port of Spain",2,13.1,Jamaica Tallawahs,Trinidad & Tobago Red Steel,CAK Walton,J Blackwood,DJ Bravo,1,0,,,,,,,,,
857763,2015,2015-07-23,"Queen's Park Oval, Port of Spain",2,13.2,Jamaica Tallawahs,Trinidad & Tobago Red Steel,J Blackwood,CAK Walton,DJ Bravo,0,0,,,,,,caught,J Blackwood,,
857763,2015,2015-07-23,"Queen's Park Oval, Port of Spain",2,13.3,Jamaica Tallawahs,Trinidad & Tobago Red Steel,CAK Walton,AD Russell,DJ Bravo,0,0,,,,,,,,,
857763,2015,2015-07-23,"Queen's Park Oval, Port of Spain",2,13.4,Jamaica Tallawahs,Trinidad & Tobago Red Steel,CAK Walton,AD Russell,DJ Bravo,1,0,,,,,,,,,
857763,2015,2015-07-23,"Queen's Park Oval, Port of Spain",2,13.5,Jamaica Tallawahs,Trinidad & Tobago Red Steel,AD Russell,CAK Walton,DJ Bravo,0,0,,,,,,,,,
857763,2015,2015-07-23,"Queen's Park Oval, Port of Spain",2,13.6,Jamaica Tallawahs,Trinidad & Tobago Red Steel,AD Russell,CAK Walton,DJ Bravo,4,0,,,,,,,,,
857763,2015,2015-07-23,"Queen's Park Oval, Port of Spain",2,14.1,Jamaica Tallawahs,Trinidad & Tobago Red Steel,CAK Walton,AD Russell,KK Cooper,0,0,,,,,,,,,
857763,2015,2015-07-23,"Queen's Park Oval, Port of Spain",2,14.2,Jamaica Tallawahs,Trinidad & Tobago Red Steel,CAK Walton,AD Russell,KK Cooper,0,0,,,,,,,,,
857763,2015,2015-07-23,"Queen's Park Oval, Port of Spain",2,14.3,Jamaica Tallawahs,Trinidad & Tobago Red Steel,CAK Walton,AD Russell,KK Cooper,1,0,,,,,,,,,
857763,2015,2015-07-23,"Queen's Park Oval, Port of Spain",2,14.4,Jamaica Tallawahs,Trinidad & Tobago Red Steel,AD Russell,CAK Walton,KK Cooper,1,0,,,,,,,,,
857763,2015,2015-07-23,"Queen's Park Oval, Port of Spain",2,14.5,Jamaica Tallawahs,Trinidad & Tobago Red Steel,CAK Walton,AD Russell,KK Cooper,1,0,,,,,,,,,
857763,2015,2015-07-23,"Queen's Park Oval, Port of Spain",2,14.6,Jamaica Tallawahs,Trinidad & Tobago Red Steel,AD Russell,CAK Walton,KK Cooper,1,0,,,,,,,,,
857763,2015,2015-07-23,"Queen's Park Oval, Port of Spain",2,15.1,Jamaica Tallawahs,Trinidad & Tobago Red Steel,AD Russell,CAK Walton,DJ Bravo,0,0,,,,,,bowled,AD Russell,,
857763,2015,2015-07-23,"Queen's Park Oval, Port of Spain",2,15.2,Jamaica Tallawahs,Trinidad & Tobago Red Steel,CA Lynn,CAK Walton,DJ Bravo,0,0,,,,,,,,,
857763,2015,2015-07-23,"Queen's Park Oval, Port of Spain",2,15.3,Jamaica Tallawahs,Trinidad & Tobago Red Steel,CA Lynn,CAK Walton,DJ Bravo,0,0,,,,,,,,,
857763,2015,2015-07-23,"Queen's Park Oval, Port of Spain",2,15.4,Jamaica Tallawahs,Trinidad & Tobago Red Steel,CA Lynn,CAK Walton,DJ Bravo,1,0,,,,,,,,,
857763,2015,2015-07-23,"Queen's Park Oval, Port of Spain",2,15.5,Jamaica Tallawahs,Trinidad & Tobago Red Steel,CAK Walton,CA Lynn,DJ Bravo,1,0,,,,,,,,,
857763,2015,2015-07-23,"Queen's Park Oval, Port of Spain",2,15.6,Jamaica Tallawahs,Trinidad & Tobago Red Steel,CA Lynn,CAK Walton,DJ Bravo,1,0,,,,,,,,,
857763,2015,2015-07-23,"Queen's Park Oval, Port of Spain",2,16.1,Jamaica Tallawahs,Trinidad & Tobago Red Steel,CA Lynn,CAK Walton,KK Cooper,1,0,,,,,,,,,
857763,2015,2015-07-23,"Queen's Park Oval, Port of Spain",2,16.2,Jamaica Tallawahs,Trinidad & Tobago Red Steel,CAK Walton,CA Lynn,KK Cooper,0,0,,,,,,bowled,CAK Walton,,
857763,2015,2015-07-23,"Queen's Park Oval, Port of Spain",2,16.3,Jamaica Tallawahs,Trinidad & Tobago Red Steel,N Deonarine,CA Lynn,KK Cooper,1,0,,,,,,,,,
857763,2015,2015-07-23,"Queen's Park Oval, Port of Spain",2,16.4,Jamaica Tallawahs,Trinidad & Tobago Red Steel,CA Lynn,N Deonarine,KK Cooper,0,0,,,,,,bowled,CA Lynn,,
857763,2015,2015-07-23,"Queen's Park Oval, Port of Spain",2,16.5,Jamaica Tallawahs,Trinidad & Tobago Red Steel,NE Bonner,N Deonarine,KK Cooper,1,0,,,,,,,,,
857763,2015,2015-07-23,"Queen's Park Oval, Port of Spain",2,16.6,Jamaica Tallawahs,Trinidad & Tobago Red Steel,N Deonarine,NE Bonner,KK Cooper,4,0,,,,,,,,,
857763,2015,2015-07-23,"Queen's Park Oval, Port of Spain",2,17.1,Jamaica Tallawahs,Trinidad & Tobago Red Steel,NE Bonner,N Deonarine,DJ Bravo,1,0,,,,,,,,,
857763,2015,2015-07-23,"Queen's Park Oval, Port of Spain",2,17.2,Jamaica Tallawahs,Trinidad & Tobago Red Steel,N Deonarine,NE Bonner,DJ Bravo,0,0,,,,,,caught,N Deonarine,,
857763,2015,2015-07-23,"Queen's Park Oval, Port of Spain",2,17.3,Jamaica Tallawahs,Trinidad & Tobago Red Steel,NE Bonner,K Santokie,DJ Bravo,4,0,,,,,,,,,
857763,2015,2015-07-23,"Queen's Park Oval, Port of Spain",2,17.4,Jamaica Tallawahs,Trinidad & Tobago Red Steel,NE Bonner,K Santokie,DJ Bravo,1,0,,,,,,,,,
857763,2015,2015-07-23,"Queen's Park Oval, Port of Spain",2,17.5,Jamaica Tallawahs,Trinidad & Tobago Red Steel,K Santokie,NE Bonner,DJ Bravo,0,0,,,,,,caught,K Santokie,,
857763,2015,2015-07-23,"Queen's Park Oval, Port of Spain",2,17.6,Jamaica Tallawahs,Trinidad & Tobago Red Steel,NE Bonner,JE Taylor,DJ Bravo,0,0,,,,,,bowled,NE Bonner,,
857763,2015,2015-07-23,"Queen's Park Oval, Port of Spain",2,18.1,Jamaica Tallawahs,Trinidad & Tobago Red Steel,JE Taylor,NO Miller,KK Cooper,0,0,,,,,,,,,
857763,2015,2015-07-23,"Queen's Park Oval, Port of Spain",2,18.2,Jamaica Tallawahs,Trinidad & Tobago Red Steel,JE Taylor,NO Miller,KK Cooper,1,0,,,,,,,,,
857763,2015,2015-07-23,"Queen's Park Oval, Port of Spain",2,18.3,Jamaica Tallawahs,Trinidad & Tobago Red Steel,NO Miller,JE Taylor,KK Cooper,0,0,,,,,,,,,
857763,2015,2015-07-23,"Queen's Park Oval, Port of Spain",2,18.4,Jamaica Tallawahs,Trinidad & Tobago Red Steel,NO Miller,JE Taylor,KK Cooper,1,0,,,,,,,,,
857763,2015,2015-07-23,"Queen's Park Oval, Port of Spain",2,18.5,Jamaica Tallawahs,Trinidad & Tobago Red Steel,JE Taylor,NO Miller,KK Cooper,1,0,,,,,,,,,
857763,2015,2015-07-23,"Queen's Park Oval, Port of Spain",2,18.6,Jamaica Tallawahs,Trinidad & Tobago Red Steel,NO Miller,JE Taylor,KK Cooper,0,0,,,,,,,,,
857763,2015,2015-07-23,"Queen's Park Oval, Port of Spain",2,19.1,Jamaica Tallawahs,Trinidad & Tobago Red Steel,JE Taylor,NO Miller,JH Kallis,0,0,,,,,,,,,
857763,2015,2015-07-23,"Queen's Park Oval, Port of Spain",2,19.2,Jamaica Tallawahs,Trinidad & Tobago Red Steel,JE Taylor,NO Miller,JH Kallis,0,0,,,,,,,,,
857763,2015,2015-07-23,"Queen's Park Oval, Port of Spain",2,19.3,Jamaica Tallawahs,Trinidad & Tobago Red Steel,JE Taylor,NO Miller,JH Kallis,0,0,,,,,,bowled,JE Taylor,,
