match_id,season,start_date,venue,innings,ball,batting_team,bowling_team,striker,non_striker,bowler,runs_off_bat,extras,wides,noballs,byes,legbyes,penalty,wicket_type,player_dismissed,other_wicket_type,other_player_dismissed
857761,2015,2015-07-21,Providence Stadium,1,0.1,Trinidad & Tobago Red Steel,Guyana Amazon Warriors,JH Kallis,CS Delport,V Permaul,0,0,,,,,,,,,
857761,2015,2015-07-21,Providence Stadium,1,0.2,Trinidad & Tobago Red Steel,Guyana Amazon Warriors,JH Kallis,CS Delport,V Permaul,0,0,,,,,,,,,
857761,2015,2015-07-21,Providence Stadium,1,0.3,Trinidad & Tobago Red Steel,Guyana Amazon Warriors,JH Kallis,CS Delport,V Permaul,0,0,,,,,,,,,
857761,2015,2015-07-21,Providence Stadium,1,0.4,Trinidad & Tobago Red Steel,Guyana Amazon Warriors,JH Kallis,CS Delport,V Permaul,1,0,,,,,,,,,
857761,2015,2015-07-21,Providence Stadium,1,0.5,Trinidad & Tobago Red Steel,Guyana Amazon Warriors,CS Delport,JH Kallis,V Permaul,0,0,,,,,,,,,
857761,2015,2015-07-21,Providence Stadium,1,0.6,Trinidad & Tobago Red Steel,Guyana Amazon Warriors,CS Delport,JH Kallis,V Permaul,4,0,,,,,,,,,
857761,2015,2015-07-21,Providence Stadium,1,1.1,Trinidad & Tobago Red Steel,Guyana Amazon Warriors,JH Kallis,CS Delport,M de Lange,2,0,,,,,,,,,
857761,2015,2015-07-21,Providence Stadium,1,1.2,Trinidad & Tobago Red Steel,Guyana Amazon Warriors,JH Kallis,CS Delport,M de Lange,0,0,,,,,,,,,
857761,2015,2015-07-21,Providence Stadium,1,1.3,Trinidad & Tobago Red Steel,Guyana Amazon Warriors,JH Kallis,CS Delport,M de Lange,0,0,,,,,,caught,JH Kallis,,
857761,2015,2015-07-21,Providence Stadium,1,1.4,Trinidad & Tobago Red Steel,Guyana Amazon Warriors,JPR Scantlebury-Searles,CS Delport,M de Lange,0,0,,,,,,,,,
857761,2015,2015-07-21,Providence Stadium,1,1.5,Trinidad & Tobago Red Steel,Guyana Amazon Warriors,JPR Scantlebury-Searles,CS Delport,M de Lange,0,0,,,,,,,,,
857761,2015,2015-07-21,Providence Stadium,1,1.6,Trinidad & Tobago Red Steel,Guyana Amazon Warriors,JPR Scantlebury-Searles,CS Delport,M de Lange,1,0,,,,,,,,,
857761,2015,2015-07-21,Providence Stadium,1,2.1,Trinidad & Tobago Red Steel,Guyana Amazon Warriors,JPR Scantlebury-Searles,CS Delport,V Permaul,0,0,,,,,,,,,
857761,2015,2015-07-21,Providence Stadium,1,2.2,Trinidad & Tobago Red Steel,Guyana Amazon Warriors,JPR Scantlebury-Searles,CS Delport,V Permaul,0,0,,,,,,,,,
857761,2015,2015-07-21,Providence Stadium,1,2.3,Trinidad & Tobago Red Steel,Guyana Amazon Warriors,JPR Scantlebury-Searles,CS Delport,V Permaul,4,0,,,,,,,,,
857761,2015,2015-07-21,Providence Stadium,1,2.4,Trinidad & Tobago Red Steel,Guyana Amazon Warriors,JPR Scantlebury-Searles,CS Delport,V Permaul,1,0,,,,,,,,,
857761,2015,2015-07-21,Providence Stadium,1,2.5,Trinidad & Tobago Red Steel,Guyana Amazon Warriors,CS Delport,JPR Scantlebury-Searles,V Permaul,0,0,,,,,,,,,
857761,2015,2015-07-21,Providence Stadium,1,2.6,Trinidad & Tobago Red Steel,Guyana Amazon Warriors,CS Delport,JPR Scantlebury-Searles,V Permaul,1,0,,,,,,,,,
857761,2015,2015-07-21,Providence Stadium,1,3.1,Trinidad & Tobago Red Steel,Guyana Amazon Warriors,CS Delport,JPR Scantlebury-Searles,M de Lange,4,0,,,,,,,,,
857761,2015,2015-07-21,Providence Stadium,1,3.2,Trinidad & Tobago Red Steel,Guyana Amazon Warriors,CS Delport,JPR Scantlebury-Searles,M de Lange,1,0,,,,,,,,,
857761,2015,2015-07-21,Providence Stadium,1,3.3,Trinidad & Tobago Red Steel,Guyana Amazon Warriors,JPR Scantlebury-Searles,CS Delport,M de Lange,0,0,,,,,,,,,
857761,2015,2015-07-21,Providence Stadium,1,3.4,Trinidad & Tobago Red Steel,Guyana Amazon Warriors,JPR Scantlebury-Searles,CS Delport,M de Lange,0,0,,,,,,caught,JPR Scantlebury-Searles,,
857761,2015,2015-07-21,Providence Stadium,1,3.5,Trinidad & Tobago Red Steel,Guyana Amazon Warriors,CS Delport,DM Bravo,M de Lange,4,0,,,,,,,,,
857761,2015,2015-07-21,Providence Stadium,1,3.6,Trinidad & Tobago Red Steel,Guyana Amazon Warriors,CS Delport,DM Bravo,M de Lange,1,0,,,,,,,,,
857761,2015,2015-07-21,Providence Stadium,1,4.1,Trinidad & Tobago Red Steel,Guyana Amazon Warriors,CS Delport,DM Bravo,SP Narine,0,0,,,,,,,,,
857761,2015,2015-07-21,Providence Stadium,1,4.2,Trinidad & Tobago Red Steel,Guyana Amazon Warriors,CS Delport,DM Bravo,SP Narine,0,0,,,,,,,,,
857761,2015,2015-07-21,Providence Stadium,1,4.3,Trinidad & Tobago Red Steel,Guyana Amazon Warriors,CS Delport,DM Bravo,SP Narine,0,3,3,,,,,,,,
857761,2015,2015-07-21,Providence Stadium,1,4.4,Trinidad & Tobago Red Steel,Guyana Amazon Warriors,CS Delport,DM Bravo,SP Narine,4,0,,,,,,,,,
857761,2015,2015-07-21,Providence Stadium,1,4.5,Trinidad & Tobago Red Steel,Guyana Amazon Warriors,CS Delport,DM Bravo,SP Narine,1,0,,,,,,,,,
857761,2015,2015-07-21,Providence Stadium,1,4.6,Trinidad & Tobago Red Steel,Guyana Amazon Warriors,CS Delport,DM Bravo,SP Narine,1,0,,,,,,,,,
857761,2015,2015-07-21,Providence Stadium,1,4.7,Trinidad & Tobago Red Steel,Guyana Amazon Warriors,DM Bravo,CS Delport,SP Narine,0,0,,,,,,,,,
857761,2015,2015-07-21,Providence Stadium,1,5.1,Trinidad & Tobago Red Steel,Guyana Amazon Warriors,CS Delport,DM Bravo,D Wiese,4,0,,,,,,,,,
857761,2015,2015-07-21,Providence Stadium,1,5.2,Trinidad & Tobago Red Steel,Guyana Amazon Warriors,CS Delport,DM Bravo,D Wiese,1,0,,,,,,,,,
857761,2015,2015-07-21,Providence Stadium,1,5.3,Trinidad & Tobago Red Steel,Guyana Amazon Warriors,DM Bravo,CS Delport,D Wiese,1,0,,,,,,,,,
857761,2015,2015-07-21,Providence Stadium,1,5.4,Trinidad & Tobago Red Steel,Guyana Amazon Warriors,CS Delport,DM Bravo,D Wiese,4,0,,,,,,,,,
857761,2015,2015-07-21,Providence Stadium,1,5.5,Trinidad & Tobago Red Steel,Guyana Amazon Warriors,CS Delport,DM Bravo,D Wiese,0,0,,,,,,,,,
857761,2015,2015-07-21,Providence Stadium,1,5.6,Trinidad & Tobago Red Steel,Guyana Amazon Warriors,CS Delport,DM Bravo,D Wiese,1,0,,,,,,,,,
857761,2015,2015-07-21,Providence Stadium,1,6.1,Trinidad & Tobago Red Steel,Guyana Amazon Warriors,CS Delport,DM Bravo,BJ Hodge,0,4,,,4,,,,,,
857761,2015,2015-07-21,Providence Stadium,1,6.2,Trinidad & Tobago Red Steel,Guyana Amazon Warriors,CS Delport,DM Bravo,BJ Hodge,1,0,,,,,,,,,
857761,2015,2015-07-21,Providence Stadium,1,6.3,Trinidad & Tobago Red Steel,Guyana Amazon Warriors,DM Bravo,CS Delport,BJ Hodge,1,0,,,,,,,,,
857761,2015,2015-07-21,Providence Stadium,1,6.4,Trinidad & Tobago Red Steel,Guyana Amazon Warriors,CS Delport,DM Bravo,BJ Hodge,2,0,,,,,,,,,
857761,2015,2015-07-21,Providence Stadium,1,6.5,Trinidad & Tobago Red Steel,Guyana Amazon Warriors,CS Delport,DM Bravo,BJ Hodge,0,0,,,,,,,,,
857761,2015,2015-07-21,Providence Stadium,1,6.6,Trinidad & Tobago Red Steel,Guyana Amazon Warriors,CS Delport,DM Bravo,BJ Hodge,0,0,,,,,,,,,
857761,2015,2015-07-21,Providence Stadium,1,7.1,Trinidad & Tobago Red Steel,Guyana Amazon Warriors,DM Bravo,CS Delport,SP Narine,0,0,,,,,,,,,
857761,2015,2015-07-21,Providence Stadium,1,7.2,Trinidad & Tobago Red Steel,Guyana Amazon Warriors,DM Bravo,CS Delport,SP Narine,0,0,,,,,,,,,
857761,2015,2015-07-21,Providence Stadium,1,7.3,Trinidad & Tobago Red Steel,Guyana Amazon Warriors,DM Bravo,CS Delport,SP Narine,1,0,,,,,,,,,
857761,2015,2015-07-21,Providence Stadium,1,7.4,Trinidad & Tobago Red Steel,Guyana Amazon Warriors,CS Delport,DM Bravo,SP Narine,0,0,,,,,,,,,
857761,2015,2015-07-21,Providence Stadium,1,7.5,Trinidad & Tobago Red Steel,Guyana Amazon Warriors,CS Delport,DM Bravo,SP Narine,2,0,,,,,,,,,
857761,2015,2015-07-21,Providence Stadium,1,7.6,Trinidad & Tobago Red Steel,Guyana Amazon Warriors,CS Delport,DM Bravo,SP Narine,0,0,,,,,,,,,
857761,2015,2015-07-21,Providence Stadium,1,8.1,Trinidad & Tobago Red Steel,Guyana Amazon Warriors,DM Bravo,CS Delport,M de Lange,0,0,,,,,,caught,DM Bravo,,
857761,2015,2015-07-21,Providence Stadium,1,8.2,Trinidad & Tobago Red Steel,Guyana Amazon Warriors,J Botha,CS Delport,M de Lange,1,0,,,,,,,,,
857761,2015,2015-07-21,Providence Stadium,1,8.3,Trinidad & Tobago Red Steel,Guyana Amazon Warriors,CS Delport,J Botha,M de Lange,1,0,,,,,,,,,
857761,2015,2015-07-21,Providence Stadium,1,8.4,Trinidad & Tobago Red Steel,Guyana Amazon Warriors,J Botha,CS Delport,M de Lange,1,0,,,,,,,,,
857761,2015,2015-07-21,Providence Stadium,1,8.5,Trinidad & Tobago Red Steel,Guyana Amazon Warriors,CS Delport,J Botha,M de Lange,1,0,,,,,,,,,
857761,2015,2015-07-21,Providence Stadium,1,8.6,Trinidad & Tobago Red Steel,Guyana Amazon Warriors,J Botha,CS Delport,M de Lange,0,0,,,,,,,,,
857761,2015,2015-07-21,Providence Stadium,1,9.1,Trinidad & Tobago Red Steel,Guyana Amazon Warriors,CS Delport,J Botha,BJ Hodge,6,0,,,,,,,,,
857761,2015,2015-07-21,Providence Stadium,1,9.2,Trinidad & Tobago Red Steel,Guyana Amazon Warriors,CS Delport,J Botha,BJ Hodge,0,0,,,,,,caught,CS Delport,,
857761,2015,2015-07-21,Providence Stadium,1,9.3,Trinidad & Tobago Red Steel,Guyana Amazon Warriors,DJ Bravo,J Botha,BJ Hodge,0,0,,,,,,,,,
857761,2015,2015-07-21,Providence Stadium,1,9.4,Trinidad & Tobago Red Steel,Guyana Amazon Warriors,DJ Bravo,J Botha,BJ Hodge,1,0,,,,,,,,,
857761,2015,2015-07-21,Providence Stadium,1,9.5,Trinidad & Tobago Red Steel,Guyana Amazon Warriors,J Botha,DJ Bravo,BJ Hodge,0,0,,,,,,,,,
857761,2015,2015-07-21,Providence Stadium,1,9.6,Trinidad & Tobago Red Steel,Guyana Amazon Warriors,J Botha,DJ Bravo,BJ Hodge,1,0,,,,,,,,,
857761,2015,2015-07-21,Providence Stadium,1,10.1,Trinidad & Tobago Red Steel,Guyana Amazon Warriors,J Botha,DJ Bravo,V Permaul,1,0,,,,,,,,,
857761,2015,2015-07-21,Providence Stadium,1,10.2,Trinidad & Tobago Red Steel,Guyana Amazon Warriors,DJ Bravo,J Botha,V Permaul,0,0,,,,,,,,,
857761,2015,2015-07-21,Providence Stadium,1,10.3,Trinidad & Tobago Red Steel,Guyana Amazon Warriors,DJ Bravo,J Botha,V Permaul,0,0,,,,,,,,,
857761,2015,2015-07-21,Providence Stadium,1,10.4,Trinidad & Tobago Red Steel,Guyana Amazon Warriors,DJ Bravo,J Botha,V Permaul,1,0,,,,,,,,,
857761,2015,2015-07-21,Providence Stadium,1,10.5,Trinidad & Tobago Red Steel,Guyana Amazon Warriors,J Botha,DJ Bravo,V Permaul,0,0,,,,,,,,,
857761,2015,2015-07-21,Providence Stadium,1,10.6,Trinidad & Tobago Red Steel,Guyana Amazon Warriors,J Botha,DJ Bravo,V Permaul,4,0,,,,,,,,,
857761,2015,2015-07-21,Providence Stadium,1,11.1,Trinidad & Tobago Red Steel,Guyana Amazon Warriors,DJ Bravo,J Botha,D Bishoo,0,0,,,,,,,,,
857761,2015,2015-07-21,Providence Stadium,1,11.2,Trinidad & Tobago Red Steel,Guyana Amazon Warriors,DJ Bravo,J Botha,D Bishoo,1,0,,,,,,,,,
857761,2015,2015-07-21,Providence Stadium,1,11.3,Trinidad & Tobago Red Steel,Guyana Amazon Warriors,J Botha,DJ Bravo,D Bishoo,1,0,,,,,,,,,
857761,2015,2015-07-21,Providence Stadium,1,11.4,Trinidad & Tobago Red Steel,Guyana Amazon Warriors,DJ Bravo,J Botha,D Bishoo,1,0,,,,,,,,,
857761,2015,2015-07-21,Providence Stadium,1,11.5,Trinidad & Tobago Red Steel,Guyana Amazon Warriors,J Botha,DJ Bravo,D Bishoo,0,0,,,,,,,,,
857761,2015,2015-07-21,Providence Stadium,1,11.6,Trinidad & Tobago Red Steel,Guyana Amazon Warriors,J Botha,DJ Bravo,D Bishoo,0,0,,,,,,,,,
857761,2015,2015-07-21,Providence Stadium,1,12.1,Trinidad & Tobago Red Steel,Guyana Amazon Warriors,DJ Bravo,J Botha,V Permaul,0,0,,,,,,,,,
857761,2015,2015-07-21,Providence Stadium,1,12.2,Trinidad & Tobago Red Steel,Guyana Amazon Warriors,DJ Bravo,J Botha,V Permaul,1,0,,,,,,,,,
857761,2015,2015-07-21,Providence Stadium,1,12.3,Trinidad & Tobago Red Steel,Guyana Amazon Warriors,J Botha,DJ Bravo,V Permaul,0,0,,,,,,,,,
857761,2015,2015-07-21,Providence Stadium,1,12.4,Trinidad & Tobago Red Steel,Guyana Amazon Warriors,J Botha,DJ Bravo,V Permaul,0,0,,,,,,,,,
857761,2015,2015-07-21,Providence Stadium,1,12.5,Trinidad & Tobago Red Steel,Guyana Amazon Warriors,J Botha,DJ Bravo,V Permaul,0,1,1,,,,,,,,
857761,2015,2015-07-21,Providence Stadium,1,12.6,Trinidad & Tobago Red Steel,Guyana Amazon Warriors,J Botha,DJ Bravo,V Permaul,0,0,,,,,,,,,
857761,2015,2015-07-21,Providence Stadium,1,12.7,Trinidad & Tobago Red Steel,Guyana Amazon Warriors,J Botha,DJ Bravo,V Permaul,1,0,,,,,,,,,
857761,2015,2015-07-21,Providence Stadium,1,13.1,Trinidad & Tobago Red Steel,Guyana Amazon Warriors,J Botha,DJ Bravo,SP Narine,0,0,,,,,,,,,
857761,2015,2015-07-21,Providence Stadium,1,13.2,Trinidad & Tobago Red Steel,Guyana Amazon Warriors,J Botha,DJ Bravo,SP Narine,0,0,,,,,,,,,
857761,2015,2015-07-21,Providence Stadium,1,13.3,Trinidad & Tobago Red Steel,Guyana Amazon Warriors,J Botha,DJ Bravo,SP Narine,1,0,,,,,,,,,
857761,2015,2015-07-21,Providence Stadium,1,13.4,Trinidad & Tobago Red Steel,Guyana Amazon Warriors,DJ Bravo,J Botha,SP Narine,0,0,,,,,,,,,
857761,2015,2015-07-21,Providence Stadium,1,13.5,Trinidad & Tobago Red Steel,Guyana Amazon Warriors,DJ Bravo,J Botha,SP Narine,0,0,,,,,,lbw,DJ Bravo,,
857761,2015,2015-07-21,Providence Stadium,1,13.6,Trinidad & Tobago Red Steel,Guyana Amazon Warriors,Kamran Akmal,J Botha,SP Narine,0,0,,,,,,,,,
857761,2015,2015-07-21,Providence Stadium,1,14.1,Trinidad & Tobago Red Steel,Guyana Amazon Warriors,J Botha,Kamran Akmal,D Bishoo,0,0,,,,,,,,,
857761,2015,2015-07-21,Providence Stadium,1,14.2,Trinidad & Tobago Red Steel,Guyana Amazon Warriors,J Botha,Kamran Akmal,D Bishoo,0,0,,,,,,,,,
857761,2015,2015-07-21,Providence Stadium,1,14.3,Trinidad & Tobago Red Steel,Guyana Amazon Warriors,J Botha,Kamran Akmal,D Bishoo,0,1,,,,1,,,,,
857761,2015,2015-07-21,Providence Stadium,1,14.4,Trinidad & Tobago Red Steel,Guyana Amazon Warriors,Kamran Akmal,J Botha,D Bishoo,4,0,,,,,,,,,
857761,2015,2015-07-21,Providence Stadium,1,14.5,Trinidad & Tobago Red Steel,Guyana Amazon Warriors,Kamran Akmal,J Botha,D Bishoo,1,0,,,,,,,,,
857761,2015,2015-07-21,Providence Stadium,1,14.6,Trinidad & Tobago Red Steel,Guyana Amazon Warriors,J Botha,Kamran Akmal,D Bishoo,1,0,,,,,,,,,
857761,2015,2015-07-21,Providence Stadium,1,15.1,Trinidad & Tobago Red Steel,Guyana Amazon Warriors,J Botha,Kamran Akmal,D Wiese,0,0,,,,,,,,,
857761,2015,2015-07-21,Providence Stadium,1,15.2,Trinidad & Tobago Red Steel,Guyana Amazon Warriors,J Botha,Kamran Akmal,D Wiese,0,0,,,,,,,,,
857761,2015,2015-07-21,Providence Stadium,1,15.3,Trinidad & Tobago Red Steel,Guyana Amazon Warriors,J Botha,Kamran Akmal,D Wiese,4,0,,,,,,,,,
857761,2015,2015-07-21,Providence Stadium,1,15.4,Trinidad & Tobago Red Steel,Guyana Amazon Warriors,J Botha,Kamran Akmal,D Wiese,1,0,,,,,,,,,
857761,2015,2015-07-21,Providence Stadium,1,15.5,Trinidad & Tobago Red Steel,Guyana Amazon Warriors,Kamran Akmal,J Botha,D Wiese,4,0,,,,,,,,,
857761,2015,2015-07-21,Providence Stadium,1,15.6,Trinidad & Tobago Red Steel,Guyana Amazon Warriors,Kamran Akmal,J Botha,D Wiese,1,0,,,,,,,,,
857761,2015,2015-07-21,Providence Stadium,1,16.1,Trinidad & Tobago Red Steel,Guyana Amazon Warriors,Kamran Akmal,J Botha,D Bishoo,0,0,,,,,,caught,Kamran Akmal,,
857761,2015,2015-07-21,Providence Stadium,1,16.2,Trinidad & Tobago Red Steel,Guyana Amazon Warriors,KK Cooper,J Botha,D Bishoo,0,0,,,,,,,,,
857761,2015,2015-07-21,Providence Stadium,1,16.3,Trinidad & Tobago Red Steel,Guyana Amazon Warriors,KK Cooper,J Botha,D Bishoo,1,0,,,,,,,,,
857761,2015,2015-07-21,Providence Stadium,1,16.4,Trinidad & Tobago Red Steel,Guyana Amazon Warriors,J Botha,KK Cooper,D Bishoo,1,0,,,,,,,,,
857761,2015,2015-07-21,Providence Stadium,1,16.5,Trinidad & Tobago Red Steel,Guyana Amazon Warriors,KK Cooper,J Botha,D Bishoo,1,0,,,,,,,,,
857761,2015,2015-07-21,Providence Stadium,1,16.6,Trinidad & Tobago Red Steel,Guyana Amazon Warriors,J Botha,KK Cooper,D Bishoo,1,0,,,,,,,,,
857761,2015,2015-07-21,Providence Stadium,1,17.1,Trinidad & Tobago Red Steel,Guyana Amazon Warriors,J Botha,KK Cooper,SP Narine,1,0,,,,,,,,,
857761,2015,2015-07-21,Providence Stadium,1,17.2,Trinidad & Tobago Red Steel,Guyana Amazon Warriors,KK Cooper,J Botha,SP Narine,1,0,,,,,,,,,
857761,2015,2015-07-21,Providence Stadium,1,17.3,Trinidad & Tobago Red Steel,Guyana Amazon Warriors,J Botha,KK Cooper,SP Narine,1,0,,,,,,,,,
857761,2015,2015-07-21,Providence Stadium,1,17.4,Trinidad & Tobago Red Steel,Guyana Amazon Warriors,KK Cooper,J Botha,SP Narine,0,0,,,,,,,,,
857761,2015,2015-07-21,Providence Stadium,1,17.5,Trinidad & Tobago Red Steel,Guyana Amazon Warriors,KK Cooper,J Botha,SP Narine,0,0,,,,,,,,,
857761,2015,2015-07-21,Providence Stadium,1,17.6,Trinidad & Tobago Red Steel,Guyana Amazon Warriors,KK Cooper,J Botha,SP Narine,1,0,,,,,,,,,
857761,2015,2015-07-21,Providence Stadium,1,18.1,Trinidad & Tobago Red Steel,Guyana Amazon Warriors,KK Cooper,J Botha,D Bishoo,1,0,,,,,,,,,
857761,2015,2015-07-21,Providence Stadium,1,18.2,Trinidad & Tobago Red Steel,Guyana Amazon Warriors,J Botha,KK Cooper,D Bishoo,0,0,,,,,,,,,
857761,2015,2015-07-21,Providence Stadium,1,18.3,Trinidad & Tobago Red Steel,Guyana Amazon Warriors,J Botha,KK Cooper,D Bishoo,0,1,1,,,,,,,,
857761,2015,2015-07-21,Providence Stadium,1,18.4,Trinidad & Tobago Red Steel,Guyana Amazon Warriors,J Botha,KK Cooper,D Bishoo,1,0,,,,,,,,,
857761,2015,2015-07-21,Providence Stadium,1,18.5,Trinidad & Tobago Red Steel,Guyana Amazon Warriors,KK Cooper,J Botha,D Bishoo,2,0,,,,,,,,,
857761,2015,2015-07-21,Providence Stadium,1,18.6,Trinidad & Tobago Red Steel,Guyana Amazon Warriors,KK Cooper,J Botha,D Bishoo,1,0,,,,,,,,,
857761,2015,2015-07-21,Providence Stadium,1,18.7,Trinidad & Tobago Red Steel,Guyana Amazon Warriors,J Botha,KK Cooper,D Bishoo,0,0,,,,,,bowled,J Botha,,
857761,2015,2015-07-21,Providence Stadium,1,19.1,Trinidad & Tobago Red Steel,Guyana Amazon Warriors,KK Cooper,DYA Davis,M de Lange,2,0,,,,,,,,,
857761,2015,2015-07-21,Providence Stadium,1,19.2,Trinidad & Tobago Red Steel,Guyana Amazon Warriors,KK Cooper,DYA Davis,M de Lange,0,0,,,,,,caught,KK Cooper,,
857761,2015,2015-07-21,Providence Stadium,1,19.3,Trinidad & Tobago Red Steel,Guyana Amazon Warriors,S Badree,DYA Davis,M de Lange,0,0,,,,,,,,,
857761,2015,2015-07-21,Providence Stadium,1,19.4,Trinidad & Tobago Red Steel,Guyana Amazon Warriors,S Badree,DYA Davis,M de Lange,1,0,,,,,,,,,
857761,2015,2015-07-21,Providence Stadium,1,19.5,Trinidad & Tobago Red Steel,Guyana Amazon Warriors,DYA Davis,S Badree,M de Lange,1,0,,,,,,,,,
857761,2015,2015-07-21,Providence Stadium,1,19.6,Trinidad & Tobago Red Steel,Guyana Amazon Warriors,S Badree,DYA Davis,M de Lange,2,0,,,,,,,,,
857761,2015,2015-07-21,Providence Stadium,2,0.1,Guyana Amazon Warriors,Trinidad & Tobago Red Steel,LMP Simmons,AB Fudadin,S Badree,4,0,,,,,,,,,
857761,2015,2015-07-21,Providence Stadium,2,0.2,Guyana Amazon Warriors,Trinidad & Tobago Red Steel,LMP Simmons,AB Fudadin,S Badree,1,0,,,,,,,,,
857761,2015,2015-07-21,Providence Stadium,2,0.3,Guyana Amazon Warriors,Trinidad & Tobago Red Steel,AB Fudadin,LMP Simmons,S Badree,0,0,,,,,,,,,
857761,2015,2015-07-21,Providence Stadium,2,0.4,Guyana Amazon Warriors,Trinidad & Tobago Red Steel,AB Fudadin,LMP Simmons,S Badree,0,0,,,,,,,,,
857761,2015,2015-07-21,Providence Stadium,2,0.5,Guyana Amazon Warriors,Trinidad & Tobago Red Steel,AB Fudadin,LMP Simmons,S Badree,0,0,,,,,,,,,
857761,2015,2015-07-21,Providence Stadium,2,0.6,Guyana Amazon Warriors,Trinidad & Tobago Red Steel,AB Fudadin,LMP Simmons,S Badree,0,0,,,,,,,,,
857761,2015,2015-07-21,Providence Stadium,2,1.1,Guyana Amazon Warriors,Trinidad & Tobago Red Steel,LMP Simmons,AB Fudadin,DYA Davis,0,0,,,,,,,,,
857761,2015,2015-07-21,Providence Stadium,2,1.2,Guyana Amazon Warriors,Trinidad & Tobago Red Steel,LMP Simmons,AB Fudadin,DYA Davis,0,0,,,,,,,,,
857761,2015,2015-07-21,Providence Stadium,2,1.3,Guyana Amazon Warriors,Trinidad & Tobago Red Steel,LMP Simmons,AB Fudadin,DYA Davis,0,0,,,,,,,,,
857761,2015,2015-07-21,Providence Stadium,2,1.4,Guyana Amazon Warriors,Trinidad & Tobago Red Steel,LMP Simmons,AB Fudadin,DYA Davis,0,0,,,,,,,,,
857761,2015,2015-07-21,Providence Stadium,2,1.5,Guyana Amazon Warriors,Trinidad & Tobago Red Steel,LMP Simmons,AB Fudadin,DYA Davis,0,0,,,,,,,,,
857761,2015,2015-07-21,Providence Stadium,2,1.6,Guyana Amazon Warriors,Trinidad & Tobago Red Steel,LMP Simmons,AB Fudadin,DYA Davis,4,0,,,,,,,,,
857761,2015,2015-07-21,Providence Stadium,2,2.1,Guyana Amazon Warriors,Trinidad & Tobago Red Steel,AB Fudadin,LMP Simmons,S Badree,1,0,,,,,,,,,
857761,2015,2015-07-21,Providence Stadium,2,2.2,Guyana Amazon Warriors,Trinidad & Tobago Red Steel,LMP Simmons,AB Fudadin,S Badree,6,0,,,,,,,,,
857761,2015,2015-07-21,Providence Stadium,2,2.3,Guyana Amazon Warriors,Trinidad & Tobago Red Steel,LMP Simmons,AB Fudadin,S Badree,2,0,,,,,,,,,
857761,2015,2015-07-21,Providence Stadium,2,2.4,Guyana Amazon Warriors,Trinidad & Tobago Red Steel,LMP Simmons,AB Fudadin,S Badree,1,0,,,,,,,,,
857761,2015,2015-07-21,Providence Stadium,2,2.5,Guyana Amazon Warriors,Trinidad & Tobago Red Steel,AB Fudadin,LMP Simmons,S Badree,0,0,,,,,,,,,
857761,2015,2015-07-21,Providence Stadium,2,2.6,Guyana Amazon Warriors,Trinidad & Tobago Red Steel,AB Fudadin,LMP Simmons,S Badree,0,0,,,,,,,,,
857761,2015,2015-07-21,Providence Stadium,2,3.1,Guyana Amazon Warriors,Trinidad & Tobago Red Steel,LMP Simmons,AB Fudadin,DYA Davis,6,0,,,,,,,,,
857761,2015,2015-07-21,Providence Stadium,2,3.2,Guyana Amazon Warriors,Trinidad & Tobago Red Steel,LMP Simmons,AB Fudadin,DYA Davis,4,0,,,,,,,,,
857761,2015,2015-07-21,Providence Stadium,2,3.3,Guyana Amazon Warriors,Trinidad & Tobago Red Steel,LMP Simmons,AB Fudadin,DYA Davis,0,0,,,,,,,,,
857761,2015,2015-07-21,Providence Stadium,2,3.4,Guyana Amazon Warriors,Trinidad & Tobago Red Steel,LMP Simmons,AB Fudadin,DYA Davis,4,0,,,,,,,,,
857761,2015,2015-07-21,Providence Stadium,2,3.5,Guyana Amazon Warriors,Trinidad & Tobago Red Steel,LMP Simmons,AB Fudadin,DYA Davis,1,0,,,,,,,,,
857761,2015,2015-07-21,Providence Stadium,2,3.6,Guyana Amazon Warriors,Trinidad & Tobago Red Steel,AB Fudadin,LMP Simmons,DYA Davis,0,0,,,,,,,,,
857761,2015,2015-07-21,Providence Stadium,2,4.1,Guyana Amazon Warriors,Trinidad & Tobago Red Steel,LMP Simmons,AB Fudadin,SJ Benn,0,0,,,,,,,,,
857761,2015,2015-07-21,Providence Stadium,2,4.2,Guyana Amazon Warriors,Trinidad & Tobago Red Steel,LMP Simmons,AB Fudadin,SJ Benn,0,0,,,,,,,,,
857761,2015,2015-07-21,Providence Stadium,2,4.3,Guyana Amazon Warriors,Trinidad & Tobago Red Steel,LMP Simmons,AB Fudadin,SJ Benn,1,0,,,,,,,,,
857761,2015,2015-07-21,Providence Stadium,2,4.4,Guyana Amazon Warriors,Trinidad & Tobago Red Steel,AB Fudadin,LMP Simmons,SJ Benn,0,0,,,,,,,,,
857761,2015,2015-07-21,Providence Stadium,2,4.5,Guyana Amazon Warriors,Trinidad & Tobago Red Steel,AB Fudadin,LMP Simmons,SJ Benn,0,0,,,,,,,,,
857761,2015,2015-07-21,Providence Stadium,2,4.6,Guyana Amazon Warriors,Trinidad & Tobago Red Steel,AB Fudadin,LMP Simmons,SJ Benn,0,0,,,,,,,,,
857761,2015,2015-07-21,Providence Stadium,2,5.1,Guyana Amazon Warriors,Trinidad & Tobago Red Steel,LMP Simmons,AB Fudadin,DJ Bravo,1,0,,,,,,,,,
857761,2015,2015-07-21,Providence Stadium,2,5.2,Guyana Amazon Warriors,Trinidad & Tobago Red Steel,AB Fudadin,LMP Simmons,DJ Bravo,4,0,,,,,,,,,
857761,2015,2015-07-21,Providence Stadium,2,5.3,Guyana Amazon Warriors,Trinidad & Tobago Red Steel,AB Fudadin,LMP Simmons,DJ Bravo,1,0,,,,,,,,,
857761,2015,2015-07-21,Providence Stadium,2,5.4,Guyana Amazon Warriors,Trinidad & Tobago Red Steel,LMP Simmons,AB Fudadin,DJ Bravo,0,0,,,,,,,,,
857761,2015,2015-07-21,Providence Stadium,2,5.5,Guyana Amazon Warriors,Trinidad & Tobago Red Steel,LMP Simmons,AB Fudadin,DJ Bravo,6,0,,,,,,,,,
857761,2015,2015-07-21,Providence Stadium,2,5.6,Guyana Amazon Warriors,Trinidad & Tobago Red Steel,LMP Simmons,AB Fudadin,DJ Bravo,0,0,,,,,,,,,
857761,2015,2015-07-21,Providence Stadium,2,6.1,Guyana Amazon Warriors,Trinidad & Tobago Red Steel,AB Fudadin,LMP Simmons,SJ Benn,1,0,,,,,,,,,
857761,2015,2015-07-21,Providence Stadium,2,6.2,Guyana Amazon Warriors,Trinidad & Tobago Red Steel,LMP Simmons,AB Fudadin,SJ Benn,0,0,,,,,,,,,
857761,2015,2015-07-21,Providence Stadium,2,6.3,Guyana Amazon Warriors,Trinidad & Tobago Red Steel,LMP Simmons,AB Fudadin,SJ Benn,1,0,,,,,,,,,
857761,2015,2015-07-21,Providence Stadium,2,6.4,Guyana Amazon Warriors,Trinidad & Tobago Red Steel,AB Fudadin,LMP Simmons,SJ Benn,1,0,,,,,,,,,
857761,2015,2015-07-21,Providence Stadium,2,6.5,Guyana Amazon Warriors,Trinidad & Tobago Red Steel,LMP Simmons,AB Fudadin,SJ Benn,0,0,,,,,,,,,
857761,2015,2015-07-21,Providence Stadium,2,6.6,Guyana Amazon Warriors,Trinidad & Tobago Red Steel,LMP Simmons,AB Fudadin,SJ Benn,1,0,,,,,,,,,
857761,2015,2015-07-21,Providence Stadium,2,7.1,Guyana Amazon Warriors,Trinidad & Tobago Red Steel,LMP Simmons,AB Fudadin,J Botha,0,0,,,,,,,,,
857761,2015,2015-07-21,Providence Stadium,2,7.2,Guyana Amazon Warriors,Trinidad & Tobago Red Steel,LMP Simmons,AB Fudadin,J Botha,0,0,,,,,,,,,
857761,2015,2015-07-21,Providence Stadium,2,7.3,Guyana Amazon Warriors,Trinidad & Tobago Red Steel,LMP Simmons,AB Fudadin,J Botha,0,0,,,,,,,,,
857761,2015,2015-07-21,Providence Stadium,2,7.4,Guyana Amazon Warriors,Trinidad & Tobago Red Steel,LMP Simmons,AB Fudadin,J Botha,1,0,,,,,,,,,
857761,2015,2015-07-21,Providence Stadium,2,7.5,Guyana Amazon Warriors,Trinidad & Tobago Red Steel,AB Fudadin,LMP Simmons,J Botha,0,0,,,,,,,,,
857761,2015,2015-07-21,Providence Stadium,2,7.6,Guyana Amazon Warriors,Trinidad & Tobago Red Steel,AB Fudadin,LMP Simmons,J Botha,1,0,,,,,,,,,
857761,2015,2015-07-21,Providence Stadium,2,8.1,Guyana Amazon Warriors,Trinidad & Tobago Red Steel,AB Fudadin,LMP Simmons,DJ Bravo,0,1,1,,,,,,,,
857761,2015,2015-07-21,Providence Stadium,2,8.2,Guyana Amazon Warriors,Trinidad & Tobago Red Steel,AB Fudadin,LMP Simmons,DJ Bravo,0,0,,,,,,caught,AB Fudadin,,
857761,2015,2015-07-21,Providence Stadium,2,8.3,Guyana Amazon Warriors,Trinidad & Tobago Red Steel,D Ramdin,LMP Simmons,DJ Bravo,2,0,,,,,,,,,
857761,2015,2015-07-21,Providence Stadium,2,8.4,Guyana Amazon Warriors,Trinidad & Tobago Red Steel,D Ramdin,LMP Simmons,DJ Bravo,1,0,,,,,,,,,
857761,2015,2015-07-21,Providence Stadium,2,8.5,Guyana Amazon Warriors,Trinidad & Tobago Red Steel,LMP Simmons,D Ramdin,DJ Bravo,0,0,,,,,,,,,
857761,2015,2015-07-21,Providence Stadium,2,8.6,Guyana Amazon Warriors,Trinidad & Tobago Red Steel,LMP Simmons,D Ramdin,DJ Bravo,1,0,,,,,,,,,
857761,2015,2015-07-21,Providence Stadium,2,8.7,Guyana Amazon Warriors,Trinidad & Tobago Red Steel,D Ramdin,LMP Simmons,DJ Bravo,1,0,,,,,,,,,
857761,2015,2015-07-21,Providence Stadium,2,9.1,Guyana Amazon Warriors,Trinidad & Tobago Red Steel,D Ramdin,LMP Simmons,J Botha,1,0,,,,,,,,,
857761,2015,2015-07-21,Providence Stadium,2,9.2,Guyana Amazon Warriors,Trinidad & Tobago Red Steel,LMP Simmons,D Ramdin,J Botha,1,0,,,,,,,,,
857761,2015,2015-07-21,Providence Stadium,2,9.3,Guyana Amazon Warriors,Trinidad & Tobago Red Steel,D Ramdin,LMP Simmons,J Botha,0,1,1,,,,,stumped,D Ramdin,,
857761,2015,2015-07-21,Providence Stadium,2,9.4,Guyana Amazon Warriors,Trinidad & Tobago Red Steel,BJ Hodge,LMP Simmons,J Botha,0,0,,,,,,,,,
857761,2015,2015-07-21,Providence Stadium,2,9.5,Guyana Amazon Warriors,Trinidad & Tobago Red Steel,BJ Hodge,LMP Simmons,J Botha,1,0,,,,,,,,,
857761,2015,2015-07-21,Providence Stadium,2,9.6,Guyana Amazon Warriors,Trinidad & Tobago Red Steel,LMP Simmons,BJ Hodge,J Botha,0,0,,,,,,,,,
857761,2015,2015-07-21,Providence Stadium,2,9.7,Guyana Amazon Warriors,Trinidad & Tobago Red Steel,LMP Simmons,BJ Hodge,J Botha,1,0,,,,,,,,,
857761,2015,2015-07-21,Providence Stadium,2,10.1,Guyana Amazon Warriors,Trinidad & Tobago Red Steel,LMP Simmons,BJ Hodge,SJ Benn,0,0,,,,,,,,,
857761,2015,2015-07-21,Providence Stadium,2,10.2,Guyana Amazon Warriors,Trinidad & Tobago Red Steel,LMP Simmons,BJ Hodge,SJ Benn,1,0,,,,,,,,,
857761,2015,2015-07-21,Providence Stadium,2,10.3,Guyana Amazon Warriors,Trinidad & Tobago Red Steel,BJ Hodge,LMP Simmons,SJ Benn,1,0,,,,,,,,,
857761,2015,2015-07-21,Providence Stadium,2,10.4,Guyana Amazon Warriors,Trinidad & Tobago Red Steel,LMP Simmons,BJ Hodge,SJ Benn,1,0,,,,,,,,,
857761,2015,2015-07-21,Providence Stadium,2,10.5,Guyana Amazon Warriors,Trinidad & Tobago Red Steel,BJ Hodge,LMP Simmons,SJ Benn,0,0,,,,,,,,,
857761,2015,2015-07-21,Providence Stadium,2,10.6,Guyana Amazon Warriors,Trinidad & Tobago Red Steel,BJ Hodge,LMP Simmons,SJ Benn,0,0,,,,,,,,,
857761,2015,2015-07-21,Providence Stadium,2,11.1,Guyana Amazon Warriors,Trinidad & Tobago Red Steel,LMP Simmons,BJ Hodge,DYA Davis,0,0,,,,,,,,,
857761,2015,2015-07-21,Providence Stadium,2,11.2,Guyana Amazon Warriors,Trinidad & Tobago Red Steel,LMP Simmons,BJ Hodge,DYA Davis,1,0,,,,,,,,,
857761,2015,2015-07-21,Providence Stadium,2,11.3,Guyana Amazon Warriors,Trinidad & Tobago Red Steel,BJ Hodge,LMP Simmons,DYA Davis,0,0,,,,,,,,,
857761,2015,2015-07-21,Providence Stadium,2,11.4,Guyana Amazon Warriors,Trinidad & Tobago Red Steel,BJ Hodge,LMP Simmons,DYA Davis,1,0,,,,,,,,,
857761,2015,2015-07-21,Providence Stadium,2,11.5,Guyana Amazon Warriors,Trinidad & Tobago Red Steel,LMP Simmons,BJ Hodge,DYA Davis,4,0,,,,,,,,,
857761,2015,2015-07-21,Providence Stadium,2,11.6,Guyana Amazon Warriors,Trinidad & Tobago Red Steel,LMP Simmons,BJ Hodge,DYA Davis,2,0,,,,,,,,,
857761,2015,2015-07-21,Providence Stadium,2,12.1,Guyana Amazon Warriors,Trinidad & Tobago Red Steel,BJ Hodge,LMP Simmons,S Badree,2,0,,,,,,,,,
857761,2015,2015-07-21,Providence Stadium,2,12.2,Guyana Amazon Warriors,Trinidad & Tobago Red Steel,BJ Hodge,LMP Simmons,S Badree,0,0,,,,,,,,,
857761,2015,2015-07-21,Providence Stadium,2,12.3,Guyana Amazon Warriors,Trinidad & Tobago Red Steel,BJ Hodge,LMP Simmons,S Badree,0,0,,,,,,,,,
857761,2015,2015-07-21,Providence Stadium,2,12.4,Guyana Amazon Warriors,Trinidad & Tobago Red Steel,BJ Hodge,LMP Simmons,S Badree,1,0,,,,,,,,,
857761,2015,2015-07-21,Providence Stadium,2,12.5,Guyana Amazon Warriors,Trinidad & Tobago Red Steel,LMP Simmons,BJ Hodge,S Badree,1,0,,,,,,,,,
857761,2015,2015-07-21,Providence Stadium,2,12.6,Guyana Amazon Warriors,Trinidad & Tobago Red Steel,BJ Hodge,LMP Simmons,S Badree,0,1,1,,,,,,,,
857761,2015,2015-07-21,Providence Stadium,2,12.7,Guyana Amazon Warriors,Trinidad & Tobago Red Steel,BJ Hodge,LMP Simmons,S Badree,1,0,,,,,,,,,
857761,2015,2015-07-21,Providence Stadium,2,13.1,Guyana Amazon Warriors,Trinidad & Tobago Red Steel,BJ Hodge,LMP Simmons,J Botha,4,0,,,,,,,,,
857761,2015,2015-07-21,Providence Stadium,2,13.2,Guyana Amazon Warriors,Trinidad & Tobago Red Steel,BJ Hodge,LMP Simmons,J Botha,0,0,,,,,,,,,
857761,2015,2015-07-21,Providence Stadium,2,13.3,Guyana Amazon Warriors,Trinidad & Tobago Red Steel,BJ Hodge,LMP Simmons,J Botha,2,0,,,,,,,,,
857761,2015,2015-07-21,Providence Stadium,2,13.4,Guyana Amazon Warriors,Trinidad & Tobago Red Steel,BJ Hodge,LMP Simmons,J Botha,1,0,,,,,,,,,
857761,2015,2015-07-21,Providence Stadium,2,13.5,Guyana Amazon Warriors,Trinidad & Tobago Red Steel,LMP Simmons,BJ Hodge,J Botha,1,0,,,,,,,,,
857761,2015,2015-07-21,Providence Stadium,2,13.6,Guyana Amazon Warriors,Trinidad & Tobago Red Steel,BJ Hodge,LMP Simmons,J Botha,0,0,,,,,,,,,
857761,2015,2015-07-21,Providence Stadium,2,14.1,Guyana Amazon Warriors,Trinidad & Tobago Red Steel,LMP Simmons,BJ Hodge,SJ Benn,1,0,,,,,,,,,
857761,2015,2015-07-21,Providence Stadium,2,14.2,Guyana Amazon Warriors,Trinidad & Tobago Red Steel,BJ Hodge,LMP Simmons,SJ Benn,1,0,,,,,,,,,
857761,2015,2015-07-21,Providence Stadium,2,14.3,Guyana Amazon Warriors,Trinidad & Tobago Red Steel,LMP Simmons,BJ Hodge,SJ Benn,1,0,,,,,,,,,
857761,2015,2015-07-21,Providence Stadium,2,14.4,Guyana Amazon Warriors,Trinidad & Tobago Red Steel,BJ Hodge,LMP Simmons,SJ Benn,4,0,,,,,,,,,
857761,2015,2015-07-21,Providence Stadium,2,14.5,Guyana Amazon Warriors,Trinidad & Tobago Red Steel,BJ Hodge,LMP Simmons,SJ Benn,1,0,,,,,,,,,
857761,2015,2015-07-21,Providence Stadium,2,14.6,Guyana Amazon Warriors,Trinidad & Tobago Red Steel,LMP Simmons,BJ Hodge,SJ Benn,1,0,,,,,,,,,
857761,2015,2015-07-21,Providence Stadium,2,15.1,Guyana Amazon Warriors,Trinidad & Tobago Red Steel,LMP Simmons,BJ Hodge,KK Cooper,2,0,,,,,,,,,
857761,2015,2015-07-21,Providence Stadium,2,15.2,Guyana Amazon Warriors,Trinidad & Tobago Red Steel,LMP Simmons,BJ Hodge,KK Cooper,1,0,,,,,,,,,
857761,2015,2015-07-21,Providence Stadium,2,15.3,Guyana Amazon Warriors,Trinidad & Tobago Red Steel,BJ Hodge,LMP Simmons,KK Cooper,0,0,,,,,,,,,
857761,2015,2015-07-21,Providence Stadium,2,15.4,Guyana Amazon Warriors,Trinidad & Tobago Red Steel,BJ Hodge,LMP Simmons,KK Cooper,6,0,,,,,,,,,
857761,2015,2015-07-21,Providence Stadium,2,15.5,Guyana Amazon Warriors,Trinidad & Tobago Red Steel,BJ Hodge,LMP Simmons,KK Cooper,6,0,,,,,,,,,
857761,2015,2015-07-21,Providence Stadium,2,15.6,Guyana Amazon Warriors,Trinidad & Tobago Red Steel,BJ Hodge,LMP Simmons,KK Cooper,1,0,,,,,,,,,
857761,2015,2015-07-21,Providence Stadium,2,16.1,Guyana Amazon Warriors,Trinidad & Tobago Red Steel,BJ Hodge,LMP Simmons,DJ Bravo,0,0,,,,,,bowled,BJ Hodge,,
857761,2015,2015-07-21,Providence Stadium,2,16.2,Guyana Amazon Warriors,Trinidad & Tobago Red Steel,Umar Akmal,LMP Simmons,DJ Bravo,0,0,,,,,,,,,
857761,2015,2015-07-21,Providence Stadium,2,16.3,Guyana Amazon Warriors,Trinidad & Tobago Red Steel,Umar Akmal,LMP Simmons,DJ Bravo,2,0,,,,,,,,,
857761,2015,2015-07-21,Providence Stadium,2,16.4,Guyana Amazon Warriors,Trinidad & Tobago Red Steel,Umar Akmal,LMP Simmons,DJ Bravo,0,0,,,,,,,,,
857761,2015,2015-07-21,Providence Stadium,2,16.5,Guyana Amazon Warriors,Trinidad & Tobago Red Steel,Umar Akmal,LMP Simmons,DJ Bravo,1,0,,,,,,,,,
857761,2015,2015-07-21,Providence Stadium,2,16.6,Guyana Amazon Warriors,Trinidad & Tobago Red Steel,LMP Simmons,Umar Akmal,DJ Bravo,1,0,,,,,,,,,
