match_id,season,start_date,venue,innings,ball,batting_team,bowling_team,striker,non_striker,bowler,runs_off_bat,extras,wides,noballs,byes,legbyes,penalty,wicket_type,player_dismissed,other_wicket_type,other_player_dismissed
857755,2015,2015-07-18,"Queen's Park Oval, Port of Spain",1,0.1,Trinidad & Tobago Red Steel,St Kitts and Nevis Patriots,JH Kallis,WKD Perkins,Sohail Tanvir,0,0,,,,,,,,,
857755,2015,2015-07-18,"Queen's Park Oval, Port of Spain",1,0.2,Trinidad & Tobago Red Steel,St Kitts and Nevis Patriots,JH Kallis,WKD Perkins,Sohail Tanvir,0,0,,,,,,,,,
857755,2015,2015-07-18,"Queen's Park Oval, Port of Spain",1,0.3,Trinidad & Tobago Red Steel,St Kitts and Nevis Patriots,JH Kallis,WKD Perkins,Sohail Tanvir,0,0,,,,,,,,,
857755,2015,2015-07-18,"Queen's Park Oval, Port of Spain",1,0.4,Trinidad & Tobago Red Steel,St Kitts and Nevis Patriots,JH Kallis,WKD Perkins,Sohail Tanvir,4,0,,,,,,,,,
857755,2015,2015-07-18,"Queen's Park Oval, Port of Spain",1,0.5,Trinidad & Tobago Red Steel,St Kitts and Nevis Patriots,JH Kallis,WKD Perkins,Sohail Tanvir,4,0,,,,,,,,,
857755,2015,2015-07-18,"Queen's Park Oval, Port of Spain",1,0.6,Trinidad & Tobago Red Steel,St Kitts and Nevis Patriots,JH Kallis,WKD Perkins,Sohail Tanvir,0,0,,,,,,,,,
857755,2015,2015-07-18,"Queen's Park Oval, Port of Spain",1,1.1,Trinidad & Tobago Red Steel,St Kitts and Nevis Patriots,WKD Perkins,JH Kallis,CR Brathwaite,0,0,,,,,,,,,
857755,2015,2015-07-18,"Queen's Park Oval, Port of Spain",1,1.2,Trinidad & Tobago Red Steel,St Kitts and Nevis Patriots,WKD Perkins,JH Kallis,CR Brathwaite,0,0,,,,,,,,,
857755,2015,2015-07-18,"Queen's Park Oval, Port of Spain",1,1.3,Trinidad & Tobago Red Steel,St Kitts and Nevis Patriots,WKD Perkins,JH Kallis,CR Brathwaite,3,0,,,,,,,,,
857755,2015,2015-07-18,"Queen's Park Oval, Port of Spain",1,1.4,Trinidad & Tobago Red Steel,St Kitts and Nevis Patriots,JH Kallis,WKD Perkins,CR Brathwaite,0,0,,,,,,,,,
857755,2015,2015-07-18,"Queen's Park Oval, Port of Spain",1,1.5,Trinidad & Tobago Red Steel,St Kitts and Nevis Patriots,JH Kallis,WKD Perkins,CR Brathwaite,4,0,,,,,,,,,
857755,2015,2015-07-18,"Queen's Park Oval, Port of Spain",1,1.6,Trinidad & Tobago Red Steel,St Kitts and Nevis Patriots,JH Kallis,WKD Perkins,CR Brathwaite,1,0,,,,,,,,,
857755,2015,2015-07-18,"Queen's Park Oval, Port of Spain",1,2.1,Trinidad & Tobago Red Steel,St Kitts and Nevis Patriots,JH Kallis,WKD Perkins,RA Reifer,0,0,,,,,,,,,
857755,2015,2015-07-18,"Queen's Park Oval, Port of Spain",1,2.2,Trinidad & Tobago Red Steel,St Kitts and Nevis Patriots,JH Kallis,WKD Perkins,RA Reifer,0,0,,,,,,,,,
857755,2015,2015-07-18,"Queen's Park Oval, Port of Spain",1,2.3,Trinidad & Tobago Red Steel,St Kitts and Nevis Patriots,JH Kallis,WKD Perkins,RA Reifer,1,0,,,,,,,,,
857755,2015,2015-07-18,"Queen's Park Oval, Port of Spain",1,2.4,Trinidad & Tobago Red Steel,St Kitts and Nevis Patriots,WKD Perkins,JH Kallis,RA Reifer,0,1,1,,,,,,,,
857755,2015,2015-07-18,"Queen's Park Oval, Port of Spain",1,2.5,Trinidad & Tobago Red Steel,St Kitts and Nevis Patriots,WKD Perkins,JH Kallis,RA Reifer,0,0,,,,,,,,,
857755,2015,2015-07-18,"Queen's Park Oval, Port of Spain",1,2.6,Trinidad & Tobago Red Steel,St Kitts and Nevis Patriots,WKD Perkins,JH Kallis,RA Reifer,1,0,,,,,,,,,
857755,2015,2015-07-18,"Queen's Park Oval, Port of Spain",1,2.7,Trinidad & Tobago Red Steel,St Kitts and Nevis Patriots,JH Kallis,WKD Perkins,RA Reifer,3,0,,,,,,,,,
857755,2015,2015-07-18,"Queen's Park Oval, Port of Spain",1,3.1,Trinidad & Tobago Red Steel,St Kitts and Nevis Patriots,JH Kallis,WKD Perkins,Sohail Tanvir,0,0,,,,,,,,,
857755,2015,2015-07-18,"Queen's Park Oval, Port of Spain",1,3.2,Trinidad & Tobago Red Steel,St Kitts and Nevis Patriots,JH Kallis,WKD Perkins,Sohail Tanvir,4,0,,,,,,,,,
857755,2015,2015-07-18,"Queen's Park Oval, Port of Spain",1,3.3,Trinidad & Tobago Red Steel,St Kitts and Nevis Patriots,JH Kallis,WKD Perkins,Sohail Tanvir,0,0,,,,,,,,,
857755,2015,2015-07-18,"Queen's Park Oval, Port of Spain",1,3.4,Trinidad & Tobago Red Steel,St Kitts and Nevis Patriots,JH Kallis,WKD Perkins,Sohail Tanvir,0,0,,,,,,,,,
857755,2015,2015-07-18,"Queen's Park Oval, Port of Spain",1,3.5,Trinidad & Tobago Red Steel,St Kitts and Nevis Patriots,JH Kallis,WKD Perkins,Sohail Tanvir,0,0,,,,,,,,,
857755,2015,2015-07-18,"Queen's Park Oval, Port of Spain",1,3.6,Trinidad & Tobago Red Steel,St Kitts and Nevis Patriots,JH Kallis,WKD Perkins,Sohail Tanvir,4,0,,,,,,,,,
857755,2015,2015-07-18,"Queen's Park Oval, Port of Spain",1,4.1,Trinidad & Tobago Red Steel,St Kitts and Nevis Patriots,WKD Perkins,JH Kallis,RA Reifer,1,0,,,,,,,,,
857755,2015,2015-07-18,"Queen's Park Oval, Port of Spain",1,4.2,Trinidad & Tobago Red Steel,St Kitts and Nevis Patriots,JH Kallis,WKD Perkins,RA Reifer,1,0,,,,,,,,,
857755,2015,2015-07-18,"Queen's Park Oval, Port of Spain",1,4.3,Trinidad & Tobago Red Steel,St Kitts and Nevis Patriots,WKD Perkins,JH Kallis,RA Reifer,4,0,,,,,,,,,
857755,2015,2015-07-18,"Queen's Park Oval, Port of Spain",1,4.4,Trinidad & Tobago Red Steel,St Kitts and Nevis Patriots,WKD Perkins,JH Kallis,RA Reifer,0,0,,,,,,,,,
857755,2015,2015-07-18,"Queen's Park Oval, Port of Spain",1,4.5,Trinidad & Tobago Red Steel,St Kitts and Nevis Patriots,WKD Perkins,JH Kallis,RA Reifer,6,0,,,,,,,,,
857755,2015,2015-07-18,"Queen's Park Oval, Port of Spain",1,4.6,Trinidad & Tobago Red Steel,St Kitts and Nevis Patriots,WKD Perkins,JH Kallis,RA Reifer,0,0,,,,,,,,,
857755,2015,2015-07-18,"Queen's Park Oval, Port of Spain",1,5.1,Trinidad & Tobago Red Steel,St Kitts and Nevis Patriots,JH Kallis,WKD Perkins,Sohail Tanvir,0,0,,,,,,,,,
857755,2015,2015-07-18,"Queen's Park Oval, Port of Spain",1,5.2,Trinidad & Tobago Red Steel,St Kitts and Nevis Patriots,JH Kallis,WKD Perkins,Sohail Tanvir,1,0,,,,,,,,,
857755,2015,2015-07-18,"Queen's Park Oval, Port of Spain",1,5.3,Trinidad & Tobago Red Steel,St Kitts and Nevis Patriots,WKD Perkins,JH Kallis,Sohail Tanvir,0,0,,,,,,,,,
857755,2015,2015-07-18,"Queen's Park Oval, Port of Spain",1,5.4,Trinidad & Tobago Red Steel,St Kitts and Nevis Patriots,WKD Perkins,JH Kallis,Sohail Tanvir,0,0,,,,,,caught,WKD Perkins,,
857755,2015,2015-07-18,"Queen's Park Oval, Port of Spain",1,5.5,Trinidad & Tobago Red Steel,St Kitts and Nevis Patriots,Kamran Akmal,JH Kallis,Sohail Tanvir,0,0,,,,,,,,,
857755,2015,2015-07-18,"Queen's Park Oval, Port of Spain",1,5.6,Trinidad & Tobago Red Steel,St Kitts and Nevis Patriots,Kamran Akmal,JH Kallis,Sohail Tanvir,1,0,,,,,,,,,
857755,2015,2015-07-18,"Queen's Park Oval, Port of Spain",1,6.1,Trinidad & Tobago Red Steel,St Kitts and Nevis Patriots,Kamran Akmal,JH Kallis,T Shamsi,0,0,,,,,,,,,
857755,2015,2015-07-18,"Queen's Park Oval, Port of Spain",1,6.2,Trinidad & Tobago Red Steel,St Kitts and Nevis Patriots,Kamran Akmal,JH Kallis,T Shamsi,0,0,,,,,,,,,
857755,2015,2015-07-18,"Queen's Park Oval, Port of Spain",1,6.3,Trinidad & Tobago Red Steel,St Kitts and Nevis Patriots,Kamran Akmal,JH Kallis,T Shamsi,0,0,,,,,,,,,
857755,2015,2015-07-18,"Queen's Park Oval, Port of Spain",1,6.4,Trinidad & Tobago Red Steel,St Kitts and Nevis Patriots,Kamran Akmal,JH Kallis,T Shamsi,0,0,,,,,,,,,
857755,2015,2015-07-18,"Queen's Park Oval, Port of Spain",1,6.5,Trinidad & Tobago Red Steel,St Kitts and Nevis Patriots,Kamran Akmal,JH Kallis,T Shamsi,0,0,,,,,,,,,
857755,2015,2015-07-18,"Queen's Park Oval, Port of Spain",1,6.6,Trinidad & Tobago Red Steel,St Kitts and Nevis Patriots,Kamran Akmal,JH Kallis,T Shamsi,0,0,,,,,,,,,
857755,2015,2015-07-18,"Queen's Park Oval, Port of Spain",1,7.1,Trinidad & Tobago Red Steel,St Kitts and Nevis Patriots,JH Kallis,Kamran Akmal,JA Warrican,1,0,,,,,,,,,
857755,2015,2015-07-18,"Queen's Park Oval, Port of Spain",1,7.2,Trinidad & Tobago Red Steel,St Kitts and Nevis Patriots,Kamran Akmal,JH Kallis,JA Warrican,1,0,,,,,,,,,
857755,2015,2015-07-18,"Queen's Park Oval, Port of Spain",1,7.3,Trinidad & Tobago Red Steel,St Kitts and Nevis Patriots,JH Kallis,Kamran Akmal,JA Warrican,1,0,,,,,,,,,
857755,2015,2015-07-18,"Queen's Park Oval, Port of Spain",1,7.4,Trinidad & Tobago Red Steel,St Kitts and Nevis Patriots,Kamran Akmal,JH Kallis,JA Warrican,0,0,,,,,,,,,
857755,2015,2015-07-18,"Queen's Park Oval, Port of Spain",1,7.5,Trinidad & Tobago Red Steel,St Kitts and Nevis Patriots,Kamran Akmal,JH Kallis,JA Warrican,4,0,,,,,,,,,
857755,2015,2015-07-18,"Queen's Park Oval, Port of Spain",1,7.6,Trinidad & Tobago Red Steel,St Kitts and Nevis Patriots,Kamran Akmal,JH Kallis,JA Warrican,1,0,,,,,,,,,
857755,2015,2015-07-18,"Queen's Park Oval, Port of Spain",1,8.1,Trinidad & Tobago Red Steel,St Kitts and Nevis Patriots,Kamran Akmal,JH Kallis,T Shamsi,1,0,,,,,,,,,
857755,2015,2015-07-18,"Queen's Park Oval, Port of Spain",1,8.2,Trinidad & Tobago Red Steel,St Kitts and Nevis Patriots,JH Kallis,Kamran Akmal,T Shamsi,0,0,,,,,,,,,
857755,2015,2015-07-18,"Queen's Park Oval, Port of Spain",1,8.3,Trinidad & Tobago Red Steel,St Kitts and Nevis Patriots,JH Kallis,Kamran Akmal,T Shamsi,0,0,,,,,,,,,
857755,2015,2015-07-18,"Queen's Park Oval, Port of Spain",1,8.4,Trinidad & Tobago Red Steel,St Kitts and Nevis Patriots,JH Kallis,Kamran Akmal,T Shamsi,1,0,,,,,,,,,
857755,2015,2015-07-18,"Queen's Park Oval, Port of Spain",1,8.5,Trinidad & Tobago Red Steel,St Kitts and Nevis Patriots,Kamran Akmal,JH Kallis,T Shamsi,1,0,,,,,,,,,
857755,2015,2015-07-18,"Queen's Park Oval, Port of Spain",1,8.6,Trinidad & Tobago Red Steel,St Kitts and Nevis Patriots,JH Kallis,Kamran Akmal,T Shamsi,1,0,,,,,,,,,
857755,2015,2015-07-18,"Queen's Park Oval, Port of Spain",1,9.1,Trinidad & Tobago Red Steel,St Kitts and Nevis Patriots,JH Kallis,Kamran Akmal,JA Warrican,0,0,,,,,,stumped,JH Kallis,,
857755,2015,2015-07-18,"Queen's Park Oval, Port of Spain",1,9.2,Trinidad & Tobago Red Steel,St Kitts and Nevis Patriots,DM Bravo,Kamran Akmal,JA Warrican,1,0,,,,,,,,,
857755,2015,2015-07-18,"Queen's Park Oval, Port of Spain",1,9.3,Trinidad & Tobago Red Steel,St Kitts and Nevis Patriots,Kamran Akmal,DM Bravo,JA Warrican,1,0,,,,,,,,,
857755,2015,2015-07-18,"Queen's Park Oval, Port of Spain",1,9.4,Trinidad & Tobago Red Steel,St Kitts and Nevis Patriots,DM Bravo,Kamran Akmal,JA Warrican,1,0,,,,,,,,,
857755,2015,2015-07-18,"Queen's Park Oval, Port of Spain",1,9.5,Trinidad & Tobago Red Steel,St Kitts and Nevis Patriots,Kamran Akmal,DM Bravo,JA Warrican,6,0,,,,,,,,,
857755,2015,2015-07-18,"Queen's Park Oval, Port of Spain",1,9.6,Trinidad & Tobago Red Steel,St Kitts and Nevis Patriots,Kamran Akmal,DM Bravo,JA Warrican,0,0,,,,,,,,,
857755,2015,2015-07-18,"Queen's Park Oval, Port of Spain",1,10.1,Trinidad & Tobago Red Steel,St Kitts and Nevis Patriots,DM Bravo,Kamran Akmal,T Shamsi,1,0,,,,,,,,,
857755,2015,2015-07-18,"Queen's Park Oval, Port of Spain",1,10.2,Trinidad & Tobago Red Steel,St Kitts and Nevis Patriots,Kamran Akmal,DM Bravo,T Shamsi,0,0,,,,,,,,,
857755,2015,2015-07-18,"Queen's Park Oval, Port of Spain",1,10.3,Trinidad & Tobago Red Steel,St Kitts and Nevis Patriots,Kamran Akmal,DM Bravo,T Shamsi,0,0,,,,,,caught,Kamran Akmal,,
857755,2015,2015-07-18,"Queen's Park Oval, Port of Spain",1,10.4,Trinidad & Tobago Red Steel,St Kitts and Nevis Patriots,DM Bravo,DJ Bravo,T Shamsi,0,0,,,,,,,,,
857755,2015,2015-07-18,"Queen's Park Oval, Port of Spain",1,10.5,Trinidad & Tobago Red Steel,St Kitts and Nevis Patriots,DM Bravo,DJ Bravo,T Shamsi,0,0,,,,,,,,,
857755,2015,2015-07-18,"Queen's Park Oval, Port of Spain",1,10.6,Trinidad & Tobago Red Steel,St Kitts and Nevis Patriots,DM Bravo,DJ Bravo,T Shamsi,4,0,,,,,,,,,
857755,2015,2015-07-18,"Queen's Park Oval, Port of Spain",1,11.1,Trinidad & Tobago Red Steel,St Kitts and Nevis Patriots,DJ Bravo,DM Bravo,CR Brathwaite,1,0,,,,,,,,,
857755,2015,2015-07-18,"Queen's Park Oval, Port of Spain",1,11.2,Trinidad & Tobago Red Steel,St Kitts and Nevis Patriots,DM Bravo,DJ Bravo,CR Brathwaite,1,0,,,,,,,,,
857755,2015,2015-07-18,"Queen's Park Oval, Port of Spain",1,11.3,Trinidad & Tobago Red Steel,St Kitts and Nevis Patriots,DJ Bravo,DM Bravo,CR Brathwaite,4,0,,,,,,,,,
857755,2015,2015-07-18,"Queen's Park Oval, Port of Spain",1,11.4,Trinidad & Tobago Red Steel,St Kitts and Nevis Patriots,DJ Bravo,DM Bravo,CR Brathwaite,1,0,,,,,,,,,
857755,2015,2015-07-18,"Queen's Park Oval, Port of Spain",1,11.5,Trinidad & Tobago Red Steel,St Kitts and Nevis Patriots,DM Bravo,DJ Bravo,CR Brathwaite,0,1,,1,,,,,,,
857755,2015,2015-07-18,"Queen's Park Oval, Port of Spain",1,11.6,Trinidad & Tobago Red Steel,St Kitts and Nevis Patriots,DM Bravo,DJ Bravo,CR Brathwaite,6,0,,,,,,,,,
857755,2015,2015-07-18,"Queen's Park Oval, Port of Spain",1,11.7,Trinidad & Tobago Red Steel,St Kitts and Nevis Patriots,DM Bravo,DJ Bravo,CR Brathwaite,6,0,,,,,,,,,
857755,2015,2015-07-18,"Queen's Park Oval, Port of Spain",1,12.1,Trinidad & Tobago Red Steel,St Kitts and Nevis Patriots,DJ Bravo,DM Bravo,RA Reifer,2,0,,,,,,,,,
857755,2015,2015-07-18,"Queen's Park Oval, Port of Spain",1,12.2,Trinidad & Tobago Red Steel,St Kitts and Nevis Patriots,DJ Bravo,DM Bravo,RA Reifer,0,0,,,,,,bowled,DJ Bravo,,
857755,2015,2015-07-18,"Queen's Park Oval, Port of Spain",1,12.3,Trinidad & Tobago Red Steel,St Kitts and Nevis Patriots,CS Delport,DM Bravo,RA Reifer,1,0,,,,,,,,,
857755,2015,2015-07-18,"Queen's Park Oval, Port of Spain",1,12.4,Trinidad & Tobago Red Steel,St Kitts and Nevis Patriots,DM Bravo,CS Delport,RA Reifer,1,0,,,,,,,,,
857755,2015,2015-07-18,"Queen's Park Oval, Port of Spain",1,12.5,Trinidad & Tobago Red Steel,St Kitts and Nevis Patriots,CS Delport,DM Bravo,RA Reifer,1,0,,,,,,,,,
857755,2015,2015-07-18,"Queen's Park Oval, Port of Spain",1,12.6,Trinidad & Tobago Red Steel,St Kitts and Nevis Patriots,DM Bravo,CS Delport,RA Reifer,6,0,,,,,,,,,
857755,2015,2015-07-18,"Queen's Park Oval, Port of Spain",1,13.1,Trinidad & Tobago Red Steel,St Kitts and Nevis Patriots,CS Delport,DM Bravo,CR Brathwaite,6,0,,,,,,,,,
857755,2015,2015-07-18,"Queen's Park Oval, Port of Spain",1,13.2,Trinidad & Tobago Red Steel,St Kitts and Nevis Patriots,CS Delport,DM Bravo,CR Brathwaite,0,2,,2,,,,,,,
857755,2015,2015-07-18,"Queen's Park Oval, Port of Spain",1,13.3,Trinidad & Tobago Red Steel,St Kitts and Nevis Patriots,DM Bravo,CS Delport,Shahid Afridi,6,0,,,,,,,,,
857755,2015,2015-07-18,"Queen's Park Oval, Port of Spain",1,13.4,Trinidad & Tobago Red Steel,St Kitts and Nevis Patriots,DM Bravo,CS Delport,Shahid Afridi,6,0,,,,,,,,,
857755,2015,2015-07-18,"Queen's Park Oval, Port of Spain",1,13.5,Trinidad & Tobago Red Steel,St Kitts and Nevis Patriots,DM Bravo,CS Delport,Shahid Afridi,1,0,,,,,,run out,DM Bravo,,
857755,2015,2015-07-18,"Queen's Park Oval, Port of Spain",1,13.6,Trinidad & Tobago Red Steel,St Kitts and Nevis Patriots,CS Delport,JPR Scantlebury-Searles,Shahid Afridi,6,0,,,,,,,,,
857755,2015,2015-07-18,"Queen's Park Oval, Port of Spain",1,13.7,Trinidad & Tobago Red Steel,St Kitts and Nevis Patriots,CS Delport,JPR Scantlebury-Searles,Shahid Afridi,6,0,,,,,,,,,
857755,2015,2015-07-18,"Queen's Park Oval, Port of Spain",2,0.1,St Kitts and Nevis Patriots,Trinidad & Tobago Red Steel,E Lewis,MJ Guptill,S Badree,0,0,,,,,,,,,
857755,2015,2015-07-18,"Queen's Park Oval, Port of Spain",2,0.2,St Kitts and Nevis Patriots,Trinidad & Tobago Red Steel,E Lewis,MJ Guptill,S Badree,0,0,,,,,,,,,
857755,2015,2015-07-18,"Queen's Park Oval, Port of Spain",2,0.3,St Kitts and Nevis Patriots,Trinidad & Tobago Red Steel,E Lewis,MJ Guptill,S Badree,6,0,,,,,,,,,
857755,2015,2015-07-18,"Queen's Park Oval, Port of Spain",2,0.4,St Kitts and Nevis Patriots,Trinidad & Tobago Red Steel,E Lewis,MJ Guptill,S Badree,0,4,,,4,,,,,,
857755,2015,2015-07-18,"Queen's Park Oval, Port of Spain",2,0.5,St Kitts and Nevis Patriots,Trinidad & Tobago Red Steel,E Lewis,MJ Guptill,S Badree,0,0,,,,,,,,,
857755,2015,2015-07-18,"Queen's Park Oval, Port of Spain",2,0.6,St Kitts and Nevis Patriots,Trinidad & Tobago Red Steel,E Lewis,MJ Guptill,S Badree,0,0,,,,,,,,,
857755,2015,2015-07-18,"Queen's Park Oval, Port of Spain",2,1.1,St Kitts and Nevis Patriots,Trinidad & Tobago Red Steel,MJ Guptill,E Lewis,J Botha,0,0,,,,,,,,,
857755,2015,2015-07-18,"Queen's Park Oval, Port of Spain",2,1.2,St Kitts and Nevis Patriots,Trinidad & Tobago Red Steel,MJ Guptill,E Lewis,J Botha,0,0,,,,,,,,,
857755,2015,2015-07-18,"Queen's Park Oval, Port of Spain",2,1.3,St Kitts and Nevis Patriots,Trinidad & Tobago Red Steel,MJ Guptill,E Lewis,J Botha,0,0,,,,,,caught,MJ Guptill,,
857755,2015,2015-07-18,"Queen's Park Oval, Port of Spain",2,1.4,St Kitts and Nevis Patriots,Trinidad & Tobago Red Steel,E Lewis,MN Samuels,J Botha,0,1,1,,,,,,,,
857755,2015,2015-07-18,"Queen's Park Oval, Port of Spain",2,1.5,St Kitts and Nevis Patriots,Trinidad & Tobago Red Steel,E Lewis,MN Samuels,J Botha,0,0,,,,,,,,,
857755,2015,2015-07-18,"Queen's Park Oval, Port of Spain",2,1.6,St Kitts and Nevis Patriots,Trinidad & Tobago Red Steel,E Lewis,MN Samuels,J Botha,0,0,,,,,,,,,
857755,2015,2015-07-18,"Queen's Park Oval, Port of Spain",2,1.7,St Kitts and Nevis Patriots,Trinidad & Tobago Red Steel,E Lewis,MN Samuels,J Botha,6,0,,,,,,,,,
857755,2015,2015-07-18,"Queen's Park Oval, Port of Spain",2,2.1,St Kitts and Nevis Patriots,Trinidad & Tobago Red Steel,MN Samuels,E Lewis,S Badree,1,0,,,,,,,,,
857755,2015,2015-07-18,"Queen's Park Oval, Port of Spain",2,2.2,St Kitts and Nevis Patriots,Trinidad & Tobago Red Steel,E Lewis,MN Samuels,S Badree,6,0,,,,,,,,,
857755,2015,2015-07-18,"Queen's Park Oval, Port of Spain",2,2.3,St Kitts and Nevis Patriots,Trinidad & Tobago Red Steel,E Lewis,MN Samuels,S Badree,6,0,,,,,,,,,
857755,2015,2015-07-18,"Queen's Park Oval, Port of Spain",2,2.4,St Kitts and Nevis Patriots,Trinidad & Tobago Red Steel,E Lewis,MN Samuels,S Badree,4,0,,,,,,,,,
857755,2015,2015-07-18,"Queen's Park Oval, Port of Spain",2,2.5,St Kitts and Nevis Patriots,Trinidad & Tobago Red Steel,E Lewis,MN Samuels,S Badree,0,0,,,,,,,,,
857755,2015,2015-07-18,"Queen's Park Oval, Port of Spain",2,2.6,St Kitts and Nevis Patriots,Trinidad & Tobago Red Steel,E Lewis,MN Samuels,S Badree,0,0,,,,,,,,,
857755,2015,2015-07-18,"Queen's Park Oval, Port of Spain",2,3.1,St Kitts and Nevis Patriots,Trinidad & Tobago Red Steel,MN Samuels,E Lewis,JH Kallis,0,0,,,,,,,,,
857755,2015,2015-07-18,"Queen's Park Oval, Port of Spain",2,3.2,St Kitts and Nevis Patriots,Trinidad & Tobago Red Steel,MN Samuels,E Lewis,JH Kallis,1,0,,,,,,,,,
857755,2015,2015-07-18,"Queen's Park Oval, Port of Spain",2,3.3,St Kitts and Nevis Patriots,Trinidad & Tobago Red Steel,E Lewis,MN Samuels,JH Kallis,1,0,,,,,,,,,
857755,2015,2015-07-18,"Queen's Park Oval, Port of Spain",2,3.4,St Kitts and Nevis Patriots,Trinidad & Tobago Red Steel,MN Samuels,E Lewis,JH Kallis,1,0,,,,,,,,,
857755,2015,2015-07-18,"Queen's Park Oval, Port of Spain",2,3.5,St Kitts and Nevis Patriots,Trinidad & Tobago Red Steel,E Lewis,MN Samuels,JH Kallis,0,0,,,,,,,,,
857755,2015,2015-07-18,"Queen's Park Oval, Port of Spain",2,3.6,St Kitts and Nevis Patriots,Trinidad & Tobago Red Steel,E Lewis,MN Samuels,JH Kallis,6,0,,,,,,,,,
857755,2015,2015-07-18,"Queen's Park Oval, Port of Spain",2,4.1,St Kitts and Nevis Patriots,Trinidad & Tobago Red Steel,MN Samuels,E Lewis,KK Cooper,0,0,,,,,,,,,
857755,2015,2015-07-18,"Queen's Park Oval, Port of Spain",2,4.2,St Kitts and Nevis Patriots,Trinidad & Tobago Red Steel,MN Samuels,E Lewis,KK Cooper,1,0,,,,,,,,,
857755,2015,2015-07-18,"Queen's Park Oval, Port of Spain",2,4.3,St Kitts and Nevis Patriots,Trinidad & Tobago Red Steel,E Lewis,MN Samuels,KK Cooper,0,0,,,,,,,,,
857755,2015,2015-07-18,"Queen's Park Oval, Port of Spain",2,4.4,St Kitts and Nevis Patriots,Trinidad & Tobago Red Steel,E Lewis,MN Samuels,KK Cooper,1,0,,,,,,,,,
857755,2015,2015-07-18,"Queen's Park Oval, Port of Spain",2,4.5,St Kitts and Nevis Patriots,Trinidad & Tobago Red Steel,MN Samuels,E Lewis,KK Cooper,2,0,,,,,,,,,
857755,2015,2015-07-18,"Queen's Park Oval, Port of Spain",2,4.6,St Kitts and Nevis Patriots,Trinidad & Tobago Red Steel,MN Samuels,E Lewis,KK Cooper,0,0,,,,,,,,,
857755,2015,2015-07-18,"Queen's Park Oval, Port of Spain",2,5.1,St Kitts and Nevis Patriots,Trinidad & Tobago Red Steel,E Lewis,MN Samuels,DJ Bravo,4,0,,,,,,,,,
857755,2015,2015-07-18,"Queen's Park Oval, Port of Spain",2,5.2,St Kitts and Nevis Patriots,Trinidad & Tobago Red Steel,E Lewis,MN Samuels,DJ Bravo,0,0,,,,,,,,,
857755,2015,2015-07-18,"Queen's Park Oval, Port of Spain",2,5.3,St Kitts and Nevis Patriots,Trinidad & Tobago Red Steel,E Lewis,MN Samuels,DJ Bravo,0,0,,,,,,caught,E Lewis,,
857755,2015,2015-07-18,"Queen's Park Oval, Port of Spain",2,5.4,St Kitts and Nevis Patriots,Trinidad & Tobago Red Steel,MN Samuels,Shahid Afridi,DJ Bravo,0,0,,,,,,,,,
857755,2015,2015-07-18,"Queen's Park Oval, Port of Spain",2,5.5,St Kitts and Nevis Patriots,Trinidad & Tobago Red Steel,MN Samuels,Shahid Afridi,DJ Bravo,4,0,,,,,,,,,
857755,2015,2015-07-18,"Queen's Park Oval, Port of Spain",2,5.6,St Kitts and Nevis Patriots,Trinidad & Tobago Red Steel,MN Samuels,Shahid Afridi,DJ Bravo,1,0,,,,,,,,,
857755,2015,2015-07-18,"Queen's Park Oval, Port of Spain",2,6.1,St Kitts and Nevis Patriots,Trinidad & Tobago Red Steel,MN Samuels,Shahid Afridi,DYA Davis,0,0,,,,,,,,,
857755,2015,2015-07-18,"Queen's Park Oval, Port of Spain",2,6.2,St Kitts and Nevis Patriots,Trinidad & Tobago Red Steel,MN Samuels,Shahid Afridi,DYA Davis,0,0,,,,,,,,,
857755,2015,2015-07-18,"Queen's Park Oval, Port of Spain",2,6.3,St Kitts and Nevis Patriots,Trinidad & Tobago Red Steel,MN Samuels,Shahid Afridi,DYA Davis,1,0,,,,,,,,,
857755,2015,2015-07-18,"Queen's Park Oval, Port of Spain",2,6.4,St Kitts and Nevis Patriots,Trinidad & Tobago Red Steel,Shahid Afridi,MN Samuels,DYA Davis,1,0,,,,,,,,,
857755,2015,2015-07-18,"Queen's Park Oval, Port of Spain",2,6.5,St Kitts and Nevis Patriots,Trinidad & Tobago Red Steel,MN Samuels,Shahid Afridi,DYA Davis,1,0,,,,,,,,,
857755,2015,2015-07-18,"Queen's Park Oval, Port of Spain",2,6.6,St Kitts and Nevis Patriots,Trinidad & Tobago Red Steel,Shahid Afridi,MN Samuels,DYA Davis,6,0,,,,,,,,,
857755,2015,2015-07-18,"Queen's Park Oval, Port of Spain",2,7.1,St Kitts and Nevis Patriots,Trinidad & Tobago Red Steel,MN Samuels,Shahid Afridi,JH Kallis,6,0,,,,,,,,,
857755,2015,2015-07-18,"Queen's Park Oval, Port of Spain",2,7.2,St Kitts and Nevis Patriots,Trinidad & Tobago Red Steel,MN Samuels,Shahid Afridi,JH Kallis,0,0,,,,,,,,,
857755,2015,2015-07-18,"Queen's Park Oval, Port of Spain",2,7.3,St Kitts and Nevis Patriots,Trinidad & Tobago Red Steel,MN Samuels,Shahid Afridi,JH Kallis,4,0,,,,,,,,,
857755,2015,2015-07-18,"Queen's Park Oval, Port of Spain",2,7.4,St Kitts and Nevis Patriots,Trinidad & Tobago Red Steel,MN Samuels,Shahid Afridi,JH Kallis,1,0,,,,,,,,,
857755,2015,2015-07-18,"Queen's Park Oval, Port of Spain",2,7.5,St Kitts and Nevis Patriots,Trinidad & Tobago Red Steel,Shahid Afridi,MN Samuels,JH Kallis,1,0,,,,,,,,,
857755,2015,2015-07-18,"Queen's Park Oval, Port of Spain",2,7.6,St Kitts and Nevis Patriots,Trinidad & Tobago Red Steel,MN Samuels,Shahid Afridi,JH Kallis,1,0,,,,,,,,,
857755,2015,2015-07-18,"Queen's Park Oval, Port of Spain",2,8.1,St Kitts and Nevis Patriots,Trinidad & Tobago Red Steel,MN Samuels,Shahid Afridi,DYA Davis,0,0,,,,,,,,,
857755,2015,2015-07-18,"Queen's Park Oval, Port of Spain",2,8.2,St Kitts and Nevis Patriots,Trinidad & Tobago Red Steel,MN Samuels,Shahid Afridi,DYA Davis,0,0,,,,,,bowled,MN Samuels,,
857755,2015,2015-07-18,"Queen's Park Oval, Port of Spain",2,8.3,St Kitts and Nevis Patriots,Trinidad & Tobago Red Steel,RA Reifer,Shahid Afridi,DYA Davis,4,0,,,,,,,,,
857755,2015,2015-07-18,"Queen's Park Oval, Port of Spain",2,8.4,St Kitts and Nevis Patriots,Trinidad & Tobago Red Steel,RA Reifer,Shahid Afridi,DYA Davis,1,0,,,,,,,,,
857755,2015,2015-07-18,"Queen's Park Oval, Port of Spain",2,8.5,St Kitts and Nevis Patriots,Trinidad & Tobago Red Steel,Shahid Afridi,RA Reifer,DYA Davis,1,0,,,,,,,,,
857755,2015,2015-07-18,"Queen's Park Oval, Port of Spain",2,8.6,St Kitts and Nevis Patriots,Trinidad & Tobago Red Steel,RA Reifer,Shahid Afridi,DYA Davis,6,0,,,,,,,,,
857755,2015,2015-07-18,"Queen's Park Oval, Port of Spain",2,9.1,St Kitts and Nevis Patriots,Trinidad & Tobago Red Steel,Shahid Afridi,RA Reifer,KK Cooper,1,0,,,,,,,,,
857755,2015,2015-07-18,"Queen's Park Oval, Port of Spain",2,9.2,St Kitts and Nevis Patriots,Trinidad & Tobago Red Steel,RA Reifer,Shahid Afridi,KK Cooper,1,0,,,,,,,,,
857755,2015,2015-07-18,"Queen's Park Oval, Port of Spain",2,9.3,St Kitts and Nevis Patriots,Trinidad & Tobago Red Steel,Shahid Afridi,RA Reifer,KK Cooper,1,0,,,,,,,,,
857755,2015,2015-07-18,"Queen's Park Oval, Port of Spain",2,9.4,St Kitts and Nevis Patriots,Trinidad & Tobago Red Steel,RA Reifer,Shahid Afridi,KK Cooper,1,0,,,,,,,,,
857755,2015,2015-07-18,"Queen's Park Oval, Port of Spain",2,9.5,St Kitts and Nevis Patriots,Trinidad & Tobago Red Steel,Shahid Afridi,RA Reifer,KK Cooper,4,0,,,,,,,,,
857755,2015,2015-07-18,"Queen's Park Oval, Port of Spain",2,9.6,St Kitts and Nevis Patriots,Trinidad & Tobago Red Steel,Shahid Afridi,RA Reifer,KK Cooper,6,0,,,,,,,,,
857755,2015,2015-07-18,"Queen's Park Oval, Port of Spain",2,10.1,St Kitts and Nevis Patriots,Trinidad & Tobago Red Steel,RA Reifer,Shahid Afridi,DJ Bravo,0,0,,,,,,,,,
857755,2015,2015-07-18,"Queen's Park Oval, Port of Spain",2,10.2,St Kitts and Nevis Patriots,Trinidad & Tobago Red Steel,RA Reifer,Shahid Afridi,DJ Bravo,0,0,,,,,,caught,RA Reifer,,
857755,2015,2015-07-18,"Queen's Park Oval, Port of Spain",2,10.3,St Kitts and Nevis Patriots,Trinidad & Tobago Red Steel,Shahid Afridi,CR Brathwaite,DJ Bravo,0,0,,,,,,lbw,Shahid Afridi,,
857755,2015,2015-07-18,"Queen's Park Oval, Port of Spain",2,10.4,St Kitts and Nevis Patriots,Trinidad & Tobago Red Steel,DC Thomas,CR Brathwaite,DJ Bravo,1,0,,,,,,,,,
857755,2015,2015-07-18,"Queen's Park Oval, Port of Spain",2,10.5,St Kitts and Nevis Patriots,Trinidad & Tobago Red Steel,CR Brathwaite,DC Thomas,DJ Bravo,2,0,,,,,,,,,
857755,2015,2015-07-18,"Queen's Park Oval, Port of Spain",2,10.6,St Kitts and Nevis Patriots,Trinidad & Tobago Red Steel,CR Brathwaite,DC Thomas,DJ Bravo,0,0,,,,,,,,,
857755,2015,2015-07-18,"Queen's Park Oval, Port of Spain",2,11.1,St Kitts and Nevis Patriots,Trinidad & Tobago Red Steel,DC Thomas,CR Brathwaite,DYA Davis,4,0,,,,,,,,,
857755,2015,2015-07-18,"Queen's Park Oval, Port of Spain",2,11.2,St Kitts and Nevis Patriots,Trinidad & Tobago Red Steel,DC Thomas,CR Brathwaite,DYA Davis,0,0,,,,,,caught,DC Thomas,,
857755,2015,2015-07-18,"Queen's Park Oval, Port of Spain",2,11.3,St Kitts and Nevis Patriots,Trinidad & Tobago Red Steel,CR Brathwaite,Sohail Tanvir,DYA Davis,1,0,,,,,,,,,
857755,2015,2015-07-18,"Queen's Park Oval, Port of Spain",2,11.4,St Kitts and Nevis Patriots,Trinidad & Tobago Red Steel,Sohail Tanvir,CR Brathwaite,DYA Davis,0,2,2,,,,,,,,
857755,2015,2015-07-18,"Queen's Park Oval, Port of Spain",2,11.5,St Kitts and Nevis Patriots,Trinidad & Tobago Red Steel,CR Brathwaite,Sohail Tanvir,DYA Davis,0,0,,,,,,,,,
857755,2015,2015-07-18,"Queen's Park Oval, Port of Spain",2,11.6,St Kitts and Nevis Patriots,Trinidad & Tobago Red Steel,CR Brathwaite,Sohail Tanvir,DYA Davis,0,0,,,,,,caught,CR Brathwaite,,
857755,2015,2015-07-18,"Queen's Park Oval, Port of Spain",2,11.7,St Kitts and Nevis Patriots,Trinidad & Tobago Red Steel,Sohail Tanvir,SO Dowrich,DYA Davis,1,0,,,,,,,,,
857755,2015,2015-07-18,"Queen's Park Oval, Port of Spain",2,12.1,St Kitts and Nevis Patriots,Trinidad & Tobago Red Steel,Sohail Tanvir,SO Dowrich,DJ Bravo,0,0,,,,,,,,,
857755,2015,2015-07-18,"Queen's Park Oval, Port of Spain",2,12.2,St Kitts and Nevis Patriots,Trinidad & Tobago Red Steel,Sohail Tanvir,SO Dowrich,DJ Bravo,0,0,,,,,,,,,
857755,2015,2015-07-18,"Queen's Park Oval, Port of Spain",2,12.3,St Kitts and Nevis Patriots,Trinidad & Tobago Red Steel,Sohail Tanvir,SO Dowrich,DJ Bravo,1,0,,,,,,,,,
857755,2015,2015-07-18,"Queen's Park Oval, Port of Spain",2,12.4,St Kitts and Nevis Patriots,Trinidad & Tobago Red Steel,SO Dowrich,Sohail Tanvir,DJ Bravo,1,0,,,,,,,,,
857755,2015,2015-07-18,"Queen's Park Oval, Port of Spain",2,12.5,St Kitts and Nevis Patriots,Trinidad & Tobago Red Steel,Sohail Tanvir,SO Dowrich,DJ Bravo,0,0,,,,,,,,,
857755,2015,2015-07-18,"Queen's Park Oval, Port of Spain",2,12.6,St Kitts and Nevis Patriots,Trinidad & Tobago Red Steel,Sohail Tanvir,SO Dowrich,DJ Bravo,1,0,,,,,,,,,
857755,2015,2015-07-18,"Queen's Park Oval, Port of Spain",2,13.1,St Kitts and Nevis Patriots,Trinidad & Tobago Red Steel,Sohail Tanvir,SO Dowrich,JH Kallis,1,0,,,,,,,,,
857755,2015,2015-07-18,"Queen's Park Oval, Port of Spain",2,13.2,St Kitts and Nevis Patriots,Trinidad & Tobago Red Steel,SO Dowrich,Sohail Tanvir,JH Kallis,0,0,,,,,,,,,
857755,2015,2015-07-18,"Queen's Park Oval, Port of Spain",2,13.3,St Kitts and Nevis Patriots,Trinidad & Tobago Red Steel,SO Dowrich,Sohail Tanvir,JH Kallis,1,0,,,,,,,,,
857755,2015,2015-07-18,"Queen's Park Oval, Port of Spain",2,13.4,St Kitts and Nevis Patriots,Trinidad & Tobago Red Steel,Sohail Tanvir,SO Dowrich,JH Kallis,1,0,,,,,,,,,
857755,2015,2015-07-18,"Queen's Park Oval, Port of Spain",2,13.5,St Kitts and Nevis Patriots,Trinidad & Tobago Red Steel,SO Dowrich,Sohail Tanvir,JH Kallis,1,0,,,,,,,,,
857755,2015,2015-07-18,"Queen's Park Oval, Port of Spain",2,13.6,St Kitts and Nevis Patriots,Trinidad & Tobago Red Steel,Sohail Tanvir,SO Dowrich,JH Kallis,1,0,,,,,,,,,
