match_id,season,start_date,venue,innings,ball,batting_team,bowling_team,striker,non_striker,bowler,runs_off_bat,extras,wides,noballs,byes,legbyes,penalty,wicket_type,player_dismissed,other_wicket_type,other_player_dismissed
857719,2015,2015-06-30,"Warner Park, Basseterre",1,0.1,St Kitts and Nevis Patriots,Jamaica Tallawahs,MJ Guptill,E Lewis,K Santokie,1,0,,,,,,,,,
857719,2015,2015-06-30,"Warner Park, Basseterre",1,0.2,St Kitts and Nevis Patriots,Jamaica Tallawahs,E Lewis,MJ Guptill,K Santokie,4,0,,,,,,,,,
857719,2015,2015-06-30,"Warner Park, Basseterre",1,0.3,St Kitts and Nevis Patriots,Jamaica Tallawahs,E Lewis,MJ Guptill,K Santokie,6,0,,,,,,,,,
857719,2015,2015-06-30,"Warner Park, Basseterre",1,0.4,St Kitts and Nevis Patriots,Jamaica Tallawahs,E Lewis,MJ Guptill,K Santokie,0,0,,,,,,,,,
857719,2015,2015-06-30,"Warner Park, Basseterre",1,0.5,St Kitts and Nevis Patriots,Jamaica Tallawahs,E Lewis,MJ Guptill,K Santokie,0,0,,,,,,,,,
857719,2015,2015-06-30,"Warner Park, Basseterre",1,0.6,St Kitts and Nevis Patriots,Jamaica Tallawahs,E Lewis,MJ Guptill,K Santokie,0,1,1,,,,,,,,
857719,2015,2015-06-30,"Warner Park, Basseterre",1,0.7,St Kitts and Nevis Patriots,Jamaica Tallawahs,E Lewis,MJ Guptill,K Santokie,0,0,,,,,,lbw,E Lewis,,
857719,2015,2015-06-30,"Warner Park, Basseterre",1,1.1,St Kitts and Nevis Patriots,Jamaica Tallawahs,MJ Guptill,TA Willett,DL Vettori,0,0,,,,,,,,,
857719,2015,2015-06-30,"Warner Park, Basseterre",1,1.2,St Kitts and Nevis Patriots,Jamaica Tallawahs,MJ Guptill,TA Willett,DL Vettori,0,0,,,,,,,,,
857719,2015,2015-06-30,"Warner Park, Basseterre",1,1.3,St Kitts and Nevis Patriots,Jamaica Tallawahs,MJ Guptill,TA Willett,DL Vettori,0,0,,,,,,,,,
857719,2015,2015-06-30,"Warner Park, Basseterre",1,1.4,St Kitts and Nevis Patriots,Jamaica Tallawahs,MJ Guptill,TA Willett,DL Vettori,0,0,,,,,,,,,
857719,2015,2015-06-30,"Warner Park, Basseterre",1,1.5,St Kitts and Nevis Patriots,Jamaica Tallawahs,MJ Guptill,TA Willett,DL Vettori,0,0,,,,,,,,,
857719,2015,2015-06-30,"Warner Park, Basseterre",1,1.6,St Kitts and Nevis Patriots,Jamaica Tallawahs,MJ Guptill,TA Willett,DL Vettori,1,0,,,,,,,,,
857719,2015,2015-06-30,"Warner Park, Basseterre",1,2.1,St Kitts and Nevis Patriots,Jamaica Tallawahs,MJ Guptill,TA Willett,K Santokie,0,1,1,,,,,,,,
857719,2015,2015-06-30,"Warner Park, Basseterre",1,2.2,St Kitts and Nevis Patriots,Jamaica Tallawahs,MJ Guptill,TA Willett,K Santokie,0,0,,,,,,,,,
857719,2015,2015-06-30,"Warner Park, Basseterre",1,2.3,St Kitts and Nevis Patriots,Jamaica Tallawahs,MJ Guptill,TA Willett,K Santokie,4,0,,,,,,,,,
857719,2015,2015-06-30,"Warner Park, Basseterre",1,2.4,St Kitts and Nevis Patriots,Jamaica Tallawahs,MJ Guptill,TA Willett,K Santokie,2,0,,,,,,,,,
857719,2015,2015-06-30,"Warner Park, Basseterre",1,2.5,St Kitts and Nevis Patriots,Jamaica Tallawahs,MJ Guptill,TA Willett,K Santokie,1,0,,,,,,,,,
857719,2015,2015-06-30,"Warner Park, Basseterre",1,2.6,St Kitts and Nevis Patriots,Jamaica Tallawahs,TA Willett,MJ Guptill,K Santokie,0,0,,,,,,,,,
857719,2015,2015-06-30,"Warner Park, Basseterre",1,2.7,St Kitts and Nevis Patriots,Jamaica Tallawahs,TA Willett,MJ Guptill,K Santokie,0,0,,,,,,,,,
857719,2015,2015-06-30,"Warner Park, Basseterre",1,3.1,St Kitts and Nevis Patriots,Jamaica Tallawahs,MJ Guptill,TA Willett,DL Vettori,4,0,,,,,,,,,
857719,2015,2015-06-30,"Warner Park, Basseterre",1,3.2,St Kitts and Nevis Patriots,Jamaica Tallawahs,MJ Guptill,TA Willett,DL Vettori,0,0,,,,,,,,,
857719,2015,2015-06-30,"Warner Park, Basseterre",1,3.3,St Kitts and Nevis Patriots,Jamaica Tallawahs,MJ Guptill,TA Willett,DL Vettori,0,0,,,,,,,,,
857719,2015,2015-06-30,"Warner Park, Basseterre",1,3.4,St Kitts and Nevis Patriots,Jamaica Tallawahs,MJ Guptill,TA Willett,DL Vettori,6,0,,,,,,,,,
857719,2015,2015-06-30,"Warner Park, Basseterre",1,3.5,St Kitts and Nevis Patriots,Jamaica Tallawahs,MJ Guptill,TA Willett,DL Vettori,1,0,,,,,,,,,
857719,2015,2015-06-30,"Warner Park, Basseterre",1,3.6,St Kitts and Nevis Patriots,Jamaica Tallawahs,TA Willett,MJ Guptill,DL Vettori,4,0,,,,,,,,,
857719,2015,2015-06-30,"Warner Park, Basseterre",1,4.1,St Kitts and Nevis Patriots,Jamaica Tallawahs,MJ Guptill,TA Willett,JE Taylor,1,0,,,,,,,,,
857719,2015,2015-06-30,"Warner Park, Basseterre",1,4.2,St Kitts and Nevis Patriots,Jamaica Tallawahs,TA Willett,MJ Guptill,JE Taylor,1,0,,,,,,,,,
857719,2015,2015-06-30,"Warner Park, Basseterre",1,4.3,St Kitts and Nevis Patriots,Jamaica Tallawahs,MJ Guptill,TA Willett,JE Taylor,1,0,,,,,,,,,
857719,2015,2015-06-30,"Warner Park, Basseterre",1,4.4,St Kitts and Nevis Patriots,Jamaica Tallawahs,TA Willett,MJ Guptill,JE Taylor,0,1,,,,1,,,,,
857719,2015,2015-06-30,"Warner Park, Basseterre",1,4.5,St Kitts and Nevis Patriots,Jamaica Tallawahs,MJ Guptill,TA Willett,JE Taylor,1,0,,,,,,,,,
857719,2015,2015-06-30,"Warner Park, Basseterre",1,4.6,St Kitts and Nevis Patriots,Jamaica Tallawahs,TA Willett,MJ Guptill,JE Taylor,0,0,,,,,,,,,
857719,2015,2015-06-30,"Warner Park, Basseterre",1,5.1,St Kitts and Nevis Patriots,Jamaica Tallawahs,MJ Guptill,TA Willett,J Theron,4,0,,,,,,,,,
857719,2015,2015-06-30,"Warner Park, Basseterre",1,5.2,St Kitts and Nevis Patriots,Jamaica Tallawahs,MJ Guptill,TA Willett,J Theron,1,0,,,,,,,,,
857719,2015,2015-06-30,"Warner Park, Basseterre",1,5.3,St Kitts and Nevis Patriots,Jamaica Tallawahs,TA Willett,MJ Guptill,J Theron,1,0,,,,,,,,,
857719,2015,2015-06-30,"Warner Park, Basseterre",1,5.4,St Kitts and Nevis Patriots,Jamaica Tallawahs,MJ Guptill,TA Willett,J Theron,0,0,,,,,,,,,
857719,2015,2015-06-30,"Warner Park, Basseterre",1,5.5,St Kitts and Nevis Patriots,Jamaica Tallawahs,MJ Guptill,TA Willett,J Theron,1,0,,,,,,,,,
857719,2015,2015-06-30,"Warner Park, Basseterre",1,5.6,St Kitts and Nevis Patriots,Jamaica Tallawahs,TA Willett,MJ Guptill,J Theron,1,0,,,,,,,,,
857719,2015,2015-06-30,"Warner Park, Basseterre",1,6.1,St Kitts and Nevis Patriots,Jamaica Tallawahs,TA Willett,MJ Guptill,AD Russell,0,0,,,,,,,,,
857719,2015,2015-06-30,"Warner Park, Basseterre",1,6.2,St Kitts and Nevis Patriots,Jamaica Tallawahs,TA Willett,MJ Guptill,AD Russell,0,1,,,,1,,,,,
857719,2015,2015-06-30,"Warner Park, Basseterre",1,6.3,St Kitts and Nevis Patriots,Jamaica Tallawahs,MJ Guptill,TA Willett,AD Russell,1,0,,,,,,,,,
857719,2015,2015-06-30,"Warner Park, Basseterre",1,6.4,St Kitts and Nevis Patriots,Jamaica Tallawahs,TA Willett,MJ Guptill,AD Russell,6,1,,1,,,,,,,
857719,2015,2015-06-30,"Warner Park, Basseterre",1,6.5,St Kitts and Nevis Patriots,Jamaica Tallawahs,TA Willett,MJ Guptill,AD Russell,1,0,,,,,,,,,
857719,2015,2015-06-30,"Warner Park, Basseterre",1,6.6,St Kitts and Nevis Patriots,Jamaica Tallawahs,MJ Guptill,TA Willett,AD Russell,1,0,,,,,,,,,
857719,2015,2015-06-30,"Warner Park, Basseterre",1,6.7,St Kitts and Nevis Patriots,Jamaica Tallawahs,TA Willett,MJ Guptill,AD Russell,0,0,,,,,,,,,
857719,2015,2015-06-30,"Warner Park, Basseterre",1,7.1,St Kitts and Nevis Patriots,Jamaica Tallawahs,MJ Guptill,TA Willett,J Theron,0,1,1,,,,,,,,
857719,2015,2015-06-30,"Warner Park, Basseterre",1,7.2,St Kitts and Nevis Patriots,Jamaica Tallawahs,MJ Guptill,TA Willett,J Theron,1,0,,,,,,,,,
857719,2015,2015-06-30,"Warner Park, Basseterre",1,7.3,St Kitts and Nevis Patriots,Jamaica Tallawahs,TA Willett,MJ Guptill,J Theron,1,0,,,,,,,,,
857719,2015,2015-06-30,"Warner Park, Basseterre",1,7.4,St Kitts and Nevis Patriots,Jamaica Tallawahs,MJ Guptill,TA Willett,J Theron,0,1,1,,,,,,,,
857719,2015,2015-06-30,"Warner Park, Basseterre",1,7.5,St Kitts and Nevis Patriots,Jamaica Tallawahs,MJ Guptill,TA Willett,J Theron,1,0,,,,,,,,,
857719,2015,2015-06-30,"Warner Park, Basseterre",1,7.6,St Kitts and Nevis Patriots,Jamaica Tallawahs,TA Willett,MJ Guptill,J Theron,1,0,,,,,,,,,
857719,2015,2015-06-30,"Warner Park, Basseterre",1,7.7,St Kitts and Nevis Patriots,Jamaica Tallawahs,MJ Guptill,TA Willett,J Theron,0,0,,,,,,,,,
857719,2015,2015-06-30,"Warner Park, Basseterre",1,7.8,St Kitts and Nevis Patriots,Jamaica Tallawahs,MJ Guptill,TA Willett,J Theron,0,0,,,,,,,,,
857719,2015,2015-06-30,"Warner Park, Basseterre",1,8.1,St Kitts and Nevis Patriots,Jamaica Tallawahs,TA Willett,MJ Guptill,NO Miller,1,0,,,,,,,,,
857719,2015,2015-06-30,"Warner Park, Basseterre",1,8.2,St Kitts and Nevis Patriots,Jamaica Tallawahs,MJ Guptill,TA Willett,NO Miller,1,0,,,,,,,,,
857719,2015,2015-06-30,"Warner Park, Basseterre",1,8.3,St Kitts and Nevis Patriots,Jamaica Tallawahs,TA Willett,MJ Guptill,NO Miller,0,0,,,,,,,,,
857719,2015,2015-06-30,"Warner Park, Basseterre",1,8.4,St Kitts and Nevis Patriots,Jamaica Tallawahs,TA Willett,MJ Guptill,NO Miller,1,0,,,,,,,,,
857719,2015,2015-06-30,"Warner Park, Basseterre",1,8.5,St Kitts and Nevis Patriots,Jamaica Tallawahs,MJ Guptill,TA Willett,NO Miller,1,0,,,,,,,,,
857719,2015,2015-06-30,"Warner Park, Basseterre",1,8.6,St Kitts and Nevis Patriots,Jamaica Tallawahs,TA Willett,MJ Guptill,NO Miller,0,0,,,,,,,,,
857719,2015,2015-06-30,"Warner Park, Basseterre",1,9.1,St Kitts and Nevis Patriots,Jamaica Tallawahs,MJ Guptill,TA Willett,DL Vettori,1,0,,,,,,,,,
857719,2015,2015-06-30,"Warner Park, Basseterre",1,9.2,St Kitts and Nevis Patriots,Jamaica Tallawahs,TA Willett,MJ Guptill,DL Vettori,0,0,,,,,,,,,
857719,2015,2015-06-30,"Warner Park, Basseterre",1,9.3,St Kitts and Nevis Patriots,Jamaica Tallawahs,TA Willett,MJ Guptill,DL Vettori,1,0,,,,,,,,,
857719,2015,2015-06-30,"Warner Park, Basseterre",1,9.4,St Kitts and Nevis Patriots,Jamaica Tallawahs,MJ Guptill,TA Willett,DL Vettori,1,0,,,,,,,,,
857719,2015,2015-06-30,"Warner Park, Basseterre",1,9.5,St Kitts and Nevis Patriots,Jamaica Tallawahs,TA Willett,MJ Guptill,DL Vettori,1,0,,,,,,,,,
857719,2015,2015-06-30,"Warner Park, Basseterre",1,9.6,St Kitts and Nevis Patriots,Jamaica Tallawahs,MJ Guptill,TA Willett,DL Vettori,1,0,,,,,,,,,
857719,2015,2015-06-30,"Warner Park, Basseterre",1,10.1,St Kitts and Nevis Patriots,Jamaica Tallawahs,TA Willett,MJ Guptill,NO Miller,1,0,,,,,,,,,
857719,2015,2015-06-30,"Warner Park, Basseterre",1,10.2,St Kitts and Nevis Patriots,Jamaica Tallawahs,MJ Guptill,TA Willett,NO Miller,0,1,,,,1,,,,,
857719,2015,2015-06-30,"Warner Park, Basseterre",1,10.3,St Kitts and Nevis Patriots,Jamaica Tallawahs,TA Willett,MJ Guptill,NO Miller,6,0,,,,,,,,,
857719,2015,2015-06-30,"Warner Park, Basseterre",1,10.4,St Kitts and Nevis Patriots,Jamaica Tallawahs,TA Willett,MJ Guptill,NO Miller,0,0,,,,,,,,,
857719,2015,2015-06-30,"Warner Park, Basseterre",1,10.5,St Kitts and Nevis Patriots,Jamaica Tallawahs,TA Willett,MJ Guptill,NO Miller,0,0,,,,,,,,,
857719,2015,2015-06-30,"Warner Park, Basseterre",1,10.6,St Kitts and Nevis Patriots,Jamaica Tallawahs,TA Willett,MJ Guptill,NO Miller,4,0,,,,,,,,,
857719,2015,2015-06-30,"Warner Park, Basseterre",1,11.1,St Kitts and Nevis Patriots,Jamaica Tallawahs,MJ Guptill,TA Willett,DL Vettori,1,0,,,,,,,,,
857719,2015,2015-06-30,"Warner Park, Basseterre",1,11.2,St Kitts and Nevis Patriots,Jamaica Tallawahs,TA Willett,MJ Guptill,DL Vettori,0,0,,,,,,caught,TA Willett,,
857719,2015,2015-06-30,"Warner Park, Basseterre",1,11.3,St Kitts and Nevis Patriots,Jamaica Tallawahs,MJ Guptill,MN Samuels,DL Vettori,0,0,,,,,,,,,
857719,2015,2015-06-30,"Warner Park, Basseterre",1,11.4,St Kitts and Nevis Patriots,Jamaica Tallawahs,MJ Guptill,MN Samuels,DL Vettori,1,0,,,,,,,,,
857719,2015,2015-06-30,"Warner Park, Basseterre",1,11.5,St Kitts and Nevis Patriots,Jamaica Tallawahs,MN Samuels,MJ Guptill,DL Vettori,0,0,,,,,,,,,
857719,2015,2015-06-30,"Warner Park, Basseterre",1,11.6,St Kitts and Nevis Patriots,Jamaica Tallawahs,MN Samuels,MJ Guptill,DL Vettori,1,0,,,,,,,,,
857719,2015,2015-06-30,"Warner Park, Basseterre",1,12.1,St Kitts and Nevis Patriots,Jamaica Tallawahs,MN Samuels,MJ Guptill,JE Taylor,1,0,,,,,,,,,
857719,2015,2015-06-30,"Warner Park, Basseterre",1,12.2,St Kitts and Nevis Patriots,Jamaica Tallawahs,MJ Guptill,MN Samuels,JE Taylor,1,0,,,,,,,,,
857719,2015,2015-06-30,"Warner Park, Basseterre",1,12.3,St Kitts and Nevis Patriots,Jamaica Tallawahs,MN Samuels,MJ Guptill,JE Taylor,0,0,,,,,,,,,
857719,2015,2015-06-30,"Warner Park, Basseterre",1,12.4,St Kitts and Nevis Patriots,Jamaica Tallawahs,MN Samuels,MJ Guptill,JE Taylor,2,0,,,,,,,,,
857719,2015,2015-06-30,"Warner Park, Basseterre",1,12.5,St Kitts and Nevis Patriots,Jamaica Tallawahs,MN Samuels,MJ Guptill,JE Taylor,2,0,,,,,,,,,
857719,2015,2015-06-30,"Warner Park, Basseterre",1,12.6,St Kitts and Nevis Patriots,Jamaica Tallawahs,MN Samuels,MJ Guptill,JE Taylor,2,0,,,,,,,,,
857719,2015,2015-06-30,"Warner Park, Basseterre",1,13.1,St Kitts and Nevis Patriots,Jamaica Tallawahs,MJ Guptill,MN Samuels,J Theron,1,0,,,,,,,,,
857719,2015,2015-06-30,"Warner Park, Basseterre",1,13.2,St Kitts and Nevis Patriots,Jamaica Tallawahs,MN Samuels,MJ Guptill,J Theron,4,0,,,,,,,,,
857719,2015,2015-06-30,"Warner Park, Basseterre",1,13.3,St Kitts and Nevis Patriots,Jamaica Tallawahs,MN Samuels,MJ Guptill,J Theron,1,0,,,,,,,,,
857719,2015,2015-06-30,"Warner Park, Basseterre",1,13.4,St Kitts and Nevis Patriots,Jamaica Tallawahs,MJ Guptill,MN Samuels,J Theron,1,0,,,,,,,,,
857719,2015,2015-06-30,"Warner Park, Basseterre",1,13.5,St Kitts and Nevis Patriots,Jamaica Tallawahs,MN Samuels,MJ Guptill,J Theron,4,0,,,,,,,,,
857719,2015,2015-06-30,"Warner Park, Basseterre",1,13.6,St Kitts and Nevis Patriots,Jamaica Tallawahs,MN Samuels,MJ Guptill,J Theron,1,0,,,,,,,,,
857719,2015,2015-06-30,"Warner Park, Basseterre",1,14.1,St Kitts and Nevis Patriots,Jamaica Tallawahs,MN Samuels,MJ Guptill,JE Taylor,0,0,,,,,,,,,
857719,2015,2015-06-30,"Warner Park, Basseterre",1,14.2,St Kitts and Nevis Patriots,Jamaica Tallawahs,MN Samuels,MJ Guptill,JE Taylor,1,0,,,,,,,,,
857719,2015,2015-06-30,"Warner Park, Basseterre",1,14.3,St Kitts and Nevis Patriots,Jamaica Tallawahs,MJ Guptill,MN Samuels,JE Taylor,1,0,,,,,,,,,
857719,2015,2015-06-30,"Warner Park, Basseterre",1,14.4,St Kitts and Nevis Patriots,Jamaica Tallawahs,MN Samuels,MJ Guptill,JE Taylor,1,0,,,,,,,,,
857719,2015,2015-06-30,"Warner Park, Basseterre",1,14.5,St Kitts and Nevis Patriots,Jamaica Tallawahs,MJ Guptill,MN Samuels,JE Taylor,1,0,,,,,,,,,
857719,2015,2015-06-30,"Warner Park, Basseterre",1,14.6,St Kitts and Nevis Patriots,Jamaica Tallawahs,MN Samuels,MJ Guptill,JE Taylor,0,0,,,,,,,,,
857719,2015,2015-06-30,"Warner Park, Basseterre",1,15.1,St Kitts and Nevis Patriots,Jamaica Tallawahs,MJ Guptill,MN Samuels,J Theron,1,0,,,,,,,,,
857719,2015,2015-06-30,"Warner Park, Basseterre",1,15.2,St Kitts and Nevis Patriots,Jamaica Tallawahs,MN Samuels,MJ Guptill,J Theron,4,0,,,,,,,,,
857719,2015,2015-06-30,"Warner Park, Basseterre",1,15.3,St Kitts and Nevis Patriots,Jamaica Tallawahs,MN Samuels,MJ Guptill,J Theron,1,0,,,,,,,,,
857719,2015,2015-06-30,"Warner Park, Basseterre",1,15.4,St Kitts and Nevis Patriots,Jamaica Tallawahs,MJ Guptill,MN Samuels,J Theron,1,0,,,,,,,,,
857719,2015,2015-06-30,"Warner Park, Basseterre",1,15.5,St Kitts and Nevis Patriots,Jamaica Tallawahs,MN Samuels,MJ Guptill,J Theron,1,0,,,,,,,,,
857719,2015,2015-06-30,"Warner Park, Basseterre",1,15.6,St Kitts and Nevis Patriots,Jamaica Tallawahs,MJ Guptill,MN Samuels,J Theron,0,0,,,,,,,,,
857719,2015,2015-06-30,"Warner Park, Basseterre",1,16.1,St Kitts and Nevis Patriots,Jamaica Tallawahs,MN Samuels,MJ Guptill,JE Taylor,0,0,,,,,,,,,
857719,2015,2015-06-30,"Warner Park, Basseterre",1,16.2,St Kitts and Nevis Patriots,Jamaica Tallawahs,MN Samuels,MJ Guptill,JE Taylor,6,0,,,,,,,,,
857719,2015,2015-06-30,"Warner Park, Basseterre",1,16.3,St Kitts and Nevis Patriots,Jamaica Tallawahs,MN Samuels,MJ Guptill,JE Taylor,1,0,,,,,,,,,
857719,2015,2015-06-30,"Warner Park, Basseterre",1,16.4,St Kitts and Nevis Patriots,Jamaica Tallawahs,MJ Guptill,MN Samuels,JE Taylor,6,0,,,,,,,,,
857719,2015,2015-06-30,"Warner Park, Basseterre",1,16.5,St Kitts and Nevis Patriots,Jamaica Tallawahs,MJ Guptill,MN Samuels,JE Taylor,0,1,,,,1,,,,,
857719,2015,2015-06-30,"Warner Park, Basseterre",1,16.6,St Kitts and Nevis Patriots,Jamaica Tallawahs,MN Samuels,MJ Guptill,JE Taylor,1,0,,,,,,,,,
857719,2015,2015-06-30,"Warner Park, Basseterre",1,17.1,St Kitts and Nevis Patriots,Jamaica Tallawahs,MN Samuels,MJ Guptill,K Santokie,1,0,,,,,,,,,
857719,2015,2015-06-30,"Warner Park, Basseterre",1,17.2,St Kitts and Nevis Patriots,Jamaica Tallawahs,MJ Guptill,MN Samuels,K Santokie,0,0,,,,,,caught,MJ Guptill,,
857719,2015,2015-06-30,"Warner Park, Basseterre",1,17.3,St Kitts and Nevis Patriots,Jamaica Tallawahs,MN Samuels,Shahid Afridi,K Santokie,1,0,,,,,,,,,
857719,2015,2015-06-30,"Warner Park, Basseterre",1,17.4,St Kitts and Nevis Patriots,Jamaica Tallawahs,Shahid Afridi,MN Samuels,K Santokie,1,0,,,,,,,,,
857719,2015,2015-06-30,"Warner Park, Basseterre",1,17.5,St Kitts and Nevis Patriots,Jamaica Tallawahs,MN Samuels,Shahid Afridi,K Santokie,1,0,,,,,,,,,
857719,2015,2015-06-30,"Warner Park, Basseterre",1,17.6,St Kitts and Nevis Patriots,Jamaica Tallawahs,Shahid Afridi,MN Samuels,K Santokie,1,0,,,,,,,,,
857719,2015,2015-06-30,"Warner Park, Basseterre",1,18.1,St Kitts and Nevis Patriots,Jamaica Tallawahs,Shahid Afridi,MN Samuels,AD Russell,0,0,,,,,,,,,
857719,2015,2015-06-30,"Warner Park, Basseterre",1,18.2,St Kitts and Nevis Patriots,Jamaica Tallawahs,Shahid Afridi,MN Samuels,AD Russell,1,0,,,,,,,,,
857719,2015,2015-06-30,"Warner Park, Basseterre",1,18.3,St Kitts and Nevis Patriots,Jamaica Tallawahs,MN Samuels,Shahid Afridi,AD Russell,1,0,,,,,,,,,
857719,2015,2015-06-30,"Warner Park, Basseterre",1,18.4,St Kitts and Nevis Patriots,Jamaica Tallawahs,Shahid Afridi,MN Samuels,AD Russell,1,0,,,,,,,,,
857719,2015,2015-06-30,"Warner Park, Basseterre",1,18.5,St Kitts and Nevis Patriots,Jamaica Tallawahs,MN Samuels,Shahid Afridi,AD Russell,1,0,,,,,,,,,
857719,2015,2015-06-30,"Warner Park, Basseterre",1,18.6,St Kitts and Nevis Patriots,Jamaica Tallawahs,Shahid Afridi,MN Samuels,AD Russell,2,0,,,,,,,,,
857719,2015,2015-06-30,"Warner Park, Basseterre",1,19.1,St Kitts and Nevis Patriots,Jamaica Tallawahs,MN Samuels,Shahid Afridi,K Santokie,1,0,,,,,,,,,
857719,2015,2015-06-30,"Warner Park, Basseterre",1,19.2,St Kitts and Nevis Patriots,Jamaica Tallawahs,Shahid Afridi,MN Samuels,K Santokie,1,0,,,,,,,,,
857719,2015,2015-06-30,"Warner Park, Basseterre",1,19.3,St Kitts and Nevis Patriots,Jamaica Tallawahs,MN Samuels,Shahid Afridi,K Santokie,4,0,,,,,,,,,
857719,2015,2015-06-30,"Warner Park, Basseterre",1,19.4,St Kitts and Nevis Patriots,Jamaica Tallawahs,MN Samuels,Shahid Afridi,K Santokie,6,0,,,,,,,,,
857719,2015,2015-06-30,"Warner Park, Basseterre",1,19.5,St Kitts and Nevis Patriots,Jamaica Tallawahs,MN Samuels,Shahid Afridi,K Santokie,0,0,,,,,,caught,MN Samuels,,
857719,2015,2015-06-30,"Warner Park, Basseterre",1,19.6,St Kitts and Nevis Patriots,Jamaica Tallawahs,CR Brathwaite,Shahid Afridi,K Santokie,0,0,,,,,,caught,CR Brathwaite,,
857719,2015,2015-06-30,"Warner Park, Basseterre",2,0.1,Jamaica Tallawahs,St Kitts and Nevis Patriots,CH Gayle,CAK Walton,SS Cottrell,0,0,,,,,,,,,
857719,2015,2015-06-30,"Warner Park, Basseterre",2,0.2,Jamaica Tallawahs,St Kitts and Nevis Patriots,CH Gayle,CAK Walton,SS Cottrell,0,0,,,,,,,,,
857719,2015,2015-06-30,"Warner Park, Basseterre",2,0.3,Jamaica Tallawahs,St Kitts and Nevis Patriots,CH Gayle,CAK Walton,SS Cottrell,0,1,,,,1,,,,,
857719,2015,2015-06-30,"Warner Park, Basseterre",2,0.4,Jamaica Tallawahs,St Kitts and Nevis Patriots,CAK Walton,CH Gayle,SS Cottrell,4,0,,,,,,,,,
857719,2015,2015-06-30,"Warner Park, Basseterre",2,0.5,Jamaica Tallawahs,St Kitts and Nevis Patriots,CAK Walton,CH Gayle,SS Cottrell,0,0,,,,,,,,,
857719,2015,2015-06-30,"Warner Park, Basseterre",2,0.6,Jamaica Tallawahs,St Kitts and Nevis Patriots,CAK Walton,CH Gayle,SS Cottrell,0,0,,,,,,,,,
857719,2015,2015-06-30,"Warner Park, Basseterre",2,1.1,Jamaica Tallawahs,St Kitts and Nevis Patriots,CH Gayle,CAK Walton,Sohail Tanvir,1,0,,,,,,,,,
857719,2015,2015-06-30,"Warner Park, Basseterre",2,1.2,Jamaica Tallawahs,St Kitts and Nevis Patriots,CAK Walton,CH Gayle,Sohail Tanvir,0,1,1,,,,,,,,
857719,2015,2015-06-30,"Warner Park, Basseterre",2,1.3,Jamaica Tallawahs,St Kitts and Nevis Patriots,CAK Walton,CH Gayle,Sohail Tanvir,0,0,,,,,,,,,
857719,2015,2015-06-30,"Warner Park, Basseterre",2,1.4,Jamaica Tallawahs,St Kitts and Nevis Patriots,CAK Walton,CH Gayle,Sohail Tanvir,0,0,,,,,,,,,
857719,2015,2015-06-30,"Warner Park, Basseterre",2,1.5,Jamaica Tallawahs,St Kitts and Nevis Patriots,CAK Walton,CH Gayle,Sohail Tanvir,1,0,,,,,,,,,
857719,2015,2015-06-30,"Warner Park, Basseterre",2,1.6,Jamaica Tallawahs,St Kitts and Nevis Patriots,CH Gayle,CAK Walton,Sohail Tanvir,2,0,,,,,,,,,
857719,2015,2015-06-30,"Warner Park, Basseterre",2,1.7,Jamaica Tallawahs,St Kitts and Nevis Patriots,CH Gayle,CAK Walton,Sohail Tanvir,0,0,,,,,,,,,
857719,2015,2015-06-30,"Warner Park, Basseterre",2,2.1,Jamaica Tallawahs,St Kitts and Nevis Patriots,CAK Walton,CH Gayle,SS Cottrell,0,1,1,,,,,,,,
857719,2015,2015-06-30,"Warner Park, Basseterre",2,2.2,Jamaica Tallawahs,St Kitts and Nevis Patriots,CAK Walton,CH Gayle,SS Cottrell,1,0,,,,,,,,,
857719,2015,2015-06-30,"Warner Park, Basseterre",2,2.3,Jamaica Tallawahs,St Kitts and Nevis Patriots,CH Gayle,CAK Walton,SS Cottrell,4,0,,,,,,,,,
857719,2015,2015-06-30,"Warner Park, Basseterre",2,2.4,Jamaica Tallawahs,St Kitts and Nevis Patriots,CH Gayle,CAK Walton,SS Cottrell,1,0,,,,,,,,,
857719,2015,2015-06-30,"Warner Park, Basseterre",2,2.5,Jamaica Tallawahs,St Kitts and Nevis Patriots,CAK Walton,CH Gayle,SS Cottrell,4,0,,,,,,,,,
857719,2015,2015-06-30,"Warner Park, Basseterre",2,2.6,Jamaica Tallawahs,St Kitts and Nevis Patriots,CAK Walton,CH Gayle,SS Cottrell,0,0,,,,,,caught,CAK Walton,,
857719,2015,2015-06-30,"Warner Park, Basseterre",2,2.7,Jamaica Tallawahs,St Kitts and Nevis Patriots,CA Lynn,CH Gayle,SS Cottrell,4,0,,,,,,,,,
857719,2015,2015-06-30,"Warner Park, Basseterre",2,3.1,Jamaica Tallawahs,St Kitts and Nevis Patriots,CH Gayle,CA Lynn,Sohail Tanvir,0,0,,,,,,,,,
857719,2015,2015-06-30,"Warner Park, Basseterre",2,3.2,Jamaica Tallawahs,St Kitts and Nevis Patriots,CH Gayle,CA Lynn,Sohail Tanvir,0,0,,,,,,,,,
857719,2015,2015-06-30,"Warner Park, Basseterre",2,3.3,Jamaica Tallawahs,St Kitts and Nevis Patriots,CH Gayle,CA Lynn,Sohail Tanvir,4,0,,,,,,,,,
857719,2015,2015-06-30,"Warner Park, Basseterre",2,3.4,Jamaica Tallawahs,St Kitts and Nevis Patriots,CH Gayle,CA Lynn,Sohail Tanvir,1,0,,,,,,,,,
857719,2015,2015-06-30,"Warner Park, Basseterre",2,3.5,Jamaica Tallawahs,St Kitts and Nevis Patriots,CA Lynn,CH Gayle,Sohail Tanvir,1,0,,,,,,,,,
857719,2015,2015-06-30,"Warner Park, Basseterre",2,3.6,Jamaica Tallawahs,St Kitts and Nevis Patriots,CH Gayle,CA Lynn,Sohail Tanvir,0,0,,,,,,,,,
857719,2015,2015-06-30,"Warner Park, Basseterre",2,4.1,Jamaica Tallawahs,St Kitts and Nevis Patriots,CA Lynn,CH Gayle,SS Cottrell,4,0,,,,,,,,,
857719,2015,2015-06-30,"Warner Park, Basseterre",2,4.2,Jamaica Tallawahs,St Kitts and Nevis Patriots,CA Lynn,CH Gayle,SS Cottrell,0,0,,,,,,,,,
857719,2015,2015-06-30,"Warner Park, Basseterre",2,4.3,Jamaica Tallawahs,St Kitts and Nevis Patriots,CA Lynn,CH Gayle,SS Cottrell,6,0,,,,,,,,,
857719,2015,2015-06-30,"Warner Park, Basseterre",2,4.4,Jamaica Tallawahs,St Kitts and Nevis Patriots,CA Lynn,CH Gayle,SS Cottrell,4,0,,,,,,,,,
857719,2015,2015-06-30,"Warner Park, Basseterre",2,4.5,Jamaica Tallawahs,St Kitts and Nevis Patriots,CA Lynn,CH Gayle,SS Cottrell,0,0,,,,,,,,,
857719,2015,2015-06-30,"Warner Park, Basseterre",2,4.6,Jamaica Tallawahs,St Kitts and Nevis Patriots,CA Lynn,CH Gayle,SS Cottrell,0,0,,,,,,,,,
857719,2015,2015-06-30,"Warner Park, Basseterre",2,5.1,Jamaica Tallawahs,St Kitts and Nevis Patriots,CH Gayle,CA Lynn,N Dutta,0,0,,,,,,,,,
857719,2015,2015-06-30,"Warner Park, Basseterre",2,5.2,Jamaica Tallawahs,St Kitts and Nevis Patriots,CH Gayle,CA Lynn,N Dutta,0,0,,,,,,,,,
857719,2015,2015-06-30,"Warner Park, Basseterre",2,5.3,Jamaica Tallawahs,St Kitts and Nevis Patriots,CH Gayle,CA Lynn,N Dutta,0,0,,,,,,,,,
857719,2015,2015-06-30,"Warner Park, Basseterre",2,5.4,Jamaica Tallawahs,St Kitts and Nevis Patriots,CH Gayle,CA Lynn,N Dutta,4,0,,,,,,,,,
857719,2015,2015-06-30,"Warner Park, Basseterre",2,5.5,Jamaica Tallawahs,St Kitts and Nevis Patriots,CH Gayle,CA Lynn,N Dutta,0,0,,,,,,,,,
857719,2015,2015-06-30,"Warner Park, Basseterre",2,5.6,Jamaica Tallawahs,St Kitts and Nevis Patriots,CH Gayle,CA Lynn,N Dutta,0,0,,,,,,,,,
857719,2015,2015-06-30,"Warner Park, Basseterre",2,6.1,Jamaica Tallawahs,St Kitts and Nevis Patriots,CA Lynn,CH Gayle,Shahid Afridi,0,0,,,,,,,,,
857719,2015,2015-06-30,"Warner Park, Basseterre",2,6.2,Jamaica Tallawahs,St Kitts and Nevis Patriots,CA Lynn,CH Gayle,Shahid Afridi,2,0,,,,,,,,,
857719,2015,2015-06-30,"Warner Park, Basseterre",2,6.3,Jamaica Tallawahs,St Kitts and Nevis Patriots,CA Lynn,CH Gayle,Shahid Afridi,1,0,,,,,,,,,
857719,2015,2015-06-30,"Warner Park, Basseterre",2,6.4,Jamaica Tallawahs,St Kitts and Nevis Patriots,CH Gayle,CA Lynn,Shahid Afridi,1,0,,,,,,,,,
857719,2015,2015-06-30,"Warner Park, Basseterre",2,6.5,Jamaica Tallawahs,St Kitts and Nevis Patriots,CA Lynn,CH Gayle,Shahid Afridi,1,0,,,,,,,,,
857719,2015,2015-06-30,"Warner Park, Basseterre",2,6.6,Jamaica Tallawahs,St Kitts and Nevis Patriots,CH Gayle,CA Lynn,Shahid Afridi,0,0,,,,,,,,,
857719,2015,2015-06-30,"Warner Park, Basseterre",2,7.1,Jamaica Tallawahs,St Kitts and Nevis Patriots,CA Lynn,CH Gayle,N Dutta,0,0,,,,,,,,,
857719,2015,2015-06-30,"Warner Park, Basseterre",2,7.2,Jamaica Tallawahs,St Kitts and Nevis Patriots,CA Lynn,CH Gayle,N Dutta,1,0,,,,,,,,,
857719,2015,2015-06-30,"Warner Park, Basseterre",2,7.3,Jamaica Tallawahs,St Kitts and Nevis Patriots,CH Gayle,CA Lynn,N Dutta,0,0,,,,,,,,,
857719,2015,2015-06-30,"Warner Park, Basseterre",2,7.4,Jamaica Tallawahs,St Kitts and Nevis Patriots,CH Gayle,CA Lynn,N Dutta,4,0,,,,,,,,,
857719,2015,2015-06-30,"Warner Park, Basseterre",2,7.5,Jamaica Tallawahs,St Kitts and Nevis Patriots,CH Gayle,CA Lynn,N Dutta,1,0,,,,,,,,,
857719,2015,2015-06-30,"Warner Park, Basseterre",2,7.6,Jamaica Tallawahs,St Kitts and Nevis Patriots,CA Lynn,CH Gayle,N Dutta,1,0,,,,,,,,,
857719,2015,2015-06-30,"Warner Park, Basseterre",2,8.1,Jamaica Tallawahs,St Kitts and Nevis Patriots,CA Lynn,CH Gayle,Shahid Afridi,0,0,,,,,,,,,
857719,2015,2015-06-30,"Warner Park, Basseterre",2,8.2,Jamaica Tallawahs,St Kitts and Nevis Patriots,CA Lynn,CH Gayle,Shahid Afridi,0,0,,,,,,,,,
857719,2015,2015-06-30,"Warner Park, Basseterre",2,8.3,Jamaica Tallawahs,St Kitts and Nevis Patriots,CA Lynn,CH Gayle,Shahid Afridi,1,0,,,,,,,,,
857719,2015,2015-06-30,"Warner Park, Basseterre",2,8.4,Jamaica Tallawahs,St Kitts and Nevis Patriots,CH Gayle,CA Lynn,Shahid Afridi,1,0,,,,,,,,,
857719,2015,2015-06-30,"Warner Park, Basseterre",2,8.5,Jamaica Tallawahs,St Kitts and Nevis Patriots,CA Lynn,CH Gayle,Shahid Afridi,1,0,,,,,,,,,
857719,2015,2015-06-30,"Warner Park, Basseterre",2,8.6,Jamaica Tallawahs,St Kitts and Nevis Patriots,CH Gayle,CA Lynn,Shahid Afridi,1,0,,,,,,,,,
857719,2015,2015-06-30,"Warner Park, Basseterre",2,9.1,Jamaica Tallawahs,St Kitts and Nevis Patriots,CH Gayle,CA Lynn,N Dutta,1,0,,,,,,,,,
857719,2015,2015-06-30,"Warner Park, Basseterre",2,9.2,Jamaica Tallawahs,St Kitts and Nevis Patriots,CA Lynn,CH Gayle,N Dutta,1,0,,,,,,,,,
857719,2015,2015-06-30,"Warner Park, Basseterre",2,9.3,Jamaica Tallawahs,St Kitts and Nevis Patriots,CH Gayle,CA Lynn,N Dutta,1,0,,,,,,,,,
857719,2015,2015-06-30,"Warner Park, Basseterre",2,9.4,Jamaica Tallawahs,St Kitts and Nevis Patriots,CA Lynn,CH Gayle,N Dutta,1,0,,,,,,,,,
857719,2015,2015-06-30,"Warner Park, Basseterre",2,9.5,Jamaica Tallawahs,St Kitts and Nevis Patriots,CH Gayle,CA Lynn,N Dutta,1,0,,,,,,,,,
857719,2015,2015-06-30,"Warner Park, Basseterre",2,9.6,Jamaica Tallawahs,St Kitts and Nevis Patriots,CA Lynn,CH Gayle,N Dutta,1,0,,,,,,,,,
857719,2015,2015-06-30,"Warner Park, Basseterre",2,10.1,Jamaica Tallawahs,St Kitts and Nevis Patriots,CA Lynn,CH Gayle,MN Samuels,1,0,,,,,,,,,
857719,2015,2015-06-30,"Warner Park, Basseterre",2,10.2,Jamaica Tallawahs,St Kitts and Nevis Patriots,CH Gayle,CA Lynn,MN Samuels,0,0,,,,,,,,,
857719,2015,2015-06-30,"Warner Park, Basseterre",2,10.3,Jamaica Tallawahs,St Kitts and Nevis Patriots,CH Gayle,CA Lynn,MN Samuels,1,0,,,,,,,,,
857719,2015,2015-06-30,"Warner Park, Basseterre",2,10.4,Jamaica Tallawahs,St Kitts and Nevis Patriots,CA Lynn,CH Gayle,MN Samuels,1,0,,,,,,,,,
857719,2015,2015-06-30,"Warner Park, Basseterre",2,10.5,Jamaica Tallawahs,St Kitts and Nevis Patriots,CH Gayle,CA Lynn,MN Samuels,1,0,,,,,,,,,
857719,2015,2015-06-30,"Warner Park, Basseterre",2,10.6,Jamaica Tallawahs,St Kitts and Nevis Patriots,CA Lynn,CH Gayle,MN Samuels,0,0,,,,,,,,,
857719,2015,2015-06-30,"Warner Park, Basseterre",2,11.1,Jamaica Tallawahs,St Kitts and Nevis Patriots,CH Gayle,CA Lynn,Shahid Afridi,1,0,,,,,,,,,
857719,2015,2015-06-30,"Warner Park, Basseterre",2,11.2,Jamaica Tallawahs,St Kitts and Nevis Patriots,CA Lynn,CH Gayle,Shahid Afridi,0,0,,,,,,,,,
857719,2015,2015-06-30,"Warner Park, Basseterre",2,11.3,Jamaica Tallawahs,St Kitts and Nevis Patriots,CA Lynn,CH Gayle,Shahid Afridi,0,0,,,,,,,,,
857719,2015,2015-06-30,"Warner Park, Basseterre",2,11.4,Jamaica Tallawahs,St Kitts and Nevis Patriots,CA Lynn,CH Gayle,Shahid Afridi,1,0,,,,,,,,,
857719,2015,2015-06-30,"Warner Park, Basseterre",2,11.5,Jamaica Tallawahs,St Kitts and Nevis Patriots,CH Gayle,CA Lynn,Shahid Afridi,6,0,,,,,,,,,
857719,2015,2015-06-30,"Warner Park, Basseterre",2,11.6,Jamaica Tallawahs,St Kitts and Nevis Patriots,CH Gayle,CA Lynn,Shahid Afridi,1,0,,,,,,,,,
857719,2015,2015-06-30,"Warner Park, Basseterre",2,12.1,Jamaica Tallawahs,St Kitts and Nevis Patriots,CH Gayle,CA Lynn,MN Samuels,2,0,,,,,,,,,
857719,2015,2015-06-30,"Warner Park, Basseterre",2,12.2,Jamaica Tallawahs,St Kitts and Nevis Patriots,CH Gayle,CA Lynn,MN Samuels,1,0,,,,,,,,,
857719,2015,2015-06-30,"Warner Park, Basseterre",2,12.3,Jamaica Tallawahs,St Kitts and Nevis Patriots,CA Lynn,CH Gayle,MN Samuels,6,0,,,,,,,,,
857719,2015,2015-06-30,"Warner Park, Basseterre",2,12.4,Jamaica Tallawahs,St Kitts and Nevis Patriots,CA Lynn,CH Gayle,MN Samuels,6,0,,,,,,,,,
857719,2015,2015-06-30,"Warner Park, Basseterre",2,12.5,Jamaica Tallawahs,St Kitts and Nevis Patriots,CA Lynn,CH Gayle,MN Samuels,6,0,,,,,,,,,
857719,2015,2015-06-30,"Warner Park, Basseterre",2,12.6,Jamaica Tallawahs,St Kitts and Nevis Patriots,CA Lynn,CH Gayle,MN Samuels,1,0,,,,,,,,,
857719,2015,2015-06-30,"Warner Park, Basseterre",2,13.1,Jamaica Tallawahs,St Kitts and Nevis Patriots,CA Lynn,CH Gayle,CR Brathwaite,0,0,,,,,,bowled,CA Lynn,,
857719,2015,2015-06-30,"Warner Park, Basseterre",2,13.2,Jamaica Tallawahs,St Kitts and Nevis Patriots,DPMD Jayawardene,CH Gayle,CR Brathwaite,0,0,,,,,,,,,
857719,2015,2015-06-30,"Warner Park, Basseterre",2,13.3,Jamaica Tallawahs,St Kitts and Nevis Patriots,DPMD Jayawardene,CH Gayle,CR Brathwaite,1,0,,,,,,,,,
857719,2015,2015-06-30,"Warner Park, Basseterre",2,13.4,Jamaica Tallawahs,St Kitts and Nevis Patriots,CH Gayle,DPMD Jayawardene,CR Brathwaite,1,0,,,,,,,,,
857719,2015,2015-06-30,"Warner Park, Basseterre",2,13.5,Jamaica Tallawahs,St Kitts and Nevis Patriots,DPMD Jayawardene,CH Gayle,CR Brathwaite,1,0,,,,,,,,,
857719,2015,2015-06-30,"Warner Park, Basseterre",2,13.6,Jamaica Tallawahs,St Kitts and Nevis Patriots,CH Gayle,DPMD Jayawardene,CR Brathwaite,1,0,,,,,,,,,
857719,2015,2015-06-30,"Warner Park, Basseterre",2,14.1,Jamaica Tallawahs,St Kitts and Nevis Patriots,CH Gayle,DPMD Jayawardene,Sohail Tanvir,0,1,1,,,,,,,,
857719,2015,2015-06-30,"Warner Park, Basseterre",2,14.2,Jamaica Tallawahs,St Kitts and Nevis Patriots,CH Gayle,DPMD Jayawardene,Sohail Tanvir,1,0,,,,,,,,,
857719,2015,2015-06-30,"Warner Park, Basseterre",2,14.3,Jamaica Tallawahs,St Kitts and Nevis Patriots,DPMD Jayawardene,CH Gayle,Sohail Tanvir,1,0,,,,,,,,,
857719,2015,2015-06-30,"Warner Park, Basseterre",2,14.4,Jamaica Tallawahs,St Kitts and Nevis Patriots,CH Gayle,DPMD Jayawardene,Sohail Tanvir,1,0,,,,,,,,,
857719,2015,2015-06-30,"Warner Park, Basseterre",2,14.5,Jamaica Tallawahs,St Kitts and Nevis Patriots,DPMD Jayawardene,CH Gayle,Sohail Tanvir,0,0,,,,,,caught,DPMD Jayawardene,,
857719,2015,2015-06-30,"Warner Park, Basseterre",2,14.6,Jamaica Tallawahs,St Kitts and Nevis Patriots,AD Russell,CH Gayle,Sohail Tanvir,1,0,,,,,,,,,
857719,2015,2015-06-30,"Warner Park, Basseterre",2,14.7,Jamaica Tallawahs,St Kitts and Nevis Patriots,CH Gayle,AD Russell,Sohail Tanvir,1,0,,,,,,,,,
857719,2015,2015-06-30,"Warner Park, Basseterre",2,15.1,Jamaica Tallawahs,St Kitts and Nevis Patriots,CH Gayle,AD Russell,CR Brathwaite,1,0,,,,,,,,,
857719,2015,2015-06-30,"Warner Park, Basseterre",2,15.2,Jamaica Tallawahs,St Kitts and Nevis Patriots,AD Russell,CH Gayle,CR Brathwaite,1,0,,,,,,,,,
857719,2015,2015-06-30,"Warner Park, Basseterre",2,15.3,Jamaica Tallawahs,St Kitts and Nevis Patriots,CH Gayle,AD Russell,CR Brathwaite,1,0,,,,,,,,,
857719,2015,2015-06-30,"Warner Park, Basseterre",2,15.4,Jamaica Tallawahs,St Kitts and Nevis Patriots,AD Russell,CH Gayle,CR Brathwaite,0,0,,,,,,,,,
857719,2015,2015-06-30,"Warner Park, Basseterre",2,15.5,Jamaica Tallawahs,St Kitts and Nevis Patriots,AD Russell,CH Gayle,CR Brathwaite,1,0,,,,,,,,,
857719,2015,2015-06-30,"Warner Park, Basseterre",2,15.6,Jamaica Tallawahs,St Kitts and Nevis Patriots,CH Gayle,AD Russell,CR Brathwaite,1,0,,,,,,,,,
857719,2015,2015-06-30,"Warner Park, Basseterre",2,16.1,Jamaica Tallawahs,St Kitts and Nevis Patriots,CH Gayle,AD Russell,Shahid Afridi,2,0,,,,,,,,,
857719,2015,2015-06-30,"Warner Park, Basseterre",2,16.2,Jamaica Tallawahs,St Kitts and Nevis Patriots,CH Gayle,AD Russell,Shahid Afridi,1,0,,,,,,,,,
857719,2015,2015-06-30,"Warner Park, Basseterre",2,16.3,Jamaica Tallawahs,St Kitts and Nevis Patriots,AD Russell,CH Gayle,Shahid Afridi,0,0,,,,,,,,,
857719,2015,2015-06-30,"Warner Park, Basseterre",2,16.4,Jamaica Tallawahs,St Kitts and Nevis Patriots,AD Russell,CH Gayle,Shahid Afridi,0,0,,,,,,,,,
857719,2015,2015-06-30,"Warner Park, Basseterre",2,16.5,Jamaica Tallawahs,St Kitts and Nevis Patriots,AD Russell,CH Gayle,Shahid Afridi,4,0,,,,,,,,,
857719,2015,2015-06-30,"Warner Park, Basseterre",2,16.6,Jamaica Tallawahs,St Kitts and Nevis Patriots,AD Russell,CH Gayle,Shahid Afridi,1,0,,,,,,,,,
857719,2015,2015-06-30,"Warner Park, Basseterre",2,17.1,Jamaica Tallawahs,St Kitts and Nevis Patriots,AD Russell,CH Gayle,N Dutta,0,1,1,,,,,,,,
857719,2015,2015-06-30,"Warner Park, Basseterre",2,17.2,Jamaica Tallawahs,St Kitts and Nevis Patriots,AD Russell,CH Gayle,N Dutta,1,0,,,,,,,,,
857719,2015,2015-06-30,"Warner Park, Basseterre",2,17.3,Jamaica Tallawahs,St Kitts and Nevis Patriots,CH Gayle,AD Russell,N Dutta,2,0,,,,,,,,,
857719,2015,2015-06-30,"Warner Park, Basseterre",2,17.4,Jamaica Tallawahs,St Kitts and Nevis Patriots,CH Gayle,AD Russell,N Dutta,6,0,,,,,,,,,
857719,2015,2015-06-30,"Warner Park, Basseterre",2,17.5,Jamaica Tallawahs,St Kitts and Nevis Patriots,CH Gayle,AD Russell,N Dutta,2,0,,,,,,,,,
857719,2015,2015-06-30,"Warner Park, Basseterre",2,17.6,Jamaica Tallawahs,St Kitts and Nevis Patriots,CH Gayle,AD Russell,N Dutta,1,0,,,,,,,,,
857719,2015,2015-06-30,"Warner Park, Basseterre",2,17.7,Jamaica Tallawahs,St Kitts and Nevis Patriots,AD Russell,CH Gayle,N Dutta,1,0,,,,,,,,,
857719,2015,2015-06-30,"Warner Park, Basseterre",2,18.1,Jamaica Tallawahs,St Kitts and Nevis Patriots,AD Russell,CH Gayle,Sohail Tanvir,0,0,,,,,,,,,
857719,2015,2015-06-30,"Warner Park, Basseterre",2,18.2,Jamaica Tallawahs,St Kitts and Nevis Patriots,AD Russell,CH Gayle,Sohail Tanvir,4,0,,,,,,,,,
857719,2015,2015-06-30,"Warner Park, Basseterre",2,18.3,Jamaica Tallawahs,St Kitts and Nevis Patriots,AD Russell,CH Gayle,Sohail Tanvir,6,0,,,,,,,,,
857719,2015,2015-06-30,"Warner Park, Basseterre",2,18.4,Jamaica Tallawahs,St Kitts and Nevis Patriots,AD Russell,CH Gayle,Sohail Tanvir,0,1,1,,,,,,,,
857719,2015,2015-06-30,"Warner Park, Basseterre",2,18.5,Jamaica Tallawahs,St Kitts and Nevis Patriots,AD Russell,CH Gayle,Sohail Tanvir,1,0,,,,,,,,,
857719,2015,2015-06-30,"Warner Park, Basseterre",2,18.6,Jamaica Tallawahs,St Kitts and Nevis Patriots,CH Gayle,AD Russell,Sohail Tanvir,4,0,,,,,,,,,
857719,2015,2015-06-30,"Warner Park, Basseterre",2,18.7,Jamaica Tallawahs,St Kitts and Nevis Patriots,CH Gayle,AD Russell,Sohail Tanvir,1,0,,,,,,,,,
857719,2015,2015-06-30,"Warner Park, Basseterre",2,19.1,Jamaica Tallawahs,St Kitts and Nevis Patriots,CH Gayle,AD Russell,CR Brathwaite,4,0,,,,,,,,,
