match_id,season,start_date,venue,innings,ball,batting_team,bowling_team,striker,non_striker,bowler,runs_off_bat,extras,wides,noballs,byes,legbyes,penalty,wicket_type,player_dismissed,other_wicket_type,other_player_dismissed
857727,2015,2015-07-04,"Warner Park, Basseterre",1,0.1,St Kitts and Nevis Patriots,Jamaica Tallawahs,MJ Guptill,E Lewis,K Santokie,0,0,,,,,,,,,
857727,2015,2015-07-04,"Warner Park, Basseterre",1,0.2,St Kitts and Nevis Patriots,Jamaica Tallawahs,MJ Guptill,E Lewis,K Santokie,1,0,,,,,,,,,
857727,2015,2015-07-04,"Warner Park, Basseterre",1,0.3,St Kitts and Nevis Patriots,Jamaica Tallawahs,E Lewis,MJ Guptill,K Santokie,0,0,,,,,,,,,
857727,2015,2015-07-04,"Warner Park, Basseterre",1,0.4,St Kitts and Nevis Patriots,Jamaica Tallawahs,E Lewis,MJ Guptill,K Santokie,0,0,,,,,,,,,
857727,2015,2015-07-04,"Warner Park, Basseterre",1,0.5,St Kitts and Nevis Patriots,Jamaica Tallawahs,E Lewis,MJ Guptill,K Santokie,0,1,1,,,,,,,,
857727,2015,2015-07-04,"Warner Park, Basseterre",1,0.6,St Kitts and Nevis Patriots,Jamaica Tallawahs,E Lewis,MJ Guptill,K Santokie,1,0,,,,,,,,,
857727,2015,2015-07-04,"Warner Park, Basseterre",1,0.7,St Kitts and Nevis Patriots,Jamaica Tallawahs,MJ Guptill,E Lewis,K Santokie,0,0,,,,,,,,,
857727,2015,2015-07-04,"Warner Park, Basseterre",1,1.1,St Kitts and Nevis Patriots,Jamaica Tallawahs,E Lewis,MJ Guptill,DL Vettori,4,0,,,,,,,,,
857727,2015,2015-07-04,"Warner Park, Basseterre",1,1.2,St Kitts and Nevis Patriots,Jamaica Tallawahs,E Lewis,MJ Guptill,DL Vettori,0,0,,,,,,,,,
857727,2015,2015-07-04,"Warner Park, Basseterre",1,1.3,St Kitts and Nevis Patriots,Jamaica Tallawahs,E Lewis,MJ Guptill,DL Vettori,1,0,,,,,,,,,
857727,2015,2015-07-04,"Warner Park, Basseterre",1,1.4,St Kitts and Nevis Patriots,Jamaica Tallawahs,MJ Guptill,E Lewis,DL Vettori,1,0,,,,,,,,,
857727,2015,2015-07-04,"Warner Park, Basseterre",1,1.5,St Kitts and Nevis Patriots,Jamaica Tallawahs,E Lewis,MJ Guptill,DL Vettori,1,0,,,,,,,,,
857727,2015,2015-07-04,"Warner Park, Basseterre",1,1.6,St Kitts and Nevis Patriots,Jamaica Tallawahs,MJ Guptill,E Lewis,DL Vettori,1,0,,,,,,,,,
857727,2015,2015-07-04,"Warner Park, Basseterre",1,2.1,St Kitts and Nevis Patriots,Jamaica Tallawahs,MJ Guptill,E Lewis,K Santokie,0,0,,,,,,,,,
857727,2015,2015-07-04,"Warner Park, Basseterre",1,2.2,St Kitts and Nevis Patriots,Jamaica Tallawahs,MJ Guptill,E Lewis,K Santokie,1,0,,,,,,,,,
857727,2015,2015-07-04,"Warner Park, Basseterre",1,2.3,St Kitts and Nevis Patriots,Jamaica Tallawahs,E Lewis,MJ Guptill,K Santokie,1,0,,,,,,,,,
857727,2015,2015-07-04,"Warner Park, Basseterre",1,2.4,St Kitts and Nevis Patriots,Jamaica Tallawahs,MJ Guptill,E Lewis,K Santokie,2,0,,,,,,,,,
857727,2015,2015-07-04,"Warner Park, Basseterre",1,2.5,St Kitts and Nevis Patriots,Jamaica Tallawahs,MJ Guptill,E Lewis,K Santokie,6,0,,,,,,,,,
857727,2015,2015-07-04,"Warner Park, Basseterre",1,2.6,St Kitts and Nevis Patriots,Jamaica Tallawahs,MJ Guptill,E Lewis,K Santokie,1,0,,,,,,,,,
857727,2015,2015-07-04,"Warner Park, Basseterre",1,3.1,St Kitts and Nevis Patriots,Jamaica Tallawahs,MJ Guptill,E Lewis,DL Vettori,6,0,,,,,,,,,
857727,2015,2015-07-04,"Warner Park, Basseterre",1,3.2,St Kitts and Nevis Patriots,Jamaica Tallawahs,MJ Guptill,E Lewis,DL Vettori,1,0,,,,,,,,,
857727,2015,2015-07-04,"Warner Park, Basseterre",1,3.3,St Kitts and Nevis Patriots,Jamaica Tallawahs,E Lewis,MJ Guptill,DL Vettori,1,0,,,,,,,,,
857727,2015,2015-07-04,"Warner Park, Basseterre",1,3.4,St Kitts and Nevis Patriots,Jamaica Tallawahs,MJ Guptill,E Lewis,DL Vettori,1,0,,,,,,,,,
857727,2015,2015-07-04,"Warner Park, Basseterre",1,3.5,St Kitts and Nevis Patriots,Jamaica Tallawahs,E Lewis,MJ Guptill,DL Vettori,1,0,,,,,,,,,
857727,2015,2015-07-04,"Warner Park, Basseterre",1,3.6,St Kitts and Nevis Patriots,Jamaica Tallawahs,MJ Guptill,E Lewis,DL Vettori,0,0,,,,,,,,,
857727,2015,2015-07-04,"Warner Park, Basseterre",1,4.1,St Kitts and Nevis Patriots,Jamaica Tallawahs,E Lewis,MJ Guptill,JE Taylor,0,0,,,,,,,,,
857727,2015,2015-07-04,"Warner Park, Basseterre",1,4.2,St Kitts and Nevis Patriots,Jamaica Tallawahs,E Lewis,MJ Guptill,JE Taylor,0,0,,,,,,,,,
857727,2015,2015-07-04,"Warner Park, Basseterre",1,4.3,St Kitts and Nevis Patriots,Jamaica Tallawahs,E Lewis,MJ Guptill,JE Taylor,6,0,,,,,,,,,
857727,2015,2015-07-04,"Warner Park, Basseterre",1,4.4,St Kitts and Nevis Patriots,Jamaica Tallawahs,E Lewis,MJ Guptill,JE Taylor,4,0,,,,,,,,,
857727,2015,2015-07-04,"Warner Park, Basseterre",1,4.5,St Kitts and Nevis Patriots,Jamaica Tallawahs,E Lewis,MJ Guptill,JE Taylor,0,0,,,,,,,,,
857727,2015,2015-07-04,"Warner Park, Basseterre",1,4.6,St Kitts and Nevis Patriots,Jamaica Tallawahs,E Lewis,MJ Guptill,JE Taylor,0,0,,,,,,,,,
857727,2015,2015-07-04,"Warner Park, Basseterre",1,5.1,St Kitts and Nevis Patriots,Jamaica Tallawahs,MJ Guptill,E Lewis,J Theron,0,4,,,4,,,,,,
857727,2015,2015-07-04,"Warner Park, Basseterre",1,5.2,St Kitts and Nevis Patriots,Jamaica Tallawahs,MJ Guptill,E Lewis,J Theron,4,0,,,,,,,,,
857727,2015,2015-07-04,"Warner Park, Basseterre",1,5.3,St Kitts and Nevis Patriots,Jamaica Tallawahs,MJ Guptill,E Lewis,J Theron,0,0,,,,,,,,,
857727,2015,2015-07-04,"Warner Park, Basseterre",1,5.4,St Kitts and Nevis Patriots,Jamaica Tallawahs,MJ Guptill,E Lewis,J Theron,1,0,,,,,,,,,
857727,2015,2015-07-04,"Warner Park, Basseterre",1,5.5,St Kitts and Nevis Patriots,Jamaica Tallawahs,E Lewis,MJ Guptill,J Theron,6,0,,,,,,,,,
857727,2015,2015-07-04,"Warner Park, Basseterre",1,5.6,St Kitts and Nevis Patriots,Jamaica Tallawahs,E Lewis,MJ Guptill,J Theron,0,0,,,,,,,,,
857727,2015,2015-07-04,"Warner Park, Basseterre",1,6.1,St Kitts and Nevis Patriots,Jamaica Tallawahs,MJ Guptill,E Lewis,AD Russell,0,0,,,,,,,,,
857727,2015,2015-07-04,"Warner Park, Basseterre",1,6.2,St Kitts and Nevis Patriots,Jamaica Tallawahs,MJ Guptill,E Lewis,AD Russell,4,0,,,,,,,,,
857727,2015,2015-07-04,"Warner Park, Basseterre",1,6.3,St Kitts and Nevis Patriots,Jamaica Tallawahs,MJ Guptill,E Lewis,AD Russell,1,0,,,,,,,,,
857727,2015,2015-07-04,"Warner Park, Basseterre",1,6.4,St Kitts and Nevis Patriots,Jamaica Tallawahs,E Lewis,MJ Guptill,AD Russell,1,0,,,,,,,,,
857727,2015,2015-07-04,"Warner Park, Basseterre",1,6.5,St Kitts and Nevis Patriots,Jamaica Tallawahs,MJ Guptill,E Lewis,AD Russell,1,0,,,,,,,,,
857727,2015,2015-07-04,"Warner Park, Basseterre",1,6.6,St Kitts and Nevis Patriots,Jamaica Tallawahs,E Lewis,MJ Guptill,AD Russell,2,0,,,,,,,,,
857727,2015,2015-07-04,"Warner Park, Basseterre",1,7.1,St Kitts and Nevis Patriots,Jamaica Tallawahs,MJ Guptill,E Lewis,J Theron,0,1,1,,,,,,,,
857727,2015,2015-07-04,"Warner Park, Basseterre",1,7.2,St Kitts and Nevis Patriots,Jamaica Tallawahs,MJ Guptill,E Lewis,J Theron,2,0,,,,,,,,,
857727,2015,2015-07-04,"Warner Park, Basseterre",1,7.3,St Kitts and Nevis Patriots,Jamaica Tallawahs,MJ Guptill,E Lewis,J Theron,1,0,,,,,,,,,
857727,2015,2015-07-04,"Warner Park, Basseterre",1,7.4,St Kitts and Nevis Patriots,Jamaica Tallawahs,E Lewis,MJ Guptill,J Theron,1,0,,,,,,,,,
857727,2015,2015-07-04,"Warner Park, Basseterre",1,7.5,St Kitts and Nevis Patriots,Jamaica Tallawahs,MJ Guptill,E Lewis,J Theron,0,0,,,,,,lbw,MJ Guptill,,
857727,2015,2015-07-04,"Warner Park, Basseterre",1,7.6,St Kitts and Nevis Patriots,Jamaica Tallawahs,MN Samuels,E Lewis,J Theron,0,0,,,,,,,,,
857727,2015,2015-07-04,"Warner Park, Basseterre",1,7.7,St Kitts and Nevis Patriots,Jamaica Tallawahs,MN Samuels,E Lewis,J Theron,1,0,,,,,,,,,
857727,2015,2015-07-04,"Warner Park, Basseterre",1,8.1,St Kitts and Nevis Patriots,Jamaica Tallawahs,MN Samuels,E Lewis,NO Miller,1,0,,,,,,,,,
857727,2015,2015-07-04,"Warner Park, Basseterre",1,8.2,St Kitts and Nevis Patriots,Jamaica Tallawahs,E Lewis,MN Samuels,NO Miller,4,0,,,,,,,,,
857727,2015,2015-07-04,"Warner Park, Basseterre",1,8.3,St Kitts and Nevis Patriots,Jamaica Tallawahs,E Lewis,MN Samuels,NO Miller,0,0,,,,,,,,,
857727,2015,2015-07-04,"Warner Park, Basseterre",1,8.4,St Kitts and Nevis Patriots,Jamaica Tallawahs,E Lewis,MN Samuels,NO Miller,0,0,,,,,,,,,
857727,2015,2015-07-04,"Warner Park, Basseterre",1,8.5,St Kitts and Nevis Patriots,Jamaica Tallawahs,E Lewis,MN Samuels,NO Miller,4,0,,,,,,,,,
857727,2015,2015-07-04,"Warner Park, Basseterre",1,8.6,St Kitts and Nevis Patriots,Jamaica Tallawahs,E Lewis,MN Samuels,NO Miller,1,0,,,,,,,,,
857727,2015,2015-07-04,"Warner Park, Basseterre",1,9.1,St Kitts and Nevis Patriots,Jamaica Tallawahs,E Lewis,MN Samuels,AD Russell,0,1,1,,,,,,,,
857727,2015,2015-07-04,"Warner Park, Basseterre",1,9.2,St Kitts and Nevis Patriots,Jamaica Tallawahs,E Lewis,MN Samuels,AD Russell,0,0,,,,,,,,,
857727,2015,2015-07-04,"Warner Park, Basseterre",1,9.3,St Kitts and Nevis Patriots,Jamaica Tallawahs,E Lewis,MN Samuels,AD Russell,0,0,,,,,,,,,
857727,2015,2015-07-04,"Warner Park, Basseterre",1,9.4,St Kitts and Nevis Patriots,Jamaica Tallawahs,E Lewis,MN Samuels,AD Russell,6,0,,,,,,,,,
857727,2015,2015-07-04,"Warner Park, Basseterre",1,9.5,St Kitts and Nevis Patriots,Jamaica Tallawahs,E Lewis,MN Samuels,AD Russell,1,0,,,,,,,,,
857727,2015,2015-07-04,"Warner Park, Basseterre",1,9.6,St Kitts and Nevis Patriots,Jamaica Tallawahs,MN Samuels,E Lewis,AD Russell,1,0,,,,,,,,,
857727,2015,2015-07-04,"Warner Park, Basseterre",1,9.7,St Kitts and Nevis Patriots,Jamaica Tallawahs,E Lewis,MN Samuels,AD Russell,6,0,,,,,,,,,
857727,2015,2015-07-04,"Warner Park, Basseterre",1,10.1,St Kitts and Nevis Patriots,Jamaica Tallawahs,MN Samuels,E Lewis,DL Vettori,0,0,,,,,,,,,
857727,2015,2015-07-04,"Warner Park, Basseterre",1,10.2,St Kitts and Nevis Patriots,Jamaica Tallawahs,MN Samuels,E Lewis,DL Vettori,1,0,,,,,,,,,
857727,2015,2015-07-04,"Warner Park, Basseterre",1,10.3,St Kitts and Nevis Patriots,Jamaica Tallawahs,E Lewis,MN Samuels,DL Vettori,1,0,,,,,,,,,
857727,2015,2015-07-04,"Warner Park, Basseterre",1,10.4,St Kitts and Nevis Patriots,Jamaica Tallawahs,MN Samuels,E Lewis,DL Vettori,4,0,,,,,,,,,
857727,2015,2015-07-04,"Warner Park, Basseterre",1,10.5,St Kitts and Nevis Patriots,Jamaica Tallawahs,MN Samuels,E Lewis,DL Vettori,1,0,,,,,,,,,
857727,2015,2015-07-04,"Warner Park, Basseterre",1,10.6,St Kitts and Nevis Patriots,Jamaica Tallawahs,E Lewis,MN Samuels,DL Vettori,1,0,,,,,,,,,
857727,2015,2015-07-04,"Warner Park, Basseterre",1,11.1,St Kitts and Nevis Patriots,Jamaica Tallawahs,E Lewis,MN Samuels,JE Taylor,4,0,,,,,,,,,
857727,2015,2015-07-04,"Warner Park, Basseterre",1,11.2,St Kitts and Nevis Patriots,Jamaica Tallawahs,E Lewis,MN Samuels,JE Taylor,1,0,,,,,,,,,
857727,2015,2015-07-04,"Warner Park, Basseterre",1,11.3,St Kitts and Nevis Patriots,Jamaica Tallawahs,MN Samuels,E Lewis,JE Taylor,2,0,,,,,,,,,
857727,2015,2015-07-04,"Warner Park, Basseterre",1,11.4,St Kitts and Nevis Patriots,Jamaica Tallawahs,MN Samuels,E Lewis,JE Taylor,1,0,,,,,,,,,
857727,2015,2015-07-04,"Warner Park, Basseterre",1,11.5,St Kitts and Nevis Patriots,Jamaica Tallawahs,E Lewis,MN Samuels,JE Taylor,6,0,,,,,,,,,
857727,2015,2015-07-04,"Warner Park, Basseterre",1,11.6,St Kitts and Nevis Patriots,Jamaica Tallawahs,E Lewis,MN Samuels,JE Taylor,0,0,,,,,,,,,
857727,2015,2015-07-04,"Warner Park, Basseterre",1,12.1,St Kitts and Nevis Patriots,Jamaica Tallawahs,MN Samuels,E Lewis,DL Vettori,0,0,,,,,,,,,
857727,2015,2015-07-04,"Warner Park, Basseterre",1,12.2,St Kitts and Nevis Patriots,Jamaica Tallawahs,MN Samuels,E Lewis,DL Vettori,1,0,,,,,,,,,
857727,2015,2015-07-04,"Warner Park, Basseterre",1,12.3,St Kitts and Nevis Patriots,Jamaica Tallawahs,E Lewis,MN Samuels,DL Vettori,4,0,,,,,,,,,
857727,2015,2015-07-04,"Warner Park, Basseterre",1,12.4,St Kitts and Nevis Patriots,Jamaica Tallawahs,E Lewis,MN Samuels,DL Vettori,1,0,,,,,,,,,
857727,2015,2015-07-04,"Warner Park, Basseterre",1,12.5,St Kitts and Nevis Patriots,Jamaica Tallawahs,MN Samuels,E Lewis,DL Vettori,1,0,,,,,,,,,
857727,2015,2015-07-04,"Warner Park, Basseterre",1,12.6,St Kitts and Nevis Patriots,Jamaica Tallawahs,E Lewis,MN Samuels,DL Vettori,1,0,,,,,,,,,
857727,2015,2015-07-04,"Warner Park, Basseterre",1,13.1,St Kitts and Nevis Patriots,Jamaica Tallawahs,E Lewis,MN Samuels,J Theron,1,0,,,,,,,,,
857727,2015,2015-07-04,"Warner Park, Basseterre",1,13.2,St Kitts and Nevis Patriots,Jamaica Tallawahs,MN Samuels,E Lewis,J Theron,1,0,,,,,,,,,
857727,2015,2015-07-04,"Warner Park, Basseterre",1,13.3,St Kitts and Nevis Patriots,Jamaica Tallawahs,E Lewis,MN Samuels,J Theron,2,0,,,,,,,,,
857727,2015,2015-07-04,"Warner Park, Basseterre",1,13.4,St Kitts and Nevis Patriots,Jamaica Tallawahs,E Lewis,MN Samuels,J Theron,6,0,,,,,,,,,
857727,2015,2015-07-04,"Warner Park, Basseterre",1,13.5,St Kitts and Nevis Patriots,Jamaica Tallawahs,E Lewis,MN Samuels,J Theron,1,0,,,,,,,,,
857727,2015,2015-07-04,"Warner Park, Basseterre",1,13.6,St Kitts and Nevis Patriots,Jamaica Tallawahs,MN Samuels,E Lewis,J Theron,1,0,,,,,,,,,
857727,2015,2015-07-04,"Warner Park, Basseterre",1,14.1,St Kitts and Nevis Patriots,Jamaica Tallawahs,MN Samuels,E Lewis,AD Russell,2,0,,,,,,,,,
857727,2015,2015-07-04,"Warner Park, Basseterre",1,14.2,St Kitts and Nevis Patriots,Jamaica Tallawahs,MN Samuels,E Lewis,AD Russell,1,0,,,,,,,,,
857727,2015,2015-07-04,"Warner Park, Basseterre",1,14.3,St Kitts and Nevis Patriots,Jamaica Tallawahs,E Lewis,MN Samuels,AD Russell,1,0,,,,,,,,,
857727,2015,2015-07-04,"Warner Park, Basseterre",1,14.4,St Kitts and Nevis Patriots,Jamaica Tallawahs,MN Samuels,E Lewis,AD Russell,0,0,,,,,,caught,MN Samuels,,
857727,2015,2015-07-04,"Warner Park, Basseterre",1,14.5,St Kitts and Nevis Patriots,Jamaica Tallawahs,Shahid Afridi,E Lewis,AD Russell,0,0,,,,,,,,,
857727,2015,2015-07-04,"Warner Park, Basseterre",1,14.6,St Kitts and Nevis Patriots,Jamaica Tallawahs,Shahid Afridi,E Lewis,AD Russell,1,0,,,,,,,,,
857727,2015,2015-07-04,"Warner Park, Basseterre",1,15.1,St Kitts and Nevis Patriots,Jamaica Tallawahs,Shahid Afridi,E Lewis,K Santokie,0,0,,,,,,run out,E Lewis,,
857727,2015,2015-07-04,"Warner Park, Basseterre",1,15.2,St Kitts and Nevis Patriots,Jamaica Tallawahs,CR Brathwaite,Shahid Afridi,K Santokie,0,0,,,,,,,,,
857727,2015,2015-07-04,"Warner Park, Basseterre",1,15.3,St Kitts and Nevis Patriots,Jamaica Tallawahs,CR Brathwaite,Shahid Afridi,K Santokie,6,0,,,,,,,,,
857727,2015,2015-07-04,"Warner Park, Basseterre",1,15.4,St Kitts and Nevis Patriots,Jamaica Tallawahs,CR Brathwaite,Shahid Afridi,K Santokie,6,0,,,,,,,,,
857727,2015,2015-07-04,"Warner Park, Basseterre",1,15.5,St Kitts and Nevis Patriots,Jamaica Tallawahs,CR Brathwaite,Shahid Afridi,K Santokie,0,0,,,,,,,,,
857727,2015,2015-07-04,"Warner Park, Basseterre",1,15.6,St Kitts and Nevis Patriots,Jamaica Tallawahs,CR Brathwaite,Shahid Afridi,K Santokie,0,1,,,,1,,,,,
857727,2015,2015-07-04,"Warner Park, Basseterre",1,16.1,St Kitts and Nevis Patriots,Jamaica Tallawahs,CR Brathwaite,Shahid Afridi,AD Russell,1,0,,,,,,,,,
857727,2015,2015-07-04,"Warner Park, Basseterre",1,16.2,St Kitts and Nevis Patriots,Jamaica Tallawahs,Shahid Afridi,CR Brathwaite,AD Russell,0,1,1,,,,,,,,
857727,2015,2015-07-04,"Warner Park, Basseterre",1,16.3,St Kitts and Nevis Patriots,Jamaica Tallawahs,Shahid Afridi,CR Brathwaite,AD Russell,0,0,,,,,,,,,
857727,2015,2015-07-04,"Warner Park, Basseterre",1,16.4,St Kitts and Nevis Patriots,Jamaica Tallawahs,Shahid Afridi,CR Brathwaite,AD Russell,1,0,,,,,,,,,
857727,2015,2015-07-04,"Warner Park, Basseterre",1,16.5,St Kitts and Nevis Patriots,Jamaica Tallawahs,CR Brathwaite,Shahid Afridi,AD Russell,6,0,,,,,,,,,
857727,2015,2015-07-04,"Warner Park, Basseterre",1,16.6,St Kitts and Nevis Patriots,Jamaica Tallawahs,CR Brathwaite,Shahid Afridi,AD Russell,4,0,,,,,,,,,
857727,2015,2015-07-04,"Warner Park, Basseterre",1,16.7,St Kitts and Nevis Patriots,Jamaica Tallawahs,CR Brathwaite,Shahid Afridi,AD Russell,0,0,,,,,,,,,
857727,2015,2015-07-04,"Warner Park, Basseterre",1,17.1,St Kitts and Nevis Patriots,Jamaica Tallawahs,Shahid Afridi,CR Brathwaite,JE Taylor,2,0,,,,,,,,,
857727,2015,2015-07-04,"Warner Park, Basseterre",1,17.2,St Kitts and Nevis Patriots,Jamaica Tallawahs,Shahid Afridi,CR Brathwaite,JE Taylor,1,0,,,,,,,,,
857727,2015,2015-07-04,"Warner Park, Basseterre",1,17.3,St Kitts and Nevis Patriots,Jamaica Tallawahs,CR Brathwaite,Shahid Afridi,JE Taylor,0,1,,,,1,,,,,
857727,2015,2015-07-04,"Warner Park, Basseterre",1,17.4,St Kitts and Nevis Patriots,Jamaica Tallawahs,Shahid Afridi,CR Brathwaite,JE Taylor,1,0,,,,,,,,,
857727,2015,2015-07-04,"Warner Park, Basseterre",1,17.5,St Kitts and Nevis Patriots,Jamaica Tallawahs,CR Brathwaite,Shahid Afridi,JE Taylor,4,0,,,,,,,,,
857727,2015,2015-07-04,"Warner Park, Basseterre",1,17.6,St Kitts and Nevis Patriots,Jamaica Tallawahs,CR Brathwaite,Shahid Afridi,JE Taylor,2,0,,,,,,,,,
857727,2015,2015-07-04,"Warner Park, Basseterre",1,18.1,St Kitts and Nevis Patriots,Jamaica Tallawahs,Shahid Afridi,CR Brathwaite,K Santokie,0,0,,,,,,,,,
857727,2015,2015-07-04,"Warner Park, Basseterre",1,18.2,St Kitts and Nevis Patriots,Jamaica Tallawahs,Shahid Afridi,CR Brathwaite,K Santokie,6,0,,,,,,,,,
857727,2015,2015-07-04,"Warner Park, Basseterre",1,18.3,St Kitts and Nevis Patriots,Jamaica Tallawahs,Shahid Afridi,CR Brathwaite,K Santokie,2,0,,,,,,,,,
857727,2015,2015-07-04,"Warner Park, Basseterre",1,18.4,St Kitts and Nevis Patriots,Jamaica Tallawahs,Shahid Afridi,CR Brathwaite,K Santokie,0,0,,,,,,caught,Shahid Afridi,,
857727,2015,2015-07-04,"Warner Park, Basseterre",1,18.5,St Kitts and Nevis Patriots,Jamaica Tallawahs,CR Brathwaite,TA Willett,K Santokie,0,1,1,,,,,,,,
857727,2015,2015-07-04,"Warner Park, Basseterre",1,18.6,St Kitts and Nevis Patriots,Jamaica Tallawahs,CR Brathwaite,TA Willett,K Santokie,2,0,,,,,,,,,
857727,2015,2015-07-04,"Warner Park, Basseterre",1,18.7,St Kitts and Nevis Patriots,Jamaica Tallawahs,CR Brathwaite,TA Willett,K Santokie,1,0,,,,,,,,,
857727,2015,2015-07-04,"Warner Park, Basseterre",1,19.1,St Kitts and Nevis Patriots,Jamaica Tallawahs,CR Brathwaite,TA Willett,JE Taylor,1,0,,,,,,,,,
857727,2015,2015-07-04,"Warner Park, Basseterre",1,19.2,St Kitts and Nevis Patriots,Jamaica Tallawahs,TA Willett,CR Brathwaite,JE Taylor,1,0,,,,,,,,,
857727,2015,2015-07-04,"Warner Park, Basseterre",1,19.3,St Kitts and Nevis Patriots,Jamaica Tallawahs,CR Brathwaite,TA Willett,JE Taylor,2,0,,,,,,,,,
857727,2015,2015-07-04,"Warner Park, Basseterre",1,19.4,St Kitts and Nevis Patriots,Jamaica Tallawahs,CR Brathwaite,TA Willett,JE Taylor,1,0,,,,,,,,,
857727,2015,2015-07-04,"Warner Park, Basseterre",1,19.5,St Kitts and Nevis Patriots,Jamaica Tallawahs,TA Willett,CR Brathwaite,JE Taylor,0,0,,,,,,run out,TA Willett,,
857727,2015,2015-07-04,"Warner Park, Basseterre",1,19.6,St Kitts and Nevis Patriots,Jamaica Tallawahs,CR Brathwaite,DC Thomas,JE Taylor,0,1,,,,1,,,,,
857727,2015,2015-07-04,"Warner Park, Basseterre",2,0.1,Jamaica Tallawahs,St Kitts and Nevis Patriots,CH Gayle,CAK Walton,Sohail Tanvir,0,0,,,,,,,,,
857727,2015,2015-07-04,"Warner Park, Basseterre",2,0.2,Jamaica Tallawahs,St Kitts and Nevis Patriots,CH Gayle,CAK Walton,Sohail Tanvir,0,0,,,,,,,,,
857727,2015,2015-07-04,"Warner Park, Basseterre",2,0.3,Jamaica Tallawahs,St Kitts and Nevis Patriots,CH Gayle,CAK Walton,Sohail Tanvir,4,0,,,,,,,,,
857727,2015,2015-07-04,"Warner Park, Basseterre",2,0.4,Jamaica Tallawahs,St Kitts and Nevis Patriots,CH Gayle,CAK Walton,Sohail Tanvir,0,0,,,,,,,,,
857727,2015,2015-07-04,"Warner Park, Basseterre",2,0.5,Jamaica Tallawahs,St Kitts and Nevis Patriots,CH Gayle,CAK Walton,Sohail Tanvir,0,0,,,,,,,,,
857727,2015,2015-07-04,"Warner Park, Basseterre",2,0.6,Jamaica Tallawahs,St Kitts and Nevis Patriots,CH Gayle,CAK Walton,Sohail Tanvir,0,1,1,,,,,,,,
857727,2015,2015-07-04,"Warner Park, Basseterre",2,0.7,Jamaica Tallawahs,St Kitts and Nevis Patriots,CH Gayle,CAK Walton,Sohail Tanvir,0,0,,,,,,,,,
857727,2015,2015-07-04,"Warner Park, Basseterre",2,1.1,Jamaica Tallawahs,St Kitts and Nevis Patriots,CAK Walton,CH Gayle,SS Cottrell,0,0,,,,,,,,,
857727,2015,2015-07-04,"Warner Park, Basseterre",2,1.2,Jamaica Tallawahs,St Kitts and Nevis Patriots,CAK Walton,CH Gayle,SS Cottrell,1,0,,,,,,,,,
857727,2015,2015-07-04,"Warner Park, Basseterre",2,1.3,Jamaica Tallawahs,St Kitts and Nevis Patriots,CH Gayle,CAK Walton,SS Cottrell,4,0,,,,,,,,,
857727,2015,2015-07-04,"Warner Park, Basseterre",2,1.4,Jamaica Tallawahs,St Kitts and Nevis Patriots,CH Gayle,CAK Walton,SS Cottrell,0,1,1,,,,,,,,
857727,2015,2015-07-04,"Warner Park, Basseterre",2,1.5,Jamaica Tallawahs,St Kitts and Nevis Patriots,CH Gayle,CAK Walton,SS Cottrell,0,0,,,,,,,,,
857727,2015,2015-07-04,"Warner Park, Basseterre",2,1.6,Jamaica Tallawahs,St Kitts and Nevis Patriots,CH Gayle,CAK Walton,SS Cottrell,0,0,,,,,,,,,
857727,2015,2015-07-04,"Warner Park, Basseterre",2,1.7,Jamaica Tallawahs,St Kitts and Nevis Patriots,CH Gayle,CAK Walton,SS Cottrell,0,0,,,,,,bowled,CH Gayle,,
857727,2015,2015-07-04,"Warner Park, Basseterre",2,2.1,Jamaica Tallawahs,St Kitts and Nevis Patriots,CAK Walton,CA Lynn,Sohail Tanvir,0,0,,,,,,,,,
857727,2015,2015-07-04,"Warner Park, Basseterre",2,2.2,Jamaica Tallawahs,St Kitts and Nevis Patriots,CAK Walton,CA Lynn,Sohail Tanvir,4,0,,,,,,,,,
857727,2015,2015-07-04,"Warner Park, Basseterre",2,2.3,Jamaica Tallawahs,St Kitts and Nevis Patriots,CAK Walton,CA Lynn,Sohail Tanvir,0,0,,,,,,,,,
857727,2015,2015-07-04,"Warner Park, Basseterre",2,2.4,Jamaica Tallawahs,St Kitts and Nevis Patriots,CAK Walton,CA Lynn,Sohail Tanvir,2,0,,,,,,,,,
857727,2015,2015-07-04,"Warner Park, Basseterre",2,2.5,Jamaica Tallawahs,St Kitts and Nevis Patriots,CAK Walton,CA Lynn,Sohail Tanvir,1,0,,,,,,,,,
857727,2015,2015-07-04,"Warner Park, Basseterre",2,2.6,Jamaica Tallawahs,St Kitts and Nevis Patriots,CA Lynn,CAK Walton,Sohail Tanvir,0,0,,,,,,,,,
857727,2015,2015-07-04,"Warner Park, Basseterre",2,3.1,Jamaica Tallawahs,St Kitts and Nevis Patriots,CAK Walton,CA Lynn,SS Cottrell,0,0,,,,,,,,,
857727,2015,2015-07-04,"Warner Park, Basseterre",2,3.2,Jamaica Tallawahs,St Kitts and Nevis Patriots,CAK Walton,CA Lynn,SS Cottrell,0,0,,,,,,caught,CAK Walton,,
857727,2015,2015-07-04,"Warner Park, Basseterre",2,3.3,Jamaica Tallawahs,St Kitts and Nevis Patriots,CA Lynn,DPMD Jayawardene,SS Cottrell,4,0,,,,,,,,,
857727,2015,2015-07-04,"Warner Park, Basseterre",2,3.4,Jamaica Tallawahs,St Kitts and Nevis Patriots,CA Lynn,DPMD Jayawardene,SS Cottrell,0,0,,,,,,,,,
857727,2015,2015-07-04,"Warner Park, Basseterre",2,3.5,Jamaica Tallawahs,St Kitts and Nevis Patriots,CA Lynn,DPMD Jayawardene,SS Cottrell,0,0,,,,,,,,,
857727,2015,2015-07-04,"Warner Park, Basseterre",2,3.6,Jamaica Tallawahs,St Kitts and Nevis Patriots,CA Lynn,DPMD Jayawardene,SS Cottrell,0,0,,,,,,,,,
857727,2015,2015-07-04,"Warner Park, Basseterre",2,4.1,Jamaica Tallawahs,St Kitts and Nevis Patriots,DPMD Jayawardene,CA Lynn,CR Brathwaite,0,1,1,,,,,,,,
857727,2015,2015-07-04,"Warner Park, Basseterre",2,4.2,Jamaica Tallawahs,St Kitts and Nevis Patriots,DPMD Jayawardene,CA Lynn,CR Brathwaite,1,0,,,,,,,,,
857727,2015,2015-07-04,"Warner Park, Basseterre",2,4.3,Jamaica Tallawahs,St Kitts and Nevis Patriots,CA Lynn,DPMD Jayawardene,CR Brathwaite,0,0,,,,,,,,,
857727,2015,2015-07-04,"Warner Park, Basseterre",2,4.4,Jamaica Tallawahs,St Kitts and Nevis Patriots,CA Lynn,DPMD Jayawardene,CR Brathwaite,6,0,,,,,,,,,
857727,2015,2015-07-04,"Warner Park, Basseterre",2,4.5,Jamaica Tallawahs,St Kitts and Nevis Patriots,CA Lynn,DPMD Jayawardene,CR Brathwaite,1,0,,,,,,,,,
857727,2015,2015-07-04,"Warner Park, Basseterre",2,4.6,Jamaica Tallawahs,St Kitts and Nevis Patriots,DPMD Jayawardene,CA Lynn,CR Brathwaite,0,0,,,,,,,,,
857727,2015,2015-07-04,"Warner Park, Basseterre",2,4.7,Jamaica Tallawahs,St Kitts and Nevis Patriots,DPMD Jayawardene,CA Lynn,CR Brathwaite,4,0,,,,,,,,,
857727,2015,2015-07-04,"Warner Park, Basseterre",2,5.1,Jamaica Tallawahs,St Kitts and Nevis Patriots,CA Lynn,DPMD Jayawardene,SS Cottrell,0,0,,,,,,,,,
857727,2015,2015-07-04,"Warner Park, Basseterre",2,5.2,Jamaica Tallawahs,St Kitts and Nevis Patriots,CA Lynn,DPMD Jayawardene,SS Cottrell,1,0,,,,,,,,,
857727,2015,2015-07-04,"Warner Park, Basseterre",2,5.3,Jamaica Tallawahs,St Kitts and Nevis Patriots,DPMD Jayawardene,CA Lynn,SS Cottrell,0,0,,,,,,,,,
857727,2015,2015-07-04,"Warner Park, Basseterre",2,5.4,Jamaica Tallawahs,St Kitts and Nevis Patriots,DPMD Jayawardene,CA Lynn,SS Cottrell,0,0,,,,,,,,,
857727,2015,2015-07-04,"Warner Park, Basseterre",2,5.5,Jamaica Tallawahs,St Kitts and Nevis Patriots,DPMD Jayawardene,CA Lynn,SS Cottrell,0,0,,,,,,,,,
857727,2015,2015-07-04,"Warner Park, Basseterre",2,5.6,Jamaica Tallawahs,St Kitts and Nevis Patriots,DPMD Jayawardene,CA Lynn,SS Cottrell,1,0,,,,,,,,,
857727,2015,2015-07-04,"Warner Park, Basseterre",2,6.1,Jamaica Tallawahs,St Kitts and Nevis Patriots,DPMD Jayawardene,CA Lynn,Shahid Afridi,1,0,,,,,,,,,
857727,2015,2015-07-04,"Warner Park, Basseterre",2,6.2,Jamaica Tallawahs,St Kitts and Nevis Patriots,CA Lynn,DPMD Jayawardene,Shahid Afridi,1,0,,,,,,,,,
857727,2015,2015-07-04,"Warner Park, Basseterre",2,6.3,Jamaica Tallawahs,St Kitts and Nevis Patriots,DPMD Jayawardene,CA Lynn,Shahid Afridi,1,0,,,,,,,,,
857727,2015,2015-07-04,"Warner Park, Basseterre",2,6.4,Jamaica Tallawahs,St Kitts and Nevis Patriots,CA Lynn,DPMD Jayawardene,Shahid Afridi,1,0,,,,,,,,,
857727,2015,2015-07-04,"Warner Park, Basseterre",2,6.5,Jamaica Tallawahs,St Kitts and Nevis Patriots,DPMD Jayawardene,CA Lynn,Shahid Afridi,0,0,,,,,,,,,
857727,2015,2015-07-04,"Warner Park, Basseterre",2,6.6,Jamaica Tallawahs,St Kitts and Nevis Patriots,DPMD Jayawardene,CA Lynn,Shahid Afridi,1,0,,,,,,,,,
857727,2015,2015-07-04,"Warner Park, Basseterre",2,7.1,Jamaica Tallawahs,St Kitts and Nevis Patriots,DPMD Jayawardene,CA Lynn,CR Brathwaite,1,0,,,,,,run out,DPMD Jayawardene,,
857727,2015,2015-07-04,"Warner Park, Basseterre",2,7.2,Jamaica Tallawahs,St Kitts and Nevis Patriots,AD Russell,CA Lynn,CR Brathwaite,0,1,,,,1,,,,,
857727,2015,2015-07-04,"Warner Park, Basseterre",2,7.3,Jamaica Tallawahs,St Kitts and Nevis Patriots,CA Lynn,AD Russell,CR Brathwaite,0,0,,,,,,,,,
857727,2015,2015-07-04,"Warner Park, Basseterre",2,7.4,Jamaica Tallawahs,St Kitts and Nevis Patriots,CA Lynn,AD Russell,CR Brathwaite,0,0,,,,,,,,,
857727,2015,2015-07-04,"Warner Park, Basseterre",2,7.5,Jamaica Tallawahs,St Kitts and Nevis Patriots,CA Lynn,AD Russell,CR Brathwaite,4,0,,,,,,,,,
857727,2015,2015-07-04,"Warner Park, Basseterre",2,7.6,Jamaica Tallawahs,St Kitts and Nevis Patriots,CA Lynn,AD Russell,CR Brathwaite,1,0,,,,,,,,,
857727,2015,2015-07-04,"Warner Park, Basseterre",2,8.1,Jamaica Tallawahs,St Kitts and Nevis Patriots,CA Lynn,AD Russell,SS Cottrell,0,0,,,,,,,,,
857727,2015,2015-07-04,"Warner Park, Basseterre",2,8.2,Jamaica Tallawahs,St Kitts and Nevis Patriots,CA Lynn,AD Russell,SS Cottrell,1,0,,,,,,,,,
857727,2015,2015-07-04,"Warner Park, Basseterre",2,8.3,Jamaica Tallawahs,St Kitts and Nevis Patriots,AD Russell,CA Lynn,SS Cottrell,1,0,,,,,,,,,
857727,2015,2015-07-04,"Warner Park, Basseterre",2,8.4,Jamaica Tallawahs,St Kitts and Nevis Patriots,CA Lynn,AD Russell,SS Cottrell,0,0,,,,,,,,,
857727,2015,2015-07-04,"Warner Park, Basseterre",2,8.5,Jamaica Tallawahs,St Kitts and Nevis Patriots,CA Lynn,AD Russell,SS Cottrell,0,0,,,,,,caught,CA Lynn,,
857727,2015,2015-07-04,"Warner Park, Basseterre",2,8.6,Jamaica Tallawahs,St Kitts and Nevis Patriots,H Miller,AD Russell,SS Cottrell,1,0,,,,,,,,,
857727,2015,2015-07-04,"Warner Park, Basseterre",2,9.1,Jamaica Tallawahs,St Kitts and Nevis Patriots,H Miller,AD Russell,T Shamsi,0,0,,,,,,,,,
857727,2015,2015-07-04,"Warner Park, Basseterre",2,9.2,Jamaica Tallawahs,St Kitts and Nevis Patriots,H Miller,AD Russell,T Shamsi,1,0,,,,,,,,,
857727,2015,2015-07-04,"Warner Park, Basseterre",2,9.3,Jamaica Tallawahs,St Kitts and Nevis Patriots,AD Russell,H Miller,T Shamsi,0,0,,,,,,,,,
857727,2015,2015-07-04,"Warner Park, Basseterre",2,9.4,Jamaica Tallawahs,St Kitts and Nevis Patriots,AD Russell,H Miller,T Shamsi,0,1,1,,,,,,,,
857727,2015,2015-07-04,"Warner Park, Basseterre",2,9.5,Jamaica Tallawahs,St Kitts and Nevis Patriots,AD Russell,H Miller,T Shamsi,1,0,,,,,,,,,
857727,2015,2015-07-04,"Warner Park, Basseterre",2,9.6,Jamaica Tallawahs,St Kitts and Nevis Patriots,H Miller,AD Russell,T Shamsi,0,0,,,,,,bowled,H Miller,,
857727,2015,2015-07-04,"Warner Park, Basseterre",2,9.7,Jamaica Tallawahs,St Kitts and Nevis Patriots,DL Vettori,AD Russell,T Shamsi,1,0,,,,,,,,,
857727,2015,2015-07-04,"Warner Park, Basseterre",2,10.1,Jamaica Tallawahs,St Kitts and Nevis Patriots,DL Vettori,AD Russell,Shahid Afridi,0,0,,,,,,,,,
857727,2015,2015-07-04,"Warner Park, Basseterre",2,10.2,Jamaica Tallawahs,St Kitts and Nevis Patriots,DL Vettori,AD Russell,Shahid Afridi,0,0,,,,,,,,,
857727,2015,2015-07-04,"Warner Park, Basseterre",2,10.3,Jamaica Tallawahs,St Kitts and Nevis Patriots,DL Vettori,AD Russell,Shahid Afridi,0,0,,,,,,,,,
857727,2015,2015-07-04,"Warner Park, Basseterre",2,10.4,Jamaica Tallawahs,St Kitts and Nevis Patriots,DL Vettori,AD Russell,Shahid Afridi,0,0,,,,,,caught,DL Vettori,,
857727,2015,2015-07-04,"Warner Park, Basseterre",2,10.5,Jamaica Tallawahs,St Kitts and Nevis Patriots,AD Russell,J Theron,Shahid Afridi,0,0,,,,,,,,,
857727,2015,2015-07-04,"Warner Park, Basseterre",2,10.6,Jamaica Tallawahs,St Kitts and Nevis Patriots,AD Russell,J Theron,Shahid Afridi,0,0,,,,,,,,,
857727,2015,2015-07-04,"Warner Park, Basseterre",2,11.1,Jamaica Tallawahs,St Kitts and Nevis Patriots,J Theron,AD Russell,T Shamsi,0,0,,,,,,,,,
857727,2015,2015-07-04,"Warner Park, Basseterre",2,11.2,Jamaica Tallawahs,St Kitts and Nevis Patriots,J Theron,AD Russell,T Shamsi,1,0,,,,,,,,,
857727,2015,2015-07-04,"Warner Park, Basseterre",2,11.3,Jamaica Tallawahs,St Kitts and Nevis Patriots,AD Russell,J Theron,T Shamsi,4,0,,,,,,,,,
857727,2015,2015-07-04,"Warner Park, Basseterre",2,11.4,Jamaica Tallawahs,St Kitts and Nevis Patriots,AD Russell,J Theron,T Shamsi,1,0,,,,,,,,,
857727,2015,2015-07-04,"Warner Park, Basseterre",2,11.5,Jamaica Tallawahs,St Kitts and Nevis Patriots,J Theron,AD Russell,T Shamsi,0,0,,,,,,,,,
857727,2015,2015-07-04,"Warner Park, Basseterre",2,11.6,Jamaica Tallawahs,St Kitts and Nevis Patriots,J Theron,AD Russell,T Shamsi,0,0,,,,,,stumped,J Theron,,
857727,2015,2015-07-04,"Warner Park, Basseterre",2,12.1,Jamaica Tallawahs,St Kitts and Nevis Patriots,AD Russell,JE Taylor,Shahid Afridi,1,0,,,,,,,,,
857727,2015,2015-07-04,"Warner Park, Basseterre",2,12.2,Jamaica Tallawahs,St Kitts and Nevis Patriots,JE Taylor,AD Russell,Shahid Afridi,0,0,,,,,,,,,
857727,2015,2015-07-04,"Warner Park, Basseterre",2,12.3,Jamaica Tallawahs,St Kitts and Nevis Patriots,JE Taylor,AD Russell,Shahid Afridi,0,0,,,,,,,,,
857727,2015,2015-07-04,"Warner Park, Basseterre",2,12.4,Jamaica Tallawahs,St Kitts and Nevis Patriots,JE Taylor,AD Russell,Shahid Afridi,0,0,,,,,,caught,JE Taylor,,
857727,2015,2015-07-04,"Warner Park, Basseterre",2,12.5,Jamaica Tallawahs,St Kitts and Nevis Patriots,AD Russell,K Santokie,Shahid Afridi,0,0,,,,,,,,,
857727,2015,2015-07-04,"Warner Park, Basseterre",2,12.6,Jamaica Tallawahs,St Kitts and Nevis Patriots,AD Russell,K Santokie,Shahid Afridi,0,0,,,,,,,,,
857727,2015,2015-07-04,"Warner Park, Basseterre",2,13.1,Jamaica Tallawahs,St Kitts and Nevis Patriots,K Santokie,AD Russell,T Shamsi,0,0,,,,,,,,,
857727,2015,2015-07-04,"Warner Park, Basseterre",2,13.2,Jamaica Tallawahs,St Kitts and Nevis Patriots,K Santokie,AD Russell,T Shamsi,0,0,,,,,,,,,
857727,2015,2015-07-04,"Warner Park, Basseterre",2,13.3,Jamaica Tallawahs,St Kitts and Nevis Patriots,K Santokie,AD Russell,T Shamsi,1,0,,,,,,,,,
857727,2015,2015-07-04,"Warner Park, Basseterre",2,13.4,Jamaica Tallawahs,St Kitts and Nevis Patriots,AD Russell,K Santokie,T Shamsi,6,0,,,,,,,,,
857727,2015,2015-07-04,"Warner Park, Basseterre",2,13.5,Jamaica Tallawahs,St Kitts and Nevis Patriots,AD Russell,K Santokie,T Shamsi,4,0,,,,,,,,,
857727,2015,2015-07-04,"Warner Park, Basseterre",2,13.6,Jamaica Tallawahs,St Kitts and Nevis Patriots,AD Russell,K Santokie,T Shamsi,0,0,,,,,,lbw,AD Russell,,
857727,2015,2015-07-04,"Warner Park, Basseterre",2,14.1,Jamaica Tallawahs,St Kitts and Nevis Patriots,K Santokie,NO Miller,Shahid Afridi,0,0,,,,,,,,,
857727,2015,2015-07-04,"Warner Park, Basseterre",2,14.2,Jamaica Tallawahs,St Kitts and Nevis Patriots,K Santokie,NO Miller,Shahid Afridi,1,0,,,,,,,,,
857727,2015,2015-07-04,"Warner Park, Basseterre",2,14.3,Jamaica Tallawahs,St Kitts and Nevis Patriots,NO Miller,K Santokie,Shahid Afridi,0,0,,,,,,,,,
857727,2015,2015-07-04,"Warner Park, Basseterre",2,14.4,Jamaica Tallawahs,St Kitts and Nevis Patriots,NO Miller,K Santokie,Shahid Afridi,0,0,,,,,,,,,
857727,2015,2015-07-04,"Warner Park, Basseterre",2,14.5,Jamaica Tallawahs,St Kitts and Nevis Patriots,NO Miller,K Santokie,Shahid Afridi,0,1,1,,,,,,,,
857727,2015,2015-07-04,"Warner Park, Basseterre",2,14.6,Jamaica Tallawahs,St Kitts and Nevis Patriots,NO Miller,K Santokie,Shahid Afridi,1,0,,,,,,,,,
857727,2015,2015-07-04,"Warner Park, Basseterre",2,14.7,Jamaica Tallawahs,St Kitts and Nevis Patriots,K Santokie,NO Miller,Shahid Afridi,1,0,,,,,,,,,
857727,2015,2015-07-04,"Warner Park, Basseterre",2,15.1,Jamaica Tallawahs,St Kitts and Nevis Patriots,K Santokie,NO Miller,T Shamsi,0,0,,,,,,,,,
857727,2015,2015-07-04,"Warner Park, Basseterre",2,15.2,Jamaica Tallawahs,St Kitts and Nevis Patriots,K Santokie,NO Miller,T Shamsi,1,0,,,,,,,,,
857727,2015,2015-07-04,"Warner Park, Basseterre",2,15.3,Jamaica Tallawahs,St Kitts and Nevis Patriots,NO Miller,K Santokie,T Shamsi,1,0,,,,,,,,,
857727,2015,2015-07-04,"Warner Park, Basseterre",2,15.4,Jamaica Tallawahs,St Kitts and Nevis Patriots,K Santokie,NO Miller,T Shamsi,0,0,,,,,,,,,
857727,2015,2015-07-04,"Warner Park, Basseterre",2,15.5,Jamaica Tallawahs,St Kitts and Nevis Patriots,K Santokie,NO Miller,T Shamsi,0,0,,,,,,,,,
857727,2015,2015-07-04,"Warner Park, Basseterre",2,15.6,Jamaica Tallawahs,St Kitts and Nevis Patriots,K Santokie,NO Miller,T Shamsi,0,0,,,,,,bowled,K Santokie,,
