match_id,season,start_date,venue,innings,ball,batting_team,bowling_team,striker,non_striker,bowler,runs_off_bat,extras,wides,noballs,byes,legbyes,penalty,wicket_type,player_dismissed,other_wicket_type,other_player_dismissed
1381366,2023,2023-07-16,Grand Prairie Stadium,1,0.1,MI New York,Los Angeles Knight Riders,D Brevis,Shayan Jahangir,LH Ferguson,4,0,,,,,,,,,
1381366,2023,2023-07-16,Grand Prairie Stadium,1,0.2,MI New York,Los Angeles Knight Riders,D Brevis,Shayan Jahangir,LH Ferguson,0,4,,,,4,,,,,
1381366,2023,2023-07-16,Grand Prairie Stadium,1,0.3,MI New York,Los Angeles Knight Riders,D Brevis,Shayan Jahangir,LH Ferguson,0,0,,,,,,,,,
1381366,2023,2023-07-16,Grand Prairie Stadium,1,0.4,MI New York,Los Angeles Knight Riders,D Brevis,Shayan Jahangir,LH Ferguson,6,0,,,,,,,,,
1381366,2023,2023-07-16,Grand Prairie Stadium,1,0.5,MI New York,Los Angeles Knight Riders,D Brevis,Shayan Jahangir,LH Ferguson,1,0,,,,,,,,,
1381366,2023,2023-07-16,Grand Prairie Stadium,1,0.6,MI New York,Los Angeles Knight Riders,Shayan Jahangir,D Brevis,LH Ferguson,0,1,,,,1,,,,,
1381366,2023,2023-07-16,Grand Prairie Stadium,1,1.1,MI New York,Los Angeles Knight Riders,Shayan Jahangir,D Brevis,Ali Khan,0,0,,,,,,,,,
1381366,2023,2023-07-16,Grand Prairie Stadium,1,1.2,MI New York,Los Angeles Knight Riders,Shayan Jahangir,D Brevis,Ali Khan,0,0,,,,,,,,,
1381366,2023,2023-07-16,Grand Prairie Stadium,1,1.3,MI New York,Los Angeles Knight Riders,Shayan Jahangir,D Brevis,Ali Khan,0,0,,,,,,,,,
1381366,2023,2023-07-16,Grand Prairie Stadium,1,1.4,MI New York,Los Angeles Knight Riders,Shayan Jahangir,D Brevis,Ali Khan,0,1,1,,,,,,,,
1381366,2023,2023-07-16,Grand Prairie Stadium,1,1.5,MI New York,Los Angeles Knight Riders,Shayan Jahangir,D Brevis,Ali Khan,2,0,,,,,,,,,
1381366,2023,2023-07-16,Grand Prairie Stadium,1,1.6,MI New York,Los Angeles Knight Riders,Shayan Jahangir,D Brevis,Ali Khan,1,0,,,,,,,,,
1381366,2023,2023-07-16,Grand Prairie Stadium,1,1.7,MI New York,Los Angeles Knight Riders,D Brevis,Shayan Jahangir,Ali Khan,4,0,,,,,,,,,
1381366,2023,2023-07-16,Grand Prairie Stadium,1,2.1,MI New York,Los Angeles Knight Riders,Shayan Jahangir,D Brevis,CA Dry,1,0,,,,,,,,,
1381366,2023,2023-07-16,Grand Prairie Stadium,1,2.2,MI New York,Los Angeles Knight Riders,D Brevis,Shayan Jahangir,CA Dry,0,0,,,,,,lbw,D Brevis,,
1381366,2023,2023-07-16,Grand Prairie Stadium,1,2.3,MI New York,Los Angeles Knight Riders,MD Patel,Shayan Jahangir,CA Dry,0,0,,,,,,,,,
1381366,2023,2023-07-16,Grand Prairie Stadium,1,2.4,MI New York,Los Angeles Knight Riders,MD Patel,Shayan Jahangir,CA Dry,0,0,,,,,,,,,
1381366,2023,2023-07-16,Grand Prairie Stadium,1,2.5,MI New York,Los Angeles Knight Riders,MD Patel,Shayan Jahangir,CA Dry,2,0,,,,,,,,,
1381366,2023,2023-07-16,Grand Prairie Stadium,1,2.6,MI New York,Los Angeles Knight Riders,MD Patel,Shayan Jahangir,CA Dry,0,0,,,,,,,,,
1381366,2023,2023-07-16,Grand Prairie Stadium,1,3.1,MI New York,Los Angeles Knight Riders,Shayan Jahangir,MD Patel,Ali Khan,0,0,,,,,,bowled,Shayan Jahangir,,
1381366,2023,2023-07-16,Grand Prairie Stadium,1,3.2,MI New York,Los Angeles Knight Riders,Hammad Azam,MD Patel,Ali Khan,0,0,,,,,,,,,
1381366,2023,2023-07-16,Grand Prairie Stadium,1,3.3,MI New York,Los Angeles Knight Riders,Hammad Azam,MD Patel,Ali Khan,0,0,,,,,,,,,
1381366,2023,2023-07-16,Grand Prairie Stadium,1,3.4,MI New York,Los Angeles Knight Riders,Hammad Azam,MD Patel,Ali Khan,4,0,,,,,,,,,
1381366,2023,2023-07-16,Grand Prairie Stadium,1,3.5,MI New York,Los Angeles Knight Riders,Hammad Azam,MD Patel,Ali Khan,0,4,,,,4,,,,,
1381366,2023,2023-07-16,Grand Prairie Stadium,1,3.6,MI New York,Los Angeles Knight Riders,Hammad Azam,MD Patel,Ali Khan,0,0,,,,,,,,,
1381366,2023,2023-07-16,Grand Prairie Stadium,1,4.1,MI New York,Los Angeles Knight Riders,MD Patel,Hammad Azam,CA Dry,2,0,,,,,,,,,
1381366,2023,2023-07-16,Grand Prairie Stadium,1,4.2,MI New York,Los Angeles Knight Riders,MD Patel,Hammad Azam,CA Dry,0,0,,,,,,,,,
1381366,2023,2023-07-16,Grand Prairie Stadium,1,4.3,MI New York,Los Angeles Knight Riders,MD Patel,Hammad Azam,CA Dry,0,0,,,,,,caught,MD Patel,,
1381366,2023,2023-07-16,Grand Prairie Stadium,1,4.4,MI New York,Los Angeles Knight Riders,N Pooran,Hammad Azam,CA Dry,0,0,,,,,,,,,
1381366,2023,2023-07-16,Grand Prairie Stadium,1,4.5,MI New York,Los Angeles Knight Riders,N Pooran,Hammad Azam,CA Dry,4,0,,,,,,,,,
1381366,2023,2023-07-16,Grand Prairie Stadium,1,4.6,MI New York,Los Angeles Knight Riders,N Pooran,Hammad Azam,CA Dry,1,0,,,,,,,,,
1381366,2023,2023-07-16,Grand Prairie Stadium,1,5.1,MI New York,Los Angeles Knight Riders,N Pooran,Hammad Azam,LH Ferguson,0,0,,,,,,,,,
1381366,2023,2023-07-16,Grand Prairie Stadium,1,5.2,MI New York,Los Angeles Knight Riders,N Pooran,Hammad Azam,LH Ferguson,0,0,,,,,,,,,
1381366,2023,2023-07-16,Grand Prairie Stadium,1,5.3,MI New York,Los Angeles Knight Riders,N Pooran,Hammad Azam,LH Ferguson,1,0,,,,,,,,,
1381366,2023,2023-07-16,Grand Prairie Stadium,1,5.4,MI New York,Los Angeles Knight Riders,Hammad Azam,N Pooran,LH Ferguson,0,0,,,,,,,,,
1381366,2023,2023-07-16,Grand Prairie Stadium,1,5.5,MI New York,Los Angeles Knight Riders,Hammad Azam,N Pooran,LH Ferguson,0,0,,,,,,,,,
1381366,2023,2023-07-16,Grand Prairie Stadium,1,5.6,MI New York,Los Angeles Knight Riders,Hammad Azam,N Pooran,LH Ferguson,0,0,,,,,,,,,
1381366,2023,2023-07-16,Grand Prairie Stadium,1,6.1,MI New York,Los Angeles Knight Riders,N Pooran,Hammad Azam,A Zampa,0,1,,,,1,,,,,
1381366,2023,2023-07-16,Grand Prairie Stadium,1,6.2,MI New York,Los Angeles Knight Riders,Hammad Azam,N Pooran,A Zampa,1,0,,,,,,,,,
1381366,2023,2023-07-16,Grand Prairie Stadium,1,6.3,MI New York,Los Angeles Knight Riders,N Pooran,Hammad Azam,A Zampa,1,0,,,,,,,,,
1381366,2023,2023-07-16,Grand Prairie Stadium,1,6.4,MI New York,Los Angeles Knight Riders,Hammad Azam,N Pooran,A Zampa,0,0,,,,,,,,,
1381366,2023,2023-07-16,Grand Prairie Stadium,1,6.5,MI New York,Los Angeles Knight Riders,Hammad Azam,N Pooran,A Zampa,1,0,,,,,,,,,
1381366,2023,2023-07-16,Grand Prairie Stadium,1,6.6,MI New York,Los Angeles Knight Riders,N Pooran,Hammad Azam,A Zampa,2,0,,,,,,,,,
1381366,2023,2023-07-16,Grand Prairie Stadium,1,7.1,MI New York,Los Angeles Knight Riders,Hammad Azam,N Pooran,SP Narine,1,0,,,,,,,,,
1381366,2023,2023-07-16,Grand Prairie Stadium,1,7.2,MI New York,Los Angeles Knight Riders,N Pooran,Hammad Azam,SP Narine,0,0,,,,,,,,,
1381366,2023,2023-07-16,Grand Prairie Stadium,1,7.3,MI New York,Los Angeles Knight Riders,N Pooran,Hammad Azam,SP Narine,1,0,,,,,,,,,
1381366,2023,2023-07-16,Grand Prairie Stadium,1,7.4,MI New York,Los Angeles Knight Riders,Hammad Azam,N Pooran,SP Narine,0,0,,,,,,,,,
1381366,2023,2023-07-16,Grand Prairie Stadium,1,7.5,MI New York,Los Angeles Knight Riders,Hammad Azam,N Pooran,SP Narine,0,0,,,,,,,,,
1381366,2023,2023-07-16,Grand Prairie Stadium,1,7.6,MI New York,Los Angeles Knight Riders,Hammad Azam,N Pooran,SP Narine,0,0,,,,,,,,,
1381366,2023,2023-07-16,Grand Prairie Stadium,1,8.1,MI New York,Los Angeles Knight Riders,N Pooran,Hammad Azam,A Zampa,1,0,,,,,,,,,
1381366,2023,2023-07-16,Grand Prairie Stadium,1,8.2,MI New York,Los Angeles Knight Riders,Hammad Azam,N Pooran,A Zampa,1,0,,,,,,,,,
1381366,2023,2023-07-16,Grand Prairie Stadium,1,8.3,MI New York,Los Angeles Knight Riders,N Pooran,Hammad Azam,A Zampa,1,0,,,,,,,,,
1381366,2023,2023-07-16,Grand Prairie Stadium,1,8.4,MI New York,Los Angeles Knight Riders,Hammad Azam,N Pooran,A Zampa,0,0,,,,,,lbw,Hammad Azam,,
1381366,2023,2023-07-16,Grand Prairie Stadium,1,8.5,MI New York,Los Angeles Knight Riders,KA Pollard,N Pooran,A Zampa,0,0,,,,,,,,,
1381366,2023,2023-07-16,Grand Prairie Stadium,1,8.6,MI New York,Los Angeles Knight Riders,KA Pollard,N Pooran,A Zampa,0,5,5,,,,,,,,
1381366,2023,2023-07-16,Grand Prairie Stadium,1,8.7,MI New York,Los Angeles Knight Riders,KA Pollard,N Pooran,A Zampa,0,0,,,,,,,,,
1381366,2023,2023-07-16,Grand Prairie Stadium,1,9.1,MI New York,Los Angeles Knight Riders,N Pooran,KA Pollard,SP Narine,0,0,,,,,,,,,
1381366,2023,2023-07-16,Grand Prairie Stadium,1,9.2,MI New York,Los Angeles Knight Riders,N Pooran,KA Pollard,SP Narine,2,0,,,,,,,,,
1381366,2023,2023-07-16,Grand Prairie Stadium,1,9.3,MI New York,Los Angeles Knight Riders,N Pooran,KA Pollard,SP Narine,1,0,,,,,,,,,
1381366,2023,2023-07-16,Grand Prairie Stadium,1,9.4,MI New York,Los Angeles Knight Riders,KA Pollard,N Pooran,SP Narine,1,0,,,,,,,,,
1381366,2023,2023-07-16,Grand Prairie Stadium,1,9.5,MI New York,Los Angeles Knight Riders,N Pooran,KA Pollard,SP Narine,0,0,,,,,,,,,
1381366,2023,2023-07-16,Grand Prairie Stadium,1,9.6,MI New York,Los Angeles Knight Riders,N Pooran,KA Pollard,SP Narine,0,0,,,,,,,,,
1381366,2023,2023-07-16,Grand Prairie Stadium,1,10.1,MI New York,Los Angeles Knight Riders,KA Pollard,N Pooran,A Zampa,1,0,,,,,,,,,
1381366,2023,2023-07-16,Grand Prairie Stadium,1,10.2,MI New York,Los Angeles Knight Riders,N Pooran,KA Pollard,A Zampa,1,0,,,,,,,,,
1381366,2023,2023-07-16,Grand Prairie Stadium,1,10.3,MI New York,Los Angeles Knight Riders,KA Pollard,N Pooran,A Zampa,0,0,,,,,,,,,
1381366,2023,2023-07-16,Grand Prairie Stadium,1,10.4,MI New York,Los Angeles Knight Riders,KA Pollard,N Pooran,A Zampa,1,0,,,,,,,,,
1381366,2023,2023-07-16,Grand Prairie Stadium,1,10.5,MI New York,Los Angeles Knight Riders,N Pooran,KA Pollard,A Zampa,6,0,,,,,,,,,
1381366,2023,2023-07-16,Grand Prairie Stadium,1,10.6,MI New York,Los Angeles Knight Riders,N Pooran,KA Pollard,A Zampa,0,0,,,,,,,,,
1381366,2023,2023-07-16,Grand Prairie Stadium,1,11.1,MI New York,Los Angeles Knight Riders,KA Pollard,N Pooran,SP Narine,1,0,,,,,,,,,
1381366,2023,2023-07-16,Grand Prairie Stadium,1,11.2,MI New York,Los Angeles Knight Riders,N Pooran,KA Pollard,SP Narine,1,0,,,,,,,,,
1381366,2023,2023-07-16,Grand Prairie Stadium,1,11.3,MI New York,Los Angeles Knight Riders,KA Pollard,N Pooran,SP Narine,1,0,,,,,,,,,
1381366,2023,2023-07-16,Grand Prairie Stadium,1,11.4,MI New York,Los Angeles Knight Riders,N Pooran,KA Pollard,SP Narine,0,0,,,,,,,,,
1381366,2023,2023-07-16,Grand Prairie Stadium,1,11.5,MI New York,Los Angeles Knight Riders,N Pooran,KA Pollard,SP Narine,0,0,,,,,,,,,
1381366,2023,2023-07-16,Grand Prairie Stadium,1,11.6,MI New York,Los Angeles Knight Riders,N Pooran,KA Pollard,SP Narine,2,0,,,,,,,,,
1381366,2023,2023-07-16,Grand Prairie Stadium,1,12.1,MI New York,Los Angeles Knight Riders,KA Pollard,N Pooran,A Zampa,0,0,,,,,,bowled,KA Pollard,,
1381366,2023,2023-07-16,Grand Prairie Stadium,1,12.2,MI New York,Los Angeles Knight Riders,TH David,N Pooran,A Zampa,0,0,,,,,,,,,
1381366,2023,2023-07-16,Grand Prairie Stadium,1,12.3,MI New York,Los Angeles Knight Riders,TH David,N Pooran,A Zampa,1,0,,,,,,,,,
1381366,2023,2023-07-16,Grand Prairie Stadium,1,12.4,MI New York,Los Angeles Knight Riders,N Pooran,TH David,A Zampa,1,0,,,,,,,,,
1381366,2023,2023-07-16,Grand Prairie Stadium,1,12.5,MI New York,Los Angeles Knight Riders,TH David,N Pooran,A Zampa,0,0,,,,,,,,,
1381366,2023,2023-07-16,Grand Prairie Stadium,1,12.6,MI New York,Los Angeles Knight Riders,TH David,N Pooran,A Zampa,1,0,,,,,,,,,
1381366,2023,2023-07-16,Grand Prairie Stadium,1,13.1,MI New York,Los Angeles Knight Riders,TH David,N Pooran,SP Narine,1,0,,,,,,,,,
1381366,2023,2023-07-16,Grand Prairie Stadium,1,13.2,MI New York,Los Angeles Knight Riders,N Pooran,TH David,SP Narine,0,0,,,,,,,,,
1381366,2023,2023-07-16,Grand Prairie Stadium,1,13.3,MI New York,Los Angeles Knight Riders,N Pooran,TH David,SP Narine,1,0,,,,,,,,,
1381366,2023,2023-07-16,Grand Prairie Stadium,1,13.4,MI New York,Los Angeles Knight Riders,TH David,N Pooran,SP Narine,1,0,,,,,,,,,
1381366,2023,2023-07-16,Grand Prairie Stadium,1,13.5,MI New York,Los Angeles Knight Riders,N Pooran,TH David,SP Narine,0,0,,,,,,,,,
1381366,2023,2023-07-16,Grand Prairie Stadium,1,13.6,MI New York,Los Angeles Knight Riders,N Pooran,TH David,SP Narine,1,0,,,,,,,,,
1381366,2023,2023-07-16,Grand Prairie Stadium,1,14.1,MI New York,Los Angeles Knight Riders,N Pooran,TH David,AD Russell,6,0,,,,,,,,,
1381366,2023,2023-07-16,Grand Prairie Stadium,1,14.2,MI New York,Los Angeles Knight Riders,N Pooran,TH David,AD Russell,0,0,,,,,,,,,
1381366,2023,2023-07-16,Grand Prairie Stadium,1,14.3,MI New York,Los Angeles Knight Riders,N Pooran,TH David,AD Russell,0,0,,,,,,,,,
1381366,2023,2023-07-16,Grand Prairie Stadium,1,14.4,MI New York,Los Angeles Knight Riders,N Pooran,TH David,AD Russell,1,0,,,,,,,,,
1381366,2023,2023-07-16,Grand Prairie Stadium,1,14.5,MI New York,Los Angeles Knight Riders,TH David,N Pooran,AD Russell,1,0,,,,,,,,,
1381366,2023,2023-07-16,Grand Prairie Stadium,1,14.6,MI New York,Los Angeles Knight Riders,N Pooran,TH David,AD Russell,1,0,,,,,,,,,
1381366,2023,2023-07-16,Grand Prairie Stadium,1,15.1,MI New York,Los Angeles Knight Riders,N Pooran,TH David,Ali Khan,2,0,,,,,,,,,
1381366,2023,2023-07-16,Grand Prairie Stadium,1,15.2,MI New York,Los Angeles Knight Riders,N Pooran,TH David,Ali Khan,0,0,,,,,,caught,N Pooran,,
1381366,2023,2023-07-16,Grand Prairie Stadium,1,15.3,MI New York,Los Angeles Knight Riders,K Rabada,TH David,Ali Khan,0,0,,,,,,,,,
1381366,2023,2023-07-16,Grand Prairie Stadium,1,15.4,MI New York,Los Angeles Knight Riders,K Rabada,TH David,Ali Khan,0,1,1,,,,,,,,
1381366,2023,2023-07-16,Grand Prairie Stadium,1,15.5,MI New York,Los Angeles Knight Riders,K Rabada,TH David,Ali Khan,0,0,,,,,,,,,
1381366,2023,2023-07-16,Grand Prairie Stadium,1,15.6,MI New York,Los Angeles Knight Riders,K Rabada,TH David,Ali Khan,0,0,,,,,,,,,
1381366,2023,2023-07-16,Grand Prairie Stadium,1,15.7,MI New York,Los Angeles Knight Riders,K Rabada,TH David,Ali Khan,1,0,,,,,,,,,
1381366,2023,2023-07-16,Grand Prairie Stadium,1,16.1,MI New York,Los Angeles Knight Riders,K Rabada,TH David,LH Ferguson,0,0,,,,,,,,,
1381366,2023,2023-07-16,Grand Prairie Stadium,1,16.2,MI New York,Los Angeles Knight Riders,K Rabada,TH David,LH Ferguson,0,0,,,,,,run out,K Rabada,,
1381366,2023,2023-07-16,Grand Prairie Stadium,1,16.3,MI New York,Los Angeles Knight Riders,TH David,NP Kenjige,LH Ferguson,4,0,,,,,,,,,
1381366,2023,2023-07-16,Grand Prairie Stadium,1,16.4,MI New York,Los Angeles Knight Riders,TH David,NP Kenjige,LH Ferguson,0,1,1,,,,,,,,
1381366,2023,2023-07-16,Grand Prairie Stadium,1,16.5,MI New York,Los Angeles Knight Riders,TH David,NP Kenjige,LH Ferguson,0,1,1,,,,,,,,
1381366,2023,2023-07-16,Grand Prairie Stadium,1,16.6,MI New York,Los Angeles Knight Riders,TH David,NP Kenjige,LH Ferguson,0,0,,,,,,,,,
1381366,2023,2023-07-16,Grand Prairie Stadium,1,16.7,MI New York,Los Angeles Knight Riders,TH David,NP Kenjige,LH Ferguson,0,1,1,,,,,,,,
1381366,2023,2023-07-16,Grand Prairie Stadium,1,16.8,MI New York,Los Angeles Knight Riders,TH David,NP Kenjige,LH Ferguson,0,0,,,,,,,,,
1381366,2023,2023-07-16,Grand Prairie Stadium,1,16.9,MI New York,Los Angeles Knight Riders,TH David,NP Kenjige,LH Ferguson,4,0,,,,,,,,,
1381366,2023,2023-07-16,Grand Prairie Stadium,1,17.1,MI New York,Los Angeles Knight Riders,NP Kenjige,TH David,Ali Khan,1,0,,,,,,,,,
1381366,2023,2023-07-16,Grand Prairie Stadium,1,17.2,MI New York,Los Angeles Knight Riders,TH David,NP Kenjige,Ali Khan,2,0,,,,,,,,,
1381366,2023,2023-07-16,Grand Prairie Stadium,1,17.3,MI New York,Los Angeles Knight Riders,TH David,NP Kenjige,Ali Khan,6,0,,,,,,,,,
1381366,2023,2023-07-16,Grand Prairie Stadium,1,17.4,MI New York,Los Angeles Knight Riders,TH David,NP Kenjige,Ali Khan,1,0,,,,,,,,,
1381366,2023,2023-07-16,Grand Prairie Stadium,1,17.5,MI New York,Los Angeles Knight Riders,NP Kenjige,TH David,Ali Khan,0,0,,,,,,,,,
1381366,2023,2023-07-16,Grand Prairie Stadium,1,17.6,MI New York,Los Angeles Knight Riders,NP Kenjige,TH David,Ali Khan,0,1,1,,,,,,,,
1381366,2023,2023-07-16,Grand Prairie Stadium,1,17.7,MI New York,Los Angeles Knight Riders,NP Kenjige,TH David,Ali Khan,1,0,,,,,,,,,
1381366,2023,2023-07-16,Grand Prairie Stadium,1,18.1,MI New York,Los Angeles Knight Riders,NP Kenjige,TH David,LH Ferguson,0,0,,,,,,caught,NP Kenjige,,
1381366,2023,2023-07-16,Grand Prairie Stadium,1,18.2,MI New York,Los Angeles Knight Riders,TA Boult,TH David,LH Ferguson,0,1,,,1,,,,,,
1381366,2023,2023-07-16,Grand Prairie Stadium,1,18.3,MI New York,Los Angeles Knight Riders,TH David,TA Boult,LH Ferguson,0,0,,,,,,,,,
1381366,2023,2023-07-16,Grand Prairie Stadium,1,18.4,MI New York,Los Angeles Knight Riders,TH David,TA Boult,LH Ferguson,6,0,,,,,,,,,
1381366,2023,2023-07-16,Grand Prairie Stadium,1,18.5,MI New York,Los Angeles Knight Riders,TH David,TA Boult,LH Ferguson,4,0,,,,,,,,,
1381366,2023,2023-07-16,Grand Prairie Stadium,1,18.6,MI New York,Los Angeles Knight Riders,TH David,TA Boult,LH Ferguson,4,0,,,,,,,,,
1381366,2023,2023-07-16,Grand Prairie Stadium,1,19.1,MI New York,Los Angeles Knight Riders,TA Boult,TH David,AD Russell,6,0,,,,,,,,,
1381366,2023,2023-07-16,Grand Prairie Stadium,1,19.2,MI New York,Los Angeles Knight Riders,TA Boult,TH David,AD Russell,0,0,,,,,,,,,
1381366,2023,2023-07-16,Grand Prairie Stadium,1,19.3,MI New York,Los Angeles Knight Riders,TA Boult,TH David,AD Russell,1,0,,,,,,,,,
1381366,2023,2023-07-16,Grand Prairie Stadium,1,19.4,MI New York,Los Angeles Knight Riders,TH David,TA Boult,AD Russell,6,0,,,,,,,,,
1381366,2023,2023-07-16,Grand Prairie Stadium,1,19.5,MI New York,Los Angeles Knight Riders,TH David,TA Boult,AD Russell,6,0,,,,,,,,,
1381366,2023,2023-07-16,Grand Prairie Stadium,1,19.6,MI New York,Los Angeles Knight Riders,TH David,TA Boult,AD Russell,0,1,,,1,,,,,,
1381366,2023,2023-07-16,Grand Prairie Stadium,2,0.1,Los Angeles Knight Riders,MI New York,MJ Guptill,UBT Chand,NP Kenjige,0,0,,,,,,,,,
1381366,2023,2023-07-16,Grand Prairie Stadium,2,0.2,Los Angeles Knight Riders,MI New York,MJ Guptill,UBT Chand,NP Kenjige,0,0,,,,,,,,,
1381366,2023,2023-07-16,Grand Prairie Stadium,2,0.3,Los Angeles Knight Riders,MI New York,MJ Guptill,UBT Chand,NP Kenjige,0,0,,,,,,lbw,MJ Guptill,,
1381366,2023,2023-07-16,Grand Prairie Stadium,2,0.4,Los Angeles Knight Riders,MI New York,RR Rossouw,UBT Chand,NP Kenjige,1,0,,,,,,,,,
1381366,2023,2023-07-16,Grand Prairie Stadium,2,0.5,Los Angeles Knight Riders,MI New York,UBT Chand,RR Rossouw,NP Kenjige,0,0,,,,,,,,,
1381366,2023,2023-07-16,Grand Prairie Stadium,2,0.6,Los Angeles Knight Riders,MI New York,UBT Chand,RR Rossouw,NP Kenjige,0,0,,,,,,,,,
1381366,2023,2023-07-16,Grand Prairie Stadium,2,1.1,Los Angeles Knight Riders,MI New York,RR Rossouw,UBT Chand,TA Boult,0,0,,,,,,,,,
1381366,2023,2023-07-16,Grand Prairie Stadium,2,1.2,Los Angeles Knight Riders,MI New York,RR Rossouw,UBT Chand,TA Boult,0,0,,,,,,,,,
1381366,2023,2023-07-16,Grand Prairie Stadium,2,1.3,Los Angeles Knight Riders,MI New York,RR Rossouw,UBT Chand,TA Boult,0,0,,,,,,,,,
1381366,2023,2023-07-16,Grand Prairie Stadium,2,1.4,Los Angeles Knight Riders,MI New York,RR Rossouw,UBT Chand,TA Boult,0,0,,,,,,,,,
1381366,2023,2023-07-16,Grand Prairie Stadium,2,1.5,Los Angeles Knight Riders,MI New York,RR Rossouw,UBT Chand,TA Boult,1,0,,,,,,,,,
1381366,2023,2023-07-16,Grand Prairie Stadium,2,1.6,Los Angeles Knight Riders,MI New York,UBT Chand,RR Rossouw,TA Boult,0,0,,,,,,,,,
1381366,2023,2023-07-16,Grand Prairie Stadium,2,2.1,Los Angeles Knight Riders,MI New York,RR Rossouw,UBT Chand,K Rabada,0,0,,,,,,,,,
1381366,2023,2023-07-16,Grand Prairie Stadium,2,2.2,Los Angeles Knight Riders,MI New York,RR Rossouw,UBT Chand,K Rabada,0,0,,,,,,caught,RR Rossouw,,
1381366,2023,2023-07-16,Grand Prairie Stadium,2,2.3,Los Angeles Knight Riders,MI New York,NR Kumar,UBT Chand,K Rabada,0,0,,,,,,,,,
1381366,2023,2023-07-16,Grand Prairie Stadium,2,2.4,Los Angeles Knight Riders,MI New York,NR Kumar,UBT Chand,K Rabada,0,0,,,,,,,,,
1381366,2023,2023-07-16,Grand Prairie Stadium,2,2.5,Los Angeles Knight Riders,MI New York,NR Kumar,UBT Chand,K Rabada,0,0,,,,,,caught,NR Kumar,,
1381366,2023,2023-07-16,Grand Prairie Stadium,2,2.6,Los Angeles Knight Riders,MI New York,JS Malhotra,UBT Chand,K Rabada,0,0,,,,,,,,,
1381366,2023,2023-07-16,Grand Prairie Stadium,2,3.1,Los Angeles Knight Riders,MI New York,UBT Chand,JS Malhotra,TA Boult,0,1,1,,,,,,,,
1381366,2023,2023-07-16,Grand Prairie Stadium,2,3.2,Los Angeles Knight Riders,MI New York,UBT Chand,JS Malhotra,TA Boult,4,0,,,,,,,,,
1381366,2023,2023-07-16,Grand Prairie Stadium,2,3.3,Los Angeles Knight Riders,MI New York,UBT Chand,JS Malhotra,TA Boult,0,0,,,,,,,,,
1381366,2023,2023-07-16,Grand Prairie Stadium,2,3.4,Los Angeles Knight Riders,MI New York,UBT Chand,JS Malhotra,TA Boult,0,0,,,,,,,,,
1381366,2023,2023-07-16,Grand Prairie Stadium,2,3.5,Los Angeles Knight Riders,MI New York,UBT Chand,JS Malhotra,TA Boult,1,0,,,,,,,,,
1381366,2023,2023-07-16,Grand Prairie Stadium,2,3.6,Los Angeles Knight Riders,MI New York,JS Malhotra,UBT Chand,TA Boult,0,0,,,,,,,,,
1381366,2023,2023-07-16,Grand Prairie Stadium,2,3.7,Los Angeles Knight Riders,MI New York,JS Malhotra,UBT Chand,TA Boult,0,0,,,,,,,,,
1381366,2023,2023-07-16,Grand Prairie Stadium,2,4.1,Los Angeles Knight Riders,MI New York,UBT Chand,JS Malhotra,K Rabada,2,0,,,,,,,,,
1381366,2023,2023-07-16,Grand Prairie Stadium,2,4.2,Los Angeles Knight Riders,MI New York,UBT Chand,JS Malhotra,K Rabada,6,0,,,,,,,,,
1381366,2023,2023-07-16,Grand Prairie Stadium,2,4.3,Los Angeles Knight Riders,MI New York,UBT Chand,JS Malhotra,K Rabada,1,0,,,,,,,,,
1381366,2023,2023-07-16,Grand Prairie Stadium,2,4.4,Los Angeles Knight Riders,MI New York,JS Malhotra,UBT Chand,K Rabada,3,0,,,,,,,,,
1381366,2023,2023-07-16,Grand Prairie Stadium,2,4.5,Los Angeles Knight Riders,MI New York,UBT Chand,JS Malhotra,K Rabada,1,0,,,,,,,,,
1381366,2023,2023-07-16,Grand Prairie Stadium,2,4.6,Los Angeles Knight Riders,MI New York,JS Malhotra,UBT Chand,K Rabada,0,0,,,,,,,,,
1381366,2023,2023-07-16,Grand Prairie Stadium,2,5.1,Los Angeles Knight Riders,MI New York,UBT Chand,JS Malhotra,Ehsan Adil,0,0,,,,,,,,,
1381366,2023,2023-07-16,Grand Prairie Stadium,2,5.2,Los Angeles Knight Riders,MI New York,UBT Chand,JS Malhotra,Ehsan Adil,0,0,,,,,,,,,
1381366,2023,2023-07-16,Grand Prairie Stadium,2,5.3,Los Angeles Knight Riders,MI New York,UBT Chand,JS Malhotra,Ehsan Adil,1,0,,,,,,,,,
1381366,2023,2023-07-16,Grand Prairie Stadium,2,5.4,Los Angeles Knight Riders,MI New York,JS Malhotra,UBT Chand,Ehsan Adil,1,0,,,,,,,,,
1381366,2023,2023-07-16,Grand Prairie Stadium,2,5.5,Los Angeles Knight Riders,MI New York,UBT Chand,JS Malhotra,Ehsan Adil,0,0,,,,,,,,,
1381366,2023,2023-07-16,Grand Prairie Stadium,2,5.6,Los Angeles Knight Riders,MI New York,UBT Chand,JS Malhotra,Ehsan Adil,0,0,,,,,,,,,
1381366,2023,2023-07-16,Grand Prairie Stadium,2,6.1,Los Angeles Knight Riders,MI New York,JS Malhotra,UBT Chand,NP Kenjige,1,0,,,,,,,,,
1381366,2023,2023-07-16,Grand Prairie Stadium,2,6.2,Los Angeles Knight Riders,MI New York,UBT Chand,JS Malhotra,NP Kenjige,1,0,,,,,,,,,
1381366,2023,2023-07-16,Grand Prairie Stadium,2,6.3,Los Angeles Knight Riders,MI New York,JS Malhotra,UBT Chand,NP Kenjige,0,0,,,,,,,,,
1381366,2023,2023-07-16,Grand Prairie Stadium,2,6.4,Los Angeles Knight Riders,MI New York,JS Malhotra,UBT Chand,NP Kenjige,0,0,,,,,,,,,
1381366,2023,2023-07-16,Grand Prairie Stadium,2,6.5,Los Angeles Knight Riders,MI New York,JS Malhotra,UBT Chand,NP Kenjige,0,0,,,,,,caught,JS Malhotra,,
1381366,2023,2023-07-16,Grand Prairie Stadium,2,6.6,Los Angeles Knight Riders,MI New York,AD Russell,UBT Chand,NP Kenjige,0,0,,,,,,,,,
1381366,2023,2023-07-16,Grand Prairie Stadium,2,7.1,Los Angeles Knight Riders,MI New York,UBT Chand,AD Russell,KA Pollard,0,0,,,,,,,,,
1381366,2023,2023-07-16,Grand Prairie Stadium,2,7.2,Los Angeles Knight Riders,MI New York,UBT Chand,AD Russell,KA Pollard,0,0,,,,,,,,,
1381366,2023,2023-07-16,Grand Prairie Stadium,2,7.3,Los Angeles Knight Riders,MI New York,UBT Chand,AD Russell,KA Pollard,1,0,,,,,,,,,
1381366,2023,2023-07-16,Grand Prairie Stadium,2,7.4,Los Angeles Knight Riders,MI New York,AD Russell,UBT Chand,KA Pollard,1,0,,,,,,,,,
1381366,2023,2023-07-16,Grand Prairie Stadium,2,7.5,Los Angeles Knight Riders,MI New York,UBT Chand,AD Russell,KA Pollard,4,0,,,,,,,,,
1381366,2023,2023-07-16,Grand Prairie Stadium,2,7.6,Los Angeles Knight Riders,MI New York,UBT Chand,AD Russell,KA Pollard,1,0,,,,,,,,,
1381366,2023,2023-07-16,Grand Prairie Stadium,2,8.1,Los Angeles Knight Riders,MI New York,UBT Chand,AD Russell,NP Kenjige,1,0,,,,,,,,,
1381366,2023,2023-07-16,Grand Prairie Stadium,2,8.2,Los Angeles Knight Riders,MI New York,AD Russell,UBT Chand,NP Kenjige,0,0,,,,,,,,,
1381366,2023,2023-07-16,Grand Prairie Stadium,2,8.3,Los Angeles Knight Riders,MI New York,AD Russell,UBT Chand,NP Kenjige,0,1,,,1,,,,,,
1381366,2023,2023-07-16,Grand Prairie Stadium,2,8.4,Los Angeles Knight Riders,MI New York,UBT Chand,AD Russell,NP Kenjige,1,0,,,,,,,,,
1381366,2023,2023-07-16,Grand Prairie Stadium,2,8.5,Los Angeles Knight Riders,MI New York,AD Russell,UBT Chand,NP Kenjige,1,0,,,,,,,,,
1381366,2023,2023-07-16,Grand Prairie Stadium,2,8.6,Los Angeles Knight Riders,MI New York,UBT Chand,AD Russell,NP Kenjige,1,0,,,,,,,,,
1381366,2023,2023-07-16,Grand Prairie Stadium,2,9.1,Los Angeles Knight Riders,MI New York,UBT Chand,AD Russell,KA Pollard,0,0,,,,,,caught,UBT Chand,,
1381366,2023,2023-07-16,Grand Prairie Stadium,2,9.2,Los Angeles Knight Riders,MI New York,SP Narine,AD Russell,KA Pollard,0,1,1,,,,,,,,
1381366,2023,2023-07-16,Grand Prairie Stadium,2,9.3,Los Angeles Knight Riders,MI New York,SP Narine,AD Russell,KA Pollard,0,0,,,,,,,,,
1381366,2023,2023-07-16,Grand Prairie Stadium,2,9.4,Los Angeles Knight Riders,MI New York,SP Narine,AD Russell,KA Pollard,1,0,,,,,,,,,
1381366,2023,2023-07-16,Grand Prairie Stadium,2,9.5,Los Angeles Knight Riders,MI New York,AD Russell,SP Narine,KA Pollard,0,0,,,,,,caught,AD Russell,,
1381366,2023,2023-07-16,Grand Prairie Stadium,2,9.6,Los Angeles Knight Riders,MI New York,CA Dry,SP Narine,KA Pollard,0,0,,,,,,,,,
1381366,2023,2023-07-16,Grand Prairie Stadium,2,9.7,Los Angeles Knight Riders,MI New York,CA Dry,SP Narine,KA Pollard,0,0,,,,,,,,,
1381366,2023,2023-07-16,Grand Prairie Stadium,2,10.1,Los Angeles Knight Riders,MI New York,SP Narine,CA Dry,Ehsan Adil,1,0,,,,,,,,,
1381366,2023,2023-07-16,Grand Prairie Stadium,2,10.2,Los Angeles Knight Riders,MI New York,CA Dry,SP Narine,Ehsan Adil,0,0,,,,,,,,,
1381366,2023,2023-07-16,Grand Prairie Stadium,2,10.3,Los Angeles Knight Riders,MI New York,CA Dry,SP Narine,Ehsan Adil,0,0,,,,,,,,,
1381366,2023,2023-07-16,Grand Prairie Stadium,2,10.4,Los Angeles Knight Riders,MI New York,CA Dry,SP Narine,Ehsan Adil,0,0,,,,,,lbw,CA Dry,,
1381366,2023,2023-07-16,Grand Prairie Stadium,2,10.5,Los Angeles Knight Riders,MI New York,A Zampa,SP Narine,Ehsan Adil,1,0,,,,,,,,,
1381366,2023,2023-07-16,Grand Prairie Stadium,2,10.6,Los Angeles Knight Riders,MI New York,SP Narine,A Zampa,Ehsan Adil,0,0,,,,,,caught,SP Narine,,
1381366,2023,2023-07-16,Grand Prairie Stadium,2,11.1,Los Angeles Knight Riders,MI New York,A Zampa,Ali Khan,K Rabada,1,0,,,,,,,,,
1381366,2023,2023-07-16,Grand Prairie Stadium,2,11.2,Los Angeles Knight Riders,MI New York,Ali Khan,A Zampa,K Rabada,0,0,,,,,,,,,
1381366,2023,2023-07-16,Grand Prairie Stadium,2,11.3,Los Angeles Knight Riders,MI New York,Ali Khan,A Zampa,K Rabada,0,0,,,,,,,,,
1381366,2023,2023-07-16,Grand Prairie Stadium,2,11.4,Los Angeles Knight Riders,MI New York,Ali Khan,A Zampa,K Rabada,0,0,,,,,,,,,
1381366,2023,2023-07-16,Grand Prairie Stadium,2,11.5,Los Angeles Knight Riders,MI New York,Ali Khan,A Zampa,K Rabada,1,0,,,,,,,,,
1381366,2023,2023-07-16,Grand Prairie Stadium,2,11.6,Los Angeles Knight Riders,MI New York,A Zampa,Ali Khan,K Rabada,1,0,,,,,,,,,
1381366,2023,2023-07-16,Grand Prairie Stadium,2,12.1,Los Angeles Knight Riders,MI New York,A Zampa,Ali Khan,Ehsan Adil,1,0,,,,,,,,,
1381366,2023,2023-07-16,Grand Prairie Stadium,2,12.2,Los Angeles Knight Riders,MI New York,Ali Khan,A Zampa,Ehsan Adil,0,0,,,,,,,,,
1381366,2023,2023-07-16,Grand Prairie Stadium,2,12.3,Los Angeles Knight Riders,MI New York,Ali Khan,A Zampa,Ehsan Adil,1,0,,,,,,,,,
1381366,2023,2023-07-16,Grand Prairie Stadium,2,12.4,Los Angeles Knight Riders,MI New York,A Zampa,Ali Khan,Ehsan Adil,0,0,,,,,,,,,
1381366,2023,2023-07-16,Grand Prairie Stadium,2,12.5,Los Angeles Knight Riders,MI New York,A Zampa,Ali Khan,Ehsan Adil,1,0,,,,,,,,,
1381366,2023,2023-07-16,Grand Prairie Stadium,2,12.6,Los Angeles Knight Riders,MI New York,Ali Khan,A Zampa,Ehsan Adil,0,0,,,,,,,,,
1381366,2023,2023-07-16,Grand Prairie Stadium,2,13.1,Los Angeles Knight Riders,MI New York,A Zampa,Ali Khan,TA Boult,1,0,,,,,,,,,
1381366,2023,2023-07-16,Grand Prairie Stadium,2,13.2,Los Angeles Knight Riders,MI New York,Ali Khan,A Zampa,TA Boult,0,0,,,,,,,,,
1381366,2023,2023-07-16,Grand Prairie Stadium,2,13.3,Los Angeles Knight Riders,MI New York,Ali Khan,A Zampa,TA Boult,2,0,,,,,,,,,
1381366,2023,2023-07-16,Grand Prairie Stadium,2,13.4,Los Angeles Knight Riders,MI New York,Ali Khan,A Zampa,TA Boult,0,0,,,,,,bowled,Ali Khan,,
1381366,2023,2023-07-16,Grand Prairie Stadium,2,13.5,Los Angeles Knight Riders,MI New York,LH Ferguson,A Zampa,TA Boult,0,0,,,,,,caught,LH Ferguson,,
