match_id,season,start_date,venue,innings,ball,batting_team,bowling_team,striker,non_striker,bowler,runs_off_bat,extras,wides,noballs,byes,legbyes,penalty,wicket_type,player_dismissed,other_wicket_type,other_player_dismissed
1381365,2023,2023-07-16,Grand Prairie Stadium,1,0.1,Washington Freedom,Texas Super Kings,MW Short,AGS Gous,J Theron,4,0,,,,,,,,,
1381365,2023,2023-07-16,Grand Prairie Stadium,1,0.2,Washington Freedom,Texas Super Kings,MW Short,AGS Gous,J Theron,0,0,,,,,,,,,
1381365,2023,2023-07-16,Grand Prairie Stadium,1,0.3,Washington Freedom,Texas Super Kings,MW Short,AGS Gous,J Theron,0,0,,,,,,,,,
1381365,2023,2023-07-16,Grand Prairie Stadium,1,0.4,Washington Freedom,Texas Super Kings,MW Short,AGS Gous,J Theron,6,0,,,,,,,,,
1381365,2023,2023-07-16,Grand Prairie Stadium,1,0.5,Washington Freedom,Texas Super Kings,MW Short,AGS Gous,J Theron,1,0,,,,,,,,,
1381365,2023,2023-07-16,Grand Prairie Stadium,1,0.6,Washington Freedom,Texas Super Kings,AGS Gous,MW Short,J Theron,4,0,,,,,,,,,
1381365,2023,2023-07-16,Grand Prairie Stadium,1,1.1,Washington Freedom,Texas Super Kings,MW Short,AGS Gous,CP Savage,0,0,,,,,,,,,
1381365,2023,2023-07-16,Grand Prairie Stadium,1,1.2,Washington Freedom,Texas Super Kings,MW Short,AGS Gous,CP Savage,4,0,,,,,,,,,
1381365,2023,2023-07-16,Grand Prairie Stadium,1,1.3,Washington Freedom,Texas Super Kings,MW Short,AGS Gous,CP Savage,0,0,,,,,,,,,
1381365,2023,2023-07-16,Grand Prairie Stadium,1,1.4,Washington Freedom,Texas Super Kings,MW Short,AGS Gous,CP Savage,1,0,,,,,,,,,
1381365,2023,2023-07-16,Grand Prairie Stadium,1,1.5,Washington Freedom,Texas Super Kings,AGS Gous,MW Short,CP Savage,0,0,,,,,,,,,
1381365,2023,2023-07-16,Grand Prairie Stadium,1,1.6,Washington Freedom,Texas Super Kings,AGS Gous,MW Short,CP Savage,1,0,,,,,,,,,
1381365,2023,2023-07-16,Grand Prairie Stadium,1,2.1,Washington Freedom,Texas Super Kings,AGS Gous,MW Short,MJ Santner,1,0,,,,,,,,,
1381365,2023,2023-07-16,Grand Prairie Stadium,1,2.2,Washington Freedom,Texas Super Kings,MW Short,AGS Gous,MJ Santner,1,0,,,,,,,,,
1381365,2023,2023-07-16,Grand Prairie Stadium,1,2.3,Washington Freedom,Texas Super Kings,AGS Gous,MW Short,MJ Santner,1,0,,,,,,,,,
1381365,2023,2023-07-16,Grand Prairie Stadium,1,2.4,Washington Freedom,Texas Super Kings,MW Short,AGS Gous,MJ Santner,4,0,,,,,,,,,
1381365,2023,2023-07-16,Grand Prairie Stadium,1,2.5,Washington Freedom,Texas Super Kings,MW Short,AGS Gous,MJ Santner,0,0,,,,,,,,,
1381365,2023,2023-07-16,Grand Prairie Stadium,1,2.6,Washington Freedom,Texas Super Kings,MW Short,AGS Gous,MJ Santner,2,0,,,,,,,,,
1381365,2023,2023-07-16,Grand Prairie Stadium,1,3.1,Washington Freedom,Texas Super Kings,AGS Gous,MW Short,G Coetzee,0,0,,,,,,bowled,AGS Gous,,
1381365,2023,2023-07-16,Grand Prairie Stadium,1,3.2,Washington Freedom,Texas Super Kings,Mukhtar Ahmed,MW Short,G Coetzee,0,0,,,,,,,,,
1381365,2023,2023-07-16,Grand Prairie Stadium,1,3.3,Washington Freedom,Texas Super Kings,Mukhtar Ahmed,MW Short,G Coetzee,0,0,,,,,,,,,
1381365,2023,2023-07-16,Grand Prairie Stadium,1,3.4,Washington Freedom,Texas Super Kings,Mukhtar Ahmed,MW Short,G Coetzee,0,0,,,,,,,,,
1381365,2023,2023-07-16,Grand Prairie Stadium,1,3.5,Washington Freedom,Texas Super Kings,Mukhtar Ahmed,MW Short,G Coetzee,0,0,,,,,,,,,
1381365,2023,2023-07-16,Grand Prairie Stadium,1,3.6,Washington Freedom,Texas Super Kings,Mukhtar Ahmed,MW Short,G Coetzee,0,0,,,,,,,,,
1381365,2023,2023-07-16,Grand Prairie Stadium,1,4.1,Washington Freedom,Texas Super Kings,MW Short,Mukhtar Ahmed,MJ Santner,0,0,,,,,,,,,
1381365,2023,2023-07-16,Grand Prairie Stadium,1,4.2,Washington Freedom,Texas Super Kings,MW Short,Mukhtar Ahmed,MJ Santner,0,0,,,,,,,,,
1381365,2023,2023-07-16,Grand Prairie Stadium,1,4.3,Washington Freedom,Texas Super Kings,MW Short,Mukhtar Ahmed,MJ Santner,4,0,,,,,,,,,
1381365,2023,2023-07-16,Grand Prairie Stadium,1,4.4,Washington Freedom,Texas Super Kings,MW Short,Mukhtar Ahmed,MJ Santner,4,0,,,,,,,,,
1381365,2023,2023-07-16,Grand Prairie Stadium,1,4.5,Washington Freedom,Texas Super Kings,MW Short,Mukhtar Ahmed,MJ Santner,0,0,,,,,,,,,
1381365,2023,2023-07-16,Grand Prairie Stadium,1,4.6,Washington Freedom,Texas Super Kings,MW Short,Mukhtar Ahmed,MJ Santner,0,0,,,,,,,,,
1381365,2023,2023-07-16,Grand Prairie Stadium,1,5.1,Washington Freedom,Texas Super Kings,Mukhtar Ahmed,MW Short,G Coetzee,1,0,,,,,,,,,
1381365,2023,2023-07-16,Grand Prairie Stadium,1,5.2,Washington Freedom,Texas Super Kings,MW Short,Mukhtar Ahmed,G Coetzee,0,1,1,,,,,,,,
1381365,2023,2023-07-16,Grand Prairie Stadium,1,5.3,Washington Freedom,Texas Super Kings,MW Short,Mukhtar Ahmed,G Coetzee,1,0,,,,,,,,,
1381365,2023,2023-07-16,Grand Prairie Stadium,1,5.4,Washington Freedom,Texas Super Kings,Mukhtar Ahmed,MW Short,G Coetzee,4,0,,,,,,,,,
1381365,2023,2023-07-16,Grand Prairie Stadium,1,5.5,Washington Freedom,Texas Super Kings,Mukhtar Ahmed,MW Short,G Coetzee,0,0,,,,,,,,,
1381365,2023,2023-07-16,Grand Prairie Stadium,1,5.6,Washington Freedom,Texas Super Kings,Mukhtar Ahmed,MW Short,G Coetzee,0,0,,,,,,,,,
1381365,2023,2023-07-16,Grand Prairie Stadium,1,5.7,Washington Freedom,Texas Super Kings,Mukhtar Ahmed,MW Short,G Coetzee,2,0,,,,,,,,,
1381365,2023,2023-07-16,Grand Prairie Stadium,1,6.1,Washington Freedom,Texas Super Kings,MW Short,Mukhtar Ahmed,CP Savage,6,0,,,,,,,,,
1381365,2023,2023-07-16,Grand Prairie Stadium,1,6.2,Washington Freedom,Texas Super Kings,MW Short,Mukhtar Ahmed,CP Savage,0,1,1,,,,,,,,
1381365,2023,2023-07-16,Grand Prairie Stadium,1,6.3,Washington Freedom,Texas Super Kings,MW Short,Mukhtar Ahmed,CP Savage,0,0,,,,,,,,,
1381365,2023,2023-07-16,Grand Prairie Stadium,1,6.4,Washington Freedom,Texas Super Kings,MW Short,Mukhtar Ahmed,CP Savage,1,0,,,,,,,,,
1381365,2023,2023-07-16,Grand Prairie Stadium,1,6.5,Washington Freedom,Texas Super Kings,Mukhtar Ahmed,MW Short,CP Savage,1,0,,,,,,,,,
1381365,2023,2023-07-16,Grand Prairie Stadium,1,6.6,Washington Freedom,Texas Super Kings,MW Short,Mukhtar Ahmed,CP Savage,4,0,,,,,,,,,
1381365,2023,2023-07-16,Grand Prairie Stadium,1,6.7,Washington Freedom,Texas Super Kings,MW Short,Mukhtar Ahmed,CP Savage,0,0,,,,,,,,,
1381365,2023,2023-07-16,Grand Prairie Stadium,1,7.1,Washington Freedom,Texas Super Kings,Mukhtar Ahmed,MW Short,Mohammad Mohsin,0,0,,,,,,,,,
1381365,2023,2023-07-16,Grand Prairie Stadium,1,7.2,Washington Freedom,Texas Super Kings,Mukhtar Ahmed,MW Short,Mohammad Mohsin,0,0,,,,,,,,,
1381365,2023,2023-07-16,Grand Prairie Stadium,1,7.3,Washington Freedom,Texas Super Kings,Mukhtar Ahmed,MW Short,Mohammad Mohsin,1,0,,,,,,,,,
1381365,2023,2023-07-16,Grand Prairie Stadium,1,7.4,Washington Freedom,Texas Super Kings,MW Short,Mukhtar Ahmed,Mohammad Mohsin,1,0,,,,,,,,,
1381365,2023,2023-07-16,Grand Prairie Stadium,1,7.5,Washington Freedom,Texas Super Kings,Mukhtar Ahmed,MW Short,Mohammad Mohsin,0,0,,,,,,,,,
1381365,2023,2023-07-16,Grand Prairie Stadium,1,7.6,Washington Freedom,Texas Super Kings,Mukhtar Ahmed,MW Short,Mohammad Mohsin,1,0,,,,,,,,,
1381365,2023,2023-07-16,Grand Prairie Stadium,1,8.1,Washington Freedom,Texas Super Kings,Mukhtar Ahmed,MW Short,DJ Bravo,6,0,,,,,,,,,
1381365,2023,2023-07-16,Grand Prairie Stadium,1,8.2,Washington Freedom,Texas Super Kings,Mukhtar Ahmed,MW Short,DJ Bravo,0,1,1,,,,,,,,
1381365,2023,2023-07-16,Grand Prairie Stadium,1,8.3,Washington Freedom,Texas Super Kings,Mukhtar Ahmed,MW Short,DJ Bravo,2,0,,,,,,,,,
1381365,2023,2023-07-16,Grand Prairie Stadium,1,8.4,Washington Freedom,Texas Super Kings,Mukhtar Ahmed,MW Short,DJ Bravo,2,0,,,,,,,,,
1381365,2023,2023-07-16,Grand Prairie Stadium,1,8.5,Washington Freedom,Texas Super Kings,Mukhtar Ahmed,MW Short,DJ Bravo,0,0,,,,,,caught,Mukhtar Ahmed,,
1381365,2023,2023-07-16,Grand Prairie Stadium,1,8.6,Washington Freedom,Texas Super Kings,GD Phillips,MW Short,DJ Bravo,1,0,,,,,,,,,
1381365,2023,2023-07-16,Grand Prairie Stadium,1,8.7,Washington Freedom,Texas Super Kings,MW Short,GD Phillips,DJ Bravo,0,0,,,,,,,,,
1381365,2023,2023-07-16,Grand Prairie Stadium,1,9.1,Washington Freedom,Texas Super Kings,GD Phillips,MW Short,Mohammad Mohsin,1,0,,,,,,,,,
1381365,2023,2023-07-16,Grand Prairie Stadium,1,9.2,Washington Freedom,Texas Super Kings,MW Short,GD Phillips,Mohammad Mohsin,4,0,,,,,,,,,
1381365,2023,2023-07-16,Grand Prairie Stadium,1,9.3,Washington Freedom,Texas Super Kings,MW Short,GD Phillips,Mohammad Mohsin,1,0,,,,,,,,,
1381365,2023,2023-07-16,Grand Prairie Stadium,1,9.4,Washington Freedom,Texas Super Kings,GD Phillips,MW Short,Mohammad Mohsin,1,0,,,,,,,,,
1381365,2023,2023-07-16,Grand Prairie Stadium,1,9.5,Washington Freedom,Texas Super Kings,MW Short,GD Phillips,Mohammad Mohsin,1,0,,,,,,,,,
1381365,2023,2023-07-16,Grand Prairie Stadium,1,9.6,Washington Freedom,Texas Super Kings,GD Phillips,MW Short,Mohammad Mohsin,0,0,,,,,,,,,
1381365,2023,2023-07-16,Grand Prairie Stadium,1,10.1,Washington Freedom,Texas Super Kings,MW Short,GD Phillips,MJ Santner,0,0,,,,,,,,,
1381365,2023,2023-07-16,Grand Prairie Stadium,1,10.2,Washington Freedom,Texas Super Kings,MW Short,GD Phillips,MJ Santner,0,0,,,,,,,,,
1381365,2023,2023-07-16,Grand Prairie Stadium,1,10.3,Washington Freedom,Texas Super Kings,MW Short,GD Phillips,MJ Santner,1,0,,,,,,,,,
1381365,2023,2023-07-16,Grand Prairie Stadium,1,10.4,Washington Freedom,Texas Super Kings,GD Phillips,MW Short,MJ Santner,1,0,,,,,,,,,
1381365,2023,2023-07-16,Grand Prairie Stadium,1,10.5,Washington Freedom,Texas Super Kings,MW Short,GD Phillips,MJ Santner,4,0,,,,,,,,,
1381365,2023,2023-07-16,Grand Prairie Stadium,1,10.6,Washington Freedom,Texas Super Kings,MW Short,GD Phillips,MJ Santner,4,0,,,,,,,,,
1381365,2023,2023-07-16,Grand Prairie Stadium,1,11.1,Washington Freedom,Texas Super Kings,GD Phillips,MW Short,Mohammad Mohsin,2,0,,,,,,,,,
1381365,2023,2023-07-16,Grand Prairie Stadium,1,11.2,Washington Freedom,Texas Super Kings,GD Phillips,MW Short,Mohammad Mohsin,0,0,,,,,,caught,GD Phillips,,
1381365,2023,2023-07-16,Grand Prairie Stadium,1,11.3,Washington Freedom,Texas Super Kings,MC Henriques,MW Short,Mohammad Mohsin,0,0,,,,,,,,,
1381365,2023,2023-07-16,Grand Prairie Stadium,1,11.4,Washington Freedom,Texas Super Kings,MC Henriques,MW Short,Mohammad Mohsin,1,0,,,,,,,,,
1381365,2023,2023-07-16,Grand Prairie Stadium,1,11.5,Washington Freedom,Texas Super Kings,MW Short,MC Henriques,Mohammad Mohsin,1,0,,,,,,,,,
1381365,2023,2023-07-16,Grand Prairie Stadium,1,11.6,Washington Freedom,Texas Super Kings,MC Henriques,MW Short,Mohammad Mohsin,0,0,,,,,,,,,
1381365,2023,2023-07-16,Grand Prairie Stadium,1,12.1,Washington Freedom,Texas Super Kings,MW Short,MC Henriques,J Theron,0,1,,1,,,,,,,
1381365,2023,2023-07-16,Grand Prairie Stadium,1,12.2,Washington Freedom,Texas Super Kings,MW Short,MC Henriques,J Theron,6,0,,,,,,,,,
1381365,2023,2023-07-16,Grand Prairie Stadium,1,12.3,Washington Freedom,Texas Super Kings,MW Short,MC Henriques,J Theron,1,0,,,,,,,,,
1381365,2023,2023-07-16,Grand Prairie Stadium,1,12.4,Washington Freedom,Texas Super Kings,MC Henriques,MW Short,J Theron,1,0,,,,,,,,,
1381365,2023,2023-07-16,Grand Prairie Stadium,1,12.5,Washington Freedom,Texas Super Kings,MW Short,MC Henriques,J Theron,1,0,,,,,,,,,
1381365,2023,2023-07-16,Grand Prairie Stadium,1,12.6,Washington Freedom,Texas Super Kings,MC Henriques,MW Short,J Theron,2,0,,,,,,,,,
1381365,2023,2023-07-16,Grand Prairie Stadium,1,12.7,Washington Freedom,Texas Super Kings,MC Henriques,MW Short,J Theron,0,0,,,,,,,,,
1381365,2023,2023-07-16,Grand Prairie Stadium,1,13.1,Washington Freedom,Texas Super Kings,MW Short,MC Henriques,Mohammad Mohsin,2,0,,,,,,,,,
1381365,2023,2023-07-16,Grand Prairie Stadium,1,13.2,Washington Freedom,Texas Super Kings,MW Short,MC Henriques,Mohammad Mohsin,1,0,,,,,,,,,
1381365,2023,2023-07-16,Grand Prairie Stadium,1,13.3,Washington Freedom,Texas Super Kings,MC Henriques,MW Short,Mohammad Mohsin,2,0,,,,,,,,,
1381365,2023,2023-07-16,Grand Prairie Stadium,1,13.4,Washington Freedom,Texas Super Kings,MC Henriques,MW Short,Mohammad Mohsin,6,0,,,,,,,,,
1381365,2023,2023-07-16,Grand Prairie Stadium,1,13.5,Washington Freedom,Texas Super Kings,MC Henriques,MW Short,Mohammad Mohsin,1,0,,,,,,,,,
1381365,2023,2023-07-16,Grand Prairie Stadium,1,13.6,Washington Freedom,Texas Super Kings,MW Short,MC Henriques,Mohammad Mohsin,1,0,,,,,,,,,
1381365,2023,2023-07-16,Grand Prairie Stadium,1,14.1,Washington Freedom,Texas Super Kings,MW Short,MC Henriques,DJ Bravo,1,0,,,,,,,,,
1381365,2023,2023-07-16,Grand Prairie Stadium,1,14.2,Washington Freedom,Texas Super Kings,MC Henriques,MW Short,DJ Bravo,1,0,,,,,,,,,
1381365,2023,2023-07-16,Grand Prairie Stadium,1,14.3,Washington Freedom,Texas Super Kings,MW Short,MC Henriques,DJ Bravo,4,0,,,,,,,,,
1381365,2023,2023-07-16,Grand Prairie Stadium,1,14.4,Washington Freedom,Texas Super Kings,MW Short,MC Henriques,DJ Bravo,1,0,,,,,,,,,
1381365,2023,2023-07-16,Grand Prairie Stadium,1,14.5,Washington Freedom,Texas Super Kings,MC Henriques,MW Short,DJ Bravo,1,0,,,,,,,,,
1381365,2023,2023-07-16,Grand Prairie Stadium,1,14.6,Washington Freedom,Texas Super Kings,MW Short,MC Henriques,DJ Bravo,0,0,,,,,,,,,
1381365,2023,2023-07-16,Grand Prairie Stadium,1,15.1,Washington Freedom,Texas Super Kings,MC Henriques,MW Short,MJ Santner,1,0,,,,,,,,,
1381365,2023,2023-07-16,Grand Prairie Stadium,1,15.2,Washington Freedom,Texas Super Kings,MW Short,MC Henriques,MJ Santner,1,0,,,,,,,,,
1381365,2023,2023-07-16,Grand Prairie Stadium,1,15.3,Washington Freedom,Texas Super Kings,MC Henriques,MW Short,MJ Santner,1,0,,,,,,,,,
1381365,2023,2023-07-16,Grand Prairie Stadium,1,15.4,Washington Freedom,Texas Super Kings,MW Short,MC Henriques,MJ Santner,1,0,,,,,,,,,
1381365,2023,2023-07-16,Grand Prairie Stadium,1,15.5,Washington Freedom,Texas Super Kings,MC Henriques,MW Short,MJ Santner,1,0,,,,,,,,,
1381365,2023,2023-07-16,Grand Prairie Stadium,1,15.6,Washington Freedom,Texas Super Kings,MW Short,MC Henriques,MJ Santner,0,0,,,,,,caught,MW Short,,
1381365,2023,2023-07-16,Grand Prairie Stadium,1,16.1,Washington Freedom,Texas Super Kings,MC Henriques,AJ Pienaar,DJ Bravo,0,0,,,,,,,,,
1381365,2023,2023-07-16,Grand Prairie Stadium,1,16.2,Washington Freedom,Texas Super Kings,MC Henriques,AJ Pienaar,DJ Bravo,2,0,,,,,,,,,
1381365,2023,2023-07-16,Grand Prairie Stadium,1,16.3,Washington Freedom,Texas Super Kings,MC Henriques,AJ Pienaar,DJ Bravo,0,0,,,,,,,,,
1381365,2023,2023-07-16,Grand Prairie Stadium,1,16.4,Washington Freedom,Texas Super Kings,MC Henriques,AJ Pienaar,DJ Bravo,0,2,,,,2,,,,,
1381365,2023,2023-07-16,Grand Prairie Stadium,1,16.5,Washington Freedom,Texas Super Kings,MC Henriques,AJ Pienaar,DJ Bravo,0,0,,,,,,,,,
1381365,2023,2023-07-16,Grand Prairie Stadium,1,16.6,Washington Freedom,Texas Super Kings,MC Henriques,AJ Pienaar,DJ Bravo,0,0,,,,,,,,,
1381365,2023,2023-07-16,Grand Prairie Stadium,1,17.1,Washington Freedom,Texas Super Kings,AJ Pienaar,MC Henriques,G Coetzee,0,0,,,,,,,,,
1381365,2023,2023-07-16,Grand Prairie Stadium,1,17.2,Washington Freedom,Texas Super Kings,AJ Pienaar,MC Henriques,G Coetzee,1,0,,,,,,,,,
1381365,2023,2023-07-16,Grand Prairie Stadium,1,17.3,Washington Freedom,Texas Super Kings,MC Henriques,AJ Pienaar,G Coetzee,0,1,,,,1,,,,,
1381365,2023,2023-07-16,Grand Prairie Stadium,1,17.4,Washington Freedom,Texas Super Kings,AJ Pienaar,MC Henriques,G Coetzee,4,0,,,,,,,,,
1381365,2023,2023-07-16,Grand Prairie Stadium,1,17.5,Washington Freedom,Texas Super Kings,AJ Pienaar,MC Henriques,G Coetzee,6,0,,,,,,,,,
1381365,2023,2023-07-16,Grand Prairie Stadium,1,17.6,Washington Freedom,Texas Super Kings,AJ Pienaar,MC Henriques,G Coetzee,1,0,,,,,,,,,
1381365,2023,2023-07-16,Grand Prairie Stadium,1,18.1,Washington Freedom,Texas Super Kings,AJ Pienaar,MC Henriques,DJ Bravo,1,0,,,,,,,,,
1381365,2023,2023-07-16,Grand Prairie Stadium,1,18.2,Washington Freedom,Texas Super Kings,MC Henriques,AJ Pienaar,DJ Bravo,0,0,,,,,,,,,
1381365,2023,2023-07-16,Grand Prairie Stadium,1,18.3,Washington Freedom,Texas Super Kings,MC Henriques,AJ Pienaar,DJ Bravo,1,0,,,,,,,,,
1381365,2023,2023-07-16,Grand Prairie Stadium,1,18.4,Washington Freedom,Texas Super Kings,AJ Pienaar,MC Henriques,DJ Bravo,2,0,,,,,,,,,
1381365,2023,2023-07-16,Grand Prairie Stadium,1,18.5,Washington Freedom,Texas Super Kings,AJ Pienaar,MC Henriques,DJ Bravo,2,0,,,,,,,,,
1381365,2023,2023-07-16,Grand Prairie Stadium,1,18.6,Washington Freedom,Texas Super Kings,AJ Pienaar,MC Henriques,DJ Bravo,0,0,,,,,,,,,
1381365,2023,2023-07-16,Grand Prairie Stadium,1,19.1,Washington Freedom,Texas Super Kings,MC Henriques,AJ Pienaar,G Coetzee,0,0,,,,,,lbw,MC Henriques,,
1381365,2023,2023-07-16,Grand Prairie Stadium,1,19.2,Washington Freedom,Texas Super Kings,M Jansen,AJ Pienaar,G Coetzee,2,0,,,,,,,,,
1381365,2023,2023-07-16,Grand Prairie Stadium,1,19.3,Washington Freedom,Texas Super Kings,M Jansen,AJ Pienaar,G Coetzee,1,0,,,,,,,,,
1381365,2023,2023-07-16,Grand Prairie Stadium,1,19.4,Washington Freedom,Texas Super Kings,AJ Pienaar,M Jansen,G Coetzee,0,0,,,,,,,,,
1381365,2023,2023-07-16,Grand Prairie Stadium,1,19.5,Washington Freedom,Texas Super Kings,AJ Pienaar,M Jansen,G Coetzee,1,0,,,,,,,,,
1381365,2023,2023-07-16,Grand Prairie Stadium,1,19.6,Washington Freedom,Texas Super Kings,M Jansen,AJ Pienaar,G Coetzee,1,0,,,,,,,,,
1381365,2023,2023-07-16,Grand Prairie Stadium,2,0.1,Texas Super Kings,Washington Freedom,F du Plessis,DP Conway,M Jansen,0,0,,,,,,,,,
1381365,2023,2023-07-16,Grand Prairie Stadium,2,0.2,Texas Super Kings,Washington Freedom,F du Plessis,DP Conway,M Jansen,4,0,,,,,,,,,
1381365,2023,2023-07-16,Grand Prairie Stadium,2,0.3,Texas Super Kings,Washington Freedom,F du Plessis,DP Conway,M Jansen,0,0,,,,,,,,,
1381365,2023,2023-07-16,Grand Prairie Stadium,2,0.4,Texas Super Kings,Washington Freedom,F du Plessis,DP Conway,M Jansen,1,0,,,,,,,,,
1381365,2023,2023-07-16,Grand Prairie Stadium,2,0.5,Texas Super Kings,Washington Freedom,DP Conway,F du Plessis,M Jansen,0,1,1,,,,,,,,
1381365,2023,2023-07-16,Grand Prairie Stadium,2,0.6,Texas Super Kings,Washington Freedom,DP Conway,F du Plessis,M Jansen,0,0,,,,,,bowled,DP Conway,,
1381365,2023,2023-07-16,Grand Prairie Stadium,2,0.7,Texas Super Kings,Washington Freedom,BKEL Milantha,F du Plessis,M Jansen,0,0,,,,,,,,,
1381365,2023,2023-07-16,Grand Prairie Stadium,2,1.1,Texas Super Kings,Washington Freedom,F du Plessis,BKEL Milantha,SN Netravalkar,0,0,,,,,,,,,
1381365,2023,2023-07-16,Grand Prairie Stadium,2,1.2,Texas Super Kings,Washington Freedom,F du Plessis,BKEL Milantha,SN Netravalkar,0,0,,,,,,,,,
1381365,2023,2023-07-16,Grand Prairie Stadium,2,1.3,Texas Super Kings,Washington Freedom,F du Plessis,BKEL Milantha,SN Netravalkar,0,0,,,,,,,,,
1381365,2023,2023-07-16,Grand Prairie Stadium,2,1.4,Texas Super Kings,Washington Freedom,F du Plessis,BKEL Milantha,SN Netravalkar,1,0,,,,,,,,,
1381365,2023,2023-07-16,Grand Prairie Stadium,2,1.5,Texas Super Kings,Washington Freedom,BKEL Milantha,F du Plessis,SN Netravalkar,1,0,,,,,,,,,
1381365,2023,2023-07-16,Grand Prairie Stadium,2,1.6,Texas Super Kings,Washington Freedom,F du Plessis,BKEL Milantha,SN Netravalkar,1,0,,,,,,,,,
1381365,2023,2023-07-16,Grand Prairie Stadium,2,2.1,Texas Super Kings,Washington Freedom,F du Plessis,BKEL Milantha,M Jansen,0,0,,,,,,,,,
1381365,2023,2023-07-16,Grand Prairie Stadium,2,2.2,Texas Super Kings,Washington Freedom,F du Plessis,BKEL Milantha,M Jansen,1,0,,,,,,,,,
1381365,2023,2023-07-16,Grand Prairie Stadium,2,2.3,Texas Super Kings,Washington Freedom,BKEL Milantha,F du Plessis,M Jansen,0,1,1,,,,,,,,
1381365,2023,2023-07-16,Grand Prairie Stadium,2,2.4,Texas Super Kings,Washington Freedom,BKEL Milantha,F du Plessis,M Jansen,0,0,,,,,,,,,
1381365,2023,2023-07-16,Grand Prairie Stadium,2,2.5,Texas Super Kings,Washington Freedom,BKEL Milantha,F du Plessis,M Jansen,0,0,,,,,,,,,
1381365,2023,2023-07-16,Grand Prairie Stadium,2,2.6,Texas Super Kings,Washington Freedom,BKEL Milantha,F du Plessis,M Jansen,2,0,,,,,,,,,
1381365,2023,2023-07-16,Grand Prairie Stadium,2,2.7,Texas Super Kings,Washington Freedom,BKEL Milantha,F du Plessis,M Jansen,0,0,,,,,,,,,
1381365,2023,2023-07-16,Grand Prairie Stadium,2,3.1,Texas Super Kings,Washington Freedom,F du Plessis,BKEL Milantha,SN Netravalkar,1,0,,,,,,,,,
1381365,2023,2023-07-16,Grand Prairie Stadium,2,3.2,Texas Super Kings,Washington Freedom,BKEL Milantha,F du Plessis,SN Netravalkar,1,0,,,,,,,,,
1381365,2023,2023-07-16,Grand Prairie Stadium,2,3.3,Texas Super Kings,Washington Freedom,F du Plessis,BKEL Milantha,SN Netravalkar,4,0,,,,,,,,,
1381365,2023,2023-07-16,Grand Prairie Stadium,2,3.4,Texas Super Kings,Washington Freedom,F du Plessis,BKEL Milantha,SN Netravalkar,1,0,,,,,,,,,
1381365,2023,2023-07-16,Grand Prairie Stadium,2,3.5,Texas Super Kings,Washington Freedom,BKEL Milantha,F du Plessis,SN Netravalkar,1,0,,,,,,,,,
1381365,2023,2023-07-16,Grand Prairie Stadium,2,3.6,Texas Super Kings,Washington Freedom,F du Plessis,BKEL Milantha,SN Netravalkar,0,0,,,,,,caught,F du Plessis,,
1381365,2023,2023-07-16,Grand Prairie Stadium,2,4.1,Texas Super Kings,Washington Freedom,BKEL Milantha,DA Miller,A Nortje,0,0,,,,,,,,,
1381365,2023,2023-07-16,Grand Prairie Stadium,2,4.2,Texas Super Kings,Washington Freedom,BKEL Milantha,DA Miller,A Nortje,0,0,,,,,,,,,
1381365,2023,2023-07-16,Grand Prairie Stadium,2,4.3,Texas Super Kings,Washington Freedom,BKEL Milantha,DA Miller,A Nortje,0,1,1,,,,,,,,
1381365,2023,2023-07-16,Grand Prairie Stadium,2,4.4,Texas Super Kings,Washington Freedom,BKEL Milantha,DA Miller,A Nortje,1,0,,,,,,,,,
1381365,2023,2023-07-16,Grand Prairie Stadium,2,4.5,Texas Super Kings,Washington Freedom,DA Miller,BKEL Milantha,A Nortje,4,0,,,,,,,,,
1381365,2023,2023-07-16,Grand Prairie Stadium,2,4.6,Texas Super Kings,Washington Freedom,DA Miller,BKEL Milantha,A Nortje,0,0,,,,,,,,,
1381365,2023,2023-07-16,Grand Prairie Stadium,2,4.7,Texas Super Kings,Washington Freedom,DA Miller,BKEL Milantha,A Nortje,0,0,,,,,,,,,
1381365,2023,2023-07-16,Grand Prairie Stadium,2,5.1,Texas Super Kings,Washington Freedom,BKEL Milantha,DA Miller,SN Netravalkar,4,0,,,,,,,,,
1381365,2023,2023-07-16,Grand Prairie Stadium,2,5.2,Texas Super Kings,Washington Freedom,BKEL Milantha,DA Miller,SN Netravalkar,1,0,,,,,,,,,
1381365,2023,2023-07-16,Grand Prairie Stadium,2,5.3,Texas Super Kings,Washington Freedom,DA Miller,BKEL Milantha,SN Netravalkar,0,0,,,,,,,,,
1381365,2023,2023-07-16,Grand Prairie Stadium,2,5.4,Texas Super Kings,Washington Freedom,DA Miller,BKEL Milantha,SN Netravalkar,0,0,,,,,,,,,
1381365,2023,2023-07-16,Grand Prairie Stadium,2,5.5,Texas Super Kings,Washington Freedom,DA Miller,BKEL Milantha,SN Netravalkar,0,0,,,,,,,,,
1381365,2023,2023-07-16,Grand Prairie Stadium,2,5.6,Texas Super Kings,Washington Freedom,DA Miller,BKEL Milantha,SN Netravalkar,1,0,,,,,,,,,
1381365,2023,2023-07-16,Grand Prairie Stadium,2,6.1,Texas Super Kings,Washington Freedom,DA Miller,BKEL Milantha,DL Piedt,1,0,,,,,,,,,
1381365,2023,2023-07-16,Grand Prairie Stadium,2,6.2,Texas Super Kings,Washington Freedom,BKEL Milantha,DA Miller,DL Piedt,1,0,,,,,,,,,
1381365,2023,2023-07-16,Grand Prairie Stadium,2,6.3,Texas Super Kings,Washington Freedom,DA Miller,BKEL Milantha,DL Piedt,6,0,,,,,,,,,
1381365,2023,2023-07-16,Grand Prairie Stadium,2,6.4,Texas Super Kings,Washington Freedom,DA Miller,BKEL Milantha,DL Piedt,2,0,,,,,,,,,
1381365,2023,2023-07-16,Grand Prairie Stadium,2,6.5,Texas Super Kings,Washington Freedom,DA Miller,BKEL Milantha,DL Piedt,0,0,,,,,,caught,DA Miller,,
1381365,2023,2023-07-16,Grand Prairie Stadium,2,6.6,Texas Super Kings,Washington Freedom,Milind Kumar,BKEL Milantha,DL Piedt,1,0,,,,,,,,,
1381365,2023,2023-07-16,Grand Prairie Stadium,2,7.1,Texas Super Kings,Washington Freedom,Milind Kumar,BKEL Milantha,GD Phillips,0,0,,,,,,,,,
1381365,2023,2023-07-16,Grand Prairie Stadium,2,7.2,Texas Super Kings,Washington Freedom,Milind Kumar,BKEL Milantha,GD Phillips,1,0,,,,,,,,,
1381365,2023,2023-07-16,Grand Prairie Stadium,2,7.3,Texas Super Kings,Washington Freedom,BKEL Milantha,Milind Kumar,GD Phillips,1,0,,,,,,,,,
1381365,2023,2023-07-16,Grand Prairie Stadium,2,7.4,Texas Super Kings,Washington Freedom,Milind Kumar,BKEL Milantha,GD Phillips,1,0,,,,,,,,,
1381365,2023,2023-07-16,Grand Prairie Stadium,2,7.5,Texas Super Kings,Washington Freedom,BKEL Milantha,Milind Kumar,GD Phillips,0,0,,,,,,,,,
1381365,2023,2023-07-16,Grand Prairie Stadium,2,7.6,Texas Super Kings,Washington Freedom,BKEL Milantha,Milind Kumar,GD Phillips,1,0,,,,,,,,,
1381365,2023,2023-07-16,Grand Prairie Stadium,2,8.1,Texas Super Kings,Washington Freedom,BKEL Milantha,Milind Kumar,AJ Hosein,1,0,,,,,,,,,
1381365,2023,2023-07-16,Grand Prairie Stadium,2,8.2,Texas Super Kings,Washington Freedom,Milind Kumar,BKEL Milantha,AJ Hosein,0,0,,,,,,lbw,Milind Kumar,,
1381365,2023,2023-07-16,Grand Prairie Stadium,2,8.3,Texas Super Kings,Washington Freedom,MJ Santner,BKEL Milantha,AJ Hosein,1,0,,,,,,,,,
1381365,2023,2023-07-16,Grand Prairie Stadium,2,8.4,Texas Super Kings,Washington Freedom,BKEL Milantha,MJ Santner,AJ Hosein,0,0,,,,,,,,,
1381365,2023,2023-07-16,Grand Prairie Stadium,2,8.5,Texas Super Kings,Washington Freedom,BKEL Milantha,MJ Santner,AJ Hosein,0,0,,,,,,caught,BKEL Milantha,,
1381365,2023,2023-07-16,Grand Prairie Stadium,2,8.6,Texas Super Kings,Washington Freedom,DJ Bravo,MJ Santner,AJ Hosein,0,0,,,,,,,,,
1381365,2023,2023-07-16,Grand Prairie Stadium,2,9.1,Texas Super Kings,Washington Freedom,MJ Santner,DJ Bravo,DL Piedt,0,0,,,,,,,,,
1381365,2023,2023-07-16,Grand Prairie Stadium,2,9.2,Texas Super Kings,Washington Freedom,MJ Santner,DJ Bravo,DL Piedt,1,0,,,,,,,,,
1381365,2023,2023-07-16,Grand Prairie Stadium,2,9.3,Texas Super Kings,Washington Freedom,DJ Bravo,MJ Santner,DL Piedt,0,0,,,,,,,,,
1381365,2023,2023-07-16,Grand Prairie Stadium,2,9.4,Texas Super Kings,Washington Freedom,DJ Bravo,MJ Santner,DL Piedt,1,0,,,,,,,,,
1381365,2023,2023-07-16,Grand Prairie Stadium,2,9.5,Texas Super Kings,Washington Freedom,MJ Santner,DJ Bravo,DL Piedt,0,0,,,,,,,,,
1381365,2023,2023-07-16,Grand Prairie Stadium,2,9.6,Texas Super Kings,Washington Freedom,MJ Santner,DJ Bravo,DL Piedt,1,0,,,,,,,,,
1381365,2023,2023-07-16,Grand Prairie Stadium,2,10.1,Texas Super Kings,Washington Freedom,MJ Santner,DJ Bravo,A Nortje,1,0,,,,,,,,,
1381365,2023,2023-07-16,Grand Prairie Stadium,2,10.2,Texas Super Kings,Washington Freedom,DJ Bravo,MJ Santner,A Nortje,0,0,,,,,,,,,
1381365,2023,2023-07-16,Grand Prairie Stadium,2,10.3,Texas Super Kings,Washington Freedom,DJ Bravo,MJ Santner,A Nortje,1,0,,,,,,,,,
1381365,2023,2023-07-16,Grand Prairie Stadium,2,10.4,Texas Super Kings,Washington Freedom,MJ Santner,DJ Bravo,A Nortje,0,0,,,,,,,,,
1381365,2023,2023-07-16,Grand Prairie Stadium,2,10.5,Texas Super Kings,Washington Freedom,MJ Santner,DJ Bravo,A Nortje,0,0,,,,,,,,,
1381365,2023,2023-07-16,Grand Prairie Stadium,2,10.6,Texas Super Kings,Washington Freedom,MJ Santner,DJ Bravo,A Nortje,0,0,,,,,,,,,
1381365,2023,2023-07-16,Grand Prairie Stadium,2,11.1,Texas Super Kings,Washington Freedom,DJ Bravo,MJ Santner,DL Piedt,1,0,,,,,,,,,
1381365,2023,2023-07-16,Grand Prairie Stadium,2,11.2,Texas Super Kings,Washington Freedom,MJ Santner,DJ Bravo,DL Piedt,6,0,,,,,,,,,
1381365,2023,2023-07-16,Grand Prairie Stadium,2,11.3,Texas Super Kings,Washington Freedom,MJ Santner,DJ Bravo,DL Piedt,6,0,,,,,,,,,
1381365,2023,2023-07-16,Grand Prairie Stadium,2,11.4,Texas Super Kings,Washington Freedom,MJ Santner,DJ Bravo,DL Piedt,1,0,,,,,,,,,
1381365,2023,2023-07-16,Grand Prairie Stadium,2,11.5,Texas Super Kings,Washington Freedom,DJ Bravo,MJ Santner,DL Piedt,0,0,,,,,,,,,
1381365,2023,2023-07-16,Grand Prairie Stadium,2,11.6,Texas Super Kings,Washington Freedom,DJ Bravo,MJ Santner,DL Piedt,0,1,,,,1,,,,,
1381365,2023,2023-07-16,Grand Prairie Stadium,2,12.1,Texas Super Kings,Washington Freedom,DJ Bravo,MJ Santner,AJ Hosein,0,0,,,,,,,,,
1381365,2023,2023-07-16,Grand Prairie Stadium,2,12.2,Texas Super Kings,Washington Freedom,DJ Bravo,MJ Santner,AJ Hosein,0,0,,,,,,,,,
1381365,2023,2023-07-16,Grand Prairie Stadium,2,12.3,Texas Super Kings,Washington Freedom,DJ Bravo,MJ Santner,AJ Hosein,1,0,,,,,,,,,
1381365,2023,2023-07-16,Grand Prairie Stadium,2,12.4,Texas Super Kings,Washington Freedom,MJ Santner,DJ Bravo,AJ Hosein,0,0,,,,,,,,,
1381365,2023,2023-07-16,Grand Prairie Stadium,2,12.5,Texas Super Kings,Washington Freedom,MJ Santner,DJ Bravo,AJ Hosein,2,0,,,,,,,,,
1381365,2023,2023-07-16,Grand Prairie Stadium,2,12.6,Texas Super Kings,Washington Freedom,MJ Santner,DJ Bravo,AJ Hosein,0,0,,,,,,,,,
1381365,2023,2023-07-16,Grand Prairie Stadium,2,13.1,Texas Super Kings,Washington Freedom,DJ Bravo,MJ Santner,MC Henriques,1,0,,,,,,,,,
1381365,2023,2023-07-16,Grand Prairie Stadium,2,13.2,Texas Super Kings,Washington Freedom,MJ Santner,DJ Bravo,MC Henriques,2,0,,,,,,,,,
1381365,2023,2023-07-16,Grand Prairie Stadium,2,13.3,Texas Super Kings,Washington Freedom,MJ Santner,DJ Bravo,MC Henriques,1,0,,,,,,,,,
1381365,2023,2023-07-16,Grand Prairie Stadium,2,13.4,Texas Super Kings,Washington Freedom,DJ Bravo,MJ Santner,MC Henriques,1,0,,,,,,,,,
1381365,2023,2023-07-16,Grand Prairie Stadium,2,13.5,Texas Super Kings,Washington Freedom,MJ Santner,DJ Bravo,MC Henriques,0,0,,,,,,,,,
1381365,2023,2023-07-16,Grand Prairie Stadium,2,13.6,Texas Super Kings,Washington Freedom,MJ Santner,DJ Bravo,MC Henriques,0,0,,,,,,caught,MJ Santner,,
1381365,2023,2023-07-16,Grand Prairie Stadium,2,14.1,Texas Super Kings,Washington Freedom,DJ Bravo,CP Savage,AJ Hosein,1,0,,,,,,,,,
1381365,2023,2023-07-16,Grand Prairie Stadium,2,14.2,Texas Super Kings,Washington Freedom,CP Savage,DJ Bravo,AJ Hosein,0,0,,,,,,,,,
1381365,2023,2023-07-16,Grand Prairie Stadium,2,14.3,Texas Super Kings,Washington Freedom,CP Savage,DJ Bravo,AJ Hosein,1,0,,,,,,,,,
1381365,2023,2023-07-16,Grand Prairie Stadium,2,14.4,Texas Super Kings,Washington Freedom,DJ Bravo,CP Savage,AJ Hosein,1,0,,,,,,,,,
1381365,2023,2023-07-16,Grand Prairie Stadium,2,14.5,Texas Super Kings,Washington Freedom,CP Savage,DJ Bravo,AJ Hosein,1,0,,,,,,,,,
1381365,2023,2023-07-16,Grand Prairie Stadium,2,14.6,Texas Super Kings,Washington Freedom,DJ Bravo,CP Savage,AJ Hosein,1,0,,,,,,,,,
1381365,2023,2023-07-16,Grand Prairie Stadium,2,15.1,Texas Super Kings,Washington Freedom,DJ Bravo,CP Savage,M Jansen,0,0,,,,,,,,,
1381365,2023,2023-07-16,Grand Prairie Stadium,2,15.2,Texas Super Kings,Washington Freedom,DJ Bravo,CP Savage,M Jansen,0,0,,,,,,,,,
1381365,2023,2023-07-16,Grand Prairie Stadium,2,15.3,Texas Super Kings,Washington Freedom,DJ Bravo,CP Savage,M Jansen,1,0,,,,,,,,,
1381365,2023,2023-07-16,Grand Prairie Stadium,2,15.4,Texas Super Kings,Washington Freedom,CP Savage,DJ Bravo,M Jansen,1,0,,,,,,,,,
1381365,2023,2023-07-16,Grand Prairie Stadium,2,15.5,Texas Super Kings,Washington Freedom,DJ Bravo,CP Savage,M Jansen,6,0,,,,,,,,,
1381365,2023,2023-07-16,Grand Prairie Stadium,2,15.6,Texas Super Kings,Washington Freedom,DJ Bravo,CP Savage,M Jansen,1,0,,,,,,,,,
1381365,2023,2023-07-16,Grand Prairie Stadium,2,16.1,Texas Super Kings,Washington Freedom,DJ Bravo,CP Savage,AJ Hosein,6,0,,,,,,,,,
1381365,2023,2023-07-16,Grand Prairie Stadium,2,16.2,Texas Super Kings,Washington Freedom,DJ Bravo,CP Savage,AJ Hosein,6,0,,,,,,,,,
1381365,2023,2023-07-16,Grand Prairie Stadium,2,16.3,Texas Super Kings,Washington Freedom,DJ Bravo,CP Savage,AJ Hosein,0,1,,,,1,,,,,
1381365,2023,2023-07-16,Grand Prairie Stadium,2,16.4,Texas Super Kings,Washington Freedom,CP Savage,DJ Bravo,AJ Hosein,1,0,,,,,,,,,
1381365,2023,2023-07-16,Grand Prairie Stadium,2,16.5,Texas Super Kings,Washington Freedom,DJ Bravo,CP Savage,AJ Hosein,1,0,,,,,,,,,
1381365,2023,2023-07-16,Grand Prairie Stadium,2,16.6,Texas Super Kings,Washington Freedom,CP Savage,DJ Bravo,AJ Hosein,1,0,,,,,,,,,
1381365,2023,2023-07-16,Grand Prairie Stadium,2,17.1,Texas Super Kings,Washington Freedom,CP Savage,DJ Bravo,A Nortje,1,0,,,,,,,,,
1381365,2023,2023-07-16,Grand Prairie Stadium,2,17.2,Texas Super Kings,Washington Freedom,DJ Bravo,CP Savage,A Nortje,6,0,,,,,,,,,
1381365,2023,2023-07-16,Grand Prairie Stadium,2,17.3,Texas Super Kings,Washington Freedom,DJ Bravo,CP Savage,A Nortje,1,0,,,,,,,,,
1381365,2023,2023-07-16,Grand Prairie Stadium,2,17.4,Texas Super Kings,Washington Freedom,CP Savage,DJ Bravo,A Nortje,1,0,,,,,,,,,
1381365,2023,2023-07-16,Grand Prairie Stadium,2,17.5,Texas Super Kings,Washington Freedom,DJ Bravo,CP Savage,A Nortje,4,0,,,,,,,,,
1381365,2023,2023-07-16,Grand Prairie Stadium,2,17.6,Texas Super Kings,Washington Freedom,DJ Bravo,CP Savage,A Nortje,4,0,,,,,,,,,
1381365,2023,2023-07-16,Grand Prairie Stadium,2,18.1,Texas Super Kings,Washington Freedom,CP Savage,DJ Bravo,M Jansen,0,0,,,,,,lbw,CP Savage,,
1381365,2023,2023-07-16,Grand Prairie Stadium,2,18.2,Texas Super Kings,Washington Freedom,G Coetzee,DJ Bravo,M Jansen,1,0,,,,,,,,,
1381365,2023,2023-07-16,Grand Prairie Stadium,2,18.3,Texas Super Kings,Washington Freedom,DJ Bravo,G Coetzee,M Jansen,4,0,,,,,,,,,
1381365,2023,2023-07-16,Grand Prairie Stadium,2,18.4,Texas Super Kings,Washington Freedom,DJ Bravo,G Coetzee,M Jansen,2,0,,,,,,,,,
1381365,2023,2023-07-16,Grand Prairie Stadium,2,18.5,Texas Super Kings,Washington Freedom,DJ Bravo,G Coetzee,M Jansen,4,0,,,,,,,,,
1381365,2023,2023-07-16,Grand Prairie Stadium,2,18.6,Texas Super Kings,Washington Freedom,DJ Bravo,G Coetzee,M Jansen,1,0,,,,,,retired out,G Coetzee,,
1381365,2023,2023-07-16,Grand Prairie Stadium,2,19.1,Texas Super Kings,Washington Freedom,DJ Bravo,Mohammad Mohsin,A Nortje,2,0,,,,,,,,,
1381365,2023,2023-07-16,Grand Prairie Stadium,2,19.2,Texas Super Kings,Washington Freedom,DJ Bravo,Mohammad Mohsin,A Nortje,6,0,,,,,,,,,
1381365,2023,2023-07-16,Grand Prairie Stadium,2,19.3,Texas Super Kings,Washington Freedom,DJ Bravo,Mohammad Mohsin,A Nortje,2,0,,,,,,,,,
1381365,2023,2023-07-16,Grand Prairie Stadium,2,19.4,Texas Super Kings,Washington Freedom,DJ Bravo,Mohammad Mohsin,A Nortje,0,0,,,,,,,,,
1381365,2023,2023-07-16,Grand Prairie Stadium,2,19.5,Texas Super Kings,Washington Freedom,DJ Bravo,Mohammad Mohsin,A Nortje,4,0,,,,,,,,,
1381365,2023,2023-07-16,Grand Prairie Stadium,2,19.6,Texas Super Kings,Washington Freedom,DJ Bravo,Mohammad Mohsin,A Nortje,6,0,,,,,,,,,
