match_id,season,start_date,venue,innings,ball,batting_team,bowling_team,striker,non_striker,bowler,runs_off_bat,extras,wides,noballs,byes,legbyes,penalty,wicket_type,player_dismissed,other_wicket_type,other_player_dismissed
1381369,2023,2023-07-20,"Church Street Park, Morrisville",1,0.1,Los Angeles Knight Riders,Washington Freedom,JJ Roy,UBT Chand,M Jansen,0,0,,,,,,,,,
1381369,2023,2023-07-20,"Church Street Park, Morrisville",1,0.2,Los Angeles Knight Riders,Washington Freedom,JJ Roy,UBT Chand,M Jansen,0,0,,,,,,,,,
1381369,2023,2023-07-20,"Church Street Park, Morrisville",1,0.3,Los Angeles Knight Riders,Washington Freedom,JJ Roy,UBT Chand,M Jansen,1,0,,,,,,,,,
1381369,2023,2023-07-20,"Church Street Park, Morrisville",1,0.4,Los Angeles Knight Riders,Washington Freedom,UBT Chand,JJ Roy,M Jansen,0,0,,,,,,,,,
1381369,2023,2023-07-20,"Church Street Park, Morrisville",1,0.5,Los Angeles Knight Riders,Washington Freedom,UBT Chand,JJ Roy,M Jansen,0,0,,,,,,,,,
1381369,2023,2023-07-20,"Church Street Park, Morrisville",1,0.6,Los Angeles Knight Riders,Washington Freedom,UBT Chand,JJ Roy,M Jansen,0,0,,,,,,,,,
1381369,2023,2023-07-20,"Church Street Park, Morrisville",1,1.1,Los Angeles Knight Riders,Washington Freedom,JJ Roy,UBT Chand,SN Netravalkar,0,0,,,,,,,,,
1381369,2023,2023-07-20,"Church Street Park, Morrisville",1,1.2,Los Angeles Knight Riders,Washington Freedom,JJ Roy,UBT Chand,SN Netravalkar,1,0,,,,,,,,,
1381369,2023,2023-07-20,"Church Street Park, Morrisville",1,1.3,Los Angeles Knight Riders,Washington Freedom,UBT Chand,JJ Roy,SN Netravalkar,0,0,,,,,,,,,
1381369,2023,2023-07-20,"Church Street Park, Morrisville",1,1.4,Los Angeles Knight Riders,Washington Freedom,UBT Chand,JJ Roy,SN Netravalkar,1,0,,,,,,,,,
1381369,2023,2023-07-20,"Church Street Park, Morrisville",1,1.5,Los Angeles Knight Riders,Washington Freedom,JJ Roy,UBT Chand,SN Netravalkar,0,0,,,,,,,,,
1381369,2023,2023-07-20,"Church Street Park, Morrisville",1,1.6,Los Angeles Knight Riders,Washington Freedom,JJ Roy,UBT Chand,SN Netravalkar,0,0,,,,,,,,,
1381369,2023,2023-07-20,"Church Street Park, Morrisville",1,2.1,Los Angeles Knight Riders,Washington Freedom,UBT Chand,JJ Roy,M Jansen,0,1,,,,1,,,,,
1381369,2023,2023-07-20,"Church Street Park, Morrisville",1,2.2,Los Angeles Knight Riders,Washington Freedom,JJ Roy,UBT Chand,M Jansen,1,0,,,,,,,,,
1381369,2023,2023-07-20,"Church Street Park, Morrisville",1,2.3,Los Angeles Knight Riders,Washington Freedom,UBT Chand,JJ Roy,M Jansen,0,0,,,,,,,,,
1381369,2023,2023-07-20,"Church Street Park, Morrisville",1,2.4,Los Angeles Knight Riders,Washington Freedom,UBT Chand,JJ Roy,M Jansen,0,0,,,,,,,,,
1381369,2023,2023-07-20,"Church Street Park, Morrisville",1,2.5,Los Angeles Knight Riders,Washington Freedom,UBT Chand,JJ Roy,M Jansen,0,0,,,,,,,,,
1381369,2023,2023-07-20,"Church Street Park, Morrisville",1,2.6,Los Angeles Knight Riders,Washington Freedom,UBT Chand,JJ Roy,M Jansen,2,0,,,,,,,,,
1381369,2023,2023-07-20,"Church Street Park, Morrisville",1,3.1,Los Angeles Knight Riders,Washington Freedom,JJ Roy,UBT Chand,SN Netravalkar,4,0,,,,,,,,,
1381369,2023,2023-07-20,"Church Street Park, Morrisville",1,3.2,Los Angeles Knight Riders,Washington Freedom,JJ Roy,UBT Chand,SN Netravalkar,0,0,,,,,,lbw,JJ Roy,,
1381369,2023,2023-07-20,"Church Street Park, Morrisville",1,3.3,Los Angeles Knight Riders,Washington Freedom,NR Kumar,UBT Chand,SN Netravalkar,0,0,,,,,,,,,
1381369,2023,2023-07-20,"Church Street Park, Morrisville",1,3.4,Los Angeles Knight Riders,Washington Freedom,NR Kumar,UBT Chand,SN Netravalkar,0,0,,,,,,,,,
1381369,2023,2023-07-20,"Church Street Park, Morrisville",1,3.5,Los Angeles Knight Riders,Washington Freedom,NR Kumar,UBT Chand,SN Netravalkar,0,0,,,,,,,,,
1381369,2023,2023-07-20,"Church Street Park, Morrisville",1,3.6,Los Angeles Knight Riders,Washington Freedom,NR Kumar,UBT Chand,SN Netravalkar,2,0,,,,,,,,,
1381369,2023,2023-07-20,"Church Street Park, Morrisville",1,4.1,Los Angeles Knight Riders,Washington Freedom,UBT Chand,NR Kumar,A Nortje,0,0,,,,,,,,,
1381369,2023,2023-07-20,"Church Street Park, Morrisville",1,4.2,Los Angeles Knight Riders,Washington Freedom,UBT Chand,NR Kumar,A Nortje,2,0,,,,,,,,,
1381369,2023,2023-07-20,"Church Street Park, Morrisville",1,4.3,Los Angeles Knight Riders,Washington Freedom,UBT Chand,NR Kumar,A Nortje,0,0,,,,,,,,,
1381369,2023,2023-07-20,"Church Street Park, Morrisville",1,4.4,Los Angeles Knight Riders,Washington Freedom,UBT Chand,NR Kumar,A Nortje,0,0,,,,,,,,,
1381369,2023,2023-07-20,"Church Street Park, Morrisville",1,4.5,Los Angeles Knight Riders,Washington Freedom,UBT Chand,NR Kumar,A Nortje,0,2,2,,,,,,,,
1381369,2023,2023-07-20,"Church Street Park, Morrisville",1,4.6,Los Angeles Knight Riders,Washington Freedom,NR Kumar,UBT Chand,A Nortje,0,0,,,,,,,,,
1381369,2023,2023-07-20,"Church Street Park, Morrisville",1,4.7,Los Angeles Knight Riders,Washington Freedom,NR Kumar,UBT Chand,A Nortje,6,0,,,,,,,,,
1381369,2023,2023-07-20,"Church Street Park, Morrisville",1,5.1,Los Angeles Knight Riders,Washington Freedom,UBT Chand,NR Kumar,SN Netravalkar,4,0,,,,,,,,,
1381369,2023,2023-07-20,"Church Street Park, Morrisville",1,5.2,Los Angeles Knight Riders,Washington Freedom,UBT Chand,NR Kumar,SN Netravalkar,1,0,,,,,,,,,
1381369,2023,2023-07-20,"Church Street Park, Morrisville",1,5.3,Los Angeles Knight Riders,Washington Freedom,NR Kumar,UBT Chand,SN Netravalkar,1,0,,,,,,,,,
1381369,2023,2023-07-20,"Church Street Park, Morrisville",1,5.4,Los Angeles Knight Riders,Washington Freedom,UBT Chand,NR Kumar,SN Netravalkar,6,0,,,,,,,,,
1381369,2023,2023-07-20,"Church Street Park, Morrisville",1,5.5,Los Angeles Knight Riders,Washington Freedom,UBT Chand,NR Kumar,SN Netravalkar,0,0,,,,,,,,,
1381369,2023,2023-07-20,"Church Street Park, Morrisville",1,5.6,Los Angeles Knight Riders,Washington Freedom,UBT Chand,NR Kumar,SN Netravalkar,1,0,,,,,,,,,
1381369,2023,2023-07-20,"Church Street Park, Morrisville",1,6.1,Los Angeles Knight Riders,Washington Freedom,UBT Chand,NR Kumar,MC Henriques,1,0,,,,,,,,,
1381369,2023,2023-07-20,"Church Street Park, Morrisville",1,6.2,Los Angeles Knight Riders,Washington Freedom,NR Kumar,UBT Chand,MC Henriques,0,0,,,,,,caught,NR Kumar,,
1381369,2023,2023-07-20,"Church Street Park, Morrisville",1,6.3,Los Angeles Knight Riders,Washington Freedom,RR Rossouw,UBT Chand,MC Henriques,0,0,,,,,,,,,
1381369,2023,2023-07-20,"Church Street Park, Morrisville",1,6.4,Los Angeles Knight Riders,Washington Freedom,RR Rossouw,UBT Chand,MC Henriques,0,1,,,,1,,,,,
1381369,2023,2023-07-20,"Church Street Park, Morrisville",1,6.5,Los Angeles Knight Riders,Washington Freedom,UBT Chand,RR Rossouw,MC Henriques,0,0,,,,,,lbw,UBT Chand,,
1381369,2023,2023-07-20,"Church Street Park, Morrisville",1,6.6,Los Angeles Knight Riders,Washington Freedom,JS Malhotra,RR Rossouw,MC Henriques,0,0,,,,,,,,,
1381369,2023,2023-07-20,"Church Street Park, Morrisville",1,7.1,Los Angeles Knight Riders,Washington Freedom,RR Rossouw,JS Malhotra,DL Piedt,0,0,,,,,,,,,
1381369,2023,2023-07-20,"Church Street Park, Morrisville",1,7.2,Los Angeles Knight Riders,Washington Freedom,RR Rossouw,JS Malhotra,DL Piedt,1,0,,,,,,,,,
1381369,2023,2023-07-20,"Church Street Park, Morrisville",1,7.3,Los Angeles Knight Riders,Washington Freedom,JS Malhotra,RR Rossouw,DL Piedt,0,0,,,,,,,,,
1381369,2023,2023-07-20,"Church Street Park, Morrisville",1,7.4,Los Angeles Knight Riders,Washington Freedom,JS Malhotra,RR Rossouw,DL Piedt,0,0,,,,,,,,,
1381369,2023,2023-07-20,"Church Street Park, Morrisville",1,7.5,Los Angeles Knight Riders,Washington Freedom,JS Malhotra,RR Rossouw,DL Piedt,1,0,,,,,,,,,
1381369,2023,2023-07-20,"Church Street Park, Morrisville",1,7.6,Los Angeles Knight Riders,Washington Freedom,RR Rossouw,JS Malhotra,DL Piedt,1,0,,,,,,,,,
1381369,2023,2023-07-20,"Church Street Park, Morrisville",1,8.1,Los Angeles Knight Riders,Washington Freedom,RR Rossouw,JS Malhotra,MC Henriques,0,0,,,,,,,,,
1381369,2023,2023-07-20,"Church Street Park, Morrisville",1,8.2,Los Angeles Knight Riders,Washington Freedom,RR Rossouw,JS Malhotra,MC Henriques,6,0,,,,,,,,,
1381369,2023,2023-07-20,"Church Street Park, Morrisville",1,8.3,Los Angeles Knight Riders,Washington Freedom,RR Rossouw,JS Malhotra,MC Henriques,1,0,,,,,,,,,
1381369,2023,2023-07-20,"Church Street Park, Morrisville",1,8.4,Los Angeles Knight Riders,Washington Freedom,JS Malhotra,RR Rossouw,MC Henriques,6,0,,,,,,,,,
1381369,2023,2023-07-20,"Church Street Park, Morrisville",1,8.5,Los Angeles Knight Riders,Washington Freedom,JS Malhotra,RR Rossouw,MC Henriques,2,0,,,,,,,,,
1381369,2023,2023-07-20,"Church Street Park, Morrisville",1,8.6,Los Angeles Knight Riders,Washington Freedom,JS Malhotra,RR Rossouw,MC Henriques,1,0,,,,,,,,,
1381369,2023,2023-07-20,"Church Street Park, Morrisville",1,9.1,Los Angeles Knight Riders,Washington Freedom,JS Malhotra,RR Rossouw,A Nortje,1,0,,,,,,,,,
1381369,2023,2023-07-20,"Church Street Park, Morrisville",1,9.2,Los Angeles Knight Riders,Washington Freedom,RR Rossouw,JS Malhotra,A Nortje,0,0,,,,,,,,,
1381369,2023,2023-07-20,"Church Street Park, Morrisville",1,9.3,Los Angeles Knight Riders,Washington Freedom,RR Rossouw,JS Malhotra,A Nortje,1,0,,,,,,,,,
1381369,2023,2023-07-20,"Church Street Park, Morrisville",1,9.4,Los Angeles Knight Riders,Washington Freedom,JS Malhotra,RR Rossouw,A Nortje,1,0,,,,,,,,,
1381369,2023,2023-07-20,"Church Street Park, Morrisville",1,9.5,Los Angeles Knight Riders,Washington Freedom,RR Rossouw,JS Malhotra,A Nortje,0,0,,,,,,,,,
1381369,2023,2023-07-20,"Church Street Park, Morrisville",1,9.6,Los Angeles Knight Riders,Washington Freedom,RR Rossouw,JS Malhotra,A Nortje,1,0,,,,,,,,,
1381369,2023,2023-07-20,"Church Street Park, Morrisville",1,10.1,Los Angeles Knight Riders,Washington Freedom,RR Rossouw,JS Malhotra,AJ Hosein,6,0,,,,,,,,,
1381369,2023,2023-07-20,"Church Street Park, Morrisville",1,10.2,Los Angeles Knight Riders,Washington Freedom,RR Rossouw,JS Malhotra,AJ Hosein,1,0,,,,,,,,,
1381369,2023,2023-07-20,"Church Street Park, Morrisville",1,10.3,Los Angeles Knight Riders,Washington Freedom,JS Malhotra,RR Rossouw,AJ Hosein,0,0,,,,,,bowled,JS Malhotra,,
1381369,2023,2023-07-20,"Church Street Park, Morrisville",1,10.4,Los Angeles Knight Riders,Washington Freedom,AD Russell,RR Rossouw,AJ Hosein,0,0,,,,,,,,,
1381369,2023,2023-07-20,"Church Street Park, Morrisville",1,10.5,Los Angeles Knight Riders,Washington Freedom,AD Russell,RR Rossouw,AJ Hosein,0,0,,,,,,,,,
1381369,2023,2023-07-20,"Church Street Park, Morrisville",1,10.6,Los Angeles Knight Riders,Washington Freedom,AD Russell,RR Rossouw,AJ Hosein,0,0,,,,,,,,,
1381369,2023,2023-07-20,"Church Street Park, Morrisville",1,11.1,Los Angeles Knight Riders,Washington Freedom,RR Rossouw,AD Russell,DL Piedt,1,0,,,,,,,,,
1381369,2023,2023-07-20,"Church Street Park, Morrisville",1,11.2,Los Angeles Knight Riders,Washington Freedom,AD Russell,RR Rossouw,DL Piedt,0,0,,,,,,,,,
1381369,2023,2023-07-20,"Church Street Park, Morrisville",1,11.3,Los Angeles Knight Riders,Washington Freedom,AD Russell,RR Rossouw,DL Piedt,0,0,,,,,,,,,
1381369,2023,2023-07-20,"Church Street Park, Morrisville",1,11.4,Los Angeles Knight Riders,Washington Freedom,AD Russell,RR Rossouw,DL Piedt,0,0,,,,,,,,,
1381369,2023,2023-07-20,"Church Street Park, Morrisville",1,11.5,Los Angeles Knight Riders,Washington Freedom,AD Russell,RR Rossouw,DL Piedt,4,0,,,,,,,,,
1381369,2023,2023-07-20,"Church Street Park, Morrisville",1,11.6,Los Angeles Knight Riders,Washington Freedom,AD Russell,RR Rossouw,DL Piedt,0,0,,,,,,,,,
1381369,2023,2023-07-20,"Church Street Park, Morrisville",1,12.1,Los Angeles Knight Riders,Washington Freedom,RR Rossouw,AD Russell,AJ Hosein,1,0,,,,,,,,,
1381369,2023,2023-07-20,"Church Street Park, Morrisville",1,12.2,Los Angeles Knight Riders,Washington Freedom,AD Russell,RR Rossouw,AJ Hosein,6,0,,,,,,,,,
1381369,2023,2023-07-20,"Church Street Park, Morrisville",1,12.3,Los Angeles Knight Riders,Washington Freedom,AD Russell,RR Rossouw,AJ Hosein,1,0,,,,,,,,,
1381369,2023,2023-07-20,"Church Street Park, Morrisville",1,12.4,Los Angeles Knight Riders,Washington Freedom,RR Rossouw,AD Russell,AJ Hosein,6,0,,,,,,,,,
1381369,2023,2023-07-20,"Church Street Park, Morrisville",1,12.5,Los Angeles Knight Riders,Washington Freedom,RR Rossouw,AD Russell,AJ Hosein,1,0,,,,,,,,,
1381369,2023,2023-07-20,"Church Street Park, Morrisville",1,12.6,Los Angeles Knight Riders,Washington Freedom,AD Russell,RR Rossouw,AJ Hosein,1,0,,,,,,,,,
1381369,2023,2023-07-20,"Church Street Park, Morrisville",1,13.1,Los Angeles Knight Riders,Washington Freedom,AD Russell,RR Rossouw,A Nortje,0,0,,,,,,,,,
1381369,2023,2023-07-20,"Church Street Park, Morrisville",1,13.2,Los Angeles Knight Riders,Washington Freedom,AD Russell,RR Rossouw,A Nortje,0,0,,,,,,,,,
1381369,2023,2023-07-20,"Church Street Park, Morrisville",1,13.3,Los Angeles Knight Riders,Washington Freedom,AD Russell,RR Rossouw,A Nortje,1,0,,,,,,,,,
1381369,2023,2023-07-20,"Church Street Park, Morrisville",1,13.4,Los Angeles Knight Riders,Washington Freedom,RR Rossouw,AD Russell,A Nortje,0,0,,,,,,,,,
1381369,2023,2023-07-20,"Church Street Park, Morrisville",1,13.5,Los Angeles Knight Riders,Washington Freedom,RR Rossouw,AD Russell,A Nortje,1,0,,,,,,,,,
1381369,2023,2023-07-20,"Church Street Park, Morrisville",1,13.6,Los Angeles Knight Riders,Washington Freedom,AD Russell,RR Rossouw,A Nortje,4,1,,1,,,,,,,
1381369,2023,2023-07-20,"Church Street Park, Morrisville",1,13.7,Los Angeles Knight Riders,Washington Freedom,AD Russell,RR Rossouw,A Nortje,1,0,,,,,,,,,
1381369,2023,2023-07-20,"Church Street Park, Morrisville",1,14.1,Los Angeles Knight Riders,Washington Freedom,AD Russell,RR Rossouw,M Jansen,6,0,,,,,,,,,
1381369,2023,2023-07-20,"Church Street Park, Morrisville",1,14.2,Los Angeles Knight Riders,Washington Freedom,AD Russell,RR Rossouw,M Jansen,0,2,,,,2,,,,,
1381369,2023,2023-07-20,"Church Street Park, Morrisville",1,14.3,Los Angeles Knight Riders,Washington Freedom,AD Russell,RR Rossouw,M Jansen,1,0,,,,,,,,,
1381369,2023,2023-07-20,"Church Street Park, Morrisville",1,14.4,Los Angeles Knight Riders,Washington Freedom,RR Rossouw,AD Russell,M Jansen,1,0,,,,,,,,,
1381369,2023,2023-07-20,"Church Street Park, Morrisville",1,14.5,Los Angeles Knight Riders,Washington Freedom,AD Russell,RR Rossouw,M Jansen,0,0,,,,,,,,,
1381369,2023,2023-07-20,"Church Street Park, Morrisville",1,14.6,Los Angeles Knight Riders,Washington Freedom,AD Russell,RR Rossouw,M Jansen,0,1,1,,,,,,,,
1381369,2023,2023-07-20,"Church Street Park, Morrisville",1,14.7,Los Angeles Knight Riders,Washington Freedom,AD Russell,RR Rossouw,M Jansen,4,0,,,,,,,,,
1381369,2023,2023-07-20,"Church Street Park, Morrisville",1,15.1,Los Angeles Knight Riders,Washington Freedom,RR Rossouw,AD Russell,AJ Hosein,1,0,,,,,,,,,
1381369,2023,2023-07-20,"Church Street Park, Morrisville",1,15.2,Los Angeles Knight Riders,Washington Freedom,AD Russell,RR Rossouw,AJ Hosein,6,0,,,,,,,,,
1381369,2023,2023-07-20,"Church Street Park, Morrisville",1,15.3,Los Angeles Knight Riders,Washington Freedom,AD Russell,RR Rossouw,AJ Hosein,0,0,,,,,,,,,
1381369,2023,2023-07-20,"Church Street Park, Morrisville",1,15.4,Los Angeles Knight Riders,Washington Freedom,AD Russell,RR Rossouw,AJ Hosein,0,1,1,,,,,,,,
1381369,2023,2023-07-20,"Church Street Park, Morrisville",1,15.5,Los Angeles Knight Riders,Washington Freedom,AD Russell,RR Rossouw,AJ Hosein,6,0,,,,,,,,,
1381369,2023,2023-07-20,"Church Street Park, Morrisville",1,15.6,Los Angeles Knight Riders,Washington Freedom,AD Russell,RR Rossouw,AJ Hosein,0,0,,,,,,,,,
1381369,2023,2023-07-20,"Church Street Park, Morrisville",1,15.7,Los Angeles Knight Riders,Washington Freedom,AD Russell,RR Rossouw,AJ Hosein,0,0,,,,,,,,,
1381369,2023,2023-07-20,"Church Street Park, Morrisville",1,16.1,Los Angeles Knight Riders,Washington Freedom,RR Rossouw,AD Russell,SN Netravalkar,1,0,,,,,,,,,
1381369,2023,2023-07-20,"Church Street Park, Morrisville",1,16.2,Los Angeles Knight Riders,Washington Freedom,AD Russell,RR Rossouw,SN Netravalkar,1,0,,,,,,,,,
1381369,2023,2023-07-20,"Church Street Park, Morrisville",1,16.3,Los Angeles Knight Riders,Washington Freedom,RR Rossouw,AD Russell,SN Netravalkar,1,0,,,,,,,,,
1381369,2023,2023-07-20,"Church Street Park, Morrisville",1,16.4,Los Angeles Knight Riders,Washington Freedom,AD Russell,RR Rossouw,SN Netravalkar,4,0,,,,,,,,,
1381369,2023,2023-07-20,"Church Street Park, Morrisville",1,16.5,Los Angeles Knight Riders,Washington Freedom,AD Russell,RR Rossouw,SN Netravalkar,6,0,,,,,,,,,
1381369,2023,2023-07-20,"Church Street Park, Morrisville",1,16.6,Los Angeles Knight Riders,Washington Freedom,AD Russell,RR Rossouw,SN Netravalkar,6,0,,,,,,,,,
1381369,2023,2023-07-20,"Church Street Park, Morrisville",1,17.1,Los Angeles Knight Riders,Washington Freedom,RR Rossouw,AD Russell,A Nortje,0,0,,,,,,,,,
1381369,2023,2023-07-20,"Church Street Park, Morrisville",1,17.2,Los Angeles Knight Riders,Washington Freedom,RR Rossouw,AD Russell,A Nortje,0,0,,,,,,,,,
1381369,2023,2023-07-20,"Church Street Park, Morrisville",1,17.3,Los Angeles Knight Riders,Washington Freedom,RR Rossouw,AD Russell,A Nortje,2,0,,,,,,,,,
1381369,2023,2023-07-20,"Church Street Park, Morrisville",1,17.4,Los Angeles Knight Riders,Washington Freedom,RR Rossouw,AD Russell,A Nortje,6,0,,,,,,,,,
1381369,2023,2023-07-20,"Church Street Park, Morrisville",1,17.5,Los Angeles Knight Riders,Washington Freedom,RR Rossouw,AD Russell,A Nortje,1,0,,,,,,,,,
1381369,2023,2023-07-20,"Church Street Park, Morrisville",1,17.6,Los Angeles Knight Riders,Washington Freedom,AD Russell,RR Rossouw,A Nortje,0,0,,,,,,,,,
1381369,2023,2023-07-20,"Church Street Park, Morrisville",1,18.1,Los Angeles Knight Riders,Washington Freedom,RR Rossouw,AD Russell,M Jansen,0,0,,,,,,caught,RR Rossouw,,
1381369,2023,2023-07-20,"Church Street Park, Morrisville",1,18.2,Los Angeles Knight Riders,Washington Freedom,SP Narine,AD Russell,M Jansen,0,0,,,,,,,,,
1381369,2023,2023-07-20,"Church Street Park, Morrisville",1,18.3,Los Angeles Knight Riders,Washington Freedom,SP Narine,AD Russell,M Jansen,0,0,,,,,,caught,SP Narine,,
1381369,2023,2023-07-20,"Church Street Park, Morrisville",1,18.4,Los Angeles Knight Riders,Washington Freedom,CA Dry,AD Russell,M Jansen,6,0,,,,,,,,,
1381369,2023,2023-07-20,"Church Street Park, Morrisville",1,18.5,Los Angeles Knight Riders,Washington Freedom,CA Dry,AD Russell,M Jansen,1,0,,,,,,,,,
1381369,2023,2023-07-20,"Church Street Park, Morrisville",1,18.6,Los Angeles Knight Riders,Washington Freedom,AD Russell,CA Dry,M Jansen,0,1,,1,,,,,,,
1381369,2023,2023-07-20,"Church Street Park, Morrisville",1,18.7,Los Angeles Knight Riders,Washington Freedom,AD Russell,CA Dry,M Jansen,4,0,,,,,,,,,
1381369,2023,2023-07-20,"Church Street Park, Morrisville",1,19.1,Los Angeles Knight Riders,Washington Freedom,CA Dry,AD Russell,MC Henriques,0,0,,,,,,caught,CA Dry,,
1381369,2023,2023-07-20,"Church Street Park, Morrisville",1,19.2,Los Angeles Knight Riders,Washington Freedom,A Zampa,AD Russell,MC Henriques,1,0,,,,,,,,,
1381369,2023,2023-07-20,"Church Street Park, Morrisville",1,19.3,Los Angeles Knight Riders,Washington Freedom,AD Russell,A Zampa,MC Henriques,2,0,,,,,,,,,
1381369,2023,2023-07-20,"Church Street Park, Morrisville",1,19.4,Los Angeles Knight Riders,Washington Freedom,AD Russell,A Zampa,MC Henriques,4,0,,,,,,,,,
1381369,2023,2023-07-20,"Church Street Park, Morrisville",1,19.5,Los Angeles Knight Riders,Washington Freedom,AD Russell,A Zampa,MC Henriques,0,0,,,,,,,,,
1381369,2023,2023-07-20,"Church Street Park, Morrisville",1,19.6,Los Angeles Knight Riders,Washington Freedom,AD Russell,A Zampa,MC Henriques,2,0,,,,,,,,,
1381369,2023,2023-07-20,"Church Street Park, Morrisville",2,0.1,Washington Freedom,Los Angeles Knight Riders,MW Short,AGS Gous,SH Johnson,4,0,,,,,,,,,
1381369,2023,2023-07-20,"Church Street Park, Morrisville",2,0.2,Washington Freedom,Los Angeles Knight Riders,MW Short,AGS Gous,SH Johnson,4,0,,,,,,,,,
1381369,2023,2023-07-20,"Church Street Park, Morrisville",2,0.3,Washington Freedom,Los Angeles Knight Riders,MW Short,AGS Gous,SH Johnson,0,0,,,,,,,,,
1381369,2023,2023-07-20,"Church Street Park, Morrisville",2,0.4,Washington Freedom,Los Angeles Knight Riders,MW Short,AGS Gous,SH Johnson,6,0,,,,,,,,,
1381369,2023,2023-07-20,"Church Street Park, Morrisville",2,0.5,Washington Freedom,Los Angeles Knight Riders,MW Short,AGS Gous,SH Johnson,0,0,,,,,,,,,
1381369,2023,2023-07-20,"Church Street Park, Morrisville",2,0.6,Washington Freedom,Los Angeles Knight Riders,MW Short,AGS Gous,SH Johnson,1,0,,,,,,,,,
1381369,2023,2023-07-20,"Church Street Park, Morrisville",2,1.1,Washington Freedom,Los Angeles Knight Riders,MW Short,AGS Gous,Ali Khan,1,0,,,,,,,,,
1381369,2023,2023-07-20,"Church Street Park, Morrisville",2,1.2,Washington Freedom,Los Angeles Knight Riders,AGS Gous,MW Short,Ali Khan,4,0,,,,,,,,,
1381369,2023,2023-07-20,"Church Street Park, Morrisville",2,1.3,Washington Freedom,Los Angeles Knight Riders,AGS Gous,MW Short,Ali Khan,4,0,,,,,,,,,
1381369,2023,2023-07-20,"Church Street Park, Morrisville",2,1.4,Washington Freedom,Los Angeles Knight Riders,AGS Gous,MW Short,Ali Khan,0,0,,,,,,,,,
1381369,2023,2023-07-20,"Church Street Park, Morrisville",2,1.5,Washington Freedom,Los Angeles Knight Riders,AGS Gous,MW Short,Ali Khan,4,0,,,,,,,,,
1381369,2023,2023-07-20,"Church Street Park, Morrisville",2,1.6,Washington Freedom,Los Angeles Knight Riders,AGS Gous,MW Short,Ali Khan,6,0,,,,,,,,,
1381369,2023,2023-07-20,"Church Street Park, Morrisville",2,2.1,Washington Freedom,Los Angeles Knight Riders,MW Short,AGS Gous,A Zampa,1,0,,,,,,,,,
1381369,2023,2023-07-20,"Church Street Park, Morrisville",2,2.2,Washington Freedom,Los Angeles Knight Riders,AGS Gous,MW Short,A Zampa,2,0,,,,,,,,,
1381369,2023,2023-07-20,"Church Street Park, Morrisville",2,2.3,Washington Freedom,Los Angeles Knight Riders,AGS Gous,MW Short,A Zampa,0,4,,,4,,,,,,
1381369,2023,2023-07-20,"Church Street Park, Morrisville",2,2.4,Washington Freedom,Los Angeles Knight Riders,AGS Gous,MW Short,A Zampa,1,0,,,,,,,,,
1381369,2023,2023-07-20,"Church Street Park, Morrisville",2,2.5,Washington Freedom,Los Angeles Knight Riders,MW Short,AGS Gous,A Zampa,0,0,,,,,,,,,
1381369,2023,2023-07-20,"Church Street Park, Morrisville",2,2.6,Washington Freedom,Los Angeles Knight Riders,MW Short,AGS Gous,A Zampa,1,0,,,,,,,,,
1381369,2023,2023-07-20,"Church Street Park, Morrisville",2,3.1,Washington Freedom,Los Angeles Knight Riders,MW Short,AGS Gous,CA Dry,0,0,,,,,,,,,
1381369,2023,2023-07-20,"Church Street Park, Morrisville",2,3.2,Washington Freedom,Los Angeles Knight Riders,MW Short,AGS Gous,CA Dry,4,0,,,,,,,,,
1381369,2023,2023-07-20,"Church Street Park, Morrisville",2,3.3,Washington Freedom,Los Angeles Knight Riders,MW Short,AGS Gous,CA Dry,0,0,,,,,,,,,
1381369,2023,2023-07-20,"Church Street Park, Morrisville",2,3.4,Washington Freedom,Los Angeles Knight Riders,MW Short,AGS Gous,CA Dry,1,0,,,,,,,,,
1381369,2023,2023-07-20,"Church Street Park, Morrisville",2,3.5,Washington Freedom,Los Angeles Knight Riders,AGS Gous,MW Short,CA Dry,6,0,,,,,,,,,
1381369,2023,2023-07-20,"Church Street Park, Morrisville",2,3.6,Washington Freedom,Los Angeles Knight Riders,AGS Gous,MW Short,CA Dry,4,0,,,,,,,,,
1381369,2023,2023-07-20,"Church Street Park, Morrisville",2,4.1,Washington Freedom,Los Angeles Knight Riders,MW Short,AGS Gous,SP Narine,1,0,,,,,,,,,
1381369,2023,2023-07-20,"Church Street Park, Morrisville",2,4.2,Washington Freedom,Los Angeles Knight Riders,AGS Gous,MW Short,SP Narine,2,0,,,,,,,,,
1381369,2023,2023-07-20,"Church Street Park, Morrisville",2,4.3,Washington Freedom,Los Angeles Knight Riders,AGS Gous,MW Short,SP Narine,2,0,,,,,,,,,
1381369,2023,2023-07-20,"Church Street Park, Morrisville",2,4.4,Washington Freedom,Los Angeles Knight Riders,AGS Gous,MW Short,SP Narine,1,0,,,,,,,,,
1381369,2023,2023-07-20,"Church Street Park, Morrisville",2,4.5,Washington Freedom,Los Angeles Knight Riders,MW Short,AGS Gous,SP Narine,0,0,,,,,,,,,
1381369,2023,2023-07-20,"Church Street Park, Morrisville",2,4.6,Washington Freedom,Los Angeles Knight Riders,MW Short,AGS Gous,SP Narine,0,0,,,,,,,,,
1381369,2023,2023-07-20,"Church Street Park, Morrisville",2,5.1,Washington Freedom,Los Angeles Knight Riders,AGS Gous,MW Short,SH Johnson,4,0,,,,,,,,,
1381369,2023,2023-07-20,"Church Street Park, Morrisville",2,5.2,Washington Freedom,Los Angeles Knight Riders,AGS Gous,MW Short,SH Johnson,0,0,,,,,,caught,AGS Gous,,
1381369,2023,2023-07-20,"Church Street Park, Morrisville",2,5.3,Washington Freedom,Los Angeles Knight Riders,Mukhtar Ahmed,MW Short,SH Johnson,1,0,,,,,,,,,
1381369,2023,2023-07-20,"Church Street Park, Morrisville",2,5.4,Washington Freedom,Los Angeles Knight Riders,MW Short,Mukhtar Ahmed,SH Johnson,1,0,,,,,,,,,
1381369,2023,2023-07-20,"Church Street Park, Morrisville",2,5.5,Washington Freedom,Los Angeles Knight Riders,Mukhtar Ahmed,MW Short,SH Johnson,0,0,,,,,,,,,
1381369,2023,2023-07-20,"Church Street Park, Morrisville",2,5.6,Washington Freedom,Los Angeles Knight Riders,Mukhtar Ahmed,MW Short,SH Johnson,4,0,,,,,,,,,
1381369,2023,2023-07-20,"Church Street Park, Morrisville",2,6.1,Washington Freedom,Los Angeles Knight Riders,MW Short,Mukhtar Ahmed,SP Narine,3,0,,,,,,,,,
1381369,2023,2023-07-20,"Church Street Park, Morrisville",2,6.2,Washington Freedom,Los Angeles Knight Riders,Mukhtar Ahmed,MW Short,SP Narine,1,0,,,,,,,,,
1381369,2023,2023-07-20,"Church Street Park, Morrisville",2,6.3,Washington Freedom,Los Angeles Knight Riders,MW Short,Mukhtar Ahmed,SP Narine,2,0,,,,,,,,,
1381369,2023,2023-07-20,"Church Street Park, Morrisville",2,6.4,Washington Freedom,Los Angeles Knight Riders,MW Short,Mukhtar Ahmed,SP Narine,0,0,,,,,,,,,
1381369,2023,2023-07-20,"Church Street Park, Morrisville",2,6.5,Washington Freedom,Los Angeles Knight Riders,MW Short,Mukhtar Ahmed,SP Narine,1,0,,,,,,,,,
1381369,2023,2023-07-20,"Church Street Park, Morrisville",2,6.6,Washington Freedom,Los Angeles Knight Riders,Mukhtar Ahmed,MW Short,SP Narine,0,0,,,,,,,,,
1381369,2023,2023-07-20,"Church Street Park, Morrisville",2,7.1,Washington Freedom,Los Angeles Knight Riders,MW Short,Mukhtar Ahmed,A Zampa,2,0,,,,,,,,,
1381369,2023,2023-07-20,"Church Street Park, Morrisville",2,7.2,Washington Freedom,Los Angeles Knight Riders,MW Short,Mukhtar Ahmed,A Zampa,1,0,,,,,,,,,
1381369,2023,2023-07-20,"Church Street Park, Morrisville",2,7.3,Washington Freedom,Los Angeles Knight Riders,Mukhtar Ahmed,MW Short,A Zampa,1,0,,,,,,,,,
1381369,2023,2023-07-20,"Church Street Park, Morrisville",2,7.4,Washington Freedom,Los Angeles Knight Riders,MW Short,Mukhtar Ahmed,A Zampa,1,0,,,,,,,,,
1381369,2023,2023-07-20,"Church Street Park, Morrisville",2,7.5,Washington Freedom,Los Angeles Knight Riders,Mukhtar Ahmed,MW Short,A Zampa,4,0,,,,,,,,,
1381369,2023,2023-07-20,"Church Street Park, Morrisville",2,7.6,Washington Freedom,Los Angeles Knight Riders,Mukhtar Ahmed,MW Short,A Zampa,4,0,,,,,,,,,
1381369,2023,2023-07-20,"Church Street Park, Morrisville",2,8.1,Washington Freedom,Los Angeles Knight Riders,MW Short,Mukhtar Ahmed,Ali Khan,0,0,,,,,,,,,
1381369,2023,2023-07-20,"Church Street Park, Morrisville",2,8.2,Washington Freedom,Los Angeles Knight Riders,MW Short,Mukhtar Ahmed,Ali Khan,0,1,,,,1,,,,,
1381369,2023,2023-07-20,"Church Street Park, Morrisville",2,8.3,Washington Freedom,Los Angeles Knight Riders,Mukhtar Ahmed,MW Short,Ali Khan,0,0,,,,,,,,,
1381369,2023,2023-07-20,"Church Street Park, Morrisville",2,8.4,Washington Freedom,Los Angeles Knight Riders,Mukhtar Ahmed,MW Short,Ali Khan,0,1,1,,,,,,,,
1381369,2023,2023-07-20,"Church Street Park, Morrisville",2,8.5,Washington Freedom,Los Angeles Knight Riders,Mukhtar Ahmed,MW Short,Ali Khan,0,0,,,,,,,,,
1381369,2023,2023-07-20,"Church Street Park, Morrisville",2,8.6,Washington Freedom,Los Angeles Knight Riders,Mukhtar Ahmed,MW Short,Ali Khan,0,0,,,,,,caught,Mukhtar Ahmed,,
1381369,2023,2023-07-20,"Church Street Park, Morrisville",2,8.7,Washington Freedom,Los Angeles Knight Riders,GD Phillips,MW Short,Ali Khan,1,0,,,,,,,,,
1381369,2023,2023-07-20,"Church Street Park, Morrisville",2,9.1,Washington Freedom,Los Angeles Knight Riders,GD Phillips,MW Short,A Zampa,0,0,,,,,,,,,
1381369,2023,2023-07-20,"Church Street Park, Morrisville",2,9.2,Washington Freedom,Los Angeles Knight Riders,GD Phillips,MW Short,A Zampa,6,0,,,,,,,,,
1381369,2023,2023-07-20,"Church Street Park, Morrisville",2,9.3,Washington Freedom,Los Angeles Knight Riders,GD Phillips,MW Short,A Zampa,1,0,,,,,,,,,
1381369,2023,2023-07-20,"Church Street Park, Morrisville",2,9.4,Washington Freedom,Los Angeles Knight Riders,MW Short,GD Phillips,A Zampa,1,0,,,,,,,,,
1381369,2023,2023-07-20,"Church Street Park, Morrisville",2,9.5,Washington Freedom,Los Angeles Knight Riders,GD Phillips,MW Short,A Zampa,0,0,,,,,,,,,
1381369,2023,2023-07-20,"Church Street Park, Morrisville",2,9.6,Washington Freedom,Los Angeles Knight Riders,GD Phillips,MW Short,A Zampa,2,0,,,,,,,,,
1381369,2023,2023-07-20,"Church Street Park, Morrisville",2,10.1,Washington Freedom,Los Angeles Knight Riders,MW Short,GD Phillips,Ali Khan,3,0,,,,,,,,,
1381369,2023,2023-07-20,"Church Street Park, Morrisville",2,10.2,Washington Freedom,Los Angeles Knight Riders,GD Phillips,MW Short,Ali Khan,1,0,,,,,,,,,
1381369,2023,2023-07-20,"Church Street Park, Morrisville",2,10.3,Washington Freedom,Los Angeles Knight Riders,MW Short,GD Phillips,Ali Khan,0,1,,,,1,,,,,
1381369,2023,2023-07-20,"Church Street Park, Morrisville",2,10.4,Washington Freedom,Los Angeles Knight Riders,GD Phillips,MW Short,Ali Khan,6,0,,,,,,,,,
1381369,2023,2023-07-20,"Church Street Park, Morrisville",2,10.5,Washington Freedom,Los Angeles Knight Riders,GD Phillips,MW Short,Ali Khan,2,0,,,,,,,,,
1381369,2023,2023-07-20,"Church Street Park, Morrisville",2,10.6,Washington Freedom,Los Angeles Knight Riders,GD Phillips,MW Short,Ali Khan,1,0,,,,,,,,,
1381369,2023,2023-07-20,"Church Street Park, Morrisville",2,11.1,Washington Freedom,Los Angeles Knight Riders,GD Phillips,MW Short,CA Dry,2,0,,,,,,,,,
1381369,2023,2023-07-20,"Church Street Park, Morrisville",2,11.2,Washington Freedom,Los Angeles Knight Riders,GD Phillips,MW Short,CA Dry,4,0,,,,,,,,,
1381369,2023,2023-07-20,"Church Street Park, Morrisville",2,11.3,Washington Freedom,Los Angeles Knight Riders,GD Phillips,MW Short,CA Dry,0,0,,,,,,,,,
1381369,2023,2023-07-20,"Church Street Park, Morrisville",2,11.4,Washington Freedom,Los Angeles Knight Riders,GD Phillips,MW Short,CA Dry,1,0,,,,,,,,,
1381369,2023,2023-07-20,"Church Street Park, Morrisville",2,11.5,Washington Freedom,Los Angeles Knight Riders,MW Short,GD Phillips,CA Dry,2,0,,,,,,,,,
1381369,2023,2023-07-20,"Church Street Park, Morrisville",2,11.6,Washington Freedom,Los Angeles Knight Riders,MW Short,GD Phillips,CA Dry,1,0,,,,,,,,,
1381369,2023,2023-07-20,"Church Street Park, Morrisville",2,12.1,Washington Freedom,Los Angeles Knight Riders,MW Short,GD Phillips,SP Narine,0,0,,,,,,,,,
1381369,2023,2023-07-20,"Church Street Park, Morrisville",2,12.2,Washington Freedom,Los Angeles Knight Riders,MW Short,GD Phillips,SP Narine,1,0,,,,,,,,,
1381369,2023,2023-07-20,"Church Street Park, Morrisville",2,12.3,Washington Freedom,Los Angeles Knight Riders,GD Phillips,MW Short,SP Narine,0,0,,,,,,,,,
1381369,2023,2023-07-20,"Church Street Park, Morrisville",2,12.4,Washington Freedom,Los Angeles Knight Riders,GD Phillips,MW Short,SP Narine,0,0,,,,,,,,,
1381369,2023,2023-07-20,"Church Street Park, Morrisville",2,12.5,Washington Freedom,Los Angeles Knight Riders,GD Phillips,MW Short,SP Narine,1,0,,,,,,,,,
1381369,2023,2023-07-20,"Church Street Park, Morrisville",2,12.6,Washington Freedom,Los Angeles Knight Riders,MW Short,GD Phillips,SP Narine,0,1,1,,,,,,,,
1381369,2023,2023-07-20,"Church Street Park, Morrisville",2,12.7,Washington Freedom,Los Angeles Knight Riders,MW Short,GD Phillips,SP Narine,0,0,,,,,,bowled,MW Short,,
1381369,2023,2023-07-20,"Church Street Park, Morrisville",2,13.1,Washington Freedom,Los Angeles Knight Riders,GD Phillips,MC Henriques,A Zampa,1,0,,,,,,,,,
1381369,2023,2023-07-20,"Church Street Park, Morrisville",2,13.2,Washington Freedom,Los Angeles Knight Riders,MC Henriques,GD Phillips,A Zampa,1,0,,,,,,,,,
1381369,2023,2023-07-20,"Church Street Park, Morrisville",2,13.3,Washington Freedom,Los Angeles Knight Riders,GD Phillips,MC Henriques,A Zampa,0,0,,,,,,caught,GD Phillips,,
1381369,2023,2023-07-20,"Church Street Park, Morrisville",2,13.4,Washington Freedom,Los Angeles Knight Riders,AJ Pienaar,MC Henriques,A Zampa,1,0,,,,,,,,,
1381369,2023,2023-07-20,"Church Street Park, Morrisville",2,13.5,Washington Freedom,Los Angeles Knight Riders,MC Henriques,AJ Pienaar,A Zampa,4,0,,,,,,,,,
1381369,2023,2023-07-20,"Church Street Park, Morrisville",2,13.6,Washington Freedom,Los Angeles Knight Riders,MC Henriques,AJ Pienaar,A Zampa,1,0,,,,,,,,,
1381369,2023,2023-07-20,"Church Street Park, Morrisville",2,14.1,Washington Freedom,Los Angeles Knight Riders,MC Henriques,AJ Pienaar,SH Johnson,4,0,,,,,,,,,
1381369,2023,2023-07-20,"Church Street Park, Morrisville",2,14.2,Washington Freedom,Los Angeles Knight Riders,MC Henriques,AJ Pienaar,SH Johnson,0,0,,,,,,,,,
1381369,2023,2023-07-20,"Church Street Park, Morrisville",2,14.3,Washington Freedom,Los Angeles Knight Riders,MC Henriques,AJ Pienaar,SH Johnson,1,0,,,,,,,,,
1381369,2023,2023-07-20,"Church Street Park, Morrisville",2,14.4,Washington Freedom,Los Angeles Knight Riders,AJ Pienaar,MC Henriques,SH Johnson,4,0,,,,,,,,,
1381369,2023,2023-07-20,"Church Street Park, Morrisville",2,14.5,Washington Freedom,Los Angeles Knight Riders,AJ Pienaar,MC Henriques,SH Johnson,4,0,,,,,,,,,
1381369,2023,2023-07-20,"Church Street Park, Morrisville",2,14.6,Washington Freedom,Los Angeles Knight Riders,AJ Pienaar,MC Henriques,SH Johnson,1,0,,,,,,,,,
1381369,2023,2023-07-20,"Church Street Park, Morrisville",2,15.1,Washington Freedom,Los Angeles Knight Riders,AJ Pienaar,MC Henriques,CA Dry,1,0,,,,,,,,,
1381369,2023,2023-07-20,"Church Street Park, Morrisville",2,15.2,Washington Freedom,Los Angeles Knight Riders,MC Henriques,AJ Pienaar,CA Dry,1,0,,,,,,,,,
1381369,2023,2023-07-20,"Church Street Park, Morrisville",2,15.3,Washington Freedom,Los Angeles Knight Riders,AJ Pienaar,MC Henriques,CA Dry,1,0,,,,,,,,,
1381369,2023,2023-07-20,"Church Street Park, Morrisville",2,15.4,Washington Freedom,Los Angeles Knight Riders,MC Henriques,AJ Pienaar,CA Dry,1,0,,,,,,,,,
1381369,2023,2023-07-20,"Church Street Park, Morrisville",2,15.5,Washington Freedom,Los Angeles Knight Riders,AJ Pienaar,MC Henriques,CA Dry,1,0,,,,,,,,,
1381369,2023,2023-07-20,"Church Street Park, Morrisville",2,15.6,Washington Freedom,Los Angeles Knight Riders,MC Henriques,AJ Pienaar,CA Dry,0,0,,,,,,,,,
1381369,2023,2023-07-20,"Church Street Park, Morrisville",2,16.1,Washington Freedom,Los Angeles Knight Riders,AJ Pienaar,MC Henriques,SP Narine,0,0,,,,,,,,,
1381369,2023,2023-07-20,"Church Street Park, Morrisville",2,16.2,Washington Freedom,Los Angeles Knight Riders,AJ Pienaar,MC Henriques,SP Narine,0,0,,,,,,,,,
1381369,2023,2023-07-20,"Church Street Park, Morrisville",2,16.3,Washington Freedom,Los Angeles Knight Riders,AJ Pienaar,MC Henriques,SP Narine,2,0,,,,,,,,,
1381369,2023,2023-07-20,"Church Street Park, Morrisville",2,16.4,Washington Freedom,Los Angeles Knight Riders,AJ Pienaar,MC Henriques,SP Narine,1,0,,,,,,,,,
1381369,2023,2023-07-20,"Church Street Park, Morrisville",2,16.5,Washington Freedom,Los Angeles Knight Riders,MC Henriques,AJ Pienaar,SP Narine,1,0,,,,,,,,,
1381369,2023,2023-07-20,"Church Street Park, Morrisville",2,16.6,Washington Freedom,Los Angeles Knight Riders,AJ Pienaar,MC Henriques,SP Narine,0,0,,,,,,,,,
1381369,2023,2023-07-20,"Church Street Park, Morrisville",2,17.1,Washington Freedom,Los Angeles Knight Riders,MC Henriques,AJ Pienaar,CA Dry,1,0,,,,,,,,,
1381369,2023,2023-07-20,"Church Street Park, Morrisville",2,17.2,Washington Freedom,Los Angeles Knight Riders,AJ Pienaar,MC Henriques,CA Dry,1,0,,,,,,,,,
1381369,2023,2023-07-20,"Church Street Park, Morrisville",2,17.3,Washington Freedom,Los Angeles Knight Riders,MC Henriques,AJ Pienaar,CA Dry,1,0,,,,,,,,,
1381369,2023,2023-07-20,"Church Street Park, Morrisville",2,17.4,Washington Freedom,Los Angeles Knight Riders,AJ Pienaar,MC Henriques,CA Dry,4,0,,,,,,,,,
1381369,2023,2023-07-20,"Church Street Park, Morrisville",2,17.5,Washington Freedom,Los Angeles Knight Riders,AJ Pienaar,MC Henriques,CA Dry,0,0,,,,,,,,,
1381369,2023,2023-07-20,"Church Street Park, Morrisville",2,17.6,Washington Freedom,Los Angeles Knight Riders,AJ Pienaar,MC Henriques,CA Dry,1,0,,,,,,,,,
1381369,2023,2023-07-20,"Church Street Park, Morrisville",2,18.1,Washington Freedom,Los Angeles Knight Riders,AJ Pienaar,MC Henriques,Ali Khan,4,0,,,,,,,,,
