match_id,season,start_date,venue,innings,ball,batting_team,bowling_team,striker,non_striker,bowler,runs_off_bat,extras,wides,noballs,byes,legbyes,penalty,wicket_type,player_dismissed,other_wicket_type,other_player_dismissed
1381362,2023,2023-07-14,Grand Prairie Stadium,1,0.1,San Francisco Unicorns,MI New York,FH Allen,MS Wade,TA Boult,1,0,,,,,,,,,
1381362,2023,2023-07-14,Grand Prairie Stadium,1,0.2,San Francisco Unicorns,MI New York,MS Wade,FH Allen,TA Boult,0,0,,,,,,,,,
1381362,2023,2023-07-14,Grand Prairie Stadium,1,0.3,San Francisco Unicorns,MI New York,MS Wade,FH Allen,TA Boult,0,0,,,,,,,,,
1381362,2023,2023-07-14,Grand Prairie Stadium,1,0.4,San Francisco Unicorns,MI New York,MS Wade,FH Allen,TA Boult,4,0,,,,,,,,,
1381362,2023,2023-07-14,Grand Prairie Stadium,1,0.5,San Francisco Unicorns,MI New York,MS Wade,FH Allen,TA Boult,0,0,,,,,,,,,
1381362,2023,2023-07-14,Grand Prairie Stadium,1,0.6,San Francisco Unicorns,MI New York,MS Wade,FH Allen,TA Boult,1,0,,,,,,,,,
1381362,2023,2023-07-14,Grand Prairie Stadium,1,1.1,San Francisco Unicorns,MI New York,MS Wade,FH Allen,K Rabada,0,0,,,,,,lbw,MS Wade,,
1381362,2023,2023-07-14,Grand Prairie Stadium,1,1.2,San Francisco Unicorns,MI New York,MP Stoinis,FH Allen,K Rabada,0,0,,,,,,,,,
1381362,2023,2023-07-14,Grand Prairie Stadium,1,1.3,San Francisco Unicorns,MI New York,MP Stoinis,FH Allen,K Rabada,4,0,,,,,,,,,
1381362,2023,2023-07-14,Grand Prairie Stadium,1,1.4,San Francisco Unicorns,MI New York,MP Stoinis,FH Allen,K Rabada,0,0,,,,,,,,,
1381362,2023,2023-07-14,Grand Prairie Stadium,1,1.5,San Francisco Unicorns,MI New York,MP Stoinis,FH Allen,K Rabada,0,0,,,,,,,,,
1381362,2023,2023-07-14,Grand Prairie Stadium,1,1.6,San Francisco Unicorns,MI New York,MP Stoinis,FH Allen,K Rabada,0,0,,,,,,,,,
1381362,2023,2023-07-14,Grand Prairie Stadium,1,2.1,San Francisco Unicorns,MI New York,FH Allen,MP Stoinis,TA Boult,4,0,,,,,,,,,
1381362,2023,2023-07-14,Grand Prairie Stadium,1,2.2,San Francisco Unicorns,MI New York,FH Allen,MP Stoinis,TA Boult,4,0,,,,,,,,,
1381362,2023,2023-07-14,Grand Prairie Stadium,1,2.3,San Francisco Unicorns,MI New York,FH Allen,MP Stoinis,TA Boult,1,0,,,,,,,,,
1381362,2023,2023-07-14,Grand Prairie Stadium,1,2.4,San Francisco Unicorns,MI New York,MP Stoinis,FH Allen,TA Boult,2,0,,,,,,,,,
1381362,2023,2023-07-14,Grand Prairie Stadium,1,2.5,San Francisco Unicorns,MI New York,MP Stoinis,FH Allen,TA Boult,0,1,1,,,,,,,,
1381362,2023,2023-07-14,Grand Prairie Stadium,1,2.6,San Francisco Unicorns,MI New York,MP Stoinis,FH Allen,TA Boult,0,0,,,,,,bowled,MP Stoinis,,
1381362,2023,2023-07-14,Grand Prairie Stadium,1,2.7,San Francisco Unicorns,MI New York,AJ Finch,FH Allen,TA Boult,0,0,,,,,,,,,
1381362,2023,2023-07-14,Grand Prairie Stadium,1,3.1,San Francisco Unicorns,MI New York,FH Allen,AJ Finch,K Rabada,0,0,,,,,,caught,FH Allen,,
1381362,2023,2023-07-14,Grand Prairie Stadium,1,3.2,San Francisco Unicorns,MI New York,CJ Anderson,AJ Finch,K Rabada,1,0,,,,,,,,,
1381362,2023,2023-07-14,Grand Prairie Stadium,1,3.3,San Francisco Unicorns,MI New York,AJ Finch,CJ Anderson,K Rabada,0,0,,,,,,,,,
1381362,2023,2023-07-14,Grand Prairie Stadium,1,3.4,San Francisco Unicorns,MI New York,AJ Finch,CJ Anderson,K Rabada,0,0,,,,,,,,,
1381362,2023,2023-07-14,Grand Prairie Stadium,1,3.5,San Francisco Unicorns,MI New York,AJ Finch,CJ Anderson,K Rabada,0,0,,,,,,,,,
1381362,2023,2023-07-14,Grand Prairie Stadium,1,3.6,San Francisco Unicorns,MI New York,AJ Finch,CJ Anderson,K Rabada,0,1,,,,1,,,,,
1381362,2023,2023-07-14,Grand Prairie Stadium,1,4.1,San Francisco Unicorns,MI New York,AJ Finch,CJ Anderson,TA Boult,1,0,,,,,,,,,
1381362,2023,2023-07-14,Grand Prairie Stadium,1,4.2,San Francisco Unicorns,MI New York,CJ Anderson,AJ Finch,TA Boult,0,0,,,,,,,,,
1381362,2023,2023-07-14,Grand Prairie Stadium,1,4.3,San Francisco Unicorns,MI New York,CJ Anderson,AJ Finch,TA Boult,4,0,,,,,,,,,
1381362,2023,2023-07-14,Grand Prairie Stadium,1,4.4,San Francisco Unicorns,MI New York,CJ Anderson,AJ Finch,TA Boult,0,1,1,,,,,,,,
1381362,2023,2023-07-14,Grand Prairie Stadium,1,4.5,San Francisco Unicorns,MI New York,CJ Anderson,AJ Finch,TA Boult,0,0,,,,,,,,,
1381362,2023,2023-07-14,Grand Prairie Stadium,1,4.6,San Francisco Unicorns,MI New York,CJ Anderson,AJ Finch,TA Boult,1,0,,,,,,,,,
1381362,2023,2023-07-14,Grand Prairie Stadium,1,4.7,San Francisco Unicorns,MI New York,AJ Finch,CJ Anderson,TA Boult,1,0,,,,,,,,,
1381362,2023,2023-07-14,Grand Prairie Stadium,1,5.1,San Francisco Unicorns,MI New York,AJ Finch,CJ Anderson,Ehsan Adil,0,4,,,,4,,,,,
1381362,2023,2023-07-14,Grand Prairie Stadium,1,5.2,San Francisco Unicorns,MI New York,AJ Finch,CJ Anderson,Ehsan Adil,6,0,,,,,,,,,
1381362,2023,2023-07-14,Grand Prairie Stadium,1,5.3,San Francisco Unicorns,MI New York,AJ Finch,CJ Anderson,Ehsan Adil,1,0,,,,,,,,,
1381362,2023,2023-07-14,Grand Prairie Stadium,1,5.4,San Francisco Unicorns,MI New York,CJ Anderson,AJ Finch,Ehsan Adil,0,0,,,,,,,,,
1381362,2023,2023-07-14,Grand Prairie Stadium,1,5.5,San Francisco Unicorns,MI New York,CJ Anderson,AJ Finch,Ehsan Adil,1,0,,,,,,,,,
1381362,2023,2023-07-14,Grand Prairie Stadium,1,5.6,San Francisco Unicorns,MI New York,AJ Finch,CJ Anderson,Ehsan Adil,0,0,,,,,,,,,
1381362,2023,2023-07-14,Grand Prairie Stadium,1,6.1,San Francisco Unicorns,MI New York,CJ Anderson,AJ Finch,S Ladda,0,1,,1,,,,,,,
1381362,2023,2023-07-14,Grand Prairie Stadium,1,6.2,San Francisco Unicorns,MI New York,CJ Anderson,AJ Finch,S Ladda,1,1,,1,,,,,,,
1381362,2023,2023-07-14,Grand Prairie Stadium,1,6.3,San Francisco Unicorns,MI New York,AJ Finch,CJ Anderson,S Ladda,0,1,,,1,,,,,,
1381362,2023,2023-07-14,Grand Prairie Stadium,1,6.4,San Francisco Unicorns,MI New York,CJ Anderson,AJ Finch,S Ladda,0,0,,,,,,,,,
1381362,2023,2023-07-14,Grand Prairie Stadium,1,6.5,San Francisco Unicorns,MI New York,CJ Anderson,AJ Finch,S Ladda,0,1,1,,,,,,,,
1381362,2023,2023-07-14,Grand Prairie Stadium,1,6.6,San Francisco Unicorns,MI New York,CJ Anderson,AJ Finch,S Ladda,0,0,,,,,,,,,
1381362,2023,2023-07-14,Grand Prairie Stadium,1,6.7,San Francisco Unicorns,MI New York,CJ Anderson,AJ Finch,S Ladda,0,0,,,,,,,,,
1381362,2023,2023-07-14,Grand Prairie Stadium,1,6.8,San Francisco Unicorns,MI New York,CJ Anderson,AJ Finch,S Ladda,1,0,,,,,,,,,
1381362,2023,2023-07-14,Grand Prairie Stadium,1,6.9,San Francisco Unicorns,MI New York,AJ Finch,CJ Anderson,S Ladda,0,0,,,,,,caught,AJ Finch,,
1381362,2023,2023-07-14,Grand Prairie Stadium,1,7.1,San Francisco Unicorns,MI New York,CJ Anderson,Shadab Khan,SR Taylor,0,2,,,,2,,,,,
1381362,2023,2023-07-14,Grand Prairie Stadium,1,7.2,San Francisco Unicorns,MI New York,CJ Anderson,Shadab Khan,SR Taylor,2,0,,,,,,,,,
1381362,2023,2023-07-14,Grand Prairie Stadium,1,7.3,San Francisco Unicorns,MI New York,CJ Anderson,Shadab Khan,SR Taylor,1,0,,,,,,,,,
1381362,2023,2023-07-14,Grand Prairie Stadium,1,7.4,San Francisco Unicorns,MI New York,Shadab Khan,CJ Anderson,SR Taylor,1,0,,,,,,,,,
1381362,2023,2023-07-14,Grand Prairie Stadium,1,7.5,San Francisco Unicorns,MI New York,CJ Anderson,Shadab Khan,SR Taylor,1,0,,,,,,,,,
1381362,2023,2023-07-14,Grand Prairie Stadium,1,7.6,San Francisco Unicorns,MI New York,Shadab Khan,CJ Anderson,SR Taylor,0,0,,,,,,,,,
1381362,2023,2023-07-14,Grand Prairie Stadium,1,8.1,San Francisco Unicorns,MI New York,CJ Anderson,Shadab Khan,S Ladda,0,0,,,,,,,,,
1381362,2023,2023-07-14,Grand Prairie Stadium,1,8.2,San Francisco Unicorns,MI New York,CJ Anderson,Shadab Khan,S Ladda,1,0,,,,,,,,,
1381362,2023,2023-07-14,Grand Prairie Stadium,1,8.3,San Francisco Unicorns,MI New York,Shadab Khan,CJ Anderson,S Ladda,0,0,,,,,,,,,
1381362,2023,2023-07-14,Grand Prairie Stadium,1,8.4,San Francisco Unicorns,MI New York,Shadab Khan,CJ Anderson,S Ladda,1,0,,,,,,,,,
1381362,2023,2023-07-14,Grand Prairie Stadium,1,8.5,San Francisco Unicorns,MI New York,CJ Anderson,Shadab Khan,S Ladda,6,0,,,,,,,,,
1381362,2023,2023-07-14,Grand Prairie Stadium,1,8.6,San Francisco Unicorns,MI New York,CJ Anderson,Shadab Khan,S Ladda,1,0,,,,,,,,,
1381362,2023,2023-07-14,Grand Prairie Stadium,1,9.1,San Francisco Unicorns,MI New York,CJ Anderson,Shadab Khan,Ehsan Adil,1,0,,,,,,,,,
1381362,2023,2023-07-14,Grand Prairie Stadium,1,9.2,San Francisco Unicorns,MI New York,Shadab Khan,CJ Anderson,Ehsan Adil,1,0,,,,,,,,,
1381362,2023,2023-07-14,Grand Prairie Stadium,1,9.3,San Francisco Unicorns,MI New York,CJ Anderson,Shadab Khan,Ehsan Adil,1,0,,,,,,,,,
1381362,2023,2023-07-14,Grand Prairie Stadium,1,9.4,San Francisco Unicorns,MI New York,Shadab Khan,CJ Anderson,Ehsan Adil,0,0,,,,,,,,,
1381362,2023,2023-07-14,Grand Prairie Stadium,1,9.5,San Francisco Unicorns,MI New York,Shadab Khan,CJ Anderson,Ehsan Adil,6,0,,,,,,,,,
1381362,2023,2023-07-14,Grand Prairie Stadium,1,9.6,San Francisco Unicorns,MI New York,Shadab Khan,CJ Anderson,Ehsan Adil,4,0,,,,,,,,,
1381362,2023,2023-07-14,Grand Prairie Stadium,1,10.1,San Francisco Unicorns,MI New York,CJ Anderson,Shadab Khan,KA Pollard,4,0,,,,,,,,,
1381362,2023,2023-07-14,Grand Prairie Stadium,1,10.2,San Francisco Unicorns,MI New York,CJ Anderson,Shadab Khan,KA Pollard,2,0,,,,,,,,,
1381362,2023,2023-07-14,Grand Prairie Stadium,1,10.3,San Francisco Unicorns,MI New York,CJ Anderson,Shadab Khan,KA Pollard,1,0,,,,,,,,,
1381362,2023,2023-07-14,Grand Prairie Stadium,1,10.4,San Francisco Unicorns,MI New York,Shadab Khan,CJ Anderson,KA Pollard,0,0,,,,,,,,,
1381362,2023,2023-07-14,Grand Prairie Stadium,1,10.5,San Francisco Unicorns,MI New York,Shadab Khan,CJ Anderson,KA Pollard,0,0,,,,,,,,,
1381362,2023,2023-07-14,Grand Prairie Stadium,1,10.6,San Francisco Unicorns,MI New York,Shadab Khan,CJ Anderson,KA Pollard,1,0,,,,,,,,,
1381362,2023,2023-07-14,Grand Prairie Stadium,1,11.1,San Francisco Unicorns,MI New York,Shadab Khan,CJ Anderson,SR Taylor,1,0,,,,,,,,,
1381362,2023,2023-07-14,Grand Prairie Stadium,1,11.2,San Francisco Unicorns,MI New York,CJ Anderson,Shadab Khan,SR Taylor,2,0,,,,,,,,,
1381362,2023,2023-07-14,Grand Prairie Stadium,1,11.3,San Francisco Unicorns,MI New York,CJ Anderson,Shadab Khan,SR Taylor,1,0,,,,,,,,,
1381362,2023,2023-07-14,Grand Prairie Stadium,1,11.4,San Francisco Unicorns,MI New York,Shadab Khan,CJ Anderson,SR Taylor,4,0,,,,,,,,,
1381362,2023,2023-07-14,Grand Prairie Stadium,1,11.5,San Francisco Unicorns,MI New York,Shadab Khan,CJ Anderson,SR Taylor,1,0,,,,,,,,,
1381362,2023,2023-07-14,Grand Prairie Stadium,1,11.6,San Francisco Unicorns,MI New York,CJ Anderson,Shadab Khan,SR Taylor,1,0,,,,,,,,,
1381362,2023,2023-07-14,Grand Prairie Stadium,1,12.1,San Francisco Unicorns,MI New York,CJ Anderson,Shadab Khan,KA Pollard,4,0,,,,,,,,,
1381362,2023,2023-07-14,Grand Prairie Stadium,1,12.2,San Francisco Unicorns,MI New York,CJ Anderson,Shadab Khan,KA Pollard,1,0,,,,,,,,,
1381362,2023,2023-07-14,Grand Prairie Stadium,1,12.3,San Francisco Unicorns,MI New York,Shadab Khan,CJ Anderson,KA Pollard,2,0,,,,,,,,,
1381362,2023,2023-07-14,Grand Prairie Stadium,1,12.4,San Francisco Unicorns,MI New York,Shadab Khan,CJ Anderson,KA Pollard,1,0,,,,,,,,,
1381362,2023,2023-07-14,Grand Prairie Stadium,1,12.5,San Francisco Unicorns,MI New York,CJ Anderson,Shadab Khan,KA Pollard,0,0,,,,,,,,,
1381362,2023,2023-07-14,Grand Prairie Stadium,1,12.6,San Francisco Unicorns,MI New York,CJ Anderson,Shadab Khan,KA Pollard,2,0,,,,,,,,,
1381362,2023,2023-07-14,Grand Prairie Stadium,1,13.1,San Francisco Unicorns,MI New York,Shadab Khan,CJ Anderson,Hammad Azam,6,0,,,,,,,,,
1381362,2023,2023-07-14,Grand Prairie Stadium,1,13.2,San Francisco Unicorns,MI New York,Shadab Khan,CJ Anderson,Hammad Azam,0,0,,,,,,,,,
1381362,2023,2023-07-14,Grand Prairie Stadium,1,13.3,San Francisco Unicorns,MI New York,Shadab Khan,CJ Anderson,Hammad Azam,1,0,,,,,,,,,
1381362,2023,2023-07-14,Grand Prairie Stadium,1,13.4,San Francisco Unicorns,MI New York,CJ Anderson,Shadab Khan,Hammad Azam,1,0,,,,,,,,,
1381362,2023,2023-07-14,Grand Prairie Stadium,1,13.5,San Francisco Unicorns,MI New York,Shadab Khan,CJ Anderson,Hammad Azam,1,0,,,,,,,,,
1381362,2023,2023-07-14,Grand Prairie Stadium,1,13.6,San Francisco Unicorns,MI New York,CJ Anderson,Shadab Khan,Hammad Azam,6,0,,,,,,,,,
1381362,2023,2023-07-14,Grand Prairie Stadium,1,14.1,San Francisco Unicorns,MI New York,Shadab Khan,CJ Anderson,S Ladda,6,0,,,,,,,,,
1381362,2023,2023-07-14,Grand Prairie Stadium,1,14.2,San Francisco Unicorns,MI New York,Shadab Khan,CJ Anderson,S Ladda,4,0,,,,,,,,,
1381362,2023,2023-07-14,Grand Prairie Stadium,1,14.3,San Francisco Unicorns,MI New York,Shadab Khan,CJ Anderson,S Ladda,6,0,,,,,,,,,
1381362,2023,2023-07-14,Grand Prairie Stadium,1,14.4,San Francisco Unicorns,MI New York,Shadab Khan,CJ Anderson,S Ladda,6,0,,,,,,,,,
1381362,2023,2023-07-14,Grand Prairie Stadium,1,14.5,San Francisco Unicorns,MI New York,Shadab Khan,CJ Anderson,S Ladda,1,0,,,,,,,,,
1381362,2023,2023-07-14,Grand Prairie Stadium,1,14.6,San Francisco Unicorns,MI New York,CJ Anderson,Shadab Khan,S Ladda,6,0,,,,,,,,,
1381362,2023,2023-07-14,Grand Prairie Stadium,1,15.1,San Francisco Unicorns,MI New York,Shadab Khan,CJ Anderson,K Rabada,0,1,,,,1,,,,,
1381362,2023,2023-07-14,Grand Prairie Stadium,1,15.2,San Francisco Unicorns,MI New York,CJ Anderson,Shadab Khan,K Rabada,6,0,,,,,,,,,
1381362,2023,2023-07-14,Grand Prairie Stadium,1,15.3,San Francisco Unicorns,MI New York,CJ Anderson,Shadab Khan,K Rabada,1,1,,1,,,,,,,
1381362,2023,2023-07-14,Grand Prairie Stadium,1,15.4,San Francisco Unicorns,MI New York,Shadab Khan,CJ Anderson,K Rabada,1,0,,,,,,,,,
1381362,2023,2023-07-14,Grand Prairie Stadium,1,15.5,San Francisco Unicorns,MI New York,CJ Anderson,Shadab Khan,K Rabada,0,0,,,,,,,,,
1381362,2023,2023-07-14,Grand Prairie Stadium,1,15.6,San Francisco Unicorns,MI New York,CJ Anderson,Shadab Khan,K Rabada,6,0,,,,,,,,,
1381362,2023,2023-07-14,Grand Prairie Stadium,1,15.7,San Francisco Unicorns,MI New York,CJ Anderson,Shadab Khan,K Rabada,6,0,,,,,,,,,
1381362,2023,2023-07-14,Grand Prairie Stadium,1,16.1,San Francisco Unicorns,MI New York,Shadab Khan,CJ Anderson,TA Boult,2,0,,,,,,,,,
1381362,2023,2023-07-14,Grand Prairie Stadium,1,16.2,San Francisco Unicorns,MI New York,Shadab Khan,CJ Anderson,TA Boult,4,0,,,,,,,,,
1381362,2023,2023-07-14,Grand Prairie Stadium,1,16.3,San Francisco Unicorns,MI New York,Shadab Khan,CJ Anderson,TA Boult,0,0,,,,,,bowled,Shadab Khan,,
1381362,2023,2023-07-14,Grand Prairie Stadium,1,16.4,San Francisco Unicorns,MI New York,Tajinder Singh,CJ Anderson,TA Boult,1,0,,,,,,,,,
1381362,2023,2023-07-14,Grand Prairie Stadium,1,16.5,San Francisco Unicorns,MI New York,CJ Anderson,Tajinder Singh,TA Boult,4,0,,,,,,,,,
1381362,2023,2023-07-14,Grand Prairie Stadium,1,16.6,San Francisco Unicorns,MI New York,CJ Anderson,Tajinder Singh,TA Boult,1,0,,,,,,,,,
1381362,2023,2023-07-14,Grand Prairie Stadium,1,17.1,San Francisco Unicorns,MI New York,CJ Anderson,Tajinder Singh,K Rabada,2,0,,,,,,,,,
1381362,2023,2023-07-14,Grand Prairie Stadium,1,17.2,San Francisco Unicorns,MI New York,CJ Anderson,Tajinder Singh,K Rabada,1,0,,,,,,,,,
1381362,2023,2023-07-14,Grand Prairie Stadium,1,17.3,San Francisco Unicorns,MI New York,Tajinder Singh,CJ Anderson,K Rabada,1,0,,,,,,,,,
1381362,2023,2023-07-14,Grand Prairie Stadium,1,17.4,San Francisco Unicorns,MI New York,CJ Anderson,Tajinder Singh,K Rabada,2,0,,,,,,,,,
1381362,2023,2023-07-14,Grand Prairie Stadium,1,17.5,San Francisco Unicorns,MI New York,CJ Anderson,Tajinder Singh,K Rabada,0,0,,,,,,,,,
1381362,2023,2023-07-14,Grand Prairie Stadium,1,17.6,San Francisco Unicorns,MI New York,CJ Anderson,Tajinder Singh,K Rabada,0,0,,,,,,,,,
1381362,2023,2023-07-14,Grand Prairie Stadium,1,18.1,San Francisco Unicorns,MI New York,Tajinder Singh,CJ Anderson,KA Pollard,4,0,,,,,,,,,
1381362,2023,2023-07-14,Grand Prairie Stadium,1,18.2,San Francisco Unicorns,MI New York,Tajinder Singh,CJ Anderson,KA Pollard,1,0,,,,,,,,,
1381362,2023,2023-07-14,Grand Prairie Stadium,1,18.3,San Francisco Unicorns,MI New York,CJ Anderson,Tajinder Singh,KA Pollard,0,0,,,,,,,,,
1381362,2023,2023-07-14,Grand Prairie Stadium,1,18.4,San Francisco Unicorns,MI New York,CJ Anderson,Tajinder Singh,KA Pollard,1,0,,,,,,,,,
1381362,2023,2023-07-14,Grand Prairie Stadium,1,18.5,San Francisco Unicorns,MI New York,Tajinder Singh,CJ Anderson,KA Pollard,0,0,,,,,,,,,
1381362,2023,2023-07-14,Grand Prairie Stadium,1,18.6,San Francisco Unicorns,MI New York,Tajinder Singh,CJ Anderson,KA Pollard,1,0,,,,,,,,,
1381362,2023,2023-07-14,Grand Prairie Stadium,1,19.1,San Francisco Unicorns,MI New York,Tajinder Singh,CJ Anderson,Ehsan Adil,1,0,,,,,,,,,
1381362,2023,2023-07-14,Grand Prairie Stadium,1,19.2,San Francisco Unicorns,MI New York,CJ Anderson,Tajinder Singh,Ehsan Adil,1,0,,,,,,,,,
1381362,2023,2023-07-14,Grand Prairie Stadium,1,19.3,San Francisco Unicorns,MI New York,Tajinder Singh,CJ Anderson,Ehsan Adil,4,0,,,,,,,,,
1381362,2023,2023-07-14,Grand Prairie Stadium,1,19.4,San Francisco Unicorns,MI New York,Tajinder Singh,CJ Anderson,Ehsan Adil,4,0,,,,,,,,,
1381362,2023,2023-07-14,Grand Prairie Stadium,1,19.5,San Francisco Unicorns,MI New York,Tajinder Singh,CJ Anderson,Ehsan Adil,1,0,,,,,,,,,
1381362,2023,2023-07-14,Grand Prairie Stadium,1,19.6,San Francisco Unicorns,MI New York,CJ Anderson,Tajinder Singh,Ehsan Adil,6,0,,,,,,,,,
1381362,2023,2023-07-14,Grand Prairie Stadium,2,0.1,MI New York,San Francisco Unicorns,D Brevis,SR Taylor,C le Roux,1,0,,,,,,,,,
1381362,2023,2023-07-14,Grand Prairie Stadium,2,0.2,MI New York,San Francisco Unicorns,SR Taylor,D Brevis,C le Roux,0,0,,,,,,caught,SR Taylor,,
1381362,2023,2023-07-14,Grand Prairie Stadium,2,0.3,MI New York,San Francisco Unicorns,MD Patel,D Brevis,C le Roux,0,0,,,,,,,,,
1381362,2023,2023-07-14,Grand Prairie Stadium,2,0.4,MI New York,San Francisco Unicorns,MD Patel,D Brevis,C le Roux,0,1,1,,,,,,,,
1381362,2023,2023-07-14,Grand Prairie Stadium,2,0.5,MI New York,San Francisco Unicorns,MD Patel,D Brevis,C le Roux,4,0,,,,,,,,,
1381362,2023,2023-07-14,Grand Prairie Stadium,2,0.6,MI New York,San Francisco Unicorns,MD Patel,D Brevis,C le Roux,0,1,1,,,,,,,,
1381362,2023,2023-07-14,Grand Prairie Stadium,2,0.7,MI New York,San Francisco Unicorns,MD Patel,D Brevis,C le Roux,4,0,,,,,,,,,
1381362,2023,2023-07-14,Grand Prairie Stadium,2,0.8,MI New York,San Francisco Unicorns,MD Patel,D Brevis,C le Roux,0,0,,,,,,,,,
1381362,2023,2023-07-14,Grand Prairie Stadium,2,1.1,MI New York,San Francisco Unicorns,D Brevis,MD Patel,Haris Rauf,0,0,,,,,,,,,
1381362,2023,2023-07-14,Grand Prairie Stadium,2,1.2,MI New York,San Francisco Unicorns,D Brevis,MD Patel,Haris Rauf,0,0,,,,,,,,,
1381362,2023,2023-07-14,Grand Prairie Stadium,2,1.3,MI New York,San Francisco Unicorns,D Brevis,MD Patel,Haris Rauf,1,0,,,,,,,,,
1381362,2023,2023-07-14,Grand Prairie Stadium,2,1.4,MI New York,San Francisco Unicorns,MD Patel,D Brevis,Haris Rauf,0,0,,,,,,,,,
1381362,2023,2023-07-14,Grand Prairie Stadium,2,1.5,MI New York,San Francisco Unicorns,MD Patel,D Brevis,Haris Rauf,0,0,,,,,,,,,
1381362,2023,2023-07-14,Grand Prairie Stadium,2,1.6,MI New York,San Francisco Unicorns,MD Patel,D Brevis,Haris Rauf,0,0,,,,,,,,,
1381362,2023,2023-07-14,Grand Prairie Stadium,2,2.1,MI New York,San Francisco Unicorns,D Brevis,MD Patel,C le Roux,1,0,,,,,,,,,
1381362,2023,2023-07-14,Grand Prairie Stadium,2,2.2,MI New York,San Francisco Unicorns,MD Patel,D Brevis,C le Roux,0,0,,,,,,caught,MD Patel,,
1381362,2023,2023-07-14,Grand Prairie Stadium,2,2.3,MI New York,San Francisco Unicorns,N Pooran,D Brevis,C le Roux,0,1,,,,1,,,,,
1381362,2023,2023-07-14,Grand Prairie Stadium,2,2.4,MI New York,San Francisco Unicorns,D Brevis,N Pooran,C le Roux,0,1,1,,,,,,,,
1381362,2023,2023-07-14,Grand Prairie Stadium,2,2.5,MI New York,San Francisco Unicorns,D Brevis,N Pooran,C le Roux,1,0,,,,,,,,,
1381362,2023,2023-07-14,Grand Prairie Stadium,2,2.6,MI New York,San Francisco Unicorns,N Pooran,D Brevis,C le Roux,0,0,,,,,,,,,
1381362,2023,2023-07-14,Grand Prairie Stadium,2,2.7,MI New York,San Francisco Unicorns,N Pooran,D Brevis,C le Roux,0,0,,,,,,,,,
1381362,2023,2023-07-14,Grand Prairie Stadium,2,3.1,MI New York,San Francisco Unicorns,D Brevis,N Pooran,Haris Rauf,1,0,,,,,,,,,
1381362,2023,2023-07-14,Grand Prairie Stadium,2,3.2,MI New York,San Francisco Unicorns,N Pooran,D Brevis,Haris Rauf,0,0,,,,,,,,,
1381362,2023,2023-07-14,Grand Prairie Stadium,2,3.3,MI New York,San Francisco Unicorns,N Pooran,D Brevis,Haris Rauf,0,0,,,,,,,,,
1381362,2023,2023-07-14,Grand Prairie Stadium,2,3.4,MI New York,San Francisco Unicorns,N Pooran,D Brevis,Haris Rauf,2,0,,,,,,,,,
1381362,2023,2023-07-14,Grand Prairie Stadium,2,3.5,MI New York,San Francisco Unicorns,N Pooran,D Brevis,Haris Rauf,0,0,,,,,,,,,
1381362,2023,2023-07-14,Grand Prairie Stadium,2,3.6,MI New York,San Francisco Unicorns,N Pooran,D Brevis,Haris Rauf,0,0,,,,,,,,,
1381362,2023,2023-07-14,Grand Prairie Stadium,2,4.1,MI New York,San Francisco Unicorns,D Brevis,N Pooran,C le Roux,0,0,,,,,,,,,
1381362,2023,2023-07-14,Grand Prairie Stadium,2,4.2,MI New York,San Francisco Unicorns,D Brevis,N Pooran,C le Roux,0,0,,,,,,,,,
1381362,2023,2023-07-14,Grand Prairie Stadium,2,4.3,MI New York,San Francisco Unicorns,D Brevis,N Pooran,C le Roux,0,0,,,,,,,,,
1381362,2023,2023-07-14,Grand Prairie Stadium,2,4.4,MI New York,San Francisco Unicorns,D Brevis,N Pooran,C le Roux,1,0,,,,,,,,,
1381362,2023,2023-07-14,Grand Prairie Stadium,2,4.5,MI New York,San Francisco Unicorns,N Pooran,D Brevis,C le Roux,1,0,,,,,,,,,
1381362,2023,2023-07-14,Grand Prairie Stadium,2,4.6,MI New York,San Francisco Unicorns,D Brevis,N Pooran,C le Roux,4,0,,,,,,,,,
1381362,2023,2023-07-14,Grand Prairie Stadium,2,5.1,MI New York,San Francisco Unicorns,N Pooran,D Brevis,LE Plunkett,6,0,,,,,,,,,
1381362,2023,2023-07-14,Grand Prairie Stadium,2,5.2,MI New York,San Francisco Unicorns,N Pooran,D Brevis,LE Plunkett,1,0,,,,,,,,,
1381362,2023,2023-07-14,Grand Prairie Stadium,2,5.3,MI New York,San Francisco Unicorns,D Brevis,N Pooran,LE Plunkett,6,0,,,,,,,,,
1381362,2023,2023-07-14,Grand Prairie Stadium,2,5.4,MI New York,San Francisco Unicorns,D Brevis,N Pooran,LE Plunkett,0,0,,,,,,,,,
1381362,2023,2023-07-14,Grand Prairie Stadium,2,5.5,MI New York,San Francisco Unicorns,D Brevis,N Pooran,LE Plunkett,2,0,,,,,,,,,
1381362,2023,2023-07-14,Grand Prairie Stadium,2,5.6,MI New York,San Francisco Unicorns,D Brevis,N Pooran,LE Plunkett,0,0,,,,,,,,,
1381362,2023,2023-07-14,Grand Prairie Stadium,2,6.1,MI New York,San Francisco Unicorns,N Pooran,D Brevis,Shadab Khan,1,0,,,,,,,,,
1381362,2023,2023-07-14,Grand Prairie Stadium,2,6.2,MI New York,San Francisco Unicorns,D Brevis,N Pooran,Shadab Khan,1,0,,,,,,,,,
1381362,2023,2023-07-14,Grand Prairie Stadium,2,6.3,MI New York,San Francisco Unicorns,N Pooran,D Brevis,Shadab Khan,0,0,,,,,,,,,
1381362,2023,2023-07-14,Grand Prairie Stadium,2,6.4,MI New York,San Francisco Unicorns,N Pooran,D Brevis,Shadab Khan,1,0,,,,,,,,,
1381362,2023,2023-07-14,Grand Prairie Stadium,2,6.5,MI New York,San Francisco Unicorns,D Brevis,N Pooran,Shadab Khan,0,0,,,,,,,,,
1381362,2023,2023-07-14,Grand Prairie Stadium,2,6.6,MI New York,San Francisco Unicorns,D Brevis,N Pooran,Shadab Khan,1,0,,,,,,,,,
1381362,2023,2023-07-14,Grand Prairie Stadium,2,7.1,MI New York,San Francisco Unicorns,D Brevis,N Pooran,MP Stoinis,1,0,,,,,,,,,
1381362,2023,2023-07-14,Grand Prairie Stadium,2,7.2,MI New York,San Francisco Unicorns,N Pooran,D Brevis,MP Stoinis,1,0,,,,,,,,,
1381362,2023,2023-07-14,Grand Prairie Stadium,2,7.3,MI New York,San Francisco Unicorns,D Brevis,N Pooran,MP Stoinis,0,0,,,,,,,,,
1381362,2023,2023-07-14,Grand Prairie Stadium,2,7.4,MI New York,San Francisco Unicorns,D Brevis,N Pooran,MP Stoinis,1,0,,,,,,,,,
1381362,2023,2023-07-14,Grand Prairie Stadium,2,7.5,MI New York,San Francisco Unicorns,N Pooran,D Brevis,MP Stoinis,0,1,1,,,,,,,,
1381362,2023,2023-07-14,Grand Prairie Stadium,2,7.6,MI New York,San Francisco Unicorns,N Pooran,D Brevis,MP Stoinis,1,0,,,,,,,,,
1381362,2023,2023-07-14,Grand Prairie Stadium,2,7.7,MI New York,San Francisco Unicorns,D Brevis,N Pooran,MP Stoinis,4,0,,,,,,,,,
1381362,2023,2023-07-14,Grand Prairie Stadium,2,8.1,MI New York,San Francisco Unicorns,N Pooran,D Brevis,Shadab Khan,4,0,,,,,,,,,
1381362,2023,2023-07-14,Grand Prairie Stadium,2,8.2,MI New York,San Francisco Unicorns,N Pooran,D Brevis,Shadab Khan,1,0,,,,,,,,,
1381362,2023,2023-07-14,Grand Prairie Stadium,2,8.3,MI New York,San Francisco Unicorns,D Brevis,N Pooran,Shadab Khan,6,0,,,,,,,,,
1381362,2023,2023-07-14,Grand Prairie Stadium,2,8.4,MI New York,San Francisco Unicorns,D Brevis,N Pooran,Shadab Khan,0,0,,,,,,caught,D Brevis,,
1381362,2023,2023-07-14,Grand Prairie Stadium,2,8.5,MI New York,San Francisco Unicorns,KA Pollard,N Pooran,Shadab Khan,1,0,,,,,,,,,
1381362,2023,2023-07-14,Grand Prairie Stadium,2,8.6,MI New York,San Francisco Unicorns,N Pooran,KA Pollard,Shadab Khan,1,0,,,,,,,,,
1381362,2023,2023-07-14,Grand Prairie Stadium,2,9.1,MI New York,San Francisco Unicorns,N Pooran,KA Pollard,MP Stoinis,4,0,,,,,,,,,
1381362,2023,2023-07-14,Grand Prairie Stadium,2,9.2,MI New York,San Francisco Unicorns,N Pooran,KA Pollard,MP Stoinis,1,0,,,,,,,,,
1381362,2023,2023-07-14,Grand Prairie Stadium,2,9.3,MI New York,San Francisco Unicorns,KA Pollard,N Pooran,MP Stoinis,0,0,,,,,,,,,
1381362,2023,2023-07-14,Grand Prairie Stadium,2,9.4,MI New York,San Francisco Unicorns,KA Pollard,N Pooran,MP Stoinis,1,0,,,,,,,,,
1381362,2023,2023-07-14,Grand Prairie Stadium,2,9.5,MI New York,San Francisco Unicorns,N Pooran,KA Pollard,MP Stoinis,0,0,,,,,,,,,
1381362,2023,2023-07-14,Grand Prairie Stadium,2,9.6,MI New York,San Francisco Unicorns,N Pooran,KA Pollard,MP Stoinis,1,0,,,,,,,,,
1381362,2023,2023-07-14,Grand Prairie Stadium,2,10.1,MI New York,San Francisco Unicorns,N Pooran,KA Pollard,Chaitanya Bishnoi,1,0,,,,,,,,,
1381362,2023,2023-07-14,Grand Prairie Stadium,2,10.2,MI New York,San Francisco Unicorns,KA Pollard,N Pooran,Chaitanya Bishnoi,0,1,,,,1,,,,,
1381362,2023,2023-07-14,Grand Prairie Stadium,2,10.3,MI New York,San Francisco Unicorns,N Pooran,KA Pollard,Chaitanya Bishnoi,6,0,,,,,,,,,
1381362,2023,2023-07-14,Grand Prairie Stadium,2,10.4,MI New York,San Francisco Unicorns,N Pooran,KA Pollard,Chaitanya Bishnoi,6,0,,,,,,,,,
1381362,2023,2023-07-14,Grand Prairie Stadium,2,10.5,MI New York,San Francisco Unicorns,N Pooran,KA Pollard,Chaitanya Bishnoi,1,0,,,,,,,,,
1381362,2023,2023-07-14,Grand Prairie Stadium,2,10.6,MI New York,San Francisco Unicorns,KA Pollard,N Pooran,Chaitanya Bishnoi,1,0,,,,,,,,,
1381362,2023,2023-07-14,Grand Prairie Stadium,2,11.1,MI New York,San Francisco Unicorns,KA Pollard,N Pooran,LE Plunkett,4,0,,,,,,,,,
1381362,2023,2023-07-14,Grand Prairie Stadium,2,11.2,MI New York,San Francisco Unicorns,KA Pollard,N Pooran,LE Plunkett,1,0,,,,,,,,,
1381362,2023,2023-07-14,Grand Prairie Stadium,2,11.3,MI New York,San Francisco Unicorns,N Pooran,KA Pollard,LE Plunkett,0,0,,,,,,caught and bowled,N Pooran,,
1381362,2023,2023-07-14,Grand Prairie Stadium,2,11.4,MI New York,San Francisco Unicorns,TH David,KA Pollard,LE Plunkett,0,0,,,,,,,,,
1381362,2023,2023-07-14,Grand Prairie Stadium,2,11.5,MI New York,San Francisco Unicorns,TH David,KA Pollard,LE Plunkett,0,0,,,,,,,,,
1381362,2023,2023-07-14,Grand Prairie Stadium,2,11.6,MI New York,San Francisco Unicorns,TH David,KA Pollard,LE Plunkett,0,0,,,,,,,,,
1381362,2023,2023-07-14,Grand Prairie Stadium,2,12.1,MI New York,San Francisco Unicorns,KA Pollard,TH David,Shadab Khan,0,0,,,,,,,,,
1381362,2023,2023-07-14,Grand Prairie Stadium,2,12.2,MI New York,San Francisco Unicorns,KA Pollard,TH David,Shadab Khan,6,0,,,,,,,,,
1381362,2023,2023-07-14,Grand Prairie Stadium,2,12.3,MI New York,San Francisco Unicorns,KA Pollard,TH David,Shadab Khan,6,0,,,,,,,,,
1381362,2023,2023-07-14,Grand Prairie Stadium,2,12.4,MI New York,San Francisco Unicorns,KA Pollard,TH David,Shadab Khan,1,0,,,,,,,,,
1381362,2023,2023-07-14,Grand Prairie Stadium,2,12.5,MI New York,San Francisco Unicorns,TH David,KA Pollard,Shadab Khan,1,0,,,,,,,,,
1381362,2023,2023-07-14,Grand Prairie Stadium,2,12.6,MI New York,San Francisco Unicorns,KA Pollard,TH David,Shadab Khan,1,0,,,,,,,,,
1381362,2023,2023-07-14,Grand Prairie Stadium,2,13.1,MI New York,San Francisco Unicorns,KA Pollard,TH David,LE Plunkett,0,1,,,,1,,,,,
1381362,2023,2023-07-14,Grand Prairie Stadium,2,13.2,MI New York,San Francisco Unicorns,TH David,KA Pollard,LE Plunkett,1,0,,,,,,,,,
1381362,2023,2023-07-14,Grand Prairie Stadium,2,13.3,MI New York,San Francisco Unicorns,KA Pollard,TH David,LE Plunkett,1,0,,,,,,,,,
1381362,2023,2023-07-14,Grand Prairie Stadium,2,13.4,MI New York,San Francisco Unicorns,TH David,KA Pollard,LE Plunkett,0,0,,,,,,,,,
1381362,2023,2023-07-14,Grand Prairie Stadium,2,13.5,MI New York,San Francisco Unicorns,TH David,KA Pollard,LE Plunkett,4,0,,,,,,,,,
1381362,2023,2023-07-14,Grand Prairie Stadium,2,13.6,MI New York,San Francisco Unicorns,TH David,KA Pollard,LE Plunkett,0,0,,,,,,,,,
1381362,2023,2023-07-14,Grand Prairie Stadium,2,14.1,MI New York,San Francisco Unicorns,KA Pollard,TH David,C le Roux,6,0,,,,,,,,,
1381362,2023,2023-07-14,Grand Prairie Stadium,2,14.2,MI New York,San Francisco Unicorns,KA Pollard,TH David,C le Roux,1,0,,,,,,,,,
1381362,2023,2023-07-14,Grand Prairie Stadium,2,14.3,MI New York,San Francisco Unicorns,TH David,KA Pollard,C le Roux,1,0,,,,,,,,,
1381362,2023,2023-07-14,Grand Prairie Stadium,2,14.4,MI New York,San Francisco Unicorns,KA Pollard,TH David,C le Roux,6,0,,,,,,,,,
1381362,2023,2023-07-14,Grand Prairie Stadium,2,14.5,MI New York,San Francisco Unicorns,KA Pollard,TH David,C le Roux,4,0,,,,,,,,,
1381362,2023,2023-07-14,Grand Prairie Stadium,2,14.6,MI New York,San Francisco Unicorns,KA Pollard,TH David,C le Roux,1,0,,,,,,,,,
1381362,2023,2023-07-14,Grand Prairie Stadium,2,15.1,MI New York,San Francisco Unicorns,KA Pollard,TH David,Haris Rauf,2,0,,,,,,,,,
1381362,2023,2023-07-14,Grand Prairie Stadium,2,15.2,MI New York,San Francisco Unicorns,KA Pollard,TH David,Haris Rauf,1,0,,,,,,,,,
1381362,2023,2023-07-14,Grand Prairie Stadium,2,15.3,MI New York,San Francisco Unicorns,TH David,KA Pollard,Haris Rauf,0,0,,,,,,,,,
1381362,2023,2023-07-14,Grand Prairie Stadium,2,15.4,MI New York,San Francisco Unicorns,TH David,KA Pollard,Haris Rauf,4,0,,,,,,,,,
1381362,2023,2023-07-14,Grand Prairie Stadium,2,15.5,MI New York,San Francisco Unicorns,TH David,KA Pollard,Haris Rauf,0,1,1,,,,,,,,
1381362,2023,2023-07-14,Grand Prairie Stadium,2,15.6,MI New York,San Francisco Unicorns,TH David,KA Pollard,Haris Rauf,1,0,,,,,,,,,
1381362,2023,2023-07-14,Grand Prairie Stadium,2,15.7,MI New York,San Francisco Unicorns,KA Pollard,TH David,Haris Rauf,1,0,,,,,,,,,
1381362,2023,2023-07-14,Grand Prairie Stadium,2,16.1,MI New York,San Francisco Unicorns,KA Pollard,TH David,MP Stoinis,0,0,,,,,,,,,
1381362,2023,2023-07-14,Grand Prairie Stadium,2,16.2,MI New York,San Francisco Unicorns,KA Pollard,TH David,MP Stoinis,1,0,,,,,,,,,
1381362,2023,2023-07-14,Grand Prairie Stadium,2,16.3,MI New York,San Francisco Unicorns,TH David,KA Pollard,MP Stoinis,1,0,,,,,,,,,
1381362,2023,2023-07-14,Grand Prairie Stadium,2,16.4,MI New York,San Francisco Unicorns,KA Pollard,TH David,MP Stoinis,1,0,,,,,,,,,
1381362,2023,2023-07-14,Grand Prairie Stadium,2,16.5,MI New York,San Francisco Unicorns,TH David,KA Pollard,MP Stoinis,4,0,,,,,,,,,
1381362,2023,2023-07-14,Grand Prairie Stadium,2,16.6,MI New York,San Francisco Unicorns,TH David,KA Pollard,MP Stoinis,0,0,,,,,,,,,
1381362,2023,2023-07-14,Grand Prairie Stadium,2,17.1,MI New York,San Francisco Unicorns,KA Pollard,TH David,LE Plunkett,1,0,,,,,,,,,
1381362,2023,2023-07-14,Grand Prairie Stadium,2,17.2,MI New York,San Francisco Unicorns,TH David,KA Pollard,LE Plunkett,1,0,,,,,,,,,
1381362,2023,2023-07-14,Grand Prairie Stadium,2,17.3,MI New York,San Francisco Unicorns,KA Pollard,TH David,LE Plunkett,0,0,,,,,,caught,KA Pollard,,
1381362,2023,2023-07-14,Grand Prairie Stadium,2,17.4,MI New York,San Francisco Unicorns,Hammad Azam,TH David,LE Plunkett,1,0,,,,,,,,,
1381362,2023,2023-07-14,Grand Prairie Stadium,2,17.5,MI New York,San Francisco Unicorns,TH David,Hammad Azam,LE Plunkett,1,0,,,,,,,,,
1381362,2023,2023-07-14,Grand Prairie Stadium,2,17.6,MI New York,San Francisco Unicorns,Hammad Azam,TH David,LE Plunkett,0,0,,,,,,,,,
1381362,2023,2023-07-14,Grand Prairie Stadium,2,18.1,MI New York,San Francisco Unicorns,TH David,Hammad Azam,Haris Rauf,2,0,,,,,,,,,
1381362,2023,2023-07-14,Grand Prairie Stadium,2,18.2,MI New York,San Francisco Unicorns,TH David,Hammad Azam,Haris Rauf,6,0,,,,,,,,,
1381362,2023,2023-07-14,Grand Prairie Stadium,2,18.3,MI New York,San Francisco Unicorns,TH David,Hammad Azam,Haris Rauf,0,0,,,,,,,,,
1381362,2023,2023-07-14,Grand Prairie Stadium,2,18.4,MI New York,San Francisco Unicorns,TH David,Hammad Azam,Haris Rauf,0,1,1,,,,,,,,
1381362,2023,2023-07-14,Grand Prairie Stadium,2,18.5,MI New York,San Francisco Unicorns,TH David,Hammad Azam,Haris Rauf,0,1,1,,,,,,,,
1381362,2023,2023-07-14,Grand Prairie Stadium,2,18.6,MI New York,San Francisco Unicorns,TH David,Hammad Azam,Haris Rauf,4,0,,,,,,,,,
1381362,2023,2023-07-14,Grand Prairie Stadium,2,18.7,MI New York,San Francisco Unicorns,TH David,Hammad Azam,Haris Rauf,6,0,,,,,,,,,
1381362,2023,2023-07-14,Grand Prairie Stadium,2,18.8,MI New York,San Francisco Unicorns,TH David,Hammad Azam,Haris Rauf,0,0,,,,,,,,,
1381362,2023,2023-07-14,Grand Prairie Stadium,2,19.1,MI New York,San Francisco Unicorns,Hammad Azam,TH David,MP Stoinis,1,0,,,,,,,,,
1381362,2023,2023-07-14,Grand Prairie Stadium,2,19.2,MI New York,San Francisco Unicorns,TH David,Hammad Azam,MP Stoinis,0,0,,,,,,,,,
1381362,2023,2023-07-14,Grand Prairie Stadium,2,19.3,MI New York,San Francisco Unicorns,TH David,Hammad Azam,MP Stoinis,2,0,,,,,,,,,
1381362,2023,2023-07-14,Grand Prairie Stadium,2,19.4,MI New York,San Francisco Unicorns,TH David,Hammad Azam,MP Stoinis,6,0,,,,,,,,,
1381362,2023,2023-07-14,Grand Prairie Stadium,2,19.5,MI New York,San Francisco Unicorns,TH David,Hammad Azam,MP Stoinis,6,0,,,,,,,,,
1381362,2023,2023-07-14,Grand Prairie Stadium,2,19.6,MI New York,San Francisco Unicorns,TH David,Hammad Azam,MP Stoinis,2,0,,,,,,,,,
