match_id,season,start_date,venue,innings,ball,batting_team,bowling_team,striker,non_striker,bowler,runs_off_bat,extras,wides,noballs,byes,legbyes,penalty,wicket_type,player_dismissed,other_wicket_type,other_player_dismissed
1381379,2023,2023-07-30,Grand Prairie Stadium,1,0.1,Seattle Orcas,MI New York,Q de Kock,Nauman Anwar,TA Boult,0,0,,,,,,,,,
1381379,2023,2023-07-30,Grand Prairie Stadium,1,0.2,Seattle Orcas,MI New York,Q de Kock,Nauman Anwar,TA Boult,1,0,,,,,,,,,
1381379,2023,2023-07-30,Grand Prairie Stadium,1,0.3,Seattle Orcas,MI New York,Nauman Anwar,Q de Kock,TA Boult,1,0,,,,,,,,,
1381379,2023,2023-07-30,Grand Prairie Stadium,1,0.4,Seattle Orcas,MI New York,Q de Kock,Nauman Anwar,TA Boult,0,0,,,,,,,,,
1381379,2023,2023-07-30,Grand Prairie Stadium,1,0.5,Seattle Orcas,MI New York,Q de Kock,Nauman Anwar,TA Boult,0,0,,,,,,,,,
1381379,2023,2023-07-30,Grand Prairie Stadium,1,0.6,Seattle Orcas,MI New York,Q de Kock,Nauman Anwar,TA Boult,2,0,,,,,,,,,
1381379,2023,2023-07-30,Grand Prairie Stadium,1,1.1,Seattle Orcas,MI New York,Nauman Anwar,Q de Kock,Jasdeep Singh,0,0,,,,,,,,,
1381379,2023,2023-07-30,Grand Prairie Stadium,1,1.2,Seattle Orcas,MI New York,Nauman Anwar,Q de Kock,Jasdeep Singh,1,0,,,,,,,,,
1381379,2023,2023-07-30,Grand Prairie Stadium,1,1.3,Seattle Orcas,MI New York,Q de Kock,Nauman Anwar,Jasdeep Singh,4,0,,,,,,,,,
1381379,2023,2023-07-30,Grand Prairie Stadium,1,1.4,Seattle Orcas,MI New York,Q de Kock,Nauman Anwar,Jasdeep Singh,4,0,,,,,,,,,
1381379,2023,2023-07-30,Grand Prairie Stadium,1,1.5,Seattle Orcas,MI New York,Q de Kock,Nauman Anwar,Jasdeep Singh,2,0,,,,,,,,,
1381379,2023,2023-07-30,Grand Prairie Stadium,1,1.6,Seattle Orcas,MI New York,Q de Kock,Nauman Anwar,Jasdeep Singh,0,0,,,,,,,,,
1381379,2023,2023-07-30,Grand Prairie Stadium,1,2.1,Seattle Orcas,MI New York,Nauman Anwar,Q de Kock,Rashid Khan,0,0,,,,,,,,,
1381379,2023,2023-07-30,Grand Prairie Stadium,1,2.2,Seattle Orcas,MI New York,Nauman Anwar,Q de Kock,Rashid Khan,4,0,,,,,,,,,
1381379,2023,2023-07-30,Grand Prairie Stadium,1,2.3,Seattle Orcas,MI New York,Nauman Anwar,Q de Kock,Rashid Khan,0,0,,,,,,,,,
1381379,2023,2023-07-30,Grand Prairie Stadium,1,2.4,Seattle Orcas,MI New York,Nauman Anwar,Q de Kock,Rashid Khan,0,0,,,,,,,,,
1381379,2023,2023-07-30,Grand Prairie Stadium,1,2.5,Seattle Orcas,MI New York,Nauman Anwar,Q de Kock,Rashid Khan,0,0,,,,,,,,,
1381379,2023,2023-07-30,Grand Prairie Stadium,1,2.6,Seattle Orcas,MI New York,Nauman Anwar,Q de Kock,Rashid Khan,0,0,,,,,,,,,
1381379,2023,2023-07-30,Grand Prairie Stadium,1,3.1,Seattle Orcas,MI New York,Q de Kock,Nauman Anwar,SR Taylor,0,0,,,,,,,,,
1381379,2023,2023-07-30,Grand Prairie Stadium,1,3.2,Seattle Orcas,MI New York,Q de Kock,Nauman Anwar,SR Taylor,1,0,,,,,,,,,
1381379,2023,2023-07-30,Grand Prairie Stadium,1,3.3,Seattle Orcas,MI New York,Nauman Anwar,Q de Kock,SR Taylor,0,0,,,,,,,,,
1381379,2023,2023-07-30,Grand Prairie Stadium,1,3.4,Seattle Orcas,MI New York,Nauman Anwar,Q de Kock,SR Taylor,2,0,,,,,,,,,
1381379,2023,2023-07-30,Grand Prairie Stadium,1,3.5,Seattle Orcas,MI New York,Nauman Anwar,Q de Kock,SR Taylor,1,0,,,,,,,,,
1381379,2023,2023-07-30,Grand Prairie Stadium,1,3.6,Seattle Orcas,MI New York,Q de Kock,Nauman Anwar,SR Taylor,2,0,,,,,,,,,
1381379,2023,2023-07-30,Grand Prairie Stadium,1,4.1,Seattle Orcas,MI New York,Nauman Anwar,Q de Kock,Rashid Khan,0,0,,,,,,stumped,Nauman Anwar,,
1381379,2023,2023-07-30,Grand Prairie Stadium,1,4.2,Seattle Orcas,MI New York,GSNFG Jayasuriya,Q de Kock,Rashid Khan,0,0,,,,,,,,,
1381379,2023,2023-07-30,Grand Prairie Stadium,1,4.3,Seattle Orcas,MI New York,GSNFG Jayasuriya,Q de Kock,Rashid Khan,0,0,,,,,,,,,
1381379,2023,2023-07-30,Grand Prairie Stadium,1,4.4,Seattle Orcas,MI New York,GSNFG Jayasuriya,Q de Kock,Rashid Khan,0,0,,,,,,,,,
1381379,2023,2023-07-30,Grand Prairie Stadium,1,4.5,Seattle Orcas,MI New York,GSNFG Jayasuriya,Q de Kock,Rashid Khan,0,0,,,,,,,,,
1381379,2023,2023-07-30,Grand Prairie Stadium,1,4.6,Seattle Orcas,MI New York,GSNFG Jayasuriya,Q de Kock,Rashid Khan,1,0,,,,,,,,,
1381379,2023,2023-07-30,Grand Prairie Stadium,1,5.1,Seattle Orcas,MI New York,GSNFG Jayasuriya,Q de Kock,SR Taylor,0,0,,,,,,,,,
1381379,2023,2023-07-30,Grand Prairie Stadium,1,5.2,Seattle Orcas,MI New York,GSNFG Jayasuriya,Q de Kock,SR Taylor,1,0,,,,,,,,,
1381379,2023,2023-07-30,Grand Prairie Stadium,1,5.3,Seattle Orcas,MI New York,Q de Kock,GSNFG Jayasuriya,SR Taylor,0,0,,,,,,,,,
1381379,2023,2023-07-30,Grand Prairie Stadium,1,5.4,Seattle Orcas,MI New York,Q de Kock,GSNFG Jayasuriya,SR Taylor,4,0,,,,,,,,,
1381379,2023,2023-07-30,Grand Prairie Stadium,1,5.5,Seattle Orcas,MI New York,Q de Kock,GSNFG Jayasuriya,SR Taylor,0,0,,,,,,,,,
1381379,2023,2023-07-30,Grand Prairie Stadium,1,5.6,Seattle Orcas,MI New York,Q de Kock,GSNFG Jayasuriya,SR Taylor,0,0,,,,,,,,,
1381379,2023,2023-07-30,Grand Prairie Stadium,1,6.1,Seattle Orcas,MI New York,GSNFG Jayasuriya,Q de Kock,D Wiese,0,1,1,,,,,,,,
1381379,2023,2023-07-30,Grand Prairie Stadium,1,6.2,Seattle Orcas,MI New York,GSNFG Jayasuriya,Q de Kock,D Wiese,0,1,1,,,,,,,,
1381379,2023,2023-07-30,Grand Prairie Stadium,1,6.3,Seattle Orcas,MI New York,GSNFG Jayasuriya,Q de Kock,D Wiese,1,0,,,,,,,,,
1381379,2023,2023-07-30,Grand Prairie Stadium,1,6.4,Seattle Orcas,MI New York,Q de Kock,GSNFG Jayasuriya,D Wiese,2,0,,,,,,,,,
1381379,2023,2023-07-30,Grand Prairie Stadium,1,6.5,Seattle Orcas,MI New York,Q de Kock,GSNFG Jayasuriya,D Wiese,1,0,,,,,,,,,
1381379,2023,2023-07-30,Grand Prairie Stadium,1,6.6,Seattle Orcas,MI New York,GSNFG Jayasuriya,Q de Kock,D Wiese,4,0,,,,,,,,,
1381379,2023,2023-07-30,Grand Prairie Stadium,1,6.7,Seattle Orcas,MI New York,GSNFG Jayasuriya,Q de Kock,D Wiese,6,0,,,,,,,,,
1381379,2023,2023-07-30,Grand Prairie Stadium,1,6.8,Seattle Orcas,MI New York,GSNFG Jayasuriya,Q de Kock,D Wiese,0,0,,,,,,,,,
1381379,2023,2023-07-30,Grand Prairie Stadium,1,7.1,Seattle Orcas,MI New York,Q de Kock,GSNFG Jayasuriya,SR Taylor,0,0,,,,,,,,,
1381379,2023,2023-07-30,Grand Prairie Stadium,1,7.2,Seattle Orcas,MI New York,Q de Kock,GSNFG Jayasuriya,SR Taylor,4,0,,,,,,,,,
1381379,2023,2023-07-30,Grand Prairie Stadium,1,7.3,Seattle Orcas,MI New York,Q de Kock,GSNFG Jayasuriya,SR Taylor,4,0,,,,,,,,,
1381379,2023,2023-07-30,Grand Prairie Stadium,1,7.4,Seattle Orcas,MI New York,Q de Kock,GSNFG Jayasuriya,SR Taylor,1,0,,,,,,,,,
1381379,2023,2023-07-30,Grand Prairie Stadium,1,7.5,Seattle Orcas,MI New York,GSNFG Jayasuriya,Q de Kock,SR Taylor,1,0,,,,,,,,,
1381379,2023,2023-07-30,Grand Prairie Stadium,1,7.6,Seattle Orcas,MI New York,Q de Kock,GSNFG Jayasuriya,SR Taylor,1,0,,,,,,,,,
1381379,2023,2023-07-30,Grand Prairie Stadium,1,8.1,Seattle Orcas,MI New York,Q de Kock,GSNFG Jayasuriya,NP Kenjige,4,0,,,,,,,,,
1381379,2023,2023-07-30,Grand Prairie Stadium,1,8.2,Seattle Orcas,MI New York,Q de Kock,GSNFG Jayasuriya,NP Kenjige,1,0,,,,,,,,,
1381379,2023,2023-07-30,Grand Prairie Stadium,1,8.3,Seattle Orcas,MI New York,GSNFG Jayasuriya,Q de Kock,NP Kenjige,1,0,,,,,,,,,
1381379,2023,2023-07-30,Grand Prairie Stadium,1,8.4,Seattle Orcas,MI New York,Q de Kock,GSNFG Jayasuriya,NP Kenjige,1,0,,,,,,,,,
1381379,2023,2023-07-30,Grand Prairie Stadium,1,8.5,Seattle Orcas,MI New York,GSNFG Jayasuriya,Q de Kock,NP Kenjige,1,0,,,,,,,,,
1381379,2023,2023-07-30,Grand Prairie Stadium,1,8.6,Seattle Orcas,MI New York,Q de Kock,GSNFG Jayasuriya,NP Kenjige,0,0,,,,,,,,,
1381379,2023,2023-07-30,Grand Prairie Stadium,1,9.1,Seattle Orcas,MI New York,GSNFG Jayasuriya,Q de Kock,SR Taylor,0,0,,,,,,caught and bowled,GSNFG Jayasuriya,,
1381379,2023,2023-07-30,Grand Prairie Stadium,1,9.2,Seattle Orcas,MI New York,H Klaasen,Q de Kock,SR Taylor,1,0,,,,,,,,,
1381379,2023,2023-07-30,Grand Prairie Stadium,1,9.3,Seattle Orcas,MI New York,Q de Kock,H Klaasen,SR Taylor,0,1,,,,1,,,,,
1381379,2023,2023-07-30,Grand Prairie Stadium,1,9.4,Seattle Orcas,MI New York,H Klaasen,Q de Kock,SR Taylor,0,0,,,,,,,,,
1381379,2023,2023-07-30,Grand Prairie Stadium,1,9.5,Seattle Orcas,MI New York,H Klaasen,Q de Kock,SR Taylor,1,0,,,,,,,,,
1381379,2023,2023-07-30,Grand Prairie Stadium,1,9.6,Seattle Orcas,MI New York,Q de Kock,H Klaasen,SR Taylor,1,0,,,,,,,,,
1381379,2023,2023-07-30,Grand Prairie Stadium,1,10.1,Seattle Orcas,MI New York,Q de Kock,H Klaasen,TA Boult,6,0,,,,,,,,,
1381379,2023,2023-07-30,Grand Prairie Stadium,1,10.2,Seattle Orcas,MI New York,Q de Kock,H Klaasen,TA Boult,0,0,,,,,,,,,
1381379,2023,2023-07-30,Grand Prairie Stadium,1,10.3,Seattle Orcas,MI New York,Q de Kock,H Klaasen,TA Boult,1,0,,,,,,,,,
1381379,2023,2023-07-30,Grand Prairie Stadium,1,10.4,Seattle Orcas,MI New York,H Klaasen,Q de Kock,TA Boult,1,0,,,,,,,,,
1381379,2023,2023-07-30,Grand Prairie Stadium,1,10.5,Seattle Orcas,MI New York,Q de Kock,H Klaasen,TA Boult,1,0,,,,,,,,,
1381379,2023,2023-07-30,Grand Prairie Stadium,1,10.6,Seattle Orcas,MI New York,H Klaasen,Q de Kock,TA Boult,0,0,,,,,,,,,
1381379,2023,2023-07-30,Grand Prairie Stadium,1,11.1,Seattle Orcas,MI New York,Q de Kock,H Klaasen,D Wiese,4,0,,,,,,,,,
1381379,2023,2023-07-30,Grand Prairie Stadium,1,11.2,Seattle Orcas,MI New York,Q de Kock,H Klaasen,D Wiese,1,0,,,,,,,,,
1381379,2023,2023-07-30,Grand Prairie Stadium,1,11.3,Seattle Orcas,MI New York,H Klaasen,Q de Kock,D Wiese,1,0,,,,,,,,,
1381379,2023,2023-07-30,Grand Prairie Stadium,1,11.4,Seattle Orcas,MI New York,Q de Kock,H Klaasen,D Wiese,0,0,,,,,,,,,
1381379,2023,2023-07-30,Grand Prairie Stadium,1,11.5,Seattle Orcas,MI New York,Q de Kock,H Klaasen,D Wiese,2,0,,,,,,,,,
1381379,2023,2023-07-30,Grand Prairie Stadium,1,11.6,Seattle Orcas,MI New York,Q de Kock,H Klaasen,D Wiese,4,0,,,,,,,,,
1381379,2023,2023-07-30,Grand Prairie Stadium,1,12.1,Seattle Orcas,MI New York,H Klaasen,Q de Kock,Rashid Khan,0,0,,,,,,caught,H Klaasen,,
1381379,2023,2023-07-30,Grand Prairie Stadium,1,12.2,Seattle Orcas,MI New York,Shubham Ranjane,Q de Kock,Rashid Khan,1,0,,,,,,,,,
1381379,2023,2023-07-30,Grand Prairie Stadium,1,12.3,Seattle Orcas,MI New York,Q de Kock,Shubham Ranjane,Rashid Khan,0,0,,,,,,,,,
1381379,2023,2023-07-30,Grand Prairie Stadium,1,12.4,Seattle Orcas,MI New York,Q de Kock,Shubham Ranjane,Rashid Khan,0,0,,,,,,,,,
1381379,2023,2023-07-30,Grand Prairie Stadium,1,12.5,Seattle Orcas,MI New York,Q de Kock,Shubham Ranjane,Rashid Khan,0,0,,,,,,,,,
1381379,2023,2023-07-30,Grand Prairie Stadium,1,12.6,Seattle Orcas,MI New York,Q de Kock,Shubham Ranjane,Rashid Khan,0,0,,,,,,,,,
1381379,2023,2023-07-30,Grand Prairie Stadium,1,13.1,Seattle Orcas,MI New York,Shubham Ranjane,Q de Kock,TH David,1,0,,,,,,,,,
1381379,2023,2023-07-30,Grand Prairie Stadium,1,13.2,Seattle Orcas,MI New York,Q de Kock,Shubham Ranjane,TH David,1,0,,,,,,,,,
1381379,2023,2023-07-30,Grand Prairie Stadium,1,13.3,Seattle Orcas,MI New York,Shubham Ranjane,Q de Kock,TH David,1,0,,,,,,,,,
1381379,2023,2023-07-30,Grand Prairie Stadium,1,13.4,Seattle Orcas,MI New York,Q de Kock,Shubham Ranjane,TH David,4,0,,,,,,,,,
1381379,2023,2023-07-30,Grand Prairie Stadium,1,13.5,Seattle Orcas,MI New York,Q de Kock,Shubham Ranjane,TH David,1,0,,,,,,,,,
1381379,2023,2023-07-30,Grand Prairie Stadium,1,13.6,Seattle Orcas,MI New York,Shubham Ranjane,Q de Kock,TH David,0,0,,,,,,,,,
1381379,2023,2023-07-30,Grand Prairie Stadium,1,14.1,Seattle Orcas,MI New York,Q de Kock,Shubham Ranjane,Jasdeep Singh,6,0,,,,,,,,,
1381379,2023,2023-07-30,Grand Prairie Stadium,1,14.2,Seattle Orcas,MI New York,Q de Kock,Shubham Ranjane,Jasdeep Singh,6,0,,,,,,,,,
1381379,2023,2023-07-30,Grand Prairie Stadium,1,14.3,Seattle Orcas,MI New York,Q de Kock,Shubham Ranjane,Jasdeep Singh,2,0,,,,,,,,,
1381379,2023,2023-07-30,Grand Prairie Stadium,1,14.4,Seattle Orcas,MI New York,Q de Kock,Shubham Ranjane,Jasdeep Singh,6,0,,,,,,,,,
1381379,2023,2023-07-30,Grand Prairie Stadium,1,14.5,Seattle Orcas,MI New York,Q de Kock,Shubham Ranjane,Jasdeep Singh,1,0,,,,,,,,,
1381379,2023,2023-07-30,Grand Prairie Stadium,1,14.6,Seattle Orcas,MI New York,Shubham Ranjane,Q de Kock,Jasdeep Singh,1,0,,,,,,,,,
1381379,2023,2023-07-30,Grand Prairie Stadium,1,15.1,Seattle Orcas,MI New York,Shubham Ranjane,Q de Kock,D Wiese,4,0,,,,,,,,,
1381379,2023,2023-07-30,Grand Prairie Stadium,1,15.2,Seattle Orcas,MI New York,Shubham Ranjane,Q de Kock,D Wiese,4,0,,,,,,,,,
1381379,2023,2023-07-30,Grand Prairie Stadium,1,15.3,Seattle Orcas,MI New York,Shubham Ranjane,Q de Kock,D Wiese,4,0,,,,,,,,,
1381379,2023,2023-07-30,Grand Prairie Stadium,1,15.4,Seattle Orcas,MI New York,Shubham Ranjane,Q de Kock,D Wiese,4,0,,,,,,,,,
1381379,2023,2023-07-30,Grand Prairie Stadium,1,15.5,Seattle Orcas,MI New York,Shubham Ranjane,Q de Kock,D Wiese,1,0,,,,,,,,,
1381379,2023,2023-07-30,Grand Prairie Stadium,1,15.6,Seattle Orcas,MI New York,Q de Kock,Shubham Ranjane,D Wiese,0,1,1,,,,,,,,
1381379,2023,2023-07-30,Grand Prairie Stadium,1,15.7,Seattle Orcas,MI New York,Q de Kock,Shubham Ranjane,D Wiese,1,0,,,,,,,,,
1381379,2023,2023-07-30,Grand Prairie Stadium,1,16.1,Seattle Orcas,MI New York,Q de Kock,Shubham Ranjane,TA Boult,0,1,1,,,,,,,,
1381379,2023,2023-07-30,Grand Prairie Stadium,1,16.2,Seattle Orcas,MI New York,Q de Kock,Shubham Ranjane,TA Boult,0,0,,,,,,bowled,Q de Kock,,
1381379,2023,2023-07-30,Grand Prairie Stadium,1,16.3,Seattle Orcas,MI New York,Imad Wasim,Shubham Ranjane,TA Boult,4,0,,,,,,,,,
1381379,2023,2023-07-30,Grand Prairie Stadium,1,16.4,Seattle Orcas,MI New York,Imad Wasim,Shubham Ranjane,TA Boult,1,0,,,,,,,,,
1381379,2023,2023-07-30,Grand Prairie Stadium,1,16.5,Seattle Orcas,MI New York,Shubham Ranjane,Imad Wasim,TA Boult,2,0,,,,,,,,,
1381379,2023,2023-07-30,Grand Prairie Stadium,1,16.6,Seattle Orcas,MI New York,Shubham Ranjane,Imad Wasim,TA Boult,4,0,,,,,,,,,
1381379,2023,2023-07-30,Grand Prairie Stadium,1,16.7,Seattle Orcas,MI New York,Shubham Ranjane,Imad Wasim,TA Boult,1,0,,,,,,,,,
1381379,2023,2023-07-30,Grand Prairie Stadium,1,17.1,Seattle Orcas,MI New York,Shubham Ranjane,Imad Wasim,Rashid Khan,0,0,,,,,,,,,
1381379,2023,2023-07-30,Grand Prairie Stadium,1,17.2,Seattle Orcas,MI New York,Shubham Ranjane,Imad Wasim,Rashid Khan,1,0,,,,,,,,,
1381379,2023,2023-07-30,Grand Prairie Stadium,1,17.3,Seattle Orcas,MI New York,Imad Wasim,Shubham Ranjane,Rashid Khan,0,0,,,,,,,,,
1381379,2023,2023-07-30,Grand Prairie Stadium,1,17.4,Seattle Orcas,MI New York,Imad Wasim,Shubham Ranjane,Rashid Khan,2,0,,,,,,,,,
1381379,2023,2023-07-30,Grand Prairie Stadium,1,17.5,Seattle Orcas,MI New York,Imad Wasim,Shubham Ranjane,Rashid Khan,0,0,,,,,,,,,
1381379,2023,2023-07-30,Grand Prairie Stadium,1,17.6,Seattle Orcas,MI New York,Imad Wasim,Shubham Ranjane,Rashid Khan,0,0,,,,,,caught,Imad Wasim,,
1381379,2023,2023-07-30,Grand Prairie Stadium,1,18.1,Seattle Orcas,MI New York,Shubham Ranjane,D Pretorius,TA Boult,0,0,,,,,,caught,Shubham Ranjane,,
1381379,2023,2023-07-30,Grand Prairie Stadium,1,18.2,Seattle Orcas,MI New York,AJ Tye,D Pretorius,TA Boult,1,0,,,,,,,,,
1381379,2023,2023-07-30,Grand Prairie Stadium,1,18.3,Seattle Orcas,MI New York,D Pretorius,AJ Tye,TA Boult,4,0,,,,,,,,,
1381379,2023,2023-07-30,Grand Prairie Stadium,1,18.4,Seattle Orcas,MI New York,D Pretorius,AJ Tye,TA Boult,1,0,,,,,,,,,
1381379,2023,2023-07-30,Grand Prairie Stadium,1,18.5,Seattle Orcas,MI New York,AJ Tye,D Pretorius,TA Boult,0,0,,,,,,caught,AJ Tye,,
1381379,2023,2023-07-30,Grand Prairie Stadium,1,18.6,Seattle Orcas,MI New York,WD Parnell,D Pretorius,TA Boult,2,0,,,,,,,,,
1381379,2023,2023-07-30,Grand Prairie Stadium,1,19.1,Seattle Orcas,MI New York,D Pretorius,WD Parnell,D Wiese,4,0,,,,,,,,,
1381379,2023,2023-07-30,Grand Prairie Stadium,1,19.2,Seattle Orcas,MI New York,D Pretorius,WD Parnell,D Wiese,4,0,,,,,,,,,
1381379,2023,2023-07-30,Grand Prairie Stadium,1,19.3,Seattle Orcas,MI New York,D Pretorius,WD Parnell,D Wiese,2,0,,,,,,,,,
1381379,2023,2023-07-30,Grand Prairie Stadium,1,19.4,Seattle Orcas,MI New York,D Pretorius,WD Parnell,D Wiese,6,0,,,,,,,,,
1381379,2023,2023-07-30,Grand Prairie Stadium,1,19.5,Seattle Orcas,MI New York,D Pretorius,WD Parnell,D Wiese,0,0,,,,,,caught,D Pretorius,,
1381379,2023,2023-07-30,Grand Prairie Stadium,1,19.6,Seattle Orcas,MI New York,Harmeet Singh,WD Parnell,D Wiese,2,0,,,,,,run out,WD Parnell,,
1381379,2023,2023-07-30,Grand Prairie Stadium,2,0.1,MI New York,Seattle Orcas,SR Taylor,Shayan Jahangir,Imad Wasim,0,0,,,,,,,,,
1381379,2023,2023-07-30,Grand Prairie Stadium,2,0.2,MI New York,Seattle Orcas,SR Taylor,Shayan Jahangir,Imad Wasim,0,0,,,,,,,,,
1381379,2023,2023-07-30,Grand Prairie Stadium,2,0.3,MI New York,Seattle Orcas,SR Taylor,Shayan Jahangir,Imad Wasim,0,0,,,,,,bowled,SR Taylor,,
1381379,2023,2023-07-30,Grand Prairie Stadium,2,0.4,MI New York,Seattle Orcas,N Pooran,Shayan Jahangir,Imad Wasim,0,0,,,,,,,,,
1381379,2023,2023-07-30,Grand Prairie Stadium,2,0.5,MI New York,Seattle Orcas,N Pooran,Shayan Jahangir,Imad Wasim,6,0,,,,,,,,,
1381379,2023,2023-07-30,Grand Prairie Stadium,2,0.6,MI New York,Seattle Orcas,N Pooran,Shayan Jahangir,Imad Wasim,6,0,,,,,,,,,
1381379,2023,2023-07-30,Grand Prairie Stadium,2,1.1,MI New York,Seattle Orcas,Shayan Jahangir,N Pooran,CJ Gannon,3,0,,,,,,,,,
1381379,2023,2023-07-30,Grand Prairie Stadium,2,1.2,MI New York,Seattle Orcas,N Pooran,Shayan Jahangir,CJ Gannon,0,0,,,,,,,,,
1381379,2023,2023-07-30,Grand Prairie Stadium,2,1.3,MI New York,Seattle Orcas,N Pooran,Shayan Jahangir,CJ Gannon,0,0,,,,,,,,,
1381379,2023,2023-07-30,Grand Prairie Stadium,2,1.4,MI New York,Seattle Orcas,N Pooran,Shayan Jahangir,CJ Gannon,0,0,,,,,,,,,
1381379,2023,2023-07-30,Grand Prairie Stadium,2,1.5,MI New York,Seattle Orcas,N Pooran,Shayan Jahangir,CJ Gannon,1,0,,,,,,,,,
1381379,2023,2023-07-30,Grand Prairie Stadium,2,1.6,MI New York,Seattle Orcas,Shayan Jahangir,N Pooran,CJ Gannon,0,0,,,,,,,,,
1381379,2023,2023-07-30,Grand Prairie Stadium,2,2.1,MI New York,Seattle Orcas,N Pooran,Shayan Jahangir,D Pretorius,6,0,,,,,,,,,
1381379,2023,2023-07-30,Grand Prairie Stadium,2,2.2,MI New York,Seattle Orcas,N Pooran,Shayan Jahangir,D Pretorius,6,0,,,,,,,,,
1381379,2023,2023-07-30,Grand Prairie Stadium,2,2.3,MI New York,Seattle Orcas,N Pooran,Shayan Jahangir,D Pretorius,4,0,,,,,,,,,
1381379,2023,2023-07-30,Grand Prairie Stadium,2,2.4,MI New York,Seattle Orcas,N Pooran,Shayan Jahangir,D Pretorius,6,0,,,,,,,,,
1381379,2023,2023-07-30,Grand Prairie Stadium,2,2.5,MI New York,Seattle Orcas,N Pooran,Shayan Jahangir,D Pretorius,4,0,,,,,,,,,
1381379,2023,2023-07-30,Grand Prairie Stadium,2,2.6,MI New York,Seattle Orcas,N Pooran,Shayan Jahangir,D Pretorius,0,1,1,,,,,,,,
1381379,2023,2023-07-30,Grand Prairie Stadium,2,2.7,MI New York,Seattle Orcas,N Pooran,Shayan Jahangir,D Pretorius,1,0,,,,,,,,,
1381379,2023,2023-07-30,Grand Prairie Stadium,2,3.1,MI New York,Seattle Orcas,N Pooran,Shayan Jahangir,CJ Gannon,1,0,,,,,,,,,
1381379,2023,2023-07-30,Grand Prairie Stadium,2,3.2,MI New York,Seattle Orcas,Shayan Jahangir,N Pooran,CJ Gannon,0,0,,,,,,,,,
1381379,2023,2023-07-30,Grand Prairie Stadium,2,3.3,MI New York,Seattle Orcas,Shayan Jahangir,N Pooran,CJ Gannon,0,0,,,,,,,,,
1381379,2023,2023-07-30,Grand Prairie Stadium,2,3.4,MI New York,Seattle Orcas,Shayan Jahangir,N Pooran,CJ Gannon,1,0,,,,,,,,,
1381379,2023,2023-07-30,Grand Prairie Stadium,2,3.5,MI New York,Seattle Orcas,N Pooran,Shayan Jahangir,CJ Gannon,4,0,,,,,,,,,
1381379,2023,2023-07-30,Grand Prairie Stadium,2,3.6,MI New York,Seattle Orcas,N Pooran,Shayan Jahangir,CJ Gannon,6,0,,,,,,,,,
1381379,2023,2023-07-30,Grand Prairie Stadium,2,4.1,MI New York,Seattle Orcas,Shayan Jahangir,N Pooran,WD Parnell,0,0,,,,,,,,,
1381379,2023,2023-07-30,Grand Prairie Stadium,2,4.2,MI New York,Seattle Orcas,Shayan Jahangir,N Pooran,WD Parnell,0,0,,,,,,,,,
1381379,2023,2023-07-30,Grand Prairie Stadium,2,4.3,MI New York,Seattle Orcas,Shayan Jahangir,N Pooran,WD Parnell,6,0,,,,,,,,,
1381379,2023,2023-07-30,Grand Prairie Stadium,2,4.4,MI New York,Seattle Orcas,Shayan Jahangir,N Pooran,WD Parnell,0,0,,,,,,,,,
1381379,2023,2023-07-30,Grand Prairie Stadium,2,4.5,MI New York,Seattle Orcas,Shayan Jahangir,N Pooran,WD Parnell,0,0,,,,,,,,,
1381379,2023,2023-07-30,Grand Prairie Stadium,2,4.6,MI New York,Seattle Orcas,Shayan Jahangir,N Pooran,WD Parnell,0,0,,,,,,caught,Shayan Jahangir,,
1381379,2023,2023-07-30,Grand Prairie Stadium,2,5.1,MI New York,Seattle Orcas,N Pooran,D Brevis,AJ Tye,6,0,,,,,,,,,
1381379,2023,2023-07-30,Grand Prairie Stadium,2,5.2,MI New York,Seattle Orcas,N Pooran,D Brevis,AJ Tye,0,0,,,,,,,,,
1381379,2023,2023-07-30,Grand Prairie Stadium,2,5.3,MI New York,Seattle Orcas,N Pooran,D Brevis,AJ Tye,6,0,,,,,,,,,
1381379,2023,2023-07-30,Grand Prairie Stadium,2,5.4,MI New York,Seattle Orcas,N Pooran,D Brevis,AJ Tye,0,0,,,,,,,,,
1381379,2023,2023-07-30,Grand Prairie Stadium,2,5.5,MI New York,Seattle Orcas,N Pooran,D Brevis,AJ Tye,0,0,,,,,,,,,
1381379,2023,2023-07-30,Grand Prairie Stadium,2,5.6,MI New York,Seattle Orcas,N Pooran,D Brevis,AJ Tye,6,0,,,,,,,,,
1381379,2023,2023-07-30,Grand Prairie Stadium,2,6.1,MI New York,Seattle Orcas,D Brevis,N Pooran,WD Parnell,4,0,,,,,,,,,
1381379,2023,2023-07-30,Grand Prairie Stadium,2,6.2,MI New York,Seattle Orcas,D Brevis,N Pooran,WD Parnell,1,0,,,,,,,,,
1381379,2023,2023-07-30,Grand Prairie Stadium,2,6.3,MI New York,Seattle Orcas,N Pooran,D Brevis,WD Parnell,0,1,1,,,,,,,,
1381379,2023,2023-07-30,Grand Prairie Stadium,2,6.4,MI New York,Seattle Orcas,N Pooran,D Brevis,WD Parnell,0,0,,,,,,,,,
1381379,2023,2023-07-30,Grand Prairie Stadium,2,6.5,MI New York,Seattle Orcas,N Pooran,D Brevis,WD Parnell,4,0,,,,,,,,,
1381379,2023,2023-07-30,Grand Prairie Stadium,2,6.6,MI New York,Seattle Orcas,N Pooran,D Brevis,WD Parnell,4,0,,,,,,,,,
1381379,2023,2023-07-30,Grand Prairie Stadium,2,6.7,MI New York,Seattle Orcas,N Pooran,D Brevis,WD Parnell,2,0,,,,,,,,,
1381379,2023,2023-07-30,Grand Prairie Stadium,2,7.1,MI New York,Seattle Orcas,D Brevis,N Pooran,CJ Gannon,0,0,,,,,,,,,
1381379,2023,2023-07-30,Grand Prairie Stadium,2,7.2,MI New York,Seattle Orcas,D Brevis,N Pooran,CJ Gannon,1,0,,,,,,,,,
1381379,2023,2023-07-30,Grand Prairie Stadium,2,7.3,MI New York,Seattle Orcas,N Pooran,D Brevis,CJ Gannon,0,0,,,,,,,,,
1381379,2023,2023-07-30,Grand Prairie Stadium,2,7.4,MI New York,Seattle Orcas,N Pooran,D Brevis,CJ Gannon,6,0,,,,,,,,,
1381379,2023,2023-07-30,Grand Prairie Stadium,2,7.5,MI New York,Seattle Orcas,N Pooran,D Brevis,CJ Gannon,0,0,,,,,,,,,
1381379,2023,2023-07-30,Grand Prairie Stadium,2,7.6,MI New York,Seattle Orcas,N Pooran,D Brevis,CJ Gannon,4,0,,,,,,,,,
1381379,2023,2023-07-30,Grand Prairie Stadium,2,8.1,MI New York,Seattle Orcas,D Brevis,N Pooran,Imad Wasim,0,0,,,,,,,,,
1381379,2023,2023-07-30,Grand Prairie Stadium,2,8.2,MI New York,Seattle Orcas,D Brevis,N Pooran,Imad Wasim,0,0,,,,,,,,,
1381379,2023,2023-07-30,Grand Prairie Stadium,2,8.3,MI New York,Seattle Orcas,D Brevis,N Pooran,Imad Wasim,0,0,,,,,,,,,
1381379,2023,2023-07-30,Grand Prairie Stadium,2,8.4,MI New York,Seattle Orcas,D Brevis,N Pooran,Imad Wasim,1,0,,,,,,,,,
1381379,2023,2023-07-30,Grand Prairie Stadium,2,8.5,MI New York,Seattle Orcas,N Pooran,D Brevis,Imad Wasim,1,0,,,,,,,,,
1381379,2023,2023-07-30,Grand Prairie Stadium,2,8.6,MI New York,Seattle Orcas,D Brevis,N Pooran,Imad Wasim,0,0,,,,,,,,,
1381379,2023,2023-07-30,Grand Prairie Stadium,2,9.1,MI New York,Seattle Orcas,N Pooran,D Brevis,D Pretorius,1,0,,,,,,,,,
1381379,2023,2023-07-30,Grand Prairie Stadium,2,9.2,MI New York,Seattle Orcas,D Brevis,N Pooran,D Pretorius,1,0,,,,,,,,,
1381379,2023,2023-07-30,Grand Prairie Stadium,2,9.3,MI New York,Seattle Orcas,N Pooran,D Brevis,D Pretorius,2,0,,,,,,,,,
1381379,2023,2023-07-30,Grand Prairie Stadium,2,9.4,MI New York,Seattle Orcas,N Pooran,D Brevis,D Pretorius,2,0,,,,,,,,,
1381379,2023,2023-07-30,Grand Prairie Stadium,2,9.5,MI New York,Seattle Orcas,N Pooran,D Brevis,D Pretorius,1,0,,,,,,,,,
1381379,2023,2023-07-30,Grand Prairie Stadium,2,9.6,MI New York,Seattle Orcas,D Brevis,N Pooran,D Pretorius,0,0,,,,,,,,,
1381379,2023,2023-07-30,Grand Prairie Stadium,2,10.1,MI New York,Seattle Orcas,N Pooran,D Brevis,Harmeet Singh,0,0,,,,,,,,,
1381379,2023,2023-07-30,Grand Prairie Stadium,2,10.2,MI New York,Seattle Orcas,N Pooran,D Brevis,Harmeet Singh,1,0,,,,,,,,,
1381379,2023,2023-07-30,Grand Prairie Stadium,2,10.3,MI New York,Seattle Orcas,D Brevis,N Pooran,Harmeet Singh,6,0,,,,,,,,,
1381379,2023,2023-07-30,Grand Prairie Stadium,2,10.4,MI New York,Seattle Orcas,D Brevis,N Pooran,Harmeet Singh,0,0,,,,,,,,,
1381379,2023,2023-07-30,Grand Prairie Stadium,2,10.5,MI New York,Seattle Orcas,D Brevis,N Pooran,Harmeet Singh,0,0,,,,,,,,,
1381379,2023,2023-07-30,Grand Prairie Stadium,2,10.6,MI New York,Seattle Orcas,D Brevis,N Pooran,Harmeet Singh,0,0,,,,,,,,,
1381379,2023,2023-07-30,Grand Prairie Stadium,2,11.1,MI New York,Seattle Orcas,N Pooran,D Brevis,D Pretorius,2,0,,,,,,,,,
1381379,2023,2023-07-30,Grand Prairie Stadium,2,11.2,MI New York,Seattle Orcas,N Pooran,D Brevis,D Pretorius,0,0,,,,,,,,,
1381379,2023,2023-07-30,Grand Prairie Stadium,2,11.3,MI New York,Seattle Orcas,N Pooran,D Brevis,D Pretorius,1,0,,,,,,,,,
1381379,2023,2023-07-30,Grand Prairie Stadium,2,11.4,MI New York,Seattle Orcas,D Brevis,N Pooran,D Pretorius,4,0,,,,,,,,,
1381379,2023,2023-07-30,Grand Prairie Stadium,2,11.5,MI New York,Seattle Orcas,D Brevis,N Pooran,D Pretorius,1,0,,,,,,,,,
1381379,2023,2023-07-30,Grand Prairie Stadium,2,11.6,MI New York,Seattle Orcas,N Pooran,D Brevis,D Pretorius,4,0,,,,,,,,,
1381379,2023,2023-07-30,Grand Prairie Stadium,2,12.1,MI New York,Seattle Orcas,D Brevis,N Pooran,Harmeet Singh,1,0,,,,,,,,,
1381379,2023,2023-07-30,Grand Prairie Stadium,2,12.2,MI New York,Seattle Orcas,N Pooran,D Brevis,Harmeet Singh,0,1,1,,,,,,,,
1381379,2023,2023-07-30,Grand Prairie Stadium,2,12.3,MI New York,Seattle Orcas,N Pooran,D Brevis,Harmeet Singh,0,0,,,,,,run out,D Brevis,,
1381379,2023,2023-07-30,Grand Prairie Stadium,2,12.4,MI New York,Seattle Orcas,N Pooran,TH David,Harmeet Singh,0,0,,,,,,,,,
1381379,2023,2023-07-30,Grand Prairie Stadium,2,12.5,MI New York,Seattle Orcas,N Pooran,TH David,Harmeet Singh,0,1,,,,1,,,,,
1381379,2023,2023-07-30,Grand Prairie Stadium,2,12.6,MI New York,Seattle Orcas,TH David,N Pooran,Harmeet Singh,1,0,,,,,,,,,
1381379,2023,2023-07-30,Grand Prairie Stadium,2,12.7,MI New York,Seattle Orcas,N Pooran,TH David,Harmeet Singh,0,2,2,,,,,,,,
1381379,2023,2023-07-30,Grand Prairie Stadium,2,12.8,MI New York,Seattle Orcas,TH David,N Pooran,Harmeet Singh,1,0,,,,,,,,,
1381379,2023,2023-07-30,Grand Prairie Stadium,2,13.1,MI New York,Seattle Orcas,TH David,N Pooran,AJ Tye,0,0,,,,,,,,,
1381379,2023,2023-07-30,Grand Prairie Stadium,2,13.2,MI New York,Seattle Orcas,TH David,N Pooran,AJ Tye,4,0,,,,,,,,,
1381379,2023,2023-07-30,Grand Prairie Stadium,2,13.3,MI New York,Seattle Orcas,TH David,N Pooran,AJ Tye,1,0,,,,,,,,,
1381379,2023,2023-07-30,Grand Prairie Stadium,2,13.4,MI New York,Seattle Orcas,N Pooran,TH David,AJ Tye,4,0,,,,,,,,,
1381379,2023,2023-07-30,Grand Prairie Stadium,2,13.5,MI New York,Seattle Orcas,N Pooran,TH David,AJ Tye,0,0,,,,,,,,,
1381379,2023,2023-07-30,Grand Prairie Stadium,2,13.6,MI New York,Seattle Orcas,N Pooran,TH David,AJ Tye,0,0,,,,,,,,,
1381379,2023,2023-07-30,Grand Prairie Stadium,2,14.1,MI New York,Seattle Orcas,TH David,N Pooran,Harmeet Singh,1,0,,,,,,,,,
1381379,2023,2023-07-30,Grand Prairie Stadium,2,14.2,MI New York,Seattle Orcas,N Pooran,TH David,Harmeet Singh,0,1,1,,,,,,,,
1381379,2023,2023-07-30,Grand Prairie Stadium,2,14.3,MI New York,Seattle Orcas,N Pooran,TH David,Harmeet Singh,0,0,,,,,,,,,
1381379,2023,2023-07-30,Grand Prairie Stadium,2,14.4,MI New York,Seattle Orcas,N Pooran,TH David,Harmeet Singh,4,0,,,,,,,,,
1381379,2023,2023-07-30,Grand Prairie Stadium,2,14.5,MI New York,Seattle Orcas,N Pooran,TH David,Harmeet Singh,6,0,,,,,,,,,
1381379,2023,2023-07-30,Grand Prairie Stadium,2,14.6,MI New York,Seattle Orcas,N Pooran,TH David,Harmeet Singh,6,0,,,,,,,,,
1381379,2023,2023-07-30,Grand Prairie Stadium,2,14.7,MI New York,Seattle Orcas,N Pooran,TH David,Harmeet Singh,6,0,,,,,,,,,
1381379,2023,2023-07-30,Grand Prairie Stadium,2,15.1,MI New York,Seattle Orcas,TH David,N Pooran,CJ Gannon,1,0,,,,,,,,,
1381379,2023,2023-07-30,Grand Prairie Stadium,2,15.2,MI New York,Seattle Orcas,N Pooran,TH David,CJ Gannon,1,0,,,,,,,,,
1381379,2023,2023-07-30,Grand Prairie Stadium,2,15.3,MI New York,Seattle Orcas,TH David,N Pooran,CJ Gannon,0,0,,,,,,,,,
1381379,2023,2023-07-30,Grand Prairie Stadium,2,15.4,MI New York,Seattle Orcas,TH David,N Pooran,CJ Gannon,1,0,,,,,,,,,
1381379,2023,2023-07-30,Grand Prairie Stadium,2,15.5,MI New York,Seattle Orcas,N Pooran,TH David,CJ Gannon,2,0,,,,,,,,,
1381379,2023,2023-07-30,Grand Prairie Stadium,2,15.6,MI New York,Seattle Orcas,N Pooran,TH David,CJ Gannon,4,0,,,,,,,,,
