match_id,season,start_date,venue,innings,ball,batting_team,bowling_team,striker,non_striker,bowler,runs_off_bat,extras,wides,noballs,byes,legbyes,penalty,wicket_type,player_dismissed,other_wicket_type,other_player_dismissed
1075989,2016/17,2017-02-11,Dubai International Cricket Stadium,1,0.1,Islamabad United,Lahore Qalandars,DR Smith,SW Billings,Sohail Tanvir,1,0,,,,,,,,,
1075989,2016/17,2017-02-11,Dubai International Cricket Stadium,1,0.2,Islamabad United,Lahore Qalandars,SW Billings,DR Smith,Sohail Tanvir,0,0,,,,,,,,,
1075989,2016/17,2017-02-11,Dubai International Cricket Stadium,1,0.3,Islamabad United,Lahore Qalandars,SW Billings,DR Smith,Sohail Tanvir,0,0,,,,,,,,,
1075989,2016/17,2017-02-11,Dubai International Cricket Stadium,1,0.4,Islamabad United,Lahore Qalandars,SW Billings,DR Smith,Sohail Tanvir,0,0,,,,,,,,,
1075989,2016/17,2017-02-11,Dubai International Cricket Stadium,1,0.5,Islamabad United,Lahore Qalandars,SW Billings,DR Smith,Sohail Tanvir,1,0,,,,,,,,,
1075989,2016/17,2017-02-11,Dubai International Cricket Stadium,1,0.6,Islamabad United,Lahore Qalandars,DR Smith,SW Billings,Sohail Tanvir,0,0,,,,,,,,,
1075989,2016/17,2017-02-11,Dubai International Cricket Stadium,1,1.1,Islamabad United,Lahore Qalandars,SW Billings,DR Smith,Mohammad Irfan (4),0,0,,,,,,,,,
1075989,2016/17,2017-02-11,Dubai International Cricket Stadium,1,1.2,Islamabad United,Lahore Qalandars,SW Billings,DR Smith,Mohammad Irfan (4),1,0,,,,,,,,,
1075989,2016/17,2017-02-11,Dubai International Cricket Stadium,1,1.3,Islamabad United,Lahore Qalandars,DR Smith,SW Billings,Mohammad Irfan (4),0,0,,,,,,,,,
1075989,2016/17,2017-02-11,Dubai International Cricket Stadium,1,1.4,Islamabad United,Lahore Qalandars,DR Smith,SW Billings,Mohammad Irfan (4),1,0,,,,,,,,,
1075989,2016/17,2017-02-11,Dubai International Cricket Stadium,1,1.5,Islamabad United,Lahore Qalandars,SW Billings,DR Smith,Mohammad Irfan (4),2,0,,,,,,,,,
1075989,2016/17,2017-02-11,Dubai International Cricket Stadium,1,1.6,Islamabad United,Lahore Qalandars,SW Billings,DR Smith,Mohammad Irfan (4),0,0,,,,,,,,,
1075989,2016/17,2017-02-11,Dubai International Cricket Stadium,1,2.1,Islamabad United,Lahore Qalandars,DR Smith,SW Billings,Sohail Tanvir,0,0,,,,,,,,,
1075989,2016/17,2017-02-11,Dubai International Cricket Stadium,1,2.2,Islamabad United,Lahore Qalandars,DR Smith,SW Billings,Sohail Tanvir,0,0,,,,,,,,,
1075989,2016/17,2017-02-11,Dubai International Cricket Stadium,1,2.3,Islamabad United,Lahore Qalandars,DR Smith,SW Billings,Sohail Tanvir,2,0,,,,,,,,,
1075989,2016/17,2017-02-11,Dubai International Cricket Stadium,1,2.4,Islamabad United,Lahore Qalandars,DR Smith,SW Billings,Sohail Tanvir,0,0,,,,,,,,,
1075989,2016/17,2017-02-11,Dubai International Cricket Stadium,1,2.5,Islamabad United,Lahore Qalandars,DR Smith,SW Billings,Sohail Tanvir,1,0,,,,,,,,,
1075989,2016/17,2017-02-11,Dubai International Cricket Stadium,1,2.6,Islamabad United,Lahore Qalandars,SW Billings,DR Smith,Sohail Tanvir,4,0,,,,,,,,,
1075989,2016/17,2017-02-11,Dubai International Cricket Stadium,1,3.1,Islamabad United,Lahore Qalandars,DR Smith,SW Billings,Mohammad Irfan (4),4,0,,,,,,,,,
1075989,2016/17,2017-02-11,Dubai International Cricket Stadium,1,3.2,Islamabad United,Lahore Qalandars,DR Smith,SW Billings,Mohammad Irfan (4),0,0,,,,,,,,,
1075989,2016/17,2017-02-11,Dubai International Cricket Stadium,1,3.3,Islamabad United,Lahore Qalandars,DR Smith,SW Billings,Mohammad Irfan (4),4,0,,,,,,,,,
1075989,2016/17,2017-02-11,Dubai International Cricket Stadium,1,3.4,Islamabad United,Lahore Qalandars,DR Smith,SW Billings,Mohammad Irfan (4),0,1,,1,,,,,,,
1075989,2016/17,2017-02-11,Dubai International Cricket Stadium,1,3.5,Islamabad United,Lahore Qalandars,DR Smith,SW Billings,Mohammad Irfan (4),4,0,,,,,,,,,
1075989,2016/17,2017-02-11,Dubai International Cricket Stadium,1,3.6,Islamabad United,Lahore Qalandars,DR Smith,SW Billings,Mohammad Irfan (4),1,0,,,,,,,,,
1075989,2016/17,2017-02-11,Dubai International Cricket Stadium,1,3.7,Islamabad United,Lahore Qalandars,SW Billings,DR Smith,Mohammad Irfan (4),1,0,,,,,,,,,
1075989,2016/17,2017-02-11,Dubai International Cricket Stadium,1,4.1,Islamabad United,Lahore Qalandars,SW Billings,DR Smith,Bilawal Bhatti,1,0,,,,,,,,,
1075989,2016/17,2017-02-11,Dubai International Cricket Stadium,1,4.2,Islamabad United,Lahore Qalandars,DR Smith,SW Billings,Bilawal Bhatti,0,0,,,,,,,,,
1075989,2016/17,2017-02-11,Dubai International Cricket Stadium,1,4.3,Islamabad United,Lahore Qalandars,DR Smith,SW Billings,Bilawal Bhatti,0,0,,,,,,,,,
1075989,2016/17,2017-02-11,Dubai International Cricket Stadium,1,4.4,Islamabad United,Lahore Qalandars,DR Smith,SW Billings,Bilawal Bhatti,1,0,,,,,,,,,
1075989,2016/17,2017-02-11,Dubai International Cricket Stadium,1,4.5,Islamabad United,Lahore Qalandars,SW Billings,DR Smith,Bilawal Bhatti,0,4,,,,4,,,,,
1075989,2016/17,2017-02-11,Dubai International Cricket Stadium,1,4.6,Islamabad United,Lahore Qalandars,SW Billings,DR Smith,Bilawal Bhatti,0,0,,,,,,,,,
1075989,2016/17,2017-02-11,Dubai International Cricket Stadium,1,5.1,Islamabad United,Lahore Qalandars,DR Smith,SW Billings,SP Narine,4,0,,,,,,,,,
1075989,2016/17,2017-02-11,Dubai International Cricket Stadium,1,5.2,Islamabad United,Lahore Qalandars,DR Smith,SW Billings,SP Narine,1,0,,,,,,,,,
1075989,2016/17,2017-02-11,Dubai International Cricket Stadium,1,5.3,Islamabad United,Lahore Qalandars,SW Billings,DR Smith,SP Narine,4,0,,,,,,,,,
1075989,2016/17,2017-02-11,Dubai International Cricket Stadium,1,5.4,Islamabad United,Lahore Qalandars,SW Billings,DR Smith,SP Narine,4,0,,,,,,,,,
1075989,2016/17,2017-02-11,Dubai International Cricket Stadium,1,5.5,Islamabad United,Lahore Qalandars,SW Billings,DR Smith,SP Narine,1,0,,,,,,,,,
1075989,2016/17,2017-02-11,Dubai International Cricket Stadium,1,5.6,Islamabad United,Lahore Qalandars,DR Smith,SW Billings,SP Narine,0,0,,,,,,,,,
1075989,2016/17,2017-02-11,Dubai International Cricket Stadium,1,6.1,Islamabad United,Lahore Qalandars,SW Billings,DR Smith,Yasir Shah,2,0,,,,,,,,,
1075989,2016/17,2017-02-11,Dubai International Cricket Stadium,1,6.2,Islamabad United,Lahore Qalandars,SW Billings,DR Smith,Yasir Shah,4,0,,,,,,,,,
1075989,2016/17,2017-02-11,Dubai International Cricket Stadium,1,6.3,Islamabad United,Lahore Qalandars,SW Billings,DR Smith,Yasir Shah,1,0,,,,,,,,,
1075989,2016/17,2017-02-11,Dubai International Cricket Stadium,1,6.4,Islamabad United,Lahore Qalandars,DR Smith,SW Billings,Yasir Shah,2,0,,,,,,,,,
1075989,2016/17,2017-02-11,Dubai International Cricket Stadium,1,6.5,Islamabad United,Lahore Qalandars,DR Smith,SW Billings,Yasir Shah,1,0,,,,,,,,,
1075989,2016/17,2017-02-11,Dubai International Cricket Stadium,1,6.6,Islamabad United,Lahore Qalandars,SW Billings,DR Smith,Yasir Shah,1,0,,,,,,,,,
1075989,2016/17,2017-02-11,Dubai International Cricket Stadium,1,7.1,Islamabad United,Lahore Qalandars,SW Billings,DR Smith,SP Narine,1,0,,,,,,,,,
1075989,2016/17,2017-02-11,Dubai International Cricket Stadium,1,7.2,Islamabad United,Lahore Qalandars,DR Smith,SW Billings,SP Narine,1,0,,,,,,,,,
1075989,2016/17,2017-02-11,Dubai International Cricket Stadium,1,7.3,Islamabad United,Lahore Qalandars,SW Billings,DR Smith,SP Narine,1,0,,,,,,,,,
1075989,2016/17,2017-02-11,Dubai International Cricket Stadium,1,7.4,Islamabad United,Lahore Qalandars,DR Smith,SW Billings,SP Narine,2,0,,,,,,,,,
1075989,2016/17,2017-02-11,Dubai International Cricket Stadium,1,7.5,Islamabad United,Lahore Qalandars,DR Smith,SW Billings,SP Narine,1,0,,,,,,,,,
1075989,2016/17,2017-02-11,Dubai International Cricket Stadium,1,7.6,Islamabad United,Lahore Qalandars,SW Billings,DR Smith,SP Narine,1,0,,,,,,,,,
1075989,2016/17,2017-02-11,Dubai International Cricket Stadium,1,8.1,Islamabad United,Lahore Qalandars,SW Billings,DR Smith,Bilawal Bhatti,0,0,,,,,,,,,
1075989,2016/17,2017-02-11,Dubai International Cricket Stadium,1,8.2,Islamabad United,Lahore Qalandars,SW Billings,DR Smith,Bilawal Bhatti,6,0,,,,,,,,,
1075989,2016/17,2017-02-11,Dubai International Cricket Stadium,1,8.3,Islamabad United,Lahore Qalandars,SW Billings,DR Smith,Bilawal Bhatti,0,0,,,,,,,,,
1075989,2016/17,2017-02-11,Dubai International Cricket Stadium,1,8.4,Islamabad United,Lahore Qalandars,SW Billings,DR Smith,Bilawal Bhatti,1,0,,,,,,,,,
1075989,2016/17,2017-02-11,Dubai International Cricket Stadium,1,8.5,Islamabad United,Lahore Qalandars,DR Smith,SW Billings,Bilawal Bhatti,0,0,,,,,,,,,
1075989,2016/17,2017-02-11,Dubai International Cricket Stadium,1,8.6,Islamabad United,Lahore Qalandars,DR Smith,SW Billings,Bilawal Bhatti,0,0,,,,,,,,,
1075989,2016/17,2017-02-11,Dubai International Cricket Stadium,1,9.1,Islamabad United,Lahore Qalandars,SW Billings,DR Smith,GD Elliott,0,0,,,,,,bowled,SW Billings,,
1075989,2016/17,2017-02-11,Dubai International Cricket Stadium,1,9.2,Islamabad United,Lahore Qalandars,BJ Haddin,DR Smith,GD Elliott,1,0,,,,,,,,,
1075989,2016/17,2017-02-11,Dubai International Cricket Stadium,1,9.3,Islamabad United,Lahore Qalandars,DR Smith,BJ Haddin,GD Elliott,0,0,,,,,,bowled,DR Smith,,
1075989,2016/17,2017-02-11,Dubai International Cricket Stadium,1,9.4,Islamabad United,Lahore Qalandars,Misbah-ul-Haq,BJ Haddin,GD Elliott,1,0,,,,,,,,,
1075989,2016/17,2017-02-11,Dubai International Cricket Stadium,1,9.5,Islamabad United,Lahore Qalandars,BJ Haddin,Misbah-ul-Haq,GD Elliott,0,0,,,,,,,,,
1075989,2016/17,2017-02-11,Dubai International Cricket Stadium,1,9.6,Islamabad United,Lahore Qalandars,BJ Haddin,Misbah-ul-Haq,GD Elliott,1,0,,,,,,,,,
1075989,2016/17,2017-02-11,Dubai International Cricket Stadium,1,10.1,Islamabad United,Lahore Qalandars,BJ Haddin,Misbah-ul-Haq,Bilawal Bhatti,1,0,,,,,,,,,
1075989,2016/17,2017-02-11,Dubai International Cricket Stadium,1,10.2,Islamabad United,Lahore Qalandars,Misbah-ul-Haq,BJ Haddin,Bilawal Bhatti,0,0,,,,,,,,,
1075989,2016/17,2017-02-11,Dubai International Cricket Stadium,1,10.3,Islamabad United,Lahore Qalandars,Misbah-ul-Haq,BJ Haddin,Bilawal Bhatti,0,0,,,,,,,,,
1075989,2016/17,2017-02-11,Dubai International Cricket Stadium,1,10.4,Islamabad United,Lahore Qalandars,Misbah-ul-Haq,BJ Haddin,Bilawal Bhatti,1,0,,,,,,,,,
1075989,2016/17,2017-02-11,Dubai International Cricket Stadium,1,10.5,Islamabad United,Lahore Qalandars,BJ Haddin,Misbah-ul-Haq,Bilawal Bhatti,0,0,,,,,,,,,
1075989,2016/17,2017-02-11,Dubai International Cricket Stadium,1,10.6,Islamabad United,Lahore Qalandars,BJ Haddin,Misbah-ul-Haq,Bilawal Bhatti,1,0,,,,,,,,,
1075989,2016/17,2017-02-11,Dubai International Cricket Stadium,1,11.1,Islamabad United,Lahore Qalandars,BJ Haddin,Misbah-ul-Haq,SP Narine,1,0,,,,,,,,,
1075989,2016/17,2017-02-11,Dubai International Cricket Stadium,1,11.2,Islamabad United,Lahore Qalandars,Misbah-ul-Haq,BJ Haddin,SP Narine,4,0,,,,,,,,,
1075989,2016/17,2017-02-11,Dubai International Cricket Stadium,1,11.3,Islamabad United,Lahore Qalandars,Misbah-ul-Haq,BJ Haddin,SP Narine,2,0,,,,,,,,,
1075989,2016/17,2017-02-11,Dubai International Cricket Stadium,1,11.4,Islamabad United,Lahore Qalandars,Misbah-ul-Haq,BJ Haddin,SP Narine,1,0,,,,,,,,,
1075989,2016/17,2017-02-11,Dubai International Cricket Stadium,1,11.5,Islamabad United,Lahore Qalandars,BJ Haddin,Misbah-ul-Haq,SP Narine,0,0,,,,,,,,,
1075989,2016/17,2017-02-11,Dubai International Cricket Stadium,1,11.6,Islamabad United,Lahore Qalandars,BJ Haddin,Misbah-ul-Haq,SP Narine,1,0,,,,,,,,,
1075989,2016/17,2017-02-11,Dubai International Cricket Stadium,1,12.1,Islamabad United,Lahore Qalandars,BJ Haddin,Misbah-ul-Haq,Bilawal Bhatti,1,0,,,,,,,,,
1075989,2016/17,2017-02-11,Dubai International Cricket Stadium,1,12.2,Islamabad United,Lahore Qalandars,Misbah-ul-Haq,BJ Haddin,Bilawal Bhatti,0,0,,,,,,,,,
1075989,2016/17,2017-02-11,Dubai International Cricket Stadium,1,12.3,Islamabad United,Lahore Qalandars,Misbah-ul-Haq,BJ Haddin,Bilawal Bhatti,1,0,,,,,,,,,
1075989,2016/17,2017-02-11,Dubai International Cricket Stadium,1,12.4,Islamabad United,Lahore Qalandars,BJ Haddin,Misbah-ul-Haq,Bilawal Bhatti,0,0,,,,,,,,,
1075989,2016/17,2017-02-11,Dubai International Cricket Stadium,1,12.5,Islamabad United,Lahore Qalandars,BJ Haddin,Misbah-ul-Haq,Bilawal Bhatti,0,0,,,,,,,,,
1075989,2016/17,2017-02-11,Dubai International Cricket Stadium,1,12.6,Islamabad United,Lahore Qalandars,BJ Haddin,Misbah-ul-Haq,Bilawal Bhatti,1,0,,,,,,,,,
1075989,2016/17,2017-02-11,Dubai International Cricket Stadium,1,13.1,Islamabad United,Lahore Qalandars,BJ Haddin,Misbah-ul-Haq,GD Elliott,1,0,,,,,,,,,
1075989,2016/17,2017-02-11,Dubai International Cricket Stadium,1,13.2,Islamabad United,Lahore Qalandars,Misbah-ul-Haq,BJ Haddin,GD Elliott,4,0,,,,,,,,,
1075989,2016/17,2017-02-11,Dubai International Cricket Stadium,1,13.3,Islamabad United,Lahore Qalandars,Misbah-ul-Haq,BJ Haddin,GD Elliott,1,0,,,,,,,,,
1075989,2016/17,2017-02-11,Dubai International Cricket Stadium,1,13.4,Islamabad United,Lahore Qalandars,BJ Haddin,Misbah-ul-Haq,GD Elliott,0,0,,,,,,caught,BJ Haddin,,
1075989,2016/17,2017-02-11,Dubai International Cricket Stadium,1,13.5,Islamabad United,Lahore Qalandars,Misbah-ul-Haq,SR Watson,GD Elliott,1,0,,,,,,,,,
1075989,2016/17,2017-02-11,Dubai International Cricket Stadium,1,13.6,Islamabad United,Lahore Qalandars,SR Watson,Misbah-ul-Haq,GD Elliott,0,0,,,,,,,,,
1075989,2016/17,2017-02-11,Dubai International Cricket Stadium,1,14.1,Islamabad United,Lahore Qalandars,Misbah-ul-Haq,SR Watson,Yasir Shah,0,0,,,,,,,,,
1075989,2016/17,2017-02-11,Dubai International Cricket Stadium,1,14.2,Islamabad United,Lahore Qalandars,Misbah-ul-Haq,SR Watson,Yasir Shah,1,0,,,,,,,,,
1075989,2016/17,2017-02-11,Dubai International Cricket Stadium,1,14.3,Islamabad United,Lahore Qalandars,SR Watson,Misbah-ul-Haq,Yasir Shah,1,0,,,,,,,,,
1075989,2016/17,2017-02-11,Dubai International Cricket Stadium,1,14.4,Islamabad United,Lahore Qalandars,Misbah-ul-Haq,SR Watson,Yasir Shah,0,0,,,,,,,,,
1075989,2016/17,2017-02-11,Dubai International Cricket Stadium,1,14.5,Islamabad United,Lahore Qalandars,Misbah-ul-Haq,SR Watson,Yasir Shah,1,0,,,,,,,,,
1075989,2016/17,2017-02-11,Dubai International Cricket Stadium,1,14.6,Islamabad United,Lahore Qalandars,SR Watson,Misbah-ul-Haq,Yasir Shah,1,0,,,,,,,,,
1075989,2016/17,2017-02-11,Dubai International Cricket Stadium,1,15.1,Islamabad United,Lahore Qalandars,SR Watson,Misbah-ul-Haq,GD Elliott,1,0,,,,,,,,,
1075989,2016/17,2017-02-11,Dubai International Cricket Stadium,1,15.2,Islamabad United,Lahore Qalandars,Misbah-ul-Haq,SR Watson,GD Elliott,6,0,,,,,,,,,
1075989,2016/17,2017-02-11,Dubai International Cricket Stadium,1,15.3,Islamabad United,Lahore Qalandars,Misbah-ul-Haq,SR Watson,GD Elliott,1,0,,,,,,,,,
1075989,2016/17,2017-02-11,Dubai International Cricket Stadium,1,15.4,Islamabad United,Lahore Qalandars,SR Watson,Misbah-ul-Haq,GD Elliott,4,0,,,,,,,,,
1075989,2016/17,2017-02-11,Dubai International Cricket Stadium,1,15.5,Islamabad United,Lahore Qalandars,SR Watson,Misbah-ul-Haq,GD Elliott,0,0,,,,,,caught,SR Watson,,
1075989,2016/17,2017-02-11,Dubai International Cricket Stadium,1,15.6,Islamabad United,Lahore Qalandars,Misbah-ul-Haq,Asif Ali,GD Elliott,1,0,,,,,,,,,
1075989,2016/17,2017-02-11,Dubai International Cricket Stadium,1,16.1,Islamabad United,Lahore Qalandars,Misbah-ul-Haq,Asif Ali,SP Narine,1,0,,,,,,,,,
1075989,2016/17,2017-02-11,Dubai International Cricket Stadium,1,16.2,Islamabad United,Lahore Qalandars,Asif Ali,Misbah-ul-Haq,SP Narine,1,0,,,,,,,,,
1075989,2016/17,2017-02-11,Dubai International Cricket Stadium,1,16.3,Islamabad United,Lahore Qalandars,Misbah-ul-Haq,Asif Ali,SP Narine,1,0,,,,,,,,,
1075989,2016/17,2017-02-11,Dubai International Cricket Stadium,1,16.4,Islamabad United,Lahore Qalandars,Asif Ali,Misbah-ul-Haq,SP Narine,0,0,,,,,,caught,Asif Ali,,
1075989,2016/17,2017-02-11,Dubai International Cricket Stadium,1,16.5,Islamabad United,Lahore Qalandars,Misbah-ul-Haq,Shadab Khan,SP Narine,0,0,,,,,,,,,
1075989,2016/17,2017-02-11,Dubai International Cricket Stadium,1,16.6,Islamabad United,Lahore Qalandars,Misbah-ul-Haq,Shadab Khan,SP Narine,6,0,,,,,,,,,
1075989,2016/17,2017-02-11,Dubai International Cricket Stadium,1,17.1,Islamabad United,Lahore Qalandars,Shadab Khan,Misbah-ul-Haq,Sohail Tanvir,1,0,,,,,,,,,
1075989,2016/17,2017-02-11,Dubai International Cricket Stadium,1,17.2,Islamabad United,Lahore Qalandars,Misbah-ul-Haq,Shadab Khan,Sohail Tanvir,0,1,1,,,,,,,,
1075989,2016/17,2017-02-11,Dubai International Cricket Stadium,1,17.3,Islamabad United,Lahore Qalandars,Misbah-ul-Haq,Shadab Khan,Sohail Tanvir,1,0,,,,,,,,,
1075989,2016/17,2017-02-11,Dubai International Cricket Stadium,1,17.4,Islamabad United,Lahore Qalandars,Shadab Khan,Misbah-ul-Haq,Sohail Tanvir,1,0,,,,,,,,,
1075989,2016/17,2017-02-11,Dubai International Cricket Stadium,1,17.5,Islamabad United,Lahore Qalandars,Misbah-ul-Haq,Shadab Khan,Sohail Tanvir,2,0,,,,,,,,,
1075989,2016/17,2017-02-11,Dubai International Cricket Stadium,1,17.6,Islamabad United,Lahore Qalandars,Misbah-ul-Haq,Shadab Khan,Sohail Tanvir,0,0,,,,,,,,,
1075989,2016/17,2017-02-11,Dubai International Cricket Stadium,1,17.7,Islamabad United,Lahore Qalandars,Misbah-ul-Haq,Shadab Khan,Sohail Tanvir,6,0,,,,,,,,,
1075989,2016/17,2017-02-11,Dubai International Cricket Stadium,1,18.1,Islamabad United,Lahore Qalandars,Shadab Khan,Misbah-ul-Haq,Mohammad Irfan (4),1,0,,,,,,,,,
1075989,2016/17,2017-02-11,Dubai International Cricket Stadium,1,18.2,Islamabad United,Lahore Qalandars,Misbah-ul-Haq,Shadab Khan,Mohammad Irfan (4),0,0,,,,,,,,,
1075989,2016/17,2017-02-11,Dubai International Cricket Stadium,1,18.3,Islamabad United,Lahore Qalandars,Misbah-ul-Haq,Shadab Khan,Mohammad Irfan (4),4,0,,,,,,,,,
1075989,2016/17,2017-02-11,Dubai International Cricket Stadium,1,18.4,Islamabad United,Lahore Qalandars,Misbah-ul-Haq,Shadab Khan,Mohammad Irfan (4),6,0,,,,,,,,,
1075989,2016/17,2017-02-11,Dubai International Cricket Stadium,1,18.5,Islamabad United,Lahore Qalandars,Misbah-ul-Haq,Shadab Khan,Mohammad Irfan (4),0,1,,,,1,,,,,
1075989,2016/17,2017-02-11,Dubai International Cricket Stadium,1,18.6,Islamabad United,Lahore Qalandars,Shadab Khan,Misbah-ul-Haq,Mohammad Irfan (4),0,0,,,,,,,,,
1075989,2016/17,2017-02-11,Dubai International Cricket Stadium,1,19.1,Islamabad United,Lahore Qalandars,Misbah-ul-Haq,Shadab Khan,Sohail Tanvir,6,0,,,,,,,,,
1075989,2016/17,2017-02-11,Dubai International Cricket Stadium,1,19.2,Islamabad United,Lahore Qalandars,Misbah-ul-Haq,Shadab Khan,Sohail Tanvir,1,0,,,,,,,,,
1075989,2016/17,2017-02-11,Dubai International Cricket Stadium,1,19.3,Islamabad United,Lahore Qalandars,Shadab Khan,Misbah-ul-Haq,Sohail Tanvir,1,0,,,,,,,,,
1075989,2016/17,2017-02-11,Dubai International Cricket Stadium,1,19.4,Islamabad United,Lahore Qalandars,Misbah-ul-Haq,Shadab Khan,Sohail Tanvir,0,0,,,,,,,,,
1075989,2016/17,2017-02-11,Dubai International Cricket Stadium,1,19.5,Islamabad United,Lahore Qalandars,Misbah-ul-Haq,Shadab Khan,Sohail Tanvir,0,1,,1,,,,,,,
1075989,2016/17,2017-02-11,Dubai International Cricket Stadium,1,19.6,Islamabad United,Lahore Qalandars,Misbah-ul-Haq,Shadab Khan,Sohail Tanvir,1,0,,,,,,run out,Shadab Khan,,
1075989,2016/17,2017-02-11,Dubai International Cricket Stadium,1,19.7,Islamabad United,Lahore Qalandars,Mohammad Sami,Misbah-ul-Haq,Sohail Tanvir,0,0,,,,,,caught,Mohammad Sami,,
1075989,2016/17,2017-02-11,Dubai International Cricket Stadium,2,0.1,Lahore Qalandars,Islamabad United,JJ Roy,BB McCullum,Imran Khalid,1,0,,,,,,,,,
1075989,2016/17,2017-02-11,Dubai International Cricket Stadium,2,0.2,Lahore Qalandars,Islamabad United,BB McCullum,JJ Roy,Imran Khalid,4,0,,,,,,,,,
1075989,2016/17,2017-02-11,Dubai International Cricket Stadium,2,0.3,Lahore Qalandars,Islamabad United,BB McCullum,JJ Roy,Imran Khalid,0,1,1,,,,,,,,
1075989,2016/17,2017-02-11,Dubai International Cricket Stadium,2,0.4,Lahore Qalandars,Islamabad United,BB McCullum,JJ Roy,Imran Khalid,4,0,,,,,,,,,
1075989,2016/17,2017-02-11,Dubai International Cricket Stadium,2,0.5,Lahore Qalandars,Islamabad United,BB McCullum,JJ Roy,Imran Khalid,0,0,,,,,,,,,
1075989,2016/17,2017-02-11,Dubai International Cricket Stadium,2,0.6,Lahore Qalandars,Islamabad United,BB McCullum,JJ Roy,Imran Khalid,0,1,1,,,,,,,,
1075989,2016/17,2017-02-11,Dubai International Cricket Stadium,2,0.7,Lahore Qalandars,Islamabad United,BB McCullum,JJ Roy,Imran Khalid,6,0,,,,,,,,,
1075989,2016/17,2017-02-11,Dubai International Cricket Stadium,2,0.8,Lahore Qalandars,Islamabad United,BB McCullum,JJ Roy,Imran Khalid,4,0,,,,,,,,,
1075989,2016/17,2017-02-11,Dubai International Cricket Stadium,2,1.1,Lahore Qalandars,Islamabad United,JJ Roy,BB McCullum,Mohammad Sami,0,0,,,,,,,,,
1075989,2016/17,2017-02-11,Dubai International Cricket Stadium,2,1.2,Lahore Qalandars,Islamabad United,JJ Roy,BB McCullum,Mohammad Sami,1,0,,,,,,,,,
1075989,2016/17,2017-02-11,Dubai International Cricket Stadium,2,1.3,Lahore Qalandars,Islamabad United,BB McCullum,JJ Roy,Mohammad Sami,4,0,,,,,,,,,
1075989,2016/17,2017-02-11,Dubai International Cricket Stadium,2,1.4,Lahore Qalandars,Islamabad United,BB McCullum,JJ Roy,Mohammad Sami,1,1,,1,,,,,,,
1075989,2016/17,2017-02-11,Dubai International Cricket Stadium,2,1.5,Lahore Qalandars,Islamabad United,JJ Roy,BB McCullum,Mohammad Sami,4,0,,,,,,,,,
1075989,2016/17,2017-02-11,Dubai International Cricket Stadium,2,1.6,Lahore Qalandars,Islamabad United,JJ Roy,BB McCullum,Mohammad Sami,0,0,,,,,,,,,
1075989,2016/17,2017-02-11,Dubai International Cricket Stadium,2,1.7,Lahore Qalandars,Islamabad United,JJ Roy,BB McCullum,Mohammad Sami,4,0,,,,,,,,,
1075989,2016/17,2017-02-11,Dubai International Cricket Stadium,2,2.1,Lahore Qalandars,Islamabad United,BB McCullum,JJ Roy,Rumman Raees,0,0,,,,,,,,,
1075989,2016/17,2017-02-11,Dubai International Cricket Stadium,2,2.2,Lahore Qalandars,Islamabad United,BB McCullum,JJ Roy,Rumman Raees,2,0,,,,,,,,,
1075989,2016/17,2017-02-11,Dubai International Cricket Stadium,2,2.3,Lahore Qalandars,Islamabad United,BB McCullum,JJ Roy,Rumman Raees,0,0,,,,,,caught,BB McCullum,,
1075989,2016/17,2017-02-11,Dubai International Cricket Stadium,2,2.4,Lahore Qalandars,Islamabad United,Fakhar Zaman,JJ Roy,Rumman Raees,2,0,,,,,,,,,
1075989,2016/17,2017-02-11,Dubai International Cricket Stadium,2,2.5,Lahore Qalandars,Islamabad United,Fakhar Zaman,JJ Roy,Rumman Raees,1,0,,,,,,,,,
1075989,2016/17,2017-02-11,Dubai International Cricket Stadium,2,2.6,Lahore Qalandars,Islamabad United,JJ Roy,Fakhar Zaman,Rumman Raees,0,0,,,,,,,,,
1075989,2016/17,2017-02-11,Dubai International Cricket Stadium,2,3.1,Lahore Qalandars,Islamabad United,Fakhar Zaman,JJ Roy,Mohammad Sami,0,0,,,,,,,,,
1075989,2016/17,2017-02-11,Dubai International Cricket Stadium,2,3.2,Lahore Qalandars,Islamabad United,Fakhar Zaman,JJ Roy,Mohammad Sami,0,0,,,,,,,,,
1075989,2016/17,2017-02-11,Dubai International Cricket Stadium,2,3.3,Lahore Qalandars,Islamabad United,Fakhar Zaman,JJ Roy,Mohammad Sami,0,0,,,,,,,,,
1075989,2016/17,2017-02-11,Dubai International Cricket Stadium,2,3.4,Lahore Qalandars,Islamabad United,Fakhar Zaman,JJ Roy,Mohammad Sami,2,0,,,,,,,,,
1075989,2016/17,2017-02-11,Dubai International Cricket Stadium,2,3.5,Lahore Qalandars,Islamabad United,Fakhar Zaman,JJ Roy,Mohammad Sami,0,0,,,,,,,,,
1075989,2016/17,2017-02-11,Dubai International Cricket Stadium,2,3.6,Lahore Qalandars,Islamabad United,Fakhar Zaman,JJ Roy,Mohammad Sami,0,0,,,,,,caught and bowled,Fakhar Zaman,,
1075989,2016/17,2017-02-11,Dubai International Cricket Stadium,2,4.1,Lahore Qalandars,Islamabad United,JJ Roy,Umar Akmal,Rumman Raees,1,0,,,,,,,,,
1075989,2016/17,2017-02-11,Dubai International Cricket Stadium,2,4.2,Lahore Qalandars,Islamabad United,Umar Akmal,JJ Roy,Rumman Raees,0,0,,,,,,,,,
1075989,2016/17,2017-02-11,Dubai International Cricket Stadium,2,4.3,Lahore Qalandars,Islamabad United,Umar Akmal,JJ Roy,Rumman Raees,0,0,,,,,,,,,
1075989,2016/17,2017-02-11,Dubai International Cricket Stadium,2,4.4,Lahore Qalandars,Islamabad United,Umar Akmal,JJ Roy,Rumman Raees,1,0,,,,,,,,,
1075989,2016/17,2017-02-11,Dubai International Cricket Stadium,2,4.5,Lahore Qalandars,Islamabad United,JJ Roy,Umar Akmal,Rumman Raees,1,0,,,,,,,,,
1075989,2016/17,2017-02-11,Dubai International Cricket Stadium,2,4.6,Lahore Qalandars,Islamabad United,Umar Akmal,JJ Roy,Rumman Raees,0,0,,,,,,,,,
1075989,2016/17,2017-02-11,Dubai International Cricket Stadium,2,5.1,Lahore Qalandars,Islamabad United,JJ Roy,Umar Akmal,SR Watson,0,0,,,,,,,,,
1075989,2016/17,2017-02-11,Dubai International Cricket Stadium,2,5.2,Lahore Qalandars,Islamabad United,JJ Roy,Umar Akmal,SR Watson,0,0,,,,,,,,,
1075989,2016/17,2017-02-11,Dubai International Cricket Stadium,2,5.3,Lahore Qalandars,Islamabad United,JJ Roy,Umar Akmal,SR Watson,1,0,,,,,,,,,
1075989,2016/17,2017-02-11,Dubai International Cricket Stadium,2,5.4,Lahore Qalandars,Islamabad United,Umar Akmal,JJ Roy,SR Watson,0,0,,,,,,,,,
1075989,2016/17,2017-02-11,Dubai International Cricket Stadium,2,5.5,Lahore Qalandars,Islamabad United,Umar Akmal,JJ Roy,SR Watson,1,0,,,,,,,,,
1075989,2016/17,2017-02-11,Dubai International Cricket Stadium,2,5.6,Lahore Qalandars,Islamabad United,JJ Roy,Umar Akmal,SR Watson,0,1,1,,,,,,,,
1075989,2016/17,2017-02-11,Dubai International Cricket Stadium,2,5.7,Lahore Qalandars,Islamabad United,JJ Roy,Umar Akmal,SR Watson,1,0,,,,,,,,,
1075989,2016/17,2017-02-11,Dubai International Cricket Stadium,2,6.1,Lahore Qalandars,Islamabad United,JJ Roy,Umar Akmal,Shadab Khan,2,0,,,,,,,,,
1075989,2016/17,2017-02-11,Dubai International Cricket Stadium,2,6.2,Lahore Qalandars,Islamabad United,JJ Roy,Umar Akmal,Shadab Khan,0,0,,,,,,,,,
1075989,2016/17,2017-02-11,Dubai International Cricket Stadium,2,6.3,Lahore Qalandars,Islamabad United,JJ Roy,Umar Akmal,Shadab Khan,1,0,,,,,,,,,
1075989,2016/17,2017-02-11,Dubai International Cricket Stadium,2,6.4,Lahore Qalandars,Islamabad United,Umar Akmal,JJ Roy,Shadab Khan,4,0,,,,,,,,,
1075989,2016/17,2017-02-11,Dubai International Cricket Stadium,2,6.5,Lahore Qalandars,Islamabad United,Umar Akmal,JJ Roy,Shadab Khan,0,0,,,,,,,,,
1075989,2016/17,2017-02-11,Dubai International Cricket Stadium,2,6.6,Lahore Qalandars,Islamabad United,Umar Akmal,JJ Roy,Shadab Khan,4,0,,,,,,,,,
1075989,2016/17,2017-02-11,Dubai International Cricket Stadium,2,7.1,Lahore Qalandars,Islamabad United,JJ Roy,Umar Akmal,Saeed Ajmal,0,0,,,,,,,,,
1075989,2016/17,2017-02-11,Dubai International Cricket Stadium,2,7.2,Lahore Qalandars,Islamabad United,JJ Roy,Umar Akmal,Saeed Ajmal,0,0,,,,,,,,,
1075989,2016/17,2017-02-11,Dubai International Cricket Stadium,2,7.3,Lahore Qalandars,Islamabad United,JJ Roy,Umar Akmal,Saeed Ajmal,4,0,,,,,,,,,
1075989,2016/17,2017-02-11,Dubai International Cricket Stadium,2,7.4,Lahore Qalandars,Islamabad United,JJ Roy,Umar Akmal,Saeed Ajmal,0,0,,,,,,,,,
1075989,2016/17,2017-02-11,Dubai International Cricket Stadium,2,7.5,Lahore Qalandars,Islamabad United,JJ Roy,Umar Akmal,Saeed Ajmal,2,0,,,,,,,,,
1075989,2016/17,2017-02-11,Dubai International Cricket Stadium,2,7.6,Lahore Qalandars,Islamabad United,JJ Roy,Umar Akmal,Saeed Ajmal,1,0,,,,,,,,,
1075989,2016/17,2017-02-11,Dubai International Cricket Stadium,2,8.1,Lahore Qalandars,Islamabad United,JJ Roy,Umar Akmal,Shadab Khan,1,0,,,,,,,,,
1075989,2016/17,2017-02-11,Dubai International Cricket Stadium,2,8.2,Lahore Qalandars,Islamabad United,Umar Akmal,JJ Roy,Shadab Khan,4,0,,,,,,,,,
1075989,2016/17,2017-02-11,Dubai International Cricket Stadium,2,8.3,Lahore Qalandars,Islamabad United,Umar Akmal,JJ Roy,Shadab Khan,1,0,,,,,,,,,
1075989,2016/17,2017-02-11,Dubai International Cricket Stadium,2,8.4,Lahore Qalandars,Islamabad United,JJ Roy,Umar Akmal,Shadab Khan,1,0,,,,,,,,,
1075989,2016/17,2017-02-11,Dubai International Cricket Stadium,2,8.5,Lahore Qalandars,Islamabad United,Umar Akmal,JJ Roy,Shadab Khan,1,0,,,,,,,,,
1075989,2016/17,2017-02-11,Dubai International Cricket Stadium,2,8.6,Lahore Qalandars,Islamabad United,JJ Roy,Umar Akmal,Shadab Khan,2,0,,,,,,,,,
1075989,2016/17,2017-02-11,Dubai International Cricket Stadium,2,9.1,Lahore Qalandars,Islamabad United,Umar Akmal,JJ Roy,Saeed Ajmal,1,0,,,,,,,,,
1075989,2016/17,2017-02-11,Dubai International Cricket Stadium,2,9.2,Lahore Qalandars,Islamabad United,JJ Roy,Umar Akmal,Saeed Ajmal,4,0,,,,,,,,,
1075989,2016/17,2017-02-11,Dubai International Cricket Stadium,2,9.3,Lahore Qalandars,Islamabad United,JJ Roy,Umar Akmal,Saeed Ajmal,1,0,,,,,,,,,
1075989,2016/17,2017-02-11,Dubai International Cricket Stadium,2,9.4,Lahore Qalandars,Islamabad United,Umar Akmal,JJ Roy,Saeed Ajmal,1,0,,,,,,,,,
1075989,2016/17,2017-02-11,Dubai International Cricket Stadium,2,9.5,Lahore Qalandars,Islamabad United,JJ Roy,Umar Akmal,Saeed Ajmal,0,0,,,,,,,,,
1075989,2016/17,2017-02-11,Dubai International Cricket Stadium,2,9.6,Lahore Qalandars,Islamabad United,JJ Roy,Umar Akmal,Saeed Ajmal,1,0,,,,,,,,,
1075989,2016/17,2017-02-11,Dubai International Cricket Stadium,2,10.1,Lahore Qalandars,Islamabad United,JJ Roy,Umar Akmal,SR Watson,1,0,,,,,,,,,
1075989,2016/17,2017-02-11,Dubai International Cricket Stadium,2,10.2,Lahore Qalandars,Islamabad United,Umar Akmal,JJ Roy,SR Watson,6,0,,,,,,,,,
1075989,2016/17,2017-02-11,Dubai International Cricket Stadium,2,10.3,Lahore Qalandars,Islamabad United,Umar Akmal,JJ Roy,SR Watson,0,0,,,,,,,,,
1075989,2016/17,2017-02-11,Dubai International Cricket Stadium,2,10.4,Lahore Qalandars,Islamabad United,Umar Akmal,JJ Roy,SR Watson,1,0,,,,,,,,,
1075989,2016/17,2017-02-11,Dubai International Cricket Stadium,2,10.5,Lahore Qalandars,Islamabad United,JJ Roy,Umar Akmal,SR Watson,0,1,1,,,,,,,,
1075989,2016/17,2017-02-11,Dubai International Cricket Stadium,2,10.6,Lahore Qalandars,Islamabad United,JJ Roy,Umar Akmal,SR Watson,0,0,,,,,,,,,
1075989,2016/17,2017-02-11,Dubai International Cricket Stadium,2,10.7,Lahore Qalandars,Islamabad United,JJ Roy,Umar Akmal,SR Watson,1,0,,,,,,,,,
1075989,2016/17,2017-02-11,Dubai International Cricket Stadium,2,11.1,Lahore Qalandars,Islamabad United,JJ Roy,Umar Akmal,Saeed Ajmal,0,0,,,,,,,,,
1075989,2016/17,2017-02-11,Dubai International Cricket Stadium,2,11.2,Lahore Qalandars,Islamabad United,JJ Roy,Umar Akmal,Saeed Ajmal,1,0,,,,,,,,,
1075989,2016/17,2017-02-11,Dubai International Cricket Stadium,2,11.3,Lahore Qalandars,Islamabad United,Umar Akmal,JJ Roy,Saeed Ajmal,6,0,,,,,,,,,
1075989,2016/17,2017-02-11,Dubai International Cricket Stadium,2,11.4,Lahore Qalandars,Islamabad United,Umar Akmal,JJ Roy,Saeed Ajmal,0,0,,,,,,,,,
1075989,2016/17,2017-02-11,Dubai International Cricket Stadium,2,11.5,Lahore Qalandars,Islamabad United,Umar Akmal,JJ Roy,Saeed Ajmal,1,0,,,,,,,,,
1075989,2016/17,2017-02-11,Dubai International Cricket Stadium,2,11.6,Lahore Qalandars,Islamabad United,JJ Roy,Umar Akmal,Saeed Ajmal,1,0,,,,,,,,,
1075989,2016/17,2017-02-11,Dubai International Cricket Stadium,2,12.1,Lahore Qalandars,Islamabad United,JJ Roy,Umar Akmal,Rumman Raees,4,0,,,,,,,,,
1075989,2016/17,2017-02-11,Dubai International Cricket Stadium,2,12.2,Lahore Qalandars,Islamabad United,JJ Roy,Umar Akmal,Rumman Raees,0,0,,,,,,,,,
1075989,2016/17,2017-02-11,Dubai International Cricket Stadium,2,12.3,Lahore Qalandars,Islamabad United,JJ Roy,Umar Akmal,Rumman Raees,0,0,,,,,,,,,
1075989,2016/17,2017-02-11,Dubai International Cricket Stadium,2,12.4,Lahore Qalandars,Islamabad United,JJ Roy,Umar Akmal,Rumman Raees,0,0,,,,,,,,,
1075989,2016/17,2017-02-11,Dubai International Cricket Stadium,2,12.5,Lahore Qalandars,Islamabad United,JJ Roy,Umar Akmal,Rumman Raees,1,0,,,,,,,,,
1075989,2016/17,2017-02-11,Dubai International Cricket Stadium,2,12.6,Lahore Qalandars,Islamabad United,Umar Akmal,JJ Roy,Rumman Raees,1,0,,,,,,,,,
1075989,2016/17,2017-02-11,Dubai International Cricket Stadium,2,13.1,Lahore Qalandars,Islamabad United,Umar Akmal,JJ Roy,Mohammad Sami,0,0,,,,,,,,,
1075989,2016/17,2017-02-11,Dubai International Cricket Stadium,2,13.2,Lahore Qalandars,Islamabad United,Umar Akmal,JJ Roy,Mohammad Sami,1,0,,,,,,,,,
1075989,2016/17,2017-02-11,Dubai International Cricket Stadium,2,13.3,Lahore Qalandars,Islamabad United,JJ Roy,Umar Akmal,Mohammad Sami,1,0,,,,,,,,,
1075989,2016/17,2017-02-11,Dubai International Cricket Stadium,2,13.4,Lahore Qalandars,Islamabad United,Umar Akmal,JJ Roy,Mohammad Sami,0,0,,,,,,,,,
1075989,2016/17,2017-02-11,Dubai International Cricket Stadium,2,13.5,Lahore Qalandars,Islamabad United,Umar Akmal,JJ Roy,Mohammad Sami,1,0,,,,,,,,,
1075989,2016/17,2017-02-11,Dubai International Cricket Stadium,2,13.6,Lahore Qalandars,Islamabad United,JJ Roy,Umar Akmal,Mohammad Sami,0,0,,,,,,,,,
1075989,2016/17,2017-02-11,Dubai International Cricket Stadium,2,14.1,Lahore Qalandars,Islamabad United,Umar Akmal,JJ Roy,SR Watson,0,0,,,,,,caught,Umar Akmal,,
1075989,2016/17,2017-02-11,Dubai International Cricket Stadium,2,14.2,Lahore Qalandars,Islamabad United,JJ Roy,GD Elliott,SR Watson,1,0,,,,,,,,,
1075989,2016/17,2017-02-11,Dubai International Cricket Stadium,2,14.3,Lahore Qalandars,Islamabad United,GD Elliott,JJ Roy,SR Watson,0,0,,,,,,,,,
1075989,2016/17,2017-02-11,Dubai International Cricket Stadium,2,14.4,Lahore Qalandars,Islamabad United,GD Elliott,JJ Roy,SR Watson,1,0,,,,,,,,,
1075989,2016/17,2017-02-11,Dubai International Cricket Stadium,2,14.5,Lahore Qalandars,Islamabad United,JJ Roy,GD Elliott,SR Watson,1,0,,,,,,,,,
1075989,2016/17,2017-02-11,Dubai International Cricket Stadium,2,14.6,Lahore Qalandars,Islamabad United,GD Elliott,JJ Roy,SR Watson,2,0,,,,,,,,,
1075989,2016/17,2017-02-11,Dubai International Cricket Stadium,2,15.1,Lahore Qalandars,Islamabad United,JJ Roy,GD Elliott,Saeed Ajmal,0,0,,,,,,,,,
1075989,2016/17,2017-02-11,Dubai International Cricket Stadium,2,15.2,Lahore Qalandars,Islamabad United,JJ Roy,GD Elliott,Saeed Ajmal,6,0,,,,,,,,,
1075989,2016/17,2017-02-11,Dubai International Cricket Stadium,2,15.3,Lahore Qalandars,Islamabad United,JJ Roy,GD Elliott,Saeed Ajmal,1,0,,,,,,,,,
1075989,2016/17,2017-02-11,Dubai International Cricket Stadium,2,15.4,Lahore Qalandars,Islamabad United,GD Elliott,JJ Roy,Saeed Ajmal,0,0,,,,,,caught,GD Elliott,,
1075989,2016/17,2017-02-11,Dubai International Cricket Stadium,2,15.5,Lahore Qalandars,Islamabad United,JJ Roy,SP Narine,Saeed Ajmal,1,0,,,,,,,,,
1075989,2016/17,2017-02-11,Dubai International Cricket Stadium,2,15.6,Lahore Qalandars,Islamabad United,SP Narine,JJ Roy,Saeed Ajmal,1,0,,,,,,,,,
1075989,2016/17,2017-02-11,Dubai International Cricket Stadium,2,16.1,Lahore Qalandars,Islamabad United,SP Narine,JJ Roy,SR Watson,6,0,,,,,,,,,
1075989,2016/17,2017-02-11,Dubai International Cricket Stadium,2,16.2,Lahore Qalandars,Islamabad United,SP Narine,JJ Roy,SR Watson,0,0,,,,,,,,,
1075989,2016/17,2017-02-11,Dubai International Cricket Stadium,2,16.3,Lahore Qalandars,Islamabad United,SP Narine,JJ Roy,SR Watson,4,0,,,,,,,,,
1075989,2016/17,2017-02-11,Dubai International Cricket Stadium,2,16.4,Lahore Qalandars,Islamabad United,SP Narine,JJ Roy,SR Watson,6,0,,,,,,,,,
1075989,2016/17,2017-02-11,Dubai International Cricket Stadium,2,16.5,Lahore Qalandars,Islamabad United,SP Narine,JJ Roy,SR Watson,1,0,,,,,,,,,
1075989,2016/17,2017-02-11,Dubai International Cricket Stadium,2,16.6,Lahore Qalandars,Islamabad United,JJ Roy,SP Narine,SR Watson,4,0,,,,,,,,,
1075989,2016/17,2017-02-11,Dubai International Cricket Stadium,2,17.1,Lahore Qalandars,Islamabad United,SP Narine,JJ Roy,Mohammad Sami,0,0,,,,,,,,,
1075989,2016/17,2017-02-11,Dubai International Cricket Stadium,2,17.2,Lahore Qalandars,Islamabad United,SP Narine,JJ Roy,Mohammad Sami,0,1,,,,1,,,,,
1075989,2016/17,2017-02-11,Dubai International Cricket Stadium,2,17.3,Lahore Qalandars,Islamabad United,JJ Roy,SP Narine,Mohammad Sami,1,0,,,,,,,,,
1075989,2016/17,2017-02-11,Dubai International Cricket Stadium,2,17.4,Lahore Qalandars,Islamabad United,SP Narine,JJ Roy,Mohammad Sami,0,0,,,,,,,,,
1075989,2016/17,2017-02-11,Dubai International Cricket Stadium,2,17.5,Lahore Qalandars,Islamabad United,SP Narine,JJ Roy,Mohammad Sami,4,0,,,,,,,,,
1075989,2016/17,2017-02-11,Dubai International Cricket Stadium,2,17.6,Lahore Qalandars,Islamabad United,SP Narine,JJ Roy,Mohammad Sami,0,0,,,,,,,,,
1075989,2016/17,2017-02-11,Dubai International Cricket Stadium,2,18.1,Lahore Qalandars,Islamabad United,JJ Roy,SP Narine,Rumman Raees,1,0,,,,,,,,,
1075989,2016/17,2017-02-11,Dubai International Cricket Stadium,2,18.2,Lahore Qalandars,Islamabad United,SP Narine,JJ Roy,Rumman Raees,4,0,,,,,,,,,
