match_id,season,start_date,venue,innings,ball,batting_team,bowling_team,striker,non_striker,bowler,runs_off_bat,extras,wides,noballs,byes,legbyes,penalty,wicket_type,player_dismissed,other_wicket_type,other_player_dismissed
1075999,2016/17,2017-02-20,Sharjah Cricket Stadium,1,0.1,Islamabad United,Lahore Qalandars,DR Smith,Rafatullah Mohmand,Sohail Tanvir,4,0,,,,,,,,,
1075999,2016/17,2017-02-20,Sharjah Cricket Stadium,1,0.2,Islamabad United,Lahore Qalandars,DR Smith,Rafatullah Mohmand,Sohail Tanvir,0,0,,,,,,,,,
1075999,2016/17,2017-02-20,Sharjah Cricket Stadium,1,0.3,Islamabad United,Lahore Qalandars,DR Smith,Rafatullah Mohmand,Sohail Tanvir,1,0,,,,,,,,,
1075999,2016/17,2017-02-20,Sharjah Cricket Stadium,1,0.4,Islamabad United,Lahore Qalandars,Rafatullah Mohmand,DR Smith,Sohail Tanvir,0,0,,,,,,,,,
1075999,2016/17,2017-02-20,Sharjah Cricket Stadium,1,0.5,Islamabad United,Lahore Qalandars,Rafatullah Mohmand,DR Smith,Sohail Tanvir,0,1,,,,1,,,,,
1075999,2016/17,2017-02-20,Sharjah Cricket Stadium,1,0.6,Islamabad United,Lahore Qalandars,DR Smith,Rafatullah Mohmand,Sohail Tanvir,0,0,,,,,,,,,
1075999,2016/17,2017-02-20,Sharjah Cricket Stadium,1,1.1,Islamabad United,Lahore Qalandars,Rafatullah Mohmand,DR Smith,Aamer Yamin,0,0,,,,,,,,,
1075999,2016/17,2017-02-20,Sharjah Cricket Stadium,1,1.2,Islamabad United,Lahore Qalandars,Rafatullah Mohmand,DR Smith,Aamer Yamin,2,0,,,,,,,,,
1075999,2016/17,2017-02-20,Sharjah Cricket Stadium,1,1.3,Islamabad United,Lahore Qalandars,Rafatullah Mohmand,DR Smith,Aamer Yamin,6,0,,,,,,,,,
1075999,2016/17,2017-02-20,Sharjah Cricket Stadium,1,1.4,Islamabad United,Lahore Qalandars,Rafatullah Mohmand,DR Smith,Aamer Yamin,0,1,,,,1,,,,,
1075999,2016/17,2017-02-20,Sharjah Cricket Stadium,1,1.5,Islamabad United,Lahore Qalandars,DR Smith,Rafatullah Mohmand,Aamer Yamin,1,0,,,,,,,,,
1075999,2016/17,2017-02-20,Sharjah Cricket Stadium,1,1.6,Islamabad United,Lahore Qalandars,Rafatullah Mohmand,DR Smith,Aamer Yamin,0,0,,,,,,,,,
1075999,2016/17,2017-02-20,Sharjah Cricket Stadium,1,2.1,Islamabad United,Lahore Qalandars,DR Smith,Rafatullah Mohmand,Sohail Tanvir,4,0,,,,,,,,,
1075999,2016/17,2017-02-20,Sharjah Cricket Stadium,1,2.2,Islamabad United,Lahore Qalandars,DR Smith,Rafatullah Mohmand,Sohail Tanvir,0,1,,,,1,,,,,
1075999,2016/17,2017-02-20,Sharjah Cricket Stadium,1,2.3,Islamabad United,Lahore Qalandars,Rafatullah Mohmand,DR Smith,Sohail Tanvir,0,0,,,,,,,,,
1075999,2016/17,2017-02-20,Sharjah Cricket Stadium,1,2.4,Islamabad United,Lahore Qalandars,Rafatullah Mohmand,DR Smith,Sohail Tanvir,2,0,,,,,,,,,
1075999,2016/17,2017-02-20,Sharjah Cricket Stadium,1,2.5,Islamabad United,Lahore Qalandars,Rafatullah Mohmand,DR Smith,Sohail Tanvir,6,0,,,,,,,,,
1075999,2016/17,2017-02-20,Sharjah Cricket Stadium,1,2.6,Islamabad United,Lahore Qalandars,Rafatullah Mohmand,DR Smith,Sohail Tanvir,1,0,,,,,,,,,
1075999,2016/17,2017-02-20,Sharjah Cricket Stadium,1,3.1,Islamabad United,Lahore Qalandars,Rafatullah Mohmand,DR Smith,Aamer Yamin,1,0,,,,,,,,,
1075999,2016/17,2017-02-20,Sharjah Cricket Stadium,1,3.2,Islamabad United,Lahore Qalandars,DR Smith,Rafatullah Mohmand,Aamer Yamin,1,0,,,,,,,,,
1075999,2016/17,2017-02-20,Sharjah Cricket Stadium,1,3.3,Islamabad United,Lahore Qalandars,Rafatullah Mohmand,DR Smith,Aamer Yamin,0,0,,,,,,caught,Rafatullah Mohmand,,
1075999,2016/17,2017-02-20,Sharjah Cricket Stadium,1,3.4,Islamabad United,Lahore Qalandars,DR Smith,BJ Haddin,Aamer Yamin,0,1,,,,1,,,,,
1075999,2016/17,2017-02-20,Sharjah Cricket Stadium,1,3.5,Islamabad United,Lahore Qalandars,BJ Haddin,DR Smith,Aamer Yamin,0,0,,,,,,,,,
1075999,2016/17,2017-02-20,Sharjah Cricket Stadium,1,3.6,Islamabad United,Lahore Qalandars,BJ Haddin,DR Smith,Aamer Yamin,0,0,,,,,,,,,
1075999,2016/17,2017-02-20,Sharjah Cricket Stadium,1,4.1,Islamabad United,Lahore Qalandars,DR Smith,BJ Haddin,SP Narine,1,0,,,,,,,,,
1075999,2016/17,2017-02-20,Sharjah Cricket Stadium,1,4.2,Islamabad United,Lahore Qalandars,BJ Haddin,DR Smith,SP Narine,1,0,,,,,,,,,
1075999,2016/17,2017-02-20,Sharjah Cricket Stadium,1,4.3,Islamabad United,Lahore Qalandars,DR Smith,BJ Haddin,SP Narine,0,0,,,,,,,,,
1075999,2016/17,2017-02-20,Sharjah Cricket Stadium,1,4.4,Islamabad United,Lahore Qalandars,DR Smith,BJ Haddin,SP Narine,1,0,,,,,,,,,
1075999,2016/17,2017-02-20,Sharjah Cricket Stadium,1,4.5,Islamabad United,Lahore Qalandars,BJ Haddin,DR Smith,SP Narine,0,0,,,,,,,,,
1075999,2016/17,2017-02-20,Sharjah Cricket Stadium,1,4.6,Islamabad United,Lahore Qalandars,BJ Haddin,DR Smith,SP Narine,0,0,,,,,,,,,
1075999,2016/17,2017-02-20,Sharjah Cricket Stadium,1,5.1,Islamabad United,Lahore Qalandars,DR Smith,BJ Haddin,Aamer Yamin,0,0,,,,,,,,,
1075999,2016/17,2017-02-20,Sharjah Cricket Stadium,1,5.2,Islamabad United,Lahore Qalandars,DR Smith,BJ Haddin,Aamer Yamin,0,0,,,,,,,,,
1075999,2016/17,2017-02-20,Sharjah Cricket Stadium,1,5.3,Islamabad United,Lahore Qalandars,DR Smith,BJ Haddin,Aamer Yamin,1,0,,,,,,,,,
1075999,2016/17,2017-02-20,Sharjah Cricket Stadium,1,5.4,Islamabad United,Lahore Qalandars,BJ Haddin,DR Smith,Aamer Yamin,0,0,,,,,,bowled,BJ Haddin,,
1075999,2016/17,2017-02-20,Sharjah Cricket Stadium,1,5.5,Islamabad United,Lahore Qalandars,BM Duckett,DR Smith,Aamer Yamin,0,0,,,,,,,,,
1075999,2016/17,2017-02-20,Sharjah Cricket Stadium,1,5.6,Islamabad United,Lahore Qalandars,BM Duckett,DR Smith,Aamer Yamin,0,0,,,,,,,,,
1075999,2016/17,2017-02-20,Sharjah Cricket Stadium,1,6.1,Islamabad United,Lahore Qalandars,DR Smith,BM Duckett,Yasir Shah,6,0,,,,,,,,,
1075999,2016/17,2017-02-20,Sharjah Cricket Stadium,1,6.2,Islamabad United,Lahore Qalandars,DR Smith,BM Duckett,Yasir Shah,0,0,,,,,,lbw,DR Smith,,
1075999,2016/17,2017-02-20,Sharjah Cricket Stadium,1,6.3,Islamabad United,Lahore Qalandars,Misbah-ul-Haq,BM Duckett,Yasir Shah,1,0,,,,,,,,,
1075999,2016/17,2017-02-20,Sharjah Cricket Stadium,1,6.4,Islamabad United,Lahore Qalandars,BM Duckett,Misbah-ul-Haq,Yasir Shah,0,0,,,,,,,,,
1075999,2016/17,2017-02-20,Sharjah Cricket Stadium,1,6.5,Islamabad United,Lahore Qalandars,BM Duckett,Misbah-ul-Haq,Yasir Shah,1,0,,,,,,,,,
1075999,2016/17,2017-02-20,Sharjah Cricket Stadium,1,6.6,Islamabad United,Lahore Qalandars,Misbah-ul-Haq,BM Duckett,Yasir Shah,0,0,,,,,,,,,
1075999,2016/17,2017-02-20,Sharjah Cricket Stadium,1,7.1,Islamabad United,Lahore Qalandars,BM Duckett,Misbah-ul-Haq,SP Narine,1,0,,,,,,,,,
1075999,2016/17,2017-02-20,Sharjah Cricket Stadium,1,7.2,Islamabad United,Lahore Qalandars,Misbah-ul-Haq,BM Duckett,SP Narine,1,0,,,,,,,,,
1075999,2016/17,2017-02-20,Sharjah Cricket Stadium,1,7.3,Islamabad United,Lahore Qalandars,BM Duckett,Misbah-ul-Haq,SP Narine,1,0,,,,,,,,,
1075999,2016/17,2017-02-20,Sharjah Cricket Stadium,1,7.4,Islamabad United,Lahore Qalandars,Misbah-ul-Haq,BM Duckett,SP Narine,0,0,,,,,,,,,
1075999,2016/17,2017-02-20,Sharjah Cricket Stadium,1,7.5,Islamabad United,Lahore Qalandars,Misbah-ul-Haq,BM Duckett,SP Narine,4,0,,,,,,,,,
1075999,2016/17,2017-02-20,Sharjah Cricket Stadium,1,7.6,Islamabad United,Lahore Qalandars,Misbah-ul-Haq,BM Duckett,SP Narine,0,0,,,,,,,,,
1075999,2016/17,2017-02-20,Sharjah Cricket Stadium,1,8.1,Islamabad United,Lahore Qalandars,BM Duckett,Misbah-ul-Haq,Yasir Shah,0,0,,,,,,,,,
1075999,2016/17,2017-02-20,Sharjah Cricket Stadium,1,8.2,Islamabad United,Lahore Qalandars,BM Duckett,Misbah-ul-Haq,Yasir Shah,1,0,,,,,,,,,
1075999,2016/17,2017-02-20,Sharjah Cricket Stadium,1,8.3,Islamabad United,Lahore Qalandars,Misbah-ul-Haq,BM Duckett,Yasir Shah,6,0,,,,,,,,,
1075999,2016/17,2017-02-20,Sharjah Cricket Stadium,1,8.4,Islamabad United,Lahore Qalandars,Misbah-ul-Haq,BM Duckett,Yasir Shah,1,0,,,,,,,,,
1075999,2016/17,2017-02-20,Sharjah Cricket Stadium,1,8.5,Islamabad United,Lahore Qalandars,BM Duckett,Misbah-ul-Haq,Yasir Shah,1,0,,,,,,,,,
1075999,2016/17,2017-02-20,Sharjah Cricket Stadium,1,8.6,Islamabad United,Lahore Qalandars,Misbah-ul-Haq,BM Duckett,Yasir Shah,0,0,,,,,,,,,
1075999,2016/17,2017-02-20,Sharjah Cricket Stadium,1,9.1,Islamabad United,Lahore Qalandars,BM Duckett,Misbah-ul-Haq,Mohammad Irfan (4),0,0,,,,,,,,,
1075999,2016/17,2017-02-20,Sharjah Cricket Stadium,1,9.2,Islamabad United,Lahore Qalandars,BM Duckett,Misbah-ul-Haq,Mohammad Irfan (4),0,0,,,,,,,,,
1075999,2016/17,2017-02-20,Sharjah Cricket Stadium,1,9.3,Islamabad United,Lahore Qalandars,BM Duckett,Misbah-ul-Haq,Mohammad Irfan (4),0,0,,,,,,,,,
1075999,2016/17,2017-02-20,Sharjah Cricket Stadium,1,9.4,Islamabad United,Lahore Qalandars,BM Duckett,Misbah-ul-Haq,Mohammad Irfan (4),4,0,,,,,,,,,
1075999,2016/17,2017-02-20,Sharjah Cricket Stadium,1,9.5,Islamabad United,Lahore Qalandars,BM Duckett,Misbah-ul-Haq,Mohammad Irfan (4),0,0,,,,,,,,,
1075999,2016/17,2017-02-20,Sharjah Cricket Stadium,1,9.6,Islamabad United,Lahore Qalandars,BM Duckett,Misbah-ul-Haq,Mohammad Irfan (4),1,0,,,,,,,,,
1075999,2016/17,2017-02-20,Sharjah Cricket Stadium,1,10.1,Islamabad United,Lahore Qalandars,BM Duckett,Misbah-ul-Haq,Yasir Shah,1,0,,,,,,,,,
1075999,2016/17,2017-02-20,Sharjah Cricket Stadium,1,10.2,Islamabad United,Lahore Qalandars,Misbah-ul-Haq,BM Duckett,Yasir Shah,0,1,1,,,,,,,,
1075999,2016/17,2017-02-20,Sharjah Cricket Stadium,1,10.3,Islamabad United,Lahore Qalandars,Misbah-ul-Haq,BM Duckett,Yasir Shah,0,0,,,,,,,,,
1075999,2016/17,2017-02-20,Sharjah Cricket Stadium,1,10.4,Islamabad United,Lahore Qalandars,Misbah-ul-Haq,BM Duckett,Yasir Shah,2,0,,,,,,,,,
1075999,2016/17,2017-02-20,Sharjah Cricket Stadium,1,10.5,Islamabad United,Lahore Qalandars,Misbah-ul-Haq,BM Duckett,Yasir Shah,1,0,,,,,,,,,
1075999,2016/17,2017-02-20,Sharjah Cricket Stadium,1,10.6,Islamabad United,Lahore Qalandars,BM Duckett,Misbah-ul-Haq,Yasir Shah,0,0,,,,,,,,,
1075999,2016/17,2017-02-20,Sharjah Cricket Stadium,1,10.7,Islamabad United,Lahore Qalandars,BM Duckett,Misbah-ul-Haq,Yasir Shah,1,0,,,,,,,,,
1075999,2016/17,2017-02-20,Sharjah Cricket Stadium,1,11.1,Islamabad United,Lahore Qalandars,BM Duckett,Misbah-ul-Haq,Aamer Yamin,1,0,,,,,,,,,
1075999,2016/17,2017-02-20,Sharjah Cricket Stadium,1,11.2,Islamabad United,Lahore Qalandars,Misbah-ul-Haq,BM Duckett,Aamer Yamin,0,0,,,,,,caught,Misbah-ul-Haq,,
1075999,2016/17,2017-02-20,Sharjah Cricket Stadium,1,11.3,Islamabad United,Lahore Qalandars,SR Watson,BM Duckett,Aamer Yamin,0,0,,,,,,,,,
1075999,2016/17,2017-02-20,Sharjah Cricket Stadium,1,11.4,Islamabad United,Lahore Qalandars,SR Watson,BM Duckett,Aamer Yamin,0,0,,,,,,,,,
1075999,2016/17,2017-02-20,Sharjah Cricket Stadium,1,11.5,Islamabad United,Lahore Qalandars,SR Watson,BM Duckett,Aamer Yamin,2,0,,,,,,,,,
1075999,2016/17,2017-02-20,Sharjah Cricket Stadium,1,11.6,Islamabad United,Lahore Qalandars,SR Watson,BM Duckett,Aamer Yamin,2,0,,,,,,,,,
1075999,2016/17,2017-02-20,Sharjah Cricket Stadium,1,12.1,Islamabad United,Lahore Qalandars,BM Duckett,SR Watson,Yasir Shah,1,0,,,,,,,,,
1075999,2016/17,2017-02-20,Sharjah Cricket Stadium,1,12.2,Islamabad United,Lahore Qalandars,SR Watson,BM Duckett,Yasir Shah,1,0,,,,,,,,,
1075999,2016/17,2017-02-20,Sharjah Cricket Stadium,1,12.3,Islamabad United,Lahore Qalandars,BM Duckett,SR Watson,Yasir Shah,0,0,,,,,,bowled,BM Duckett,,
1075999,2016/17,2017-02-20,Sharjah Cricket Stadium,1,12.4,Islamabad United,Lahore Qalandars,Shadab Khan,SR Watson,Yasir Shah,1,0,,,,,,,,,
1075999,2016/17,2017-02-20,Sharjah Cricket Stadium,1,12.5,Islamabad United,Lahore Qalandars,SR Watson,Shadab Khan,Yasir Shah,1,0,,,,,,,,,
1075999,2016/17,2017-02-20,Sharjah Cricket Stadium,1,12.6,Islamabad United,Lahore Qalandars,Shadab Khan,SR Watson,Yasir Shah,0,0,,,,,,,,,
1075999,2016/17,2017-02-20,Sharjah Cricket Stadium,1,13.1,Islamabad United,Lahore Qalandars,SR Watson,Shadab Khan,SP Narine,1,0,,,,,,,,,
1075999,2016/17,2017-02-20,Sharjah Cricket Stadium,1,13.2,Islamabad United,Lahore Qalandars,Shadab Khan,SR Watson,SP Narine,1,0,,,,,,,,,
1075999,2016/17,2017-02-20,Sharjah Cricket Stadium,1,13.3,Islamabad United,Lahore Qalandars,SR Watson,Shadab Khan,SP Narine,0,0,,,,,,,,,
1075999,2016/17,2017-02-20,Sharjah Cricket Stadium,1,13.4,Islamabad United,Lahore Qalandars,SR Watson,Shadab Khan,SP Narine,0,0,,,,,,lbw,SR Watson,,
1075999,2016/17,2017-02-20,Sharjah Cricket Stadium,1,13.5,Islamabad United,Lahore Qalandars,Amad Butt,Shadab Khan,SP Narine,0,0,,,,,,,,,
1075999,2016/17,2017-02-20,Sharjah Cricket Stadium,1,13.6,Islamabad United,Lahore Qalandars,Amad Butt,Shadab Khan,SP Narine,0,0,,,,,,,,,
1075999,2016/17,2017-02-20,Sharjah Cricket Stadium,1,14.1,Islamabad United,Lahore Qalandars,Shadab Khan,Amad Butt,GD Elliott,1,0,,,,,,,,,
1075999,2016/17,2017-02-20,Sharjah Cricket Stadium,1,14.2,Islamabad United,Lahore Qalandars,Amad Butt,Shadab Khan,GD Elliott,1,0,,,,,,,,,
1075999,2016/17,2017-02-20,Sharjah Cricket Stadium,1,14.3,Islamabad United,Lahore Qalandars,Shadab Khan,Amad Butt,GD Elliott,0,2,2,,,,,,,,
1075999,2016/17,2017-02-20,Sharjah Cricket Stadium,1,14.4,Islamabad United,Lahore Qalandars,Amad Butt,Shadab Khan,GD Elliott,0,0,,,,,,,,,
1075999,2016/17,2017-02-20,Sharjah Cricket Stadium,1,14.5,Islamabad United,Lahore Qalandars,Amad Butt,Shadab Khan,GD Elliott,6,0,,,,,,,,,
1075999,2016/17,2017-02-20,Sharjah Cricket Stadium,1,14.6,Islamabad United,Lahore Qalandars,Amad Butt,Shadab Khan,GD Elliott,0,0,,,,,,,,,
1075999,2016/17,2017-02-20,Sharjah Cricket Stadium,1,14.7,Islamabad United,Lahore Qalandars,Amad Butt,Shadab Khan,GD Elliott,2,0,,,,,,,,,
1075999,2016/17,2017-02-20,Sharjah Cricket Stadium,1,15.1,Islamabad United,Lahore Qalandars,Shadab Khan,Amad Butt,SP Narine,1,0,,,,,,,,,
1075999,2016/17,2017-02-20,Sharjah Cricket Stadium,1,15.2,Islamabad United,Lahore Qalandars,Amad Butt,Shadab Khan,SP Narine,0,1,,,,1,,,,,
1075999,2016/17,2017-02-20,Sharjah Cricket Stadium,1,15.3,Islamabad United,Lahore Qalandars,Shadab Khan,Amad Butt,SP Narine,1,0,,,,,,,,,
1075999,2016/17,2017-02-20,Sharjah Cricket Stadium,1,15.4,Islamabad United,Lahore Qalandars,Amad Butt,Shadab Khan,SP Narine,1,0,,,,,,,,,
1075999,2016/17,2017-02-20,Sharjah Cricket Stadium,1,15.5,Islamabad United,Lahore Qalandars,Shadab Khan,Amad Butt,SP Narine,1,0,,,,,,,,,
1075999,2016/17,2017-02-20,Sharjah Cricket Stadium,1,15.6,Islamabad United,Lahore Qalandars,Amad Butt,Shadab Khan,SP Narine,4,0,,,,,,,,,
1075999,2016/17,2017-02-20,Sharjah Cricket Stadium,1,16.1,Islamabad United,Lahore Qalandars,Shadab Khan,Amad Butt,Mohammad Irfan (4),2,0,,,,,,,,,
1075999,2016/17,2017-02-20,Sharjah Cricket Stadium,1,16.2,Islamabad United,Lahore Qalandars,Shadab Khan,Amad Butt,Mohammad Irfan (4),1,0,,,,,,,,,
1075999,2016/17,2017-02-20,Sharjah Cricket Stadium,1,16.3,Islamabad United,Lahore Qalandars,Amad Butt,Shadab Khan,Mohammad Irfan (4),1,0,,,,,,,,,
1075999,2016/17,2017-02-20,Sharjah Cricket Stadium,1,16.4,Islamabad United,Lahore Qalandars,Shadab Khan,Amad Butt,Mohammad Irfan (4),1,0,,,,,,,,,
1075999,2016/17,2017-02-20,Sharjah Cricket Stadium,1,16.5,Islamabad United,Lahore Qalandars,Amad Butt,Shadab Khan,Mohammad Irfan (4),0,0,,,,,,,,,
1075999,2016/17,2017-02-20,Sharjah Cricket Stadium,1,16.6,Islamabad United,Lahore Qalandars,Amad Butt,Shadab Khan,Mohammad Irfan (4),0,0,,,,,,,,,
1075999,2016/17,2017-02-20,Sharjah Cricket Stadium,1,17.1,Islamabad United,Lahore Qalandars,Shadab Khan,Amad Butt,Sohail Tanvir,6,0,,,,,,,,,
1075999,2016/17,2017-02-20,Sharjah Cricket Stadium,1,17.2,Islamabad United,Lahore Qalandars,Shadab Khan,Amad Butt,Sohail Tanvir,1,0,,,,,,,,,
1075999,2016/17,2017-02-20,Sharjah Cricket Stadium,1,17.3,Islamabad United,Lahore Qalandars,Amad Butt,Shadab Khan,Sohail Tanvir,1,0,,,,,,,,,
1075999,2016/17,2017-02-20,Sharjah Cricket Stadium,1,17.4,Islamabad United,Lahore Qalandars,Shadab Khan,Amad Butt,Sohail Tanvir,0,0,,,,,,,,,
1075999,2016/17,2017-02-20,Sharjah Cricket Stadium,1,17.5,Islamabad United,Lahore Qalandars,Shadab Khan,Amad Butt,Sohail Tanvir,0,0,,,,,,,,,
1075999,2016/17,2017-02-20,Sharjah Cricket Stadium,1,17.6,Islamabad United,Lahore Qalandars,Shadab Khan,Amad Butt,Sohail Tanvir,1,0,,,,,,,,,
1075999,2016/17,2017-02-20,Sharjah Cricket Stadium,1,18.1,Islamabad United,Lahore Qalandars,Shadab Khan,Amad Butt,Mohammad Irfan (4),6,0,,,,,,,,,
1075999,2016/17,2017-02-20,Sharjah Cricket Stadium,1,18.2,Islamabad United,Lahore Qalandars,Shadab Khan,Amad Butt,Mohammad Irfan (4),4,0,,,,,,,,,
1075999,2016/17,2017-02-20,Sharjah Cricket Stadium,1,18.3,Islamabad United,Lahore Qalandars,Shadab Khan,Amad Butt,Mohammad Irfan (4),0,1,,,,1,,,,,
1075999,2016/17,2017-02-20,Sharjah Cricket Stadium,1,18.4,Islamabad United,Lahore Qalandars,Amad Butt,Shadab Khan,Mohammad Irfan (4),1,0,,,,,,,,,
1075999,2016/17,2017-02-20,Sharjah Cricket Stadium,1,18.5,Islamabad United,Lahore Qalandars,Shadab Khan,Amad Butt,Mohammad Irfan (4),6,0,,,,,,,,,
1075999,2016/17,2017-02-20,Sharjah Cricket Stadium,1,18.6,Islamabad United,Lahore Qalandars,Shadab Khan,Amad Butt,Mohammad Irfan (4),0,0,,,,,,,,,
1075999,2016/17,2017-02-20,Sharjah Cricket Stadium,1,19.1,Islamabad United,Lahore Qalandars,Amad Butt,Shadab Khan,Sohail Tanvir,0,0,,,,,,caught,Amad Butt,,
1075999,2016/17,2017-02-20,Sharjah Cricket Stadium,1,19.2,Islamabad United,Lahore Qalandars,Shadab Khan,Mohammad Sami,Sohail Tanvir,1,0,,,,,,,,,
1075999,2016/17,2017-02-20,Sharjah Cricket Stadium,1,19.3,Islamabad United,Lahore Qalandars,Mohammad Sami,Shadab Khan,Sohail Tanvir,1,0,,,,,,,,,
1075999,2016/17,2017-02-20,Sharjah Cricket Stadium,1,19.4,Islamabad United,Lahore Qalandars,Shadab Khan,Mohammad Sami,Sohail Tanvir,2,0,,,,,,,,,
1075999,2016/17,2017-02-20,Sharjah Cricket Stadium,1,19.5,Islamabad United,Lahore Qalandars,Shadab Khan,Mohammad Sami,Sohail Tanvir,4,0,,,,,,,,,
1075999,2016/17,2017-02-20,Sharjah Cricket Stadium,1,19.6,Islamabad United,Lahore Qalandars,Shadab Khan,Mohammad Sami,Sohail Tanvir,1,0,,,,,,run out,Shadab Khan,,
1075999,2016/17,2017-02-20,Sharjah Cricket Stadium,2,0.1,Lahore Qalandars,Islamabad United,CS Delport,BB McCullum,Mohammad Irfan,0,0,,,,,,,,,
1075999,2016/17,2017-02-20,Sharjah Cricket Stadium,2,0.2,Lahore Qalandars,Islamabad United,CS Delport,BB McCullum,Mohammad Irfan,2,0,,,,,,,,,
1075999,2016/17,2017-02-20,Sharjah Cricket Stadium,2,0.3,Lahore Qalandars,Islamabad United,CS Delport,BB McCullum,Mohammad Irfan,4,0,,,,,,,,,
1075999,2016/17,2017-02-20,Sharjah Cricket Stadium,2,0.4,Lahore Qalandars,Islamabad United,CS Delport,BB McCullum,Mohammad Irfan,0,0,,,,,,,,,
1075999,2016/17,2017-02-20,Sharjah Cricket Stadium,2,0.5,Lahore Qalandars,Islamabad United,CS Delport,BB McCullum,Mohammad Irfan,0,0,,,,,,,,,
1075999,2016/17,2017-02-20,Sharjah Cricket Stadium,2,0.6,Lahore Qalandars,Islamabad United,CS Delport,BB McCullum,Mohammad Irfan,0,0,,,,,,,,,
1075999,2016/17,2017-02-20,Sharjah Cricket Stadium,2,1.1,Lahore Qalandars,Islamabad United,BB McCullum,CS Delport,Mohammad Sami,0,0,,,,,,,,,
1075999,2016/17,2017-02-20,Sharjah Cricket Stadium,2,1.2,Lahore Qalandars,Islamabad United,BB McCullum,CS Delport,Mohammad Sami,0,5,,5,,,,,,,
1075999,2016/17,2017-02-20,Sharjah Cricket Stadium,2,1.3,Lahore Qalandars,Islamabad United,BB McCullum,CS Delport,Mohammad Sami,4,0,,,,,,,,,
1075999,2016/17,2017-02-20,Sharjah Cricket Stadium,2,1.4,Lahore Qalandars,Islamabad United,BB McCullum,CS Delport,Mohammad Sami,0,0,,,,,,,,,
1075999,2016/17,2017-02-20,Sharjah Cricket Stadium,2,1.5,Lahore Qalandars,Islamabad United,BB McCullum,CS Delport,Mohammad Sami,0,0,,,,,,,,,
1075999,2016/17,2017-02-20,Sharjah Cricket Stadium,2,1.6,Lahore Qalandars,Islamabad United,BB McCullum,CS Delport,Mohammad Sami,0,0,,,,,,,,,
1075999,2016/17,2017-02-20,Sharjah Cricket Stadium,2,1.7,Lahore Qalandars,Islamabad United,BB McCullum,CS Delport,Mohammad Sami,0,0,,,,,,,,,
1075999,2016/17,2017-02-20,Sharjah Cricket Stadium,2,2.1,Lahore Qalandars,Islamabad United,CS Delport,BB McCullum,Mohammad Irfan,0,0,,,,,,,,,
1075999,2016/17,2017-02-20,Sharjah Cricket Stadium,2,2.2,Lahore Qalandars,Islamabad United,CS Delport,BB McCullum,Mohammad Irfan,1,0,,,,,,,,,
1075999,2016/17,2017-02-20,Sharjah Cricket Stadium,2,2.3,Lahore Qalandars,Islamabad United,BB McCullum,CS Delport,Mohammad Irfan,0,0,,,,,,,,,
1075999,2016/17,2017-02-20,Sharjah Cricket Stadium,2,2.4,Lahore Qalandars,Islamabad United,BB McCullum,CS Delport,Mohammad Irfan,4,0,,,,,,,,,
1075999,2016/17,2017-02-20,Sharjah Cricket Stadium,2,2.5,Lahore Qalandars,Islamabad United,BB McCullum,CS Delport,Mohammad Irfan,0,0,,,,,,,,,
1075999,2016/17,2017-02-20,Sharjah Cricket Stadium,2,2.6,Lahore Qalandars,Islamabad United,BB McCullum,CS Delport,Mohammad Irfan,0,0,,,,,,,,,
1075999,2016/17,2017-02-20,Sharjah Cricket Stadium,2,3.1,Lahore Qalandars,Islamabad United,CS Delport,BB McCullum,Mohammad Sami,0,0,,,,,,,,,
1075999,2016/17,2017-02-20,Sharjah Cricket Stadium,2,3.2,Lahore Qalandars,Islamabad United,CS Delport,BB McCullum,Mohammad Sami,2,0,,,,,,,,,
1075999,2016/17,2017-02-20,Sharjah Cricket Stadium,2,3.3,Lahore Qalandars,Islamabad United,CS Delport,BB McCullum,Mohammad Sami,0,0,,,,,,,,,
1075999,2016/17,2017-02-20,Sharjah Cricket Stadium,2,3.4,Lahore Qalandars,Islamabad United,CS Delport,BB McCullum,Mohammad Sami,0,0,,,,,,,,,
1075999,2016/17,2017-02-20,Sharjah Cricket Stadium,2,3.5,Lahore Qalandars,Islamabad United,CS Delport,BB McCullum,Mohammad Sami,1,0,,,,,,,,,
1075999,2016/17,2017-02-20,Sharjah Cricket Stadium,2,3.6,Lahore Qalandars,Islamabad United,BB McCullum,CS Delport,Mohammad Sami,0,0,,,,,,,,,
1075999,2016/17,2017-02-20,Sharjah Cricket Stadium,2,4.1,Lahore Qalandars,Islamabad United,CS Delport,BB McCullum,Mohammad Irfan,1,0,,,,,,,,,
1075999,2016/17,2017-02-20,Sharjah Cricket Stadium,2,4.2,Lahore Qalandars,Islamabad United,BB McCullum,CS Delport,Mohammad Irfan,1,0,,,,,,,,,
1075999,2016/17,2017-02-20,Sharjah Cricket Stadium,2,4.3,Lahore Qalandars,Islamabad United,CS Delport,BB McCullum,Mohammad Irfan,1,0,,,,,,,,,
1075999,2016/17,2017-02-20,Sharjah Cricket Stadium,2,4.4,Lahore Qalandars,Islamabad United,BB McCullum,CS Delport,Mohammad Irfan,1,0,,,,,,,,,
1075999,2016/17,2017-02-20,Sharjah Cricket Stadium,2,4.5,Lahore Qalandars,Islamabad United,CS Delport,BB McCullum,Mohammad Irfan,0,0,,,,,,caught,CS Delport,,
1075999,2016/17,2017-02-20,Sharjah Cricket Stadium,2,4.6,Lahore Qalandars,Islamabad United,Fakhar Zaman,BB McCullum,Mohammad Irfan,0,0,,,,,,,,,
1075999,2016/17,2017-02-20,Sharjah Cricket Stadium,2,5.1,Lahore Qalandars,Islamabad United,BB McCullum,Fakhar Zaman,Rumman Raees,0,0,,,,,,,,,
1075999,2016/17,2017-02-20,Sharjah Cricket Stadium,2,5.2,Lahore Qalandars,Islamabad United,BB McCullum,Fakhar Zaman,Rumman Raees,1,0,,,,,,,,,
1075999,2016/17,2017-02-20,Sharjah Cricket Stadium,2,5.3,Lahore Qalandars,Islamabad United,Fakhar Zaman,BB McCullum,Rumman Raees,1,0,,,,,,,,,
1075999,2016/17,2017-02-20,Sharjah Cricket Stadium,2,5.4,Lahore Qalandars,Islamabad United,BB McCullum,Fakhar Zaman,Rumman Raees,0,0,,,,,,,,,
1075999,2016/17,2017-02-20,Sharjah Cricket Stadium,2,5.5,Lahore Qalandars,Islamabad United,BB McCullum,Fakhar Zaman,Rumman Raees,0,0,,,,,,caught,BB McCullum,,
1075999,2016/17,2017-02-20,Sharjah Cricket Stadium,2,5.6,Lahore Qalandars,Islamabad United,Umar Akmal,Fakhar Zaman,Rumman Raees,0,0,,,,,,,,,
1075999,2016/17,2017-02-20,Sharjah Cricket Stadium,2,6.1,Lahore Qalandars,Islamabad United,Fakhar Zaman,Umar Akmal,Shadab Khan,1,0,,,,,,,,,
1075999,2016/17,2017-02-20,Sharjah Cricket Stadium,2,6.2,Lahore Qalandars,Islamabad United,Umar Akmal,Fakhar Zaman,Shadab Khan,1,0,,,,,,,,,
1075999,2016/17,2017-02-20,Sharjah Cricket Stadium,2,6.3,Lahore Qalandars,Islamabad United,Fakhar Zaman,Umar Akmal,Shadab Khan,4,0,,,,,,,,,
1075999,2016/17,2017-02-20,Sharjah Cricket Stadium,2,6.4,Lahore Qalandars,Islamabad United,Fakhar Zaman,Umar Akmal,Shadab Khan,0,0,,,,,,lbw,Fakhar Zaman,,
1075999,2016/17,2017-02-20,Sharjah Cricket Stadium,2,6.5,Lahore Qalandars,Islamabad United,Mohammad Rizwan,Umar Akmal,Shadab Khan,0,0,,,,,,,,,
1075999,2016/17,2017-02-20,Sharjah Cricket Stadium,2,6.6,Lahore Qalandars,Islamabad United,Mohammad Rizwan,Umar Akmal,Shadab Khan,0,0,,,,,,,,,
1075999,2016/17,2017-02-20,Sharjah Cricket Stadium,2,7.1,Lahore Qalandars,Islamabad United,Umar Akmal,Mohammad Rizwan,SR Watson,4,0,,,,,,,,,
1075999,2016/17,2017-02-20,Sharjah Cricket Stadium,2,7.2,Lahore Qalandars,Islamabad United,Umar Akmal,Mohammad Rizwan,SR Watson,0,0,,,,,,,,,
1075999,2016/17,2017-02-20,Sharjah Cricket Stadium,2,7.3,Lahore Qalandars,Islamabad United,Umar Akmal,Mohammad Rizwan,SR Watson,1,0,,,,,,,,,
1075999,2016/17,2017-02-20,Sharjah Cricket Stadium,2,7.4,Lahore Qalandars,Islamabad United,Mohammad Rizwan,Umar Akmal,SR Watson,1,0,,,,,,,,,
1075999,2016/17,2017-02-20,Sharjah Cricket Stadium,2,7.5,Lahore Qalandars,Islamabad United,Umar Akmal,Mohammad Rizwan,SR Watson,1,0,,,,,,,,,
1075999,2016/17,2017-02-20,Sharjah Cricket Stadium,2,7.6,Lahore Qalandars,Islamabad United,Mohammad Rizwan,Umar Akmal,SR Watson,0,0,,,,,,,,,
1075999,2016/17,2017-02-20,Sharjah Cricket Stadium,2,8.1,Lahore Qalandars,Islamabad United,Umar Akmal,Mohammad Rizwan,Shadab Khan,1,0,,,,,,,,,
1075999,2016/17,2017-02-20,Sharjah Cricket Stadium,2,8.2,Lahore Qalandars,Islamabad United,Mohammad Rizwan,Umar Akmal,Shadab Khan,1,0,,,,,,,,,
1075999,2016/17,2017-02-20,Sharjah Cricket Stadium,2,8.3,Lahore Qalandars,Islamabad United,Umar Akmal,Mohammad Rizwan,Shadab Khan,0,0,,,,,,,,,
1075999,2016/17,2017-02-20,Sharjah Cricket Stadium,2,8.4,Lahore Qalandars,Islamabad United,Umar Akmal,Mohammad Rizwan,Shadab Khan,0,0,,,,,,,,,
1075999,2016/17,2017-02-20,Sharjah Cricket Stadium,2,8.5,Lahore Qalandars,Islamabad United,Umar Akmal,Mohammad Rizwan,Shadab Khan,0,0,,,,,,,,,
1075999,2016/17,2017-02-20,Sharjah Cricket Stadium,2,8.6,Lahore Qalandars,Islamabad United,Umar Akmal,Mohammad Rizwan,Shadab Khan,4,0,,,,,,,,,
1075999,2016/17,2017-02-20,Sharjah Cricket Stadium,2,9.1,Lahore Qalandars,Islamabad United,Mohammad Rizwan,Umar Akmal,SR Watson,0,0,,,,,,,,,
1075999,2016/17,2017-02-20,Sharjah Cricket Stadium,2,9.2,Lahore Qalandars,Islamabad United,Mohammad Rizwan,Umar Akmal,SR Watson,1,0,,,,,,,,,
1075999,2016/17,2017-02-20,Sharjah Cricket Stadium,2,9.3,Lahore Qalandars,Islamabad United,Umar Akmal,Mohammad Rizwan,SR Watson,4,0,,,,,,,,,
1075999,2016/17,2017-02-20,Sharjah Cricket Stadium,2,9.4,Lahore Qalandars,Islamabad United,Umar Akmal,Mohammad Rizwan,SR Watson,1,0,,,,,,,,,
1075999,2016/17,2017-02-20,Sharjah Cricket Stadium,2,9.5,Lahore Qalandars,Islamabad United,Mohammad Rizwan,Umar Akmal,SR Watson,0,0,,,,,,,,,
1075999,2016/17,2017-02-20,Sharjah Cricket Stadium,2,9.6,Lahore Qalandars,Islamabad United,Mohammad Rizwan,Umar Akmal,SR Watson,0,0,,,,,,bowled,Mohammad Rizwan,,
1075999,2016/17,2017-02-20,Sharjah Cricket Stadium,2,10.1,Lahore Qalandars,Islamabad United,Umar Akmal,Mohammad Irfan (4),Amad Butt,0,0,,,,,,,,,
1075999,2016/17,2017-02-20,Sharjah Cricket Stadium,2,10.2,Lahore Qalandars,Islamabad United,Umar Akmal,Mohammad Irfan (4),Amad Butt,4,0,,,,,,,,,
1075999,2016/17,2017-02-20,Sharjah Cricket Stadium,2,10.3,Lahore Qalandars,Islamabad United,Umar Akmal,Mohammad Irfan (4),Amad Butt,6,0,,,,,,,,,
1075999,2016/17,2017-02-20,Sharjah Cricket Stadium,2,10.4,Lahore Qalandars,Islamabad United,Umar Akmal,Mohammad Irfan (4),Amad Butt,4,0,,,,,,,,,
1075999,2016/17,2017-02-20,Sharjah Cricket Stadium,2,10.5,Lahore Qalandars,Islamabad United,Umar Akmal,Mohammad Irfan (4),Amad Butt,1,0,,,,,,,,,
1075999,2016/17,2017-02-20,Sharjah Cricket Stadium,2,10.6,Lahore Qalandars,Islamabad United,Mohammad Irfan (4),Umar Akmal,Amad Butt,0,0,,,,,,,,,
1075999,2016/17,2017-02-20,Sharjah Cricket Stadium,2,11.1,Lahore Qalandars,Islamabad United,Umar Akmal,Mohammad Irfan (4),SR Watson,0,0,,,,,,,,,
1075999,2016/17,2017-02-20,Sharjah Cricket Stadium,2,11.2,Lahore Qalandars,Islamabad United,Umar Akmal,Mohammad Irfan (4),SR Watson,0,0,,,,,,run out,Mohammad Irfan (4),,
1075999,2016/17,2017-02-20,Sharjah Cricket Stadium,2,11.3,Lahore Qalandars,Islamabad United,Umar Akmal,GD Elliott,SR Watson,0,0,,,,,,,,,
1075999,2016/17,2017-02-20,Sharjah Cricket Stadium,2,11.4,Lahore Qalandars,Islamabad United,Umar Akmal,GD Elliott,SR Watson,4,0,,,,,,,,,
1075999,2016/17,2017-02-20,Sharjah Cricket Stadium,2,11.5,Lahore Qalandars,Islamabad United,Umar Akmal,GD Elliott,SR Watson,2,0,,,,,,,,,
1075999,2016/17,2017-02-20,Sharjah Cricket Stadium,2,11.6,Lahore Qalandars,Islamabad United,Umar Akmal,GD Elliott,SR Watson,6,0,,,,,,,,,
1075999,2016/17,2017-02-20,Sharjah Cricket Stadium,2,12.1,Lahore Qalandars,Islamabad United,GD Elliott,Umar Akmal,Shadab Khan,1,0,,,,,,,,,
1075999,2016/17,2017-02-20,Sharjah Cricket Stadium,2,12.2,Lahore Qalandars,Islamabad United,Umar Akmal,GD Elliott,Shadab Khan,0,0,,,,,,,,,
1075999,2016/17,2017-02-20,Sharjah Cricket Stadium,2,12.3,Lahore Qalandars,Islamabad United,Umar Akmal,GD Elliott,Shadab Khan,1,0,,,,,,,,,
1075999,2016/17,2017-02-20,Sharjah Cricket Stadium,2,12.4,Lahore Qalandars,Islamabad United,GD Elliott,Umar Akmal,Shadab Khan,0,0,,,,,,,,,
1075999,2016/17,2017-02-20,Sharjah Cricket Stadium,2,12.5,Lahore Qalandars,Islamabad United,GD Elliott,Umar Akmal,Shadab Khan,1,0,,,,,,,,,
1075999,2016/17,2017-02-20,Sharjah Cricket Stadium,2,12.6,Lahore Qalandars,Islamabad United,Umar Akmal,GD Elliott,Shadab Khan,1,0,,,,,,,,,
1075999,2016/17,2017-02-20,Sharjah Cricket Stadium,2,13.1,Lahore Qalandars,Islamabad United,Umar Akmal,GD Elliott,Rumman Raees,0,0,,,,,,,,,
1075999,2016/17,2017-02-20,Sharjah Cricket Stadium,2,13.2,Lahore Qalandars,Islamabad United,Umar Akmal,GD Elliott,Rumman Raees,1,0,,,,,,,,,
1075999,2016/17,2017-02-20,Sharjah Cricket Stadium,2,13.3,Lahore Qalandars,Islamabad United,GD Elliott,Umar Akmal,Rumman Raees,1,0,,,,,,,,,
1075999,2016/17,2017-02-20,Sharjah Cricket Stadium,2,13.4,Lahore Qalandars,Islamabad United,Umar Akmal,GD Elliott,Rumman Raees,1,0,,,,,,,,,
1075999,2016/17,2017-02-20,Sharjah Cricket Stadium,2,13.5,Lahore Qalandars,Islamabad United,GD Elliott,Umar Akmal,Rumman Raees,1,0,,,,,,,,,
1075999,2016/17,2017-02-20,Sharjah Cricket Stadium,2,13.6,Lahore Qalandars,Islamabad United,Umar Akmal,GD Elliott,Rumman Raees,6,0,,,,,,,,,
1075999,2016/17,2017-02-20,Sharjah Cricket Stadium,2,14.1,Lahore Qalandars,Islamabad United,GD Elliott,Umar Akmal,Mohammad Irfan,1,0,,,,,,,,,
1075999,2016/17,2017-02-20,Sharjah Cricket Stadium,2,14.2,Lahore Qalandars,Islamabad United,Umar Akmal,GD Elliott,Mohammad Irfan,0,0,,,,,,,,,
1075999,2016/17,2017-02-20,Sharjah Cricket Stadium,2,14.3,Lahore Qalandars,Islamabad United,Umar Akmal,GD Elliott,Mohammad Irfan,4,0,,,,,,,,,
1075999,2016/17,2017-02-20,Sharjah Cricket Stadium,2,14.4,Lahore Qalandars,Islamabad United,Umar Akmal,GD Elliott,Mohammad Irfan,1,0,,,,,,,,,
1075999,2016/17,2017-02-20,Sharjah Cricket Stadium,2,14.5,Lahore Qalandars,Islamabad United,GD Elliott,Umar Akmal,Mohammad Irfan,1,0,,,,,,,,,
1075999,2016/17,2017-02-20,Sharjah Cricket Stadium,2,14.6,Lahore Qalandars,Islamabad United,Umar Akmal,GD Elliott,Mohammad Irfan,0,0,,,,,,,,,
1075999,2016/17,2017-02-20,Sharjah Cricket Stadium,2,15.1,Lahore Qalandars,Islamabad United,GD Elliott,Umar Akmal,Rumman Raees,1,0,,,,,,,,,
1075999,2016/17,2017-02-20,Sharjah Cricket Stadium,2,15.2,Lahore Qalandars,Islamabad United,Umar Akmal,GD Elliott,Rumman Raees,2,0,,,,,,,,,
1075999,2016/17,2017-02-20,Sharjah Cricket Stadium,2,15.3,Lahore Qalandars,Islamabad United,Umar Akmal,GD Elliott,Rumman Raees,0,0,,,,,,,,,
1075999,2016/17,2017-02-20,Sharjah Cricket Stadium,2,15.4,Lahore Qalandars,Islamabad United,Umar Akmal,GD Elliott,Rumman Raees,0,0,,,,,,,,,
1075999,2016/17,2017-02-20,Sharjah Cricket Stadium,2,15.5,Lahore Qalandars,Islamabad United,Umar Akmal,GD Elliott,Rumman Raees,4,0,,,,,,,,,
1075999,2016/17,2017-02-20,Sharjah Cricket Stadium,2,15.6,Lahore Qalandars,Islamabad United,Umar Akmal,GD Elliott,Rumman Raees,1,0,,,,,,,,,
1075999,2016/17,2017-02-20,Sharjah Cricket Stadium,2,16.1,Lahore Qalandars,Islamabad United,Umar Akmal,GD Elliott,Shadab Khan,0,0,,,,,,,,,
1075999,2016/17,2017-02-20,Sharjah Cricket Stadium,2,16.2,Lahore Qalandars,Islamabad United,Umar Akmal,GD Elliott,Shadab Khan,0,0,,,,,,lbw,Umar Akmal,,
1075999,2016/17,2017-02-20,Sharjah Cricket Stadium,2,16.3,Lahore Qalandars,Islamabad United,SP Narine,GD Elliott,Shadab Khan,0,0,,,,,,,,,
1075999,2016/17,2017-02-20,Sharjah Cricket Stadium,2,16.4,Lahore Qalandars,Islamabad United,SP Narine,GD Elliott,Shadab Khan,6,0,,,,,,,,,
1075999,2016/17,2017-02-20,Sharjah Cricket Stadium,2,16.5,Lahore Qalandars,Islamabad United,SP Narine,GD Elliott,Shadab Khan,6,0,,,,,,,,,
1075999,2016/17,2017-02-20,Sharjah Cricket Stadium,2,16.6,Lahore Qalandars,Islamabad United,SP Narine,GD Elliott,Shadab Khan,0,0,,,,,,,,,
1075999,2016/17,2017-02-20,Sharjah Cricket Stadium,2,17.1,Lahore Qalandars,Islamabad United,GD Elliott,SP Narine,Mohammad Sami,4,0,,,,,,,,,
1075999,2016/17,2017-02-20,Sharjah Cricket Stadium,2,17.2,Lahore Qalandars,Islamabad United,GD Elliott,SP Narine,Mohammad Sami,2,0,,,,,,,,,
1075999,2016/17,2017-02-20,Sharjah Cricket Stadium,2,17.3,Lahore Qalandars,Islamabad United,GD Elliott,SP Narine,Mohammad Sami,0,0,,,,,,,,,
1075999,2016/17,2017-02-20,Sharjah Cricket Stadium,2,17.4,Lahore Qalandars,Islamabad United,GD Elliott,SP Narine,Mohammad Sami,0,4,,,4,,,,,,
1075999,2016/17,2017-02-20,Sharjah Cricket Stadium,2,17.5,Lahore Qalandars,Islamabad United,GD Elliott,SP Narine,Mohammad Sami,0,0,,,,,,,,,
1075999,2016/17,2017-02-20,Sharjah Cricket Stadium,2,17.6,Lahore Qalandars,Islamabad United,GD Elliott,SP Narine,Mohammad Sami,2,0,,,,,,,,,
1075999,2016/17,2017-02-20,Sharjah Cricket Stadium,2,18.1,Lahore Qalandars,Islamabad United,SP Narine,GD Elliott,Rumman Raees,0,0,,,,,,lbw,SP Narine,,
1075999,2016/17,2017-02-20,Sharjah Cricket Stadium,2,18.2,Lahore Qalandars,Islamabad United,Sohail Tanvir,GD Elliott,Rumman Raees,1,0,,,,,,,,,
1075999,2016/17,2017-02-20,Sharjah Cricket Stadium,2,18.3,Lahore Qalandars,Islamabad United,GD Elliott,Sohail Tanvir,Rumman Raees,4,0,,,,,,,,,
1075999,2016/17,2017-02-20,Sharjah Cricket Stadium,2,18.4,Lahore Qalandars,Islamabad United,GD Elliott,Sohail Tanvir,Rumman Raees,1,0,,,,,,,,,
1075999,2016/17,2017-02-20,Sharjah Cricket Stadium,2,18.5,Lahore Qalandars,Islamabad United,Sohail Tanvir,GD Elliott,Rumman Raees,0,0,,,,,,,,,
1075999,2016/17,2017-02-20,Sharjah Cricket Stadium,2,18.6,Lahore Qalandars,Islamabad United,Sohail Tanvir,GD Elliott,Rumman Raees,0,0,,,,,,caught,Sohail Tanvir,,
1075999,2016/17,2017-02-20,Sharjah Cricket Stadium,2,19.1,Lahore Qalandars,Islamabad United,Aamer Yamin,GD Elliott,Mohammad Sami,0,0,,,,,,caught,Aamer Yamin,,
1075999,2016/17,2017-02-20,Sharjah Cricket Stadium,2,19.2,Lahore Qalandars,Islamabad United,GD Elliott,Yasir Shah,Mohammad Sami,6,0,,,,,,,,,
