match_id,season,start_date,venue,innings,ball,batting_team,bowling_team,striker,non_striker,bowler,runs_off_bat,extras,wides,noballs,byes,legbyes,penalty,wicket_type,player_dismissed,other_wicket_type,other_player_dismissed
1075995,2016/17,2017-02-17,Sharjah Cricket Stadium,1,0.1,Islamabad United,Karachi Kings,DR Smith,SW Billings,Imad Wasim,1,0,,,,,,,,,
1075995,2016/17,2017-02-17,Sharjah Cricket Stadium,1,0.2,Islamabad United,Karachi Kings,SW Billings,DR Smith,Imad Wasim,0,0,,,,,,lbw,SW Billings,,
1075995,2016/17,2017-02-17,Sharjah Cricket Stadium,1,0.3,Islamabad United,Karachi Kings,BJ Haddin,DR Smith,Imad Wasim,0,0,,,,,,,,,
1075995,2016/17,2017-02-17,Sharjah Cricket Stadium,1,0.4,Islamabad United,Karachi Kings,BJ Haddin,DR Smith,Imad Wasim,0,0,,,,,,,,,
1075995,2016/17,2017-02-17,Sharjah Cricket Stadium,1,0.5,Islamabad United,Karachi Kings,BJ Haddin,DR Smith,Imad Wasim,0,0,,,,,,,,,
1075995,2016/17,2017-02-17,Sharjah Cricket Stadium,1,0.6,Islamabad United,Karachi Kings,BJ Haddin,DR Smith,Imad Wasim,4,0,,,,,,,,,
1075995,2016/17,2017-02-17,Sharjah Cricket Stadium,1,1.1,Islamabad United,Karachi Kings,DR Smith,BJ Haddin,Mohammad Amir,1,0,,,,,,,,,
1075995,2016/17,2017-02-17,Sharjah Cricket Stadium,1,1.2,Islamabad United,Karachi Kings,BJ Haddin,DR Smith,Mohammad Amir,0,1,1,,,,,,,,
1075995,2016/17,2017-02-17,Sharjah Cricket Stadium,1,1.3,Islamabad United,Karachi Kings,BJ Haddin,DR Smith,Mohammad Amir,0,0,,,,,,,,,
1075995,2016/17,2017-02-17,Sharjah Cricket Stadium,1,1.4,Islamabad United,Karachi Kings,BJ Haddin,DR Smith,Mohammad Amir,1,0,,,,,,,,,
1075995,2016/17,2017-02-17,Sharjah Cricket Stadium,1,1.5,Islamabad United,Karachi Kings,DR Smith,BJ Haddin,Mohammad Amir,0,0,,,,,,,,,
1075995,2016/17,2017-02-17,Sharjah Cricket Stadium,1,1.6,Islamabad United,Karachi Kings,DR Smith,BJ Haddin,Mohammad Amir,0,0,,,,,,,,,
1075995,2016/17,2017-02-17,Sharjah Cricket Stadium,1,1.7,Islamabad United,Karachi Kings,DR Smith,BJ Haddin,Mohammad Amir,0,0,,,,,,,,,
1075995,2016/17,2017-02-17,Sharjah Cricket Stadium,1,2.1,Islamabad United,Karachi Kings,BJ Haddin,DR Smith,Imad Wasim,0,0,,,,,,,,,
1075995,2016/17,2017-02-17,Sharjah Cricket Stadium,1,2.2,Islamabad United,Karachi Kings,BJ Haddin,DR Smith,Imad Wasim,1,0,,,,,,,,,
1075995,2016/17,2017-02-17,Sharjah Cricket Stadium,1,2.3,Islamabad United,Karachi Kings,DR Smith,BJ Haddin,Imad Wasim,0,0,,,,,,,,,
1075995,2016/17,2017-02-17,Sharjah Cricket Stadium,1,2.4,Islamabad United,Karachi Kings,DR Smith,BJ Haddin,Imad Wasim,1,0,,,,,,,,,
1075995,2016/17,2017-02-17,Sharjah Cricket Stadium,1,2.5,Islamabad United,Karachi Kings,BJ Haddin,DR Smith,Imad Wasim,0,0,,,,,,,,,
1075995,2016/17,2017-02-17,Sharjah Cricket Stadium,1,2.6,Islamabad United,Karachi Kings,BJ Haddin,DR Smith,Imad Wasim,0,0,,,,,,caught and bowled,BJ Haddin,,
1075995,2016/17,2017-02-17,Sharjah Cricket Stadium,1,3.1,Islamabad United,Karachi Kings,DR Smith,Misbah-ul-Haq,Usman Shinwari,1,0,,,,,,,,,
1075995,2016/17,2017-02-17,Sharjah Cricket Stadium,1,3.2,Islamabad United,Karachi Kings,Misbah-ul-Haq,DR Smith,Usman Shinwari,0,0,,,,,,,,,
1075995,2016/17,2017-02-17,Sharjah Cricket Stadium,1,3.3,Islamabad United,Karachi Kings,Misbah-ul-Haq,DR Smith,Usman Shinwari,1,0,,,,,,,,,
1075995,2016/17,2017-02-17,Sharjah Cricket Stadium,1,3.4,Islamabad United,Karachi Kings,DR Smith,Misbah-ul-Haq,Usman Shinwari,0,0,,,,,,,,,
1075995,2016/17,2017-02-17,Sharjah Cricket Stadium,1,3.5,Islamabad United,Karachi Kings,DR Smith,Misbah-ul-Haq,Usman Shinwari,1,0,,,,,,,,,
1075995,2016/17,2017-02-17,Sharjah Cricket Stadium,1,3.6,Islamabad United,Karachi Kings,Misbah-ul-Haq,DR Smith,Usman Shinwari,1,0,,,,,,,,,
1075995,2016/17,2017-02-17,Sharjah Cricket Stadium,1,4.1,Islamabad United,Karachi Kings,Misbah-ul-Haq,DR Smith,Imad Wasim,1,0,,,,,,,,,
1075995,2016/17,2017-02-17,Sharjah Cricket Stadium,1,4.2,Islamabad United,Karachi Kings,DR Smith,Misbah-ul-Haq,Imad Wasim,6,0,,,,,,,,,
1075995,2016/17,2017-02-17,Sharjah Cricket Stadium,1,4.3,Islamabad United,Karachi Kings,DR Smith,Misbah-ul-Haq,Imad Wasim,0,0,,,,,,,,,
1075995,2016/17,2017-02-17,Sharjah Cricket Stadium,1,4.4,Islamabad United,Karachi Kings,DR Smith,Misbah-ul-Haq,Imad Wasim,1,0,,,,,,,,,
1075995,2016/17,2017-02-17,Sharjah Cricket Stadium,1,4.5,Islamabad United,Karachi Kings,Misbah-ul-Haq,DR Smith,Imad Wasim,0,0,,,,,,,,,
1075995,2016/17,2017-02-17,Sharjah Cricket Stadium,1,4.6,Islamabad United,Karachi Kings,Misbah-ul-Haq,DR Smith,Imad Wasim,0,0,,,,,,,,,
1075995,2016/17,2017-02-17,Sharjah Cricket Stadium,1,5.1,Islamabad United,Karachi Kings,DR Smith,Misbah-ul-Haq,Kashif Bhatti,6,0,,,,,,,,,
1075995,2016/17,2017-02-17,Sharjah Cricket Stadium,1,5.2,Islamabad United,Karachi Kings,DR Smith,Misbah-ul-Haq,Kashif Bhatti,1,0,,,,,,,,,
1075995,2016/17,2017-02-17,Sharjah Cricket Stadium,1,5.3,Islamabad United,Karachi Kings,Misbah-ul-Haq,DR Smith,Kashif Bhatti,0,0,,,,,,,,,
1075995,2016/17,2017-02-17,Sharjah Cricket Stadium,1,5.4,Islamabad United,Karachi Kings,Misbah-ul-Haq,DR Smith,Kashif Bhatti,0,0,,,,,,,,,
1075995,2016/17,2017-02-17,Sharjah Cricket Stadium,1,5.5,Islamabad United,Karachi Kings,Misbah-ul-Haq,DR Smith,Kashif Bhatti,1,0,,,,,,,,,
1075995,2016/17,2017-02-17,Sharjah Cricket Stadium,1,5.6,Islamabad United,Karachi Kings,DR Smith,Misbah-ul-Haq,Kashif Bhatti,2,0,,,,,,,,,
1075995,2016/17,2017-02-17,Sharjah Cricket Stadium,1,6.1,Islamabad United,Karachi Kings,Misbah-ul-Haq,DR Smith,Usama Mir,1,0,,,,,,,,,
1075995,2016/17,2017-02-17,Sharjah Cricket Stadium,1,6.2,Islamabad United,Karachi Kings,DR Smith,Misbah-ul-Haq,Usama Mir,1,0,,,,,,,,,
1075995,2016/17,2017-02-17,Sharjah Cricket Stadium,1,6.3,Islamabad United,Karachi Kings,Misbah-ul-Haq,DR Smith,Usama Mir,0,0,,,,,,,,,
1075995,2016/17,2017-02-17,Sharjah Cricket Stadium,1,6.4,Islamabad United,Karachi Kings,Misbah-ul-Haq,DR Smith,Usama Mir,0,0,,,,,,,,,
1075995,2016/17,2017-02-17,Sharjah Cricket Stadium,1,6.5,Islamabad United,Karachi Kings,Misbah-ul-Haq,DR Smith,Usama Mir,0,0,,,,,,,,,
1075995,2016/17,2017-02-17,Sharjah Cricket Stadium,1,6.6,Islamabad United,Karachi Kings,Misbah-ul-Haq,DR Smith,Usama Mir,0,0,,,,,,,,,
1075995,2016/17,2017-02-17,Sharjah Cricket Stadium,1,7.1,Islamabad United,Karachi Kings,DR Smith,Misbah-ul-Haq,Kashif Bhatti,0,0,,,,,,,,,
1075995,2016/17,2017-02-17,Sharjah Cricket Stadium,1,7.2,Islamabad United,Karachi Kings,DR Smith,Misbah-ul-Haq,Kashif Bhatti,6,0,,,,,,,,,
1075995,2016/17,2017-02-17,Sharjah Cricket Stadium,1,7.3,Islamabad United,Karachi Kings,DR Smith,Misbah-ul-Haq,Kashif Bhatti,0,0,,,,,,,,,
1075995,2016/17,2017-02-17,Sharjah Cricket Stadium,1,7.4,Islamabad United,Karachi Kings,DR Smith,Misbah-ul-Haq,Kashif Bhatti,1,0,,,,,,,,,
1075995,2016/17,2017-02-17,Sharjah Cricket Stadium,1,7.5,Islamabad United,Karachi Kings,Misbah-ul-Haq,DR Smith,Kashif Bhatti,6,0,,,,,,,,,
1075995,2016/17,2017-02-17,Sharjah Cricket Stadium,1,7.6,Islamabad United,Karachi Kings,Misbah-ul-Haq,DR Smith,Kashif Bhatti,1,0,,,,,,,,,
1075995,2016/17,2017-02-17,Sharjah Cricket Stadium,1,8.1,Islamabad United,Karachi Kings,Misbah-ul-Haq,DR Smith,Usama Mir,0,0,,,,,,,,,
1075995,2016/17,2017-02-17,Sharjah Cricket Stadium,1,8.2,Islamabad United,Karachi Kings,Misbah-ul-Haq,DR Smith,Usama Mir,1,0,,,,,,,,,
1075995,2016/17,2017-02-17,Sharjah Cricket Stadium,1,8.3,Islamabad United,Karachi Kings,DR Smith,Misbah-ul-Haq,Usama Mir,0,0,,,,,,caught,DR Smith,,
1075995,2016/17,2017-02-17,Sharjah Cricket Stadium,1,8.4,Islamabad United,Karachi Kings,Misbah-ul-Haq,SR Watson,Usama Mir,0,0,,,,,,,,,
1075995,2016/17,2017-02-17,Sharjah Cricket Stadium,1,8.5,Islamabad United,Karachi Kings,Misbah-ul-Haq,SR Watson,Usama Mir,2,0,,,,,,,,,
1075995,2016/17,2017-02-17,Sharjah Cricket Stadium,1,8.6,Islamabad United,Karachi Kings,Misbah-ul-Haq,SR Watson,Usama Mir,0,0,,,,,,,,,
1075995,2016/17,2017-02-17,Sharjah Cricket Stadium,1,9.1,Islamabad United,Karachi Kings,SR Watson,Misbah-ul-Haq,Mohammad Amir,4,0,,,,,,,,,
1075995,2016/17,2017-02-17,Sharjah Cricket Stadium,1,9.2,Islamabad United,Karachi Kings,SR Watson,Misbah-ul-Haq,Mohammad Amir,1,0,,,,,,,,,
1075995,2016/17,2017-02-17,Sharjah Cricket Stadium,1,9.3,Islamabad United,Karachi Kings,Misbah-ul-Haq,SR Watson,Mohammad Amir,1,0,,,,,,,,,
1075995,2016/17,2017-02-17,Sharjah Cricket Stadium,1,9.4,Islamabad United,Karachi Kings,SR Watson,Misbah-ul-Haq,Mohammad Amir,1,0,,,,,,,,,
1075995,2016/17,2017-02-17,Sharjah Cricket Stadium,1,9.5,Islamabad United,Karachi Kings,Misbah-ul-Haq,SR Watson,Mohammad Amir,0,0,,,,,,,,,
1075995,2016/17,2017-02-17,Sharjah Cricket Stadium,1,9.6,Islamabad United,Karachi Kings,Misbah-ul-Haq,SR Watson,Mohammad Amir,0,0,,,,,,,,,
1075995,2016/17,2017-02-17,Sharjah Cricket Stadium,1,10.1,Islamabad United,Karachi Kings,SR Watson,Misbah-ul-Haq,Usama Mir,0,1,,,,1,,,,,
1075995,2016/17,2017-02-17,Sharjah Cricket Stadium,1,10.2,Islamabad United,Karachi Kings,Misbah-ul-Haq,SR Watson,Usama Mir,0,0,,,,,,caught,Misbah-ul-Haq,,
1075995,2016/17,2017-02-17,Sharjah Cricket Stadium,1,10.3,Islamabad United,Karachi Kings,SR Watson,Imran Khalid,Usama Mir,0,0,,,,,,,,,
1075995,2016/17,2017-02-17,Sharjah Cricket Stadium,1,10.4,Islamabad United,Karachi Kings,SR Watson,Imran Khalid,Usama Mir,0,0,,,,,,,,,
1075995,2016/17,2017-02-17,Sharjah Cricket Stadium,1,10.5,Islamabad United,Karachi Kings,SR Watson,Imran Khalid,Usama Mir,4,0,,,,,,,,,
1075995,2016/17,2017-02-17,Sharjah Cricket Stadium,1,10.6,Islamabad United,Karachi Kings,SR Watson,Imran Khalid,Usama Mir,1,0,,,,,,,,,
1075995,2016/17,2017-02-17,Sharjah Cricket Stadium,1,11.1,Islamabad United,Karachi Kings,SR Watson,Imran Khalid,Mohammad Amir,0,1,1,,,,,,,,
1075995,2016/17,2017-02-17,Sharjah Cricket Stadium,1,11.2,Islamabad United,Karachi Kings,SR Watson,Imran Khalid,Mohammad Amir,0,0,,,,,,,,,
1075995,2016/17,2017-02-17,Sharjah Cricket Stadium,1,11.3,Islamabad United,Karachi Kings,SR Watson,Imran Khalid,Mohammad Amir,6,0,,,,,,,,,
1075995,2016/17,2017-02-17,Sharjah Cricket Stadium,1,11.4,Islamabad United,Karachi Kings,SR Watson,Imran Khalid,Mohammad Amir,0,1,1,,,,,,,,
1075995,2016/17,2017-02-17,Sharjah Cricket Stadium,1,11.5,Islamabad United,Karachi Kings,SR Watson,Imran Khalid,Mohammad Amir,6,0,,,,,,,,,
1075995,2016/17,2017-02-17,Sharjah Cricket Stadium,1,11.6,Islamabad United,Karachi Kings,SR Watson,Imran Khalid,Mohammad Amir,1,0,,,,,,,,,
1075995,2016/17,2017-02-17,Sharjah Cricket Stadium,1,11.7,Islamabad United,Karachi Kings,Imran Khalid,SR Watson,Mohammad Amir,1,0,,,,,,,,,
1075995,2016/17,2017-02-17,Sharjah Cricket Stadium,1,11.8,Islamabad United,Karachi Kings,SR Watson,Imran Khalid,Mohammad Amir,0,1,1,,,,,,,,
1075995,2016/17,2017-02-17,Sharjah Cricket Stadium,1,11.9,Islamabad United,Karachi Kings,SR Watson,Imran Khalid,Mohammad Amir,1,0,,,,,,,,,
1075995,2016/17,2017-02-17,Sharjah Cricket Stadium,1,12.1,Islamabad United,Karachi Kings,SR Watson,Imran Khalid,Usman Shinwari,1,0,,,,,,run out,SR Watson,,
1075995,2016/17,2017-02-17,Sharjah Cricket Stadium,1,12.2,Islamabad United,Karachi Kings,Asif Ali,Imran Khalid,Usman Shinwari,4,0,,,,,,,,,
1075995,2016/17,2017-02-17,Sharjah Cricket Stadium,1,12.3,Islamabad United,Karachi Kings,Asif Ali,Imran Khalid,Usman Shinwari,1,0,,,,,,run out,Imran Khalid,,
1075995,2016/17,2017-02-17,Sharjah Cricket Stadium,1,12.4,Islamabad United,Karachi Kings,Asif Ali,Mohammad Sami,Usman Shinwari,0,0,,,,,,caught,Asif Ali,,
1075995,2016/17,2017-02-17,Sharjah Cricket Stadium,1,12.5,Islamabad United,Karachi Kings,Shadab Khan,Mohammad Sami,Usman Shinwari,1,0,,,,,,,,,
1075995,2016/17,2017-02-17,Sharjah Cricket Stadium,1,12.6,Islamabad United,Karachi Kings,Mohammad Sami,Shadab Khan,Usman Shinwari,1,0,,,,,,run out,Mohammad Sami,,
1075995,2016/17,2017-02-17,Sharjah Cricket Stadium,2,0.1,Karachi Kings,Islamabad United,CH Gayle,Babar Azam,Mohammad Irfan,2,0,,,,,,,,,
1075995,2016/17,2017-02-17,Sharjah Cricket Stadium,2,0.2,Karachi Kings,Islamabad United,CH Gayle,Babar Azam,Mohammad Irfan,0,0,,,,,,,,,
1075995,2016/17,2017-02-17,Sharjah Cricket Stadium,2,0.3,Karachi Kings,Islamabad United,CH Gayle,Babar Azam,Mohammad Irfan,0,0,,,,,,caught,CH Gayle,,
1075995,2016/17,2017-02-17,Sharjah Cricket Stadium,2,0.4,Karachi Kings,Islamabad United,Babar Azam,KC Sangakkara,Mohammad Irfan,0,0,,,,,,,,,
1075995,2016/17,2017-02-17,Sharjah Cricket Stadium,2,0.5,Karachi Kings,Islamabad United,Babar Azam,KC Sangakkara,Mohammad Irfan,0,0,,,,,,,,,
1075995,2016/17,2017-02-17,Sharjah Cricket Stadium,2,0.6,Karachi Kings,Islamabad United,Babar Azam,KC Sangakkara,Mohammad Irfan,0,0,,,,,,,,,
1075995,2016/17,2017-02-17,Sharjah Cricket Stadium,2,1.1,Karachi Kings,Islamabad United,KC Sangakkara,Babar Azam,Mohammad Sami,1,0,,,,,,,,,
1075995,2016/17,2017-02-17,Sharjah Cricket Stadium,2,1.2,Karachi Kings,Islamabad United,Babar Azam,KC Sangakkara,Mohammad Sami,1,1,,1,,,,,,,
1075995,2016/17,2017-02-17,Sharjah Cricket Stadium,2,1.3,Karachi Kings,Islamabad United,KC Sangakkara,Babar Azam,Mohammad Sami,1,0,,,,,,,,,
1075995,2016/17,2017-02-17,Sharjah Cricket Stadium,2,1.4,Karachi Kings,Islamabad United,Babar Azam,KC Sangakkara,Mohammad Sami,4,0,,,,,,,,,
1075995,2016/17,2017-02-17,Sharjah Cricket Stadium,2,1.5,Karachi Kings,Islamabad United,Babar Azam,KC Sangakkara,Mohammad Sami,6,0,,,,,,,,,
1075995,2016/17,2017-02-17,Sharjah Cricket Stadium,2,1.6,Karachi Kings,Islamabad United,Babar Azam,KC Sangakkara,Mohammad Sami,4,0,,,,,,,,,
1075995,2016/17,2017-02-17,Sharjah Cricket Stadium,2,1.7,Karachi Kings,Islamabad United,Babar Azam,KC Sangakkara,Mohammad Sami,0,0,,,,,,,,,
1075995,2016/17,2017-02-17,Sharjah Cricket Stadium,2,2.1,Karachi Kings,Islamabad United,KC Sangakkara,Babar Azam,Mohammad Irfan,0,0,,,,,,bowled,KC Sangakkara,,
1075995,2016/17,2017-02-17,Sharjah Cricket Stadium,2,2.2,Karachi Kings,Islamabad United,Shoaib Malik,Babar Azam,Mohammad Irfan,0,0,,,,,,,,,
1075995,2016/17,2017-02-17,Sharjah Cricket Stadium,2,2.3,Karachi Kings,Islamabad United,Shoaib Malik,Babar Azam,Mohammad Irfan,1,0,,,,,,,,,
1075995,2016/17,2017-02-17,Sharjah Cricket Stadium,2,2.4,Karachi Kings,Islamabad United,Babar Azam,Shoaib Malik,Mohammad Irfan,1,0,,,,,,,,,
1075995,2016/17,2017-02-17,Sharjah Cricket Stadium,2,2.5,Karachi Kings,Islamabad United,Shoaib Malik,Babar Azam,Mohammad Irfan,1,0,,,,,,,,,
1075995,2016/17,2017-02-17,Sharjah Cricket Stadium,2,2.6,Karachi Kings,Islamabad United,Babar Azam,Shoaib Malik,Mohammad Irfan,0,1,,,,1,,,,,
1075995,2016/17,2017-02-17,Sharjah Cricket Stadium,2,3.1,Karachi Kings,Islamabad United,Babar Azam,Shoaib Malik,Imran Khalid,0,0,,,,,,,,,
1075995,2016/17,2017-02-17,Sharjah Cricket Stadium,2,3.2,Karachi Kings,Islamabad United,Babar Azam,Shoaib Malik,Imran Khalid,1,0,,,,,,,,,
1075995,2016/17,2017-02-17,Sharjah Cricket Stadium,2,3.3,Karachi Kings,Islamabad United,Shoaib Malik,Babar Azam,Imran Khalid,1,0,,,,,,,,,
1075995,2016/17,2017-02-17,Sharjah Cricket Stadium,2,3.4,Karachi Kings,Islamabad United,Babar Azam,Shoaib Malik,Imran Khalid,4,0,,,,,,,,,
1075995,2016/17,2017-02-17,Sharjah Cricket Stadium,2,3.5,Karachi Kings,Islamabad United,Babar Azam,Shoaib Malik,Imran Khalid,1,0,,,,,,,,,
1075995,2016/17,2017-02-17,Sharjah Cricket Stadium,2,3.6,Karachi Kings,Islamabad United,Shoaib Malik,Babar Azam,Imran Khalid,1,0,,,,,,,,,
1075995,2016/17,2017-02-17,Sharjah Cricket Stadium,2,4.1,Karachi Kings,Islamabad United,Shoaib Malik,Babar Azam,Shadab Khan,1,0,,,,,,,,,
1075995,2016/17,2017-02-17,Sharjah Cricket Stadium,2,4.2,Karachi Kings,Islamabad United,Babar Azam,Shoaib Malik,Shadab Khan,4,0,,,,,,,,,
1075995,2016/17,2017-02-17,Sharjah Cricket Stadium,2,4.3,Karachi Kings,Islamabad United,Babar Azam,Shoaib Malik,Shadab Khan,1,0,,,,,,,,,
1075995,2016/17,2017-02-17,Sharjah Cricket Stadium,2,4.4,Karachi Kings,Islamabad United,Shoaib Malik,Babar Azam,Shadab Khan,1,0,,,,,,,,,
1075995,2016/17,2017-02-17,Sharjah Cricket Stadium,2,4.5,Karachi Kings,Islamabad United,Babar Azam,Shoaib Malik,Shadab Khan,6,0,,,,,,,,,
1075995,2016/17,2017-02-17,Sharjah Cricket Stadium,2,4.6,Karachi Kings,Islamabad United,Babar Azam,Shoaib Malik,Shadab Khan,1,0,,,,,,,,,
1075995,2016/17,2017-02-17,Sharjah Cricket Stadium,2,5.1,Karachi Kings,Islamabad United,Babar Azam,Shoaib Malik,Imran Khalid,1,0,,,,,,,,,
1075995,2016/17,2017-02-17,Sharjah Cricket Stadium,2,5.2,Karachi Kings,Islamabad United,Shoaib Malik,Babar Azam,Imran Khalid,0,2,,,,2,,,,,
1075995,2016/17,2017-02-17,Sharjah Cricket Stadium,2,5.3,Karachi Kings,Islamabad United,Shoaib Malik,Babar Azam,Imran Khalid,0,0,,,,,,caught,Shoaib Malik,,
1075995,2016/17,2017-02-17,Sharjah Cricket Stadium,2,5.4,Karachi Kings,Islamabad United,RS Bopara,Babar Azam,Imran Khalid,0,0,,,,,,,,,
1075995,2016/17,2017-02-17,Sharjah Cricket Stadium,2,5.5,Karachi Kings,Islamabad United,RS Bopara,Babar Azam,Imran Khalid,1,0,,,,,,,,,
1075995,2016/17,2017-02-17,Sharjah Cricket Stadium,2,5.6,Karachi Kings,Islamabad United,Babar Azam,RS Bopara,Imran Khalid,0,0,,,,,,,,,
1075995,2016/17,2017-02-17,Sharjah Cricket Stadium,2,6.1,Karachi Kings,Islamabad United,RS Bopara,Babar Azam,Mohammad Irfan,0,4,,,,4,,,,,
1075995,2016/17,2017-02-17,Sharjah Cricket Stadium,2,6.2,Karachi Kings,Islamabad United,RS Bopara,Babar Azam,Mohammad Irfan,0,0,,,,,,,,,
1075995,2016/17,2017-02-17,Sharjah Cricket Stadium,2,6.3,Karachi Kings,Islamabad United,RS Bopara,Babar Azam,Mohammad Irfan,0,0,,,,,,run out,RS Bopara,,
1075995,2016/17,2017-02-17,Sharjah Cricket Stadium,2,6.4,Karachi Kings,Islamabad United,Babar Azam,Imad Wasim,Mohammad Irfan,1,0,,,,,,,,,
1075995,2016/17,2017-02-17,Sharjah Cricket Stadium,2,6.5,Karachi Kings,Islamabad United,Imad Wasim,Babar Azam,Mohammad Irfan,0,0,,,,,,,,,
1075995,2016/17,2017-02-17,Sharjah Cricket Stadium,2,6.6,Karachi Kings,Islamabad United,Imad Wasim,Babar Azam,Mohammad Irfan,1,0,,,,,,,,,
1075995,2016/17,2017-02-17,Sharjah Cricket Stadium,2,7.1,Karachi Kings,Islamabad United,Imad Wasim,Babar Azam,Saeed Ajmal,1,0,,,,,,,,,
1075995,2016/17,2017-02-17,Sharjah Cricket Stadium,2,7.2,Karachi Kings,Islamabad United,Babar Azam,Imad Wasim,Saeed Ajmal,0,0,,,,,,,,,
1075995,2016/17,2017-02-17,Sharjah Cricket Stadium,2,7.3,Karachi Kings,Islamabad United,Babar Azam,Imad Wasim,Saeed Ajmal,0,0,,,,,,,,,
1075995,2016/17,2017-02-17,Sharjah Cricket Stadium,2,7.4,Karachi Kings,Islamabad United,Babar Azam,Imad Wasim,Saeed Ajmal,0,1,1,,,,,,,,
1075995,2016/17,2017-02-17,Sharjah Cricket Stadium,2,7.5,Karachi Kings,Islamabad United,Babar Azam,Imad Wasim,Saeed Ajmal,1,0,,,,,,,,,
1075995,2016/17,2017-02-17,Sharjah Cricket Stadium,2,7.6,Karachi Kings,Islamabad United,Imad Wasim,Babar Azam,Saeed Ajmal,1,0,,,,,,,,,
1075995,2016/17,2017-02-17,Sharjah Cricket Stadium,2,7.7,Karachi Kings,Islamabad United,Babar Azam,Imad Wasim,Saeed Ajmal,0,0,,,,,,,,,
1075995,2016/17,2017-02-17,Sharjah Cricket Stadium,2,8.1,Karachi Kings,Islamabad United,Imad Wasim,Babar Azam,SR Watson,0,0,,,,,,,,,
1075995,2016/17,2017-02-17,Sharjah Cricket Stadium,2,8.2,Karachi Kings,Islamabad United,Imad Wasim,Babar Azam,SR Watson,2,0,,,,,,,,,
1075995,2016/17,2017-02-17,Sharjah Cricket Stadium,2,8.3,Karachi Kings,Islamabad United,Imad Wasim,Babar Azam,SR Watson,1,0,,,,,,,,,
1075995,2016/17,2017-02-17,Sharjah Cricket Stadium,2,8.4,Karachi Kings,Islamabad United,Babar Azam,Imad Wasim,SR Watson,4,0,,,,,,,,,
1075995,2016/17,2017-02-17,Sharjah Cricket Stadium,2,8.5,Karachi Kings,Islamabad United,Babar Azam,Imad Wasim,SR Watson,0,0,,,,,,,,,
1075995,2016/17,2017-02-17,Sharjah Cricket Stadium,2,8.6,Karachi Kings,Islamabad United,Babar Azam,Imad Wasim,SR Watson,2,0,,,,,,,,,
1075995,2016/17,2017-02-17,Sharjah Cricket Stadium,2,9.1,Karachi Kings,Islamabad United,Imad Wasim,Babar Azam,Saeed Ajmal,1,0,,,,,,,,,
1075995,2016/17,2017-02-17,Sharjah Cricket Stadium,2,9.2,Karachi Kings,Islamabad United,Babar Azam,Imad Wasim,Saeed Ajmal,3,0,,,,,,,,,
1075995,2016/17,2017-02-17,Sharjah Cricket Stadium,2,9.3,Karachi Kings,Islamabad United,Imad Wasim,Babar Azam,Saeed Ajmal,1,0,,,,,,,,,
1075995,2016/17,2017-02-17,Sharjah Cricket Stadium,2,9.4,Karachi Kings,Islamabad United,Babar Azam,Imad Wasim,Saeed Ajmal,1,0,,,,,,,,,
