match_id,season,start_date,venue,innings,ball,batting_team,bowling_team,striker,non_striker,bowler,runs_off_bat,extras,wides,noballs,byes,legbyes,penalty,wicket_type,player_dismissed,other_wicket_type,other_player_dismissed
1075997,2016/17,2017-02-18,Sharjah Cricket Stadium,1,0.1,Peshawar Zalmi,Islamabad United,Tamim Iqbal,Kamran Akmal,Mohammad Irfan,1,0,,,,,,,,,
1075997,2016/17,2017-02-18,Sharjah Cricket Stadium,1,0.2,Peshawar Zalmi,Islamabad United,Kamran Akmal,Tamim Iqbal,Mohammad Irfan,1,0,,,,,,,,,
1075997,2016/17,2017-02-18,Sharjah Cricket Stadium,1,0.3,Peshawar Zalmi,Islamabad United,Tamim Iqbal,Kamran Akmal,Mohammad Irfan,1,0,,,,,,,,,
1075997,2016/17,2017-02-18,Sharjah Cricket Stadium,1,0.4,Peshawar Zalmi,Islamabad United,Kamran Akmal,Tamim Iqbal,Mohammad Irfan,0,0,,,,,,,,,
1075997,2016/17,2017-02-18,Sharjah Cricket Stadium,1,0.5,Peshawar Zalmi,Islamabad United,Kamran Akmal,Tamim Iqbal,Mohammad Irfan,1,0,,,,,,,,,
1075997,2016/17,2017-02-18,Sharjah Cricket Stadium,1,0.6,Peshawar Zalmi,Islamabad United,Tamim Iqbal,Kamran Akmal,Mohammad Irfan,0,0,,,,,,,,,
1075997,2016/17,2017-02-18,Sharjah Cricket Stadium,1,1.1,Peshawar Zalmi,Islamabad United,Kamran Akmal,Tamim Iqbal,Mohammad Sami,0,0,,,,,,,,,
1075997,2016/17,2017-02-18,Sharjah Cricket Stadium,1,1.2,Peshawar Zalmi,Islamabad United,Kamran Akmal,Tamim Iqbal,Mohammad Sami,0,0,,,,,,,,,
1075997,2016/17,2017-02-18,Sharjah Cricket Stadium,1,1.3,Peshawar Zalmi,Islamabad United,Kamran Akmal,Tamim Iqbal,Mohammad Sami,1,0,,,,,,,,,
1075997,2016/17,2017-02-18,Sharjah Cricket Stadium,1,1.4,Peshawar Zalmi,Islamabad United,Tamim Iqbal,Kamran Akmal,Mohammad Sami,1,0,,,,,,,,,
1075997,2016/17,2017-02-18,Sharjah Cricket Stadium,1,1.5,Peshawar Zalmi,Islamabad United,Kamran Akmal,Tamim Iqbal,Mohammad Sami,0,0,,,,,,,,,
1075997,2016/17,2017-02-18,Sharjah Cricket Stadium,1,1.6,Peshawar Zalmi,Islamabad United,Kamran Akmal,Tamim Iqbal,Mohammad Sami,1,0,,,,,,,,,
1075997,2016/17,2017-02-18,Sharjah Cricket Stadium,1,2.1,Peshawar Zalmi,Islamabad United,Kamran Akmal,Tamim Iqbal,Mohammad Irfan,4,0,,,,,,,,,
1075997,2016/17,2017-02-18,Sharjah Cricket Stadium,1,2.2,Peshawar Zalmi,Islamabad United,Kamran Akmal,Tamim Iqbal,Mohammad Irfan,1,0,,,,,,,,,
1075997,2016/17,2017-02-18,Sharjah Cricket Stadium,1,2.3,Peshawar Zalmi,Islamabad United,Tamim Iqbal,Kamran Akmal,Mohammad Irfan,0,0,,,,,,,,,
1075997,2016/17,2017-02-18,Sharjah Cricket Stadium,1,2.4,Peshawar Zalmi,Islamabad United,Tamim Iqbal,Kamran Akmal,Mohammad Irfan,1,0,,,,,,,,,
1075997,2016/17,2017-02-18,Sharjah Cricket Stadium,1,2.5,Peshawar Zalmi,Islamabad United,Kamran Akmal,Tamim Iqbal,Mohammad Irfan,4,0,,,,,,,,,
1075997,2016/17,2017-02-18,Sharjah Cricket Stadium,1,2.6,Peshawar Zalmi,Islamabad United,Kamran Akmal,Tamim Iqbal,Mohammad Irfan,0,0,,,,,,,,,
1075997,2016/17,2017-02-18,Sharjah Cricket Stadium,1,3.1,Peshawar Zalmi,Islamabad United,Tamim Iqbal,Kamran Akmal,Rumman Raees,0,0,,,,,,,,,
1075997,2016/17,2017-02-18,Sharjah Cricket Stadium,1,3.2,Peshawar Zalmi,Islamabad United,Tamim Iqbal,Kamran Akmal,Rumman Raees,0,0,,,,,,caught,Tamim Iqbal,,
1075997,2016/17,2017-02-18,Sharjah Cricket Stadium,1,3.3,Peshawar Zalmi,Islamabad United,Mohammad Hafeez,Kamran Akmal,Rumman Raees,0,0,,,,,,,,,
1075997,2016/17,2017-02-18,Sharjah Cricket Stadium,1,3.4,Peshawar Zalmi,Islamabad United,Mohammad Hafeez,Kamran Akmal,Rumman Raees,0,0,,,,,,,,,
1075997,2016/17,2017-02-18,Sharjah Cricket Stadium,1,3.5,Peshawar Zalmi,Islamabad United,Mohammad Hafeez,Kamran Akmal,Rumman Raees,4,0,,,,,,,,,
1075997,2016/17,2017-02-18,Sharjah Cricket Stadium,1,3.6,Peshawar Zalmi,Islamabad United,Mohammad Hafeez,Kamran Akmal,Rumman Raees,0,0,,,,,,,,,
1075997,2016/17,2017-02-18,Sharjah Cricket Stadium,1,4.1,Peshawar Zalmi,Islamabad United,Kamran Akmal,Mohammad Hafeez,Mohammad Irfan,1,0,,,,,,,,,
1075997,2016/17,2017-02-18,Sharjah Cricket Stadium,1,4.2,Peshawar Zalmi,Islamabad United,Mohammad Hafeez,Kamran Akmal,Mohammad Irfan,4,0,,,,,,,,,
1075997,2016/17,2017-02-18,Sharjah Cricket Stadium,1,4.3,Peshawar Zalmi,Islamabad United,Mohammad Hafeez,Kamran Akmal,Mohammad Irfan,0,0,,,,,,,,,
1075997,2016/17,2017-02-18,Sharjah Cricket Stadium,1,4.4,Peshawar Zalmi,Islamabad United,Mohammad Hafeez,Kamran Akmal,Mohammad Irfan,2,0,,,,,,,,,
1075997,2016/17,2017-02-18,Sharjah Cricket Stadium,1,4.5,Peshawar Zalmi,Islamabad United,Mohammad Hafeez,Kamran Akmal,Mohammad Irfan,0,0,,,,,,caught,Mohammad Hafeez,,
1075997,2016/17,2017-02-18,Sharjah Cricket Stadium,1,4.6,Peshawar Zalmi,Islamabad United,EJG Morgan,Kamran Akmal,Mohammad Irfan,0,0,,,,,,,,,
1075997,2016/17,2017-02-18,Sharjah Cricket Stadium,1,5.1,Peshawar Zalmi,Islamabad United,Kamran Akmal,EJG Morgan,Rumman Raees,1,0,,,,,,,,,
1075997,2016/17,2017-02-18,Sharjah Cricket Stadium,1,5.2,Peshawar Zalmi,Islamabad United,EJG Morgan,Kamran Akmal,Rumman Raees,0,0,,,,,,,,,
1075997,2016/17,2017-02-18,Sharjah Cricket Stadium,1,5.3,Peshawar Zalmi,Islamabad United,EJG Morgan,Kamran Akmal,Rumman Raees,4,0,,,,,,,,,
1075997,2016/17,2017-02-18,Sharjah Cricket Stadium,1,5.4,Peshawar Zalmi,Islamabad United,EJG Morgan,Kamran Akmal,Rumman Raees,0,0,,,,,,,,,
1075997,2016/17,2017-02-18,Sharjah Cricket Stadium,1,5.5,Peshawar Zalmi,Islamabad United,EJG Morgan,Kamran Akmal,Rumman Raees,1,0,,,,,,,,,
1075997,2016/17,2017-02-18,Sharjah Cricket Stadium,1,5.6,Peshawar Zalmi,Islamabad United,Kamran Akmal,EJG Morgan,Rumman Raees,4,0,,,,,,,,,
1075997,2016/17,2017-02-18,Sharjah Cricket Stadium,1,6.1,Peshawar Zalmi,Islamabad United,EJG Morgan,Kamran Akmal,Shadab Khan,0,0,,,,,,,,,
1075997,2016/17,2017-02-18,Sharjah Cricket Stadium,1,6.2,Peshawar Zalmi,Islamabad United,EJG Morgan,Kamran Akmal,Shadab Khan,6,0,,,,,,,,,
1075997,2016/17,2017-02-18,Sharjah Cricket Stadium,1,6.3,Peshawar Zalmi,Islamabad United,EJG Morgan,Kamran Akmal,Shadab Khan,0,0,,,,,,,,,
1075997,2016/17,2017-02-18,Sharjah Cricket Stadium,1,6.4,Peshawar Zalmi,Islamabad United,EJG Morgan,Kamran Akmal,Shadab Khan,1,0,,,,,,,,,
1075997,2016/17,2017-02-18,Sharjah Cricket Stadium,1,6.5,Peshawar Zalmi,Islamabad United,Kamran Akmal,EJG Morgan,Shadab Khan,0,0,,,,,,,,,
1075997,2016/17,2017-02-18,Sharjah Cricket Stadium,1,6.6,Peshawar Zalmi,Islamabad United,Kamran Akmal,EJG Morgan,Shadab Khan,0,0,,,,,,lbw,Kamran Akmal,,
1075997,2016/17,2017-02-18,Sharjah Cricket Stadium,1,7.1,Peshawar Zalmi,Islamabad United,EJG Morgan,Sohaib Maqsood,Mohammad Sami,1,0,,,,,,,,,
1075997,2016/17,2017-02-18,Sharjah Cricket Stadium,1,7.2,Peshawar Zalmi,Islamabad United,Sohaib Maqsood,EJG Morgan,Mohammad Sami,0,0,,,,,,,,,
1075997,2016/17,2017-02-18,Sharjah Cricket Stadium,1,7.3,Peshawar Zalmi,Islamabad United,Sohaib Maqsood,EJG Morgan,Mohammad Sami,0,0,,,,,,,,,
1075997,2016/17,2017-02-18,Sharjah Cricket Stadium,1,7.4,Peshawar Zalmi,Islamabad United,Sohaib Maqsood,EJG Morgan,Mohammad Sami,0,0,,,,,,caught and bowled,Sohaib Maqsood,,
1075997,2016/17,2017-02-18,Sharjah Cricket Stadium,1,7.5,Peshawar Zalmi,Islamabad United,EJG Morgan,Shakib Al Hasan,Mohammad Sami,0,0,,,,,,,,,
1075997,2016/17,2017-02-18,Sharjah Cricket Stadium,1,7.6,Peshawar Zalmi,Islamabad United,EJG Morgan,Shakib Al Hasan,Mohammad Sami,0,0,,,,,,,,,
1075997,2016/17,2017-02-18,Sharjah Cricket Stadium,1,8.1,Peshawar Zalmi,Islamabad United,Shakib Al Hasan,EJG Morgan,Shadab Khan,1,0,,,,,,,,,
1075997,2016/17,2017-02-18,Sharjah Cricket Stadium,1,8.2,Peshawar Zalmi,Islamabad United,EJG Morgan,Shakib Al Hasan,Shadab Khan,4,0,,,,,,,,,
1075997,2016/17,2017-02-18,Sharjah Cricket Stadium,1,8.3,Peshawar Zalmi,Islamabad United,EJG Morgan,Shakib Al Hasan,Shadab Khan,1,0,,,,,,,,,
1075997,2016/17,2017-02-18,Sharjah Cricket Stadium,1,8.4,Peshawar Zalmi,Islamabad United,Shakib Al Hasan,EJG Morgan,Shadab Khan,1,0,,,,,,,,,
1075997,2016/17,2017-02-18,Sharjah Cricket Stadium,1,8.5,Peshawar Zalmi,Islamabad United,EJG Morgan,Shakib Al Hasan,Shadab Khan,0,1,1,,,,,,,,
1075997,2016/17,2017-02-18,Sharjah Cricket Stadium,1,8.6,Peshawar Zalmi,Islamabad United,EJG Morgan,Shakib Al Hasan,Shadab Khan,1,0,,,,,,,,,
1075997,2016/17,2017-02-18,Sharjah Cricket Stadium,1,8.7,Peshawar Zalmi,Islamabad United,Shakib Al Hasan,EJG Morgan,Shadab Khan,0,5,5,,,,,,,,
1075997,2016/17,2017-02-18,Sharjah Cricket Stadium,1,8.8,Peshawar Zalmi,Islamabad United,Shakib Al Hasan,EJG Morgan,Shadab Khan,1,0,,,,,,,,,
1075997,2016/17,2017-02-18,Sharjah Cricket Stadium,1,9.1,Peshawar Zalmi,Islamabad United,Shakib Al Hasan,EJG Morgan,SR Watson,1,0,,,,,,,,,
1075997,2016/17,2017-02-18,Sharjah Cricket Stadium,1,9.2,Peshawar Zalmi,Islamabad United,EJG Morgan,Shakib Al Hasan,SR Watson,1,0,,,,,,,,,
1075997,2016/17,2017-02-18,Sharjah Cricket Stadium,1,9.3,Peshawar Zalmi,Islamabad United,Shakib Al Hasan,EJG Morgan,SR Watson,0,0,,,,,,,,,
1075997,2016/17,2017-02-18,Sharjah Cricket Stadium,1,9.4,Peshawar Zalmi,Islamabad United,Shakib Al Hasan,EJG Morgan,SR Watson,1,0,,,,,,,,,
1075997,2016/17,2017-02-18,Sharjah Cricket Stadium,1,9.5,Peshawar Zalmi,Islamabad United,EJG Morgan,Shakib Al Hasan,SR Watson,0,0,,,,,,,,,
1075997,2016/17,2017-02-18,Sharjah Cricket Stadium,1,9.6,Peshawar Zalmi,Islamabad United,EJG Morgan,Shakib Al Hasan,SR Watson,1,0,,,,,,,,,
1075997,2016/17,2017-02-18,Sharjah Cricket Stadium,1,10.1,Peshawar Zalmi,Islamabad United,EJG Morgan,Shakib Al Hasan,Amad Butt,1,0,,,,,,,,,
1075997,2016/17,2017-02-18,Sharjah Cricket Stadium,1,10.2,Peshawar Zalmi,Islamabad United,Shakib Al Hasan,EJG Morgan,Amad Butt,0,0,,,,,,caught,Shakib Al Hasan,,
1075997,2016/17,2017-02-18,Sharjah Cricket Stadium,1,10.3,Peshawar Zalmi,Islamabad United,EJG Morgan,DJG Sammy,Amad Butt,0,0,,,,,,,,,
1075997,2016/17,2017-02-18,Sharjah Cricket Stadium,1,10.4,Peshawar Zalmi,Islamabad United,EJG Morgan,DJG Sammy,Amad Butt,0,0,,,,,,,,,
1075997,2016/17,2017-02-18,Sharjah Cricket Stadium,1,10.5,Peshawar Zalmi,Islamabad United,EJG Morgan,DJG Sammy,Amad Butt,0,0,,,,,,,,,
1075997,2016/17,2017-02-18,Sharjah Cricket Stadium,1,10.6,Peshawar Zalmi,Islamabad United,EJG Morgan,DJG Sammy,Amad Butt,0,1,1,,,,,,,,
1075997,2016/17,2017-02-18,Sharjah Cricket Stadium,1,10.7,Peshawar Zalmi,Islamabad United,EJG Morgan,DJG Sammy,Amad Butt,0,0,,,,,,,,,
1075997,2016/17,2017-02-18,Sharjah Cricket Stadium,1,11.1,Peshawar Zalmi,Islamabad United,DJG Sammy,EJG Morgan,Shadab Khan,1,0,,,,,,,,,
1075997,2016/17,2017-02-18,Sharjah Cricket Stadium,1,11.2,Peshawar Zalmi,Islamabad United,EJG Morgan,DJG Sammy,Shadab Khan,1,0,,,,,,,,,
1075997,2016/17,2017-02-18,Sharjah Cricket Stadium,1,11.3,Peshawar Zalmi,Islamabad United,DJG Sammy,EJG Morgan,Shadab Khan,0,0,,,,,,,,,
1075997,2016/17,2017-02-18,Sharjah Cricket Stadium,1,11.4,Peshawar Zalmi,Islamabad United,DJG Sammy,EJG Morgan,Shadab Khan,0,0,,,,,,,,,
1075997,2016/17,2017-02-18,Sharjah Cricket Stadium,1,11.5,Peshawar Zalmi,Islamabad United,DJG Sammy,EJG Morgan,Shadab Khan,0,0,,,,,,,,,
1075997,2016/17,2017-02-18,Sharjah Cricket Stadium,1,11.6,Peshawar Zalmi,Islamabad United,DJG Sammy,EJG Morgan,Shadab Khan,1,0,,,,,,,,,
1075997,2016/17,2017-02-18,Sharjah Cricket Stadium,1,12.1,Peshawar Zalmi,Islamabad United,DJG Sammy,EJG Morgan,Amad Butt,1,0,,,,,,,,,
1075997,2016/17,2017-02-18,Sharjah Cricket Stadium,1,12.2,Peshawar Zalmi,Islamabad United,EJG Morgan,DJG Sammy,Amad Butt,4,0,,,,,,,,,
1075997,2016/17,2017-02-18,Sharjah Cricket Stadium,1,12.3,Peshawar Zalmi,Islamabad United,EJG Morgan,DJG Sammy,Amad Butt,1,0,,,,,,,,,
1075997,2016/17,2017-02-18,Sharjah Cricket Stadium,1,12.4,Peshawar Zalmi,Islamabad United,DJG Sammy,EJG Morgan,Amad Butt,0,0,,,,,,,,,
1075997,2016/17,2017-02-18,Sharjah Cricket Stadium,1,12.5,Peshawar Zalmi,Islamabad United,DJG Sammy,EJG Morgan,Amad Butt,1,0,,,,,,,,,
1075997,2016/17,2017-02-18,Sharjah Cricket Stadium,1,12.6,Peshawar Zalmi,Islamabad United,EJG Morgan,DJG Sammy,Amad Butt,0,0,,,,,,,,,
1075997,2016/17,2017-02-18,Sharjah Cricket Stadium,1,13.1,Peshawar Zalmi,Islamabad United,DJG Sammy,EJG Morgan,Shadab Khan,0,0,,,,,,,,,
1075997,2016/17,2017-02-18,Sharjah Cricket Stadium,1,13.2,Peshawar Zalmi,Islamabad United,DJG Sammy,EJG Morgan,Shadab Khan,1,0,,,,,,,,,
1075997,2016/17,2017-02-18,Sharjah Cricket Stadium,1,13.3,Peshawar Zalmi,Islamabad United,EJG Morgan,DJG Sammy,Shadab Khan,0,0,,,,,,caught,EJG Morgan,,
1075997,2016/17,2017-02-18,Sharjah Cricket Stadium,1,13.4,Peshawar Zalmi,Islamabad United,Shahid Afridi,DJG Sammy,Shadab Khan,0,0,,,,,,,,,
1075997,2016/17,2017-02-18,Sharjah Cricket Stadium,1,13.5,Peshawar Zalmi,Islamabad United,Shahid Afridi,DJG Sammy,Shadab Khan,0,0,,,,,,,,,
1075997,2016/17,2017-02-18,Sharjah Cricket Stadium,1,13.6,Peshawar Zalmi,Islamabad United,Shahid Afridi,DJG Sammy,Shadab Khan,0,0,,,,,,,,,
1075997,2016/17,2017-02-18,Sharjah Cricket Stadium,1,14.1,Peshawar Zalmi,Islamabad United,DJG Sammy,Shahid Afridi,Mohammad Irfan,0,0,,,,,,,,,
1075997,2016/17,2017-02-18,Sharjah Cricket Stadium,1,14.2,Peshawar Zalmi,Islamabad United,DJG Sammy,Shahid Afridi,Mohammad Irfan,2,0,,,,,,,,,
1075997,2016/17,2017-02-18,Sharjah Cricket Stadium,1,14.3,Peshawar Zalmi,Islamabad United,DJG Sammy,Shahid Afridi,Mohammad Irfan,4,0,,,,,,,,,
1075997,2016/17,2017-02-18,Sharjah Cricket Stadium,1,14.4,Peshawar Zalmi,Islamabad United,DJG Sammy,Shahid Afridi,Mohammad Irfan,0,0,,,,,,,,,
1075997,2016/17,2017-02-18,Sharjah Cricket Stadium,1,14.5,Peshawar Zalmi,Islamabad United,DJG Sammy,Shahid Afridi,Mohammad Irfan,0,0,,,,,,,,,
1075997,2016/17,2017-02-18,Sharjah Cricket Stadium,1,14.6,Peshawar Zalmi,Islamabad United,DJG Sammy,Shahid Afridi,Mohammad Irfan,4,0,,,,,,,,,
1075997,2016/17,2017-02-18,Sharjah Cricket Stadium,1,15.1,Peshawar Zalmi,Islamabad United,Shahid Afridi,DJG Sammy,Mohammad Sami,1,0,,,,,,,,,
1075997,2016/17,2017-02-18,Sharjah Cricket Stadium,1,15.2,Peshawar Zalmi,Islamabad United,DJG Sammy,Shahid Afridi,Mohammad Sami,4,0,,,,,,,,,
1075997,2016/17,2017-02-18,Sharjah Cricket Stadium,1,15.3,Peshawar Zalmi,Islamabad United,DJG Sammy,Shahid Afridi,Mohammad Sami,1,0,,,,,,,,,
1075997,2016/17,2017-02-18,Sharjah Cricket Stadium,1,15.4,Peshawar Zalmi,Islamabad United,Shahid Afridi,DJG Sammy,Mohammad Sami,0,1,1,,,,,,,,
1075997,2016/17,2017-02-18,Sharjah Cricket Stadium,1,15.5,Peshawar Zalmi,Islamabad United,Shahid Afridi,DJG Sammy,Mohammad Sami,6,0,,,,,,,,,
1075997,2016/17,2017-02-18,Sharjah Cricket Stadium,1,15.6,Peshawar Zalmi,Islamabad United,Shahid Afridi,DJG Sammy,Mohammad Sami,6,0,,,,,,,,,
1075997,2016/17,2017-02-18,Sharjah Cricket Stadium,1,15.7,Peshawar Zalmi,Islamabad United,Shahid Afridi,DJG Sammy,Mohammad Sami,1,0,,,,,,,,,
1075997,2016/17,2017-02-18,Sharjah Cricket Stadium,1,16.1,Peshawar Zalmi,Islamabad United,Shahid Afridi,DJG Sammy,Rumman Raees,1,0,,,,,,,,,
1075997,2016/17,2017-02-18,Sharjah Cricket Stadium,1,16.2,Peshawar Zalmi,Islamabad United,DJG Sammy,Shahid Afridi,Rumman Raees,0,0,,,,,,caught,DJG Sammy,,
1075997,2016/17,2017-02-18,Sharjah Cricket Stadium,1,16.3,Peshawar Zalmi,Islamabad United,Shahid Afridi,Wahab Riaz,Rumman Raees,1,0,,,,,,,,,
1075997,2016/17,2017-02-18,Sharjah Cricket Stadium,1,16.4,Peshawar Zalmi,Islamabad United,Wahab Riaz,Shahid Afridi,Rumman Raees,0,0,,,,,,,,,
1075997,2016/17,2017-02-18,Sharjah Cricket Stadium,1,16.5,Peshawar Zalmi,Islamabad United,Wahab Riaz,Shahid Afridi,Rumman Raees,1,0,,,,,,,,,
1075997,2016/17,2017-02-18,Sharjah Cricket Stadium,1,16.6,Peshawar Zalmi,Islamabad United,Shahid Afridi,Wahab Riaz,Rumman Raees,0,0,,,,,,,,,
1075997,2016/17,2017-02-18,Sharjah Cricket Stadium,1,17.1,Peshawar Zalmi,Islamabad United,Wahab Riaz,Shahid Afridi,SR Watson,6,0,,,,,,,,,
1075997,2016/17,2017-02-18,Sharjah Cricket Stadium,1,17.2,Peshawar Zalmi,Islamabad United,Wahab Riaz,Shahid Afridi,SR Watson,4,0,,,,,,,,,
1075997,2016/17,2017-02-18,Sharjah Cricket Stadium,1,17.3,Peshawar Zalmi,Islamabad United,Wahab Riaz,Shahid Afridi,SR Watson,4,0,,,,,,,,,
1075997,2016/17,2017-02-18,Sharjah Cricket Stadium,1,17.4,Peshawar Zalmi,Islamabad United,Wahab Riaz,Shahid Afridi,SR Watson,4,0,,,,,,,,,
1075997,2016/17,2017-02-18,Sharjah Cricket Stadium,1,17.5,Peshawar Zalmi,Islamabad United,Wahab Riaz,Shahid Afridi,SR Watson,2,0,,,,,,,,,
1075997,2016/17,2017-02-18,Sharjah Cricket Stadium,1,17.6,Peshawar Zalmi,Islamabad United,Wahab Riaz,Shahid Afridi,SR Watson,1,0,,,,,,,,,
1075997,2016/17,2017-02-18,Sharjah Cricket Stadium,1,18.1,Peshawar Zalmi,Islamabad United,Wahab Riaz,Shahid Afridi,Rumman Raees,0,0,,,,,,,,,
1075997,2016/17,2017-02-18,Sharjah Cricket Stadium,1,18.2,Peshawar Zalmi,Islamabad United,Wahab Riaz,Shahid Afridi,Rumman Raees,0,0,,,,,,,,,
1075997,2016/17,2017-02-18,Sharjah Cricket Stadium,1,18.3,Peshawar Zalmi,Islamabad United,Wahab Riaz,Shahid Afridi,Rumman Raees,0,0,,,,,,,,,
1075997,2016/17,2017-02-18,Sharjah Cricket Stadium,1,18.4,Peshawar Zalmi,Islamabad United,Wahab Riaz,Shahid Afridi,Rumman Raees,0,0,,,,,,,,,
1075997,2016/17,2017-02-18,Sharjah Cricket Stadium,1,18.5,Peshawar Zalmi,Islamabad United,Wahab Riaz,Shahid Afridi,Rumman Raees,1,0,,,,,,,,,
1075997,2016/17,2017-02-18,Sharjah Cricket Stadium,1,18.6,Peshawar Zalmi,Islamabad United,Shahid Afridi,Wahab Riaz,Rumman Raees,1,0,,,,,,,,,
1075997,2016/17,2017-02-18,Sharjah Cricket Stadium,1,19.1,Peshawar Zalmi,Islamabad United,Shahid Afridi,Wahab Riaz,Mohammad Sami,0,0,,,,,,caught,Shahid Afridi,,
1075997,2016/17,2017-02-18,Sharjah Cricket Stadium,1,19.2,Peshawar Zalmi,Islamabad United,Wahab Riaz,Hasan Ali,Mohammad Sami,0,0,,,,,,,,,
1075997,2016/17,2017-02-18,Sharjah Cricket Stadium,1,19.3,Peshawar Zalmi,Islamabad United,Wahab Riaz,Hasan Ali,Mohammad Sami,0,0,,,,,,bowled,Wahab Riaz,,
1075997,2016/17,2017-02-18,Sharjah Cricket Stadium,1,19.4,Peshawar Zalmi,Islamabad United,Junaid Khan,Hasan Ali,Mohammad Sami,0,0,,,,,,,,,
1075997,2016/17,2017-02-18,Sharjah Cricket Stadium,1,19.5,Peshawar Zalmi,Islamabad United,Junaid Khan,Hasan Ali,Mohammad Sami,1,0,,,,,,,,,
1075997,2016/17,2017-02-18,Sharjah Cricket Stadium,1,19.6,Peshawar Zalmi,Islamabad United,Hasan Ali,Junaid Khan,Mohammad Sami,1,0,,,,,,,,,
1075997,2016/17,2017-02-18,Sharjah Cricket Stadium,2,0.1,Islamabad United,Peshawar Zalmi,DR Smith,Rafatullah Mohmand,Hasan Ali,1,0,,,,,,,,,
1075997,2016/17,2017-02-18,Sharjah Cricket Stadium,2,0.2,Islamabad United,Peshawar Zalmi,Rafatullah Mohmand,DR Smith,Hasan Ali,0,0,,,,,,,,,
1075997,2016/17,2017-02-18,Sharjah Cricket Stadium,2,0.3,Islamabad United,Peshawar Zalmi,Rafatullah Mohmand,DR Smith,Hasan Ali,0,0,,,,,,,,,
1075997,2016/17,2017-02-18,Sharjah Cricket Stadium,2,0.4,Islamabad United,Peshawar Zalmi,Rafatullah Mohmand,DR Smith,Hasan Ali,1,0,,,,,,,,,
1075997,2016/17,2017-02-18,Sharjah Cricket Stadium,2,0.5,Islamabad United,Peshawar Zalmi,DR Smith,Rafatullah Mohmand,Hasan Ali,0,0,,,,,,,,,
1075997,2016/17,2017-02-18,Sharjah Cricket Stadium,2,0.6,Islamabad United,Peshawar Zalmi,DR Smith,Rafatullah Mohmand,Hasan Ali,0,0,,,,,,,,,
1075997,2016/17,2017-02-18,Sharjah Cricket Stadium,2,1.1,Islamabad United,Peshawar Zalmi,Rafatullah Mohmand,DR Smith,Junaid Khan,0,0,,,,,,,,,
1075997,2016/17,2017-02-18,Sharjah Cricket Stadium,2,1.2,Islamabad United,Peshawar Zalmi,Rafatullah Mohmand,DR Smith,Junaid Khan,6,0,,,,,,,,,
1075997,2016/17,2017-02-18,Sharjah Cricket Stadium,2,1.3,Islamabad United,Peshawar Zalmi,Rafatullah Mohmand,DR Smith,Junaid Khan,4,0,,,,,,,,,
1075997,2016/17,2017-02-18,Sharjah Cricket Stadium,2,1.4,Islamabad United,Peshawar Zalmi,Rafatullah Mohmand,DR Smith,Junaid Khan,0,0,,,,,,,,,
1075997,2016/17,2017-02-18,Sharjah Cricket Stadium,2,1.5,Islamabad United,Peshawar Zalmi,Rafatullah Mohmand,DR Smith,Junaid Khan,0,0,,,,,,caught,Rafatullah Mohmand,,
1075997,2016/17,2017-02-18,Sharjah Cricket Stadium,2,1.6,Islamabad United,Peshawar Zalmi,BJ Haddin,DR Smith,Junaid Khan,1,0,,,,,,,,,
1075997,2016/17,2017-02-18,Sharjah Cricket Stadium,2,2.1,Islamabad United,Peshawar Zalmi,BJ Haddin,DR Smith,Hasan Ali,0,0,,,,,,,,,
1075997,2016/17,2017-02-18,Sharjah Cricket Stadium,2,2.2,Islamabad United,Peshawar Zalmi,BJ Haddin,DR Smith,Hasan Ali,1,0,,,,,,,,,
1075997,2016/17,2017-02-18,Sharjah Cricket Stadium,2,2.3,Islamabad United,Peshawar Zalmi,DR Smith,BJ Haddin,Hasan Ali,0,0,,,,,,,,,
1075997,2016/17,2017-02-18,Sharjah Cricket Stadium,2,2.4,Islamabad United,Peshawar Zalmi,DR Smith,BJ Haddin,Hasan Ali,0,0,,,,,,,,,
1075997,2016/17,2017-02-18,Sharjah Cricket Stadium,2,2.5,Islamabad United,Peshawar Zalmi,DR Smith,BJ Haddin,Hasan Ali,1,0,,,,,,,,,
1075997,2016/17,2017-02-18,Sharjah Cricket Stadium,2,2.6,Islamabad United,Peshawar Zalmi,BJ Haddin,DR Smith,Hasan Ali,0,0,,,,,,lbw,BJ Haddin,,
1075997,2016/17,2017-02-18,Sharjah Cricket Stadium,2,3.1,Islamabad United,Peshawar Zalmi,DR Smith,SW Billings,Shakib Al Hasan,1,0,,,,,,,,,
1075997,2016/17,2017-02-18,Sharjah Cricket Stadium,2,3.2,Islamabad United,Peshawar Zalmi,SW Billings,DR Smith,Shakib Al Hasan,0,0,,,,,,,,,
1075997,2016/17,2017-02-18,Sharjah Cricket Stadium,2,3.3,Islamabad United,Peshawar Zalmi,SW Billings,DR Smith,Shakib Al Hasan,1,0,,,,,,,,,
1075997,2016/17,2017-02-18,Sharjah Cricket Stadium,2,3.4,Islamabad United,Peshawar Zalmi,DR Smith,SW Billings,Shakib Al Hasan,1,0,,,,,,,,,
1075997,2016/17,2017-02-18,Sharjah Cricket Stadium,2,3.5,Islamabad United,Peshawar Zalmi,SW Billings,DR Smith,Shakib Al Hasan,0,0,,,,,,,,,
1075997,2016/17,2017-02-18,Sharjah Cricket Stadium,2,3.6,Islamabad United,Peshawar Zalmi,SW Billings,DR Smith,Shakib Al Hasan,0,0,,,,,,,,,
1075997,2016/17,2017-02-18,Sharjah Cricket Stadium,2,4.1,Islamabad United,Peshawar Zalmi,DR Smith,SW Billings,Hasan Ali,1,0,,,,,,,,,
1075997,2016/17,2017-02-18,Sharjah Cricket Stadium,2,4.2,Islamabad United,Peshawar Zalmi,SW Billings,DR Smith,Hasan Ali,0,0,,,,,,,,,
1075997,2016/17,2017-02-18,Sharjah Cricket Stadium,2,4.3,Islamabad United,Peshawar Zalmi,SW Billings,DR Smith,Hasan Ali,1,0,,,,,,,,,
1075997,2016/17,2017-02-18,Sharjah Cricket Stadium,2,4.4,Islamabad United,Peshawar Zalmi,DR Smith,SW Billings,Hasan Ali,0,0,,,,,,,,,
1075997,2016/17,2017-02-18,Sharjah Cricket Stadium,2,4.5,Islamabad United,Peshawar Zalmi,DR Smith,SW Billings,Hasan Ali,1,0,,,,,,,,,
1075997,2016/17,2017-02-18,Sharjah Cricket Stadium,2,4.6,Islamabad United,Peshawar Zalmi,SW Billings,DR Smith,Hasan Ali,0,0,,,,,,,,,
1075997,2016/17,2017-02-18,Sharjah Cricket Stadium,2,5.1,Islamabad United,Peshawar Zalmi,DR Smith,SW Billings,Wahab Riaz,0,0,,,,,,,,,
1075997,2016/17,2017-02-18,Sharjah Cricket Stadium,2,5.2,Islamabad United,Peshawar Zalmi,DR Smith,SW Billings,Wahab Riaz,1,0,,,,,,,,,
1075997,2016/17,2017-02-18,Sharjah Cricket Stadium,2,5.3,Islamabad United,Peshawar Zalmi,SW Billings,DR Smith,Wahab Riaz,1,0,,,,,,,,,
1075997,2016/17,2017-02-18,Sharjah Cricket Stadium,2,5.4,Islamabad United,Peshawar Zalmi,DR Smith,SW Billings,Wahab Riaz,0,0,,,,,,,,,
1075997,2016/17,2017-02-18,Sharjah Cricket Stadium,2,5.5,Islamabad United,Peshawar Zalmi,DR Smith,SW Billings,Wahab Riaz,0,0,,,,,,,,,
1075997,2016/17,2017-02-18,Sharjah Cricket Stadium,2,5.6,Islamabad United,Peshawar Zalmi,DR Smith,SW Billings,Wahab Riaz,0,0,,,,,,,,,
1075997,2016/17,2017-02-18,Sharjah Cricket Stadium,2,6.1,Islamabad United,Peshawar Zalmi,SW Billings,DR Smith,Shakib Al Hasan,1,0,,,,,,,,,
1075997,2016/17,2017-02-18,Sharjah Cricket Stadium,2,6.2,Islamabad United,Peshawar Zalmi,DR Smith,SW Billings,Shakib Al Hasan,1,0,,,,,,,,,
1075997,2016/17,2017-02-18,Sharjah Cricket Stadium,2,6.3,Islamabad United,Peshawar Zalmi,SW Billings,DR Smith,Shakib Al Hasan,1,0,,,,,,,,,
1075997,2016/17,2017-02-18,Sharjah Cricket Stadium,2,6.4,Islamabad United,Peshawar Zalmi,DR Smith,SW Billings,Shakib Al Hasan,0,0,,,,,,,,,
1075997,2016/17,2017-02-18,Sharjah Cricket Stadium,2,6.5,Islamabad United,Peshawar Zalmi,DR Smith,SW Billings,Shakib Al Hasan,6,0,,,,,,,,,
1075997,2016/17,2017-02-18,Sharjah Cricket Stadium,2,6.6,Islamabad United,Peshawar Zalmi,DR Smith,SW Billings,Shakib Al Hasan,0,0,,,,,,,,,
1075997,2016/17,2017-02-18,Sharjah Cricket Stadium,2,7.1,Islamabad United,Peshawar Zalmi,SW Billings,DR Smith,Shahid Afridi,1,0,,,,,,,,,
1075997,2016/17,2017-02-18,Sharjah Cricket Stadium,2,7.2,Islamabad United,Peshawar Zalmi,DR Smith,SW Billings,Shahid Afridi,1,0,,,,,,,,,
1075997,2016/17,2017-02-18,Sharjah Cricket Stadium,2,7.3,Islamabad United,Peshawar Zalmi,SW Billings,DR Smith,Shahid Afridi,1,0,,,,,,,,,
1075997,2016/17,2017-02-18,Sharjah Cricket Stadium,2,7.4,Islamabad United,Peshawar Zalmi,DR Smith,SW Billings,Shahid Afridi,0,0,,,,,,,,,
1075997,2016/17,2017-02-18,Sharjah Cricket Stadium,2,7.5,Islamabad United,Peshawar Zalmi,DR Smith,SW Billings,Shahid Afridi,6,0,,,,,,,,,
1075997,2016/17,2017-02-18,Sharjah Cricket Stadium,2,7.6,Islamabad United,Peshawar Zalmi,DR Smith,SW Billings,Shahid Afridi,0,0,,,,,,,,,
1075997,2016/17,2017-02-18,Sharjah Cricket Stadium,2,8.1,Islamabad United,Peshawar Zalmi,SW Billings,DR Smith,Wahab Riaz,0,0,,,,,,,,,
1075997,2016/17,2017-02-18,Sharjah Cricket Stadium,2,8.2,Islamabad United,Peshawar Zalmi,SW Billings,DR Smith,Wahab Riaz,4,0,,,,,,,,,
1075997,2016/17,2017-02-18,Sharjah Cricket Stadium,2,8.3,Islamabad United,Peshawar Zalmi,SW Billings,DR Smith,Wahab Riaz,0,0,,,,,,,,,
1075997,2016/17,2017-02-18,Sharjah Cricket Stadium,2,8.4,Islamabad United,Peshawar Zalmi,SW Billings,DR Smith,Wahab Riaz,0,0,,,,,,bowled,SW Billings,,
1075997,2016/17,2017-02-18,Sharjah Cricket Stadium,2,8.5,Islamabad United,Peshawar Zalmi,Misbah-ul-Haq,DR Smith,Wahab Riaz,0,0,,,,,,,,,
1075997,2016/17,2017-02-18,Sharjah Cricket Stadium,2,8.6,Islamabad United,Peshawar Zalmi,Misbah-ul-Haq,DR Smith,Wahab Riaz,0,0,,,,,,,,,
1075997,2016/17,2017-02-18,Sharjah Cricket Stadium,2,9.1,Islamabad United,Peshawar Zalmi,DR Smith,Misbah-ul-Haq,Shahid Afridi,0,0,,,,,,,,,
1075997,2016/17,2017-02-18,Sharjah Cricket Stadium,2,9.2,Islamabad United,Peshawar Zalmi,DR Smith,Misbah-ul-Haq,Shahid Afridi,1,0,,,,,,,,,
1075997,2016/17,2017-02-18,Sharjah Cricket Stadium,2,9.3,Islamabad United,Peshawar Zalmi,Misbah-ul-Haq,DR Smith,Shahid Afridi,1,0,,,,,,,,,
1075997,2016/17,2017-02-18,Sharjah Cricket Stadium,2,9.4,Islamabad United,Peshawar Zalmi,DR Smith,Misbah-ul-Haq,Shahid Afridi,1,0,,,,,,,,,
1075997,2016/17,2017-02-18,Sharjah Cricket Stadium,2,9.5,Islamabad United,Peshawar Zalmi,Misbah-ul-Haq,DR Smith,Shahid Afridi,0,0,,,,,,,,,
1075997,2016/17,2017-02-18,Sharjah Cricket Stadium,2,9.6,Islamabad United,Peshawar Zalmi,Misbah-ul-Haq,DR Smith,Shahid Afridi,0,0,,,,,,,,,
1075997,2016/17,2017-02-18,Sharjah Cricket Stadium,2,10.1,Islamabad United,Peshawar Zalmi,DR Smith,Misbah-ul-Haq,Junaid Khan,4,0,,,,,,,,,
1075997,2016/17,2017-02-18,Sharjah Cricket Stadium,2,10.2,Islamabad United,Peshawar Zalmi,DR Smith,Misbah-ul-Haq,Junaid Khan,0,0,,,,,,,,,
1075997,2016/17,2017-02-18,Sharjah Cricket Stadium,2,10.3,Islamabad United,Peshawar Zalmi,DR Smith,Misbah-ul-Haq,Junaid Khan,6,0,,,,,,,,,
1075997,2016/17,2017-02-18,Sharjah Cricket Stadium,2,10.4,Islamabad United,Peshawar Zalmi,DR Smith,Misbah-ul-Haq,Junaid Khan,4,0,,,,,,,,,
1075997,2016/17,2017-02-18,Sharjah Cricket Stadium,2,10.5,Islamabad United,Peshawar Zalmi,DR Smith,Misbah-ul-Haq,Junaid Khan,0,0,,,,,,,,,
1075997,2016/17,2017-02-18,Sharjah Cricket Stadium,2,10.6,Islamabad United,Peshawar Zalmi,DR Smith,Misbah-ul-Haq,Junaid Khan,0,0,,,,,,,,,
1075997,2016/17,2017-02-18,Sharjah Cricket Stadium,2,11.1,Islamabad United,Peshawar Zalmi,Misbah-ul-Haq,DR Smith,Shahid Afridi,1,0,,,,,,,,,
1075997,2016/17,2017-02-18,Sharjah Cricket Stadium,2,11.2,Islamabad United,Peshawar Zalmi,DR Smith,Misbah-ul-Haq,Shahid Afridi,1,0,,,,,,,,,
1075997,2016/17,2017-02-18,Sharjah Cricket Stadium,2,11.3,Islamabad United,Peshawar Zalmi,Misbah-ul-Haq,DR Smith,Shahid Afridi,1,0,,,,,,,,,
1075997,2016/17,2017-02-18,Sharjah Cricket Stadium,2,11.4,Islamabad United,Peshawar Zalmi,DR Smith,Misbah-ul-Haq,Shahid Afridi,1,0,,,,,,,,,
1075997,2016/17,2017-02-18,Sharjah Cricket Stadium,2,11.5,Islamabad United,Peshawar Zalmi,Misbah-ul-Haq,DR Smith,Shahid Afridi,1,0,,,,,,,,,
1075997,2016/17,2017-02-18,Sharjah Cricket Stadium,2,11.6,Islamabad United,Peshawar Zalmi,DR Smith,Misbah-ul-Haq,Shahid Afridi,4,0,,,,,,,,,
1075997,2016/17,2017-02-18,Sharjah Cricket Stadium,2,12.1,Islamabad United,Peshawar Zalmi,Misbah-ul-Haq,DR Smith,Shakib Al Hasan,0,0,,,,,,,,,
1075997,2016/17,2017-02-18,Sharjah Cricket Stadium,2,12.2,Islamabad United,Peshawar Zalmi,Misbah-ul-Haq,DR Smith,Shakib Al Hasan,0,0,,,,,,,,,
1075997,2016/17,2017-02-18,Sharjah Cricket Stadium,2,12.3,Islamabad United,Peshawar Zalmi,Misbah-ul-Haq,DR Smith,Shakib Al Hasan,1,0,,,,,,,,,
1075997,2016/17,2017-02-18,Sharjah Cricket Stadium,2,12.4,Islamabad United,Peshawar Zalmi,DR Smith,Misbah-ul-Haq,Shakib Al Hasan,1,0,,,,,,,,,
1075997,2016/17,2017-02-18,Sharjah Cricket Stadium,2,12.5,Islamabad United,Peshawar Zalmi,Misbah-ul-Haq,DR Smith,Shakib Al Hasan,0,0,,,,,,caught,Misbah-ul-Haq,,
1075997,2016/17,2017-02-18,Sharjah Cricket Stadium,2,12.6,Islamabad United,Peshawar Zalmi,SR Watson,DR Smith,Shakib Al Hasan,1,0,,,,,,,,,
1075997,2016/17,2017-02-18,Sharjah Cricket Stadium,2,13.1,Islamabad United,Peshawar Zalmi,SR Watson,DR Smith,Shahid Afridi,0,0,,,,,,,,,
1075997,2016/17,2017-02-18,Sharjah Cricket Stadium,2,13.2,Islamabad United,Peshawar Zalmi,SR Watson,DR Smith,Shahid Afridi,0,0,,,,,,,,,
1075997,2016/17,2017-02-18,Sharjah Cricket Stadium,2,13.3,Islamabad United,Peshawar Zalmi,SR Watson,DR Smith,Shahid Afridi,1,0,,,,,,,,,
1075997,2016/17,2017-02-18,Sharjah Cricket Stadium,2,13.4,Islamabad United,Peshawar Zalmi,DR Smith,SR Watson,Shahid Afridi,4,0,,,,,,,,,
1075997,2016/17,2017-02-18,Sharjah Cricket Stadium,2,13.5,Islamabad United,Peshawar Zalmi,DR Smith,SR Watson,Shahid Afridi,0,0,,,,,,,,,
1075997,2016/17,2017-02-18,Sharjah Cricket Stadium,2,13.6,Islamabad United,Peshawar Zalmi,DR Smith,SR Watson,Shahid Afridi,0,0,,,,,,,,,
1075997,2016/17,2017-02-18,Sharjah Cricket Stadium,2,14.1,Islamabad United,Peshawar Zalmi,SR Watson,DR Smith,Shakib Al Hasan,1,0,,,,,,,,,
1075997,2016/17,2017-02-18,Sharjah Cricket Stadium,2,14.2,Islamabad United,Peshawar Zalmi,DR Smith,SR Watson,Shakib Al Hasan,1,0,,,,,,,,,
1075997,2016/17,2017-02-18,Sharjah Cricket Stadium,2,14.3,Islamabad United,Peshawar Zalmi,SR Watson,DR Smith,Shakib Al Hasan,4,0,,,,,,,,,
1075997,2016/17,2017-02-18,Sharjah Cricket Stadium,2,14.4,Islamabad United,Peshawar Zalmi,SR Watson,DR Smith,Shakib Al Hasan,1,0,,,,,,,,,
1075997,2016/17,2017-02-18,Sharjah Cricket Stadium,2,14.5,Islamabad United,Peshawar Zalmi,DR Smith,SR Watson,Shakib Al Hasan,1,0,,,,,,,,,
1075997,2016/17,2017-02-18,Sharjah Cricket Stadium,2,14.6,Islamabad United,Peshawar Zalmi,SR Watson,DR Smith,Shakib Al Hasan,1,0,,,,,,,,,
1075997,2016/17,2017-02-18,Sharjah Cricket Stadium,2,15.1,Islamabad United,Peshawar Zalmi,SR Watson,DR Smith,Wahab Riaz,1,0,,,,,,,,,
1075997,2016/17,2017-02-18,Sharjah Cricket Stadium,2,15.2,Islamabad United,Peshawar Zalmi,DR Smith,SR Watson,Wahab Riaz,4,0,,,,,,,,,
1075997,2016/17,2017-02-18,Sharjah Cricket Stadium,2,15.3,Islamabad United,Peshawar Zalmi,DR Smith,SR Watson,Wahab Riaz,4,0,,,,,,,,,
1075997,2016/17,2017-02-18,Sharjah Cricket Stadium,2,15.4,Islamabad United,Peshawar Zalmi,DR Smith,SR Watson,Wahab Riaz,0,0,,,,,,,,,
1075997,2016/17,2017-02-18,Sharjah Cricket Stadium,2,15.5,Islamabad United,Peshawar Zalmi,DR Smith,SR Watson,Wahab Riaz,0,1,1,,,,,,,,
1075997,2016/17,2017-02-18,Sharjah Cricket Stadium,2,15.6,Islamabad United,Peshawar Zalmi,DR Smith,SR Watson,Wahab Riaz,0,0,,,,,,,,,
1075997,2016/17,2017-02-18,Sharjah Cricket Stadium,2,15.7,Islamabad United,Peshawar Zalmi,DR Smith,SR Watson,Wahab Riaz,1,0,,,,,,,,,
1075997,2016/17,2017-02-18,Sharjah Cricket Stadium,2,16.1,Islamabad United,Peshawar Zalmi,DR Smith,SR Watson,Junaid Khan,0,1,,1,,,,,,,
1075997,2016/17,2017-02-18,Sharjah Cricket Stadium,2,16.2,Islamabad United,Peshawar Zalmi,DR Smith,SR Watson,Junaid Khan,1,0,,,,,,,,,
1075997,2016/17,2017-02-18,Sharjah Cricket Stadium,2,16.3,Islamabad United,Peshawar Zalmi,SR Watson,DR Smith,Junaid Khan,0,1,1,,,,,,,,
1075997,2016/17,2017-02-18,Sharjah Cricket Stadium,2,16.4,Islamabad United,Peshawar Zalmi,SR Watson,DR Smith,Junaid Khan,1,0,,,,,,,,,
1075997,2016/17,2017-02-18,Sharjah Cricket Stadium,2,16.5,Islamabad United,Peshawar Zalmi,DR Smith,SR Watson,Junaid Khan,1,0,,,,,,,,,
1075997,2016/17,2017-02-18,Sharjah Cricket Stadium,2,16.6,Islamabad United,Peshawar Zalmi,SR Watson,DR Smith,Junaid Khan,0,0,,,,,,,,,
1075997,2016/17,2017-02-18,Sharjah Cricket Stadium,2,16.7,Islamabad United,Peshawar Zalmi,SR Watson,DR Smith,Junaid Khan,0,1,1,,,,,,,,
1075997,2016/17,2017-02-18,Sharjah Cricket Stadium,2,16.8,Islamabad United,Peshawar Zalmi,SR Watson,DR Smith,Junaid Khan,6,0,,,,,,,,,
1075997,2016/17,2017-02-18,Sharjah Cricket Stadium,2,16.9,Islamabad United,Peshawar Zalmi,SR Watson,DR Smith,Junaid Khan,6,0,,,,,,,,,
1075997,2016/17,2017-02-18,Sharjah Cricket Stadium,2,17.1,Islamabad United,Peshawar Zalmi,DR Smith,SR Watson,Wahab Riaz,0,0,,,,,,,,,
1075997,2016/17,2017-02-18,Sharjah Cricket Stadium,2,17.2,Islamabad United,Peshawar Zalmi,DR Smith,SR Watson,Wahab Riaz,0,0,,,,,,,,,
1075997,2016/17,2017-02-18,Sharjah Cricket Stadium,2,17.3,Islamabad United,Peshawar Zalmi,DR Smith,SR Watson,Wahab Riaz,1,0,,,,,,,,,
1075997,2016/17,2017-02-18,Sharjah Cricket Stadium,2,17.4,Islamabad United,Peshawar Zalmi,SR Watson,DR Smith,Wahab Riaz,0,1,,1,,,,,,,
1075997,2016/17,2017-02-18,Sharjah Cricket Stadium,2,17.5,Islamabad United,Peshawar Zalmi,SR Watson,DR Smith,Wahab Riaz,1,0,,,,,,,,,
1075997,2016/17,2017-02-18,Sharjah Cricket Stadium,2,17.6,Islamabad United,Peshawar Zalmi,DR Smith,SR Watson,Wahab Riaz,0,0,,,,,,,,,
1075997,2016/17,2017-02-18,Sharjah Cricket Stadium,2,17.7,Islamabad United,Peshawar Zalmi,DR Smith,SR Watson,Wahab Riaz,1,0,,,,,,,,,
1075997,2016/17,2017-02-18,Sharjah Cricket Stadium,2,18.1,Islamabad United,Peshawar Zalmi,DR Smith,SR Watson,Hasan Ali,6,0,,,,,,,,,
1075997,2016/17,2017-02-18,Sharjah Cricket Stadium,2,18.2,Islamabad United,Peshawar Zalmi,DR Smith,SR Watson,Hasan Ali,1,0,,,,,,,,,
1075997,2016/17,2017-02-18,Sharjah Cricket Stadium,2,18.3,Islamabad United,Peshawar Zalmi,SR Watson,DR Smith,Hasan Ali,1,0,,,,,,,,,
1075997,2016/17,2017-02-18,Sharjah Cricket Stadium,2,18.4,Islamabad United,Peshawar Zalmi,DR Smith,SR Watson,Hasan Ali,1,0,,,,,,,,,
1075997,2016/17,2017-02-18,Sharjah Cricket Stadium,2,18.5,Islamabad United,Peshawar Zalmi,SR Watson,DR Smith,Hasan Ali,0,0,,,,,,,,,
1075997,2016/17,2017-02-18,Sharjah Cricket Stadium,2,18.6,Islamabad United,Peshawar Zalmi,SR Watson,DR Smith,Hasan Ali,1,0,,,,,,,,,
1075997,2016/17,2017-02-18,Sharjah Cricket Stadium,2,19.1,Islamabad United,Peshawar Zalmi,SR Watson,DR Smith,Junaid Khan,1,0,,,,,,,,,
1075997,2016/17,2017-02-18,Sharjah Cricket Stadium,2,19.2,Islamabad United,Peshawar Zalmi,DR Smith,SR Watson,Junaid Khan,1,0,,,,,,,,,
1075997,2016/17,2017-02-18,Sharjah Cricket Stadium,2,19.3,Islamabad United,Peshawar Zalmi,SR Watson,DR Smith,Junaid Khan,2,0,,,,,,,,,
1075997,2016/17,2017-02-18,Sharjah Cricket Stadium,2,19.4,Islamabad United,Peshawar Zalmi,SR Watson,DR Smith,Junaid Khan,0,0,,,,,,,,,
1075997,2016/17,2017-02-18,Sharjah Cricket Stadium,2,19.5,Islamabad United,Peshawar Zalmi,SR Watson,DR Smith,Junaid Khan,1,0,,,,,,run out,SR Watson,,
1075997,2016/17,2017-02-18,Sharjah Cricket Stadium,2,19.6,Islamabad United,Peshawar Zalmi,Amad Butt,DR Smith,Junaid Khan,1,0,,,,,,,,,
