match_id,season,start_date,venue,innings,ball,batting_team,bowling_team,striker,non_striker,bowler,runs_off_bat,extras,wides,noballs,byes,legbyes,penalty,wicket_type,player_dismissed,other_wicket_type,other_player_dismissed
1075998,2016/17,2017-02-19,Sharjah Cricket Stadium,1,0.1,Karachi Kings,Peshawar Zalmi,Babar Azam,KC Sangakkara,Hasan Ali,0,0,,,,,,,,,
1075998,2016/17,2017-02-19,Sharjah Cricket Stadium,1,0.2,Karachi Kings,Peshawar Zalmi,Babar Azam,KC Sangakkara,Hasan Ali,4,0,,,,,,,,,
1075998,2016/17,2017-02-19,Sharjah Cricket Stadium,1,0.3,Karachi Kings,Peshawar Zalmi,Babar Azam,KC Sangakkara,Hasan Ali,4,0,,,,,,,,,
1075998,2016/17,2017-02-19,Sharjah Cricket Stadium,1,0.4,Karachi Kings,Peshawar Zalmi,Babar Azam,KC Sangakkara,Hasan Ali,0,0,,,,,,,,,
1075998,2016/17,2017-02-19,Sharjah Cricket Stadium,1,0.5,Karachi Kings,Peshawar Zalmi,Babar Azam,KC Sangakkara,Hasan Ali,0,0,,,,,,,,,
1075998,2016/17,2017-02-19,Sharjah Cricket Stadium,1,0.6,Karachi Kings,Peshawar Zalmi,Babar Azam,KC Sangakkara,Hasan Ali,0,0,,,,,,,,,
1075998,2016/17,2017-02-19,Sharjah Cricket Stadium,1,1.1,Karachi Kings,Peshawar Zalmi,KC Sangakkara,Babar Azam,Wahab Riaz,1,0,,,,,,,,,
1075998,2016/17,2017-02-19,Sharjah Cricket Stadium,1,1.2,Karachi Kings,Peshawar Zalmi,Babar Azam,KC Sangakkara,Wahab Riaz,0,0,,,,,,,,,
1075998,2016/17,2017-02-19,Sharjah Cricket Stadium,1,1.3,Karachi Kings,Peshawar Zalmi,Babar Azam,KC Sangakkara,Wahab Riaz,4,0,,,,,,,,,
1075998,2016/17,2017-02-19,Sharjah Cricket Stadium,1,1.4,Karachi Kings,Peshawar Zalmi,Babar Azam,KC Sangakkara,Wahab Riaz,0,0,,,,,,,,,
1075998,2016/17,2017-02-19,Sharjah Cricket Stadium,1,1.5,Karachi Kings,Peshawar Zalmi,Babar Azam,KC Sangakkara,Wahab Riaz,6,0,,,,,,,,,
1075998,2016/17,2017-02-19,Sharjah Cricket Stadium,1,1.6,Karachi Kings,Peshawar Zalmi,Babar Azam,KC Sangakkara,Wahab Riaz,0,0,,,,,,,,,
1075998,2016/17,2017-02-19,Sharjah Cricket Stadium,1,2.1,Karachi Kings,Peshawar Zalmi,KC Sangakkara,Babar Azam,Hasan Ali,2,0,,,,,,,,,
1075998,2016/17,2017-02-19,Sharjah Cricket Stadium,1,2.2,Karachi Kings,Peshawar Zalmi,KC Sangakkara,Babar Azam,Hasan Ali,1,0,,,,,,,,,
1075998,2016/17,2017-02-19,Sharjah Cricket Stadium,1,2.3,Karachi Kings,Peshawar Zalmi,Babar Azam,KC Sangakkara,Hasan Ali,0,0,,,,,,,,,
1075998,2016/17,2017-02-19,Sharjah Cricket Stadium,1,2.4,Karachi Kings,Peshawar Zalmi,Babar Azam,KC Sangakkara,Hasan Ali,4,0,,,,,,,,,
1075998,2016/17,2017-02-19,Sharjah Cricket Stadium,1,2.5,Karachi Kings,Peshawar Zalmi,Babar Azam,KC Sangakkara,Hasan Ali,0,0,,,,,,,,,
1075998,2016/17,2017-02-19,Sharjah Cricket Stadium,1,2.6,Karachi Kings,Peshawar Zalmi,Babar Azam,KC Sangakkara,Hasan Ali,1,0,,,,,,,,,
1075998,2016/17,2017-02-19,Sharjah Cricket Stadium,1,3.1,Karachi Kings,Peshawar Zalmi,Babar Azam,KC Sangakkara,Shakib Al Hasan,4,0,,,,,,,,,
1075998,2016/17,2017-02-19,Sharjah Cricket Stadium,1,3.2,Karachi Kings,Peshawar Zalmi,Babar Azam,KC Sangakkara,Shakib Al Hasan,1,0,,,,,,,,,
1075998,2016/17,2017-02-19,Sharjah Cricket Stadium,1,3.3,Karachi Kings,Peshawar Zalmi,KC Sangakkara,Babar Azam,Shakib Al Hasan,0,0,,,,,,,,,
1075998,2016/17,2017-02-19,Sharjah Cricket Stadium,1,3.4,Karachi Kings,Peshawar Zalmi,KC Sangakkara,Babar Azam,Shakib Al Hasan,1,0,,,,,,,,,
1075998,2016/17,2017-02-19,Sharjah Cricket Stadium,1,3.5,Karachi Kings,Peshawar Zalmi,Babar Azam,KC Sangakkara,Shakib Al Hasan,2,0,,,,,,,,,
1075998,2016/17,2017-02-19,Sharjah Cricket Stadium,1,3.6,Karachi Kings,Peshawar Zalmi,Babar Azam,KC Sangakkara,Shakib Al Hasan,1,0,,,,,,,,,
1075998,2016/17,2017-02-19,Sharjah Cricket Stadium,1,4.1,Karachi Kings,Peshawar Zalmi,Babar Azam,KC Sangakkara,Imran Khan (1),1,0,,,,,,,,,
1075998,2016/17,2017-02-19,Sharjah Cricket Stadium,1,4.2,Karachi Kings,Peshawar Zalmi,KC Sangakkara,Babar Azam,Imran Khan (1),1,0,,,,,,,,,
1075998,2016/17,2017-02-19,Sharjah Cricket Stadium,1,4.3,Karachi Kings,Peshawar Zalmi,Babar Azam,KC Sangakkara,Imran Khan (1),1,0,,,,,,,,,
1075998,2016/17,2017-02-19,Sharjah Cricket Stadium,1,4.4,Karachi Kings,Peshawar Zalmi,KC Sangakkara,Babar Azam,Imran Khan (1),1,0,,,,,,,,,
1075998,2016/17,2017-02-19,Sharjah Cricket Stadium,1,4.5,Karachi Kings,Peshawar Zalmi,Babar Azam,KC Sangakkara,Imran Khan (1),4,0,,,,,,,,,
1075998,2016/17,2017-02-19,Sharjah Cricket Stadium,1,4.6,Karachi Kings,Peshawar Zalmi,Babar Azam,KC Sangakkara,Imran Khan (1),1,0,,,,,,,,,
1075998,2016/17,2017-02-19,Sharjah Cricket Stadium,1,5.1,Karachi Kings,Peshawar Zalmi,Babar Azam,KC Sangakkara,Wahab Riaz,0,0,,,,,,,,,
1075998,2016/17,2017-02-19,Sharjah Cricket Stadium,1,5.2,Karachi Kings,Peshawar Zalmi,Babar Azam,KC Sangakkara,Wahab Riaz,1,0,,,,,,,,,
1075998,2016/17,2017-02-19,Sharjah Cricket Stadium,1,5.3,Karachi Kings,Peshawar Zalmi,KC Sangakkara,Babar Azam,Wahab Riaz,1,0,,,,,,,,,
1075998,2016/17,2017-02-19,Sharjah Cricket Stadium,1,5.4,Karachi Kings,Peshawar Zalmi,Babar Azam,KC Sangakkara,Wahab Riaz,0,0,,,,,,,,,
1075998,2016/17,2017-02-19,Sharjah Cricket Stadium,1,5.5,Karachi Kings,Peshawar Zalmi,Babar Azam,KC Sangakkara,Wahab Riaz,0,0,,,,,,,,,
1075998,2016/17,2017-02-19,Sharjah Cricket Stadium,1,5.6,Karachi Kings,Peshawar Zalmi,Babar Azam,KC Sangakkara,Wahab Riaz,0,0,,,,,,,,,
1075998,2016/17,2017-02-19,Sharjah Cricket Stadium,1,6.1,Karachi Kings,Peshawar Zalmi,KC Sangakkara,Babar Azam,DJG Sammy,4,0,,,,,,,,,
1075998,2016/17,2017-02-19,Sharjah Cricket Stadium,1,6.2,Karachi Kings,Peshawar Zalmi,KC Sangakkara,Babar Azam,DJG Sammy,4,0,,,,,,,,,
1075998,2016/17,2017-02-19,Sharjah Cricket Stadium,1,6.3,Karachi Kings,Peshawar Zalmi,KC Sangakkara,Babar Azam,DJG Sammy,4,0,,,,,,,,,
1075998,2016/17,2017-02-19,Sharjah Cricket Stadium,1,6.4,Karachi Kings,Peshawar Zalmi,KC Sangakkara,Babar Azam,DJG Sammy,2,0,,,,,,,,,
1075998,2016/17,2017-02-19,Sharjah Cricket Stadium,1,6.5,Karachi Kings,Peshawar Zalmi,KC Sangakkara,Babar Azam,DJG Sammy,1,0,,,,,,,,,
1075998,2016/17,2017-02-19,Sharjah Cricket Stadium,1,6.6,Karachi Kings,Peshawar Zalmi,Babar Azam,KC Sangakkara,DJG Sammy,1,0,,,,,,,,,
1075998,2016/17,2017-02-19,Sharjah Cricket Stadium,1,7.1,Karachi Kings,Peshawar Zalmi,Babar Azam,KC Sangakkara,Shahid Afridi,0,0,,,,,,,,,
1075998,2016/17,2017-02-19,Sharjah Cricket Stadium,1,7.2,Karachi Kings,Peshawar Zalmi,Babar Azam,KC Sangakkara,Shahid Afridi,2,0,,,,,,,,,
1075998,2016/17,2017-02-19,Sharjah Cricket Stadium,1,7.3,Karachi Kings,Peshawar Zalmi,Babar Azam,KC Sangakkara,Shahid Afridi,0,0,,,,,,,,,
1075998,2016/17,2017-02-19,Sharjah Cricket Stadium,1,7.4,Karachi Kings,Peshawar Zalmi,Babar Azam,KC Sangakkara,Shahid Afridi,0,0,,,,,,,,,
1075998,2016/17,2017-02-19,Sharjah Cricket Stadium,1,7.5,Karachi Kings,Peshawar Zalmi,Babar Azam,KC Sangakkara,Shahid Afridi,2,0,,,,,,,,,
1075998,2016/17,2017-02-19,Sharjah Cricket Stadium,1,7.6,Karachi Kings,Peshawar Zalmi,Babar Azam,KC Sangakkara,Shahid Afridi,0,0,,,,,,,,,
1075998,2016/17,2017-02-19,Sharjah Cricket Stadium,1,8.1,Karachi Kings,Peshawar Zalmi,KC Sangakkara,Babar Azam,Shakib Al Hasan,1,0,,,,,,,,,
1075998,2016/17,2017-02-19,Sharjah Cricket Stadium,1,8.2,Karachi Kings,Peshawar Zalmi,Babar Azam,KC Sangakkara,Shakib Al Hasan,1,0,,,,,,,,,
1075998,2016/17,2017-02-19,Sharjah Cricket Stadium,1,8.3,Karachi Kings,Peshawar Zalmi,KC Sangakkara,Babar Azam,Shakib Al Hasan,1,0,,,,,,,,,
1075998,2016/17,2017-02-19,Sharjah Cricket Stadium,1,8.4,Karachi Kings,Peshawar Zalmi,Babar Azam,KC Sangakkara,Shakib Al Hasan,1,0,,,,,,,,,
1075998,2016/17,2017-02-19,Sharjah Cricket Stadium,1,8.5,Karachi Kings,Peshawar Zalmi,KC Sangakkara,Babar Azam,Shakib Al Hasan,1,0,,,,,,,,,
1075998,2016/17,2017-02-19,Sharjah Cricket Stadium,1,8.6,Karachi Kings,Peshawar Zalmi,Babar Azam,KC Sangakkara,Shakib Al Hasan,0,0,,,,,,caught,Babar Azam,,
1075998,2016/17,2017-02-19,Sharjah Cricket Stadium,1,9.1,Karachi Kings,Peshawar Zalmi,KC Sangakkara,CH Gayle,Shahid Afridi,1,0,,,,,,,,,
1075998,2016/17,2017-02-19,Sharjah Cricket Stadium,1,9.2,Karachi Kings,Peshawar Zalmi,CH Gayle,KC Sangakkara,Shahid Afridi,0,0,,,,,,,,,
1075998,2016/17,2017-02-19,Sharjah Cricket Stadium,1,9.3,Karachi Kings,Peshawar Zalmi,CH Gayle,KC Sangakkara,Shahid Afridi,1,0,,,,,,,,,
1075998,2016/17,2017-02-19,Sharjah Cricket Stadium,1,9.4,Karachi Kings,Peshawar Zalmi,KC Sangakkara,CH Gayle,Shahid Afridi,0,0,,,,,,,,,
1075998,2016/17,2017-02-19,Sharjah Cricket Stadium,1,9.5,Karachi Kings,Peshawar Zalmi,KC Sangakkara,CH Gayle,Shahid Afridi,0,0,,,,,,,,,
1075998,2016/17,2017-02-19,Sharjah Cricket Stadium,1,9.6,Karachi Kings,Peshawar Zalmi,KC Sangakkara,CH Gayle,Shahid Afridi,1,0,,,,,,,,,
1075998,2016/17,2017-02-19,Sharjah Cricket Stadium,1,10.1,Karachi Kings,Peshawar Zalmi,KC Sangakkara,CH Gayle,Iftikhar Ahmed,0,0,,,,,,,,,
1075998,2016/17,2017-02-19,Sharjah Cricket Stadium,1,10.2,Karachi Kings,Peshawar Zalmi,KC Sangakkara,CH Gayle,Iftikhar Ahmed,0,0,,,,,,caught,KC Sangakkara,,
1075998,2016/17,2017-02-19,Sharjah Cricket Stadium,1,10.3,Karachi Kings,Peshawar Zalmi,Shoaib Malik,CH Gayle,Iftikhar Ahmed,1,0,,,,,,,,,
1075998,2016/17,2017-02-19,Sharjah Cricket Stadium,1,10.4,Karachi Kings,Peshawar Zalmi,CH Gayle,Shoaib Malik,Iftikhar Ahmed,1,0,,,,,,,,,
1075998,2016/17,2017-02-19,Sharjah Cricket Stadium,1,10.5,Karachi Kings,Peshawar Zalmi,Shoaib Malik,CH Gayle,Iftikhar Ahmed,1,0,,,,,,,,,
1075998,2016/17,2017-02-19,Sharjah Cricket Stadium,1,10.6,Karachi Kings,Peshawar Zalmi,CH Gayle,Shoaib Malik,Iftikhar Ahmed,1,0,,,,,,,,,
1075998,2016/17,2017-02-19,Sharjah Cricket Stadium,1,11.1,Karachi Kings,Peshawar Zalmi,CH Gayle,Shoaib Malik,Shahid Afridi,1,0,,,,,,,,,
1075998,2016/17,2017-02-19,Sharjah Cricket Stadium,1,11.2,Karachi Kings,Peshawar Zalmi,Shoaib Malik,CH Gayle,Shahid Afridi,1,0,,,,,,,,,
1075998,2016/17,2017-02-19,Sharjah Cricket Stadium,1,11.3,Karachi Kings,Peshawar Zalmi,CH Gayle,Shoaib Malik,Shahid Afridi,6,0,,,,,,,,,
1075998,2016/17,2017-02-19,Sharjah Cricket Stadium,1,11.4,Karachi Kings,Peshawar Zalmi,CH Gayle,Shoaib Malik,Shahid Afridi,0,0,,,,,,,,,
1075998,2016/17,2017-02-19,Sharjah Cricket Stadium,1,11.5,Karachi Kings,Peshawar Zalmi,CH Gayle,Shoaib Malik,Shahid Afridi,1,0,,,,,,,,,
1075998,2016/17,2017-02-19,Sharjah Cricket Stadium,1,11.6,Karachi Kings,Peshawar Zalmi,Shoaib Malik,CH Gayle,Shahid Afridi,1,0,,,,,,,,,
1075998,2016/17,2017-02-19,Sharjah Cricket Stadium,1,12.1,Karachi Kings,Peshawar Zalmi,Shoaib Malik,CH Gayle,Iftikhar Ahmed,1,0,,,,,,,,,
1075998,2016/17,2017-02-19,Sharjah Cricket Stadium,1,12.2,Karachi Kings,Peshawar Zalmi,CH Gayle,Shoaib Malik,Iftikhar Ahmed,0,0,,,,,,caught,CH Gayle,,
1075998,2016/17,2017-02-19,Sharjah Cricket Stadium,1,12.3,Karachi Kings,Peshawar Zalmi,RS Bopara,Shoaib Malik,Iftikhar Ahmed,0,0,,,,,,,,,
1075998,2016/17,2017-02-19,Sharjah Cricket Stadium,1,12.4,Karachi Kings,Peshawar Zalmi,RS Bopara,Shoaib Malik,Iftikhar Ahmed,0,0,,,,,,,,,
1075998,2016/17,2017-02-19,Sharjah Cricket Stadium,1,12.5,Karachi Kings,Peshawar Zalmi,RS Bopara,Shoaib Malik,Iftikhar Ahmed,2,0,,,,,,,,,
1075998,2016/17,2017-02-19,Sharjah Cricket Stadium,1,12.6,Karachi Kings,Peshawar Zalmi,RS Bopara,Shoaib Malik,Iftikhar Ahmed,1,0,,,,,,,,,
1075998,2016/17,2017-02-19,Sharjah Cricket Stadium,1,13.1,Karachi Kings,Peshawar Zalmi,RS Bopara,Shoaib Malik,Shahid Afridi,1,0,,,,,,,,,
1075998,2016/17,2017-02-19,Sharjah Cricket Stadium,1,13.2,Karachi Kings,Peshawar Zalmi,Shoaib Malik,RS Bopara,Shahid Afridi,1,0,,,,,,,,,
1075998,2016/17,2017-02-19,Sharjah Cricket Stadium,1,13.3,Karachi Kings,Peshawar Zalmi,RS Bopara,Shoaib Malik,Shahid Afridi,1,0,,,,,,,,,
1075998,2016/17,2017-02-19,Sharjah Cricket Stadium,1,13.4,Karachi Kings,Peshawar Zalmi,Shoaib Malik,RS Bopara,Shahid Afridi,4,0,,,,,,,,,
1075998,2016/17,2017-02-19,Sharjah Cricket Stadium,1,13.5,Karachi Kings,Peshawar Zalmi,Shoaib Malik,RS Bopara,Shahid Afridi,1,0,,,,,,,,,
1075998,2016/17,2017-02-19,Sharjah Cricket Stadium,1,13.6,Karachi Kings,Peshawar Zalmi,RS Bopara,Shoaib Malik,Shahid Afridi,1,0,,,,,,,,,
1075998,2016/17,2017-02-19,Sharjah Cricket Stadium,1,14.1,Karachi Kings,Peshawar Zalmi,RS Bopara,Shoaib Malik,Imran Khan (1),4,0,,,,,,,,,
1075998,2016/17,2017-02-19,Sharjah Cricket Stadium,1,14.2,Karachi Kings,Peshawar Zalmi,RS Bopara,Shoaib Malik,Imran Khan (1),0,0,,,,,,,,,
1075998,2016/17,2017-02-19,Sharjah Cricket Stadium,1,14.3,Karachi Kings,Peshawar Zalmi,RS Bopara,Shoaib Malik,Imran Khan (1),1,0,,,,,,,,,
1075998,2016/17,2017-02-19,Sharjah Cricket Stadium,1,14.4,Karachi Kings,Peshawar Zalmi,Shoaib Malik,RS Bopara,Imran Khan (1),1,0,,,,,,,,,
1075998,2016/17,2017-02-19,Sharjah Cricket Stadium,1,14.5,Karachi Kings,Peshawar Zalmi,RS Bopara,Shoaib Malik,Imran Khan (1),0,0,,,,,,,,,
1075998,2016/17,2017-02-19,Sharjah Cricket Stadium,1,14.6,Karachi Kings,Peshawar Zalmi,RS Bopara,Shoaib Malik,Imran Khan (1),1,0,,,,,,,,,
1075998,2016/17,2017-02-19,Sharjah Cricket Stadium,1,15.1,Karachi Kings,Peshawar Zalmi,RS Bopara,Shoaib Malik,Wahab Riaz,0,2,,,,2,,,,,
1075998,2016/17,2017-02-19,Sharjah Cricket Stadium,1,15.2,Karachi Kings,Peshawar Zalmi,RS Bopara,Shoaib Malik,Wahab Riaz,0,1,,,,1,,,,,
1075998,2016/17,2017-02-19,Sharjah Cricket Stadium,1,15.3,Karachi Kings,Peshawar Zalmi,Shoaib Malik,RS Bopara,Wahab Riaz,1,0,,,,,,,,,
1075998,2016/17,2017-02-19,Sharjah Cricket Stadium,1,15.4,Karachi Kings,Peshawar Zalmi,RS Bopara,Shoaib Malik,Wahab Riaz,1,0,,,,,,,,,
1075998,2016/17,2017-02-19,Sharjah Cricket Stadium,1,15.5,Karachi Kings,Peshawar Zalmi,Shoaib Malik,RS Bopara,Wahab Riaz,1,0,,,,,,,,,
1075998,2016/17,2017-02-19,Sharjah Cricket Stadium,1,15.6,Karachi Kings,Peshawar Zalmi,RS Bopara,Shoaib Malik,Wahab Riaz,4,0,,,,,,,,,
1075998,2016/17,2017-02-19,Sharjah Cricket Stadium,1,16.1,Karachi Kings,Peshawar Zalmi,Shoaib Malik,RS Bopara,Imran Khan (1),1,0,,,,,,,,,
1075998,2016/17,2017-02-19,Sharjah Cricket Stadium,1,16.2,Karachi Kings,Peshawar Zalmi,RS Bopara,Shoaib Malik,Imran Khan (1),1,0,,,,,,,,,
1075998,2016/17,2017-02-19,Sharjah Cricket Stadium,1,16.3,Karachi Kings,Peshawar Zalmi,Shoaib Malik,RS Bopara,Imran Khan (1),1,0,,,,,,,,,
1075998,2016/17,2017-02-19,Sharjah Cricket Stadium,1,16.4,Karachi Kings,Peshawar Zalmi,RS Bopara,Shoaib Malik,Imran Khan (1),6,0,,,,,,,,,
1075998,2016/17,2017-02-19,Sharjah Cricket Stadium,1,16.5,Karachi Kings,Peshawar Zalmi,RS Bopara,Shoaib Malik,Imran Khan (1),6,0,,,,,,,,,
1075998,2016/17,2017-02-19,Sharjah Cricket Stadium,1,16.6,Karachi Kings,Peshawar Zalmi,RS Bopara,Shoaib Malik,Imran Khan (1),0,0,,,,,,caught,RS Bopara,,
1075998,2016/17,2017-02-19,Sharjah Cricket Stadium,1,17.1,Karachi Kings,Peshawar Zalmi,Shoaib Malik,KA Pollard,Hasan Ali,4,0,,,,,,,,,
1075998,2016/17,2017-02-19,Sharjah Cricket Stadium,1,17.2,Karachi Kings,Peshawar Zalmi,Shoaib Malik,KA Pollard,Hasan Ali,4,0,,,,,,,,,
1075998,2016/17,2017-02-19,Sharjah Cricket Stadium,1,17.3,Karachi Kings,Peshawar Zalmi,Shoaib Malik,KA Pollard,Hasan Ali,1,0,,,,,,,,,
1075998,2016/17,2017-02-19,Sharjah Cricket Stadium,1,17.4,Karachi Kings,Peshawar Zalmi,KA Pollard,Shoaib Malik,Hasan Ali,0,1,,,,1,,,,,
1075998,2016/17,2017-02-19,Sharjah Cricket Stadium,1,17.5,Karachi Kings,Peshawar Zalmi,Shoaib Malik,KA Pollard,Hasan Ali,6,0,,,,,,,,,
1075998,2016/17,2017-02-19,Sharjah Cricket Stadium,1,17.6,Karachi Kings,Peshawar Zalmi,Shoaib Malik,KA Pollard,Hasan Ali,1,0,,,,,,,,,
1075998,2016/17,2017-02-19,Sharjah Cricket Stadium,1,18.1,Karachi Kings,Peshawar Zalmi,Shoaib Malik,KA Pollard,Imran Khan (1),6,0,,,,,,,,,
1075998,2016/17,2017-02-19,Sharjah Cricket Stadium,1,18.2,Karachi Kings,Peshawar Zalmi,Shoaib Malik,KA Pollard,Imran Khan (1),0,0,,,,,,,,,
1075998,2016/17,2017-02-19,Sharjah Cricket Stadium,1,18.3,Karachi Kings,Peshawar Zalmi,Shoaib Malik,KA Pollard,Imran Khan (1),1,0,,,,,,,,,
1075998,2016/17,2017-02-19,Sharjah Cricket Stadium,1,18.4,Karachi Kings,Peshawar Zalmi,KA Pollard,Shoaib Malik,Imran Khan (1),1,0,,,,,,,,,
1075998,2016/17,2017-02-19,Sharjah Cricket Stadium,1,18.5,Karachi Kings,Peshawar Zalmi,Shoaib Malik,KA Pollard,Imran Khan (1),1,0,,,,,,,,,
1075998,2016/17,2017-02-19,Sharjah Cricket Stadium,1,18.6,Karachi Kings,Peshawar Zalmi,KA Pollard,Shoaib Malik,Imran Khan (1),2,0,,,,,,,,,
1075998,2016/17,2017-02-19,Sharjah Cricket Stadium,1,19.1,Karachi Kings,Peshawar Zalmi,Shoaib Malik,KA Pollard,Wahab Riaz,1,0,,,,,,,,,
1075998,2016/17,2017-02-19,Sharjah Cricket Stadium,1,19.2,Karachi Kings,Peshawar Zalmi,KA Pollard,Shoaib Malik,Wahab Riaz,1,0,,,,,,,,,
1075998,2016/17,2017-02-19,Sharjah Cricket Stadium,1,19.3,Karachi Kings,Peshawar Zalmi,Shoaib Malik,KA Pollard,Wahab Riaz,6,0,,,,,,,,,
1075998,2016/17,2017-02-19,Sharjah Cricket Stadium,1,19.4,Karachi Kings,Peshawar Zalmi,Shoaib Malik,KA Pollard,Wahab Riaz,0,0,,,,,,,,,
1075998,2016/17,2017-02-19,Sharjah Cricket Stadium,1,19.5,Karachi Kings,Peshawar Zalmi,Shoaib Malik,KA Pollard,Wahab Riaz,0,0,,,,,,,,,
1075998,2016/17,2017-02-19,Sharjah Cricket Stadium,1,19.6,Karachi Kings,Peshawar Zalmi,Shoaib Malik,KA Pollard,Wahab Riaz,4,0,,,,,,,,,
1075998,2016/17,2017-02-19,Sharjah Cricket Stadium,2,0.1,Peshawar Zalmi,Karachi Kings,Tamim Iqbal,Kamran Akmal,Imad Wasim,1,0,,,,,,,,,
1075998,2016/17,2017-02-19,Sharjah Cricket Stadium,2,0.2,Peshawar Zalmi,Karachi Kings,Kamran Akmal,Tamim Iqbal,Imad Wasim,0,0,,,,,,,,,
1075998,2016/17,2017-02-19,Sharjah Cricket Stadium,2,0.3,Peshawar Zalmi,Karachi Kings,Kamran Akmal,Tamim Iqbal,Imad Wasim,0,0,,,,,,,,,
1075998,2016/17,2017-02-19,Sharjah Cricket Stadium,2,0.4,Peshawar Zalmi,Karachi Kings,Kamran Akmal,Tamim Iqbal,Imad Wasim,1,0,,,,,,,,,
1075998,2016/17,2017-02-19,Sharjah Cricket Stadium,2,0.5,Peshawar Zalmi,Karachi Kings,Tamim Iqbal,Kamran Akmal,Imad Wasim,0,1,,,,1,,,,,
1075998,2016/17,2017-02-19,Sharjah Cricket Stadium,2,0.6,Peshawar Zalmi,Karachi Kings,Kamran Akmal,Tamim Iqbal,Imad Wasim,0,0,,,,,,,,,
1075998,2016/17,2017-02-19,Sharjah Cricket Stadium,2,1.1,Peshawar Zalmi,Karachi Kings,Tamim Iqbal,Kamran Akmal,Mohammad Amir,1,0,,,,,,,,,
1075998,2016/17,2017-02-19,Sharjah Cricket Stadium,2,1.2,Peshawar Zalmi,Karachi Kings,Kamran Akmal,Tamim Iqbal,Mohammad Amir,0,0,,,,,,,,,
1075998,2016/17,2017-02-19,Sharjah Cricket Stadium,2,1.3,Peshawar Zalmi,Karachi Kings,Kamran Akmal,Tamim Iqbal,Mohammad Amir,1,0,,,,,,,,,
1075998,2016/17,2017-02-19,Sharjah Cricket Stadium,2,1.4,Peshawar Zalmi,Karachi Kings,Tamim Iqbal,Kamran Akmal,Mohammad Amir,0,1,,,,1,,,,,
1075998,2016/17,2017-02-19,Sharjah Cricket Stadium,2,1.5,Peshawar Zalmi,Karachi Kings,Kamran Akmal,Tamim Iqbal,Mohammad Amir,1,0,,,,,,,,,
1075998,2016/17,2017-02-19,Sharjah Cricket Stadium,2,1.6,Peshawar Zalmi,Karachi Kings,Tamim Iqbal,Kamran Akmal,Mohammad Amir,4,0,,,,,,,,,
1075998,2016/17,2017-02-19,Sharjah Cricket Stadium,2,2.1,Peshawar Zalmi,Karachi Kings,Kamran Akmal,Tamim Iqbal,Imad Wasim,1,0,,,,,,,,,
1075998,2016/17,2017-02-19,Sharjah Cricket Stadium,2,2.2,Peshawar Zalmi,Karachi Kings,Tamim Iqbal,Kamran Akmal,Imad Wasim,4,0,,,,,,,,,
1075998,2016/17,2017-02-19,Sharjah Cricket Stadium,2,2.3,Peshawar Zalmi,Karachi Kings,Tamim Iqbal,Kamran Akmal,Imad Wasim,1,0,,,,,,,,,
1075998,2016/17,2017-02-19,Sharjah Cricket Stadium,2,2.4,Peshawar Zalmi,Karachi Kings,Kamran Akmal,Tamim Iqbal,Imad Wasim,0,0,,,,,,,,,
1075998,2016/17,2017-02-19,Sharjah Cricket Stadium,2,2.5,Peshawar Zalmi,Karachi Kings,Kamran Akmal,Tamim Iqbal,Imad Wasim,4,0,,,,,,,,,
1075998,2016/17,2017-02-19,Sharjah Cricket Stadium,2,2.6,Peshawar Zalmi,Karachi Kings,Kamran Akmal,Tamim Iqbal,Imad Wasim,6,0,,,,,,,,,
1075998,2016/17,2017-02-19,Sharjah Cricket Stadium,2,3.1,Peshawar Zalmi,Karachi Kings,Tamim Iqbal,Kamran Akmal,Sohail Khan,0,0,,,,,,,,,
1075998,2016/17,2017-02-19,Sharjah Cricket Stadium,2,3.2,Peshawar Zalmi,Karachi Kings,Tamim Iqbal,Kamran Akmal,Sohail Khan,4,0,,,,,,,,,
1075998,2016/17,2017-02-19,Sharjah Cricket Stadium,2,3.3,Peshawar Zalmi,Karachi Kings,Tamim Iqbal,Kamran Akmal,Sohail Khan,1,0,,,,,,,,,
1075998,2016/17,2017-02-19,Sharjah Cricket Stadium,2,3.4,Peshawar Zalmi,Karachi Kings,Kamran Akmal,Tamim Iqbal,Sohail Khan,0,0,,,,,,caught,Kamran Akmal,,
1075998,2016/17,2017-02-19,Sharjah Cricket Stadium,2,3.5,Peshawar Zalmi,Karachi Kings,Iftikhar Ahmed,Tamim Iqbal,Sohail Khan,1,0,,,,,,,,,
1075998,2016/17,2017-02-19,Sharjah Cricket Stadium,2,3.6,Peshawar Zalmi,Karachi Kings,Tamim Iqbal,Iftikhar Ahmed,Sohail Khan,0,0,,,,,,caught,Tamim Iqbal,,
1075998,2016/17,2017-02-19,Sharjah Cricket Stadium,2,4.1,Peshawar Zalmi,Karachi Kings,Iftikhar Ahmed,EJG Morgan,Imad Wasim,0,0,,,,,,,,,
1075998,2016/17,2017-02-19,Sharjah Cricket Stadium,2,4.2,Peshawar Zalmi,Karachi Kings,Iftikhar Ahmed,EJG Morgan,Imad Wasim,0,0,,,,,,caught,Iftikhar Ahmed,,
1075998,2016/17,2017-02-19,Sharjah Cricket Stadium,2,4.3,Peshawar Zalmi,Karachi Kings,Shakib Al Hasan,EJG Morgan,Imad Wasim,4,0,,,,,,,,,
1075998,2016/17,2017-02-19,Sharjah Cricket Stadium,2,4.4,Peshawar Zalmi,Karachi Kings,Shakib Al Hasan,EJG Morgan,Imad Wasim,1,0,,,,,,,,,
1075998,2016/17,2017-02-19,Sharjah Cricket Stadium,2,4.5,Peshawar Zalmi,Karachi Kings,EJG Morgan,Shakib Al Hasan,Imad Wasim,0,0,,,,,,,,,
1075998,2016/17,2017-02-19,Sharjah Cricket Stadium,2,4.6,Peshawar Zalmi,Karachi Kings,EJG Morgan,Shakib Al Hasan,Imad Wasim,1,0,,,,,,,,,
1075998,2016/17,2017-02-19,Sharjah Cricket Stadium,2,5.1,Peshawar Zalmi,Karachi Kings,EJG Morgan,Shakib Al Hasan,Sohail Khan,0,0,,,,,,,,,
1075998,2016/17,2017-02-19,Sharjah Cricket Stadium,2,5.2,Peshawar Zalmi,Karachi Kings,EJG Morgan,Shakib Al Hasan,Sohail Khan,0,0,,,,,,,,,
1075998,2016/17,2017-02-19,Sharjah Cricket Stadium,2,5.3,Peshawar Zalmi,Karachi Kings,EJG Morgan,Shakib Al Hasan,Sohail Khan,0,0,,,,,,,,,
1075998,2016/17,2017-02-19,Sharjah Cricket Stadium,2,5.4,Peshawar Zalmi,Karachi Kings,EJG Morgan,Shakib Al Hasan,Sohail Khan,0,0,,,,,,,,,
1075998,2016/17,2017-02-19,Sharjah Cricket Stadium,2,5.5,Peshawar Zalmi,Karachi Kings,EJG Morgan,Shakib Al Hasan,Sohail Khan,0,0,,,,,,,,,
1075998,2016/17,2017-02-19,Sharjah Cricket Stadium,2,5.6,Peshawar Zalmi,Karachi Kings,EJG Morgan,Shakib Al Hasan,Sohail Khan,0,0,,,,,,,,,
1075998,2016/17,2017-02-19,Sharjah Cricket Stadium,2,6.1,Peshawar Zalmi,Karachi Kings,Shakib Al Hasan,EJG Morgan,Usama Mir,1,0,,,,,,,,,
1075998,2016/17,2017-02-19,Sharjah Cricket Stadium,2,6.2,Peshawar Zalmi,Karachi Kings,EJG Morgan,Shakib Al Hasan,Usama Mir,0,0,,,,,,,,,
1075998,2016/17,2017-02-19,Sharjah Cricket Stadium,2,6.3,Peshawar Zalmi,Karachi Kings,EJG Morgan,Shakib Al Hasan,Usama Mir,0,0,,,,,,,,,
1075998,2016/17,2017-02-19,Sharjah Cricket Stadium,2,6.4,Peshawar Zalmi,Karachi Kings,EJG Morgan,Shakib Al Hasan,Usama Mir,1,0,,,,,,,,,
1075998,2016/17,2017-02-19,Sharjah Cricket Stadium,2,6.5,Peshawar Zalmi,Karachi Kings,Shakib Al Hasan,EJG Morgan,Usama Mir,0,0,,,,,,,,,
1075998,2016/17,2017-02-19,Sharjah Cricket Stadium,2,6.6,Peshawar Zalmi,Karachi Kings,Shakib Al Hasan,EJG Morgan,Usama Mir,0,0,,,,,,,,,
1075998,2016/17,2017-02-19,Sharjah Cricket Stadium,2,7.1,Peshawar Zalmi,Karachi Kings,EJG Morgan,Shakib Al Hasan,Shoaib Malik,1,0,,,,,,,,,
1075998,2016/17,2017-02-19,Sharjah Cricket Stadium,2,7.2,Peshawar Zalmi,Karachi Kings,Shakib Al Hasan,EJG Morgan,Shoaib Malik,0,0,,,,,,,,,
1075998,2016/17,2017-02-19,Sharjah Cricket Stadium,2,7.3,Peshawar Zalmi,Karachi Kings,Shakib Al Hasan,EJG Morgan,Shoaib Malik,1,0,,,,,,,,,
1075998,2016/17,2017-02-19,Sharjah Cricket Stadium,2,7.4,Peshawar Zalmi,Karachi Kings,EJG Morgan,Shakib Al Hasan,Shoaib Malik,0,0,,,,,,caught,EJG Morgan,,
1075998,2016/17,2017-02-19,Sharjah Cricket Stadium,2,7.5,Peshawar Zalmi,Karachi Kings,Shakib Al Hasan,Sohaib Maqsood,Shoaib Malik,4,0,,,,,,,,,
1075998,2016/17,2017-02-19,Sharjah Cricket Stadium,2,7.6,Peshawar Zalmi,Karachi Kings,Shakib Al Hasan,Sohaib Maqsood,Shoaib Malik,0,0,,,,,,,,,
1075998,2016/17,2017-02-19,Sharjah Cricket Stadium,2,8.1,Peshawar Zalmi,Karachi Kings,Sohaib Maqsood,Shakib Al Hasan,Usama Mir,1,0,,,,,,,,,
1075998,2016/17,2017-02-19,Sharjah Cricket Stadium,2,8.2,Peshawar Zalmi,Karachi Kings,Shakib Al Hasan,Sohaib Maqsood,Usama Mir,4,0,,,,,,,,,
1075998,2016/17,2017-02-19,Sharjah Cricket Stadium,2,8.3,Peshawar Zalmi,Karachi Kings,Shakib Al Hasan,Sohaib Maqsood,Usama Mir,0,0,,,,,,,,,
1075998,2016/17,2017-02-19,Sharjah Cricket Stadium,2,8.4,Peshawar Zalmi,Karachi Kings,Shakib Al Hasan,Sohaib Maqsood,Usama Mir,1,0,,,,,,,,,
1075998,2016/17,2017-02-19,Sharjah Cricket Stadium,2,8.5,Peshawar Zalmi,Karachi Kings,Sohaib Maqsood,Shakib Al Hasan,Usama Mir,0,0,,,,,,,,,
1075998,2016/17,2017-02-19,Sharjah Cricket Stadium,2,8.6,Peshawar Zalmi,Karachi Kings,Sohaib Maqsood,Shakib Al Hasan,Usama Mir,4,0,,,,,,,,,
1075998,2016/17,2017-02-19,Sharjah Cricket Stadium,2,9.1,Peshawar Zalmi,Karachi Kings,Shakib Al Hasan,Sohaib Maqsood,Usman Shinwari,1,0,,,,,,,,,
1075998,2016/17,2017-02-19,Sharjah Cricket Stadium,2,9.2,Peshawar Zalmi,Karachi Kings,Sohaib Maqsood,Shakib Al Hasan,Usman Shinwari,0,0,,,,,,,,,
1075998,2016/17,2017-02-19,Sharjah Cricket Stadium,2,9.3,Peshawar Zalmi,Karachi Kings,Sohaib Maqsood,Shakib Al Hasan,Usman Shinwari,0,0,,,,,,caught,Sohaib Maqsood,,
1075998,2016/17,2017-02-19,Sharjah Cricket Stadium,2,9.4,Peshawar Zalmi,Karachi Kings,DJG Sammy,Shakib Al Hasan,Usman Shinwari,0,0,,,,,,,,,
1075998,2016/17,2017-02-19,Sharjah Cricket Stadium,2,9.5,Peshawar Zalmi,Karachi Kings,DJG Sammy,Shakib Al Hasan,Usman Shinwari,2,0,,,,,,,,,
1075998,2016/17,2017-02-19,Sharjah Cricket Stadium,2,9.6,Peshawar Zalmi,Karachi Kings,DJG Sammy,Shakib Al Hasan,Usman Shinwari,1,0,,,,,,,,,
1075998,2016/17,2017-02-19,Sharjah Cricket Stadium,2,10.1,Peshawar Zalmi,Karachi Kings,DJG Sammy,Shakib Al Hasan,Usama Mir,0,0,,,,,,,,,
1075998,2016/17,2017-02-19,Sharjah Cricket Stadium,2,10.2,Peshawar Zalmi,Karachi Kings,DJG Sammy,Shakib Al Hasan,Usama Mir,0,0,,,,,,,,,
1075998,2016/17,2017-02-19,Sharjah Cricket Stadium,2,10.3,Peshawar Zalmi,Karachi Kings,DJG Sammy,Shakib Al Hasan,Usama Mir,1,0,,,,,,,,,
1075998,2016/17,2017-02-19,Sharjah Cricket Stadium,2,10.4,Peshawar Zalmi,Karachi Kings,Shakib Al Hasan,DJG Sammy,Usama Mir,1,0,,,,,,,,,
1075998,2016/17,2017-02-19,Sharjah Cricket Stadium,2,10.5,Peshawar Zalmi,Karachi Kings,DJG Sammy,Shakib Al Hasan,Usama Mir,0,0,,,,,,,,,
1075998,2016/17,2017-02-19,Sharjah Cricket Stadium,2,10.6,Peshawar Zalmi,Karachi Kings,DJG Sammy,Shakib Al Hasan,Usama Mir,6,0,,,,,,,,,
1075998,2016/17,2017-02-19,Sharjah Cricket Stadium,2,11.1,Peshawar Zalmi,Karachi Kings,Shakib Al Hasan,DJG Sammy,Usman Shinwari,0,0,,,,,,,,,
1075998,2016/17,2017-02-19,Sharjah Cricket Stadium,2,11.2,Peshawar Zalmi,Karachi Kings,Shakib Al Hasan,DJG Sammy,Usman Shinwari,0,0,,,,,,caught,Shakib Al Hasan,,
1075998,2016/17,2017-02-19,Sharjah Cricket Stadium,2,11.3,Peshawar Zalmi,Karachi Kings,Shahid Afridi,DJG Sammy,Usman Shinwari,0,0,,,,,,,,,
1075998,2016/17,2017-02-19,Sharjah Cricket Stadium,2,11.4,Peshawar Zalmi,Karachi Kings,Shahid Afridi,DJG Sammy,Usman Shinwari,0,0,,,,,,,,,
1075998,2016/17,2017-02-19,Sharjah Cricket Stadium,2,11.5,Peshawar Zalmi,Karachi Kings,Shahid Afridi,DJG Sammy,Usman Shinwari,0,0,,,,,,,,,
1075998,2016/17,2017-02-19,Sharjah Cricket Stadium,2,11.6,Peshawar Zalmi,Karachi Kings,Shahid Afridi,DJG Sammy,Usman Shinwari,1,0,,,,,,,,,
1075998,2016/17,2017-02-19,Sharjah Cricket Stadium,2,12.1,Peshawar Zalmi,Karachi Kings,Shahid Afridi,DJG Sammy,Mohammad Amir,1,0,,,,,,,,,
1075998,2016/17,2017-02-19,Sharjah Cricket Stadium,2,12.2,Peshawar Zalmi,Karachi Kings,DJG Sammy,Shahid Afridi,Mohammad Amir,1,0,,,,,,,,,
1075998,2016/17,2017-02-19,Sharjah Cricket Stadium,2,12.3,Peshawar Zalmi,Karachi Kings,Shahid Afridi,DJG Sammy,Mohammad Amir,6,0,,,,,,,,,
1075998,2016/17,2017-02-19,Sharjah Cricket Stadium,2,12.4,Peshawar Zalmi,Karachi Kings,Shahid Afridi,DJG Sammy,Mohammad Amir,0,1,,,,1,,,,,
1075998,2016/17,2017-02-19,Sharjah Cricket Stadium,2,12.5,Peshawar Zalmi,Karachi Kings,DJG Sammy,Shahid Afridi,Mohammad Amir,1,0,,,,,,,,,
1075998,2016/17,2017-02-19,Sharjah Cricket Stadium,2,12.6,Peshawar Zalmi,Karachi Kings,Shahid Afridi,DJG Sammy,Mohammad Amir,6,0,,,,,,,,,
1075998,2016/17,2017-02-19,Sharjah Cricket Stadium,2,13.1,Peshawar Zalmi,Karachi Kings,DJG Sammy,Shahid Afridi,Usman Shinwari,0,0,,,,,,,,,
1075998,2016/17,2017-02-19,Sharjah Cricket Stadium,2,13.2,Peshawar Zalmi,Karachi Kings,DJG Sammy,Shahid Afridi,Usman Shinwari,1,0,,,,,,,,,
1075998,2016/17,2017-02-19,Sharjah Cricket Stadium,2,13.3,Peshawar Zalmi,Karachi Kings,Shahid Afridi,DJG Sammy,Usman Shinwari,1,0,,,,,,,,,
1075998,2016/17,2017-02-19,Sharjah Cricket Stadium,2,13.4,Peshawar Zalmi,Karachi Kings,DJG Sammy,Shahid Afridi,Usman Shinwari,1,1,,1,,,,,,,
1075998,2016/17,2017-02-19,Sharjah Cricket Stadium,2,13.5,Peshawar Zalmi,Karachi Kings,Shahid Afridi,DJG Sammy,Usman Shinwari,4,0,,,,,,,,,
1075998,2016/17,2017-02-19,Sharjah Cricket Stadium,2,13.6,Peshawar Zalmi,Karachi Kings,Shahid Afridi,DJG Sammy,Usman Shinwari,1,0,,,,,,,,,
1075998,2016/17,2017-02-19,Sharjah Cricket Stadium,2,13.7,Peshawar Zalmi,Karachi Kings,DJG Sammy,Shahid Afridi,Usman Shinwari,1,0,,,,,,,,,
1075998,2016/17,2017-02-19,Sharjah Cricket Stadium,2,14.1,Peshawar Zalmi,Karachi Kings,DJG Sammy,Shahid Afridi,Mohammad Amir,0,1,,,,1,,,,,
1075998,2016/17,2017-02-19,Sharjah Cricket Stadium,2,14.2,Peshawar Zalmi,Karachi Kings,Shahid Afridi,DJG Sammy,Mohammad Amir,1,0,,,,,,,,,
1075998,2016/17,2017-02-19,Sharjah Cricket Stadium,2,14.3,Peshawar Zalmi,Karachi Kings,DJG Sammy,Shahid Afridi,Mohammad Amir,1,0,,,,,,,,,
1075998,2016/17,2017-02-19,Sharjah Cricket Stadium,2,14.4,Peshawar Zalmi,Karachi Kings,Shahid Afridi,DJG Sammy,Mohammad Amir,4,0,,,,,,,,,
1075998,2016/17,2017-02-19,Sharjah Cricket Stadium,2,14.5,Peshawar Zalmi,Karachi Kings,Shahid Afridi,DJG Sammy,Mohammad Amir,1,0,,,,,,,,,
1075998,2016/17,2017-02-19,Sharjah Cricket Stadium,2,14.6,Peshawar Zalmi,Karachi Kings,DJG Sammy,Shahid Afridi,Mohammad Amir,0,0,,,,,,,,,
1075998,2016/17,2017-02-19,Sharjah Cricket Stadium,2,15.1,Peshawar Zalmi,Karachi Kings,Shahid Afridi,DJG Sammy,Sohail Khan,6,0,,,,,,,,,
1075998,2016/17,2017-02-19,Sharjah Cricket Stadium,2,15.2,Peshawar Zalmi,Karachi Kings,Shahid Afridi,DJG Sammy,Sohail Khan,1,0,,,,,,,,,
1075998,2016/17,2017-02-19,Sharjah Cricket Stadium,2,15.3,Peshawar Zalmi,Karachi Kings,DJG Sammy,Shahid Afridi,Sohail Khan,0,1,,,,1,,,,,
1075998,2016/17,2017-02-19,Sharjah Cricket Stadium,2,15.4,Peshawar Zalmi,Karachi Kings,Shahid Afridi,DJG Sammy,Sohail Khan,0,0,,,,,,,,,
1075998,2016/17,2017-02-19,Sharjah Cricket Stadium,2,15.5,Peshawar Zalmi,Karachi Kings,Shahid Afridi,DJG Sammy,Sohail Khan,0,0,,,,,,,,,
1075998,2016/17,2017-02-19,Sharjah Cricket Stadium,2,15.6,Peshawar Zalmi,Karachi Kings,Shahid Afridi,DJG Sammy,Sohail Khan,0,0,,,,,,,,,
1075998,2016/17,2017-02-19,Sharjah Cricket Stadium,2,16.1,Peshawar Zalmi,Karachi Kings,DJG Sammy,Shahid Afridi,Mohammad Amir,0,0,,,,,,,,,
1075998,2016/17,2017-02-19,Sharjah Cricket Stadium,2,16.2,Peshawar Zalmi,Karachi Kings,DJG Sammy,Shahid Afridi,Mohammad Amir,6,0,,,,,,,,,
1075998,2016/17,2017-02-19,Sharjah Cricket Stadium,2,16.3,Peshawar Zalmi,Karachi Kings,DJG Sammy,Shahid Afridi,Mohammad Amir,4,0,,,,,,,,,
1075998,2016/17,2017-02-19,Sharjah Cricket Stadium,2,16.4,Peshawar Zalmi,Karachi Kings,DJG Sammy,Shahid Afridi,Mohammad Amir,1,0,,,,,,,,,
1075998,2016/17,2017-02-19,Sharjah Cricket Stadium,2,16.5,Peshawar Zalmi,Karachi Kings,Shahid Afridi,DJG Sammy,Mohammad Amir,1,0,,,,,,,,,
1075998,2016/17,2017-02-19,Sharjah Cricket Stadium,2,16.6,Peshawar Zalmi,Karachi Kings,DJG Sammy,Shahid Afridi,Mohammad Amir,0,1,,,,1,,,,,
1075998,2016/17,2017-02-19,Sharjah Cricket Stadium,2,17.1,Peshawar Zalmi,Karachi Kings,DJG Sammy,Shahid Afridi,Sohail Khan,1,0,,,,,,,,,
1075998,2016/17,2017-02-19,Sharjah Cricket Stadium,2,17.2,Peshawar Zalmi,Karachi Kings,Shahid Afridi,DJG Sammy,Sohail Khan,6,0,,,,,,,,,
1075998,2016/17,2017-02-19,Sharjah Cricket Stadium,2,17.3,Peshawar Zalmi,Karachi Kings,Shahid Afridi,DJG Sammy,Sohail Khan,1,0,,,,,,,,,
1075998,2016/17,2017-02-19,Sharjah Cricket Stadium,2,17.4,Peshawar Zalmi,Karachi Kings,DJG Sammy,Shahid Afridi,Sohail Khan,6,0,,,,,,,,,
1075998,2016/17,2017-02-19,Sharjah Cricket Stadium,2,17.5,Peshawar Zalmi,Karachi Kings,DJG Sammy,Shahid Afridi,Sohail Khan,0,0,,,,,,caught,DJG Sammy,,
1075998,2016/17,2017-02-19,Sharjah Cricket Stadium,2,17.6,Peshawar Zalmi,Karachi Kings,Wahab Riaz,Shahid Afridi,Sohail Khan,1,0,,,,,,,,,
1075998,2016/17,2017-02-19,Sharjah Cricket Stadium,2,18.1,Peshawar Zalmi,Karachi Kings,Wahab Riaz,Shahid Afridi,Usman Shinwari,1,0,,,,,,,,,
1075998,2016/17,2017-02-19,Sharjah Cricket Stadium,2,18.2,Peshawar Zalmi,Karachi Kings,Shahid Afridi,Wahab Riaz,Usman Shinwari,4,0,,,,,,,,,
1075998,2016/17,2017-02-19,Sharjah Cricket Stadium,2,18.3,Peshawar Zalmi,Karachi Kings,Shahid Afridi,Wahab Riaz,Usman Shinwari,1,0,,,,,,,,,
1075998,2016/17,2017-02-19,Sharjah Cricket Stadium,2,18.4,Peshawar Zalmi,Karachi Kings,Wahab Riaz,Shahid Afridi,Usman Shinwari,0,0,,,,,,bowled,Wahab Riaz,,
1075998,2016/17,2017-02-19,Sharjah Cricket Stadium,2,18.5,Peshawar Zalmi,Karachi Kings,Hasan Ali,Shahid Afridi,Usman Shinwari,6,1,,1,,,,,,,
1075998,2016/17,2017-02-19,Sharjah Cricket Stadium,2,18.6,Peshawar Zalmi,Karachi Kings,Hasan Ali,Shahid Afridi,Usman Shinwari,0,0,,,,,,,,,
1075998,2016/17,2017-02-19,Sharjah Cricket Stadium,2,18.7,Peshawar Zalmi,Karachi Kings,Hasan Ali,Shahid Afridi,Usman Shinwari,4,0,,,,,,,,,
1075998,2016/17,2017-02-19,Sharjah Cricket Stadium,2,19.1,Peshawar Zalmi,Karachi Kings,Shahid Afridi,Hasan Ali,Usama Mir,2,0,,,,,,,,,
1075998,2016/17,2017-02-19,Sharjah Cricket Stadium,2,19.2,Peshawar Zalmi,Karachi Kings,Shahid Afridi,Hasan Ali,Usama Mir,0,0,,,,,,,,,
1075998,2016/17,2017-02-19,Sharjah Cricket Stadium,2,19.3,Peshawar Zalmi,Karachi Kings,Shahid Afridi,Hasan Ali,Usama Mir,6,0,,,,,,,,,
1075998,2016/17,2017-02-19,Sharjah Cricket Stadium,2,19.4,Peshawar Zalmi,Karachi Kings,Shahid Afridi,Hasan Ali,Usama Mir,0,0,,,,,,caught,Shahid Afridi,,
1075998,2016/17,2017-02-19,Sharjah Cricket Stadium,2,19.5,Peshawar Zalmi,Karachi Kings,Hasan Ali,Imran Khan (1),Usama Mir,0,0,,,,,,caught,Hasan Ali,,
