match_id,season,start_date,venue,innings,ball,batting_team,bowling_team,striker,non_striker,bowler,runs_off_bat,extras,wides,noballs,byes,legbyes,penalty,wicket_type,player_dismissed,other_wicket_type,other_player_dismissed
1076001,2016/17,2017-02-24,Dubai International Cricket Stadium,1,0.1,Peshawar Zalmi,Lahore Qalandars,Tamim Iqbal,Kamran Akmal,Sohail Tanvir,4,0,,,,,,,,,
1076001,2016/17,2017-02-24,Dubai International Cricket Stadium,1,0.2,Peshawar Zalmi,Lahore Qalandars,Tamim Iqbal,Kamran Akmal,Sohail Tanvir,1,0,,,,,,,,,
1076001,2016/17,2017-02-24,Dubai International Cricket Stadium,1,0.3,Peshawar Zalmi,Lahore Qalandars,Kamran Akmal,Tamim Iqbal,Sohail Tanvir,0,0,,,,,,,,,
1076001,2016/17,2017-02-24,Dubai International Cricket Stadium,1,0.4,Peshawar Zalmi,Lahore Qalandars,Kamran Akmal,Tamim Iqbal,Sohail Tanvir,0,0,,,,,,,,,
1076001,2016/17,2017-02-24,Dubai International Cricket Stadium,1,0.5,Peshawar Zalmi,Lahore Qalandars,Kamran Akmal,Tamim Iqbal,Sohail Tanvir,0,0,,,,,,,,,
1076001,2016/17,2017-02-24,Dubai International Cricket Stadium,1,0.6,Peshawar Zalmi,Lahore Qalandars,Kamran Akmal,Tamim Iqbal,Sohail Tanvir,0,0,,,,,,,,,
1076001,2016/17,2017-02-24,Dubai International Cricket Stadium,1,1.1,Peshawar Zalmi,Lahore Qalandars,Tamim Iqbal,Kamran Akmal,Aamer Yamin,0,1,1,,,,,,,,
1076001,2016/17,2017-02-24,Dubai International Cricket Stadium,1,1.2,Peshawar Zalmi,Lahore Qalandars,Tamim Iqbal,Kamran Akmal,Aamer Yamin,0,0,,,,,,caught and bowled,Tamim Iqbal,,
1076001,2016/17,2017-02-24,Dubai International Cricket Stadium,1,1.3,Peshawar Zalmi,Lahore Qalandars,Mohammad Hafeez,Kamran Akmal,Aamer Yamin,4,0,,,,,,,,,
1076001,2016/17,2017-02-24,Dubai International Cricket Stadium,1,1.4,Peshawar Zalmi,Lahore Qalandars,Mohammad Hafeez,Kamran Akmal,Aamer Yamin,0,0,,,,,,,,,
1076001,2016/17,2017-02-24,Dubai International Cricket Stadium,1,1.5,Peshawar Zalmi,Lahore Qalandars,Mohammad Hafeez,Kamran Akmal,Aamer Yamin,0,0,,,,,,,,,
1076001,2016/17,2017-02-24,Dubai International Cricket Stadium,1,1.6,Peshawar Zalmi,Lahore Qalandars,Mohammad Hafeez,Kamran Akmal,Aamer Yamin,0,0,,,,,,,,,
1076001,2016/17,2017-02-24,Dubai International Cricket Stadium,1,1.7,Peshawar Zalmi,Lahore Qalandars,Mohammad Hafeez,Kamran Akmal,Aamer Yamin,0,0,,,,,,,,,
1076001,2016/17,2017-02-24,Dubai International Cricket Stadium,1,2.1,Peshawar Zalmi,Lahore Qalandars,Kamran Akmal,Mohammad Hafeez,Sohail Tanvir,4,0,,,,,,,,,
1076001,2016/17,2017-02-24,Dubai International Cricket Stadium,1,2.2,Peshawar Zalmi,Lahore Qalandars,Kamran Akmal,Mohammad Hafeez,Sohail Tanvir,0,0,,,,,,,,,
1076001,2016/17,2017-02-24,Dubai International Cricket Stadium,1,2.3,Peshawar Zalmi,Lahore Qalandars,Kamran Akmal,Mohammad Hafeez,Sohail Tanvir,0,0,,,,,,,,,
1076001,2016/17,2017-02-24,Dubai International Cricket Stadium,1,2.4,Peshawar Zalmi,Lahore Qalandars,Kamran Akmal,Mohammad Hafeez,Sohail Tanvir,2,0,,,,,,,,,
1076001,2016/17,2017-02-24,Dubai International Cricket Stadium,1,2.5,Peshawar Zalmi,Lahore Qalandars,Kamran Akmal,Mohammad Hafeez,Sohail Tanvir,0,4,,,4,,,,,,
1076001,2016/17,2017-02-24,Dubai International Cricket Stadium,1,2.6,Peshawar Zalmi,Lahore Qalandars,Kamran Akmal,Mohammad Hafeez,Sohail Tanvir,1,0,,,,,,,,,
1076001,2016/17,2017-02-24,Dubai International Cricket Stadium,1,3.1,Peshawar Zalmi,Lahore Qalandars,Kamran Akmal,Mohammad Hafeez,Aamer Yamin,1,0,,,,,,,,,
1076001,2016/17,2017-02-24,Dubai International Cricket Stadium,1,3.2,Peshawar Zalmi,Lahore Qalandars,Mohammad Hafeez,Kamran Akmal,Aamer Yamin,1,0,,,,,,,,,
1076001,2016/17,2017-02-24,Dubai International Cricket Stadium,1,3.3,Peshawar Zalmi,Lahore Qalandars,Kamran Akmal,Mohammad Hafeez,Aamer Yamin,1,0,,,,,,,,,
1076001,2016/17,2017-02-24,Dubai International Cricket Stadium,1,3.4,Peshawar Zalmi,Lahore Qalandars,Mohammad Hafeez,Kamran Akmal,Aamer Yamin,0,0,,,,,,,,,
1076001,2016/17,2017-02-24,Dubai International Cricket Stadium,1,3.5,Peshawar Zalmi,Lahore Qalandars,Mohammad Hafeez,Kamran Akmal,Aamer Yamin,1,0,,,,,,,,,
1076001,2016/17,2017-02-24,Dubai International Cricket Stadium,1,3.6,Peshawar Zalmi,Lahore Qalandars,Kamran Akmal,Mohammad Hafeez,Aamer Yamin,4,0,,,,,,,,,
1076001,2016/17,2017-02-24,Dubai International Cricket Stadium,1,4.1,Peshawar Zalmi,Lahore Qalandars,Mohammad Hafeez,Kamran Akmal,SP Narine,0,5,5,,,,,,,,
1076001,2016/17,2017-02-24,Dubai International Cricket Stadium,1,4.2,Peshawar Zalmi,Lahore Qalandars,Mohammad Hafeez,Kamran Akmal,SP Narine,0,0,,,,,,,,,
1076001,2016/17,2017-02-24,Dubai International Cricket Stadium,1,4.3,Peshawar Zalmi,Lahore Qalandars,Mohammad Hafeez,Kamran Akmal,SP Narine,1,0,,,,,,,,,
1076001,2016/17,2017-02-24,Dubai International Cricket Stadium,1,4.4,Peshawar Zalmi,Lahore Qalandars,Kamran Akmal,Mohammad Hafeez,SP Narine,2,0,,,,,,,,,
1076001,2016/17,2017-02-24,Dubai International Cricket Stadium,1,4.5,Peshawar Zalmi,Lahore Qalandars,Kamran Akmal,Mohammad Hafeez,SP Narine,1,0,,,,,,,,,
1076001,2016/17,2017-02-24,Dubai International Cricket Stadium,1,4.6,Peshawar Zalmi,Lahore Qalandars,Mohammad Hafeez,Kamran Akmal,SP Narine,0,0,,,,,,,,,
1076001,2016/17,2017-02-24,Dubai International Cricket Stadium,1,4.7,Peshawar Zalmi,Lahore Qalandars,Mohammad Hafeez,Kamran Akmal,SP Narine,4,0,,,,,,,,,
1076001,2016/17,2017-02-24,Dubai International Cricket Stadium,1,5.1,Peshawar Zalmi,Lahore Qalandars,Kamran Akmal,Mohammad Hafeez,Ghulam Mudassar,0,0,,,,,,,,,
1076001,2016/17,2017-02-24,Dubai International Cricket Stadium,1,5.2,Peshawar Zalmi,Lahore Qalandars,Kamran Akmal,Mohammad Hafeez,Ghulam Mudassar,4,0,,,,,,,,,
1076001,2016/17,2017-02-24,Dubai International Cricket Stadium,1,5.3,Peshawar Zalmi,Lahore Qalandars,Kamran Akmal,Mohammad Hafeez,Ghulam Mudassar,1,0,,,,,,,,,
1076001,2016/17,2017-02-24,Dubai International Cricket Stadium,1,5.4,Peshawar Zalmi,Lahore Qalandars,Mohammad Hafeez,Kamran Akmal,Ghulam Mudassar,1,0,,,,,,,,,
1076001,2016/17,2017-02-24,Dubai International Cricket Stadium,1,5.5,Peshawar Zalmi,Lahore Qalandars,Kamran Akmal,Mohammad Hafeez,Ghulam Mudassar,0,0,,,,,,,,,
1076001,2016/17,2017-02-24,Dubai International Cricket Stadium,1,5.6,Peshawar Zalmi,Lahore Qalandars,Kamran Akmal,Mohammad Hafeez,Ghulam Mudassar,4,0,,,,,,,,,
1076001,2016/17,2017-02-24,Dubai International Cricket Stadium,1,6.1,Peshawar Zalmi,Lahore Qalandars,Mohammad Hafeez,Kamran Akmal,SP Narine,0,0,,,,,,,,,
1076001,2016/17,2017-02-24,Dubai International Cricket Stadium,1,6.2,Peshawar Zalmi,Lahore Qalandars,Mohammad Hafeez,Kamran Akmal,SP Narine,0,0,,,,,,,,,
1076001,2016/17,2017-02-24,Dubai International Cricket Stadium,1,6.3,Peshawar Zalmi,Lahore Qalandars,Mohammad Hafeez,Kamran Akmal,SP Narine,1,0,,,,,,,,,
1076001,2016/17,2017-02-24,Dubai International Cricket Stadium,1,6.4,Peshawar Zalmi,Lahore Qalandars,Kamran Akmal,Mohammad Hafeez,SP Narine,0,0,,,,,,,,,
1076001,2016/17,2017-02-24,Dubai International Cricket Stadium,1,6.5,Peshawar Zalmi,Lahore Qalandars,Kamran Akmal,Mohammad Hafeez,SP Narine,4,0,,,,,,,,,
1076001,2016/17,2017-02-24,Dubai International Cricket Stadium,1,6.6,Peshawar Zalmi,Lahore Qalandars,Kamran Akmal,Mohammad Hafeez,SP Narine,1,0,,,,,,,,,
1076001,2016/17,2017-02-24,Dubai International Cricket Stadium,1,7.1,Peshawar Zalmi,Lahore Qalandars,Kamran Akmal,Mohammad Hafeez,Yasir Shah,0,0,,,,,,,,,
1076001,2016/17,2017-02-24,Dubai International Cricket Stadium,1,7.2,Peshawar Zalmi,Lahore Qalandars,Kamran Akmal,Mohammad Hafeez,Yasir Shah,0,0,,,,,,,,,
1076001,2016/17,2017-02-24,Dubai International Cricket Stadium,1,7.3,Peshawar Zalmi,Lahore Qalandars,Kamran Akmal,Mohammad Hafeez,Yasir Shah,1,0,,,,,,,,,
1076001,2016/17,2017-02-24,Dubai International Cricket Stadium,1,7.4,Peshawar Zalmi,Lahore Qalandars,Mohammad Hafeez,Kamran Akmal,Yasir Shah,0,0,,,,,,,,,
1076001,2016/17,2017-02-24,Dubai International Cricket Stadium,1,7.5,Peshawar Zalmi,Lahore Qalandars,Mohammad Hafeez,Kamran Akmal,Yasir Shah,0,0,,,,,,bowled,Mohammad Hafeez,,
1076001,2016/17,2017-02-24,Dubai International Cricket Stadium,1,7.6,Peshawar Zalmi,Lahore Qalandars,MN Samuels,Kamran Akmal,Yasir Shah,2,0,,,,,,,,,
1076001,2016/17,2017-02-24,Dubai International Cricket Stadium,1,8.1,Peshawar Zalmi,Lahore Qalandars,Kamran Akmal,MN Samuels,GD Elliott,4,0,,,,,,,,,
1076001,2016/17,2017-02-24,Dubai International Cricket Stadium,1,8.2,Peshawar Zalmi,Lahore Qalandars,Kamran Akmal,MN Samuels,GD Elliott,1,0,,,,,,,,,
1076001,2016/17,2017-02-24,Dubai International Cricket Stadium,1,8.3,Peshawar Zalmi,Lahore Qalandars,MN Samuels,Kamran Akmal,GD Elliott,0,0,,,,,,,,,
1076001,2016/17,2017-02-24,Dubai International Cricket Stadium,1,8.4,Peshawar Zalmi,Lahore Qalandars,MN Samuels,Kamran Akmal,GD Elliott,1,0,,,,,,,,,
1076001,2016/17,2017-02-24,Dubai International Cricket Stadium,1,8.5,Peshawar Zalmi,Lahore Qalandars,Kamran Akmal,MN Samuels,GD Elliott,1,0,,,,,,,,,
1076001,2016/17,2017-02-24,Dubai International Cricket Stadium,1,8.6,Peshawar Zalmi,Lahore Qalandars,MN Samuels,Kamran Akmal,GD Elliott,0,0,,,,,,,,,
1076001,2016/17,2017-02-24,Dubai International Cricket Stadium,1,9.1,Peshawar Zalmi,Lahore Qalandars,Kamran Akmal,MN Samuels,Yasir Shah,4,0,,,,,,,,,
1076001,2016/17,2017-02-24,Dubai International Cricket Stadium,1,9.2,Peshawar Zalmi,Lahore Qalandars,Kamran Akmal,MN Samuels,Yasir Shah,2,0,,,,,,,,,
1076001,2016/17,2017-02-24,Dubai International Cricket Stadium,1,9.3,Peshawar Zalmi,Lahore Qalandars,Kamran Akmal,MN Samuels,Yasir Shah,2,0,,,,,,,,,
1076001,2016/17,2017-02-24,Dubai International Cricket Stadium,1,9.4,Peshawar Zalmi,Lahore Qalandars,Kamran Akmal,MN Samuels,Yasir Shah,1,0,,,,,,,,,
1076001,2016/17,2017-02-24,Dubai International Cricket Stadium,1,9.5,Peshawar Zalmi,Lahore Qalandars,MN Samuels,Kamran Akmal,Yasir Shah,1,0,,,,,,,,,
1076001,2016/17,2017-02-24,Dubai International Cricket Stadium,1,9.6,Peshawar Zalmi,Lahore Qalandars,Kamran Akmal,MN Samuels,Yasir Shah,0,0,,,,,,,,,
1076001,2016/17,2017-02-24,Dubai International Cricket Stadium,1,10.1,Peshawar Zalmi,Lahore Qalandars,MN Samuels,Kamran Akmal,GD Elliott,1,0,,,,,,,,,
1076001,2016/17,2017-02-24,Dubai International Cricket Stadium,1,10.2,Peshawar Zalmi,Lahore Qalandars,Kamran Akmal,MN Samuels,GD Elliott,1,0,,,,,,,,,
1076001,2016/17,2017-02-24,Dubai International Cricket Stadium,1,10.3,Peshawar Zalmi,Lahore Qalandars,MN Samuels,Kamran Akmal,GD Elliott,1,0,,,,,,,,,
1076001,2016/17,2017-02-24,Dubai International Cricket Stadium,1,10.4,Peshawar Zalmi,Lahore Qalandars,Kamran Akmal,MN Samuels,GD Elliott,4,0,,,,,,,,,
1076001,2016/17,2017-02-24,Dubai International Cricket Stadium,1,10.5,Peshawar Zalmi,Lahore Qalandars,Kamran Akmal,MN Samuels,GD Elliott,4,0,,,,,,,,,
1076001,2016/17,2017-02-24,Dubai International Cricket Stadium,1,10.6,Peshawar Zalmi,Lahore Qalandars,Kamran Akmal,MN Samuels,GD Elliott,2,0,,,,,,,,,
1076001,2016/17,2017-02-24,Dubai International Cricket Stadium,1,11.1,Peshawar Zalmi,Lahore Qalandars,MN Samuels,Kamran Akmal,Yasir Shah,0,0,,,,,,,,,
1076001,2016/17,2017-02-24,Dubai International Cricket Stadium,1,11.2,Peshawar Zalmi,Lahore Qalandars,MN Samuels,Kamran Akmal,Yasir Shah,1,0,,,,,,,,,
1076001,2016/17,2017-02-24,Dubai International Cricket Stadium,1,11.3,Peshawar Zalmi,Lahore Qalandars,Kamran Akmal,MN Samuels,Yasir Shah,1,0,,,,,,,,,
1076001,2016/17,2017-02-24,Dubai International Cricket Stadium,1,11.4,Peshawar Zalmi,Lahore Qalandars,MN Samuels,Kamran Akmal,Yasir Shah,0,0,,,,,,,,,
1076001,2016/17,2017-02-24,Dubai International Cricket Stadium,1,11.5,Peshawar Zalmi,Lahore Qalandars,MN Samuels,Kamran Akmal,Yasir Shah,1,0,,,,,,,,,
1076001,2016/17,2017-02-24,Dubai International Cricket Stadium,1,11.6,Peshawar Zalmi,Lahore Qalandars,Kamran Akmal,MN Samuels,Yasir Shah,0,0,,,,,,stumped,Kamran Akmal,,
1076001,2016/17,2017-02-24,Dubai International Cricket Stadium,1,12.1,Peshawar Zalmi,Lahore Qalandars,MN Samuels,Shakib Al Hasan,SP Narine,1,0,,,,,,,,,
1076001,2016/17,2017-02-24,Dubai International Cricket Stadium,1,12.2,Peshawar Zalmi,Lahore Qalandars,Shakib Al Hasan,MN Samuels,SP Narine,0,0,,,,,,,,,
1076001,2016/17,2017-02-24,Dubai International Cricket Stadium,1,12.3,Peshawar Zalmi,Lahore Qalandars,Shakib Al Hasan,MN Samuels,SP Narine,0,0,,,,,,,,,
1076001,2016/17,2017-02-24,Dubai International Cricket Stadium,1,12.4,Peshawar Zalmi,Lahore Qalandars,Shakib Al Hasan,MN Samuels,SP Narine,1,0,,,,,,,,,
1076001,2016/17,2017-02-24,Dubai International Cricket Stadium,1,12.5,Peshawar Zalmi,Lahore Qalandars,MN Samuels,Shakib Al Hasan,SP Narine,1,0,,,,,,,,,
1076001,2016/17,2017-02-24,Dubai International Cricket Stadium,1,12.6,Peshawar Zalmi,Lahore Qalandars,Shakib Al Hasan,MN Samuels,SP Narine,1,0,,,,,,,,,
1076001,2016/17,2017-02-24,Dubai International Cricket Stadium,1,13.1,Peshawar Zalmi,Lahore Qalandars,Shakib Al Hasan,MN Samuels,Yasir Shah,0,0,,,,,,,,,
1076001,2016/17,2017-02-24,Dubai International Cricket Stadium,1,13.2,Peshawar Zalmi,Lahore Qalandars,Shakib Al Hasan,MN Samuels,Yasir Shah,0,4,,,4,,,,,,
1076001,2016/17,2017-02-24,Dubai International Cricket Stadium,1,13.3,Peshawar Zalmi,Lahore Qalandars,Shakib Al Hasan,MN Samuels,Yasir Shah,0,0,,,,,,,,,
1076001,2016/17,2017-02-24,Dubai International Cricket Stadium,1,13.4,Peshawar Zalmi,Lahore Qalandars,Shakib Al Hasan,MN Samuels,Yasir Shah,1,0,,,,,,,,,
1076001,2016/17,2017-02-24,Dubai International Cricket Stadium,1,13.5,Peshawar Zalmi,Lahore Qalandars,MN Samuels,Shakib Al Hasan,Yasir Shah,2,0,,,,,,,,,
1076001,2016/17,2017-02-24,Dubai International Cricket Stadium,1,13.6,Peshawar Zalmi,Lahore Qalandars,MN Samuels,Shakib Al Hasan,Yasir Shah,0,1,,,,1,,,,,
1076001,2016/17,2017-02-24,Dubai International Cricket Stadium,1,14.1,Peshawar Zalmi,Lahore Qalandars,MN Samuels,Shakib Al Hasan,Aamer Yamin,1,0,,,,,,,,,
1076001,2016/17,2017-02-24,Dubai International Cricket Stadium,1,14.2,Peshawar Zalmi,Lahore Qalandars,Shakib Al Hasan,MN Samuels,Aamer Yamin,1,0,,,,,,,,,
1076001,2016/17,2017-02-24,Dubai International Cricket Stadium,1,14.3,Peshawar Zalmi,Lahore Qalandars,MN Samuels,Shakib Al Hasan,Aamer Yamin,1,0,,,,,,,,,
1076001,2016/17,2017-02-24,Dubai International Cricket Stadium,1,14.4,Peshawar Zalmi,Lahore Qalandars,Shakib Al Hasan,MN Samuels,Aamer Yamin,2,0,,,,,,,,,
1076001,2016/17,2017-02-24,Dubai International Cricket Stadium,1,14.5,Peshawar Zalmi,Lahore Qalandars,Shakib Al Hasan,MN Samuels,Aamer Yamin,4,0,,,,,,,,,
1076001,2016/17,2017-02-24,Dubai International Cricket Stadium,1,14.6,Peshawar Zalmi,Lahore Qalandars,Shakib Al Hasan,MN Samuels,Aamer Yamin,1,0,,,,,,,,,
1076001,2016/17,2017-02-24,Dubai International Cricket Stadium,1,15.1,Peshawar Zalmi,Lahore Qalandars,Shakib Al Hasan,MN Samuels,Ghulam Mudassar,1,0,,,,,,,,,
1076001,2016/17,2017-02-24,Dubai International Cricket Stadium,1,15.2,Peshawar Zalmi,Lahore Qalandars,MN Samuels,Shakib Al Hasan,Ghulam Mudassar,1,0,,,,,,,,,
1076001,2016/17,2017-02-24,Dubai International Cricket Stadium,1,15.3,Peshawar Zalmi,Lahore Qalandars,Shakib Al Hasan,MN Samuels,Ghulam Mudassar,6,0,,,,,,,,,
1076001,2016/17,2017-02-24,Dubai International Cricket Stadium,1,15.4,Peshawar Zalmi,Lahore Qalandars,Shakib Al Hasan,MN Samuels,Ghulam Mudassar,4,0,,,,,,,,,
1076001,2016/17,2017-02-24,Dubai International Cricket Stadium,1,15.5,Peshawar Zalmi,Lahore Qalandars,Shakib Al Hasan,MN Samuels,Ghulam Mudassar,1,0,,,,,,,,,
1076001,2016/17,2017-02-24,Dubai International Cricket Stadium,1,15.6,Peshawar Zalmi,Lahore Qalandars,MN Samuels,Shakib Al Hasan,Ghulam Mudassar,0,0,,,,,,,,,
1076001,2016/17,2017-02-24,Dubai International Cricket Stadium,1,16.1,Peshawar Zalmi,Lahore Qalandars,Shakib Al Hasan,MN Samuels,SP Narine,1,0,,,,,,,,,
1076001,2016/17,2017-02-24,Dubai International Cricket Stadium,1,16.2,Peshawar Zalmi,Lahore Qalandars,MN Samuels,Shakib Al Hasan,SP Narine,2,0,,,,,,,,,
1076001,2016/17,2017-02-24,Dubai International Cricket Stadium,1,16.3,Peshawar Zalmi,Lahore Qalandars,MN Samuels,Shakib Al Hasan,SP Narine,0,0,,,,,,bowled,MN Samuels,,
1076001,2016/17,2017-02-24,Dubai International Cricket Stadium,1,16.4,Peshawar Zalmi,Lahore Qalandars,Shahid Afridi,Shakib Al Hasan,SP Narine,1,0,,,,,,,,,
1076001,2016/17,2017-02-24,Dubai International Cricket Stadium,1,16.5,Peshawar Zalmi,Lahore Qalandars,Shakib Al Hasan,Shahid Afridi,SP Narine,1,0,,,,,,,,,
1076001,2016/17,2017-02-24,Dubai International Cricket Stadium,1,16.6,Peshawar Zalmi,Lahore Qalandars,Shahid Afridi,Shakib Al Hasan,SP Narine,0,0,,,,,,,,,
1076001,2016/17,2017-02-24,Dubai International Cricket Stadium,1,17.1,Peshawar Zalmi,Lahore Qalandars,Shakib Al Hasan,Shahid Afridi,Sohail Tanvir,1,0,,,,,,,,,
1076001,2016/17,2017-02-24,Dubai International Cricket Stadium,1,17.2,Peshawar Zalmi,Lahore Qalandars,Shahid Afridi,Shakib Al Hasan,Sohail Tanvir,4,0,,,,,,,,,
1076001,2016/17,2017-02-24,Dubai International Cricket Stadium,1,17.3,Peshawar Zalmi,Lahore Qalandars,Shahid Afridi,Shakib Al Hasan,Sohail Tanvir,2,0,,,,,,,,,
1076001,2016/17,2017-02-24,Dubai International Cricket Stadium,1,17.4,Peshawar Zalmi,Lahore Qalandars,Shahid Afridi,Shakib Al Hasan,Sohail Tanvir,2,0,,,,,,,,,
1076001,2016/17,2017-02-24,Dubai International Cricket Stadium,1,17.5,Peshawar Zalmi,Lahore Qalandars,Shahid Afridi,Shakib Al Hasan,Sohail Tanvir,1,0,,,,,,,,,
1076001,2016/17,2017-02-24,Dubai International Cricket Stadium,1,17.6,Peshawar Zalmi,Lahore Qalandars,Shakib Al Hasan,Shahid Afridi,Sohail Tanvir,1,0,,,,,,,,,
1076001,2016/17,2017-02-24,Dubai International Cricket Stadium,1,18.1,Peshawar Zalmi,Lahore Qalandars,Shakib Al Hasan,Shahid Afridi,Aamer Yamin,0,0,,,,,,,,,
1076001,2016/17,2017-02-24,Dubai International Cricket Stadium,1,18.2,Peshawar Zalmi,Lahore Qalandars,Shakib Al Hasan,Shahid Afridi,Aamer Yamin,2,0,,,,,,run out,Shahid Afridi,,
1076001,2016/17,2017-02-24,Dubai International Cricket Stadium,1,18.3,Peshawar Zalmi,Lahore Qalandars,DJG Sammy,Shakib Al Hasan,Aamer Yamin,0,1,1,,,,,,,,
1076001,2016/17,2017-02-24,Dubai International Cricket Stadium,1,18.4,Peshawar Zalmi,Lahore Qalandars,DJG Sammy,Shakib Al Hasan,Aamer Yamin,0,0,,,,,,,,,
1076001,2016/17,2017-02-24,Dubai International Cricket Stadium,1,18.5,Peshawar Zalmi,Lahore Qalandars,DJG Sammy,Shakib Al Hasan,Aamer Yamin,0,0,,,,,,,,,
1076001,2016/17,2017-02-24,Dubai International Cricket Stadium,1,18.6,Peshawar Zalmi,Lahore Qalandars,DJG Sammy,Shakib Al Hasan,Aamer Yamin,1,0,,,,,,,,,
1076001,2016/17,2017-02-24,Dubai International Cricket Stadium,1,18.7,Peshawar Zalmi,Lahore Qalandars,Shakib Al Hasan,DJG Sammy,Aamer Yamin,1,0,,,,,,,,,
1076001,2016/17,2017-02-24,Dubai International Cricket Stadium,1,19.1,Peshawar Zalmi,Lahore Qalandars,Shakib Al Hasan,DJG Sammy,Sohail Tanvir,0,0,,,,,,caught,Shakib Al Hasan,,
1076001,2016/17,2017-02-24,Dubai International Cricket Stadium,1,19.2,Peshawar Zalmi,Lahore Qalandars,DJG Sammy,Wahab Riaz,Sohail Tanvir,2,0,,,,,,,,,
1076001,2016/17,2017-02-24,Dubai International Cricket Stadium,1,19.3,Peshawar Zalmi,Lahore Qalandars,DJG Sammy,Wahab Riaz,Sohail Tanvir,4,0,,,,,,,,,
1076001,2016/17,2017-02-24,Dubai International Cricket Stadium,1,19.4,Peshawar Zalmi,Lahore Qalandars,DJG Sammy,Wahab Riaz,Sohail Tanvir,2,0,,,,,,,,,
1076001,2016/17,2017-02-24,Dubai International Cricket Stadium,1,19.5,Peshawar Zalmi,Lahore Qalandars,DJG Sammy,Wahab Riaz,Sohail Tanvir,6,0,,,,,,,,,
1076001,2016/17,2017-02-24,Dubai International Cricket Stadium,1,19.6,Peshawar Zalmi,Lahore Qalandars,DJG Sammy,Wahab Riaz,Sohail Tanvir,2,0,,,,,,,,,
1076001,2016/17,2017-02-24,Dubai International Cricket Stadium,2,0.1,Lahore Qalandars,Peshawar Zalmi,CS Delport,BB McCullum,Hasan Ali,1,0,,,,,,,,,
1076001,2016/17,2017-02-24,Dubai International Cricket Stadium,2,0.2,Lahore Qalandars,Peshawar Zalmi,BB McCullum,CS Delport,Hasan Ali,1,0,,,,,,,,,
1076001,2016/17,2017-02-24,Dubai International Cricket Stadium,2,0.3,Lahore Qalandars,Peshawar Zalmi,CS Delport,BB McCullum,Hasan Ali,4,0,,,,,,,,,
1076001,2016/17,2017-02-24,Dubai International Cricket Stadium,2,0.4,Lahore Qalandars,Peshawar Zalmi,CS Delport,BB McCullum,Hasan Ali,0,0,,,,,,,,,
1076001,2016/17,2017-02-24,Dubai International Cricket Stadium,2,0.5,Lahore Qalandars,Peshawar Zalmi,CS Delport,BB McCullum,Hasan Ali,1,0,,,,,,,,,
1076001,2016/17,2017-02-24,Dubai International Cricket Stadium,2,0.6,Lahore Qalandars,Peshawar Zalmi,BB McCullum,CS Delport,Hasan Ali,4,0,,,,,,,,,
1076001,2016/17,2017-02-24,Dubai International Cricket Stadium,2,1.1,Lahore Qalandars,Peshawar Zalmi,CS Delport,BB McCullum,Mohammad Asghar,4,0,,,,,,,,,
1076001,2016/17,2017-02-24,Dubai International Cricket Stadium,2,1.2,Lahore Qalandars,Peshawar Zalmi,CS Delport,BB McCullum,Mohammad Asghar,4,0,,,,,,,,,
1076001,2016/17,2017-02-24,Dubai International Cricket Stadium,2,1.3,Lahore Qalandars,Peshawar Zalmi,CS Delport,BB McCullum,Mohammad Asghar,4,0,,,,,,,,,
1076001,2016/17,2017-02-24,Dubai International Cricket Stadium,2,1.4,Lahore Qalandars,Peshawar Zalmi,CS Delport,BB McCullum,Mohammad Asghar,4,0,,,,,,,,,
1076001,2016/17,2017-02-24,Dubai International Cricket Stadium,2,1.5,Lahore Qalandars,Peshawar Zalmi,CS Delport,BB McCullum,Mohammad Asghar,2,0,,,,,,,,,
1076001,2016/17,2017-02-24,Dubai International Cricket Stadium,2,1.6,Lahore Qalandars,Peshawar Zalmi,CS Delport,BB McCullum,Mohammad Asghar,4,0,,,,,,,,,
1076001,2016/17,2017-02-24,Dubai International Cricket Stadium,2,2.1,Lahore Qalandars,Peshawar Zalmi,BB McCullum,CS Delport,Hasan Ali,1,0,,,,,,,,,
1076001,2016/17,2017-02-24,Dubai International Cricket Stadium,2,2.2,Lahore Qalandars,Peshawar Zalmi,CS Delport,BB McCullum,Hasan Ali,0,0,,,,,,,,,
1076001,2016/17,2017-02-24,Dubai International Cricket Stadium,2,2.3,Lahore Qalandars,Peshawar Zalmi,CS Delport,BB McCullum,Hasan Ali,0,0,,,,,,,,,
1076001,2016/17,2017-02-24,Dubai International Cricket Stadium,2,2.4,Lahore Qalandars,Peshawar Zalmi,CS Delport,BB McCullum,Hasan Ali,0,0,,,,,,,,,
1076001,2016/17,2017-02-24,Dubai International Cricket Stadium,2,2.5,Lahore Qalandars,Peshawar Zalmi,CS Delport,BB McCullum,Hasan Ali,4,0,,,,,,,,,
1076001,2016/17,2017-02-24,Dubai International Cricket Stadium,2,2.6,Lahore Qalandars,Peshawar Zalmi,CS Delport,BB McCullum,Hasan Ali,0,0,,,,,,caught and bowled,CS Delport,,
1076001,2016/17,2017-02-24,Dubai International Cricket Stadium,2,3.1,Lahore Qalandars,Peshawar Zalmi,Fakhar Zaman,BB McCullum,Mohammad Hafeez,0,0,,,,,,,,,
1076001,2016/17,2017-02-24,Dubai International Cricket Stadium,2,3.2,Lahore Qalandars,Peshawar Zalmi,Fakhar Zaman,BB McCullum,Mohammad Hafeez,0,0,,,,,,caught,Fakhar Zaman,,
1076001,2016/17,2017-02-24,Dubai International Cricket Stadium,2,3.3,Lahore Qalandars,Peshawar Zalmi,Umar Akmal,BB McCullum,Mohammad Hafeez,0,0,,,,,,,,,
1076001,2016/17,2017-02-24,Dubai International Cricket Stadium,2,3.4,Lahore Qalandars,Peshawar Zalmi,Umar Akmal,BB McCullum,Mohammad Hafeez,0,0,,,,,,run out,BB McCullum,,
1076001,2016/17,2017-02-24,Dubai International Cricket Stadium,2,3.5,Lahore Qalandars,Peshawar Zalmi,Umar Akmal,Mohammad Rizwan,Mohammad Hafeez,0,0,,,,,,,,,
1076001,2016/17,2017-02-24,Dubai International Cricket Stadium,2,3.6,Lahore Qalandars,Peshawar Zalmi,Umar Akmal,Mohammad Rizwan,Mohammad Hafeez,1,0,,,,,,,,,
1076001,2016/17,2017-02-24,Dubai International Cricket Stadium,2,4.1,Lahore Qalandars,Peshawar Zalmi,Umar Akmal,Mohammad Rizwan,Shakib Al Hasan,0,0,,,,,,lbw,Umar Akmal,,
1076001,2016/17,2017-02-24,Dubai International Cricket Stadium,2,4.2,Lahore Qalandars,Peshawar Zalmi,GD Elliott,Mohammad Rizwan,Shakib Al Hasan,0,0,,,,,,,,,
1076001,2016/17,2017-02-24,Dubai International Cricket Stadium,2,4.3,Lahore Qalandars,Peshawar Zalmi,GD Elliott,Mohammad Rizwan,Shakib Al Hasan,0,0,,,,,,,,,
1076001,2016/17,2017-02-24,Dubai International Cricket Stadium,2,4.4,Lahore Qalandars,Peshawar Zalmi,GD Elliott,Mohammad Rizwan,Shakib Al Hasan,0,0,,,,,,lbw,GD Elliott,,
1076001,2016/17,2017-02-24,Dubai International Cricket Stadium,2,4.5,Lahore Qalandars,Peshawar Zalmi,SP Narine,Mohammad Rizwan,Shakib Al Hasan,0,0,,,,,,,,,
1076001,2016/17,2017-02-24,Dubai International Cricket Stadium,2,4.6,Lahore Qalandars,Peshawar Zalmi,SP Narine,Mohammad Rizwan,Shakib Al Hasan,0,0,,,,,,,,,
1076001,2016/17,2017-02-24,Dubai International Cricket Stadium,2,5.1,Lahore Qalandars,Peshawar Zalmi,Mohammad Rizwan,SP Narine,Mohammad Hafeez,4,0,,,,,,,,,
1076001,2016/17,2017-02-24,Dubai International Cricket Stadium,2,5.2,Lahore Qalandars,Peshawar Zalmi,Mohammad Rizwan,SP Narine,Mohammad Hafeez,0,0,,,,,,,,,
1076001,2016/17,2017-02-24,Dubai International Cricket Stadium,2,5.3,Lahore Qalandars,Peshawar Zalmi,Mohammad Rizwan,SP Narine,Mohammad Hafeez,0,0,,,,,,,,,
1076001,2016/17,2017-02-24,Dubai International Cricket Stadium,2,5.4,Lahore Qalandars,Peshawar Zalmi,Mohammad Rizwan,SP Narine,Mohammad Hafeez,0,0,,,,,,caught,Mohammad Rizwan,,
1076001,2016/17,2017-02-24,Dubai International Cricket Stadium,2,5.5,Lahore Qalandars,Peshawar Zalmi,Aamer Yamin,SP Narine,Mohammad Hafeez,1,0,,,,,,,,,
1076001,2016/17,2017-02-24,Dubai International Cricket Stadium,2,5.6,Lahore Qalandars,Peshawar Zalmi,SP Narine,Aamer Yamin,Mohammad Hafeez,1,0,,,,,,,,,
1076001,2016/17,2017-02-24,Dubai International Cricket Stadium,2,6.1,Lahore Qalandars,Peshawar Zalmi,SP Narine,Aamer Yamin,Shakib Al Hasan,0,1,1,,,,,,,,
1076001,2016/17,2017-02-24,Dubai International Cricket Stadium,2,6.2,Lahore Qalandars,Peshawar Zalmi,SP Narine,Aamer Yamin,Shakib Al Hasan,1,0,,,,,,,,,
1076001,2016/17,2017-02-24,Dubai International Cricket Stadium,2,6.3,Lahore Qalandars,Peshawar Zalmi,Aamer Yamin,SP Narine,Shakib Al Hasan,4,0,,,,,,,,,
1076001,2016/17,2017-02-24,Dubai International Cricket Stadium,2,6.4,Lahore Qalandars,Peshawar Zalmi,Aamer Yamin,SP Narine,Shakib Al Hasan,0,0,,,,,,,,,
1076001,2016/17,2017-02-24,Dubai International Cricket Stadium,2,6.5,Lahore Qalandars,Peshawar Zalmi,Aamer Yamin,SP Narine,Shakib Al Hasan,1,0,,,,,,,,,
1076001,2016/17,2017-02-24,Dubai International Cricket Stadium,2,6.6,Lahore Qalandars,Peshawar Zalmi,SP Narine,Aamer Yamin,Shakib Al Hasan,1,0,,,,,,,,,
1076001,2016/17,2017-02-24,Dubai International Cricket Stadium,2,6.7,Lahore Qalandars,Peshawar Zalmi,Aamer Yamin,SP Narine,Shakib Al Hasan,6,0,,,,,,,,,
1076001,2016/17,2017-02-24,Dubai International Cricket Stadium,2,7.1,Lahore Qalandars,Peshawar Zalmi,SP Narine,Aamer Yamin,Mohammad Hafeez,4,0,,,,,,,,,
1076001,2016/17,2017-02-24,Dubai International Cricket Stadium,2,7.2,Lahore Qalandars,Peshawar Zalmi,SP Narine,Aamer Yamin,Mohammad Hafeez,6,0,,,,,,,,,
1076001,2016/17,2017-02-24,Dubai International Cricket Stadium,2,7.3,Lahore Qalandars,Peshawar Zalmi,SP Narine,Aamer Yamin,Mohammad Hafeez,1,0,,,,,,,,,
1076001,2016/17,2017-02-24,Dubai International Cricket Stadium,2,7.4,Lahore Qalandars,Peshawar Zalmi,Aamer Yamin,SP Narine,Mohammad Hafeez,0,0,,,,,,,,,
1076001,2016/17,2017-02-24,Dubai International Cricket Stadium,2,7.5,Lahore Qalandars,Peshawar Zalmi,Aamer Yamin,SP Narine,Mohammad Hafeez,6,0,,,,,,,,,
1076001,2016/17,2017-02-24,Dubai International Cricket Stadium,2,7.6,Lahore Qalandars,Peshawar Zalmi,Aamer Yamin,SP Narine,Mohammad Hafeez,1,0,,,,,,,,,
1076001,2016/17,2017-02-24,Dubai International Cricket Stadium,2,8.1,Lahore Qalandars,Peshawar Zalmi,Aamer Yamin,SP Narine,Wahab Riaz,0,0,,,,,,,,,
1076001,2016/17,2017-02-24,Dubai International Cricket Stadium,2,8.2,Lahore Qalandars,Peshawar Zalmi,Aamer Yamin,SP Narine,Wahab Riaz,0,0,,,,,,,,,
1076001,2016/17,2017-02-24,Dubai International Cricket Stadium,2,8.3,Lahore Qalandars,Peshawar Zalmi,Aamer Yamin,SP Narine,Wahab Riaz,0,0,,,,,,,,,
1076001,2016/17,2017-02-24,Dubai International Cricket Stadium,2,8.4,Lahore Qalandars,Peshawar Zalmi,Aamer Yamin,SP Narine,Wahab Riaz,4,0,,,,,,,,,
1076001,2016/17,2017-02-24,Dubai International Cricket Stadium,2,8.5,Lahore Qalandars,Peshawar Zalmi,Aamer Yamin,SP Narine,Wahab Riaz,0,0,,,,,,,,,
1076001,2016/17,2017-02-24,Dubai International Cricket Stadium,2,8.6,Lahore Qalandars,Peshawar Zalmi,Aamer Yamin,SP Narine,Wahab Riaz,0,0,,,,,,,,,
1076001,2016/17,2017-02-24,Dubai International Cricket Stadium,2,9.1,Lahore Qalandars,Peshawar Zalmi,SP Narine,Aamer Yamin,Shahid Afridi,0,0,,,,,,,,,
1076001,2016/17,2017-02-24,Dubai International Cricket Stadium,2,9.2,Lahore Qalandars,Peshawar Zalmi,SP Narine,Aamer Yamin,Shahid Afridi,1,0,,,,,,,,,
1076001,2016/17,2017-02-24,Dubai International Cricket Stadium,2,9.3,Lahore Qalandars,Peshawar Zalmi,Aamer Yamin,SP Narine,Shahid Afridi,0,0,,,,,,,,,
1076001,2016/17,2017-02-24,Dubai International Cricket Stadium,2,9.4,Lahore Qalandars,Peshawar Zalmi,Aamer Yamin,SP Narine,Shahid Afridi,0,0,,,,,,,,,
1076001,2016/17,2017-02-24,Dubai International Cricket Stadium,2,9.5,Lahore Qalandars,Peshawar Zalmi,Aamer Yamin,SP Narine,Shahid Afridi,0,0,,,,,,,,,
1076001,2016/17,2017-02-24,Dubai International Cricket Stadium,2,9.6,Lahore Qalandars,Peshawar Zalmi,Aamer Yamin,SP Narine,Shahid Afridi,0,0,,,,,,,,,
1076001,2016/17,2017-02-24,Dubai International Cricket Stadium,2,10.1,Lahore Qalandars,Peshawar Zalmi,SP Narine,Aamer Yamin,Wahab Riaz,2,0,,,,,,,,,
1076001,2016/17,2017-02-24,Dubai International Cricket Stadium,2,10.2,Lahore Qalandars,Peshawar Zalmi,SP Narine,Aamer Yamin,Wahab Riaz,4,0,,,,,,,,,
1076001,2016/17,2017-02-24,Dubai International Cricket Stadium,2,10.3,Lahore Qalandars,Peshawar Zalmi,SP Narine,Aamer Yamin,Wahab Riaz,0,0,,,,,,,,,
1076001,2016/17,2017-02-24,Dubai International Cricket Stadium,2,10.4,Lahore Qalandars,Peshawar Zalmi,SP Narine,Aamer Yamin,Wahab Riaz,0,0,,,,,,caught,SP Narine,,
1076001,2016/17,2017-02-24,Dubai International Cricket Stadium,2,10.5,Lahore Qalandars,Peshawar Zalmi,Aamer Yamin,Sohail Tanvir,Wahab Riaz,0,0,,,,,,,,,
1076001,2016/17,2017-02-24,Dubai International Cricket Stadium,2,10.6,Lahore Qalandars,Peshawar Zalmi,Aamer Yamin,Sohail Tanvir,Wahab Riaz,0,0,,,,,,,,,
1076001,2016/17,2017-02-24,Dubai International Cricket Stadium,2,11.1,Lahore Qalandars,Peshawar Zalmi,Sohail Tanvir,Aamer Yamin,Shahid Afridi,1,0,,,,,,,,,
1076001,2016/17,2017-02-24,Dubai International Cricket Stadium,2,11.2,Lahore Qalandars,Peshawar Zalmi,Aamer Yamin,Sohail Tanvir,Shahid Afridi,0,0,,,,,,,,,
1076001,2016/17,2017-02-24,Dubai International Cricket Stadium,2,11.3,Lahore Qalandars,Peshawar Zalmi,Aamer Yamin,Sohail Tanvir,Shahid Afridi,1,0,,,,,,,,,
1076001,2016/17,2017-02-24,Dubai International Cricket Stadium,2,11.4,Lahore Qalandars,Peshawar Zalmi,Sohail Tanvir,Aamer Yamin,Shahid Afridi,1,0,,,,,,,,,
1076001,2016/17,2017-02-24,Dubai International Cricket Stadium,2,11.5,Lahore Qalandars,Peshawar Zalmi,Aamer Yamin,Sohail Tanvir,Shahid Afridi,0,0,,,,,,,,,
1076001,2016/17,2017-02-24,Dubai International Cricket Stadium,2,11.6,Lahore Qalandars,Peshawar Zalmi,Aamer Yamin,Sohail Tanvir,Shahid Afridi,1,0,,,,,,,,,
1076001,2016/17,2017-02-24,Dubai International Cricket Stadium,2,12.1,Lahore Qalandars,Peshawar Zalmi,Aamer Yamin,Sohail Tanvir,DJG Sammy,0,0,,,,,,caught,Aamer Yamin,,
1076001,2016/17,2017-02-24,Dubai International Cricket Stadium,2,12.2,Lahore Qalandars,Peshawar Zalmi,Yasir Shah,Sohail Tanvir,DJG Sammy,0,0,,,,,,,,,
1076001,2016/17,2017-02-24,Dubai International Cricket Stadium,2,12.3,Lahore Qalandars,Peshawar Zalmi,Yasir Shah,Sohail Tanvir,DJG Sammy,1,0,,,,,,,,,
1076001,2016/17,2017-02-24,Dubai International Cricket Stadium,2,12.4,Lahore Qalandars,Peshawar Zalmi,Sohail Tanvir,Yasir Shah,DJG Sammy,0,0,,,,,,,,,
1076001,2016/17,2017-02-24,Dubai International Cricket Stadium,2,12.5,Lahore Qalandars,Peshawar Zalmi,Sohail Tanvir,Yasir Shah,DJG Sammy,1,0,,,,,,,,,
1076001,2016/17,2017-02-24,Dubai International Cricket Stadium,2,12.6,Lahore Qalandars,Peshawar Zalmi,Yasir Shah,Sohail Tanvir,DJG Sammy,0,0,,,,,,,,,
1076001,2016/17,2017-02-24,Dubai International Cricket Stadium,2,13.1,Lahore Qalandars,Peshawar Zalmi,Sohail Tanvir,Yasir Shah,Shahid Afridi,0,0,,,,,,,,,
1076001,2016/17,2017-02-24,Dubai International Cricket Stadium,2,13.2,Lahore Qalandars,Peshawar Zalmi,Sohail Tanvir,Yasir Shah,Shahid Afridi,6,0,,,,,,,,,
1076001,2016/17,2017-02-24,Dubai International Cricket Stadium,2,13.3,Lahore Qalandars,Peshawar Zalmi,Sohail Tanvir,Yasir Shah,Shahid Afridi,1,0,,,,,,,,,
1076001,2016/17,2017-02-24,Dubai International Cricket Stadium,2,13.4,Lahore Qalandars,Peshawar Zalmi,Yasir Shah,Sohail Tanvir,Shahid Afridi,0,0,,,,,,,,,
1076001,2016/17,2017-02-24,Dubai International Cricket Stadium,2,13.5,Lahore Qalandars,Peshawar Zalmi,Yasir Shah,Sohail Tanvir,Shahid Afridi,1,0,,,,,,,,,
1076001,2016/17,2017-02-24,Dubai International Cricket Stadium,2,13.6,Lahore Qalandars,Peshawar Zalmi,Sohail Tanvir,Yasir Shah,Shahid Afridi,1,0,,,,,,,,,
1076001,2016/17,2017-02-24,Dubai International Cricket Stadium,2,14.1,Lahore Qalandars,Peshawar Zalmi,Sohail Tanvir,Yasir Shah,DJG Sammy,4,0,,,,,,,,,
1076001,2016/17,2017-02-24,Dubai International Cricket Stadium,2,14.2,Lahore Qalandars,Peshawar Zalmi,Sohail Tanvir,Yasir Shah,DJG Sammy,1,0,,,,,,,,,
1076001,2016/17,2017-02-24,Dubai International Cricket Stadium,2,14.3,Lahore Qalandars,Peshawar Zalmi,Yasir Shah,Sohail Tanvir,DJG Sammy,1,0,,,,,,,,,
1076001,2016/17,2017-02-24,Dubai International Cricket Stadium,2,14.4,Lahore Qalandars,Peshawar Zalmi,Sohail Tanvir,Yasir Shah,DJG Sammy,1,0,,,,,,,,,
1076001,2016/17,2017-02-24,Dubai International Cricket Stadium,2,14.5,Lahore Qalandars,Peshawar Zalmi,Yasir Shah,Sohail Tanvir,DJG Sammy,1,0,,,,,,,,,
1076001,2016/17,2017-02-24,Dubai International Cricket Stadium,2,14.6,Lahore Qalandars,Peshawar Zalmi,Sohail Tanvir,Yasir Shah,DJG Sammy,1,0,,,,,,,,,
1076001,2016/17,2017-02-24,Dubai International Cricket Stadium,2,15.1,Lahore Qalandars,Peshawar Zalmi,Sohail Tanvir,Yasir Shah,Hasan Ali,4,0,,,,,,,,,
1076001,2016/17,2017-02-24,Dubai International Cricket Stadium,2,15.2,Lahore Qalandars,Peshawar Zalmi,Sohail Tanvir,Yasir Shah,Hasan Ali,0,0,,,,,,,,,
1076001,2016/17,2017-02-24,Dubai International Cricket Stadium,2,15.3,Lahore Qalandars,Peshawar Zalmi,Sohail Tanvir,Yasir Shah,Hasan Ali,0,0,,,,,,,,,
1076001,2016/17,2017-02-24,Dubai International Cricket Stadium,2,15.4,Lahore Qalandars,Peshawar Zalmi,Sohail Tanvir,Yasir Shah,Hasan Ali,1,0,,,,,,,,,
1076001,2016/17,2017-02-24,Dubai International Cricket Stadium,2,15.5,Lahore Qalandars,Peshawar Zalmi,Yasir Shah,Sohail Tanvir,Hasan Ali,1,0,,,,,,,,,
1076001,2016/17,2017-02-24,Dubai International Cricket Stadium,2,15.6,Lahore Qalandars,Peshawar Zalmi,Sohail Tanvir,Yasir Shah,Hasan Ali,0,0,,,,,,,,,
1076001,2016/17,2017-02-24,Dubai International Cricket Stadium,2,16.1,Lahore Qalandars,Peshawar Zalmi,Yasir Shah,Sohail Tanvir,Wahab Riaz,0,0,,,,,,,,,
1076001,2016/17,2017-02-24,Dubai International Cricket Stadium,2,16.2,Lahore Qalandars,Peshawar Zalmi,Yasir Shah,Sohail Tanvir,Wahab Riaz,0,0,,,,,,,,,
1076001,2016/17,2017-02-24,Dubai International Cricket Stadium,2,16.3,Lahore Qalandars,Peshawar Zalmi,Yasir Shah,Sohail Tanvir,Wahab Riaz,1,0,,,,,,,,,
1076001,2016/17,2017-02-24,Dubai International Cricket Stadium,2,16.4,Lahore Qalandars,Peshawar Zalmi,Sohail Tanvir,Yasir Shah,Wahab Riaz,0,0,,,,,,,,,
1076001,2016/17,2017-02-24,Dubai International Cricket Stadium,2,16.5,Lahore Qalandars,Peshawar Zalmi,Sohail Tanvir,Yasir Shah,Wahab Riaz,0,0,,,,,,,,,
1076001,2016/17,2017-02-24,Dubai International Cricket Stadium,2,16.6,Lahore Qalandars,Peshawar Zalmi,Sohail Tanvir,Yasir Shah,Wahab Riaz,1,0,,,,,,,,,
1076001,2016/17,2017-02-24,Dubai International Cricket Stadium,2,17.1,Lahore Qalandars,Peshawar Zalmi,Sohail Tanvir,Yasir Shah,Hasan Ali,6,0,,,,,,,,,
1076001,2016/17,2017-02-24,Dubai International Cricket Stadium,2,17.2,Lahore Qalandars,Peshawar Zalmi,Sohail Tanvir,Yasir Shah,Hasan Ali,0,0,,,,,,,,,
1076001,2016/17,2017-02-24,Dubai International Cricket Stadium,2,17.3,Lahore Qalandars,Peshawar Zalmi,Sohail Tanvir,Yasir Shah,Hasan Ali,0,0,,,,,,,,,
1076001,2016/17,2017-02-24,Dubai International Cricket Stadium,2,17.4,Lahore Qalandars,Peshawar Zalmi,Sohail Tanvir,Yasir Shah,Hasan Ali,2,0,,,,,,,,,
1076001,2016/17,2017-02-24,Dubai International Cricket Stadium,2,17.5,Lahore Qalandars,Peshawar Zalmi,Sohail Tanvir,Yasir Shah,Hasan Ali,1,0,,,,,,,,,
1076001,2016/17,2017-02-24,Dubai International Cricket Stadium,2,17.6,Lahore Qalandars,Peshawar Zalmi,Yasir Shah,Sohail Tanvir,Hasan Ali,1,0,,,,,,,,,
1076001,2016/17,2017-02-24,Dubai International Cricket Stadium,2,18.1,Lahore Qalandars,Peshawar Zalmi,Yasir Shah,Sohail Tanvir,Wahab Riaz,0,0,,,,,,,,,
1076001,2016/17,2017-02-24,Dubai International Cricket Stadium,2,18.2,Lahore Qalandars,Peshawar Zalmi,Yasir Shah,Sohail Tanvir,Wahab Riaz,1,0,,,,,,,,,
1076001,2016/17,2017-02-24,Dubai International Cricket Stadium,2,18.3,Lahore Qalandars,Peshawar Zalmi,Sohail Tanvir,Yasir Shah,Wahab Riaz,1,0,,,,,,,,,
1076001,2016/17,2017-02-24,Dubai International Cricket Stadium,2,18.4,Lahore Qalandars,Peshawar Zalmi,Yasir Shah,Sohail Tanvir,Wahab Riaz,4,0,,,,,,,,,
1076001,2016/17,2017-02-24,Dubai International Cricket Stadium,2,18.5,Lahore Qalandars,Peshawar Zalmi,Yasir Shah,Sohail Tanvir,Wahab Riaz,6,0,,,,,,,,,
1076001,2016/17,2017-02-24,Dubai International Cricket Stadium,2,18.6,Lahore Qalandars,Peshawar Zalmi,Yasir Shah,Sohail Tanvir,Wahab Riaz,0,0,,,,,,,,,
1076001,2016/17,2017-02-24,Dubai International Cricket Stadium,2,19.1,Lahore Qalandars,Peshawar Zalmi,Sohail Tanvir,Yasir Shah,Shahid Afridi,1,0,,,,,,,,,
1076001,2016/17,2017-02-24,Dubai International Cricket Stadium,2,19.2,Lahore Qalandars,Peshawar Zalmi,Yasir Shah,Sohail Tanvir,Shahid Afridi,4,0,,,,,,,,,
1076001,2016/17,2017-02-24,Dubai International Cricket Stadium,2,19.3,Lahore Qalandars,Peshawar Zalmi,Yasir Shah,Sohail Tanvir,Shahid Afridi,0,0,,,,,,stumped,Yasir Shah,,
1076001,2016/17,2017-02-24,Dubai International Cricket Stadium,2,19.4,Lahore Qalandars,Peshawar Zalmi,Ghulam Mudassar,Sohail Tanvir,Shahid Afridi,1,0,,,,,,,,,
1076001,2016/17,2017-02-24,Dubai International Cricket Stadium,2,19.5,Lahore Qalandars,Peshawar Zalmi,Sohail Tanvir,Ghulam Mudassar,Shahid Afridi,0,0,,,,,,,,,
1076001,2016/17,2017-02-24,Dubai International Cricket Stadium,2,19.6,Lahore Qalandars,Peshawar Zalmi,Sohail Tanvir,Ghulam Mudassar,Shahid Afridi,1,0,,,,,,,,,
