match_id,season,start_date,venue,innings,ball,batting_team,bowling_team,striker,non_striker,bowler,runs_off_bat,extras,wides,noballs,byes,legbyes,penalty,wicket_type,player_dismissed,other_wicket_type,other_player_dismissed
1128846,2017/18,2018-03-16,Sharjah Cricket Stadium,1,0.1,Lahore Qalandars,Peshawar Zalmi,Fakhar Zaman,AP Devcich,Hasan Ali,0,0,,,,,,,,,
1128846,2017/18,2018-03-16,Sharjah Cricket Stadium,1,0.2,Lahore Qalandars,Peshawar Zalmi,Fakhar Zaman,AP Devcich,Hasan Ali,1,0,,,,,,,,,
1128846,2017/18,2018-03-16,Sharjah Cricket Stadium,1,0.3,Lahore Qalandars,Peshawar Zalmi,AP Devcich,Fakhar Zaman,Hasan Ali,0,0,,,,,,,,,
1128846,2017/18,2018-03-16,Sharjah Cricket Stadium,1,0.4,Lahore Qalandars,Peshawar Zalmi,AP Devcich,Fakhar Zaman,Hasan Ali,0,0,,,,,,,,,
1128846,2017/18,2018-03-16,Sharjah Cricket Stadium,1,0.5,Lahore Qalandars,Peshawar Zalmi,AP Devcich,Fakhar Zaman,Hasan Ali,0,0,,,,,,,,,
1128846,2017/18,2018-03-16,Sharjah Cricket Stadium,1,0.6,Lahore Qalandars,Peshawar Zalmi,AP Devcich,Fakhar Zaman,Hasan Ali,6,0,,,,,,,,,
1128846,2017/18,2018-03-16,Sharjah Cricket Stadium,1,1.1,Lahore Qalandars,Peshawar Zalmi,Fakhar Zaman,AP Devcich,Sameen Gul,0,0,,,,,,,,,
1128846,2017/18,2018-03-16,Sharjah Cricket Stadium,1,1.2,Lahore Qalandars,Peshawar Zalmi,Fakhar Zaman,AP Devcich,Sameen Gul,0,0,,,,,,,,,
1128846,2017/18,2018-03-16,Sharjah Cricket Stadium,1,1.3,Lahore Qalandars,Peshawar Zalmi,Fakhar Zaman,AP Devcich,Sameen Gul,0,1,1,,,,,,,,
1128846,2017/18,2018-03-16,Sharjah Cricket Stadium,1,1.4,Lahore Qalandars,Peshawar Zalmi,Fakhar Zaman,AP Devcich,Sameen Gul,0,0,,,,,,,,,
1128846,2017/18,2018-03-16,Sharjah Cricket Stadium,1,1.5,Lahore Qalandars,Peshawar Zalmi,Fakhar Zaman,AP Devcich,Sameen Gul,1,0,,,,,,,,,
1128846,2017/18,2018-03-16,Sharjah Cricket Stadium,1,1.6,Lahore Qalandars,Peshawar Zalmi,AP Devcich,Fakhar Zaman,Sameen Gul,0,0,,,,,,,,,
1128846,2017/18,2018-03-16,Sharjah Cricket Stadium,1,1.7,Lahore Qalandars,Peshawar Zalmi,AP Devcich,Fakhar Zaman,Sameen Gul,6,0,,,,,,,,,
1128846,2017/18,2018-03-16,Sharjah Cricket Stadium,1,2.1,Lahore Qalandars,Peshawar Zalmi,Fakhar Zaman,AP Devcich,Hasan Ali,0,0,,,,,,,,,
1128846,2017/18,2018-03-16,Sharjah Cricket Stadium,1,2.2,Lahore Qalandars,Peshawar Zalmi,Fakhar Zaman,AP Devcich,Hasan Ali,0,0,,,,,,,,,
1128846,2017/18,2018-03-16,Sharjah Cricket Stadium,1,2.3,Lahore Qalandars,Peshawar Zalmi,Fakhar Zaman,AP Devcich,Hasan Ali,4,0,,,,,,,,,
1128846,2017/18,2018-03-16,Sharjah Cricket Stadium,1,2.4,Lahore Qalandars,Peshawar Zalmi,Fakhar Zaman,AP Devcich,Hasan Ali,0,0,,,,,,,,,
1128846,2017/18,2018-03-16,Sharjah Cricket Stadium,1,2.5,Lahore Qalandars,Peshawar Zalmi,Fakhar Zaman,AP Devcich,Hasan Ali,0,0,,,,,,bowled,Fakhar Zaman,,
1128846,2017/18,2018-03-16,Sharjah Cricket Stadium,1,2.6,Lahore Qalandars,Peshawar Zalmi,BB McCullum,AP Devcich,Hasan Ali,0,0,,,,,,,,,
1128846,2017/18,2018-03-16,Sharjah Cricket Stadium,1,3.1,Lahore Qalandars,Peshawar Zalmi,AP Devcich,BB McCullum,Umaid Asif,4,0,,,,,,,,,
1128846,2017/18,2018-03-16,Sharjah Cricket Stadium,1,3.2,Lahore Qalandars,Peshawar Zalmi,AP Devcich,BB McCullum,Umaid Asif,0,0,,,,,,,,,
1128846,2017/18,2018-03-16,Sharjah Cricket Stadium,1,3.3,Lahore Qalandars,Peshawar Zalmi,AP Devcich,BB McCullum,Umaid Asif,0,0,,,,,,,,,
1128846,2017/18,2018-03-16,Sharjah Cricket Stadium,1,3.4,Lahore Qalandars,Peshawar Zalmi,AP Devcich,BB McCullum,Umaid Asif,0,0,,,,,,,,,
1128846,2017/18,2018-03-16,Sharjah Cricket Stadium,1,3.5,Lahore Qalandars,Peshawar Zalmi,AP Devcich,BB McCullum,Umaid Asif,6,0,,,,,,,,,
1128846,2017/18,2018-03-16,Sharjah Cricket Stadium,1,3.6,Lahore Qalandars,Peshawar Zalmi,AP Devcich,BB McCullum,Umaid Asif,1,0,,,,,,,,,
1128846,2017/18,2018-03-16,Sharjah Cricket Stadium,1,4.1,Lahore Qalandars,Peshawar Zalmi,AP Devcich,BB McCullum,Sameen Gul,1,0,,,,,,,,,
1128846,2017/18,2018-03-16,Sharjah Cricket Stadium,1,4.2,Lahore Qalandars,Peshawar Zalmi,BB McCullum,AP Devcich,Sameen Gul,0,0,,,,,,,,,
1128846,2017/18,2018-03-16,Sharjah Cricket Stadium,1,4.3,Lahore Qalandars,Peshawar Zalmi,BB McCullum,AP Devcich,Sameen Gul,6,0,,,,,,,,,
1128846,2017/18,2018-03-16,Sharjah Cricket Stadium,1,4.4,Lahore Qalandars,Peshawar Zalmi,BB McCullum,AP Devcich,Sameen Gul,1,0,,,,,,,,,
1128846,2017/18,2018-03-16,Sharjah Cricket Stadium,1,4.5,Lahore Qalandars,Peshawar Zalmi,AP Devcich,BB McCullum,Sameen Gul,0,1,1,,,,,,,,
1128846,2017/18,2018-03-16,Sharjah Cricket Stadium,1,4.6,Lahore Qalandars,Peshawar Zalmi,AP Devcich,BB McCullum,Sameen Gul,1,0,,,,,,,,,
1128846,2017/18,2018-03-16,Sharjah Cricket Stadium,1,4.7,Lahore Qalandars,Peshawar Zalmi,BB McCullum,AP Devcich,Sameen Gul,0,0,,,,,,bowled,BB McCullum,,
1128846,2017/18,2018-03-16,Sharjah Cricket Stadium,1,5.1,Lahore Qalandars,Peshawar Zalmi,AP Devcich,Agha Salman,Wahab Riaz,0,0,,,,,,,,,
1128846,2017/18,2018-03-16,Sharjah Cricket Stadium,1,5.2,Lahore Qalandars,Peshawar Zalmi,AP Devcich,Agha Salman,Wahab Riaz,1,0,,,,,,,,,
1128846,2017/18,2018-03-16,Sharjah Cricket Stadium,1,5.3,Lahore Qalandars,Peshawar Zalmi,Agha Salman,AP Devcich,Wahab Riaz,0,0,,,,,,,,,
1128846,2017/18,2018-03-16,Sharjah Cricket Stadium,1,5.4,Lahore Qalandars,Peshawar Zalmi,Agha Salman,AP Devcich,Wahab Riaz,1,0,,,,,,,,,
1128846,2017/18,2018-03-16,Sharjah Cricket Stadium,1,5.5,Lahore Qalandars,Peshawar Zalmi,AP Devcich,Agha Salman,Wahab Riaz,6,0,,,,,,,,,
1128846,2017/18,2018-03-16,Sharjah Cricket Stadium,1,5.6,Lahore Qalandars,Peshawar Zalmi,AP Devcich,Agha Salman,Wahab Riaz,1,0,,,,,,,,,
1128846,2017/18,2018-03-16,Sharjah Cricket Stadium,1,6.1,Lahore Qalandars,Peshawar Zalmi,AP Devcich,Agha Salman,LA Dawson,0,0,,,,,,,,,
1128846,2017/18,2018-03-16,Sharjah Cricket Stadium,1,6.2,Lahore Qalandars,Peshawar Zalmi,AP Devcich,Agha Salman,LA Dawson,1,0,,,,,,,,,
1128846,2017/18,2018-03-16,Sharjah Cricket Stadium,1,6.3,Lahore Qalandars,Peshawar Zalmi,Agha Salman,AP Devcich,LA Dawson,0,0,,,,,,,,,
1128846,2017/18,2018-03-16,Sharjah Cricket Stadium,1,6.4,Lahore Qalandars,Peshawar Zalmi,Agha Salman,AP Devcich,LA Dawson,1,0,,,,,,,,,
1128846,2017/18,2018-03-16,Sharjah Cricket Stadium,1,6.5,Lahore Qalandars,Peshawar Zalmi,AP Devcich,Agha Salman,LA Dawson,6,0,,,,,,,,,
1128846,2017/18,2018-03-16,Sharjah Cricket Stadium,1,6.6,Lahore Qalandars,Peshawar Zalmi,AP Devcich,Agha Salman,LA Dawson,4,0,,,,,,,,,
1128846,2017/18,2018-03-16,Sharjah Cricket Stadium,1,7.1,Lahore Qalandars,Peshawar Zalmi,Agha Salman,AP Devcich,Sameen Gul,0,0,,,,,,,,,
1128846,2017/18,2018-03-16,Sharjah Cricket Stadium,1,7.2,Lahore Qalandars,Peshawar Zalmi,Agha Salman,AP Devcich,Sameen Gul,1,0,,,,,,,,,
1128846,2017/18,2018-03-16,Sharjah Cricket Stadium,1,7.3,Lahore Qalandars,Peshawar Zalmi,AP Devcich,Agha Salman,Sameen Gul,1,0,,,,,,,,,
1128846,2017/18,2018-03-16,Sharjah Cricket Stadium,1,7.4,Lahore Qalandars,Peshawar Zalmi,Agha Salman,AP Devcich,Sameen Gul,1,0,,,,,,,,,
1128846,2017/18,2018-03-16,Sharjah Cricket Stadium,1,7.5,Lahore Qalandars,Peshawar Zalmi,AP Devcich,Agha Salman,Sameen Gul,1,0,,,,,,,,,
1128846,2017/18,2018-03-16,Sharjah Cricket Stadium,1,7.6,Lahore Qalandars,Peshawar Zalmi,Agha Salman,AP Devcich,Sameen Gul,1,0,,,,,,,,,
1128846,2017/18,2018-03-16,Sharjah Cricket Stadium,1,8.1,Lahore Qalandars,Peshawar Zalmi,Agha Salman,AP Devcich,LA Dawson,1,0,,,,,,,,,
1128846,2017/18,2018-03-16,Sharjah Cricket Stadium,1,8.2,Lahore Qalandars,Peshawar Zalmi,AP Devcich,Agha Salman,LA Dawson,1,0,,,,,,,,,
1128846,2017/18,2018-03-16,Sharjah Cricket Stadium,1,8.3,Lahore Qalandars,Peshawar Zalmi,Agha Salman,AP Devcich,LA Dawson,6,0,,,,,,,,,
1128846,2017/18,2018-03-16,Sharjah Cricket Stadium,1,8.4,Lahore Qalandars,Peshawar Zalmi,Agha Salman,AP Devcich,LA Dawson,1,0,,,,,,,,,
1128846,2017/18,2018-03-16,Sharjah Cricket Stadium,1,8.5,Lahore Qalandars,Peshawar Zalmi,AP Devcich,Agha Salman,LA Dawson,1,0,,,,,,,,,
1128846,2017/18,2018-03-16,Sharjah Cricket Stadium,1,8.6,Lahore Qalandars,Peshawar Zalmi,Agha Salman,AP Devcich,LA Dawson,1,0,,,,,,,,,
1128846,2017/18,2018-03-16,Sharjah Cricket Stadium,1,9.1,Lahore Qalandars,Peshawar Zalmi,Agha Salman,AP Devcich,Sameen Gul,0,0,,,,,,,,,
1128846,2017/18,2018-03-16,Sharjah Cricket Stadium,1,9.2,Lahore Qalandars,Peshawar Zalmi,Agha Salman,AP Devcich,Sameen Gul,0,0,,,,,,,,,
1128846,2017/18,2018-03-16,Sharjah Cricket Stadium,1,9.3,Lahore Qalandars,Peshawar Zalmi,Agha Salman,AP Devcich,Sameen Gul,0,0,,,,,,,,,
1128846,2017/18,2018-03-16,Sharjah Cricket Stadium,1,9.4,Lahore Qalandars,Peshawar Zalmi,Agha Salman,AP Devcich,Sameen Gul,2,0,,,,,,,,,
1128846,2017/18,2018-03-16,Sharjah Cricket Stadium,1,9.5,Lahore Qalandars,Peshawar Zalmi,Agha Salman,AP Devcich,Sameen Gul,1,0,,,,,,,,,
1128846,2017/18,2018-03-16,Sharjah Cricket Stadium,1,9.6,Lahore Qalandars,Peshawar Zalmi,AP Devcich,Agha Salman,Sameen Gul,0,0,,,,,,,,,
1128846,2017/18,2018-03-16,Sharjah Cricket Stadium,1,10.1,Lahore Qalandars,Peshawar Zalmi,Agha Salman,AP Devcich,Umaid Asif,1,0,,,,,,,,,
1128846,2017/18,2018-03-16,Sharjah Cricket Stadium,1,10.2,Lahore Qalandars,Peshawar Zalmi,AP Devcich,Agha Salman,Umaid Asif,1,0,,,,,,,,,
1128846,2017/18,2018-03-16,Sharjah Cricket Stadium,1,10.3,Lahore Qalandars,Peshawar Zalmi,Agha Salman,AP Devcich,Umaid Asif,6,0,,,,,,,,,
1128846,2017/18,2018-03-16,Sharjah Cricket Stadium,1,10.4,Lahore Qalandars,Peshawar Zalmi,Agha Salman,AP Devcich,Umaid Asif,1,0,,,,,,,,,
1128846,2017/18,2018-03-16,Sharjah Cricket Stadium,1,10.5,Lahore Qalandars,Peshawar Zalmi,AP Devcich,Agha Salman,Umaid Asif,1,0,,,,,,,,,
1128846,2017/18,2018-03-16,Sharjah Cricket Stadium,1,10.6,Lahore Qalandars,Peshawar Zalmi,Agha Salman,AP Devcich,Umaid Asif,1,0,,,,,,,,,
1128846,2017/18,2018-03-16,Sharjah Cricket Stadium,1,11.1,Lahore Qalandars,Peshawar Zalmi,Agha Salman,AP Devcich,Wahab Riaz,1,0,,,,,,,,,
1128846,2017/18,2018-03-16,Sharjah Cricket Stadium,1,11.2,Lahore Qalandars,Peshawar Zalmi,AP Devcich,Agha Salman,Wahab Riaz,0,1,,,,1,,,,,
1128846,2017/18,2018-03-16,Sharjah Cricket Stadium,1,11.3,Lahore Qalandars,Peshawar Zalmi,Agha Salman,AP Devcich,Wahab Riaz,1,0,,,,,,,,,
1128846,2017/18,2018-03-16,Sharjah Cricket Stadium,1,11.4,Lahore Qalandars,Peshawar Zalmi,AP Devcich,Agha Salman,Wahab Riaz,1,0,,,,,,,,,
1128846,2017/18,2018-03-16,Sharjah Cricket Stadium,1,11.5,Lahore Qalandars,Peshawar Zalmi,Agha Salman,AP Devcich,Wahab Riaz,0,0,,,,,,,,,
1128846,2017/18,2018-03-16,Sharjah Cricket Stadium,1,11.6,Lahore Qalandars,Peshawar Zalmi,Agha Salman,AP Devcich,Wahab Riaz,0,0,,,,,,caught,Agha Salman,,
1128846,2017/18,2018-03-16,Sharjah Cricket Stadium,1,12.1,Lahore Qalandars,Peshawar Zalmi,AP Devcich,Gulraiz Sadaf,LA Dawson,2,0,,,,,,,,,
1128846,2017/18,2018-03-16,Sharjah Cricket Stadium,1,12.2,Lahore Qalandars,Peshawar Zalmi,AP Devcich,Gulraiz Sadaf,LA Dawson,6,0,,,,,,,,,
1128846,2017/18,2018-03-16,Sharjah Cricket Stadium,1,12.3,Lahore Qalandars,Peshawar Zalmi,AP Devcich,Gulraiz Sadaf,LA Dawson,6,0,,,,,,,,,
1128846,2017/18,2018-03-16,Sharjah Cricket Stadium,1,12.4,Lahore Qalandars,Peshawar Zalmi,AP Devcich,Gulraiz Sadaf,LA Dawson,1,0,,,,,,,,,
1128846,2017/18,2018-03-16,Sharjah Cricket Stadium,1,12.5,Lahore Qalandars,Peshawar Zalmi,Gulraiz Sadaf,AP Devcich,LA Dawson,1,0,,,,,,,,,
1128846,2017/18,2018-03-16,Sharjah Cricket Stadium,1,12.6,Lahore Qalandars,Peshawar Zalmi,AP Devcich,Gulraiz Sadaf,LA Dawson,1,0,,,,,,,,,
1128846,2017/18,2018-03-16,Sharjah Cricket Stadium,1,13.1,Lahore Qalandars,Peshawar Zalmi,AP Devcich,Gulraiz Sadaf,Umaid Asif,0,1,,,,1,,,,,
1128846,2017/18,2018-03-16,Sharjah Cricket Stadium,1,13.2,Lahore Qalandars,Peshawar Zalmi,Gulraiz Sadaf,AP Devcich,Umaid Asif,0,0,,,,,,,,,
1128846,2017/18,2018-03-16,Sharjah Cricket Stadium,1,13.3,Lahore Qalandars,Peshawar Zalmi,Gulraiz Sadaf,AP Devcich,Umaid Asif,1,0,,,,,,,,,
1128846,2017/18,2018-03-16,Sharjah Cricket Stadium,1,13.4,Lahore Qalandars,Peshawar Zalmi,AP Devcich,Gulraiz Sadaf,Umaid Asif,1,0,,,,,,,,,
1128846,2017/18,2018-03-16,Sharjah Cricket Stadium,1,13.5,Lahore Qalandars,Peshawar Zalmi,Gulraiz Sadaf,AP Devcich,Umaid Asif,1,0,,,,,,,,,
1128846,2017/18,2018-03-16,Sharjah Cricket Stadium,1,13.6,Lahore Qalandars,Peshawar Zalmi,AP Devcich,Gulraiz Sadaf,Umaid Asif,1,0,,,,,,,,,
1128846,2017/18,2018-03-16,Sharjah Cricket Stadium,1,14.1,Lahore Qalandars,Peshawar Zalmi,AP Devcich,Gulraiz Sadaf,Hasan Ali,1,0,,,,,,,,,
1128846,2017/18,2018-03-16,Sharjah Cricket Stadium,1,14.2,Lahore Qalandars,Peshawar Zalmi,Gulraiz Sadaf,AP Devcich,Hasan Ali,0,0,,,,,,,,,
1128846,2017/18,2018-03-16,Sharjah Cricket Stadium,1,14.3,Lahore Qalandars,Peshawar Zalmi,Gulraiz Sadaf,AP Devcich,Hasan Ali,1,0,,,,,,,,,
1128846,2017/18,2018-03-16,Sharjah Cricket Stadium,1,14.4,Lahore Qalandars,Peshawar Zalmi,AP Devcich,Gulraiz Sadaf,Hasan Ali,0,0,,,,,,,,,
1128846,2017/18,2018-03-16,Sharjah Cricket Stadium,1,14.5,Lahore Qalandars,Peshawar Zalmi,AP Devcich,Gulraiz Sadaf,Hasan Ali,0,0,,,,,,caught,AP Devcich,,
1128846,2017/18,2018-03-16,Sharjah Cricket Stadium,1,14.6,Lahore Qalandars,Peshawar Zalmi,Gulraiz Sadaf,Sohail Akhtar,Hasan Ali,1,0,,,,,,,,,
1128846,2017/18,2018-03-16,Sharjah Cricket Stadium,1,15.1,Lahore Qalandars,Peshawar Zalmi,Gulraiz Sadaf,Sohail Akhtar,LA Dawson,1,0,,,,,,,,,
1128846,2017/18,2018-03-16,Sharjah Cricket Stadium,1,15.2,Lahore Qalandars,Peshawar Zalmi,Sohail Akhtar,Gulraiz Sadaf,LA Dawson,0,0,,,,,,,,,
1128846,2017/18,2018-03-16,Sharjah Cricket Stadium,1,15.3,Lahore Qalandars,Peshawar Zalmi,Sohail Akhtar,Gulraiz Sadaf,LA Dawson,0,0,,,,,,,,,
1128846,2017/18,2018-03-16,Sharjah Cricket Stadium,1,15.4,Lahore Qalandars,Peshawar Zalmi,Sohail Akhtar,Gulraiz Sadaf,LA Dawson,1,0,,,,,,,,,
1128846,2017/18,2018-03-16,Sharjah Cricket Stadium,1,15.5,Lahore Qalandars,Peshawar Zalmi,Gulraiz Sadaf,Sohail Akhtar,LA Dawson,1,0,,,,,,,,,
1128846,2017/18,2018-03-16,Sharjah Cricket Stadium,1,15.6,Lahore Qalandars,Peshawar Zalmi,Sohail Akhtar,Gulraiz Sadaf,LA Dawson,4,0,,,,,,,,,
1128846,2017/18,2018-03-16,Sharjah Cricket Stadium,1,16.1,Lahore Qalandars,Peshawar Zalmi,Gulraiz Sadaf,Sohail Akhtar,Umaid Asif,0,1,1,,,,,,,,
1128846,2017/18,2018-03-16,Sharjah Cricket Stadium,1,16.2,Lahore Qalandars,Peshawar Zalmi,Gulraiz Sadaf,Sohail Akhtar,Umaid Asif,4,0,,,,,,,,,
1128846,2017/18,2018-03-16,Sharjah Cricket Stadium,1,16.3,Lahore Qalandars,Peshawar Zalmi,Gulraiz Sadaf,Sohail Akhtar,Umaid Asif,1,0,,,,,,,,,
1128846,2017/18,2018-03-16,Sharjah Cricket Stadium,1,16.4,Lahore Qalandars,Peshawar Zalmi,Sohail Akhtar,Gulraiz Sadaf,Umaid Asif,1,0,,,,,,,,,
1128846,2017/18,2018-03-16,Sharjah Cricket Stadium,1,16.5,Lahore Qalandars,Peshawar Zalmi,Gulraiz Sadaf,Sohail Akhtar,Umaid Asif,1,0,,,,,,,,,
1128846,2017/18,2018-03-16,Sharjah Cricket Stadium,1,16.6,Lahore Qalandars,Peshawar Zalmi,Sohail Akhtar,Gulraiz Sadaf,Umaid Asif,6,0,,,,,,,,,
1128846,2017/18,2018-03-16,Sharjah Cricket Stadium,1,16.7,Lahore Qalandars,Peshawar Zalmi,Sohail Akhtar,Gulraiz Sadaf,Umaid Asif,1,0,,,,,,,,,
1128846,2017/18,2018-03-16,Sharjah Cricket Stadium,1,17.1,Lahore Qalandars,Peshawar Zalmi,Sohail Akhtar,Gulraiz Sadaf,Wahab Riaz,0,0,,,,,,,,,
1128846,2017/18,2018-03-16,Sharjah Cricket Stadium,1,17.2,Lahore Qalandars,Peshawar Zalmi,Sohail Akhtar,Gulraiz Sadaf,Wahab Riaz,1,0,,,,,,,,,
1128846,2017/18,2018-03-16,Sharjah Cricket Stadium,1,17.3,Lahore Qalandars,Peshawar Zalmi,Gulraiz Sadaf,Sohail Akhtar,Wahab Riaz,4,0,,,,,,,,,
1128846,2017/18,2018-03-16,Sharjah Cricket Stadium,1,17.4,Lahore Qalandars,Peshawar Zalmi,Gulraiz Sadaf,Sohail Akhtar,Wahab Riaz,0,0,,,,,,,,,
1128846,2017/18,2018-03-16,Sharjah Cricket Stadium,1,17.5,Lahore Qalandars,Peshawar Zalmi,Gulraiz Sadaf,Sohail Akhtar,Wahab Riaz,0,0,,,,,,,,,
1128846,2017/18,2018-03-16,Sharjah Cricket Stadium,1,17.6,Lahore Qalandars,Peshawar Zalmi,Gulraiz Sadaf,Sohail Akhtar,Wahab Riaz,6,0,,,,,,,,,
1128846,2017/18,2018-03-16,Sharjah Cricket Stadium,1,18.1,Lahore Qalandars,Peshawar Zalmi,Sohail Akhtar,Gulraiz Sadaf,Hasan Ali,6,0,,,,,,,,,
1128846,2017/18,2018-03-16,Sharjah Cricket Stadium,1,18.2,Lahore Qalandars,Peshawar Zalmi,Sohail Akhtar,Gulraiz Sadaf,Hasan Ali,0,0,,,,,,,,,
1128846,2017/18,2018-03-16,Sharjah Cricket Stadium,1,18.3,Lahore Qalandars,Peshawar Zalmi,Sohail Akhtar,Gulraiz Sadaf,Hasan Ali,1,0,,,,,,,,,
1128846,2017/18,2018-03-16,Sharjah Cricket Stadium,1,18.4,Lahore Qalandars,Peshawar Zalmi,Gulraiz Sadaf,Sohail Akhtar,Hasan Ali,1,0,,,,,,,,,
1128846,2017/18,2018-03-16,Sharjah Cricket Stadium,1,18.5,Lahore Qalandars,Peshawar Zalmi,Sohail Akhtar,Gulraiz Sadaf,Hasan Ali,1,0,,,,,,,,,
1128846,2017/18,2018-03-16,Sharjah Cricket Stadium,1,18.6,Lahore Qalandars,Peshawar Zalmi,Gulraiz Sadaf,Sohail Akhtar,Hasan Ali,1,0,,,,,,,,,
1128846,2017/18,2018-03-16,Sharjah Cricket Stadium,1,19.1,Lahore Qalandars,Peshawar Zalmi,Gulraiz Sadaf,Sohail Akhtar,Wahab Riaz,0,0,,,,,,,,,
1128846,2017/18,2018-03-16,Sharjah Cricket Stadium,1,19.2,Lahore Qalandars,Peshawar Zalmi,Gulraiz Sadaf,Sohail Akhtar,Wahab Riaz,0,0,,,,,,,,,
1128846,2017/18,2018-03-16,Sharjah Cricket Stadium,1,19.3,Lahore Qalandars,Peshawar Zalmi,Gulraiz Sadaf,Sohail Akhtar,Wahab Riaz,1,0,,,,,,,,,
1128846,2017/18,2018-03-16,Sharjah Cricket Stadium,1,19.4,Lahore Qalandars,Peshawar Zalmi,Sohail Akhtar,Gulraiz Sadaf,Wahab Riaz,4,0,,,,,,,,,
1128846,2017/18,2018-03-16,Sharjah Cricket Stadium,1,19.5,Lahore Qalandars,Peshawar Zalmi,Sohail Akhtar,Gulraiz Sadaf,Wahab Riaz,0,0,,,,,,,,,
1128846,2017/18,2018-03-16,Sharjah Cricket Stadium,1,19.6,Lahore Qalandars,Peshawar Zalmi,Sohail Akhtar,Gulraiz Sadaf,Wahab Riaz,4,0,,,,,,,,,
1128846,2017/18,2018-03-16,Sharjah Cricket Stadium,2,0.1,Peshawar Zalmi,Lahore Qalandars,Kamran Akmal,MH Wessels,AP Devcich,0,0,,,,,,,,,
1128846,2017/18,2018-03-16,Sharjah Cricket Stadium,2,0.2,Peshawar Zalmi,Lahore Qalandars,Kamran Akmal,MH Wessels,AP Devcich,2,0,,,,,,,,,
1128846,2017/18,2018-03-16,Sharjah Cricket Stadium,2,0.3,Peshawar Zalmi,Lahore Qalandars,Kamran Akmal,MH Wessels,AP Devcich,6,0,,,,,,,,,
1128846,2017/18,2018-03-16,Sharjah Cricket Stadium,2,0.4,Peshawar Zalmi,Lahore Qalandars,Kamran Akmal,MH Wessels,AP Devcich,0,1,,,,1,,,,,
1128846,2017/18,2018-03-16,Sharjah Cricket Stadium,2,0.5,Peshawar Zalmi,Lahore Qalandars,MH Wessels,Kamran Akmal,AP Devcich,4,0,,,,,,,,,
1128846,2017/18,2018-03-16,Sharjah Cricket Stadium,2,0.6,Peshawar Zalmi,Lahore Qalandars,MH Wessels,Kamran Akmal,AP Devcich,0,2,2,,,,,,,,
1128846,2017/18,2018-03-16,Sharjah Cricket Stadium,2,0.7,Peshawar Zalmi,Lahore Qalandars,Kamran Akmal,MH Wessels,AP Devcich,0,1,1,,,,,,,,
1128846,2017/18,2018-03-16,Sharjah Cricket Stadium,2,0.8,Peshawar Zalmi,Lahore Qalandars,Kamran Akmal,MH Wessels,AP Devcich,4,0,,,,,,,,,
1128846,2017/18,2018-03-16,Sharjah Cricket Stadium,2,1.1,Peshawar Zalmi,Lahore Qalandars,MH Wessels,Kamran Akmal,KJ Abbott,0,0,,,,,,bowled,MH Wessels,,
1128846,2017/18,2018-03-16,Sharjah Cricket Stadium,2,1.2,Peshawar Zalmi,Lahore Qalandars,DR Smith,Kamran Akmal,KJ Abbott,0,1,1,,,,,,,,
1128846,2017/18,2018-03-16,Sharjah Cricket Stadium,2,1.3,Peshawar Zalmi,Lahore Qalandars,DR Smith,Kamran Akmal,KJ Abbott,0,0,,,,,,,,,
1128846,2017/18,2018-03-16,Sharjah Cricket Stadium,2,1.4,Peshawar Zalmi,Lahore Qalandars,DR Smith,Kamran Akmal,KJ Abbott,0,0,,,,,,,,,
1128846,2017/18,2018-03-16,Sharjah Cricket Stadium,2,1.5,Peshawar Zalmi,Lahore Qalandars,DR Smith,Kamran Akmal,KJ Abbott,1,0,,,,,,,,,
1128846,2017/18,2018-03-16,Sharjah Cricket Stadium,2,1.6,Peshawar Zalmi,Lahore Qalandars,Kamran Akmal,DR Smith,KJ Abbott,1,0,,,,,,,,,
1128846,2017/18,2018-03-16,Sharjah Cricket Stadium,2,1.7,Peshawar Zalmi,Lahore Qalandars,DR Smith,Kamran Akmal,KJ Abbott,0,0,,,,,,,,,
1128846,2017/18,2018-03-16,Sharjah Cricket Stadium,2,2.1,Peshawar Zalmi,Lahore Qalandars,Kamran Akmal,DR Smith,MJ McClenaghan,0,0,,,,,,,,,
1128846,2017/18,2018-03-16,Sharjah Cricket Stadium,2,2.2,Peshawar Zalmi,Lahore Qalandars,Kamran Akmal,DR Smith,MJ McClenaghan,0,0,,,,,,,,,
1128846,2017/18,2018-03-16,Sharjah Cricket Stadium,2,2.3,Peshawar Zalmi,Lahore Qalandars,Kamran Akmal,DR Smith,MJ McClenaghan,0,0,,,,,,,,,
1128846,2017/18,2018-03-16,Sharjah Cricket Stadium,2,2.4,Peshawar Zalmi,Lahore Qalandars,Kamran Akmal,DR Smith,MJ McClenaghan,4,0,,,,,,,,,
1128846,2017/18,2018-03-16,Sharjah Cricket Stadium,2,2.5,Peshawar Zalmi,Lahore Qalandars,Kamran Akmal,DR Smith,MJ McClenaghan,1,0,,,,,,,,,
1128846,2017/18,2018-03-16,Sharjah Cricket Stadium,2,2.6,Peshawar Zalmi,Lahore Qalandars,DR Smith,Kamran Akmal,MJ McClenaghan,0,0,,,,,,,,,
1128846,2017/18,2018-03-16,Sharjah Cricket Stadium,2,3.1,Peshawar Zalmi,Lahore Qalandars,Kamran Akmal,DR Smith,KJ Abbott,4,0,,,,,,,,,
1128846,2017/18,2018-03-16,Sharjah Cricket Stadium,2,3.2,Peshawar Zalmi,Lahore Qalandars,Kamran Akmal,DR Smith,KJ Abbott,4,0,,,,,,,,,
1128846,2017/18,2018-03-16,Sharjah Cricket Stadium,2,3.3,Peshawar Zalmi,Lahore Qalandars,Kamran Akmal,DR Smith,KJ Abbott,0,0,,,,,,,,,
1128846,2017/18,2018-03-16,Sharjah Cricket Stadium,2,3.4,Peshawar Zalmi,Lahore Qalandars,Kamran Akmal,DR Smith,KJ Abbott,0,0,,,,,,,,,
1128846,2017/18,2018-03-16,Sharjah Cricket Stadium,2,3.5,Peshawar Zalmi,Lahore Qalandars,Kamran Akmal,DR Smith,KJ Abbott,0,0,,,,,,,,,
1128846,2017/18,2018-03-16,Sharjah Cricket Stadium,2,3.6,Peshawar Zalmi,Lahore Qalandars,Kamran Akmal,DR Smith,KJ Abbott,0,0,,,,,,,,,
1128846,2017/18,2018-03-16,Sharjah Cricket Stadium,2,4.1,Peshawar Zalmi,Lahore Qalandars,DR Smith,Kamran Akmal,MJ McClenaghan,0,0,,,,,,,,,
1128846,2017/18,2018-03-16,Sharjah Cricket Stadium,2,4.2,Peshawar Zalmi,Lahore Qalandars,DR Smith,Kamran Akmal,MJ McClenaghan,4,0,,,,,,,,,
1128846,2017/18,2018-03-16,Sharjah Cricket Stadium,2,4.3,Peshawar Zalmi,Lahore Qalandars,DR Smith,Kamran Akmal,MJ McClenaghan,4,0,,,,,,,,,
1128846,2017/18,2018-03-16,Sharjah Cricket Stadium,2,4.4,Peshawar Zalmi,Lahore Qalandars,DR Smith,Kamran Akmal,MJ McClenaghan,0,2,2,,,,,,,,
1128846,2017/18,2018-03-16,Sharjah Cricket Stadium,2,4.5,Peshawar Zalmi,Lahore Qalandars,Kamran Akmal,DR Smith,MJ McClenaghan,4,0,,,,,,,,,
1128846,2017/18,2018-03-16,Sharjah Cricket Stadium,2,4.6,Peshawar Zalmi,Lahore Qalandars,Kamran Akmal,DR Smith,MJ McClenaghan,0,0,,,,,,,,,
1128846,2017/18,2018-03-16,Sharjah Cricket Stadium,2,4.7,Peshawar Zalmi,Lahore Qalandars,Kamran Akmal,DR Smith,MJ McClenaghan,1,0,,,,,,,,,
1128846,2017/18,2018-03-16,Sharjah Cricket Stadium,2,5.1,Peshawar Zalmi,Lahore Qalandars,Kamran Akmal,DR Smith,Shaheen Shah Afridi,4,0,,,,,,,,,
1128846,2017/18,2018-03-16,Sharjah Cricket Stadium,2,5.2,Peshawar Zalmi,Lahore Qalandars,Kamran Akmal,DR Smith,Shaheen Shah Afridi,0,0,,,,,,,,,
1128846,2017/18,2018-03-16,Sharjah Cricket Stadium,2,5.3,Peshawar Zalmi,Lahore Qalandars,Kamran Akmal,DR Smith,Shaheen Shah Afridi,1,0,,,,,,,,,
1128846,2017/18,2018-03-16,Sharjah Cricket Stadium,2,5.4,Peshawar Zalmi,Lahore Qalandars,DR Smith,Kamran Akmal,Shaheen Shah Afridi,1,0,,,,,,,,,
1128846,2017/18,2018-03-16,Sharjah Cricket Stadium,2,5.5,Peshawar Zalmi,Lahore Qalandars,Kamran Akmal,DR Smith,Shaheen Shah Afridi,0,0,,,,,,,,,
1128846,2017/18,2018-03-16,Sharjah Cricket Stadium,2,5.6,Peshawar Zalmi,Lahore Qalandars,Kamran Akmal,DR Smith,Shaheen Shah Afridi,0,0,,,,,,,,,
1128846,2017/18,2018-03-16,Sharjah Cricket Stadium,2,6.1,Peshawar Zalmi,Lahore Qalandars,DR Smith,Kamran Akmal,Yasir Shah,4,0,,,,,,,,,
1128846,2017/18,2018-03-16,Sharjah Cricket Stadium,2,6.2,Peshawar Zalmi,Lahore Qalandars,DR Smith,Kamran Akmal,Yasir Shah,0,0,,,,,,,,,
1128846,2017/18,2018-03-16,Sharjah Cricket Stadium,2,6.3,Peshawar Zalmi,Lahore Qalandars,DR Smith,Kamran Akmal,Yasir Shah,0,0,,,,,,bowled,DR Smith,,
1128846,2017/18,2018-03-16,Sharjah Cricket Stadium,2,6.4,Peshawar Zalmi,Lahore Qalandars,Mohammad Hafeez,Kamran Akmal,Yasir Shah,1,0,,,,,,,,,
1128846,2017/18,2018-03-16,Sharjah Cricket Stadium,2,6.5,Peshawar Zalmi,Lahore Qalandars,Kamran Akmal,Mohammad Hafeez,Yasir Shah,1,0,,,,,,,,,
1128846,2017/18,2018-03-16,Sharjah Cricket Stadium,2,6.6,Peshawar Zalmi,Lahore Qalandars,Mohammad Hafeez,Kamran Akmal,Yasir Shah,0,0,,,,,,,,,
1128846,2017/18,2018-03-16,Sharjah Cricket Stadium,2,7.1,Peshawar Zalmi,Lahore Qalandars,Kamran Akmal,Mohammad Hafeez,Shaheen Shah Afridi,0,0,,,,,,,,,
1128846,2017/18,2018-03-16,Sharjah Cricket Stadium,2,7.2,Peshawar Zalmi,Lahore Qalandars,Kamran Akmal,Mohammad Hafeez,Shaheen Shah Afridi,1,0,,,,,,,,,
1128846,2017/18,2018-03-16,Sharjah Cricket Stadium,2,7.3,Peshawar Zalmi,Lahore Qalandars,Mohammad Hafeez,Kamran Akmal,Shaheen Shah Afridi,0,0,,,,,,,,,
1128846,2017/18,2018-03-16,Sharjah Cricket Stadium,2,7.4,Peshawar Zalmi,Lahore Qalandars,Mohammad Hafeez,Kamran Akmal,Shaheen Shah Afridi,0,0,,,,,,,,,
1128846,2017/18,2018-03-16,Sharjah Cricket Stadium,2,7.5,Peshawar Zalmi,Lahore Qalandars,Mohammad Hafeez,Kamran Akmal,Shaheen Shah Afridi,1,0,,,,,,,,,
1128846,2017/18,2018-03-16,Sharjah Cricket Stadium,2,7.6,Peshawar Zalmi,Lahore Qalandars,Kamran Akmal,Mohammad Hafeez,Shaheen Shah Afridi,1,0,,,,,,,,,
1128846,2017/18,2018-03-16,Sharjah Cricket Stadium,2,8.1,Peshawar Zalmi,Lahore Qalandars,Kamran Akmal,Mohammad Hafeez,Yasir Shah,4,0,,,,,,,,,
1128846,2017/18,2018-03-16,Sharjah Cricket Stadium,2,8.2,Peshawar Zalmi,Lahore Qalandars,Kamran Akmal,Mohammad Hafeez,Yasir Shah,0,0,,,,,,,,,
1128846,2017/18,2018-03-16,Sharjah Cricket Stadium,2,8.3,Peshawar Zalmi,Lahore Qalandars,Kamran Akmal,Mohammad Hafeez,Yasir Shah,0,0,,,,,,,,,
1128846,2017/18,2018-03-16,Sharjah Cricket Stadium,2,8.4,Peshawar Zalmi,Lahore Qalandars,Kamran Akmal,Mohammad Hafeez,Yasir Shah,1,0,,,,,,,,,
1128846,2017/18,2018-03-16,Sharjah Cricket Stadium,2,8.5,Peshawar Zalmi,Lahore Qalandars,Mohammad Hafeez,Kamran Akmal,Yasir Shah,1,0,,,,,,,,,
1128846,2017/18,2018-03-16,Sharjah Cricket Stadium,2,8.6,Peshawar Zalmi,Lahore Qalandars,Kamran Akmal,Mohammad Hafeez,Yasir Shah,4,0,,,,,,,,,
1128846,2017/18,2018-03-16,Sharjah Cricket Stadium,2,9.1,Peshawar Zalmi,Lahore Qalandars,Mohammad Hafeez,Kamran Akmal,Bilal Asif,2,0,,,,,,,,,
1128846,2017/18,2018-03-16,Sharjah Cricket Stadium,2,9.2,Peshawar Zalmi,Lahore Qalandars,Mohammad Hafeez,Kamran Akmal,Bilal Asif,1,0,,,,,,,,,
1128846,2017/18,2018-03-16,Sharjah Cricket Stadium,2,9.3,Peshawar Zalmi,Lahore Qalandars,Kamran Akmal,Mohammad Hafeez,Bilal Asif,0,0,,,,,,,,,
1128846,2017/18,2018-03-16,Sharjah Cricket Stadium,2,9.4,Peshawar Zalmi,Lahore Qalandars,Kamran Akmal,Mohammad Hafeez,Bilal Asif,1,0,,,,,,,,,
1128846,2017/18,2018-03-16,Sharjah Cricket Stadium,2,9.5,Peshawar Zalmi,Lahore Qalandars,Mohammad Hafeez,Kamran Akmal,Bilal Asif,0,0,,,,,,,,,
1128846,2017/18,2018-03-16,Sharjah Cricket Stadium,2,9.6,Peshawar Zalmi,Lahore Qalandars,Mohammad Hafeez,Kamran Akmal,Bilal Asif,1,0,,,,,,,,,
1128846,2017/18,2018-03-16,Sharjah Cricket Stadium,2,10.1,Peshawar Zalmi,Lahore Qalandars,Mohammad Hafeez,Kamran Akmal,Yasir Shah,0,0,,,,,,,,,
1128846,2017/18,2018-03-16,Sharjah Cricket Stadium,2,10.2,Peshawar Zalmi,Lahore Qalandars,Mohammad Hafeez,Kamran Akmal,Yasir Shah,6,0,,,,,,,,,
1128846,2017/18,2018-03-16,Sharjah Cricket Stadium,2,10.3,Peshawar Zalmi,Lahore Qalandars,Mohammad Hafeez,Kamran Akmal,Yasir Shah,4,0,,,,,,,,,
1128846,2017/18,2018-03-16,Sharjah Cricket Stadium,2,10.4,Peshawar Zalmi,Lahore Qalandars,Mohammad Hafeez,Kamran Akmal,Yasir Shah,0,0,,,,,,,,,
1128846,2017/18,2018-03-16,Sharjah Cricket Stadium,2,10.5,Peshawar Zalmi,Lahore Qalandars,Mohammad Hafeez,Kamran Akmal,Yasir Shah,1,0,,,,,,,,,
1128846,2017/18,2018-03-16,Sharjah Cricket Stadium,2,10.6,Peshawar Zalmi,Lahore Qalandars,Kamran Akmal,Mohammad Hafeez,Yasir Shah,0,0,,,,,,,,,
1128846,2017/18,2018-03-16,Sharjah Cricket Stadium,2,11.1,Peshawar Zalmi,Lahore Qalandars,Mohammad Hafeez,Kamran Akmal,Bilal Asif,0,0,,,,,,,,,
1128846,2017/18,2018-03-16,Sharjah Cricket Stadium,2,11.2,Peshawar Zalmi,Lahore Qalandars,Mohammad Hafeez,Kamran Akmal,Bilal Asif,1,0,,,,,,,,,
1128846,2017/18,2018-03-16,Sharjah Cricket Stadium,2,11.3,Peshawar Zalmi,Lahore Qalandars,Kamran Akmal,Mohammad Hafeez,Bilal Asif,6,0,,,,,,,,,
1128846,2017/18,2018-03-16,Sharjah Cricket Stadium,2,11.4,Peshawar Zalmi,Lahore Qalandars,Kamran Akmal,Mohammad Hafeez,Bilal Asif,6,0,,,,,,,,,
1128846,2017/18,2018-03-16,Sharjah Cricket Stadium,2,11.5,Peshawar Zalmi,Lahore Qalandars,Kamran Akmal,Mohammad Hafeez,Bilal Asif,1,0,,,,,,,,,
1128846,2017/18,2018-03-16,Sharjah Cricket Stadium,2,11.6,Peshawar Zalmi,Lahore Qalandars,Mohammad Hafeez,Kamran Akmal,Bilal Asif,0,0,,,,,,,,,
1128846,2017/18,2018-03-16,Sharjah Cricket Stadium,2,12.1,Peshawar Zalmi,Lahore Qalandars,Kamran Akmal,Mohammad Hafeez,MJ McClenaghan,1,0,,,,,,,,,
1128846,2017/18,2018-03-16,Sharjah Cricket Stadium,2,12.2,Peshawar Zalmi,Lahore Qalandars,Mohammad Hafeez,Kamran Akmal,MJ McClenaghan,0,0,,,,,,,,,
1128846,2017/18,2018-03-16,Sharjah Cricket Stadium,2,12.3,Peshawar Zalmi,Lahore Qalandars,Mohammad Hafeez,Kamran Akmal,MJ McClenaghan,1,0,,,,,,,,,
1128846,2017/18,2018-03-16,Sharjah Cricket Stadium,2,12.4,Peshawar Zalmi,Lahore Qalandars,Kamran Akmal,Mohammad Hafeez,MJ McClenaghan,4,0,,,,,,,,,
1128846,2017/18,2018-03-16,Sharjah Cricket Stadium,2,12.5,Peshawar Zalmi,Lahore Qalandars,Kamran Akmal,Mohammad Hafeez,MJ McClenaghan,1,0,,,,,,,,,
1128846,2017/18,2018-03-16,Sharjah Cricket Stadium,2,12.6,Peshawar Zalmi,Lahore Qalandars,Mohammad Hafeez,Kamran Akmal,MJ McClenaghan,1,0,,,,,,,,,
1128846,2017/18,2018-03-16,Sharjah Cricket Stadium,2,13.1,Peshawar Zalmi,Lahore Qalandars,Mohammad Hafeez,Kamran Akmal,KJ Abbott,1,0,,,,,,,,,
1128846,2017/18,2018-03-16,Sharjah Cricket Stadium,2,13.2,Peshawar Zalmi,Lahore Qalandars,Kamran Akmal,Mohammad Hafeez,KJ Abbott,6,0,,,,,,,,,
1128846,2017/18,2018-03-16,Sharjah Cricket Stadium,2,13.3,Peshawar Zalmi,Lahore Qalandars,Kamran Akmal,Mohammad Hafeez,KJ Abbott,1,0,,,,,,,,,
1128846,2017/18,2018-03-16,Sharjah Cricket Stadium,2,13.4,Peshawar Zalmi,Lahore Qalandars,Mohammad Hafeez,Kamran Akmal,KJ Abbott,4,0,,,,,,,,,
1128846,2017/18,2018-03-16,Sharjah Cricket Stadium,2,13.5,Peshawar Zalmi,Lahore Qalandars,Mohammad Hafeez,Kamran Akmal,KJ Abbott,1,0,,,,,,,,,
1128846,2017/18,2018-03-16,Sharjah Cricket Stadium,2,13.6,Peshawar Zalmi,Lahore Qalandars,Kamran Akmal,Mohammad Hafeez,KJ Abbott,1,0,,,,,,,,,
1128846,2017/18,2018-03-16,Sharjah Cricket Stadium,2,14.1,Peshawar Zalmi,Lahore Qalandars,Kamran Akmal,Mohammad Hafeez,Shaheen Shah Afridi,6,0,,,,,,,,,
1128846,2017/18,2018-03-16,Sharjah Cricket Stadium,2,14.2,Peshawar Zalmi,Lahore Qalandars,Kamran Akmal,Mohammad Hafeez,Shaheen Shah Afridi,0,0,,,,,,,,,
1128846,2017/18,2018-03-16,Sharjah Cricket Stadium,2,14.3,Peshawar Zalmi,Lahore Qalandars,Kamran Akmal,Mohammad Hafeez,Shaheen Shah Afridi,0,0,,,,,,,,,
1128846,2017/18,2018-03-16,Sharjah Cricket Stadium,2,14.4,Peshawar Zalmi,Lahore Qalandars,Kamran Akmal,Mohammad Hafeez,Shaheen Shah Afridi,0,0,,,,,,,,,
1128846,2017/18,2018-03-16,Sharjah Cricket Stadium,2,14.5,Peshawar Zalmi,Lahore Qalandars,Kamran Akmal,Mohammad Hafeez,Shaheen Shah Afridi,0,0,,,,,,,,,
1128846,2017/18,2018-03-16,Sharjah Cricket Stadium,2,14.6,Peshawar Zalmi,Lahore Qalandars,Kamran Akmal,Mohammad Hafeez,Shaheen Shah Afridi,1,0,,,,,,,,,
1128846,2017/18,2018-03-16,Sharjah Cricket Stadium,2,15.1,Peshawar Zalmi,Lahore Qalandars,Kamran Akmal,Mohammad Hafeez,Yasir Shah,6,0,,,,,,,,,
1128846,2017/18,2018-03-16,Sharjah Cricket Stadium,2,15.2,Peshawar Zalmi,Lahore Qalandars,Kamran Akmal,Mohammad Hafeez,Yasir Shah,6,0,,,,,,,,,
1128846,2017/18,2018-03-16,Sharjah Cricket Stadium,2,15.3,Peshawar Zalmi,Lahore Qalandars,Kamran Akmal,Mohammad Hafeez,Yasir Shah,0,0,,,,,,,,,
1128846,2017/18,2018-03-16,Sharjah Cricket Stadium,2,15.4,Peshawar Zalmi,Lahore Qalandars,Kamran Akmal,Mohammad Hafeez,Yasir Shah,1,0,,,,,,,,,
1128846,2017/18,2018-03-16,Sharjah Cricket Stadium,2,15.5,Peshawar Zalmi,Lahore Qalandars,Mohammad Hafeez,Kamran Akmal,Yasir Shah,0,0,,,,,,bowled,Mohammad Hafeez,,
1128846,2017/18,2018-03-16,Sharjah Cricket Stadium,2,15.6,Peshawar Zalmi,Lahore Qalandars,Saad Nasim,Kamran Akmal,Yasir Shah,0,0,,,,,,,,,
1128846,2017/18,2018-03-16,Sharjah Cricket Stadium,2,16.1,Peshawar Zalmi,Lahore Qalandars,Kamran Akmal,Saad Nasim,Shaheen Shah Afridi,1,0,,,,,,,,,
1128846,2017/18,2018-03-16,Sharjah Cricket Stadium,2,16.2,Peshawar Zalmi,Lahore Qalandars,Saad Nasim,Kamran Akmal,Shaheen Shah Afridi,1,0,,,,,,,,,
1128846,2017/18,2018-03-16,Sharjah Cricket Stadium,2,16.3,Peshawar Zalmi,Lahore Qalandars,Kamran Akmal,Saad Nasim,Shaheen Shah Afridi,1,0,,,,,,,,,
1128846,2017/18,2018-03-16,Sharjah Cricket Stadium,2,16.4,Peshawar Zalmi,Lahore Qalandars,Saad Nasim,Kamran Akmal,Shaheen Shah Afridi,1,0,,,,,,,,,
1128846,2017/18,2018-03-16,Sharjah Cricket Stadium,2,16.5,Peshawar Zalmi,Lahore Qalandars,Kamran Akmal,Saad Nasim,Shaheen Shah Afridi,4,0,,,,,,,,,
1128846,2017/18,2018-03-16,Sharjah Cricket Stadium,2,16.6,Peshawar Zalmi,Lahore Qalandars,Kamran Akmal,Saad Nasim,Shaheen Shah Afridi,4,0,,,,,,,,,
1128846,2017/18,2018-03-16,Sharjah Cricket Stadium,2,17.1,Peshawar Zalmi,Lahore Qalandars,Saad Nasim,Kamran Akmal,MJ McClenaghan,0,0,,,,,,,,,
1128846,2017/18,2018-03-16,Sharjah Cricket Stadium,2,17.2,Peshawar Zalmi,Lahore Qalandars,Saad Nasim,Kamran Akmal,MJ McClenaghan,6,0,,,,,,,,,
1128846,2017/18,2018-03-16,Sharjah Cricket Stadium,2,17.3,Peshawar Zalmi,Lahore Qalandars,Saad Nasim,Kamran Akmal,MJ McClenaghan,1,0,,,,,,,,,
1128846,2017/18,2018-03-16,Sharjah Cricket Stadium,2,17.4,Peshawar Zalmi,Lahore Qalandars,Kamran Akmal,Saad Nasim,MJ McClenaghan,1,0,,,,,,,,,
1128846,2017/18,2018-03-16,Sharjah Cricket Stadium,2,17.5,Peshawar Zalmi,Lahore Qalandars,Saad Nasim,Kamran Akmal,MJ McClenaghan,4,0,,,,,,,,,
1128846,2017/18,2018-03-16,Sharjah Cricket Stadium,2,17.6,Peshawar Zalmi,Lahore Qalandars,Saad Nasim,Kamran Akmal,MJ McClenaghan,4,0,,,,,,,,,
