match_id,season,start_date,venue,innings,ball,batting_team,bowling_team,striker,non_striker,bowler,runs_off_bat,extras,wides,noballs,byes,legbyes,penalty,wicket_type,player_dismissed,other_wicket_type,other_player_dismissed
1128836,2017/18,2018-03-08,Dubai International Cricket Stadium,1,0.1,Quetta Gladiators,Karachi Kings,Asad Shafiq,SR Watson,Imad Wasim,1,0,,,,,,,,,
1128836,2017/18,2018-03-08,Dubai International Cricket Stadium,1,0.2,Quetta Gladiators,Karachi Kings,SR Watson,Asad Shafiq,Imad Wasim,2,0,,,,,,,,,
1128836,2017/18,2018-03-08,Dubai International Cricket Stadium,1,0.3,Quetta Gladiators,Karachi Kings,SR Watson,Asad Shafiq,Imad Wasim,4,0,,,,,,,,,
1128836,2017/18,2018-03-08,Dubai International Cricket Stadium,1,0.4,Quetta Gladiators,Karachi Kings,SR Watson,Asad Shafiq,Imad Wasim,0,0,,,,,,,,,
1128836,2017/18,2018-03-08,Dubai International Cricket Stadium,1,0.5,Quetta Gladiators,Karachi Kings,SR Watson,Asad Shafiq,Imad Wasim,0,0,,,,,,,,,
1128836,2017/18,2018-03-08,Dubai International Cricket Stadium,1,0.6,Quetta Gladiators,Karachi Kings,SR Watson,Asad Shafiq,Imad Wasim,0,0,,,,,,,,,
1128836,2017/18,2018-03-08,Dubai International Cricket Stadium,1,1.1,Quetta Gladiators,Karachi Kings,Asad Shafiq,SR Watson,Mohammad Amir,0,0,,,,,,,,,
1128836,2017/18,2018-03-08,Dubai International Cricket Stadium,1,1.2,Quetta Gladiators,Karachi Kings,Asad Shafiq,SR Watson,Mohammad Amir,1,0,,,,,,,,,
1128836,2017/18,2018-03-08,Dubai International Cricket Stadium,1,1.3,Quetta Gladiators,Karachi Kings,SR Watson,Asad Shafiq,Mohammad Amir,0,0,,,,,,,,,
1128836,2017/18,2018-03-08,Dubai International Cricket Stadium,1,1.4,Quetta Gladiators,Karachi Kings,SR Watson,Asad Shafiq,Mohammad Amir,0,0,,,,,,,,,
1128836,2017/18,2018-03-08,Dubai International Cricket Stadium,1,1.5,Quetta Gladiators,Karachi Kings,SR Watson,Asad Shafiq,Mohammad Amir,0,0,,,,,,,,,
1128836,2017/18,2018-03-08,Dubai International Cricket Stadium,1,1.6,Quetta Gladiators,Karachi Kings,SR Watson,Asad Shafiq,Mohammad Amir,1,0,,,,,,,,,
1128836,2017/18,2018-03-08,Dubai International Cricket Stadium,1,2.1,Quetta Gladiators,Karachi Kings,SR Watson,Asad Shafiq,Imad Wasim,0,0,,,,,,,,,
1128836,2017/18,2018-03-08,Dubai International Cricket Stadium,1,2.2,Quetta Gladiators,Karachi Kings,SR Watson,Asad Shafiq,Imad Wasim,6,0,,,,,,,,,
1128836,2017/18,2018-03-08,Dubai International Cricket Stadium,1,2.3,Quetta Gladiators,Karachi Kings,SR Watson,Asad Shafiq,Imad Wasim,0,0,,,,,,,,,
1128836,2017/18,2018-03-08,Dubai International Cricket Stadium,1,2.4,Quetta Gladiators,Karachi Kings,SR Watson,Asad Shafiq,Imad Wasim,0,0,,,,,,,,,
1128836,2017/18,2018-03-08,Dubai International Cricket Stadium,1,2.5,Quetta Gladiators,Karachi Kings,SR Watson,Asad Shafiq,Imad Wasim,6,0,,,,,,,,,
1128836,2017/18,2018-03-08,Dubai International Cricket Stadium,1,2.6,Quetta Gladiators,Karachi Kings,SR Watson,Asad Shafiq,Imad Wasim,6,0,,,,,,,,,
1128836,2017/18,2018-03-08,Dubai International Cricket Stadium,1,3.1,Quetta Gladiators,Karachi Kings,Asad Shafiq,SR Watson,Mohammad Amir,2,0,,,,,,,,,
1128836,2017/18,2018-03-08,Dubai International Cricket Stadium,1,3.2,Quetta Gladiators,Karachi Kings,Asad Shafiq,SR Watson,Mohammad Amir,1,0,,,,,,,,,
1128836,2017/18,2018-03-08,Dubai International Cricket Stadium,1,3.3,Quetta Gladiators,Karachi Kings,SR Watson,Asad Shafiq,Mohammad Amir,0,0,,,,,,,,,
1128836,2017/18,2018-03-08,Dubai International Cricket Stadium,1,3.4,Quetta Gladiators,Karachi Kings,SR Watson,Asad Shafiq,Mohammad Amir,4,0,,,,,,,,,
1128836,2017/18,2018-03-08,Dubai International Cricket Stadium,1,3.5,Quetta Gladiators,Karachi Kings,SR Watson,Asad Shafiq,Mohammad Amir,0,0,,,,,,,,,
1128836,2017/18,2018-03-08,Dubai International Cricket Stadium,1,3.6,Quetta Gladiators,Karachi Kings,SR Watson,Asad Shafiq,Mohammad Amir,0,0,,,,,,,,,
1128836,2017/18,2018-03-08,Dubai International Cricket Stadium,1,4.1,Quetta Gladiators,Karachi Kings,Asad Shafiq,SR Watson,Usman Shinwari,0,0,,,,,,,,,
1128836,2017/18,2018-03-08,Dubai International Cricket Stadium,1,4.2,Quetta Gladiators,Karachi Kings,Asad Shafiq,SR Watson,Usman Shinwari,1,0,,,,,,,,,
1128836,2017/18,2018-03-08,Dubai International Cricket Stadium,1,4.3,Quetta Gladiators,Karachi Kings,SR Watson,Asad Shafiq,Usman Shinwari,0,0,,,,,,,,,
1128836,2017/18,2018-03-08,Dubai International Cricket Stadium,1,4.4,Quetta Gladiators,Karachi Kings,SR Watson,Asad Shafiq,Usman Shinwari,1,0,,,,,,,,,
1128836,2017/18,2018-03-08,Dubai International Cricket Stadium,1,4.5,Quetta Gladiators,Karachi Kings,Asad Shafiq,SR Watson,Usman Shinwari,0,0,,,,,,,,,
1128836,2017/18,2018-03-08,Dubai International Cricket Stadium,1,4.6,Quetta Gladiators,Karachi Kings,Asad Shafiq,SR Watson,Usman Shinwari,1,0,,,,,,,,,
1128836,2017/18,2018-03-08,Dubai International Cricket Stadium,1,5.1,Quetta Gladiators,Karachi Kings,Asad Shafiq,SR Watson,Mohammad Irfan (4),0,0,,,,,,,,,
1128836,2017/18,2018-03-08,Dubai International Cricket Stadium,1,5.2,Quetta Gladiators,Karachi Kings,Asad Shafiq,SR Watson,Mohammad Irfan (4),1,0,,,,,,,,,
1128836,2017/18,2018-03-08,Dubai International Cricket Stadium,1,5.3,Quetta Gladiators,Karachi Kings,SR Watson,Asad Shafiq,Mohammad Irfan (4),4,0,,,,,,,,,
1128836,2017/18,2018-03-08,Dubai International Cricket Stadium,1,5.4,Quetta Gladiators,Karachi Kings,SR Watson,Asad Shafiq,Mohammad Irfan (4),0,0,,,,,,,,,
1128836,2017/18,2018-03-08,Dubai International Cricket Stadium,1,5.5,Quetta Gladiators,Karachi Kings,SR Watson,Asad Shafiq,Mohammad Irfan (4),6,0,,,,,,,,,
1128836,2017/18,2018-03-08,Dubai International Cricket Stadium,1,5.6,Quetta Gladiators,Karachi Kings,SR Watson,Asad Shafiq,Mohammad Irfan (4),4,0,,,,,,,,,
1128836,2017/18,2018-03-08,Dubai International Cricket Stadium,1,6.1,Quetta Gladiators,Karachi Kings,Asad Shafiq,SR Watson,Shahid Afridi,4,0,,,,,,,,,
1128836,2017/18,2018-03-08,Dubai International Cricket Stadium,1,6.2,Quetta Gladiators,Karachi Kings,Asad Shafiq,SR Watson,Shahid Afridi,4,0,,,,,,,,,
1128836,2017/18,2018-03-08,Dubai International Cricket Stadium,1,6.3,Quetta Gladiators,Karachi Kings,Asad Shafiq,SR Watson,Shahid Afridi,0,0,,,,,,,,,
1128836,2017/18,2018-03-08,Dubai International Cricket Stadium,1,6.4,Quetta Gladiators,Karachi Kings,Asad Shafiq,SR Watson,Shahid Afridi,0,0,,,,,,,,,
1128836,2017/18,2018-03-08,Dubai International Cricket Stadium,1,6.5,Quetta Gladiators,Karachi Kings,Asad Shafiq,SR Watson,Shahid Afridi,0,0,,,,,,lbw,Asad Shafiq,,
1128836,2017/18,2018-03-08,Dubai International Cricket Stadium,1,6.6,Quetta Gladiators,Karachi Kings,KP Pietersen,SR Watson,Shahid Afridi,1,0,,,,,,,,,
1128836,2017/18,2018-03-08,Dubai International Cricket Stadium,1,7.1,Quetta Gladiators,Karachi Kings,KP Pietersen,SR Watson,Usman Shinwari,0,0,,,,,,,,,
1128836,2017/18,2018-03-08,Dubai International Cricket Stadium,1,7.2,Quetta Gladiators,Karachi Kings,KP Pietersen,SR Watson,Usman Shinwari,1,0,,,,,,,,,
1128836,2017/18,2018-03-08,Dubai International Cricket Stadium,1,7.3,Quetta Gladiators,Karachi Kings,SR Watson,KP Pietersen,Usman Shinwari,0,0,,,,,,,,,
1128836,2017/18,2018-03-08,Dubai International Cricket Stadium,1,7.4,Quetta Gladiators,Karachi Kings,SR Watson,KP Pietersen,Usman Shinwari,1,0,,,,,,,,,
1128836,2017/18,2018-03-08,Dubai International Cricket Stadium,1,7.5,Quetta Gladiators,Karachi Kings,KP Pietersen,SR Watson,Usman Shinwari,4,0,,,,,,,,,
1128836,2017/18,2018-03-08,Dubai International Cricket Stadium,1,7.6,Quetta Gladiators,Karachi Kings,KP Pietersen,SR Watson,Usman Shinwari,1,0,,,,,,,,,
1128836,2017/18,2018-03-08,Dubai International Cricket Stadium,1,8.1,Quetta Gladiators,Karachi Kings,KP Pietersen,SR Watson,Shahid Afridi,0,0,,,,,,,,,
1128836,2017/18,2018-03-08,Dubai International Cricket Stadium,1,8.2,Quetta Gladiators,Karachi Kings,KP Pietersen,SR Watson,Shahid Afridi,1,0,,,,,,,,,
1128836,2017/18,2018-03-08,Dubai International Cricket Stadium,1,8.3,Quetta Gladiators,Karachi Kings,SR Watson,KP Pietersen,Shahid Afridi,2,0,,,,,,,,,
1128836,2017/18,2018-03-08,Dubai International Cricket Stadium,1,8.4,Quetta Gladiators,Karachi Kings,SR Watson,KP Pietersen,Shahid Afridi,0,0,,,,,,,,,
1128836,2017/18,2018-03-08,Dubai International Cricket Stadium,1,8.5,Quetta Gladiators,Karachi Kings,SR Watson,KP Pietersen,Shahid Afridi,1,0,,,,,,,,,
1128836,2017/18,2018-03-08,Dubai International Cricket Stadium,1,8.6,Quetta Gladiators,Karachi Kings,KP Pietersen,SR Watson,Shahid Afridi,1,0,,,,,,,,,
1128836,2017/18,2018-03-08,Dubai International Cricket Stadium,1,9.1,Quetta Gladiators,Karachi Kings,KP Pietersen,SR Watson,D Wiese,0,0,,,,,,,,,
1128836,2017/18,2018-03-08,Dubai International Cricket Stadium,1,9.2,Quetta Gladiators,Karachi Kings,KP Pietersen,SR Watson,D Wiese,0,0,,,,,,,,,
1128836,2017/18,2018-03-08,Dubai International Cricket Stadium,1,9.3,Quetta Gladiators,Karachi Kings,KP Pietersen,SR Watson,D Wiese,1,0,,,,,,,,,
1128836,2017/18,2018-03-08,Dubai International Cricket Stadium,1,9.4,Quetta Gladiators,Karachi Kings,SR Watson,KP Pietersen,D Wiese,1,0,,,,,,,,,
1128836,2017/18,2018-03-08,Dubai International Cricket Stadium,1,9.5,Quetta Gladiators,Karachi Kings,KP Pietersen,SR Watson,D Wiese,4,0,,,,,,,,,
1128836,2017/18,2018-03-08,Dubai International Cricket Stadium,1,9.6,Quetta Gladiators,Karachi Kings,KP Pietersen,SR Watson,D Wiese,6,0,,,,,,,,,
1128836,2017/18,2018-03-08,Dubai International Cricket Stadium,1,10.1,Quetta Gladiators,Karachi Kings,SR Watson,KP Pietersen,Shahid Afridi,0,0,,,,,,,,,
1128836,2017/18,2018-03-08,Dubai International Cricket Stadium,1,10.2,Quetta Gladiators,Karachi Kings,SR Watson,KP Pietersen,Shahid Afridi,0,0,,,,,,,,,
1128836,2017/18,2018-03-08,Dubai International Cricket Stadium,1,10.3,Quetta Gladiators,Karachi Kings,SR Watson,KP Pietersen,Shahid Afridi,1,0,,,,,,,,,
1128836,2017/18,2018-03-08,Dubai International Cricket Stadium,1,10.4,Quetta Gladiators,Karachi Kings,KP Pietersen,SR Watson,Shahid Afridi,4,0,,,,,,,,,
1128836,2017/18,2018-03-08,Dubai International Cricket Stadium,1,10.5,Quetta Gladiators,Karachi Kings,KP Pietersen,SR Watson,Shahid Afridi,4,0,,,,,,,,,
1128836,2017/18,2018-03-08,Dubai International Cricket Stadium,1,10.6,Quetta Gladiators,Karachi Kings,KP Pietersen,SR Watson,Shahid Afridi,1,0,,,,,,,,,
1128836,2017/18,2018-03-08,Dubai International Cricket Stadium,1,11.1,Quetta Gladiators,Karachi Kings,KP Pietersen,SR Watson,D Wiese,1,0,,,,,,,,,
1128836,2017/18,2018-03-08,Dubai International Cricket Stadium,1,11.2,Quetta Gladiators,Karachi Kings,SR Watson,KP Pietersen,D Wiese,1,0,,,,,,,,,
1128836,2017/18,2018-03-08,Dubai International Cricket Stadium,1,11.3,Quetta Gladiators,Karachi Kings,KP Pietersen,SR Watson,D Wiese,0,0,,,,,,,,,
1128836,2017/18,2018-03-08,Dubai International Cricket Stadium,1,11.4,Quetta Gladiators,Karachi Kings,KP Pietersen,SR Watson,D Wiese,1,0,,,,,,,,,
1128836,2017/18,2018-03-08,Dubai International Cricket Stadium,1,11.5,Quetta Gladiators,Karachi Kings,SR Watson,KP Pietersen,D Wiese,1,0,,,,,,,,,
1128836,2017/18,2018-03-08,Dubai International Cricket Stadium,1,11.6,Quetta Gladiators,Karachi Kings,KP Pietersen,SR Watson,D Wiese,4,0,,,,,,,,,
1128836,2017/18,2018-03-08,Dubai International Cricket Stadium,1,12.1,Quetta Gladiators,Karachi Kings,SR Watson,KP Pietersen,Shahid Afridi,1,0,,,,,,,,,
1128836,2017/18,2018-03-08,Dubai International Cricket Stadium,1,12.2,Quetta Gladiators,Karachi Kings,KP Pietersen,SR Watson,Shahid Afridi,1,0,,,,,,,,,
1128836,2017/18,2018-03-08,Dubai International Cricket Stadium,1,12.3,Quetta Gladiators,Karachi Kings,SR Watson,KP Pietersen,Shahid Afridi,1,0,,,,,,,,,
1128836,2017/18,2018-03-08,Dubai International Cricket Stadium,1,12.4,Quetta Gladiators,Karachi Kings,KP Pietersen,SR Watson,Shahid Afridi,0,0,,,,,,,,,
1128836,2017/18,2018-03-08,Dubai International Cricket Stadium,1,12.5,Quetta Gladiators,Karachi Kings,KP Pietersen,SR Watson,Shahid Afridi,1,0,,,,,,,,,
1128836,2017/18,2018-03-08,Dubai International Cricket Stadium,1,12.6,Quetta Gladiators,Karachi Kings,SR Watson,KP Pietersen,Shahid Afridi,1,0,,,,,,,,,
1128836,2017/18,2018-03-08,Dubai International Cricket Stadium,1,13.1,Quetta Gladiators,Karachi Kings,SR Watson,KP Pietersen,Mohammad Amir,6,0,,,,,,,,,
1128836,2017/18,2018-03-08,Dubai International Cricket Stadium,1,13.2,Quetta Gladiators,Karachi Kings,SR Watson,KP Pietersen,Mohammad Amir,1,0,,,,,,,,,
1128836,2017/18,2018-03-08,Dubai International Cricket Stadium,1,13.3,Quetta Gladiators,Karachi Kings,KP Pietersen,SR Watson,Mohammad Amir,4,0,,,,,,,,,
1128836,2017/18,2018-03-08,Dubai International Cricket Stadium,1,13.4,Quetta Gladiators,Karachi Kings,KP Pietersen,SR Watson,Mohammad Amir,1,0,,,,,,,,,
1128836,2017/18,2018-03-08,Dubai International Cricket Stadium,1,13.5,Quetta Gladiators,Karachi Kings,SR Watson,KP Pietersen,Mohammad Amir,1,0,,,,,,,,,
1128836,2017/18,2018-03-08,Dubai International Cricket Stadium,1,13.6,Quetta Gladiators,Karachi Kings,KP Pietersen,SR Watson,Mohammad Amir,1,0,,,,,,,,,
1128836,2017/18,2018-03-08,Dubai International Cricket Stadium,1,14.1,Quetta Gladiators,Karachi Kings,KP Pietersen,SR Watson,Usman Shinwari,0,0,,,,,,,,,
1128836,2017/18,2018-03-08,Dubai International Cricket Stadium,1,14.2,Quetta Gladiators,Karachi Kings,KP Pietersen,SR Watson,Usman Shinwari,1,0,,,,,,,,,
1128836,2017/18,2018-03-08,Dubai International Cricket Stadium,1,14.3,Quetta Gladiators,Karachi Kings,SR Watson,KP Pietersen,Usman Shinwari,1,0,,,,,,,,,
1128836,2017/18,2018-03-08,Dubai International Cricket Stadium,1,14.4,Quetta Gladiators,Karachi Kings,KP Pietersen,SR Watson,Usman Shinwari,1,0,,,,,,,,,
1128836,2017/18,2018-03-08,Dubai International Cricket Stadium,1,14.5,Quetta Gladiators,Karachi Kings,SR Watson,KP Pietersen,Usman Shinwari,1,0,,,,,,,,,
1128836,2017/18,2018-03-08,Dubai International Cricket Stadium,1,14.6,Quetta Gladiators,Karachi Kings,KP Pietersen,SR Watson,Usman Shinwari,4,0,,,,,,,,,
1128836,2017/18,2018-03-08,Dubai International Cricket Stadium,1,15.1,Quetta Gladiators,Karachi Kings,SR Watson,KP Pietersen,Mohammad Irfan (4),1,0,,,,,,,,,
1128836,2017/18,2018-03-08,Dubai International Cricket Stadium,1,15.2,Quetta Gladiators,Karachi Kings,KP Pietersen,SR Watson,Mohammad Irfan (4),1,0,,,,,,,,,
1128836,2017/18,2018-03-08,Dubai International Cricket Stadium,1,15.3,Quetta Gladiators,Karachi Kings,SR Watson,KP Pietersen,Mohammad Irfan (4),6,0,,,,,,,,,
1128836,2017/18,2018-03-08,Dubai International Cricket Stadium,1,15.4,Quetta Gladiators,Karachi Kings,SR Watson,KP Pietersen,Mohammad Irfan (4),0,1,,,,1,,,,,
1128836,2017/18,2018-03-08,Dubai International Cricket Stadium,1,15.5,Quetta Gladiators,Karachi Kings,KP Pietersen,SR Watson,Mohammad Irfan (4),1,0,,,,,,,,,
1128836,2017/18,2018-03-08,Dubai International Cricket Stadium,1,15.6,Quetta Gladiators,Karachi Kings,SR Watson,KP Pietersen,Mohammad Irfan (4),4,0,,,,,,,,,
1128836,2017/18,2018-03-08,Dubai International Cricket Stadium,1,16.1,Quetta Gladiators,Karachi Kings,KP Pietersen,SR Watson,Usman Shinwari,1,0,,,,,,,,,
1128836,2017/18,2018-03-08,Dubai International Cricket Stadium,1,16.2,Quetta Gladiators,Karachi Kings,SR Watson,KP Pietersen,Usman Shinwari,1,0,,,,,,,,,
1128836,2017/18,2018-03-08,Dubai International Cricket Stadium,1,16.3,Quetta Gladiators,Karachi Kings,KP Pietersen,SR Watson,Usman Shinwari,0,0,,,,,,caught,KP Pietersen,,
1128836,2017/18,2018-03-08,Dubai International Cricket Stadium,1,16.4,Quetta Gladiators,Karachi Kings,SR Watson,RR Rossouw,Usman Shinwari,0,0,,,,,,,,,
1128836,2017/18,2018-03-08,Dubai International Cricket Stadium,1,16.5,Quetta Gladiators,Karachi Kings,SR Watson,RR Rossouw,Usman Shinwari,1,0,,,,,,,,,
1128836,2017/18,2018-03-08,Dubai International Cricket Stadium,1,16.6,Quetta Gladiators,Karachi Kings,RR Rossouw,SR Watson,Usman Shinwari,1,0,,,,,,,,,
1128836,2017/18,2018-03-08,Dubai International Cricket Stadium,1,17.1,Quetta Gladiators,Karachi Kings,RR Rossouw,SR Watson,D Wiese,6,0,,,,,,,,,
1128836,2017/18,2018-03-08,Dubai International Cricket Stadium,1,17.2,Quetta Gladiators,Karachi Kings,RR Rossouw,SR Watson,D Wiese,0,0,,,,,,,,,
1128836,2017/18,2018-03-08,Dubai International Cricket Stadium,1,17.3,Quetta Gladiators,Karachi Kings,RR Rossouw,SR Watson,D Wiese,4,0,,,,,,,,,
1128836,2017/18,2018-03-08,Dubai International Cricket Stadium,1,17.4,Quetta Gladiators,Karachi Kings,RR Rossouw,SR Watson,D Wiese,1,0,,,,,,,,,
1128836,2017/18,2018-03-08,Dubai International Cricket Stadium,1,17.5,Quetta Gladiators,Karachi Kings,SR Watson,RR Rossouw,D Wiese,1,0,,,,,,,,,
1128836,2017/18,2018-03-08,Dubai International Cricket Stadium,1,17.6,Quetta Gladiators,Karachi Kings,RR Rossouw,SR Watson,D Wiese,1,0,,,,,,,,,
1128836,2017/18,2018-03-08,Dubai International Cricket Stadium,1,18.1,Quetta Gladiators,Karachi Kings,RR Rossouw,SR Watson,Mohammad Amir,0,0,,,,,,caught,RR Rossouw,,
1128836,2017/18,2018-03-08,Dubai International Cricket Stadium,1,18.2,Quetta Gladiators,Karachi Kings,SR Watson,Anwar Ali,Mohammad Amir,1,0,,,,,,,,,
1128836,2017/18,2018-03-08,Dubai International Cricket Stadium,1,18.3,Quetta Gladiators,Karachi Kings,Anwar Ali,SR Watson,Mohammad Amir,1,0,,,,,,,,,
1128836,2017/18,2018-03-08,Dubai International Cricket Stadium,1,18.4,Quetta Gladiators,Karachi Kings,SR Watson,Anwar Ali,Mohammad Amir,1,0,,,,,,,,,
1128836,2017/18,2018-03-08,Dubai International Cricket Stadium,1,18.5,Quetta Gladiators,Karachi Kings,Anwar Ali,SR Watson,Mohammad Amir,1,0,,,,,,,,,
1128836,2017/18,2018-03-08,Dubai International Cricket Stadium,1,18.6,Quetta Gladiators,Karachi Kings,SR Watson,Anwar Ali,Mohammad Amir,0,1,1,,,,,,,,
1128836,2017/18,2018-03-08,Dubai International Cricket Stadium,1,18.7,Quetta Gladiators,Karachi Kings,SR Watson,Anwar Ali,Mohammad Amir,1,0,,,,,,,,,
1128836,2017/18,2018-03-08,Dubai International Cricket Stadium,1,19.1,Quetta Gladiators,Karachi Kings,SR Watson,Anwar Ali,Mohammad Irfan (4),6,0,,,,,,,,,
1128836,2017/18,2018-03-08,Dubai International Cricket Stadium,1,19.2,Quetta Gladiators,Karachi Kings,SR Watson,Anwar Ali,Mohammad Irfan (4),1,0,,,,,,,,,
1128836,2017/18,2018-03-08,Dubai International Cricket Stadium,1,19.3,Quetta Gladiators,Karachi Kings,Anwar Ali,SR Watson,Mohammad Irfan (4),4,0,,,,,,,,,
1128836,2017/18,2018-03-08,Dubai International Cricket Stadium,1,19.4,Quetta Gladiators,Karachi Kings,Anwar Ali,SR Watson,Mohammad Irfan (4),0,0,,,,,,caught,Anwar Ali,,
1128836,2017/18,2018-03-08,Dubai International Cricket Stadium,1,19.5,Quetta Gladiators,Karachi Kings,SR Watson,Rameez Raja (2),Mohammad Irfan (4),1,0,,,,,,,,,
1128836,2017/18,2018-03-08,Dubai International Cricket Stadium,1,19.6,Quetta Gladiators,Karachi Kings,Rameez Raja (2),SR Watson,Mohammad Irfan (4),1,0,,,,,,,,,
1128836,2017/18,2018-03-08,Dubai International Cricket Stadium,2,0.1,Karachi Kings,Quetta Gladiators,JL Denly,Shahid Afridi,Mohammad Nawaz (3),1,0,,,,,,,,,
1128836,2017/18,2018-03-08,Dubai International Cricket Stadium,2,0.2,Karachi Kings,Quetta Gladiators,Shahid Afridi,JL Denly,Mohammad Nawaz (3),0,0,,,,,,,,,
1128836,2017/18,2018-03-08,Dubai International Cricket Stadium,2,0.3,Karachi Kings,Quetta Gladiators,Shahid Afridi,JL Denly,Mohammad Nawaz (3),0,0,,,,,,,,,
1128836,2017/18,2018-03-08,Dubai International Cricket Stadium,2,0.4,Karachi Kings,Quetta Gladiators,Shahid Afridi,JL Denly,Mohammad Nawaz (3),1,0,,,,,,,,,
1128836,2017/18,2018-03-08,Dubai International Cricket Stadium,2,0.5,Karachi Kings,Quetta Gladiators,JL Denly,Shahid Afridi,Mohammad Nawaz (3),0,0,,,,,,,,,
1128836,2017/18,2018-03-08,Dubai International Cricket Stadium,2,0.6,Karachi Kings,Quetta Gladiators,JL Denly,Shahid Afridi,Mohammad Nawaz (3),0,0,,,,,,stumped,JL Denly,,
1128836,2017/18,2018-03-08,Dubai International Cricket Stadium,2,1.1,Karachi Kings,Quetta Gladiators,Shahid Afridi,CA Ingram,Rahat Ali,0,0,,,,,,,,,
1128836,2017/18,2018-03-08,Dubai International Cricket Stadium,2,1.2,Karachi Kings,Quetta Gladiators,Shahid Afridi,CA Ingram,Rahat Ali,0,0,,,,,,,,,
1128836,2017/18,2018-03-08,Dubai International Cricket Stadium,2,1.3,Karachi Kings,Quetta Gladiators,Shahid Afridi,CA Ingram,Rahat Ali,0,0,,,,,,caught,Shahid Afridi,,
1128836,2017/18,2018-03-08,Dubai International Cricket Stadium,2,1.4,Karachi Kings,Quetta Gladiators,CA Ingram,Babar Azam,Rahat Ali,0,0,,,,,,,,,
1128836,2017/18,2018-03-08,Dubai International Cricket Stadium,2,1.5,Karachi Kings,Quetta Gladiators,CA Ingram,Babar Azam,Rahat Ali,4,0,,,,,,,,,
1128836,2017/18,2018-03-08,Dubai International Cricket Stadium,2,1.6,Karachi Kings,Quetta Gladiators,CA Ingram,Babar Azam,Rahat Ali,0,0,,,,,,,,,
1128836,2017/18,2018-03-08,Dubai International Cricket Stadium,2,2.1,Karachi Kings,Quetta Gladiators,Babar Azam,CA Ingram,Mohammad Nawaz (3),0,0,,,,,,,,,
1128836,2017/18,2018-03-08,Dubai International Cricket Stadium,2,2.2,Karachi Kings,Quetta Gladiators,Babar Azam,CA Ingram,Mohammad Nawaz (3),2,0,,,,,,,,,
1128836,2017/18,2018-03-08,Dubai International Cricket Stadium,2,2.3,Karachi Kings,Quetta Gladiators,Babar Azam,CA Ingram,Mohammad Nawaz (3),0,0,,,,,,,,,
1128836,2017/18,2018-03-08,Dubai International Cricket Stadium,2,2.4,Karachi Kings,Quetta Gladiators,Babar Azam,CA Ingram,Mohammad Nawaz (3),4,0,,,,,,,,,
1128836,2017/18,2018-03-08,Dubai International Cricket Stadium,2,2.5,Karachi Kings,Quetta Gladiators,Babar Azam,CA Ingram,Mohammad Nawaz (3),0,0,,,,,,,,,
1128836,2017/18,2018-03-08,Dubai International Cricket Stadium,2,2.6,Karachi Kings,Quetta Gladiators,Babar Azam,CA Ingram,Mohammad Nawaz (3),1,0,,,,,,,,,
1128836,2017/18,2018-03-08,Dubai International Cricket Stadium,2,3.1,Karachi Kings,Quetta Gladiators,Babar Azam,CA Ingram,Rahat Ali,4,0,,,,,,,,,
1128836,2017/18,2018-03-08,Dubai International Cricket Stadium,2,3.2,Karachi Kings,Quetta Gladiators,Babar Azam,CA Ingram,Rahat Ali,0,0,,,,,,,,,
1128836,2017/18,2018-03-08,Dubai International Cricket Stadium,2,3.3,Karachi Kings,Quetta Gladiators,Babar Azam,CA Ingram,Rahat Ali,0,0,,,,,,,,,
1128836,2017/18,2018-03-08,Dubai International Cricket Stadium,2,3.4,Karachi Kings,Quetta Gladiators,Babar Azam,CA Ingram,Rahat Ali,0,0,,,,,,,,,
1128836,2017/18,2018-03-08,Dubai International Cricket Stadium,2,3.5,Karachi Kings,Quetta Gladiators,Babar Azam,CA Ingram,Rahat Ali,2,0,,,,,,,,,
1128836,2017/18,2018-03-08,Dubai International Cricket Stadium,2,3.6,Karachi Kings,Quetta Gladiators,Babar Azam,CA Ingram,Rahat Ali,4,0,,,,,,,,,
1128836,2017/18,2018-03-08,Dubai International Cricket Stadium,2,4.1,Karachi Kings,Quetta Gladiators,CA Ingram,Babar Azam,Mohammad Nawaz (3),0,0,,,,,,,,,
1128836,2017/18,2018-03-08,Dubai International Cricket Stadium,2,4.2,Karachi Kings,Quetta Gladiators,CA Ingram,Babar Azam,Mohammad Nawaz (3),1,0,,,,,,,,,
1128836,2017/18,2018-03-08,Dubai International Cricket Stadium,2,4.3,Karachi Kings,Quetta Gladiators,Babar Azam,CA Ingram,Mohammad Nawaz (3),0,0,,,,,,,,,
1128836,2017/18,2018-03-08,Dubai International Cricket Stadium,2,4.4,Karachi Kings,Quetta Gladiators,Babar Azam,CA Ingram,Mohammad Nawaz (3),0,0,,,,,,,,,
1128836,2017/18,2018-03-08,Dubai International Cricket Stadium,2,4.5,Karachi Kings,Quetta Gladiators,Babar Azam,CA Ingram,Mohammad Nawaz (3),0,0,,,,,,,,,
1128836,2017/18,2018-03-08,Dubai International Cricket Stadium,2,4.6,Karachi Kings,Quetta Gladiators,Babar Azam,CA Ingram,Mohammad Nawaz (3),1,0,,,,,,,,,
1128836,2017/18,2018-03-08,Dubai International Cricket Stadium,2,5.1,Karachi Kings,Quetta Gladiators,Babar Azam,CA Ingram,Hassan Khan,0,0,,,,,,,,,
1128836,2017/18,2018-03-08,Dubai International Cricket Stadium,2,5.2,Karachi Kings,Quetta Gladiators,Babar Azam,CA Ingram,Hassan Khan,0,0,,,,,,,,,
1128836,2017/18,2018-03-08,Dubai International Cricket Stadium,2,5.3,Karachi Kings,Quetta Gladiators,Babar Azam,CA Ingram,Hassan Khan,6,0,,,,,,,,,
1128836,2017/18,2018-03-08,Dubai International Cricket Stadium,2,5.4,Karachi Kings,Quetta Gladiators,Babar Azam,CA Ingram,Hassan Khan,0,0,,,,,,,,,
1128836,2017/18,2018-03-08,Dubai International Cricket Stadium,2,5.5,Karachi Kings,Quetta Gladiators,Babar Azam,CA Ingram,Hassan Khan,1,0,,,,,,,,,
1128836,2017/18,2018-03-08,Dubai International Cricket Stadium,2,5.6,Karachi Kings,Quetta Gladiators,CA Ingram,Babar Azam,Hassan Khan,0,0,,,,,,caught,CA Ingram,,
1128836,2017/18,2018-03-08,Dubai International Cricket Stadium,2,6.1,Karachi Kings,Quetta Gladiators,Babar Azam,RS Bopara,B Laughlin,1,0,,,,,,,,,
1128836,2017/18,2018-03-08,Dubai International Cricket Stadium,2,6.2,Karachi Kings,Quetta Gladiators,RS Bopara,Babar Azam,B Laughlin,0,0,,,,,,caught,RS Bopara,,
1128836,2017/18,2018-03-08,Dubai International Cricket Stadium,2,6.3,Karachi Kings,Quetta Gladiators,Imad Wasim,Babar Azam,B Laughlin,0,0,,,,,,,,,
1128836,2017/18,2018-03-08,Dubai International Cricket Stadium,2,6.4,Karachi Kings,Quetta Gladiators,Imad Wasim,Babar Azam,B Laughlin,2,0,,,,,,,,,
1128836,2017/18,2018-03-08,Dubai International Cricket Stadium,2,6.5,Karachi Kings,Quetta Gladiators,Imad Wasim,Babar Azam,B Laughlin,0,0,,,,,,,,,
1128836,2017/18,2018-03-08,Dubai International Cricket Stadium,2,6.6,Karachi Kings,Quetta Gladiators,Imad Wasim,Babar Azam,B Laughlin,1,0,,,,,,,,,
1128836,2017/18,2018-03-08,Dubai International Cricket Stadium,2,7.1,Karachi Kings,Quetta Gladiators,Imad Wasim,Babar Azam,Hassan Khan,1,0,,,,,,,,,
1128836,2017/18,2018-03-08,Dubai International Cricket Stadium,2,7.2,Karachi Kings,Quetta Gladiators,Babar Azam,Imad Wasim,Hassan Khan,0,0,,,,,,,,,
1128836,2017/18,2018-03-08,Dubai International Cricket Stadium,2,7.3,Karachi Kings,Quetta Gladiators,Babar Azam,Imad Wasim,Hassan Khan,0,0,,,,,,,,,
1128836,2017/18,2018-03-08,Dubai International Cricket Stadium,2,7.4,Karachi Kings,Quetta Gladiators,Babar Azam,Imad Wasim,Hassan Khan,0,0,,,,,,,,,
1128836,2017/18,2018-03-08,Dubai International Cricket Stadium,2,7.5,Karachi Kings,Quetta Gladiators,Babar Azam,Imad Wasim,Hassan Khan,1,0,,,,,,,,,
1128836,2017/18,2018-03-08,Dubai International Cricket Stadium,2,7.6,Karachi Kings,Quetta Gladiators,Imad Wasim,Babar Azam,Hassan Khan,2,0,,,,,,,,,
1128836,2017/18,2018-03-08,Dubai International Cricket Stadium,2,8.1,Karachi Kings,Quetta Gladiators,Babar Azam,Imad Wasim,Anwar Ali,1,0,,,,,,,,,
1128836,2017/18,2018-03-08,Dubai International Cricket Stadium,2,8.2,Karachi Kings,Quetta Gladiators,Imad Wasim,Babar Azam,Anwar Ali,1,0,,,,,,,,,
1128836,2017/18,2018-03-08,Dubai International Cricket Stadium,2,8.3,Karachi Kings,Quetta Gladiators,Babar Azam,Imad Wasim,Anwar Ali,1,0,,,,,,,,,
1128836,2017/18,2018-03-08,Dubai International Cricket Stadium,2,8.4,Karachi Kings,Quetta Gladiators,Imad Wasim,Babar Azam,Anwar Ali,4,0,,,,,,,,,
1128836,2017/18,2018-03-08,Dubai International Cricket Stadium,2,8.5,Karachi Kings,Quetta Gladiators,Imad Wasim,Babar Azam,Anwar Ali,0,1,1,,,,,,,,
1128836,2017/18,2018-03-08,Dubai International Cricket Stadium,2,8.6,Karachi Kings,Quetta Gladiators,Imad Wasim,Babar Azam,Anwar Ali,2,0,,,,,,,,,
1128836,2017/18,2018-03-08,Dubai International Cricket Stadium,2,8.7,Karachi Kings,Quetta Gladiators,Imad Wasim,Babar Azam,Anwar Ali,0,0,,,,,,,,,
1128836,2017/18,2018-03-08,Dubai International Cricket Stadium,2,9.1,Karachi Kings,Quetta Gladiators,Babar Azam,Imad Wasim,Hassan Khan,1,0,,,,,,,,,
1128836,2017/18,2018-03-08,Dubai International Cricket Stadium,2,9.2,Karachi Kings,Quetta Gladiators,Imad Wasim,Babar Azam,Hassan Khan,1,0,,,,,,,,,
1128836,2017/18,2018-03-08,Dubai International Cricket Stadium,2,9.3,Karachi Kings,Quetta Gladiators,Babar Azam,Imad Wasim,Hassan Khan,1,0,,,,,,,,,
1128836,2017/18,2018-03-08,Dubai International Cricket Stadium,2,9.4,Karachi Kings,Quetta Gladiators,Imad Wasim,Babar Azam,Hassan Khan,1,0,,,,,,,,,
1128836,2017/18,2018-03-08,Dubai International Cricket Stadium,2,9.5,Karachi Kings,Quetta Gladiators,Babar Azam,Imad Wasim,Hassan Khan,1,0,,,,,,,,,
1128836,2017/18,2018-03-08,Dubai International Cricket Stadium,2,9.6,Karachi Kings,Quetta Gladiators,Imad Wasim,Babar Azam,Hassan Khan,0,0,,,,,,,,,
1128836,2017/18,2018-03-08,Dubai International Cricket Stadium,2,10.1,Karachi Kings,Quetta Gladiators,Babar Azam,Imad Wasim,SR Watson,0,0,,,,,,caught,Babar Azam,,
1128836,2017/18,2018-03-08,Dubai International Cricket Stadium,2,10.2,Karachi Kings,Quetta Gladiators,Mohammad Rizwan,Imad Wasim,SR Watson,1,0,,,,,,,,,
1128836,2017/18,2018-03-08,Dubai International Cricket Stadium,2,10.3,Karachi Kings,Quetta Gladiators,Imad Wasim,Mohammad Rizwan,SR Watson,2,0,,,,,,,,,
1128836,2017/18,2018-03-08,Dubai International Cricket Stadium,2,10.4,Karachi Kings,Quetta Gladiators,Imad Wasim,Mohammad Rizwan,SR Watson,1,0,,,,,,,,,
1128836,2017/18,2018-03-08,Dubai International Cricket Stadium,2,10.5,Karachi Kings,Quetta Gladiators,Mohammad Rizwan,Imad Wasim,SR Watson,1,0,,,,,,,,,
1128836,2017/18,2018-03-08,Dubai International Cricket Stadium,2,10.6,Karachi Kings,Quetta Gladiators,Imad Wasim,Mohammad Rizwan,SR Watson,1,0,,,,,,,,,
1128836,2017/18,2018-03-08,Dubai International Cricket Stadium,2,11.1,Karachi Kings,Quetta Gladiators,Imad Wasim,Mohammad Rizwan,Hassan Khan,1,0,,,,,,,,,
1128836,2017/18,2018-03-08,Dubai International Cricket Stadium,2,11.2,Karachi Kings,Quetta Gladiators,Mohammad Rizwan,Imad Wasim,Hassan Khan,1,0,,,,,,,,,
1128836,2017/18,2018-03-08,Dubai International Cricket Stadium,2,11.3,Karachi Kings,Quetta Gladiators,Imad Wasim,Mohammad Rizwan,Hassan Khan,0,0,,,,,,,,,
1128836,2017/18,2018-03-08,Dubai International Cricket Stadium,2,11.4,Karachi Kings,Quetta Gladiators,Imad Wasim,Mohammad Rizwan,Hassan Khan,0,0,,,,,,,,,
1128836,2017/18,2018-03-08,Dubai International Cricket Stadium,2,11.5,Karachi Kings,Quetta Gladiators,Imad Wasim,Mohammad Rizwan,Hassan Khan,1,0,,,,,,,,,
1128836,2017/18,2018-03-08,Dubai International Cricket Stadium,2,11.6,Karachi Kings,Quetta Gladiators,Mohammad Rizwan,Imad Wasim,Hassan Khan,0,0,,,,,,,,,
1128836,2017/18,2018-03-08,Dubai International Cricket Stadium,2,12.1,Karachi Kings,Quetta Gladiators,Imad Wasim,Mohammad Rizwan,SR Watson,0,0,,,,,,,,,
1128836,2017/18,2018-03-08,Dubai International Cricket Stadium,2,12.2,Karachi Kings,Quetta Gladiators,Imad Wasim,Mohammad Rizwan,SR Watson,2,0,,,,,,,,,
1128836,2017/18,2018-03-08,Dubai International Cricket Stadium,2,12.3,Karachi Kings,Quetta Gladiators,Imad Wasim,Mohammad Rizwan,SR Watson,0,0,,,,,,,,,
1128836,2017/18,2018-03-08,Dubai International Cricket Stadium,2,12.4,Karachi Kings,Quetta Gladiators,Imad Wasim,Mohammad Rizwan,SR Watson,1,0,,,,,,,,,
1128836,2017/18,2018-03-08,Dubai International Cricket Stadium,2,12.5,Karachi Kings,Quetta Gladiators,Mohammad Rizwan,Imad Wasim,SR Watson,2,0,,,,,,,,,
1128836,2017/18,2018-03-08,Dubai International Cricket Stadium,2,12.6,Karachi Kings,Quetta Gladiators,Mohammad Rizwan,Imad Wasim,SR Watson,1,0,,,,,,,,,
1128836,2017/18,2018-03-08,Dubai International Cricket Stadium,2,13.1,Karachi Kings,Quetta Gladiators,Mohammad Rizwan,Imad Wasim,Mohammad Nawaz (3),2,0,,,,,,,,,
1128836,2017/18,2018-03-08,Dubai International Cricket Stadium,2,13.2,Karachi Kings,Quetta Gladiators,Mohammad Rizwan,Imad Wasim,Mohammad Nawaz (3),1,0,,,,,,,,,
1128836,2017/18,2018-03-08,Dubai International Cricket Stadium,2,13.3,Karachi Kings,Quetta Gladiators,Imad Wasim,Mohammad Rizwan,Mohammad Nawaz (3),1,0,,,,,,,,,
1128836,2017/18,2018-03-08,Dubai International Cricket Stadium,2,13.4,Karachi Kings,Quetta Gladiators,Mohammad Rizwan,Imad Wasim,Mohammad Nawaz (3),0,0,,,,,,,,,
1128836,2017/18,2018-03-08,Dubai International Cricket Stadium,2,13.5,Karachi Kings,Quetta Gladiators,Mohammad Rizwan,Imad Wasim,Mohammad Nawaz (3),1,0,,,,,,,,,
1128836,2017/18,2018-03-08,Dubai International Cricket Stadium,2,13.6,Karachi Kings,Quetta Gladiators,Imad Wasim,Mohammad Rizwan,Mohammad Nawaz (3),1,0,,,,,,,,,
1128836,2017/18,2018-03-08,Dubai International Cricket Stadium,2,14.1,Karachi Kings,Quetta Gladiators,Imad Wasim,Mohammad Rizwan,SR Watson,1,0,,,,,,,,,
1128836,2017/18,2018-03-08,Dubai International Cricket Stadium,2,14.2,Karachi Kings,Quetta Gladiators,Mohammad Rizwan,Imad Wasim,SR Watson,1,0,,,,,,,,,
1128836,2017/18,2018-03-08,Dubai International Cricket Stadium,2,14.3,Karachi Kings,Quetta Gladiators,Imad Wasim,Mohammad Rizwan,SR Watson,1,0,,,,,,,,,
1128836,2017/18,2018-03-08,Dubai International Cricket Stadium,2,14.4,Karachi Kings,Quetta Gladiators,Mohammad Rizwan,Imad Wasim,SR Watson,1,0,,,,,,,,,
1128836,2017/18,2018-03-08,Dubai International Cricket Stadium,2,14.5,Karachi Kings,Quetta Gladiators,Imad Wasim,Mohammad Rizwan,SR Watson,1,0,,,,,,,,,
1128836,2017/18,2018-03-08,Dubai International Cricket Stadium,2,14.6,Karachi Kings,Quetta Gladiators,Mohammad Rizwan,Imad Wasim,SR Watson,1,0,,,,,,,,,
1128836,2017/18,2018-03-08,Dubai International Cricket Stadium,2,15.1,Karachi Kings,Quetta Gladiators,Mohammad Rizwan,Imad Wasim,Rahat Ali,1,0,,,,,,,,,
1128836,2017/18,2018-03-08,Dubai International Cricket Stadium,2,15.2,Karachi Kings,Quetta Gladiators,Imad Wasim,Mohammad Rizwan,Rahat Ali,6,0,,,,,,,,,
1128836,2017/18,2018-03-08,Dubai International Cricket Stadium,2,15.3,Karachi Kings,Quetta Gladiators,Imad Wasim,Mohammad Rizwan,Rahat Ali,0,0,,,,,,caught,Imad Wasim,,
1128836,2017/18,2018-03-08,Dubai International Cricket Stadium,2,15.4,Karachi Kings,Quetta Gladiators,D Wiese,Mohammad Rizwan,Rahat Ali,0,1,1,,,,,,,,
1128836,2017/18,2018-03-08,Dubai International Cricket Stadium,2,15.5,Karachi Kings,Quetta Gladiators,D Wiese,Mohammad Rizwan,Rahat Ali,0,0,,,,,,,,,
1128836,2017/18,2018-03-08,Dubai International Cricket Stadium,2,15.6,Karachi Kings,Quetta Gladiators,D Wiese,Mohammad Rizwan,Rahat Ali,4,0,,,,,,,,,
1128836,2017/18,2018-03-08,Dubai International Cricket Stadium,2,15.7,Karachi Kings,Quetta Gladiators,D Wiese,Mohammad Rizwan,Rahat Ali,0,0,,,,,,,,,
1128836,2017/18,2018-03-08,Dubai International Cricket Stadium,2,16.1,Karachi Kings,Quetta Gladiators,Mohammad Rizwan,D Wiese,B Laughlin,0,0,,,,,,,,,
1128836,2017/18,2018-03-08,Dubai International Cricket Stadium,2,16.2,Karachi Kings,Quetta Gladiators,Mohammad Rizwan,D Wiese,B Laughlin,1,0,,,,,,,,,
1128836,2017/18,2018-03-08,Dubai International Cricket Stadium,2,16.3,Karachi Kings,Quetta Gladiators,D Wiese,Mohammad Rizwan,B Laughlin,0,0,,,,,,,,,
1128836,2017/18,2018-03-08,Dubai International Cricket Stadium,2,16.4,Karachi Kings,Quetta Gladiators,D Wiese,Mohammad Rizwan,B Laughlin,1,0,,,,,,,,,
1128836,2017/18,2018-03-08,Dubai International Cricket Stadium,2,16.5,Karachi Kings,Quetta Gladiators,Mohammad Rizwan,D Wiese,B Laughlin,2,0,,,,,,,,,
1128836,2017/18,2018-03-08,Dubai International Cricket Stadium,2,16.6,Karachi Kings,Quetta Gladiators,Mohammad Rizwan,D Wiese,B Laughlin,1,0,,,,,,,,,
1128836,2017/18,2018-03-08,Dubai International Cricket Stadium,2,17.1,Karachi Kings,Quetta Gladiators,Mohammad Rizwan,D Wiese,Anwar Ali,0,0,,,,,,,,,
1128836,2017/18,2018-03-08,Dubai International Cricket Stadium,2,17.2,Karachi Kings,Quetta Gladiators,Mohammad Rizwan,D Wiese,Anwar Ali,1,0,,,,,,,,,
1128836,2017/18,2018-03-08,Dubai International Cricket Stadium,2,17.3,Karachi Kings,Quetta Gladiators,D Wiese,Mohammad Rizwan,Anwar Ali,0,0,,,,,,caught,D Wiese,,
1128836,2017/18,2018-03-08,Dubai International Cricket Stadium,2,17.4,Karachi Kings,Quetta Gladiators,Mohammad Rizwan,Mohammad Irfan (4),Anwar Ali,1,0,,,,,,,,,
1128836,2017/18,2018-03-08,Dubai International Cricket Stadium,2,17.5,Karachi Kings,Quetta Gladiators,Mohammad Irfan (4),Mohammad Rizwan,Anwar Ali,0,0,,,,,,caught,Mohammad Irfan (4),,
1128836,2017/18,2018-03-08,Dubai International Cricket Stadium,2,17.6,Karachi Kings,Quetta Gladiators,Mohammad Rizwan,Mohammad Amir,Anwar Ali,1,0,,,,,,,,,
1128836,2017/18,2018-03-08,Dubai International Cricket Stadium,2,18.1,Karachi Kings,Quetta Gladiators,Mohammad Rizwan,Mohammad Amir,Rahat Ali,1,0,,,,,,,,,
1128836,2017/18,2018-03-08,Dubai International Cricket Stadium,2,18.2,Karachi Kings,Quetta Gladiators,Mohammad Amir,Mohammad Rizwan,Rahat Ali,0,0,,,,,,,,,
1128836,2017/18,2018-03-08,Dubai International Cricket Stadium,2,18.3,Karachi Kings,Quetta Gladiators,Mohammad Amir,Mohammad Rizwan,Rahat Ali,0,0,,,,,,,,,
1128836,2017/18,2018-03-08,Dubai International Cricket Stadium,2,18.4,Karachi Kings,Quetta Gladiators,Mohammad Amir,Mohammad Rizwan,Rahat Ali,1,0,,,,,,,,,
1128836,2017/18,2018-03-08,Dubai International Cricket Stadium,2,18.5,Karachi Kings,Quetta Gladiators,Mohammad Rizwan,Mohammad Amir,Rahat Ali,1,0,,,,,,,,,
1128836,2017/18,2018-03-08,Dubai International Cricket Stadium,2,18.6,Karachi Kings,Quetta Gladiators,Mohammad Amir,Mohammad Rizwan,Rahat Ali,0,0,,,,,,,,,
1128836,2017/18,2018-03-08,Dubai International Cricket Stadium,2,19.1,Karachi Kings,Quetta Gladiators,Mohammad Rizwan,Mohammad Amir,Anwar Ali,2,0,,,,,,,,,
1128836,2017/18,2018-03-08,Dubai International Cricket Stadium,2,19.2,Karachi Kings,Quetta Gladiators,Mohammad Rizwan,Mohammad Amir,Anwar Ali,1,0,,,,,,,,,
1128836,2017/18,2018-03-08,Dubai International Cricket Stadium,2,19.3,Karachi Kings,Quetta Gladiators,Mohammad Amir,Mohammad Rizwan,Anwar Ali,4,0,,,,,,,,,
1128836,2017/18,2018-03-08,Dubai International Cricket Stadium,2,19.4,Karachi Kings,Quetta Gladiators,Mohammad Amir,Mohammad Rizwan,Anwar Ali,0,0,,,,,,,,,
1128836,2017/18,2018-03-08,Dubai International Cricket Stadium,2,19.5,Karachi Kings,Quetta Gladiators,Mohammad Amir,Mohammad Rizwan,Anwar Ali,1,0,,,,,,,,,
1128836,2017/18,2018-03-08,Dubai International Cricket Stadium,2,19.6,Karachi Kings,Quetta Gladiators,Mohammad Rizwan,Mohammad Amir,Anwar Ali,0,0,,,,,,,,,
