match_id,season,start_date,venue,innings,ball,batting_team,bowling_team,striker,non_striker,bowler,runs_off_bat,extras,wides,noballs,byes,legbyes,penalty,wicket_type,player_dismissed,other_wicket_type,other_player_dismissed
1128831,2017/18,2018-03-03,Sharjah Cricket Stadium,1,0.1,Lahore Qalandars,Peshawar Zalmi,Fakhar Zaman,BB McCullum,Sameen Gul,0,0,,,,,,,,,
1128831,2017/18,2018-03-03,Sharjah Cricket Stadium,1,0.2,Lahore Qalandars,Peshawar Zalmi,Fakhar Zaman,BB McCullum,Sameen Gul,6,0,,,,,,,,,
1128831,2017/18,2018-03-03,Sharjah Cricket Stadium,1,0.3,Lahore Qalandars,Peshawar Zalmi,Fakhar Zaman,BB McCullum,Sameen Gul,4,0,,,,,,,,,
1128831,2017/18,2018-03-03,Sharjah Cricket Stadium,1,0.4,Lahore Qalandars,Peshawar Zalmi,Fakhar Zaman,BB McCullum,Sameen Gul,0,0,,,,,,,,,
1128831,2017/18,2018-03-03,Sharjah Cricket Stadium,1,0.5,Lahore Qalandars,Peshawar Zalmi,Fakhar Zaman,BB McCullum,Sameen Gul,4,0,,,,,,,,,
1128831,2017/18,2018-03-03,Sharjah Cricket Stadium,1,0.6,Lahore Qalandars,Peshawar Zalmi,Fakhar Zaman,BB McCullum,Sameen Gul,0,1,,,,1,,,,,
1128831,2017/18,2018-03-03,Sharjah Cricket Stadium,1,1.1,Lahore Qalandars,Peshawar Zalmi,Fakhar Zaman,BB McCullum,Umaid Asif,0,0,,,,,,,,,
1128831,2017/18,2018-03-03,Sharjah Cricket Stadium,1,1.2,Lahore Qalandars,Peshawar Zalmi,Fakhar Zaman,BB McCullum,Umaid Asif,0,0,,,,,,,,,
1128831,2017/18,2018-03-03,Sharjah Cricket Stadium,1,1.3,Lahore Qalandars,Peshawar Zalmi,Fakhar Zaman,BB McCullum,Umaid Asif,4,0,,,,,,,,,
1128831,2017/18,2018-03-03,Sharjah Cricket Stadium,1,1.4,Lahore Qalandars,Peshawar Zalmi,Fakhar Zaman,BB McCullum,Umaid Asif,6,0,,,,,,,,,
1128831,2017/18,2018-03-03,Sharjah Cricket Stadium,1,1.5,Lahore Qalandars,Peshawar Zalmi,Fakhar Zaman,BB McCullum,Umaid Asif,0,0,,,,,,,,,
1128831,2017/18,2018-03-03,Sharjah Cricket Stadium,1,1.6,Lahore Qalandars,Peshawar Zalmi,Fakhar Zaman,BB McCullum,Umaid Asif,0,0,,,,,,,,,
1128831,2017/18,2018-03-03,Sharjah Cricket Stadium,1,2.1,Lahore Qalandars,Peshawar Zalmi,BB McCullum,Fakhar Zaman,Hasan Ali,1,0,,,,,,,,,
1128831,2017/18,2018-03-03,Sharjah Cricket Stadium,1,2.2,Lahore Qalandars,Peshawar Zalmi,Fakhar Zaman,BB McCullum,Hasan Ali,1,0,,,,,,,,,
1128831,2017/18,2018-03-03,Sharjah Cricket Stadium,1,2.3,Lahore Qalandars,Peshawar Zalmi,BB McCullum,Fakhar Zaman,Hasan Ali,0,0,,,,,,,,,
1128831,2017/18,2018-03-03,Sharjah Cricket Stadium,1,2.4,Lahore Qalandars,Peshawar Zalmi,BB McCullum,Fakhar Zaman,Hasan Ali,0,0,,,,,,,,,
1128831,2017/18,2018-03-03,Sharjah Cricket Stadium,1,2.5,Lahore Qalandars,Peshawar Zalmi,BB McCullum,Fakhar Zaman,Hasan Ali,0,0,,,,,,,,,
1128831,2017/18,2018-03-03,Sharjah Cricket Stadium,1,2.6,Lahore Qalandars,Peshawar Zalmi,BB McCullum,Fakhar Zaman,Hasan Ali,1,0,,,,,,,,,
1128831,2017/18,2018-03-03,Sharjah Cricket Stadium,1,3.1,Lahore Qalandars,Peshawar Zalmi,BB McCullum,Fakhar Zaman,Umaid Asif,6,0,,,,,,,,,
1128831,2017/18,2018-03-03,Sharjah Cricket Stadium,1,3.2,Lahore Qalandars,Peshawar Zalmi,BB McCullum,Fakhar Zaman,Umaid Asif,0,0,,,,,,,,,
1128831,2017/18,2018-03-03,Sharjah Cricket Stadium,1,3.3,Lahore Qalandars,Peshawar Zalmi,BB McCullum,Fakhar Zaman,Umaid Asif,0,0,,,,,,,,,
1128831,2017/18,2018-03-03,Sharjah Cricket Stadium,1,3.4,Lahore Qalandars,Peshawar Zalmi,BB McCullum,Fakhar Zaman,Umaid Asif,0,0,,,,,,,,,
1128831,2017/18,2018-03-03,Sharjah Cricket Stadium,1,3.5,Lahore Qalandars,Peshawar Zalmi,BB McCullum,Fakhar Zaman,Umaid Asif,1,0,,,,,,,,,
1128831,2017/18,2018-03-03,Sharjah Cricket Stadium,1,3.6,Lahore Qalandars,Peshawar Zalmi,Fakhar Zaman,BB McCullum,Umaid Asif,0,0,,,,,,,,,
1128831,2017/18,2018-03-03,Sharjah Cricket Stadium,1,4.1,Lahore Qalandars,Peshawar Zalmi,BB McCullum,Fakhar Zaman,Hasan Ali,0,0,,,,,,,,,
1128831,2017/18,2018-03-03,Sharjah Cricket Stadium,1,4.2,Lahore Qalandars,Peshawar Zalmi,BB McCullum,Fakhar Zaman,Hasan Ali,0,0,,,,,,,,,
1128831,2017/18,2018-03-03,Sharjah Cricket Stadium,1,4.3,Lahore Qalandars,Peshawar Zalmi,BB McCullum,Fakhar Zaman,Hasan Ali,0,1,,1,,,,,,,
1128831,2017/18,2018-03-03,Sharjah Cricket Stadium,1,4.4,Lahore Qalandars,Peshawar Zalmi,BB McCullum,Fakhar Zaman,Hasan Ali,6,0,,,,,,,,,
1128831,2017/18,2018-03-03,Sharjah Cricket Stadium,1,4.5,Lahore Qalandars,Peshawar Zalmi,BB McCullum,Fakhar Zaman,Hasan Ali,0,0,,,,,,caught and bowled,BB McCullum,,
1128831,2017/18,2018-03-03,Sharjah Cricket Stadium,1,4.6,Lahore Qalandars,Peshawar Zalmi,Agha Salman,Fakhar Zaman,Hasan Ali,2,0,,,,,,,,,
1128831,2017/18,2018-03-03,Sharjah Cricket Stadium,1,4.7,Lahore Qalandars,Peshawar Zalmi,Agha Salman,Fakhar Zaman,Hasan Ali,4,0,,,,,,,,,
1128831,2017/18,2018-03-03,Sharjah Cricket Stadium,1,5.1,Lahore Qalandars,Peshawar Zalmi,Fakhar Zaman,Agha Salman,Wahab Riaz,1,0,,,,,,,,,
1128831,2017/18,2018-03-03,Sharjah Cricket Stadium,1,5.2,Lahore Qalandars,Peshawar Zalmi,Agha Salman,Fakhar Zaman,Wahab Riaz,0,0,,,,,,,,,
1128831,2017/18,2018-03-03,Sharjah Cricket Stadium,1,5.3,Lahore Qalandars,Peshawar Zalmi,Agha Salman,Fakhar Zaman,Wahab Riaz,0,0,,,,,,,,,
1128831,2017/18,2018-03-03,Sharjah Cricket Stadium,1,5.4,Lahore Qalandars,Peshawar Zalmi,Agha Salman,Fakhar Zaman,Wahab Riaz,0,0,,,,,,,,,
1128831,2017/18,2018-03-03,Sharjah Cricket Stadium,1,5.5,Lahore Qalandars,Peshawar Zalmi,Agha Salman,Fakhar Zaman,Wahab Riaz,0,0,,,,,,,,,
1128831,2017/18,2018-03-03,Sharjah Cricket Stadium,1,5.6,Lahore Qalandars,Peshawar Zalmi,Agha Salman,Fakhar Zaman,Wahab Riaz,4,0,,,,,,,,,
1128831,2017/18,2018-03-03,Sharjah Cricket Stadium,1,6.1,Lahore Qalandars,Peshawar Zalmi,Fakhar Zaman,Agha Salman,LA Dawson,4,0,,,,,,,,,
1128831,2017/18,2018-03-03,Sharjah Cricket Stadium,1,6.2,Lahore Qalandars,Peshawar Zalmi,Fakhar Zaman,Agha Salman,LA Dawson,0,0,,,,,,caught,Fakhar Zaman,,
1128831,2017/18,2018-03-03,Sharjah Cricket Stadium,1,6.3,Lahore Qalandars,Peshawar Zalmi,D Ramdin,Agha Salman,LA Dawson,0,0,,,,,,lbw,D Ramdin,,
1128831,2017/18,2018-03-03,Sharjah Cricket Stadium,1,6.4,Lahore Qalandars,Peshawar Zalmi,Sohail Akhtar,Agha Salman,LA Dawson,0,0,,,,,,,,,
1128831,2017/18,2018-03-03,Sharjah Cricket Stadium,1,6.5,Lahore Qalandars,Peshawar Zalmi,Sohail Akhtar,Agha Salman,LA Dawson,1,0,,,,,,,,,
1128831,2017/18,2018-03-03,Sharjah Cricket Stadium,1,6.6,Lahore Qalandars,Peshawar Zalmi,Agha Salman,Sohail Akhtar,LA Dawson,0,0,,,,,,,,,
1128831,2017/18,2018-03-03,Sharjah Cricket Stadium,1,7.1,Lahore Qalandars,Peshawar Zalmi,Sohail Akhtar,Agha Salman,Sameen Gul,0,0,,,,,,,,,
1128831,2017/18,2018-03-03,Sharjah Cricket Stadium,1,7.2,Lahore Qalandars,Peshawar Zalmi,Sohail Akhtar,Agha Salman,Sameen Gul,1,0,,,,,,,,,
1128831,2017/18,2018-03-03,Sharjah Cricket Stadium,1,7.3,Lahore Qalandars,Peshawar Zalmi,Agha Salman,Sohail Akhtar,Sameen Gul,1,0,,,,,,,,,
1128831,2017/18,2018-03-03,Sharjah Cricket Stadium,1,7.4,Lahore Qalandars,Peshawar Zalmi,Sohail Akhtar,Agha Salman,Sameen Gul,2,0,,,,,,,,,
1128831,2017/18,2018-03-03,Sharjah Cricket Stadium,1,7.5,Lahore Qalandars,Peshawar Zalmi,Sohail Akhtar,Agha Salman,Sameen Gul,0,0,,,,,,,,,
1128831,2017/18,2018-03-03,Sharjah Cricket Stadium,1,7.6,Lahore Qalandars,Peshawar Zalmi,Sohail Akhtar,Agha Salman,Sameen Gul,0,0,,,,,,,,,
1128831,2017/18,2018-03-03,Sharjah Cricket Stadium,1,8.1,Lahore Qalandars,Peshawar Zalmi,Agha Salman,Sohail Akhtar,LA Dawson,1,0,,,,,,,,,
1128831,2017/18,2018-03-03,Sharjah Cricket Stadium,1,8.2,Lahore Qalandars,Peshawar Zalmi,Sohail Akhtar,Agha Salman,LA Dawson,6,0,,,,,,,,,
1128831,2017/18,2018-03-03,Sharjah Cricket Stadium,1,8.3,Lahore Qalandars,Peshawar Zalmi,Sohail Akhtar,Agha Salman,LA Dawson,0,0,,,,,,,,,
1128831,2017/18,2018-03-03,Sharjah Cricket Stadium,1,8.4,Lahore Qalandars,Peshawar Zalmi,Sohail Akhtar,Agha Salman,LA Dawson,0,0,,,,,,,,,
1128831,2017/18,2018-03-03,Sharjah Cricket Stadium,1,8.5,Lahore Qalandars,Peshawar Zalmi,Sohail Akhtar,Agha Salman,LA Dawson,1,0,,,,,,,,,
1128831,2017/18,2018-03-03,Sharjah Cricket Stadium,1,8.6,Lahore Qalandars,Peshawar Zalmi,Agha Salman,Sohail Akhtar,LA Dawson,1,0,,,,,,,,,
1128831,2017/18,2018-03-03,Sharjah Cricket Stadium,1,9.1,Lahore Qalandars,Peshawar Zalmi,Agha Salman,Sohail Akhtar,Sameen Gul,0,0,,,,,,caught,Agha Salman,,
1128831,2017/18,2018-03-03,Sharjah Cricket Stadium,1,9.2,Lahore Qalandars,Peshawar Zalmi,Umar Akmal,Sohail Akhtar,Sameen Gul,0,0,,,,,,,,,
1128831,2017/18,2018-03-03,Sharjah Cricket Stadium,1,9.3,Lahore Qalandars,Peshawar Zalmi,Umar Akmal,Sohail Akhtar,Sameen Gul,1,0,,,,,,,,,
1128831,2017/18,2018-03-03,Sharjah Cricket Stadium,1,9.4,Lahore Qalandars,Peshawar Zalmi,Sohail Akhtar,Umar Akmal,Sameen Gul,1,0,,,,,,,,,
1128831,2017/18,2018-03-03,Sharjah Cricket Stadium,1,9.5,Lahore Qalandars,Peshawar Zalmi,Umar Akmal,Sohail Akhtar,Sameen Gul,0,0,,,,,,,,,
1128831,2017/18,2018-03-03,Sharjah Cricket Stadium,1,9.6,Lahore Qalandars,Peshawar Zalmi,Umar Akmal,Sohail Akhtar,Sameen Gul,0,0,,,,,,,,,
1128831,2017/18,2018-03-03,Sharjah Cricket Stadium,1,10.1,Lahore Qalandars,Peshawar Zalmi,Sohail Akhtar,Umar Akmal,LA Dawson,0,0,,,,,,caught,Sohail Akhtar,,
1128831,2017/18,2018-03-03,Sharjah Cricket Stadium,1,10.2,Lahore Qalandars,Peshawar Zalmi,Umar Akmal,SP Narine,LA Dawson,1,0,,,,,,,,,
1128831,2017/18,2018-03-03,Sharjah Cricket Stadium,1,10.3,Lahore Qalandars,Peshawar Zalmi,SP Narine,Umar Akmal,LA Dawson,1,0,,,,,,,,,
1128831,2017/18,2018-03-03,Sharjah Cricket Stadium,1,10.4,Lahore Qalandars,Peshawar Zalmi,Umar Akmal,SP Narine,LA Dawson,1,0,,,,,,,,,
1128831,2017/18,2018-03-03,Sharjah Cricket Stadium,1,10.5,Lahore Qalandars,Peshawar Zalmi,SP Narine,Umar Akmal,LA Dawson,1,0,,,,,,,,,
1128831,2017/18,2018-03-03,Sharjah Cricket Stadium,1,10.6,Lahore Qalandars,Peshawar Zalmi,Umar Akmal,SP Narine,LA Dawson,0,0,,,,,,,,,
1128831,2017/18,2018-03-03,Sharjah Cricket Stadium,1,11.1,Lahore Qalandars,Peshawar Zalmi,SP Narine,Umar Akmal,Wahab Riaz,0,0,,,,,,,,,
1128831,2017/18,2018-03-03,Sharjah Cricket Stadium,1,11.2,Lahore Qalandars,Peshawar Zalmi,SP Narine,Umar Akmal,Wahab Riaz,1,0,,,,,,,,,
1128831,2017/18,2018-03-03,Sharjah Cricket Stadium,1,11.3,Lahore Qalandars,Peshawar Zalmi,Umar Akmal,SP Narine,Wahab Riaz,0,0,,,,,,,,,
1128831,2017/18,2018-03-03,Sharjah Cricket Stadium,1,11.4,Lahore Qalandars,Peshawar Zalmi,Umar Akmal,SP Narine,Wahab Riaz,4,0,,,,,,,,,
1128831,2017/18,2018-03-03,Sharjah Cricket Stadium,1,11.5,Lahore Qalandars,Peshawar Zalmi,Umar Akmal,SP Narine,Wahab Riaz,2,0,,,,,,,,,
1128831,2017/18,2018-03-03,Sharjah Cricket Stadium,1,11.6,Lahore Qalandars,Peshawar Zalmi,Umar Akmal,SP Narine,Wahab Riaz,0,1,1,,,,,,,,
1128831,2017/18,2018-03-03,Sharjah Cricket Stadium,1,11.7,Lahore Qalandars,Peshawar Zalmi,Umar Akmal,SP Narine,Wahab Riaz,0,0,,,,,,,,,
1128831,2017/18,2018-03-03,Sharjah Cricket Stadium,1,12.1,Lahore Qalandars,Peshawar Zalmi,SP Narine,Umar Akmal,Hasan Ali,0,1,1,,,,,,,,
1128831,2017/18,2018-03-03,Sharjah Cricket Stadium,1,12.2,Lahore Qalandars,Peshawar Zalmi,SP Narine,Umar Akmal,Hasan Ali,0,1,1,,,,,,,,
1128831,2017/18,2018-03-03,Sharjah Cricket Stadium,1,12.3,Lahore Qalandars,Peshawar Zalmi,SP Narine,Umar Akmal,Hasan Ali,0,0,,,,,,bowled,SP Narine,,
1128831,2017/18,2018-03-03,Sharjah Cricket Stadium,1,12.4,Lahore Qalandars,Peshawar Zalmi,Sohail Khan,Umar Akmal,Hasan Ali,1,0,,,,,,,,,
1128831,2017/18,2018-03-03,Sharjah Cricket Stadium,1,12.5,Lahore Qalandars,Peshawar Zalmi,Umar Akmal,Sohail Khan,Hasan Ali,1,0,,,,,,,,,
1128831,2017/18,2018-03-03,Sharjah Cricket Stadium,1,12.6,Lahore Qalandars,Peshawar Zalmi,Sohail Khan,Umar Akmal,Hasan Ali,0,0,,,,,,,,,
1128831,2017/18,2018-03-03,Sharjah Cricket Stadium,1,12.7,Lahore Qalandars,Peshawar Zalmi,Sohail Khan,Umar Akmal,Hasan Ali,1,0,,,,,,,,,
1128831,2017/18,2018-03-03,Sharjah Cricket Stadium,1,12.8,Lahore Qalandars,Peshawar Zalmi,Umar Akmal,Sohail Khan,Hasan Ali,1,0,,,,,,,,,
1128831,2017/18,2018-03-03,Sharjah Cricket Stadium,1,13.1,Lahore Qalandars,Peshawar Zalmi,Umar Akmal,Sohail Khan,Sameen Gul,1,0,,,,,,,,,
1128831,2017/18,2018-03-03,Sharjah Cricket Stadium,1,13.2,Lahore Qalandars,Peshawar Zalmi,Sohail Khan,Umar Akmal,Sameen Gul,0,0,,,,,,,,,
1128831,2017/18,2018-03-03,Sharjah Cricket Stadium,1,13.3,Lahore Qalandars,Peshawar Zalmi,Sohail Khan,Umar Akmal,Sameen Gul,1,0,,,,,,,,,
1128831,2017/18,2018-03-03,Sharjah Cricket Stadium,1,13.4,Lahore Qalandars,Peshawar Zalmi,Umar Akmal,Sohail Khan,Sameen Gul,0,0,,,,,,,,,
1128831,2017/18,2018-03-03,Sharjah Cricket Stadium,1,13.5,Lahore Qalandars,Peshawar Zalmi,Umar Akmal,Sohail Khan,Sameen Gul,1,0,,,,,,,,,
1128831,2017/18,2018-03-03,Sharjah Cricket Stadium,1,13.6,Lahore Qalandars,Peshawar Zalmi,Sohail Khan,Umar Akmal,Sameen Gul,0,0,,,,,,,,,
1128831,2017/18,2018-03-03,Sharjah Cricket Stadium,1,14.1,Lahore Qalandars,Peshawar Zalmi,Umar Akmal,Sohail Khan,LA Dawson,0,0,,,,,,,,,
1128831,2017/18,2018-03-03,Sharjah Cricket Stadium,1,14.2,Lahore Qalandars,Peshawar Zalmi,Umar Akmal,Sohail Khan,LA Dawson,0,0,,,,,,,,,
1128831,2017/18,2018-03-03,Sharjah Cricket Stadium,1,14.3,Lahore Qalandars,Peshawar Zalmi,Umar Akmal,Sohail Khan,LA Dawson,1,0,,,,,,,,,
1128831,2017/18,2018-03-03,Sharjah Cricket Stadium,1,14.4,Lahore Qalandars,Peshawar Zalmi,Sohail Khan,Umar Akmal,LA Dawson,0,0,,,,,,,,,
1128831,2017/18,2018-03-03,Sharjah Cricket Stadium,1,14.5,Lahore Qalandars,Peshawar Zalmi,Sohail Khan,Umar Akmal,LA Dawson,0,0,,,,,,,,,
1128831,2017/18,2018-03-03,Sharjah Cricket Stadium,1,14.6,Lahore Qalandars,Peshawar Zalmi,Sohail Khan,Umar Akmal,LA Dawson,0,1,1,,,,,,,,
1128831,2017/18,2018-03-03,Sharjah Cricket Stadium,1,14.7,Lahore Qalandars,Peshawar Zalmi,Sohail Khan,Umar Akmal,LA Dawson,0,0,,,,,,,,,
1128831,2017/18,2018-03-03,Sharjah Cricket Stadium,1,15.1,Lahore Qalandars,Peshawar Zalmi,Umar Akmal,Sohail Khan,Umaid Asif,0,0,,,,,,,,,
1128831,2017/18,2018-03-03,Sharjah Cricket Stadium,1,15.2,Lahore Qalandars,Peshawar Zalmi,Umar Akmal,Sohail Khan,Umaid Asif,0,1,1,,,,,,,,
1128831,2017/18,2018-03-03,Sharjah Cricket Stadium,1,15.3,Lahore Qalandars,Peshawar Zalmi,Umar Akmal,Sohail Khan,Umaid Asif,1,0,,,,,,,,,
1128831,2017/18,2018-03-03,Sharjah Cricket Stadium,1,15.4,Lahore Qalandars,Peshawar Zalmi,Sohail Khan,Umar Akmal,Umaid Asif,0,0,,,,,,,,,
1128831,2017/18,2018-03-03,Sharjah Cricket Stadium,1,15.5,Lahore Qalandars,Peshawar Zalmi,Sohail Khan,Umar Akmal,Umaid Asif,0,0,,,,,,run out,Umar Akmal,,
1128831,2017/18,2018-03-03,Sharjah Cricket Stadium,1,15.6,Lahore Qalandars,Peshawar Zalmi,Sohail Khan,Yasir Shah,Umaid Asif,0,0,,,,,,,,,
1128831,2017/18,2018-03-03,Sharjah Cricket Stadium,1,15.7,Lahore Qalandars,Peshawar Zalmi,Sohail Khan,Yasir Shah,Umaid Asif,1,0,,,,,,,,,
1128831,2017/18,2018-03-03,Sharjah Cricket Stadium,1,16.1,Lahore Qalandars,Peshawar Zalmi,Sohail Khan,Yasir Shah,Wahab Riaz,0,0,,,,,,,,,
1128831,2017/18,2018-03-03,Sharjah Cricket Stadium,1,16.2,Lahore Qalandars,Peshawar Zalmi,Sohail Khan,Yasir Shah,Wahab Riaz,0,0,,,,,,bowled,Sohail Khan,,
1128831,2017/18,2018-03-03,Sharjah Cricket Stadium,1,16.3,Lahore Qalandars,Peshawar Zalmi,Salman Irshad,Yasir Shah,Wahab Riaz,1,0,,,,,,,,,
1128831,2017/18,2018-03-03,Sharjah Cricket Stadium,1,16.4,Lahore Qalandars,Peshawar Zalmi,Yasir Shah,Salman Irshad,Wahab Riaz,0,0,,,,,,,,,
1128831,2017/18,2018-03-03,Sharjah Cricket Stadium,1,16.5,Lahore Qalandars,Peshawar Zalmi,Yasir Shah,Salman Irshad,Wahab Riaz,0,0,,,,,,caught,Yasir Shah,,
1128831,2017/18,2018-03-03,Sharjah Cricket Stadium,1,16.6,Lahore Qalandars,Peshawar Zalmi,Mustafizur Rahman,Salman Irshad,Wahab Riaz,0,0,,,,,,,,,
1128831,2017/18,2018-03-03,Sharjah Cricket Stadium,1,17.1,Lahore Qalandars,Peshawar Zalmi,Salman Irshad,Mustafizur Rahman,Hasan Ali,0,0,,,,,,,,,
1128831,2017/18,2018-03-03,Sharjah Cricket Stadium,1,17.2,Lahore Qalandars,Peshawar Zalmi,Salman Irshad,Mustafizur Rahman,Hasan Ali,0,0,,,,,,caught,Salman Irshad,,
1128831,2017/18,2018-03-03,Sharjah Cricket Stadium,2,0.1,Peshawar Zalmi,Lahore Qalandars,Tamim Iqbal,Kamran Akmal,Fakhar Zaman,0,0,,,,,,,,,
1128831,2017/18,2018-03-03,Sharjah Cricket Stadium,2,0.2,Peshawar Zalmi,Lahore Qalandars,Tamim Iqbal,Kamran Akmal,Fakhar Zaman,1,0,,,,,,,,,
1128831,2017/18,2018-03-03,Sharjah Cricket Stadium,2,0.3,Peshawar Zalmi,Lahore Qalandars,Kamran Akmal,Tamim Iqbal,Fakhar Zaman,0,0,,,,,,,,,
1128831,2017/18,2018-03-03,Sharjah Cricket Stadium,2,0.4,Peshawar Zalmi,Lahore Qalandars,Kamran Akmal,Tamim Iqbal,Fakhar Zaman,0,0,,,,,,,,,
1128831,2017/18,2018-03-03,Sharjah Cricket Stadium,2,0.5,Peshawar Zalmi,Lahore Qalandars,Kamran Akmal,Tamim Iqbal,Fakhar Zaman,0,0,,,,,,,,,
1128831,2017/18,2018-03-03,Sharjah Cricket Stadium,2,0.6,Peshawar Zalmi,Lahore Qalandars,Kamran Akmal,Tamim Iqbal,Fakhar Zaman,0,0,,,,,,,,,
1128831,2017/18,2018-03-03,Sharjah Cricket Stadium,2,1.1,Peshawar Zalmi,Lahore Qalandars,Tamim Iqbal,Kamran Akmal,Sohail Khan,0,0,,,,,,,,,
1128831,2017/18,2018-03-03,Sharjah Cricket Stadium,2,1.2,Peshawar Zalmi,Lahore Qalandars,Tamim Iqbal,Kamran Akmal,Sohail Khan,0,0,,,,,,,,,
1128831,2017/18,2018-03-03,Sharjah Cricket Stadium,2,1.3,Peshawar Zalmi,Lahore Qalandars,Tamim Iqbal,Kamran Akmal,Sohail Khan,0,0,,,,,,,,,
1128831,2017/18,2018-03-03,Sharjah Cricket Stadium,2,1.4,Peshawar Zalmi,Lahore Qalandars,Tamim Iqbal,Kamran Akmal,Sohail Khan,4,0,,,,,,,,,
1128831,2017/18,2018-03-03,Sharjah Cricket Stadium,2,1.5,Peshawar Zalmi,Lahore Qalandars,Tamim Iqbal,Kamran Akmal,Sohail Khan,0,0,,,,,,,,,
1128831,2017/18,2018-03-03,Sharjah Cricket Stadium,2,1.6,Peshawar Zalmi,Lahore Qalandars,Tamim Iqbal,Kamran Akmal,Sohail Khan,2,0,,,,,,,,,
1128831,2017/18,2018-03-03,Sharjah Cricket Stadium,2,2.1,Peshawar Zalmi,Lahore Qalandars,Kamran Akmal,Tamim Iqbal,SP Narine,0,0,,,,,,,,,
1128831,2017/18,2018-03-03,Sharjah Cricket Stadium,2,2.2,Peshawar Zalmi,Lahore Qalandars,Kamran Akmal,Tamim Iqbal,SP Narine,4,0,,,,,,,,,
1128831,2017/18,2018-03-03,Sharjah Cricket Stadium,2,2.3,Peshawar Zalmi,Lahore Qalandars,Kamran Akmal,Tamim Iqbal,SP Narine,0,0,,,,,,,,,
1128831,2017/18,2018-03-03,Sharjah Cricket Stadium,2,2.4,Peshawar Zalmi,Lahore Qalandars,Kamran Akmal,Tamim Iqbal,SP Narine,0,0,,,,,,,,,
1128831,2017/18,2018-03-03,Sharjah Cricket Stadium,2,2.5,Peshawar Zalmi,Lahore Qalandars,Kamran Akmal,Tamim Iqbal,SP Narine,0,0,,,,,,,,,
1128831,2017/18,2018-03-03,Sharjah Cricket Stadium,2,2.6,Peshawar Zalmi,Lahore Qalandars,Kamran Akmal,Tamim Iqbal,SP Narine,1,0,,,,,,,,,
1128831,2017/18,2018-03-03,Sharjah Cricket Stadium,2,3.1,Peshawar Zalmi,Lahore Qalandars,Kamran Akmal,Tamim Iqbal,Sohail Khan,0,0,,,,,,,,,
1128831,2017/18,2018-03-03,Sharjah Cricket Stadium,2,3.2,Peshawar Zalmi,Lahore Qalandars,Kamran Akmal,Tamim Iqbal,Sohail Khan,0,0,,,,,,,,,
1128831,2017/18,2018-03-03,Sharjah Cricket Stadium,2,3.3,Peshawar Zalmi,Lahore Qalandars,Kamran Akmal,Tamim Iqbal,Sohail Khan,4,0,,,,,,,,,
1128831,2017/18,2018-03-03,Sharjah Cricket Stadium,2,3.4,Peshawar Zalmi,Lahore Qalandars,Kamran Akmal,Tamim Iqbal,Sohail Khan,1,0,,,,,,,,,
1128831,2017/18,2018-03-03,Sharjah Cricket Stadium,2,3.5,Peshawar Zalmi,Lahore Qalandars,Tamim Iqbal,Kamran Akmal,Sohail Khan,0,1,,,,1,,,,,
1128831,2017/18,2018-03-03,Sharjah Cricket Stadium,2,3.6,Peshawar Zalmi,Lahore Qalandars,Kamran Akmal,Tamim Iqbal,Sohail Khan,0,0,,,,,,,,,
1128831,2017/18,2018-03-03,Sharjah Cricket Stadium,2,4.1,Peshawar Zalmi,Lahore Qalandars,Tamim Iqbal,Kamran Akmal,Salman Irshad,4,0,,,,,,,,,
1128831,2017/18,2018-03-03,Sharjah Cricket Stadium,2,4.2,Peshawar Zalmi,Lahore Qalandars,Tamim Iqbal,Kamran Akmal,Salman Irshad,1,0,,,,,,,,,
1128831,2017/18,2018-03-03,Sharjah Cricket Stadium,2,4.3,Peshawar Zalmi,Lahore Qalandars,Kamran Akmal,Tamim Iqbal,Salman Irshad,4,0,,,,,,,,,
1128831,2017/18,2018-03-03,Sharjah Cricket Stadium,2,4.4,Peshawar Zalmi,Lahore Qalandars,Kamran Akmal,Tamim Iqbal,Salman Irshad,0,0,,,,,,,,,
1128831,2017/18,2018-03-03,Sharjah Cricket Stadium,2,4.5,Peshawar Zalmi,Lahore Qalandars,Kamran Akmal,Tamim Iqbal,Salman Irshad,1,0,,,,,,,,,
1128831,2017/18,2018-03-03,Sharjah Cricket Stadium,2,4.6,Peshawar Zalmi,Lahore Qalandars,Tamim Iqbal,Kamran Akmal,Salman Irshad,0,1,1,,,,,,,,
1128831,2017/18,2018-03-03,Sharjah Cricket Stadium,2,4.7,Peshawar Zalmi,Lahore Qalandars,Tamim Iqbal,Kamran Akmal,Salman Irshad,1,0,,,,,,,,,
1128831,2017/18,2018-03-03,Sharjah Cricket Stadium,2,5.1,Peshawar Zalmi,Lahore Qalandars,Tamim Iqbal,Kamran Akmal,Sohail Khan,0,0,,,,,,,,,
1128831,2017/18,2018-03-03,Sharjah Cricket Stadium,2,5.2,Peshawar Zalmi,Lahore Qalandars,Tamim Iqbal,Kamran Akmal,Sohail Khan,4,0,,,,,,,,,
1128831,2017/18,2018-03-03,Sharjah Cricket Stadium,2,5.3,Peshawar Zalmi,Lahore Qalandars,Tamim Iqbal,Kamran Akmal,Sohail Khan,0,0,,,,,,,,,
1128831,2017/18,2018-03-03,Sharjah Cricket Stadium,2,5.4,Peshawar Zalmi,Lahore Qalandars,Tamim Iqbal,Kamran Akmal,Sohail Khan,0,0,,,,,,,,,
1128831,2017/18,2018-03-03,Sharjah Cricket Stadium,2,5.5,Peshawar Zalmi,Lahore Qalandars,Tamim Iqbal,Kamran Akmal,Sohail Khan,1,0,,,,,,,,,
1128831,2017/18,2018-03-03,Sharjah Cricket Stadium,2,5.6,Peshawar Zalmi,Lahore Qalandars,Kamran Akmal,Tamim Iqbal,Sohail Khan,6,0,,,,,,,,,
1128831,2017/18,2018-03-03,Sharjah Cricket Stadium,2,6.1,Peshawar Zalmi,Lahore Qalandars,Tamim Iqbal,Kamran Akmal,Mustafizur Rahman,0,1,,,,1,,,,,
1128831,2017/18,2018-03-03,Sharjah Cricket Stadium,2,6.2,Peshawar Zalmi,Lahore Qalandars,Kamran Akmal,Tamim Iqbal,Mustafizur Rahman,1,0,,,,,,,,,
1128831,2017/18,2018-03-03,Sharjah Cricket Stadium,2,6.3,Peshawar Zalmi,Lahore Qalandars,Tamim Iqbal,Kamran Akmal,Mustafizur Rahman,1,0,,,,,,,,,
1128831,2017/18,2018-03-03,Sharjah Cricket Stadium,2,6.4,Peshawar Zalmi,Lahore Qalandars,Kamran Akmal,Tamim Iqbal,Mustafizur Rahman,1,0,,,,,,,,,
1128831,2017/18,2018-03-03,Sharjah Cricket Stadium,2,6.5,Peshawar Zalmi,Lahore Qalandars,Tamim Iqbal,Kamran Akmal,Mustafizur Rahman,1,0,,,,,,,,,
1128831,2017/18,2018-03-03,Sharjah Cricket Stadium,2,6.6,Peshawar Zalmi,Lahore Qalandars,Kamran Akmal,Tamim Iqbal,Mustafizur Rahman,0,0,,,,,,,,,
1128831,2017/18,2018-03-03,Sharjah Cricket Stadium,2,7.1,Peshawar Zalmi,Lahore Qalandars,Tamim Iqbal,Kamran Akmal,Yasir Shah,1,0,,,,,,,,,
1128831,2017/18,2018-03-03,Sharjah Cricket Stadium,2,7.2,Peshawar Zalmi,Lahore Qalandars,Kamran Akmal,Tamim Iqbal,Yasir Shah,0,0,,,,,,,,,
1128831,2017/18,2018-03-03,Sharjah Cricket Stadium,2,7.3,Peshawar Zalmi,Lahore Qalandars,Kamran Akmal,Tamim Iqbal,Yasir Shah,1,0,,,,,,,,,
1128831,2017/18,2018-03-03,Sharjah Cricket Stadium,2,7.4,Peshawar Zalmi,Lahore Qalandars,Tamim Iqbal,Kamran Akmal,Yasir Shah,1,0,,,,,,,,,
1128831,2017/18,2018-03-03,Sharjah Cricket Stadium,2,7.5,Peshawar Zalmi,Lahore Qalandars,Kamran Akmal,Tamim Iqbal,Yasir Shah,1,0,,,,,,,,,
1128831,2017/18,2018-03-03,Sharjah Cricket Stadium,2,7.6,Peshawar Zalmi,Lahore Qalandars,Tamim Iqbal,Kamran Akmal,Yasir Shah,1,0,,,,,,,,,
1128831,2017/18,2018-03-03,Sharjah Cricket Stadium,2,8.1,Peshawar Zalmi,Lahore Qalandars,Tamim Iqbal,Kamran Akmal,SP Narine,4,0,,,,,,,,,
1128831,2017/18,2018-03-03,Sharjah Cricket Stadium,2,8.2,Peshawar Zalmi,Lahore Qalandars,Tamim Iqbal,Kamran Akmal,SP Narine,1,0,,,,,,,,,
1128831,2017/18,2018-03-03,Sharjah Cricket Stadium,2,8.3,Peshawar Zalmi,Lahore Qalandars,Kamran Akmal,Tamim Iqbal,SP Narine,1,0,,,,,,,,,
1128831,2017/18,2018-03-03,Sharjah Cricket Stadium,2,8.4,Peshawar Zalmi,Lahore Qalandars,Tamim Iqbal,Kamran Akmal,SP Narine,1,0,,,,,,,,,
1128831,2017/18,2018-03-03,Sharjah Cricket Stadium,2,8.5,Peshawar Zalmi,Lahore Qalandars,Kamran Akmal,Tamim Iqbal,SP Narine,4,0,,,,,,,,,
1128831,2017/18,2018-03-03,Sharjah Cricket Stadium,2,8.6,Peshawar Zalmi,Lahore Qalandars,Kamran Akmal,Tamim Iqbal,SP Narine,0,0,,,,,,,,,
1128831,2017/18,2018-03-03,Sharjah Cricket Stadium,2,9.1,Peshawar Zalmi,Lahore Qalandars,Tamim Iqbal,Kamran Akmal,Yasir Shah,1,0,,,,,,,,,
1128831,2017/18,2018-03-03,Sharjah Cricket Stadium,2,9.2,Peshawar Zalmi,Lahore Qalandars,Kamran Akmal,Tamim Iqbal,Yasir Shah,4,0,,,,,,,,,
1128831,2017/18,2018-03-03,Sharjah Cricket Stadium,2,9.3,Peshawar Zalmi,Lahore Qalandars,Kamran Akmal,Tamim Iqbal,Yasir Shah,1,0,,,,,,,,,
1128831,2017/18,2018-03-03,Sharjah Cricket Stadium,2,9.4,Peshawar Zalmi,Lahore Qalandars,Tamim Iqbal,Kamran Akmal,Yasir Shah,0,0,,,,,,,,,
1128831,2017/18,2018-03-03,Sharjah Cricket Stadium,2,9.5,Peshawar Zalmi,Lahore Qalandars,Tamim Iqbal,Kamran Akmal,Yasir Shah,1,0,,,,,,,,,
1128831,2017/18,2018-03-03,Sharjah Cricket Stadium,2,9.6,Peshawar Zalmi,Lahore Qalandars,Kamran Akmal,Tamim Iqbal,Yasir Shah,1,0,,,,,,,,,
1128831,2017/18,2018-03-03,Sharjah Cricket Stadium,2,10.1,Peshawar Zalmi,Lahore Qalandars,Kamran Akmal,Tamim Iqbal,Salman Irshad,4,0,,,,,,,,,
1128831,2017/18,2018-03-03,Sharjah Cricket Stadium,2,10.2,Peshawar Zalmi,Lahore Qalandars,Kamran Akmal,Tamim Iqbal,Salman Irshad,1,0,,,,,,,,,
1128831,2017/18,2018-03-03,Sharjah Cricket Stadium,2,10.3,Peshawar Zalmi,Lahore Qalandars,Tamim Iqbal,Kamran Akmal,Salman Irshad,0,1,1,,,,,,,,
1128831,2017/18,2018-03-03,Sharjah Cricket Stadium,2,10.4,Peshawar Zalmi,Lahore Qalandars,Tamim Iqbal,Kamran Akmal,Salman Irshad,1,0,,,,,,,,,
1128831,2017/18,2018-03-03,Sharjah Cricket Stadium,2,10.5,Peshawar Zalmi,Lahore Qalandars,Kamran Akmal,Tamim Iqbal,Salman Irshad,4,0,,,,,,,,,
1128831,2017/18,2018-03-03,Sharjah Cricket Stadium,2,10.6,Peshawar Zalmi,Lahore Qalandars,Kamran Akmal,Tamim Iqbal,Salman Irshad,0,0,,,,,,,,,
1128831,2017/18,2018-03-03,Sharjah Cricket Stadium,2,10.7,Peshawar Zalmi,Lahore Qalandars,Kamran Akmal,Tamim Iqbal,Salman Irshad,0,0,,,,,,,,,
1128831,2017/18,2018-03-03,Sharjah Cricket Stadium,2,11.1,Peshawar Zalmi,Lahore Qalandars,Tamim Iqbal,Kamran Akmal,Yasir Shah,1,0,,,,,,,,,
1128831,2017/18,2018-03-03,Sharjah Cricket Stadium,2,11.2,Peshawar Zalmi,Lahore Qalandars,Kamran Akmal,Tamim Iqbal,Yasir Shah,0,0,,,,,,,,,
1128831,2017/18,2018-03-03,Sharjah Cricket Stadium,2,11.3,Peshawar Zalmi,Lahore Qalandars,Kamran Akmal,Tamim Iqbal,Yasir Shah,0,0,,,,,,,,,
1128831,2017/18,2018-03-03,Sharjah Cricket Stadium,2,11.4,Peshawar Zalmi,Lahore Qalandars,Kamran Akmal,Tamim Iqbal,Yasir Shah,0,0,,,,,,,,,
1128831,2017/18,2018-03-03,Sharjah Cricket Stadium,2,11.5,Peshawar Zalmi,Lahore Qalandars,Kamran Akmal,Tamim Iqbal,Yasir Shah,0,0,,,,,,,,,
1128831,2017/18,2018-03-03,Sharjah Cricket Stadium,2,11.6,Peshawar Zalmi,Lahore Qalandars,Kamran Akmal,Tamim Iqbal,Yasir Shah,1,0,,,,,,,,,
1128831,2017/18,2018-03-03,Sharjah Cricket Stadium,2,12.1,Peshawar Zalmi,Lahore Qalandars,Kamran Akmal,Tamim Iqbal,Mustafizur Rahman,2,0,,,,,,,,,
1128831,2017/18,2018-03-03,Sharjah Cricket Stadium,2,12.2,Peshawar Zalmi,Lahore Qalandars,Kamran Akmal,Tamim Iqbal,Mustafizur Rahman,1,0,,,,,,,,,
1128831,2017/18,2018-03-03,Sharjah Cricket Stadium,2,12.3,Peshawar Zalmi,Lahore Qalandars,Tamim Iqbal,Kamran Akmal,Mustafizur Rahman,1,0,,,,,,,,,
1128831,2017/18,2018-03-03,Sharjah Cricket Stadium,2,12.4,Peshawar Zalmi,Lahore Qalandars,Kamran Akmal,Tamim Iqbal,Mustafizur Rahman,1,0,,,,,,,,,
1128831,2017/18,2018-03-03,Sharjah Cricket Stadium,2,12.5,Peshawar Zalmi,Lahore Qalandars,Tamim Iqbal,Kamran Akmal,Mustafizur Rahman,1,0,,,,,,,,,
1128831,2017/18,2018-03-03,Sharjah Cricket Stadium,2,12.6,Peshawar Zalmi,Lahore Qalandars,Kamran Akmal,Tamim Iqbal,Mustafizur Rahman,0,0,,,,,,,,,
1128831,2017/18,2018-03-03,Sharjah Cricket Stadium,2,13.1,Peshawar Zalmi,Lahore Qalandars,Tamim Iqbal,Kamran Akmal,Sohail Khan,1,0,,,,,,,,,
1128831,2017/18,2018-03-03,Sharjah Cricket Stadium,2,13.2,Peshawar Zalmi,Lahore Qalandars,Kamran Akmal,Tamim Iqbal,Sohail Khan,6,0,,,,,,,,,
1128831,2017/18,2018-03-03,Sharjah Cricket Stadium,2,13.3,Peshawar Zalmi,Lahore Qalandars,Kamran Akmal,Tamim Iqbal,Sohail Khan,1,0,,,,,,,,,
1128831,2017/18,2018-03-03,Sharjah Cricket Stadium,2,13.4,Peshawar Zalmi,Lahore Qalandars,Tamim Iqbal,Kamran Akmal,Sohail Khan,0,1,1,,,,,,,,
1128831,2017/18,2018-03-03,Sharjah Cricket Stadium,2,13.5,Peshawar Zalmi,Lahore Qalandars,Tamim Iqbal,Kamran Akmal,Sohail Khan,1,0,,,,,,,,,
1128831,2017/18,2018-03-03,Sharjah Cricket Stadium,2,13.6,Peshawar Zalmi,Lahore Qalandars,Kamran Akmal,Tamim Iqbal,Sohail Khan,0,5,5,,,,,,,,
