match_id,season,start_date,venue,innings,ball,batting_team,bowling_team,striker,non_striker,bowler,runs_off_bat,extras,wides,noballs,byes,legbyes,penalty,wicket_type,player_dismissed,other_wicket_type,other_player_dismissed
1128839,2017/18,2018-03-10,Dubai International Cricket Stadium,1,0.1,Karachi Kings,Multan Sultans,LMP Simmons,JL Denly,Sohail Tanvir,0,0,,,,,,,,,
1128839,2017/18,2018-03-10,Dubai International Cricket Stadium,1,0.2,Karachi Kings,Multan Sultans,LMP Simmons,JL Denly,Sohail Tanvir,0,1,1,,,,,,,,
1128839,2017/18,2018-03-10,Dubai International Cricket Stadium,1,0.3,Karachi Kings,Multan Sultans,LMP Simmons,JL Denly,Sohail Tanvir,0,0,,,,,,,,,
1128839,2017/18,2018-03-10,Dubai International Cricket Stadium,1,0.4,Karachi Kings,Multan Sultans,LMP Simmons,JL Denly,Sohail Tanvir,0,0,,,,,,,,,
1128839,2017/18,2018-03-10,Dubai International Cricket Stadium,1,0.5,Karachi Kings,Multan Sultans,LMP Simmons,JL Denly,Sohail Tanvir,0,0,,,,,,,,,
1128839,2017/18,2018-03-10,Dubai International Cricket Stadium,1,0.6,Karachi Kings,Multan Sultans,LMP Simmons,JL Denly,Sohail Tanvir,0,0,,,,,,,,,
1128839,2017/18,2018-03-10,Dubai International Cricket Stadium,1,0.7,Karachi Kings,Multan Sultans,LMP Simmons,JL Denly,Sohail Tanvir,0,0,,,,,,,,,
1128839,2017/18,2018-03-10,Dubai International Cricket Stadium,1,1.1,Karachi Kings,Multan Sultans,JL Denly,LMP Simmons,Mohammad Irfan,0,0,,,,,,,,,
1128839,2017/18,2018-03-10,Dubai International Cricket Stadium,1,1.2,Karachi Kings,Multan Sultans,JL Denly,LMP Simmons,Mohammad Irfan,0,0,,,,,,,,,
1128839,2017/18,2018-03-10,Dubai International Cricket Stadium,1,1.3,Karachi Kings,Multan Sultans,JL Denly,LMP Simmons,Mohammad Irfan,1,0,,,,,,,,,
1128839,2017/18,2018-03-10,Dubai International Cricket Stadium,1,1.4,Karachi Kings,Multan Sultans,LMP Simmons,JL Denly,Mohammad Irfan,1,0,,,,,,,,,
1128839,2017/18,2018-03-10,Dubai International Cricket Stadium,1,1.5,Karachi Kings,Multan Sultans,JL Denly,LMP Simmons,Mohammad Irfan,4,0,,,,,,,,,
1128839,2017/18,2018-03-10,Dubai International Cricket Stadium,1,1.6,Karachi Kings,Multan Sultans,JL Denly,LMP Simmons,Mohammad Irfan,2,0,,,,,,,,,
1128839,2017/18,2018-03-10,Dubai International Cricket Stadium,1,2.1,Karachi Kings,Multan Sultans,LMP Simmons,JL Denly,Sohail Tanvir,1,0,,,,,,,,,
1128839,2017/18,2018-03-10,Dubai International Cricket Stadium,1,2.2,Karachi Kings,Multan Sultans,JL Denly,LMP Simmons,Sohail Tanvir,0,1,1,,,,,,,,
1128839,2017/18,2018-03-10,Dubai International Cricket Stadium,1,2.3,Karachi Kings,Multan Sultans,JL Denly,LMP Simmons,Sohail Tanvir,2,0,,,,,,,,,
1128839,2017/18,2018-03-10,Dubai International Cricket Stadium,1,2.4,Karachi Kings,Multan Sultans,JL Denly,LMP Simmons,Sohail Tanvir,4,0,,,,,,,,,
1128839,2017/18,2018-03-10,Dubai International Cricket Stadium,1,2.5,Karachi Kings,Multan Sultans,JL Denly,LMP Simmons,Sohail Tanvir,1,0,,,,,,,,,
1128839,2017/18,2018-03-10,Dubai International Cricket Stadium,1,2.6,Karachi Kings,Multan Sultans,LMP Simmons,JL Denly,Sohail Tanvir,0,0,,,,,,,,,
1128839,2017/18,2018-03-10,Dubai International Cricket Stadium,1,2.7,Karachi Kings,Multan Sultans,LMP Simmons,JL Denly,Sohail Tanvir,1,0,,,,,,,,,
1128839,2017/18,2018-03-10,Dubai International Cricket Stadium,1,3.1,Karachi Kings,Multan Sultans,LMP Simmons,JL Denly,Mohammad Irfan,0,0,,,,,,,,,
1128839,2017/18,2018-03-10,Dubai International Cricket Stadium,1,3.2,Karachi Kings,Multan Sultans,LMP Simmons,JL Denly,Mohammad Irfan,1,0,,,,,,,,,
1128839,2017/18,2018-03-10,Dubai International Cricket Stadium,1,3.3,Karachi Kings,Multan Sultans,JL Denly,LMP Simmons,Mohammad Irfan,1,0,,,,,,,,,
1128839,2017/18,2018-03-10,Dubai International Cricket Stadium,1,3.4,Karachi Kings,Multan Sultans,LMP Simmons,JL Denly,Mohammad Irfan,0,0,,,,,,caught,LMP Simmons,,
1128839,2017/18,2018-03-10,Dubai International Cricket Stadium,1,3.5,Karachi Kings,Multan Sultans,JL Denly,Babar Azam,Mohammad Irfan,0,1,,,,1,,,,,
1128839,2017/18,2018-03-10,Dubai International Cricket Stadium,1,3.6,Karachi Kings,Multan Sultans,Babar Azam,JL Denly,Mohammad Irfan,0,0,,,,,,,,,
1128839,2017/18,2018-03-10,Dubai International Cricket Stadium,1,4.1,Karachi Kings,Multan Sultans,JL Denly,Babar Azam,Sohail Tanvir,0,0,,,,,,,,,
1128839,2017/18,2018-03-10,Dubai International Cricket Stadium,1,4.2,Karachi Kings,Multan Sultans,JL Denly,Babar Azam,Sohail Tanvir,0,0,,,,,,,,,
1128839,2017/18,2018-03-10,Dubai International Cricket Stadium,1,4.3,Karachi Kings,Multan Sultans,JL Denly,Babar Azam,Sohail Tanvir,1,0,,,,,,,,,
1128839,2017/18,2018-03-10,Dubai International Cricket Stadium,1,4.4,Karachi Kings,Multan Sultans,Babar Azam,JL Denly,Sohail Tanvir,1,0,,,,,,,,,
1128839,2017/18,2018-03-10,Dubai International Cricket Stadium,1,4.5,Karachi Kings,Multan Sultans,JL Denly,Babar Azam,Sohail Tanvir,4,0,,,,,,,,,
1128839,2017/18,2018-03-10,Dubai International Cricket Stadium,1,4.6,Karachi Kings,Multan Sultans,JL Denly,Babar Azam,Sohail Tanvir,0,1,1,,,,,,,,
1128839,2017/18,2018-03-10,Dubai International Cricket Stadium,1,4.7,Karachi Kings,Multan Sultans,JL Denly,Babar Azam,Sohail Tanvir,1,0,,,,,,,,,
1128839,2017/18,2018-03-10,Dubai International Cricket Stadium,1,5.1,Karachi Kings,Multan Sultans,JL Denly,Babar Azam,Mohammad Irfan,1,0,,,,,,,,,
1128839,2017/18,2018-03-10,Dubai International Cricket Stadium,1,5.2,Karachi Kings,Multan Sultans,Babar Azam,JL Denly,Mohammad Irfan,0,0,,,,,,,,,
1128839,2017/18,2018-03-10,Dubai International Cricket Stadium,1,5.3,Karachi Kings,Multan Sultans,Babar Azam,JL Denly,Mohammad Irfan,1,0,,,,,,,,,
1128839,2017/18,2018-03-10,Dubai International Cricket Stadium,1,5.4,Karachi Kings,Multan Sultans,JL Denly,Babar Azam,Mohammad Irfan,0,0,,,,,,,,,
1128839,2017/18,2018-03-10,Dubai International Cricket Stadium,1,5.5,Karachi Kings,Multan Sultans,JL Denly,Babar Azam,Mohammad Irfan,0,0,,,,,,,,,
1128839,2017/18,2018-03-10,Dubai International Cricket Stadium,1,5.6,Karachi Kings,Multan Sultans,JL Denly,Babar Azam,Mohammad Irfan,0,0,,,,,,,,,
1128839,2017/18,2018-03-10,Dubai International Cricket Stadium,1,6.1,Karachi Kings,Multan Sultans,Babar Azam,JL Denly,Junaid Khan,0,0,,,,,,,,,
1128839,2017/18,2018-03-10,Dubai International Cricket Stadium,1,6.2,Karachi Kings,Multan Sultans,Babar Azam,JL Denly,Junaid Khan,1,0,,,,,,,,,
1128839,2017/18,2018-03-10,Dubai International Cricket Stadium,1,6.3,Karachi Kings,Multan Sultans,JL Denly,Babar Azam,Junaid Khan,0,0,,,,,,,,,
1128839,2017/18,2018-03-10,Dubai International Cricket Stadium,1,6.4,Karachi Kings,Multan Sultans,JL Denly,Babar Azam,Junaid Khan,1,0,,,,,,,,,
1128839,2017/18,2018-03-10,Dubai International Cricket Stadium,1,6.5,Karachi Kings,Multan Sultans,Babar Azam,JL Denly,Junaid Khan,1,0,,,,,,,,,
1128839,2017/18,2018-03-10,Dubai International Cricket Stadium,1,6.6,Karachi Kings,Multan Sultans,JL Denly,Babar Azam,Junaid Khan,4,0,,,,,,,,,
1128839,2017/18,2018-03-10,Dubai International Cricket Stadium,1,7.1,Karachi Kings,Multan Sultans,Babar Azam,JL Denly,Imran Tahir,1,0,,,,,,,,,
1128839,2017/18,2018-03-10,Dubai International Cricket Stadium,1,7.2,Karachi Kings,Multan Sultans,JL Denly,Babar Azam,Imran Tahir,0,0,,,,,,,,,
1128839,2017/18,2018-03-10,Dubai International Cricket Stadium,1,7.3,Karachi Kings,Multan Sultans,JL Denly,Babar Azam,Imran Tahir,1,0,,,,,,,,,
1128839,2017/18,2018-03-10,Dubai International Cricket Stadium,1,7.4,Karachi Kings,Multan Sultans,Babar Azam,JL Denly,Imran Tahir,1,0,,,,,,,,,
1128839,2017/18,2018-03-10,Dubai International Cricket Stadium,1,7.5,Karachi Kings,Multan Sultans,JL Denly,Babar Azam,Imran Tahir,1,0,,,,,,,,,
1128839,2017/18,2018-03-10,Dubai International Cricket Stadium,1,7.6,Karachi Kings,Multan Sultans,Babar Azam,JL Denly,Imran Tahir,0,0,,,,,,,,,
1128839,2017/18,2018-03-10,Dubai International Cricket Stadium,1,8.1,Karachi Kings,Multan Sultans,JL Denly,Babar Azam,Junaid Khan,1,0,,,,,,,,,
1128839,2017/18,2018-03-10,Dubai International Cricket Stadium,1,8.2,Karachi Kings,Multan Sultans,Babar Azam,JL Denly,Junaid Khan,1,0,,,,,,,,,
1128839,2017/18,2018-03-10,Dubai International Cricket Stadium,1,8.3,Karachi Kings,Multan Sultans,JL Denly,Babar Azam,Junaid Khan,4,0,,,,,,,,,
1128839,2017/18,2018-03-10,Dubai International Cricket Stadium,1,8.4,Karachi Kings,Multan Sultans,JL Denly,Babar Azam,Junaid Khan,0,0,,,,,,,,,
1128839,2017/18,2018-03-10,Dubai International Cricket Stadium,1,8.5,Karachi Kings,Multan Sultans,JL Denly,Babar Azam,Junaid Khan,6,0,,,,,,,,,
1128839,2017/18,2018-03-10,Dubai International Cricket Stadium,1,8.6,Karachi Kings,Multan Sultans,JL Denly,Babar Azam,Junaid Khan,1,0,,,,,,,,,
1128839,2017/18,2018-03-10,Dubai International Cricket Stadium,1,9.1,Karachi Kings,Multan Sultans,JL Denly,Babar Azam,Imran Tahir,4,0,,,,,,,,,
1128839,2017/18,2018-03-10,Dubai International Cricket Stadium,1,9.2,Karachi Kings,Multan Sultans,JL Denly,Babar Azam,Imran Tahir,4,0,,,,,,,,,
1128839,2017/18,2018-03-10,Dubai International Cricket Stadium,1,9.3,Karachi Kings,Multan Sultans,JL Denly,Babar Azam,Imran Tahir,1,0,,,,,,,,,
1128839,2017/18,2018-03-10,Dubai International Cricket Stadium,1,9.4,Karachi Kings,Multan Sultans,Babar Azam,JL Denly,Imran Tahir,1,0,,,,,,,,,
1128839,2017/18,2018-03-10,Dubai International Cricket Stadium,1,9.5,Karachi Kings,Multan Sultans,JL Denly,Babar Azam,Imran Tahir,1,0,,,,,,,,,
1128839,2017/18,2018-03-10,Dubai International Cricket Stadium,1,9.6,Karachi Kings,Multan Sultans,Babar Azam,JL Denly,Imran Tahir,1,0,,,,,,,,,
1128839,2017/18,2018-03-10,Dubai International Cricket Stadium,1,10.1,Karachi Kings,Multan Sultans,Babar Azam,JL Denly,GC Viljoen,1,0,,,,,,,,,
1128839,2017/18,2018-03-10,Dubai International Cricket Stadium,1,10.2,Karachi Kings,Multan Sultans,JL Denly,Babar Azam,GC Viljoen,0,0,,,,,,,,,
1128839,2017/18,2018-03-10,Dubai International Cricket Stadium,1,10.3,Karachi Kings,Multan Sultans,JL Denly,Babar Azam,GC Viljoen,0,0,,,,,,,,,
1128839,2017/18,2018-03-10,Dubai International Cricket Stadium,1,10.4,Karachi Kings,Multan Sultans,JL Denly,Babar Azam,GC Viljoen,6,0,,,,,,,,,
1128839,2017/18,2018-03-10,Dubai International Cricket Stadium,1,10.5,Karachi Kings,Multan Sultans,JL Denly,Babar Azam,GC Viljoen,0,0,,,,,,,,,
1128839,2017/18,2018-03-10,Dubai International Cricket Stadium,1,10.6,Karachi Kings,Multan Sultans,JL Denly,Babar Azam,GC Viljoen,1,0,,,,,,,,,
1128839,2017/18,2018-03-10,Dubai International Cricket Stadium,1,11.1,Karachi Kings,Multan Sultans,JL Denly,Babar Azam,Mohammad Irfan,1,0,,,,,,,,,
1128839,2017/18,2018-03-10,Dubai International Cricket Stadium,1,11.2,Karachi Kings,Multan Sultans,Babar Azam,JL Denly,Mohammad Irfan,4,0,,,,,,,,,
1128839,2017/18,2018-03-10,Dubai International Cricket Stadium,1,11.3,Karachi Kings,Multan Sultans,Babar Azam,JL Denly,Mohammad Irfan,0,0,,,,,,,,,
1128839,2017/18,2018-03-10,Dubai International Cricket Stadium,1,11.4,Karachi Kings,Multan Sultans,Babar Azam,JL Denly,Mohammad Irfan,1,0,,,,,,,,,
1128839,2017/18,2018-03-10,Dubai International Cricket Stadium,1,11.5,Karachi Kings,Multan Sultans,JL Denly,Babar Azam,Mohammad Irfan,1,0,,,,,,,,,
1128839,2017/18,2018-03-10,Dubai International Cricket Stadium,1,11.6,Karachi Kings,Multan Sultans,Babar Azam,JL Denly,Mohammad Irfan,2,0,,,,,,,,,
1128839,2017/18,2018-03-10,Dubai International Cricket Stadium,1,12.1,Karachi Kings,Multan Sultans,JL Denly,Babar Azam,GC Viljoen,0,0,,,,,,,,,
1128839,2017/18,2018-03-10,Dubai International Cricket Stadium,1,12.2,Karachi Kings,Multan Sultans,JL Denly,Babar Azam,GC Viljoen,0,0,,,,,,,,,
1128839,2017/18,2018-03-10,Dubai International Cricket Stadium,1,12.3,Karachi Kings,Multan Sultans,JL Denly,Babar Azam,GC Viljoen,2,0,,,,,,,,,
1128839,2017/18,2018-03-10,Dubai International Cricket Stadium,1,12.4,Karachi Kings,Multan Sultans,JL Denly,Babar Azam,GC Viljoen,4,0,,,,,,,,,
1128839,2017/18,2018-03-10,Dubai International Cricket Stadium,1,12.5,Karachi Kings,Multan Sultans,JL Denly,Babar Azam,GC Viljoen,0,0,,,,,,,,,
1128839,2017/18,2018-03-10,Dubai International Cricket Stadium,1,12.6,Karachi Kings,Multan Sultans,JL Denly,Babar Azam,GC Viljoen,4,0,,,,,,,,,
1128839,2017/18,2018-03-10,Dubai International Cricket Stadium,1,13.1,Karachi Kings,Multan Sultans,Babar Azam,JL Denly,Imran Tahir,6,0,,,,,,,,,
1128839,2017/18,2018-03-10,Dubai International Cricket Stadium,1,13.2,Karachi Kings,Multan Sultans,Babar Azam,JL Denly,Imran Tahir,1,0,,,,,,,,,
1128839,2017/18,2018-03-10,Dubai International Cricket Stadium,1,13.3,Karachi Kings,Multan Sultans,JL Denly,Babar Azam,Imran Tahir,1,0,,,,,,,,,
1128839,2017/18,2018-03-10,Dubai International Cricket Stadium,1,13.4,Karachi Kings,Multan Sultans,Babar Azam,JL Denly,Imran Tahir,1,0,,,,,,,,,
1128839,2017/18,2018-03-10,Dubai International Cricket Stadium,1,13.5,Karachi Kings,Multan Sultans,JL Denly,Babar Azam,Imran Tahir,1,0,,,,,,,,,
1128839,2017/18,2018-03-10,Dubai International Cricket Stadium,1,13.6,Karachi Kings,Multan Sultans,Babar Azam,JL Denly,Imran Tahir,1,0,,,,,,,,,
1128839,2017/18,2018-03-10,Dubai International Cricket Stadium,1,14.1,Karachi Kings,Multan Sultans,Babar Azam,JL Denly,Junaid Khan,1,0,,,,,,,,,
1128839,2017/18,2018-03-10,Dubai International Cricket Stadium,1,14.2,Karachi Kings,Multan Sultans,JL Denly,Babar Azam,Junaid Khan,1,0,,,,,,,,,
1128839,2017/18,2018-03-10,Dubai International Cricket Stadium,1,14.3,Karachi Kings,Multan Sultans,Babar Azam,JL Denly,Junaid Khan,4,0,,,,,,,,,
1128839,2017/18,2018-03-10,Dubai International Cricket Stadium,1,14.4,Karachi Kings,Multan Sultans,Babar Azam,JL Denly,Junaid Khan,1,0,,,,,,,,,
1128839,2017/18,2018-03-10,Dubai International Cricket Stadium,1,14.5,Karachi Kings,Multan Sultans,JL Denly,Babar Azam,Junaid Khan,4,0,,,,,,,,,
1128839,2017/18,2018-03-10,Dubai International Cricket Stadium,1,14.6,Karachi Kings,Multan Sultans,JL Denly,Babar Azam,Junaid Khan,0,4,,,,4,,,,,
1128839,2017/18,2018-03-10,Dubai International Cricket Stadium,1,15.1,Karachi Kings,Multan Sultans,Babar Azam,JL Denly,KA Pollard,2,0,,,,,,,,,
1128839,2017/18,2018-03-10,Dubai International Cricket Stadium,1,15.2,Karachi Kings,Multan Sultans,Babar Azam,JL Denly,KA Pollard,0,0,,,,,,,,,
1128839,2017/18,2018-03-10,Dubai International Cricket Stadium,1,15.3,Karachi Kings,Multan Sultans,Babar Azam,JL Denly,KA Pollard,2,0,,,,,,,,,
1128839,2017/18,2018-03-10,Dubai International Cricket Stadium,1,15.4,Karachi Kings,Multan Sultans,Babar Azam,JL Denly,KA Pollard,1,0,,,,,,,,,
1128839,2017/18,2018-03-10,Dubai International Cricket Stadium,1,15.5,Karachi Kings,Multan Sultans,JL Denly,Babar Azam,KA Pollard,1,0,,,,,,,,,
1128839,2017/18,2018-03-10,Dubai International Cricket Stadium,1,15.6,Karachi Kings,Multan Sultans,Babar Azam,JL Denly,KA Pollard,1,0,,,,,,,,,
1128839,2017/18,2018-03-10,Dubai International Cricket Stadium,1,16.1,Karachi Kings,Multan Sultans,Babar Azam,JL Denly,GC Viljoen,4,0,,,,,,,,,
1128839,2017/18,2018-03-10,Dubai International Cricket Stadium,1,16.2,Karachi Kings,Multan Sultans,Babar Azam,JL Denly,GC Viljoen,1,0,,,,,,,,,
1128839,2017/18,2018-03-10,Dubai International Cricket Stadium,1,16.3,Karachi Kings,Multan Sultans,JL Denly,Babar Azam,GC Viljoen,0,1,,,,1,,,,,
1128839,2017/18,2018-03-10,Dubai International Cricket Stadium,1,16.4,Karachi Kings,Multan Sultans,Babar Azam,JL Denly,GC Viljoen,4,0,,,,,,,,,
1128839,2017/18,2018-03-10,Dubai International Cricket Stadium,1,16.5,Karachi Kings,Multan Sultans,Babar Azam,JL Denly,GC Viljoen,1,0,,,,,,,,,
1128839,2017/18,2018-03-10,Dubai International Cricket Stadium,1,16.6,Karachi Kings,Multan Sultans,JL Denly,Babar Azam,GC Viljoen,0,0,,,,,,caught,JL Denly,,
1128839,2017/18,2018-03-10,Dubai International Cricket Stadium,1,17.1,Karachi Kings,Multan Sultans,Babar Azam,CA Ingram,KA Pollard,1,0,,,,,,,,,
1128839,2017/18,2018-03-10,Dubai International Cricket Stadium,1,17.2,Karachi Kings,Multan Sultans,CA Ingram,Babar Azam,KA Pollard,1,0,,,,,,,,,
1128839,2017/18,2018-03-10,Dubai International Cricket Stadium,1,17.3,Karachi Kings,Multan Sultans,Babar Azam,CA Ingram,KA Pollard,1,0,,,,,,,,,
1128839,2017/18,2018-03-10,Dubai International Cricket Stadium,1,17.4,Karachi Kings,Multan Sultans,CA Ingram,Babar Azam,KA Pollard,6,0,,,,,,,,,
1128839,2017/18,2018-03-10,Dubai International Cricket Stadium,1,17.5,Karachi Kings,Multan Sultans,CA Ingram,Babar Azam,KA Pollard,6,0,,,,,,,,,
1128839,2017/18,2018-03-10,Dubai International Cricket Stadium,1,17.6,Karachi Kings,Multan Sultans,CA Ingram,Babar Azam,KA Pollard,2,0,,,,,,,,,
1128839,2017/18,2018-03-10,Dubai International Cricket Stadium,1,18.1,Karachi Kings,Multan Sultans,Babar Azam,CA Ingram,GC Viljoen,4,0,,,,,,,,,
1128839,2017/18,2018-03-10,Dubai International Cricket Stadium,1,18.2,Karachi Kings,Multan Sultans,Babar Azam,CA Ingram,GC Viljoen,4,0,,,,,,,,,
1128839,2017/18,2018-03-10,Dubai International Cricket Stadium,1,18.3,Karachi Kings,Multan Sultans,Babar Azam,CA Ingram,GC Viljoen,0,5,5,,,,,,,,
1128839,2017/18,2018-03-10,Dubai International Cricket Stadium,1,18.4,Karachi Kings,Multan Sultans,Babar Azam,CA Ingram,GC Viljoen,0,0,,,,,,caught,Babar Azam,,
1128839,2017/18,2018-03-10,Dubai International Cricket Stadium,1,18.5,Karachi Kings,Multan Sultans,CA Ingram,RS Bopara,GC Viljoen,6,0,,,,,,,,,
1128839,2017/18,2018-03-10,Dubai International Cricket Stadium,1,18.6,Karachi Kings,Multan Sultans,CA Ingram,RS Bopara,GC Viljoen,1,0,,,,,,,,,
1128839,2017/18,2018-03-10,Dubai International Cricket Stadium,1,18.7,Karachi Kings,Multan Sultans,RS Bopara,CA Ingram,GC Viljoen,1,0,,,,,,,,,
1128839,2017/18,2018-03-10,Dubai International Cricket Stadium,1,19.1,Karachi Kings,Multan Sultans,RS Bopara,CA Ingram,Sohail Tanvir,0,0,,,,,,,,,
1128839,2017/18,2018-03-10,Dubai International Cricket Stadium,1,19.2,Karachi Kings,Multan Sultans,RS Bopara,CA Ingram,Sohail Tanvir,2,0,,,,,,,,,
1128839,2017/18,2018-03-10,Dubai International Cricket Stadium,1,19.3,Karachi Kings,Multan Sultans,RS Bopara,CA Ingram,Sohail Tanvir,1,0,,,,,,,,,
1128839,2017/18,2018-03-10,Dubai International Cricket Stadium,1,19.4,Karachi Kings,Multan Sultans,CA Ingram,RS Bopara,Sohail Tanvir,1,0,,,,,,,,,
1128839,2017/18,2018-03-10,Dubai International Cricket Stadium,1,19.5,Karachi Kings,Multan Sultans,RS Bopara,CA Ingram,Sohail Tanvir,0,1,,,1,,,,,,
1128839,2017/18,2018-03-10,Dubai International Cricket Stadium,1,19.6,Karachi Kings,Multan Sultans,CA Ingram,RS Bopara,Sohail Tanvir,6,0,,,,,,,,,
1128839,2017/18,2018-03-10,Dubai International Cricket Stadium,2,0.1,Multan Sultans,Karachi Kings,KC Sangakkara,Ahmed Shehzad,Imad Wasim,0,0,,,,,,,,,
1128839,2017/18,2018-03-10,Dubai International Cricket Stadium,2,0.2,Multan Sultans,Karachi Kings,KC Sangakkara,Ahmed Shehzad,Imad Wasim,4,0,,,,,,,,,
1128839,2017/18,2018-03-10,Dubai International Cricket Stadium,2,0.3,Multan Sultans,Karachi Kings,KC Sangakkara,Ahmed Shehzad,Imad Wasim,1,0,,,,,,,,,
1128839,2017/18,2018-03-10,Dubai International Cricket Stadium,2,0.4,Multan Sultans,Karachi Kings,Ahmed Shehzad,KC Sangakkara,Imad Wasim,2,0,,,,,,,,,
1128839,2017/18,2018-03-10,Dubai International Cricket Stadium,2,0.5,Multan Sultans,Karachi Kings,Ahmed Shehzad,KC Sangakkara,Imad Wasim,6,0,,,,,,,,,
1128839,2017/18,2018-03-10,Dubai International Cricket Stadium,2,0.6,Multan Sultans,Karachi Kings,Ahmed Shehzad,KC Sangakkara,Imad Wasim,1,0,,,,,,,,,
1128839,2017/18,2018-03-10,Dubai International Cricket Stadium,2,1.1,Multan Sultans,Karachi Kings,Ahmed Shehzad,KC Sangakkara,Mohammad Amir,0,0,,,,,,,,,
1128839,2017/18,2018-03-10,Dubai International Cricket Stadium,2,1.2,Multan Sultans,Karachi Kings,Ahmed Shehzad,KC Sangakkara,Mohammad Amir,0,0,,,,,,,,,
1128839,2017/18,2018-03-10,Dubai International Cricket Stadium,2,1.3,Multan Sultans,Karachi Kings,Ahmed Shehzad,KC Sangakkara,Mohammad Amir,0,0,,,,,,,,,
1128839,2017/18,2018-03-10,Dubai International Cricket Stadium,2,1.4,Multan Sultans,Karachi Kings,Ahmed Shehzad,KC Sangakkara,Mohammad Amir,1,0,,,,,,,,,
1128839,2017/18,2018-03-10,Dubai International Cricket Stadium,2,1.5,Multan Sultans,Karachi Kings,KC Sangakkara,Ahmed Shehzad,Mohammad Amir,0,0,,,,,,,,,
1128839,2017/18,2018-03-10,Dubai International Cricket Stadium,2,1.6,Multan Sultans,Karachi Kings,KC Sangakkara,Ahmed Shehzad,Mohammad Amir,1,0,,,,,,,,,
1128839,2017/18,2018-03-10,Dubai International Cricket Stadium,2,2.1,Multan Sultans,Karachi Kings,KC Sangakkara,Ahmed Shehzad,Usman Shinwari,0,0,,,,,,,,,
1128839,2017/18,2018-03-10,Dubai International Cricket Stadium,2,2.2,Multan Sultans,Karachi Kings,KC Sangakkara,Ahmed Shehzad,Usman Shinwari,0,0,,,,,,,,,
1128839,2017/18,2018-03-10,Dubai International Cricket Stadium,2,2.3,Multan Sultans,Karachi Kings,KC Sangakkara,Ahmed Shehzad,Usman Shinwari,1,0,,,,,,,,,
1128839,2017/18,2018-03-10,Dubai International Cricket Stadium,2,2.4,Multan Sultans,Karachi Kings,Ahmed Shehzad,KC Sangakkara,Usman Shinwari,0,0,,,,,,,,,
1128839,2017/18,2018-03-10,Dubai International Cricket Stadium,2,2.5,Multan Sultans,Karachi Kings,Ahmed Shehzad,KC Sangakkara,Usman Shinwari,1,0,,,,,,,,,
1128839,2017/18,2018-03-10,Dubai International Cricket Stadium,2,2.6,Multan Sultans,Karachi Kings,KC Sangakkara,Ahmed Shehzad,Usman Shinwari,6,0,,,,,,,,,
1128839,2017/18,2018-03-10,Dubai International Cricket Stadium,2,3.1,Multan Sultans,Karachi Kings,Ahmed Shehzad,KC Sangakkara,Mohammad Amir,0,0,,,,,,,,,
1128839,2017/18,2018-03-10,Dubai International Cricket Stadium,2,3.2,Multan Sultans,Karachi Kings,Ahmed Shehzad,KC Sangakkara,Mohammad Amir,1,0,,,,,,,,,
1128839,2017/18,2018-03-10,Dubai International Cricket Stadium,2,3.3,Multan Sultans,Karachi Kings,KC Sangakkara,Ahmed Shehzad,Mohammad Amir,1,0,,,,,,,,,
1128839,2017/18,2018-03-10,Dubai International Cricket Stadium,2,3.4,Multan Sultans,Karachi Kings,Ahmed Shehzad,KC Sangakkara,Mohammad Amir,6,0,,,,,,,,,
1128839,2017/18,2018-03-10,Dubai International Cricket Stadium,2,3.5,Multan Sultans,Karachi Kings,Ahmed Shehzad,KC Sangakkara,Mohammad Amir,1,0,,,,,,,,,
1128839,2017/18,2018-03-10,Dubai International Cricket Stadium,2,3.6,Multan Sultans,Karachi Kings,Ahmed Shehzad,KC Sangakkara,Mohammad Amir,4,0,,,,,,,,,
1128839,2017/18,2018-03-10,Dubai International Cricket Stadium,2,4.1,Multan Sultans,Karachi Kings,KC Sangakkara,Ahmed Shehzad,Mohammad Irfan (4),4,0,,,,,,,,,
1128839,2017/18,2018-03-10,Dubai International Cricket Stadium,2,4.2,Multan Sultans,Karachi Kings,KC Sangakkara,Ahmed Shehzad,Mohammad Irfan (4),0,0,,,,,,,,,
1128839,2017/18,2018-03-10,Dubai International Cricket Stadium,2,4.3,Multan Sultans,Karachi Kings,KC Sangakkara,Ahmed Shehzad,Mohammad Irfan (4),0,0,,,,,,caught,KC Sangakkara,,
1128839,2017/18,2018-03-10,Dubai International Cricket Stadium,2,4.4,Multan Sultans,Karachi Kings,Sohaib Maqsood,Ahmed Shehzad,Mohammad Irfan (4),0,0,,,,,,,,,
1128839,2017/18,2018-03-10,Dubai International Cricket Stadium,2,4.5,Multan Sultans,Karachi Kings,Sohaib Maqsood,Ahmed Shehzad,Mohammad Irfan (4),0,0,,,,,,,,,
1128839,2017/18,2018-03-10,Dubai International Cricket Stadium,2,4.6,Multan Sultans,Karachi Kings,Sohaib Maqsood,Ahmed Shehzad,Mohammad Irfan (4),1,0,,,,,,,,,
1128839,2017/18,2018-03-10,Dubai International Cricket Stadium,2,5.1,Multan Sultans,Karachi Kings,Sohaib Maqsood,Ahmed Shehzad,Usman Shinwari,6,0,,,,,,,,,
1128839,2017/18,2018-03-10,Dubai International Cricket Stadium,2,5.2,Multan Sultans,Karachi Kings,Sohaib Maqsood,Ahmed Shehzad,Usman Shinwari,4,0,,,,,,,,,
1128839,2017/18,2018-03-10,Dubai International Cricket Stadium,2,5.3,Multan Sultans,Karachi Kings,Sohaib Maqsood,Ahmed Shehzad,Usman Shinwari,0,0,,,,,,,,,
1128839,2017/18,2018-03-10,Dubai International Cricket Stadium,2,5.4,Multan Sultans,Karachi Kings,Sohaib Maqsood,Ahmed Shehzad,Usman Shinwari,0,0,,,,,,caught,Sohaib Maqsood,,
1128839,2017/18,2018-03-10,Dubai International Cricket Stadium,2,5.5,Multan Sultans,Karachi Kings,Ahmed Shehzad,Shoaib Malik,Usman Shinwari,1,0,,,,,,,,,
1128839,2017/18,2018-03-10,Dubai International Cricket Stadium,2,5.6,Multan Sultans,Karachi Kings,Shoaib Malik,Ahmed Shehzad,Usman Shinwari,0,0,,,,,,,,,
1128839,2017/18,2018-03-10,Dubai International Cricket Stadium,2,6.1,Multan Sultans,Karachi Kings,Ahmed Shehzad,Shoaib Malik,Imad Wasim,0,0,,,,,,,,,
1128839,2017/18,2018-03-10,Dubai International Cricket Stadium,2,6.2,Multan Sultans,Karachi Kings,Ahmed Shehzad,Shoaib Malik,Imad Wasim,0,0,,,,,,stumped,Ahmed Shehzad,,
1128839,2017/18,2018-03-10,Dubai International Cricket Stadium,2,6.3,Multan Sultans,Karachi Kings,KA Pollard,Shoaib Malik,Imad Wasim,0,2,,,,2,,,,,
1128839,2017/18,2018-03-10,Dubai International Cricket Stadium,2,6.4,Multan Sultans,Karachi Kings,KA Pollard,Shoaib Malik,Imad Wasim,0,0,,,,,,,,,
1128839,2017/18,2018-03-10,Dubai International Cricket Stadium,2,6.5,Multan Sultans,Karachi Kings,KA Pollard,Shoaib Malik,Imad Wasim,2,0,,,,,,,,,
1128839,2017/18,2018-03-10,Dubai International Cricket Stadium,2,6.6,Multan Sultans,Karachi Kings,KA Pollard,Shoaib Malik,Imad Wasim,1,0,,,,,,,,,
1128839,2017/18,2018-03-10,Dubai International Cricket Stadium,2,7.1,Multan Sultans,Karachi Kings,KA Pollard,Shoaib Malik,Shahid Afridi,0,0,,,,,,,,,
1128839,2017/18,2018-03-10,Dubai International Cricket Stadium,2,7.2,Multan Sultans,Karachi Kings,KA Pollard,Shoaib Malik,Shahid Afridi,0,0,,,,,,bowled,KA Pollard,,
1128839,2017/18,2018-03-10,Dubai International Cricket Stadium,2,7.3,Multan Sultans,Karachi Kings,Saif Badar,Shoaib Malik,Shahid Afridi,1,0,,,,,,,,,
1128839,2017/18,2018-03-10,Dubai International Cricket Stadium,2,7.4,Multan Sultans,Karachi Kings,Shoaib Malik,Saif Badar,Shahid Afridi,2,0,,,,,,,,,
1128839,2017/18,2018-03-10,Dubai International Cricket Stadium,2,7.5,Multan Sultans,Karachi Kings,Shoaib Malik,Saif Badar,Shahid Afridi,1,0,,,,,,,,,
1128839,2017/18,2018-03-10,Dubai International Cricket Stadium,2,7.6,Multan Sultans,Karachi Kings,Saif Badar,Shoaib Malik,Shahid Afridi,0,0,,,,,,,,,
1128839,2017/18,2018-03-10,Dubai International Cricket Stadium,2,8.1,Multan Sultans,Karachi Kings,Shoaib Malik,Saif Badar,Imad Wasim,1,0,,,,,,,,,
1128839,2017/18,2018-03-10,Dubai International Cricket Stadium,2,8.2,Multan Sultans,Karachi Kings,Saif Badar,Shoaib Malik,Imad Wasim,0,0,,,,,,,,,
1128839,2017/18,2018-03-10,Dubai International Cricket Stadium,2,8.3,Multan Sultans,Karachi Kings,Saif Badar,Shoaib Malik,Imad Wasim,1,0,,,,,,,,,
1128839,2017/18,2018-03-10,Dubai International Cricket Stadium,2,8.4,Multan Sultans,Karachi Kings,Shoaib Malik,Saif Badar,Imad Wasim,1,0,,,,,,,,,
1128839,2017/18,2018-03-10,Dubai International Cricket Stadium,2,8.5,Multan Sultans,Karachi Kings,Saif Badar,Shoaib Malik,Imad Wasim,0,0,,,,,,,,,
1128839,2017/18,2018-03-10,Dubai International Cricket Stadium,2,8.6,Multan Sultans,Karachi Kings,Saif Badar,Shoaib Malik,Imad Wasim,1,0,,,,,,,,,
1128839,2017/18,2018-03-10,Dubai International Cricket Stadium,2,9.1,Multan Sultans,Karachi Kings,Saif Badar,Shoaib Malik,Shahid Afridi,0,0,,,,,,,,,
1128839,2017/18,2018-03-10,Dubai International Cricket Stadium,2,9.2,Multan Sultans,Karachi Kings,Saif Badar,Shoaib Malik,Shahid Afridi,4,0,,,,,,,,,
1128839,2017/18,2018-03-10,Dubai International Cricket Stadium,2,9.3,Multan Sultans,Karachi Kings,Saif Badar,Shoaib Malik,Shahid Afridi,0,0,,,,,,,,,
1128839,2017/18,2018-03-10,Dubai International Cricket Stadium,2,9.4,Multan Sultans,Karachi Kings,Saif Badar,Shoaib Malik,Shahid Afridi,6,0,,,,,,,,,
1128839,2017/18,2018-03-10,Dubai International Cricket Stadium,2,9.5,Multan Sultans,Karachi Kings,Saif Badar,Shoaib Malik,Shahid Afridi,0,0,,,,,,bowled,Saif Badar,,
1128839,2017/18,2018-03-10,Dubai International Cricket Stadium,2,9.6,Multan Sultans,Karachi Kings,GC Viljoen,Shoaib Malik,Shahid Afridi,1,0,,,,,,,,,
1128839,2017/18,2018-03-10,Dubai International Cricket Stadium,2,10.1,Multan Sultans,Karachi Kings,GC Viljoen,Shoaib Malik,Imad Wasim,0,0,,,,,,,,,
1128839,2017/18,2018-03-10,Dubai International Cricket Stadium,2,10.2,Multan Sultans,Karachi Kings,GC Viljoen,Shoaib Malik,Imad Wasim,0,1,,,,1,,,,,
1128839,2017/18,2018-03-10,Dubai International Cricket Stadium,2,10.3,Multan Sultans,Karachi Kings,Shoaib Malik,GC Viljoen,Imad Wasim,1,0,,,,,,,,,
1128839,2017/18,2018-03-10,Dubai International Cricket Stadium,2,10.4,Multan Sultans,Karachi Kings,GC Viljoen,Shoaib Malik,Imad Wasim,0,0,,,,,,,,,
1128839,2017/18,2018-03-10,Dubai International Cricket Stadium,2,10.5,Multan Sultans,Karachi Kings,GC Viljoen,Shoaib Malik,Imad Wasim,0,0,,,,,,,,,
1128839,2017/18,2018-03-10,Dubai International Cricket Stadium,2,10.6,Multan Sultans,Karachi Kings,GC Viljoen,Shoaib Malik,Imad Wasim,0,0,,,,,,,,,
1128839,2017/18,2018-03-10,Dubai International Cricket Stadium,2,11.1,Multan Sultans,Karachi Kings,Shoaib Malik,GC Viljoen,Shahid Afridi,0,0,,,,,,,,,
1128839,2017/18,2018-03-10,Dubai International Cricket Stadium,2,11.2,Multan Sultans,Karachi Kings,Shoaib Malik,GC Viljoen,Shahid Afridi,0,0,,,,,,bowled,Shoaib Malik,,
1128839,2017/18,2018-03-10,Dubai International Cricket Stadium,2,11.3,Multan Sultans,Karachi Kings,Sohail Tanvir,GC Viljoen,Shahid Afridi,0,0,,,,,,,,,
1128839,2017/18,2018-03-10,Dubai International Cricket Stadium,2,11.4,Multan Sultans,Karachi Kings,Sohail Tanvir,GC Viljoen,Shahid Afridi,0,0,,,,,,,,,
1128839,2017/18,2018-03-10,Dubai International Cricket Stadium,2,11.5,Multan Sultans,Karachi Kings,Sohail Tanvir,GC Viljoen,Shahid Afridi,0,0,,,,,,,,,
1128839,2017/18,2018-03-10,Dubai International Cricket Stadium,2,11.6,Multan Sultans,Karachi Kings,Sohail Tanvir,GC Viljoen,Shahid Afridi,0,0,,,,,,,,,
1128839,2017/18,2018-03-10,Dubai International Cricket Stadium,2,12.1,Multan Sultans,Karachi Kings,GC Viljoen,Sohail Tanvir,JL Denly,1,0,,,,,,,,,
1128839,2017/18,2018-03-10,Dubai International Cricket Stadium,2,12.2,Multan Sultans,Karachi Kings,Sohail Tanvir,GC Viljoen,JL Denly,0,0,,,,,,,,,
1128839,2017/18,2018-03-10,Dubai International Cricket Stadium,2,12.3,Multan Sultans,Karachi Kings,Sohail Tanvir,GC Viljoen,JL Denly,6,0,,,,,,,,,
1128839,2017/18,2018-03-10,Dubai International Cricket Stadium,2,12.4,Multan Sultans,Karachi Kings,Sohail Tanvir,GC Viljoen,JL Denly,0,0,,,,,,,,,
1128839,2017/18,2018-03-10,Dubai International Cricket Stadium,2,12.5,Multan Sultans,Karachi Kings,Sohail Tanvir,GC Viljoen,JL Denly,0,0,,,,,,run out,GC Viljoen,,
1128839,2017/18,2018-03-10,Dubai International Cricket Stadium,2,12.6,Multan Sultans,Karachi Kings,Imran Tahir,Sohail Tanvir,JL Denly,1,0,,,,,,,,,
1128839,2017/18,2018-03-10,Dubai International Cricket Stadium,2,13.1,Multan Sultans,Karachi Kings,Imran Tahir,Sohail Tanvir,Shahid Afridi,0,0,,,,,,,,,
1128839,2017/18,2018-03-10,Dubai International Cricket Stadium,2,13.2,Multan Sultans,Karachi Kings,Imran Tahir,Sohail Tanvir,Shahid Afridi,0,0,,,,,,,,,
1128839,2017/18,2018-03-10,Dubai International Cricket Stadium,2,13.3,Multan Sultans,Karachi Kings,Imran Tahir,Sohail Tanvir,Shahid Afridi,0,0,,,,,,,,,
1128839,2017/18,2018-03-10,Dubai International Cricket Stadium,2,13.4,Multan Sultans,Karachi Kings,Imran Tahir,Sohail Tanvir,Shahid Afridi,0,1,1,,,,,,,,
1128839,2017/18,2018-03-10,Dubai International Cricket Stadium,2,13.5,Multan Sultans,Karachi Kings,Imran Tahir,Sohail Tanvir,Shahid Afridi,0,0,,,,,,,,,
1128839,2017/18,2018-03-10,Dubai International Cricket Stadium,2,13.6,Multan Sultans,Karachi Kings,Imran Tahir,Sohail Tanvir,Shahid Afridi,1,0,,,,,,,,,
1128839,2017/18,2018-03-10,Dubai International Cricket Stadium,2,13.7,Multan Sultans,Karachi Kings,Sohail Tanvir,Imran Tahir,Shahid Afridi,1,0,,,,,,,,,
1128839,2017/18,2018-03-10,Dubai International Cricket Stadium,2,14.1,Multan Sultans,Karachi Kings,Sohail Tanvir,Imran Tahir,JL Denly,0,0,,,,,,,,,
1128839,2017/18,2018-03-10,Dubai International Cricket Stadium,2,14.2,Multan Sultans,Karachi Kings,Sohail Tanvir,Imran Tahir,JL Denly,0,0,,,,,,,,,
1128839,2017/18,2018-03-10,Dubai International Cricket Stadium,2,14.3,Multan Sultans,Karachi Kings,Sohail Tanvir,Imran Tahir,JL Denly,6,0,,,,,,,,,
1128839,2017/18,2018-03-10,Dubai International Cricket Stadium,2,14.4,Multan Sultans,Karachi Kings,Sohail Tanvir,Imran Tahir,JL Denly,0,0,,,,,,,,,
1128839,2017/18,2018-03-10,Dubai International Cricket Stadium,2,14.5,Multan Sultans,Karachi Kings,Sohail Tanvir,Imran Tahir,JL Denly,0,0,,,,,,,,,
1128839,2017/18,2018-03-10,Dubai International Cricket Stadium,2,14.6,Multan Sultans,Karachi Kings,Sohail Tanvir,Imran Tahir,JL Denly,1,0,,,,,,,,,
1128839,2017/18,2018-03-10,Dubai International Cricket Stadium,2,15.1,Multan Sultans,Karachi Kings,Sohail Tanvir,Imran Tahir,Mohammad Amir,1,0,,,,,,,,,
1128839,2017/18,2018-03-10,Dubai International Cricket Stadium,2,15.2,Multan Sultans,Karachi Kings,Imran Tahir,Sohail Tanvir,Mohammad Amir,0,0,,,,,,,,,
1128839,2017/18,2018-03-10,Dubai International Cricket Stadium,2,15.3,Multan Sultans,Karachi Kings,Imran Tahir,Sohail Tanvir,Mohammad Amir,0,0,,,,,,,,,
1128839,2017/18,2018-03-10,Dubai International Cricket Stadium,2,15.4,Multan Sultans,Karachi Kings,Imran Tahir,Sohail Tanvir,Mohammad Amir,0,0,,,,,,bowled,Imran Tahir,,
1128839,2017/18,2018-03-10,Dubai International Cricket Stadium,2,15.5,Multan Sultans,Karachi Kings,Junaid Khan,Sohail Tanvir,Mohammad Amir,1,0,,,,,,,,,
1128839,2017/18,2018-03-10,Dubai International Cricket Stadium,2,15.6,Multan Sultans,Karachi Kings,Sohail Tanvir,Junaid Khan,Mohammad Amir,0,0,,,,,,,,,
1128839,2017/18,2018-03-10,Dubai International Cricket Stadium,2,16.1,Multan Sultans,Karachi Kings,Junaid Khan,Sohail Tanvir,Mohammad Irfan (4),0,0,,,,,,caught,Junaid Khan,,
1128839,2017/18,2018-03-10,Dubai International Cricket Stadium,2,16.2,Multan Sultans,Karachi Kings,Mohammad Irfan,Sohail Tanvir,Mohammad Irfan (4),0,0,,,,,,,,,
1128839,2017/18,2018-03-10,Dubai International Cricket Stadium,2,16.3,Multan Sultans,Karachi Kings,Mohammad Irfan,Sohail Tanvir,Mohammad Irfan (4),0,0,,,,,,,,,
1128839,2017/18,2018-03-10,Dubai International Cricket Stadium,2,16.4,Multan Sultans,Karachi Kings,Mohammad Irfan,Sohail Tanvir,Mohammad Irfan (4),0,0,,,,,,,,,
1128839,2017/18,2018-03-10,Dubai International Cricket Stadium,2,16.5,Multan Sultans,Karachi Kings,Mohammad Irfan,Sohail Tanvir,Mohammad Irfan (4),0,0,,,,,,,,,
1128839,2017/18,2018-03-10,Dubai International Cricket Stadium,2,16.6,Multan Sultans,Karachi Kings,Mohammad Irfan,Sohail Tanvir,Mohammad Irfan (4),2,0,,,,,,,,,
1128839,2017/18,2018-03-10,Dubai International Cricket Stadium,2,17.1,Multan Sultans,Karachi Kings,Sohail Tanvir,Mohammad Irfan,Mohammad Amir,6,0,,,,,,,,,
1128839,2017/18,2018-03-10,Dubai International Cricket Stadium,2,17.2,Multan Sultans,Karachi Kings,Sohail Tanvir,Mohammad Irfan,Mohammad Amir,0,0,,,,,,,,,
1128839,2017/18,2018-03-10,Dubai International Cricket Stadium,2,17.3,Multan Sultans,Karachi Kings,Sohail Tanvir,Mohammad Irfan,Mohammad Amir,2,0,,,,,,,,,
1128839,2017/18,2018-03-10,Dubai International Cricket Stadium,2,17.4,Multan Sultans,Karachi Kings,Sohail Tanvir,Mohammad Irfan,Mohammad Amir,0,0,,,,,,,,,
1128839,2017/18,2018-03-10,Dubai International Cricket Stadium,2,17.5,Multan Sultans,Karachi Kings,Sohail Tanvir,Mohammad Irfan,Mohammad Amir,1,0,,,,,,,,,
1128839,2017/18,2018-03-10,Dubai International Cricket Stadium,2,17.6,Multan Sultans,Karachi Kings,Mohammad Irfan,Sohail Tanvir,Mohammad Amir,0,0,,,,,,,,,
1128839,2017/18,2018-03-10,Dubai International Cricket Stadium,2,18.1,Multan Sultans,Karachi Kings,Sohail Tanvir,Mohammad Irfan,Mohammad Irfan (4),0,0,,,,,,,,,
1128839,2017/18,2018-03-10,Dubai International Cricket Stadium,2,18.2,Multan Sultans,Karachi Kings,Sohail Tanvir,Mohammad Irfan,Mohammad Irfan (4),0,0,,,,,,,,,
1128839,2017/18,2018-03-10,Dubai International Cricket Stadium,2,18.3,Multan Sultans,Karachi Kings,Sohail Tanvir,Mohammad Irfan,Mohammad Irfan (4),0,0,,,,,,,,,
1128839,2017/18,2018-03-10,Dubai International Cricket Stadium,2,18.4,Multan Sultans,Karachi Kings,Sohail Tanvir,Mohammad Irfan,Mohammad Irfan (4),0,1,,1,,,,,,,
1128839,2017/18,2018-03-10,Dubai International Cricket Stadium,2,18.5,Multan Sultans,Karachi Kings,Sohail Tanvir,Mohammad Irfan,Mohammad Irfan (4),6,0,,,,,,,,,
1128839,2017/18,2018-03-10,Dubai International Cricket Stadium,2,18.6,Multan Sultans,Karachi Kings,Sohail Tanvir,Mohammad Irfan,Mohammad Irfan (4),0,0,,,,,,,,,
1128839,2017/18,2018-03-10,Dubai International Cricket Stadium,2,18.7,Multan Sultans,Karachi Kings,Sohail Tanvir,Mohammad Irfan,Mohammad Irfan (4),4,0,,,,,,,,,
1128839,2017/18,2018-03-10,Dubai International Cricket Stadium,2,19.1,Multan Sultans,Karachi Kings,Mohammad Irfan,Sohail Tanvir,Usman Shinwari,0,0,,,,,,,,,
1128839,2017/18,2018-03-10,Dubai International Cricket Stadium,2,19.2,Multan Sultans,Karachi Kings,Mohammad Irfan,Sohail Tanvir,Usman Shinwari,4,0,,,,,,,,,
1128839,2017/18,2018-03-10,Dubai International Cricket Stadium,2,19.3,Multan Sultans,Karachi Kings,Mohammad Irfan,Sohail Tanvir,Usman Shinwari,0,0,,,,,,,,,
1128839,2017/18,2018-03-10,Dubai International Cricket Stadium,2,19.4,Multan Sultans,Karachi Kings,Mohammad Irfan,Sohail Tanvir,Usman Shinwari,0,0,,,,,,run out,Mohammad Irfan,,
