match_id,season,start_date,venue,innings,ball,batting_team,bowling_team,striker,non_striker,bowler,runs_off_bat,extras,wides,noballs,byes,legbyes,penalty,wicket_type,player_dismissed,other_wicket_type,other_player_dismissed
1128842,2017/18,2018-03-13,Sharjah Cricket Stadium,1,0.1,Islamabad United,Multan Sultans,L Ronchi,JP Duminy,Shoaib Malik,4,0,,,,,,,,,
1128842,2017/18,2018-03-13,Sharjah Cricket Stadium,1,0.2,Islamabad United,Multan Sultans,L Ronchi,JP Duminy,Shoaib Malik,1,0,,,,,,,,,
1128842,2017/18,2018-03-13,Sharjah Cricket Stadium,1,0.3,Islamabad United,Multan Sultans,JP Duminy,L Ronchi,Shoaib Malik,1,0,,,,,,,,,
1128842,2017/18,2018-03-13,Sharjah Cricket Stadium,1,0.4,Islamabad United,Multan Sultans,L Ronchi,JP Duminy,Shoaib Malik,0,0,,,,,,,,,
1128842,2017/18,2018-03-13,Sharjah Cricket Stadium,1,0.5,Islamabad United,Multan Sultans,L Ronchi,JP Duminy,Shoaib Malik,0,0,,,,,,,,,
1128842,2017/18,2018-03-13,Sharjah Cricket Stadium,1,0.6,Islamabad United,Multan Sultans,L Ronchi,JP Duminy,Shoaib Malik,4,0,,,,,,,,,
1128842,2017/18,2018-03-13,Sharjah Cricket Stadium,1,1.1,Islamabad United,Multan Sultans,JP Duminy,L Ronchi,Mohammad Irfan,0,1,1,,,,,,,,
1128842,2017/18,2018-03-13,Sharjah Cricket Stadium,1,1.2,Islamabad United,Multan Sultans,JP Duminy,L Ronchi,Mohammad Irfan,0,0,,,,,,,,,
1128842,2017/18,2018-03-13,Sharjah Cricket Stadium,1,1.3,Islamabad United,Multan Sultans,JP Duminy,L Ronchi,Mohammad Irfan,1,0,,,,,,,,,
1128842,2017/18,2018-03-13,Sharjah Cricket Stadium,1,1.4,Islamabad United,Multan Sultans,L Ronchi,JP Duminy,Mohammad Irfan,6,0,,,,,,,,,
1128842,2017/18,2018-03-13,Sharjah Cricket Stadium,1,1.5,Islamabad United,Multan Sultans,L Ronchi,JP Duminy,Mohammad Irfan,1,0,,,,,,,,,
1128842,2017/18,2018-03-13,Sharjah Cricket Stadium,1,1.6,Islamabad United,Multan Sultans,JP Duminy,L Ronchi,Mohammad Irfan,0,0,,,,,,,,,
1128842,2017/18,2018-03-13,Sharjah Cricket Stadium,1,1.7,Islamabad United,Multan Sultans,JP Duminy,L Ronchi,Mohammad Irfan,1,0,,,,,,,,,
1128842,2017/18,2018-03-13,Sharjah Cricket Stadium,1,2.1,Islamabad United,Multan Sultans,JP Duminy,L Ronchi,Sohail Tanvir,1,0,,,,,,,,,
1128842,2017/18,2018-03-13,Sharjah Cricket Stadium,1,2.2,Islamabad United,Multan Sultans,L Ronchi,JP Duminy,Sohail Tanvir,4,0,,,,,,,,,
1128842,2017/18,2018-03-13,Sharjah Cricket Stadium,1,2.3,Islamabad United,Multan Sultans,L Ronchi,JP Duminy,Sohail Tanvir,6,0,,,,,,,,,
1128842,2017/18,2018-03-13,Sharjah Cricket Stadium,1,2.4,Islamabad United,Multan Sultans,L Ronchi,JP Duminy,Sohail Tanvir,0,0,,,,,,,,,
1128842,2017/18,2018-03-13,Sharjah Cricket Stadium,1,2.5,Islamabad United,Multan Sultans,L Ronchi,JP Duminy,Sohail Tanvir,0,0,,,,,,,,,
1128842,2017/18,2018-03-13,Sharjah Cricket Stadium,1,2.6,Islamabad United,Multan Sultans,L Ronchi,JP Duminy,Sohail Tanvir,1,0,,,,,,,,,
1128842,2017/18,2018-03-13,Sharjah Cricket Stadium,1,3.1,Islamabad United,Multan Sultans,L Ronchi,JP Duminy,Mohammad Irfan,0,0,,,,,,,,,
1128842,2017/18,2018-03-13,Sharjah Cricket Stadium,1,3.2,Islamabad United,Multan Sultans,L Ronchi,JP Duminy,Mohammad Irfan,0,0,,,,,,,,,
1128842,2017/18,2018-03-13,Sharjah Cricket Stadium,1,3.3,Islamabad United,Multan Sultans,L Ronchi,JP Duminy,Mohammad Irfan,0,1,,,,1,,,,,
1128842,2017/18,2018-03-13,Sharjah Cricket Stadium,1,3.4,Islamabad United,Multan Sultans,JP Duminy,L Ronchi,Mohammad Irfan,1,0,,,,,,,,,
1128842,2017/18,2018-03-13,Sharjah Cricket Stadium,1,3.5,Islamabad United,Multan Sultans,L Ronchi,JP Duminy,Mohammad Irfan,4,0,,,,,,,,,
1128842,2017/18,2018-03-13,Sharjah Cricket Stadium,1,3.6,Islamabad United,Multan Sultans,L Ronchi,JP Duminy,Mohammad Irfan,6,0,,,,,,,,,
1128842,2017/18,2018-03-13,Sharjah Cricket Stadium,1,4.1,Islamabad United,Multan Sultans,JP Duminy,L Ronchi,Sohail Tanvir,1,0,,,,,,,,,
1128842,2017/18,2018-03-13,Sharjah Cricket Stadium,1,4.2,Islamabad United,Multan Sultans,L Ronchi,JP Duminy,Sohail Tanvir,1,0,,,,,,,,,
1128842,2017/18,2018-03-13,Sharjah Cricket Stadium,1,4.3,Islamabad United,Multan Sultans,JP Duminy,L Ronchi,Sohail Tanvir,0,0,,,,,,,,,
1128842,2017/18,2018-03-13,Sharjah Cricket Stadium,1,4.4,Islamabad United,Multan Sultans,JP Duminy,L Ronchi,Sohail Tanvir,0,0,,,,,,,,,
1128842,2017/18,2018-03-13,Sharjah Cricket Stadium,1,4.5,Islamabad United,Multan Sultans,JP Duminy,L Ronchi,Sohail Tanvir,0,0,,,,,,,,,
1128842,2017/18,2018-03-13,Sharjah Cricket Stadium,1,4.6,Islamabad United,Multan Sultans,JP Duminy,L Ronchi,Sohail Tanvir,0,0,,,,,,run out,JP Duminy,,
1128842,2017/18,2018-03-13,Sharjah Cricket Stadium,1,5.1,Islamabad United,Multan Sultans,AD Hales,L Ronchi,Imran Tahir,0,0,,,,,,,,,
1128842,2017/18,2018-03-13,Sharjah Cricket Stadium,1,5.2,Islamabad United,Multan Sultans,AD Hales,L Ronchi,Imran Tahir,0,0,,,,,,,,,
1128842,2017/18,2018-03-13,Sharjah Cricket Stadium,1,5.3,Islamabad United,Multan Sultans,AD Hales,L Ronchi,Imran Tahir,0,0,,,,,,,,,
1128842,2017/18,2018-03-13,Sharjah Cricket Stadium,1,5.4,Islamabad United,Multan Sultans,AD Hales,L Ronchi,Imran Tahir,4,0,,,,,,,,,
1128842,2017/18,2018-03-13,Sharjah Cricket Stadium,1,5.5,Islamabad United,Multan Sultans,AD Hales,L Ronchi,Imran Tahir,4,0,,,,,,,,,
1128842,2017/18,2018-03-13,Sharjah Cricket Stadium,1,5.6,Islamabad United,Multan Sultans,AD Hales,L Ronchi,Imran Tahir,0,0,,,,,,,,,
1128842,2017/18,2018-03-13,Sharjah Cricket Stadium,1,6.1,Islamabad United,Multan Sultans,L Ronchi,AD Hales,Umar Gul,0,0,,,,,,,,,
1128842,2017/18,2018-03-13,Sharjah Cricket Stadium,1,6.2,Islamabad United,Multan Sultans,L Ronchi,AD Hales,Umar Gul,4,0,,,,,,,,,
1128842,2017/18,2018-03-13,Sharjah Cricket Stadium,1,6.3,Islamabad United,Multan Sultans,L Ronchi,AD Hales,Umar Gul,4,0,,,,,,,,,
1128842,2017/18,2018-03-13,Sharjah Cricket Stadium,1,6.4,Islamabad United,Multan Sultans,L Ronchi,AD Hales,Umar Gul,0,0,,,,,,,,,
1128842,2017/18,2018-03-13,Sharjah Cricket Stadium,1,6.5,Islamabad United,Multan Sultans,L Ronchi,AD Hales,Umar Gul,1,0,,,,,,,,,
1128842,2017/18,2018-03-13,Sharjah Cricket Stadium,1,6.6,Islamabad United,Multan Sultans,AD Hales,L Ronchi,Umar Gul,1,0,,,,,,,,,
1128842,2017/18,2018-03-13,Sharjah Cricket Stadium,1,7.1,Islamabad United,Multan Sultans,AD Hales,L Ronchi,Imran Tahir,1,0,,,,,,,,,
1128842,2017/18,2018-03-13,Sharjah Cricket Stadium,1,7.2,Islamabad United,Multan Sultans,L Ronchi,AD Hales,Imran Tahir,1,0,,,,,,,,,
1128842,2017/18,2018-03-13,Sharjah Cricket Stadium,1,7.3,Islamabad United,Multan Sultans,AD Hales,L Ronchi,Imran Tahir,0,0,,,,,,,,,
1128842,2017/18,2018-03-13,Sharjah Cricket Stadium,1,7.4,Islamabad United,Multan Sultans,AD Hales,L Ronchi,Imran Tahir,1,0,,,,,,,,,
1128842,2017/18,2018-03-13,Sharjah Cricket Stadium,1,7.5,Islamabad United,Multan Sultans,L Ronchi,AD Hales,Imran Tahir,0,0,,,,,,,,,
1128842,2017/18,2018-03-13,Sharjah Cricket Stadium,1,7.6,Islamabad United,Multan Sultans,L Ronchi,AD Hales,Imran Tahir,1,0,,,,,,,,,
1128842,2017/18,2018-03-13,Sharjah Cricket Stadium,1,8.1,Islamabad United,Multan Sultans,L Ronchi,AD Hales,RA Whiteley,1,0,,,,,,,,,
1128842,2017/18,2018-03-13,Sharjah Cricket Stadium,1,8.2,Islamabad United,Multan Sultans,AD Hales,L Ronchi,RA Whiteley,0,0,,,,,,,,,
1128842,2017/18,2018-03-13,Sharjah Cricket Stadium,1,8.3,Islamabad United,Multan Sultans,AD Hales,L Ronchi,RA Whiteley,4,0,,,,,,,,,
1128842,2017/18,2018-03-13,Sharjah Cricket Stadium,1,8.4,Islamabad United,Multan Sultans,AD Hales,L Ronchi,RA Whiteley,1,0,,,,,,,,,
1128842,2017/18,2018-03-13,Sharjah Cricket Stadium,1,8.5,Islamabad United,Multan Sultans,L Ronchi,AD Hales,RA Whiteley,1,0,,,,,,,,,
1128842,2017/18,2018-03-13,Sharjah Cricket Stadium,1,8.6,Islamabad United,Multan Sultans,AD Hales,L Ronchi,RA Whiteley,4,0,,,,,,,,,
1128842,2017/18,2018-03-13,Sharjah Cricket Stadium,1,9.1,Islamabad United,Multan Sultans,L Ronchi,AD Hales,Mohammad Irfan,1,0,,,,,,,,,
1128842,2017/18,2018-03-13,Sharjah Cricket Stadium,1,9.2,Islamabad United,Multan Sultans,AD Hales,L Ronchi,Mohammad Irfan,1,0,,,,,,,,,
1128842,2017/18,2018-03-13,Sharjah Cricket Stadium,1,9.3,Islamabad United,Multan Sultans,L Ronchi,AD Hales,Mohammad Irfan,2,1,,1,,,,,,,
1128842,2017/18,2018-03-13,Sharjah Cricket Stadium,1,9.4,Islamabad United,Multan Sultans,L Ronchi,AD Hales,Mohammad Irfan,1,0,,,,,,,,,
1128842,2017/18,2018-03-13,Sharjah Cricket Stadium,1,9.5,Islamabad United,Multan Sultans,AD Hales,L Ronchi,Mohammad Irfan,1,0,,,,,,,,,
1128842,2017/18,2018-03-13,Sharjah Cricket Stadium,1,9.6,Islamabad United,Multan Sultans,L Ronchi,AD Hales,Mohammad Irfan,0,0,,,,,,,,,
1128842,2017/18,2018-03-13,Sharjah Cricket Stadium,1,9.7,Islamabad United,Multan Sultans,L Ronchi,AD Hales,Mohammad Irfan,0,1,,,,1,,,,,
1128842,2017/18,2018-03-13,Sharjah Cricket Stadium,1,10.1,Islamabad United,Multan Sultans,L Ronchi,AD Hales,Imran Tahir,1,0,,,,,,,,,
1128842,2017/18,2018-03-13,Sharjah Cricket Stadium,1,10.2,Islamabad United,Multan Sultans,AD Hales,L Ronchi,Imran Tahir,0,0,,,,,,,,,
1128842,2017/18,2018-03-13,Sharjah Cricket Stadium,1,10.3,Islamabad United,Multan Sultans,AD Hales,L Ronchi,Imran Tahir,1,0,,,,,,,,,
1128842,2017/18,2018-03-13,Sharjah Cricket Stadium,1,10.4,Islamabad United,Multan Sultans,L Ronchi,AD Hales,Imran Tahir,2,0,,,,,,,,,
1128842,2017/18,2018-03-13,Sharjah Cricket Stadium,1,10.5,Islamabad United,Multan Sultans,L Ronchi,AD Hales,Imran Tahir,0,0,,,,,,bowled,L Ronchi,,
1128842,2017/18,2018-03-13,Sharjah Cricket Stadium,1,10.6,Islamabad United,Multan Sultans,Hussain Talat,AD Hales,Imran Tahir,1,0,,,,,,,,,
1128842,2017/18,2018-03-13,Sharjah Cricket Stadium,1,11.1,Islamabad United,Multan Sultans,Hussain Talat,AD Hales,RA Whiteley,1,0,,,,,,,,,
1128842,2017/18,2018-03-13,Sharjah Cricket Stadium,1,11.2,Islamabad United,Multan Sultans,AD Hales,Hussain Talat,RA Whiteley,6,0,,,,,,,,,
1128842,2017/18,2018-03-13,Sharjah Cricket Stadium,1,11.3,Islamabad United,Multan Sultans,AD Hales,Hussain Talat,RA Whiteley,0,1,1,,,,,,,,
1128842,2017/18,2018-03-13,Sharjah Cricket Stadium,1,11.4,Islamabad United,Multan Sultans,AD Hales,Hussain Talat,RA Whiteley,6,0,,,,,,,,,
1128842,2017/18,2018-03-13,Sharjah Cricket Stadium,1,11.5,Islamabad United,Multan Sultans,AD Hales,Hussain Talat,RA Whiteley,2,0,,,,,,,,,
1128842,2017/18,2018-03-13,Sharjah Cricket Stadium,1,11.6,Islamabad United,Multan Sultans,AD Hales,Hussain Talat,RA Whiteley,0,1,1,,,,,,,,
1128842,2017/18,2018-03-13,Sharjah Cricket Stadium,1,11.7,Islamabad United,Multan Sultans,AD Hales,Hussain Talat,RA Whiteley,0,0,,,,,,,,,
1128842,2017/18,2018-03-13,Sharjah Cricket Stadium,1,11.8,Islamabad United,Multan Sultans,AD Hales,Hussain Talat,RA Whiteley,1,0,,,,,,,,,
1128842,2017/18,2018-03-13,Sharjah Cricket Stadium,1,12.1,Islamabad United,Multan Sultans,AD Hales,Hussain Talat,Umar Gul,0,0,,,,,,,,,
1128842,2017/18,2018-03-13,Sharjah Cricket Stadium,1,12.2,Islamabad United,Multan Sultans,AD Hales,Hussain Talat,Umar Gul,1,0,,,,,,,,,
1128842,2017/18,2018-03-13,Sharjah Cricket Stadium,1,12.3,Islamabad United,Multan Sultans,Hussain Talat,AD Hales,Umar Gul,1,0,,,,,,,,,
1128842,2017/18,2018-03-13,Sharjah Cricket Stadium,1,12.4,Islamabad United,Multan Sultans,AD Hales,Hussain Talat,Umar Gul,1,0,,,,,,,,,
1128842,2017/18,2018-03-13,Sharjah Cricket Stadium,1,12.5,Islamabad United,Multan Sultans,Hussain Talat,AD Hales,Umar Gul,4,0,,,,,,,,,
1128842,2017/18,2018-03-13,Sharjah Cricket Stadium,1,12.6,Islamabad United,Multan Sultans,Hussain Talat,AD Hales,Umar Gul,0,0,,,,,,,,,
1128842,2017/18,2018-03-13,Sharjah Cricket Stadium,1,13.1,Islamabad United,Multan Sultans,AD Hales,Hussain Talat,Mohammad Irfan,1,0,,,,,,,,,
1128842,2017/18,2018-03-13,Sharjah Cricket Stadium,1,13.2,Islamabad United,Multan Sultans,Hussain Talat,AD Hales,Mohammad Irfan,1,0,,,,,,,,,
1128842,2017/18,2018-03-13,Sharjah Cricket Stadium,1,13.3,Islamabad United,Multan Sultans,AD Hales,Hussain Talat,Mohammad Irfan,0,0,,,,,,,,,
1128842,2017/18,2018-03-13,Sharjah Cricket Stadium,1,13.4,Islamabad United,Multan Sultans,AD Hales,Hussain Talat,Mohammad Irfan,4,0,,,,,,,,,
1128842,2017/18,2018-03-13,Sharjah Cricket Stadium,1,13.5,Islamabad United,Multan Sultans,AD Hales,Hussain Talat,Mohammad Irfan,0,0,,,,,,,,,
1128842,2017/18,2018-03-13,Sharjah Cricket Stadium,1,13.6,Islamabad United,Multan Sultans,AD Hales,Hussain Talat,Mohammad Irfan,0,0,,,,,,,,,
1128842,2017/18,2018-03-13,Sharjah Cricket Stadium,1,14.1,Islamabad United,Multan Sultans,Hussain Talat,AD Hales,Umar Gul,1,0,,,,,,,,,
1128842,2017/18,2018-03-13,Sharjah Cricket Stadium,1,14.2,Islamabad United,Multan Sultans,AD Hales,Hussain Talat,Umar Gul,1,0,,,,,,,,,
1128842,2017/18,2018-03-13,Sharjah Cricket Stadium,1,14.3,Islamabad United,Multan Sultans,Hussain Talat,AD Hales,Umar Gul,1,0,,,,,,,,,
1128842,2017/18,2018-03-13,Sharjah Cricket Stadium,1,14.4,Islamabad United,Multan Sultans,AD Hales,Hussain Talat,Umar Gul,0,0,,,,,,caught,AD Hales,,
1128842,2017/18,2018-03-13,Sharjah Cricket Stadium,1,14.5,Islamabad United,Multan Sultans,Asif Ali,Hussain Talat,Umar Gul,0,0,,,,,,,,,
1128842,2017/18,2018-03-13,Sharjah Cricket Stadium,1,14.6,Islamabad United,Multan Sultans,Asif Ali,Hussain Talat,Umar Gul,0,0,,,,,,,,,
1128842,2017/18,2018-03-13,Sharjah Cricket Stadium,1,15.1,Islamabad United,Multan Sultans,Hussain Talat,Asif Ali,RA Whiteley,0,1,1,,,,,,,,
1128842,2017/18,2018-03-13,Sharjah Cricket Stadium,1,15.2,Islamabad United,Multan Sultans,Hussain Talat,Asif Ali,RA Whiteley,2,0,,,,,,,,,
1128842,2017/18,2018-03-13,Sharjah Cricket Stadium,1,15.3,Islamabad United,Multan Sultans,Hussain Talat,Asif Ali,RA Whiteley,4,0,,,,,,,,,
1128842,2017/18,2018-03-13,Sharjah Cricket Stadium,1,15.4,Islamabad United,Multan Sultans,Hussain Talat,Asif Ali,RA Whiteley,1,0,,,,,,,,,
1128842,2017/18,2018-03-13,Sharjah Cricket Stadium,1,15.5,Islamabad United,Multan Sultans,Asif Ali,Hussain Talat,RA Whiteley,1,0,,,,,,,,,
1128842,2017/18,2018-03-13,Sharjah Cricket Stadium,1,15.6,Islamabad United,Multan Sultans,Hussain Talat,Asif Ali,RA Whiteley,6,0,,,,,,,,,
1128842,2017/18,2018-03-13,Sharjah Cricket Stadium,1,15.7,Islamabad United,Multan Sultans,Hussain Talat,Asif Ali,RA Whiteley,1,0,,,,,,,,,
1128842,2017/18,2018-03-13,Sharjah Cricket Stadium,1,16.1,Islamabad United,Multan Sultans,Hussain Talat,Asif Ali,Imran Tahir,2,0,,,,,,,,,
1128842,2017/18,2018-03-13,Sharjah Cricket Stadium,1,16.2,Islamabad United,Multan Sultans,Hussain Talat,Asif Ali,Imran Tahir,0,0,,,,,,,,,
1128842,2017/18,2018-03-13,Sharjah Cricket Stadium,1,16.3,Islamabad United,Multan Sultans,Hussain Talat,Asif Ali,Imran Tahir,4,0,,,,,,,,,
1128842,2017/18,2018-03-13,Sharjah Cricket Stadium,1,16.4,Islamabad United,Multan Sultans,Hussain Talat,Asif Ali,Imran Tahir,4,0,,,,,,,,,
1128842,2017/18,2018-03-13,Sharjah Cricket Stadium,1,16.5,Islamabad United,Multan Sultans,Hussain Talat,Asif Ali,Imran Tahir,2,0,,,,,,,,,
1128842,2017/18,2018-03-13,Sharjah Cricket Stadium,1,16.6,Islamabad United,Multan Sultans,Hussain Talat,Asif Ali,Imran Tahir,0,0,,,,,,,,,
1128842,2017/18,2018-03-13,Sharjah Cricket Stadium,1,17.1,Islamabad United,Multan Sultans,Asif Ali,Hussain Talat,Sohail Tanvir,0,0,,,,,,,,,
1128842,2017/18,2018-03-13,Sharjah Cricket Stadium,1,17.2,Islamabad United,Multan Sultans,Asif Ali,Hussain Talat,Sohail Tanvir,0,0,,,,,,,,,
1128842,2017/18,2018-03-13,Sharjah Cricket Stadium,1,17.3,Islamabad United,Multan Sultans,Asif Ali,Hussain Talat,Sohail Tanvir,6,0,,,,,,,,,
1128842,2017/18,2018-03-13,Sharjah Cricket Stadium,1,17.4,Islamabad United,Multan Sultans,Asif Ali,Hussain Talat,Sohail Tanvir,4,0,,,,,,,,,
1128842,2017/18,2018-03-13,Sharjah Cricket Stadium,1,17.5,Islamabad United,Multan Sultans,Asif Ali,Hussain Talat,Sohail Tanvir,0,0,,,,,,,,,
1128842,2017/18,2018-03-13,Sharjah Cricket Stadium,1,17.6,Islamabad United,Multan Sultans,Asif Ali,Hussain Talat,Sohail Tanvir,0,0,,,,,,,,,
1128842,2017/18,2018-03-13,Sharjah Cricket Stadium,1,18.1,Islamabad United,Multan Sultans,Hussain Talat,Asif Ali,Umar Gul,0,0,,,,,,,,,
1128842,2017/18,2018-03-13,Sharjah Cricket Stadium,1,18.2,Islamabad United,Multan Sultans,Hussain Talat,Asif Ali,Umar Gul,0,0,,,,,,caught,Hussain Talat,,
1128842,2017/18,2018-03-13,Sharjah Cricket Stadium,1,18.3,Islamabad United,Multan Sultans,Faheem Ashraf,Asif Ali,Umar Gul,4,0,,,,,,,,,
1128842,2017/18,2018-03-13,Sharjah Cricket Stadium,1,18.4,Islamabad United,Multan Sultans,Faheem Ashraf,Asif Ali,Umar Gul,0,2,,,,2,,,,,
1128842,2017/18,2018-03-13,Sharjah Cricket Stadium,1,18.5,Islamabad United,Multan Sultans,Faheem Ashraf,Asif Ali,Umar Gul,1,0,,,,,,,,,
1128842,2017/18,2018-03-13,Sharjah Cricket Stadium,1,18.6,Islamabad United,Multan Sultans,Asif Ali,Faheem Ashraf,Umar Gul,1,0,,,,,,,,,
1128842,2017/18,2018-03-13,Sharjah Cricket Stadium,1,19.1,Islamabad United,Multan Sultans,Asif Ali,Faheem Ashraf,Sohail Tanvir,4,0,,,,,,,,,
1128842,2017/18,2018-03-13,Sharjah Cricket Stadium,1,19.2,Islamabad United,Multan Sultans,Asif Ali,Faheem Ashraf,Sohail Tanvir,0,0,,,,,,,,,
1128842,2017/18,2018-03-13,Sharjah Cricket Stadium,1,19.3,Islamabad United,Multan Sultans,Asif Ali,Faheem Ashraf,Sohail Tanvir,1,0,,,,,,,,,
1128842,2017/18,2018-03-13,Sharjah Cricket Stadium,1,19.4,Islamabad United,Multan Sultans,Faheem Ashraf,Asif Ali,Sohail Tanvir,2,0,,,,,,,,,
1128842,2017/18,2018-03-13,Sharjah Cricket Stadium,1,19.5,Islamabad United,Multan Sultans,Faheem Ashraf,Asif Ali,Sohail Tanvir,6,0,,,,,,,,,
1128842,2017/18,2018-03-13,Sharjah Cricket Stadium,1,19.6,Islamabad United,Multan Sultans,Faheem Ashraf,Asif Ali,Sohail Tanvir,0,0,,,,,,,,,
1128842,2017/18,2018-03-13,Sharjah Cricket Stadium,2,0.1,Multan Sultans,Islamabad United,KC Sangakkara,Ahmed Shehzad,SR Patel,1,0,,,,,,,,,
1128842,2017/18,2018-03-13,Sharjah Cricket Stadium,2,0.2,Multan Sultans,Islamabad United,Ahmed Shehzad,KC Sangakkara,SR Patel,1,0,,,,,,,,,
1128842,2017/18,2018-03-13,Sharjah Cricket Stadium,2,0.3,Multan Sultans,Islamabad United,KC Sangakkara,Ahmed Shehzad,SR Patel,0,0,,,,,,,,,
1128842,2017/18,2018-03-13,Sharjah Cricket Stadium,2,0.4,Multan Sultans,Islamabad United,KC Sangakkara,Ahmed Shehzad,SR Patel,0,0,,,,,,caught,KC Sangakkara,,
1128842,2017/18,2018-03-13,Sharjah Cricket Stadium,2,0.5,Multan Sultans,Islamabad United,Saif Badar,Ahmed Shehzad,SR Patel,0,0,,,,,,lbw,Saif Badar,,
1128842,2017/18,2018-03-13,Sharjah Cricket Stadium,2,0.6,Multan Sultans,Islamabad United,Sohaib Maqsood,Ahmed Shehzad,SR Patel,4,0,,,,,,,,,
1128842,2017/18,2018-03-13,Sharjah Cricket Stadium,2,1.1,Multan Sultans,Islamabad United,Ahmed Shehzad,Sohaib Maqsood,Mohammad Sami,0,0,,,,,,,,,
1128842,2017/18,2018-03-13,Sharjah Cricket Stadium,2,1.2,Multan Sultans,Islamabad United,Ahmed Shehzad,Sohaib Maqsood,Mohammad Sami,0,1,,,,1,,,,,
1128842,2017/18,2018-03-13,Sharjah Cricket Stadium,2,1.3,Multan Sultans,Islamabad United,Sohaib Maqsood,Ahmed Shehzad,Mohammad Sami,0,0,,,,,,,,,
1128842,2017/18,2018-03-13,Sharjah Cricket Stadium,2,1.4,Multan Sultans,Islamabad United,Sohaib Maqsood,Ahmed Shehzad,Mohammad Sami,0,0,,,,,,,,,
1128842,2017/18,2018-03-13,Sharjah Cricket Stadium,2,1.5,Multan Sultans,Islamabad United,Sohaib Maqsood,Ahmed Shehzad,Mohammad Sami,0,0,,,,,,,,,
1128842,2017/18,2018-03-13,Sharjah Cricket Stadium,2,1.6,Multan Sultans,Islamabad United,Sohaib Maqsood,Ahmed Shehzad,Mohammad Sami,0,1,1,,,,,,,,
1128842,2017/18,2018-03-13,Sharjah Cricket Stadium,2,1.7,Multan Sultans,Islamabad United,Sohaib Maqsood,Ahmed Shehzad,Mohammad Sami,2,0,,,,,,,,,
1128842,2017/18,2018-03-13,Sharjah Cricket Stadium,2,2.1,Multan Sultans,Islamabad United,Ahmed Shehzad,Sohaib Maqsood,SR Patel,0,1,,,,1,,,,,
1128842,2017/18,2018-03-13,Sharjah Cricket Stadium,2,2.2,Multan Sultans,Islamabad United,Sohaib Maqsood,Ahmed Shehzad,SR Patel,4,0,,,,,,,,,
1128842,2017/18,2018-03-13,Sharjah Cricket Stadium,2,2.3,Multan Sultans,Islamabad United,Sohaib Maqsood,Ahmed Shehzad,SR Patel,0,0,,,,,,,,,
1128842,2017/18,2018-03-13,Sharjah Cricket Stadium,2,2.4,Multan Sultans,Islamabad United,Sohaib Maqsood,Ahmed Shehzad,SR Patel,1,0,,,,,,,,,
1128842,2017/18,2018-03-13,Sharjah Cricket Stadium,2,2.5,Multan Sultans,Islamabad United,Ahmed Shehzad,Sohaib Maqsood,SR Patel,0,0,,,,,,,,,
1128842,2017/18,2018-03-13,Sharjah Cricket Stadium,2,2.6,Multan Sultans,Islamabad United,Ahmed Shehzad,Sohaib Maqsood,SR Patel,0,0,,,,,,,,,
1128842,2017/18,2018-03-13,Sharjah Cricket Stadium,2,3.1,Multan Sultans,Islamabad United,Sohaib Maqsood,Ahmed Shehzad,Mohammad Sami,0,0,,,,,,,,,
1128842,2017/18,2018-03-13,Sharjah Cricket Stadium,2,3.2,Multan Sultans,Islamabad United,Sohaib Maqsood,Ahmed Shehzad,Mohammad Sami,1,0,,,,,,,,,
1128842,2017/18,2018-03-13,Sharjah Cricket Stadium,2,3.3,Multan Sultans,Islamabad United,Ahmed Shehzad,Sohaib Maqsood,Mohammad Sami,1,0,,,,,,,,,
1128842,2017/18,2018-03-13,Sharjah Cricket Stadium,2,3.4,Multan Sultans,Islamabad United,Sohaib Maqsood,Ahmed Shehzad,Mohammad Sami,0,0,,,,,,,,,
1128842,2017/18,2018-03-13,Sharjah Cricket Stadium,2,3.5,Multan Sultans,Islamabad United,Sohaib Maqsood,Ahmed Shehzad,Mohammad Sami,1,0,,,,,,,,,
1128842,2017/18,2018-03-13,Sharjah Cricket Stadium,2,3.6,Multan Sultans,Islamabad United,Ahmed Shehzad,Sohaib Maqsood,Mohammad Sami,1,0,,,,,,,,,
1128842,2017/18,2018-03-13,Sharjah Cricket Stadium,2,4.1,Multan Sultans,Islamabad United,Ahmed Shehzad,Sohaib Maqsood,Faheem Ashraf,0,0,,,,,,,,,
1128842,2017/18,2018-03-13,Sharjah Cricket Stadium,2,4.2,Multan Sultans,Islamabad United,Ahmed Shehzad,Sohaib Maqsood,Faheem Ashraf,0,0,,,,,,caught,Ahmed Shehzad,,
1128842,2017/18,2018-03-13,Sharjah Cricket Stadium,2,4.3,Multan Sultans,Islamabad United,Shoaib Malik,Sohaib Maqsood,Faheem Ashraf,0,0,,,,,,,,,
1128842,2017/18,2018-03-13,Sharjah Cricket Stadium,2,4.4,Multan Sultans,Islamabad United,Shoaib Malik,Sohaib Maqsood,Faheem Ashraf,0,0,,,,,,,,,
1128842,2017/18,2018-03-13,Sharjah Cricket Stadium,2,4.5,Multan Sultans,Islamabad United,Shoaib Malik,Sohaib Maqsood,Faheem Ashraf,0,0,,,,,,,,,
1128842,2017/18,2018-03-13,Sharjah Cricket Stadium,2,4.6,Multan Sultans,Islamabad United,Shoaib Malik,Sohaib Maqsood,Faheem Ashraf,0,0,,,,,,,,,
1128842,2017/18,2018-03-13,Sharjah Cricket Stadium,2,5.1,Multan Sultans,Islamabad United,Sohaib Maqsood,Shoaib Malik,Amad Butt,0,0,,,,,,caught,Sohaib Maqsood,,
1128842,2017/18,2018-03-13,Sharjah Cricket Stadium,2,5.2,Multan Sultans,Islamabad United,KA Pollard,Shoaib Malik,Amad Butt,0,0,,,,,,,,,
1128842,2017/18,2018-03-13,Sharjah Cricket Stadium,2,5.3,Multan Sultans,Islamabad United,KA Pollard,Shoaib Malik,Amad Butt,0,0,,,,,,,,,
1128842,2017/18,2018-03-13,Sharjah Cricket Stadium,2,5.4,Multan Sultans,Islamabad United,KA Pollard,Shoaib Malik,Amad Butt,0,0,,,,,,,,,
1128842,2017/18,2018-03-13,Sharjah Cricket Stadium,2,5.5,Multan Sultans,Islamabad United,KA Pollard,Shoaib Malik,Amad Butt,0,5,5,,,,,,,,
1128842,2017/18,2018-03-13,Sharjah Cricket Stadium,2,5.6,Multan Sultans,Islamabad United,KA Pollard,Shoaib Malik,Amad Butt,0,0,,,,,,,,,
1128842,2017/18,2018-03-13,Sharjah Cricket Stadium,2,5.7,Multan Sultans,Islamabad United,KA Pollard,Shoaib Malik,Amad Butt,0,0,,,,,,,,,
1128842,2017/18,2018-03-13,Sharjah Cricket Stadium,2,6.1,Multan Sultans,Islamabad United,Shoaib Malik,KA Pollard,Faheem Ashraf,0,0,,,,,,,,,
1128842,2017/18,2018-03-13,Sharjah Cricket Stadium,2,6.2,Multan Sultans,Islamabad United,Shoaib Malik,KA Pollard,Faheem Ashraf,0,0,,,,,,,,,
1128842,2017/18,2018-03-13,Sharjah Cricket Stadium,2,6.3,Multan Sultans,Islamabad United,Shoaib Malik,KA Pollard,Faheem Ashraf,1,0,,,,,,,,,
1128842,2017/18,2018-03-13,Sharjah Cricket Stadium,2,6.4,Multan Sultans,Islamabad United,KA Pollard,Shoaib Malik,Faheem Ashraf,1,0,,,,,,,,,
1128842,2017/18,2018-03-13,Sharjah Cricket Stadium,2,6.5,Multan Sultans,Islamabad United,Shoaib Malik,KA Pollard,Faheem Ashraf,1,0,,,,,,,,,
1128842,2017/18,2018-03-13,Sharjah Cricket Stadium,2,6.6,Multan Sultans,Islamabad United,KA Pollard,Shoaib Malik,Faheem Ashraf,1,0,,,,,,,,,
1128842,2017/18,2018-03-13,Sharjah Cricket Stadium,2,7.1,Multan Sultans,Islamabad United,KA Pollard,Shoaib Malik,Shadab Khan,0,0,,,,,,,,,
1128842,2017/18,2018-03-13,Sharjah Cricket Stadium,2,7.2,Multan Sultans,Islamabad United,KA Pollard,Shoaib Malik,Shadab Khan,0,0,,,,,,,,,
1128842,2017/18,2018-03-13,Sharjah Cricket Stadium,2,7.3,Multan Sultans,Islamabad United,KA Pollard,Shoaib Malik,Shadab Khan,1,0,,,,,,,,,
1128842,2017/18,2018-03-13,Sharjah Cricket Stadium,2,7.4,Multan Sultans,Islamabad United,Shoaib Malik,KA Pollard,Shadab Khan,0,0,,,,,,,,,
1128842,2017/18,2018-03-13,Sharjah Cricket Stadium,2,7.5,Multan Sultans,Islamabad United,Shoaib Malik,KA Pollard,Shadab Khan,0,0,,,,,,,,,
1128842,2017/18,2018-03-13,Sharjah Cricket Stadium,2,7.6,Multan Sultans,Islamabad United,Shoaib Malik,KA Pollard,Shadab Khan,4,0,,,,,,,,,
1128842,2017/18,2018-03-13,Sharjah Cricket Stadium,2,8.1,Multan Sultans,Islamabad United,KA Pollard,Shoaib Malik,Amad Butt,0,0,,,,,,,,,
1128842,2017/18,2018-03-13,Sharjah Cricket Stadium,2,8.2,Multan Sultans,Islamabad United,KA Pollard,Shoaib Malik,Amad Butt,1,0,,,,,,,,,
1128842,2017/18,2018-03-13,Sharjah Cricket Stadium,2,8.3,Multan Sultans,Islamabad United,Shoaib Malik,KA Pollard,Amad Butt,1,0,,,,,,,,,
1128842,2017/18,2018-03-13,Sharjah Cricket Stadium,2,8.4,Multan Sultans,Islamabad United,KA Pollard,Shoaib Malik,Amad Butt,0,0,,,,,,,,,
1128842,2017/18,2018-03-13,Sharjah Cricket Stadium,2,8.5,Multan Sultans,Islamabad United,KA Pollard,Shoaib Malik,Amad Butt,1,0,,,,,,,,,
1128842,2017/18,2018-03-13,Sharjah Cricket Stadium,2,8.6,Multan Sultans,Islamabad United,Shoaib Malik,KA Pollard,Amad Butt,4,0,,,,,,,,,
1128842,2017/18,2018-03-13,Sharjah Cricket Stadium,2,9.1,Multan Sultans,Islamabad United,KA Pollard,Shoaib Malik,Shadab Khan,6,0,,,,,,,,,
1128842,2017/18,2018-03-13,Sharjah Cricket Stadium,2,9.2,Multan Sultans,Islamabad United,KA Pollard,Shoaib Malik,Shadab Khan,1,0,,,,,,,,,
1128842,2017/18,2018-03-13,Sharjah Cricket Stadium,2,9.3,Multan Sultans,Islamabad United,Shoaib Malik,KA Pollard,Shadab Khan,1,0,,,,,,,,,
1128842,2017/18,2018-03-13,Sharjah Cricket Stadium,2,9.4,Multan Sultans,Islamabad United,KA Pollard,Shoaib Malik,Shadab Khan,1,0,,,,,,,,,
1128842,2017/18,2018-03-13,Sharjah Cricket Stadium,2,9.5,Multan Sultans,Islamabad United,Shoaib Malik,KA Pollard,Shadab Khan,0,0,,,,,,bowled,Shoaib Malik,,
1128842,2017/18,2018-03-13,Sharjah Cricket Stadium,2,9.6,Multan Sultans,Islamabad United,RA Whiteley,KA Pollard,Shadab Khan,0,0,,,,,,,,,
1128842,2017/18,2018-03-13,Sharjah Cricket Stadium,2,10.1,Multan Sultans,Islamabad United,KA Pollard,RA Whiteley,Hussain Talat,4,0,,,,,,,,,
1128842,2017/18,2018-03-13,Sharjah Cricket Stadium,2,10.2,Multan Sultans,Islamabad United,KA Pollard,RA Whiteley,Hussain Talat,4,0,,,,,,,,,
1128842,2017/18,2018-03-13,Sharjah Cricket Stadium,2,10.3,Multan Sultans,Islamabad United,KA Pollard,RA Whiteley,Hussain Talat,1,0,,,,,,,,,
1128842,2017/18,2018-03-13,Sharjah Cricket Stadium,2,10.4,Multan Sultans,Islamabad United,RA Whiteley,KA Pollard,Hussain Talat,1,0,,,,,,,,,
1128842,2017/18,2018-03-13,Sharjah Cricket Stadium,2,10.5,Multan Sultans,Islamabad United,KA Pollard,RA Whiteley,Hussain Talat,0,0,,,,,,,,,
1128842,2017/18,2018-03-13,Sharjah Cricket Stadium,2,10.6,Multan Sultans,Islamabad United,KA Pollard,RA Whiteley,Hussain Talat,0,0,,,,,,,,,
1128842,2017/18,2018-03-13,Sharjah Cricket Stadium,2,11.1,Multan Sultans,Islamabad United,RA Whiteley,KA Pollard,Shadab Khan,2,0,,,,,,,,,
1128842,2017/18,2018-03-13,Sharjah Cricket Stadium,2,11.2,Multan Sultans,Islamabad United,RA Whiteley,KA Pollard,Shadab Khan,1,0,,,,,,,,,
1128842,2017/18,2018-03-13,Sharjah Cricket Stadium,2,11.3,Multan Sultans,Islamabad United,KA Pollard,RA Whiteley,Shadab Khan,1,0,,,,,,,,,
1128842,2017/18,2018-03-13,Sharjah Cricket Stadium,2,11.4,Multan Sultans,Islamabad United,RA Whiteley,KA Pollard,Shadab Khan,1,0,,,,,,,,,
1128842,2017/18,2018-03-13,Sharjah Cricket Stadium,2,11.5,Multan Sultans,Islamabad United,KA Pollard,RA Whiteley,Shadab Khan,0,0,,,,,,,,,
1128842,2017/18,2018-03-13,Sharjah Cricket Stadium,2,11.6,Multan Sultans,Islamabad United,KA Pollard,RA Whiteley,Shadab Khan,4,0,,,,,,,,,
1128842,2017/18,2018-03-13,Sharjah Cricket Stadium,2,12.1,Multan Sultans,Islamabad United,RA Whiteley,KA Pollard,Hussain Talat,1,0,,,,,,,,,
1128842,2017/18,2018-03-13,Sharjah Cricket Stadium,2,12.2,Multan Sultans,Islamabad United,KA Pollard,RA Whiteley,Hussain Talat,0,0,,,,,,,,,
1128842,2017/18,2018-03-13,Sharjah Cricket Stadium,2,12.3,Multan Sultans,Islamabad United,KA Pollard,RA Whiteley,Hussain Talat,6,0,,,,,,,,,
1128842,2017/18,2018-03-13,Sharjah Cricket Stadium,2,12.4,Multan Sultans,Islamabad United,KA Pollard,RA Whiteley,Hussain Talat,0,0,,,,,,,,,
1128842,2017/18,2018-03-13,Sharjah Cricket Stadium,2,12.5,Multan Sultans,Islamabad United,KA Pollard,RA Whiteley,Hussain Talat,4,0,,,,,,,,,
1128842,2017/18,2018-03-13,Sharjah Cricket Stadium,2,12.6,Multan Sultans,Islamabad United,KA Pollard,RA Whiteley,Hussain Talat,0,0,,,,,,,,,
1128842,2017/18,2018-03-13,Sharjah Cricket Stadium,2,13.1,Multan Sultans,Islamabad United,RA Whiteley,KA Pollard,Shadab Khan,0,0,,,,,,,,,
1128842,2017/18,2018-03-13,Sharjah Cricket Stadium,2,13.2,Multan Sultans,Islamabad United,RA Whiteley,KA Pollard,Shadab Khan,1,0,,,,,,,,,
1128842,2017/18,2018-03-13,Sharjah Cricket Stadium,2,13.3,Multan Sultans,Islamabad United,KA Pollard,RA Whiteley,Shadab Khan,4,0,,,,,,,,,
1128842,2017/18,2018-03-13,Sharjah Cricket Stadium,2,13.4,Multan Sultans,Islamabad United,KA Pollard,RA Whiteley,Shadab Khan,1,0,,,,,,,,,
1128842,2017/18,2018-03-13,Sharjah Cricket Stadium,2,13.5,Multan Sultans,Islamabad United,RA Whiteley,KA Pollard,Shadab Khan,4,0,,,,,,,,,
1128842,2017/18,2018-03-13,Sharjah Cricket Stadium,2,13.6,Multan Sultans,Islamabad United,RA Whiteley,KA Pollard,Shadab Khan,0,0,,,,,,caught,RA Whiteley,,
1128842,2017/18,2018-03-13,Sharjah Cricket Stadium,2,14.1,Multan Sultans,Islamabad United,Sohail Tanvir,KA Pollard,Faheem Ashraf,0,0,,,,,,,,,
1128842,2017/18,2018-03-13,Sharjah Cricket Stadium,2,14.2,Multan Sultans,Islamabad United,Sohail Tanvir,KA Pollard,Faheem Ashraf,4,0,,,,,,,,,
1128842,2017/18,2018-03-13,Sharjah Cricket Stadium,2,14.3,Multan Sultans,Islamabad United,Sohail Tanvir,KA Pollard,Faheem Ashraf,1,0,,,,,,,,,
1128842,2017/18,2018-03-13,Sharjah Cricket Stadium,2,14.4,Multan Sultans,Islamabad United,KA Pollard,Sohail Tanvir,Faheem Ashraf,0,1,1,,,,,,,,
1128842,2017/18,2018-03-13,Sharjah Cricket Stadium,2,14.5,Multan Sultans,Islamabad United,KA Pollard,Sohail Tanvir,Faheem Ashraf,6,0,,,,,,,,,
1128842,2017/18,2018-03-13,Sharjah Cricket Stadium,2,14.6,Multan Sultans,Islamabad United,KA Pollard,Sohail Tanvir,Faheem Ashraf,2,0,,,,,,,,,
1128842,2017/18,2018-03-13,Sharjah Cricket Stadium,2,14.7,Multan Sultans,Islamabad United,KA Pollard,Sohail Tanvir,Faheem Ashraf,1,0,,,,,,,,,
1128842,2017/18,2018-03-13,Sharjah Cricket Stadium,2,15.1,Multan Sultans,Islamabad United,KA Pollard,Sohail Tanvir,Mohammad Sami,1,0,,,,,,,,,
1128842,2017/18,2018-03-13,Sharjah Cricket Stadium,2,15.2,Multan Sultans,Islamabad United,Sohail Tanvir,KA Pollard,Mohammad Sami,4,0,,,,,,,,,
1128842,2017/18,2018-03-13,Sharjah Cricket Stadium,2,15.3,Multan Sultans,Islamabad United,Sohail Tanvir,KA Pollard,Mohammad Sami,1,0,,,,,,,,,
1128842,2017/18,2018-03-13,Sharjah Cricket Stadium,2,15.4,Multan Sultans,Islamabad United,KA Pollard,Sohail Tanvir,Mohammad Sami,6,0,,,,,,,,,
1128842,2017/18,2018-03-13,Sharjah Cricket Stadium,2,15.5,Multan Sultans,Islamabad United,KA Pollard,Sohail Tanvir,Mohammad Sami,0,1,1,,,,,,,,
1128842,2017/18,2018-03-13,Sharjah Cricket Stadium,2,15.6,Multan Sultans,Islamabad United,KA Pollard,Sohail Tanvir,Mohammad Sami,0,0,,,,,,run out,Sohail Tanvir,,
1128842,2017/18,2018-03-13,Sharjah Cricket Stadium,2,15.7,Multan Sultans,Islamabad United,KA Pollard,Umar Gul,Mohammad Sami,1,0,,,,,,,,,
1128842,2017/18,2018-03-13,Sharjah Cricket Stadium,2,16.1,Multan Sultans,Islamabad United,KA Pollard,Umar Gul,Amad Butt,0,0,,,,,,,,,
1128842,2017/18,2018-03-13,Sharjah Cricket Stadium,2,16.2,Multan Sultans,Islamabad United,KA Pollard,Umar Gul,Amad Butt,0,0,,,,,,,,,
1128842,2017/18,2018-03-13,Sharjah Cricket Stadium,2,16.3,Multan Sultans,Islamabad United,KA Pollard,Umar Gul,Amad Butt,6,0,,,,,,,,,
1128842,2017/18,2018-03-13,Sharjah Cricket Stadium,2,16.4,Multan Sultans,Islamabad United,KA Pollard,Umar Gul,Amad Butt,6,0,,,,,,,,,
1128842,2017/18,2018-03-13,Sharjah Cricket Stadium,2,16.5,Multan Sultans,Islamabad United,KA Pollard,Umar Gul,Amad Butt,0,1,,,,1,,,,,
1128842,2017/18,2018-03-13,Sharjah Cricket Stadium,2,16.6,Multan Sultans,Islamabad United,Umar Gul,KA Pollard,Amad Butt,6,0,,,,,,,,,
1128842,2017/18,2018-03-13,Sharjah Cricket Stadium,2,17.1,Multan Sultans,Islamabad United,KA Pollard,Umar Gul,Mohammad Sami,0,1,,,,1,,,,,
1128842,2017/18,2018-03-13,Sharjah Cricket Stadium,2,17.2,Multan Sultans,Islamabad United,Umar Gul,KA Pollard,Mohammad Sami,1,0,,,,,,,,,
1128842,2017/18,2018-03-13,Sharjah Cricket Stadium,2,17.3,Multan Sultans,Islamabad United,KA Pollard,Umar Gul,Mohammad Sami,2,0,,,,,,,,,
1128842,2017/18,2018-03-13,Sharjah Cricket Stadium,2,17.4,Multan Sultans,Islamabad United,KA Pollard,Umar Gul,Mohammad Sami,0,0,,,,,,caught,KA Pollard,,
1128842,2017/18,2018-03-13,Sharjah Cricket Stadium,2,17.5,Multan Sultans,Islamabad United,Imran Tahir,Umar Gul,Mohammad Sami,1,0,,,,,,,,,
1128842,2017/18,2018-03-13,Sharjah Cricket Stadium,2,17.6,Multan Sultans,Islamabad United,Umar Gul,Imran Tahir,Mohammad Sami,1,0,,,,,,,,,
1128842,2017/18,2018-03-13,Sharjah Cricket Stadium,2,18.1,Multan Sultans,Islamabad United,Umar Gul,Imran Tahir,Faheem Ashraf,1,0,,,,,,,,,
1128842,2017/18,2018-03-13,Sharjah Cricket Stadium,2,18.2,Multan Sultans,Islamabad United,Imran Tahir,Umar Gul,Faheem Ashraf,1,0,,,,,,,,,
1128842,2017/18,2018-03-13,Sharjah Cricket Stadium,2,18.3,Multan Sultans,Islamabad United,Umar Gul,Imran Tahir,Faheem Ashraf,1,0,,,,,,,,,
1128842,2017/18,2018-03-13,Sharjah Cricket Stadium,2,18.4,Multan Sultans,Islamabad United,Imran Tahir,Umar Gul,Faheem Ashraf,1,0,,,,,,,,,
1128842,2017/18,2018-03-13,Sharjah Cricket Stadium,2,18.5,Multan Sultans,Islamabad United,Umar Gul,Imran Tahir,Faheem Ashraf,0,0,,,,,,caught,Umar Gul,,
1128842,2017/18,2018-03-13,Sharjah Cricket Stadium,2,18.6,Multan Sultans,Islamabad United,Imran Tahir,Mohammad Irfan,Faheem Ashraf,4,0,,,,,,,,,
1128842,2017/18,2018-03-13,Sharjah Cricket Stadium,2,19.1,Multan Sultans,Islamabad United,Mohammad Irfan,Imran Tahir,Amad Butt,0,0,,,,,,bowled,Mohammad Irfan,,
