match_id,season,start_date,venue,innings,ball,batting_team,bowling_team,striker,non_striker,bowler,runs_off_bat,extras,wides,noballs,byes,legbyes,penalty,wicket_type,player_dismissed,other_wicket_type,other_player_dismissed
1128848,2017/18,2018-03-18,Dubai International Cricket Stadium,1,0.1,Karachi Kings,Islamabad United,Khurram Manzoor,JL Denly,SR Patel,1,0,,,,,,,,,
1128848,2017/18,2018-03-18,Dubai International Cricket Stadium,1,0.2,Karachi Kings,Islamabad United,JL Denly,Khurram Manzoor,SR Patel,1,0,,,,,,,,,
1128848,2017/18,2018-03-18,Dubai International Cricket Stadium,1,0.3,Karachi Kings,Islamabad United,Khurram Manzoor,JL Denly,SR Patel,0,0,,,,,,,,,
1128848,2017/18,2018-03-18,Dubai International Cricket Stadium,1,0.4,Karachi Kings,Islamabad United,Khurram Manzoor,JL Denly,SR Patel,0,0,,,,,,,,,
1128848,2017/18,2018-03-18,Dubai International Cricket Stadium,1,0.5,Karachi Kings,Islamabad United,Khurram Manzoor,JL Denly,SR Patel,0,0,,,,,,,,,
1128848,2017/18,2018-03-18,Dubai International Cricket Stadium,1,0.6,Karachi Kings,Islamabad United,Khurram Manzoor,JL Denly,SR Patel,0,0,,,,,,,,,
1128848,2017/18,2018-03-18,Dubai International Cricket Stadium,1,1.1,Karachi Kings,Islamabad United,JL Denly,Khurram Manzoor,Mohammad Sami,0,0,,,,,,,,,
1128848,2017/18,2018-03-18,Dubai International Cricket Stadium,1,1.2,Karachi Kings,Islamabad United,JL Denly,Khurram Manzoor,Mohammad Sami,1,0,,,,,,,,,
1128848,2017/18,2018-03-18,Dubai International Cricket Stadium,1,1.3,Karachi Kings,Islamabad United,Khurram Manzoor,JL Denly,Mohammad Sami,0,0,,,,,,,,,
1128848,2017/18,2018-03-18,Dubai International Cricket Stadium,1,1.4,Karachi Kings,Islamabad United,Khurram Manzoor,JL Denly,Mohammad Sami,4,0,,,,,,,,,
1128848,2017/18,2018-03-18,Dubai International Cricket Stadium,1,1.5,Karachi Kings,Islamabad United,Khurram Manzoor,JL Denly,Mohammad Sami,0,0,,,,,,,,,
1128848,2017/18,2018-03-18,Dubai International Cricket Stadium,1,1.6,Karachi Kings,Islamabad United,Khurram Manzoor,JL Denly,Mohammad Sami,0,0,,,,,,,,,
1128848,2017/18,2018-03-18,Dubai International Cricket Stadium,1,2.1,Karachi Kings,Islamabad United,JL Denly,Khurram Manzoor,SR Patel,0,0,,,,,,,,,
1128848,2017/18,2018-03-18,Dubai International Cricket Stadium,1,2.2,Karachi Kings,Islamabad United,JL Denly,Khurram Manzoor,SR Patel,0,0,,,,,,,,,
1128848,2017/18,2018-03-18,Dubai International Cricket Stadium,1,2.3,Karachi Kings,Islamabad United,JL Denly,Khurram Manzoor,SR Patel,4,0,,,,,,,,,
1128848,2017/18,2018-03-18,Dubai International Cricket Stadium,1,2.4,Karachi Kings,Islamabad United,JL Denly,Khurram Manzoor,SR Patel,0,0,,,,,,,,,
1128848,2017/18,2018-03-18,Dubai International Cricket Stadium,1,2.5,Karachi Kings,Islamabad United,JL Denly,Khurram Manzoor,SR Patel,0,0,,,,,,,,,
1128848,2017/18,2018-03-18,Dubai International Cricket Stadium,1,2.6,Karachi Kings,Islamabad United,JL Denly,Khurram Manzoor,SR Patel,4,0,,,,,,,,,
1128848,2017/18,2018-03-18,Dubai International Cricket Stadium,1,3.1,Karachi Kings,Islamabad United,Khurram Manzoor,JL Denly,Mohammad Sami,0,0,,,,,,,,,
1128848,2017/18,2018-03-18,Dubai International Cricket Stadium,1,3.2,Karachi Kings,Islamabad United,Khurram Manzoor,JL Denly,Mohammad Sami,1,0,,,,,,,,,
1128848,2017/18,2018-03-18,Dubai International Cricket Stadium,1,3.3,Karachi Kings,Islamabad United,JL Denly,Khurram Manzoor,Mohammad Sami,1,0,,,,,,,,,
1128848,2017/18,2018-03-18,Dubai International Cricket Stadium,1,3.4,Karachi Kings,Islamabad United,Khurram Manzoor,JL Denly,Mohammad Sami,0,0,,,,,,caught and bowled,Khurram Manzoor,,
1128848,2017/18,2018-03-18,Dubai International Cricket Stadium,1,3.5,Karachi Kings,Islamabad United,Babar Azam,JL Denly,Mohammad Sami,0,0,,,,,,,,,
1128848,2017/18,2018-03-18,Dubai International Cricket Stadium,1,3.6,Karachi Kings,Islamabad United,Babar Azam,JL Denly,Mohammad Sami,0,0,,,,,,caught,Babar Azam,,
1128848,2017/18,2018-03-18,Dubai International Cricket Stadium,1,4.1,Karachi Kings,Islamabad United,JL Denly,EJG Morgan,SR Patel,1,0,,,,,,,,,
1128848,2017/18,2018-03-18,Dubai International Cricket Stadium,1,4.2,Karachi Kings,Islamabad United,EJG Morgan,JL Denly,SR Patel,1,0,,,,,,,,,
1128848,2017/18,2018-03-18,Dubai International Cricket Stadium,1,4.3,Karachi Kings,Islamabad United,JL Denly,EJG Morgan,SR Patel,1,0,,,,,,,,,
1128848,2017/18,2018-03-18,Dubai International Cricket Stadium,1,4.4,Karachi Kings,Islamabad United,EJG Morgan,JL Denly,SR Patel,0,0,,,,,,,,,
1128848,2017/18,2018-03-18,Dubai International Cricket Stadium,1,4.5,Karachi Kings,Islamabad United,EJG Morgan,JL Denly,SR Patel,1,0,,,,,,,,,
1128848,2017/18,2018-03-18,Dubai International Cricket Stadium,1,4.6,Karachi Kings,Islamabad United,JL Denly,EJG Morgan,SR Patel,0,0,,,,,,,,,
1128848,2017/18,2018-03-18,Dubai International Cricket Stadium,1,5.1,Karachi Kings,Islamabad United,EJG Morgan,JL Denly,Faheem Ashraf,1,0,,,,,,,,,
1128848,2017/18,2018-03-18,Dubai International Cricket Stadium,1,5.2,Karachi Kings,Islamabad United,JL Denly,EJG Morgan,Faheem Ashraf,1,0,,,,,,,,,
1128848,2017/18,2018-03-18,Dubai International Cricket Stadium,1,5.3,Karachi Kings,Islamabad United,EJG Morgan,JL Denly,Faheem Ashraf,0,0,,,,,,,,,
1128848,2017/18,2018-03-18,Dubai International Cricket Stadium,1,5.4,Karachi Kings,Islamabad United,EJG Morgan,JL Denly,Faheem Ashraf,2,0,,,,,,,,,
1128848,2017/18,2018-03-18,Dubai International Cricket Stadium,1,5.5,Karachi Kings,Islamabad United,EJG Morgan,JL Denly,Faheem Ashraf,4,0,,,,,,,,,
1128848,2017/18,2018-03-18,Dubai International Cricket Stadium,1,5.6,Karachi Kings,Islamabad United,EJG Morgan,JL Denly,Faheem Ashraf,0,0,,,,,,,,,
1128848,2017/18,2018-03-18,Dubai International Cricket Stadium,1,6.1,Karachi Kings,Islamabad United,JL Denly,EJG Morgan,SR Patel,1,0,,,,,,,,,
1128848,2017/18,2018-03-18,Dubai International Cricket Stadium,1,6.2,Karachi Kings,Islamabad United,EJG Morgan,JL Denly,SR Patel,4,0,,,,,,,,,
1128848,2017/18,2018-03-18,Dubai International Cricket Stadium,1,6.3,Karachi Kings,Islamabad United,EJG Morgan,JL Denly,SR Patel,1,0,,,,,,,,,
1128848,2017/18,2018-03-18,Dubai International Cricket Stadium,1,6.4,Karachi Kings,Islamabad United,JL Denly,EJG Morgan,SR Patel,1,0,,,,,,,,,
1128848,2017/18,2018-03-18,Dubai International Cricket Stadium,1,6.5,Karachi Kings,Islamabad United,EJG Morgan,JL Denly,SR Patel,1,0,,,,,,,,,
1128848,2017/18,2018-03-18,Dubai International Cricket Stadium,1,6.6,Karachi Kings,Islamabad United,JL Denly,EJG Morgan,SR Patel,1,0,,,,,,,,,
1128848,2017/18,2018-03-18,Dubai International Cricket Stadium,1,7.1,Karachi Kings,Islamabad United,JL Denly,EJG Morgan,Shadab Khan,1,0,,,,,,,,,
1128848,2017/18,2018-03-18,Dubai International Cricket Stadium,1,7.2,Karachi Kings,Islamabad United,EJG Morgan,JL Denly,Shadab Khan,4,0,,,,,,,,,
1128848,2017/18,2018-03-18,Dubai International Cricket Stadium,1,7.3,Karachi Kings,Islamabad United,EJG Morgan,JL Denly,Shadab Khan,1,0,,,,,,,,,
1128848,2017/18,2018-03-18,Dubai International Cricket Stadium,1,7.4,Karachi Kings,Islamabad United,JL Denly,EJG Morgan,Shadab Khan,1,0,,,,,,,,,
1128848,2017/18,2018-03-18,Dubai International Cricket Stadium,1,7.5,Karachi Kings,Islamabad United,EJG Morgan,JL Denly,Shadab Khan,0,0,,,,,,,,,
1128848,2017/18,2018-03-18,Dubai International Cricket Stadium,1,7.6,Karachi Kings,Islamabad United,EJG Morgan,JL Denly,Shadab Khan,1,0,,,,,,,,,
1128848,2017/18,2018-03-18,Dubai International Cricket Stadium,1,8.1,Karachi Kings,Islamabad United,EJG Morgan,JL Denly,Amad Butt,0,0,,,,,,caught,EJG Morgan,,
1128848,2017/18,2018-03-18,Dubai International Cricket Stadium,1,8.2,Karachi Kings,Islamabad United,CA Ingram,JL Denly,Amad Butt,2,0,,,,,,,,,
1128848,2017/18,2018-03-18,Dubai International Cricket Stadium,1,8.3,Karachi Kings,Islamabad United,CA Ingram,JL Denly,Amad Butt,0,0,,,,,,,,,
1128848,2017/18,2018-03-18,Dubai International Cricket Stadium,1,8.4,Karachi Kings,Islamabad United,CA Ingram,JL Denly,Amad Butt,0,0,,,,,,,,,
1128848,2017/18,2018-03-18,Dubai International Cricket Stadium,1,8.5,Karachi Kings,Islamabad United,CA Ingram,JL Denly,Amad Butt,1,0,,,,,,,,,
1128848,2017/18,2018-03-18,Dubai International Cricket Stadium,1,8.6,Karachi Kings,Islamabad United,JL Denly,CA Ingram,Amad Butt,0,0,,,,,,,,,
1128848,2017/18,2018-03-18,Dubai International Cricket Stadium,1,9.1,Karachi Kings,Islamabad United,CA Ingram,JL Denly,Shadab Khan,1,0,,,,,,,,,
1128848,2017/18,2018-03-18,Dubai International Cricket Stadium,1,9.2,Karachi Kings,Islamabad United,JL Denly,CA Ingram,Shadab Khan,0,0,,,,,,,,,
1128848,2017/18,2018-03-18,Dubai International Cricket Stadium,1,9.3,Karachi Kings,Islamabad United,JL Denly,CA Ingram,Shadab Khan,1,0,,,,,,,,,
1128848,2017/18,2018-03-18,Dubai International Cricket Stadium,1,9.4,Karachi Kings,Islamabad United,CA Ingram,JL Denly,Shadab Khan,1,0,,,,,,,,,
1128848,2017/18,2018-03-18,Dubai International Cricket Stadium,1,9.5,Karachi Kings,Islamabad United,JL Denly,CA Ingram,Shadab Khan,0,0,,,,,,,,,
1128848,2017/18,2018-03-18,Dubai International Cricket Stadium,1,9.6,Karachi Kings,Islamabad United,JL Denly,CA Ingram,Shadab Khan,0,0,,,,,,,,,
1128848,2017/18,2018-03-18,Dubai International Cricket Stadium,1,10.1,Karachi Kings,Islamabad United,CA Ingram,JL Denly,Amad Butt,6,0,,,,,,,,,
1128848,2017/18,2018-03-18,Dubai International Cricket Stadium,1,10.2,Karachi Kings,Islamabad United,CA Ingram,JL Denly,Amad Butt,1,0,,,,,,,,,
1128848,2017/18,2018-03-18,Dubai International Cricket Stadium,1,10.3,Karachi Kings,Islamabad United,JL Denly,CA Ingram,Amad Butt,4,0,,,,,,,,,
1128848,2017/18,2018-03-18,Dubai International Cricket Stadium,1,10.4,Karachi Kings,Islamabad United,JL Denly,CA Ingram,Amad Butt,1,0,,,,,,,,,
1128848,2017/18,2018-03-18,Dubai International Cricket Stadium,1,10.5,Karachi Kings,Islamabad United,CA Ingram,JL Denly,Amad Butt,1,0,,,,,,,,,
1128848,2017/18,2018-03-18,Dubai International Cricket Stadium,1,10.6,Karachi Kings,Islamabad United,JL Denly,CA Ingram,Amad Butt,0,0,,,,,,,,,
1128848,2017/18,2018-03-18,Dubai International Cricket Stadium,1,11.1,Karachi Kings,Islamabad United,CA Ingram,JL Denly,Shadab Khan,1,0,,,,,,,,,
1128848,2017/18,2018-03-18,Dubai International Cricket Stadium,1,11.2,Karachi Kings,Islamabad United,JL Denly,CA Ingram,Shadab Khan,2,0,,,,,,,,,
1128848,2017/18,2018-03-18,Dubai International Cricket Stadium,1,11.3,Karachi Kings,Islamabad United,JL Denly,CA Ingram,Shadab Khan,0,0,,,,,,,,,
1128848,2017/18,2018-03-18,Dubai International Cricket Stadium,1,11.4,Karachi Kings,Islamabad United,JL Denly,CA Ingram,Shadab Khan,1,0,,,,,,,,,
1128848,2017/18,2018-03-18,Dubai International Cricket Stadium,1,11.5,Karachi Kings,Islamabad United,CA Ingram,JL Denly,Shadab Khan,3,0,,,,,,,,,
1128848,2017/18,2018-03-18,Dubai International Cricket Stadium,1,11.6,Karachi Kings,Islamabad United,JL Denly,CA Ingram,Shadab Khan,1,0,,,,,,,,,
1128848,2017/18,2018-03-18,Dubai International Cricket Stadium,1,12.1,Karachi Kings,Islamabad United,JL Denly,CA Ingram,Hussain Talat,1,0,,,,,,,,,
1128848,2017/18,2018-03-18,Dubai International Cricket Stadium,1,12.2,Karachi Kings,Islamabad United,CA Ingram,JL Denly,Hussain Talat,0,0,,,,,,,,,
1128848,2017/18,2018-03-18,Dubai International Cricket Stadium,1,12.3,Karachi Kings,Islamabad United,CA Ingram,JL Denly,Hussain Talat,0,0,,,,,,,,,
1128848,2017/18,2018-03-18,Dubai International Cricket Stadium,1,12.4,Karachi Kings,Islamabad United,CA Ingram,JL Denly,Hussain Talat,0,0,,,,,,,,,
1128848,2017/18,2018-03-18,Dubai International Cricket Stadium,1,12.5,Karachi Kings,Islamabad United,CA Ingram,JL Denly,Hussain Talat,0,0,,,,,,,,,
1128848,2017/18,2018-03-18,Dubai International Cricket Stadium,1,12.6,Karachi Kings,Islamabad United,CA Ingram,JL Denly,Hussain Talat,1,0,,,,,,,,,
1128848,2017/18,2018-03-18,Dubai International Cricket Stadium,1,13.1,Karachi Kings,Islamabad United,CA Ingram,JL Denly,Shadab Khan,1,0,,,,,,,,,
1128848,2017/18,2018-03-18,Dubai International Cricket Stadium,1,13.2,Karachi Kings,Islamabad United,JL Denly,CA Ingram,Shadab Khan,1,0,,,,,,,,,
1128848,2017/18,2018-03-18,Dubai International Cricket Stadium,1,13.3,Karachi Kings,Islamabad United,CA Ingram,JL Denly,Shadab Khan,0,0,,,,,,,,,
1128848,2017/18,2018-03-18,Dubai International Cricket Stadium,1,13.4,Karachi Kings,Islamabad United,CA Ingram,JL Denly,Shadab Khan,0,1,,,,1,,,,,
1128848,2017/18,2018-03-18,Dubai International Cricket Stadium,1,13.5,Karachi Kings,Islamabad United,JL Denly,CA Ingram,Shadab Khan,2,0,,,,,,,,,
1128848,2017/18,2018-03-18,Dubai International Cricket Stadium,1,13.6,Karachi Kings,Islamabad United,JL Denly,CA Ingram,Shadab Khan,1,0,,,,,,,,,
1128848,2017/18,2018-03-18,Dubai International Cricket Stadium,1,14.1,Karachi Kings,Islamabad United,JL Denly,CA Ingram,Faheem Ashraf,1,0,,,,,,,,,
1128848,2017/18,2018-03-18,Dubai International Cricket Stadium,1,14.2,Karachi Kings,Islamabad United,CA Ingram,JL Denly,Faheem Ashraf,2,0,,,,,,,,,
1128848,2017/18,2018-03-18,Dubai International Cricket Stadium,1,14.3,Karachi Kings,Islamabad United,CA Ingram,JL Denly,Faheem Ashraf,1,0,,,,,,,,,
1128848,2017/18,2018-03-18,Dubai International Cricket Stadium,1,14.4,Karachi Kings,Islamabad United,JL Denly,CA Ingram,Faheem Ashraf,4,0,,,,,,,,,
1128848,2017/18,2018-03-18,Dubai International Cricket Stadium,1,14.5,Karachi Kings,Islamabad United,JL Denly,CA Ingram,Faheem Ashraf,1,0,,,,,,,,,
1128848,2017/18,2018-03-18,Dubai International Cricket Stadium,1,14.6,Karachi Kings,Islamabad United,CA Ingram,JL Denly,Faheem Ashraf,6,0,,,,,,,,,
1128848,2017/18,2018-03-18,Dubai International Cricket Stadium,1,15.1,Karachi Kings,Islamabad United,JL Denly,CA Ingram,Hussain Talat,1,0,,,,,,,,,
1128848,2017/18,2018-03-18,Dubai International Cricket Stadium,1,15.2,Karachi Kings,Islamabad United,CA Ingram,JL Denly,Hussain Talat,6,0,,,,,,,,,
1128848,2017/18,2018-03-18,Dubai International Cricket Stadium,1,15.3,Karachi Kings,Islamabad United,CA Ingram,JL Denly,Hussain Talat,1,0,,,,,,,,,
1128848,2017/18,2018-03-18,Dubai International Cricket Stadium,1,15.4,Karachi Kings,Islamabad United,JL Denly,CA Ingram,Hussain Talat,0,1,,,,1,,,,,
1128848,2017/18,2018-03-18,Dubai International Cricket Stadium,1,15.5,Karachi Kings,Islamabad United,CA Ingram,JL Denly,Hussain Talat,0,0,,,,,,,,,
1128848,2017/18,2018-03-18,Dubai International Cricket Stadium,1,15.6,Karachi Kings,Islamabad United,CA Ingram,JL Denly,Hussain Talat,6,0,,,,,,,,,
1128848,2017/18,2018-03-18,Dubai International Cricket Stadium,1,16.1,Karachi Kings,Islamabad United,JL Denly,CA Ingram,Mohammad Sami,1,0,,,,,,,,,
1128848,2017/18,2018-03-18,Dubai International Cricket Stadium,1,16.2,Karachi Kings,Islamabad United,CA Ingram,JL Denly,Mohammad Sami,0,1,1,,,,,,,,
1128848,2017/18,2018-03-18,Dubai International Cricket Stadium,1,16.3,Karachi Kings,Islamabad United,CA Ingram,JL Denly,Mohammad Sami,2,0,,,,,,,,,
1128848,2017/18,2018-03-18,Dubai International Cricket Stadium,1,16.4,Karachi Kings,Islamabad United,CA Ingram,JL Denly,Mohammad Sami,0,1,1,,,,,,,,
1128848,2017/18,2018-03-18,Dubai International Cricket Stadium,1,16.5,Karachi Kings,Islamabad United,CA Ingram,JL Denly,Mohammad Sami,1,0,,,,,,,,,
1128848,2017/18,2018-03-18,Dubai International Cricket Stadium,1,16.6,Karachi Kings,Islamabad United,JL Denly,CA Ingram,Mohammad Sami,1,0,,,,,,,,,
1128848,2017/18,2018-03-18,Dubai International Cricket Stadium,1,16.7,Karachi Kings,Islamabad United,CA Ingram,JL Denly,Mohammad Sami,1,0,,,,,,,,,
1128848,2017/18,2018-03-18,Dubai International Cricket Stadium,1,16.8,Karachi Kings,Islamabad United,JL Denly,CA Ingram,Mohammad Sami,1,0,,,,,,,,,
1128848,2017/18,2018-03-18,Dubai International Cricket Stadium,1,17.1,Karachi Kings,Islamabad United,JL Denly,CA Ingram,Faheem Ashraf,1,0,,,,,,,,,
1128848,2017/18,2018-03-18,Dubai International Cricket Stadium,1,17.2,Karachi Kings,Islamabad United,CA Ingram,JL Denly,Faheem Ashraf,1,0,,,,,,,,,
1128848,2017/18,2018-03-18,Dubai International Cricket Stadium,1,17.3,Karachi Kings,Islamabad United,JL Denly,CA Ingram,Faheem Ashraf,6,0,,,,,,,,,
1128848,2017/18,2018-03-18,Dubai International Cricket Stadium,1,17.4,Karachi Kings,Islamabad United,JL Denly,CA Ingram,Faheem Ashraf,0,0,,,,,,hit wicket,JL Denly,,
1128848,2017/18,2018-03-18,Dubai International Cricket Stadium,1,17.5,Karachi Kings,Islamabad United,Shahid Afridi,CA Ingram,Faheem Ashraf,1,0,,,,,,,,,
1128848,2017/18,2018-03-18,Dubai International Cricket Stadium,1,17.6,Karachi Kings,Islamabad United,CA Ingram,Shahid Afridi,Faheem Ashraf,4,0,,,,,,,,,
1128848,2017/18,2018-03-18,Dubai International Cricket Stadium,1,18.1,Karachi Kings,Islamabad United,Shahid Afridi,CA Ingram,Mohammad Sami,1,0,,,,,,,,,
1128848,2017/18,2018-03-18,Dubai International Cricket Stadium,1,18.2,Karachi Kings,Islamabad United,CA Ingram,Shahid Afridi,Mohammad Sami,0,0,,,,,,,,,
1128848,2017/18,2018-03-18,Dubai International Cricket Stadium,1,18.3,Karachi Kings,Islamabad United,CA Ingram,Shahid Afridi,Mohammad Sami,1,0,,,,,,,,,
1128848,2017/18,2018-03-18,Dubai International Cricket Stadium,1,18.4,Karachi Kings,Islamabad United,Shahid Afridi,CA Ingram,Mohammad Sami,1,0,,,,,,,,,
1128848,2017/18,2018-03-18,Dubai International Cricket Stadium,1,18.5,Karachi Kings,Islamabad United,CA Ingram,Shahid Afridi,Mohammad Sami,1,0,,,,,,,,,
1128848,2017/18,2018-03-18,Dubai International Cricket Stadium,1,18.6,Karachi Kings,Islamabad United,Shahid Afridi,CA Ingram,Mohammad Sami,0,0,,,,,,,,,
1128848,2017/18,2018-03-18,Dubai International Cricket Stadium,1,19.1,Karachi Kings,Islamabad United,CA Ingram,Shahid Afridi,Faheem Ashraf,6,0,,,,,,,,,
1128848,2017/18,2018-03-18,Dubai International Cricket Stadium,1,19.2,Karachi Kings,Islamabad United,CA Ingram,Shahid Afridi,Faheem Ashraf,6,0,,,,,,,,,
1128848,2017/18,2018-03-18,Dubai International Cricket Stadium,1,19.3,Karachi Kings,Islamabad United,CA Ingram,Shahid Afridi,Faheem Ashraf,1,0,,,,,,,,,
1128848,2017/18,2018-03-18,Dubai International Cricket Stadium,1,19.4,Karachi Kings,Islamabad United,Shahid Afridi,CA Ingram,Faheem Ashraf,1,0,,,,,,,,,
1128848,2017/18,2018-03-18,Dubai International Cricket Stadium,1,19.5,Karachi Kings,Islamabad United,CA Ingram,Shahid Afridi,Faheem Ashraf,2,0,,,,,,,,,
1128848,2017/18,2018-03-18,Dubai International Cricket Stadium,1,19.6,Karachi Kings,Islamabad United,CA Ingram,Shahid Afridi,Faheem Ashraf,1,0,,,,,,,,,
1128848,2017/18,2018-03-18,Dubai International Cricket Stadium,2,0.1,Islamabad United,Karachi Kings,L Ronchi,Sahibzada Farhan,Mohammad Amir,4,0,,,,,,,,,
1128848,2017/18,2018-03-18,Dubai International Cricket Stadium,2,0.2,Islamabad United,Karachi Kings,L Ronchi,Sahibzada Farhan,Mohammad Amir,4,0,,,,,,,,,
1128848,2017/18,2018-03-18,Dubai International Cricket Stadium,2,0.3,Islamabad United,Karachi Kings,L Ronchi,Sahibzada Farhan,Mohammad Amir,0,0,,,,,,,,,
1128848,2017/18,2018-03-18,Dubai International Cricket Stadium,2,0.4,Islamabad United,Karachi Kings,L Ronchi,Sahibzada Farhan,Mohammad Amir,1,0,,,,,,,,,
1128848,2017/18,2018-03-18,Dubai International Cricket Stadium,2,0.5,Islamabad United,Karachi Kings,Sahibzada Farhan,L Ronchi,Mohammad Amir,0,1,,,,1,,,,,
1128848,2017/18,2018-03-18,Dubai International Cricket Stadium,2,0.6,Islamabad United,Karachi Kings,L Ronchi,Sahibzada Farhan,Mohammad Amir,4,0,,,,,,,,,
1128848,2017/18,2018-03-18,Dubai International Cricket Stadium,2,1.1,Islamabad United,Karachi Kings,Sahibzada Farhan,L Ronchi,Usman Shinwari,0,0,,,,,,,,,
1128848,2017/18,2018-03-18,Dubai International Cricket Stadium,2,1.2,Islamabad United,Karachi Kings,Sahibzada Farhan,L Ronchi,Usman Shinwari,0,0,,,,,,,,,
1128848,2017/18,2018-03-18,Dubai International Cricket Stadium,2,1.3,Islamabad United,Karachi Kings,Sahibzada Farhan,L Ronchi,Usman Shinwari,1,0,,,,,,,,,
1128848,2017/18,2018-03-18,Dubai International Cricket Stadium,2,1.4,Islamabad United,Karachi Kings,L Ronchi,Sahibzada Farhan,Usman Shinwari,0,0,,,,,,,,,
1128848,2017/18,2018-03-18,Dubai International Cricket Stadium,2,1.5,Islamabad United,Karachi Kings,L Ronchi,Sahibzada Farhan,Usman Shinwari,1,0,,,,,,,,,
1128848,2017/18,2018-03-18,Dubai International Cricket Stadium,2,1.6,Islamabad United,Karachi Kings,Sahibzada Farhan,L Ronchi,Usman Shinwari,2,0,,,,,,,,,
1128848,2017/18,2018-03-18,Dubai International Cricket Stadium,2,2.1,Islamabad United,Karachi Kings,L Ronchi,Sahibzada Farhan,TS Mills,0,0,,,,,,,,,
1128848,2017/18,2018-03-18,Dubai International Cricket Stadium,2,2.2,Islamabad United,Karachi Kings,L Ronchi,Sahibzada Farhan,TS Mills,4,0,,,,,,,,,
1128848,2017/18,2018-03-18,Dubai International Cricket Stadium,2,2.3,Islamabad United,Karachi Kings,L Ronchi,Sahibzada Farhan,TS Mills,0,0,,,,,,,,,
1128848,2017/18,2018-03-18,Dubai International Cricket Stadium,2,2.4,Islamabad United,Karachi Kings,L Ronchi,Sahibzada Farhan,TS Mills,6,0,,,,,,,,,
1128848,2017/18,2018-03-18,Dubai International Cricket Stadium,2,2.5,Islamabad United,Karachi Kings,L Ronchi,Sahibzada Farhan,TS Mills,2,0,,,,,,,,,
1128848,2017/18,2018-03-18,Dubai International Cricket Stadium,2,2.6,Islamabad United,Karachi Kings,L Ronchi,Sahibzada Farhan,TS Mills,4,0,,,,,,,,,
1128848,2017/18,2018-03-18,Dubai International Cricket Stadium,2,3.1,Islamabad United,Karachi Kings,Sahibzada Farhan,L Ronchi,Shahid Afridi,1,0,,,,,,,,,
1128848,2017/18,2018-03-18,Dubai International Cricket Stadium,2,3.2,Islamabad United,Karachi Kings,L Ronchi,Sahibzada Farhan,Shahid Afridi,4,0,,,,,,,,,
1128848,2017/18,2018-03-18,Dubai International Cricket Stadium,2,3.3,Islamabad United,Karachi Kings,L Ronchi,Sahibzada Farhan,Shahid Afridi,6,0,,,,,,,,,
1128848,2017/18,2018-03-18,Dubai International Cricket Stadium,2,3.4,Islamabad United,Karachi Kings,L Ronchi,Sahibzada Farhan,Shahid Afridi,4,0,,,,,,,,,
1128848,2017/18,2018-03-18,Dubai International Cricket Stadium,2,3.5,Islamabad United,Karachi Kings,L Ronchi,Sahibzada Farhan,Shahid Afridi,0,0,,,,,,,,,
1128848,2017/18,2018-03-18,Dubai International Cricket Stadium,2,3.6,Islamabad United,Karachi Kings,L Ronchi,Sahibzada Farhan,Shahid Afridi,0,0,,,,,,,,,
1128848,2017/18,2018-03-18,Dubai International Cricket Stadium,2,4.1,Islamabad United,Karachi Kings,Sahibzada Farhan,L Ronchi,Usman Shinwari,6,0,,,,,,,,,
1128848,2017/18,2018-03-18,Dubai International Cricket Stadium,2,4.2,Islamabad United,Karachi Kings,Sahibzada Farhan,L Ronchi,Usman Shinwari,1,0,,,,,,,,,
1128848,2017/18,2018-03-18,Dubai International Cricket Stadium,2,4.3,Islamabad United,Karachi Kings,L Ronchi,Sahibzada Farhan,Usman Shinwari,6,0,,,,,,,,,
1128848,2017/18,2018-03-18,Dubai International Cricket Stadium,2,4.4,Islamabad United,Karachi Kings,L Ronchi,Sahibzada Farhan,Usman Shinwari,6,0,,,,,,,,,
1128848,2017/18,2018-03-18,Dubai International Cricket Stadium,2,4.5,Islamabad United,Karachi Kings,L Ronchi,Sahibzada Farhan,Usman Shinwari,1,0,,,,,,,,,
1128848,2017/18,2018-03-18,Dubai International Cricket Stadium,2,4.6,Islamabad United,Karachi Kings,Sahibzada Farhan,L Ronchi,Usman Shinwari,0,0,,,,,,,,,
1128848,2017/18,2018-03-18,Dubai International Cricket Stadium,2,5.1,Islamabad United,Karachi Kings,L Ronchi,Sahibzada Farhan,Mohammad Amir,1,0,,,,,,,,,
1128848,2017/18,2018-03-18,Dubai International Cricket Stadium,2,5.2,Islamabad United,Karachi Kings,Sahibzada Farhan,L Ronchi,Mohammad Amir,2,0,,,,,,,,,
1128848,2017/18,2018-03-18,Dubai International Cricket Stadium,2,5.3,Islamabad United,Karachi Kings,Sahibzada Farhan,L Ronchi,Mohammad Amir,1,0,,,,,,,,,
1128848,2017/18,2018-03-18,Dubai International Cricket Stadium,2,5.4,Islamabad United,Karachi Kings,L Ronchi,Sahibzada Farhan,Mohammad Amir,0,0,,,,,,,,,
1128848,2017/18,2018-03-18,Dubai International Cricket Stadium,2,5.5,Islamabad United,Karachi Kings,L Ronchi,Sahibzada Farhan,Mohammad Amir,1,0,,,,,,,,,
1128848,2017/18,2018-03-18,Dubai International Cricket Stadium,2,5.6,Islamabad United,Karachi Kings,Sahibzada Farhan,L Ronchi,Mohammad Amir,1,0,,,,,,,,,
1128848,2017/18,2018-03-18,Dubai International Cricket Stadium,2,6.1,Islamabad United,Karachi Kings,Sahibzada Farhan,L Ronchi,TS Mills,0,0,,,,,,,,,
1128848,2017/18,2018-03-18,Dubai International Cricket Stadium,2,6.2,Islamabad United,Karachi Kings,Sahibzada Farhan,L Ronchi,TS Mills,2,0,,,,,,,,,
1128848,2017/18,2018-03-18,Dubai International Cricket Stadium,2,6.3,Islamabad United,Karachi Kings,Sahibzada Farhan,L Ronchi,TS Mills,0,1,1,,,,,,,,
1128848,2017/18,2018-03-18,Dubai International Cricket Stadium,2,6.4,Islamabad United,Karachi Kings,Sahibzada Farhan,L Ronchi,TS Mills,6,0,,,,,,,,,
1128848,2017/18,2018-03-18,Dubai International Cricket Stadium,2,6.5,Islamabad United,Karachi Kings,Sahibzada Farhan,L Ronchi,TS Mills,0,1,1,,,,,,,,
1128848,2017/18,2018-03-18,Dubai International Cricket Stadium,2,6.6,Islamabad United,Karachi Kings,Sahibzada Farhan,L Ronchi,TS Mills,0,0,,,,,,,,,
1128848,2017/18,2018-03-18,Dubai International Cricket Stadium,2,6.7,Islamabad United,Karachi Kings,Sahibzada Farhan,L Ronchi,TS Mills,6,0,,,,,,,,,
1128848,2017/18,2018-03-18,Dubai International Cricket Stadium,2,6.8,Islamabad United,Karachi Kings,Sahibzada Farhan,L Ronchi,TS Mills,0,0,,,,,,caught,Sahibzada Farhan,,
1128848,2017/18,2018-03-18,Dubai International Cricket Stadium,2,7.1,Islamabad United,Karachi Kings,L Ronchi,AD Hales,Shahid Afridi,1,0,,,,,,,,,
1128848,2017/18,2018-03-18,Dubai International Cricket Stadium,2,7.2,Islamabad United,Karachi Kings,AD Hales,L Ronchi,Shahid Afridi,1,0,,,,,,,,,
1128848,2017/18,2018-03-18,Dubai International Cricket Stadium,2,7.3,Islamabad United,Karachi Kings,L Ronchi,AD Hales,Shahid Afridi,1,0,,,,,,,,,
1128848,2017/18,2018-03-18,Dubai International Cricket Stadium,2,7.4,Islamabad United,Karachi Kings,AD Hales,L Ronchi,Shahid Afridi,0,1,1,,,,,,,,
1128848,2017/18,2018-03-18,Dubai International Cricket Stadium,2,7.5,Islamabad United,Karachi Kings,AD Hales,L Ronchi,Shahid Afridi,1,0,,,,,,,,,
1128848,2017/18,2018-03-18,Dubai International Cricket Stadium,2,7.6,Islamabad United,Karachi Kings,L Ronchi,AD Hales,Shahid Afridi,2,0,,,,,,,,,
1128848,2017/18,2018-03-18,Dubai International Cricket Stadium,2,7.7,Islamabad United,Karachi Kings,L Ronchi,AD Hales,Shahid Afridi,1,0,,,,,,,,,
1128848,2017/18,2018-03-18,Dubai International Cricket Stadium,2,8.1,Islamabad United,Karachi Kings,L Ronchi,AD Hales,Mohammad Irfan (4),4,0,,,,,,,,,
1128848,2017/18,2018-03-18,Dubai International Cricket Stadium,2,8.2,Islamabad United,Karachi Kings,L Ronchi,AD Hales,Mohammad Irfan (4),4,0,,,,,,,,,
1128848,2017/18,2018-03-18,Dubai International Cricket Stadium,2,8.3,Islamabad United,Karachi Kings,L Ronchi,AD Hales,Mohammad Irfan (4),4,0,,,,,,,,,
1128848,2017/18,2018-03-18,Dubai International Cricket Stadium,2,8.4,Islamabad United,Karachi Kings,L Ronchi,AD Hales,Mohammad Irfan (4),1,0,,,,,,,,,
1128848,2017/18,2018-03-18,Dubai International Cricket Stadium,2,8.5,Islamabad United,Karachi Kings,AD Hales,L Ronchi,Mohammad Irfan (4),4,0,,,,,,,,,
1128848,2017/18,2018-03-18,Dubai International Cricket Stadium,2,8.6,Islamabad United,Karachi Kings,AD Hales,L Ronchi,Mohammad Irfan (4),1,0,,,,,,,,,
1128848,2017/18,2018-03-18,Dubai International Cricket Stadium,2,9.1,Islamabad United,Karachi Kings,AD Hales,L Ronchi,Shahid Afridi,0,0,,,,,,,,,
1128848,2017/18,2018-03-18,Dubai International Cricket Stadium,2,9.2,Islamabad United,Karachi Kings,AD Hales,L Ronchi,Shahid Afridi,1,0,,,,,,,,,
1128848,2017/18,2018-03-18,Dubai International Cricket Stadium,2,9.3,Islamabad United,Karachi Kings,L Ronchi,AD Hales,Shahid Afridi,1,0,,,,,,,,,
1128848,2017/18,2018-03-18,Dubai International Cricket Stadium,2,9.4,Islamabad United,Karachi Kings,AD Hales,L Ronchi,Shahid Afridi,0,0,,,,,,,,,
1128848,2017/18,2018-03-18,Dubai International Cricket Stadium,2,9.5,Islamabad United,Karachi Kings,AD Hales,L Ronchi,Shahid Afridi,1,0,,,,,,,,,
1128848,2017/18,2018-03-18,Dubai International Cricket Stadium,2,9.6,Islamabad United,Karachi Kings,L Ronchi,AD Hales,Shahid Afridi,4,0,,,,,,,,,
1128848,2017/18,2018-03-18,Dubai International Cricket Stadium,2,10.1,Islamabad United,Karachi Kings,AD Hales,L Ronchi,Usman Shinwari,4,0,,,,,,,,,
1128848,2017/18,2018-03-18,Dubai International Cricket Stadium,2,10.2,Islamabad United,Karachi Kings,AD Hales,L Ronchi,Usman Shinwari,1,0,,,,,,,,,
1128848,2017/18,2018-03-18,Dubai International Cricket Stadium,2,10.3,Islamabad United,Karachi Kings,L Ronchi,AD Hales,Usman Shinwari,1,0,,,,,,,,,
1128848,2017/18,2018-03-18,Dubai International Cricket Stadium,2,10.4,Islamabad United,Karachi Kings,AD Hales,L Ronchi,Usman Shinwari,0,0,,,,,,caught,AD Hales,,
1128848,2017/18,2018-03-18,Dubai International Cricket Stadium,2,10.5,Islamabad United,Karachi Kings,L Ronchi,SR Patel,Usman Shinwari,0,0,,,,,,,,,
1128848,2017/18,2018-03-18,Dubai International Cricket Stadium,2,10.6,Islamabad United,Karachi Kings,L Ronchi,SR Patel,Usman Shinwari,6,0,,,,,,,,,
1128848,2017/18,2018-03-18,Dubai International Cricket Stadium,2,11.1,Islamabad United,Karachi Kings,SR Patel,L Ronchi,Mohammad Amir,0,0,,,,,,,,,
1128848,2017/18,2018-03-18,Dubai International Cricket Stadium,2,11.2,Islamabad United,Karachi Kings,SR Patel,L Ronchi,Mohammad Amir,4,0,,,,,,,,,
1128848,2017/18,2018-03-18,Dubai International Cricket Stadium,2,11.3,Islamabad United,Karachi Kings,SR Patel,L Ronchi,Mohammad Amir,1,0,,,,,,,,,
1128848,2017/18,2018-03-18,Dubai International Cricket Stadium,2,11.4,Islamabad United,Karachi Kings,L Ronchi,SR Patel,Mohammad Amir,1,0,,,,,,,,,
1128848,2017/18,2018-03-18,Dubai International Cricket Stadium,2,11.5,Islamabad United,Karachi Kings,SR Patel,L Ronchi,Mohammad Amir,1,0,,,,,,,,,
1128848,2017/18,2018-03-18,Dubai International Cricket Stadium,2,11.6,Islamabad United,Karachi Kings,L Ronchi,SR Patel,Mohammad Amir,4,0,,,,,,,,,
1128848,2017/18,2018-03-18,Dubai International Cricket Stadium,2,12.1,Islamabad United,Karachi Kings,SR Patel,L Ronchi,Usman Shinwari,4,0,,,,,,,,,
1128848,2017/18,2018-03-18,Dubai International Cricket Stadium,2,12.2,Islamabad United,Karachi Kings,SR Patel,L Ronchi,Usman Shinwari,0,0,,,,,,,,,
1128848,2017/18,2018-03-18,Dubai International Cricket Stadium,2,12.3,Islamabad United,Karachi Kings,SR Patel,L Ronchi,Usman Shinwari,4,0,,,,,,,,,
