match_id,season,start_date,venue,innings,ball,batting_team,bowling_team,striker,non_striker,bowler,runs_off_bat,extras,wides,noballs,byes,legbyes,penalty,wicket_type,player_dismissed,other_wicket_type,other_player_dismissed
1168842,2018/19,2019-03-04,Sheikh Zayed Stadium,1,0.1,Peshawar Zalmi,Quetta Gladiators,Kamran Akmal,ADS Fletcher,Mohammad Nawaz (3),0,0,,,,,,,,,
1168842,2018/19,2019-03-04,Sheikh Zayed Stadium,1,0.2,Peshawar Zalmi,Quetta Gladiators,Kamran Akmal,ADS Fletcher,Mohammad Nawaz (3),4,0,,,,,,,,,
1168842,2018/19,2019-03-04,Sheikh Zayed Stadium,1,0.3,Peshawar Zalmi,Quetta Gladiators,Kamran Akmal,ADS Fletcher,Mohammad Nawaz (3),6,0,,,,,,,,,
1168842,2018/19,2019-03-04,Sheikh Zayed Stadium,1,0.4,Peshawar Zalmi,Quetta Gladiators,Kamran Akmal,ADS Fletcher,Mohammad Nawaz (3),0,0,,,,,,,,,
1168842,2018/19,2019-03-04,Sheikh Zayed Stadium,1,0.5,Peshawar Zalmi,Quetta Gladiators,Kamran Akmal,ADS Fletcher,Mohammad Nawaz (3),1,0,,,,,,,,,
1168842,2018/19,2019-03-04,Sheikh Zayed Stadium,1,0.6,Peshawar Zalmi,Quetta Gladiators,ADS Fletcher,Kamran Akmal,Mohammad Nawaz (3),1,0,,,,,,,,,
1168842,2018/19,2019-03-04,Sheikh Zayed Stadium,1,1.1,Peshawar Zalmi,Quetta Gladiators,ADS Fletcher,Kamran Akmal,Sohail Tanvir,4,0,,,,,,,,,
1168842,2018/19,2019-03-04,Sheikh Zayed Stadium,1,1.2,Peshawar Zalmi,Quetta Gladiators,ADS Fletcher,Kamran Akmal,Sohail Tanvir,0,0,,,,,,,,,
1168842,2018/19,2019-03-04,Sheikh Zayed Stadium,1,1.3,Peshawar Zalmi,Quetta Gladiators,ADS Fletcher,Kamran Akmal,Sohail Tanvir,1,0,,,,,,,,,
1168842,2018/19,2019-03-04,Sheikh Zayed Stadium,1,1.4,Peshawar Zalmi,Quetta Gladiators,Kamran Akmal,ADS Fletcher,Sohail Tanvir,0,0,,,,,,,,,
1168842,2018/19,2019-03-04,Sheikh Zayed Stadium,1,1.5,Peshawar Zalmi,Quetta Gladiators,Kamran Akmal,ADS Fletcher,Sohail Tanvir,0,1,,,,1,,,,,
1168842,2018/19,2019-03-04,Sheikh Zayed Stadium,1,1.6,Peshawar Zalmi,Quetta Gladiators,ADS Fletcher,Kamran Akmal,Sohail Tanvir,0,0,,,,,,,,,
1168842,2018/19,2019-03-04,Sheikh Zayed Stadium,1,2.1,Peshawar Zalmi,Quetta Gladiators,Kamran Akmal,ADS Fletcher,Mohammad Hasnain,4,0,,,,,,,,,
1168842,2018/19,2019-03-04,Sheikh Zayed Stadium,1,2.2,Peshawar Zalmi,Quetta Gladiators,Kamran Akmal,ADS Fletcher,Mohammad Hasnain,4,0,,,,,,,,,
1168842,2018/19,2019-03-04,Sheikh Zayed Stadium,1,2.3,Peshawar Zalmi,Quetta Gladiators,Kamran Akmal,ADS Fletcher,Mohammad Hasnain,1,0,,,,,,,,,
1168842,2018/19,2019-03-04,Sheikh Zayed Stadium,1,2.4,Peshawar Zalmi,Quetta Gladiators,ADS Fletcher,Kamran Akmal,Mohammad Hasnain,0,0,,,,,,,,,
1168842,2018/19,2019-03-04,Sheikh Zayed Stadium,1,2.5,Peshawar Zalmi,Quetta Gladiators,ADS Fletcher,Kamran Akmal,Mohammad Hasnain,0,0,,,,,,,,,
1168842,2018/19,2019-03-04,Sheikh Zayed Stadium,1,2.6,Peshawar Zalmi,Quetta Gladiators,ADS Fletcher,Kamran Akmal,Mohammad Hasnain,0,0,,,,,,,,,
1168842,2018/19,2019-03-04,Sheikh Zayed Stadium,1,3.1,Peshawar Zalmi,Quetta Gladiators,Kamran Akmal,ADS Fletcher,Sohail Tanvir,0,0,,,,,,,,,
1168842,2018/19,2019-03-04,Sheikh Zayed Stadium,1,3.2,Peshawar Zalmi,Quetta Gladiators,Kamran Akmal,ADS Fletcher,Sohail Tanvir,1,0,,,,,,,,,
1168842,2018/19,2019-03-04,Sheikh Zayed Stadium,1,3.3,Peshawar Zalmi,Quetta Gladiators,ADS Fletcher,Kamran Akmal,Sohail Tanvir,0,0,,,,,,,,,
1168842,2018/19,2019-03-04,Sheikh Zayed Stadium,1,3.4,Peshawar Zalmi,Quetta Gladiators,ADS Fletcher,Kamran Akmal,Sohail Tanvir,0,1,1,,,,,,,,
1168842,2018/19,2019-03-04,Sheikh Zayed Stadium,1,3.5,Peshawar Zalmi,Quetta Gladiators,ADS Fletcher,Kamran Akmal,Sohail Tanvir,1,0,,,,,,,,,
1168842,2018/19,2019-03-04,Sheikh Zayed Stadium,1,3.6,Peshawar Zalmi,Quetta Gladiators,Kamran Akmal,ADS Fletcher,Sohail Tanvir,1,0,,,,,,,,,
1168842,2018/19,2019-03-04,Sheikh Zayed Stadium,1,3.7,Peshawar Zalmi,Quetta Gladiators,ADS Fletcher,Kamran Akmal,Sohail Tanvir,1,0,,,,,,,,,
1168842,2018/19,2019-03-04,Sheikh Zayed Stadium,1,4.1,Peshawar Zalmi,Quetta Gladiators,ADS Fletcher,Kamran Akmal,DJ Bravo,2,0,,,,,,,,,
1168842,2018/19,2019-03-04,Sheikh Zayed Stadium,1,4.2,Peshawar Zalmi,Quetta Gladiators,ADS Fletcher,Kamran Akmal,DJ Bravo,1,0,,,,,,,,,
1168842,2018/19,2019-03-04,Sheikh Zayed Stadium,1,4.3,Peshawar Zalmi,Quetta Gladiators,Kamran Akmal,ADS Fletcher,DJ Bravo,1,0,,,,,,,,,
1168842,2018/19,2019-03-04,Sheikh Zayed Stadium,1,4.4,Peshawar Zalmi,Quetta Gladiators,ADS Fletcher,Kamran Akmal,DJ Bravo,1,0,,,,,,,,,
1168842,2018/19,2019-03-04,Sheikh Zayed Stadium,1,4.5,Peshawar Zalmi,Quetta Gladiators,Kamran Akmal,ADS Fletcher,DJ Bravo,4,0,,,,,,,,,
1168842,2018/19,2019-03-04,Sheikh Zayed Stadium,1,4.6,Peshawar Zalmi,Quetta Gladiators,Kamran Akmal,ADS Fletcher,DJ Bravo,0,0,,,,,,,,,
1168842,2018/19,2019-03-04,Sheikh Zayed Stadium,1,5.1,Peshawar Zalmi,Quetta Gladiators,ADS Fletcher,Kamran Akmal,Mohammad Hasnain,4,0,,,,,,,,,
1168842,2018/19,2019-03-04,Sheikh Zayed Stadium,1,5.2,Peshawar Zalmi,Quetta Gladiators,ADS Fletcher,Kamran Akmal,Mohammad Hasnain,6,0,,,,,,,,,
1168842,2018/19,2019-03-04,Sheikh Zayed Stadium,1,5.3,Peshawar Zalmi,Quetta Gladiators,ADS Fletcher,Kamran Akmal,Mohammad Hasnain,0,0,,,,,,,,,
1168842,2018/19,2019-03-04,Sheikh Zayed Stadium,1,5.4,Peshawar Zalmi,Quetta Gladiators,ADS Fletcher,Kamran Akmal,Mohammad Hasnain,1,0,,,,,,,,,
1168842,2018/19,2019-03-04,Sheikh Zayed Stadium,1,5.5,Peshawar Zalmi,Quetta Gladiators,Kamran Akmal,ADS Fletcher,Mohammad Hasnain,1,0,,,,,,,,,
1168842,2018/19,2019-03-04,Sheikh Zayed Stadium,1,5.6,Peshawar Zalmi,Quetta Gladiators,ADS Fletcher,Kamran Akmal,Mohammad Hasnain,0,0,,,,,,,,,
1168842,2018/19,2019-03-04,Sheikh Zayed Stadium,1,6.1,Peshawar Zalmi,Quetta Gladiators,Kamran Akmal,ADS Fletcher,Mohammad Nawaz (3),0,0,,,,,,,,,
1168842,2018/19,2019-03-04,Sheikh Zayed Stadium,1,6.2,Peshawar Zalmi,Quetta Gladiators,Kamran Akmal,ADS Fletcher,Mohammad Nawaz (3),0,0,,,,,,,,,
1168842,2018/19,2019-03-04,Sheikh Zayed Stadium,1,6.3,Peshawar Zalmi,Quetta Gladiators,Kamran Akmal,ADS Fletcher,Mohammad Nawaz (3),1,0,,,,,,,,,
1168842,2018/19,2019-03-04,Sheikh Zayed Stadium,1,6.4,Peshawar Zalmi,Quetta Gladiators,ADS Fletcher,Kamran Akmal,Mohammad Nawaz (3),0,0,,,,,,,,,
1168842,2018/19,2019-03-04,Sheikh Zayed Stadium,1,6.5,Peshawar Zalmi,Quetta Gladiators,ADS Fletcher,Kamran Akmal,Mohammad Nawaz (3),0,0,,,,,,,,,
1168842,2018/19,2019-03-04,Sheikh Zayed Stadium,1,6.6,Peshawar Zalmi,Quetta Gladiators,ADS Fletcher,Kamran Akmal,Mohammad Nawaz (3),1,0,,,,,,,,,
1168842,2018/19,2019-03-04,Sheikh Zayed Stadium,1,7.1,Peshawar Zalmi,Quetta Gladiators,ADS Fletcher,Kamran Akmal,Fawad Ahmed,0,0,,,,,,,,,
1168842,2018/19,2019-03-04,Sheikh Zayed Stadium,1,7.2,Peshawar Zalmi,Quetta Gladiators,ADS Fletcher,Kamran Akmal,Fawad Ahmed,1,0,,,,,,,,,
1168842,2018/19,2019-03-04,Sheikh Zayed Stadium,1,7.3,Peshawar Zalmi,Quetta Gladiators,Kamran Akmal,ADS Fletcher,Fawad Ahmed,0,0,,,,,,,,,
1168842,2018/19,2019-03-04,Sheikh Zayed Stadium,1,7.4,Peshawar Zalmi,Quetta Gladiators,Kamran Akmal,ADS Fletcher,Fawad Ahmed,0,1,,,,1,,,,,
1168842,2018/19,2019-03-04,Sheikh Zayed Stadium,1,7.5,Peshawar Zalmi,Quetta Gladiators,ADS Fletcher,Kamran Akmal,Fawad Ahmed,0,0,,,,,,,,,
1168842,2018/19,2019-03-04,Sheikh Zayed Stadium,1,7.6,Peshawar Zalmi,Quetta Gladiators,ADS Fletcher,Kamran Akmal,Fawad Ahmed,1,0,,,,,,,,,
1168842,2018/19,2019-03-04,Sheikh Zayed Stadium,1,8.1,Peshawar Zalmi,Quetta Gladiators,ADS Fletcher,Kamran Akmal,Mohammad Nawaz (3),0,0,,,,,,,,,
1168842,2018/19,2019-03-04,Sheikh Zayed Stadium,1,8.2,Peshawar Zalmi,Quetta Gladiators,ADS Fletcher,Kamran Akmal,Mohammad Nawaz (3),0,0,,,,,,bowled,ADS Fletcher,,
1168842,2018/19,2019-03-04,Sheikh Zayed Stadium,1,8.3,Peshawar Zalmi,Quetta Gladiators,Imam-ul-Haq,Kamran Akmal,Mohammad Nawaz (3),0,0,,,,,,,,,
1168842,2018/19,2019-03-04,Sheikh Zayed Stadium,1,8.4,Peshawar Zalmi,Quetta Gladiators,Imam-ul-Haq,Kamran Akmal,Mohammad Nawaz (3),0,0,,,,,,,,,
1168842,2018/19,2019-03-04,Sheikh Zayed Stadium,1,8.5,Peshawar Zalmi,Quetta Gladiators,Imam-ul-Haq,Kamran Akmal,Mohammad Nawaz (3),1,0,,,,,,,,,
1168842,2018/19,2019-03-04,Sheikh Zayed Stadium,1,8.6,Peshawar Zalmi,Quetta Gladiators,Kamran Akmal,Imam-ul-Haq,Mohammad Nawaz (3),0,0,,,,,,,,,
1168842,2018/19,2019-03-04,Sheikh Zayed Stadium,1,9.1,Peshawar Zalmi,Quetta Gladiators,Imam-ul-Haq,Kamran Akmal,Fawad Ahmed,0,0,,,,,,,,,
1168842,2018/19,2019-03-04,Sheikh Zayed Stadium,1,9.2,Peshawar Zalmi,Quetta Gladiators,Imam-ul-Haq,Kamran Akmal,Fawad Ahmed,0,0,,,,,,,,,
1168842,2018/19,2019-03-04,Sheikh Zayed Stadium,1,9.3,Peshawar Zalmi,Quetta Gladiators,Imam-ul-Haq,Kamran Akmal,Fawad Ahmed,1,0,,,,,,,,,
1168842,2018/19,2019-03-04,Sheikh Zayed Stadium,1,9.4,Peshawar Zalmi,Quetta Gladiators,Kamran Akmal,Imam-ul-Haq,Fawad Ahmed,0,0,,,,,,,,,
1168842,2018/19,2019-03-04,Sheikh Zayed Stadium,1,9.5,Peshawar Zalmi,Quetta Gladiators,Kamran Akmal,Imam-ul-Haq,Fawad Ahmed,0,0,,,,,,,,,
1168842,2018/19,2019-03-04,Sheikh Zayed Stadium,1,9.6,Peshawar Zalmi,Quetta Gladiators,Kamran Akmal,Imam-ul-Haq,Fawad Ahmed,1,0,,,,,,,,,
1168842,2018/19,2019-03-04,Sheikh Zayed Stadium,1,10.1,Peshawar Zalmi,Quetta Gladiators,Kamran Akmal,Imam-ul-Haq,Mohammad Nawaz (3),6,0,,,,,,,,,
1168842,2018/19,2019-03-04,Sheikh Zayed Stadium,1,10.2,Peshawar Zalmi,Quetta Gladiators,Kamran Akmal,Imam-ul-Haq,Mohammad Nawaz (3),0,0,,,,,,,,,
1168842,2018/19,2019-03-04,Sheikh Zayed Stadium,1,10.3,Peshawar Zalmi,Quetta Gladiators,Kamran Akmal,Imam-ul-Haq,Mohammad Nawaz (3),1,0,,,,,,,,,
1168842,2018/19,2019-03-04,Sheikh Zayed Stadium,1,10.4,Peshawar Zalmi,Quetta Gladiators,Imam-ul-Haq,Kamran Akmal,Mohammad Nawaz (3),1,0,,,,,,,,,
1168842,2018/19,2019-03-04,Sheikh Zayed Stadium,1,10.5,Peshawar Zalmi,Quetta Gladiators,Kamran Akmal,Imam-ul-Haq,Mohammad Nawaz (3),1,0,,,,,,,,,
1168842,2018/19,2019-03-04,Sheikh Zayed Stadium,1,10.6,Peshawar Zalmi,Quetta Gladiators,Imam-ul-Haq,Kamran Akmal,Mohammad Nawaz (3),0,0,,,,,,,,,
1168842,2018/19,2019-03-04,Sheikh Zayed Stadium,1,11.1,Peshawar Zalmi,Quetta Gladiators,Kamran Akmal,Imam-ul-Haq,Fawad Ahmed,6,0,,,,,,,,,
1168842,2018/19,2019-03-04,Sheikh Zayed Stadium,1,11.2,Peshawar Zalmi,Quetta Gladiators,Kamran Akmal,Imam-ul-Haq,Fawad Ahmed,1,0,,,,,,,,,
1168842,2018/19,2019-03-04,Sheikh Zayed Stadium,1,11.3,Peshawar Zalmi,Quetta Gladiators,Imam-ul-Haq,Kamran Akmal,Fawad Ahmed,1,0,,,,,,,,,
1168842,2018/19,2019-03-04,Sheikh Zayed Stadium,1,11.4,Peshawar Zalmi,Quetta Gladiators,Kamran Akmal,Imam-ul-Haq,Fawad Ahmed,4,0,,,,,,,,,
1168842,2018/19,2019-03-04,Sheikh Zayed Stadium,1,11.5,Peshawar Zalmi,Quetta Gladiators,Kamran Akmal,Imam-ul-Haq,Fawad Ahmed,0,0,,,,,,,,,
1168842,2018/19,2019-03-04,Sheikh Zayed Stadium,1,11.6,Peshawar Zalmi,Quetta Gladiators,Kamran Akmal,Imam-ul-Haq,Fawad Ahmed,2,0,,,,,,,,,
1168842,2018/19,2019-03-04,Sheikh Zayed Stadium,1,12.1,Peshawar Zalmi,Quetta Gladiators,Imam-ul-Haq,Kamran Akmal,DJ Bravo,6,0,,,,,,,,,
1168842,2018/19,2019-03-04,Sheikh Zayed Stadium,1,12.2,Peshawar Zalmi,Quetta Gladiators,Imam-ul-Haq,Kamran Akmal,DJ Bravo,1,0,,,,,,,,,
1168842,2018/19,2019-03-04,Sheikh Zayed Stadium,1,12.3,Peshawar Zalmi,Quetta Gladiators,Kamran Akmal,Imam-ul-Haq,DJ Bravo,0,0,,,,,,,,,
1168842,2018/19,2019-03-04,Sheikh Zayed Stadium,1,12.4,Peshawar Zalmi,Quetta Gladiators,Kamran Akmal,Imam-ul-Haq,DJ Bravo,0,1,1,,,,,,,,
1168842,2018/19,2019-03-04,Sheikh Zayed Stadium,1,12.5,Peshawar Zalmi,Quetta Gladiators,Kamran Akmal,Imam-ul-Haq,DJ Bravo,1,0,,,,,,,,,
1168842,2018/19,2019-03-04,Sheikh Zayed Stadium,1,12.6,Peshawar Zalmi,Quetta Gladiators,Imam-ul-Haq,Kamran Akmal,DJ Bravo,1,0,,,,,,,,,
1168842,2018/19,2019-03-04,Sheikh Zayed Stadium,1,12.7,Peshawar Zalmi,Quetta Gladiators,Kamran Akmal,Imam-ul-Haq,DJ Bravo,1,0,,,,,,,,,
1168842,2018/19,2019-03-04,Sheikh Zayed Stadium,1,13.1,Peshawar Zalmi,Quetta Gladiators,Kamran Akmal,Imam-ul-Haq,Fawad Ahmed,1,0,,,,,,,,,
1168842,2018/19,2019-03-04,Sheikh Zayed Stadium,1,13.2,Peshawar Zalmi,Quetta Gladiators,Imam-ul-Haq,Kamran Akmal,Fawad Ahmed,1,0,,,,,,,,,
1168842,2018/19,2019-03-04,Sheikh Zayed Stadium,1,13.3,Peshawar Zalmi,Quetta Gladiators,Kamran Akmal,Imam-ul-Haq,Fawad Ahmed,0,0,,,,,,,,,
1168842,2018/19,2019-03-04,Sheikh Zayed Stadium,1,13.4,Peshawar Zalmi,Quetta Gladiators,Kamran Akmal,Imam-ul-Haq,Fawad Ahmed,1,0,,,,,,,,,
1168842,2018/19,2019-03-04,Sheikh Zayed Stadium,1,13.5,Peshawar Zalmi,Quetta Gladiators,Imam-ul-Haq,Kamran Akmal,Fawad Ahmed,0,0,,,,,,caught,Imam-ul-Haq,,
1168842,2018/19,2019-03-04,Sheikh Zayed Stadium,1,13.6,Peshawar Zalmi,Quetta Gladiators,KA Pollard,Kamran Akmal,Fawad Ahmed,4,0,,,,,,,,,
1168842,2018/19,2019-03-04,Sheikh Zayed Stadium,1,14.1,Peshawar Zalmi,Quetta Gladiators,Kamran Akmal,KA Pollard,Mohammad Hasnain,0,0,,,,,,,,,
1168842,2018/19,2019-03-04,Sheikh Zayed Stadium,1,14.2,Peshawar Zalmi,Quetta Gladiators,Kamran Akmal,KA Pollard,Mohammad Hasnain,4,0,,,,,,,,,
1168842,2018/19,2019-03-04,Sheikh Zayed Stadium,1,14.3,Peshawar Zalmi,Quetta Gladiators,Kamran Akmal,KA Pollard,Mohammad Hasnain,1,0,,,,,,,,,
1168842,2018/19,2019-03-04,Sheikh Zayed Stadium,1,14.4,Peshawar Zalmi,Quetta Gladiators,KA Pollard,Kamran Akmal,Mohammad Hasnain,4,0,,,,,,,,,
1168842,2018/19,2019-03-04,Sheikh Zayed Stadium,1,14.5,Peshawar Zalmi,Quetta Gladiators,KA Pollard,Kamran Akmal,Mohammad Hasnain,0,0,,,,,,,,,
1168842,2018/19,2019-03-04,Sheikh Zayed Stadium,1,14.6,Peshawar Zalmi,Quetta Gladiators,KA Pollard,Kamran Akmal,Mohammad Hasnain,0,0,,,,,,,,,
1168842,2018/19,2019-03-04,Sheikh Zayed Stadium,1,15.1,Peshawar Zalmi,Quetta Gladiators,Kamran Akmal,KA Pollard,Sohail Tanvir,6,0,,,,,,,,,
1168842,2018/19,2019-03-04,Sheikh Zayed Stadium,1,15.2,Peshawar Zalmi,Quetta Gladiators,Kamran Akmal,KA Pollard,Sohail Tanvir,1,0,,,,,,,,,
1168842,2018/19,2019-03-04,Sheikh Zayed Stadium,1,15.3,Peshawar Zalmi,Quetta Gladiators,KA Pollard,Kamran Akmal,Sohail Tanvir,2,0,,,,,,,,,
1168842,2018/19,2019-03-04,Sheikh Zayed Stadium,1,15.4,Peshawar Zalmi,Quetta Gladiators,KA Pollard,Kamran Akmal,Sohail Tanvir,1,0,,,,,,,,,
1168842,2018/19,2019-03-04,Sheikh Zayed Stadium,1,15.5,Peshawar Zalmi,Quetta Gladiators,Kamran Akmal,KA Pollard,Sohail Tanvir,0,0,,,,,,,,,
1168842,2018/19,2019-03-04,Sheikh Zayed Stadium,1,15.6,Peshawar Zalmi,Quetta Gladiators,Kamran Akmal,KA Pollard,Sohail Tanvir,4,0,,,,,,,,,
1168842,2018/19,2019-03-04,Sheikh Zayed Stadium,1,16.1,Peshawar Zalmi,Quetta Gladiators,KA Pollard,Kamran Akmal,Mohammad Hasnain,1,0,,,,,,,,,
1168842,2018/19,2019-03-04,Sheikh Zayed Stadium,1,16.2,Peshawar Zalmi,Quetta Gladiators,Kamran Akmal,KA Pollard,Mohammad Hasnain,1,0,,,,,,,,,
1168842,2018/19,2019-03-04,Sheikh Zayed Stadium,1,16.3,Peshawar Zalmi,Quetta Gladiators,KA Pollard,Kamran Akmal,Mohammad Hasnain,0,1,1,,,,,,,,
1168842,2018/19,2019-03-04,Sheikh Zayed Stadium,1,16.4,Peshawar Zalmi,Quetta Gladiators,KA Pollard,Kamran Akmal,Mohammad Hasnain,0,0,,,,,,,,,
1168842,2018/19,2019-03-04,Sheikh Zayed Stadium,1,16.5,Peshawar Zalmi,Quetta Gladiators,KA Pollard,Kamran Akmal,Mohammad Hasnain,1,0,,,,,,,,,
1168842,2018/19,2019-03-04,Sheikh Zayed Stadium,1,16.6,Peshawar Zalmi,Quetta Gladiators,Kamran Akmal,KA Pollard,Mohammad Hasnain,0,0,,,,,,bowled,Kamran Akmal,,
1168842,2018/19,2019-03-04,Sheikh Zayed Stadium,1,16.7,Peshawar Zalmi,Quetta Gladiators,DJG Sammy,KA Pollard,Mohammad Hasnain,0,1,,,,1,,,,,
1168842,2018/19,2019-03-04,Sheikh Zayed Stadium,1,17.1,Peshawar Zalmi,Quetta Gladiators,DJG Sammy,KA Pollard,DJ Bravo,1,0,,,,,,,,,
1168842,2018/19,2019-03-04,Sheikh Zayed Stadium,1,17.2,Peshawar Zalmi,Quetta Gladiators,KA Pollard,DJG Sammy,DJ Bravo,4,0,,,,,,,,,
1168842,2018/19,2019-03-04,Sheikh Zayed Stadium,1,17.3,Peshawar Zalmi,Quetta Gladiators,KA Pollard,DJG Sammy,DJ Bravo,4,0,,,,,,,,,
1168842,2018/19,2019-03-04,Sheikh Zayed Stadium,1,17.4,Peshawar Zalmi,Quetta Gladiators,KA Pollard,DJG Sammy,DJ Bravo,2,0,,,,,,,,,
1168842,2018/19,2019-03-04,Sheikh Zayed Stadium,1,17.5,Peshawar Zalmi,Quetta Gladiators,KA Pollard,DJG Sammy,DJ Bravo,6,0,,,,,,,,,
1168842,2018/19,2019-03-04,Sheikh Zayed Stadium,1,17.6,Peshawar Zalmi,Quetta Gladiators,KA Pollard,DJG Sammy,DJ Bravo,1,0,,,,,,,,,
1168842,2018/19,2019-03-04,Sheikh Zayed Stadium,1,18.1,Peshawar Zalmi,Quetta Gladiators,KA Pollard,DJG Sammy,Sohail Tanvir,4,0,,,,,,,,,
1168842,2018/19,2019-03-04,Sheikh Zayed Stadium,1,18.2,Peshawar Zalmi,Quetta Gladiators,KA Pollard,DJG Sammy,Sohail Tanvir,4,0,,,,,,,,,
1168842,2018/19,2019-03-04,Sheikh Zayed Stadium,1,18.3,Peshawar Zalmi,Quetta Gladiators,KA Pollard,DJG Sammy,Sohail Tanvir,4,0,,,,,,,,,
1168842,2018/19,2019-03-04,Sheikh Zayed Stadium,1,18.4,Peshawar Zalmi,Quetta Gladiators,KA Pollard,DJG Sammy,Sohail Tanvir,1,0,,,,,,,,,
1168842,2018/19,2019-03-04,Sheikh Zayed Stadium,1,18.5,Peshawar Zalmi,Quetta Gladiators,DJG Sammy,KA Pollard,Sohail Tanvir,1,0,,,,,,,,,
1168842,2018/19,2019-03-04,Sheikh Zayed Stadium,1,18.6,Peshawar Zalmi,Quetta Gladiators,KA Pollard,DJG Sammy,Sohail Tanvir,0,0,,,,,,,,,
1168842,2018/19,2019-03-04,Sheikh Zayed Stadium,1,19.1,Peshawar Zalmi,Quetta Gladiators,DJG Sammy,KA Pollard,DJ Bravo,1,0,,,,,,,,,
1168842,2018/19,2019-03-04,Sheikh Zayed Stadium,1,19.2,Peshawar Zalmi,Quetta Gladiators,KA Pollard,DJG Sammy,DJ Bravo,0,0,,,,,,,,,
1168842,2018/19,2019-03-04,Sheikh Zayed Stadium,1,19.3,Peshawar Zalmi,Quetta Gladiators,KA Pollard,DJG Sammy,DJ Bravo,1,0,,,,,,,,,
1168842,2018/19,2019-03-04,Sheikh Zayed Stadium,1,19.4,Peshawar Zalmi,Quetta Gladiators,DJG Sammy,KA Pollard,DJ Bravo,0,0,,,,,,,,,
1168842,2018/19,2019-03-04,Sheikh Zayed Stadium,1,19.5,Peshawar Zalmi,Quetta Gladiators,DJG Sammy,KA Pollard,DJ Bravo,0,0,,,,,,caught,DJG Sammy,,
1168842,2018/19,2019-03-04,Sheikh Zayed Stadium,1,19.6,Peshawar Zalmi,Quetta Gladiators,Umar Amin,KA Pollard,DJ Bravo,1,0,,,,,,,,,
1168842,2018/19,2019-03-04,Sheikh Zayed Stadium,2,0.1,Quetta Gladiators,Peshawar Zalmi,SR Watson,Ahsan Ali,Hasan Ali,1,0,,,,,,,,,
1168842,2018/19,2019-03-04,Sheikh Zayed Stadium,2,0.2,Quetta Gladiators,Peshawar Zalmi,Ahsan Ali,SR Watson,Hasan Ali,0,0,,,,,,,,,
1168842,2018/19,2019-03-04,Sheikh Zayed Stadium,2,0.3,Quetta Gladiators,Peshawar Zalmi,Ahsan Ali,SR Watson,Hasan Ali,1,0,,,,,,,,,
1168842,2018/19,2019-03-04,Sheikh Zayed Stadium,2,0.4,Quetta Gladiators,Peshawar Zalmi,SR Watson,Ahsan Ali,Hasan Ali,0,0,,,,,,,,,
1168842,2018/19,2019-03-04,Sheikh Zayed Stadium,2,0.5,Quetta Gladiators,Peshawar Zalmi,SR Watson,Ahsan Ali,Hasan Ali,0,0,,,,,,,,,
1168842,2018/19,2019-03-04,Sheikh Zayed Stadium,2,0.6,Quetta Gladiators,Peshawar Zalmi,SR Watson,Ahsan Ali,Hasan Ali,6,0,,,,,,,,,
1168842,2018/19,2019-03-04,Sheikh Zayed Stadium,2,1.1,Quetta Gladiators,Peshawar Zalmi,Ahsan Ali,SR Watson,Sameen Gul,0,0,,,,,,lbw,Ahsan Ali,,
1168842,2018/19,2019-03-04,Sheikh Zayed Stadium,2,1.2,Quetta Gladiators,Peshawar Zalmi,Ahmed Shehzad,SR Watson,Sameen Gul,4,0,,,,,,,,,
1168842,2018/19,2019-03-04,Sheikh Zayed Stadium,2,1.3,Quetta Gladiators,Peshawar Zalmi,Ahmed Shehzad,SR Watson,Sameen Gul,0,0,,,,,,,,,
1168842,2018/19,2019-03-04,Sheikh Zayed Stadium,2,1.4,Quetta Gladiators,Peshawar Zalmi,Ahmed Shehzad,SR Watson,Sameen Gul,0,0,,,,,,,,,
1168842,2018/19,2019-03-04,Sheikh Zayed Stadium,2,1.5,Quetta Gladiators,Peshawar Zalmi,Ahmed Shehzad,SR Watson,Sameen Gul,1,0,,,,,,,,,
1168842,2018/19,2019-03-04,Sheikh Zayed Stadium,2,1.6,Quetta Gladiators,Peshawar Zalmi,SR Watson,Ahmed Shehzad,Sameen Gul,1,0,,,,,,,,,
1168842,2018/19,2019-03-04,Sheikh Zayed Stadium,2,2.1,Quetta Gladiators,Peshawar Zalmi,SR Watson,Ahmed Shehzad,Hasan Ali,0,0,,,,,,,,,
1168842,2018/19,2019-03-04,Sheikh Zayed Stadium,2,2.2,Quetta Gladiators,Peshawar Zalmi,SR Watson,Ahmed Shehzad,Hasan Ali,0,0,,,,,,,,,
1168842,2018/19,2019-03-04,Sheikh Zayed Stadium,2,2.3,Quetta Gladiators,Peshawar Zalmi,SR Watson,Ahmed Shehzad,Hasan Ali,2,0,,,,,,,,,
1168842,2018/19,2019-03-04,Sheikh Zayed Stadium,2,2.4,Quetta Gladiators,Peshawar Zalmi,SR Watson,Ahmed Shehzad,Hasan Ali,1,0,,,,,,,,,
1168842,2018/19,2019-03-04,Sheikh Zayed Stadium,2,2.5,Quetta Gladiators,Peshawar Zalmi,Ahmed Shehzad,SR Watson,Hasan Ali,1,0,,,,,,,,,
1168842,2018/19,2019-03-04,Sheikh Zayed Stadium,2,2.6,Quetta Gladiators,Peshawar Zalmi,SR Watson,Ahmed Shehzad,Hasan Ali,1,0,,,,,,,,,
1168842,2018/19,2019-03-04,Sheikh Zayed Stadium,2,3.1,Quetta Gladiators,Peshawar Zalmi,SR Watson,Ahmed Shehzad,Sameen Gul,6,0,,,,,,,,,
1168842,2018/19,2019-03-04,Sheikh Zayed Stadium,2,3.2,Quetta Gladiators,Peshawar Zalmi,SR Watson,Ahmed Shehzad,Sameen Gul,0,0,,,,,,,,,
1168842,2018/19,2019-03-04,Sheikh Zayed Stadium,2,3.3,Quetta Gladiators,Peshawar Zalmi,SR Watson,Ahmed Shehzad,Sameen Gul,1,0,,,,,,,,,
1168842,2018/19,2019-03-04,Sheikh Zayed Stadium,2,3.4,Quetta Gladiators,Peshawar Zalmi,Ahmed Shehzad,SR Watson,Sameen Gul,0,0,,,,,,,,,
1168842,2018/19,2019-03-04,Sheikh Zayed Stadium,2,3.5,Quetta Gladiators,Peshawar Zalmi,Ahmed Shehzad,SR Watson,Sameen Gul,4,0,,,,,,,,,
1168842,2018/19,2019-03-04,Sheikh Zayed Stadium,2,3.6,Quetta Gladiators,Peshawar Zalmi,Ahmed Shehzad,SR Watson,Sameen Gul,0,0,,,,,,,,,
1168842,2018/19,2019-03-04,Sheikh Zayed Stadium,2,4.1,Quetta Gladiators,Peshawar Zalmi,SR Watson,Ahmed Shehzad,Umaid Asif,2,0,,,,,,,,,
1168842,2018/19,2019-03-04,Sheikh Zayed Stadium,2,4.2,Quetta Gladiators,Peshawar Zalmi,SR Watson,Ahmed Shehzad,Umaid Asif,1,0,,,,,,,,,
1168842,2018/19,2019-03-04,Sheikh Zayed Stadium,2,4.3,Quetta Gladiators,Peshawar Zalmi,Ahmed Shehzad,SR Watson,Umaid Asif,1,0,,,,,,,,,
1168842,2018/19,2019-03-04,Sheikh Zayed Stadium,2,4.4,Quetta Gladiators,Peshawar Zalmi,SR Watson,Ahmed Shehzad,Umaid Asif,4,0,,,,,,,,,
1168842,2018/19,2019-03-04,Sheikh Zayed Stadium,2,4.5,Quetta Gladiators,Peshawar Zalmi,SR Watson,Ahmed Shehzad,Umaid Asif,4,0,,,,,,,,,
1168842,2018/19,2019-03-04,Sheikh Zayed Stadium,2,4.6,Quetta Gladiators,Peshawar Zalmi,SR Watson,Ahmed Shehzad,Umaid Asif,0,0,,,,,,,,,
1168842,2018/19,2019-03-04,Sheikh Zayed Stadium,2,5.1,Quetta Gladiators,Peshawar Zalmi,Ahmed Shehzad,SR Watson,Wahab Riaz,1,0,,,,,,,,,
1168842,2018/19,2019-03-04,Sheikh Zayed Stadium,2,5.2,Quetta Gladiators,Peshawar Zalmi,SR Watson,Ahmed Shehzad,Wahab Riaz,1,0,,,,,,,,,
1168842,2018/19,2019-03-04,Sheikh Zayed Stadium,2,5.3,Quetta Gladiators,Peshawar Zalmi,Ahmed Shehzad,SR Watson,Wahab Riaz,0,0,,,,,,,,,
1168842,2018/19,2019-03-04,Sheikh Zayed Stadium,2,5.4,Quetta Gladiators,Peshawar Zalmi,Ahmed Shehzad,SR Watson,Wahab Riaz,0,0,,,,,,,,,
1168842,2018/19,2019-03-04,Sheikh Zayed Stadium,2,5.5,Quetta Gladiators,Peshawar Zalmi,Ahmed Shehzad,SR Watson,Wahab Riaz,1,0,,,,,,,,,
1168842,2018/19,2019-03-04,Sheikh Zayed Stadium,2,5.6,Quetta Gladiators,Peshawar Zalmi,SR Watson,Ahmed Shehzad,Wahab Riaz,0,0,,,,,,,,,
1168842,2018/19,2019-03-04,Sheikh Zayed Stadium,2,6.1,Quetta Gladiators,Peshawar Zalmi,Ahmed Shehzad,SR Watson,Umaid Asif,4,0,,,,,,,,,
1168842,2018/19,2019-03-04,Sheikh Zayed Stadium,2,6.2,Quetta Gladiators,Peshawar Zalmi,Ahmed Shehzad,SR Watson,Umaid Asif,4,0,,,,,,,,,
1168842,2018/19,2019-03-04,Sheikh Zayed Stadium,2,6.3,Quetta Gladiators,Peshawar Zalmi,Ahmed Shehzad,SR Watson,Umaid Asif,0,0,,,,,,,,,
1168842,2018/19,2019-03-04,Sheikh Zayed Stadium,2,6.4,Quetta Gladiators,Peshawar Zalmi,Ahmed Shehzad,SR Watson,Umaid Asif,1,0,,,,,,,,,
1168842,2018/19,2019-03-04,Sheikh Zayed Stadium,2,6.5,Quetta Gladiators,Peshawar Zalmi,SR Watson,Ahmed Shehzad,Umaid Asif,2,0,,,,,,,,,
1168842,2018/19,2019-03-04,Sheikh Zayed Stadium,2,6.6,Quetta Gladiators,Peshawar Zalmi,SR Watson,Ahmed Shehzad,Umaid Asif,6,0,,,,,,,,,
1168842,2018/19,2019-03-04,Sheikh Zayed Stadium,2,7.1,Quetta Gladiators,Peshawar Zalmi,Ahmed Shehzad,SR Watson,LA Dawson,2,0,,,,,,,,,
1168842,2018/19,2019-03-04,Sheikh Zayed Stadium,2,7.2,Quetta Gladiators,Peshawar Zalmi,Ahmed Shehzad,SR Watson,LA Dawson,0,0,,,,,,,,,
1168842,2018/19,2019-03-04,Sheikh Zayed Stadium,2,7.3,Quetta Gladiators,Peshawar Zalmi,Ahmed Shehzad,SR Watson,LA Dawson,1,0,,,,,,,,,
1168842,2018/19,2019-03-04,Sheikh Zayed Stadium,2,7.4,Quetta Gladiators,Peshawar Zalmi,SR Watson,Ahmed Shehzad,LA Dawson,1,0,,,,,,,,,
1168842,2018/19,2019-03-04,Sheikh Zayed Stadium,2,7.5,Quetta Gladiators,Peshawar Zalmi,Ahmed Shehzad,SR Watson,LA Dawson,1,0,,,,,,,,,
1168842,2018/19,2019-03-04,Sheikh Zayed Stadium,2,7.6,Quetta Gladiators,Peshawar Zalmi,SR Watson,Ahmed Shehzad,LA Dawson,1,0,,,,,,,,,
1168842,2018/19,2019-03-04,Sheikh Zayed Stadium,2,8.1,Quetta Gladiators,Peshawar Zalmi,SR Watson,Ahmed Shehzad,Wahab Riaz,0,0,,,,,,,,,
1168842,2018/19,2019-03-04,Sheikh Zayed Stadium,2,8.2,Quetta Gladiators,Peshawar Zalmi,SR Watson,Ahmed Shehzad,Wahab Riaz,6,0,,,,,,,,,
1168842,2018/19,2019-03-04,Sheikh Zayed Stadium,2,8.3,Quetta Gladiators,Peshawar Zalmi,SR Watson,Ahmed Shehzad,Wahab Riaz,1,0,,,,,,,,,
1168842,2018/19,2019-03-04,Sheikh Zayed Stadium,2,8.4,Quetta Gladiators,Peshawar Zalmi,Ahmed Shehzad,SR Watson,Wahab Riaz,0,0,,,,,,,,,
1168842,2018/19,2019-03-04,Sheikh Zayed Stadium,2,8.5,Quetta Gladiators,Peshawar Zalmi,Ahmed Shehzad,SR Watson,Wahab Riaz,1,0,,,,,,,,,
1168842,2018/19,2019-03-04,Sheikh Zayed Stadium,2,8.6,Quetta Gladiators,Peshawar Zalmi,SR Watson,Ahmed Shehzad,Wahab Riaz,0,0,,,,,,,,,
1168842,2018/19,2019-03-04,Sheikh Zayed Stadium,2,9.1,Quetta Gladiators,Peshawar Zalmi,Ahmed Shehzad,SR Watson,LA Dawson,1,0,,,,,,,,,
1168842,2018/19,2019-03-04,Sheikh Zayed Stadium,2,9.2,Quetta Gladiators,Peshawar Zalmi,SR Watson,Ahmed Shehzad,LA Dawson,4,0,,,,,,,,,
1168842,2018/19,2019-03-04,Sheikh Zayed Stadium,2,9.3,Quetta Gladiators,Peshawar Zalmi,SR Watson,Ahmed Shehzad,LA Dawson,4,0,,,,,,,,,
1168842,2018/19,2019-03-04,Sheikh Zayed Stadium,2,9.4,Quetta Gladiators,Peshawar Zalmi,SR Watson,Ahmed Shehzad,LA Dawson,0,0,,,,,,,,,
1168842,2018/19,2019-03-04,Sheikh Zayed Stadium,2,9.5,Quetta Gladiators,Peshawar Zalmi,SR Watson,Ahmed Shehzad,LA Dawson,1,0,,,,,,,,,
1168842,2018/19,2019-03-04,Sheikh Zayed Stadium,2,9.6,Quetta Gladiators,Peshawar Zalmi,Ahmed Shehzad,SR Watson,LA Dawson,1,0,,,,,,,,,
1168842,2018/19,2019-03-04,Sheikh Zayed Stadium,2,10.1,Quetta Gladiators,Peshawar Zalmi,Ahmed Shehzad,SR Watson,Sameen Gul,0,0,,,,,,,,,
1168842,2018/19,2019-03-04,Sheikh Zayed Stadium,2,10.2,Quetta Gladiators,Peshawar Zalmi,Ahmed Shehzad,SR Watson,Sameen Gul,1,0,,,,,,,,,
1168842,2018/19,2019-03-04,Sheikh Zayed Stadium,2,10.3,Quetta Gladiators,Peshawar Zalmi,SR Watson,Ahmed Shehzad,Sameen Gul,4,0,,,,,,,,,
1168842,2018/19,2019-03-04,Sheikh Zayed Stadium,2,10.4,Quetta Gladiators,Peshawar Zalmi,SR Watson,Ahmed Shehzad,Sameen Gul,0,0,,,,,,,,,
1168842,2018/19,2019-03-04,Sheikh Zayed Stadium,2,10.5,Quetta Gladiators,Peshawar Zalmi,SR Watson,Ahmed Shehzad,Sameen Gul,1,0,,,,,,,,,
1168842,2018/19,2019-03-04,Sheikh Zayed Stadium,2,10.6,Quetta Gladiators,Peshawar Zalmi,Ahmed Shehzad,SR Watson,Sameen Gul,1,0,,,,,,,,,
1168842,2018/19,2019-03-04,Sheikh Zayed Stadium,2,11.1,Quetta Gladiators,Peshawar Zalmi,Ahmed Shehzad,SR Watson,KA Pollard,1,0,,,,,,,,,
1168842,2018/19,2019-03-04,Sheikh Zayed Stadium,2,11.2,Quetta Gladiators,Peshawar Zalmi,SR Watson,Ahmed Shehzad,KA Pollard,1,0,,,,,,,,,
1168842,2018/19,2019-03-04,Sheikh Zayed Stadium,2,11.3,Quetta Gladiators,Peshawar Zalmi,Ahmed Shehzad,SR Watson,KA Pollard,0,1,,,,1,,,,,
1168842,2018/19,2019-03-04,Sheikh Zayed Stadium,2,11.4,Quetta Gladiators,Peshawar Zalmi,SR Watson,Ahmed Shehzad,KA Pollard,1,0,,,,,,,,,
1168842,2018/19,2019-03-04,Sheikh Zayed Stadium,2,11.5,Quetta Gladiators,Peshawar Zalmi,Ahmed Shehzad,SR Watson,KA Pollard,1,0,,,,,,,,,
1168842,2018/19,2019-03-04,Sheikh Zayed Stadium,2,11.6,Quetta Gladiators,Peshawar Zalmi,SR Watson,Ahmed Shehzad,KA Pollard,0,1,1,,,,,,,,
1168842,2018/19,2019-03-04,Sheikh Zayed Stadium,2,11.7,Quetta Gladiators,Peshawar Zalmi,SR Watson,Ahmed Shehzad,KA Pollard,1,0,,,,,,,,,
1168842,2018/19,2019-03-04,Sheikh Zayed Stadium,2,12.1,Quetta Gladiators,Peshawar Zalmi,SR Watson,Ahmed Shehzad,Sameen Gul,1,0,,,,,,,,,
1168842,2018/19,2019-03-04,Sheikh Zayed Stadium,2,12.2,Quetta Gladiators,Peshawar Zalmi,Ahmed Shehzad,SR Watson,Sameen Gul,2,0,,,,,,,,,
1168842,2018/19,2019-03-04,Sheikh Zayed Stadium,2,12.3,Quetta Gladiators,Peshawar Zalmi,Ahmed Shehzad,SR Watson,Sameen Gul,2,0,,,,,,,,,
1168842,2018/19,2019-03-04,Sheikh Zayed Stadium,2,12.4,Quetta Gladiators,Peshawar Zalmi,Ahmed Shehzad,SR Watson,Sameen Gul,0,0,,,,,,,,,
1168842,2018/19,2019-03-04,Sheikh Zayed Stadium,2,12.5,Quetta Gladiators,Peshawar Zalmi,Ahmed Shehzad,SR Watson,Sameen Gul,4,0,,,,,,,,,
1168842,2018/19,2019-03-04,Sheikh Zayed Stadium,2,12.6,Quetta Gladiators,Peshawar Zalmi,Ahmed Shehzad,SR Watson,Sameen Gul,1,0,,,,,,,,,
1168842,2018/19,2019-03-04,Sheikh Zayed Stadium,2,13.1,Quetta Gladiators,Peshawar Zalmi,Ahmed Shehzad,SR Watson,Umaid Asif,1,0,,,,,,,,,
1168842,2018/19,2019-03-04,Sheikh Zayed Stadium,2,13.2,Quetta Gladiators,Peshawar Zalmi,SR Watson,Ahmed Shehzad,Umaid Asif,0,0,,,,,,,,,
1168842,2018/19,2019-03-04,Sheikh Zayed Stadium,2,13.3,Quetta Gladiators,Peshawar Zalmi,SR Watson,Ahmed Shehzad,Umaid Asif,1,0,,,,,,,,,
1168842,2018/19,2019-03-04,Sheikh Zayed Stadium,2,13.4,Quetta Gladiators,Peshawar Zalmi,Ahmed Shehzad,SR Watson,Umaid Asif,0,1,,,,1,,,,,
1168842,2018/19,2019-03-04,Sheikh Zayed Stadium,2,13.5,Quetta Gladiators,Peshawar Zalmi,SR Watson,Ahmed Shehzad,Umaid Asif,1,0,,,,,,,,,
1168842,2018/19,2019-03-04,Sheikh Zayed Stadium,2,13.6,Quetta Gladiators,Peshawar Zalmi,Ahmed Shehzad,SR Watson,Umaid Asif,1,0,,,,,,,,,
1168842,2018/19,2019-03-04,Sheikh Zayed Stadium,2,14.1,Quetta Gladiators,Peshawar Zalmi,Ahmed Shehzad,SR Watson,Wahab Riaz,2,0,,,,,,,,,
1168842,2018/19,2019-03-04,Sheikh Zayed Stadium,2,14.2,Quetta Gladiators,Peshawar Zalmi,Ahmed Shehzad,SR Watson,Wahab Riaz,0,1,1,,,,,,,,
1168842,2018/19,2019-03-04,Sheikh Zayed Stadium,2,14.3,Quetta Gladiators,Peshawar Zalmi,Ahmed Shehzad,SR Watson,Wahab Riaz,1,0,,,,,,,,,
1168842,2018/19,2019-03-04,Sheikh Zayed Stadium,2,14.4,Quetta Gladiators,Peshawar Zalmi,SR Watson,Ahmed Shehzad,Wahab Riaz,6,0,,,,,,,,,
1168842,2018/19,2019-03-04,Sheikh Zayed Stadium,2,14.5,Quetta Gladiators,Peshawar Zalmi,SR Watson,Ahmed Shehzad,Wahab Riaz,1,0,,,,,,,,,
1168842,2018/19,2019-03-04,Sheikh Zayed Stadium,2,14.6,Quetta Gladiators,Peshawar Zalmi,Ahmed Shehzad,SR Watson,Wahab Riaz,1,0,,,,,,,,,
1168842,2018/19,2019-03-04,Sheikh Zayed Stadium,2,14.7,Quetta Gladiators,Peshawar Zalmi,SR Watson,Ahmed Shehzad,Wahab Riaz,0,0,,,,,,,,,
1168842,2018/19,2019-03-04,Sheikh Zayed Stadium,2,15.1,Quetta Gladiators,Peshawar Zalmi,Ahmed Shehzad,SR Watson,Umaid Asif,0,5,5,,,,,,,,
1168842,2018/19,2019-03-04,Sheikh Zayed Stadium,2,15.2,Quetta Gladiators,Peshawar Zalmi,Ahmed Shehzad,SR Watson,Umaid Asif,1,0,,,,,,,,,
1168842,2018/19,2019-03-04,Sheikh Zayed Stadium,2,15.3,Quetta Gladiators,Peshawar Zalmi,SR Watson,Ahmed Shehzad,Umaid Asif,1,0,,,,,,,,,
1168842,2018/19,2019-03-04,Sheikh Zayed Stadium,2,15.4,Quetta Gladiators,Peshawar Zalmi,Ahmed Shehzad,SR Watson,Umaid Asif,1,0,,,,,,,,,
1168842,2018/19,2019-03-04,Sheikh Zayed Stadium,2,15.5,Quetta Gladiators,Peshawar Zalmi,SR Watson,Ahmed Shehzad,Umaid Asif,1,0,,,,,,,,,
1168842,2018/19,2019-03-04,Sheikh Zayed Stadium,2,15.6,Quetta Gladiators,Peshawar Zalmi,Ahmed Shehzad,SR Watson,Umaid Asif,0,0,,,,,,bowled,Ahmed Shehzad,,
1168842,2018/19,2019-03-04,Sheikh Zayed Stadium,2,15.7,Quetta Gladiators,Peshawar Zalmi,RR Rossouw,SR Watson,Umaid Asif,4,0,,,,,,,,,
1168842,2018/19,2019-03-04,Sheikh Zayed Stadium,2,16.1,Quetta Gladiators,Peshawar Zalmi,SR Watson,RR Rossouw,Hasan Ali,0,1,,,,1,,,,,
1168842,2018/19,2019-03-04,Sheikh Zayed Stadium,2,16.2,Quetta Gladiators,Peshawar Zalmi,RR Rossouw,SR Watson,Hasan Ali,1,0,,,,,,,,,
1168842,2018/19,2019-03-04,Sheikh Zayed Stadium,2,16.3,Quetta Gladiators,Peshawar Zalmi,SR Watson,RR Rossouw,Hasan Ali,1,0,,,,,,,,,
1168842,2018/19,2019-03-04,Sheikh Zayed Stadium,2,16.4,Quetta Gladiators,Peshawar Zalmi,RR Rossouw,SR Watson,Hasan Ali,1,0,,,,,,,,,
1168842,2018/19,2019-03-04,Sheikh Zayed Stadium,2,16.5,Quetta Gladiators,Peshawar Zalmi,SR Watson,RR Rossouw,Hasan Ali,1,0,,,,,,,,,
1168842,2018/19,2019-03-04,Sheikh Zayed Stadium,2,16.6,Quetta Gladiators,Peshawar Zalmi,RR Rossouw,SR Watson,Hasan Ali,6,0,,,,,,,,,
1168842,2018/19,2019-03-04,Sheikh Zayed Stadium,2,17.1,Quetta Gladiators,Peshawar Zalmi,SR Watson,RR Rossouw,Wahab Riaz,2,0,,,,,,,,,
1168842,2018/19,2019-03-04,Sheikh Zayed Stadium,2,17.2,Quetta Gladiators,Peshawar Zalmi,SR Watson,RR Rossouw,Wahab Riaz,6,0,,,,,,,,,
1168842,2018/19,2019-03-04,Sheikh Zayed Stadium,2,17.3,Quetta Gladiators,Peshawar Zalmi,SR Watson,RR Rossouw,Wahab Riaz,0,1,1,,,,,,,,
1168842,2018/19,2019-03-04,Sheikh Zayed Stadium,2,17.4,Quetta Gladiators,Peshawar Zalmi,SR Watson,RR Rossouw,Wahab Riaz,4,0,,,,,,,,,
1168842,2018/19,2019-03-04,Sheikh Zayed Stadium,2,17.5,Quetta Gladiators,Peshawar Zalmi,SR Watson,RR Rossouw,Wahab Riaz,0,0,,,,,,,,,
1168842,2018/19,2019-03-04,Sheikh Zayed Stadium,2,17.6,Quetta Gladiators,Peshawar Zalmi,SR Watson,RR Rossouw,Wahab Riaz,0,1,,1,,,,,,,
