match_id,season,start_date,venue,innings,ball,batting_team,bowling_team,striker,non_striker,bowler,runs_off_bat,extras,wides,noballs,byes,legbyes,penalty,wicket_type,player_dismissed,other_wicket_type,other_player_dismissed
1168836,2018/19,2019-02-27,Dubai International Cricket Stadium,1,0.1,Quetta Gladiators,Lahore Qalandars,SR Watson,Ahsan Ali,Yasir Shah,0,0,,,,,,,,,
1168836,2018/19,2019-02-27,Dubai International Cricket Stadium,1,0.2,Quetta Gladiators,Lahore Qalandars,SR Watson,Ahsan Ali,Yasir Shah,1,0,,,,,,,,,
1168836,2018/19,2019-02-27,Dubai International Cricket Stadium,1,0.3,Quetta Gladiators,Lahore Qalandars,Ahsan Ali,SR Watson,Yasir Shah,0,0,,,,,,,,,
1168836,2018/19,2019-02-27,Dubai International Cricket Stadium,1,0.4,Quetta Gladiators,Lahore Qalandars,Ahsan Ali,SR Watson,Yasir Shah,0,0,,,,,,,,,
1168836,2018/19,2019-02-27,Dubai International Cricket Stadium,1,0.5,Quetta Gladiators,Lahore Qalandars,Ahsan Ali,SR Watson,Yasir Shah,0,0,,,,,,,,,
1168836,2018/19,2019-02-27,Dubai International Cricket Stadium,1,0.6,Quetta Gladiators,Lahore Qalandars,Ahsan Ali,SR Watson,Yasir Shah,4,0,,,,,,,,,
1168836,2018/19,2019-02-27,Dubai International Cricket Stadium,1,1.1,Quetta Gladiators,Lahore Qalandars,SR Watson,Ahsan Ali,Shaheen Shah Afridi,4,0,,,,,,,,,
1168836,2018/19,2019-02-27,Dubai International Cricket Stadium,1,1.2,Quetta Gladiators,Lahore Qalandars,SR Watson,Ahsan Ali,Shaheen Shah Afridi,1,0,,,,,,,,,
1168836,2018/19,2019-02-27,Dubai International Cricket Stadium,1,1.3,Quetta Gladiators,Lahore Qalandars,Ahsan Ali,SR Watson,Shaheen Shah Afridi,0,0,,,,,,,,,
1168836,2018/19,2019-02-27,Dubai International Cricket Stadium,1,1.4,Quetta Gladiators,Lahore Qalandars,Ahsan Ali,SR Watson,Shaheen Shah Afridi,0,0,,,,,,,,,
1168836,2018/19,2019-02-27,Dubai International Cricket Stadium,1,1.5,Quetta Gladiators,Lahore Qalandars,Ahsan Ali,SR Watson,Shaheen Shah Afridi,1,0,,,,,,,,,
1168836,2018/19,2019-02-27,Dubai International Cricket Stadium,1,1.6,Quetta Gladiators,Lahore Qalandars,SR Watson,Ahsan Ali,Shaheen Shah Afridi,0,0,,,,,,,,,
1168836,2018/19,2019-02-27,Dubai International Cricket Stadium,1,2.1,Quetta Gladiators,Lahore Qalandars,Ahsan Ali,SR Watson,Yasir Shah,6,0,,,,,,,,,
1168836,2018/19,2019-02-27,Dubai International Cricket Stadium,1,2.2,Quetta Gladiators,Lahore Qalandars,Ahsan Ali,SR Watson,Yasir Shah,0,0,,,,,,,,,
1168836,2018/19,2019-02-27,Dubai International Cricket Stadium,1,2.3,Quetta Gladiators,Lahore Qalandars,Ahsan Ali,SR Watson,Yasir Shah,4,0,,,,,,,,,
1168836,2018/19,2019-02-27,Dubai International Cricket Stadium,1,2.4,Quetta Gladiators,Lahore Qalandars,Ahsan Ali,SR Watson,Yasir Shah,6,0,,,,,,,,,
1168836,2018/19,2019-02-27,Dubai International Cricket Stadium,1,2.5,Quetta Gladiators,Lahore Qalandars,Ahsan Ali,SR Watson,Yasir Shah,4,0,,,,,,,,,
1168836,2018/19,2019-02-27,Dubai International Cricket Stadium,1,2.6,Quetta Gladiators,Lahore Qalandars,Ahsan Ali,SR Watson,Yasir Shah,0,0,,,,,,,,,
1168836,2018/19,2019-02-27,Dubai International Cricket Stadium,1,3.1,Quetta Gladiators,Lahore Qalandars,SR Watson,Ahsan Ali,S Lamichhane,1,0,,,,,,,,,
1168836,2018/19,2019-02-27,Dubai International Cricket Stadium,1,3.2,Quetta Gladiators,Lahore Qalandars,Ahsan Ali,SR Watson,S Lamichhane,0,0,,,,,,,,,
1168836,2018/19,2019-02-27,Dubai International Cricket Stadium,1,3.3,Quetta Gladiators,Lahore Qalandars,Ahsan Ali,SR Watson,S Lamichhane,1,0,,,,,,,,,
1168836,2018/19,2019-02-27,Dubai International Cricket Stadium,1,3.4,Quetta Gladiators,Lahore Qalandars,SR Watson,Ahsan Ali,S Lamichhane,0,0,,,,,,lbw,SR Watson,,
1168836,2018/19,2019-02-27,Dubai International Cricket Stadium,1,3.5,Quetta Gladiators,Lahore Qalandars,RR Rossouw,Ahsan Ali,S Lamichhane,0,0,,,,,,,,,
1168836,2018/19,2019-02-27,Dubai International Cricket Stadium,1,3.6,Quetta Gladiators,Lahore Qalandars,RR Rossouw,Ahsan Ali,S Lamichhane,1,0,,,,,,,,,
1168836,2018/19,2019-02-27,Dubai International Cricket Stadium,1,4.1,Quetta Gladiators,Lahore Qalandars,RR Rossouw,Ahsan Ali,D Wiese,4,0,,,,,,,,,
1168836,2018/19,2019-02-27,Dubai International Cricket Stadium,1,4.2,Quetta Gladiators,Lahore Qalandars,RR Rossouw,Ahsan Ali,D Wiese,1,0,,,,,,,,,
1168836,2018/19,2019-02-27,Dubai International Cricket Stadium,1,4.3,Quetta Gladiators,Lahore Qalandars,Ahsan Ali,RR Rossouw,D Wiese,1,0,,,,,,,,,
1168836,2018/19,2019-02-27,Dubai International Cricket Stadium,1,4.4,Quetta Gladiators,Lahore Qalandars,RR Rossouw,Ahsan Ali,D Wiese,1,0,,,,,,,,,
1168836,2018/19,2019-02-27,Dubai International Cricket Stadium,1,4.5,Quetta Gladiators,Lahore Qalandars,Ahsan Ali,RR Rossouw,D Wiese,1,0,,,,,,,,,
1168836,2018/19,2019-02-27,Dubai International Cricket Stadium,1,4.6,Quetta Gladiators,Lahore Qalandars,RR Rossouw,Ahsan Ali,D Wiese,1,0,,,,,,,,,
1168836,2018/19,2019-02-27,Dubai International Cricket Stadium,1,5.1,Quetta Gladiators,Lahore Qalandars,RR Rossouw,Ahsan Ali,S Lamichhane,0,0,,,,,,caught,RR Rossouw,,
1168836,2018/19,2019-02-27,Dubai International Cricket Stadium,1,5.2,Quetta Gladiators,Lahore Qalandars,Umar Akmal,Ahsan Ali,S Lamichhane,1,0,,,,,,,,,
1168836,2018/19,2019-02-27,Dubai International Cricket Stadium,1,5.3,Quetta Gladiators,Lahore Qalandars,Ahsan Ali,Umar Akmal,S Lamichhane,0,0,,,,,,,,,
1168836,2018/19,2019-02-27,Dubai International Cricket Stadium,1,5.4,Quetta Gladiators,Lahore Qalandars,Ahsan Ali,Umar Akmal,S Lamichhane,0,0,,,,,,,,,
1168836,2018/19,2019-02-27,Dubai International Cricket Stadium,1,5.5,Quetta Gladiators,Lahore Qalandars,Ahsan Ali,Umar Akmal,S Lamichhane,1,0,,,,,,,,,
1168836,2018/19,2019-02-27,Dubai International Cricket Stadium,1,5.6,Quetta Gladiators,Lahore Qalandars,Umar Akmal,Ahsan Ali,S Lamichhane,0,0,,,,,,bowled,Umar Akmal,,
1168836,2018/19,2019-02-27,Dubai International Cricket Stadium,1,6.1,Quetta Gladiators,Lahore Qalandars,Ahsan Ali,Danish Aziz,Fakhar Zaman,0,0,,,,,,,,,
1168836,2018/19,2019-02-27,Dubai International Cricket Stadium,1,6.2,Quetta Gladiators,Lahore Qalandars,Ahsan Ali,Danish Aziz,Fakhar Zaman,1,0,,,,,,,,,
1168836,2018/19,2019-02-27,Dubai International Cricket Stadium,1,6.3,Quetta Gladiators,Lahore Qalandars,Danish Aziz,Ahsan Ali,Fakhar Zaman,0,0,,,,,,,,,
1168836,2018/19,2019-02-27,Dubai International Cricket Stadium,1,6.4,Quetta Gladiators,Lahore Qalandars,Danish Aziz,Ahsan Ali,Fakhar Zaman,0,0,,,,,,,,,
1168836,2018/19,2019-02-27,Dubai International Cricket Stadium,1,6.5,Quetta Gladiators,Lahore Qalandars,Danish Aziz,Ahsan Ali,Fakhar Zaman,0,0,,,,,,,,,
1168836,2018/19,2019-02-27,Dubai International Cricket Stadium,1,6.6,Quetta Gladiators,Lahore Qalandars,Danish Aziz,Ahsan Ali,Fakhar Zaman,1,0,,,,,,,,,
1168836,2018/19,2019-02-27,Dubai International Cricket Stadium,1,7.1,Quetta Gladiators,Lahore Qalandars,Danish Aziz,Ahsan Ali,S Lamichhane,0,0,,,,,,,,,
1168836,2018/19,2019-02-27,Dubai International Cricket Stadium,1,7.2,Quetta Gladiators,Lahore Qalandars,Danish Aziz,Ahsan Ali,S Lamichhane,0,0,,,,,,,,,
1168836,2018/19,2019-02-27,Dubai International Cricket Stadium,1,7.3,Quetta Gladiators,Lahore Qalandars,Danish Aziz,Ahsan Ali,S Lamichhane,0,0,,,,,,caught,Danish Aziz,,
1168836,2018/19,2019-02-27,Dubai International Cricket Stadium,1,7.4,Quetta Gladiators,Lahore Qalandars,Sarfraz Ahmed,Ahsan Ali,S Lamichhane,0,0,,,,,,,,,
1168836,2018/19,2019-02-27,Dubai International Cricket Stadium,1,7.5,Quetta Gladiators,Lahore Qalandars,Sarfraz Ahmed,Ahsan Ali,S Lamichhane,1,0,,,,,,,,,
1168836,2018/19,2019-02-27,Dubai International Cricket Stadium,1,7.6,Quetta Gladiators,Lahore Qalandars,Ahsan Ali,Sarfraz Ahmed,S Lamichhane,2,0,,,,,,,,,
1168836,2018/19,2019-02-27,Dubai International Cricket Stadium,1,8.1,Quetta Gladiators,Lahore Qalandars,Sarfraz Ahmed,Ahsan Ali,Fakhar Zaman,1,0,,,,,,,,,
1168836,2018/19,2019-02-27,Dubai International Cricket Stadium,1,8.2,Quetta Gladiators,Lahore Qalandars,Ahsan Ali,Sarfraz Ahmed,Fakhar Zaman,0,0,,,,,,,,,
1168836,2018/19,2019-02-27,Dubai International Cricket Stadium,1,8.3,Quetta Gladiators,Lahore Qalandars,Ahsan Ali,Sarfraz Ahmed,Fakhar Zaman,1,0,,,,,,,,,
1168836,2018/19,2019-02-27,Dubai International Cricket Stadium,1,8.4,Quetta Gladiators,Lahore Qalandars,Sarfraz Ahmed,Ahsan Ali,Fakhar Zaman,1,0,,,,,,run out,Ahsan Ali,,
1168836,2018/19,2019-02-27,Dubai International Cricket Stadium,1,8.5,Quetta Gladiators,Lahore Qalandars,Sarfraz Ahmed,Mohammad Nawaz (3),Fakhar Zaman,1,0,,,,,,,,,
1168836,2018/19,2019-02-27,Dubai International Cricket Stadium,1,8.6,Quetta Gladiators,Lahore Qalandars,Mohammad Nawaz (3),Sarfraz Ahmed,Fakhar Zaman,1,0,,,,,,,,,
1168836,2018/19,2019-02-27,Dubai International Cricket Stadium,1,9.1,Quetta Gladiators,Lahore Qalandars,Mohammad Nawaz (3),Sarfraz Ahmed,S Lamichhane,0,0,,,,,,,,,
1168836,2018/19,2019-02-27,Dubai International Cricket Stadium,1,9.2,Quetta Gladiators,Lahore Qalandars,Mohammad Nawaz (3),Sarfraz Ahmed,S Lamichhane,1,0,,,,,,,,,
1168836,2018/19,2019-02-27,Dubai International Cricket Stadium,1,9.3,Quetta Gladiators,Lahore Qalandars,Sarfraz Ahmed,Mohammad Nawaz (3),S Lamichhane,1,0,,,,,,,,,
1168836,2018/19,2019-02-27,Dubai International Cricket Stadium,1,9.4,Quetta Gladiators,Lahore Qalandars,Mohammad Nawaz (3),Sarfraz Ahmed,S Lamichhane,0,0,,,,,,,,,
1168836,2018/19,2019-02-27,Dubai International Cricket Stadium,1,9.5,Quetta Gladiators,Lahore Qalandars,Mohammad Nawaz (3),Sarfraz Ahmed,S Lamichhane,0,0,,,,,,,,,
1168836,2018/19,2019-02-27,Dubai International Cricket Stadium,1,9.6,Quetta Gladiators,Lahore Qalandars,Mohammad Nawaz (3),Sarfraz Ahmed,S Lamichhane,0,0,,,,,,,,,
1168836,2018/19,2019-02-27,Dubai International Cricket Stadium,1,10.1,Quetta Gladiators,Lahore Qalandars,Sarfraz Ahmed,Mohammad Nawaz (3),Haris Rauf,2,0,,,,,,,,,
1168836,2018/19,2019-02-27,Dubai International Cricket Stadium,1,10.2,Quetta Gladiators,Lahore Qalandars,Sarfraz Ahmed,Mohammad Nawaz (3),Haris Rauf,2,0,,,,,,,,,
1168836,2018/19,2019-02-27,Dubai International Cricket Stadium,1,10.3,Quetta Gladiators,Lahore Qalandars,Sarfraz Ahmed,Mohammad Nawaz (3),Haris Rauf,4,0,,,,,,,,,
1168836,2018/19,2019-02-27,Dubai International Cricket Stadium,1,10.4,Quetta Gladiators,Lahore Qalandars,Sarfraz Ahmed,Mohammad Nawaz (3),Haris Rauf,2,0,,,,,,,,,
1168836,2018/19,2019-02-27,Dubai International Cricket Stadium,1,10.5,Quetta Gladiators,Lahore Qalandars,Sarfraz Ahmed,Mohammad Nawaz (3),Haris Rauf,1,0,,,,,,,,,
1168836,2018/19,2019-02-27,Dubai International Cricket Stadium,1,10.6,Quetta Gladiators,Lahore Qalandars,Mohammad Nawaz (3),Sarfraz Ahmed,Haris Rauf,1,0,,,,,,,,,
1168836,2018/19,2019-02-27,Dubai International Cricket Stadium,1,11.1,Quetta Gladiators,Lahore Qalandars,Mohammad Nawaz (3),Sarfraz Ahmed,Yasir Shah,0,0,,,,,,,,,
1168836,2018/19,2019-02-27,Dubai International Cricket Stadium,1,11.2,Quetta Gladiators,Lahore Qalandars,Mohammad Nawaz (3),Sarfraz Ahmed,Yasir Shah,1,0,,,,,,,,,
1168836,2018/19,2019-02-27,Dubai International Cricket Stadium,1,11.3,Quetta Gladiators,Lahore Qalandars,Sarfraz Ahmed,Mohammad Nawaz (3),Yasir Shah,0,0,,,,,,,,,
1168836,2018/19,2019-02-27,Dubai International Cricket Stadium,1,11.4,Quetta Gladiators,Lahore Qalandars,Sarfraz Ahmed,Mohammad Nawaz (3),Yasir Shah,1,0,,,,,,,,,
1168836,2018/19,2019-02-27,Dubai International Cricket Stadium,1,11.5,Quetta Gladiators,Lahore Qalandars,Mohammad Nawaz (3),Sarfraz Ahmed,Yasir Shah,0,0,,,,,,,,,
1168836,2018/19,2019-02-27,Dubai International Cricket Stadium,1,11.6,Quetta Gladiators,Lahore Qalandars,Mohammad Nawaz (3),Sarfraz Ahmed,Yasir Shah,0,0,,,,,,,,,
1168836,2018/19,2019-02-27,Dubai International Cricket Stadium,1,12.1,Quetta Gladiators,Lahore Qalandars,Sarfraz Ahmed,Mohammad Nawaz (3),D Wiese,1,0,,,,,,,,,
1168836,2018/19,2019-02-27,Dubai International Cricket Stadium,1,12.2,Quetta Gladiators,Lahore Qalandars,Mohammad Nawaz (3),Sarfraz Ahmed,D Wiese,1,0,,,,,,,,,
1168836,2018/19,2019-02-27,Dubai International Cricket Stadium,1,12.3,Quetta Gladiators,Lahore Qalandars,Sarfraz Ahmed,Mohammad Nawaz (3),D Wiese,1,0,,,,,,,,,
1168836,2018/19,2019-02-27,Dubai International Cricket Stadium,1,12.4,Quetta Gladiators,Lahore Qalandars,Mohammad Nawaz (3),Sarfraz Ahmed,D Wiese,4,0,,,,,,,,,
1168836,2018/19,2019-02-27,Dubai International Cricket Stadium,1,12.5,Quetta Gladiators,Lahore Qalandars,Mohammad Nawaz (3),Sarfraz Ahmed,D Wiese,1,0,,,,,,,,,
1168836,2018/19,2019-02-27,Dubai International Cricket Stadium,1,12.6,Quetta Gladiators,Lahore Qalandars,Sarfraz Ahmed,Mohammad Nawaz (3),D Wiese,1,0,,,,,,,,,
1168836,2018/19,2019-02-27,Dubai International Cricket Stadium,1,13.1,Quetta Gladiators,Lahore Qalandars,Sarfraz Ahmed,Mohammad Nawaz (3),Shaheen Shah Afridi,1,0,,,,,,,,,
1168836,2018/19,2019-02-27,Dubai International Cricket Stadium,1,13.2,Quetta Gladiators,Lahore Qalandars,Mohammad Nawaz (3),Sarfraz Ahmed,Shaheen Shah Afridi,0,0,,,,,,,,,
1168836,2018/19,2019-02-27,Dubai International Cricket Stadium,1,13.3,Quetta Gladiators,Lahore Qalandars,Mohammad Nawaz (3),Sarfraz Ahmed,Shaheen Shah Afridi,0,2,2,,,,,,,,
1168836,2018/19,2019-02-27,Dubai International Cricket Stadium,1,13.4,Quetta Gladiators,Lahore Qalandars,Sarfraz Ahmed,Mohammad Nawaz (3),Shaheen Shah Afridi,0,0,,,,,,,,,
1168836,2018/19,2019-02-27,Dubai International Cricket Stadium,1,13.5,Quetta Gladiators,Lahore Qalandars,Sarfraz Ahmed,Mohammad Nawaz (3),Shaheen Shah Afridi,1,0,,,,,,,,,
1168836,2018/19,2019-02-27,Dubai International Cricket Stadium,1,13.6,Quetta Gladiators,Lahore Qalandars,Mohammad Nawaz (3),Sarfraz Ahmed,Shaheen Shah Afridi,0,1,1,,,,,,,,
1168836,2018/19,2019-02-27,Dubai International Cricket Stadium,1,13.7,Quetta Gladiators,Lahore Qalandars,Mohammad Nawaz (3),Sarfraz Ahmed,Shaheen Shah Afridi,1,0,,,,,,,,,
1168836,2018/19,2019-02-27,Dubai International Cricket Stadium,1,13.8,Quetta Gladiators,Lahore Qalandars,Sarfraz Ahmed,Mohammad Nawaz (3),Shaheen Shah Afridi,1,0,,,,,,,,,
1168836,2018/19,2019-02-27,Dubai International Cricket Stadium,1,14.1,Quetta Gladiators,Lahore Qalandars,Sarfraz Ahmed,Mohammad Nawaz (3),Haris Rauf,1,0,,,,,,,,,
1168836,2018/19,2019-02-27,Dubai International Cricket Stadium,1,14.2,Quetta Gladiators,Lahore Qalandars,Mohammad Nawaz (3),Sarfraz Ahmed,Haris Rauf,1,0,,,,,,,,,
1168836,2018/19,2019-02-27,Dubai International Cricket Stadium,1,14.3,Quetta Gladiators,Lahore Qalandars,Sarfraz Ahmed,Mohammad Nawaz (3),Haris Rauf,1,0,,,,,,,,,
1168836,2018/19,2019-02-27,Dubai International Cricket Stadium,1,14.4,Quetta Gladiators,Lahore Qalandars,Mohammad Nawaz (3),Sarfraz Ahmed,Haris Rauf,0,0,,,,,,caught,Mohammad Nawaz (3),,
1168836,2018/19,2019-02-27,Dubai International Cricket Stadium,1,14.5,Quetta Gladiators,Lahore Qalandars,Sarfraz Ahmed,Sohail Tanvir,Haris Rauf,0,1,1,,,,,,,,
1168836,2018/19,2019-02-27,Dubai International Cricket Stadium,1,14.6,Quetta Gladiators,Lahore Qalandars,Sarfraz Ahmed,Sohail Tanvir,Haris Rauf,1,0,,,,,,,,,
1168836,2018/19,2019-02-27,Dubai International Cricket Stadium,1,14.7,Quetta Gladiators,Lahore Qalandars,Sohail Tanvir,Sarfraz Ahmed,Haris Rauf,1,0,,,,,,,,,
1168836,2018/19,2019-02-27,Dubai International Cricket Stadium,1,15.1,Quetta Gladiators,Lahore Qalandars,Sohail Tanvir,Sarfraz Ahmed,Yasir Shah,1,0,,,,,,,,,
1168836,2018/19,2019-02-27,Dubai International Cricket Stadium,1,15.2,Quetta Gladiators,Lahore Qalandars,Sarfraz Ahmed,Sohail Tanvir,Yasir Shah,2,0,,,,,,,,,
1168836,2018/19,2019-02-27,Dubai International Cricket Stadium,1,15.3,Quetta Gladiators,Lahore Qalandars,Sarfraz Ahmed,Sohail Tanvir,Yasir Shah,1,0,,,,,,,,,
1168836,2018/19,2019-02-27,Dubai International Cricket Stadium,1,15.4,Quetta Gladiators,Lahore Qalandars,Sohail Tanvir,Sarfraz Ahmed,Yasir Shah,1,0,,,,,,,,,
1168836,2018/19,2019-02-27,Dubai International Cricket Stadium,1,15.5,Quetta Gladiators,Lahore Qalandars,Sarfraz Ahmed,Sohail Tanvir,Yasir Shah,0,0,,,,,,,,,
1168836,2018/19,2019-02-27,Dubai International Cricket Stadium,1,15.6,Quetta Gladiators,Lahore Qalandars,Sarfraz Ahmed,Sohail Tanvir,Yasir Shah,0,0,,,,,,caught,Sarfraz Ahmed,,
1168836,2018/19,2019-02-27,Dubai International Cricket Stadium,1,16.1,Quetta Gladiators,Lahore Qalandars,Sohail Tanvir,Fawad Ahmed,Haris Rauf,0,0,,,,,,,,,
1168836,2018/19,2019-02-27,Dubai International Cricket Stadium,1,16.2,Quetta Gladiators,Lahore Qalandars,Sohail Tanvir,Fawad Ahmed,Haris Rauf,1,0,,,,,,,,,
1168836,2018/19,2019-02-27,Dubai International Cricket Stadium,1,16.3,Quetta Gladiators,Lahore Qalandars,Fawad Ahmed,Sohail Tanvir,Haris Rauf,0,0,,,,,,,,,
1168836,2018/19,2019-02-27,Dubai International Cricket Stadium,1,16.4,Quetta Gladiators,Lahore Qalandars,Fawad Ahmed,Sohail Tanvir,Haris Rauf,0,1,1,,,,,,,,
1168836,2018/19,2019-02-27,Dubai International Cricket Stadium,1,16.5,Quetta Gladiators,Lahore Qalandars,Fawad Ahmed,Sohail Tanvir,Haris Rauf,0,0,,,,,,,,,
1168836,2018/19,2019-02-27,Dubai International Cricket Stadium,1,16.6,Quetta Gladiators,Lahore Qalandars,Fawad Ahmed,Sohail Tanvir,Haris Rauf,0,1,1,,,,,,,,
1168836,2018/19,2019-02-27,Dubai International Cricket Stadium,1,16.7,Quetta Gladiators,Lahore Qalandars,Fawad Ahmed,Sohail Tanvir,Haris Rauf,0,0,,,,,,bowled,Fawad Ahmed,,
1168836,2018/19,2019-02-27,Dubai International Cricket Stadium,1,16.8,Quetta Gladiators,Lahore Qalandars,Mohammad Hasnain,Sohail Tanvir,Haris Rauf,0,0,,,,,,,,,
1168836,2018/19,2019-02-27,Dubai International Cricket Stadium,1,17.1,Quetta Gladiators,Lahore Qalandars,Sohail Tanvir,Mohammad Hasnain,Shaheen Shah Afridi,0,0,,,,,,,,,
1168836,2018/19,2019-02-27,Dubai International Cricket Stadium,1,17.2,Quetta Gladiators,Lahore Qalandars,Sohail Tanvir,Mohammad Hasnain,Shaheen Shah Afridi,0,1,1,,,,,,,,
1168836,2018/19,2019-02-27,Dubai International Cricket Stadium,1,17.3,Quetta Gladiators,Lahore Qalandars,Sohail Tanvir,Mohammad Hasnain,Shaheen Shah Afridi,0,0,,,,,,,,,
1168836,2018/19,2019-02-27,Dubai International Cricket Stadium,1,17.4,Quetta Gladiators,Lahore Qalandars,Sohail Tanvir,Mohammad Hasnain,Shaheen Shah Afridi,0,0,,,,,,,,,
1168836,2018/19,2019-02-27,Dubai International Cricket Stadium,1,17.5,Quetta Gladiators,Lahore Qalandars,Sohail Tanvir,Mohammad Hasnain,Shaheen Shah Afridi,0,1,1,,,,,,,,
1168836,2018/19,2019-02-27,Dubai International Cricket Stadium,1,17.6,Quetta Gladiators,Lahore Qalandars,Sohail Tanvir,Mohammad Hasnain,Shaheen Shah Afridi,0,0,,,,,,,,,
1168836,2018/19,2019-02-27,Dubai International Cricket Stadium,1,17.7,Quetta Gladiators,Lahore Qalandars,Sohail Tanvir,Mohammad Hasnain,Shaheen Shah Afridi,0,0,,,,,,,,,
1168836,2018/19,2019-02-27,Dubai International Cricket Stadium,1,17.8,Quetta Gladiators,Lahore Qalandars,Sohail Tanvir,Mohammad Hasnain,Shaheen Shah Afridi,1,0,,,,,,,,,
1168836,2018/19,2019-02-27,Dubai International Cricket Stadium,1,18.1,Quetta Gladiators,Lahore Qalandars,Sohail Tanvir,Mohammad Hasnain,Haris Rauf,0,0,,,,,,,,,
1168836,2018/19,2019-02-27,Dubai International Cricket Stadium,1,18.2,Quetta Gladiators,Lahore Qalandars,Sohail Tanvir,Mohammad Hasnain,Haris Rauf,1,0,,,,,,,,,
1168836,2018/19,2019-02-27,Dubai International Cricket Stadium,1,18.3,Quetta Gladiators,Lahore Qalandars,Mohammad Hasnain,Sohail Tanvir,Haris Rauf,0,0,,,,,,run out,Mohammad Hasnain,,
1168836,2018/19,2019-02-27,Dubai International Cricket Stadium,1,18.4,Quetta Gladiators,Lahore Qalandars,Sohail Tanvir,HF Gurney,Haris Rauf,0,0,,,,,,,,,
1168836,2018/19,2019-02-27,Dubai International Cricket Stadium,1,18.5,Quetta Gladiators,Lahore Qalandars,Sohail Tanvir,HF Gurney,Haris Rauf,0,0,,,,,,,,,
1168836,2018/19,2019-02-27,Dubai International Cricket Stadium,1,18.6,Quetta Gladiators,Lahore Qalandars,Sohail Tanvir,HF Gurney,Haris Rauf,1,0,,,,,,,,,
1168836,2018/19,2019-02-27,Dubai International Cricket Stadium,1,19.1,Quetta Gladiators,Lahore Qalandars,Sohail Tanvir,HF Gurney,Shaheen Shah Afridi,0,0,,,,,,bowled,Sohail Tanvir,,
1168836,2018/19,2019-02-27,Dubai International Cricket Stadium,2,0.1,Lahore Qalandars,Quetta Gladiators,Fakhar Zaman,Gauhar Ali,Sohail Tanvir,1,0,,,,,,,,,
1168836,2018/19,2019-02-27,Dubai International Cricket Stadium,2,0.2,Lahore Qalandars,Quetta Gladiators,Gauhar Ali,Fakhar Zaman,Sohail Tanvir,0,0,,,,,,,,,
1168836,2018/19,2019-02-27,Dubai International Cricket Stadium,2,0.3,Lahore Qalandars,Quetta Gladiators,Gauhar Ali,Fakhar Zaman,Sohail Tanvir,0,0,,,,,,,,,
1168836,2018/19,2019-02-27,Dubai International Cricket Stadium,2,0.4,Lahore Qalandars,Quetta Gladiators,Gauhar Ali,Fakhar Zaman,Sohail Tanvir,1,0,,,,,,,,,
1168836,2018/19,2019-02-27,Dubai International Cricket Stadium,2,0.5,Lahore Qalandars,Quetta Gladiators,Fakhar Zaman,Gauhar Ali,Sohail Tanvir,0,0,,,,,,,,,
1168836,2018/19,2019-02-27,Dubai International Cricket Stadium,2,0.6,Lahore Qalandars,Quetta Gladiators,Fakhar Zaman,Gauhar Ali,Sohail Tanvir,1,0,,,,,,,,,
1168836,2018/19,2019-02-27,Dubai International Cricket Stadium,2,1.1,Lahore Qalandars,Quetta Gladiators,Fakhar Zaman,Gauhar Ali,Mohammad Hasnain,0,1,1,,,,,,,,
1168836,2018/19,2019-02-27,Dubai International Cricket Stadium,2,1.2,Lahore Qalandars,Quetta Gladiators,Fakhar Zaman,Gauhar Ali,Mohammad Hasnain,0,0,,,,,,caught,Fakhar Zaman,,
1168836,2018/19,2019-02-27,Dubai International Cricket Stadium,2,1.3,Lahore Qalandars,Quetta Gladiators,Haris Sohail,Gauhar Ali,Mohammad Hasnain,0,1,1,,,,,,,,
1168836,2018/19,2019-02-27,Dubai International Cricket Stadium,2,1.4,Lahore Qalandars,Quetta Gladiators,Haris Sohail,Gauhar Ali,Mohammad Hasnain,0,0,,,,,,,,,
1168836,2018/19,2019-02-27,Dubai International Cricket Stadium,2,1.5,Lahore Qalandars,Quetta Gladiators,Haris Sohail,Gauhar Ali,Mohammad Hasnain,0,0,,,,,,,,,
1168836,2018/19,2019-02-27,Dubai International Cricket Stadium,2,1.6,Lahore Qalandars,Quetta Gladiators,Haris Sohail,Gauhar Ali,Mohammad Hasnain,1,0,,,,,,,,,
1168836,2018/19,2019-02-27,Dubai International Cricket Stadium,2,1.7,Lahore Qalandars,Quetta Gladiators,Gauhar Ali,Haris Sohail,Mohammad Hasnain,0,0,,,,,,,,,
1168836,2018/19,2019-02-27,Dubai International Cricket Stadium,2,1.8,Lahore Qalandars,Quetta Gladiators,Gauhar Ali,Haris Sohail,Mohammad Hasnain,4,0,,,,,,,,,
1168836,2018/19,2019-02-27,Dubai International Cricket Stadium,2,2.1,Lahore Qalandars,Quetta Gladiators,Haris Sohail,Gauhar Ali,Sohail Tanvir,0,0,,,,,,,,,
1168836,2018/19,2019-02-27,Dubai International Cricket Stadium,2,2.2,Lahore Qalandars,Quetta Gladiators,Haris Sohail,Gauhar Ali,Sohail Tanvir,0,0,,,,,,,,,
1168836,2018/19,2019-02-27,Dubai International Cricket Stadium,2,2.3,Lahore Qalandars,Quetta Gladiators,Haris Sohail,Gauhar Ali,Sohail Tanvir,4,0,,,,,,,,,
1168836,2018/19,2019-02-27,Dubai International Cricket Stadium,2,2.4,Lahore Qalandars,Quetta Gladiators,Haris Sohail,Gauhar Ali,Sohail Tanvir,1,0,,,,,,,,,
1168836,2018/19,2019-02-27,Dubai International Cricket Stadium,2,2.5,Lahore Qalandars,Quetta Gladiators,Gauhar Ali,Haris Sohail,Sohail Tanvir,4,0,,,,,,,,,
1168836,2018/19,2019-02-27,Dubai International Cricket Stadium,2,2.6,Lahore Qalandars,Quetta Gladiators,Gauhar Ali,Haris Sohail,Sohail Tanvir,0,0,,,,,,,,,
1168836,2018/19,2019-02-27,Dubai International Cricket Stadium,2,3.1,Lahore Qalandars,Quetta Gladiators,Haris Sohail,Gauhar Ali,Mohammad Hasnain,0,0,,,,,,,,,
1168836,2018/19,2019-02-27,Dubai International Cricket Stadium,2,3.2,Lahore Qalandars,Quetta Gladiators,Haris Sohail,Gauhar Ali,Mohammad Hasnain,1,0,,,,,,,,,
1168836,2018/19,2019-02-27,Dubai International Cricket Stadium,2,3.3,Lahore Qalandars,Quetta Gladiators,Gauhar Ali,Haris Sohail,Mohammad Hasnain,4,0,,,,,,,,,
1168836,2018/19,2019-02-27,Dubai International Cricket Stadium,2,3.4,Lahore Qalandars,Quetta Gladiators,Gauhar Ali,Haris Sohail,Mohammad Hasnain,1,0,,,,,,,,,
1168836,2018/19,2019-02-27,Dubai International Cricket Stadium,2,3.5,Lahore Qalandars,Quetta Gladiators,Haris Sohail,Gauhar Ali,Mohammad Hasnain,1,0,,,,,,,,,
1168836,2018/19,2019-02-27,Dubai International Cricket Stadium,2,3.6,Lahore Qalandars,Quetta Gladiators,Gauhar Ali,Haris Sohail,Mohammad Hasnain,1,0,,,,,,,,,
1168836,2018/19,2019-02-27,Dubai International Cricket Stadium,2,4.1,Lahore Qalandars,Quetta Gladiators,Gauhar Ali,Haris Sohail,HF Gurney,0,0,,,,,,,,,
1168836,2018/19,2019-02-27,Dubai International Cricket Stadium,2,4.2,Lahore Qalandars,Quetta Gladiators,Gauhar Ali,Haris Sohail,HF Gurney,0,0,,,,,,,,,
1168836,2018/19,2019-02-27,Dubai International Cricket Stadium,2,4.3,Lahore Qalandars,Quetta Gladiators,Gauhar Ali,Haris Sohail,HF Gurney,0,0,,,,,,,,,
1168836,2018/19,2019-02-27,Dubai International Cricket Stadium,2,4.4,Lahore Qalandars,Quetta Gladiators,Gauhar Ali,Haris Sohail,HF Gurney,6,0,,,,,,,,,
1168836,2018/19,2019-02-27,Dubai International Cricket Stadium,2,4.5,Lahore Qalandars,Quetta Gladiators,Gauhar Ali,Haris Sohail,HF Gurney,0,0,,,,,,bowled,Gauhar Ali,,
1168836,2018/19,2019-02-27,Dubai International Cricket Stadium,2,4.6,Lahore Qalandars,Quetta Gladiators,AB de Villiers,Haris Sohail,HF Gurney,1,0,,,,,,,,,
1168836,2018/19,2019-02-27,Dubai International Cricket Stadium,2,5.1,Lahore Qalandars,Quetta Gladiators,AB de Villiers,Haris Sohail,Fawad Ahmed,0,0,,,,,,,,,
1168836,2018/19,2019-02-27,Dubai International Cricket Stadium,2,5.2,Lahore Qalandars,Quetta Gladiators,AB de Villiers,Haris Sohail,Fawad Ahmed,1,0,,,,,,,,,
1168836,2018/19,2019-02-27,Dubai International Cricket Stadium,2,5.3,Lahore Qalandars,Quetta Gladiators,Haris Sohail,AB de Villiers,Fawad Ahmed,0,0,,,,,,,,,
1168836,2018/19,2019-02-27,Dubai International Cricket Stadium,2,5.4,Lahore Qalandars,Quetta Gladiators,Haris Sohail,AB de Villiers,Fawad Ahmed,0,0,,,,,,,,,
1168836,2018/19,2019-02-27,Dubai International Cricket Stadium,2,5.5,Lahore Qalandars,Quetta Gladiators,Haris Sohail,AB de Villiers,Fawad Ahmed,0,0,,,,,,,,,
1168836,2018/19,2019-02-27,Dubai International Cricket Stadium,2,5.6,Lahore Qalandars,Quetta Gladiators,Haris Sohail,AB de Villiers,Fawad Ahmed,0,0,,,,,,,,,
1168836,2018/19,2019-02-27,Dubai International Cricket Stadium,2,6.1,Lahore Qalandars,Quetta Gladiators,AB de Villiers,Haris Sohail,HF Gurney,0,1,,,,1,,,,,
1168836,2018/19,2019-02-27,Dubai International Cricket Stadium,2,6.2,Lahore Qalandars,Quetta Gladiators,Haris Sohail,AB de Villiers,HF Gurney,0,0,,,,,,,,,
1168836,2018/19,2019-02-27,Dubai International Cricket Stadium,2,6.3,Lahore Qalandars,Quetta Gladiators,Haris Sohail,AB de Villiers,HF Gurney,1,0,,,,,,,,,
1168836,2018/19,2019-02-27,Dubai International Cricket Stadium,2,6.4,Lahore Qalandars,Quetta Gladiators,AB de Villiers,Haris Sohail,HF Gurney,4,0,,,,,,,,,
1168836,2018/19,2019-02-27,Dubai International Cricket Stadium,2,6.5,Lahore Qalandars,Quetta Gladiators,AB de Villiers,Haris Sohail,HF Gurney,1,0,,,,,,,,,
1168836,2018/19,2019-02-27,Dubai International Cricket Stadium,2,6.6,Lahore Qalandars,Quetta Gladiators,Haris Sohail,AB de Villiers,HF Gurney,0,0,,,,,,,,,
1168836,2018/19,2019-02-27,Dubai International Cricket Stadium,2,7.1,Lahore Qalandars,Quetta Gladiators,AB de Villiers,Haris Sohail,Fawad Ahmed,0,0,,,,,,,,,
1168836,2018/19,2019-02-27,Dubai International Cricket Stadium,2,7.2,Lahore Qalandars,Quetta Gladiators,AB de Villiers,Haris Sohail,Fawad Ahmed,4,0,,,,,,,,,
1168836,2018/19,2019-02-27,Dubai International Cricket Stadium,2,7.3,Lahore Qalandars,Quetta Gladiators,AB de Villiers,Haris Sohail,Fawad Ahmed,0,0,,,,,,,,,
1168836,2018/19,2019-02-27,Dubai International Cricket Stadium,2,7.4,Lahore Qalandars,Quetta Gladiators,AB de Villiers,Haris Sohail,Fawad Ahmed,1,0,,,,,,,,,
1168836,2018/19,2019-02-27,Dubai International Cricket Stadium,2,7.5,Lahore Qalandars,Quetta Gladiators,Haris Sohail,AB de Villiers,Fawad Ahmed,0,0,,,,,,,,,
1168836,2018/19,2019-02-27,Dubai International Cricket Stadium,2,7.6,Lahore Qalandars,Quetta Gladiators,Haris Sohail,AB de Villiers,Fawad Ahmed,1,0,,,,,,,,,
1168836,2018/19,2019-02-27,Dubai International Cricket Stadium,2,8.1,Lahore Qalandars,Quetta Gladiators,Haris Sohail,AB de Villiers,Mohammad Nawaz (3),1,0,,,,,,,,,
1168836,2018/19,2019-02-27,Dubai International Cricket Stadium,2,8.2,Lahore Qalandars,Quetta Gladiators,AB de Villiers,Haris Sohail,Mohammad Nawaz (3),4,0,,,,,,,,,
1168836,2018/19,2019-02-27,Dubai International Cricket Stadium,2,8.3,Lahore Qalandars,Quetta Gladiators,AB de Villiers,Haris Sohail,Mohammad Nawaz (3),1,0,,,,,,,,,
1168836,2018/19,2019-02-27,Dubai International Cricket Stadium,2,8.4,Lahore Qalandars,Quetta Gladiators,Haris Sohail,AB de Villiers,Mohammad Nawaz (3),1,0,,,,,,,,,
1168836,2018/19,2019-02-27,Dubai International Cricket Stadium,2,8.5,Lahore Qalandars,Quetta Gladiators,AB de Villiers,Haris Sohail,Mohammad Nawaz (3),1,0,,,,,,,,,
1168836,2018/19,2019-02-27,Dubai International Cricket Stadium,2,8.6,Lahore Qalandars,Quetta Gladiators,Haris Sohail,AB de Villiers,Mohammad Nawaz (3),1,0,,,,,,,,,
1168836,2018/19,2019-02-27,Dubai International Cricket Stadium,2,9.1,Lahore Qalandars,Quetta Gladiators,Haris Sohail,AB de Villiers,Fawad Ahmed,0,0,,,,,,,,,
1168836,2018/19,2019-02-27,Dubai International Cricket Stadium,2,9.2,Lahore Qalandars,Quetta Gladiators,Haris Sohail,AB de Villiers,Fawad Ahmed,0,0,,,,,,,,,
1168836,2018/19,2019-02-27,Dubai International Cricket Stadium,2,9.3,Lahore Qalandars,Quetta Gladiators,Haris Sohail,AB de Villiers,Fawad Ahmed,2,0,,,,,,,,,
1168836,2018/19,2019-02-27,Dubai International Cricket Stadium,2,9.4,Lahore Qalandars,Quetta Gladiators,Haris Sohail,AB de Villiers,Fawad Ahmed,1,0,,,,,,,,,
1168836,2018/19,2019-02-27,Dubai International Cricket Stadium,2,9.5,Lahore Qalandars,Quetta Gladiators,AB de Villiers,Haris Sohail,Fawad Ahmed,1,0,,,,,,,,,
1168836,2018/19,2019-02-27,Dubai International Cricket Stadium,2,9.6,Lahore Qalandars,Quetta Gladiators,Haris Sohail,AB de Villiers,Fawad Ahmed,4,0,,,,,,,,,
1168836,2018/19,2019-02-27,Dubai International Cricket Stadium,2,10.1,Lahore Qalandars,Quetta Gladiators,AB de Villiers,Haris Sohail,Mohammad Hasnain,0,0,,,,,,,,,
1168836,2018/19,2019-02-27,Dubai International Cricket Stadium,2,10.2,Lahore Qalandars,Quetta Gladiators,AB de Villiers,Haris Sohail,Mohammad Hasnain,4,0,,,,,,,,,
1168836,2018/19,2019-02-27,Dubai International Cricket Stadium,2,10.3,Lahore Qalandars,Quetta Gladiators,AB de Villiers,Haris Sohail,Mohammad Hasnain,4,0,,,,,,,,,
1168836,2018/19,2019-02-27,Dubai International Cricket Stadium,2,10.4,Lahore Qalandars,Quetta Gladiators,AB de Villiers,Haris Sohail,Mohammad Hasnain,0,0,,,,,,,,,
1168836,2018/19,2019-02-27,Dubai International Cricket Stadium,2,10.5,Lahore Qalandars,Quetta Gladiators,AB de Villiers,Haris Sohail,Mohammad Hasnain,1,0,,,,,,,,,
1168836,2018/19,2019-02-27,Dubai International Cricket Stadium,2,10.6,Lahore Qalandars,Quetta Gladiators,Haris Sohail,AB de Villiers,Mohammad Hasnain,1,0,,,,,,,,,
1168836,2018/19,2019-02-27,Dubai International Cricket Stadium,2,11.1,Lahore Qalandars,Quetta Gladiators,Haris Sohail,AB de Villiers,Fawad Ahmed,1,0,,,,,,,,,
1168836,2018/19,2019-02-27,Dubai International Cricket Stadium,2,11.2,Lahore Qalandars,Quetta Gladiators,AB de Villiers,Haris Sohail,Fawad Ahmed,0,0,,,,,,,,,
1168836,2018/19,2019-02-27,Dubai International Cricket Stadium,2,11.3,Lahore Qalandars,Quetta Gladiators,AB de Villiers,Haris Sohail,Fawad Ahmed,1,0,,,,,,,,,
1168836,2018/19,2019-02-27,Dubai International Cricket Stadium,2,11.4,Lahore Qalandars,Quetta Gladiators,Haris Sohail,AB de Villiers,Fawad Ahmed,1,0,,,,,,,,,
1168836,2018/19,2019-02-27,Dubai International Cricket Stadium,2,11.5,Lahore Qalandars,Quetta Gladiators,AB de Villiers,Haris Sohail,Fawad Ahmed,4,0,,,,,,,,,
1168836,2018/19,2019-02-27,Dubai International Cricket Stadium,2,11.6,Lahore Qalandars,Quetta Gladiators,AB de Villiers,Haris Sohail,Fawad Ahmed,1,0,,,,,,,,,
1168836,2018/19,2019-02-27,Dubai International Cricket Stadium,2,12.1,Lahore Qalandars,Quetta Gladiators,AB de Villiers,Haris Sohail,Mohammad Hasnain,0,0,,,,,,,,,
1168836,2018/19,2019-02-27,Dubai International Cricket Stadium,2,12.2,Lahore Qalandars,Quetta Gladiators,AB de Villiers,Haris Sohail,Mohammad Hasnain,2,0,,,,,,,,,
1168836,2018/19,2019-02-27,Dubai International Cricket Stadium,2,12.3,Lahore Qalandars,Quetta Gladiators,AB de Villiers,Haris Sohail,Mohammad Hasnain,1,0,,,,,,,,,
1168836,2018/19,2019-02-27,Dubai International Cricket Stadium,2,12.4,Lahore Qalandars,Quetta Gladiators,Haris Sohail,AB de Villiers,Mohammad Hasnain,0,0,,,,,,,,,
1168836,2018/19,2019-02-27,Dubai International Cricket Stadium,2,12.5,Lahore Qalandars,Quetta Gladiators,Haris Sohail,AB de Villiers,Mohammad Hasnain,0,0,,,,,,,,,
1168836,2018/19,2019-02-27,Dubai International Cricket Stadium,2,12.6,Lahore Qalandars,Quetta Gladiators,Haris Sohail,AB de Villiers,Mohammad Hasnain,1,0,,,,,,,,,
1168836,2018/19,2019-02-27,Dubai International Cricket Stadium,2,13.1,Lahore Qalandars,Quetta Gladiators,Haris Sohail,AB de Villiers,Mohammad Nawaz (3),0,0,,,,,,,,,
1168836,2018/19,2019-02-27,Dubai International Cricket Stadium,2,13.2,Lahore Qalandars,Quetta Gladiators,Haris Sohail,AB de Villiers,Mohammad Nawaz (3),1,0,,,,,,,,,
1168836,2018/19,2019-02-27,Dubai International Cricket Stadium,2,13.3,Lahore Qalandars,Quetta Gladiators,AB de Villiers,Haris Sohail,Mohammad Nawaz (3),0,0,,,,,,,,,
1168836,2018/19,2019-02-27,Dubai International Cricket Stadium,2,13.4,Lahore Qalandars,Quetta Gladiators,AB de Villiers,Haris Sohail,Mohammad Nawaz (3),1,0,,,,,,,,,
1168836,2018/19,2019-02-27,Dubai International Cricket Stadium,2,13.5,Lahore Qalandars,Quetta Gladiators,Haris Sohail,AB de Villiers,Mohammad Nawaz (3),1,0,,,,,,,,,
1168836,2018/19,2019-02-27,Dubai International Cricket Stadium,2,13.6,Lahore Qalandars,Quetta Gladiators,AB de Villiers,Haris Sohail,Mohammad Nawaz (3),1,0,,,,,,,,,
1168836,2018/19,2019-02-27,Dubai International Cricket Stadium,2,14.1,Lahore Qalandars,Quetta Gladiators,AB de Villiers,Haris Sohail,Sohail Tanvir,0,0,,,,,,,,,
1168836,2018/19,2019-02-27,Dubai International Cricket Stadium,2,14.2,Lahore Qalandars,Quetta Gladiators,AB de Villiers,Haris Sohail,Sohail Tanvir,0,0,,,,,,,,,
1168836,2018/19,2019-02-27,Dubai International Cricket Stadium,2,14.3,Lahore Qalandars,Quetta Gladiators,AB de Villiers,Haris Sohail,Sohail Tanvir,1,0,,,,,,,,,
1168836,2018/19,2019-02-27,Dubai International Cricket Stadium,2,14.4,Lahore Qalandars,Quetta Gladiators,Haris Sohail,AB de Villiers,Sohail Tanvir,1,0,,,,,,,,,
1168836,2018/19,2019-02-27,Dubai International Cricket Stadium,2,14.5,Lahore Qalandars,Quetta Gladiators,AB de Villiers,Haris Sohail,Sohail Tanvir,0,0,,,,,,,,,
1168836,2018/19,2019-02-27,Dubai International Cricket Stadium,2,14.6,Lahore Qalandars,Quetta Gladiators,AB de Villiers,Haris Sohail,Sohail Tanvir,1,0,,,,,,,,,
1168836,2018/19,2019-02-27,Dubai International Cricket Stadium,2,15.1,Lahore Qalandars,Quetta Gladiators,AB de Villiers,Haris Sohail,RR Rossouw,0,1,,,,1,,,,,
1168836,2018/19,2019-02-27,Dubai International Cricket Stadium,2,15.2,Lahore Qalandars,Quetta Gladiators,Haris Sohail,AB de Villiers,RR Rossouw,1,0,,,,,,,,,
1168836,2018/19,2019-02-27,Dubai International Cricket Stadium,2,15.3,Lahore Qalandars,Quetta Gladiators,AB de Villiers,Haris Sohail,RR Rossouw,1,0,,,,,,,,,
1168836,2018/19,2019-02-27,Dubai International Cricket Stadium,2,15.4,Lahore Qalandars,Quetta Gladiators,Haris Sohail,AB de Villiers,RR Rossouw,0,0,,,,,,,,,
1168836,2018/19,2019-02-27,Dubai International Cricket Stadium,2,15.5,Lahore Qalandars,Quetta Gladiators,Haris Sohail,AB de Villiers,RR Rossouw,4,0,,,,,,,,,
1168836,2018/19,2019-02-27,Dubai International Cricket Stadium,2,15.6,Lahore Qalandars,Quetta Gladiators,Haris Sohail,AB de Villiers,RR Rossouw,0,0,,,,,,,,,
1168836,2018/19,2019-02-27,Dubai International Cricket Stadium,2,16.1,Lahore Qalandars,Quetta Gladiators,AB de Villiers,Haris Sohail,Danish Aziz,1,0,,,,,,,,,
1168836,2018/19,2019-02-27,Dubai International Cricket Stadium,2,16.2,Lahore Qalandars,Quetta Gladiators,Haris Sohail,AB de Villiers,Danish Aziz,1,0,,,,,,,,,
1168836,2018/19,2019-02-27,Dubai International Cricket Stadium,2,16.3,Lahore Qalandars,Quetta Gladiators,AB de Villiers,Haris Sohail,Danish Aziz,4,0,,,,,,,,,
