match_id,season,start_date,venue,innings,ball,batting_team,bowling_team,striker,non_striker,bowler,runs_off_bat,extras,wides,noballs,byes,legbyes,penalty,wicket_type,player_dismissed,other_wicket_type,other_player_dismissed
1168825,2018/19,2019-02-17,Dubai International Cricket Stadium,1,0.1,Islamabad United,Quetta Gladiators,L Ronchi,Rizwan Hussain,Sohail Tanvir,0,0,,,,,,caught,L Ronchi,,
1168825,2018/19,2019-02-17,Dubai International Cricket Stadium,1,0.2,Islamabad United,Quetta Gladiators,Shadab Khan,Rizwan Hussain,Sohail Tanvir,0,0,,,,,,,,,
1168825,2018/19,2019-02-17,Dubai International Cricket Stadium,1,0.3,Islamabad United,Quetta Gladiators,Shadab Khan,Rizwan Hussain,Sohail Tanvir,0,0,,,,,,,,,
1168825,2018/19,2019-02-17,Dubai International Cricket Stadium,1,0.4,Islamabad United,Quetta Gladiators,Shadab Khan,Rizwan Hussain,Sohail Tanvir,0,0,,,,,,,,,
1168825,2018/19,2019-02-17,Dubai International Cricket Stadium,1,0.5,Islamabad United,Quetta Gladiators,Shadab Khan,Rizwan Hussain,Sohail Tanvir,0,0,,,,,,,,,
1168825,2018/19,2019-02-17,Dubai International Cricket Stadium,1,0.6,Islamabad United,Quetta Gladiators,Shadab Khan,Rizwan Hussain,Sohail Tanvir,0,0,,,,,,caught and bowled,Shadab Khan,,
1168825,2018/19,2019-02-17,Dubai International Cricket Stadium,1,1.1,Islamabad United,Quetta Gladiators,Rizwan Hussain,CS Delport,Ghulam Mudassar,4,0,,,,,,,,,
1168825,2018/19,2019-02-17,Dubai International Cricket Stadium,1,1.2,Islamabad United,Quetta Gladiators,Rizwan Hussain,CS Delport,Ghulam Mudassar,0,0,,,,,,,,,
1168825,2018/19,2019-02-17,Dubai International Cricket Stadium,1,1.3,Islamabad United,Quetta Gladiators,Rizwan Hussain,CS Delport,Ghulam Mudassar,0,0,,,,,,,,,
1168825,2018/19,2019-02-17,Dubai International Cricket Stadium,1,1.4,Islamabad United,Quetta Gladiators,Rizwan Hussain,CS Delport,Ghulam Mudassar,0,0,,,,,,,,,
1168825,2018/19,2019-02-17,Dubai International Cricket Stadium,1,1.5,Islamabad United,Quetta Gladiators,Rizwan Hussain,CS Delport,Ghulam Mudassar,0,1,,,,1,,,,,
1168825,2018/19,2019-02-17,Dubai International Cricket Stadium,1,1.6,Islamabad United,Quetta Gladiators,CS Delport,Rizwan Hussain,Ghulam Mudassar,1,0,,,,,,,,,
1168825,2018/19,2019-02-17,Dubai International Cricket Stadium,1,2.1,Islamabad United,Quetta Gladiators,CS Delport,Rizwan Hussain,Sohail Tanvir,0,0,,,,,,,,,
1168825,2018/19,2019-02-17,Dubai International Cricket Stadium,1,2.2,Islamabad United,Quetta Gladiators,CS Delport,Rizwan Hussain,Sohail Tanvir,0,0,,,,,,,,,
1168825,2018/19,2019-02-17,Dubai International Cricket Stadium,1,2.3,Islamabad United,Quetta Gladiators,CS Delport,Rizwan Hussain,Sohail Tanvir,0,0,,,,,,,,,
1168825,2018/19,2019-02-17,Dubai International Cricket Stadium,1,2.4,Islamabad United,Quetta Gladiators,CS Delport,Rizwan Hussain,Sohail Tanvir,0,0,,,,,,,,,
1168825,2018/19,2019-02-17,Dubai International Cricket Stadium,1,2.5,Islamabad United,Quetta Gladiators,CS Delport,Rizwan Hussain,Sohail Tanvir,1,0,,,,,,,,,
1168825,2018/19,2019-02-17,Dubai International Cricket Stadium,1,2.6,Islamabad United,Quetta Gladiators,Rizwan Hussain,CS Delport,Sohail Tanvir,1,0,,,,,,,,,
1168825,2018/19,2019-02-17,Dubai International Cricket Stadium,1,3.1,Islamabad United,Quetta Gladiators,Rizwan Hussain,CS Delport,Mohammad Nawaz (3),0,0,,,,,,,,,
1168825,2018/19,2019-02-17,Dubai International Cricket Stadium,1,3.2,Islamabad United,Quetta Gladiators,Rizwan Hussain,CS Delport,Mohammad Nawaz (3),0,0,,,,,,lbw,Rizwan Hussain,,
1168825,2018/19,2019-02-17,Dubai International Cricket Stadium,1,3.3,Islamabad United,Quetta Gladiators,Hussain Talat,CS Delport,Mohammad Nawaz (3),0,0,,,,,,,,,
1168825,2018/19,2019-02-17,Dubai International Cricket Stadium,1,3.4,Islamabad United,Quetta Gladiators,Hussain Talat,CS Delport,Mohammad Nawaz (3),0,0,,,,,,,,,
1168825,2018/19,2019-02-17,Dubai International Cricket Stadium,1,3.5,Islamabad United,Quetta Gladiators,Hussain Talat,CS Delport,Mohammad Nawaz (3),0,0,,,,,,,,,
1168825,2018/19,2019-02-17,Dubai International Cricket Stadium,1,3.6,Islamabad United,Quetta Gladiators,Hussain Talat,CS Delport,Mohammad Nawaz (3),1,0,,,,,,,,,
1168825,2018/19,2019-02-17,Dubai International Cricket Stadium,1,4.1,Islamabad United,Quetta Gladiators,Hussain Talat,CS Delport,Mohammad Irfan (4),2,0,,,,,,,,,
1168825,2018/19,2019-02-17,Dubai International Cricket Stadium,1,4.2,Islamabad United,Quetta Gladiators,Hussain Talat,CS Delport,Mohammad Irfan (4),0,0,,,,,,,,,
1168825,2018/19,2019-02-17,Dubai International Cricket Stadium,1,4.3,Islamabad United,Quetta Gladiators,Hussain Talat,CS Delport,Mohammad Irfan (4),4,0,,,,,,,,,
1168825,2018/19,2019-02-17,Dubai International Cricket Stadium,1,4.4,Islamabad United,Quetta Gladiators,Hussain Talat,CS Delport,Mohammad Irfan (4),6,0,,,,,,,,,
1168825,2018/19,2019-02-17,Dubai International Cricket Stadium,1,4.5,Islamabad United,Quetta Gladiators,Hussain Talat,CS Delport,Mohammad Irfan (4),1,0,,,,,,,,,
1168825,2018/19,2019-02-17,Dubai International Cricket Stadium,1,4.6,Islamabad United,Quetta Gladiators,CS Delport,Hussain Talat,Mohammad Irfan (4),2,0,,,,,,,,,
1168825,2018/19,2019-02-17,Dubai International Cricket Stadium,1,5.1,Islamabad United,Quetta Gladiators,Hussain Talat,CS Delport,Ghulam Mudassar,0,1,,,,1,,,,,
1168825,2018/19,2019-02-17,Dubai International Cricket Stadium,1,5.2,Islamabad United,Quetta Gladiators,CS Delport,Hussain Talat,Ghulam Mudassar,0,0,,,,,,,,,
1168825,2018/19,2019-02-17,Dubai International Cricket Stadium,1,5.3,Islamabad United,Quetta Gladiators,CS Delport,Hussain Talat,Ghulam Mudassar,1,0,,,,,,,,,
1168825,2018/19,2019-02-17,Dubai International Cricket Stadium,1,5.4,Islamabad United,Quetta Gladiators,Hussain Talat,CS Delport,Ghulam Mudassar,4,0,,,,,,,,,
1168825,2018/19,2019-02-17,Dubai International Cricket Stadium,1,5.5,Islamabad United,Quetta Gladiators,Hussain Talat,CS Delport,Ghulam Mudassar,4,0,,,,,,,,,
1168825,2018/19,2019-02-17,Dubai International Cricket Stadium,1,5.6,Islamabad United,Quetta Gladiators,Hussain Talat,CS Delport,Ghulam Mudassar,4,0,,,,,,,,,
1168825,2018/19,2019-02-17,Dubai International Cricket Stadium,1,6.1,Islamabad United,Quetta Gladiators,CS Delport,Hussain Talat,Fawad Ahmed,2,0,,,,,,,,,
1168825,2018/19,2019-02-17,Dubai International Cricket Stadium,1,6.2,Islamabad United,Quetta Gladiators,CS Delport,Hussain Talat,Fawad Ahmed,0,0,,,,,,,,,
1168825,2018/19,2019-02-17,Dubai International Cricket Stadium,1,6.3,Islamabad United,Quetta Gladiators,CS Delport,Hussain Talat,Fawad Ahmed,0,4,,,4,,,,,,
1168825,2018/19,2019-02-17,Dubai International Cricket Stadium,1,6.4,Islamabad United,Quetta Gladiators,CS Delport,Hussain Talat,Fawad Ahmed,1,0,,,,,,,,,
1168825,2018/19,2019-02-17,Dubai International Cricket Stadium,1,6.5,Islamabad United,Quetta Gladiators,Hussain Talat,CS Delport,Fawad Ahmed,1,0,,,,,,,,,
1168825,2018/19,2019-02-17,Dubai International Cricket Stadium,1,6.6,Islamabad United,Quetta Gladiators,CS Delport,Hussain Talat,Fawad Ahmed,1,0,,,,,,,,,
1168825,2018/19,2019-02-17,Dubai International Cricket Stadium,1,7.1,Islamabad United,Quetta Gladiators,CS Delport,Hussain Talat,Mohammad Irfan (4),0,0,,,,,,,,,
1168825,2018/19,2019-02-17,Dubai International Cricket Stadium,1,7.2,Islamabad United,Quetta Gladiators,CS Delport,Hussain Talat,Mohammad Irfan (4),4,0,,,,,,,,,
1168825,2018/19,2019-02-17,Dubai International Cricket Stadium,1,7.3,Islamabad United,Quetta Gladiators,CS Delport,Hussain Talat,Mohammad Irfan (4),2,0,,,,,,,,,
1168825,2018/19,2019-02-17,Dubai International Cricket Stadium,1,7.4,Islamabad United,Quetta Gladiators,CS Delport,Hussain Talat,Mohammad Irfan (4),1,0,,,,,,,,,
1168825,2018/19,2019-02-17,Dubai International Cricket Stadium,1,7.5,Islamabad United,Quetta Gladiators,Hussain Talat,CS Delport,Mohammad Irfan (4),1,0,,,,,,,,,
1168825,2018/19,2019-02-17,Dubai International Cricket Stadium,1,7.6,Islamabad United,Quetta Gladiators,CS Delport,Hussain Talat,Mohammad Irfan (4),3,0,,,,,,,,,
1168825,2018/19,2019-02-17,Dubai International Cricket Stadium,1,8.1,Islamabad United,Quetta Gladiators,CS Delport,Hussain Talat,Fawad Ahmed,0,0,,,,,,caught,CS Delport,,
1168825,2018/19,2019-02-17,Dubai International Cricket Stadium,1,8.2,Islamabad United,Quetta Gladiators,Hussain Talat,Asif Ali,Fawad Ahmed,1,0,,,,,,,,,
1168825,2018/19,2019-02-17,Dubai International Cricket Stadium,1,8.3,Islamabad United,Quetta Gladiators,Asif Ali,Hussain Talat,Fawad Ahmed,2,0,,,,,,,,,
1168825,2018/19,2019-02-17,Dubai International Cricket Stadium,1,8.4,Islamabad United,Quetta Gladiators,Asif Ali,Hussain Talat,Fawad Ahmed,1,0,,,,,,,,,
1168825,2018/19,2019-02-17,Dubai International Cricket Stadium,1,8.5,Islamabad United,Quetta Gladiators,Hussain Talat,Asif Ali,Fawad Ahmed,1,0,,,,,,,,,
1168825,2018/19,2019-02-17,Dubai International Cricket Stadium,1,8.6,Islamabad United,Quetta Gladiators,Asif Ali,Hussain Talat,Fawad Ahmed,1,0,,,,,,,,,
1168825,2018/19,2019-02-17,Dubai International Cricket Stadium,1,9.1,Islamabad United,Quetta Gladiators,Asif Ali,Hussain Talat,Mohammad Nawaz (3),2,0,,,,,,,,,
1168825,2018/19,2019-02-17,Dubai International Cricket Stadium,1,9.2,Islamabad United,Quetta Gladiators,Asif Ali,Hussain Talat,Mohammad Nawaz (3),0,0,,,,,,,,,
1168825,2018/19,2019-02-17,Dubai International Cricket Stadium,1,9.3,Islamabad United,Quetta Gladiators,Asif Ali,Hussain Talat,Mohammad Nawaz (3),0,0,,,,,,,,,
1168825,2018/19,2019-02-17,Dubai International Cricket Stadium,1,9.4,Islamabad United,Quetta Gladiators,Asif Ali,Hussain Talat,Mohammad Nawaz (3),0,0,,,,,,,,,
1168825,2018/19,2019-02-17,Dubai International Cricket Stadium,1,9.5,Islamabad United,Quetta Gladiators,Asif Ali,Hussain Talat,Mohammad Nawaz (3),6,0,,,,,,,,,
1168825,2018/19,2019-02-17,Dubai International Cricket Stadium,1,9.6,Islamabad United,Quetta Gladiators,Asif Ali,Hussain Talat,Mohammad Nawaz (3),1,0,,,,,,,,,
1168825,2018/19,2019-02-17,Dubai International Cricket Stadium,1,10.1,Islamabad United,Quetta Gladiators,Asif Ali,Hussain Talat,Fawad Ahmed,2,0,,,,,,,,,
1168825,2018/19,2019-02-17,Dubai International Cricket Stadium,1,10.2,Islamabad United,Quetta Gladiators,Asif Ali,Hussain Talat,Fawad Ahmed,1,0,,,,,,,,,
1168825,2018/19,2019-02-17,Dubai International Cricket Stadium,1,10.3,Islamabad United,Quetta Gladiators,Hussain Talat,Asif Ali,Fawad Ahmed,0,0,,,,,,bowled,Hussain Talat,,
1168825,2018/19,2019-02-17,Dubai International Cricket Stadium,1,10.4,Islamabad United,Quetta Gladiators,Faheem Ashraf,Asif Ali,Fawad Ahmed,0,0,,,,,,,,,
1168825,2018/19,2019-02-17,Dubai International Cricket Stadium,1,10.5,Islamabad United,Quetta Gladiators,Faheem Ashraf,Asif Ali,Fawad Ahmed,0,0,,,,,,,,,
1168825,2018/19,2019-02-17,Dubai International Cricket Stadium,1,10.6,Islamabad United,Quetta Gladiators,Faheem Ashraf,Asif Ali,Fawad Ahmed,0,0,,,,,,,,,
1168825,2018/19,2019-02-17,Dubai International Cricket Stadium,1,11.1,Islamabad United,Quetta Gladiators,Asif Ali,Faheem Ashraf,Mohammad Nawaz (3),0,0,,,,,,,,,
1168825,2018/19,2019-02-17,Dubai International Cricket Stadium,1,11.2,Islamabad United,Quetta Gladiators,Asif Ali,Faheem Ashraf,Mohammad Nawaz (3),0,0,,,,,,,,,
1168825,2018/19,2019-02-17,Dubai International Cricket Stadium,1,11.3,Islamabad United,Quetta Gladiators,Asif Ali,Faheem Ashraf,Mohammad Nawaz (3),4,0,,,,,,,,,
1168825,2018/19,2019-02-17,Dubai International Cricket Stadium,1,11.4,Islamabad United,Quetta Gladiators,Asif Ali,Faheem Ashraf,Mohammad Nawaz (3),0,0,,,,,,,,,
1168825,2018/19,2019-02-17,Dubai International Cricket Stadium,1,11.5,Islamabad United,Quetta Gladiators,Asif Ali,Faheem Ashraf,Mohammad Nawaz (3),1,0,,,,,,,,,
1168825,2018/19,2019-02-17,Dubai International Cricket Stadium,1,11.6,Islamabad United,Quetta Gladiators,Faheem Ashraf,Asif Ali,Mohammad Nawaz (3),1,0,,,,,,,,,
1168825,2018/19,2019-02-17,Dubai International Cricket Stadium,1,12.1,Islamabad United,Quetta Gladiators,Faheem Ashraf,Asif Ali,Fawad Ahmed,0,0,,,,,,,,,
1168825,2018/19,2019-02-17,Dubai International Cricket Stadium,1,12.2,Islamabad United,Quetta Gladiators,Faheem Ashraf,Asif Ali,Fawad Ahmed,0,0,,,,,,,,,
1168825,2018/19,2019-02-17,Dubai International Cricket Stadium,1,12.3,Islamabad United,Quetta Gladiators,Faheem Ashraf,Asif Ali,Fawad Ahmed,0,0,,,,,,caught,Faheem Ashraf,,
1168825,2018/19,2019-02-17,Dubai International Cricket Stadium,1,12.4,Islamabad United,Quetta Gladiators,WD Parnell,Asif Ali,Fawad Ahmed,0,0,,,,,,,,,
1168825,2018/19,2019-02-17,Dubai International Cricket Stadium,1,12.5,Islamabad United,Quetta Gladiators,WD Parnell,Asif Ali,Fawad Ahmed,1,0,,,,,,,,,
1168825,2018/19,2019-02-17,Dubai International Cricket Stadium,1,12.6,Islamabad United,Quetta Gladiators,Asif Ali,WD Parnell,Fawad Ahmed,0,0,,,,,,,,,
1168825,2018/19,2019-02-17,Dubai International Cricket Stadium,1,13.1,Islamabad United,Quetta Gladiators,WD Parnell,Asif Ali,Mohammad Nawaz (3),1,0,,,,,,,,,
1168825,2018/19,2019-02-17,Dubai International Cricket Stadium,1,13.2,Islamabad United,Quetta Gladiators,Asif Ali,WD Parnell,Mohammad Nawaz (3),0,0,,,,,,,,,
1168825,2018/19,2019-02-17,Dubai International Cricket Stadium,1,13.3,Islamabad United,Quetta Gladiators,Asif Ali,WD Parnell,Mohammad Nawaz (3),0,0,,,,,,,,,
1168825,2018/19,2019-02-17,Dubai International Cricket Stadium,1,13.4,Islamabad United,Quetta Gladiators,Asif Ali,WD Parnell,Mohammad Nawaz (3),1,0,,,,,,,,,
1168825,2018/19,2019-02-17,Dubai International Cricket Stadium,1,13.5,Islamabad United,Quetta Gladiators,WD Parnell,Asif Ali,Mohammad Nawaz (3),0,0,,,,,,,,,
1168825,2018/19,2019-02-17,Dubai International Cricket Stadium,1,13.6,Islamabad United,Quetta Gladiators,WD Parnell,Asif Ali,Mohammad Nawaz (3),6,0,,,,,,,,,
1168825,2018/19,2019-02-17,Dubai International Cricket Stadium,1,14.1,Islamabad United,Quetta Gladiators,Asif Ali,WD Parnell,Ghulam Mudassar,1,0,,,,,,,,,
1168825,2018/19,2019-02-17,Dubai International Cricket Stadium,1,14.2,Islamabad United,Quetta Gladiators,WD Parnell,Asif Ali,Ghulam Mudassar,1,0,,,,,,,,,
1168825,2018/19,2019-02-17,Dubai International Cricket Stadium,1,14.3,Islamabad United,Quetta Gladiators,Asif Ali,WD Parnell,Ghulam Mudassar,4,0,,,,,,,,,
1168825,2018/19,2019-02-17,Dubai International Cricket Stadium,1,14.4,Islamabad United,Quetta Gladiators,Asif Ali,WD Parnell,Ghulam Mudassar,2,0,,,,,,,,,
1168825,2018/19,2019-02-17,Dubai International Cricket Stadium,1,14.5,Islamabad United,Quetta Gladiators,Asif Ali,WD Parnell,DR Smith,0,0,,,,,,,,,
1168825,2018/19,2019-02-17,Dubai International Cricket Stadium,1,14.6,Islamabad United,Quetta Gladiators,Asif Ali,WD Parnell,DR Smith,6,0,,,,,,,,,
1168825,2018/19,2019-02-17,Dubai International Cricket Stadium,1,15.1,Islamabad United,Quetta Gladiators,WD Parnell,Asif Ali,Mohammad Irfan (4),1,0,,,,,,,,,
1168825,2018/19,2019-02-17,Dubai International Cricket Stadium,1,15.2,Islamabad United,Quetta Gladiators,Asif Ali,WD Parnell,Mohammad Irfan (4),1,0,,,,,,,,,
1168825,2018/19,2019-02-17,Dubai International Cricket Stadium,1,15.3,Islamabad United,Quetta Gladiators,WD Parnell,Asif Ali,Mohammad Irfan (4),4,0,,,,,,,,,
1168825,2018/19,2019-02-17,Dubai International Cricket Stadium,1,15.4,Islamabad United,Quetta Gladiators,WD Parnell,Asif Ali,Mohammad Irfan (4),0,0,,,,,,,,,
1168825,2018/19,2019-02-17,Dubai International Cricket Stadium,1,15.5,Islamabad United,Quetta Gladiators,WD Parnell,Asif Ali,Mohammad Irfan (4),4,0,,,,,,,,,
1168825,2018/19,2019-02-17,Dubai International Cricket Stadium,1,15.6,Islamabad United,Quetta Gladiators,WD Parnell,Asif Ali,Mohammad Irfan (4),1,0,,,,,,,,,
1168825,2018/19,2019-02-17,Dubai International Cricket Stadium,1,16.1,Islamabad United,Quetta Gladiators,WD Parnell,Asif Ali,Sohail Tanvir,0,1,,,,1,,,,,
1168825,2018/19,2019-02-17,Dubai International Cricket Stadium,1,16.2,Islamabad United,Quetta Gladiators,Asif Ali,WD Parnell,Sohail Tanvir,0,0,,,,,,caught,Asif Ali,,
1168825,2018/19,2019-02-17,Dubai International Cricket Stadium,1,16.3,Islamabad United,Quetta Gladiators,SR Patel,WD Parnell,Sohail Tanvir,1,0,,,,,,,,,
1168825,2018/19,2019-02-17,Dubai International Cricket Stadium,1,16.4,Islamabad United,Quetta Gladiators,WD Parnell,SR Patel,Sohail Tanvir,1,0,,,,,,,,,
1168825,2018/19,2019-02-17,Dubai International Cricket Stadium,1,16.5,Islamabad United,Quetta Gladiators,SR Patel,WD Parnell,Sohail Tanvir,2,0,,,,,,,,,
1168825,2018/19,2019-02-17,Dubai International Cricket Stadium,1,16.6,Islamabad United,Quetta Gladiators,SR Patel,WD Parnell,Sohail Tanvir,0,0,,,,,,,,,
1168825,2018/19,2019-02-17,Dubai International Cricket Stadium,1,17.1,Islamabad United,Quetta Gladiators,WD Parnell,SR Patel,Mohammad Irfan (4),4,0,,,,,,,,,
1168825,2018/19,2019-02-17,Dubai International Cricket Stadium,1,17.2,Islamabad United,Quetta Gladiators,WD Parnell,SR Patel,Mohammad Irfan (4),1,0,,,,,,,,,
1168825,2018/19,2019-02-17,Dubai International Cricket Stadium,1,17.3,Islamabad United,Quetta Gladiators,SR Patel,WD Parnell,Mohammad Irfan (4),0,0,,,,,,,,,
1168825,2018/19,2019-02-17,Dubai International Cricket Stadium,1,17.4,Islamabad United,Quetta Gladiators,SR Patel,WD Parnell,Mohammad Irfan (4),0,0,,,,,,,,,
1168825,2018/19,2019-02-17,Dubai International Cricket Stadium,1,17.5,Islamabad United,Quetta Gladiators,SR Patel,WD Parnell,Mohammad Irfan (4),1,0,,,,,,,,,
1168825,2018/19,2019-02-17,Dubai International Cricket Stadium,1,17.6,Islamabad United,Quetta Gladiators,WD Parnell,SR Patel,Mohammad Irfan (4),4,0,,,,,,,,,
1168825,2018/19,2019-02-17,Dubai International Cricket Stadium,1,18.1,Islamabad United,Quetta Gladiators,SR Patel,WD Parnell,Sohail Tanvir,1,0,,,,,,,,,
1168825,2018/19,2019-02-17,Dubai International Cricket Stadium,1,18.2,Islamabad United,Quetta Gladiators,WD Parnell,SR Patel,Sohail Tanvir,4,0,,,,,,,,,
1168825,2018/19,2019-02-17,Dubai International Cricket Stadium,1,18.3,Islamabad United,Quetta Gladiators,WD Parnell,SR Patel,Sohail Tanvir,4,0,,,,,,,,,
1168825,2018/19,2019-02-17,Dubai International Cricket Stadium,1,18.4,Islamabad United,Quetta Gladiators,WD Parnell,SR Patel,Sohail Tanvir,4,0,,,,,,,,,
1168825,2018/19,2019-02-17,Dubai International Cricket Stadium,1,18.5,Islamabad United,Quetta Gladiators,WD Parnell,SR Patel,Sohail Tanvir,0,0,,,,,,caught,WD Parnell,,
1168825,2018/19,2019-02-17,Dubai International Cricket Stadium,1,18.6,Islamabad United,Quetta Gladiators,Mohammad Sami,SR Patel,Sohail Tanvir,0,1,1,,,,,,,,
1168825,2018/19,2019-02-17,Dubai International Cricket Stadium,1,18.7,Islamabad United,Quetta Gladiators,Mohammad Sami,SR Patel,Sohail Tanvir,1,0,,,,,,,,,
1168825,2018/19,2019-02-17,Dubai International Cricket Stadium,1,19.1,Islamabad United,Quetta Gladiators,Mohammad Sami,SR Patel,Ghulam Mudassar,1,0,,,,,,,,,
1168825,2018/19,2019-02-17,Dubai International Cricket Stadium,1,19.2,Islamabad United,Quetta Gladiators,SR Patel,Mohammad Sami,Ghulam Mudassar,0,0,,,,,,,,,
1168825,2018/19,2019-02-17,Dubai International Cricket Stadium,1,19.3,Islamabad United,Quetta Gladiators,SR Patel,Mohammad Sami,Ghulam Mudassar,0,0,,,,,,,,,
1168825,2018/19,2019-02-17,Dubai International Cricket Stadium,1,19.4,Islamabad United,Quetta Gladiators,SR Patel,Mohammad Sami,Ghulam Mudassar,2,0,,,,,,,,,
1168825,2018/19,2019-02-17,Dubai International Cricket Stadium,1,19.5,Islamabad United,Quetta Gladiators,SR Patel,Mohammad Sami,Ghulam Mudassar,4,0,,,,,,,,,
1168825,2018/19,2019-02-17,Dubai International Cricket Stadium,1,19.6,Islamabad United,Quetta Gladiators,SR Patel,Mohammad Sami,Ghulam Mudassar,4,0,,,,,,,,,
1168825,2018/19,2019-02-17,Dubai International Cricket Stadium,2,0.1,Quetta Gladiators,Islamabad United,SR Watson,Ahmed Shehzad,SR Patel,0,0,,,,,,,,,
1168825,2018/19,2019-02-17,Dubai International Cricket Stadium,2,0.2,Quetta Gladiators,Islamabad United,SR Watson,Ahmed Shehzad,SR Patel,1,0,,,,,,,,,
1168825,2018/19,2019-02-17,Dubai International Cricket Stadium,2,0.3,Quetta Gladiators,Islamabad United,Ahmed Shehzad,SR Watson,SR Patel,1,0,,,,,,,,,
1168825,2018/19,2019-02-17,Dubai International Cricket Stadium,2,0.4,Quetta Gladiators,Islamabad United,SR Watson,Ahmed Shehzad,SR Patel,0,0,,,,,,,,,
1168825,2018/19,2019-02-17,Dubai International Cricket Stadium,2,0.5,Quetta Gladiators,Islamabad United,SR Watson,Ahmed Shehzad,SR Patel,1,0,,,,,,,,,
1168825,2018/19,2019-02-17,Dubai International Cricket Stadium,2,0.6,Quetta Gladiators,Islamabad United,Ahmed Shehzad,SR Watson,SR Patel,0,0,,,,,,,,,
1168825,2018/19,2019-02-17,Dubai International Cricket Stadium,2,1.1,Quetta Gladiators,Islamabad United,SR Watson,Ahmed Shehzad,Faheem Ashraf,2,0,,,,,,,,,
1168825,2018/19,2019-02-17,Dubai International Cricket Stadium,2,1.2,Quetta Gladiators,Islamabad United,SR Watson,Ahmed Shehzad,Faheem Ashraf,0,1,,,,1,,,,,
1168825,2018/19,2019-02-17,Dubai International Cricket Stadium,2,1.3,Quetta Gladiators,Islamabad United,Ahmed Shehzad,SR Watson,Faheem Ashraf,0,0,,,,,,,,,
1168825,2018/19,2019-02-17,Dubai International Cricket Stadium,2,1.4,Quetta Gladiators,Islamabad United,Ahmed Shehzad,SR Watson,Faheem Ashraf,1,0,,,,,,,,,
1168825,2018/19,2019-02-17,Dubai International Cricket Stadium,2,1.5,Quetta Gladiators,Islamabad United,SR Watson,Ahmed Shehzad,Faheem Ashraf,0,0,,,,,,,,,
1168825,2018/19,2019-02-17,Dubai International Cricket Stadium,2,1.6,Quetta Gladiators,Islamabad United,SR Watson,Ahmed Shehzad,Faheem Ashraf,0,0,,,,,,,,,
1168825,2018/19,2019-02-17,Dubai International Cricket Stadium,2,2.1,Quetta Gladiators,Islamabad United,Ahmed Shehzad,SR Watson,SR Patel,0,0,,,,,,,,,
1168825,2018/19,2019-02-17,Dubai International Cricket Stadium,2,2.2,Quetta Gladiators,Islamabad United,Ahmed Shehzad,SR Watson,SR Patel,0,0,,,,,,bowled,Ahmed Shehzad,,
1168825,2018/19,2019-02-17,Dubai International Cricket Stadium,2,2.3,Quetta Gladiators,Islamabad United,RR Rossouw,SR Watson,SR Patel,0,0,,,,,,,,,
1168825,2018/19,2019-02-17,Dubai International Cricket Stadium,2,2.4,Quetta Gladiators,Islamabad United,RR Rossouw,SR Watson,SR Patel,4,0,,,,,,,,,
1168825,2018/19,2019-02-17,Dubai International Cricket Stadium,2,2.5,Quetta Gladiators,Islamabad United,RR Rossouw,SR Watson,SR Patel,1,0,,,,,,,,,
1168825,2018/19,2019-02-17,Dubai International Cricket Stadium,2,2.6,Quetta Gladiators,Islamabad United,SR Watson,RR Rossouw,SR Patel,4,0,,,,,,,,,
1168825,2018/19,2019-02-17,Dubai International Cricket Stadium,2,3.1,Quetta Gladiators,Islamabad United,RR Rossouw,SR Watson,Faheem Ashraf,1,0,,,,,,,,,
1168825,2018/19,2019-02-17,Dubai International Cricket Stadium,2,3.2,Quetta Gladiators,Islamabad United,SR Watson,RR Rossouw,Faheem Ashraf,4,0,,,,,,,,,
1168825,2018/19,2019-02-17,Dubai International Cricket Stadium,2,3.3,Quetta Gladiators,Islamabad United,SR Watson,RR Rossouw,Faheem Ashraf,0,0,,,,,,,,,
1168825,2018/19,2019-02-17,Dubai International Cricket Stadium,2,3.4,Quetta Gladiators,Islamabad United,SR Watson,RR Rossouw,Faheem Ashraf,4,0,,,,,,,,,
1168825,2018/19,2019-02-17,Dubai International Cricket Stadium,2,3.5,Quetta Gladiators,Islamabad United,SR Watson,RR Rossouw,Faheem Ashraf,2,0,,,,,,,,,
1168825,2018/19,2019-02-17,Dubai International Cricket Stadium,2,3.6,Quetta Gladiators,Islamabad United,SR Watson,RR Rossouw,Faheem Ashraf,0,0,,,,,,,,,
1168825,2018/19,2019-02-17,Dubai International Cricket Stadium,2,4.1,Quetta Gladiators,Islamabad United,RR Rossouw,SR Watson,Rumman Raees,0,1,1,,,,,,,,
1168825,2018/19,2019-02-17,Dubai International Cricket Stadium,2,4.2,Quetta Gladiators,Islamabad United,RR Rossouw,SR Watson,Rumman Raees,4,0,,,,,,,,,
1168825,2018/19,2019-02-17,Dubai International Cricket Stadium,2,4.3,Quetta Gladiators,Islamabad United,RR Rossouw,SR Watson,Rumman Raees,0,0,,,,,,caught,RR Rossouw,,
1168825,2018/19,2019-02-17,Dubai International Cricket Stadium,2,4.4,Quetta Gladiators,Islamabad United,Umar Akmal,SR Watson,Rumman Raees,0,0,,,,,,,,,
1168825,2018/19,2019-02-17,Dubai International Cricket Stadium,2,4.5,Quetta Gladiators,Islamabad United,Umar Akmal,SR Watson,Rumman Raees,0,0,,,,,,,,,
1168825,2018/19,2019-02-17,Dubai International Cricket Stadium,2,4.6,Quetta Gladiators,Islamabad United,Umar Akmal,SR Watson,Rumman Raees,1,0,,,,,,,,,
1168825,2018/19,2019-02-17,Dubai International Cricket Stadium,2,4.7,Quetta Gladiators,Islamabad United,SR Watson,Umar Akmal,Rumman Raees,0,0,,,,,,,,,
1168825,2018/19,2019-02-17,Dubai International Cricket Stadium,2,5.1,Quetta Gladiators,Islamabad United,Umar Akmal,SR Watson,WD Parnell,0,0,,,,,,,,,
1168825,2018/19,2019-02-17,Dubai International Cricket Stadium,2,5.2,Quetta Gladiators,Islamabad United,Umar Akmal,SR Watson,WD Parnell,4,0,,,,,,,,,
1168825,2018/19,2019-02-17,Dubai International Cricket Stadium,2,5.3,Quetta Gladiators,Islamabad United,Umar Akmal,SR Watson,WD Parnell,4,0,,,,,,,,,
1168825,2018/19,2019-02-17,Dubai International Cricket Stadium,2,5.4,Quetta Gladiators,Islamabad United,Umar Akmal,SR Watson,WD Parnell,1,0,,,,,,,,,
1168825,2018/19,2019-02-17,Dubai International Cricket Stadium,2,5.5,Quetta Gladiators,Islamabad United,SR Watson,Umar Akmal,WD Parnell,1,0,,,,,,,,,
1168825,2018/19,2019-02-17,Dubai International Cricket Stadium,2,5.6,Quetta Gladiators,Islamabad United,Umar Akmal,SR Watson,WD Parnell,6,0,,,,,,,,,
1168825,2018/19,2019-02-17,Dubai International Cricket Stadium,2,6.1,Quetta Gladiators,Islamabad United,SR Watson,Umar Akmal,Shadab Khan,1,0,,,,,,,,,
1168825,2018/19,2019-02-17,Dubai International Cricket Stadium,2,6.2,Quetta Gladiators,Islamabad United,Umar Akmal,SR Watson,Shadab Khan,2,0,,,,,,,,,
1168825,2018/19,2019-02-17,Dubai International Cricket Stadium,2,6.3,Quetta Gladiators,Islamabad United,Umar Akmal,SR Watson,Shadab Khan,6,0,,,,,,,,,
1168825,2018/19,2019-02-17,Dubai International Cricket Stadium,2,6.4,Quetta Gladiators,Islamabad United,Umar Akmal,SR Watson,Shadab Khan,1,0,,,,,,,,,
1168825,2018/19,2019-02-17,Dubai International Cricket Stadium,2,6.5,Quetta Gladiators,Islamabad United,SR Watson,Umar Akmal,Shadab Khan,1,0,,,,,,,,,
1168825,2018/19,2019-02-17,Dubai International Cricket Stadium,2,6.6,Quetta Gladiators,Islamabad United,Umar Akmal,SR Watson,Shadab Khan,2,0,,,,,,,,,
1168825,2018/19,2019-02-17,Dubai International Cricket Stadium,2,7.1,Quetta Gladiators,Islamabad United,SR Watson,Umar Akmal,SR Patel,0,0,,,,,,,,,
1168825,2018/19,2019-02-17,Dubai International Cricket Stadium,2,7.2,Quetta Gladiators,Islamabad United,SR Watson,Umar Akmal,SR Patel,1,0,,,,,,,,,
1168825,2018/19,2019-02-17,Dubai International Cricket Stadium,2,7.3,Quetta Gladiators,Islamabad United,Umar Akmal,SR Watson,SR Patel,0,0,,,,,,,,,
1168825,2018/19,2019-02-17,Dubai International Cricket Stadium,2,7.4,Quetta Gladiators,Islamabad United,Umar Akmal,SR Watson,SR Patel,1,0,,,,,,,,,
1168825,2018/19,2019-02-17,Dubai International Cricket Stadium,2,7.5,Quetta Gladiators,Islamabad United,SR Watson,Umar Akmal,SR Patel,1,0,,,,,,,,,
1168825,2018/19,2019-02-17,Dubai International Cricket Stadium,2,7.6,Quetta Gladiators,Islamabad United,Umar Akmal,SR Watson,SR Patel,0,0,,,,,,,,,
1168825,2018/19,2019-02-17,Dubai International Cricket Stadium,2,8.1,Quetta Gladiators,Islamabad United,SR Watson,Umar Akmal,Shadab Khan,0,0,,,,,,,,,
1168825,2018/19,2019-02-17,Dubai International Cricket Stadium,2,8.2,Quetta Gladiators,Islamabad United,SR Watson,Umar Akmal,Shadab Khan,1,0,,,,,,,,,
1168825,2018/19,2019-02-17,Dubai International Cricket Stadium,2,8.3,Quetta Gladiators,Islamabad United,Umar Akmal,SR Watson,Shadab Khan,4,0,,,,,,,,,
1168825,2018/19,2019-02-17,Dubai International Cricket Stadium,2,8.4,Quetta Gladiators,Islamabad United,Umar Akmal,SR Watson,Shadab Khan,0,0,,,,,,,,,
1168825,2018/19,2019-02-17,Dubai International Cricket Stadium,2,8.5,Quetta Gladiators,Islamabad United,Umar Akmal,SR Watson,Shadab Khan,0,0,,,,,,,,,
1168825,2018/19,2019-02-17,Dubai International Cricket Stadium,2,8.6,Quetta Gladiators,Islamabad United,Umar Akmal,SR Watson,Shadab Khan,0,1,1,,,,,,,,
1168825,2018/19,2019-02-17,Dubai International Cricket Stadium,2,8.7,Quetta Gladiators,Islamabad United,Umar Akmal,SR Watson,Shadab Khan,0,0,,,,,,,,,
1168825,2018/19,2019-02-17,Dubai International Cricket Stadium,2,9.1,Quetta Gladiators,Islamabad United,SR Watson,Umar Akmal,Mohammad Sami,4,0,,,,,,,,,
1168825,2018/19,2019-02-17,Dubai International Cricket Stadium,2,9.2,Quetta Gladiators,Islamabad United,SR Watson,Umar Akmal,Mohammad Sami,0,0,,,,,,,,,
1168825,2018/19,2019-02-17,Dubai International Cricket Stadium,2,9.3,Quetta Gladiators,Islamabad United,SR Watson,Umar Akmal,Mohammad Sami,0,0,,,,,,,,,
1168825,2018/19,2019-02-17,Dubai International Cricket Stadium,2,9.4,Quetta Gladiators,Islamabad United,SR Watson,Umar Akmal,Mohammad Sami,0,1,,1,,,,,,,
1168825,2018/19,2019-02-17,Dubai International Cricket Stadium,2,9.5,Quetta Gladiators,Islamabad United,SR Watson,Umar Akmal,Mohammad Sami,1,0,,,,,,,,,
1168825,2018/19,2019-02-17,Dubai International Cricket Stadium,2,9.6,Quetta Gladiators,Islamabad United,Umar Akmal,SR Watson,Mohammad Sami,4,0,,,,,,,,,
1168825,2018/19,2019-02-17,Dubai International Cricket Stadium,2,9.7,Quetta Gladiators,Islamabad United,Umar Akmal,SR Watson,Mohammad Sami,4,0,,,,,,,,,
1168825,2018/19,2019-02-17,Dubai International Cricket Stadium,2,10.1,Quetta Gladiators,Islamabad United,SR Watson,Umar Akmal,Shadab Khan,1,0,,,,,,,,,
1168825,2018/19,2019-02-17,Dubai International Cricket Stadium,2,10.2,Quetta Gladiators,Islamabad United,Umar Akmal,SR Watson,Shadab Khan,0,0,,,,,,,,,
1168825,2018/19,2019-02-17,Dubai International Cricket Stadium,2,10.3,Quetta Gladiators,Islamabad United,Umar Akmal,SR Watson,Shadab Khan,1,0,,,,,,,,,
1168825,2018/19,2019-02-17,Dubai International Cricket Stadium,2,10.4,Quetta Gladiators,Islamabad United,SR Watson,Umar Akmal,Shadab Khan,1,0,,,,,,,,,
1168825,2018/19,2019-02-17,Dubai International Cricket Stadium,2,10.5,Quetta Gladiators,Islamabad United,Umar Akmal,SR Watson,Shadab Khan,0,0,,,,,,,,,
1168825,2018/19,2019-02-17,Dubai International Cricket Stadium,2,10.6,Quetta Gladiators,Islamabad United,Umar Akmal,SR Watson,Shadab Khan,1,0,,,,,,,,,
1168825,2018/19,2019-02-17,Dubai International Cricket Stadium,2,11.1,Quetta Gladiators,Islamabad United,Umar Akmal,SR Watson,CS Delport,1,0,,,,,,,,,
1168825,2018/19,2019-02-17,Dubai International Cricket Stadium,2,11.2,Quetta Gladiators,Islamabad United,SR Watson,Umar Akmal,CS Delport,1,0,,,,,,,,,
1168825,2018/19,2019-02-17,Dubai International Cricket Stadium,2,11.3,Quetta Gladiators,Islamabad United,Umar Akmal,SR Watson,CS Delport,1,0,,,,,,,,,
1168825,2018/19,2019-02-17,Dubai International Cricket Stadium,2,11.4,Quetta Gladiators,Islamabad United,SR Watson,Umar Akmal,CS Delport,1,0,,,,,,,,,
1168825,2018/19,2019-02-17,Dubai International Cricket Stadium,2,11.5,Quetta Gladiators,Islamabad United,Umar Akmal,SR Watson,CS Delport,0,1,1,,,,,,,,
1168825,2018/19,2019-02-17,Dubai International Cricket Stadium,2,11.6,Quetta Gladiators,Islamabad United,Umar Akmal,SR Watson,CS Delport,0,0,,,,,,caught and bowled,Umar Akmal,,
1168825,2018/19,2019-02-17,Dubai International Cricket Stadium,2,11.7,Quetta Gladiators,Islamabad United,SR Watson,Sarfraz Ahmed,CS Delport,1,0,,,,,,,,,
1168825,2018/19,2019-02-17,Dubai International Cricket Stadium,2,12.1,Quetta Gladiators,Islamabad United,SR Watson,Sarfraz Ahmed,Shadab Khan,4,0,,,,,,,,,
1168825,2018/19,2019-02-17,Dubai International Cricket Stadium,2,12.2,Quetta Gladiators,Islamabad United,SR Watson,Sarfraz Ahmed,Shadab Khan,1,0,,,,,,,,,
1168825,2018/19,2019-02-17,Dubai International Cricket Stadium,2,12.3,Quetta Gladiators,Islamabad United,Sarfraz Ahmed,SR Watson,Shadab Khan,1,0,,,,,,,,,
1168825,2018/19,2019-02-17,Dubai International Cricket Stadium,2,12.4,Quetta Gladiators,Islamabad United,SR Watson,Sarfraz Ahmed,Shadab Khan,6,0,,,,,,,,,
1168825,2018/19,2019-02-17,Dubai International Cricket Stadium,2,12.5,Quetta Gladiators,Islamabad United,SR Watson,Sarfraz Ahmed,Shadab Khan,2,0,,,,,,,,,
1168825,2018/19,2019-02-17,Dubai International Cricket Stadium,2,12.6,Quetta Gladiators,Islamabad United,SR Watson,Sarfraz Ahmed,Shadab Khan,1,0,,,,,,,,,
1168825,2018/19,2019-02-17,Dubai International Cricket Stadium,2,13.1,Quetta Gladiators,Islamabad United,SR Watson,Sarfraz Ahmed,CS Delport,1,0,,,,,,,,,
1168825,2018/19,2019-02-17,Dubai International Cricket Stadium,2,13.2,Quetta Gladiators,Islamabad United,Sarfraz Ahmed,SR Watson,CS Delport,1,0,,,,,,,,,
1168825,2018/19,2019-02-17,Dubai International Cricket Stadium,2,13.3,Quetta Gladiators,Islamabad United,SR Watson,Sarfraz Ahmed,CS Delport,1,0,,,,,,,,,
1168825,2018/19,2019-02-17,Dubai International Cricket Stadium,2,13.4,Quetta Gladiators,Islamabad United,Sarfraz Ahmed,SR Watson,CS Delport,1,0,,,,,,,,,
1168825,2018/19,2019-02-17,Dubai International Cricket Stadium,2,13.5,Quetta Gladiators,Islamabad United,SR Watson,Sarfraz Ahmed,CS Delport,1,0,,,,,,,,,
1168825,2018/19,2019-02-17,Dubai International Cricket Stadium,2,13.6,Quetta Gladiators,Islamabad United,Sarfraz Ahmed,SR Watson,CS Delport,0,0,,,,,,,,,
1168825,2018/19,2019-02-17,Dubai International Cricket Stadium,2,14.1,Quetta Gladiators,Islamabad United,SR Watson,Sarfraz Ahmed,Rumman Raees,1,0,,,,,,,,,
1168825,2018/19,2019-02-17,Dubai International Cricket Stadium,2,14.2,Quetta Gladiators,Islamabad United,Sarfraz Ahmed,SR Watson,Rumman Raees,1,0,,,,,,,,,
1168825,2018/19,2019-02-17,Dubai International Cricket Stadium,2,14.3,Quetta Gladiators,Islamabad United,SR Watson,Sarfraz Ahmed,Rumman Raees,1,0,,,,,,,,,
1168825,2018/19,2019-02-17,Dubai International Cricket Stadium,2,14.4,Quetta Gladiators,Islamabad United,Sarfraz Ahmed,SR Watson,Rumman Raees,1,0,,,,,,,,,
1168825,2018/19,2019-02-17,Dubai International Cricket Stadium,2,14.5,Quetta Gladiators,Islamabad United,SR Watson,Sarfraz Ahmed,Rumman Raees,1,0,,,,,,,,,
1168825,2018/19,2019-02-17,Dubai International Cricket Stadium,2,14.6,Quetta Gladiators,Islamabad United,Sarfraz Ahmed,SR Watson,Rumman Raees,0,0,,,,,,,,,
1168825,2018/19,2019-02-17,Dubai International Cricket Stadium,2,15.1,Quetta Gladiators,Islamabad United,SR Watson,Sarfraz Ahmed,CS Delport,1,0,,,,,,,,,
1168825,2018/19,2019-02-17,Dubai International Cricket Stadium,2,15.2,Quetta Gladiators,Islamabad United,Sarfraz Ahmed,SR Watson,CS Delport,1,0,,,,,,,,,
1168825,2018/19,2019-02-17,Dubai International Cricket Stadium,2,15.3,Quetta Gladiators,Islamabad United,SR Watson,Sarfraz Ahmed,CS Delport,1,0,,,,,,,,,
1168825,2018/19,2019-02-17,Dubai International Cricket Stadium,2,15.4,Quetta Gladiators,Islamabad United,Sarfraz Ahmed,SR Watson,CS Delport,1,0,,,,,,,,,
1168825,2018/19,2019-02-17,Dubai International Cricket Stadium,2,15.5,Quetta Gladiators,Islamabad United,SR Watson,Sarfraz Ahmed,CS Delport,0,4,,,4,,,,,,
1168825,2018/19,2019-02-17,Dubai International Cricket Stadium,2,15.6,Quetta Gladiators,Islamabad United,SR Watson,Sarfraz Ahmed,CS Delport,6,0,,,,,,,,,
1168825,2018/19,2019-02-17,Dubai International Cricket Stadium,2,16.1,Quetta Gladiators,Islamabad United,Sarfraz Ahmed,SR Watson,Rumman Raees,2,0,,,,,,,,,
1168825,2018/19,2019-02-17,Dubai International Cricket Stadium,2,16.2,Quetta Gladiators,Islamabad United,Sarfraz Ahmed,SR Watson,Rumman Raees,1,0,,,,,,,,,
1168825,2018/19,2019-02-17,Dubai International Cricket Stadium,2,16.3,Quetta Gladiators,Islamabad United,SR Watson,Sarfraz Ahmed,Rumman Raees,1,0,,,,,,,,,
1168825,2018/19,2019-02-17,Dubai International Cricket Stadium,2,16.4,Quetta Gladiators,Islamabad United,Sarfraz Ahmed,SR Watson,Rumman Raees,1,0,,,,,,,,,
1168825,2018/19,2019-02-17,Dubai International Cricket Stadium,2,16.5,Quetta Gladiators,Islamabad United,SR Watson,Sarfraz Ahmed,Rumman Raees,6,0,,,,,,,,,
1168825,2018/19,2019-02-17,Dubai International Cricket Stadium,2,16.6,Quetta Gladiators,Islamabad United,SR Watson,Sarfraz Ahmed,Rumman Raees,1,0,,,,,,,,,
1168825,2018/19,2019-02-17,Dubai International Cricket Stadium,2,17.1,Quetta Gladiators,Islamabad United,SR Watson,Sarfraz Ahmed,Faheem Ashraf,0,0,,,,,,,,,
1168825,2018/19,2019-02-17,Dubai International Cricket Stadium,2,17.2,Quetta Gladiators,Islamabad United,SR Watson,Sarfraz Ahmed,Faheem Ashraf,6,0,,,,,,,,,
1168825,2018/19,2019-02-17,Dubai International Cricket Stadium,2,17.3,Quetta Gladiators,Islamabad United,SR Watson,Sarfraz Ahmed,Faheem Ashraf,1,0,,,,,,,,,
1168825,2018/19,2019-02-17,Dubai International Cricket Stadium,2,17.4,Quetta Gladiators,Islamabad United,Sarfraz Ahmed,SR Watson,Faheem Ashraf,0,0,,,,,,,,,
1168825,2018/19,2019-02-17,Dubai International Cricket Stadium,2,17.5,Quetta Gladiators,Islamabad United,Sarfraz Ahmed,SR Watson,Faheem Ashraf,2,0,,,,,,,,,
1168825,2018/19,2019-02-17,Dubai International Cricket Stadium,2,17.6,Quetta Gladiators,Islamabad United,Sarfraz Ahmed,SR Watson,Faheem Ashraf,1,0,,,,,,,,,
1168825,2018/19,2019-02-17,Dubai International Cricket Stadium,2,18.1,Quetta Gladiators,Islamabad United,Sarfraz Ahmed,SR Watson,Rumman Raees,1,0,,,,,,,,,
1168825,2018/19,2019-02-17,Dubai International Cricket Stadium,2,18.2,Quetta Gladiators,Islamabad United,SR Watson,Sarfraz Ahmed,Rumman Raees,4,0,,,,,,,,,
