version,2.1.0
info,balls_per_over,6
info,team,Islamabad United
info,team,Multan Sultans
info,gender,male
info,season,2019/20
info,date,2020/03/08
info,event,Pakistan Super League
info,match_number,22
info,venue,Rawalpindi Cricket Stadium
info,city,Rawalpindi
info,toss_winner,Multan Sultans
info,toss_decision,field
info,player_of_match,JM Vince
info,umpire,REJ Martinesz
info,umpire,Tariq Rasheed
info,reserve_umpire,Saqib Khan
info,tv_umpire,Rashid Riaz
info,match_referee,RS Mahanama
info,winner,Multan Sultans
info,winner_wickets,9
info,player,Islamabad United,L Ronchi
info,player,Islamabad United,C Munro
info,player,Islamabad United,Shadab Khan
info,player,Islamabad United,CA Ingram
info,player,Islamabad United,Asif Ali
info,player,Islamabad United,Rizwan Hussain
info,player,Islamabad United,Amad Butt
info,player,Islamabad United,Rumman Raees
info,player,Islamabad United,Muhammad Musa
info,player,Islamabad United,Akif Javed
info,player,Islamabad United,DW Steyn
info,player,Multan Sultans,Zeeshan Ashraf
info,player,Multan Sultans,JM Vince
info,player,Multan Sultans,MM Ali
info,player,Multan Sultans,Shan Masood
info,player,Multan Sultans,RR Rossouw
info,player,Multan Sultans,Khushdil Shah
info,player,Multan Sultans,Shahid Afridi
info,player,Multan Sultans,Sohail Tanvir
info,player,Multan Sultans,Mohammad Ilyas
info,player,Multan Sultans,Imran Tahir
info,player,Multan Sultans,Junaid Khan
info,registry,people,Akif Javed,99d7d5b7
info,registry,people,Amad Butt,c6a1b1bb
info,registry,people,Asif Ali,0a4736eb
info,registry,people,C Munro,af2c687b
info,registry,people,CA Ingram,c995d726
info,registry,people,DW Steyn,8fd1a8f5
info,registry,people,Imran Tahir,acee4cc4
info,registry,people,JM Vince,a15618fe
info,registry,people,Junaid Khan,086f5984
info,registry,people,Khushdil Shah,fce581b5
info,registry,people,L Ronchi,0fa5042b
info,registry,people,MM Ali,bb351c23
info,registry,people,Mohammad Ilyas,bbfa0b42
info,registry,people,Muhammad Musa,9b8a3c39
info,registry,people,REJ Martinesz,140cdf29
info,registry,people,RR Rossouw,cad00a4d
info,registry,people,RS Mahanama,57910393
info,registry,people,Rashid Riaz,fb82725e
info,registry,people,Rizwan Hussain,3031bf83
info,registry,people,Rumman Raees,1c790f4f
info,registry,people,Saqib Khan,74644db4
info,registry,people,Shadab Khan,9de62878
info,registry,people,Shahid Afridi,0dc00542
info,registry,people,Shan Masood,6843a783
info,registry,people,Sohail Tanvir,64d43928
info,registry,people,Tariq Rasheed,1008518c
info,registry,people,Zeeshan Ashraf,4b345629
