match_id,season,start_date,venue,innings,ball,batting_team,bowling_team,striker,non_striker,bowler,runs_off_bat,extras,wides,noballs,byes,legbyes,penalty,wicket_type,player_dismissed,other_wicket_type,other_player_dismissed
1211657,2019/20,2020-03-03,Gaddafi Stadium,1,0.1,Lahore Qalandars,Quetta Gladiators,Fakhar Zaman,CA Lynn,Mohammad Nawaz (3),1,0,,,,,,,,,
1211657,2019/20,2020-03-03,Gaddafi Stadium,1,0.2,Lahore Qalandars,Quetta Gladiators,CA Lynn,Fakhar Zaman,Mohammad Nawaz (3),1,0,,,,,,,,,
1211657,2019/20,2020-03-03,Gaddafi Stadium,1,0.3,Lahore Qalandars,Quetta Gladiators,Fakhar Zaman,CA Lynn,Mohammad Nawaz (3),0,0,,,,,,,,,
1211657,2019/20,2020-03-03,Gaddafi Stadium,1,0.4,Lahore Qalandars,Quetta Gladiators,Fakhar Zaman,CA Lynn,Mohammad Nawaz (3),0,0,,,,,,,,,
1211657,2019/20,2020-03-03,Gaddafi Stadium,1,0.5,Lahore Qalandars,Quetta Gladiators,Fakhar Zaman,CA Lynn,Mohammad Nawaz (3),1,0,,,,,,,,,
1211657,2019/20,2020-03-03,Gaddafi Stadium,1,0.6,Lahore Qalandars,Quetta Gladiators,CA Lynn,Fakhar Zaman,Mohammad Nawaz (3),0,0,,,,,,,,,
1211657,2019/20,2020-03-03,Gaddafi Stadium,1,1.1,Lahore Qalandars,Quetta Gladiators,Fakhar Zaman,CA Lynn,Naseem Shah,0,0,,,,,,,,,
1211657,2019/20,2020-03-03,Gaddafi Stadium,1,1.2,Lahore Qalandars,Quetta Gladiators,Fakhar Zaman,CA Lynn,Naseem Shah,1,0,,,,,,,,,
1211657,2019/20,2020-03-03,Gaddafi Stadium,1,1.3,Lahore Qalandars,Quetta Gladiators,CA Lynn,Fakhar Zaman,Naseem Shah,0,0,,,,,,,,,
1211657,2019/20,2020-03-03,Gaddafi Stadium,1,1.4,Lahore Qalandars,Quetta Gladiators,CA Lynn,Fakhar Zaman,Naseem Shah,4,0,,,,,,,,,
1211657,2019/20,2020-03-03,Gaddafi Stadium,1,1.5,Lahore Qalandars,Quetta Gladiators,CA Lynn,Fakhar Zaman,Naseem Shah,0,0,,,,,,,,,
1211657,2019/20,2020-03-03,Gaddafi Stadium,1,1.6,Lahore Qalandars,Quetta Gladiators,CA Lynn,Fakhar Zaman,Naseem Shah,4,0,,,,,,,,,
1211657,2019/20,2020-03-03,Gaddafi Stadium,1,2.1,Lahore Qalandars,Quetta Gladiators,Fakhar Zaman,CA Lynn,Mohammad Nawaz (3),4,0,,,,,,,,,
1211657,2019/20,2020-03-03,Gaddafi Stadium,1,2.2,Lahore Qalandars,Quetta Gladiators,Fakhar Zaman,CA Lynn,Mohammad Nawaz (3),1,0,,,,,,,,,
1211657,2019/20,2020-03-03,Gaddafi Stadium,1,2.3,Lahore Qalandars,Quetta Gladiators,CA Lynn,Fakhar Zaman,Mohammad Nawaz (3),1,0,,,,,,,,,
1211657,2019/20,2020-03-03,Gaddafi Stadium,1,2.4,Lahore Qalandars,Quetta Gladiators,Fakhar Zaman,CA Lynn,Mohammad Nawaz (3),4,0,,,,,,,,,
1211657,2019/20,2020-03-03,Gaddafi Stadium,1,2.5,Lahore Qalandars,Quetta Gladiators,Fakhar Zaman,CA Lynn,Mohammad Nawaz (3),1,0,,,,,,,,,
1211657,2019/20,2020-03-03,Gaddafi Stadium,1,2.6,Lahore Qalandars,Quetta Gladiators,CA Lynn,Fakhar Zaman,Mohammad Nawaz (3),0,0,,,,,,,,,
1211657,2019/20,2020-03-03,Gaddafi Stadium,1,3.1,Lahore Qalandars,Quetta Gladiators,Fakhar Zaman,CA Lynn,Naseem Shah,1,0,,,,,,,,,
1211657,2019/20,2020-03-03,Gaddafi Stadium,1,3.2,Lahore Qalandars,Quetta Gladiators,CA Lynn,Fakhar Zaman,Naseem Shah,0,0,,,,,,,,,
1211657,2019/20,2020-03-03,Gaddafi Stadium,1,3.3,Lahore Qalandars,Quetta Gladiators,CA Lynn,Fakhar Zaman,Naseem Shah,0,0,,,,,,,,,
1211657,2019/20,2020-03-03,Gaddafi Stadium,1,3.4,Lahore Qalandars,Quetta Gladiators,CA Lynn,Fakhar Zaman,Naseem Shah,4,0,,,,,,,,,
1211657,2019/20,2020-03-03,Gaddafi Stadium,1,3.5,Lahore Qalandars,Quetta Gladiators,CA Lynn,Fakhar Zaman,Naseem Shah,6,0,,,,,,,,,
1211657,2019/20,2020-03-03,Gaddafi Stadium,1,3.6,Lahore Qalandars,Quetta Gladiators,CA Lynn,Fakhar Zaman,Naseem Shah,0,0,,,,,,,,,
1211657,2019/20,2020-03-03,Gaddafi Stadium,1,4.1,Lahore Qalandars,Quetta Gladiators,Fakhar Zaman,CA Lynn,Mohammad Nawaz (3),1,0,,,,,,,,,
1211657,2019/20,2020-03-03,Gaddafi Stadium,1,4.2,Lahore Qalandars,Quetta Gladiators,CA Lynn,Fakhar Zaman,Mohammad Nawaz (3),1,0,,,,,,,,,
1211657,2019/20,2020-03-03,Gaddafi Stadium,1,4.3,Lahore Qalandars,Quetta Gladiators,Fakhar Zaman,CA Lynn,Mohammad Nawaz (3),0,0,,,,,,,,,
1211657,2019/20,2020-03-03,Gaddafi Stadium,1,4.4,Lahore Qalandars,Quetta Gladiators,Fakhar Zaman,CA Lynn,Mohammad Nawaz (3),0,0,,,,,,caught,Fakhar Zaman,,
1211657,2019/20,2020-03-03,Gaddafi Stadium,1,4.5,Lahore Qalandars,Quetta Gladiators,BR Dunk,CA Lynn,Mohammad Nawaz (3),0,0,,,,,,,,,
1211657,2019/20,2020-03-03,Gaddafi Stadium,1,4.6,Lahore Qalandars,Quetta Gladiators,BR Dunk,CA Lynn,Mohammad Nawaz (3),1,0,,,,,,,,,
1211657,2019/20,2020-03-03,Gaddafi Stadium,1,5.1,Lahore Qalandars,Quetta Gladiators,BR Dunk,CA Lynn,Fawad Ahmed,1,0,,,,,,,,,
1211657,2019/20,2020-03-03,Gaddafi Stadium,1,5.2,Lahore Qalandars,Quetta Gladiators,CA Lynn,BR Dunk,Fawad Ahmed,4,0,,,,,,,,,
1211657,2019/20,2020-03-03,Gaddafi Stadium,1,5.3,Lahore Qalandars,Quetta Gladiators,CA Lynn,BR Dunk,Fawad Ahmed,0,0,,,,,,,,,
1211657,2019/20,2020-03-03,Gaddafi Stadium,1,5.4,Lahore Qalandars,Quetta Gladiators,CA Lynn,BR Dunk,Fawad Ahmed,1,0,,,,,,,,,
1211657,2019/20,2020-03-03,Gaddafi Stadium,1,5.5,Lahore Qalandars,Quetta Gladiators,BR Dunk,CA Lynn,Fawad Ahmed,4,0,,,,,,,,,
1211657,2019/20,2020-03-03,Gaddafi Stadium,1,5.6,Lahore Qalandars,Quetta Gladiators,BR Dunk,CA Lynn,Fawad Ahmed,0,0,,,,,,,,,
1211657,2019/20,2020-03-03,Gaddafi Stadium,1,6.1,Lahore Qalandars,Quetta Gladiators,CA Lynn,BR Dunk,Mohammad Hasnain,0,0,,,,,,,,,
1211657,2019/20,2020-03-03,Gaddafi Stadium,1,6.2,Lahore Qalandars,Quetta Gladiators,CA Lynn,BR Dunk,Mohammad Hasnain,0,0,,,,,,,,,
1211657,2019/20,2020-03-03,Gaddafi Stadium,1,6.3,Lahore Qalandars,Quetta Gladiators,CA Lynn,BR Dunk,Mohammad Hasnain,0,0,,,,,,,,,
1211657,2019/20,2020-03-03,Gaddafi Stadium,1,6.4,Lahore Qalandars,Quetta Gladiators,CA Lynn,BR Dunk,Mohammad Hasnain,1,0,,,,,,,,,
1211657,2019/20,2020-03-03,Gaddafi Stadium,1,6.5,Lahore Qalandars,Quetta Gladiators,BR Dunk,CA Lynn,Mohammad Hasnain,1,0,,,,,,,,,
1211657,2019/20,2020-03-03,Gaddafi Stadium,1,6.6,Lahore Qalandars,Quetta Gladiators,CA Lynn,BR Dunk,Mohammad Hasnain,0,0,,,,,,caught,CA Lynn,,
1211657,2019/20,2020-03-03,Gaddafi Stadium,1,7.1,Lahore Qalandars,Quetta Gladiators,BR Dunk,Mohammad Hafeez,Fawad Ahmed,0,0,,,,,,,,,
1211657,2019/20,2020-03-03,Gaddafi Stadium,1,7.2,Lahore Qalandars,Quetta Gladiators,BR Dunk,Mohammad Hafeez,Fawad Ahmed,1,0,,,,,,,,,
1211657,2019/20,2020-03-03,Gaddafi Stadium,1,7.3,Lahore Qalandars,Quetta Gladiators,Mohammad Hafeez,BR Dunk,Fawad Ahmed,0,0,,,,,,caught,Mohammad Hafeez,,
1211657,2019/20,2020-03-03,Gaddafi Stadium,1,7.4,Lahore Qalandars,Quetta Gladiators,SR Patel,BR Dunk,Fawad Ahmed,1,0,,,,,,,,,
1211657,2019/20,2020-03-03,Gaddafi Stadium,1,7.5,Lahore Qalandars,Quetta Gladiators,BR Dunk,SR Patel,Fawad Ahmed,1,0,,,,,,,,,
1211657,2019/20,2020-03-03,Gaddafi Stadium,1,7.6,Lahore Qalandars,Quetta Gladiators,SR Patel,BR Dunk,Fawad Ahmed,0,0,,,,,,,,,
1211657,2019/20,2020-03-03,Gaddafi Stadium,1,8.1,Lahore Qalandars,Quetta Gladiators,BR Dunk,SR Patel,BCJ Cutting,1,0,,,,,,,,,
1211657,2019/20,2020-03-03,Gaddafi Stadium,1,8.2,Lahore Qalandars,Quetta Gladiators,SR Patel,BR Dunk,BCJ Cutting,0,0,,,,,,,,,
1211657,2019/20,2020-03-03,Gaddafi Stadium,1,8.3,Lahore Qalandars,Quetta Gladiators,SR Patel,BR Dunk,BCJ Cutting,1,0,,,,,,,,,
1211657,2019/20,2020-03-03,Gaddafi Stadium,1,8.4,Lahore Qalandars,Quetta Gladiators,BR Dunk,SR Patel,BCJ Cutting,0,0,,,,,,,,,
1211657,2019/20,2020-03-03,Gaddafi Stadium,1,8.5,Lahore Qalandars,Quetta Gladiators,BR Dunk,SR Patel,BCJ Cutting,1,0,,,,,,,,,
1211657,2019/20,2020-03-03,Gaddafi Stadium,1,8.6,Lahore Qalandars,Quetta Gladiators,SR Patel,BR Dunk,BCJ Cutting,4,0,,,,,,,,,
1211657,2019/20,2020-03-03,Gaddafi Stadium,1,9.1,Lahore Qalandars,Quetta Gladiators,BR Dunk,SR Patel,Fawad Ahmed,1,0,,,,,,,,,
1211657,2019/20,2020-03-03,Gaddafi Stadium,1,9.2,Lahore Qalandars,Quetta Gladiators,SR Patel,BR Dunk,Fawad Ahmed,0,0,,,,,,,,,
1211657,2019/20,2020-03-03,Gaddafi Stadium,1,9.3,Lahore Qalandars,Quetta Gladiators,SR Patel,BR Dunk,Fawad Ahmed,0,0,,,,,,,,,
1211657,2019/20,2020-03-03,Gaddafi Stadium,1,9.4,Lahore Qalandars,Quetta Gladiators,SR Patel,BR Dunk,Fawad Ahmed,1,0,,,,,,,,,
1211657,2019/20,2020-03-03,Gaddafi Stadium,1,9.5,Lahore Qalandars,Quetta Gladiators,BR Dunk,SR Patel,Fawad Ahmed,0,0,,,,,,,,,
1211657,2019/20,2020-03-03,Gaddafi Stadium,1,9.6,Lahore Qalandars,Quetta Gladiators,BR Dunk,SR Patel,Fawad Ahmed,0,0,,,,,,,,,
1211657,2019/20,2020-03-03,Gaddafi Stadium,1,10.1,Lahore Qalandars,Quetta Gladiators,SR Patel,BR Dunk,BCJ Cutting,1,0,,,,,,,,,
1211657,2019/20,2020-03-03,Gaddafi Stadium,1,10.2,Lahore Qalandars,Quetta Gladiators,BR Dunk,SR Patel,BCJ Cutting,1,0,,,,,,,,,
1211657,2019/20,2020-03-03,Gaddafi Stadium,1,10.3,Lahore Qalandars,Quetta Gladiators,SR Patel,BR Dunk,BCJ Cutting,4,0,,,,,,,,,
1211657,2019/20,2020-03-03,Gaddafi Stadium,1,10.4,Lahore Qalandars,Quetta Gladiators,SR Patel,BR Dunk,BCJ Cutting,2,0,,,,,,,,,
1211657,2019/20,2020-03-03,Gaddafi Stadium,1,10.5,Lahore Qalandars,Quetta Gladiators,SR Patel,BR Dunk,BCJ Cutting,0,0,,,,,,,,,
1211657,2019/20,2020-03-03,Gaddafi Stadium,1,10.6,Lahore Qalandars,Quetta Gladiators,SR Patel,BR Dunk,BCJ Cutting,4,0,,,,,,,,,
1211657,2019/20,2020-03-03,Gaddafi Stadium,1,11.1,Lahore Qalandars,Quetta Gladiators,BR Dunk,SR Patel,Fawad Ahmed,6,0,,,,,,,,,
1211657,2019/20,2020-03-03,Gaddafi Stadium,1,11.2,Lahore Qalandars,Quetta Gladiators,BR Dunk,SR Patel,Fawad Ahmed,4,0,,,,,,,,,
1211657,2019/20,2020-03-03,Gaddafi Stadium,1,11.3,Lahore Qalandars,Quetta Gladiators,BR Dunk,SR Patel,Fawad Ahmed,1,0,,,,,,,,,
1211657,2019/20,2020-03-03,Gaddafi Stadium,1,11.4,Lahore Qalandars,Quetta Gladiators,SR Patel,BR Dunk,Fawad Ahmed,1,0,,,,,,,,,
1211657,2019/20,2020-03-03,Gaddafi Stadium,1,11.5,Lahore Qalandars,Quetta Gladiators,BR Dunk,SR Patel,Fawad Ahmed,1,0,,,,,,,,,
1211657,2019/20,2020-03-03,Gaddafi Stadium,1,11.6,Lahore Qalandars,Quetta Gladiators,SR Patel,BR Dunk,Fawad Ahmed,0,0,,,,,,,,,
1211657,2019/20,2020-03-03,Gaddafi Stadium,1,12.1,Lahore Qalandars,Quetta Gladiators,BR Dunk,SR Patel,Mohammad Hasnain,1,0,,,,,,,,,
1211657,2019/20,2020-03-03,Gaddafi Stadium,1,12.2,Lahore Qalandars,Quetta Gladiators,SR Patel,BR Dunk,Mohammad Hasnain,0,0,,,,,,,,,
1211657,2019/20,2020-03-03,Gaddafi Stadium,1,12.3,Lahore Qalandars,Quetta Gladiators,SR Patel,BR Dunk,Mohammad Hasnain,1,0,,,,,,,,,
1211657,2019/20,2020-03-03,Gaddafi Stadium,1,12.4,Lahore Qalandars,Quetta Gladiators,BR Dunk,SR Patel,Mohammad Hasnain,0,1,,,,1,,,,,
1211657,2019/20,2020-03-03,Gaddafi Stadium,1,12.5,Lahore Qalandars,Quetta Gladiators,SR Patel,BR Dunk,Mohammad Hasnain,4,0,,,,,,,,,
1211657,2019/20,2020-03-03,Gaddafi Stadium,1,12.6,Lahore Qalandars,Quetta Gladiators,SR Patel,BR Dunk,Mohammad Hasnain,1,0,,,,,,,,,
1211657,2019/20,2020-03-03,Gaddafi Stadium,1,13.1,Lahore Qalandars,Quetta Gladiators,SR Patel,BR Dunk,Anwar Ali,1,0,,,,,,,,,
1211657,2019/20,2020-03-03,Gaddafi Stadium,1,13.2,Lahore Qalandars,Quetta Gladiators,BR Dunk,SR Patel,Anwar Ali,6,0,,,,,,,,,
1211657,2019/20,2020-03-03,Gaddafi Stadium,1,13.3,Lahore Qalandars,Quetta Gladiators,BR Dunk,SR Patel,Anwar Ali,1,0,,,,,,,,,
1211657,2019/20,2020-03-03,Gaddafi Stadium,1,13.4,Lahore Qalandars,Quetta Gladiators,SR Patel,BR Dunk,Anwar Ali,4,0,,,,,,,,,
1211657,2019/20,2020-03-03,Gaddafi Stadium,1,13.5,Lahore Qalandars,Quetta Gladiators,SR Patel,BR Dunk,Anwar Ali,1,0,,,,,,,,,
1211657,2019/20,2020-03-03,Gaddafi Stadium,1,13.6,Lahore Qalandars,Quetta Gladiators,BR Dunk,SR Patel,Anwar Ali,6,0,,,,,,,,,
1211657,2019/20,2020-03-03,Gaddafi Stadium,1,14.1,Lahore Qalandars,Quetta Gladiators,SR Patel,BR Dunk,Mohammad Nawaz (3),1,0,,,,,,,,,
1211657,2019/20,2020-03-03,Gaddafi Stadium,1,14.2,Lahore Qalandars,Quetta Gladiators,BR Dunk,SR Patel,Mohammad Nawaz (3),2,0,,,,,,,,,
1211657,2019/20,2020-03-03,Gaddafi Stadium,1,14.3,Lahore Qalandars,Quetta Gladiators,BR Dunk,SR Patel,Mohammad Nawaz (3),6,0,,,,,,,,,
1211657,2019/20,2020-03-03,Gaddafi Stadium,1,14.4,Lahore Qalandars,Quetta Gladiators,BR Dunk,SR Patel,Mohammad Nawaz (3),6,0,,,,,,,,,
1211657,2019/20,2020-03-03,Gaddafi Stadium,1,14.5,Lahore Qalandars,Quetta Gladiators,BR Dunk,SR Patel,Mohammad Nawaz (3),6,0,,,,,,,,,
1211657,2019/20,2020-03-03,Gaddafi Stadium,1,14.6,Lahore Qalandars,Quetta Gladiators,BR Dunk,SR Patel,Mohammad Nawaz (3),6,0,,,,,,,,,
1211657,2019/20,2020-03-03,Gaddafi Stadium,1,15.1,Lahore Qalandars,Quetta Gladiators,SR Patel,BR Dunk,Mohammad Hasnain,4,0,,,,,,,,,
1211657,2019/20,2020-03-03,Gaddafi Stadium,1,15.2,Lahore Qalandars,Quetta Gladiators,SR Patel,BR Dunk,Mohammad Hasnain,6,0,,,,,,,,,
1211657,2019/20,2020-03-03,Gaddafi Stadium,1,15.3,Lahore Qalandars,Quetta Gladiators,SR Patel,BR Dunk,Mohammad Hasnain,1,0,,,,,,,,,
1211657,2019/20,2020-03-03,Gaddafi Stadium,1,15.4,Lahore Qalandars,Quetta Gladiators,BR Dunk,SR Patel,Mohammad Hasnain,1,0,,,,,,,,,
1211657,2019/20,2020-03-03,Gaddafi Stadium,1,15.5,Lahore Qalandars,Quetta Gladiators,SR Patel,BR Dunk,Mohammad Hasnain,1,0,,,,,,,,,
1211657,2019/20,2020-03-03,Gaddafi Stadium,1,15.6,Lahore Qalandars,Quetta Gladiators,BR Dunk,SR Patel,Mohammad Hasnain,1,0,,,,,,,,,
1211657,2019/20,2020-03-03,Gaddafi Stadium,1,16.1,Lahore Qalandars,Quetta Gladiators,BR Dunk,SR Patel,Naseem Shah,6,0,,,,,,,,,
1211657,2019/20,2020-03-03,Gaddafi Stadium,1,16.2,Lahore Qalandars,Quetta Gladiators,BR Dunk,SR Patel,Naseem Shah,6,0,,,,,,,,,
1211657,2019/20,2020-03-03,Gaddafi Stadium,1,16.3,Lahore Qalandars,Quetta Gladiators,BR Dunk,SR Patel,Naseem Shah,1,0,,,,,,,,,
1211657,2019/20,2020-03-03,Gaddafi Stadium,1,16.4,Lahore Qalandars,Quetta Gladiators,SR Patel,BR Dunk,Naseem Shah,2,0,,,,,,,,,
1211657,2019/20,2020-03-03,Gaddafi Stadium,1,16.5,Lahore Qalandars,Quetta Gladiators,SR Patel,BR Dunk,Naseem Shah,1,0,,,,,,,,,
1211657,2019/20,2020-03-03,Gaddafi Stadium,1,16.6,Lahore Qalandars,Quetta Gladiators,BR Dunk,SR Patel,Naseem Shah,0,1,1,,,,,,,,
1211657,2019/20,2020-03-03,Gaddafi Stadium,1,16.7,Lahore Qalandars,Quetta Gladiators,BR Dunk,SR Patel,Naseem Shah,0,0,,,,,,,,,
1211657,2019/20,2020-03-03,Gaddafi Stadium,1,17.1,Lahore Qalandars,Quetta Gladiators,SR Patel,BR Dunk,Mohammad Hasnain,0,0,,,,,,,,,
1211657,2019/20,2020-03-03,Gaddafi Stadium,1,17.2,Lahore Qalandars,Quetta Gladiators,SR Patel,BR Dunk,Mohammad Hasnain,4,0,,,,,,,,,
1211657,2019/20,2020-03-03,Gaddafi Stadium,1,17.3,Lahore Qalandars,Quetta Gladiators,SR Patel,BR Dunk,Mohammad Hasnain,2,0,,,,,,,,,
1211657,2019/20,2020-03-03,Gaddafi Stadium,1,17.4,Lahore Qalandars,Quetta Gladiators,SR Patel,BR Dunk,Mohammad Hasnain,1,0,,,,,,,,,
1211657,2019/20,2020-03-03,Gaddafi Stadium,1,17.5,Lahore Qalandars,Quetta Gladiators,BR Dunk,SR Patel,Mohammad Hasnain,0,1,,,,1,,,,,
1211657,2019/20,2020-03-03,Gaddafi Stadium,1,17.6,Lahore Qalandars,Quetta Gladiators,SR Patel,BR Dunk,Mohammad Hasnain,2,0,,,,,,,,,
1211657,2019/20,2020-03-03,Gaddafi Stadium,1,18.1,Lahore Qalandars,Quetta Gladiators,BR Dunk,SR Patel,Naseem Shah,1,0,,,,,,,,,
1211657,2019/20,2020-03-03,Gaddafi Stadium,1,18.2,Lahore Qalandars,Quetta Gladiators,SR Patel,BR Dunk,Naseem Shah,4,0,,,,,,,,,
1211657,2019/20,2020-03-03,Gaddafi Stadium,1,18.3,Lahore Qalandars,Quetta Gladiators,SR Patel,BR Dunk,Naseem Shah,0,0,,,,,,,,,
1211657,2019/20,2020-03-03,Gaddafi Stadium,1,18.4,Lahore Qalandars,Quetta Gladiators,SR Patel,BR Dunk,Naseem Shah,1,0,,,,,,,,,
1211657,2019/20,2020-03-03,Gaddafi Stadium,1,18.5,Lahore Qalandars,Quetta Gladiators,BR Dunk,SR Patel,Naseem Shah,1,0,,,,,,,,,
1211657,2019/20,2020-03-03,Gaddafi Stadium,1,18.6,Lahore Qalandars,Quetta Gladiators,SR Patel,BR Dunk,Naseem Shah,4,0,,,,,,,,,
1211657,2019/20,2020-03-03,Gaddafi Stadium,1,19.1,Lahore Qalandars,Quetta Gladiators,BR Dunk,SR Patel,BCJ Cutting,6,0,,,,,,,,,
1211657,2019/20,2020-03-03,Gaddafi Stadium,1,19.2,Lahore Qalandars,Quetta Gladiators,BR Dunk,SR Patel,BCJ Cutting,1,0,,,,,,,,,
1211657,2019/20,2020-03-03,Gaddafi Stadium,1,19.3,Lahore Qalandars,Quetta Gladiators,SR Patel,BR Dunk,BCJ Cutting,6,0,,,,,,,,,
1211657,2019/20,2020-03-03,Gaddafi Stadium,1,19.4,Lahore Qalandars,Quetta Gladiators,SR Patel,BR Dunk,BCJ Cutting,0,0,,,,,,caught,SR Patel,,
1211657,2019/20,2020-03-03,Gaddafi Stadium,1,19.5,Lahore Qalandars,Quetta Gladiators,BR Dunk,Sohail Akhtar,BCJ Cutting,4,0,,,,,,,,,
1211657,2019/20,2020-03-03,Gaddafi Stadium,1,19.6,Lahore Qalandars,Quetta Gladiators,BR Dunk,Sohail Akhtar,BCJ Cutting,0,0,,,,,,caught,BR Dunk,,
1211657,2019/20,2020-03-03,Gaddafi Stadium,2,0.1,Quetta Gladiators,Lahore Qalandars,JJ Roy,SR Watson,Shaheen Shah Afridi,0,0,,,,,,,,,
1211657,2019/20,2020-03-03,Gaddafi Stadium,2,0.2,Quetta Gladiators,Lahore Qalandars,JJ Roy,SR Watson,Shaheen Shah Afridi,1,0,,,,,,,,,
1211657,2019/20,2020-03-03,Gaddafi Stadium,2,0.3,Quetta Gladiators,Lahore Qalandars,SR Watson,JJ Roy,Shaheen Shah Afridi,0,1,1,,,,,,,,
1211657,2019/20,2020-03-03,Gaddafi Stadium,2,0.4,Quetta Gladiators,Lahore Qalandars,SR Watson,JJ Roy,Shaheen Shah Afridi,1,0,,,,,,,,,
1211657,2019/20,2020-03-03,Gaddafi Stadium,2,0.5,Quetta Gladiators,Lahore Qalandars,JJ Roy,SR Watson,Shaheen Shah Afridi,2,0,,,,,,,,,
1211657,2019/20,2020-03-03,Gaddafi Stadium,2,0.6,Quetta Gladiators,Lahore Qalandars,JJ Roy,SR Watson,Shaheen Shah Afridi,0,0,,,,,,,,,
1211657,2019/20,2020-03-03,Gaddafi Stadium,2,0.7,Quetta Gladiators,Lahore Qalandars,JJ Roy,SR Watson,Shaheen Shah Afridi,0,1,1,,,,,,,,
1211657,2019/20,2020-03-03,Gaddafi Stadium,2,0.8,Quetta Gladiators,Lahore Qalandars,JJ Roy,SR Watson,Shaheen Shah Afridi,1,0,,,,,,,,,
1211657,2019/20,2020-03-03,Gaddafi Stadium,2,1.1,Quetta Gladiators,Lahore Qalandars,JJ Roy,SR Watson,SR Patel,1,0,,,,,,,,,
1211657,2019/20,2020-03-03,Gaddafi Stadium,2,1.2,Quetta Gladiators,Lahore Qalandars,SR Watson,JJ Roy,SR Patel,4,0,,,,,,,,,
1211657,2019/20,2020-03-03,Gaddafi Stadium,2,1.3,Quetta Gladiators,Lahore Qalandars,SR Watson,JJ Roy,SR Patel,0,0,,,,,,,,,
1211657,2019/20,2020-03-03,Gaddafi Stadium,2,1.4,Quetta Gladiators,Lahore Qalandars,SR Watson,JJ Roy,SR Patel,1,0,,,,,,,,,
1211657,2019/20,2020-03-03,Gaddafi Stadium,2,1.5,Quetta Gladiators,Lahore Qalandars,JJ Roy,SR Watson,SR Patel,0,1,1,,,,,,,,
1211657,2019/20,2020-03-03,Gaddafi Stadium,2,1.6,Quetta Gladiators,Lahore Qalandars,JJ Roy,SR Watson,SR Patel,1,0,,,,,,,,,
1211657,2019/20,2020-03-03,Gaddafi Stadium,2,1.7,Quetta Gladiators,Lahore Qalandars,SR Watson,JJ Roy,SR Patel,0,0,,,,,,,,,
1211657,2019/20,2020-03-03,Gaddafi Stadium,2,2.1,Quetta Gladiators,Lahore Qalandars,JJ Roy,SR Watson,Shaheen Shah Afridi,4,0,,,,,,,,,
1211657,2019/20,2020-03-03,Gaddafi Stadium,2,2.2,Quetta Gladiators,Lahore Qalandars,JJ Roy,SR Watson,Shaheen Shah Afridi,1,0,,,,,,,,,
1211657,2019/20,2020-03-03,Gaddafi Stadium,2,2.3,Quetta Gladiators,Lahore Qalandars,SR Watson,JJ Roy,Shaheen Shah Afridi,6,0,,,,,,,,,
1211657,2019/20,2020-03-03,Gaddafi Stadium,2,2.4,Quetta Gladiators,Lahore Qalandars,SR Watson,JJ Roy,Shaheen Shah Afridi,0,0,,,,,,,,,
1211657,2019/20,2020-03-03,Gaddafi Stadium,2,2.5,Quetta Gladiators,Lahore Qalandars,SR Watson,JJ Roy,Shaheen Shah Afridi,1,0,,,,,,,,,
1211657,2019/20,2020-03-03,Gaddafi Stadium,2,2.6,Quetta Gladiators,Lahore Qalandars,JJ Roy,SR Watson,Shaheen Shah Afridi,1,0,,,,,,,,,
1211657,2019/20,2020-03-03,Gaddafi Stadium,2,3.1,Quetta Gladiators,Lahore Qalandars,JJ Roy,SR Watson,SR Patel,0,0,,,,,,bowled,JJ Roy,,
1211657,2019/20,2020-03-03,Gaddafi Stadium,2,3.2,Quetta Gladiators,Lahore Qalandars,Ahsan Ali,SR Watson,SR Patel,1,0,,,,,,,,,
1211657,2019/20,2020-03-03,Gaddafi Stadium,2,3.3,Quetta Gladiators,Lahore Qalandars,SR Watson,Ahsan Ali,SR Patel,6,0,,,,,,,,,
1211657,2019/20,2020-03-03,Gaddafi Stadium,2,3.4,Quetta Gladiators,Lahore Qalandars,SR Watson,Ahsan Ali,SR Patel,1,0,,,,,,,,,
1211657,2019/20,2020-03-03,Gaddafi Stadium,2,3.5,Quetta Gladiators,Lahore Qalandars,Ahsan Ali,SR Watson,SR Patel,1,0,,,,,,,,,
1211657,2019/20,2020-03-03,Gaddafi Stadium,2,3.6,Quetta Gladiators,Lahore Qalandars,SR Watson,Ahsan Ali,SR Patel,0,2,,,2,,,,,,
1211657,2019/20,2020-03-03,Gaddafi Stadium,2,4.1,Quetta Gladiators,Lahore Qalandars,Ahsan Ali,SR Watson,Dilbar Hussain,0,0,,,,,,caught,Ahsan Ali,,
1211657,2019/20,2020-03-03,Gaddafi Stadium,2,4.2,Quetta Gladiators,Lahore Qalandars,Sarfraz Ahmed,SR Watson,Dilbar Hussain,0,1,,,,1,,,,,
1211657,2019/20,2020-03-03,Gaddafi Stadium,2,4.3,Quetta Gladiators,Lahore Qalandars,SR Watson,Sarfraz Ahmed,Dilbar Hussain,1,0,,,,,,,,,
1211657,2019/20,2020-03-03,Gaddafi Stadium,2,4.4,Quetta Gladiators,Lahore Qalandars,Sarfraz Ahmed,SR Watson,Dilbar Hussain,0,0,,,,,,,,,
1211657,2019/20,2020-03-03,Gaddafi Stadium,2,4.5,Quetta Gladiators,Lahore Qalandars,Sarfraz Ahmed,SR Watson,Dilbar Hussain,4,0,,,,,,,,,
1211657,2019/20,2020-03-03,Gaddafi Stadium,2,4.6,Quetta Gladiators,Lahore Qalandars,Sarfraz Ahmed,SR Watson,Dilbar Hussain,1,0,,,,,,,,,
1211657,2019/20,2020-03-03,Gaddafi Stadium,2,5.1,Quetta Gladiators,Lahore Qalandars,Sarfraz Ahmed,SR Watson,SR Patel,0,0,,,,,,,,,
1211657,2019/20,2020-03-03,Gaddafi Stadium,2,5.2,Quetta Gladiators,Lahore Qalandars,Sarfraz Ahmed,SR Watson,SR Patel,0,0,,,,,,,,,
1211657,2019/20,2020-03-03,Gaddafi Stadium,2,5.3,Quetta Gladiators,Lahore Qalandars,Sarfraz Ahmed,SR Watson,SR Patel,4,0,,,,,,,,,
1211657,2019/20,2020-03-03,Gaddafi Stadium,2,5.4,Quetta Gladiators,Lahore Qalandars,Sarfraz Ahmed,SR Watson,SR Patel,0,0,,,,,,caught,Sarfraz Ahmed,,
1211657,2019/20,2020-03-03,Gaddafi Stadium,2,5.5,Quetta Gladiators,Lahore Qalandars,SR Watson,Azam Khan,SR Patel,0,0,,,,,,,,,
1211657,2019/20,2020-03-03,Gaddafi Stadium,2,5.6,Quetta Gladiators,Lahore Qalandars,SR Watson,Azam Khan,SR Patel,1,0,,,,,,,,,
1211657,2019/20,2020-03-03,Gaddafi Stadium,2,6.1,Quetta Gladiators,Lahore Qalandars,SR Watson,Azam Khan,Dilbar Hussain,1,0,,,,,,,,,
1211657,2019/20,2020-03-03,Gaddafi Stadium,2,6.2,Quetta Gladiators,Lahore Qalandars,Azam Khan,SR Watson,Dilbar Hussain,1,0,,,,,,,,,
1211657,2019/20,2020-03-03,Gaddafi Stadium,2,6.3,Quetta Gladiators,Lahore Qalandars,SR Watson,Azam Khan,Dilbar Hussain,0,0,,,,,,,,,
1211657,2019/20,2020-03-03,Gaddafi Stadium,2,6.4,Quetta Gladiators,Lahore Qalandars,SR Watson,Azam Khan,Dilbar Hussain,0,0,,,,,,caught,SR Watson,,
1211657,2019/20,2020-03-03,Gaddafi Stadium,2,6.5,Quetta Gladiators,Lahore Qalandars,Mohammad Nawaz (3),Azam Khan,Dilbar Hussain,2,0,,,,,,,,,
1211657,2019/20,2020-03-03,Gaddafi Stadium,2,6.6,Quetta Gladiators,Lahore Qalandars,Mohammad Nawaz (3),Azam Khan,Dilbar Hussain,1,0,,,,,,,,,
1211657,2019/20,2020-03-03,Gaddafi Stadium,2,7.1,Quetta Gladiators,Lahore Qalandars,Mohammad Nawaz (3),Azam Khan,Salman Irshad,0,0,,,,,,,,,
1211657,2019/20,2020-03-03,Gaddafi Stadium,2,7.2,Quetta Gladiators,Lahore Qalandars,Mohammad Nawaz (3),Azam Khan,Salman Irshad,4,0,,,,,,,,,
1211657,2019/20,2020-03-03,Gaddafi Stadium,2,7.3,Quetta Gladiators,Lahore Qalandars,Mohammad Nawaz (3),Azam Khan,Salman Irshad,1,0,,,,,,,,,
1211657,2019/20,2020-03-03,Gaddafi Stadium,2,7.4,Quetta Gladiators,Lahore Qalandars,Azam Khan,Mohammad Nawaz (3),Salman Irshad,0,0,,,,,,,,,
1211657,2019/20,2020-03-03,Gaddafi Stadium,2,7.5,Quetta Gladiators,Lahore Qalandars,Azam Khan,Mohammad Nawaz (3),Salman Irshad,0,0,,,,,,,,,
1211657,2019/20,2020-03-03,Gaddafi Stadium,2,7.6,Quetta Gladiators,Lahore Qalandars,Azam Khan,Mohammad Nawaz (3),Salman Irshad,4,0,,,,,,,,,
1211657,2019/20,2020-03-03,Gaddafi Stadium,2,8.1,Quetta Gladiators,Lahore Qalandars,Mohammad Nawaz (3),Azam Khan,S Prasanna,1,0,,,,,,,,,
1211657,2019/20,2020-03-03,Gaddafi Stadium,2,8.2,Quetta Gladiators,Lahore Qalandars,Azam Khan,Mohammad Nawaz (3),S Prasanna,0,0,,,,,,,,,
1211657,2019/20,2020-03-03,Gaddafi Stadium,2,8.3,Quetta Gladiators,Lahore Qalandars,Azam Khan,Mohammad Nawaz (3),S Prasanna,0,0,,,,,,,,,
1211657,2019/20,2020-03-03,Gaddafi Stadium,2,8.4,Quetta Gladiators,Lahore Qalandars,Azam Khan,Mohammad Nawaz (3),S Prasanna,6,0,,,,,,,,,
1211657,2019/20,2020-03-03,Gaddafi Stadium,2,8.5,Quetta Gladiators,Lahore Qalandars,Azam Khan,Mohammad Nawaz (3),S Prasanna,1,0,,,,,,,,,
1211657,2019/20,2020-03-03,Gaddafi Stadium,2,8.6,Quetta Gladiators,Lahore Qalandars,Mohammad Nawaz (3),Azam Khan,S Prasanna,1,0,,,,,,,,,
1211657,2019/20,2020-03-03,Gaddafi Stadium,2,9.1,Quetta Gladiators,Lahore Qalandars,Mohammad Nawaz (3),Azam Khan,Salman Irshad,4,0,,,,,,,,,
1211657,2019/20,2020-03-03,Gaddafi Stadium,2,9.2,Quetta Gladiators,Lahore Qalandars,Mohammad Nawaz (3),Azam Khan,Salman Irshad,0,1,,,,1,,,,,
1211657,2019/20,2020-03-03,Gaddafi Stadium,2,9.3,Quetta Gladiators,Lahore Qalandars,Azam Khan,Mohammad Nawaz (3),Salman Irshad,0,0,,,,,,caught,Azam Khan,,
1211657,2019/20,2020-03-03,Gaddafi Stadium,2,9.4,Quetta Gladiators,Lahore Qalandars,BCJ Cutting,Mohammad Nawaz (3),Salman Irshad,1,0,,,,,,,,,
1211657,2019/20,2020-03-03,Gaddafi Stadium,2,9.5,Quetta Gladiators,Lahore Qalandars,Mohammad Nawaz (3),BCJ Cutting,Salman Irshad,0,1,1,,,,,,,,
1211657,2019/20,2020-03-03,Gaddafi Stadium,2,9.6,Quetta Gladiators,Lahore Qalandars,Mohammad Nawaz (3),BCJ Cutting,Salman Irshad,1,0,,,,,,,,,
1211657,2019/20,2020-03-03,Gaddafi Stadium,2,9.7,Quetta Gladiators,Lahore Qalandars,BCJ Cutting,Mohammad Nawaz (3),Salman Irshad,0,0,,,,,,,,,
1211657,2019/20,2020-03-03,Gaddafi Stadium,2,10.1,Quetta Gladiators,Lahore Qalandars,Mohammad Nawaz (3),BCJ Cutting,S Prasanna,0,1,1,,,,,,,,
1211657,2019/20,2020-03-03,Gaddafi Stadium,2,10.2,Quetta Gladiators,Lahore Qalandars,Mohammad Nawaz (3),BCJ Cutting,S Prasanna,0,0,,,,,,,,,
1211657,2019/20,2020-03-03,Gaddafi Stadium,2,10.3,Quetta Gladiators,Lahore Qalandars,Mohammad Nawaz (3),BCJ Cutting,S Prasanna,1,0,,,,,,,,,
1211657,2019/20,2020-03-03,Gaddafi Stadium,2,10.4,Quetta Gladiators,Lahore Qalandars,BCJ Cutting,Mohammad Nawaz (3),S Prasanna,1,0,,,,,,,,,
1211657,2019/20,2020-03-03,Gaddafi Stadium,2,10.5,Quetta Gladiators,Lahore Qalandars,Mohammad Nawaz (3),BCJ Cutting,S Prasanna,4,0,,,,,,,,,
1211657,2019/20,2020-03-03,Gaddafi Stadium,2,10.6,Quetta Gladiators,Lahore Qalandars,Mohammad Nawaz (3),BCJ Cutting,S Prasanna,0,0,,,,,,,,,
1211657,2019/20,2020-03-03,Gaddafi Stadium,2,10.7,Quetta Gladiators,Lahore Qalandars,Mohammad Nawaz (3),BCJ Cutting,S Prasanna,4,0,,,,,,,,,
1211657,2019/20,2020-03-03,Gaddafi Stadium,2,11.1,Quetta Gladiators,Lahore Qalandars,BCJ Cutting,Mohammad Nawaz (3),Muhammad Faizan,0,0,,,,,,,,,
1211657,2019/20,2020-03-03,Gaddafi Stadium,2,11.2,Quetta Gladiators,Lahore Qalandars,BCJ Cutting,Mohammad Nawaz (3),Muhammad Faizan,1,0,,,,,,,,,
1211657,2019/20,2020-03-03,Gaddafi Stadium,2,11.3,Quetta Gladiators,Lahore Qalandars,Mohammad Nawaz (3),BCJ Cutting,Muhammad Faizan,0,0,,,,,,,,,
1211657,2019/20,2020-03-03,Gaddafi Stadium,2,11.4,Quetta Gladiators,Lahore Qalandars,Mohammad Nawaz (3),BCJ Cutting,Muhammad Faizan,0,0,,,,,,caught,Mohammad Nawaz (3),,
1211657,2019/20,2020-03-03,Gaddafi Stadium,2,11.5,Quetta Gladiators,Lahore Qalandars,Anwar Ali,BCJ Cutting,Muhammad Faizan,1,0,,,,,,,,,
1211657,2019/20,2020-03-03,Gaddafi Stadium,2,11.6,Quetta Gladiators,Lahore Qalandars,BCJ Cutting,Anwar Ali,Muhammad Faizan,4,0,,,,,,,,,
1211657,2019/20,2020-03-03,Gaddafi Stadium,2,12.1,Quetta Gladiators,Lahore Qalandars,Anwar Ali,BCJ Cutting,S Prasanna,1,0,,,,,,,,,
1211657,2019/20,2020-03-03,Gaddafi Stadium,2,12.2,Quetta Gladiators,Lahore Qalandars,BCJ Cutting,Anwar Ali,S Prasanna,1,0,,,,,,,,,
1211657,2019/20,2020-03-03,Gaddafi Stadium,2,12.3,Quetta Gladiators,Lahore Qalandars,Anwar Ali,BCJ Cutting,S Prasanna,1,0,,,,,,,,,
1211657,2019/20,2020-03-03,Gaddafi Stadium,2,12.4,Quetta Gladiators,Lahore Qalandars,BCJ Cutting,Anwar Ali,S Prasanna,0,0,,,,,,,,,
1211657,2019/20,2020-03-03,Gaddafi Stadium,2,12.5,Quetta Gladiators,Lahore Qalandars,BCJ Cutting,Anwar Ali,S Prasanna,4,0,,,,,,,,,
1211657,2019/20,2020-03-03,Gaddafi Stadium,2,12.6,Quetta Gladiators,Lahore Qalandars,BCJ Cutting,Anwar Ali,S Prasanna,1,0,,,,,,,,,
1211657,2019/20,2020-03-03,Gaddafi Stadium,2,13.1,Quetta Gladiators,Lahore Qalandars,BCJ Cutting,Anwar Ali,Muhammad Faizan,1,0,,,,,,,,,
1211657,2019/20,2020-03-03,Gaddafi Stadium,2,13.2,Quetta Gladiators,Lahore Qalandars,Anwar Ali,BCJ Cutting,Muhammad Faizan,1,0,,,,,,,,,
1211657,2019/20,2020-03-03,Gaddafi Stadium,2,13.3,Quetta Gladiators,Lahore Qalandars,BCJ Cutting,Anwar Ali,Muhammad Faizan,0,0,,,,,,,,,
1211657,2019/20,2020-03-03,Gaddafi Stadium,2,13.4,Quetta Gladiators,Lahore Qalandars,BCJ Cutting,Anwar Ali,Muhammad Faizan,6,0,,,,,,,,,
1211657,2019/20,2020-03-03,Gaddafi Stadium,2,13.5,Quetta Gladiators,Lahore Qalandars,BCJ Cutting,Anwar Ali,Muhammad Faizan,1,0,,,,,,,,,
1211657,2019/20,2020-03-03,Gaddafi Stadium,2,13.6,Quetta Gladiators,Lahore Qalandars,Anwar Ali,BCJ Cutting,Muhammad Faizan,0,0,,,,,,caught,Anwar Ali,,
1211657,2019/20,2020-03-03,Gaddafi Stadium,2,14.1,Quetta Gladiators,Lahore Qalandars,BCJ Cutting,Fawad Ahmed,Shaheen Shah Afridi,6,0,,,,,,,,,
1211657,2019/20,2020-03-03,Gaddafi Stadium,2,14.2,Quetta Gladiators,Lahore Qalandars,BCJ Cutting,Fawad Ahmed,Shaheen Shah Afridi,1,0,,,,,,,,,
1211657,2019/20,2020-03-03,Gaddafi Stadium,2,14.3,Quetta Gladiators,Lahore Qalandars,Fawad Ahmed,BCJ Cutting,Shaheen Shah Afridi,1,0,,,,,,,,,
1211657,2019/20,2020-03-03,Gaddafi Stadium,2,14.4,Quetta Gladiators,Lahore Qalandars,BCJ Cutting,Fawad Ahmed,Shaheen Shah Afridi,4,0,,,,,,,,,
1211657,2019/20,2020-03-03,Gaddafi Stadium,2,14.5,Quetta Gladiators,Lahore Qalandars,BCJ Cutting,Fawad Ahmed,Shaheen Shah Afridi,1,0,,,,,,,,,
1211657,2019/20,2020-03-03,Gaddafi Stadium,2,14.6,Quetta Gladiators,Lahore Qalandars,Fawad Ahmed,BCJ Cutting,Shaheen Shah Afridi,0,0,,,,,,,,,
1211657,2019/20,2020-03-03,Gaddafi Stadium,2,15.1,Quetta Gladiators,Lahore Qalandars,BCJ Cutting,Fawad Ahmed,Muhammad Faizan,6,0,,,,,,,,,
1211657,2019/20,2020-03-03,Gaddafi Stadium,2,15.2,Quetta Gladiators,Lahore Qalandars,BCJ Cutting,Fawad Ahmed,Muhammad Faizan,6,0,,,,,,,,,
1211657,2019/20,2020-03-03,Gaddafi Stadium,2,15.3,Quetta Gladiators,Lahore Qalandars,BCJ Cutting,Fawad Ahmed,Muhammad Faizan,1,0,,,,,,,,,
1211657,2019/20,2020-03-03,Gaddafi Stadium,2,15.4,Quetta Gladiators,Lahore Qalandars,Fawad Ahmed,BCJ Cutting,Muhammad Faizan,0,0,,,,,,,,,
1211657,2019/20,2020-03-03,Gaddafi Stadium,2,15.5,Quetta Gladiators,Lahore Qalandars,Fawad Ahmed,BCJ Cutting,Muhammad Faizan,0,0,,,,,,,,,
1211657,2019/20,2020-03-03,Gaddafi Stadium,2,15.6,Quetta Gladiators,Lahore Qalandars,Fawad Ahmed,BCJ Cutting,Muhammad Faizan,1,0,,,,,,,,,
1211657,2019/20,2020-03-03,Gaddafi Stadium,2,16.1,Quetta Gladiators,Lahore Qalandars,Fawad Ahmed,BCJ Cutting,SR Patel,1,0,,,,,,,,,
1211657,2019/20,2020-03-03,Gaddafi Stadium,2,16.2,Quetta Gladiators,Lahore Qalandars,BCJ Cutting,Fawad Ahmed,SR Patel,1,0,,,,,,,,,
1211657,2019/20,2020-03-03,Gaddafi Stadium,2,16.3,Quetta Gladiators,Lahore Qalandars,Fawad Ahmed,BCJ Cutting,SR Patel,0,0,,,,,,,,,
1211657,2019/20,2020-03-03,Gaddafi Stadium,2,16.4,Quetta Gladiators,Lahore Qalandars,Fawad Ahmed,BCJ Cutting,SR Patel,4,0,,,,,,,,,
1211657,2019/20,2020-03-03,Gaddafi Stadium,2,16.5,Quetta Gladiators,Lahore Qalandars,Fawad Ahmed,BCJ Cutting,SR Patel,0,1,1,,,,,,,,
1211657,2019/20,2020-03-03,Gaddafi Stadium,2,16.6,Quetta Gladiators,Lahore Qalandars,Fawad Ahmed,BCJ Cutting,SR Patel,1,0,,,,,,,,,
1211657,2019/20,2020-03-03,Gaddafi Stadium,2,16.7,Quetta Gladiators,Lahore Qalandars,BCJ Cutting,Fawad Ahmed,SR Patel,0,1,1,,,,,,,,
1211657,2019/20,2020-03-03,Gaddafi Stadium,2,16.8,Quetta Gladiators,Lahore Qalandars,BCJ Cutting,Fawad Ahmed,SR Patel,0,0,,,,,,,,,
1211657,2019/20,2020-03-03,Gaddafi Stadium,2,17.1,Quetta Gladiators,Lahore Qalandars,Fawad Ahmed,BCJ Cutting,Salman Irshad,1,0,,,,,,,,,
1211657,2019/20,2020-03-03,Gaddafi Stadium,2,17.2,Quetta Gladiators,Lahore Qalandars,BCJ Cutting,Fawad Ahmed,Salman Irshad,0,0,,,,,,,,,
1211657,2019/20,2020-03-03,Gaddafi Stadium,2,17.3,Quetta Gladiators,Lahore Qalandars,BCJ Cutting,Fawad Ahmed,Salman Irshad,6,0,,,,,,,,,
1211657,2019/20,2020-03-03,Gaddafi Stadium,2,17.4,Quetta Gladiators,Lahore Qalandars,BCJ Cutting,Fawad Ahmed,Salman Irshad,0,0,,,,,,,,,
1211657,2019/20,2020-03-03,Gaddafi Stadium,2,17.5,Quetta Gladiators,Lahore Qalandars,BCJ Cutting,Fawad Ahmed,Salman Irshad,0,0,,,,,,caught,BCJ Cutting,,
1211657,2019/20,2020-03-03,Gaddafi Stadium,2,17.6,Quetta Gladiators,Lahore Qalandars,Fawad Ahmed,Naseem Shah,Salman Irshad,0,0,,,,,,,,,
1211657,2019/20,2020-03-03,Gaddafi Stadium,2,18.1,Quetta Gladiators,Lahore Qalandars,Naseem Shah,Fawad Ahmed,Shaheen Shah Afridi,0,0,,,,,,,,,
1211657,2019/20,2020-03-03,Gaddafi Stadium,2,18.2,Quetta Gladiators,Lahore Qalandars,Naseem Shah,Fawad Ahmed,Shaheen Shah Afridi,0,0,,,,,,,,,
1211657,2019/20,2020-03-03,Gaddafi Stadium,2,18.3,Quetta Gladiators,Lahore Qalandars,Naseem Shah,Fawad Ahmed,Shaheen Shah Afridi,1,0,,,,,,,,,
1211657,2019/20,2020-03-03,Gaddafi Stadium,2,18.4,Quetta Gladiators,Lahore Qalandars,Fawad Ahmed,Naseem Shah,Shaheen Shah Afridi,0,0,,,,,,,,,
1211657,2019/20,2020-03-03,Gaddafi Stadium,2,18.5,Quetta Gladiators,Lahore Qalandars,Fawad Ahmed,Naseem Shah,Shaheen Shah Afridi,4,0,,,,,,,,,
1211657,2019/20,2020-03-03,Gaddafi Stadium,2,18.6,Quetta Gladiators,Lahore Qalandars,Fawad Ahmed,Naseem Shah,Shaheen Shah Afridi,1,0,,,,,,,,,
1211657,2019/20,2020-03-03,Gaddafi Stadium,2,19.1,Quetta Gladiators,Lahore Qalandars,Fawad Ahmed,Naseem Shah,Salman Irshad,0,0,,,,,,bowled,Fawad Ahmed,,
1211657,2019/20,2020-03-03,Gaddafi Stadium,2,19.2,Quetta Gladiators,Lahore Qalandars,Mohammad Hasnain,Naseem Shah,Salman Irshad,1,0,,,,,,,,,
1211657,2019/20,2020-03-03,Gaddafi Stadium,2,19.3,Quetta Gladiators,Lahore Qalandars,Naseem Shah,Mohammad Hasnain,Salman Irshad,6,0,,,,,,,,,
1211657,2019/20,2020-03-03,Gaddafi Stadium,2,19.4,Quetta Gladiators,Lahore Qalandars,Naseem Shah,Mohammad Hasnain,Salman Irshad,0,0,,,,,,,,,
1211657,2019/20,2020-03-03,Gaddafi Stadium,2,19.5,Quetta Gladiators,Lahore Qalandars,Naseem Shah,Mohammad Hasnain,Salman Irshad,0,0,,,,,,,,,
1211657,2019/20,2020-03-03,Gaddafi Stadium,2,19.6,Quetta Gladiators,Lahore Qalandars,Naseem Shah,Mohammad Hasnain,Salman Irshad,0,0,,,,,,lbw,Naseem Shah,,
