match_id,season,start_date,venue,innings,ball,batting_team,bowling_team,striker,non_striker,bowler,runs_off_bat,extras,wides,noballs,byes,legbyes,penalty,wicket_type,player_dismissed,other_wicket_type,other_player_dismissed
1231146,2020/21,2020-11-17,National Stadium,1,0.1,Lahore Qalandars,Karachi Kings,Tamim Iqbal,Fakhar Zaman,Imad Wasim,0,0,,,,,,,,,
1231146,2020/21,2020-11-17,National Stadium,1,0.2,Lahore Qalandars,Karachi Kings,Tamim Iqbal,Fakhar Zaman,Imad Wasim,0,0,,,,,,,,,
1231146,2020/21,2020-11-17,National Stadium,1,0.3,Lahore Qalandars,Karachi Kings,Tamim Iqbal,Fakhar Zaman,Imad Wasim,0,0,,,,,,,,,
1231146,2020/21,2020-11-17,National Stadium,1,0.4,Lahore Qalandars,Karachi Kings,Tamim Iqbal,Fakhar Zaman,Imad Wasim,4,0,,,,,,,,,
1231146,2020/21,2020-11-17,National Stadium,1,0.5,Lahore Qalandars,Karachi Kings,Tamim Iqbal,Fakhar Zaman,Imad Wasim,0,0,,,,,,,,,
1231146,2020/21,2020-11-17,National Stadium,1,0.6,Lahore Qalandars,Karachi Kings,Tamim Iqbal,Fakhar Zaman,Imad Wasim,0,0,,,,,,,,,
1231146,2020/21,2020-11-17,National Stadium,1,1.1,Lahore Qalandars,Karachi Kings,Fakhar Zaman,Tamim Iqbal,Mohammad Amir,0,1,1,,,,,,,,
1231146,2020/21,2020-11-17,National Stadium,1,1.2,Lahore Qalandars,Karachi Kings,Fakhar Zaman,Tamim Iqbal,Mohammad Amir,4,0,,,,,,,,,
1231146,2020/21,2020-11-17,National Stadium,1,1.3,Lahore Qalandars,Karachi Kings,Fakhar Zaman,Tamim Iqbal,Mohammad Amir,0,1,1,,,,,,,,
1231146,2020/21,2020-11-17,National Stadium,1,1.4,Lahore Qalandars,Karachi Kings,Fakhar Zaman,Tamim Iqbal,Mohammad Amir,1,0,,,,,,,,,
1231146,2020/21,2020-11-17,National Stadium,1,1.5,Lahore Qalandars,Karachi Kings,Tamim Iqbal,Fakhar Zaman,Mohammad Amir,0,0,,,,,,,,,
1231146,2020/21,2020-11-17,National Stadium,1,1.6,Lahore Qalandars,Karachi Kings,Tamim Iqbal,Fakhar Zaman,Mohammad Amir,0,0,,,,,,,,,
1231146,2020/21,2020-11-17,National Stadium,1,1.7,Lahore Qalandars,Karachi Kings,Tamim Iqbal,Fakhar Zaman,Mohammad Amir,1,0,,,,,,,,,
1231146,2020/21,2020-11-17,National Stadium,1,1.8,Lahore Qalandars,Karachi Kings,Fakhar Zaman,Tamim Iqbal,Mohammad Amir,0,0,,,,,,,,,
1231146,2020/21,2020-11-17,National Stadium,1,2.1,Lahore Qalandars,Karachi Kings,Tamim Iqbal,Fakhar Zaman,Waqas Maqsood,0,1,1,,,,,,,,
1231146,2020/21,2020-11-17,National Stadium,1,2.2,Lahore Qalandars,Karachi Kings,Tamim Iqbal,Fakhar Zaman,Waqas Maqsood,1,0,,,,,,,,,
1231146,2020/21,2020-11-17,National Stadium,1,2.3,Lahore Qalandars,Karachi Kings,Fakhar Zaman,Tamim Iqbal,Waqas Maqsood,1,0,,,,,,,,,
1231146,2020/21,2020-11-17,National Stadium,1,2.4,Lahore Qalandars,Karachi Kings,Tamim Iqbal,Fakhar Zaman,Waqas Maqsood,0,0,,,,,,,,,
1231146,2020/21,2020-11-17,National Stadium,1,2.5,Lahore Qalandars,Karachi Kings,Tamim Iqbal,Fakhar Zaman,Waqas Maqsood,1,0,,,,,,,,,
1231146,2020/21,2020-11-17,National Stadium,1,2.6,Lahore Qalandars,Karachi Kings,Fakhar Zaman,Tamim Iqbal,Waqas Maqsood,0,0,,,,,,,,,
1231146,2020/21,2020-11-17,National Stadium,1,2.7,Lahore Qalandars,Karachi Kings,Fakhar Zaman,Tamim Iqbal,Waqas Maqsood,1,0,,,,,,,,,
1231146,2020/21,2020-11-17,National Stadium,1,3.1,Lahore Qalandars,Karachi Kings,Fakhar Zaman,Tamim Iqbal,Mohammad Amir,4,0,,,,,,,,,
1231146,2020/21,2020-11-17,National Stadium,1,3.2,Lahore Qalandars,Karachi Kings,Fakhar Zaman,Tamim Iqbal,Mohammad Amir,4,0,,,,,,,,,
1231146,2020/21,2020-11-17,National Stadium,1,3.3,Lahore Qalandars,Karachi Kings,Fakhar Zaman,Tamim Iqbal,Mohammad Amir,1,0,,,,,,,,,
1231146,2020/21,2020-11-17,National Stadium,1,3.4,Lahore Qalandars,Karachi Kings,Tamim Iqbal,Fakhar Zaman,Mohammad Amir,0,0,,,,,,,,,
1231146,2020/21,2020-11-17,National Stadium,1,3.5,Lahore Qalandars,Karachi Kings,Tamim Iqbal,Fakhar Zaman,Mohammad Amir,0,0,,,,,,,,,
1231146,2020/21,2020-11-17,National Stadium,1,3.6,Lahore Qalandars,Karachi Kings,Tamim Iqbal,Fakhar Zaman,Mohammad Amir,1,0,,,,,,,,,
1231146,2020/21,2020-11-17,National Stadium,1,4.1,Lahore Qalandars,Karachi Kings,Tamim Iqbal,Fakhar Zaman,Waqas Maqsood,0,0,,,,,,,,,
1231146,2020/21,2020-11-17,National Stadium,1,4.2,Lahore Qalandars,Karachi Kings,Tamim Iqbal,Fakhar Zaman,Waqas Maqsood,1,0,,,,,,,,,
1231146,2020/21,2020-11-17,National Stadium,1,4.3,Lahore Qalandars,Karachi Kings,Fakhar Zaman,Tamim Iqbal,Waqas Maqsood,0,0,,,,,,,,,
1231146,2020/21,2020-11-17,National Stadium,1,4.4,Lahore Qalandars,Karachi Kings,Fakhar Zaman,Tamim Iqbal,Waqas Maqsood,1,0,,,,,,,,,
1231146,2020/21,2020-11-17,National Stadium,1,4.5,Lahore Qalandars,Karachi Kings,Tamim Iqbal,Fakhar Zaman,Waqas Maqsood,1,0,,,,,,,,,
1231146,2020/21,2020-11-17,National Stadium,1,4.6,Lahore Qalandars,Karachi Kings,Fakhar Zaman,Tamim Iqbal,Waqas Maqsood,0,0,,,,,,,,,
1231146,2020/21,2020-11-17,National Stadium,1,5.1,Lahore Qalandars,Karachi Kings,Tamim Iqbal,Fakhar Zaman,Arshad Iqbal,0,0,,,,,,,,,
1231146,2020/21,2020-11-17,National Stadium,1,5.2,Lahore Qalandars,Karachi Kings,Tamim Iqbal,Fakhar Zaman,Arshad Iqbal,0,0,,,,,,,,,
1231146,2020/21,2020-11-17,National Stadium,1,5.3,Lahore Qalandars,Karachi Kings,Tamim Iqbal,Fakhar Zaman,Arshad Iqbal,0,2,,,,2,,,,,
1231146,2020/21,2020-11-17,National Stadium,1,5.4,Lahore Qalandars,Karachi Kings,Tamim Iqbal,Fakhar Zaman,Arshad Iqbal,0,1,1,,,,,,,,
1231146,2020/21,2020-11-17,National Stadium,1,5.5,Lahore Qalandars,Karachi Kings,Tamim Iqbal,Fakhar Zaman,Arshad Iqbal,0,0,,,,,,,,,
1231146,2020/21,2020-11-17,National Stadium,1,5.6,Lahore Qalandars,Karachi Kings,Tamim Iqbal,Fakhar Zaman,Arshad Iqbal,4,0,,,,,,,,,
1231146,2020/21,2020-11-17,National Stadium,1,5.7,Lahore Qalandars,Karachi Kings,Tamim Iqbal,Fakhar Zaman,Arshad Iqbal,0,0,,,,,,,,,
1231146,2020/21,2020-11-17,National Stadium,1,6.1,Lahore Qalandars,Karachi Kings,Fakhar Zaman,Tamim Iqbal,Umaid Asif,0,0,,,,,,,,,
1231146,2020/21,2020-11-17,National Stadium,1,6.2,Lahore Qalandars,Karachi Kings,Fakhar Zaman,Tamim Iqbal,Umaid Asif,1,0,,,,,,,,,
1231146,2020/21,2020-11-17,National Stadium,1,6.3,Lahore Qalandars,Karachi Kings,Tamim Iqbal,Fakhar Zaman,Umaid Asif,0,0,,,,,,,,,
1231146,2020/21,2020-11-17,National Stadium,1,6.4,Lahore Qalandars,Karachi Kings,Tamim Iqbal,Fakhar Zaman,Umaid Asif,2,0,,,,,,,,,
1231146,2020/21,2020-11-17,National Stadium,1,6.5,Lahore Qalandars,Karachi Kings,Tamim Iqbal,Fakhar Zaman,Umaid Asif,4,0,,,,,,,,,
1231146,2020/21,2020-11-17,National Stadium,1,6.6,Lahore Qalandars,Karachi Kings,Tamim Iqbal,Fakhar Zaman,Umaid Asif,1,0,,,,,,,,,
1231146,2020/21,2020-11-17,National Stadium,1,7.1,Lahore Qalandars,Karachi Kings,Tamim Iqbal,Fakhar Zaman,Iftikhar Ahmed,1,0,,,,,,,,,
1231146,2020/21,2020-11-17,National Stadium,1,7.2,Lahore Qalandars,Karachi Kings,Fakhar Zaman,Tamim Iqbal,Iftikhar Ahmed,1,0,,,,,,,,,
1231146,2020/21,2020-11-17,National Stadium,1,7.3,Lahore Qalandars,Karachi Kings,Tamim Iqbal,Fakhar Zaman,Iftikhar Ahmed,6,0,,,,,,,,,
1231146,2020/21,2020-11-17,National Stadium,1,7.4,Lahore Qalandars,Karachi Kings,Tamim Iqbal,Fakhar Zaman,Iftikhar Ahmed,1,0,,,,,,,,,
1231146,2020/21,2020-11-17,National Stadium,1,7.5,Lahore Qalandars,Karachi Kings,Fakhar Zaman,Tamim Iqbal,Iftikhar Ahmed,4,0,,,,,,,,,
1231146,2020/21,2020-11-17,National Stadium,1,7.6,Lahore Qalandars,Karachi Kings,Fakhar Zaman,Tamim Iqbal,Iftikhar Ahmed,1,0,,,,,,,,,
1231146,2020/21,2020-11-17,National Stadium,1,8.1,Lahore Qalandars,Karachi Kings,Fakhar Zaman,Tamim Iqbal,Umaid Asif,0,0,,,,,,,,,
1231146,2020/21,2020-11-17,National Stadium,1,8.2,Lahore Qalandars,Karachi Kings,Fakhar Zaman,Tamim Iqbal,Umaid Asif,0,0,,,,,,,,,
1231146,2020/21,2020-11-17,National Stadium,1,8.3,Lahore Qalandars,Karachi Kings,Fakhar Zaman,Tamim Iqbal,Umaid Asif,1,0,,,,,,,,,
1231146,2020/21,2020-11-17,National Stadium,1,8.4,Lahore Qalandars,Karachi Kings,Tamim Iqbal,Fakhar Zaman,Umaid Asif,1,0,,,,,,,,,
1231146,2020/21,2020-11-17,National Stadium,1,8.5,Lahore Qalandars,Karachi Kings,Fakhar Zaman,Tamim Iqbal,Umaid Asif,1,0,,,,,,,,,
1231146,2020/21,2020-11-17,National Stadium,1,8.6,Lahore Qalandars,Karachi Kings,Tamim Iqbal,Fakhar Zaman,Umaid Asif,0,0,,,,,,,,,
1231146,2020/21,2020-11-17,National Stadium,1,9.1,Lahore Qalandars,Karachi Kings,Fakhar Zaman,Tamim Iqbal,Arshad Iqbal,0,0,,,,,,,,,
1231146,2020/21,2020-11-17,National Stadium,1,9.2,Lahore Qalandars,Karachi Kings,Fakhar Zaman,Tamim Iqbal,Arshad Iqbal,1,0,,,,,,,,,
1231146,2020/21,2020-11-17,National Stadium,1,9.3,Lahore Qalandars,Karachi Kings,Tamim Iqbal,Fakhar Zaman,Arshad Iqbal,0,0,,,,,,,,,
1231146,2020/21,2020-11-17,National Stadium,1,9.4,Lahore Qalandars,Karachi Kings,Tamim Iqbal,Fakhar Zaman,Arshad Iqbal,4,0,,,,,,,,,
1231146,2020/21,2020-11-17,National Stadium,1,9.5,Lahore Qalandars,Karachi Kings,Tamim Iqbal,Fakhar Zaman,Arshad Iqbal,0,0,,,,,,,,,
1231146,2020/21,2020-11-17,National Stadium,1,9.6,Lahore Qalandars,Karachi Kings,Tamim Iqbal,Fakhar Zaman,Arshad Iqbal,1,0,,,,,,,,,
1231146,2020/21,2020-11-17,National Stadium,1,10.1,Lahore Qalandars,Karachi Kings,Tamim Iqbal,Fakhar Zaman,Umaid Asif,0,0,,,,,,caught,Tamim Iqbal,,
1231146,2020/21,2020-11-17,National Stadium,1,10.2,Lahore Qalandars,Karachi Kings,Mohammad Hafeez,Fakhar Zaman,Umaid Asif,0,0,,,,,,,,,
1231146,2020/21,2020-11-17,National Stadium,1,10.3,Lahore Qalandars,Karachi Kings,Mohammad Hafeez,Fakhar Zaman,Umaid Asif,1,0,,,,,,,,,
1231146,2020/21,2020-11-17,National Stadium,1,10.4,Lahore Qalandars,Karachi Kings,Fakhar Zaman,Mohammad Hafeez,Umaid Asif,0,0,,,,,,caught,Fakhar Zaman,,
1231146,2020/21,2020-11-17,National Stadium,1,10.5,Lahore Qalandars,Karachi Kings,Mohammad Hafeez,BR Dunk,Umaid Asif,1,0,,,,,,,,,
1231146,2020/21,2020-11-17,National Stadium,1,10.6,Lahore Qalandars,Karachi Kings,BR Dunk,Mohammad Hafeez,Umaid Asif,0,0,,,,,,,,,
1231146,2020/21,2020-11-17,National Stadium,1,11.1,Lahore Qalandars,Karachi Kings,Mohammad Hafeez,BR Dunk,Imad Wasim,0,0,,,,,,caught,Mohammad Hafeez,,
1231146,2020/21,2020-11-17,National Stadium,1,11.2,Lahore Qalandars,Karachi Kings,BR Dunk,SR Patel,Imad Wasim,1,0,,,,,,,,,
1231146,2020/21,2020-11-17,National Stadium,1,11.3,Lahore Qalandars,Karachi Kings,SR Patel,BR Dunk,Imad Wasim,0,0,,,,,,,,,
1231146,2020/21,2020-11-17,National Stadium,1,11.4,Lahore Qalandars,Karachi Kings,SR Patel,BR Dunk,Imad Wasim,0,0,,,,,,,,,
1231146,2020/21,2020-11-17,National Stadium,1,11.5,Lahore Qalandars,Karachi Kings,SR Patel,BR Dunk,Imad Wasim,1,0,,,,,,,,,
1231146,2020/21,2020-11-17,National Stadium,1,11.6,Lahore Qalandars,Karachi Kings,BR Dunk,SR Patel,Imad Wasim,0,0,,,,,,,,,
1231146,2020/21,2020-11-17,National Stadium,1,12.1,Lahore Qalandars,Karachi Kings,SR Patel,BR Dunk,Iftikhar Ahmed,1,0,,,,,,,,,
1231146,2020/21,2020-11-17,National Stadium,1,12.2,Lahore Qalandars,Karachi Kings,BR Dunk,SR Patel,Iftikhar Ahmed,1,0,,,,,,,,,
1231146,2020/21,2020-11-17,National Stadium,1,12.3,Lahore Qalandars,Karachi Kings,SR Patel,BR Dunk,Iftikhar Ahmed,1,0,,,,,,,,,
1231146,2020/21,2020-11-17,National Stadium,1,12.4,Lahore Qalandars,Karachi Kings,BR Dunk,SR Patel,Iftikhar Ahmed,1,0,,,,,,,,,
1231146,2020/21,2020-11-17,National Stadium,1,12.5,Lahore Qalandars,Karachi Kings,SR Patel,BR Dunk,Iftikhar Ahmed,0,1,,,,1,,,,,
1231146,2020/21,2020-11-17,National Stadium,1,12.6,Lahore Qalandars,Karachi Kings,BR Dunk,SR Patel,Iftikhar Ahmed,1,0,,,,,,,,,
1231146,2020/21,2020-11-17,National Stadium,1,13.1,Lahore Qalandars,Karachi Kings,BR Dunk,SR Patel,Arshad Iqbal,1,0,,,,,,,,,
1231146,2020/21,2020-11-17,National Stadium,1,13.2,Lahore Qalandars,Karachi Kings,SR Patel,BR Dunk,Arshad Iqbal,2,0,,,,,,,,,
1231146,2020/21,2020-11-17,National Stadium,1,13.3,Lahore Qalandars,Karachi Kings,SR Patel,BR Dunk,Arshad Iqbal,0,0,,,,,,caught,SR Patel,,
1231146,2020/21,2020-11-17,National Stadium,1,13.4,Lahore Qalandars,Karachi Kings,BR Dunk,Sohail Akhtar,Arshad Iqbal,1,0,,,,,,,,,
1231146,2020/21,2020-11-17,National Stadium,1,13.5,Lahore Qalandars,Karachi Kings,Sohail Akhtar,BR Dunk,Arshad Iqbal,4,0,,,,,,,,,
1231146,2020/21,2020-11-17,National Stadium,1,13.6,Lahore Qalandars,Karachi Kings,Sohail Akhtar,BR Dunk,Arshad Iqbal,2,0,,,,,,,,,
1231146,2020/21,2020-11-17,National Stadium,1,14.1,Lahore Qalandars,Karachi Kings,BR Dunk,Sohail Akhtar,Waqas Maqsood,0,1,,,,1,,,,,
1231146,2020/21,2020-11-17,National Stadium,1,14.2,Lahore Qalandars,Karachi Kings,Sohail Akhtar,BR Dunk,Waqas Maqsood,0,0,,,,,,,,,
1231146,2020/21,2020-11-17,National Stadium,1,14.3,Lahore Qalandars,Karachi Kings,Sohail Akhtar,BR Dunk,Waqas Maqsood,1,0,,,,,,,,,
1231146,2020/21,2020-11-17,National Stadium,1,14.4,Lahore Qalandars,Karachi Kings,BR Dunk,Sohail Akhtar,Waqas Maqsood,4,0,,,,,,,,,
1231146,2020/21,2020-11-17,National Stadium,1,14.5,Lahore Qalandars,Karachi Kings,BR Dunk,Sohail Akhtar,Waqas Maqsood,0,0,,,,,,,,,
1231146,2020/21,2020-11-17,National Stadium,1,14.6,Lahore Qalandars,Karachi Kings,BR Dunk,Sohail Akhtar,Waqas Maqsood,0,0,,,,,,,,,
1231146,2020/21,2020-11-17,National Stadium,1,15.1,Lahore Qalandars,Karachi Kings,Sohail Akhtar,BR Dunk,Arshad Iqbal,1,0,,,,,,,,,
1231146,2020/21,2020-11-17,National Stadium,1,15.2,Lahore Qalandars,Karachi Kings,BR Dunk,Sohail Akhtar,Arshad Iqbal,1,0,,,,,,,,,
1231146,2020/21,2020-11-17,National Stadium,1,15.3,Lahore Qalandars,Karachi Kings,Sohail Akhtar,BR Dunk,Arshad Iqbal,1,0,,,,,,,,,
1231146,2020/21,2020-11-17,National Stadium,1,15.4,Lahore Qalandars,Karachi Kings,BR Dunk,Sohail Akhtar,Arshad Iqbal,0,0,,,,,,caught,BR Dunk,,
1231146,2020/21,2020-11-17,National Stadium,1,15.5,Lahore Qalandars,Karachi Kings,Sohail Akhtar,D Wiese,Arshad Iqbal,1,0,,,,,,,,,
1231146,2020/21,2020-11-17,National Stadium,1,15.6,Lahore Qalandars,Karachi Kings,D Wiese,Sohail Akhtar,Arshad Iqbal,1,0,,,,,,,,,
1231146,2020/21,2020-11-17,National Stadium,1,16.1,Lahore Qalandars,Karachi Kings,D Wiese,Sohail Akhtar,Umaid Asif,4,0,,,,,,,,,
1231146,2020/21,2020-11-17,National Stadium,1,16.2,Lahore Qalandars,Karachi Kings,D Wiese,Sohail Akhtar,Umaid Asif,0,0,,,,,,,,,
1231146,2020/21,2020-11-17,National Stadium,1,16.3,Lahore Qalandars,Karachi Kings,D Wiese,Sohail Akhtar,Umaid Asif,0,0,,,,,,,,,
1231146,2020/21,2020-11-17,National Stadium,1,16.4,Lahore Qalandars,Karachi Kings,D Wiese,Sohail Akhtar,Umaid Asif,1,0,,,,,,,,,
1231146,2020/21,2020-11-17,National Stadium,1,16.5,Lahore Qalandars,Karachi Kings,Sohail Akhtar,D Wiese,Umaid Asif,0,0,,,,,,,,,
1231146,2020/21,2020-11-17,National Stadium,1,16.6,Lahore Qalandars,Karachi Kings,Sohail Akhtar,D Wiese,Umaid Asif,0,0,,,,,,,,,
1231146,2020/21,2020-11-17,National Stadium,1,17.1,Lahore Qalandars,Karachi Kings,D Wiese,Sohail Akhtar,Mohammad Amir,1,0,,,,,,,,,
1231146,2020/21,2020-11-17,National Stadium,1,17.2,Lahore Qalandars,Karachi Kings,Sohail Akhtar,D Wiese,Mohammad Amir,1,0,,,,,,,,,
1231146,2020/21,2020-11-17,National Stadium,1,17.3,Lahore Qalandars,Karachi Kings,D Wiese,Sohail Akhtar,Mohammad Amir,1,0,,,,,,,,,
1231146,2020/21,2020-11-17,National Stadium,1,17.4,Lahore Qalandars,Karachi Kings,Sohail Akhtar,D Wiese,Mohammad Amir,0,0,,,,,,,,,
1231146,2020/21,2020-11-17,National Stadium,1,17.5,Lahore Qalandars,Karachi Kings,Sohail Akhtar,D Wiese,Mohammad Amir,2,0,,,,,,,,,
1231146,2020/21,2020-11-17,National Stadium,1,17.6,Lahore Qalandars,Karachi Kings,Sohail Akhtar,D Wiese,Mohammad Amir,1,0,,,,,,,,,
1231146,2020/21,2020-11-17,National Stadium,1,18.1,Lahore Qalandars,Karachi Kings,Sohail Akhtar,D Wiese,Waqas Maqsood,0,0,,,,,,caught,Sohail Akhtar,,
1231146,2020/21,2020-11-17,National Stadium,1,18.2,Lahore Qalandars,Karachi Kings,D Wiese,Muhammad Faizan,Waqas Maqsood,0,1,,1,,,,,,,
1231146,2020/21,2020-11-17,National Stadium,1,18.3,Lahore Qalandars,Karachi Kings,D Wiese,Muhammad Faizan,Waqas Maqsood,0,4,,,,4,,,,,
1231146,2020/21,2020-11-17,National Stadium,1,18.4,Lahore Qalandars,Karachi Kings,D Wiese,Muhammad Faizan,Waqas Maqsood,2,0,,,,,,,,,
1231146,2020/21,2020-11-17,National Stadium,1,18.5,Lahore Qalandars,Karachi Kings,D Wiese,Muhammad Faizan,Waqas Maqsood,1,0,,,,,,,,,
1231146,2020/21,2020-11-17,National Stadium,1,18.6,Lahore Qalandars,Karachi Kings,Muhammad Faizan,D Wiese,Waqas Maqsood,0,0,,,,,,caught,Muhammad Faizan,,
1231146,2020/21,2020-11-17,National Stadium,1,18.7,Lahore Qalandars,Karachi Kings,D Wiese,Shaheen Shah Afridi,Waqas Maqsood,1,0,,,,,,,,,
1231146,2020/21,2020-11-17,National Stadium,1,19.1,Lahore Qalandars,Karachi Kings,D Wiese,Shaheen Shah Afridi,Mohammad Amir,1,0,,,,,,,,,
1231146,2020/21,2020-11-17,National Stadium,1,19.2,Lahore Qalandars,Karachi Kings,Shaheen Shah Afridi,D Wiese,Mohammad Amir,6,0,,,,,,,,,
1231146,2020/21,2020-11-17,National Stadium,1,19.3,Lahore Qalandars,Karachi Kings,Shaheen Shah Afridi,D Wiese,Mohammad Amir,0,1,,,,1,,,,,
1231146,2020/21,2020-11-17,National Stadium,1,19.4,Lahore Qalandars,Karachi Kings,D Wiese,Shaheen Shah Afridi,Mohammad Amir,1,0,,,,,,,,,
1231146,2020/21,2020-11-17,National Stadium,1,19.5,Lahore Qalandars,Karachi Kings,Shaheen Shah Afridi,D Wiese,Mohammad Amir,4,0,,,,,,,,,
1231146,2020/21,2020-11-17,National Stadium,1,19.6,Lahore Qalandars,Karachi Kings,Shaheen Shah Afridi,D Wiese,Mohammad Amir,2,0,,,,,,,,,
1231146,2020/21,2020-11-17,National Stadium,2,0.1,Karachi Kings,Lahore Qalandars,Sharjeel Khan,Babar Azam,Shaheen Shah Afridi,1,0,,,,,,,,,
1231146,2020/21,2020-11-17,National Stadium,2,0.2,Karachi Kings,Lahore Qalandars,Babar Azam,Sharjeel Khan,Shaheen Shah Afridi,1,0,,,,,,,,,
1231146,2020/21,2020-11-17,National Stadium,2,0.3,Karachi Kings,Lahore Qalandars,Sharjeel Khan,Babar Azam,Shaheen Shah Afridi,1,0,,,,,,,,,
1231146,2020/21,2020-11-17,National Stadium,2,0.4,Karachi Kings,Lahore Qalandars,Babar Azam,Sharjeel Khan,Shaheen Shah Afridi,4,0,,,,,,,,,
1231146,2020/21,2020-11-17,National Stadium,2,0.5,Karachi Kings,Lahore Qalandars,Babar Azam,Sharjeel Khan,Shaheen Shah Afridi,4,0,,,,,,,,,
1231146,2020/21,2020-11-17,National Stadium,2,0.6,Karachi Kings,Lahore Qalandars,Babar Azam,Sharjeel Khan,Shaheen Shah Afridi,0,0,,,,,,,,,
1231146,2020/21,2020-11-17,National Stadium,2,1.1,Karachi Kings,Lahore Qalandars,Sharjeel Khan,Babar Azam,Haris Rauf,4,0,,,,,,,,,
1231146,2020/21,2020-11-17,National Stadium,2,1.2,Karachi Kings,Lahore Qalandars,Sharjeel Khan,Babar Azam,Haris Rauf,0,0,,,,,,,,,
1231146,2020/21,2020-11-17,National Stadium,2,1.3,Karachi Kings,Lahore Qalandars,Sharjeel Khan,Babar Azam,Haris Rauf,4,0,,,,,,,,,
1231146,2020/21,2020-11-17,National Stadium,2,1.4,Karachi Kings,Lahore Qalandars,Sharjeel Khan,Babar Azam,Haris Rauf,0,0,,,,,,,,,
1231146,2020/21,2020-11-17,National Stadium,2,1.5,Karachi Kings,Lahore Qalandars,Sharjeel Khan,Babar Azam,Haris Rauf,1,0,,,,,,,,,
1231146,2020/21,2020-11-17,National Stadium,2,1.6,Karachi Kings,Lahore Qalandars,Babar Azam,Sharjeel Khan,Haris Rauf,0,0,,,,,,,,,
1231146,2020/21,2020-11-17,National Stadium,2,2.1,Karachi Kings,Lahore Qalandars,Sharjeel Khan,Babar Azam,Shaheen Shah Afridi,1,0,,,,,,,,,
1231146,2020/21,2020-11-17,National Stadium,2,2.2,Karachi Kings,Lahore Qalandars,Babar Azam,Sharjeel Khan,Shaheen Shah Afridi,0,0,,,,,,,,,
1231146,2020/21,2020-11-17,National Stadium,2,2.3,Karachi Kings,Lahore Qalandars,Babar Azam,Sharjeel Khan,Shaheen Shah Afridi,1,0,,,,,,,,,
1231146,2020/21,2020-11-17,National Stadium,2,2.4,Karachi Kings,Lahore Qalandars,Sharjeel Khan,Babar Azam,Shaheen Shah Afridi,0,0,,,,,,,,,
1231146,2020/21,2020-11-17,National Stadium,2,2.5,Karachi Kings,Lahore Qalandars,Sharjeel Khan,Babar Azam,Shaheen Shah Afridi,0,0,,,,,,,,,
1231146,2020/21,2020-11-17,National Stadium,2,2.6,Karachi Kings,Lahore Qalandars,Sharjeel Khan,Babar Azam,Shaheen Shah Afridi,1,0,,,,,,,,,
1231146,2020/21,2020-11-17,National Stadium,2,3.1,Karachi Kings,Lahore Qalandars,Sharjeel Khan,Babar Azam,SR Patel,0,0,,,,,,caught,Sharjeel Khan,,
1231146,2020/21,2020-11-17,National Stadium,2,3.2,Karachi Kings,Lahore Qalandars,AD Hales,Babar Azam,SR Patel,3,0,,,,,,,,,
1231146,2020/21,2020-11-17,National Stadium,2,3.3,Karachi Kings,Lahore Qalandars,Babar Azam,AD Hales,SR Patel,0,0,,,,,,,,,
1231146,2020/21,2020-11-17,National Stadium,2,3.4,Karachi Kings,Lahore Qalandars,Babar Azam,AD Hales,SR Patel,0,1,1,,,,,,,,
1231146,2020/21,2020-11-17,National Stadium,2,3.5,Karachi Kings,Lahore Qalandars,Babar Azam,AD Hales,SR Patel,0,0,,,,,,,,,
1231146,2020/21,2020-11-17,National Stadium,2,3.6,Karachi Kings,Lahore Qalandars,Babar Azam,AD Hales,SR Patel,1,0,,,,,,,,,
1231146,2020/21,2020-11-17,National Stadium,2,3.7,Karachi Kings,Lahore Qalandars,AD Hales,Babar Azam,SR Patel,0,0,,,,,,,,,
1231146,2020/21,2020-11-17,National Stadium,2,4.1,Karachi Kings,Lahore Qalandars,Babar Azam,AD Hales,Dilbar Hussain,1,0,,,,,,,,,
1231146,2020/21,2020-11-17,National Stadium,2,4.2,Karachi Kings,Lahore Qalandars,AD Hales,Babar Azam,Dilbar Hussain,0,0,,,,,,,,,
1231146,2020/21,2020-11-17,National Stadium,2,4.3,Karachi Kings,Lahore Qalandars,AD Hales,Babar Azam,Dilbar Hussain,1,0,,,,,,,,,
1231146,2020/21,2020-11-17,National Stadium,2,4.4,Karachi Kings,Lahore Qalandars,Babar Azam,AD Hales,Dilbar Hussain,0,1,,1,,,,,,,
1231146,2020/21,2020-11-17,National Stadium,2,4.5,Karachi Kings,Lahore Qalandars,Babar Azam,AD Hales,Dilbar Hussain,1,0,,,,,,,,,
1231146,2020/21,2020-11-17,National Stadium,2,4.6,Karachi Kings,Lahore Qalandars,AD Hales,Babar Azam,Dilbar Hussain,1,0,,,,,,,,,
1231146,2020/21,2020-11-17,National Stadium,2,4.7,Karachi Kings,Lahore Qalandars,Babar Azam,AD Hales,Dilbar Hussain,0,1,1,,,,,,,,
1231146,2020/21,2020-11-17,National Stadium,2,4.8,Karachi Kings,Lahore Qalandars,Babar Azam,AD Hales,Dilbar Hussain,1,0,,,,,,,,,
1231146,2020/21,2020-11-17,National Stadium,2,5.1,Karachi Kings,Lahore Qalandars,Babar Azam,AD Hales,SR Patel,1,0,,,,,,,,,
1231146,2020/21,2020-11-17,National Stadium,2,5.2,Karachi Kings,Lahore Qalandars,AD Hales,Babar Azam,SR Patel,0,0,,,,,,,,,
1231146,2020/21,2020-11-17,National Stadium,2,5.3,Karachi Kings,Lahore Qalandars,AD Hales,Babar Azam,SR Patel,4,0,,,,,,,,,
1231146,2020/21,2020-11-17,National Stadium,2,5.4,Karachi Kings,Lahore Qalandars,AD Hales,Babar Azam,SR Patel,0,0,,,,,,,,,
1231146,2020/21,2020-11-17,National Stadium,2,5.5,Karachi Kings,Lahore Qalandars,AD Hales,Babar Azam,SR Patel,1,0,,,,,,,,,
1231146,2020/21,2020-11-17,National Stadium,2,5.6,Karachi Kings,Lahore Qalandars,Babar Azam,AD Hales,SR Patel,2,0,,,,,,,,,
1231146,2020/21,2020-11-17,National Stadium,2,6.1,Karachi Kings,Lahore Qalandars,AD Hales,Babar Azam,Dilbar Hussain,1,0,,,,,,,,,
1231146,2020/21,2020-11-17,National Stadium,2,6.2,Karachi Kings,Lahore Qalandars,Babar Azam,AD Hales,Dilbar Hussain,2,0,,,,,,,,,
1231146,2020/21,2020-11-17,National Stadium,2,6.3,Karachi Kings,Lahore Qalandars,Babar Azam,AD Hales,Dilbar Hussain,2,0,,,,,,,,,
1231146,2020/21,2020-11-17,National Stadium,2,6.4,Karachi Kings,Lahore Qalandars,Babar Azam,AD Hales,Dilbar Hussain,1,0,,,,,,,,,
1231146,2020/21,2020-11-17,National Stadium,2,6.5,Karachi Kings,Lahore Qalandars,AD Hales,Babar Azam,Dilbar Hussain,0,0,,,,,,bowled,AD Hales,,
1231146,2020/21,2020-11-17,National Stadium,2,6.6,Karachi Kings,Lahore Qalandars,CAK Walton,Babar Azam,Dilbar Hussain,1,0,,,,,,,,,
1231146,2020/21,2020-11-17,National Stadium,2,7.1,Karachi Kings,Lahore Qalandars,CAK Walton,Babar Azam,SR Patel,0,0,,,,,,,,,
1231146,2020/21,2020-11-17,National Stadium,2,7.2,Karachi Kings,Lahore Qalandars,CAK Walton,Babar Azam,SR Patel,0,0,,,,,,,,,
1231146,2020/21,2020-11-17,National Stadium,2,7.3,Karachi Kings,Lahore Qalandars,CAK Walton,Babar Azam,SR Patel,1,0,,,,,,,,,
1231146,2020/21,2020-11-17,National Stadium,2,7.4,Karachi Kings,Lahore Qalandars,Babar Azam,CAK Walton,SR Patel,1,0,,,,,,,,,
1231146,2020/21,2020-11-17,National Stadium,2,7.5,Karachi Kings,Lahore Qalandars,CAK Walton,Babar Azam,SR Patel,0,0,,,,,,,,,
1231146,2020/21,2020-11-17,National Stadium,2,7.6,Karachi Kings,Lahore Qalandars,CAK Walton,Babar Azam,SR Patel,1,0,,,,,,,,,
1231146,2020/21,2020-11-17,National Stadium,2,8.1,Karachi Kings,Lahore Qalandars,CAK Walton,Babar Azam,Dilbar Hussain,2,0,,,,,,,,,
1231146,2020/21,2020-11-17,National Stadium,2,8.2,Karachi Kings,Lahore Qalandars,CAK Walton,Babar Azam,Dilbar Hussain,1,0,,,,,,,,,
1231146,2020/21,2020-11-17,National Stadium,2,8.3,Karachi Kings,Lahore Qalandars,Babar Azam,CAK Walton,Dilbar Hussain,1,0,,,,,,,,,
1231146,2020/21,2020-11-17,National Stadium,2,8.4,Karachi Kings,Lahore Qalandars,CAK Walton,Babar Azam,Dilbar Hussain,1,0,,,,,,,,,
1231146,2020/21,2020-11-17,National Stadium,2,8.5,Karachi Kings,Lahore Qalandars,Babar Azam,CAK Walton,Dilbar Hussain,4,0,,,,,,,,,
1231146,2020/21,2020-11-17,National Stadium,2,8.6,Karachi Kings,Lahore Qalandars,Babar Azam,CAK Walton,Dilbar Hussain,1,0,,,,,,,,,
1231146,2020/21,2020-11-17,National Stadium,2,9.1,Karachi Kings,Lahore Qalandars,Babar Azam,CAK Walton,SR Patel,1,0,,,,,,,,,
1231146,2020/21,2020-11-17,National Stadium,2,9.2,Karachi Kings,Lahore Qalandars,CAK Walton,Babar Azam,SR Patel,1,0,,,,,,,,,
1231146,2020/21,2020-11-17,National Stadium,2,9.3,Karachi Kings,Lahore Qalandars,Babar Azam,CAK Walton,SR Patel,1,0,,,,,,,,,
1231146,2020/21,2020-11-17,National Stadium,2,9.4,Karachi Kings,Lahore Qalandars,CAK Walton,Babar Azam,SR Patel,1,0,,,,,,,,,
1231146,2020/21,2020-11-17,National Stadium,2,9.5,Karachi Kings,Lahore Qalandars,Babar Azam,CAK Walton,SR Patel,1,0,,,,,,,,,
1231146,2020/21,2020-11-17,National Stadium,2,9.6,Karachi Kings,Lahore Qalandars,CAK Walton,Babar Azam,SR Patel,1,0,,,,,,,,,
1231146,2020/21,2020-11-17,National Stadium,2,10.1,Karachi Kings,Lahore Qalandars,CAK Walton,Babar Azam,D Wiese,0,1,1,,,,,,,,
1231146,2020/21,2020-11-17,National Stadium,2,10.2,Karachi Kings,Lahore Qalandars,CAK Walton,Babar Azam,D Wiese,1,0,,,,,,,,,
1231146,2020/21,2020-11-17,National Stadium,2,10.3,Karachi Kings,Lahore Qalandars,Babar Azam,CAK Walton,D Wiese,1,0,,,,,,,,,
1231146,2020/21,2020-11-17,National Stadium,2,10.4,Karachi Kings,Lahore Qalandars,CAK Walton,Babar Azam,D Wiese,0,0,,,,,,,,,
1231146,2020/21,2020-11-17,National Stadium,2,10.5,Karachi Kings,Lahore Qalandars,CAK Walton,Babar Azam,D Wiese,4,0,,,,,,,,,
1231146,2020/21,2020-11-17,National Stadium,2,10.6,Karachi Kings,Lahore Qalandars,CAK Walton,Babar Azam,D Wiese,0,0,,,,,,,,,
1231146,2020/21,2020-11-17,National Stadium,2,10.7,Karachi Kings,Lahore Qalandars,CAK Walton,Babar Azam,D Wiese,0,0,,,,,,,,,
1231146,2020/21,2020-11-17,National Stadium,2,11.1,Karachi Kings,Lahore Qalandars,Babar Azam,CAK Walton,Haris Rauf,1,0,,,,,,,,,
1231146,2020/21,2020-11-17,National Stadium,2,11.2,Karachi Kings,Lahore Qalandars,CAK Walton,Babar Azam,Haris Rauf,1,0,,,,,,,,,
1231146,2020/21,2020-11-17,National Stadium,2,11.3,Karachi Kings,Lahore Qalandars,Babar Azam,CAK Walton,Haris Rauf,1,0,,,,,,,,,
1231146,2020/21,2020-11-17,National Stadium,2,11.4,Karachi Kings,Lahore Qalandars,CAK Walton,Babar Azam,Haris Rauf,1,0,,,,,,,,,
1231146,2020/21,2020-11-17,National Stadium,2,11.5,Karachi Kings,Lahore Qalandars,Babar Azam,CAK Walton,Haris Rauf,0,0,,,,,,,,,
1231146,2020/21,2020-11-17,National Stadium,2,11.6,Karachi Kings,Lahore Qalandars,Babar Azam,CAK Walton,Haris Rauf,0,0,,,,,,,,,
1231146,2020/21,2020-11-17,National Stadium,2,12.1,Karachi Kings,Lahore Qalandars,CAK Walton,Babar Azam,D Wiese,1,0,,,,,,,,,
1231146,2020/21,2020-11-17,National Stadium,2,12.2,Karachi Kings,Lahore Qalandars,Babar Azam,CAK Walton,D Wiese,0,0,,,,,,,,,
1231146,2020/21,2020-11-17,National Stadium,2,12.3,Karachi Kings,Lahore Qalandars,Babar Azam,CAK Walton,D Wiese,1,0,,,,,,,,,
1231146,2020/21,2020-11-17,National Stadium,2,12.4,Karachi Kings,Lahore Qalandars,CAK Walton,Babar Azam,D Wiese,1,0,,,,,,,,,
1231146,2020/21,2020-11-17,National Stadium,2,12.5,Karachi Kings,Lahore Qalandars,Babar Azam,CAK Walton,D Wiese,1,0,,,,,,,,,
1231146,2020/21,2020-11-17,National Stadium,2,12.6,Karachi Kings,Lahore Qalandars,CAK Walton,Babar Azam,D Wiese,1,0,,,,,,,,,
1231146,2020/21,2020-11-17,National Stadium,2,13.1,Karachi Kings,Lahore Qalandars,CAK Walton,Babar Azam,Haris Rauf,0,1,,,1,,,,,,
1231146,2020/21,2020-11-17,National Stadium,2,13.2,Karachi Kings,Lahore Qalandars,Babar Azam,CAK Walton,Haris Rauf,0,5,5,,,,,,,,
1231146,2020/21,2020-11-17,National Stadium,2,13.3,Karachi Kings,Lahore Qalandars,Babar Azam,CAK Walton,Haris Rauf,4,0,,,,,,,,,
1231146,2020/21,2020-11-17,National Stadium,2,13.4,Karachi Kings,Lahore Qalandars,Babar Azam,CAK Walton,Haris Rauf,1,0,,,,,,,,,
1231146,2020/21,2020-11-17,National Stadium,2,13.5,Karachi Kings,Lahore Qalandars,CAK Walton,Babar Azam,Haris Rauf,0,1,,,,1,,,,,
1231146,2020/21,2020-11-17,National Stadium,2,13.6,Karachi Kings,Lahore Qalandars,Babar Azam,CAK Walton,Haris Rauf,1,0,,,,,,,,,
1231146,2020/21,2020-11-17,National Stadium,2,13.7,Karachi Kings,Lahore Qalandars,CAK Walton,Babar Azam,Haris Rauf,1,0,,,,,,,,,
1231146,2020/21,2020-11-17,National Stadium,2,14.1,Karachi Kings,Lahore Qalandars,CAK Walton,Babar Azam,Shaheen Shah Afridi,1,0,,,,,,,,,
1231146,2020/21,2020-11-17,National Stadium,2,14.2,Karachi Kings,Lahore Qalandars,Babar Azam,CAK Walton,Shaheen Shah Afridi,2,0,,,,,,,,,
1231146,2020/21,2020-11-17,National Stadium,2,14.3,Karachi Kings,Lahore Qalandars,Babar Azam,CAK Walton,Shaheen Shah Afridi,4,0,,,,,,,,,
1231146,2020/21,2020-11-17,National Stadium,2,14.4,Karachi Kings,Lahore Qalandars,Babar Azam,CAK Walton,Shaheen Shah Afridi,4,0,,,,,,,,,
1231146,2020/21,2020-11-17,National Stadium,2,14.5,Karachi Kings,Lahore Qalandars,Babar Azam,CAK Walton,Shaheen Shah Afridi,0,0,,,,,,,,,
1231146,2020/21,2020-11-17,National Stadium,2,14.6,Karachi Kings,Lahore Qalandars,Babar Azam,CAK Walton,Shaheen Shah Afridi,0,0,,,,,,,,,
1231146,2020/21,2020-11-17,National Stadium,2,15.1,Karachi Kings,Lahore Qalandars,CAK Walton,Babar Azam,Dilbar Hussain,0,0,,,,,,lbw,CAK Walton,,
1231146,2020/21,2020-11-17,National Stadium,2,15.2,Karachi Kings,Lahore Qalandars,Iftikhar Ahmed,Babar Azam,Dilbar Hussain,1,0,,,,,,,,,
1231146,2020/21,2020-11-17,National Stadium,2,15.3,Karachi Kings,Lahore Qalandars,Babar Azam,Iftikhar Ahmed,Dilbar Hussain,0,0,,,,,,,,,
1231146,2020/21,2020-11-17,National Stadium,2,15.4,Karachi Kings,Lahore Qalandars,Babar Azam,Iftikhar Ahmed,Dilbar Hussain,2,0,,,,,,,,,
1231146,2020/21,2020-11-17,National Stadium,2,15.5,Karachi Kings,Lahore Qalandars,Babar Azam,Iftikhar Ahmed,Dilbar Hussain,1,0,,,,,,,,,
1231146,2020/21,2020-11-17,National Stadium,2,15.6,Karachi Kings,Lahore Qalandars,Iftikhar Ahmed,Babar Azam,Dilbar Hussain,0,0,,,,,,,,,
1231146,2020/21,2020-11-17,National Stadium,2,16.1,Karachi Kings,Lahore Qalandars,Babar Azam,Iftikhar Ahmed,D Wiese,1,0,,,,,,,,,
1231146,2020/21,2020-11-17,National Stadium,2,16.2,Karachi Kings,Lahore Qalandars,Iftikhar Ahmed,Babar Azam,D Wiese,2,0,,,,,,,,,
1231146,2020/21,2020-11-17,National Stadium,2,16.3,Karachi Kings,Lahore Qalandars,Iftikhar Ahmed,Babar Azam,D Wiese,1,0,,,,,,,,,
1231146,2020/21,2020-11-17,National Stadium,2,16.4,Karachi Kings,Lahore Qalandars,Babar Azam,Iftikhar Ahmed,D Wiese,1,0,,,,,,,,,
1231146,2020/21,2020-11-17,National Stadium,2,16.5,Karachi Kings,Lahore Qalandars,Iftikhar Ahmed,Babar Azam,D Wiese,0,1,,,,1,,,,,
1231146,2020/21,2020-11-17,National Stadium,2,16.6,Karachi Kings,Lahore Qalandars,Babar Azam,Iftikhar Ahmed,D Wiese,4,0,,,,,,,,,
1231146,2020/21,2020-11-17,National Stadium,2,17.1,Karachi Kings,Lahore Qalandars,Iftikhar Ahmed,Babar Azam,Haris Rauf,0,0,,,,,,caught,Iftikhar Ahmed,,
1231146,2020/21,2020-11-17,National Stadium,2,17.2,Karachi Kings,Lahore Qalandars,SE Rutherford,Babar Azam,Haris Rauf,0,0,,,,,,caught,SE Rutherford,,
1231146,2020/21,2020-11-17,National Stadium,2,17.3,Karachi Kings,Lahore Qalandars,Imad Wasim,Babar Azam,Haris Rauf,0,0,,,,,,,,,
1231146,2020/21,2020-11-17,National Stadium,2,17.4,Karachi Kings,Lahore Qalandars,Imad Wasim,Babar Azam,Haris Rauf,0,0,,,,,,,,,
1231146,2020/21,2020-11-17,National Stadium,2,17.5,Karachi Kings,Lahore Qalandars,Imad Wasim,Babar Azam,Haris Rauf,4,0,,,,,,,,,
1231146,2020/21,2020-11-17,National Stadium,2,17.6,Karachi Kings,Lahore Qalandars,Imad Wasim,Babar Azam,Haris Rauf,1,0,,,,,,,,,
1231146,2020/21,2020-11-17,National Stadium,2,18.1,Karachi Kings,Lahore Qalandars,Imad Wasim,Babar Azam,Shaheen Shah Afridi,0,0,,,,,,,,,
1231146,2020/21,2020-11-17,National Stadium,2,18.2,Karachi Kings,Lahore Qalandars,Imad Wasim,Babar Azam,Shaheen Shah Afridi,1,0,,,,,,,,,
1231146,2020/21,2020-11-17,National Stadium,2,18.3,Karachi Kings,Lahore Qalandars,Babar Azam,Imad Wasim,Shaheen Shah Afridi,1,0,,,,,,,,,
1231146,2020/21,2020-11-17,National Stadium,2,18.4,Karachi Kings,Lahore Qalandars,Imad Wasim,Babar Azam,Shaheen Shah Afridi,4,0,,,,,,,,,
