match_id,season,start_date,venue,innings,ball,batting_team,bowling_team,striker,non_striker,bowler,runs_off_bat,extras,wides,noballs,byes,legbyes,penalty,wicket_type,player_dismissed,other_wicket_type,other_player_dismissed
1247015,2020/21,2021-02-23,National Stadium,1,0.1,Multan Sultans,Peshawar Zalmi,Mohammad Rizwan,CA Lynn,Mohammad Imran (2),0,0,,,,,,,,,
1247015,2020/21,2021-02-23,National Stadium,1,0.2,Multan Sultans,Peshawar Zalmi,Mohammad Rizwan,CA Lynn,Mohammad Imran (2),1,0,,,,,,,,,
1247015,2020/21,2021-02-23,National Stadium,1,0.3,Multan Sultans,Peshawar Zalmi,CA Lynn,Mohammad Rizwan,Mohammad Imran (2),0,0,,,,,,,,,
1247015,2020/21,2021-02-23,National Stadium,1,0.4,Multan Sultans,Peshawar Zalmi,CA Lynn,Mohammad Rizwan,Mohammad Imran (2),0,0,,,,,,,,,
1247015,2020/21,2021-02-23,National Stadium,1,0.5,Multan Sultans,Peshawar Zalmi,CA Lynn,Mohammad Rizwan,Mohammad Imran (2),1,0,,,,,,,,,
1247015,2020/21,2021-02-23,National Stadium,1,0.6,Multan Sultans,Peshawar Zalmi,Mohammad Rizwan,CA Lynn,Mohammad Imran (2),4,0,,,,,,,,,
1247015,2020/21,2021-02-23,National Stadium,1,1.1,Multan Sultans,Peshawar Zalmi,CA Lynn,Mohammad Rizwan,Mohammad Irfan,0,0,,,,,,caught,CA Lynn,,
1247015,2020/21,2021-02-23,National Stadium,1,1.2,Multan Sultans,Peshawar Zalmi,JM Vince,Mohammad Rizwan,Mohammad Irfan,0,0,,,,,,,,,
1247015,2020/21,2021-02-23,National Stadium,1,1.3,Multan Sultans,Peshawar Zalmi,JM Vince,Mohammad Rizwan,Mohammad Irfan,1,0,,,,,,,,,
1247015,2020/21,2021-02-23,National Stadium,1,1.4,Multan Sultans,Peshawar Zalmi,Mohammad Rizwan,JM Vince,Mohammad Irfan,1,0,,,,,,,,,
1247015,2020/21,2021-02-23,National Stadium,1,1.5,Multan Sultans,Peshawar Zalmi,JM Vince,Mohammad Rizwan,Mohammad Irfan,0,0,,,,,,,,,
1247015,2020/21,2021-02-23,National Stadium,1,1.6,Multan Sultans,Peshawar Zalmi,JM Vince,Mohammad Rizwan,Mohammad Irfan,0,0,,,,,,,,,
1247015,2020/21,2021-02-23,National Stadium,1,2.1,Multan Sultans,Peshawar Zalmi,Mohammad Rizwan,JM Vince,S Mahmood,0,0,,,,,,,,,
1247015,2020/21,2021-02-23,National Stadium,1,2.2,Multan Sultans,Peshawar Zalmi,Mohammad Rizwan,JM Vince,S Mahmood,6,0,,,,,,,,,
1247015,2020/21,2021-02-23,National Stadium,1,2.3,Multan Sultans,Peshawar Zalmi,Mohammad Rizwan,JM Vince,S Mahmood,1,0,,,,,,,,,
1247015,2020/21,2021-02-23,National Stadium,1,2.4,Multan Sultans,Peshawar Zalmi,JM Vince,Mohammad Rizwan,S Mahmood,0,0,,,,,,,,,
1247015,2020/21,2021-02-23,National Stadium,1,2.5,Multan Sultans,Peshawar Zalmi,JM Vince,Mohammad Rizwan,S Mahmood,1,0,,,,,,,,,
1247015,2020/21,2021-02-23,National Stadium,1,2.6,Multan Sultans,Peshawar Zalmi,Mohammad Rizwan,JM Vince,S Mahmood,2,0,,,,,,,,,
1247015,2020/21,2021-02-23,National Stadium,1,3.1,Multan Sultans,Peshawar Zalmi,JM Vince,Mohammad Rizwan,Mohammad Irfan,4,0,,,,,,,,,
1247015,2020/21,2021-02-23,National Stadium,1,3.2,Multan Sultans,Peshawar Zalmi,JM Vince,Mohammad Rizwan,Mohammad Irfan,1,0,,,,,,,,,
1247015,2020/21,2021-02-23,National Stadium,1,3.3,Multan Sultans,Peshawar Zalmi,Mohammad Rizwan,JM Vince,Mohammad Irfan,0,0,,,,,,,,,
1247015,2020/21,2021-02-23,National Stadium,1,3.4,Multan Sultans,Peshawar Zalmi,Mohammad Rizwan,JM Vince,Mohammad Irfan,0,0,,,,,,,,,
1247015,2020/21,2021-02-23,National Stadium,1,3.5,Multan Sultans,Peshawar Zalmi,Mohammad Rizwan,JM Vince,Mohammad Irfan,1,0,,,,,,,,,
1247015,2020/21,2021-02-23,National Stadium,1,3.6,Multan Sultans,Peshawar Zalmi,JM Vince,Mohammad Rizwan,Mohammad Irfan,4,0,,,,,,,,,
1247015,2020/21,2021-02-23,National Stadium,1,4.1,Multan Sultans,Peshawar Zalmi,Mohammad Rizwan,JM Vince,S Mahmood,0,0,,,,,,,,,
1247015,2020/21,2021-02-23,National Stadium,1,4.2,Multan Sultans,Peshawar Zalmi,Mohammad Rizwan,JM Vince,S Mahmood,1,0,,,,,,,,,
1247015,2020/21,2021-02-23,National Stadium,1,4.3,Multan Sultans,Peshawar Zalmi,JM Vince,Mohammad Rizwan,S Mahmood,2,0,,,,,,,,,
1247015,2020/21,2021-02-23,National Stadium,1,4.4,Multan Sultans,Peshawar Zalmi,JM Vince,Mohammad Rizwan,S Mahmood,0,0,,,,,,,,,
1247015,2020/21,2021-02-23,National Stadium,1,4.5,Multan Sultans,Peshawar Zalmi,JM Vince,Mohammad Rizwan,S Mahmood,4,0,,,,,,,,,
1247015,2020/21,2021-02-23,National Stadium,1,4.6,Multan Sultans,Peshawar Zalmi,JM Vince,Mohammad Rizwan,S Mahmood,0,0,,,,,,,,,
1247015,2020/21,2021-02-23,National Stadium,1,5.1,Multan Sultans,Peshawar Zalmi,Mohammad Rizwan,JM Vince,Mujeeb Ur Rahman,0,0,,,,,,,,,
1247015,2020/21,2021-02-23,National Stadium,1,5.2,Multan Sultans,Peshawar Zalmi,Mohammad Rizwan,JM Vince,Mujeeb Ur Rahman,4,0,,,,,,,,,
1247015,2020/21,2021-02-23,National Stadium,1,5.3,Multan Sultans,Peshawar Zalmi,Mohammad Rizwan,JM Vince,Mujeeb Ur Rahman,1,0,,,,,,,,,
1247015,2020/21,2021-02-23,National Stadium,1,5.4,Multan Sultans,Peshawar Zalmi,JM Vince,Mohammad Rizwan,Mujeeb Ur Rahman,4,0,,,,,,,,,
1247015,2020/21,2021-02-23,National Stadium,1,5.5,Multan Sultans,Peshawar Zalmi,JM Vince,Mohammad Rizwan,Mujeeb Ur Rahman,0,1,1,,,,,,,,
1247015,2020/21,2021-02-23,National Stadium,1,5.6,Multan Sultans,Peshawar Zalmi,JM Vince,Mohammad Rizwan,Mujeeb Ur Rahman,0,0,,,,,,,,,
1247015,2020/21,2021-02-23,National Stadium,1,5.7,Multan Sultans,Peshawar Zalmi,JM Vince,Mohammad Rizwan,Mujeeb Ur Rahman,1,0,,,,,,,,,
1247015,2020/21,2021-02-23,National Stadium,1,6.1,Multan Sultans,Peshawar Zalmi,JM Vince,Mohammad Rizwan,Mohammad Imran (2),0,0,,,,,,,,,
1247015,2020/21,2021-02-23,National Stadium,1,6.2,Multan Sultans,Peshawar Zalmi,JM Vince,Mohammad Rizwan,Mohammad Imran (2),1,0,,,,,,,,,
1247015,2020/21,2021-02-23,National Stadium,1,6.3,Multan Sultans,Peshawar Zalmi,Mohammad Rizwan,JM Vince,Mohammad Imran (2),4,0,,,,,,,,,
1247015,2020/21,2021-02-23,National Stadium,1,6.4,Multan Sultans,Peshawar Zalmi,Mohammad Rizwan,JM Vince,Mohammad Imran (2),1,0,,,,,,,,,
1247015,2020/21,2021-02-23,National Stadium,1,6.5,Multan Sultans,Peshawar Zalmi,JM Vince,Mohammad Rizwan,Mohammad Imran (2),1,0,,,,,,,,,
1247015,2020/21,2021-02-23,National Stadium,1,6.6,Multan Sultans,Peshawar Zalmi,Mohammad Rizwan,JM Vince,Mohammad Imran (2),1,0,,,,,,,,,
1247015,2020/21,2021-02-23,National Stadium,1,7.1,Multan Sultans,Peshawar Zalmi,Mohammad Rizwan,JM Vince,Wahab Riaz,1,0,,,,,,,,,
1247015,2020/21,2021-02-23,National Stadium,1,7.2,Multan Sultans,Peshawar Zalmi,JM Vince,Mohammad Rizwan,Wahab Riaz,0,1,,,,1,,,,,
1247015,2020/21,2021-02-23,National Stadium,1,7.3,Multan Sultans,Peshawar Zalmi,Mohammad Rizwan,JM Vince,Wahab Riaz,1,0,,,,,,,,,
1247015,2020/21,2021-02-23,National Stadium,1,7.4,Multan Sultans,Peshawar Zalmi,JM Vince,Mohammad Rizwan,Wahab Riaz,1,0,,,,,,,,,
1247015,2020/21,2021-02-23,National Stadium,1,7.5,Multan Sultans,Peshawar Zalmi,Mohammad Rizwan,JM Vince,Wahab Riaz,6,0,,,,,,,,,
1247015,2020/21,2021-02-23,National Stadium,1,7.6,Multan Sultans,Peshawar Zalmi,Mohammad Rizwan,JM Vince,Wahab Riaz,1,0,,,,,,,,,
1247015,2020/21,2021-02-23,National Stadium,1,8.1,Multan Sultans,Peshawar Zalmi,Mohammad Rizwan,JM Vince,Mujeeb Ur Rahman,1,0,,,,,,,,,
1247015,2020/21,2021-02-23,National Stadium,1,8.2,Multan Sultans,Peshawar Zalmi,JM Vince,Mohammad Rizwan,Mujeeb Ur Rahman,1,0,,,,,,,,,
1247015,2020/21,2021-02-23,National Stadium,1,8.3,Multan Sultans,Peshawar Zalmi,Mohammad Rizwan,JM Vince,Mujeeb Ur Rahman,0,5,5,,,,,,,,
1247015,2020/21,2021-02-23,National Stadium,1,8.4,Multan Sultans,Peshawar Zalmi,Mohammad Rizwan,JM Vince,Mujeeb Ur Rahman,1,0,,,,,,,,,
1247015,2020/21,2021-02-23,National Stadium,1,8.5,Multan Sultans,Peshawar Zalmi,JM Vince,Mohammad Rizwan,Mujeeb Ur Rahman,0,0,,,,,,,,,
1247015,2020/21,2021-02-23,National Stadium,1,8.6,Multan Sultans,Peshawar Zalmi,JM Vince,Mohammad Rizwan,Mujeeb Ur Rahman,0,0,,,,,,,,,
1247015,2020/21,2021-02-23,National Stadium,1,8.7,Multan Sultans,Peshawar Zalmi,JM Vince,Mohammad Rizwan,Mujeeb Ur Rahman,1,0,,,,,,,,,
1247015,2020/21,2021-02-23,National Stadium,1,9.1,Multan Sultans,Peshawar Zalmi,JM Vince,Mohammad Rizwan,Mohammad Irfan,6,0,,,,,,,,,
1247015,2020/21,2021-02-23,National Stadium,1,9.2,Multan Sultans,Peshawar Zalmi,JM Vince,Mohammad Rizwan,Mohammad Irfan,4,0,,,,,,,,,
1247015,2020/21,2021-02-23,National Stadium,1,9.3,Multan Sultans,Peshawar Zalmi,JM Vince,Mohammad Rizwan,Mohammad Irfan,1,0,,,,,,,,,
1247015,2020/21,2021-02-23,National Stadium,1,9.4,Multan Sultans,Peshawar Zalmi,Mohammad Rizwan,JM Vince,Mohammad Irfan,1,0,,,,,,,,,
1247015,2020/21,2021-02-23,National Stadium,1,9.5,Multan Sultans,Peshawar Zalmi,JM Vince,Mohammad Rizwan,Mohammad Irfan,1,0,,,,,,,,,
1247015,2020/21,2021-02-23,National Stadium,1,9.6,Multan Sultans,Peshawar Zalmi,Mohammad Rizwan,JM Vince,Mohammad Irfan,1,0,,,,,,,,,
1247015,2020/21,2021-02-23,National Stadium,1,10.1,Multan Sultans,Peshawar Zalmi,Mohammad Rizwan,JM Vince,Mohammad Imran (2),0,0,,,,,,caught,Mohammad Rizwan,,
1247015,2020/21,2021-02-23,National Stadium,1,10.2,Multan Sultans,Peshawar Zalmi,Sohaib Maqsood,JM Vince,Mohammad Imran (2),1,0,,,,,,,,,
1247015,2020/21,2021-02-23,National Stadium,1,10.3,Multan Sultans,Peshawar Zalmi,JM Vince,Sohaib Maqsood,Mohammad Imran (2),0,0,,,,,,,,,
1247015,2020/21,2021-02-23,National Stadium,1,10.4,Multan Sultans,Peshawar Zalmi,JM Vince,Sohaib Maqsood,Mohammad Imran (2),1,0,,,,,,,,,
1247015,2020/21,2021-02-23,National Stadium,1,10.5,Multan Sultans,Peshawar Zalmi,Sohaib Maqsood,JM Vince,Mohammad Imran (2),0,0,,,,,,,,,
1247015,2020/21,2021-02-23,National Stadium,1,10.6,Multan Sultans,Peshawar Zalmi,Sohaib Maqsood,JM Vince,Mohammad Imran (2),1,0,,,,,,,,,
1247015,2020/21,2021-02-23,National Stadium,1,11.1,Multan Sultans,Peshawar Zalmi,Sohaib Maqsood,JM Vince,Wahab Riaz,0,0,,,,,,,,,
1247015,2020/21,2021-02-23,National Stadium,1,11.2,Multan Sultans,Peshawar Zalmi,Sohaib Maqsood,JM Vince,Wahab Riaz,0,0,,,,,,,,,
1247015,2020/21,2021-02-23,National Stadium,1,11.3,Multan Sultans,Peshawar Zalmi,Sohaib Maqsood,JM Vince,Wahab Riaz,4,0,,,,,,,,,
1247015,2020/21,2021-02-23,National Stadium,1,11.4,Multan Sultans,Peshawar Zalmi,Sohaib Maqsood,JM Vince,Wahab Riaz,4,0,,,,,,,,,
1247015,2020/21,2021-02-23,National Stadium,1,11.5,Multan Sultans,Peshawar Zalmi,Sohaib Maqsood,JM Vince,Wahab Riaz,4,0,,,,,,,,,
1247015,2020/21,2021-02-23,National Stadium,1,11.6,Multan Sultans,Peshawar Zalmi,Sohaib Maqsood,JM Vince,Wahab Riaz,0,1,,1,,,,,,,
1247015,2020/21,2021-02-23,National Stadium,1,11.7,Multan Sultans,Peshawar Zalmi,Sohaib Maqsood,JM Vince,Wahab Riaz,0,0,,,,,,,,,
1247015,2020/21,2021-02-23,National Stadium,1,12.1,Multan Sultans,Peshawar Zalmi,JM Vince,Sohaib Maqsood,Mujeeb Ur Rahman,0,0,,,,,,,,,
1247015,2020/21,2021-02-23,National Stadium,1,12.2,Multan Sultans,Peshawar Zalmi,JM Vince,Sohaib Maqsood,Mujeeb Ur Rahman,1,0,,,,,,,,,
1247015,2020/21,2021-02-23,National Stadium,1,12.3,Multan Sultans,Peshawar Zalmi,Sohaib Maqsood,JM Vince,Mujeeb Ur Rahman,0,0,,,,,,,,,
1247015,2020/21,2021-02-23,National Stadium,1,12.4,Multan Sultans,Peshawar Zalmi,Sohaib Maqsood,JM Vince,Mujeeb Ur Rahman,1,0,,,,,,,,,
1247015,2020/21,2021-02-23,National Stadium,1,12.5,Multan Sultans,Peshawar Zalmi,JM Vince,Sohaib Maqsood,Mujeeb Ur Rahman,0,0,,,,,,,,,
1247015,2020/21,2021-02-23,National Stadium,1,12.6,Multan Sultans,Peshawar Zalmi,JM Vince,Sohaib Maqsood,Mujeeb Ur Rahman,1,0,,,,,,,,,
1247015,2020/21,2021-02-23,National Stadium,1,13.1,Multan Sultans,Peshawar Zalmi,JM Vince,Sohaib Maqsood,Mohammad Irfan,2,0,,,,,,,,,
1247015,2020/21,2021-02-23,National Stadium,1,13.2,Multan Sultans,Peshawar Zalmi,JM Vince,Sohaib Maqsood,Mohammad Irfan,1,0,,,,,,,,,
1247015,2020/21,2021-02-23,National Stadium,1,13.3,Multan Sultans,Peshawar Zalmi,Sohaib Maqsood,JM Vince,Mohammad Irfan,4,0,,,,,,,,,
1247015,2020/21,2021-02-23,National Stadium,1,13.4,Multan Sultans,Peshawar Zalmi,Sohaib Maqsood,JM Vince,Mohammad Irfan,6,0,,,,,,,,,
1247015,2020/21,2021-02-23,National Stadium,1,13.5,Multan Sultans,Peshawar Zalmi,Sohaib Maqsood,JM Vince,Mohammad Irfan,1,0,,,,,,,,,
1247015,2020/21,2021-02-23,National Stadium,1,13.6,Multan Sultans,Peshawar Zalmi,JM Vince,Sohaib Maqsood,Mohammad Irfan,1,0,,,,,,,,,
1247015,2020/21,2021-02-23,National Stadium,1,14.1,Multan Sultans,Peshawar Zalmi,JM Vince,Sohaib Maqsood,Mujeeb Ur Rahman,4,0,,,,,,,,,
1247015,2020/21,2021-02-23,National Stadium,1,14.2,Multan Sultans,Peshawar Zalmi,JM Vince,Sohaib Maqsood,Mujeeb Ur Rahman,1,0,,,,,,,,,
1247015,2020/21,2021-02-23,National Stadium,1,14.3,Multan Sultans,Peshawar Zalmi,Sohaib Maqsood,JM Vince,Mujeeb Ur Rahman,6,0,,,,,,,,,
1247015,2020/21,2021-02-23,National Stadium,1,14.4,Multan Sultans,Peshawar Zalmi,Sohaib Maqsood,JM Vince,Mujeeb Ur Rahman,1,0,,,,,,,,,
1247015,2020/21,2021-02-23,National Stadium,1,14.5,Multan Sultans,Peshawar Zalmi,JM Vince,Sohaib Maqsood,Mujeeb Ur Rahman,4,0,,,,,,,,,
1247015,2020/21,2021-02-23,National Stadium,1,14.6,Multan Sultans,Peshawar Zalmi,JM Vince,Sohaib Maqsood,Mujeeb Ur Rahman,1,0,,,,,,,,,
1247015,2020/21,2021-02-23,National Stadium,1,15.1,Multan Sultans,Peshawar Zalmi,JM Vince,Sohaib Maqsood,Wahab Riaz,0,0,,,,,,,,,
1247015,2020/21,2021-02-23,National Stadium,1,15.2,Multan Sultans,Peshawar Zalmi,JM Vince,Sohaib Maqsood,Wahab Riaz,1,0,,,,,,,,,
1247015,2020/21,2021-02-23,National Stadium,1,15.3,Multan Sultans,Peshawar Zalmi,Sohaib Maqsood,JM Vince,Wahab Riaz,1,0,,,,,,,,,
1247015,2020/21,2021-02-23,National Stadium,1,15.4,Multan Sultans,Peshawar Zalmi,JM Vince,Sohaib Maqsood,Wahab Riaz,0,1,1,,,,,,,,
1247015,2020/21,2021-02-23,National Stadium,1,15.5,Multan Sultans,Peshawar Zalmi,JM Vince,Sohaib Maqsood,Wahab Riaz,1,0,,,,,,,,,
1247015,2020/21,2021-02-23,National Stadium,1,15.6,Multan Sultans,Peshawar Zalmi,Sohaib Maqsood,JM Vince,Wahab Riaz,0,2,2,,,,,,,,
1247015,2020/21,2021-02-23,National Stadium,1,15.7,Multan Sultans,Peshawar Zalmi,JM Vince,Sohaib Maqsood,Wahab Riaz,6,0,,,,,,,,,
1247015,2020/21,2021-02-23,National Stadium,1,15.8,Multan Sultans,Peshawar Zalmi,JM Vince,Sohaib Maqsood,Wahab Riaz,4,0,,,,,,,,,
1247015,2020/21,2021-02-23,National Stadium,1,16.1,Multan Sultans,Peshawar Zalmi,Sohaib Maqsood,JM Vince,S Mahmood,1,0,,,,,,,,,
1247015,2020/21,2021-02-23,National Stadium,1,16.2,Multan Sultans,Peshawar Zalmi,JM Vince,Sohaib Maqsood,S Mahmood,1,0,,,,,,,,,
1247015,2020/21,2021-02-23,National Stadium,1,16.3,Multan Sultans,Peshawar Zalmi,Sohaib Maqsood,JM Vince,S Mahmood,1,0,,,,,,,,,
1247015,2020/21,2021-02-23,National Stadium,1,16.4,Multan Sultans,Peshawar Zalmi,JM Vince,Sohaib Maqsood,S Mahmood,1,0,,,,,,,,,
1247015,2020/21,2021-02-23,National Stadium,1,16.5,Multan Sultans,Peshawar Zalmi,Sohaib Maqsood,JM Vince,S Mahmood,0,0,,,,,,caught,Sohaib Maqsood,,
1247015,2020/21,2021-02-23,National Stadium,1,16.6,Multan Sultans,Peshawar Zalmi,RR Rossouw,JM Vince,S Mahmood,1,0,,,,,,,,,
1247015,2020/21,2021-02-23,National Stadium,1,17.1,Multan Sultans,Peshawar Zalmi,RR Rossouw,JM Vince,Wahab Riaz,0,0,,,,,,,,,
1247015,2020/21,2021-02-23,National Stadium,1,17.2,Multan Sultans,Peshawar Zalmi,RR Rossouw,JM Vince,Wahab Riaz,4,0,,,,,,,,,
1247015,2020/21,2021-02-23,National Stadium,1,17.3,Multan Sultans,Peshawar Zalmi,RR Rossouw,JM Vince,Wahab Riaz,6,0,,,,,,,,,
1247015,2020/21,2021-02-23,National Stadium,1,17.4,Multan Sultans,Peshawar Zalmi,RR Rossouw,JM Vince,Wahab Riaz,0,0,,,,,,,,,
1247015,2020/21,2021-02-23,National Stadium,1,17.5,Multan Sultans,Peshawar Zalmi,RR Rossouw,JM Vince,Wahab Riaz,1,0,,,,,,,,,
1247015,2020/21,2021-02-23,National Stadium,1,17.6,Multan Sultans,Peshawar Zalmi,JM Vince,RR Rossouw,Wahab Riaz,1,0,,,,,,,,,
1247015,2020/21,2021-02-23,National Stadium,1,18.1,Multan Sultans,Peshawar Zalmi,JM Vince,RR Rossouw,S Mahmood,2,0,,,,,,,,,
1247015,2020/21,2021-02-23,National Stadium,1,18.2,Multan Sultans,Peshawar Zalmi,JM Vince,RR Rossouw,S Mahmood,6,0,,,,,,,,,
1247015,2020/21,2021-02-23,National Stadium,1,18.3,Multan Sultans,Peshawar Zalmi,JM Vince,RR Rossouw,S Mahmood,4,0,,,,,,,,,
1247015,2020/21,2021-02-23,National Stadium,1,18.4,Multan Sultans,Peshawar Zalmi,JM Vince,RR Rossouw,S Mahmood,1,0,,,,,,,,,
1247015,2020/21,2021-02-23,National Stadium,1,18.5,Multan Sultans,Peshawar Zalmi,RR Rossouw,JM Vince,S Mahmood,1,0,,,,,,,,,
1247015,2020/21,2021-02-23,National Stadium,1,18.6,Multan Sultans,Peshawar Zalmi,JM Vince,RR Rossouw,S Mahmood,0,0,,,,,,caught,JM Vince,,
1247015,2020/21,2021-02-23,National Stadium,1,19.1,Multan Sultans,Peshawar Zalmi,RR Rossouw,Khushdil Shah,Mohammad Imran (2),1,0,,,,,,,,,
1247015,2020/21,2021-02-23,National Stadium,1,19.2,Multan Sultans,Peshawar Zalmi,Khushdil Shah,RR Rossouw,Mohammad Imran (2),0,0,,,,,,,,,
1247015,2020/21,2021-02-23,National Stadium,1,19.3,Multan Sultans,Peshawar Zalmi,Khushdil Shah,RR Rossouw,Mohammad Imran (2),2,0,,,,,,,,,
1247015,2020/21,2021-02-23,National Stadium,1,19.4,Multan Sultans,Peshawar Zalmi,Khushdil Shah,RR Rossouw,Mohammad Imran (2),0,0,,,,,,,,,
1247015,2020/21,2021-02-23,National Stadium,1,19.5,Multan Sultans,Peshawar Zalmi,Khushdil Shah,RR Rossouw,Mohammad Imran (2),2,0,,,,,,,,,
1247015,2020/21,2021-02-23,National Stadium,1,19.6,Multan Sultans,Peshawar Zalmi,Khushdil Shah,RR Rossouw,Mohammad Imran (2),2,0,,,,,,,,,
1247015,2020/21,2021-02-23,National Stadium,2,0.1,Peshawar Zalmi,Multan Sultans,Imam-ul-Haq,Kamran Akmal,Sohail Tanvir,0,0,,,,,,,,,
1247015,2020/21,2021-02-23,National Stadium,2,0.2,Peshawar Zalmi,Multan Sultans,Imam-ul-Haq,Kamran Akmal,Sohail Tanvir,1,0,,,,,,,,,
1247015,2020/21,2021-02-23,National Stadium,2,0.3,Peshawar Zalmi,Multan Sultans,Kamran Akmal,Imam-ul-Haq,Sohail Tanvir,4,0,,,,,,,,,
1247015,2020/21,2021-02-23,National Stadium,2,0.4,Peshawar Zalmi,Multan Sultans,Kamran Akmal,Imam-ul-Haq,Sohail Tanvir,0,0,,,,,,,,,
1247015,2020/21,2021-02-23,National Stadium,2,0.5,Peshawar Zalmi,Multan Sultans,Kamran Akmal,Imam-ul-Haq,Sohail Tanvir,0,0,,,,,,,,,
1247015,2020/21,2021-02-23,National Stadium,2,0.6,Peshawar Zalmi,Multan Sultans,Kamran Akmal,Imam-ul-Haq,Sohail Tanvir,1,0,,,,,,,,,
1247015,2020/21,2021-02-23,National Stadium,2,1.1,Peshawar Zalmi,Multan Sultans,Kamran Akmal,Imam-ul-Haq,Shahnawaz Dhani,0,0,,,,,,,,,
1247015,2020/21,2021-02-23,National Stadium,2,1.2,Peshawar Zalmi,Multan Sultans,Kamran Akmal,Imam-ul-Haq,Shahnawaz Dhani,1,0,,,,,,,,,
1247015,2020/21,2021-02-23,National Stadium,2,1.3,Peshawar Zalmi,Multan Sultans,Imam-ul-Haq,Kamran Akmal,Shahnawaz Dhani,1,0,,,,,,,,,
1247015,2020/21,2021-02-23,National Stadium,2,1.4,Peshawar Zalmi,Multan Sultans,Kamran Akmal,Imam-ul-Haq,Shahnawaz Dhani,0,0,,,,,,,,,
1247015,2020/21,2021-02-23,National Stadium,2,1.5,Peshawar Zalmi,Multan Sultans,Kamran Akmal,Imam-ul-Haq,Shahnawaz Dhani,0,0,,,,,,,,,
1247015,2020/21,2021-02-23,National Stadium,2,1.6,Peshawar Zalmi,Multan Sultans,Kamran Akmal,Imam-ul-Haq,Shahnawaz Dhani,0,0,,,,,,,,,
1247015,2020/21,2021-02-23,National Stadium,2,2.1,Peshawar Zalmi,Multan Sultans,Imam-ul-Haq,Kamran Akmal,Sohail Tanvir,4,0,,,,,,,,,
1247015,2020/21,2021-02-23,National Stadium,2,2.2,Peshawar Zalmi,Multan Sultans,Imam-ul-Haq,Kamran Akmal,Sohail Tanvir,1,0,,,,,,,,,
1247015,2020/21,2021-02-23,National Stadium,2,2.3,Peshawar Zalmi,Multan Sultans,Kamran Akmal,Imam-ul-Haq,Sohail Tanvir,0,0,,,,,,,,,
1247015,2020/21,2021-02-23,National Stadium,2,2.4,Peshawar Zalmi,Multan Sultans,Kamran Akmal,Imam-ul-Haq,Sohail Tanvir,6,0,,,,,,,,,
1247015,2020/21,2021-02-23,National Stadium,2,2.5,Peshawar Zalmi,Multan Sultans,Kamran Akmal,Imam-ul-Haq,Sohail Tanvir,0,0,,,,,,,,,
1247015,2020/21,2021-02-23,National Stadium,2,2.6,Peshawar Zalmi,Multan Sultans,Kamran Akmal,Imam-ul-Haq,Sohail Tanvir,4,0,,,,,,,,,
1247015,2020/21,2021-02-23,National Stadium,2,3.1,Peshawar Zalmi,Multan Sultans,Imam-ul-Haq,Kamran Akmal,Shahnawaz Dhani,1,0,,,,,,,,,
1247015,2020/21,2021-02-23,National Stadium,2,3.2,Peshawar Zalmi,Multan Sultans,Kamran Akmal,Imam-ul-Haq,Shahnawaz Dhani,0,0,,,,,,,,,
1247015,2020/21,2021-02-23,National Stadium,2,3.3,Peshawar Zalmi,Multan Sultans,Kamran Akmal,Imam-ul-Haq,Shahnawaz Dhani,1,0,,,,,,,,,
1247015,2020/21,2021-02-23,National Stadium,2,3.4,Peshawar Zalmi,Multan Sultans,Imam-ul-Haq,Kamran Akmal,Shahnawaz Dhani,4,0,,,,,,,,,
1247015,2020/21,2021-02-23,National Stadium,2,3.5,Peshawar Zalmi,Multan Sultans,Imam-ul-Haq,Kamran Akmal,Shahnawaz Dhani,0,0,,,,,,,,,
1247015,2020/21,2021-02-23,National Stadium,2,3.6,Peshawar Zalmi,Multan Sultans,Imam-ul-Haq,Kamran Akmal,Shahnawaz Dhani,4,0,,,,,,,,,
1247015,2020/21,2021-02-23,National Stadium,2,4.1,Peshawar Zalmi,Multan Sultans,Kamran Akmal,Imam-ul-Haq,CR Brathwaite,0,0,,,,,,,,,
1247015,2020/21,2021-02-23,National Stadium,2,4.2,Peshawar Zalmi,Multan Sultans,Kamran Akmal,Imam-ul-Haq,CR Brathwaite,4,0,,,,,,,,,
1247015,2020/21,2021-02-23,National Stadium,2,4.3,Peshawar Zalmi,Multan Sultans,Kamran Akmal,Imam-ul-Haq,CR Brathwaite,4,0,,,,,,,,,
1247015,2020/21,2021-02-23,National Stadium,2,4.4,Peshawar Zalmi,Multan Sultans,Kamran Akmal,Imam-ul-Haq,CR Brathwaite,0,0,,,,,,,,,
1247015,2020/21,2021-02-23,National Stadium,2,4.5,Peshawar Zalmi,Multan Sultans,Kamran Akmal,Imam-ul-Haq,CR Brathwaite,1,0,,,,,,,,,
1247015,2020/21,2021-02-23,National Stadium,2,4.6,Peshawar Zalmi,Multan Sultans,Imam-ul-Haq,Kamran Akmal,CR Brathwaite,1,0,,,,,,,,,
1247015,2020/21,2021-02-23,National Stadium,2,5.1,Peshawar Zalmi,Multan Sultans,Imam-ul-Haq,Kamran Akmal,Shahid Afridi,1,0,,,,,,,,,
1247015,2020/21,2021-02-23,National Stadium,2,5.2,Peshawar Zalmi,Multan Sultans,Kamran Akmal,Imam-ul-Haq,Shahid Afridi,6,0,,,,,,,,,
1247015,2020/21,2021-02-23,National Stadium,2,5.3,Peshawar Zalmi,Multan Sultans,Kamran Akmal,Imam-ul-Haq,Shahid Afridi,4,0,,,,,,,,,
1247015,2020/21,2021-02-23,National Stadium,2,5.4,Peshawar Zalmi,Multan Sultans,Kamran Akmal,Imam-ul-Haq,Shahid Afridi,1,0,,,,,,,,,
1247015,2020/21,2021-02-23,National Stadium,2,5.5,Peshawar Zalmi,Multan Sultans,Imam-ul-Haq,Kamran Akmal,Shahid Afridi,0,0,,,,,,,,,
1247015,2020/21,2021-02-23,National Stadium,2,5.6,Peshawar Zalmi,Multan Sultans,Imam-ul-Haq,Kamran Akmal,Shahid Afridi,1,0,,,,,,,,,
1247015,2020/21,2021-02-23,National Stadium,2,6.1,Peshawar Zalmi,Multan Sultans,Imam-ul-Haq,Kamran Akmal,Usman Qadir,0,0,,,,,,,,,
1247015,2020/21,2021-02-23,National Stadium,2,6.2,Peshawar Zalmi,Multan Sultans,Imam-ul-Haq,Kamran Akmal,Usman Qadir,1,0,,,,,,,,,
1247015,2020/21,2021-02-23,National Stadium,2,6.3,Peshawar Zalmi,Multan Sultans,Kamran Akmal,Imam-ul-Haq,Usman Qadir,0,0,,,,,,lbw,Kamran Akmal,,
1247015,2020/21,2021-02-23,National Stadium,2,6.4,Peshawar Zalmi,Multan Sultans,T Kohler-Cadmore,Imam-ul-Haq,Usman Qadir,1,0,,,,,,,,,
1247015,2020/21,2021-02-23,National Stadium,2,6.5,Peshawar Zalmi,Multan Sultans,Imam-ul-Haq,T Kohler-Cadmore,Usman Qadir,1,0,,,,,,,,,
1247015,2020/21,2021-02-23,National Stadium,2,6.6,Peshawar Zalmi,Multan Sultans,T Kohler-Cadmore,Imam-ul-Haq,Usman Qadir,0,0,,,,,,,,,
1247015,2020/21,2021-02-23,National Stadium,2,7.1,Peshawar Zalmi,Multan Sultans,Imam-ul-Haq,T Kohler-Cadmore,Shahid Afridi,1,0,,,,,,,,,
1247015,2020/21,2021-02-23,National Stadium,2,7.2,Peshawar Zalmi,Multan Sultans,T Kohler-Cadmore,Imam-ul-Haq,Shahid Afridi,0,0,,,,,,,,,
1247015,2020/21,2021-02-23,National Stadium,2,7.3,Peshawar Zalmi,Multan Sultans,T Kohler-Cadmore,Imam-ul-Haq,Shahid Afridi,0,4,,,4,,,,,,
1247015,2020/21,2021-02-23,National Stadium,2,7.4,Peshawar Zalmi,Multan Sultans,T Kohler-Cadmore,Imam-ul-Haq,Shahid Afridi,4,0,,,,,,,,,
1247015,2020/21,2021-02-23,National Stadium,2,7.5,Peshawar Zalmi,Multan Sultans,T Kohler-Cadmore,Imam-ul-Haq,Shahid Afridi,4,0,,,,,,,,,
1247015,2020/21,2021-02-23,National Stadium,2,7.6,Peshawar Zalmi,Multan Sultans,T Kohler-Cadmore,Imam-ul-Haq,Shahid Afridi,2,0,,,,,,,,,
1247015,2020/21,2021-02-23,National Stadium,2,8.1,Peshawar Zalmi,Multan Sultans,Imam-ul-Haq,T Kohler-Cadmore,Usman Qadir,1,0,,,,,,,,,
1247015,2020/21,2021-02-23,National Stadium,2,8.2,Peshawar Zalmi,Multan Sultans,T Kohler-Cadmore,Imam-ul-Haq,Usman Qadir,0,0,,,,,,,,,
1247015,2020/21,2021-02-23,National Stadium,2,8.3,Peshawar Zalmi,Multan Sultans,T Kohler-Cadmore,Imam-ul-Haq,Usman Qadir,1,0,,,,,,,,,
1247015,2020/21,2021-02-23,National Stadium,2,8.4,Peshawar Zalmi,Multan Sultans,Imam-ul-Haq,T Kohler-Cadmore,Usman Qadir,4,0,,,,,,,,,
1247015,2020/21,2021-02-23,National Stadium,2,8.5,Peshawar Zalmi,Multan Sultans,Imam-ul-Haq,T Kohler-Cadmore,Usman Qadir,1,0,,,,,,,,,
1247015,2020/21,2021-02-23,National Stadium,2,8.6,Peshawar Zalmi,Multan Sultans,T Kohler-Cadmore,Imam-ul-Haq,Usman Qadir,1,0,,,,,,,,,
1247015,2020/21,2021-02-23,National Stadium,2,9.1,Peshawar Zalmi,Multan Sultans,T Kohler-Cadmore,Imam-ul-Haq,CR Brathwaite,2,0,,,,,,,,,
1247015,2020/21,2021-02-23,National Stadium,2,9.2,Peshawar Zalmi,Multan Sultans,T Kohler-Cadmore,Imam-ul-Haq,CR Brathwaite,4,0,,,,,,,,,
1247015,2020/21,2021-02-23,National Stadium,2,9.3,Peshawar Zalmi,Multan Sultans,T Kohler-Cadmore,Imam-ul-Haq,CR Brathwaite,1,0,,,,,,,,,
1247015,2020/21,2021-02-23,National Stadium,2,9.4,Peshawar Zalmi,Multan Sultans,Imam-ul-Haq,T Kohler-Cadmore,CR Brathwaite,0,0,,,,,,,,,
1247015,2020/21,2021-02-23,National Stadium,2,9.5,Peshawar Zalmi,Multan Sultans,Imam-ul-Haq,T Kohler-Cadmore,CR Brathwaite,1,0,,,,,,,,,
1247015,2020/21,2021-02-23,National Stadium,2,9.6,Peshawar Zalmi,Multan Sultans,T Kohler-Cadmore,Imam-ul-Haq,CR Brathwaite,1,0,,,,,,,,,
1247015,2020/21,2021-02-23,National Stadium,2,10.1,Peshawar Zalmi,Multan Sultans,T Kohler-Cadmore,Imam-ul-Haq,Shahid Afridi,4,0,,,,,,,,,
1247015,2020/21,2021-02-23,National Stadium,2,10.2,Peshawar Zalmi,Multan Sultans,T Kohler-Cadmore,Imam-ul-Haq,Shahid Afridi,1,0,,,,,,,,,
1247015,2020/21,2021-02-23,National Stadium,2,10.3,Peshawar Zalmi,Multan Sultans,Imam-ul-Haq,T Kohler-Cadmore,Shahid Afridi,0,0,,,,,,,,,
1247015,2020/21,2021-02-23,National Stadium,2,10.4,Peshawar Zalmi,Multan Sultans,Imam-ul-Haq,T Kohler-Cadmore,Shahid Afridi,1,0,,,,,,,,,
1247015,2020/21,2021-02-23,National Stadium,2,10.5,Peshawar Zalmi,Multan Sultans,T Kohler-Cadmore,Imam-ul-Haq,Shahid Afridi,2,0,,,,,,,,,
1247015,2020/21,2021-02-23,National Stadium,2,10.6,Peshawar Zalmi,Multan Sultans,T Kohler-Cadmore,Imam-ul-Haq,Shahid Afridi,1,0,,,,,,,,,
1247015,2020/21,2021-02-23,National Stadium,2,11.1,Peshawar Zalmi,Multan Sultans,T Kohler-Cadmore,Imam-ul-Haq,Usman Qadir,4,0,,,,,,,,,
1247015,2020/21,2021-02-23,National Stadium,2,11.2,Peshawar Zalmi,Multan Sultans,T Kohler-Cadmore,Imam-ul-Haq,Usman Qadir,1,0,,,,,,,,,
1247015,2020/21,2021-02-23,National Stadium,2,11.3,Peshawar Zalmi,Multan Sultans,Imam-ul-Haq,T Kohler-Cadmore,Usman Qadir,2,0,,,,,,,,,
1247015,2020/21,2021-02-23,National Stadium,2,11.4,Peshawar Zalmi,Multan Sultans,Imam-ul-Haq,T Kohler-Cadmore,Usman Qadir,0,0,,,,,,,,,
1247015,2020/21,2021-02-23,National Stadium,2,11.5,Peshawar Zalmi,Multan Sultans,Imam-ul-Haq,T Kohler-Cadmore,Usman Qadir,1,0,,,,,,,,,
1247015,2020/21,2021-02-23,National Stadium,2,11.6,Peshawar Zalmi,Multan Sultans,T Kohler-Cadmore,Imam-ul-Haq,Usman Qadir,2,0,,,,,,,,,
1247015,2020/21,2021-02-23,National Stadium,2,12.1,Peshawar Zalmi,Multan Sultans,Imam-ul-Haq,T Kohler-Cadmore,Shahid Afridi,1,0,,,,,,,,,
1247015,2020/21,2021-02-23,National Stadium,2,12.2,Peshawar Zalmi,Multan Sultans,T Kohler-Cadmore,Imam-ul-Haq,Shahid Afridi,1,0,,,,,,,,,
1247015,2020/21,2021-02-23,National Stadium,2,12.3,Peshawar Zalmi,Multan Sultans,Imam-ul-Haq,T Kohler-Cadmore,Shahid Afridi,1,0,,,,,,,,,
1247015,2020/21,2021-02-23,National Stadium,2,12.4,Peshawar Zalmi,Multan Sultans,T Kohler-Cadmore,Imam-ul-Haq,Shahid Afridi,1,0,,,,,,,,,
1247015,2020/21,2021-02-23,National Stadium,2,12.5,Peshawar Zalmi,Multan Sultans,Imam-ul-Haq,T Kohler-Cadmore,Shahid Afridi,1,0,,,,,,,,,
1247015,2020/21,2021-02-23,National Stadium,2,12.6,Peshawar Zalmi,Multan Sultans,T Kohler-Cadmore,Imam-ul-Haq,Shahid Afridi,0,0,,,,,,,,,
1247015,2020/21,2021-02-23,National Stadium,2,13.1,Peshawar Zalmi,Multan Sultans,Imam-ul-Haq,T Kohler-Cadmore,Usman Qadir,2,0,,,,,,,,,
1247015,2020/21,2021-02-23,National Stadium,2,13.2,Peshawar Zalmi,Multan Sultans,Imam-ul-Haq,T Kohler-Cadmore,Usman Qadir,4,0,,,,,,,,,
1247015,2020/21,2021-02-23,National Stadium,2,13.3,Peshawar Zalmi,Multan Sultans,Imam-ul-Haq,T Kohler-Cadmore,Usman Qadir,1,0,,,,,,,,,
1247015,2020/21,2021-02-23,National Stadium,2,13.4,Peshawar Zalmi,Multan Sultans,T Kohler-Cadmore,Imam-ul-Haq,Usman Qadir,1,0,,,,,,,,,
1247015,2020/21,2021-02-23,National Stadium,2,13.5,Peshawar Zalmi,Multan Sultans,Imam-ul-Haq,T Kohler-Cadmore,Usman Qadir,0,0,,,,,,,,,
1247015,2020/21,2021-02-23,National Stadium,2,13.6,Peshawar Zalmi,Multan Sultans,Imam-ul-Haq,T Kohler-Cadmore,Usman Qadir,0,0,,,,,,,,,
1247015,2020/21,2021-02-23,National Stadium,2,14.1,Peshawar Zalmi,Multan Sultans,T Kohler-Cadmore,Imam-ul-Haq,CR Brathwaite,1,0,,,,,,,,,
1247015,2020/21,2021-02-23,National Stadium,2,14.2,Peshawar Zalmi,Multan Sultans,Imam-ul-Haq,T Kohler-Cadmore,CR Brathwaite,2,0,,,,,,,,,
1247015,2020/21,2021-02-23,National Stadium,2,14.3,Peshawar Zalmi,Multan Sultans,Imam-ul-Haq,T Kohler-Cadmore,CR Brathwaite,1,0,,,,,,,,,
1247015,2020/21,2021-02-23,National Stadium,2,14.4,Peshawar Zalmi,Multan Sultans,T Kohler-Cadmore,Imam-ul-Haq,CR Brathwaite,4,0,,,,,,,,,
1247015,2020/21,2021-02-23,National Stadium,2,14.5,Peshawar Zalmi,Multan Sultans,T Kohler-Cadmore,Imam-ul-Haq,CR Brathwaite,1,0,,,,,,,,,
1247015,2020/21,2021-02-23,National Stadium,2,14.6,Peshawar Zalmi,Multan Sultans,Imam-ul-Haq,T Kohler-Cadmore,CR Brathwaite,1,0,,,,,,,,,
1247015,2020/21,2021-02-23,National Stadium,2,15.1,Peshawar Zalmi,Multan Sultans,Imam-ul-Haq,T Kohler-Cadmore,Sohail Tanvir,1,0,,,,,,run out,Imam-ul-Haq,,
1247015,2020/21,2021-02-23,National Stadium,2,15.2,Peshawar Zalmi,Multan Sultans,SE Rutherford,T Kohler-Cadmore,Sohail Tanvir,4,0,,,,,,,,,
1247015,2020/21,2021-02-23,National Stadium,2,15.3,Peshawar Zalmi,Multan Sultans,SE Rutherford,T Kohler-Cadmore,Sohail Tanvir,0,1,1,,,,,,,,
1247015,2020/21,2021-02-23,National Stadium,2,15.4,Peshawar Zalmi,Multan Sultans,SE Rutherford,T Kohler-Cadmore,Sohail Tanvir,1,0,,,,,,,,,
1247015,2020/21,2021-02-23,National Stadium,2,15.5,Peshawar Zalmi,Multan Sultans,T Kohler-Cadmore,SE Rutherford,Sohail Tanvir,0,1,1,,,,,,,,
1247015,2020/21,2021-02-23,National Stadium,2,15.6,Peshawar Zalmi,Multan Sultans,T Kohler-Cadmore,SE Rutherford,Sohail Tanvir,1,0,,,,,,,,,
1247015,2020/21,2021-02-23,National Stadium,2,15.7,Peshawar Zalmi,Multan Sultans,SE Rutherford,T Kohler-Cadmore,Sohail Tanvir,6,0,,,,,,,,,
1247015,2020/21,2021-02-23,National Stadium,2,15.8,Peshawar Zalmi,Multan Sultans,SE Rutherford,T Kohler-Cadmore,Sohail Tanvir,4,0,,,,,,,,,
1247015,2020/21,2021-02-23,National Stadium,2,16.1,Peshawar Zalmi,Multan Sultans,T Kohler-Cadmore,SE Rutherford,Shahnawaz Dhani,1,0,,,,,,,,,
1247015,2020/21,2021-02-23,National Stadium,2,16.2,Peshawar Zalmi,Multan Sultans,SE Rutherford,T Kohler-Cadmore,Shahnawaz Dhani,0,0,,,,,,,,,
1247015,2020/21,2021-02-23,National Stadium,2,16.3,Peshawar Zalmi,Multan Sultans,SE Rutherford,T Kohler-Cadmore,Shahnawaz Dhani,0,0,,,,,,caught,SE Rutherford,,
1247015,2020/21,2021-02-23,National Stadium,2,16.4,Peshawar Zalmi,Multan Sultans,Shoaib Malik,T Kohler-Cadmore,Shahnawaz Dhani,1,0,,,,,,,,,
1247015,2020/21,2021-02-23,National Stadium,2,16.5,Peshawar Zalmi,Multan Sultans,T Kohler-Cadmore,Shoaib Malik,Shahnawaz Dhani,6,0,,,,,,,,,
1247015,2020/21,2021-02-23,National Stadium,2,16.6,Peshawar Zalmi,Multan Sultans,T Kohler-Cadmore,Shoaib Malik,Shahnawaz Dhani,0,0,,,,,,caught,T Kohler-Cadmore,,
1247015,2020/21,2021-02-23,National Stadium,2,17.1,Peshawar Zalmi,Multan Sultans,Haider Ali,Shoaib Malik,CR Brathwaite,4,0,,,,,,,,,
1247015,2020/21,2021-02-23,National Stadium,2,17.2,Peshawar Zalmi,Multan Sultans,Haider Ali,Shoaib Malik,CR Brathwaite,2,0,,,,,,,,,
1247015,2020/21,2021-02-23,National Stadium,2,17.3,Peshawar Zalmi,Multan Sultans,Haider Ali,Shoaib Malik,CR Brathwaite,4,0,,,,,,,,,
1247015,2020/21,2021-02-23,National Stadium,2,17.4,Peshawar Zalmi,Multan Sultans,Haider Ali,Shoaib Malik,CR Brathwaite,1,0,,,,,,,,,
1247015,2020/21,2021-02-23,National Stadium,2,17.5,Peshawar Zalmi,Multan Sultans,Shoaib Malik,Haider Ali,CR Brathwaite,1,0,,,,,,,,,
1247015,2020/21,2021-02-23,National Stadium,2,17.6,Peshawar Zalmi,Multan Sultans,Haider Ali,Shoaib Malik,CR Brathwaite,0,1,,,,1,,,,,
1247015,2020/21,2021-02-23,National Stadium,2,18.1,Peshawar Zalmi,Multan Sultans,Haider Ali,Shoaib Malik,Shahnawaz Dhani,6,0,,,,,,,,,
1247015,2020/21,2021-02-23,National Stadium,2,18.2,Peshawar Zalmi,Multan Sultans,Haider Ali,Shoaib Malik,Shahnawaz Dhani,0,1,1,,,,,,,,
1247015,2020/21,2021-02-23,National Stadium,2,18.3,Peshawar Zalmi,Multan Sultans,Haider Ali,Shoaib Malik,Shahnawaz Dhani,1,0,,,,,,,,,
1247015,2020/21,2021-02-23,National Stadium,2,18.4,Peshawar Zalmi,Multan Sultans,Shoaib Malik,Haider Ali,Shahnawaz Dhani,6,0,,,,,,,,,
1247015,2020/21,2021-02-23,National Stadium,2,18.5,Peshawar Zalmi,Multan Sultans,Shoaib Malik,Haider Ali,Shahnawaz Dhani,2,0,,,,,,,,,
1247015,2020/21,2021-02-23,National Stadium,2,18.6,Peshawar Zalmi,Multan Sultans,Shoaib Malik,Haider Ali,Shahnawaz Dhani,0,1,1,,,,,,,,
1247015,2020/21,2021-02-23,National Stadium,2,18.7,Peshawar Zalmi,Multan Sultans,Shoaib Malik,Haider Ali,Shahnawaz Dhani,1,0,,,,,,,,,
1247015,2020/21,2021-02-23,National Stadium,2,18.8,Peshawar Zalmi,Multan Sultans,Haider Ali,Shoaib Malik,Shahnawaz Dhani,6,0,,,,,,,,,
