match_id,season,start_date,venue,innings,ball,batting_team,bowling_team,striker,non_striker,bowler,runs_off_bat,extras,wides,noballs,byes,legbyes,penalty,wicket_type,player_dismissed,other_wicket_type,other_player_dismissed
1247031,2021,2021-06-13,"Sheikh Zayed Stadium, Abu Dhabi",1,0.1,Peshawar Zalmi,Multan Sultans,Haider Ali,Kamran Akmal,Imran Khan,0,0,,,,,,,,,
1247031,2021,2021-06-13,"Sheikh Zayed Stadium, Abu Dhabi",1,0.2,Peshawar Zalmi,Multan Sultans,Haider Ali,Kamran Akmal,Imran Khan,0,4,,,,4,,,,,
1247031,2021,2021-06-13,"Sheikh Zayed Stadium, Abu Dhabi",1,0.3,Peshawar Zalmi,Multan Sultans,Haider Ali,Kamran Akmal,Imran Khan,1,0,,,,,,,,,
1247031,2021,2021-06-13,"Sheikh Zayed Stadium, Abu Dhabi",1,0.4,Peshawar Zalmi,Multan Sultans,Kamran Akmal,Haider Ali,Imran Khan,2,0,,,,,,,,,
1247031,2021,2021-06-13,"Sheikh Zayed Stadium, Abu Dhabi",1,0.5,Peshawar Zalmi,Multan Sultans,Kamran Akmal,Haider Ali,Imran Khan,1,0,,,,,,,,,
1247031,2021,2021-06-13,"Sheikh Zayed Stadium, Abu Dhabi",1,0.6,Peshawar Zalmi,Multan Sultans,Haider Ali,Kamran Akmal,Imran Khan,0,0,,,,,,,,,
1247031,2021,2021-06-13,"Sheikh Zayed Stadium, Abu Dhabi",1,1.1,Peshawar Zalmi,Multan Sultans,Kamran Akmal,Haider Ali,Sohail Tanvir,0,0,,,,,,,,,
1247031,2021,2021-06-13,"Sheikh Zayed Stadium, Abu Dhabi",1,1.2,Peshawar Zalmi,Multan Sultans,Kamran Akmal,Haider Ali,Sohail Tanvir,0,0,,,,,,,,,
1247031,2021,2021-06-13,"Sheikh Zayed Stadium, Abu Dhabi",1,1.3,Peshawar Zalmi,Multan Sultans,Kamran Akmal,Haider Ali,Sohail Tanvir,0,0,,,,,,,,,
1247031,2021,2021-06-13,"Sheikh Zayed Stadium, Abu Dhabi",1,1.4,Peshawar Zalmi,Multan Sultans,Kamran Akmal,Haider Ali,Sohail Tanvir,1,0,,,,,,,,,
1247031,2021,2021-06-13,"Sheikh Zayed Stadium, Abu Dhabi",1,1.5,Peshawar Zalmi,Multan Sultans,Haider Ali,Kamran Akmal,Sohail Tanvir,0,0,,,,,,,,,
1247031,2021,2021-06-13,"Sheikh Zayed Stadium, Abu Dhabi",1,1.6,Peshawar Zalmi,Multan Sultans,Haider Ali,Kamran Akmal,Sohail Tanvir,4,0,,,,,,,,,
1247031,2021,2021-06-13,"Sheikh Zayed Stadium, Abu Dhabi",1,2.1,Peshawar Zalmi,Multan Sultans,Kamran Akmal,Haider Ali,B Muzarabani,0,0,,,,,,,,,
1247031,2021,2021-06-13,"Sheikh Zayed Stadium, Abu Dhabi",1,2.2,Peshawar Zalmi,Multan Sultans,Kamran Akmal,Haider Ali,B Muzarabani,4,0,,,,,,,,,
1247031,2021,2021-06-13,"Sheikh Zayed Stadium, Abu Dhabi",1,2.3,Peshawar Zalmi,Multan Sultans,Kamran Akmal,Haider Ali,B Muzarabani,1,0,,,,,,,,,
1247031,2021,2021-06-13,"Sheikh Zayed Stadium, Abu Dhabi",1,2.4,Peshawar Zalmi,Multan Sultans,Haider Ali,Kamran Akmal,B Muzarabani,0,0,,,,,,,,,
1247031,2021,2021-06-13,"Sheikh Zayed Stadium, Abu Dhabi",1,2.5,Peshawar Zalmi,Multan Sultans,Haider Ali,Kamran Akmal,B Muzarabani,1,0,,,,,,,,,
1247031,2021,2021-06-13,"Sheikh Zayed Stadium, Abu Dhabi",1,2.6,Peshawar Zalmi,Multan Sultans,Kamran Akmal,Haider Ali,B Muzarabani,0,0,,,,,,,,,
1247031,2021,2021-06-13,"Sheikh Zayed Stadium, Abu Dhabi",1,3.1,Peshawar Zalmi,Multan Sultans,Haider Ali,Kamran Akmal,Imran Khan,0,1,1,,,,,,,,
1247031,2021,2021-06-13,"Sheikh Zayed Stadium, Abu Dhabi",1,3.2,Peshawar Zalmi,Multan Sultans,Haider Ali,Kamran Akmal,Imran Khan,0,0,,,,,,,,,
1247031,2021,2021-06-13,"Sheikh Zayed Stadium, Abu Dhabi",1,3.3,Peshawar Zalmi,Multan Sultans,Haider Ali,Kamran Akmal,Imran Khan,1,0,,,,,,,,,
1247031,2021,2021-06-13,"Sheikh Zayed Stadium, Abu Dhabi",1,3.4,Peshawar Zalmi,Multan Sultans,Kamran Akmal,Haider Ali,Imran Khan,1,0,,,,,,,,,
1247031,2021,2021-06-13,"Sheikh Zayed Stadium, Abu Dhabi",1,3.5,Peshawar Zalmi,Multan Sultans,Haider Ali,Kamran Akmal,Imran Khan,0,0,,,,,,,,,
1247031,2021,2021-06-13,"Sheikh Zayed Stadium, Abu Dhabi",1,3.6,Peshawar Zalmi,Multan Sultans,Haider Ali,Kamran Akmal,Imran Khan,1,0,,,,,,,,,
1247031,2021,2021-06-13,"Sheikh Zayed Stadium, Abu Dhabi",1,3.7,Peshawar Zalmi,Multan Sultans,Kamran Akmal,Haider Ali,Imran Khan,1,0,,,,,,,,,
1247031,2021,2021-06-13,"Sheikh Zayed Stadium, Abu Dhabi",1,4.1,Peshawar Zalmi,Multan Sultans,Kamran Akmal,Haider Ali,Shahnawaz Dhani,0,1,1,,,,,,,,
1247031,2021,2021-06-13,"Sheikh Zayed Stadium, Abu Dhabi",1,4.2,Peshawar Zalmi,Multan Sultans,Kamran Akmal,Haider Ali,Shahnawaz Dhani,0,0,,,,,,,,,
1247031,2021,2021-06-13,"Sheikh Zayed Stadium, Abu Dhabi",1,4.3,Peshawar Zalmi,Multan Sultans,Kamran Akmal,Haider Ali,Shahnawaz Dhani,4,0,,,,,,,,,
1247031,2021,2021-06-13,"Sheikh Zayed Stadium, Abu Dhabi",1,4.4,Peshawar Zalmi,Multan Sultans,Kamran Akmal,Haider Ali,Shahnawaz Dhani,4,0,,,,,,,,,
1247031,2021,2021-06-13,"Sheikh Zayed Stadium, Abu Dhabi",1,4.5,Peshawar Zalmi,Multan Sultans,Kamran Akmal,Haider Ali,Shahnawaz Dhani,4,0,,,,,,,,,
1247031,2021,2021-06-13,"Sheikh Zayed Stadium, Abu Dhabi",1,4.6,Peshawar Zalmi,Multan Sultans,Kamran Akmal,Haider Ali,Shahnawaz Dhani,1,0,,,,,,,,,
1247031,2021,2021-06-13,"Sheikh Zayed Stadium, Abu Dhabi",1,4.7,Peshawar Zalmi,Multan Sultans,Haider Ali,Kamran Akmal,Shahnawaz Dhani,0,3,,1,2,,,,,,
1247031,2021,2021-06-13,"Sheikh Zayed Stadium, Abu Dhabi",1,4.8,Peshawar Zalmi,Multan Sultans,Haider Ali,Kamran Akmal,Shahnawaz Dhani,0,0,,,,,,,,,
1247031,2021,2021-06-13,"Sheikh Zayed Stadium, Abu Dhabi",1,5.1,Peshawar Zalmi,Multan Sultans,Kamran Akmal,Haider Ali,Sohail Tanvir,1,0,,,,,,,,,
1247031,2021,2021-06-13,"Sheikh Zayed Stadium, Abu Dhabi",1,5.2,Peshawar Zalmi,Multan Sultans,Haider Ali,Kamran Akmal,Sohail Tanvir,0,1,1,,,,,,,,
1247031,2021,2021-06-13,"Sheikh Zayed Stadium, Abu Dhabi",1,5.3,Peshawar Zalmi,Multan Sultans,Haider Ali,Kamran Akmal,Sohail Tanvir,2,0,,,,,,,,,
1247031,2021,2021-06-13,"Sheikh Zayed Stadium, Abu Dhabi",1,5.4,Peshawar Zalmi,Multan Sultans,Haider Ali,Kamran Akmal,Sohail Tanvir,1,0,,,,,,,,,
1247031,2021,2021-06-13,"Sheikh Zayed Stadium, Abu Dhabi",1,5.5,Peshawar Zalmi,Multan Sultans,Kamran Akmal,Haider Ali,Sohail Tanvir,1,0,,,,,,,,,
1247031,2021,2021-06-13,"Sheikh Zayed Stadium, Abu Dhabi",1,5.6,Peshawar Zalmi,Multan Sultans,Haider Ali,Kamran Akmal,Sohail Tanvir,1,0,,,,,,,,,
1247031,2021,2021-06-13,"Sheikh Zayed Stadium, Abu Dhabi",1,5.7,Peshawar Zalmi,Multan Sultans,Kamran Akmal,Haider Ali,Sohail Tanvir,4,0,,,,,,,,,
1247031,2021,2021-06-13,"Sheikh Zayed Stadium, Abu Dhabi",1,6.1,Peshawar Zalmi,Multan Sultans,Haider Ali,Kamran Akmal,B Muzarabani,0,0,,,,,,,,,
1247031,2021,2021-06-13,"Sheikh Zayed Stadium, Abu Dhabi",1,6.2,Peshawar Zalmi,Multan Sultans,Haider Ali,Kamran Akmal,B Muzarabani,0,0,,,,,,,,,
1247031,2021,2021-06-13,"Sheikh Zayed Stadium, Abu Dhabi",1,6.3,Peshawar Zalmi,Multan Sultans,Haider Ali,Kamran Akmal,B Muzarabani,4,0,,,,,,,,,
1247031,2021,2021-06-13,"Sheikh Zayed Stadium, Abu Dhabi",1,6.4,Peshawar Zalmi,Multan Sultans,Haider Ali,Kamran Akmal,B Muzarabani,1,0,,,,,,,,,
1247031,2021,2021-06-13,"Sheikh Zayed Stadium, Abu Dhabi",1,6.5,Peshawar Zalmi,Multan Sultans,Kamran Akmal,Haider Ali,B Muzarabani,0,0,,,,,,,,,
1247031,2021,2021-06-13,"Sheikh Zayed Stadium, Abu Dhabi",1,6.6,Peshawar Zalmi,Multan Sultans,Kamran Akmal,Haider Ali,B Muzarabani,1,0,,,,,,,,,
1247031,2021,2021-06-13,"Sheikh Zayed Stadium, Abu Dhabi",1,7.1,Peshawar Zalmi,Multan Sultans,Kamran Akmal,Haider Ali,Imran Tahir,0,0,,,,,,,,,
1247031,2021,2021-06-13,"Sheikh Zayed Stadium, Abu Dhabi",1,7.2,Peshawar Zalmi,Multan Sultans,Kamran Akmal,Haider Ali,Imran Tahir,1,0,,,,,,,,,
1247031,2021,2021-06-13,"Sheikh Zayed Stadium, Abu Dhabi",1,7.3,Peshawar Zalmi,Multan Sultans,Haider Ali,Kamran Akmal,Imran Tahir,1,0,,,,,,,,,
1247031,2021,2021-06-13,"Sheikh Zayed Stadium, Abu Dhabi",1,7.4,Peshawar Zalmi,Multan Sultans,Kamran Akmal,Haider Ali,Imran Tahir,2,0,,,,,,,,,
1247031,2021,2021-06-13,"Sheikh Zayed Stadium, Abu Dhabi",1,7.5,Peshawar Zalmi,Multan Sultans,Kamran Akmal,Haider Ali,Imran Tahir,1,0,,,,,,,,,
1247031,2021,2021-06-13,"Sheikh Zayed Stadium, Abu Dhabi",1,7.6,Peshawar Zalmi,Multan Sultans,Haider Ali,Kamran Akmal,Imran Tahir,1,0,,,,,,,,,
1247031,2021,2021-06-13,"Sheikh Zayed Stadium, Abu Dhabi",1,8.1,Peshawar Zalmi,Multan Sultans,Haider Ali,Kamran Akmal,Shahnawaz Dhani,6,0,,,,,,,,,
1247031,2021,2021-06-13,"Sheikh Zayed Stadium, Abu Dhabi",1,8.2,Peshawar Zalmi,Multan Sultans,Haider Ali,Kamran Akmal,Shahnawaz Dhani,0,0,,,,,,,,,
1247031,2021,2021-06-13,"Sheikh Zayed Stadium, Abu Dhabi",1,8.3,Peshawar Zalmi,Multan Sultans,Haider Ali,Kamran Akmal,Shahnawaz Dhani,1,0,,,,,,,,,
1247031,2021,2021-06-13,"Sheikh Zayed Stadium, Abu Dhabi",1,8.4,Peshawar Zalmi,Multan Sultans,Kamran Akmal,Haider Ali,Shahnawaz Dhani,0,0,,,,,,caught,Kamran Akmal,,
1247031,2021,2021-06-13,"Sheikh Zayed Stadium, Abu Dhabi",1,8.5,Peshawar Zalmi,Multan Sultans,Shoaib Malik,Haider Ali,Shahnawaz Dhani,0,0,,,,,,caught,Shoaib Malik,,
1247031,2021,2021-06-13,"Sheikh Zayed Stadium, Abu Dhabi",1,8.6,Peshawar Zalmi,Multan Sultans,DA Miller,Haider Ali,Shahnawaz Dhani,2,0,,,,,,,,,
1247031,2021,2021-06-13,"Sheikh Zayed Stadium, Abu Dhabi",1,9.1,Peshawar Zalmi,Multan Sultans,Haider Ali,DA Miller,Imran Tahir,1,0,,,,,,,,,
1247031,2021,2021-06-13,"Sheikh Zayed Stadium, Abu Dhabi",1,9.2,Peshawar Zalmi,Multan Sultans,DA Miller,Haider Ali,Imran Tahir,1,0,,,,,,,,,
1247031,2021,2021-06-13,"Sheikh Zayed Stadium, Abu Dhabi",1,9.3,Peshawar Zalmi,Multan Sultans,Haider Ali,DA Miller,Imran Tahir,0,1,,,,1,,,,,
1247031,2021,2021-06-13,"Sheikh Zayed Stadium, Abu Dhabi",1,9.4,Peshawar Zalmi,Multan Sultans,DA Miller,Haider Ali,Imran Tahir,1,0,,,,,,,,,
1247031,2021,2021-06-13,"Sheikh Zayed Stadium, Abu Dhabi",1,9.5,Peshawar Zalmi,Multan Sultans,Haider Ali,DA Miller,Imran Tahir,1,0,,,,,,,,,
1247031,2021,2021-06-13,"Sheikh Zayed Stadium, Abu Dhabi",1,9.6,Peshawar Zalmi,Multan Sultans,DA Miller,Haider Ali,Imran Tahir,6,0,,,,,,,,,
1247031,2021,2021-06-13,"Sheikh Zayed Stadium, Abu Dhabi",1,10.1,Peshawar Zalmi,Multan Sultans,Haider Ali,DA Miller,Shahnawaz Dhani,0,0,,,,,,caught,Haider Ali,,
1247031,2021,2021-06-13,"Sheikh Zayed Stadium, Abu Dhabi",1,10.2,Peshawar Zalmi,Multan Sultans,R Powell,DA Miller,Shahnawaz Dhani,0,0,,,,,,,,,
1247031,2021,2021-06-13,"Sheikh Zayed Stadium, Abu Dhabi",1,10.3,Peshawar Zalmi,Multan Sultans,R Powell,DA Miller,Shahnawaz Dhani,0,0,,,,,,,,,
1247031,2021,2021-06-13,"Sheikh Zayed Stadium, Abu Dhabi",1,10.4,Peshawar Zalmi,Multan Sultans,R Powell,DA Miller,Shahnawaz Dhani,4,0,,,,,,,,,
1247031,2021,2021-06-13,"Sheikh Zayed Stadium, Abu Dhabi",1,10.5,Peshawar Zalmi,Multan Sultans,R Powell,DA Miller,Shahnawaz Dhani,0,0,,,,,,caught,R Powell,,
1247031,2021,2021-06-13,"Sheikh Zayed Stadium, Abu Dhabi",1,10.6,Peshawar Zalmi,Multan Sultans,DA Miller,SE Rutherford,Shahnawaz Dhani,0,0,,,,,,,,,
1247031,2021,2021-06-13,"Sheikh Zayed Stadium, Abu Dhabi",1,11.1,Peshawar Zalmi,Multan Sultans,SE Rutherford,DA Miller,Imran Tahir,1,0,,,,,,,,,
1247031,2021,2021-06-13,"Sheikh Zayed Stadium, Abu Dhabi",1,11.2,Peshawar Zalmi,Multan Sultans,DA Miller,SE Rutherford,Imran Tahir,1,0,,,,,,,,,
1247031,2021,2021-06-13,"Sheikh Zayed Stadium, Abu Dhabi",1,11.3,Peshawar Zalmi,Multan Sultans,SE Rutherford,DA Miller,Imran Tahir,0,0,,,,,,,,,
1247031,2021,2021-06-13,"Sheikh Zayed Stadium, Abu Dhabi",1,11.4,Peshawar Zalmi,Multan Sultans,SE Rutherford,DA Miller,Imran Tahir,1,0,,,,,,,,,
1247031,2021,2021-06-13,"Sheikh Zayed Stadium, Abu Dhabi",1,11.5,Peshawar Zalmi,Multan Sultans,DA Miller,SE Rutherford,Imran Tahir,1,0,,,,,,,,,
1247031,2021,2021-06-13,"Sheikh Zayed Stadium, Abu Dhabi",1,11.6,Peshawar Zalmi,Multan Sultans,SE Rutherford,DA Miller,Imran Tahir,1,0,,,,,,,,,
1247031,2021,2021-06-13,"Sheikh Zayed Stadium, Abu Dhabi",1,12.1,Peshawar Zalmi,Multan Sultans,SE Rutherford,DA Miller,Sohail Tanvir,0,0,,,,,,,,,
1247031,2021,2021-06-13,"Sheikh Zayed Stadium, Abu Dhabi",1,12.2,Peshawar Zalmi,Multan Sultans,SE Rutherford,DA Miller,Sohail Tanvir,0,0,,,,,,,,,
1247031,2021,2021-06-13,"Sheikh Zayed Stadium, Abu Dhabi",1,12.3,Peshawar Zalmi,Multan Sultans,SE Rutherford,DA Miller,Sohail Tanvir,0,0,,,,,,,,,
1247031,2021,2021-06-13,"Sheikh Zayed Stadium, Abu Dhabi",1,12.4,Peshawar Zalmi,Multan Sultans,SE Rutherford,DA Miller,Sohail Tanvir,0,0,,,,,,,,,
1247031,2021,2021-06-13,"Sheikh Zayed Stadium, Abu Dhabi",1,12.5,Peshawar Zalmi,Multan Sultans,SE Rutherford,DA Miller,Sohail Tanvir,2,0,,,,,,,,,
1247031,2021,2021-06-13,"Sheikh Zayed Stadium, Abu Dhabi",1,12.6,Peshawar Zalmi,Multan Sultans,SE Rutherford,DA Miller,Sohail Tanvir,4,0,,,,,,,,,
1247031,2021,2021-06-13,"Sheikh Zayed Stadium, Abu Dhabi",1,13.1,Peshawar Zalmi,Multan Sultans,DA Miller,SE Rutherford,Imran Khan,1,0,,,,,,,,,
1247031,2021,2021-06-13,"Sheikh Zayed Stadium, Abu Dhabi",1,13.2,Peshawar Zalmi,Multan Sultans,SE Rutherford,DA Miller,Imran Khan,2,0,,,,,,,,,
1247031,2021,2021-06-13,"Sheikh Zayed Stadium, Abu Dhabi",1,13.3,Peshawar Zalmi,Multan Sultans,SE Rutherford,DA Miller,Imran Khan,0,0,,,,,,,,,
1247031,2021,2021-06-13,"Sheikh Zayed Stadium, Abu Dhabi",1,13.4,Peshawar Zalmi,Multan Sultans,SE Rutherford,DA Miller,Imran Khan,0,0,,,,,,,,,
1247031,2021,2021-06-13,"Sheikh Zayed Stadium, Abu Dhabi",1,13.5,Peshawar Zalmi,Multan Sultans,SE Rutherford,DA Miller,Imran Khan,2,0,,,,,,,,,
1247031,2021,2021-06-13,"Sheikh Zayed Stadium, Abu Dhabi",1,13.6,Peshawar Zalmi,Multan Sultans,SE Rutherford,DA Miller,Imran Khan,0,0,,,,,,,,,
1247031,2021,2021-06-13,"Sheikh Zayed Stadium, Abu Dhabi",1,14.1,Peshawar Zalmi,Multan Sultans,DA Miller,SE Rutherford,Imran Tahir,1,0,,,,,,,,,
1247031,2021,2021-06-13,"Sheikh Zayed Stadium, Abu Dhabi",1,14.2,Peshawar Zalmi,Multan Sultans,SE Rutherford,DA Miller,Imran Tahir,1,0,,,,,,,,,
1247031,2021,2021-06-13,"Sheikh Zayed Stadium, Abu Dhabi",1,14.3,Peshawar Zalmi,Multan Sultans,DA Miller,SE Rutherford,Imran Tahir,1,0,,,,,,,,,
1247031,2021,2021-06-13,"Sheikh Zayed Stadium, Abu Dhabi",1,14.4,Peshawar Zalmi,Multan Sultans,SE Rutherford,DA Miller,Imran Tahir,1,0,,,,,,,,,
1247031,2021,2021-06-13,"Sheikh Zayed Stadium, Abu Dhabi",1,14.5,Peshawar Zalmi,Multan Sultans,DA Miller,SE Rutherford,Imran Tahir,1,0,,,,,,,,,
1247031,2021,2021-06-13,"Sheikh Zayed Stadium, Abu Dhabi",1,14.6,Peshawar Zalmi,Multan Sultans,SE Rutherford,DA Miller,Imran Tahir,1,0,,,,,,,,,
1247031,2021,2021-06-13,"Sheikh Zayed Stadium, Abu Dhabi",1,15.1,Peshawar Zalmi,Multan Sultans,SE Rutherford,DA Miller,B Muzarabani,1,0,,,,,,,,,
1247031,2021,2021-06-13,"Sheikh Zayed Stadium, Abu Dhabi",1,15.2,Peshawar Zalmi,Multan Sultans,DA Miller,SE Rutherford,B Muzarabani,2,0,,,,,,,,,
1247031,2021,2021-06-13,"Sheikh Zayed Stadium, Abu Dhabi",1,15.3,Peshawar Zalmi,Multan Sultans,DA Miller,SE Rutherford,B Muzarabani,4,0,,,,,,,,,
1247031,2021,2021-06-13,"Sheikh Zayed Stadium, Abu Dhabi",1,15.4,Peshawar Zalmi,Multan Sultans,DA Miller,SE Rutherford,B Muzarabani,0,0,,,,,,caught,DA Miller,,
1247031,2021,2021-06-13,"Sheikh Zayed Stadium, Abu Dhabi",1,15.5,Peshawar Zalmi,Multan Sultans,SE Rutherford,FA Allen,B Muzarabani,1,0,,,,,,,,,
1247031,2021,2021-06-13,"Sheikh Zayed Stadium, Abu Dhabi",1,15.6,Peshawar Zalmi,Multan Sultans,FA Allen,SE Rutherford,B Muzarabani,0,0,,,,,,,,,
1247031,2021,2021-06-13,"Sheikh Zayed Stadium, Abu Dhabi",1,16.1,Peshawar Zalmi,Multan Sultans,SE Rutherford,FA Allen,Shahnawaz Dhani,1,0,,,,,,,,,
1247031,2021,2021-06-13,"Sheikh Zayed Stadium, Abu Dhabi",1,16.2,Peshawar Zalmi,Multan Sultans,FA Allen,SE Rutherford,Shahnawaz Dhani,1,0,,,,,,,,,
1247031,2021,2021-06-13,"Sheikh Zayed Stadium, Abu Dhabi",1,16.3,Peshawar Zalmi,Multan Sultans,SE Rutherford,FA Allen,Shahnawaz Dhani,0,0,,,,,,,,,
1247031,2021,2021-06-13,"Sheikh Zayed Stadium, Abu Dhabi",1,16.4,Peshawar Zalmi,Multan Sultans,SE Rutherford,FA Allen,Shahnawaz Dhani,0,0,,,,,,,,,
1247031,2021,2021-06-13,"Sheikh Zayed Stadium, Abu Dhabi",1,16.5,Peshawar Zalmi,Multan Sultans,SE Rutherford,FA Allen,Shahnawaz Dhani,0,0,,,,,,,,,
1247031,2021,2021-06-13,"Sheikh Zayed Stadium, Abu Dhabi",1,16.6,Peshawar Zalmi,Multan Sultans,SE Rutherford,FA Allen,Shahnawaz Dhani,1,0,,,,,,,,,
1247031,2021,2021-06-13,"Sheikh Zayed Stadium, Abu Dhabi",1,17.1,Peshawar Zalmi,Multan Sultans,SE Rutherford,FA Allen,B Muzarabani,6,0,,,,,,,,,
1247031,2021,2021-06-13,"Sheikh Zayed Stadium, Abu Dhabi",1,17.2,Peshawar Zalmi,Multan Sultans,SE Rutherford,FA Allen,B Muzarabani,2,0,,,,,,,,,
1247031,2021,2021-06-13,"Sheikh Zayed Stadium, Abu Dhabi",1,17.3,Peshawar Zalmi,Multan Sultans,SE Rutherford,FA Allen,B Muzarabani,2,0,,,,,,,,,
1247031,2021,2021-06-13,"Sheikh Zayed Stadium, Abu Dhabi",1,17.4,Peshawar Zalmi,Multan Sultans,SE Rutherford,FA Allen,B Muzarabani,0,0,,,,,,,,,
1247031,2021,2021-06-13,"Sheikh Zayed Stadium, Abu Dhabi",1,17.5,Peshawar Zalmi,Multan Sultans,SE Rutherford,FA Allen,B Muzarabani,6,0,,,,,,,,,
1247031,2021,2021-06-13,"Sheikh Zayed Stadium, Abu Dhabi",1,17.6,Peshawar Zalmi,Multan Sultans,SE Rutherford,FA Allen,B Muzarabani,1,0,,,,,,,,,
1247031,2021,2021-06-13,"Sheikh Zayed Stadium, Abu Dhabi",1,18.1,Peshawar Zalmi,Multan Sultans,SE Rutherford,FA Allen,Sohail Tanvir,0,1,1,,,,,,,,
1247031,2021,2021-06-13,"Sheikh Zayed Stadium, Abu Dhabi",1,18.2,Peshawar Zalmi,Multan Sultans,SE Rutherford,FA Allen,Sohail Tanvir,6,0,,,,,,,,,
1247031,2021,2021-06-13,"Sheikh Zayed Stadium, Abu Dhabi",1,18.3,Peshawar Zalmi,Multan Sultans,SE Rutherford,FA Allen,Sohail Tanvir,6,0,,,,,,,,,
1247031,2021,2021-06-13,"Sheikh Zayed Stadium, Abu Dhabi",1,18.4,Peshawar Zalmi,Multan Sultans,SE Rutherford,FA Allen,Sohail Tanvir,1,0,,,,,,,,,
1247031,2021,2021-06-13,"Sheikh Zayed Stadium, Abu Dhabi",1,18.5,Peshawar Zalmi,Multan Sultans,FA Allen,SE Rutherford,Sohail Tanvir,1,0,,,,,,,,,
1247031,2021,2021-06-13,"Sheikh Zayed Stadium, Abu Dhabi",1,18.6,Peshawar Zalmi,Multan Sultans,SE Rutherford,FA Allen,Sohail Tanvir,0,0,,,,,,,,,
1247031,2021,2021-06-13,"Sheikh Zayed Stadium, Abu Dhabi",1,18.7,Peshawar Zalmi,Multan Sultans,SE Rutherford,FA Allen,Sohail Tanvir,1,0,,,,,,,,,
1247031,2021,2021-06-13,"Sheikh Zayed Stadium, Abu Dhabi",1,19.1,Peshawar Zalmi,Multan Sultans,SE Rutherford,FA Allen,Imran Khan,0,0,,,,,,,,,
1247031,2021,2021-06-13,"Sheikh Zayed Stadium, Abu Dhabi",1,19.2,Peshawar Zalmi,Multan Sultans,SE Rutherford,FA Allen,Imran Khan,1,0,,,,,,,,,
1247031,2021,2021-06-13,"Sheikh Zayed Stadium, Abu Dhabi",1,19.3,Peshawar Zalmi,Multan Sultans,FA Allen,SE Rutherford,Imran Khan,1,0,,,,,,,,,
1247031,2021,2021-06-13,"Sheikh Zayed Stadium, Abu Dhabi",1,19.4,Peshawar Zalmi,Multan Sultans,SE Rutherford,FA Allen,Imran Khan,4,0,,,,,,,,,
1247031,2021,2021-06-13,"Sheikh Zayed Stadium, Abu Dhabi",1,19.5,Peshawar Zalmi,Multan Sultans,SE Rutherford,FA Allen,Imran Khan,0,1,,,,1,,run out,SE Rutherford,,
1247031,2021,2021-06-13,"Sheikh Zayed Stadium, Abu Dhabi",1,19.6,Peshawar Zalmi,Multan Sultans,Wahab Riaz,FA Allen,Imran Khan,0,1,1,,,,,run out,FA Allen,,
1247031,2021,2021-06-13,"Sheikh Zayed Stadium, Abu Dhabi",1,19.7,Peshawar Zalmi,Multan Sultans,Umaid Asif,Wahab Riaz,Imran Khan,4,0,,,,,,,,,
1247031,2021,2021-06-13,"Sheikh Zayed Stadium, Abu Dhabi",2,0.1,Multan Sultans,Peshawar Zalmi,Shan Masood,Mohammad Rizwan,Wahab Riaz,1,0,,,,,,,,,
1247031,2021,2021-06-13,"Sheikh Zayed Stadium, Abu Dhabi",2,0.2,Multan Sultans,Peshawar Zalmi,Mohammad Rizwan,Shan Masood,Wahab Riaz,0,1,1,,,,,,,,
1247031,2021,2021-06-13,"Sheikh Zayed Stadium, Abu Dhabi",2,0.3,Multan Sultans,Peshawar Zalmi,Mohammad Rizwan,Shan Masood,Wahab Riaz,1,0,,,,,,,,,
1247031,2021,2021-06-13,"Sheikh Zayed Stadium, Abu Dhabi",2,0.4,Multan Sultans,Peshawar Zalmi,Shan Masood,Mohammad Rizwan,Wahab Riaz,2,0,,,,,,,,,
1247031,2021,2021-06-13,"Sheikh Zayed Stadium, Abu Dhabi",2,0.5,Multan Sultans,Peshawar Zalmi,Shan Masood,Mohammad Rizwan,Wahab Riaz,1,0,,,,,,,,,
1247031,2021,2021-06-13,"Sheikh Zayed Stadium, Abu Dhabi",2,0.6,Multan Sultans,Peshawar Zalmi,Mohammad Rizwan,Shan Masood,Wahab Riaz,4,0,,,,,,,,,
1247031,2021,2021-06-13,"Sheikh Zayed Stadium, Abu Dhabi",2,0.7,Multan Sultans,Peshawar Zalmi,Mohammad Rizwan,Shan Masood,Wahab Riaz,0,1,1,,,,,,,,
1247031,2021,2021-06-13,"Sheikh Zayed Stadium, Abu Dhabi",2,0.8,Multan Sultans,Peshawar Zalmi,Mohammad Rizwan,Shan Masood,Wahab Riaz,4,0,,,,,,,,,
1247031,2021,2021-06-13,"Sheikh Zayed Stadium, Abu Dhabi",2,1.1,Multan Sultans,Peshawar Zalmi,Shan Masood,Mohammad Rizwan,Mohammad Irfan,4,0,,,,,,,,,
1247031,2021,2021-06-13,"Sheikh Zayed Stadium, Abu Dhabi",2,1.2,Multan Sultans,Peshawar Zalmi,Shan Masood,Mohammad Rizwan,Mohammad Irfan,0,0,,,,,,,,,
1247031,2021,2021-06-13,"Sheikh Zayed Stadium, Abu Dhabi",2,1.3,Multan Sultans,Peshawar Zalmi,Shan Masood,Mohammad Rizwan,Mohammad Irfan,0,0,,,,,,,,,
1247031,2021,2021-06-13,"Sheikh Zayed Stadium, Abu Dhabi",2,1.4,Multan Sultans,Peshawar Zalmi,Shan Masood,Mohammad Rizwan,Mohammad Irfan,1,0,,,,,,,,,
1247031,2021,2021-06-13,"Sheikh Zayed Stadium, Abu Dhabi",2,1.5,Multan Sultans,Peshawar Zalmi,Mohammad Rizwan,Shan Masood,Mohammad Irfan,4,0,,,,,,,,,
1247031,2021,2021-06-13,"Sheikh Zayed Stadium, Abu Dhabi",2,1.6,Multan Sultans,Peshawar Zalmi,Mohammad Rizwan,Shan Masood,Mohammad Irfan,1,0,,,,,,,,,
1247031,2021,2021-06-13,"Sheikh Zayed Stadium, Abu Dhabi",2,2.1,Multan Sultans,Peshawar Zalmi,Mohammad Rizwan,Shan Masood,Mohammad Imran,0,0,,,,,,,,,
1247031,2021,2021-06-13,"Sheikh Zayed Stadium, Abu Dhabi",2,2.2,Multan Sultans,Peshawar Zalmi,Mohammad Rizwan,Shan Masood,Mohammad Imran,1,0,,,,,,,,,
1247031,2021,2021-06-13,"Sheikh Zayed Stadium, Abu Dhabi",2,2.3,Multan Sultans,Peshawar Zalmi,Shan Masood,Mohammad Rizwan,Mohammad Imran,4,0,,,,,,,,,
1247031,2021,2021-06-13,"Sheikh Zayed Stadium, Abu Dhabi",2,2.4,Multan Sultans,Peshawar Zalmi,Shan Masood,Mohammad Rizwan,Mohammad Imran,0,1,,,,1,,,,,
1247031,2021,2021-06-13,"Sheikh Zayed Stadium, Abu Dhabi",2,2.5,Multan Sultans,Peshawar Zalmi,Mohammad Rizwan,Shan Masood,Mohammad Imran,0,0,,,,,,,,,
1247031,2021,2021-06-13,"Sheikh Zayed Stadium, Abu Dhabi",2,2.6,Multan Sultans,Peshawar Zalmi,Mohammad Rizwan,Shan Masood,Mohammad Imran,0,1,1,,,,,,,,
1247031,2021,2021-06-13,"Sheikh Zayed Stadium, Abu Dhabi",2,2.7,Multan Sultans,Peshawar Zalmi,Mohammad Rizwan,Shan Masood,Mohammad Imran,0,5,5,,,,,,,,
1247031,2021,2021-06-13,"Sheikh Zayed Stadium, Abu Dhabi",2,2.8,Multan Sultans,Peshawar Zalmi,Mohammad Rizwan,Shan Masood,Mohammad Imran,6,0,,,,,,,,,
1247031,2021,2021-06-13,"Sheikh Zayed Stadium, Abu Dhabi",2,3.1,Multan Sultans,Peshawar Zalmi,Shan Masood,Mohammad Rizwan,Mohammad Irfan,1,0,,,,,,,,,
1247031,2021,2021-06-13,"Sheikh Zayed Stadium, Abu Dhabi",2,3.2,Multan Sultans,Peshawar Zalmi,Mohammad Rizwan,Shan Masood,Mohammad Irfan,1,0,,,,,,,,,
1247031,2021,2021-06-13,"Sheikh Zayed Stadium, Abu Dhabi",2,3.3,Multan Sultans,Peshawar Zalmi,Shan Masood,Mohammad Rizwan,Mohammad Irfan,0,0,,,,,,,,,
1247031,2021,2021-06-13,"Sheikh Zayed Stadium, Abu Dhabi",2,3.4,Multan Sultans,Peshawar Zalmi,Shan Masood,Mohammad Rizwan,Mohammad Irfan,0,0,,,,,,caught,Shan Masood,,
1247031,2021,2021-06-13,"Sheikh Zayed Stadium, Abu Dhabi",2,3.5,Multan Sultans,Peshawar Zalmi,Sohaib Maqsood,Mohammad Rizwan,Mohammad Irfan,0,0,,,,,,,,,
1247031,2021,2021-06-13,"Sheikh Zayed Stadium, Abu Dhabi",2,3.6,Multan Sultans,Peshawar Zalmi,Sohaib Maqsood,Mohammad Rizwan,Mohammad Irfan,0,0,,,,,,,,,
1247031,2021,2021-06-13,"Sheikh Zayed Stadium, Abu Dhabi",2,4.1,Multan Sultans,Peshawar Zalmi,Mohammad Rizwan,Sohaib Maqsood,Umaid Asif,1,0,,,,,,,,,
1247031,2021,2021-06-13,"Sheikh Zayed Stadium, Abu Dhabi",2,4.2,Multan Sultans,Peshawar Zalmi,Sohaib Maqsood,Mohammad Rizwan,Umaid Asif,1,0,,,,,,,,,
1247031,2021,2021-06-13,"Sheikh Zayed Stadium, Abu Dhabi",2,4.3,Multan Sultans,Peshawar Zalmi,Mohammad Rizwan,Sohaib Maqsood,Umaid Asif,0,0,,,,,,,,,
1247031,2021,2021-06-13,"Sheikh Zayed Stadium, Abu Dhabi",2,4.4,Multan Sultans,Peshawar Zalmi,Mohammad Rizwan,Sohaib Maqsood,Umaid Asif,4,0,,,,,,,,,
1247031,2021,2021-06-13,"Sheikh Zayed Stadium, Abu Dhabi",2,4.5,Multan Sultans,Peshawar Zalmi,Mohammad Rizwan,Sohaib Maqsood,Umaid Asif,4,0,,,,,,,,,
1247031,2021,2021-06-13,"Sheikh Zayed Stadium, Abu Dhabi",2,4.6,Multan Sultans,Peshawar Zalmi,Mohammad Rizwan,Sohaib Maqsood,Umaid Asif,1,0,,,,,,,,,
1247031,2021,2021-06-13,"Sheikh Zayed Stadium, Abu Dhabi",2,5.1,Multan Sultans,Peshawar Zalmi,Mohammad Rizwan,Sohaib Maqsood,Mohammad Irfan,0,0,,,,,,,,,
1247031,2021,2021-06-13,"Sheikh Zayed Stadium, Abu Dhabi",2,5.2,Multan Sultans,Peshawar Zalmi,Mohammad Rizwan,Sohaib Maqsood,Mohammad Irfan,1,0,,,,,,,,,
1247031,2021,2021-06-13,"Sheikh Zayed Stadium, Abu Dhabi",2,5.3,Multan Sultans,Peshawar Zalmi,Sohaib Maqsood,Mohammad Rizwan,Mohammad Irfan,1,0,,,,,,,,,
1247031,2021,2021-06-13,"Sheikh Zayed Stadium, Abu Dhabi",2,5.4,Multan Sultans,Peshawar Zalmi,Mohammad Rizwan,Sohaib Maqsood,Mohammad Irfan,0,0,,,,,,,,,
1247031,2021,2021-06-13,"Sheikh Zayed Stadium, Abu Dhabi",2,5.5,Multan Sultans,Peshawar Zalmi,Mohammad Rizwan,Sohaib Maqsood,Mohammad Irfan,1,0,,,,,,,,,
1247031,2021,2021-06-13,"Sheikh Zayed Stadium, Abu Dhabi",2,5.6,Multan Sultans,Peshawar Zalmi,Sohaib Maqsood,Mohammad Rizwan,Mohammad Irfan,0,0,,,,,,,,,
1247031,2021,2021-06-13,"Sheikh Zayed Stadium, Abu Dhabi",2,6.1,Multan Sultans,Peshawar Zalmi,Mohammad Rizwan,Sohaib Maqsood,FA Allen,1,0,,,,,,,,,
1247031,2021,2021-06-13,"Sheikh Zayed Stadium, Abu Dhabi",2,6.2,Multan Sultans,Peshawar Zalmi,Sohaib Maqsood,Mohammad Rizwan,FA Allen,6,0,,,,,,,,,
1247031,2021,2021-06-13,"Sheikh Zayed Stadium, Abu Dhabi",2,6.3,Multan Sultans,Peshawar Zalmi,Sohaib Maqsood,Mohammad Rizwan,FA Allen,1,0,,,,,,,,,
1247031,2021,2021-06-13,"Sheikh Zayed Stadium, Abu Dhabi",2,6.4,Multan Sultans,Peshawar Zalmi,Mohammad Rizwan,Sohaib Maqsood,FA Allen,2,0,,,,,,,,,
1247031,2021,2021-06-13,"Sheikh Zayed Stadium, Abu Dhabi",2,6.5,Multan Sultans,Peshawar Zalmi,Mohammad Rizwan,Sohaib Maqsood,FA Allen,1,0,,,,,,,,,
1247031,2021,2021-06-13,"Sheikh Zayed Stadium, Abu Dhabi",2,6.6,Multan Sultans,Peshawar Zalmi,Sohaib Maqsood,Mohammad Rizwan,FA Allen,6,0,,,,,,,,,
1247031,2021,2021-06-13,"Sheikh Zayed Stadium, Abu Dhabi",2,7.1,Multan Sultans,Peshawar Zalmi,Mohammad Rizwan,Sohaib Maqsood,Umaid Asif,1,0,,,,,,,,,
1247031,2021,2021-06-13,"Sheikh Zayed Stadium, Abu Dhabi",2,7.2,Multan Sultans,Peshawar Zalmi,Sohaib Maqsood,Mohammad Rizwan,Umaid Asif,1,0,,,,,,,,,
1247031,2021,2021-06-13,"Sheikh Zayed Stadium, Abu Dhabi",2,7.3,Multan Sultans,Peshawar Zalmi,Mohammad Rizwan,Sohaib Maqsood,Umaid Asif,0,0,,,,,,,,,
1247031,2021,2021-06-13,"Sheikh Zayed Stadium, Abu Dhabi",2,7.4,Multan Sultans,Peshawar Zalmi,Mohammad Rizwan,Sohaib Maqsood,Umaid Asif,4,0,,,,,,,,,
1247031,2021,2021-06-13,"Sheikh Zayed Stadium, Abu Dhabi",2,7.5,Multan Sultans,Peshawar Zalmi,Mohammad Rizwan,Sohaib Maqsood,Umaid Asif,0,0,,,,,,,,,
1247031,2021,2021-06-13,"Sheikh Zayed Stadium, Abu Dhabi",2,7.6,Multan Sultans,Peshawar Zalmi,Mohammad Rizwan,Sohaib Maqsood,Umaid Asif,1,0,,,,,,,,,
1247031,2021,2021-06-13,"Sheikh Zayed Stadium, Abu Dhabi",2,8.1,Multan Sultans,Peshawar Zalmi,Mohammad Rizwan,Sohaib Maqsood,FA Allen,0,1,1,,,,,,,,
1247031,2021,2021-06-13,"Sheikh Zayed Stadium, Abu Dhabi",2,8.2,Multan Sultans,Peshawar Zalmi,Mohammad Rizwan,Sohaib Maqsood,FA Allen,0,0,,,,,,,,,
1247031,2021,2021-06-13,"Sheikh Zayed Stadium, Abu Dhabi",2,8.3,Multan Sultans,Peshawar Zalmi,Mohammad Rizwan,Sohaib Maqsood,FA Allen,1,0,,,,,,,,,
1247031,2021,2021-06-13,"Sheikh Zayed Stadium, Abu Dhabi",2,8.4,Multan Sultans,Peshawar Zalmi,Sohaib Maqsood,Mohammad Rizwan,FA Allen,1,0,,,,,,,,,
1247031,2021,2021-06-13,"Sheikh Zayed Stadium, Abu Dhabi",2,8.5,Multan Sultans,Peshawar Zalmi,Mohammad Rizwan,Sohaib Maqsood,FA Allen,0,0,,,,,,,,,
1247031,2021,2021-06-13,"Sheikh Zayed Stadium, Abu Dhabi",2,8.6,Multan Sultans,Peshawar Zalmi,Mohammad Rizwan,Sohaib Maqsood,FA Allen,2,0,,,,,,,,,
1247031,2021,2021-06-13,"Sheikh Zayed Stadium, Abu Dhabi",2,8.7,Multan Sultans,Peshawar Zalmi,Mohammad Rizwan,Sohaib Maqsood,FA Allen,1,0,,,,,,,,,
1247031,2021,2021-06-13,"Sheikh Zayed Stadium, Abu Dhabi",2,9.1,Multan Sultans,Peshawar Zalmi,Mohammad Rizwan,Sohaib Maqsood,Wahab Riaz,0,0,,,,,,,,,
1247031,2021,2021-06-13,"Sheikh Zayed Stadium, Abu Dhabi",2,9.2,Multan Sultans,Peshawar Zalmi,Mohammad Rizwan,Sohaib Maqsood,Wahab Riaz,4,0,,,,,,,,,
1247031,2021,2021-06-13,"Sheikh Zayed Stadium, Abu Dhabi",2,9.3,Multan Sultans,Peshawar Zalmi,Mohammad Rizwan,Sohaib Maqsood,Wahab Riaz,1,0,,,,,,,,,
1247031,2021,2021-06-13,"Sheikh Zayed Stadium, Abu Dhabi",2,9.4,Multan Sultans,Peshawar Zalmi,Sohaib Maqsood,Mohammad Rizwan,Wahab Riaz,0,0,,,,,,,,,
1247031,2021,2021-06-13,"Sheikh Zayed Stadium, Abu Dhabi",2,9.5,Multan Sultans,Peshawar Zalmi,Sohaib Maqsood,Mohammad Rizwan,Wahab Riaz,6,0,,,,,,,,,
1247031,2021,2021-06-13,"Sheikh Zayed Stadium, Abu Dhabi",2,9.6,Multan Sultans,Peshawar Zalmi,Sohaib Maqsood,Mohammad Rizwan,Wahab Riaz,0,0,,,,,,,,,
1247031,2021,2021-06-13,"Sheikh Zayed Stadium, Abu Dhabi",2,10.1,Multan Sultans,Peshawar Zalmi,Mohammad Rizwan,Sohaib Maqsood,FA Allen,1,0,,,,,,,,,
1247031,2021,2021-06-13,"Sheikh Zayed Stadium, Abu Dhabi",2,10.2,Multan Sultans,Peshawar Zalmi,Sohaib Maqsood,Mohammad Rizwan,FA Allen,1,0,,,,,,,,,
1247031,2021,2021-06-13,"Sheikh Zayed Stadium, Abu Dhabi",2,10.3,Multan Sultans,Peshawar Zalmi,Mohammad Rizwan,Sohaib Maqsood,FA Allen,1,0,,,,,,,,,
1247031,2021,2021-06-13,"Sheikh Zayed Stadium, Abu Dhabi",2,10.4,Multan Sultans,Peshawar Zalmi,Sohaib Maqsood,Mohammad Rizwan,FA Allen,1,0,,,,,,,,,
1247031,2021,2021-06-13,"Sheikh Zayed Stadium, Abu Dhabi",2,10.5,Multan Sultans,Peshawar Zalmi,Mohammad Rizwan,Sohaib Maqsood,FA Allen,1,0,,,,,,,,,
1247031,2021,2021-06-13,"Sheikh Zayed Stadium, Abu Dhabi",2,10.6,Multan Sultans,Peshawar Zalmi,Sohaib Maqsood,Mohammad Rizwan,FA Allen,0,0,,,,,,,,,
1247031,2021,2021-06-13,"Sheikh Zayed Stadium, Abu Dhabi",2,11.1,Multan Sultans,Peshawar Zalmi,Mohammad Rizwan,Sohaib Maqsood,Mohammad Irfan,1,0,,,,,,,,,
1247031,2021,2021-06-13,"Sheikh Zayed Stadium, Abu Dhabi",2,11.2,Multan Sultans,Peshawar Zalmi,Sohaib Maqsood,Mohammad Rizwan,Mohammad Irfan,1,0,,,,,,,,,
1247031,2021,2021-06-13,"Sheikh Zayed Stadium, Abu Dhabi",2,11.3,Multan Sultans,Peshawar Zalmi,Mohammad Rizwan,Sohaib Maqsood,Mohammad Irfan,1,0,,,,,,,,,
1247031,2021,2021-06-13,"Sheikh Zayed Stadium, Abu Dhabi",2,11.4,Multan Sultans,Peshawar Zalmi,Sohaib Maqsood,Mohammad Rizwan,Mohammad Irfan,1,0,,,,,,,,,
1247031,2021,2021-06-13,"Sheikh Zayed Stadium, Abu Dhabi",2,11.5,Multan Sultans,Peshawar Zalmi,Mohammad Rizwan,Sohaib Maqsood,Mohammad Irfan,4,0,,,,,,,,,
1247031,2021,2021-06-13,"Sheikh Zayed Stadium, Abu Dhabi",2,11.6,Multan Sultans,Peshawar Zalmi,Mohammad Rizwan,Sohaib Maqsood,Mohammad Irfan,1,0,,,,,,,,,
1247031,2021,2021-06-13,"Sheikh Zayed Stadium, Abu Dhabi",2,12.1,Multan Sultans,Peshawar Zalmi,Mohammad Rizwan,Sohaib Maqsood,FA Allen,1,0,,,,,,,,,
1247031,2021,2021-06-13,"Sheikh Zayed Stadium, Abu Dhabi",2,12.2,Multan Sultans,Peshawar Zalmi,Sohaib Maqsood,Mohammad Rizwan,FA Allen,1,0,,,,,,,,,
1247031,2021,2021-06-13,"Sheikh Zayed Stadium, Abu Dhabi",2,12.3,Multan Sultans,Peshawar Zalmi,Mohammad Rizwan,Sohaib Maqsood,FA Allen,1,0,,,,,,,,,
1247031,2021,2021-06-13,"Sheikh Zayed Stadium, Abu Dhabi",2,12.4,Multan Sultans,Peshawar Zalmi,Sohaib Maqsood,Mohammad Rizwan,FA Allen,1,0,,,,,,,,,
1247031,2021,2021-06-13,"Sheikh Zayed Stadium, Abu Dhabi",2,12.5,Multan Sultans,Peshawar Zalmi,Mohammad Rizwan,Sohaib Maqsood,FA Allen,1,0,,,,,,,,,
1247031,2021,2021-06-13,"Sheikh Zayed Stadium, Abu Dhabi",2,12.6,Multan Sultans,Peshawar Zalmi,Sohaib Maqsood,Mohammad Rizwan,FA Allen,6,0,,,,,,,,,
1247031,2021,2021-06-13,"Sheikh Zayed Stadium, Abu Dhabi",2,13.1,Multan Sultans,Peshawar Zalmi,Mohammad Rizwan,Sohaib Maqsood,Mohammad Imran,1,0,,,,,,,,,
1247031,2021,2021-06-13,"Sheikh Zayed Stadium, Abu Dhabi",2,13.2,Multan Sultans,Peshawar Zalmi,Sohaib Maqsood,Mohammad Rizwan,Mohammad Imran,1,0,,,,,,,,,
1247031,2021,2021-06-13,"Sheikh Zayed Stadium, Abu Dhabi",2,13.3,Multan Sultans,Peshawar Zalmi,Mohammad Rizwan,Sohaib Maqsood,Mohammad Imran,1,0,,,,,,,,,
1247031,2021,2021-06-13,"Sheikh Zayed Stadium, Abu Dhabi",2,13.4,Multan Sultans,Peshawar Zalmi,Sohaib Maqsood,Mohammad Rizwan,Mohammad Imran,1,0,,,,,,,,,
1247031,2021,2021-06-13,"Sheikh Zayed Stadium, Abu Dhabi",2,13.5,Multan Sultans,Peshawar Zalmi,Mohammad Rizwan,Sohaib Maqsood,Mohammad Imran,0,0,,,,,,,,,
1247031,2021,2021-06-13,"Sheikh Zayed Stadium, Abu Dhabi",2,13.6,Multan Sultans,Peshawar Zalmi,Mohammad Rizwan,Sohaib Maqsood,Mohammad Imran,1,0,,,,,,,,,
1247031,2021,2021-06-13,"Sheikh Zayed Stadium, Abu Dhabi",2,14.1,Multan Sultans,Peshawar Zalmi,Mohammad Rizwan,Sohaib Maqsood,Wahab Riaz,1,0,,,,,,,,,
1247031,2021,2021-06-13,"Sheikh Zayed Stadium, Abu Dhabi",2,14.2,Multan Sultans,Peshawar Zalmi,Sohaib Maqsood,Mohammad Rizwan,Wahab Riaz,1,0,,,,,,,,,
1247031,2021,2021-06-13,"Sheikh Zayed Stadium, Abu Dhabi",2,14.3,Multan Sultans,Peshawar Zalmi,Mohammad Rizwan,Sohaib Maqsood,Wahab Riaz,0,0,,,,,,,,,
1247031,2021,2021-06-13,"Sheikh Zayed Stadium, Abu Dhabi",2,14.4,Multan Sultans,Peshawar Zalmi,Mohammad Rizwan,Sohaib Maqsood,Wahab Riaz,4,0,,,,,,,,,
1247031,2021,2021-06-13,"Sheikh Zayed Stadium, Abu Dhabi",2,14.5,Multan Sultans,Peshawar Zalmi,Mohammad Rizwan,Sohaib Maqsood,Wahab Riaz,0,0,,,,,,,,,
1247031,2021,2021-06-13,"Sheikh Zayed Stadium, Abu Dhabi",2,14.6,Multan Sultans,Peshawar Zalmi,Mohammad Rizwan,Sohaib Maqsood,Wahab Riaz,1,0,,,,,,,,,
1247031,2021,2021-06-13,"Sheikh Zayed Stadium, Abu Dhabi",2,15.1,Multan Sultans,Peshawar Zalmi,Mohammad Rizwan,Sohaib Maqsood,Umaid Asif,1,0,,,,,,,,,
1247031,2021,2021-06-13,"Sheikh Zayed Stadium, Abu Dhabi",2,15.2,Multan Sultans,Peshawar Zalmi,Sohaib Maqsood,Mohammad Rizwan,Umaid Asif,4,0,,,,,,,,,
1247031,2021,2021-06-13,"Sheikh Zayed Stadium, Abu Dhabi",2,15.3,Multan Sultans,Peshawar Zalmi,Sohaib Maqsood,Mohammad Rizwan,Umaid Asif,4,0,,,,,,,,,
1247031,2021,2021-06-13,"Sheikh Zayed Stadium, Abu Dhabi",2,15.4,Multan Sultans,Peshawar Zalmi,Sohaib Maqsood,Mohammad Rizwan,Umaid Asif,4,0,,,,,,,,,
1247031,2021,2021-06-13,"Sheikh Zayed Stadium, Abu Dhabi",2,15.5,Multan Sultans,Peshawar Zalmi,Sohaib Maqsood,Mohammad Rizwan,Umaid Asif,4,0,,,,,,,,,
1247031,2021,2021-06-13,"Sheikh Zayed Stadium, Abu Dhabi",2,15.6,Multan Sultans,Peshawar Zalmi,Sohaib Maqsood,Mohammad Rizwan,Umaid Asif,1,0,,,,,,,,,
1247031,2021,2021-06-13,"Sheikh Zayed Stadium, Abu Dhabi",2,16.1,Multan Sultans,Peshawar Zalmi,Sohaib Maqsood,Mohammad Rizwan,Mohammad Imran,6,0,,,,,,,,,
1247031,2021,2021-06-13,"Sheikh Zayed Stadium, Abu Dhabi",2,16.2,Multan Sultans,Peshawar Zalmi,Sohaib Maqsood,Mohammad Rizwan,Mohammad Imran,0,0,,,,,,caught,Sohaib Maqsood,,
1247031,2021,2021-06-13,"Sheikh Zayed Stadium, Abu Dhabi",2,16.3,Multan Sultans,Peshawar Zalmi,Mohammad Rizwan,RR Rossouw,Mohammad Imran,6,0,,,,,,,,,
