match_id,season,start_date,venue,innings,ball,batting_team,bowling_team,striker,non_striker,bowler,runs_off_bat,extras,wides,noballs,byes,legbyes,penalty,wicket_type,player_dismissed,other_wicket_type,other_player_dismissed
1247020,2020/21,2021-02-27,National Stadium,1,0.1,Islamabad United,Peshawar Zalmi,PR Stirling,AD Hales,Wahab Riaz,1,0,,,,,,,,,
1247020,2020/21,2021-02-27,National Stadium,1,0.2,Islamabad United,Peshawar Zalmi,AD Hales,PR Stirling,Wahab Riaz,0,0,,,,,,,,,
1247020,2020/21,2021-02-27,National Stadium,1,0.3,Islamabad United,Peshawar Zalmi,AD Hales,PR Stirling,Wahab Riaz,1,0,,,,,,,,,
1247020,2020/21,2021-02-27,National Stadium,1,0.4,Islamabad United,Peshawar Zalmi,PR Stirling,AD Hales,Wahab Riaz,0,0,,,,,,bowled,PR Stirling,,
1247020,2020/21,2021-02-27,National Stadium,1,0.5,Islamabad United,Peshawar Zalmi,PD Salt,AD Hales,Wahab Riaz,0,0,,,,,,,,,
1247020,2020/21,2021-02-27,National Stadium,1,0.6,Islamabad United,Peshawar Zalmi,PD Salt,AD Hales,Wahab Riaz,0,0,,,,,,,,,
1247020,2020/21,2021-02-27,National Stadium,1,1.1,Islamabad United,Peshawar Zalmi,AD Hales,PD Salt,Mujeeb Ur Rahman,0,0,,,,,,,,,
1247020,2020/21,2021-02-27,National Stadium,1,1.2,Islamabad United,Peshawar Zalmi,AD Hales,PD Salt,Mujeeb Ur Rahman,1,0,,,,,,,,,
1247020,2020/21,2021-02-27,National Stadium,1,1.3,Islamabad United,Peshawar Zalmi,PD Salt,AD Hales,Mujeeb Ur Rahman,0,0,,,,,,,,,
1247020,2020/21,2021-02-27,National Stadium,1,1.4,Islamabad United,Peshawar Zalmi,PD Salt,AD Hales,Mujeeb Ur Rahman,1,0,,,,,,,,,
1247020,2020/21,2021-02-27,National Stadium,1,1.5,Islamabad United,Peshawar Zalmi,AD Hales,PD Salt,Mujeeb Ur Rahman,6,0,,,,,,,,,
1247020,2020/21,2021-02-27,National Stadium,1,1.6,Islamabad United,Peshawar Zalmi,AD Hales,PD Salt,Mujeeb Ur Rahman,4,0,,,,,,,,,
1247020,2020/21,2021-02-27,National Stadium,1,2.1,Islamabad United,Peshawar Zalmi,PD Salt,AD Hales,Wahab Riaz,1,0,,,,,,,,,
1247020,2020/21,2021-02-27,National Stadium,1,2.2,Islamabad United,Peshawar Zalmi,AD Hales,PD Salt,Wahab Riaz,1,0,,,,,,,,,
1247020,2020/21,2021-02-27,National Stadium,1,2.3,Islamabad United,Peshawar Zalmi,PD Salt,AD Hales,Wahab Riaz,1,0,,,,,,,,,
1247020,2020/21,2021-02-27,National Stadium,1,2.4,Islamabad United,Peshawar Zalmi,AD Hales,PD Salt,Wahab Riaz,4,0,,,,,,,,,
1247020,2020/21,2021-02-27,National Stadium,1,2.5,Islamabad United,Peshawar Zalmi,AD Hales,PD Salt,Wahab Riaz,0,0,,,,,,,,,
1247020,2020/21,2021-02-27,National Stadium,1,2.6,Islamabad United,Peshawar Zalmi,AD Hales,PD Salt,Wahab Riaz,4,0,,,,,,,,,
1247020,2020/21,2021-02-27,National Stadium,1,3.1,Islamabad United,Peshawar Zalmi,PD Salt,AD Hales,Mohammad Imran (2),1,0,,,,,,,,,
1247020,2020/21,2021-02-27,National Stadium,1,3.2,Islamabad United,Peshawar Zalmi,AD Hales,PD Salt,Mohammad Imran (2),0,0,,,,,,,,,
1247020,2020/21,2021-02-27,National Stadium,1,3.3,Islamabad United,Peshawar Zalmi,AD Hales,PD Salt,Mohammad Imran (2),1,0,,,,,,,,,
1247020,2020/21,2021-02-27,National Stadium,1,3.4,Islamabad United,Peshawar Zalmi,PD Salt,AD Hales,Mohammad Imran (2),1,0,,,,,,,,,
1247020,2020/21,2021-02-27,National Stadium,1,3.5,Islamabad United,Peshawar Zalmi,AD Hales,PD Salt,Mohammad Imran (2),4,0,,,,,,,,,
1247020,2020/21,2021-02-27,National Stadium,1,3.6,Islamabad United,Peshawar Zalmi,AD Hales,PD Salt,Mohammad Imran (2),2,0,,,,,,,,,
1247020,2020/21,2021-02-27,National Stadium,1,4.1,Islamabad United,Peshawar Zalmi,PD Salt,AD Hales,S Mahmood,0,0,,,,,,,,,
1247020,2020/21,2021-02-27,National Stadium,1,4.2,Islamabad United,Peshawar Zalmi,PD Salt,AD Hales,S Mahmood,4,0,,,,,,,,,
1247020,2020/21,2021-02-27,National Stadium,1,4.3,Islamabad United,Peshawar Zalmi,PD Salt,AD Hales,S Mahmood,0,0,,,,,,bowled,PD Salt,,
1247020,2020/21,2021-02-27,National Stadium,1,4.4,Islamabad United,Peshawar Zalmi,Faheem Ashraf,AD Hales,S Mahmood,1,0,,,,,,,,,
1247020,2020/21,2021-02-27,National Stadium,1,4.5,Islamabad United,Peshawar Zalmi,AD Hales,Faheem Ashraf,S Mahmood,1,0,,,,,,,,,
1247020,2020/21,2021-02-27,National Stadium,1,4.6,Islamabad United,Peshawar Zalmi,Faheem Ashraf,AD Hales,S Mahmood,1,0,,,,,,,,,
1247020,2020/21,2021-02-27,National Stadium,1,5.1,Islamabad United,Peshawar Zalmi,Faheem Ashraf,AD Hales,Umaid Asif,0,0,,,,,,,,,
1247020,2020/21,2021-02-27,National Stadium,1,5.2,Islamabad United,Peshawar Zalmi,Faheem Ashraf,AD Hales,Umaid Asif,0,0,,,,,,caught,Faheem Ashraf,,
1247020,2020/21,2021-02-27,National Stadium,1,5.3,Islamabad United,Peshawar Zalmi,Shadab Khan,AD Hales,Umaid Asif,2,0,,,,,,,,,
1247020,2020/21,2021-02-27,National Stadium,1,5.4,Islamabad United,Peshawar Zalmi,Shadab Khan,AD Hales,Umaid Asif,0,0,,,,,,,,,
1247020,2020/21,2021-02-27,National Stadium,1,5.5,Islamabad United,Peshawar Zalmi,Shadab Khan,AD Hales,Umaid Asif,4,0,,,,,,,,,
1247020,2020/21,2021-02-27,National Stadium,1,5.6,Islamabad United,Peshawar Zalmi,Shadab Khan,AD Hales,Umaid Asif,0,0,,,,,,,,,
1247020,2020/21,2021-02-27,National Stadium,1,6.1,Islamabad United,Peshawar Zalmi,AD Hales,Shadab Khan,Mujeeb Ur Rahman,1,0,,,,,,,,,
1247020,2020/21,2021-02-27,National Stadium,1,6.2,Islamabad United,Peshawar Zalmi,Shadab Khan,AD Hales,Mujeeb Ur Rahman,0,1,,,,1,,,,,
1247020,2020/21,2021-02-27,National Stadium,1,6.3,Islamabad United,Peshawar Zalmi,AD Hales,Shadab Khan,Mujeeb Ur Rahman,0,0,,,,,,,,,
1247020,2020/21,2021-02-27,National Stadium,1,6.4,Islamabad United,Peshawar Zalmi,AD Hales,Shadab Khan,Mujeeb Ur Rahman,2,0,,,,,,,,,
1247020,2020/21,2021-02-27,National Stadium,1,6.5,Islamabad United,Peshawar Zalmi,AD Hales,Shadab Khan,Mujeeb Ur Rahman,4,0,,,,,,,,,
1247020,2020/21,2021-02-27,National Stadium,1,6.6,Islamabad United,Peshawar Zalmi,AD Hales,Shadab Khan,Mujeeb Ur Rahman,0,0,,,,,,run out,Shadab Khan,,
1247020,2020/21,2021-02-27,National Stadium,1,7.1,Islamabad United,Peshawar Zalmi,AD Hales,Hussain Talat,Mohammad Imran (2),1,0,,,,,,,,,
1247020,2020/21,2021-02-27,National Stadium,1,7.2,Islamabad United,Peshawar Zalmi,Hussain Talat,AD Hales,Mohammad Imran (2),4,0,,,,,,,,,
1247020,2020/21,2021-02-27,National Stadium,1,7.3,Islamabad United,Peshawar Zalmi,Hussain Talat,AD Hales,Mohammad Imran (2),0,0,,,,,,,,,
1247020,2020/21,2021-02-27,National Stadium,1,7.4,Islamabad United,Peshawar Zalmi,Hussain Talat,AD Hales,Mohammad Imran (2),1,0,,,,,,,,,
1247020,2020/21,2021-02-27,National Stadium,1,7.5,Islamabad United,Peshawar Zalmi,AD Hales,Hussain Talat,Mohammad Imran (2),1,0,,,,,,,,,
1247020,2020/21,2021-02-27,National Stadium,1,7.6,Islamabad United,Peshawar Zalmi,Hussain Talat,AD Hales,Mohammad Imran (2),0,0,,,,,,,,,
1247020,2020/21,2021-02-27,National Stadium,1,8.1,Islamabad United,Peshawar Zalmi,AD Hales,Hussain Talat,Mujeeb Ur Rahman,1,0,,,,,,,,,
1247020,2020/21,2021-02-27,National Stadium,1,8.2,Islamabad United,Peshawar Zalmi,Hussain Talat,AD Hales,Mujeeb Ur Rahman,2,0,,,,,,,,,
1247020,2020/21,2021-02-27,National Stadium,1,8.3,Islamabad United,Peshawar Zalmi,Hussain Talat,AD Hales,Mujeeb Ur Rahman,2,0,,,,,,,,,
1247020,2020/21,2021-02-27,National Stadium,1,8.4,Islamabad United,Peshawar Zalmi,Hussain Talat,AD Hales,Mujeeb Ur Rahman,1,0,,,,,,,,,
1247020,2020/21,2021-02-27,National Stadium,1,8.5,Islamabad United,Peshawar Zalmi,AD Hales,Hussain Talat,Mujeeb Ur Rahman,0,0,,,,,,,,,
1247020,2020/21,2021-02-27,National Stadium,1,8.6,Islamabad United,Peshawar Zalmi,AD Hales,Hussain Talat,Mujeeb Ur Rahman,2,0,,,,,,,,,
1247020,2020/21,2021-02-27,National Stadium,1,9.1,Islamabad United,Peshawar Zalmi,Hussain Talat,AD Hales,Umaid Asif,2,0,,,,,,,,,
1247020,2020/21,2021-02-27,National Stadium,1,9.2,Islamabad United,Peshawar Zalmi,Hussain Talat,AD Hales,Umaid Asif,1,0,,,,,,,,,
1247020,2020/21,2021-02-27,National Stadium,1,9.3,Islamabad United,Peshawar Zalmi,AD Hales,Hussain Talat,Umaid Asif,0,1,,,,1,,,,,
1247020,2020/21,2021-02-27,National Stadium,1,9.4,Islamabad United,Peshawar Zalmi,Hussain Talat,AD Hales,Umaid Asif,4,0,,,,,,,,,
1247020,2020/21,2021-02-27,National Stadium,1,9.5,Islamabad United,Peshawar Zalmi,Hussain Talat,AD Hales,Umaid Asif,2,0,,,,,,,,,
1247020,2020/21,2021-02-27,National Stadium,1,9.6,Islamabad United,Peshawar Zalmi,Hussain Talat,AD Hales,Umaid Asif,1,0,,,,,,,,,
1247020,2020/21,2021-02-27,National Stadium,1,10.1,Islamabad United,Peshawar Zalmi,Hussain Talat,AD Hales,S Mahmood,1,0,,,,,,,,,
1247020,2020/21,2021-02-27,National Stadium,1,10.2,Islamabad United,Peshawar Zalmi,AD Hales,Hussain Talat,S Mahmood,0,0,,,,,,caught,AD Hales,,
1247020,2020/21,2021-02-27,National Stadium,1,10.3,Islamabad United,Peshawar Zalmi,Iftikhar Ahmed,Hussain Talat,S Mahmood,1,0,,,,,,,,,
1247020,2020/21,2021-02-27,National Stadium,1,10.4,Islamabad United,Peshawar Zalmi,Hussain Talat,Iftikhar Ahmed,S Mahmood,1,0,,,,,,,,,
1247020,2020/21,2021-02-27,National Stadium,1,10.5,Islamabad United,Peshawar Zalmi,Iftikhar Ahmed,Hussain Talat,S Mahmood,0,0,,,,,,,,,
1247020,2020/21,2021-02-27,National Stadium,1,10.6,Islamabad United,Peshawar Zalmi,Iftikhar Ahmed,Hussain Talat,S Mahmood,2,0,,,,,,,,,
1247020,2020/21,2021-02-27,National Stadium,1,11.1,Islamabad United,Peshawar Zalmi,Hussain Talat,Iftikhar Ahmed,Mujeeb Ur Rahman,0,0,,,,,,lbw,Hussain Talat,,
1247020,2020/21,2021-02-27,National Stadium,1,11.2,Islamabad United,Peshawar Zalmi,Asif Ali,Iftikhar Ahmed,Mujeeb Ur Rahman,0,0,,,,,,,,,
1247020,2020/21,2021-02-27,National Stadium,1,11.3,Islamabad United,Peshawar Zalmi,Asif Ali,Iftikhar Ahmed,Mujeeb Ur Rahman,1,0,,,,,,,,,
1247020,2020/21,2021-02-27,National Stadium,1,11.4,Islamabad United,Peshawar Zalmi,Iftikhar Ahmed,Asif Ali,Mujeeb Ur Rahman,0,0,,,,,,,,,
1247020,2020/21,2021-02-27,National Stadium,1,11.5,Islamabad United,Peshawar Zalmi,Iftikhar Ahmed,Asif Ali,Mujeeb Ur Rahman,0,0,,,,,,,,,
1247020,2020/21,2021-02-27,National Stadium,1,11.6,Islamabad United,Peshawar Zalmi,Iftikhar Ahmed,Asif Ali,Mujeeb Ur Rahman,0,0,,,,,,,,,
1247020,2020/21,2021-02-27,National Stadium,1,12.1,Islamabad United,Peshawar Zalmi,Asif Ali,Iftikhar Ahmed,Mohammad Imran (2),0,1,1,,,,,,,,
1247020,2020/21,2021-02-27,National Stadium,1,12.2,Islamabad United,Peshawar Zalmi,Asif Ali,Iftikhar Ahmed,Mohammad Imran (2),6,0,,,,,,,,,
1247020,2020/21,2021-02-27,National Stadium,1,12.3,Islamabad United,Peshawar Zalmi,Asif Ali,Iftikhar Ahmed,Mohammad Imran (2),1,0,,,,,,,,,
1247020,2020/21,2021-02-27,National Stadium,1,12.4,Islamabad United,Peshawar Zalmi,Iftikhar Ahmed,Asif Ali,Mohammad Imran (2),1,0,,,,,,,,,
1247020,2020/21,2021-02-27,National Stadium,1,12.5,Islamabad United,Peshawar Zalmi,Asif Ali,Iftikhar Ahmed,Mohammad Imran (2),1,0,,,,,,,,,
1247020,2020/21,2021-02-27,National Stadium,1,12.6,Islamabad United,Peshawar Zalmi,Iftikhar Ahmed,Asif Ali,Mohammad Imran (2),1,0,,,,,,,,,
1247020,2020/21,2021-02-27,National Stadium,1,12.7,Islamabad United,Peshawar Zalmi,Asif Ali,Iftikhar Ahmed,Mohammad Imran (2),1,0,,,,,,,,,
1247020,2020/21,2021-02-27,National Stadium,1,13.1,Islamabad United,Peshawar Zalmi,Asif Ali,Iftikhar Ahmed,Umaid Asif,6,0,,,,,,,,,
1247020,2020/21,2021-02-27,National Stadium,1,13.2,Islamabad United,Peshawar Zalmi,Asif Ali,Iftikhar Ahmed,Umaid Asif,1,0,,,,,,,,,
1247020,2020/21,2021-02-27,National Stadium,1,13.3,Islamabad United,Peshawar Zalmi,Iftikhar Ahmed,Asif Ali,Umaid Asif,0,0,,,,,,,,,
1247020,2020/21,2021-02-27,National Stadium,1,13.4,Islamabad United,Peshawar Zalmi,Iftikhar Ahmed,Asif Ali,Umaid Asif,1,0,,,,,,,,,
1247020,2020/21,2021-02-27,National Stadium,1,13.5,Islamabad United,Peshawar Zalmi,Asif Ali,Iftikhar Ahmed,Umaid Asif,1,0,,,,,,,,,
1247020,2020/21,2021-02-27,National Stadium,1,13.6,Islamabad United,Peshawar Zalmi,Iftikhar Ahmed,Asif Ali,Umaid Asif,1,0,,,,,,,,,
1247020,2020/21,2021-02-27,National Stadium,1,14.1,Islamabad United,Peshawar Zalmi,Iftikhar Ahmed,Asif Ali,Wahab Riaz,0,0,,,,,,caught,Iftikhar Ahmed,,
1247020,2020/21,2021-02-27,National Stadium,1,14.2,Islamabad United,Peshawar Zalmi,Asif Ali,Hasan Ali,Wahab Riaz,0,0,,,,,,,,,
1247020,2020/21,2021-02-27,National Stadium,1,14.3,Islamabad United,Peshawar Zalmi,Asif Ali,Hasan Ali,Wahab Riaz,1,0,,,,,,,,,
1247020,2020/21,2021-02-27,National Stadium,1,14.4,Islamabad United,Peshawar Zalmi,Hasan Ali,Asif Ali,Wahab Riaz,0,0,,,,,,,,,
1247020,2020/21,2021-02-27,National Stadium,1,14.5,Islamabad United,Peshawar Zalmi,Hasan Ali,Asif Ali,Wahab Riaz,1,0,,,,,,,,,
1247020,2020/21,2021-02-27,National Stadium,1,14.6,Islamabad United,Peshawar Zalmi,Asif Ali,Hasan Ali,Wahab Riaz,0,0,,,,,,caught,Asif Ali,,
1247020,2020/21,2021-02-27,National Stadium,1,15.1,Islamabad United,Peshawar Zalmi,Hasan Ali,Mohammad Wasim,Umaid Asif,2,0,,,,,,,,,
1247020,2020/21,2021-02-27,National Stadium,1,15.2,Islamabad United,Peshawar Zalmi,Hasan Ali,Mohammad Wasim,Umaid Asif,0,0,,,,,,,,,
1247020,2020/21,2021-02-27,National Stadium,1,15.3,Islamabad United,Peshawar Zalmi,Hasan Ali,Mohammad Wasim,Umaid Asif,0,0,,,,,,,,,
1247020,2020/21,2021-02-27,National Stadium,1,15.4,Islamabad United,Peshawar Zalmi,Hasan Ali,Mohammad Wasim,Umaid Asif,1,0,,,,,,,,,
1247020,2020/21,2021-02-27,National Stadium,1,15.5,Islamabad United,Peshawar Zalmi,Mohammad Wasim,Hasan Ali,Umaid Asif,1,0,,,,,,,,,
1247020,2020/21,2021-02-27,National Stadium,1,15.6,Islamabad United,Peshawar Zalmi,Hasan Ali,Mohammad Wasim,Umaid Asif,1,0,,,,,,,,,
1247020,2020/21,2021-02-27,National Stadium,1,16.1,Islamabad United,Peshawar Zalmi,Hasan Ali,Mohammad Wasim,Wahab Riaz,2,0,,,,,,,,,
1247020,2020/21,2021-02-27,National Stadium,1,16.2,Islamabad United,Peshawar Zalmi,Hasan Ali,Mohammad Wasim,Wahab Riaz,0,0,,,,,,,,,
1247020,2020/21,2021-02-27,National Stadium,1,16.3,Islamabad United,Peshawar Zalmi,Hasan Ali,Mohammad Wasim,Wahab Riaz,0,0,,,,,,lbw,Hasan Ali,,
1247020,2020/21,2021-02-27,National Stadium,1,16.4,Islamabad United,Peshawar Zalmi,Fawad Ahmed,Mohammad Wasim,Wahab Riaz,0,0,,,,,,,,,
1247020,2020/21,2021-02-27,National Stadium,1,16.5,Islamabad United,Peshawar Zalmi,Fawad Ahmed,Mohammad Wasim,Wahab Riaz,0,0,,,,,,,,,
1247020,2020/21,2021-02-27,National Stadium,1,16.6,Islamabad United,Peshawar Zalmi,Fawad Ahmed,Mohammad Wasim,Wahab Riaz,0,0,,,,,,,,,
1247020,2020/21,2021-02-27,National Stadium,1,17.1,Islamabad United,Peshawar Zalmi,Mohammad Wasim,Fawad Ahmed,S Mahmood,0,0,,,,,,caught,Mohammad Wasim,,
1247020,2020/21,2021-02-27,National Stadium,2,0.1,Peshawar Zalmi,Islamabad United,Imam-ul-Haq,Kamran Akmal,Hasan Ali,0,0,,,,,,,,,
1247020,2020/21,2021-02-27,National Stadium,2,0.2,Peshawar Zalmi,Islamabad United,Imam-ul-Haq,Kamran Akmal,Hasan Ali,0,0,,,,,,,,,
1247020,2020/21,2021-02-27,National Stadium,2,0.3,Peshawar Zalmi,Islamabad United,Imam-ul-Haq,Kamran Akmal,Hasan Ali,0,0,,,,,,caught,Imam-ul-Haq,,
1247020,2020/21,2021-02-27,National Stadium,2,0.4,Peshawar Zalmi,Islamabad United,T Kohler-Cadmore,Kamran Akmal,Hasan Ali,0,0,,,,,,,,,
1247020,2020/21,2021-02-27,National Stadium,2,0.5,Peshawar Zalmi,Islamabad United,T Kohler-Cadmore,Kamran Akmal,Hasan Ali,0,0,,,,,,,,,
1247020,2020/21,2021-02-27,National Stadium,2,0.6,Peshawar Zalmi,Islamabad United,T Kohler-Cadmore,Kamran Akmal,Hasan Ali,1,0,,,,,,,,,
1247020,2020/21,2021-02-27,National Stadium,2,1.1,Peshawar Zalmi,Islamabad United,T Kohler-Cadmore,Kamran Akmal,Mohammad Wasim,1,0,,,,,,,,,
1247020,2020/21,2021-02-27,National Stadium,2,1.2,Peshawar Zalmi,Islamabad United,Kamran Akmal,T Kohler-Cadmore,Mohammad Wasim,0,0,,,,,,,,,
1247020,2020/21,2021-02-27,National Stadium,2,1.3,Peshawar Zalmi,Islamabad United,Kamran Akmal,T Kohler-Cadmore,Mohammad Wasim,2,0,,,,,,,,,
1247020,2020/21,2021-02-27,National Stadium,2,1.4,Peshawar Zalmi,Islamabad United,Kamran Akmal,T Kohler-Cadmore,Mohammad Wasim,1,0,,,,,,,,,
1247020,2020/21,2021-02-27,National Stadium,2,1.5,Peshawar Zalmi,Islamabad United,T Kohler-Cadmore,Kamran Akmal,Mohammad Wasim,1,0,,,,,,,,,
1247020,2020/21,2021-02-27,National Stadium,2,1.6,Peshawar Zalmi,Islamabad United,Kamran Akmal,T Kohler-Cadmore,Mohammad Wasim,0,0,,,,,,lbw,Kamran Akmal,,
1247020,2020/21,2021-02-27,National Stadium,2,2.1,Peshawar Zalmi,Islamabad United,T Kohler-Cadmore,Shoaib Malik,Hasan Ali,0,1,1,,,,,,,,
1247020,2020/21,2021-02-27,National Stadium,2,2.2,Peshawar Zalmi,Islamabad United,T Kohler-Cadmore,Shoaib Malik,Hasan Ali,0,0,,,,,,,,,
1247020,2020/21,2021-02-27,National Stadium,2,2.3,Peshawar Zalmi,Islamabad United,T Kohler-Cadmore,Shoaib Malik,Hasan Ali,0,0,,,,,,,,,
1247020,2020/21,2021-02-27,National Stadium,2,2.4,Peshawar Zalmi,Islamabad United,T Kohler-Cadmore,Shoaib Malik,Hasan Ali,0,0,,,,,,,,,
1247020,2020/21,2021-02-27,National Stadium,2,2.5,Peshawar Zalmi,Islamabad United,T Kohler-Cadmore,Shoaib Malik,Hasan Ali,1,0,,,,,,,,,
1247020,2020/21,2021-02-27,National Stadium,2,2.6,Peshawar Zalmi,Islamabad United,Shoaib Malik,T Kohler-Cadmore,Hasan Ali,0,0,,,,,,,,,
1247020,2020/21,2021-02-27,National Stadium,2,2.7,Peshawar Zalmi,Islamabad United,Shoaib Malik,T Kohler-Cadmore,Hasan Ali,0,0,,,,,,,,,
1247020,2020/21,2021-02-27,National Stadium,2,3.1,Peshawar Zalmi,Islamabad United,T Kohler-Cadmore,Shoaib Malik,Mohammad Wasim,1,0,,,,,,,,,
1247020,2020/21,2021-02-27,National Stadium,2,3.2,Peshawar Zalmi,Islamabad United,Shoaib Malik,T Kohler-Cadmore,Mohammad Wasim,1,0,,,,,,,,,
1247020,2020/21,2021-02-27,National Stadium,2,3.3,Peshawar Zalmi,Islamabad United,T Kohler-Cadmore,Shoaib Malik,Mohammad Wasim,0,0,,,,,,,,,
1247020,2020/21,2021-02-27,National Stadium,2,3.4,Peshawar Zalmi,Islamabad United,T Kohler-Cadmore,Shoaib Malik,Mohammad Wasim,0,0,,,,,,,,,
1247020,2020/21,2021-02-27,National Stadium,2,3.5,Peshawar Zalmi,Islamabad United,T Kohler-Cadmore,Shoaib Malik,Mohammad Wasim,0,0,,,,,,,,,
1247020,2020/21,2021-02-27,National Stadium,2,3.6,Peshawar Zalmi,Islamabad United,T Kohler-Cadmore,Shoaib Malik,Mohammad Wasim,0,0,,,,,,,,,
1247020,2020/21,2021-02-27,National Stadium,2,4.1,Peshawar Zalmi,Islamabad United,Shoaib Malik,T Kohler-Cadmore,Hasan Ali,1,0,,,,,,,,,
1247020,2020/21,2021-02-27,National Stadium,2,4.2,Peshawar Zalmi,Islamabad United,T Kohler-Cadmore,Shoaib Malik,Hasan Ali,0,0,,,,,,,,,
1247020,2020/21,2021-02-27,National Stadium,2,4.3,Peshawar Zalmi,Islamabad United,T Kohler-Cadmore,Shoaib Malik,Hasan Ali,0,0,,,,,,,,,
1247020,2020/21,2021-02-27,National Stadium,2,4.4,Peshawar Zalmi,Islamabad United,T Kohler-Cadmore,Shoaib Malik,Hasan Ali,4,0,,,,,,,,,
1247020,2020/21,2021-02-27,National Stadium,2,4.5,Peshawar Zalmi,Islamabad United,T Kohler-Cadmore,Shoaib Malik,Hasan Ali,0,0,,,,,,,,,
1247020,2020/21,2021-02-27,National Stadium,2,4.6,Peshawar Zalmi,Islamabad United,T Kohler-Cadmore,Shoaib Malik,Hasan Ali,4,0,,,,,,,,,
1247020,2020/21,2021-02-27,National Stadium,2,5.1,Peshawar Zalmi,Islamabad United,Shoaib Malik,T Kohler-Cadmore,Faheem Ashraf,1,0,,,,,,,,,
1247020,2020/21,2021-02-27,National Stadium,2,5.2,Peshawar Zalmi,Islamabad United,T Kohler-Cadmore,Shoaib Malik,Faheem Ashraf,4,0,,,,,,,,,
1247020,2020/21,2021-02-27,National Stadium,2,5.3,Peshawar Zalmi,Islamabad United,T Kohler-Cadmore,Shoaib Malik,Faheem Ashraf,0,0,,,,,,,,,
1247020,2020/21,2021-02-27,National Stadium,2,5.4,Peshawar Zalmi,Islamabad United,T Kohler-Cadmore,Shoaib Malik,Faheem Ashraf,1,0,,,,,,,,,
1247020,2020/21,2021-02-27,National Stadium,2,5.5,Peshawar Zalmi,Islamabad United,Shoaib Malik,T Kohler-Cadmore,Faheem Ashraf,0,0,,,,,,,,,
1247020,2020/21,2021-02-27,National Stadium,2,5.6,Peshawar Zalmi,Islamabad United,Shoaib Malik,T Kohler-Cadmore,Faheem Ashraf,1,0,,,,,,,,,
1247020,2020/21,2021-02-27,National Stadium,2,6.1,Peshawar Zalmi,Islamabad United,Shoaib Malik,T Kohler-Cadmore,Fawad Ahmed,1,0,,,,,,,,,
1247020,2020/21,2021-02-27,National Stadium,2,6.2,Peshawar Zalmi,Islamabad United,T Kohler-Cadmore,Shoaib Malik,Fawad Ahmed,1,0,,,,,,,,,
1247020,2020/21,2021-02-27,National Stadium,2,6.3,Peshawar Zalmi,Islamabad United,Shoaib Malik,T Kohler-Cadmore,Fawad Ahmed,0,0,,,,,,,,,
1247020,2020/21,2021-02-27,National Stadium,2,6.4,Peshawar Zalmi,Islamabad United,Shoaib Malik,T Kohler-Cadmore,Fawad Ahmed,1,0,,,,,,,,,
1247020,2020/21,2021-02-27,National Stadium,2,6.5,Peshawar Zalmi,Islamabad United,T Kohler-Cadmore,Shoaib Malik,Fawad Ahmed,1,0,,,,,,,,,
1247020,2020/21,2021-02-27,National Stadium,2,6.6,Peshawar Zalmi,Islamabad United,Shoaib Malik,T Kohler-Cadmore,Fawad Ahmed,4,0,,,,,,,,,
1247020,2020/21,2021-02-27,National Stadium,2,7.1,Peshawar Zalmi,Islamabad United,T Kohler-Cadmore,Shoaib Malik,Shadab Khan,1,0,,,,,,,,,
1247020,2020/21,2021-02-27,National Stadium,2,7.2,Peshawar Zalmi,Islamabad United,Shoaib Malik,T Kohler-Cadmore,Shadab Khan,0,0,,,,,,,,,
1247020,2020/21,2021-02-27,National Stadium,2,7.3,Peshawar Zalmi,Islamabad United,Shoaib Malik,T Kohler-Cadmore,Shadab Khan,1,0,,,,,,,,,
1247020,2020/21,2021-02-27,National Stadium,2,7.4,Peshawar Zalmi,Islamabad United,T Kohler-Cadmore,Shoaib Malik,Shadab Khan,0,0,,,,,,,,,
1247020,2020/21,2021-02-27,National Stadium,2,7.5,Peshawar Zalmi,Islamabad United,T Kohler-Cadmore,Shoaib Malik,Shadab Khan,1,0,,,,,,,,,
1247020,2020/21,2021-02-27,National Stadium,2,7.6,Peshawar Zalmi,Islamabad United,Shoaib Malik,T Kohler-Cadmore,Shadab Khan,0,0,,,,,,,,,
1247020,2020/21,2021-02-27,National Stadium,2,8.1,Peshawar Zalmi,Islamabad United,T Kohler-Cadmore,Shoaib Malik,Fawad Ahmed,1,0,,,,,,,,,
1247020,2020/21,2021-02-27,National Stadium,2,8.2,Peshawar Zalmi,Islamabad United,Shoaib Malik,T Kohler-Cadmore,Fawad Ahmed,1,0,,,,,,,,,
1247020,2020/21,2021-02-27,National Stadium,2,8.3,Peshawar Zalmi,Islamabad United,T Kohler-Cadmore,Shoaib Malik,Fawad Ahmed,0,0,,,,,,,,,
1247020,2020/21,2021-02-27,National Stadium,2,8.4,Peshawar Zalmi,Islamabad United,T Kohler-Cadmore,Shoaib Malik,Fawad Ahmed,6,0,,,,,,,,,
1247020,2020/21,2021-02-27,National Stadium,2,8.5,Peshawar Zalmi,Islamabad United,T Kohler-Cadmore,Shoaib Malik,Fawad Ahmed,1,0,,,,,,,,,
1247020,2020/21,2021-02-27,National Stadium,2,8.6,Peshawar Zalmi,Islamabad United,Shoaib Malik,T Kohler-Cadmore,Fawad Ahmed,2,0,,,,,,,,,
1247020,2020/21,2021-02-27,National Stadium,2,9.1,Peshawar Zalmi,Islamabad United,T Kohler-Cadmore,Shoaib Malik,Shadab Khan,1,0,,,,,,,,,
1247020,2020/21,2021-02-27,National Stadium,2,9.2,Peshawar Zalmi,Islamabad United,Shoaib Malik,T Kohler-Cadmore,Shadab Khan,1,0,,,,,,,,,
1247020,2020/21,2021-02-27,National Stadium,2,9.3,Peshawar Zalmi,Islamabad United,T Kohler-Cadmore,Shoaib Malik,Shadab Khan,0,0,,,,,,,,,
1247020,2020/21,2021-02-27,National Stadium,2,9.4,Peshawar Zalmi,Islamabad United,T Kohler-Cadmore,Shoaib Malik,Shadab Khan,0,0,,,,,,,,,
1247020,2020/21,2021-02-27,National Stadium,2,9.5,Peshawar Zalmi,Islamabad United,T Kohler-Cadmore,Shoaib Malik,Shadab Khan,0,0,,,,,,,,,
1247020,2020/21,2021-02-27,National Stadium,2,9.6,Peshawar Zalmi,Islamabad United,T Kohler-Cadmore,Shoaib Malik,Shadab Khan,1,0,,,,,,,,,
1247020,2020/21,2021-02-27,National Stadium,2,10.1,Peshawar Zalmi,Islamabad United,T Kohler-Cadmore,Shoaib Malik,Fawad Ahmed,1,0,,,,,,,,,
1247020,2020/21,2021-02-27,National Stadium,2,10.2,Peshawar Zalmi,Islamabad United,Shoaib Malik,T Kohler-Cadmore,Fawad Ahmed,1,0,,,,,,,,,
1247020,2020/21,2021-02-27,National Stadium,2,10.3,Peshawar Zalmi,Islamabad United,T Kohler-Cadmore,Shoaib Malik,Fawad Ahmed,0,0,,,,,,,,,
1247020,2020/21,2021-02-27,National Stadium,2,10.4,Peshawar Zalmi,Islamabad United,T Kohler-Cadmore,Shoaib Malik,Fawad Ahmed,1,0,,,,,,,,,
1247020,2020/21,2021-02-27,National Stadium,2,10.5,Peshawar Zalmi,Islamabad United,Shoaib Malik,T Kohler-Cadmore,Fawad Ahmed,1,0,,,,,,,,,
1247020,2020/21,2021-02-27,National Stadium,2,10.6,Peshawar Zalmi,Islamabad United,T Kohler-Cadmore,Shoaib Malik,Fawad Ahmed,1,0,,,,,,,,,
1247020,2020/21,2021-02-27,National Stadium,2,11.1,Peshawar Zalmi,Islamabad United,T Kohler-Cadmore,Shoaib Malik,Shadab Khan,4,0,,,,,,,,,
1247020,2020/21,2021-02-27,National Stadium,2,11.2,Peshawar Zalmi,Islamabad United,T Kohler-Cadmore,Shoaib Malik,Shadab Khan,1,0,,,,,,,,,
1247020,2020/21,2021-02-27,National Stadium,2,11.3,Peshawar Zalmi,Islamabad United,Shoaib Malik,T Kohler-Cadmore,Shadab Khan,0,0,,,,,,,,,
1247020,2020/21,2021-02-27,National Stadium,2,11.4,Peshawar Zalmi,Islamabad United,Shoaib Malik,T Kohler-Cadmore,Shadab Khan,0,0,,,,,,,,,
1247020,2020/21,2021-02-27,National Stadium,2,11.5,Peshawar Zalmi,Islamabad United,Shoaib Malik,T Kohler-Cadmore,Shadab Khan,0,0,,,,,,,,,
1247020,2020/21,2021-02-27,National Stadium,2,11.6,Peshawar Zalmi,Islamabad United,Shoaib Malik,T Kohler-Cadmore,Shadab Khan,2,0,,,,,,,,,
1247020,2020/21,2021-02-27,National Stadium,2,12.1,Peshawar Zalmi,Islamabad United,T Kohler-Cadmore,Shoaib Malik,Fawad Ahmed,0,0,,,,,,,,,
1247020,2020/21,2021-02-27,National Stadium,2,12.2,Peshawar Zalmi,Islamabad United,T Kohler-Cadmore,Shoaib Malik,Fawad Ahmed,6,0,,,,,,,,,
1247020,2020/21,2021-02-27,National Stadium,2,12.3,Peshawar Zalmi,Islamabad United,T Kohler-Cadmore,Shoaib Malik,Fawad Ahmed,0,0,,,,,,,,,
1247020,2020/21,2021-02-27,National Stadium,2,12.4,Peshawar Zalmi,Islamabad United,T Kohler-Cadmore,Shoaib Malik,Fawad Ahmed,0,0,,,,,,caught,T Kohler-Cadmore,,
1247020,2020/21,2021-02-27,National Stadium,2,12.5,Peshawar Zalmi,Islamabad United,Haider Ali,Shoaib Malik,Fawad Ahmed,6,0,,,,,,,,,
1247020,2020/21,2021-02-27,National Stadium,2,12.6,Peshawar Zalmi,Islamabad United,Haider Ali,Shoaib Malik,Fawad Ahmed,4,0,,,,,,,,,
1247020,2020/21,2021-02-27,National Stadium,2,13.1,Peshawar Zalmi,Islamabad United,Shoaib Malik,Haider Ali,Shadab Khan,6,0,,,,,,,,,
1247020,2020/21,2021-02-27,National Stadium,2,13.2,Peshawar Zalmi,Islamabad United,Shoaib Malik,Haider Ali,Shadab Khan,1,0,,,,,,,,,
1247020,2020/21,2021-02-27,National Stadium,2,13.3,Peshawar Zalmi,Islamabad United,Haider Ali,Shoaib Malik,Shadab Khan,0,0,,,,,,,,,
1247020,2020/21,2021-02-27,National Stadium,2,13.4,Peshawar Zalmi,Islamabad United,Haider Ali,Shoaib Malik,Shadab Khan,0,0,,,,,,,,,
1247020,2020/21,2021-02-27,National Stadium,2,13.5,Peshawar Zalmi,Islamabad United,Haider Ali,Shoaib Malik,Shadab Khan,3,0,,,,,,,,,
1247020,2020/21,2021-02-27,National Stadium,2,13.6,Peshawar Zalmi,Islamabad United,Shoaib Malik,Haider Ali,Shadab Khan,0,0,,,,,,,,,
1247020,2020/21,2021-02-27,National Stadium,2,14.1,Peshawar Zalmi,Islamabad United,Haider Ali,Shoaib Malik,Faheem Ashraf,0,0,,,,,,,,,
1247020,2020/21,2021-02-27,National Stadium,2,14.2,Peshawar Zalmi,Islamabad United,Haider Ali,Shoaib Malik,Faheem Ashraf,1,0,,,,,,,,,
1247020,2020/21,2021-02-27,National Stadium,2,14.3,Peshawar Zalmi,Islamabad United,Shoaib Malik,Haider Ali,Faheem Ashraf,1,0,,,,,,,,,
1247020,2020/21,2021-02-27,National Stadium,2,14.4,Peshawar Zalmi,Islamabad United,Haider Ali,Shoaib Malik,Faheem Ashraf,0,0,,,,,,,,,
1247020,2020/21,2021-02-27,National Stadium,2,14.5,Peshawar Zalmi,Islamabad United,Haider Ali,Shoaib Malik,Faheem Ashraf,4,0,,,,,,,,,
1247020,2020/21,2021-02-27,National Stadium,2,14.6,Peshawar Zalmi,Islamabad United,Haider Ali,Shoaib Malik,Faheem Ashraf,1,0,,,,,,,,,
1247020,2020/21,2021-02-27,National Stadium,2,15.1,Peshawar Zalmi,Islamabad United,Haider Ali,Shoaib Malik,Mohammad Wasim,6,0,,,,,,,,,
1247020,2020/21,2021-02-27,National Stadium,2,15.2,Peshawar Zalmi,Islamabad United,Haider Ali,Shoaib Malik,Mohammad Wasim,1,0,,,,,,,,,
1247020,2020/21,2021-02-27,National Stadium,2,15.3,Peshawar Zalmi,Islamabad United,Shoaib Malik,Haider Ali,Mohammad Wasim,1,0,,,,,,,,,
1247020,2020/21,2021-02-27,National Stadium,2,15.4,Peshawar Zalmi,Islamabad United,Haider Ali,Shoaib Malik,Mohammad Wasim,0,0,,,,,,,,,
1247020,2020/21,2021-02-27,National Stadium,2,15.5,Peshawar Zalmi,Islamabad United,Haider Ali,Shoaib Malik,Mohammad Wasim,0,1,1,,,,,,,,
1247020,2020/21,2021-02-27,National Stadium,2,15.6,Peshawar Zalmi,Islamabad United,Haider Ali,Shoaib Malik,Mohammad Wasim,6,0,,,,,,,,,
1247020,2020/21,2021-02-27,National Stadium,2,15.7,Peshawar Zalmi,Islamabad United,Haider Ali,Shoaib Malik,Mohammad Wasim,4,0,,,,,,,,,
1247020,2020/21,2021-02-27,National Stadium,2,16.1,Peshawar Zalmi,Islamabad United,Shoaib Malik,Haider Ali,Hasan Ali,0,0,,,,,,,,,
1247020,2020/21,2021-02-27,National Stadium,2,16.2,Peshawar Zalmi,Islamabad United,Shoaib Malik,Haider Ali,Hasan Ali,1,0,,,,,,,,,
1247020,2020/21,2021-02-27,National Stadium,2,16.3,Peshawar Zalmi,Islamabad United,Haider Ali,Shoaib Malik,Hasan Ali,0,0,,,,,,,,,
1247020,2020/21,2021-02-27,National Stadium,2,16.4,Peshawar Zalmi,Islamabad United,Haider Ali,Shoaib Malik,Hasan Ali,0,0,,,,,,,,,
1247020,2020/21,2021-02-27,National Stadium,2,16.5,Peshawar Zalmi,Islamabad United,Haider Ali,Shoaib Malik,Hasan Ali,0,0,,,,,,caught,Haider Ali,,
1247020,2020/21,2021-02-27,National Stadium,2,16.6,Peshawar Zalmi,Islamabad United,SE Rutherford,Shoaib Malik,Hasan Ali,1,0,,,,,,,,,
1247020,2020/21,2021-02-27,National Stadium,2,17.1,Peshawar Zalmi,Islamabad United,SE Rutherford,Shoaib Malik,Iftikhar Ahmed,5,0,,,,,,,,,
