match_id,season,start_date,venue,innings,ball,batting_team,bowling_team,striker,non_striker,bowler,runs_off_bat,extras,wides,noballs,byes,legbyes,penalty,wicket_type,player_dismissed,other_wicket_type,other_player_dismissed
1247027,2021,2021-06-09,"Sheikh Zayed Stadium, Abu Dhabi",1,0.1,Islamabad United,Lahore Qalandars,UT Khawaja,C Munro,Shaheen Shah Afridi,0,0,,,,,,,,,
1247027,2021,2021-06-09,"Sheikh Zayed Stadium, Abu Dhabi",1,0.2,Islamabad United,Lahore Qalandars,UT Khawaja,C Munro,Shaheen Shah Afridi,0,0,,,,,,,,,
1247027,2021,2021-06-09,"Sheikh Zayed Stadium, Abu Dhabi",1,0.3,Islamabad United,Lahore Qalandars,UT Khawaja,C Munro,Shaheen Shah Afridi,0,0,,,,,,,,,
1247027,2021,2021-06-09,"Sheikh Zayed Stadium, Abu Dhabi",1,0.4,Islamabad United,Lahore Qalandars,UT Khawaja,C Munro,Shaheen Shah Afridi,1,0,,,,,,,,,
1247027,2021,2021-06-09,"Sheikh Zayed Stadium, Abu Dhabi",1,0.5,Islamabad United,Lahore Qalandars,C Munro,UT Khawaja,Shaheen Shah Afridi,0,0,,,,,,,,,
1247027,2021,2021-06-09,"Sheikh Zayed Stadium, Abu Dhabi",1,0.6,Islamabad United,Lahore Qalandars,C Munro,UT Khawaja,Shaheen Shah Afridi,1,0,,,,,,,,,
1247027,2021,2021-06-09,"Sheikh Zayed Stadium, Abu Dhabi",1,1.1,Islamabad United,Lahore Qalandars,C Munro,UT Khawaja,JP Faulkner,0,0,,,,,,,,,
1247027,2021,2021-06-09,"Sheikh Zayed Stadium, Abu Dhabi",1,1.2,Islamabad United,Lahore Qalandars,C Munro,UT Khawaja,JP Faulkner,4,0,,,,,,,,,
1247027,2021,2021-06-09,"Sheikh Zayed Stadium, Abu Dhabi",1,1.3,Islamabad United,Lahore Qalandars,C Munro,UT Khawaja,JP Faulkner,6,0,,,,,,,,,
1247027,2021,2021-06-09,"Sheikh Zayed Stadium, Abu Dhabi",1,1.4,Islamabad United,Lahore Qalandars,C Munro,UT Khawaja,JP Faulkner,0,0,,,,,,,,,
1247027,2021,2021-06-09,"Sheikh Zayed Stadium, Abu Dhabi",1,1.5,Islamabad United,Lahore Qalandars,C Munro,UT Khawaja,JP Faulkner,0,0,,,,,,bowled,C Munro,,
1247027,2021,2021-06-09,"Sheikh Zayed Stadium, Abu Dhabi",1,1.6,Islamabad United,Lahore Qalandars,Rohail Nazir,UT Khawaja,JP Faulkner,4,0,,,,,,,,,
1247027,2021,2021-06-09,"Sheikh Zayed Stadium, Abu Dhabi",1,2.1,Islamabad United,Lahore Qalandars,UT Khawaja,Rohail Nazir,Shaheen Shah Afridi,1,0,,,,,,,,,
1247027,2021,2021-06-09,"Sheikh Zayed Stadium, Abu Dhabi",1,2.2,Islamabad United,Lahore Qalandars,Rohail Nazir,UT Khawaja,Shaheen Shah Afridi,0,1,,,1,,,,,,
1247027,2021,2021-06-09,"Sheikh Zayed Stadium, Abu Dhabi",1,2.3,Islamabad United,Lahore Qalandars,UT Khawaja,Rohail Nazir,Shaheen Shah Afridi,0,0,,,,,,,,,
1247027,2021,2021-06-09,"Sheikh Zayed Stadium, Abu Dhabi",1,2.4,Islamabad United,Lahore Qalandars,UT Khawaja,Rohail Nazir,Shaheen Shah Afridi,0,0,,,,,,,,,
1247027,2021,2021-06-09,"Sheikh Zayed Stadium, Abu Dhabi",1,2.5,Islamabad United,Lahore Qalandars,UT Khawaja,Rohail Nazir,Shaheen Shah Afridi,4,0,,,,,,,,,
1247027,2021,2021-06-09,"Sheikh Zayed Stadium, Abu Dhabi",1,2.6,Islamabad United,Lahore Qalandars,UT Khawaja,Rohail Nazir,Shaheen Shah Afridi,4,0,,,,,,,,,
1247027,2021,2021-06-09,"Sheikh Zayed Stadium, Abu Dhabi",1,3.1,Islamabad United,Lahore Qalandars,Rohail Nazir,UT Khawaja,JP Faulkner,4,0,,,,,,,,,
1247027,2021,2021-06-09,"Sheikh Zayed Stadium, Abu Dhabi",1,3.2,Islamabad United,Lahore Qalandars,Rohail Nazir,UT Khawaja,JP Faulkner,0,0,,,,,,,,,
1247027,2021,2021-06-09,"Sheikh Zayed Stadium, Abu Dhabi",1,3.3,Islamabad United,Lahore Qalandars,Rohail Nazir,UT Khawaja,JP Faulkner,0,0,,,,,,caught,Rohail Nazir,,
1247027,2021,2021-06-09,"Sheikh Zayed Stadium, Abu Dhabi",1,3.4,Islamabad United,Lahore Qalandars,Shadab Khan,UT Khawaja,JP Faulkner,1,0,,,,,,,,,
1247027,2021,2021-06-09,"Sheikh Zayed Stadium, Abu Dhabi",1,3.5,Islamabad United,Lahore Qalandars,UT Khawaja,Shadab Khan,JP Faulkner,1,0,,,,,,,,,
1247027,2021,2021-06-09,"Sheikh Zayed Stadium, Abu Dhabi",1,3.6,Islamabad United,Lahore Qalandars,Shadab Khan,UT Khawaja,JP Faulkner,1,0,,,,,,,,,
1247027,2021,2021-06-09,"Sheikh Zayed Stadium, Abu Dhabi",1,4.1,Islamabad United,Lahore Qalandars,Shadab Khan,UT Khawaja,Ahmed Daniyal,1,0,,,,,,,,,
1247027,2021,2021-06-09,"Sheikh Zayed Stadium, Abu Dhabi",1,4.2,Islamabad United,Lahore Qalandars,UT Khawaja,Shadab Khan,Ahmed Daniyal,1,0,,,,,,,,,
1247027,2021,2021-06-09,"Sheikh Zayed Stadium, Abu Dhabi",1,4.3,Islamabad United,Lahore Qalandars,Shadab Khan,UT Khawaja,Ahmed Daniyal,0,1,1,,,,,,,,
1247027,2021,2021-06-09,"Sheikh Zayed Stadium, Abu Dhabi",1,4.4,Islamabad United,Lahore Qalandars,Shadab Khan,UT Khawaja,Ahmed Daniyal,0,0,,,,,,,,,
1247027,2021,2021-06-09,"Sheikh Zayed Stadium, Abu Dhabi",1,4.5,Islamabad United,Lahore Qalandars,Shadab Khan,UT Khawaja,Ahmed Daniyal,0,1,1,,,,,,,,
1247027,2021,2021-06-09,"Sheikh Zayed Stadium, Abu Dhabi",1,4.6,Islamabad United,Lahore Qalandars,Shadab Khan,UT Khawaja,Ahmed Daniyal,0,0,,,,,,,,,
1247027,2021,2021-06-09,"Sheikh Zayed Stadium, Abu Dhabi",1,4.7,Islamabad United,Lahore Qalandars,Shadab Khan,UT Khawaja,Ahmed Daniyal,0,0,,,,,,,,,
1247027,2021,2021-06-09,"Sheikh Zayed Stadium, Abu Dhabi",1,4.8,Islamabad United,Lahore Qalandars,Shadab Khan,UT Khawaja,Ahmed Daniyal,4,0,,,,,,,,,
1247027,2021,2021-06-09,"Sheikh Zayed Stadium, Abu Dhabi",1,5.1,Islamabad United,Lahore Qalandars,UT Khawaja,Shadab Khan,JP Faulkner,1,0,,,,,,,,,
1247027,2021,2021-06-09,"Sheikh Zayed Stadium, Abu Dhabi",1,5.2,Islamabad United,Lahore Qalandars,Shadab Khan,UT Khawaja,JP Faulkner,0,0,,,,,,caught,Shadab Khan,,
1247027,2021,2021-06-09,"Sheikh Zayed Stadium, Abu Dhabi",1,5.3,Islamabad United,Lahore Qalandars,Iftikhar Ahmed,UT Khawaja,JP Faulkner,1,0,,,,,,,,,
1247027,2021,2021-06-09,"Sheikh Zayed Stadium, Abu Dhabi",1,5.4,Islamabad United,Lahore Qalandars,UT Khawaja,Iftikhar Ahmed,JP Faulkner,0,0,,,,,,,,,
1247027,2021,2021-06-09,"Sheikh Zayed Stadium, Abu Dhabi",1,5.5,Islamabad United,Lahore Qalandars,UT Khawaja,Iftikhar Ahmed,JP Faulkner,0,0,,,,,,,,,
1247027,2021,2021-06-09,"Sheikh Zayed Stadium, Abu Dhabi",1,5.6,Islamabad United,Lahore Qalandars,UT Khawaja,Iftikhar Ahmed,JP Faulkner,0,0,,,,,,,,,
1247027,2021,2021-06-09,"Sheikh Zayed Stadium, Abu Dhabi",1,6.1,Islamabad United,Lahore Qalandars,Iftikhar Ahmed,UT Khawaja,Haris Rauf,1,0,,,,,,,,,
1247027,2021,2021-06-09,"Sheikh Zayed Stadium, Abu Dhabi",1,6.2,Islamabad United,Lahore Qalandars,UT Khawaja,Iftikhar Ahmed,Haris Rauf,5,0,,,,,,,,,
1247027,2021,2021-06-09,"Sheikh Zayed Stadium, Abu Dhabi",1,6.3,Islamabad United,Lahore Qalandars,Iftikhar Ahmed,UT Khawaja,Haris Rauf,1,0,,,,,,,,,
1247027,2021,2021-06-09,"Sheikh Zayed Stadium, Abu Dhabi",1,6.4,Islamabad United,Lahore Qalandars,UT Khawaja,Iftikhar Ahmed,Haris Rauf,0,0,,,,,,caught,UT Khawaja,,
1247027,2021,2021-06-09,"Sheikh Zayed Stadium, Abu Dhabi",1,6.5,Islamabad United,Lahore Qalandars,Hussain Talat,Iftikhar Ahmed,Haris Rauf,0,0,,,,,,,,,
1247027,2021,2021-06-09,"Sheikh Zayed Stadium, Abu Dhabi",1,6.6,Islamabad United,Lahore Qalandars,Hussain Talat,Iftikhar Ahmed,Haris Rauf,1,0,,,,,,,,,
1247027,2021,2021-06-09,"Sheikh Zayed Stadium, Abu Dhabi",1,7.1,Islamabad United,Lahore Qalandars,Hussain Talat,Iftikhar Ahmed,JP Faulkner,2,0,,,,,,,,,
1247027,2021,2021-06-09,"Sheikh Zayed Stadium, Abu Dhabi",1,7.2,Islamabad United,Lahore Qalandars,Hussain Talat,Iftikhar Ahmed,JP Faulkner,0,0,,,,,,,,,
1247027,2021,2021-06-09,"Sheikh Zayed Stadium, Abu Dhabi",1,7.3,Islamabad United,Lahore Qalandars,Hussain Talat,Iftikhar Ahmed,JP Faulkner,1,0,,,,,,,,,
1247027,2021,2021-06-09,"Sheikh Zayed Stadium, Abu Dhabi",1,7.4,Islamabad United,Lahore Qalandars,Iftikhar Ahmed,Hussain Talat,JP Faulkner,1,0,,,,,,,,,
1247027,2021,2021-06-09,"Sheikh Zayed Stadium, Abu Dhabi",1,7.5,Islamabad United,Lahore Qalandars,Hussain Talat,Iftikhar Ahmed,JP Faulkner,4,0,,,,,,,,,
1247027,2021,2021-06-09,"Sheikh Zayed Stadium, Abu Dhabi",1,7.6,Islamabad United,Lahore Qalandars,Hussain Talat,Iftikhar Ahmed,JP Faulkner,1,0,,,,,,,,,
1247027,2021,2021-06-09,"Sheikh Zayed Stadium, Abu Dhabi",1,8.1,Islamabad United,Lahore Qalandars,Hussain Talat,Iftikhar Ahmed,Rashid Khan,0,0,,,,,,,,,
1247027,2021,2021-06-09,"Sheikh Zayed Stadium, Abu Dhabi",1,8.2,Islamabad United,Lahore Qalandars,Hussain Talat,Iftikhar Ahmed,Rashid Khan,1,0,,,,,,,,,
1247027,2021,2021-06-09,"Sheikh Zayed Stadium, Abu Dhabi",1,8.3,Islamabad United,Lahore Qalandars,Iftikhar Ahmed,Hussain Talat,Rashid Khan,0,0,,,,,,,,,
1247027,2021,2021-06-09,"Sheikh Zayed Stadium, Abu Dhabi",1,8.4,Islamabad United,Lahore Qalandars,Iftikhar Ahmed,Hussain Talat,Rashid Khan,0,0,,,,,,,,,
1247027,2021,2021-06-09,"Sheikh Zayed Stadium, Abu Dhabi",1,8.5,Islamabad United,Lahore Qalandars,Iftikhar Ahmed,Hussain Talat,Rashid Khan,0,0,,,,,,,,,
1247027,2021,2021-06-09,"Sheikh Zayed Stadium, Abu Dhabi",1,8.6,Islamabad United,Lahore Qalandars,Iftikhar Ahmed,Hussain Talat,Rashid Khan,0,0,,,,,,,,,
1247027,2021,2021-06-09,"Sheikh Zayed Stadium, Abu Dhabi",1,9.1,Islamabad United,Lahore Qalandars,Hussain Talat,Iftikhar Ahmed,Ahmed Daniyal,0,0,,,,,,,,,
1247027,2021,2021-06-09,"Sheikh Zayed Stadium, Abu Dhabi",1,9.2,Islamabad United,Lahore Qalandars,Hussain Talat,Iftikhar Ahmed,Ahmed Daniyal,1,0,,,,,,,,,
1247027,2021,2021-06-09,"Sheikh Zayed Stadium, Abu Dhabi",1,9.3,Islamabad United,Lahore Qalandars,Iftikhar Ahmed,Hussain Talat,Ahmed Daniyal,6,0,,,,,,,,,
1247027,2021,2021-06-09,"Sheikh Zayed Stadium, Abu Dhabi",1,9.4,Islamabad United,Lahore Qalandars,Iftikhar Ahmed,Hussain Talat,Ahmed Daniyal,0,0,,,,,,,,,
1247027,2021,2021-06-09,"Sheikh Zayed Stadium, Abu Dhabi",1,9.5,Islamabad United,Lahore Qalandars,Iftikhar Ahmed,Hussain Talat,Ahmed Daniyal,0,0,,,,,,,,,
1247027,2021,2021-06-09,"Sheikh Zayed Stadium, Abu Dhabi",1,9.6,Islamabad United,Lahore Qalandars,Iftikhar Ahmed,Hussain Talat,Ahmed Daniyal,0,0,,,,,,,,,
1247027,2021,2021-06-09,"Sheikh Zayed Stadium, Abu Dhabi",1,10.1,Islamabad United,Lahore Qalandars,Hussain Talat,Iftikhar Ahmed,Rashid Khan,0,0,,,,,,,,,
1247027,2021,2021-06-09,"Sheikh Zayed Stadium, Abu Dhabi",1,10.2,Islamabad United,Lahore Qalandars,Hussain Talat,Iftikhar Ahmed,Rashid Khan,0,0,,,,,,,,,
1247027,2021,2021-06-09,"Sheikh Zayed Stadium, Abu Dhabi",1,10.3,Islamabad United,Lahore Qalandars,Hussain Talat,Iftikhar Ahmed,Rashid Khan,1,0,,,,,,,,,
1247027,2021,2021-06-09,"Sheikh Zayed Stadium, Abu Dhabi",1,10.4,Islamabad United,Lahore Qalandars,Iftikhar Ahmed,Hussain Talat,Rashid Khan,1,0,,,,,,,,,
1247027,2021,2021-06-09,"Sheikh Zayed Stadium, Abu Dhabi",1,10.5,Islamabad United,Lahore Qalandars,Hussain Talat,Iftikhar Ahmed,Rashid Khan,1,0,,,,,,,,,
1247027,2021,2021-06-09,"Sheikh Zayed Stadium, Abu Dhabi",1,10.6,Islamabad United,Lahore Qalandars,Iftikhar Ahmed,Hussain Talat,Rashid Khan,1,0,,,,,,,,,
1247027,2021,2021-06-09,"Sheikh Zayed Stadium, Abu Dhabi",1,11.1,Islamabad United,Lahore Qalandars,Iftikhar Ahmed,Hussain Talat,Ahmed Daniyal,0,0,,,,,,,,,
1247027,2021,2021-06-09,"Sheikh Zayed Stadium, Abu Dhabi",1,11.2,Islamabad United,Lahore Qalandars,Iftikhar Ahmed,Hussain Talat,Ahmed Daniyal,0,0,,,,,,caught,Iftikhar Ahmed,,
1247027,2021,2021-06-09,"Sheikh Zayed Stadium, Abu Dhabi",1,11.3,Islamabad United,Lahore Qalandars,Asif Ali,Hussain Talat,Ahmed Daniyal,4,0,,,,,,,,,
1247027,2021,2021-06-09,"Sheikh Zayed Stadium, Abu Dhabi",1,11.4,Islamabad United,Lahore Qalandars,Asif Ali,Hussain Talat,Ahmed Daniyal,0,1,,,,1,,,,,
1247027,2021,2021-06-09,"Sheikh Zayed Stadium, Abu Dhabi",1,11.5,Islamabad United,Lahore Qalandars,Hussain Talat,Asif Ali,Ahmed Daniyal,1,0,,,,,,,,,
1247027,2021,2021-06-09,"Sheikh Zayed Stadium, Abu Dhabi",1,11.6,Islamabad United,Lahore Qalandars,Asif Ali,Hussain Talat,Ahmed Daniyal,2,0,,,,,,,,,
1247027,2021,2021-06-09,"Sheikh Zayed Stadium, Abu Dhabi",1,12.1,Islamabad United,Lahore Qalandars,Hussain Talat,Asif Ali,Rashid Khan,0,0,,,,,,bowled,Hussain Talat,,
1247027,2021,2021-06-09,"Sheikh Zayed Stadium, Abu Dhabi",1,12.2,Islamabad United,Lahore Qalandars,Faheem Ashraf,Asif Ali,Rashid Khan,0,1,,,,1,,,,,
1247027,2021,2021-06-09,"Sheikh Zayed Stadium, Abu Dhabi",1,12.3,Islamabad United,Lahore Qalandars,Asif Ali,Faheem Ashraf,Rashid Khan,0,0,,,,,,,,,
1247027,2021,2021-06-09,"Sheikh Zayed Stadium, Abu Dhabi",1,12.4,Islamabad United,Lahore Qalandars,Asif Ali,Faheem Ashraf,Rashid Khan,1,0,,,,,,,,,
1247027,2021,2021-06-09,"Sheikh Zayed Stadium, Abu Dhabi",1,12.5,Islamabad United,Lahore Qalandars,Faheem Ashraf,Asif Ali,Rashid Khan,1,0,,,,,,,,,
1247027,2021,2021-06-09,"Sheikh Zayed Stadium, Abu Dhabi",1,12.6,Islamabad United,Lahore Qalandars,Asif Ali,Faheem Ashraf,Rashid Khan,0,0,,,,,,,,,
1247027,2021,2021-06-09,"Sheikh Zayed Stadium, Abu Dhabi",1,13.1,Islamabad United,Lahore Qalandars,Faheem Ashraf,Asif Ali,Haris Rauf,4,0,,,,,,,,,
1247027,2021,2021-06-09,"Sheikh Zayed Stadium, Abu Dhabi",1,13.2,Islamabad United,Lahore Qalandars,Faheem Ashraf,Asif Ali,Haris Rauf,0,0,,,,,,,,,
1247027,2021,2021-06-09,"Sheikh Zayed Stadium, Abu Dhabi",1,13.3,Islamabad United,Lahore Qalandars,Faheem Ashraf,Asif Ali,Haris Rauf,0,0,,,,,,,,,
1247027,2021,2021-06-09,"Sheikh Zayed Stadium, Abu Dhabi",1,13.4,Islamabad United,Lahore Qalandars,Faheem Ashraf,Asif Ali,Haris Rauf,0,0,,,,,,,,,
1247027,2021,2021-06-09,"Sheikh Zayed Stadium, Abu Dhabi",1,13.5,Islamabad United,Lahore Qalandars,Faheem Ashraf,Asif Ali,Haris Rauf,1,0,,,,,,,,,
1247027,2021,2021-06-09,"Sheikh Zayed Stadium, Abu Dhabi",1,13.6,Islamabad United,Lahore Qalandars,Asif Ali,Faheem Ashraf,Haris Rauf,0,0,,,,,,,,,
1247027,2021,2021-06-09,"Sheikh Zayed Stadium, Abu Dhabi",1,14.1,Islamabad United,Lahore Qalandars,Faheem Ashraf,Asif Ali,Ahmed Daniyal,1,0,,,,,,,,,
1247027,2021,2021-06-09,"Sheikh Zayed Stadium, Abu Dhabi",1,14.2,Islamabad United,Lahore Qalandars,Asif Ali,Faheem Ashraf,Ahmed Daniyal,0,4,,,4,,,,,,
1247027,2021,2021-06-09,"Sheikh Zayed Stadium, Abu Dhabi",1,14.3,Islamabad United,Lahore Qalandars,Asif Ali,Faheem Ashraf,Ahmed Daniyal,0,0,,,,,,caught,Asif Ali,,
1247027,2021,2021-06-09,"Sheikh Zayed Stadium, Abu Dhabi",1,14.4,Islamabad United,Lahore Qalandars,Hasan Ali,Faheem Ashraf,Ahmed Daniyal,1,0,,,,,,,,,
1247027,2021,2021-06-09,"Sheikh Zayed Stadium, Abu Dhabi",1,14.5,Islamabad United,Lahore Qalandars,Faheem Ashraf,Hasan Ali,Ahmed Daniyal,1,0,,,,,,,,,
1247027,2021,2021-06-09,"Sheikh Zayed Stadium, Abu Dhabi",1,14.6,Islamabad United,Lahore Qalandars,Hasan Ali,Faheem Ashraf,Ahmed Daniyal,4,0,,,,,,,,,
1247027,2021,2021-06-09,"Sheikh Zayed Stadium, Abu Dhabi",1,15.1,Islamabad United,Lahore Qalandars,Faheem Ashraf,Hasan Ali,Rashid Khan,0,0,,,,,,,,,
1247027,2021,2021-06-09,"Sheikh Zayed Stadium, Abu Dhabi",1,15.2,Islamabad United,Lahore Qalandars,Faheem Ashraf,Hasan Ali,Rashid Khan,0,0,,,,,,,,,
1247027,2021,2021-06-09,"Sheikh Zayed Stadium, Abu Dhabi",1,15.3,Islamabad United,Lahore Qalandars,Faheem Ashraf,Hasan Ali,Rashid Khan,1,0,,,,,,,,,
1247027,2021,2021-06-09,"Sheikh Zayed Stadium, Abu Dhabi",1,15.4,Islamabad United,Lahore Qalandars,Hasan Ali,Faheem Ashraf,Rashid Khan,0,0,,,,,,,,,
1247027,2021,2021-06-09,"Sheikh Zayed Stadium, Abu Dhabi",1,15.5,Islamabad United,Lahore Qalandars,Hasan Ali,Faheem Ashraf,Rashid Khan,1,0,,,,,,,,,
1247027,2021,2021-06-09,"Sheikh Zayed Stadium, Abu Dhabi",1,15.6,Islamabad United,Lahore Qalandars,Faheem Ashraf,Hasan Ali,Rashid Khan,0,0,,,,,,,,,
1247027,2021,2021-06-09,"Sheikh Zayed Stadium, Abu Dhabi",1,16.1,Islamabad United,Lahore Qalandars,Hasan Ali,Faheem Ashraf,Haris Rauf,0,0,,,,,,,,,
1247027,2021,2021-06-09,"Sheikh Zayed Stadium, Abu Dhabi",1,16.2,Islamabad United,Lahore Qalandars,Hasan Ali,Faheem Ashraf,Haris Rauf,4,0,,,,,,,,,
1247027,2021,2021-06-09,"Sheikh Zayed Stadium, Abu Dhabi",1,16.3,Islamabad United,Lahore Qalandars,Hasan Ali,Faheem Ashraf,Haris Rauf,2,0,,,,,,,,,
1247027,2021,2021-06-09,"Sheikh Zayed Stadium, Abu Dhabi",1,16.4,Islamabad United,Lahore Qalandars,Hasan Ali,Faheem Ashraf,Haris Rauf,2,0,,,,,,,,,
1247027,2021,2021-06-09,"Sheikh Zayed Stadium, Abu Dhabi",1,16.5,Islamabad United,Lahore Qalandars,Hasan Ali,Faheem Ashraf,Haris Rauf,0,0,,,,,,caught,Hasan Ali,,
1247027,2021,2021-06-09,"Sheikh Zayed Stadium, Abu Dhabi",1,16.6,Islamabad United,Lahore Qalandars,Faheem Ashraf,Mohammad Wasim,Haris Rauf,1,0,,,,,,,,,
1247027,2021,2021-06-09,"Sheikh Zayed Stadium, Abu Dhabi",1,17.1,Islamabad United,Lahore Qalandars,Faheem Ashraf,Mohammad Wasim,Shaheen Shah Afridi,2,0,,,,,,,,,
1247027,2021,2021-06-09,"Sheikh Zayed Stadium, Abu Dhabi",1,17.2,Islamabad United,Lahore Qalandars,Faheem Ashraf,Mohammad Wasim,Shaheen Shah Afridi,4,0,,,,,,,,,
1247027,2021,2021-06-09,"Sheikh Zayed Stadium, Abu Dhabi",1,17.3,Islamabad United,Lahore Qalandars,Faheem Ashraf,Mohammad Wasim,Shaheen Shah Afridi,2,0,,,,,,,,,
1247027,2021,2021-06-09,"Sheikh Zayed Stadium, Abu Dhabi",1,17.4,Islamabad United,Lahore Qalandars,Faheem Ashraf,Mohammad Wasim,Shaheen Shah Afridi,1,0,,,,,,,,,
1247027,2021,2021-06-09,"Sheikh Zayed Stadium, Abu Dhabi",1,17.5,Islamabad United,Lahore Qalandars,Mohammad Wasim,Faheem Ashraf,Shaheen Shah Afridi,0,0,,,,,,,,,
1247027,2021,2021-06-09,"Sheikh Zayed Stadium, Abu Dhabi",1,17.6,Islamabad United,Lahore Qalandars,Mohammad Wasim,Faheem Ashraf,Shaheen Shah Afridi,4,0,,,,,,,,,
1247027,2021,2021-06-09,"Sheikh Zayed Stadium, Abu Dhabi",1,18.1,Islamabad United,Lahore Qalandars,Faheem Ashraf,Mohammad Wasim,Haris Rauf,0,0,,,,,,,,,
1247027,2021,2021-06-09,"Sheikh Zayed Stadium, Abu Dhabi",1,18.2,Islamabad United,Lahore Qalandars,Faheem Ashraf,Mohammad Wasim,Haris Rauf,0,0,,,,,,,,,
1247027,2021,2021-06-09,"Sheikh Zayed Stadium, Abu Dhabi",1,18.3,Islamabad United,Lahore Qalandars,Faheem Ashraf,Mohammad Wasim,Haris Rauf,0,1,,,,1,,,,,
1247027,2021,2021-06-09,"Sheikh Zayed Stadium, Abu Dhabi",1,18.4,Islamabad United,Lahore Qalandars,Mohammad Wasim,Faheem Ashraf,Haris Rauf,6,0,,,,,,,,,
1247027,2021,2021-06-09,"Sheikh Zayed Stadium, Abu Dhabi",1,18.5,Islamabad United,Lahore Qalandars,Mohammad Wasim,Faheem Ashraf,Haris Rauf,0,0,,,,,,,,,
1247027,2021,2021-06-09,"Sheikh Zayed Stadium, Abu Dhabi",1,18.6,Islamabad United,Lahore Qalandars,Mohammad Wasim,Faheem Ashraf,Haris Rauf,0,0,,,,,,,,,
1247027,2021,2021-06-09,"Sheikh Zayed Stadium, Abu Dhabi",1,19.1,Islamabad United,Lahore Qalandars,Faheem Ashraf,Mohammad Wasim,Shaheen Shah Afridi,6,0,,,,,,,,,
1247027,2021,2021-06-09,"Sheikh Zayed Stadium, Abu Dhabi",1,19.2,Islamabad United,Lahore Qalandars,Faheem Ashraf,Mohammad Wasim,Shaheen Shah Afridi,2,0,,,,,,,,,
1247027,2021,2021-06-09,"Sheikh Zayed Stadium, Abu Dhabi",1,19.3,Islamabad United,Lahore Qalandars,Faheem Ashraf,Mohammad Wasim,Shaheen Shah Afridi,0,1,1,,,,,,,,
1247027,2021,2021-06-09,"Sheikh Zayed Stadium, Abu Dhabi",1,19.4,Islamabad United,Lahore Qalandars,Faheem Ashraf,Mohammad Wasim,Shaheen Shah Afridi,0,0,,,,,,caught and bowled,Faheem Ashraf,,
1247027,2021,2021-06-09,"Sheikh Zayed Stadium, Abu Dhabi",1,19.5,Islamabad United,Lahore Qalandars,Fawad Ahmed,Mohammad Wasim,Shaheen Shah Afridi,0,0,,,,,,,,,
1247027,2021,2021-06-09,"Sheikh Zayed Stadium, Abu Dhabi",1,19.6,Islamabad United,Lahore Qalandars,Fawad Ahmed,Mohammad Wasim,Shaheen Shah Afridi,2,0,,,,,,,,,
1247027,2021,2021-06-09,"Sheikh Zayed Stadium, Abu Dhabi",1,19.7,Islamabad United,Lahore Qalandars,Fawad Ahmed,Mohammad Wasim,Shaheen Shah Afridi,2,0,,,,,,,,,
1247027,2021,2021-06-09,"Sheikh Zayed Stadium, Abu Dhabi",2,0.1,Lahore Qalandars,Islamabad United,Fakhar Zaman,Sohail Akhtar,Hasan Ali,4,0,,,,,,,,,
1247027,2021,2021-06-09,"Sheikh Zayed Stadium, Abu Dhabi",2,0.2,Lahore Qalandars,Islamabad United,Fakhar Zaman,Sohail Akhtar,Hasan Ali,4,0,,,,,,,,,
1247027,2021,2021-06-09,"Sheikh Zayed Stadium, Abu Dhabi",2,0.3,Lahore Qalandars,Islamabad United,Fakhar Zaman,Sohail Akhtar,Hasan Ali,0,0,,,,,,,,,
1247027,2021,2021-06-09,"Sheikh Zayed Stadium, Abu Dhabi",2,0.4,Lahore Qalandars,Islamabad United,Fakhar Zaman,Sohail Akhtar,Hasan Ali,0,0,,,,,,,,,
1247027,2021,2021-06-09,"Sheikh Zayed Stadium, Abu Dhabi",2,0.5,Lahore Qalandars,Islamabad United,Fakhar Zaman,Sohail Akhtar,Hasan Ali,0,0,,,,,,,,,
1247027,2021,2021-06-09,"Sheikh Zayed Stadium, Abu Dhabi",2,0.6,Lahore Qalandars,Islamabad United,Fakhar Zaman,Sohail Akhtar,Hasan Ali,0,0,,,,,,,,,
1247027,2021,2021-06-09,"Sheikh Zayed Stadium, Abu Dhabi",2,1.1,Lahore Qalandars,Islamabad United,Sohail Akhtar,Fakhar Zaman,Faheem Ashraf,4,0,,,,,,,,,
1247027,2021,2021-06-09,"Sheikh Zayed Stadium, Abu Dhabi",2,1.2,Lahore Qalandars,Islamabad United,Sohail Akhtar,Fakhar Zaman,Faheem Ashraf,0,0,,,,,,,,,
1247027,2021,2021-06-09,"Sheikh Zayed Stadium, Abu Dhabi",2,1.3,Lahore Qalandars,Islamabad United,Sohail Akhtar,Fakhar Zaman,Faheem Ashraf,1,0,,,,,,,,,
1247027,2021,2021-06-09,"Sheikh Zayed Stadium, Abu Dhabi",2,1.4,Lahore Qalandars,Islamabad United,Fakhar Zaman,Sohail Akhtar,Faheem Ashraf,0,0,,,,,,,,,
1247027,2021,2021-06-09,"Sheikh Zayed Stadium, Abu Dhabi",2,1.5,Lahore Qalandars,Islamabad United,Fakhar Zaman,Sohail Akhtar,Faheem Ashraf,0,0,,,,,,,,,
1247027,2021,2021-06-09,"Sheikh Zayed Stadium, Abu Dhabi",2,1.6,Lahore Qalandars,Islamabad United,Fakhar Zaman,Sohail Akhtar,Faheem Ashraf,0,0,,,,,,,,,
1247027,2021,2021-06-09,"Sheikh Zayed Stadium, Abu Dhabi",2,2.1,Lahore Qalandars,Islamabad United,Sohail Akhtar,Fakhar Zaman,Mohammad Wasim,0,0,,,,,,,,,
1247027,2021,2021-06-09,"Sheikh Zayed Stadium, Abu Dhabi",2,2.2,Lahore Qalandars,Islamabad United,Sohail Akhtar,Fakhar Zaman,Mohammad Wasim,4,0,,,,,,,,,
1247027,2021,2021-06-09,"Sheikh Zayed Stadium, Abu Dhabi",2,2.3,Lahore Qalandars,Islamabad United,Sohail Akhtar,Fakhar Zaman,Mohammad Wasim,0,1,,,,1,,,,,
1247027,2021,2021-06-09,"Sheikh Zayed Stadium, Abu Dhabi",2,2.4,Lahore Qalandars,Islamabad United,Fakhar Zaman,Sohail Akhtar,Mohammad Wasim,0,0,,,,,,,,,
1247027,2021,2021-06-09,"Sheikh Zayed Stadium, Abu Dhabi",2,2.5,Lahore Qalandars,Islamabad United,Fakhar Zaman,Sohail Akhtar,Mohammad Wasim,0,0,,,,,,,,,
1247027,2021,2021-06-09,"Sheikh Zayed Stadium, Abu Dhabi",2,2.6,Lahore Qalandars,Islamabad United,Fakhar Zaman,Sohail Akhtar,Mohammad Wasim,0,0,,,,,,,,,
1247027,2021,2021-06-09,"Sheikh Zayed Stadium, Abu Dhabi",2,3.1,Lahore Qalandars,Islamabad United,Sohail Akhtar,Fakhar Zaman,Faheem Ashraf,1,0,,,,,,,,,
1247027,2021,2021-06-09,"Sheikh Zayed Stadium, Abu Dhabi",2,3.2,Lahore Qalandars,Islamabad United,Fakhar Zaman,Sohail Akhtar,Faheem Ashraf,1,0,,,,,,,,,
1247027,2021,2021-06-09,"Sheikh Zayed Stadium, Abu Dhabi",2,3.3,Lahore Qalandars,Islamabad United,Sohail Akhtar,Fakhar Zaman,Faheem Ashraf,1,0,,,,,,,,,
1247027,2021,2021-06-09,"Sheikh Zayed Stadium, Abu Dhabi",2,3.4,Lahore Qalandars,Islamabad United,Fakhar Zaman,Sohail Akhtar,Faheem Ashraf,0,0,,,,,,,,,
1247027,2021,2021-06-09,"Sheikh Zayed Stadium, Abu Dhabi",2,3.5,Lahore Qalandars,Islamabad United,Fakhar Zaman,Sohail Akhtar,Faheem Ashraf,0,0,,,,,,bowled,Fakhar Zaman,,
1247027,2021,2021-06-09,"Sheikh Zayed Stadium, Abu Dhabi",2,3.6,Lahore Qalandars,Islamabad United,Muhammad Faizan,Sohail Akhtar,Faheem Ashraf,2,0,,,,,,,,,
1247027,2021,2021-06-09,"Sheikh Zayed Stadium, Abu Dhabi",2,4.1,Lahore Qalandars,Islamabad United,Sohail Akhtar,Muhammad Faizan,Hasan Ali,1,0,,,,,,,,,
1247027,2021,2021-06-09,"Sheikh Zayed Stadium, Abu Dhabi",2,4.2,Lahore Qalandars,Islamabad United,Muhammad Faizan,Sohail Akhtar,Hasan Ali,0,1,1,,,,,,,,
1247027,2021,2021-06-09,"Sheikh Zayed Stadium, Abu Dhabi",2,4.3,Lahore Qalandars,Islamabad United,Muhammad Faizan,Sohail Akhtar,Hasan Ali,1,0,,,,,,,,,
1247027,2021,2021-06-09,"Sheikh Zayed Stadium, Abu Dhabi",2,4.4,Lahore Qalandars,Islamabad United,Sohail Akhtar,Muhammad Faizan,Hasan Ali,6,0,,,,,,,,,
1247027,2021,2021-06-09,"Sheikh Zayed Stadium, Abu Dhabi",2,4.5,Lahore Qalandars,Islamabad United,Sohail Akhtar,Muhammad Faizan,Hasan Ali,0,0,,,,,,,,,
1247027,2021,2021-06-09,"Sheikh Zayed Stadium, Abu Dhabi",2,4.6,Lahore Qalandars,Islamabad United,Sohail Akhtar,Muhammad Faizan,Hasan Ali,1,0,,,,,,,,,
1247027,2021,2021-06-09,"Sheikh Zayed Stadium, Abu Dhabi",2,4.7,Lahore Qalandars,Islamabad United,Muhammad Faizan,Sohail Akhtar,Hasan Ali,0,0,,,,,,,,,
1247027,2021,2021-06-09,"Sheikh Zayed Stadium, Abu Dhabi",2,5.1,Lahore Qalandars,Islamabad United,Sohail Akhtar,Muhammad Faizan,Mohammad Wasim,1,0,,,,,,,,,
1247027,2021,2021-06-09,"Sheikh Zayed Stadium, Abu Dhabi",2,5.2,Lahore Qalandars,Islamabad United,Muhammad Faizan,Sohail Akhtar,Mohammad Wasim,1,0,,,,,,,,,
1247027,2021,2021-06-09,"Sheikh Zayed Stadium, Abu Dhabi",2,5.3,Lahore Qalandars,Islamabad United,Sohail Akhtar,Muhammad Faizan,Mohammad Wasim,0,0,,,,,,,,,
1247027,2021,2021-06-09,"Sheikh Zayed Stadium, Abu Dhabi",2,5.4,Lahore Qalandars,Islamabad United,Sohail Akhtar,Muhammad Faizan,Mohammad Wasim,2,0,,,,,,,,,
1247027,2021,2021-06-09,"Sheikh Zayed Stadium, Abu Dhabi",2,5.5,Lahore Qalandars,Islamabad United,Sohail Akhtar,Muhammad Faizan,Mohammad Wasim,1,0,,,,,,,,,
1247027,2021,2021-06-09,"Sheikh Zayed Stadium, Abu Dhabi",2,5.6,Lahore Qalandars,Islamabad United,Muhammad Faizan,Sohail Akhtar,Mohammad Wasim,0,0,,,,,,,,,
1247027,2021,2021-06-09,"Sheikh Zayed Stadium, Abu Dhabi",2,6.1,Lahore Qalandars,Islamabad United,Sohail Akhtar,Muhammad Faizan,Fawad Ahmed,1,0,,,,,,,,,
1247027,2021,2021-06-09,"Sheikh Zayed Stadium, Abu Dhabi",2,6.2,Lahore Qalandars,Islamabad United,Muhammad Faizan,Sohail Akhtar,Fawad Ahmed,4,0,,,,,,,,,
1247027,2021,2021-06-09,"Sheikh Zayed Stadium, Abu Dhabi",2,6.3,Lahore Qalandars,Islamabad United,Muhammad Faizan,Sohail Akhtar,Fawad Ahmed,0,0,,,,,,,,,
1247027,2021,2021-06-09,"Sheikh Zayed Stadium, Abu Dhabi",2,6.4,Lahore Qalandars,Islamabad United,Muhammad Faizan,Sohail Akhtar,Fawad Ahmed,1,0,,,,,,,,,
1247027,2021,2021-06-09,"Sheikh Zayed Stadium, Abu Dhabi",2,6.5,Lahore Qalandars,Islamabad United,Sohail Akhtar,Muhammad Faizan,Fawad Ahmed,0,0,,,,,,,,,
1247027,2021,2021-06-09,"Sheikh Zayed Stadium, Abu Dhabi",2,6.6,Lahore Qalandars,Islamabad United,Sohail Akhtar,Muhammad Faizan,Fawad Ahmed,0,0,,,,,,,,,
1247027,2021,2021-06-09,"Sheikh Zayed Stadium, Abu Dhabi",2,7.1,Lahore Qalandars,Islamabad United,Muhammad Faizan,Sohail Akhtar,Shadab Khan,0,0,,,,,,,,,
1247027,2021,2021-06-09,"Sheikh Zayed Stadium, Abu Dhabi",2,7.2,Lahore Qalandars,Islamabad United,Muhammad Faizan,Sohail Akhtar,Shadab Khan,0,0,,,,,,,,,
1247027,2021,2021-06-09,"Sheikh Zayed Stadium, Abu Dhabi",2,7.3,Lahore Qalandars,Islamabad United,Muhammad Faizan,Sohail Akhtar,Shadab Khan,0,0,,,,,,,,,
1247027,2021,2021-06-09,"Sheikh Zayed Stadium, Abu Dhabi",2,7.4,Lahore Qalandars,Islamabad United,Muhammad Faizan,Sohail Akhtar,Shadab Khan,0,0,,,,,,bowled,Muhammad Faizan,,
1247027,2021,2021-06-09,"Sheikh Zayed Stadium, Abu Dhabi",2,7.5,Lahore Qalandars,Islamabad United,Mohammad Hafeez,Sohail Akhtar,Shadab Khan,1,0,,,,,,,,,
1247027,2021,2021-06-09,"Sheikh Zayed Stadium, Abu Dhabi",2,7.6,Lahore Qalandars,Islamabad United,Sohail Akhtar,Mohammad Hafeez,Shadab Khan,0,0,,,,,,,,,
1247027,2021,2021-06-09,"Sheikh Zayed Stadium, Abu Dhabi",2,8.1,Lahore Qalandars,Islamabad United,Mohammad Hafeez,Sohail Akhtar,Fawad Ahmed,0,0,,,,,,,,,
1247027,2021,2021-06-09,"Sheikh Zayed Stadium, Abu Dhabi",2,8.2,Lahore Qalandars,Islamabad United,Mohammad Hafeez,Sohail Akhtar,Fawad Ahmed,1,0,,,,,,,,,
1247027,2021,2021-06-09,"Sheikh Zayed Stadium, Abu Dhabi",2,8.3,Lahore Qalandars,Islamabad United,Sohail Akhtar,Mohammad Hafeez,Fawad Ahmed,0,0,,,,,,,,,
1247027,2021,2021-06-09,"Sheikh Zayed Stadium, Abu Dhabi",2,8.4,Lahore Qalandars,Islamabad United,Sohail Akhtar,Mohammad Hafeez,Fawad Ahmed,1,0,,,,,,,,,
1247027,2021,2021-06-09,"Sheikh Zayed Stadium, Abu Dhabi",2,8.5,Lahore Qalandars,Islamabad United,Mohammad Hafeez,Sohail Akhtar,Fawad Ahmed,2,0,,,,,,,,,
1247027,2021,2021-06-09,"Sheikh Zayed Stadium, Abu Dhabi",2,8.6,Lahore Qalandars,Islamabad United,Mohammad Hafeez,Sohail Akhtar,Fawad Ahmed,1,0,,,,,,,,,
1247027,2021,2021-06-09,"Sheikh Zayed Stadium, Abu Dhabi",2,9.1,Lahore Qalandars,Islamabad United,Mohammad Hafeez,Sohail Akhtar,Shadab Khan,1,0,,,,,,,,,
1247027,2021,2021-06-09,"Sheikh Zayed Stadium, Abu Dhabi",2,9.2,Lahore Qalandars,Islamabad United,Sohail Akhtar,Mohammad Hafeez,Shadab Khan,0,0,,,,,,,,,
1247027,2021,2021-06-09,"Sheikh Zayed Stadium, Abu Dhabi",2,9.3,Lahore Qalandars,Islamabad United,Sohail Akhtar,Mohammad Hafeez,Shadab Khan,1,0,,,,,,,,,
1247027,2021,2021-06-09,"Sheikh Zayed Stadium, Abu Dhabi",2,9.4,Lahore Qalandars,Islamabad United,Mohammad Hafeez,Sohail Akhtar,Shadab Khan,0,0,,,,,,,,,
1247027,2021,2021-06-09,"Sheikh Zayed Stadium, Abu Dhabi",2,9.5,Lahore Qalandars,Islamabad United,Mohammad Hafeez,Sohail Akhtar,Shadab Khan,1,0,,,,,,,,,
1247027,2021,2021-06-09,"Sheikh Zayed Stadium, Abu Dhabi",2,9.6,Lahore Qalandars,Islamabad United,Sohail Akhtar,Mohammad Hafeez,Shadab Khan,4,0,,,,,,,,,
1247027,2021,2021-06-09,"Sheikh Zayed Stadium, Abu Dhabi",2,10.1,Lahore Qalandars,Islamabad United,Mohammad Hafeez,Sohail Akhtar,Fawad Ahmed,1,0,,,,,,,,,
1247027,2021,2021-06-09,"Sheikh Zayed Stadium, Abu Dhabi",2,10.2,Lahore Qalandars,Islamabad United,Sohail Akhtar,Mohammad Hafeez,Fawad Ahmed,4,0,,,,,,,,,
1247027,2021,2021-06-09,"Sheikh Zayed Stadium, Abu Dhabi",2,10.3,Lahore Qalandars,Islamabad United,Sohail Akhtar,Mohammad Hafeez,Fawad Ahmed,1,0,,,,,,,,,
1247027,2021,2021-06-09,"Sheikh Zayed Stadium, Abu Dhabi",2,10.4,Lahore Qalandars,Islamabad United,Mohammad Hafeez,Sohail Akhtar,Fawad Ahmed,1,0,,,,,,,,,
1247027,2021,2021-06-09,"Sheikh Zayed Stadium, Abu Dhabi",2,10.5,Lahore Qalandars,Islamabad United,Sohail Akhtar,Mohammad Hafeez,Fawad Ahmed,1,0,,,,,,,,,
1247027,2021,2021-06-09,"Sheikh Zayed Stadium, Abu Dhabi",2,10.6,Lahore Qalandars,Islamabad United,Mohammad Hafeez,Sohail Akhtar,Fawad Ahmed,1,0,,,,,,,,,
1247027,2021,2021-06-09,"Sheikh Zayed Stadium, Abu Dhabi",2,11.1,Lahore Qalandars,Islamabad United,Mohammad Hafeez,Sohail Akhtar,Shadab Khan,0,0,,,,,,,,,
1247027,2021,2021-06-09,"Sheikh Zayed Stadium, Abu Dhabi",2,11.2,Lahore Qalandars,Islamabad United,Mohammad Hafeez,Sohail Akhtar,Shadab Khan,2,0,,,,,,,,,
1247027,2021,2021-06-09,"Sheikh Zayed Stadium, Abu Dhabi",2,11.3,Lahore Qalandars,Islamabad United,Mohammad Hafeez,Sohail Akhtar,Shadab Khan,4,0,,,,,,,,,
1247027,2021,2021-06-09,"Sheikh Zayed Stadium, Abu Dhabi",2,11.4,Lahore Qalandars,Islamabad United,Mohammad Hafeez,Sohail Akhtar,Shadab Khan,4,0,,,,,,,,,
1247027,2021,2021-06-09,"Sheikh Zayed Stadium, Abu Dhabi",2,11.5,Lahore Qalandars,Islamabad United,Mohammad Hafeez,Sohail Akhtar,Shadab Khan,1,0,,,,,,,,,
1247027,2021,2021-06-09,"Sheikh Zayed Stadium, Abu Dhabi",2,11.6,Lahore Qalandars,Islamabad United,Sohail Akhtar,Mohammad Hafeez,Shadab Khan,4,0,,,,,,,,,
1247027,2021,2021-06-09,"Sheikh Zayed Stadium, Abu Dhabi",2,12.1,Lahore Qalandars,Islamabad United,Mohammad Hafeez,Sohail Akhtar,Fawad Ahmed,1,0,,,,,,,,,
1247027,2021,2021-06-09,"Sheikh Zayed Stadium, Abu Dhabi",2,12.2,Lahore Qalandars,Islamabad United,Sohail Akhtar,Mohammad Hafeez,Fawad Ahmed,0,0,,,,,,lbw,Sohail Akhtar,,
1247027,2021,2021-06-09,"Sheikh Zayed Stadium, Abu Dhabi",2,12.3,Lahore Qalandars,Islamabad United,BR Dunk,Mohammad Hafeez,Fawad Ahmed,1,0,,,,,,,,,
1247027,2021,2021-06-09,"Sheikh Zayed Stadium, Abu Dhabi",2,12.4,Lahore Qalandars,Islamabad United,Mohammad Hafeez,BR Dunk,Fawad Ahmed,1,0,,,,,,,,,
1247027,2021,2021-06-09,"Sheikh Zayed Stadium, Abu Dhabi",2,12.5,Lahore Qalandars,Islamabad United,BR Dunk,Mohammad Hafeez,Fawad Ahmed,1,0,,,,,,,,,
1247027,2021,2021-06-09,"Sheikh Zayed Stadium, Abu Dhabi",2,12.6,Lahore Qalandars,Islamabad United,Mohammad Hafeez,BR Dunk,Fawad Ahmed,0,0,,,,,,,,,
1247027,2021,2021-06-09,"Sheikh Zayed Stadium, Abu Dhabi",2,13.1,Lahore Qalandars,Islamabad United,BR Dunk,Mohammad Hafeez,Faheem Ashraf,4,0,,,,,,,,,
1247027,2021,2021-06-09,"Sheikh Zayed Stadium, Abu Dhabi",2,13.2,Lahore Qalandars,Islamabad United,BR Dunk,Mohammad Hafeez,Faheem Ashraf,1,0,,,,,,,,,
1247027,2021,2021-06-09,"Sheikh Zayed Stadium, Abu Dhabi",2,13.3,Lahore Qalandars,Islamabad United,Mohammad Hafeez,BR Dunk,Faheem Ashraf,2,0,,,,,,,,,
1247027,2021,2021-06-09,"Sheikh Zayed Stadium, Abu Dhabi",2,13.4,Lahore Qalandars,Islamabad United,Mohammad Hafeez,BR Dunk,Faheem Ashraf,4,0,,,,,,,,,
1247027,2021,2021-06-09,"Sheikh Zayed Stadium, Abu Dhabi",2,13.5,Lahore Qalandars,Islamabad United,Mohammad Hafeez,BR Dunk,Faheem Ashraf,0,0,,,,,,,,,
1247027,2021,2021-06-09,"Sheikh Zayed Stadium, Abu Dhabi",2,13.6,Lahore Qalandars,Islamabad United,Mohammad Hafeez,BR Dunk,Faheem Ashraf,0,0,,,,,,,,,
1247027,2021,2021-06-09,"Sheikh Zayed Stadium, Abu Dhabi",2,14.1,Lahore Qalandars,Islamabad United,BR Dunk,Mohammad Hafeez,Hasan Ali,0,0,,,,,,,,,
1247027,2021,2021-06-09,"Sheikh Zayed Stadium, Abu Dhabi",2,14.2,Lahore Qalandars,Islamabad United,BR Dunk,Mohammad Hafeez,Hasan Ali,0,0,,,,,,,,,
1247027,2021,2021-06-09,"Sheikh Zayed Stadium, Abu Dhabi",2,14.3,Lahore Qalandars,Islamabad United,BR Dunk,Mohammad Hafeez,Hasan Ali,1,0,,,,,,,,,
1247027,2021,2021-06-09,"Sheikh Zayed Stadium, Abu Dhabi",2,14.4,Lahore Qalandars,Islamabad United,Mohammad Hafeez,BR Dunk,Hasan Ali,0,0,,,,,,,,,
1247027,2021,2021-06-09,"Sheikh Zayed Stadium, Abu Dhabi",2,14.5,Lahore Qalandars,Islamabad United,Mohammad Hafeez,BR Dunk,Hasan Ali,0,0,,,,,,caught,Mohammad Hafeez,,
1247027,2021,2021-06-09,"Sheikh Zayed Stadium, Abu Dhabi",2,14.6,Lahore Qalandars,Islamabad United,TH David,BR Dunk,Hasan Ali,1,0,,,,,,,,,
1247027,2021,2021-06-09,"Sheikh Zayed Stadium, Abu Dhabi",2,15.1,Lahore Qalandars,Islamabad United,TH David,BR Dunk,Mohammad Wasim,4,0,,,,,,,,,
1247027,2021,2021-06-09,"Sheikh Zayed Stadium, Abu Dhabi",2,15.2,Lahore Qalandars,Islamabad United,TH David,BR Dunk,Mohammad Wasim,1,0,,,,,,,,,
1247027,2021,2021-06-09,"Sheikh Zayed Stadium, Abu Dhabi",2,15.3,Lahore Qalandars,Islamabad United,BR Dunk,TH David,Mohammad Wasim,0,0,,,,,,,,,
1247027,2021,2021-06-09,"Sheikh Zayed Stadium, Abu Dhabi",2,15.4,Lahore Qalandars,Islamabad United,BR Dunk,TH David,Mohammad Wasim,0,0,,,,,,,,,
1247027,2021,2021-06-09,"Sheikh Zayed Stadium, Abu Dhabi",2,15.5,Lahore Qalandars,Islamabad United,BR Dunk,TH David,Mohammad Wasim,1,0,,,,,,,,,
1247027,2021,2021-06-09,"Sheikh Zayed Stadium, Abu Dhabi",2,15.6,Lahore Qalandars,Islamabad United,TH David,BR Dunk,Mohammad Wasim,0,0,,,,,,,,,
1247027,2021,2021-06-09,"Sheikh Zayed Stadium, Abu Dhabi",2,16.1,Lahore Qalandars,Islamabad United,BR Dunk,TH David,Faheem Ashraf,1,0,,,,,,,,,
1247027,2021,2021-06-09,"Sheikh Zayed Stadium, Abu Dhabi",2,16.2,Lahore Qalandars,Islamabad United,TH David,BR Dunk,Faheem Ashraf,2,0,,,,,,,,,
1247027,2021,2021-06-09,"Sheikh Zayed Stadium, Abu Dhabi",2,16.3,Lahore Qalandars,Islamabad United,TH David,BR Dunk,Faheem Ashraf,1,0,,,,,,,,,
1247027,2021,2021-06-09,"Sheikh Zayed Stadium, Abu Dhabi",2,16.4,Lahore Qalandars,Islamabad United,BR Dunk,TH David,Faheem Ashraf,0,0,,,,,,,,,
1247027,2021,2021-06-09,"Sheikh Zayed Stadium, Abu Dhabi",2,16.5,Lahore Qalandars,Islamabad United,BR Dunk,TH David,Faheem Ashraf,6,0,,,,,,,,,
1247027,2021,2021-06-09,"Sheikh Zayed Stadium, Abu Dhabi",2,16.6,Lahore Qalandars,Islamabad United,BR Dunk,TH David,Faheem Ashraf,0,0,,,,,,,,,
1247027,2021,2021-06-09,"Sheikh Zayed Stadium, Abu Dhabi",2,17.1,Lahore Qalandars,Islamabad United,TH David,BR Dunk,Mohammad Wasim,0,0,,,,,,,,,
1247027,2021,2021-06-09,"Sheikh Zayed Stadium, Abu Dhabi",2,17.2,Lahore Qalandars,Islamabad United,TH David,BR Dunk,Mohammad Wasim,2,0,,,,,,,,,
1247027,2021,2021-06-09,"Sheikh Zayed Stadium, Abu Dhabi",2,17.3,Lahore Qalandars,Islamabad United,TH David,BR Dunk,Mohammad Wasim,1,0,,,,,,,,,
1247027,2021,2021-06-09,"Sheikh Zayed Stadium, Abu Dhabi",2,17.4,Lahore Qalandars,Islamabad United,BR Dunk,TH David,Mohammad Wasim,1,0,,,,,,,,,
1247027,2021,2021-06-09,"Sheikh Zayed Stadium, Abu Dhabi",2,17.5,Lahore Qalandars,Islamabad United,TH David,BR Dunk,Mohammad Wasim,2,0,,,,,,,,,
1247027,2021,2021-06-09,"Sheikh Zayed Stadium, Abu Dhabi",2,17.6,Lahore Qalandars,Islamabad United,TH David,BR Dunk,Mohammad Wasim,1,0,,,,,,,,,
1247027,2021,2021-06-09,"Sheikh Zayed Stadium, Abu Dhabi",2,18.1,Lahore Qalandars,Islamabad United,TH David,BR Dunk,Hasan Ali,1,0,,,,,,,,,
1247027,2021,2021-06-09,"Sheikh Zayed Stadium, Abu Dhabi",2,18.2,Lahore Qalandars,Islamabad United,BR Dunk,TH David,Hasan Ali,0,0,,,,,,,,,
1247027,2021,2021-06-09,"Sheikh Zayed Stadium, Abu Dhabi",2,18.3,Lahore Qalandars,Islamabad United,BR Dunk,TH David,Hasan Ali,0,0,,,,,,,,,
1247027,2021,2021-06-09,"Sheikh Zayed Stadium, Abu Dhabi",2,18.4,Lahore Qalandars,Islamabad United,BR Dunk,TH David,Hasan Ali,0,0,,,,,,caught,BR Dunk,,
1247027,2021,2021-06-09,"Sheikh Zayed Stadium, Abu Dhabi",2,18.5,Lahore Qalandars,Islamabad United,TH David,Rashid Khan,Hasan Ali,0,0,,,,,,,,,
1247027,2021,2021-06-09,"Sheikh Zayed Stadium, Abu Dhabi",2,18.6,Lahore Qalandars,Islamabad United,TH David,Rashid Khan,Hasan Ali,6,0,,,,,,,,,
1247027,2021,2021-06-09,"Sheikh Zayed Stadium, Abu Dhabi",2,19.1,Lahore Qalandars,Islamabad United,Rashid Khan,TH David,Hussain Talat,4,0,,,,,,,,,
1247027,2021,2021-06-09,"Sheikh Zayed Stadium, Abu Dhabi",2,19.2,Lahore Qalandars,Islamabad United,Rashid Khan,TH David,Hussain Talat,4,0,,,,,,,,,
1247027,2021,2021-06-09,"Sheikh Zayed Stadium, Abu Dhabi",2,19.3,Lahore Qalandars,Islamabad United,Rashid Khan,TH David,Hussain Talat,4,0,,,,,,,,,
1247027,2021,2021-06-09,"Sheikh Zayed Stadium, Abu Dhabi",2,19.4,Lahore Qalandars,Islamabad United,Rashid Khan,TH David,Hussain Talat,2,0,,,,,,,,,
1247027,2021,2021-06-09,"Sheikh Zayed Stadium, Abu Dhabi",2,19.5,Lahore Qalandars,Islamabad United,Rashid Khan,TH David,Hussain Talat,1,0,,,,,,,,,
1247027,2021,2021-06-09,"Sheikh Zayed Stadium, Abu Dhabi",2,19.6,Lahore Qalandars,Islamabad United,TH David,Rashid Khan,Hussain Talat,1,0,,,,,,,,,
