match_id,season,start_date,venue,innings,ball,batting_team,bowling_team,striker,non_striker,bowler,runs_off_bat,extras,wides,noballs,byes,legbyes,penalty,wicket_type,player_dismissed,other_wicket_type,other_player_dismissed
1247033,2021,2021-06-15,"Sheikh Zayed Stadium, Abu Dhabi",1,0.1,Quetta Gladiators,Lahore Qalandars,J Weatherald,Usman Khan,Shaheen Shah Afridi,0,0,,,,,,,,,
1247033,2021,2021-06-15,"Sheikh Zayed Stadium, Abu Dhabi",1,0.2,Quetta Gladiators,Lahore Qalandars,J Weatherald,Usman Khan,Shaheen Shah Afridi,0,0,,,,,,,,,
1247033,2021,2021-06-15,"Sheikh Zayed Stadium, Abu Dhabi",1,0.3,Quetta Gladiators,Lahore Qalandars,J Weatherald,Usman Khan,Shaheen Shah Afridi,0,0,,,,,,,,,
1247033,2021,2021-06-15,"Sheikh Zayed Stadium, Abu Dhabi",1,0.4,Quetta Gladiators,Lahore Qalandars,J Weatherald,Usman Khan,Shaheen Shah Afridi,0,0,,,,,,,,,
1247033,2021,2021-06-15,"Sheikh Zayed Stadium, Abu Dhabi",1,0.5,Quetta Gladiators,Lahore Qalandars,J Weatherald,Usman Khan,Shaheen Shah Afridi,4,0,,,,,,,,,
1247033,2021,2021-06-15,"Sheikh Zayed Stadium, Abu Dhabi",1,0.6,Quetta Gladiators,Lahore Qalandars,J Weatherald,Usman Khan,Shaheen Shah Afridi,0,0,,,,,,,,,
1247033,2021,2021-06-15,"Sheikh Zayed Stadium, Abu Dhabi",1,1.1,Quetta Gladiators,Lahore Qalandars,Usman Khan,J Weatherald,JP Faulkner,0,0,,,,,,,,,
1247033,2021,2021-06-15,"Sheikh Zayed Stadium, Abu Dhabi",1,1.2,Quetta Gladiators,Lahore Qalandars,Usman Khan,J Weatherald,JP Faulkner,0,0,,,,,,,,,
1247033,2021,2021-06-15,"Sheikh Zayed Stadium, Abu Dhabi",1,1.3,Quetta Gladiators,Lahore Qalandars,Usman Khan,J Weatherald,JP Faulkner,0,0,,,,,,,,,
1247033,2021,2021-06-15,"Sheikh Zayed Stadium, Abu Dhabi",1,1.4,Quetta Gladiators,Lahore Qalandars,Usman Khan,J Weatherald,JP Faulkner,0,0,,,,,,caught,Usman Khan,,
1247033,2021,2021-06-15,"Sheikh Zayed Stadium, Abu Dhabi",1,1.5,Quetta Gladiators,Lahore Qalandars,J Weatherald,CS Delport,JP Faulkner,0,1,1,,,,,,,,
1247033,2021,2021-06-15,"Sheikh Zayed Stadium, Abu Dhabi",1,1.6,Quetta Gladiators,Lahore Qalandars,J Weatherald,CS Delport,JP Faulkner,0,0,,,,,,,,,
1247033,2021,2021-06-15,"Sheikh Zayed Stadium, Abu Dhabi",1,1.7,Quetta Gladiators,Lahore Qalandars,J Weatherald,CS Delport,JP Faulkner,0,0,,,,,,,,,
1247033,2021,2021-06-15,"Sheikh Zayed Stadium, Abu Dhabi",1,2.1,Quetta Gladiators,Lahore Qalandars,CS Delport,J Weatherald,Shaheen Shah Afridi,0,1,1,,,,,,,,
1247033,2021,2021-06-15,"Sheikh Zayed Stadium, Abu Dhabi",1,2.2,Quetta Gladiators,Lahore Qalandars,CS Delport,J Weatherald,Shaheen Shah Afridi,0,1,1,,,,,,,,
1247033,2021,2021-06-15,"Sheikh Zayed Stadium, Abu Dhabi",1,2.3,Quetta Gladiators,Lahore Qalandars,CS Delport,J Weatherald,Shaheen Shah Afridi,0,0,,,,,,,,,
1247033,2021,2021-06-15,"Sheikh Zayed Stadium, Abu Dhabi",1,2.4,Quetta Gladiators,Lahore Qalandars,CS Delport,J Weatherald,Shaheen Shah Afridi,0,1,,,,1,,,,,
1247033,2021,2021-06-15,"Sheikh Zayed Stadium, Abu Dhabi",1,2.5,Quetta Gladiators,Lahore Qalandars,J Weatherald,CS Delport,Shaheen Shah Afridi,1,0,,,,,,,,,
1247033,2021,2021-06-15,"Sheikh Zayed Stadium, Abu Dhabi",1,2.6,Quetta Gladiators,Lahore Qalandars,CS Delport,J Weatherald,Shaheen Shah Afridi,4,0,,,,,,,,,
1247033,2021,2021-06-15,"Sheikh Zayed Stadium, Abu Dhabi",1,2.7,Quetta Gladiators,Lahore Qalandars,CS Delport,J Weatherald,Shaheen Shah Afridi,1,0,,,,,,,,,
1247033,2021,2021-06-15,"Sheikh Zayed Stadium, Abu Dhabi",1,2.8,Quetta Gladiators,Lahore Qalandars,J Weatherald,CS Delport,Shaheen Shah Afridi,0,0,,,,,,,,,
1247033,2021,2021-06-15,"Sheikh Zayed Stadium, Abu Dhabi",1,3.1,Quetta Gladiators,Lahore Qalandars,CS Delport,J Weatherald,JP Faulkner,0,0,,,,,,,,,
1247033,2021,2021-06-15,"Sheikh Zayed Stadium, Abu Dhabi",1,3.2,Quetta Gladiators,Lahore Qalandars,CS Delport,J Weatherald,JP Faulkner,1,0,,,,,,,,,
1247033,2021,2021-06-15,"Sheikh Zayed Stadium, Abu Dhabi",1,3.3,Quetta Gladiators,Lahore Qalandars,J Weatherald,CS Delport,JP Faulkner,0,0,,,,,,,,,
1247033,2021,2021-06-15,"Sheikh Zayed Stadium, Abu Dhabi",1,3.4,Quetta Gladiators,Lahore Qalandars,J Weatherald,CS Delport,JP Faulkner,0,0,,,,,,,,,
1247033,2021,2021-06-15,"Sheikh Zayed Stadium, Abu Dhabi",1,3.5,Quetta Gladiators,Lahore Qalandars,J Weatherald,CS Delport,JP Faulkner,0,0,,,,,,,,,
1247033,2021,2021-06-15,"Sheikh Zayed Stadium, Abu Dhabi",1,3.6,Quetta Gladiators,Lahore Qalandars,J Weatherald,CS Delport,JP Faulkner,1,0,,,,,,,,,
1247033,2021,2021-06-15,"Sheikh Zayed Stadium, Abu Dhabi",1,4.1,Quetta Gladiators,Lahore Qalandars,J Weatherald,CS Delport,Ahmed Daniyal,0,0,,,,,,,,,
1247033,2021,2021-06-15,"Sheikh Zayed Stadium, Abu Dhabi",1,4.2,Quetta Gladiators,Lahore Qalandars,J Weatherald,CS Delport,Ahmed Daniyal,1,0,,,,,,,,,
1247033,2021,2021-06-15,"Sheikh Zayed Stadium, Abu Dhabi",1,4.3,Quetta Gladiators,Lahore Qalandars,CS Delport,J Weatherald,Ahmed Daniyal,1,0,,,,,,,,,
1247033,2021,2021-06-15,"Sheikh Zayed Stadium, Abu Dhabi",1,4.4,Quetta Gladiators,Lahore Qalandars,J Weatherald,CS Delport,Ahmed Daniyal,4,0,,,,,,,,,
1247033,2021,2021-06-15,"Sheikh Zayed Stadium, Abu Dhabi",1,4.5,Quetta Gladiators,Lahore Qalandars,J Weatherald,CS Delport,Ahmed Daniyal,0,1,1,,,,,,,,
1247033,2021,2021-06-15,"Sheikh Zayed Stadium, Abu Dhabi",1,4.6,Quetta Gladiators,Lahore Qalandars,J Weatherald,CS Delport,Ahmed Daniyal,4,0,,,,,,,,,
1247033,2021,2021-06-15,"Sheikh Zayed Stadium, Abu Dhabi",1,4.7,Quetta Gladiators,Lahore Qalandars,J Weatherald,CS Delport,Ahmed Daniyal,1,0,,,,,,,,,
1247033,2021,2021-06-15,"Sheikh Zayed Stadium, Abu Dhabi",1,5.1,Quetta Gladiators,Lahore Qalandars,J Weatherald,CS Delport,JP Faulkner,0,0,,,,,,,,,
1247033,2021,2021-06-15,"Sheikh Zayed Stadium, Abu Dhabi",1,5.2,Quetta Gladiators,Lahore Qalandars,J Weatherald,CS Delport,JP Faulkner,4,0,,,,,,,,,
1247033,2021,2021-06-15,"Sheikh Zayed Stadium, Abu Dhabi",1,5.3,Quetta Gladiators,Lahore Qalandars,J Weatherald,CS Delport,JP Faulkner,0,0,,,,,,,,,
1247033,2021,2021-06-15,"Sheikh Zayed Stadium, Abu Dhabi",1,5.4,Quetta Gladiators,Lahore Qalandars,J Weatherald,CS Delport,JP Faulkner,6,0,,,,,,,,,
1247033,2021,2021-06-15,"Sheikh Zayed Stadium, Abu Dhabi",1,5.5,Quetta Gladiators,Lahore Qalandars,J Weatherald,CS Delport,JP Faulkner,4,0,,,,,,,,,
1247033,2021,2021-06-15,"Sheikh Zayed Stadium, Abu Dhabi",1,5.6,Quetta Gladiators,Lahore Qalandars,J Weatherald,CS Delport,JP Faulkner,2,0,,,,,,,,,
1247033,2021,2021-06-15,"Sheikh Zayed Stadium, Abu Dhabi",1,6.1,Quetta Gladiators,Lahore Qalandars,CS Delport,J Weatherald,Haris Rauf,1,0,,,,,,,,,
1247033,2021,2021-06-15,"Sheikh Zayed Stadium, Abu Dhabi",1,6.2,Quetta Gladiators,Lahore Qalandars,J Weatherald,CS Delport,Haris Rauf,4,0,,,,,,,,,
1247033,2021,2021-06-15,"Sheikh Zayed Stadium, Abu Dhabi",1,6.3,Quetta Gladiators,Lahore Qalandars,J Weatherald,CS Delport,Haris Rauf,0,0,,,,,,,,,
1247033,2021,2021-06-15,"Sheikh Zayed Stadium, Abu Dhabi",1,6.4,Quetta Gladiators,Lahore Qalandars,J Weatherald,CS Delport,Haris Rauf,4,0,,,,,,,,,
1247033,2021,2021-06-15,"Sheikh Zayed Stadium, Abu Dhabi",1,6.5,Quetta Gladiators,Lahore Qalandars,J Weatherald,CS Delport,Haris Rauf,0,0,,,,,,,,,
1247033,2021,2021-06-15,"Sheikh Zayed Stadium, Abu Dhabi",1,6.6,Quetta Gladiators,Lahore Qalandars,J Weatherald,CS Delport,Haris Rauf,0,0,,,,,,,,,
1247033,2021,2021-06-15,"Sheikh Zayed Stadium, Abu Dhabi",1,7.1,Quetta Gladiators,Lahore Qalandars,CS Delport,J Weatherald,Mohammad Hafeez,1,0,,,,,,,,,
1247033,2021,2021-06-15,"Sheikh Zayed Stadium, Abu Dhabi",1,7.2,Quetta Gladiators,Lahore Qalandars,J Weatherald,CS Delport,Mohammad Hafeez,4,0,,,,,,,,,
1247033,2021,2021-06-15,"Sheikh Zayed Stadium, Abu Dhabi",1,7.3,Quetta Gladiators,Lahore Qalandars,J Weatherald,CS Delport,Mohammad Hafeez,0,0,,,,,,,,,
1247033,2021,2021-06-15,"Sheikh Zayed Stadium, Abu Dhabi",1,7.4,Quetta Gladiators,Lahore Qalandars,J Weatherald,CS Delport,Mohammad Hafeez,1,0,,,,,,,,,
1247033,2021,2021-06-15,"Sheikh Zayed Stadium, Abu Dhabi",1,7.5,Quetta Gladiators,Lahore Qalandars,CS Delport,J Weatherald,Mohammad Hafeez,1,0,,,,,,,,,
1247033,2021,2021-06-15,"Sheikh Zayed Stadium, Abu Dhabi",1,7.6,Quetta Gladiators,Lahore Qalandars,J Weatherald,CS Delport,Mohammad Hafeez,1,0,,,,,,,,,
1247033,2021,2021-06-15,"Sheikh Zayed Stadium, Abu Dhabi",1,8.1,Quetta Gladiators,Lahore Qalandars,J Weatherald,CS Delport,Rashid Khan,1,0,,,,,,,,,
1247033,2021,2021-06-15,"Sheikh Zayed Stadium, Abu Dhabi",1,8.2,Quetta Gladiators,Lahore Qalandars,CS Delport,J Weatherald,Rashid Khan,0,0,,,,,,bowled,CS Delport,,
1247033,2021,2021-06-15,"Sheikh Zayed Stadium, Abu Dhabi",1,8.3,Quetta Gladiators,Lahore Qalandars,Sarfraz Ahmed,J Weatherald,Rashid Khan,1,0,,,,,,,,,
1247033,2021,2021-06-15,"Sheikh Zayed Stadium, Abu Dhabi",1,8.4,Quetta Gladiators,Lahore Qalandars,J Weatherald,Sarfraz Ahmed,Rashid Khan,0,0,,,,,,,,,
1247033,2021,2021-06-15,"Sheikh Zayed Stadium, Abu Dhabi",1,8.5,Quetta Gladiators,Lahore Qalandars,J Weatherald,Sarfraz Ahmed,Rashid Khan,0,0,,,,,,,,,
1247033,2021,2021-06-15,"Sheikh Zayed Stadium, Abu Dhabi",1,8.6,Quetta Gladiators,Lahore Qalandars,J Weatherald,Sarfraz Ahmed,Rashid Khan,0,0,,,,,,,,,
1247033,2021,2021-06-15,"Sheikh Zayed Stadium, Abu Dhabi",1,9.1,Quetta Gladiators,Lahore Qalandars,Sarfraz Ahmed,J Weatherald,Mohammad Hafeez,1,0,,,,,,,,,
1247033,2021,2021-06-15,"Sheikh Zayed Stadium, Abu Dhabi",1,9.2,Quetta Gladiators,Lahore Qalandars,J Weatherald,Sarfraz Ahmed,Mohammad Hafeez,1,0,,,,,,,,,
1247033,2021,2021-06-15,"Sheikh Zayed Stadium, Abu Dhabi",1,9.3,Quetta Gladiators,Lahore Qalandars,Sarfraz Ahmed,J Weatherald,Mohammad Hafeez,1,0,,,,,,,,,
1247033,2021,2021-06-15,"Sheikh Zayed Stadium, Abu Dhabi",1,9.4,Quetta Gladiators,Lahore Qalandars,J Weatherald,Sarfraz Ahmed,Mohammad Hafeez,0,0,,,,,,,,,
1247033,2021,2021-06-15,"Sheikh Zayed Stadium, Abu Dhabi",1,9.5,Quetta Gladiators,Lahore Qalandars,J Weatherald,Sarfraz Ahmed,Mohammad Hafeez,0,0,,,,,,bowled,J Weatherald,,
1247033,2021,2021-06-15,"Sheikh Zayed Stadium, Abu Dhabi",1,9.6,Quetta Gladiators,Lahore Qalandars,Azam Khan,Sarfraz Ahmed,Mohammad Hafeez,1,0,,,,,,,,,
1247033,2021,2021-06-15,"Sheikh Zayed Stadium, Abu Dhabi",1,10.1,Quetta Gladiators,Lahore Qalandars,Azam Khan,Sarfraz Ahmed,Rashid Khan,2,0,,,,,,,,,
1247033,2021,2021-06-15,"Sheikh Zayed Stadium, Abu Dhabi",1,10.2,Quetta Gladiators,Lahore Qalandars,Azam Khan,Sarfraz Ahmed,Rashid Khan,0,0,,,,,,,,,
1247033,2021,2021-06-15,"Sheikh Zayed Stadium, Abu Dhabi",1,10.3,Quetta Gladiators,Lahore Qalandars,Azam Khan,Sarfraz Ahmed,Rashid Khan,0,0,,,,,,,,,
1247033,2021,2021-06-15,"Sheikh Zayed Stadium, Abu Dhabi",1,10.4,Quetta Gladiators,Lahore Qalandars,Azam Khan,Sarfraz Ahmed,Rashid Khan,0,0,,,,,,,,,
1247033,2021,2021-06-15,"Sheikh Zayed Stadium, Abu Dhabi",1,10.5,Quetta Gladiators,Lahore Qalandars,Azam Khan,Sarfraz Ahmed,Rashid Khan,4,0,,,,,,,,,
1247033,2021,2021-06-15,"Sheikh Zayed Stadium, Abu Dhabi",1,10.6,Quetta Gladiators,Lahore Qalandars,Azam Khan,Sarfraz Ahmed,Rashid Khan,1,0,,,,,,,,,
1247033,2021,2021-06-15,"Sheikh Zayed Stadium, Abu Dhabi",1,11.1,Quetta Gladiators,Lahore Qalandars,Azam Khan,Sarfraz Ahmed,Haris Rauf,4,0,,,,,,,,,
1247033,2021,2021-06-15,"Sheikh Zayed Stadium, Abu Dhabi",1,11.2,Quetta Gladiators,Lahore Qalandars,Azam Khan,Sarfraz Ahmed,Haris Rauf,2,0,,,,,,,,,
1247033,2021,2021-06-15,"Sheikh Zayed Stadium, Abu Dhabi",1,11.3,Quetta Gladiators,Lahore Qalandars,Azam Khan,Sarfraz Ahmed,Haris Rauf,4,0,,,,,,,,,
1247033,2021,2021-06-15,"Sheikh Zayed Stadium, Abu Dhabi",1,11.4,Quetta Gladiators,Lahore Qalandars,Azam Khan,Sarfraz Ahmed,Haris Rauf,0,0,,,,,,,,,
1247033,2021,2021-06-15,"Sheikh Zayed Stadium, Abu Dhabi",1,11.5,Quetta Gladiators,Lahore Qalandars,Azam Khan,Sarfraz Ahmed,Haris Rauf,4,0,,,,,,,,,
1247033,2021,2021-06-15,"Sheikh Zayed Stadium, Abu Dhabi",1,11.6,Quetta Gladiators,Lahore Qalandars,Azam Khan,Sarfraz Ahmed,Haris Rauf,4,0,,,,,,,,,
1247033,2021,2021-06-15,"Sheikh Zayed Stadium, Abu Dhabi",1,12.1,Quetta Gladiators,Lahore Qalandars,Sarfraz Ahmed,Azam Khan,Rashid Khan,1,0,,,,,,,,,
1247033,2021,2021-06-15,"Sheikh Zayed Stadium, Abu Dhabi",1,12.2,Quetta Gladiators,Lahore Qalandars,Azam Khan,Sarfraz Ahmed,Rashid Khan,6,0,,,,,,,,,
1247033,2021,2021-06-15,"Sheikh Zayed Stadium, Abu Dhabi",1,12.3,Quetta Gladiators,Lahore Qalandars,Azam Khan,Sarfraz Ahmed,Rashid Khan,1,0,,,,,,,,,
1247033,2021,2021-06-15,"Sheikh Zayed Stadium, Abu Dhabi",1,12.4,Quetta Gladiators,Lahore Qalandars,Sarfraz Ahmed,Azam Khan,Rashid Khan,0,0,,,,,,,,,
1247033,2021,2021-06-15,"Sheikh Zayed Stadium, Abu Dhabi",1,12.5,Quetta Gladiators,Lahore Qalandars,Sarfraz Ahmed,Azam Khan,Rashid Khan,0,0,,,,,,,,,
1247033,2021,2021-06-15,"Sheikh Zayed Stadium, Abu Dhabi",1,12.6,Quetta Gladiators,Lahore Qalandars,Sarfraz Ahmed,Azam Khan,Rashid Khan,1,0,,,,,,,,,
1247033,2021,2021-06-15,"Sheikh Zayed Stadium, Abu Dhabi",1,13.1,Quetta Gladiators,Lahore Qalandars,Sarfraz Ahmed,Azam Khan,Ahmed Daniyal,1,0,,,,,,,,,
1247033,2021,2021-06-15,"Sheikh Zayed Stadium, Abu Dhabi",1,13.2,Quetta Gladiators,Lahore Qalandars,Azam Khan,Sarfraz Ahmed,Ahmed Daniyal,0,0,,,,,,,,,
1247033,2021,2021-06-15,"Sheikh Zayed Stadium, Abu Dhabi",1,13.3,Quetta Gladiators,Lahore Qalandars,Azam Khan,Sarfraz Ahmed,Ahmed Daniyal,0,1,,,,1,,,,,
1247033,2021,2021-06-15,"Sheikh Zayed Stadium, Abu Dhabi",1,13.4,Quetta Gladiators,Lahore Qalandars,Sarfraz Ahmed,Azam Khan,Ahmed Daniyal,0,0,,,,,,,,,
1247033,2021,2021-06-15,"Sheikh Zayed Stadium, Abu Dhabi",1,13.5,Quetta Gladiators,Lahore Qalandars,Sarfraz Ahmed,Azam Khan,Ahmed Daniyal,4,0,,,,,,,,,
1247033,2021,2021-06-15,"Sheikh Zayed Stadium, Abu Dhabi",1,13.6,Quetta Gladiators,Lahore Qalandars,Sarfraz Ahmed,Azam Khan,Ahmed Daniyal,2,0,,,,,,,,,
1247033,2021,2021-06-15,"Sheikh Zayed Stadium, Abu Dhabi",1,14.1,Quetta Gladiators,Lahore Qalandars,Azam Khan,Sarfraz Ahmed,JP Faulkner,0,0,,,,,,caught,Azam Khan,,
1247033,2021,2021-06-15,"Sheikh Zayed Stadium, Abu Dhabi",1,14.2,Quetta Gladiators,Lahore Qalandars,Mohammad Nawaz,Sarfraz Ahmed,JP Faulkner,0,0,,,,,,,,,
1247033,2021,2021-06-15,"Sheikh Zayed Stadium, Abu Dhabi",1,14.3,Quetta Gladiators,Lahore Qalandars,Mohammad Nawaz,Sarfraz Ahmed,JP Faulkner,0,0,,,,,,,,,
1247033,2021,2021-06-15,"Sheikh Zayed Stadium, Abu Dhabi",1,14.4,Quetta Gladiators,Lahore Qalandars,Mohammad Nawaz,Sarfraz Ahmed,JP Faulkner,4,0,,,,,,,,,
1247033,2021,2021-06-15,"Sheikh Zayed Stadium, Abu Dhabi",1,14.5,Quetta Gladiators,Lahore Qalandars,Mohammad Nawaz,Sarfraz Ahmed,JP Faulkner,2,0,,,,,,,,,
1247033,2021,2021-06-15,"Sheikh Zayed Stadium, Abu Dhabi",1,14.6,Quetta Gladiators,Lahore Qalandars,Mohammad Nawaz,Sarfraz Ahmed,JP Faulkner,0,0,,,,,,caught and bowled,Mohammad Nawaz,,
1247033,2021,2021-06-15,"Sheikh Zayed Stadium, Abu Dhabi",1,15.1,Quetta Gladiators,Lahore Qalandars,Sarfraz Ahmed,Hassan Khan,Rashid Khan,0,2,2,,,,,,,,
1247033,2021,2021-06-15,"Sheikh Zayed Stadium, Abu Dhabi",1,15.2,Quetta Gladiators,Lahore Qalandars,Hassan Khan,Sarfraz Ahmed,Rashid Khan,0,0,,,,,,,,,
1247033,2021,2021-06-15,"Sheikh Zayed Stadium, Abu Dhabi",1,15.3,Quetta Gladiators,Lahore Qalandars,Hassan Khan,Sarfraz Ahmed,Rashid Khan,1,0,,,,,,,,,
1247033,2021,2021-06-15,"Sheikh Zayed Stadium, Abu Dhabi",1,15.4,Quetta Gladiators,Lahore Qalandars,Sarfraz Ahmed,Hassan Khan,Rashid Khan,0,0,,,,,,,,,
1247033,2021,2021-06-15,"Sheikh Zayed Stadium, Abu Dhabi",1,15.5,Quetta Gladiators,Lahore Qalandars,Sarfraz Ahmed,Hassan Khan,Rashid Khan,0,0,,,,,,,,,
1247033,2021,2021-06-15,"Sheikh Zayed Stadium, Abu Dhabi",1,15.6,Quetta Gladiators,Lahore Qalandars,Sarfraz Ahmed,Hassan Khan,Rashid Khan,1,0,,,,,,,,,
1247033,2021,2021-06-15,"Sheikh Zayed Stadium, Abu Dhabi",1,15.7,Quetta Gladiators,Lahore Qalandars,Hassan Khan,Sarfraz Ahmed,Rashid Khan,1,0,,,,,,,,,
1247033,2021,2021-06-15,"Sheikh Zayed Stadium, Abu Dhabi",1,16.1,Quetta Gladiators,Lahore Qalandars,Hassan Khan,Sarfraz Ahmed,Shaheen Shah Afridi,1,0,,,,,,,,,
1247033,2021,2021-06-15,"Sheikh Zayed Stadium, Abu Dhabi",1,16.2,Quetta Gladiators,Lahore Qalandars,Sarfraz Ahmed,Hassan Khan,Shaheen Shah Afridi,1,0,,,,,,,,,
1247033,2021,2021-06-15,"Sheikh Zayed Stadium, Abu Dhabi",1,16.3,Quetta Gladiators,Lahore Qalandars,Hassan Khan,Sarfraz Ahmed,Shaheen Shah Afridi,0,1,1,,,,,,,,
1247033,2021,2021-06-15,"Sheikh Zayed Stadium, Abu Dhabi",1,16.4,Quetta Gladiators,Lahore Qalandars,Hassan Khan,Sarfraz Ahmed,Shaheen Shah Afridi,1,0,,,,,,,,,
1247033,2021,2021-06-15,"Sheikh Zayed Stadium, Abu Dhabi",1,16.5,Quetta Gladiators,Lahore Qalandars,Sarfraz Ahmed,Hassan Khan,Shaheen Shah Afridi,1,0,,,,,,,,,
1247033,2021,2021-06-15,"Sheikh Zayed Stadium, Abu Dhabi",1,16.6,Quetta Gladiators,Lahore Qalandars,Hassan Khan,Sarfraz Ahmed,Shaheen Shah Afridi,0,1,,,,1,,,,,
1247033,2021,2021-06-15,"Sheikh Zayed Stadium, Abu Dhabi",1,16.7,Quetta Gladiators,Lahore Qalandars,Sarfraz Ahmed,Hassan Khan,Shaheen Shah Afridi,0,0,,,,,,,,,
1247033,2021,2021-06-15,"Sheikh Zayed Stadium, Abu Dhabi",1,17.1,Quetta Gladiators,Lahore Qalandars,Hassan Khan,Sarfraz Ahmed,Haris Rauf,2,0,,,,,,,,,
1247033,2021,2021-06-15,"Sheikh Zayed Stadium, Abu Dhabi",1,17.2,Quetta Gladiators,Lahore Qalandars,Hassan Khan,Sarfraz Ahmed,Haris Rauf,0,1,,,,1,,,,,
1247033,2021,2021-06-15,"Sheikh Zayed Stadium, Abu Dhabi",1,17.3,Quetta Gladiators,Lahore Qalandars,Sarfraz Ahmed,Hassan Khan,Haris Rauf,1,0,,,,,,,,,
1247033,2021,2021-06-15,"Sheikh Zayed Stadium, Abu Dhabi",1,17.4,Quetta Gladiators,Lahore Qalandars,Hassan Khan,Sarfraz Ahmed,Haris Rauf,1,0,,,,,,,,,
1247033,2021,2021-06-15,"Sheikh Zayed Stadium, Abu Dhabi",1,17.5,Quetta Gladiators,Lahore Qalandars,Sarfraz Ahmed,Hassan Khan,Haris Rauf,2,0,,,,,,,,,
1247033,2021,2021-06-15,"Sheikh Zayed Stadium, Abu Dhabi",1,17.6,Quetta Gladiators,Lahore Qalandars,Sarfraz Ahmed,Hassan Khan,Haris Rauf,4,0,,,,,,,,,
1247033,2021,2021-06-15,"Sheikh Zayed Stadium, Abu Dhabi",1,18.1,Quetta Gladiators,Lahore Qalandars,Hassan Khan,Sarfraz Ahmed,Shaheen Shah Afridi,2,0,,,,,,,,,
1247033,2021,2021-06-15,"Sheikh Zayed Stadium, Abu Dhabi",1,18.2,Quetta Gladiators,Lahore Qalandars,Hassan Khan,Sarfraz Ahmed,Shaheen Shah Afridi,1,0,,,,,,,,,
1247033,2021,2021-06-15,"Sheikh Zayed Stadium, Abu Dhabi",1,18.3,Quetta Gladiators,Lahore Qalandars,Sarfraz Ahmed,Hassan Khan,Shaheen Shah Afridi,4,0,,,,,,,,,
1247033,2021,2021-06-15,"Sheikh Zayed Stadium, Abu Dhabi",1,18.4,Quetta Gladiators,Lahore Qalandars,Sarfraz Ahmed,Hassan Khan,Shaheen Shah Afridi,1,0,,,,,,,,,
1247033,2021,2021-06-15,"Sheikh Zayed Stadium, Abu Dhabi",1,18.5,Quetta Gladiators,Lahore Qalandars,Hassan Khan,Sarfraz Ahmed,Shaheen Shah Afridi,1,0,,,,,,,,,
1247033,2021,2021-06-15,"Sheikh Zayed Stadium, Abu Dhabi",1,18.6,Quetta Gladiators,Lahore Qalandars,Sarfraz Ahmed,Hassan Khan,Shaheen Shah Afridi,0,2,,1,,1,,,,,
1247033,2021,2021-06-15,"Sheikh Zayed Stadium, Abu Dhabi",1,18.7,Quetta Gladiators,Lahore Qalandars,Hassan Khan,Sarfraz Ahmed,Shaheen Shah Afridi,1,0,,,,,,,,,
1247033,2021,2021-06-15,"Sheikh Zayed Stadium, Abu Dhabi",1,19.1,Quetta Gladiators,Lahore Qalandars,Hassan Khan,Sarfraz Ahmed,Haris Rauf,0,1,,,,1,,,,,
1247033,2021,2021-06-15,"Sheikh Zayed Stadium, Abu Dhabi",1,19.2,Quetta Gladiators,Lahore Qalandars,Sarfraz Ahmed,Hassan Khan,Haris Rauf,0,0,,,,,,,,,
1247033,2021,2021-06-15,"Sheikh Zayed Stadium, Abu Dhabi",1,19.3,Quetta Gladiators,Lahore Qalandars,Sarfraz Ahmed,Hassan Khan,Haris Rauf,1,0,,,,,,,,,
1247033,2021,2021-06-15,"Sheikh Zayed Stadium, Abu Dhabi",1,19.4,Quetta Gladiators,Lahore Qalandars,Hassan Khan,Sarfraz Ahmed,Haris Rauf,0,1,,,1,,,,,,
1247033,2021,2021-06-15,"Sheikh Zayed Stadium, Abu Dhabi",1,19.5,Quetta Gladiators,Lahore Qalandars,Sarfraz Ahmed,Hassan Khan,Haris Rauf,6,0,,,,,,,,,
1247033,2021,2021-06-15,"Sheikh Zayed Stadium, Abu Dhabi",1,19.6,Quetta Gladiators,Lahore Qalandars,Sarfraz Ahmed,Hassan Khan,Haris Rauf,0,0,,,,,,,,,
1247033,2021,2021-06-15,"Sheikh Zayed Stadium, Abu Dhabi",2,0.1,Lahore Qalandars,Quetta Gladiators,Fakhar Zaman,Sohail Akhtar,Usman Shinwari,0,1,,1,,,,,,,
1247033,2021,2021-06-15,"Sheikh Zayed Stadium, Abu Dhabi",2,0.2,Lahore Qalandars,Quetta Gladiators,Fakhar Zaman,Sohail Akhtar,Usman Shinwari,3,0,,,,,,,,,
1247033,2021,2021-06-15,"Sheikh Zayed Stadium, Abu Dhabi",2,0.3,Lahore Qalandars,Quetta Gladiators,Sohail Akhtar,Fakhar Zaman,Usman Shinwari,0,0,,,,,,caught,Sohail Akhtar,,
1247033,2021,2021-06-15,"Sheikh Zayed Stadium, Abu Dhabi",2,0.4,Lahore Qalandars,Quetta Gladiators,Zeeshan Ashraf,Fakhar Zaman,Usman Shinwari,0,0,,,,,,,,,
1247033,2021,2021-06-15,"Sheikh Zayed Stadium, Abu Dhabi",2,0.5,Lahore Qalandars,Quetta Gladiators,Zeeshan Ashraf,Fakhar Zaman,Usman Shinwari,0,0,,,,,,,,,
1247033,2021,2021-06-15,"Sheikh Zayed Stadium, Abu Dhabi",2,0.6,Lahore Qalandars,Quetta Gladiators,Zeeshan Ashraf,Fakhar Zaman,Usman Shinwari,0,0,,,,,,,,,
1247033,2021,2021-06-15,"Sheikh Zayed Stadium, Abu Dhabi",2,0.7,Lahore Qalandars,Quetta Gladiators,Zeeshan Ashraf,Fakhar Zaman,Usman Shinwari,0,0,,,,,,,,,
1247033,2021,2021-06-15,"Sheikh Zayed Stadium, Abu Dhabi",2,1.1,Lahore Qalandars,Quetta Gladiators,Fakhar Zaman,Zeeshan Ashraf,Mohammad Hasnain,0,1,1,,,,,,,,
1247033,2021,2021-06-15,"Sheikh Zayed Stadium, Abu Dhabi",2,1.2,Lahore Qalandars,Quetta Gladiators,Fakhar Zaman,Zeeshan Ashraf,Mohammad Hasnain,1,0,,,,,,,,,
1247033,2021,2021-06-15,"Sheikh Zayed Stadium, Abu Dhabi",2,1.3,Lahore Qalandars,Quetta Gladiators,Zeeshan Ashraf,Fakhar Zaman,Mohammad Hasnain,0,0,,,,,,,,,
1247033,2021,2021-06-15,"Sheikh Zayed Stadium, Abu Dhabi",2,1.4,Lahore Qalandars,Quetta Gladiators,Zeeshan Ashraf,Fakhar Zaman,Mohammad Hasnain,0,0,,,,,,,,,
1247033,2021,2021-06-15,"Sheikh Zayed Stadium, Abu Dhabi",2,1.5,Lahore Qalandars,Quetta Gladiators,Zeeshan Ashraf,Fakhar Zaman,Mohammad Hasnain,1,0,,,,,,,,,
1247033,2021,2021-06-15,"Sheikh Zayed Stadium, Abu Dhabi",2,1.6,Lahore Qalandars,Quetta Gladiators,Fakhar Zaman,Zeeshan Ashraf,Mohammad Hasnain,4,0,,,,,,,,,
1247033,2021,2021-06-15,"Sheikh Zayed Stadium, Abu Dhabi",2,1.7,Lahore Qalandars,Quetta Gladiators,Fakhar Zaman,Zeeshan Ashraf,Mohammad Hasnain,0,0,,,,,,,,,
1247033,2021,2021-06-15,"Sheikh Zayed Stadium, Abu Dhabi",2,2.1,Lahore Qalandars,Quetta Gladiators,Zeeshan Ashraf,Fakhar Zaman,Usman Shinwari,6,0,,,,,,,,,
1247033,2021,2021-06-15,"Sheikh Zayed Stadium, Abu Dhabi",2,2.2,Lahore Qalandars,Quetta Gladiators,Zeeshan Ashraf,Fakhar Zaman,Usman Shinwari,1,0,,,,,,,,,
1247033,2021,2021-06-15,"Sheikh Zayed Stadium, Abu Dhabi",2,2.3,Lahore Qalandars,Quetta Gladiators,Fakhar Zaman,Zeeshan Ashraf,Usman Shinwari,1,0,,,,,,,,,
1247033,2021,2021-06-15,"Sheikh Zayed Stadium, Abu Dhabi",2,2.4,Lahore Qalandars,Quetta Gladiators,Zeeshan Ashraf,Fakhar Zaman,Usman Shinwari,1,0,,,,,,,,,
1247033,2021,2021-06-15,"Sheikh Zayed Stadium, Abu Dhabi",2,2.5,Lahore Qalandars,Quetta Gladiators,Fakhar Zaman,Zeeshan Ashraf,Usman Shinwari,2,0,,,,,,,,,
1247033,2021,2021-06-15,"Sheikh Zayed Stadium, Abu Dhabi",2,2.6,Lahore Qalandars,Quetta Gladiators,Fakhar Zaman,Zeeshan Ashraf,Usman Shinwari,1,0,,,,,,,,,
1247033,2021,2021-06-15,"Sheikh Zayed Stadium, Abu Dhabi",2,3.1,Lahore Qalandars,Quetta Gladiators,Fakhar Zaman,Zeeshan Ashraf,Mohammad Hasnain,0,0,,,,,,bowled,Fakhar Zaman,,
1247033,2021,2021-06-15,"Sheikh Zayed Stadium, Abu Dhabi",2,3.2,Lahore Qalandars,Quetta Gladiators,Mohammad Hafeez,Zeeshan Ashraf,Mohammad Hasnain,0,1,,,,1,,,,,
1247033,2021,2021-06-15,"Sheikh Zayed Stadium, Abu Dhabi",2,3.3,Lahore Qalandars,Quetta Gladiators,Zeeshan Ashraf,Mohammad Hafeez,Mohammad Hasnain,0,0,,,,,,,,,
1247033,2021,2021-06-15,"Sheikh Zayed Stadium, Abu Dhabi",2,3.4,Lahore Qalandars,Quetta Gladiators,Zeeshan Ashraf,Mohammad Hafeez,Mohammad Hasnain,0,1,1,,,,,,,,
1247033,2021,2021-06-15,"Sheikh Zayed Stadium, Abu Dhabi",2,3.5,Lahore Qalandars,Quetta Gladiators,Zeeshan Ashraf,Mohammad Hafeez,Mohammad Hasnain,1,0,,,,,,,,,
1247033,2021,2021-06-15,"Sheikh Zayed Stadium, Abu Dhabi",2,3.6,Lahore Qalandars,Quetta Gladiators,Mohammad Hafeez,Zeeshan Ashraf,Mohammad Hasnain,1,0,,,,,,,,,
1247033,2021,2021-06-15,"Sheikh Zayed Stadium, Abu Dhabi",2,3.7,Lahore Qalandars,Quetta Gladiators,Zeeshan Ashraf,Mohammad Hafeez,Mohammad Hasnain,0,0,,,,,,,,,
1247033,2021,2021-06-15,"Sheikh Zayed Stadium, Abu Dhabi",2,4.1,Lahore Qalandars,Quetta Gladiators,Mohammad Hafeez,Zeeshan Ashraf,Usman Shinwari,0,0,,,,,,,,,
1247033,2021,2021-06-15,"Sheikh Zayed Stadium, Abu Dhabi",2,4.2,Lahore Qalandars,Quetta Gladiators,Mohammad Hafeez,Zeeshan Ashraf,Usman Shinwari,0,0,,,,,,,,,
1247033,2021,2021-06-15,"Sheikh Zayed Stadium, Abu Dhabi",2,4.3,Lahore Qalandars,Quetta Gladiators,Mohammad Hafeez,Zeeshan Ashraf,Usman Shinwari,0,0,,,,,,caught,Mohammad Hafeez,,
1247033,2021,2021-06-15,"Sheikh Zayed Stadium, Abu Dhabi",2,4.4,Lahore Qalandars,Quetta Gladiators,BR Dunk,Zeeshan Ashraf,Usman Shinwari,1,0,,,,,,,,,
1247033,2021,2021-06-15,"Sheikh Zayed Stadium, Abu Dhabi",2,4.5,Lahore Qalandars,Quetta Gladiators,Zeeshan Ashraf,BR Dunk,Usman Shinwari,1,0,,,,,,,,,
1247033,2021,2021-06-15,"Sheikh Zayed Stadium, Abu Dhabi",2,4.6,Lahore Qalandars,Quetta Gladiators,BR Dunk,Zeeshan Ashraf,Usman Shinwari,4,0,,,,,,,,,
1247033,2021,2021-06-15,"Sheikh Zayed Stadium, Abu Dhabi",2,5.1,Lahore Qalandars,Quetta Gladiators,Zeeshan Ashraf,BR Dunk,Khurram Shahzad,0,0,,,,,,,,,
1247033,2021,2021-06-15,"Sheikh Zayed Stadium, Abu Dhabi",2,5.2,Lahore Qalandars,Quetta Gladiators,Zeeshan Ashraf,BR Dunk,Khurram Shahzad,0,0,,,,,,,,,
1247033,2021,2021-06-15,"Sheikh Zayed Stadium, Abu Dhabi",2,5.3,Lahore Qalandars,Quetta Gladiators,Zeeshan Ashraf,BR Dunk,Khurram Shahzad,5,0,,,,,,,,,
1247033,2021,2021-06-15,"Sheikh Zayed Stadium, Abu Dhabi",2,5.4,Lahore Qalandars,Quetta Gladiators,BR Dunk,Zeeshan Ashraf,Khurram Shahzad,1,0,,,,,,,,,
1247033,2021,2021-06-15,"Sheikh Zayed Stadium, Abu Dhabi",2,5.5,Lahore Qalandars,Quetta Gladiators,Zeeshan Ashraf,BR Dunk,Khurram Shahzad,0,0,,,,,,caught,Zeeshan Ashraf,,
1247033,2021,2021-06-15,"Sheikh Zayed Stadium, Abu Dhabi",2,5.6,Lahore Qalandars,Quetta Gladiators,TH David,BR Dunk,Khurram Shahzad,1,0,,,,,,,,,
1247033,2021,2021-06-15,"Sheikh Zayed Stadium, Abu Dhabi",2,6.1,Lahore Qalandars,Quetta Gladiators,TH David,BR Dunk,Mohammad Nawaz,0,0,,,,,,,,,
1247033,2021,2021-06-15,"Sheikh Zayed Stadium, Abu Dhabi",2,6.2,Lahore Qalandars,Quetta Gladiators,TH David,BR Dunk,Mohammad Nawaz,6,0,,,,,,,,,
1247033,2021,2021-06-15,"Sheikh Zayed Stadium, Abu Dhabi",2,6.3,Lahore Qalandars,Quetta Gladiators,TH David,BR Dunk,Mohammad Nawaz,1,0,,,,,,,,,
1247033,2021,2021-06-15,"Sheikh Zayed Stadium, Abu Dhabi",2,6.4,Lahore Qalandars,Quetta Gladiators,BR Dunk,TH David,Mohammad Nawaz,0,0,,,,,,,,,
1247033,2021,2021-06-15,"Sheikh Zayed Stadium, Abu Dhabi",2,6.5,Lahore Qalandars,Quetta Gladiators,BR Dunk,TH David,Mohammad Nawaz,0,0,,,,,,bowled,BR Dunk,,
1247033,2021,2021-06-15,"Sheikh Zayed Stadium, Abu Dhabi",2,6.6,Lahore Qalandars,Quetta Gladiators,Rashid Khan,TH David,Mohammad Nawaz,1,0,,,,,,,,,
1247033,2021,2021-06-15,"Sheikh Zayed Stadium, Abu Dhabi",2,7.1,Lahore Qalandars,Quetta Gladiators,Rashid Khan,TH David,Hassan Khan,1,0,,,,,,,,,
1247033,2021,2021-06-15,"Sheikh Zayed Stadium, Abu Dhabi",2,7.2,Lahore Qalandars,Quetta Gladiators,TH David,Rashid Khan,Hassan Khan,1,0,,,,,,,,,
1247033,2021,2021-06-15,"Sheikh Zayed Stadium, Abu Dhabi",2,7.3,Lahore Qalandars,Quetta Gladiators,Rashid Khan,TH David,Hassan Khan,0,0,,,,,,,,,
1247033,2021,2021-06-15,"Sheikh Zayed Stadium, Abu Dhabi",2,7.4,Lahore Qalandars,Quetta Gladiators,Rashid Khan,TH David,Hassan Khan,4,0,,,,,,,,,
1247033,2021,2021-06-15,"Sheikh Zayed Stadium, Abu Dhabi",2,7.5,Lahore Qalandars,Quetta Gladiators,Rashid Khan,TH David,Hassan Khan,0,0,,,,,,,,,
1247033,2021,2021-06-15,"Sheikh Zayed Stadium, Abu Dhabi",2,7.6,Lahore Qalandars,Quetta Gladiators,Rashid Khan,TH David,Hassan Khan,1,0,,,,,,,,,
1247033,2021,2021-06-15,"Sheikh Zayed Stadium, Abu Dhabi",2,8.1,Lahore Qalandars,Quetta Gladiators,Rashid Khan,TH David,Mohammad Nawaz,1,0,,,,,,,,,
1247033,2021,2021-06-15,"Sheikh Zayed Stadium, Abu Dhabi",2,8.2,Lahore Qalandars,Quetta Gladiators,TH David,Rashid Khan,Mohammad Nawaz,0,0,,,,,,,,,
1247033,2021,2021-06-15,"Sheikh Zayed Stadium, Abu Dhabi",2,8.3,Lahore Qalandars,Quetta Gladiators,TH David,Rashid Khan,Mohammad Nawaz,1,0,,,,,,,,,
1247033,2021,2021-06-15,"Sheikh Zayed Stadium, Abu Dhabi",2,8.4,Lahore Qalandars,Quetta Gladiators,Rashid Khan,TH David,Mohammad Nawaz,0,0,,,,,,,,,
1247033,2021,2021-06-15,"Sheikh Zayed Stadium, Abu Dhabi",2,8.5,Lahore Qalandars,Quetta Gladiators,Rashid Khan,TH David,Mohammad Nawaz,0,0,,,,,,,,,
1247033,2021,2021-06-15,"Sheikh Zayed Stadium, Abu Dhabi",2,8.6,Lahore Qalandars,Quetta Gladiators,Rashid Khan,TH David,Mohammad Nawaz,0,0,,,,,,bowled,Rashid Khan,,
1247033,2021,2021-06-15,"Sheikh Zayed Stadium, Abu Dhabi",2,9.1,Lahore Qalandars,Quetta Gladiators,TH David,Ahmed Daniyal,Hassan Khan,0,0,,,,,,,,,
1247033,2021,2021-06-15,"Sheikh Zayed Stadium, Abu Dhabi",2,9.2,Lahore Qalandars,Quetta Gladiators,TH David,Ahmed Daniyal,Hassan Khan,4,0,,,,,,,,,
1247033,2021,2021-06-15,"Sheikh Zayed Stadium, Abu Dhabi",2,9.3,Lahore Qalandars,Quetta Gladiators,TH David,Ahmed Daniyal,Hassan Khan,1,0,,,,,,,,,
1247033,2021,2021-06-15,"Sheikh Zayed Stadium, Abu Dhabi",2,9.4,Lahore Qalandars,Quetta Gladiators,Ahmed Daniyal,TH David,Hassan Khan,0,0,,,,,,,,,
1247033,2021,2021-06-15,"Sheikh Zayed Stadium, Abu Dhabi",2,9.5,Lahore Qalandars,Quetta Gladiators,Ahmed Daniyal,TH David,Hassan Khan,2,0,,,,,,,,,
1247033,2021,2021-06-15,"Sheikh Zayed Stadium, Abu Dhabi",2,9.6,Lahore Qalandars,Quetta Gladiators,Ahmed Daniyal,TH David,Hassan Khan,0,0,,,,,,,,,
1247033,2021,2021-06-15,"Sheikh Zayed Stadium, Abu Dhabi",2,10.1,Lahore Qalandars,Quetta Gladiators,TH David,Ahmed Daniyal,Mohammad Nawaz,0,0,,,,,,,,,
1247033,2021,2021-06-15,"Sheikh Zayed Stadium, Abu Dhabi",2,10.2,Lahore Qalandars,Quetta Gladiators,TH David,Ahmed Daniyal,Mohammad Nawaz,0,0,,,,,,,,,
1247033,2021,2021-06-15,"Sheikh Zayed Stadium, Abu Dhabi",2,10.3,Lahore Qalandars,Quetta Gladiators,TH David,Ahmed Daniyal,Mohammad Nawaz,1,0,,,,,,,,,
1247033,2021,2021-06-15,"Sheikh Zayed Stadium, Abu Dhabi",2,10.4,Lahore Qalandars,Quetta Gladiators,Ahmed Daniyal,TH David,Mohammad Nawaz,0,0,,,,,,,,,
1247033,2021,2021-06-15,"Sheikh Zayed Stadium, Abu Dhabi",2,10.5,Lahore Qalandars,Quetta Gladiators,Ahmed Daniyal,TH David,Mohammad Nawaz,1,0,,,,,,,,,
1247033,2021,2021-06-15,"Sheikh Zayed Stadium, Abu Dhabi",2,10.6,Lahore Qalandars,Quetta Gladiators,TH David,Ahmed Daniyal,Mohammad Nawaz,0,0,,,,,,,,,
1247033,2021,2021-06-15,"Sheikh Zayed Stadium, Abu Dhabi",2,11.1,Lahore Qalandars,Quetta Gladiators,Ahmed Daniyal,TH David,Khurram Shahzad,0,0,,,,,,,,,
1247033,2021,2021-06-15,"Sheikh Zayed Stadium, Abu Dhabi",2,11.2,Lahore Qalandars,Quetta Gladiators,Ahmed Daniyal,TH David,Khurram Shahzad,0,0,,,,,,,,,
1247033,2021,2021-06-15,"Sheikh Zayed Stadium, Abu Dhabi",2,11.3,Lahore Qalandars,Quetta Gladiators,Ahmed Daniyal,TH David,Khurram Shahzad,0,0,,,,,,,,,
1247033,2021,2021-06-15,"Sheikh Zayed Stadium, Abu Dhabi",2,11.4,Lahore Qalandars,Quetta Gladiators,Ahmed Daniyal,TH David,Khurram Shahzad,0,0,,,,,,caught,Ahmed Daniyal,,
1247033,2021,2021-06-15,"Sheikh Zayed Stadium, Abu Dhabi",2,11.5,Lahore Qalandars,Quetta Gladiators,JP Faulkner,TH David,Khurram Shahzad,1,0,,,,,,,,,
1247033,2021,2021-06-15,"Sheikh Zayed Stadium, Abu Dhabi",2,11.6,Lahore Qalandars,Quetta Gladiators,TH David,JP Faulkner,Khurram Shahzad,1,0,,,,,,,,,
1247033,2021,2021-06-15,"Sheikh Zayed Stadium, Abu Dhabi",2,12.1,Lahore Qalandars,Quetta Gladiators,TH David,JP Faulkner,Zahoor Khan,1,0,,,,,,,,,
1247033,2021,2021-06-15,"Sheikh Zayed Stadium, Abu Dhabi",2,12.2,Lahore Qalandars,Quetta Gladiators,JP Faulkner,TH David,Zahoor Khan,4,0,,,,,,,,,
1247033,2021,2021-06-15,"Sheikh Zayed Stadium, Abu Dhabi",2,12.3,Lahore Qalandars,Quetta Gladiators,JP Faulkner,TH David,Zahoor Khan,1,0,,,,,,,,,
1247033,2021,2021-06-15,"Sheikh Zayed Stadium, Abu Dhabi",2,12.4,Lahore Qalandars,Quetta Gladiators,TH David,JP Faulkner,Zahoor Khan,0,1,1,,,,,,,,
1247033,2021,2021-06-15,"Sheikh Zayed Stadium, Abu Dhabi",2,12.5,Lahore Qalandars,Quetta Gladiators,TH David,JP Faulkner,Zahoor Khan,4,0,,,,,,,,,
1247033,2021,2021-06-15,"Sheikh Zayed Stadium, Abu Dhabi",2,12.6,Lahore Qalandars,Quetta Gladiators,TH David,JP Faulkner,Zahoor Khan,6,0,,,,,,,,,
1247033,2021,2021-06-15,"Sheikh Zayed Stadium, Abu Dhabi",2,12.7,Lahore Qalandars,Quetta Gladiators,TH David,JP Faulkner,Zahoor Khan,6,0,,,,,,,,,
1247033,2021,2021-06-15,"Sheikh Zayed Stadium, Abu Dhabi",2,13.1,Lahore Qalandars,Quetta Gladiators,JP Faulkner,TH David,Mohammad Nawaz,0,0,,,,,,,,,
1247033,2021,2021-06-15,"Sheikh Zayed Stadium, Abu Dhabi",2,13.2,Lahore Qalandars,Quetta Gladiators,JP Faulkner,TH David,Mohammad Nawaz,1,0,,,,,,,,,
1247033,2021,2021-06-15,"Sheikh Zayed Stadium, Abu Dhabi",2,13.3,Lahore Qalandars,Quetta Gladiators,TH David,JP Faulkner,Mohammad Nawaz,1,0,,,,,,,,,
1247033,2021,2021-06-15,"Sheikh Zayed Stadium, Abu Dhabi",2,13.4,Lahore Qalandars,Quetta Gladiators,JP Faulkner,TH David,Mohammad Nawaz,1,0,,,,,,,,,
1247033,2021,2021-06-15,"Sheikh Zayed Stadium, Abu Dhabi",2,13.5,Lahore Qalandars,Quetta Gladiators,TH David,JP Faulkner,Mohammad Nawaz,1,0,,,,,,,,,
1247033,2021,2021-06-15,"Sheikh Zayed Stadium, Abu Dhabi",2,13.6,Lahore Qalandars,Quetta Gladiators,JP Faulkner,TH David,Mohammad Nawaz,0,0,,,,,,,,,
1247033,2021,2021-06-15,"Sheikh Zayed Stadium, Abu Dhabi",2,14.1,Lahore Qalandars,Quetta Gladiators,TH David,JP Faulkner,Usman Shinwari,4,0,,,,,,,,,
1247033,2021,2021-06-15,"Sheikh Zayed Stadium, Abu Dhabi",2,14.2,Lahore Qalandars,Quetta Gladiators,TH David,JP Faulkner,Usman Shinwari,4,0,,,,,,,,,
1247033,2021,2021-06-15,"Sheikh Zayed Stadium, Abu Dhabi",2,14.3,Lahore Qalandars,Quetta Gladiators,TH David,JP Faulkner,Usman Shinwari,0,0,,,,,,,,,
1247033,2021,2021-06-15,"Sheikh Zayed Stadium, Abu Dhabi",2,14.4,Lahore Qalandars,Quetta Gladiators,TH David,JP Faulkner,Usman Shinwari,0,0,,,,,,,,,
1247033,2021,2021-06-15,"Sheikh Zayed Stadium, Abu Dhabi",2,14.5,Lahore Qalandars,Quetta Gladiators,TH David,JP Faulkner,Usman Shinwari,2,0,,,,,,,,,
1247033,2021,2021-06-15,"Sheikh Zayed Stadium, Abu Dhabi",2,14.6,Lahore Qalandars,Quetta Gladiators,TH David,JP Faulkner,Usman Shinwari,0,0,,,,,,caught,TH David,,
1247033,2021,2021-06-15,"Sheikh Zayed Stadium, Abu Dhabi",2,15.1,Lahore Qalandars,Quetta Gladiators,JP Faulkner,Shaheen Shah Afridi,Mohammad Hasnain,0,0,,,,,,,,,
1247033,2021,2021-06-15,"Sheikh Zayed Stadium, Abu Dhabi",2,15.2,Lahore Qalandars,Quetta Gladiators,JP Faulkner,Shaheen Shah Afridi,Mohammad Hasnain,1,0,,,,,,,,,
1247033,2021,2021-06-15,"Sheikh Zayed Stadium, Abu Dhabi",2,15.3,Lahore Qalandars,Quetta Gladiators,Shaheen Shah Afridi,JP Faulkner,Mohammad Hasnain,6,0,,,,,,,,,
1247033,2021,2021-06-15,"Sheikh Zayed Stadium, Abu Dhabi",2,15.4,Lahore Qalandars,Quetta Gladiators,Shaheen Shah Afridi,JP Faulkner,Mohammad Hasnain,4,0,,,,,,,,,
1247033,2021,2021-06-15,"Sheikh Zayed Stadium, Abu Dhabi",2,15.5,Lahore Qalandars,Quetta Gladiators,Shaheen Shah Afridi,JP Faulkner,Mohammad Hasnain,0,0,,,,,,,,,
1247033,2021,2021-06-15,"Sheikh Zayed Stadium, Abu Dhabi",2,15.6,Lahore Qalandars,Quetta Gladiators,Shaheen Shah Afridi,JP Faulkner,Mohammad Hasnain,1,0,,,,,,,,,
1247033,2021,2021-06-15,"Sheikh Zayed Stadium, Abu Dhabi",2,16.1,Lahore Qalandars,Quetta Gladiators,Shaheen Shah Afridi,JP Faulkner,Khurram Shahzad,1,0,,,,,,,,,
1247033,2021,2021-06-15,"Sheikh Zayed Stadium, Abu Dhabi",2,16.2,Lahore Qalandars,Quetta Gladiators,JP Faulkner,Shaheen Shah Afridi,Khurram Shahzad,1,0,,,,,,,,,
1247033,2021,2021-06-15,"Sheikh Zayed Stadium, Abu Dhabi",2,16.3,Lahore Qalandars,Quetta Gladiators,Shaheen Shah Afridi,JP Faulkner,Khurram Shahzad,0,0,,,,,,bowled,Shaheen Shah Afridi,,
1247033,2021,2021-06-15,"Sheikh Zayed Stadium, Abu Dhabi",2,16.4,Lahore Qalandars,Quetta Gladiators,Haris Rauf,JP Faulkner,Khurram Shahzad,1,0,,,,,,,,,
1247033,2021,2021-06-15,"Sheikh Zayed Stadium, Abu Dhabi",2,16.5,Lahore Qalandars,Quetta Gladiators,JP Faulkner,Haris Rauf,Khurram Shahzad,1,0,,,,,,,,,
1247033,2021,2021-06-15,"Sheikh Zayed Stadium, Abu Dhabi",2,16.6,Lahore Qalandars,Quetta Gladiators,Haris Rauf,JP Faulkner,Khurram Shahzad,1,0,,,,,,,,,
1247033,2021,2021-06-15,"Sheikh Zayed Stadium, Abu Dhabi",2,17.1,Lahore Qalandars,Quetta Gladiators,Haris Rauf,JP Faulkner,Mohammad Hasnain,4,0,,,,,,,,,
1247033,2021,2021-06-15,"Sheikh Zayed Stadium, Abu Dhabi",2,17.2,Lahore Qalandars,Quetta Gladiators,Haris Rauf,JP Faulkner,Mohammad Hasnain,3,0,,,,,,,,,
1247033,2021,2021-06-15,"Sheikh Zayed Stadium, Abu Dhabi",2,17.3,Lahore Qalandars,Quetta Gladiators,JP Faulkner,Haris Rauf,Mohammad Hasnain,1,0,,,,,,,,,
1247033,2021,2021-06-15,"Sheikh Zayed Stadium, Abu Dhabi",2,17.4,Lahore Qalandars,Quetta Gladiators,Haris Rauf,JP Faulkner,Mohammad Hasnain,6,0,,,,,,,,,
1247033,2021,2021-06-15,"Sheikh Zayed Stadium, Abu Dhabi",2,17.5,Lahore Qalandars,Quetta Gladiators,Haris Rauf,JP Faulkner,Mohammad Hasnain,4,0,,,,,,,,,
1247033,2021,2021-06-15,"Sheikh Zayed Stadium, Abu Dhabi",2,17.6,Lahore Qalandars,Quetta Gladiators,Haris Rauf,JP Faulkner,Mohammad Hasnain,0,0,,,,,,bowled,Haris Rauf,,
