match_id,season,start_date,venue,innings,ball,batting_team,bowling_team,striker,non_striker,bowler,runs_off_bat,extras,wides,noballs,byes,legbyes,penalty,wicket_type,player_dismissed,other_wicket_type,other_player_dismissed
1293007,2021/22,2022-02-01,"National Stadium, Karachi",1,0.1,Multan Sultans,Islamabad United,Shan Masood,Mohammad Rizwan,Hasan Ali,4,0,,,,,,,,,
1293007,2021/22,2022-02-01,"National Stadium, Karachi",1,0.2,Multan Sultans,Islamabad United,Shan Masood,Mohammad Rizwan,Hasan Ali,1,0,,,,,,,,,
1293007,2021/22,2022-02-01,"National Stadium, Karachi",1,0.3,Multan Sultans,Islamabad United,Mohammad Rizwan,Shan Masood,Hasan Ali,0,0,,,,,,,,,
1293007,2021/22,2022-02-01,"National Stadium, Karachi",1,0.4,Multan Sultans,Islamabad United,Mohammad Rizwan,Shan Masood,Hasan Ali,1,0,,,,,,,,,
1293007,2021/22,2022-02-01,"National Stadium, Karachi",1,0.5,Multan Sultans,Islamabad United,Shan Masood,Mohammad Rizwan,Hasan Ali,0,0,,,,,,,,,
1293007,2021/22,2022-02-01,"National Stadium, Karachi",1,0.6,Multan Sultans,Islamabad United,Shan Masood,Mohammad Rizwan,Hasan Ali,0,0,,,,,,,,,
1293007,2021/22,2022-02-01,"National Stadium, Karachi",1,1.1,Multan Sultans,Islamabad United,Mohammad Rizwan,Shan Masood,Faheem Ashraf,1,0,,,,,,,,,
1293007,2021/22,2022-02-01,"National Stadium, Karachi",1,1.2,Multan Sultans,Islamabad United,Shan Masood,Mohammad Rizwan,Faheem Ashraf,4,0,,,,,,,,,
1293007,2021/22,2022-02-01,"National Stadium, Karachi",1,1.3,Multan Sultans,Islamabad United,Shan Masood,Mohammad Rizwan,Faheem Ashraf,0,0,,,,,,,,,
1293007,2021/22,2022-02-01,"National Stadium, Karachi",1,1.4,Multan Sultans,Islamabad United,Shan Masood,Mohammad Rizwan,Faheem Ashraf,0,0,,,,,,,,,
1293007,2021/22,2022-02-01,"National Stadium, Karachi",1,1.5,Multan Sultans,Islamabad United,Shan Masood,Mohammad Rizwan,Faheem Ashraf,0,0,,,,,,,,,
1293007,2021/22,2022-02-01,"National Stadium, Karachi",1,1.6,Multan Sultans,Islamabad United,Shan Masood,Mohammad Rizwan,Faheem Ashraf,0,0,,,,,,,,,
1293007,2021/22,2022-02-01,"National Stadium, Karachi",1,2.1,Multan Sultans,Islamabad United,Mohammad Rizwan,Shan Masood,Mohammad Wasim,1,0,,,,,,,,,
1293007,2021/22,2022-02-01,"National Stadium, Karachi",1,2.2,Multan Sultans,Islamabad United,Shan Masood,Mohammad Rizwan,Mohammad Wasim,0,0,,,,,,,,,
1293007,2021/22,2022-02-01,"National Stadium, Karachi",1,2.3,Multan Sultans,Islamabad United,Shan Masood,Mohammad Rizwan,Mohammad Wasim,0,0,,,,,,,,,
1293007,2021/22,2022-02-01,"National Stadium, Karachi",1,2.4,Multan Sultans,Islamabad United,Shan Masood,Mohammad Rizwan,Mohammad Wasim,1,0,,,,,,,,,
1293007,2021/22,2022-02-01,"National Stadium, Karachi",1,2.5,Multan Sultans,Islamabad United,Mohammad Rizwan,Shan Masood,Mohammad Wasim,1,0,,,,,,,,,
1293007,2021/22,2022-02-01,"National Stadium, Karachi",1,2.6,Multan Sultans,Islamabad United,Shan Masood,Mohammad Rizwan,Mohammad Wasim,4,0,,,,,,,,,
1293007,2021/22,2022-02-01,"National Stadium, Karachi",1,3.1,Multan Sultans,Islamabad United,Mohammad Rizwan,Shan Masood,Faheem Ashraf,0,0,,,,,,,,,
1293007,2021/22,2022-02-01,"National Stadium, Karachi",1,3.2,Multan Sultans,Islamabad United,Mohammad Rizwan,Shan Masood,Faheem Ashraf,0,0,,,,,,,,,
1293007,2021/22,2022-02-01,"National Stadium, Karachi",1,3.3,Multan Sultans,Islamabad United,Mohammad Rizwan,Shan Masood,Faheem Ashraf,4,0,,,,,,,,,
1293007,2021/22,2022-02-01,"National Stadium, Karachi",1,3.4,Multan Sultans,Islamabad United,Mohammad Rizwan,Shan Masood,Faheem Ashraf,4,0,,,,,,,,,
1293007,2021/22,2022-02-01,"National Stadium, Karachi",1,3.5,Multan Sultans,Islamabad United,Mohammad Rizwan,Shan Masood,Faheem Ashraf,0,0,,,,,,,,,
1293007,2021/22,2022-02-01,"National Stadium, Karachi",1,3.6,Multan Sultans,Islamabad United,Mohammad Rizwan,Shan Masood,Faheem Ashraf,0,0,,,,,,,,,
1293007,2021/22,2022-02-01,"National Stadium, Karachi",1,4.1,Multan Sultans,Islamabad United,Shan Masood,Mohammad Rizwan,Mohammad Wasim,4,0,,,,,,,,,
1293007,2021/22,2022-02-01,"National Stadium, Karachi",1,4.2,Multan Sultans,Islamabad United,Shan Masood,Mohammad Rizwan,Mohammad Wasim,0,0,,,,,,,,,
1293007,2021/22,2022-02-01,"National Stadium, Karachi",1,4.3,Multan Sultans,Islamabad United,Shan Masood,Mohammad Rizwan,Mohammad Wasim,0,0,,,,,,,,,
1293007,2021/22,2022-02-01,"National Stadium, Karachi",1,4.4,Multan Sultans,Islamabad United,Shan Masood,Mohammad Rizwan,Mohammad Wasim,0,0,,,,,,,,,
1293007,2021/22,2022-02-01,"National Stadium, Karachi",1,4.5,Multan Sultans,Islamabad United,Shan Masood,Mohammad Rizwan,Mohammad Wasim,0,0,,,,,,run out,Mohammad Rizwan,,
1293007,2021/22,2022-02-01,"National Stadium, Karachi",1,4.6,Multan Sultans,Islamabad United,Shan Masood,Sohaib Maqsood,Mohammad Wasim,0,0,,,,,,,,,
1293007,2021/22,2022-02-01,"National Stadium, Karachi",1,5.1,Multan Sultans,Islamabad United,Sohaib Maqsood,Shan Masood,Faheem Ashraf,0,0,,,,,,,,,
1293007,2021/22,2022-02-01,"National Stadium, Karachi",1,5.2,Multan Sultans,Islamabad United,Sohaib Maqsood,Shan Masood,Faheem Ashraf,0,1,1,,,,,,,,
1293007,2021/22,2022-02-01,"National Stadium, Karachi",1,5.3,Multan Sultans,Islamabad United,Sohaib Maqsood,Shan Masood,Faheem Ashraf,1,0,,,,,,,,,
1293007,2021/22,2022-02-01,"National Stadium, Karachi",1,5.4,Multan Sultans,Islamabad United,Shan Masood,Sohaib Maqsood,Faheem Ashraf,4,0,,,,,,,,,
1293007,2021/22,2022-02-01,"National Stadium, Karachi",1,5.5,Multan Sultans,Islamabad United,Shan Masood,Sohaib Maqsood,Faheem Ashraf,6,0,,,,,,,,,
1293007,2021/22,2022-02-01,"National Stadium, Karachi",1,5.6,Multan Sultans,Islamabad United,Shan Masood,Sohaib Maqsood,Faheem Ashraf,1,0,,,,,,,,,
1293007,2021/22,2022-02-01,"National Stadium, Karachi",1,5.7,Multan Sultans,Islamabad United,Sohaib Maqsood,Shan Masood,Faheem Ashraf,0,0,,,,,,,,,
1293007,2021/22,2022-02-01,"National Stadium, Karachi",1,6.1,Multan Sultans,Islamabad United,Shan Masood,Sohaib Maqsood,M de Lange,1,0,,,,,,,,,
1293007,2021/22,2022-02-01,"National Stadium, Karachi",1,6.2,Multan Sultans,Islamabad United,Sohaib Maqsood,Shan Masood,M de Lange,1,0,,,,,,,,,
1293007,2021/22,2022-02-01,"National Stadium, Karachi",1,6.3,Multan Sultans,Islamabad United,Shan Masood,Sohaib Maqsood,M de Lange,1,0,,,,,,,,,
1293007,2021/22,2022-02-01,"National Stadium, Karachi",1,6.4,Multan Sultans,Islamabad United,Sohaib Maqsood,Shan Masood,M de Lange,4,0,,,,,,,,,
1293007,2021/22,2022-02-01,"National Stadium, Karachi",1,6.5,Multan Sultans,Islamabad United,Sohaib Maqsood,Shan Masood,M de Lange,1,0,,,,,,,,,
1293007,2021/22,2022-02-01,"National Stadium, Karachi",1,6.6,Multan Sultans,Islamabad United,Shan Masood,Sohaib Maqsood,M de Lange,1,0,,,,,,,,,
1293007,2021/22,2022-02-01,"National Stadium, Karachi",1,7.1,Multan Sultans,Islamabad United,Shan Masood,Sohaib Maqsood,Shadab Khan,1,0,,,,,,,,,
1293007,2021/22,2022-02-01,"National Stadium, Karachi",1,7.2,Multan Sultans,Islamabad United,Sohaib Maqsood,Shan Masood,Shadab Khan,1,0,,,,,,,,,
1293007,2021/22,2022-02-01,"National Stadium, Karachi",1,7.3,Multan Sultans,Islamabad United,Shan Masood,Sohaib Maqsood,Shadab Khan,0,0,,,,,,,,,
1293007,2021/22,2022-02-01,"National Stadium, Karachi",1,7.4,Multan Sultans,Islamabad United,Shan Masood,Sohaib Maqsood,Shadab Khan,6,0,,,,,,,,,
1293007,2021/22,2022-02-01,"National Stadium, Karachi",1,7.5,Multan Sultans,Islamabad United,Shan Masood,Sohaib Maqsood,Shadab Khan,2,0,,,,,,,,,
1293007,2021/22,2022-02-01,"National Stadium, Karachi",1,7.6,Multan Sultans,Islamabad United,Shan Masood,Sohaib Maqsood,Shadab Khan,2,0,,,,,,,,,
1293007,2021/22,2022-02-01,"National Stadium, Karachi",1,8.1,Multan Sultans,Islamabad United,Sohaib Maqsood,Shan Masood,M de Lange,0,1,,,,1,,,,,
1293007,2021/22,2022-02-01,"National Stadium, Karachi",1,8.2,Multan Sultans,Islamabad United,Shan Masood,Sohaib Maqsood,M de Lange,0,0,,,,,,lbw,Shan Masood,,
1293007,2021/22,2022-02-01,"National Stadium, Karachi",1,8.3,Multan Sultans,Islamabad United,RR Rossouw,Sohaib Maqsood,M de Lange,1,0,,,,,,,,,
1293007,2021/22,2022-02-01,"National Stadium, Karachi",1,8.4,Multan Sultans,Islamabad United,Sohaib Maqsood,RR Rossouw,M de Lange,1,0,,,,,,,,,
1293007,2021/22,2022-02-01,"National Stadium, Karachi",1,8.5,Multan Sultans,Islamabad United,RR Rossouw,Sohaib Maqsood,M de Lange,1,0,,,,,,,,,
1293007,2021/22,2022-02-01,"National Stadium, Karachi",1,8.6,Multan Sultans,Islamabad United,Sohaib Maqsood,RR Rossouw,M de Lange,4,0,,,,,,,,,
1293007,2021/22,2022-02-01,"National Stadium, Karachi",1,9.1,Multan Sultans,Islamabad United,RR Rossouw,Sohaib Maqsood,Shadab Khan,0,0,,,,,,,,,
1293007,2021/22,2022-02-01,"National Stadium, Karachi",1,9.2,Multan Sultans,Islamabad United,RR Rossouw,Sohaib Maqsood,Shadab Khan,0,0,,,,,,,,,
1293007,2021/22,2022-02-01,"National Stadium, Karachi",1,9.3,Multan Sultans,Islamabad United,RR Rossouw,Sohaib Maqsood,Shadab Khan,0,0,,,,,,,,,
1293007,2021/22,2022-02-01,"National Stadium, Karachi",1,9.4,Multan Sultans,Islamabad United,RR Rossouw,Sohaib Maqsood,Shadab Khan,0,0,,,,,,,,,
1293007,2021/22,2022-02-01,"National Stadium, Karachi",1,9.5,Multan Sultans,Islamabad United,RR Rossouw,Sohaib Maqsood,Shadab Khan,1,0,,,,,,,,,
1293007,2021/22,2022-02-01,"National Stadium, Karachi",1,9.6,Multan Sultans,Islamabad United,Sohaib Maqsood,RR Rossouw,Shadab Khan,0,0,,,,,,,,,
1293007,2021/22,2022-02-01,"National Stadium, Karachi",1,10.1,Multan Sultans,Islamabad United,RR Rossouw,Sohaib Maqsood,Hasan Ali,4,0,,,,,,,,,
1293007,2021/22,2022-02-01,"National Stadium, Karachi",1,10.2,Multan Sultans,Islamabad United,RR Rossouw,Sohaib Maqsood,Hasan Ali,1,0,,,,,,run out,Sohaib Maqsood,,
1293007,2021/22,2022-02-01,"National Stadium, Karachi",1,10.3,Multan Sultans,Islamabad United,TH David,RR Rossouw,Hasan Ali,1,0,,,,,,,,,
1293007,2021/22,2022-02-01,"National Stadium, Karachi",1,10.4,Multan Sultans,Islamabad United,RR Rossouw,TH David,Hasan Ali,4,0,,,,,,,,,
1293007,2021/22,2022-02-01,"National Stadium, Karachi",1,10.5,Multan Sultans,Islamabad United,RR Rossouw,TH David,Hasan Ali,0,0,,,,,,,,,
1293007,2021/22,2022-02-01,"National Stadium, Karachi",1,10.6,Multan Sultans,Islamabad United,RR Rossouw,TH David,Hasan Ali,1,0,,,,,,,,,
1293007,2021/22,2022-02-01,"National Stadium, Karachi",1,11.1,Multan Sultans,Islamabad United,RR Rossouw,TH David,Shadab Khan,1,0,,,,,,,,,
1293007,2021/22,2022-02-01,"National Stadium, Karachi",1,11.2,Multan Sultans,Islamabad United,TH David,RR Rossouw,Shadab Khan,4,0,,,,,,,,,
1293007,2021/22,2022-02-01,"National Stadium, Karachi",1,11.3,Multan Sultans,Islamabad United,TH David,RR Rossouw,Shadab Khan,2,0,,,,,,,,,
1293007,2021/22,2022-02-01,"National Stadium, Karachi",1,11.4,Multan Sultans,Islamabad United,TH David,RR Rossouw,Shadab Khan,1,0,,,,,,,,,
1293007,2021/22,2022-02-01,"National Stadium, Karachi",1,11.5,Multan Sultans,Islamabad United,RR Rossouw,TH David,Shadab Khan,0,0,,,,,,,,,
1293007,2021/22,2022-02-01,"National Stadium, Karachi",1,11.6,Multan Sultans,Islamabad United,RR Rossouw,TH David,Shadab Khan,0,0,,,,,,,,,
1293007,2021/22,2022-02-01,"National Stadium, Karachi",1,12.1,Multan Sultans,Islamabad United,TH David,RR Rossouw,M de Lange,0,0,,,,,,,,,
1293007,2021/22,2022-02-01,"National Stadium, Karachi",1,12.2,Multan Sultans,Islamabad United,TH David,RR Rossouw,M de Lange,0,0,,,,,,,,,
1293007,2021/22,2022-02-01,"National Stadium, Karachi",1,12.3,Multan Sultans,Islamabad United,TH David,RR Rossouw,M de Lange,6,0,,,,,,,,,
1293007,2021/22,2022-02-01,"National Stadium, Karachi",1,12.4,Multan Sultans,Islamabad United,TH David,RR Rossouw,M de Lange,0,0,,,,,,,,,
1293007,2021/22,2022-02-01,"National Stadium, Karachi",1,12.5,Multan Sultans,Islamabad United,TH David,RR Rossouw,M de Lange,1,0,,,,,,,,,
1293007,2021/22,2022-02-01,"National Stadium, Karachi",1,12.6,Multan Sultans,Islamabad United,RR Rossouw,TH David,M de Lange,2,0,,,,,,,,,
1293007,2021/22,2022-02-01,"National Stadium, Karachi",1,13.1,Multan Sultans,Islamabad United,TH David,RR Rossouw,Shadab Khan,0,0,,,,,,,,,
1293007,2021/22,2022-02-01,"National Stadium, Karachi",1,13.2,Multan Sultans,Islamabad United,TH David,RR Rossouw,Shadab Khan,6,0,,,,,,,,,
1293007,2021/22,2022-02-01,"National Stadium, Karachi",1,13.3,Multan Sultans,Islamabad United,TH David,RR Rossouw,Shadab Khan,1,0,,,,,,,,,
1293007,2021/22,2022-02-01,"National Stadium, Karachi",1,13.4,Multan Sultans,Islamabad United,RR Rossouw,TH David,Shadab Khan,0,1,,,1,,,,,,
1293007,2021/22,2022-02-01,"National Stadium, Karachi",1,13.5,Multan Sultans,Islamabad United,TH David,RR Rossouw,Shadab Khan,1,0,,,,,,,,,
1293007,2021/22,2022-02-01,"National Stadium, Karachi",1,13.6,Multan Sultans,Islamabad United,RR Rossouw,TH David,Shadab Khan,0,0,,,,,,,,,
1293007,2021/22,2022-02-01,"National Stadium, Karachi",1,14.1,Multan Sultans,Islamabad United,TH David,RR Rossouw,Mohammad Wasim,4,0,,,,,,,,,
1293007,2021/22,2022-02-01,"National Stadium, Karachi",1,14.2,Multan Sultans,Islamabad United,TH David,RR Rossouw,Mohammad Wasim,0,0,,,,,,,,,
1293007,2021/22,2022-02-01,"National Stadium, Karachi",1,14.3,Multan Sultans,Islamabad United,TH David,RR Rossouw,Mohammad Wasim,4,0,,,,,,,,,
1293007,2021/22,2022-02-01,"National Stadium, Karachi",1,14.4,Multan Sultans,Islamabad United,TH David,RR Rossouw,Mohammad Wasim,1,0,,,,,,,,,
1293007,2021/22,2022-02-01,"National Stadium, Karachi",1,14.5,Multan Sultans,Islamabad United,RR Rossouw,TH David,Mohammad Wasim,1,0,,,,,,,,,
1293007,2021/22,2022-02-01,"National Stadium, Karachi",1,14.6,Multan Sultans,Islamabad United,TH David,RR Rossouw,Mohammad Wasim,4,0,,,,,,,,,
1293007,2021/22,2022-02-01,"National Stadium, Karachi",1,15.1,Multan Sultans,Islamabad United,RR Rossouw,TH David,Faheem Ashraf,0,0,,,,,,,,,
1293007,2021/22,2022-02-01,"National Stadium, Karachi",1,15.2,Multan Sultans,Islamabad United,RR Rossouw,TH David,Faheem Ashraf,6,0,,,,,,,,,
1293007,2021/22,2022-02-01,"National Stadium, Karachi",1,15.3,Multan Sultans,Islamabad United,RR Rossouw,TH David,Faheem Ashraf,4,0,,,,,,,,,
1293007,2021/22,2022-02-01,"National Stadium, Karachi",1,15.4,Multan Sultans,Islamabad United,RR Rossouw,TH David,Faheem Ashraf,4,0,,,,,,,,,
1293007,2021/22,2022-02-01,"National Stadium, Karachi",1,15.5,Multan Sultans,Islamabad United,RR Rossouw,TH David,Faheem Ashraf,1,0,,,,,,,,,
1293007,2021/22,2022-02-01,"National Stadium, Karachi",1,15.6,Multan Sultans,Islamabad United,TH David,RR Rossouw,Faheem Ashraf,6,0,,,,,,,,,
1293007,2021/22,2022-02-01,"National Stadium, Karachi",1,16.1,Multan Sultans,Islamabad United,RR Rossouw,TH David,Hasan Ali,1,0,,,,,,,,,
1293007,2021/22,2022-02-01,"National Stadium, Karachi",1,16.2,Multan Sultans,Islamabad United,TH David,RR Rossouw,Hasan Ali,0,0,,,,,,,,,
1293007,2021/22,2022-02-01,"National Stadium, Karachi",1,16.3,Multan Sultans,Islamabad United,TH David,RR Rossouw,Hasan Ali,6,0,,,,,,,,,
1293007,2021/22,2022-02-01,"National Stadium, Karachi",1,16.4,Multan Sultans,Islamabad United,TH David,RR Rossouw,Hasan Ali,1,0,,,,,,,,,
1293007,2021/22,2022-02-01,"National Stadium, Karachi",1,16.5,Multan Sultans,Islamabad United,RR Rossouw,TH David,Hasan Ali,0,0,,,,,,,,,
1293007,2021/22,2022-02-01,"National Stadium, Karachi",1,16.6,Multan Sultans,Islamabad United,RR Rossouw,TH David,Hasan Ali,6,0,,,,,,,,,
1293007,2021/22,2022-02-01,"National Stadium, Karachi",1,17.1,Multan Sultans,Islamabad United,TH David,RR Rossouw,M de Lange,6,0,,,,,,,,,
1293007,2021/22,2022-02-01,"National Stadium, Karachi",1,17.2,Multan Sultans,Islamabad United,TH David,RR Rossouw,M de Lange,6,0,,,,,,,,,
1293007,2021/22,2022-02-01,"National Stadium, Karachi",1,17.3,Multan Sultans,Islamabad United,TH David,RR Rossouw,M de Lange,4,0,,,,,,,,,
1293007,2021/22,2022-02-01,"National Stadium, Karachi",1,17.4,Multan Sultans,Islamabad United,TH David,RR Rossouw,M de Lange,1,0,,,,,,,,,
1293007,2021/22,2022-02-01,"National Stadium, Karachi",1,17.5,Multan Sultans,Islamabad United,RR Rossouw,TH David,M de Lange,6,0,,,,,,,,,
1293007,2021/22,2022-02-01,"National Stadium, Karachi",1,17.6,Multan Sultans,Islamabad United,RR Rossouw,TH David,M de Lange,0,0,,,,,,,,,
1293007,2021/22,2022-02-01,"National Stadium, Karachi",1,18.1,Multan Sultans,Islamabad United,TH David,RR Rossouw,Mohammad Wasim,1,0,,,,,,,,,
1293007,2021/22,2022-02-01,"National Stadium, Karachi",1,18.2,Multan Sultans,Islamabad United,RR Rossouw,TH David,Mohammad Wasim,1,0,,,,,,,,,
1293007,2021/22,2022-02-01,"National Stadium, Karachi",1,18.3,Multan Sultans,Islamabad United,TH David,RR Rossouw,Mohammad Wasim,4,0,,,,,,,,,
1293007,2021/22,2022-02-01,"National Stadium, Karachi",1,18.4,Multan Sultans,Islamabad United,TH David,RR Rossouw,Mohammad Wasim,0,0,,,,,,caught,TH David,,
1293007,2021/22,2022-02-01,"National Stadium, Karachi",1,18.5,Multan Sultans,Islamabad United,Khushdil Shah,RR Rossouw,Mohammad Wasim,4,0,,,,,,,,,
1293007,2021/22,2022-02-01,"National Stadium, Karachi",1,18.6,Multan Sultans,Islamabad United,Khushdil Shah,RR Rossouw,Mohammad Wasim,4,0,,,,,,,,,
1293007,2021/22,2022-02-01,"National Stadium, Karachi",1,19.1,Multan Sultans,Islamabad United,RR Rossouw,Khushdil Shah,Hasan Ali,6,0,,,,,,,,,
1293007,2021/22,2022-02-01,"National Stadium, Karachi",1,19.2,Multan Sultans,Islamabad United,RR Rossouw,Khushdil Shah,Hasan Ali,1,0,,,,,,,,,
1293007,2021/22,2022-02-01,"National Stadium, Karachi",1,19.3,Multan Sultans,Islamabad United,Khushdil Shah,RR Rossouw,Hasan Ali,0,0,,,,,,caught,Khushdil Shah,,
1293007,2021/22,2022-02-01,"National Stadium, Karachi",1,19.4,Multan Sultans,Islamabad United,RR Rossouw,DJ Willey,Hasan Ali,6,0,,,,,,,,,
1293007,2021/22,2022-02-01,"National Stadium, Karachi",1,19.5,Multan Sultans,Islamabad United,RR Rossouw,DJ Willey,Hasan Ali,2,0,,,,,,,,,
1293007,2021/22,2022-02-01,"National Stadium, Karachi",1,19.6,Multan Sultans,Islamabad United,RR Rossouw,DJ Willey,Hasan Ali,6,0,,,,,,,,,
1293007,2021/22,2022-02-01,"National Stadium, Karachi",2,0.1,Islamabad United,Multan Sultans,PR Stirling,AD Hales,Rumman Raees,1,0,,,,,,,,,
1293007,2021/22,2022-02-01,"National Stadium, Karachi",2,0.2,Islamabad United,Multan Sultans,AD Hales,PR Stirling,Rumman Raees,0,1,1,,,,,,,,
1293007,2021/22,2022-02-01,"National Stadium, Karachi",2,0.3,Islamabad United,Multan Sultans,AD Hales,PR Stirling,Rumman Raees,1,0,,,,,,,,,
1293007,2021/22,2022-02-01,"National Stadium, Karachi",2,0.4,Islamabad United,Multan Sultans,PR Stirling,AD Hales,Rumman Raees,1,0,,,,,,,,,
1293007,2021/22,2022-02-01,"National Stadium, Karachi",2,0.5,Islamabad United,Multan Sultans,AD Hales,PR Stirling,Rumman Raees,1,0,,,,,,,,,
1293007,2021/22,2022-02-01,"National Stadium, Karachi",2,0.6,Islamabad United,Multan Sultans,PR Stirling,AD Hales,Rumman Raees,4,0,,,,,,,,,
1293007,2021/22,2022-02-01,"National Stadium, Karachi",2,0.7,Islamabad United,Multan Sultans,PR Stirling,AD Hales,Rumman Raees,1,0,,,,,,,,,
1293007,2021/22,2022-02-01,"National Stadium, Karachi",2,1.1,Islamabad United,Multan Sultans,PR Stirling,AD Hales,DJ Willey,0,0,,,,,,,,,
1293007,2021/22,2022-02-01,"National Stadium, Karachi",2,1.2,Islamabad United,Multan Sultans,PR Stirling,AD Hales,DJ Willey,4,0,,,,,,,,,
1293007,2021/22,2022-02-01,"National Stadium, Karachi",2,1.3,Islamabad United,Multan Sultans,PR Stirling,AD Hales,DJ Willey,4,0,,,,,,,,,
1293007,2021/22,2022-02-01,"National Stadium, Karachi",2,1.4,Islamabad United,Multan Sultans,PR Stirling,AD Hales,DJ Willey,0,0,,,,,,,,,
1293007,2021/22,2022-02-01,"National Stadium, Karachi",2,1.5,Islamabad United,Multan Sultans,PR Stirling,AD Hales,DJ Willey,4,0,,,,,,,,,
1293007,2021/22,2022-02-01,"National Stadium, Karachi",2,1.6,Islamabad United,Multan Sultans,PR Stirling,AD Hales,DJ Willey,0,0,,,,,,caught,PR Stirling,,
1293007,2021/22,2022-02-01,"National Stadium, Karachi",2,2.1,Islamabad United,Multan Sultans,AD Hales,Rahmanullah Gurbaz,Abbas Afridi,1,0,,,,,,,,,
1293007,2021/22,2022-02-01,"National Stadium, Karachi",2,2.2,Islamabad United,Multan Sultans,Rahmanullah Gurbaz,AD Hales,Abbas Afridi,1,0,,,,,,,,,
1293007,2021/22,2022-02-01,"National Stadium, Karachi",2,2.3,Islamabad United,Multan Sultans,AD Hales,Rahmanullah Gurbaz,Abbas Afridi,1,0,,,,,,,,,
1293007,2021/22,2022-02-01,"National Stadium, Karachi",2,2.4,Islamabad United,Multan Sultans,Rahmanullah Gurbaz,AD Hales,Abbas Afridi,1,0,,,,,,,,,
1293007,2021/22,2022-02-01,"National Stadium, Karachi",2,2.5,Islamabad United,Multan Sultans,AD Hales,Rahmanullah Gurbaz,Abbas Afridi,4,0,,,,,,,,,
1293007,2021/22,2022-02-01,"National Stadium, Karachi",2,2.6,Islamabad United,Multan Sultans,AD Hales,Rahmanullah Gurbaz,Abbas Afridi,4,0,,,,,,,,,
1293007,2021/22,2022-02-01,"National Stadium, Karachi",2,3.1,Islamabad United,Multan Sultans,Rahmanullah Gurbaz,AD Hales,Anwar Ali,1,0,,,,,,,,,
1293007,2021/22,2022-02-01,"National Stadium, Karachi",2,3.2,Islamabad United,Multan Sultans,AD Hales,Rahmanullah Gurbaz,Anwar Ali,4,0,,,,,,,,,
1293007,2021/22,2022-02-01,"National Stadium, Karachi",2,3.3,Islamabad United,Multan Sultans,AD Hales,Rahmanullah Gurbaz,Anwar Ali,0,0,,,,,,,,,
1293007,2021/22,2022-02-01,"National Stadium, Karachi",2,3.4,Islamabad United,Multan Sultans,AD Hales,Rahmanullah Gurbaz,Anwar Ali,1,0,,,,,,,,,
1293007,2021/22,2022-02-01,"National Stadium, Karachi",2,3.5,Islamabad United,Multan Sultans,Rahmanullah Gurbaz,AD Hales,Anwar Ali,0,0,,,,,,,,,
1293007,2021/22,2022-02-01,"National Stadium, Karachi",2,3.6,Islamabad United,Multan Sultans,Rahmanullah Gurbaz,AD Hales,Anwar Ali,6,0,,,,,,,,,
1293007,2021/22,2022-02-01,"National Stadium, Karachi",2,4.1,Islamabad United,Multan Sultans,AD Hales,Rahmanullah Gurbaz,Rumman Raees,4,0,,,,,,,,,
1293007,2021/22,2022-02-01,"National Stadium, Karachi",2,4.2,Islamabad United,Multan Sultans,AD Hales,Rahmanullah Gurbaz,Rumman Raees,1,0,,,,,,,,,
1293007,2021/22,2022-02-01,"National Stadium, Karachi",2,4.3,Islamabad United,Multan Sultans,Rahmanullah Gurbaz,AD Hales,Rumman Raees,0,1,,,,1,,,,,
1293007,2021/22,2022-02-01,"National Stadium, Karachi",2,4.4,Islamabad United,Multan Sultans,AD Hales,Rahmanullah Gurbaz,Rumman Raees,0,0,,,,,,,,,
1293007,2021/22,2022-02-01,"National Stadium, Karachi",2,4.5,Islamabad United,Multan Sultans,AD Hales,Rahmanullah Gurbaz,Rumman Raees,1,0,,,,,,,,,
1293007,2021/22,2022-02-01,"National Stadium, Karachi",2,4.6,Islamabad United,Multan Sultans,Rahmanullah Gurbaz,AD Hales,Rumman Raees,4,0,,,,,,,,,
1293007,2021/22,2022-02-01,"National Stadium, Karachi",2,5.1,Islamabad United,Multan Sultans,AD Hales,Rahmanullah Gurbaz,DJ Willey,0,0,,,,,,caught,AD Hales,,
1293007,2021/22,2022-02-01,"National Stadium, Karachi",2,5.2,Islamabad United,Multan Sultans,Rahmanullah Gurbaz,Shadab Khan,DJ Willey,1,0,,,,,,,,,
1293007,2021/22,2022-02-01,"National Stadium, Karachi",2,5.3,Islamabad United,Multan Sultans,Shadab Khan,Rahmanullah Gurbaz,DJ Willey,4,0,,,,,,,,,
1293007,2021/22,2022-02-01,"National Stadium, Karachi",2,5.4,Islamabad United,Multan Sultans,Shadab Khan,Rahmanullah Gurbaz,DJ Willey,0,0,,,,,,,,,
1293007,2021/22,2022-02-01,"National Stadium, Karachi",2,5.5,Islamabad United,Multan Sultans,Shadab Khan,Rahmanullah Gurbaz,DJ Willey,6,0,,,,,,,,,
1293007,2021/22,2022-02-01,"National Stadium, Karachi",2,5.6,Islamabad United,Multan Sultans,Shadab Khan,Rahmanullah Gurbaz,DJ Willey,1,0,,,,,,,,,
1293007,2021/22,2022-02-01,"National Stadium, Karachi",2,6.1,Islamabad United,Multan Sultans,Shadab Khan,Rahmanullah Gurbaz,Imran Tahir,4,0,,,,,,,,,
1293007,2021/22,2022-02-01,"National Stadium, Karachi",2,6.2,Islamabad United,Multan Sultans,Shadab Khan,Rahmanullah Gurbaz,Imran Tahir,0,0,,,,,,,,,
1293007,2021/22,2022-02-01,"National Stadium, Karachi",2,6.3,Islamabad United,Multan Sultans,Shadab Khan,Rahmanullah Gurbaz,Imran Tahir,1,0,,,,,,,,,
1293007,2021/22,2022-02-01,"National Stadium, Karachi",2,6.4,Islamabad United,Multan Sultans,Rahmanullah Gurbaz,Shadab Khan,Imran Tahir,0,0,,,,,,,,,
1293007,2021/22,2022-02-01,"National Stadium, Karachi",2,6.5,Islamabad United,Multan Sultans,Rahmanullah Gurbaz,Shadab Khan,Imran Tahir,1,0,,,,,,,,,
1293007,2021/22,2022-02-01,"National Stadium, Karachi",2,6.6,Islamabad United,Multan Sultans,Shadab Khan,Rahmanullah Gurbaz,Imran Tahir,6,0,,,,,,,,,
1293007,2021/22,2022-02-01,"National Stadium, Karachi",2,7.1,Islamabad United,Multan Sultans,Rahmanullah Gurbaz,Shadab Khan,Khushdil Shah,0,0,,,,,,,,,
1293007,2021/22,2022-02-01,"National Stadium, Karachi",2,7.2,Islamabad United,Multan Sultans,Rahmanullah Gurbaz,Shadab Khan,Khushdil Shah,0,0,,,,,,,,,
1293007,2021/22,2022-02-01,"National Stadium, Karachi",2,7.3,Islamabad United,Multan Sultans,Rahmanullah Gurbaz,Shadab Khan,Khushdil Shah,0,0,,,,,,caught,Rahmanullah Gurbaz,,
1293007,2021/22,2022-02-01,"National Stadium, Karachi",2,7.4,Islamabad United,Multan Sultans,Shadab Khan,Faheem Ashraf,Khushdil Shah,1,0,,,,,,,,,
1293007,2021/22,2022-02-01,"National Stadium, Karachi",2,7.5,Islamabad United,Multan Sultans,Faheem Ashraf,Shadab Khan,Khushdil Shah,0,0,,,,,,lbw,Faheem Ashraf,,
1293007,2021/22,2022-02-01,"National Stadium, Karachi",2,7.6,Islamabad United,Multan Sultans,Azam Khan,Shadab Khan,Khushdil Shah,1,0,,,,,,,,,
1293007,2021/22,2022-02-01,"National Stadium, Karachi",2,8.1,Islamabad United,Multan Sultans,Azam Khan,Shadab Khan,Imran Tahir,1,0,,,,,,,,,
1293007,2021/22,2022-02-01,"National Stadium, Karachi",2,8.2,Islamabad United,Multan Sultans,Shadab Khan,Azam Khan,Imran Tahir,1,0,,,,,,,,,
1293007,2021/22,2022-02-01,"National Stadium, Karachi",2,8.3,Islamabad United,Multan Sultans,Azam Khan,Shadab Khan,Imran Tahir,1,0,,,,,,,,,
1293007,2021/22,2022-02-01,"National Stadium, Karachi",2,8.4,Islamabad United,Multan Sultans,Shadab Khan,Azam Khan,Imran Tahir,0,0,,,,,,,,,
1293007,2021/22,2022-02-01,"National Stadium, Karachi",2,8.5,Islamabad United,Multan Sultans,Shadab Khan,Azam Khan,Imran Tahir,1,0,,,,,,,,,
1293007,2021/22,2022-02-01,"National Stadium, Karachi",2,8.6,Islamabad United,Multan Sultans,Azam Khan,Shadab Khan,Imran Tahir,1,0,,,,,,,,,
1293007,2021/22,2022-02-01,"National Stadium, Karachi",2,9.1,Islamabad United,Multan Sultans,Azam Khan,Shadab Khan,Khushdil Shah,0,1,1,,,,,,,,
1293007,2021/22,2022-02-01,"National Stadium, Karachi",2,9.2,Islamabad United,Multan Sultans,Azam Khan,Shadab Khan,Khushdil Shah,0,1,1,,,,,,,,
1293007,2021/22,2022-02-01,"National Stadium, Karachi",2,9.3,Islamabad United,Multan Sultans,Azam Khan,Shadab Khan,Khushdil Shah,0,0,,,,,,,,,
1293007,2021/22,2022-02-01,"National Stadium, Karachi",2,9.4,Islamabad United,Multan Sultans,Azam Khan,Shadab Khan,Khushdil Shah,1,0,,,,,,,,,
1293007,2021/22,2022-02-01,"National Stadium, Karachi",2,9.5,Islamabad United,Multan Sultans,Shadab Khan,Azam Khan,Khushdil Shah,6,0,,,,,,,,,
1293007,2021/22,2022-02-01,"National Stadium, Karachi",2,9.6,Islamabad United,Multan Sultans,Shadab Khan,Azam Khan,Khushdil Shah,0,0,,,,,,,,,
1293007,2021/22,2022-02-01,"National Stadium, Karachi",2,9.7,Islamabad United,Multan Sultans,Shadab Khan,Azam Khan,Khushdil Shah,1,0,,,,,,,,,
1293007,2021/22,2022-02-01,"National Stadium, Karachi",2,9.8,Islamabad United,Multan Sultans,Azam Khan,Shadab Khan,Khushdil Shah,1,0,,,,,,,,,
1293007,2021/22,2022-02-01,"National Stadium, Karachi",2,10.1,Islamabad United,Multan Sultans,Azam Khan,Shadab Khan,Imran Tahir,1,0,,,,,,,,,
1293007,2021/22,2022-02-01,"National Stadium, Karachi",2,10.2,Islamabad United,Multan Sultans,Shadab Khan,Azam Khan,Imran Tahir,0,0,,,,,,,,,
1293007,2021/22,2022-02-01,"National Stadium, Karachi",2,10.3,Islamabad United,Multan Sultans,Shadab Khan,Azam Khan,Imran Tahir,0,0,,,,,,,,,
1293007,2021/22,2022-02-01,"National Stadium, Karachi",2,10.4,Islamabad United,Multan Sultans,Shadab Khan,Azam Khan,Imran Tahir,6,0,,,,,,,,,
1293007,2021/22,2022-02-01,"National Stadium, Karachi",2,10.5,Islamabad United,Multan Sultans,Shadab Khan,Azam Khan,Imran Tahir,1,0,,,,,,,,,
1293007,2021/22,2022-02-01,"National Stadium, Karachi",2,10.6,Islamabad United,Multan Sultans,Azam Khan,Shadab Khan,Imran Tahir,0,0,,,,,,,,,
1293007,2021/22,2022-02-01,"National Stadium, Karachi",2,11.1,Islamabad United,Multan Sultans,Shadab Khan,Azam Khan,Khushdil Shah,1,0,,,,,,,,,
1293007,2021/22,2022-02-01,"National Stadium, Karachi",2,11.2,Islamabad United,Multan Sultans,Azam Khan,Shadab Khan,Khushdil Shah,1,0,,,,,,,,,
1293007,2021/22,2022-02-01,"National Stadium, Karachi",2,11.3,Islamabad United,Multan Sultans,Shadab Khan,Azam Khan,Khushdil Shah,1,0,,,,,,,,,
1293007,2021/22,2022-02-01,"National Stadium, Karachi",2,11.4,Islamabad United,Multan Sultans,Azam Khan,Shadab Khan,Khushdil Shah,4,0,,,,,,,,,
1293007,2021/22,2022-02-01,"National Stadium, Karachi",2,11.5,Islamabad United,Multan Sultans,Azam Khan,Shadab Khan,Khushdil Shah,0,0,,,,,,caught,Azam Khan,,
1293007,2021/22,2022-02-01,"National Stadium, Karachi",2,11.6,Islamabad United,Multan Sultans,Asif Ali,Shadab Khan,Khushdil Shah,0,0,,,,,,,,,
1293007,2021/22,2022-02-01,"National Stadium, Karachi",2,12.1,Islamabad United,Multan Sultans,Shadab Khan,Asif Ali,Imran Tahir,0,0,,,,,,,,,
1293007,2021/22,2022-02-01,"National Stadium, Karachi",2,12.2,Islamabad United,Multan Sultans,Shadab Khan,Asif Ali,Imran Tahir,1,0,,,,,,,,,
1293007,2021/22,2022-02-01,"National Stadium, Karachi",2,12.3,Islamabad United,Multan Sultans,Asif Ali,Shadab Khan,Imran Tahir,1,0,,,,,,,,,
1293007,2021/22,2022-02-01,"National Stadium, Karachi",2,12.4,Islamabad United,Multan Sultans,Shadab Khan,Asif Ali,Imran Tahir,6,0,,,,,,,,,
1293007,2021/22,2022-02-01,"National Stadium, Karachi",2,12.5,Islamabad United,Multan Sultans,Shadab Khan,Asif Ali,Imran Tahir,1,0,,,,,,,,,
1293007,2021/22,2022-02-01,"National Stadium, Karachi",2,12.6,Islamabad United,Multan Sultans,Asif Ali,Shadab Khan,Imran Tahir,1,0,,,,,,,,,
1293007,2021/22,2022-02-01,"National Stadium, Karachi",2,13.1,Islamabad United,Multan Sultans,Asif Ali,Shadab Khan,Khushdil Shah,6,0,,,,,,,,,
1293007,2021/22,2022-02-01,"National Stadium, Karachi",2,13.2,Islamabad United,Multan Sultans,Asif Ali,Shadab Khan,Khushdil Shah,1,0,,,,,,,,,
1293007,2021/22,2022-02-01,"National Stadium, Karachi",2,13.3,Islamabad United,Multan Sultans,Shadab Khan,Asif Ali,Khushdil Shah,1,0,,,,,,,,,
1293007,2021/22,2022-02-01,"National Stadium, Karachi",2,13.4,Islamabad United,Multan Sultans,Asif Ali,Shadab Khan,Khushdil Shah,6,0,,,,,,,,,
1293007,2021/22,2022-02-01,"National Stadium, Karachi",2,13.5,Islamabad United,Multan Sultans,Asif Ali,Shadab Khan,Khushdil Shah,0,0,,,,,,caught and bowled,Asif Ali,,
1293007,2021/22,2022-02-01,"National Stadium, Karachi",2,13.6,Islamabad United,Multan Sultans,Shadab Khan,Mubasir Khan,Khushdil Shah,1,0,,,,,,,,,
1293007,2021/22,2022-02-01,"National Stadium, Karachi",2,14.1,Islamabad United,Multan Sultans,Shadab Khan,Mubasir Khan,Rumman Raees,4,0,,,,,,,,,
1293007,2021/22,2022-02-01,"National Stadium, Karachi",2,14.2,Islamabad United,Multan Sultans,Shadab Khan,Mubasir Khan,Rumman Raees,1,0,,,,,,,,,
1293007,2021/22,2022-02-01,"National Stadium, Karachi",2,14.3,Islamabad United,Multan Sultans,Mubasir Khan,Shadab Khan,Rumman Raees,2,0,,,,,,,,,
1293007,2021/22,2022-02-01,"National Stadium, Karachi",2,14.4,Islamabad United,Multan Sultans,Mubasir Khan,Shadab Khan,Rumman Raees,1,0,,,,,,,,,
1293007,2021/22,2022-02-01,"National Stadium, Karachi",2,14.5,Islamabad United,Multan Sultans,Shadab Khan,Mubasir Khan,Rumman Raees,0,1,1,,,,,,,,
1293007,2021/22,2022-02-01,"National Stadium, Karachi",2,14.6,Islamabad United,Multan Sultans,Shadab Khan,Mubasir Khan,Rumman Raees,1,0,,,,,,,,,
1293007,2021/22,2022-02-01,"National Stadium, Karachi",2,14.7,Islamabad United,Multan Sultans,Mubasir Khan,Shadab Khan,Rumman Raees,0,0,,,,,,,,,
1293007,2021/22,2022-02-01,"National Stadium, Karachi",2,15.1,Islamabad United,Multan Sultans,Shadab Khan,Mubasir Khan,Abbas Afridi,1,0,,,,,,,,,
1293007,2021/22,2022-02-01,"National Stadium, Karachi",2,15.2,Islamabad United,Multan Sultans,Mubasir Khan,Shadab Khan,Abbas Afridi,1,0,,,,,,,,,
1293007,2021/22,2022-02-01,"National Stadium, Karachi",2,15.3,Islamabad United,Multan Sultans,Shadab Khan,Mubasir Khan,Abbas Afridi,6,0,,,,,,,,,
1293007,2021/22,2022-02-01,"National Stadium, Karachi",2,15.4,Islamabad United,Multan Sultans,Shadab Khan,Mubasir Khan,Abbas Afridi,0,0,,,,,,,,,
1293007,2021/22,2022-02-01,"National Stadium, Karachi",2,15.5,Islamabad United,Multan Sultans,Shadab Khan,Mubasir Khan,Abbas Afridi,6,0,,,,,,,,,
1293007,2021/22,2022-02-01,"National Stadium, Karachi",2,15.6,Islamabad United,Multan Sultans,Shadab Khan,Mubasir Khan,Abbas Afridi,0,0,,,,,,,,,
1293007,2021/22,2022-02-01,"National Stadium, Karachi",2,16.1,Islamabad United,Multan Sultans,Mubasir Khan,Shadab Khan,DJ Willey,2,0,,,,,,,,,
1293007,2021/22,2022-02-01,"National Stadium, Karachi",2,16.2,Islamabad United,Multan Sultans,Mubasir Khan,Shadab Khan,DJ Willey,0,0,,,,,,,,,
1293007,2021/22,2022-02-01,"National Stadium, Karachi",2,16.3,Islamabad United,Multan Sultans,Mubasir Khan,Shadab Khan,DJ Willey,0,1,1,,,,,,,,
1293007,2021/22,2022-02-01,"National Stadium, Karachi",2,16.4,Islamabad United,Multan Sultans,Mubasir Khan,Shadab Khan,DJ Willey,2,0,,,,,,,,,
1293007,2021/22,2022-02-01,"National Stadium, Karachi",2,16.5,Islamabad United,Multan Sultans,Mubasir Khan,Shadab Khan,DJ Willey,1,0,,,,,,,,,
1293007,2021/22,2022-02-01,"National Stadium, Karachi",2,16.6,Islamabad United,Multan Sultans,Shadab Khan,Mubasir Khan,DJ Willey,6,0,,,,,,,,,
1293007,2021/22,2022-02-01,"National Stadium, Karachi",2,16.7,Islamabad United,Multan Sultans,Shadab Khan,Mubasir Khan,DJ Willey,0,0,,,,,,,,,
1293007,2021/22,2022-02-01,"National Stadium, Karachi",2,17.1,Islamabad United,Multan Sultans,Mubasir Khan,Shadab Khan,Anwar Ali,0,1,1,,,,,,,,
1293007,2021/22,2022-02-01,"National Stadium, Karachi",2,17.2,Islamabad United,Multan Sultans,Mubasir Khan,Shadab Khan,Anwar Ali,0,0,,,,,,caught,Mubasir Khan,,
1293007,2021/22,2022-02-01,"National Stadium, Karachi",2,17.3,Islamabad United,Multan Sultans,Shadab Khan,Hasan Ali,Anwar Ali,4,0,,,,,,,,,
1293007,2021/22,2022-02-01,"National Stadium, Karachi",2,17.4,Islamabad United,Multan Sultans,Shadab Khan,Hasan Ali,Anwar Ali,1,0,,,,,,,,,
1293007,2021/22,2022-02-01,"National Stadium, Karachi",2,17.5,Islamabad United,Multan Sultans,Hasan Ali,Shadab Khan,Anwar Ali,2,0,,,,,,,,,
1293007,2021/22,2022-02-01,"National Stadium, Karachi",2,17.6,Islamabad United,Multan Sultans,Hasan Ali,Shadab Khan,Anwar Ali,0,0,,,,,,,,,
1293007,2021/22,2022-02-01,"National Stadium, Karachi",2,17.7,Islamabad United,Multan Sultans,Hasan Ali,Shadab Khan,Anwar Ali,1,0,,,,,,run out,Hasan Ali,,
1293007,2021/22,2022-02-01,"National Stadium, Karachi",2,18.1,Islamabad United,Multan Sultans,Shadab Khan,Mohammad Wasim,Rumman Raees,6,0,,,,,,,,,
1293007,2021/22,2022-02-01,"National Stadium, Karachi",2,18.2,Islamabad United,Multan Sultans,Shadab Khan,Mohammad Wasim,Rumman Raees,4,0,,,,,,,,,
1293007,2021/22,2022-02-01,"National Stadium, Karachi",2,18.3,Islamabad United,Multan Sultans,Shadab Khan,Mohammad Wasim,Rumman Raees,0,0,,,,,,caught,Shadab Khan,,
1293007,2021/22,2022-02-01,"National Stadium, Karachi",2,18.4,Islamabad United,Multan Sultans,Mohammad Wasim,M de Lange,Rumman Raees,1,0,,,,,,,,,
1293007,2021/22,2022-02-01,"National Stadium, Karachi",2,18.5,Islamabad United,Multan Sultans,M de Lange,Mohammad Wasim,Rumman Raees,0,0,,,,,,,,,
1293007,2021/22,2022-02-01,"National Stadium, Karachi",2,18.6,Islamabad United,Multan Sultans,M de Lange,Mohammad Wasim,Rumman Raees,0,0,,,,,,,,,
1293007,2021/22,2022-02-01,"National Stadium, Karachi",2,19.1,Islamabad United,Multan Sultans,Mohammad Wasim,M de Lange,DJ Willey,0,0,,,,,,,,,
1293007,2021/22,2022-02-01,"National Stadium, Karachi",2,19.2,Islamabad United,Multan Sultans,Mohammad Wasim,M de Lange,DJ Willey,2,0,,,,,,,,,
1293007,2021/22,2022-02-01,"National Stadium, Karachi",2,19.3,Islamabad United,Multan Sultans,Mohammad Wasim,M de Lange,DJ Willey,0,0,,,,,,,,,
1293007,2021/22,2022-02-01,"National Stadium, Karachi",2,19.4,Islamabad United,Multan Sultans,Mohammad Wasim,M de Lange,DJ Willey,0,0,,,,,,bowled,Mohammad Wasim,,
