match_id,season,start_date,venue,innings,ball,batting_team,bowling_team,striker,non_striker,bowler,runs_off_bat,extras,wides,noballs,byes,legbyes,penalty,wicket_type,player_dismissed,other_wicket_type,other_player_dismissed
1293010,2021/22,2022-02-04,"National Stadium, Karachi",1,0.1,Peshawar Zalmi,Karachi Kings,Hazratullah,Kamran Akmal,Imad Wasim,0,0,,,,,,,,,
1293010,2021/22,2022-02-04,"National Stadium, Karachi",1,0.2,Peshawar Zalmi,Karachi Kings,Hazratullah,Kamran Akmal,Imad Wasim,0,0,,,,,,,,,
1293010,2021/22,2022-02-04,"National Stadium, Karachi",1,0.3,Peshawar Zalmi,Karachi Kings,Hazratullah,Kamran Akmal,Imad Wasim,0,0,,,,,,,,,
1293010,2021/22,2022-02-04,"National Stadium, Karachi",1,0.4,Peshawar Zalmi,Karachi Kings,Hazratullah,Kamran Akmal,Imad Wasim,0,0,,,,,,,,,
1293010,2021/22,2022-02-04,"National Stadium, Karachi",1,0.5,Peshawar Zalmi,Karachi Kings,Hazratullah,Kamran Akmal,Imad Wasim,0,0,,,,,,,,,
1293010,2021/22,2022-02-04,"National Stadium, Karachi",1,0.6,Peshawar Zalmi,Karachi Kings,Hazratullah,Kamran Akmal,Imad Wasim,4,0,,,,,,,,,
1293010,2021/22,2022-02-04,"National Stadium, Karachi",1,1.1,Peshawar Zalmi,Karachi Kings,Kamran Akmal,Hazratullah,Aamer Yamin,0,0,,,,,,,,,
1293010,2021/22,2022-02-04,"National Stadium, Karachi",1,1.2,Peshawar Zalmi,Karachi Kings,Kamran Akmal,Hazratullah,Aamer Yamin,0,0,,,,,,,,,
1293010,2021/22,2022-02-04,"National Stadium, Karachi",1,1.3,Peshawar Zalmi,Karachi Kings,Kamran Akmal,Hazratullah,Aamer Yamin,0,0,,,,,,,,,
1293010,2021/22,2022-02-04,"National Stadium, Karachi",1,1.4,Peshawar Zalmi,Karachi Kings,Kamran Akmal,Hazratullah,Aamer Yamin,1,0,,,,,,,,,
1293010,2021/22,2022-02-04,"National Stadium, Karachi",1,1.5,Peshawar Zalmi,Karachi Kings,Hazratullah,Kamran Akmal,Aamer Yamin,0,0,,,,,,,,,
1293010,2021/22,2022-02-04,"National Stadium, Karachi",1,1.6,Peshawar Zalmi,Karachi Kings,Hazratullah,Kamran Akmal,Aamer Yamin,1,0,,,,,,,,,
1293010,2021/22,2022-02-04,"National Stadium, Karachi",1,2.1,Peshawar Zalmi,Karachi Kings,Hazratullah,Kamran Akmal,Mohammad Imran,0,1,,1,,,,,,,
1293010,2021/22,2022-02-04,"National Stadium, Karachi",1,2.2,Peshawar Zalmi,Karachi Kings,Hazratullah,Kamran Akmal,Mohammad Imran,4,0,,,,,,,,,
1293010,2021/22,2022-02-04,"National Stadium, Karachi",1,2.3,Peshawar Zalmi,Karachi Kings,Hazratullah,Kamran Akmal,Mohammad Imran,0,0,,,,,,,,,
1293010,2021/22,2022-02-04,"National Stadium, Karachi",1,2.4,Peshawar Zalmi,Karachi Kings,Hazratullah,Kamran Akmal,Mohammad Imran,0,0,,,,,,,,,
1293010,2021/22,2022-02-04,"National Stadium, Karachi",1,2.5,Peshawar Zalmi,Karachi Kings,Hazratullah,Kamran Akmal,Mohammad Imran,0,0,,,,,,,,,
1293010,2021/22,2022-02-04,"National Stadium, Karachi",1,2.6,Peshawar Zalmi,Karachi Kings,Hazratullah,Kamran Akmal,Mohammad Imran,0,0,,,,,,,,,
1293010,2021/22,2022-02-04,"National Stadium, Karachi",1,2.7,Peshawar Zalmi,Karachi Kings,Hazratullah,Kamran Akmal,Mohammad Imran,1,0,,,,,,,,,
1293010,2021/22,2022-02-04,"National Stadium, Karachi",1,3.1,Peshawar Zalmi,Karachi Kings,Hazratullah,Kamran Akmal,Aamer Yamin,6,0,,,,,,,,,
1293010,2021/22,2022-02-04,"National Stadium, Karachi",1,3.2,Peshawar Zalmi,Karachi Kings,Hazratullah,Kamran Akmal,Aamer Yamin,6,0,,,,,,,,,
1293010,2021/22,2022-02-04,"National Stadium, Karachi",1,3.3,Peshawar Zalmi,Karachi Kings,Hazratullah,Kamran Akmal,Aamer Yamin,4,0,,,,,,,,,
1293010,2021/22,2022-02-04,"National Stadium, Karachi",1,3.4,Peshawar Zalmi,Karachi Kings,Hazratullah,Kamran Akmal,Aamer Yamin,0,1,1,,,,,,,,
1293010,2021/22,2022-02-04,"National Stadium, Karachi",1,3.5,Peshawar Zalmi,Karachi Kings,Hazratullah,Kamran Akmal,Aamer Yamin,4,0,,,,,,,,,
1293010,2021/22,2022-02-04,"National Stadium, Karachi",1,3.6,Peshawar Zalmi,Karachi Kings,Hazratullah,Kamran Akmal,Aamer Yamin,0,0,,,,,,,,,
1293010,2021/22,2022-02-04,"National Stadium, Karachi",1,3.7,Peshawar Zalmi,Karachi Kings,Hazratullah,Kamran Akmal,Aamer Yamin,0,0,,,,,,,,,
1293010,2021/22,2022-02-04,"National Stadium, Karachi",1,4.1,Peshawar Zalmi,Karachi Kings,Kamran Akmal,Hazratullah,Mohammad Imran,4,0,,,,,,,,,
1293010,2021/22,2022-02-04,"National Stadium, Karachi",1,4.2,Peshawar Zalmi,Karachi Kings,Kamran Akmal,Hazratullah,Mohammad Imran,1,0,,,,,,,,,
1293010,2021/22,2022-02-04,"National Stadium, Karachi",1,4.3,Peshawar Zalmi,Karachi Kings,Hazratullah,Kamran Akmal,Mohammad Imran,1,0,,,,,,,,,
1293010,2021/22,2022-02-04,"National Stadium, Karachi",1,4.4,Peshawar Zalmi,Karachi Kings,Kamran Akmal,Hazratullah,Mohammad Imran,1,0,,,,,,,,,
1293010,2021/22,2022-02-04,"National Stadium, Karachi",1,4.5,Peshawar Zalmi,Karachi Kings,Hazratullah,Kamran Akmal,Mohammad Imran,1,0,,,,,,,,,
1293010,2021/22,2022-02-04,"National Stadium, Karachi",1,4.6,Peshawar Zalmi,Karachi Kings,Kamran Akmal,Hazratullah,Mohammad Imran,1,0,,,,,,,,,
1293010,2021/22,2022-02-04,"National Stadium, Karachi",1,5.1,Peshawar Zalmi,Karachi Kings,Kamran Akmal,Hazratullah,Umaid Asif,1,0,,,,,,,,,
1293010,2021/22,2022-02-04,"National Stadium, Karachi",1,5.2,Peshawar Zalmi,Karachi Kings,Hazratullah,Kamran Akmal,Umaid Asif,4,0,,,,,,,,,
1293010,2021/22,2022-02-04,"National Stadium, Karachi",1,5.3,Peshawar Zalmi,Karachi Kings,Hazratullah,Kamran Akmal,Umaid Asif,5,0,,,,,,,,,
1293010,2021/22,2022-02-04,"National Stadium, Karachi",1,5.4,Peshawar Zalmi,Karachi Kings,Kamran Akmal,Hazratullah,Umaid Asif,1,0,,,,,,,,,
1293010,2021/22,2022-02-04,"National Stadium, Karachi",1,5.5,Peshawar Zalmi,Karachi Kings,Hazratullah,Kamran Akmal,Umaid Asif,0,0,,,,,,,,,
1293010,2021/22,2022-02-04,"National Stadium, Karachi",1,5.6,Peshawar Zalmi,Karachi Kings,Hazratullah,Kamran Akmal,Umaid Asif,0,0,,,,,,caught,Hazratullah,,
1293010,2021/22,2022-02-04,"National Stadium, Karachi",1,6.1,Peshawar Zalmi,Karachi Kings,Haider Ali,Kamran Akmal,Imad Wasim,1,0,,,,,,,,,
1293010,2021/22,2022-02-04,"National Stadium, Karachi",1,6.2,Peshawar Zalmi,Karachi Kings,Kamran Akmal,Haider Ali,Imad Wasim,2,0,,,,,,,,,
1293010,2021/22,2022-02-04,"National Stadium, Karachi",1,6.3,Peshawar Zalmi,Karachi Kings,Kamran Akmal,Haider Ali,Imad Wasim,1,0,,,,,,,,,
1293010,2021/22,2022-02-04,"National Stadium, Karachi",1,6.4,Peshawar Zalmi,Karachi Kings,Haider Ali,Kamran Akmal,Imad Wasim,0,0,,,,,,,,,
1293010,2021/22,2022-02-04,"National Stadium, Karachi",1,6.5,Peshawar Zalmi,Karachi Kings,Haider Ali,Kamran Akmal,Imad Wasim,0,0,,,,,,,,,
1293010,2021/22,2022-02-04,"National Stadium, Karachi",1,6.6,Peshawar Zalmi,Karachi Kings,Haider Ali,Kamran Akmal,Imad Wasim,0,0,,,,,,,,,
1293010,2021/22,2022-02-04,"National Stadium, Karachi",1,7.1,Peshawar Zalmi,Karachi Kings,Kamran Akmal,Haider Ali,L Gregory,1,0,,,,,,,,,
1293010,2021/22,2022-02-04,"National Stadium, Karachi",1,7.2,Peshawar Zalmi,Karachi Kings,Haider Ali,Kamran Akmal,L Gregory,1,0,,,,,,,,,
1293010,2021/22,2022-02-04,"National Stadium, Karachi",1,7.3,Peshawar Zalmi,Karachi Kings,Kamran Akmal,Haider Ali,L Gregory,1,0,,,,,,,,,
1293010,2021/22,2022-02-04,"National Stadium, Karachi",1,7.4,Peshawar Zalmi,Karachi Kings,Haider Ali,Kamran Akmal,L Gregory,2,0,,,,,,,,,
1293010,2021/22,2022-02-04,"National Stadium, Karachi",1,7.5,Peshawar Zalmi,Karachi Kings,Haider Ali,Kamran Akmal,L Gregory,1,0,,,,,,,,,
1293010,2021/22,2022-02-04,"National Stadium, Karachi",1,7.6,Peshawar Zalmi,Karachi Kings,Kamran Akmal,Haider Ali,L Gregory,4,0,,,,,,,,,
1293010,2021/22,2022-02-04,"National Stadium, Karachi",1,8.1,Peshawar Zalmi,Karachi Kings,Haider Ali,Kamran Akmal,Imad Wasim,2,0,,,,,,,,,
1293010,2021/22,2022-02-04,"National Stadium, Karachi",1,8.2,Peshawar Zalmi,Karachi Kings,Haider Ali,Kamran Akmal,Imad Wasim,1,0,,,,,,,,,
1293010,2021/22,2022-02-04,"National Stadium, Karachi",1,8.3,Peshawar Zalmi,Karachi Kings,Kamran Akmal,Haider Ali,Imad Wasim,1,0,,,,,,,,,
1293010,2021/22,2022-02-04,"National Stadium, Karachi",1,8.4,Peshawar Zalmi,Karachi Kings,Haider Ali,Kamran Akmal,Imad Wasim,1,0,,,,,,,,,
1293010,2021/22,2022-02-04,"National Stadium, Karachi",1,8.5,Peshawar Zalmi,Karachi Kings,Kamran Akmal,Haider Ali,Imad Wasim,1,0,,,,,,,,,
1293010,2021/22,2022-02-04,"National Stadium, Karachi",1,8.6,Peshawar Zalmi,Karachi Kings,Haider Ali,Kamran Akmal,Imad Wasim,0,0,,,,,,,,,
1293010,2021/22,2022-02-04,"National Stadium, Karachi",1,9.1,Peshawar Zalmi,Karachi Kings,Kamran Akmal,Haider Ali,Umaid Asif,0,0,,,,,,,,,
1293010,2021/22,2022-02-04,"National Stadium, Karachi",1,9.2,Peshawar Zalmi,Karachi Kings,Kamran Akmal,Haider Ali,Umaid Asif,0,1,1,,,,,,,,
1293010,2021/22,2022-02-04,"National Stadium, Karachi",1,9.3,Peshawar Zalmi,Karachi Kings,Kamran Akmal,Haider Ali,Umaid Asif,0,0,,,,,,caught,Kamran Akmal,,
1293010,2021/22,2022-02-04,"National Stadium, Karachi",1,9.4,Peshawar Zalmi,Karachi Kings,Haider Ali,Shoaib Malik,Umaid Asif,2,0,,,,,,,,,
1293010,2021/22,2022-02-04,"National Stadium, Karachi",1,9.5,Peshawar Zalmi,Karachi Kings,Haider Ali,Shoaib Malik,Umaid Asif,1,0,,,,,,,,,
1293010,2021/22,2022-02-04,"National Stadium, Karachi",1,9.6,Peshawar Zalmi,Karachi Kings,Shoaib Malik,Haider Ali,Umaid Asif,1,0,,,,,,,,,
1293010,2021/22,2022-02-04,"National Stadium, Karachi",1,9.7,Peshawar Zalmi,Karachi Kings,Haider Ali,Shoaib Malik,Umaid Asif,0,0,,,,,,,,,
1293010,2021/22,2022-02-04,"National Stadium, Karachi",1,10.1,Peshawar Zalmi,Karachi Kings,Shoaib Malik,Haider Ali,Imad Wasim,1,0,,,,,,,,,
1293010,2021/22,2022-02-04,"National Stadium, Karachi",1,10.2,Peshawar Zalmi,Karachi Kings,Haider Ali,Shoaib Malik,Imad Wasim,1,0,,,,,,,,,
1293010,2021/22,2022-02-04,"National Stadium, Karachi",1,10.3,Peshawar Zalmi,Karachi Kings,Shoaib Malik,Haider Ali,Imad Wasim,6,0,,,,,,,,,
1293010,2021/22,2022-02-04,"National Stadium, Karachi",1,10.4,Peshawar Zalmi,Karachi Kings,Shoaib Malik,Haider Ali,Imad Wasim,1,0,,,,,,,,,
1293010,2021/22,2022-02-04,"National Stadium, Karachi",1,10.5,Peshawar Zalmi,Karachi Kings,Haider Ali,Shoaib Malik,Imad Wasim,1,0,,,,,,,,,
1293010,2021/22,2022-02-04,"National Stadium, Karachi",1,10.6,Peshawar Zalmi,Karachi Kings,Shoaib Malik,Haider Ali,Imad Wasim,6,0,,,,,,,,,
1293010,2021/22,2022-02-04,"National Stadium, Karachi",1,11.1,Peshawar Zalmi,Karachi Kings,Haider Ali,Shoaib Malik,Mohammad Nabi,1,0,,,,,,,,,
1293010,2021/22,2022-02-04,"National Stadium, Karachi",1,11.2,Peshawar Zalmi,Karachi Kings,Shoaib Malik,Haider Ali,Mohammad Nabi,1,0,,,,,,,,,
1293010,2021/22,2022-02-04,"National Stadium, Karachi",1,11.3,Peshawar Zalmi,Karachi Kings,Haider Ali,Shoaib Malik,Mohammad Nabi,0,4,,,4,,,,,,
1293010,2021/22,2022-02-04,"National Stadium, Karachi",1,11.4,Peshawar Zalmi,Karachi Kings,Haider Ali,Shoaib Malik,Mohammad Nabi,1,0,,,,,,,,,
1293010,2021/22,2022-02-04,"National Stadium, Karachi",1,11.5,Peshawar Zalmi,Karachi Kings,Shoaib Malik,Haider Ali,Mohammad Nabi,1,0,,,,,,,,,
1293010,2021/22,2022-02-04,"National Stadium, Karachi",1,11.6,Peshawar Zalmi,Karachi Kings,Haider Ali,Shoaib Malik,Mohammad Nabi,0,0,,,,,,,,,
1293010,2021/22,2022-02-04,"National Stadium, Karachi",1,12.1,Peshawar Zalmi,Karachi Kings,Shoaib Malik,Haider Ali,Aamer Yamin,1,0,,,,,,,,,
1293010,2021/22,2022-02-04,"National Stadium, Karachi",1,12.2,Peshawar Zalmi,Karachi Kings,Haider Ali,Shoaib Malik,Aamer Yamin,0,0,,,,,,caught,Haider Ali,,
1293010,2021/22,2022-02-04,"National Stadium, Karachi",1,12.3,Peshawar Zalmi,Karachi Kings,Shoaib Malik,BCJ Cutting,Aamer Yamin,1,0,,,,,,,,,
1293010,2021/22,2022-02-04,"National Stadium, Karachi",1,12.4,Peshawar Zalmi,Karachi Kings,BCJ Cutting,Shoaib Malik,Aamer Yamin,0,0,,,,,,,,,
1293010,2021/22,2022-02-04,"National Stadium, Karachi",1,12.5,Peshawar Zalmi,Karachi Kings,BCJ Cutting,Shoaib Malik,Aamer Yamin,0,0,,,,,,,,,
1293010,2021/22,2022-02-04,"National Stadium, Karachi",1,12.6,Peshawar Zalmi,Karachi Kings,BCJ Cutting,Shoaib Malik,Aamer Yamin,1,0,,,,,,,,,
1293010,2021/22,2022-02-04,"National Stadium, Karachi",1,13.1,Peshawar Zalmi,Karachi Kings,BCJ Cutting,Shoaib Malik,Mohammad Nabi,1,0,,,,,,,,,
1293010,2021/22,2022-02-04,"National Stadium, Karachi",1,13.2,Peshawar Zalmi,Karachi Kings,Shoaib Malik,BCJ Cutting,Mohammad Nabi,1,0,,,,,,,,,
1293010,2021/22,2022-02-04,"National Stadium, Karachi",1,13.3,Peshawar Zalmi,Karachi Kings,BCJ Cutting,Shoaib Malik,Mohammad Nabi,1,0,,,,,,,,,
1293010,2021/22,2022-02-04,"National Stadium, Karachi",1,13.4,Peshawar Zalmi,Karachi Kings,Shoaib Malik,BCJ Cutting,Mohammad Nabi,1,0,,,,,,,,,
1293010,2021/22,2022-02-04,"National Stadium, Karachi",1,13.5,Peshawar Zalmi,Karachi Kings,BCJ Cutting,Shoaib Malik,Mohammad Nabi,0,0,,,,,,,,,
1293010,2021/22,2022-02-04,"National Stadium, Karachi",1,13.6,Peshawar Zalmi,Karachi Kings,BCJ Cutting,Shoaib Malik,Mohammad Nabi,1,0,,,,,,,,,
1293010,2021/22,2022-02-04,"National Stadium, Karachi",1,14.1,Peshawar Zalmi,Karachi Kings,BCJ Cutting,Shoaib Malik,Aamer Yamin,1,0,,,,,,,,,
1293010,2021/22,2022-02-04,"National Stadium, Karachi",1,14.2,Peshawar Zalmi,Karachi Kings,Shoaib Malik,BCJ Cutting,Aamer Yamin,4,0,,,,,,,,,
1293010,2021/22,2022-02-04,"National Stadium, Karachi",1,14.3,Peshawar Zalmi,Karachi Kings,Shoaib Malik,BCJ Cutting,Aamer Yamin,1,0,,,,,,,,,
1293010,2021/22,2022-02-04,"National Stadium, Karachi",1,14.4,Peshawar Zalmi,Karachi Kings,BCJ Cutting,Shoaib Malik,Aamer Yamin,0,1,1,,,,,,,,
1293010,2021/22,2022-02-04,"National Stadium, Karachi",1,14.5,Peshawar Zalmi,Karachi Kings,BCJ Cutting,Shoaib Malik,Aamer Yamin,1,0,,,,,,,,,
1293010,2021/22,2022-02-04,"National Stadium, Karachi",1,14.6,Peshawar Zalmi,Karachi Kings,Shoaib Malik,BCJ Cutting,Aamer Yamin,1,0,,,,,,,,,
1293010,2021/22,2022-02-04,"National Stadium, Karachi",1,14.7,Peshawar Zalmi,Karachi Kings,BCJ Cutting,Shoaib Malik,Aamer Yamin,1,0,,,,,,,,,
1293010,2021/22,2022-02-04,"National Stadium, Karachi",1,15.1,Peshawar Zalmi,Karachi Kings,BCJ Cutting,Shoaib Malik,Mohammad Nabi,0,0,,,,,,,,,
1293010,2021/22,2022-02-04,"National Stadium, Karachi",1,15.2,Peshawar Zalmi,Karachi Kings,BCJ Cutting,Shoaib Malik,Mohammad Nabi,2,0,,,,,,,,,
1293010,2021/22,2022-02-04,"National Stadium, Karachi",1,15.3,Peshawar Zalmi,Karachi Kings,BCJ Cutting,Shoaib Malik,Mohammad Nabi,0,0,,,,,,,,,
1293010,2021/22,2022-02-04,"National Stadium, Karachi",1,15.4,Peshawar Zalmi,Karachi Kings,BCJ Cutting,Shoaib Malik,Mohammad Nabi,2,0,,,,,,,,,
1293010,2021/22,2022-02-04,"National Stadium, Karachi",1,15.5,Peshawar Zalmi,Karachi Kings,BCJ Cutting,Shoaib Malik,Mohammad Nabi,1,0,,,,,,,,,
1293010,2021/22,2022-02-04,"National Stadium, Karachi",1,15.6,Peshawar Zalmi,Karachi Kings,Shoaib Malik,BCJ Cutting,Mohammad Nabi,1,0,,,,,,,,,
1293010,2021/22,2022-02-04,"National Stadium, Karachi",1,16.1,Peshawar Zalmi,Karachi Kings,Shoaib Malik,BCJ Cutting,Mohammad Imran,4,0,,,,,,,,,
1293010,2021/22,2022-02-04,"National Stadium, Karachi",1,16.2,Peshawar Zalmi,Karachi Kings,Shoaib Malik,BCJ Cutting,Mohammad Imran,2,0,,,,,,,,,
1293010,2021/22,2022-02-04,"National Stadium, Karachi",1,16.3,Peshawar Zalmi,Karachi Kings,Shoaib Malik,BCJ Cutting,Mohammad Imran,1,0,,,,,,,,,
1293010,2021/22,2022-02-04,"National Stadium, Karachi",1,16.4,Peshawar Zalmi,Karachi Kings,BCJ Cutting,Shoaib Malik,Mohammad Imran,1,0,,,,,,,,,
1293010,2021/22,2022-02-04,"National Stadium, Karachi",1,16.5,Peshawar Zalmi,Karachi Kings,Shoaib Malik,BCJ Cutting,Mohammad Imran,4,0,,,,,,,,,
1293010,2021/22,2022-02-04,"National Stadium, Karachi",1,16.6,Peshawar Zalmi,Karachi Kings,Shoaib Malik,BCJ Cutting,Mohammad Imran,2,0,,,,,,,,,
1293010,2021/22,2022-02-04,"National Stadium, Karachi",1,17.1,Peshawar Zalmi,Karachi Kings,BCJ Cutting,Shoaib Malik,Umaid Asif,1,0,,,,,,,,,
1293010,2021/22,2022-02-04,"National Stadium, Karachi",1,17.2,Peshawar Zalmi,Karachi Kings,Shoaib Malik,BCJ Cutting,Umaid Asif,1,0,,,,,,,,,
1293010,2021/22,2022-02-04,"National Stadium, Karachi",1,17.3,Peshawar Zalmi,Karachi Kings,BCJ Cutting,Shoaib Malik,Umaid Asif,1,0,,,,,,,,,
1293010,2021/22,2022-02-04,"National Stadium, Karachi",1,17.4,Peshawar Zalmi,Karachi Kings,Shoaib Malik,BCJ Cutting,Umaid Asif,4,0,,,,,,,,,
1293010,2021/22,2022-02-04,"National Stadium, Karachi",1,17.5,Peshawar Zalmi,Karachi Kings,Shoaib Malik,BCJ Cutting,Umaid Asif,1,0,,,,,,,,,
1293010,2021/22,2022-02-04,"National Stadium, Karachi",1,17.6,Peshawar Zalmi,Karachi Kings,BCJ Cutting,Shoaib Malik,Umaid Asif,2,0,,,,,,,,,
1293010,2021/22,2022-02-04,"National Stadium, Karachi",1,18.1,Peshawar Zalmi,Karachi Kings,Shoaib Malik,BCJ Cutting,Mohammad Imran,0,0,,,,,,,,,
1293010,2021/22,2022-02-04,"National Stadium, Karachi",1,18.2,Peshawar Zalmi,Karachi Kings,Shoaib Malik,BCJ Cutting,Mohammad Imran,4,0,,,,,,,,,
1293010,2021/22,2022-02-04,"National Stadium, Karachi",1,18.3,Peshawar Zalmi,Karachi Kings,Shoaib Malik,BCJ Cutting,Mohammad Imran,0,1,,,,1,,,,,
1293010,2021/22,2022-02-04,"National Stadium, Karachi",1,18.4,Peshawar Zalmi,Karachi Kings,BCJ Cutting,Shoaib Malik,Mohammad Imran,6,0,,,,,,,,,
1293010,2021/22,2022-02-04,"National Stadium, Karachi",1,18.5,Peshawar Zalmi,Karachi Kings,BCJ Cutting,Shoaib Malik,Mohammad Imran,1,0,,,,,,,,,
1293010,2021/22,2022-02-04,"National Stadium, Karachi",1,18.6,Peshawar Zalmi,Karachi Kings,Shoaib Malik,BCJ Cutting,Mohammad Imran,0,0,,,,,,,,,
1293010,2021/22,2022-02-04,"National Stadium, Karachi",1,19.1,Peshawar Zalmi,Karachi Kings,BCJ Cutting,Shoaib Malik,Umaid Asif,0,0,,,,,,caught,BCJ Cutting,,
1293010,2021/22,2022-02-04,"National Stadium, Karachi",1,19.2,Peshawar Zalmi,Karachi Kings,SE Rutherford,Shoaib Malik,Umaid Asif,0,1,,,,1,,,,,
1293010,2021/22,2022-02-04,"National Stadium, Karachi",1,19.3,Peshawar Zalmi,Karachi Kings,Shoaib Malik,SE Rutherford,Umaid Asif,1,0,,,,,,,,,
1293010,2021/22,2022-02-04,"National Stadium, Karachi",1,19.4,Peshawar Zalmi,Karachi Kings,SE Rutherford,Shoaib Malik,Umaid Asif,6,0,,,,,,,,,
1293010,2021/22,2022-02-04,"National Stadium, Karachi",1,19.5,Peshawar Zalmi,Karachi Kings,SE Rutherford,Shoaib Malik,Umaid Asif,2,0,,,,,,,,,
1293010,2021/22,2022-02-04,"National Stadium, Karachi",1,19.6,Peshawar Zalmi,Karachi Kings,SE Rutherford,Shoaib Malik,Umaid Asif,1,0,,,,,,,,,
1293010,2021/22,2022-02-04,"National Stadium, Karachi",2,0.1,Karachi Kings,Peshawar Zalmi,Babar Azam,Sharjeel Khan,Shoaib Malik,0,0,,,,,,,,,
1293010,2021/22,2022-02-04,"National Stadium, Karachi",2,0.2,Karachi Kings,Peshawar Zalmi,Babar Azam,Sharjeel Khan,Shoaib Malik,0,1,1,,,,,,,,
1293010,2021/22,2022-02-04,"National Stadium, Karachi",2,0.3,Karachi Kings,Peshawar Zalmi,Babar Azam,Sharjeel Khan,Shoaib Malik,1,0,,,,,,,,,
1293010,2021/22,2022-02-04,"National Stadium, Karachi",2,0.4,Karachi Kings,Peshawar Zalmi,Sharjeel Khan,Babar Azam,Shoaib Malik,0,0,,,,,,caught,Sharjeel Khan,,
1293010,2021/22,2022-02-04,"National Stadium, Karachi",2,0.5,Karachi Kings,Peshawar Zalmi,Sahibzada Farhan,Babar Azam,Shoaib Malik,0,0,,,,,,,,,
1293010,2021/22,2022-02-04,"National Stadium, Karachi",2,0.6,Karachi Kings,Peshawar Zalmi,Sahibzada Farhan,Babar Azam,Shoaib Malik,0,0,,,,,,,,,
1293010,2021/22,2022-02-04,"National Stadium, Karachi",2,0.7,Karachi Kings,Peshawar Zalmi,Sahibzada Farhan,Babar Azam,Shoaib Malik,0,0,,,,,,,,,
1293010,2021/22,2022-02-04,"National Stadium, Karachi",2,1.1,Karachi Kings,Peshawar Zalmi,Babar Azam,Sahibzada Farhan,Mohammad Umar,0,0,,,,,,,,,
1293010,2021/22,2022-02-04,"National Stadium, Karachi",2,1.2,Karachi Kings,Peshawar Zalmi,Babar Azam,Sahibzada Farhan,Mohammad Umar,0,0,,,,,,,,,
1293010,2021/22,2022-02-04,"National Stadium, Karachi",2,1.3,Karachi Kings,Peshawar Zalmi,Babar Azam,Sahibzada Farhan,Mohammad Umar,1,0,,,,,,,,,
1293010,2021/22,2022-02-04,"National Stadium, Karachi",2,1.4,Karachi Kings,Peshawar Zalmi,Sahibzada Farhan,Babar Azam,Mohammad Umar,0,0,,,,,,caught,Sahibzada Farhan,,
1293010,2021/22,2022-02-04,"National Stadium, Karachi",2,1.5,Karachi Kings,Peshawar Zalmi,IA Cockbain,Babar Azam,Mohammad Umar,4,0,,,,,,,,,
1293010,2021/22,2022-02-04,"National Stadium, Karachi",2,1.6,Karachi Kings,Peshawar Zalmi,IA Cockbain,Babar Azam,Mohammad Umar,2,0,,,,,,,,,
1293010,2021/22,2022-02-04,"National Stadium, Karachi",2,2.1,Karachi Kings,Peshawar Zalmi,Babar Azam,IA Cockbain,Salman Irshad,0,0,,,,,,,,,
1293010,2021/22,2022-02-04,"National Stadium, Karachi",2,2.2,Karachi Kings,Peshawar Zalmi,Babar Azam,IA Cockbain,Salman Irshad,0,0,,,,,,,,,
1293010,2021/22,2022-02-04,"National Stadium, Karachi",2,2.3,Karachi Kings,Peshawar Zalmi,Babar Azam,IA Cockbain,Salman Irshad,0,0,,,,,,,,,
1293010,2021/22,2022-02-04,"National Stadium, Karachi",2,2.4,Karachi Kings,Peshawar Zalmi,Babar Azam,IA Cockbain,Salman Irshad,1,0,,,,,,,,,
1293010,2021/22,2022-02-04,"National Stadium, Karachi",2,2.5,Karachi Kings,Peshawar Zalmi,IA Cockbain,Babar Azam,Salman Irshad,1,0,,,,,,,,,
1293010,2021/22,2022-02-04,"National Stadium, Karachi",2,2.6,Karachi Kings,Peshawar Zalmi,Babar Azam,IA Cockbain,Salman Irshad,1,0,,,,,,,,,
1293010,2021/22,2022-02-04,"National Stadium, Karachi",2,3.1,Karachi Kings,Peshawar Zalmi,Babar Azam,IA Cockbain,Mohammad Umar,0,0,,,,,,,,,
1293010,2021/22,2022-02-04,"National Stadium, Karachi",2,3.2,Karachi Kings,Peshawar Zalmi,Babar Azam,IA Cockbain,Mohammad Umar,0,0,,,,,,,,,
1293010,2021/22,2022-02-04,"National Stadium, Karachi",2,3.3,Karachi Kings,Peshawar Zalmi,Babar Azam,IA Cockbain,Mohammad Umar,4,0,,,,,,,,,
1293010,2021/22,2022-02-04,"National Stadium, Karachi",2,3.4,Karachi Kings,Peshawar Zalmi,Babar Azam,IA Cockbain,Mohammad Umar,1,0,,,,,,,,,
1293010,2021/22,2022-02-04,"National Stadium, Karachi",2,3.5,Karachi Kings,Peshawar Zalmi,IA Cockbain,Babar Azam,Mohammad Umar,0,0,,,,,,,,,
1293010,2021/22,2022-02-04,"National Stadium, Karachi",2,3.6,Karachi Kings,Peshawar Zalmi,IA Cockbain,Babar Azam,Mohammad Umar,0,0,,,,,,,,,
1293010,2021/22,2022-02-04,"National Stadium, Karachi",2,4.1,Karachi Kings,Peshawar Zalmi,Babar Azam,IA Cockbain,Salman Irshad,4,0,,,,,,,,,
1293010,2021/22,2022-02-04,"National Stadium, Karachi",2,4.2,Karachi Kings,Peshawar Zalmi,Babar Azam,IA Cockbain,Salman Irshad,0,0,,,,,,,,,
1293010,2021/22,2022-02-04,"National Stadium, Karachi",2,4.3,Karachi Kings,Peshawar Zalmi,Babar Azam,IA Cockbain,Salman Irshad,4,0,,,,,,,,,
1293010,2021/22,2022-02-04,"National Stadium, Karachi",2,4.4,Karachi Kings,Peshawar Zalmi,Babar Azam,IA Cockbain,Salman Irshad,1,0,,,,,,,,,
1293010,2021/22,2022-02-04,"National Stadium, Karachi",2,4.5,Karachi Kings,Peshawar Zalmi,IA Cockbain,Babar Azam,Salman Irshad,4,0,,,,,,,,,
1293010,2021/22,2022-02-04,"National Stadium, Karachi",2,4.6,Karachi Kings,Peshawar Zalmi,IA Cockbain,Babar Azam,Salman Irshad,0,0,,,,,,,,,
1293010,2021/22,2022-02-04,"National Stadium, Karachi",2,5.1,Karachi Kings,Peshawar Zalmi,Babar Azam,IA Cockbain,Wahab Riaz,0,0,,,,,,,,,
1293010,2021/22,2022-02-04,"National Stadium, Karachi",2,5.2,Karachi Kings,Peshawar Zalmi,Babar Azam,IA Cockbain,Wahab Riaz,0,0,,,,,,,,,
1293010,2021/22,2022-02-04,"National Stadium, Karachi",2,5.3,Karachi Kings,Peshawar Zalmi,Babar Azam,IA Cockbain,Wahab Riaz,4,0,,,,,,,,,
1293010,2021/22,2022-02-04,"National Stadium, Karachi",2,5.4,Karachi Kings,Peshawar Zalmi,Babar Azam,IA Cockbain,Wahab Riaz,4,0,,,,,,,,,
1293010,2021/22,2022-02-04,"National Stadium, Karachi",2,5.5,Karachi Kings,Peshawar Zalmi,Babar Azam,IA Cockbain,Wahab Riaz,1,0,,,,,,,,,
1293010,2021/22,2022-02-04,"National Stadium, Karachi",2,5.6,Karachi Kings,Peshawar Zalmi,IA Cockbain,Babar Azam,Wahab Riaz,4,0,,,,,,,,,
1293010,2021/22,2022-02-04,"National Stadium, Karachi",2,6.1,Karachi Kings,Peshawar Zalmi,Babar Azam,IA Cockbain,Hussain Talat,2,0,,,,,,,,,
1293010,2021/22,2022-02-04,"National Stadium, Karachi",2,6.2,Karachi Kings,Peshawar Zalmi,Babar Azam,IA Cockbain,Hussain Talat,1,0,,,,,,,,,
1293010,2021/22,2022-02-04,"National Stadium, Karachi",2,6.3,Karachi Kings,Peshawar Zalmi,IA Cockbain,Babar Azam,Hussain Talat,1,0,,,,,,,,,
1293010,2021/22,2022-02-04,"National Stadium, Karachi",2,6.4,Karachi Kings,Peshawar Zalmi,Babar Azam,IA Cockbain,Hussain Talat,1,0,,,,,,,,,
1293010,2021/22,2022-02-04,"National Stadium, Karachi",2,6.5,Karachi Kings,Peshawar Zalmi,IA Cockbain,Babar Azam,Hussain Talat,4,0,,,,,,,,,
1293010,2021/22,2022-02-04,"National Stadium, Karachi",2,6.6,Karachi Kings,Peshawar Zalmi,IA Cockbain,Babar Azam,Hussain Talat,1,0,,,,,,,,,
1293010,2021/22,2022-02-04,"National Stadium, Karachi",2,7.1,Karachi Kings,Peshawar Zalmi,IA Cockbain,Babar Azam,Usman Qadir,1,0,,,,,,,,,
1293010,2021/22,2022-02-04,"National Stadium, Karachi",2,7.2,Karachi Kings,Peshawar Zalmi,Babar Azam,IA Cockbain,Usman Qadir,1,0,,,,,,,,,
1293010,2021/22,2022-02-04,"National Stadium, Karachi",2,7.3,Karachi Kings,Peshawar Zalmi,IA Cockbain,Babar Azam,Usman Qadir,1,0,,,,,,,,,
1293010,2021/22,2022-02-04,"National Stadium, Karachi",2,7.4,Karachi Kings,Peshawar Zalmi,Babar Azam,IA Cockbain,Usman Qadir,4,0,,,,,,,,,
1293010,2021/22,2022-02-04,"National Stadium, Karachi",2,7.5,Karachi Kings,Peshawar Zalmi,Babar Azam,IA Cockbain,Usman Qadir,0,0,,,,,,,,,
1293010,2021/22,2022-02-04,"National Stadium, Karachi",2,7.6,Karachi Kings,Peshawar Zalmi,Babar Azam,IA Cockbain,Usman Qadir,1,0,,,,,,,,,
1293010,2021/22,2022-02-04,"National Stadium, Karachi",2,8.1,Karachi Kings,Peshawar Zalmi,Babar Azam,IA Cockbain,Mohammad Umar,0,0,,,,,,,,,
1293010,2021/22,2022-02-04,"National Stadium, Karachi",2,8.2,Karachi Kings,Peshawar Zalmi,Babar Azam,IA Cockbain,Mohammad Umar,1,0,,,,,,,,,
1293010,2021/22,2022-02-04,"National Stadium, Karachi",2,8.3,Karachi Kings,Peshawar Zalmi,IA Cockbain,Babar Azam,Mohammad Umar,4,0,,,,,,,,,
1293010,2021/22,2022-02-04,"National Stadium, Karachi",2,8.4,Karachi Kings,Peshawar Zalmi,IA Cockbain,Babar Azam,Mohammad Umar,1,0,,,,,,,,,
1293010,2021/22,2022-02-04,"National Stadium, Karachi",2,8.5,Karachi Kings,Peshawar Zalmi,Babar Azam,IA Cockbain,Mohammad Umar,1,0,,,,,,,,,
1293010,2021/22,2022-02-04,"National Stadium, Karachi",2,8.6,Karachi Kings,Peshawar Zalmi,IA Cockbain,Babar Azam,Mohammad Umar,0,0,,,,,,,,,
1293010,2021/22,2022-02-04,"National Stadium, Karachi",2,9.1,Karachi Kings,Peshawar Zalmi,Babar Azam,IA Cockbain,Usman Qadir,4,0,,,,,,,,,
1293010,2021/22,2022-02-04,"National Stadium, Karachi",2,9.2,Karachi Kings,Peshawar Zalmi,Babar Azam,IA Cockbain,Usman Qadir,1,0,,,,,,,,,
1293010,2021/22,2022-02-04,"National Stadium, Karachi",2,9.3,Karachi Kings,Peshawar Zalmi,IA Cockbain,Babar Azam,Usman Qadir,2,0,,,,,,,,,
1293010,2021/22,2022-02-04,"National Stadium, Karachi",2,9.4,Karachi Kings,Peshawar Zalmi,IA Cockbain,Babar Azam,Usman Qadir,1,0,,,,,,,,,
1293010,2021/22,2022-02-04,"National Stadium, Karachi",2,9.5,Karachi Kings,Peshawar Zalmi,Babar Azam,IA Cockbain,Usman Qadir,1,0,,,,,,,,,
1293010,2021/22,2022-02-04,"National Stadium, Karachi",2,9.6,Karachi Kings,Peshawar Zalmi,IA Cockbain,Babar Azam,Usman Qadir,0,0,,,,,,caught,IA Cockbain,,
1293010,2021/22,2022-02-04,"National Stadium, Karachi",2,10.1,Karachi Kings,Peshawar Zalmi,Babar Azam,Mohammad Nabi,Hussain Talat,1,0,,,,,,,,,
1293010,2021/22,2022-02-04,"National Stadium, Karachi",2,10.2,Karachi Kings,Peshawar Zalmi,Mohammad Nabi,Babar Azam,Hussain Talat,1,0,,,,,,,,,
1293010,2021/22,2022-02-04,"National Stadium, Karachi",2,10.3,Karachi Kings,Peshawar Zalmi,Babar Azam,Mohammad Nabi,Hussain Talat,1,0,,,,,,,,,
1293010,2021/22,2022-02-04,"National Stadium, Karachi",2,10.4,Karachi Kings,Peshawar Zalmi,Mohammad Nabi,Babar Azam,Hussain Talat,0,0,,,,,,,,,
1293010,2021/22,2022-02-04,"National Stadium, Karachi",2,10.5,Karachi Kings,Peshawar Zalmi,Mohammad Nabi,Babar Azam,Hussain Talat,1,0,,,,,,,,,
1293010,2021/22,2022-02-04,"National Stadium, Karachi",2,10.6,Karachi Kings,Peshawar Zalmi,Babar Azam,Mohammad Nabi,Hussain Talat,2,0,,,,,,,,,
1293010,2021/22,2022-02-04,"National Stadium, Karachi",2,11.1,Karachi Kings,Peshawar Zalmi,Mohammad Nabi,Babar Azam,Wahab Riaz,1,0,,,,,,,,,
1293010,2021/22,2022-02-04,"National Stadium, Karachi",2,11.2,Karachi Kings,Peshawar Zalmi,Babar Azam,Mohammad Nabi,Wahab Riaz,1,0,,,,,,,,,
1293010,2021/22,2022-02-04,"National Stadium, Karachi",2,11.3,Karachi Kings,Peshawar Zalmi,Mohammad Nabi,Babar Azam,Wahab Riaz,0,0,,,,,,,,,
1293010,2021/22,2022-02-04,"National Stadium, Karachi",2,11.4,Karachi Kings,Peshawar Zalmi,Mohammad Nabi,Babar Azam,Wahab Riaz,1,0,,,,,,,,,
1293010,2021/22,2022-02-04,"National Stadium, Karachi",2,11.5,Karachi Kings,Peshawar Zalmi,Babar Azam,Mohammad Nabi,Wahab Riaz,1,0,,,,,,,,,
1293010,2021/22,2022-02-04,"National Stadium, Karachi",2,11.6,Karachi Kings,Peshawar Zalmi,Mohammad Nabi,Babar Azam,Wahab Riaz,1,0,,,,,,,,,
1293010,2021/22,2022-02-04,"National Stadium, Karachi",2,12.1,Karachi Kings,Peshawar Zalmi,Mohammad Nabi,Babar Azam,Hussain Talat,1,0,,,,,,,,,
1293010,2021/22,2022-02-04,"National Stadium, Karachi",2,12.2,Karachi Kings,Peshawar Zalmi,Babar Azam,Mohammad Nabi,Hussain Talat,1,0,,,,,,,,,
1293010,2021/22,2022-02-04,"National Stadium, Karachi",2,12.3,Karachi Kings,Peshawar Zalmi,Mohammad Nabi,Babar Azam,Hussain Talat,0,1,1,,,,,,,,
1293010,2021/22,2022-02-04,"National Stadium, Karachi",2,12.4,Karachi Kings,Peshawar Zalmi,Mohammad Nabi,Babar Azam,Hussain Talat,4,0,,,,,,,,,
1293010,2021/22,2022-02-04,"National Stadium, Karachi",2,12.5,Karachi Kings,Peshawar Zalmi,Mohammad Nabi,Babar Azam,Hussain Talat,0,0,,,,,,caught,Mohammad Nabi,,
1293010,2021/22,2022-02-04,"National Stadium, Karachi",2,12.6,Karachi Kings,Peshawar Zalmi,Babar Azam,Aamer Yamin,Hussain Talat,1,0,,,,,,,,,
1293010,2021/22,2022-02-04,"National Stadium, Karachi",2,12.7,Karachi Kings,Peshawar Zalmi,Aamer Yamin,Babar Azam,Hussain Talat,1,0,,,,,,,,,
1293010,2021/22,2022-02-04,"National Stadium, Karachi",2,13.1,Karachi Kings,Peshawar Zalmi,Aamer Yamin,Babar Azam,Usman Qadir,0,0,,,,,,,,,
1293010,2021/22,2022-02-04,"National Stadium, Karachi",2,13.2,Karachi Kings,Peshawar Zalmi,Aamer Yamin,Babar Azam,Usman Qadir,0,0,,,,,,,,,
1293010,2021/22,2022-02-04,"National Stadium, Karachi",2,13.3,Karachi Kings,Peshawar Zalmi,Aamer Yamin,Babar Azam,Usman Qadir,6,0,,,,,,,,,
1293010,2021/22,2022-02-04,"National Stadium, Karachi",2,13.4,Karachi Kings,Peshawar Zalmi,Aamer Yamin,Babar Azam,Usman Qadir,0,0,,,,,,,,,
1293010,2021/22,2022-02-04,"National Stadium, Karachi",2,13.5,Karachi Kings,Peshawar Zalmi,Aamer Yamin,Babar Azam,Usman Qadir,0,0,,,,,,,,,
1293010,2021/22,2022-02-04,"National Stadium, Karachi",2,13.6,Karachi Kings,Peshawar Zalmi,Aamer Yamin,Babar Azam,Usman Qadir,6,0,,,,,,,,,
1293010,2021/22,2022-02-04,"National Stadium, Karachi",2,14.1,Karachi Kings,Peshawar Zalmi,Babar Azam,Aamer Yamin,Salman Irshad,0,0,,,,,,,,,
1293010,2021/22,2022-02-04,"National Stadium, Karachi",2,14.2,Karachi Kings,Peshawar Zalmi,Babar Azam,Aamer Yamin,Salman Irshad,0,0,,,,,,,,,
1293010,2021/22,2022-02-04,"National Stadium, Karachi",2,14.3,Karachi Kings,Peshawar Zalmi,Babar Azam,Aamer Yamin,Salman Irshad,1,0,,,,,,,,,
1293010,2021/22,2022-02-04,"National Stadium, Karachi",2,14.4,Karachi Kings,Peshawar Zalmi,Aamer Yamin,Babar Azam,Salman Irshad,0,0,,,,,,,,,
1293010,2021/22,2022-02-04,"National Stadium, Karachi",2,14.5,Karachi Kings,Peshawar Zalmi,Aamer Yamin,Babar Azam,Salman Irshad,1,0,,,,,,,,,
1293010,2021/22,2022-02-04,"National Stadium, Karachi",2,14.6,Karachi Kings,Peshawar Zalmi,Babar Azam,Aamer Yamin,Salman Irshad,0,0,,,,,,,,,
1293010,2021/22,2022-02-04,"National Stadium, Karachi",2,15.1,Karachi Kings,Peshawar Zalmi,Aamer Yamin,Babar Azam,Wahab Riaz,1,0,,,,,,,,,
1293010,2021/22,2022-02-04,"National Stadium, Karachi",2,15.2,Karachi Kings,Peshawar Zalmi,Babar Azam,Aamer Yamin,Wahab Riaz,4,0,,,,,,,,,
1293010,2021/22,2022-02-04,"National Stadium, Karachi",2,15.3,Karachi Kings,Peshawar Zalmi,Babar Azam,Aamer Yamin,Wahab Riaz,2,0,,,,,,,,,
1293010,2021/22,2022-02-04,"National Stadium, Karachi",2,15.4,Karachi Kings,Peshawar Zalmi,Babar Azam,Aamer Yamin,Wahab Riaz,1,0,,,,,,,,,
1293010,2021/22,2022-02-04,"National Stadium, Karachi",2,15.5,Karachi Kings,Peshawar Zalmi,Aamer Yamin,Babar Azam,Wahab Riaz,0,1,1,,,,,,,,
1293010,2021/22,2022-02-04,"National Stadium, Karachi",2,15.6,Karachi Kings,Peshawar Zalmi,Aamer Yamin,Babar Azam,Wahab Riaz,1,0,,,,,,,,,
1293010,2021/22,2022-02-04,"National Stadium, Karachi",2,15.7,Karachi Kings,Peshawar Zalmi,Babar Azam,Aamer Yamin,Wahab Riaz,1,0,,,,,,,,,
1293010,2021/22,2022-02-04,"National Stadium, Karachi",2,16.1,Karachi Kings,Peshawar Zalmi,Babar Azam,Aamer Yamin,Salman Irshad,0,0,,,,,,,,,
1293010,2021/22,2022-02-04,"National Stadium, Karachi",2,16.2,Karachi Kings,Peshawar Zalmi,Babar Azam,Aamer Yamin,Salman Irshad,1,0,,,,,,,,,
1293010,2021/22,2022-02-04,"National Stadium, Karachi",2,16.3,Karachi Kings,Peshawar Zalmi,Aamer Yamin,Babar Azam,Salman Irshad,1,0,,,,,,,,,
1293010,2021/22,2022-02-04,"National Stadium, Karachi",2,16.4,Karachi Kings,Peshawar Zalmi,Babar Azam,Aamer Yamin,Salman Irshad,1,0,,,,,,,,,
1293010,2021/22,2022-02-04,"National Stadium, Karachi",2,16.5,Karachi Kings,Peshawar Zalmi,Aamer Yamin,Babar Azam,Salman Irshad,2,0,,,,,,,,,
1293010,2021/22,2022-02-04,"National Stadium, Karachi",2,16.6,Karachi Kings,Peshawar Zalmi,Aamer Yamin,Babar Azam,Salman Irshad,1,0,,,,,,,,,
1293010,2021/22,2022-02-04,"National Stadium, Karachi",2,17.1,Karachi Kings,Peshawar Zalmi,Aamer Yamin,Babar Azam,Mohammad Umar,0,0,,,,,,bowled,Aamer Yamin,,
1293010,2021/22,2022-02-04,"National Stadium, Karachi",2,17.2,Karachi Kings,Peshawar Zalmi,Imad Wasim,Babar Azam,Mohammad Umar,0,0,,,,,,,,,
1293010,2021/22,2022-02-04,"National Stadium, Karachi",2,17.3,Karachi Kings,Peshawar Zalmi,Imad Wasim,Babar Azam,Mohammad Umar,0,0,,,,,,caught,Imad Wasim,,
1293010,2021/22,2022-02-04,"National Stadium, Karachi",2,17.4,Karachi Kings,Peshawar Zalmi,L Gregory,Babar Azam,Mohammad Umar,1,0,,,,,,,,,
1293010,2021/22,2022-02-04,"National Stadium, Karachi",2,17.5,Karachi Kings,Peshawar Zalmi,Babar Azam,L Gregory,Mohammad Umar,1,0,,,,,,,,,
1293010,2021/22,2022-02-04,"National Stadium, Karachi",2,17.6,Karachi Kings,Peshawar Zalmi,L Gregory,Babar Azam,Mohammad Umar,1,0,,,,,,,,,
1293010,2021/22,2022-02-04,"National Stadium, Karachi",2,18.1,Karachi Kings,Peshawar Zalmi,L Gregory,Babar Azam,Wahab Riaz,1,0,,,,,,,,,
1293010,2021/22,2022-02-04,"National Stadium, Karachi",2,18.2,Karachi Kings,Peshawar Zalmi,Babar Azam,L Gregory,Wahab Riaz,1,0,,,,,,,,,
1293010,2021/22,2022-02-04,"National Stadium, Karachi",2,18.3,Karachi Kings,Peshawar Zalmi,L Gregory,Babar Azam,Wahab Riaz,1,0,,,,,,,,,
1293010,2021/22,2022-02-04,"National Stadium, Karachi",2,18.4,Karachi Kings,Peshawar Zalmi,Babar Azam,L Gregory,Wahab Riaz,4,0,,,,,,,,,
1293010,2021/22,2022-02-04,"National Stadium, Karachi",2,18.5,Karachi Kings,Peshawar Zalmi,Babar Azam,L Gregory,Wahab Riaz,6,0,,,,,,,,,
1293010,2021/22,2022-02-04,"National Stadium, Karachi",2,18.6,Karachi Kings,Peshawar Zalmi,Babar Azam,L Gregory,Wahab Riaz,1,0,,,,,,,,,
1293010,2021/22,2022-02-04,"National Stadium, Karachi",2,19.1,Karachi Kings,Peshawar Zalmi,Babar Azam,L Gregory,Hussain Talat,1,0,,,,,,,,,
1293010,2021/22,2022-02-04,"National Stadium, Karachi",2,19.2,Karachi Kings,Peshawar Zalmi,L Gregory,Babar Azam,Hussain Talat,0,1,1,,,,,,,,
1293010,2021/22,2022-02-04,"National Stadium, Karachi",2,19.3,Karachi Kings,Peshawar Zalmi,L Gregory,Babar Azam,Hussain Talat,4,0,,,,,,,,,
1293010,2021/22,2022-02-04,"National Stadium, Karachi",2,19.4,Karachi Kings,Peshawar Zalmi,L Gregory,Babar Azam,Hussain Talat,0,1,,,1,,,,,,
1293010,2021/22,2022-02-04,"National Stadium, Karachi",2,19.5,Karachi Kings,Peshawar Zalmi,Babar Azam,L Gregory,Hussain Talat,4,0,,,,,,,,,
1293010,2021/22,2022-02-04,"National Stadium, Karachi",2,19.6,Karachi Kings,Peshawar Zalmi,Babar Azam,L Gregory,Hussain Talat,4,0,,,,,,,,,
1293010,2021/22,2022-02-04,"National Stadium, Karachi",2,19.7,Karachi Kings,Peshawar Zalmi,Babar Azam,L Gregory,Hussain Talat,4,0,,,,,,,,,
