match_id,season,start_date,venue,innings,ball,batting_team,bowling_team,striker,non_striker,bowler,runs_off_bat,extras,wides,noballs,byes,legbyes,penalty,wicket_type,player_dismissed,other_wicket_type,other_player_dismissed
1293013,2021/22,2022-02-06,"National Stadium, Karachi",1,0.1,Islamabad United,Karachi Kings,PR Stirling,AD Hales,Imad Wasim,0,0,,,,,,,,,
1293013,2021/22,2022-02-06,"National Stadium, Karachi",1,0.2,Islamabad United,Karachi Kings,PR Stirling,AD Hales,Imad Wasim,1,0,,,,,,,,,
1293013,2021/22,2022-02-06,"National Stadium, Karachi",1,0.3,Islamabad United,Karachi Kings,AD Hales,PR Stirling,Imad Wasim,0,0,,,,,,,,,
1293013,2021/22,2022-02-06,"National Stadium, Karachi",1,0.4,Islamabad United,Karachi Kings,AD Hales,PR Stirling,Imad Wasim,1,0,,,,,,,,,
1293013,2021/22,2022-02-06,"National Stadium, Karachi",1,0.5,Islamabad United,Karachi Kings,PR Stirling,AD Hales,Imad Wasim,4,0,,,,,,,,,
1293013,2021/22,2022-02-06,"National Stadium, Karachi",1,0.6,Islamabad United,Karachi Kings,PR Stirling,AD Hales,Imad Wasim,6,0,,,,,,,,,
1293013,2021/22,2022-02-06,"National Stadium, Karachi",1,1.1,Islamabad United,Karachi Kings,AD Hales,PR Stirling,Usman Shinwari,4,0,,,,,,,,,
1293013,2021/22,2022-02-06,"National Stadium, Karachi",1,1.2,Islamabad United,Karachi Kings,AD Hales,PR Stirling,Usman Shinwari,0,0,,,,,,,,,
1293013,2021/22,2022-02-06,"National Stadium, Karachi",1,1.3,Islamabad United,Karachi Kings,AD Hales,PR Stirling,Usman Shinwari,4,0,,,,,,,,,
1293013,2021/22,2022-02-06,"National Stadium, Karachi",1,1.4,Islamabad United,Karachi Kings,AD Hales,PR Stirling,Usman Shinwari,0,0,,,,,,,,,
1293013,2021/22,2022-02-06,"National Stadium, Karachi",1,1.5,Islamabad United,Karachi Kings,AD Hales,PR Stirling,Usman Shinwari,0,0,,,,,,,,,
1293013,2021/22,2022-02-06,"National Stadium, Karachi",1,1.6,Islamabad United,Karachi Kings,AD Hales,PR Stirling,Usman Shinwari,1,0,,,,,,,,,
1293013,2021/22,2022-02-06,"National Stadium, Karachi",1,2.1,Islamabad United,Karachi Kings,AD Hales,PR Stirling,Imad Wasim,1,0,,,,,,,,,
1293013,2021/22,2022-02-06,"National Stadium, Karachi",1,2.2,Islamabad United,Karachi Kings,PR Stirling,AD Hales,Imad Wasim,0,0,,,,,,,,,
1293013,2021/22,2022-02-06,"National Stadium, Karachi",1,2.3,Islamabad United,Karachi Kings,PR Stirling,AD Hales,Imad Wasim,1,0,,,,,,,,,
1293013,2021/22,2022-02-06,"National Stadium, Karachi",1,2.4,Islamabad United,Karachi Kings,AD Hales,PR Stirling,Imad Wasim,1,0,,,,,,,,,
1293013,2021/22,2022-02-06,"National Stadium, Karachi",1,2.5,Islamabad United,Karachi Kings,PR Stirling,AD Hales,Imad Wasim,2,0,,,,,,,,,
1293013,2021/22,2022-02-06,"National Stadium, Karachi",1,2.6,Islamabad United,Karachi Kings,PR Stirling,AD Hales,Imad Wasim,0,0,,,,,,,,,
1293013,2021/22,2022-02-06,"National Stadium, Karachi",1,3.1,Islamabad United,Karachi Kings,AD Hales,PR Stirling,Usman Shinwari,1,0,,,,,,,,,
1293013,2021/22,2022-02-06,"National Stadium, Karachi",1,3.2,Islamabad United,Karachi Kings,PR Stirling,AD Hales,Usman Shinwari,4,0,,,,,,,,,
1293013,2021/22,2022-02-06,"National Stadium, Karachi",1,3.3,Islamabad United,Karachi Kings,PR Stirling,AD Hales,Usman Shinwari,1,0,,,,,,,,,
1293013,2021/22,2022-02-06,"National Stadium, Karachi",1,3.4,Islamabad United,Karachi Kings,AD Hales,PR Stirling,Usman Shinwari,1,0,,,,,,,,,
1293013,2021/22,2022-02-06,"National Stadium, Karachi",1,3.5,Islamabad United,Karachi Kings,PR Stirling,AD Hales,Usman Shinwari,0,0,,,,,,,,,
1293013,2021/22,2022-02-06,"National Stadium, Karachi",1,3.6,Islamabad United,Karachi Kings,PR Stirling,AD Hales,Usman Shinwari,1,0,,,,,,,,,
1293013,2021/22,2022-02-06,"National Stadium, Karachi",1,4.1,Islamabad United,Karachi Kings,PR Stirling,AD Hales,Umaid Asif,0,0,,,,,,,,,
1293013,2021/22,2022-02-06,"National Stadium, Karachi",1,4.2,Islamabad United,Karachi Kings,PR Stirling,AD Hales,Umaid Asif,0,0,,,,,,,,,
1293013,2021/22,2022-02-06,"National Stadium, Karachi",1,4.3,Islamabad United,Karachi Kings,PR Stirling,AD Hales,Umaid Asif,0,0,,,,,,,,,
1293013,2021/22,2022-02-06,"National Stadium, Karachi",1,4.4,Islamabad United,Karachi Kings,PR Stirling,AD Hales,Umaid Asif,0,2,,,,2,,,,,
1293013,2021/22,2022-02-06,"National Stadium, Karachi",1,4.5,Islamabad United,Karachi Kings,PR Stirling,AD Hales,Umaid Asif,0,0,,,,,,,,,
1293013,2021/22,2022-02-06,"National Stadium, Karachi",1,4.6,Islamabad United,Karachi Kings,PR Stirling,AD Hales,Umaid Asif,1,0,,,,,,,,,
1293013,2021/22,2022-02-06,"National Stadium, Karachi",1,5.1,Islamabad United,Karachi Kings,PR Stirling,AD Hales,CJ Jordan,0,0,,,,,,,,,
1293013,2021/22,2022-02-06,"National Stadium, Karachi",1,5.2,Islamabad United,Karachi Kings,PR Stirling,AD Hales,CJ Jordan,4,0,,,,,,,,,
1293013,2021/22,2022-02-06,"National Stadium, Karachi",1,5.3,Islamabad United,Karachi Kings,PR Stirling,AD Hales,CJ Jordan,6,0,,,,,,,,,
1293013,2021/22,2022-02-06,"National Stadium, Karachi",1,5.4,Islamabad United,Karachi Kings,PR Stirling,AD Hales,CJ Jordan,1,0,,,,,,,,,
1293013,2021/22,2022-02-06,"National Stadium, Karachi",1,5.5,Islamabad United,Karachi Kings,AD Hales,PR Stirling,CJ Jordan,4,0,,,,,,,,,
1293013,2021/22,2022-02-06,"National Stadium, Karachi",1,5.6,Islamabad United,Karachi Kings,AD Hales,PR Stirling,CJ Jordan,1,0,,,,,,,,,
1293013,2021/22,2022-02-06,"National Stadium, Karachi",1,6.1,Islamabad United,Karachi Kings,AD Hales,PR Stirling,L Gregory,1,0,,,,,,,,,
1293013,2021/22,2022-02-06,"National Stadium, Karachi",1,6.2,Islamabad United,Karachi Kings,PR Stirling,AD Hales,L Gregory,1,0,,,,,,,,,
1293013,2021/22,2022-02-06,"National Stadium, Karachi",1,6.3,Islamabad United,Karachi Kings,AD Hales,PR Stirling,L Gregory,4,0,,,,,,,,,
1293013,2021/22,2022-02-06,"National Stadium, Karachi",1,6.4,Islamabad United,Karachi Kings,AD Hales,PR Stirling,L Gregory,4,0,,,,,,,,,
1293013,2021/22,2022-02-06,"National Stadium, Karachi",1,6.5,Islamabad United,Karachi Kings,AD Hales,PR Stirling,L Gregory,0,0,,,,,,,,,
1293013,2021/22,2022-02-06,"National Stadium, Karachi",1,6.6,Islamabad United,Karachi Kings,AD Hales,PR Stirling,L Gregory,1,0,,,,,,,,,
1293013,2021/22,2022-02-06,"National Stadium, Karachi",1,7.1,Islamabad United,Karachi Kings,AD Hales,PR Stirling,Imad Wasim,1,0,,,,,,,,,
1293013,2021/22,2022-02-06,"National Stadium, Karachi",1,7.2,Islamabad United,Karachi Kings,PR Stirling,AD Hales,Imad Wasim,1,0,,,,,,,,,
1293013,2021/22,2022-02-06,"National Stadium, Karachi",1,7.3,Islamabad United,Karachi Kings,AD Hales,PR Stirling,Imad Wasim,0,0,,,,,,caught,AD Hales,,
1293013,2021/22,2022-02-06,"National Stadium, Karachi",1,7.4,Islamabad United,Karachi Kings,C Munro,PR Stirling,Imad Wasim,1,0,,,,,,,,,
1293013,2021/22,2022-02-06,"National Stadium, Karachi",1,7.5,Islamabad United,Karachi Kings,PR Stirling,C Munro,Imad Wasim,1,0,,,,,,,,,
1293013,2021/22,2022-02-06,"National Stadium, Karachi",1,7.6,Islamabad United,Karachi Kings,C Munro,PR Stirling,Imad Wasim,1,0,,,,,,,,,
1293013,2021/22,2022-02-06,"National Stadium, Karachi",1,8.1,Islamabad United,Karachi Kings,C Munro,PR Stirling,Umaid Asif,1,0,,,,,,,,,
1293013,2021/22,2022-02-06,"National Stadium, Karachi",1,8.2,Islamabad United,Karachi Kings,PR Stirling,C Munro,Umaid Asif,1,0,,,,,,,,,
1293013,2021/22,2022-02-06,"National Stadium, Karachi",1,8.3,Islamabad United,Karachi Kings,C Munro,PR Stirling,Umaid Asif,1,0,,,,,,,,,
1293013,2021/22,2022-02-06,"National Stadium, Karachi",1,8.4,Islamabad United,Karachi Kings,PR Stirling,C Munro,Umaid Asif,0,0,,,,,,,,,
1293013,2021/22,2022-02-06,"National Stadium, Karachi",1,8.5,Islamabad United,Karachi Kings,PR Stirling,C Munro,Umaid Asif,2,0,,,,,,,,,
1293013,2021/22,2022-02-06,"National Stadium, Karachi",1,8.6,Islamabad United,Karachi Kings,PR Stirling,C Munro,Umaid Asif,1,0,,,,,,,,,
1293013,2021/22,2022-02-06,"National Stadium, Karachi",1,9.1,Islamabad United,Karachi Kings,PR Stirling,C Munro,Mohammad Nabi,0,0,,,,,,bowled,PR Stirling,,
1293013,2021/22,2022-02-06,"National Stadium, Karachi",1,9.2,Islamabad United,Karachi Kings,Shadab Khan,C Munro,Mohammad Nabi,1,0,,,,,,,,,
1293013,2021/22,2022-02-06,"National Stadium, Karachi",1,9.3,Islamabad United,Karachi Kings,C Munro,Shadab Khan,Mohammad Nabi,1,0,,,,,,,,,
1293013,2021/22,2022-02-06,"National Stadium, Karachi",1,9.4,Islamabad United,Karachi Kings,Shadab Khan,C Munro,Mohammad Nabi,4,0,,,,,,,,,
1293013,2021/22,2022-02-06,"National Stadium, Karachi",1,9.5,Islamabad United,Karachi Kings,Shadab Khan,C Munro,Mohammad Nabi,1,0,,,,,,,,,
1293013,2021/22,2022-02-06,"National Stadium, Karachi",1,9.6,Islamabad United,Karachi Kings,C Munro,Shadab Khan,Mohammad Nabi,1,0,,,,,,,,,
1293013,2021/22,2022-02-06,"National Stadium, Karachi",1,10.1,Islamabad United,Karachi Kings,C Munro,Shadab Khan,CJ Jordan,1,0,,,,,,,,,
1293013,2021/22,2022-02-06,"National Stadium, Karachi",1,10.2,Islamabad United,Karachi Kings,Shadab Khan,C Munro,CJ Jordan,1,0,,,,,,,,,
1293013,2021/22,2022-02-06,"National Stadium, Karachi",1,10.3,Islamabad United,Karachi Kings,C Munro,Shadab Khan,CJ Jordan,1,0,,,,,,,,,
1293013,2021/22,2022-02-06,"National Stadium, Karachi",1,10.4,Islamabad United,Karachi Kings,Shadab Khan,C Munro,CJ Jordan,1,0,,,,,,,,,
1293013,2021/22,2022-02-06,"National Stadium, Karachi",1,10.5,Islamabad United,Karachi Kings,C Munro,Shadab Khan,CJ Jordan,0,0,,,,,,,,,
1293013,2021/22,2022-02-06,"National Stadium, Karachi",1,10.6,Islamabad United,Karachi Kings,C Munro,Shadab Khan,CJ Jordan,0,0,,,,,,,,,
1293013,2021/22,2022-02-06,"National Stadium, Karachi",1,11.1,Islamabad United,Karachi Kings,Shadab Khan,C Munro,Mohammad Nabi,1,0,,,,,,,,,
1293013,2021/22,2022-02-06,"National Stadium, Karachi",1,11.2,Islamabad United,Karachi Kings,C Munro,Shadab Khan,Mohammad Nabi,1,0,,,,,,,,,
1293013,2021/22,2022-02-06,"National Stadium, Karachi",1,11.3,Islamabad United,Karachi Kings,Shadab Khan,C Munro,Mohammad Nabi,0,0,,,,,,,,,
1293013,2021/22,2022-02-06,"National Stadium, Karachi",1,11.4,Islamabad United,Karachi Kings,Shadab Khan,C Munro,Mohammad Nabi,1,0,,,,,,,,,
1293013,2021/22,2022-02-06,"National Stadium, Karachi",1,11.5,Islamabad United,Karachi Kings,C Munro,Shadab Khan,Mohammad Nabi,1,0,,,,,,,,,
1293013,2021/22,2022-02-06,"National Stadium, Karachi",1,11.6,Islamabad United,Karachi Kings,Shadab Khan,C Munro,Mohammad Nabi,4,0,,,,,,,,,
1293013,2021/22,2022-02-06,"National Stadium, Karachi",1,12.1,Islamabad United,Karachi Kings,C Munro,Shadab Khan,Usman Shinwari,1,0,,,,,,,,,
1293013,2021/22,2022-02-06,"National Stadium, Karachi",1,12.2,Islamabad United,Karachi Kings,Shadab Khan,C Munro,Usman Shinwari,1,0,,,,,,,,,
1293013,2021/22,2022-02-06,"National Stadium, Karachi",1,12.3,Islamabad United,Karachi Kings,C Munro,Shadab Khan,Usman Shinwari,0,0,,,,,,,,,
1293013,2021/22,2022-02-06,"National Stadium, Karachi",1,12.4,Islamabad United,Karachi Kings,C Munro,Shadab Khan,Usman Shinwari,0,0,,,,,,,,,
1293013,2021/22,2022-02-06,"National Stadium, Karachi",1,12.5,Islamabad United,Karachi Kings,C Munro,Shadab Khan,Usman Shinwari,1,0,,,,,,,,,
1293013,2021/22,2022-02-06,"National Stadium, Karachi",1,12.6,Islamabad United,Karachi Kings,Shadab Khan,C Munro,Usman Shinwari,1,0,,,,,,,,,
1293013,2021/22,2022-02-06,"National Stadium, Karachi",1,13.1,Islamabad United,Karachi Kings,Shadab Khan,C Munro,Mohammad Nabi,1,1,,1,,,,,,,
1293013,2021/22,2022-02-06,"National Stadium, Karachi",1,13.2,Islamabad United,Karachi Kings,C Munro,Shadab Khan,Mohammad Nabi,1,0,,,,,,,,,
1293013,2021/22,2022-02-06,"National Stadium, Karachi",1,13.3,Islamabad United,Karachi Kings,Shadab Khan,C Munro,Mohammad Nabi,1,0,,,,,,,,,
1293013,2021/22,2022-02-06,"National Stadium, Karachi",1,13.4,Islamabad United,Karachi Kings,C Munro,Shadab Khan,Mohammad Nabi,2,0,,,,,,,,,
1293013,2021/22,2022-02-06,"National Stadium, Karachi",1,13.5,Islamabad United,Karachi Kings,C Munro,Shadab Khan,Mohammad Nabi,1,0,,,,,,,,,
1293013,2021/22,2022-02-06,"National Stadium, Karachi",1,13.6,Islamabad United,Karachi Kings,Shadab Khan,C Munro,Mohammad Nabi,4,0,,,,,,,,,
1293013,2021/22,2022-02-06,"National Stadium, Karachi",1,13.7,Islamabad United,Karachi Kings,Shadab Khan,C Munro,Mohammad Nabi,6,0,,,,,,,,,
1293013,2021/22,2022-02-06,"National Stadium, Karachi",1,14.1,Islamabad United,Karachi Kings,C Munro,Shadab Khan,L Gregory,1,0,,,,,,,,,
1293013,2021/22,2022-02-06,"National Stadium, Karachi",1,14.2,Islamabad United,Karachi Kings,Shadab Khan,C Munro,L Gregory,1,0,,,,,,,,,
1293013,2021/22,2022-02-06,"National Stadium, Karachi",1,14.3,Islamabad United,Karachi Kings,C Munro,Shadab Khan,L Gregory,6,0,,,,,,,,,
1293013,2021/22,2022-02-06,"National Stadium, Karachi",1,14.4,Islamabad United,Karachi Kings,C Munro,Shadab Khan,L Gregory,1,0,,,,,,,,,
1293013,2021/22,2022-02-06,"National Stadium, Karachi",1,14.5,Islamabad United,Karachi Kings,Shadab Khan,C Munro,L Gregory,4,0,,,,,,,,,
1293013,2021/22,2022-02-06,"National Stadium, Karachi",1,14.6,Islamabad United,Karachi Kings,Shadab Khan,C Munro,L Gregory,1,0,,,,,,,,,
1293013,2021/22,2022-02-06,"National Stadium, Karachi",1,15.1,Islamabad United,Karachi Kings,Shadab Khan,C Munro,CJ Jordan,0,0,,,,,,caught,Shadab Khan,,
1293013,2021/22,2022-02-06,"National Stadium, Karachi",1,15.2,Islamabad United,Karachi Kings,C Munro,Asif Ali,CJ Jordan,1,0,,,,,,,,,
1293013,2021/22,2022-02-06,"National Stadium, Karachi",1,15.3,Islamabad United,Karachi Kings,Asif Ali,C Munro,CJ Jordan,1,0,,,,,,,,,
1293013,2021/22,2022-02-06,"National Stadium, Karachi",1,15.4,Islamabad United,Karachi Kings,C Munro,Asif Ali,CJ Jordan,1,0,,,,,,,,,
1293013,2021/22,2022-02-06,"National Stadium, Karachi",1,15.5,Islamabad United,Karachi Kings,Asif Ali,C Munro,CJ Jordan,1,0,,,,,,,,,
1293013,2021/22,2022-02-06,"National Stadium, Karachi",1,15.6,Islamabad United,Karachi Kings,C Munro,Asif Ali,CJ Jordan,1,0,,,,,,,,,
1293013,2021/22,2022-02-06,"National Stadium, Karachi",1,16.1,Islamabad United,Karachi Kings,C Munro,Asif Ali,Umaid Asif,0,0,,,,,,,,,
1293013,2021/22,2022-02-06,"National Stadium, Karachi",1,16.2,Islamabad United,Karachi Kings,C Munro,Asif Ali,Umaid Asif,1,0,,,,,,,,,
1293013,2021/22,2022-02-06,"National Stadium, Karachi",1,16.3,Islamabad United,Karachi Kings,Asif Ali,C Munro,Umaid Asif,6,0,,,,,,,,,
1293013,2021/22,2022-02-06,"National Stadium, Karachi",1,16.4,Islamabad United,Karachi Kings,Asif Ali,C Munro,Umaid Asif,1,0,,,,,,,,,
1293013,2021/22,2022-02-06,"National Stadium, Karachi",1,16.5,Islamabad United,Karachi Kings,C Munro,Asif Ali,Umaid Asif,1,0,,,,,,,,,
1293013,2021/22,2022-02-06,"National Stadium, Karachi",1,16.6,Islamabad United,Karachi Kings,Asif Ali,C Munro,Umaid Asif,1,0,,,,,,,,,
1293013,2021/22,2022-02-06,"National Stadium, Karachi",1,17.1,Islamabad United,Karachi Kings,Asif Ali,C Munro,Usman Shinwari,0,1,1,,,,,,,,
1293013,2021/22,2022-02-06,"National Stadium, Karachi",1,17.2,Islamabad United,Karachi Kings,Asif Ali,C Munro,Usman Shinwari,0,0,,,,,,caught,Asif Ali,,
1293013,2021/22,2022-02-06,"National Stadium, Karachi",1,17.3,Islamabad United,Karachi Kings,C Munro,Azam Khan,Usman Shinwari,2,0,,,,,,,,,
1293013,2021/22,2022-02-06,"National Stadium, Karachi",1,17.4,Islamabad United,Karachi Kings,C Munro,Azam Khan,Usman Shinwari,1,0,,,,,,,,,
1293013,2021/22,2022-02-06,"National Stadium, Karachi",1,17.5,Islamabad United,Karachi Kings,Azam Khan,C Munro,Usman Shinwari,1,0,,,,,,,,,
1293013,2021/22,2022-02-06,"National Stadium, Karachi",1,17.6,Islamabad United,Karachi Kings,C Munro,Azam Khan,Usman Shinwari,0,1,1,,,,,,,,
1293013,2021/22,2022-02-06,"National Stadium, Karachi",1,17.7,Islamabad United,Karachi Kings,C Munro,Azam Khan,Usman Shinwari,0,0,,,,,,,,,
1293013,2021/22,2022-02-06,"National Stadium, Karachi",1,17.8,Islamabad United,Karachi Kings,C Munro,Azam Khan,Usman Shinwari,1,0,,,,,,,,,
1293013,2021/22,2022-02-06,"National Stadium, Karachi",1,18.1,Islamabad United,Karachi Kings,C Munro,Azam Khan,CJ Jordan,0,0,,,,,,caught,C Munro,,
1293013,2021/22,2022-02-06,"National Stadium, Karachi",1,18.2,Islamabad United,Karachi Kings,Azam Khan,Faheem Ashraf,CJ Jordan,4,0,,,,,,,,,
1293013,2021/22,2022-02-06,"National Stadium, Karachi",1,18.3,Islamabad United,Karachi Kings,Azam Khan,Faheem Ashraf,CJ Jordan,0,1,,,,1,,,,,
1293013,2021/22,2022-02-06,"National Stadium, Karachi",1,18.4,Islamabad United,Karachi Kings,Faheem Ashraf,Azam Khan,CJ Jordan,6,0,,,,,,,,,
1293013,2021/22,2022-02-06,"National Stadium, Karachi",1,18.5,Islamabad United,Karachi Kings,Faheem Ashraf,Azam Khan,CJ Jordan,0,0,,,,,,,,,
1293013,2021/22,2022-02-06,"National Stadium, Karachi",1,18.6,Islamabad United,Karachi Kings,Faheem Ashraf,Azam Khan,CJ Jordan,1,0,,,,,,,,,
1293013,2021/22,2022-02-06,"National Stadium, Karachi",1,19.1,Islamabad United,Karachi Kings,Faheem Ashraf,Azam Khan,Umaid Asif,0,1,,,,1,,,,,
1293013,2021/22,2022-02-06,"National Stadium, Karachi",1,19.2,Islamabad United,Karachi Kings,Azam Khan,Faheem Ashraf,Umaid Asif,4,0,,,,,,,,,
1293013,2021/22,2022-02-06,"National Stadium, Karachi",1,19.3,Islamabad United,Karachi Kings,Azam Khan,Faheem Ashraf,Umaid Asif,6,0,,,,,,,,,
1293013,2021/22,2022-02-06,"National Stadium, Karachi",1,19.4,Islamabad United,Karachi Kings,Azam Khan,Faheem Ashraf,Umaid Asif,1,0,,,,,,,,,
1293013,2021/22,2022-02-06,"National Stadium, Karachi",1,19.5,Islamabad United,Karachi Kings,Faheem Ashraf,Azam Khan,Umaid Asif,0,1,,,1,,,,,,
1293013,2021/22,2022-02-06,"National Stadium, Karachi",1,19.6,Islamabad United,Karachi Kings,Azam Khan,Faheem Ashraf,Umaid Asif,0,0,,,,,,caught,Azam Khan,,
1293013,2021/22,2022-02-06,"National Stadium, Karachi",2,0.1,Karachi Kings,Islamabad United,Sharjeel Khan,Babar Azam,Mubasir Khan,0,0,,,,,,,,,
1293013,2021/22,2022-02-06,"National Stadium, Karachi",2,0.2,Karachi Kings,Islamabad United,Sharjeel Khan,Babar Azam,Mubasir Khan,0,0,,,,,,,,,
1293013,2021/22,2022-02-06,"National Stadium, Karachi",2,0.3,Karachi Kings,Islamabad United,Sharjeel Khan,Babar Azam,Mubasir Khan,0,0,,,,,,,,,
1293013,2021/22,2022-02-06,"National Stadium, Karachi",2,0.4,Karachi Kings,Islamabad United,Sharjeel Khan,Babar Azam,Mubasir Khan,0,0,,,,,,,,,
1293013,2021/22,2022-02-06,"National Stadium, Karachi",2,0.5,Karachi Kings,Islamabad United,Sharjeel Khan,Babar Azam,Mubasir Khan,4,0,,,,,,,,,
1293013,2021/22,2022-02-06,"National Stadium, Karachi",2,0.6,Karachi Kings,Islamabad United,Sharjeel Khan,Babar Azam,Mubasir Khan,1,0,,,,,,,,,
1293013,2021/22,2022-02-06,"National Stadium, Karachi",2,1.1,Karachi Kings,Islamabad United,Sharjeel Khan,Babar Azam,Faheem Ashraf,1,0,,,,,,,,,
1293013,2021/22,2022-02-06,"National Stadium, Karachi",2,1.2,Karachi Kings,Islamabad United,Babar Azam,Sharjeel Khan,Faheem Ashraf,0,0,,,,,,run out,Sharjeel Khan,,
1293013,2021/22,2022-02-06,"National Stadium, Karachi",2,1.3,Karachi Kings,Islamabad United,Babar Azam,Sahibzada Farhan,Faheem Ashraf,0,0,,,,,,,,,
1293013,2021/22,2022-02-06,"National Stadium, Karachi",2,1.4,Karachi Kings,Islamabad United,Babar Azam,Sahibzada Farhan,Faheem Ashraf,0,0,,,,,,,,,
1293013,2021/22,2022-02-06,"National Stadium, Karachi",2,1.5,Karachi Kings,Islamabad United,Babar Azam,Sahibzada Farhan,Faheem Ashraf,1,0,,,,,,,,,
1293013,2021/22,2022-02-06,"National Stadium, Karachi",2,1.6,Karachi Kings,Islamabad United,Sahibzada Farhan,Babar Azam,Faheem Ashraf,0,0,,,,,,,,,
1293013,2021/22,2022-02-06,"National Stadium, Karachi",2,2.1,Karachi Kings,Islamabad United,Babar Azam,Sahibzada Farhan,Waqas Maqsood,1,0,,,,,,,,,
1293013,2021/22,2022-02-06,"National Stadium, Karachi",2,2.2,Karachi Kings,Islamabad United,Sahibzada Farhan,Babar Azam,Waqas Maqsood,0,0,,,,,,,,,
1293013,2021/22,2022-02-06,"National Stadium, Karachi",2,2.3,Karachi Kings,Islamabad United,Sahibzada Farhan,Babar Azam,Waqas Maqsood,1,0,,,,,,,,,
1293013,2021/22,2022-02-06,"National Stadium, Karachi",2,2.4,Karachi Kings,Islamabad United,Babar Azam,Sahibzada Farhan,Waqas Maqsood,4,0,,,,,,,,,
1293013,2021/22,2022-02-06,"National Stadium, Karachi",2,2.5,Karachi Kings,Islamabad United,Babar Azam,Sahibzada Farhan,Waqas Maqsood,1,0,,,,,,,,,
1293013,2021/22,2022-02-06,"National Stadium, Karachi",2,2.6,Karachi Kings,Islamabad United,Sahibzada Farhan,Babar Azam,Waqas Maqsood,1,0,,,,,,,,,
1293013,2021/22,2022-02-06,"National Stadium, Karachi",2,3.1,Karachi Kings,Islamabad United,Sahibzada Farhan,Babar Azam,Faheem Ashraf,0,0,,,,,,,,,
1293013,2021/22,2022-02-06,"National Stadium, Karachi",2,3.2,Karachi Kings,Islamabad United,Sahibzada Farhan,Babar Azam,Faheem Ashraf,0,0,,,,,,,,,
1293013,2021/22,2022-02-06,"National Stadium, Karachi",2,3.3,Karachi Kings,Islamabad United,Sahibzada Farhan,Babar Azam,Faheem Ashraf,0,0,,,,,,,,,
1293013,2021/22,2022-02-06,"National Stadium, Karachi",2,3.4,Karachi Kings,Islamabad United,Sahibzada Farhan,Babar Azam,Faheem Ashraf,1,0,,,,,,,,,
1293013,2021/22,2022-02-06,"National Stadium, Karachi",2,3.5,Karachi Kings,Islamabad United,Babar Azam,Sahibzada Farhan,Faheem Ashraf,1,0,,,,,,,,,
1293013,2021/22,2022-02-06,"National Stadium, Karachi",2,3.6,Karachi Kings,Islamabad United,Sahibzada Farhan,Babar Azam,Faheem Ashraf,4,0,,,,,,,,,
1293013,2021/22,2022-02-06,"National Stadium, Karachi",2,4.1,Karachi Kings,Islamabad United,Babar Azam,Sahibzada Farhan,Mohammad Wasim,0,0,,,,,,,,,
1293013,2021/22,2022-02-06,"National Stadium, Karachi",2,4.2,Karachi Kings,Islamabad United,Babar Azam,Sahibzada Farhan,Mohammad Wasim,0,0,,,,,,bowled,Babar Azam,,
1293013,2021/22,2022-02-06,"National Stadium, Karachi",2,4.3,Karachi Kings,Islamabad United,IA Cockbain,Sahibzada Farhan,Mohammad Wasim,0,0,,,,,,,,,
1293013,2021/22,2022-02-06,"National Stadium, Karachi",2,4.4,Karachi Kings,Islamabad United,IA Cockbain,Sahibzada Farhan,Mohammad Wasim,0,0,,,,,,,,,
1293013,2021/22,2022-02-06,"National Stadium, Karachi",2,4.5,Karachi Kings,Islamabad United,IA Cockbain,Sahibzada Farhan,Mohammad Wasim,1,0,,,,,,,,,
1293013,2021/22,2022-02-06,"National Stadium, Karachi",2,4.6,Karachi Kings,Islamabad United,Sahibzada Farhan,IA Cockbain,Mohammad Wasim,1,0,,,,,,,,,
1293013,2021/22,2022-02-06,"National Stadium, Karachi",2,5.1,Karachi Kings,Islamabad United,Sahibzada Farhan,IA Cockbain,Faheem Ashraf,4,0,,,,,,,,,
1293013,2021/22,2022-02-06,"National Stadium, Karachi",2,5.2,Karachi Kings,Islamabad United,Sahibzada Farhan,IA Cockbain,Faheem Ashraf,1,0,,,,,,,,,
1293013,2021/22,2022-02-06,"National Stadium, Karachi",2,5.3,Karachi Kings,Islamabad United,IA Cockbain,Sahibzada Farhan,Faheem Ashraf,1,0,,,,,,,,,
1293013,2021/22,2022-02-06,"National Stadium, Karachi",2,5.4,Karachi Kings,Islamabad United,Sahibzada Farhan,IA Cockbain,Faheem Ashraf,4,0,,,,,,,,,
1293013,2021/22,2022-02-06,"National Stadium, Karachi",2,5.5,Karachi Kings,Islamabad United,Sahibzada Farhan,IA Cockbain,Faheem Ashraf,0,0,,,,,,,,,
1293013,2021/22,2022-02-06,"National Stadium, Karachi",2,5.6,Karachi Kings,Islamabad United,Sahibzada Farhan,IA Cockbain,Faheem Ashraf,2,0,,,,,,,,,
1293013,2021/22,2022-02-06,"National Stadium, Karachi",2,6.1,Karachi Kings,Islamabad United,IA Cockbain,Sahibzada Farhan,Hasan Ali,0,0,,,,,,bowled,IA Cockbain,,
1293013,2021/22,2022-02-06,"National Stadium, Karachi",2,6.2,Karachi Kings,Islamabad United,Imad Wasim,Sahibzada Farhan,Hasan Ali,0,0,,,,,,,,,
1293013,2021/22,2022-02-06,"National Stadium, Karachi",2,6.3,Karachi Kings,Islamabad United,Imad Wasim,Sahibzada Farhan,Hasan Ali,1,0,,,,,,,,,
1293013,2021/22,2022-02-06,"National Stadium, Karachi",2,6.4,Karachi Kings,Islamabad United,Sahibzada Farhan,Imad Wasim,Hasan Ali,4,0,,,,,,,,,
1293013,2021/22,2022-02-06,"National Stadium, Karachi",2,6.5,Karachi Kings,Islamabad United,Sahibzada Farhan,Imad Wasim,Hasan Ali,1,0,,,,,,,,,
1293013,2021/22,2022-02-06,"National Stadium, Karachi",2,6.6,Karachi Kings,Islamabad United,Imad Wasim,Sahibzada Farhan,Hasan Ali,0,0,,,,,,,,,
1293013,2021/22,2022-02-06,"National Stadium, Karachi",2,7.1,Karachi Kings,Islamabad United,Sahibzada Farhan,Imad Wasim,Shadab Khan,1,0,,,,,,,,,
1293013,2021/22,2022-02-06,"National Stadium, Karachi",2,7.2,Karachi Kings,Islamabad United,Imad Wasim,Sahibzada Farhan,Shadab Khan,0,0,,,,,,,,,
1293013,2021/22,2022-02-06,"National Stadium, Karachi",2,7.3,Karachi Kings,Islamabad United,Imad Wasim,Sahibzada Farhan,Shadab Khan,0,0,,,,,,,,,
1293013,2021/22,2022-02-06,"National Stadium, Karachi",2,7.4,Karachi Kings,Islamabad United,Imad Wasim,Sahibzada Farhan,Shadab Khan,0,0,,,,,,,,,
1293013,2021/22,2022-02-06,"National Stadium, Karachi",2,7.5,Karachi Kings,Islamabad United,Imad Wasim,Sahibzada Farhan,Shadab Khan,0,0,,,,,,,,,
1293013,2021/22,2022-02-06,"National Stadium, Karachi",2,7.6,Karachi Kings,Islamabad United,Imad Wasim,Sahibzada Farhan,Shadab Khan,0,0,,,,,,run out,Sahibzada Farhan,,
1293013,2021/22,2022-02-06,"National Stadium, Karachi",2,8.1,Karachi Kings,Islamabad United,L Gregory,Imad Wasim,Hasan Ali,1,0,,,,,,,,,
1293013,2021/22,2022-02-06,"National Stadium, Karachi",2,8.2,Karachi Kings,Islamabad United,Imad Wasim,L Gregory,Hasan Ali,2,0,,,,,,,,,
1293013,2021/22,2022-02-06,"National Stadium, Karachi",2,8.3,Karachi Kings,Islamabad United,Imad Wasim,L Gregory,Hasan Ali,1,0,,,,,,,,,
1293013,2021/22,2022-02-06,"National Stadium, Karachi",2,8.4,Karachi Kings,Islamabad United,L Gregory,Imad Wasim,Hasan Ali,2,0,,,,,,,,,
1293013,2021/22,2022-02-06,"National Stadium, Karachi",2,8.5,Karachi Kings,Islamabad United,L Gregory,Imad Wasim,Hasan Ali,0,0,,,,,,,,,
1293013,2021/22,2022-02-06,"National Stadium, Karachi",2,8.6,Karachi Kings,Islamabad United,L Gregory,Imad Wasim,Hasan Ali,1,0,,,,,,,,,
1293013,2021/22,2022-02-06,"National Stadium, Karachi",2,9.1,Karachi Kings,Islamabad United,L Gregory,Imad Wasim,Shadab Khan,0,0,,,,,,,,,
1293013,2021/22,2022-02-06,"National Stadium, Karachi",2,9.2,Karachi Kings,Islamabad United,L Gregory,Imad Wasim,Shadab Khan,4,0,,,,,,,,,
1293013,2021/22,2022-02-06,"National Stadium, Karachi",2,9.3,Karachi Kings,Islamabad United,L Gregory,Imad Wasim,Shadab Khan,2,0,,,,,,,,,
1293013,2021/22,2022-02-06,"National Stadium, Karachi",2,9.4,Karachi Kings,Islamabad United,L Gregory,Imad Wasim,Shadab Khan,2,0,,,,,,,,,
1293013,2021/22,2022-02-06,"National Stadium, Karachi",2,9.5,Karachi Kings,Islamabad United,L Gregory,Imad Wasim,Shadab Khan,0,0,,,,,,,,,
1293013,2021/22,2022-02-06,"National Stadium, Karachi",2,9.6,Karachi Kings,Islamabad United,L Gregory,Imad Wasim,Shadab Khan,1,0,,,,,,,,,
1293013,2021/22,2022-02-06,"National Stadium, Karachi",2,10.1,Karachi Kings,Islamabad United,L Gregory,Imad Wasim,Hasan Ali,1,0,,,,,,,,,
1293013,2021/22,2022-02-06,"National Stadium, Karachi",2,10.2,Karachi Kings,Islamabad United,Imad Wasim,L Gregory,Hasan Ali,1,0,,,,,,,,,
1293013,2021/22,2022-02-06,"National Stadium, Karachi",2,10.3,Karachi Kings,Islamabad United,L Gregory,Imad Wasim,Hasan Ali,0,0,,,,,,,,,
1293013,2021/22,2022-02-06,"National Stadium, Karachi",2,10.4,Karachi Kings,Islamabad United,L Gregory,Imad Wasim,Hasan Ali,0,0,,,,,,,,,
1293013,2021/22,2022-02-06,"National Stadium, Karachi",2,10.5,Karachi Kings,Islamabad United,L Gregory,Imad Wasim,Hasan Ali,1,0,,,,,,,,,
1293013,2021/22,2022-02-06,"National Stadium, Karachi",2,10.6,Karachi Kings,Islamabad United,Imad Wasim,L Gregory,Hasan Ali,1,0,,,,,,,,,
1293013,2021/22,2022-02-06,"National Stadium, Karachi",2,11.1,Karachi Kings,Islamabad United,Imad Wasim,L Gregory,Shadab Khan,3,0,,,,,,,,,
1293013,2021/22,2022-02-06,"National Stadium, Karachi",2,11.2,Karachi Kings,Islamabad United,L Gregory,Imad Wasim,Shadab Khan,0,0,,,,,,,,,
1293013,2021/22,2022-02-06,"National Stadium, Karachi",2,11.3,Karachi Kings,Islamabad United,L Gregory,Imad Wasim,Shadab Khan,0,0,,,,,,stumped,L Gregory,,
1293013,2021/22,2022-02-06,"National Stadium, Karachi",2,11.4,Karachi Kings,Islamabad United,Mohammad Nabi,Imad Wasim,Shadab Khan,1,0,,,,,,,,,
1293013,2021/22,2022-02-06,"National Stadium, Karachi",2,11.5,Karachi Kings,Islamabad United,Imad Wasim,Mohammad Nabi,Shadab Khan,0,0,,,,,,caught,Imad Wasim,,
1293013,2021/22,2022-02-06,"National Stadium, Karachi",2,11.6,Karachi Kings,Islamabad United,Mohammad Nabi,CJ Jordan,Shadab Khan,0,0,,,,,,,,,
1293013,2021/22,2022-02-06,"National Stadium, Karachi",2,12.1,Karachi Kings,Islamabad United,CJ Jordan,Mohammad Nabi,Mohammad Wasim,1,0,,,,,,,,,
1293013,2021/22,2022-02-06,"National Stadium, Karachi",2,12.2,Karachi Kings,Islamabad United,Mohammad Nabi,CJ Jordan,Mohammad Wasim,2,0,,,,,,,,,
1293013,2021/22,2022-02-06,"National Stadium, Karachi",2,12.3,Karachi Kings,Islamabad United,Mohammad Nabi,CJ Jordan,Mohammad Wasim,4,0,,,,,,,,,
1293013,2021/22,2022-02-06,"National Stadium, Karachi",2,12.4,Karachi Kings,Islamabad United,Mohammad Nabi,CJ Jordan,Mohammad Wasim,4,0,,,,,,,,,
1293013,2021/22,2022-02-06,"National Stadium, Karachi",2,12.5,Karachi Kings,Islamabad United,Mohammad Nabi,CJ Jordan,Mohammad Wasim,1,0,,,,,,,,,
1293013,2021/22,2022-02-06,"National Stadium, Karachi",2,12.6,Karachi Kings,Islamabad United,CJ Jordan,Mohammad Nabi,Mohammad Wasim,4,0,,,,,,,,,
1293013,2021/22,2022-02-06,"National Stadium, Karachi",2,13.1,Karachi Kings,Islamabad United,Mohammad Nabi,CJ Jordan,Shadab Khan,1,0,,,,,,,,,
1293013,2021/22,2022-02-06,"National Stadium, Karachi",2,13.2,Karachi Kings,Islamabad United,CJ Jordan,Mohammad Nabi,Shadab Khan,0,0,,,,,,,,,
1293013,2021/22,2022-02-06,"National Stadium, Karachi",2,13.3,Karachi Kings,Islamabad United,CJ Jordan,Mohammad Nabi,Shadab Khan,0,0,,,,,,bowled,CJ Jordan,,
1293013,2021/22,2022-02-06,"National Stadium, Karachi",2,13.4,Karachi Kings,Islamabad United,Mohammad Taha,Mohammad Nabi,Shadab Khan,0,0,,,,,,,,,
1293013,2021/22,2022-02-06,"National Stadium, Karachi",2,13.5,Karachi Kings,Islamabad United,Mohammad Taha,Mohammad Nabi,Shadab Khan,0,0,,,,,,lbw,Mohammad Taha,,
1293013,2021/22,2022-02-06,"National Stadium, Karachi",2,13.6,Karachi Kings,Islamabad United,Umaid Asif,Mohammad Nabi,Shadab Khan,0,0,,,,,,,,,
1293013,2021/22,2022-02-06,"National Stadium, Karachi",2,14.1,Karachi Kings,Islamabad United,Mohammad Nabi,Umaid Asif,Waqas Maqsood,0,0,,,,,,,,,
1293013,2021/22,2022-02-06,"National Stadium, Karachi",2,14.2,Karachi Kings,Islamabad United,Mohammad Nabi,Umaid Asif,Waqas Maqsood,0,0,,,,,,,,,
1293013,2021/22,2022-02-06,"National Stadium, Karachi",2,14.3,Karachi Kings,Islamabad United,Mohammad Nabi,Umaid Asif,Waqas Maqsood,1,0,,,,,,,,,
1293013,2021/22,2022-02-06,"National Stadium, Karachi",2,14.4,Karachi Kings,Islamabad United,Umaid Asif,Mohammad Nabi,Waqas Maqsood,0,0,,,,,,,,,
1293013,2021/22,2022-02-06,"National Stadium, Karachi",2,14.5,Karachi Kings,Islamabad United,Umaid Asif,Mohammad Nabi,Waqas Maqsood,0,0,,,,,,,,,
1293013,2021/22,2022-02-06,"National Stadium, Karachi",2,14.6,Karachi Kings,Islamabad United,Umaid Asif,Mohammad Nabi,Waqas Maqsood,4,0,,,,,,,,,
1293013,2021/22,2022-02-06,"National Stadium, Karachi",2,15.1,Karachi Kings,Islamabad United,Mohammad Nabi,Umaid Asif,Mohammad Wasim,4,0,,,,,,,,,
1293013,2021/22,2022-02-06,"National Stadium, Karachi",2,15.2,Karachi Kings,Islamabad United,Mohammad Nabi,Umaid Asif,Mohammad Wasim,4,0,,,,,,,,,
1293013,2021/22,2022-02-06,"National Stadium, Karachi",2,15.3,Karachi Kings,Islamabad United,Mohammad Nabi,Umaid Asif,Mohammad Wasim,1,0,,,,,,,,,
1293013,2021/22,2022-02-06,"National Stadium, Karachi",2,15.4,Karachi Kings,Islamabad United,Umaid Asif,Mohammad Nabi,Mohammad Wasim,4,0,,,,,,,,,
1293013,2021/22,2022-02-06,"National Stadium, Karachi",2,15.5,Karachi Kings,Islamabad United,Umaid Asif,Mohammad Nabi,Mohammad Wasim,1,0,,,,,,,,,
1293013,2021/22,2022-02-06,"National Stadium, Karachi",2,15.6,Karachi Kings,Islamabad United,Mohammad Nabi,Umaid Asif,Mohammad Wasim,6,0,,,,,,,,,
1293013,2021/22,2022-02-06,"National Stadium, Karachi",2,16.1,Karachi Kings,Islamabad United,Umaid Asif,Mohammad Nabi,Waqas Maqsood,0,0,,,,,,,,,
1293013,2021/22,2022-02-06,"National Stadium, Karachi",2,16.2,Karachi Kings,Islamabad United,Umaid Asif,Mohammad Nabi,Waqas Maqsood,0,0,,,,,,,,,
1293013,2021/22,2022-02-06,"National Stadium, Karachi",2,16.3,Karachi Kings,Islamabad United,Umaid Asif,Mohammad Nabi,Waqas Maqsood,1,0,,,,,,,,,
1293013,2021/22,2022-02-06,"National Stadium, Karachi",2,16.4,Karachi Kings,Islamabad United,Mohammad Nabi,Umaid Asif,Waqas Maqsood,1,0,,,,,,,,,
1293013,2021/22,2022-02-06,"National Stadium, Karachi",2,16.5,Karachi Kings,Islamabad United,Umaid Asif,Mohammad Nabi,Waqas Maqsood,0,0,,,,,,caught,Umaid Asif,,
1293013,2021/22,2022-02-06,"National Stadium, Karachi",2,16.6,Karachi Kings,Islamabad United,Usman Shinwari,Mohammad Nabi,Waqas Maqsood,0,0,,,,,,,,,
1293013,2021/22,2022-02-06,"National Stadium, Karachi",2,17.1,Karachi Kings,Islamabad United,Mohammad Nabi,Usman Shinwari,Hasan Ali,1,0,,,,,,,,,
1293013,2021/22,2022-02-06,"National Stadium, Karachi",2,17.2,Karachi Kings,Islamabad United,Usman Shinwari,Mohammad Nabi,Hasan Ali,1,0,,,,,,,,,
1293013,2021/22,2022-02-06,"National Stadium, Karachi",2,17.3,Karachi Kings,Islamabad United,Mohammad Nabi,Usman Shinwari,Hasan Ali,0,0,,,,,,,,,
1293013,2021/22,2022-02-06,"National Stadium, Karachi",2,17.4,Karachi Kings,Islamabad United,Mohammad Nabi,Usman Shinwari,Hasan Ali,6,0,,,,,,,,,
1293013,2021/22,2022-02-06,"National Stadium, Karachi",2,17.5,Karachi Kings,Islamabad United,Mohammad Nabi,Usman Shinwari,Hasan Ali,1,0,,,,,,,,,
1293013,2021/22,2022-02-06,"National Stadium, Karachi",2,17.6,Karachi Kings,Islamabad United,Usman Shinwari,Mohammad Nabi,Hasan Ali,0,0,,,,,,,,,
1293013,2021/22,2022-02-06,"National Stadium, Karachi",2,18.1,Karachi Kings,Islamabad United,Mohammad Nabi,Usman Shinwari,Waqas Maqsood,4,0,,,,,,,,,
1293013,2021/22,2022-02-06,"National Stadium, Karachi",2,18.2,Karachi Kings,Islamabad United,Mohammad Nabi,Usman Shinwari,Waqas Maqsood,1,0,,,,,,,,,
1293013,2021/22,2022-02-06,"National Stadium, Karachi",2,18.3,Karachi Kings,Islamabad United,Usman Shinwari,Mohammad Nabi,Waqas Maqsood,0,0,,,,,,,,,
1293013,2021/22,2022-02-06,"National Stadium, Karachi",2,18.4,Karachi Kings,Islamabad United,Usman Shinwari,Mohammad Nabi,Waqas Maqsood,6,0,,,,,,,,,
1293013,2021/22,2022-02-06,"National Stadium, Karachi",2,18.5,Karachi Kings,Islamabad United,Usman Shinwari,Mohammad Nabi,Waqas Maqsood,1,0,,,,,,,,,
1293013,2021/22,2022-02-06,"National Stadium, Karachi",2,18.6,Karachi Kings,Islamabad United,Mohammad Nabi,Usman Shinwari,Waqas Maqsood,1,0,,,,,,,,,
1293013,2021/22,2022-02-06,"National Stadium, Karachi",2,19.1,Karachi Kings,Islamabad United,Mohammad Nabi,Usman Shinwari,Mohammad Wasim,0,0,,,,,,,,,
1293013,2021/22,2022-02-06,"National Stadium, Karachi",2,19.2,Karachi Kings,Islamabad United,Mohammad Nabi,Usman Shinwari,Mohammad Wasim,0,0,,,,,,,,,
1293013,2021/22,2022-02-06,"National Stadium, Karachi",2,19.3,Karachi Kings,Islamabad United,Mohammad Nabi,Usman Shinwari,Mohammad Wasim,0,0,,,,,,,,,
1293013,2021/22,2022-02-06,"National Stadium, Karachi",2,19.4,Karachi Kings,Islamabad United,Mohammad Nabi,Usman Shinwari,Mohammad Wasim,0,0,,,,,,,,,
1293013,2021/22,2022-02-06,"National Stadium, Karachi",2,19.5,Karachi Kings,Islamabad United,Mohammad Nabi,Usman Shinwari,Mohammad Wasim,2,0,,,,,,,,,
1293013,2021/22,2022-02-06,"National Stadium, Karachi",2,19.6,Karachi Kings,Islamabad United,Mohammad Nabi,Usman Shinwari,Mohammad Wasim,1,0,,,,,,,,,
