match_id,season,start_date,venue,innings,ball,batting_team,bowling_team,striker,non_striker,bowler,runs_off_bat,extras,wides,noballs,byes,legbyes,penalty,wicket_type,player_dismissed,other_wicket_type,other_player_dismissed
1293002,2021/22,2022-01-29,"National Stadium, Karachi",1,0.1,Lahore Qalandars,Multan Sultans,Fakhar Zaman,Abdullah Shafique,DJ Willey,0,0,,,,,,,,,
1293002,2021/22,2022-01-29,"National Stadium, Karachi",1,0.2,Lahore Qalandars,Multan Sultans,Fakhar Zaman,Abdullah Shafique,DJ Willey,1,0,,,,,,,,,
1293002,2021/22,2022-01-29,"National Stadium, Karachi",1,0.3,Lahore Qalandars,Multan Sultans,Abdullah Shafique,Fakhar Zaman,DJ Willey,0,0,,,,,,,,,
1293002,2021/22,2022-01-29,"National Stadium, Karachi",1,0.4,Lahore Qalandars,Multan Sultans,Abdullah Shafique,Fakhar Zaman,DJ Willey,1,0,,,,,,,,,
1293002,2021/22,2022-01-29,"National Stadium, Karachi",1,0.5,Lahore Qalandars,Multan Sultans,Fakhar Zaman,Abdullah Shafique,DJ Willey,0,0,,,,,,,,,
1293002,2021/22,2022-01-29,"National Stadium, Karachi",1,0.6,Lahore Qalandars,Multan Sultans,Fakhar Zaman,Abdullah Shafique,DJ Willey,4,0,,,,,,,,,
1293002,2021/22,2022-01-29,"National Stadium, Karachi",1,1.1,Lahore Qalandars,Multan Sultans,Abdullah Shafique,Fakhar Zaman,Imran Khan (2),1,0,,,,,,,,,
1293002,2021/22,2022-01-29,"National Stadium, Karachi",1,1.2,Lahore Qalandars,Multan Sultans,Fakhar Zaman,Abdullah Shafique,Imran Khan (2),1,0,,,,,,,,,
1293002,2021/22,2022-01-29,"National Stadium, Karachi",1,1.3,Lahore Qalandars,Multan Sultans,Abdullah Shafique,Fakhar Zaman,Imran Khan (2),1,0,,,,,,,,,
1293002,2021/22,2022-01-29,"National Stadium, Karachi",1,1.4,Lahore Qalandars,Multan Sultans,Fakhar Zaman,Abdullah Shafique,Imran Khan (2),6,0,,,,,,,,,
1293002,2021/22,2022-01-29,"National Stadium, Karachi",1,1.5,Lahore Qalandars,Multan Sultans,Fakhar Zaman,Abdullah Shafique,Imran Khan (2),4,0,,,,,,,,,
1293002,2021/22,2022-01-29,"National Stadium, Karachi",1,1.6,Lahore Qalandars,Multan Sultans,Fakhar Zaman,Abdullah Shafique,Imran Khan (2),4,0,,,,,,,,,
1293002,2021/22,2022-01-29,"National Stadium, Karachi",1,2.1,Lahore Qalandars,Multan Sultans,Abdullah Shafique,Fakhar Zaman,Shahnawaz Dhani,4,0,,,,,,,,,
1293002,2021/22,2022-01-29,"National Stadium, Karachi",1,2.2,Lahore Qalandars,Multan Sultans,Abdullah Shafique,Fakhar Zaman,Shahnawaz Dhani,1,0,,,,,,,,,
1293002,2021/22,2022-01-29,"National Stadium, Karachi",1,2.3,Lahore Qalandars,Multan Sultans,Fakhar Zaman,Abdullah Shafique,Shahnawaz Dhani,1,0,,,,,,,,,
1293002,2021/22,2022-01-29,"National Stadium, Karachi",1,2.4,Lahore Qalandars,Multan Sultans,Abdullah Shafique,Fakhar Zaman,Shahnawaz Dhani,0,0,,,,,,,,,
1293002,2021/22,2022-01-29,"National Stadium, Karachi",1,2.5,Lahore Qalandars,Multan Sultans,Abdullah Shafique,Fakhar Zaman,Shahnawaz Dhani,0,0,,,,,,,,,
1293002,2021/22,2022-01-29,"National Stadium, Karachi",1,2.6,Lahore Qalandars,Multan Sultans,Abdullah Shafique,Fakhar Zaman,Shahnawaz Dhani,0,0,,,,,,,,,
1293002,2021/22,2022-01-29,"National Stadium, Karachi",1,3.1,Lahore Qalandars,Multan Sultans,Fakhar Zaman,Abdullah Shafique,DJ Willey,2,0,,,,,,,,,
1293002,2021/22,2022-01-29,"National Stadium, Karachi",1,3.2,Lahore Qalandars,Multan Sultans,Fakhar Zaman,Abdullah Shafique,DJ Willey,0,0,,,,,,,,,
1293002,2021/22,2022-01-29,"National Stadium, Karachi",1,3.3,Lahore Qalandars,Multan Sultans,Fakhar Zaman,Abdullah Shafique,DJ Willey,4,0,,,,,,,,,
1293002,2021/22,2022-01-29,"National Stadium, Karachi",1,3.4,Lahore Qalandars,Multan Sultans,Fakhar Zaman,Abdullah Shafique,DJ Willey,2,0,,,,,,,,,
1293002,2021/22,2022-01-29,"National Stadium, Karachi",1,3.5,Lahore Qalandars,Multan Sultans,Fakhar Zaman,Abdullah Shafique,DJ Willey,1,0,,,,,,,,,
1293002,2021/22,2022-01-29,"National Stadium, Karachi",1,3.6,Lahore Qalandars,Multan Sultans,Abdullah Shafique,Fakhar Zaman,DJ Willey,1,0,,,,,,,,,
1293002,2021/22,2022-01-29,"National Stadium, Karachi",1,4.1,Lahore Qalandars,Multan Sultans,Abdullah Shafique,Fakhar Zaman,Shahnawaz Dhani,0,0,,,,,,,,,
1293002,2021/22,2022-01-29,"National Stadium, Karachi",1,4.2,Lahore Qalandars,Multan Sultans,Abdullah Shafique,Fakhar Zaman,Shahnawaz Dhani,2,0,,,,,,,,,
1293002,2021/22,2022-01-29,"National Stadium, Karachi",1,4.3,Lahore Qalandars,Multan Sultans,Abdullah Shafique,Fakhar Zaman,Shahnawaz Dhani,4,0,,,,,,,,,
1293002,2021/22,2022-01-29,"National Stadium, Karachi",1,4.4,Lahore Qalandars,Multan Sultans,Abdullah Shafique,Fakhar Zaman,Shahnawaz Dhani,0,0,,,,,,,,,
1293002,2021/22,2022-01-29,"National Stadium, Karachi",1,4.5,Lahore Qalandars,Multan Sultans,Abdullah Shafique,Fakhar Zaman,Shahnawaz Dhani,4,0,,,,,,,,,
1293002,2021/22,2022-01-29,"National Stadium, Karachi",1,4.6,Lahore Qalandars,Multan Sultans,Abdullah Shafique,Fakhar Zaman,Shahnawaz Dhani,0,0,,,,,,,,,
1293002,2021/22,2022-01-29,"National Stadium, Karachi",1,5.1,Lahore Qalandars,Multan Sultans,Fakhar Zaman,Abdullah Shafique,Imran Khan (2),4,0,,,,,,,,,
1293002,2021/22,2022-01-29,"National Stadium, Karachi",1,5.2,Lahore Qalandars,Multan Sultans,Fakhar Zaman,Abdullah Shafique,Imran Khan (2),4,0,,,,,,,,,
1293002,2021/22,2022-01-29,"National Stadium, Karachi",1,5.3,Lahore Qalandars,Multan Sultans,Fakhar Zaman,Abdullah Shafique,Imran Khan (2),4,0,,,,,,,,,
1293002,2021/22,2022-01-29,"National Stadium, Karachi",1,5.4,Lahore Qalandars,Multan Sultans,Fakhar Zaman,Abdullah Shafique,Imran Khan (2),1,0,,,,,,,,,
1293002,2021/22,2022-01-29,"National Stadium, Karachi",1,5.5,Lahore Qalandars,Multan Sultans,Abdullah Shafique,Fakhar Zaman,Imran Khan (2),1,0,,,,,,,,,
1293002,2021/22,2022-01-29,"National Stadium, Karachi",1,5.6,Lahore Qalandars,Multan Sultans,Fakhar Zaman,Abdullah Shafique,Imran Khan (2),4,0,,,,,,,,,
1293002,2021/22,2022-01-29,"National Stadium, Karachi",1,6.1,Lahore Qalandars,Multan Sultans,Abdullah Shafique,Fakhar Zaman,Imran Tahir,1,0,,,,,,,,,
1293002,2021/22,2022-01-29,"National Stadium, Karachi",1,6.2,Lahore Qalandars,Multan Sultans,Fakhar Zaman,Abdullah Shafique,Imran Tahir,1,0,,,,,,,,,
1293002,2021/22,2022-01-29,"National Stadium, Karachi",1,6.3,Lahore Qalandars,Multan Sultans,Abdullah Shafique,Fakhar Zaman,Imran Tahir,1,0,,,,,,,,,
1293002,2021/22,2022-01-29,"National Stadium, Karachi",1,6.4,Lahore Qalandars,Multan Sultans,Fakhar Zaman,Abdullah Shafique,Imran Tahir,1,0,,,,,,,,,
1293002,2021/22,2022-01-29,"National Stadium, Karachi",1,6.5,Lahore Qalandars,Multan Sultans,Abdullah Shafique,Fakhar Zaman,Imran Tahir,1,0,,,,,,,,,
1293002,2021/22,2022-01-29,"National Stadium, Karachi",1,6.6,Lahore Qalandars,Multan Sultans,Fakhar Zaman,Abdullah Shafique,Imran Tahir,1,0,,,,,,,,,
1293002,2021/22,2022-01-29,"National Stadium, Karachi",1,7.1,Lahore Qalandars,Multan Sultans,Fakhar Zaman,Abdullah Shafique,TH David,2,0,,,,,,,,,
1293002,2021/22,2022-01-29,"National Stadium, Karachi",1,7.2,Lahore Qalandars,Multan Sultans,Fakhar Zaman,Abdullah Shafique,TH David,6,0,,,,,,,,,
1293002,2021/22,2022-01-29,"National Stadium, Karachi",1,7.3,Lahore Qalandars,Multan Sultans,Fakhar Zaman,Abdullah Shafique,TH David,1,0,,,,,,,,,
1293002,2021/22,2022-01-29,"National Stadium, Karachi",1,7.4,Lahore Qalandars,Multan Sultans,Abdullah Shafique,Fakhar Zaman,TH David,1,0,,,,,,,,,
1293002,2021/22,2022-01-29,"National Stadium, Karachi",1,7.5,Lahore Qalandars,Multan Sultans,Fakhar Zaman,Abdullah Shafique,TH David,4,0,,,,,,,,,
1293002,2021/22,2022-01-29,"National Stadium, Karachi",1,7.6,Lahore Qalandars,Multan Sultans,Fakhar Zaman,Abdullah Shafique,TH David,1,0,,,,,,,,,
1293002,2021/22,2022-01-29,"National Stadium, Karachi",1,8.1,Lahore Qalandars,Multan Sultans,Fakhar Zaman,Abdullah Shafique,Imran Tahir,0,0,,,,,,,,,
1293002,2021/22,2022-01-29,"National Stadium, Karachi",1,8.2,Lahore Qalandars,Multan Sultans,Fakhar Zaman,Abdullah Shafique,Imran Tahir,1,0,,,,,,,,,
1293002,2021/22,2022-01-29,"National Stadium, Karachi",1,8.3,Lahore Qalandars,Multan Sultans,Abdullah Shafique,Fakhar Zaman,Imran Tahir,0,0,,,,,,caught,Abdullah Shafique,,
1293002,2021/22,2022-01-29,"National Stadium, Karachi",1,8.4,Lahore Qalandars,Multan Sultans,Kamran Ghulam,Fakhar Zaman,Imran Tahir,4,0,,,,,,,,,
1293002,2021/22,2022-01-29,"National Stadium, Karachi",1,8.5,Lahore Qalandars,Multan Sultans,Kamran Ghulam,Fakhar Zaman,Imran Tahir,0,0,,,,,,,,,
1293002,2021/22,2022-01-29,"National Stadium, Karachi",1,8.6,Lahore Qalandars,Multan Sultans,Kamran Ghulam,Fakhar Zaman,Imran Tahir,1,0,,,,,,,,,
1293002,2021/22,2022-01-29,"National Stadium, Karachi",1,9.1,Lahore Qalandars,Multan Sultans,Kamran Ghulam,Fakhar Zaman,Ihsanullah,1,0,,,,,,,,,
1293002,2021/22,2022-01-29,"National Stadium, Karachi",1,9.2,Lahore Qalandars,Multan Sultans,Fakhar Zaman,Kamran Ghulam,Ihsanullah,1,0,,,,,,,,,
1293002,2021/22,2022-01-29,"National Stadium, Karachi",1,9.3,Lahore Qalandars,Multan Sultans,Kamran Ghulam,Fakhar Zaman,Ihsanullah,0,0,,,,,,,,,
1293002,2021/22,2022-01-29,"National Stadium, Karachi",1,9.4,Lahore Qalandars,Multan Sultans,Kamran Ghulam,Fakhar Zaman,Ihsanullah,1,0,,,,,,,,,
1293002,2021/22,2022-01-29,"National Stadium, Karachi",1,9.5,Lahore Qalandars,Multan Sultans,Fakhar Zaman,Kamran Ghulam,Ihsanullah,4,0,,,,,,,,,
1293002,2021/22,2022-01-29,"National Stadium, Karachi",1,9.6,Lahore Qalandars,Multan Sultans,Fakhar Zaman,Kamran Ghulam,Ihsanullah,4,0,,,,,,,,,
1293002,2021/22,2022-01-29,"National Stadium, Karachi",1,10.1,Lahore Qalandars,Multan Sultans,Kamran Ghulam,Fakhar Zaman,Imran Tahir,0,0,,,,,,,,,
1293002,2021/22,2022-01-29,"National Stadium, Karachi",1,10.2,Lahore Qalandars,Multan Sultans,Kamran Ghulam,Fakhar Zaman,Imran Tahir,6,0,,,,,,,,,
1293002,2021/22,2022-01-29,"National Stadium, Karachi",1,10.3,Lahore Qalandars,Multan Sultans,Kamran Ghulam,Fakhar Zaman,Imran Tahir,0,0,,,,,,,,,
1293002,2021/22,2022-01-29,"National Stadium, Karachi",1,10.4,Lahore Qalandars,Multan Sultans,Kamran Ghulam,Fakhar Zaman,Imran Tahir,1,0,,,,,,,,,
1293002,2021/22,2022-01-29,"National Stadium, Karachi",1,10.5,Lahore Qalandars,Multan Sultans,Fakhar Zaman,Kamran Ghulam,Imran Tahir,1,0,,,,,,,,,
1293002,2021/22,2022-01-29,"National Stadium, Karachi",1,10.6,Lahore Qalandars,Multan Sultans,Kamran Ghulam,Fakhar Zaman,Imran Tahir,1,0,,,,,,,,,
1293002,2021/22,2022-01-29,"National Stadium, Karachi",1,11.1,Lahore Qalandars,Multan Sultans,Kamran Ghulam,Fakhar Zaman,Ihsanullah,0,0,,,,,,,,,
1293002,2021/22,2022-01-29,"National Stadium, Karachi",1,11.2,Lahore Qalandars,Multan Sultans,Kamran Ghulam,Fakhar Zaman,Ihsanullah,1,0,,,,,,,,,
1293002,2021/22,2022-01-29,"National Stadium, Karachi",1,11.3,Lahore Qalandars,Multan Sultans,Fakhar Zaman,Kamran Ghulam,Ihsanullah,1,0,,,,,,,,,
1293002,2021/22,2022-01-29,"National Stadium, Karachi",1,11.4,Lahore Qalandars,Multan Sultans,Kamran Ghulam,Fakhar Zaman,Ihsanullah,1,0,,,,,,,,,
1293002,2021/22,2022-01-29,"National Stadium, Karachi",1,11.5,Lahore Qalandars,Multan Sultans,Fakhar Zaman,Kamran Ghulam,Ihsanullah,0,0,,,,,,caught,Fakhar Zaman,,
1293002,2021/22,2022-01-29,"National Stadium, Karachi",1,11.6,Lahore Qalandars,Multan Sultans,Mohammad Hafeez,Kamran Ghulam,Ihsanullah,4,0,,,,,,,,,
1293002,2021/22,2022-01-29,"National Stadium, Karachi",1,12.1,Lahore Qalandars,Multan Sultans,Kamran Ghulam,Mohammad Hafeez,Imran Tahir,0,1,1,,,,,,,,
1293002,2021/22,2022-01-29,"National Stadium, Karachi",1,12.2,Lahore Qalandars,Multan Sultans,Kamran Ghulam,Mohammad Hafeez,Imran Tahir,1,0,,,,,,,,,
1293002,2021/22,2022-01-29,"National Stadium, Karachi",1,12.3,Lahore Qalandars,Multan Sultans,Mohammad Hafeez,Kamran Ghulam,Imran Tahir,1,0,,,,,,,,,
1293002,2021/22,2022-01-29,"National Stadium, Karachi",1,12.4,Lahore Qalandars,Multan Sultans,Kamran Ghulam,Mohammad Hafeez,Imran Tahir,1,0,,,,,,,,,
1293002,2021/22,2022-01-29,"National Stadium, Karachi",1,12.5,Lahore Qalandars,Multan Sultans,Mohammad Hafeez,Kamran Ghulam,Imran Tahir,0,0,,,,,,,,,
1293002,2021/22,2022-01-29,"National Stadium, Karachi",1,12.6,Lahore Qalandars,Multan Sultans,Mohammad Hafeez,Kamran Ghulam,Imran Tahir,1,0,,,,,,,,,
1293002,2021/22,2022-01-29,"National Stadium, Karachi",1,12.7,Lahore Qalandars,Multan Sultans,Kamran Ghulam,Mohammad Hafeez,Imran Tahir,6,0,,,,,,,,,
1293002,2021/22,2022-01-29,"National Stadium, Karachi",1,13.1,Lahore Qalandars,Multan Sultans,Mohammad Hafeez,Kamran Ghulam,Khushdil Shah,1,0,,,,,,,,,
1293002,2021/22,2022-01-29,"National Stadium, Karachi",1,13.2,Lahore Qalandars,Multan Sultans,Kamran Ghulam,Mohammad Hafeez,Khushdil Shah,0,0,,,,,,,,,
1293002,2021/22,2022-01-29,"National Stadium, Karachi",1,13.3,Lahore Qalandars,Multan Sultans,Kamran Ghulam,Mohammad Hafeez,Khushdil Shah,1,0,,,,,,,,,
1293002,2021/22,2022-01-29,"National Stadium, Karachi",1,13.4,Lahore Qalandars,Multan Sultans,Mohammad Hafeez,Kamran Ghulam,Khushdil Shah,1,0,,,,,,,,,
1293002,2021/22,2022-01-29,"National Stadium, Karachi",1,13.5,Lahore Qalandars,Multan Sultans,Kamran Ghulam,Mohammad Hafeez,Khushdil Shah,0,1,1,,,,,,,,
1293002,2021/22,2022-01-29,"National Stadium, Karachi",1,13.6,Lahore Qalandars,Multan Sultans,Kamran Ghulam,Mohammad Hafeez,Khushdil Shah,1,0,,,,,,,,,
1293002,2021/22,2022-01-29,"National Stadium, Karachi",1,13.7,Lahore Qalandars,Multan Sultans,Mohammad Hafeez,Kamran Ghulam,Khushdil Shah,1,0,,,,,,,,,
1293002,2021/22,2022-01-29,"National Stadium, Karachi",1,14.1,Lahore Qalandars,Multan Sultans,Mohammad Hafeez,Kamran Ghulam,Ihsanullah,1,0,,,,,,,,,
1293002,2021/22,2022-01-29,"National Stadium, Karachi",1,14.2,Lahore Qalandars,Multan Sultans,Kamran Ghulam,Mohammad Hafeez,Ihsanullah,1,0,,,,,,,,,
1293002,2021/22,2022-01-29,"National Stadium, Karachi",1,14.3,Lahore Qalandars,Multan Sultans,Mohammad Hafeez,Kamran Ghulam,Imran Khan (2),1,0,,,,,,,,,
1293002,2021/22,2022-01-29,"National Stadium, Karachi",1,14.4,Lahore Qalandars,Multan Sultans,Kamran Ghulam,Mohammad Hafeez,Imran Khan (2),1,0,,,,,,,,,
1293002,2021/22,2022-01-29,"National Stadium, Karachi",1,14.5,Lahore Qalandars,Multan Sultans,Mohammad Hafeez,Kamran Ghulam,Imran Khan (2),1,0,,,,,,,,,
1293002,2021/22,2022-01-29,"National Stadium, Karachi",1,14.6,Lahore Qalandars,Multan Sultans,Kamran Ghulam,Mohammad Hafeez,Imran Khan (2),0,0,,,,,,,,,
1293002,2021/22,2022-01-29,"National Stadium, Karachi",1,15.1,Lahore Qalandars,Multan Sultans,Mohammad Hafeez,Kamran Ghulam,Khushdil Shah,4,0,,,,,,,,,
1293002,2021/22,2022-01-29,"National Stadium, Karachi",1,15.2,Lahore Qalandars,Multan Sultans,Mohammad Hafeez,Kamran Ghulam,Khushdil Shah,0,0,,,,,,caught and bowled,Mohammad Hafeez,,
1293002,2021/22,2022-01-29,"National Stadium, Karachi",1,15.3,Lahore Qalandars,Multan Sultans,BR Dunk,Kamran Ghulam,Khushdil Shah,0,1,,,1,,,,,,
1293002,2021/22,2022-01-29,"National Stadium, Karachi",1,15.4,Lahore Qalandars,Multan Sultans,Kamran Ghulam,BR Dunk,Khushdil Shah,0,1,1,,,,,,,,
1293002,2021/22,2022-01-29,"National Stadium, Karachi",1,15.5,Lahore Qalandars,Multan Sultans,Kamran Ghulam,BR Dunk,Khushdil Shah,1,0,,,,,,,,,
1293002,2021/22,2022-01-29,"National Stadium, Karachi",1,15.6,Lahore Qalandars,Multan Sultans,BR Dunk,Kamran Ghulam,Khushdil Shah,1,0,,,,,,,,,
1293002,2021/22,2022-01-29,"National Stadium, Karachi",1,15.7,Lahore Qalandars,Multan Sultans,Kamran Ghulam,BR Dunk,Khushdil Shah,1,0,,,,,,,,,
1293002,2021/22,2022-01-29,"National Stadium, Karachi",1,16.1,Lahore Qalandars,Multan Sultans,Kamran Ghulam,BR Dunk,Shahnawaz Dhani,1,0,,,,,,,,,
1293002,2021/22,2022-01-29,"National Stadium, Karachi",1,16.2,Lahore Qalandars,Multan Sultans,BR Dunk,Kamran Ghulam,Shahnawaz Dhani,1,0,,,,,,,,,
1293002,2021/22,2022-01-29,"National Stadium, Karachi",1,16.3,Lahore Qalandars,Multan Sultans,Kamran Ghulam,BR Dunk,Shahnawaz Dhani,6,0,,,,,,,,,
1293002,2021/22,2022-01-29,"National Stadium, Karachi",1,16.4,Lahore Qalandars,Multan Sultans,Kamran Ghulam,BR Dunk,Shahnawaz Dhani,1,0,,,,,,,,,
1293002,2021/22,2022-01-29,"National Stadium, Karachi",1,16.5,Lahore Qalandars,Multan Sultans,BR Dunk,Kamran Ghulam,Shahnawaz Dhani,0,2,,,,2,,,,,
1293002,2021/22,2022-01-29,"National Stadium, Karachi",1,16.6,Lahore Qalandars,Multan Sultans,BR Dunk,Kamran Ghulam,Shahnawaz Dhani,1,0,,,,,,,,,
1293002,2021/22,2022-01-29,"National Stadium, Karachi",1,17.1,Lahore Qalandars,Multan Sultans,BR Dunk,Kamran Ghulam,DJ Willey,1,0,,,,,,,,,
1293002,2021/22,2022-01-29,"National Stadium, Karachi",1,17.2,Lahore Qalandars,Multan Sultans,Kamran Ghulam,BR Dunk,DJ Willey,4,0,,,,,,,,,
1293002,2021/22,2022-01-29,"National Stadium, Karachi",1,17.3,Lahore Qalandars,Multan Sultans,Kamran Ghulam,BR Dunk,DJ Willey,0,0,,,,,,,,,
1293002,2021/22,2022-01-29,"National Stadium, Karachi",1,17.4,Lahore Qalandars,Multan Sultans,Kamran Ghulam,BR Dunk,DJ Willey,0,0,,,,,,caught,Kamran Ghulam,,
1293002,2021/22,2022-01-29,"National Stadium, Karachi",1,17.5,Lahore Qalandars,Multan Sultans,BR Dunk,D Wiese,DJ Willey,0,1,1,,,,,,,,
1293002,2021/22,2022-01-29,"National Stadium, Karachi",1,17.6,Lahore Qalandars,Multan Sultans,BR Dunk,D Wiese,DJ Willey,1,0,,,,,,,,,
1293002,2021/22,2022-01-29,"National Stadium, Karachi",1,17.7,Lahore Qalandars,Multan Sultans,D Wiese,BR Dunk,DJ Willey,0,0,,,,,,,,,
1293002,2021/22,2022-01-29,"National Stadium, Karachi",1,18.1,Lahore Qalandars,Multan Sultans,BR Dunk,D Wiese,Imran Khan (2),2,0,,,,,,,,,
1293002,2021/22,2022-01-29,"National Stadium, Karachi",1,18.2,Lahore Qalandars,Multan Sultans,BR Dunk,D Wiese,Imran Khan (2),1,0,,,,,,,,,
1293002,2021/22,2022-01-29,"National Stadium, Karachi",1,18.3,Lahore Qalandars,Multan Sultans,D Wiese,BR Dunk,Imran Khan (2),0,1,,,,1,,,,,
1293002,2021/22,2022-01-29,"National Stadium, Karachi",1,18.4,Lahore Qalandars,Multan Sultans,BR Dunk,D Wiese,Imran Khan (2),1,0,,,,,,,,,
1293002,2021/22,2022-01-29,"National Stadium, Karachi",1,18.5,Lahore Qalandars,Multan Sultans,D Wiese,BR Dunk,Imran Khan (2),6,0,,,,,,,,,
1293002,2021/22,2022-01-29,"National Stadium, Karachi",1,18.6,Lahore Qalandars,Multan Sultans,D Wiese,BR Dunk,Imran Khan (2),6,0,,,,,,,,,
1293002,2021/22,2022-01-29,"National Stadium, Karachi",1,19.1,Lahore Qalandars,Multan Sultans,BR Dunk,D Wiese,Shahnawaz Dhani,0,0,,,,,,bowled,BR Dunk,,
1293002,2021/22,2022-01-29,"National Stadium, Karachi",1,19.2,Lahore Qalandars,Multan Sultans,Rashid Khan,D Wiese,Shahnawaz Dhani,6,0,,,,,,,,,
1293002,2021/22,2022-01-29,"National Stadium, Karachi",1,19.3,Lahore Qalandars,Multan Sultans,Rashid Khan,D Wiese,Shahnawaz Dhani,6,0,,,,,,,,,
1293002,2021/22,2022-01-29,"National Stadium, Karachi",1,19.4,Lahore Qalandars,Multan Sultans,Rashid Khan,D Wiese,Shahnawaz Dhani,4,0,,,,,,,,,
1293002,2021/22,2022-01-29,"National Stadium, Karachi",1,19.5,Lahore Qalandars,Multan Sultans,Rashid Khan,D Wiese,Shahnawaz Dhani,1,0,,,,,,,,,
1293002,2021/22,2022-01-29,"National Stadium, Karachi",1,19.6,Lahore Qalandars,Multan Sultans,D Wiese,Rashid Khan,Shahnawaz Dhani,1,0,,,,,,,,,
1293002,2021/22,2022-01-29,"National Stadium, Karachi",2,0.1,Multan Sultans,Lahore Qalandars,Shan Masood,Mohammad Rizwan,Shaheen Shah Afridi,0,1,1,,,,,,,,
1293002,2021/22,2022-01-29,"National Stadium, Karachi",2,0.2,Multan Sultans,Lahore Qalandars,Shan Masood,Mohammad Rizwan,Shaheen Shah Afridi,0,0,,,,,,,,,
1293002,2021/22,2022-01-29,"National Stadium, Karachi",2,0.3,Multan Sultans,Lahore Qalandars,Shan Masood,Mohammad Rizwan,Shaheen Shah Afridi,1,0,,,,,,,,,
1293002,2021/22,2022-01-29,"National Stadium, Karachi",2,0.4,Multan Sultans,Lahore Qalandars,Mohammad Rizwan,Shan Masood,Shaheen Shah Afridi,1,0,,,,,,,,,
1293002,2021/22,2022-01-29,"National Stadium, Karachi",2,0.5,Multan Sultans,Lahore Qalandars,Shan Masood,Mohammad Rizwan,Shaheen Shah Afridi,0,0,,,,,,,,,
1293002,2021/22,2022-01-29,"National Stadium, Karachi",2,0.6,Multan Sultans,Lahore Qalandars,Shan Masood,Mohammad Rizwan,Shaheen Shah Afridi,1,0,,,,,,,,,
1293002,2021/22,2022-01-29,"National Stadium, Karachi",2,0.7,Multan Sultans,Lahore Qalandars,Mohammad Rizwan,Shan Masood,Shaheen Shah Afridi,0,0,,,,,,,,,
1293002,2021/22,2022-01-29,"National Stadium, Karachi",2,1.1,Multan Sultans,Lahore Qalandars,Shan Masood,Mohammad Rizwan,Zaman Khan,0,0,,,,,,,,,
1293002,2021/22,2022-01-29,"National Stadium, Karachi",2,1.2,Multan Sultans,Lahore Qalandars,Shan Masood,Mohammad Rizwan,Zaman Khan,1,0,,,,,,,,,
1293002,2021/22,2022-01-29,"National Stadium, Karachi",2,1.3,Multan Sultans,Lahore Qalandars,Mohammad Rizwan,Shan Masood,Zaman Khan,4,0,,,,,,,,,
1293002,2021/22,2022-01-29,"National Stadium, Karachi",2,1.4,Multan Sultans,Lahore Qalandars,Mohammad Rizwan,Shan Masood,Zaman Khan,0,0,,,,,,,,,
1293002,2021/22,2022-01-29,"National Stadium, Karachi",2,1.5,Multan Sultans,Lahore Qalandars,Mohammad Rizwan,Shan Masood,Zaman Khan,1,0,,,,,,,,,
1293002,2021/22,2022-01-29,"National Stadium, Karachi",2,1.6,Multan Sultans,Lahore Qalandars,Shan Masood,Mohammad Rizwan,Zaman Khan,0,0,,,,,,,,,
1293002,2021/22,2022-01-29,"National Stadium, Karachi",2,2.1,Multan Sultans,Lahore Qalandars,Mohammad Rizwan,Shan Masood,Shaheen Shah Afridi,1,0,,,,,,,,,
1293002,2021/22,2022-01-29,"National Stadium, Karachi",2,2.2,Multan Sultans,Lahore Qalandars,Shan Masood,Mohammad Rizwan,Shaheen Shah Afridi,4,0,,,,,,,,,
1293002,2021/22,2022-01-29,"National Stadium, Karachi",2,2.3,Multan Sultans,Lahore Qalandars,Shan Masood,Mohammad Rizwan,Shaheen Shah Afridi,1,0,,,,,,,,,
1293002,2021/22,2022-01-29,"National Stadium, Karachi",2,2.4,Multan Sultans,Lahore Qalandars,Mohammad Rizwan,Shan Masood,Shaheen Shah Afridi,6,0,,,,,,,,,
1293002,2021/22,2022-01-29,"National Stadium, Karachi",2,2.5,Multan Sultans,Lahore Qalandars,Mohammad Rizwan,Shan Masood,Shaheen Shah Afridi,4,0,,,,,,,,,
1293002,2021/22,2022-01-29,"National Stadium, Karachi",2,2.6,Multan Sultans,Lahore Qalandars,Mohammad Rizwan,Shan Masood,Shaheen Shah Afridi,0,0,,,,,,,,,
1293002,2021/22,2022-01-29,"National Stadium, Karachi",2,3.1,Multan Sultans,Lahore Qalandars,Shan Masood,Mohammad Rizwan,Zaman Khan,4,0,,,,,,,,,
1293002,2021/22,2022-01-29,"National Stadium, Karachi",2,3.2,Multan Sultans,Lahore Qalandars,Shan Masood,Mohammad Rizwan,Zaman Khan,4,0,,,,,,,,,
1293002,2021/22,2022-01-29,"National Stadium, Karachi",2,3.3,Multan Sultans,Lahore Qalandars,Shan Masood,Mohammad Rizwan,Zaman Khan,1,0,,,,,,,,,
1293002,2021/22,2022-01-29,"National Stadium, Karachi",2,3.4,Multan Sultans,Lahore Qalandars,Mohammad Rizwan,Shan Masood,Zaman Khan,4,0,,,,,,,,,
1293002,2021/22,2022-01-29,"National Stadium, Karachi",2,3.5,Multan Sultans,Lahore Qalandars,Mohammad Rizwan,Shan Masood,Zaman Khan,0,0,,,,,,,,,
1293002,2021/22,2022-01-29,"National Stadium, Karachi",2,3.6,Multan Sultans,Lahore Qalandars,Mohammad Rizwan,Shan Masood,Zaman Khan,1,0,,,,,,,,,
1293002,2021/22,2022-01-29,"National Stadium, Karachi",2,4.1,Multan Sultans,Lahore Qalandars,Mohammad Rizwan,Shan Masood,SR Patel,4,0,,,,,,,,,
1293002,2021/22,2022-01-29,"National Stadium, Karachi",2,4.2,Multan Sultans,Lahore Qalandars,Mohammad Rizwan,Shan Masood,SR Patel,0,0,,,,,,,,,
1293002,2021/22,2022-01-29,"National Stadium, Karachi",2,4.3,Multan Sultans,Lahore Qalandars,Mohammad Rizwan,Shan Masood,SR Patel,6,0,,,,,,,,,
1293002,2021/22,2022-01-29,"National Stadium, Karachi",2,4.4,Multan Sultans,Lahore Qalandars,Mohammad Rizwan,Shan Masood,SR Patel,1,0,,,,,,,,,
1293002,2021/22,2022-01-29,"National Stadium, Karachi",2,4.5,Multan Sultans,Lahore Qalandars,Shan Masood,Mohammad Rizwan,SR Patel,4,0,,,,,,,,,
1293002,2021/22,2022-01-29,"National Stadium, Karachi",2,4.6,Multan Sultans,Lahore Qalandars,Shan Masood,Mohammad Rizwan,SR Patel,4,0,,,,,,,,,
1293002,2021/22,2022-01-29,"National Stadium, Karachi",2,5.1,Multan Sultans,Lahore Qalandars,Mohammad Rizwan,Shan Masood,Haris Rauf,0,0,,,,,,,,,
1293002,2021/22,2022-01-29,"National Stadium, Karachi",2,5.2,Multan Sultans,Lahore Qalandars,Mohammad Rizwan,Shan Masood,Haris Rauf,0,1,1,,,,,,,,
1293002,2021/22,2022-01-29,"National Stadium, Karachi",2,5.3,Multan Sultans,Lahore Qalandars,Mohammad Rizwan,Shan Masood,Haris Rauf,1,0,,,,,,,,,
1293002,2021/22,2022-01-29,"National Stadium, Karachi",2,5.4,Multan Sultans,Lahore Qalandars,Shan Masood,Mohammad Rizwan,Haris Rauf,0,0,,,,,,,,,
1293002,2021/22,2022-01-29,"National Stadium, Karachi",2,5.5,Multan Sultans,Lahore Qalandars,Shan Masood,Mohammad Rizwan,Haris Rauf,0,0,,,,,,,,,
1293002,2021/22,2022-01-29,"National Stadium, Karachi",2,5.6,Multan Sultans,Lahore Qalandars,Shan Masood,Mohammad Rizwan,Haris Rauf,1,0,,,,,,,,,
1293002,2021/22,2022-01-29,"National Stadium, Karachi",2,5.7,Multan Sultans,Lahore Qalandars,Mohammad Rizwan,Shan Masood,Haris Rauf,4,0,,,,,,,,,
1293002,2021/22,2022-01-29,"National Stadium, Karachi",2,6.1,Multan Sultans,Lahore Qalandars,Shan Masood,Mohammad Rizwan,D Wiese,0,0,,,,,,,,,
1293002,2021/22,2022-01-29,"National Stadium, Karachi",2,6.2,Multan Sultans,Lahore Qalandars,Shan Masood,Mohammad Rizwan,D Wiese,4,0,,,,,,,,,
1293002,2021/22,2022-01-29,"National Stadium, Karachi",2,6.3,Multan Sultans,Lahore Qalandars,Shan Masood,Mohammad Rizwan,D Wiese,0,0,,,,,,,,,
1293002,2021/22,2022-01-29,"National Stadium, Karachi",2,6.4,Multan Sultans,Lahore Qalandars,Shan Masood,Mohammad Rizwan,D Wiese,4,0,,,,,,,,,
1293002,2021/22,2022-01-29,"National Stadium, Karachi",2,6.5,Multan Sultans,Lahore Qalandars,Shan Masood,Mohammad Rizwan,D Wiese,4,0,,,,,,,,,
1293002,2021/22,2022-01-29,"National Stadium, Karachi",2,6.6,Multan Sultans,Lahore Qalandars,Shan Masood,Mohammad Rizwan,D Wiese,3,0,,,,,,,,,
1293002,2021/22,2022-01-29,"National Stadium, Karachi",2,7.1,Multan Sultans,Lahore Qalandars,Shan Masood,Mohammad Rizwan,Rashid Khan,1,0,,,,,,,,,
1293002,2021/22,2022-01-29,"National Stadium, Karachi",2,7.2,Multan Sultans,Lahore Qalandars,Mohammad Rizwan,Shan Masood,Rashid Khan,1,0,,,,,,,,,
1293002,2021/22,2022-01-29,"National Stadium, Karachi",2,7.3,Multan Sultans,Lahore Qalandars,Shan Masood,Mohammad Rizwan,Rashid Khan,2,0,,,,,,,,,
1293002,2021/22,2022-01-29,"National Stadium, Karachi",2,7.4,Multan Sultans,Lahore Qalandars,Shan Masood,Mohammad Rizwan,Rashid Khan,4,0,,,,,,,,,
1293002,2021/22,2022-01-29,"National Stadium, Karachi",2,7.5,Multan Sultans,Lahore Qalandars,Shan Masood,Mohammad Rizwan,Rashid Khan,1,0,,,,,,,,,
1293002,2021/22,2022-01-29,"National Stadium, Karachi",2,7.6,Multan Sultans,Lahore Qalandars,Mohammad Rizwan,Shan Masood,Rashid Khan,3,0,,,,,,,,,
1293002,2021/22,2022-01-29,"National Stadium, Karachi",2,8.1,Multan Sultans,Lahore Qalandars,Mohammad Rizwan,Shan Masood,D Wiese,1,0,,,,,,,,,
1293002,2021/22,2022-01-29,"National Stadium, Karachi",2,8.2,Multan Sultans,Lahore Qalandars,Shan Masood,Mohammad Rizwan,D Wiese,1,0,,,,,,,,,
1293002,2021/22,2022-01-29,"National Stadium, Karachi",2,8.3,Multan Sultans,Lahore Qalandars,Mohammad Rizwan,Shan Masood,D Wiese,1,0,,,,,,,,,
1293002,2021/22,2022-01-29,"National Stadium, Karachi",2,8.4,Multan Sultans,Lahore Qalandars,Shan Masood,Mohammad Rizwan,D Wiese,0,1,1,,,,,,,,
1293002,2021/22,2022-01-29,"National Stadium, Karachi",2,8.5,Multan Sultans,Lahore Qalandars,Shan Masood,Mohammad Rizwan,D Wiese,4,0,,,,,,,,,
1293002,2021/22,2022-01-29,"National Stadium, Karachi",2,8.6,Multan Sultans,Lahore Qalandars,Shan Masood,Mohammad Rizwan,D Wiese,1,0,,,,,,,,,
1293002,2021/22,2022-01-29,"National Stadium, Karachi",2,8.7,Multan Sultans,Lahore Qalandars,Mohammad Rizwan,Shan Masood,D Wiese,2,0,,,,,,,,,
1293002,2021/22,2022-01-29,"National Stadium, Karachi",2,9.1,Multan Sultans,Lahore Qalandars,Shan Masood,Mohammad Rizwan,Zaman Khan,4,0,,,,,,,,,
1293002,2021/22,2022-01-29,"National Stadium, Karachi",2,9.2,Multan Sultans,Lahore Qalandars,Shan Masood,Mohammad Rizwan,Zaman Khan,1,0,,,,,,,,,
1293002,2021/22,2022-01-29,"National Stadium, Karachi",2,9.3,Multan Sultans,Lahore Qalandars,Mohammad Rizwan,Shan Masood,Zaman Khan,1,0,,,,,,,,,
1293002,2021/22,2022-01-29,"National Stadium, Karachi",2,9.4,Multan Sultans,Lahore Qalandars,Shan Masood,Mohammad Rizwan,Zaman Khan,1,0,,,,,,,,,
1293002,2021/22,2022-01-29,"National Stadium, Karachi",2,9.5,Multan Sultans,Lahore Qalandars,Mohammad Rizwan,Shan Masood,Zaman Khan,1,0,,,,,,,,,
1293002,2021/22,2022-01-29,"National Stadium, Karachi",2,9.6,Multan Sultans,Lahore Qalandars,Shan Masood,Mohammad Rizwan,Zaman Khan,4,0,,,,,,,,,
1293002,2021/22,2022-01-29,"National Stadium, Karachi",2,10.1,Multan Sultans,Lahore Qalandars,Mohammad Rizwan,Shan Masood,Rashid Khan,1,0,,,,,,,,,
1293002,2021/22,2022-01-29,"National Stadium, Karachi",2,10.2,Multan Sultans,Lahore Qalandars,Shan Masood,Mohammad Rizwan,Rashid Khan,0,0,,,,,,,,,
1293002,2021/22,2022-01-29,"National Stadium, Karachi",2,10.3,Multan Sultans,Lahore Qalandars,Shan Masood,Mohammad Rizwan,Rashid Khan,0,0,,,,,,,,,
1293002,2021/22,2022-01-29,"National Stadium, Karachi",2,10.4,Multan Sultans,Lahore Qalandars,Shan Masood,Mohammad Rizwan,Rashid Khan,0,0,,,,,,,,,
1293002,2021/22,2022-01-29,"National Stadium, Karachi",2,10.5,Multan Sultans,Lahore Qalandars,Shan Masood,Mohammad Rizwan,Rashid Khan,1,0,,,,,,,,,
1293002,2021/22,2022-01-29,"National Stadium, Karachi",2,10.6,Multan Sultans,Lahore Qalandars,Mohammad Rizwan,Shan Masood,Rashid Khan,1,0,,,,,,,,,
1293002,2021/22,2022-01-29,"National Stadium, Karachi",2,11.1,Multan Sultans,Lahore Qalandars,Mohammad Rizwan,Shan Masood,Haris Rauf,1,0,,,,,,,,,
1293002,2021/22,2022-01-29,"National Stadium, Karachi",2,11.2,Multan Sultans,Lahore Qalandars,Shan Masood,Mohammad Rizwan,Haris Rauf,0,0,,,,,,,,,
1293002,2021/22,2022-01-29,"National Stadium, Karachi",2,11.3,Multan Sultans,Lahore Qalandars,Shan Masood,Mohammad Rizwan,Haris Rauf,4,0,,,,,,,,,
1293002,2021/22,2022-01-29,"National Stadium, Karachi",2,11.4,Multan Sultans,Lahore Qalandars,Shan Masood,Mohammad Rizwan,Haris Rauf,1,0,,,,,,,,,
1293002,2021/22,2022-01-29,"National Stadium, Karachi",2,11.5,Multan Sultans,Lahore Qalandars,Mohammad Rizwan,Shan Masood,Haris Rauf,2,0,,,,,,,,,
1293002,2021/22,2022-01-29,"National Stadium, Karachi",2,11.6,Multan Sultans,Lahore Qalandars,Mohammad Rizwan,Shan Masood,Haris Rauf,4,0,,,,,,,,,
1293002,2021/22,2022-01-29,"National Stadium, Karachi",2,12.1,Multan Sultans,Lahore Qalandars,Shan Masood,Mohammad Rizwan,Rashid Khan,0,2,,,,2,,,,,
1293002,2021/22,2022-01-29,"National Stadium, Karachi",2,12.2,Multan Sultans,Lahore Qalandars,Shan Masood,Mohammad Rizwan,Rashid Khan,0,0,,,,,,,,,
1293002,2021/22,2022-01-29,"National Stadium, Karachi",2,12.3,Multan Sultans,Lahore Qalandars,Shan Masood,Mohammad Rizwan,Rashid Khan,1,0,,,,,,,,,
1293002,2021/22,2022-01-29,"National Stadium, Karachi",2,12.4,Multan Sultans,Lahore Qalandars,Mohammad Rizwan,Shan Masood,Rashid Khan,0,0,,,,,,,,,
1293002,2021/22,2022-01-29,"National Stadium, Karachi",2,12.5,Multan Sultans,Lahore Qalandars,Mohammad Rizwan,Shan Masood,Rashid Khan,0,0,,,,,,,,,
1293002,2021/22,2022-01-29,"National Stadium, Karachi",2,12.6,Multan Sultans,Lahore Qalandars,Mohammad Rizwan,Shan Masood,Rashid Khan,0,0,,,,,,,,,
1293002,2021/22,2022-01-29,"National Stadium, Karachi",2,13.1,Multan Sultans,Lahore Qalandars,Shan Masood,Mohammad Rizwan,Zaman Khan,4,0,,,,,,,,,
1293002,2021/22,2022-01-29,"National Stadium, Karachi",2,13.2,Multan Sultans,Lahore Qalandars,Shan Masood,Mohammad Rizwan,Zaman Khan,0,0,,,,,,,,,
1293002,2021/22,2022-01-29,"National Stadium, Karachi",2,13.3,Multan Sultans,Lahore Qalandars,Shan Masood,Mohammad Rizwan,Zaman Khan,0,1,,,,1,,,,,
1293002,2021/22,2022-01-29,"National Stadium, Karachi",2,13.4,Multan Sultans,Lahore Qalandars,Mohammad Rizwan,Shan Masood,Zaman Khan,0,1,1,,,,,,,,
1293002,2021/22,2022-01-29,"National Stadium, Karachi",2,13.5,Multan Sultans,Lahore Qalandars,Mohammad Rizwan,Shan Masood,Zaman Khan,2,0,,,,,,,,,
1293002,2021/22,2022-01-29,"National Stadium, Karachi",2,13.6,Multan Sultans,Lahore Qalandars,Mohammad Rizwan,Shan Masood,Zaman Khan,1,0,,,,,,,,,
1293002,2021/22,2022-01-29,"National Stadium, Karachi",2,13.7,Multan Sultans,Lahore Qalandars,Shan Masood,Mohammad Rizwan,Zaman Khan,1,0,,,,,,,,,
1293002,2021/22,2022-01-29,"National Stadium, Karachi",2,14.1,Multan Sultans,Lahore Qalandars,Shan Masood,Mohammad Rizwan,Rashid Khan,6,0,,,,,,,,,
1293002,2021/22,2022-01-29,"National Stadium, Karachi",2,14.2,Multan Sultans,Lahore Qalandars,Shan Masood,Mohammad Rizwan,Rashid Khan,0,0,,,,,,bowled,Shan Masood,,
1293002,2021/22,2022-01-29,"National Stadium, Karachi",2,14.3,Multan Sultans,Lahore Qalandars,Sohaib Maqsood,Mohammad Rizwan,Rashid Khan,0,0,,,,,,,,,
1293002,2021/22,2022-01-29,"National Stadium, Karachi",2,14.4,Multan Sultans,Lahore Qalandars,Sohaib Maqsood,Mohammad Rizwan,Rashid Khan,0,0,,,,,,,,,
1293002,2021/22,2022-01-29,"National Stadium, Karachi",2,14.5,Multan Sultans,Lahore Qalandars,Sohaib Maqsood,Mohammad Rizwan,Rashid Khan,1,0,,,,,,,,,
1293002,2021/22,2022-01-29,"National Stadium, Karachi",2,14.6,Multan Sultans,Lahore Qalandars,Mohammad Rizwan,Sohaib Maqsood,Rashid Khan,0,5,5,,,,,,,,
1293002,2021/22,2022-01-29,"National Stadium, Karachi",2,14.7,Multan Sultans,Lahore Qalandars,Mohammad Rizwan,Sohaib Maqsood,Rashid Khan,0,0,,,,,,,,,
1293002,2021/22,2022-01-29,"National Stadium, Karachi",2,15.1,Multan Sultans,Lahore Qalandars,Sohaib Maqsood,Mohammad Rizwan,D Wiese,1,0,,,,,,,,,
1293002,2021/22,2022-01-29,"National Stadium, Karachi",2,15.2,Multan Sultans,Lahore Qalandars,Mohammad Rizwan,Sohaib Maqsood,D Wiese,1,0,,,,,,,,,
1293002,2021/22,2022-01-29,"National Stadium, Karachi",2,15.3,Multan Sultans,Lahore Qalandars,Sohaib Maqsood,Mohammad Rizwan,D Wiese,1,0,,,,,,,,,
1293002,2021/22,2022-01-29,"National Stadium, Karachi",2,15.4,Multan Sultans,Lahore Qalandars,Mohammad Rizwan,Sohaib Maqsood,D Wiese,1,0,,,,,,,,,
1293002,2021/22,2022-01-29,"National Stadium, Karachi",2,15.5,Multan Sultans,Lahore Qalandars,Sohaib Maqsood,Mohammad Rizwan,D Wiese,1,0,,,,,,,,,
1293002,2021/22,2022-01-29,"National Stadium, Karachi",2,15.6,Multan Sultans,Lahore Qalandars,Mohammad Rizwan,Sohaib Maqsood,D Wiese,1,0,,,,,,,,,
1293002,2021/22,2022-01-29,"National Stadium, Karachi",2,16.1,Multan Sultans,Lahore Qalandars,Mohammad Rizwan,Sohaib Maqsood,Shaheen Shah Afridi,6,0,,,,,,,,,
1293002,2021/22,2022-01-29,"National Stadium, Karachi",2,16.2,Multan Sultans,Lahore Qalandars,Mohammad Rizwan,Sohaib Maqsood,Shaheen Shah Afridi,0,0,,,,,,bowled,Mohammad Rizwan,,
1293002,2021/22,2022-01-29,"National Stadium, Karachi",2,16.3,Multan Sultans,Lahore Qalandars,RR Rossouw,Sohaib Maqsood,Shaheen Shah Afridi,4,0,,,,,,,,,
1293002,2021/22,2022-01-29,"National Stadium, Karachi",2,16.4,Multan Sultans,Lahore Qalandars,RR Rossouw,Sohaib Maqsood,Shaheen Shah Afridi,1,0,,,,,,,,,
1293002,2021/22,2022-01-29,"National Stadium, Karachi",2,16.5,Multan Sultans,Lahore Qalandars,Sohaib Maqsood,RR Rossouw,Shaheen Shah Afridi,4,0,,,,,,,,,
1293002,2021/22,2022-01-29,"National Stadium, Karachi",2,16.6,Multan Sultans,Lahore Qalandars,Sohaib Maqsood,RR Rossouw,Shaheen Shah Afridi,4,0,,,,,,,,,
1293002,2021/22,2022-01-29,"National Stadium, Karachi",2,17.1,Multan Sultans,Lahore Qalandars,RR Rossouw,Sohaib Maqsood,Haris Rauf,0,0,,,,,,bowled,RR Rossouw,,
1293002,2021/22,2022-01-29,"National Stadium, Karachi",2,17.2,Multan Sultans,Lahore Qalandars,TH David,Sohaib Maqsood,Haris Rauf,1,1,,1,,,,,,,
1293002,2021/22,2022-01-29,"National Stadium, Karachi",2,17.3,Multan Sultans,Lahore Qalandars,Sohaib Maqsood,TH David,Haris Rauf,0,0,,,,,,,,,
1293002,2021/22,2022-01-29,"National Stadium, Karachi",2,17.4,Multan Sultans,Lahore Qalandars,Sohaib Maqsood,TH David,Haris Rauf,0,0,,,,,,,,,
1293002,2021/22,2022-01-29,"National Stadium, Karachi",2,17.5,Multan Sultans,Lahore Qalandars,Sohaib Maqsood,TH David,Haris Rauf,6,0,,,,,,,,,
1293002,2021/22,2022-01-29,"National Stadium, Karachi",2,17.6,Multan Sultans,Lahore Qalandars,Sohaib Maqsood,TH David,Haris Rauf,0,0,,,,,,,,,
1293002,2021/22,2022-01-29,"National Stadium, Karachi",2,17.7,Multan Sultans,Lahore Qalandars,Sohaib Maqsood,TH David,Haris Rauf,1,0,,,,,,,,,
1293002,2021/22,2022-01-29,"National Stadium, Karachi",2,18.1,Multan Sultans,Lahore Qalandars,Sohaib Maqsood,TH David,Shaheen Shah Afridi,0,0,,,,,,,,,
1293002,2021/22,2022-01-29,"National Stadium, Karachi",2,18.2,Multan Sultans,Lahore Qalandars,Sohaib Maqsood,TH David,Shaheen Shah Afridi,1,0,,,,,,,,,
1293002,2021/22,2022-01-29,"National Stadium, Karachi",2,18.3,Multan Sultans,Lahore Qalandars,TH David,Sohaib Maqsood,Shaheen Shah Afridi,0,0,,,,,,,,,
1293002,2021/22,2022-01-29,"National Stadium, Karachi",2,18.4,Multan Sultans,Lahore Qalandars,TH David,Sohaib Maqsood,Shaheen Shah Afridi,0,0,,,,,,caught,TH David,,
1293002,2021/22,2022-01-29,"National Stadium, Karachi",2,18.5,Multan Sultans,Lahore Qalandars,Sohaib Maqsood,Khushdil Shah,Shaheen Shah Afridi,0,0,,,,,,,,,
1293002,2021/22,2022-01-29,"National Stadium, Karachi",2,18.6,Multan Sultans,Lahore Qalandars,Sohaib Maqsood,Khushdil Shah,Shaheen Shah Afridi,0,0,,,,,,caught,Sohaib Maqsood,,
1293002,2021/22,2022-01-29,"National Stadium, Karachi",2,19.1,Multan Sultans,Lahore Qalandars,Khushdil Shah,DJ Willey,Haris Rauf,4,0,,,,,,,,,
1293002,2021/22,2022-01-29,"National Stadium, Karachi",2,19.2,Multan Sultans,Lahore Qalandars,Khushdil Shah,DJ Willey,Haris Rauf,4,0,,,,,,,,,
1293002,2021/22,2022-01-29,"National Stadium, Karachi",2,19.3,Multan Sultans,Lahore Qalandars,Khushdil Shah,DJ Willey,Haris Rauf,4,0,,,,,,,,,
1293002,2021/22,2022-01-29,"National Stadium, Karachi",2,19.4,Multan Sultans,Lahore Qalandars,Khushdil Shah,DJ Willey,Haris Rauf,6,0,,,,,,,,,
