match_id,season,start_date,venue,innings,ball,batting_team,bowling_team,striker,non_striker,bowler,runs_off_bat,extras,wides,noballs,byes,legbyes,penalty,wicket_type,player_dismissed,other_wicket_type,other_player_dismissed
1293015,2021/22,2022-02-10,"Gaddafi Stadium, Lahore",1,0.1,Multan Sultans,Peshawar Zalmi,Shan Masood,Mohammad Rizwan,S Mahmood,1,0,,,,,,,,,
1293015,2021/22,2022-02-10,"Gaddafi Stadium, Lahore",1,0.2,Multan Sultans,Peshawar Zalmi,Mohammad Rizwan,Shan Masood,S Mahmood,1,0,,,,,,,,,
1293015,2021/22,2022-02-10,"Gaddafi Stadium, Lahore",1,0.3,Multan Sultans,Peshawar Zalmi,Shan Masood,Mohammad Rizwan,S Mahmood,1,0,,,,,,,,,
1293015,2021/22,2022-02-10,"Gaddafi Stadium, Lahore",1,0.4,Multan Sultans,Peshawar Zalmi,Mohammad Rizwan,Shan Masood,S Mahmood,0,0,,,,,,,,,
1293015,2021/22,2022-02-10,"Gaddafi Stadium, Lahore",1,0.5,Multan Sultans,Peshawar Zalmi,Mohammad Rizwan,Shan Masood,S Mahmood,0,0,,,,,,,,,
1293015,2021/22,2022-02-10,"Gaddafi Stadium, Lahore",1,0.6,Multan Sultans,Peshawar Zalmi,Mohammad Rizwan,Shan Masood,S Mahmood,4,0,,,,,,,,,
1293015,2021/22,2022-02-10,"Gaddafi Stadium, Lahore",1,1.1,Multan Sultans,Peshawar Zalmi,Shan Masood,Mohammad Rizwan,Mohammad Umar,2,0,,,,,,,,,
1293015,2021/22,2022-02-10,"Gaddafi Stadium, Lahore",1,1.2,Multan Sultans,Peshawar Zalmi,Shan Masood,Mohammad Rizwan,Mohammad Umar,4,0,,,,,,,,,
1293015,2021/22,2022-02-10,"Gaddafi Stadium, Lahore",1,1.3,Multan Sultans,Peshawar Zalmi,Shan Masood,Mohammad Rizwan,Mohammad Umar,0,0,,,,,,,,,
1293015,2021/22,2022-02-10,"Gaddafi Stadium, Lahore",1,1.4,Multan Sultans,Peshawar Zalmi,Shan Masood,Mohammad Rizwan,Mohammad Umar,0,0,,,,,,,,,
1293015,2021/22,2022-02-10,"Gaddafi Stadium, Lahore",1,1.5,Multan Sultans,Peshawar Zalmi,Shan Masood,Mohammad Rizwan,Mohammad Umar,1,0,,,,,,,,,
1293015,2021/22,2022-02-10,"Gaddafi Stadium, Lahore",1,1.6,Multan Sultans,Peshawar Zalmi,Mohammad Rizwan,Shan Masood,Mohammad Umar,0,0,,,,,,,,,
1293015,2021/22,2022-02-10,"Gaddafi Stadium, Lahore",1,2.1,Multan Sultans,Peshawar Zalmi,Shan Masood,Mohammad Rizwan,S Mahmood,4,0,,,,,,,,,
1293015,2021/22,2022-02-10,"Gaddafi Stadium, Lahore",1,2.2,Multan Sultans,Peshawar Zalmi,Shan Masood,Mohammad Rizwan,S Mahmood,4,0,,,,,,,,,
1293015,2021/22,2022-02-10,"Gaddafi Stadium, Lahore",1,2.3,Multan Sultans,Peshawar Zalmi,Shan Masood,Mohammad Rizwan,S Mahmood,1,0,,,,,,,,,
1293015,2021/22,2022-02-10,"Gaddafi Stadium, Lahore",1,2.4,Multan Sultans,Peshawar Zalmi,Mohammad Rizwan,Shan Masood,S Mahmood,0,0,,,,,,,,,
1293015,2021/22,2022-02-10,"Gaddafi Stadium, Lahore",1,2.5,Multan Sultans,Peshawar Zalmi,Mohammad Rizwan,Shan Masood,S Mahmood,1,0,,,,,,,,,
1293015,2021/22,2022-02-10,"Gaddafi Stadium, Lahore",1,2.6,Multan Sultans,Peshawar Zalmi,Shan Masood,Mohammad Rizwan,S Mahmood,0,0,,,,,,,,,
1293015,2021/22,2022-02-10,"Gaddafi Stadium, Lahore",1,3.1,Multan Sultans,Peshawar Zalmi,Mohammad Rizwan,Shan Masood,Mohammad Umar,1,0,,,,,,,,,
1293015,2021/22,2022-02-10,"Gaddafi Stadium, Lahore",1,3.2,Multan Sultans,Peshawar Zalmi,Shan Masood,Mohammad Rizwan,Mohammad Umar,4,0,,,,,,,,,
1293015,2021/22,2022-02-10,"Gaddafi Stadium, Lahore",1,3.3,Multan Sultans,Peshawar Zalmi,Shan Masood,Mohammad Rizwan,Mohammad Umar,4,0,,,,,,,,,
1293015,2021/22,2022-02-10,"Gaddafi Stadium, Lahore",1,3.4,Multan Sultans,Peshawar Zalmi,Shan Masood,Mohammad Rizwan,Mohammad Umar,4,0,,,,,,,,,
1293015,2021/22,2022-02-10,"Gaddafi Stadium, Lahore",1,3.5,Multan Sultans,Peshawar Zalmi,Shan Masood,Mohammad Rizwan,Mohammad Umar,0,0,,,,,,,,,
1293015,2021/22,2022-02-10,"Gaddafi Stadium, Lahore",1,3.6,Multan Sultans,Peshawar Zalmi,Shan Masood,Mohammad Rizwan,Mohammad Umar,0,0,,,,,,,,,
1293015,2021/22,2022-02-10,"Gaddafi Stadium, Lahore",1,4.1,Multan Sultans,Peshawar Zalmi,Mohammad Rizwan,Shan Masood,Wahab Riaz,0,1,,,,1,,,,,
1293015,2021/22,2022-02-10,"Gaddafi Stadium, Lahore",1,4.2,Multan Sultans,Peshawar Zalmi,Shan Masood,Mohammad Rizwan,Wahab Riaz,0,4,,,,4,,,,,
1293015,2021/22,2022-02-10,"Gaddafi Stadium, Lahore",1,4.3,Multan Sultans,Peshawar Zalmi,Shan Masood,Mohammad Rizwan,Wahab Riaz,0,0,,,,,,,,,
1293015,2021/22,2022-02-10,"Gaddafi Stadium, Lahore",1,4.4,Multan Sultans,Peshawar Zalmi,Shan Masood,Mohammad Rizwan,Wahab Riaz,4,0,,,,,,,,,
1293015,2021/22,2022-02-10,"Gaddafi Stadium, Lahore",1,4.5,Multan Sultans,Peshawar Zalmi,Shan Masood,Mohammad Rizwan,Wahab Riaz,0,0,,,,,,,,,
1293015,2021/22,2022-02-10,"Gaddafi Stadium, Lahore",1,4.6,Multan Sultans,Peshawar Zalmi,Shan Masood,Mohammad Rizwan,Wahab Riaz,0,0,,,,,,,,,
1293015,2021/22,2022-02-10,"Gaddafi Stadium, Lahore",1,5.1,Multan Sultans,Peshawar Zalmi,Mohammad Rizwan,Shan Masood,Salman Irshad,1,0,,,,,,,,,
1293015,2021/22,2022-02-10,"Gaddafi Stadium, Lahore",1,5.2,Multan Sultans,Peshawar Zalmi,Shan Masood,Mohammad Rizwan,Salman Irshad,0,0,,,,,,,,,
1293015,2021/22,2022-02-10,"Gaddafi Stadium, Lahore",1,5.3,Multan Sultans,Peshawar Zalmi,Shan Masood,Mohammad Rizwan,Salman Irshad,1,0,,,,,,,,,
1293015,2021/22,2022-02-10,"Gaddafi Stadium, Lahore",1,5.4,Multan Sultans,Peshawar Zalmi,Mohammad Rizwan,Shan Masood,Salman Irshad,1,0,,,,,,,,,
1293015,2021/22,2022-02-10,"Gaddafi Stadium, Lahore",1,5.5,Multan Sultans,Peshawar Zalmi,Shan Masood,Mohammad Rizwan,Salman Irshad,0,0,,,,,,,,,
1293015,2021/22,2022-02-10,"Gaddafi Stadium, Lahore",1,5.6,Multan Sultans,Peshawar Zalmi,Shan Masood,Mohammad Rizwan,Salman Irshad,4,0,,,,,,,,,
1293015,2021/22,2022-02-10,"Gaddafi Stadium, Lahore",1,6.1,Multan Sultans,Peshawar Zalmi,Mohammad Rizwan,Shan Masood,LS Livingstone,1,0,,,,,,,,,
1293015,2021/22,2022-02-10,"Gaddafi Stadium, Lahore",1,6.2,Multan Sultans,Peshawar Zalmi,Shan Masood,Mohammad Rizwan,LS Livingstone,3,0,,,,,,,,,
1293015,2021/22,2022-02-10,"Gaddafi Stadium, Lahore",1,6.3,Multan Sultans,Peshawar Zalmi,Mohammad Rizwan,Shan Masood,LS Livingstone,1,0,,,,,,,,,
1293015,2021/22,2022-02-10,"Gaddafi Stadium, Lahore",1,6.4,Multan Sultans,Peshawar Zalmi,Shan Masood,Mohammad Rizwan,LS Livingstone,0,0,,,,,,,,,
1293015,2021/22,2022-02-10,"Gaddafi Stadium, Lahore",1,6.5,Multan Sultans,Peshawar Zalmi,Shan Masood,Mohammad Rizwan,LS Livingstone,1,0,,,,,,,,,
1293015,2021/22,2022-02-10,"Gaddafi Stadium, Lahore",1,6.6,Multan Sultans,Peshawar Zalmi,Mohammad Rizwan,Shan Masood,LS Livingstone,1,0,,,,,,,,,
1293015,2021/22,2022-02-10,"Gaddafi Stadium, Lahore",1,7.1,Multan Sultans,Peshawar Zalmi,Mohammad Rizwan,Shan Masood,Shoaib Malik,0,0,,,,,,,,,
1293015,2021/22,2022-02-10,"Gaddafi Stadium, Lahore",1,7.2,Multan Sultans,Peshawar Zalmi,Mohammad Rizwan,Shan Masood,Shoaib Malik,1,0,,,,,,,,,
1293015,2021/22,2022-02-10,"Gaddafi Stadium, Lahore",1,7.3,Multan Sultans,Peshawar Zalmi,Shan Masood,Mohammad Rizwan,Shoaib Malik,1,0,,,,,,,,,
1293015,2021/22,2022-02-10,"Gaddafi Stadium, Lahore",1,7.4,Multan Sultans,Peshawar Zalmi,Mohammad Rizwan,Shan Masood,Shoaib Malik,1,0,,,,,,,,,
1293015,2021/22,2022-02-10,"Gaddafi Stadium, Lahore",1,7.5,Multan Sultans,Peshawar Zalmi,Shan Masood,Mohammad Rizwan,Shoaib Malik,1,0,,,,,,,,,
1293015,2021/22,2022-02-10,"Gaddafi Stadium, Lahore",1,7.6,Multan Sultans,Peshawar Zalmi,Mohammad Rizwan,Shan Masood,Shoaib Malik,1,0,,,,,,,,,
1293015,2021/22,2022-02-10,"Gaddafi Stadium, Lahore",1,8.1,Multan Sultans,Peshawar Zalmi,Mohammad Rizwan,Shan Masood,LS Livingstone,1,0,,,,,,,,,
1293015,2021/22,2022-02-10,"Gaddafi Stadium, Lahore",1,8.2,Multan Sultans,Peshawar Zalmi,Shan Masood,Mohammad Rizwan,LS Livingstone,1,0,,,,,,,,,
1293015,2021/22,2022-02-10,"Gaddafi Stadium, Lahore",1,8.3,Multan Sultans,Peshawar Zalmi,Mohammad Rizwan,Shan Masood,LS Livingstone,0,0,,,,,,,,,
1293015,2021/22,2022-02-10,"Gaddafi Stadium, Lahore",1,8.4,Multan Sultans,Peshawar Zalmi,Mohammad Rizwan,Shan Masood,LS Livingstone,0,2,2,,,,,,,,
1293015,2021/22,2022-02-10,"Gaddafi Stadium, Lahore",1,8.5,Multan Sultans,Peshawar Zalmi,Shan Masood,Mohammad Rizwan,LS Livingstone,2,0,,,,,,,,,
1293015,2021/22,2022-02-10,"Gaddafi Stadium, Lahore",1,8.6,Multan Sultans,Peshawar Zalmi,Shan Masood,Mohammad Rizwan,LS Livingstone,1,0,,,,,,,,,
1293015,2021/22,2022-02-10,"Gaddafi Stadium, Lahore",1,8.7,Multan Sultans,Peshawar Zalmi,Mohammad Rizwan,Shan Masood,LS Livingstone,1,0,,,,,,,,,
1293015,2021/22,2022-02-10,"Gaddafi Stadium, Lahore",1,9.1,Multan Sultans,Peshawar Zalmi,Mohammad Rizwan,Shan Masood,Shoaib Malik,0,0,,,,,,,,,
1293015,2021/22,2022-02-10,"Gaddafi Stadium, Lahore",1,9.2,Multan Sultans,Peshawar Zalmi,Mohammad Rizwan,Shan Masood,Shoaib Malik,0,0,,,,,,,,,
1293015,2021/22,2022-02-10,"Gaddafi Stadium, Lahore",1,9.3,Multan Sultans,Peshawar Zalmi,Mohammad Rizwan,Shan Masood,Shoaib Malik,0,0,,,,,,,,,
1293015,2021/22,2022-02-10,"Gaddafi Stadium, Lahore",1,9.4,Multan Sultans,Peshawar Zalmi,Mohammad Rizwan,Shan Masood,Shoaib Malik,1,0,,,,,,,,,
1293015,2021/22,2022-02-10,"Gaddafi Stadium, Lahore",1,9.5,Multan Sultans,Peshawar Zalmi,Shan Masood,Mohammad Rizwan,Shoaib Malik,2,0,,,,,,,,,
1293015,2021/22,2022-02-10,"Gaddafi Stadium, Lahore",1,9.6,Multan Sultans,Peshawar Zalmi,Shan Masood,Mohammad Rizwan,Shoaib Malik,1,0,,,,,,,,,
1293015,2021/22,2022-02-10,"Gaddafi Stadium, Lahore",1,10.1,Multan Sultans,Peshawar Zalmi,Shan Masood,Mohammad Rizwan,LS Livingstone,0,0,,,,,,,,,
1293015,2021/22,2022-02-10,"Gaddafi Stadium, Lahore",1,10.2,Multan Sultans,Peshawar Zalmi,Shan Masood,Mohammad Rizwan,LS Livingstone,0,1,,,,1,,,,,
1293015,2021/22,2022-02-10,"Gaddafi Stadium, Lahore",1,10.3,Multan Sultans,Peshawar Zalmi,Mohammad Rizwan,Shan Masood,LS Livingstone,0,0,,,,,,,,,
1293015,2021/22,2022-02-10,"Gaddafi Stadium, Lahore",1,10.4,Multan Sultans,Peshawar Zalmi,Mohammad Rizwan,Shan Masood,LS Livingstone,2,0,,,,,,,,,
1293015,2021/22,2022-02-10,"Gaddafi Stadium, Lahore",1,10.5,Multan Sultans,Peshawar Zalmi,Mohammad Rizwan,Shan Masood,LS Livingstone,4,0,,,,,,,,,
1293015,2021/22,2022-02-10,"Gaddafi Stadium, Lahore",1,10.6,Multan Sultans,Peshawar Zalmi,Mohammad Rizwan,Shan Masood,LS Livingstone,2,0,,,,,,,,,
1293015,2021/22,2022-02-10,"Gaddafi Stadium, Lahore",1,11.1,Multan Sultans,Peshawar Zalmi,Shan Masood,Mohammad Rizwan,Salman Irshad,1,0,,,,,,,,,
1293015,2021/22,2022-02-10,"Gaddafi Stadium, Lahore",1,11.2,Multan Sultans,Peshawar Zalmi,Mohammad Rizwan,Shan Masood,Salman Irshad,2,0,,,,,,,,,
1293015,2021/22,2022-02-10,"Gaddafi Stadium, Lahore",1,11.3,Multan Sultans,Peshawar Zalmi,Mohammad Rizwan,Shan Masood,Salman Irshad,3,0,,,,,,,,,
1293015,2021/22,2022-02-10,"Gaddafi Stadium, Lahore",1,11.4,Multan Sultans,Peshawar Zalmi,Shan Masood,Mohammad Rizwan,Salman Irshad,1,0,,,,,,,,,
1293015,2021/22,2022-02-10,"Gaddafi Stadium, Lahore",1,11.5,Multan Sultans,Peshawar Zalmi,Mohammad Rizwan,Shan Masood,Salman Irshad,1,0,,,,,,,,,
1293015,2021/22,2022-02-10,"Gaddafi Stadium, Lahore",1,11.6,Multan Sultans,Peshawar Zalmi,Shan Masood,Mohammad Rizwan,Salman Irshad,1,0,,,,,,,,,
1293015,2021/22,2022-02-10,"Gaddafi Stadium, Lahore",1,12.1,Multan Sultans,Peshawar Zalmi,Shan Masood,Mohammad Rizwan,Wahab Riaz,1,0,,,,,,,,,
1293015,2021/22,2022-02-10,"Gaddafi Stadium, Lahore",1,12.2,Multan Sultans,Peshawar Zalmi,Mohammad Rizwan,Shan Masood,Wahab Riaz,2,0,,,,,,,,,
1293015,2021/22,2022-02-10,"Gaddafi Stadium, Lahore",1,12.3,Multan Sultans,Peshawar Zalmi,Mohammad Rizwan,Shan Masood,Wahab Riaz,0,0,,,,,,lbw,Mohammad Rizwan,,
1293015,2021/22,2022-02-10,"Gaddafi Stadium, Lahore",1,12.4,Multan Sultans,Peshawar Zalmi,TH David,Shan Masood,Wahab Riaz,1,0,,,,,,,,,
1293015,2021/22,2022-02-10,"Gaddafi Stadium, Lahore",1,12.5,Multan Sultans,Peshawar Zalmi,Shan Masood,TH David,Wahab Riaz,1,0,,,,,,,,,
1293015,2021/22,2022-02-10,"Gaddafi Stadium, Lahore",1,12.6,Multan Sultans,Peshawar Zalmi,TH David,Shan Masood,Wahab Riaz,0,1,1,,,,,,,,
1293015,2021/22,2022-02-10,"Gaddafi Stadium, Lahore",1,12.7,Multan Sultans,Peshawar Zalmi,TH David,Shan Masood,Wahab Riaz,0,0,,,,,,,,,
1293015,2021/22,2022-02-10,"Gaddafi Stadium, Lahore",1,13.1,Multan Sultans,Peshawar Zalmi,Shan Masood,TH David,LS Livingstone,1,0,,,,,,,,,
1293015,2021/22,2022-02-10,"Gaddafi Stadium, Lahore",1,13.2,Multan Sultans,Peshawar Zalmi,TH David,Shan Masood,LS Livingstone,2,0,,,,,,,,,
1293015,2021/22,2022-02-10,"Gaddafi Stadium, Lahore",1,13.3,Multan Sultans,Peshawar Zalmi,TH David,Shan Masood,LS Livingstone,0,0,,,,,,,,,
1293015,2021/22,2022-02-10,"Gaddafi Stadium, Lahore",1,13.4,Multan Sultans,Peshawar Zalmi,TH David,Shan Masood,LS Livingstone,1,0,,,,,,,,,
1293015,2021/22,2022-02-10,"Gaddafi Stadium, Lahore",1,13.5,Multan Sultans,Peshawar Zalmi,Shan Masood,TH David,LS Livingstone,1,0,,,,,,,,,
1293015,2021/22,2022-02-10,"Gaddafi Stadium, Lahore",1,13.6,Multan Sultans,Peshawar Zalmi,TH David,Shan Masood,LS Livingstone,6,0,,,,,,,,,
1293015,2021/22,2022-02-10,"Gaddafi Stadium, Lahore",1,14.1,Multan Sultans,Peshawar Zalmi,Shan Masood,TH David,Wahab Riaz,1,0,,,,,,,,,
1293015,2021/22,2022-02-10,"Gaddafi Stadium, Lahore",1,14.2,Multan Sultans,Peshawar Zalmi,TH David,Shan Masood,Wahab Riaz,1,0,,,,,,,,,
1293015,2021/22,2022-02-10,"Gaddafi Stadium, Lahore",1,14.3,Multan Sultans,Peshawar Zalmi,Shan Masood,TH David,Wahab Riaz,2,0,,,,,,,,,
1293015,2021/22,2022-02-10,"Gaddafi Stadium, Lahore",1,14.4,Multan Sultans,Peshawar Zalmi,Shan Masood,TH David,Wahab Riaz,0,1,,,,1,,,,,
1293015,2021/22,2022-02-10,"Gaddafi Stadium, Lahore",1,14.5,Multan Sultans,Peshawar Zalmi,TH David,Shan Masood,Wahab Riaz,4,0,,,,,,,,,
1293015,2021/22,2022-02-10,"Gaddafi Stadium, Lahore",1,14.6,Multan Sultans,Peshawar Zalmi,TH David,Shan Masood,Wahab Riaz,4,0,,,,,,,,,
1293015,2021/22,2022-02-10,"Gaddafi Stadium, Lahore",1,15.1,Multan Sultans,Peshawar Zalmi,Shan Masood,TH David,Salman Irshad,6,0,,,,,,,,,
1293015,2021/22,2022-02-10,"Gaddafi Stadium, Lahore",1,15.2,Multan Sultans,Peshawar Zalmi,Shan Masood,TH David,Salman Irshad,0,0,,,,,,caught,Shan Masood,,
1293015,2021/22,2022-02-10,"Gaddafi Stadium, Lahore",1,15.3,Multan Sultans,Peshawar Zalmi,TH David,RR Rossouw,Salman Irshad,1,0,,,,,,,,,
1293015,2021/22,2022-02-10,"Gaddafi Stadium, Lahore",1,15.4,Multan Sultans,Peshawar Zalmi,RR Rossouw,TH David,Salman Irshad,1,0,,,,,,,,,
1293015,2021/22,2022-02-10,"Gaddafi Stadium, Lahore",1,15.5,Multan Sultans,Peshawar Zalmi,TH David,RR Rossouw,Salman Irshad,1,0,,,,,,,,,
1293015,2021/22,2022-02-10,"Gaddafi Stadium, Lahore",1,15.6,Multan Sultans,Peshawar Zalmi,RR Rossouw,TH David,Salman Irshad,1,0,,,,,,,,,
1293015,2021/22,2022-02-10,"Gaddafi Stadium, Lahore",1,16.1,Multan Sultans,Peshawar Zalmi,RR Rossouw,TH David,S Mahmood,6,0,,,,,,,,,
1293015,2021/22,2022-02-10,"Gaddafi Stadium, Lahore",1,16.2,Multan Sultans,Peshawar Zalmi,RR Rossouw,TH David,S Mahmood,1,0,,,,,,,,,
1293015,2021/22,2022-02-10,"Gaddafi Stadium, Lahore",1,16.3,Multan Sultans,Peshawar Zalmi,TH David,RR Rossouw,S Mahmood,0,0,,,,,,,,,
1293015,2021/22,2022-02-10,"Gaddafi Stadium, Lahore",1,16.4,Multan Sultans,Peshawar Zalmi,TH David,RR Rossouw,S Mahmood,6,0,,,,,,,,,
1293015,2021/22,2022-02-10,"Gaddafi Stadium, Lahore",1,16.5,Multan Sultans,Peshawar Zalmi,TH David,RR Rossouw,S Mahmood,6,0,,,,,,,,,
1293015,2021/22,2022-02-10,"Gaddafi Stadium, Lahore",1,16.6,Multan Sultans,Peshawar Zalmi,TH David,RR Rossouw,S Mahmood,0,1,1,,,,,,,,
1293015,2021/22,2022-02-10,"Gaddafi Stadium, Lahore",1,16.7,Multan Sultans,Peshawar Zalmi,TH David,RR Rossouw,S Mahmood,0,0,,,,,,,,,
1293015,2021/22,2022-02-10,"Gaddafi Stadium, Lahore",1,17.1,Multan Sultans,Peshawar Zalmi,RR Rossouw,TH David,Salman Irshad,0,0,,,,,,,,,
1293015,2021/22,2022-02-10,"Gaddafi Stadium, Lahore",1,17.2,Multan Sultans,Peshawar Zalmi,RR Rossouw,TH David,Salman Irshad,6,0,,,,,,,,,
1293015,2021/22,2022-02-10,"Gaddafi Stadium, Lahore",1,17.3,Multan Sultans,Peshawar Zalmi,RR Rossouw,TH David,Salman Irshad,0,0,,,,,,caught,RR Rossouw,,
1293015,2021/22,2022-02-10,"Gaddafi Stadium, Lahore",1,17.4,Multan Sultans,Peshawar Zalmi,TH David,Khushdil Shah,Salman Irshad,0,0,,,,,,,,,
1293015,2021/22,2022-02-10,"Gaddafi Stadium, Lahore",1,17.5,Multan Sultans,Peshawar Zalmi,TH David,Khushdil Shah,Salman Irshad,1,0,,,,,,,,,
1293015,2021/22,2022-02-10,"Gaddafi Stadium, Lahore",1,17.6,Multan Sultans,Peshawar Zalmi,Khushdil Shah,TH David,Salman Irshad,1,0,,,,,,,,,
1293015,2021/22,2022-02-10,"Gaddafi Stadium, Lahore",1,18.1,Multan Sultans,Peshawar Zalmi,Khushdil Shah,TH David,Wahab Riaz,0,0,,,,,,,,,
1293015,2021/22,2022-02-10,"Gaddafi Stadium, Lahore",1,18.2,Multan Sultans,Peshawar Zalmi,Khushdil Shah,TH David,Wahab Riaz,4,1,,1,,,,,,,
1293015,2021/22,2022-02-10,"Gaddafi Stadium, Lahore",1,18.3,Multan Sultans,Peshawar Zalmi,Khushdil Shah,TH David,Wahab Riaz,1,0,,,,,,,,,
1293015,2021/22,2022-02-10,"Gaddafi Stadium, Lahore",1,18.4,Multan Sultans,Peshawar Zalmi,TH David,Khushdil Shah,Wahab Riaz,0,0,,,,,,caught,TH David,,
1293015,2021/22,2022-02-10,"Gaddafi Stadium, Lahore",1,18.5,Multan Sultans,Peshawar Zalmi,Khushdil Shah,Anwar Ali,Wahab Riaz,4,0,,,,,,,,,
1293015,2021/22,2022-02-10,"Gaddafi Stadium, Lahore",1,18.6,Multan Sultans,Peshawar Zalmi,Khushdil Shah,Anwar Ali,Wahab Riaz,1,0,,,,,,,,,
1293015,2021/22,2022-02-10,"Gaddafi Stadium, Lahore",1,18.7,Multan Sultans,Peshawar Zalmi,Anwar Ali,Khushdil Shah,Wahab Riaz,1,0,,,,,,run out,Anwar Ali,,
1293015,2021/22,2022-02-10,"Gaddafi Stadium, Lahore",1,19.1,Multan Sultans,Peshawar Zalmi,Khushdil Shah,Sohaib Maqsood,S Mahmood,0,0,,,,,,bowled,Khushdil Shah,,
1293015,2021/22,2022-02-10,"Gaddafi Stadium, Lahore",1,19.2,Multan Sultans,Peshawar Zalmi,Abbas Afridi,Sohaib Maqsood,S Mahmood,0,1,1,,,,,,,,
1293015,2021/22,2022-02-10,"Gaddafi Stadium, Lahore",1,19.3,Multan Sultans,Peshawar Zalmi,Abbas Afridi,Sohaib Maqsood,S Mahmood,4,0,,,,,,,,,
1293015,2021/22,2022-02-10,"Gaddafi Stadium, Lahore",1,19.4,Multan Sultans,Peshawar Zalmi,Abbas Afridi,Sohaib Maqsood,S Mahmood,1,0,,,,,,,,,
1293015,2021/22,2022-02-10,"Gaddafi Stadium, Lahore",1,19.5,Multan Sultans,Peshawar Zalmi,Sohaib Maqsood,Abbas Afridi,S Mahmood,1,0,,,,,,,,,
1293015,2021/22,2022-02-10,"Gaddafi Stadium, Lahore",1,19.6,Multan Sultans,Peshawar Zalmi,Abbas Afridi,Sohaib Maqsood,S Mahmood,0,0,,,,,,,,,
1293015,2021/22,2022-02-10,"Gaddafi Stadium, Lahore",1,19.7,Multan Sultans,Peshawar Zalmi,Abbas Afridi,Sohaib Maqsood,S Mahmood,0,0,,,,,,caught,Abbas Afridi,,
1293015,2021/22,2022-02-10,"Gaddafi Stadium, Lahore",2,0.1,Peshawar Zalmi,Multan Sultans,Kamran Akmal,Haider Ali,Anwar Ali,0,0,,,,,,,,,
1293015,2021/22,2022-02-10,"Gaddafi Stadium, Lahore",2,0.2,Peshawar Zalmi,Multan Sultans,Kamran Akmal,Haider Ali,Anwar Ali,1,0,,,,,,,,,
1293015,2021/22,2022-02-10,"Gaddafi Stadium, Lahore",2,0.3,Peshawar Zalmi,Multan Sultans,Haider Ali,Kamran Akmal,Anwar Ali,1,0,,,,,,,,,
1293015,2021/22,2022-02-10,"Gaddafi Stadium, Lahore",2,0.4,Peshawar Zalmi,Multan Sultans,Kamran Akmal,Haider Ali,Anwar Ali,0,0,,,,,,,,,
1293015,2021/22,2022-02-10,"Gaddafi Stadium, Lahore",2,0.5,Peshawar Zalmi,Multan Sultans,Kamran Akmal,Haider Ali,Anwar Ali,0,0,,,,,,,,,
1293015,2021/22,2022-02-10,"Gaddafi Stadium, Lahore",2,0.6,Peshawar Zalmi,Multan Sultans,Kamran Akmal,Haider Ali,Anwar Ali,1,0,,,,,,,,,
1293015,2021/22,2022-02-10,"Gaddafi Stadium, Lahore",2,1.1,Peshawar Zalmi,Multan Sultans,Kamran Akmal,Haider Ali,B Muzarabani,2,0,,,,,,,,,
1293015,2021/22,2022-02-10,"Gaddafi Stadium, Lahore",2,1.2,Peshawar Zalmi,Multan Sultans,Kamran Akmal,Haider Ali,B Muzarabani,0,0,,,,,,caught,Kamran Akmal,,
1293015,2021/22,2022-02-10,"Gaddafi Stadium, Lahore",2,1.3,Peshawar Zalmi,Multan Sultans,Haider Ali,LS Livingstone,B Muzarabani,0,0,,,,,,,,,
1293015,2021/22,2022-02-10,"Gaddafi Stadium, Lahore",2,1.4,Peshawar Zalmi,Multan Sultans,Haider Ali,LS Livingstone,B Muzarabani,0,0,,,,,,,,,
1293015,2021/22,2022-02-10,"Gaddafi Stadium, Lahore",2,1.5,Peshawar Zalmi,Multan Sultans,Haider Ali,LS Livingstone,B Muzarabani,0,0,,,,,,,,,
1293015,2021/22,2022-02-10,"Gaddafi Stadium, Lahore",2,1.6,Peshawar Zalmi,Multan Sultans,Haider Ali,LS Livingstone,B Muzarabani,0,0,,,,,,bowled,Haider Ali,,
1293015,2021/22,2022-02-10,"Gaddafi Stadium, Lahore",2,2.1,Peshawar Zalmi,Multan Sultans,LS Livingstone,Shoaib Malik,Anwar Ali,0,0,,,,,,,,,
1293015,2021/22,2022-02-10,"Gaddafi Stadium, Lahore",2,2.2,Peshawar Zalmi,Multan Sultans,LS Livingstone,Shoaib Malik,Anwar Ali,4,0,,,,,,,,,
1293015,2021/22,2022-02-10,"Gaddafi Stadium, Lahore",2,2.3,Peshawar Zalmi,Multan Sultans,LS Livingstone,Shoaib Malik,Anwar Ali,4,0,,,,,,,,,
1293015,2021/22,2022-02-10,"Gaddafi Stadium, Lahore",2,2.4,Peshawar Zalmi,Multan Sultans,LS Livingstone,Shoaib Malik,Anwar Ali,0,0,,,,,,,,,
1293015,2021/22,2022-02-10,"Gaddafi Stadium, Lahore",2,2.5,Peshawar Zalmi,Multan Sultans,LS Livingstone,Shoaib Malik,Anwar Ali,0,0,,,,,,,,,
1293015,2021/22,2022-02-10,"Gaddafi Stadium, Lahore",2,2.6,Peshawar Zalmi,Multan Sultans,LS Livingstone,Shoaib Malik,Anwar Ali,0,0,,,,,,,,,
1293015,2021/22,2022-02-10,"Gaddafi Stadium, Lahore",2,3.1,Peshawar Zalmi,Multan Sultans,Shoaib Malik,LS Livingstone,Shahnawaz Dhani,0,0,,,,,,,,,
1293015,2021/22,2022-02-10,"Gaddafi Stadium, Lahore",2,3.2,Peshawar Zalmi,Multan Sultans,Shoaib Malik,LS Livingstone,Shahnawaz Dhani,4,0,,,,,,,,,
1293015,2021/22,2022-02-10,"Gaddafi Stadium, Lahore",2,3.3,Peshawar Zalmi,Multan Sultans,Shoaib Malik,LS Livingstone,Shahnawaz Dhani,1,0,,,,,,,,,
1293015,2021/22,2022-02-10,"Gaddafi Stadium, Lahore",2,3.4,Peshawar Zalmi,Multan Sultans,LS Livingstone,Shoaib Malik,Shahnawaz Dhani,0,0,,,,,,,,,
1293015,2021/22,2022-02-10,"Gaddafi Stadium, Lahore",2,3.5,Peshawar Zalmi,Multan Sultans,LS Livingstone,Shoaib Malik,Shahnawaz Dhani,2,0,,,,,,,,,
1293015,2021/22,2022-02-10,"Gaddafi Stadium, Lahore",2,3.6,Peshawar Zalmi,Multan Sultans,LS Livingstone,Shoaib Malik,Shahnawaz Dhani,6,0,,,,,,,,,
1293015,2021/22,2022-02-10,"Gaddafi Stadium, Lahore",2,4.1,Peshawar Zalmi,Multan Sultans,Shoaib Malik,LS Livingstone,B Muzarabani,0,0,,,,,,,,,
1293015,2021/22,2022-02-10,"Gaddafi Stadium, Lahore",2,4.2,Peshawar Zalmi,Multan Sultans,Shoaib Malik,LS Livingstone,B Muzarabani,1,0,,,,,,,,,
1293015,2021/22,2022-02-10,"Gaddafi Stadium, Lahore",2,4.3,Peshawar Zalmi,Multan Sultans,LS Livingstone,Shoaib Malik,B Muzarabani,4,0,,,,,,,,,
1293015,2021/22,2022-02-10,"Gaddafi Stadium, Lahore",2,4.4,Peshawar Zalmi,Multan Sultans,LS Livingstone,Shoaib Malik,B Muzarabani,0,0,,,,,,,,,
1293015,2021/22,2022-02-10,"Gaddafi Stadium, Lahore",2,4.5,Peshawar Zalmi,Multan Sultans,LS Livingstone,Shoaib Malik,B Muzarabani,4,0,,,,,,,,,
1293015,2021/22,2022-02-10,"Gaddafi Stadium, Lahore",2,4.6,Peshawar Zalmi,Multan Sultans,LS Livingstone,Shoaib Malik,B Muzarabani,0,0,,,,,,,,,
1293015,2021/22,2022-02-10,"Gaddafi Stadium, Lahore",2,5.1,Peshawar Zalmi,Multan Sultans,Shoaib Malik,LS Livingstone,Abbas Afridi,0,0,,,,,,,,,
1293015,2021/22,2022-02-10,"Gaddafi Stadium, Lahore",2,5.2,Peshawar Zalmi,Multan Sultans,Shoaib Malik,LS Livingstone,Abbas Afridi,6,0,,,,,,,,,
1293015,2021/22,2022-02-10,"Gaddafi Stadium, Lahore",2,5.3,Peshawar Zalmi,Multan Sultans,Shoaib Malik,LS Livingstone,Abbas Afridi,1,0,,,,,,,,,
1293015,2021/22,2022-02-10,"Gaddafi Stadium, Lahore",2,5.4,Peshawar Zalmi,Multan Sultans,LS Livingstone,Shoaib Malik,Abbas Afridi,0,0,,,,,,,,,
1293015,2021/22,2022-02-10,"Gaddafi Stadium, Lahore",2,5.5,Peshawar Zalmi,Multan Sultans,LS Livingstone,Shoaib Malik,Abbas Afridi,0,0,,,,,,,,,
1293015,2021/22,2022-02-10,"Gaddafi Stadium, Lahore",2,5.6,Peshawar Zalmi,Multan Sultans,LS Livingstone,Shoaib Malik,Abbas Afridi,0,0,,,,,,caught,LS Livingstone,,
1293015,2021/22,2022-02-10,"Gaddafi Stadium, Lahore",2,6.1,Peshawar Zalmi,Multan Sultans,Shoaib Malik,Hussain Talat,Imran Tahir,1,0,,,,,,,,,
1293015,2021/22,2022-02-10,"Gaddafi Stadium, Lahore",2,6.2,Peshawar Zalmi,Multan Sultans,Hussain Talat,Shoaib Malik,Imran Tahir,1,0,,,,,,,,,
1293015,2021/22,2022-02-10,"Gaddafi Stadium, Lahore",2,6.3,Peshawar Zalmi,Multan Sultans,Shoaib Malik,Hussain Talat,Imran Tahir,1,0,,,,,,,,,
1293015,2021/22,2022-02-10,"Gaddafi Stadium, Lahore",2,6.4,Peshawar Zalmi,Multan Sultans,Hussain Talat,Shoaib Malik,Imran Tahir,1,0,,,,,,,,,
1293015,2021/22,2022-02-10,"Gaddafi Stadium, Lahore",2,6.5,Peshawar Zalmi,Multan Sultans,Shoaib Malik,Hussain Talat,Imran Tahir,1,0,,,,,,,,,
1293015,2021/22,2022-02-10,"Gaddafi Stadium, Lahore",2,6.6,Peshawar Zalmi,Multan Sultans,Hussain Talat,Shoaib Malik,Imran Tahir,0,0,,,,,,,,,
1293015,2021/22,2022-02-10,"Gaddafi Stadium, Lahore",2,7.1,Peshawar Zalmi,Multan Sultans,Shoaib Malik,Hussain Talat,Abbas Afridi,1,0,,,,,,,,,
1293015,2021/22,2022-02-10,"Gaddafi Stadium, Lahore",2,7.2,Peshawar Zalmi,Multan Sultans,Hussain Talat,Shoaib Malik,Abbas Afridi,1,0,,,,,,,,,
1293015,2021/22,2022-02-10,"Gaddafi Stadium, Lahore",2,7.3,Peshawar Zalmi,Multan Sultans,Shoaib Malik,Hussain Talat,Abbas Afridi,1,0,,,,,,,,,
1293015,2021/22,2022-02-10,"Gaddafi Stadium, Lahore",2,7.4,Peshawar Zalmi,Multan Sultans,Hussain Talat,Shoaib Malik,Abbas Afridi,1,0,,,,,,,,,
1293015,2021/22,2022-02-10,"Gaddafi Stadium, Lahore",2,7.5,Peshawar Zalmi,Multan Sultans,Shoaib Malik,Hussain Talat,Abbas Afridi,0,0,,,,,,,,,
1293015,2021/22,2022-02-10,"Gaddafi Stadium, Lahore",2,7.6,Peshawar Zalmi,Multan Sultans,Shoaib Malik,Hussain Talat,Abbas Afridi,0,0,,,,,,,,,
1293015,2021/22,2022-02-10,"Gaddafi Stadium, Lahore",2,8.1,Peshawar Zalmi,Multan Sultans,Hussain Talat,Shoaib Malik,Shahnawaz Dhani,0,0,,,,,,caught,Hussain Talat,,
1293015,2021/22,2022-02-10,"Gaddafi Stadium, Lahore",2,8.2,Peshawar Zalmi,Multan Sultans,SE Rutherford,Shoaib Malik,Shahnawaz Dhani,0,0,,,,,,,,,
1293015,2021/22,2022-02-10,"Gaddafi Stadium, Lahore",2,8.3,Peshawar Zalmi,Multan Sultans,SE Rutherford,Shoaib Malik,Shahnawaz Dhani,0,0,,,,,,,,,
1293015,2021/22,2022-02-10,"Gaddafi Stadium, Lahore",2,8.4,Peshawar Zalmi,Multan Sultans,SE Rutherford,Shoaib Malik,Shahnawaz Dhani,1,0,,,,,,,,,
1293015,2021/22,2022-02-10,"Gaddafi Stadium, Lahore",2,8.5,Peshawar Zalmi,Multan Sultans,Shoaib Malik,SE Rutherford,Shahnawaz Dhani,4,0,,,,,,,,,
1293015,2021/22,2022-02-10,"Gaddafi Stadium, Lahore",2,8.6,Peshawar Zalmi,Multan Sultans,Shoaib Malik,SE Rutherford,Shahnawaz Dhani,0,0,,,,,,,,,
1293015,2021/22,2022-02-10,"Gaddafi Stadium, Lahore",2,9.1,Peshawar Zalmi,Multan Sultans,SE Rutherford,Shoaib Malik,Imran Tahir,0,0,,,,,,,,,
1293015,2021/22,2022-02-10,"Gaddafi Stadium, Lahore",2,9.2,Peshawar Zalmi,Multan Sultans,SE Rutherford,Shoaib Malik,Imran Tahir,0,0,,,,,,,,,
1293015,2021/22,2022-02-10,"Gaddafi Stadium, Lahore",2,9.3,Peshawar Zalmi,Multan Sultans,SE Rutherford,Shoaib Malik,Imran Tahir,6,0,,,,,,,,,
1293015,2021/22,2022-02-10,"Gaddafi Stadium, Lahore",2,9.4,Peshawar Zalmi,Multan Sultans,SE Rutherford,Shoaib Malik,Imran Tahir,4,0,,,,,,,,,
1293015,2021/22,2022-02-10,"Gaddafi Stadium, Lahore",2,9.5,Peshawar Zalmi,Multan Sultans,SE Rutherford,Shoaib Malik,Imran Tahir,1,0,,,,,,,,,
1293015,2021/22,2022-02-10,"Gaddafi Stadium, Lahore",2,9.6,Peshawar Zalmi,Multan Sultans,Shoaib Malik,SE Rutherford,Imran Tahir,0,0,,,,,,,,,
1293015,2021/22,2022-02-10,"Gaddafi Stadium, Lahore",2,10.1,Peshawar Zalmi,Multan Sultans,SE Rutherford,Shoaib Malik,Abbas Afridi,1,0,,,,,,,,,
1293015,2021/22,2022-02-10,"Gaddafi Stadium, Lahore",2,10.2,Peshawar Zalmi,Multan Sultans,Shoaib Malik,SE Rutherford,Abbas Afridi,6,0,,,,,,,,,
1293015,2021/22,2022-02-10,"Gaddafi Stadium, Lahore",2,10.3,Peshawar Zalmi,Multan Sultans,Shoaib Malik,SE Rutherford,Abbas Afridi,1,0,,,,,,,,,
1293015,2021/22,2022-02-10,"Gaddafi Stadium, Lahore",2,10.4,Peshawar Zalmi,Multan Sultans,SE Rutherford,Shoaib Malik,Abbas Afridi,4,0,,,,,,,,,
1293015,2021/22,2022-02-10,"Gaddafi Stadium, Lahore",2,10.5,Peshawar Zalmi,Multan Sultans,SE Rutherford,Shoaib Malik,Abbas Afridi,0,0,,,,,,,,,
1293015,2021/22,2022-02-10,"Gaddafi Stadium, Lahore",2,10.6,Peshawar Zalmi,Multan Sultans,SE Rutherford,Shoaib Malik,Abbas Afridi,0,0,,,,,,,,,
1293015,2021/22,2022-02-10,"Gaddafi Stadium, Lahore",2,11.1,Peshawar Zalmi,Multan Sultans,Shoaib Malik,SE Rutherford,Imran Tahir,1,0,,,,,,,,,
1293015,2021/22,2022-02-10,"Gaddafi Stadium, Lahore",2,11.2,Peshawar Zalmi,Multan Sultans,SE Rutherford,Shoaib Malik,Imran Tahir,1,0,,,,,,,,,
1293015,2021/22,2022-02-10,"Gaddafi Stadium, Lahore",2,11.3,Peshawar Zalmi,Multan Sultans,Shoaib Malik,SE Rutherford,Imran Tahir,1,0,,,,,,,,,
1293015,2021/22,2022-02-10,"Gaddafi Stadium, Lahore",2,11.4,Peshawar Zalmi,Multan Sultans,SE Rutherford,Shoaib Malik,Imran Tahir,1,0,,,,,,,,,
1293015,2021/22,2022-02-10,"Gaddafi Stadium, Lahore",2,11.5,Peshawar Zalmi,Multan Sultans,Shoaib Malik,SE Rutherford,Imran Tahir,0,1,1,,,,,,,,
1293015,2021/22,2022-02-10,"Gaddafi Stadium, Lahore",2,11.6,Peshawar Zalmi,Multan Sultans,Shoaib Malik,SE Rutherford,Imran Tahir,1,0,,,,,,,,,
1293015,2021/22,2022-02-10,"Gaddafi Stadium, Lahore",2,11.7,Peshawar Zalmi,Multan Sultans,SE Rutherford,Shoaib Malik,Imran Tahir,1,0,,,,,,,,,
1293015,2021/22,2022-02-10,"Gaddafi Stadium, Lahore",2,12.1,Peshawar Zalmi,Multan Sultans,SE Rutherford,Shoaib Malik,B Muzarabani,0,1,1,,,,,,,,
1293015,2021/22,2022-02-10,"Gaddafi Stadium, Lahore",2,12.2,Peshawar Zalmi,Multan Sultans,SE Rutherford,Shoaib Malik,B Muzarabani,0,1,,,,1,,,,,
1293015,2021/22,2022-02-10,"Gaddafi Stadium, Lahore",2,12.3,Peshawar Zalmi,Multan Sultans,Shoaib Malik,SE Rutherford,B Muzarabani,1,0,,,,,,,,,
1293015,2021/22,2022-02-10,"Gaddafi Stadium, Lahore",2,12.4,Peshawar Zalmi,Multan Sultans,SE Rutherford,Shoaib Malik,B Muzarabani,1,0,,,,,,,,,
1293015,2021/22,2022-02-10,"Gaddafi Stadium, Lahore",2,12.5,Peshawar Zalmi,Multan Sultans,Shoaib Malik,SE Rutherford,B Muzarabani,1,0,,,,,,,,,
1293015,2021/22,2022-02-10,"Gaddafi Stadium, Lahore",2,12.6,Peshawar Zalmi,Multan Sultans,SE Rutherford,Shoaib Malik,B Muzarabani,0,0,,,,,,,,,
1293015,2021/22,2022-02-10,"Gaddafi Stadium, Lahore",2,12.7,Peshawar Zalmi,Multan Sultans,SE Rutherford,Shoaib Malik,B Muzarabani,0,0,,,,,,caught,SE Rutherford,,
1293015,2021/22,2022-02-10,"Gaddafi Stadium, Lahore",2,13.1,Peshawar Zalmi,Multan Sultans,Shoaib Malik,BCJ Cutting,Khushdil Shah,1,0,,,,,,,,,
1293015,2021/22,2022-02-10,"Gaddafi Stadium, Lahore",2,13.2,Peshawar Zalmi,Multan Sultans,BCJ Cutting,Shoaib Malik,Khushdil Shah,1,0,,,,,,,,,
1293015,2021/22,2022-02-10,"Gaddafi Stadium, Lahore",2,13.3,Peshawar Zalmi,Multan Sultans,Shoaib Malik,BCJ Cutting,Khushdil Shah,0,0,,,,,,,,,
1293015,2021/22,2022-02-10,"Gaddafi Stadium, Lahore",2,13.4,Peshawar Zalmi,Multan Sultans,Shoaib Malik,BCJ Cutting,Khushdil Shah,4,0,,,,,,,,,
1293015,2021/22,2022-02-10,"Gaddafi Stadium, Lahore",2,13.5,Peshawar Zalmi,Multan Sultans,Shoaib Malik,BCJ Cutting,Khushdil Shah,4,0,,,,,,,,,
1293015,2021/22,2022-02-10,"Gaddafi Stadium, Lahore",2,13.6,Peshawar Zalmi,Multan Sultans,Shoaib Malik,BCJ Cutting,Khushdil Shah,1,0,,,,,,,,,
1293015,2021/22,2022-02-10,"Gaddafi Stadium, Lahore",2,14.1,Peshawar Zalmi,Multan Sultans,Shoaib Malik,BCJ Cutting,Imran Tahir,0,0,,,,,,caught,Shoaib Malik,,
1293015,2021/22,2022-02-10,"Gaddafi Stadium, Lahore",2,14.2,Peshawar Zalmi,Multan Sultans,Wahab Riaz,BCJ Cutting,Imran Tahir,0,0,,,,,,,,,
1293015,2021/22,2022-02-10,"Gaddafi Stadium, Lahore",2,14.3,Peshawar Zalmi,Multan Sultans,Wahab Riaz,BCJ Cutting,Imran Tahir,1,0,,,,,,,,,
1293015,2021/22,2022-02-10,"Gaddafi Stadium, Lahore",2,14.4,Peshawar Zalmi,Multan Sultans,BCJ Cutting,Wahab Riaz,Imran Tahir,0,0,,,,,,,,,
1293015,2021/22,2022-02-10,"Gaddafi Stadium, Lahore",2,14.5,Peshawar Zalmi,Multan Sultans,BCJ Cutting,Wahab Riaz,Imran Tahir,1,0,,,,,,,,,
1293015,2021/22,2022-02-10,"Gaddafi Stadium, Lahore",2,14.6,Peshawar Zalmi,Multan Sultans,Wahab Riaz,BCJ Cutting,Imran Tahir,0,0,,,,,,,,,
1293015,2021/22,2022-02-10,"Gaddafi Stadium, Lahore",2,15.1,Peshawar Zalmi,Multan Sultans,BCJ Cutting,Wahab Riaz,Khushdil Shah,2,0,,,,,,,,,
1293015,2021/22,2022-02-10,"Gaddafi Stadium, Lahore",2,15.2,Peshawar Zalmi,Multan Sultans,BCJ Cutting,Wahab Riaz,Khushdil Shah,2,0,,,,,,,,,
1293015,2021/22,2022-02-10,"Gaddafi Stadium, Lahore",2,15.3,Peshawar Zalmi,Multan Sultans,BCJ Cutting,Wahab Riaz,Khushdil Shah,1,0,,,,,,,,,
1293015,2021/22,2022-02-10,"Gaddafi Stadium, Lahore",2,15.4,Peshawar Zalmi,Multan Sultans,Wahab Riaz,BCJ Cutting,Khushdil Shah,0,0,,,,,,,,,
1293015,2021/22,2022-02-10,"Gaddafi Stadium, Lahore",2,15.5,Peshawar Zalmi,Multan Sultans,Wahab Riaz,BCJ Cutting,Khushdil Shah,0,0,,,,,,caught,Wahab Riaz,,
1293015,2021/22,2022-02-10,"Gaddafi Stadium, Lahore",2,15.6,Peshawar Zalmi,Multan Sultans,BCJ Cutting,Mohammad Umar,Khushdil Shah,0,0,,,,,,,,,
1293015,2021/22,2022-02-10,"Gaddafi Stadium, Lahore",2,16.1,Peshawar Zalmi,Multan Sultans,Mohammad Umar,BCJ Cutting,Shahnawaz Dhani,0,0,,,,,,,,,
1293015,2021/22,2022-02-10,"Gaddafi Stadium, Lahore",2,16.2,Peshawar Zalmi,Multan Sultans,Mohammad Umar,BCJ Cutting,Shahnawaz Dhani,0,0,,,,,,caught,Mohammad Umar,,
1293015,2021/22,2022-02-10,"Gaddafi Stadium, Lahore",2,16.3,Peshawar Zalmi,Multan Sultans,S Mahmood,BCJ Cutting,Shahnawaz Dhani,1,0,,,,,,,,,
1293015,2021/22,2022-02-10,"Gaddafi Stadium, Lahore",2,16.4,Peshawar Zalmi,Multan Sultans,BCJ Cutting,S Mahmood,Shahnawaz Dhani,6,0,,,,,,,,,
1293015,2021/22,2022-02-10,"Gaddafi Stadium, Lahore",2,16.5,Peshawar Zalmi,Multan Sultans,BCJ Cutting,S Mahmood,Shahnawaz Dhani,4,0,,,,,,,,,
1293015,2021/22,2022-02-10,"Gaddafi Stadium, Lahore",2,16.6,Peshawar Zalmi,Multan Sultans,BCJ Cutting,S Mahmood,Shahnawaz Dhani,6,0,,,,,,,,,
1293015,2021/22,2022-02-10,"Gaddafi Stadium, Lahore",2,17.1,Peshawar Zalmi,Multan Sultans,S Mahmood,BCJ Cutting,Khushdil Shah,0,1,1,,,,,,,,
1293015,2021/22,2022-02-10,"Gaddafi Stadium, Lahore",2,17.2,Peshawar Zalmi,Multan Sultans,S Mahmood,BCJ Cutting,Khushdil Shah,0,1,,,,1,,,,,
1293015,2021/22,2022-02-10,"Gaddafi Stadium, Lahore",2,17.3,Peshawar Zalmi,Multan Sultans,BCJ Cutting,S Mahmood,Khushdil Shah,0,0,,,,,,caught,BCJ Cutting,,
1293015,2021/22,2022-02-10,"Gaddafi Stadium, Lahore",2,17.4,Peshawar Zalmi,Multan Sultans,Salman Irshad,S Mahmood,Khushdil Shah,1,0,,,,,,,,,
1293015,2021/22,2022-02-10,"Gaddafi Stadium, Lahore",2,17.5,Peshawar Zalmi,Multan Sultans,S Mahmood,Salman Irshad,Khushdil Shah,0,0,,,,,,,,,
1293015,2021/22,2022-02-10,"Gaddafi Stadium, Lahore",2,17.6,Peshawar Zalmi,Multan Sultans,S Mahmood,Salman Irshad,Khushdil Shah,6,0,,,,,,,,,
1293015,2021/22,2022-02-10,"Gaddafi Stadium, Lahore",2,17.7,Peshawar Zalmi,Multan Sultans,S Mahmood,Salman Irshad,Khushdil Shah,1,0,,,,,,,,,
1293015,2021/22,2022-02-10,"Gaddafi Stadium, Lahore",2,18.1,Peshawar Zalmi,Multan Sultans,S Mahmood,Salman Irshad,B Muzarabani,1,0,,,,,,,,,
1293015,2021/22,2022-02-10,"Gaddafi Stadium, Lahore",2,18.2,Peshawar Zalmi,Multan Sultans,Salman Irshad,S Mahmood,B Muzarabani,1,0,,,,,,,,,
1293015,2021/22,2022-02-10,"Gaddafi Stadium, Lahore",2,18.3,Peshawar Zalmi,Multan Sultans,S Mahmood,Salman Irshad,B Muzarabani,0,0,,,,,,,,,
1293015,2021/22,2022-02-10,"Gaddafi Stadium, Lahore",2,18.4,Peshawar Zalmi,Multan Sultans,S Mahmood,Salman Irshad,B Muzarabani,0,0,,,,,,,,,
1293015,2021/22,2022-02-10,"Gaddafi Stadium, Lahore",2,18.5,Peshawar Zalmi,Multan Sultans,S Mahmood,Salman Irshad,B Muzarabani,0,0,,,,,,,,,
1293015,2021/22,2022-02-10,"Gaddafi Stadium, Lahore",2,18.6,Peshawar Zalmi,Multan Sultans,S Mahmood,Salman Irshad,B Muzarabani,1,0,,,,,,,,,
1293015,2021/22,2022-02-10,"Gaddafi Stadium, Lahore",2,19.1,Peshawar Zalmi,Multan Sultans,S Mahmood,Salman Irshad,Khushdil Shah,1,0,,,,,,,,,
1293015,2021/22,2022-02-10,"Gaddafi Stadium, Lahore",2,19.2,Peshawar Zalmi,Multan Sultans,Salman Irshad,S Mahmood,Khushdil Shah,0,0,,,,,,,,,
1293015,2021/22,2022-02-10,"Gaddafi Stadium, Lahore",2,19.3,Peshawar Zalmi,Multan Sultans,Salman Irshad,S Mahmood,Khushdil Shah,0,0,,,,,,caught and bowled,Salman Irshad,,
