match_id,season,start_date,venue,innings,ball,batting_team,bowling_team,striker,non_striker,bowler,runs_off_bat,extras,wides,noballs,byes,legbyes,penalty,wicket_type,player_dismissed,other_wicket_type,other_player_dismissed
1293009,2021/22,2022-02-03,"National Stadium, Karachi",1,0.1,Islamabad United,Quetta Gladiators,PR Stirling,AD Hales,Mohammad Nawaz,0,0,,,,,,,,,
1293009,2021/22,2022-02-03,"National Stadium, Karachi",1,0.2,Islamabad United,Quetta Gladiators,PR Stirling,AD Hales,Mohammad Nawaz,6,0,,,,,,,,,
1293009,2021/22,2022-02-03,"National Stadium, Karachi",1,0.3,Islamabad United,Quetta Gladiators,PR Stirling,AD Hales,Mohammad Nawaz,0,0,,,,,,,,,
1293009,2021/22,2022-02-03,"National Stadium, Karachi",1,0.4,Islamabad United,Quetta Gladiators,PR Stirling,AD Hales,Mohammad Nawaz,4,0,,,,,,,,,
1293009,2021/22,2022-02-03,"National Stadium, Karachi",1,0.5,Islamabad United,Quetta Gladiators,PR Stirling,AD Hales,Mohammad Nawaz,0,0,,,,,,,,,
1293009,2021/22,2022-02-03,"National Stadium, Karachi",1,0.6,Islamabad United,Quetta Gladiators,PR Stirling,AD Hales,Mohammad Nawaz,0,0,,,,,,,,,
1293009,2021/22,2022-02-03,"National Stadium, Karachi",1,1.1,Islamabad United,Quetta Gladiators,AD Hales,PR Stirling,Sohail Tanvir,4,1,,1,,,,,,,
1293009,2021/22,2022-02-03,"National Stadium, Karachi",1,1.2,Islamabad United,Quetta Gladiators,AD Hales,PR Stirling,Sohail Tanvir,4,0,,,,,,,,,
1293009,2021/22,2022-02-03,"National Stadium, Karachi",1,1.3,Islamabad United,Quetta Gladiators,AD Hales,PR Stirling,Sohail Tanvir,0,0,,,,,,,,,
1293009,2021/22,2022-02-03,"National Stadium, Karachi",1,1.4,Islamabad United,Quetta Gladiators,AD Hales,PR Stirling,Sohail Tanvir,1,0,,,,,,,,,
1293009,2021/22,2022-02-03,"National Stadium, Karachi",1,1.5,Islamabad United,Quetta Gladiators,PR Stirling,AD Hales,Sohail Tanvir,4,0,,,,,,,,,
1293009,2021/22,2022-02-03,"National Stadium, Karachi",1,1.6,Islamabad United,Quetta Gladiators,PR Stirling,AD Hales,Sohail Tanvir,0,0,,,,,,,,,
1293009,2021/22,2022-02-03,"National Stadium, Karachi",1,1.7,Islamabad United,Quetta Gladiators,PR Stirling,AD Hales,Sohail Tanvir,1,0,,,,,,,,,
1293009,2021/22,2022-02-03,"National Stadium, Karachi",1,2.1,Islamabad United,Quetta Gladiators,PR Stirling,AD Hales,Naseem Shah,6,0,,,,,,,,,
1293009,2021/22,2022-02-03,"National Stadium, Karachi",1,2.2,Islamabad United,Quetta Gladiators,PR Stirling,AD Hales,Naseem Shah,0,0,,,,,,,,,
1293009,2021/22,2022-02-03,"National Stadium, Karachi",1,2.3,Islamabad United,Quetta Gladiators,PR Stirling,AD Hales,Naseem Shah,2,0,,,,,,,,,
1293009,2021/22,2022-02-03,"National Stadium, Karachi",1,2.4,Islamabad United,Quetta Gladiators,PR Stirling,AD Hales,Naseem Shah,4,0,,,,,,,,,
1293009,2021/22,2022-02-03,"National Stadium, Karachi",1,2.5,Islamabad United,Quetta Gladiators,PR Stirling,AD Hales,Naseem Shah,4,0,,,,,,,,,
1293009,2021/22,2022-02-03,"National Stadium, Karachi",1,2.6,Islamabad United,Quetta Gladiators,PR Stirling,AD Hales,Naseem Shah,0,0,,,,,,,,,
1293009,2021/22,2022-02-03,"National Stadium, Karachi",1,3.1,Islamabad United,Quetta Gladiators,AD Hales,PR Stirling,JP Faulkner,1,0,,,,,,,,,
1293009,2021/22,2022-02-03,"National Stadium, Karachi",1,3.2,Islamabad United,Quetta Gladiators,PR Stirling,AD Hales,JP Faulkner,1,0,,,,,,,,,
1293009,2021/22,2022-02-03,"National Stadium, Karachi",1,3.3,Islamabad United,Quetta Gladiators,AD Hales,PR Stirling,JP Faulkner,4,0,,,,,,,,,
1293009,2021/22,2022-02-03,"National Stadium, Karachi",1,3.4,Islamabad United,Quetta Gladiators,AD Hales,PR Stirling,JP Faulkner,4,0,,,,,,,,,
1293009,2021/22,2022-02-03,"National Stadium, Karachi",1,3.5,Islamabad United,Quetta Gladiators,AD Hales,PR Stirling,JP Faulkner,4,0,,,,,,,,,
1293009,2021/22,2022-02-03,"National Stadium, Karachi",1,3.6,Islamabad United,Quetta Gladiators,AD Hales,PR Stirling,JP Faulkner,0,0,,,,,,caught,AD Hales,,
1293009,2021/22,2022-02-03,"National Stadium, Karachi",1,4.1,Islamabad United,Quetta Gladiators,C Munro,PR Stirling,Naseem Shah,1,0,,,,,,,,,
1293009,2021/22,2022-02-03,"National Stadium, Karachi",1,4.2,Islamabad United,Quetta Gladiators,PR Stirling,C Munro,Naseem Shah,0,0,,,,,,,,,
1293009,2021/22,2022-02-03,"National Stadium, Karachi",1,4.3,Islamabad United,Quetta Gladiators,PR Stirling,C Munro,Naseem Shah,4,0,,,,,,,,,
1293009,2021/22,2022-02-03,"National Stadium, Karachi",1,4.4,Islamabad United,Quetta Gladiators,PR Stirling,C Munro,Naseem Shah,2,0,,,,,,,,,
1293009,2021/22,2022-02-03,"National Stadium, Karachi",1,4.5,Islamabad United,Quetta Gladiators,PR Stirling,C Munro,Naseem Shah,1,0,,,,,,,,,
1293009,2021/22,2022-02-03,"National Stadium, Karachi",1,4.6,Islamabad United,Quetta Gladiators,C Munro,PR Stirling,Naseem Shah,1,0,,,,,,,,,
1293009,2021/22,2022-02-03,"National Stadium, Karachi",1,5.1,Islamabad United,Quetta Gladiators,C Munro,PR Stirling,JP Faulkner,1,0,,,,,,,,,
1293009,2021/22,2022-02-03,"National Stadium, Karachi",1,5.2,Islamabad United,Quetta Gladiators,PR Stirling,C Munro,JP Faulkner,6,0,,,,,,,,,
1293009,2021/22,2022-02-03,"National Stadium, Karachi",1,5.3,Islamabad United,Quetta Gladiators,PR Stirling,C Munro,JP Faulkner,4,0,,,,,,,,,
1293009,2021/22,2022-02-03,"National Stadium, Karachi",1,5.4,Islamabad United,Quetta Gladiators,PR Stirling,C Munro,JP Faulkner,1,0,,,,,,,,,
1293009,2021/22,2022-02-03,"National Stadium, Karachi",1,5.5,Islamabad United,Quetta Gladiators,C Munro,PR Stirling,JP Faulkner,1,0,,,,,,,,,
1293009,2021/22,2022-02-03,"National Stadium, Karachi",1,5.6,Islamabad United,Quetta Gladiators,PR Stirling,C Munro,JP Faulkner,4,0,,,,,,,,,
1293009,2021/22,2022-02-03,"National Stadium, Karachi",1,6.1,Islamabad United,Quetta Gladiators,C Munro,PR Stirling,Shahid Afridi,0,1,1,,,,,,,,
1293009,2021/22,2022-02-03,"National Stadium, Karachi",1,6.2,Islamabad United,Quetta Gladiators,C Munro,PR Stirling,Shahid Afridi,1,0,,,,,,,,,
1293009,2021/22,2022-02-03,"National Stadium, Karachi",1,6.3,Islamabad United,Quetta Gladiators,PR Stirling,C Munro,Shahid Afridi,1,0,,,,,,,,,
1293009,2021/22,2022-02-03,"National Stadium, Karachi",1,6.4,Islamabad United,Quetta Gladiators,C Munro,PR Stirling,Shahid Afridi,6,0,,,,,,,,,
1293009,2021/22,2022-02-03,"National Stadium, Karachi",1,6.5,Islamabad United,Quetta Gladiators,C Munro,PR Stirling,Shahid Afridi,6,0,,,,,,,,,
1293009,2021/22,2022-02-03,"National Stadium, Karachi",1,6.6,Islamabad United,Quetta Gladiators,C Munro,PR Stirling,Shahid Afridi,1,0,,,,,,,,,
1293009,2021/22,2022-02-03,"National Stadium, Karachi",1,6.7,Islamabad United,Quetta Gladiators,PR Stirling,C Munro,Shahid Afridi,2,0,,,,,,,,,
1293009,2021/22,2022-02-03,"National Stadium, Karachi",1,7.1,Islamabad United,Quetta Gladiators,C Munro,PR Stirling,Mohammad Nawaz,1,0,,,,,,,,,
1293009,2021/22,2022-02-03,"National Stadium, Karachi",1,7.2,Islamabad United,Quetta Gladiators,PR Stirling,C Munro,Mohammad Nawaz,1,0,,,,,,,,,
1293009,2021/22,2022-02-03,"National Stadium, Karachi",1,7.3,Islamabad United,Quetta Gladiators,C Munro,PR Stirling,Mohammad Nawaz,1,0,,,,,,,,,
1293009,2021/22,2022-02-03,"National Stadium, Karachi",1,7.4,Islamabad United,Quetta Gladiators,PR Stirling,C Munro,Mohammad Nawaz,0,0,,,,,,caught,PR Stirling,,
1293009,2021/22,2022-02-03,"National Stadium, Karachi",1,7.5,Islamabad United,Quetta Gladiators,Shadab Khan,C Munro,Mohammad Nawaz,0,0,,,,,,,,,
1293009,2021/22,2022-02-03,"National Stadium, Karachi",1,7.6,Islamabad United,Quetta Gladiators,Shadab Khan,C Munro,Mohammad Nawaz,0,0,,,,,,,,,
1293009,2021/22,2022-02-03,"National Stadium, Karachi",1,8.1,Islamabad United,Quetta Gladiators,C Munro,Shadab Khan,Shahid Afridi,0,0,,,,,,,,,
1293009,2021/22,2022-02-03,"National Stadium, Karachi",1,8.2,Islamabad United,Quetta Gladiators,C Munro,Shadab Khan,Shahid Afridi,6,0,,,,,,,,,
1293009,2021/22,2022-02-03,"National Stadium, Karachi",1,8.3,Islamabad United,Quetta Gladiators,C Munro,Shadab Khan,Shahid Afridi,0,0,,,,,,,,,
1293009,2021/22,2022-02-03,"National Stadium, Karachi",1,8.4,Islamabad United,Quetta Gladiators,C Munro,Shadab Khan,Shahid Afridi,1,0,,,,,,,,,
1293009,2021/22,2022-02-03,"National Stadium, Karachi",1,8.5,Islamabad United,Quetta Gladiators,Shadab Khan,C Munro,Shahid Afridi,1,0,,,,,,,,,
1293009,2021/22,2022-02-03,"National Stadium, Karachi",1,8.6,Islamabad United,Quetta Gladiators,C Munro,Shadab Khan,Shahid Afridi,2,0,,,,,,,,,
1293009,2021/22,2022-02-03,"National Stadium, Karachi",1,9.1,Islamabad United,Quetta Gladiators,Shadab Khan,C Munro,Mohammad Nawaz,0,0,,,,,,,,,
1293009,2021/22,2022-02-03,"National Stadium, Karachi",1,9.2,Islamabad United,Quetta Gladiators,Shadab Khan,C Munro,Mohammad Nawaz,1,0,,,,,,,,,
1293009,2021/22,2022-02-03,"National Stadium, Karachi",1,9.3,Islamabad United,Quetta Gladiators,C Munro,Shadab Khan,Mohammad Nawaz,2,0,,,,,,,,,
1293009,2021/22,2022-02-03,"National Stadium, Karachi",1,9.4,Islamabad United,Quetta Gladiators,C Munro,Shadab Khan,Mohammad Nawaz,1,0,,,,,,,,,
1293009,2021/22,2022-02-03,"National Stadium, Karachi",1,9.5,Islamabad United,Quetta Gladiators,Shadab Khan,C Munro,Mohammad Nawaz,6,0,,,,,,,,,
1293009,2021/22,2022-02-03,"National Stadium, Karachi",1,9.6,Islamabad United,Quetta Gladiators,Shadab Khan,C Munro,Mohammad Nawaz,0,0,,,,,,,,,
1293009,2021/22,2022-02-03,"National Stadium, Karachi",1,10.1,Islamabad United,Quetta Gladiators,C Munro,Shadab Khan,Sohail Tanvir,4,0,,,,,,,,,
1293009,2021/22,2022-02-03,"National Stadium, Karachi",1,10.2,Islamabad United,Quetta Gladiators,C Munro,Shadab Khan,Sohail Tanvir,2,0,,,,,,,,,
1293009,2021/22,2022-02-03,"National Stadium, Karachi",1,10.3,Islamabad United,Quetta Gladiators,C Munro,Shadab Khan,Sohail Tanvir,4,0,,,,,,,,,
1293009,2021/22,2022-02-03,"National Stadium, Karachi",1,10.4,Islamabad United,Quetta Gladiators,C Munro,Shadab Khan,Sohail Tanvir,2,0,,,,,,,,,
1293009,2021/22,2022-02-03,"National Stadium, Karachi",1,10.5,Islamabad United,Quetta Gladiators,C Munro,Shadab Khan,Sohail Tanvir,1,0,,,,,,,,,
1293009,2021/22,2022-02-03,"National Stadium, Karachi",1,10.6,Islamabad United,Quetta Gladiators,Shadab Khan,C Munro,Sohail Tanvir,1,0,,,,,,,,,
1293009,2021/22,2022-02-03,"National Stadium, Karachi",1,11.1,Islamabad United,Quetta Gladiators,Shadab Khan,C Munro,Mohammad Nawaz,0,0,,,,,,caught,Shadab Khan,,
1293009,2021/22,2022-02-03,"National Stadium, Karachi",1,11.2,Islamabad United,Quetta Gladiators,Azam Khan,C Munro,Mohammad Nawaz,1,0,,,,,,,,,
1293009,2021/22,2022-02-03,"National Stadium, Karachi",1,11.3,Islamabad United,Quetta Gladiators,C Munro,Azam Khan,Mohammad Nawaz,1,0,,,,,,,,,
1293009,2021/22,2022-02-03,"National Stadium, Karachi",1,11.4,Islamabad United,Quetta Gladiators,Azam Khan,C Munro,Mohammad Nawaz,0,0,,,,,,,,,
1293009,2021/22,2022-02-03,"National Stadium, Karachi",1,11.5,Islamabad United,Quetta Gladiators,Azam Khan,C Munro,Mohammad Nawaz,1,0,,,,,,,,,
1293009,2021/22,2022-02-03,"National Stadium, Karachi",1,11.6,Islamabad United,Quetta Gladiators,C Munro,Azam Khan,Mohammad Nawaz,6,0,,,,,,,,,
1293009,2021/22,2022-02-03,"National Stadium, Karachi",1,12.1,Islamabad United,Quetta Gladiators,Azam Khan,C Munro,JP Faulkner,1,0,,,,,,,,,
1293009,2021/22,2022-02-03,"National Stadium, Karachi",1,12.2,Islamabad United,Quetta Gladiators,C Munro,Azam Khan,JP Faulkner,0,0,,,,,,,,,
1293009,2021/22,2022-02-03,"National Stadium, Karachi",1,12.3,Islamabad United,Quetta Gladiators,C Munro,Azam Khan,JP Faulkner,1,0,,,,,,,,,
1293009,2021/22,2022-02-03,"National Stadium, Karachi",1,12.4,Islamabad United,Quetta Gladiators,Azam Khan,C Munro,JP Faulkner,0,0,,,,,,,,,
1293009,2021/22,2022-02-03,"National Stadium, Karachi",1,12.5,Islamabad United,Quetta Gladiators,Azam Khan,C Munro,JP Faulkner,6,0,,,,,,,,,
1293009,2021/22,2022-02-03,"National Stadium, Karachi",1,12.6,Islamabad United,Quetta Gladiators,Azam Khan,C Munro,JP Faulkner,1,0,,,,,,,,,
1293009,2021/22,2022-02-03,"National Stadium, Karachi",1,13.1,Islamabad United,Quetta Gladiators,Azam Khan,C Munro,Shahid Afridi,6,0,,,,,,,,,
1293009,2021/22,2022-02-03,"National Stadium, Karachi",1,13.2,Islamabad United,Quetta Gladiators,Azam Khan,C Munro,Shahid Afridi,6,0,,,,,,,,,
1293009,2021/22,2022-02-03,"National Stadium, Karachi",1,13.3,Islamabad United,Quetta Gladiators,Azam Khan,C Munro,Shahid Afridi,1,0,,,,,,,,,
1293009,2021/22,2022-02-03,"National Stadium, Karachi",1,13.4,Islamabad United,Quetta Gladiators,C Munro,Azam Khan,Shahid Afridi,1,0,,,,,,,,,
1293009,2021/22,2022-02-03,"National Stadium, Karachi",1,13.5,Islamabad United,Quetta Gladiators,Azam Khan,C Munro,Shahid Afridi,4,0,,,,,,,,,
1293009,2021/22,2022-02-03,"National Stadium, Karachi",1,13.6,Islamabad United,Quetta Gladiators,Azam Khan,C Munro,Shahid Afridi,1,0,,,,,,,,,
1293009,2021/22,2022-02-03,"National Stadium, Karachi",1,14.1,Islamabad United,Quetta Gladiators,Azam Khan,C Munro,Sohail Tanvir,1,0,,,,,,,,,
1293009,2021/22,2022-02-03,"National Stadium, Karachi",1,14.2,Islamabad United,Quetta Gladiators,C Munro,Azam Khan,Sohail Tanvir,0,0,,,,,,,,,
1293009,2021/22,2022-02-03,"National Stadium, Karachi",1,14.3,Islamabad United,Quetta Gladiators,C Munro,Azam Khan,Sohail Tanvir,1,0,,,,,,,,,
1293009,2021/22,2022-02-03,"National Stadium, Karachi",1,14.4,Islamabad United,Quetta Gladiators,Azam Khan,C Munro,Sohail Tanvir,1,0,,,,,,,,,
1293009,2021/22,2022-02-03,"National Stadium, Karachi",1,14.5,Islamabad United,Quetta Gladiators,C Munro,Azam Khan,Sohail Tanvir,1,0,,,,,,,,,
1293009,2021/22,2022-02-03,"National Stadium, Karachi",1,14.6,Islamabad United,Quetta Gladiators,Azam Khan,C Munro,Sohail Tanvir,1,0,,,,,,,,,
1293009,2021/22,2022-02-03,"National Stadium, Karachi",1,15.1,Islamabad United,Quetta Gladiators,Azam Khan,C Munro,JP Faulkner,1,0,,,,,,,,,
1293009,2021/22,2022-02-03,"National Stadium, Karachi",1,15.2,Islamabad United,Quetta Gladiators,C Munro,Azam Khan,JP Faulkner,1,0,,,,,,,,,
1293009,2021/22,2022-02-03,"National Stadium, Karachi",1,15.3,Islamabad United,Quetta Gladiators,Azam Khan,C Munro,JP Faulkner,1,0,,,,,,,,,
1293009,2021/22,2022-02-03,"National Stadium, Karachi",1,15.4,Islamabad United,Quetta Gladiators,C Munro,Azam Khan,JP Faulkner,1,0,,,,,,,,,
1293009,2021/22,2022-02-03,"National Stadium, Karachi",1,15.5,Islamabad United,Quetta Gladiators,Azam Khan,C Munro,JP Faulkner,0,0,,,,,,,,,
1293009,2021/22,2022-02-03,"National Stadium, Karachi",1,15.6,Islamabad United,Quetta Gladiators,Azam Khan,C Munro,JP Faulkner,1,0,,,,,,,,,
1293009,2021/22,2022-02-03,"National Stadium, Karachi",1,16.1,Islamabad United,Quetta Gladiators,Azam Khan,C Munro,Naseem Shah,1,0,,,,,,,,,
1293009,2021/22,2022-02-03,"National Stadium, Karachi",1,16.2,Islamabad United,Quetta Gladiators,C Munro,Azam Khan,Naseem Shah,0,1,1,,,,,,,,
1293009,2021/22,2022-02-03,"National Stadium, Karachi",1,16.3,Islamabad United,Quetta Gladiators,C Munro,Azam Khan,Naseem Shah,4,0,,,,,,,,,
1293009,2021/22,2022-02-03,"National Stadium, Karachi",1,16.4,Islamabad United,Quetta Gladiators,C Munro,Azam Khan,Naseem Shah,1,0,,,,,,,,,
1293009,2021/22,2022-02-03,"National Stadium, Karachi",1,16.5,Islamabad United,Quetta Gladiators,Azam Khan,C Munro,Naseem Shah,1,0,,,,,,,,,
1293009,2021/22,2022-02-03,"National Stadium, Karachi",1,16.6,Islamabad United,Quetta Gladiators,C Munro,Azam Khan,Naseem Shah,1,0,,,,,,,,,
1293009,2021/22,2022-02-03,"National Stadium, Karachi",1,16.7,Islamabad United,Quetta Gladiators,Azam Khan,C Munro,Naseem Shah,1,0,,,,,,,,,
1293009,2021/22,2022-02-03,"National Stadium, Karachi",1,17.1,Islamabad United,Quetta Gladiators,Azam Khan,C Munro,Sohail Tanvir,0,0,,,,,,,,,
1293009,2021/22,2022-02-03,"National Stadium, Karachi",1,17.2,Islamabad United,Quetta Gladiators,Azam Khan,C Munro,Sohail Tanvir,0,0,,,,,,,,,
1293009,2021/22,2022-02-03,"National Stadium, Karachi",1,17.3,Islamabad United,Quetta Gladiators,Azam Khan,C Munro,Sohail Tanvir,1,0,,,,,,,,,
1293009,2021/22,2022-02-03,"National Stadium, Karachi",1,17.4,Islamabad United,Quetta Gladiators,C Munro,Azam Khan,Sohail Tanvir,1,0,,,,,,,,,
1293009,2021/22,2022-02-03,"National Stadium, Karachi",1,17.5,Islamabad United,Quetta Gladiators,Azam Khan,C Munro,Sohail Tanvir,1,0,,,,,,,,,
1293009,2021/22,2022-02-03,"National Stadium, Karachi",1,17.6,Islamabad United,Quetta Gladiators,C Munro,Azam Khan,Sohail Tanvir,6,0,,,,,,,,,
1293009,2021/22,2022-02-03,"National Stadium, Karachi",1,18.1,Islamabad United,Quetta Gladiators,Azam Khan,C Munro,Naseem Shah,4,0,,,,,,,,,
1293009,2021/22,2022-02-03,"National Stadium, Karachi",1,18.2,Islamabad United,Quetta Gladiators,Azam Khan,C Munro,Naseem Shah,0,0,,,,,,,,,
1293009,2021/22,2022-02-03,"National Stadium, Karachi",1,18.3,Islamabad United,Quetta Gladiators,Azam Khan,C Munro,Naseem Shah,1,0,,,,,,,,,
1293009,2021/22,2022-02-03,"National Stadium, Karachi",1,18.4,Islamabad United,Quetta Gladiators,C Munro,Azam Khan,Naseem Shah,1,0,,,,,,,,,
1293009,2021/22,2022-02-03,"National Stadium, Karachi",1,18.5,Islamabad United,Quetta Gladiators,Azam Khan,C Munro,Naseem Shah,1,0,,,,,,,,,
1293009,2021/22,2022-02-03,"National Stadium, Karachi",1,18.6,Islamabad United,Quetta Gladiators,C Munro,Azam Khan,Naseem Shah,0,0,,,,,,,,,
1293009,2021/22,2022-02-03,"National Stadium, Karachi",1,19.1,Islamabad United,Quetta Gladiators,Azam Khan,C Munro,Shahid Afridi,6,0,,,,,,,,,
1293009,2021/22,2022-02-03,"National Stadium, Karachi",1,19.2,Islamabad United,Quetta Gladiators,Azam Khan,C Munro,Shahid Afridi,2,0,,,,,,,,,
1293009,2021/22,2022-02-03,"National Stadium, Karachi",1,19.3,Islamabad United,Quetta Gladiators,Azam Khan,C Munro,Shahid Afridi,6,0,,,,,,,,,
1293009,2021/22,2022-02-03,"National Stadium, Karachi",1,19.4,Islamabad United,Quetta Gladiators,Azam Khan,C Munro,Shahid Afridi,6,0,,,,,,,,,
1293009,2021/22,2022-02-03,"National Stadium, Karachi",1,19.5,Islamabad United,Quetta Gladiators,Azam Khan,C Munro,Shahid Afridi,0,0,,,,,,bowled,Azam Khan,,
1293009,2021/22,2022-02-03,"National Stadium, Karachi",1,19.6,Islamabad United,Quetta Gladiators,Asif Ali,C Munro,Shahid Afridi,0,0,,,,,,,,,
1293009,2021/22,2022-02-03,"National Stadium, Karachi",2,0.1,Quetta Gladiators,Islamabad United,Ahsan Ali,Abdul Bangalzai,Hasan Ali,0,0,,,,,,,,,
1293009,2021/22,2022-02-03,"National Stadium, Karachi",2,0.2,Quetta Gladiators,Islamabad United,Ahsan Ali,Abdul Bangalzai,Hasan Ali,4,0,,,,,,,,,
1293009,2021/22,2022-02-03,"National Stadium, Karachi",2,0.3,Quetta Gladiators,Islamabad United,Ahsan Ali,Abdul Bangalzai,Hasan Ali,1,0,,,,,,,,,
1293009,2021/22,2022-02-03,"National Stadium, Karachi",2,0.4,Quetta Gladiators,Islamabad United,Abdul Bangalzai,Ahsan Ali,Hasan Ali,1,0,,,,,,,,,
1293009,2021/22,2022-02-03,"National Stadium, Karachi",2,0.5,Quetta Gladiators,Islamabad United,Ahsan Ali,Abdul Bangalzai,Hasan Ali,4,0,,,,,,,,,
1293009,2021/22,2022-02-03,"National Stadium, Karachi",2,0.6,Quetta Gladiators,Islamabad United,Ahsan Ali,Abdul Bangalzai,Hasan Ali,2,0,,,,,,,,,
1293009,2021/22,2022-02-03,"National Stadium, Karachi",2,1.1,Quetta Gladiators,Islamabad United,Abdul Bangalzai,Ahsan Ali,Faheem Ashraf,0,0,,,,,,,,,
1293009,2021/22,2022-02-03,"National Stadium, Karachi",2,1.2,Quetta Gladiators,Islamabad United,Abdul Bangalzai,Ahsan Ali,Faheem Ashraf,0,0,,,,,,,,,
1293009,2021/22,2022-02-03,"National Stadium, Karachi",2,1.3,Quetta Gladiators,Islamabad United,Abdul Bangalzai,Ahsan Ali,Faheem Ashraf,1,0,,,,,,,,,
1293009,2021/22,2022-02-03,"National Stadium, Karachi",2,1.4,Quetta Gladiators,Islamabad United,Ahsan Ali,Abdul Bangalzai,Faheem Ashraf,1,0,,,,,,,,,
1293009,2021/22,2022-02-03,"National Stadium, Karachi",2,1.5,Quetta Gladiators,Islamabad United,Abdul Bangalzai,Ahsan Ali,Faheem Ashraf,0,0,,,,,,,,,
1293009,2021/22,2022-02-03,"National Stadium, Karachi",2,1.6,Quetta Gladiators,Islamabad United,Abdul Bangalzai,Ahsan Ali,Faheem Ashraf,1,0,,,,,,,,,
1293009,2021/22,2022-02-03,"National Stadium, Karachi",2,2.1,Quetta Gladiators,Islamabad United,Abdul Bangalzai,Ahsan Ali,Waqas Maqsood,0,1,1,,,,,,,,
1293009,2021/22,2022-02-03,"National Stadium, Karachi",2,2.2,Quetta Gladiators,Islamabad United,Abdul Bangalzai,Ahsan Ali,Waqas Maqsood,6,0,,,,,,,,,
1293009,2021/22,2022-02-03,"National Stadium, Karachi",2,2.3,Quetta Gladiators,Islamabad United,Abdul Bangalzai,Ahsan Ali,Waqas Maqsood,1,0,,,,,,,,,
1293009,2021/22,2022-02-03,"National Stadium, Karachi",2,2.4,Quetta Gladiators,Islamabad United,Ahsan Ali,Abdul Bangalzai,Waqas Maqsood,0,0,,,,,,,,,
1293009,2021/22,2022-02-03,"National Stadium, Karachi",2,2.5,Quetta Gladiators,Islamabad United,Ahsan Ali,Abdul Bangalzai,Waqas Maqsood,0,0,,,,,,,,,
1293009,2021/22,2022-02-03,"National Stadium, Karachi",2,2.6,Quetta Gladiators,Islamabad United,Ahsan Ali,Abdul Bangalzai,Waqas Maqsood,0,1,1,,,,,,,,
1293009,2021/22,2022-02-03,"National Stadium, Karachi",2,2.7,Quetta Gladiators,Islamabad United,Ahsan Ali,Abdul Bangalzai,Waqas Maqsood,4,0,,,,,,,,,
1293009,2021/22,2022-02-03,"National Stadium, Karachi",2,2.8,Quetta Gladiators,Islamabad United,Ahsan Ali,Abdul Bangalzai,Waqas Maqsood,0,0,,,,,,,,,
1293009,2021/22,2022-02-03,"National Stadium, Karachi",2,3.1,Quetta Gladiators,Islamabad United,Abdul Bangalzai,Ahsan Ali,Faheem Ashraf,1,0,,,,,,,,,
1293009,2021/22,2022-02-03,"National Stadium, Karachi",2,3.2,Quetta Gladiators,Islamabad United,Ahsan Ali,Abdul Bangalzai,Faheem Ashraf,0,0,,,,,,,,,
1293009,2021/22,2022-02-03,"National Stadium, Karachi",2,3.3,Quetta Gladiators,Islamabad United,Ahsan Ali,Abdul Bangalzai,Faheem Ashraf,4,0,,,,,,,,,
1293009,2021/22,2022-02-03,"National Stadium, Karachi",2,3.4,Quetta Gladiators,Islamabad United,Ahsan Ali,Abdul Bangalzai,Faheem Ashraf,1,0,,,,,,,,,
1293009,2021/22,2022-02-03,"National Stadium, Karachi",2,3.5,Quetta Gladiators,Islamabad United,Abdul Bangalzai,Ahsan Ali,Faheem Ashraf,1,0,,,,,,,,,
1293009,2021/22,2022-02-03,"National Stadium, Karachi",2,3.6,Quetta Gladiators,Islamabad United,Ahsan Ali,Abdul Bangalzai,Faheem Ashraf,4,0,,,,,,,,,
1293009,2021/22,2022-02-03,"National Stadium, Karachi",2,4.1,Quetta Gladiators,Islamabad United,Abdul Bangalzai,Ahsan Ali,Mohammad Wasim,1,0,,,,,,,,,
1293009,2021/22,2022-02-03,"National Stadium, Karachi",2,4.2,Quetta Gladiators,Islamabad United,Ahsan Ali,Abdul Bangalzai,Mohammad Wasim,1,0,,,,,,,,,
1293009,2021/22,2022-02-03,"National Stadium, Karachi",2,4.3,Quetta Gladiators,Islamabad United,Abdul Bangalzai,Ahsan Ali,Mohammad Wasim,1,0,,,,,,,,,
1293009,2021/22,2022-02-03,"National Stadium, Karachi",2,4.4,Quetta Gladiators,Islamabad United,Ahsan Ali,Abdul Bangalzai,Mohammad Wasim,4,0,,,,,,,,,
1293009,2021/22,2022-02-03,"National Stadium, Karachi",2,4.5,Quetta Gladiators,Islamabad United,Ahsan Ali,Abdul Bangalzai,Mohammad Wasim,0,0,,,,,,,,,
1293009,2021/22,2022-02-03,"National Stadium, Karachi",2,4.6,Quetta Gladiators,Islamabad United,Ahsan Ali,Abdul Bangalzai,Mohammad Wasim,1,0,,,,,,,,,
1293009,2021/22,2022-02-03,"National Stadium, Karachi",2,5.1,Quetta Gladiators,Islamabad United,Ahsan Ali,Abdul Bangalzai,Hasan Ali,2,0,,,,,,,,,
1293009,2021/22,2022-02-03,"National Stadium, Karachi",2,5.2,Quetta Gladiators,Islamabad United,Ahsan Ali,Abdul Bangalzai,Hasan Ali,4,0,,,,,,,,,
1293009,2021/22,2022-02-03,"National Stadium, Karachi",2,5.3,Quetta Gladiators,Islamabad United,Ahsan Ali,Abdul Bangalzai,Hasan Ali,0,0,,,,,,,,,
1293009,2021/22,2022-02-03,"National Stadium, Karachi",2,5.4,Quetta Gladiators,Islamabad United,Ahsan Ali,Abdul Bangalzai,Hasan Ali,1,0,,,,,,,,,
1293009,2021/22,2022-02-03,"National Stadium, Karachi",2,5.5,Quetta Gladiators,Islamabad United,Abdul Bangalzai,Ahsan Ali,Hasan Ali,0,0,,,,,,caught,Abdul Bangalzai,,
1293009,2021/22,2022-02-03,"National Stadium, Karachi",2,5.6,Quetta Gladiators,Islamabad United,JM Vince,Ahsan Ali,Hasan Ali,0,0,,,,,,,,,
1293009,2021/22,2022-02-03,"National Stadium, Karachi",2,6.1,Quetta Gladiators,Islamabad United,Ahsan Ali,JM Vince,Waqas Maqsood,1,0,,,,,,,,,
1293009,2021/22,2022-02-03,"National Stadium, Karachi",2,6.2,Quetta Gladiators,Islamabad United,JM Vince,Ahsan Ali,Waqas Maqsood,0,0,,,,,,caught,JM Vince,,
1293009,2021/22,2022-02-03,"National Stadium, Karachi",2,6.3,Quetta Gladiators,Islamabad United,Sarfraz Ahmed,Ahsan Ali,Waqas Maqsood,2,0,,,,,,,,,
1293009,2021/22,2022-02-03,"National Stadium, Karachi",2,6.4,Quetta Gladiators,Islamabad United,Sarfraz Ahmed,Ahsan Ali,Waqas Maqsood,0,0,,,,,,,,,
1293009,2021/22,2022-02-03,"National Stadium, Karachi",2,6.5,Quetta Gladiators,Islamabad United,Sarfraz Ahmed,Ahsan Ali,Waqas Maqsood,0,0,,,,,,,,,
1293009,2021/22,2022-02-03,"National Stadium, Karachi",2,6.6,Quetta Gladiators,Islamabad United,Sarfraz Ahmed,Ahsan Ali,Waqas Maqsood,1,0,,,,,,,,,
1293009,2021/22,2022-02-03,"National Stadium, Karachi",2,7.1,Quetta Gladiators,Islamabad United,Sarfraz Ahmed,Ahsan Ali,Shadab Khan,1,0,,,,,,,,,
1293009,2021/22,2022-02-03,"National Stadium, Karachi",2,7.2,Quetta Gladiators,Islamabad United,Ahsan Ali,Sarfraz Ahmed,Shadab Khan,1,0,,,,,,,,,
1293009,2021/22,2022-02-03,"National Stadium, Karachi",2,7.3,Quetta Gladiators,Islamabad United,Sarfraz Ahmed,Ahsan Ali,Shadab Khan,1,0,,,,,,,,,
1293009,2021/22,2022-02-03,"National Stadium, Karachi",2,7.4,Quetta Gladiators,Islamabad United,Ahsan Ali,Sarfraz Ahmed,Shadab Khan,4,0,,,,,,,,,
1293009,2021/22,2022-02-03,"National Stadium, Karachi",2,7.5,Quetta Gladiators,Islamabad United,Ahsan Ali,Sarfraz Ahmed,Shadab Khan,6,0,,,,,,,,,
1293009,2021/22,2022-02-03,"National Stadium, Karachi",2,7.6,Quetta Gladiators,Islamabad United,Ahsan Ali,Sarfraz Ahmed,Shadab Khan,0,0,,,,,,caught,Ahsan Ali,,
1293009,2021/22,2022-02-03,"National Stadium, Karachi",2,8.1,Quetta Gladiators,Islamabad United,Sarfraz Ahmed,BM Duckett,Mohammad Wasim,1,0,,,,,,,,,
1293009,2021/22,2022-02-03,"National Stadium, Karachi",2,8.2,Quetta Gladiators,Islamabad United,BM Duckett,Sarfraz Ahmed,Mohammad Wasim,0,0,,,,,,,,,
1293009,2021/22,2022-02-03,"National Stadium, Karachi",2,8.3,Quetta Gladiators,Islamabad United,BM Duckett,Sarfraz Ahmed,Mohammad Wasim,4,0,,,,,,,,,
1293009,2021/22,2022-02-03,"National Stadium, Karachi",2,8.4,Quetta Gladiators,Islamabad United,BM Duckett,Sarfraz Ahmed,Mohammad Wasim,1,0,,,,,,,,,
1293009,2021/22,2022-02-03,"National Stadium, Karachi",2,8.5,Quetta Gladiators,Islamabad United,Sarfraz Ahmed,BM Duckett,Mohammad Wasim,1,0,,,,,,,,,
1293009,2021/22,2022-02-03,"National Stadium, Karachi",2,8.6,Quetta Gladiators,Islamabad United,BM Duckett,Sarfraz Ahmed,Mohammad Wasim,0,1,,,1,,,,,,
1293009,2021/22,2022-02-03,"National Stadium, Karachi",2,9.1,Quetta Gladiators,Islamabad United,BM Duckett,Sarfraz Ahmed,Shadab Khan,4,0,,,,,,,,,
1293009,2021/22,2022-02-03,"National Stadium, Karachi",2,9.2,Quetta Gladiators,Islamabad United,BM Duckett,Sarfraz Ahmed,Shadab Khan,2,0,,,,,,,,,
1293009,2021/22,2022-02-03,"National Stadium, Karachi",2,9.3,Quetta Gladiators,Islamabad United,BM Duckett,Sarfraz Ahmed,Shadab Khan,0,0,,,,,,bowled,BM Duckett,,
1293009,2021/22,2022-02-03,"National Stadium, Karachi",2,9.4,Quetta Gladiators,Islamabad United,Iftikhar Ahmed,Sarfraz Ahmed,Shadab Khan,0,0,,,,,,,,,
1293009,2021/22,2022-02-03,"National Stadium, Karachi",2,9.5,Quetta Gladiators,Islamabad United,Iftikhar Ahmed,Sarfraz Ahmed,Shadab Khan,1,0,,,,,,,,,
1293009,2021/22,2022-02-03,"National Stadium, Karachi",2,9.6,Quetta Gladiators,Islamabad United,Sarfraz Ahmed,Iftikhar Ahmed,Shadab Khan,1,0,,,,,,,,,
1293009,2021/22,2022-02-03,"National Stadium, Karachi",2,10.1,Quetta Gladiators,Islamabad United,Sarfraz Ahmed,Iftikhar Ahmed,Waqas Maqsood,1,0,,,,,,,,,
1293009,2021/22,2022-02-03,"National Stadium, Karachi",2,10.2,Quetta Gladiators,Islamabad United,Iftikhar Ahmed,Sarfraz Ahmed,Waqas Maqsood,2,0,,,,,,,,,
1293009,2021/22,2022-02-03,"National Stadium, Karachi",2,10.3,Quetta Gladiators,Islamabad United,Iftikhar Ahmed,Sarfraz Ahmed,Waqas Maqsood,0,0,,,,,,,,,
1293009,2021/22,2022-02-03,"National Stadium, Karachi",2,10.4,Quetta Gladiators,Islamabad United,Iftikhar Ahmed,Sarfraz Ahmed,Waqas Maqsood,1,0,,,,,,,,,
1293009,2021/22,2022-02-03,"National Stadium, Karachi",2,10.5,Quetta Gladiators,Islamabad United,Sarfraz Ahmed,Iftikhar Ahmed,Waqas Maqsood,1,0,,,,,,,,,
1293009,2021/22,2022-02-03,"National Stadium, Karachi",2,10.6,Quetta Gladiators,Islamabad United,Iftikhar Ahmed,Sarfraz Ahmed,Waqas Maqsood,0,1,1,,,,,,,,
1293009,2021/22,2022-02-03,"National Stadium, Karachi",2,10.7,Quetta Gladiators,Islamabad United,Iftikhar Ahmed,Sarfraz Ahmed,Waqas Maqsood,1,0,,,,,,,,,
1293009,2021/22,2022-02-03,"National Stadium, Karachi",2,11.1,Quetta Gladiators,Islamabad United,Iftikhar Ahmed,Sarfraz Ahmed,Shadab Khan,1,0,,,,,,,,,
1293009,2021/22,2022-02-03,"National Stadium, Karachi",2,11.2,Quetta Gladiators,Islamabad United,Sarfraz Ahmed,Iftikhar Ahmed,Shadab Khan,1,0,,,,,,,,,
1293009,2021/22,2022-02-03,"National Stadium, Karachi",2,11.3,Quetta Gladiators,Islamabad United,Iftikhar Ahmed,Sarfraz Ahmed,Shadab Khan,0,0,,,,,,caught,Iftikhar Ahmed,,
1293009,2021/22,2022-02-03,"National Stadium, Karachi",2,11.4,Quetta Gladiators,Islamabad United,Mohammad Nawaz,Sarfraz Ahmed,Shadab Khan,1,0,,,,,,,,,
1293009,2021/22,2022-02-03,"National Stadium, Karachi",2,11.5,Quetta Gladiators,Islamabad United,Sarfraz Ahmed,Mohammad Nawaz,Shadab Khan,0,0,,,,,,caught,Sarfraz Ahmed,,
1293009,2021/22,2022-02-03,"National Stadium, Karachi",2,11.6,Quetta Gladiators,Islamabad United,Mohammad Nawaz,Shahid Afridi,Shadab Khan,0,0,,,,,,,,,
1293009,2021/22,2022-02-03,"National Stadium, Karachi",2,12.1,Quetta Gladiators,Islamabad United,Shahid Afridi,Mohammad Nawaz,Waqas Maqsood,0,0,,,,,,,,,
1293009,2021/22,2022-02-03,"National Stadium, Karachi",2,12.2,Quetta Gladiators,Islamabad United,Shahid Afridi,Mohammad Nawaz,Waqas Maqsood,1,0,,,,,,,,,
1293009,2021/22,2022-02-03,"National Stadium, Karachi",2,12.3,Quetta Gladiators,Islamabad United,Mohammad Nawaz,Shahid Afridi,Waqas Maqsood,0,1,1,,,,,,,,
1293009,2021/22,2022-02-03,"National Stadium, Karachi",2,12.4,Quetta Gladiators,Islamabad United,Mohammad Nawaz,Shahid Afridi,Waqas Maqsood,1,0,,,,,,,,,
1293009,2021/22,2022-02-03,"National Stadium, Karachi",2,12.5,Quetta Gladiators,Islamabad United,Shahid Afridi,Mohammad Nawaz,Waqas Maqsood,0,0,,,,,,,,,
1293009,2021/22,2022-02-03,"National Stadium, Karachi",2,12.6,Quetta Gladiators,Islamabad United,Shahid Afridi,Mohammad Nawaz,Waqas Maqsood,1,0,,,,,,,,,
1293009,2021/22,2022-02-03,"National Stadium, Karachi",2,12.7,Quetta Gladiators,Islamabad United,Mohammad Nawaz,Shahid Afridi,Waqas Maqsood,6,0,,,,,,,,,
1293009,2021/22,2022-02-03,"National Stadium, Karachi",2,13.1,Quetta Gladiators,Islamabad United,Shahid Afridi,Mohammad Nawaz,Shadab Khan,2,0,,,,,,,,,
1293009,2021/22,2022-02-03,"National Stadium, Karachi",2,13.2,Quetta Gladiators,Islamabad United,Shahid Afridi,Mohammad Nawaz,Shadab Khan,0,0,,,,,,,,,
1293009,2021/22,2022-02-03,"National Stadium, Karachi",2,13.3,Quetta Gladiators,Islamabad United,Shahid Afridi,Mohammad Nawaz,Shadab Khan,0,1,1,,,,,,,,
1293009,2021/22,2022-02-03,"National Stadium, Karachi",2,13.4,Quetta Gladiators,Islamabad United,Shahid Afridi,Mohammad Nawaz,Shadab Khan,0,0,,,,,,,,,
1293009,2021/22,2022-02-03,"National Stadium, Karachi",2,13.5,Quetta Gladiators,Islamabad United,Shahid Afridi,Mohammad Nawaz,Shadab Khan,0,0,,,,,,caught,Shahid Afridi,,
1293009,2021/22,2022-02-03,"National Stadium, Karachi",2,13.6,Quetta Gladiators,Islamabad United,Mohammad Nawaz,JP Faulkner,Shadab Khan,1,0,,,,,,,,,
1293009,2021/22,2022-02-03,"National Stadium, Karachi",2,13.7,Quetta Gladiators,Islamabad United,JP Faulkner,Mohammad Nawaz,Shadab Khan,0,0,,,,,,,,,
1293009,2021/22,2022-02-03,"National Stadium, Karachi",2,14.1,Quetta Gladiators,Islamabad United,Mohammad Nawaz,JP Faulkner,Faheem Ashraf,0,0,,,,,,,,,
1293009,2021/22,2022-02-03,"National Stadium, Karachi",2,14.2,Quetta Gladiators,Islamabad United,Mohammad Nawaz,JP Faulkner,Faheem Ashraf,6,0,,,,,,,,,
1293009,2021/22,2022-02-03,"National Stadium, Karachi",2,14.3,Quetta Gladiators,Islamabad United,Mohammad Nawaz,JP Faulkner,Faheem Ashraf,0,4,,,,4,,,,,
1293009,2021/22,2022-02-03,"National Stadium, Karachi",2,14.4,Quetta Gladiators,Islamabad United,Mohammad Nawaz,JP Faulkner,Faheem Ashraf,1,0,,,,,,,,,
1293009,2021/22,2022-02-03,"National Stadium, Karachi",2,14.5,Quetta Gladiators,Islamabad United,JP Faulkner,Mohammad Nawaz,Faheem Ashraf,1,0,,,,,,,,,
1293009,2021/22,2022-02-03,"National Stadium, Karachi",2,14.6,Quetta Gladiators,Islamabad United,Mohammad Nawaz,JP Faulkner,Faheem Ashraf,4,0,,,,,,,,,
1293009,2021/22,2022-02-03,"National Stadium, Karachi",2,15.1,Quetta Gladiators,Islamabad United,JP Faulkner,Mohammad Nawaz,Mubasir Khan,1,0,,,,,,,,,
1293009,2021/22,2022-02-03,"National Stadium, Karachi",2,15.2,Quetta Gladiators,Islamabad United,Mohammad Nawaz,JP Faulkner,Mubasir Khan,0,0,,,,,,,,,
1293009,2021/22,2022-02-03,"National Stadium, Karachi",2,15.3,Quetta Gladiators,Islamabad United,Mohammad Nawaz,JP Faulkner,Mubasir Khan,1,0,,,,,,,,,
1293009,2021/22,2022-02-03,"National Stadium, Karachi",2,15.4,Quetta Gladiators,Islamabad United,JP Faulkner,Mohammad Nawaz,Mubasir Khan,6,0,,,,,,,,,
1293009,2021/22,2022-02-03,"National Stadium, Karachi",2,15.5,Quetta Gladiators,Islamabad United,JP Faulkner,Mohammad Nawaz,Mubasir Khan,4,0,,,,,,,,,
1293009,2021/22,2022-02-03,"National Stadium, Karachi",2,15.6,Quetta Gladiators,Islamabad United,JP Faulkner,Mohammad Nawaz,Mubasir Khan,4,0,,,,,,,,,
1293009,2021/22,2022-02-03,"National Stadium, Karachi",2,16.1,Quetta Gladiators,Islamabad United,Mohammad Nawaz,JP Faulkner,Hasan Ali,6,0,,,,,,,,,
1293009,2021/22,2022-02-03,"National Stadium, Karachi",2,16.2,Quetta Gladiators,Islamabad United,Mohammad Nawaz,JP Faulkner,Hasan Ali,1,0,,,,,,,,,
1293009,2021/22,2022-02-03,"National Stadium, Karachi",2,16.3,Quetta Gladiators,Islamabad United,JP Faulkner,Mohammad Nawaz,Hasan Ali,1,0,,,,,,,,,
1293009,2021/22,2022-02-03,"National Stadium, Karachi",2,16.4,Quetta Gladiators,Islamabad United,Mohammad Nawaz,JP Faulkner,Hasan Ali,1,0,,,,,,,,,
1293009,2021/22,2022-02-03,"National Stadium, Karachi",2,16.5,Quetta Gladiators,Islamabad United,JP Faulkner,Mohammad Nawaz,Hasan Ali,0,1,1,,,,,,,,
1293009,2021/22,2022-02-03,"National Stadium, Karachi",2,16.6,Quetta Gladiators,Islamabad United,JP Faulkner,Mohammad Nawaz,Hasan Ali,1,0,,,,,,,,,
1293009,2021/22,2022-02-03,"National Stadium, Karachi",2,16.7,Quetta Gladiators,Islamabad United,Mohammad Nawaz,JP Faulkner,Hasan Ali,6,0,,,,,,,,,
1293009,2021/22,2022-02-03,"National Stadium, Karachi",2,17.1,Quetta Gladiators,Islamabad United,JP Faulkner,Mohammad Nawaz,Mohammad Wasim,1,0,,,,,,,,,
1293009,2021/22,2022-02-03,"National Stadium, Karachi",2,17.2,Quetta Gladiators,Islamabad United,Mohammad Nawaz,JP Faulkner,Mohammad Wasim,0,0,,,,,,,,,
1293009,2021/22,2022-02-03,"National Stadium, Karachi",2,17.3,Quetta Gladiators,Islamabad United,Mohammad Nawaz,JP Faulkner,Mohammad Wasim,0,1,1,,,,,,,,
1293009,2021/22,2022-02-03,"National Stadium, Karachi",2,17.4,Quetta Gladiators,Islamabad United,Mohammad Nawaz,JP Faulkner,Mohammad Wasim,4,0,,,,,,,,,
1293009,2021/22,2022-02-03,"National Stadium, Karachi",2,17.5,Quetta Gladiators,Islamabad United,Mohammad Nawaz,JP Faulkner,Mohammad Wasim,0,1,1,,,,,,,,
1293009,2021/22,2022-02-03,"National Stadium, Karachi",2,17.6,Quetta Gladiators,Islamabad United,Mohammad Nawaz,JP Faulkner,Mohammad Wasim,1,0,,,,,,,,,
1293009,2021/22,2022-02-03,"National Stadium, Karachi",2,17.7,Quetta Gladiators,Islamabad United,JP Faulkner,Mohammad Nawaz,Mohammad Wasim,0,0,,,,,,,,,
1293009,2021/22,2022-02-03,"National Stadium, Karachi",2,17.8,Quetta Gladiators,Islamabad United,JP Faulkner,Mohammad Nawaz,Mohammad Wasim,4,0,,,,,,,,,
1293009,2021/22,2022-02-03,"National Stadium, Karachi",2,18.1,Quetta Gladiators,Islamabad United,Mohammad Nawaz,JP Faulkner,Hasan Ali,1,0,,,,,,,,,
1293009,2021/22,2022-02-03,"National Stadium, Karachi",2,18.2,Quetta Gladiators,Islamabad United,JP Faulkner,Mohammad Nawaz,Hasan Ali,0,0,,,,,,,,,
1293009,2021/22,2022-02-03,"National Stadium, Karachi",2,18.3,Quetta Gladiators,Islamabad United,JP Faulkner,Mohammad Nawaz,Hasan Ali,6,0,,,,,,,,,
1293009,2021/22,2022-02-03,"National Stadium, Karachi",2,18.4,Quetta Gladiators,Islamabad United,JP Faulkner,Mohammad Nawaz,Hasan Ali,1,0,,,,,,,,,
1293009,2021/22,2022-02-03,"National Stadium, Karachi",2,18.5,Quetta Gladiators,Islamabad United,Mohammad Nawaz,JP Faulkner,Hasan Ali,6,0,,,,,,,,,
1293009,2021/22,2022-02-03,"National Stadium, Karachi",2,18.6,Quetta Gladiators,Islamabad United,Mohammad Nawaz,JP Faulkner,Hasan Ali,0,0,,,,,,caught,Mohammad Nawaz,,
1293009,2021/22,2022-02-03,"National Stadium, Karachi",2,19.1,Quetta Gladiators,Islamabad United,Sohail Tanvir,JP Faulkner,Mohammad Wasim,0,0,,,,,,,,,
1293009,2021/22,2022-02-03,"National Stadium, Karachi",2,19.2,Quetta Gladiators,Islamabad United,Sohail Tanvir,JP Faulkner,Mohammad Wasim,0,0,,,,,,caught,Sohail Tanvir,,
1293009,2021/22,2022-02-03,"National Stadium, Karachi",2,19.3,Quetta Gladiators,Islamabad United,Naseem Shah,JP Faulkner,Mohammad Wasim,0,0,,,,,,bowled,Naseem Shah,,
