version,2.2.0
info,balls_per_over,6
info,team,Multan Sultans
info,team,Islamabad United
info,gender,male
info,season,2021/22
info,date,2022/02/01
info,event,Pakistan Super League
info,match_number,8
info,venue,"National Stadium, Karachi"
info,city,Karachi
info,toss_winner,Islamabad United
info,toss_decision,field
info,player_of_match,TH David
info,umpire,MA Gough
info,umpire,Shozab Raza
info,reserve_umpire,Imran Javed
info,tv_umpire,Ahsan Raza
info,match_referee,Iftikhar Ahmed (2)
info,winner,Multan Sultans
info,winner_runs,20
info,player,Multan Sultans,Shan Masood
info,player,Multan Sultans,Mohammad Rizwan
info,player,Multan Sultans,Sohaib Maqsood
info,player,Multan Sultans,RR Rossouw
info,player,Multan Sultans,TH David
info,player,Multan Sultans,Khushdil Shah
info,player,Multan Sultans,DJ Willey
info,player,Multan Sultans,Anwar Ali
info,player,Multan Sultans,Abbas Afridi
info,player,Multan Sultans,Imran Tahir
info,player,Multan Sultans,Rumman Raees
info,player,Islamabad United,PR Stirling
info,player,Islamabad United,AD Hales
info,player,Islamabad United,Rahmanullah Gurbaz
info,player,Islamabad United,Shadab Khan
info,player,Islamabad United,Faheem Ashraf
info,player,Islamabad United,Azam Khan
info,player,Islamabad United,Asif Ali
info,player,Islamabad United,Mubasir Khan
info,player,Islamabad United,Hasan Ali
info,player,Islamabad United,Mohammad Wasim
info,player,Islamabad United,M de Lange
info,registry,people,AD Hales,92aeac25
info,registry,people,Aamer Azmat,935678ee
info,registry,people,Abbas Afridi,2cec2a92
info,registry,people,Ahsan Raza,e0e5b209
info,registry,people,Anwar Ali,eb2d5fe7
info,registry,people,Asif Ali,0a4736eb
info,registry,people,Azam Khan,ee8f1a6d
info,registry,people,DJ Willey,7f048519
info,registry,people,Faheem Ashraf,bd4ea627
info,registry,people,Hasan Ali,2911de16
info,registry,people,Iftikhar Ahmed,973d561e
info,registry,people,Imran Javed,9a1405c8
info,registry,people,Imran Tahir,acee4cc4
info,registry,people,Khushdil Shah,fce581b5
info,registry,people,M de Lange,d4eef961
info,registry,people,MA Gough,76752ac8
info,registry,people,Mohammad Rizwan,2f26ac1a
info,registry,people,Mohammad Wasim,9e9af5f2
info,registry,people,Mubasir Khan,7264b765
info,registry,people,PR Stirling,cf494ffe
info,registry,people,RR Rossouw,cad00a4d
info,registry,people,Rahmanullah Gurbaz,0bacade8
info,registry,people,Rumman Raees,1c790f4f
info,registry,people,Shadab Khan,9de62878
info,registry,people,Shan Masood,6843a783
info,registry,people,Shozab Raza,153c67dc
info,registry,people,Sohaib Maqsood,b98b5e1c
info,registry,people,TH David,f1f99156
