version,2.2.0
info,balls_per_over,6
info,team,Multan Sultans
info,team,Quetta Gladiators
info,gender,male
info,season,2021/22
info,date,2022/01/31
info,event,Pakistan Super League
info,match_number,7
info,venue,"National Stadium, Karachi"
info,city,Karachi
info,toss_winner,Quetta Gladiators
info,toss_decision,field
info,player_of_match,Shan Masood
info,umpire,Ahsan Raza
info,umpire,Aleem Dar
info,reserve_umpire,Imtiaz Iqbal
info,tv_umpire,Shozab Raza
info,match_referee,Muhammad Javed
info,winner,Multan Sultans
info,winner_runs,6
info,player,Multan Sultans,Shan Masood
info,player,Multan Sultans,Mohammad Rizwan
info,player,Multan Sultans,Sohaib Maqsood
info,player,Multan Sultans,RR Rossouw
info,player,Multan Sultans,TH David
info,player,Multan Sultans,Khushdil Shah
info,player,Multan Sultans,DJ Willey
info,player,Multan Sultans,Imran Khan
info,player,Multan Sultans,Shahnawaz Dhani
info,player,Multan Sultans,Imran Tahir
info,player,Multan Sultans,Abbas Afridi
info,player,Quetta Gladiators,Ahsan Ali
info,player,Quetta Gladiators,WCF Smeed
info,player,Quetta Gladiators,BM Duckett
info,player,Quetta Gladiators,Sarfraz Ahmed
info,player,Quetta Gladiators,Ashir Qureshi
info,player,Quetta Gladiators,Iftikhar Ahmed
info,player,Quetta Gladiators,Mohammad Nawaz
info,player,Quetta Gladiators,JP Faulkner
info,player,Quetta Gladiators,Sohail Tanvir
info,player,Quetta Gladiators,Naseem Shah
info,player,Quetta Gladiators,Mohammad Hasnain
info,registry,people,Abbas Afridi,2cec2a92
info,registry,people,Ahsan Ali,dc2abe5e
info,registry,people,Ahsan Raza,e0e5b209
info,registry,people,Aleem Dar,f02778d1
info,registry,people,Ashir Qureshi,ed54033c
info,registry,people,BM Duckett,5f26f677
info,registry,people,DJ Willey,7f048519
info,registry,people,Iftikhar Ahmed,29e253dd
info,registry,people,Imran Khan,2b0f2af3
info,registry,people,Imran Tahir,acee4cc4
info,registry,people,Imtiaz Iqbal,a247c3b6
info,registry,people,JP Faulkner,808f425a
info,registry,people,Khushdil Shah,fce581b5
info,registry,people,L Wood,65b6943c
info,registry,people,Mohammad Hasnain,8596fe80
info,registry,people,Mohammad Nawaz,3086f7a4
info,registry,people,Mohammad Rizwan,2f26ac1a
info,registry,people,Muhammad Javed,bde2d0ea
info,registry,people,Naseem Shah,9c9af282
info,registry,people,RR Rossouw,cad00a4d
info,registry,people,Sarfraz Ahmed,2254ab79
info,registry,people,Shahnawaz Dhani,7ccbb09f
info,registry,people,Shan Masood,6843a783
info,registry,people,Shozab Raza,153c67dc
info,registry,people,Sohaib Maqsood,b98b5e1c
info,registry,people,Sohail Tanvir,64d43928
info,registry,people,TH David,f1f99156
info,registry,people,WCF Smeed,4e18e961
