match_id,season,start_date,venue,innings,ball,batting_team,bowling_team,striker,non_striker,bowler,runs_off_bat,extras,wides,noballs,byes,legbyes,penalty,wicket_type,player_dismissed,other_wicket_type,other_player_dismissed
1293032,2021/22,2022-02-25,"Gaddafi Stadium, Lahore",1,0.1,Lahore Qalandars,Islamabad United,Fakhar Zaman,PD Salt,LA Dawson,0,0,,,,,,,,,
1293032,2021/22,2022-02-25,"Gaddafi Stadium, Lahore",1,0.2,Lahore Qalandars,Islamabad United,Fakhar Zaman,PD Salt,LA Dawson,1,0,,,,,,,,,
1293032,2021/22,2022-02-25,"Gaddafi Stadium, Lahore",1,0.3,Lahore Qalandars,Islamabad United,PD Salt,Fakhar Zaman,LA Dawson,1,0,,,,,,,,,
1293032,2021/22,2022-02-25,"Gaddafi Stadium, Lahore",1,0.4,Lahore Qalandars,Islamabad United,Fakhar Zaman,PD Salt,LA Dawson,0,0,,,,,,caught,Fakhar Zaman,,
1293032,2021/22,2022-02-25,"Gaddafi Stadium, Lahore",1,0.5,Lahore Qalandars,Islamabad United,Abdullah Shafique,PD Salt,LA Dawson,0,1,,,,1,,,,,
1293032,2021/22,2022-02-25,"Gaddafi Stadium, Lahore",1,0.6,Lahore Qalandars,Islamabad United,PD Salt,Abdullah Shafique,LA Dawson,0,0,,,,,,,,,
1293032,2021/22,2022-02-25,"Gaddafi Stadium, Lahore",1,1.1,Lahore Qalandars,Islamabad United,Abdullah Shafique,PD Salt,Athar Mahmood,1,0,,,,,,,,,
1293032,2021/22,2022-02-25,"Gaddafi Stadium, Lahore",1,1.2,Lahore Qalandars,Islamabad United,PD Salt,Abdullah Shafique,Athar Mahmood,0,0,,,,,,,,,
1293032,2021/22,2022-02-25,"Gaddafi Stadium, Lahore",1,1.3,Lahore Qalandars,Islamabad United,PD Salt,Abdullah Shafique,Athar Mahmood,1,0,,,,,,,,,
1293032,2021/22,2022-02-25,"Gaddafi Stadium, Lahore",1,1.4,Lahore Qalandars,Islamabad United,Abdullah Shafique,PD Salt,Athar Mahmood,0,0,,,,,,,,,
1293032,2021/22,2022-02-25,"Gaddafi Stadium, Lahore",1,1.5,Lahore Qalandars,Islamabad United,Abdullah Shafique,PD Salt,Athar Mahmood,2,0,,,,,,,,,
1293032,2021/22,2022-02-25,"Gaddafi Stadium, Lahore",1,1.6,Lahore Qalandars,Islamabad United,Abdullah Shafique,PD Salt,Athar Mahmood,0,0,,,,,,,,,
1293032,2021/22,2022-02-25,"Gaddafi Stadium, Lahore",1,2.1,Lahore Qalandars,Islamabad United,PD Salt,Abdullah Shafique,LA Dawson,0,0,,,,,,,,,
1293032,2021/22,2022-02-25,"Gaddafi Stadium, Lahore",1,2.2,Lahore Qalandars,Islamabad United,PD Salt,Abdullah Shafique,LA Dawson,0,0,,,,,,,,,
1293032,2021/22,2022-02-25,"Gaddafi Stadium, Lahore",1,2.3,Lahore Qalandars,Islamabad United,PD Salt,Abdullah Shafique,LA Dawson,0,0,,,,,,bowled,PD Salt,,
1293032,2021/22,2022-02-25,"Gaddafi Stadium, Lahore",1,2.4,Lahore Qalandars,Islamabad United,Kamran Ghulam,Abdullah Shafique,LA Dawson,0,0,,,,,,,,,
1293032,2021/22,2022-02-25,"Gaddafi Stadium, Lahore",1,2.5,Lahore Qalandars,Islamabad United,Kamran Ghulam,Abdullah Shafique,LA Dawson,0,0,,,,,,,,,
1293032,2021/22,2022-02-25,"Gaddafi Stadium, Lahore",1,2.6,Lahore Qalandars,Islamabad United,Kamran Ghulam,Abdullah Shafique,LA Dawson,0,0,,,,,,,,,
1293032,2021/22,2022-02-25,"Gaddafi Stadium, Lahore",1,3.1,Lahore Qalandars,Islamabad United,Abdullah Shafique,Kamran Ghulam,Athar Mahmood,1,0,,,,,,,,,
1293032,2021/22,2022-02-25,"Gaddafi Stadium, Lahore",1,3.2,Lahore Qalandars,Islamabad United,Kamran Ghulam,Abdullah Shafique,Athar Mahmood,0,0,,,,,,,,,
1293032,2021/22,2022-02-25,"Gaddafi Stadium, Lahore",1,3.3,Lahore Qalandars,Islamabad United,Kamran Ghulam,Abdullah Shafique,Athar Mahmood,0,0,,,,,,,,,
1293032,2021/22,2022-02-25,"Gaddafi Stadium, Lahore",1,3.4,Lahore Qalandars,Islamabad United,Kamran Ghulam,Abdullah Shafique,Athar Mahmood,0,0,,,,,,,,,
1293032,2021/22,2022-02-25,"Gaddafi Stadium, Lahore",1,3.5,Lahore Qalandars,Islamabad United,Kamran Ghulam,Abdullah Shafique,Athar Mahmood,0,0,,,,,,,,,
1293032,2021/22,2022-02-25,"Gaddafi Stadium, Lahore",1,3.6,Lahore Qalandars,Islamabad United,Kamran Ghulam,Abdullah Shafique,Athar Mahmood,1,0,,,,,,,,,
1293032,2021/22,2022-02-25,"Gaddafi Stadium, Lahore",1,4.1,Lahore Qalandars,Islamabad United,Kamran Ghulam,Abdullah Shafique,LA Dawson,1,0,,,,,,,,,
1293032,2021/22,2022-02-25,"Gaddafi Stadium, Lahore",1,4.2,Lahore Qalandars,Islamabad United,Abdullah Shafique,Kamran Ghulam,LA Dawson,6,0,,,,,,,,,
1293032,2021/22,2022-02-25,"Gaddafi Stadium, Lahore",1,4.3,Lahore Qalandars,Islamabad United,Abdullah Shafique,Kamran Ghulam,LA Dawson,1,0,,,,,,,,,
1293032,2021/22,2022-02-25,"Gaddafi Stadium, Lahore",1,4.4,Lahore Qalandars,Islamabad United,Kamran Ghulam,Abdullah Shafique,LA Dawson,4,0,,,,,,,,,
1293032,2021/22,2022-02-25,"Gaddafi Stadium, Lahore",1,4.5,Lahore Qalandars,Islamabad United,Kamran Ghulam,Abdullah Shafique,LA Dawson,1,0,,,,,,,,,
1293032,2021/22,2022-02-25,"Gaddafi Stadium, Lahore",1,4.6,Lahore Qalandars,Islamabad United,Abdullah Shafique,Kamran Ghulam,LA Dawson,1,0,,,,,,,,,
1293032,2021/22,2022-02-25,"Gaddafi Stadium, Lahore",1,5.1,Lahore Qalandars,Islamabad United,Abdullah Shafique,Kamran Ghulam,Athar Mahmood,6,0,,,,,,,,,
1293032,2021/22,2022-02-25,"Gaddafi Stadium, Lahore",1,5.2,Lahore Qalandars,Islamabad United,Abdullah Shafique,Kamran Ghulam,Athar Mahmood,1,0,,,,,,,,,
1293032,2021/22,2022-02-25,"Gaddafi Stadium, Lahore",1,5.3,Lahore Qalandars,Islamabad United,Kamran Ghulam,Abdullah Shafique,Athar Mahmood,1,0,,,,,,,,,
1293032,2021/22,2022-02-25,"Gaddafi Stadium, Lahore",1,5.4,Lahore Qalandars,Islamabad United,Abdullah Shafique,Kamran Ghulam,Athar Mahmood,1,0,,,,,,,,,
1293032,2021/22,2022-02-25,"Gaddafi Stadium, Lahore",1,5.5,Lahore Qalandars,Islamabad United,Kamran Ghulam,Abdullah Shafique,Athar Mahmood,4,0,,,,,,,,,
1293032,2021/22,2022-02-25,"Gaddafi Stadium, Lahore",1,5.6,Lahore Qalandars,Islamabad United,Kamran Ghulam,Abdullah Shafique,Athar Mahmood,0,0,,,,,,,,,
1293032,2021/22,2022-02-25,"Gaddafi Stadium, Lahore",1,6.1,Lahore Qalandars,Islamabad United,Abdullah Shafique,Kamran Ghulam,Shadab Khan,1,0,,,,,,,,,
1293032,2021/22,2022-02-25,"Gaddafi Stadium, Lahore",1,6.2,Lahore Qalandars,Islamabad United,Kamran Ghulam,Abdullah Shafique,Shadab Khan,1,0,,,,,,,,,
1293032,2021/22,2022-02-25,"Gaddafi Stadium, Lahore",1,6.3,Lahore Qalandars,Islamabad United,Abdullah Shafique,Kamran Ghulam,Shadab Khan,1,0,,,,,,,,,
1293032,2021/22,2022-02-25,"Gaddafi Stadium, Lahore",1,6.4,Lahore Qalandars,Islamabad United,Kamran Ghulam,Abdullah Shafique,Shadab Khan,1,0,,,,,,,,,
1293032,2021/22,2022-02-25,"Gaddafi Stadium, Lahore",1,6.5,Lahore Qalandars,Islamabad United,Abdullah Shafique,Kamran Ghulam,Shadab Khan,4,0,,,,,,,,,
1293032,2021/22,2022-02-25,"Gaddafi Stadium, Lahore",1,6.6,Lahore Qalandars,Islamabad United,Abdullah Shafique,Kamran Ghulam,Shadab Khan,4,0,,,,,,,,,
1293032,2021/22,2022-02-25,"Gaddafi Stadium, Lahore",1,7.1,Lahore Qalandars,Islamabad United,Kamran Ghulam,Abdullah Shafique,Mohammad Wasim,2,0,,,,,,,,,
1293032,2021/22,2022-02-25,"Gaddafi Stadium, Lahore",1,7.2,Lahore Qalandars,Islamabad United,Kamran Ghulam,Abdullah Shafique,Mohammad Wasim,0,0,,,,,,,,,
1293032,2021/22,2022-02-25,"Gaddafi Stadium, Lahore",1,7.3,Lahore Qalandars,Islamabad United,Kamran Ghulam,Abdullah Shafique,Mohammad Wasim,0,0,,,,,,,,,
1293032,2021/22,2022-02-25,"Gaddafi Stadium, Lahore",1,7.4,Lahore Qalandars,Islamabad United,Kamran Ghulam,Abdullah Shafique,Mohammad Wasim,6,0,,,,,,,,,
1293032,2021/22,2022-02-25,"Gaddafi Stadium, Lahore",1,7.5,Lahore Qalandars,Islamabad United,Kamran Ghulam,Abdullah Shafique,Mohammad Wasim,1,0,,,,,,,,,
1293032,2021/22,2022-02-25,"Gaddafi Stadium, Lahore",1,7.6,Lahore Qalandars,Islamabad United,Abdullah Shafique,Kamran Ghulam,Mohammad Wasim,6,0,,,,,,,,,
1293032,2021/22,2022-02-25,"Gaddafi Stadium, Lahore",1,8.1,Lahore Qalandars,Islamabad United,Kamran Ghulam,Abdullah Shafique,Hasan Ali,4,0,,,,,,,,,
1293032,2021/22,2022-02-25,"Gaddafi Stadium, Lahore",1,8.2,Lahore Qalandars,Islamabad United,Kamran Ghulam,Abdullah Shafique,Hasan Ali,1,0,,,,,,,,,
1293032,2021/22,2022-02-25,"Gaddafi Stadium, Lahore",1,8.3,Lahore Qalandars,Islamabad United,Abdullah Shafique,Kamran Ghulam,Hasan Ali,4,0,,,,,,,,,
1293032,2021/22,2022-02-25,"Gaddafi Stadium, Lahore",1,8.4,Lahore Qalandars,Islamabad United,Abdullah Shafique,Kamran Ghulam,Hasan Ali,1,0,,,,,,,,,
1293032,2021/22,2022-02-25,"Gaddafi Stadium, Lahore",1,8.5,Lahore Qalandars,Islamabad United,Kamran Ghulam,Abdullah Shafique,Hasan Ali,1,0,,,,,,,,,
1293032,2021/22,2022-02-25,"Gaddafi Stadium, Lahore",1,8.6,Lahore Qalandars,Islamabad United,Abdullah Shafique,Kamran Ghulam,Hasan Ali,4,0,,,,,,,,,
1293032,2021/22,2022-02-25,"Gaddafi Stadium, Lahore",1,9.1,Lahore Qalandars,Islamabad United,Kamran Ghulam,Abdullah Shafique,Shadab Khan,1,0,,,,,,,,,
1293032,2021/22,2022-02-25,"Gaddafi Stadium, Lahore",1,9.2,Lahore Qalandars,Islamabad United,Abdullah Shafique,Kamran Ghulam,Shadab Khan,1,0,,,,,,,,,
1293032,2021/22,2022-02-25,"Gaddafi Stadium, Lahore",1,9.3,Lahore Qalandars,Islamabad United,Kamran Ghulam,Abdullah Shafique,Shadab Khan,0,0,,,,,,caught,Kamran Ghulam,,
1293032,2021/22,2022-02-25,"Gaddafi Stadium, Lahore",1,9.4,Lahore Qalandars,Islamabad United,Abdullah Shafique,Mohammad Hafeez,Shadab Khan,1,0,,,,,,,,,
1293032,2021/22,2022-02-25,"Gaddafi Stadium, Lahore",1,9.5,Lahore Qalandars,Islamabad United,Mohammad Hafeez,Abdullah Shafique,Shadab Khan,0,0,,,,,,,,,
1293032,2021/22,2022-02-25,"Gaddafi Stadium, Lahore",1,9.6,Lahore Qalandars,Islamabad United,Mohammad Hafeez,Abdullah Shafique,Shadab Khan,1,0,,,,,,,,,
1293032,2021/22,2022-02-25,"Gaddafi Stadium, Lahore",1,10.1,Lahore Qalandars,Islamabad United,Mohammad Hafeez,Abdullah Shafique,Waqas Maqsood,1,0,,,,,,,,,
1293032,2021/22,2022-02-25,"Gaddafi Stadium, Lahore",1,10.2,Lahore Qalandars,Islamabad United,Abdullah Shafique,Mohammad Hafeez,Waqas Maqsood,1,0,,,,,,,,,
1293032,2021/22,2022-02-25,"Gaddafi Stadium, Lahore",1,10.3,Lahore Qalandars,Islamabad United,Mohammad Hafeez,Abdullah Shafique,Waqas Maqsood,1,0,,,,,,,,,
1293032,2021/22,2022-02-25,"Gaddafi Stadium, Lahore",1,10.4,Lahore Qalandars,Islamabad United,Abdullah Shafique,Mohammad Hafeez,Waqas Maqsood,1,0,,,,,,,,,
1293032,2021/22,2022-02-25,"Gaddafi Stadium, Lahore",1,10.5,Lahore Qalandars,Islamabad United,Mohammad Hafeez,Abdullah Shafique,Waqas Maqsood,2,0,,,,,,,,,
1293032,2021/22,2022-02-25,"Gaddafi Stadium, Lahore",1,10.6,Lahore Qalandars,Islamabad United,Mohammad Hafeez,Abdullah Shafique,Waqas Maqsood,0,0,,,,,,,,,
1293032,2021/22,2022-02-25,"Gaddafi Stadium, Lahore",1,11.1,Lahore Qalandars,Islamabad United,Abdullah Shafique,Mohammad Hafeez,Shadab Khan,1,0,,,,,,,,,
1293032,2021/22,2022-02-25,"Gaddafi Stadium, Lahore",1,11.2,Lahore Qalandars,Islamabad United,Mohammad Hafeez,Abdullah Shafique,Shadab Khan,1,0,,,,,,,,,
1293032,2021/22,2022-02-25,"Gaddafi Stadium, Lahore",1,11.3,Lahore Qalandars,Islamabad United,Abdullah Shafique,Mohammad Hafeez,Shadab Khan,1,0,,,,,,,,,
1293032,2021/22,2022-02-25,"Gaddafi Stadium, Lahore",1,11.4,Lahore Qalandars,Islamabad United,Mohammad Hafeez,Abdullah Shafique,Shadab Khan,1,0,,,,,,,,,
1293032,2021/22,2022-02-25,"Gaddafi Stadium, Lahore",1,11.5,Lahore Qalandars,Islamabad United,Abdullah Shafique,Mohammad Hafeez,Shadab Khan,1,0,,,,,,,,,
1293032,2021/22,2022-02-25,"Gaddafi Stadium, Lahore",1,11.6,Lahore Qalandars,Islamabad United,Mohammad Hafeez,Abdullah Shafique,Shadab Khan,0,0,,,,,,,,,
1293032,2021/22,2022-02-25,"Gaddafi Stadium, Lahore",1,12.1,Lahore Qalandars,Islamabad United,Abdullah Shafique,Mohammad Hafeez,Waqas Maqsood,0,0,,,,,,caught,Abdullah Shafique,,
1293032,2021/22,2022-02-25,"Gaddafi Stadium, Lahore",1,12.2,Lahore Qalandars,Islamabad United,Mohammad Hafeez,HC Brook,Waqas Maqsood,0,0,,,,,,,,,
1293032,2021/22,2022-02-25,"Gaddafi Stadium, Lahore",1,12.3,Lahore Qalandars,Islamabad United,Mohammad Hafeez,HC Brook,Waqas Maqsood,2,0,,,,,,,,,
1293032,2021/22,2022-02-25,"Gaddafi Stadium, Lahore",1,12.4,Lahore Qalandars,Islamabad United,Mohammad Hafeez,HC Brook,Waqas Maqsood,1,0,,,,,,,,,
1293032,2021/22,2022-02-25,"Gaddafi Stadium, Lahore",1,12.5,Lahore Qalandars,Islamabad United,HC Brook,Mohammad Hafeez,Waqas Maqsood,1,0,,,,,,,,,
1293032,2021/22,2022-02-25,"Gaddafi Stadium, Lahore",1,12.6,Lahore Qalandars,Islamabad United,Mohammad Hafeez,HC Brook,Waqas Maqsood,1,0,,,,,,,,,
1293032,2021/22,2022-02-25,"Gaddafi Stadium, Lahore",1,13.1,Lahore Qalandars,Islamabad United,Mohammad Hafeez,HC Brook,Shadab Khan,2,0,,,,,,,,,
1293032,2021/22,2022-02-25,"Gaddafi Stadium, Lahore",1,13.2,Lahore Qalandars,Islamabad United,Mohammad Hafeez,HC Brook,Shadab Khan,1,0,,,,,,,,,
1293032,2021/22,2022-02-25,"Gaddafi Stadium, Lahore",1,13.3,Lahore Qalandars,Islamabad United,HC Brook,Mohammad Hafeez,Shadab Khan,1,0,,,,,,run out,HC Brook,,
1293032,2021/22,2022-02-25,"Gaddafi Stadium, Lahore",1,13.4,Lahore Qalandars,Islamabad United,SR Patel,Mohammad Hafeez,Shadab Khan,0,0,,,,,,,,,
1293032,2021/22,2022-02-25,"Gaddafi Stadium, Lahore",1,13.5,Lahore Qalandars,Islamabad United,SR Patel,Mohammad Hafeez,Shadab Khan,1,0,,,,,,,,,
1293032,2021/22,2022-02-25,"Gaddafi Stadium, Lahore",1,13.6,Lahore Qalandars,Islamabad United,Mohammad Hafeez,SR Patel,Shadab Khan,1,0,,,,,,,,,
1293032,2021/22,2022-02-25,"Gaddafi Stadium, Lahore",1,14.1,Lahore Qalandars,Islamabad United,Mohammad Hafeez,SR Patel,LA Dawson,1,0,,,,,,,,,
1293032,2021/22,2022-02-25,"Gaddafi Stadium, Lahore",1,14.2,Lahore Qalandars,Islamabad United,SR Patel,Mohammad Hafeez,LA Dawson,4,0,,,,,,,,,
1293032,2021/22,2022-02-25,"Gaddafi Stadium, Lahore",1,14.3,Lahore Qalandars,Islamabad United,SR Patel,Mohammad Hafeez,LA Dawson,1,0,,,,,,,,,
1293032,2021/22,2022-02-25,"Gaddafi Stadium, Lahore",1,14.4,Lahore Qalandars,Islamabad United,Mohammad Hafeez,SR Patel,LA Dawson,1,0,,,,,,,,,
1293032,2021/22,2022-02-25,"Gaddafi Stadium, Lahore",1,14.5,Lahore Qalandars,Islamabad United,SR Patel,Mohammad Hafeez,LA Dawson,1,0,,,,,,,,,
1293032,2021/22,2022-02-25,"Gaddafi Stadium, Lahore",1,14.6,Lahore Qalandars,Islamabad United,Mohammad Hafeez,SR Patel,LA Dawson,0,0,,,,,,,,,
1293032,2021/22,2022-02-25,"Gaddafi Stadium, Lahore",1,15.1,Lahore Qalandars,Islamabad United,SR Patel,Mohammad Hafeez,Hasan Ali,0,0,,,,,,,,,
1293032,2021/22,2022-02-25,"Gaddafi Stadium, Lahore",1,15.2,Lahore Qalandars,Islamabad United,SR Patel,Mohammad Hafeez,Hasan Ali,1,0,,,,,,,,,
1293032,2021/22,2022-02-25,"Gaddafi Stadium, Lahore",1,15.3,Lahore Qalandars,Islamabad United,Mohammad Hafeez,SR Patel,Hasan Ali,1,0,,,,,,,,,
1293032,2021/22,2022-02-25,"Gaddafi Stadium, Lahore",1,15.4,Lahore Qalandars,Islamabad United,SR Patel,Mohammad Hafeez,Hasan Ali,1,0,,,,,,,,,
1293032,2021/22,2022-02-25,"Gaddafi Stadium, Lahore",1,15.5,Lahore Qalandars,Islamabad United,Mohammad Hafeez,SR Patel,Hasan Ali,0,0,,,,,,,,,
1293032,2021/22,2022-02-25,"Gaddafi Stadium, Lahore",1,15.6,Lahore Qalandars,Islamabad United,Mohammad Hafeez,SR Patel,Hasan Ali,0,1,1,,,,,,,,
1293032,2021/22,2022-02-25,"Gaddafi Stadium, Lahore",1,15.7,Lahore Qalandars,Islamabad United,Mohammad Hafeez,SR Patel,Hasan Ali,4,0,,,,,,,,,
1293032,2021/22,2022-02-25,"Gaddafi Stadium, Lahore",1,16.1,Lahore Qalandars,Islamabad United,SR Patel,Mohammad Hafeez,Mohammad Wasim,0,0,,,,,,,,,
1293032,2021/22,2022-02-25,"Gaddafi Stadium, Lahore",1,16.2,Lahore Qalandars,Islamabad United,SR Patel,Mohammad Hafeez,Mohammad Wasim,1,0,,,,,,,,,
1293032,2021/22,2022-02-25,"Gaddafi Stadium, Lahore",1,16.3,Lahore Qalandars,Islamabad United,Mohammad Hafeez,SR Patel,Mohammad Wasim,1,0,,,,,,,,,
1293032,2021/22,2022-02-25,"Gaddafi Stadium, Lahore",1,16.4,Lahore Qalandars,Islamabad United,SR Patel,Mohammad Hafeez,Mohammad Wasim,0,0,,,,,,,,,
1293032,2021/22,2022-02-25,"Gaddafi Stadium, Lahore",1,16.5,Lahore Qalandars,Islamabad United,SR Patel,Mohammad Hafeez,Mohammad Wasim,1,0,,,,,,,,,
1293032,2021/22,2022-02-25,"Gaddafi Stadium, Lahore",1,16.6,Lahore Qalandars,Islamabad United,Mohammad Hafeez,SR Patel,Mohammad Wasim,1,0,,,,,,,,,
1293032,2021/22,2022-02-25,"Gaddafi Stadium, Lahore",1,17.1,Lahore Qalandars,Islamabad United,Mohammad Hafeez,SR Patel,Hasan Ali,2,0,,,,,,,,,
1293032,2021/22,2022-02-25,"Gaddafi Stadium, Lahore",1,17.2,Lahore Qalandars,Islamabad United,Mohammad Hafeez,SR Patel,Hasan Ali,1,0,,,,,,,,,
1293032,2021/22,2022-02-25,"Gaddafi Stadium, Lahore",1,17.3,Lahore Qalandars,Islamabad United,SR Patel,Mohammad Hafeez,Hasan Ali,6,0,,,,,,,,,
1293032,2021/22,2022-02-25,"Gaddafi Stadium, Lahore",1,17.4,Lahore Qalandars,Islamabad United,SR Patel,Mohammad Hafeez,Hasan Ali,0,0,,,,,,,,,
1293032,2021/22,2022-02-25,"Gaddafi Stadium, Lahore",1,17.5,Lahore Qalandars,Islamabad United,SR Patel,Mohammad Hafeez,Hasan Ali,1,0,,,,,,,,,
1293032,2021/22,2022-02-25,"Gaddafi Stadium, Lahore",1,17.6,Lahore Qalandars,Islamabad United,Mohammad Hafeez,SR Patel,Hasan Ali,1,0,,,,,,,,,
1293032,2021/22,2022-02-25,"Gaddafi Stadium, Lahore",1,18.1,Lahore Qalandars,Islamabad United,Mohammad Hafeez,SR Patel,Mohammad Wasim,0,0,,,,,,caught,Mohammad Hafeez,,
1293032,2021/22,2022-02-25,"Gaddafi Stadium, Lahore",1,18.2,Lahore Qalandars,Islamabad United,SR Patel,D Wiese,Mohammad Wasim,2,0,,,,,,,,,
1293032,2021/22,2022-02-25,"Gaddafi Stadium, Lahore",1,18.3,Lahore Qalandars,Islamabad United,SR Patel,D Wiese,Mohammad Wasim,1,0,,,,,,,,,
1293032,2021/22,2022-02-25,"Gaddafi Stadium, Lahore",1,18.4,Lahore Qalandars,Islamabad United,D Wiese,SR Patel,Mohammad Wasim,1,0,,,,,,,,,
1293032,2021/22,2022-02-25,"Gaddafi Stadium, Lahore",1,18.5,Lahore Qalandars,Islamabad United,SR Patel,D Wiese,Mohammad Wasim,0,0,,,,,,caught,SR Patel,,
1293032,2021/22,2022-02-25,"Gaddafi Stadium, Lahore",1,18.6,Lahore Qalandars,Islamabad United,D Wiese,Shaheen Shah Afridi,Mohammad Wasim,0,1,1,,,,,,,,
1293032,2021/22,2022-02-25,"Gaddafi Stadium, Lahore",1,18.7,Lahore Qalandars,Islamabad United,D Wiese,Shaheen Shah Afridi,Mohammad Wasim,1,0,,,,,,,,,
1293032,2021/22,2022-02-25,"Gaddafi Stadium, Lahore",1,19.1,Lahore Qalandars,Islamabad United,D Wiese,Shaheen Shah Afridi,Waqas Maqsood,0,1,1,,,,,,,,
1293032,2021/22,2022-02-25,"Gaddafi Stadium, Lahore",1,19.2,Lahore Qalandars,Islamabad United,D Wiese,Shaheen Shah Afridi,Waqas Maqsood,6,0,,,,,,,,,
1293032,2021/22,2022-02-25,"Gaddafi Stadium, Lahore",1,19.3,Lahore Qalandars,Islamabad United,D Wiese,Shaheen Shah Afridi,Waqas Maqsood,6,0,,,,,,,,,
1293032,2021/22,2022-02-25,"Gaddafi Stadium, Lahore",1,19.4,Lahore Qalandars,Islamabad United,D Wiese,Shaheen Shah Afridi,Waqas Maqsood,4,0,,,,,,,,,
1293032,2021/22,2022-02-25,"Gaddafi Stadium, Lahore",1,19.5,Lahore Qalandars,Islamabad United,D Wiese,Shaheen Shah Afridi,Waqas Maqsood,2,0,,,,,,,,,
1293032,2021/22,2022-02-25,"Gaddafi Stadium, Lahore",1,19.6,Lahore Qalandars,Islamabad United,D Wiese,Shaheen Shah Afridi,Waqas Maqsood,6,0,,,,,,,,,
1293032,2021/22,2022-02-25,"Gaddafi Stadium, Lahore",1,19.7,Lahore Qalandars,Islamabad United,D Wiese,Shaheen Shah Afridi,Waqas Maqsood,2,0,,,,,,,,,
1293032,2021/22,2022-02-25,"Gaddafi Stadium, Lahore",2,0.1,Islamabad United,Lahore Qalandars,PR Stirling,AD Hales,Shaheen Shah Afridi,4,0,,,,,,,,,
1293032,2021/22,2022-02-25,"Gaddafi Stadium, Lahore",2,0.2,Islamabad United,Lahore Qalandars,PR Stirling,AD Hales,Shaheen Shah Afridi,1,0,,,,,,,,,
1293032,2021/22,2022-02-25,"Gaddafi Stadium, Lahore",2,0.3,Islamabad United,Lahore Qalandars,AD Hales,PR Stirling,Shaheen Shah Afridi,1,0,,,,,,,,,
1293032,2021/22,2022-02-25,"Gaddafi Stadium, Lahore",2,0.4,Islamabad United,Lahore Qalandars,PR Stirling,AD Hales,Shaheen Shah Afridi,6,0,,,,,,,,,
1293032,2021/22,2022-02-25,"Gaddafi Stadium, Lahore",2,0.5,Islamabad United,Lahore Qalandars,PR Stirling,AD Hales,Shaheen Shah Afridi,1,0,,,,,,,,,
1293032,2021/22,2022-02-25,"Gaddafi Stadium, Lahore",2,0.6,Islamabad United,Lahore Qalandars,AD Hales,PR Stirling,Shaheen Shah Afridi,1,0,,,,,,,,,
1293032,2021/22,2022-02-25,"Gaddafi Stadium, Lahore",2,1.1,Islamabad United,Lahore Qalandars,AD Hales,PR Stirling,SR Patel,0,0,,,,,,,,,
1293032,2021/22,2022-02-25,"Gaddafi Stadium, Lahore",2,1.2,Islamabad United,Lahore Qalandars,AD Hales,PR Stirling,SR Patel,1,0,,,,,,,,,
1293032,2021/22,2022-02-25,"Gaddafi Stadium, Lahore",2,1.3,Islamabad United,Lahore Qalandars,PR Stirling,AD Hales,SR Patel,0,0,,,,,,,,,
1293032,2021/22,2022-02-25,"Gaddafi Stadium, Lahore",2,1.4,Islamabad United,Lahore Qalandars,PR Stirling,AD Hales,SR Patel,0,0,,,,,,,,,
1293032,2021/22,2022-02-25,"Gaddafi Stadium, Lahore",2,1.5,Islamabad United,Lahore Qalandars,PR Stirling,AD Hales,SR Patel,1,0,,,,,,,,,
1293032,2021/22,2022-02-25,"Gaddafi Stadium, Lahore",2,1.6,Islamabad United,Lahore Qalandars,AD Hales,PR Stirling,SR Patel,0,0,,,,,,,,,
1293032,2021/22,2022-02-25,"Gaddafi Stadium, Lahore",2,2.1,Islamabad United,Lahore Qalandars,PR Stirling,AD Hales,Shaheen Shah Afridi,0,0,,,,,,,,,
1293032,2021/22,2022-02-25,"Gaddafi Stadium, Lahore",2,2.2,Islamabad United,Lahore Qalandars,PR Stirling,AD Hales,Shaheen Shah Afridi,0,0,,,,,,,,,
1293032,2021/22,2022-02-25,"Gaddafi Stadium, Lahore",2,2.3,Islamabad United,Lahore Qalandars,PR Stirling,AD Hales,Shaheen Shah Afridi,0,0,,,,,,caught,PR Stirling,,
1293032,2021/22,2022-02-25,"Gaddafi Stadium, Lahore",2,2.4,Islamabad United,Lahore Qalandars,AD Hales,WG Jacks,Shaheen Shah Afridi,1,0,,,,,,,,,
1293032,2021/22,2022-02-25,"Gaddafi Stadium, Lahore",2,2.5,Islamabad United,Lahore Qalandars,WG Jacks,AD Hales,Shaheen Shah Afridi,0,0,,,,,,,,,
1293032,2021/22,2022-02-25,"Gaddafi Stadium, Lahore",2,2.6,Islamabad United,Lahore Qalandars,WG Jacks,AD Hales,Shaheen Shah Afridi,0,0,,,,,,caught,WG Jacks,,
1293032,2021/22,2022-02-25,"Gaddafi Stadium, Lahore",2,3.1,Islamabad United,Lahore Qalandars,Shadab Khan,AD Hales,SR Patel,6,0,,,,,,,,,
1293032,2021/22,2022-02-25,"Gaddafi Stadium, Lahore",2,3.2,Islamabad United,Lahore Qalandars,Shadab Khan,AD Hales,SR Patel,0,0,,,,,,,,,
1293032,2021/22,2022-02-25,"Gaddafi Stadium, Lahore",2,3.3,Islamabad United,Lahore Qalandars,Shadab Khan,AD Hales,SR Patel,2,0,,,,,,,,,
1293032,2021/22,2022-02-25,"Gaddafi Stadium, Lahore",2,3.4,Islamabad United,Lahore Qalandars,Shadab Khan,AD Hales,SR Patel,1,0,,,,,,,,,
1293032,2021/22,2022-02-25,"Gaddafi Stadium, Lahore",2,3.5,Islamabad United,Lahore Qalandars,AD Hales,Shadab Khan,SR Patel,1,0,,,,,,,,,
1293032,2021/22,2022-02-25,"Gaddafi Stadium, Lahore",2,3.6,Islamabad United,Lahore Qalandars,Shadab Khan,AD Hales,SR Patel,1,0,,,,,,,,,
1293032,2021/22,2022-02-25,"Gaddafi Stadium, Lahore",2,4.1,Islamabad United,Lahore Qalandars,Shadab Khan,AD Hales,Zaman Khan,0,0,,,,,,,,,
1293032,2021/22,2022-02-25,"Gaddafi Stadium, Lahore",2,4.2,Islamabad United,Lahore Qalandars,Shadab Khan,AD Hales,Zaman Khan,0,1,1,,,,,,,,
1293032,2021/22,2022-02-25,"Gaddafi Stadium, Lahore",2,4.3,Islamabad United,Lahore Qalandars,Shadab Khan,AD Hales,Zaman Khan,4,0,,,,,,,,,
1293032,2021/22,2022-02-25,"Gaddafi Stadium, Lahore",2,4.4,Islamabad United,Lahore Qalandars,Shadab Khan,AD Hales,Zaman Khan,0,0,,,,,,caught,Shadab Khan,,
1293032,2021/22,2022-02-25,"Gaddafi Stadium, Lahore",2,4.5,Islamabad United,Lahore Qalandars,LA Dawson,AD Hales,Zaman Khan,0,0,,,,,,,,,
1293032,2021/22,2022-02-25,"Gaddafi Stadium, Lahore",2,4.6,Islamabad United,Lahore Qalandars,LA Dawson,AD Hales,Zaman Khan,4,0,,,,,,,,,
1293032,2021/22,2022-02-25,"Gaddafi Stadium, Lahore",2,4.7,Islamabad United,Lahore Qalandars,LA Dawson,AD Hales,Zaman Khan,4,0,,,,,,,,,
1293032,2021/22,2022-02-25,"Gaddafi Stadium, Lahore",2,5.1,Islamabad United,Lahore Qalandars,AD Hales,LA Dawson,SR Patel,1,0,,,,,,,,,
1293032,2021/22,2022-02-25,"Gaddafi Stadium, Lahore",2,5.2,Islamabad United,Lahore Qalandars,LA Dawson,AD Hales,SR Patel,0,0,,,,,,,,,
1293032,2021/22,2022-02-25,"Gaddafi Stadium, Lahore",2,5.3,Islamabad United,Lahore Qalandars,LA Dawson,AD Hales,SR Patel,4,0,,,,,,,,,
1293032,2021/22,2022-02-25,"Gaddafi Stadium, Lahore",2,5.4,Islamabad United,Lahore Qalandars,LA Dawson,AD Hales,SR Patel,0,0,,,,,,run out,LA Dawson,,
1293032,2021/22,2022-02-25,"Gaddafi Stadium, Lahore",2,5.5,Islamabad United,Lahore Qalandars,Azam Khan,AD Hales,SR Patel,0,0,,,,,,,,,
1293032,2021/22,2022-02-25,"Gaddafi Stadium, Lahore",2,5.6,Islamabad United,Lahore Qalandars,Azam Khan,AD Hales,SR Patel,1,0,,,,,,,,,
1293032,2021/22,2022-02-25,"Gaddafi Stadium, Lahore",2,6.1,Islamabad United,Lahore Qalandars,Azam Khan,AD Hales,Haris Rauf,1,0,,,,,,,,,
1293032,2021/22,2022-02-25,"Gaddafi Stadium, Lahore",2,6.2,Islamabad United,Lahore Qalandars,AD Hales,Azam Khan,Haris Rauf,0,0,,,,,,,,,
1293032,2021/22,2022-02-25,"Gaddafi Stadium, Lahore",2,6.3,Islamabad United,Lahore Qalandars,AD Hales,Azam Khan,Haris Rauf,1,0,,,,,,,,,
1293032,2021/22,2022-02-25,"Gaddafi Stadium, Lahore",2,6.4,Islamabad United,Lahore Qalandars,Azam Khan,AD Hales,Haris Rauf,0,0,,,,,,,,,
1293032,2021/22,2022-02-25,"Gaddafi Stadium, Lahore",2,6.5,Islamabad United,Lahore Qalandars,Azam Khan,AD Hales,Haris Rauf,1,0,,,,,,,,,
1293032,2021/22,2022-02-25,"Gaddafi Stadium, Lahore",2,6.6,Islamabad United,Lahore Qalandars,AD Hales,Azam Khan,Haris Rauf,4,0,,,,,,,,,
1293032,2021/22,2022-02-25,"Gaddafi Stadium, Lahore",2,7.1,Islamabad United,Lahore Qalandars,Azam Khan,AD Hales,Mohammad Hafeez,0,0,,,,,,,,,
1293032,2021/22,2022-02-25,"Gaddafi Stadium, Lahore",2,7.2,Islamabad United,Lahore Qalandars,Azam Khan,AD Hales,Mohammad Hafeez,6,0,,,,,,,,,
1293032,2021/22,2022-02-25,"Gaddafi Stadium, Lahore",2,7.3,Islamabad United,Lahore Qalandars,Azam Khan,AD Hales,Mohammad Hafeez,4,0,,,,,,,,,
1293032,2021/22,2022-02-25,"Gaddafi Stadium, Lahore",2,7.4,Islamabad United,Lahore Qalandars,Azam Khan,AD Hales,Mohammad Hafeez,1,0,,,,,,,,,
1293032,2021/22,2022-02-25,"Gaddafi Stadium, Lahore",2,7.5,Islamabad United,Lahore Qalandars,AD Hales,Azam Khan,Mohammad Hafeez,1,0,,,,,,,,,
1293032,2021/22,2022-02-25,"Gaddafi Stadium, Lahore",2,7.6,Islamabad United,Lahore Qalandars,Azam Khan,AD Hales,Mohammad Hafeez,1,0,,,,,,,,,
1293032,2021/22,2022-02-25,"Gaddafi Stadium, Lahore",2,8.1,Islamabad United,Lahore Qalandars,Azam Khan,AD Hales,Zaman Khan,0,0,,,,,,,,,
1293032,2021/22,2022-02-25,"Gaddafi Stadium, Lahore",2,8.2,Islamabad United,Lahore Qalandars,Azam Khan,AD Hales,Zaman Khan,1,0,,,,,,,,,
1293032,2021/22,2022-02-25,"Gaddafi Stadium, Lahore",2,8.3,Islamabad United,Lahore Qalandars,AD Hales,Azam Khan,Zaman Khan,1,0,,,,,,,,,
1293032,2021/22,2022-02-25,"Gaddafi Stadium, Lahore",2,8.4,Islamabad United,Lahore Qalandars,Azam Khan,AD Hales,Zaman Khan,2,0,,,,,,,,,
1293032,2021/22,2022-02-25,"Gaddafi Stadium, Lahore",2,8.5,Islamabad United,Lahore Qalandars,Azam Khan,AD Hales,Zaman Khan,1,0,,,,,,,,,
1293032,2021/22,2022-02-25,"Gaddafi Stadium, Lahore",2,8.6,Islamabad United,Lahore Qalandars,AD Hales,Azam Khan,Zaman Khan,1,0,,,,,,,,,
1293032,2021/22,2022-02-25,"Gaddafi Stadium, Lahore",2,9.1,Islamabad United,Lahore Qalandars,AD Hales,Azam Khan,D Wiese,1,0,,,,,,,,,
1293032,2021/22,2022-02-25,"Gaddafi Stadium, Lahore",2,9.2,Islamabad United,Lahore Qalandars,Azam Khan,AD Hales,D Wiese,1,0,,,,,,,,,
1293032,2021/22,2022-02-25,"Gaddafi Stadium, Lahore",2,9.3,Islamabad United,Lahore Qalandars,AD Hales,Azam Khan,D Wiese,1,0,,,,,,,,,
1293032,2021/22,2022-02-25,"Gaddafi Stadium, Lahore",2,9.4,Islamabad United,Lahore Qalandars,Azam Khan,AD Hales,D Wiese,4,0,,,,,,,,,
1293032,2021/22,2022-02-25,"Gaddafi Stadium, Lahore",2,9.5,Islamabad United,Lahore Qalandars,Azam Khan,AD Hales,D Wiese,1,0,,,,,,,,,
1293032,2021/22,2022-02-25,"Gaddafi Stadium, Lahore",2,9.6,Islamabad United,Lahore Qalandars,AD Hales,Azam Khan,D Wiese,1,0,,,,,,,,,
1293032,2021/22,2022-02-25,"Gaddafi Stadium, Lahore",2,10.1,Islamabad United,Lahore Qalandars,AD Hales,Azam Khan,SR Patel,2,0,,,,,,,,,
1293032,2021/22,2022-02-25,"Gaddafi Stadium, Lahore",2,10.2,Islamabad United,Lahore Qalandars,AD Hales,Azam Khan,SR Patel,4,0,,,,,,,,,
1293032,2021/22,2022-02-25,"Gaddafi Stadium, Lahore",2,10.3,Islamabad United,Lahore Qalandars,AD Hales,Azam Khan,SR Patel,6,0,,,,,,,,,
1293032,2021/22,2022-02-25,"Gaddafi Stadium, Lahore",2,10.4,Islamabad United,Lahore Qalandars,AD Hales,Azam Khan,SR Patel,1,0,,,,,,,,,
1293032,2021/22,2022-02-25,"Gaddafi Stadium, Lahore",2,10.5,Islamabad United,Lahore Qalandars,Azam Khan,AD Hales,SR Patel,0,0,,,,,,,,,
1293032,2021/22,2022-02-25,"Gaddafi Stadium, Lahore",2,10.6,Islamabad United,Lahore Qalandars,Azam Khan,AD Hales,SR Patel,1,0,,,,,,,,,
1293032,2021/22,2022-02-25,"Gaddafi Stadium, Lahore",2,11.1,Islamabad United,Lahore Qalandars,Azam Khan,AD Hales,D Wiese,0,0,,,,,,,,,
1293032,2021/22,2022-02-25,"Gaddafi Stadium, Lahore",2,11.2,Islamabad United,Lahore Qalandars,Azam Khan,AD Hales,D Wiese,1,0,,,,,,,,,
1293032,2021/22,2022-02-25,"Gaddafi Stadium, Lahore",2,11.3,Islamabad United,Lahore Qalandars,AD Hales,Azam Khan,D Wiese,1,0,,,,,,,,,
1293032,2021/22,2022-02-25,"Gaddafi Stadium, Lahore",2,11.4,Islamabad United,Lahore Qalandars,Azam Khan,AD Hales,D Wiese,0,1,,,1,,,,,,
1293032,2021/22,2022-02-25,"Gaddafi Stadium, Lahore",2,11.5,Islamabad United,Lahore Qalandars,AD Hales,Azam Khan,D Wiese,0,1,1,,,,,,,,
1293032,2021/22,2022-02-25,"Gaddafi Stadium, Lahore",2,11.6,Islamabad United,Lahore Qalandars,AD Hales,Azam Khan,D Wiese,1,0,,,,,,,,,
1293032,2021/22,2022-02-25,"Gaddafi Stadium, Lahore",2,11.7,Islamabad United,Lahore Qalandars,Azam Khan,AD Hales,D Wiese,6,0,,,,,,,,,
1293032,2021/22,2022-02-25,"Gaddafi Stadium, Lahore",2,12.1,Islamabad United,Lahore Qalandars,AD Hales,Azam Khan,Haris Rauf,0,5,5,,,,,,,,
1293032,2021/22,2022-02-25,"Gaddafi Stadium, Lahore",2,12.2,Islamabad United,Lahore Qalandars,AD Hales,Azam Khan,Haris Rauf,2,0,,,,,,,,,
1293032,2021/22,2022-02-25,"Gaddafi Stadium, Lahore",2,12.3,Islamabad United,Lahore Qalandars,AD Hales,Azam Khan,Haris Rauf,1,0,,,,,,,,,
1293032,2021/22,2022-02-25,"Gaddafi Stadium, Lahore",2,12.4,Islamabad United,Lahore Qalandars,Azam Khan,AD Hales,Haris Rauf,0,0,,,,,,,,,
1293032,2021/22,2022-02-25,"Gaddafi Stadium, Lahore",2,12.5,Islamabad United,Lahore Qalandars,Azam Khan,AD Hales,Haris Rauf,1,0,,,,,,,,,
1293032,2021/22,2022-02-25,"Gaddafi Stadium, Lahore",2,12.6,Islamabad United,Lahore Qalandars,AD Hales,Azam Khan,Haris Rauf,1,0,,,,,,,,,
1293032,2021/22,2022-02-25,"Gaddafi Stadium, Lahore",2,12.7,Islamabad United,Lahore Qalandars,Azam Khan,AD Hales,Haris Rauf,1,0,,,,,,,,,
1293032,2021/22,2022-02-25,"Gaddafi Stadium, Lahore",2,13.1,Islamabad United,Lahore Qalandars,Azam Khan,AD Hales,Zaman Khan,4,0,,,,,,,,,
1293032,2021/22,2022-02-25,"Gaddafi Stadium, Lahore",2,13.2,Islamabad United,Lahore Qalandars,Azam Khan,AD Hales,Zaman Khan,1,0,,,,,,,,,
1293032,2021/22,2022-02-25,"Gaddafi Stadium, Lahore",2,13.3,Islamabad United,Lahore Qalandars,AD Hales,Azam Khan,Zaman Khan,2,0,,,,,,,,,
1293032,2021/22,2022-02-25,"Gaddafi Stadium, Lahore",2,13.4,Islamabad United,Lahore Qalandars,AD Hales,Azam Khan,Zaman Khan,0,0,,,,,,run out,Azam Khan,,
1293032,2021/22,2022-02-25,"Gaddafi Stadium, Lahore",2,13.5,Islamabad United,Lahore Qalandars,Asif Ali,AD Hales,Zaman Khan,0,0,,,,,,,,,
1293032,2021/22,2022-02-25,"Gaddafi Stadium, Lahore",2,13.6,Islamabad United,Lahore Qalandars,Asif Ali,AD Hales,Zaman Khan,1,0,,,,,,,,,
1293032,2021/22,2022-02-25,"Gaddafi Stadium, Lahore",2,14.1,Islamabad United,Lahore Qalandars,Asif Ali,AD Hales,Shaheen Shah Afridi,2,0,,,,,,,,,
1293032,2021/22,2022-02-25,"Gaddafi Stadium, Lahore",2,14.2,Islamabad United,Lahore Qalandars,Asif Ali,AD Hales,Shaheen Shah Afridi,0,0,,,,,,,,,
1293032,2021/22,2022-02-25,"Gaddafi Stadium, Lahore",2,14.3,Islamabad United,Lahore Qalandars,Asif Ali,AD Hales,Shaheen Shah Afridi,0,0,,,,,,,,,
1293032,2021/22,2022-02-25,"Gaddafi Stadium, Lahore",2,14.4,Islamabad United,Lahore Qalandars,Asif Ali,AD Hales,Shaheen Shah Afridi,0,0,,,,,,,,,
1293032,2021/22,2022-02-25,"Gaddafi Stadium, Lahore",2,14.5,Islamabad United,Lahore Qalandars,Asif Ali,AD Hales,Shaheen Shah Afridi,0,0,,,,,,,,,
1293032,2021/22,2022-02-25,"Gaddafi Stadium, Lahore",2,14.6,Islamabad United,Lahore Qalandars,Asif Ali,AD Hales,Shaheen Shah Afridi,2,0,,,,,,,,,
1293032,2021/22,2022-02-25,"Gaddafi Stadium, Lahore",2,15.1,Islamabad United,Lahore Qalandars,AD Hales,Asif Ali,Haris Rauf,0,0,,,,,,caught,AD Hales,,
1293032,2021/22,2022-02-25,"Gaddafi Stadium, Lahore",2,15.2,Islamabad United,Lahore Qalandars,Hasan Ali,Asif Ali,Haris Rauf,1,0,,,,,,,,,
1293032,2021/22,2022-02-25,"Gaddafi Stadium, Lahore",2,15.3,Islamabad United,Lahore Qalandars,Asif Ali,Hasan Ali,Haris Rauf,1,0,,,,,,,,,
1293032,2021/22,2022-02-25,"Gaddafi Stadium, Lahore",2,15.4,Islamabad United,Lahore Qalandars,Hasan Ali,Asif Ali,Haris Rauf,1,0,,,,,,,,,
1293032,2021/22,2022-02-25,"Gaddafi Stadium, Lahore",2,15.5,Islamabad United,Lahore Qalandars,Asif Ali,Hasan Ali,Haris Rauf,1,0,,,,,,,,,
1293032,2021/22,2022-02-25,"Gaddafi Stadium, Lahore",2,15.6,Islamabad United,Lahore Qalandars,Hasan Ali,Asif Ali,Haris Rauf,0,0,,,,,,,,,
1293032,2021/22,2022-02-25,"Gaddafi Stadium, Lahore",2,16.1,Islamabad United,Lahore Qalandars,Asif Ali,Hasan Ali,Shaheen Shah Afridi,0,0,,,,,,,,,
1293032,2021/22,2022-02-25,"Gaddafi Stadium, Lahore",2,16.2,Islamabad United,Lahore Qalandars,Asif Ali,Hasan Ali,Shaheen Shah Afridi,4,0,,,,,,,,,
1293032,2021/22,2022-02-25,"Gaddafi Stadium, Lahore",2,16.3,Islamabad United,Lahore Qalandars,Asif Ali,Hasan Ali,Shaheen Shah Afridi,1,0,,,,,,,,,
1293032,2021/22,2022-02-25,"Gaddafi Stadium, Lahore",2,16.4,Islamabad United,Lahore Qalandars,Hasan Ali,Asif Ali,Shaheen Shah Afridi,0,1,,1,,,,,,,
1293032,2021/22,2022-02-25,"Gaddafi Stadium, Lahore",2,16.5,Islamabad United,Lahore Qalandars,Asif Ali,Hasan Ali,Shaheen Shah Afridi,2,0,,,,,,,,,
1293032,2021/22,2022-02-25,"Gaddafi Stadium, Lahore",2,16.6,Islamabad United,Lahore Qalandars,Asif Ali,Hasan Ali,Shaheen Shah Afridi,1,0,,,,,,,,,
1293032,2021/22,2022-02-25,"Gaddafi Stadium, Lahore",2,16.7,Islamabad United,Lahore Qalandars,Hasan Ali,Asif Ali,Shaheen Shah Afridi,4,0,,,,,,,,,
1293032,2021/22,2022-02-25,"Gaddafi Stadium, Lahore",2,17.1,Islamabad United,Lahore Qalandars,Asif Ali,Hasan Ali,Zaman Khan,1,0,,,,,,,,,
1293032,2021/22,2022-02-25,"Gaddafi Stadium, Lahore",2,17.2,Islamabad United,Lahore Qalandars,Hasan Ali,Asif Ali,Zaman Khan,0,0,,,,,,caught,Hasan Ali,,
1293032,2021/22,2022-02-25,"Gaddafi Stadium, Lahore",2,17.3,Islamabad United,Lahore Qalandars,Asif Ali,Mohammad Wasim,Zaman Khan,1,0,,,,,,,,,
1293032,2021/22,2022-02-25,"Gaddafi Stadium, Lahore",2,17.4,Islamabad United,Lahore Qalandars,Mohammad Wasim,Asif Ali,Zaman Khan,1,0,,,,,,,,,
1293032,2021/22,2022-02-25,"Gaddafi Stadium, Lahore",2,17.5,Islamabad United,Lahore Qalandars,Asif Ali,Mohammad Wasim,Zaman Khan,1,0,,,,,,,,,
1293032,2021/22,2022-02-25,"Gaddafi Stadium, Lahore",2,17.6,Islamabad United,Lahore Qalandars,Mohammad Wasim,Asif Ali,Zaman Khan,1,0,,,,,,,,,
1293032,2021/22,2022-02-25,"Gaddafi Stadium, Lahore",2,18.1,Islamabad United,Lahore Qalandars,Mohammad Wasim,Asif Ali,Haris Rauf,1,0,,,,,,,,,
1293032,2021/22,2022-02-25,"Gaddafi Stadium, Lahore",2,18.2,Islamabad United,Lahore Qalandars,Asif Ali,Mohammad Wasim,Haris Rauf,6,0,,,,,,,,,
1293032,2021/22,2022-02-25,"Gaddafi Stadium, Lahore",2,18.3,Islamabad United,Lahore Qalandars,Asif Ali,Mohammad Wasim,Haris Rauf,1,0,,,,,,,,,
1293032,2021/22,2022-02-25,"Gaddafi Stadium, Lahore",2,18.4,Islamabad United,Lahore Qalandars,Mohammad Wasim,Asif Ali,Haris Rauf,1,0,,,,,,,,,
1293032,2021/22,2022-02-25,"Gaddafi Stadium, Lahore",2,18.5,Islamabad United,Lahore Qalandars,Asif Ali,Mohammad Wasim,Haris Rauf,0,0,,,,,,,,,
1293032,2021/22,2022-02-25,"Gaddafi Stadium, Lahore",2,18.6,Islamabad United,Lahore Qalandars,Asif Ali,Mohammad Wasim,Haris Rauf,0,0,,,,,,caught,Asif Ali,,
1293032,2021/22,2022-02-25,"Gaddafi Stadium, Lahore",2,19.1,Islamabad United,Lahore Qalandars,Mohammad Wasim,Athar Mahmood,D Wiese,0,0,,,,,,,,,
1293032,2021/22,2022-02-25,"Gaddafi Stadium, Lahore",2,19.2,Islamabad United,Lahore Qalandars,Mohammad Wasim,Athar Mahmood,D Wiese,0,0,,,,,,,,,
1293032,2021/22,2022-02-25,"Gaddafi Stadium, Lahore",2,19.3,Islamabad United,Lahore Qalandars,Mohammad Wasim,Athar Mahmood,D Wiese,1,0,,,,,,run out,Mohammad Wasim,,
1293032,2021/22,2022-02-25,"Gaddafi Stadium, Lahore",2,19.4,Islamabad United,Lahore Qalandars,Waqas Maqsood,Athar Mahmood,D Wiese,0,0,,,,,,caught,Waqas Maqsood,,
