match_id,season,start_date,venue,innings,ball,batting_team,bowling_team,striker,non_striker,bowler,runs_off_bat,extras,wides,noballs,byes,legbyes,penalty,wicket_type,player_dismissed,other_wicket_type,other_player_dismissed
1293021,2021/22,2022-02-15,"Gaddafi Stadium, Lahore",1,0.1,Peshawar Zalmi,Quetta Gladiators,Hazratullah,Mohammad Haris,Sohail Tanvir,0,0,,,,,,,,,
1293021,2021/22,2022-02-15,"Gaddafi Stadium, Lahore",1,0.2,Peshawar Zalmi,Quetta Gladiators,Hazratullah,Mohammad Haris,Sohail Tanvir,0,0,,,,,,,,,
1293021,2021/22,2022-02-15,"Gaddafi Stadium, Lahore",1,0.3,Peshawar Zalmi,Quetta Gladiators,Hazratullah,Mohammad Haris,Sohail Tanvir,1,0,,,,,,,,,
1293021,2021/22,2022-02-15,"Gaddafi Stadium, Lahore",1,0.4,Peshawar Zalmi,Quetta Gladiators,Mohammad Haris,Hazratullah,Sohail Tanvir,0,0,,,,,,,,,
1293021,2021/22,2022-02-15,"Gaddafi Stadium, Lahore",1,0.5,Peshawar Zalmi,Quetta Gladiators,Mohammad Haris,Hazratullah,Sohail Tanvir,0,0,,,,,,,,,
1293021,2021/22,2022-02-15,"Gaddafi Stadium, Lahore",1,0.6,Peshawar Zalmi,Quetta Gladiators,Mohammad Haris,Hazratullah,Sohail Tanvir,4,0,,,,,,,,,
1293021,2021/22,2022-02-15,"Gaddafi Stadium, Lahore",1,1.1,Peshawar Zalmi,Quetta Gladiators,Hazratullah,Mohammad Haris,Naseem Shah,0,0,,,,,,lbw,Hazratullah,,
1293021,2021/22,2022-02-15,"Gaddafi Stadium, Lahore",1,1.2,Peshawar Zalmi,Quetta Gladiators,LS Livingstone,Mohammad Haris,Naseem Shah,0,1,,1,,,,,,,
1293021,2021/22,2022-02-15,"Gaddafi Stadium, Lahore",1,1.3,Peshawar Zalmi,Quetta Gladiators,LS Livingstone,Mohammad Haris,Naseem Shah,0,0,,,,,,,,,
1293021,2021/22,2022-02-15,"Gaddafi Stadium, Lahore",1,1.4,Peshawar Zalmi,Quetta Gladiators,LS Livingstone,Mohammad Haris,Naseem Shah,0,0,,,,,,bowled,LS Livingstone,,
1293021,2021/22,2022-02-15,"Gaddafi Stadium, Lahore",1,1.5,Peshawar Zalmi,Quetta Gladiators,Shoaib Malik,Mohammad Haris,Naseem Shah,4,0,,,,,,,,,
1293021,2021/22,2022-02-15,"Gaddafi Stadium, Lahore",1,1.6,Peshawar Zalmi,Quetta Gladiators,Shoaib Malik,Mohammad Haris,Naseem Shah,0,0,,,,,,,,,
1293021,2021/22,2022-02-15,"Gaddafi Stadium, Lahore",1,1.7,Peshawar Zalmi,Quetta Gladiators,Shoaib Malik,Mohammad Haris,Naseem Shah,1,0,,,,,,,,,
1293021,2021/22,2022-02-15,"Gaddafi Stadium, Lahore",1,2.1,Peshawar Zalmi,Quetta Gladiators,Shoaib Malik,Mohammad Haris,Sohail Tanvir,4,0,,,,,,,,,
1293021,2021/22,2022-02-15,"Gaddafi Stadium, Lahore",1,2.2,Peshawar Zalmi,Quetta Gladiators,Shoaib Malik,Mohammad Haris,Sohail Tanvir,0,0,,,,,,,,,
1293021,2021/22,2022-02-15,"Gaddafi Stadium, Lahore",1,2.3,Peshawar Zalmi,Quetta Gladiators,Shoaib Malik,Mohammad Haris,Sohail Tanvir,0,0,,,,,,,,,
1293021,2021/22,2022-02-15,"Gaddafi Stadium, Lahore",1,2.4,Peshawar Zalmi,Quetta Gladiators,Shoaib Malik,Mohammad Haris,Sohail Tanvir,1,0,,,,,,,,,
1293021,2021/22,2022-02-15,"Gaddafi Stadium, Lahore",1,2.5,Peshawar Zalmi,Quetta Gladiators,Mohammad Haris,Shoaib Malik,Sohail Tanvir,0,0,,,,,,,,,
1293021,2021/22,2022-02-15,"Gaddafi Stadium, Lahore",1,2.6,Peshawar Zalmi,Quetta Gladiators,Mohammad Haris,Shoaib Malik,Sohail Tanvir,0,0,,,,,,,,,
1293021,2021/22,2022-02-15,"Gaddafi Stadium, Lahore",1,3.1,Peshawar Zalmi,Quetta Gladiators,Shoaib Malik,Mohammad Haris,Naseem Shah,4,0,,,,,,,,,
1293021,2021/22,2022-02-15,"Gaddafi Stadium, Lahore",1,3.2,Peshawar Zalmi,Quetta Gladiators,Shoaib Malik,Mohammad Haris,Naseem Shah,1,0,,,,,,,,,
1293021,2021/22,2022-02-15,"Gaddafi Stadium, Lahore",1,3.3,Peshawar Zalmi,Quetta Gladiators,Mohammad Haris,Shoaib Malik,Naseem Shah,0,0,,,,,,,,,
1293021,2021/22,2022-02-15,"Gaddafi Stadium, Lahore",1,3.4,Peshawar Zalmi,Quetta Gladiators,Mohammad Haris,Shoaib Malik,Naseem Shah,4,0,,,,,,,,,
1293021,2021/22,2022-02-15,"Gaddafi Stadium, Lahore",1,3.5,Peshawar Zalmi,Quetta Gladiators,Mohammad Haris,Shoaib Malik,Naseem Shah,1,0,,,,,,,,,
1293021,2021/22,2022-02-15,"Gaddafi Stadium, Lahore",1,3.6,Peshawar Zalmi,Quetta Gladiators,Shoaib Malik,Mohammad Haris,Naseem Shah,1,0,,,,,,,,,
1293021,2021/22,2022-02-15,"Gaddafi Stadium, Lahore",1,4.1,Peshawar Zalmi,Quetta Gladiators,Shoaib Malik,Mohammad Haris,Khurram Shahzad,4,0,,,,,,,,,
1293021,2021/22,2022-02-15,"Gaddafi Stadium, Lahore",1,4.2,Peshawar Zalmi,Quetta Gladiators,Shoaib Malik,Mohammad Haris,Khurram Shahzad,1,0,,,,,,,,,
1293021,2021/22,2022-02-15,"Gaddafi Stadium, Lahore",1,4.3,Peshawar Zalmi,Quetta Gladiators,Mohammad Haris,Shoaib Malik,Khurram Shahzad,4,0,,,,,,,,,
1293021,2021/22,2022-02-15,"Gaddafi Stadium, Lahore",1,4.4,Peshawar Zalmi,Quetta Gladiators,Mohammad Haris,Shoaib Malik,Khurram Shahzad,4,0,,,,,,,,,
1293021,2021/22,2022-02-15,"Gaddafi Stadium, Lahore",1,4.5,Peshawar Zalmi,Quetta Gladiators,Mohammad Haris,Shoaib Malik,Khurram Shahzad,0,0,,,,,,,,,
1293021,2021/22,2022-02-15,"Gaddafi Stadium, Lahore",1,4.6,Peshawar Zalmi,Quetta Gladiators,Mohammad Haris,Shoaib Malik,Khurram Shahzad,4,0,,,,,,,,,
1293021,2021/22,2022-02-15,"Gaddafi Stadium, Lahore",1,5.1,Peshawar Zalmi,Quetta Gladiators,Shoaib Malik,Mohammad Haris,Noor Ahmad,1,0,,,,,,,,,
1293021,2021/22,2022-02-15,"Gaddafi Stadium, Lahore",1,5.2,Peshawar Zalmi,Quetta Gladiators,Mohammad Haris,Shoaib Malik,Noor Ahmad,4,0,,,,,,,,,
1293021,2021/22,2022-02-15,"Gaddafi Stadium, Lahore",1,5.3,Peshawar Zalmi,Quetta Gladiators,Mohammad Haris,Shoaib Malik,Noor Ahmad,1,0,,,,,,,,,
1293021,2021/22,2022-02-15,"Gaddafi Stadium, Lahore",1,5.4,Peshawar Zalmi,Quetta Gladiators,Shoaib Malik,Mohammad Haris,Noor Ahmad,0,0,,,,,,,,,
1293021,2021/22,2022-02-15,"Gaddafi Stadium, Lahore",1,5.5,Peshawar Zalmi,Quetta Gladiators,Shoaib Malik,Mohammad Haris,Noor Ahmad,1,0,,,,,,,,,
1293021,2021/22,2022-02-15,"Gaddafi Stadium, Lahore",1,5.6,Peshawar Zalmi,Quetta Gladiators,Mohammad Haris,Shoaib Malik,Noor Ahmad,2,0,,,,,,,,,
1293021,2021/22,2022-02-15,"Gaddafi Stadium, Lahore",1,6.1,Peshawar Zalmi,Quetta Gladiators,Shoaib Malik,Mohammad Haris,Ghulam Mudassar,1,0,,,,,,,,,
1293021,2021/22,2022-02-15,"Gaddafi Stadium, Lahore",1,6.2,Peshawar Zalmi,Quetta Gladiators,Mohammad Haris,Shoaib Malik,Ghulam Mudassar,1,0,,,,,,,,,
1293021,2021/22,2022-02-15,"Gaddafi Stadium, Lahore",1,6.3,Peshawar Zalmi,Quetta Gladiators,Shoaib Malik,Mohammad Haris,Ghulam Mudassar,1,0,,,,,,,,,
1293021,2021/22,2022-02-15,"Gaddafi Stadium, Lahore",1,6.4,Peshawar Zalmi,Quetta Gladiators,Mohammad Haris,Shoaib Malik,Ghulam Mudassar,0,1,1,,,,,,,,
1293021,2021/22,2022-02-15,"Gaddafi Stadium, Lahore",1,6.5,Peshawar Zalmi,Quetta Gladiators,Mohammad Haris,Shoaib Malik,Ghulam Mudassar,0,1,1,,,,,,,,
1293021,2021/22,2022-02-15,"Gaddafi Stadium, Lahore",1,6.6,Peshawar Zalmi,Quetta Gladiators,Mohammad Haris,Shoaib Malik,Ghulam Mudassar,0,0,,,,,,caught and bowled,Mohammad Haris,,
1293021,2021/22,2022-02-15,"Gaddafi Stadium, Lahore",1,6.7,Peshawar Zalmi,Quetta Gladiators,Shoaib Malik,Hussain Talat,Ghulam Mudassar,0,0,,,,,,,,,
1293021,2021/22,2022-02-15,"Gaddafi Stadium, Lahore",1,6.8,Peshawar Zalmi,Quetta Gladiators,Shoaib Malik,Hussain Talat,Ghulam Mudassar,0,0,,,,,,,,,
1293021,2021/22,2022-02-15,"Gaddafi Stadium, Lahore",1,7.1,Peshawar Zalmi,Quetta Gladiators,Hussain Talat,Shoaib Malik,Khurram Shahzad,2,0,,,,,,,,,
1293021,2021/22,2022-02-15,"Gaddafi Stadium, Lahore",1,7.2,Peshawar Zalmi,Quetta Gladiators,Hussain Talat,Shoaib Malik,Khurram Shahzad,1,0,,,,,,,,,
1293021,2021/22,2022-02-15,"Gaddafi Stadium, Lahore",1,7.3,Peshawar Zalmi,Quetta Gladiators,Shoaib Malik,Hussain Talat,Khurram Shahzad,1,0,,,,,,,,,
1293021,2021/22,2022-02-15,"Gaddafi Stadium, Lahore",1,7.4,Peshawar Zalmi,Quetta Gladiators,Hussain Talat,Shoaib Malik,Khurram Shahzad,1,0,,,,,,,,,
1293021,2021/22,2022-02-15,"Gaddafi Stadium, Lahore",1,7.5,Peshawar Zalmi,Quetta Gladiators,Shoaib Malik,Hussain Talat,Khurram Shahzad,1,0,,,,,,,,,
1293021,2021/22,2022-02-15,"Gaddafi Stadium, Lahore",1,7.6,Peshawar Zalmi,Quetta Gladiators,Hussain Talat,Shoaib Malik,Khurram Shahzad,1,0,,,,,,,,,
1293021,2021/22,2022-02-15,"Gaddafi Stadium, Lahore",1,8.1,Peshawar Zalmi,Quetta Gladiators,Hussain Talat,Shoaib Malik,Ghulam Mudassar,1,0,,,,,,,,,
1293021,2021/22,2022-02-15,"Gaddafi Stadium, Lahore",1,8.2,Peshawar Zalmi,Quetta Gladiators,Shoaib Malik,Hussain Talat,Ghulam Mudassar,2,0,,,,,,,,,
1293021,2021/22,2022-02-15,"Gaddafi Stadium, Lahore",1,8.3,Peshawar Zalmi,Quetta Gladiators,Shoaib Malik,Hussain Talat,Ghulam Mudassar,4,0,,,,,,,,,
1293021,2021/22,2022-02-15,"Gaddafi Stadium, Lahore",1,8.4,Peshawar Zalmi,Quetta Gladiators,Shoaib Malik,Hussain Talat,Ghulam Mudassar,0,0,,,,,,,,,
1293021,2021/22,2022-02-15,"Gaddafi Stadium, Lahore",1,8.5,Peshawar Zalmi,Quetta Gladiators,Shoaib Malik,Hussain Talat,Ghulam Mudassar,1,0,,,,,,,,,
1293021,2021/22,2022-02-15,"Gaddafi Stadium, Lahore",1,8.6,Peshawar Zalmi,Quetta Gladiators,Hussain Talat,Shoaib Malik,Ghulam Mudassar,1,0,,,,,,,,,
1293021,2021/22,2022-02-15,"Gaddafi Stadium, Lahore",1,9.1,Peshawar Zalmi,Quetta Gladiators,Hussain Talat,Shoaib Malik,Noor Ahmad,1,0,,,,,,,,,
1293021,2021/22,2022-02-15,"Gaddafi Stadium, Lahore",1,9.2,Peshawar Zalmi,Quetta Gladiators,Shoaib Malik,Hussain Talat,Noor Ahmad,4,0,,,,,,,,,
1293021,2021/22,2022-02-15,"Gaddafi Stadium, Lahore",1,9.3,Peshawar Zalmi,Quetta Gladiators,Shoaib Malik,Hussain Talat,Noor Ahmad,0,1,1,,,,,,,,
1293021,2021/22,2022-02-15,"Gaddafi Stadium, Lahore",1,9.4,Peshawar Zalmi,Quetta Gladiators,Shoaib Malik,Hussain Talat,Noor Ahmad,1,0,,,,,,,,,
1293021,2021/22,2022-02-15,"Gaddafi Stadium, Lahore",1,9.5,Peshawar Zalmi,Quetta Gladiators,Hussain Talat,Shoaib Malik,Noor Ahmad,2,0,,,,,,,,,
1293021,2021/22,2022-02-15,"Gaddafi Stadium, Lahore",1,9.6,Peshawar Zalmi,Quetta Gladiators,Hussain Talat,Shoaib Malik,Noor Ahmad,4,0,,,,,,,,,
1293021,2021/22,2022-02-15,"Gaddafi Stadium, Lahore",1,9.7,Peshawar Zalmi,Quetta Gladiators,Hussain Talat,Shoaib Malik,Noor Ahmad,0,0,,,,,,,,,
1293021,2021/22,2022-02-15,"Gaddafi Stadium, Lahore",1,10.1,Peshawar Zalmi,Quetta Gladiators,Shoaib Malik,Hussain Talat,Khurram Shahzad,1,0,,,,,,,,,
1293021,2021/22,2022-02-15,"Gaddafi Stadium, Lahore",1,10.2,Peshawar Zalmi,Quetta Gladiators,Hussain Talat,Shoaib Malik,Khurram Shahzad,4,0,,,,,,,,,
1293021,2021/22,2022-02-15,"Gaddafi Stadium, Lahore",1,10.3,Peshawar Zalmi,Quetta Gladiators,Hussain Talat,Shoaib Malik,Khurram Shahzad,1,0,,,,,,,,,
1293021,2021/22,2022-02-15,"Gaddafi Stadium, Lahore",1,10.4,Peshawar Zalmi,Quetta Gladiators,Shoaib Malik,Hussain Talat,Khurram Shahzad,1,0,,,,,,,,,
1293021,2021/22,2022-02-15,"Gaddafi Stadium, Lahore",1,10.5,Peshawar Zalmi,Quetta Gladiators,Hussain Talat,Shoaib Malik,Khurram Shahzad,4,0,,,,,,,,,
1293021,2021/22,2022-02-15,"Gaddafi Stadium, Lahore",1,10.6,Peshawar Zalmi,Quetta Gladiators,Hussain Talat,Shoaib Malik,Khurram Shahzad,1,0,,,,,,,,,
1293021,2021/22,2022-02-15,"Gaddafi Stadium, Lahore",1,11.1,Peshawar Zalmi,Quetta Gladiators,Hussain Talat,Shoaib Malik,Noor Ahmad,1,0,,,,,,,,,
1293021,2021/22,2022-02-15,"Gaddafi Stadium, Lahore",1,11.2,Peshawar Zalmi,Quetta Gladiators,Shoaib Malik,Hussain Talat,Noor Ahmad,2,0,,,,,,,,,
1293021,2021/22,2022-02-15,"Gaddafi Stadium, Lahore",1,11.3,Peshawar Zalmi,Quetta Gladiators,Shoaib Malik,Hussain Talat,Noor Ahmad,2,0,,,,,,,,,
1293021,2021/22,2022-02-15,"Gaddafi Stadium, Lahore",1,11.4,Peshawar Zalmi,Quetta Gladiators,Shoaib Malik,Hussain Talat,Noor Ahmad,0,0,,,,,,,,,
1293021,2021/22,2022-02-15,"Gaddafi Stadium, Lahore",1,11.5,Peshawar Zalmi,Quetta Gladiators,Shoaib Malik,Hussain Talat,Noor Ahmad,0,2,2,,,,,,,,
1293021,2021/22,2022-02-15,"Gaddafi Stadium, Lahore",1,11.6,Peshawar Zalmi,Quetta Gladiators,Hussain Talat,Shoaib Malik,Noor Ahmad,1,0,,,,,,,,,
1293021,2021/22,2022-02-15,"Gaddafi Stadium, Lahore",1,11.7,Peshawar Zalmi,Quetta Gladiators,Shoaib Malik,Hussain Talat,Noor Ahmad,1,0,,,,,,,,,
1293021,2021/22,2022-02-15,"Gaddafi Stadium, Lahore",1,12.1,Peshawar Zalmi,Quetta Gladiators,Shoaib Malik,Hussain Talat,Ghulam Mudassar,1,0,,,,,,,,,
1293021,2021/22,2022-02-15,"Gaddafi Stadium, Lahore",1,12.2,Peshawar Zalmi,Quetta Gladiators,Hussain Talat,Shoaib Malik,Ghulam Mudassar,1,0,,,,,,,,,
1293021,2021/22,2022-02-15,"Gaddafi Stadium, Lahore",1,12.3,Peshawar Zalmi,Quetta Gladiators,Shoaib Malik,Hussain Talat,Ghulam Mudassar,4,0,,,,,,,,,
1293021,2021/22,2022-02-15,"Gaddafi Stadium, Lahore",1,12.4,Peshawar Zalmi,Quetta Gladiators,Shoaib Malik,Hussain Talat,Ghulam Mudassar,1,0,,,,,,,,,
1293021,2021/22,2022-02-15,"Gaddafi Stadium, Lahore",1,12.5,Peshawar Zalmi,Quetta Gladiators,Hussain Talat,Shoaib Malik,Ghulam Mudassar,4,0,,,,,,,,,
1293021,2021/22,2022-02-15,"Gaddafi Stadium, Lahore",1,12.6,Peshawar Zalmi,Quetta Gladiators,Hussain Talat,Shoaib Malik,Ghulam Mudassar,4,0,,,,,,,,,
1293021,2021/22,2022-02-15,"Gaddafi Stadium, Lahore",1,13.1,Peshawar Zalmi,Quetta Gladiators,Shoaib Malik,Hussain Talat,Noor Ahmad,1,0,,,,,,,,,
1293021,2021/22,2022-02-15,"Gaddafi Stadium, Lahore",1,13.2,Peshawar Zalmi,Quetta Gladiators,Hussain Talat,Shoaib Malik,Noor Ahmad,0,0,,,,,,,,,
1293021,2021/22,2022-02-15,"Gaddafi Stadium, Lahore",1,13.3,Peshawar Zalmi,Quetta Gladiators,Hussain Talat,Shoaib Malik,Noor Ahmad,0,1,1,,,,,,,,
1293021,2021/22,2022-02-15,"Gaddafi Stadium, Lahore",1,13.4,Peshawar Zalmi,Quetta Gladiators,Hussain Talat,Shoaib Malik,Noor Ahmad,0,0,,,,,,,,,
1293021,2021/22,2022-02-15,"Gaddafi Stadium, Lahore",1,13.5,Peshawar Zalmi,Quetta Gladiators,Hussain Talat,Shoaib Malik,Noor Ahmad,1,0,,,,,,,,,
1293021,2021/22,2022-02-15,"Gaddafi Stadium, Lahore",1,13.6,Peshawar Zalmi,Quetta Gladiators,Shoaib Malik,Hussain Talat,Noor Ahmad,1,0,,,,,,,,,
1293021,2021/22,2022-02-15,"Gaddafi Stadium, Lahore",1,13.7,Peshawar Zalmi,Quetta Gladiators,Hussain Talat,Shoaib Malik,Noor Ahmad,0,0,,,,,,,,,
1293021,2021/22,2022-02-15,"Gaddafi Stadium, Lahore",1,14.1,Peshawar Zalmi,Quetta Gladiators,Shoaib Malik,Hussain Talat,Khurram Shahzad,0,0,,,,,,,,,
1293021,2021/22,2022-02-15,"Gaddafi Stadium, Lahore",1,14.2,Peshawar Zalmi,Quetta Gladiators,Shoaib Malik,Hussain Talat,Khurram Shahzad,4,0,,,,,,,,,
1293021,2021/22,2022-02-15,"Gaddafi Stadium, Lahore",1,14.3,Peshawar Zalmi,Quetta Gladiators,Shoaib Malik,Hussain Talat,Khurram Shahzad,0,0,,,,,,caught,Shoaib Malik,,
1293021,2021/22,2022-02-15,"Gaddafi Stadium, Lahore",1,14.4,Peshawar Zalmi,Quetta Gladiators,SE Rutherford,Hussain Talat,Khurram Shahzad,0,0,,,,,,,,,
1293021,2021/22,2022-02-15,"Gaddafi Stadium, Lahore",1,14.5,Peshawar Zalmi,Quetta Gladiators,SE Rutherford,Hussain Talat,Khurram Shahzad,0,0,,,,,,,,,
1293021,2021/22,2022-02-15,"Gaddafi Stadium, Lahore",1,14.6,Peshawar Zalmi,Quetta Gladiators,SE Rutherford,Hussain Talat,Khurram Shahzad,0,1,,,,1,,,,,
1293021,2021/22,2022-02-15,"Gaddafi Stadium, Lahore",1,15.1,Peshawar Zalmi,Quetta Gladiators,SE Rutherford,Hussain Talat,Iftikhar Ahmed,0,0,,,,,,,,,
1293021,2021/22,2022-02-15,"Gaddafi Stadium, Lahore",1,15.2,Peshawar Zalmi,Quetta Gladiators,SE Rutherford,Hussain Talat,Iftikhar Ahmed,0,0,,,,,,,,,
1293021,2021/22,2022-02-15,"Gaddafi Stadium, Lahore",1,15.3,Peshawar Zalmi,Quetta Gladiators,SE Rutherford,Hussain Talat,Iftikhar Ahmed,0,0,,,,,,caught,SE Rutherford,,
1293021,2021/22,2022-02-15,"Gaddafi Stadium, Lahore",1,15.4,Peshawar Zalmi,Quetta Gladiators,BCJ Cutting,Hussain Talat,Iftikhar Ahmed,1,0,,,,,,,,,
1293021,2021/22,2022-02-15,"Gaddafi Stadium, Lahore",1,15.5,Peshawar Zalmi,Quetta Gladiators,Hussain Talat,BCJ Cutting,Iftikhar Ahmed,0,0,,,,,,,,,
1293021,2021/22,2022-02-15,"Gaddafi Stadium, Lahore",1,15.6,Peshawar Zalmi,Quetta Gladiators,Hussain Talat,BCJ Cutting,Iftikhar Ahmed,1,0,,,,,,,,,
1293021,2021/22,2022-02-15,"Gaddafi Stadium, Lahore",1,16.1,Peshawar Zalmi,Quetta Gladiators,Hussain Talat,BCJ Cutting,Sohail Tanvir,6,0,,,,,,,,,
1293021,2021/22,2022-02-15,"Gaddafi Stadium, Lahore",1,16.2,Peshawar Zalmi,Quetta Gladiators,Hussain Talat,BCJ Cutting,Sohail Tanvir,0,0,,,,,,,,,
1293021,2021/22,2022-02-15,"Gaddafi Stadium, Lahore",1,16.3,Peshawar Zalmi,Quetta Gladiators,Hussain Talat,BCJ Cutting,Sohail Tanvir,1,0,,,,,,,,,
1293021,2021/22,2022-02-15,"Gaddafi Stadium, Lahore",1,16.4,Peshawar Zalmi,Quetta Gladiators,BCJ Cutting,Hussain Talat,Sohail Tanvir,0,0,,,,,,,,,
1293021,2021/22,2022-02-15,"Gaddafi Stadium, Lahore",1,16.5,Peshawar Zalmi,Quetta Gladiators,BCJ Cutting,Hussain Talat,Sohail Tanvir,2,0,,,,,,,,,
1293021,2021/22,2022-02-15,"Gaddafi Stadium, Lahore",1,16.6,Peshawar Zalmi,Quetta Gladiators,BCJ Cutting,Hussain Talat,Sohail Tanvir,4,0,,,,,,,,,
1293021,2021/22,2022-02-15,"Gaddafi Stadium, Lahore",1,17.1,Peshawar Zalmi,Quetta Gladiators,Hussain Talat,BCJ Cutting,Naseem Shah,1,0,,,,,,,,,
1293021,2021/22,2022-02-15,"Gaddafi Stadium, Lahore",1,17.2,Peshawar Zalmi,Quetta Gladiators,BCJ Cutting,Hussain Talat,Naseem Shah,0,0,,,,,,,,,
1293021,2021/22,2022-02-15,"Gaddafi Stadium, Lahore",1,17.3,Peshawar Zalmi,Quetta Gladiators,BCJ Cutting,Hussain Talat,Naseem Shah,1,0,,,,,,,,,
1293021,2021/22,2022-02-15,"Gaddafi Stadium, Lahore",1,17.4,Peshawar Zalmi,Quetta Gladiators,Hussain Talat,BCJ Cutting,Naseem Shah,4,0,,,,,,,,,
1293021,2021/22,2022-02-15,"Gaddafi Stadium, Lahore",1,17.5,Peshawar Zalmi,Quetta Gladiators,Hussain Talat,BCJ Cutting,Naseem Shah,1,0,,,,,,,,,
1293021,2021/22,2022-02-15,"Gaddafi Stadium, Lahore",1,17.6,Peshawar Zalmi,Quetta Gladiators,BCJ Cutting,Hussain Talat,Naseem Shah,1,0,,,,,,,,,
1293021,2021/22,2022-02-15,"Gaddafi Stadium, Lahore",1,18.1,Peshawar Zalmi,Quetta Gladiators,BCJ Cutting,Hussain Talat,Sohail Tanvir,6,0,,,,,,,,,
1293021,2021/22,2022-02-15,"Gaddafi Stadium, Lahore",1,18.2,Peshawar Zalmi,Quetta Gladiators,BCJ Cutting,Hussain Talat,Sohail Tanvir,6,0,,,,,,,,,
1293021,2021/22,2022-02-15,"Gaddafi Stadium, Lahore",1,18.3,Peshawar Zalmi,Quetta Gladiators,BCJ Cutting,Hussain Talat,Sohail Tanvir,6,0,,,,,,,,,
1293021,2021/22,2022-02-15,"Gaddafi Stadium, Lahore",1,18.4,Peshawar Zalmi,Quetta Gladiators,BCJ Cutting,Hussain Talat,Sohail Tanvir,2,0,,,,,,,,,
1293021,2021/22,2022-02-15,"Gaddafi Stadium, Lahore",1,18.5,Peshawar Zalmi,Quetta Gladiators,BCJ Cutting,Hussain Talat,Sohail Tanvir,6,0,,,,,,,,,
1293021,2021/22,2022-02-15,"Gaddafi Stadium, Lahore",1,18.6,Peshawar Zalmi,Quetta Gladiators,BCJ Cutting,Hussain Talat,Sohail Tanvir,1,0,,,,,,,,,
1293021,2021/22,2022-02-15,"Gaddafi Stadium, Lahore",1,19.1,Peshawar Zalmi,Quetta Gladiators,BCJ Cutting,Hussain Talat,Naseem Shah,0,0,,,,,,caught,BCJ Cutting,,
1293021,2021/22,2022-02-15,"Gaddafi Stadium, Lahore",1,19.2,Peshawar Zalmi,Quetta Gladiators,Hussain Talat,Wahab Riaz,Naseem Shah,1,0,,,,,,,,,
1293021,2021/22,2022-02-15,"Gaddafi Stadium, Lahore",1,19.3,Peshawar Zalmi,Quetta Gladiators,Wahab Riaz,Hussain Talat,Naseem Shah,1,0,,,,,,,,,
1293021,2021/22,2022-02-15,"Gaddafi Stadium, Lahore",1,19.4,Peshawar Zalmi,Quetta Gladiators,Hussain Talat,Wahab Riaz,Naseem Shah,0,0,,,,,,caught,Hussain Talat,,
1293021,2021/22,2022-02-15,"Gaddafi Stadium, Lahore",1,19.5,Peshawar Zalmi,Quetta Gladiators,Wahab Riaz,Usman Qadir,Naseem Shah,0,0,,,,,,,,,
1293021,2021/22,2022-02-15,"Gaddafi Stadium, Lahore",1,19.6,Peshawar Zalmi,Quetta Gladiators,Wahab Riaz,Usman Qadir,Naseem Shah,0,1,,,,1,,,,,
1293021,2021/22,2022-02-15,"Gaddafi Stadium, Lahore",2,0.1,Quetta Gladiators,Peshawar Zalmi,JJ Roy,WCF Smeed,LS Livingstone,0,0,,,,,,,,,
1293021,2021/22,2022-02-15,"Gaddafi Stadium, Lahore",2,0.2,Quetta Gladiators,Peshawar Zalmi,JJ Roy,WCF Smeed,LS Livingstone,0,0,,,,,,,,,
1293021,2021/22,2022-02-15,"Gaddafi Stadium, Lahore",2,0.3,Quetta Gladiators,Peshawar Zalmi,JJ Roy,WCF Smeed,LS Livingstone,1,0,,,,,,,,,
1293021,2021/22,2022-02-15,"Gaddafi Stadium, Lahore",2,0.4,Quetta Gladiators,Peshawar Zalmi,WCF Smeed,JJ Roy,LS Livingstone,1,0,,,,,,,,,
1293021,2021/22,2022-02-15,"Gaddafi Stadium, Lahore",2,0.5,Quetta Gladiators,Peshawar Zalmi,JJ Roy,WCF Smeed,LS Livingstone,0,0,,,,,,,,,
1293021,2021/22,2022-02-15,"Gaddafi Stadium, Lahore",2,0.6,Quetta Gladiators,Peshawar Zalmi,JJ Roy,WCF Smeed,LS Livingstone,4,0,,,,,,,,,
1293021,2021/22,2022-02-15,"Gaddafi Stadium, Lahore",2,1.1,Quetta Gladiators,Peshawar Zalmi,WCF Smeed,JJ Roy,Mohammad Umar,4,0,,,,,,,,,
1293021,2021/22,2022-02-15,"Gaddafi Stadium, Lahore",2,1.2,Quetta Gladiators,Peshawar Zalmi,WCF Smeed,JJ Roy,Mohammad Umar,4,0,,,,,,,,,
1293021,2021/22,2022-02-15,"Gaddafi Stadium, Lahore",2,1.3,Quetta Gladiators,Peshawar Zalmi,WCF Smeed,JJ Roy,Mohammad Umar,1,0,,,,,,,,,
1293021,2021/22,2022-02-15,"Gaddafi Stadium, Lahore",2,1.4,Quetta Gladiators,Peshawar Zalmi,JJ Roy,WCF Smeed,Mohammad Umar,2,0,,,,,,,,,
1293021,2021/22,2022-02-15,"Gaddafi Stadium, Lahore",2,1.5,Quetta Gladiators,Peshawar Zalmi,JJ Roy,WCF Smeed,Mohammad Umar,4,0,,,,,,,,,
1293021,2021/22,2022-02-15,"Gaddafi Stadium, Lahore",2,1.6,Quetta Gladiators,Peshawar Zalmi,JJ Roy,WCF Smeed,Mohammad Umar,2,0,,,,,,,,,
1293021,2021/22,2022-02-15,"Gaddafi Stadium, Lahore",2,2.1,Quetta Gladiators,Peshawar Zalmi,WCF Smeed,JJ Roy,LS Livingstone,0,0,,,,,,,,,
1293021,2021/22,2022-02-15,"Gaddafi Stadium, Lahore",2,2.2,Quetta Gladiators,Peshawar Zalmi,WCF Smeed,JJ Roy,LS Livingstone,1,0,,,,,,,,,
1293021,2021/22,2022-02-15,"Gaddafi Stadium, Lahore",2,2.3,Quetta Gladiators,Peshawar Zalmi,JJ Roy,WCF Smeed,LS Livingstone,0,0,,,,,,caught,JJ Roy,,
1293021,2021/22,2022-02-15,"Gaddafi Stadium, Lahore",2,2.4,Quetta Gladiators,Peshawar Zalmi,JM Vince,WCF Smeed,LS Livingstone,0,0,,,,,,,,,
1293021,2021/22,2022-02-15,"Gaddafi Stadium, Lahore",2,2.5,Quetta Gladiators,Peshawar Zalmi,JM Vince,WCF Smeed,LS Livingstone,0,0,,,,,,,,,
1293021,2021/22,2022-02-15,"Gaddafi Stadium, Lahore",2,2.6,Quetta Gladiators,Peshawar Zalmi,JM Vince,WCF Smeed,LS Livingstone,0,0,,,,,,,,,
1293021,2021/22,2022-02-15,"Gaddafi Stadium, Lahore",2,3.1,Quetta Gladiators,Peshawar Zalmi,WCF Smeed,JM Vince,Usman Qadir,4,0,,,,,,,,,
1293021,2021/22,2022-02-15,"Gaddafi Stadium, Lahore",2,3.2,Quetta Gladiators,Peshawar Zalmi,WCF Smeed,JM Vince,Usman Qadir,1,0,,,,,,,,,
1293021,2021/22,2022-02-15,"Gaddafi Stadium, Lahore",2,3.3,Quetta Gladiators,Peshawar Zalmi,JM Vince,WCF Smeed,Usman Qadir,0,0,,,,,,bowled,JM Vince,,
1293021,2021/22,2022-02-15,"Gaddafi Stadium, Lahore",2,3.4,Quetta Gladiators,Peshawar Zalmi,Sarfraz Ahmed,WCF Smeed,Usman Qadir,0,1,,,,1,,,,,
1293021,2021/22,2022-02-15,"Gaddafi Stadium, Lahore",2,3.5,Quetta Gladiators,Peshawar Zalmi,WCF Smeed,Sarfraz Ahmed,Usman Qadir,0,0,,,,,,,,,
1293021,2021/22,2022-02-15,"Gaddafi Stadium, Lahore",2,3.6,Quetta Gladiators,Peshawar Zalmi,WCF Smeed,Sarfraz Ahmed,Usman Qadir,4,0,,,,,,,,,
1293021,2021/22,2022-02-15,"Gaddafi Stadium, Lahore",2,4.1,Quetta Gladiators,Peshawar Zalmi,Sarfraz Ahmed,WCF Smeed,Wahab Riaz,0,0,,,,,,,,,
1293021,2021/22,2022-02-15,"Gaddafi Stadium, Lahore",2,4.2,Quetta Gladiators,Peshawar Zalmi,Sarfraz Ahmed,WCF Smeed,Wahab Riaz,1,0,,,,,,,,,
1293021,2021/22,2022-02-15,"Gaddafi Stadium, Lahore",2,4.3,Quetta Gladiators,Peshawar Zalmi,WCF Smeed,Sarfraz Ahmed,Wahab Riaz,0,0,,,,,,,,,
1293021,2021/22,2022-02-15,"Gaddafi Stadium, Lahore",2,4.4,Quetta Gladiators,Peshawar Zalmi,WCF Smeed,Sarfraz Ahmed,Wahab Riaz,4,0,,,,,,,,,
1293021,2021/22,2022-02-15,"Gaddafi Stadium, Lahore",2,4.5,Quetta Gladiators,Peshawar Zalmi,WCF Smeed,Sarfraz Ahmed,Wahab Riaz,1,0,,,,,,,,,
1293021,2021/22,2022-02-15,"Gaddafi Stadium, Lahore",2,4.6,Quetta Gladiators,Peshawar Zalmi,Sarfraz Ahmed,WCF Smeed,Wahab Riaz,1,0,,,,,,,,,
1293021,2021/22,2022-02-15,"Gaddafi Stadium, Lahore",2,5.1,Quetta Gladiators,Peshawar Zalmi,Sarfraz Ahmed,WCF Smeed,Salman Irshad,4,0,,,,,,,,,
1293021,2021/22,2022-02-15,"Gaddafi Stadium, Lahore",2,5.2,Quetta Gladiators,Peshawar Zalmi,Sarfraz Ahmed,WCF Smeed,Salman Irshad,1,0,,,,,,,,,
1293021,2021/22,2022-02-15,"Gaddafi Stadium, Lahore",2,5.3,Quetta Gladiators,Peshawar Zalmi,WCF Smeed,Sarfraz Ahmed,Salman Irshad,1,0,,,,,,,,,
1293021,2021/22,2022-02-15,"Gaddafi Stadium, Lahore",2,5.4,Quetta Gladiators,Peshawar Zalmi,Sarfraz Ahmed,WCF Smeed,Salman Irshad,2,0,,,,,,,,,
1293021,2021/22,2022-02-15,"Gaddafi Stadium, Lahore",2,5.5,Quetta Gladiators,Peshawar Zalmi,Sarfraz Ahmed,WCF Smeed,Salman Irshad,0,0,,,,,,,,,
1293021,2021/22,2022-02-15,"Gaddafi Stadium, Lahore",2,5.6,Quetta Gladiators,Peshawar Zalmi,Sarfraz Ahmed,WCF Smeed,Salman Irshad,1,0,,,,,,,,,
1293021,2021/22,2022-02-15,"Gaddafi Stadium, Lahore",2,6.1,Quetta Gladiators,Peshawar Zalmi,Sarfraz Ahmed,WCF Smeed,Usman Qadir,1,0,,,,,,,,,
1293021,2021/22,2022-02-15,"Gaddafi Stadium, Lahore",2,6.2,Quetta Gladiators,Peshawar Zalmi,WCF Smeed,Sarfraz Ahmed,Usman Qadir,1,0,,,,,,,,,
1293021,2021/22,2022-02-15,"Gaddafi Stadium, Lahore",2,6.3,Quetta Gladiators,Peshawar Zalmi,Sarfraz Ahmed,WCF Smeed,Usman Qadir,1,0,,,,,,,,,
1293021,2021/22,2022-02-15,"Gaddafi Stadium, Lahore",2,6.4,Quetta Gladiators,Peshawar Zalmi,WCF Smeed,Sarfraz Ahmed,Usman Qadir,0,0,,,,,,,,,
1293021,2021/22,2022-02-15,"Gaddafi Stadium, Lahore",2,6.5,Quetta Gladiators,Peshawar Zalmi,WCF Smeed,Sarfraz Ahmed,Usman Qadir,1,0,,,,,,,,,
1293021,2021/22,2022-02-15,"Gaddafi Stadium, Lahore",2,6.6,Quetta Gladiators,Peshawar Zalmi,Sarfraz Ahmed,WCF Smeed,Usman Qadir,4,0,,,,,,,,,
1293021,2021/22,2022-02-15,"Gaddafi Stadium, Lahore",2,7.1,Quetta Gladiators,Peshawar Zalmi,WCF Smeed,Sarfraz Ahmed,LS Livingstone,1,0,,,,,,,,,
1293021,2021/22,2022-02-15,"Gaddafi Stadium, Lahore",2,7.2,Quetta Gladiators,Peshawar Zalmi,Sarfraz Ahmed,WCF Smeed,LS Livingstone,4,0,,,,,,,,,
1293021,2021/22,2022-02-15,"Gaddafi Stadium, Lahore",2,7.3,Quetta Gladiators,Peshawar Zalmi,Sarfraz Ahmed,WCF Smeed,LS Livingstone,0,0,,,,,,,,,
1293021,2021/22,2022-02-15,"Gaddafi Stadium, Lahore",2,7.4,Quetta Gladiators,Peshawar Zalmi,Sarfraz Ahmed,WCF Smeed,LS Livingstone,1,0,,,,,,,,,
1293021,2021/22,2022-02-15,"Gaddafi Stadium, Lahore",2,7.5,Quetta Gladiators,Peshawar Zalmi,WCF Smeed,Sarfraz Ahmed,LS Livingstone,1,0,,,,,,,,,
1293021,2021/22,2022-02-15,"Gaddafi Stadium, Lahore",2,7.6,Quetta Gladiators,Peshawar Zalmi,Sarfraz Ahmed,WCF Smeed,LS Livingstone,0,0,,,,,,,,,
1293021,2021/22,2022-02-15,"Gaddafi Stadium, Lahore",2,8.1,Quetta Gladiators,Peshawar Zalmi,WCF Smeed,Sarfraz Ahmed,Hussain Talat,2,0,,,,,,,,,
1293021,2021/22,2022-02-15,"Gaddafi Stadium, Lahore",2,8.2,Quetta Gladiators,Peshawar Zalmi,WCF Smeed,Sarfraz Ahmed,Hussain Talat,0,0,,,,,,,,,
1293021,2021/22,2022-02-15,"Gaddafi Stadium, Lahore",2,8.3,Quetta Gladiators,Peshawar Zalmi,WCF Smeed,Sarfraz Ahmed,Hussain Talat,0,0,,,,,,,,,
1293021,2021/22,2022-02-15,"Gaddafi Stadium, Lahore",2,8.4,Quetta Gladiators,Peshawar Zalmi,WCF Smeed,Sarfraz Ahmed,Hussain Talat,1,0,,,,,,,,,
1293021,2021/22,2022-02-15,"Gaddafi Stadium, Lahore",2,8.5,Quetta Gladiators,Peshawar Zalmi,Sarfraz Ahmed,WCF Smeed,Hussain Talat,1,0,,,,,,,,,
1293021,2021/22,2022-02-15,"Gaddafi Stadium, Lahore",2,8.6,Quetta Gladiators,Peshawar Zalmi,WCF Smeed,Sarfraz Ahmed,Hussain Talat,1,0,,,,,,,,,
1293021,2021/22,2022-02-15,"Gaddafi Stadium, Lahore",2,9.1,Quetta Gladiators,Peshawar Zalmi,WCF Smeed,Sarfraz Ahmed,Mohammad Umar,1,0,,,,,,,,,
1293021,2021/22,2022-02-15,"Gaddafi Stadium, Lahore",2,9.2,Quetta Gladiators,Peshawar Zalmi,Sarfraz Ahmed,WCF Smeed,Mohammad Umar,1,0,,,,,,,,,
1293021,2021/22,2022-02-15,"Gaddafi Stadium, Lahore",2,9.3,Quetta Gladiators,Peshawar Zalmi,WCF Smeed,Sarfraz Ahmed,Mohammad Umar,4,0,,,,,,,,,
1293021,2021/22,2022-02-15,"Gaddafi Stadium, Lahore",2,9.4,Quetta Gladiators,Peshawar Zalmi,WCF Smeed,Sarfraz Ahmed,Mohammad Umar,1,0,,,,,,,,,
1293021,2021/22,2022-02-15,"Gaddafi Stadium, Lahore",2,9.5,Quetta Gladiators,Peshawar Zalmi,Sarfraz Ahmed,WCF Smeed,Mohammad Umar,1,0,,,,,,,,,
1293021,2021/22,2022-02-15,"Gaddafi Stadium, Lahore",2,9.6,Quetta Gladiators,Peshawar Zalmi,WCF Smeed,Sarfraz Ahmed,Mohammad Umar,1,0,,,,,,,,,
1293021,2021/22,2022-02-15,"Gaddafi Stadium, Lahore",2,10.1,Quetta Gladiators,Peshawar Zalmi,WCF Smeed,Sarfraz Ahmed,Hussain Talat,1,0,,,,,,,,,
1293021,2021/22,2022-02-15,"Gaddafi Stadium, Lahore",2,10.2,Quetta Gladiators,Peshawar Zalmi,Sarfraz Ahmed,WCF Smeed,Hussain Talat,1,0,,,,,,,,,
1293021,2021/22,2022-02-15,"Gaddafi Stadium, Lahore",2,10.3,Quetta Gladiators,Peshawar Zalmi,WCF Smeed,Sarfraz Ahmed,Hussain Talat,1,0,,,,,,,,,
1293021,2021/22,2022-02-15,"Gaddafi Stadium, Lahore",2,10.4,Quetta Gladiators,Peshawar Zalmi,Sarfraz Ahmed,WCF Smeed,Hussain Talat,0,0,,,,,,caught,Sarfraz Ahmed,,
1293021,2021/22,2022-02-15,"Gaddafi Stadium, Lahore",2,10.5,Quetta Gladiators,Peshawar Zalmi,Iftikhar Ahmed,WCF Smeed,Hussain Talat,0,0,,,,,,,,,
1293021,2021/22,2022-02-15,"Gaddafi Stadium, Lahore",2,10.6,Quetta Gladiators,Peshawar Zalmi,Iftikhar Ahmed,WCF Smeed,Hussain Talat,0,0,,,,,,,,,
1293021,2021/22,2022-02-15,"Gaddafi Stadium, Lahore",2,11.1,Quetta Gladiators,Peshawar Zalmi,WCF Smeed,Iftikhar Ahmed,Usman Qadir,0,0,,,,,,,,,
1293021,2021/22,2022-02-15,"Gaddafi Stadium, Lahore",2,11.2,Quetta Gladiators,Peshawar Zalmi,WCF Smeed,Iftikhar Ahmed,Usman Qadir,0,0,,,,,,,,,
1293021,2021/22,2022-02-15,"Gaddafi Stadium, Lahore",2,11.3,Quetta Gladiators,Peshawar Zalmi,WCF Smeed,Iftikhar Ahmed,Usman Qadir,1,0,,,,,,,,,
1293021,2021/22,2022-02-15,"Gaddafi Stadium, Lahore",2,11.4,Quetta Gladiators,Peshawar Zalmi,Iftikhar Ahmed,WCF Smeed,Usman Qadir,2,0,,,,,,,,,
1293021,2021/22,2022-02-15,"Gaddafi Stadium, Lahore",2,11.5,Quetta Gladiators,Peshawar Zalmi,Iftikhar Ahmed,WCF Smeed,Usman Qadir,2,0,,,,,,,,,
1293021,2021/22,2022-02-15,"Gaddafi Stadium, Lahore",2,11.6,Quetta Gladiators,Peshawar Zalmi,Iftikhar Ahmed,WCF Smeed,Usman Qadir,0,0,,,,,,,,,
1293021,2021/22,2022-02-15,"Gaddafi Stadium, Lahore",2,12.1,Quetta Gladiators,Peshawar Zalmi,WCF Smeed,Iftikhar Ahmed,LS Livingstone,1,0,,,,,,,,,
1293021,2021/22,2022-02-15,"Gaddafi Stadium, Lahore",2,12.2,Quetta Gladiators,Peshawar Zalmi,Iftikhar Ahmed,WCF Smeed,LS Livingstone,1,0,,,,,,,,,
1293021,2021/22,2022-02-15,"Gaddafi Stadium, Lahore",2,12.3,Quetta Gladiators,Peshawar Zalmi,WCF Smeed,Iftikhar Ahmed,LS Livingstone,0,0,,,,,,,,,
1293021,2021/22,2022-02-15,"Gaddafi Stadium, Lahore",2,12.4,Quetta Gladiators,Peshawar Zalmi,WCF Smeed,Iftikhar Ahmed,LS Livingstone,1,0,,,,,,,,,
1293021,2021/22,2022-02-15,"Gaddafi Stadium, Lahore",2,12.5,Quetta Gladiators,Peshawar Zalmi,Iftikhar Ahmed,WCF Smeed,LS Livingstone,1,0,,,,,,,,,
1293021,2021/22,2022-02-15,"Gaddafi Stadium, Lahore",2,12.6,Quetta Gladiators,Peshawar Zalmi,WCF Smeed,Iftikhar Ahmed,LS Livingstone,6,0,,,,,,,,,
1293021,2021/22,2022-02-15,"Gaddafi Stadium, Lahore",2,13.1,Quetta Gladiators,Peshawar Zalmi,Iftikhar Ahmed,WCF Smeed,Salman Irshad,2,0,,,,,,,,,
1293021,2021/22,2022-02-15,"Gaddafi Stadium, Lahore",2,13.2,Quetta Gladiators,Peshawar Zalmi,Iftikhar Ahmed,WCF Smeed,Salman Irshad,1,0,,,,,,,,,
1293021,2021/22,2022-02-15,"Gaddafi Stadium, Lahore",2,13.3,Quetta Gladiators,Peshawar Zalmi,WCF Smeed,Iftikhar Ahmed,Salman Irshad,4,0,,,,,,,,,
1293021,2021/22,2022-02-15,"Gaddafi Stadium, Lahore",2,13.4,Quetta Gladiators,Peshawar Zalmi,WCF Smeed,Iftikhar Ahmed,Salman Irshad,2,0,,,,,,,,,
1293021,2021/22,2022-02-15,"Gaddafi Stadium, Lahore",2,13.5,Quetta Gladiators,Peshawar Zalmi,WCF Smeed,Iftikhar Ahmed,Salman Irshad,0,0,,,,,,,,,
1293021,2021/22,2022-02-15,"Gaddafi Stadium, Lahore",2,13.6,Quetta Gladiators,Peshawar Zalmi,WCF Smeed,Iftikhar Ahmed,Salman Irshad,1,0,,,,,,,,,
1293021,2021/22,2022-02-15,"Gaddafi Stadium, Lahore",2,14.1,Quetta Gladiators,Peshawar Zalmi,WCF Smeed,Iftikhar Ahmed,Wahab Riaz,2,0,,,,,,,,,
1293021,2021/22,2022-02-15,"Gaddafi Stadium, Lahore",2,14.2,Quetta Gladiators,Peshawar Zalmi,WCF Smeed,Iftikhar Ahmed,Wahab Riaz,1,0,,,,,,,,,
1293021,2021/22,2022-02-15,"Gaddafi Stadium, Lahore",2,14.3,Quetta Gladiators,Peshawar Zalmi,Iftikhar Ahmed,WCF Smeed,Wahab Riaz,1,0,,,,,,,,,
1293021,2021/22,2022-02-15,"Gaddafi Stadium, Lahore",2,14.4,Quetta Gladiators,Peshawar Zalmi,WCF Smeed,Iftikhar Ahmed,Wahab Riaz,6,0,,,,,,,,,
1293021,2021/22,2022-02-15,"Gaddafi Stadium, Lahore",2,14.5,Quetta Gladiators,Peshawar Zalmi,WCF Smeed,Iftikhar Ahmed,Wahab Riaz,0,0,,,,,,,,,
1293021,2021/22,2022-02-15,"Gaddafi Stadium, Lahore",2,14.6,Quetta Gladiators,Peshawar Zalmi,WCF Smeed,Iftikhar Ahmed,Wahab Riaz,6,0,,,,,,,,,
1293021,2021/22,2022-02-15,"Gaddafi Stadium, Lahore",2,15.1,Quetta Gladiators,Peshawar Zalmi,Iftikhar Ahmed,WCF Smeed,Usman Qadir,0,1,1,,,,,,,,
1293021,2021/22,2022-02-15,"Gaddafi Stadium, Lahore",2,15.2,Quetta Gladiators,Peshawar Zalmi,Iftikhar Ahmed,WCF Smeed,Usman Qadir,0,0,,,,,,caught,Iftikhar Ahmed,,
1293021,2021/22,2022-02-15,"Gaddafi Stadium, Lahore",2,15.3,Quetta Gladiators,Peshawar Zalmi,Umar Akmal,WCF Smeed,Usman Qadir,0,0,,,,,,,,,
1293021,2021/22,2022-02-15,"Gaddafi Stadium, Lahore",2,15.4,Quetta Gladiators,Peshawar Zalmi,Umar Akmal,WCF Smeed,Usman Qadir,1,0,,,,,,,,,
1293021,2021/22,2022-02-15,"Gaddafi Stadium, Lahore",2,15.5,Quetta Gladiators,Peshawar Zalmi,WCF Smeed,Umar Akmal,Usman Qadir,0,0,,,,,,,,,
1293021,2021/22,2022-02-15,"Gaddafi Stadium, Lahore",2,15.6,Quetta Gladiators,Peshawar Zalmi,WCF Smeed,Umar Akmal,Usman Qadir,1,0,,,,,,,,,
1293021,2021/22,2022-02-15,"Gaddafi Stadium, Lahore",2,15.7,Quetta Gladiators,Peshawar Zalmi,Umar Akmal,WCF Smeed,Usman Qadir,0,0,,,,,,stumped,Umar Akmal,,
1293021,2021/22,2022-02-15,"Gaddafi Stadium, Lahore",2,16.1,Quetta Gladiators,Peshawar Zalmi,WCF Smeed,Sohail Tanvir,Wahab Riaz,0,1,1,,,,,,,,
1293021,2021/22,2022-02-15,"Gaddafi Stadium, Lahore",2,16.2,Quetta Gladiators,Peshawar Zalmi,WCF Smeed,Sohail Tanvir,Wahab Riaz,4,0,,,,,,,,,
1293021,2021/22,2022-02-15,"Gaddafi Stadium, Lahore",2,16.3,Quetta Gladiators,Peshawar Zalmi,WCF Smeed,Sohail Tanvir,Wahab Riaz,0,0,,,,,,,,,
1293021,2021/22,2022-02-15,"Gaddafi Stadium, Lahore",2,16.4,Quetta Gladiators,Peshawar Zalmi,WCF Smeed,Sohail Tanvir,Wahab Riaz,4,0,,,,,,,,,
1293021,2021/22,2022-02-15,"Gaddafi Stadium, Lahore",2,16.5,Quetta Gladiators,Peshawar Zalmi,WCF Smeed,Sohail Tanvir,Wahab Riaz,0,0,,,,,,,,,
1293021,2021/22,2022-02-15,"Gaddafi Stadium, Lahore",2,16.6,Quetta Gladiators,Peshawar Zalmi,WCF Smeed,Sohail Tanvir,Wahab Riaz,4,0,,,,,,,,,
1293021,2021/22,2022-02-15,"Gaddafi Stadium, Lahore",2,16.7,Quetta Gladiators,Peshawar Zalmi,WCF Smeed,Sohail Tanvir,Wahab Riaz,1,0,,,,,,,,,
1293021,2021/22,2022-02-15,"Gaddafi Stadium, Lahore",2,17.1,Quetta Gladiators,Peshawar Zalmi,WCF Smeed,Sohail Tanvir,Salman Irshad,0,1,1,,,,,,,,
1293021,2021/22,2022-02-15,"Gaddafi Stadium, Lahore",2,17.2,Quetta Gladiators,Peshawar Zalmi,WCF Smeed,Sohail Tanvir,Salman Irshad,1,0,,,,,,,,,
1293021,2021/22,2022-02-15,"Gaddafi Stadium, Lahore",2,17.3,Quetta Gladiators,Peshawar Zalmi,Sohail Tanvir,WCF Smeed,Salman Irshad,0,1,,,,1,,,,,
1293021,2021/22,2022-02-15,"Gaddafi Stadium, Lahore",2,17.4,Quetta Gladiators,Peshawar Zalmi,WCF Smeed,Sohail Tanvir,Salman Irshad,4,0,,,,,,,,,
1293021,2021/22,2022-02-15,"Gaddafi Stadium, Lahore",2,17.5,Quetta Gladiators,Peshawar Zalmi,WCF Smeed,Sohail Tanvir,Salman Irshad,4,1,,1,,,,,,,
1293021,2021/22,2022-02-15,"Gaddafi Stadium, Lahore",2,17.6,Quetta Gladiators,Peshawar Zalmi,WCF Smeed,Sohail Tanvir,Salman Irshad,0,0,,,,,,,,,
1293021,2021/22,2022-02-15,"Gaddafi Stadium, Lahore",2,17.7,Quetta Gladiators,Peshawar Zalmi,WCF Smeed,Sohail Tanvir,Salman Irshad,2,0,,,,,,,,,
1293021,2021/22,2022-02-15,"Gaddafi Stadium, Lahore",2,17.8,Quetta Gladiators,Peshawar Zalmi,WCF Smeed,Sohail Tanvir,Salman Irshad,0,0,,,,,,bowled,WCF Smeed,,
1293021,2021/22,2022-02-15,"Gaddafi Stadium, Lahore",2,18.1,Quetta Gladiators,Peshawar Zalmi,Sohail Tanvir,Noor Ahmad,Wahab Riaz,1,0,,,,,,,,,
1293021,2021/22,2022-02-15,"Gaddafi Stadium, Lahore",2,18.2,Quetta Gladiators,Peshawar Zalmi,Noor Ahmad,Sohail Tanvir,Wahab Riaz,0,0,,,,,,,,,
1293021,2021/22,2022-02-15,"Gaddafi Stadium, Lahore",2,18.3,Quetta Gladiators,Peshawar Zalmi,Noor Ahmad,Sohail Tanvir,Wahab Riaz,0,0,,,,,,caught,Noor Ahmad,,
1293021,2021/22,2022-02-15,"Gaddafi Stadium, Lahore",2,18.4,Quetta Gladiators,Peshawar Zalmi,Sohail Tanvir,Khurram Shahzad,Wahab Riaz,1,0,,,,,,,,,
1293021,2021/22,2022-02-15,"Gaddafi Stadium, Lahore",2,18.5,Quetta Gladiators,Peshawar Zalmi,Khurram Shahzad,Sohail Tanvir,Wahab Riaz,0,0,,,,,,,,,
1293021,2021/22,2022-02-15,"Gaddafi Stadium, Lahore",2,18.6,Quetta Gladiators,Peshawar Zalmi,Khurram Shahzad,Sohail Tanvir,Wahab Riaz,0,0,,,,,,,,,
1293021,2021/22,2022-02-15,"Gaddafi Stadium, Lahore",2,19.1,Quetta Gladiators,Peshawar Zalmi,Sohail Tanvir,Khurram Shahzad,Salman Irshad,0,0,,,,,,caught,Sohail Tanvir,,
1293021,2021/22,2022-02-15,"Gaddafi Stadium, Lahore",2,19.2,Quetta Gladiators,Peshawar Zalmi,Naseem Shah,Khurram Shahzad,Salman Irshad,4,0,,,,,,,,,
1293021,2021/22,2022-02-15,"Gaddafi Stadium, Lahore",2,19.3,Quetta Gladiators,Peshawar Zalmi,Naseem Shah,Khurram Shahzad,Salman Irshad,0,0,,,,,,,,,
1293021,2021/22,2022-02-15,"Gaddafi Stadium, Lahore",2,19.4,Quetta Gladiators,Peshawar Zalmi,Naseem Shah,Khurram Shahzad,Salman Irshad,0,0,,,,,,,,,
1293021,2021/22,2022-02-15,"Gaddafi Stadium, Lahore",2,19.5,Quetta Gladiators,Peshawar Zalmi,Naseem Shah,Khurram Shahzad,Salman Irshad,0,0,,,,,,,,,
1293021,2021/22,2022-02-15,"Gaddafi Stadium, Lahore",2,19.6,Quetta Gladiators,Peshawar Zalmi,Naseem Shah,Khurram Shahzad,Salman Irshad,1,0,,,,,,,,,
