match_id,season,start_date,venue,innings,ball,batting_team,bowling_team,striker,non_striker,bowler,runs_off_bat,extras,wides,noballs,byes,legbyes,penalty,wicket_type,player_dismissed,other_wicket_type,other_player_dismissed
1354941,2022/23,2023-03-02,"Gaddafi Stadium, Lahore",1,0.1,Lahore Qalandars,Quetta Gladiators,Mirza Baig,Fakhar Zaman,Naseem Shah,1,0,,,,,,,,,
1354941,2022/23,2023-03-02,"Gaddafi Stadium, Lahore",1,0.2,Lahore Qalandars,Quetta Gladiators,Fakhar Zaman,Mirza Baig,Naseem Shah,0,0,,,,,,,,,
1354941,2022/23,2023-03-02,"Gaddafi Stadium, Lahore",1,0.3,Lahore Qalandars,Quetta Gladiators,Fakhar Zaman,Mirza Baig,Naseem Shah,4,0,,,,,,,,,
1354941,2022/23,2023-03-02,"Gaddafi Stadium, Lahore",1,0.4,Lahore Qalandars,Quetta Gladiators,Fakhar Zaman,Mirza Baig,Naseem Shah,0,0,,,,,,run out,Fakhar Zaman,,
1354941,2022/23,2023-03-02,"Gaddafi Stadium, Lahore",1,0.5,Lahore Qalandars,Quetta Gladiators,Mirza Baig,Abdullah Shafique,Naseem Shah,0,0,,,,,,,,,
1354941,2022/23,2023-03-02,"Gaddafi Stadium, Lahore",1,0.6,Lahore Qalandars,Quetta Gladiators,Mirza Baig,Abdullah Shafique,Naseem Shah,0,0,,,,,,,,,
1354941,2022/23,2023-03-02,"Gaddafi Stadium, Lahore",1,1.1,Lahore Qalandars,Quetta Gladiators,Abdullah Shafique,Mirza Baig,OF Smith,0,0,,,,,,,,,
1354941,2022/23,2023-03-02,"Gaddafi Stadium, Lahore",1,1.2,Lahore Qalandars,Quetta Gladiators,Abdullah Shafique,Mirza Baig,OF Smith,1,0,,,,,,,,,
1354941,2022/23,2023-03-02,"Gaddafi Stadium, Lahore",1,1.3,Lahore Qalandars,Quetta Gladiators,Mirza Baig,Abdullah Shafique,OF Smith,1,0,,,,,,,,,
1354941,2022/23,2023-03-02,"Gaddafi Stadium, Lahore",1,1.4,Lahore Qalandars,Quetta Gladiators,Abdullah Shafique,Mirza Baig,OF Smith,6,0,,,,,,,,,
1354941,2022/23,2023-03-02,"Gaddafi Stadium, Lahore",1,1.5,Lahore Qalandars,Quetta Gladiators,Abdullah Shafique,Mirza Baig,OF Smith,0,0,,,,,,,,,
1354941,2022/23,2023-03-02,"Gaddafi Stadium, Lahore",1,1.6,Lahore Qalandars,Quetta Gladiators,Abdullah Shafique,Mirza Baig,OF Smith,0,0,,,,,,,,,
1354941,2022/23,2023-03-02,"Gaddafi Stadium, Lahore",1,2.1,Lahore Qalandars,Quetta Gladiators,Mirza Baig,Abdullah Shafique,Umaid Asif,0,0,,,,,,,,,
1354941,2022/23,2023-03-02,"Gaddafi Stadium, Lahore",1,2.2,Lahore Qalandars,Quetta Gladiators,Mirza Baig,Abdullah Shafique,Umaid Asif,0,0,,,,,,,,,
1354941,2022/23,2023-03-02,"Gaddafi Stadium, Lahore",1,2.3,Lahore Qalandars,Quetta Gladiators,Mirza Baig,Abdullah Shafique,Umaid Asif,0,0,,,,,,caught and bowled,Mirza Baig,,
1354941,2022/23,2023-03-02,"Gaddafi Stadium, Lahore",1,2.4,Lahore Qalandars,Quetta Gladiators,SW Billings,Abdullah Shafique,Umaid Asif,0,0,,,,,,,,,
1354941,2022/23,2023-03-02,"Gaddafi Stadium, Lahore",1,2.5,Lahore Qalandars,Quetta Gladiators,SW Billings,Abdullah Shafique,Umaid Asif,1,0,,,,,,,,,
1354941,2022/23,2023-03-02,"Gaddafi Stadium, Lahore",1,2.6,Lahore Qalandars,Quetta Gladiators,Abdullah Shafique,SW Billings,Umaid Asif,0,0,,,,,,,,,
1354941,2022/23,2023-03-02,"Gaddafi Stadium, Lahore",1,3.1,Lahore Qalandars,Quetta Gladiators,SW Billings,Abdullah Shafique,Naveen-ul-Haq,1,0,,,,,,,,,
1354941,2022/23,2023-03-02,"Gaddafi Stadium, Lahore",1,3.2,Lahore Qalandars,Quetta Gladiators,Abdullah Shafique,SW Billings,Naveen-ul-Haq,1,0,,,,,,,,,
1354941,2022/23,2023-03-02,"Gaddafi Stadium, Lahore",1,3.3,Lahore Qalandars,Quetta Gladiators,SW Billings,Abdullah Shafique,Naveen-ul-Haq,0,0,,,,,,,,,
1354941,2022/23,2023-03-02,"Gaddafi Stadium, Lahore",1,3.4,Lahore Qalandars,Quetta Gladiators,SW Billings,Abdullah Shafique,Naveen-ul-Haq,0,0,,,,,,caught,SW Billings,,
1354941,2022/23,2023-03-02,"Gaddafi Stadium, Lahore",1,3.5,Lahore Qalandars,Quetta Gladiators,Hussain Talat,Abdullah Shafique,Naveen-ul-Haq,0,0,,,,,,,,,
1354941,2022/23,2023-03-02,"Gaddafi Stadium, Lahore",1,3.6,Lahore Qalandars,Quetta Gladiators,Hussain Talat,Abdullah Shafique,Naveen-ul-Haq,1,0,,,,,,,,,
1354941,2022/23,2023-03-02,"Gaddafi Stadium, Lahore",1,4.1,Lahore Qalandars,Quetta Gladiators,Hussain Talat,Abdullah Shafique,Umaid Asif,0,0,,,,,,,,,
1354941,2022/23,2023-03-02,"Gaddafi Stadium, Lahore",1,4.2,Lahore Qalandars,Quetta Gladiators,Hussain Talat,Abdullah Shafique,Umaid Asif,4,0,,,,,,,,,
1354941,2022/23,2023-03-02,"Gaddafi Stadium, Lahore",1,4.3,Lahore Qalandars,Quetta Gladiators,Hussain Talat,Abdullah Shafique,Umaid Asif,1,0,,,,,,,,,
1354941,2022/23,2023-03-02,"Gaddafi Stadium, Lahore",1,4.4,Lahore Qalandars,Quetta Gladiators,Abdullah Shafique,Hussain Talat,Umaid Asif,0,0,,,,,,,,,
1354941,2022/23,2023-03-02,"Gaddafi Stadium, Lahore",1,4.5,Lahore Qalandars,Quetta Gladiators,Abdullah Shafique,Hussain Talat,Umaid Asif,1,0,,,,,,,,,
1354941,2022/23,2023-03-02,"Gaddafi Stadium, Lahore",1,4.6,Lahore Qalandars,Quetta Gladiators,Hussain Talat,Abdullah Shafique,Umaid Asif,0,0,,,,,,,,,
1354941,2022/23,2023-03-02,"Gaddafi Stadium, Lahore",1,5.1,Lahore Qalandars,Quetta Gladiators,Abdullah Shafique,Hussain Talat,Naveen-ul-Haq,4,0,,,,,,,,,
1354941,2022/23,2023-03-02,"Gaddafi Stadium, Lahore",1,5.2,Lahore Qalandars,Quetta Gladiators,Abdullah Shafique,Hussain Talat,Naveen-ul-Haq,1,0,,,,,,,,,
1354941,2022/23,2023-03-02,"Gaddafi Stadium, Lahore",1,5.3,Lahore Qalandars,Quetta Gladiators,Hussain Talat,Abdullah Shafique,Naveen-ul-Haq,0,0,,,,,,bowled,Hussain Talat,,
1354941,2022/23,2023-03-02,"Gaddafi Stadium, Lahore",1,5.4,Lahore Qalandars,Quetta Gladiators,Shaheen Shah Afridi,Abdullah Shafique,Naveen-ul-Haq,0,0,,,,,,,,,
1354941,2022/23,2023-03-02,"Gaddafi Stadium, Lahore",1,5.5,Lahore Qalandars,Quetta Gladiators,Shaheen Shah Afridi,Abdullah Shafique,Naveen-ul-Haq,0,0,,,,,,,,,
1354941,2022/23,2023-03-02,"Gaddafi Stadium, Lahore",1,5.6,Lahore Qalandars,Quetta Gladiators,Shaheen Shah Afridi,Abdullah Shafique,Naveen-ul-Haq,1,0,,,,,,,,,
1354941,2022/23,2023-03-02,"Gaddafi Stadium, Lahore",1,6.1,Lahore Qalandars,Quetta Gladiators,Shaheen Shah Afridi,Abdullah Shafique,OF Smith,0,0,,,,,,,,,
1354941,2022/23,2023-03-02,"Gaddafi Stadium, Lahore",1,6.2,Lahore Qalandars,Quetta Gladiators,Shaheen Shah Afridi,Abdullah Shafique,OF Smith,2,0,,,,,,,,,
1354941,2022/23,2023-03-02,"Gaddafi Stadium, Lahore",1,6.3,Lahore Qalandars,Quetta Gladiators,Shaheen Shah Afridi,Abdullah Shafique,OF Smith,4,0,,,,,,,,,
1354941,2022/23,2023-03-02,"Gaddafi Stadium, Lahore",1,6.4,Lahore Qalandars,Quetta Gladiators,Shaheen Shah Afridi,Abdullah Shafique,OF Smith,2,0,,,,,,,,,
1354941,2022/23,2023-03-02,"Gaddafi Stadium, Lahore",1,6.5,Lahore Qalandars,Quetta Gladiators,Shaheen Shah Afridi,Abdullah Shafique,OF Smith,0,0,,,,,,,,,
1354941,2022/23,2023-03-02,"Gaddafi Stadium, Lahore",1,6.6,Lahore Qalandars,Quetta Gladiators,Shaheen Shah Afridi,Abdullah Shafique,OF Smith,0,0,,,,,,,,,
1354941,2022/23,2023-03-02,"Gaddafi Stadium, Lahore",1,7.1,Lahore Qalandars,Quetta Gladiators,Abdullah Shafique,Shaheen Shah Afridi,Mohammad Nawaz,1,0,,,,,,,,,
1354941,2022/23,2023-03-02,"Gaddafi Stadium, Lahore",1,7.2,Lahore Qalandars,Quetta Gladiators,Shaheen Shah Afridi,Abdullah Shafique,Mohammad Nawaz,1,0,,,,,,,,,
1354941,2022/23,2023-03-02,"Gaddafi Stadium, Lahore",1,7.3,Lahore Qalandars,Quetta Gladiators,Abdullah Shafique,Shaheen Shah Afridi,Mohammad Nawaz,0,1,,,,1,,,,,
1354941,2022/23,2023-03-02,"Gaddafi Stadium, Lahore",1,7.4,Lahore Qalandars,Quetta Gladiators,Shaheen Shah Afridi,Abdullah Shafique,Mohammad Nawaz,4,0,,,,,,,,,
1354941,2022/23,2023-03-02,"Gaddafi Stadium, Lahore",1,7.5,Lahore Qalandars,Quetta Gladiators,Shaheen Shah Afridi,Abdullah Shafique,Mohammad Nawaz,1,0,,,,,,,,,
1354941,2022/23,2023-03-02,"Gaddafi Stadium, Lahore",1,7.6,Lahore Qalandars,Quetta Gladiators,Abdullah Shafique,Shaheen Shah Afridi,Mohammad Nawaz,0,0,,,,,,bowled,Abdullah Shafique,,
1354941,2022/23,2023-03-02,"Gaddafi Stadium, Lahore",1,8.1,Lahore Qalandars,Quetta Gladiators,Shaheen Shah Afridi,Sikandar Raza,Mohammad Hafeez,0,0,,,,,,,,,
1354941,2022/23,2023-03-02,"Gaddafi Stadium, Lahore",1,8.2,Lahore Qalandars,Quetta Gladiators,Shaheen Shah Afridi,Sikandar Raza,Mohammad Hafeez,1,0,,,,,,,,,
1354941,2022/23,2023-03-02,"Gaddafi Stadium, Lahore",1,8.3,Lahore Qalandars,Quetta Gladiators,Sikandar Raza,Shaheen Shah Afridi,Mohammad Hafeez,1,0,,,,,,,,,
1354941,2022/23,2023-03-02,"Gaddafi Stadium, Lahore",1,8.4,Lahore Qalandars,Quetta Gladiators,Shaheen Shah Afridi,Sikandar Raza,Mohammad Hafeez,0,0,,,,,,,,,
1354941,2022/23,2023-03-02,"Gaddafi Stadium, Lahore",1,8.5,Lahore Qalandars,Quetta Gladiators,Shaheen Shah Afridi,Sikandar Raza,Mohammad Hafeez,0,0,,,,,,run out,Shaheen Shah Afridi,,
1354941,2022/23,2023-03-02,"Gaddafi Stadium, Lahore",1,8.6,Lahore Qalandars,Quetta Gladiators,D Wiese,Sikandar Raza,Mohammad Hafeez,1,0,,,,,,,,,
1354941,2022/23,2023-03-02,"Gaddafi Stadium, Lahore",1,9.1,Lahore Qalandars,Quetta Gladiators,D Wiese,Sikandar Raza,Mohammad Nawaz,1,0,,,,,,,,,
1354941,2022/23,2023-03-02,"Gaddafi Stadium, Lahore",1,9.2,Lahore Qalandars,Quetta Gladiators,Sikandar Raza,D Wiese,Mohammad Nawaz,1,0,,,,,,,,,
1354941,2022/23,2023-03-02,"Gaddafi Stadium, Lahore",1,9.3,Lahore Qalandars,Quetta Gladiators,D Wiese,Sikandar Raza,Mohammad Nawaz,0,0,,,,,,caught and bowled,D Wiese,,
1354941,2022/23,2023-03-02,"Gaddafi Stadium, Lahore",1,9.4,Lahore Qalandars,Quetta Gladiators,Rashid Khan,Sikandar Raza,Mohammad Nawaz,0,0,,,,,,,,,
1354941,2022/23,2023-03-02,"Gaddafi Stadium, Lahore",1,9.5,Lahore Qalandars,Quetta Gladiators,Rashid Khan,Sikandar Raza,Mohammad Nawaz,0,0,,,,,,,,,
1354941,2022/23,2023-03-02,"Gaddafi Stadium, Lahore",1,9.6,Lahore Qalandars,Quetta Gladiators,Rashid Khan,Sikandar Raza,Mohammad Nawaz,0,0,,,,,,,,,
1354941,2022/23,2023-03-02,"Gaddafi Stadium, Lahore",1,10.1,Lahore Qalandars,Quetta Gladiators,Sikandar Raza,Rashid Khan,Naseem Shah,1,0,,,,,,,,,
1354941,2022/23,2023-03-02,"Gaddafi Stadium, Lahore",1,10.2,Lahore Qalandars,Quetta Gladiators,Rashid Khan,Sikandar Raza,Naseem Shah,1,0,,,,,,,,,
1354941,2022/23,2023-03-02,"Gaddafi Stadium, Lahore",1,10.3,Lahore Qalandars,Quetta Gladiators,Sikandar Raza,Rashid Khan,Naseem Shah,1,0,,,,,,,,,
1354941,2022/23,2023-03-02,"Gaddafi Stadium, Lahore",1,10.4,Lahore Qalandars,Quetta Gladiators,Rashid Khan,Sikandar Raza,Naseem Shah,0,0,,,,,,,,,
1354941,2022/23,2023-03-02,"Gaddafi Stadium, Lahore",1,10.5,Lahore Qalandars,Quetta Gladiators,Rashid Khan,Sikandar Raza,Naseem Shah,0,0,,,,,,,,,
1354941,2022/23,2023-03-02,"Gaddafi Stadium, Lahore",1,10.6,Lahore Qalandars,Quetta Gladiators,Rashid Khan,Sikandar Raza,Naseem Shah,1,0,,,,,,,,,
1354941,2022/23,2023-03-02,"Gaddafi Stadium, Lahore",1,11.1,Lahore Qalandars,Quetta Gladiators,Rashid Khan,Sikandar Raza,Mohammad Nawaz,1,0,,,,,,,,,
1354941,2022/23,2023-03-02,"Gaddafi Stadium, Lahore",1,11.2,Lahore Qalandars,Quetta Gladiators,Sikandar Raza,Rashid Khan,Mohammad Nawaz,0,0,,,,,,,,,
1354941,2022/23,2023-03-02,"Gaddafi Stadium, Lahore",1,11.3,Lahore Qalandars,Quetta Gladiators,Sikandar Raza,Rashid Khan,Mohammad Nawaz,6,0,,,,,,,,,
1354941,2022/23,2023-03-02,"Gaddafi Stadium, Lahore",1,11.4,Lahore Qalandars,Quetta Gladiators,Sikandar Raza,Rashid Khan,Mohammad Nawaz,1,0,,,,,,,,,
1354941,2022/23,2023-03-02,"Gaddafi Stadium, Lahore",1,11.5,Lahore Qalandars,Quetta Gladiators,Rashid Khan,Sikandar Raza,Mohammad Nawaz,1,0,,,,,,,,,
1354941,2022/23,2023-03-02,"Gaddafi Stadium, Lahore",1,11.6,Lahore Qalandars,Quetta Gladiators,Sikandar Raza,Rashid Khan,Mohammad Nawaz,1,0,,,,,,,,,
1354941,2022/23,2023-03-02,"Gaddafi Stadium, Lahore",1,12.1,Lahore Qalandars,Quetta Gladiators,Sikandar Raza,Rashid Khan,Umaid Asif,6,0,,,,,,,,,
1354941,2022/23,2023-03-02,"Gaddafi Stadium, Lahore",1,12.2,Lahore Qalandars,Quetta Gladiators,Sikandar Raza,Rashid Khan,Umaid Asif,1,0,,,,,,,,,
1354941,2022/23,2023-03-02,"Gaddafi Stadium, Lahore",1,12.3,Lahore Qalandars,Quetta Gladiators,Rashid Khan,Sikandar Raza,Umaid Asif,6,0,,,,,,,,,
1354941,2022/23,2023-03-02,"Gaddafi Stadium, Lahore",1,12.4,Lahore Qalandars,Quetta Gladiators,Rashid Khan,Sikandar Raza,Umaid Asif,4,0,,,,,,,,,
1354941,2022/23,2023-03-02,"Gaddafi Stadium, Lahore",1,12.5,Lahore Qalandars,Quetta Gladiators,Rashid Khan,Sikandar Raza,Umaid Asif,1,0,,,,,,,,,
1354941,2022/23,2023-03-02,"Gaddafi Stadium, Lahore",1,12.6,Lahore Qalandars,Quetta Gladiators,Sikandar Raza,Rashid Khan,Umaid Asif,1,0,,,,,,,,,
1354941,2022/23,2023-03-02,"Gaddafi Stadium, Lahore",1,13.1,Lahore Qalandars,Quetta Gladiators,Sikandar Raza,Rashid Khan,Naveen-ul-Haq,4,0,,,,,,,,,
1354941,2022/23,2023-03-02,"Gaddafi Stadium, Lahore",1,13.2,Lahore Qalandars,Quetta Gladiators,Sikandar Raza,Rashid Khan,Naveen-ul-Haq,1,0,,,,,,,,,
1354941,2022/23,2023-03-02,"Gaddafi Stadium, Lahore",1,13.3,Lahore Qalandars,Quetta Gladiators,Rashid Khan,Sikandar Raza,Naveen-ul-Haq,1,0,,,,,,,,,
1354941,2022/23,2023-03-02,"Gaddafi Stadium, Lahore",1,13.4,Lahore Qalandars,Quetta Gladiators,Sikandar Raza,Rashid Khan,Naveen-ul-Haq,2,0,,,,,,,,,
1354941,2022/23,2023-03-02,"Gaddafi Stadium, Lahore",1,13.5,Lahore Qalandars,Quetta Gladiators,Sikandar Raza,Rashid Khan,Naveen-ul-Haq,4,0,,,,,,,,,
1354941,2022/23,2023-03-02,"Gaddafi Stadium, Lahore",1,13.6,Lahore Qalandars,Quetta Gladiators,Sikandar Raza,Rashid Khan,Naveen-ul-Haq,4,0,,,,,,,,,
1354941,2022/23,2023-03-02,"Gaddafi Stadium, Lahore",1,14.1,Lahore Qalandars,Quetta Gladiators,Rashid Khan,Sikandar Raza,Naseem Shah,1,0,,,,,,,,,
1354941,2022/23,2023-03-02,"Gaddafi Stadium, Lahore",1,14.2,Lahore Qalandars,Quetta Gladiators,Sikandar Raza,Rashid Khan,Naseem Shah,1,0,,,,,,,,,
1354941,2022/23,2023-03-02,"Gaddafi Stadium, Lahore",1,14.3,Lahore Qalandars,Quetta Gladiators,Rashid Khan,Sikandar Raza,Naseem Shah,0,1,1,,,,,,,,
1354941,2022/23,2023-03-02,"Gaddafi Stadium, Lahore",1,14.4,Lahore Qalandars,Quetta Gladiators,Rashid Khan,Sikandar Raza,Naseem Shah,1,0,,,,,,,,,
1354941,2022/23,2023-03-02,"Gaddafi Stadium, Lahore",1,14.5,Lahore Qalandars,Quetta Gladiators,Sikandar Raza,Rashid Khan,Naseem Shah,4,0,,,,,,,,,
1354941,2022/23,2023-03-02,"Gaddafi Stadium, Lahore",1,14.6,Lahore Qalandars,Quetta Gladiators,Sikandar Raza,Rashid Khan,Naseem Shah,2,0,,,,,,,,,
1354941,2022/23,2023-03-02,"Gaddafi Stadium, Lahore",1,14.7,Lahore Qalandars,Quetta Gladiators,Sikandar Raza,Rashid Khan,Naseem Shah,4,0,,,,,,,,,
1354941,2022/23,2023-03-02,"Gaddafi Stadium, Lahore",1,15.1,Lahore Qalandars,Quetta Gladiators,Rashid Khan,Sikandar Raza,OF Smith,2,0,,,,,,,,,
1354941,2022/23,2023-03-02,"Gaddafi Stadium, Lahore",1,15.2,Lahore Qalandars,Quetta Gladiators,Rashid Khan,Sikandar Raza,OF Smith,0,0,,,,,,,,,
1354941,2022/23,2023-03-02,"Gaddafi Stadium, Lahore",1,15.3,Lahore Qalandars,Quetta Gladiators,Rashid Khan,Sikandar Raza,OF Smith,1,0,,,,,,,,,
1354941,2022/23,2023-03-02,"Gaddafi Stadium, Lahore",1,15.4,Lahore Qalandars,Quetta Gladiators,Sikandar Raza,Rashid Khan,OF Smith,0,1,1,,,,,,,,
1354941,2022/23,2023-03-02,"Gaddafi Stadium, Lahore",1,15.5,Lahore Qalandars,Quetta Gladiators,Sikandar Raza,Rashid Khan,OF Smith,1,0,,,,,,,,,
1354941,2022/23,2023-03-02,"Gaddafi Stadium, Lahore",1,15.6,Lahore Qalandars,Quetta Gladiators,Rashid Khan,Sikandar Raza,OF Smith,0,0,,,,,,,,,
1354941,2022/23,2023-03-02,"Gaddafi Stadium, Lahore",1,15.7,Lahore Qalandars,Quetta Gladiators,Rashid Khan,Sikandar Raza,OF Smith,0,1,1,,,,,,,,
1354941,2022/23,2023-03-02,"Gaddafi Stadium, Lahore",1,15.8,Lahore Qalandars,Quetta Gladiators,Rashid Khan,Sikandar Raza,OF Smith,0,0,,,,,,caught,Rashid Khan,,
1354941,2022/23,2023-03-02,"Gaddafi Stadium, Lahore",1,16.1,Lahore Qalandars,Quetta Gladiators,Sikandar Raza,Haris Rauf,Naseem Shah,4,0,,,,,,,,,
1354941,2022/23,2023-03-02,"Gaddafi Stadium, Lahore",1,16.2,Lahore Qalandars,Quetta Gladiators,Sikandar Raza,Haris Rauf,Naseem Shah,0,0,,,,,,,,,
1354941,2022/23,2023-03-02,"Gaddafi Stadium, Lahore",1,16.3,Lahore Qalandars,Quetta Gladiators,Sikandar Raza,Haris Rauf,Naseem Shah,1,1,,1,,,,,,,
1354941,2022/23,2023-03-02,"Gaddafi Stadium, Lahore",1,16.4,Lahore Qalandars,Quetta Gladiators,Haris Rauf,Sikandar Raza,Naseem Shah,0,0,,,,,,,,,
1354941,2022/23,2023-03-02,"Gaddafi Stadium, Lahore",1,16.5,Lahore Qalandars,Quetta Gladiators,Haris Rauf,Sikandar Raza,Naseem Shah,0,0,,,,,,caught,Haris Rauf,,
1354941,2022/23,2023-03-02,"Gaddafi Stadium, Lahore",1,16.6,Lahore Qalandars,Quetta Gladiators,Zaman Khan,Sikandar Raza,Naseem Shah,0,0,,,,,,,,,
1354941,2022/23,2023-03-02,"Gaddafi Stadium, Lahore",1,16.7,Lahore Qalandars,Quetta Gladiators,Zaman Khan,Sikandar Raza,Naseem Shah,0,0,,,,,,,,,
1354941,2022/23,2023-03-02,"Gaddafi Stadium, Lahore",1,17.1,Lahore Qalandars,Quetta Gladiators,Sikandar Raza,Zaman Khan,OF Smith,0,0,,,,,,,,,
1354941,2022/23,2023-03-02,"Gaddafi Stadium, Lahore",1,17.2,Lahore Qalandars,Quetta Gladiators,Sikandar Raza,Zaman Khan,OF Smith,0,1,1,,,,,,,,
1354941,2022/23,2023-03-02,"Gaddafi Stadium, Lahore",1,17.3,Lahore Qalandars,Quetta Gladiators,Sikandar Raza,Zaman Khan,OF Smith,1,0,,,,,,,,,
1354941,2022/23,2023-03-02,"Gaddafi Stadium, Lahore",1,17.4,Lahore Qalandars,Quetta Gladiators,Zaman Khan,Sikandar Raza,OF Smith,0,0,,,,,,,,,
1354941,2022/23,2023-03-02,"Gaddafi Stadium, Lahore",1,17.5,Lahore Qalandars,Quetta Gladiators,Zaman Khan,Sikandar Raza,OF Smith,0,0,,,,,,,,,
1354941,2022/23,2023-03-02,"Gaddafi Stadium, Lahore",1,17.6,Lahore Qalandars,Quetta Gladiators,Zaman Khan,Sikandar Raza,OF Smith,0,1,1,,,,,,,,
1354941,2022/23,2023-03-02,"Gaddafi Stadium, Lahore",1,17.7,Lahore Qalandars,Quetta Gladiators,Zaman Khan,Sikandar Raza,OF Smith,0,0,,,,,,,,,
1354941,2022/23,2023-03-02,"Gaddafi Stadium, Lahore",1,17.8,Lahore Qalandars,Quetta Gladiators,Zaman Khan,Sikandar Raza,OF Smith,0,1,1,,,,,,,,
1354941,2022/23,2023-03-02,"Gaddafi Stadium, Lahore",1,17.9,Lahore Qalandars,Quetta Gladiators,Zaman Khan,Sikandar Raza,OF Smith,0,1,1,,,,,,,,
1354941,2022/23,2023-03-02,"Gaddafi Stadium, Lahore",1,17.10,Lahore Qalandars,Quetta Gladiators,Zaman Khan,Sikandar Raza,OF Smith,0,0,,,,,,,,,
1354941,2022/23,2023-03-02,"Gaddafi Stadium, Lahore",1,18.1,Lahore Qalandars,Quetta Gladiators,Sikandar Raza,Zaman Khan,Naveen-ul-Haq,0,0,,,,,,,,,
1354941,2022/23,2023-03-02,"Gaddafi Stadium, Lahore",1,18.2,Lahore Qalandars,Quetta Gladiators,Sikandar Raza,Zaman Khan,Naveen-ul-Haq,2,0,,,,,,,,,
1354941,2022/23,2023-03-02,"Gaddafi Stadium, Lahore",1,18.3,Lahore Qalandars,Quetta Gladiators,Sikandar Raza,Zaman Khan,Naveen-ul-Haq,0,0,,,,,,,,,
1354941,2022/23,2023-03-02,"Gaddafi Stadium, Lahore",1,18.4,Lahore Qalandars,Quetta Gladiators,Sikandar Raza,Zaman Khan,Naveen-ul-Haq,4,0,,,,,,,,,
1354941,2022/23,2023-03-02,"Gaddafi Stadium, Lahore",1,18.5,Lahore Qalandars,Quetta Gladiators,Sikandar Raza,Zaman Khan,Naveen-ul-Haq,4,0,,,,,,,,,
1354941,2022/23,2023-03-02,"Gaddafi Stadium, Lahore",1,18.6,Lahore Qalandars,Quetta Gladiators,Sikandar Raza,Zaman Khan,Naveen-ul-Haq,1,0,,,,,,,,,
1354941,2022/23,2023-03-02,"Gaddafi Stadium, Lahore",1,19.1,Lahore Qalandars,Quetta Gladiators,Sikandar Raza,Zaman Khan,Umaid Asif,6,0,,,,,,,,,
1354941,2022/23,2023-03-02,"Gaddafi Stadium, Lahore",1,19.2,Lahore Qalandars,Quetta Gladiators,Sikandar Raza,Zaman Khan,Umaid Asif,1,0,,,,,,run out,Zaman Khan,,
1354941,2022/23,2023-03-02,"Gaddafi Stadium, Lahore",2,0.1,Quetta Gladiators,Lahore Qalandars,Yasir Khan,WCF Smeed,Shaheen Shah Afridi,0,0,,,,,,,,,
1354941,2022/23,2023-03-02,"Gaddafi Stadium, Lahore",2,0.2,Quetta Gladiators,Lahore Qalandars,Yasir Khan,WCF Smeed,Shaheen Shah Afridi,1,0,,,,,,,,,
1354941,2022/23,2023-03-02,"Gaddafi Stadium, Lahore",2,0.3,Quetta Gladiators,Lahore Qalandars,WCF Smeed,Yasir Khan,Shaheen Shah Afridi,0,1,,,,1,,,,,
1354941,2022/23,2023-03-02,"Gaddafi Stadium, Lahore",2,0.4,Quetta Gladiators,Lahore Qalandars,Yasir Khan,WCF Smeed,Shaheen Shah Afridi,1,0,,,,,,,,,
1354941,2022/23,2023-03-02,"Gaddafi Stadium, Lahore",2,0.5,Quetta Gladiators,Lahore Qalandars,WCF Smeed,Yasir Khan,Shaheen Shah Afridi,4,0,,,,,,,,,
1354941,2022/23,2023-03-02,"Gaddafi Stadium, Lahore",2,0.6,Quetta Gladiators,Lahore Qalandars,WCF Smeed,Yasir Khan,Shaheen Shah Afridi,4,0,,,,,,,,,
1354941,2022/23,2023-03-02,"Gaddafi Stadium, Lahore",2,1.1,Quetta Gladiators,Lahore Qalandars,Yasir Khan,WCF Smeed,Haris Rauf,4,0,,,,,,,,,
1354941,2022/23,2023-03-02,"Gaddafi Stadium, Lahore",2,1.2,Quetta Gladiators,Lahore Qalandars,Yasir Khan,WCF Smeed,Haris Rauf,0,0,,,,,,,,,
1354941,2022/23,2023-03-02,"Gaddafi Stadium, Lahore",2,1.3,Quetta Gladiators,Lahore Qalandars,Yasir Khan,WCF Smeed,Haris Rauf,0,0,,,,,,,,,
1354941,2022/23,2023-03-02,"Gaddafi Stadium, Lahore",2,1.4,Quetta Gladiators,Lahore Qalandars,Yasir Khan,WCF Smeed,Haris Rauf,0,0,,,,,,,,,
1354941,2022/23,2023-03-02,"Gaddafi Stadium, Lahore",2,1.5,Quetta Gladiators,Lahore Qalandars,Yasir Khan,WCF Smeed,Haris Rauf,1,0,,,,,,,,,
1354941,2022/23,2023-03-02,"Gaddafi Stadium, Lahore",2,1.6,Quetta Gladiators,Lahore Qalandars,WCF Smeed,Yasir Khan,Haris Rauf,4,0,,,,,,,,,
1354941,2022/23,2023-03-02,"Gaddafi Stadium, Lahore",2,2.1,Quetta Gladiators,Lahore Qalandars,Yasir Khan,WCF Smeed,Shaheen Shah Afridi,0,0,,,,,,,,,
1354941,2022/23,2023-03-02,"Gaddafi Stadium, Lahore",2,2.2,Quetta Gladiators,Lahore Qalandars,Yasir Khan,WCF Smeed,Shaheen Shah Afridi,1,0,,,,,,,,,
1354941,2022/23,2023-03-02,"Gaddafi Stadium, Lahore",2,2.3,Quetta Gladiators,Lahore Qalandars,WCF Smeed,Yasir Khan,Shaheen Shah Afridi,0,0,,,,,,,,,
1354941,2022/23,2023-03-02,"Gaddafi Stadium, Lahore",2,2.4,Quetta Gladiators,Lahore Qalandars,WCF Smeed,Yasir Khan,Shaheen Shah Afridi,1,0,,,,,,,,,
1354941,2022/23,2023-03-02,"Gaddafi Stadium, Lahore",2,2.5,Quetta Gladiators,Lahore Qalandars,Yasir Khan,WCF Smeed,Shaheen Shah Afridi,0,5,5,,,,,,,,
1354941,2022/23,2023-03-02,"Gaddafi Stadium, Lahore",2,2.6,Quetta Gladiators,Lahore Qalandars,Yasir Khan,WCF Smeed,Shaheen Shah Afridi,0,1,,,1,,,,,,
1354941,2022/23,2023-03-02,"Gaddafi Stadium, Lahore",2,2.7,Quetta Gladiators,Lahore Qalandars,WCF Smeed,Yasir Khan,Shaheen Shah Afridi,4,0,,,,,,,,,
1354941,2022/23,2023-03-02,"Gaddafi Stadium, Lahore",2,3.1,Quetta Gladiators,Lahore Qalandars,Yasir Khan,WCF Smeed,Zaman Khan,4,0,,,,,,,,,
1354941,2022/23,2023-03-02,"Gaddafi Stadium, Lahore",2,3.2,Quetta Gladiators,Lahore Qalandars,Yasir Khan,WCF Smeed,Zaman Khan,1,0,,,,,,,,,
1354941,2022/23,2023-03-02,"Gaddafi Stadium, Lahore",2,3.3,Quetta Gladiators,Lahore Qalandars,WCF Smeed,Yasir Khan,Zaman Khan,0,0,,,,,,,,,
1354941,2022/23,2023-03-02,"Gaddafi Stadium, Lahore",2,3.4,Quetta Gladiators,Lahore Qalandars,WCF Smeed,Yasir Khan,Zaman Khan,0,1,1,,,,,,,,
1354941,2022/23,2023-03-02,"Gaddafi Stadium, Lahore",2,3.5,Quetta Gladiators,Lahore Qalandars,WCF Smeed,Yasir Khan,Zaman Khan,4,0,,,,,,,,,
1354941,2022/23,2023-03-02,"Gaddafi Stadium, Lahore",2,3.6,Quetta Gladiators,Lahore Qalandars,WCF Smeed,Yasir Khan,Zaman Khan,0,0,,,,,,,,,
1354941,2022/23,2023-03-02,"Gaddafi Stadium, Lahore",2,3.7,Quetta Gladiators,Lahore Qalandars,WCF Smeed,Yasir Khan,Zaman Khan,2,0,,,,,,,,,
1354941,2022/23,2023-03-02,"Gaddafi Stadium, Lahore",2,4.1,Quetta Gladiators,Lahore Qalandars,Yasir Khan,WCF Smeed,Rashid Khan,1,0,,,,,,,,,
1354941,2022/23,2023-03-02,"Gaddafi Stadium, Lahore",2,4.2,Quetta Gladiators,Lahore Qalandars,WCF Smeed,Yasir Khan,Rashid Khan,4,0,,,,,,,,,
1354941,2022/23,2023-03-02,"Gaddafi Stadium, Lahore",2,4.3,Quetta Gladiators,Lahore Qalandars,WCF Smeed,Yasir Khan,Rashid Khan,0,0,,,,,,,,,
1354941,2022/23,2023-03-02,"Gaddafi Stadium, Lahore",2,4.4,Quetta Gladiators,Lahore Qalandars,WCF Smeed,Yasir Khan,Rashid Khan,0,0,,,,,,,,,
1354941,2022/23,2023-03-02,"Gaddafi Stadium, Lahore",2,4.5,Quetta Gladiators,Lahore Qalandars,WCF Smeed,Yasir Khan,Rashid Khan,2,0,,,,,,,,,
1354941,2022/23,2023-03-02,"Gaddafi Stadium, Lahore",2,4.6,Quetta Gladiators,Lahore Qalandars,WCF Smeed,Yasir Khan,Rashid Khan,1,0,,,,,,,,,
1354941,2022/23,2023-03-02,"Gaddafi Stadium, Lahore",2,5.1,Quetta Gladiators,Lahore Qalandars,WCF Smeed,Yasir Khan,Haris Rauf,0,0,,,,,,,,,
1354941,2022/23,2023-03-02,"Gaddafi Stadium, Lahore",2,5.2,Quetta Gladiators,Lahore Qalandars,WCF Smeed,Yasir Khan,Haris Rauf,0,0,,,,,,,,,
1354941,2022/23,2023-03-02,"Gaddafi Stadium, Lahore",2,5.3,Quetta Gladiators,Lahore Qalandars,WCF Smeed,Yasir Khan,Haris Rauf,0,0,,,,,,,,,
1354941,2022/23,2023-03-02,"Gaddafi Stadium, Lahore",2,5.4,Quetta Gladiators,Lahore Qalandars,WCF Smeed,Yasir Khan,Haris Rauf,0,0,,,,,,,,,
1354941,2022/23,2023-03-02,"Gaddafi Stadium, Lahore",2,5.5,Quetta Gladiators,Lahore Qalandars,WCF Smeed,Yasir Khan,Haris Rauf,1,0,,,,,,,,,
1354941,2022/23,2023-03-02,"Gaddafi Stadium, Lahore",2,5.6,Quetta Gladiators,Lahore Qalandars,Yasir Khan,WCF Smeed,Haris Rauf,0,0,,,,,,caught,Yasir Khan,,
1354941,2022/23,2023-03-02,"Gaddafi Stadium, Lahore",2,6.1,Quetta Gladiators,Lahore Qalandars,WCF Smeed,MJ Guptill,Rashid Khan,0,0,,,,,,,,,
1354941,2022/23,2023-03-02,"Gaddafi Stadium, Lahore",2,6.2,Quetta Gladiators,Lahore Qalandars,WCF Smeed,MJ Guptill,Rashid Khan,1,0,,,,,,,,,
1354941,2022/23,2023-03-02,"Gaddafi Stadium, Lahore",2,6.3,Quetta Gladiators,Lahore Qalandars,MJ Guptill,WCF Smeed,Rashid Khan,0,0,,,,,,,,,
1354941,2022/23,2023-03-02,"Gaddafi Stadium, Lahore",2,6.4,Quetta Gladiators,Lahore Qalandars,MJ Guptill,WCF Smeed,Rashid Khan,1,0,,,,,,,,,
1354941,2022/23,2023-03-02,"Gaddafi Stadium, Lahore",2,6.5,Quetta Gladiators,Lahore Qalandars,WCF Smeed,MJ Guptill,Rashid Khan,0,0,,,,,,,,,
1354941,2022/23,2023-03-02,"Gaddafi Stadium, Lahore",2,6.6,Quetta Gladiators,Lahore Qalandars,WCF Smeed,MJ Guptill,Rashid Khan,0,0,,,,,,lbw,WCF Smeed,,
1354941,2022/23,2023-03-02,"Gaddafi Stadium, Lahore",2,7.1,Quetta Gladiators,Lahore Qalandars,MJ Guptill,Mohammad Hafeez,D Wiese,0,0,,,,,,,,,
1354941,2022/23,2023-03-02,"Gaddafi Stadium, Lahore",2,7.2,Quetta Gladiators,Lahore Qalandars,MJ Guptill,Mohammad Hafeez,D Wiese,1,0,,,,,,,,,
1354941,2022/23,2023-03-02,"Gaddafi Stadium, Lahore",2,7.3,Quetta Gladiators,Lahore Qalandars,Mohammad Hafeez,MJ Guptill,D Wiese,0,0,,,,,,,,,
1354941,2022/23,2023-03-02,"Gaddafi Stadium, Lahore",2,7.4,Quetta Gladiators,Lahore Qalandars,Mohammad Hafeez,MJ Guptill,D Wiese,0,0,,,,,,,,,
1354941,2022/23,2023-03-02,"Gaddafi Stadium, Lahore",2,7.5,Quetta Gladiators,Lahore Qalandars,Mohammad Hafeez,MJ Guptill,D Wiese,0,0,,,,,,,,,
1354941,2022/23,2023-03-02,"Gaddafi Stadium, Lahore",2,7.6,Quetta Gladiators,Lahore Qalandars,Mohammad Hafeez,MJ Guptill,D Wiese,0,0,,,,,,,,,
1354941,2022/23,2023-03-02,"Gaddafi Stadium, Lahore",2,8.1,Quetta Gladiators,Lahore Qalandars,MJ Guptill,Mohammad Hafeez,Rashid Khan,1,0,,,,,,,,,
1354941,2022/23,2023-03-02,"Gaddafi Stadium, Lahore",2,8.2,Quetta Gladiators,Lahore Qalandars,Mohammad Hafeez,MJ Guptill,Rashid Khan,0,0,,,,,,,,,
1354941,2022/23,2023-03-02,"Gaddafi Stadium, Lahore",2,8.3,Quetta Gladiators,Lahore Qalandars,Mohammad Hafeez,MJ Guptill,Rashid Khan,1,0,,,,,,,,,
1354941,2022/23,2023-03-02,"Gaddafi Stadium, Lahore",2,8.4,Quetta Gladiators,Lahore Qalandars,MJ Guptill,Mohammad Hafeez,Rashid Khan,0,0,,,,,,,,,
1354941,2022/23,2023-03-02,"Gaddafi Stadium, Lahore",2,8.5,Quetta Gladiators,Lahore Qalandars,MJ Guptill,Mohammad Hafeez,Rashid Khan,0,0,,,,,,,,,
1354941,2022/23,2023-03-02,"Gaddafi Stadium, Lahore",2,8.6,Quetta Gladiators,Lahore Qalandars,MJ Guptill,Mohammad Hafeez,Rashid Khan,0,0,,,,,,,,,
1354941,2022/23,2023-03-02,"Gaddafi Stadium, Lahore",2,9.1,Quetta Gladiators,Lahore Qalandars,Mohammad Hafeez,MJ Guptill,D Wiese,1,0,,,,,,,,,
1354941,2022/23,2023-03-02,"Gaddafi Stadium, Lahore",2,9.2,Quetta Gladiators,Lahore Qalandars,MJ Guptill,Mohammad Hafeez,D Wiese,0,0,,,,,,,,,
1354941,2022/23,2023-03-02,"Gaddafi Stadium, Lahore",2,9.3,Quetta Gladiators,Lahore Qalandars,MJ Guptill,Mohammad Hafeez,D Wiese,0,0,,,,,,run out,Mohammad Hafeez,,
1354941,2022/23,2023-03-02,"Gaddafi Stadium, Lahore",2,9.4,Quetta Gladiators,Lahore Qalandars,Iftikhar Ahmed,MJ Guptill,D Wiese,1,0,,,,,,,,,
1354941,2022/23,2023-03-02,"Gaddafi Stadium, Lahore",2,9.5,Quetta Gladiators,Lahore Qalandars,MJ Guptill,Iftikhar Ahmed,D Wiese,1,0,,,,,,,,,
1354941,2022/23,2023-03-02,"Gaddafi Stadium, Lahore",2,9.6,Quetta Gladiators,Lahore Qalandars,Iftikhar Ahmed,MJ Guptill,D Wiese,1,0,,,,,,,,,
1354941,2022/23,2023-03-02,"Gaddafi Stadium, Lahore",2,10.1,Quetta Gladiators,Lahore Qalandars,Iftikhar Ahmed,MJ Guptill,Rashid Khan,1,0,,,,,,,,,
1354941,2022/23,2023-03-02,"Gaddafi Stadium, Lahore",2,10.2,Quetta Gladiators,Lahore Qalandars,MJ Guptill,Iftikhar Ahmed,Rashid Khan,0,0,,,,,,,,,
1354941,2022/23,2023-03-02,"Gaddafi Stadium, Lahore",2,10.3,Quetta Gladiators,Lahore Qalandars,MJ Guptill,Iftikhar Ahmed,Rashid Khan,1,0,,,,,,,,,
1354941,2022/23,2023-03-02,"Gaddafi Stadium, Lahore",2,10.4,Quetta Gladiators,Lahore Qalandars,Iftikhar Ahmed,MJ Guptill,Rashid Khan,0,0,,,,,,,,,
1354941,2022/23,2023-03-02,"Gaddafi Stadium, Lahore",2,10.5,Quetta Gladiators,Lahore Qalandars,Iftikhar Ahmed,MJ Guptill,Rashid Khan,0,0,,,,,,caught,Iftikhar Ahmed,,
1354941,2022/23,2023-03-02,"Gaddafi Stadium, Lahore",2,10.6,Quetta Gladiators,Lahore Qalandars,Sarfraz Ahmed,MJ Guptill,Rashid Khan,0,0,,,,,,,,,
1354941,2022/23,2023-03-02,"Gaddafi Stadium, Lahore",2,11.1,Quetta Gladiators,Lahore Qalandars,MJ Guptill,Sarfraz Ahmed,D Wiese,4,0,,,,,,,,,
1354941,2022/23,2023-03-02,"Gaddafi Stadium, Lahore",2,11.2,Quetta Gladiators,Lahore Qalandars,MJ Guptill,Sarfraz Ahmed,D Wiese,2,0,,,,,,,,,
1354941,2022/23,2023-03-02,"Gaddafi Stadium, Lahore",2,11.3,Quetta Gladiators,Lahore Qalandars,MJ Guptill,Sarfraz Ahmed,D Wiese,1,0,,,,,,,,,
1354941,2022/23,2023-03-02,"Gaddafi Stadium, Lahore",2,11.4,Quetta Gladiators,Lahore Qalandars,Sarfraz Ahmed,MJ Guptill,D Wiese,1,0,,,,,,,,,
1354941,2022/23,2023-03-02,"Gaddafi Stadium, Lahore",2,11.5,Quetta Gladiators,Lahore Qalandars,MJ Guptill,Sarfraz Ahmed,D Wiese,1,0,,,,,,,,,
1354941,2022/23,2023-03-02,"Gaddafi Stadium, Lahore",2,11.6,Quetta Gladiators,Lahore Qalandars,Sarfraz Ahmed,MJ Guptill,D Wiese,1,0,,,,,,,,,
1354941,2022/23,2023-03-02,"Gaddafi Stadium, Lahore",2,12.1,Quetta Gladiators,Lahore Qalandars,Sarfraz Ahmed,MJ Guptill,Sikandar Raza,1,0,,,,,,,,,
1354941,2022/23,2023-03-02,"Gaddafi Stadium, Lahore",2,12.2,Quetta Gladiators,Lahore Qalandars,MJ Guptill,Sarfraz Ahmed,Sikandar Raza,1,0,,,,,,,,,
1354941,2022/23,2023-03-02,"Gaddafi Stadium, Lahore",2,12.3,Quetta Gladiators,Lahore Qalandars,Sarfraz Ahmed,MJ Guptill,Sikandar Raza,0,0,,,,,,,,,
1354941,2022/23,2023-03-02,"Gaddafi Stadium, Lahore",2,12.4,Quetta Gladiators,Lahore Qalandars,Sarfraz Ahmed,MJ Guptill,Sikandar Raza,2,0,,,,,,,,,
1354941,2022/23,2023-03-02,"Gaddafi Stadium, Lahore",2,12.5,Quetta Gladiators,Lahore Qalandars,Sarfraz Ahmed,MJ Guptill,Sikandar Raza,1,0,,,,,,,,,
1354941,2022/23,2023-03-02,"Gaddafi Stadium, Lahore",2,12.6,Quetta Gladiators,Lahore Qalandars,MJ Guptill,Sarfraz Ahmed,Sikandar Raza,1,0,,,,,,,,,
1354941,2022/23,2023-03-02,"Gaddafi Stadium, Lahore",2,13.1,Quetta Gladiators,Lahore Qalandars,MJ Guptill,Sarfraz Ahmed,D Wiese,0,0,,,,,,caught,MJ Guptill,,
1354941,2022/23,2023-03-02,"Gaddafi Stadium, Lahore",2,13.2,Quetta Gladiators,Lahore Qalandars,OF Smith,Sarfraz Ahmed,D Wiese,1,0,,,,,,,,,
1354941,2022/23,2023-03-02,"Gaddafi Stadium, Lahore",2,13.3,Quetta Gladiators,Lahore Qalandars,Sarfraz Ahmed,OF Smith,D Wiese,0,1,1,,,,,,,,
1354941,2022/23,2023-03-02,"Gaddafi Stadium, Lahore",2,13.4,Quetta Gladiators,Lahore Qalandars,Sarfraz Ahmed,OF Smith,D Wiese,2,0,,,,,,,,,
1354941,2022/23,2023-03-02,"Gaddafi Stadium, Lahore",2,13.5,Quetta Gladiators,Lahore Qalandars,Sarfraz Ahmed,OF Smith,D Wiese,1,0,,,,,,,,,
1354941,2022/23,2023-03-02,"Gaddafi Stadium, Lahore",2,13.6,Quetta Gladiators,Lahore Qalandars,OF Smith,Sarfraz Ahmed,D Wiese,0,0,,,,,,,,,
1354941,2022/23,2023-03-02,"Gaddafi Stadium, Lahore",2,13.7,Quetta Gladiators,Lahore Qalandars,OF Smith,Sarfraz Ahmed,D Wiese,2,0,,,,,,,,,
1354941,2022/23,2023-03-02,"Gaddafi Stadium, Lahore",2,14.1,Quetta Gladiators,Lahore Qalandars,Sarfraz Ahmed,OF Smith,Zaman Khan,0,0,,,,,,,,,
1354941,2022/23,2023-03-02,"Gaddafi Stadium, Lahore",2,14.2,Quetta Gladiators,Lahore Qalandars,Sarfraz Ahmed,OF Smith,Zaman Khan,0,0,,,,,,,,,
1354941,2022/23,2023-03-02,"Gaddafi Stadium, Lahore",2,14.3,Quetta Gladiators,Lahore Qalandars,Sarfraz Ahmed,OF Smith,Zaman Khan,1,0,,,,,,,,,
1354941,2022/23,2023-03-02,"Gaddafi Stadium, Lahore",2,14.4,Quetta Gladiators,Lahore Qalandars,OF Smith,Sarfraz Ahmed,Zaman Khan,1,1,,1,,,,,,,
1354941,2022/23,2023-03-02,"Gaddafi Stadium, Lahore",2,14.5,Quetta Gladiators,Lahore Qalandars,Sarfraz Ahmed,OF Smith,Zaman Khan,1,0,,,,,,,,,
1354941,2022/23,2023-03-02,"Gaddafi Stadium, Lahore",2,14.6,Quetta Gladiators,Lahore Qalandars,OF Smith,Sarfraz Ahmed,Zaman Khan,6,0,,,,,,,,,
1354941,2022/23,2023-03-02,"Gaddafi Stadium, Lahore",2,14.7,Quetta Gladiators,Lahore Qalandars,OF Smith,Sarfraz Ahmed,Zaman Khan,0,0,,,,,,,,,
1354941,2022/23,2023-03-02,"Gaddafi Stadium, Lahore",2,15.1,Quetta Gladiators,Lahore Qalandars,Sarfraz Ahmed,OF Smith,Shaheen Shah Afridi,1,0,,,,,,,,,
1354941,2022/23,2023-03-02,"Gaddafi Stadium, Lahore",2,15.2,Quetta Gladiators,Lahore Qalandars,OF Smith,Sarfraz Ahmed,Shaheen Shah Afridi,1,0,,,,,,,,,
1354941,2022/23,2023-03-02,"Gaddafi Stadium, Lahore",2,15.3,Quetta Gladiators,Lahore Qalandars,Sarfraz Ahmed,OF Smith,Shaheen Shah Afridi,4,0,,,,,,,,,
1354941,2022/23,2023-03-02,"Gaddafi Stadium, Lahore",2,15.4,Quetta Gladiators,Lahore Qalandars,Sarfraz Ahmed,OF Smith,Shaheen Shah Afridi,0,0,,,,,,,,,
1354941,2022/23,2023-03-02,"Gaddafi Stadium, Lahore",2,15.5,Quetta Gladiators,Lahore Qalandars,Sarfraz Ahmed,OF Smith,Shaheen Shah Afridi,2,0,,,,,,,,,
1354941,2022/23,2023-03-02,"Gaddafi Stadium, Lahore",2,15.6,Quetta Gladiators,Lahore Qalandars,Sarfraz Ahmed,OF Smith,Shaheen Shah Afridi,0,0,,,,,,,,,
1354941,2022/23,2023-03-02,"Gaddafi Stadium, Lahore",2,16.1,Quetta Gladiators,Lahore Qalandars,OF Smith,Sarfraz Ahmed,Haris Rauf,0,0,,,,,,,,,
1354941,2022/23,2023-03-02,"Gaddafi Stadium, Lahore",2,16.2,Quetta Gladiators,Lahore Qalandars,OF Smith,Sarfraz Ahmed,Haris Rauf,0,0,,,,,,caught,OF Smith,,
1354941,2022/23,2023-03-02,"Gaddafi Stadium, Lahore",2,16.3,Quetta Gladiators,Lahore Qalandars,Mohammad Nawaz,Sarfraz Ahmed,Haris Rauf,1,0,,,,,,,,,
1354941,2022/23,2023-03-02,"Gaddafi Stadium, Lahore",2,16.4,Quetta Gladiators,Lahore Qalandars,Sarfraz Ahmed,Mohammad Nawaz,Haris Rauf,1,0,,,,,,,,,
1354941,2022/23,2023-03-02,"Gaddafi Stadium, Lahore",2,16.5,Quetta Gladiators,Lahore Qalandars,Mohammad Nawaz,Sarfraz Ahmed,Haris Rauf,1,0,,,,,,,,,
1354941,2022/23,2023-03-02,"Gaddafi Stadium, Lahore",2,16.6,Quetta Gladiators,Lahore Qalandars,Sarfraz Ahmed,Mohammad Nawaz,Haris Rauf,0,0,,,,,,,,,
1354941,2022/23,2023-03-02,"Gaddafi Stadium, Lahore",2,17.1,Quetta Gladiators,Lahore Qalandars,Mohammad Nawaz,Sarfraz Ahmed,Shaheen Shah Afridi,0,1,,,,1,,,,,
1354941,2022/23,2023-03-02,"Gaddafi Stadium, Lahore",2,17.2,Quetta Gladiators,Lahore Qalandars,Sarfraz Ahmed,Mohammad Nawaz,Shaheen Shah Afridi,0,0,,,,,,,,,
1354941,2022/23,2023-03-02,"Gaddafi Stadium, Lahore",2,17.3,Quetta Gladiators,Lahore Qalandars,Sarfraz Ahmed,Mohammad Nawaz,Shaheen Shah Afridi,2,0,,,,,,,,,
1354941,2022/23,2023-03-02,"Gaddafi Stadium, Lahore",2,17.4,Quetta Gladiators,Lahore Qalandars,Sarfraz Ahmed,Mohammad Nawaz,Shaheen Shah Afridi,2,0,,,,,,,,,
1354941,2022/23,2023-03-02,"Gaddafi Stadium, Lahore",2,17.5,Quetta Gladiators,Lahore Qalandars,Sarfraz Ahmed,Mohammad Nawaz,Shaheen Shah Afridi,1,0,,,,,,,,,
1354941,2022/23,2023-03-02,"Gaddafi Stadium, Lahore",2,17.6,Quetta Gladiators,Lahore Qalandars,Mohammad Nawaz,Sarfraz Ahmed,Shaheen Shah Afridi,1,0,,,,,,,,,
1354941,2022/23,2023-03-02,"Gaddafi Stadium, Lahore",2,18.1,Quetta Gladiators,Lahore Qalandars,Mohammad Nawaz,Sarfraz Ahmed,Haris Rauf,1,0,,,,,,,,,
1354941,2022/23,2023-03-02,"Gaddafi Stadium, Lahore",2,18.2,Quetta Gladiators,Lahore Qalandars,Sarfraz Ahmed,Mohammad Nawaz,Haris Rauf,1,0,,,,,,,,,
1354941,2022/23,2023-03-02,"Gaddafi Stadium, Lahore",2,18.3,Quetta Gladiators,Lahore Qalandars,Mohammad Nawaz,Sarfraz Ahmed,Haris Rauf,0,1,1,,,,,,,,
1354941,2022/23,2023-03-02,"Gaddafi Stadium, Lahore",2,18.4,Quetta Gladiators,Lahore Qalandars,Mohammad Nawaz,Sarfraz Ahmed,Haris Rauf,0,0,,,,,,bowled,Mohammad Nawaz,,
1354941,2022/23,2023-03-02,"Gaddafi Stadium, Lahore",2,18.5,Quetta Gladiators,Lahore Qalandars,Umaid Asif,Sarfraz Ahmed,Haris Rauf,1,0,,,,,,,,,
1354941,2022/23,2023-03-02,"Gaddafi Stadium, Lahore",2,18.6,Quetta Gladiators,Lahore Qalandars,Sarfraz Ahmed,Umaid Asif,Haris Rauf,1,0,,,,,,,,,
1354941,2022/23,2023-03-02,"Gaddafi Stadium, Lahore",2,18.7,Quetta Gladiators,Lahore Qalandars,Umaid Asif,Sarfraz Ahmed,Haris Rauf,4,0,,,,,,,,,
1354941,2022/23,2023-03-02,"Gaddafi Stadium, Lahore",2,19.1,Quetta Gladiators,Lahore Qalandars,Sarfraz Ahmed,Umaid Asif,Zaman Khan,0,0,,,,,,,,,
1354941,2022/23,2023-03-02,"Gaddafi Stadium, Lahore",2,19.2,Quetta Gladiators,Lahore Qalandars,Sarfraz Ahmed,Umaid Asif,Zaman Khan,1,0,,,,,,,,,
1354941,2022/23,2023-03-02,"Gaddafi Stadium, Lahore",2,19.3,Quetta Gladiators,Lahore Qalandars,Umaid Asif,Sarfraz Ahmed,Zaman Khan,0,0,,,,,,,,,
1354941,2022/23,2023-03-02,"Gaddafi Stadium, Lahore",2,19.4,Quetta Gladiators,Lahore Qalandars,Umaid Asif,Sarfraz Ahmed,Zaman Khan,6,0,,,,,,,,,
1354941,2022/23,2023-03-02,"Gaddafi Stadium, Lahore",2,19.5,Quetta Gladiators,Lahore Qalandars,Umaid Asif,Sarfraz Ahmed,Zaman Khan,0,0,,,,,,,,,
1354941,2022/23,2023-03-02,"Gaddafi Stadium, Lahore",2,19.6,Quetta Gladiators,Lahore Qalandars,Umaid Asif,Sarfraz Ahmed,Zaman Khan,0,0,,,,,,,,,
