version,2.2.0
info,balls_per_over,6
info,team,Multan Sultans
info,team,Lahore Qalandars
info,gender,male
info,season,2022/23
info,date,2023/03/15
info,event,Pakistan Super League
info,venue,"Gaddafi Stadium, Lahore"
info,city,Lahore
info,toss_winner,Multan Sultans
info,toss_decision,bat
info,player_of_match,KA Pollard
info,umpire,Aleem Dar
info,umpire,AG Wharf
info,reserve_umpire,Faisal Afridi
info,tv_umpire,Asif Yaqoob
info,match_referee,RS Mahanama
info,winner,Multan Sultans
info,winner_runs,84
info,player,Multan Sultans,Usman Khan
info,player,Multan Sultans,Mohammad Rizwan
info,player,Multan Sultans,RR Rossouw
info,player,Multan Sultans,KA Pollard
info,player,Multan Sultans,TH David
info,player,Multan Sultans,Khushdil Shah
info,player,Multan Sultans,Anwar Ali
info,player,Multan Sultans,Usama Mir
info,player,Multan Sultans,Abbas Afridi
info,player,Multan Sultans,SS Cottrell
info,player,Multan Sultans,Ihsanullah
info,player,Lahore Qalandars,Mirza Baig
info,player,Lahore Qalandars,Fakhar Zaman
info,player,Lahore Qalandars,Abdullah Shafique
info,player,Lahore Qalandars,SW Billings
info,player,Lahore Qalandars,Shaheen Shah Afridi
info,player,Lahore Qalandars,Hussain Talat
info,player,Lahore Qalandars,Sikandar Raza
info,player,Lahore Qalandars,D Wiese
info,player,Lahore Qalandars,Rashid Khan
info,player,Lahore Qalandars,Haris Rauf
info,player,Lahore Qalandars,Zaman Khan
info,registry,people,AG Wharf,2e0fcc58
info,registry,people,Abbas Afridi,2cec2a92
info,registry,people,Abdullah Shafique,fc2fffb5
info,registry,people,Aleem Dar,f02778d1
info,registry,people,Anwar Ali,eb2d5fe7
info,registry,people,Asif Yaqoob,6b35790c
info,registry,people,D Wiese,aa8d28ae
info,registry,people,Faisal Afridi,ed0bc503
info,registry,people,Fakhar Zaman,1777c020
info,registry,people,Haris Rauf,24bb1c2f
info,registry,people,Hussain Talat,bb4b445b
info,registry,people,Ihsanullah,c290033d
info,registry,people,KA Pollard,a757b0d8
info,registry,people,Khushdil Shah,fce581b5
info,registry,people,Mirza Baig,96ce6752
info,registry,people,Mohammad Rizwan,2f26ac1a
info,registry,people,RR Rossouw,cad00a4d
info,registry,people,RS Mahanama,57910393
info,registry,people,Rashid Khan,5f547c8b
info,registry,people,SS Cottrell,a1d053dd
info,registry,people,SW Billings,c16d4035
info,registry,people,Shaheen Shah Afridi,45a7e761
info,registry,people,Sikandar Raza,26d041c4
info,registry,people,TH David,f1f99156
info,registry,people,Usama Mir,6dd8b88c
info,registry,people,Usman Khan,bafb9238
info,registry,people,Zaman Khan,28392e11
