match_id,season,start_date,venue,innings,ball,batting_team,bowling_team,striker,non_striker,bowler,runs_off_bat,extras,wides,noballs,byes,legbyes,penalty,wicket_type,player_dismissed,other_wicket_type,other_player_dismissed
1354943,2022/23,2023-03-04,"Gaddafi Stadium, Lahore",1,0.1,Lahore Qalandars,Multan Sultans,Fakhar Zaman,Mirza Baig,Sameen Gul,0,0,,,,,,,,,
1354943,2022/23,2023-03-04,"Gaddafi Stadium, Lahore",1,0.2,Lahore Qalandars,Multan Sultans,Fakhar Zaman,Mirza Baig,Sameen Gul,0,0,,,,,,,,,
1354943,2022/23,2023-03-04,"Gaddafi Stadium, Lahore",1,0.3,Lahore Qalandars,Multan Sultans,Fakhar Zaman,Mirza Baig,Sameen Gul,0,0,,,,,,caught,Fakhar Zaman,,
1354943,2022/23,2023-03-04,"Gaddafi Stadium, Lahore",1,0.4,Lahore Qalandars,Multan Sultans,Abdullah Shafique,Mirza Baig,Sameen Gul,4,0,,,,,,,,,
1354943,2022/23,2023-03-04,"Gaddafi Stadium, Lahore",1,0.5,Lahore Qalandars,Multan Sultans,Abdullah Shafique,Mirza Baig,Sameen Gul,1,0,,,,,,,,,
1354943,2022/23,2023-03-04,"Gaddafi Stadium, Lahore",1,0.6,Lahore Qalandars,Multan Sultans,Mirza Baig,Abdullah Shafique,Sameen Gul,0,0,,,,,,,,,
1354943,2022/23,2023-03-04,"Gaddafi Stadium, Lahore",1,1.1,Lahore Qalandars,Multan Sultans,Abdullah Shafique,Mirza Baig,Khushdil Shah,1,0,,,,,,,,,
1354943,2022/23,2023-03-04,"Gaddafi Stadium, Lahore",1,1.2,Lahore Qalandars,Multan Sultans,Mirza Baig,Abdullah Shafique,Khushdil Shah,1,0,,,,,,,,,
1354943,2022/23,2023-03-04,"Gaddafi Stadium, Lahore",1,1.3,Lahore Qalandars,Multan Sultans,Abdullah Shafique,Mirza Baig,Khushdil Shah,6,0,,,,,,,,,
1354943,2022/23,2023-03-04,"Gaddafi Stadium, Lahore",1,1.4,Lahore Qalandars,Multan Sultans,Abdullah Shafique,Mirza Baig,Khushdil Shah,1,0,,,,,,,,,
1354943,2022/23,2023-03-04,"Gaddafi Stadium, Lahore",1,1.5,Lahore Qalandars,Multan Sultans,Mirza Baig,Abdullah Shafique,Khushdil Shah,4,0,,,,,,,,,
1354943,2022/23,2023-03-04,"Gaddafi Stadium, Lahore",1,1.6,Lahore Qalandars,Multan Sultans,Mirza Baig,Abdullah Shafique,Khushdil Shah,4,0,,,,,,,,,
1354943,2022/23,2023-03-04,"Gaddafi Stadium, Lahore",1,2.1,Lahore Qalandars,Multan Sultans,Abdullah Shafique,Mirza Baig,Sameen Gul,0,0,,,,,,,,,
1354943,2022/23,2023-03-04,"Gaddafi Stadium, Lahore",1,2.2,Lahore Qalandars,Multan Sultans,Abdullah Shafique,Mirza Baig,Sameen Gul,0,1,1,,,,,,,,
1354943,2022/23,2023-03-04,"Gaddafi Stadium, Lahore",1,2.3,Lahore Qalandars,Multan Sultans,Abdullah Shafique,Mirza Baig,Sameen Gul,0,0,,,,,,,,,
1354943,2022/23,2023-03-04,"Gaddafi Stadium, Lahore",1,2.4,Lahore Qalandars,Multan Sultans,Abdullah Shafique,Mirza Baig,Sameen Gul,0,0,,,,,,,,,
1354943,2022/23,2023-03-04,"Gaddafi Stadium, Lahore",1,2.5,Lahore Qalandars,Multan Sultans,Abdullah Shafique,Mirza Baig,Sameen Gul,0,1,1,,,,,,,,
1354943,2022/23,2023-03-04,"Gaddafi Stadium, Lahore",1,2.6,Lahore Qalandars,Multan Sultans,Abdullah Shafique,Mirza Baig,Sameen Gul,4,0,,,,,,,,,
1354943,2022/23,2023-03-04,"Gaddafi Stadium, Lahore",1,2.7,Lahore Qalandars,Multan Sultans,Abdullah Shafique,Mirza Baig,Sameen Gul,0,1,1,,,,,,,,
1354943,2022/23,2023-03-04,"Gaddafi Stadium, Lahore",1,2.8,Lahore Qalandars,Multan Sultans,Abdullah Shafique,Mirza Baig,Sameen Gul,0,0,,,,,,,,,
1354943,2022/23,2023-03-04,"Gaddafi Stadium, Lahore",1,2.9,Lahore Qalandars,Multan Sultans,Abdullah Shafique,Mirza Baig,Sameen Gul,0,1,1,,,,,,,,
1354943,2022/23,2023-03-04,"Gaddafi Stadium, Lahore",1,2.10,Lahore Qalandars,Multan Sultans,Abdullah Shafique,Mirza Baig,Sameen Gul,2,0,,,,,,,,,
1354943,2022/23,2023-03-04,"Gaddafi Stadium, Lahore",1,3.1,Lahore Qalandars,Multan Sultans,Mirza Baig,Abdullah Shafique,Anwar Ali,1,0,,,,,,,,,
1354943,2022/23,2023-03-04,"Gaddafi Stadium, Lahore",1,3.2,Lahore Qalandars,Multan Sultans,Abdullah Shafique,Mirza Baig,Anwar Ali,1,0,,,,,,,,,
1354943,2022/23,2023-03-04,"Gaddafi Stadium, Lahore",1,3.3,Lahore Qalandars,Multan Sultans,Mirza Baig,Abdullah Shafique,Anwar Ali,1,0,,,,,,,,,
1354943,2022/23,2023-03-04,"Gaddafi Stadium, Lahore",1,3.4,Lahore Qalandars,Multan Sultans,Abdullah Shafique,Mirza Baig,Anwar Ali,1,0,,,,,,,,,
1354943,2022/23,2023-03-04,"Gaddafi Stadium, Lahore",1,3.5,Lahore Qalandars,Multan Sultans,Mirza Baig,Abdullah Shafique,Anwar Ali,4,0,,,,,,,,,
1354943,2022/23,2023-03-04,"Gaddafi Stadium, Lahore",1,3.6,Lahore Qalandars,Multan Sultans,Mirza Baig,Abdullah Shafique,Anwar Ali,1,0,,,,,,,,,
1354943,2022/23,2023-03-04,"Gaddafi Stadium, Lahore",1,4.1,Lahore Qalandars,Multan Sultans,Mirza Baig,Abdullah Shafique,Ihsanullah,0,1,1,,,,,,,,
1354943,2022/23,2023-03-04,"Gaddafi Stadium, Lahore",1,4.2,Lahore Qalandars,Multan Sultans,Mirza Baig,Abdullah Shafique,Ihsanullah,0,0,,,,,,,,,
1354943,2022/23,2023-03-04,"Gaddafi Stadium, Lahore",1,4.3,Lahore Qalandars,Multan Sultans,Mirza Baig,Abdullah Shafique,Ihsanullah,1,0,,,,,,,,,
1354943,2022/23,2023-03-04,"Gaddafi Stadium, Lahore",1,4.4,Lahore Qalandars,Multan Sultans,Abdullah Shafique,Mirza Baig,Ihsanullah,0,0,,,,,,,,,
1354943,2022/23,2023-03-04,"Gaddafi Stadium, Lahore",1,4.5,Lahore Qalandars,Multan Sultans,Abdullah Shafique,Mirza Baig,Ihsanullah,0,1,1,,,,,,,,
1354943,2022/23,2023-03-04,"Gaddafi Stadium, Lahore",1,4.6,Lahore Qalandars,Multan Sultans,Abdullah Shafique,Mirza Baig,Ihsanullah,0,1,,1,,,,,,,
1354943,2022/23,2023-03-04,"Gaddafi Stadium, Lahore",1,4.7,Lahore Qalandars,Multan Sultans,Abdullah Shafique,Mirza Baig,Ihsanullah,4,0,,,,,,,,,
1354943,2022/23,2023-03-04,"Gaddafi Stadium, Lahore",1,4.8,Lahore Qalandars,Multan Sultans,Abdullah Shafique,Mirza Baig,Ihsanullah,1,0,,,,,,,,,
1354943,2022/23,2023-03-04,"Gaddafi Stadium, Lahore",1,4.9,Lahore Qalandars,Multan Sultans,Mirza Baig,Abdullah Shafique,Ihsanullah,0,0,,,,,,caught,Mirza Baig,,
1354943,2022/23,2023-03-04,"Gaddafi Stadium, Lahore",1,5.1,Lahore Qalandars,Multan Sultans,Abdullah Shafique,SW Billings,Anwar Ali,1,0,,,,,,,,,
1354943,2022/23,2023-03-04,"Gaddafi Stadium, Lahore",1,5.2,Lahore Qalandars,Multan Sultans,SW Billings,Abdullah Shafique,Anwar Ali,4,0,,,,,,,,,
1354943,2022/23,2023-03-04,"Gaddafi Stadium, Lahore",1,5.3,Lahore Qalandars,Multan Sultans,SW Billings,Abdullah Shafique,Anwar Ali,0,0,,,,,,,,,
1354943,2022/23,2023-03-04,"Gaddafi Stadium, Lahore",1,5.4,Lahore Qalandars,Multan Sultans,SW Billings,Abdullah Shafique,Anwar Ali,0,0,,,,,,,,,
1354943,2022/23,2023-03-04,"Gaddafi Stadium, Lahore",1,5.5,Lahore Qalandars,Multan Sultans,SW Billings,Abdullah Shafique,Anwar Ali,0,0,,,,,,,,,
1354943,2022/23,2023-03-04,"Gaddafi Stadium, Lahore",1,5.6,Lahore Qalandars,Multan Sultans,SW Billings,Abdullah Shafique,Anwar Ali,1,0,,,,,,,,,
1354943,2022/23,2023-03-04,"Gaddafi Stadium, Lahore",1,6.1,Lahore Qalandars,Multan Sultans,SW Billings,Abdullah Shafique,Abbas Afridi,4,0,,,,,,,,,
1354943,2022/23,2023-03-04,"Gaddafi Stadium, Lahore",1,6.2,Lahore Qalandars,Multan Sultans,SW Billings,Abdullah Shafique,Abbas Afridi,0,0,,,,,,,,,
1354943,2022/23,2023-03-04,"Gaddafi Stadium, Lahore",1,6.3,Lahore Qalandars,Multan Sultans,SW Billings,Abdullah Shafique,Abbas Afridi,0,0,,,,,,,,,
1354943,2022/23,2023-03-04,"Gaddafi Stadium, Lahore",1,6.4,Lahore Qalandars,Multan Sultans,SW Billings,Abdullah Shafique,Abbas Afridi,1,0,,,,,,,,,
1354943,2022/23,2023-03-04,"Gaddafi Stadium, Lahore",1,6.5,Lahore Qalandars,Multan Sultans,Abdullah Shafique,SW Billings,Abbas Afridi,1,0,,,,,,,,,
1354943,2022/23,2023-03-04,"Gaddafi Stadium, Lahore",1,6.6,Lahore Qalandars,Multan Sultans,SW Billings,Abdullah Shafique,Abbas Afridi,0,0,,,,,,,,,
1354943,2022/23,2023-03-04,"Gaddafi Stadium, Lahore",1,7.1,Lahore Qalandars,Multan Sultans,Abdullah Shafique,SW Billings,Usama Mir,1,0,,,,,,,,,
1354943,2022/23,2023-03-04,"Gaddafi Stadium, Lahore",1,7.2,Lahore Qalandars,Multan Sultans,SW Billings,Abdullah Shafique,Usama Mir,1,0,,,,,,,,,
1354943,2022/23,2023-03-04,"Gaddafi Stadium, Lahore",1,7.3,Lahore Qalandars,Multan Sultans,Abdullah Shafique,SW Billings,Usama Mir,0,0,,,,,,,,,
1354943,2022/23,2023-03-04,"Gaddafi Stadium, Lahore",1,7.4,Lahore Qalandars,Multan Sultans,Abdullah Shafique,SW Billings,Usama Mir,1,0,,,,,,,,,
1354943,2022/23,2023-03-04,"Gaddafi Stadium, Lahore",1,7.5,Lahore Qalandars,Multan Sultans,SW Billings,Abdullah Shafique,Usama Mir,2,0,,,,,,,,,
1354943,2022/23,2023-03-04,"Gaddafi Stadium, Lahore",1,7.6,Lahore Qalandars,Multan Sultans,SW Billings,Abdullah Shafique,Usama Mir,0,0,,,,,,,,,
1354943,2022/23,2023-03-04,"Gaddafi Stadium, Lahore",1,8.1,Lahore Qalandars,Multan Sultans,Abdullah Shafique,SW Billings,Abbas Afridi,1,0,,,,,,,,,
1354943,2022/23,2023-03-04,"Gaddafi Stadium, Lahore",1,8.2,Lahore Qalandars,Multan Sultans,SW Billings,Abdullah Shafique,Abbas Afridi,1,0,,,,,,,,,
1354943,2022/23,2023-03-04,"Gaddafi Stadium, Lahore",1,8.3,Lahore Qalandars,Multan Sultans,Abdullah Shafique,SW Billings,Abbas Afridi,4,0,,,,,,,,,
1354943,2022/23,2023-03-04,"Gaddafi Stadium, Lahore",1,8.4,Lahore Qalandars,Multan Sultans,Abdullah Shafique,SW Billings,Abbas Afridi,1,0,,,,,,,,,
1354943,2022/23,2023-03-04,"Gaddafi Stadium, Lahore",1,8.5,Lahore Qalandars,Multan Sultans,SW Billings,Abdullah Shafique,Abbas Afridi,1,0,,,,,,,,,
1354943,2022/23,2023-03-04,"Gaddafi Stadium, Lahore",1,8.6,Lahore Qalandars,Multan Sultans,Abdullah Shafique,SW Billings,Abbas Afridi,0,0,,,,,,,,,
1354943,2022/23,2023-03-04,"Gaddafi Stadium, Lahore",1,9.1,Lahore Qalandars,Multan Sultans,SW Billings,Abdullah Shafique,Usama Mir,0,0,,,,,,,,,
1354943,2022/23,2023-03-04,"Gaddafi Stadium, Lahore",1,9.2,Lahore Qalandars,Multan Sultans,SW Billings,Abdullah Shafique,Usama Mir,1,0,,,,,,,,,
1354943,2022/23,2023-03-04,"Gaddafi Stadium, Lahore",1,9.3,Lahore Qalandars,Multan Sultans,Abdullah Shafique,SW Billings,Usama Mir,1,0,,,,,,,,,
1354943,2022/23,2023-03-04,"Gaddafi Stadium, Lahore",1,9.4,Lahore Qalandars,Multan Sultans,SW Billings,Abdullah Shafique,Usama Mir,6,0,,,,,,,,,
1354943,2022/23,2023-03-04,"Gaddafi Stadium, Lahore",1,9.5,Lahore Qalandars,Multan Sultans,SW Billings,Abdullah Shafique,Usama Mir,1,0,,,,,,,,,
1354943,2022/23,2023-03-04,"Gaddafi Stadium, Lahore",1,9.6,Lahore Qalandars,Multan Sultans,Abdullah Shafique,SW Billings,Usama Mir,4,0,,,,,,,,,
1354943,2022/23,2023-03-04,"Gaddafi Stadium, Lahore",1,10.1,Lahore Qalandars,Multan Sultans,SW Billings,Abdullah Shafique,Ihsanullah,1,0,,,,,,,,,
1354943,2022/23,2023-03-04,"Gaddafi Stadium, Lahore",1,10.2,Lahore Qalandars,Multan Sultans,Abdullah Shafique,SW Billings,Ihsanullah,0,0,,,,,,,,,
1354943,2022/23,2023-03-04,"Gaddafi Stadium, Lahore",1,10.3,Lahore Qalandars,Multan Sultans,Abdullah Shafique,SW Billings,Ihsanullah,0,1,,,,1,,,,,
1354943,2022/23,2023-03-04,"Gaddafi Stadium, Lahore",1,10.4,Lahore Qalandars,Multan Sultans,SW Billings,Abdullah Shafique,Ihsanullah,0,1,1,,,,,,,,
1354943,2022/23,2023-03-04,"Gaddafi Stadium, Lahore",1,10.5,Lahore Qalandars,Multan Sultans,SW Billings,Abdullah Shafique,Ihsanullah,0,1,1,,,,,,,,
1354943,2022/23,2023-03-04,"Gaddafi Stadium, Lahore",1,10.6,Lahore Qalandars,Multan Sultans,SW Billings,Abdullah Shafique,Ihsanullah,4,0,,,,,,,,,
1354943,2022/23,2023-03-04,"Gaddafi Stadium, Lahore",1,10.7,Lahore Qalandars,Multan Sultans,SW Billings,Abdullah Shafique,Ihsanullah,1,0,,,,,,,,,
1354943,2022/23,2023-03-04,"Gaddafi Stadium, Lahore",1,10.8,Lahore Qalandars,Multan Sultans,Abdullah Shafique,SW Billings,Ihsanullah,1,0,,,,,,,,,
1354943,2022/23,2023-03-04,"Gaddafi Stadium, Lahore",1,11.1,Lahore Qalandars,Multan Sultans,Abdullah Shafique,SW Billings,Sameen Gul,1,0,,,,,,,,,
1354943,2022/23,2023-03-04,"Gaddafi Stadium, Lahore",1,11.2,Lahore Qalandars,Multan Sultans,SW Billings,Abdullah Shafique,Sameen Gul,4,0,,,,,,,,,
1354943,2022/23,2023-03-04,"Gaddafi Stadium, Lahore",1,11.3,Lahore Qalandars,Multan Sultans,SW Billings,Abdullah Shafique,Sameen Gul,6,0,,,,,,,,,
1354943,2022/23,2023-03-04,"Gaddafi Stadium, Lahore",1,11.4,Lahore Qalandars,Multan Sultans,SW Billings,Abdullah Shafique,Sameen Gul,1,0,,,,,,,,,
1354943,2022/23,2023-03-04,"Gaddafi Stadium, Lahore",1,11.5,Lahore Qalandars,Multan Sultans,Abdullah Shafique,SW Billings,Sameen Gul,1,0,,,,,,,,,
1354943,2022/23,2023-03-04,"Gaddafi Stadium, Lahore",1,11.6,Lahore Qalandars,Multan Sultans,SW Billings,Abdullah Shafique,Sameen Gul,1,0,,,,,,,,,
1354943,2022/23,2023-03-04,"Gaddafi Stadium, Lahore",1,12.1,Lahore Qalandars,Multan Sultans,SW Billings,Abdullah Shafique,KA Pollard,2,0,,,,,,,,,
1354943,2022/23,2023-03-04,"Gaddafi Stadium, Lahore",1,12.2,Lahore Qalandars,Multan Sultans,SW Billings,Abdullah Shafique,KA Pollard,1,0,,,,,,,,,
1354943,2022/23,2023-03-04,"Gaddafi Stadium, Lahore",1,12.3,Lahore Qalandars,Multan Sultans,Abdullah Shafique,SW Billings,KA Pollard,4,0,,,,,,,,,
1354943,2022/23,2023-03-04,"Gaddafi Stadium, Lahore",1,12.4,Lahore Qalandars,Multan Sultans,Abdullah Shafique,SW Billings,KA Pollard,0,0,,,,,,caught and bowled,Abdullah Shafique,,
1354943,2022/23,2023-03-04,"Gaddafi Stadium, Lahore",1,12.5,Lahore Qalandars,Multan Sultans,Sikandar Raza,SW Billings,KA Pollard,0,0,,,,,,,,,
1354943,2022/23,2023-03-04,"Gaddafi Stadium, Lahore",1,12.6,Lahore Qalandars,Multan Sultans,Sikandar Raza,SW Billings,KA Pollard,2,0,,,,,,,,,
1354943,2022/23,2023-03-04,"Gaddafi Stadium, Lahore",1,13.1,Lahore Qalandars,Multan Sultans,SW Billings,Sikandar Raza,Usama Mir,4,0,,,,,,,,,
1354943,2022/23,2023-03-04,"Gaddafi Stadium, Lahore",1,13.2,Lahore Qalandars,Multan Sultans,SW Billings,Sikandar Raza,Usama Mir,1,0,,,,,,,,,
1354943,2022/23,2023-03-04,"Gaddafi Stadium, Lahore",1,13.3,Lahore Qalandars,Multan Sultans,Sikandar Raza,SW Billings,Usama Mir,0,1,1,,,,,,,,
1354943,2022/23,2023-03-04,"Gaddafi Stadium, Lahore",1,13.4,Lahore Qalandars,Multan Sultans,Sikandar Raza,SW Billings,Usama Mir,6,0,,,,,,,,,
1354943,2022/23,2023-03-04,"Gaddafi Stadium, Lahore",1,13.5,Lahore Qalandars,Multan Sultans,Sikandar Raza,SW Billings,Usama Mir,0,0,,,,,,,,,
1354943,2022/23,2023-03-04,"Gaddafi Stadium, Lahore",1,13.6,Lahore Qalandars,Multan Sultans,Sikandar Raza,SW Billings,Usama Mir,1,0,,,,,,,,,
1354943,2022/23,2023-03-04,"Gaddafi Stadium, Lahore",1,13.7,Lahore Qalandars,Multan Sultans,SW Billings,Sikandar Raza,Usama Mir,1,0,,,,,,,,,
1354943,2022/23,2023-03-04,"Gaddafi Stadium, Lahore",1,14.1,Lahore Qalandars,Multan Sultans,SW Billings,Sikandar Raza,KA Pollard,0,0,,,,,,,,,
1354943,2022/23,2023-03-04,"Gaddafi Stadium, Lahore",1,14.2,Lahore Qalandars,Multan Sultans,SW Billings,Sikandar Raza,KA Pollard,0,0,,,,,,,,,
1354943,2022/23,2023-03-04,"Gaddafi Stadium, Lahore",1,14.3,Lahore Qalandars,Multan Sultans,SW Billings,Sikandar Raza,KA Pollard,0,1,1,,,,,,,,
1354943,2022/23,2023-03-04,"Gaddafi Stadium, Lahore",1,14.4,Lahore Qalandars,Multan Sultans,SW Billings,Sikandar Raza,KA Pollard,4,0,,,,,,,,,
1354943,2022/23,2023-03-04,"Gaddafi Stadium, Lahore",1,14.5,Lahore Qalandars,Multan Sultans,SW Billings,Sikandar Raza,KA Pollard,0,0,,,,,,lbw,SW Billings,,
1354943,2022/23,2023-03-04,"Gaddafi Stadium, Lahore",1,14.6,Lahore Qalandars,Multan Sultans,Hussain Talat,Sikandar Raza,KA Pollard,1,0,,,,,,,,,
1354943,2022/23,2023-03-04,"Gaddafi Stadium, Lahore",1,14.7,Lahore Qalandars,Multan Sultans,Sikandar Raza,Hussain Talat,KA Pollard,1,0,,,,,,,,,
1354943,2022/23,2023-03-04,"Gaddafi Stadium, Lahore",1,15.1,Lahore Qalandars,Multan Sultans,Sikandar Raza,Hussain Talat,Ihsanullah,4,0,,,,,,,,,
1354943,2022/23,2023-03-04,"Gaddafi Stadium, Lahore",1,15.2,Lahore Qalandars,Multan Sultans,Sikandar Raza,Hussain Talat,Ihsanullah,0,0,,,,,,lbw,Sikandar Raza,,
1354943,2022/23,2023-03-04,"Gaddafi Stadium, Lahore",1,15.3,Lahore Qalandars,Multan Sultans,D Wiese,Hussain Talat,Ihsanullah,0,1,1,,,,,,,,
1354943,2022/23,2023-03-04,"Gaddafi Stadium, Lahore",1,15.4,Lahore Qalandars,Multan Sultans,D Wiese,Hussain Talat,Ihsanullah,1,0,,,,,,,,,
1354943,2022/23,2023-03-04,"Gaddafi Stadium, Lahore",1,15.5,Lahore Qalandars,Multan Sultans,Hussain Talat,D Wiese,Ihsanullah,0,0,,,,,,,,,
1354943,2022/23,2023-03-04,"Gaddafi Stadium, Lahore",1,15.6,Lahore Qalandars,Multan Sultans,Hussain Talat,D Wiese,Ihsanullah,0,0,,,,,,,,,
1354943,2022/23,2023-03-04,"Gaddafi Stadium, Lahore",1,15.7,Lahore Qalandars,Multan Sultans,Hussain Talat,D Wiese,Ihsanullah,1,0,,,,,,,,,
1354943,2022/23,2023-03-04,"Gaddafi Stadium, Lahore",1,16.1,Lahore Qalandars,Multan Sultans,Hussain Talat,D Wiese,Usama Mir,1,0,,,,,,,,,
1354943,2022/23,2023-03-04,"Gaddafi Stadium, Lahore",1,16.2,Lahore Qalandars,Multan Sultans,D Wiese,Hussain Talat,Usama Mir,0,0,,,,,,,,,
1354943,2022/23,2023-03-04,"Gaddafi Stadium, Lahore",1,16.3,Lahore Qalandars,Multan Sultans,D Wiese,Hussain Talat,Usama Mir,0,0,,,,,,,,,
1354943,2022/23,2023-03-04,"Gaddafi Stadium, Lahore",1,16.4,Lahore Qalandars,Multan Sultans,D Wiese,Hussain Talat,Usama Mir,4,0,,,,,,,,,
1354943,2022/23,2023-03-04,"Gaddafi Stadium, Lahore",1,16.5,Lahore Qalandars,Multan Sultans,D Wiese,Hussain Talat,Usama Mir,0,0,,,,,,,,,
1354943,2022/23,2023-03-04,"Gaddafi Stadium, Lahore",1,16.6,Lahore Qalandars,Multan Sultans,D Wiese,Hussain Talat,Usama Mir,0,0,,,,,,,,,
1354943,2022/23,2023-03-04,"Gaddafi Stadium, Lahore",1,17.1,Lahore Qalandars,Multan Sultans,Hussain Talat,D Wiese,Ihsanullah,1,0,,,,,,,,,
1354943,2022/23,2023-03-04,"Gaddafi Stadium, Lahore",1,17.2,Lahore Qalandars,Multan Sultans,D Wiese,Hussain Talat,Ihsanullah,2,0,,,,,,,,,
1354943,2022/23,2023-03-04,"Gaddafi Stadium, Lahore",1,17.3,Lahore Qalandars,Multan Sultans,D Wiese,Hussain Talat,Ihsanullah,0,1,,,,1,,,,,
1354943,2022/23,2023-03-04,"Gaddafi Stadium, Lahore",1,17.4,Lahore Qalandars,Multan Sultans,Hussain Talat,D Wiese,Ihsanullah,0,0,,,,,,,,,
1354943,2022/23,2023-03-04,"Gaddafi Stadium, Lahore",1,17.5,Lahore Qalandars,Multan Sultans,Hussain Talat,D Wiese,Ihsanullah,1,0,,,,,,,,,
1354943,2022/23,2023-03-04,"Gaddafi Stadium, Lahore",1,17.6,Lahore Qalandars,Multan Sultans,D Wiese,Hussain Talat,Ihsanullah,4,0,,,,,,,,,
1354943,2022/23,2023-03-04,"Gaddafi Stadium, Lahore",1,18.1,Lahore Qalandars,Multan Sultans,Hussain Talat,D Wiese,Anwar Ali,4,0,,,,,,,,,
1354943,2022/23,2023-03-04,"Gaddafi Stadium, Lahore",1,18.2,Lahore Qalandars,Multan Sultans,Hussain Talat,D Wiese,Anwar Ali,0,0,,,,,,caught,Hussain Talat,,
1354943,2022/23,2023-03-04,"Gaddafi Stadium, Lahore",1,18.3,Lahore Qalandars,Multan Sultans,Rashid Khan,D Wiese,Anwar Ali,0,0,,,,,,,,,
1354943,2022/23,2023-03-04,"Gaddafi Stadium, Lahore",1,18.4,Lahore Qalandars,Multan Sultans,Rashid Khan,D Wiese,Anwar Ali,0,0,,,,,,caught,Rashid Khan,,
1354943,2022/23,2023-03-04,"Gaddafi Stadium, Lahore",1,18.5,Lahore Qalandars,Multan Sultans,Shaheen Shah Afridi,D Wiese,Anwar Ali,1,0,,,,,,,,,
1354943,2022/23,2023-03-04,"Gaddafi Stadium, Lahore",1,18.6,Lahore Qalandars,Multan Sultans,D Wiese,Shaheen Shah Afridi,Anwar Ali,1,0,,,,,,,,,
1354943,2022/23,2023-03-04,"Gaddafi Stadium, Lahore",1,19.1,Lahore Qalandars,Multan Sultans,D Wiese,Shaheen Shah Afridi,Abbas Afridi,2,0,,,,,,,,,
1354943,2022/23,2023-03-04,"Gaddafi Stadium, Lahore",1,19.2,Lahore Qalandars,Multan Sultans,D Wiese,Shaheen Shah Afridi,Abbas Afridi,1,0,,,,,,,,,
1354943,2022/23,2023-03-04,"Gaddafi Stadium, Lahore",1,19.3,Lahore Qalandars,Multan Sultans,Shaheen Shah Afridi,D Wiese,Abbas Afridi,4,0,,,,,,,,,
1354943,2022/23,2023-03-04,"Gaddafi Stadium, Lahore",1,19.4,Lahore Qalandars,Multan Sultans,Shaheen Shah Afridi,D Wiese,Abbas Afridi,4,0,,,,,,,,,
1354943,2022/23,2023-03-04,"Gaddafi Stadium, Lahore",1,19.5,Lahore Qalandars,Multan Sultans,Shaheen Shah Afridi,D Wiese,Abbas Afridi,0,0,,,,,,bowled,Shaheen Shah Afridi,,
1354943,2022/23,2023-03-04,"Gaddafi Stadium, Lahore",1,19.6,Lahore Qalandars,Multan Sultans,Haris Rauf,D Wiese,Abbas Afridi,0,0,,,,,,caught,Haris Rauf,,
1354943,2022/23,2023-03-04,"Gaddafi Stadium, Lahore",2,0.1,Multan Sultans,Lahore Qalandars,Shan Masood,Mohammad Rizwan,Shaheen Shah Afridi,2,0,,,,,,,,,
1354943,2022/23,2023-03-04,"Gaddafi Stadium, Lahore",2,0.2,Multan Sultans,Lahore Qalandars,Shan Masood,Mohammad Rizwan,Shaheen Shah Afridi,0,0,,,,,,,,,
1354943,2022/23,2023-03-04,"Gaddafi Stadium, Lahore",2,0.3,Multan Sultans,Lahore Qalandars,Shan Masood,Mohammad Rizwan,Shaheen Shah Afridi,1,0,,,,,,,,,
1354943,2022/23,2023-03-04,"Gaddafi Stadium, Lahore",2,0.4,Multan Sultans,Lahore Qalandars,Mohammad Rizwan,Shan Masood,Shaheen Shah Afridi,1,0,,,,,,,,,
1354943,2022/23,2023-03-04,"Gaddafi Stadium, Lahore",2,0.5,Multan Sultans,Lahore Qalandars,Shan Masood,Mohammad Rizwan,Shaheen Shah Afridi,4,0,,,,,,,,,
1354943,2022/23,2023-03-04,"Gaddafi Stadium, Lahore",2,0.6,Multan Sultans,Lahore Qalandars,Shan Masood,Mohammad Rizwan,Shaheen Shah Afridi,0,0,,,,,,,,,
1354943,2022/23,2023-03-04,"Gaddafi Stadium, Lahore",2,1.1,Multan Sultans,Lahore Qalandars,Mohammad Rizwan,Shan Masood,Zaman Khan,1,0,,,,,,,,,
1354943,2022/23,2023-03-04,"Gaddafi Stadium, Lahore",2,1.2,Multan Sultans,Lahore Qalandars,Shan Masood,Mohammad Rizwan,Zaman Khan,1,0,,,,,,,,,
1354943,2022/23,2023-03-04,"Gaddafi Stadium, Lahore",2,1.3,Multan Sultans,Lahore Qalandars,Mohammad Rizwan,Shan Masood,Zaman Khan,0,0,,,,,,,,,
1354943,2022/23,2023-03-04,"Gaddafi Stadium, Lahore",2,1.4,Multan Sultans,Lahore Qalandars,Mohammad Rizwan,Shan Masood,Zaman Khan,0,1,1,,,,,,,,
1354943,2022/23,2023-03-04,"Gaddafi Stadium, Lahore",2,1.5,Multan Sultans,Lahore Qalandars,Mohammad Rizwan,Shan Masood,Zaman Khan,0,0,,,,,,,,,
1354943,2022/23,2023-03-04,"Gaddafi Stadium, Lahore",2,1.6,Multan Sultans,Lahore Qalandars,Mohammad Rizwan,Shan Masood,Zaman Khan,0,0,,,,,,,,,
1354943,2022/23,2023-03-04,"Gaddafi Stadium, Lahore",2,1.7,Multan Sultans,Lahore Qalandars,Mohammad Rizwan,Shan Masood,Zaman Khan,0,0,,,,,,,,,
1354943,2022/23,2023-03-04,"Gaddafi Stadium, Lahore",2,2.1,Multan Sultans,Lahore Qalandars,Shan Masood,Mohammad Rizwan,Shaheen Shah Afridi,0,0,,,,,,,,,
1354943,2022/23,2023-03-04,"Gaddafi Stadium, Lahore",2,2.2,Multan Sultans,Lahore Qalandars,Shan Masood,Mohammad Rizwan,Shaheen Shah Afridi,4,0,,,,,,,,,
1354943,2022/23,2023-03-04,"Gaddafi Stadium, Lahore",2,2.3,Multan Sultans,Lahore Qalandars,Shan Masood,Mohammad Rizwan,Shaheen Shah Afridi,0,0,,,,,,,,,
1354943,2022/23,2023-03-04,"Gaddafi Stadium, Lahore",2,2.4,Multan Sultans,Lahore Qalandars,Shan Masood,Mohammad Rizwan,Shaheen Shah Afridi,1,0,,,,,,,,,
1354943,2022/23,2023-03-04,"Gaddafi Stadium, Lahore",2,2.5,Multan Sultans,Lahore Qalandars,Mohammad Rizwan,Shan Masood,Shaheen Shah Afridi,1,0,,,,,,,,,
1354943,2022/23,2023-03-04,"Gaddafi Stadium, Lahore",2,2.6,Multan Sultans,Lahore Qalandars,Shan Masood,Mohammad Rizwan,Shaheen Shah Afridi,0,0,,,,,,,,,
1354943,2022/23,2023-03-04,"Gaddafi Stadium, Lahore",2,3.1,Multan Sultans,Lahore Qalandars,Mohammad Rizwan,Shan Masood,Zaman Khan,6,0,,,,,,,,,
1354943,2022/23,2023-03-04,"Gaddafi Stadium, Lahore",2,3.2,Multan Sultans,Lahore Qalandars,Mohammad Rizwan,Shan Masood,Zaman Khan,0,0,,,,,,,,,
1354943,2022/23,2023-03-04,"Gaddafi Stadium, Lahore",2,3.3,Multan Sultans,Lahore Qalandars,Mohammad Rizwan,Shan Masood,Zaman Khan,1,0,,,,,,,,,
1354943,2022/23,2023-03-04,"Gaddafi Stadium, Lahore",2,3.4,Multan Sultans,Lahore Qalandars,Shan Masood,Mohammad Rizwan,Zaman Khan,0,0,,,,,,,,,
1354943,2022/23,2023-03-04,"Gaddafi Stadium, Lahore",2,3.5,Multan Sultans,Lahore Qalandars,Shan Masood,Mohammad Rizwan,Zaman Khan,1,0,,,,,,,,,
1354943,2022/23,2023-03-04,"Gaddafi Stadium, Lahore",2,3.6,Multan Sultans,Lahore Qalandars,Mohammad Rizwan,Shan Masood,Zaman Khan,4,0,,,,,,,,,
1354943,2022/23,2023-03-04,"Gaddafi Stadium, Lahore",2,4.1,Multan Sultans,Lahore Qalandars,Shan Masood,Mohammad Rizwan,Haris Rauf,0,0,,,,,,,,,
1354943,2022/23,2023-03-04,"Gaddafi Stadium, Lahore",2,4.2,Multan Sultans,Lahore Qalandars,Shan Masood,Mohammad Rizwan,Haris Rauf,1,0,,,,,,,,,
1354943,2022/23,2023-03-04,"Gaddafi Stadium, Lahore",2,4.3,Multan Sultans,Lahore Qalandars,Mohammad Rizwan,Shan Masood,Haris Rauf,4,0,,,,,,,,,
1354943,2022/23,2023-03-04,"Gaddafi Stadium, Lahore",2,4.4,Multan Sultans,Lahore Qalandars,Mohammad Rizwan,Shan Masood,Haris Rauf,0,1,,,,1,,,,,
1354943,2022/23,2023-03-04,"Gaddafi Stadium, Lahore",2,4.5,Multan Sultans,Lahore Qalandars,Shan Masood,Mohammad Rizwan,Haris Rauf,1,0,,,,,,,,,
1354943,2022/23,2023-03-04,"Gaddafi Stadium, Lahore",2,4.6,Multan Sultans,Lahore Qalandars,Mohammad Rizwan,Shan Masood,Haris Rauf,0,0,,,,,,,,,
1354943,2022/23,2023-03-04,"Gaddafi Stadium, Lahore",2,5.1,Multan Sultans,Lahore Qalandars,Shan Masood,Mohammad Rizwan,D Wiese,1,0,,,,,,,,,
1354943,2022/23,2023-03-04,"Gaddafi Stadium, Lahore",2,5.2,Multan Sultans,Lahore Qalandars,Mohammad Rizwan,Shan Masood,D Wiese,2,0,,,,,,,,,
1354943,2022/23,2023-03-04,"Gaddafi Stadium, Lahore",2,5.3,Multan Sultans,Lahore Qalandars,Mohammad Rizwan,Shan Masood,D Wiese,1,0,,,,,,,,,
1354943,2022/23,2023-03-04,"Gaddafi Stadium, Lahore",2,5.4,Multan Sultans,Lahore Qalandars,Shan Masood,Mohammad Rizwan,D Wiese,1,0,,,,,,,,,
1354943,2022/23,2023-03-04,"Gaddafi Stadium, Lahore",2,5.5,Multan Sultans,Lahore Qalandars,Mohammad Rizwan,Shan Masood,D Wiese,0,1,1,,,,,,,,
1354943,2022/23,2023-03-04,"Gaddafi Stadium, Lahore",2,5.6,Multan Sultans,Lahore Qalandars,Mohammad Rizwan,Shan Masood,D Wiese,2,0,,,,,,,,,
1354943,2022/23,2023-03-04,"Gaddafi Stadium, Lahore",2,5.7,Multan Sultans,Lahore Qalandars,Mohammad Rizwan,Shan Masood,D Wiese,0,0,,,,,,,,,
1354943,2022/23,2023-03-04,"Gaddafi Stadium, Lahore",2,6.1,Multan Sultans,Lahore Qalandars,Shan Masood,Mohammad Rizwan,Zaman Khan,0,1,1,,,,,,,,
1354943,2022/23,2023-03-04,"Gaddafi Stadium, Lahore",2,6.2,Multan Sultans,Lahore Qalandars,Shan Masood,Mohammad Rizwan,Zaman Khan,1,0,,,,,,,,,
1354943,2022/23,2023-03-04,"Gaddafi Stadium, Lahore",2,6.3,Multan Sultans,Lahore Qalandars,Mohammad Rizwan,Shan Masood,Zaman Khan,0,1,1,,,,,,,,
1354943,2022/23,2023-03-04,"Gaddafi Stadium, Lahore",2,6.4,Multan Sultans,Lahore Qalandars,Mohammad Rizwan,Shan Masood,Zaman Khan,1,0,,,,,,,,,
1354943,2022/23,2023-03-04,"Gaddafi Stadium, Lahore",2,6.5,Multan Sultans,Lahore Qalandars,Shan Masood,Mohammad Rizwan,Zaman Khan,0,0,,,,,,caught,Shan Masood,,
1354943,2022/23,2023-03-04,"Gaddafi Stadium, Lahore",2,6.6,Multan Sultans,Lahore Qalandars,Usama Mir,Mohammad Rizwan,Zaman Khan,2,0,,,,,,,,,
1354943,2022/23,2023-03-04,"Gaddafi Stadium, Lahore",2,6.7,Multan Sultans,Lahore Qalandars,Usama Mir,Mohammad Rizwan,Zaman Khan,1,0,,,,,,,,,
1354943,2022/23,2023-03-04,"Gaddafi Stadium, Lahore",2,6.8,Multan Sultans,Lahore Qalandars,Mohammad Rizwan,Usama Mir,Zaman Khan,1,0,,,,,,,,,
1354943,2022/23,2023-03-04,"Gaddafi Stadium, Lahore",2,7.1,Multan Sultans,Lahore Qalandars,Mohammad Rizwan,Usama Mir,D Wiese,1,0,,,,,,,,,
1354943,2022/23,2023-03-04,"Gaddafi Stadium, Lahore",2,7.2,Multan Sultans,Lahore Qalandars,Usama Mir,Mohammad Rizwan,D Wiese,0,0,,,,,,,,,
1354943,2022/23,2023-03-04,"Gaddafi Stadium, Lahore",2,7.3,Multan Sultans,Lahore Qalandars,Usama Mir,Mohammad Rizwan,D Wiese,0,0,,,,,,,,,
1354943,2022/23,2023-03-04,"Gaddafi Stadium, Lahore",2,7.4,Multan Sultans,Lahore Qalandars,Usama Mir,Mohammad Rizwan,D Wiese,4,0,,,,,,,,,
1354943,2022/23,2023-03-04,"Gaddafi Stadium, Lahore",2,7.5,Multan Sultans,Lahore Qalandars,Usama Mir,Mohammad Rizwan,D Wiese,1,0,,,,,,,,,
1354943,2022/23,2023-03-04,"Gaddafi Stadium, Lahore",2,7.6,Multan Sultans,Lahore Qalandars,Mohammad Rizwan,Usama Mir,D Wiese,1,0,,,,,,,,,
1354943,2022/23,2023-03-04,"Gaddafi Stadium, Lahore",2,8.1,Multan Sultans,Lahore Qalandars,Mohammad Rizwan,Usama Mir,Rashid Khan,1,0,,,,,,,,,
1354943,2022/23,2023-03-04,"Gaddafi Stadium, Lahore",2,8.2,Multan Sultans,Lahore Qalandars,Usama Mir,Mohammad Rizwan,Rashid Khan,1,0,,,,,,,,,
1354943,2022/23,2023-03-04,"Gaddafi Stadium, Lahore",2,8.3,Multan Sultans,Lahore Qalandars,Mohammad Rizwan,Usama Mir,Rashid Khan,0,0,,,,,,,,,
1354943,2022/23,2023-03-04,"Gaddafi Stadium, Lahore",2,8.4,Multan Sultans,Lahore Qalandars,Mohammad Rizwan,Usama Mir,Rashid Khan,1,0,,,,,,,,,
1354943,2022/23,2023-03-04,"Gaddafi Stadium, Lahore",2,8.5,Multan Sultans,Lahore Qalandars,Usama Mir,Mohammad Rizwan,Rashid Khan,1,0,,,,,,,,,
1354943,2022/23,2023-03-04,"Gaddafi Stadium, Lahore",2,8.6,Multan Sultans,Lahore Qalandars,Mohammad Rizwan,Usama Mir,Rashid Khan,1,0,,,,,,,,,
1354943,2022/23,2023-03-04,"Gaddafi Stadium, Lahore",2,9.1,Multan Sultans,Lahore Qalandars,Mohammad Rizwan,Usama Mir,Sikandar Raza,0,0,,,,,,lbw,Mohammad Rizwan,,
1354943,2022/23,2023-03-04,"Gaddafi Stadium, Lahore",2,9.2,Multan Sultans,Lahore Qalandars,RR Rossouw,Usama Mir,Sikandar Raza,2,0,,,,,,,,,
1354943,2022/23,2023-03-04,"Gaddafi Stadium, Lahore",2,9.3,Multan Sultans,Lahore Qalandars,RR Rossouw,Usama Mir,Sikandar Raza,0,0,,,,,,,,,
1354943,2022/23,2023-03-04,"Gaddafi Stadium, Lahore",2,9.4,Multan Sultans,Lahore Qalandars,RR Rossouw,Usama Mir,Sikandar Raza,1,0,,,,,,,,,
1354943,2022/23,2023-03-04,"Gaddafi Stadium, Lahore",2,9.5,Multan Sultans,Lahore Qalandars,Usama Mir,RR Rossouw,Sikandar Raza,6,0,,,,,,,,,
1354943,2022/23,2023-03-04,"Gaddafi Stadium, Lahore",2,9.6,Multan Sultans,Lahore Qalandars,Usama Mir,RR Rossouw,Sikandar Raza,1,0,,,,,,,,,
1354943,2022/23,2023-03-04,"Gaddafi Stadium, Lahore",2,10.1,Multan Sultans,Lahore Qalandars,Usama Mir,RR Rossouw,Rashid Khan,0,0,,,,,,bowled,Usama Mir,,
1354943,2022/23,2023-03-04,"Gaddafi Stadium, Lahore",2,10.2,Multan Sultans,Lahore Qalandars,DA Miller,RR Rossouw,Rashid Khan,1,0,,,,,,,,,
1354943,2022/23,2023-03-04,"Gaddafi Stadium, Lahore",2,10.3,Multan Sultans,Lahore Qalandars,RR Rossouw,DA Miller,Rashid Khan,0,1,,,,1,,,,,
1354943,2022/23,2023-03-04,"Gaddafi Stadium, Lahore",2,10.4,Multan Sultans,Lahore Qalandars,DA Miller,RR Rossouw,Rashid Khan,0,0,,,,,,lbw,DA Miller,,
1354943,2022/23,2023-03-04,"Gaddafi Stadium, Lahore",2,10.5,Multan Sultans,Lahore Qalandars,KA Pollard,RR Rossouw,Rashid Khan,1,0,,,,,,,,,
1354943,2022/23,2023-03-04,"Gaddafi Stadium, Lahore",2,10.6,Multan Sultans,Lahore Qalandars,RR Rossouw,KA Pollard,Rashid Khan,1,0,,,,,,,,,
1354943,2022/23,2023-03-04,"Gaddafi Stadium, Lahore",2,11.1,Multan Sultans,Lahore Qalandars,RR Rossouw,KA Pollard,Haris Rauf,1,0,,,,,,,,,
1354943,2022/23,2023-03-04,"Gaddafi Stadium, Lahore",2,11.2,Multan Sultans,Lahore Qalandars,KA Pollard,RR Rossouw,Haris Rauf,0,0,,,,,,,,,
1354943,2022/23,2023-03-04,"Gaddafi Stadium, Lahore",2,11.3,Multan Sultans,Lahore Qalandars,KA Pollard,RR Rossouw,Haris Rauf,0,0,,,,,,,,,
1354943,2022/23,2023-03-04,"Gaddafi Stadium, Lahore",2,11.4,Multan Sultans,Lahore Qalandars,KA Pollard,RR Rossouw,Haris Rauf,1,0,,,,,,,,,
1354943,2022/23,2023-03-04,"Gaddafi Stadium, Lahore",2,11.5,Multan Sultans,Lahore Qalandars,RR Rossouw,KA Pollard,Haris Rauf,6,0,,,,,,,,,
1354943,2022/23,2023-03-04,"Gaddafi Stadium, Lahore",2,11.6,Multan Sultans,Lahore Qalandars,RR Rossouw,KA Pollard,Haris Rauf,1,0,,,,,,,,,
1354943,2022/23,2023-03-04,"Gaddafi Stadium, Lahore",2,12.1,Multan Sultans,Lahore Qalandars,RR Rossouw,KA Pollard,Rashid Khan,0,0,,,,,,,,,
1354943,2022/23,2023-03-04,"Gaddafi Stadium, Lahore",2,12.2,Multan Sultans,Lahore Qalandars,RR Rossouw,KA Pollard,Rashid Khan,0,0,,,,,,bowled,RR Rossouw,,
1354943,2022/23,2023-03-04,"Gaddafi Stadium, Lahore",2,12.3,Multan Sultans,Lahore Qalandars,Khushdil Shah,KA Pollard,Rashid Khan,1,0,,,,,,,,,
1354943,2022/23,2023-03-04,"Gaddafi Stadium, Lahore",2,12.4,Multan Sultans,Lahore Qalandars,KA Pollard,Khushdil Shah,Rashid Khan,0,0,,,,,,,,,
1354943,2022/23,2023-03-04,"Gaddafi Stadium, Lahore",2,12.5,Multan Sultans,Lahore Qalandars,KA Pollard,Khushdil Shah,Rashid Khan,1,0,,,,,,,,,
1354943,2022/23,2023-03-04,"Gaddafi Stadium, Lahore",2,12.6,Multan Sultans,Lahore Qalandars,Khushdil Shah,KA Pollard,Rashid Khan,1,0,,,,,,,,,
1354943,2022/23,2023-03-04,"Gaddafi Stadium, Lahore",2,13.1,Multan Sultans,Lahore Qalandars,Khushdil Shah,KA Pollard,D Wiese,1,0,,,,,,,,,
1354943,2022/23,2023-03-04,"Gaddafi Stadium, Lahore",2,13.2,Multan Sultans,Lahore Qalandars,KA Pollard,Khushdil Shah,D Wiese,0,0,,,,,,,,,
1354943,2022/23,2023-03-04,"Gaddafi Stadium, Lahore",2,13.3,Multan Sultans,Lahore Qalandars,KA Pollard,Khushdil Shah,D Wiese,1,0,,,,,,,,,
1354943,2022/23,2023-03-04,"Gaddafi Stadium, Lahore",2,13.4,Multan Sultans,Lahore Qalandars,Khushdil Shah,KA Pollard,D Wiese,4,0,,,,,,,,,
1354943,2022/23,2023-03-04,"Gaddafi Stadium, Lahore",2,13.5,Multan Sultans,Lahore Qalandars,Khushdil Shah,KA Pollard,D Wiese,1,0,,,,,,,,,
1354943,2022/23,2023-03-04,"Gaddafi Stadium, Lahore",2,13.6,Multan Sultans,Lahore Qalandars,KA Pollard,Khushdil Shah,D Wiese,4,0,,,,,,,,,
1354943,2022/23,2023-03-04,"Gaddafi Stadium, Lahore",2,14.1,Multan Sultans,Lahore Qalandars,Khushdil Shah,KA Pollard,Rashid Khan,0,0,,,,,,,,,
1354943,2022/23,2023-03-04,"Gaddafi Stadium, Lahore",2,14.2,Multan Sultans,Lahore Qalandars,Khushdil Shah,KA Pollard,Rashid Khan,1,0,,,,,,,,,
1354943,2022/23,2023-03-04,"Gaddafi Stadium, Lahore",2,14.3,Multan Sultans,Lahore Qalandars,KA Pollard,Khushdil Shah,Rashid Khan,1,0,,,,,,,,,
1354943,2022/23,2023-03-04,"Gaddafi Stadium, Lahore",2,14.4,Multan Sultans,Lahore Qalandars,Khushdil Shah,KA Pollard,Rashid Khan,1,0,,,,,,,,,
1354943,2022/23,2023-03-04,"Gaddafi Stadium, Lahore",2,14.5,Multan Sultans,Lahore Qalandars,KA Pollard,Khushdil Shah,Rashid Khan,0,0,,,,,,,,,
1354943,2022/23,2023-03-04,"Gaddafi Stadium, Lahore",2,14.6,Multan Sultans,Lahore Qalandars,KA Pollard,Khushdil Shah,Rashid Khan,1,0,,,,,,,,,
1354943,2022/23,2023-03-04,"Gaddafi Stadium, Lahore",2,15.1,Multan Sultans,Lahore Qalandars,KA Pollard,Khushdil Shah,Haris Rauf,0,1,,,,1,,,,,
1354943,2022/23,2023-03-04,"Gaddafi Stadium, Lahore",2,15.2,Multan Sultans,Lahore Qalandars,Khushdil Shah,KA Pollard,Haris Rauf,0,0,,,,,,caught,Khushdil Shah,,
1354943,2022/23,2023-03-04,"Gaddafi Stadium, Lahore",2,15.3,Multan Sultans,Lahore Qalandars,Anwar Ali,KA Pollard,Haris Rauf,2,0,,,,,,,,,
1354943,2022/23,2023-03-04,"Gaddafi Stadium, Lahore",2,15.4,Multan Sultans,Lahore Qalandars,Anwar Ali,KA Pollard,Haris Rauf,0,0,,,,,,,,,
1354943,2022/23,2023-03-04,"Gaddafi Stadium, Lahore",2,15.5,Multan Sultans,Lahore Qalandars,Anwar Ali,KA Pollard,Haris Rauf,1,0,,,,,,,,,
1354943,2022/23,2023-03-04,"Gaddafi Stadium, Lahore",2,15.6,Multan Sultans,Lahore Qalandars,KA Pollard,Anwar Ali,Haris Rauf,1,0,,,,,,,,,
1354943,2022/23,2023-03-04,"Gaddafi Stadium, Lahore",2,16.1,Multan Sultans,Lahore Qalandars,KA Pollard,Anwar Ali,Shaheen Shah Afridi,1,0,,,,,,,,,
1354943,2022/23,2023-03-04,"Gaddafi Stadium, Lahore",2,16.2,Multan Sultans,Lahore Qalandars,Anwar Ali,KA Pollard,Shaheen Shah Afridi,0,1,,,,1,,,,,
1354943,2022/23,2023-03-04,"Gaddafi Stadium, Lahore",2,16.3,Multan Sultans,Lahore Qalandars,KA Pollard,Anwar Ali,Shaheen Shah Afridi,0,0,,,,,,,,,
1354943,2022/23,2023-03-04,"Gaddafi Stadium, Lahore",2,16.4,Multan Sultans,Lahore Qalandars,KA Pollard,Anwar Ali,Shaheen Shah Afridi,2,0,,,,,,,,,
1354943,2022/23,2023-03-04,"Gaddafi Stadium, Lahore",2,16.5,Multan Sultans,Lahore Qalandars,KA Pollard,Anwar Ali,Shaheen Shah Afridi,1,0,,,,,,,,,
1354943,2022/23,2023-03-04,"Gaddafi Stadium, Lahore",2,16.6,Multan Sultans,Lahore Qalandars,Anwar Ali,KA Pollard,Shaheen Shah Afridi,1,0,,,,,,,,,
1354943,2022/23,2023-03-04,"Gaddafi Stadium, Lahore",2,17.1,Multan Sultans,Lahore Qalandars,Anwar Ali,KA Pollard,Haris Rauf,0,0,,,,,,,,,
1354943,2022/23,2023-03-04,"Gaddafi Stadium, Lahore",2,17.2,Multan Sultans,Lahore Qalandars,Anwar Ali,KA Pollard,Haris Rauf,4,0,,,,,,,,,
1354943,2022/23,2023-03-04,"Gaddafi Stadium, Lahore",2,17.3,Multan Sultans,Lahore Qalandars,Anwar Ali,KA Pollard,Haris Rauf,0,0,,,,,,,,,
1354943,2022/23,2023-03-04,"Gaddafi Stadium, Lahore",2,17.4,Multan Sultans,Lahore Qalandars,Anwar Ali,KA Pollard,Haris Rauf,6,0,,,,,,,,,
1354943,2022/23,2023-03-04,"Gaddafi Stadium, Lahore",2,17.5,Multan Sultans,Lahore Qalandars,Anwar Ali,KA Pollard,Haris Rauf,1,0,,,,,,,,,
1354943,2022/23,2023-03-04,"Gaddafi Stadium, Lahore",2,17.6,Multan Sultans,Lahore Qalandars,KA Pollard,Anwar Ali,Haris Rauf,0,0,,,,,,,,,
1354943,2022/23,2023-03-04,"Gaddafi Stadium, Lahore",2,18.1,Multan Sultans,Lahore Qalandars,Anwar Ali,KA Pollard,Shaheen Shah Afridi,1,0,,,,,,,,,
1354943,2022/23,2023-03-04,"Gaddafi Stadium, Lahore",2,18.2,Multan Sultans,Lahore Qalandars,KA Pollard,Anwar Ali,Shaheen Shah Afridi,0,0,,,,,,,,,
1354943,2022/23,2023-03-04,"Gaddafi Stadium, Lahore",2,18.3,Multan Sultans,Lahore Qalandars,KA Pollard,Anwar Ali,Shaheen Shah Afridi,1,0,,,,,,,,,
1354943,2022/23,2023-03-04,"Gaddafi Stadium, Lahore",2,18.4,Multan Sultans,Lahore Qalandars,Anwar Ali,KA Pollard,Shaheen Shah Afridi,1,0,,,,,,,,,
1354943,2022/23,2023-03-04,"Gaddafi Stadium, Lahore",2,18.5,Multan Sultans,Lahore Qalandars,KA Pollard,Anwar Ali,Shaheen Shah Afridi,6,0,,,,,,,,,
1354943,2022/23,2023-03-04,"Gaddafi Stadium, Lahore",2,18.6,Multan Sultans,Lahore Qalandars,KA Pollard,Anwar Ali,Shaheen Shah Afridi,1,0,,,,,,,,,
1354943,2022/23,2023-03-04,"Gaddafi Stadium, Lahore",2,19.1,Multan Sultans,Lahore Qalandars,KA Pollard,Anwar Ali,Hussain Talat,0,1,1,,,,,,,,
1354943,2022/23,2023-03-04,"Gaddafi Stadium, Lahore",2,19.2,Multan Sultans,Lahore Qalandars,KA Pollard,Anwar Ali,Hussain Talat,6,0,,,,,,,,,
1354943,2022/23,2023-03-04,"Gaddafi Stadium, Lahore",2,19.3,Multan Sultans,Lahore Qalandars,KA Pollard,Anwar Ali,Hussain Talat,4,0,,,,,,,,,
1354943,2022/23,2023-03-04,"Gaddafi Stadium, Lahore",2,19.4,Multan Sultans,Lahore Qalandars,KA Pollard,Anwar Ali,Hussain Talat,0,1,1,,,,,,,,
1354943,2022/23,2023-03-04,"Gaddafi Stadium, Lahore",2,19.5,Multan Sultans,Lahore Qalandars,KA Pollard,Anwar Ali,Hussain Talat,0,0,,,,,,,,,
1354943,2022/23,2023-03-04,"Gaddafi Stadium, Lahore",2,19.6,Multan Sultans,Lahore Qalandars,KA Pollard,Anwar Ali,Hussain Talat,6,0,,,,,,,,,
1354943,2022/23,2023-03-04,"Gaddafi Stadium, Lahore",2,19.7,Multan Sultans,Lahore Qalandars,KA Pollard,Anwar Ali,Hussain Talat,0,0,,,,,,caught,KA Pollard,,
1354943,2022/23,2023-03-04,"Gaddafi Stadium, Lahore",2,19.8,Multan Sultans,Lahore Qalandars,Abbas Afridi,Anwar Ali,Hussain Talat,4,0,,,,,,,,,
