match_id,season,start_date,venue,innings,ball,batting_team,bowling_team,striker,non_striker,bowler,runs_off_bat,extras,wides,noballs,byes,legbyes,penalty,wicket_type,player_dismissed,other_wicket_type,other_player_dismissed
1354944,2022/23,2023-03-05,Rawalpindi Cricket Stadium,1,0.1,Quetta Gladiators,Islamabad United,Yasir Khan,WCF Smeed,Fazalhaq Farooqi,2,0,,,,,,,,,
1354944,2022/23,2023-03-05,Rawalpindi Cricket Stadium,1,0.2,Quetta Gladiators,Islamabad United,Yasir Khan,WCF Smeed,Fazalhaq Farooqi,0,0,,,,,,,,,
1354944,2022/23,2023-03-05,Rawalpindi Cricket Stadium,1,0.3,Quetta Gladiators,Islamabad United,Yasir Khan,WCF Smeed,Fazalhaq Farooqi,0,0,,,,,,,,,
1354944,2022/23,2023-03-05,Rawalpindi Cricket Stadium,1,0.4,Quetta Gladiators,Islamabad United,Yasir Khan,WCF Smeed,Fazalhaq Farooqi,0,0,,,,,,,,,
1354944,2022/23,2023-03-05,Rawalpindi Cricket Stadium,1,0.5,Quetta Gladiators,Islamabad United,Yasir Khan,WCF Smeed,Fazalhaq Farooqi,1,0,,,,,,,,,
1354944,2022/23,2023-03-05,Rawalpindi Cricket Stadium,1,0.6,Quetta Gladiators,Islamabad United,WCF Smeed,Yasir Khan,Fazalhaq Farooqi,0,0,,,,,,lbw,WCF Smeed,,
1354944,2022/23,2023-03-05,Rawalpindi Cricket Stadium,1,1.1,Quetta Gladiators,Islamabad United,Yasir Khan,Sarfraz Ahmed,Rumman Raees,1,0,,,,,,,,,
1354944,2022/23,2023-03-05,Rawalpindi Cricket Stadium,1,1.2,Quetta Gladiators,Islamabad United,Sarfraz Ahmed,Yasir Khan,Rumman Raees,1,0,,,,,,,,,
1354944,2022/23,2023-03-05,Rawalpindi Cricket Stadium,1,1.3,Quetta Gladiators,Islamabad United,Yasir Khan,Sarfraz Ahmed,Rumman Raees,0,0,,,,,,,,,
1354944,2022/23,2023-03-05,Rawalpindi Cricket Stadium,1,1.4,Quetta Gladiators,Islamabad United,Yasir Khan,Sarfraz Ahmed,Rumman Raees,0,0,,,,,,,,,
1354944,2022/23,2023-03-05,Rawalpindi Cricket Stadium,1,1.5,Quetta Gladiators,Islamabad United,Yasir Khan,Sarfraz Ahmed,Rumman Raees,1,0,,,,,,,,,
1354944,2022/23,2023-03-05,Rawalpindi Cricket Stadium,1,1.6,Quetta Gladiators,Islamabad United,Sarfraz Ahmed,Yasir Khan,Rumman Raees,1,0,,,,,,,,,
1354944,2022/23,2023-03-05,Rawalpindi Cricket Stadium,1,2.1,Quetta Gladiators,Islamabad United,Sarfraz Ahmed,Yasir Khan,Fazalhaq Farooqi,1,0,,,,,,,,,
1354944,2022/23,2023-03-05,Rawalpindi Cricket Stadium,1,2.2,Quetta Gladiators,Islamabad United,Yasir Khan,Sarfraz Ahmed,Fazalhaq Farooqi,0,0,,,,,,,,,
1354944,2022/23,2023-03-05,Rawalpindi Cricket Stadium,1,2.3,Quetta Gladiators,Islamabad United,Yasir Khan,Sarfraz Ahmed,Fazalhaq Farooqi,0,0,,,,,,caught,Yasir Khan,,
1354944,2022/23,2023-03-05,Rawalpindi Cricket Stadium,1,2.4,Quetta Gladiators,Islamabad United,Mohammad Nawaz,Sarfraz Ahmed,Fazalhaq Farooqi,0,0,,,,,,,,,
1354944,2022/23,2023-03-05,Rawalpindi Cricket Stadium,1,2.5,Quetta Gladiators,Islamabad United,Mohammad Nawaz,Sarfraz Ahmed,Fazalhaq Farooqi,0,0,,,,,,,,,
1354944,2022/23,2023-03-05,Rawalpindi Cricket Stadium,1,2.6,Quetta Gladiators,Islamabad United,Mohammad Nawaz,Sarfraz Ahmed,Fazalhaq Farooqi,1,0,,,,,,,,,
1354944,2022/23,2023-03-05,Rawalpindi Cricket Stadium,1,3.1,Quetta Gladiators,Islamabad United,Mohammad Nawaz,Sarfraz Ahmed,Faheem Ashraf,2,0,,,,,,,,,
1354944,2022/23,2023-03-05,Rawalpindi Cricket Stadium,1,3.2,Quetta Gladiators,Islamabad United,Mohammad Nawaz,Sarfraz Ahmed,Faheem Ashraf,1,0,,,,,,,,,
1354944,2022/23,2023-03-05,Rawalpindi Cricket Stadium,1,3.3,Quetta Gladiators,Islamabad United,Sarfraz Ahmed,Mohammad Nawaz,Faheem Ashraf,0,0,,,,,,caught,Sarfraz Ahmed,,
1354944,2022/23,2023-03-05,Rawalpindi Cricket Stadium,1,3.4,Quetta Gladiators,Islamabad United,Iftikhar Ahmed,Mohammad Nawaz,Faheem Ashraf,0,0,,,,,,,,,
1354944,2022/23,2023-03-05,Rawalpindi Cricket Stadium,1,3.5,Quetta Gladiators,Islamabad United,Iftikhar Ahmed,Mohammad Nawaz,Faheem Ashraf,0,0,,,,,,,,,
1354944,2022/23,2023-03-05,Rawalpindi Cricket Stadium,1,3.6,Quetta Gladiators,Islamabad United,Iftikhar Ahmed,Mohammad Nawaz,Faheem Ashraf,1,0,,,,,,,,,
1354944,2022/23,2023-03-05,Rawalpindi Cricket Stadium,1,4.1,Quetta Gladiators,Islamabad United,Iftikhar Ahmed,Mohammad Nawaz,Fazalhaq Farooqi,0,0,,,,,,,,,
1354944,2022/23,2023-03-05,Rawalpindi Cricket Stadium,1,4.2,Quetta Gladiators,Islamabad United,Iftikhar Ahmed,Mohammad Nawaz,Fazalhaq Farooqi,0,0,,,,,,,,,
1354944,2022/23,2023-03-05,Rawalpindi Cricket Stadium,1,4.3,Quetta Gladiators,Islamabad United,Iftikhar Ahmed,Mohammad Nawaz,Fazalhaq Farooqi,1,0,,,,,,,,,
1354944,2022/23,2023-03-05,Rawalpindi Cricket Stadium,1,4.4,Quetta Gladiators,Islamabad United,Mohammad Nawaz,Iftikhar Ahmed,Fazalhaq Farooqi,0,0,,,,,,,,,
1354944,2022/23,2023-03-05,Rawalpindi Cricket Stadium,1,4.5,Quetta Gladiators,Islamabad United,Mohammad Nawaz,Iftikhar Ahmed,Fazalhaq Farooqi,1,0,,,,,,,,,
1354944,2022/23,2023-03-05,Rawalpindi Cricket Stadium,1,4.6,Quetta Gladiators,Islamabad United,Iftikhar Ahmed,Mohammad Nawaz,Fazalhaq Farooqi,0,0,,,,,,,,,
1354944,2022/23,2023-03-05,Rawalpindi Cricket Stadium,1,5.1,Quetta Gladiators,Islamabad United,Mohammad Nawaz,Iftikhar Ahmed,Faheem Ashraf,0,0,,,,,,,,,
1354944,2022/23,2023-03-05,Rawalpindi Cricket Stadium,1,5.2,Quetta Gladiators,Islamabad United,Mohammad Nawaz,Iftikhar Ahmed,Faheem Ashraf,0,1,1,,,,,,,,
1354944,2022/23,2023-03-05,Rawalpindi Cricket Stadium,1,5.3,Quetta Gladiators,Islamabad United,Mohammad Nawaz,Iftikhar Ahmed,Faheem Ashraf,1,0,,,,,,,,,
1354944,2022/23,2023-03-05,Rawalpindi Cricket Stadium,1,5.4,Quetta Gladiators,Islamabad United,Iftikhar Ahmed,Mohammad Nawaz,Faheem Ashraf,0,0,,,,,,caught,Iftikhar Ahmed,,
1354944,2022/23,2023-03-05,Rawalpindi Cricket Stadium,1,5.5,Quetta Gladiators,Islamabad United,Najibullah Zadran,Mohammad Nawaz,Faheem Ashraf,1,0,,,,,,,,,
1354944,2022/23,2023-03-05,Rawalpindi Cricket Stadium,1,5.6,Quetta Gladiators,Islamabad United,Mohammad Nawaz,Najibullah Zadran,Faheem Ashraf,1,0,,,,,,,,,
1354944,2022/23,2023-03-05,Rawalpindi Cricket Stadium,1,5.7,Quetta Gladiators,Islamabad United,Najibullah Zadran,Mohammad Nawaz,Faheem Ashraf,0,0,,,,,,,,,
1354944,2022/23,2023-03-05,Rawalpindi Cricket Stadium,1,6.1,Quetta Gladiators,Islamabad United,Mohammad Nawaz,Najibullah Zadran,Mubasir Khan,1,0,,,,,,,,,
1354944,2022/23,2023-03-05,Rawalpindi Cricket Stadium,1,6.2,Quetta Gladiators,Islamabad United,Najibullah Zadran,Mohammad Nawaz,Mubasir Khan,0,0,,,,,,,,,
1354944,2022/23,2023-03-05,Rawalpindi Cricket Stadium,1,6.3,Quetta Gladiators,Islamabad United,Najibullah Zadran,Mohammad Nawaz,Mubasir Khan,1,0,,,,,,,,,
1354944,2022/23,2023-03-05,Rawalpindi Cricket Stadium,1,6.4,Quetta Gladiators,Islamabad United,Mohammad Nawaz,Najibullah Zadran,Mubasir Khan,4,0,,,,,,,,,
1354944,2022/23,2023-03-05,Rawalpindi Cricket Stadium,1,6.5,Quetta Gladiators,Islamabad United,Mohammad Nawaz,Najibullah Zadran,Mubasir Khan,0,0,,,,,,,,,
1354944,2022/23,2023-03-05,Rawalpindi Cricket Stadium,1,6.6,Quetta Gladiators,Islamabad United,Mohammad Nawaz,Najibullah Zadran,Mubasir Khan,1,0,,,,,,,,,
1354944,2022/23,2023-03-05,Rawalpindi Cricket Stadium,1,7.1,Quetta Gladiators,Islamabad United,Mohammad Nawaz,Najibullah Zadran,Hasan Ali,1,0,,,,,,,,,
1354944,2022/23,2023-03-05,Rawalpindi Cricket Stadium,1,7.2,Quetta Gladiators,Islamabad United,Najibullah Zadran,Mohammad Nawaz,Hasan Ali,1,0,,,,,,,,,
1354944,2022/23,2023-03-05,Rawalpindi Cricket Stadium,1,7.3,Quetta Gladiators,Islamabad United,Mohammad Nawaz,Najibullah Zadran,Hasan Ali,0,1,1,,,,,,,,
1354944,2022/23,2023-03-05,Rawalpindi Cricket Stadium,1,7.4,Quetta Gladiators,Islamabad United,Mohammad Nawaz,Najibullah Zadran,Hasan Ali,0,0,,,,,,,,,
1354944,2022/23,2023-03-05,Rawalpindi Cricket Stadium,1,7.5,Quetta Gladiators,Islamabad United,Mohammad Nawaz,Najibullah Zadran,Hasan Ali,2,0,,,,,,,,,
1354944,2022/23,2023-03-05,Rawalpindi Cricket Stadium,1,7.6,Quetta Gladiators,Islamabad United,Mohammad Nawaz,Najibullah Zadran,Hasan Ali,0,0,,,,,,,,,
1354944,2022/23,2023-03-05,Rawalpindi Cricket Stadium,1,7.7,Quetta Gladiators,Islamabad United,Mohammad Nawaz,Najibullah Zadran,Hasan Ali,0,0,,,,,,,,,
1354944,2022/23,2023-03-05,Rawalpindi Cricket Stadium,1,8.1,Quetta Gladiators,Islamabad United,Najibullah Zadran,Mohammad Nawaz,Mubasir Khan,6,0,,,,,,,,,
1354944,2022/23,2023-03-05,Rawalpindi Cricket Stadium,1,8.2,Quetta Gladiators,Islamabad United,Najibullah Zadran,Mohammad Nawaz,Mubasir Khan,1,0,,,,,,,,,
1354944,2022/23,2023-03-05,Rawalpindi Cricket Stadium,1,8.3,Quetta Gladiators,Islamabad United,Mohammad Nawaz,Najibullah Zadran,Mubasir Khan,4,0,,,,,,,,,
1354944,2022/23,2023-03-05,Rawalpindi Cricket Stadium,1,8.4,Quetta Gladiators,Islamabad United,Mohammad Nawaz,Najibullah Zadran,Mubasir Khan,0,0,,,,,,,,,
1354944,2022/23,2023-03-05,Rawalpindi Cricket Stadium,1,8.5,Quetta Gladiators,Islamabad United,Mohammad Nawaz,Najibullah Zadran,Mubasir Khan,4,0,,,,,,,,,
1354944,2022/23,2023-03-05,Rawalpindi Cricket Stadium,1,8.6,Quetta Gladiators,Islamabad United,Mohammad Nawaz,Najibullah Zadran,Mubasir Khan,1,0,,,,,,,,,
1354944,2022/23,2023-03-05,Rawalpindi Cricket Stadium,1,9.1,Quetta Gladiators,Islamabad United,Mohammad Nawaz,Najibullah Zadran,Hasan Ali,1,0,,,,,,,,,
1354944,2022/23,2023-03-05,Rawalpindi Cricket Stadium,1,9.2,Quetta Gladiators,Islamabad United,Najibullah Zadran,Mohammad Nawaz,Hasan Ali,0,0,,,,,,,,,
1354944,2022/23,2023-03-05,Rawalpindi Cricket Stadium,1,9.3,Quetta Gladiators,Islamabad United,Najibullah Zadran,Mohammad Nawaz,Hasan Ali,1,0,,,,,,,,,
1354944,2022/23,2023-03-05,Rawalpindi Cricket Stadium,1,9.4,Quetta Gladiators,Islamabad United,Mohammad Nawaz,Najibullah Zadran,Hasan Ali,1,0,,,,,,,,,
1354944,2022/23,2023-03-05,Rawalpindi Cricket Stadium,1,9.5,Quetta Gladiators,Islamabad United,Najibullah Zadran,Mohammad Nawaz,Hasan Ali,0,0,,,,,,,,,
1354944,2022/23,2023-03-05,Rawalpindi Cricket Stadium,1,9.6,Quetta Gladiators,Islamabad United,Najibullah Zadran,Mohammad Nawaz,Hasan Ali,2,0,,,,,,,,,
1354944,2022/23,2023-03-05,Rawalpindi Cricket Stadium,1,10.1,Quetta Gladiators,Islamabad United,Mohammad Nawaz,Najibullah Zadran,Shadab Khan,1,0,,,,,,,,,
1354944,2022/23,2023-03-05,Rawalpindi Cricket Stadium,1,10.2,Quetta Gladiators,Islamabad United,Najibullah Zadran,Mohammad Nawaz,Shadab Khan,4,0,,,,,,,,,
1354944,2022/23,2023-03-05,Rawalpindi Cricket Stadium,1,10.3,Quetta Gladiators,Islamabad United,Najibullah Zadran,Mohammad Nawaz,Shadab Khan,1,0,,,,,,,,,
1354944,2022/23,2023-03-05,Rawalpindi Cricket Stadium,1,10.4,Quetta Gladiators,Islamabad United,Mohammad Nawaz,Najibullah Zadran,Shadab Khan,1,0,,,,,,,,,
1354944,2022/23,2023-03-05,Rawalpindi Cricket Stadium,1,10.5,Quetta Gladiators,Islamabad United,Najibullah Zadran,Mohammad Nawaz,Shadab Khan,1,0,,,,,,,,,
1354944,2022/23,2023-03-05,Rawalpindi Cricket Stadium,1,10.6,Quetta Gladiators,Islamabad United,Mohammad Nawaz,Najibullah Zadran,Shadab Khan,4,0,,,,,,,,,
1354944,2022/23,2023-03-05,Rawalpindi Cricket Stadium,1,11.1,Quetta Gladiators,Islamabad United,Najibullah Zadran,Mohammad Nawaz,Rumman Raees,4,0,,,,,,,,,
1354944,2022/23,2023-03-05,Rawalpindi Cricket Stadium,1,11.2,Quetta Gladiators,Islamabad United,Najibullah Zadran,Mohammad Nawaz,Rumman Raees,1,0,,,,,,,,,
1354944,2022/23,2023-03-05,Rawalpindi Cricket Stadium,1,11.3,Quetta Gladiators,Islamabad United,Mohammad Nawaz,Najibullah Zadran,Rumman Raees,2,0,,,,,,,,,
1354944,2022/23,2023-03-05,Rawalpindi Cricket Stadium,1,11.4,Quetta Gladiators,Islamabad United,Mohammad Nawaz,Najibullah Zadran,Rumman Raees,0,1,1,,,,,,,,
1354944,2022/23,2023-03-05,Rawalpindi Cricket Stadium,1,11.5,Quetta Gladiators,Islamabad United,Mohammad Nawaz,Najibullah Zadran,Rumman Raees,1,0,,,,,,,,,
1354944,2022/23,2023-03-05,Rawalpindi Cricket Stadium,1,11.6,Quetta Gladiators,Islamabad United,Najibullah Zadran,Mohammad Nawaz,Rumman Raees,0,0,,,,,,,,,
1354944,2022/23,2023-03-05,Rawalpindi Cricket Stadium,1,11.7,Quetta Gladiators,Islamabad United,Najibullah Zadran,Mohammad Nawaz,Rumman Raees,4,0,,,,,,,,,
1354944,2022/23,2023-03-05,Rawalpindi Cricket Stadium,1,12.1,Quetta Gladiators,Islamabad United,Mohammad Nawaz,Najibullah Zadran,Shadab Khan,1,0,,,,,,,,,
1354944,2022/23,2023-03-05,Rawalpindi Cricket Stadium,1,12.2,Quetta Gladiators,Islamabad United,Najibullah Zadran,Mohammad Nawaz,Shadab Khan,4,0,,,,,,,,,
1354944,2022/23,2023-03-05,Rawalpindi Cricket Stadium,1,12.3,Quetta Gladiators,Islamabad United,Najibullah Zadran,Mohammad Nawaz,Shadab Khan,1,0,,,,,,,,,
1354944,2022/23,2023-03-05,Rawalpindi Cricket Stadium,1,12.4,Quetta Gladiators,Islamabad United,Mohammad Nawaz,Najibullah Zadran,Shadab Khan,1,0,,,,,,,,,
1354944,2022/23,2023-03-05,Rawalpindi Cricket Stadium,1,12.5,Quetta Gladiators,Islamabad United,Najibullah Zadran,Mohammad Nawaz,Shadab Khan,1,0,,,,,,,,,
1354944,2022/23,2023-03-05,Rawalpindi Cricket Stadium,1,12.6,Quetta Gladiators,Islamabad United,Mohammad Nawaz,Najibullah Zadran,Shadab Khan,1,0,,,,,,,,,
1354944,2022/23,2023-03-05,Rawalpindi Cricket Stadium,1,13.1,Quetta Gladiators,Islamabad United,Mohammad Nawaz,Najibullah Zadran,Hasan Ali,0,0,,,,,,,,,
1354944,2022/23,2023-03-05,Rawalpindi Cricket Stadium,1,13.2,Quetta Gladiators,Islamabad United,Mohammad Nawaz,Najibullah Zadran,Hasan Ali,0,1,,,,1,,,,,
1354944,2022/23,2023-03-05,Rawalpindi Cricket Stadium,1,13.3,Quetta Gladiators,Islamabad United,Najibullah Zadran,Mohammad Nawaz,Hasan Ali,2,0,,,,,,,,,
1354944,2022/23,2023-03-05,Rawalpindi Cricket Stadium,1,13.4,Quetta Gladiators,Islamabad United,Najibullah Zadran,Mohammad Nawaz,Hasan Ali,6,0,,,,,,,,,
1354944,2022/23,2023-03-05,Rawalpindi Cricket Stadium,1,13.5,Quetta Gladiators,Islamabad United,Najibullah Zadran,Mohammad Nawaz,Hasan Ali,4,0,,,,,,,,,
1354944,2022/23,2023-03-05,Rawalpindi Cricket Stadium,1,13.6,Quetta Gladiators,Islamabad United,Najibullah Zadran,Mohammad Nawaz,Hasan Ali,0,0,,,,,,,,,
1354944,2022/23,2023-03-05,Rawalpindi Cricket Stadium,1,14.1,Quetta Gladiators,Islamabad United,Mohammad Nawaz,Najibullah Zadran,Shadab Khan,2,0,,,,,,,,,
1354944,2022/23,2023-03-05,Rawalpindi Cricket Stadium,1,14.2,Quetta Gladiators,Islamabad United,Mohammad Nawaz,Najibullah Zadran,Shadab Khan,4,0,,,,,,,,,
1354944,2022/23,2023-03-05,Rawalpindi Cricket Stadium,1,14.3,Quetta Gladiators,Islamabad United,Mohammad Nawaz,Najibullah Zadran,Shadab Khan,1,0,,,,,,,,,
1354944,2022/23,2023-03-05,Rawalpindi Cricket Stadium,1,14.4,Quetta Gladiators,Islamabad United,Najibullah Zadran,Mohammad Nawaz,Shadab Khan,2,0,,,,,,,,,
1354944,2022/23,2023-03-05,Rawalpindi Cricket Stadium,1,14.5,Quetta Gladiators,Islamabad United,Najibullah Zadran,Mohammad Nawaz,Shadab Khan,0,4,,,4,,,,,,
1354944,2022/23,2023-03-05,Rawalpindi Cricket Stadium,1,14.6,Quetta Gladiators,Islamabad United,Najibullah Zadran,Mohammad Nawaz,Shadab Khan,2,0,,,,,,,,,
1354944,2022/23,2023-03-05,Rawalpindi Cricket Stadium,1,15.1,Quetta Gladiators,Islamabad United,Mohammad Nawaz,Najibullah Zadran,Rumman Raees,0,0,,,,,,,,,
1354944,2022/23,2023-03-05,Rawalpindi Cricket Stadium,1,15.2,Quetta Gladiators,Islamabad United,Mohammad Nawaz,Najibullah Zadran,Rumman Raees,0,0,,,,,,,,,
1354944,2022/23,2023-03-05,Rawalpindi Cricket Stadium,1,15.3,Quetta Gladiators,Islamabad United,Mohammad Nawaz,Najibullah Zadran,Rumman Raees,1,0,,,,,,,,,
1354944,2022/23,2023-03-05,Rawalpindi Cricket Stadium,1,15.4,Quetta Gladiators,Islamabad United,Najibullah Zadran,Mohammad Nawaz,Rumman Raees,1,0,,,,,,,,,
1354944,2022/23,2023-03-05,Rawalpindi Cricket Stadium,1,15.5,Quetta Gladiators,Islamabad United,Mohammad Nawaz,Najibullah Zadran,Rumman Raees,4,0,,,,,,,,,
1354944,2022/23,2023-03-05,Rawalpindi Cricket Stadium,1,15.6,Quetta Gladiators,Islamabad United,Mohammad Nawaz,Najibullah Zadran,Rumman Raees,1,0,,,,,,,,,
1354944,2022/23,2023-03-05,Rawalpindi Cricket Stadium,1,16.1,Quetta Gladiators,Islamabad United,Mohammad Nawaz,Najibullah Zadran,Fazalhaq Farooqi,0,0,,,,,,caught,Mohammad Nawaz,,
1354944,2022/23,2023-03-05,Rawalpindi Cricket Stadium,1,16.2,Quetta Gladiators,Islamabad United,Umar Akmal,Najibullah Zadran,Fazalhaq Farooqi,6,0,,,,,,,,,
1354944,2022/23,2023-03-05,Rawalpindi Cricket Stadium,1,16.3,Quetta Gladiators,Islamabad United,Umar Akmal,Najibullah Zadran,Fazalhaq Farooqi,1,0,,,,,,,,,
1354944,2022/23,2023-03-05,Rawalpindi Cricket Stadium,1,16.4,Quetta Gladiators,Islamabad United,Najibullah Zadran,Umar Akmal,Fazalhaq Farooqi,1,0,,,,,,,,,
1354944,2022/23,2023-03-05,Rawalpindi Cricket Stadium,1,16.5,Quetta Gladiators,Islamabad United,Umar Akmal,Najibullah Zadran,Fazalhaq Farooqi,6,0,,,,,,,,,
1354944,2022/23,2023-03-05,Rawalpindi Cricket Stadium,1,16.6,Quetta Gladiators,Islamabad United,Umar Akmal,Najibullah Zadran,Fazalhaq Farooqi,4,0,,,,,,,,,
1354944,2022/23,2023-03-05,Rawalpindi Cricket Stadium,1,17.1,Quetta Gladiators,Islamabad United,Najibullah Zadran,Umar Akmal,Hasan Ali,0,0,,,,,,,,,
1354944,2022/23,2023-03-05,Rawalpindi Cricket Stadium,1,17.2,Quetta Gladiators,Islamabad United,Najibullah Zadran,Umar Akmal,Hasan Ali,1,0,,,,,,,,,
1354944,2022/23,2023-03-05,Rawalpindi Cricket Stadium,1,17.3,Quetta Gladiators,Islamabad United,Umar Akmal,Najibullah Zadran,Hasan Ali,0,0,,,,,,,,,
1354944,2022/23,2023-03-05,Rawalpindi Cricket Stadium,1,17.4,Quetta Gladiators,Islamabad United,Umar Akmal,Najibullah Zadran,Hasan Ali,6,0,,,,,,,,,
1354944,2022/23,2023-03-05,Rawalpindi Cricket Stadium,1,17.5,Quetta Gladiators,Islamabad United,Umar Akmal,Najibullah Zadran,Hasan Ali,1,0,,,,,,,,,
1354944,2022/23,2023-03-05,Rawalpindi Cricket Stadium,1,17.6,Quetta Gladiators,Islamabad United,Najibullah Zadran,Umar Akmal,Hasan Ali,6,0,,,,,,,,,
1354944,2022/23,2023-03-05,Rawalpindi Cricket Stadium,1,18.1,Quetta Gladiators,Islamabad United,Umar Akmal,Najibullah Zadran,Rumman Raees,1,0,,,,,,,,,
1354944,2022/23,2023-03-05,Rawalpindi Cricket Stadium,1,18.2,Quetta Gladiators,Islamabad United,Najibullah Zadran,Umar Akmal,Rumman Raees,0,0,,,,,,bowled,Najibullah Zadran,,
1354944,2022/23,2023-03-05,Rawalpindi Cricket Stadium,1,18.3,Quetta Gladiators,Islamabad United,OF Smith,Umar Akmal,Rumman Raees,4,0,,,,,,,,,
1354944,2022/23,2023-03-05,Rawalpindi Cricket Stadium,1,18.4,Quetta Gladiators,Islamabad United,OF Smith,Umar Akmal,Rumman Raees,0,0,,,,,,,,,
1354944,2022/23,2023-03-05,Rawalpindi Cricket Stadium,1,18.5,Quetta Gladiators,Islamabad United,OF Smith,Umar Akmal,Rumman Raees,0,0,,,,,,,,,
1354944,2022/23,2023-03-05,Rawalpindi Cricket Stadium,1,18.6,Quetta Gladiators,Islamabad United,OF Smith,Umar Akmal,Rumman Raees,0,0,,,,,,,,,
1354944,2022/23,2023-03-05,Rawalpindi Cricket Stadium,1,19.1,Quetta Gladiators,Islamabad United,Umar Akmal,OF Smith,Faheem Ashraf,0,1,1,,,,,,,,
1354944,2022/23,2023-03-05,Rawalpindi Cricket Stadium,1,19.2,Quetta Gladiators,Islamabad United,Umar Akmal,OF Smith,Faheem Ashraf,6,0,,,,,,,,,
1354944,2022/23,2023-03-05,Rawalpindi Cricket Stadium,1,19.3,Quetta Gladiators,Islamabad United,Umar Akmal,OF Smith,Faheem Ashraf,0,1,1,,,,,,,,
1354944,2022/23,2023-03-05,Rawalpindi Cricket Stadium,1,19.4,Quetta Gladiators,Islamabad United,Umar Akmal,OF Smith,Faheem Ashraf,0,0,,,,,,,,,
1354944,2022/23,2023-03-05,Rawalpindi Cricket Stadium,1,19.5,Quetta Gladiators,Islamabad United,Umar Akmal,OF Smith,Faheem Ashraf,4,0,,,,,,,,,
1354944,2022/23,2023-03-05,Rawalpindi Cricket Stadium,1,19.6,Quetta Gladiators,Islamabad United,Umar Akmal,OF Smith,Faheem Ashraf,0,1,1,,,,,,,,
1354944,2022/23,2023-03-05,Rawalpindi Cricket Stadium,1,19.7,Quetta Gladiators,Islamabad United,Umar Akmal,OF Smith,Faheem Ashraf,0,0,,,,,,,,,
1354944,2022/23,2023-03-05,Rawalpindi Cricket Stadium,1,19.8,Quetta Gladiators,Islamabad United,Umar Akmal,OF Smith,Faheem Ashraf,2,0,,,,,,,,,
1354944,2022/23,2023-03-05,Rawalpindi Cricket Stadium,1,19.9,Quetta Gladiators,Islamabad United,Umar Akmal,OF Smith,Faheem Ashraf,6,0,,,,,,,,,
1354944,2022/23,2023-03-05,Rawalpindi Cricket Stadium,2,0.1,Islamabad United,Quetta Gladiators,Rahmanullah Gurbaz,AD Hales,Naseem Shah,0,0,,,,,,,,,
1354944,2022/23,2023-03-05,Rawalpindi Cricket Stadium,2,0.2,Islamabad United,Quetta Gladiators,Rahmanullah Gurbaz,AD Hales,Naseem Shah,0,0,,,,,,lbw,Rahmanullah Gurbaz,,
1354944,2022/23,2023-03-05,Rawalpindi Cricket Stadium,2,0.3,Islamabad United,Quetta Gladiators,C Munro,AD Hales,Naseem Shah,0,5,5,,,,,,,,
1354944,2022/23,2023-03-05,Rawalpindi Cricket Stadium,2,0.4,Islamabad United,Quetta Gladiators,C Munro,AD Hales,Naseem Shah,0,0,,,,,,,,,
1354944,2022/23,2023-03-05,Rawalpindi Cricket Stadium,2,0.5,Islamabad United,Quetta Gladiators,C Munro,AD Hales,Naseem Shah,0,0,,,,,,,,,
1354944,2022/23,2023-03-05,Rawalpindi Cricket Stadium,2,0.6,Islamabad United,Quetta Gladiators,C Munro,AD Hales,Naseem Shah,2,0,,,,,,,,,
1354944,2022/23,2023-03-05,Rawalpindi Cricket Stadium,2,0.7,Islamabad United,Quetta Gladiators,C Munro,AD Hales,Naseem Shah,4,0,,,,,,,,,
1354944,2022/23,2023-03-05,Rawalpindi Cricket Stadium,2,1.1,Islamabad United,Quetta Gladiators,AD Hales,C Munro,OF Smith,0,0,,,,,,,,,
1354944,2022/23,2023-03-05,Rawalpindi Cricket Stadium,2,1.2,Islamabad United,Quetta Gladiators,AD Hales,C Munro,OF Smith,1,0,,,,,,,,,
1354944,2022/23,2023-03-05,Rawalpindi Cricket Stadium,2,1.3,Islamabad United,Quetta Gladiators,C Munro,AD Hales,OF Smith,6,0,,,,,,,,,
1354944,2022/23,2023-03-05,Rawalpindi Cricket Stadium,2,1.4,Islamabad United,Quetta Gladiators,C Munro,AD Hales,OF Smith,0,1,1,,,,,,,,
1354944,2022/23,2023-03-05,Rawalpindi Cricket Stadium,2,1.5,Islamabad United,Quetta Gladiators,C Munro,AD Hales,OF Smith,4,0,,,,,,,,,
1354944,2022/23,2023-03-05,Rawalpindi Cricket Stadium,2,1.6,Islamabad United,Quetta Gladiators,C Munro,AD Hales,OF Smith,0,4,,,,4,,,,,
1354944,2022/23,2023-03-05,Rawalpindi Cricket Stadium,2,1.7,Islamabad United,Quetta Gladiators,C Munro,AD Hales,OF Smith,2,0,,,,,,,,,
1354944,2022/23,2023-03-05,Rawalpindi Cricket Stadium,2,2.1,Islamabad United,Quetta Gladiators,AD Hales,C Munro,Naseem Shah,0,0,,,,,,,,,
1354944,2022/23,2023-03-05,Rawalpindi Cricket Stadium,2,2.2,Islamabad United,Quetta Gladiators,AD Hales,C Munro,Naseem Shah,1,0,,,,,,,,,
1354944,2022/23,2023-03-05,Rawalpindi Cricket Stadium,2,2.3,Islamabad United,Quetta Gladiators,C Munro,AD Hales,Naseem Shah,0,0,,,,,,,,,
1354944,2022/23,2023-03-05,Rawalpindi Cricket Stadium,2,2.4,Islamabad United,Quetta Gladiators,C Munro,AD Hales,Naseem Shah,0,0,,,,,,,,,
1354944,2022/23,2023-03-05,Rawalpindi Cricket Stadium,2,2.5,Islamabad United,Quetta Gladiators,C Munro,AD Hales,Naseem Shah,2,0,,,,,,,,,
1354944,2022/23,2023-03-05,Rawalpindi Cricket Stadium,2,2.6,Islamabad United,Quetta Gladiators,C Munro,AD Hales,Naseem Shah,1,0,,,,,,,,,
1354944,2022/23,2023-03-05,Rawalpindi Cricket Stadium,2,3.1,Islamabad United,Quetta Gladiators,C Munro,AD Hales,Umaid Asif,6,0,,,,,,,,,
1354944,2022/23,2023-03-05,Rawalpindi Cricket Stadium,2,3.2,Islamabad United,Quetta Gladiators,C Munro,AD Hales,Umaid Asif,0,0,,,,,,,,,
1354944,2022/23,2023-03-05,Rawalpindi Cricket Stadium,2,3.3,Islamabad United,Quetta Gladiators,C Munro,AD Hales,Umaid Asif,1,0,,,,,,,,,
1354944,2022/23,2023-03-05,Rawalpindi Cricket Stadium,2,3.4,Islamabad United,Quetta Gladiators,AD Hales,C Munro,Umaid Asif,4,0,,,,,,,,,
1354944,2022/23,2023-03-05,Rawalpindi Cricket Stadium,2,3.5,Islamabad United,Quetta Gladiators,AD Hales,C Munro,Umaid Asif,6,0,,,,,,,,,
1354944,2022/23,2023-03-05,Rawalpindi Cricket Stadium,2,3.6,Islamabad United,Quetta Gladiators,AD Hales,C Munro,Umaid Asif,0,1,1,,,,,,,,
1354944,2022/23,2023-03-05,Rawalpindi Cricket Stadium,2,3.7,Islamabad United,Quetta Gladiators,AD Hales,C Munro,Umaid Asif,0,0,,,,,,,,,
1354944,2022/23,2023-03-05,Rawalpindi Cricket Stadium,2,4.1,Islamabad United,Quetta Gladiators,C Munro,AD Hales,Naveen-ul-Haq,1,0,,,,,,,,,
1354944,2022/23,2023-03-05,Rawalpindi Cricket Stadium,2,4.2,Islamabad United,Quetta Gladiators,AD Hales,C Munro,Naveen-ul-Haq,0,0,,,,,,,,,
1354944,2022/23,2023-03-05,Rawalpindi Cricket Stadium,2,4.3,Islamabad United,Quetta Gladiators,AD Hales,C Munro,Naveen-ul-Haq,0,0,,,,,,caught,AD Hales,,
1354944,2022/23,2023-03-05,Rawalpindi Cricket Stadium,2,4.4,Islamabad United,Quetta Gladiators,Shadab Khan,C Munro,Naveen-ul-Haq,1,0,,,,,,,,,
1354944,2022/23,2023-03-05,Rawalpindi Cricket Stadium,2,4.5,Islamabad United,Quetta Gladiators,C Munro,Shadab Khan,Naveen-ul-Haq,2,0,,,,,,,,,
1354944,2022/23,2023-03-05,Rawalpindi Cricket Stadium,2,4.6,Islamabad United,Quetta Gladiators,C Munro,Shadab Khan,Naveen-ul-Haq,1,1,,1,,,,,,,
1354944,2022/23,2023-03-05,Rawalpindi Cricket Stadium,2,4.7,Islamabad United,Quetta Gladiators,Shadab Khan,C Munro,Naveen-ul-Haq,6,0,,,,,,,,,
1354944,2022/23,2023-03-05,Rawalpindi Cricket Stadium,2,5.1,Islamabad United,Quetta Gladiators,C Munro,Shadab Khan,OF Smith,4,0,,,,,,,,,
1354944,2022/23,2023-03-05,Rawalpindi Cricket Stadium,2,5.2,Islamabad United,Quetta Gladiators,C Munro,Shadab Khan,OF Smith,0,1,1,,,,,,,,
1354944,2022/23,2023-03-05,Rawalpindi Cricket Stadium,2,5.3,Islamabad United,Quetta Gladiators,C Munro,Shadab Khan,OF Smith,4,0,,,,,,,,,
1354944,2022/23,2023-03-05,Rawalpindi Cricket Stadium,2,5.4,Islamabad United,Quetta Gladiators,C Munro,Shadab Khan,OF Smith,1,0,,,,,,,,,
1354944,2022/23,2023-03-05,Rawalpindi Cricket Stadium,2,5.5,Islamabad United,Quetta Gladiators,Shadab Khan,C Munro,OF Smith,1,0,,,,,,,,,
1354944,2022/23,2023-03-05,Rawalpindi Cricket Stadium,2,5.6,Islamabad United,Quetta Gladiators,C Munro,Shadab Khan,OF Smith,2,0,,,,,,,,,
1354944,2022/23,2023-03-05,Rawalpindi Cricket Stadium,2,5.7,Islamabad United,Quetta Gladiators,C Munro,Shadab Khan,OF Smith,1,0,,,,,,,,,
1354944,2022/23,2023-03-05,Rawalpindi Cricket Stadium,2,6.1,Islamabad United,Quetta Gladiators,C Munro,Shadab Khan,Iftikhar Ahmed,6,0,,,,,,,,,
1354944,2022/23,2023-03-05,Rawalpindi Cricket Stadium,2,6.2,Islamabad United,Quetta Gladiators,C Munro,Shadab Khan,Iftikhar Ahmed,4,0,,,,,,,,,
1354944,2022/23,2023-03-05,Rawalpindi Cricket Stadium,2,6.3,Islamabad United,Quetta Gladiators,C Munro,Shadab Khan,Iftikhar Ahmed,2,0,,,,,,,,,
1354944,2022/23,2023-03-05,Rawalpindi Cricket Stadium,2,6.4,Islamabad United,Quetta Gladiators,C Munro,Shadab Khan,Iftikhar Ahmed,6,0,,,,,,,,,
1354944,2022/23,2023-03-05,Rawalpindi Cricket Stadium,2,6.5,Islamabad United,Quetta Gladiators,C Munro,Shadab Khan,Iftikhar Ahmed,1,0,,,,,,,,,
1354944,2022/23,2023-03-05,Rawalpindi Cricket Stadium,2,6.6,Islamabad United,Quetta Gladiators,Shadab Khan,C Munro,Iftikhar Ahmed,0,0,,,,,,caught,Shadab Khan,,
1354944,2022/23,2023-03-05,Rawalpindi Cricket Stadium,2,7.1,Islamabad United,Quetta Gladiators,C Munro,Mubasir Khan,Mohammad Nawaz,0,0,,,,,,caught,C Munro,,
1354944,2022/23,2023-03-05,Rawalpindi Cricket Stadium,2,7.2,Islamabad United,Quetta Gladiators,Azam Khan,Mubasir Khan,Mohammad Nawaz,1,0,,,,,,,,,
1354944,2022/23,2023-03-05,Rawalpindi Cricket Stadium,2,7.3,Islamabad United,Quetta Gladiators,Mubasir Khan,Azam Khan,Mohammad Nawaz,1,0,,,,,,,,,
1354944,2022/23,2023-03-05,Rawalpindi Cricket Stadium,2,7.4,Islamabad United,Quetta Gladiators,Azam Khan,Mubasir Khan,Mohammad Nawaz,0,0,,,,,,,,,
1354944,2022/23,2023-03-05,Rawalpindi Cricket Stadium,2,7.5,Islamabad United,Quetta Gladiators,Azam Khan,Mubasir Khan,Mohammad Nawaz,0,0,,,,,,,,,
1354944,2022/23,2023-03-05,Rawalpindi Cricket Stadium,2,7.6,Islamabad United,Quetta Gladiators,Azam Khan,Mubasir Khan,Mohammad Nawaz,0,0,,,,,,,,,
1354944,2022/23,2023-03-05,Rawalpindi Cricket Stadium,2,8.1,Islamabad United,Quetta Gladiators,Mubasir Khan,Azam Khan,Umaid Asif,0,0,,,,,,,,,
1354944,2022/23,2023-03-05,Rawalpindi Cricket Stadium,2,8.2,Islamabad United,Quetta Gladiators,Mubasir Khan,Azam Khan,Umaid Asif,0,0,,,,,,,,,
1354944,2022/23,2023-03-05,Rawalpindi Cricket Stadium,2,8.3,Islamabad United,Quetta Gladiators,Mubasir Khan,Azam Khan,Umaid Asif,0,0,,,,,,,,,
1354944,2022/23,2023-03-05,Rawalpindi Cricket Stadium,2,8.4,Islamabad United,Quetta Gladiators,Mubasir Khan,Azam Khan,Umaid Asif,4,0,,,,,,,,,
1354944,2022/23,2023-03-05,Rawalpindi Cricket Stadium,2,8.5,Islamabad United,Quetta Gladiators,Mubasir Khan,Azam Khan,Umaid Asif,0,0,,,,,,,,,
1354944,2022/23,2023-03-05,Rawalpindi Cricket Stadium,2,8.6,Islamabad United,Quetta Gladiators,Mubasir Khan,Azam Khan,Umaid Asif,0,0,,,,,,caught,Mubasir Khan,,
1354944,2022/23,2023-03-05,Rawalpindi Cricket Stadium,2,9.1,Islamabad United,Quetta Gladiators,Azam Khan,Asif Ali,Mohammad Nawaz,1,0,,,,,,,,,
1354944,2022/23,2023-03-05,Rawalpindi Cricket Stadium,2,9.2,Islamabad United,Quetta Gladiators,Asif Ali,Azam Khan,Mohammad Nawaz,0,0,,,,,,,,,
1354944,2022/23,2023-03-05,Rawalpindi Cricket Stadium,2,9.3,Islamabad United,Quetta Gladiators,Asif Ali,Azam Khan,Mohammad Nawaz,1,0,,,,,,,,,
1354944,2022/23,2023-03-05,Rawalpindi Cricket Stadium,2,9.4,Islamabad United,Quetta Gladiators,Azam Khan,Asif Ali,Mohammad Nawaz,1,0,,,,,,,,,
1354944,2022/23,2023-03-05,Rawalpindi Cricket Stadium,2,9.5,Islamabad United,Quetta Gladiators,Asif Ali,Azam Khan,Mohammad Nawaz,0,0,,,,,,,,,
1354944,2022/23,2023-03-05,Rawalpindi Cricket Stadium,2,9.6,Islamabad United,Quetta Gladiators,Asif Ali,Azam Khan,Mohammad Nawaz,0,0,,,,,,,,,
1354944,2022/23,2023-03-05,Rawalpindi Cricket Stadium,2,10.1,Islamabad United,Quetta Gladiators,Azam Khan,Asif Ali,Umaid Asif,0,0,,,,,,,,,
1354944,2022/23,2023-03-05,Rawalpindi Cricket Stadium,2,10.2,Islamabad United,Quetta Gladiators,Azam Khan,Asif Ali,Umaid Asif,1,0,,,,,,,,,
1354944,2022/23,2023-03-05,Rawalpindi Cricket Stadium,2,10.3,Islamabad United,Quetta Gladiators,Asif Ali,Azam Khan,Umaid Asif,4,0,,,,,,,,,
1354944,2022/23,2023-03-05,Rawalpindi Cricket Stadium,2,10.4,Islamabad United,Quetta Gladiators,Asif Ali,Azam Khan,Umaid Asif,0,0,,,,,,,,,
1354944,2022/23,2023-03-05,Rawalpindi Cricket Stadium,2,10.5,Islamabad United,Quetta Gladiators,Asif Ali,Azam Khan,Umaid Asif,0,0,,,,,,,,,
1354944,2022/23,2023-03-05,Rawalpindi Cricket Stadium,2,10.6,Islamabad United,Quetta Gladiators,Asif Ali,Azam Khan,Umaid Asif,1,0,,,,,,,,,
1354944,2022/23,2023-03-05,Rawalpindi Cricket Stadium,2,11.1,Islamabad United,Quetta Gladiators,Asif Ali,Azam Khan,Mohammad Nawaz,0,0,,,,,,bowled,Asif Ali,,
1354944,2022/23,2023-03-05,Rawalpindi Cricket Stadium,2,11.2,Islamabad United,Quetta Gladiators,Faheem Ashraf,Azam Khan,Mohammad Nawaz,0,0,,,,,,,,,
1354944,2022/23,2023-03-05,Rawalpindi Cricket Stadium,2,11.3,Islamabad United,Quetta Gladiators,Faheem Ashraf,Azam Khan,Mohammad Nawaz,0,0,,,,,,,,,
1354944,2022/23,2023-03-05,Rawalpindi Cricket Stadium,2,11.4,Islamabad United,Quetta Gladiators,Faheem Ashraf,Azam Khan,Mohammad Nawaz,0,0,,,,,,,,,
1354944,2022/23,2023-03-05,Rawalpindi Cricket Stadium,2,11.5,Islamabad United,Quetta Gladiators,Faheem Ashraf,Azam Khan,Mohammad Nawaz,0,0,,,,,,,,,
1354944,2022/23,2023-03-05,Rawalpindi Cricket Stadium,2,11.6,Islamabad United,Quetta Gladiators,Faheem Ashraf,Azam Khan,Mohammad Nawaz,4,0,,,,,,,,,
1354944,2022/23,2023-03-05,Rawalpindi Cricket Stadium,2,12.1,Islamabad United,Quetta Gladiators,Azam Khan,Faheem Ashraf,Naveen-ul-Haq,1,0,,,,,,,,,
1354944,2022/23,2023-03-05,Rawalpindi Cricket Stadium,2,12.2,Islamabad United,Quetta Gladiators,Faheem Ashraf,Azam Khan,Naveen-ul-Haq,1,0,,,,,,,,,
1354944,2022/23,2023-03-05,Rawalpindi Cricket Stadium,2,12.3,Islamabad United,Quetta Gladiators,Azam Khan,Faheem Ashraf,Naveen-ul-Haq,1,0,,,,,,,,,
1354944,2022/23,2023-03-05,Rawalpindi Cricket Stadium,2,12.4,Islamabad United,Quetta Gladiators,Faheem Ashraf,Azam Khan,Naveen-ul-Haq,0,0,,,,,,,,,
1354944,2022/23,2023-03-05,Rawalpindi Cricket Stadium,2,12.5,Islamabad United,Quetta Gladiators,Faheem Ashraf,Azam Khan,Naveen-ul-Haq,1,0,,,,,,,,,
1354944,2022/23,2023-03-05,Rawalpindi Cricket Stadium,2,12.6,Islamabad United,Quetta Gladiators,Azam Khan,Faheem Ashraf,Naveen-ul-Haq,1,0,,,,,,,,,
1354944,2022/23,2023-03-05,Rawalpindi Cricket Stadium,2,13.1,Islamabad United,Quetta Gladiators,Azam Khan,Faheem Ashraf,Mohammad Nawaz,1,0,,,,,,,,,
1354944,2022/23,2023-03-05,Rawalpindi Cricket Stadium,2,13.2,Islamabad United,Quetta Gladiators,Faheem Ashraf,Azam Khan,Mohammad Nawaz,1,0,,,,,,,,,
1354944,2022/23,2023-03-05,Rawalpindi Cricket Stadium,2,13.3,Islamabad United,Quetta Gladiators,Azam Khan,Faheem Ashraf,Mohammad Nawaz,1,0,,,,,,,,,
1354944,2022/23,2023-03-05,Rawalpindi Cricket Stadium,2,13.4,Islamabad United,Quetta Gladiators,Faheem Ashraf,Azam Khan,Mohammad Nawaz,4,0,,,,,,,,,
1354944,2022/23,2023-03-05,Rawalpindi Cricket Stadium,2,13.5,Islamabad United,Quetta Gladiators,Faheem Ashraf,Azam Khan,Mohammad Nawaz,0,0,,,,,,,,,
1354944,2022/23,2023-03-05,Rawalpindi Cricket Stadium,2,13.6,Islamabad United,Quetta Gladiators,Faheem Ashraf,Azam Khan,Mohammad Nawaz,1,0,,,,,,,,,
1354944,2022/23,2023-03-05,Rawalpindi Cricket Stadium,2,14.1,Islamabad United,Quetta Gladiators,Faheem Ashraf,Azam Khan,Naseem Shah,1,0,,,,,,,,,
1354944,2022/23,2023-03-05,Rawalpindi Cricket Stadium,2,14.2,Islamabad United,Quetta Gladiators,Azam Khan,Faheem Ashraf,Naseem Shah,1,0,,,,,,,,,
1354944,2022/23,2023-03-05,Rawalpindi Cricket Stadium,2,14.3,Islamabad United,Quetta Gladiators,Faheem Ashraf,Azam Khan,Naseem Shah,1,0,,,,,,,,,
1354944,2022/23,2023-03-05,Rawalpindi Cricket Stadium,2,14.4,Islamabad United,Quetta Gladiators,Azam Khan,Faheem Ashraf,Naseem Shah,1,0,,,,,,,,,
1354944,2022/23,2023-03-05,Rawalpindi Cricket Stadium,2,14.5,Islamabad United,Quetta Gladiators,Faheem Ashraf,Azam Khan,Naseem Shah,0,0,,,,,,,,,
1354944,2022/23,2023-03-05,Rawalpindi Cricket Stadium,2,14.6,Islamabad United,Quetta Gladiators,Faheem Ashraf,Azam Khan,Naseem Shah,1,0,,,,,,,,,
1354944,2022/23,2023-03-05,Rawalpindi Cricket Stadium,2,15.1,Islamabad United,Quetta Gladiators,Faheem Ashraf,Azam Khan,Naveen-ul-Haq,0,0,,,,,,,,,
1354944,2022/23,2023-03-05,Rawalpindi Cricket Stadium,2,15.2,Islamabad United,Quetta Gladiators,Faheem Ashraf,Azam Khan,Naveen-ul-Haq,0,0,,,,,,,,,
1354944,2022/23,2023-03-05,Rawalpindi Cricket Stadium,2,15.3,Islamabad United,Quetta Gladiators,Faheem Ashraf,Azam Khan,Naveen-ul-Haq,1,0,,,,,,,,,
1354944,2022/23,2023-03-05,Rawalpindi Cricket Stadium,2,15.4,Islamabad United,Quetta Gladiators,Azam Khan,Faheem Ashraf,Naveen-ul-Haq,1,0,,,,,,,,,
1354944,2022/23,2023-03-05,Rawalpindi Cricket Stadium,2,15.5,Islamabad United,Quetta Gladiators,Faheem Ashraf,Azam Khan,Naveen-ul-Haq,4,0,,,,,,,,,
1354944,2022/23,2023-03-05,Rawalpindi Cricket Stadium,2,15.6,Islamabad United,Quetta Gladiators,Faheem Ashraf,Azam Khan,Naveen-ul-Haq,1,0,,,,,,,,,
1354944,2022/23,2023-03-05,Rawalpindi Cricket Stadium,2,16.1,Islamabad United,Quetta Gladiators,Faheem Ashraf,Azam Khan,Naseem Shah,1,0,,,,,,,,,
1354944,2022/23,2023-03-05,Rawalpindi Cricket Stadium,2,16.2,Islamabad United,Quetta Gladiators,Azam Khan,Faheem Ashraf,Naseem Shah,4,0,,,,,,,,,
1354944,2022/23,2023-03-05,Rawalpindi Cricket Stadium,2,16.3,Islamabad United,Quetta Gladiators,Azam Khan,Faheem Ashraf,Naseem Shah,1,0,,,,,,,,,
1354944,2022/23,2023-03-05,Rawalpindi Cricket Stadium,2,16.4,Islamabad United,Quetta Gladiators,Faheem Ashraf,Azam Khan,Naseem Shah,0,1,,,,1,,,,,
1354944,2022/23,2023-03-05,Rawalpindi Cricket Stadium,2,16.5,Islamabad United,Quetta Gladiators,Azam Khan,Faheem Ashraf,Naseem Shah,1,0,,,,,,,,,
1354944,2022/23,2023-03-05,Rawalpindi Cricket Stadium,2,16.6,Islamabad United,Quetta Gladiators,Faheem Ashraf,Azam Khan,Naseem Shah,1,0,,,,,,,,,
1354944,2022/23,2023-03-05,Rawalpindi Cricket Stadium,2,17.1,Islamabad United,Quetta Gladiators,Faheem Ashraf,Azam Khan,Naveen-ul-Haq,1,0,,,,,,,,,
1354944,2022/23,2023-03-05,Rawalpindi Cricket Stadium,2,17.2,Islamabad United,Quetta Gladiators,Azam Khan,Faheem Ashraf,Naveen-ul-Haq,1,0,,,,,,,,,
1354944,2022/23,2023-03-05,Rawalpindi Cricket Stadium,2,17.3,Islamabad United,Quetta Gladiators,Faheem Ashraf,Azam Khan,Naveen-ul-Haq,1,0,,,,,,,,,
1354944,2022/23,2023-03-05,Rawalpindi Cricket Stadium,2,17.4,Islamabad United,Quetta Gladiators,Azam Khan,Faheem Ashraf,Naveen-ul-Haq,4,0,,,,,,,,,
1354944,2022/23,2023-03-05,Rawalpindi Cricket Stadium,2,17.5,Islamabad United,Quetta Gladiators,Azam Khan,Faheem Ashraf,Naveen-ul-Haq,6,0,,,,,,,,,
1354944,2022/23,2023-03-05,Rawalpindi Cricket Stadium,2,17.6,Islamabad United,Quetta Gladiators,Azam Khan,Faheem Ashraf,Naveen-ul-Haq,0,0,,,,,,,,,
1354944,2022/23,2023-03-05,Rawalpindi Cricket Stadium,2,18.1,Islamabad United,Quetta Gladiators,Faheem Ashraf,Azam Khan,Umaid Asif,1,0,,,,,,,,,
1354944,2022/23,2023-03-05,Rawalpindi Cricket Stadium,2,18.2,Islamabad United,Quetta Gladiators,Azam Khan,Faheem Ashraf,Umaid Asif,6,0,,,,,,,,,
1354944,2022/23,2023-03-05,Rawalpindi Cricket Stadium,2,18.3,Islamabad United,Quetta Gladiators,Azam Khan,Faheem Ashraf,Umaid Asif,0,0,,,,,,caught,Azam Khan,,
1354944,2022/23,2023-03-05,Rawalpindi Cricket Stadium,2,18.4,Islamabad United,Quetta Gladiators,Hasan Ali,Faheem Ashraf,Umaid Asif,1,0,,,,,,,,,
1354944,2022/23,2023-03-05,Rawalpindi Cricket Stadium,2,18.5,Islamabad United,Quetta Gladiators,Faheem Ashraf,Hasan Ali,Umaid Asif,1,0,,,,,,,,,
1354944,2022/23,2023-03-05,Rawalpindi Cricket Stadium,2,18.6,Islamabad United,Quetta Gladiators,Hasan Ali,Faheem Ashraf,Umaid Asif,0,0,,,,,,caught,Hasan Ali,,
1354944,2022/23,2023-03-05,Rawalpindi Cricket Stadium,2,19.1,Islamabad United,Quetta Gladiators,Faheem Ashraf,Rumman Raees,OF Smith,4,0,,,,,,,,,
1354944,2022/23,2023-03-05,Rawalpindi Cricket Stadium,2,19.2,Islamabad United,Quetta Gladiators,Faheem Ashraf,Rumman Raees,OF Smith,4,0,,,,,,,,,
1354944,2022/23,2023-03-05,Rawalpindi Cricket Stadium,2,19.3,Islamabad United,Quetta Gladiators,Faheem Ashraf,Rumman Raees,OF Smith,4,0,,,,,,,,,
