match_id,season,start_date,venue,innings,ball,batting_team,bowling_team,striker,non_striker,bowler,runs_off_bat,extras,wides,noballs,byes,legbyes,penalty,wicket_type,player_dismissed,other_wicket_type,other_player_dismissed
1354931,2022/23,2023-02-19,"National Stadium, Karachi",1,0.1,Karachi Kings,Lahore Qalandars,MS Wade,JM Vince,Shaheen Shah Afridi,0,1,1,,,,,,,,
1354931,2022/23,2023-02-19,"National Stadium, Karachi",1,0.2,Karachi Kings,Lahore Qalandars,MS Wade,JM Vince,Shaheen Shah Afridi,0,1,1,,,,,,,,
1354931,2022/23,2023-02-19,"National Stadium, Karachi",1,0.3,Karachi Kings,Lahore Qalandars,MS Wade,JM Vince,Shaheen Shah Afridi,1,0,,,,,,,,,
1354931,2022/23,2023-02-19,"National Stadium, Karachi",1,0.4,Karachi Kings,Lahore Qalandars,JM Vince,MS Wade,Shaheen Shah Afridi,0,0,,,,,,,,,
1354931,2022/23,2023-02-19,"National Stadium, Karachi",1,0.5,Karachi Kings,Lahore Qalandars,JM Vince,MS Wade,Shaheen Shah Afridi,0,0,,,,,,,,,
1354931,2022/23,2023-02-19,"National Stadium, Karachi",1,0.6,Karachi Kings,Lahore Qalandars,JM Vince,MS Wade,Shaheen Shah Afridi,4,0,,,,,,,,,
1354931,2022/23,2023-02-19,"National Stadium, Karachi",1,0.7,Karachi Kings,Lahore Qalandars,JM Vince,MS Wade,Shaheen Shah Afridi,2,0,,,,,,,,,
1354931,2022/23,2023-02-19,"National Stadium, Karachi",1,0.8,Karachi Kings,Lahore Qalandars,JM Vince,MS Wade,Shaheen Shah Afridi,0,0,,,,,,,,,
1354931,2022/23,2023-02-19,"National Stadium, Karachi",1,1.1,Karachi Kings,Lahore Qalandars,MS Wade,JM Vince,Zaman Khan,0,0,,,,,,,,,
1354931,2022/23,2023-02-19,"National Stadium, Karachi",1,1.2,Karachi Kings,Lahore Qalandars,MS Wade,JM Vince,Zaman Khan,4,0,,,,,,,,,
1354931,2022/23,2023-02-19,"National Stadium, Karachi",1,1.3,Karachi Kings,Lahore Qalandars,MS Wade,JM Vince,Zaman Khan,1,0,,,,,,,,,
1354931,2022/23,2023-02-19,"National Stadium, Karachi",1,1.4,Karachi Kings,Lahore Qalandars,JM Vince,MS Wade,Zaman Khan,0,0,,,,,,,,,
1354931,2022/23,2023-02-19,"National Stadium, Karachi",1,1.5,Karachi Kings,Lahore Qalandars,JM Vince,MS Wade,Zaman Khan,2,0,,,,,,,,,
1354931,2022/23,2023-02-19,"National Stadium, Karachi",1,1.6,Karachi Kings,Lahore Qalandars,JM Vince,MS Wade,Zaman Khan,0,1,1,,,,,,,,
1354931,2022/23,2023-02-19,"National Stadium, Karachi",1,1.7,Karachi Kings,Lahore Qalandars,JM Vince,MS Wade,Zaman Khan,0,0,,,,,,,,,
1354931,2022/23,2023-02-19,"National Stadium, Karachi",1,2.1,Karachi Kings,Lahore Qalandars,MS Wade,JM Vince,Shaheen Shah Afridi,1,0,,,,,,,,,
1354931,2022/23,2023-02-19,"National Stadium, Karachi",1,2.2,Karachi Kings,Lahore Qalandars,JM Vince,MS Wade,Shaheen Shah Afridi,1,0,,,,,,,,,
1354931,2022/23,2023-02-19,"National Stadium, Karachi",1,2.3,Karachi Kings,Lahore Qalandars,MS Wade,JM Vince,Shaheen Shah Afridi,1,0,,,,,,,,,
1354931,2022/23,2023-02-19,"National Stadium, Karachi",1,2.4,Karachi Kings,Lahore Qalandars,JM Vince,MS Wade,Shaheen Shah Afridi,4,0,,,,,,,,,
1354931,2022/23,2023-02-19,"National Stadium, Karachi",1,2.5,Karachi Kings,Lahore Qalandars,JM Vince,MS Wade,Shaheen Shah Afridi,0,1,,,1,,,,,,
1354931,2022/23,2023-02-19,"National Stadium, Karachi",1,2.6,Karachi Kings,Lahore Qalandars,MS Wade,JM Vince,Shaheen Shah Afridi,0,0,,,,,,,,,
1354931,2022/23,2023-02-19,"National Stadium, Karachi",1,3.1,Karachi Kings,Lahore Qalandars,JM Vince,MS Wade,Zaman Khan,1,0,,,,,,,,,
1354931,2022/23,2023-02-19,"National Stadium, Karachi",1,3.2,Karachi Kings,Lahore Qalandars,MS Wade,JM Vince,Zaman Khan,0,0,,,,,,,,,
1354931,2022/23,2023-02-19,"National Stadium, Karachi",1,3.3,Karachi Kings,Lahore Qalandars,MS Wade,JM Vince,Zaman Khan,1,0,,,,,,,,,
1354931,2022/23,2023-02-19,"National Stadium, Karachi",1,3.4,Karachi Kings,Lahore Qalandars,JM Vince,MS Wade,Zaman Khan,0,1,,,,1,,,,,
1354931,2022/23,2023-02-19,"National Stadium, Karachi",1,3.5,Karachi Kings,Lahore Qalandars,MS Wade,JM Vince,Zaman Khan,4,1,,1,,,,,,,
1354931,2022/23,2023-02-19,"National Stadium, Karachi",1,3.6,Karachi Kings,Lahore Qalandars,MS Wade,JM Vince,Zaman Khan,1,0,,,,,,,,,
1354931,2022/23,2023-02-19,"National Stadium, Karachi",1,3.7,Karachi Kings,Lahore Qalandars,JM Vince,MS Wade,Zaman Khan,0,0,,,,,,,,,
1354931,2022/23,2023-02-19,"National Stadium, Karachi",1,4.1,Karachi Kings,Lahore Qalandars,MS Wade,JM Vince,D Wiese,6,0,,,,,,,,,
1354931,2022/23,2023-02-19,"National Stadium, Karachi",1,4.2,Karachi Kings,Lahore Qalandars,MS Wade,JM Vince,D Wiese,0,0,,,,,,,,,
1354931,2022/23,2023-02-19,"National Stadium, Karachi",1,4.3,Karachi Kings,Lahore Qalandars,MS Wade,JM Vince,D Wiese,1,0,,,,,,,,,
1354931,2022/23,2023-02-19,"National Stadium, Karachi",1,4.4,Karachi Kings,Lahore Qalandars,JM Vince,MS Wade,D Wiese,6,0,,,,,,,,,
1354931,2022/23,2023-02-19,"National Stadium, Karachi",1,4.5,Karachi Kings,Lahore Qalandars,JM Vince,MS Wade,D Wiese,1,0,,,,,,,,,
1354931,2022/23,2023-02-19,"National Stadium, Karachi",1,4.6,Karachi Kings,Lahore Qalandars,MS Wade,JM Vince,D Wiese,1,0,,,,,,,,,
1354931,2022/23,2023-02-19,"National Stadium, Karachi",1,5.1,Karachi Kings,Lahore Qalandars,MS Wade,JM Vince,Haris Rauf,4,0,,,,,,,,,
1354931,2022/23,2023-02-19,"National Stadium, Karachi",1,5.2,Karachi Kings,Lahore Qalandars,MS Wade,JM Vince,Haris Rauf,1,0,,,,,,,,,
1354931,2022/23,2023-02-19,"National Stadium, Karachi",1,5.3,Karachi Kings,Lahore Qalandars,JM Vince,MS Wade,Haris Rauf,1,0,,,,,,,,,
1354931,2022/23,2023-02-19,"National Stadium, Karachi",1,5.4,Karachi Kings,Lahore Qalandars,MS Wade,JM Vince,Haris Rauf,4,0,,,,,,,,,
1354931,2022/23,2023-02-19,"National Stadium, Karachi",1,5.5,Karachi Kings,Lahore Qalandars,MS Wade,JM Vince,Haris Rauf,0,0,,,,,,,,,
1354931,2022/23,2023-02-19,"National Stadium, Karachi",1,5.6,Karachi Kings,Lahore Qalandars,MS Wade,JM Vince,Haris Rauf,2,0,,,,,,,,,
1354931,2022/23,2023-02-19,"National Stadium, Karachi",1,6.1,Karachi Kings,Lahore Qalandars,JM Vince,MS Wade,Sikandar Raza,1,0,,,,,,,,,
1354931,2022/23,2023-02-19,"National Stadium, Karachi",1,6.2,Karachi Kings,Lahore Qalandars,MS Wade,JM Vince,Sikandar Raza,0,1,,1,,,,,,,
1354931,2022/23,2023-02-19,"National Stadium, Karachi",1,6.3,Karachi Kings,Lahore Qalandars,MS Wade,JM Vince,Sikandar Raza,1,1,,1,,,,,,,
1354931,2022/23,2023-02-19,"National Stadium, Karachi",1,6.4,Karachi Kings,Lahore Qalandars,JM Vince,MS Wade,Sikandar Raza,2,0,,,,,,,,,
1354931,2022/23,2023-02-19,"National Stadium, Karachi",1,6.5,Karachi Kings,Lahore Qalandars,JM Vince,MS Wade,Sikandar Raza,0,0,,,,,,,,,
1354931,2022/23,2023-02-19,"National Stadium, Karachi",1,6.6,Karachi Kings,Lahore Qalandars,JM Vince,MS Wade,Sikandar Raza,0,0,,,,,,,,,
1354931,2022/23,2023-02-19,"National Stadium, Karachi",1,6.7,Karachi Kings,Lahore Qalandars,JM Vince,MS Wade,Sikandar Raza,1,0,,,,,,,,,
1354931,2022/23,2023-02-19,"National Stadium, Karachi",1,6.8,Karachi Kings,Lahore Qalandars,MS Wade,JM Vince,Sikandar Raza,1,0,,,,,,,,,
1354931,2022/23,2023-02-19,"National Stadium, Karachi",1,7.1,Karachi Kings,Lahore Qalandars,MS Wade,JM Vince,LA Dawson,1,0,,,,,,run out,MS Wade,,
1354931,2022/23,2023-02-19,"National Stadium, Karachi",1,7.2,Karachi Kings,Lahore Qalandars,Haider Ali,JM Vince,LA Dawson,0,0,,,,,,,,,
1354931,2022/23,2023-02-19,"National Stadium, Karachi",1,7.3,Karachi Kings,Lahore Qalandars,Haider Ali,JM Vince,LA Dawson,0,0,,,,,,,,,
1354931,2022/23,2023-02-19,"National Stadium, Karachi",1,7.4,Karachi Kings,Lahore Qalandars,Haider Ali,JM Vince,LA Dawson,0,0,,,,,,,,,
1354931,2022/23,2023-02-19,"National Stadium, Karachi",1,7.5,Karachi Kings,Lahore Qalandars,Haider Ali,JM Vince,LA Dawson,4,0,,,,,,,,,
1354931,2022/23,2023-02-19,"National Stadium, Karachi",1,7.6,Karachi Kings,Lahore Qalandars,Haider Ali,JM Vince,LA Dawson,1,0,,,,,,,,,
1354931,2022/23,2023-02-19,"National Stadium, Karachi",1,8.1,Karachi Kings,Lahore Qalandars,Haider Ali,JM Vince,Sikandar Raza,1,0,,,,,,,,,
1354931,2022/23,2023-02-19,"National Stadium, Karachi",1,8.2,Karachi Kings,Lahore Qalandars,JM Vince,Haider Ali,Sikandar Raza,0,0,,,,,,,,,
1354931,2022/23,2023-02-19,"National Stadium, Karachi",1,8.3,Karachi Kings,Lahore Qalandars,JM Vince,Haider Ali,Sikandar Raza,1,0,,,,,,,,,
1354931,2022/23,2023-02-19,"National Stadium, Karachi",1,8.4,Karachi Kings,Lahore Qalandars,Haider Ali,JM Vince,Sikandar Raza,1,0,,,,,,,,,
1354931,2022/23,2023-02-19,"National Stadium, Karachi",1,8.5,Karachi Kings,Lahore Qalandars,JM Vince,Haider Ali,Sikandar Raza,1,0,,,,,,,,,
1354931,2022/23,2023-02-19,"National Stadium, Karachi",1,8.6,Karachi Kings,Lahore Qalandars,Haider Ali,JM Vince,Sikandar Raza,1,0,,,,,,,,,
1354931,2022/23,2023-02-19,"National Stadium, Karachi",1,9.1,Karachi Kings,Lahore Qalandars,Haider Ali,JM Vince,LA Dawson,0,1,,,,1,,,,,
1354931,2022/23,2023-02-19,"National Stadium, Karachi",1,9.2,Karachi Kings,Lahore Qalandars,JM Vince,Haider Ali,LA Dawson,1,0,,,,,,,,,
1354931,2022/23,2023-02-19,"National Stadium, Karachi",1,9.3,Karachi Kings,Lahore Qalandars,Haider Ali,JM Vince,LA Dawson,1,0,,,,,,,,,
1354931,2022/23,2023-02-19,"National Stadium, Karachi",1,9.4,Karachi Kings,Lahore Qalandars,JM Vince,Haider Ali,LA Dawson,1,0,,,,,,,,,
1354931,2022/23,2023-02-19,"National Stadium, Karachi",1,9.5,Karachi Kings,Lahore Qalandars,Haider Ali,JM Vince,LA Dawson,1,0,,,,,,,,,
1354931,2022/23,2023-02-19,"National Stadium, Karachi",1,9.6,Karachi Kings,Lahore Qalandars,JM Vince,Haider Ali,LA Dawson,6,0,,,,,,,,,
1354931,2022/23,2023-02-19,"National Stadium, Karachi",1,10.1,Karachi Kings,Lahore Qalandars,Haider Ali,JM Vince,Sikandar Raza,0,0,,,,,,,,,
1354931,2022/23,2023-02-19,"National Stadium, Karachi",1,10.2,Karachi Kings,Lahore Qalandars,Haider Ali,JM Vince,Sikandar Raza,6,0,,,,,,,,,
1354931,2022/23,2023-02-19,"National Stadium, Karachi",1,10.3,Karachi Kings,Lahore Qalandars,Haider Ali,JM Vince,Sikandar Raza,1,0,,,,,,,,,
1354931,2022/23,2023-02-19,"National Stadium, Karachi",1,10.4,Karachi Kings,Lahore Qalandars,JM Vince,Haider Ali,Sikandar Raza,1,0,,,,,,,,,
1354931,2022/23,2023-02-19,"National Stadium, Karachi",1,10.5,Karachi Kings,Lahore Qalandars,Haider Ali,JM Vince,Sikandar Raza,1,0,,,,,,,,,
1354931,2022/23,2023-02-19,"National Stadium, Karachi",1,10.6,Karachi Kings,Lahore Qalandars,JM Vince,Haider Ali,Sikandar Raza,2,0,,,,,,,,,
1354931,2022/23,2023-02-19,"National Stadium, Karachi",1,11.1,Karachi Kings,Lahore Qalandars,Haider Ali,JM Vince,LA Dawson,0,0,,,,,,bowled,Haider Ali,,
1354931,2022/23,2023-02-19,"National Stadium, Karachi",1,11.2,Karachi Kings,Lahore Qalandars,Shoaib Malik,JM Vince,LA Dawson,0,5,5,,,,,,,,
1354931,2022/23,2023-02-19,"National Stadium, Karachi",1,11.3,Karachi Kings,Lahore Qalandars,Shoaib Malik,JM Vince,LA Dawson,1,0,,,,,,,,,
1354931,2022/23,2023-02-19,"National Stadium, Karachi",1,11.4,Karachi Kings,Lahore Qalandars,JM Vince,Shoaib Malik,LA Dawson,1,0,,,,,,,,,
1354931,2022/23,2023-02-19,"National Stadium, Karachi",1,11.5,Karachi Kings,Lahore Qalandars,Shoaib Malik,JM Vince,LA Dawson,0,0,,,,,,,,,
1354931,2022/23,2023-02-19,"National Stadium, Karachi",1,11.6,Karachi Kings,Lahore Qalandars,Shoaib Malik,JM Vince,LA Dawson,6,0,,,,,,,,,
1354931,2022/23,2023-02-19,"National Stadium, Karachi",1,11.7,Karachi Kings,Lahore Qalandars,Shoaib Malik,JM Vince,LA Dawson,0,0,,,,,,,,,
1354931,2022/23,2023-02-19,"National Stadium, Karachi",1,12.1,Karachi Kings,Lahore Qalandars,JM Vince,Shoaib Malik,Haris Rauf,0,0,,,,,,,,,
1354931,2022/23,2023-02-19,"National Stadium, Karachi",1,12.2,Karachi Kings,Lahore Qalandars,JM Vince,Shoaib Malik,Haris Rauf,1,0,,,,,,,,,
1354931,2022/23,2023-02-19,"National Stadium, Karachi",1,12.3,Karachi Kings,Lahore Qalandars,Shoaib Malik,JM Vince,Haris Rauf,1,0,,,,,,,,,
1354931,2022/23,2023-02-19,"National Stadium, Karachi",1,12.4,Karachi Kings,Lahore Qalandars,JM Vince,Shoaib Malik,Haris Rauf,1,0,,,,,,,,,
1354931,2022/23,2023-02-19,"National Stadium, Karachi",1,12.5,Karachi Kings,Lahore Qalandars,Shoaib Malik,JM Vince,Haris Rauf,2,0,,,,,,,,,
1354931,2022/23,2023-02-19,"National Stadium, Karachi",1,12.6,Karachi Kings,Lahore Qalandars,Shoaib Malik,JM Vince,Haris Rauf,0,0,,,,,,caught,Shoaib Malik,,
1354931,2022/23,2023-02-19,"National Stadium, Karachi",1,13.1,Karachi Kings,Lahore Qalandars,JM Vince,Imad Wasim,Zaman Khan,4,0,,,,,,,,,
1354931,2022/23,2023-02-19,"National Stadium, Karachi",1,13.2,Karachi Kings,Lahore Qalandars,JM Vince,Imad Wasim,Zaman Khan,0,0,,,,,,bowled,JM Vince,,
1354931,2022/23,2023-02-19,"National Stadium, Karachi",1,13.3,Karachi Kings,Lahore Qalandars,BCJ Cutting,Imad Wasim,Zaman Khan,0,1,1,,,,,,,,
1354931,2022/23,2023-02-19,"National Stadium, Karachi",1,13.4,Karachi Kings,Lahore Qalandars,BCJ Cutting,Imad Wasim,Zaman Khan,1,0,,,,,,,,,
1354931,2022/23,2023-02-19,"National Stadium, Karachi",1,13.5,Karachi Kings,Lahore Qalandars,Imad Wasim,BCJ Cutting,Zaman Khan,0,0,,,,,,,,,
1354931,2022/23,2023-02-19,"National Stadium, Karachi",1,13.6,Karachi Kings,Lahore Qalandars,Imad Wasim,BCJ Cutting,Zaman Khan,1,0,,,,,,,,,
1354931,2022/23,2023-02-19,"National Stadium, Karachi",1,13.7,Karachi Kings,Lahore Qalandars,BCJ Cutting,Imad Wasim,Zaman Khan,0,0,,,,,,,,,
1354931,2022/23,2023-02-19,"National Stadium, Karachi",1,14.1,Karachi Kings,Lahore Qalandars,Imad Wasim,BCJ Cutting,Sikandar Raza,1,0,,,,,,,,,
1354931,2022/23,2023-02-19,"National Stadium, Karachi",1,14.2,Karachi Kings,Lahore Qalandars,BCJ Cutting,Imad Wasim,Sikandar Raza,0,0,,,,,,,,,
1354931,2022/23,2023-02-19,"National Stadium, Karachi",1,14.3,Karachi Kings,Lahore Qalandars,BCJ Cutting,Imad Wasim,Sikandar Raza,0,0,,,,,,,,,
1354931,2022/23,2023-02-19,"National Stadium, Karachi",1,14.4,Karachi Kings,Lahore Qalandars,BCJ Cutting,Imad Wasim,Sikandar Raza,0,0,,,,,,,,,
1354931,2022/23,2023-02-19,"National Stadium, Karachi",1,14.5,Karachi Kings,Lahore Qalandars,BCJ Cutting,Imad Wasim,Sikandar Raza,1,0,,,,,,,,,
1354931,2022/23,2023-02-19,"National Stadium, Karachi",1,14.6,Karachi Kings,Lahore Qalandars,Imad Wasim,BCJ Cutting,Sikandar Raza,1,0,,,,,,,,,
1354931,2022/23,2023-02-19,"National Stadium, Karachi",1,15.1,Karachi Kings,Lahore Qalandars,Imad Wasim,BCJ Cutting,Zaman Khan,1,0,,,,,,,,,
1354931,2022/23,2023-02-19,"National Stadium, Karachi",1,15.2,Karachi Kings,Lahore Qalandars,BCJ Cutting,Imad Wasim,Zaman Khan,1,0,,,,,,,,,
1354931,2022/23,2023-02-19,"National Stadium, Karachi",1,15.3,Karachi Kings,Lahore Qalandars,Imad Wasim,BCJ Cutting,Zaman Khan,4,0,,,,,,,,,
1354931,2022/23,2023-02-19,"National Stadium, Karachi",1,15.4,Karachi Kings,Lahore Qalandars,Imad Wasim,BCJ Cutting,Zaman Khan,0,0,,,,,,,,,
1354931,2022/23,2023-02-19,"National Stadium, Karachi",1,15.5,Karachi Kings,Lahore Qalandars,Imad Wasim,BCJ Cutting,Zaman Khan,1,0,,,,,,,,,
1354931,2022/23,2023-02-19,"National Stadium, Karachi",1,15.6,Karachi Kings,Lahore Qalandars,BCJ Cutting,Imad Wasim,Zaman Khan,4,0,,,,,,,,,
1354931,2022/23,2023-02-19,"National Stadium, Karachi",1,16.1,Karachi Kings,Lahore Qalandars,Imad Wasim,BCJ Cutting,Haris Rauf,6,0,,,,,,,,,
1354931,2022/23,2023-02-19,"National Stadium, Karachi",1,16.2,Karachi Kings,Lahore Qalandars,Imad Wasim,BCJ Cutting,Haris Rauf,1,0,,,,,,,,,
1354931,2022/23,2023-02-19,"National Stadium, Karachi",1,16.3,Karachi Kings,Lahore Qalandars,BCJ Cutting,Imad Wasim,Haris Rauf,1,0,,,,,,,,,
1354931,2022/23,2023-02-19,"National Stadium, Karachi",1,16.4,Karachi Kings,Lahore Qalandars,Imad Wasim,BCJ Cutting,Haris Rauf,1,0,,,,,,,,,
1354931,2022/23,2023-02-19,"National Stadium, Karachi",1,16.5,Karachi Kings,Lahore Qalandars,BCJ Cutting,Imad Wasim,Haris Rauf,0,0,,,,,,,,,
1354931,2022/23,2023-02-19,"National Stadium, Karachi",1,16.6,Karachi Kings,Lahore Qalandars,BCJ Cutting,Imad Wasim,Haris Rauf,1,0,,,,,,,,,
1354931,2022/23,2023-02-19,"National Stadium, Karachi",1,17.1,Karachi Kings,Lahore Qalandars,BCJ Cutting,Imad Wasim,Shaheen Shah Afridi,0,0,,,,,,,,,
1354931,2022/23,2023-02-19,"National Stadium, Karachi",1,17.2,Karachi Kings,Lahore Qalandars,BCJ Cutting,Imad Wasim,Shaheen Shah Afridi,0,1,,,,1,,,,,
1354931,2022/23,2023-02-19,"National Stadium, Karachi",1,17.3,Karachi Kings,Lahore Qalandars,Imad Wasim,BCJ Cutting,Shaheen Shah Afridi,2,0,,,,,,,,,
1354931,2022/23,2023-02-19,"National Stadium, Karachi",1,17.4,Karachi Kings,Lahore Qalandars,Imad Wasim,BCJ Cutting,Shaheen Shah Afridi,6,0,,,,,,,,,
1354931,2022/23,2023-02-19,"National Stadium, Karachi",1,17.5,Karachi Kings,Lahore Qalandars,Imad Wasim,BCJ Cutting,Shaheen Shah Afridi,1,0,,,,,,,,,
1354931,2022/23,2023-02-19,"National Stadium, Karachi",1,17.6,Karachi Kings,Lahore Qalandars,BCJ Cutting,Imad Wasim,Shaheen Shah Afridi,6,0,,,,,,,,,
1354931,2022/23,2023-02-19,"National Stadium, Karachi",1,18.1,Karachi Kings,Lahore Qalandars,Imad Wasim,BCJ Cutting,Haris Rauf,1,0,,,,,,,,,
1354931,2022/23,2023-02-19,"National Stadium, Karachi",1,18.2,Karachi Kings,Lahore Qalandars,BCJ Cutting,Imad Wasim,Haris Rauf,1,0,,,,,,,,,
1354931,2022/23,2023-02-19,"National Stadium, Karachi",1,18.3,Karachi Kings,Lahore Qalandars,Imad Wasim,BCJ Cutting,Haris Rauf,1,0,,,,,,,,,
1354931,2022/23,2023-02-19,"National Stadium, Karachi",1,18.4,Karachi Kings,Lahore Qalandars,BCJ Cutting,Imad Wasim,Haris Rauf,0,1,1,,,,,,,,
1354931,2022/23,2023-02-19,"National Stadium, Karachi",1,18.5,Karachi Kings,Lahore Qalandars,BCJ Cutting,Imad Wasim,Haris Rauf,0,0,,,,,,,,,
1354931,2022/23,2023-02-19,"National Stadium, Karachi",1,18.6,Karachi Kings,Lahore Qalandars,BCJ Cutting,Imad Wasim,Haris Rauf,4,0,,,,,,,,,
1354931,2022/23,2023-02-19,"National Stadium, Karachi",1,18.7,Karachi Kings,Lahore Qalandars,BCJ Cutting,Imad Wasim,Haris Rauf,0,1,,,,1,,,,,
1354931,2022/23,2023-02-19,"National Stadium, Karachi",1,19.1,Karachi Kings,Lahore Qalandars,BCJ Cutting,Imad Wasim,Shaheen Shah Afridi,0,0,,,,,,bowled,BCJ Cutting,,
1354931,2022/23,2023-02-19,"National Stadium, Karachi",1,19.2,Karachi Kings,Lahore Qalandars,Irfan Khan,Imad Wasim,Shaheen Shah Afridi,1,0,,,,,,,,,
1354931,2022/23,2023-02-19,"National Stadium, Karachi",1,19.3,Karachi Kings,Lahore Qalandars,Imad Wasim,Irfan Khan,Shaheen Shah Afridi,2,0,,,,,,,,,
1354931,2022/23,2023-02-19,"National Stadium, Karachi",1,19.4,Karachi Kings,Lahore Qalandars,Imad Wasim,Irfan Khan,Shaheen Shah Afridi,1,0,,,,,,,,,
1354931,2022/23,2023-02-19,"National Stadium, Karachi",1,19.5,Karachi Kings,Lahore Qalandars,Irfan Khan,Imad Wasim,Shaheen Shah Afridi,0,1,,,1,,,,,,
1354931,2022/23,2023-02-19,"National Stadium, Karachi",1,19.6,Karachi Kings,Lahore Qalandars,Imad Wasim,Irfan Khan,Shaheen Shah Afridi,4,0,,,,,,,,,
1354931,2022/23,2023-02-19,"National Stadium, Karachi",2,0.1,Lahore Qalandars,Karachi Kings,Fakhar Zaman,Mirza Baig,Imad Wasim,1,0,,,,,,,,,
1354931,2022/23,2023-02-19,"National Stadium, Karachi",2,0.2,Lahore Qalandars,Karachi Kings,Mirza Baig,Fakhar Zaman,Imad Wasim,0,0,,,,,,,,,
1354931,2022/23,2023-02-19,"National Stadium, Karachi",2,0.3,Lahore Qalandars,Karachi Kings,Mirza Baig,Fakhar Zaman,Imad Wasim,0,0,,,,,,,,,
1354931,2022/23,2023-02-19,"National Stadium, Karachi",2,0.4,Lahore Qalandars,Karachi Kings,Mirza Baig,Fakhar Zaman,Imad Wasim,1,0,,,,,,,,,
1354931,2022/23,2023-02-19,"National Stadium, Karachi",2,0.5,Lahore Qalandars,Karachi Kings,Fakhar Zaman,Mirza Baig,Imad Wasim,1,0,,,,,,,,,
1354931,2022/23,2023-02-19,"National Stadium, Karachi",2,0.6,Lahore Qalandars,Karachi Kings,Mirza Baig,Fakhar Zaman,Imad Wasim,4,0,,,,,,,,,
1354931,2022/23,2023-02-19,"National Stadium, Karachi",2,1.1,Lahore Qalandars,Karachi Kings,Fakhar Zaman,Mirza Baig,Akif Javed,0,0,,,,,,,,,
1354931,2022/23,2023-02-19,"National Stadium, Karachi",2,1.2,Lahore Qalandars,Karachi Kings,Fakhar Zaman,Mirza Baig,Akif Javed,4,0,,,,,,,,,
1354931,2022/23,2023-02-19,"National Stadium, Karachi",2,1.3,Lahore Qalandars,Karachi Kings,Fakhar Zaman,Mirza Baig,Akif Javed,1,0,,,,,,,,,
1354931,2022/23,2023-02-19,"National Stadium, Karachi",2,1.4,Lahore Qalandars,Karachi Kings,Mirza Baig,Fakhar Zaman,Akif Javed,6,0,,,,,,,,,
1354931,2022/23,2023-02-19,"National Stadium, Karachi",2,1.5,Lahore Qalandars,Karachi Kings,Mirza Baig,Fakhar Zaman,Akif Javed,0,0,,,,,,,,,
1354931,2022/23,2023-02-19,"National Stadium, Karachi",2,1.6,Lahore Qalandars,Karachi Kings,Mirza Baig,Fakhar Zaman,Akif Javed,6,0,,,,,,,,,
1354931,2022/23,2023-02-19,"National Stadium, Karachi",2,2.1,Lahore Qalandars,Karachi Kings,Fakhar Zaman,Mirza Baig,Aamer Yamin,1,0,,,,,,,,,
1354931,2022/23,2023-02-19,"National Stadium, Karachi",2,2.2,Lahore Qalandars,Karachi Kings,Mirza Baig,Fakhar Zaman,Aamer Yamin,0,0,,,,,,,,,
1354931,2022/23,2023-02-19,"National Stadium, Karachi",2,2.3,Lahore Qalandars,Karachi Kings,Mirza Baig,Fakhar Zaman,Aamer Yamin,4,0,,,,,,,,,
1354931,2022/23,2023-02-19,"National Stadium, Karachi",2,2.4,Lahore Qalandars,Karachi Kings,Mirza Baig,Fakhar Zaman,Aamer Yamin,1,0,,,,,,,,,
1354931,2022/23,2023-02-19,"National Stadium, Karachi",2,2.5,Lahore Qalandars,Karachi Kings,Fakhar Zaman,Mirza Baig,Aamer Yamin,0,1,,,,1,,,,,
1354931,2022/23,2023-02-19,"National Stadium, Karachi",2,2.6,Lahore Qalandars,Karachi Kings,Mirza Baig,Fakhar Zaman,Aamer Yamin,0,0,,,,,,,,,
1354931,2022/23,2023-02-19,"National Stadium, Karachi",2,3.1,Lahore Qalandars,Karachi Kings,Fakhar Zaman,Mirza Baig,Mohammad Amir,1,0,,,,,,,,,
1354931,2022/23,2023-02-19,"National Stadium, Karachi",2,3.2,Lahore Qalandars,Karachi Kings,Mirza Baig,Fakhar Zaman,Mohammad Amir,0,0,,,,,,,,,
1354931,2022/23,2023-02-19,"National Stadium, Karachi",2,3.3,Lahore Qalandars,Karachi Kings,Mirza Baig,Fakhar Zaman,Mohammad Amir,1,0,,,,,,,,,
1354931,2022/23,2023-02-19,"National Stadium, Karachi",2,3.4,Lahore Qalandars,Karachi Kings,Fakhar Zaman,Mirza Baig,Mohammad Amir,4,0,,,,,,,,,
1354931,2022/23,2023-02-19,"National Stadium, Karachi",2,3.5,Lahore Qalandars,Karachi Kings,Fakhar Zaman,Mirza Baig,Mohammad Amir,0,0,,,,,,,,,
1354931,2022/23,2023-02-19,"National Stadium, Karachi",2,3.6,Lahore Qalandars,Karachi Kings,Fakhar Zaman,Mirza Baig,Mohammad Amir,2,0,,,,,,,,,
1354931,2022/23,2023-02-19,"National Stadium, Karachi",2,4.1,Lahore Qalandars,Karachi Kings,Mirza Baig,Fakhar Zaman,Aamer Yamin,1,0,,,,,,,,,
1354931,2022/23,2023-02-19,"National Stadium, Karachi",2,4.2,Lahore Qalandars,Karachi Kings,Fakhar Zaman,Mirza Baig,Aamer Yamin,0,0,,,,,,bowled,Fakhar Zaman,,
1354931,2022/23,2023-02-19,"National Stadium, Karachi",2,4.3,Lahore Qalandars,Karachi Kings,SD Hope,Mirza Baig,Aamer Yamin,1,0,,,,,,,,,
1354931,2022/23,2023-02-19,"National Stadium, Karachi",2,4.4,Lahore Qalandars,Karachi Kings,Mirza Baig,SD Hope,Aamer Yamin,0,0,,,,,,,,,
1354931,2022/23,2023-02-19,"National Stadium, Karachi",2,4.5,Lahore Qalandars,Karachi Kings,Mirza Baig,SD Hope,Aamer Yamin,2,0,,,,,,,,,
1354931,2022/23,2023-02-19,"National Stadium, Karachi",2,4.6,Lahore Qalandars,Karachi Kings,Mirza Baig,SD Hope,Aamer Yamin,1,0,,,,,,,,,
1354931,2022/23,2023-02-19,"National Stadium, Karachi",2,5.1,Lahore Qalandars,Karachi Kings,Mirza Baig,SD Hope,Mohammad Amir,0,0,,,,,,,,,
1354931,2022/23,2023-02-19,"National Stadium, Karachi",2,5.2,Lahore Qalandars,Karachi Kings,Mirza Baig,SD Hope,Mohammad Amir,1,0,,,,,,,,,
1354931,2022/23,2023-02-19,"National Stadium, Karachi",2,5.3,Lahore Qalandars,Karachi Kings,SD Hope,Mirza Baig,Mohammad Amir,0,0,,,,,,caught,SD Hope,,
1354931,2022/23,2023-02-19,"National Stadium, Karachi",2,5.4,Lahore Qalandars,Karachi Kings,Kamran Ghulam,Mirza Baig,Mohammad Amir,1,0,,,,,,,,,
1354931,2022/23,2023-02-19,"National Stadium, Karachi",2,5.5,Lahore Qalandars,Karachi Kings,Mirza Baig,Kamran Ghulam,Mohammad Amir,0,1,1,,,,,,,,
1354931,2022/23,2023-02-19,"National Stadium, Karachi",2,5.6,Lahore Qalandars,Karachi Kings,Mirza Baig,Kamran Ghulam,Mohammad Amir,0,0,,,,,,,,,
1354931,2022/23,2023-02-19,"National Stadium, Karachi",2,5.7,Lahore Qalandars,Karachi Kings,Mirza Baig,Kamran Ghulam,Mohammad Amir,0,0,,,,,,,,,
1354931,2022/23,2023-02-19,"National Stadium, Karachi",2,6.1,Lahore Qalandars,Karachi Kings,Kamran Ghulam,Mirza Baig,Imad Wasim,0,0,,,,,,,,,
1354931,2022/23,2023-02-19,"National Stadium, Karachi",2,6.2,Lahore Qalandars,Karachi Kings,Kamran Ghulam,Mirza Baig,Imad Wasim,1,0,,,,,,,,,
1354931,2022/23,2023-02-19,"National Stadium, Karachi",2,6.3,Lahore Qalandars,Karachi Kings,Mirza Baig,Kamran Ghulam,Imad Wasim,1,0,,,,,,,,,
1354931,2022/23,2023-02-19,"National Stadium, Karachi",2,6.4,Lahore Qalandars,Karachi Kings,Kamran Ghulam,Mirza Baig,Imad Wasim,0,0,,,,,,,,,
1354931,2022/23,2023-02-19,"National Stadium, Karachi",2,6.5,Lahore Qalandars,Karachi Kings,Kamran Ghulam,Mirza Baig,Imad Wasim,1,0,,,,,,,,,
1354931,2022/23,2023-02-19,"National Stadium, Karachi",2,6.6,Lahore Qalandars,Karachi Kings,Mirza Baig,Kamran Ghulam,Imad Wasim,0,0,,,,,,,,,
1354931,2022/23,2023-02-19,"National Stadium, Karachi",2,7.1,Lahore Qalandars,Karachi Kings,Kamran Ghulam,Mirza Baig,Imran Tahir,1,0,,,,,,,,,
1354931,2022/23,2023-02-19,"National Stadium, Karachi",2,7.2,Lahore Qalandars,Karachi Kings,Mirza Baig,Kamran Ghulam,Imran Tahir,1,0,,,,,,,,,
1354931,2022/23,2023-02-19,"National Stadium, Karachi",2,7.3,Lahore Qalandars,Karachi Kings,Kamran Ghulam,Mirza Baig,Imran Tahir,1,0,,,,,,,,,
1354931,2022/23,2023-02-19,"National Stadium, Karachi",2,7.4,Lahore Qalandars,Karachi Kings,Mirza Baig,Kamran Ghulam,Imran Tahir,1,0,,,,,,,,,
1354931,2022/23,2023-02-19,"National Stadium, Karachi",2,7.5,Lahore Qalandars,Karachi Kings,Kamran Ghulam,Mirza Baig,Imran Tahir,1,0,,,,,,,,,
1354931,2022/23,2023-02-19,"National Stadium, Karachi",2,7.6,Lahore Qalandars,Karachi Kings,Mirza Baig,Kamran Ghulam,Imran Tahir,1,0,,,,,,,,,
1354931,2022/23,2023-02-19,"National Stadium, Karachi",2,8.1,Lahore Qalandars,Karachi Kings,Mirza Baig,Kamran Ghulam,Imad Wasim,4,0,,,,,,,,,
1354931,2022/23,2023-02-19,"National Stadium, Karachi",2,8.2,Lahore Qalandars,Karachi Kings,Mirza Baig,Kamran Ghulam,Imad Wasim,1,0,,,,,,,,,
1354931,2022/23,2023-02-19,"National Stadium, Karachi",2,8.3,Lahore Qalandars,Karachi Kings,Kamran Ghulam,Mirza Baig,Imad Wasim,4,0,,,,,,,,,
1354931,2022/23,2023-02-19,"National Stadium, Karachi",2,8.4,Lahore Qalandars,Karachi Kings,Kamran Ghulam,Mirza Baig,Imad Wasim,0,0,,,,,,,,,
1354931,2022/23,2023-02-19,"National Stadium, Karachi",2,8.5,Lahore Qalandars,Karachi Kings,Kamran Ghulam,Mirza Baig,Imad Wasim,1,0,,,,,,,,,
1354931,2022/23,2023-02-19,"National Stadium, Karachi",2,8.6,Lahore Qalandars,Karachi Kings,Mirza Baig,Kamran Ghulam,Imad Wasim,0,0,,,,,,,,,
1354931,2022/23,2023-02-19,"National Stadium, Karachi",2,9.1,Lahore Qalandars,Karachi Kings,Kamran Ghulam,Mirza Baig,Imran Tahir,1,0,,,,,,,,,
1354931,2022/23,2023-02-19,"National Stadium, Karachi",2,9.2,Lahore Qalandars,Karachi Kings,Mirza Baig,Kamran Ghulam,Imran Tahir,0,0,,,,,,,,,
1354931,2022/23,2023-02-19,"National Stadium, Karachi",2,9.3,Lahore Qalandars,Karachi Kings,Mirza Baig,Kamran Ghulam,Imran Tahir,1,0,,,,,,,,,
1354931,2022/23,2023-02-19,"National Stadium, Karachi",2,9.4,Lahore Qalandars,Karachi Kings,Kamran Ghulam,Mirza Baig,Imran Tahir,1,0,,,,,,,,,
1354931,2022/23,2023-02-19,"National Stadium, Karachi",2,9.5,Lahore Qalandars,Karachi Kings,Mirza Baig,Kamran Ghulam,Imran Tahir,1,0,,,,,,,,,
1354931,2022/23,2023-02-19,"National Stadium, Karachi",2,9.6,Lahore Qalandars,Karachi Kings,Kamran Ghulam,Mirza Baig,Imran Tahir,0,0,,,,,,,,,
1354931,2022/23,2023-02-19,"National Stadium, Karachi",2,10.1,Lahore Qalandars,Karachi Kings,Mirza Baig,Kamran Ghulam,Akif Javed,1,0,,,,,,,,,
1354931,2022/23,2023-02-19,"National Stadium, Karachi",2,10.2,Lahore Qalandars,Karachi Kings,Kamran Ghulam,Mirza Baig,Akif Javed,0,0,,,,,,,,,
1354931,2022/23,2023-02-19,"National Stadium, Karachi",2,10.3,Lahore Qalandars,Karachi Kings,Kamran Ghulam,Mirza Baig,Akif Javed,1,0,,,,,,,,,
1354931,2022/23,2023-02-19,"National Stadium, Karachi",2,10.4,Lahore Qalandars,Karachi Kings,Mirza Baig,Kamran Ghulam,Akif Javed,2,0,,,,,,,,,
1354931,2022/23,2023-02-19,"National Stadium, Karachi",2,10.5,Lahore Qalandars,Karachi Kings,Mirza Baig,Kamran Ghulam,Akif Javed,1,0,,,,,,,,,
1354931,2022/23,2023-02-19,"National Stadium, Karachi",2,10.6,Lahore Qalandars,Karachi Kings,Kamran Ghulam,Mirza Baig,Akif Javed,4,0,,,,,,,,,
1354931,2022/23,2023-02-19,"National Stadium, Karachi",2,11.1,Lahore Qalandars,Karachi Kings,Mirza Baig,Kamran Ghulam,Imran Tahir,1,0,,,,,,,,,
1354931,2022/23,2023-02-19,"National Stadium, Karachi",2,11.2,Lahore Qalandars,Karachi Kings,Kamran Ghulam,Mirza Baig,Imran Tahir,0,0,,,,,,,,,
1354931,2022/23,2023-02-19,"National Stadium, Karachi",2,11.3,Lahore Qalandars,Karachi Kings,Kamran Ghulam,Mirza Baig,Imran Tahir,4,0,,,,,,,,,
1354931,2022/23,2023-02-19,"National Stadium, Karachi",2,11.4,Lahore Qalandars,Karachi Kings,Kamran Ghulam,Mirza Baig,Imran Tahir,1,0,,,,,,,,,
1354931,2022/23,2023-02-19,"National Stadium, Karachi",2,11.5,Lahore Qalandars,Karachi Kings,Mirza Baig,Kamran Ghulam,Imran Tahir,1,0,,,,,,,,,
1354931,2022/23,2023-02-19,"National Stadium, Karachi",2,11.6,Lahore Qalandars,Karachi Kings,Kamran Ghulam,Mirza Baig,Imran Tahir,0,0,,,,,,,,,
1354931,2022/23,2023-02-19,"National Stadium, Karachi",2,12.1,Lahore Qalandars,Karachi Kings,Mirza Baig,Kamran Ghulam,Akif Javed,0,0,,,,,,,,,
1354931,2022/23,2023-02-19,"National Stadium, Karachi",2,12.2,Lahore Qalandars,Karachi Kings,Mirza Baig,Kamran Ghulam,Akif Javed,0,0,,,,,,caught,Mirza Baig,,
1354931,2022/23,2023-02-19,"National Stadium, Karachi",2,12.3,Lahore Qalandars,Karachi Kings,Hussain Talat,Kamran Ghulam,Akif Javed,1,0,,,,,,,,,
1354931,2022/23,2023-02-19,"National Stadium, Karachi",2,12.4,Lahore Qalandars,Karachi Kings,Kamran Ghulam,Hussain Talat,Akif Javed,0,0,,,,,,caught,Kamran Ghulam,,
1354931,2022/23,2023-02-19,"National Stadium, Karachi",2,12.5,Lahore Qalandars,Karachi Kings,Sikandar Raza,Hussain Talat,Akif Javed,0,0,,,,,,,,,
1354931,2022/23,2023-02-19,"National Stadium, Karachi",2,12.6,Lahore Qalandars,Karachi Kings,Sikandar Raza,Hussain Talat,Akif Javed,1,0,,,,,,,,,
1354931,2022/23,2023-02-19,"National Stadium, Karachi",2,13.1,Lahore Qalandars,Karachi Kings,Sikandar Raza,Hussain Talat,Imad Wasim,1,0,,,,,,,,,
1354931,2022/23,2023-02-19,"National Stadium, Karachi",2,13.2,Lahore Qalandars,Karachi Kings,Hussain Talat,Sikandar Raza,Imad Wasim,0,0,,,,,,,,,
1354931,2022/23,2023-02-19,"National Stadium, Karachi",2,13.3,Lahore Qalandars,Karachi Kings,Hussain Talat,Sikandar Raza,Imad Wasim,1,0,,,,,,,,,
1354931,2022/23,2023-02-19,"National Stadium, Karachi",2,13.4,Lahore Qalandars,Karachi Kings,Sikandar Raza,Hussain Talat,Imad Wasim,1,0,,,,,,,,,
1354931,2022/23,2023-02-19,"National Stadium, Karachi",2,13.5,Lahore Qalandars,Karachi Kings,Hussain Talat,Sikandar Raza,Imad Wasim,0,0,,,,,,stumped,Hussain Talat,,
1354931,2022/23,2023-02-19,"National Stadium, Karachi",2,13.6,Lahore Qalandars,Karachi Kings,D Wiese,Sikandar Raza,Imad Wasim,0,0,,,,,,,,,
1354931,2022/23,2023-02-19,"National Stadium, Karachi",2,14.1,Lahore Qalandars,Karachi Kings,Sikandar Raza,D Wiese,Imran Tahir,1,0,,,,,,,,,
1354931,2022/23,2023-02-19,"National Stadium, Karachi",2,14.2,Lahore Qalandars,Karachi Kings,D Wiese,Sikandar Raza,Imran Tahir,1,0,,,,,,,,,
1354931,2022/23,2023-02-19,"National Stadium, Karachi",2,14.3,Lahore Qalandars,Karachi Kings,Sikandar Raza,D Wiese,Imran Tahir,1,0,,,,,,,,,
1354931,2022/23,2023-02-19,"National Stadium, Karachi",2,14.4,Lahore Qalandars,Karachi Kings,D Wiese,Sikandar Raza,Imran Tahir,1,0,,,,,,,,,
1354931,2022/23,2023-02-19,"National Stadium, Karachi",2,14.5,Lahore Qalandars,Karachi Kings,Sikandar Raza,D Wiese,Imran Tahir,1,0,,,,,,,,,
1354931,2022/23,2023-02-19,"National Stadium, Karachi",2,14.6,Lahore Qalandars,Karachi Kings,D Wiese,Sikandar Raza,Imran Tahir,1,0,,,,,,,,,
1354931,2022/23,2023-02-19,"National Stadium, Karachi",2,15.1,Lahore Qalandars,Karachi Kings,D Wiese,Sikandar Raza,Mohammad Amir,0,1,1,,,,,,,,
1354931,2022/23,2023-02-19,"National Stadium, Karachi",2,15.2,Lahore Qalandars,Karachi Kings,D Wiese,Sikandar Raza,Aamer Yamin,0,0,,,,,,,,,
1354931,2022/23,2023-02-19,"National Stadium, Karachi",2,15.3,Lahore Qalandars,Karachi Kings,D Wiese,Sikandar Raza,Aamer Yamin,2,0,,,,,,,,,
1354931,2022/23,2023-02-19,"National Stadium, Karachi",2,15.4,Lahore Qalandars,Karachi Kings,D Wiese,Sikandar Raza,Aamer Yamin,4,0,,,,,,,,,
1354931,2022/23,2023-02-19,"National Stadium, Karachi",2,15.5,Lahore Qalandars,Karachi Kings,D Wiese,Sikandar Raza,Aamer Yamin,0,1,,,,1,,,,,
1354931,2022/23,2023-02-19,"National Stadium, Karachi",2,15.6,Lahore Qalandars,Karachi Kings,Sikandar Raza,D Wiese,Aamer Yamin,1,0,,,,,,,,,
1354931,2022/23,2023-02-19,"National Stadium, Karachi",2,15.7,Lahore Qalandars,Karachi Kings,D Wiese,Sikandar Raza,Aamer Yamin,0,0,,,,,,caught,D Wiese,,
1354931,2022/23,2023-02-19,"National Stadium, Karachi",2,16.1,Lahore Qalandars,Karachi Kings,Sikandar Raza,LA Dawson,BCJ Cutting,1,0,,,,,,,,,
1354931,2022/23,2023-02-19,"National Stadium, Karachi",2,16.2,Lahore Qalandars,Karachi Kings,LA Dawson,Sikandar Raza,BCJ Cutting,1,0,,,,,,,,,
1354931,2022/23,2023-02-19,"National Stadium, Karachi",2,16.3,Lahore Qalandars,Karachi Kings,Sikandar Raza,LA Dawson,BCJ Cutting,6,0,,,,,,,,,
1354931,2022/23,2023-02-19,"National Stadium, Karachi",2,16.4,Lahore Qalandars,Karachi Kings,Sikandar Raza,LA Dawson,BCJ Cutting,4,0,,,,,,,,,
1354931,2022/23,2023-02-19,"National Stadium, Karachi",2,16.5,Lahore Qalandars,Karachi Kings,Sikandar Raza,LA Dawson,BCJ Cutting,0,0,,,,,,caught,Sikandar Raza,,
1354931,2022/23,2023-02-19,"National Stadium, Karachi",2,16.6,Lahore Qalandars,Karachi Kings,Shaheen Shah Afridi,LA Dawson,BCJ Cutting,0,0,,,,,,caught,Shaheen Shah Afridi,,
1354931,2022/23,2023-02-19,"National Stadium, Karachi",2,17.1,Lahore Qalandars,Karachi Kings,LA Dawson,Haris Rauf,Akif Javed,0,0,,,,,,caught,LA Dawson,,
1354931,2022/23,2023-02-19,"National Stadium, Karachi",2,17.2,Lahore Qalandars,Karachi Kings,Zaman Khan,Haris Rauf,Akif Javed,0,0,,,,,,,,,
1354931,2022/23,2023-02-19,"National Stadium, Karachi",2,17.3,Lahore Qalandars,Karachi Kings,Zaman Khan,Haris Rauf,Akif Javed,0,0,,,,,,caught,Zaman Khan,,
