match_id,season,start_date,venue,innings,ball,batting_team,bowling_team,striker,non_striker,bowler,runs_off_bat,extras,wides,noballs,byes,legbyes,penalty,wicket_type,player_dismissed,other_wicket_type,other_player_dismissed
959191,2015/16,2016-02-10,Sharjah Cricket Stadium,1,0.1,Lahore Qalandars,Islamabad United,Azhar Ali,CS Delport,AD Russell,0,1,,,,1,,,,,
959191,2015/16,2016-02-10,Sharjah Cricket Stadium,1,0.2,Lahore Qalandars,Islamabad United,CS Delport,Azhar Ali,AD Russell,1,0,,,,,,,,,
959191,2015/16,2016-02-10,Sharjah Cricket Stadium,1,0.3,Lahore Qalandars,Islamabad United,Azhar Ali,CS Delport,AD Russell,0,0,,,,,,,,,
959191,2015/16,2016-02-10,Sharjah Cricket Stadium,1,0.4,Lahore Qalandars,Islamabad United,Azhar Ali,CS Delport,AD Russell,0,0,,,,,,,,,
959191,2015/16,2016-02-10,Sharjah Cricket Stadium,1,0.5,Lahore Qalandars,Islamabad United,Azhar Ali,CS Delport,AD Russell,4,0,,,,,,,,,
959191,2015/16,2016-02-10,Sharjah Cricket Stadium,1,0.6,Lahore Qalandars,Islamabad United,Azhar Ali,CS Delport,AD Russell,0,0,,,,,,,,,
959191,2015/16,2016-02-10,Sharjah Cricket Stadium,1,1.1,Lahore Qalandars,Islamabad United,CS Delport,Azhar Ali,SR Watson,1,0,,,,,,,,,
959191,2015/16,2016-02-10,Sharjah Cricket Stadium,1,1.2,Lahore Qalandars,Islamabad United,Azhar Ali,CS Delport,SR Watson,4,0,,,,,,,,,
959191,2015/16,2016-02-10,Sharjah Cricket Stadium,1,1.3,Lahore Qalandars,Islamabad United,Azhar Ali,CS Delport,SR Watson,2,0,,,,,,,,,
959191,2015/16,2016-02-10,Sharjah Cricket Stadium,1,1.4,Lahore Qalandars,Islamabad United,Azhar Ali,CS Delport,SR Watson,4,0,,,,,,,,,
959191,2015/16,2016-02-10,Sharjah Cricket Stadium,1,1.5,Lahore Qalandars,Islamabad United,Azhar Ali,CS Delport,SR Watson,1,0,,,,,,,,,
959191,2015/16,2016-02-10,Sharjah Cricket Stadium,1,1.6,Lahore Qalandars,Islamabad United,CS Delport,Azhar Ali,SR Watson,0,1,1,,,,,,,,
959191,2015/16,2016-02-10,Sharjah Cricket Stadium,1,1.7,Lahore Qalandars,Islamabad United,CS Delport,Azhar Ali,SR Watson,1,0,,,,,,,,,
959191,2015/16,2016-02-10,Sharjah Cricket Stadium,1,2.1,Lahore Qalandars,Islamabad United,CS Delport,Azhar Ali,Mohammad Sami,0,0,,,,,,bowled,CS Delport,,
959191,2015/16,2016-02-10,Sharjah Cricket Stadium,1,2.2,Lahore Qalandars,Islamabad United,Naved Yasin,Azhar Ali,Mohammad Sami,0,0,,,,,,,,,
959191,2015/16,2016-02-10,Sharjah Cricket Stadium,1,2.3,Lahore Qalandars,Islamabad United,Naved Yasin,Azhar Ali,Mohammad Sami,4,0,,,,,,,,,
959191,2015/16,2016-02-10,Sharjah Cricket Stadium,1,2.4,Lahore Qalandars,Islamabad United,Naved Yasin,Azhar Ali,Mohammad Sami,0,0,,,,,,,,,
959191,2015/16,2016-02-10,Sharjah Cricket Stadium,1,2.5,Lahore Qalandars,Islamabad United,Naved Yasin,Azhar Ali,Mohammad Sami,0,0,,,,,,,,,
959191,2015/16,2016-02-10,Sharjah Cricket Stadium,1,2.6,Lahore Qalandars,Islamabad United,Naved Yasin,Azhar Ali,Mohammad Sami,0,0,,,,,,,,,
959191,2015/16,2016-02-10,Sharjah Cricket Stadium,1,3.1,Lahore Qalandars,Islamabad United,Azhar Ali,Naved Yasin,Rumman Raees,1,0,,,,,,,,,
959191,2015/16,2016-02-10,Sharjah Cricket Stadium,1,3.2,Lahore Qalandars,Islamabad United,Naved Yasin,Azhar Ali,Rumman Raees,0,1,,,,1,,,,,
959191,2015/16,2016-02-10,Sharjah Cricket Stadium,1,3.3,Lahore Qalandars,Islamabad United,Azhar Ali,Naved Yasin,Rumman Raees,1,0,,,,,,,,,
959191,2015/16,2016-02-10,Sharjah Cricket Stadium,1,3.4,Lahore Qalandars,Islamabad United,Naved Yasin,Azhar Ali,Rumman Raees,0,0,,,,,,,,,
959191,2015/16,2016-02-10,Sharjah Cricket Stadium,1,3.5,Lahore Qalandars,Islamabad United,Naved Yasin,Azhar Ali,Rumman Raees,1,0,,,,,,,,,
959191,2015/16,2016-02-10,Sharjah Cricket Stadium,1,3.6,Lahore Qalandars,Islamabad United,Azhar Ali,Naved Yasin,Rumman Raees,0,0,,,,,,,,,
959191,2015/16,2016-02-10,Sharjah Cricket Stadium,1,4.1,Lahore Qalandars,Islamabad United,Naved Yasin,Azhar Ali,AD Russell,0,0,,,,,,,,,
959191,2015/16,2016-02-10,Sharjah Cricket Stadium,1,4.2,Lahore Qalandars,Islamabad United,Naved Yasin,Azhar Ali,AD Russell,6,0,,,,,,,,,
959191,2015/16,2016-02-10,Sharjah Cricket Stadium,1,4.3,Lahore Qalandars,Islamabad United,Naved Yasin,Azhar Ali,AD Russell,0,0,,,,,,,,,
959191,2015/16,2016-02-10,Sharjah Cricket Stadium,1,4.4,Lahore Qalandars,Islamabad United,Naved Yasin,Azhar Ali,AD Russell,0,0,,,,,,,,,
959191,2015/16,2016-02-10,Sharjah Cricket Stadium,1,4.5,Lahore Qalandars,Islamabad United,Naved Yasin,Azhar Ali,AD Russell,2,0,,,,,,,,,
959191,2015/16,2016-02-10,Sharjah Cricket Stadium,1,4.6,Lahore Qalandars,Islamabad United,Naved Yasin,Azhar Ali,AD Russell,0,0,,,,,,,,,
959191,2015/16,2016-02-10,Sharjah Cricket Stadium,1,5.1,Lahore Qalandars,Islamabad United,Azhar Ali,Naved Yasin,Mohammad Sami,4,0,,,,,,,,,
959191,2015/16,2016-02-10,Sharjah Cricket Stadium,1,5.2,Lahore Qalandars,Islamabad United,Azhar Ali,Naved Yasin,Mohammad Sami,0,0,,,,,,,,,
959191,2015/16,2016-02-10,Sharjah Cricket Stadium,1,5.3,Lahore Qalandars,Islamabad United,Azhar Ali,Naved Yasin,Mohammad Sami,0,0,,,,,,,,,
959191,2015/16,2016-02-10,Sharjah Cricket Stadium,1,5.4,Lahore Qalandars,Islamabad United,Azhar Ali,Naved Yasin,Mohammad Sami,2,0,,,,,,,,,
959191,2015/16,2016-02-10,Sharjah Cricket Stadium,1,5.5,Lahore Qalandars,Islamabad United,Azhar Ali,Naved Yasin,Mohammad Sami,4,0,,,,,,,,,
959191,2015/16,2016-02-10,Sharjah Cricket Stadium,1,5.6,Lahore Qalandars,Islamabad United,Azhar Ali,Naved Yasin,Mohammad Sami,0,0,,,,,,lbw,Azhar Ali,,
959191,2015/16,2016-02-10,Sharjah Cricket Stadium,1,6.1,Lahore Qalandars,Islamabad United,Naved Yasin,Umar Akmal,Imran Khalid,1,0,,,,,,,,,
959191,2015/16,2016-02-10,Sharjah Cricket Stadium,1,6.2,Lahore Qalandars,Islamabad United,Umar Akmal,Naved Yasin,Imran Khalid,1,0,,,,,,,,,
959191,2015/16,2016-02-10,Sharjah Cricket Stadium,1,6.3,Lahore Qalandars,Islamabad United,Naved Yasin,Umar Akmal,Imran Khalid,0,1,1,,,,,,,,
959191,2015/16,2016-02-10,Sharjah Cricket Stadium,1,6.4,Lahore Qalandars,Islamabad United,Naved Yasin,Umar Akmal,Imran Khalid,1,0,,,,,,,,,
959191,2015/16,2016-02-10,Sharjah Cricket Stadium,1,6.5,Lahore Qalandars,Islamabad United,Umar Akmal,Naved Yasin,Imran Khalid,0,5,5,,,,,,,,
959191,2015/16,2016-02-10,Sharjah Cricket Stadium,1,6.6,Lahore Qalandars,Islamabad United,Umar Akmal,Naved Yasin,Imran Khalid,0,0,,,,,,,,,
959191,2015/16,2016-02-10,Sharjah Cricket Stadium,1,6.7,Lahore Qalandars,Islamabad United,Umar Akmal,Naved Yasin,Imran Khalid,0,0,,,,,,,,,
959191,2015/16,2016-02-10,Sharjah Cricket Stadium,1,6.8,Lahore Qalandars,Islamabad United,Umar Akmal,Naved Yasin,Imran Khalid,1,0,,,,,,,,,
959191,2015/16,2016-02-10,Sharjah Cricket Stadium,1,7.1,Lahore Qalandars,Islamabad United,Umar Akmal,Naved Yasin,Saeed Ajmal,0,0,,,,,,,,,
959191,2015/16,2016-02-10,Sharjah Cricket Stadium,1,7.2,Lahore Qalandars,Islamabad United,Umar Akmal,Naved Yasin,Saeed Ajmal,0,0,,,,,,,,,
959191,2015/16,2016-02-10,Sharjah Cricket Stadium,1,7.3,Lahore Qalandars,Islamabad United,Umar Akmal,Naved Yasin,Saeed Ajmal,1,0,,,,,,,,,
959191,2015/16,2016-02-10,Sharjah Cricket Stadium,1,7.4,Lahore Qalandars,Islamabad United,Naved Yasin,Umar Akmal,Saeed Ajmal,1,0,,,,,,,,,
959191,2015/16,2016-02-10,Sharjah Cricket Stadium,1,7.5,Lahore Qalandars,Islamabad United,Umar Akmal,Naved Yasin,Saeed Ajmal,1,0,,,,,,,,,
959191,2015/16,2016-02-10,Sharjah Cricket Stadium,1,7.6,Lahore Qalandars,Islamabad United,Naved Yasin,Umar Akmal,Saeed Ajmal,0,0,,,,,,,,,
959191,2015/16,2016-02-10,Sharjah Cricket Stadium,1,8.1,Lahore Qalandars,Islamabad United,Umar Akmal,Naved Yasin,SR Watson,1,0,,,,,,,,,
959191,2015/16,2016-02-10,Sharjah Cricket Stadium,1,8.2,Lahore Qalandars,Islamabad United,Naved Yasin,Umar Akmal,SR Watson,0,0,,,,,,,,,
959191,2015/16,2016-02-10,Sharjah Cricket Stadium,1,8.3,Lahore Qalandars,Islamabad United,Naved Yasin,Umar Akmal,SR Watson,1,0,,,,,,,,,
959191,2015/16,2016-02-10,Sharjah Cricket Stadium,1,8.4,Lahore Qalandars,Islamabad United,Umar Akmal,Naved Yasin,SR Watson,1,0,,,,,,,,,
959191,2015/16,2016-02-10,Sharjah Cricket Stadium,1,8.5,Lahore Qalandars,Islamabad United,Naved Yasin,Umar Akmal,SR Watson,1,0,,,,,,,,,
959191,2015/16,2016-02-10,Sharjah Cricket Stadium,1,8.6,Lahore Qalandars,Islamabad United,Umar Akmal,Naved Yasin,SR Watson,6,0,,,,,,,,,
959191,2015/16,2016-02-10,Sharjah Cricket Stadium,1,9.1,Lahore Qalandars,Islamabad United,Naved Yasin,Umar Akmal,Saeed Ajmal,1,0,,,,,,,,,
959191,2015/16,2016-02-10,Sharjah Cricket Stadium,1,9.2,Lahore Qalandars,Islamabad United,Umar Akmal,Naved Yasin,Saeed Ajmal,0,0,,,,,,,,,
959191,2015/16,2016-02-10,Sharjah Cricket Stadium,1,9.3,Lahore Qalandars,Islamabad United,Umar Akmal,Naved Yasin,Saeed Ajmal,1,0,,,,,,,,,
959191,2015/16,2016-02-10,Sharjah Cricket Stadium,1,9.4,Lahore Qalandars,Islamabad United,Naved Yasin,Umar Akmal,Saeed Ajmal,1,0,,,,,,,,,
959191,2015/16,2016-02-10,Sharjah Cricket Stadium,1,9.5,Lahore Qalandars,Islamabad United,Umar Akmal,Naved Yasin,Saeed Ajmal,0,0,,,,,,,,,
959191,2015/16,2016-02-10,Sharjah Cricket Stadium,1,9.6,Lahore Qalandars,Islamabad United,Umar Akmal,Naved Yasin,Saeed Ajmal,1,0,,,,,,,,,
959191,2015/16,2016-02-10,Sharjah Cricket Stadium,1,10.1,Lahore Qalandars,Islamabad United,Umar Akmal,Naved Yasin,Rumman Raees,0,0,,,,,,,,,
959191,2015/16,2016-02-10,Sharjah Cricket Stadium,1,10.2,Lahore Qalandars,Islamabad United,Umar Akmal,Naved Yasin,Rumman Raees,1,0,,,,,,,,,
959191,2015/16,2016-02-10,Sharjah Cricket Stadium,1,10.3,Lahore Qalandars,Islamabad United,Naved Yasin,Umar Akmal,Rumman Raees,4,0,,,,,,,,,
959191,2015/16,2016-02-10,Sharjah Cricket Stadium,1,10.4,Lahore Qalandars,Islamabad United,Naved Yasin,Umar Akmal,Rumman Raees,1,0,,,,,,,,,
959191,2015/16,2016-02-10,Sharjah Cricket Stadium,1,10.5,Lahore Qalandars,Islamabad United,Umar Akmal,Naved Yasin,Rumman Raees,1,0,,,,,,,,,
959191,2015/16,2016-02-10,Sharjah Cricket Stadium,1,10.6,Lahore Qalandars,Islamabad United,Naved Yasin,Umar Akmal,Rumman Raees,0,0,,,,,,,,,
959191,2015/16,2016-02-10,Sharjah Cricket Stadium,1,11.1,Lahore Qalandars,Islamabad United,Umar Akmal,Naved Yasin,Saeed Ajmal,6,0,,,,,,,,,
959191,2015/16,2016-02-10,Sharjah Cricket Stadium,1,11.2,Lahore Qalandars,Islamabad United,Umar Akmal,Naved Yasin,Saeed Ajmal,1,0,,,,,,,,,
959191,2015/16,2016-02-10,Sharjah Cricket Stadium,1,11.3,Lahore Qalandars,Islamabad United,Naved Yasin,Umar Akmal,Saeed Ajmal,0,0,,,,,,,,,
959191,2015/16,2016-02-10,Sharjah Cricket Stadium,1,11.4,Lahore Qalandars,Islamabad United,Naved Yasin,Umar Akmal,Saeed Ajmal,0,0,,,,,,caught,Naved Yasin,,
959191,2015/16,2016-02-10,Sharjah Cricket Stadium,1,11.5,Lahore Qalandars,Islamabad United,DJ Bravo,Umar Akmal,Saeed Ajmal,1,0,,,,,,,,,
959191,2015/16,2016-02-10,Sharjah Cricket Stadium,1,11.6,Lahore Qalandars,Islamabad United,Umar Akmal,DJ Bravo,Saeed Ajmal,0,0,,,,,,,,,
959191,2015/16,2016-02-10,Sharjah Cricket Stadium,1,12.1,Lahore Qalandars,Islamabad United,DJ Bravo,Umar Akmal,Imran Khalid,1,0,,,,,,,,,
959191,2015/16,2016-02-10,Sharjah Cricket Stadium,1,12.2,Lahore Qalandars,Islamabad United,Umar Akmal,DJ Bravo,Imran Khalid,0,0,,,,,,,,,
959191,2015/16,2016-02-10,Sharjah Cricket Stadium,1,12.3,Lahore Qalandars,Islamabad United,Umar Akmal,DJ Bravo,Imran Khalid,0,0,,,,,,lbw,Umar Akmal,,
959191,2015/16,2016-02-10,Sharjah Cricket Stadium,1,12.4,Lahore Qalandars,Islamabad United,Mohammad Rizwan,DJ Bravo,Imran Khalid,0,0,,,,,,,,,
959191,2015/16,2016-02-10,Sharjah Cricket Stadium,1,12.5,Lahore Qalandars,Islamabad United,Mohammad Rizwan,DJ Bravo,Imran Khalid,1,0,,,,,,,,,
959191,2015/16,2016-02-10,Sharjah Cricket Stadium,1,12.6,Lahore Qalandars,Islamabad United,DJ Bravo,Mohammad Rizwan,Imran Khalid,4,0,,,,,,,,,
959191,2015/16,2016-02-10,Sharjah Cricket Stadium,1,13.1,Lahore Qalandars,Islamabad United,Mohammad Rizwan,DJ Bravo,Kamran Ghulam,0,0,,,,,,,,,
959191,2015/16,2016-02-10,Sharjah Cricket Stadium,1,13.2,Lahore Qalandars,Islamabad United,Mohammad Rizwan,DJ Bravo,Kamran Ghulam,0,0,,,,,,,,,
959191,2015/16,2016-02-10,Sharjah Cricket Stadium,1,13.3,Lahore Qalandars,Islamabad United,Mohammad Rizwan,DJ Bravo,Kamran Ghulam,0,0,,,,,,,,,
959191,2015/16,2016-02-10,Sharjah Cricket Stadium,1,13.4,Lahore Qalandars,Islamabad United,Mohammad Rizwan,DJ Bravo,Kamran Ghulam,1,0,,,,,,,,,
959191,2015/16,2016-02-10,Sharjah Cricket Stadium,1,13.5,Lahore Qalandars,Islamabad United,DJ Bravo,Mohammad Rizwan,Kamran Ghulam,1,0,,,,,,,,,
959191,2015/16,2016-02-10,Sharjah Cricket Stadium,1,13.6,Lahore Qalandars,Islamabad United,Mohammad Rizwan,DJ Bravo,Kamran Ghulam,4,0,,,,,,,,,
959191,2015/16,2016-02-10,Sharjah Cricket Stadium,1,14.1,Lahore Qalandars,Islamabad United,DJ Bravo,Mohammad Rizwan,AD Russell,4,0,,,,,,,,,
959191,2015/16,2016-02-10,Sharjah Cricket Stadium,1,14.2,Lahore Qalandars,Islamabad United,DJ Bravo,Mohammad Rizwan,AD Russell,0,0,,,,,,,,,
959191,2015/16,2016-02-10,Sharjah Cricket Stadium,1,14.3,Lahore Qalandars,Islamabad United,DJ Bravo,Mohammad Rizwan,AD Russell,1,0,,,,,,,,,
959191,2015/16,2016-02-10,Sharjah Cricket Stadium,1,14.4,Lahore Qalandars,Islamabad United,Mohammad Rizwan,DJ Bravo,AD Russell,1,0,,,,,,,,,
959191,2015/16,2016-02-10,Sharjah Cricket Stadium,1,14.5,Lahore Qalandars,Islamabad United,DJ Bravo,Mohammad Rizwan,AD Russell,1,0,,,,,,,,,
959191,2015/16,2016-02-10,Sharjah Cricket Stadium,1,14.6,Lahore Qalandars,Islamabad United,Mohammad Rizwan,DJ Bravo,AD Russell,1,0,,,,,,,,,
959191,2015/16,2016-02-10,Sharjah Cricket Stadium,1,15.1,Lahore Qalandars,Islamabad United,Mohammad Rizwan,DJ Bravo,Saeed Ajmal,1,0,,,,,,,,,
959191,2015/16,2016-02-10,Sharjah Cricket Stadium,1,15.2,Lahore Qalandars,Islamabad United,DJ Bravo,Mohammad Rizwan,Saeed Ajmal,2,0,,,,,,,,,
959191,2015/16,2016-02-10,Sharjah Cricket Stadium,1,15.3,Lahore Qalandars,Islamabad United,DJ Bravo,Mohammad Rizwan,Saeed Ajmal,4,0,,,,,,,,,
959191,2015/16,2016-02-10,Sharjah Cricket Stadium,1,15.4,Lahore Qalandars,Islamabad United,DJ Bravo,Mohammad Rizwan,Saeed Ajmal,2,0,,,,,,,,,
959191,2015/16,2016-02-10,Sharjah Cricket Stadium,1,15.5,Lahore Qalandars,Islamabad United,DJ Bravo,Mohammad Rizwan,Saeed Ajmal,1,0,,,,,,,,,
959191,2015/16,2016-02-10,Sharjah Cricket Stadium,1,15.6,Lahore Qalandars,Islamabad United,Mohammad Rizwan,DJ Bravo,Saeed Ajmal,1,0,,,,,,,,,
959191,2015/16,2016-02-10,Sharjah Cricket Stadium,1,16.1,Lahore Qalandars,Islamabad United,Mohammad Rizwan,DJ Bravo,Rumman Raees,6,0,,,,,,,,,
959191,2015/16,2016-02-10,Sharjah Cricket Stadium,1,16.2,Lahore Qalandars,Islamabad United,Mohammad Rizwan,DJ Bravo,Rumman Raees,4,0,,,,,,,,,
959191,2015/16,2016-02-10,Sharjah Cricket Stadium,1,16.3,Lahore Qalandars,Islamabad United,Mohammad Rizwan,DJ Bravo,Rumman Raees,4,0,,,,,,,,,
959191,2015/16,2016-02-10,Sharjah Cricket Stadium,1,16.4,Lahore Qalandars,Islamabad United,Mohammad Rizwan,DJ Bravo,Rumman Raees,1,0,,,,,,,,,
959191,2015/16,2016-02-10,Sharjah Cricket Stadium,1,16.5,Lahore Qalandars,Islamabad United,DJ Bravo,Mohammad Rizwan,Rumman Raees,1,0,,,,,,,,,
959191,2015/16,2016-02-10,Sharjah Cricket Stadium,1,16.6,Lahore Qalandars,Islamabad United,Mohammad Rizwan,DJ Bravo,Rumman Raees,1,0,,,,,,,,,
959191,2015/16,2016-02-10,Sharjah Cricket Stadium,1,17.1,Lahore Qalandars,Islamabad United,Mohammad Rizwan,DJ Bravo,Mohammad Sami,0,0,,,,,,,,,
959191,2015/16,2016-02-10,Sharjah Cricket Stadium,1,17.2,Lahore Qalandars,Islamabad United,Mohammad Rizwan,DJ Bravo,Mohammad Sami,4,0,,,,,,,,,
959191,2015/16,2016-02-10,Sharjah Cricket Stadium,1,17.3,Lahore Qalandars,Islamabad United,Mohammad Rizwan,DJ Bravo,Mohammad Sami,1,0,,,,,,,,,
959191,2015/16,2016-02-10,Sharjah Cricket Stadium,1,17.4,Lahore Qalandars,Islamabad United,DJ Bravo,Mohammad Rizwan,Mohammad Sami,0,0,,,,,,,,,
959191,2015/16,2016-02-10,Sharjah Cricket Stadium,1,17.5,Lahore Qalandars,Islamabad United,DJ Bravo,Mohammad Rizwan,Mohammad Sami,0,0,,,,,,,,,
959191,2015/16,2016-02-10,Sharjah Cricket Stadium,1,17.6,Lahore Qalandars,Islamabad United,DJ Bravo,Mohammad Rizwan,Mohammad Sami,2,0,,,,,,,,,
959191,2015/16,2016-02-10,Sharjah Cricket Stadium,1,18.1,Lahore Qalandars,Islamabad United,Mohammad Rizwan,DJ Bravo,AD Russell,1,0,,,,,,,,,
959191,2015/16,2016-02-10,Sharjah Cricket Stadium,1,18.2,Lahore Qalandars,Islamabad United,DJ Bravo,Mohammad Rizwan,AD Russell,1,0,,,,,,,,,
959191,2015/16,2016-02-10,Sharjah Cricket Stadium,1,18.3,Lahore Qalandars,Islamabad United,Mohammad Rizwan,DJ Bravo,AD Russell,4,0,,,,,,,,,
959191,2015/16,2016-02-10,Sharjah Cricket Stadium,1,18.4,Lahore Qalandars,Islamabad United,Mohammad Rizwan,DJ Bravo,AD Russell,0,0,,,,,,run out,DJ Bravo,,
959191,2015/16,2016-02-10,Sharjah Cricket Stadium,1,18.5,Lahore Qalandars,Islamabad United,Mohammad Rizwan,KK Cooper,AD Russell,6,0,,,,,,,,,
959191,2015/16,2016-02-10,Sharjah Cricket Stadium,1,18.6,Lahore Qalandars,Islamabad United,Mohammad Rizwan,KK Cooper,AD Russell,1,0,,,,,,,,,
959191,2015/16,2016-02-10,Sharjah Cricket Stadium,1,19.1,Lahore Qalandars,Islamabad United,Mohammad Rizwan,KK Cooper,Rumman Raees,0,0,,,,,,,,,
959191,2015/16,2016-02-10,Sharjah Cricket Stadium,1,19.2,Lahore Qalandars,Islamabad United,Mohammad Rizwan,KK Cooper,Rumman Raees,6,0,,,,,,,,,
959191,2015/16,2016-02-10,Sharjah Cricket Stadium,1,19.3,Lahore Qalandars,Islamabad United,Mohammad Rizwan,KK Cooper,Rumman Raees,1,0,,,,,,,,,
959191,2015/16,2016-02-10,Sharjah Cricket Stadium,1,19.4,Lahore Qalandars,Islamabad United,KK Cooper,Mohammad Rizwan,Rumman Raees,0,0,,,,,,caught and bowled,KK Cooper,,
959191,2015/16,2016-02-10,Sharjah Cricket Stadium,1,19.5,Lahore Qalandars,Islamabad United,Zohaib Khan,Mohammad Rizwan,Rumman Raees,2,0,,,,,,,,,
959191,2015/16,2016-02-10,Sharjah Cricket Stadium,1,19.6,Lahore Qalandars,Islamabad United,Zohaib Khan,Mohammad Rizwan,Rumman Raees,1,0,,,,,,,,,
959191,2015/16,2016-02-10,Sharjah Cricket Stadium,2,0.1,Islamabad United,Lahore Qalandars,SR Watson,Sharjeel Khan,DJ Bravo,4,0,,,,,,,,,
959191,2015/16,2016-02-10,Sharjah Cricket Stadium,2,0.2,Islamabad United,Lahore Qalandars,SR Watson,Sharjeel Khan,DJ Bravo,2,0,,,,,,,,,
959191,2015/16,2016-02-10,Sharjah Cricket Stadium,2,0.3,Islamabad United,Lahore Qalandars,SR Watson,Sharjeel Khan,DJ Bravo,1,0,,,,,,,,,
959191,2015/16,2016-02-10,Sharjah Cricket Stadium,2,0.4,Islamabad United,Lahore Qalandars,Sharjeel Khan,SR Watson,DJ Bravo,0,0,,,,,,,,,
959191,2015/16,2016-02-10,Sharjah Cricket Stadium,2,0.5,Islamabad United,Lahore Qalandars,Sharjeel Khan,SR Watson,DJ Bravo,0,0,,,,,,,,,
959191,2015/16,2016-02-10,Sharjah Cricket Stadium,2,0.6,Islamabad United,Lahore Qalandars,Sharjeel Khan,SR Watson,DJ Bravo,0,1,1,,,,,,,,
959191,2015/16,2016-02-10,Sharjah Cricket Stadium,2,0.7,Islamabad United,Lahore Qalandars,Sharjeel Khan,SR Watson,DJ Bravo,6,0,,,,,,,,,
959191,2015/16,2016-02-10,Sharjah Cricket Stadium,2,1.1,Islamabad United,Lahore Qalandars,SR Watson,Sharjeel Khan,Ehsan Adil,0,0,,,,,,,,,
959191,2015/16,2016-02-10,Sharjah Cricket Stadium,2,1.2,Islamabad United,Lahore Qalandars,SR Watson,Sharjeel Khan,Ehsan Adil,0,0,,,,,,,,,
959191,2015/16,2016-02-10,Sharjah Cricket Stadium,2,1.3,Islamabad United,Lahore Qalandars,SR Watson,Sharjeel Khan,Ehsan Adil,0,0,,,,,,,,,
959191,2015/16,2016-02-10,Sharjah Cricket Stadium,2,1.4,Islamabad United,Lahore Qalandars,SR Watson,Sharjeel Khan,Ehsan Adil,1,0,,,,,,,,,
959191,2015/16,2016-02-10,Sharjah Cricket Stadium,2,1.5,Islamabad United,Lahore Qalandars,Sharjeel Khan,SR Watson,Ehsan Adil,0,1,1,,,,,,,,
959191,2015/16,2016-02-10,Sharjah Cricket Stadium,2,1.6,Islamabad United,Lahore Qalandars,Sharjeel Khan,SR Watson,Ehsan Adil,1,0,,,,,,,,,
959191,2015/16,2016-02-10,Sharjah Cricket Stadium,2,1.7,Islamabad United,Lahore Qalandars,SR Watson,Sharjeel Khan,Ehsan Adil,1,0,,,,,,,,,
959191,2015/16,2016-02-10,Sharjah Cricket Stadium,2,2.1,Islamabad United,Lahore Qalandars,SR Watson,Sharjeel Khan,KK Cooper,2,0,,,,,,,,,
959191,2015/16,2016-02-10,Sharjah Cricket Stadium,2,2.2,Islamabad United,Lahore Qalandars,SR Watson,Sharjeel Khan,KK Cooper,0,2,,,,2,,,,,
959191,2015/16,2016-02-10,Sharjah Cricket Stadium,2,2.3,Islamabad United,Lahore Qalandars,SR Watson,Sharjeel Khan,KK Cooper,0,0,,,,,,,,,
959191,2015/16,2016-02-10,Sharjah Cricket Stadium,2,2.4,Islamabad United,Lahore Qalandars,SR Watson,Sharjeel Khan,KK Cooper,0,0,,,,,,,,,
959191,2015/16,2016-02-10,Sharjah Cricket Stadium,2,2.5,Islamabad United,Lahore Qalandars,SR Watson,Sharjeel Khan,KK Cooper,1,0,,,,,,,,,
959191,2015/16,2016-02-10,Sharjah Cricket Stadium,2,2.6,Islamabad United,Lahore Qalandars,Sharjeel Khan,SR Watson,KK Cooper,1,0,,,,,,,,,
959191,2015/16,2016-02-10,Sharjah Cricket Stadium,2,3.1,Islamabad United,Lahore Qalandars,Sharjeel Khan,SR Watson,Ehsan Adil,0,0,,,,,,,,,
959191,2015/16,2016-02-10,Sharjah Cricket Stadium,2,3.2,Islamabad United,Lahore Qalandars,Sharjeel Khan,SR Watson,Ehsan Adil,6,0,,,,,,,,,
959191,2015/16,2016-02-10,Sharjah Cricket Stadium,2,3.3,Islamabad United,Lahore Qalandars,Sharjeel Khan,SR Watson,Ehsan Adil,4,0,,,,,,,,,
959191,2015/16,2016-02-10,Sharjah Cricket Stadium,2,3.4,Islamabad United,Lahore Qalandars,Sharjeel Khan,SR Watson,Ehsan Adil,0,0,,,,,,,,,
959191,2015/16,2016-02-10,Sharjah Cricket Stadium,2,3.5,Islamabad United,Lahore Qalandars,Sharjeel Khan,SR Watson,Ehsan Adil,4,0,,,,,,,,,
959191,2015/16,2016-02-10,Sharjah Cricket Stadium,2,3.6,Islamabad United,Lahore Qalandars,Sharjeel Khan,SR Watson,Ehsan Adil,6,0,,,,,,,,,
959191,2015/16,2016-02-10,Sharjah Cricket Stadium,2,4.1,Islamabad United,Lahore Qalandars,SR Watson,Sharjeel Khan,Zafar Gohar,0,0,,,,,,,,,
959191,2015/16,2016-02-10,Sharjah Cricket Stadium,2,4.2,Islamabad United,Lahore Qalandars,SR Watson,Sharjeel Khan,Zafar Gohar,1,0,,,,,,,,,
959191,2015/16,2016-02-10,Sharjah Cricket Stadium,2,4.3,Islamabad United,Lahore Qalandars,Sharjeel Khan,SR Watson,Zafar Gohar,0,0,,,,,,,,,
959191,2015/16,2016-02-10,Sharjah Cricket Stadium,2,4.4,Islamabad United,Lahore Qalandars,Sharjeel Khan,SR Watson,Zafar Gohar,1,0,,,,,,,,,
959191,2015/16,2016-02-10,Sharjah Cricket Stadium,2,4.5,Islamabad United,Lahore Qalandars,SR Watson,Sharjeel Khan,Zafar Gohar,6,0,,,,,,,,,
959191,2015/16,2016-02-10,Sharjah Cricket Stadium,2,4.6,Islamabad United,Lahore Qalandars,SR Watson,Sharjeel Khan,Zafar Gohar,0,0,,,,,,,,,
959191,2015/16,2016-02-10,Sharjah Cricket Stadium,2,5.1,Islamabad United,Lahore Qalandars,Sharjeel Khan,SR Watson,DJ Bravo,0,0,,,,,,,,,
959191,2015/16,2016-02-10,Sharjah Cricket Stadium,2,5.2,Islamabad United,Lahore Qalandars,Sharjeel Khan,SR Watson,DJ Bravo,1,0,,,,,,,,,
959191,2015/16,2016-02-10,Sharjah Cricket Stadium,2,5.3,Islamabad United,Lahore Qalandars,SR Watson,Sharjeel Khan,DJ Bravo,1,0,,,,,,,,,
959191,2015/16,2016-02-10,Sharjah Cricket Stadium,2,5.4,Islamabad United,Lahore Qalandars,Sharjeel Khan,SR Watson,DJ Bravo,4,0,,,,,,,,,
959191,2015/16,2016-02-10,Sharjah Cricket Stadium,2,5.5,Islamabad United,Lahore Qalandars,Sharjeel Khan,SR Watson,DJ Bravo,0,0,,,,,,,,,
959191,2015/16,2016-02-10,Sharjah Cricket Stadium,2,5.6,Islamabad United,Lahore Qalandars,Sharjeel Khan,SR Watson,DJ Bravo,0,0,,,,,,,,,
959191,2015/16,2016-02-10,Sharjah Cricket Stadium,2,6.1,Islamabad United,Lahore Qalandars,SR Watson,Sharjeel Khan,Zafar Gohar,0,0,,,,,,,,,
959191,2015/16,2016-02-10,Sharjah Cricket Stadium,2,6.2,Islamabad United,Lahore Qalandars,SR Watson,Sharjeel Khan,Zafar Gohar,0,0,,,,,,,,,
959191,2015/16,2016-02-10,Sharjah Cricket Stadium,2,6.3,Islamabad United,Lahore Qalandars,SR Watson,Sharjeel Khan,Zafar Gohar,6,0,,,,,,,,,
959191,2015/16,2016-02-10,Sharjah Cricket Stadium,2,6.4,Islamabad United,Lahore Qalandars,SR Watson,Sharjeel Khan,Zafar Gohar,0,0,,,,,,,,,
959191,2015/16,2016-02-10,Sharjah Cricket Stadium,2,6.5,Islamabad United,Lahore Qalandars,SR Watson,Sharjeel Khan,Zafar Gohar,0,0,,,,,,,,,
959191,2015/16,2016-02-10,Sharjah Cricket Stadium,2,6.6,Islamabad United,Lahore Qalandars,SR Watson,Sharjeel Khan,Zafar Gohar,1,0,,,,,,,,,
959191,2015/16,2016-02-10,Sharjah Cricket Stadium,2,7.1,Islamabad United,Lahore Qalandars,SR Watson,Sharjeel Khan,BAW Mendis,0,0,,,,,,,,,
959191,2015/16,2016-02-10,Sharjah Cricket Stadium,2,7.2,Islamabad United,Lahore Qalandars,SR Watson,Sharjeel Khan,BAW Mendis,2,0,,,,,,,,,
959191,2015/16,2016-02-10,Sharjah Cricket Stadium,2,7.3,Islamabad United,Lahore Qalandars,SR Watson,Sharjeel Khan,BAW Mendis,4,0,,,,,,,,,
959191,2015/16,2016-02-10,Sharjah Cricket Stadium,2,7.4,Islamabad United,Lahore Qalandars,SR Watson,Sharjeel Khan,BAW Mendis,1,0,,,,,,,,,
959191,2015/16,2016-02-10,Sharjah Cricket Stadium,2,7.5,Islamabad United,Lahore Qalandars,Sharjeel Khan,SR Watson,BAW Mendis,1,0,,,,,,,,,
959191,2015/16,2016-02-10,Sharjah Cricket Stadium,2,7.6,Islamabad United,Lahore Qalandars,SR Watson,Sharjeel Khan,BAW Mendis,1,0,,,,,,,,,
959191,2015/16,2016-02-10,Sharjah Cricket Stadium,2,8.1,Islamabad United,Lahore Qalandars,SR Watson,Sharjeel Khan,Zohaib Khan,4,0,,,,,,,,,
959191,2015/16,2016-02-10,Sharjah Cricket Stadium,2,8.2,Islamabad United,Lahore Qalandars,SR Watson,Sharjeel Khan,Zohaib Khan,0,0,,,,,,,,,
959191,2015/16,2016-02-10,Sharjah Cricket Stadium,2,8.3,Islamabad United,Lahore Qalandars,SR Watson,Sharjeel Khan,Zohaib Khan,0,0,,,,,,,,,
959191,2015/16,2016-02-10,Sharjah Cricket Stadium,2,8.4,Islamabad United,Lahore Qalandars,SR Watson,Sharjeel Khan,Zohaib Khan,1,0,,,,,,,,,
959191,2015/16,2016-02-10,Sharjah Cricket Stadium,2,8.5,Islamabad United,Lahore Qalandars,Sharjeel Khan,SR Watson,Zohaib Khan,0,0,,,,,,,,,
959191,2015/16,2016-02-10,Sharjah Cricket Stadium,2,8.6,Islamabad United,Lahore Qalandars,Sharjeel Khan,SR Watson,Zohaib Khan,0,0,,,,,,,,,
959191,2015/16,2016-02-10,Sharjah Cricket Stadium,2,9.1,Islamabad United,Lahore Qalandars,SR Watson,Sharjeel Khan,BAW Mendis,6,0,,,,,,,,,
959191,2015/16,2016-02-10,Sharjah Cricket Stadium,2,9.2,Islamabad United,Lahore Qalandars,SR Watson,Sharjeel Khan,BAW Mendis,1,0,,,,,,,,,
959191,2015/16,2016-02-10,Sharjah Cricket Stadium,2,9.3,Islamabad United,Lahore Qalandars,Sharjeel Khan,SR Watson,BAW Mendis,0,1,,,,1,,,,,
959191,2015/16,2016-02-10,Sharjah Cricket Stadium,2,9.4,Islamabad United,Lahore Qalandars,SR Watson,Sharjeel Khan,BAW Mendis,1,0,,,,,,,,,
959191,2015/16,2016-02-10,Sharjah Cricket Stadium,2,9.5,Islamabad United,Lahore Qalandars,Sharjeel Khan,SR Watson,BAW Mendis,2,0,,,,,,,,,
959191,2015/16,2016-02-10,Sharjah Cricket Stadium,2,9.6,Islamabad United,Lahore Qalandars,Sharjeel Khan,SR Watson,BAW Mendis,4,0,,,,,,,,,
959191,2015/16,2016-02-10,Sharjah Cricket Stadium,2,10.1,Islamabad United,Lahore Qalandars,SR Watson,Sharjeel Khan,Zohaib Khan,6,0,,,,,,,,,
959191,2015/16,2016-02-10,Sharjah Cricket Stadium,2,10.2,Islamabad United,Lahore Qalandars,SR Watson,Sharjeel Khan,Zohaib Khan,1,0,,,,,,,,,
959191,2015/16,2016-02-10,Sharjah Cricket Stadium,2,10.3,Islamabad United,Lahore Qalandars,Sharjeel Khan,SR Watson,Zohaib Khan,6,0,,,,,,,,,
959191,2015/16,2016-02-10,Sharjah Cricket Stadium,2,10.4,Islamabad United,Lahore Qalandars,Sharjeel Khan,SR Watson,Zohaib Khan,4,0,,,,,,,,,
959191,2015/16,2016-02-10,Sharjah Cricket Stadium,2,10.5,Islamabad United,Lahore Qalandars,Sharjeel Khan,SR Watson,Zohaib Khan,0,1,1,,,,,,,,
959191,2015/16,2016-02-10,Sharjah Cricket Stadium,2,10.6,Islamabad United,Lahore Qalandars,Sharjeel Khan,SR Watson,Zohaib Khan,1,0,,,,,,,,,
959191,2015/16,2016-02-10,Sharjah Cricket Stadium,2,10.7,Islamabad United,Lahore Qalandars,SR Watson,Sharjeel Khan,Zohaib Khan,6,0,,,,,,,,,
959191,2015/16,2016-02-10,Sharjah Cricket Stadium,2,11.1,Islamabad United,Lahore Qalandars,Sharjeel Khan,SR Watson,KK Cooper,6,0,,,,,,,,,
959191,2015/16,2016-02-10,Sharjah Cricket Stadium,2,11.2,Islamabad United,Lahore Qalandars,Sharjeel Khan,SR Watson,KK Cooper,0,1,1,,,,,,,,
959191,2015/16,2016-02-10,Sharjah Cricket Stadium,2,11.3,Islamabad United,Lahore Qalandars,Sharjeel Khan,SR Watson,KK Cooper,1,0,,,,,,,,,
959191,2015/16,2016-02-10,Sharjah Cricket Stadium,2,11.4,Islamabad United,Lahore Qalandars,SR Watson,Sharjeel Khan,KK Cooper,4,0,,,,,,,,,
959191,2015/16,2016-02-10,Sharjah Cricket Stadium,2,11.5,Islamabad United,Lahore Qalandars,SR Watson,Sharjeel Khan,KK Cooper,6,0,,,,,,,,,
959191,2015/16,2016-02-10,Sharjah Cricket Stadium,2,11.6,Islamabad United,Lahore Qalandars,SR Watson,Sharjeel Khan,KK Cooper,6,0,,,,,,,,,
959191,2015/16,2016-02-10,Sharjah Cricket Stadium,2,11.7,Islamabad United,Lahore Qalandars,SR Watson,Sharjeel Khan,KK Cooper,1,0,,,,,,,,,
959191,2015/16,2016-02-10,Sharjah Cricket Stadium,2,12.1,Islamabad United,Lahore Qalandars,SR Watson,Sharjeel Khan,DJ Bravo,0,0,,,,,,,,,
959191,2015/16,2016-02-10,Sharjah Cricket Stadium,2,12.2,Islamabad United,Lahore Qalandars,SR Watson,Sharjeel Khan,DJ Bravo,1,0,,,,,,,,,
959191,2015/16,2016-02-10,Sharjah Cricket Stadium,2,12.3,Islamabad United,Lahore Qalandars,Sharjeel Khan,SR Watson,DJ Bravo,2,0,,,,,,,,,
959191,2015/16,2016-02-10,Sharjah Cricket Stadium,2,12.4,Islamabad United,Lahore Qalandars,Sharjeel Khan,SR Watson,DJ Bravo,0,0,,,,,,,,,
959191,2015/16,2016-02-10,Sharjah Cricket Stadium,2,12.5,Islamabad United,Lahore Qalandars,Sharjeel Khan,SR Watson,DJ Bravo,1,0,,,,,,,,,
959191,2015/16,2016-02-10,Sharjah Cricket Stadium,2,12.6,Islamabad United,Lahore Qalandars,SR Watson,Sharjeel Khan,DJ Bravo,0,0,,,,,,,,,
959191,2015/16,2016-02-10,Sharjah Cricket Stadium,2,13.1,Islamabad United,Lahore Qalandars,Sharjeel Khan,SR Watson,Ehsan Adil,2,0,,,,,,,,,
959191,2015/16,2016-02-10,Sharjah Cricket Stadium,2,13.2,Islamabad United,Lahore Qalandars,Sharjeel Khan,SR Watson,Ehsan Adil,0,1,1,,,,,,,,
959191,2015/16,2016-02-10,Sharjah Cricket Stadium,2,13.3,Islamabad United,Lahore Qalandars,Sharjeel Khan,SR Watson,Ehsan Adil,0,1,1,,,,,,,,
959191,2015/16,2016-02-10,Sharjah Cricket Stadium,2,13.4,Islamabad United,Lahore Qalandars,Sharjeel Khan,SR Watson,Ehsan Adil,0,0,,,,,,,,,
959191,2015/16,2016-02-10,Sharjah Cricket Stadium,2,13.5,Islamabad United,Lahore Qalandars,Sharjeel Khan,SR Watson,Ehsan Adil,1,0,,,,,,,,,
959191,2015/16,2016-02-10,Sharjah Cricket Stadium,2,13.6,Islamabad United,Lahore Qalandars,SR Watson,Sharjeel Khan,Ehsan Adil,0,0,,,,,,caught,SR Watson,,
959191,2015/16,2016-02-10,Sharjah Cricket Stadium,2,13.7,Islamabad United,Lahore Qalandars,AD Russell,Sharjeel Khan,Ehsan Adil,0,0,,,,,,,,,
959191,2015/16,2016-02-10,Sharjah Cricket Stadium,2,13.8,Islamabad United,Lahore Qalandars,AD Russell,Sharjeel Khan,Ehsan Adil,0,0,,,,,,,,,
959191,2015/16,2016-02-10,Sharjah Cricket Stadium,2,14.1,Islamabad United,Lahore Qalandars,Sharjeel Khan,AD Russell,DJ Bravo,1,0,,,,,,,,,
959191,2015/16,2016-02-10,Sharjah Cricket Stadium,2,14.2,Islamabad United,Lahore Qalandars,AD Russell,Sharjeel Khan,DJ Bravo,1,0,,,,,,,,,
959191,2015/16,2016-02-10,Sharjah Cricket Stadium,2,14.3,Islamabad United,Lahore Qalandars,Sharjeel Khan,AD Russell,DJ Bravo,1,0,,,,,,,,,
959191,2015/16,2016-02-10,Sharjah Cricket Stadium,2,14.4,Islamabad United,Lahore Qalandars,AD Russell,Sharjeel Khan,DJ Bravo,1,0,,,,,,,,,
959191,2015/16,2016-02-10,Sharjah Cricket Stadium,2,14.5,Islamabad United,Lahore Qalandars,Sharjeel Khan,AD Russell,DJ Bravo,0,0,,,,,,,,,
959191,2015/16,2016-02-10,Sharjah Cricket Stadium,2,14.6,Islamabad United,Lahore Qalandars,Sharjeel Khan,AD Russell,DJ Bravo,0,0,,,,,,,,,
959191,2015/16,2016-02-10,Sharjah Cricket Stadium,2,15.1,Islamabad United,Lahore Qalandars,AD Russell,Sharjeel Khan,Ehsan Adil,0,0,,,,,,caught,AD Russell,,
959191,2015/16,2016-02-10,Sharjah Cricket Stadium,2,15.2,Islamabad United,Lahore Qalandars,Sharjeel Khan,BJ Haddin,Ehsan Adil,0,0,,,,,,,,,
959191,2015/16,2016-02-10,Sharjah Cricket Stadium,2,15.3,Islamabad United,Lahore Qalandars,Sharjeel Khan,BJ Haddin,Ehsan Adil,0,0,,,,,,,,,
959191,2015/16,2016-02-10,Sharjah Cricket Stadium,2,15.4,Islamabad United,Lahore Qalandars,Sharjeel Khan,BJ Haddin,Ehsan Adil,6,0,,,,,,,,,
959191,2015/16,2016-02-10,Sharjah Cricket Stadium,2,15.5,Islamabad United,Lahore Qalandars,Sharjeel Khan,BJ Haddin,Ehsan Adil,6,0,,,,,,,,,
