match_id,season,start_date,venue,innings,ball,batting_team,bowling_team,striker,non_striker,bowler,runs_off_bat,extras,wides,noballs,byes,legbyes,penalty,wicket_type,player_dismissed,other_wicket_type,other_player_dismissed
959199,2015/16,2016-02-12,Sharjah Cricket Stadium,1,0.1,Islamabad United,Peshawar Zalmi,SR Watson,Sharjeel Khan,SW Tait,0,0,,,,,,,,,
959199,2015/16,2016-02-12,Sharjah Cricket Stadium,1,0.2,Islamabad United,Peshawar Zalmi,SR Watson,Sharjeel Khan,SW Tait,0,0,,,,,,,,,
959199,2015/16,2016-02-12,Sharjah Cricket Stadium,1,0.3,Islamabad United,Peshawar Zalmi,SR Watson,Sharjeel Khan,SW Tait,0,0,,,,,,,,,
959199,2015/16,2016-02-12,Sharjah Cricket Stadium,1,0.4,Islamabad United,Peshawar Zalmi,SR Watson,Sharjeel Khan,SW Tait,0,0,,,,,,,,,
959199,2015/16,2016-02-12,Sharjah Cricket Stadium,1,0.5,Islamabad United,Peshawar Zalmi,SR Watson,Sharjeel Khan,SW Tait,0,1,,,,1,,,,,
959199,2015/16,2016-02-12,Sharjah Cricket Stadium,1,0.6,Islamabad United,Peshawar Zalmi,Sharjeel Khan,SR Watson,SW Tait,0,0,,,,,,,,,
959199,2015/16,2016-02-12,Sharjah Cricket Stadium,1,1.1,Islamabad United,Peshawar Zalmi,SR Watson,Sharjeel Khan,Junaid Khan,0,0,,,,,,,,,
959199,2015/16,2016-02-12,Sharjah Cricket Stadium,1,1.2,Islamabad United,Peshawar Zalmi,SR Watson,Sharjeel Khan,Junaid Khan,4,0,,,,,,,,,
959199,2015/16,2016-02-12,Sharjah Cricket Stadium,1,1.3,Islamabad United,Peshawar Zalmi,SR Watson,Sharjeel Khan,Junaid Khan,0,0,,,,,,,,,
959199,2015/16,2016-02-12,Sharjah Cricket Stadium,1,1.4,Islamabad United,Peshawar Zalmi,SR Watson,Sharjeel Khan,Junaid Khan,0,0,,,,,,,,,
959199,2015/16,2016-02-12,Sharjah Cricket Stadium,1,1.5,Islamabad United,Peshawar Zalmi,SR Watson,Sharjeel Khan,Junaid Khan,4,0,,,,,,,,,
959199,2015/16,2016-02-12,Sharjah Cricket Stadium,1,1.6,Islamabad United,Peshawar Zalmi,SR Watson,Sharjeel Khan,Junaid Khan,1,0,,,,,,,,,
959199,2015/16,2016-02-12,Sharjah Cricket Stadium,1,2.1,Islamabad United,Peshawar Zalmi,SR Watson,Sharjeel Khan,SW Tait,0,0,,,,,,,,,
959199,2015/16,2016-02-12,Sharjah Cricket Stadium,1,2.2,Islamabad United,Peshawar Zalmi,SR Watson,Sharjeel Khan,SW Tait,0,0,,,,,,,,,
959199,2015/16,2016-02-12,Sharjah Cricket Stadium,1,2.3,Islamabad United,Peshawar Zalmi,SR Watson,Sharjeel Khan,SW Tait,0,0,,,,,,,,,
959199,2015/16,2016-02-12,Sharjah Cricket Stadium,1,2.4,Islamabad United,Peshawar Zalmi,SR Watson,Sharjeel Khan,SW Tait,1,0,,,,,,,,,
959199,2015/16,2016-02-12,Sharjah Cricket Stadium,1,2.5,Islamabad United,Peshawar Zalmi,Sharjeel Khan,SR Watson,SW Tait,0,0,,,,,,,,,
959199,2015/16,2016-02-12,Sharjah Cricket Stadium,1,2.6,Islamabad United,Peshawar Zalmi,Sharjeel Khan,SR Watson,SW Tait,0,1,1,,,,,,,,
959199,2015/16,2016-02-12,Sharjah Cricket Stadium,1,2.7,Islamabad United,Peshawar Zalmi,Sharjeel Khan,SR Watson,SW Tait,4,0,,,,,,,,,
959199,2015/16,2016-02-12,Sharjah Cricket Stadium,1,3.1,Islamabad United,Peshawar Zalmi,SR Watson,Sharjeel Khan,Junaid Khan,1,0,,,,,,,,,
959199,2015/16,2016-02-12,Sharjah Cricket Stadium,1,3.2,Islamabad United,Peshawar Zalmi,Sharjeel Khan,SR Watson,Junaid Khan,0,0,,,,,,,,,
959199,2015/16,2016-02-12,Sharjah Cricket Stadium,1,3.3,Islamabad United,Peshawar Zalmi,Sharjeel Khan,SR Watson,Junaid Khan,0,0,,,,,,,,,
959199,2015/16,2016-02-12,Sharjah Cricket Stadium,1,3.4,Islamabad United,Peshawar Zalmi,Sharjeel Khan,SR Watson,Junaid Khan,1,0,,,,,,,,,
959199,2015/16,2016-02-12,Sharjah Cricket Stadium,1,3.5,Islamabad United,Peshawar Zalmi,SR Watson,Sharjeel Khan,Junaid Khan,4,0,,,,,,,,,
959199,2015/16,2016-02-12,Sharjah Cricket Stadium,1,3.6,Islamabad United,Peshawar Zalmi,SR Watson,Sharjeel Khan,Junaid Khan,4,0,,,,,,,,,
959199,2015/16,2016-02-12,Sharjah Cricket Stadium,1,4.1,Islamabad United,Peshawar Zalmi,Sharjeel Khan,SR Watson,Mohammad Asghar,1,0,,,,,,,,,
959199,2015/16,2016-02-12,Sharjah Cricket Stadium,1,4.2,Islamabad United,Peshawar Zalmi,SR Watson,Sharjeel Khan,Mohammad Asghar,0,0,,,,,,,,,
959199,2015/16,2016-02-12,Sharjah Cricket Stadium,1,4.3,Islamabad United,Peshawar Zalmi,SR Watson,Sharjeel Khan,Mohammad Asghar,0,0,,,,,,bowled,SR Watson,,
959199,2015/16,2016-02-12,Sharjah Cricket Stadium,1,4.4,Islamabad United,Peshawar Zalmi,Khalid Latif,Sharjeel Khan,Mohammad Asghar,0,0,,,,,,,,,
959199,2015/16,2016-02-12,Sharjah Cricket Stadium,1,4.5,Islamabad United,Peshawar Zalmi,Khalid Latif,Sharjeel Khan,Mohammad Asghar,0,0,,,,,,,,,
959199,2015/16,2016-02-12,Sharjah Cricket Stadium,1,4.6,Islamabad United,Peshawar Zalmi,Khalid Latif,Sharjeel Khan,Mohammad Asghar,0,1,,,,1,,,,,
959199,2015/16,2016-02-12,Sharjah Cricket Stadium,1,5.1,Islamabad United,Peshawar Zalmi,Khalid Latif,Sharjeel Khan,Wahab Riaz,4,0,,,,,,,,,
959199,2015/16,2016-02-12,Sharjah Cricket Stadium,1,5.2,Islamabad United,Peshawar Zalmi,Khalid Latif,Sharjeel Khan,Wahab Riaz,0,0,,,,,,,,,
959199,2015/16,2016-02-12,Sharjah Cricket Stadium,1,5.3,Islamabad United,Peshawar Zalmi,Khalid Latif,Sharjeel Khan,Wahab Riaz,0,0,,,,,,,,,
959199,2015/16,2016-02-12,Sharjah Cricket Stadium,1,5.4,Islamabad United,Peshawar Zalmi,Khalid Latif,Sharjeel Khan,Wahab Riaz,1,0,,,,,,,,,
959199,2015/16,2016-02-12,Sharjah Cricket Stadium,1,5.5,Islamabad United,Peshawar Zalmi,Sharjeel Khan,Khalid Latif,Wahab Riaz,0,1,,,,1,,,,,
959199,2015/16,2016-02-12,Sharjah Cricket Stadium,1,5.6,Islamabad United,Peshawar Zalmi,Khalid Latif,Sharjeel Khan,Wahab Riaz,2,0,,,,,,,,,
959199,2015/16,2016-02-12,Sharjah Cricket Stadium,1,6.1,Islamabad United,Peshawar Zalmi,Sharjeel Khan,Khalid Latif,Mohammad Asghar,1,0,,,,,,,,,
959199,2015/16,2016-02-12,Sharjah Cricket Stadium,1,6.2,Islamabad United,Peshawar Zalmi,Khalid Latif,Sharjeel Khan,Mohammad Asghar,0,0,,,,,,,,,
959199,2015/16,2016-02-12,Sharjah Cricket Stadium,1,6.3,Islamabad United,Peshawar Zalmi,Khalid Latif,Sharjeel Khan,Mohammad Asghar,1,0,,,,,,,,,
959199,2015/16,2016-02-12,Sharjah Cricket Stadium,1,6.4,Islamabad United,Peshawar Zalmi,Sharjeel Khan,Khalid Latif,Mohammad Asghar,0,0,,,,,,,,,
959199,2015/16,2016-02-12,Sharjah Cricket Stadium,1,6.5,Islamabad United,Peshawar Zalmi,Sharjeel Khan,Khalid Latif,Mohammad Asghar,0,0,,,,,,,,,
959199,2015/16,2016-02-12,Sharjah Cricket Stadium,1,6.6,Islamabad United,Peshawar Zalmi,Sharjeel Khan,Khalid Latif,Mohammad Asghar,0,0,,,,,,,,,
959199,2015/16,2016-02-12,Sharjah Cricket Stadium,1,7.1,Islamabad United,Peshawar Zalmi,Khalid Latif,Sharjeel Khan,Shahid Afridi,1,0,,,,,,,,,
959199,2015/16,2016-02-12,Sharjah Cricket Stadium,1,7.2,Islamabad United,Peshawar Zalmi,Sharjeel Khan,Khalid Latif,Shahid Afridi,6,0,,,,,,,,,
959199,2015/16,2016-02-12,Sharjah Cricket Stadium,1,7.3,Islamabad United,Peshawar Zalmi,Sharjeel Khan,Khalid Latif,Shahid Afridi,6,0,,,,,,,,,
959199,2015/16,2016-02-12,Sharjah Cricket Stadium,1,7.4,Islamabad United,Peshawar Zalmi,Sharjeel Khan,Khalid Latif,Shahid Afridi,4,0,,,,,,,,,
959199,2015/16,2016-02-12,Sharjah Cricket Stadium,1,7.5,Islamabad United,Peshawar Zalmi,Sharjeel Khan,Khalid Latif,Shahid Afridi,0,0,,,,,,,,,
959199,2015/16,2016-02-12,Sharjah Cricket Stadium,1,7.6,Islamabad United,Peshawar Zalmi,Sharjeel Khan,Khalid Latif,Shahid Afridi,1,0,,,,,,,,,
959199,2015/16,2016-02-12,Sharjah Cricket Stadium,1,8.1,Islamabad United,Peshawar Zalmi,Sharjeel Khan,Khalid Latif,DJG Sammy,1,0,,,,,,,,,
959199,2015/16,2016-02-12,Sharjah Cricket Stadium,1,8.2,Islamabad United,Peshawar Zalmi,Khalid Latif,Sharjeel Khan,DJG Sammy,2,0,,,,,,,,,
959199,2015/16,2016-02-12,Sharjah Cricket Stadium,1,8.3,Islamabad United,Peshawar Zalmi,Khalid Latif,Sharjeel Khan,DJG Sammy,1,0,,,,,,,,,
959199,2015/16,2016-02-12,Sharjah Cricket Stadium,1,8.4,Islamabad United,Peshawar Zalmi,Sharjeel Khan,Khalid Latif,DJG Sammy,1,0,,,,,,,,,
959199,2015/16,2016-02-12,Sharjah Cricket Stadium,1,8.5,Islamabad United,Peshawar Zalmi,Khalid Latif,Sharjeel Khan,DJG Sammy,6,0,,,,,,,,,
959199,2015/16,2016-02-12,Sharjah Cricket Stadium,1,8.6,Islamabad United,Peshawar Zalmi,Khalid Latif,Sharjeel Khan,DJG Sammy,1,0,,,,,,,,,
959199,2015/16,2016-02-12,Sharjah Cricket Stadium,1,9.1,Islamabad United,Peshawar Zalmi,Khalid Latif,Sharjeel Khan,SW Tait,1,0,,,,,,,,,
959199,2015/16,2016-02-12,Sharjah Cricket Stadium,1,9.2,Islamabad United,Peshawar Zalmi,Sharjeel Khan,Khalid Latif,SW Tait,1,0,,,,,,,,,
959199,2015/16,2016-02-12,Sharjah Cricket Stadium,1,9.3,Islamabad United,Peshawar Zalmi,Khalid Latif,Sharjeel Khan,SW Tait,1,0,,,,,,,,,
959199,2015/16,2016-02-12,Sharjah Cricket Stadium,1,9.4,Islamabad United,Peshawar Zalmi,Sharjeel Khan,Khalid Latif,SW Tait,1,0,,,,,,,,,
959199,2015/16,2016-02-12,Sharjah Cricket Stadium,1,9.5,Islamabad United,Peshawar Zalmi,Khalid Latif,Sharjeel Khan,SW Tait,1,0,,,,,,,,,
959199,2015/16,2016-02-12,Sharjah Cricket Stadium,1,9.6,Islamabad United,Peshawar Zalmi,Sharjeel Khan,Khalid Latif,SW Tait,0,0,,,,,,caught,Sharjeel Khan,,
959199,2015/16,2016-02-12,Sharjah Cricket Stadium,1,10.1,Islamabad United,Peshawar Zalmi,Misbah-ul-Haq,Khalid Latif,Shahid Afridi,0,0,,,,,,,,,
959199,2015/16,2016-02-12,Sharjah Cricket Stadium,1,10.2,Islamabad United,Peshawar Zalmi,Misbah-ul-Haq,Khalid Latif,Shahid Afridi,1,0,,,,,,,,,
959199,2015/16,2016-02-12,Sharjah Cricket Stadium,1,10.3,Islamabad United,Peshawar Zalmi,Khalid Latif,Misbah-ul-Haq,Shahid Afridi,1,0,,,,,,,,,
959199,2015/16,2016-02-12,Sharjah Cricket Stadium,1,10.4,Islamabad United,Peshawar Zalmi,Misbah-ul-Haq,Khalid Latif,Shahid Afridi,0,0,,,,,,,,,
959199,2015/16,2016-02-12,Sharjah Cricket Stadium,1,10.5,Islamabad United,Peshawar Zalmi,Misbah-ul-Haq,Khalid Latif,Shahid Afridi,1,0,,,,,,,,,
959199,2015/16,2016-02-12,Sharjah Cricket Stadium,1,10.6,Islamabad United,Peshawar Zalmi,Khalid Latif,Misbah-ul-Haq,Shahid Afridi,1,0,,,,,,,,,
959199,2015/16,2016-02-12,Sharjah Cricket Stadium,1,11.1,Islamabad United,Peshawar Zalmi,Khalid Latif,Misbah-ul-Haq,Wahab Riaz,0,0,,,,,,,,,
959199,2015/16,2016-02-12,Sharjah Cricket Stadium,1,11.2,Islamabad United,Peshawar Zalmi,Khalid Latif,Misbah-ul-Haq,Wahab Riaz,1,0,,,,,,,,,
959199,2015/16,2016-02-12,Sharjah Cricket Stadium,1,11.3,Islamabad United,Peshawar Zalmi,Misbah-ul-Haq,Khalid Latif,Wahab Riaz,0,0,,,,,,,,,
959199,2015/16,2016-02-12,Sharjah Cricket Stadium,1,11.4,Islamabad United,Peshawar Zalmi,Misbah-ul-Haq,Khalid Latif,Wahab Riaz,0,0,,,,,,,,,
959199,2015/16,2016-02-12,Sharjah Cricket Stadium,1,11.5,Islamabad United,Peshawar Zalmi,Misbah-ul-Haq,Khalid Latif,Wahab Riaz,0,0,,,,,,,,,
959199,2015/16,2016-02-12,Sharjah Cricket Stadium,1,11.6,Islamabad United,Peshawar Zalmi,Misbah-ul-Haq,Khalid Latif,Wahab Riaz,4,0,,,,,,,,,
959199,2015/16,2016-02-12,Sharjah Cricket Stadium,1,12.1,Islamabad United,Peshawar Zalmi,Khalid Latif,Misbah-ul-Haq,Mohammad Asghar,6,0,,,,,,,,,
959199,2015/16,2016-02-12,Sharjah Cricket Stadium,1,12.2,Islamabad United,Peshawar Zalmi,Khalid Latif,Misbah-ul-Haq,Mohammad Asghar,1,0,,,,,,,,,
959199,2015/16,2016-02-12,Sharjah Cricket Stadium,1,12.3,Islamabad United,Peshawar Zalmi,Misbah-ul-Haq,Khalid Latif,Mohammad Asghar,1,0,,,,,,,,,
959199,2015/16,2016-02-12,Sharjah Cricket Stadium,1,12.4,Islamabad United,Peshawar Zalmi,Khalid Latif,Misbah-ul-Haq,Mohammad Asghar,1,0,,,,,,,,,
959199,2015/16,2016-02-12,Sharjah Cricket Stadium,1,12.5,Islamabad United,Peshawar Zalmi,Misbah-ul-Haq,Khalid Latif,Mohammad Asghar,0,0,,,,,,,,,
959199,2015/16,2016-02-12,Sharjah Cricket Stadium,1,12.6,Islamabad United,Peshawar Zalmi,Misbah-ul-Haq,Khalid Latif,Mohammad Asghar,1,0,,,,,,,,,
959199,2015/16,2016-02-12,Sharjah Cricket Stadium,1,13.1,Islamabad United,Peshawar Zalmi,Misbah-ul-Haq,Khalid Latif,Shahid Afridi,6,0,,,,,,,,,
959199,2015/16,2016-02-12,Sharjah Cricket Stadium,1,13.2,Islamabad United,Peshawar Zalmi,Misbah-ul-Haq,Khalid Latif,Shahid Afridi,0,0,,,,,,,,,
959199,2015/16,2016-02-12,Sharjah Cricket Stadium,1,13.3,Islamabad United,Peshawar Zalmi,Misbah-ul-Haq,Khalid Latif,Shahid Afridi,0,0,,,,,,,,,
959199,2015/16,2016-02-12,Sharjah Cricket Stadium,1,13.4,Islamabad United,Peshawar Zalmi,Misbah-ul-Haq,Khalid Latif,Shahid Afridi,6,0,,,,,,,,,
959199,2015/16,2016-02-12,Sharjah Cricket Stadium,1,13.5,Islamabad United,Peshawar Zalmi,Misbah-ul-Haq,Khalid Latif,Shahid Afridi,4,0,,,,,,,,,
959199,2015/16,2016-02-12,Sharjah Cricket Stadium,1,13.6,Islamabad United,Peshawar Zalmi,Misbah-ul-Haq,Khalid Latif,Shahid Afridi,0,0,,,,,,,,,
959199,2015/16,2016-02-12,Sharjah Cricket Stadium,1,14.1,Islamabad United,Peshawar Zalmi,Khalid Latif,Misbah-ul-Haq,Junaid Khan,1,0,,,,,,,,,
959199,2015/16,2016-02-12,Sharjah Cricket Stadium,1,14.2,Islamabad United,Peshawar Zalmi,Misbah-ul-Haq,Khalid Latif,Junaid Khan,0,0,,,,,,,,,
959199,2015/16,2016-02-12,Sharjah Cricket Stadium,1,14.3,Islamabad United,Peshawar Zalmi,Misbah-ul-Haq,Khalid Latif,Junaid Khan,1,0,,,,,,,,,
959199,2015/16,2016-02-12,Sharjah Cricket Stadium,1,14.4,Islamabad United,Peshawar Zalmi,Khalid Latif,Misbah-ul-Haq,Junaid Khan,2,0,,,,,,,,,
959199,2015/16,2016-02-12,Sharjah Cricket Stadium,1,14.5,Islamabad United,Peshawar Zalmi,Khalid Latif,Misbah-ul-Haq,Junaid Khan,1,0,,,,,,,,,
959199,2015/16,2016-02-12,Sharjah Cricket Stadium,1,14.6,Islamabad United,Peshawar Zalmi,Misbah-ul-Haq,Khalid Latif,Junaid Khan,1,0,,,,,,,,,
959199,2015/16,2016-02-12,Sharjah Cricket Stadium,1,15.1,Islamabad United,Peshawar Zalmi,Misbah-ul-Haq,Khalid Latif,SW Tait,4,0,,,,,,,,,
959199,2015/16,2016-02-12,Sharjah Cricket Stadium,1,15.2,Islamabad United,Peshawar Zalmi,Misbah-ul-Haq,Khalid Latif,SW Tait,0,0,,,,,,,,,
959199,2015/16,2016-02-12,Sharjah Cricket Stadium,1,15.3,Islamabad United,Peshawar Zalmi,Misbah-ul-Haq,Khalid Latif,SW Tait,1,0,,,,,,,,,
959199,2015/16,2016-02-12,Sharjah Cricket Stadium,1,15.4,Islamabad United,Peshawar Zalmi,Khalid Latif,Misbah-ul-Haq,SW Tait,1,0,,,,,,,,,
959199,2015/16,2016-02-12,Sharjah Cricket Stadium,1,15.5,Islamabad United,Peshawar Zalmi,Misbah-ul-Haq,Khalid Latif,SW Tait,0,0,,,,,,,,,
959199,2015/16,2016-02-12,Sharjah Cricket Stadium,1,15.6,Islamabad United,Peshawar Zalmi,Misbah-ul-Haq,Khalid Latif,SW Tait,1,0,,,,,,,,,
959199,2015/16,2016-02-12,Sharjah Cricket Stadium,1,16.1,Islamabad United,Peshawar Zalmi,Misbah-ul-Haq,Khalid Latif,Wahab Riaz,0,1,,,,1,,,,,
959199,2015/16,2016-02-12,Sharjah Cricket Stadium,1,16.2,Islamabad United,Peshawar Zalmi,Khalid Latif,Misbah-ul-Haq,Wahab Riaz,6,0,,,,,,,,,
959199,2015/16,2016-02-12,Sharjah Cricket Stadium,1,16.3,Islamabad United,Peshawar Zalmi,Khalid Latif,Misbah-ul-Haq,Wahab Riaz,0,0,,,,,,,,,
959199,2015/16,2016-02-12,Sharjah Cricket Stadium,1,16.4,Islamabad United,Peshawar Zalmi,Khalid Latif,Misbah-ul-Haq,Wahab Riaz,0,1,1,,,,,,,,
959199,2015/16,2016-02-12,Sharjah Cricket Stadium,1,16.5,Islamabad United,Peshawar Zalmi,Khalid Latif,Misbah-ul-Haq,Wahab Riaz,1,0,,,,,,,,,
959199,2015/16,2016-02-12,Sharjah Cricket Stadium,1,16.6,Islamabad United,Peshawar Zalmi,Misbah-ul-Haq,Khalid Latif,Wahab Riaz,0,0,,,,,,caught,Misbah-ul-Haq,,
959199,2015/16,2016-02-12,Sharjah Cricket Stadium,1,16.7,Islamabad United,Peshawar Zalmi,AD Russell,Khalid Latif,Wahab Riaz,2,0,,,,,,,,,
959199,2015/16,2016-02-12,Sharjah Cricket Stadium,1,17.1,Islamabad United,Peshawar Zalmi,Khalid Latif,AD Russell,Mohammad Asghar,2,0,,,,,,,,,
959199,2015/16,2016-02-12,Sharjah Cricket Stadium,1,17.2,Islamabad United,Peshawar Zalmi,Khalid Latif,AD Russell,Mohammad Asghar,1,0,,,,,,,,,
959199,2015/16,2016-02-12,Sharjah Cricket Stadium,1,17.3,Islamabad United,Peshawar Zalmi,AD Russell,Khalid Latif,Mohammad Asghar,0,0,,,,,,caught,AD Russell,,
959199,2015/16,2016-02-12,Sharjah Cricket Stadium,1,17.4,Islamabad United,Peshawar Zalmi,Khalid Latif,BJ Haddin,Mohammad Asghar,6,0,,,,,,,,,
959199,2015/16,2016-02-12,Sharjah Cricket Stadium,1,17.5,Islamabad United,Peshawar Zalmi,Khalid Latif,BJ Haddin,Mohammad Asghar,2,0,,,,,,,,,
959199,2015/16,2016-02-12,Sharjah Cricket Stadium,1,17.6,Islamabad United,Peshawar Zalmi,Khalid Latif,BJ Haddin,Mohammad Asghar,1,0,,,,,,,,,
959199,2015/16,2016-02-12,Sharjah Cricket Stadium,1,18.1,Islamabad United,Peshawar Zalmi,Khalid Latif,BJ Haddin,Wahab Riaz,0,0,,,,,,,,,
959199,2015/16,2016-02-12,Sharjah Cricket Stadium,1,18.2,Islamabad United,Peshawar Zalmi,Khalid Latif,BJ Haddin,Wahab Riaz,2,0,,,,,,,,,
959199,2015/16,2016-02-12,Sharjah Cricket Stadium,1,18.3,Islamabad United,Peshawar Zalmi,Khalid Latif,BJ Haddin,Wahab Riaz,0,0,,,,,,,,,
959199,2015/16,2016-02-12,Sharjah Cricket Stadium,1,18.4,Islamabad United,Peshawar Zalmi,Khalid Latif,BJ Haddin,Wahab Riaz,0,0,,,,,,caught,Khalid Latif,,
959199,2015/16,2016-02-12,Sharjah Cricket Stadium,1,18.5,Islamabad United,Peshawar Zalmi,BJ Haddin,Asif Ali,Wahab Riaz,0,0,,,,,,,,,
959199,2015/16,2016-02-12,Sharjah Cricket Stadium,1,18.6,Islamabad United,Peshawar Zalmi,BJ Haddin,Asif Ali,Wahab Riaz,0,0,,,,,,,,,
959199,2015/16,2016-02-12,Sharjah Cricket Stadium,1,19.1,Islamabad United,Peshawar Zalmi,Asif Ali,BJ Haddin,Junaid Khan,0,0,,,,,,lbw,Asif Ali,,
959199,2015/16,2016-02-12,Sharjah Cricket Stadium,1,19.2,Islamabad United,Peshawar Zalmi,Mohammad Sami,BJ Haddin,Junaid Khan,1,0,,,,,,,,,
959199,2015/16,2016-02-12,Sharjah Cricket Stadium,1,19.3,Islamabad United,Peshawar Zalmi,BJ Haddin,Mohammad Sami,Junaid Khan,1,0,,,,,,,,,
959199,2015/16,2016-02-12,Sharjah Cricket Stadium,1,19.4,Islamabad United,Peshawar Zalmi,Mohammad Sami,BJ Haddin,Junaid Khan,2,0,,,,,,,,,
959199,2015/16,2016-02-12,Sharjah Cricket Stadium,1,19.5,Islamabad United,Peshawar Zalmi,Mohammad Sami,BJ Haddin,Junaid Khan,0,1,,,1,,,,,,
959199,2015/16,2016-02-12,Sharjah Cricket Stadium,1,19.6,Islamabad United,Peshawar Zalmi,BJ Haddin,Mohammad Sami,Junaid Khan,1,0,,,,,,,,,
959199,2015/16,2016-02-12,Sharjah Cricket Stadium,2,0.1,Peshawar Zalmi,Islamabad United,Tamim Iqbal,Mohammad Hafeez,AD Russell,0,0,,,,,,,,,
959199,2015/16,2016-02-12,Sharjah Cricket Stadium,2,0.2,Peshawar Zalmi,Islamabad United,Tamim Iqbal,Mohammad Hafeez,AD Russell,0,0,,,,,,,,,
959199,2015/16,2016-02-12,Sharjah Cricket Stadium,2,0.3,Peshawar Zalmi,Islamabad United,Tamim Iqbal,Mohammad Hafeez,AD Russell,1,0,,,,,,,,,
959199,2015/16,2016-02-12,Sharjah Cricket Stadium,2,0.4,Peshawar Zalmi,Islamabad United,Mohammad Hafeez,Tamim Iqbal,AD Russell,0,0,,,,,,,,,
959199,2015/16,2016-02-12,Sharjah Cricket Stadium,2,0.5,Peshawar Zalmi,Islamabad United,Mohammad Hafeez,Tamim Iqbal,AD Russell,0,0,,,,,,,,,
959199,2015/16,2016-02-12,Sharjah Cricket Stadium,2,0.6,Peshawar Zalmi,Islamabad United,Mohammad Hafeez,Tamim Iqbal,AD Russell,6,0,,,,,,,,,
959199,2015/16,2016-02-12,Sharjah Cricket Stadium,2,1.1,Peshawar Zalmi,Islamabad United,Tamim Iqbal,Mohammad Hafeez,Mohammad Sami,0,0,,,,,,,,,
959199,2015/16,2016-02-12,Sharjah Cricket Stadium,2,1.2,Peshawar Zalmi,Islamabad United,Tamim Iqbal,Mohammad Hafeez,Mohammad Sami,4,0,,,,,,,,,
959199,2015/16,2016-02-12,Sharjah Cricket Stadium,2,1.3,Peshawar Zalmi,Islamabad United,Tamim Iqbal,Mohammad Hafeez,Mohammad Sami,0,0,,,,,,,,,
959199,2015/16,2016-02-12,Sharjah Cricket Stadium,2,1.4,Peshawar Zalmi,Islamabad United,Tamim Iqbal,Mohammad Hafeez,Mohammad Sami,1,0,,,,,,,,,
959199,2015/16,2016-02-12,Sharjah Cricket Stadium,2,1.5,Peshawar Zalmi,Islamabad United,Mohammad Hafeez,Tamim Iqbal,Mohammad Sami,0,0,,,,,,,,,
959199,2015/16,2016-02-12,Sharjah Cricket Stadium,2,1.6,Peshawar Zalmi,Islamabad United,Mohammad Hafeez,Tamim Iqbal,Mohammad Sami,2,0,,,,,,,,,
959199,2015/16,2016-02-12,Sharjah Cricket Stadium,2,2.1,Peshawar Zalmi,Islamabad United,Tamim Iqbal,Mohammad Hafeez,AD Russell,1,0,,,,,,,,,
959199,2015/16,2016-02-12,Sharjah Cricket Stadium,2,2.2,Peshawar Zalmi,Islamabad United,Mohammad Hafeez,Tamim Iqbal,AD Russell,0,0,,,,,,,,,
959199,2015/16,2016-02-12,Sharjah Cricket Stadium,2,2.3,Peshawar Zalmi,Islamabad United,Mohammad Hafeez,Tamim Iqbal,AD Russell,4,0,,,,,,,,,
959199,2015/16,2016-02-12,Sharjah Cricket Stadium,2,2.4,Peshawar Zalmi,Islamabad United,Mohammad Hafeez,Tamim Iqbal,AD Russell,0,0,,,,,,,,,
959199,2015/16,2016-02-12,Sharjah Cricket Stadium,2,2.5,Peshawar Zalmi,Islamabad United,Mohammad Hafeez,Tamim Iqbal,AD Russell,4,0,,,,,,,,,
959199,2015/16,2016-02-12,Sharjah Cricket Stadium,2,2.6,Peshawar Zalmi,Islamabad United,Mohammad Hafeez,Tamim Iqbal,AD Russell,4,0,,,,,,,,,
959199,2015/16,2016-02-12,Sharjah Cricket Stadium,2,3.1,Peshawar Zalmi,Islamabad United,Tamim Iqbal,Mohammad Hafeez,Rumman Raees,0,0,,,,,,,,,
959199,2015/16,2016-02-12,Sharjah Cricket Stadium,2,3.2,Peshawar Zalmi,Islamabad United,Tamim Iqbal,Mohammad Hafeez,Rumman Raees,1,0,,,,,,,,,
959199,2015/16,2016-02-12,Sharjah Cricket Stadium,2,3.3,Peshawar Zalmi,Islamabad United,Mohammad Hafeez,Tamim Iqbal,Rumman Raees,0,0,,,,,,,,,
959199,2015/16,2016-02-12,Sharjah Cricket Stadium,2,3.4,Peshawar Zalmi,Islamabad United,Mohammad Hafeez,Tamim Iqbal,Rumman Raees,1,0,,,,,,,,,
959199,2015/16,2016-02-12,Sharjah Cricket Stadium,2,3.5,Peshawar Zalmi,Islamabad United,Tamim Iqbal,Mohammad Hafeez,Rumman Raees,1,0,,,,,,,,,
959199,2015/16,2016-02-12,Sharjah Cricket Stadium,2,3.6,Peshawar Zalmi,Islamabad United,Mohammad Hafeez,Tamim Iqbal,Rumman Raees,4,0,,,,,,,,,
959199,2015/16,2016-02-12,Sharjah Cricket Stadium,2,4.1,Peshawar Zalmi,Islamabad United,Tamim Iqbal,Mohammad Hafeez,Mohammad Sami,0,0,,,,,,,,,
959199,2015/16,2016-02-12,Sharjah Cricket Stadium,2,4.2,Peshawar Zalmi,Islamabad United,Tamim Iqbal,Mohammad Hafeez,Mohammad Sami,0,0,,,,,,,,,
959199,2015/16,2016-02-12,Sharjah Cricket Stadium,2,4.3,Peshawar Zalmi,Islamabad United,Tamim Iqbal,Mohammad Hafeez,Mohammad Sami,0,1,1,,,,,,,,
959199,2015/16,2016-02-12,Sharjah Cricket Stadium,2,4.4,Peshawar Zalmi,Islamabad United,Tamim Iqbal,Mohammad Hafeez,Mohammad Sami,1,0,,,,,,,,,
959199,2015/16,2016-02-12,Sharjah Cricket Stadium,2,4.5,Peshawar Zalmi,Islamabad United,Mohammad Hafeez,Tamim Iqbal,Mohammad Sami,0,0,,,,,,caught,Mohammad Hafeez,,
959199,2015/16,2016-02-12,Sharjah Cricket Stadium,2,4.6,Peshawar Zalmi,Islamabad United,Tamim Iqbal,J Allenby,Mohammad Sami,1,0,,,,,,,,,
959199,2015/16,2016-02-12,Sharjah Cricket Stadium,2,4.7,Peshawar Zalmi,Islamabad United,J Allenby,Tamim Iqbal,Mohammad Sami,0,0,,,,,,,,,
959199,2015/16,2016-02-12,Sharjah Cricket Stadium,2,5.1,Peshawar Zalmi,Islamabad United,Tamim Iqbal,J Allenby,Saeed Ajmal,4,0,,,,,,,,,
959199,2015/16,2016-02-12,Sharjah Cricket Stadium,2,5.2,Peshawar Zalmi,Islamabad United,Tamim Iqbal,J Allenby,Saeed Ajmal,1,0,,,,,,,,,
959199,2015/16,2016-02-12,Sharjah Cricket Stadium,2,5.3,Peshawar Zalmi,Islamabad United,J Allenby,Tamim Iqbal,Saeed Ajmal,1,0,,,,,,,,,
959199,2015/16,2016-02-12,Sharjah Cricket Stadium,2,5.4,Peshawar Zalmi,Islamabad United,Tamim Iqbal,J Allenby,Saeed Ajmal,0,0,,,,,,,,,
959199,2015/16,2016-02-12,Sharjah Cricket Stadium,2,5.5,Peshawar Zalmi,Islamabad United,Tamim Iqbal,J Allenby,Saeed Ajmal,1,0,,,,,,,,,
959199,2015/16,2016-02-12,Sharjah Cricket Stadium,2,5.6,Peshawar Zalmi,Islamabad United,J Allenby,Tamim Iqbal,Saeed Ajmal,4,0,,,,,,,,,
959199,2015/16,2016-02-12,Sharjah Cricket Stadium,2,6.1,Peshawar Zalmi,Islamabad United,Tamim Iqbal,J Allenby,S Badree,1,0,,,,,,,,,
959199,2015/16,2016-02-12,Sharjah Cricket Stadium,2,6.2,Peshawar Zalmi,Islamabad United,J Allenby,Tamim Iqbal,S Badree,0,0,,,,,,,,,
959199,2015/16,2016-02-12,Sharjah Cricket Stadium,2,6.3,Peshawar Zalmi,Islamabad United,J Allenby,Tamim Iqbal,S Badree,0,0,,,,,,,,,
959199,2015/16,2016-02-12,Sharjah Cricket Stadium,2,6.4,Peshawar Zalmi,Islamabad United,J Allenby,Tamim Iqbal,S Badree,0,0,,,,,,,,,
959199,2015/16,2016-02-12,Sharjah Cricket Stadium,2,6.5,Peshawar Zalmi,Islamabad United,J Allenby,Tamim Iqbal,S Badree,1,0,,,,,,,,,
959199,2015/16,2016-02-12,Sharjah Cricket Stadium,2,6.6,Peshawar Zalmi,Islamabad United,Tamim Iqbal,J Allenby,S Badree,0,0,,,,,,,,,
959199,2015/16,2016-02-12,Sharjah Cricket Stadium,2,7.1,Peshawar Zalmi,Islamabad United,J Allenby,Tamim Iqbal,Saeed Ajmal,0,0,,,,,,,,,
959199,2015/16,2016-02-12,Sharjah Cricket Stadium,2,7.2,Peshawar Zalmi,Islamabad United,J Allenby,Tamim Iqbal,Saeed Ajmal,0,0,,,,,,,,,
959199,2015/16,2016-02-12,Sharjah Cricket Stadium,2,7.3,Peshawar Zalmi,Islamabad United,J Allenby,Tamim Iqbal,Saeed Ajmal,1,0,,,,,,,,,
959199,2015/16,2016-02-12,Sharjah Cricket Stadium,2,7.4,Peshawar Zalmi,Islamabad United,Tamim Iqbal,J Allenby,Saeed Ajmal,6,0,,,,,,,,,
959199,2015/16,2016-02-12,Sharjah Cricket Stadium,2,7.5,Peshawar Zalmi,Islamabad United,Tamim Iqbal,J Allenby,Saeed Ajmal,6,0,,,,,,,,,
959199,2015/16,2016-02-12,Sharjah Cricket Stadium,2,7.6,Peshawar Zalmi,Islamabad United,Tamim Iqbal,J Allenby,Saeed Ajmal,0,0,,,,,,,,,
959199,2015/16,2016-02-12,Sharjah Cricket Stadium,2,8.1,Peshawar Zalmi,Islamabad United,J Allenby,Tamim Iqbal,S Badree,0,0,,,,,,caught,J Allenby,,
959199,2015/16,2016-02-12,Sharjah Cricket Stadium,2,8.2,Peshawar Zalmi,Islamabad United,Tamim Iqbal,Kamran Akmal,S Badree,1,0,,,,,,,,,
959199,2015/16,2016-02-12,Sharjah Cricket Stadium,2,8.3,Peshawar Zalmi,Islamabad United,Kamran Akmal,Tamim Iqbal,S Badree,1,0,,,,,,,,,
959199,2015/16,2016-02-12,Sharjah Cricket Stadium,2,8.4,Peshawar Zalmi,Islamabad United,Tamim Iqbal,Kamran Akmal,S Badree,0,0,,,,,,,,,
959199,2015/16,2016-02-12,Sharjah Cricket Stadium,2,8.5,Peshawar Zalmi,Islamabad United,Tamim Iqbal,Kamran Akmal,S Badree,1,0,,,,,,,,,
959199,2015/16,2016-02-12,Sharjah Cricket Stadium,2,8.6,Peshawar Zalmi,Islamabad United,Kamran Akmal,Tamim Iqbal,S Badree,0,0,,,,,,,,,
959199,2015/16,2016-02-12,Sharjah Cricket Stadium,2,9.1,Peshawar Zalmi,Islamabad United,Tamim Iqbal,Kamran Akmal,SR Watson,2,0,,,,,,,,,
959199,2015/16,2016-02-12,Sharjah Cricket Stadium,2,9.2,Peshawar Zalmi,Islamabad United,Tamim Iqbal,Kamran Akmal,SR Watson,2,0,,,,,,,,,
959199,2015/16,2016-02-12,Sharjah Cricket Stadium,2,9.3,Peshawar Zalmi,Islamabad United,Tamim Iqbal,Kamran Akmal,SR Watson,1,0,,,,,,,,,
959199,2015/16,2016-02-12,Sharjah Cricket Stadium,2,9.4,Peshawar Zalmi,Islamabad United,Kamran Akmal,Tamim Iqbal,SR Watson,0,0,,,,,,,,,
959199,2015/16,2016-02-12,Sharjah Cricket Stadium,2,9.5,Peshawar Zalmi,Islamabad United,Kamran Akmal,Tamim Iqbal,SR Watson,0,0,,,,,,,,,
959199,2015/16,2016-02-12,Sharjah Cricket Stadium,2,9.6,Peshawar Zalmi,Islamabad United,Kamran Akmal,Tamim Iqbal,SR Watson,0,0,,,,,,,,,
959199,2015/16,2016-02-12,Sharjah Cricket Stadium,2,10.1,Peshawar Zalmi,Islamabad United,Tamim Iqbal,Kamran Akmal,S Badree,6,0,,,,,,,,,
959199,2015/16,2016-02-12,Sharjah Cricket Stadium,2,10.2,Peshawar Zalmi,Islamabad United,Tamim Iqbal,Kamran Akmal,S Badree,1,0,,,,,,,,,
959199,2015/16,2016-02-12,Sharjah Cricket Stadium,2,10.3,Peshawar Zalmi,Islamabad United,Kamran Akmal,Tamim Iqbal,S Badree,1,0,,,,,,,,,
959199,2015/16,2016-02-12,Sharjah Cricket Stadium,2,10.4,Peshawar Zalmi,Islamabad United,Tamim Iqbal,Kamran Akmal,S Badree,1,0,,,,,,,,,
959199,2015/16,2016-02-12,Sharjah Cricket Stadium,2,10.5,Peshawar Zalmi,Islamabad United,Kamran Akmal,Tamim Iqbal,S Badree,1,0,,,,,,,,,
959199,2015/16,2016-02-12,Sharjah Cricket Stadium,2,10.6,Peshawar Zalmi,Islamabad United,Tamim Iqbal,Kamran Akmal,S Badree,1,0,,,,,,,,,
959199,2015/16,2016-02-12,Sharjah Cricket Stadium,2,11.1,Peshawar Zalmi,Islamabad United,Tamim Iqbal,Kamran Akmal,Saeed Ajmal,2,0,,,,,,,,,
959199,2015/16,2016-02-12,Sharjah Cricket Stadium,2,11.2,Peshawar Zalmi,Islamabad United,Tamim Iqbal,Kamran Akmal,Saeed Ajmal,1,0,,,,,,,,,
959199,2015/16,2016-02-12,Sharjah Cricket Stadium,2,11.3,Peshawar Zalmi,Islamabad United,Kamran Akmal,Tamim Iqbal,Saeed Ajmal,1,0,,,,,,,,,
959199,2015/16,2016-02-12,Sharjah Cricket Stadium,2,11.4,Peshawar Zalmi,Islamabad United,Tamim Iqbal,Kamran Akmal,Saeed Ajmal,1,0,,,,,,,,,
959199,2015/16,2016-02-12,Sharjah Cricket Stadium,2,11.5,Peshawar Zalmi,Islamabad United,Kamran Akmal,Tamim Iqbal,Saeed Ajmal,6,0,,,,,,,,,
959199,2015/16,2016-02-12,Sharjah Cricket Stadium,2,11.6,Peshawar Zalmi,Islamabad United,Kamran Akmal,Tamim Iqbal,Saeed Ajmal,0,0,,,,,,stumped,Kamran Akmal,,
959199,2015/16,2016-02-12,Sharjah Cricket Stadium,2,12.1,Peshawar Zalmi,Islamabad United,Tamim Iqbal,Shahid Yousuf,S Badree,1,0,,,,,,,,,
959199,2015/16,2016-02-12,Sharjah Cricket Stadium,2,12.2,Peshawar Zalmi,Islamabad United,Shahid Yousuf,Tamim Iqbal,S Badree,0,0,,,,,,,,,
959199,2015/16,2016-02-12,Sharjah Cricket Stadium,2,12.3,Peshawar Zalmi,Islamabad United,Shahid Yousuf,Tamim Iqbal,S Badree,1,0,,,,,,,,,
959199,2015/16,2016-02-12,Sharjah Cricket Stadium,2,12.4,Peshawar Zalmi,Islamabad United,Tamim Iqbal,Shahid Yousuf,S Badree,1,0,,,,,,,,,
959199,2015/16,2016-02-12,Sharjah Cricket Stadium,2,12.5,Peshawar Zalmi,Islamabad United,Shahid Yousuf,Tamim Iqbal,S Badree,4,0,,,,,,,,,
959199,2015/16,2016-02-12,Sharjah Cricket Stadium,2,12.6,Peshawar Zalmi,Islamabad United,Shahid Yousuf,Tamim Iqbal,S Badree,0,0,,,,,,,,,
959199,2015/16,2016-02-12,Sharjah Cricket Stadium,2,13.1,Peshawar Zalmi,Islamabad United,Tamim Iqbal,Shahid Yousuf,Saeed Ajmal,4,0,,,,,,,,,
959199,2015/16,2016-02-12,Sharjah Cricket Stadium,2,13.2,Peshawar Zalmi,Islamabad United,Tamim Iqbal,Shahid Yousuf,Saeed Ajmal,1,0,,,,,,,,,
959199,2015/16,2016-02-12,Sharjah Cricket Stadium,2,13.3,Peshawar Zalmi,Islamabad United,Shahid Yousuf,Tamim Iqbal,Saeed Ajmal,1,0,,,,,,,,,
959199,2015/16,2016-02-12,Sharjah Cricket Stadium,2,13.4,Peshawar Zalmi,Islamabad United,Tamim Iqbal,Shahid Yousuf,Saeed Ajmal,1,0,,,,,,,,,
959199,2015/16,2016-02-12,Sharjah Cricket Stadium,2,13.5,Peshawar Zalmi,Islamabad United,Shahid Yousuf,Tamim Iqbal,Saeed Ajmal,1,0,,,,,,,,,
959199,2015/16,2016-02-12,Sharjah Cricket Stadium,2,13.6,Peshawar Zalmi,Islamabad United,Tamim Iqbal,Shahid Yousuf,Saeed Ajmal,1,0,,,,,,,,,
959199,2015/16,2016-02-12,Sharjah Cricket Stadium,2,14.1,Peshawar Zalmi,Islamabad United,Tamim Iqbal,Shahid Yousuf,Rumman Raees,0,1,1,,,,,,,,
959199,2015/16,2016-02-12,Sharjah Cricket Stadium,2,14.2,Peshawar Zalmi,Islamabad United,Tamim Iqbal,Shahid Yousuf,Rumman Raees,0,0,,,,,,,,,
959199,2015/16,2016-02-12,Sharjah Cricket Stadium,2,14.3,Peshawar Zalmi,Islamabad United,Tamim Iqbal,Shahid Yousuf,Rumman Raees,1,0,,,,,,,,,
959199,2015/16,2016-02-12,Sharjah Cricket Stadium,2,14.4,Peshawar Zalmi,Islamabad United,Shahid Yousuf,Tamim Iqbal,Rumman Raees,2,0,,,,,,,,,
959199,2015/16,2016-02-12,Sharjah Cricket Stadium,2,14.5,Peshawar Zalmi,Islamabad United,Shahid Yousuf,Tamim Iqbal,Rumman Raees,6,0,,,,,,,,,
959199,2015/16,2016-02-12,Sharjah Cricket Stadium,2,14.6,Peshawar Zalmi,Islamabad United,Shahid Yousuf,Tamim Iqbal,Rumman Raees,1,0,,,,,,,,,
959199,2015/16,2016-02-12,Sharjah Cricket Stadium,2,14.7,Peshawar Zalmi,Islamabad United,Tamim Iqbal,Shahid Yousuf,Rumman Raees,1,0,,,,,,,,,
959199,2015/16,2016-02-12,Sharjah Cricket Stadium,2,15.1,Peshawar Zalmi,Islamabad United,Tamim Iqbal,Shahid Yousuf,Mohammad Sami,2,0,,,,,,,,,
959199,2015/16,2016-02-12,Sharjah Cricket Stadium,2,15.2,Peshawar Zalmi,Islamabad United,Tamim Iqbal,Shahid Yousuf,Mohammad Sami,0,0,,,,,,,,,
959199,2015/16,2016-02-12,Sharjah Cricket Stadium,2,15.3,Peshawar Zalmi,Islamabad United,Tamim Iqbal,Shahid Yousuf,Mohammad Sami,1,0,,,,,,,,,
959199,2015/16,2016-02-12,Sharjah Cricket Stadium,2,15.4,Peshawar Zalmi,Islamabad United,Shahid Yousuf,Tamim Iqbal,Mohammad Sami,0,1,,,,1,,,,,
959199,2015/16,2016-02-12,Sharjah Cricket Stadium,2,15.5,Peshawar Zalmi,Islamabad United,Tamim Iqbal,Shahid Yousuf,Mohammad Sami,1,0,,,,,,,,,
959199,2015/16,2016-02-12,Sharjah Cricket Stadium,2,15.6,Peshawar Zalmi,Islamabad United,Shahid Yousuf,Tamim Iqbal,Mohammad Sami,0,0,,,,,,,,,
959199,2015/16,2016-02-12,Sharjah Cricket Stadium,2,16.1,Peshawar Zalmi,Islamabad United,Tamim Iqbal,Shahid Yousuf,Rumman Raees,4,0,,,,,,,,,
959199,2015/16,2016-02-12,Sharjah Cricket Stadium,2,16.2,Peshawar Zalmi,Islamabad United,Tamim Iqbal,Shahid Yousuf,Rumman Raees,4,0,,,,,,,,,
959199,2015/16,2016-02-12,Sharjah Cricket Stadium,2,16.3,Peshawar Zalmi,Islamabad United,Tamim Iqbal,Shahid Yousuf,Rumman Raees,0,0,,,,,,,,,
959199,2015/16,2016-02-12,Sharjah Cricket Stadium,2,16.4,Peshawar Zalmi,Islamabad United,Tamim Iqbal,Shahid Yousuf,Rumman Raees,4,0,,,,,,,,,
959199,2015/16,2016-02-12,Sharjah Cricket Stadium,2,16.5,Peshawar Zalmi,Islamabad United,Tamim Iqbal,Shahid Yousuf,Rumman Raees,0,0,,,,,,,,,
959199,2015/16,2016-02-12,Sharjah Cricket Stadium,2,16.6,Peshawar Zalmi,Islamabad United,Tamim Iqbal,Shahid Yousuf,Rumman Raees,1,0,,,,,,,,,
959199,2015/16,2016-02-12,Sharjah Cricket Stadium,2,17.1,Peshawar Zalmi,Islamabad United,Tamim Iqbal,Shahid Yousuf,Mohammad Sami,1,0,,,,,,,,,
959199,2015/16,2016-02-12,Sharjah Cricket Stadium,2,17.2,Peshawar Zalmi,Islamabad United,Shahid Yousuf,Tamim Iqbal,Mohammad Sami,1,0,,,,,,,,,
959199,2015/16,2016-02-12,Sharjah Cricket Stadium,2,17.3,Peshawar Zalmi,Islamabad United,Tamim Iqbal,Shahid Yousuf,Mohammad Sami,1,0,,,,,,,,,
959199,2015/16,2016-02-12,Sharjah Cricket Stadium,2,17.4,Peshawar Zalmi,Islamabad United,Shahid Yousuf,Tamim Iqbal,Mohammad Sami,2,0,,,,,,,,,
959199,2015/16,2016-02-12,Sharjah Cricket Stadium,2,17.5,Peshawar Zalmi,Islamabad United,Shahid Yousuf,Tamim Iqbal,Mohammad Sami,4,1,,1,,,,,,,
959199,2015/16,2016-02-12,Sharjah Cricket Stadium,2,17.6,Peshawar Zalmi,Islamabad United,Shahid Yousuf,Tamim Iqbal,Mohammad Sami,0,0,,,,,,,,,
959199,2015/16,2016-02-12,Sharjah Cricket Stadium,2,17.7,Peshawar Zalmi,Islamabad United,Shahid Yousuf,Tamim Iqbal,Mohammad Sami,1,0,,,,,,,,,
959199,2015/16,2016-02-12,Sharjah Cricket Stadium,2,18.1,Peshawar Zalmi,Islamabad United,Shahid Yousuf,Tamim Iqbal,Rumman Raees,0,0,,,,,,,,,
959199,2015/16,2016-02-12,Sharjah Cricket Stadium,2,18.2,Peshawar Zalmi,Islamabad United,Shahid Yousuf,Tamim Iqbal,Rumman Raees,2,0,,,,,,,,,
959199,2015/16,2016-02-12,Sharjah Cricket Stadium,2,18.3,Peshawar Zalmi,Islamabad United,Shahid Yousuf,Tamim Iqbal,Rumman Raees,1,0,,,,,,,,,
