match_id,season,start_date,venue,innings,ball,batting_team,bowling_team,striker,non_striker,bowler,runs_off_bat,extras,wides,noballs,byes,legbyes,penalty,wicket_type,player_dismissed,other_wicket_type,other_player_dismissed
959183,2015/16,2016-02-06,Dubai International Cricket Stadium,1,0.1,Lahore Qalandars,Peshawar Zalmi,CH Gayle,Azhar Ali,Junaid Khan,0,0,,,,,,bowled,CH Gayle,,
959183,2015/16,2016-02-06,Dubai International Cricket Stadium,1,0.2,Lahore Qalandars,Peshawar Zalmi,CS Delport,Azhar Ali,Junaid Khan,0,0,,,,,,,,,
959183,2015/16,2016-02-06,Dubai International Cricket Stadium,1,0.3,Lahore Qalandars,Peshawar Zalmi,CS Delport,Azhar Ali,Junaid Khan,0,0,,,,,,run out,CS Delport,,
959183,2015/16,2016-02-06,Dubai International Cricket Stadium,1,0.4,Lahore Qalandars,Peshawar Zalmi,Azhar Ali,Mohammad Rizwan,Junaid Khan,0,0,,,,,,,,,
959183,2015/16,2016-02-06,Dubai International Cricket Stadium,1,0.5,Lahore Qalandars,Peshawar Zalmi,Azhar Ali,Mohammad Rizwan,Junaid Khan,0,0,,,,,,,,,
959183,2015/16,2016-02-06,Dubai International Cricket Stadium,1,0.6,Lahore Qalandars,Peshawar Zalmi,Azhar Ali,Mohammad Rizwan,Junaid Khan,0,0,,,,,,,,,
959183,2015/16,2016-02-06,Dubai International Cricket Stadium,1,1.1,Lahore Qalandars,Peshawar Zalmi,Mohammad Rizwan,Azhar Ali,SW Tait,4,0,,,,,,,,,
959183,2015/16,2016-02-06,Dubai International Cricket Stadium,1,1.2,Lahore Qalandars,Peshawar Zalmi,Mohammad Rizwan,Azhar Ali,SW Tait,0,0,,,,,,,,,
959183,2015/16,2016-02-06,Dubai International Cricket Stadium,1,1.3,Lahore Qalandars,Peshawar Zalmi,Mohammad Rizwan,Azhar Ali,SW Tait,0,0,,,,,,,,,
959183,2015/16,2016-02-06,Dubai International Cricket Stadium,1,1.4,Lahore Qalandars,Peshawar Zalmi,Mohammad Rizwan,Azhar Ali,SW Tait,0,0,,,,,,caught,Mohammad Rizwan,,
959183,2015/16,2016-02-06,Dubai International Cricket Stadium,1,1.5,Lahore Qalandars,Peshawar Zalmi,Umar Akmal,Azhar Ali,SW Tait,4,0,,,,,,,,,
959183,2015/16,2016-02-06,Dubai International Cricket Stadium,1,1.6,Lahore Qalandars,Peshawar Zalmi,Umar Akmal,Azhar Ali,SW Tait,0,0,,,,,,,,,
959183,2015/16,2016-02-06,Dubai International Cricket Stadium,1,2.1,Lahore Qalandars,Peshawar Zalmi,Azhar Ali,Umar Akmal,Junaid Khan,1,0,,,,,,,,,
959183,2015/16,2016-02-06,Dubai International Cricket Stadium,1,2.2,Lahore Qalandars,Peshawar Zalmi,Umar Akmal,Azhar Ali,Junaid Khan,0,0,,,,,,,,,
959183,2015/16,2016-02-06,Dubai International Cricket Stadium,1,2.3,Lahore Qalandars,Peshawar Zalmi,Umar Akmal,Azhar Ali,Junaid Khan,1,0,,,,,,,,,
959183,2015/16,2016-02-06,Dubai International Cricket Stadium,1,2.4,Lahore Qalandars,Peshawar Zalmi,Azhar Ali,Umar Akmal,Junaid Khan,0,0,,,,,,,,,
959183,2015/16,2016-02-06,Dubai International Cricket Stadium,1,2.5,Lahore Qalandars,Peshawar Zalmi,Azhar Ali,Umar Akmal,Junaid Khan,3,0,,,,,,,,,
959183,2015/16,2016-02-06,Dubai International Cricket Stadium,1,2.6,Lahore Qalandars,Peshawar Zalmi,Umar Akmal,Azhar Ali,Junaid Khan,0,0,,,,,,,,,
959183,2015/16,2016-02-06,Dubai International Cricket Stadium,1,3.1,Lahore Qalandars,Peshawar Zalmi,Azhar Ali,Umar Akmal,SW Tait,1,0,,,,,,,,,
959183,2015/16,2016-02-06,Dubai International Cricket Stadium,1,3.2,Lahore Qalandars,Peshawar Zalmi,Umar Akmal,Azhar Ali,SW Tait,0,0,,,,,,,,,
959183,2015/16,2016-02-06,Dubai International Cricket Stadium,1,3.3,Lahore Qalandars,Peshawar Zalmi,Umar Akmal,Azhar Ali,SW Tait,4,0,,,,,,,,,
959183,2015/16,2016-02-06,Dubai International Cricket Stadium,1,3.4,Lahore Qalandars,Peshawar Zalmi,Umar Akmal,Azhar Ali,SW Tait,0,0,,,,,,,,,
959183,2015/16,2016-02-06,Dubai International Cricket Stadium,1,3.5,Lahore Qalandars,Peshawar Zalmi,Umar Akmal,Azhar Ali,SW Tait,0,0,,,,,,,,,
959183,2015/16,2016-02-06,Dubai International Cricket Stadium,1,3.6,Lahore Qalandars,Peshawar Zalmi,Umar Akmal,Azhar Ali,SW Tait,0,1,1,,,,,,,,
959183,2015/16,2016-02-06,Dubai International Cricket Stadium,1,3.7,Lahore Qalandars,Peshawar Zalmi,Umar Akmal,Azhar Ali,SW Tait,0,0,,,,,,,,,
959183,2015/16,2016-02-06,Dubai International Cricket Stadium,1,4.1,Lahore Qalandars,Peshawar Zalmi,Azhar Ali,Umar Akmal,Mohammad Asghar,0,0,,,,,,,,,
959183,2015/16,2016-02-06,Dubai International Cricket Stadium,1,4.2,Lahore Qalandars,Peshawar Zalmi,Azhar Ali,Umar Akmal,Mohammad Asghar,0,0,,,,,,,,,
959183,2015/16,2016-02-06,Dubai International Cricket Stadium,1,4.3,Lahore Qalandars,Peshawar Zalmi,Azhar Ali,Umar Akmal,Mohammad Asghar,0,0,,,,,,,,,
959183,2015/16,2016-02-06,Dubai International Cricket Stadium,1,4.4,Lahore Qalandars,Peshawar Zalmi,Azhar Ali,Umar Akmal,Mohammad Asghar,0,0,,,,,,,,,
959183,2015/16,2016-02-06,Dubai International Cricket Stadium,1,4.5,Lahore Qalandars,Peshawar Zalmi,Azhar Ali,Umar Akmal,Mohammad Asghar,0,0,,,,,,,,,
959183,2015/16,2016-02-06,Dubai International Cricket Stadium,1,4.6,Lahore Qalandars,Peshawar Zalmi,Azhar Ali,Umar Akmal,Mohammad Asghar,1,0,,,,,,,,,
959183,2015/16,2016-02-06,Dubai International Cricket Stadium,1,5.1,Lahore Qalandars,Peshawar Zalmi,Azhar Ali,Umar Akmal,Wahab Riaz,0,0,,,,,,,,,
959183,2015/16,2016-02-06,Dubai International Cricket Stadium,1,5.2,Lahore Qalandars,Peshawar Zalmi,Azhar Ali,Umar Akmal,Wahab Riaz,4,0,,,,,,,,,
959183,2015/16,2016-02-06,Dubai International Cricket Stadium,1,5.3,Lahore Qalandars,Peshawar Zalmi,Azhar Ali,Umar Akmal,Wahab Riaz,1,0,,,,,,,,,
959183,2015/16,2016-02-06,Dubai International Cricket Stadium,1,5.4,Lahore Qalandars,Peshawar Zalmi,Umar Akmal,Azhar Ali,Wahab Riaz,0,0,,,,,,,,,
959183,2015/16,2016-02-06,Dubai International Cricket Stadium,1,5.5,Lahore Qalandars,Peshawar Zalmi,Umar Akmal,Azhar Ali,Wahab Riaz,0,1,,,,1,,,,,
959183,2015/16,2016-02-06,Dubai International Cricket Stadium,1,5.6,Lahore Qalandars,Peshawar Zalmi,Azhar Ali,Umar Akmal,Wahab Riaz,1,0,,,,,,,,,
959183,2015/16,2016-02-06,Dubai International Cricket Stadium,1,6.1,Lahore Qalandars,Peshawar Zalmi,Azhar Ali,Umar Akmal,Shahid Afridi,1,0,,,,,,,,,
959183,2015/16,2016-02-06,Dubai International Cricket Stadium,1,6.2,Lahore Qalandars,Peshawar Zalmi,Umar Akmal,Azhar Ali,Shahid Afridi,0,0,,,,,,,,,
959183,2015/16,2016-02-06,Dubai International Cricket Stadium,1,6.3,Lahore Qalandars,Peshawar Zalmi,Umar Akmal,Azhar Ali,Shahid Afridi,4,0,,,,,,,,,
959183,2015/16,2016-02-06,Dubai International Cricket Stadium,1,6.4,Lahore Qalandars,Peshawar Zalmi,Umar Akmal,Azhar Ali,Shahid Afridi,1,0,,,,,,,,,
959183,2015/16,2016-02-06,Dubai International Cricket Stadium,1,6.5,Lahore Qalandars,Peshawar Zalmi,Azhar Ali,Umar Akmal,Shahid Afridi,1,0,,,,,,,,,
959183,2015/16,2016-02-06,Dubai International Cricket Stadium,1,6.6,Lahore Qalandars,Peshawar Zalmi,Umar Akmal,Azhar Ali,Shahid Afridi,1,0,,,,,,,,,
959183,2015/16,2016-02-06,Dubai International Cricket Stadium,1,7.1,Lahore Qalandars,Peshawar Zalmi,Umar Akmal,Azhar Ali,Mohammad Asghar,0,0,,,,,,,,,
959183,2015/16,2016-02-06,Dubai International Cricket Stadium,1,7.2,Lahore Qalandars,Peshawar Zalmi,Umar Akmal,Azhar Ali,Mohammad Asghar,0,0,,,,,,,,,
959183,2015/16,2016-02-06,Dubai International Cricket Stadium,1,7.3,Lahore Qalandars,Peshawar Zalmi,Umar Akmal,Azhar Ali,Mohammad Asghar,0,0,,,,,,,,,
959183,2015/16,2016-02-06,Dubai International Cricket Stadium,1,7.4,Lahore Qalandars,Peshawar Zalmi,Umar Akmal,Azhar Ali,Mohammad Asghar,4,0,,,,,,,,,
959183,2015/16,2016-02-06,Dubai International Cricket Stadium,1,7.5,Lahore Qalandars,Peshawar Zalmi,Umar Akmal,Azhar Ali,Mohammad Asghar,1,0,,,,,,,,,
959183,2015/16,2016-02-06,Dubai International Cricket Stadium,1,7.6,Lahore Qalandars,Peshawar Zalmi,Azhar Ali,Umar Akmal,Mohammad Asghar,1,0,,,,,,,,,
959183,2015/16,2016-02-06,Dubai International Cricket Stadium,1,8.1,Lahore Qalandars,Peshawar Zalmi,Azhar Ali,Umar Akmal,Shahid Afridi,0,0,,,,,,,,,
959183,2015/16,2016-02-06,Dubai International Cricket Stadium,1,8.2,Lahore Qalandars,Peshawar Zalmi,Azhar Ali,Umar Akmal,Shahid Afridi,2,0,,,,,,,,,
959183,2015/16,2016-02-06,Dubai International Cricket Stadium,1,8.3,Lahore Qalandars,Peshawar Zalmi,Azhar Ali,Umar Akmal,Shahid Afridi,0,0,,,,,,,,,
959183,2015/16,2016-02-06,Dubai International Cricket Stadium,1,8.4,Lahore Qalandars,Peshawar Zalmi,Azhar Ali,Umar Akmal,Shahid Afridi,1,0,,,,,,,,,
959183,2015/16,2016-02-06,Dubai International Cricket Stadium,1,8.5,Lahore Qalandars,Peshawar Zalmi,Umar Akmal,Azhar Ali,Shahid Afridi,0,0,,,,,,,,,
959183,2015/16,2016-02-06,Dubai International Cricket Stadium,1,8.6,Lahore Qalandars,Peshawar Zalmi,Umar Akmal,Azhar Ali,Shahid Afridi,1,0,,,,,,,,,
959183,2015/16,2016-02-06,Dubai International Cricket Stadium,1,9.1,Lahore Qalandars,Peshawar Zalmi,Umar Akmal,Azhar Ali,Mohammad Asghar,0,0,,,,,,,,,
959183,2015/16,2016-02-06,Dubai International Cricket Stadium,1,9.2,Lahore Qalandars,Peshawar Zalmi,Umar Akmal,Azhar Ali,Mohammad Asghar,0,0,,,,,,,,,
959183,2015/16,2016-02-06,Dubai International Cricket Stadium,1,9.3,Lahore Qalandars,Peshawar Zalmi,Umar Akmal,Azhar Ali,Mohammad Asghar,0,0,,,,,,caught,Umar Akmal,,
959183,2015/16,2016-02-06,Dubai International Cricket Stadium,1,9.4,Lahore Qalandars,Peshawar Zalmi,DJ Bravo,Azhar Ali,Mohammad Asghar,0,0,,,,,,,,,
959183,2015/16,2016-02-06,Dubai International Cricket Stadium,1,9.5,Lahore Qalandars,Peshawar Zalmi,DJ Bravo,Azhar Ali,Mohammad Asghar,0,0,,,,,,,,,
959183,2015/16,2016-02-06,Dubai International Cricket Stadium,1,9.6,Lahore Qalandars,Peshawar Zalmi,DJ Bravo,Azhar Ali,Mohammad Asghar,0,0,,,,,,,,,
959183,2015/16,2016-02-06,Dubai International Cricket Stadium,1,10.1,Lahore Qalandars,Peshawar Zalmi,Azhar Ali,DJ Bravo,Shahid Afridi,0,0,,,,,,,,,
959183,2015/16,2016-02-06,Dubai International Cricket Stadium,1,10.2,Lahore Qalandars,Peshawar Zalmi,Azhar Ali,DJ Bravo,Shahid Afridi,0,0,,,,,,,,,
959183,2015/16,2016-02-06,Dubai International Cricket Stadium,1,10.3,Lahore Qalandars,Peshawar Zalmi,Azhar Ali,DJ Bravo,Shahid Afridi,1,0,,,,,,,,,
959183,2015/16,2016-02-06,Dubai International Cricket Stadium,1,10.4,Lahore Qalandars,Peshawar Zalmi,DJ Bravo,Azhar Ali,Shahid Afridi,0,0,,,,,,,,,
959183,2015/16,2016-02-06,Dubai International Cricket Stadium,1,10.5,Lahore Qalandars,Peshawar Zalmi,DJ Bravo,Azhar Ali,Shahid Afridi,1,0,,,,,,,,,
959183,2015/16,2016-02-06,Dubai International Cricket Stadium,1,10.6,Lahore Qalandars,Peshawar Zalmi,Azhar Ali,DJ Bravo,Shahid Afridi,1,0,,,,,,,,,
959183,2015/16,2016-02-06,Dubai International Cricket Stadium,1,11.1,Lahore Qalandars,Peshawar Zalmi,Azhar Ali,DJ Bravo,Wahab Riaz,0,0,,,,,,,,,
959183,2015/16,2016-02-06,Dubai International Cricket Stadium,1,11.2,Lahore Qalandars,Peshawar Zalmi,Azhar Ali,DJ Bravo,Wahab Riaz,0,0,,,,,,,,,
959183,2015/16,2016-02-06,Dubai International Cricket Stadium,1,11.3,Lahore Qalandars,Peshawar Zalmi,Azhar Ali,DJ Bravo,Wahab Riaz,1,0,,,,,,,,,
959183,2015/16,2016-02-06,Dubai International Cricket Stadium,1,11.4,Lahore Qalandars,Peshawar Zalmi,DJ Bravo,Azhar Ali,Wahab Riaz,0,0,,,,,,,,,
959183,2015/16,2016-02-06,Dubai International Cricket Stadium,1,11.5,Lahore Qalandars,Peshawar Zalmi,DJ Bravo,Azhar Ali,Wahab Riaz,0,0,,,,,,,,,
959183,2015/16,2016-02-06,Dubai International Cricket Stadium,1,11.6,Lahore Qalandars,Peshawar Zalmi,DJ Bravo,Azhar Ali,Wahab Riaz,1,0,,,,,,,,,
959183,2015/16,2016-02-06,Dubai International Cricket Stadium,1,12.1,Lahore Qalandars,Peshawar Zalmi,DJ Bravo,Azhar Ali,Shahid Afridi,0,0,,,,,,,,,
959183,2015/16,2016-02-06,Dubai International Cricket Stadium,1,12.2,Lahore Qalandars,Peshawar Zalmi,DJ Bravo,Azhar Ali,Shahid Afridi,1,0,,,,,,,,,
959183,2015/16,2016-02-06,Dubai International Cricket Stadium,1,12.3,Lahore Qalandars,Peshawar Zalmi,Azhar Ali,DJ Bravo,Shahid Afridi,0,0,,,,,,,,,
959183,2015/16,2016-02-06,Dubai International Cricket Stadium,1,12.4,Lahore Qalandars,Peshawar Zalmi,Azhar Ali,DJ Bravo,Shahid Afridi,1,0,,,,,,,,,
959183,2015/16,2016-02-06,Dubai International Cricket Stadium,1,12.5,Lahore Qalandars,Peshawar Zalmi,DJ Bravo,Azhar Ali,Shahid Afridi,0,1,,,,1,,,,,
959183,2015/16,2016-02-06,Dubai International Cricket Stadium,1,12.6,Lahore Qalandars,Peshawar Zalmi,Azhar Ali,DJ Bravo,Shahid Afridi,1,0,,,,,,,,,
959183,2015/16,2016-02-06,Dubai International Cricket Stadium,1,13.1,Lahore Qalandars,Peshawar Zalmi,Azhar Ali,DJ Bravo,SW Tait,4,0,,,,,,,,,
959183,2015/16,2016-02-06,Dubai International Cricket Stadium,1,13.2,Lahore Qalandars,Peshawar Zalmi,Azhar Ali,DJ Bravo,SW Tait,0,0,,,,,,,,,
959183,2015/16,2016-02-06,Dubai International Cricket Stadium,1,13.3,Lahore Qalandars,Peshawar Zalmi,Azhar Ali,DJ Bravo,SW Tait,1,0,,,,,,,,,
959183,2015/16,2016-02-06,Dubai International Cricket Stadium,1,13.4,Lahore Qalandars,Peshawar Zalmi,DJ Bravo,Azhar Ali,SW Tait,1,0,,,,,,,,,
959183,2015/16,2016-02-06,Dubai International Cricket Stadium,1,13.5,Lahore Qalandars,Peshawar Zalmi,Azhar Ali,DJ Bravo,SW Tait,2,0,,,,,,,,,
959183,2015/16,2016-02-06,Dubai International Cricket Stadium,1,13.6,Lahore Qalandars,Peshawar Zalmi,Azhar Ali,DJ Bravo,SW Tait,1,0,,,,,,,,,
959183,2015/16,2016-02-06,Dubai International Cricket Stadium,1,14.1,Lahore Qalandars,Peshawar Zalmi,Azhar Ali,DJ Bravo,Mohammad Asghar,0,0,,,,,,,,,
959183,2015/16,2016-02-06,Dubai International Cricket Stadium,1,14.2,Lahore Qalandars,Peshawar Zalmi,Azhar Ali,DJ Bravo,Mohammad Asghar,0,0,,,,,,caught,Azhar Ali,,
959183,2015/16,2016-02-06,Dubai International Cricket Stadium,1,14.3,Lahore Qalandars,Peshawar Zalmi,Hammad Azam,DJ Bravo,Mohammad Asghar,0,0,,,,,,,,,
959183,2015/16,2016-02-06,Dubai International Cricket Stadium,1,14.4,Lahore Qalandars,Peshawar Zalmi,Hammad Azam,DJ Bravo,Mohammad Asghar,1,0,,,,,,,,,
959183,2015/16,2016-02-06,Dubai International Cricket Stadium,1,14.5,Lahore Qalandars,Peshawar Zalmi,DJ Bravo,Hammad Azam,Mohammad Asghar,2,0,,,,,,,,,
959183,2015/16,2016-02-06,Dubai International Cricket Stadium,1,14.6,Lahore Qalandars,Peshawar Zalmi,DJ Bravo,Hammad Azam,Mohammad Asghar,1,0,,,,,,,,,
959183,2015/16,2016-02-06,Dubai International Cricket Stadium,1,15.1,Lahore Qalandars,Peshawar Zalmi,DJ Bravo,Hammad Azam,Junaid Khan,1,0,,,,,,,,,
959183,2015/16,2016-02-06,Dubai International Cricket Stadium,1,15.2,Lahore Qalandars,Peshawar Zalmi,Hammad Azam,DJ Bravo,Junaid Khan,4,0,,,,,,,,,
959183,2015/16,2016-02-06,Dubai International Cricket Stadium,1,15.3,Lahore Qalandars,Peshawar Zalmi,Hammad Azam,DJ Bravo,Junaid Khan,1,0,,,,,,,,,
959183,2015/16,2016-02-06,Dubai International Cricket Stadium,1,15.4,Lahore Qalandars,Peshawar Zalmi,DJ Bravo,Hammad Azam,Junaid Khan,1,0,,,,,,,,,
959183,2015/16,2016-02-06,Dubai International Cricket Stadium,1,15.5,Lahore Qalandars,Peshawar Zalmi,Hammad Azam,DJ Bravo,Junaid Khan,1,0,,,,,,,,,
959183,2015/16,2016-02-06,Dubai International Cricket Stadium,1,15.6,Lahore Qalandars,Peshawar Zalmi,DJ Bravo,Hammad Azam,Junaid Khan,1,0,,,,,,,,,
959183,2015/16,2016-02-06,Dubai International Cricket Stadium,1,16.1,Lahore Qalandars,Peshawar Zalmi,DJ Bravo,Hammad Azam,Wahab Riaz,0,0,,,,,,,,,
959183,2015/16,2016-02-06,Dubai International Cricket Stadium,1,16.2,Lahore Qalandars,Peshawar Zalmi,DJ Bravo,Hammad Azam,Wahab Riaz,0,0,,,,,,,,,
959183,2015/16,2016-02-06,Dubai International Cricket Stadium,1,16.3,Lahore Qalandars,Peshawar Zalmi,DJ Bravo,Hammad Azam,Wahab Riaz,0,1,1,,,,,,,,
959183,2015/16,2016-02-06,Dubai International Cricket Stadium,1,16.4,Lahore Qalandars,Peshawar Zalmi,DJ Bravo,Hammad Azam,Wahab Riaz,0,1,1,,,,,,,,
959183,2015/16,2016-02-06,Dubai International Cricket Stadium,1,16.5,Lahore Qalandars,Peshawar Zalmi,DJ Bravo,Hammad Azam,Wahab Riaz,1,0,,,,,,,,,
959183,2015/16,2016-02-06,Dubai International Cricket Stadium,1,16.6,Lahore Qalandars,Peshawar Zalmi,Hammad Azam,DJ Bravo,Wahab Riaz,1,0,,,,,,,,,
959183,2015/16,2016-02-06,Dubai International Cricket Stadium,1,16.7,Lahore Qalandars,Peshawar Zalmi,DJ Bravo,Hammad Azam,Wahab Riaz,1,0,,,,,,,,,
959183,2015/16,2016-02-06,Dubai International Cricket Stadium,1,16.8,Lahore Qalandars,Peshawar Zalmi,Hammad Azam,DJ Bravo,Wahab Riaz,4,0,,,,,,,,,
959183,2015/16,2016-02-06,Dubai International Cricket Stadium,1,17.1,Lahore Qalandars,Peshawar Zalmi,DJ Bravo,Hammad Azam,SW Tait,1,0,,,,,,,,,
959183,2015/16,2016-02-06,Dubai International Cricket Stadium,1,17.2,Lahore Qalandars,Peshawar Zalmi,Hammad Azam,DJ Bravo,SW Tait,1,0,,,,,,,,,
959183,2015/16,2016-02-06,Dubai International Cricket Stadium,1,17.3,Lahore Qalandars,Peshawar Zalmi,DJ Bravo,Hammad Azam,SW Tait,0,0,,,,,,,,,
959183,2015/16,2016-02-06,Dubai International Cricket Stadium,1,17.4,Lahore Qalandars,Peshawar Zalmi,DJ Bravo,Hammad Azam,SW Tait,0,0,,,,,,,,,
959183,2015/16,2016-02-06,Dubai International Cricket Stadium,1,17.5,Lahore Qalandars,Peshawar Zalmi,DJ Bravo,Hammad Azam,SW Tait,0,1,1,,,,,,,,
959183,2015/16,2016-02-06,Dubai International Cricket Stadium,1,17.6,Lahore Qalandars,Peshawar Zalmi,DJ Bravo,Hammad Azam,SW Tait,2,0,,,,,,,,,
959183,2015/16,2016-02-06,Dubai International Cricket Stadium,1,17.7,Lahore Qalandars,Peshawar Zalmi,DJ Bravo,Hammad Azam,SW Tait,1,0,,,,,,,,,
959183,2015/16,2016-02-06,Dubai International Cricket Stadium,1,18.1,Lahore Qalandars,Peshawar Zalmi,DJ Bravo,Hammad Azam,Wahab Riaz,4,0,,,,,,,,,
959183,2015/16,2016-02-06,Dubai International Cricket Stadium,1,18.2,Lahore Qalandars,Peshawar Zalmi,DJ Bravo,Hammad Azam,Wahab Riaz,6,0,,,,,,,,,
959183,2015/16,2016-02-06,Dubai International Cricket Stadium,1,18.3,Lahore Qalandars,Peshawar Zalmi,DJ Bravo,Hammad Azam,Wahab Riaz,4,0,,,,,,,,,
959183,2015/16,2016-02-06,Dubai International Cricket Stadium,1,18.4,Lahore Qalandars,Peshawar Zalmi,DJ Bravo,Hammad Azam,Wahab Riaz,2,0,,,,,,,,,
959183,2015/16,2016-02-06,Dubai International Cricket Stadium,1,18.5,Lahore Qalandars,Peshawar Zalmi,DJ Bravo,Hammad Azam,Wahab Riaz,0,0,,,,,,caught,DJ Bravo,,
959183,2015/16,2016-02-06,Dubai International Cricket Stadium,1,18.6,Lahore Qalandars,Peshawar Zalmi,Zohaib Khan,Hammad Azam,Wahab Riaz,1,0,,,,,,,,,
959183,2015/16,2016-02-06,Dubai International Cricket Stadium,1,19.1,Lahore Qalandars,Peshawar Zalmi,Zohaib Khan,Hammad Azam,Junaid Khan,2,0,,,,,,,,,
959183,2015/16,2016-02-06,Dubai International Cricket Stadium,1,19.2,Lahore Qalandars,Peshawar Zalmi,Zohaib Khan,Hammad Azam,Junaid Khan,1,0,,,,,,,,,
959183,2015/16,2016-02-06,Dubai International Cricket Stadium,1,19.3,Lahore Qalandars,Peshawar Zalmi,Hammad Azam,Zohaib Khan,Junaid Khan,2,0,,,,,,,,,
959183,2015/16,2016-02-06,Dubai International Cricket Stadium,1,19.4,Lahore Qalandars,Peshawar Zalmi,Hammad Azam,Zohaib Khan,Junaid Khan,2,0,,,,,,,,,
959183,2015/16,2016-02-06,Dubai International Cricket Stadium,1,19.5,Lahore Qalandars,Peshawar Zalmi,Hammad Azam,Zohaib Khan,Junaid Khan,1,0,,,,,,,,,
959183,2015/16,2016-02-06,Dubai International Cricket Stadium,1,19.6,Lahore Qalandars,Peshawar Zalmi,Zohaib Khan,Hammad Azam,Junaid Khan,1,0,,,,,,,,,
959183,2015/16,2016-02-06,Dubai International Cricket Stadium,2,0.1,Peshawar Zalmi,Lahore Qalandars,Tamim Iqbal,Mohammad Hafeez,Adnan Rasool,1,0,,,,,,,,,
959183,2015/16,2016-02-06,Dubai International Cricket Stadium,2,0.2,Peshawar Zalmi,Lahore Qalandars,Mohammad Hafeez,Tamim Iqbal,Adnan Rasool,0,0,,,,,,,,,
959183,2015/16,2016-02-06,Dubai International Cricket Stadium,2,0.3,Peshawar Zalmi,Lahore Qalandars,Mohammad Hafeez,Tamim Iqbal,Adnan Rasool,0,1,1,,,,,,,,
959183,2015/16,2016-02-06,Dubai International Cricket Stadium,2,0.4,Peshawar Zalmi,Lahore Qalandars,Mohammad Hafeez,Tamim Iqbal,Adnan Rasool,0,0,,,,,,,,,
959183,2015/16,2016-02-06,Dubai International Cricket Stadium,2,0.5,Peshawar Zalmi,Lahore Qalandars,Mohammad Hafeez,Tamim Iqbal,Adnan Rasool,0,0,,,,,,,,,
959183,2015/16,2016-02-06,Dubai International Cricket Stadium,2,0.6,Peshawar Zalmi,Lahore Qalandars,Mohammad Hafeez,Tamim Iqbal,Adnan Rasool,4,0,,,,,,,,,
959183,2015/16,2016-02-06,Dubai International Cricket Stadium,2,0.7,Peshawar Zalmi,Lahore Qalandars,Mohammad Hafeez,Tamim Iqbal,Adnan Rasool,0,0,,,,,,,,,
959183,2015/16,2016-02-06,Dubai International Cricket Stadium,2,1.1,Peshawar Zalmi,Lahore Qalandars,Tamim Iqbal,Mohammad Hafeez,Zia-ul-Haq,0,0,,,,,,,,,
959183,2015/16,2016-02-06,Dubai International Cricket Stadium,2,1.2,Peshawar Zalmi,Lahore Qalandars,Tamim Iqbal,Mohammad Hafeez,Zia-ul-Haq,0,0,,,,,,,,,
959183,2015/16,2016-02-06,Dubai International Cricket Stadium,2,1.3,Peshawar Zalmi,Lahore Qalandars,Tamim Iqbal,Mohammad Hafeez,Zia-ul-Haq,4,0,,,,,,,,,
959183,2015/16,2016-02-06,Dubai International Cricket Stadium,2,1.4,Peshawar Zalmi,Lahore Qalandars,Tamim Iqbal,Mohammad Hafeez,Zia-ul-Haq,0,5,5,,,,,,,,
959183,2015/16,2016-02-06,Dubai International Cricket Stadium,2,1.5,Peshawar Zalmi,Lahore Qalandars,Tamim Iqbal,Mohammad Hafeez,Zia-ul-Haq,4,0,,,,,,,,,
959183,2015/16,2016-02-06,Dubai International Cricket Stadium,2,1.6,Peshawar Zalmi,Lahore Qalandars,Tamim Iqbal,Mohammad Hafeez,Zia-ul-Haq,0,0,,,,,,,,,
959183,2015/16,2016-02-06,Dubai International Cricket Stadium,2,1.7,Peshawar Zalmi,Lahore Qalandars,Tamim Iqbal,Mohammad Hafeez,Zia-ul-Haq,4,0,,,,,,,,,
959183,2015/16,2016-02-06,Dubai International Cricket Stadium,2,2.1,Peshawar Zalmi,Lahore Qalandars,Mohammad Hafeez,Tamim Iqbal,Adnan Rasool,6,0,,,,,,,,,
959183,2015/16,2016-02-06,Dubai International Cricket Stadium,2,2.2,Peshawar Zalmi,Lahore Qalandars,Mohammad Hafeez,Tamim Iqbal,Adnan Rasool,0,0,,,,,,,,,
959183,2015/16,2016-02-06,Dubai International Cricket Stadium,2,2.3,Peshawar Zalmi,Lahore Qalandars,Mohammad Hafeez,Tamim Iqbal,Adnan Rasool,0,0,,,,,,,,,
959183,2015/16,2016-02-06,Dubai International Cricket Stadium,2,2.4,Peshawar Zalmi,Lahore Qalandars,Mohammad Hafeez,Tamim Iqbal,Adnan Rasool,1,0,,,,,,,,,
959183,2015/16,2016-02-06,Dubai International Cricket Stadium,2,2.5,Peshawar Zalmi,Lahore Qalandars,Tamim Iqbal,Mohammad Hafeez,Adnan Rasool,0,1,1,,,,,,,,
959183,2015/16,2016-02-06,Dubai International Cricket Stadium,2,2.6,Peshawar Zalmi,Lahore Qalandars,Tamim Iqbal,Mohammad Hafeez,Adnan Rasool,1,0,,,,,,,,,
959183,2015/16,2016-02-06,Dubai International Cricket Stadium,2,2.7,Peshawar Zalmi,Lahore Qalandars,Mohammad Hafeez,Tamim Iqbal,Adnan Rasool,0,0,,,,,,,,,
959183,2015/16,2016-02-06,Dubai International Cricket Stadium,2,3.1,Peshawar Zalmi,Lahore Qalandars,Tamim Iqbal,Mohammad Hafeez,Zohaib Khan,1,0,,,,,,,,,
959183,2015/16,2016-02-06,Dubai International Cricket Stadium,2,3.2,Peshawar Zalmi,Lahore Qalandars,Mohammad Hafeez,Tamim Iqbal,Zohaib Khan,0,0,,,,,,,,,
959183,2015/16,2016-02-06,Dubai International Cricket Stadium,2,3.3,Peshawar Zalmi,Lahore Qalandars,Mohammad Hafeez,Tamim Iqbal,Zohaib Khan,0,0,,,,,,,,,
959183,2015/16,2016-02-06,Dubai International Cricket Stadium,2,3.4,Peshawar Zalmi,Lahore Qalandars,Mohammad Hafeez,Tamim Iqbal,Zohaib Khan,0,0,,,,,,,,,
959183,2015/16,2016-02-06,Dubai International Cricket Stadium,2,3.5,Peshawar Zalmi,Lahore Qalandars,Mohammad Hafeez,Tamim Iqbal,Zohaib Khan,0,0,,,,,,,,,
959183,2015/16,2016-02-06,Dubai International Cricket Stadium,2,3.6,Peshawar Zalmi,Lahore Qalandars,Mohammad Hafeez,Tamim Iqbal,Zohaib Khan,0,0,,,,,,,,,
959183,2015/16,2016-02-06,Dubai International Cricket Stadium,2,4.1,Peshawar Zalmi,Lahore Qalandars,Tamim Iqbal,Mohammad Hafeez,Adnan Rasool,0,0,,,,,,,,,
959183,2015/16,2016-02-06,Dubai International Cricket Stadium,2,4.2,Peshawar Zalmi,Lahore Qalandars,Tamim Iqbal,Mohammad Hafeez,Adnan Rasool,1,0,,,,,,,,,
959183,2015/16,2016-02-06,Dubai International Cricket Stadium,2,4.3,Peshawar Zalmi,Lahore Qalandars,Mohammad Hafeez,Tamim Iqbal,Adnan Rasool,1,0,,,,,,,,,
959183,2015/16,2016-02-06,Dubai International Cricket Stadium,2,4.4,Peshawar Zalmi,Lahore Qalandars,Tamim Iqbal,Mohammad Hafeez,Adnan Rasool,0,0,,,,,,,,,
959183,2015/16,2016-02-06,Dubai International Cricket Stadium,2,4.5,Peshawar Zalmi,Lahore Qalandars,Tamim Iqbal,Mohammad Hafeez,Adnan Rasool,0,0,,,,,,,,,
959183,2015/16,2016-02-06,Dubai International Cricket Stadium,2,4.6,Peshawar Zalmi,Lahore Qalandars,Tamim Iqbal,Mohammad Hafeez,Adnan Rasool,1,0,,,,,,,,,
959183,2015/16,2016-02-06,Dubai International Cricket Stadium,2,5.1,Peshawar Zalmi,Lahore Qalandars,Tamim Iqbal,Mohammad Hafeez,Zohaib Khan,0,1,1,,,,,,,,
959183,2015/16,2016-02-06,Dubai International Cricket Stadium,2,5.2,Peshawar Zalmi,Lahore Qalandars,Tamim Iqbal,Mohammad Hafeez,Zohaib Khan,0,0,,,,,,,,,
959183,2015/16,2016-02-06,Dubai International Cricket Stadium,2,5.3,Peshawar Zalmi,Lahore Qalandars,Tamim Iqbal,Mohammad Hafeez,Zohaib Khan,4,0,,,,,,,,,
959183,2015/16,2016-02-06,Dubai International Cricket Stadium,2,5.4,Peshawar Zalmi,Lahore Qalandars,Tamim Iqbal,Mohammad Hafeez,Zohaib Khan,1,0,,,,,,,,,
959183,2015/16,2016-02-06,Dubai International Cricket Stadium,2,5.5,Peshawar Zalmi,Lahore Qalandars,Mohammad Hafeez,Tamim Iqbal,Zohaib Khan,0,0,,,,,,,,,
959183,2015/16,2016-02-06,Dubai International Cricket Stadium,2,5.6,Peshawar Zalmi,Lahore Qalandars,Mohammad Hafeez,Tamim Iqbal,Zohaib Khan,0,0,,,,,,,,,
959183,2015/16,2016-02-06,Dubai International Cricket Stadium,2,5.7,Peshawar Zalmi,Lahore Qalandars,Mohammad Hafeez,Tamim Iqbal,Zohaib Khan,1,0,,,,,,,,,
959183,2015/16,2016-02-06,Dubai International Cricket Stadium,2,6.1,Peshawar Zalmi,Lahore Qalandars,Mohammad Hafeez,Tamim Iqbal,DJ Bravo,0,0,,,,,,,,,
959183,2015/16,2016-02-06,Dubai International Cricket Stadium,2,6.2,Peshawar Zalmi,Lahore Qalandars,Mohammad Hafeez,Tamim Iqbal,DJ Bravo,1,0,,,,,,,,,
959183,2015/16,2016-02-06,Dubai International Cricket Stadium,2,6.3,Peshawar Zalmi,Lahore Qalandars,Tamim Iqbal,Mohammad Hafeez,DJ Bravo,1,0,,,,,,,,,
959183,2015/16,2016-02-06,Dubai International Cricket Stadium,2,6.4,Peshawar Zalmi,Lahore Qalandars,Mohammad Hafeez,Tamim Iqbal,DJ Bravo,1,0,,,,,,,,,
959183,2015/16,2016-02-06,Dubai International Cricket Stadium,2,6.5,Peshawar Zalmi,Lahore Qalandars,Tamim Iqbal,Mohammad Hafeez,DJ Bravo,4,0,,,,,,,,,
959183,2015/16,2016-02-06,Dubai International Cricket Stadium,2,6.6,Peshawar Zalmi,Lahore Qalandars,Tamim Iqbal,Mohammad Hafeez,DJ Bravo,1,0,,,,,,,,,
959183,2015/16,2016-02-06,Dubai International Cricket Stadium,2,7.1,Peshawar Zalmi,Lahore Qalandars,Tamim Iqbal,Mohammad Hafeez,BAW Mendis,1,0,,,,,,,,,
959183,2015/16,2016-02-06,Dubai International Cricket Stadium,2,7.2,Peshawar Zalmi,Lahore Qalandars,Mohammad Hafeez,Tamim Iqbal,BAW Mendis,2,0,,,,,,,,,
959183,2015/16,2016-02-06,Dubai International Cricket Stadium,2,7.3,Peshawar Zalmi,Lahore Qalandars,Mohammad Hafeez,Tamim Iqbal,BAW Mendis,0,0,,,,,,,,,
959183,2015/16,2016-02-06,Dubai International Cricket Stadium,2,7.4,Peshawar Zalmi,Lahore Qalandars,Mohammad Hafeez,Tamim Iqbal,BAW Mendis,0,0,,,,,,,,,
959183,2015/16,2016-02-06,Dubai International Cricket Stadium,2,7.5,Peshawar Zalmi,Lahore Qalandars,Mohammad Hafeez,Tamim Iqbal,BAW Mendis,1,0,,,,,,,,,
959183,2015/16,2016-02-06,Dubai International Cricket Stadium,2,7.6,Peshawar Zalmi,Lahore Qalandars,Tamim Iqbal,Mohammad Hafeez,BAW Mendis,2,0,,,,,,,,,
959183,2015/16,2016-02-06,Dubai International Cricket Stadium,2,8.1,Peshawar Zalmi,Lahore Qalandars,Mohammad Hafeez,Tamim Iqbal,DJ Bravo,4,0,,,,,,,,,
959183,2015/16,2016-02-06,Dubai International Cricket Stadium,2,8.2,Peshawar Zalmi,Lahore Qalandars,Mohammad Hafeez,Tamim Iqbal,DJ Bravo,0,0,,,,,,,,,
959183,2015/16,2016-02-06,Dubai International Cricket Stadium,2,8.3,Peshawar Zalmi,Lahore Qalandars,Mohammad Hafeez,Tamim Iqbal,DJ Bravo,1,0,,,,,,,,,
959183,2015/16,2016-02-06,Dubai International Cricket Stadium,2,8.4,Peshawar Zalmi,Lahore Qalandars,Tamim Iqbal,Mohammad Hafeez,DJ Bravo,0,0,,,,,,,,,
959183,2015/16,2016-02-06,Dubai International Cricket Stadium,2,8.5,Peshawar Zalmi,Lahore Qalandars,Tamim Iqbal,Mohammad Hafeez,DJ Bravo,1,0,,,,,,,,,
959183,2015/16,2016-02-06,Dubai International Cricket Stadium,2,8.6,Peshawar Zalmi,Lahore Qalandars,Mohammad Hafeez,Tamim Iqbal,DJ Bravo,4,0,,,,,,,,,
959183,2015/16,2016-02-06,Dubai International Cricket Stadium,2,9.1,Peshawar Zalmi,Lahore Qalandars,Tamim Iqbal,Mohammad Hafeez,BAW Mendis,4,0,,,,,,,,,
959183,2015/16,2016-02-06,Dubai International Cricket Stadium,2,9.2,Peshawar Zalmi,Lahore Qalandars,Tamim Iqbal,Mohammad Hafeez,BAW Mendis,1,0,,,,,,,,,
959183,2015/16,2016-02-06,Dubai International Cricket Stadium,2,9.3,Peshawar Zalmi,Lahore Qalandars,Mohammad Hafeez,Tamim Iqbal,BAW Mendis,1,0,,,,,,,,,
959183,2015/16,2016-02-06,Dubai International Cricket Stadium,2,9.4,Peshawar Zalmi,Lahore Qalandars,Tamim Iqbal,Mohammad Hafeez,BAW Mendis,0,0,,,,,,,,,
959183,2015/16,2016-02-06,Dubai International Cricket Stadium,2,9.5,Peshawar Zalmi,Lahore Qalandars,Tamim Iqbal,Mohammad Hafeez,BAW Mendis,0,0,,,,,,,,,
959183,2015/16,2016-02-06,Dubai International Cricket Stadium,2,9.6,Peshawar Zalmi,Lahore Qalandars,Tamim Iqbal,Mohammad Hafeez,BAW Mendis,1,0,,,,,,,,,
959183,2015/16,2016-02-06,Dubai International Cricket Stadium,2,10.1,Peshawar Zalmi,Lahore Qalandars,Tamim Iqbal,Mohammad Hafeez,Adnan Rasool,1,0,,,,,,,,,
959183,2015/16,2016-02-06,Dubai International Cricket Stadium,2,10.2,Peshawar Zalmi,Lahore Qalandars,Mohammad Hafeez,Tamim Iqbal,Adnan Rasool,6,0,,,,,,,,,
959183,2015/16,2016-02-06,Dubai International Cricket Stadium,2,10.3,Peshawar Zalmi,Lahore Qalandars,Mohammad Hafeez,Tamim Iqbal,Adnan Rasool,0,0,,,,,,,,,
959183,2015/16,2016-02-06,Dubai International Cricket Stadium,2,10.4,Peshawar Zalmi,Lahore Qalandars,Mohammad Hafeez,Tamim Iqbal,Adnan Rasool,0,1,1,,,,,,,,
959183,2015/16,2016-02-06,Dubai International Cricket Stadium,2,10.5,Peshawar Zalmi,Lahore Qalandars,Mohammad Hafeez,Tamim Iqbal,Adnan Rasool,6,0,,,,,,,,,
959183,2015/16,2016-02-06,Dubai International Cricket Stadium,2,10.6,Peshawar Zalmi,Lahore Qalandars,Mohammad Hafeez,Tamim Iqbal,Adnan Rasool,1,0,,,,,,,,,
959183,2015/16,2016-02-06,Dubai International Cricket Stadium,2,10.7,Peshawar Zalmi,Lahore Qalandars,Tamim Iqbal,Mohammad Hafeez,Adnan Rasool,4,0,,,,,,,,,
959183,2015/16,2016-02-06,Dubai International Cricket Stadium,2,11.1,Peshawar Zalmi,Lahore Qalandars,Mohammad Hafeez,Tamim Iqbal,BAW Mendis,2,0,,,,,,,,,
959183,2015/16,2016-02-06,Dubai International Cricket Stadium,2,11.2,Peshawar Zalmi,Lahore Qalandars,Mohammad Hafeez,Tamim Iqbal,BAW Mendis,0,0,,,,,,stumped,Mohammad Hafeez,,
959183,2015/16,2016-02-06,Dubai International Cricket Stadium,2,11.3,Peshawar Zalmi,Lahore Qalandars,DJ Malan,Tamim Iqbal,BAW Mendis,0,0,,,,,,,,,
959183,2015/16,2016-02-06,Dubai International Cricket Stadium,2,11.4,Peshawar Zalmi,Lahore Qalandars,DJ Malan,Tamim Iqbal,BAW Mendis,1,0,,,,,,,,,
959183,2015/16,2016-02-06,Dubai International Cricket Stadium,2,11.5,Peshawar Zalmi,Lahore Qalandars,Tamim Iqbal,DJ Malan,BAW Mendis,1,0,,,,,,,,,
959183,2015/16,2016-02-06,Dubai International Cricket Stadium,2,11.6,Peshawar Zalmi,Lahore Qalandars,DJ Malan,Tamim Iqbal,BAW Mendis,0,0,,,,,,,,,
959183,2015/16,2016-02-06,Dubai International Cricket Stadium,2,12.1,Peshawar Zalmi,Lahore Qalandars,Tamim Iqbal,DJ Malan,DJ Bravo,1,0,,,,,,,,,
959183,2015/16,2016-02-06,Dubai International Cricket Stadium,2,12.2,Peshawar Zalmi,Lahore Qalandars,DJ Malan,Tamim Iqbal,DJ Bravo,1,0,,,,,,,,,
959183,2015/16,2016-02-06,Dubai International Cricket Stadium,2,12.3,Peshawar Zalmi,Lahore Qalandars,Tamim Iqbal,DJ Malan,DJ Bravo,0,0,,,,,,,,,
959183,2015/16,2016-02-06,Dubai International Cricket Stadium,2,12.4,Peshawar Zalmi,Lahore Qalandars,Tamim Iqbal,DJ Malan,DJ Bravo,0,0,,,,,,,,,
959183,2015/16,2016-02-06,Dubai International Cricket Stadium,2,12.5,Peshawar Zalmi,Lahore Qalandars,Tamim Iqbal,DJ Malan,DJ Bravo,0,0,,,,,,,,,
959183,2015/16,2016-02-06,Dubai International Cricket Stadium,2,12.6,Peshawar Zalmi,Lahore Qalandars,Tamim Iqbal,DJ Malan,DJ Bravo,1,0,,,,,,,,,
959183,2015/16,2016-02-06,Dubai International Cricket Stadium,2,13.1,Peshawar Zalmi,Lahore Qalandars,Tamim Iqbal,DJ Malan,BAW Mendis,0,1,1,,,,,,,,
959183,2015/16,2016-02-06,Dubai International Cricket Stadium,2,13.2,Peshawar Zalmi,Lahore Qalandars,Tamim Iqbal,DJ Malan,BAW Mendis,1,0,,,,,,,,,
959183,2015/16,2016-02-06,Dubai International Cricket Stadium,2,13.3,Peshawar Zalmi,Lahore Qalandars,DJ Malan,Tamim Iqbal,BAW Mendis,0,0,,,,,,,,,
959183,2015/16,2016-02-06,Dubai International Cricket Stadium,2,13.4,Peshawar Zalmi,Lahore Qalandars,DJ Malan,Tamim Iqbal,BAW Mendis,0,0,,,,,,,,,
959183,2015/16,2016-02-06,Dubai International Cricket Stadium,2,13.5,Peshawar Zalmi,Lahore Qalandars,DJ Malan,Tamim Iqbal,BAW Mendis,1,0,,,,,,,,,
959183,2015/16,2016-02-06,Dubai International Cricket Stadium,2,13.6,Peshawar Zalmi,Lahore Qalandars,Tamim Iqbal,DJ Malan,BAW Mendis,1,0,,,,,,,,,
959183,2015/16,2016-02-06,Dubai International Cricket Stadium,2,13.7,Peshawar Zalmi,Lahore Qalandars,DJ Malan,Tamim Iqbal,BAW Mendis,2,0,,,,,,,,,
959183,2015/16,2016-02-06,Dubai International Cricket Stadium,2,14.1,Peshawar Zalmi,Lahore Qalandars,Tamim Iqbal,DJ Malan,CH Gayle,1,0,,,,,,,,,
959183,2015/16,2016-02-06,Dubai International Cricket Stadium,2,14.2,Peshawar Zalmi,Lahore Qalandars,DJ Malan,Tamim Iqbal,CH Gayle,1,0,,,,,,,,,
959183,2015/16,2016-02-06,Dubai International Cricket Stadium,2,14.3,Peshawar Zalmi,Lahore Qalandars,Tamim Iqbal,DJ Malan,CH Gayle,1,0,,,,,,,,,
959183,2015/16,2016-02-06,Dubai International Cricket Stadium,2,14.4,Peshawar Zalmi,Lahore Qalandars,DJ Malan,Tamim Iqbal,CH Gayle,1,0,,,,,,,,,
959183,2015/16,2016-02-06,Dubai International Cricket Stadium,2,14.5,Peshawar Zalmi,Lahore Qalandars,Tamim Iqbal,DJ Malan,CH Gayle,0,0,,,,,,,,,
959183,2015/16,2016-02-06,Dubai International Cricket Stadium,2,14.6,Peshawar Zalmi,Lahore Qalandars,Tamim Iqbal,DJ Malan,CH Gayle,1,0,,,,,,,,,
959183,2015/16,2016-02-06,Dubai International Cricket Stadium,2,15.1,Peshawar Zalmi,Lahore Qalandars,Tamim Iqbal,DJ Malan,Zia-ul-Haq,0,0,,,,,,,,,
959183,2015/16,2016-02-06,Dubai International Cricket Stadium,2,15.2,Peshawar Zalmi,Lahore Qalandars,Tamim Iqbal,DJ Malan,Zia-ul-Haq,2,0,,,,,,,,,
959183,2015/16,2016-02-06,Dubai International Cricket Stadium,2,15.3,Peshawar Zalmi,Lahore Qalandars,Tamim Iqbal,DJ Malan,Zia-ul-Haq,1,0,,,,,,,,,
959183,2015/16,2016-02-06,Dubai International Cricket Stadium,2,15.4,Peshawar Zalmi,Lahore Qalandars,DJ Malan,Tamim Iqbal,Zia-ul-Haq,1,0,,,,,,,,,
959183,2015/16,2016-02-06,Dubai International Cricket Stadium,2,15.5,Peshawar Zalmi,Lahore Qalandars,Tamim Iqbal,DJ Malan,Zia-ul-Haq,1,0,,,,,,,,,
959183,2015/16,2016-02-06,Dubai International Cricket Stadium,2,15.6,Peshawar Zalmi,Lahore Qalandars,DJ Malan,Tamim Iqbal,Zia-ul-Haq,2,0,,,,,,,,,
