match_id,season,start_date,venue,innings,ball,batting_team,bowling_team,striker,non_striker,bowler,runs_off_bat,extras,wides,noballs,byes,legbyes,penalty,wicket_type,player_dismissed,other_wicket_type,other_player_dismissed
959177,2015/16,2016-02-05,Dubai International Cricket Stadium,1,0.1,Lahore Qalandars,Karachi Kings,CH Gayle,Azhar Ali,Shoaib Malik,2,0,,,,,,,,,
959177,2015/16,2016-02-05,Dubai International Cricket Stadium,1,0.2,Lahore Qalandars,Karachi Kings,CH Gayle,Azhar Ali,Shoaib Malik,0,0,,,,,,,,,
959177,2015/16,2016-02-05,Dubai International Cricket Stadium,1,0.3,Lahore Qalandars,Karachi Kings,CH Gayle,Azhar Ali,Shoaib Malik,4,0,,,,,,,,,
959177,2015/16,2016-02-05,Dubai International Cricket Stadium,1,0.4,Lahore Qalandars,Karachi Kings,CH Gayle,Azhar Ali,Shoaib Malik,0,0,,,,,,caught,CH Gayle,,
959177,2015/16,2016-02-05,Dubai International Cricket Stadium,1,0.5,Lahore Qalandars,Karachi Kings,Azhar Ali,CS Delport,Shoaib Malik,1,0,,,,,,,,,
959177,2015/16,2016-02-05,Dubai International Cricket Stadium,1,0.6,Lahore Qalandars,Karachi Kings,CS Delport,Azhar Ali,Shoaib Malik,0,0,,,,,,,,,
959177,2015/16,2016-02-05,Dubai International Cricket Stadium,1,1.1,Lahore Qalandars,Karachi Kings,Azhar Ali,CS Delport,Mohammad Amir,0,0,,,,,,,,,
959177,2015/16,2016-02-05,Dubai International Cricket Stadium,1,1.2,Lahore Qalandars,Karachi Kings,Azhar Ali,CS Delport,Mohammad Amir,0,0,,,,,,,,,
959177,2015/16,2016-02-05,Dubai International Cricket Stadium,1,1.3,Lahore Qalandars,Karachi Kings,Azhar Ali,CS Delport,Mohammad Amir,0,0,,,,,,,,,
959177,2015/16,2016-02-05,Dubai International Cricket Stadium,1,1.4,Lahore Qalandars,Karachi Kings,Azhar Ali,CS Delport,Mohammad Amir,0,0,,,,,,,,,
959177,2015/16,2016-02-05,Dubai International Cricket Stadium,1,1.5,Lahore Qalandars,Karachi Kings,Azhar Ali,CS Delport,Mohammad Amir,4,0,,,,,,,,,
959177,2015/16,2016-02-05,Dubai International Cricket Stadium,1,1.6,Lahore Qalandars,Karachi Kings,Azhar Ali,CS Delport,Mohammad Amir,0,0,,,,,,,,,
959177,2015/16,2016-02-05,Dubai International Cricket Stadium,1,2.1,Lahore Qalandars,Karachi Kings,CS Delport,Azhar Ali,Shoaib Malik,1,0,,,,,,,,,
959177,2015/16,2016-02-05,Dubai International Cricket Stadium,1,2.2,Lahore Qalandars,Karachi Kings,Azhar Ali,CS Delport,Shoaib Malik,1,0,,,,,,,,,
959177,2015/16,2016-02-05,Dubai International Cricket Stadium,1,2.3,Lahore Qalandars,Karachi Kings,CS Delport,Azhar Ali,Shoaib Malik,1,0,,,,,,,,,
959177,2015/16,2016-02-05,Dubai International Cricket Stadium,1,2.4,Lahore Qalandars,Karachi Kings,Azhar Ali,CS Delport,Shoaib Malik,1,0,,,,,,,,,
959177,2015/16,2016-02-05,Dubai International Cricket Stadium,1,2.5,Lahore Qalandars,Karachi Kings,CS Delport,Azhar Ali,Shoaib Malik,0,0,,,,,,,,,
959177,2015/16,2016-02-05,Dubai International Cricket Stadium,1,2.6,Lahore Qalandars,Karachi Kings,CS Delport,Azhar Ali,Shoaib Malik,0,2,2,,,,,,,,
959177,2015/16,2016-02-05,Dubai International Cricket Stadium,1,2.7,Lahore Qalandars,Karachi Kings,Azhar Ali,CS Delport,Shoaib Malik,1,0,,,,,,,,,
959177,2015/16,2016-02-05,Dubai International Cricket Stadium,1,3.1,Lahore Qalandars,Karachi Kings,Azhar Ali,CS Delport,Mohammad Amir,4,0,,,,,,,,,
959177,2015/16,2016-02-05,Dubai International Cricket Stadium,1,3.2,Lahore Qalandars,Karachi Kings,Azhar Ali,CS Delport,Mohammad Amir,0,1,,,,1,,,,,
959177,2015/16,2016-02-05,Dubai International Cricket Stadium,1,3.3,Lahore Qalandars,Karachi Kings,CS Delport,Azhar Ali,Mohammad Amir,1,0,,,,,,,,,
959177,2015/16,2016-02-05,Dubai International Cricket Stadium,1,3.4,Lahore Qalandars,Karachi Kings,Azhar Ali,CS Delport,Mohammad Amir,1,0,,,,,,,,,
959177,2015/16,2016-02-05,Dubai International Cricket Stadium,1,3.5,Lahore Qalandars,Karachi Kings,CS Delport,Azhar Ali,Mohammad Amir,1,0,,,,,,,,,
959177,2015/16,2016-02-05,Dubai International Cricket Stadium,1,3.6,Lahore Qalandars,Karachi Kings,Azhar Ali,CS Delport,Mohammad Amir,4,0,,,,,,,,,
959177,2015/16,2016-02-05,Dubai International Cricket Stadium,1,4.1,Lahore Qalandars,Karachi Kings,CS Delport,Azhar Ali,Shakib Al Hasan,4,0,,,,,,,,,
959177,2015/16,2016-02-05,Dubai International Cricket Stadium,1,4.2,Lahore Qalandars,Karachi Kings,CS Delport,Azhar Ali,Shakib Al Hasan,0,0,,,,,,,,,
959177,2015/16,2016-02-05,Dubai International Cricket Stadium,1,4.3,Lahore Qalandars,Karachi Kings,CS Delport,Azhar Ali,Shakib Al Hasan,1,0,,,,,,,,,
959177,2015/16,2016-02-05,Dubai International Cricket Stadium,1,4.4,Lahore Qalandars,Karachi Kings,Azhar Ali,CS Delport,Shakib Al Hasan,1,0,,,,,,,,,
959177,2015/16,2016-02-05,Dubai International Cricket Stadium,1,4.5,Lahore Qalandars,Karachi Kings,CS Delport,Azhar Ali,Shakib Al Hasan,1,0,,,,,,,,,
959177,2015/16,2016-02-05,Dubai International Cricket Stadium,1,4.6,Lahore Qalandars,Karachi Kings,Azhar Ali,CS Delport,Shakib Al Hasan,0,0,,,,,,bowled,Azhar Ali,,
959177,2015/16,2016-02-05,Dubai International Cricket Stadium,1,5.1,Lahore Qalandars,Karachi Kings,CS Delport,Sohaib Maqsood,Sohail Tanvir,0,0,,,,,,,,,
959177,2015/16,2016-02-05,Dubai International Cricket Stadium,1,5.2,Lahore Qalandars,Karachi Kings,CS Delport,Sohaib Maqsood,Sohail Tanvir,0,0,,,,,,,,,
959177,2015/16,2016-02-05,Dubai International Cricket Stadium,1,5.3,Lahore Qalandars,Karachi Kings,CS Delport,Sohaib Maqsood,Sohail Tanvir,1,0,,,,,,,,,
959177,2015/16,2016-02-05,Dubai International Cricket Stadium,1,5.4,Lahore Qalandars,Karachi Kings,Sohaib Maqsood,CS Delport,Sohail Tanvir,0,0,,,,,,,,,
959177,2015/16,2016-02-05,Dubai International Cricket Stadium,1,5.5,Lahore Qalandars,Karachi Kings,Sohaib Maqsood,CS Delport,Sohail Tanvir,0,0,,,,,,,,,
959177,2015/16,2016-02-05,Dubai International Cricket Stadium,1,5.6,Lahore Qalandars,Karachi Kings,Sohaib Maqsood,CS Delport,Sohail Tanvir,0,0,,,,,,,,,
959177,2015/16,2016-02-05,Dubai International Cricket Stadium,1,6.1,Lahore Qalandars,Karachi Kings,CS Delport,Sohaib Maqsood,Shakib Al Hasan,1,0,,,,,,,,,
959177,2015/16,2016-02-05,Dubai International Cricket Stadium,1,6.2,Lahore Qalandars,Karachi Kings,Sohaib Maqsood,CS Delport,Shakib Al Hasan,0,0,,,,,,,,,
959177,2015/16,2016-02-05,Dubai International Cricket Stadium,1,6.3,Lahore Qalandars,Karachi Kings,Sohaib Maqsood,CS Delport,Shakib Al Hasan,0,0,,,,,,,,,
959177,2015/16,2016-02-05,Dubai International Cricket Stadium,1,6.4,Lahore Qalandars,Karachi Kings,Sohaib Maqsood,CS Delport,Shakib Al Hasan,1,0,,,,,,,,,
959177,2015/16,2016-02-05,Dubai International Cricket Stadium,1,6.5,Lahore Qalandars,Karachi Kings,CS Delport,Sohaib Maqsood,Shakib Al Hasan,1,0,,,,,,,,,
959177,2015/16,2016-02-05,Dubai International Cricket Stadium,1,6.6,Lahore Qalandars,Karachi Kings,Sohaib Maqsood,CS Delport,Shakib Al Hasan,1,0,,,,,,,,,
959177,2015/16,2016-02-05,Dubai International Cricket Stadium,1,7.1,Lahore Qalandars,Karachi Kings,Sohaib Maqsood,CS Delport,Sohail Tanvir,1,0,,,,,,,,,
959177,2015/16,2016-02-05,Dubai International Cricket Stadium,1,7.2,Lahore Qalandars,Karachi Kings,CS Delport,Sohaib Maqsood,Sohail Tanvir,0,0,,,,,,,,,
959177,2015/16,2016-02-05,Dubai International Cricket Stadium,1,7.3,Lahore Qalandars,Karachi Kings,CS Delport,Sohaib Maqsood,Sohail Tanvir,1,0,,,,,,,,,
959177,2015/16,2016-02-05,Dubai International Cricket Stadium,1,7.4,Lahore Qalandars,Karachi Kings,Sohaib Maqsood,CS Delport,Sohail Tanvir,1,0,,,,,,,,,
959177,2015/16,2016-02-05,Dubai International Cricket Stadium,1,7.5,Lahore Qalandars,Karachi Kings,CS Delport,Sohaib Maqsood,Sohail Tanvir,1,0,,,,,,,,,
959177,2015/16,2016-02-05,Dubai International Cricket Stadium,1,7.6,Lahore Qalandars,Karachi Kings,Sohaib Maqsood,CS Delport,Sohail Tanvir,1,0,,,,,,,,,
959177,2015/16,2016-02-05,Dubai International Cricket Stadium,1,8.1,Lahore Qalandars,Karachi Kings,Sohaib Maqsood,CS Delport,Imad Wasim,0,0,,,,,,,,,
959177,2015/16,2016-02-05,Dubai International Cricket Stadium,1,8.2,Lahore Qalandars,Karachi Kings,Sohaib Maqsood,CS Delport,Imad Wasim,6,0,,,,,,,,,
959177,2015/16,2016-02-05,Dubai International Cricket Stadium,1,8.3,Lahore Qalandars,Karachi Kings,Sohaib Maqsood,CS Delport,Imad Wasim,0,0,,,,,,,,,
959177,2015/16,2016-02-05,Dubai International Cricket Stadium,1,8.4,Lahore Qalandars,Karachi Kings,Sohaib Maqsood,CS Delport,Imad Wasim,0,0,,,,,,,,,
959177,2015/16,2016-02-05,Dubai International Cricket Stadium,1,8.5,Lahore Qalandars,Karachi Kings,Sohaib Maqsood,CS Delport,Imad Wasim,1,0,,,,,,,,,
959177,2015/16,2016-02-05,Dubai International Cricket Stadium,1,8.6,Lahore Qalandars,Karachi Kings,CS Delport,Sohaib Maqsood,Imad Wasim,1,0,,,,,,,,,
959177,2015/16,2016-02-05,Dubai International Cricket Stadium,1,9.1,Lahore Qalandars,Karachi Kings,CS Delport,Sohaib Maqsood,Shoaib Malik,0,0,,,,,,,,,
959177,2015/16,2016-02-05,Dubai International Cricket Stadium,1,9.2,Lahore Qalandars,Karachi Kings,CS Delport,Sohaib Maqsood,Shoaib Malik,0,0,,,,,,,,,
959177,2015/16,2016-02-05,Dubai International Cricket Stadium,1,9.3,Lahore Qalandars,Karachi Kings,CS Delport,Sohaib Maqsood,Shoaib Malik,1,0,,,,,,,,,
959177,2015/16,2016-02-05,Dubai International Cricket Stadium,1,9.4,Lahore Qalandars,Karachi Kings,Sohaib Maqsood,CS Delport,Shoaib Malik,0,0,,,,,,run out,CS Delport,,
959177,2015/16,2016-02-05,Dubai International Cricket Stadium,1,9.5,Lahore Qalandars,Karachi Kings,Sohaib Maqsood,Mohammad Rizwan,Shoaib Malik,0,0,,,,,,,,,
959177,2015/16,2016-02-05,Dubai International Cricket Stadium,1,9.6,Lahore Qalandars,Karachi Kings,Sohaib Maqsood,Mohammad Rizwan,Shoaib Malik,1,0,,,,,,,,,
959177,2015/16,2016-02-05,Dubai International Cricket Stadium,1,10.1,Lahore Qalandars,Karachi Kings,Sohaib Maqsood,Mohammad Rizwan,Imad Wasim,0,0,,,,,,,,,
959177,2015/16,2016-02-05,Dubai International Cricket Stadium,1,10.2,Lahore Qalandars,Karachi Kings,Sohaib Maqsood,Mohammad Rizwan,Imad Wasim,1,0,,,,,,,,,
959177,2015/16,2016-02-05,Dubai International Cricket Stadium,1,10.3,Lahore Qalandars,Karachi Kings,Mohammad Rizwan,Sohaib Maqsood,Imad Wasim,0,0,,,,,,,,,
959177,2015/16,2016-02-05,Dubai International Cricket Stadium,1,10.4,Lahore Qalandars,Karachi Kings,Mohammad Rizwan,Sohaib Maqsood,Imad Wasim,4,0,,,,,,,,,
959177,2015/16,2016-02-05,Dubai International Cricket Stadium,1,10.5,Lahore Qalandars,Karachi Kings,Mohammad Rizwan,Sohaib Maqsood,Imad Wasim,0,0,,,,,,,,,
959177,2015/16,2016-02-05,Dubai International Cricket Stadium,1,10.6,Lahore Qalandars,Karachi Kings,Mohammad Rizwan,Sohaib Maqsood,Imad Wasim,1,0,,,,,,,,,
959177,2015/16,2016-02-05,Dubai International Cricket Stadium,1,11.1,Lahore Qalandars,Karachi Kings,Mohammad Rizwan,Sohaib Maqsood,RS Bopara,1,0,,,,,,,,,
959177,2015/16,2016-02-05,Dubai International Cricket Stadium,1,11.2,Lahore Qalandars,Karachi Kings,Sohaib Maqsood,Mohammad Rizwan,RS Bopara,3,0,,,,,,,,,
959177,2015/16,2016-02-05,Dubai International Cricket Stadium,1,11.3,Lahore Qalandars,Karachi Kings,Mohammad Rizwan,Sohaib Maqsood,RS Bopara,1,0,,,,,,,,,
959177,2015/16,2016-02-05,Dubai International Cricket Stadium,1,11.4,Lahore Qalandars,Karachi Kings,Sohaib Maqsood,Mohammad Rizwan,RS Bopara,1,0,,,,,,,,,
959177,2015/16,2016-02-05,Dubai International Cricket Stadium,1,11.5,Lahore Qalandars,Karachi Kings,Mohammad Rizwan,Sohaib Maqsood,RS Bopara,0,0,,,,,,,,,
959177,2015/16,2016-02-05,Dubai International Cricket Stadium,1,11.6,Lahore Qalandars,Karachi Kings,Mohammad Rizwan,Sohaib Maqsood,RS Bopara,0,0,,,,,,,,,
959177,2015/16,2016-02-05,Dubai International Cricket Stadium,1,12.1,Lahore Qalandars,Karachi Kings,Sohaib Maqsood,Mohammad Rizwan,Shakib Al Hasan,1,0,,,,,,,,,
959177,2015/16,2016-02-05,Dubai International Cricket Stadium,1,12.2,Lahore Qalandars,Karachi Kings,Mohammad Rizwan,Sohaib Maqsood,Shakib Al Hasan,1,0,,,,,,,,,
959177,2015/16,2016-02-05,Dubai International Cricket Stadium,1,12.3,Lahore Qalandars,Karachi Kings,Sohaib Maqsood,Mohammad Rizwan,Shakib Al Hasan,1,0,,,,,,,,,
959177,2015/16,2016-02-05,Dubai International Cricket Stadium,1,12.4,Lahore Qalandars,Karachi Kings,Mohammad Rizwan,Sohaib Maqsood,Shakib Al Hasan,1,0,,,,,,,,,
959177,2015/16,2016-02-05,Dubai International Cricket Stadium,1,12.5,Lahore Qalandars,Karachi Kings,Sohaib Maqsood,Mohammad Rizwan,Shakib Al Hasan,2,0,,,,,,,,,
959177,2015/16,2016-02-05,Dubai International Cricket Stadium,1,12.6,Lahore Qalandars,Karachi Kings,Sohaib Maqsood,Mohammad Rizwan,Shakib Al Hasan,0,0,,,,,,,,,
959177,2015/16,2016-02-05,Dubai International Cricket Stadium,1,13.1,Lahore Qalandars,Karachi Kings,Mohammad Rizwan,Sohaib Maqsood,Imad Wasim,0,0,,,,,,,,,
959177,2015/16,2016-02-05,Dubai International Cricket Stadium,1,13.2,Lahore Qalandars,Karachi Kings,Mohammad Rizwan,Sohaib Maqsood,Imad Wasim,4,0,,,,,,,,,
959177,2015/16,2016-02-05,Dubai International Cricket Stadium,1,13.3,Lahore Qalandars,Karachi Kings,Mohammad Rizwan,Sohaib Maqsood,Imad Wasim,0,0,,,,,,,,,
959177,2015/16,2016-02-05,Dubai International Cricket Stadium,1,13.4,Lahore Qalandars,Karachi Kings,Mohammad Rizwan,Sohaib Maqsood,Imad Wasim,0,0,,,,,,,,,
959177,2015/16,2016-02-05,Dubai International Cricket Stadium,1,13.5,Lahore Qalandars,Karachi Kings,Mohammad Rizwan,Sohaib Maqsood,Imad Wasim,1,0,,,,,,,,,
959177,2015/16,2016-02-05,Dubai International Cricket Stadium,1,13.6,Lahore Qalandars,Karachi Kings,Sohaib Maqsood,Mohammad Rizwan,Imad Wasim,0,0,,,,,,caught,Sohaib Maqsood,,
959177,2015/16,2016-02-05,Dubai International Cricket Stadium,1,14.1,Lahore Qalandars,Karachi Kings,DJ Bravo,Mohammad Rizwan,Shakib Al Hasan,0,0,,,,,,,,,
959177,2015/16,2016-02-05,Dubai International Cricket Stadium,1,14.2,Lahore Qalandars,Karachi Kings,DJ Bravo,Mohammad Rizwan,Shakib Al Hasan,0,1,1,,,,,,,,
959177,2015/16,2016-02-05,Dubai International Cricket Stadium,1,14.3,Lahore Qalandars,Karachi Kings,DJ Bravo,Mohammad Rizwan,Shakib Al Hasan,1,0,,,,,,,,,
959177,2015/16,2016-02-05,Dubai International Cricket Stadium,1,14.4,Lahore Qalandars,Karachi Kings,Mohammad Rizwan,DJ Bravo,Shakib Al Hasan,1,0,,,,,,,,,
959177,2015/16,2016-02-05,Dubai International Cricket Stadium,1,14.5,Lahore Qalandars,Karachi Kings,DJ Bravo,Mohammad Rizwan,Shakib Al Hasan,1,0,,,,,,,,,
959177,2015/16,2016-02-05,Dubai International Cricket Stadium,1,14.6,Lahore Qalandars,Karachi Kings,Mohammad Rizwan,DJ Bravo,Shakib Al Hasan,1,0,,,,,,,,,
959177,2015/16,2016-02-05,Dubai International Cricket Stadium,1,14.7,Lahore Qalandars,Karachi Kings,DJ Bravo,Mohammad Rizwan,Shakib Al Hasan,4,0,,,,,,,,,
959177,2015/16,2016-02-05,Dubai International Cricket Stadium,1,15.1,Lahore Qalandars,Karachi Kings,Mohammad Rizwan,DJ Bravo,Imad Wasim,1,0,,,,,,,,,
959177,2015/16,2016-02-05,Dubai International Cricket Stadium,1,15.2,Lahore Qalandars,Karachi Kings,DJ Bravo,Mohammad Rizwan,Imad Wasim,0,0,,,,,,,,,
959177,2015/16,2016-02-05,Dubai International Cricket Stadium,1,15.3,Lahore Qalandars,Karachi Kings,DJ Bravo,Mohammad Rizwan,Imad Wasim,1,0,,,,,,,,,
959177,2015/16,2016-02-05,Dubai International Cricket Stadium,1,15.4,Lahore Qalandars,Karachi Kings,Mohammad Rizwan,DJ Bravo,Imad Wasim,6,0,,,,,,,,,
959177,2015/16,2016-02-05,Dubai International Cricket Stadium,1,15.5,Lahore Qalandars,Karachi Kings,Mohammad Rizwan,DJ Bravo,Imad Wasim,1,0,,,,,,,,,
959177,2015/16,2016-02-05,Dubai International Cricket Stadium,1,15.6,Lahore Qalandars,Karachi Kings,DJ Bravo,Mohammad Rizwan,Imad Wasim,0,0,,,,,,,,,
959177,2015/16,2016-02-05,Dubai International Cricket Stadium,1,16.1,Lahore Qalandars,Karachi Kings,Mohammad Rizwan,DJ Bravo,Mohammad Amir,0,0,,,,,,,,,
959177,2015/16,2016-02-05,Dubai International Cricket Stadium,1,16.2,Lahore Qalandars,Karachi Kings,Mohammad Rizwan,DJ Bravo,Mohammad Amir,4,0,,,,,,,,,
959177,2015/16,2016-02-05,Dubai International Cricket Stadium,1,16.3,Lahore Qalandars,Karachi Kings,Mohammad Rizwan,DJ Bravo,Mohammad Amir,1,0,,,,,,,,,
959177,2015/16,2016-02-05,Dubai International Cricket Stadium,1,16.4,Lahore Qalandars,Karachi Kings,DJ Bravo,Mohammad Rizwan,Mohammad Amir,2,0,,,,,,,,,
959177,2015/16,2016-02-05,Dubai International Cricket Stadium,1,16.5,Lahore Qalandars,Karachi Kings,DJ Bravo,Mohammad Rizwan,Mohammad Amir,1,0,,,,,,,,,
959177,2015/16,2016-02-05,Dubai International Cricket Stadium,1,16.6,Lahore Qalandars,Karachi Kings,Mohammad Rizwan,DJ Bravo,Mohammad Amir,1,0,,,,,,,,,
959177,2015/16,2016-02-05,Dubai International Cricket Stadium,1,17.1,Lahore Qalandars,Karachi Kings,Mohammad Rizwan,DJ Bravo,Sohail Tanvir,0,1,1,,,,,,,,
959177,2015/16,2016-02-05,Dubai International Cricket Stadium,1,17.2,Lahore Qalandars,Karachi Kings,Mohammad Rizwan,DJ Bravo,Sohail Tanvir,2,0,,,,,,,,,
959177,2015/16,2016-02-05,Dubai International Cricket Stadium,1,17.3,Lahore Qalandars,Karachi Kings,Mohammad Rizwan,DJ Bravo,Sohail Tanvir,1,0,,,,,,,,,
959177,2015/16,2016-02-05,Dubai International Cricket Stadium,1,17.4,Lahore Qalandars,Karachi Kings,DJ Bravo,Mohammad Rizwan,Sohail Tanvir,1,0,,,,,,,,,
959177,2015/16,2016-02-05,Dubai International Cricket Stadium,1,17.5,Lahore Qalandars,Karachi Kings,Mohammad Rizwan,DJ Bravo,Sohail Tanvir,1,0,,,,,,,,,
959177,2015/16,2016-02-05,Dubai International Cricket Stadium,1,17.6,Lahore Qalandars,Karachi Kings,DJ Bravo,Mohammad Rizwan,Sohail Tanvir,0,0,,,,,,,,,
959177,2015/16,2016-02-05,Dubai International Cricket Stadium,1,17.7,Lahore Qalandars,Karachi Kings,DJ Bravo,Mohammad Rizwan,Sohail Tanvir,0,1,1,,,,,,,,
959177,2015/16,2016-02-05,Dubai International Cricket Stadium,1,17.8,Lahore Qalandars,Karachi Kings,DJ Bravo,Mohammad Rizwan,Sohail Tanvir,1,0,,,,,,,,,
959177,2015/16,2016-02-05,Dubai International Cricket Stadium,1,18.1,Lahore Qalandars,Karachi Kings,DJ Bravo,Mohammad Rizwan,Mohammad Amir,2,0,,,,,,,,,
959177,2015/16,2016-02-05,Dubai International Cricket Stadium,1,18.2,Lahore Qalandars,Karachi Kings,DJ Bravo,Mohammad Rizwan,Mohammad Amir,0,0,,,,,,bowled,DJ Bravo,,
959177,2015/16,2016-02-05,Dubai International Cricket Stadium,1,18.3,Lahore Qalandars,Karachi Kings,Zohaib Khan,Mohammad Rizwan,Mohammad Amir,0,0,,,,,,caught,Zohaib Khan,,
959177,2015/16,2016-02-05,Dubai International Cricket Stadium,1,18.4,Lahore Qalandars,Karachi Kings,KK Cooper,Mohammad Rizwan,Mohammad Amir,0,0,,,,,,lbw,KK Cooper,,
959177,2015/16,2016-02-05,Dubai International Cricket Stadium,1,18.5,Lahore Qalandars,Karachi Kings,Naved Yasin,Mohammad Rizwan,Mohammad Amir,0,1,1,,,,,,,,
959177,2015/16,2016-02-05,Dubai International Cricket Stadium,1,18.6,Lahore Qalandars,Karachi Kings,Naved Yasin,Mohammad Rizwan,Mohammad Amir,0,1,,,,1,,,,,
959177,2015/16,2016-02-05,Dubai International Cricket Stadium,1,18.7,Lahore Qalandars,Karachi Kings,Mohammad Rizwan,Naved Yasin,Mohammad Amir,0,0,,,,,,,,,
959177,2015/16,2016-02-05,Dubai International Cricket Stadium,1,19.1,Lahore Qalandars,Karachi Kings,Naved Yasin,Mohammad Rizwan,Sohail Tanvir,1,0,,,,,,,,,
959177,2015/16,2016-02-05,Dubai International Cricket Stadium,1,19.2,Lahore Qalandars,Karachi Kings,Mohammad Rizwan,Naved Yasin,Sohail Tanvir,1,0,,,,,,,,,
959177,2015/16,2016-02-05,Dubai International Cricket Stadium,1,19.3,Lahore Qalandars,Karachi Kings,Naved Yasin,Mohammad Rizwan,Sohail Tanvir,1,0,,,,,,,,,
959177,2015/16,2016-02-05,Dubai International Cricket Stadium,1,19.4,Lahore Qalandars,Karachi Kings,Mohammad Rizwan,Naved Yasin,Sohail Tanvir,2,0,,,,,,,,,
959177,2015/16,2016-02-05,Dubai International Cricket Stadium,1,19.5,Lahore Qalandars,Karachi Kings,Mohammad Rizwan,Naved Yasin,Sohail Tanvir,0,0,,,,,,bowled,Mohammad Rizwan,,
959177,2015/16,2016-02-05,Dubai International Cricket Stadium,1,19.6,Lahore Qalandars,Karachi Kings,Zafar Gohar,Naved Yasin,Sohail Tanvir,0,1,,,,1,,,,,
959177,2015/16,2016-02-05,Dubai International Cricket Stadium,2,0.1,Karachi Kings,Lahore Qalandars,LMP Simmons,Nauman Anwar,Zia-ul-Haq,0,0,,,,,,,,,
959177,2015/16,2016-02-05,Dubai International Cricket Stadium,2,0.2,Karachi Kings,Lahore Qalandars,LMP Simmons,Nauman Anwar,Zia-ul-Haq,0,0,,,,,,,,,
959177,2015/16,2016-02-05,Dubai International Cricket Stadium,2,0.3,Karachi Kings,Lahore Qalandars,LMP Simmons,Nauman Anwar,Zia-ul-Haq,1,0,,,,,,,,,
959177,2015/16,2016-02-05,Dubai International Cricket Stadium,2,0.4,Karachi Kings,Lahore Qalandars,Nauman Anwar,LMP Simmons,Zia-ul-Haq,0,0,,,,,,caught,Nauman Anwar,,
959177,2015/16,2016-02-05,Dubai International Cricket Stadium,2,0.5,Karachi Kings,Lahore Qalandars,JM Vince,LMP Simmons,Zia-ul-Haq,0,0,,,,,,,,,
959177,2015/16,2016-02-05,Dubai International Cricket Stadium,2,0.6,Karachi Kings,Lahore Qalandars,JM Vince,LMP Simmons,Zia-ul-Haq,1,0,,,,,,,,,
959177,2015/16,2016-02-05,Dubai International Cricket Stadium,2,1.1,Karachi Kings,Lahore Qalandars,JM Vince,LMP Simmons,Zafar Gohar,0,0,,,,,,,,,
959177,2015/16,2016-02-05,Dubai International Cricket Stadium,2,1.2,Karachi Kings,Lahore Qalandars,JM Vince,LMP Simmons,Zafar Gohar,0,0,,,,,,,,,
959177,2015/16,2016-02-05,Dubai International Cricket Stadium,2,1.3,Karachi Kings,Lahore Qalandars,JM Vince,LMP Simmons,Zafar Gohar,0,0,,,,,,,,,
959177,2015/16,2016-02-05,Dubai International Cricket Stadium,2,1.4,Karachi Kings,Lahore Qalandars,JM Vince,LMP Simmons,Zafar Gohar,2,0,,,,,,,,,
959177,2015/16,2016-02-05,Dubai International Cricket Stadium,2,1.5,Karachi Kings,Lahore Qalandars,JM Vince,LMP Simmons,Zafar Gohar,0,0,,,,,,lbw,JM Vince,,
959177,2015/16,2016-02-05,Dubai International Cricket Stadium,2,1.6,Karachi Kings,Lahore Qalandars,Shakib Al Hasan,LMP Simmons,Zafar Gohar,1,0,,,,,,,,,
959177,2015/16,2016-02-05,Dubai International Cricket Stadium,2,2.1,Karachi Kings,Lahore Qalandars,Shakib Al Hasan,LMP Simmons,Zia-ul-Haq,0,1,1,,,,,,,,
959177,2015/16,2016-02-05,Dubai International Cricket Stadium,2,2.2,Karachi Kings,Lahore Qalandars,Shakib Al Hasan,LMP Simmons,Zia-ul-Haq,0,0,,,,,,,,,
959177,2015/16,2016-02-05,Dubai International Cricket Stadium,2,2.3,Karachi Kings,Lahore Qalandars,Shakib Al Hasan,LMP Simmons,Zia-ul-Haq,2,0,,,,,,,,,
959177,2015/16,2016-02-05,Dubai International Cricket Stadium,2,2.4,Karachi Kings,Lahore Qalandars,Shakib Al Hasan,LMP Simmons,Zia-ul-Haq,0,0,,,,,,,,,
959177,2015/16,2016-02-05,Dubai International Cricket Stadium,2,2.5,Karachi Kings,Lahore Qalandars,Shakib Al Hasan,LMP Simmons,Zia-ul-Haq,0,0,,,,,,,,,
959177,2015/16,2016-02-05,Dubai International Cricket Stadium,2,2.6,Karachi Kings,Lahore Qalandars,Shakib Al Hasan,LMP Simmons,Zia-ul-Haq,2,0,,,,,,,,,
959177,2015/16,2016-02-05,Dubai International Cricket Stadium,2,2.7,Karachi Kings,Lahore Qalandars,Shakib Al Hasan,LMP Simmons,Zia-ul-Haq,0,0,,,,,,,,,
959177,2015/16,2016-02-05,Dubai International Cricket Stadium,2,3.1,Karachi Kings,Lahore Qalandars,LMP Simmons,Shakib Al Hasan,Zafar Gohar,4,0,,,,,,,,,
959177,2015/16,2016-02-05,Dubai International Cricket Stadium,2,3.2,Karachi Kings,Lahore Qalandars,LMP Simmons,Shakib Al Hasan,Zafar Gohar,4,0,,,,,,,,,
959177,2015/16,2016-02-05,Dubai International Cricket Stadium,2,3.3,Karachi Kings,Lahore Qalandars,LMP Simmons,Shakib Al Hasan,Zafar Gohar,1,0,,,,,,,,,
959177,2015/16,2016-02-05,Dubai International Cricket Stadium,2,3.4,Karachi Kings,Lahore Qalandars,Shakib Al Hasan,LMP Simmons,Zafar Gohar,6,0,,,,,,,,,
959177,2015/16,2016-02-05,Dubai International Cricket Stadium,2,3.5,Karachi Kings,Lahore Qalandars,Shakib Al Hasan,LMP Simmons,Zafar Gohar,6,0,,,,,,,,,
959177,2015/16,2016-02-05,Dubai International Cricket Stadium,2,3.6,Karachi Kings,Lahore Qalandars,Shakib Al Hasan,LMP Simmons,Zafar Gohar,0,0,,,,,,,,,
959177,2015/16,2016-02-05,Dubai International Cricket Stadium,2,4.1,Karachi Kings,Lahore Qalandars,LMP Simmons,Shakib Al Hasan,DJ Bravo,0,1,1,,,,,,,,
959177,2015/16,2016-02-05,Dubai International Cricket Stadium,2,4.2,Karachi Kings,Lahore Qalandars,LMP Simmons,Shakib Al Hasan,DJ Bravo,0,0,,,,,,,,,
959177,2015/16,2016-02-05,Dubai International Cricket Stadium,2,4.3,Karachi Kings,Lahore Qalandars,LMP Simmons,Shakib Al Hasan,DJ Bravo,0,0,,,,,,,,,
959177,2015/16,2016-02-05,Dubai International Cricket Stadium,2,4.4,Karachi Kings,Lahore Qalandars,LMP Simmons,Shakib Al Hasan,DJ Bravo,1,0,,,,,,,,,
959177,2015/16,2016-02-05,Dubai International Cricket Stadium,2,4.5,Karachi Kings,Lahore Qalandars,Shakib Al Hasan,LMP Simmons,DJ Bravo,4,0,,,,,,,,,
959177,2015/16,2016-02-05,Dubai International Cricket Stadium,2,4.6,Karachi Kings,Lahore Qalandars,Shakib Al Hasan,LMP Simmons,DJ Bravo,4,0,,,,,,,,,
959177,2015/16,2016-02-05,Dubai International Cricket Stadium,2,4.7,Karachi Kings,Lahore Qalandars,Shakib Al Hasan,LMP Simmons,DJ Bravo,2,0,,,,,,,,,
959177,2015/16,2016-02-05,Dubai International Cricket Stadium,2,5.1,Karachi Kings,Lahore Qalandars,LMP Simmons,Shakib Al Hasan,KK Cooper,0,0,,,,,,,,,
959177,2015/16,2016-02-05,Dubai International Cricket Stadium,2,5.2,Karachi Kings,Lahore Qalandars,LMP Simmons,Shakib Al Hasan,KK Cooper,0,0,,,,,,,,,
959177,2015/16,2016-02-05,Dubai International Cricket Stadium,2,5.3,Karachi Kings,Lahore Qalandars,LMP Simmons,Shakib Al Hasan,KK Cooper,4,1,,1,,,,,,,
959177,2015/16,2016-02-05,Dubai International Cricket Stadium,2,5.4,Karachi Kings,Lahore Qalandars,LMP Simmons,Shakib Al Hasan,KK Cooper,6,0,,,,,,,,,
959177,2015/16,2016-02-05,Dubai International Cricket Stadium,2,5.5,Karachi Kings,Lahore Qalandars,LMP Simmons,Shakib Al Hasan,KK Cooper,2,0,,,,,,,,,
959177,2015/16,2016-02-05,Dubai International Cricket Stadium,2,5.6,Karachi Kings,Lahore Qalandars,LMP Simmons,Shakib Al Hasan,KK Cooper,1,0,,,,,,,,,
959177,2015/16,2016-02-05,Dubai International Cricket Stadium,2,5.7,Karachi Kings,Lahore Qalandars,Shakib Al Hasan,LMP Simmons,KK Cooper,0,0,,,,,,,,,
959177,2015/16,2016-02-05,Dubai International Cricket Stadium,2,6.1,Karachi Kings,Lahore Qalandars,LMP Simmons,Shakib Al Hasan,Zohaib Khan,1,0,,,,,,,,,
959177,2015/16,2016-02-05,Dubai International Cricket Stadium,2,6.2,Karachi Kings,Lahore Qalandars,Shakib Al Hasan,LMP Simmons,Zohaib Khan,1,0,,,,,,,,,
959177,2015/16,2016-02-05,Dubai International Cricket Stadium,2,6.3,Karachi Kings,Lahore Qalandars,LMP Simmons,Shakib Al Hasan,Zohaib Khan,1,0,,,,,,,,,
959177,2015/16,2016-02-05,Dubai International Cricket Stadium,2,6.4,Karachi Kings,Lahore Qalandars,Shakib Al Hasan,LMP Simmons,Zohaib Khan,2,0,,,,,,,,,
959177,2015/16,2016-02-05,Dubai International Cricket Stadium,2,6.5,Karachi Kings,Lahore Qalandars,Shakib Al Hasan,LMP Simmons,Zohaib Khan,0,0,,,,,,,,,
959177,2015/16,2016-02-05,Dubai International Cricket Stadium,2,6.6,Karachi Kings,Lahore Qalandars,Shakib Al Hasan,LMP Simmons,Zohaib Khan,0,0,,,,,,,,,
959177,2015/16,2016-02-05,Dubai International Cricket Stadium,2,7.1,Karachi Kings,Lahore Qalandars,LMP Simmons,Shakib Al Hasan,DJ Bravo,0,0,,,,,,,,,
959177,2015/16,2016-02-05,Dubai International Cricket Stadium,2,7.2,Karachi Kings,Lahore Qalandars,LMP Simmons,Shakib Al Hasan,DJ Bravo,0,0,,,,,,,,,
959177,2015/16,2016-02-05,Dubai International Cricket Stadium,2,7.3,Karachi Kings,Lahore Qalandars,LMP Simmons,Shakib Al Hasan,DJ Bravo,4,0,,,,,,,,,
959177,2015/16,2016-02-05,Dubai International Cricket Stadium,2,7.4,Karachi Kings,Lahore Qalandars,LMP Simmons,Shakib Al Hasan,DJ Bravo,6,0,,,,,,,,,
959177,2015/16,2016-02-05,Dubai International Cricket Stadium,2,7.5,Karachi Kings,Lahore Qalandars,LMP Simmons,Shakib Al Hasan,DJ Bravo,4,0,,,,,,,,,
959177,2015/16,2016-02-05,Dubai International Cricket Stadium,2,7.6,Karachi Kings,Lahore Qalandars,LMP Simmons,Shakib Al Hasan,DJ Bravo,1,0,,,,,,,,,
959177,2015/16,2016-02-05,Dubai International Cricket Stadium,2,8.1,Karachi Kings,Lahore Qalandars,LMP Simmons,Shakib Al Hasan,Zohaib Khan,0,0,,,,,,,,,
959177,2015/16,2016-02-05,Dubai International Cricket Stadium,2,8.2,Karachi Kings,Lahore Qalandars,LMP Simmons,Shakib Al Hasan,Zohaib Khan,0,0,,,,,,,,,
959177,2015/16,2016-02-05,Dubai International Cricket Stadium,2,8.3,Karachi Kings,Lahore Qalandars,LMP Simmons,Shakib Al Hasan,Zohaib Khan,0,0,,,,,,,,,
959177,2015/16,2016-02-05,Dubai International Cricket Stadium,2,8.4,Karachi Kings,Lahore Qalandars,LMP Simmons,Shakib Al Hasan,Zohaib Khan,0,0,,,,,,,,,
959177,2015/16,2016-02-05,Dubai International Cricket Stadium,2,8.5,Karachi Kings,Lahore Qalandars,LMP Simmons,Shakib Al Hasan,Zohaib Khan,0,0,,,,,,,,,
959177,2015/16,2016-02-05,Dubai International Cricket Stadium,2,8.6,Karachi Kings,Lahore Qalandars,LMP Simmons,Shakib Al Hasan,Zohaib Khan,1,0,,,,,,,,,
959177,2015/16,2016-02-05,Dubai International Cricket Stadium,2,9.1,Karachi Kings,Lahore Qalandars,LMP Simmons,Shakib Al Hasan,Azhar Ali,1,0,,,,,,,,,
959177,2015/16,2016-02-05,Dubai International Cricket Stadium,2,9.2,Karachi Kings,Lahore Qalandars,Shakib Al Hasan,LMP Simmons,Azhar Ali,1,0,,,,,,,,,
959177,2015/16,2016-02-05,Dubai International Cricket Stadium,2,9.3,Karachi Kings,Lahore Qalandars,LMP Simmons,Shakib Al Hasan,Azhar Ali,1,0,,,,,,,,,
959177,2015/16,2016-02-05,Dubai International Cricket Stadium,2,9.4,Karachi Kings,Lahore Qalandars,Shakib Al Hasan,LMP Simmons,Azhar Ali,1,0,,,,,,,,,
959177,2015/16,2016-02-05,Dubai International Cricket Stadium,2,9.5,Karachi Kings,Lahore Qalandars,LMP Simmons,Shakib Al Hasan,Azhar Ali,0,0,,,,,,,,,
959177,2015/16,2016-02-05,Dubai International Cricket Stadium,2,9.6,Karachi Kings,Lahore Qalandars,LMP Simmons,Shakib Al Hasan,Azhar Ali,0,0,,,,,,,,,
959177,2015/16,2016-02-05,Dubai International Cricket Stadium,2,10.1,Karachi Kings,Lahore Qalandars,Shakib Al Hasan,LMP Simmons,Zohaib Khan,0,0,,,,,,,,,
959177,2015/16,2016-02-05,Dubai International Cricket Stadium,2,10.2,Karachi Kings,Lahore Qalandars,Shakib Al Hasan,LMP Simmons,Zohaib Khan,0,0,,,,,,,,,
959177,2015/16,2016-02-05,Dubai International Cricket Stadium,2,10.3,Karachi Kings,Lahore Qalandars,Shakib Al Hasan,LMP Simmons,Zohaib Khan,2,0,,,,,,,,,
959177,2015/16,2016-02-05,Dubai International Cricket Stadium,2,10.4,Karachi Kings,Lahore Qalandars,Shakib Al Hasan,LMP Simmons,Zohaib Khan,2,0,,,,,,,,,
959177,2015/16,2016-02-05,Dubai International Cricket Stadium,2,10.5,Karachi Kings,Lahore Qalandars,Shakib Al Hasan,LMP Simmons,Zohaib Khan,1,0,,,,,,,,,
959177,2015/16,2016-02-05,Dubai International Cricket Stadium,2,10.6,Karachi Kings,Lahore Qalandars,LMP Simmons,Shakib Al Hasan,Zohaib Khan,4,0,,,,,,,,,
959177,2015/16,2016-02-05,Dubai International Cricket Stadium,2,11.1,Karachi Kings,Lahore Qalandars,Shakib Al Hasan,LMP Simmons,Azhar Ali,1,0,,,,,,,,,
959177,2015/16,2016-02-05,Dubai International Cricket Stadium,2,11.2,Karachi Kings,Lahore Qalandars,LMP Simmons,Shakib Al Hasan,Azhar Ali,1,0,,,,,,,,,
959177,2015/16,2016-02-05,Dubai International Cricket Stadium,2,11.3,Karachi Kings,Lahore Qalandars,Shakib Al Hasan,LMP Simmons,Azhar Ali,0,0,,,,,,,,,
959177,2015/16,2016-02-05,Dubai International Cricket Stadium,2,11.4,Karachi Kings,Lahore Qalandars,Shakib Al Hasan,LMP Simmons,Azhar Ali,1,0,,,,,,,,,
959177,2015/16,2016-02-05,Dubai International Cricket Stadium,2,11.5,Karachi Kings,Lahore Qalandars,LMP Simmons,Shakib Al Hasan,Azhar Ali,1,0,,,,,,,,,
959177,2015/16,2016-02-05,Dubai International Cricket Stadium,2,11.6,Karachi Kings,Lahore Qalandars,Shakib Al Hasan,LMP Simmons,Azhar Ali,4,0,,,,,,,,,
959177,2015/16,2016-02-05,Dubai International Cricket Stadium,2,12.1,Karachi Kings,Lahore Qalandars,LMP Simmons,Shakib Al Hasan,Zohaib Khan,1,0,,,,,,,,,
959177,2015/16,2016-02-05,Dubai International Cricket Stadium,2,12.2,Karachi Kings,Lahore Qalandars,Shakib Al Hasan,LMP Simmons,Zohaib Khan,0,0,,,,,,,,,
959177,2015/16,2016-02-05,Dubai International Cricket Stadium,2,12.3,Karachi Kings,Lahore Qalandars,Shakib Al Hasan,LMP Simmons,Zohaib Khan,6,0,,,,,,,,,
959177,2015/16,2016-02-05,Dubai International Cricket Stadium,2,12.4,Karachi Kings,Lahore Qalandars,Shakib Al Hasan,LMP Simmons,Zohaib Khan,1,0,,,,,,,,,
959177,2015/16,2016-02-05,Dubai International Cricket Stadium,2,12.5,Karachi Kings,Lahore Qalandars,LMP Simmons,Shakib Al Hasan,Zohaib Khan,4,0,,,,,,,,,
959177,2015/16,2016-02-05,Dubai International Cricket Stadium,2,12.6,Karachi Kings,Lahore Qalandars,LMP Simmons,Shakib Al Hasan,Zohaib Khan,0,0,,,,,,,,,
959177,2015/16,2016-02-05,Dubai International Cricket Stadium,2,13.1,Karachi Kings,Lahore Qalandars,Shakib Al Hasan,LMP Simmons,CS Delport,0,0,,,,,,,,,
959177,2015/16,2016-02-05,Dubai International Cricket Stadium,2,13.2,Karachi Kings,Lahore Qalandars,Shakib Al Hasan,LMP Simmons,CS Delport,1,0,,,,,,,,,
959177,2015/16,2016-02-05,Dubai International Cricket Stadium,2,13.3,Karachi Kings,Lahore Qalandars,LMP Simmons,Shakib Al Hasan,CS Delport,1,0,,,,,,,,,
959177,2015/16,2016-02-05,Dubai International Cricket Stadium,2,13.4,Karachi Kings,Lahore Qalandars,Shakib Al Hasan,LMP Simmons,CS Delport,0,0,,,,,,caught,Shakib Al Hasan,,
959177,2015/16,2016-02-05,Dubai International Cricket Stadium,2,13.5,Karachi Kings,Lahore Qalandars,Shoaib Malik,LMP Simmons,CS Delport,0,0,,,,,,,,,
959177,2015/16,2016-02-05,Dubai International Cricket Stadium,2,13.6,Karachi Kings,Lahore Qalandars,Shoaib Malik,LMP Simmons,CS Delport,0,0,,,,,,,,,
959177,2015/16,2016-02-05,Dubai International Cricket Stadium,2,14.1,Karachi Kings,Lahore Qalandars,LMP Simmons,Shoaib Malik,Zafar Gohar,0,0,,,,,,,,,
959177,2015/16,2016-02-05,Dubai International Cricket Stadium,2,14.2,Karachi Kings,Lahore Qalandars,LMP Simmons,Shoaib Malik,Zafar Gohar,4,0,,,,,,,,,
959177,2015/16,2016-02-05,Dubai International Cricket Stadium,2,14.3,Karachi Kings,Lahore Qalandars,LMP Simmons,Shoaib Malik,Zafar Gohar,0,0,,,,,,,,,
959177,2015/16,2016-02-05,Dubai International Cricket Stadium,2,14.4,Karachi Kings,Lahore Qalandars,LMP Simmons,Shoaib Malik,Zafar Gohar,0,0,,,,,,,,,
959177,2015/16,2016-02-05,Dubai International Cricket Stadium,2,14.5,Karachi Kings,Lahore Qalandars,LMP Simmons,Shoaib Malik,Zafar Gohar,1,0,,,,,,,,,
959177,2015/16,2016-02-05,Dubai International Cricket Stadium,2,14.6,Karachi Kings,Lahore Qalandars,Shoaib Malik,LMP Simmons,Zafar Gohar,0,0,,,,,,,,,
959177,2015/16,2016-02-05,Dubai International Cricket Stadium,2,15.1,Karachi Kings,Lahore Qalandars,LMP Simmons,Shoaib Malik,CS Delport,1,0,,,,,,,,,
959177,2015/16,2016-02-05,Dubai International Cricket Stadium,2,15.2,Karachi Kings,Lahore Qalandars,Shoaib Malik,LMP Simmons,CS Delport,6,0,,,,,,,,,
959177,2015/16,2016-02-05,Dubai International Cricket Stadium,2,15.3,Karachi Kings,Lahore Qalandars,Shoaib Malik,LMP Simmons,CS Delport,0,0,,,,,,,,,
959177,2015/16,2016-02-05,Dubai International Cricket Stadium,2,15.4,Karachi Kings,Lahore Qalandars,Shoaib Malik,LMP Simmons,CS Delport,0,0,,,,,,,,,
959177,2015/16,2016-02-05,Dubai International Cricket Stadium,2,15.5,Karachi Kings,Lahore Qalandars,Shoaib Malik,LMP Simmons,CS Delport,6,0,,,,,,,,,
