match_id,season,start_date,venue,innings,ball,batting_team,bowling_team,striker,non_striker,bowler,runs_off_bat,extras,wides,noballs,byes,legbyes,penalty,wicket_type,player_dismissed,other_wicket_type,other_player_dismissed
1167168,2019,2019-08-01,Lord's,1,0.1,Kent,Middlesex,DJ Bell-Drummond,Z Crawley,TG Helm,0,0,,,,,,,,,
1167168,2019,2019-08-01,Lord's,1,0.2,Kent,Middlesex,DJ Bell-Drummond,Z Crawley,TG Helm,1,0,,,,,,,,,
1167168,2019,2019-08-01,Lord's,1,0.3,Kent,Middlesex,Z Crawley,DJ Bell-Drummond,TG Helm,2,0,,,,,,,,,
1167168,2019,2019-08-01,Lord's,1,0.4,Kent,Middlesex,Z Crawley,DJ Bell-Drummond,TG Helm,1,0,,,,,,,,,
1167168,2019,2019-08-01,Lord's,1,0.5,Kent,Middlesex,DJ Bell-Drummond,Z Crawley,TG Helm,1,0,,,,,,,,,
1167168,2019,2019-08-01,Lord's,1,0.6,Kent,Middlesex,Z Crawley,DJ Bell-Drummond,TG Helm,2,0,,,,,,,,,
1167168,2019,2019-08-01,Lord's,1,1.1,Kent,Middlesex,DJ Bell-Drummond,Z Crawley,Mujeeb Ur Rahman,0,0,,,,,,,,,
1167168,2019,2019-08-01,Lord's,1,1.2,Kent,Middlesex,DJ Bell-Drummond,Z Crawley,Mujeeb Ur Rahman,0,0,,,,,,,,,
1167168,2019,2019-08-01,Lord's,1,1.3,Kent,Middlesex,DJ Bell-Drummond,Z Crawley,Mujeeb Ur Rahman,0,0,,,,,,,,,
1167168,2019,2019-08-01,Lord's,1,1.4,Kent,Middlesex,DJ Bell-Drummond,Z Crawley,Mujeeb Ur Rahman,1,0,,,,,,,,,
1167168,2019,2019-08-01,Lord's,1,1.5,Kent,Middlesex,Z Crawley,DJ Bell-Drummond,Mujeeb Ur Rahman,0,1,1,,,,,,,,
1167168,2019,2019-08-01,Lord's,1,1.6,Kent,Middlesex,Z Crawley,DJ Bell-Drummond,Mujeeb Ur Rahman,0,0,,,,,,,,,
1167168,2019,2019-08-01,Lord's,1,1.7,Kent,Middlesex,Z Crawley,DJ Bell-Drummond,Mujeeb Ur Rahman,0,1,1,,,,,,,,
1167168,2019,2019-08-01,Lord's,1,1.8,Kent,Middlesex,Z Crawley,DJ Bell-Drummond,Mujeeb Ur Rahman,0,0,,,,,,,,,
1167168,2019,2019-08-01,Lord's,1,2.1,Kent,Middlesex,DJ Bell-Drummond,Z Crawley,TS Roland-Jones,0,0,,,,,,,,,
1167168,2019,2019-08-01,Lord's,1,2.2,Kent,Middlesex,DJ Bell-Drummond,Z Crawley,TS Roland-Jones,1,0,,,,,,,,,
1167168,2019,2019-08-01,Lord's,1,2.3,Kent,Middlesex,Z Crawley,DJ Bell-Drummond,TS Roland-Jones,2,0,,,,,,,,,
1167168,2019,2019-08-01,Lord's,1,2.4,Kent,Middlesex,Z Crawley,DJ Bell-Drummond,TS Roland-Jones,6,0,,,,,,,,,
1167168,2019,2019-08-01,Lord's,1,2.5,Kent,Middlesex,Z Crawley,DJ Bell-Drummond,TS Roland-Jones,4,0,,,,,,,,,
1167168,2019,2019-08-01,Lord's,1,2.6,Kent,Middlesex,Z Crawley,DJ Bell-Drummond,TS Roland-Jones,6,0,,,,,,,,,
1167168,2019,2019-08-01,Lord's,1,3.1,Kent,Middlesex,DJ Bell-Drummond,Z Crawley,Mujeeb Ur Rahman,1,0,,,,,,,,,
1167168,2019,2019-08-01,Lord's,1,3.2,Kent,Middlesex,Z Crawley,DJ Bell-Drummond,Mujeeb Ur Rahman,1,0,,,,,,,,,
1167168,2019,2019-08-01,Lord's,1,3.3,Kent,Middlesex,DJ Bell-Drummond,Z Crawley,Mujeeb Ur Rahman,1,0,,,,,,,,,
1167168,2019,2019-08-01,Lord's,1,3.4,Kent,Middlesex,Z Crawley,DJ Bell-Drummond,Mujeeb Ur Rahman,0,0,,,,,,,,,
1167168,2019,2019-08-01,Lord's,1,3.5,Kent,Middlesex,Z Crawley,DJ Bell-Drummond,Mujeeb Ur Rahman,0,1,1,,,,,,,,
1167168,2019,2019-08-01,Lord's,1,3.6,Kent,Middlesex,Z Crawley,DJ Bell-Drummond,Mujeeb Ur Rahman,0,0,,,,,,,,,
1167168,2019,2019-08-01,Lord's,1,3.7,Kent,Middlesex,Z Crawley,DJ Bell-Drummond,Mujeeb Ur Rahman,2,0,,,,,,,,,
1167168,2019,2019-08-01,Lord's,1,4.1,Kent,Middlesex,DJ Bell-Drummond,Z Crawley,TG Helm,4,0,,,,,,,,,
1167168,2019,2019-08-01,Lord's,1,4.2,Kent,Middlesex,DJ Bell-Drummond,Z Crawley,TG Helm,1,0,,,,,,,,,
1167168,2019,2019-08-01,Lord's,1,4.3,Kent,Middlesex,Z Crawley,DJ Bell-Drummond,TG Helm,4,0,,,,,,,,,
1167168,2019,2019-08-01,Lord's,1,4.4,Kent,Middlesex,Z Crawley,DJ Bell-Drummond,TG Helm,0,0,,,,,,caught,Z Crawley,,
1167168,2019,2019-08-01,Lord's,1,4.5,Kent,Middlesex,OG Robinson,DJ Bell-Drummond,TG Helm,1,0,,,,,,,,,
1167168,2019,2019-08-01,Lord's,1,4.6,Kent,Middlesex,DJ Bell-Drummond,OG Robinson,TG Helm,0,0,,,,,,,,,
1167168,2019,2019-08-01,Lord's,1,5.1,Kent,Middlesex,OG Robinson,DJ Bell-Drummond,Mujeeb Ur Rahman,1,0,,,,,,,,,
1167168,2019,2019-08-01,Lord's,1,5.2,Kent,Middlesex,DJ Bell-Drummond,OG Robinson,Mujeeb Ur Rahman,0,0,,,,,,,,,
1167168,2019,2019-08-01,Lord's,1,5.3,Kent,Middlesex,DJ Bell-Drummond,OG Robinson,Mujeeb Ur Rahman,0,5,5,,,,,,,,
1167168,2019,2019-08-01,Lord's,1,5.4,Kent,Middlesex,DJ Bell-Drummond,OG Robinson,Mujeeb Ur Rahman,0,0,,,,,,,,,
1167168,2019,2019-08-01,Lord's,1,5.5,Kent,Middlesex,DJ Bell-Drummond,OG Robinson,Mujeeb Ur Rahman,1,0,,,,,,,,,
1167168,2019,2019-08-01,Lord's,1,5.6,Kent,Middlesex,OG Robinson,DJ Bell-Drummond,Mujeeb Ur Rahman,0,0,,,,,,,,,
1167168,2019,2019-08-01,Lord's,1,5.7,Kent,Middlesex,OG Robinson,DJ Bell-Drummond,Mujeeb Ur Rahman,0,0,,,,,,,,,
1167168,2019,2019-08-01,Lord's,1,6.1,Kent,Middlesex,DJ Bell-Drummond,OG Robinson,ST Finn,0,0,,,,,,,,,
1167168,2019,2019-08-01,Lord's,1,6.2,Kent,Middlesex,DJ Bell-Drummond,OG Robinson,ST Finn,2,0,,,,,,,,,
1167168,2019,2019-08-01,Lord's,1,6.3,Kent,Middlesex,DJ Bell-Drummond,OG Robinson,ST Finn,1,0,,,,,,,,,
1167168,2019,2019-08-01,Lord's,1,6.4,Kent,Middlesex,OG Robinson,DJ Bell-Drummond,ST Finn,0,0,,,,,,,,,
1167168,2019,2019-08-01,Lord's,1,6.5,Kent,Middlesex,OG Robinson,DJ Bell-Drummond,ST Finn,4,0,,,,,,,,,
1167168,2019,2019-08-01,Lord's,1,6.6,Kent,Middlesex,OG Robinson,DJ Bell-Drummond,ST Finn,0,0,,,,,,,,,
1167168,2019,2019-08-01,Lord's,1,7.1,Kent,Middlesex,DJ Bell-Drummond,OG Robinson,NA Sowter,0,1,1,,,,,,,,
1167168,2019,2019-08-01,Lord's,1,7.2,Kent,Middlesex,DJ Bell-Drummond,OG Robinson,NA Sowter,1,0,,,,,,,,,
1167168,2019,2019-08-01,Lord's,1,7.3,Kent,Middlesex,OG Robinson,DJ Bell-Drummond,NA Sowter,1,0,,,,,,,,,
1167168,2019,2019-08-01,Lord's,1,7.4,Kent,Middlesex,DJ Bell-Drummond,OG Robinson,NA Sowter,4,0,,,,,,,,,
1167168,2019,2019-08-01,Lord's,1,7.5,Kent,Middlesex,DJ Bell-Drummond,OG Robinson,NA Sowter,2,0,,,,,,,,,
1167168,2019,2019-08-01,Lord's,1,7.6,Kent,Middlesex,DJ Bell-Drummond,OG Robinson,NA Sowter,1,0,,,,,,,,,
1167168,2019,2019-08-01,Lord's,1,7.7,Kent,Middlesex,OG Robinson,DJ Bell-Drummond,NA Sowter,0,0,,,,,,,,,
1167168,2019,2019-08-01,Lord's,1,8.1,Kent,Middlesex,DJ Bell-Drummond,OG Robinson,ST Finn,1,0,,,,,,,,,
1167168,2019,2019-08-01,Lord's,1,8.2,Kent,Middlesex,OG Robinson,DJ Bell-Drummond,ST Finn,0,0,,,,,,caught,OG Robinson,,
1167168,2019,2019-08-01,Lord's,1,8.3,Kent,Middlesex,DJ Bell-Drummond,HG Kuhn,ST Finn,1,0,,,,,,,,,
1167168,2019,2019-08-01,Lord's,1,8.4,Kent,Middlesex,HG Kuhn,DJ Bell-Drummond,ST Finn,1,0,,,,,,,,,
1167168,2019,2019-08-01,Lord's,1,8.5,Kent,Middlesex,DJ Bell-Drummond,HG Kuhn,ST Finn,0,0,,,,,,caught,DJ Bell-Drummond,,
1167168,2019,2019-08-01,Lord's,1,8.6,Kent,Middlesex,Mohammad Nabi,HG Kuhn,ST Finn,1,0,,,,,,,,,
1167168,2019,2019-08-01,Lord's,1,9.1,Kent,Middlesex,Mohammad Nabi,HG Kuhn,NA Sowter,0,1,1,,,,,,,,
1167168,2019,2019-08-01,Lord's,1,9.2,Kent,Middlesex,Mohammad Nabi,HG Kuhn,NA Sowter,1,0,,,,,,,,,
1167168,2019,2019-08-01,Lord's,1,9.3,Kent,Middlesex,HG Kuhn,Mohammad Nabi,NA Sowter,0,0,,,,,,,,,
1167168,2019,2019-08-01,Lord's,1,9.4,Kent,Middlesex,HG Kuhn,Mohammad Nabi,NA Sowter,0,0,,,,,,,,,
1167168,2019,2019-08-01,Lord's,1,9.5,Kent,Middlesex,HG Kuhn,Mohammad Nabi,NA Sowter,1,0,,,,,,,,,
1167168,2019,2019-08-01,Lord's,1,9.6,Kent,Middlesex,Mohammad Nabi,HG Kuhn,NA Sowter,0,1,,,,1,,,,,
1167168,2019,2019-08-01,Lord's,1,9.7,Kent,Middlesex,HG Kuhn,Mohammad Nabi,NA Sowter,1,0,,,,,,,,,
1167168,2019,2019-08-01,Lord's,1,10.1,Kent,Middlesex,HG Kuhn,Mohammad Nabi,ST Finn,0,0,,,,,,,,,
1167168,2019,2019-08-01,Lord's,1,10.2,Kent,Middlesex,HG Kuhn,Mohammad Nabi,ST Finn,0,0,,,,,,,,,
1167168,2019,2019-08-01,Lord's,1,10.3,Kent,Middlesex,HG Kuhn,Mohammad Nabi,ST Finn,1,0,,,,,,,,,
1167168,2019,2019-08-01,Lord's,1,10.4,Kent,Middlesex,Mohammad Nabi,HG Kuhn,ST Finn,2,0,,,,,,,,,
1167168,2019,2019-08-01,Lord's,1,10.5,Kent,Middlesex,Mohammad Nabi,HG Kuhn,ST Finn,0,0,,,,,,,,,
1167168,2019,2019-08-01,Lord's,1,10.6,Kent,Middlesex,Mohammad Nabi,HG Kuhn,ST Finn,1,0,,,,,,,,,
1167168,2019,2019-08-01,Lord's,1,11.1,Kent,Middlesex,Mohammad Nabi,HG Kuhn,NA Sowter,1,0,,,,,,,,,
1167168,2019,2019-08-01,Lord's,1,11.2,Kent,Middlesex,HG Kuhn,Mohammad Nabi,NA Sowter,1,0,,,,,,,,,
1167168,2019,2019-08-01,Lord's,1,11.3,Kent,Middlesex,Mohammad Nabi,HG Kuhn,NA Sowter,1,0,,,,,,,,,
1167168,2019,2019-08-01,Lord's,1,11.4,Kent,Middlesex,HG Kuhn,Mohammad Nabi,NA Sowter,4,0,,,,,,,,,
1167168,2019,2019-08-01,Lord's,1,11.5,Kent,Middlesex,HG Kuhn,Mohammad Nabi,NA Sowter,1,0,,,,,,,,,
1167168,2019,2019-08-01,Lord's,1,11.6,Kent,Middlesex,Mohammad Nabi,HG Kuhn,NA Sowter,0,0,,,,,,bowled,Mohammad Nabi,,
1167168,2019,2019-08-01,Lord's,1,12.1,Kent,Middlesex,HG Kuhn,AJ Blake,TS Roland-Jones,2,0,,,,,,,,,
1167168,2019,2019-08-01,Lord's,1,12.2,Kent,Middlesex,HG Kuhn,AJ Blake,TS Roland-Jones,0,1,,,,1,,,,,
1167168,2019,2019-08-01,Lord's,1,12.3,Kent,Middlesex,AJ Blake,HG Kuhn,TS Roland-Jones,4,0,,,,,,,,,
1167168,2019,2019-08-01,Lord's,1,12.4,Kent,Middlesex,AJ Blake,HG Kuhn,TS Roland-Jones,1,0,,,,,,,,,
1167168,2019,2019-08-01,Lord's,1,12.5,Kent,Middlesex,HG Kuhn,AJ Blake,TS Roland-Jones,6,0,,,,,,,,,
1167168,2019,2019-08-01,Lord's,1,12.6,Kent,Middlesex,HG Kuhn,AJ Blake,TS Roland-Jones,3,0,,,,,,,,,
1167168,2019,2019-08-01,Lord's,1,13.1,Kent,Middlesex,HG Kuhn,AJ Blake,PR Stirling,1,0,,,,,,,,,
1167168,2019,2019-08-01,Lord's,1,13.2,Kent,Middlesex,AJ Blake,HG Kuhn,PR Stirling,1,0,,,,,,,,,
1167168,2019,2019-08-01,Lord's,1,13.3,Kent,Middlesex,HG Kuhn,AJ Blake,PR Stirling,2,0,,,,,,,,,
1167168,2019,2019-08-01,Lord's,1,13.4,Kent,Middlesex,HG Kuhn,AJ Blake,PR Stirling,1,0,,,,,,,,,
1167168,2019,2019-08-01,Lord's,1,13.5,Kent,Middlesex,AJ Blake,HG Kuhn,PR Stirling,1,0,,,,,,,,,
1167168,2019,2019-08-01,Lord's,1,13.6,Kent,Middlesex,HG Kuhn,AJ Blake,PR Stirling,2,0,,,,,,,,,
1167168,2019,2019-08-01,Lord's,1,14.1,Kent,Middlesex,AJ Blake,HG Kuhn,Mujeeb Ur Rahman,1,0,,,,,,,,,
1167168,2019,2019-08-01,Lord's,1,14.2,Kent,Middlesex,HG Kuhn,AJ Blake,Mujeeb Ur Rahman,1,0,,,,,,,,,
1167168,2019,2019-08-01,Lord's,1,14.3,Kent,Middlesex,AJ Blake,HG Kuhn,Mujeeb Ur Rahman,0,1,1,,,,,,,,
1167168,2019,2019-08-01,Lord's,1,14.4,Kent,Middlesex,AJ Blake,HG Kuhn,Mujeeb Ur Rahman,0,0,,,,,,,,,
1167168,2019,2019-08-01,Lord's,1,14.5,Kent,Middlesex,AJ Blake,HG Kuhn,Mujeeb Ur Rahman,1,0,,,,,,,,,
1167168,2019,2019-08-01,Lord's,1,14.6,Kent,Middlesex,HG Kuhn,AJ Blake,Mujeeb Ur Rahman,4,0,,,,,,,,,
1167168,2019,2019-08-01,Lord's,1,14.7,Kent,Middlesex,HG Kuhn,AJ Blake,Mujeeb Ur Rahman,1,0,,,,,,,,,
1167168,2019,2019-08-01,Lord's,1,15.1,Kent,Middlesex,HG Kuhn,AJ Blake,PR Stirling,6,0,,,,,,,,,
1167168,2019,2019-08-01,Lord's,1,15.2,Kent,Middlesex,HG Kuhn,AJ Blake,PR Stirling,3,0,,,,,,,,,
1167168,2019,2019-08-01,Lord's,1,15.3,Kent,Middlesex,AJ Blake,HG Kuhn,PR Stirling,0,0,,,,,,,,,
1167168,2019,2019-08-01,Lord's,1,15.4,Kent,Middlesex,AJ Blake,HG Kuhn,PR Stirling,4,0,,,,,,,,,
1167168,2019,2019-08-01,Lord's,1,15.5,Kent,Middlesex,AJ Blake,HG Kuhn,PR Stirling,1,0,,,,,,,,,
1167168,2019,2019-08-01,Lord's,1,15.6,Kent,Middlesex,HG Kuhn,AJ Blake,PR Stirling,1,0,,,,,,,,,
1167168,2019,2019-08-01,Lord's,1,16.1,Kent,Middlesex,HG Kuhn,AJ Blake,TG Helm,2,0,,,,,,,,,
1167168,2019,2019-08-01,Lord's,1,16.2,Kent,Middlesex,HG Kuhn,AJ Blake,TG Helm,1,0,,,,,,,,,
1167168,2019,2019-08-01,Lord's,1,16.3,Kent,Middlesex,AJ Blake,HG Kuhn,TG Helm,2,0,,,,,,,,,
1167168,2019,2019-08-01,Lord's,1,16.4,Kent,Middlesex,AJ Blake,HG Kuhn,TG Helm,0,0,,,,,,,,,
1167168,2019,2019-08-01,Lord's,1,16.5,Kent,Middlesex,AJ Blake,HG Kuhn,TG Helm,2,0,,,,,,,,,
1167168,2019,2019-08-01,Lord's,1,16.6,Kent,Middlesex,AJ Blake,HG Kuhn,TG Helm,1,0,,,,,,,,,
1167168,2019,2019-08-01,Lord's,1,17.1,Kent,Middlesex,AJ Blake,HG Kuhn,ST Finn,6,0,,,,,,,,,
1167168,2019,2019-08-01,Lord's,1,17.2,Kent,Middlesex,AJ Blake,HG Kuhn,ST Finn,0,0,,,,,,,,,
1167168,2019,2019-08-01,Lord's,1,17.3,Kent,Middlesex,AJ Blake,HG Kuhn,ST Finn,6,0,,,,,,,,,
1167168,2019,2019-08-01,Lord's,1,17.4,Kent,Middlesex,AJ Blake,HG Kuhn,ST Finn,6,0,,,,,,,,,
1167168,2019,2019-08-01,Lord's,1,17.5,Kent,Middlesex,AJ Blake,HG Kuhn,ST Finn,6,0,,,,,,,,,
1167168,2019,2019-08-01,Lord's,1,17.6,Kent,Middlesex,AJ Blake,HG Kuhn,ST Finn,1,0,,,,,,,,,
1167168,2019,2019-08-01,Lord's,1,18.1,Kent,Middlesex,AJ Blake,HG Kuhn,TG Helm,1,0,,,,,,,,,
1167168,2019,2019-08-01,Lord's,1,18.2,Kent,Middlesex,HG Kuhn,AJ Blake,TG Helm,4,0,,,,,,,,,
1167168,2019,2019-08-01,Lord's,1,18.3,Kent,Middlesex,HG Kuhn,AJ Blake,TG Helm,1,2,,2,,,,,,,
1167168,2019,2019-08-01,Lord's,1,18.4,Kent,Middlesex,AJ Blake,HG Kuhn,TG Helm,6,0,,,,,,,,,
1167168,2019,2019-08-01,Lord's,1,18.5,Kent,Middlesex,AJ Blake,HG Kuhn,TG Helm,4,0,,,,,,,,,
1167168,2019,2019-08-01,Lord's,1,18.6,Kent,Middlesex,AJ Blake,HG Kuhn,TG Helm,0,0,,,,,,,,,
1167168,2019,2019-08-01,Lord's,1,18.7,Kent,Middlesex,AJ Blake,HG Kuhn,TG Helm,2,0,,,,,,,,,
1167168,2019,2019-08-01,Lord's,1,19.1,Kent,Middlesex,HG Kuhn,AJ Blake,TS Roland-Jones,1,0,,,,,,,,,
1167168,2019,2019-08-01,Lord's,1,19.2,Kent,Middlesex,AJ Blake,HG Kuhn,TS Roland-Jones,4,0,,,,,,,,,
1167168,2019,2019-08-01,Lord's,1,19.3,Kent,Middlesex,AJ Blake,HG Kuhn,TS Roland-Jones,4,0,,,,,,,,,
1167168,2019,2019-08-01,Lord's,1,19.4,Kent,Middlesex,AJ Blake,HG Kuhn,TS Roland-Jones,0,0,,,,,,,,,
1167168,2019,2019-08-01,Lord's,1,19.5,Kent,Middlesex,AJ Blake,HG Kuhn,TS Roland-Jones,1,0,,,,,,,,,
1167168,2019,2019-08-01,Lord's,1,19.6,Kent,Middlesex,HG Kuhn,AJ Blake,TS Roland-Jones,2,0,,,,,,,,,
1167168,2019,2019-08-01,Lord's,2,0.1,Middlesex,Kent,PR Stirling,DJ Malan,AF Milne,0,2,,2,,,,,,,
1167168,2019,2019-08-01,Lord's,2,0.2,Middlesex,Kent,PR Stirling,DJ Malan,AF Milne,0,0,,,,,,,,,
1167168,2019,2019-08-01,Lord's,2,0.3,Middlesex,Kent,PR Stirling,DJ Malan,AF Milne,0,5,5,,,,,,,,
1167168,2019,2019-08-01,Lord's,2,0.4,Middlesex,Kent,PR Stirling,DJ Malan,AF Milne,0,0,,,,,,,,,
1167168,2019,2019-08-01,Lord's,2,0.5,Middlesex,Kent,PR Stirling,DJ Malan,AF Milne,0,0,,,,,,,,,
1167168,2019,2019-08-01,Lord's,2,0.6,Middlesex,Kent,PR Stirling,DJ Malan,AF Milne,0,0,,,,,,,,,
1167168,2019,2019-08-01,Lord's,2,0.7,Middlesex,Kent,PR Stirling,DJ Malan,AF Milne,1,0,,,,,,,,,
1167168,2019,2019-08-01,Lord's,2,0.8,Middlesex,Kent,DJ Malan,PR Stirling,AF Milne,0,1,1,,,,,,,,
1167168,2019,2019-08-01,Lord's,2,0.9,Middlesex,Kent,DJ Malan,PR Stirling,AF Milne,0,0,,,,,,,,,
1167168,2019,2019-08-01,Lord's,2,1.1,Middlesex,Kent,PR Stirling,DJ Malan,Mohammad Nabi,0,0,,,,,,,,,
1167168,2019,2019-08-01,Lord's,2,1.2,Middlesex,Kent,PR Stirling,DJ Malan,Mohammad Nabi,0,0,,,,,,,,,
1167168,2019,2019-08-01,Lord's,2,1.3,Middlesex,Kent,PR Stirling,DJ Malan,Mohammad Nabi,1,0,,,,,,,,,
1167168,2019,2019-08-01,Lord's,2,1.4,Middlesex,Kent,DJ Malan,PR Stirling,Mohammad Nabi,1,0,,,,,,,,,
1167168,2019,2019-08-01,Lord's,2,1.5,Middlesex,Kent,PR Stirling,DJ Malan,Mohammad Nabi,4,0,,,,,,,,,
1167168,2019,2019-08-01,Lord's,2,1.6,Middlesex,Kent,PR Stirling,DJ Malan,Mohammad Nabi,6,0,,,,,,,,,
1167168,2019,2019-08-01,Lord's,2,2.1,Middlesex,Kent,DJ Malan,PR Stirling,GC Viljoen,0,0,,,,,,,,,
1167168,2019,2019-08-01,Lord's,2,2.2,Middlesex,Kent,DJ Malan,PR Stirling,GC Viljoen,0,0,,,,,,,,,
1167168,2019,2019-08-01,Lord's,2,2.3,Middlesex,Kent,DJ Malan,PR Stirling,GC Viljoen,4,0,,,,,,,,,
1167168,2019,2019-08-01,Lord's,2,2.4,Middlesex,Kent,DJ Malan,PR Stirling,GC Viljoen,0,0,,,,,,bowled,DJ Malan,,
1167168,2019,2019-08-01,Lord's,2,2.5,Middlesex,Kent,SS Eskinazi,PR Stirling,GC Viljoen,4,0,,,,,,,,,
1167168,2019,2019-08-01,Lord's,2,2.6,Middlesex,Kent,SS Eskinazi,PR Stirling,GC Viljoen,0,0,,,,,,caught,SS Eskinazi,,
1167168,2019,2019-08-01,Lord's,2,3.1,Middlesex,Kent,PR Stirling,AB de Villiers,FJ Klaassen,1,0,,,,,,,,,
1167168,2019,2019-08-01,Lord's,2,3.2,Middlesex,Kent,AB de Villiers,PR Stirling,FJ Klaassen,4,0,,,,,,,,,
1167168,2019,2019-08-01,Lord's,2,3.3,Middlesex,Kent,AB de Villiers,PR Stirling,FJ Klaassen,0,0,,,,,,,,,
1167168,2019,2019-08-01,Lord's,2,3.4,Middlesex,Kent,AB de Villiers,PR Stirling,FJ Klaassen,1,0,,,,,,,,,
1167168,2019,2019-08-01,Lord's,2,3.5,Middlesex,Kent,PR Stirling,AB de Villiers,FJ Klaassen,0,1,1,,,,,,,,
1167168,2019,2019-08-01,Lord's,2,3.6,Middlesex,Kent,PR Stirling,AB de Villiers,FJ Klaassen,1,0,,,,,,,,,
1167168,2019,2019-08-01,Lord's,2,3.7,Middlesex,Kent,AB de Villiers,PR Stirling,FJ Klaassen,1,0,,,,,,,,,
1167168,2019,2019-08-01,Lord's,2,4.1,Middlesex,Kent,AB de Villiers,PR Stirling,GC Viljoen,0,0,,,,,,,,,
1167168,2019,2019-08-01,Lord's,2,4.2,Middlesex,Kent,AB de Villiers,PR Stirling,GC Viljoen,4,0,,,,,,,,,
1167168,2019,2019-08-01,Lord's,2,4.3,Middlesex,Kent,AB de Villiers,PR Stirling,GC Viljoen,0,0,,,,,,,,,
1167168,2019,2019-08-01,Lord's,2,4.4,Middlesex,Kent,AB de Villiers,PR Stirling,GC Viljoen,0,0,,,,,,caught,AB de Villiers,,
1167168,2019,2019-08-01,Lord's,2,4.5,Middlesex,Kent,EJG Morgan,PR Stirling,GC Viljoen,0,0,,,,,,,,,
1167168,2019,2019-08-01,Lord's,2,4.6,Middlesex,Kent,EJG Morgan,PR Stirling,GC Viljoen,1,0,,,,,,,,,
1167168,2019,2019-08-01,Lord's,2,5.1,Middlesex,Kent,EJG Morgan,PR Stirling,AF Milne,1,0,,,,,,,,,
1167168,2019,2019-08-01,Lord's,2,5.2,Middlesex,Kent,PR Stirling,EJG Morgan,AF Milne,1,0,,,,,,,,,
1167168,2019,2019-08-01,Lord's,2,5.3,Middlesex,Kent,EJG Morgan,PR Stirling,AF Milne,1,0,,,,,,,,,
1167168,2019,2019-08-01,Lord's,2,5.4,Middlesex,Kent,PR Stirling,EJG Morgan,AF Milne,4,0,,,,,,,,,
1167168,2019,2019-08-01,Lord's,2,5.5,Middlesex,Kent,PR Stirling,EJG Morgan,AF Milne,3,0,,,,,,,,,
1167168,2019,2019-08-01,Lord's,2,5.6,Middlesex,Kent,EJG Morgan,PR Stirling,AF Milne,4,0,,,,,,,,,
1167168,2019,2019-08-01,Lord's,2,6.1,Middlesex,Kent,PR Stirling,EJG Morgan,Imran Qayyum,1,0,,,,,,,,,
1167168,2019,2019-08-01,Lord's,2,6.2,Middlesex,Kent,EJG Morgan,PR Stirling,Imran Qayyum,0,0,,,,,,,,,
1167168,2019,2019-08-01,Lord's,2,6.3,Middlesex,Kent,EJG Morgan,PR Stirling,Imran Qayyum,1,0,,,,,,,,,
1167168,2019,2019-08-01,Lord's,2,6.4,Middlesex,Kent,PR Stirling,EJG Morgan,Imran Qayyum,1,0,,,,,,,,,
1167168,2019,2019-08-01,Lord's,2,6.5,Middlesex,Kent,EJG Morgan,PR Stirling,Imran Qayyum,0,1,1,,,,,,,,
1167168,2019,2019-08-01,Lord's,2,6.6,Middlesex,Kent,EJG Morgan,PR Stirling,Imran Qayyum,1,0,,,,,,,,,
1167168,2019,2019-08-01,Lord's,2,6.7,Middlesex,Kent,PR Stirling,EJG Morgan,Imran Qayyum,1,0,,,,,,,,,
1167168,2019,2019-08-01,Lord's,2,7.1,Middlesex,Kent,PR Stirling,EJG Morgan,Mohammad Nabi,2,0,,,,,,,,,
1167168,2019,2019-08-01,Lord's,2,7.2,Middlesex,Kent,PR Stirling,EJG Morgan,Mohammad Nabi,0,0,,,,,,,,,
1167168,2019,2019-08-01,Lord's,2,7.3,Middlesex,Kent,PR Stirling,EJG Morgan,Mohammad Nabi,0,0,,,,,,,,,
1167168,2019,2019-08-01,Lord's,2,7.4,Middlesex,Kent,PR Stirling,EJG Morgan,Mohammad Nabi,0,0,,,,,,bowled,PR Stirling,,
1167168,2019,2019-08-01,Lord's,2,7.5,Middlesex,Kent,JA Simpson,EJG Morgan,Mohammad Nabi,0,0,,,,,,,,,
1167168,2019,2019-08-01,Lord's,2,7.6,Middlesex,Kent,JA Simpson,EJG Morgan,Mohammad Nabi,0,0,,,,,,,,,
1167168,2019,2019-08-01,Lord's,2,8.1,Middlesex,Kent,EJG Morgan,JA Simpson,DJ Bell-Drummond,0,0,,,,,,,,,
1167168,2019,2019-08-01,Lord's,2,8.2,Middlesex,Kent,EJG Morgan,JA Simpson,DJ Bell-Drummond,4,0,,,,,,,,,
1167168,2019,2019-08-01,Lord's,2,8.3,Middlesex,Kent,EJG Morgan,JA Simpson,DJ Bell-Drummond,1,0,,,,,,,,,
1167168,2019,2019-08-01,Lord's,2,8.4,Middlesex,Kent,JA Simpson,EJG Morgan,DJ Bell-Drummond,1,0,,,,,,,,,
1167168,2019,2019-08-01,Lord's,2,8.5,Middlesex,Kent,EJG Morgan,JA Simpson,DJ Bell-Drummond,0,0,,,,,,,,,
1167168,2019,2019-08-01,Lord's,2,8.6,Middlesex,Kent,EJG Morgan,JA Simpson,DJ Bell-Drummond,4,0,,,,,,,,,
1167168,2019,2019-08-01,Lord's,2,9.1,Middlesex,Kent,JA Simpson,EJG Morgan,Mohammad Nabi,1,0,,,,,,,,,
1167168,2019,2019-08-01,Lord's,2,9.2,Middlesex,Kent,EJG Morgan,JA Simpson,Mohammad Nabi,1,0,,,,,,,,,
1167168,2019,2019-08-01,Lord's,2,9.3,Middlesex,Kent,JA Simpson,EJG Morgan,Mohammad Nabi,1,0,,,,,,,,,
1167168,2019,2019-08-01,Lord's,2,9.4,Middlesex,Kent,EJG Morgan,JA Simpson,Mohammad Nabi,0,0,,,,,,,,,
1167168,2019,2019-08-01,Lord's,2,9.5,Middlesex,Kent,EJG Morgan,JA Simpson,Mohammad Nabi,1,0,,,,,,,,,
1167168,2019,2019-08-01,Lord's,2,9.6,Middlesex,Kent,JA Simpson,EJG Morgan,Mohammad Nabi,1,0,,,,,,,,,
1167168,2019,2019-08-01,Lord's,2,10.1,Middlesex,Kent,JA Simpson,EJG Morgan,Imran Qayyum,1,0,,,,,,,,,
1167168,2019,2019-08-01,Lord's,2,10.2,Middlesex,Kent,EJG Morgan,JA Simpson,Imran Qayyum,1,0,,,,,,,,,
1167168,2019,2019-08-01,Lord's,2,10.3,Middlesex,Kent,JA Simpson,EJG Morgan,Imran Qayyum,0,0,,,,,,,,,
1167168,2019,2019-08-01,Lord's,2,10.4,Middlesex,Kent,JA Simpson,EJG Morgan,Imran Qayyum,2,2,,2,,,,,,,
1167168,2019,2019-08-01,Lord's,2,10.5,Middlesex,Kent,JA Simpson,EJG Morgan,Imran Qayyum,0,0,,,,,,,,,
1167168,2019,2019-08-01,Lord's,2,10.6,Middlesex,Kent,JA Simpson,EJG Morgan,Imran Qayyum,6,0,,,,,,,,,
1167168,2019,2019-08-01,Lord's,2,10.7,Middlesex,Kent,JA Simpson,EJG Morgan,Imran Qayyum,1,0,,,,,,,,,
1167168,2019,2019-08-01,Lord's,2,11.1,Middlesex,Kent,JA Simpson,EJG Morgan,GC Viljoen,1,0,,,,,,,,,
1167168,2019,2019-08-01,Lord's,2,11.2,Middlesex,Kent,EJG Morgan,JA Simpson,GC Viljoen,0,1,,,,1,,,,,
1167168,2019,2019-08-01,Lord's,2,11.3,Middlesex,Kent,JA Simpson,EJG Morgan,GC Viljoen,0,0,,,,,,,,,
1167168,2019,2019-08-01,Lord's,2,11.4,Middlesex,Kent,JA Simpson,EJG Morgan,GC Viljoen,6,0,,,,,,,,,
1167168,2019,2019-08-01,Lord's,2,11.5,Middlesex,Kent,JA Simpson,EJG Morgan,GC Viljoen,1,0,,,,,,,,,
1167168,2019,2019-08-01,Lord's,2,11.6,Middlesex,Kent,EJG Morgan,JA Simpson,GC Viljoen,2,0,,,,,,,,,
1167168,2019,2019-08-01,Lord's,2,12.1,Middlesex,Kent,JA Simpson,EJG Morgan,FJ Klaassen,0,1,,,,1,,,,,
1167168,2019,2019-08-01,Lord's,2,12.2,Middlesex,Kent,EJG Morgan,JA Simpson,FJ Klaassen,1,0,,,,,,,,,
1167168,2019,2019-08-01,Lord's,2,12.3,Middlesex,Kent,JA Simpson,EJG Morgan,FJ Klaassen,1,0,,,,,,,,,
1167168,2019,2019-08-01,Lord's,2,12.4,Middlesex,Kent,EJG Morgan,JA Simpson,FJ Klaassen,2,2,,2,,,,,,,
1167168,2019,2019-08-01,Lord's,2,12.5,Middlesex,Kent,EJG Morgan,JA Simpson,FJ Klaassen,1,0,,,,,,,,,
1167168,2019,2019-08-01,Lord's,2,12.6,Middlesex,Kent,JA Simpson,EJG Morgan,FJ Klaassen,0,0,,,,,,,,,
1167168,2019,2019-08-01,Lord's,2,12.7,Middlesex,Kent,JA Simpson,EJG Morgan,FJ Klaassen,2,0,,,,,,,,,
1167168,2019,2019-08-01,Lord's,2,13.1,Middlesex,Kent,EJG Morgan,JA Simpson,Mohammad Nabi,1,0,,,,,,,,,
1167168,2019,2019-08-01,Lord's,2,13.2,Middlesex,Kent,JA Simpson,EJG Morgan,Mohammad Nabi,2,0,,,,,,,,,
1167168,2019,2019-08-01,Lord's,2,13.3,Middlesex,Kent,JA Simpson,EJG Morgan,Mohammad Nabi,0,1,1,,,,,,,,
1167168,2019,2019-08-01,Lord's,2,13.4,Middlesex,Kent,JA Simpson,EJG Morgan,Mohammad Nabi,6,0,,,,,,,,,
1167168,2019,2019-08-01,Lord's,2,13.5,Middlesex,Kent,JA Simpson,EJG Morgan,Mohammad Nabi,0,1,1,,,,,,,,
1167168,2019,2019-08-01,Lord's,2,13.6,Middlesex,Kent,JA Simpson,EJG Morgan,Mohammad Nabi,1,0,,,,,,,,,
1167168,2019,2019-08-01,Lord's,2,13.7,Middlesex,Kent,EJG Morgan,JA Simpson,Mohammad Nabi,0,0,,,,,,caught,EJG Morgan,,
1167168,2019,2019-08-01,Lord's,2,13.8,Middlesex,Kent,JA Simpson,TS Roland-Jones,Mohammad Nabi,1,0,,,,,,,,,
1167168,2019,2019-08-01,Lord's,2,14.1,Middlesex,Kent,JA Simpson,TS Roland-Jones,Imran Qayyum,1,0,,,,,,,,,
1167168,2019,2019-08-01,Lord's,2,14.2,Middlesex,Kent,TS Roland-Jones,JA Simpson,Imran Qayyum,1,0,,,,,,,,,
1167168,2019,2019-08-01,Lord's,2,14.3,Middlesex,Kent,JA Simpson,TS Roland-Jones,Imran Qayyum,1,0,,,,,,,,,
1167168,2019,2019-08-01,Lord's,2,14.4,Middlesex,Kent,TS Roland-Jones,JA Simpson,Imran Qayyum,1,0,,,,,,,,,
1167168,2019,2019-08-01,Lord's,2,14.5,Middlesex,Kent,JA Simpson,TS Roland-Jones,Imran Qayyum,0,0,,,,,,caught,JA Simpson,,
1167168,2019,2019-08-01,Lord's,2,14.6,Middlesex,Kent,TS Roland-Jones,TG Helm,Imran Qayyum,0,0,,,,,,,,,
1167168,2019,2019-08-01,Lord's,2,15.1,Middlesex,Kent,TG Helm,TS Roland-Jones,GC Viljoen,0,0,,,,,,,,,
1167168,2019,2019-08-01,Lord's,2,15.2,Middlesex,Kent,TG Helm,TS Roland-Jones,GC Viljoen,0,0,,,,,,,,,
1167168,2019,2019-08-01,Lord's,2,15.3,Middlesex,Kent,TG Helm,TS Roland-Jones,GC Viljoen,1,0,,,,,,,,,
1167168,2019,2019-08-01,Lord's,2,15.4,Middlesex,Kent,TS Roland-Jones,TG Helm,GC Viljoen,6,0,,,,,,,,,
1167168,2019,2019-08-01,Lord's,2,15.5,Middlesex,Kent,TS Roland-Jones,TG Helm,GC Viljoen,1,0,,,,,,,,,
1167168,2019,2019-08-01,Lord's,2,15.6,Middlesex,Kent,TG Helm,TS Roland-Jones,GC Viljoen,1,0,,,,,,,,,
1167168,2019,2019-08-01,Lord's,2,16.1,Middlesex,Kent,TG Helm,TS Roland-Jones,FJ Klaassen,1,0,,,,,,,,,
1167168,2019,2019-08-01,Lord's,2,16.2,Middlesex,Kent,TS Roland-Jones,TG Helm,FJ Klaassen,1,0,,,,,,run out,TG Helm,,
1167168,2019,2019-08-01,Lord's,2,16.3,Middlesex,Kent,TS Roland-Jones,NA Sowter,FJ Klaassen,2,0,,,,,,,,,
1167168,2019,2019-08-01,Lord's,2,16.4,Middlesex,Kent,TS Roland-Jones,NA Sowter,FJ Klaassen,2,0,,,,,,,,,
1167168,2019,2019-08-01,Lord's,2,16.5,Middlesex,Kent,TS Roland-Jones,NA Sowter,FJ Klaassen,4,0,,,,,,,,,
1167168,2019,2019-08-01,Lord's,2,16.6,Middlesex,Kent,TS Roland-Jones,NA Sowter,FJ Klaassen,1,0,,,,,,,,,
1167168,2019,2019-08-01,Lord's,2,17.1,Middlesex,Kent,TS Roland-Jones,NA Sowter,AF Milne,1,0,,,,,,,,,
1167168,2019,2019-08-01,Lord's,2,17.2,Middlesex,Kent,NA Sowter,TS Roland-Jones,AF Milne,1,0,,,,,,,,,
1167168,2019,2019-08-01,Lord's,2,17.3,Middlesex,Kent,TS Roland-Jones,NA Sowter,AF Milne,4,0,,,,,,,,,
1167168,2019,2019-08-01,Lord's,2,17.4,Middlesex,Kent,TS Roland-Jones,NA Sowter,AF Milne,1,0,,,,,,,,,
1167168,2019,2019-08-01,Lord's,2,17.5,Middlesex,Kent,NA Sowter,TS Roland-Jones,AF Milne,1,0,,,,,,,,,
1167168,2019,2019-08-01,Lord's,2,17.6,Middlesex,Kent,TS Roland-Jones,NA Sowter,AF Milne,1,0,,,,,,,,,
1167168,2019,2019-08-01,Lord's,2,18.1,Middlesex,Kent,TS Roland-Jones,NA Sowter,FJ Klaassen,1,0,,,,,,,,,
1167168,2019,2019-08-01,Lord's,2,18.2,Middlesex,Kent,NA Sowter,TS Roland-Jones,FJ Klaassen,1,0,,,,,,,,,
1167168,2019,2019-08-01,Lord's,2,18.3,Middlesex,Kent,TS Roland-Jones,NA Sowter,FJ Klaassen,1,0,,,,,,,,,
1167168,2019,2019-08-01,Lord's,2,18.4,Middlesex,Kent,NA Sowter,TS Roland-Jones,FJ Klaassen,0,0,,,,,,,,,
1167168,2019,2019-08-01,Lord's,2,18.5,Middlesex,Kent,NA Sowter,TS Roland-Jones,FJ Klaassen,0,0,,,,,,,,,
1167168,2019,2019-08-01,Lord's,2,18.6,Middlesex,Kent,NA Sowter,TS Roland-Jones,FJ Klaassen,4,0,,,,,,,,,
1167168,2019,2019-08-01,Lord's,2,19.1,Middlesex,Kent,TS Roland-Jones,NA Sowter,AF Milne,1,0,,,,,,,,,
1167168,2019,2019-08-01,Lord's,2,19.2,Middlesex,Kent,NA Sowter,TS Roland-Jones,AF Milne,4,0,,,,,,,,,
1167168,2019,2019-08-01,Lord's,2,19.3,Middlesex,Kent,NA Sowter,TS Roland-Jones,AF Milne,1,0,,,,,,,,,
1167168,2019,2019-08-01,Lord's,2,19.4,Middlesex,Kent,TS Roland-Jones,NA Sowter,AF Milne,1,0,,,,,,,,,
1167168,2019,2019-08-01,Lord's,2,19.5,Middlesex,Kent,NA Sowter,TS Roland-Jones,AF Milne,1,0,,,,,,,,,
1167168,2019,2019-08-01,Lord's,2,19.6,Middlesex,Kent,TS Roland-Jones,NA Sowter,AF Milne,1,0,,,,,,,,,
