match_id,season,start_date,venue,innings,ball,batting_team,bowling_team,striker,non_striker,bowler,runs_off_bat,extras,wides,noballs,byes,legbyes,penalty,wicket_type,player_dismissed,other_wicket_type,other_player_dismissed
1167161,2019,2019-07-28,The Cooper Associates County Ground,1,0.1,Sussex,Somerset,PD Salt,LJ Wright,MTC Waller,4,0,,,,,,,,,
1167161,2019,2019-07-28,The Cooper Associates County Ground,1,0.2,Sussex,Somerset,PD Salt,LJ Wright,MTC Waller,0,0,,,,,,caught,PD Salt,,
1167161,2019,2019-07-28,The Cooper Associates County Ground,1,0.3,Sussex,Somerset,LJ Evans,LJ Wright,MTC Waller,1,0,,,,,,,,,
1167161,2019,2019-07-28,The Cooper Associates County Ground,1,0.4,Sussex,Somerset,LJ Wright,LJ Evans,MTC Waller,0,0,,,,,,,,,
1167161,2019,2019-07-28,The Cooper Associates County Ground,1,0.5,Sussex,Somerset,LJ Wright,LJ Evans,MTC Waller,1,0,,,,,,,,,
1167161,2019,2019-07-28,The Cooper Associates County Ground,1,0.6,Sussex,Somerset,LJ Evans,LJ Wright,MTC Waller,2,0,,,,,,,,,
1167161,2019,2019-07-28,The Cooper Associates County Ground,1,1.1,Sussex,Somerset,LJ Wright,LJ Evans,RE van der Merwe,1,0,,,,,,,,,
1167161,2019,2019-07-28,The Cooper Associates County Ground,1,1.2,Sussex,Somerset,LJ Evans,LJ Wright,RE van der Merwe,1,0,,,,,,,,,
1167161,2019,2019-07-28,The Cooper Associates County Ground,1,1.3,Sussex,Somerset,LJ Wright,LJ Evans,RE van der Merwe,4,0,,,,,,,,,
1167161,2019,2019-07-28,The Cooper Associates County Ground,1,1.4,Sussex,Somerset,LJ Wright,LJ Evans,RE van der Merwe,0,0,,,,,,,,,
1167161,2019,2019-07-28,The Cooper Associates County Ground,1,1.5,Sussex,Somerset,LJ Wright,LJ Evans,RE van der Merwe,0,0,,,,,,,,,
1167161,2019,2019-07-28,The Cooper Associates County Ground,1,1.6,Sussex,Somerset,LJ Wright,LJ Evans,RE van der Merwe,4,0,,,,,,,,,
1167161,2019,2019-07-28,The Cooper Associates County Ground,1,2.1,Sussex,Somerset,LJ Evans,LJ Wright,JE Taylor,0,1,,,,1,,,,,
1167161,2019,2019-07-28,The Cooper Associates County Ground,1,2.2,Sussex,Somerset,LJ Wright,LJ Evans,JE Taylor,1,0,,,,,,,,,
1167161,2019,2019-07-28,The Cooper Associates County Ground,1,2.3,Sussex,Somerset,LJ Evans,LJ Wright,JE Taylor,0,0,,,,,,,,,
1167161,2019,2019-07-28,The Cooper Associates County Ground,1,2.4,Sussex,Somerset,LJ Evans,LJ Wright,JE Taylor,0,0,,,,,,,,,
1167161,2019,2019-07-28,The Cooper Associates County Ground,1,2.5,Sussex,Somerset,LJ Evans,LJ Wright,JE Taylor,1,0,,,,,,,,,
1167161,2019,2019-07-28,The Cooper Associates County Ground,1,2.6,Sussex,Somerset,LJ Wright,LJ Evans,JE Taylor,0,0,,,,,,,,,
1167161,2019,2019-07-28,The Cooper Associates County Ground,1,3.1,Sussex,Somerset,LJ Evans,LJ Wright,L Gregory,1,0,,,,,,,,,
1167161,2019,2019-07-28,The Cooper Associates County Ground,1,3.2,Sussex,Somerset,LJ Wright,LJ Evans,L Gregory,0,0,,,,,,,,,
1167161,2019,2019-07-28,The Cooper Associates County Ground,1,3.3,Sussex,Somerset,LJ Wright,LJ Evans,L Gregory,1,0,,,,,,,,,
1167161,2019,2019-07-28,The Cooper Associates County Ground,1,3.4,Sussex,Somerset,LJ Evans,LJ Wright,L Gregory,1,0,,,,,,,,,
1167161,2019,2019-07-28,The Cooper Associates County Ground,1,3.5,Sussex,Somerset,LJ Wright,LJ Evans,L Gregory,1,0,,,,,,,,,
1167161,2019,2019-07-28,The Cooper Associates County Ground,1,3.6,Sussex,Somerset,LJ Evans,LJ Wright,L Gregory,0,0,,,,,,,,,
1167161,2019,2019-07-28,The Cooper Associates County Ground,1,4.1,Sussex,Somerset,LJ Wright,LJ Evans,C Overton,0,0,,,,,,,,,
1167161,2019,2019-07-28,The Cooper Associates County Ground,1,4.2,Sussex,Somerset,LJ Wright,LJ Evans,C Overton,0,0,,,,,,,,,
1167161,2019,2019-07-28,The Cooper Associates County Ground,1,4.3,Sussex,Somerset,LJ Wright,LJ Evans,C Overton,2,0,,,,,,,,,
1167161,2019,2019-07-28,The Cooper Associates County Ground,1,4.4,Sussex,Somerset,LJ Wright,LJ Evans,C Overton,4,0,,,,,,,,,
1167161,2019,2019-07-28,The Cooper Associates County Ground,1,4.5,Sussex,Somerset,LJ Wright,LJ Evans,C Overton,0,0,,,,,,,,,
1167161,2019,2019-07-28,The Cooper Associates County Ground,1,4.6,Sussex,Somerset,LJ Wright,LJ Evans,C Overton,1,0,,,,,,,,,
1167161,2019,2019-07-28,The Cooper Associates County Ground,1,5.1,Sussex,Somerset,LJ Wright,LJ Evans,JE Taylor,0,0,,,,,,bowled,LJ Wright,,
1167161,2019,2019-07-28,The Cooper Associates County Ground,1,5.2,Sussex,Somerset,AT Carey,LJ Evans,JE Taylor,0,0,,,,,,,,,
1167161,2019,2019-07-28,The Cooper Associates County Ground,1,5.3,Sussex,Somerset,AT Carey,LJ Evans,JE Taylor,1,0,,,,,,,,,
1167161,2019,2019-07-28,The Cooper Associates County Ground,1,5.4,Sussex,Somerset,LJ Evans,AT Carey,JE Taylor,1,0,,,,,,,,,
1167161,2019,2019-07-28,The Cooper Associates County Ground,1,5.5,Sussex,Somerset,AT Carey,LJ Evans,JE Taylor,0,0,,,,,,,,,
1167161,2019,2019-07-28,The Cooper Associates County Ground,1,5.6,Sussex,Somerset,AT Carey,LJ Evans,JE Taylor,0,0,,,,,,,,,
1167161,2019,2019-07-28,The Cooper Associates County Ground,1,6.1,Sussex,Somerset,LJ Evans,AT Carey,MTC Waller,1,0,,,,,,,,,
1167161,2019,2019-07-28,The Cooper Associates County Ground,1,6.2,Sussex,Somerset,AT Carey,LJ Evans,MTC Waller,0,0,,,,,,,,,
1167161,2019,2019-07-28,The Cooper Associates County Ground,1,6.3,Sussex,Somerset,AT Carey,LJ Evans,MTC Waller,0,0,,,,,,,,,
1167161,2019,2019-07-28,The Cooper Associates County Ground,1,6.4,Sussex,Somerset,AT Carey,LJ Evans,MTC Waller,1,0,,,,,,,,,
1167161,2019,2019-07-28,The Cooper Associates County Ground,1,6.5,Sussex,Somerset,LJ Evans,AT Carey,MTC Waller,0,0,,,,,,,,,
1167161,2019,2019-07-28,The Cooper Associates County Ground,1,6.6,Sussex,Somerset,LJ Evans,AT Carey,MTC Waller,1,0,,,,,,,,,
1167161,2019,2019-07-28,The Cooper Associates County Ground,1,7.1,Sussex,Somerset,LJ Evans,AT Carey,RE van der Merwe,1,0,,,,,,,,,
1167161,2019,2019-07-28,The Cooper Associates County Ground,1,7.2,Sussex,Somerset,AT Carey,LJ Evans,RE van der Merwe,4,0,,,,,,,,,
1167161,2019,2019-07-28,The Cooper Associates County Ground,1,7.3,Sussex,Somerset,AT Carey,LJ Evans,RE van der Merwe,6,0,,,,,,,,,
1167161,2019,2019-07-28,The Cooper Associates County Ground,1,7.4,Sussex,Somerset,AT Carey,LJ Evans,RE van der Merwe,1,0,,,,,,,,,
1167161,2019,2019-07-28,The Cooper Associates County Ground,1,7.5,Sussex,Somerset,LJ Evans,AT Carey,RE van der Merwe,1,0,,,,,,,,,
1167161,2019,2019-07-28,The Cooper Associates County Ground,1,7.6,Sussex,Somerset,AT Carey,LJ Evans,RE van der Merwe,1,0,,,,,,,,,
1167161,2019,2019-07-28,The Cooper Associates County Ground,1,8.1,Sussex,Somerset,AT Carey,LJ Evans,MTC Waller,1,0,,,,,,,,,
1167161,2019,2019-07-28,The Cooper Associates County Ground,1,8.2,Sussex,Somerset,LJ Evans,AT Carey,MTC Waller,0,0,,,,,,,,,
1167161,2019,2019-07-28,The Cooper Associates County Ground,1,8.3,Sussex,Somerset,LJ Evans,AT Carey,MTC Waller,1,0,,,,,,,,,
1167161,2019,2019-07-28,The Cooper Associates County Ground,1,8.4,Sussex,Somerset,AT Carey,LJ Evans,MTC Waller,0,0,,,,,,,,,
1167161,2019,2019-07-28,The Cooper Associates County Ground,1,8.5,Sussex,Somerset,AT Carey,LJ Evans,MTC Waller,4,0,,,,,,,,,
1167161,2019,2019-07-28,The Cooper Associates County Ground,1,8.6,Sussex,Somerset,AT Carey,LJ Evans,MTC Waller,1,0,,,,,,,,,
1167161,2019,2019-07-28,The Cooper Associates County Ground,1,9.1,Sussex,Somerset,AT Carey,LJ Evans,L Gregory,0,0,,,,,,,,,
1167161,2019,2019-07-28,The Cooper Associates County Ground,1,9.2,Sussex,Somerset,AT Carey,LJ Evans,L Gregory,1,0,,,,,,,,,
1167161,2019,2019-07-28,The Cooper Associates County Ground,1,9.3,Sussex,Somerset,LJ Evans,AT Carey,L Gregory,2,0,,,,,,,,,
1167161,2019,2019-07-28,The Cooper Associates County Ground,1,9.4,Sussex,Somerset,LJ Evans,AT Carey,L Gregory,1,0,,,,,,,,,
1167161,2019,2019-07-28,The Cooper Associates County Ground,1,9.5,Sussex,Somerset,AT Carey,LJ Evans,L Gregory,1,0,,,,,,,,,
1167161,2019,2019-07-28,The Cooper Associates County Ground,1,9.6,Sussex,Somerset,LJ Evans,AT Carey,L Gregory,4,0,,,,,,,,,
1167161,2019,2019-07-28,The Cooper Associates County Ground,1,10.1,Sussex,Somerset,AT Carey,LJ Evans,RE van der Merwe,6,0,,,,,,,,,
1167161,2019,2019-07-28,The Cooper Associates County Ground,1,10.2,Sussex,Somerset,AT Carey,LJ Evans,RE van der Merwe,0,0,,,,,,,,,
1167161,2019,2019-07-28,The Cooper Associates County Ground,1,10.3,Sussex,Somerset,AT Carey,LJ Evans,RE van der Merwe,2,0,,,,,,,,,
1167161,2019,2019-07-28,The Cooper Associates County Ground,1,10.4,Sussex,Somerset,AT Carey,LJ Evans,RE van der Merwe,1,0,,,,,,,,,
1167161,2019,2019-07-28,The Cooper Associates County Ground,1,10.5,Sussex,Somerset,LJ Evans,AT Carey,RE van der Merwe,1,0,,,,,,,,,
1167161,2019,2019-07-28,The Cooper Associates County Ground,1,10.6,Sussex,Somerset,AT Carey,LJ Evans,RE van der Merwe,6,0,,,,,,,,,
1167161,2019,2019-07-28,The Cooper Associates County Ground,1,11.1,Sussex,Somerset,LJ Evans,AT Carey,C Overton,6,0,,,,,,,,,
1167161,2019,2019-07-28,The Cooper Associates County Ground,1,11.2,Sussex,Somerset,LJ Evans,AT Carey,C Overton,1,0,,,,,,,,,
1167161,2019,2019-07-28,The Cooper Associates County Ground,1,11.3,Sussex,Somerset,AT Carey,LJ Evans,C Overton,4,0,,,,,,,,,
1167161,2019,2019-07-28,The Cooper Associates County Ground,1,11.4,Sussex,Somerset,AT Carey,LJ Evans,C Overton,1,0,,,,,,,,,
1167161,2019,2019-07-28,The Cooper Associates County Ground,1,11.5,Sussex,Somerset,LJ Evans,AT Carey,C Overton,1,0,,,,,,,,,
1167161,2019,2019-07-28,The Cooper Associates County Ground,1,11.6,Sussex,Somerset,AT Carey,LJ Evans,C Overton,4,0,,,,,,,,,
1167161,2019,2019-07-28,The Cooper Associates County Ground,1,12.1,Sussex,Somerset,LJ Evans,AT Carey,TA Lammonby,4,0,,,,,,,,,
1167161,2019,2019-07-28,The Cooper Associates County Ground,1,12.2,Sussex,Somerset,LJ Evans,AT Carey,TA Lammonby,0,1,1,,,,,,,,
1167161,2019,2019-07-28,The Cooper Associates County Ground,1,12.3,Sussex,Somerset,LJ Evans,AT Carey,TA Lammonby,0,0,,,,,,caught,LJ Evans,,
1167161,2019,2019-07-28,The Cooper Associates County Ground,1,12.4,Sussex,Somerset,AT Carey,D Wiese,TA Lammonby,1,0,,,,,,,,,
1167161,2019,2019-07-28,The Cooper Associates County Ground,1,12.5,Sussex,Somerset,D Wiese,AT Carey,TA Lammonby,0,0,,,,,,,,,
1167161,2019,2019-07-28,The Cooper Associates County Ground,1,12.6,Sussex,Somerset,D Wiese,AT Carey,TA Lammonby,1,0,,,,,,,,,
1167161,2019,2019-07-28,The Cooper Associates County Ground,1,12.7,Sussex,Somerset,AT Carey,D Wiese,TA Lammonby,1,0,,,,,,,,,
1167161,2019,2019-07-28,The Cooper Associates County Ground,1,13.1,Sussex,Somerset,AT Carey,D Wiese,MTC Waller,1,0,,,,,,,,,
1167161,2019,2019-07-28,The Cooper Associates County Ground,1,13.2,Sussex,Somerset,D Wiese,AT Carey,MTC Waller,1,0,,,,,,,,,
1167161,2019,2019-07-28,The Cooper Associates County Ground,1,13.3,Sussex,Somerset,AT Carey,D Wiese,MTC Waller,1,0,,,,,,,,,
1167161,2019,2019-07-28,The Cooper Associates County Ground,1,13.4,Sussex,Somerset,D Wiese,AT Carey,MTC Waller,1,0,,,,,,,,,
1167161,2019,2019-07-28,The Cooper Associates County Ground,1,13.5,Sussex,Somerset,AT Carey,D Wiese,MTC Waller,4,0,,,,,,,,,
1167161,2019,2019-07-28,The Cooper Associates County Ground,1,13.6,Sussex,Somerset,AT Carey,D Wiese,MTC Waller,1,0,,,,,,,,,
1167161,2019,2019-07-28,The Cooper Associates County Ground,1,14.1,Sussex,Somerset,AT Carey,D Wiese,TA Lammonby,1,0,,,,,,,,,
1167161,2019,2019-07-28,The Cooper Associates County Ground,1,14.2,Sussex,Somerset,D Wiese,AT Carey,TA Lammonby,1,0,,,,,,,,,
1167161,2019,2019-07-28,The Cooper Associates County Ground,1,14.3,Sussex,Somerset,AT Carey,D Wiese,TA Lammonby,1,0,,,,,,,,,
1167161,2019,2019-07-28,The Cooper Associates County Ground,1,14.4,Sussex,Somerset,D Wiese,AT Carey,TA Lammonby,1,0,,,,,,,,,
1167161,2019,2019-07-28,The Cooper Associates County Ground,1,14.5,Sussex,Somerset,AT Carey,D Wiese,TA Lammonby,1,0,,,,,,,,,
1167161,2019,2019-07-28,The Cooper Associates County Ground,1,14.6,Sussex,Somerset,D Wiese,AT Carey,TA Lammonby,1,0,,,,,,,,,
1167161,2019,2019-07-28,The Cooper Associates County Ground,1,15.1,Sussex,Somerset,D Wiese,AT Carey,L Gregory,1,2,,2,,,,,,,
1167161,2019,2019-07-28,The Cooper Associates County Ground,1,15.2,Sussex,Somerset,AT Carey,D Wiese,L Gregory,1,0,,,,,,,,,
1167161,2019,2019-07-28,The Cooper Associates County Ground,1,15.3,Sussex,Somerset,D Wiese,AT Carey,L Gregory,1,0,,,,,,,,,
1167161,2019,2019-07-28,The Cooper Associates County Ground,1,15.4,Sussex,Somerset,AT Carey,D Wiese,L Gregory,0,0,,,,,,,,,
1167161,2019,2019-07-28,The Cooper Associates County Ground,1,15.5,Sussex,Somerset,AT Carey,D Wiese,L Gregory,3,0,,,,,,,,,
1167161,2019,2019-07-28,The Cooper Associates County Ground,1,15.6,Sussex,Somerset,D Wiese,AT Carey,L Gregory,1,0,,,,,,,,,
1167161,2019,2019-07-28,The Cooper Associates County Ground,1,15.7,Sussex,Somerset,AT Carey,D Wiese,L Gregory,0,1,1,,,,,,,,
1167161,2019,2019-07-28,The Cooper Associates County Ground,1,15.8,Sussex,Somerset,AT Carey,D Wiese,L Gregory,4,0,,,,,,,,,
1167161,2019,2019-07-28,The Cooper Associates County Ground,1,16.1,Sussex,Somerset,D Wiese,AT Carey,JE Taylor,1,0,,,,,,,,,
1167161,2019,2019-07-28,The Cooper Associates County Ground,1,16.2,Sussex,Somerset,AT Carey,D Wiese,JE Taylor,0,0,,,,,,,,,
1167161,2019,2019-07-28,The Cooper Associates County Ground,1,16.3,Sussex,Somerset,AT Carey,D Wiese,JE Taylor,1,0,,,,,,,,,
1167161,2019,2019-07-28,The Cooper Associates County Ground,1,16.4,Sussex,Somerset,D Wiese,AT Carey,JE Taylor,1,0,,,,,,,,,
1167161,2019,2019-07-28,The Cooper Associates County Ground,1,16.5,Sussex,Somerset,AT Carey,D Wiese,JE Taylor,6,0,,,,,,,,,
1167161,2019,2019-07-28,The Cooper Associates County Ground,1,16.6,Sussex,Somerset,AT Carey,D Wiese,JE Taylor,4,0,,,,,,,,,
1167161,2019,2019-07-28,The Cooper Associates County Ground,1,17.1,Sussex,Somerset,D Wiese,AT Carey,C Overton,1,0,,,,,,,,,
1167161,2019,2019-07-28,The Cooper Associates County Ground,1,17.2,Sussex,Somerset,AT Carey,D Wiese,C Overton,0,0,,,,,,,,,
1167161,2019,2019-07-28,The Cooper Associates County Ground,1,17.3,Sussex,Somerset,AT Carey,D Wiese,C Overton,1,0,,,,,,,,,
1167161,2019,2019-07-28,The Cooper Associates County Ground,1,17.4,Sussex,Somerset,D Wiese,AT Carey,C Overton,4,0,,,,,,,,,
1167161,2019,2019-07-28,The Cooper Associates County Ground,1,17.5,Sussex,Somerset,D Wiese,AT Carey,C Overton,4,0,,,,,,,,,
1167161,2019,2019-07-28,The Cooper Associates County Ground,1,17.6,Sussex,Somerset,D Wiese,AT Carey,C Overton,6,0,,,,,,,,,
1167161,2019,2019-07-28,The Cooper Associates County Ground,1,18.1,Sussex,Somerset,AT Carey,D Wiese,L Gregory,0,0,,,,,,caught,AT Carey,,
1167161,2019,2019-07-28,The Cooper Associates County Ground,1,18.2,Sussex,Somerset,D Wiese,DMW Rawlins,L Gregory,0,0,,,,,,caught,D Wiese,,
1167161,2019,2019-07-28,The Cooper Associates County Ground,1,18.3,Sussex,Somerset,DMW Rawlins,Rashid Khan,L Gregory,2,0,,,,,,,,,
1167161,2019,2019-07-28,The Cooper Associates County Ground,1,18.4,Sussex,Somerset,DMW Rawlins,Rashid Khan,L Gregory,0,0,,,,,,bowled,DMW Rawlins,,
1167161,2019,2019-07-28,The Cooper Associates County Ground,1,18.5,Sussex,Somerset,OE Robinson,Rashid Khan,L Gregory,0,0,,,,,,,,,
1167161,2019,2019-07-28,The Cooper Associates County Ground,1,18.6,Sussex,Somerset,OE Robinson,Rashid Khan,L Gregory,1,0,,,,,,,,,
1167161,2019,2019-07-28,The Cooper Associates County Ground,1,19.1,Sussex,Somerset,OE Robinson,Rashid Khan,JE Taylor,1,0,,,,,,,,,
1167161,2019,2019-07-28,The Cooper Associates County Ground,1,19.2,Sussex,Somerset,Rashid Khan,OE Robinson,JE Taylor,0,1,,,1,,,,,,
1167161,2019,2019-07-28,The Cooper Associates County Ground,1,19.3,Sussex,Somerset,OE Robinson,Rashid Khan,JE Taylor,0,0,,,,,,run out,OE Robinson,,
1167161,2019,2019-07-28,The Cooper Associates County Ground,1,19.4,Sussex,Somerset,Rashid Khan,DR Briggs,JE Taylor,6,2,,2,,,,,,,
1167161,2019,2019-07-28,The Cooper Associates County Ground,1,19.5,Sussex,Somerset,Rashid Khan,DR Briggs,JE Taylor,0,2,,2,,,,,,,
1167161,2019,2019-07-28,The Cooper Associates County Ground,1,19.6,Sussex,Somerset,Rashid Khan,DR Briggs,JE Taylor,1,0,,,,,,,,,
1167161,2019,2019-07-28,The Cooper Associates County Ground,1,19.7,Sussex,Somerset,DR Briggs,Rashid Khan,JE Taylor,0,0,,,,,,run out,Rashid Khan,,
1167161,2019,2019-07-28,The Cooper Associates County Ground,1,19.8,Sussex,Somerset,RJW Topley,DR Briggs,JE Taylor,2,0,,,,,,,,,
1167161,2019,2019-07-28,The Cooper Associates County Ground,2,0.1,Somerset,Sussex,T Banton,Babar Azam,RJW Topley,0,0,,,,,,,,,
1167161,2019,2019-07-28,The Cooper Associates County Ground,2,0.2,Somerset,Sussex,T Banton,Babar Azam,RJW Topley,4,0,,,,,,,,,
1167161,2019,2019-07-28,The Cooper Associates County Ground,2,0.3,Somerset,Sussex,T Banton,Babar Azam,RJW Topley,1,0,,,,,,,,,
1167161,2019,2019-07-28,The Cooper Associates County Ground,2,0.4,Somerset,Sussex,Babar Azam,T Banton,RJW Topley,0,1,1,,,,,,,,
1167161,2019,2019-07-28,The Cooper Associates County Ground,2,0.5,Somerset,Sussex,Babar Azam,T Banton,RJW Topley,1,0,,,,,,,,,
1167161,2019,2019-07-28,The Cooper Associates County Ground,2,0.6,Somerset,Sussex,T Banton,Babar Azam,RJW Topley,0,0,,,,,,,,,
1167161,2019,2019-07-28,The Cooper Associates County Ground,2,0.7,Somerset,Sussex,T Banton,Babar Azam,RJW Topley,0,0,,,,,,,,,
1167161,2019,2019-07-28,The Cooper Associates County Ground,2,1.1,Somerset,Sussex,Babar Azam,T Banton,OE Robinson,1,0,,,,,,,,,
1167161,2019,2019-07-28,The Cooper Associates County Ground,2,1.2,Somerset,Sussex,T Banton,Babar Azam,OE Robinson,0,0,,,,,,,,,
1167161,2019,2019-07-28,The Cooper Associates County Ground,2,1.3,Somerset,Sussex,T Banton,Babar Azam,OE Robinson,1,0,,,,,,,,,
1167161,2019,2019-07-28,The Cooper Associates County Ground,2,1.4,Somerset,Sussex,Babar Azam,T Banton,OE Robinson,1,0,,,,,,,,,
1167161,2019,2019-07-28,The Cooper Associates County Ground,2,1.5,Somerset,Sussex,T Banton,Babar Azam,OE Robinson,0,0,,,,,,,,,
1167161,2019,2019-07-28,The Cooper Associates County Ground,2,1.6,Somerset,Sussex,T Banton,Babar Azam,OE Robinson,0,0,,,,,,,,,
1167161,2019,2019-07-28,The Cooper Associates County Ground,2,2.1,Somerset,Sussex,Babar Azam,T Banton,RJW Topley,0,0,,,,,,,,,
1167161,2019,2019-07-28,The Cooper Associates County Ground,2,2.2,Somerset,Sussex,Babar Azam,T Banton,RJW Topley,0,0,,,,,,,,,
1167161,2019,2019-07-28,The Cooper Associates County Ground,2,2.3,Somerset,Sussex,Babar Azam,T Banton,RJW Topley,0,1,1,,,,,,,,
1167161,2019,2019-07-28,The Cooper Associates County Ground,2,2.4,Somerset,Sussex,Babar Azam,T Banton,RJW Topley,4,0,,,,,,,,,
1167161,2019,2019-07-28,The Cooper Associates County Ground,2,2.5,Somerset,Sussex,Babar Azam,T Banton,RJW Topley,1,0,,,,,,,,,
1167161,2019,2019-07-28,The Cooper Associates County Ground,2,2.6,Somerset,Sussex,T Banton,Babar Azam,RJW Topley,0,0,,,,,,,,,
1167161,2019,2019-07-28,The Cooper Associates County Ground,2,2.7,Somerset,Sussex,T Banton,Babar Azam,RJW Topley,4,0,,,,,,,,,
1167161,2019,2019-07-28,The Cooper Associates County Ground,2,3.1,Somerset,Sussex,Babar Azam,T Banton,OE Robinson,1,0,,,,,,,,,
1167161,2019,2019-07-28,The Cooper Associates County Ground,2,3.2,Somerset,Sussex,T Banton,Babar Azam,OE Robinson,0,0,,,,,,,,,
1167161,2019,2019-07-28,The Cooper Associates County Ground,2,3.3,Somerset,Sussex,T Banton,Babar Azam,OE Robinson,0,2,,2,,,,,,,
1167161,2019,2019-07-28,The Cooper Associates County Ground,2,3.4,Somerset,Sussex,T Banton,Babar Azam,OE Robinson,4,0,,,,,,,,,
1167161,2019,2019-07-28,The Cooper Associates County Ground,2,3.5,Somerset,Sussex,T Banton,Babar Azam,OE Robinson,0,0,,,,,,,,,
1167161,2019,2019-07-28,The Cooper Associates County Ground,2,3.6,Somerset,Sussex,T Banton,Babar Azam,OE Robinson,1,0,,,,,,,,,
1167161,2019,2019-07-28,The Cooper Associates County Ground,2,3.7,Somerset,Sussex,Babar Azam,T Banton,OE Robinson,4,0,,,,,,,,,
1167161,2019,2019-07-28,The Cooper Associates County Ground,2,4.1,Somerset,Sussex,T Banton,Babar Azam,Rashid Khan,0,0,,,,,,,,,
1167161,2019,2019-07-28,The Cooper Associates County Ground,2,4.2,Somerset,Sussex,T Banton,Babar Azam,Rashid Khan,1,0,,,,,,,,,
1167161,2019,2019-07-28,The Cooper Associates County Ground,2,4.3,Somerset,Sussex,Babar Azam,T Banton,Rashid Khan,1,0,,,,,,,,,
1167161,2019,2019-07-28,The Cooper Associates County Ground,2,4.4,Somerset,Sussex,T Banton,Babar Azam,Rashid Khan,4,0,,,,,,,,,
1167161,2019,2019-07-28,The Cooper Associates County Ground,2,4.5,Somerset,Sussex,T Banton,Babar Azam,Rashid Khan,1,0,,,,,,,,,
1167161,2019,2019-07-28,The Cooper Associates County Ground,2,4.6,Somerset,Sussex,Babar Azam,T Banton,Rashid Khan,4,0,,,,,,,,,
1167161,2019,2019-07-28,The Cooper Associates County Ground,2,5.1,Somerset,Sussex,T Banton,Babar Azam,TS Mills,1,0,,,,,,,,,
1167161,2019,2019-07-28,The Cooper Associates County Ground,2,5.2,Somerset,Sussex,Babar Azam,T Banton,TS Mills,1,0,,,,,,,,,
1167161,2019,2019-07-28,The Cooper Associates County Ground,2,5.3,Somerset,Sussex,T Banton,Babar Azam,TS Mills,1,0,,,,,,,,,
1167161,2019,2019-07-28,The Cooper Associates County Ground,2,5.4,Somerset,Sussex,Babar Azam,T Banton,TS Mills,3,0,,,,,,,,,
1167161,2019,2019-07-28,The Cooper Associates County Ground,2,5.5,Somerset,Sussex,T Banton,Babar Azam,TS Mills,0,0,,,,,,,,,
1167161,2019,2019-07-28,The Cooper Associates County Ground,2,5.6,Somerset,Sussex,T Banton,Babar Azam,TS Mills,0,0,,,,,,,,,
1167161,2019,2019-07-28,The Cooper Associates County Ground,2,6.1,Somerset,Sussex,Babar Azam,T Banton,DR Briggs,1,0,,,,,,,,,
1167161,2019,2019-07-28,The Cooper Associates County Ground,2,6.2,Somerset,Sussex,T Banton,Babar Azam,DR Briggs,0,0,,,,,,,,,
1167161,2019,2019-07-28,The Cooper Associates County Ground,2,6.3,Somerset,Sussex,T Banton,Babar Azam,DR Briggs,6,0,,,,,,,,,
1167161,2019,2019-07-28,The Cooper Associates County Ground,2,6.4,Somerset,Sussex,T Banton,Babar Azam,DR Briggs,0,0,,,,,,,,,
1167161,2019,2019-07-28,The Cooper Associates County Ground,2,6.5,Somerset,Sussex,T Banton,Babar Azam,DR Briggs,1,0,,,,,,,,,
1167161,2019,2019-07-28,The Cooper Associates County Ground,2,6.6,Somerset,Sussex,Babar Azam,T Banton,DR Briggs,1,0,,,,,,,,,
1167161,2019,2019-07-28,The Cooper Associates County Ground,2,7.1,Somerset,Sussex,Babar Azam,T Banton,D Wiese,1,0,,,,,,,,,
1167161,2019,2019-07-28,The Cooper Associates County Ground,2,7.2,Somerset,Sussex,T Banton,Babar Azam,D Wiese,1,0,,,,,,,,,
1167161,2019,2019-07-28,The Cooper Associates County Ground,2,7.3,Somerset,Sussex,Babar Azam,T Banton,D Wiese,1,0,,,,,,,,,
1167161,2019,2019-07-28,The Cooper Associates County Ground,2,7.4,Somerset,Sussex,T Banton,Babar Azam,D Wiese,0,0,,,,,,,,,
1167161,2019,2019-07-28,The Cooper Associates County Ground,2,7.5,Somerset,Sussex,T Banton,Babar Azam,D Wiese,1,0,,,,,,,,,
1167161,2019,2019-07-28,The Cooper Associates County Ground,2,7.6,Somerset,Sussex,Babar Azam,T Banton,D Wiese,1,0,,,,,,,,,
1167161,2019,2019-07-28,The Cooper Associates County Ground,2,8.1,Somerset,Sussex,Babar Azam,T Banton,DR Briggs,6,0,,,,,,,,,
1167161,2019,2019-07-28,The Cooper Associates County Ground,2,8.2,Somerset,Sussex,Babar Azam,T Banton,DR Briggs,1,0,,,,,,,,,
1167161,2019,2019-07-28,The Cooper Associates County Ground,2,8.3,Somerset,Sussex,T Banton,Babar Azam,DR Briggs,4,0,,,,,,,,,
1167161,2019,2019-07-28,The Cooper Associates County Ground,2,8.4,Somerset,Sussex,T Banton,Babar Azam,DR Briggs,1,0,,,,,,,,,
1167161,2019,2019-07-28,The Cooper Associates County Ground,2,8.5,Somerset,Sussex,Babar Azam,T Banton,DR Briggs,1,0,,,,,,,,,
1167161,2019,2019-07-28,The Cooper Associates County Ground,2,8.6,Somerset,Sussex,T Banton,Babar Azam,DR Briggs,0,0,,,,,,,,,
1167161,2019,2019-07-28,The Cooper Associates County Ground,2,9.1,Somerset,Sussex,Babar Azam,T Banton,D Wiese,1,0,,,,,,,,,
1167161,2019,2019-07-28,The Cooper Associates County Ground,2,9.2,Somerset,Sussex,T Banton,Babar Azam,D Wiese,0,2,2,,,,,,,,
1167161,2019,2019-07-28,The Cooper Associates County Ground,2,9.3,Somerset,Sussex,Babar Azam,T Banton,D Wiese,1,0,,,,,,,,,
1167161,2019,2019-07-28,The Cooper Associates County Ground,2,9.4,Somerset,Sussex,T Banton,Babar Azam,D Wiese,1,0,,,,,,,,,
1167161,2019,2019-07-28,The Cooper Associates County Ground,2,9.5,Somerset,Sussex,Babar Azam,T Banton,D Wiese,1,0,,,,,,,,,
1167161,2019,2019-07-28,The Cooper Associates County Ground,2,9.6,Somerset,Sussex,T Banton,Babar Azam,D Wiese,2,0,,,,,,,,,
1167161,2019,2019-07-28,The Cooper Associates County Ground,2,9.7,Somerset,Sussex,T Banton,Babar Azam,D Wiese,1,0,,,,,,,,,
1167161,2019,2019-07-28,The Cooper Associates County Ground,2,10.1,Somerset,Sussex,T Banton,Babar Azam,TS Mills,1,0,,,,,,,,,
1167161,2019,2019-07-28,The Cooper Associates County Ground,2,10.2,Somerset,Sussex,Babar Azam,T Banton,TS Mills,0,0,,,,,,,,,
1167161,2019,2019-07-28,The Cooper Associates County Ground,2,10.3,Somerset,Sussex,Babar Azam,T Banton,TS Mills,0,0,,,,,,,,,
1167161,2019,2019-07-28,The Cooper Associates County Ground,2,10.4,Somerset,Sussex,Babar Azam,T Banton,TS Mills,1,0,,,,,,,,,
1167161,2019,2019-07-28,The Cooper Associates County Ground,2,10.5,Somerset,Sussex,T Banton,Babar Azam,TS Mills,0,0,,,,,,,,,
1167161,2019,2019-07-28,The Cooper Associates County Ground,2,10.6,Somerset,Sussex,T Banton,Babar Azam,TS Mills,1,0,,,,,,,,,
1167161,2019,2019-07-28,The Cooper Associates County Ground,2,11.1,Somerset,Sussex,T Banton,Babar Azam,OE Robinson,2,0,,,,,,,,,
1167161,2019,2019-07-28,The Cooper Associates County Ground,2,11.2,Somerset,Sussex,T Banton,Babar Azam,OE Robinson,2,0,,,,,,,,,
1167161,2019,2019-07-28,The Cooper Associates County Ground,2,11.3,Somerset,Sussex,T Banton,Babar Azam,OE Robinson,0,0,,,,,,,,,
1167161,2019,2019-07-28,The Cooper Associates County Ground,2,11.4,Somerset,Sussex,T Banton,Babar Azam,OE Robinson,4,0,,,,,,,,,
1167161,2019,2019-07-28,The Cooper Associates County Ground,2,11.5,Somerset,Sussex,T Banton,Babar Azam,OE Robinson,0,0,,,,,,caught,T Banton,,
1167161,2019,2019-07-28,The Cooper Associates County Ground,2,11.6,Somerset,Sussex,Babar Azam,PD Trego,OE Robinson,1,0,,,,,,,,,
1167161,2019,2019-07-28,The Cooper Associates County Ground,2,12.1,Somerset,Sussex,Babar Azam,PD Trego,Rashid Khan,1,0,,,,,,,,,
1167161,2019,2019-07-28,The Cooper Associates County Ground,2,12.2,Somerset,Sussex,PD Trego,Babar Azam,Rashid Khan,0,0,,,,,,,,,
1167161,2019,2019-07-28,The Cooper Associates County Ground,2,12.3,Somerset,Sussex,PD Trego,Babar Azam,Rashid Khan,0,0,,,,,,,,,
1167161,2019,2019-07-28,The Cooper Associates County Ground,2,12.4,Somerset,Sussex,PD Trego,Babar Azam,Rashid Khan,0,0,,,,,,,,,
1167161,2019,2019-07-28,The Cooper Associates County Ground,2,12.5,Somerset,Sussex,PD Trego,Babar Azam,Rashid Khan,1,0,,,,,,,,,
1167161,2019,2019-07-28,The Cooper Associates County Ground,2,12.6,Somerset,Sussex,Babar Azam,PD Trego,Rashid Khan,4,0,,,,,,,,,
1167161,2019,2019-07-28,The Cooper Associates County Ground,2,13.1,Somerset,Sussex,PD Trego,Babar Azam,D Wiese,1,0,,,,,,,,,
1167161,2019,2019-07-28,The Cooper Associates County Ground,2,13.2,Somerset,Sussex,Babar Azam,PD Trego,D Wiese,4,0,,,,,,,,,
1167161,2019,2019-07-28,The Cooper Associates County Ground,2,13.3,Somerset,Sussex,Babar Azam,PD Trego,D Wiese,1,0,,,,,,,,,
1167161,2019,2019-07-28,The Cooper Associates County Ground,2,13.4,Somerset,Sussex,PD Trego,Babar Azam,D Wiese,1,0,,,,,,,,,
1167161,2019,2019-07-28,The Cooper Associates County Ground,2,13.5,Somerset,Sussex,Babar Azam,PD Trego,D Wiese,0,0,,,,,,,,,
1167161,2019,2019-07-28,The Cooper Associates County Ground,2,13.6,Somerset,Sussex,Babar Azam,PD Trego,D Wiese,0,0,,,,,,,,,
1167161,2019,2019-07-28,The Cooper Associates County Ground,2,14.1,Somerset,Sussex,PD Trego,Babar Azam,Rashid Khan,0,0,,,,,,,,,
1167161,2019,2019-07-28,The Cooper Associates County Ground,2,14.2,Somerset,Sussex,PD Trego,Babar Azam,Rashid Khan,0,0,,,,,,,,,
1167161,2019,2019-07-28,The Cooper Associates County Ground,2,14.3,Somerset,Sussex,PD Trego,Babar Azam,Rashid Khan,1,0,,,,,,,,,
1167161,2019,2019-07-28,The Cooper Associates County Ground,2,14.4,Somerset,Sussex,Babar Azam,PD Trego,Rashid Khan,1,0,,,,,,,,,
1167161,2019,2019-07-28,The Cooper Associates County Ground,2,14.5,Somerset,Sussex,PD Trego,Babar Azam,Rashid Khan,6,0,,,,,,,,,
1167161,2019,2019-07-28,The Cooper Associates County Ground,2,14.6,Somerset,Sussex,PD Trego,Babar Azam,Rashid Khan,0,0,,,,,,,,,
1167161,2019,2019-07-28,The Cooper Associates County Ground,2,15.1,Somerset,Sussex,Babar Azam,PD Trego,D Wiese,4,0,,,,,,,,,
1167161,2019,2019-07-28,The Cooper Associates County Ground,2,15.2,Somerset,Sussex,Babar Azam,PD Trego,D Wiese,4,0,,,,,,,,,
1167161,2019,2019-07-28,The Cooper Associates County Ground,2,15.3,Somerset,Sussex,Babar Azam,PD Trego,D Wiese,6,0,,,,,,,,,
1167161,2019,2019-07-28,The Cooper Associates County Ground,2,15.4,Somerset,Sussex,Babar Azam,PD Trego,D Wiese,2,0,,,,,,,,,
1167161,2019,2019-07-28,The Cooper Associates County Ground,2,15.5,Somerset,Sussex,Babar Azam,PD Trego,D Wiese,1,0,,,,,,,,,
1167161,2019,2019-07-28,The Cooper Associates County Ground,2,15.6,Somerset,Sussex,PD Trego,Babar Azam,D Wiese,0,0,,,,,,,,,
1167161,2019,2019-07-28,The Cooper Associates County Ground,2,16.1,Somerset,Sussex,Babar Azam,PD Trego,TS Mills,0,0,,,,,,,,,
1167161,2019,2019-07-28,The Cooper Associates County Ground,2,16.2,Somerset,Sussex,Babar Azam,PD Trego,TS Mills,4,0,,,,,,,,,
1167161,2019,2019-07-28,The Cooper Associates County Ground,2,16.3,Somerset,Sussex,Babar Azam,PD Trego,TS Mills,0,0,,,,,,,,,
1167161,2019,2019-07-28,The Cooper Associates County Ground,2,16.4,Somerset,Sussex,Babar Azam,PD Trego,TS Mills,0,0,,,,,,,,,
1167161,2019,2019-07-28,The Cooper Associates County Ground,2,16.5,Somerset,Sussex,Babar Azam,PD Trego,TS Mills,4,0,,,,,,,,,
1167161,2019,2019-07-28,The Cooper Associates County Ground,2,16.6,Somerset,Sussex,Babar Azam,PD Trego,TS Mills,0,1,,,1,,,,,,
1167161,2019,2019-07-28,The Cooper Associates County Ground,2,17.1,Somerset,Sussex,Babar Azam,PD Trego,Rashid Khan,1,0,,,,,,,,,
1167161,2019,2019-07-28,The Cooper Associates County Ground,2,17.2,Somerset,Sussex,PD Trego,Babar Azam,Rashid Khan,0,1,,,,1,,,,,
1167161,2019,2019-07-28,The Cooper Associates County Ground,2,17.3,Somerset,Sussex,Babar Azam,PD Trego,Rashid Khan,2,0,,,,,,,,,
1167161,2019,2019-07-28,The Cooper Associates County Ground,2,17.4,Somerset,Sussex,Babar Azam,PD Trego,Rashid Khan,4,0,,,,,,,,,
1167161,2019,2019-07-28,The Cooper Associates County Ground,2,17.5,Somerset,Sussex,Babar Azam,PD Trego,Rashid Khan,0,0,,,,,,caught,Babar Azam,,
1167161,2019,2019-07-28,The Cooper Associates County Ground,2,17.6,Somerset,Sussex,L Gregory,PD Trego,Rashid Khan,0,0,,,,,,,,,
1167161,2019,2019-07-28,The Cooper Associates County Ground,2,18.1,Somerset,Sussex,PD Trego,L Gregory,TS Mills,1,0,,,,,,,,,
1167161,2019,2019-07-28,The Cooper Associates County Ground,2,18.2,Somerset,Sussex,L Gregory,PD Trego,TS Mills,4,0,,,,,,,,,
1167161,2019,2019-07-28,The Cooper Associates County Ground,2,18.3,Somerset,Sussex,L Gregory,PD Trego,TS Mills,2,0,,,,,,,,,
1167161,2019,2019-07-28,The Cooper Associates County Ground,2,18.4,Somerset,Sussex,L Gregory,PD Trego,TS Mills,0,0,,,,,,bowled,L Gregory,,
1167161,2019,2019-07-28,The Cooper Associates County Ground,2,18.5,Somerset,Sussex,JC Hildreth,PD Trego,TS Mills,1,0,,,,,,,,,
1167161,2019,2019-07-28,The Cooper Associates County Ground,2,18.6,Somerset,Sussex,PD Trego,JC Hildreth,TS Mills,2,0,,,,,,,,,
1167161,2019,2019-07-28,The Cooper Associates County Ground,2,19.1,Somerset,Sussex,JC Hildreth,PD Trego,RJW Topley,0,1,1,,,,,,,,
1167161,2019,2019-07-28,The Cooper Associates County Ground,2,19.2,Somerset,Sussex,JC Hildreth,PD Trego,RJW Topley,2,0,,,,,,,,,
1167161,2019,2019-07-28,The Cooper Associates County Ground,2,19.3,Somerset,Sussex,JC Hildreth,PD Trego,RJW Topley,0,0,,,,,,,,,
1167161,2019,2019-07-28,The Cooper Associates County Ground,2,19.4,Somerset,Sussex,JC Hildreth,PD Trego,RJW Topley,0,0,,,,,,caught,JC Hildreth,,
1167161,2019,2019-07-28,The Cooper Associates County Ground,2,19.5,Somerset,Sussex,PD Trego,RE van der Merwe,RJW Topley,0,1,1,,,,,,,,
1167161,2019,2019-07-28,The Cooper Associates County Ground,2,19.6,Somerset,Sussex,PD Trego,RE van der Merwe,RJW Topley,0,2,,2,,,,,,,
1167161,2019,2019-07-28,The Cooper Associates County Ground,2,19.7,Somerset,Sussex,PD Trego,RE van der Merwe,RJW Topley,1,0,,,,,,run out,PD Trego,,
1167161,2019,2019-07-28,The Cooper Associates County Ground,2,19.8,Somerset,Sussex,TB Abell,RE van der Merwe,RJW Topley,1,0,,,,,,,,,
1167161,2019,2019-07-28,The Cooper Associates County Ground,2,19.9,Somerset,Sussex,RE van der Merwe,TB Abell,RJW Topley,1,0,,,,,,,,,
