match_id,season,start_date,venue,innings,ball,batting_team,bowling_team,striker,non_striker,bowler,runs_off_bat,extras,wides,noballs,byes,legbyes,penalty,wicket_type,player_dismissed,other_wicket_type,other_player_dismissed
1167141,2019,2019-07-21,The Rose Bowl,1,0.1,Hampshire,Kent,AHT Donald,RR Rossouw,Mohammad Nabi,1,0,,,,,,,,,
1167141,2019,2019-07-21,The Rose Bowl,1,0.2,Hampshire,Kent,RR Rossouw,AHT Donald,Mohammad Nabi,1,0,,,,,,,,,
1167141,2019,2019-07-21,The Rose Bowl,1,0.3,Hampshire,Kent,AHT Donald,RR Rossouw,Mohammad Nabi,2,0,,,,,,,,,
1167141,2019,2019-07-21,The Rose Bowl,1,0.4,Hampshire,Kent,AHT Donald,RR Rossouw,Mohammad Nabi,2,0,,,,,,,,,
1167141,2019,2019-07-21,The Rose Bowl,1,0.5,Hampshire,Kent,AHT Donald,RR Rossouw,Mohammad Nabi,0,0,,,,,,,,,
1167141,2019,2019-07-21,The Rose Bowl,1,0.6,Hampshire,Kent,AHT Donald,RR Rossouw,Mohammad Nabi,0,0,,,,,,,,,
1167141,2019,2019-07-21,The Rose Bowl,1,1.1,Hampshire,Kent,RR Rossouw,AHT Donald,AF Milne,0,0,,,,,,,,,
1167141,2019,2019-07-21,The Rose Bowl,1,1.2,Hampshire,Kent,RR Rossouw,AHT Donald,AF Milne,2,0,,,,,,,,,
1167141,2019,2019-07-21,The Rose Bowl,1,1.3,Hampshire,Kent,RR Rossouw,AHT Donald,AF Milne,4,0,,,,,,,,,
1167141,2019,2019-07-21,The Rose Bowl,1,1.4,Hampshire,Kent,RR Rossouw,AHT Donald,AF Milne,1,0,,,,,,,,,
1167141,2019,2019-07-21,The Rose Bowl,1,1.5,Hampshire,Kent,AHT Donald,RR Rossouw,AF Milne,2,0,,,,,,,,,
1167141,2019,2019-07-21,The Rose Bowl,1,1.6,Hampshire,Kent,AHT Donald,RR Rossouw,AF Milne,0,0,,,,,,,,,
1167141,2019,2019-07-21,The Rose Bowl,1,2.1,Hampshire,Kent,RR Rossouw,AHT Donald,GC Viljoen,0,0,,,,,,,,,
1167141,2019,2019-07-21,The Rose Bowl,1,2.2,Hampshire,Kent,RR Rossouw,AHT Donald,GC Viljoen,0,0,,,,,,,,,
1167141,2019,2019-07-21,The Rose Bowl,1,2.3,Hampshire,Kent,RR Rossouw,AHT Donald,GC Viljoen,1,0,,,,,,,,,
1167141,2019,2019-07-21,The Rose Bowl,1,2.4,Hampshire,Kent,AHT Donald,RR Rossouw,GC Viljoen,6,0,,,,,,,,,
1167141,2019,2019-07-21,The Rose Bowl,1,2.5,Hampshire,Kent,AHT Donald,RR Rossouw,GC Viljoen,0,0,,,,,,caught,AHT Donald,,
1167141,2019,2019-07-21,The Rose Bowl,1,2.6,Hampshire,Kent,RR Rossouw,JM Vince,GC Viljoen,0,0,,,,,,,,,
1167141,2019,2019-07-21,The Rose Bowl,1,3.1,Hampshire,Kent,JM Vince,RR Rossouw,FJ Klaassen,4,0,,,,,,,,,
1167141,2019,2019-07-21,The Rose Bowl,1,3.2,Hampshire,Kent,JM Vince,RR Rossouw,FJ Klaassen,4,0,,,,,,,,,
1167141,2019,2019-07-21,The Rose Bowl,1,3.3,Hampshire,Kent,JM Vince,RR Rossouw,FJ Klaassen,0,0,,,,,,,,,
1167141,2019,2019-07-21,The Rose Bowl,1,3.4,Hampshire,Kent,JM Vince,RR Rossouw,FJ Klaassen,0,0,,,,,,,,,
1167141,2019,2019-07-21,The Rose Bowl,1,3.5,Hampshire,Kent,JM Vince,RR Rossouw,FJ Klaassen,0,4,,,,4,,,,,
1167141,2019,2019-07-21,The Rose Bowl,1,3.6,Hampshire,Kent,JM Vince,RR Rossouw,FJ Klaassen,4,0,,,,,,,,,
1167141,2019,2019-07-21,The Rose Bowl,1,4.1,Hampshire,Kent,RR Rossouw,JM Vince,GC Viljoen,1,0,,,,,,,,,
1167141,2019,2019-07-21,The Rose Bowl,1,4.2,Hampshire,Kent,JM Vince,RR Rossouw,GC Viljoen,0,0,,,,,,,,,
1167141,2019,2019-07-21,The Rose Bowl,1,4.3,Hampshire,Kent,JM Vince,RR Rossouw,GC Viljoen,1,0,,,,,,,,,
1167141,2019,2019-07-21,The Rose Bowl,1,4.4,Hampshire,Kent,RR Rossouw,JM Vince,GC Viljoen,0,0,,,,,,caught,RR Rossouw,,
1167141,2019,2019-07-21,The Rose Bowl,1,4.5,Hampshire,Kent,SA Northeast,JM Vince,GC Viljoen,0,0,,,,,,,,,
1167141,2019,2019-07-21,The Rose Bowl,1,4.6,Hampshire,Kent,SA Northeast,JM Vince,GC Viljoen,0,0,,,,,,,,,
1167141,2019,2019-07-21,The Rose Bowl,1,5.1,Hampshire,Kent,JM Vince,SA Northeast,AF Milne,1,0,,,,,,,,,
1167141,2019,2019-07-21,The Rose Bowl,1,5.2,Hampshire,Kent,SA Northeast,JM Vince,AF Milne,0,0,,,,,,,,,
1167141,2019,2019-07-21,The Rose Bowl,1,5.3,Hampshire,Kent,SA Northeast,JM Vince,AF Milne,0,0,,,,,,,,,
1167141,2019,2019-07-21,The Rose Bowl,1,5.4,Hampshire,Kent,SA Northeast,JM Vince,AF Milne,0,0,,,,,,,,,
1167141,2019,2019-07-21,The Rose Bowl,1,5.5,Hampshire,Kent,SA Northeast,JM Vince,AF Milne,0,1,1,,,,,,,,
1167141,2019,2019-07-21,The Rose Bowl,1,5.6,Hampshire,Kent,SA Northeast,JM Vince,AF Milne,1,0,,,,,,,,,
1167141,2019,2019-07-21,The Rose Bowl,1,5.7,Hampshire,Kent,JM Vince,SA Northeast,AF Milne,1,0,,,,,,,,,
1167141,2019,2019-07-21,The Rose Bowl,1,6.1,Hampshire,Kent,JM Vince,SA Northeast,Imran Qayyum,1,0,,,,,,,,,
1167141,2019,2019-07-21,The Rose Bowl,1,6.2,Hampshire,Kent,SA Northeast,JM Vince,Imran Qayyum,0,0,,,,,,,,,
1167141,2019,2019-07-21,The Rose Bowl,1,6.3,Hampshire,Kent,SA Northeast,JM Vince,Imran Qayyum,4,0,,,,,,,,,
1167141,2019,2019-07-21,The Rose Bowl,1,6.4,Hampshire,Kent,SA Northeast,JM Vince,Imran Qayyum,1,0,,,,,,,,,
1167141,2019,2019-07-21,The Rose Bowl,1,6.5,Hampshire,Kent,JM Vince,SA Northeast,Imran Qayyum,1,0,,,,,,,,,
1167141,2019,2019-07-21,The Rose Bowl,1,6.6,Hampshire,Kent,SA Northeast,JM Vince,Imran Qayyum,1,0,,,,,,,,,
1167141,2019,2019-07-21,The Rose Bowl,1,7.1,Hampshire,Kent,SA Northeast,JM Vince,Mohammad Nabi,1,0,,,,,,,,,
1167141,2019,2019-07-21,The Rose Bowl,1,7.2,Hampshire,Kent,JM Vince,SA Northeast,Mohammad Nabi,1,0,,,,,,,,,
1167141,2019,2019-07-21,The Rose Bowl,1,7.3,Hampshire,Kent,SA Northeast,JM Vince,Mohammad Nabi,0,0,,,,,,,,,
1167141,2019,2019-07-21,The Rose Bowl,1,7.4,Hampshire,Kent,SA Northeast,JM Vince,Mohammad Nabi,2,0,,,,,,,,,
1167141,2019,2019-07-21,The Rose Bowl,1,7.5,Hampshire,Kent,SA Northeast,JM Vince,Mohammad Nabi,1,0,,,,,,,,,
1167141,2019,2019-07-21,The Rose Bowl,1,7.6,Hampshire,Kent,JM Vince,SA Northeast,Mohammad Nabi,0,0,,,,,,,,,
1167141,2019,2019-07-21,The Rose Bowl,1,8.1,Hampshire,Kent,SA Northeast,JM Vince,Imran Qayyum,1,0,,,,,,,,,
1167141,2019,2019-07-21,The Rose Bowl,1,8.2,Hampshire,Kent,JM Vince,SA Northeast,Imran Qayyum,1,0,,,,,,,,,
1167141,2019,2019-07-21,The Rose Bowl,1,8.3,Hampshire,Kent,SA Northeast,JM Vince,Imran Qayyum,1,0,,,,,,,,,
1167141,2019,2019-07-21,The Rose Bowl,1,8.4,Hampshire,Kent,JM Vince,SA Northeast,Imran Qayyum,1,0,,,,,,,,,
1167141,2019,2019-07-21,The Rose Bowl,1,8.5,Hampshire,Kent,SA Northeast,JM Vince,Imran Qayyum,1,0,,,,,,,,,
1167141,2019,2019-07-21,The Rose Bowl,1,8.6,Hampshire,Kent,JM Vince,SA Northeast,Imran Qayyum,4,0,,,,,,,,,
1167141,2019,2019-07-21,The Rose Bowl,1,9.1,Hampshire,Kent,SA Northeast,JM Vince,Mohammad Nabi,1,0,,,,,,,,,
1167141,2019,2019-07-21,The Rose Bowl,1,9.2,Hampshire,Kent,JM Vince,SA Northeast,Mohammad Nabi,0,0,,,,,,,,,
1167141,2019,2019-07-21,The Rose Bowl,1,9.3,Hampshire,Kent,JM Vince,SA Northeast,Mohammad Nabi,1,0,,,,,,,,,
1167141,2019,2019-07-21,The Rose Bowl,1,9.4,Hampshire,Kent,SA Northeast,JM Vince,Mohammad Nabi,1,0,,,,,,,,,
1167141,2019,2019-07-21,The Rose Bowl,1,9.5,Hampshire,Kent,JM Vince,SA Northeast,Mohammad Nabi,0,0,,,,,,,,,
1167141,2019,2019-07-21,The Rose Bowl,1,9.6,Hampshire,Kent,JM Vince,SA Northeast,Mohammad Nabi,1,0,,,,,,,,,
1167141,2019,2019-07-21,The Rose Bowl,1,10.1,Hampshire,Kent,JM Vince,SA Northeast,GC Viljoen,0,1,,,,1,,,,,
1167141,2019,2019-07-21,The Rose Bowl,1,10.2,Hampshire,Kent,SA Northeast,JM Vince,GC Viljoen,1,0,,,,,,,,,
1167141,2019,2019-07-21,The Rose Bowl,1,10.3,Hampshire,Kent,JM Vince,SA Northeast,GC Viljoen,0,0,,,,,,,,,
1167141,2019,2019-07-21,The Rose Bowl,1,10.4,Hampshire,Kent,JM Vince,SA Northeast,GC Viljoen,1,0,,,,,,,,,
1167141,2019,2019-07-21,The Rose Bowl,1,10.5,Hampshire,Kent,SA Northeast,JM Vince,GC Viljoen,0,0,,,,,,,,,
1167141,2019,2019-07-21,The Rose Bowl,1,10.6,Hampshire,Kent,SA Northeast,JM Vince,GC Viljoen,1,0,,,,,,,,,
1167141,2019,2019-07-21,The Rose Bowl,1,11.1,Hampshire,Kent,SA Northeast,JM Vince,FJ Klaassen,0,1,,,,1,,,,,
1167141,2019,2019-07-21,The Rose Bowl,1,11.2,Hampshire,Kent,JM Vince,SA Northeast,FJ Klaassen,2,0,,,,,,,,,
1167141,2019,2019-07-21,The Rose Bowl,1,11.3,Hampshire,Kent,JM Vince,SA Northeast,FJ Klaassen,1,0,,,,,,,,,
1167141,2019,2019-07-21,The Rose Bowl,1,11.4,Hampshire,Kent,SA Northeast,JM Vince,FJ Klaassen,1,0,,,,,,,,,
1167141,2019,2019-07-21,The Rose Bowl,1,11.5,Hampshire,Kent,JM Vince,SA Northeast,FJ Klaassen,2,0,,,,,,,,,
1167141,2019,2019-07-21,The Rose Bowl,1,11.6,Hampshire,Kent,JM Vince,SA Northeast,FJ Klaassen,1,0,,,,,,,,,
1167141,2019,2019-07-21,The Rose Bowl,1,12.1,Hampshire,Kent,JM Vince,SA Northeast,Imran Qayyum,1,0,,,,,,,,,
1167141,2019,2019-07-21,The Rose Bowl,1,12.2,Hampshire,Kent,SA Northeast,JM Vince,Imran Qayyum,1,0,,,,,,,,,
1167141,2019,2019-07-21,The Rose Bowl,1,12.3,Hampshire,Kent,JM Vince,SA Northeast,Imran Qayyum,6,0,,,,,,,,,
1167141,2019,2019-07-21,The Rose Bowl,1,12.4,Hampshire,Kent,JM Vince,SA Northeast,Imran Qayyum,1,0,,,,,,,,,
1167141,2019,2019-07-21,The Rose Bowl,1,12.5,Hampshire,Kent,SA Northeast,JM Vince,Imran Qayyum,1,0,,,,,,,,,
1167141,2019,2019-07-21,The Rose Bowl,1,12.6,Hampshire,Kent,JM Vince,SA Northeast,Imran Qayyum,6,0,,,,,,,,,
1167141,2019,2019-07-21,The Rose Bowl,1,13.1,Hampshire,Kent,SA Northeast,JM Vince,Mohammad Nabi,1,0,,,,,,,,,
1167141,2019,2019-07-21,The Rose Bowl,1,13.2,Hampshire,Kent,JM Vince,SA Northeast,Mohammad Nabi,4,0,,,,,,,,,
1167141,2019,2019-07-21,The Rose Bowl,1,13.3,Hampshire,Kent,JM Vince,SA Northeast,Mohammad Nabi,0,0,,,,,,,,,
1167141,2019,2019-07-21,The Rose Bowl,1,13.4,Hampshire,Kent,JM Vince,SA Northeast,Mohammad Nabi,0,0,,,,,,caught and bowled,JM Vince,,
1167141,2019,2019-07-21,The Rose Bowl,1,13.5,Hampshire,Kent,JK Fuller,SA Northeast,Mohammad Nabi,1,0,,,,,,,,,
1167141,2019,2019-07-21,The Rose Bowl,1,13.6,Hampshire,Kent,SA Northeast,JK Fuller,Mohammad Nabi,0,0,,,,,,,,,
1167141,2019,2019-07-21,The Rose Bowl,1,14.1,Hampshire,Kent,JK Fuller,SA Northeast,Imran Qayyum,0,1,1,,,,,,,,
1167141,2019,2019-07-21,The Rose Bowl,1,14.2,Hampshire,Kent,JK Fuller,SA Northeast,Imran Qayyum,1,0,,,,,,,,,
1167141,2019,2019-07-21,The Rose Bowl,1,14.3,Hampshire,Kent,SA Northeast,JK Fuller,Imran Qayyum,1,0,,,,,,,,,
1167141,2019,2019-07-21,The Rose Bowl,1,14.4,Hampshire,Kent,JK Fuller,SA Northeast,Imran Qayyum,1,0,,,,,,,,,
1167141,2019,2019-07-21,The Rose Bowl,1,14.5,Hampshire,Kent,SA Northeast,JK Fuller,Imran Qayyum,2,0,,,,,,,,,
1167141,2019,2019-07-21,The Rose Bowl,1,14.6,Hampshire,Kent,SA Northeast,JK Fuller,Imran Qayyum,2,0,,,,,,,,,
1167141,2019,2019-07-21,The Rose Bowl,1,14.7,Hampshire,Kent,SA Northeast,JK Fuller,Imran Qayyum,0,0,,,,,,,,,
1167141,2019,2019-07-21,The Rose Bowl,1,15.1,Hampshire,Kent,JK Fuller,SA Northeast,GC Viljoen,1,0,,,,,,,,,
1167141,2019,2019-07-21,The Rose Bowl,1,15.2,Hampshire,Kent,SA Northeast,JK Fuller,GC Viljoen,1,0,,,,,,,,,
1167141,2019,2019-07-21,The Rose Bowl,1,15.3,Hampshire,Kent,JK Fuller,SA Northeast,GC Viljoen,1,0,,,,,,,,,
1167141,2019,2019-07-21,The Rose Bowl,1,15.4,Hampshire,Kent,SA Northeast,JK Fuller,GC Viljoen,2,0,,,,,,,,,
1167141,2019,2019-07-21,The Rose Bowl,1,15.5,Hampshire,Kent,SA Northeast,JK Fuller,GC Viljoen,2,0,,,,,,,,,
1167141,2019,2019-07-21,The Rose Bowl,1,15.6,Hampshire,Kent,SA Northeast,JK Fuller,GC Viljoen,1,0,,,,,,,,,
1167141,2019,2019-07-21,The Rose Bowl,1,16.1,Hampshire,Kent,SA Northeast,JK Fuller,FJ Klaassen,1,0,,,,,,,,,
1167141,2019,2019-07-21,The Rose Bowl,1,16.2,Hampshire,Kent,JK Fuller,SA Northeast,FJ Klaassen,1,0,,,,,,,,,
1167141,2019,2019-07-21,The Rose Bowl,1,16.3,Hampshire,Kent,SA Northeast,JK Fuller,FJ Klaassen,1,0,,,,,,,,,
1167141,2019,2019-07-21,The Rose Bowl,1,16.4,Hampshire,Kent,JK Fuller,SA Northeast,FJ Klaassen,0,0,,,,,,caught,JK Fuller,,
1167141,2019,2019-07-21,The Rose Bowl,1,16.5,Hampshire,Kent,SA Northeast,CH Morris,FJ Klaassen,0,0,,,,,,caught,SA Northeast,,
1167141,2019,2019-07-21,The Rose Bowl,1,16.6,Hampshire,Kent,CH Morris,LA Dawson,FJ Klaassen,0,1,,,,1,,,,,
1167141,2019,2019-07-21,The Rose Bowl,1,17.1,Hampshire,Kent,CH Morris,LA Dawson,AF Milne,4,0,,,,,,,,,
1167141,2019,2019-07-21,The Rose Bowl,1,17.2,Hampshire,Kent,CH Morris,LA Dawson,AF Milne,2,0,,,,,,,,,
1167141,2019,2019-07-21,The Rose Bowl,1,17.3,Hampshire,Kent,CH Morris,LA Dawson,AF Milne,0,1,1,,,,,,,,
1167141,2019,2019-07-21,The Rose Bowl,1,17.4,Hampshire,Kent,CH Morris,LA Dawson,AF Milne,1,0,,,,,,,,,
1167141,2019,2019-07-21,The Rose Bowl,1,17.5,Hampshire,Kent,LA Dawson,CH Morris,AF Milne,0,0,,,,,,,,,
1167141,2019,2019-07-21,The Rose Bowl,1,17.6,Hampshire,Kent,LA Dawson,CH Morris,AF Milne,1,0,,,,,,,,,
1167141,2019,2019-07-21,The Rose Bowl,1,17.7,Hampshire,Kent,CH Morris,LA Dawson,AF Milne,0,0,,,,,,,,,
1167141,2019,2019-07-21,The Rose Bowl,1,18.1,Hampshire,Kent,LA Dawson,CH Morris,FJ Klaassen,0,0,,,,,,,,,
1167141,2019,2019-07-21,The Rose Bowl,1,18.2,Hampshire,Kent,LA Dawson,CH Morris,FJ Klaassen,1,0,,,,,,,,,
1167141,2019,2019-07-21,The Rose Bowl,1,18.3,Hampshire,Kent,CH Morris,LA Dawson,FJ Klaassen,2,0,,,,,,,,,
1167141,2019,2019-07-21,The Rose Bowl,1,18.4,Hampshire,Kent,CH Morris,LA Dawson,FJ Klaassen,0,0,,,,,,,,,
1167141,2019,2019-07-21,The Rose Bowl,1,18.5,Hampshire,Kent,CH Morris,LA Dawson,FJ Klaassen,1,0,,,,,,,,,
1167141,2019,2019-07-21,The Rose Bowl,1,18.6,Hampshire,Kent,LA Dawson,CH Morris,FJ Klaassen,1,0,,,,,,,,,
1167141,2019,2019-07-21,The Rose Bowl,1,19.1,Hampshire,Kent,LA Dawson,CH Morris,AF Milne,1,0,,,,,,,,,
1167141,2019,2019-07-21,The Rose Bowl,1,19.2,Hampshire,Kent,CH Morris,LA Dawson,AF Milne,1,0,,,,,,,,,
1167141,2019,2019-07-21,The Rose Bowl,1,19.3,Hampshire,Kent,LA Dawson,CH Morris,AF Milne,2,0,,,,,,,,,
1167141,2019,2019-07-21,The Rose Bowl,1,19.4,Hampshire,Kent,LA Dawson,CH Morris,AF Milne,2,0,,,,,,,,,
1167141,2019,2019-07-21,The Rose Bowl,1,19.5,Hampshire,Kent,LA Dawson,CH Morris,AF Milne,0,0,,,,,,,,,
1167141,2019,2019-07-21,The Rose Bowl,1,19.6,Hampshire,Kent,LA Dawson,CH Morris,AF Milne,1,0,,,,,,,,,
1167141,2019,2019-07-21,The Rose Bowl,2,0.1,Kent,Hampshire,DJ Bell-Drummond,Z Crawley,CP Wood,0,0,,,,,,,,,
1167141,2019,2019-07-21,The Rose Bowl,2,0.2,Kent,Hampshire,DJ Bell-Drummond,Z Crawley,CP Wood,0,0,,,,,,,,,
1167141,2019,2019-07-21,The Rose Bowl,2,0.3,Kent,Hampshire,DJ Bell-Drummond,Z Crawley,CP Wood,2,0,,,,,,,,,
1167141,2019,2019-07-21,The Rose Bowl,2,0.4,Kent,Hampshire,DJ Bell-Drummond,Z Crawley,CP Wood,0,0,,,,,,,,,
1167141,2019,2019-07-21,The Rose Bowl,2,0.5,Kent,Hampshire,DJ Bell-Drummond,Z Crawley,CP Wood,0,0,,,,,,caught,DJ Bell-Drummond,,
1167141,2019,2019-07-21,The Rose Bowl,2,0.6,Kent,Hampshire,OG Robinson,Z Crawley,CP Wood,0,0,,,,,,,,,
1167141,2019,2019-07-21,The Rose Bowl,2,1.1,Kent,Hampshire,Z Crawley,OG Robinson,CH Morris,2,0,,,,,,,,,
1167141,2019,2019-07-21,The Rose Bowl,2,1.2,Kent,Hampshire,Z Crawley,OG Robinson,CH Morris,1,0,,,,,,,,,
1167141,2019,2019-07-21,The Rose Bowl,2,1.3,Kent,Hampshire,OG Robinson,Z Crawley,CH Morris,0,0,,,,,,,,,
1167141,2019,2019-07-21,The Rose Bowl,2,1.4,Kent,Hampshire,OG Robinson,Z Crawley,CH Morris,0,1,1,,,,,,,,
1167141,2019,2019-07-21,The Rose Bowl,2,1.5,Kent,Hampshire,OG Robinson,Z Crawley,CH Morris,0,0,,,,,,,,,
1167141,2019,2019-07-21,The Rose Bowl,2,1.6,Kent,Hampshire,OG Robinson,Z Crawley,CH Morris,4,0,,,,,,,,,
1167141,2019,2019-07-21,The Rose Bowl,2,1.7,Kent,Hampshire,OG Robinson,Z Crawley,CH Morris,2,0,,,,,,,,,
1167141,2019,2019-07-21,The Rose Bowl,2,2.1,Kent,Hampshire,Z Crawley,OG Robinson,CP Wood,1,0,,,,,,,,,
1167141,2019,2019-07-21,The Rose Bowl,2,2.2,Kent,Hampshire,OG Robinson,Z Crawley,CP Wood,0,0,,,,,,,,,
1167141,2019,2019-07-21,The Rose Bowl,2,2.3,Kent,Hampshire,OG Robinson,Z Crawley,CP Wood,4,0,,,,,,,,,
1167141,2019,2019-07-21,The Rose Bowl,2,2.4,Kent,Hampshire,OG Robinson,Z Crawley,CP Wood,2,0,,,,,,,,,
1167141,2019,2019-07-21,The Rose Bowl,2,2.5,Kent,Hampshire,OG Robinson,Z Crawley,CP Wood,1,0,,,,,,,,,
1167141,2019,2019-07-21,The Rose Bowl,2,2.6,Kent,Hampshire,Z Crawley,OG Robinson,CP Wood,0,0,,,,,,,,,
1167141,2019,2019-07-21,The Rose Bowl,2,3.1,Kent,Hampshire,OG Robinson,Z Crawley,LA Dawson,0,0,,,,,,,,,
1167141,2019,2019-07-21,The Rose Bowl,2,3.2,Kent,Hampshire,OG Robinson,Z Crawley,LA Dawson,0,0,,,,,,,,,
1167141,2019,2019-07-21,The Rose Bowl,2,3.3,Kent,Hampshire,OG Robinson,Z Crawley,LA Dawson,6,0,,,,,,,,,
1167141,2019,2019-07-21,The Rose Bowl,2,3.4,Kent,Hampshire,OG Robinson,Z Crawley,LA Dawson,1,0,,,,,,,,,
1167141,2019,2019-07-21,The Rose Bowl,2,3.5,Kent,Hampshire,Z Crawley,OG Robinson,LA Dawson,1,0,,,,,,,,,
1167141,2019,2019-07-21,The Rose Bowl,2,3.6,Kent,Hampshire,OG Robinson,Z Crawley,LA Dawson,0,0,,,,,,caught,OG Robinson,,
1167141,2019,2019-07-21,The Rose Bowl,2,4.1,Kent,Hampshire,Mohammad Nabi,Z Crawley,KJ Abbott,0,0,,,,,,,,,
1167141,2019,2019-07-21,The Rose Bowl,2,4.2,Kent,Hampshire,Mohammad Nabi,Z Crawley,KJ Abbott,0,0,,,,,,,,,
1167141,2019,2019-07-21,The Rose Bowl,2,4.3,Kent,Hampshire,Mohammad Nabi,Z Crawley,KJ Abbott,4,0,,,,,,,,,
1167141,2019,2019-07-21,The Rose Bowl,2,4.4,Kent,Hampshire,Mohammad Nabi,Z Crawley,KJ Abbott,0,0,,,,,,caught,Mohammad Nabi,,
1167141,2019,2019-07-21,The Rose Bowl,2,4.5,Kent,Hampshire,SR Dickson,Z Crawley,KJ Abbott,1,0,,,,,,,,,
1167141,2019,2019-07-21,The Rose Bowl,2,4.6,Kent,Hampshire,Z Crawley,SR Dickson,KJ Abbott,0,0,,,,,,,,,
1167141,2019,2019-07-21,The Rose Bowl,2,5.1,Kent,Hampshire,SR Dickson,Z Crawley,CH Morris,1,0,,,,,,,,,
1167141,2019,2019-07-21,The Rose Bowl,2,5.2,Kent,Hampshire,Z Crawley,SR Dickson,CH Morris,0,0,,,,,,,,,
1167141,2019,2019-07-21,The Rose Bowl,2,5.3,Kent,Hampshire,Z Crawley,SR Dickson,CH Morris,1,0,,,,,,,,,
1167141,2019,2019-07-21,The Rose Bowl,2,5.4,Kent,Hampshire,SR Dickson,Z Crawley,CH Morris,0,0,,,,,,,,,
1167141,2019,2019-07-21,The Rose Bowl,2,5.5,Kent,Hampshire,SR Dickson,Z Crawley,CH Morris,0,0,,,,,,,,,
1167141,2019,2019-07-21,The Rose Bowl,2,5.6,Kent,Hampshire,SR Dickson,Z Crawley,CH Morris,1,0,,,,,,,,,
1167141,2019,2019-07-21,The Rose Bowl,2,6.1,Kent,Hampshire,SR Dickson,Z Crawley,KJ Abbott,1,0,,,,,,,,,
1167141,2019,2019-07-21,The Rose Bowl,2,6.2,Kent,Hampshire,Z Crawley,SR Dickson,KJ Abbott,1,0,,,,,,,,,
1167141,2019,2019-07-21,The Rose Bowl,2,6.3,Kent,Hampshire,SR Dickson,Z Crawley,KJ Abbott,1,0,,,,,,,,,
1167141,2019,2019-07-21,The Rose Bowl,2,6.4,Kent,Hampshire,Z Crawley,SR Dickson,KJ Abbott,1,0,,,,,,,,,
1167141,2019,2019-07-21,The Rose Bowl,2,6.5,Kent,Hampshire,SR Dickson,Z Crawley,KJ Abbott,1,0,,,,,,,,,
1167141,2019,2019-07-21,The Rose Bowl,2,6.6,Kent,Hampshire,Z Crawley,SR Dickson,KJ Abbott,0,0,,,,,,caught,Z Crawley,,
1167141,2019,2019-07-21,The Rose Bowl,2,7.1,Kent,Hampshire,AJ Blake,SR Dickson,MS Crane,1,0,,,,,,,,,
1167141,2019,2019-07-21,The Rose Bowl,2,7.2,Kent,Hampshire,SR Dickson,AJ Blake,MS Crane,3,0,,,,,,,,,
1167141,2019,2019-07-21,The Rose Bowl,2,7.3,Kent,Hampshire,AJ Blake,SR Dickson,MS Crane,1,0,,,,,,,,,
1167141,2019,2019-07-21,The Rose Bowl,2,7.4,Kent,Hampshire,SR Dickson,AJ Blake,MS Crane,1,0,,,,,,,,,
1167141,2019,2019-07-21,The Rose Bowl,2,7.5,Kent,Hampshire,AJ Blake,SR Dickson,MS Crane,0,0,,,,,,,,,
1167141,2019,2019-07-21,The Rose Bowl,2,7.6,Kent,Hampshire,AJ Blake,SR Dickson,MS Crane,1,0,,,,,,,,,
1167141,2019,2019-07-21,The Rose Bowl,2,8.1,Kent,Hampshire,AJ Blake,SR Dickson,LA Dawson,0,0,,,,,,,,,
1167141,2019,2019-07-21,The Rose Bowl,2,8.2,Kent,Hampshire,AJ Blake,SR Dickson,LA Dawson,4,0,,,,,,,,,
1167141,2019,2019-07-21,The Rose Bowl,2,8.3,Kent,Hampshire,AJ Blake,SR Dickson,LA Dawson,0,0,,,,,,,,,
1167141,2019,2019-07-21,The Rose Bowl,2,8.4,Kent,Hampshire,AJ Blake,SR Dickson,LA Dawson,0,0,,,,,,,,,
1167141,2019,2019-07-21,The Rose Bowl,2,8.5,Kent,Hampshire,AJ Blake,SR Dickson,LA Dawson,1,0,,,,,,,,,
1167141,2019,2019-07-21,The Rose Bowl,2,8.6,Kent,Hampshire,SR Dickson,AJ Blake,LA Dawson,2,0,,,,,,,,,
1167141,2019,2019-07-21,The Rose Bowl,2,9.1,Kent,Hampshire,AJ Blake,SR Dickson,MS Crane,0,0,,,,,,,,,
1167141,2019,2019-07-21,The Rose Bowl,2,9.2,Kent,Hampshire,AJ Blake,SR Dickson,MS Crane,1,0,,,,,,,,,
1167141,2019,2019-07-21,The Rose Bowl,2,9.3,Kent,Hampshire,SR Dickson,AJ Blake,MS Crane,0,0,,,,,,,,,
1167141,2019,2019-07-21,The Rose Bowl,2,9.4,Kent,Hampshire,SR Dickson,AJ Blake,MS Crane,1,0,,,,,,,,,
1167141,2019,2019-07-21,The Rose Bowl,2,9.5,Kent,Hampshire,AJ Blake,SR Dickson,MS Crane,0,0,,,,,,,,,
1167141,2019,2019-07-21,The Rose Bowl,2,9.6,Kent,Hampshire,AJ Blake,SR Dickson,MS Crane,1,0,,,,,,,,,
1167141,2019,2019-07-21,The Rose Bowl,2,10.1,Kent,Hampshire,AJ Blake,SR Dickson,LA Dawson,1,0,,,,,,,,,
1167141,2019,2019-07-21,The Rose Bowl,2,10.2,Kent,Hampshire,SR Dickson,AJ Blake,LA Dawson,2,0,,,,,,,,,
1167141,2019,2019-07-21,The Rose Bowl,2,10.3,Kent,Hampshire,SR Dickson,AJ Blake,LA Dawson,1,0,,,,,,,,,
1167141,2019,2019-07-21,The Rose Bowl,2,10.4,Kent,Hampshire,AJ Blake,SR Dickson,LA Dawson,1,0,,,,,,,,,
1167141,2019,2019-07-21,The Rose Bowl,2,10.5,Kent,Hampshire,SR Dickson,AJ Blake,LA Dawson,0,0,,,,,,,,,
1167141,2019,2019-07-21,The Rose Bowl,2,10.6,Kent,Hampshire,SR Dickson,AJ Blake,LA Dawson,1,0,,,,,,,,,
1167141,2019,2019-07-21,The Rose Bowl,2,11.1,Kent,Hampshire,SR Dickson,AJ Blake,MS Crane,0,0,,,,,,stumped,SR Dickson,,
1167141,2019,2019-07-21,The Rose Bowl,2,11.2,Kent,Hampshire,JM Cox,AJ Blake,MS Crane,0,0,,,,,,,,,
1167141,2019,2019-07-21,The Rose Bowl,2,11.3,Kent,Hampshire,JM Cox,AJ Blake,MS Crane,0,0,,,,,,,,,
1167141,2019,2019-07-21,The Rose Bowl,2,11.4,Kent,Hampshire,JM Cox,AJ Blake,MS Crane,4,0,,,,,,,,,
1167141,2019,2019-07-21,The Rose Bowl,2,11.5,Kent,Hampshire,JM Cox,AJ Blake,MS Crane,1,0,,,,,,,,,
1167141,2019,2019-07-21,The Rose Bowl,2,11.6,Kent,Hampshire,AJ Blake,JM Cox,MS Crane,6,0,,,,,,,,,
1167141,2019,2019-07-21,The Rose Bowl,2,12.1,Kent,Hampshire,JM Cox,AJ Blake,CH Morris,0,0,,,,,,,,,
1167141,2019,2019-07-21,The Rose Bowl,2,12.2,Kent,Hampshire,JM Cox,AJ Blake,CH Morris,1,0,,,,,,,,,
1167141,2019,2019-07-21,The Rose Bowl,2,12.3,Kent,Hampshire,AJ Blake,JM Cox,CH Morris,4,0,,,,,,,,,
1167141,2019,2019-07-21,The Rose Bowl,2,12.4,Kent,Hampshire,AJ Blake,JM Cox,CH Morris,1,0,,,,,,,,,
1167141,2019,2019-07-21,The Rose Bowl,2,12.5,Kent,Hampshire,JM Cox,AJ Blake,CH Morris,1,0,,,,,,,,,
1167141,2019,2019-07-21,The Rose Bowl,2,12.6,Kent,Hampshire,AJ Blake,JM Cox,CH Morris,0,0,,,,,,,,,
1167141,2019,2019-07-21,The Rose Bowl,2,13.1,Kent,Hampshire,JM Cox,AJ Blake,MS Crane,1,0,,,,,,,,,
1167141,2019,2019-07-21,The Rose Bowl,2,13.2,Kent,Hampshire,AJ Blake,JM Cox,MS Crane,1,0,,,,,,,,,
1167141,2019,2019-07-21,The Rose Bowl,2,13.3,Kent,Hampshire,JM Cox,AJ Blake,MS Crane,1,0,,,,,,,,,
1167141,2019,2019-07-21,The Rose Bowl,2,13.4,Kent,Hampshire,AJ Blake,JM Cox,MS Crane,1,0,,,,,,,,,
1167141,2019,2019-07-21,The Rose Bowl,2,13.5,Kent,Hampshire,JM Cox,AJ Blake,MS Crane,1,0,,,,,,,,,
1167141,2019,2019-07-21,The Rose Bowl,2,13.6,Kent,Hampshire,AJ Blake,JM Cox,MS Crane,6,0,,,,,,,,,
1167141,2019,2019-07-21,The Rose Bowl,2,14.1,Kent,Hampshire,JM Cox,AJ Blake,LA Dawson,0,0,,,,,,lbw,JM Cox,,
1167141,2019,2019-07-21,The Rose Bowl,2,14.2,Kent,Hampshire,AF Milne,AJ Blake,LA Dawson,1,0,,,,,,,,,
1167141,2019,2019-07-21,The Rose Bowl,2,14.3,Kent,Hampshire,AJ Blake,AF Milne,LA Dawson,1,0,,,,,,,,,
1167141,2019,2019-07-21,The Rose Bowl,2,14.4,Kent,Hampshire,AF Milne,AJ Blake,LA Dawson,1,0,,,,,,,,,
1167141,2019,2019-07-21,The Rose Bowl,2,14.5,Kent,Hampshire,AJ Blake,AF Milne,LA Dawson,1,0,,,,,,,,,
1167141,2019,2019-07-21,The Rose Bowl,2,14.6,Kent,Hampshire,AF Milne,AJ Blake,LA Dawson,0,0,,,,,,,,,
1167141,2019,2019-07-21,The Rose Bowl,2,15.1,Kent,Hampshire,AJ Blake,AF Milne,CP Wood,0,0,,,,,,,,,
1167141,2019,2019-07-21,The Rose Bowl,2,15.2,Kent,Hampshire,AJ Blake,AF Milne,CP Wood,1,0,,,,,,,,,
1167141,2019,2019-07-21,The Rose Bowl,2,15.3,Kent,Hampshire,AF Milne,AJ Blake,CP Wood,2,0,,,,,,,,,
1167141,2019,2019-07-21,The Rose Bowl,2,15.4,Kent,Hampshire,AF Milne,AJ Blake,CP Wood,6,0,,,,,,,,,
1167141,2019,2019-07-21,The Rose Bowl,2,15.5,Kent,Hampshire,AF Milne,AJ Blake,CP Wood,0,0,,,,,,,,,
1167141,2019,2019-07-21,The Rose Bowl,2,15.6,Kent,Hampshire,AF Milne,AJ Blake,CP Wood,2,0,,,,,,,,,
1167141,2019,2019-07-21,The Rose Bowl,2,16.1,Kent,Hampshire,AJ Blake,AF Milne,KJ Abbott,0,0,,,,,,,,,
1167141,2019,2019-07-21,The Rose Bowl,2,16.2,Kent,Hampshire,AJ Blake,AF Milne,KJ Abbott,1,0,,,,,,,,,
1167141,2019,2019-07-21,The Rose Bowl,2,16.3,Kent,Hampshire,AF Milne,AJ Blake,KJ Abbott,4,0,,,,,,,,,
1167141,2019,2019-07-21,The Rose Bowl,2,16.4,Kent,Hampshire,AF Milne,AJ Blake,KJ Abbott,0,0,,,,,,bowled,AF Milne,,
1167141,2019,2019-07-21,The Rose Bowl,2,16.5,Kent,Hampshire,GC Viljoen,AJ Blake,KJ Abbott,2,0,,,,,,,,,
1167141,2019,2019-07-21,The Rose Bowl,2,16.6,Kent,Hampshire,GC Viljoen,AJ Blake,KJ Abbott,1,0,,,,,,,,,
1167141,2019,2019-07-21,The Rose Bowl,2,17.1,Kent,Hampshire,GC Viljoen,AJ Blake,CH Morris,4,0,,,,,,,,,
1167141,2019,2019-07-21,The Rose Bowl,2,17.2,Kent,Hampshire,GC Viljoen,AJ Blake,CH Morris,0,0,,,,,,,,,
1167141,2019,2019-07-21,The Rose Bowl,2,17.3,Kent,Hampshire,GC Viljoen,AJ Blake,CH Morris,2,0,,,,,,,,,
1167141,2019,2019-07-21,The Rose Bowl,2,17.4,Kent,Hampshire,GC Viljoen,AJ Blake,CH Morris,0,0,,,,,,caught and bowled,GC Viljoen,,
1167141,2019,2019-07-21,The Rose Bowl,2,17.5,Kent,Hampshire,AJ Blake,Imran Qayyum,CH Morris,2,0,,,,,,,,,
1167141,2019,2019-07-21,The Rose Bowl,2,17.6,Kent,Hampshire,AJ Blake,Imran Qayyum,CH Morris,1,0,,,,,,,,,
1167141,2019,2019-07-21,The Rose Bowl,2,18.1,Kent,Hampshire,AJ Blake,Imran Qayyum,KJ Abbott,1,0,,,,,,,,,
1167141,2019,2019-07-21,The Rose Bowl,2,18.2,Kent,Hampshire,Imran Qayyum,AJ Blake,KJ Abbott,0,0,,,,,,,,,
1167141,2019,2019-07-21,The Rose Bowl,2,18.3,Kent,Hampshire,Imran Qayyum,AJ Blake,KJ Abbott,0,1,,,,1,,,,,
1167141,2019,2019-07-21,The Rose Bowl,2,18.4,Kent,Hampshire,AJ Blake,Imran Qayyum,KJ Abbott,1,0,,,,,,,,,
1167141,2019,2019-07-21,The Rose Bowl,2,18.5,Kent,Hampshire,Imran Qayyum,AJ Blake,KJ Abbott,1,0,,,,,,,,,
1167141,2019,2019-07-21,The Rose Bowl,2,18.6,Kent,Hampshire,AJ Blake,Imran Qayyum,KJ Abbott,1,0,,,,,,,,,
1167141,2019,2019-07-21,The Rose Bowl,2,19.1,Kent,Hampshire,AJ Blake,Imran Qayyum,CP Wood,2,0,,,,,,,,,
1167141,2019,2019-07-21,The Rose Bowl,2,19.2,Kent,Hampshire,AJ Blake,Imran Qayyum,CP Wood,2,0,,,,,,,,,
1167141,2019,2019-07-21,The Rose Bowl,2,19.3,Kent,Hampshire,AJ Blake,Imran Qayyum,CP Wood,0,0,,,,,,,,,
1167141,2019,2019-07-21,The Rose Bowl,2,19.4,Kent,Hampshire,AJ Blake,Imran Qayyum,CP Wood,6,0,,,,,,,,,
1167141,2019,2019-07-21,The Rose Bowl,2,19.5,Kent,Hampshire,AJ Blake,Imran Qayyum,CP Wood,6,0,,,,,,,,,
