match_id,season,start_date,venue,innings,ball,batting_team,bowling_team,striker,non_striker,bowler,runs_off_bat,extras,wides,noballs,byes,legbyes,penalty,wicket_type,player_dismissed,other_wicket_type,other_player_dismissed
1167198,2019,2019-08-10,The Cooper Associates County Ground,1,0.1,Somerset,Kent,T Banton,Babar Azam,AF Milne,0,5,5,,,,,,,,
1167198,2019,2019-08-10,The Cooper Associates County Ground,1,0.2,Somerset,Kent,T Banton,Babar Azam,AF Milne,4,0,,,,,,,,,
1167198,2019,2019-08-10,The Cooper Associates County Ground,1,0.3,Somerset,Kent,T Banton,Babar Azam,AF Milne,0,0,,,,,,,,,
1167198,2019,2019-08-10,The Cooper Associates County Ground,1,0.4,Somerset,Kent,T Banton,Babar Azam,AF Milne,4,0,,,,,,,,,
1167198,2019,2019-08-10,The Cooper Associates County Ground,1,0.5,Somerset,Kent,T Banton,Babar Azam,AF Milne,0,0,,,,,,,,,
1167198,2019,2019-08-10,The Cooper Associates County Ground,1,0.6,Somerset,Kent,T Banton,Babar Azam,AF Milne,0,0,,,,,,,,,
1167198,2019,2019-08-10,The Cooper Associates County Ground,1,0.7,Somerset,Kent,T Banton,Babar Azam,AF Milne,1,0,,,,,,,,,
1167198,2019,2019-08-10,The Cooper Associates County Ground,1,1.1,Somerset,Kent,T Banton,Babar Azam,Mohammad Nabi,1,0,,,,,,,,,
1167198,2019,2019-08-10,The Cooper Associates County Ground,1,1.2,Somerset,Kent,Babar Azam,T Banton,Mohammad Nabi,0,0,,,,,,,,,
1167198,2019,2019-08-10,The Cooper Associates County Ground,1,1.3,Somerset,Kent,Babar Azam,T Banton,Mohammad Nabi,0,0,,,,,,,,,
1167198,2019,2019-08-10,The Cooper Associates County Ground,1,1.4,Somerset,Kent,Babar Azam,T Banton,Mohammad Nabi,2,0,,,,,,,,,
1167198,2019,2019-08-10,The Cooper Associates County Ground,1,1.5,Somerset,Kent,Babar Azam,T Banton,Mohammad Nabi,4,0,,,,,,,,,
1167198,2019,2019-08-10,The Cooper Associates County Ground,1,1.6,Somerset,Kent,Babar Azam,T Banton,Mohammad Nabi,0,0,,,,,,,,,
1167198,2019,2019-08-10,The Cooper Associates County Ground,1,2.1,Somerset,Kent,T Banton,Babar Azam,GC Viljoen,1,0,,,,,,,,,
1167198,2019,2019-08-10,The Cooper Associates County Ground,1,2.2,Somerset,Kent,Babar Azam,T Banton,GC Viljoen,0,0,,,,,,,,,
1167198,2019,2019-08-10,The Cooper Associates County Ground,1,2.3,Somerset,Kent,Babar Azam,T Banton,GC Viljoen,0,0,,,,,,,,,
1167198,2019,2019-08-10,The Cooper Associates County Ground,1,2.4,Somerset,Kent,Babar Azam,T Banton,GC Viljoen,0,0,,,,,,,,,
1167198,2019,2019-08-10,The Cooper Associates County Ground,1,2.5,Somerset,Kent,Babar Azam,T Banton,GC Viljoen,2,0,,,,,,,,,
1167198,2019,2019-08-10,The Cooper Associates County Ground,1,2.6,Somerset,Kent,Babar Azam,T Banton,GC Viljoen,1,0,,,,,,run out,Babar Azam,,
1167198,2019,2019-08-10,The Cooper Associates County Ground,1,3.1,Somerset,Kent,T Banton,JC Hildreth,FJ Klaassen,4,0,,,,,,,,,
1167198,2019,2019-08-10,The Cooper Associates County Ground,1,3.2,Somerset,Kent,T Banton,JC Hildreth,FJ Klaassen,0,1,1,,,,,,,,
1167198,2019,2019-08-10,The Cooper Associates County Ground,1,3.3,Somerset,Kent,T Banton,JC Hildreth,FJ Klaassen,0,0,,,,,,,,,
1167198,2019,2019-08-10,The Cooper Associates County Ground,1,3.4,Somerset,Kent,T Banton,JC Hildreth,FJ Klaassen,4,0,,,,,,,,,
1167198,2019,2019-08-10,The Cooper Associates County Ground,1,3.5,Somerset,Kent,T Banton,JC Hildreth,FJ Klaassen,4,0,,,,,,,,,
1167198,2019,2019-08-10,The Cooper Associates County Ground,1,3.6,Somerset,Kent,T Banton,JC Hildreth,FJ Klaassen,1,0,,,,,,,,,
1167198,2019,2019-08-10,The Cooper Associates County Ground,1,3.7,Somerset,Kent,JC Hildreth,T Banton,FJ Klaassen,1,0,,,,,,,,,
1167198,2019,2019-08-10,The Cooper Associates County Ground,1,4.1,Somerset,Kent,JC Hildreth,T Banton,GC Viljoen,0,0,,,,,,,,,
1167198,2019,2019-08-10,The Cooper Associates County Ground,1,4.2,Somerset,Kent,JC Hildreth,T Banton,GC Viljoen,0,0,,,,,,,,,
1167198,2019,2019-08-10,The Cooper Associates County Ground,1,4.3,Somerset,Kent,JC Hildreth,T Banton,GC Viljoen,0,0,,,,,,,,,
1167198,2019,2019-08-10,The Cooper Associates County Ground,1,4.4,Somerset,Kent,JC Hildreth,T Banton,GC Viljoen,0,0,,,,,,,,,
1167198,2019,2019-08-10,The Cooper Associates County Ground,1,4.5,Somerset,Kent,JC Hildreth,T Banton,GC Viljoen,1,0,,,,,,,,,
1167198,2019,2019-08-10,The Cooper Associates County Ground,1,4.6,Somerset,Kent,T Banton,JC Hildreth,GC Viljoen,1,0,,,,,,,,,
1167198,2019,2019-08-10,The Cooper Associates County Ground,1,5.1,Somerset,Kent,T Banton,JC Hildreth,AF Milne,0,0,,,,,,,,,
1167198,2019,2019-08-10,The Cooper Associates County Ground,1,5.2,Somerset,Kent,T Banton,JC Hildreth,AF Milne,0,0,,,,,,,,,
1167198,2019,2019-08-10,The Cooper Associates County Ground,1,5.3,Somerset,Kent,T Banton,JC Hildreth,AF Milne,0,0,,,,,,,,,
1167198,2019,2019-08-10,The Cooper Associates County Ground,1,5.4,Somerset,Kent,T Banton,JC Hildreth,AF Milne,4,0,,,,,,,,,
1167198,2019,2019-08-10,The Cooper Associates County Ground,1,5.5,Somerset,Kent,T Banton,JC Hildreth,AF Milne,4,0,,,,,,,,,
1167198,2019,2019-08-10,The Cooper Associates County Ground,1,5.6,Somerset,Kent,T Banton,JC Hildreth,AF Milne,1,0,,,,,,,,,
1167198,2019,2019-08-10,The Cooper Associates County Ground,1,6.1,Somerset,Kent,T Banton,JC Hildreth,ME Claydon,1,0,,,,,,,,,
1167198,2019,2019-08-10,The Cooper Associates County Ground,1,6.2,Somerset,Kent,JC Hildreth,T Banton,ME Claydon,1,0,,,,,,,,,
1167198,2019,2019-08-10,The Cooper Associates County Ground,1,6.3,Somerset,Kent,T Banton,JC Hildreth,ME Claydon,1,0,,,,,,,,,
1167198,2019,2019-08-10,The Cooper Associates County Ground,1,6.4,Somerset,Kent,JC Hildreth,T Banton,ME Claydon,0,0,,,,,,,,,
1167198,2019,2019-08-10,The Cooper Associates County Ground,1,6.5,Somerset,Kent,JC Hildreth,T Banton,ME Claydon,4,0,,,,,,,,,
1167198,2019,2019-08-10,The Cooper Associates County Ground,1,6.6,Somerset,Kent,JC Hildreth,T Banton,ME Claydon,0,0,,,,,,,,,
1167198,2019,2019-08-10,The Cooper Associates County Ground,1,7.1,Somerset,Kent,T Banton,JC Hildreth,Mohammad Nabi,6,0,,,,,,,,,
1167198,2019,2019-08-10,The Cooper Associates County Ground,1,7.2,Somerset,Kent,T Banton,JC Hildreth,Mohammad Nabi,3,0,,,,,,,,,
1167198,2019,2019-08-10,The Cooper Associates County Ground,1,7.3,Somerset,Kent,JC Hildreth,T Banton,Mohammad Nabi,0,0,,,,,,lbw,JC Hildreth,,
1167198,2019,2019-08-10,The Cooper Associates County Ground,1,7.4,Somerset,Kent,TB Abell,T Banton,Mohammad Nabi,1,0,,,,,,,,,
1167198,2019,2019-08-10,The Cooper Associates County Ground,1,7.5,Somerset,Kent,T Banton,TB Abell,Mohammad Nabi,1,0,,,,,,,,,
1167198,2019,2019-08-10,The Cooper Associates County Ground,1,7.6,Somerset,Kent,TB Abell,T Banton,Mohammad Nabi,0,0,,,,,,,,,
1167198,2019,2019-08-10,The Cooper Associates County Ground,1,8.1,Somerset,Kent,T Banton,TB Abell,ME Claydon,1,0,,,,,,,,,
1167198,2019,2019-08-10,The Cooper Associates County Ground,1,8.2,Somerset,Kent,TB Abell,T Banton,ME Claydon,1,0,,,,,,,,,
1167198,2019,2019-08-10,The Cooper Associates County Ground,1,8.3,Somerset,Kent,T Banton,TB Abell,ME Claydon,6,0,,,,,,,,,
1167198,2019,2019-08-10,The Cooper Associates County Ground,1,8.4,Somerset,Kent,T Banton,TB Abell,ME Claydon,1,0,,,,,,,,,
1167198,2019,2019-08-10,The Cooper Associates County Ground,1,8.5,Somerset,Kent,TB Abell,T Banton,ME Claydon,1,0,,,,,,,,,
1167198,2019,2019-08-10,The Cooper Associates County Ground,1,8.6,Somerset,Kent,T Banton,TB Abell,ME Claydon,1,0,,,,,,,,,
1167198,2019,2019-08-10,The Cooper Associates County Ground,1,9.1,Somerset,Kent,T Banton,TB Abell,FJ Klaassen,1,0,,,,,,,,,
1167198,2019,2019-08-10,The Cooper Associates County Ground,1,9.2,Somerset,Kent,TB Abell,T Banton,FJ Klaassen,0,0,,,,,,,,,
1167198,2019,2019-08-10,The Cooper Associates County Ground,1,9.3,Somerset,Kent,TB Abell,T Banton,FJ Klaassen,2,0,,,,,,,,,
1167198,2019,2019-08-10,The Cooper Associates County Ground,1,9.4,Somerset,Kent,TB Abell,T Banton,FJ Klaassen,0,0,,,,,,,,,
1167198,2019,2019-08-10,The Cooper Associates County Ground,1,9.5,Somerset,Kent,TB Abell,T Banton,FJ Klaassen,4,0,,,,,,,,,
1167198,2019,2019-08-10,The Cooper Associates County Ground,1,9.6,Somerset,Kent,TB Abell,T Banton,FJ Klaassen,4,0,,,,,,,,,
1167198,2019,2019-08-10,The Cooper Associates County Ground,1,10.1,Somerset,Kent,T Banton,TB Abell,GC Viljoen,1,0,,,,,,,,,
1167198,2019,2019-08-10,The Cooper Associates County Ground,1,10.2,Somerset,Kent,TB Abell,T Banton,GC Viljoen,6,0,,,,,,,,,
1167198,2019,2019-08-10,The Cooper Associates County Ground,1,10.3,Somerset,Kent,TB Abell,T Banton,GC Viljoen,1,0,,,,,,,,,
1167198,2019,2019-08-10,The Cooper Associates County Ground,1,10.4,Somerset,Kent,T Banton,TB Abell,GC Viljoen,1,0,,,,,,,,,
1167198,2019,2019-08-10,The Cooper Associates County Ground,1,10.5,Somerset,Kent,TB Abell,T Banton,GC Viljoen,1,0,,,,,,,,,
1167198,2019,2019-08-10,The Cooper Associates County Ground,1,10.6,Somerset,Kent,T Banton,TB Abell,GC Viljoen,1,0,,,,,,,,,
1167198,2019,2019-08-10,The Cooper Associates County Ground,1,11.1,Somerset,Kent,T Banton,TB Abell,Mohammad Nabi,2,0,,,,,,,,,
1167198,2019,2019-08-10,The Cooper Associates County Ground,1,11.2,Somerset,Kent,T Banton,TB Abell,Mohammad Nabi,4,0,,,,,,,,,
1167198,2019,2019-08-10,The Cooper Associates County Ground,1,11.3,Somerset,Kent,T Banton,TB Abell,Mohammad Nabi,2,0,,,,,,,,,
1167198,2019,2019-08-10,The Cooper Associates County Ground,1,11.4,Somerset,Kent,T Banton,TB Abell,Mohammad Nabi,6,0,,,,,,,,,
1167198,2019,2019-08-10,The Cooper Associates County Ground,1,11.5,Somerset,Kent,T Banton,TB Abell,Mohammad Nabi,2,0,,,,,,,,,
1167198,2019,2019-08-10,The Cooper Associates County Ground,1,11.6,Somerset,Kent,T Banton,TB Abell,Mohammad Nabi,1,0,,,,,,,,,
1167198,2019,2019-08-10,The Cooper Associates County Ground,1,12.1,Somerset,Kent,T Banton,TB Abell,ME Claydon,4,0,,,,,,,,,
1167198,2019,2019-08-10,The Cooper Associates County Ground,1,12.2,Somerset,Kent,T Banton,TB Abell,ME Claydon,0,1,,,,1,,,,,
1167198,2019,2019-08-10,The Cooper Associates County Ground,1,12.3,Somerset,Kent,TB Abell,T Banton,ME Claydon,4,0,,,,,,,,,
1167198,2019,2019-08-10,The Cooper Associates County Ground,1,12.4,Somerset,Kent,TB Abell,T Banton,ME Claydon,1,0,,,,,,,,,
1167198,2019,2019-08-10,The Cooper Associates County Ground,1,12.5,Somerset,Kent,T Banton,TB Abell,ME Claydon,1,0,,,,,,,,,
1167198,2019,2019-08-10,The Cooper Associates County Ground,1,12.6,Somerset,Kent,TB Abell,T Banton,ME Claydon,4,0,,,,,,,,,
1167198,2019,2019-08-10,The Cooper Associates County Ground,1,13.1,Somerset,Kent,T Banton,TB Abell,FJ Klaassen,1,0,,,,,,,,,
1167198,2019,2019-08-10,The Cooper Associates County Ground,1,13.2,Somerset,Kent,TB Abell,T Banton,FJ Klaassen,1,0,,,,,,,,,
1167198,2019,2019-08-10,The Cooper Associates County Ground,1,13.3,Somerset,Kent,T Banton,TB Abell,FJ Klaassen,6,0,,,,,,,,,
1167198,2019,2019-08-10,The Cooper Associates County Ground,1,13.4,Somerset,Kent,T Banton,TB Abell,FJ Klaassen,1,0,,,,,,,,,
1167198,2019,2019-08-10,The Cooper Associates County Ground,1,13.5,Somerset,Kent,TB Abell,T Banton,FJ Klaassen,1,0,,,,,,,,,
1167198,2019,2019-08-10,The Cooper Associates County Ground,1,13.6,Somerset,Kent,T Banton,TB Abell,FJ Klaassen,1,0,,,,,,,,,
1167198,2019,2019-08-10,The Cooper Associates County Ground,1,14.1,Somerset,Kent,T Banton,TB Abell,DJ Bell-Drummond,1,0,,,,,,,,,
1167198,2019,2019-08-10,The Cooper Associates County Ground,1,14.2,Somerset,Kent,TB Abell,T Banton,DJ Bell-Drummond,1,0,,,,,,,,,
1167198,2019,2019-08-10,The Cooper Associates County Ground,1,14.3,Somerset,Kent,T Banton,TB Abell,DJ Bell-Drummond,1,0,,,,,,,,,
1167198,2019,2019-08-10,The Cooper Associates County Ground,1,14.4,Somerset,Kent,TB Abell,T Banton,DJ Bell-Drummond,1,0,,,,,,,,,
1167198,2019,2019-08-10,The Cooper Associates County Ground,1,14.5,Somerset,Kent,T Banton,TB Abell,DJ Bell-Drummond,1,0,,,,,,,,,
1167198,2019,2019-08-10,The Cooper Associates County Ground,1,14.6,Somerset,Kent,TB Abell,T Banton,DJ Bell-Drummond,1,0,,,,,,,,,
1167198,2019,2019-08-10,The Cooper Associates County Ground,1,15.1,Somerset,Kent,TB Abell,T Banton,Mohammad Nabi,2,0,,,,,,,,,
1167198,2019,2019-08-10,The Cooper Associates County Ground,1,15.2,Somerset,Kent,TB Abell,T Banton,Mohammad Nabi,2,0,,,,,,,,,
1167198,2019,2019-08-10,The Cooper Associates County Ground,1,15.3,Somerset,Kent,TB Abell,T Banton,Mohammad Nabi,0,1,,,1,,,,,,
1167198,2019,2019-08-10,The Cooper Associates County Ground,1,15.4,Somerset,Kent,T Banton,TB Abell,Mohammad Nabi,1,0,,,,,,,,,
1167198,2019,2019-08-10,The Cooper Associates County Ground,1,15.5,Somerset,Kent,TB Abell,T Banton,Mohammad Nabi,4,0,,,,,,,,,
1167198,2019,2019-08-10,The Cooper Associates County Ground,1,15.6,Somerset,Kent,TB Abell,T Banton,Mohammad Nabi,2,0,,,,,,,,,
1167198,2019,2019-08-10,The Cooper Associates County Ground,1,16.1,Somerset,Kent,T Banton,TB Abell,DJ Bell-Drummond,6,0,,,,,,,,,
1167198,2019,2019-08-10,The Cooper Associates County Ground,1,16.2,Somerset,Kent,T Banton,TB Abell,DJ Bell-Drummond,0,0,,,,,,caught,T Banton,,
1167198,2019,2019-08-10,The Cooper Associates County Ground,1,16.3,Somerset,Kent,TB Abell,EJ Byrom,DJ Bell-Drummond,1,0,,,,,,,,,
1167198,2019,2019-08-10,The Cooper Associates County Ground,1,16.4,Somerset,Kent,EJ Byrom,TB Abell,DJ Bell-Drummond,4,0,,,,,,,,,
1167198,2019,2019-08-10,The Cooper Associates County Ground,1,16.5,Somerset,Kent,EJ Byrom,TB Abell,DJ Bell-Drummond,0,0,,,,,,lbw,EJ Byrom,,
1167198,2019,2019-08-10,The Cooper Associates County Ground,1,16.6,Somerset,Kent,TA Lammonby,TB Abell,DJ Bell-Drummond,2,0,,,,,,,,,
1167198,2019,2019-08-10,The Cooper Associates County Ground,1,17.1,Somerset,Kent,TB Abell,TA Lammonby,AF Milne,1,0,,,,,,,,,
1167198,2019,2019-08-10,The Cooper Associates County Ground,1,17.2,Somerset,Kent,TA Lammonby,TB Abell,AF Milne,0,0,,,,,,,,,
1167198,2019,2019-08-10,The Cooper Associates County Ground,1,17.3,Somerset,Kent,TA Lammonby,TB Abell,AF Milne,0,1,,,,1,,,,,
1167198,2019,2019-08-10,The Cooper Associates County Ground,1,17.4,Somerset,Kent,TB Abell,TA Lammonby,AF Milne,1,0,,,,,,,,,
1167198,2019,2019-08-10,The Cooper Associates County Ground,1,17.5,Somerset,Kent,TA Lammonby,TB Abell,AF Milne,0,0,,,,,,bowled,TA Lammonby,,
1167198,2019,2019-08-10,The Cooper Associates County Ground,1,17.6,Somerset,Kent,RE van der Merwe,TB Abell,AF Milne,0,0,,,,,,,,,
1167198,2019,2019-08-10,The Cooper Associates County Ground,1,18.1,Somerset,Kent,TB Abell,RE van der Merwe,GC Viljoen,2,0,,,,,,,,,
1167198,2019,2019-08-10,The Cooper Associates County Ground,1,18.2,Somerset,Kent,TB Abell,RE van der Merwe,GC Viljoen,6,0,,,,,,,,,
1167198,2019,2019-08-10,The Cooper Associates County Ground,1,18.3,Somerset,Kent,TB Abell,RE van der Merwe,GC Viljoen,3,0,,,,,,,,,
1167198,2019,2019-08-10,The Cooper Associates County Ground,1,18.4,Somerset,Kent,RE van der Merwe,TB Abell,GC Viljoen,1,0,,,,,,,,,
1167198,2019,2019-08-10,The Cooper Associates County Ground,1,18.5,Somerset,Kent,TB Abell,RE van der Merwe,GC Viljoen,4,0,,,,,,,,,
1167198,2019,2019-08-10,The Cooper Associates County Ground,1,18.6,Somerset,Kent,TB Abell,RE van der Merwe,GC Viljoen,0,0,,,,,,caught,TB Abell,,
1167198,2019,2019-08-10,The Cooper Associates County Ground,1,19.1,Somerset,Kent,C Overton,RE van der Merwe,AF Milne,6,0,,,,,,,,,
1167198,2019,2019-08-10,The Cooper Associates County Ground,1,19.2,Somerset,Kent,C Overton,RE van der Merwe,AF Milne,1,0,,,,,,,,,
1167198,2019,2019-08-10,The Cooper Associates County Ground,1,19.3,Somerset,Kent,RE van der Merwe,C Overton,AF Milne,0,1,1,,,,,run out,C Overton,,
1167198,2019,2019-08-10,The Cooper Associates County Ground,1,19.4,Somerset,Kent,RE van der Merwe,TD Groenewald,AF Milne,1,0,,,,,,,,,
1167198,2019,2019-08-10,The Cooper Associates County Ground,1,19.5,Somerset,Kent,TD Groenewald,RE van der Merwe,AF Milne,0,0,,,,,,bowled,TD Groenewald,,
1167198,2019,2019-08-10,The Cooper Associates County Ground,1,19.6,Somerset,Kent,JE Taylor,RE van der Merwe,AF Milne,1,0,,,,,,,,,
1167198,2019,2019-08-10,The Cooper Associates County Ground,1,19.7,Somerset,Kent,RE van der Merwe,JE Taylor,AF Milne,0,1,,,1,,,,,,
1167198,2019,2019-08-10,The Cooper Associates County Ground,2,0.1,Kent,Somerset,DJ Bell-Drummond,Z Crawley,MTC Waller,1,0,,,,,,,,,
1167198,2019,2019-08-10,The Cooper Associates County Ground,2,0.2,Kent,Somerset,Z Crawley,DJ Bell-Drummond,MTC Waller,0,0,,,,,,,,,
1167198,2019,2019-08-10,The Cooper Associates County Ground,2,0.3,Kent,Somerset,Z Crawley,DJ Bell-Drummond,MTC Waller,0,0,,,,,,,,,
1167198,2019,2019-08-10,The Cooper Associates County Ground,2,0.4,Kent,Somerset,Z Crawley,DJ Bell-Drummond,MTC Waller,0,0,,,,,,,,,
1167198,2019,2019-08-10,The Cooper Associates County Ground,2,0.5,Kent,Somerset,Z Crawley,DJ Bell-Drummond,MTC Waller,2,0,,,,,,,,,
1167198,2019,2019-08-10,The Cooper Associates County Ground,2,0.6,Kent,Somerset,Z Crawley,DJ Bell-Drummond,MTC Waller,2,0,,,,,,,,,
1167198,2019,2019-08-10,The Cooper Associates County Ground,2,1.1,Kent,Somerset,DJ Bell-Drummond,Z Crawley,JE Taylor,0,0,,,,,,,,,
1167198,2019,2019-08-10,The Cooper Associates County Ground,2,1.2,Kent,Somerset,DJ Bell-Drummond,Z Crawley,JE Taylor,1,0,,,,,,,,,
1167198,2019,2019-08-10,The Cooper Associates County Ground,2,1.3,Kent,Somerset,Z Crawley,DJ Bell-Drummond,JE Taylor,0,0,,,,,,,,,
1167198,2019,2019-08-10,The Cooper Associates County Ground,2,1.4,Kent,Somerset,Z Crawley,DJ Bell-Drummond,JE Taylor,2,0,,,,,,,,,
1167198,2019,2019-08-10,The Cooper Associates County Ground,2,1.5,Kent,Somerset,Z Crawley,DJ Bell-Drummond,JE Taylor,0,0,,,,,,,,,
1167198,2019,2019-08-10,The Cooper Associates County Ground,2,1.6,Kent,Somerset,Z Crawley,DJ Bell-Drummond,JE Taylor,1,0,,,,,,,,,
1167198,2019,2019-08-10,The Cooper Associates County Ground,2,2.1,Kent,Somerset,Z Crawley,DJ Bell-Drummond,C Overton,0,0,,,,,,,,,
1167198,2019,2019-08-10,The Cooper Associates County Ground,2,2.2,Kent,Somerset,Z Crawley,DJ Bell-Drummond,C Overton,0,0,,,,,,,,,
1167198,2019,2019-08-10,The Cooper Associates County Ground,2,2.3,Kent,Somerset,Z Crawley,DJ Bell-Drummond,C Overton,2,0,,,,,,,,,
1167198,2019,2019-08-10,The Cooper Associates County Ground,2,2.4,Kent,Somerset,Z Crawley,DJ Bell-Drummond,C Overton,4,0,,,,,,,,,
1167198,2019,2019-08-10,The Cooper Associates County Ground,2,2.5,Kent,Somerset,Z Crawley,DJ Bell-Drummond,C Overton,0,0,,,,,,,,,
1167198,2019,2019-08-10,The Cooper Associates County Ground,2,2.6,Kent,Somerset,Z Crawley,DJ Bell-Drummond,C Overton,0,0,,,,,,,,,
1167198,2019,2019-08-10,The Cooper Associates County Ground,2,3.1,Kent,Somerset,DJ Bell-Drummond,Z Crawley,TD Groenewald,1,0,,,,,,,,,
1167198,2019,2019-08-10,The Cooper Associates County Ground,2,3.2,Kent,Somerset,Z Crawley,DJ Bell-Drummond,TD Groenewald,1,0,,,,,,,,,
1167198,2019,2019-08-10,The Cooper Associates County Ground,2,3.3,Kent,Somerset,DJ Bell-Drummond,Z Crawley,TD Groenewald,4,0,,,,,,,,,
1167198,2019,2019-08-10,The Cooper Associates County Ground,2,3.4,Kent,Somerset,DJ Bell-Drummond,Z Crawley,TD Groenewald,6,0,,,,,,,,,
1167198,2019,2019-08-10,The Cooper Associates County Ground,2,3.5,Kent,Somerset,DJ Bell-Drummond,Z Crawley,TD Groenewald,1,0,,,,,,,,,
1167198,2019,2019-08-10,The Cooper Associates County Ground,2,3.6,Kent,Somerset,Z Crawley,DJ Bell-Drummond,TD Groenewald,1,0,,,,,,,,,
1167198,2019,2019-08-10,The Cooper Associates County Ground,2,4.1,Kent,Somerset,Z Crawley,DJ Bell-Drummond,C Overton,4,0,,,,,,,,,
1167198,2019,2019-08-10,The Cooper Associates County Ground,2,4.2,Kent,Somerset,Z Crawley,DJ Bell-Drummond,C Overton,6,0,,,,,,,,,
1167198,2019,2019-08-10,The Cooper Associates County Ground,2,4.3,Kent,Somerset,Z Crawley,DJ Bell-Drummond,C Overton,4,0,,,,,,,,,
1167198,2019,2019-08-10,The Cooper Associates County Ground,2,4.4,Kent,Somerset,Z Crawley,DJ Bell-Drummond,C Overton,1,0,,,,,,,,,
1167198,2019,2019-08-10,The Cooper Associates County Ground,2,4.5,Kent,Somerset,DJ Bell-Drummond,Z Crawley,C Overton,1,0,,,,,,,,,
1167198,2019,2019-08-10,The Cooper Associates County Ground,2,4.6,Kent,Somerset,Z Crawley,DJ Bell-Drummond,C Overton,1,0,,,,,,,,,
1167198,2019,2019-08-10,The Cooper Associates County Ground,2,5.1,Kent,Somerset,Z Crawley,DJ Bell-Drummond,JE Taylor,4,0,,,,,,,,,
1167198,2019,2019-08-10,The Cooper Associates County Ground,2,5.2,Kent,Somerset,Z Crawley,DJ Bell-Drummond,JE Taylor,0,0,,,,,,caught,Z Crawley,,
1167198,2019,2019-08-10,The Cooper Associates County Ground,2,5.3,Kent,Somerset,HG Kuhn,DJ Bell-Drummond,JE Taylor,0,0,,,,,,,,,
1167198,2019,2019-08-10,The Cooper Associates County Ground,2,5.4,Kent,Somerset,HG Kuhn,DJ Bell-Drummond,JE Taylor,0,1,,,,1,,,,,
1167198,2019,2019-08-10,The Cooper Associates County Ground,2,5.5,Kent,Somerset,DJ Bell-Drummond,HG Kuhn,JE Taylor,1,0,,,,,,,,,
1167198,2019,2019-08-10,The Cooper Associates County Ground,2,5.6,Kent,Somerset,HG Kuhn,DJ Bell-Drummond,JE Taylor,1,0,,,,,,,,,
1167198,2019,2019-08-10,The Cooper Associates County Ground,2,6.1,Kent,Somerset,HG Kuhn,DJ Bell-Drummond,TD Groenewald,1,0,,,,,,,,,
1167198,2019,2019-08-10,The Cooper Associates County Ground,2,6.2,Kent,Somerset,DJ Bell-Drummond,HG Kuhn,TD Groenewald,1,0,,,,,,,,,
1167198,2019,2019-08-10,The Cooper Associates County Ground,2,6.3,Kent,Somerset,HG Kuhn,DJ Bell-Drummond,TD Groenewald,1,0,,,,,,,,,
1167198,2019,2019-08-10,The Cooper Associates County Ground,2,6.4,Kent,Somerset,DJ Bell-Drummond,HG Kuhn,TD Groenewald,1,0,,,,,,,,,
1167198,2019,2019-08-10,The Cooper Associates County Ground,2,6.5,Kent,Somerset,HG Kuhn,DJ Bell-Drummond,TD Groenewald,1,0,,,,,,,,,
1167198,2019,2019-08-10,The Cooper Associates County Ground,2,6.6,Kent,Somerset,DJ Bell-Drummond,HG Kuhn,TD Groenewald,1,0,,,,,,,,,
1167198,2019,2019-08-10,The Cooper Associates County Ground,2,7.1,Kent,Somerset,DJ Bell-Drummond,HG Kuhn,RE van der Merwe,1,0,,,,,,,,,
1167198,2019,2019-08-10,The Cooper Associates County Ground,2,7.2,Kent,Somerset,HG Kuhn,DJ Bell-Drummond,RE van der Merwe,1,0,,,,,,,,,
1167198,2019,2019-08-10,The Cooper Associates County Ground,2,7.3,Kent,Somerset,DJ Bell-Drummond,HG Kuhn,RE van der Merwe,1,0,,,,,,,,,
1167198,2019,2019-08-10,The Cooper Associates County Ground,2,7.4,Kent,Somerset,HG Kuhn,DJ Bell-Drummond,RE van der Merwe,0,0,,,,,,,,,
1167198,2019,2019-08-10,The Cooper Associates County Ground,2,7.5,Kent,Somerset,HG Kuhn,DJ Bell-Drummond,RE van der Merwe,1,0,,,,,,,,,
1167198,2019,2019-08-10,The Cooper Associates County Ground,2,7.6,Kent,Somerset,DJ Bell-Drummond,HG Kuhn,RE van der Merwe,1,0,,,,,,,,,
1167198,2019,2019-08-10,The Cooper Associates County Ground,2,8.1,Kent,Somerset,DJ Bell-Drummond,HG Kuhn,C Overton,1,0,,,,,,,,,
1167198,2019,2019-08-10,The Cooper Associates County Ground,2,8.2,Kent,Somerset,HG Kuhn,DJ Bell-Drummond,C Overton,4,0,,,,,,,,,
1167198,2019,2019-08-10,The Cooper Associates County Ground,2,8.3,Kent,Somerset,HG Kuhn,DJ Bell-Drummond,C Overton,1,0,,,,,,,,,
1167198,2019,2019-08-10,The Cooper Associates County Ground,2,8.4,Kent,Somerset,DJ Bell-Drummond,HG Kuhn,C Overton,1,0,,,,,,,,,
1167198,2019,2019-08-10,The Cooper Associates County Ground,2,8.5,Kent,Somerset,HG Kuhn,DJ Bell-Drummond,C Overton,1,0,,,,,,,,,
1167198,2019,2019-08-10,The Cooper Associates County Ground,2,8.6,Kent,Somerset,DJ Bell-Drummond,HG Kuhn,C Overton,0,0,,,,,,,,,
1167198,2019,2019-08-10,The Cooper Associates County Ground,2,9.1,Kent,Somerset,HG Kuhn,DJ Bell-Drummond,RE van der Merwe,1,0,,,,,,,,,
1167198,2019,2019-08-10,The Cooper Associates County Ground,2,9.2,Kent,Somerset,DJ Bell-Drummond,HG Kuhn,RE van der Merwe,6,0,,,,,,,,,
1167198,2019,2019-08-10,The Cooper Associates County Ground,2,9.3,Kent,Somerset,DJ Bell-Drummond,HG Kuhn,RE van der Merwe,1,0,,,,,,,,,
1167198,2019,2019-08-10,The Cooper Associates County Ground,2,9.4,Kent,Somerset,HG Kuhn,DJ Bell-Drummond,RE van der Merwe,1,0,,,,,,,,,
1167198,2019,2019-08-10,The Cooper Associates County Ground,2,9.5,Kent,Somerset,DJ Bell-Drummond,HG Kuhn,RE van der Merwe,0,1,,,1,,,,,,
1167198,2019,2019-08-10,The Cooper Associates County Ground,2,9.6,Kent,Somerset,HG Kuhn,DJ Bell-Drummond,RE van der Merwe,0,1,,,,1,,,,,
1167198,2019,2019-08-10,The Cooper Associates County Ground,2,10.1,Kent,Somerset,HG Kuhn,DJ Bell-Drummond,TA Lammonby,6,0,,,,,,,,,
1167198,2019,2019-08-10,The Cooper Associates County Ground,2,10.2,Kent,Somerset,HG Kuhn,DJ Bell-Drummond,TA Lammonby,0,0,,,,,,,,,
1167198,2019,2019-08-10,The Cooper Associates County Ground,2,10.3,Kent,Somerset,HG Kuhn,DJ Bell-Drummond,TA Lammonby,0,0,,,,,,caught,HG Kuhn,,
1167198,2019,2019-08-10,The Cooper Associates County Ground,2,10.4,Kent,Somerset,DJ Bell-Drummond,SW Billings,TA Lammonby,2,0,,,,,,,,,
1167198,2019,2019-08-10,The Cooper Associates County Ground,2,10.5,Kent,Somerset,DJ Bell-Drummond,SW Billings,TA Lammonby,1,0,,,,,,,,,
1167198,2019,2019-08-10,The Cooper Associates County Ground,2,10.6,Kent,Somerset,SW Billings,DJ Bell-Drummond,TA Lammonby,1,0,,,,,,,,,
1167198,2019,2019-08-10,The Cooper Associates County Ground,2,11.1,Kent,Somerset,SW Billings,DJ Bell-Drummond,MTC Waller,1,0,,,,,,,,,
1167198,2019,2019-08-10,The Cooper Associates County Ground,2,11.2,Kent,Somerset,DJ Bell-Drummond,SW Billings,MTC Waller,1,0,,,,,,,,,
1167198,2019,2019-08-10,The Cooper Associates County Ground,2,11.3,Kent,Somerset,SW Billings,DJ Bell-Drummond,MTC Waller,1,0,,,,,,,,,
1167198,2019,2019-08-10,The Cooper Associates County Ground,2,11.4,Kent,Somerset,DJ Bell-Drummond,SW Billings,MTC Waller,1,0,,,,,,,,,
1167198,2019,2019-08-10,The Cooper Associates County Ground,2,11.5,Kent,Somerset,SW Billings,DJ Bell-Drummond,MTC Waller,2,0,,,,,,,,,
1167198,2019,2019-08-10,The Cooper Associates County Ground,2,11.6,Kent,Somerset,SW Billings,DJ Bell-Drummond,MTC Waller,1,0,,,,,,,,,
1167198,2019,2019-08-10,The Cooper Associates County Ground,2,12.1,Kent,Somerset,SW Billings,DJ Bell-Drummond,C Overton,1,0,,,,,,,,,
1167198,2019,2019-08-10,The Cooper Associates County Ground,2,12.2,Kent,Somerset,DJ Bell-Drummond,SW Billings,C Overton,0,0,,,,,,caught,DJ Bell-Drummond,,
1167198,2019,2019-08-10,The Cooper Associates County Ground,2,12.3,Kent,Somerset,SW Billings,Mohammad Nabi,C Overton,0,0,,,,,,,,,
1167198,2019,2019-08-10,The Cooper Associates County Ground,2,12.4,Kent,Somerset,SW Billings,Mohammad Nabi,C Overton,0,0,,,,,,,,,
1167198,2019,2019-08-10,The Cooper Associates County Ground,2,12.5,Kent,Somerset,SW Billings,Mohammad Nabi,C Overton,0,0,,,,,,caught,SW Billings,,
1167198,2019,2019-08-10,The Cooper Associates County Ground,2,12.6,Kent,Somerset,Mohammad Nabi,AJ Blake,C Overton,0,0,,,,,,caught,Mohammad Nabi,,
1167198,2019,2019-08-10,The Cooper Associates County Ground,2,13.1,Kent,Somerset,AJ Blake,OG Robinson,TD Groenewald,1,0,,,,,,,,,
1167198,2019,2019-08-10,The Cooper Associates County Ground,2,13.2,Kent,Somerset,OG Robinson,AJ Blake,TD Groenewald,1,0,,,,,,,,,
1167198,2019,2019-08-10,The Cooper Associates County Ground,2,13.3,Kent,Somerset,AJ Blake,OG Robinson,TD Groenewald,1,0,,,,,,,,,
1167198,2019,2019-08-10,The Cooper Associates County Ground,2,13.4,Kent,Somerset,OG Robinson,AJ Blake,TD Groenewald,0,0,,,,,,,,,
1167198,2019,2019-08-10,The Cooper Associates County Ground,2,13.5,Kent,Somerset,OG Robinson,AJ Blake,TD Groenewald,1,0,,,,,,,,,
1167198,2019,2019-08-10,The Cooper Associates County Ground,2,13.6,Kent,Somerset,AJ Blake,OG Robinson,TD Groenewald,1,0,,,,,,,,,
1167198,2019,2019-08-10,The Cooper Associates County Ground,2,14.1,Kent,Somerset,AJ Blake,OG Robinson,MTC Waller,0,0,,,,,,,,,
1167198,2019,2019-08-10,The Cooper Associates County Ground,2,14.2,Kent,Somerset,AJ Blake,OG Robinson,MTC Waller,6,0,,,,,,,,,
1167198,2019,2019-08-10,The Cooper Associates County Ground,2,14.3,Kent,Somerset,AJ Blake,OG Robinson,MTC Waller,0,0,,,,,,caught,AJ Blake,,
1167198,2019,2019-08-10,The Cooper Associates County Ground,2,14.4,Kent,Somerset,OG Robinson,AF Milne,MTC Waller,1,0,,,,,,,,,
1167198,2019,2019-08-10,The Cooper Associates County Ground,2,14.5,Kent,Somerset,AF Milne,OG Robinson,MTC Waller,1,0,,,,,,,,,
1167198,2019,2019-08-10,The Cooper Associates County Ground,2,14.6,Kent,Somerset,OG Robinson,AF Milne,MTC Waller,1,0,,,,,,,,,
1167198,2019,2019-08-10,The Cooper Associates County Ground,2,15.1,Kent,Somerset,OG Robinson,AF Milne,RE van der Merwe,4,0,,,,,,,,,
1167198,2019,2019-08-10,The Cooper Associates County Ground,2,15.2,Kent,Somerset,OG Robinson,AF Milne,RE van der Merwe,1,0,,,,,,,,,
1167198,2019,2019-08-10,The Cooper Associates County Ground,2,15.3,Kent,Somerset,AF Milne,OG Robinson,RE van der Merwe,1,0,,,,,,,,,
1167198,2019,2019-08-10,The Cooper Associates County Ground,2,15.4,Kent,Somerset,OG Robinson,AF Milne,RE van der Merwe,6,0,,,,,,,,,
1167198,2019,2019-08-10,The Cooper Associates County Ground,2,15.5,Kent,Somerset,OG Robinson,AF Milne,RE van der Merwe,1,0,,,,,,,,,
1167198,2019,2019-08-10,The Cooper Associates County Ground,2,15.6,Kent,Somerset,AF Milne,OG Robinson,RE van der Merwe,0,0,,,,,,,,,
1167198,2019,2019-08-10,The Cooper Associates County Ground,2,16.1,Kent,Somerset,OG Robinson,AF Milne,JE Taylor,0,0,,,,,,,,,
1167198,2019,2019-08-10,The Cooper Associates County Ground,2,16.2,Kent,Somerset,OG Robinson,AF Milne,JE Taylor,1,0,,,,,,run out,OG Robinson,,
1167198,2019,2019-08-10,The Cooper Associates County Ground,2,16.3,Kent,Somerset,GC Viljoen,AF Milne,JE Taylor,1,0,,,,,,,,,
1167198,2019,2019-08-10,The Cooper Associates County Ground,2,16.4,Kent,Somerset,AF Milne,GC Viljoen,JE Taylor,1,0,,,,,,,,,
1167198,2019,2019-08-10,The Cooper Associates County Ground,2,16.5,Kent,Somerset,GC Viljoen,AF Milne,JE Taylor,1,0,,,,,,,,,
1167198,2019,2019-08-10,The Cooper Associates County Ground,2,16.6,Kent,Somerset,AF Milne,GC Viljoen,JE Taylor,4,0,,,,,,,,,
1167198,2019,2019-08-10,The Cooper Associates County Ground,2,17.1,Kent,Somerset,GC Viljoen,AF Milne,MTC Waller,2,0,,,,,,,,,
1167198,2019,2019-08-10,The Cooper Associates County Ground,2,17.2,Kent,Somerset,GC Viljoen,AF Milne,MTC Waller,0,0,,,,,,bowled,GC Viljoen,,
1167198,2019,2019-08-10,The Cooper Associates County Ground,2,17.3,Kent,Somerset,FJ Klaassen,AF Milne,MTC Waller,1,0,,,,,,,,,
1167198,2019,2019-08-10,The Cooper Associates County Ground,2,17.4,Kent,Somerset,AF Milne,FJ Klaassen,MTC Waller,1,0,,,,,,run out,FJ Klaassen,,
1167198,2019,2019-08-10,The Cooper Associates County Ground,2,17.5,Kent,Somerset,AF Milne,ME Claydon,MTC Waller,1,0,,,,,,,,,
1167198,2019,2019-08-10,The Cooper Associates County Ground,2,17.6,Kent,Somerset,ME Claydon,AF Milne,MTC Waller,1,0,,,,,,,,,
1167198,2019,2019-08-10,The Cooper Associates County Ground,2,18.1,Kent,Somerset,ME Claydon,AF Milne,JE Taylor,3,0,,,,,,,,,
1167198,2019,2019-08-10,The Cooper Associates County Ground,2,18.2,Kent,Somerset,AF Milne,ME Claydon,JE Taylor,6,0,,,,,,,,,
1167198,2019,2019-08-10,The Cooper Associates County Ground,2,18.3,Kent,Somerset,AF Milne,ME Claydon,JE Taylor,0,0,,,,,,,,,
1167198,2019,2019-08-10,The Cooper Associates County Ground,2,18.4,Kent,Somerset,AF Milne,ME Claydon,JE Taylor,0,0,,,,,,caught,AF Milne,,
