version,2.1.0
info,balls_per_over,6
info,team,Durham
info,team,Lancashire
info,gender,male
info,season,2019
info,date,2019/08/02
info,event,Vitality Blast
info,venue,Riverside Ground
info,city,Chester-le-Street
info,toss_winner,Durham
info,toss_decision,bat
info,player_of_match,LS Livingstone
info,umpire,Tom Lungley
info,umpire,RJ Bailey
info,winner,Lancashire
info,winner_wickets,5
info,player,Durham,S Steel
info,player,Durham,DJM Short
info,player,Durham,G Clark
info,player,Durham,BA Raine
info,player,Durham,AZ Lees
info,player,Durham,PSP Handscomb
info,player,Durham,SW Poynter
info,player,Durham,BA Carse
info,player,Durham,L Trevaskis
info,player,Durham,MJ Potts
info,player,Durham,NJ Rimmington
info,player,Lancashire,AL Davies
info,player,Lancashire,LS Livingstone
info,player,Lancashire,GJ Maxwell
info,player,Lancashire,KK Jennings
info,player,Lancashire,DJ Vilas
info,player,Lancashire,SJ Croft
info,player,Lancashire,JP Faulkner
info,player,Lancashire,JJ Bohannon
info,player,Lancashire,S Mahmood
info,player,Lancashire,MW Parkinson
info,player,Lancashire,RJ Gleeson
info,registry,people,AL Davies,29ede60b
info,registry,people,AZ Lees,c9c0fe50
info,registry,people,BA Carse,cad40f5e
info,registry,people,BA Raine,4c0f3806
info,registry,people,DJ Vilas,087210b1
info,registry,people,DJM Short,1a156c88
info,registry,people,G Clark,4fd09cfc
info,registry,people,GJ Maxwell,b681e71e
info,registry,people,JJ Bohannon,fd96de7c
info,registry,people,JP Faulkner,808f425a
info,registry,people,KK Jennings,8479a24a
info,registry,people,L Trevaskis,b5781ac3
info,registry,people,LS Livingstone,50c6bc2b
info,registry,people,MJ Potts,894b2d25
info,registry,people,MW Parkinson,19708692
info,registry,people,NJ Rimmington,6042bf26
info,registry,people,PSP Handscomb,ada15e88
info,registry,people,RJ Bailey,6bd04fa5
info,registry,people,RJ Gleeson,402f8494
info,registry,people,S Mahmood,0f6db197
info,registry,people,S Steel,de6c2c6e
info,registry,people,SJ Croft,ab474682
info,registry,people,SW Poynter,cdf59953
info,registry,people,Tom Lungley,75169b8c
