match_id,season,start_date,venue,innings,ball,batting_team,bowling_team,striker,non_striker,bowler,runs_off_bat,extras,wides,noballs,byes,legbyes,penalty,wicket_type,player_dismissed,other_wicket_type,other_player_dismissed
947197,2016,2016-06-19,Edgbaston,1,0.1,Warwickshire,Lancashire,SR Hain,IR Bell,NL Buck,1,0,,,,,,,,,
947197,2016,2016-06-19,Edgbaston,1,0.2,Warwickshire,Lancashire,IR Bell,SR Hain,NL Buck,0,0,,,,,,,,,
947197,2016,2016-06-19,Edgbaston,1,0.3,Warwickshire,Lancashire,IR Bell,SR Hain,NL Buck,4,0,,,,,,,,,
947197,2016,2016-06-19,Edgbaston,1,0.4,Warwickshire,Lancashire,IR Bell,SR Hain,NL Buck,2,0,,,,,,,,,
947197,2016,2016-06-19,Edgbaston,1,0.5,Warwickshire,Lancashire,IR Bell,SR Hain,NL Buck,1,0,,,,,,,,,
947197,2016,2016-06-19,Edgbaston,1,0.6,Warwickshire,Lancashire,SR Hain,IR Bell,NL Buck,0,0,,,,,,,,,
947197,2016,2016-06-19,Edgbaston,1,1.1,Warwickshire,Lancashire,IR Bell,SR Hain,J Clark,1,0,,,,,,,,,
947197,2016,2016-06-19,Edgbaston,1,1.2,Warwickshire,Lancashire,SR Hain,IR Bell,J Clark,0,0,,,,,,,,,
947197,2016,2016-06-19,Edgbaston,1,1.3,Warwickshire,Lancashire,SR Hain,IR Bell,J Clark,0,0,,,,,,,,,
947197,2016,2016-06-19,Edgbaston,1,1.4,Warwickshire,Lancashire,SR Hain,IR Bell,J Clark,0,0,,,,,,,,,
947197,2016,2016-06-19,Edgbaston,1,1.5,Warwickshire,Lancashire,SR Hain,IR Bell,J Clark,0,0,,,,,,,,,
947197,2016,2016-06-19,Edgbaston,1,1.6,Warwickshire,Lancashire,SR Hain,IR Bell,J Clark,1,0,,,,,,,,,
947197,2016,2016-06-19,Edgbaston,1,2.1,Warwickshire,Lancashire,SR Hain,IR Bell,NL Buck,0,0,,,,,,caught,SR Hain,,
947197,2016,2016-06-19,Edgbaston,1,2.2,Warwickshire,Lancashire,WTS Porterfield,IR Bell,NL Buck,0,0,,,,,,,,,
947197,2016,2016-06-19,Edgbaston,1,2.3,Warwickshire,Lancashire,WTS Porterfield,IR Bell,NL Buck,0,0,,,,,,,,,
947197,2016,2016-06-19,Edgbaston,1,2.4,Warwickshire,Lancashire,WTS Porterfield,IR Bell,NL Buck,1,0,,,,,,,,,
947197,2016,2016-06-19,Edgbaston,1,2.5,Warwickshire,Lancashire,IR Bell,WTS Porterfield,NL Buck,1,0,,,,,,,,,
947197,2016,2016-06-19,Edgbaston,1,2.6,Warwickshire,Lancashire,WTS Porterfield,IR Bell,NL Buck,0,0,,,,,,,,,
947197,2016,2016-06-19,Edgbaston,1,3.1,Warwickshire,Lancashire,IR Bell,WTS Porterfield,J Clark,4,0,,,,,,,,,
947197,2016,2016-06-19,Edgbaston,1,3.2,Warwickshire,Lancashire,IR Bell,WTS Porterfield,J Clark,1,0,,,,,,,,,
947197,2016,2016-06-19,Edgbaston,1,3.3,Warwickshire,Lancashire,WTS Porterfield,IR Bell,J Clark,0,0,,,,,,,,,
947197,2016,2016-06-19,Edgbaston,1,3.4,Warwickshire,Lancashire,WTS Porterfield,IR Bell,J Clark,0,0,,,,,,,,,
947197,2016,2016-06-19,Edgbaston,1,3.5,Warwickshire,Lancashire,WTS Porterfield,IR Bell,J Clark,1,0,,,,,,,,,
947197,2016,2016-06-19,Edgbaston,1,3.6,Warwickshire,Lancashire,IR Bell,WTS Porterfield,J Clark,4,0,,,,,,,,,
947197,2016,2016-06-19,Edgbaston,1,4.1,Warwickshire,Lancashire,WTS Porterfield,IR Bell,NL Buck,1,0,,,,,,,,,
947197,2016,2016-06-19,Edgbaston,1,4.2,Warwickshire,Lancashire,IR Bell,WTS Porterfield,NL Buck,0,0,,,,,,caught,IR Bell,,
947197,2016,2016-06-19,Edgbaston,1,4.3,Warwickshire,Lancashire,LJ Evans,WTS Porterfield,NL Buck,0,0,,,,,,,,,
947197,2016,2016-06-19,Edgbaston,1,4.4,Warwickshire,Lancashire,LJ Evans,WTS Porterfield,NL Buck,4,0,,,,,,,,,
947197,2016,2016-06-19,Edgbaston,1,4.5,Warwickshire,Lancashire,LJ Evans,WTS Porterfield,NL Buck,0,0,,,,,,,,,
947197,2016,2016-06-19,Edgbaston,1,4.6,Warwickshire,Lancashire,LJ Evans,WTS Porterfield,NL Buck,1,0,,,,,,,,,
947197,2016,2016-06-19,Edgbaston,1,5.1,Warwickshire,Lancashire,LJ Evans,WTS Porterfield,GA Edwards,0,0,,,,,,,,,
947197,2016,2016-06-19,Edgbaston,1,5.2,Warwickshire,Lancashire,LJ Evans,WTS Porterfield,GA Edwards,0,1,1,,,,,,,,
947197,2016,2016-06-19,Edgbaston,1,5.3,Warwickshire,Lancashire,LJ Evans,WTS Porterfield,GA Edwards,0,1,1,,,,,,,,
947197,2016,2016-06-19,Edgbaston,1,5.4,Warwickshire,Lancashire,LJ Evans,WTS Porterfield,GA Edwards,0,1,1,,,,,,,,
947197,2016,2016-06-19,Edgbaston,1,5.5,Warwickshire,Lancashire,LJ Evans,WTS Porterfield,GA Edwards,0,0,,,,,,,,,
947197,2016,2016-06-19,Edgbaston,1,5.6,Warwickshire,Lancashire,LJ Evans,WTS Porterfield,GA Edwards,4,0,,,,,,,,,
947197,2016,2016-06-19,Edgbaston,1,5.7,Warwickshire,Lancashire,LJ Evans,WTS Porterfield,GA Edwards,1,0,,,,,,,,,
947197,2016,2016-06-19,Edgbaston,1,5.8,Warwickshire,Lancashire,WTS Porterfield,LJ Evans,GA Edwards,2,0,,,,,,,,,
947197,2016,2016-06-19,Edgbaston,1,5.9,Warwickshire,Lancashire,WTS Porterfield,LJ Evans,GA Edwards,1,0,,,,,,,,,
947197,2016,2016-06-19,Edgbaston,1,6.1,Warwickshire,Lancashire,WTS Porterfield,LJ Evans,SD Parry,0,0,,,,,,,,,
947197,2016,2016-06-19,Edgbaston,1,6.2,Warwickshire,Lancashire,WTS Porterfield,LJ Evans,SD Parry,1,0,,,,,,,,,
947197,2016,2016-06-19,Edgbaston,1,6.3,Warwickshire,Lancashire,LJ Evans,WTS Porterfield,SD Parry,1,0,,,,,,,,,
947197,2016,2016-06-19,Edgbaston,1,6.4,Warwickshire,Lancashire,WTS Porterfield,LJ Evans,SD Parry,1,0,,,,,,,,,
947197,2016,2016-06-19,Edgbaston,1,6.5,Warwickshire,Lancashire,LJ Evans,WTS Porterfield,SD Parry,1,0,,,,,,,,,
947197,2016,2016-06-19,Edgbaston,1,6.6,Warwickshire,Lancashire,WTS Porterfield,LJ Evans,SD Parry,1,0,,,,,,,,,
947197,2016,2016-06-19,Edgbaston,1,7.1,Warwickshire,Lancashire,WTS Porterfield,LJ Evans,AM Lilley,1,0,,,,,,,,,
947197,2016,2016-06-19,Edgbaston,1,7.2,Warwickshire,Lancashire,LJ Evans,WTS Porterfield,AM Lilley,0,0,,,,,,,,,
947197,2016,2016-06-19,Edgbaston,1,7.3,Warwickshire,Lancashire,LJ Evans,WTS Porterfield,AM Lilley,1,0,,,,,,,,,
947197,2016,2016-06-19,Edgbaston,1,7.4,Warwickshire,Lancashire,WTS Porterfield,LJ Evans,AM Lilley,1,0,,,,,,,,,
947197,2016,2016-06-19,Edgbaston,1,7.5,Warwickshire,Lancashire,LJ Evans,WTS Porterfield,AM Lilley,0,0,,,,,,,,,
947197,2016,2016-06-19,Edgbaston,1,7.6,Warwickshire,Lancashire,LJ Evans,WTS Porterfield,AM Lilley,0,0,,,,,,,,,
947197,2016,2016-06-19,Edgbaston,1,8.1,Warwickshire,Lancashire,WTS Porterfield,LJ Evans,SD Parry,0,0,,,,,,caught,WTS Porterfield,,
947197,2016,2016-06-19,Edgbaston,1,8.2,Warwickshire,Lancashire,LJ Evans,L Ronchi,SD Parry,4,0,,,,,,,,,
947197,2016,2016-06-19,Edgbaston,1,8.3,Warwickshire,Lancashire,LJ Evans,L Ronchi,SD Parry,0,0,,,,,,,,,
947197,2016,2016-06-19,Edgbaston,1,8.4,Warwickshire,Lancashire,LJ Evans,L Ronchi,SD Parry,1,0,,,,,,,,,
947197,2016,2016-06-19,Edgbaston,1,8.5,Warwickshire,Lancashire,L Ronchi,LJ Evans,SD Parry,0,0,,,,,,,,,
947197,2016,2016-06-19,Edgbaston,1,8.6,Warwickshire,Lancashire,L Ronchi,LJ Evans,SD Parry,1,0,,,,,,,,,
947197,2016,2016-06-19,Edgbaston,1,9.1,Warwickshire,Lancashire,L Ronchi,LJ Evans,AM Lilley,1,0,,,,,,,,,
947197,2016,2016-06-19,Edgbaston,1,9.2,Warwickshire,Lancashire,LJ Evans,L Ronchi,AM Lilley,1,0,,,,,,,,,
947197,2016,2016-06-19,Edgbaston,1,9.3,Warwickshire,Lancashire,L Ronchi,LJ Evans,AM Lilley,1,0,,,,,,,,,
947197,2016,2016-06-19,Edgbaston,1,9.4,Warwickshire,Lancashire,LJ Evans,L Ronchi,AM Lilley,4,0,,,,,,,,,
947197,2016,2016-06-19,Edgbaston,1,9.5,Warwickshire,Lancashire,LJ Evans,L Ronchi,AM Lilley,1,0,,,,,,,,,
947197,2016,2016-06-19,Edgbaston,1,9.6,Warwickshire,Lancashire,L Ronchi,LJ Evans,AM Lilley,1,0,,,,,,,,,
947197,2016,2016-06-19,Edgbaston,1,10.1,Warwickshire,Lancashire,L Ronchi,LJ Evans,SD Parry,1,0,,,,,,,,,
947197,2016,2016-06-19,Edgbaston,1,10.2,Warwickshire,Lancashire,LJ Evans,L Ronchi,SD Parry,0,0,,,,,,,,,
947197,2016,2016-06-19,Edgbaston,1,10.3,Warwickshire,Lancashire,LJ Evans,L Ronchi,SD Parry,0,0,,,,,,,,,
947197,2016,2016-06-19,Edgbaston,1,10.4,Warwickshire,Lancashire,LJ Evans,L Ronchi,SD Parry,0,0,,,,,,stumped,LJ Evans,,
947197,2016,2016-06-19,Edgbaston,1,10.5,Warwickshire,Lancashire,CR Woakes,L Ronchi,SD Parry,2,0,,,,,,,,,
947197,2016,2016-06-19,Edgbaston,1,10.6,Warwickshire,Lancashire,CR Woakes,L Ronchi,SD Parry,1,0,,,,,,,,,
947197,2016,2016-06-19,Edgbaston,1,11.1,Warwickshire,Lancashire,CR Woakes,L Ronchi,SJ Croft,1,0,,,,,,,,,
947197,2016,2016-06-19,Edgbaston,1,11.2,Warwickshire,Lancashire,L Ronchi,CR Woakes,SJ Croft,0,0,,,,,,,,,
947197,2016,2016-06-19,Edgbaston,1,11.3,Warwickshire,Lancashire,L Ronchi,CR Woakes,SJ Croft,4,0,,,,,,,,,
947197,2016,2016-06-19,Edgbaston,1,11.4,Warwickshire,Lancashire,L Ronchi,CR Woakes,SJ Croft,1,0,,,,,,,,,
947197,2016,2016-06-19,Edgbaston,1,11.5,Warwickshire,Lancashire,CR Woakes,L Ronchi,SJ Croft,1,0,,,,,,,,,
947197,2016,2016-06-19,Edgbaston,1,11.6,Warwickshire,Lancashire,L Ronchi,CR Woakes,SJ Croft,1,0,,,,,,,,,
947197,2016,2016-06-19,Edgbaston,1,12.1,Warwickshire,Lancashire,L Ronchi,CR Woakes,SD Parry,0,2,,2,,,,,,,
947197,2016,2016-06-19,Edgbaston,1,12.2,Warwickshire,Lancashire,L Ronchi,CR Woakes,SD Parry,6,0,,,,,,,,,
947197,2016,2016-06-19,Edgbaston,1,12.3,Warwickshire,Lancashire,L Ronchi,CR Woakes,SD Parry,1,0,,,,,,,,,
947197,2016,2016-06-19,Edgbaston,1,12.4,Warwickshire,Lancashire,CR Woakes,L Ronchi,SD Parry,1,0,,,,,,,,,
947197,2016,2016-06-19,Edgbaston,1,12.5,Warwickshire,Lancashire,L Ronchi,CR Woakes,SD Parry,1,0,,,,,,,,,
947197,2016,2016-06-19,Edgbaston,1,12.6,Warwickshire,Lancashire,CR Woakes,L Ronchi,SD Parry,1,0,,,,,,,,,
947197,2016,2016-06-19,Edgbaston,1,12.7,Warwickshire,Lancashire,L Ronchi,CR Woakes,SD Parry,0,0,,,,,,,,,
947197,2016,2016-06-19,Edgbaston,1,13.1,Warwickshire,Lancashire,CR Woakes,L Ronchi,AM Lilley,1,0,,,,,,,,,
947197,2016,2016-06-19,Edgbaston,1,13.2,Warwickshire,Lancashire,L Ronchi,CR Woakes,AM Lilley,1,0,,,,,,,,,
947197,2016,2016-06-19,Edgbaston,1,13.3,Warwickshire,Lancashire,CR Woakes,L Ronchi,AM Lilley,1,0,,,,,,,,,
947197,2016,2016-06-19,Edgbaston,1,13.4,Warwickshire,Lancashire,L Ronchi,CR Woakes,AM Lilley,1,0,,,,,,,,,
947197,2016,2016-06-19,Edgbaston,1,13.5,Warwickshire,Lancashire,CR Woakes,L Ronchi,AM Lilley,1,0,,,,,,,,,
947197,2016,2016-06-19,Edgbaston,1,13.6,Warwickshire,Lancashire,L Ronchi,CR Woakes,AM Lilley,0,0,,,,,,,,,
947197,2016,2016-06-19,Edgbaston,1,14.1,Warwickshire,Lancashire,CR Woakes,L Ronchi,J Clark,1,0,,,,,,,,,
947197,2016,2016-06-19,Edgbaston,1,14.2,Warwickshire,Lancashire,L Ronchi,CR Woakes,J Clark,0,0,,,,,,,,,
947197,2016,2016-06-19,Edgbaston,1,14.3,Warwickshire,Lancashire,L Ronchi,CR Woakes,J Clark,1,0,,,,,,,,,
947197,2016,2016-06-19,Edgbaston,1,14.4,Warwickshire,Lancashire,CR Woakes,L Ronchi,J Clark,1,0,,,,,,,,,
947197,2016,2016-06-19,Edgbaston,1,14.5,Warwickshire,Lancashire,L Ronchi,CR Woakes,J Clark,0,0,,,,,,,,,
947197,2016,2016-06-19,Edgbaston,1,14.6,Warwickshire,Lancashire,L Ronchi,CR Woakes,J Clark,4,0,,,,,,,,,
947197,2016,2016-06-19,Edgbaston,1,15.1,Warwickshire,Lancashire,CR Woakes,L Ronchi,AM Lilley,1,0,,,,,,,,,
947197,2016,2016-06-19,Edgbaston,1,15.2,Warwickshire,Lancashire,L Ronchi,CR Woakes,AM Lilley,0,0,,,,,,,,,
947197,2016,2016-06-19,Edgbaston,1,15.3,Warwickshire,Lancashire,L Ronchi,CR Woakes,AM Lilley,6,0,,,,,,,,,
947197,2016,2016-06-19,Edgbaston,1,15.4,Warwickshire,Lancashire,L Ronchi,CR Woakes,AM Lilley,4,0,,,,,,,,,
947197,2016,2016-06-19,Edgbaston,1,15.5,Warwickshire,Lancashire,L Ronchi,CR Woakes,AM Lilley,1,0,,,,,,,,,
947197,2016,2016-06-19,Edgbaston,1,15.6,Warwickshire,Lancashire,CR Woakes,L Ronchi,AM Lilley,0,0,,,,,,caught,CR Woakes,,
947197,2016,2016-06-19,Edgbaston,1,16.1,Warwickshire,Lancashire,L Ronchi,R Clarke,GA Edwards,1,0,,,,,,,,,
947197,2016,2016-06-19,Edgbaston,1,16.2,Warwickshire,Lancashire,R Clarke,L Ronchi,GA Edwards,0,0,,,,,,bowled,R Clarke,,
947197,2016,2016-06-19,Edgbaston,1,16.3,Warwickshire,Lancashire,MR Adair,L Ronchi,GA Edwards,0,1,1,,,,,,,,
947197,2016,2016-06-19,Edgbaston,1,16.4,Warwickshire,Lancashire,MR Adair,L Ronchi,GA Edwards,1,0,,,,,,,,,
947197,2016,2016-06-19,Edgbaston,1,16.5,Warwickshire,Lancashire,L Ronchi,MR Adair,GA Edwards,0,1,,,,1,,,,,
947197,2016,2016-06-19,Edgbaston,1,16.6,Warwickshire,Lancashire,MR Adair,L Ronchi,GA Edwards,0,1,,,,1,,,,,
947197,2016,2016-06-19,Edgbaston,1,16.7,Warwickshire,Lancashire,L Ronchi,MR Adair,GA Edwards,6,0,,,,,,,,,
947197,2016,2016-06-19,Edgbaston,1,17.1,Warwickshire,Lancashire,MR Adair,L Ronchi,J Clark,1,0,,,,,,,,,
947197,2016,2016-06-19,Edgbaston,1,17.2,Warwickshire,Lancashire,L Ronchi,MR Adair,J Clark,1,0,,,,,,,,,
947197,2016,2016-06-19,Edgbaston,1,17.3,Warwickshire,Lancashire,MR Adair,L Ronchi,J Clark,0,1,1,,,,,,,,
947197,2016,2016-06-19,Edgbaston,1,17.4,Warwickshire,Lancashire,MR Adair,L Ronchi,J Clark,0,0,,,,,,,,,
947197,2016,2016-06-19,Edgbaston,1,17.5,Warwickshire,Lancashire,MR Adair,L Ronchi,J Clark,4,0,,,,,,,,,
947197,2016,2016-06-19,Edgbaston,1,17.6,Warwickshire,Lancashire,MR Adair,L Ronchi,J Clark,1,0,,,,,,,,,
947197,2016,2016-06-19,Edgbaston,1,17.7,Warwickshire,Lancashire,L Ronchi,MR Adair,J Clark,1,0,,,,,,,,,
947197,2016,2016-06-19,Edgbaston,1,18.1,Warwickshire,Lancashire,L Ronchi,MR Adair,NL Buck,6,0,,,,,,,,,
947197,2016,2016-06-19,Edgbaston,1,18.2,Warwickshire,Lancashire,L Ronchi,MR Adair,NL Buck,1,0,,,,,,,,,
947197,2016,2016-06-19,Edgbaston,1,18.3,Warwickshire,Lancashire,MR Adair,L Ronchi,NL Buck,0,0,,,,,,caught,MR Adair,,
947197,2016,2016-06-19,Edgbaston,1,18.4,Warwickshire,Lancashire,L Ronchi,JS Patel,NL Buck,0,1,1,,,,,,,,
947197,2016,2016-06-19,Edgbaston,1,18.5,Warwickshire,Lancashire,L Ronchi,JS Patel,NL Buck,0,2,,2,,,,,,,
947197,2016,2016-06-19,Edgbaston,1,18.6,Warwickshire,Lancashire,L Ronchi,JS Patel,NL Buck,0,0,,,,,,caught,L Ronchi,,
947197,2016,2016-06-19,Edgbaston,1,18.7,Warwickshire,Lancashire,JS Patel,OJ Hannon-Dalby,NL Buck,0,0,,,,,,,,,
947197,2016,2016-06-19,Edgbaston,1,18.8,Warwickshire,Lancashire,JS Patel,OJ Hannon-Dalby,NL Buck,0,0,,,,,,,,,
947197,2016,2016-06-19,Edgbaston,1,19.1,Warwickshire,Lancashire,OJ Hannon-Dalby,JS Patel,GA Edwards,0,0,,,,,,,,,
947197,2016,2016-06-19,Edgbaston,1,19.2,Warwickshire,Lancashire,OJ Hannon-Dalby,JS Patel,GA Edwards,1,0,,,,,,,,,
947197,2016,2016-06-19,Edgbaston,1,19.3,Warwickshire,Lancashire,JS Patel,OJ Hannon-Dalby,GA Edwards,0,0,,,,,,caught,JS Patel,,
947197,2016,2016-06-19,Edgbaston,1,19.4,Warwickshire,Lancashire,OJ Hannon-Dalby,JE Poysden,GA Edwards,1,0,,,,,,,,,
947197,2016,2016-06-19,Edgbaston,1,19.5,Warwickshire,Lancashire,JE Poysden,OJ Hannon-Dalby,GA Edwards,1,0,,,,,,,,,
947197,2016,2016-06-19,Edgbaston,1,19.6,Warwickshire,Lancashire,OJ Hannon-Dalby,JE Poysden,GA Edwards,1,0,,,,,,,,,
947197,2016,2016-06-19,Edgbaston,2,0.1,Lancashire,Warwickshire,MJ Guptill,J Clark,R Clarke,0,0,,,,,,,,,
947197,2016,2016-06-19,Edgbaston,2,0.2,Lancashire,Warwickshire,MJ Guptill,J Clark,R Clarke,0,0,,,,,,,,,
947197,2016,2016-06-19,Edgbaston,2,0.3,Lancashire,Warwickshire,MJ Guptill,J Clark,R Clarke,2,0,,,,,,,,,
947197,2016,2016-06-19,Edgbaston,2,0.4,Lancashire,Warwickshire,MJ Guptill,J Clark,R Clarke,0,0,,,,,,,,,
947197,2016,2016-06-19,Edgbaston,2,0.5,Lancashire,Warwickshire,MJ Guptill,J Clark,R Clarke,0,0,,,,,,,,,
947197,2016,2016-06-19,Edgbaston,2,0.6,Lancashire,Warwickshire,MJ Guptill,J Clark,R Clarke,4,0,,,,,,,,,
947197,2016,2016-06-19,Edgbaston,2,1.1,Lancashire,Warwickshire,J Clark,MJ Guptill,OJ Hannon-Dalby,0,0,,,,,,,,,
947197,2016,2016-06-19,Edgbaston,2,1.2,Lancashire,Warwickshire,J Clark,MJ Guptill,OJ Hannon-Dalby,0,0,,,,,,,,,
947197,2016,2016-06-19,Edgbaston,2,1.3,Lancashire,Warwickshire,J Clark,MJ Guptill,OJ Hannon-Dalby,1,0,,,,,,,,,
947197,2016,2016-06-19,Edgbaston,2,1.4,Lancashire,Warwickshire,MJ Guptill,J Clark,OJ Hannon-Dalby,0,0,,,,,,caught,MJ Guptill,,
947197,2016,2016-06-19,Edgbaston,2,1.5,Lancashire,Warwickshire,J Clark,KR Brown,OJ Hannon-Dalby,1,0,,,,,,,,,
947197,2016,2016-06-19,Edgbaston,2,1.6,Lancashire,Warwickshire,KR Brown,J Clark,OJ Hannon-Dalby,0,0,,,,,,,,,
947197,2016,2016-06-19,Edgbaston,2,2.1,Lancashire,Warwickshire,J Clark,KR Brown,R Clarke,4,0,,,,,,,,,
947197,2016,2016-06-19,Edgbaston,2,2.2,Lancashire,Warwickshire,J Clark,KR Brown,R Clarke,0,0,,,,,,,,,
947197,2016,2016-06-19,Edgbaston,2,2.3,Lancashire,Warwickshire,J Clark,KR Brown,R Clarke,0,0,,,,,,,,,
947197,2016,2016-06-19,Edgbaston,2,2.4,Lancashire,Warwickshire,J Clark,KR Brown,R Clarke,0,0,,,,,,caught and bowled,J Clark,,
947197,2016,2016-06-19,Edgbaston,2,2.5,Lancashire,Warwickshire,LS Livingstone,KR Brown,R Clarke,0,0,,,,,,,,,
947197,2016,2016-06-19,Edgbaston,2,2.6,Lancashire,Warwickshire,LS Livingstone,KR Brown,R Clarke,0,1,1,,,,,,,,
947197,2016,2016-06-19,Edgbaston,2,2.7,Lancashire,Warwickshire,LS Livingstone,KR Brown,R Clarke,1,0,,,,,,,,,
947197,2016,2016-06-19,Edgbaston,2,3.1,Lancashire,Warwickshire,LS Livingstone,KR Brown,OJ Hannon-Dalby,1,0,,,,,,,,,
947197,2016,2016-06-19,Edgbaston,2,3.2,Lancashire,Warwickshire,KR Brown,LS Livingstone,OJ Hannon-Dalby,0,0,,,,,,,,,
947197,2016,2016-06-19,Edgbaston,2,3.3,Lancashire,Warwickshire,KR Brown,LS Livingstone,OJ Hannon-Dalby,0,0,,,,,,,,,
947197,2016,2016-06-19,Edgbaston,2,3.4,Lancashire,Warwickshire,KR Brown,LS Livingstone,OJ Hannon-Dalby,1,0,,,,,,,,,
947197,2016,2016-06-19,Edgbaston,2,3.5,Lancashire,Warwickshire,LS Livingstone,KR Brown,OJ Hannon-Dalby,0,1,1,,,,,,,,
947197,2016,2016-06-19,Edgbaston,2,3.6,Lancashire,Warwickshire,LS Livingstone,KR Brown,OJ Hannon-Dalby,1,0,,,,,,,,,
947197,2016,2016-06-19,Edgbaston,2,3.7,Lancashire,Warwickshire,KR Brown,LS Livingstone,OJ Hannon-Dalby,4,0,,,,,,,,,
947197,2016,2016-06-19,Edgbaston,2,4.1,Lancashire,Warwickshire,LS Livingstone,KR Brown,R Clarke,0,0,,,,,,,,,
947197,2016,2016-06-19,Edgbaston,2,4.2,Lancashire,Warwickshire,LS Livingstone,KR Brown,R Clarke,4,0,,,,,,,,,
947197,2016,2016-06-19,Edgbaston,2,4.3,Lancashire,Warwickshire,LS Livingstone,KR Brown,R Clarke,0,0,,,,,,,,,
947197,2016,2016-06-19,Edgbaston,2,4.4,Lancashire,Warwickshire,LS Livingstone,KR Brown,R Clarke,1,0,,,,,,,,,
947197,2016,2016-06-19,Edgbaston,2,4.5,Lancashire,Warwickshire,KR Brown,LS Livingstone,R Clarke,0,0,,,,,,,,,
947197,2016,2016-06-19,Edgbaston,2,4.6,Lancashire,Warwickshire,KR Brown,LS Livingstone,R Clarke,1,0,,,,,,,,,
947197,2016,2016-06-19,Edgbaston,2,5.1,Lancashire,Warwickshire,KR Brown,LS Livingstone,CR Woakes,0,0,,,,,,,,,
947197,2016,2016-06-19,Edgbaston,2,5.2,Lancashire,Warwickshire,KR Brown,LS Livingstone,CR Woakes,0,0,,,,,,,,,
947197,2016,2016-06-19,Edgbaston,2,5.3,Lancashire,Warwickshire,KR Brown,LS Livingstone,CR Woakes,4,0,,,,,,,,,
947197,2016,2016-06-19,Edgbaston,2,5.4,Lancashire,Warwickshire,KR Brown,LS Livingstone,CR Woakes,0,0,,,,,,,,,
947197,2016,2016-06-19,Edgbaston,2,5.5,Lancashire,Warwickshire,KR Brown,LS Livingstone,CR Woakes,0,0,,,,,,caught,KR Brown,,
947197,2016,2016-06-19,Edgbaston,2,5.6,Lancashire,Warwickshire,LS Livingstone,JC Buttler,CR Woakes,0,0,,,,,,,,,
947197,2016,2016-06-19,Edgbaston,2,6.1,Lancashire,Warwickshire,JC Buttler,LS Livingstone,R Clarke,0,6,,6,,,,,,,
947197,2016,2016-06-19,Edgbaston,2,6.2,Lancashire,Warwickshire,JC Buttler,LS Livingstone,R Clarke,0,0,,,,,,caught and bowled,JC Buttler,,
947197,2016,2016-06-19,Edgbaston,2,6.3,Lancashire,Warwickshire,SJ Croft,LS Livingstone,R Clarke,0,0,,,,,,,,,
947197,2016,2016-06-19,Edgbaston,2,6.4,Lancashire,Warwickshire,SJ Croft,LS Livingstone,R Clarke,1,0,,,,,,,,,
