match_id,season,start_date,venue,innings,ball,batting_team,bowling_team,striker,non_striker,bowler,runs_off_bat,extras,wides,noballs,byes,legbyes,penalty,wicket_type,player_dismissed,other_wicket_type,other_player_dismissed
947193,2016,2016-06-19,Headingley,1,0.1,Derbyshire,Yorkshire,NT Broom,HD Rutherford,DJ Willey,0,0,,,,,,,,,
947193,2016,2016-06-19,Headingley,1,0.2,Derbyshire,Yorkshire,NT Broom,HD Rutherford,DJ Willey,0,0,,,,,,,,,
947193,2016,2016-06-19,Headingley,1,0.3,Derbyshire,Yorkshire,NT Broom,HD Rutherford,DJ Willey,0,1,,,,1,,,,,
947193,2016,2016-06-19,Headingley,1,0.4,Derbyshire,Yorkshire,HD Rutherford,NT Broom,DJ Willey,0,0,,,,,,,,,
947193,2016,2016-06-19,Headingley,1,0.5,Derbyshire,Yorkshire,HD Rutherford,NT Broom,DJ Willey,1,0,,,,,,,,,
947193,2016,2016-06-19,Headingley,1,0.6,Derbyshire,Yorkshire,NT Broom,HD Rutherford,DJ Willey,4,0,,,,,,,,,
947193,2016,2016-06-19,Headingley,1,1.1,Derbyshire,Yorkshire,HD Rutherford,NT Broom,TT Bresnan,0,0,,,,,,,,,
947193,2016,2016-06-19,Headingley,1,1.2,Derbyshire,Yorkshire,HD Rutherford,NT Broom,TT Bresnan,4,0,,,,,,,,,
947193,2016,2016-06-19,Headingley,1,1.3,Derbyshire,Yorkshire,HD Rutherford,NT Broom,TT Bresnan,1,0,,,,,,,,,
947193,2016,2016-06-19,Headingley,1,1.4,Derbyshire,Yorkshire,NT Broom,HD Rutherford,TT Bresnan,0,0,,,,,,,,,
947193,2016,2016-06-19,Headingley,1,1.5,Derbyshire,Yorkshire,NT Broom,HD Rutherford,TT Bresnan,1,0,,,,,,,,,
947193,2016,2016-06-19,Headingley,1,1.6,Derbyshire,Yorkshire,HD Rutherford,NT Broom,TT Bresnan,1,0,,,,,,,,,
947193,2016,2016-06-19,Headingley,1,2.1,Derbyshire,Yorkshire,HD Rutherford,NT Broom,DJ Willey,4,0,,,,,,,,,
947193,2016,2016-06-19,Headingley,1,2.2,Derbyshire,Yorkshire,HD Rutherford,NT Broom,DJ Willey,0,0,,,,,,,,,
947193,2016,2016-06-19,Headingley,1,2.3,Derbyshire,Yorkshire,HD Rutherford,NT Broom,DJ Willey,1,0,,,,,,,,,
947193,2016,2016-06-19,Headingley,1,2.4,Derbyshire,Yorkshire,NT Broom,HD Rutherford,DJ Willey,0,0,,,,,,,,,
947193,2016,2016-06-19,Headingley,1,2.5,Derbyshire,Yorkshire,NT Broom,HD Rutherford,DJ Willey,0,0,,,,,,caught,NT Broom,,
947193,2016,2016-06-19,Headingley,1,2.6,Derbyshire,Yorkshire,CF Hughes,HD Rutherford,DJ Willey,0,0,,,,,,,,,
947193,2016,2016-06-19,Headingley,1,3.1,Derbyshire,Yorkshire,HD Rutherford,CF Hughes,Azeem Rafiq,1,0,,,,,,,,,
947193,2016,2016-06-19,Headingley,1,3.2,Derbyshire,Yorkshire,CF Hughes,HD Rutherford,Azeem Rafiq,4,0,,,,,,,,,
947193,2016,2016-06-19,Headingley,1,3.3,Derbyshire,Yorkshire,CF Hughes,HD Rutherford,Azeem Rafiq,0,0,,,,,,,,,
947193,2016,2016-06-19,Headingley,1,3.4,Derbyshire,Yorkshire,CF Hughes,HD Rutherford,Azeem Rafiq,0,0,,,,,,caught,CF Hughes,,
947193,2016,2016-06-19,Headingley,1,3.5,Derbyshire,Yorkshire,HD Rutherford,SJ Thakor,Azeem Rafiq,0,0,,,,,,,,,
947193,2016,2016-06-19,Headingley,1,3.6,Derbyshire,Yorkshire,HD Rutherford,SJ Thakor,Azeem Rafiq,1,0,,,,,,,,,
947193,2016,2016-06-19,Headingley,1,4.1,Derbyshire,Yorkshire,HD Rutherford,SJ Thakor,DJ Willey,1,0,,,,,,,,,
947193,2016,2016-06-19,Headingley,1,4.2,Derbyshire,Yorkshire,SJ Thakor,HD Rutherford,DJ Willey,0,0,,,,,,,,,
947193,2016,2016-06-19,Headingley,1,4.3,Derbyshire,Yorkshire,SJ Thakor,HD Rutherford,DJ Willey,0,0,,,,,,,,,
947193,2016,2016-06-19,Headingley,1,4.4,Derbyshire,Yorkshire,SJ Thakor,HD Rutherford,DJ Willey,2,0,,,,,,,,,
947193,2016,2016-06-19,Headingley,1,4.5,Derbyshire,Yorkshire,SJ Thakor,HD Rutherford,DJ Willey,4,0,,,,,,,,,
947193,2016,2016-06-19,Headingley,1,4.6,Derbyshire,Yorkshire,SJ Thakor,HD Rutherford,DJ Willey,3,0,,,,,,,,,
947193,2016,2016-06-19,Headingley,1,5.1,Derbyshire,Yorkshire,SJ Thakor,HD Rutherford,Azeem Rafiq,1,0,,,,,,,,,
947193,2016,2016-06-19,Headingley,1,5.2,Derbyshire,Yorkshire,HD Rutherford,SJ Thakor,Azeem Rafiq,0,0,,,,,,,,,
947193,2016,2016-06-19,Headingley,1,5.3,Derbyshire,Yorkshire,HD Rutherford,SJ Thakor,Azeem Rafiq,0,0,,,,,,caught,HD Rutherford,,
947193,2016,2016-06-19,Headingley,1,5.4,Derbyshire,Yorkshire,SJ Thakor,WL Madsen,Azeem Rafiq,1,0,,,,,,,,,
947193,2016,2016-06-19,Headingley,1,5.5,Derbyshire,Yorkshire,WL Madsen,SJ Thakor,Azeem Rafiq,0,0,,,,,,,,,
947193,2016,2016-06-19,Headingley,1,5.6,Derbyshire,Yorkshire,WL Madsen,SJ Thakor,Azeem Rafiq,4,0,,,,,,,,,
947193,2016,2016-06-19,Headingley,1,6.1,Derbyshire,Yorkshire,SJ Thakor,WL Madsen,K Carver,0,0,,,,,,,,,
947193,2016,2016-06-19,Headingley,1,6.2,Derbyshire,Yorkshire,SJ Thakor,WL Madsen,K Carver,1,0,,,,,,,,,
947193,2016,2016-06-19,Headingley,1,6.3,Derbyshire,Yorkshire,WL Madsen,SJ Thakor,K Carver,1,0,,,,,,,,,
947193,2016,2016-06-19,Headingley,1,6.4,Derbyshire,Yorkshire,SJ Thakor,WL Madsen,K Carver,1,0,,,,,,,,,
947193,2016,2016-06-19,Headingley,1,6.5,Derbyshire,Yorkshire,WL Madsen,SJ Thakor,K Carver,1,0,,,,,,,,,
947193,2016,2016-06-19,Headingley,1,6.6,Derbyshire,Yorkshire,SJ Thakor,WL Madsen,K Carver,0,0,,,,,,,,,
947193,2016,2016-06-19,Headingley,1,7.1,Derbyshire,Yorkshire,WL Madsen,SJ Thakor,SA Patterson,0,0,,,,,,,,,
947193,2016,2016-06-19,Headingley,1,7.2,Derbyshire,Yorkshire,WL Madsen,SJ Thakor,SA Patterson,2,0,,,,,,,,,
947193,2016,2016-06-19,Headingley,1,7.3,Derbyshire,Yorkshire,WL Madsen,SJ Thakor,SA Patterson,1,0,,,,,,,,,
947193,2016,2016-06-19,Headingley,1,7.4,Derbyshire,Yorkshire,SJ Thakor,WL Madsen,SA Patterson,0,0,,,,,,,,,
947193,2016,2016-06-19,Headingley,1,7.5,Derbyshire,Yorkshire,SJ Thakor,WL Madsen,SA Patterson,1,0,,,,,,,,,
947193,2016,2016-06-19,Headingley,1,7.6,Derbyshire,Yorkshire,WL Madsen,SJ Thakor,SA Patterson,1,0,,,,,,,,,
947193,2016,2016-06-19,Headingley,1,8.1,Derbyshire,Yorkshire,WL Madsen,SJ Thakor,K Carver,0,0,,,,,,caught,WL Madsen,,
947193,2016,2016-06-19,Headingley,1,8.2,Derbyshire,Yorkshire,SJ Thakor,JDS Neesham,K Carver,1,0,,,,,,,,,
947193,2016,2016-06-19,Headingley,1,8.3,Derbyshire,Yorkshire,JDS Neesham,SJ Thakor,K Carver,0,4,,,4,,,,,,
947193,2016,2016-06-19,Headingley,1,8.4,Derbyshire,Yorkshire,JDS Neesham,SJ Thakor,K Carver,0,0,,,,,,,,,
947193,2016,2016-06-19,Headingley,1,8.5,Derbyshire,Yorkshire,JDS Neesham,SJ Thakor,K Carver,0,0,,,,,,,,,
947193,2016,2016-06-19,Headingley,1,8.6,Derbyshire,Yorkshire,JDS Neesham,SJ Thakor,K Carver,0,0,,,,,,,,,
947193,2016,2016-06-19,Headingley,1,9.1,Derbyshire,Yorkshire,SJ Thakor,JDS Neesham,SA Patterson,0,3,3,,,,,,,,
947193,2016,2016-06-19,Headingley,1,9.2,Derbyshire,Yorkshire,SJ Thakor,JDS Neesham,SA Patterson,1,0,,,,,,,,,
947193,2016,2016-06-19,Headingley,1,9.3,Derbyshire,Yorkshire,JDS Neesham,SJ Thakor,SA Patterson,1,0,,,,,,,,,
947193,2016,2016-06-19,Headingley,1,9.4,Derbyshire,Yorkshire,SJ Thakor,JDS Neesham,SA Patterson,1,0,,,,,,,,,
947193,2016,2016-06-19,Headingley,1,9.5,Derbyshire,Yorkshire,JDS Neesham,SJ Thakor,SA Patterson,0,0,,,,,,,,,
947193,2016,2016-06-19,Headingley,1,9.6,Derbyshire,Yorkshire,JDS Neesham,SJ Thakor,SA Patterson,0,1,,,,1,,,,,
947193,2016,2016-06-19,Headingley,1,9.7,Derbyshire,Yorkshire,SJ Thakor,JDS Neesham,SA Patterson,4,0,,,,,,,,,
947193,2016,2016-06-19,Headingley,1,10.1,Derbyshire,Yorkshire,JDS Neesham,SJ Thakor,K Carver,4,0,,,,,,,,,
947193,2016,2016-06-19,Headingley,1,10.2,Derbyshire,Yorkshire,JDS Neesham,SJ Thakor,K Carver,4,0,,,,,,,,,
947193,2016,2016-06-19,Headingley,1,10.3,Derbyshire,Yorkshire,JDS Neesham,SJ Thakor,K Carver,1,0,,,,,,,,,
947193,2016,2016-06-19,Headingley,1,10.4,Derbyshire,Yorkshire,SJ Thakor,JDS Neesham,K Carver,1,0,,,,,,,,,
947193,2016,2016-06-19,Headingley,1,10.5,Derbyshire,Yorkshire,JDS Neesham,SJ Thakor,K Carver,1,0,,,,,,,,,
947193,2016,2016-06-19,Headingley,1,10.6,Derbyshire,Yorkshire,SJ Thakor,JDS Neesham,K Carver,1,0,,,,,,,,,
947193,2016,2016-06-19,Headingley,1,11.1,Derbyshire,Yorkshire,SJ Thakor,JDS Neesham,Azeem Rafiq,0,0,,,,,,,,,
947193,2016,2016-06-19,Headingley,1,11.2,Derbyshire,Yorkshire,SJ Thakor,JDS Neesham,Azeem Rafiq,4,0,,,,,,,,,
947193,2016,2016-06-19,Headingley,1,11.3,Derbyshire,Yorkshire,SJ Thakor,JDS Neesham,Azeem Rafiq,1,0,,,,,,,,,
947193,2016,2016-06-19,Headingley,1,11.4,Derbyshire,Yorkshire,JDS Neesham,SJ Thakor,Azeem Rafiq,1,0,,,,,,,,,
947193,2016,2016-06-19,Headingley,1,11.5,Derbyshire,Yorkshire,SJ Thakor,JDS Neesham,Azeem Rafiq,1,0,,,,,,,,,
947193,2016,2016-06-19,Headingley,1,11.6,Derbyshire,Yorkshire,JDS Neesham,SJ Thakor,Azeem Rafiq,0,1,1,,,,,,,,
947193,2016,2016-06-19,Headingley,1,11.7,Derbyshire,Yorkshire,JDS Neesham,SJ Thakor,Azeem Rafiq,6,0,,,,,,,,,
947193,2016,2016-06-19,Headingley,1,12.1,Derbyshire,Yorkshire,SJ Thakor,JDS Neesham,TT Bresnan,1,0,,,,,,,,,
947193,2016,2016-06-19,Headingley,1,12.2,Derbyshire,Yorkshire,JDS Neesham,SJ Thakor,TT Bresnan,1,0,,,,,,,,,
947193,2016,2016-06-19,Headingley,1,12.3,Derbyshire,Yorkshire,SJ Thakor,JDS Neesham,TT Bresnan,0,0,,,,,,bowled,SJ Thakor,,
947193,2016,2016-06-19,Headingley,1,12.4,Derbyshire,Yorkshire,AL Hughes,JDS Neesham,TT Bresnan,1,0,,,,,,,,,
947193,2016,2016-06-19,Headingley,1,12.5,Derbyshire,Yorkshire,JDS Neesham,AL Hughes,TT Bresnan,0,1,,,,1,,,,,
947193,2016,2016-06-19,Headingley,1,12.6,Derbyshire,Yorkshire,AL Hughes,JDS Neesham,TT Bresnan,4,0,,,,,,,,,
947193,2016,2016-06-19,Headingley,1,13.1,Derbyshire,Yorkshire,JDS Neesham,AL Hughes,Azeem Rafiq,0,0,,,,,,,,,
947193,2016,2016-06-19,Headingley,1,13.2,Derbyshire,Yorkshire,JDS Neesham,AL Hughes,Azeem Rafiq,1,0,,,,,,,,,
947193,2016,2016-06-19,Headingley,1,13.3,Derbyshire,Yorkshire,AL Hughes,JDS Neesham,Azeem Rafiq,1,0,,,,,,,,,
947193,2016,2016-06-19,Headingley,1,13.4,Derbyshire,Yorkshire,JDS Neesham,AL Hughes,Azeem Rafiq,4,0,,,,,,,,,
947193,2016,2016-06-19,Headingley,1,13.5,Derbyshire,Yorkshire,JDS Neesham,AL Hughes,Azeem Rafiq,1,0,,,,,,,,,
947193,2016,2016-06-19,Headingley,1,13.6,Derbyshire,Yorkshire,AL Hughes,JDS Neesham,Azeem Rafiq,0,1,,,,1,,,,,
947193,2016,2016-06-19,Headingley,1,14.1,Derbyshire,Yorkshire,AL Hughes,JDS Neesham,SA Patterson,0,0,,,,,,,,,
947193,2016,2016-06-19,Headingley,1,14.2,Derbyshire,Yorkshire,AL Hughes,JDS Neesham,SA Patterson,1,0,,,,,,,,,
947193,2016,2016-06-19,Headingley,1,14.3,Derbyshire,Yorkshire,JDS Neesham,AL Hughes,SA Patterson,2,0,,,,,,,,,
947193,2016,2016-06-19,Headingley,1,14.4,Derbyshire,Yorkshire,JDS Neesham,AL Hughes,SA Patterson,1,0,,,,,,,,,
947193,2016,2016-06-19,Headingley,1,14.5,Derbyshire,Yorkshire,AL Hughes,JDS Neesham,SA Patterson,0,0,,,,,,,,,
947193,2016,2016-06-19,Headingley,1,14.6,Derbyshire,Yorkshire,AL Hughes,JDS Neesham,SA Patterson,0,0,,,,,,,,,
947193,2016,2016-06-19,Headingley,1,15.1,Derbyshire,Yorkshire,JDS Neesham,AL Hughes,LE Plunkett,1,0,,,,,,,,,
947193,2016,2016-06-19,Headingley,1,15.2,Derbyshire,Yorkshire,AL Hughes,JDS Neesham,LE Plunkett,1,0,,,,,,,,,
947193,2016,2016-06-19,Headingley,1,15.3,Derbyshire,Yorkshire,JDS Neesham,AL Hughes,LE Plunkett,0,0,,,,,,caught,JDS Neesham,,
947193,2016,2016-06-19,Headingley,1,15.4,Derbyshire,Yorkshire,AL Hughes,T Poynton,LE Plunkett,1,0,,,,,,,,,
947193,2016,2016-06-19,Headingley,1,15.5,Derbyshire,Yorkshire,T Poynton,AL Hughes,LE Plunkett,1,0,,,,,,,,,
947193,2016,2016-06-19,Headingley,1,15.6,Derbyshire,Yorkshire,AL Hughes,T Poynton,LE Plunkett,0,1,,,,1,,,,,
947193,2016,2016-06-19,Headingley,1,16.1,Derbyshire,Yorkshire,AL Hughes,T Poynton,SA Patterson,1,0,,,,,,,,,
947193,2016,2016-06-19,Headingley,1,16.2,Derbyshire,Yorkshire,T Poynton,AL Hughes,SA Patterson,1,0,,,,,,,,,
947193,2016,2016-06-19,Headingley,1,16.3,Derbyshire,Yorkshire,AL Hughes,T Poynton,SA Patterson,6,0,,,,,,,,,
947193,2016,2016-06-19,Headingley,1,16.4,Derbyshire,Yorkshire,AL Hughes,T Poynton,SA Patterson,0,0,,,,,,,,,
947193,2016,2016-06-19,Headingley,1,16.5,Derbyshire,Yorkshire,AL Hughes,T Poynton,SA Patterson,1,0,,,,,,,,,
947193,2016,2016-06-19,Headingley,1,16.6,Derbyshire,Yorkshire,T Poynton,AL Hughes,SA Patterson,1,0,,,,,,,,,
947193,2016,2016-06-19,Headingley,1,17.1,Derbyshire,Yorkshire,T Poynton,AL Hughes,LE Plunkett,1,0,,,,,,,,,
947193,2016,2016-06-19,Headingley,1,17.2,Derbyshire,Yorkshire,AL Hughes,T Poynton,LE Plunkett,1,0,,,,,,,,,
947193,2016,2016-06-19,Headingley,1,17.3,Derbyshire,Yorkshire,T Poynton,AL Hughes,LE Plunkett,1,0,,,,,,,,,
947193,2016,2016-06-19,Headingley,1,17.4,Derbyshire,Yorkshire,AL Hughes,T Poynton,LE Plunkett,4,0,,,,,,,,,
947193,2016,2016-06-19,Headingley,1,17.5,Derbyshire,Yorkshire,AL Hughes,T Poynton,LE Plunkett,1,0,,,,,,,,,
947193,2016,2016-06-19,Headingley,1,17.6,Derbyshire,Yorkshire,T Poynton,AL Hughes,LE Plunkett,1,0,,,,,,,,,
947193,2016,2016-06-19,Headingley,1,18.1,Derbyshire,Yorkshire,T Poynton,AL Hughes,DJ Willey,2,0,,,,,,,,,
947193,2016,2016-06-19,Headingley,1,18.2,Derbyshire,Yorkshire,T Poynton,AL Hughes,DJ Willey,2,0,,,,,,,,,
947193,2016,2016-06-19,Headingley,1,18.3,Derbyshire,Yorkshire,T Poynton,AL Hughes,DJ Willey,2,0,,,,,,,,,
947193,2016,2016-06-19,Headingley,1,18.4,Derbyshire,Yorkshire,T Poynton,AL Hughes,DJ Willey,1,0,,,,,,run out,T Poynton,,
947193,2016,2016-06-19,Headingley,1,18.5,Derbyshire,Yorkshire,MJJ Critchley,AL Hughes,DJ Willey,0,0,,,,,,,,,
947193,2016,2016-06-19,Headingley,1,18.6,Derbyshire,Yorkshire,MJJ Critchley,AL Hughes,DJ Willey,2,0,,,,,,,,,
947193,2016,2016-06-19,Headingley,1,19.1,Derbyshire,Yorkshire,AL Hughes,MJJ Critchley,TT Bresnan,0,0,,,,,,caught,AL Hughes,,
947193,2016,2016-06-19,Headingley,1,19.2,Derbyshire,Yorkshire,BD Cotton,MJJ Critchley,TT Bresnan,0,1,,,,1,,,,,
947193,2016,2016-06-19,Headingley,1,19.3,Derbyshire,Yorkshire,MJJ Critchley,BD Cotton,TT Bresnan,6,0,,,,,,,,,
947193,2016,2016-06-19,Headingley,1,19.4,Derbyshire,Yorkshire,MJJ Critchley,BD Cotton,TT Bresnan,0,0,,,,,,,,,
947193,2016,2016-06-19,Headingley,1,19.5,Derbyshire,Yorkshire,MJJ Critchley,BD Cotton,TT Bresnan,2,0,,,,,,,,,
947193,2016,2016-06-19,Headingley,1,19.6,Derbyshire,Yorkshire,MJJ Critchley,BD Cotton,TT Bresnan,0,0,,,,,,bowled,MJJ Critchley,,
947193,2016,2016-06-19,Headingley,2,0.1,Yorkshire,Derbyshire,A Lyth,DJ Willey,WL Madsen,0,0,,,,,,,,,
947193,2016,2016-06-19,Headingley,2,0.2,Yorkshire,Derbyshire,A Lyth,DJ Willey,WL Madsen,0,0,,,,,,,,,
947193,2016,2016-06-19,Headingley,2,0.3,Yorkshire,Derbyshire,A Lyth,DJ Willey,WL Madsen,1,0,,,,,,,,,
947193,2016,2016-06-19,Headingley,2,0.4,Yorkshire,Derbyshire,DJ Willey,A Lyth,WL Madsen,1,0,,,,,,,,,
947193,2016,2016-06-19,Headingley,2,0.5,Yorkshire,Derbyshire,A Lyth,DJ Willey,WL Madsen,0,0,,,,,,,,,
947193,2016,2016-06-19,Headingley,2,0.6,Yorkshire,Derbyshire,A Lyth,DJ Willey,WL Madsen,4,0,,,,,,,,,
947193,2016,2016-06-19,Headingley,2,1.1,Yorkshire,Derbyshire,DJ Willey,A Lyth,BD Cotton,0,0,,,,,,,,,
947193,2016,2016-06-19,Headingley,2,1.2,Yorkshire,Derbyshire,DJ Willey,A Lyth,BD Cotton,1,0,,,,,,,,,
947193,2016,2016-06-19,Headingley,2,1.3,Yorkshire,Derbyshire,A Lyth,DJ Willey,BD Cotton,2,0,,,,,,,,,
947193,2016,2016-06-19,Headingley,2,1.4,Yorkshire,Derbyshire,A Lyth,DJ Willey,BD Cotton,6,0,,,,,,,,,
947193,2016,2016-06-19,Headingley,2,1.5,Yorkshire,Derbyshire,A Lyth,DJ Willey,BD Cotton,0,0,,,,,,,,,
947193,2016,2016-06-19,Headingley,2,1.6,Yorkshire,Derbyshire,A Lyth,DJ Willey,BD Cotton,4,0,,,,,,,,,
947193,2016,2016-06-19,Headingley,2,2.1,Yorkshire,Derbyshire,DJ Willey,A Lyth,JDS Neesham,1,0,,,,,,,,,
947193,2016,2016-06-19,Headingley,2,2.2,Yorkshire,Derbyshire,A Lyth,DJ Willey,JDS Neesham,1,0,,,,,,,,,
947193,2016,2016-06-19,Headingley,2,2.3,Yorkshire,Derbyshire,DJ Willey,A Lyth,JDS Neesham,0,0,,,,,,,,,
947193,2016,2016-06-19,Headingley,2,2.4,Yorkshire,Derbyshire,DJ Willey,A Lyth,JDS Neesham,0,0,,,,,,,,,
947193,2016,2016-06-19,Headingley,2,2.5,Yorkshire,Derbyshire,DJ Willey,A Lyth,JDS Neesham,4,0,,,,,,,,,
947193,2016,2016-06-19,Headingley,2,2.6,Yorkshire,Derbyshire,DJ Willey,A Lyth,JDS Neesham,1,0,,,,,,,,,
947193,2016,2016-06-19,Headingley,2,3.1,Yorkshire,Derbyshire,DJ Willey,A Lyth,WL Madsen,0,0,,,,,,lbw,DJ Willey,,
947193,2016,2016-06-19,Headingley,2,3.2,Yorkshire,Derbyshire,KS Williamson,A Lyth,WL Madsen,0,0,,,,,,,,,
947193,2016,2016-06-19,Headingley,2,3.3,Yorkshire,Derbyshire,KS Williamson,A Lyth,WL Madsen,0,0,,,,,,,,,
947193,2016,2016-06-19,Headingley,2,3.4,Yorkshire,Derbyshire,KS Williamson,A Lyth,WL Madsen,0,0,,,,,,,,,
947193,2016,2016-06-19,Headingley,2,3.5,Yorkshire,Derbyshire,KS Williamson,A Lyth,WL Madsen,0,0,,,,,,,,,
947193,2016,2016-06-19,Headingley,2,3.6,Yorkshire,Derbyshire,KS Williamson,A Lyth,WL Madsen,1,0,,,,,,,,,
947193,2016,2016-06-19,Headingley,2,4.1,Yorkshire,Derbyshire,KS Williamson,A Lyth,JDS Neesham,1,0,,,,,,,,,
947193,2016,2016-06-19,Headingley,2,4.2,Yorkshire,Derbyshire,A Lyth,KS Williamson,JDS Neesham,4,0,,,,,,,,,
947193,2016,2016-06-19,Headingley,2,4.3,Yorkshire,Derbyshire,A Lyth,KS Williamson,JDS Neesham,6,0,,,,,,,,,
947193,2016,2016-06-19,Headingley,2,4.4,Yorkshire,Derbyshire,A Lyth,KS Williamson,JDS Neesham,1,0,,,,,,,,,
947193,2016,2016-06-19,Headingley,2,4.5,Yorkshire,Derbyshire,KS Williamson,A Lyth,JDS Neesham,2,0,,,,,,,,,
947193,2016,2016-06-19,Headingley,2,4.6,Yorkshire,Derbyshire,KS Williamson,A Lyth,JDS Neesham,0,0,,,,,,,,,
947193,2016,2016-06-19,Headingley,2,5.1,Yorkshire,Derbyshire,A Lyth,KS Williamson,WL Madsen,1,0,,,,,,,,,
947193,2016,2016-06-19,Headingley,2,5.2,Yorkshire,Derbyshire,KS Williamson,A Lyth,WL Madsen,6,0,,,,,,,,,
947193,2016,2016-06-19,Headingley,2,5.3,Yorkshire,Derbyshire,KS Williamson,A Lyth,WL Madsen,0,0,,,,,,,,,
947193,2016,2016-06-19,Headingley,2,5.4,Yorkshire,Derbyshire,KS Williamson,A Lyth,WL Madsen,0,0,,,,,,,,,
947193,2016,2016-06-19,Headingley,2,5.5,Yorkshire,Derbyshire,KS Williamson,A Lyth,WL Madsen,0,0,,,,,,,,,
947193,2016,2016-06-19,Headingley,2,5.6,Yorkshire,Derbyshire,KS Williamson,A Lyth,WL Madsen,3,0,,,,,,,,,
947193,2016,2016-06-19,Headingley,2,6.1,Yorkshire,Derbyshire,KS Williamson,A Lyth,MJJ Critchley,1,0,,,,,,,,,
947193,2016,2016-06-19,Headingley,2,6.2,Yorkshire,Derbyshire,A Lyth,KS Williamson,MJJ Critchley,0,0,,,,,,,,,
947193,2016,2016-06-19,Headingley,2,6.3,Yorkshire,Derbyshire,A Lyth,KS Williamson,MJJ Critchley,0,0,,,,,,lbw,A Lyth,,
947193,2016,2016-06-19,Headingley,2,6.4,Yorkshire,Derbyshire,JE Root,KS Williamson,MJJ Critchley,1,0,,,,,,,,,
947193,2016,2016-06-19,Headingley,2,6.5,Yorkshire,Derbyshire,KS Williamson,JE Root,MJJ Critchley,4,0,,,,,,,,,
947193,2016,2016-06-19,Headingley,2,6.6,Yorkshire,Derbyshire,KS Williamson,JE Root,MJJ Critchley,1,0,,,,,,,,,
947193,2016,2016-06-19,Headingley,2,7.1,Yorkshire,Derbyshire,KS Williamson,JE Root,AL Hughes,0,0,,,,,,,,,
947193,2016,2016-06-19,Headingley,2,7.2,Yorkshire,Derbyshire,KS Williamson,JE Root,AL Hughes,0,0,,,,,,,,,
947193,2016,2016-06-19,Headingley,2,7.3,Yorkshire,Derbyshire,KS Williamson,JE Root,AL Hughes,1,0,,,,,,,,,
947193,2016,2016-06-19,Headingley,2,7.4,Yorkshire,Derbyshire,JE Root,KS Williamson,AL Hughes,1,0,,,,,,,,,
947193,2016,2016-06-19,Headingley,2,7.5,Yorkshire,Derbyshire,KS Williamson,JE Root,AL Hughes,1,0,,,,,,,,,
947193,2016,2016-06-19,Headingley,2,7.6,Yorkshire,Derbyshire,JE Root,KS Williamson,AL Hughes,0,0,,,,,,run out,KS Williamson,,
947193,2016,2016-06-19,Headingley,2,8.1,Yorkshire,Derbyshire,JM Bairstow,JE Root,MJJ Critchley,0,0,,,,,,,,,
947193,2016,2016-06-19,Headingley,2,8.2,Yorkshire,Derbyshire,JM Bairstow,JE Root,MJJ Critchley,2,0,,,,,,,,,
947193,2016,2016-06-19,Headingley,2,8.3,Yorkshire,Derbyshire,JM Bairstow,JE Root,MJJ Critchley,1,0,,,,,,,,,
947193,2016,2016-06-19,Headingley,2,8.4,Yorkshire,Derbyshire,JE Root,JM Bairstow,MJJ Critchley,2,0,,,,,,,,,
947193,2016,2016-06-19,Headingley,2,8.5,Yorkshire,Derbyshire,JE Root,JM Bairstow,MJJ Critchley,0,0,,,,,,,,,
947193,2016,2016-06-19,Headingley,2,8.6,Yorkshire,Derbyshire,JE Root,JM Bairstow,MJJ Critchley,1,0,,,,,,,,,
