match_id,season,start_date,venue,innings,ball,batting_team,bowling_team,striker,non_striker,bowler,runs_off_bat,extras,wides,noballs,byes,legbyes,penalty,wicket_type,player_dismissed,other_wicket_type,other_player_dismissed
947161,2016,2016-06-10,"County Ground, New Road",1,0.1,Northamptonshire,Worcestershire,AG Wakely,AM Rossington,JD Shantry,0,0,,,,,,,,,
947161,2016,2016-06-10,"County Ground, New Road",1,0.2,Northamptonshire,Worcestershire,AG Wakely,AM Rossington,JD Shantry,0,0,,,,,,,,,
947161,2016,2016-06-10,"County Ground, New Road",1,0.3,Northamptonshire,Worcestershire,AG Wakely,AM Rossington,JD Shantry,0,0,,,,,,,,,
947161,2016,2016-06-10,"County Ground, New Road",1,0.4,Northamptonshire,Worcestershire,AG Wakely,AM Rossington,JD Shantry,1,0,,,,,,,,,
947161,2016,2016-06-10,"County Ground, New Road",1,0.5,Northamptonshire,Worcestershire,AM Rossington,AG Wakely,JD Shantry,1,0,,,,,,,,,
947161,2016,2016-06-10,"County Ground, New Road",1,0.6,Northamptonshire,Worcestershire,AG Wakely,AM Rossington,JD Shantry,0,0,,,,,,,,,
947161,2016,2016-06-10,"County Ground, New Road",1,1.1,Northamptonshire,Worcestershire,AM Rossington,AG Wakely,J Leach,1,0,,,,,,,,,
947161,2016,2016-06-10,"County Ground, New Road",1,1.2,Northamptonshire,Worcestershire,AG Wakely,AM Rossington,J Leach,1,0,,,,,,,,,
947161,2016,2016-06-10,"County Ground, New Road",1,1.3,Northamptonshire,Worcestershire,AM Rossington,AG Wakely,J Leach,0,0,,,,,,caught,AM Rossington,,
947161,2016,2016-06-10,"County Ground, New Road",1,1.4,Northamptonshire,Worcestershire,JJ Cobb,AG Wakely,J Leach,0,0,,,,,,,,,
947161,2016,2016-06-10,"County Ground, New Road",1,1.5,Northamptonshire,Worcestershire,JJ Cobb,AG Wakely,J Leach,0,0,,,,,,,,,
947161,2016,2016-06-10,"County Ground, New Road",1,1.6,Northamptonshire,Worcestershire,JJ Cobb,AG Wakely,J Leach,2,0,,,,,,,,,
947161,2016,2016-06-10,"County Ground, New Road",1,2.1,Northamptonshire,Worcestershire,AG Wakely,JJ Cobb,JD Shantry,4,0,,,,,,,,,
947161,2016,2016-06-10,"County Ground, New Road",1,2.2,Northamptonshire,Worcestershire,AG Wakely,JJ Cobb,JD Shantry,1,0,,,,,,,,,
947161,2016,2016-06-10,"County Ground, New Road",1,2.3,Northamptonshire,Worcestershire,JJ Cobb,AG Wakely,JD Shantry,6,0,,,,,,,,,
947161,2016,2016-06-10,"County Ground, New Road",1,2.4,Northamptonshire,Worcestershire,JJ Cobb,AG Wakely,JD Shantry,1,0,,,,,,,,,
947161,2016,2016-06-10,"County Ground, New Road",1,2.5,Northamptonshire,Worcestershire,AG Wakely,JJ Cobb,JD Shantry,0,0,,,,,,,,,
947161,2016,2016-06-10,"County Ground, New Road",1,2.6,Northamptonshire,Worcestershire,AG Wakely,JJ Cobb,JD Shantry,1,0,,,,,,,,,
947161,2016,2016-06-10,"County Ground, New Road",1,3.1,Northamptonshire,Worcestershire,AG Wakely,JJ Cobb,J Leach,1,0,,,,,,,,,
947161,2016,2016-06-10,"County Ground, New Road",1,3.2,Northamptonshire,Worcestershire,JJ Cobb,AG Wakely,J Leach,2,0,,,,,,,,,
947161,2016,2016-06-10,"County Ground, New Road",1,3.3,Northamptonshire,Worcestershire,JJ Cobb,AG Wakely,J Leach,0,0,,,,,,,,,
947161,2016,2016-06-10,"County Ground, New Road",1,3.4,Northamptonshire,Worcestershire,JJ Cobb,AG Wakely,J Leach,3,0,,,,,,,,,
947161,2016,2016-06-10,"County Ground, New Road",1,3.5,Northamptonshire,Worcestershire,AG Wakely,JJ Cobb,J Leach,4,0,,,,,,,,,
947161,2016,2016-06-10,"County Ground, New Road",1,3.6,Northamptonshire,Worcestershire,AG Wakely,JJ Cobb,J Leach,4,0,,,,,,,,,
947161,2016,2016-06-10,"County Ground, New Road",1,4.1,Northamptonshire,Worcestershire,JJ Cobb,AG Wakely,EG Barnard,2,0,,,,,,,,,
947161,2016,2016-06-10,"County Ground, New Road",1,4.2,Northamptonshire,Worcestershire,JJ Cobb,AG Wakely,EG Barnard,0,0,,,,,,,,,
947161,2016,2016-06-10,"County Ground, New Road",1,4.3,Northamptonshire,Worcestershire,JJ Cobb,AG Wakely,EG Barnard,6,0,,,,,,,,,
947161,2016,2016-06-10,"County Ground, New Road",1,4.4,Northamptonshire,Worcestershire,JJ Cobb,AG Wakely,EG Barnard,0,0,,,,,,,,,
947161,2016,2016-06-10,"County Ground, New Road",1,4.5,Northamptonshire,Worcestershire,JJ Cobb,AG Wakely,EG Barnard,0,0,,,,,,,,,
947161,2016,2016-06-10,"County Ground, New Road",1,4.6,Northamptonshire,Worcestershire,JJ Cobb,AG Wakely,EG Barnard,1,0,,,,,,,,,
947161,2016,2016-06-10,"County Ground, New Road",1,5.1,Northamptonshire,Worcestershire,JJ Cobb,AG Wakely,CJ Russell,0,0,,,,,,,,,
947161,2016,2016-06-10,"County Ground, New Road",1,5.2,Northamptonshire,Worcestershire,JJ Cobb,AG Wakely,CJ Russell,0,0,,,,,,caught,JJ Cobb,,
947161,2016,2016-06-10,"County Ground, New Road",1,5.3,Northamptonshire,Worcestershire,BM Duckett,AG Wakely,CJ Russell,0,0,,,,,,,,,
947161,2016,2016-06-10,"County Ground, New Road",1,5.4,Northamptonshire,Worcestershire,BM Duckett,AG Wakely,CJ Russell,1,0,,,,,,,,,
947161,2016,2016-06-10,"County Ground, New Road",1,5.5,Northamptonshire,Worcestershire,AG Wakely,BM Duckett,CJ Russell,1,0,,,,,,,,,
947161,2016,2016-06-10,"County Ground, New Road",1,5.6,Northamptonshire,Worcestershire,BM Duckett,AG Wakely,CJ Russell,4,0,,,,,,,,,
947161,2016,2016-06-10,"County Ground, New Road",1,6.1,Northamptonshire,Worcestershire,AG Wakely,BM Duckett,EG Barnard,0,0,,,,,,,,,
947161,2016,2016-06-10,"County Ground, New Road",1,6.2,Northamptonshire,Worcestershire,AG Wakely,BM Duckett,EG Barnard,2,0,,,,,,,,,
947161,2016,2016-06-10,"County Ground, New Road",1,6.3,Northamptonshire,Worcestershire,AG Wakely,BM Duckett,EG Barnard,0,0,,,,,,,,,
947161,2016,2016-06-10,"County Ground, New Road",1,6.4,Northamptonshire,Worcestershire,AG Wakely,BM Duckett,EG Barnard,0,0,,,,,,,,,
947161,2016,2016-06-10,"County Ground, New Road",1,6.5,Northamptonshire,Worcestershire,AG Wakely,BM Duckett,EG Barnard,0,0,,,,,,caught,AG Wakely,,
947161,2016,2016-06-10,"County Ground, New Road",1,6.6,Northamptonshire,Worcestershire,SP Crook,BM Duckett,EG Barnard,1,0,,,,,,,,,
947161,2016,2016-06-10,"County Ground, New Road",1,7.1,Northamptonshire,Worcestershire,SP Crook,BM Duckett,GH Rhodes,1,0,,,,,,,,,
947161,2016,2016-06-10,"County Ground, New Road",1,7.2,Northamptonshire,Worcestershire,BM Duckett,SP Crook,GH Rhodes,1,0,,,,,,,,,
947161,2016,2016-06-10,"County Ground, New Road",1,7.3,Northamptonshire,Worcestershire,SP Crook,BM Duckett,GH Rhodes,1,0,,,,,,,,,
947161,2016,2016-06-10,"County Ground, New Road",1,7.4,Northamptonshire,Worcestershire,BM Duckett,SP Crook,GH Rhodes,0,0,,,,,,,,,
947161,2016,2016-06-10,"County Ground, New Road",1,7.5,Northamptonshire,Worcestershire,BM Duckett,SP Crook,GH Rhodes,1,0,,,,,,,,,
947161,2016,2016-06-10,"County Ground, New Road",1,7.6,Northamptonshire,Worcestershire,SP Crook,BM Duckett,GH Rhodes,1,0,,,,,,,,,
947161,2016,2016-06-10,"County Ground, New Road",1,8.1,Northamptonshire,Worcestershire,SP Crook,BM Duckett,CJ Russell,0,1,1,,,,,,,,
947161,2016,2016-06-10,"County Ground, New Road",1,8.2,Northamptonshire,Worcestershire,SP Crook,BM Duckett,CJ Russell,0,1,,,,1,,,,,
947161,2016,2016-06-10,"County Ground, New Road",1,8.3,Northamptonshire,Worcestershire,BM Duckett,SP Crook,CJ Russell,0,0,,,,,,,,,
947161,2016,2016-06-10,"County Ground, New Road",1,8.4,Northamptonshire,Worcestershire,BM Duckett,SP Crook,CJ Russell,0,0,,,,,,,,,
947161,2016,2016-06-10,"County Ground, New Road",1,8.5,Northamptonshire,Worcestershire,BM Duckett,SP Crook,CJ Russell,1,0,,,,,,,,,
947161,2016,2016-06-10,"County Ground, New Road",1,8.6,Northamptonshire,Worcestershire,SP Crook,BM Duckett,CJ Russell,0,0,,,,,,,,,
947161,2016,2016-06-10,"County Ground, New Road",1,8.7,Northamptonshire,Worcestershire,SP Crook,BM Duckett,CJ Russell,1,0,,,,,,,,,
947161,2016,2016-06-10,"County Ground, New Road",1,9.1,Northamptonshire,Worcestershire,SP Crook,BM Duckett,BL D'Oliveira,0,0,,,,,,,,,
947161,2016,2016-06-10,"County Ground, New Road",1,9.2,Northamptonshire,Worcestershire,SP Crook,BM Duckett,BL D'Oliveira,1,0,,,,,,,,,
947161,2016,2016-06-10,"County Ground, New Road",1,9.3,Northamptonshire,Worcestershire,BM Duckett,SP Crook,BL D'Oliveira,6,0,,,,,,,,,
947161,2016,2016-06-10,"County Ground, New Road",1,9.4,Northamptonshire,Worcestershire,BM Duckett,SP Crook,BL D'Oliveira,6,0,,,,,,,,,
947161,2016,2016-06-10,"County Ground, New Road",1,9.5,Northamptonshire,Worcestershire,BM Duckett,SP Crook,BL D'Oliveira,0,0,,,,,,,,,
947161,2016,2016-06-10,"County Ground, New Road",1,9.6,Northamptonshire,Worcestershire,BM Duckett,SP Crook,BL D'Oliveira,1,0,,,,,,,,,
947161,2016,2016-06-10,"County Ground, New Road",1,10.1,Northamptonshire,Worcestershire,BM Duckett,SP Crook,CJ Russell,1,0,,,,,,,,,
947161,2016,2016-06-10,"County Ground, New Road",1,10.2,Northamptonshire,Worcestershire,SP Crook,BM Duckett,CJ Russell,0,1,1,,,,,,,,
947161,2016,2016-06-10,"County Ground, New Road",1,10.3,Northamptonshire,Worcestershire,SP Crook,BM Duckett,CJ Russell,6,0,,,,,,,,,
947161,2016,2016-06-10,"County Ground, New Road",1,10.4,Northamptonshire,Worcestershire,SP Crook,BM Duckett,CJ Russell,0,1,1,,,,,,,,
947161,2016,2016-06-10,"County Ground, New Road",1,10.5,Northamptonshire,Worcestershire,SP Crook,BM Duckett,CJ Russell,1,0,,,,,,,,,
947161,2016,2016-06-10,"County Ground, New Road",1,10.6,Northamptonshire,Worcestershire,BM Duckett,SP Crook,CJ Russell,0,1,1,,,,,,,,
947161,2016,2016-06-10,"County Ground, New Road",1,10.7,Northamptonshire,Worcestershire,BM Duckett,SP Crook,CJ Russell,2,0,,,,,,,,,
947161,2016,2016-06-10,"County Ground, New Road",1,10.8,Northamptonshire,Worcestershire,BM Duckett,SP Crook,CJ Russell,0,0,,,,,,,,,
947161,2016,2016-06-10,"County Ground, New Road",1,10.9,Northamptonshire,Worcestershire,BM Duckett,SP Crook,CJ Russell,0,0,,,,,,,,,
947161,2016,2016-06-10,"County Ground, New Road",1,11.1,Northamptonshire,Worcestershire,SP Crook,BM Duckett,GH Rhodes,0,0,,,,,,,,,
947161,2016,2016-06-10,"County Ground, New Road",1,11.2,Northamptonshire,Worcestershire,SP Crook,BM Duckett,GH Rhodes,0,0,,,,,,caught,SP Crook,,
947161,2016,2016-06-10,"County Ground, New Road",1,11.3,Northamptonshire,Worcestershire,BM Duckett,S Prasanna,GH Rhodes,4,0,,,,,,,,,
947161,2016,2016-06-10,"County Ground, New Road",1,11.4,Northamptonshire,Worcestershire,BM Duckett,S Prasanna,GH Rhodes,0,0,,,,,,,,,
947161,2016,2016-06-10,"County Ground, New Road",1,11.5,Northamptonshire,Worcestershire,BM Duckett,S Prasanna,GH Rhodes,1,0,,,,,,,,,
947161,2016,2016-06-10,"County Ground, New Road",1,11.6,Northamptonshire,Worcestershire,S Prasanna,BM Duckett,GH Rhodes,1,0,,,,,,,,,
947161,2016,2016-06-10,"County Ground, New Road",1,12.1,Northamptonshire,Worcestershire,S Prasanna,BM Duckett,BL D'Oliveira,0,0,,,,,,,,,
947161,2016,2016-06-10,"County Ground, New Road",1,12.2,Northamptonshire,Worcestershire,S Prasanna,BM Duckett,BL D'Oliveira,1,0,,,,,,,,,
947161,2016,2016-06-10,"County Ground, New Road",1,12.3,Northamptonshire,Worcestershire,BM Duckett,S Prasanna,BL D'Oliveira,1,0,,,,,,,,,
947161,2016,2016-06-10,"County Ground, New Road",1,12.4,Northamptonshire,Worcestershire,S Prasanna,BM Duckett,BL D'Oliveira,0,0,,,,,,caught,S Prasanna,,
947161,2016,2016-06-10,"County Ground, New Road",1,12.5,Northamptonshire,Worcestershire,RI Keogh,BM Duckett,BL D'Oliveira,0,1,1,,,,,,,,
947161,2016,2016-06-10,"County Ground, New Road",1,12.6,Northamptonshire,Worcestershire,RI Keogh,BM Duckett,BL D'Oliveira,4,0,,,,,,,,,
947161,2016,2016-06-10,"County Ground, New Road",1,12.7,Northamptonshire,Worcestershire,RI Keogh,BM Duckett,BL D'Oliveira,4,0,,,,,,,,,
947161,2016,2016-06-10,"County Ground, New Road",1,13.1,Northamptonshire,Worcestershire,BM Duckett,RI Keogh,JD Shantry,0,1,,,,1,,,,,
947161,2016,2016-06-10,"County Ground, New Road",1,13.2,Northamptonshire,Worcestershire,RI Keogh,BM Duckett,JD Shantry,0,0,,,,,,,,,
947161,2016,2016-06-10,"County Ground, New Road",1,13.3,Northamptonshire,Worcestershire,RI Keogh,BM Duckett,JD Shantry,1,0,,,,,,,,,
947161,2016,2016-06-10,"County Ground, New Road",1,13.4,Northamptonshire,Worcestershire,BM Duckett,RI Keogh,JD Shantry,4,0,,,,,,,,,
947161,2016,2016-06-10,"County Ground, New Road",1,13.5,Northamptonshire,Worcestershire,BM Duckett,RI Keogh,JD Shantry,2,0,,,,,,,,,
947161,2016,2016-06-10,"County Ground, New Road",1,13.6,Northamptonshire,Worcestershire,BM Duckett,RI Keogh,JD Shantry,1,0,,,,,,,,,
947161,2016,2016-06-10,"County Ground, New Road",1,14.1,Northamptonshire,Worcestershire,BM Duckett,RI Keogh,EG Barnard,1,0,,,,,,,,,
947161,2016,2016-06-10,"County Ground, New Road",1,14.2,Northamptonshire,Worcestershire,RI Keogh,BM Duckett,EG Barnard,1,0,,,,,,,,,
947161,2016,2016-06-10,"County Ground, New Road",1,14.3,Northamptonshire,Worcestershire,BM Duckett,RI Keogh,EG Barnard,0,0,,,,,,,,,
947161,2016,2016-06-10,"County Ground, New Road",1,14.4,Northamptonshire,Worcestershire,BM Duckett,RI Keogh,EG Barnard,1,0,,,,,,,,,
947161,2016,2016-06-10,"County Ground, New Road",1,14.5,Northamptonshire,Worcestershire,RI Keogh,BM Duckett,EG Barnard,4,0,,,,,,,,,
947161,2016,2016-06-10,"County Ground, New Road",1,14.6,Northamptonshire,Worcestershire,RI Keogh,BM Duckett,EG Barnard,1,0,,,,,,,,,
947161,2016,2016-06-10,"County Ground, New Road",1,15.1,Northamptonshire,Worcestershire,RI Keogh,BM Duckett,CJ Russell,1,0,,,,,,,,,
947161,2016,2016-06-10,"County Ground, New Road",1,15.2,Northamptonshire,Worcestershire,BM Duckett,RI Keogh,CJ Russell,0,0,,,,,,,,,
947161,2016,2016-06-10,"County Ground, New Road",1,15.3,Northamptonshire,Worcestershire,BM Duckett,RI Keogh,CJ Russell,6,0,,,,,,,,,
947161,2016,2016-06-10,"County Ground, New Road",1,15.4,Northamptonshire,Worcestershire,BM Duckett,RI Keogh,CJ Russell,0,0,,,,,,,,,
947161,2016,2016-06-10,"County Ground, New Road",1,15.5,Northamptonshire,Worcestershire,BM Duckett,RI Keogh,CJ Russell,0,0,,,,,,,,,
947161,2016,2016-06-10,"County Ground, New Road",1,15.6,Northamptonshire,Worcestershire,BM Duckett,RI Keogh,CJ Russell,4,0,,,,,,,,,
947161,2016,2016-06-10,"County Ground, New Road",1,16.1,Northamptonshire,Worcestershire,RI Keogh,BM Duckett,EG Barnard,1,0,,,,,,,,,
947161,2016,2016-06-10,"County Ground, New Road",1,16.2,Northamptonshire,Worcestershire,BM Duckett,RI Keogh,EG Barnard,1,0,,,,,,,,,
947161,2016,2016-06-10,"County Ground, New Road",1,16.3,Northamptonshire,Worcestershire,RI Keogh,BM Duckett,EG Barnard,4,0,,,,,,,,,
947161,2016,2016-06-10,"County Ground, New Road",1,16.4,Northamptonshire,Worcestershire,RI Keogh,BM Duckett,EG Barnard,1,0,,,,,,,,,
947161,2016,2016-06-10,"County Ground, New Road",1,16.5,Northamptonshire,Worcestershire,BM Duckett,RI Keogh,EG Barnard,0,0,,,,,,,,,
947161,2016,2016-06-10,"County Ground, New Road",1,16.6,Northamptonshire,Worcestershire,BM Duckett,RI Keogh,EG Barnard,0,0,,,,,,,,,
947161,2016,2016-06-10,"County Ground, New Road",1,17.1,Northamptonshire,Worcestershire,RI Keogh,BM Duckett,J Leach,0,0,,,,,,caught,RI Keogh,,
947161,2016,2016-06-10,"County Ground, New Road",1,17.2,Northamptonshire,Worcestershire,GG White,BM Duckett,J Leach,1,0,,,,,,,,,
947161,2016,2016-06-10,"County Ground, New Road",1,17.3,Northamptonshire,Worcestershire,BM Duckett,GG White,J Leach,0,0,,,,,,bowled,BM Duckett,,
947161,2016,2016-06-10,"County Ground, New Road",1,17.4,Northamptonshire,Worcestershire,RJ Gleeson,GG White,J Leach,0,0,,,,,,,,,
947161,2016,2016-06-10,"County Ground, New Road",1,17.5,Northamptonshire,Worcestershire,RJ Gleeson,GG White,J Leach,1,0,,,,,,,,,
947161,2016,2016-06-10,"County Ground, New Road",1,17.6,Northamptonshire,Worcestershire,GG White,RJ Gleeson,J Leach,0,0,,,,,,,,,
947161,2016,2016-06-10,"County Ground, New Road",1,18.1,Northamptonshire,Worcestershire,RJ Gleeson,GG White,JD Shantry,1,0,,,,,,,,,
947161,2016,2016-06-10,"County Ground, New Road",1,18.2,Northamptonshire,Worcestershire,GG White,RJ Gleeson,JD Shantry,6,0,,,,,,,,,
947161,2016,2016-06-10,"County Ground, New Road",1,18.3,Northamptonshire,Worcestershire,GG White,RJ Gleeson,JD Shantry,6,0,,,,,,,,,
947161,2016,2016-06-10,"County Ground, New Road",1,18.4,Northamptonshire,Worcestershire,GG White,RJ Gleeson,JD Shantry,6,0,,,,,,,,,
947161,2016,2016-06-10,"County Ground, New Road",1,18.5,Northamptonshire,Worcestershire,GG White,RJ Gleeson,JD Shantry,2,0,,,,,,,,,
947161,2016,2016-06-10,"County Ground, New Road",1,18.6,Northamptonshire,Worcestershire,GG White,RJ Gleeson,JD Shantry,0,1,1,,,,,,,,
947161,2016,2016-06-10,"County Ground, New Road",1,18.7,Northamptonshire,Worcestershire,GG White,RJ Gleeson,JD Shantry,0,0,,,,,,,,,
947161,2016,2016-06-10,"County Ground, New Road",1,19.1,Northamptonshire,Worcestershire,RJ Gleeson,GG White,J Leach,4,0,,,,,,,,,
947161,2016,2016-06-10,"County Ground, New Road",1,19.2,Northamptonshire,Worcestershire,RJ Gleeson,GG White,J Leach,0,0,,,,,,,,,
947161,2016,2016-06-10,"County Ground, New Road",1,19.3,Northamptonshire,Worcestershire,RJ Gleeson,GG White,J Leach,1,0,,,,,,,,,
947161,2016,2016-06-10,"County Ground, New Road",1,19.4,Northamptonshire,Worcestershire,GG White,RJ Gleeson,J Leach,0,0,,,,,,,,,
947161,2016,2016-06-10,"County Ground, New Road",1,19.5,Northamptonshire,Worcestershire,GG White,RJ Gleeson,J Leach,0,0,,,,,,,,,
947161,2016,2016-06-10,"County Ground, New Road",1,19.6,Northamptonshire,Worcestershire,GG White,RJ Gleeson,J Leach,1,0,,,,,,,,,
947161,2016,2016-06-10,"County Ground, New Road",2,0.1,Worcestershire,Northamptonshire,J Leach,T Kohler-Cadmore,BW Sanderson,0,0,,,,,,,,,
947161,2016,2016-06-10,"County Ground, New Road",2,0.2,Worcestershire,Northamptonshire,J Leach,T Kohler-Cadmore,BW Sanderson,1,0,,,,,,,,,
947161,2016,2016-06-10,"County Ground, New Road",2,0.3,Worcestershire,Northamptonshire,T Kohler-Cadmore,J Leach,BW Sanderson,0,5,5,,,,,,,,
947161,2016,2016-06-10,"County Ground, New Road",2,0.4,Worcestershire,Northamptonshire,T Kohler-Cadmore,J Leach,BW Sanderson,1,0,,,,,,,,,
947161,2016,2016-06-10,"County Ground, New Road",2,0.5,Worcestershire,Northamptonshire,J Leach,T Kohler-Cadmore,BW Sanderson,6,0,,,,,,,,,
947161,2016,2016-06-10,"County Ground, New Road",2,0.6,Worcestershire,Northamptonshire,J Leach,T Kohler-Cadmore,BW Sanderson,4,0,,,,,,,,,
947161,2016,2016-06-10,"County Ground, New Road",2,0.7,Worcestershire,Northamptonshire,J Leach,T Kohler-Cadmore,BW Sanderson,0,0,,,,,,caught,J Leach,,
947161,2016,2016-06-10,"County Ground, New Road",2,1.1,Worcestershire,Northamptonshire,T Kohler-Cadmore,JM Clarke,RJ Gleeson,1,0,,,,,,,,,
947161,2016,2016-06-10,"County Ground, New Road",2,1.2,Worcestershire,Northamptonshire,JM Clarke,T Kohler-Cadmore,RJ Gleeson,1,0,,,,,,,,,
947161,2016,2016-06-10,"County Ground, New Road",2,1.3,Worcestershire,Northamptonshire,T Kohler-Cadmore,JM Clarke,RJ Gleeson,0,0,,,,,,,,,
947161,2016,2016-06-10,"County Ground, New Road",2,1.4,Worcestershire,Northamptonshire,T Kohler-Cadmore,JM Clarke,RJ Gleeson,0,0,,,,,,,,,
947161,2016,2016-06-10,"County Ground, New Road",2,1.5,Worcestershire,Northamptonshire,T Kohler-Cadmore,JM Clarke,RJ Gleeson,0,0,,,,,,,,,
947161,2016,2016-06-10,"County Ground, New Road",2,1.6,Worcestershire,Northamptonshire,T Kohler-Cadmore,JM Clarke,RJ Gleeson,0,0,,,,,,,,,
947161,2016,2016-06-10,"County Ground, New Road",2,2.1,Worcestershire,Northamptonshire,JM Clarke,T Kohler-Cadmore,Azharullah,0,0,,,,,,caught,JM Clarke,,
947161,2016,2016-06-10,"County Ground, New Road",2,2.2,Worcestershire,Northamptonshire,T Kohler-Cadmore,AN Kervezee,Azharullah,1,0,,,,,,,,,
947161,2016,2016-06-10,"County Ground, New Road",2,2.3,Worcestershire,Northamptonshire,AN Kervezee,T Kohler-Cadmore,Azharullah,0,0,,,,,,,,,
947161,2016,2016-06-10,"County Ground, New Road",2,2.4,Worcestershire,Northamptonshire,AN Kervezee,T Kohler-Cadmore,Azharullah,0,0,,,,,,,,,
947161,2016,2016-06-10,"County Ground, New Road",2,2.5,Worcestershire,Northamptonshire,AN Kervezee,T Kohler-Cadmore,Azharullah,0,0,,,,,,caught,AN Kervezee,,
947161,2016,2016-06-10,"County Ground, New Road",2,2.6,Worcestershire,Northamptonshire,T Kohler-Cadmore,BL D'Oliveira,Azharullah,0,0,,,,,,,,,
947161,2016,2016-06-10,"County Ground, New Road",2,3.1,Worcestershire,Northamptonshire,BL D'Oliveira,T Kohler-Cadmore,RJ Gleeson,4,0,,,,,,,,,
947161,2016,2016-06-10,"County Ground, New Road",2,3.2,Worcestershire,Northamptonshire,BL D'Oliveira,T Kohler-Cadmore,RJ Gleeson,0,0,,,,,,,,,
947161,2016,2016-06-10,"County Ground, New Road",2,3.3,Worcestershire,Northamptonshire,BL D'Oliveira,T Kohler-Cadmore,RJ Gleeson,0,0,,,,,,,,,
947161,2016,2016-06-10,"County Ground, New Road",2,3.4,Worcestershire,Northamptonshire,BL D'Oliveira,T Kohler-Cadmore,RJ Gleeson,1,0,,,,,,,,,
947161,2016,2016-06-10,"County Ground, New Road",2,3.5,Worcestershire,Northamptonshire,T Kohler-Cadmore,BL D'Oliveira,RJ Gleeson,1,0,,,,,,,,,
947161,2016,2016-06-10,"County Ground, New Road",2,3.6,Worcestershire,Northamptonshire,BL D'Oliveira,T Kohler-Cadmore,RJ Gleeson,1,0,,,,,,,,,
947161,2016,2016-06-10,"County Ground, New Road",2,4.1,Worcestershire,Northamptonshire,BL D'Oliveira,T Kohler-Cadmore,Azharullah,4,0,,,,,,,,,
947161,2016,2016-06-10,"County Ground, New Road",2,4.2,Worcestershire,Northamptonshire,BL D'Oliveira,T Kohler-Cadmore,Azharullah,4,0,,,,,,,,,
947161,2016,2016-06-10,"County Ground, New Road",2,4.3,Worcestershire,Northamptonshire,BL D'Oliveira,T Kohler-Cadmore,Azharullah,1,0,,,,,,,,,
947161,2016,2016-06-10,"County Ground, New Road",2,4.4,Worcestershire,Northamptonshire,T Kohler-Cadmore,BL D'Oliveira,Azharullah,4,0,,,,,,,,,
947161,2016,2016-06-10,"County Ground, New Road",2,4.5,Worcestershire,Northamptonshire,T Kohler-Cadmore,BL D'Oliveira,Azharullah,0,0,,,,,,,,,
947161,2016,2016-06-10,"County Ground, New Road",2,4.6,Worcestershire,Northamptonshire,T Kohler-Cadmore,BL D'Oliveira,Azharullah,1,0,,,,,,,,,
947161,2016,2016-06-10,"County Ground, New Road",2,5.1,Worcestershire,Northamptonshire,T Kohler-Cadmore,BL D'Oliveira,RJ Gleeson,4,0,,,,,,,,,
947161,2016,2016-06-10,"County Ground, New Road",2,5.2,Worcestershire,Northamptonshire,T Kohler-Cadmore,BL D'Oliveira,RJ Gleeson,4,0,,,,,,,,,
947161,2016,2016-06-10,"County Ground, New Road",2,5.3,Worcestershire,Northamptonshire,T Kohler-Cadmore,BL D'Oliveira,RJ Gleeson,0,0,,,,,,,,,
947161,2016,2016-06-10,"County Ground, New Road",2,5.4,Worcestershire,Northamptonshire,T Kohler-Cadmore,BL D'Oliveira,RJ Gleeson,6,0,,,,,,,,,
947161,2016,2016-06-10,"County Ground, New Road",2,5.5,Worcestershire,Northamptonshire,T Kohler-Cadmore,BL D'Oliveira,RJ Gleeson,0,0,,,,,,,,,
947161,2016,2016-06-10,"County Ground, New Road",2,5.6,Worcestershire,Northamptonshire,T Kohler-Cadmore,BL D'Oliveira,RJ Gleeson,0,0,,,,,,,,,
947161,2016,2016-06-10,"County Ground, New Road",2,6.1,Worcestershire,Northamptonshire,BL D'Oliveira,T Kohler-Cadmore,SP Crook,1,0,,,,,,,,,
947161,2016,2016-06-10,"County Ground, New Road",2,6.2,Worcestershire,Northamptonshire,T Kohler-Cadmore,BL D'Oliveira,SP Crook,1,0,,,,,,,,,
947161,2016,2016-06-10,"County Ground, New Road",2,6.3,Worcestershire,Northamptonshire,BL D'Oliveira,T Kohler-Cadmore,SP Crook,1,0,,,,,,,,,
947161,2016,2016-06-10,"County Ground, New Road",2,6.4,Worcestershire,Northamptonshire,T Kohler-Cadmore,BL D'Oliveira,SP Crook,1,0,,,,,,,,,
947161,2016,2016-06-10,"County Ground, New Road",2,6.5,Worcestershire,Northamptonshire,BL D'Oliveira,T Kohler-Cadmore,SP Crook,0,0,,,,,,,,,
947161,2016,2016-06-10,"County Ground, New Road",2,6.6,Worcestershire,Northamptonshire,BL D'Oliveira,T Kohler-Cadmore,SP Crook,4,0,,,,,,,,,
947161,2016,2016-06-10,"County Ground, New Road",2,7.1,Worcestershire,Northamptonshire,T Kohler-Cadmore,BL D'Oliveira,S Prasanna,0,0,,,,,,,,,
947161,2016,2016-06-10,"County Ground, New Road",2,7.2,Worcestershire,Northamptonshire,T Kohler-Cadmore,BL D'Oliveira,S Prasanna,1,0,,,,,,,,,
947161,2016,2016-06-10,"County Ground, New Road",2,7.3,Worcestershire,Northamptonshire,BL D'Oliveira,T Kohler-Cadmore,S Prasanna,1,0,,,,,,,,,
947161,2016,2016-06-10,"County Ground, New Road",2,7.4,Worcestershire,Northamptonshire,T Kohler-Cadmore,BL D'Oliveira,S Prasanna,1,0,,,,,,,,,
947161,2016,2016-06-10,"County Ground, New Road",2,7.5,Worcestershire,Northamptonshire,BL D'Oliveira,T Kohler-Cadmore,S Prasanna,1,0,,,,,,,,,
947161,2016,2016-06-10,"County Ground, New Road",2,7.6,Worcestershire,Northamptonshire,T Kohler-Cadmore,BL D'Oliveira,S Prasanna,0,0,,,,,,,,,
947161,2016,2016-06-10,"County Ground, New Road",2,8.1,Worcestershire,Northamptonshire,BL D'Oliveira,T Kohler-Cadmore,SP Crook,1,0,,,,,,,,,
947161,2016,2016-06-10,"County Ground, New Road",2,8.2,Worcestershire,Northamptonshire,T Kohler-Cadmore,BL D'Oliveira,SP Crook,4,0,,,,,,,,,
947161,2016,2016-06-10,"County Ground, New Road",2,8.3,Worcestershire,Northamptonshire,T Kohler-Cadmore,BL D'Oliveira,SP Crook,1,0,,,,,,,,,
947161,2016,2016-06-10,"County Ground, New Road",2,8.4,Worcestershire,Northamptonshire,BL D'Oliveira,T Kohler-Cadmore,SP Crook,6,0,,,,,,,,,
947161,2016,2016-06-10,"County Ground, New Road",2,8.5,Worcestershire,Northamptonshire,BL D'Oliveira,T Kohler-Cadmore,SP Crook,1,0,,,,,,,,,
947161,2016,2016-06-10,"County Ground, New Road",2,8.6,Worcestershire,Northamptonshire,T Kohler-Cadmore,BL D'Oliveira,SP Crook,1,0,,,,,,,,,
947161,2016,2016-06-10,"County Ground, New Road",2,9.1,Worcestershire,Northamptonshire,T Kohler-Cadmore,BL D'Oliveira,S Prasanna,0,0,,,,,,,,,
947161,2016,2016-06-10,"County Ground, New Road",2,9.2,Worcestershire,Northamptonshire,T Kohler-Cadmore,BL D'Oliveira,S Prasanna,1,0,,,,,,,,,
947161,2016,2016-06-10,"County Ground, New Road",2,9.3,Worcestershire,Northamptonshire,BL D'Oliveira,T Kohler-Cadmore,S Prasanna,4,0,,,,,,,,,
947161,2016,2016-06-10,"County Ground, New Road",2,9.4,Worcestershire,Northamptonshire,BL D'Oliveira,T Kohler-Cadmore,S Prasanna,1,0,,,,,,,,,
947161,2016,2016-06-10,"County Ground, New Road",2,9.5,Worcestershire,Northamptonshire,T Kohler-Cadmore,BL D'Oliveira,S Prasanna,1,0,,,,,,,,,
947161,2016,2016-06-10,"County Ground, New Road",2,9.6,Worcestershire,Northamptonshire,BL D'Oliveira,T Kohler-Cadmore,S Prasanna,1,0,,,,,,,,,
947161,2016,2016-06-10,"County Ground, New Road",2,10.1,Worcestershire,Northamptonshire,BL D'Oliveira,T Kohler-Cadmore,BW Sanderson,0,0,,,,,,caught,BL D'Oliveira,,
947161,2016,2016-06-10,"County Ground, New Road",2,10.2,Worcestershire,Northamptonshire,RA Whiteley,T Kohler-Cadmore,BW Sanderson,1,0,,,,,,,,,
947161,2016,2016-06-10,"County Ground, New Road",2,10.3,Worcestershire,Northamptonshire,T Kohler-Cadmore,RA Whiteley,BW Sanderson,1,0,,,,,,,,,
947161,2016,2016-06-10,"County Ground, New Road",2,10.4,Worcestershire,Northamptonshire,RA Whiteley,T Kohler-Cadmore,BW Sanderson,1,0,,,,,,,,,
947161,2016,2016-06-10,"County Ground, New Road",2,10.5,Worcestershire,Northamptonshire,T Kohler-Cadmore,RA Whiteley,BW Sanderson,1,0,,,,,,,,,
947161,2016,2016-06-10,"County Ground, New Road",2,10.6,Worcestershire,Northamptonshire,RA Whiteley,T Kohler-Cadmore,BW Sanderson,0,1,1,,,,,,,,
947161,2016,2016-06-10,"County Ground, New Road",2,10.7,Worcestershire,Northamptonshire,RA Whiteley,T Kohler-Cadmore,BW Sanderson,4,0,,,,,,,,,
947161,2016,2016-06-10,"County Ground, New Road",2,11.1,Worcestershire,Northamptonshire,T Kohler-Cadmore,RA Whiteley,RJ Gleeson,1,0,,,,,,,,,
947161,2016,2016-06-10,"County Ground, New Road",2,11.2,Worcestershire,Northamptonshire,RA Whiteley,T Kohler-Cadmore,RJ Gleeson,0,0,,,,,,,,,
947161,2016,2016-06-10,"County Ground, New Road",2,11.3,Worcestershire,Northamptonshire,RA Whiteley,T Kohler-Cadmore,RJ Gleeson,0,0,,,,,,,,,
947161,2016,2016-06-10,"County Ground, New Road",2,11.4,Worcestershire,Northamptonshire,RA Whiteley,T Kohler-Cadmore,RJ Gleeson,0,0,,,,,,,,,
947161,2016,2016-06-10,"County Ground, New Road",2,11.5,Worcestershire,Northamptonshire,RA Whiteley,T Kohler-Cadmore,RJ Gleeson,0,0,,,,,,,,,
947161,2016,2016-06-10,"County Ground, New Road",2,11.6,Worcestershire,Northamptonshire,RA Whiteley,T Kohler-Cadmore,RJ Gleeson,1,0,,,,,,,,,
947161,2016,2016-06-10,"County Ground, New Road",2,12.1,Worcestershire,Northamptonshire,RA Whiteley,T Kohler-Cadmore,S Prasanna,1,0,,,,,,,,,
947161,2016,2016-06-10,"County Ground, New Road",2,12.2,Worcestershire,Northamptonshire,T Kohler-Cadmore,RA Whiteley,S Prasanna,1,0,,,,,,,,,
947161,2016,2016-06-10,"County Ground, New Road",2,12.3,Worcestershire,Northamptonshire,RA Whiteley,T Kohler-Cadmore,S Prasanna,0,0,,,,,,bowled,RA Whiteley,,
947161,2016,2016-06-10,"County Ground, New Road",2,12.4,Worcestershire,Northamptonshire,OB Cox,T Kohler-Cadmore,S Prasanna,1,0,,,,,,,,,
947161,2016,2016-06-10,"County Ground, New Road",2,12.5,Worcestershire,Northamptonshire,T Kohler-Cadmore,OB Cox,S Prasanna,1,0,,,,,,,,,
947161,2016,2016-06-10,"County Ground, New Road",2,12.6,Worcestershire,Northamptonshire,OB Cox,T Kohler-Cadmore,S Prasanna,1,0,,,,,,,,,
947161,2016,2016-06-10,"County Ground, New Road",2,13.1,Worcestershire,Northamptonshire,OB Cox,T Kohler-Cadmore,GG White,0,2,2,,,,,,,,
947161,2016,2016-06-10,"County Ground, New Road",2,13.2,Worcestershire,Northamptonshire,T Kohler-Cadmore,OB Cox,GG White,6,0,,,,,,,,,
947161,2016,2016-06-10,"County Ground, New Road",2,13.3,Worcestershire,Northamptonshire,T Kohler-Cadmore,OB Cox,GG White,0,0,,,,,,,,,
947161,2016,2016-06-10,"County Ground, New Road",2,13.4,Worcestershire,Northamptonshire,T Kohler-Cadmore,OB Cox,GG White,1,0,,,,,,,,,
947161,2016,2016-06-10,"County Ground, New Road",2,13.5,Worcestershire,Northamptonshire,OB Cox,T Kohler-Cadmore,GG White,1,0,,,,,,,,,
947161,2016,2016-06-10,"County Ground, New Road",2,13.6,Worcestershire,Northamptonshire,T Kohler-Cadmore,OB Cox,GG White,1,0,,,,,,,,,
947161,2016,2016-06-10,"County Ground, New Road",2,13.7,Worcestershire,Northamptonshire,OB Cox,T Kohler-Cadmore,GG White,2,0,,,,,,,,,
947161,2016,2016-06-10,"County Ground, New Road",2,14.1,Worcestershire,Northamptonshire,T Kohler-Cadmore,OB Cox,S Prasanna,1,0,,,,,,,,,
947161,2016,2016-06-10,"County Ground, New Road",2,14.2,Worcestershire,Northamptonshire,OB Cox,T Kohler-Cadmore,S Prasanna,4,0,,,,,,,,,
947161,2016,2016-06-10,"County Ground, New Road",2,14.3,Worcestershire,Northamptonshire,OB Cox,T Kohler-Cadmore,S Prasanna,0,0,,,,,,,,,
947161,2016,2016-06-10,"County Ground, New Road",2,14.4,Worcestershire,Northamptonshire,OB Cox,T Kohler-Cadmore,S Prasanna,4,0,,,,,,,,,
947161,2016,2016-06-10,"County Ground, New Road",2,14.5,Worcestershire,Northamptonshire,OB Cox,T Kohler-Cadmore,S Prasanna,0,0,,,,,,,,,
947161,2016,2016-06-10,"County Ground, New Road",2,14.6,Worcestershire,Northamptonshire,OB Cox,T Kohler-Cadmore,S Prasanna,0,0,,,,,,,,,
947161,2016,2016-06-10,"County Ground, New Road",2,15.1,Worcestershire,Northamptonshire,T Kohler-Cadmore,OB Cox,SP Crook,2,0,,,,,,,,,
947161,2016,2016-06-10,"County Ground, New Road",2,15.2,Worcestershire,Northamptonshire,T Kohler-Cadmore,OB Cox,SP Crook,2,0,,,,,,,,,
947161,2016,2016-06-10,"County Ground, New Road",2,15.3,Worcestershire,Northamptonshire,T Kohler-Cadmore,OB Cox,SP Crook,1,0,,,,,,,,,
947161,2016,2016-06-10,"County Ground, New Road",2,15.4,Worcestershire,Northamptonshire,OB Cox,T Kohler-Cadmore,SP Crook,1,0,,,,,,,,,
947161,2016,2016-06-10,"County Ground, New Road",2,15.5,Worcestershire,Northamptonshire,T Kohler-Cadmore,OB Cox,SP Crook,4,0,,,,,,,,,
947161,2016,2016-06-10,"County Ground, New Road",2,15.6,Worcestershire,Northamptonshire,T Kohler-Cadmore,OB Cox,SP Crook,0,0,,,,,,,,,
947161,2016,2016-06-10,"County Ground, New Road",2,16.1,Worcestershire,Northamptonshire,OB Cox,T Kohler-Cadmore,Azharullah,0,0,,,,,,,,,
947161,2016,2016-06-10,"County Ground, New Road",2,16.2,Worcestershire,Northamptonshire,OB Cox,T Kohler-Cadmore,Azharullah,0,0,,,,,,,,,
947161,2016,2016-06-10,"County Ground, New Road",2,16.3,Worcestershire,Northamptonshire,OB Cox,T Kohler-Cadmore,Azharullah,0,0,,,,,,,,,
947161,2016,2016-06-10,"County Ground, New Road",2,16.4,Worcestershire,Northamptonshire,OB Cox,T Kohler-Cadmore,Azharullah,1,0,,,,,,,,,
947161,2016,2016-06-10,"County Ground, New Road",2,16.5,Worcestershire,Northamptonshire,T Kohler-Cadmore,OB Cox,Azharullah,0,1,1,,,,,,,,
947161,2016,2016-06-10,"County Ground, New Road",2,16.6,Worcestershire,Northamptonshire,T Kohler-Cadmore,OB Cox,Azharullah,0,0,,,,,,,,,
947161,2016,2016-06-10,"County Ground, New Road",2,16.7,Worcestershire,Northamptonshire,T Kohler-Cadmore,OB Cox,Azharullah,1,0,,,,,,,,,
947161,2016,2016-06-10,"County Ground, New Road",2,17.1,Worcestershire,Northamptonshire,T Kohler-Cadmore,OB Cox,BW Sanderson,1,0,,,,,,,,,
947161,2016,2016-06-10,"County Ground, New Road",2,17.2,Worcestershire,Northamptonshire,OB Cox,T Kohler-Cadmore,BW Sanderson,4,0,,,,,,,,,
947161,2016,2016-06-10,"County Ground, New Road",2,17.3,Worcestershire,Northamptonshire,OB Cox,T Kohler-Cadmore,BW Sanderson,1,0,,,,,,,,,
947161,2016,2016-06-10,"County Ground, New Road",2,17.4,Worcestershire,Northamptonshire,T Kohler-Cadmore,OB Cox,BW Sanderson,0,0,,,,,,caught,T Kohler-Cadmore,,
947161,2016,2016-06-10,"County Ground, New Road",2,17.5,Worcestershire,Northamptonshire,OB Cox,GH Rhodes,BW Sanderson,1,0,,,,,,,,,
947161,2016,2016-06-10,"County Ground, New Road",2,17.6,Worcestershire,Northamptonshire,GH Rhodes,OB Cox,BW Sanderson,1,0,,,,,,,,,
947161,2016,2016-06-10,"County Ground, New Road",2,18.1,Worcestershire,Northamptonshire,GH Rhodes,OB Cox,SP Crook,0,0,,,,,,caught,GH Rhodes,,
947161,2016,2016-06-10,"County Ground, New Road",2,18.2,Worcestershire,Northamptonshire,OB Cox,EG Barnard,SP Crook,6,0,,,,,,,,,
947161,2016,2016-06-10,"County Ground, New Road",2,18.3,Worcestershire,Northamptonshire,OB Cox,EG Barnard,SP Crook,1,0,,,,,,,,,
947161,2016,2016-06-10,"County Ground, New Road",2,18.4,Worcestershire,Northamptonshire,EG Barnard,OB Cox,SP Crook,1,0,,,,,,,,,
947161,2016,2016-06-10,"County Ground, New Road",2,18.5,Worcestershire,Northamptonshire,OB Cox,EG Barnard,SP Crook,4,0,,,,,,,,,
947161,2016,2016-06-10,"County Ground, New Road",2,18.6,Worcestershire,Northamptonshire,OB Cox,EG Barnard,SP Crook,1,0,,,,,,,,,
947161,2016,2016-06-10,"County Ground, New Road",2,19.1,Worcestershire,Northamptonshire,OB Cox,EG Barnard,Azharullah,4,0,,,,,,,,,
947161,2016,2016-06-10,"County Ground, New Road",2,19.2,Worcestershire,Northamptonshire,OB Cox,EG Barnard,Azharullah,4,0,,,,,,,,,
947161,2016,2016-06-10,"County Ground, New Road",2,19.3,Worcestershire,Northamptonshire,OB Cox,EG Barnard,Azharullah,1,0,,,,,,,,,
