match_id,season,start_date,venue,innings,ball,batting_team,bowling_team,striker,non_striker,bowler,runs_off_bat,extras,wides,noballs,byes,legbyes,penalty,wicket_type,player_dismissed,other_wicket_type,other_player_dismissed
947101,2016,2016-05-20,County Ground,1,0.1,Sussex,Gloucestershire,CD Nash,PD Salt,DA Payne,4,0,,,,,,,,,
947101,2016,2016-05-20,County Ground,1,0.2,Sussex,Gloucestershire,CD Nash,PD Salt,DA Payne,1,0,,,,,,,,,
947101,2016,2016-05-20,County Ground,1,0.3,Sussex,Gloucestershire,PD Salt,CD Nash,DA Payne,1,0,,,,,,,,,
947101,2016,2016-05-20,County Ground,1,0.4,Sussex,Gloucestershire,CD Nash,PD Salt,DA Payne,4,0,,,,,,,,,
947101,2016,2016-05-20,County Ground,1,0.5,Sussex,Gloucestershire,CD Nash,PD Salt,DA Payne,2,0,,,,,,,,,
947101,2016,2016-05-20,County Ground,1,0.6,Sussex,Gloucestershire,CD Nash,PD Salt,DA Payne,1,0,,,,,,,,,
947101,2016,2016-05-20,County Ground,1,1.1,Sussex,Gloucestershire,CD Nash,PD Salt,CN Miles,0,1,,,,1,,,,,
947101,2016,2016-05-20,County Ground,1,1.2,Sussex,Gloucestershire,PD Salt,CD Nash,CN Miles,2,0,,,,,,,,,
947101,2016,2016-05-20,County Ground,1,1.3,Sussex,Gloucestershire,PD Salt,CD Nash,CN Miles,2,0,,,,,,,,,
947101,2016,2016-05-20,County Ground,1,1.4,Sussex,Gloucestershire,PD Salt,CD Nash,CN Miles,0,0,,,,,,,,,
947101,2016,2016-05-20,County Ground,1,1.5,Sussex,Gloucestershire,PD Salt,CD Nash,CN Miles,4,0,,,,,,,,,
947101,2016,2016-05-20,County Ground,1,1.6,Sussex,Gloucestershire,PD Salt,CD Nash,CN Miles,2,0,,,,,,,,,
947101,2016,2016-05-20,County Ground,1,2.1,Sussex,Gloucestershire,CD Nash,PD Salt,CJ Liddle,4,0,,,,,,,,,
947101,2016,2016-05-20,County Ground,1,2.2,Sussex,Gloucestershire,CD Nash,PD Salt,CJ Liddle,0,0,,,,,,,,,
947101,2016,2016-05-20,County Ground,1,2.3,Sussex,Gloucestershire,CD Nash,PD Salt,CJ Liddle,0,0,,,,,,,,,
947101,2016,2016-05-20,County Ground,1,2.4,Sussex,Gloucestershire,CD Nash,PD Salt,CJ Liddle,4,0,,,,,,,,,
947101,2016,2016-05-20,County Ground,1,2.5,Sussex,Gloucestershire,CD Nash,PD Salt,CJ Liddle,1,0,,,,,,,,,
947101,2016,2016-05-20,County Ground,1,2.6,Sussex,Gloucestershire,PD Salt,CD Nash,CJ Liddle,1,0,,,,,,,,,
947101,2016,2016-05-20,County Ground,1,3.1,Sussex,Gloucestershire,PD Salt,CD Nash,TMJ Smith,4,0,,,,,,,,,
947101,2016,2016-05-20,County Ground,1,3.2,Sussex,Gloucestershire,PD Salt,CD Nash,TMJ Smith,1,0,,,,,,,,,
947101,2016,2016-05-20,County Ground,1,3.3,Sussex,Gloucestershire,CD Nash,PD Salt,TMJ Smith,0,0,,,,,,,,,
947101,2016,2016-05-20,County Ground,1,3.4,Sussex,Gloucestershire,CD Nash,PD Salt,TMJ Smith,4,0,,,,,,,,,
947101,2016,2016-05-20,County Ground,1,3.5,Sussex,Gloucestershire,CD Nash,PD Salt,TMJ Smith,0,0,,,,,,,,,
947101,2016,2016-05-20,County Ground,1,3.6,Sussex,Gloucestershire,CD Nash,PD Salt,TMJ Smith,1,0,,,,,,,,,
947101,2016,2016-05-20,County Ground,1,4.1,Sussex,Gloucestershire,CD Nash,PD Salt,CN Miles,4,0,,,,,,,,,
947101,2016,2016-05-20,County Ground,1,4.2,Sussex,Gloucestershire,CD Nash,PD Salt,CN Miles,0,0,,,,,,bowled,CD Nash,,
947101,2016,2016-05-20,County Ground,1,4.3,Sussex,Gloucestershire,BC Brown,PD Salt,CN Miles,1,0,,,,,,,,,
947101,2016,2016-05-20,County Ground,1,4.4,Sussex,Gloucestershire,PD Salt,BC Brown,CN Miles,6,0,,,,,,,,,
947101,2016,2016-05-20,County Ground,1,4.5,Sussex,Gloucestershire,PD Salt,BC Brown,CN Miles,1,0,,,,,,,,,
947101,2016,2016-05-20,County Ground,1,4.6,Sussex,Gloucestershire,BC Brown,PD Salt,CN Miles,1,0,,,,,,,,,
947101,2016,2016-05-20,County Ground,1,5.1,Sussex,Gloucestershire,BC Brown,PD Salt,TMJ Smith,0,0,,,,,,,,,
947101,2016,2016-05-20,County Ground,1,5.2,Sussex,Gloucestershire,BC Brown,PD Salt,TMJ Smith,4,0,,,,,,,,,
947101,2016,2016-05-20,County Ground,1,5.3,Sussex,Gloucestershire,BC Brown,PD Salt,TMJ Smith,1,0,,,,,,,,,
947101,2016,2016-05-20,County Ground,1,5.4,Sussex,Gloucestershire,PD Salt,BC Brown,TMJ Smith,0,0,,,,,,caught,PD Salt,,
947101,2016,2016-05-20,County Ground,1,5.5,Sussex,Gloucestershire,BC Brown,LRPL Taylor,TMJ Smith,1,0,,,,,,,,,
947101,2016,2016-05-20,County Ground,1,5.6,Sussex,Gloucestershire,LRPL Taylor,BC Brown,TMJ Smith,0,0,,,,,,,,,
947101,2016,2016-05-20,County Ground,1,6.1,Sussex,Gloucestershire,BC Brown,LRPL Taylor,BAC Howell,1,0,,,,,,,,,
947101,2016,2016-05-20,County Ground,1,6.2,Sussex,Gloucestershire,LRPL Taylor,BC Brown,BAC Howell,1,0,,,,,,,,,
947101,2016,2016-05-20,County Ground,1,6.3,Sussex,Gloucestershire,BC Brown,LRPL Taylor,BAC Howell,1,0,,,,,,,,,
947101,2016,2016-05-20,County Ground,1,6.4,Sussex,Gloucestershire,LRPL Taylor,BC Brown,BAC Howell,0,0,,,,,,,,,
947101,2016,2016-05-20,County Ground,1,6.5,Sussex,Gloucestershire,LRPL Taylor,BC Brown,BAC Howell,4,0,,,,,,,,,
947101,2016,2016-05-20,County Ground,1,6.6,Sussex,Gloucestershire,LRPL Taylor,BC Brown,BAC Howell,1,0,,,,,,,,,
947101,2016,2016-05-20,County Ground,1,7.1,Sussex,Gloucestershire,LRPL Taylor,BC Brown,JMR Taylor,1,0,,,,,,,,,
947101,2016,2016-05-20,County Ground,1,7.2,Sussex,Gloucestershire,BC Brown,LRPL Taylor,JMR Taylor,0,0,,,,,,,,,
947101,2016,2016-05-20,County Ground,1,7.3,Sussex,Gloucestershire,BC Brown,LRPL Taylor,JMR Taylor,1,0,,,,,,,,,
947101,2016,2016-05-20,County Ground,1,7.4,Sussex,Gloucestershire,LRPL Taylor,BC Brown,JMR Taylor,0,1,1,,,,,,,,
947101,2016,2016-05-20,County Ground,1,7.5,Sussex,Gloucestershire,LRPL Taylor,BC Brown,JMR Taylor,0,0,,,,,,,,,
947101,2016,2016-05-20,County Ground,1,7.6,Sussex,Gloucestershire,LRPL Taylor,BC Brown,JMR Taylor,0,0,,,,,,,,,
947101,2016,2016-05-20,County Ground,1,7.7,Sussex,Gloucestershire,LRPL Taylor,BC Brown,JMR Taylor,1,0,,,,,,,,,
947101,2016,2016-05-20,County Ground,1,8.1,Sussex,Gloucestershire,LRPL Taylor,BC Brown,DA Payne,1,0,,,,,,,,,
947101,2016,2016-05-20,County Ground,1,8.2,Sussex,Gloucestershire,BC Brown,LRPL Taylor,DA Payne,1,0,,,,,,,,,
947101,2016,2016-05-20,County Ground,1,8.3,Sussex,Gloucestershire,LRPL Taylor,BC Brown,DA Payne,6,0,,,,,,,,,
947101,2016,2016-05-20,County Ground,1,8.4,Sussex,Gloucestershire,LRPL Taylor,BC Brown,DA Payne,0,0,,,,,,,,,
947101,2016,2016-05-20,County Ground,1,8.5,Sussex,Gloucestershire,LRPL Taylor,BC Brown,DA Payne,1,0,,,,,,,,,
947101,2016,2016-05-20,County Ground,1,8.6,Sussex,Gloucestershire,BC Brown,LRPL Taylor,DA Payne,2,0,,,,,,,,,
947101,2016,2016-05-20,County Ground,1,9.1,Sussex,Gloucestershire,LRPL Taylor,BC Brown,JMR Taylor,1,0,,,,,,,,,
947101,2016,2016-05-20,County Ground,1,9.2,Sussex,Gloucestershire,BC Brown,LRPL Taylor,JMR Taylor,1,0,,,,,,,,,
947101,2016,2016-05-20,County Ground,1,9.3,Sussex,Gloucestershire,LRPL Taylor,BC Brown,JMR Taylor,0,0,,,,,,,,,
947101,2016,2016-05-20,County Ground,1,9.4,Sussex,Gloucestershire,LRPL Taylor,BC Brown,JMR Taylor,6,0,,,,,,,,,
947101,2016,2016-05-20,County Ground,1,9.5,Sussex,Gloucestershire,LRPL Taylor,BC Brown,JMR Taylor,1,0,,,,,,,,,
947101,2016,2016-05-20,County Ground,1,9.6,Sussex,Gloucestershire,BC Brown,LRPL Taylor,JMR Taylor,1,0,,,,,,,,,
947101,2016,2016-05-20,County Ground,1,10.1,Sussex,Gloucestershire,BC Brown,LRPL Taylor,BAC Howell,1,0,,,,,,,,,
947101,2016,2016-05-20,County Ground,1,10.2,Sussex,Gloucestershire,LRPL Taylor,BC Brown,BAC Howell,1,0,,,,,,,,,
947101,2016,2016-05-20,County Ground,1,10.3,Sussex,Gloucestershire,BC Brown,LRPL Taylor,BAC Howell,2,0,,,,,,,,,
947101,2016,2016-05-20,County Ground,1,10.4,Sussex,Gloucestershire,BC Brown,LRPL Taylor,BAC Howell,1,0,,,,,,,,,
947101,2016,2016-05-20,County Ground,1,10.5,Sussex,Gloucestershire,LRPL Taylor,BC Brown,BAC Howell,6,0,,,,,,,,,
947101,2016,2016-05-20,County Ground,1,10.6,Sussex,Gloucestershire,LRPL Taylor,BC Brown,BAC Howell,1,0,,,,,,,,,
947101,2016,2016-05-20,County Ground,1,11.1,Sussex,Gloucestershire,LRPL Taylor,BC Brown,TMJ Smith,0,0,,,,,,,,,
947101,2016,2016-05-20,County Ground,1,11.2,Sussex,Gloucestershire,LRPL Taylor,BC Brown,TMJ Smith,2,0,,,,,,,,,
947101,2016,2016-05-20,County Ground,1,11.3,Sussex,Gloucestershire,LRPL Taylor,BC Brown,TMJ Smith,1,0,,,,,,,,,
947101,2016,2016-05-20,County Ground,1,11.4,Sussex,Gloucestershire,BC Brown,LRPL Taylor,TMJ Smith,1,0,,,,,,,,,
947101,2016,2016-05-20,County Ground,1,11.5,Sussex,Gloucestershire,LRPL Taylor,BC Brown,TMJ Smith,1,0,,,,,,,,,
947101,2016,2016-05-20,County Ground,1,11.6,Sussex,Gloucestershire,BC Brown,LRPL Taylor,TMJ Smith,1,0,,,,,,,,,
947101,2016,2016-05-20,County Ground,1,12.1,Sussex,Gloucestershire,BC Brown,LRPL Taylor,CJ Liddle,1,0,,,,,,,,,
947101,2016,2016-05-20,County Ground,1,12.2,Sussex,Gloucestershire,LRPL Taylor,BC Brown,CJ Liddle,0,1,1,,,,,,,,
947101,2016,2016-05-20,County Ground,1,12.3,Sussex,Gloucestershire,LRPL Taylor,BC Brown,CJ Liddle,6,0,,,,,,,,,
947101,2016,2016-05-20,County Ground,1,12.4,Sussex,Gloucestershire,LRPL Taylor,BC Brown,CJ Liddle,6,0,,,,,,,,,
947101,2016,2016-05-20,County Ground,1,12.5,Sussex,Gloucestershire,LRPL Taylor,BC Brown,CJ Liddle,1,0,,,,,,,,,
947101,2016,2016-05-20,County Ground,1,12.6,Sussex,Gloucestershire,BC Brown,LRPL Taylor,CJ Liddle,4,0,,,,,,,,,
947101,2016,2016-05-20,County Ground,1,12.7,Sussex,Gloucestershire,BC Brown,LRPL Taylor,CJ Liddle,6,0,,,,,,,,,
947101,2016,2016-05-20,County Ground,1,13.1,Sussex,Gloucestershire,LRPL Taylor,BC Brown,BAC Howell,1,0,,,,,,,,,
947101,2016,2016-05-20,County Ground,1,13.2,Sussex,Gloucestershire,BC Brown,LRPL Taylor,BAC Howell,4,0,,,,,,,,,
947101,2016,2016-05-20,County Ground,1,13.3,Sussex,Gloucestershire,BC Brown,LRPL Taylor,BAC Howell,6,0,,,,,,,,,
947101,2016,2016-05-20,County Ground,1,13.4,Sussex,Gloucestershire,BC Brown,LRPL Taylor,BAC Howell,0,0,,,,,,stumped,BC Brown,,
947101,2016,2016-05-20,County Ground,1,13.5,Sussex,Gloucestershire,MW Machan,LRPL Taylor,BAC Howell,1,0,,,,,,,,,
947101,2016,2016-05-20,County Ground,1,13.6,Sussex,Gloucestershire,LRPL Taylor,MW Machan,BAC Howell,1,0,,,,,,,,,
947101,2016,2016-05-20,County Ground,1,14.1,Sussex,Gloucestershire,LRPL Taylor,MW Machan,DA Payne,2,0,,,,,,,,,
947101,2016,2016-05-20,County Ground,1,14.2,Sussex,Gloucestershire,LRPL Taylor,MW Machan,DA Payne,1,0,,,,,,,,,
947101,2016,2016-05-20,County Ground,1,14.3,Sussex,Gloucestershire,MW Machan,LRPL Taylor,DA Payne,2,0,,,,,,,,,
947101,2016,2016-05-20,County Ground,1,14.4,Sussex,Gloucestershire,MW Machan,LRPL Taylor,DA Payne,4,0,,,,,,,,,
947101,2016,2016-05-20,County Ground,1,14.5,Sussex,Gloucestershire,MW Machan,LRPL Taylor,DA Payne,1,0,,,,,,,,,
947101,2016,2016-05-20,County Ground,1,14.6,Sussex,Gloucestershire,LRPL Taylor,MW Machan,DA Payne,1,0,,,,,,,,,
947101,2016,2016-05-20,County Ground,1,15.1,Sussex,Gloucestershire,LRPL Taylor,MW Machan,JMR Taylor,0,0,,,,,,,,,
947101,2016,2016-05-20,County Ground,1,15.2,Sussex,Gloucestershire,LRPL Taylor,MW Machan,JMR Taylor,0,1,1,,,,,,,,
947101,2016,2016-05-20,County Ground,1,15.3,Sussex,Gloucestershire,LRPL Taylor,MW Machan,JMR Taylor,1,0,,,,,,,,,
947101,2016,2016-05-20,County Ground,1,15.4,Sussex,Gloucestershire,MW Machan,LRPL Taylor,JMR Taylor,6,0,,,,,,,,,
947101,2016,2016-05-20,County Ground,1,15.5,Sussex,Gloucestershire,MW Machan,LRPL Taylor,JMR Taylor,0,0,,,,,,,,,
947101,2016,2016-05-20,County Ground,1,15.6,Sussex,Gloucestershire,MW Machan,LRPL Taylor,JMR Taylor,1,0,,,,,,,,,
947101,2016,2016-05-20,County Ground,1,15.7,Sussex,Gloucestershire,LRPL Taylor,MW Machan,JMR Taylor,0,3,3,,,,,,,,
947101,2016,2016-05-20,County Ground,1,15.8,Sussex,Gloucestershire,LRPL Taylor,MW Machan,JMR Taylor,1,0,,,,,,,,,
947101,2016,2016-05-20,County Ground,1,16.1,Sussex,Gloucestershire,LRPL Taylor,MW Machan,DA Payne,0,0,,,,,,,,,
947101,2016,2016-05-20,County Ground,1,16.2,Sussex,Gloucestershire,LRPL Taylor,MW Machan,DA Payne,4,0,,,,,,,,,
947101,2016,2016-05-20,County Ground,1,16.3,Sussex,Gloucestershire,LRPL Taylor,MW Machan,DA Payne,6,0,,,,,,,,,
947101,2016,2016-05-20,County Ground,1,16.4,Sussex,Gloucestershire,LRPL Taylor,MW Machan,DA Payne,6,0,,,,,,,,,
947101,2016,2016-05-20,County Ground,1,16.5,Sussex,Gloucestershire,LRPL Taylor,MW Machan,DA Payne,4,0,,,,,,,,,
947101,2016,2016-05-20,County Ground,1,16.6,Sussex,Gloucestershire,LRPL Taylor,MW Machan,DA Payne,0,1,1,,,,,,,,
947101,2016,2016-05-20,County Ground,1,16.7,Sussex,Gloucestershire,LRPL Taylor,MW Machan,DA Payne,6,0,,,,,,,,,
947101,2016,2016-05-20,County Ground,1,17.1,Sussex,Gloucestershire,MW Machan,LRPL Taylor,BAC Howell,4,0,,,,,,,,,
947101,2016,2016-05-20,County Ground,1,17.2,Sussex,Gloucestershire,MW Machan,LRPL Taylor,BAC Howell,0,0,,,,,,,,,
947101,2016,2016-05-20,County Ground,1,17.3,Sussex,Gloucestershire,MW Machan,LRPL Taylor,BAC Howell,6,0,,,,,,,,,
947101,2016,2016-05-20,County Ground,1,17.4,Sussex,Gloucestershire,MW Machan,LRPL Taylor,BAC Howell,6,0,,,,,,,,,
947101,2016,2016-05-20,County Ground,1,17.5,Sussex,Gloucestershire,MW Machan,LRPL Taylor,BAC Howell,0,0,,,,,,caught,MW Machan,,
947101,2016,2016-05-20,County Ground,1,17.6,Sussex,Gloucestershire,LRPL Taylor,Craig Cachopa,BAC Howell,1,0,,,,,,,,,
947101,2016,2016-05-20,County Ground,1,18.1,Sussex,Gloucestershire,LRPL Taylor,Craig Cachopa,CN Miles,1,0,,,,,,,,,
947101,2016,2016-05-20,County Ground,1,18.2,Sussex,Gloucestershire,Craig Cachopa,LRPL Taylor,CN Miles,0,0,,,,,,caught,Craig Cachopa,,
947101,2016,2016-05-20,County Ground,1,18.3,Sussex,Gloucestershire,WAT Beer,LRPL Taylor,CN Miles,1,0,,,,,,,,,
947101,2016,2016-05-20,County Ground,1,18.4,Sussex,Gloucestershire,LRPL Taylor,WAT Beer,CN Miles,2,0,,,,,,,,,
947101,2016,2016-05-20,County Ground,1,18.5,Sussex,Gloucestershire,LRPL Taylor,WAT Beer,CN Miles,1,0,,,,,,,,,
947101,2016,2016-05-20,County Ground,1,18.6,Sussex,Gloucestershire,WAT Beer,LRPL Taylor,CN Miles,1,0,,,,,,,,,
947101,2016,2016-05-20,County Ground,1,19.1,Sussex,Gloucestershire,WAT Beer,LRPL Taylor,TMJ Smith,1,0,,,,,,,,,
947101,2016,2016-05-20,County Ground,1,19.2,Sussex,Gloucestershire,LRPL Taylor,WAT Beer,TMJ Smith,0,1,,,,1,,,,,
947101,2016,2016-05-20,County Ground,1,19.3,Sussex,Gloucestershire,WAT Beer,LRPL Taylor,TMJ Smith,1,0,,,,,,,,,
947101,2016,2016-05-20,County Ground,1,19.4,Sussex,Gloucestershire,LRPL Taylor,WAT Beer,TMJ Smith,4,0,,,,,,,,,
947101,2016,2016-05-20,County Ground,1,19.5,Sussex,Gloucestershire,LRPL Taylor,WAT Beer,TMJ Smith,1,0,,,,,,,,,
947101,2016,2016-05-20,County Ground,1,19.6,Sussex,Gloucestershire,WAT Beer,LRPL Taylor,TMJ Smith,2,0,,,,,,,,,
947101,2016,2016-05-20,County Ground,2,0.1,Gloucestershire,Sussex,HJH Marshall,M Klinger,DR Briggs,0,0,,,,,,,,,
947101,2016,2016-05-20,County Ground,2,0.2,Gloucestershire,Sussex,HJH Marshall,M Klinger,DR Briggs,4,0,,,,,,,,,
947101,2016,2016-05-20,County Ground,2,0.3,Gloucestershire,Sussex,HJH Marshall,M Klinger,DR Briggs,6,0,,,,,,,,,
947101,2016,2016-05-20,County Ground,2,0.4,Gloucestershire,Sussex,HJH Marshall,M Klinger,DR Briggs,0,1,1,,,,,,,,
947101,2016,2016-05-20,County Ground,2,0.5,Gloucestershire,Sussex,HJH Marshall,M Klinger,DR Briggs,0,0,,,,,,,,,
947101,2016,2016-05-20,County Ground,2,0.6,Gloucestershire,Sussex,HJH Marshall,M Klinger,DR Briggs,1,0,,,,,,,,,
947101,2016,2016-05-20,County Ground,2,0.7,Gloucestershire,Sussex,M Klinger,HJH Marshall,DR Briggs,0,0,,,,,,,,,
947101,2016,2016-05-20,County Ground,2,1.1,Gloucestershire,Sussex,HJH Marshall,M Klinger,A Shahzad,1,0,,,,,,,,,
947101,2016,2016-05-20,County Ground,2,1.2,Gloucestershire,Sussex,M Klinger,HJH Marshall,A Shahzad,0,0,,,,,,,,,
947101,2016,2016-05-20,County Ground,2,1.3,Gloucestershire,Sussex,M Klinger,HJH Marshall,A Shahzad,1,0,,,,,,,,,
947101,2016,2016-05-20,County Ground,2,1.4,Gloucestershire,Sussex,HJH Marshall,M Klinger,A Shahzad,0,0,,,,,,caught,HJH Marshall,,
947101,2016,2016-05-20,County Ground,2,1.5,Gloucestershire,Sussex,IA Cockbain,M Klinger,A Shahzad,0,0,,,,,,,,,
947101,2016,2016-05-20,County Ground,2,1.6,Gloucestershire,Sussex,IA Cockbain,M Klinger,A Shahzad,1,0,,,,,,,,,
947101,2016,2016-05-20,County Ground,2,2.1,Gloucestershire,Sussex,IA Cockbain,M Klinger,TS Mills,4,0,,,,,,,,,
947101,2016,2016-05-20,County Ground,2,2.2,Gloucestershire,Sussex,IA Cockbain,M Klinger,TS Mills,1,0,,,,,,,,,
947101,2016,2016-05-20,County Ground,2,2.3,Gloucestershire,Sussex,M Klinger,IA Cockbain,TS Mills,0,2,,2,,,,,,,
947101,2016,2016-05-20,County Ground,2,2.4,Gloucestershire,Sussex,M Klinger,IA Cockbain,TS Mills,4,0,,,,,,,,,
947101,2016,2016-05-20,County Ground,2,2.5,Gloucestershire,Sussex,M Klinger,IA Cockbain,TS Mills,0,0,,,,,,,,,
947101,2016,2016-05-20,County Ground,2,2.6,Gloucestershire,Sussex,M Klinger,IA Cockbain,TS Mills,0,0,,,,,,,,,
947101,2016,2016-05-20,County Ground,2,2.7,Gloucestershire,Sussex,M Klinger,IA Cockbain,TS Mills,0,0,,,,,,,,,
947101,2016,2016-05-20,County Ground,2,3.1,Gloucestershire,Sussex,IA Cockbain,M Klinger,OE Robinson,1,0,,,,,,,,,
947101,2016,2016-05-20,County Ground,2,3.2,Gloucestershire,Sussex,M Klinger,IA Cockbain,OE Robinson,6,0,,,,,,,,,
947101,2016,2016-05-20,County Ground,2,3.3,Gloucestershire,Sussex,M Klinger,IA Cockbain,OE Robinson,6,0,,,,,,,,,
947101,2016,2016-05-20,County Ground,2,3.4,Gloucestershire,Sussex,M Klinger,IA Cockbain,OE Robinson,2,0,,,,,,,,,
947101,2016,2016-05-20,County Ground,2,3.5,Gloucestershire,Sussex,M Klinger,IA Cockbain,OE Robinson,1,0,,,,,,,,,
947101,2016,2016-05-20,County Ground,2,3.6,Gloucestershire,Sussex,IA Cockbain,M Klinger,OE Robinson,1,0,,,,,,,,,
947101,2016,2016-05-20,County Ground,2,4.1,Gloucestershire,Sussex,IA Cockbain,M Klinger,TS Mills,1,0,,,,,,,,,
947101,2016,2016-05-20,County Ground,2,4.2,Gloucestershire,Sussex,M Klinger,IA Cockbain,TS Mills,4,0,,,,,,,,,
947101,2016,2016-05-20,County Ground,2,4.3,Gloucestershire,Sussex,M Klinger,IA Cockbain,TS Mills,1,0,,,,,,,,,
947101,2016,2016-05-20,County Ground,2,4.4,Gloucestershire,Sussex,IA Cockbain,M Klinger,TS Mills,1,0,,,,,,,,,
947101,2016,2016-05-20,County Ground,2,4.5,Gloucestershire,Sussex,M Klinger,IA Cockbain,TS Mills,0,0,,,,,,,,,
947101,2016,2016-05-20,County Ground,2,4.6,Gloucestershire,Sussex,M Klinger,IA Cockbain,TS Mills,1,0,,,,,,,,,
947101,2016,2016-05-20,County Ground,2,5.1,Gloucestershire,Sussex,M Klinger,IA Cockbain,A Shahzad,4,0,,,,,,,,,
947101,2016,2016-05-20,County Ground,2,5.2,Gloucestershire,Sussex,M Klinger,IA Cockbain,A Shahzad,4,0,,,,,,,,,
947101,2016,2016-05-20,County Ground,2,5.3,Gloucestershire,Sussex,M Klinger,IA Cockbain,A Shahzad,1,0,,,,,,,,,
947101,2016,2016-05-20,County Ground,2,5.4,Gloucestershire,Sussex,IA Cockbain,M Klinger,A Shahzad,0,0,,,,,,,,,
947101,2016,2016-05-20,County Ground,2,5.5,Gloucestershire,Sussex,IA Cockbain,M Klinger,A Shahzad,1,0,,,,,,,,,
947101,2016,2016-05-20,County Ground,2,5.6,Gloucestershire,Sussex,M Klinger,IA Cockbain,A Shahzad,6,0,,,,,,,,,
947101,2016,2016-05-20,County Ground,2,6.1,Gloucestershire,Sussex,IA Cockbain,M Klinger,DR Briggs,4,0,,,,,,,,,
947101,2016,2016-05-20,County Ground,2,6.2,Gloucestershire,Sussex,IA Cockbain,M Klinger,DR Briggs,6,0,,,,,,,,,
947101,2016,2016-05-20,County Ground,2,6.3,Gloucestershire,Sussex,IA Cockbain,M Klinger,DR Briggs,1,0,,,,,,,,,
947101,2016,2016-05-20,County Ground,2,6.4,Gloucestershire,Sussex,M Klinger,IA Cockbain,DR Briggs,1,0,,,,,,,,,
947101,2016,2016-05-20,County Ground,2,6.5,Gloucestershire,Sussex,IA Cockbain,M Klinger,DR Briggs,1,0,,,,,,,,,
947101,2016,2016-05-20,County Ground,2,6.6,Gloucestershire,Sussex,M Klinger,IA Cockbain,DR Briggs,0,0,,,,,,,,,
947101,2016,2016-05-20,County Ground,2,7.1,Gloucestershire,Sussex,IA Cockbain,M Klinger,WAT Beer,1,0,,,,,,,,,
947101,2016,2016-05-20,County Ground,2,7.2,Gloucestershire,Sussex,M Klinger,IA Cockbain,WAT Beer,0,2,,,,2,,,,,
947101,2016,2016-05-20,County Ground,2,7.3,Gloucestershire,Sussex,M Klinger,IA Cockbain,WAT Beer,0,0,,,,,,,,,
