match_id,season,start_date,venue,innings,ball,batting_team,bowling_team,striker,non_striker,bowler,runs_off_bat,extras,wides,noballs,byes,legbyes,penalty,wicket_type,player_dismissed,other_wicket_type,other_player_dismissed
947267,2016,2016-07-09,Trent Bridge,1,0.1,Worcestershire,Nottinghamshire,J Leach,T Kohler-Cadmore,SR Patel,0,0,,,,,,,,,
947267,2016,2016-07-09,Trent Bridge,1,0.2,Worcestershire,Nottinghamshire,J Leach,T Kohler-Cadmore,SR Patel,1,0,,,,,,,,,
947267,2016,2016-07-09,Trent Bridge,1,0.3,Worcestershire,Nottinghamshire,T Kohler-Cadmore,J Leach,SR Patel,0,0,,,,,,,,,
947267,2016,2016-07-09,Trent Bridge,1,0.4,Worcestershire,Nottinghamshire,T Kohler-Cadmore,J Leach,SR Patel,1,0,,,,,,,,,
947267,2016,2016-07-09,Trent Bridge,1,0.5,Worcestershire,Nottinghamshire,J Leach,T Kohler-Cadmore,SR Patel,4,0,,,,,,,,,
947267,2016,2016-07-09,Trent Bridge,1,0.6,Worcestershire,Nottinghamshire,J Leach,T Kohler-Cadmore,SR Patel,1,0,,,,,,,,,
947267,2016,2016-07-09,Trent Bridge,1,1.1,Worcestershire,Nottinghamshire,J Leach,T Kohler-Cadmore,HF Gurney,0,0,,,,,,,,,
947267,2016,2016-07-09,Trent Bridge,1,1.2,Worcestershire,Nottinghamshire,J Leach,T Kohler-Cadmore,HF Gurney,1,0,,,,,,,,,
947267,2016,2016-07-09,Trent Bridge,1,1.3,Worcestershire,Nottinghamshire,T Kohler-Cadmore,J Leach,HF Gurney,0,2,,2,,,,,,,
947267,2016,2016-07-09,Trent Bridge,1,1.4,Worcestershire,Nottinghamshire,T Kohler-Cadmore,J Leach,HF Gurney,1,0,,,,,,,,,
947267,2016,2016-07-09,Trent Bridge,1,1.5,Worcestershire,Nottinghamshire,J Leach,T Kohler-Cadmore,HF Gurney,6,0,,,,,,,,,
947267,2016,2016-07-09,Trent Bridge,1,1.6,Worcestershire,Nottinghamshire,J Leach,T Kohler-Cadmore,HF Gurney,4,0,,,,,,,,,
947267,2016,2016-07-09,Trent Bridge,1,1.7,Worcestershire,Nottinghamshire,J Leach,T Kohler-Cadmore,HF Gurney,1,0,,,,,,,,,
947267,2016,2016-07-09,Trent Bridge,1,2.1,Worcestershire,Nottinghamshire,J Leach,T Kohler-Cadmore,JT Ball,0,0,,,,,,,,,
947267,2016,2016-07-09,Trent Bridge,1,2.2,Worcestershire,Nottinghamshire,J Leach,T Kohler-Cadmore,JT Ball,0,0,,,,,,caught,J Leach,,
947267,2016,2016-07-09,Trent Bridge,1,2.3,Worcestershire,Nottinghamshire,T Kohler-Cadmore,JM Clarke,JT Ball,1,0,,,,,,,,,
947267,2016,2016-07-09,Trent Bridge,1,2.4,Worcestershire,Nottinghamshire,JM Clarke,T Kohler-Cadmore,JT Ball,0,0,,,,,,,,,
947267,2016,2016-07-09,Trent Bridge,1,2.5,Worcestershire,Nottinghamshire,JM Clarke,T Kohler-Cadmore,JT Ball,0,0,,,,,,,,,
947267,2016,2016-07-09,Trent Bridge,1,2.6,Worcestershire,Nottinghamshire,JM Clarke,T Kohler-Cadmore,JT Ball,1,0,,,,,,,,,
947267,2016,2016-07-09,Trent Bridge,1,3.1,Worcestershire,Nottinghamshire,JM Clarke,T Kohler-Cadmore,HF Gurney,0,0,,,,,,,,,
947267,2016,2016-07-09,Trent Bridge,1,3.2,Worcestershire,Nottinghamshire,JM Clarke,T Kohler-Cadmore,HF Gurney,1,0,,,,,,,,,
947267,2016,2016-07-09,Trent Bridge,1,3.3,Worcestershire,Nottinghamshire,T Kohler-Cadmore,JM Clarke,HF Gurney,0,0,,,,,,,,,
947267,2016,2016-07-09,Trent Bridge,1,3.4,Worcestershire,Nottinghamshire,T Kohler-Cadmore,JM Clarke,HF Gurney,4,0,,,,,,,,,
947267,2016,2016-07-09,Trent Bridge,1,3.5,Worcestershire,Nottinghamshire,T Kohler-Cadmore,JM Clarke,HF Gurney,0,0,,,,,,,,,
947267,2016,2016-07-09,Trent Bridge,1,3.6,Worcestershire,Nottinghamshire,T Kohler-Cadmore,JM Clarke,HF Gurney,0,0,,,,,,,,,
947267,2016,2016-07-09,Trent Bridge,1,4.1,Worcestershire,Nottinghamshire,JM Clarke,T Kohler-Cadmore,JT Ball,4,0,,,,,,,,,
947267,2016,2016-07-09,Trent Bridge,1,4.2,Worcestershire,Nottinghamshire,JM Clarke,T Kohler-Cadmore,JT Ball,0,0,,,,,,,,,
947267,2016,2016-07-09,Trent Bridge,1,4.3,Worcestershire,Nottinghamshire,JM Clarke,T Kohler-Cadmore,JT Ball,0,0,,,,,,,,,
947267,2016,2016-07-09,Trent Bridge,1,4.4,Worcestershire,Nottinghamshire,JM Clarke,T Kohler-Cadmore,JT Ball,0,0,,,,,,,,,
947267,2016,2016-07-09,Trent Bridge,1,4.5,Worcestershire,Nottinghamshire,JM Clarke,T Kohler-Cadmore,JT Ball,0,0,,,,,,,,,
947267,2016,2016-07-09,Trent Bridge,1,4.6,Worcestershire,Nottinghamshire,JM Clarke,T Kohler-Cadmore,JT Ball,1,0,,,,,,,,,
947267,2016,2016-07-09,Trent Bridge,1,5.1,Worcestershire,Nottinghamshire,JM Clarke,T Kohler-Cadmore,DT Christian,0,0,,,,,,,,,
947267,2016,2016-07-09,Trent Bridge,1,5.2,Worcestershire,Nottinghamshire,JM Clarke,T Kohler-Cadmore,DT Christian,0,0,,,,,,,,,
947267,2016,2016-07-09,Trent Bridge,1,5.3,Worcestershire,Nottinghamshire,JM Clarke,T Kohler-Cadmore,DT Christian,0,0,,,,,,caught,JM Clarke,,
947267,2016,2016-07-09,Trent Bridge,1,5.4,Worcestershire,Nottinghamshire,T Kohler-Cadmore,BL D'Oliveira,DT Christian,0,0,,,,,,,,,
947267,2016,2016-07-09,Trent Bridge,1,5.5,Worcestershire,Nottinghamshire,T Kohler-Cadmore,BL D'Oliveira,DT Christian,0,0,,,,,,,,,
947267,2016,2016-07-09,Trent Bridge,1,5.6,Worcestershire,Nottinghamshire,T Kohler-Cadmore,BL D'Oliveira,DT Christian,4,0,,,,,,,,,
947267,2016,2016-07-09,Trent Bridge,1,6.1,Worcestershire,Nottinghamshire,BL D'Oliveira,T Kohler-Cadmore,Imran Tahir,1,0,,,,,,,,,
947267,2016,2016-07-09,Trent Bridge,1,6.2,Worcestershire,Nottinghamshire,T Kohler-Cadmore,BL D'Oliveira,Imran Tahir,0,0,,,,,,,,,
947267,2016,2016-07-09,Trent Bridge,1,6.3,Worcestershire,Nottinghamshire,T Kohler-Cadmore,BL D'Oliveira,Imran Tahir,2,0,,,,,,,,,
947267,2016,2016-07-09,Trent Bridge,1,6.4,Worcestershire,Nottinghamshire,T Kohler-Cadmore,BL D'Oliveira,Imran Tahir,1,0,,,,,,,,,
947267,2016,2016-07-09,Trent Bridge,1,6.5,Worcestershire,Nottinghamshire,BL D'Oliveira,T Kohler-Cadmore,Imran Tahir,1,0,,,,,,,,,
947267,2016,2016-07-09,Trent Bridge,1,6.6,Worcestershire,Nottinghamshire,T Kohler-Cadmore,BL D'Oliveira,Imran Tahir,1,0,,,,,,,,,
947267,2016,2016-07-09,Trent Bridge,1,7.1,Worcestershire,Nottinghamshire,T Kohler-Cadmore,BL D'Oliveira,SR Patel,1,0,,,,,,,,,
947267,2016,2016-07-09,Trent Bridge,1,7.2,Worcestershire,Nottinghamshire,BL D'Oliveira,T Kohler-Cadmore,SR Patel,0,0,,,,,,,,,
947267,2016,2016-07-09,Trent Bridge,1,7.3,Worcestershire,Nottinghamshire,BL D'Oliveira,T Kohler-Cadmore,SR Patel,1,0,,,,,,,,,
947267,2016,2016-07-09,Trent Bridge,1,7.4,Worcestershire,Nottinghamshire,T Kohler-Cadmore,BL D'Oliveira,SR Patel,1,0,,,,,,,,,
947267,2016,2016-07-09,Trent Bridge,1,7.5,Worcestershire,Nottinghamshire,BL D'Oliveira,T Kohler-Cadmore,SR Patel,0,0,,,,,,,,,
947267,2016,2016-07-09,Trent Bridge,1,7.6,Worcestershire,Nottinghamshire,BL D'Oliveira,T Kohler-Cadmore,SR Patel,1,0,,,,,,,,,
947267,2016,2016-07-09,Trent Bridge,1,8.1,Worcestershire,Nottinghamshire,BL D'Oliveira,T Kohler-Cadmore,Imran Tahir,4,0,,,,,,,,,
947267,2016,2016-07-09,Trent Bridge,1,8.2,Worcestershire,Nottinghamshire,BL D'Oliveira,T Kohler-Cadmore,Imran Tahir,1,0,,,,,,,,,
947267,2016,2016-07-09,Trent Bridge,1,8.3,Worcestershire,Nottinghamshire,T Kohler-Cadmore,BL D'Oliveira,Imran Tahir,0,0,,,,,,,,,
947267,2016,2016-07-09,Trent Bridge,1,8.4,Worcestershire,Nottinghamshire,T Kohler-Cadmore,BL D'Oliveira,Imran Tahir,1,0,,,,,,,,,
947267,2016,2016-07-09,Trent Bridge,1,8.5,Worcestershire,Nottinghamshire,BL D'Oliveira,T Kohler-Cadmore,Imran Tahir,0,0,,,,,,run out,BL D'Oliveira,,
947267,2016,2016-07-09,Trent Bridge,1,8.6,Worcestershire,Nottinghamshire,T Kohler-Cadmore,RA Whiteley,Imran Tahir,0,0,,,,,,,,,
947267,2016,2016-07-09,Trent Bridge,1,9.1,Worcestershire,Nottinghamshire,RA Whiteley,T Kohler-Cadmore,SR Patel,0,0,,,,,,,,,
947267,2016,2016-07-09,Trent Bridge,1,9.2,Worcestershire,Nottinghamshire,RA Whiteley,T Kohler-Cadmore,SR Patel,0,0,,,,,,,,,
947267,2016,2016-07-09,Trent Bridge,1,9.3,Worcestershire,Nottinghamshire,RA Whiteley,T Kohler-Cadmore,SR Patel,1,0,,,,,,,,,
947267,2016,2016-07-09,Trent Bridge,1,9.4,Worcestershire,Nottinghamshire,T Kohler-Cadmore,RA Whiteley,SR Patel,1,0,,,,,,,,,
947267,2016,2016-07-09,Trent Bridge,1,9.5,Worcestershire,Nottinghamshire,RA Whiteley,T Kohler-Cadmore,SR Patel,0,0,,,,,,,,,
947267,2016,2016-07-09,Trent Bridge,1,9.6,Worcestershire,Nottinghamshire,RA Whiteley,T Kohler-Cadmore,SR Patel,1,0,,,,,,,,,
947267,2016,2016-07-09,Trent Bridge,1,10.1,Worcestershire,Nottinghamshire,RA Whiteley,T Kohler-Cadmore,SJ Mullaney,1,0,,,,,,,,,
947267,2016,2016-07-09,Trent Bridge,1,10.2,Worcestershire,Nottinghamshire,T Kohler-Cadmore,RA Whiteley,SJ Mullaney,1,0,,,,,,,,,
947267,2016,2016-07-09,Trent Bridge,1,10.3,Worcestershire,Nottinghamshire,RA Whiteley,T Kohler-Cadmore,SJ Mullaney,4,0,,,,,,,,,
947267,2016,2016-07-09,Trent Bridge,1,10.4,Worcestershire,Nottinghamshire,RA Whiteley,T Kohler-Cadmore,SJ Mullaney,1,0,,,,,,,,,
947267,2016,2016-07-09,Trent Bridge,1,10.5,Worcestershire,Nottinghamshire,T Kohler-Cadmore,RA Whiteley,SJ Mullaney,0,0,,,,,,,,,
947267,2016,2016-07-09,Trent Bridge,1,10.6,Worcestershire,Nottinghamshire,T Kohler-Cadmore,RA Whiteley,SJ Mullaney,0,0,,,,,,,,,
947267,2016,2016-07-09,Trent Bridge,1,11.1,Worcestershire,Nottinghamshire,RA Whiteley,T Kohler-Cadmore,SR Patel,2,0,,,,,,,,,
947267,2016,2016-07-09,Trent Bridge,1,11.2,Worcestershire,Nottinghamshire,RA Whiteley,T Kohler-Cadmore,SR Patel,0,0,,,,,,caught,RA Whiteley,,
947267,2016,2016-07-09,Trent Bridge,1,11.3,Worcestershire,Nottinghamshire,T Kohler-Cadmore,OB Cox,SR Patel,1,0,,,,,,,,,
947267,2016,2016-07-09,Trent Bridge,1,11.4,Worcestershire,Nottinghamshire,OB Cox,T Kohler-Cadmore,SR Patel,1,0,,,,,,,,,
947267,2016,2016-07-09,Trent Bridge,1,11.5,Worcestershire,Nottinghamshire,T Kohler-Cadmore,OB Cox,SR Patel,1,0,,,,,,,,,
947267,2016,2016-07-09,Trent Bridge,1,11.6,Worcestershire,Nottinghamshire,OB Cox,T Kohler-Cadmore,SR Patel,1,0,,,,,,,,,
947267,2016,2016-07-09,Trent Bridge,1,12.1,Worcestershire,Nottinghamshire,OB Cox,T Kohler-Cadmore,SJ Mullaney,2,0,,,,,,,,,
947267,2016,2016-07-09,Trent Bridge,1,12.2,Worcestershire,Nottinghamshire,OB Cox,T Kohler-Cadmore,SJ Mullaney,0,0,,,,,,,,,
947267,2016,2016-07-09,Trent Bridge,1,12.3,Worcestershire,Nottinghamshire,OB Cox,T Kohler-Cadmore,SJ Mullaney,0,0,,,,,,,,,
947267,2016,2016-07-09,Trent Bridge,1,12.4,Worcestershire,Nottinghamshire,OB Cox,T Kohler-Cadmore,SJ Mullaney,3,0,,,,,,,,,
947267,2016,2016-07-09,Trent Bridge,1,12.5,Worcestershire,Nottinghamshire,T Kohler-Cadmore,OB Cox,SJ Mullaney,0,0,,,,,,caught,T Kohler-Cadmore,,
947267,2016,2016-07-09,Trent Bridge,1,12.6,Worcestershire,Nottinghamshire,OB Cox,DKH Mitchell,SJ Mullaney,1,0,,,,,,,,,
947267,2016,2016-07-09,Trent Bridge,1,13.1,Worcestershire,Nottinghamshire,OB Cox,DKH Mitchell,Imran Tahir,1,0,,,,,,run out,DKH Mitchell,,
947267,2016,2016-07-09,Trent Bridge,1,13.2,Worcestershire,Nottinghamshire,OB Cox,GH Rhodes,Imran Tahir,0,0,,,,,,,,,
947267,2016,2016-07-09,Trent Bridge,1,13.3,Worcestershire,Nottinghamshire,OB Cox,GH Rhodes,Imran Tahir,0,0,,,,,,,,,
947267,2016,2016-07-09,Trent Bridge,1,13.4,Worcestershire,Nottinghamshire,OB Cox,GH Rhodes,Imran Tahir,0,0,,,,,,,,,
947267,2016,2016-07-09,Trent Bridge,1,13.5,Worcestershire,Nottinghamshire,OB Cox,GH Rhodes,Imran Tahir,1,0,,,,,,,,,
947267,2016,2016-07-09,Trent Bridge,1,13.6,Worcestershire,Nottinghamshire,GH Rhodes,OB Cox,Imran Tahir,2,0,,,,,,,,,
947267,2016,2016-07-09,Trent Bridge,1,14.1,Worcestershire,Nottinghamshire,OB Cox,GH Rhodes,SJ Mullaney,1,0,,,,,,,,,
947267,2016,2016-07-09,Trent Bridge,1,14.2,Worcestershire,Nottinghamshire,GH Rhodes,OB Cox,SJ Mullaney,1,0,,,,,,,,,
947267,2016,2016-07-09,Trent Bridge,1,14.3,Worcestershire,Nottinghamshire,OB Cox,GH Rhodes,SJ Mullaney,1,0,,,,,,,,,
947267,2016,2016-07-09,Trent Bridge,1,14.4,Worcestershire,Nottinghamshire,GH Rhodes,OB Cox,SJ Mullaney,1,0,,,,,,,,,
947267,2016,2016-07-09,Trent Bridge,1,14.5,Worcestershire,Nottinghamshire,OB Cox,GH Rhodes,SJ Mullaney,1,0,,,,,,,,,
947267,2016,2016-07-09,Trent Bridge,1,14.6,Worcestershire,Nottinghamshire,GH Rhodes,OB Cox,SJ Mullaney,1,0,,,,,,,,,
947267,2016,2016-07-09,Trent Bridge,1,15.1,Worcestershire,Nottinghamshire,GH Rhodes,OB Cox,Imran Tahir,1,0,,,,,,,,,
947267,2016,2016-07-09,Trent Bridge,1,15.2,Worcestershire,Nottinghamshire,OB Cox,GH Rhodes,Imran Tahir,4,0,,,,,,,,,
947267,2016,2016-07-09,Trent Bridge,1,15.3,Worcestershire,Nottinghamshire,OB Cox,GH Rhodes,Imran Tahir,4,0,,,,,,,,,
947267,2016,2016-07-09,Trent Bridge,1,15.4,Worcestershire,Nottinghamshire,OB Cox,GH Rhodes,Imran Tahir,1,0,,,,,,,,,
947267,2016,2016-07-09,Trent Bridge,1,15.5,Worcestershire,Nottinghamshire,GH Rhodes,OB Cox,Imran Tahir,0,0,,,,,,,,,
947267,2016,2016-07-09,Trent Bridge,1,15.6,Worcestershire,Nottinghamshire,GH Rhodes,OB Cox,Imran Tahir,0,0,,,,,,,,,
947267,2016,2016-07-09,Trent Bridge,1,16.1,Worcestershire,Nottinghamshire,OB Cox,GH Rhodes,SJ Mullaney,1,0,,,,,,,,,
947267,2016,2016-07-09,Trent Bridge,1,16.2,Worcestershire,Nottinghamshire,GH Rhodes,OB Cox,SJ Mullaney,1,0,,,,,,,,,
947267,2016,2016-07-09,Trent Bridge,1,16.3,Worcestershire,Nottinghamshire,OB Cox,GH Rhodes,SJ Mullaney,0,0,,,,,,,,,
947267,2016,2016-07-09,Trent Bridge,1,16.4,Worcestershire,Nottinghamshire,OB Cox,GH Rhodes,SJ Mullaney,4,0,,,,,,,,,
947267,2016,2016-07-09,Trent Bridge,1,16.5,Worcestershire,Nottinghamshire,OB Cox,GH Rhodes,SJ Mullaney,1,0,,,,,,,,,
947267,2016,2016-07-09,Trent Bridge,1,16.6,Worcestershire,Nottinghamshire,GH Rhodes,OB Cox,SJ Mullaney,0,0,,,,,,stumped,GH Rhodes,,
947267,2016,2016-07-09,Trent Bridge,1,17.1,Worcestershire,Nottinghamshire,OB Cox,MJ Henry,HF Gurney,1,0,,,,,,,,,
947267,2016,2016-07-09,Trent Bridge,1,17.2,Worcestershire,Nottinghamshire,MJ Henry,OB Cox,HF Gurney,0,0,,,,,,,,,
947267,2016,2016-07-09,Trent Bridge,1,17.3,Worcestershire,Nottinghamshire,MJ Henry,OB Cox,HF Gurney,0,0,,,,,,caught,MJ Henry,,
947267,2016,2016-07-09,Trent Bridge,1,17.4,Worcestershire,Nottinghamshire,EG Barnard,OB Cox,HF Gurney,0,0,,,,,,,,,
947267,2016,2016-07-09,Trent Bridge,1,17.5,Worcestershire,Nottinghamshire,EG Barnard,OB Cox,HF Gurney,1,0,,,,,,,,,
947267,2016,2016-07-09,Trent Bridge,1,17.6,Worcestershire,Nottinghamshire,OB Cox,EG Barnard,HF Gurney,0,0,,,,,,,,,
947267,2016,2016-07-09,Trent Bridge,1,18.1,Worcestershire,Nottinghamshire,EG Barnard,OB Cox,JT Ball,0,2,,2,,,,,,,
947267,2016,2016-07-09,Trent Bridge,1,18.2,Worcestershire,Nottinghamshire,EG Barnard,OB Cox,JT Ball,1,0,,,,,,,,,
947267,2016,2016-07-09,Trent Bridge,1,18.3,Worcestershire,Nottinghamshire,OB Cox,EG Barnard,JT Ball,0,0,,,,,,,,,
947267,2016,2016-07-09,Trent Bridge,1,18.4,Worcestershire,Nottinghamshire,OB Cox,EG Barnard,JT Ball,1,0,,,,,,,,,
947267,2016,2016-07-09,Trent Bridge,1,18.5,Worcestershire,Nottinghamshire,EG Barnard,OB Cox,JT Ball,1,0,,,,,,,,,
947267,2016,2016-07-09,Trent Bridge,1,18.6,Worcestershire,Nottinghamshire,OB Cox,EG Barnard,JT Ball,2,0,,,,,,,,,
947267,2016,2016-07-09,Trent Bridge,1,18.7,Worcestershire,Nottinghamshire,OB Cox,EG Barnard,JT Ball,4,0,,,,,,,,,
947267,2016,2016-07-09,Trent Bridge,1,19.1,Worcestershire,Nottinghamshire,EG Barnard,OB Cox,HF Gurney,2,0,,,,,,,,,
947267,2016,2016-07-09,Trent Bridge,1,19.2,Worcestershire,Nottinghamshire,EG Barnard,OB Cox,HF Gurney,1,0,,,,,,,,,
947267,2016,2016-07-09,Trent Bridge,1,19.3,Worcestershire,Nottinghamshire,OB Cox,EG Barnard,HF Gurney,0,1,,,,1,,,,,
947267,2016,2016-07-09,Trent Bridge,1,19.4,Worcestershire,Nottinghamshire,EG Barnard,OB Cox,HF Gurney,2,0,,,,,,,,,
947267,2016,2016-07-09,Trent Bridge,1,19.5,Worcestershire,Nottinghamshire,EG Barnard,OB Cox,HF Gurney,0,1,,,1,,,,,,
947267,2016,2016-07-09,Trent Bridge,1,19.6,Worcestershire,Nottinghamshire,OB Cox,EG Barnard,HF Gurney,1,0,,,,,,,,,
947267,2016,2016-07-09,Trent Bridge,2,0.1,Nottinghamshire,Worcestershire,MJ Lumb,MH Wessels,JD Shantry,0,1,,,,1,,,,,
947267,2016,2016-07-09,Trent Bridge,2,0.2,Nottinghamshire,Worcestershire,MH Wessels,MJ Lumb,JD Shantry,1,0,,,,,,,,,
947267,2016,2016-07-09,Trent Bridge,2,0.3,Nottinghamshire,Worcestershire,MJ Lumb,MH Wessels,JD Shantry,0,0,,,,,,,,,
947267,2016,2016-07-09,Trent Bridge,2,0.4,Nottinghamshire,Worcestershire,MJ Lumb,MH Wessels,JD Shantry,1,0,,,,,,,,,
947267,2016,2016-07-09,Trent Bridge,2,0.5,Nottinghamshire,Worcestershire,MH Wessels,MJ Lumb,JD Shantry,1,0,,,,,,,,,
947267,2016,2016-07-09,Trent Bridge,2,0.6,Nottinghamshire,Worcestershire,MJ Lumb,MH Wessels,JD Shantry,0,0,,,,,,,,,
947267,2016,2016-07-09,Trent Bridge,2,1.1,Nottinghamshire,Worcestershire,MH Wessels,MJ Lumb,J Leach,0,0,,,,,,,,,
947267,2016,2016-07-09,Trent Bridge,2,1.2,Nottinghamshire,Worcestershire,MH Wessels,MJ Lumb,J Leach,0,0,,,,,,,,,
947267,2016,2016-07-09,Trent Bridge,2,1.3,Nottinghamshire,Worcestershire,MH Wessels,MJ Lumb,J Leach,4,0,,,,,,,,,
947267,2016,2016-07-09,Trent Bridge,2,1.4,Nottinghamshire,Worcestershire,MH Wessels,MJ Lumb,J Leach,6,0,,,,,,,,,
947267,2016,2016-07-09,Trent Bridge,2,1.5,Nottinghamshire,Worcestershire,MH Wessels,MJ Lumb,J Leach,4,0,,,,,,,,,
947267,2016,2016-07-09,Trent Bridge,2,1.6,Nottinghamshire,Worcestershire,MH Wessels,MJ Lumb,J Leach,6,0,,,,,,,,,
947267,2016,2016-07-09,Trent Bridge,2,2.1,Nottinghamshire,Worcestershire,MJ Lumb,MH Wessels,JD Shantry,4,0,,,,,,,,,
947267,2016,2016-07-09,Trent Bridge,2,2.2,Nottinghamshire,Worcestershire,MJ Lumb,MH Wessels,JD Shantry,0,0,,,,,,,,,
947267,2016,2016-07-09,Trent Bridge,2,2.3,Nottinghamshire,Worcestershire,MJ Lumb,MH Wessels,JD Shantry,0,0,,,,,,,,,
947267,2016,2016-07-09,Trent Bridge,2,2.4,Nottinghamshire,Worcestershire,MJ Lumb,MH Wessels,JD Shantry,4,0,,,,,,,,,
947267,2016,2016-07-09,Trent Bridge,2,2.5,Nottinghamshire,Worcestershire,MJ Lumb,MH Wessels,JD Shantry,4,0,,,,,,,,,
947267,2016,2016-07-09,Trent Bridge,2,2.6,Nottinghamshire,Worcestershire,MJ Lumb,MH Wessels,JD Shantry,1,0,,,,,,,,,
947267,2016,2016-07-09,Trent Bridge,2,3.1,Nottinghamshire,Worcestershire,MJ Lumb,MH Wessels,MJ Henry,0,0,,,,,,,,,
947267,2016,2016-07-09,Trent Bridge,2,3.2,Nottinghamshire,Worcestershire,MJ Lumb,MH Wessels,MJ Henry,0,0,,,,,,caught,MJ Lumb,,
947267,2016,2016-07-09,Trent Bridge,2,3.3,Nottinghamshire,Worcestershire,MH Wessels,GP Smith,MJ Henry,0,0,,,,,,,,,
947267,2016,2016-07-09,Trent Bridge,2,3.4,Nottinghamshire,Worcestershire,MH Wessels,GP Smith,MJ Henry,4,0,,,,,,,,,
947267,2016,2016-07-09,Trent Bridge,2,3.5,Nottinghamshire,Worcestershire,MH Wessels,GP Smith,MJ Henry,1,0,,,,,,,,,
947267,2016,2016-07-09,Trent Bridge,2,3.6,Nottinghamshire,Worcestershire,GP Smith,MH Wessels,MJ Henry,1,0,,,,,,,,,
947267,2016,2016-07-09,Trent Bridge,2,4.1,Nottinghamshire,Worcestershire,GP Smith,MH Wessels,EG Barnard,1,0,,,,,,,,,
947267,2016,2016-07-09,Trent Bridge,2,4.2,Nottinghamshire,Worcestershire,MH Wessels,GP Smith,EG Barnard,6,0,,,,,,,,,
947267,2016,2016-07-09,Trent Bridge,2,4.3,Nottinghamshire,Worcestershire,MH Wessels,GP Smith,EG Barnard,0,0,,,,,,,,,
947267,2016,2016-07-09,Trent Bridge,2,4.4,Nottinghamshire,Worcestershire,MH Wessels,GP Smith,EG Barnard,6,0,,,,,,,,,
947267,2016,2016-07-09,Trent Bridge,2,4.5,Nottinghamshire,Worcestershire,MH Wessels,GP Smith,EG Barnard,0,0,,,,,,,,,
947267,2016,2016-07-09,Trent Bridge,2,4.6,Nottinghamshire,Worcestershire,MH Wessels,GP Smith,EG Barnard,6,0,,,,,,,,,
947267,2016,2016-07-09,Trent Bridge,2,5.1,Nottinghamshire,Worcestershire,GP Smith,MH Wessels,MJ Henry,0,0,,,,,,,,,
947267,2016,2016-07-09,Trent Bridge,2,5.2,Nottinghamshire,Worcestershire,GP Smith,MH Wessels,MJ Henry,0,0,,,,,,,,,
947267,2016,2016-07-09,Trent Bridge,2,5.3,Nottinghamshire,Worcestershire,GP Smith,MH Wessels,MJ Henry,6,0,,,,,,,,,
947267,2016,2016-07-09,Trent Bridge,2,5.4,Nottinghamshire,Worcestershire,GP Smith,MH Wessels,MJ Henry,1,0,,,,,,,,,
947267,2016,2016-07-09,Trent Bridge,2,5.5,Nottinghamshire,Worcestershire,MH Wessels,GP Smith,MJ Henry,6,0,,,,,,,,,
947267,2016,2016-07-09,Trent Bridge,2,5.6,Nottinghamshire,Worcestershire,MH Wessels,GP Smith,MJ Henry,4,0,,,,,,,,,
947267,2016,2016-07-09,Trent Bridge,2,6.1,Nottinghamshire,Worcestershire,GP Smith,MH Wessels,GH Rhodes,4,0,,,,,,,,,
947267,2016,2016-07-09,Trent Bridge,2,6.2,Nottinghamshire,Worcestershire,GP Smith,MH Wessels,GH Rhodes,1,0,,,,,,,,,
947267,2016,2016-07-09,Trent Bridge,2,6.3,Nottinghamshire,Worcestershire,MH Wessels,GP Smith,GH Rhodes,1,0,,,,,,,,,
947267,2016,2016-07-09,Trent Bridge,2,6.4,Nottinghamshire,Worcestershire,GP Smith,MH Wessels,GH Rhodes,1,0,,,,,,,,,
947267,2016,2016-07-09,Trent Bridge,2,6.5,Nottinghamshire,Worcestershire,MH Wessels,GP Smith,GH Rhodes,1,0,,,,,,,,,
947267,2016,2016-07-09,Trent Bridge,2,6.6,Nottinghamshire,Worcestershire,GP Smith,MH Wessels,GH Rhodes,1,0,,,,,,,,,
947267,2016,2016-07-09,Trent Bridge,2,7.1,Nottinghamshire,Worcestershire,GP Smith,MH Wessels,BL D'Oliveira,1,0,,,,,,,,,
947267,2016,2016-07-09,Trent Bridge,2,7.2,Nottinghamshire,Worcestershire,MH Wessels,GP Smith,BL D'Oliveira,4,0,,,,,,,,,
947267,2016,2016-07-09,Trent Bridge,2,7.3,Nottinghamshire,Worcestershire,MH Wessels,GP Smith,BL D'Oliveira,1,0,,,,,,,,,
947267,2016,2016-07-09,Trent Bridge,2,7.4,Nottinghamshire,Worcestershire,GP Smith,MH Wessels,BL D'Oliveira,1,0,,,,,,,,,
947267,2016,2016-07-09,Trent Bridge,2,7.5,Nottinghamshire,Worcestershire,MH Wessels,GP Smith,BL D'Oliveira,1,0,,,,,,,,,
947267,2016,2016-07-09,Trent Bridge,2,7.6,Nottinghamshire,Worcestershire,GP Smith,MH Wessels,BL D'Oliveira,1,0,,,,,,,,,
947267,2016,2016-07-09,Trent Bridge,2,8.1,Nottinghamshire,Worcestershire,GP Smith,MH Wessels,DKH Mitchell,1,0,,,,,,,,,
947267,2016,2016-07-09,Trent Bridge,2,8.2,Nottinghamshire,Worcestershire,MH Wessels,GP Smith,DKH Mitchell,1,0,,,,,,,,,
947267,2016,2016-07-09,Trent Bridge,2,8.3,Nottinghamshire,Worcestershire,GP Smith,MH Wessels,DKH Mitchell,0,0,,,,,,,,,
947267,2016,2016-07-09,Trent Bridge,2,8.4,Nottinghamshire,Worcestershire,GP Smith,MH Wessels,DKH Mitchell,1,0,,,,,,,,,
947267,2016,2016-07-09,Trent Bridge,2,8.5,Nottinghamshire,Worcestershire,MH Wessels,GP Smith,DKH Mitchell,0,1,,,,1,,,,,
947267,2016,2016-07-09,Trent Bridge,2,8.6,Nottinghamshire,Worcestershire,GP Smith,MH Wessels,DKH Mitchell,1,0,,,,,,,,,
947267,2016,2016-07-09,Trent Bridge,2,9.1,Nottinghamshire,Worcestershire,GP Smith,MH Wessels,BL D'Oliveira,1,0,,,,,,,,,
947267,2016,2016-07-09,Trent Bridge,2,9.2,Nottinghamshire,Worcestershire,MH Wessels,GP Smith,BL D'Oliveira,6,0,,,,,,,,,
947267,2016,2016-07-09,Trent Bridge,2,9.3,Nottinghamshire,Worcestershire,MH Wessels,GP Smith,BL D'Oliveira,1,0,,,,,,,,,
947267,2016,2016-07-09,Trent Bridge,2,9.4,Nottinghamshire,Worcestershire,GP Smith,MH Wessels,BL D'Oliveira,1,0,,,,,,,,,
947267,2016,2016-07-09,Trent Bridge,2,9.5,Nottinghamshire,Worcestershire,MH Wessels,GP Smith,BL D'Oliveira,1,0,,,,,,,,,
947267,2016,2016-07-09,Trent Bridge,2,9.6,Nottinghamshire,Worcestershire,GP Smith,MH Wessels,BL D'Oliveira,1,0,,,,,,,,,
947267,2016,2016-07-09,Trent Bridge,2,10.1,Nottinghamshire,Worcestershire,GP Smith,MH Wessels,DKH Mitchell,0,0,,,,,,,,,
947267,2016,2016-07-09,Trent Bridge,2,10.2,Nottinghamshire,Worcestershire,GP Smith,MH Wessels,DKH Mitchell,1,0,,,,,,,,,
947267,2016,2016-07-09,Trent Bridge,2,10.3,Nottinghamshire,Worcestershire,MH Wessels,GP Smith,DKH Mitchell,1,0,,,,,,,,,
947267,2016,2016-07-09,Trent Bridge,2,10.4,Nottinghamshire,Worcestershire,GP Smith,MH Wessels,DKH Mitchell,1,0,,,,,,,,,
947267,2016,2016-07-09,Trent Bridge,2,10.5,Nottinghamshire,Worcestershire,MH Wessels,GP Smith,DKH Mitchell,1,0,,,,,,,,,
947267,2016,2016-07-09,Trent Bridge,2,10.6,Nottinghamshire,Worcestershire,GP Smith,MH Wessels,DKH Mitchell,0,0,,,,,,,,,
947267,2016,2016-07-09,Trent Bridge,2,11.1,Nottinghamshire,Worcestershire,MH Wessels,GP Smith,J Leach,0,0,,,,,,,,,
947267,2016,2016-07-09,Trent Bridge,2,11.2,Nottinghamshire,Worcestershire,MH Wessels,GP Smith,J Leach,1,0,,,,,,,,,
947267,2016,2016-07-09,Trent Bridge,2,11.3,Nottinghamshire,Worcestershire,GP Smith,MH Wessels,J Leach,0,0,,,,,,,,,
947267,2016,2016-07-09,Trent Bridge,2,11.4,Nottinghamshire,Worcestershire,GP Smith,MH Wessels,J Leach,1,0,,,,,,,,,
947267,2016,2016-07-09,Trent Bridge,2,11.5,Nottinghamshire,Worcestershire,MH Wessels,GP Smith,J Leach,1,0,,,,,,,,,
947267,2016,2016-07-09,Trent Bridge,2,11.6,Nottinghamshire,Worcestershire,GP Smith,MH Wessels,J Leach,4,0,,,,,,,,,
947267,2016,2016-07-09,Trent Bridge,2,12.1,Nottinghamshire,Worcestershire,MH Wessels,GP Smith,DKH Mitchell,0,0,,,,,,,,,
947267,2016,2016-07-09,Trent Bridge,2,12.2,Nottinghamshire,Worcestershire,MH Wessels,GP Smith,DKH Mitchell,4,0,,,,,,,,,
