match_id,season,start_date,venue,innings,ball,batting_team,bowling_team,striker,non_striker,bowler,runs_off_bat,extras,wides,noballs,byes,legbyes,penalty,wicket_type,player_dismissed,other_wicket_type,other_player_dismissed
947241,2016,2016-07-01,Edgbaston,1,0.1,Warwickshire,Northamptonshire,SR Hain,IR Bell,MA Ashraf,0,0,,,,,,,,,
947241,2016,2016-07-01,Edgbaston,1,0.2,Warwickshire,Northamptonshire,SR Hain,IR Bell,MA Ashraf,0,0,,,,,,,,,
947241,2016,2016-07-01,Edgbaston,1,0.3,Warwickshire,Northamptonshire,SR Hain,IR Bell,MA Ashraf,2,0,,,,,,,,,
947241,2016,2016-07-01,Edgbaston,1,0.4,Warwickshire,Northamptonshire,SR Hain,IR Bell,MA Ashraf,0,0,,,,,,,,,
947241,2016,2016-07-01,Edgbaston,1,0.5,Warwickshire,Northamptonshire,SR Hain,IR Bell,MA Ashraf,1,0,,,,,,,,,
947241,2016,2016-07-01,Edgbaston,1,0.6,Warwickshire,Northamptonshire,IR Bell,SR Hain,MA Ashraf,2,0,,,,,,,,,
947241,2016,2016-07-01,Edgbaston,1,1.1,Warwickshire,Northamptonshire,SR Hain,IR Bell,RJ Gleeson,0,0,,,,,,,,,
947241,2016,2016-07-01,Edgbaston,1,1.2,Warwickshire,Northamptonshire,SR Hain,IR Bell,RJ Gleeson,2,0,,,,,,,,,
947241,2016,2016-07-01,Edgbaston,1,1.3,Warwickshire,Northamptonshire,SR Hain,IR Bell,RJ Gleeson,0,0,,,,,,caught,SR Hain,,
947241,2016,2016-07-01,Edgbaston,1,1.4,Warwickshire,Northamptonshire,WTS Porterfield,IR Bell,RJ Gleeson,1,0,,,,,,,,,
947241,2016,2016-07-01,Edgbaston,1,1.5,Warwickshire,Northamptonshire,IR Bell,WTS Porterfield,RJ Gleeson,0,0,,,,,,bowled,IR Bell,,
947241,2016,2016-07-01,Edgbaston,1,1.6,Warwickshire,Northamptonshire,LJ Evans,WTS Porterfield,RJ Gleeson,0,1,,,,1,,,,,
947241,2016,2016-07-01,Edgbaston,1,2.1,Warwickshire,Northamptonshire,LJ Evans,WTS Porterfield,MA Ashraf,0,0,,,,,,,,,
947241,2016,2016-07-01,Edgbaston,1,2.2,Warwickshire,Northamptonshire,LJ Evans,WTS Porterfield,MA Ashraf,0,1,1,,,,,,,,
947241,2016,2016-07-01,Edgbaston,1,2.3,Warwickshire,Northamptonshire,LJ Evans,WTS Porterfield,MA Ashraf,0,0,,,,,,,,,
947241,2016,2016-07-01,Edgbaston,1,2.4,Warwickshire,Northamptonshire,LJ Evans,WTS Porterfield,MA Ashraf,0,0,,,,,,caught,LJ Evans,,
947241,2016,2016-07-01,Edgbaston,1,2.5,Warwickshire,Northamptonshire,L Ronchi,WTS Porterfield,MA Ashraf,4,0,,,,,,,,,
947241,2016,2016-07-01,Edgbaston,1,2.6,Warwickshire,Northamptonshire,L Ronchi,WTS Porterfield,MA Ashraf,2,0,,,,,,,,,
947241,2016,2016-07-01,Edgbaston,1,2.7,Warwickshire,Northamptonshire,L Ronchi,WTS Porterfield,MA Ashraf,0,0,,,,,,,,,
947241,2016,2016-07-01,Edgbaston,1,3.1,Warwickshire,Northamptonshire,WTS Porterfield,L Ronchi,RJ Gleeson,0,1,,,,1,,,,,
947241,2016,2016-07-01,Edgbaston,1,3.2,Warwickshire,Northamptonshire,L Ronchi,WTS Porterfield,RJ Gleeson,1,0,,,,,,,,,
947241,2016,2016-07-01,Edgbaston,1,3.3,Warwickshire,Northamptonshire,WTS Porterfield,L Ronchi,RJ Gleeson,0,0,,,,,,,,,
947241,2016,2016-07-01,Edgbaston,1,3.4,Warwickshire,Northamptonshire,WTS Porterfield,L Ronchi,RJ Gleeson,1,0,,,,,,,,,
947241,2016,2016-07-01,Edgbaston,1,3.5,Warwickshire,Northamptonshire,L Ronchi,WTS Porterfield,RJ Gleeson,0,0,,,,,,,,,
947241,2016,2016-07-01,Edgbaston,1,3.6,Warwickshire,Northamptonshire,L Ronchi,WTS Porterfield,RJ Gleeson,0,0,,,,,,caught,L Ronchi,,
947241,2016,2016-07-01,Edgbaston,1,4.1,Warwickshire,Northamptonshire,WTS Porterfield,R Clarke,Azharullah,1,0,,,,,,,,,
947241,2016,2016-07-01,Edgbaston,1,4.2,Warwickshire,Northamptonshire,R Clarke,WTS Porterfield,Azharullah,0,0,,,,,,,,,
947241,2016,2016-07-01,Edgbaston,1,4.3,Warwickshire,Northamptonshire,R Clarke,WTS Porterfield,Azharullah,0,0,,,,,,,,,
947241,2016,2016-07-01,Edgbaston,1,4.4,Warwickshire,Northamptonshire,R Clarke,WTS Porterfield,Azharullah,2,0,,,,,,,,,
947241,2016,2016-07-01,Edgbaston,1,4.5,Warwickshire,Northamptonshire,R Clarke,WTS Porterfield,Azharullah,1,0,,,,,,,,,
947241,2016,2016-07-01,Edgbaston,1,4.6,Warwickshire,Northamptonshire,WTS Porterfield,R Clarke,Azharullah,1,0,,,,,,,,,
947241,2016,2016-07-01,Edgbaston,1,5.1,Warwickshire,Northamptonshire,WTS Porterfield,R Clarke,RJ Gleeson,1,0,,,,,,,,,
947241,2016,2016-07-01,Edgbaston,1,5.2,Warwickshire,Northamptonshire,R Clarke,WTS Porterfield,RJ Gleeson,0,0,,,,,,,,,
947241,2016,2016-07-01,Edgbaston,1,5.3,Warwickshire,Northamptonshire,R Clarke,WTS Porterfield,RJ Gleeson,0,0,,,,,,,,,
947241,2016,2016-07-01,Edgbaston,1,5.4,Warwickshire,Northamptonshire,R Clarke,WTS Porterfield,RJ Gleeson,0,0,,,,,,,,,
947241,2016,2016-07-01,Edgbaston,1,5.5,Warwickshire,Northamptonshire,R Clarke,WTS Porterfield,RJ Gleeson,0,0,,,,,,,,,
947241,2016,2016-07-01,Edgbaston,1,5.6,Warwickshire,Northamptonshire,R Clarke,WTS Porterfield,RJ Gleeson,0,0,,,,,,,,,
947241,2016,2016-07-01,Edgbaston,1,6.1,Warwickshire,Northamptonshire,WTS Porterfield,R Clarke,Azharullah,0,0,,,,,,caught,WTS Porterfield,,
947241,2016,2016-07-01,Edgbaston,1,6.2,Warwickshire,Northamptonshire,A Javid,R Clarke,Azharullah,0,0,,,,,,,,,
947241,2016,2016-07-01,Edgbaston,1,6.3,Warwickshire,Northamptonshire,A Javid,R Clarke,Azharullah,1,0,,,,,,,,,
947241,2016,2016-07-01,Edgbaston,1,6.4,Warwickshire,Northamptonshire,R Clarke,A Javid,Azharullah,4,0,,,,,,,,,
947241,2016,2016-07-01,Edgbaston,1,6.5,Warwickshire,Northamptonshire,R Clarke,A Javid,Azharullah,1,0,,,,,,,,,
947241,2016,2016-07-01,Edgbaston,1,6.6,Warwickshire,Northamptonshire,A Javid,R Clarke,Azharullah,1,0,,,,,,,,,
947241,2016,2016-07-01,Edgbaston,1,7.1,Warwickshire,Northamptonshire,A Javid,R Clarke,SP Crook,0,0,,,,,,,,,
947241,2016,2016-07-01,Edgbaston,1,7.2,Warwickshire,Northamptonshire,A Javid,R Clarke,SP Crook,0,0,,,,,,,,,
947241,2016,2016-07-01,Edgbaston,1,7.3,Warwickshire,Northamptonshire,A Javid,R Clarke,SP Crook,1,0,,,,,,,,,
947241,2016,2016-07-01,Edgbaston,1,7.4,Warwickshire,Northamptonshire,R Clarke,A Javid,SP Crook,1,0,,,,,,,,,
947241,2016,2016-07-01,Edgbaston,1,7.5,Warwickshire,Northamptonshire,A Javid,R Clarke,SP Crook,1,0,,,,,,,,,
947241,2016,2016-07-01,Edgbaston,1,7.6,Warwickshire,Northamptonshire,R Clarke,A Javid,SP Crook,0,0,,,,,,,,,
947241,2016,2016-07-01,Edgbaston,1,8.1,Warwickshire,Northamptonshire,A Javid,R Clarke,JJ Cobb,1,0,,,,,,,,,
947241,2016,2016-07-01,Edgbaston,1,8.2,Warwickshire,Northamptonshire,R Clarke,A Javid,JJ Cobb,4,0,,,,,,,,,
947241,2016,2016-07-01,Edgbaston,1,8.3,Warwickshire,Northamptonshire,R Clarke,A Javid,JJ Cobb,1,0,,,,,,,,,
947241,2016,2016-07-01,Edgbaston,1,8.4,Warwickshire,Northamptonshire,A Javid,R Clarke,JJ Cobb,1,0,,,,,,,,,
947241,2016,2016-07-01,Edgbaston,1,8.5,Warwickshire,Northamptonshire,R Clarke,A Javid,JJ Cobb,0,0,,,,,,,,,
947241,2016,2016-07-01,Edgbaston,1,8.6,Warwickshire,Northamptonshire,R Clarke,A Javid,JJ Cobb,1,0,,,,,,,,,
947241,2016,2016-07-01,Edgbaston,1,9.1,Warwickshire,Northamptonshire,R Clarke,A Javid,GG White,0,0,,,,,,bowled,R Clarke,,
947241,2016,2016-07-01,Edgbaston,1,9.2,Warwickshire,Northamptonshire,MR Adair,A Javid,GG White,0,0,,,,,,,,,
947241,2016,2016-07-01,Edgbaston,1,9.3,Warwickshire,Northamptonshire,MR Adair,A Javid,GG White,0,0,,,,,,,,,
947241,2016,2016-07-01,Edgbaston,1,9.4,Warwickshire,Northamptonshire,MR Adair,A Javid,GG White,1,0,,,,,,,,,
947241,2016,2016-07-01,Edgbaston,1,9.5,Warwickshire,Northamptonshire,A Javid,MR Adair,GG White,2,0,,,,,,,,,
947241,2016,2016-07-01,Edgbaston,1,9.6,Warwickshire,Northamptonshire,A Javid,MR Adair,GG White,0,0,,,,,,,,,
947241,2016,2016-07-01,Edgbaston,1,10.1,Warwickshire,Northamptonshire,MR Adair,A Javid,JJ Cobb,1,0,,,,,,,,,
947241,2016,2016-07-01,Edgbaston,1,10.2,Warwickshire,Northamptonshire,A Javid,MR Adair,JJ Cobb,2,0,,,,,,,,,
947241,2016,2016-07-01,Edgbaston,1,10.3,Warwickshire,Northamptonshire,A Javid,MR Adair,JJ Cobb,1,0,,,,,,,,,
947241,2016,2016-07-01,Edgbaston,1,10.4,Warwickshire,Northamptonshire,MR Adair,A Javid,JJ Cobb,0,0,,,,,,bowled,MR Adair,,
947241,2016,2016-07-01,Edgbaston,1,10.5,Warwickshire,Northamptonshire,JS Patel,A Javid,JJ Cobb,1,0,,,,,,,,,
947241,2016,2016-07-01,Edgbaston,1,10.6,Warwickshire,Northamptonshire,A Javid,JS Patel,JJ Cobb,1,0,,,,,,,,,
947241,2016,2016-07-01,Edgbaston,1,11.1,Warwickshire,Northamptonshire,A Javid,JS Patel,GG White,0,0,,,,,,,,,
947241,2016,2016-07-01,Edgbaston,1,11.2,Warwickshire,Northamptonshire,A Javid,JS Patel,GG White,2,0,,,,,,,,,
947241,2016,2016-07-01,Edgbaston,1,11.3,Warwickshire,Northamptonshire,A Javid,JS Patel,GG White,1,0,,,,,,,,,
947241,2016,2016-07-01,Edgbaston,1,11.4,Warwickshire,Northamptonshire,JS Patel,A Javid,GG White,0,0,,,,,,,,,
947241,2016,2016-07-01,Edgbaston,1,11.5,Warwickshire,Northamptonshire,JS Patel,A Javid,GG White,2,0,,,,,,,,,
947241,2016,2016-07-01,Edgbaston,1,11.6,Warwickshire,Northamptonshire,JS Patel,A Javid,GG White,3,0,,,,,,,,,
947241,2016,2016-07-01,Edgbaston,1,12.1,Warwickshire,Northamptonshire,JS Patel,A Javid,Azharullah,0,0,,,,,,,,,
947241,2016,2016-07-01,Edgbaston,1,12.2,Warwickshire,Northamptonshire,JS Patel,A Javid,Azharullah,0,0,,,,,,,,,
947241,2016,2016-07-01,Edgbaston,1,12.3,Warwickshire,Northamptonshire,JS Patel,A Javid,Azharullah,1,0,,,,,,,,,
947241,2016,2016-07-01,Edgbaston,1,12.4,Warwickshire,Northamptonshire,A Javid,JS Patel,Azharullah,4,0,,,,,,,,,
947241,2016,2016-07-01,Edgbaston,1,12.5,Warwickshire,Northamptonshire,A Javid,JS Patel,Azharullah,4,0,,,,,,,,,
947241,2016,2016-07-01,Edgbaston,1,12.6,Warwickshire,Northamptonshire,A Javid,JS Patel,Azharullah,1,0,,,,,,,,,
947241,2016,2016-07-01,Edgbaston,1,13.1,Warwickshire,Northamptonshire,A Javid,JS Patel,GG White,1,0,,,,,,,,,
947241,2016,2016-07-01,Edgbaston,1,13.2,Warwickshire,Northamptonshire,JS Patel,A Javid,GG White,0,0,,,,,,stumped,JS Patel,,
947241,2016,2016-07-01,Edgbaston,1,13.3,Warwickshire,Northamptonshire,OJ Hannon-Dalby,A Javid,GG White,1,0,,,,,,,,,
947241,2016,2016-07-01,Edgbaston,1,13.4,Warwickshire,Northamptonshire,A Javid,OJ Hannon-Dalby,GG White,1,0,,,,,,,,,
947241,2016,2016-07-01,Edgbaston,1,13.5,Warwickshire,Northamptonshire,OJ Hannon-Dalby,A Javid,GG White,0,0,,,,,,,,,
947241,2016,2016-07-01,Edgbaston,1,13.6,Warwickshire,Northamptonshire,OJ Hannon-Dalby,A Javid,GG White,1,0,,,,,,,,,
947241,2016,2016-07-01,Edgbaston,1,14.1,Warwickshire,Northamptonshire,OJ Hannon-Dalby,A Javid,MA Ashraf,0,0,,,,,,,,,
947241,2016,2016-07-01,Edgbaston,1,14.2,Warwickshire,Northamptonshire,OJ Hannon-Dalby,A Javid,MA Ashraf,0,1,,,,1,,,,,
947241,2016,2016-07-01,Edgbaston,1,14.3,Warwickshire,Northamptonshire,A Javid,OJ Hannon-Dalby,MA Ashraf,0,0,,,,,,,,,
947241,2016,2016-07-01,Edgbaston,1,14.4,Warwickshire,Northamptonshire,A Javid,OJ Hannon-Dalby,MA Ashraf,4,0,,,,,,,,,
947241,2016,2016-07-01,Edgbaston,1,14.5,Warwickshire,Northamptonshire,A Javid,OJ Hannon-Dalby,MA Ashraf,1,0,,,,,,,,,
947241,2016,2016-07-01,Edgbaston,1,14.6,Warwickshire,Northamptonshire,OJ Hannon-Dalby,A Javid,MA Ashraf,0,0,,,,,,,,,
947241,2016,2016-07-01,Edgbaston,1,15.1,Warwickshire,Northamptonshire,A Javid,OJ Hannon-Dalby,RJ Gleeson,1,0,,,,,,,,,
947241,2016,2016-07-01,Edgbaston,1,15.2,Warwickshire,Northamptonshire,OJ Hannon-Dalby,A Javid,RJ Gleeson,0,0,,,,,,,,,
947241,2016,2016-07-01,Edgbaston,1,15.3,Warwickshire,Northamptonshire,OJ Hannon-Dalby,A Javid,RJ Gleeson,0,0,,,,,,,,,
947241,2016,2016-07-01,Edgbaston,1,15.4,Warwickshire,Northamptonshire,OJ Hannon-Dalby,A Javid,RJ Gleeson,2,0,,,,,,,,,
947241,2016,2016-07-01,Edgbaston,1,15.5,Warwickshire,Northamptonshire,OJ Hannon-Dalby,A Javid,RJ Gleeson,1,0,,,,,,,,,
947241,2016,2016-07-01,Edgbaston,1,15.6,Warwickshire,Northamptonshire,A Javid,OJ Hannon-Dalby,RJ Gleeson,2,0,,,,,,,,,
947241,2016,2016-07-01,Edgbaston,2,0.1,Northamptonshire,Warwickshire,RE Levi,AM Rossington,R Clarke,0,0,,,,,,,,,
947241,2016,2016-07-01,Edgbaston,2,0.2,Northamptonshire,Warwickshire,RE Levi,AM Rossington,R Clarke,0,0,,,,,,,,,
947241,2016,2016-07-01,Edgbaston,2,0.3,Northamptonshire,Warwickshire,RE Levi,AM Rossington,R Clarke,0,1,,,,1,,,,,
947241,2016,2016-07-01,Edgbaston,2,0.4,Northamptonshire,Warwickshire,AM Rossington,RE Levi,R Clarke,0,0,,,,,,,,,
947241,2016,2016-07-01,Edgbaston,2,0.5,Northamptonshire,Warwickshire,AM Rossington,RE Levi,R Clarke,4,0,,,,,,,,,
947241,2016,2016-07-01,Edgbaston,2,0.6,Northamptonshire,Warwickshire,AM Rossington,RE Levi,R Clarke,0,0,,,,,,,,,
947241,2016,2016-07-01,Edgbaston,2,1.1,Northamptonshire,Warwickshire,RE Levi,AM Rossington,OJ Hannon-Dalby,2,0,,,,,,,,,
947241,2016,2016-07-01,Edgbaston,2,1.2,Northamptonshire,Warwickshire,RE Levi,AM Rossington,OJ Hannon-Dalby,0,0,,,,,,,,,
947241,2016,2016-07-01,Edgbaston,2,1.3,Northamptonshire,Warwickshire,RE Levi,AM Rossington,OJ Hannon-Dalby,1,0,,,,,,,,,
947241,2016,2016-07-01,Edgbaston,2,1.4,Northamptonshire,Warwickshire,AM Rossington,RE Levi,OJ Hannon-Dalby,4,0,,,,,,,,,
947241,2016,2016-07-01,Edgbaston,2,1.5,Northamptonshire,Warwickshire,AM Rossington,RE Levi,OJ Hannon-Dalby,1,0,,,,,,,,,
947241,2016,2016-07-01,Edgbaston,2,1.6,Northamptonshire,Warwickshire,RE Levi,AM Rossington,OJ Hannon-Dalby,2,0,,,,,,,,,
947241,2016,2016-07-01,Edgbaston,2,2.1,Northamptonshire,Warwickshire,AM Rossington,RE Levi,R Clarke,0,0,,,,,,caught,AM Rossington,,
947241,2016,2016-07-01,Edgbaston,2,2.2,Northamptonshire,Warwickshire,JJ Cobb,RE Levi,R Clarke,0,0,,,,,,,,,
947241,2016,2016-07-01,Edgbaston,2,2.3,Northamptonshire,Warwickshire,JJ Cobb,RE Levi,R Clarke,0,0,,,,,,,,,
947241,2016,2016-07-01,Edgbaston,2,2.4,Northamptonshire,Warwickshire,JJ Cobb,RE Levi,R Clarke,0,0,,,,,,,,,
947241,2016,2016-07-01,Edgbaston,2,2.5,Northamptonshire,Warwickshire,JJ Cobb,RE Levi,R Clarke,1,0,,,,,,,,,
947241,2016,2016-07-01,Edgbaston,2,2.6,Northamptonshire,Warwickshire,RE Levi,JJ Cobb,R Clarke,0,0,,,,,,,,,
947241,2016,2016-07-01,Edgbaston,2,3.1,Northamptonshire,Warwickshire,JJ Cobb,RE Levi,MR Adair,1,0,,,,,,,,,
947241,2016,2016-07-01,Edgbaston,2,3.2,Northamptonshire,Warwickshire,RE Levi,JJ Cobb,MR Adair,1,0,,,,,,,,,
947241,2016,2016-07-01,Edgbaston,2,3.3,Northamptonshire,Warwickshire,JJ Cobb,RE Levi,MR Adair,0,0,,,,,,,,,
947241,2016,2016-07-01,Edgbaston,2,3.4,Northamptonshire,Warwickshire,JJ Cobb,RE Levi,MR Adair,0,0,,,,,,,,,
947241,2016,2016-07-01,Edgbaston,2,3.5,Northamptonshire,Warwickshire,JJ Cobb,RE Levi,MR Adair,2,0,,,,,,,,,
947241,2016,2016-07-01,Edgbaston,2,3.6,Northamptonshire,Warwickshire,JJ Cobb,RE Levi,MR Adair,4,0,,,,,,,,,
947241,2016,2016-07-01,Edgbaston,2,4.1,Northamptonshire,Warwickshire,RE Levi,JJ Cobb,R Clarke,4,0,,,,,,,,,
947241,2016,2016-07-01,Edgbaston,2,4.2,Northamptonshire,Warwickshire,RE Levi,JJ Cobb,R Clarke,0,0,,,,,,,,,
947241,2016,2016-07-01,Edgbaston,2,4.3,Northamptonshire,Warwickshire,RE Levi,JJ Cobb,R Clarke,2,0,,,,,,,,,
947241,2016,2016-07-01,Edgbaston,2,4.4,Northamptonshire,Warwickshire,RE Levi,JJ Cobb,R Clarke,0,0,,,,,,,,,
947241,2016,2016-07-01,Edgbaston,2,4.5,Northamptonshire,Warwickshire,RE Levi,JJ Cobb,R Clarke,1,0,,,,,,,,,
947241,2016,2016-07-01,Edgbaston,2,4.6,Northamptonshire,Warwickshire,JJ Cobb,RE Levi,R Clarke,1,0,,,,,,,,,
947241,2016,2016-07-01,Edgbaston,2,5.1,Northamptonshire,Warwickshire,JJ Cobb,RE Levi,JE Poysden,0,0,,,,,,,,,
947241,2016,2016-07-01,Edgbaston,2,5.2,Northamptonshire,Warwickshire,JJ Cobb,RE Levi,JE Poysden,1,0,,,,,,,,,
947241,2016,2016-07-01,Edgbaston,2,5.3,Northamptonshire,Warwickshire,RE Levi,JJ Cobb,JE Poysden,0,0,,,,,,,,,
947241,2016,2016-07-01,Edgbaston,2,5.4,Northamptonshire,Warwickshire,RE Levi,JJ Cobb,JE Poysden,1,0,,,,,,,,,
947241,2016,2016-07-01,Edgbaston,2,5.5,Northamptonshire,Warwickshire,JJ Cobb,RE Levi,JE Poysden,4,0,,,,,,,,,
947241,2016,2016-07-01,Edgbaston,2,5.6,Northamptonshire,Warwickshire,JJ Cobb,RE Levi,JE Poysden,0,0,,,,,,,,,
947241,2016,2016-07-01,Edgbaston,2,6.1,Northamptonshire,Warwickshire,RE Levi,JJ Cobb,MR Adair,0,0,,,,,,caught,RE Levi,,
947241,2016,2016-07-01,Edgbaston,2,6.2,Northamptonshire,Warwickshire,JJ Cobb,BM Duckett,MR Adair,1,0,,,,,,,,,
947241,2016,2016-07-01,Edgbaston,2,6.3,Northamptonshire,Warwickshire,BM Duckett,JJ Cobb,MR Adair,1,0,,,,,,,,,
947241,2016,2016-07-01,Edgbaston,2,6.4,Northamptonshire,Warwickshire,JJ Cobb,BM Duckett,MR Adair,4,0,,,,,,,,,
947241,2016,2016-07-01,Edgbaston,2,6.5,Northamptonshire,Warwickshire,JJ Cobb,BM Duckett,MR Adair,1,0,,,,,,,,,
947241,2016,2016-07-01,Edgbaston,2,6.6,Northamptonshire,Warwickshire,BM Duckett,JJ Cobb,MR Adair,0,0,,,,,,,,,
947241,2016,2016-07-01,Edgbaston,2,7.1,Northamptonshire,Warwickshire,JJ Cobb,BM Duckett,JE Poysden,0,0,,,,,,,,,
947241,2016,2016-07-01,Edgbaston,2,7.2,Northamptonshire,Warwickshire,JJ Cobb,BM Duckett,JE Poysden,1,0,,,,,,,,,
947241,2016,2016-07-01,Edgbaston,2,7.3,Northamptonshire,Warwickshire,BM Duckett,JJ Cobb,JE Poysden,4,0,,,,,,,,,
947241,2016,2016-07-01,Edgbaston,2,7.4,Northamptonshire,Warwickshire,BM Duckett,JJ Cobb,JE Poysden,0,0,,,,,,,,,
947241,2016,2016-07-01,Edgbaston,2,7.5,Northamptonshire,Warwickshire,BM Duckett,JJ Cobb,JE Poysden,4,0,,,,,,,,,
947241,2016,2016-07-01,Edgbaston,2,7.6,Northamptonshire,Warwickshire,BM Duckett,JJ Cobb,JE Poysden,1,0,,,,,,,,,
947241,2016,2016-07-01,Edgbaston,2,8.1,Northamptonshire,Warwickshire,BM Duckett,JJ Cobb,JS Patel,0,1,,,,1,,,,,
947241,2016,2016-07-01,Edgbaston,2,8.2,Northamptonshire,Warwickshire,JJ Cobb,BM Duckett,JS Patel,1,0,,,,,,,,,
947241,2016,2016-07-01,Edgbaston,2,8.3,Northamptonshire,Warwickshire,BM Duckett,JJ Cobb,JS Patel,1,0,,,,,,,,,
947241,2016,2016-07-01,Edgbaston,2,8.4,Northamptonshire,Warwickshire,JJ Cobb,BM Duckett,JS Patel,0,0,,,,,,,,,
947241,2016,2016-07-01,Edgbaston,2,8.5,Northamptonshire,Warwickshire,JJ Cobb,BM Duckett,JS Patel,1,0,,,,,,,,,
947241,2016,2016-07-01,Edgbaston,2,8.6,Northamptonshire,Warwickshire,BM Duckett,JJ Cobb,JS Patel,0,0,,,,,,,,,
947241,2016,2016-07-01,Edgbaston,2,9.1,Northamptonshire,Warwickshire,JJ Cobb,BM Duckett,MR Adair,1,0,,,,,,,,,
947241,2016,2016-07-01,Edgbaston,2,9.2,Northamptonshire,Warwickshire,BM Duckett,JJ Cobb,MR Adair,0,1,1,,,,,,,,
947241,2016,2016-07-01,Edgbaston,2,9.3,Northamptonshire,Warwickshire,BM Duckett,JJ Cobb,MR Adair,1,0,,,,,,,,,
947241,2016,2016-07-01,Edgbaston,2,9.4,Northamptonshire,Warwickshire,JJ Cobb,BM Duckett,MR Adair,1,0,,,,,,,,,
947241,2016,2016-07-01,Edgbaston,2,9.5,Northamptonshire,Warwickshire,BM Duckett,JJ Cobb,MR Adair,4,0,,,,,,,,,
947241,2016,2016-07-01,Edgbaston,2,9.6,Northamptonshire,Warwickshire,BM Duckett,JJ Cobb,MR Adair,0,0,,,,,,,,,
947241,2016,2016-07-01,Edgbaston,2,9.7,Northamptonshire,Warwickshire,BM Duckett,JJ Cobb,MR Adair,1,0,,,,,,,,,
947241,2016,2016-07-01,Edgbaston,2,10.1,Northamptonshire,Warwickshire,BM Duckett,JJ Cobb,JS Patel,1,0,,,,,,,,,
947241,2016,2016-07-01,Edgbaston,2,10.2,Northamptonshire,Warwickshire,JJ Cobb,BM Duckett,JS Patel,0,0,,,,,,,,,
947241,2016,2016-07-01,Edgbaston,2,10.3,Northamptonshire,Warwickshire,JJ Cobb,BM Duckett,JS Patel,0,0,,,,,,,,,
947241,2016,2016-07-01,Edgbaston,2,10.4,Northamptonshire,Warwickshire,JJ Cobb,BM Duckett,JS Patel,4,0,,,,,,,,,
947241,2016,2016-07-01,Edgbaston,2,10.5,Northamptonshire,Warwickshire,JJ Cobb,BM Duckett,JS Patel,0,0,,,,,,,,,
947241,2016,2016-07-01,Edgbaston,2,10.6,Northamptonshire,Warwickshire,JJ Cobb,BM Duckett,JS Patel,0,0,,,,,,,,,
947241,2016,2016-07-01,Edgbaston,2,11.1,Northamptonshire,Warwickshire,BM Duckett,JJ Cobb,A Javid,1,0,,,,,,,,,
947241,2016,2016-07-01,Edgbaston,2,11.2,Northamptonshire,Warwickshire,JJ Cobb,BM Duckett,A Javid,1,0,,,,,,,,,
947241,2016,2016-07-01,Edgbaston,2,11.3,Northamptonshire,Warwickshire,BM Duckett,JJ Cobb,A Javid,1,0,,,,,,,,,
947241,2016,2016-07-01,Edgbaston,2,11.4,Northamptonshire,Warwickshire,JJ Cobb,BM Duckett,A Javid,4,0,,,,,,,,,
947241,2016,2016-07-01,Edgbaston,2,11.5,Northamptonshire,Warwickshire,JJ Cobb,BM Duckett,A Javid,1,0,,,,,,,,,
947241,2016,2016-07-01,Edgbaston,2,11.6,Northamptonshire,Warwickshire,BM Duckett,JJ Cobb,A Javid,4,0,,,,,,,,,
947241,2016,2016-07-01,Edgbaston,2,12.1,Northamptonshire,Warwickshire,JJ Cobb,BM Duckett,JS Patel,0,0,,,,,,,,,
947241,2016,2016-07-01,Edgbaston,2,12.2,Northamptonshire,Warwickshire,JJ Cobb,BM Duckett,JS Patel,0,0,,,,,,,,,
947241,2016,2016-07-01,Edgbaston,2,12.3,Northamptonshire,Warwickshire,JJ Cobb,BM Duckett,JS Patel,4,0,,,,,,,,,
