version,2.1.0
info,balls_per_over,6
info,team,Derbyshire
info,team,Yorkshire
info,gender,male
info,season,2016
info,date,2016/07/10
info,event,NatWest T20 Blast
info,venue,County Ground
info,city,Derby
info,toss_winner,Derbyshire
info,toss_decision,field
info,player_of_match,AU Rashid
info,umpire,PJ Hartley
info,umpire,NJ Llong
info,winner,Yorkshire
info,winner_runs,1
info,player,Derbyshire,HD Rutherford
info,player,Derbyshire,WJ Durston
info,player,Derbyshire,NT Broom
info,player,Derbyshire,CF Hughes
info,player,Derbyshire,WL Madsen
info,player,Derbyshire,JDS Neesham
info,player,Derbyshire,SJ Thakor
info,player,Derbyshire,AL Hughes
info,player,Derbyshire,MJJ Critchley
info,player,Derbyshire,HR Hosein
info,player,Derbyshire,A Carter
info,player,Yorkshire,A Lyth
info,player,Yorkshire,DJ Willey
info,player,Yorkshire,AZ Lees
info,player,Yorkshire,KS Williamson
info,player,Yorkshire,JA Leaning
info,player,Yorkshire,WMH Rhodes
info,player,Yorkshire,TT Bresnan
info,player,Yorkshire,LE Plunkett
info,player,Yorkshire,AU Rashid
info,player,Yorkshire,AJ Hodd
info,player,Yorkshire,Azeem Rafiq
info,registry,people,A Carter,6fe2c1c0
info,registry,people,A Lyth,70b8fd28
info,registry,people,AJ Hodd,60938c83
info,registry,people,AL Hughes,1066a976
info,registry,people,AU Rashid,249d60c9
info,registry,people,AZ Lees,c9c0fe50
info,registry,people,Azeem Rafiq,5fcb6fb1
info,registry,people,CF Hughes,7f3f108f
info,registry,people,DJ Willey,7f048519
info,registry,people,HD Rutherford,0605de92
info,registry,people,HR Hosein,ae01eb1e
info,registry,people,JA Leaning,f2ab7a69
info,registry,people,JDS Neesham,9219eff0
info,registry,people,KS Williamson,d027ba9f
info,registry,people,LE Plunkett,9a963804
info,registry,people,MJJ Critchley,c5cc48bc
info,registry,people,NJ Llong,573fb985
info,registry,people,NT Broom,a354c917
info,registry,people,PJ Hartley,17c7ff26
info,registry,people,SJ Thakor,f6c84b9f
info,registry,people,TT Bresnan,58043739
info,registry,people,WJ Durston,3c77ca9d
info,registry,people,WL Madsen,86e0f3f0
info,registry,people,WMH Rhodes,f54dbda7
