match_id,season,start_date,venue,innings,ball,batting_team,bowling_team,striker,non_striker,bowler,runs_off_bat,extras,wides,noballs,byes,legbyes,penalty,wicket_type,player_dismissed,other_wicket_type,other_player_dismissed
947339,2016,2016-07-29,The Rose Bowl,1,0.1,Hampshire,Somerset,TP Alsop,J Goodwin,J Allenby,4,0,,,,,,,,,
947339,2016,2016-07-29,The Rose Bowl,1,0.2,Hampshire,Somerset,TP Alsop,J Goodwin,J Allenby,0,0,,,,,,,,,
947339,2016,2016-07-29,The Rose Bowl,1,0.3,Hampshire,Somerset,TP Alsop,J Goodwin,J Allenby,0,0,,,,,,,,,
947339,2016,2016-07-29,The Rose Bowl,1,0.4,Hampshire,Somerset,TP Alsop,J Goodwin,J Allenby,4,0,,,,,,,,,
947339,2016,2016-07-29,The Rose Bowl,1,0.5,Hampshire,Somerset,TP Alsop,J Goodwin,J Allenby,1,0,,,,,,,,,
947339,2016,2016-07-29,The Rose Bowl,1,0.6,Hampshire,Somerset,J Goodwin,TP Alsop,J Allenby,1,0,,,,,,,,,
947339,2016,2016-07-29,The Rose Bowl,1,1.1,Hampshire,Somerset,J Goodwin,TP Alsop,JH Davey,1,0,,,,,,,,,
947339,2016,2016-07-29,The Rose Bowl,1,1.2,Hampshire,Somerset,TP Alsop,J Goodwin,JH Davey,6,0,,,,,,,,,
947339,2016,2016-07-29,The Rose Bowl,1,1.3,Hampshire,Somerset,TP Alsop,J Goodwin,JH Davey,4,0,,,,,,,,,
947339,2016,2016-07-29,The Rose Bowl,1,1.4,Hampshire,Somerset,TP Alsop,J Goodwin,JH Davey,0,0,,,,,,,,,
947339,2016,2016-07-29,The Rose Bowl,1,1.5,Hampshire,Somerset,TP Alsop,J Goodwin,JH Davey,0,0,,,,,,,,,
947339,2016,2016-07-29,The Rose Bowl,1,1.6,Hampshire,Somerset,TP Alsop,J Goodwin,JH Davey,1,0,,,,,,,,,
947339,2016,2016-07-29,The Rose Bowl,1,2.1,Hampshire,Somerset,TP Alsop,J Goodwin,BGF Green,4,0,,,,,,,,,
947339,2016,2016-07-29,The Rose Bowl,1,2.2,Hampshire,Somerset,TP Alsop,J Goodwin,BGF Green,1,0,,,,,,,,,
947339,2016,2016-07-29,The Rose Bowl,1,2.3,Hampshire,Somerset,J Goodwin,TP Alsop,BGF Green,0,0,,,,,,,,,
947339,2016,2016-07-29,The Rose Bowl,1,2.4,Hampshire,Somerset,J Goodwin,TP Alsop,BGF Green,4,0,,,,,,,,,
947339,2016,2016-07-29,The Rose Bowl,1,2.5,Hampshire,Somerset,J Goodwin,TP Alsop,BGF Green,0,0,,,,,,,,,
947339,2016,2016-07-29,The Rose Bowl,1,2.6,Hampshire,Somerset,J Goodwin,TP Alsop,BGF Green,1,0,,,,,,,,,
947339,2016,2016-07-29,The Rose Bowl,1,3.1,Hampshire,Somerset,J Goodwin,TP Alsop,ORT Sale,0,0,,,,,,,,,
947339,2016,2016-07-29,The Rose Bowl,1,3.2,Hampshire,Somerset,J Goodwin,TP Alsop,ORT Sale,2,0,,,,,,,,,
947339,2016,2016-07-29,The Rose Bowl,1,3.3,Hampshire,Somerset,J Goodwin,TP Alsop,ORT Sale,4,0,,,,,,,,,
947339,2016,2016-07-29,The Rose Bowl,1,3.4,Hampshire,Somerset,J Goodwin,TP Alsop,ORT Sale,0,0,,,,,,,,,
947339,2016,2016-07-29,The Rose Bowl,1,3.5,Hampshire,Somerset,J Goodwin,TP Alsop,ORT Sale,1,0,,,,,,,,,
947339,2016,2016-07-29,The Rose Bowl,1,3.6,Hampshire,Somerset,TP Alsop,J Goodwin,ORT Sale,0,0,,,,,,,,,
947339,2016,2016-07-29,The Rose Bowl,1,4.1,Hampshire,Somerset,J Goodwin,TP Alsop,BGF Green,0,0,,,,,,,,,
947339,2016,2016-07-29,The Rose Bowl,1,4.2,Hampshire,Somerset,J Goodwin,TP Alsop,BGF Green,0,0,,,,,,,,,
947339,2016,2016-07-29,The Rose Bowl,1,4.3,Hampshire,Somerset,J Goodwin,TP Alsop,BGF Green,1,0,,,,,,,,,
947339,2016,2016-07-29,The Rose Bowl,1,4.4,Hampshire,Somerset,TP Alsop,J Goodwin,BGF Green,0,0,,,,,,,,,
947339,2016,2016-07-29,The Rose Bowl,1,4.5,Hampshire,Somerset,TP Alsop,J Goodwin,BGF Green,0,0,,,,,,,,,
947339,2016,2016-07-29,The Rose Bowl,1,4.6,Hampshire,Somerset,TP Alsop,J Goodwin,BGF Green,1,0,,,,,,,,,
947339,2016,2016-07-29,The Rose Bowl,1,5.1,Hampshire,Somerset,TP Alsop,J Goodwin,ORT Sale,4,0,,,,,,,,,
947339,2016,2016-07-29,The Rose Bowl,1,5.2,Hampshire,Somerset,TP Alsop,J Goodwin,ORT Sale,0,1,1,,,,,,,,
947339,2016,2016-07-29,The Rose Bowl,1,5.3,Hampshire,Somerset,TP Alsop,J Goodwin,ORT Sale,1,0,,,,,,,,,
947339,2016,2016-07-29,The Rose Bowl,1,5.4,Hampshire,Somerset,J Goodwin,TP Alsop,ORT Sale,4,0,,,,,,,,,
947339,2016,2016-07-29,The Rose Bowl,1,5.5,Hampshire,Somerset,J Goodwin,TP Alsop,ORT Sale,4,0,,,,,,,,,
947339,2016,2016-07-29,The Rose Bowl,1,5.6,Hampshire,Somerset,J Goodwin,TP Alsop,ORT Sale,1,0,,,,,,,,,
947339,2016,2016-07-29,The Rose Bowl,1,5.7,Hampshire,Somerset,TP Alsop,J Goodwin,ORT Sale,6,0,,,,,,,,,
947339,2016,2016-07-29,The Rose Bowl,1,6.1,Hampshire,Somerset,J Goodwin,TP Alsop,MTC Waller,0,0,,,,,,,,,
947339,2016,2016-07-29,The Rose Bowl,1,6.2,Hampshire,Somerset,J Goodwin,TP Alsop,MTC Waller,0,0,,,,,,,,,
947339,2016,2016-07-29,The Rose Bowl,1,6.3,Hampshire,Somerset,J Goodwin,TP Alsop,MTC Waller,4,0,,,,,,,,,
947339,2016,2016-07-29,The Rose Bowl,1,6.4,Hampshire,Somerset,J Goodwin,TP Alsop,MTC Waller,1,0,,,,,,,,,
947339,2016,2016-07-29,The Rose Bowl,1,6.5,Hampshire,Somerset,TP Alsop,J Goodwin,MTC Waller,1,0,,,,,,,,,
947339,2016,2016-07-29,The Rose Bowl,1,6.6,Hampshire,Somerset,J Goodwin,TP Alsop,MTC Waller,0,0,,,,,,,,,
947339,2016,2016-07-29,The Rose Bowl,1,7.1,Hampshire,Somerset,TP Alsop,J Goodwin,DM Bess,1,0,,,,,,,,,
947339,2016,2016-07-29,The Rose Bowl,1,7.2,Hampshire,Somerset,J Goodwin,TP Alsop,DM Bess,1,0,,,,,,,,,
947339,2016,2016-07-29,The Rose Bowl,1,7.3,Hampshire,Somerset,TP Alsop,J Goodwin,DM Bess,0,0,,,,,,,,,
947339,2016,2016-07-29,The Rose Bowl,1,7.4,Hampshire,Somerset,TP Alsop,J Goodwin,DM Bess,4,0,,,,,,,,,
947339,2016,2016-07-29,The Rose Bowl,1,7.5,Hampshire,Somerset,TP Alsop,J Goodwin,DM Bess,1,0,,,,,,,,,
947339,2016,2016-07-29,The Rose Bowl,1,7.6,Hampshire,Somerset,J Goodwin,TP Alsop,DM Bess,0,0,,,,,,,,,
947339,2016,2016-07-29,The Rose Bowl,1,8.1,Hampshire,Somerset,TP Alsop,J Goodwin,MTC Waller,0,0,,,,,,,,,
947339,2016,2016-07-29,The Rose Bowl,1,8.2,Hampshire,Somerset,TP Alsop,J Goodwin,MTC Waller,1,0,,,,,,,,,
947339,2016,2016-07-29,The Rose Bowl,1,8.3,Hampshire,Somerset,J Goodwin,TP Alsop,MTC Waller,0,2,,,2,,,,,,
947339,2016,2016-07-29,The Rose Bowl,1,8.4,Hampshire,Somerset,J Goodwin,TP Alsop,MTC Waller,1,0,,,,,,,,,
947339,2016,2016-07-29,The Rose Bowl,1,8.5,Hampshire,Somerset,TP Alsop,J Goodwin,MTC Waller,1,0,,,,,,,,,
947339,2016,2016-07-29,The Rose Bowl,1,8.6,Hampshire,Somerset,J Goodwin,TP Alsop,MTC Waller,0,0,,,,,,,,,
947339,2016,2016-07-29,The Rose Bowl,1,9.1,Hampshire,Somerset,TP Alsop,J Goodwin,DM Bess,1,0,,,,,,,,,
947339,2016,2016-07-29,The Rose Bowl,1,9.2,Hampshire,Somerset,J Goodwin,TP Alsop,DM Bess,1,0,,,,,,,,,
947339,2016,2016-07-29,The Rose Bowl,1,9.3,Hampshire,Somerset,TP Alsop,J Goodwin,DM Bess,0,0,,,,,,,,,
947339,2016,2016-07-29,The Rose Bowl,1,9.4,Hampshire,Somerset,TP Alsop,J Goodwin,DM Bess,1,0,,,,,,,,,
947339,2016,2016-07-29,The Rose Bowl,1,9.5,Hampshire,Somerset,J Goodwin,TP Alsop,DM Bess,0,0,,,,,,stumped,J Goodwin,,
947339,2016,2016-07-29,The Rose Bowl,1,9.6,Hampshire,Somerset,Shahid Afridi,TP Alsop,DM Bess,1,0,,,,,,,,,
947339,2016,2016-07-29,The Rose Bowl,1,10.1,Hampshire,Somerset,Shahid Afridi,TP Alsop,ORT Sale,4,0,,,,,,,,,
947339,2016,2016-07-29,The Rose Bowl,1,10.2,Hampshire,Somerset,Shahid Afridi,TP Alsop,ORT Sale,1,0,,,,,,,,,
947339,2016,2016-07-29,The Rose Bowl,1,10.3,Hampshire,Somerset,TP Alsop,Shahid Afridi,ORT Sale,0,0,,,,,,,,,
947339,2016,2016-07-29,The Rose Bowl,1,10.4,Hampshire,Somerset,TP Alsop,Shahid Afridi,ORT Sale,0,1,1,,,,,,,,
947339,2016,2016-07-29,The Rose Bowl,1,10.5,Hampshire,Somerset,TP Alsop,Shahid Afridi,ORT Sale,1,0,,,,,,,,,
947339,2016,2016-07-29,The Rose Bowl,1,10.6,Hampshire,Somerset,Shahid Afridi,TP Alsop,ORT Sale,4,0,,,,,,,,,
947339,2016,2016-07-29,The Rose Bowl,1,10.7,Hampshire,Somerset,Shahid Afridi,TP Alsop,ORT Sale,1,0,,,,,,,,,
947339,2016,2016-07-29,The Rose Bowl,1,11.1,Hampshire,Somerset,Shahid Afridi,TP Alsop,DM Bess,1,0,,,,,,,,,
947339,2016,2016-07-29,The Rose Bowl,1,11.2,Hampshire,Somerset,TP Alsop,Shahid Afridi,DM Bess,0,0,,,,,,,,,
947339,2016,2016-07-29,The Rose Bowl,1,11.3,Hampshire,Somerset,TP Alsop,Shahid Afridi,DM Bess,0,0,,,,,,,,,
947339,2016,2016-07-29,The Rose Bowl,1,11.4,Hampshire,Somerset,TP Alsop,Shahid Afridi,DM Bess,1,0,,,,,,,,,
947339,2016,2016-07-29,The Rose Bowl,1,11.5,Hampshire,Somerset,Shahid Afridi,TP Alsop,DM Bess,6,0,,,,,,,,,
947339,2016,2016-07-29,The Rose Bowl,1,11.6,Hampshire,Somerset,Shahid Afridi,TP Alsop,DM Bess,0,0,,,,,,,,,
947339,2016,2016-07-29,The Rose Bowl,1,12.1,Hampshire,Somerset,TP Alsop,Shahid Afridi,PD Trego,1,0,,,,,,,,,
947339,2016,2016-07-29,The Rose Bowl,1,12.2,Hampshire,Somerset,Shahid Afridi,TP Alsop,PD Trego,2,0,,,,,,,,,
947339,2016,2016-07-29,The Rose Bowl,1,12.3,Hampshire,Somerset,Shahid Afridi,TP Alsop,PD Trego,0,0,,,,,,,,,
947339,2016,2016-07-29,The Rose Bowl,1,12.4,Hampshire,Somerset,Shahid Afridi,TP Alsop,PD Trego,1,0,,,,,,,,,
947339,2016,2016-07-29,The Rose Bowl,1,12.5,Hampshire,Somerset,TP Alsop,Shahid Afridi,PD Trego,1,0,,,,,,,,,
947339,2016,2016-07-29,The Rose Bowl,1,12.6,Hampshire,Somerset,Shahid Afridi,TP Alsop,PD Trego,0,0,,,,,,caught,Shahid Afridi,,
947339,2016,2016-07-29,The Rose Bowl,1,13.1,Hampshire,Somerset,TP Alsop,LA Dawson,MTC Waller,1,0,,,,,,,,,
947339,2016,2016-07-29,The Rose Bowl,1,13.2,Hampshire,Somerset,LA Dawson,TP Alsop,MTC Waller,1,0,,,,,,,,,
947339,2016,2016-07-29,The Rose Bowl,1,13.3,Hampshire,Somerset,TP Alsop,LA Dawson,MTC Waller,6,0,,,,,,,,,
947339,2016,2016-07-29,The Rose Bowl,1,13.4,Hampshire,Somerset,TP Alsop,LA Dawson,MTC Waller,4,0,,,,,,,,,
947339,2016,2016-07-29,The Rose Bowl,1,13.5,Hampshire,Somerset,TP Alsop,LA Dawson,MTC Waller,0,0,,,,,,,,,
947339,2016,2016-07-29,The Rose Bowl,1,13.6,Hampshire,Somerset,TP Alsop,LA Dawson,MTC Waller,1,0,,,,,,,,,
947339,2016,2016-07-29,The Rose Bowl,1,14.1,Hampshire,Somerset,TP Alsop,LA Dawson,PD Trego,0,0,,,,,,,,,
947339,2016,2016-07-29,The Rose Bowl,1,14.2,Hampshire,Somerset,TP Alsop,LA Dawson,PD Trego,1,0,,,,,,,,,
947339,2016,2016-07-29,The Rose Bowl,1,14.3,Hampshire,Somerset,LA Dawson,TP Alsop,PD Trego,4,0,,,,,,,,,
947339,2016,2016-07-29,The Rose Bowl,1,14.4,Hampshire,Somerset,LA Dawson,TP Alsop,PD Trego,1,0,,,,,,,,,
947339,2016,2016-07-29,The Rose Bowl,1,14.5,Hampshire,Somerset,TP Alsop,LA Dawson,PD Trego,4,0,,,,,,,,,
947339,2016,2016-07-29,The Rose Bowl,1,14.6,Hampshire,Somerset,TP Alsop,LA Dawson,PD Trego,0,0,,,,,,,,,
947339,2016,2016-07-29,The Rose Bowl,1,15.1,Hampshire,Somerset,LA Dawson,TP Alsop,DM Bess,1,0,,,,,,,,,
947339,2016,2016-07-29,The Rose Bowl,1,15.2,Hampshire,Somerset,TP Alsop,LA Dawson,DM Bess,6,0,,,,,,,,,
947339,2016,2016-07-29,The Rose Bowl,1,15.3,Hampshire,Somerset,TP Alsop,LA Dawson,DM Bess,1,0,,,,,,,,,
947339,2016,2016-07-29,The Rose Bowl,1,15.4,Hampshire,Somerset,LA Dawson,TP Alsop,DM Bess,1,0,,,,,,,,,
947339,2016,2016-07-29,The Rose Bowl,1,15.5,Hampshire,Somerset,TP Alsop,LA Dawson,DM Bess,1,0,,,,,,,,,
947339,2016,2016-07-29,The Rose Bowl,1,15.6,Hampshire,Somerset,LA Dawson,TP Alsop,DM Bess,2,0,,,,,,,,,
947339,2016,2016-07-29,The Rose Bowl,1,16.1,Hampshire,Somerset,TP Alsop,LA Dawson,J Allenby,0,0,,,,,,,,,
947339,2016,2016-07-29,The Rose Bowl,1,16.2,Hampshire,Somerset,TP Alsop,LA Dawson,J Allenby,4,0,,,,,,,,,
947339,2016,2016-07-29,The Rose Bowl,1,16.3,Hampshire,Somerset,TP Alsop,LA Dawson,J Allenby,1,0,,,,,,,,,
947339,2016,2016-07-29,The Rose Bowl,1,16.4,Hampshire,Somerset,LA Dawson,TP Alsop,J Allenby,1,0,,,,,,,,,
947339,2016,2016-07-29,The Rose Bowl,1,16.5,Hampshire,Somerset,TP Alsop,LA Dawson,J Allenby,1,0,,,,,,,,,
947339,2016,2016-07-29,The Rose Bowl,1,16.6,Hampshire,Somerset,LA Dawson,TP Alsop,J Allenby,1,0,,,,,,,,,
947339,2016,2016-07-29,The Rose Bowl,1,17.1,Hampshire,Somerset,LA Dawson,TP Alsop,JH Davey,4,0,,,,,,,,,
947339,2016,2016-07-29,The Rose Bowl,1,17.2,Hampshire,Somerset,LA Dawson,TP Alsop,JH Davey,1,0,,,,,,,,,
947339,2016,2016-07-29,The Rose Bowl,1,17.3,Hampshire,Somerset,TP Alsop,LA Dawson,JH Davey,0,0,,,,,,,,,
947339,2016,2016-07-29,The Rose Bowl,1,17.4,Hampshire,Somerset,TP Alsop,LA Dawson,JH Davey,0,0,,,,,,,,,
947339,2016,2016-07-29,The Rose Bowl,1,17.5,Hampshire,Somerset,TP Alsop,LA Dawson,JH Davey,2,0,,,,,,,,,
947339,2016,2016-07-29,The Rose Bowl,1,17.6,Hampshire,Somerset,TP Alsop,LA Dawson,JH Davey,0,0,,,,,,caught,TP Alsop,,
947339,2016,2016-07-29,The Rose Bowl,1,18.1,Hampshire,Somerset,LA Dawson,R McLaren,J Allenby,2,0,,,,,,,,,
947339,2016,2016-07-29,The Rose Bowl,1,18.2,Hampshire,Somerset,LA Dawson,R McLaren,J Allenby,0,0,,,,,,,,,
947339,2016,2016-07-29,The Rose Bowl,1,18.3,Hampshire,Somerset,LA Dawson,R McLaren,J Allenby,4,0,,,,,,,,,
947339,2016,2016-07-29,The Rose Bowl,1,18.4,Hampshire,Somerset,LA Dawson,R McLaren,J Allenby,0,1,,,,1,,,,,
947339,2016,2016-07-29,The Rose Bowl,1,18.5,Hampshire,Somerset,R McLaren,LA Dawson,J Allenby,2,0,,,,,,,,,
947339,2016,2016-07-29,The Rose Bowl,1,18.6,Hampshire,Somerset,R McLaren,LA Dawson,J Allenby,2,0,,,,,,,,,
947339,2016,2016-07-29,The Rose Bowl,1,19.1,Hampshire,Somerset,LA Dawson,R McLaren,JH Davey,1,0,,,,,,,,,
947339,2016,2016-07-29,The Rose Bowl,1,19.2,Hampshire,Somerset,R McLaren,LA Dawson,JH Davey,4,0,,,,,,,,,
947339,2016,2016-07-29,The Rose Bowl,1,19.3,Hampshire,Somerset,R McLaren,LA Dawson,JH Davey,1,0,,,,,,,,,
947339,2016,2016-07-29,The Rose Bowl,1,19.4,Hampshire,Somerset,LA Dawson,R McLaren,JH Davey,1,0,,,,,,,,,
947339,2016,2016-07-29,The Rose Bowl,1,19.5,Hampshire,Somerset,R McLaren,LA Dawson,JH Davey,0,0,,,,,,,,,
947339,2016,2016-07-29,The Rose Bowl,1,19.6,Hampshire,Somerset,R McLaren,LA Dawson,JH Davey,4,0,,,,,,,,,
947339,2016,2016-07-29,The Rose Bowl,2,0.1,Somerset,Hampshire,AJ Hose,J Allenby,BJ Taylor,1,0,,,,,,,,,
947339,2016,2016-07-29,The Rose Bowl,2,0.2,Somerset,Hampshire,J Allenby,AJ Hose,BJ Taylor,6,0,,,,,,,,,
947339,2016,2016-07-29,The Rose Bowl,2,0.3,Somerset,Hampshire,J Allenby,AJ Hose,BJ Taylor,0,0,,,,,,,,,
947339,2016,2016-07-29,The Rose Bowl,2,0.4,Somerset,Hampshire,J Allenby,AJ Hose,BJ Taylor,1,0,,,,,,,,,
947339,2016,2016-07-29,The Rose Bowl,2,0.5,Somerset,Hampshire,AJ Hose,J Allenby,BJ Taylor,1,0,,,,,,,,,
947339,2016,2016-07-29,The Rose Bowl,2,0.6,Somerset,Hampshire,J Allenby,AJ Hose,BJ Taylor,0,0,,,,,,,,,
947339,2016,2016-07-29,The Rose Bowl,2,1.1,Somerset,Hampshire,AJ Hose,J Allenby,R McLaren,2,0,,,,,,,,,
947339,2016,2016-07-29,The Rose Bowl,2,1.2,Somerset,Hampshire,AJ Hose,J Allenby,R McLaren,0,0,,,,,,caught,AJ Hose,,
947339,2016,2016-07-29,The Rose Bowl,2,1.3,Somerset,Hampshire,PD Trego,J Allenby,R McLaren,4,0,,,,,,,,,
947339,2016,2016-07-29,The Rose Bowl,2,1.4,Somerset,Hampshire,PD Trego,J Allenby,R McLaren,0,0,,,,,,,,,
947339,2016,2016-07-29,The Rose Bowl,2,1.5,Somerset,Hampshire,PD Trego,J Allenby,R McLaren,0,0,,,,,,,,,
947339,2016,2016-07-29,The Rose Bowl,2,1.6,Somerset,Hampshire,PD Trego,J Allenby,R McLaren,0,0,,,,,,,,,
947339,2016,2016-07-29,The Rose Bowl,2,2.1,Somerset,Hampshire,J Allenby,PD Trego,BTJ Wheal,0,0,,,,,,,,,
947339,2016,2016-07-29,The Rose Bowl,2,2.2,Somerset,Hampshire,J Allenby,PD Trego,BTJ Wheal,0,0,,,,,,,,,
947339,2016,2016-07-29,The Rose Bowl,2,2.3,Somerset,Hampshire,J Allenby,PD Trego,BTJ Wheal,2,0,,,,,,,,,
947339,2016,2016-07-29,The Rose Bowl,2,2.4,Somerset,Hampshire,J Allenby,PD Trego,BTJ Wheal,4,0,,,,,,,,,
947339,2016,2016-07-29,The Rose Bowl,2,2.5,Somerset,Hampshire,J Allenby,PD Trego,BTJ Wheal,4,0,,,,,,,,,
947339,2016,2016-07-29,The Rose Bowl,2,2.6,Somerset,Hampshire,J Allenby,PD Trego,BTJ Wheal,0,0,,,,,,,,,
947339,2016,2016-07-29,The Rose Bowl,2,3.1,Somerset,Hampshire,PD Trego,J Allenby,R McLaren,0,0,,,,,,,,,
947339,2016,2016-07-29,The Rose Bowl,2,3.2,Somerset,Hampshire,PD Trego,J Allenby,R McLaren,4,0,,,,,,,,,
947339,2016,2016-07-29,The Rose Bowl,2,3.3,Somerset,Hampshire,PD Trego,J Allenby,R McLaren,0,0,,,,,,caught,PD Trego,,
947339,2016,2016-07-29,The Rose Bowl,2,3.4,Somerset,Hampshire,J Allenby,JC Hildreth,R McLaren,4,0,,,,,,,,,
947339,2016,2016-07-29,The Rose Bowl,2,3.5,Somerset,Hampshire,J Allenby,JC Hildreth,R McLaren,0,0,,,,,,,,,
947339,2016,2016-07-29,The Rose Bowl,2,3.6,Somerset,Hampshire,J Allenby,JC Hildreth,R McLaren,0,0,,,,,,,,,
947339,2016,2016-07-29,The Rose Bowl,2,4.1,Somerset,Hampshire,JC Hildreth,J Allenby,GT Griffiths,0,0,,,,,,,,,
947339,2016,2016-07-29,The Rose Bowl,2,4.2,Somerset,Hampshire,JC Hildreth,J Allenby,GT Griffiths,4,0,,,,,,,,,
947339,2016,2016-07-29,The Rose Bowl,2,4.3,Somerset,Hampshire,JC Hildreth,J Allenby,GT Griffiths,0,0,,,,,,,,,
947339,2016,2016-07-29,The Rose Bowl,2,4.4,Somerset,Hampshire,JC Hildreth,J Allenby,GT Griffiths,4,0,,,,,,,,,
947339,2016,2016-07-29,The Rose Bowl,2,4.5,Somerset,Hampshire,JC Hildreth,J Allenby,GT Griffiths,0,0,,,,,,bowled,JC Hildreth,,
947339,2016,2016-07-29,The Rose Bowl,2,4.6,Somerset,Hampshire,TB Abell,J Allenby,GT Griffiths,4,0,,,,,,,,,
947339,2016,2016-07-29,The Rose Bowl,2,5.1,Somerset,Hampshire,J Allenby,TB Abell,BTJ Wheal,4,0,,,,,,,,,
947339,2016,2016-07-29,The Rose Bowl,2,5.2,Somerset,Hampshire,J Allenby,TB Abell,BTJ Wheal,2,0,,,,,,,,,
947339,2016,2016-07-29,The Rose Bowl,2,5.3,Somerset,Hampshire,J Allenby,TB Abell,BTJ Wheal,1,0,,,,,,,,,
947339,2016,2016-07-29,The Rose Bowl,2,5.4,Somerset,Hampshire,TB Abell,J Allenby,BTJ Wheal,0,0,,,,,,,,,
947339,2016,2016-07-29,The Rose Bowl,2,5.5,Somerset,Hampshire,TB Abell,J Allenby,BTJ Wheal,1,0,,,,,,,,,
947339,2016,2016-07-29,The Rose Bowl,2,5.6,Somerset,Hampshire,J Allenby,TB Abell,BTJ Wheal,4,0,,,,,,,,,
947339,2016,2016-07-29,The Rose Bowl,2,6.1,Somerset,Hampshire,TB Abell,J Allenby,Shahid Afridi,0,0,,,,,,,,,
947339,2016,2016-07-29,The Rose Bowl,2,6.2,Somerset,Hampshire,TB Abell,J Allenby,Shahid Afridi,0,0,,,,,,,,,
947339,2016,2016-07-29,The Rose Bowl,2,6.3,Somerset,Hampshire,TB Abell,J Allenby,Shahid Afridi,0,0,,,,,,,,,
947339,2016,2016-07-29,The Rose Bowl,2,6.4,Somerset,Hampshire,TB Abell,J Allenby,Shahid Afridi,0,0,,,,,,,,,
947339,2016,2016-07-29,The Rose Bowl,2,6.5,Somerset,Hampshire,TB Abell,J Allenby,Shahid Afridi,1,0,,,,,,,,,
947339,2016,2016-07-29,The Rose Bowl,2,6.6,Somerset,Hampshire,J Allenby,TB Abell,Shahid Afridi,1,0,,,,,,,,,
947339,2016,2016-07-29,The Rose Bowl,2,7.1,Somerset,Hampshire,J Allenby,TB Abell,LA Dawson,0,0,,,,,,,,,
947339,2016,2016-07-29,The Rose Bowl,2,7.2,Somerset,Hampshire,J Allenby,TB Abell,LA Dawson,3,0,,,,,,,,,
947339,2016,2016-07-29,The Rose Bowl,2,7.3,Somerset,Hampshire,TB Abell,J Allenby,LA Dawson,1,0,,,,,,,,,
947339,2016,2016-07-29,The Rose Bowl,2,7.4,Somerset,Hampshire,J Allenby,TB Abell,LA Dawson,1,0,,,,,,,,,
947339,2016,2016-07-29,The Rose Bowl,2,7.5,Somerset,Hampshire,TB Abell,J Allenby,LA Dawson,0,0,,,,,,caught,TB Abell,,
947339,2016,2016-07-29,The Rose Bowl,2,7.6,Somerset,Hampshire,RC Davies,J Allenby,LA Dawson,0,0,,,,,,,,,
947339,2016,2016-07-29,The Rose Bowl,2,8.1,Somerset,Hampshire,J Allenby,RC Davies,Shahid Afridi,0,0,,,,,,,,,
947339,2016,2016-07-29,The Rose Bowl,2,8.2,Somerset,Hampshire,J Allenby,RC Davies,Shahid Afridi,0,1,,,,1,,,,,
947339,2016,2016-07-29,The Rose Bowl,2,8.3,Somerset,Hampshire,RC Davies,J Allenby,Shahid Afridi,0,0,,,,,,,,,
947339,2016,2016-07-29,The Rose Bowl,2,8.4,Somerset,Hampshire,RC Davies,J Allenby,Shahid Afridi,1,0,,,,,,,,,
947339,2016,2016-07-29,The Rose Bowl,2,8.5,Somerset,Hampshire,J Allenby,RC Davies,Shahid Afridi,1,0,,,,,,,,,
947339,2016,2016-07-29,The Rose Bowl,2,8.6,Somerset,Hampshire,RC Davies,J Allenby,Shahid Afridi,4,0,,,,,,,,,
947339,2016,2016-07-29,The Rose Bowl,2,9.1,Somerset,Hampshire,J Allenby,RC Davies,LA Dawson,0,0,,,,,,,,,
947339,2016,2016-07-29,The Rose Bowl,2,9.2,Somerset,Hampshire,J Allenby,RC Davies,LA Dawson,1,0,,,,,,,,,
947339,2016,2016-07-29,The Rose Bowl,2,9.3,Somerset,Hampshire,RC Davies,J Allenby,LA Dawson,0,0,,,,,,bowled,RC Davies,,
947339,2016,2016-07-29,The Rose Bowl,2,9.4,Somerset,Hampshire,JH Davey,J Allenby,LA Dawson,0,0,,,,,,stumped,JH Davey,,
947339,2016,2016-07-29,The Rose Bowl,2,9.5,Somerset,Hampshire,BGF Green,J Allenby,LA Dawson,0,0,,,,,,,,,
947339,2016,2016-07-29,The Rose Bowl,2,9.6,Somerset,Hampshire,BGF Green,J Allenby,LA Dawson,4,0,,,,,,,,,
947339,2016,2016-07-29,The Rose Bowl,2,10.1,Somerset,Hampshire,J Allenby,BGF Green,Shahid Afridi,1,0,,,,,,,,,
947339,2016,2016-07-29,The Rose Bowl,2,10.2,Somerset,Hampshire,BGF Green,J Allenby,Shahid Afridi,1,0,,,,,,,,,
947339,2016,2016-07-29,The Rose Bowl,2,10.3,Somerset,Hampshire,J Allenby,BGF Green,Shahid Afridi,0,0,,,,,,,,,
947339,2016,2016-07-29,The Rose Bowl,2,10.4,Somerset,Hampshire,J Allenby,BGF Green,Shahid Afridi,0,0,,,,,,caught,J Allenby,,
947339,2016,2016-07-29,The Rose Bowl,2,10.5,Somerset,Hampshire,DM Bess,BGF Green,Shahid Afridi,1,0,,,,,,,,,
947339,2016,2016-07-29,The Rose Bowl,2,10.6,Somerset,Hampshire,BGF Green,DM Bess,Shahid Afridi,1,0,,,,,,,,,
947339,2016,2016-07-29,The Rose Bowl,2,11.1,Somerset,Hampshire,BGF Green,DM Bess,LA Dawson,1,0,,,,,,,,,
947339,2016,2016-07-29,The Rose Bowl,2,11.2,Somerset,Hampshire,DM Bess,BGF Green,LA Dawson,0,0,,,,,,bowled,DM Bess,,
947339,2016,2016-07-29,The Rose Bowl,2,11.3,Somerset,Hampshire,MTC Waller,BGF Green,LA Dawson,1,0,,,,,,,,,
947339,2016,2016-07-29,The Rose Bowl,2,11.4,Somerset,Hampshire,BGF Green,MTC Waller,LA Dawson,1,0,,,,,,,,,
947339,2016,2016-07-29,The Rose Bowl,2,11.5,Somerset,Hampshire,MTC Waller,BGF Green,LA Dawson,1,0,,,,,,,,,
947339,2016,2016-07-29,The Rose Bowl,2,11.6,Somerset,Hampshire,BGF Green,MTC Waller,LA Dawson,0,0,,,,,,,,,
947339,2016,2016-07-29,The Rose Bowl,2,12.1,Somerset,Hampshire,MTC Waller,BGF Green,Shahid Afridi,0,0,,,,,,,,,
947339,2016,2016-07-29,The Rose Bowl,2,12.2,Somerset,Hampshire,MTC Waller,BGF Green,Shahid Afridi,0,0,,,,,,,,,
947339,2016,2016-07-29,The Rose Bowl,2,12.3,Somerset,Hampshire,MTC Waller,BGF Green,Shahid Afridi,0,0,,,,,,,,,
947339,2016,2016-07-29,The Rose Bowl,2,12.4,Somerset,Hampshire,MTC Waller,BGF Green,Shahid Afridi,2,0,,,,,,,,,
947339,2016,2016-07-29,The Rose Bowl,2,12.5,Somerset,Hampshire,MTC Waller,BGF Green,Shahid Afridi,0,1,1,,,,,,,,
947339,2016,2016-07-29,The Rose Bowl,2,12.6,Somerset,Hampshire,MTC Waller,BGF Green,Shahid Afridi,0,1,1,,,,,,,,
947339,2016,2016-07-29,The Rose Bowl,2,12.7,Somerset,Hampshire,MTC Waller,BGF Green,Shahid Afridi,0,0,,,,,,,,,
947339,2016,2016-07-29,The Rose Bowl,2,12.8,Somerset,Hampshire,MTC Waller,BGF Green,Shahid Afridi,4,0,,,,,,,,,
947339,2016,2016-07-29,The Rose Bowl,2,13.1,Somerset,Hampshire,BGF Green,MTC Waller,BJ Taylor,1,0,,,,,,,,,
947339,2016,2016-07-29,The Rose Bowl,2,13.2,Somerset,Hampshire,MTC Waller,BGF Green,BJ Taylor,0,0,,,,,,,,,
947339,2016,2016-07-29,The Rose Bowl,2,13.3,Somerset,Hampshire,MTC Waller,BGF Green,BJ Taylor,1,0,,,,,,,,,
947339,2016,2016-07-29,The Rose Bowl,2,13.4,Somerset,Hampshire,BGF Green,MTC Waller,BJ Taylor,0,0,,,,,,,,,
947339,2016,2016-07-29,The Rose Bowl,2,13.5,Somerset,Hampshire,BGF Green,MTC Waller,BJ Taylor,1,0,,,,,,,,,
947339,2016,2016-07-29,The Rose Bowl,2,13.6,Somerset,Hampshire,MTC Waller,BGF Green,BJ Taylor,0,0,,,,,,,,,
947339,2016,2016-07-29,The Rose Bowl,2,14.1,Somerset,Hampshire,BGF Green,MTC Waller,LA Dawson,1,0,,,,,,,,,
947339,2016,2016-07-29,The Rose Bowl,2,14.2,Somerset,Hampshire,MTC Waller,BGF Green,LA Dawson,0,0,,,,,,,,,
947339,2016,2016-07-29,The Rose Bowl,2,14.3,Somerset,Hampshire,MTC Waller,BGF Green,LA Dawson,0,0,,,,,,caught,MTC Waller,,
947339,2016,2016-07-29,The Rose Bowl,2,14.4,Somerset,Hampshire,BGF Green,ORT Sale,LA Dawson,1,0,,,,,,,,,
947339,2016,2016-07-29,The Rose Bowl,2,14.5,Somerset,Hampshire,ORT Sale,BGF Green,LA Dawson,1,0,,,,,,,,,
947339,2016,2016-07-29,The Rose Bowl,2,14.6,Somerset,Hampshire,BGF Green,ORT Sale,LA Dawson,0,0,,,,,,,,,
947339,2016,2016-07-29,The Rose Bowl,2,15.1,Somerset,Hampshire,ORT Sale,BGF Green,BJ Taylor,0,0,,,,,,,,,
947339,2016,2016-07-29,The Rose Bowl,2,15.2,Somerset,Hampshire,ORT Sale,BGF Green,BJ Taylor,0,0,,,,,,bowled,ORT Sale,,
