match_id,season,start_date,venue,innings,ball,batting_team,bowling_team,striker,non_striker,bowler,runs_off_bat,extras,wides,noballs,byes,legbyes,penalty,wicket_type,player_dismissed,other_wicket_type,other_player_dismissed
947317,2016,2016-07-22,Sophia Gardens,1,0.1,Somerset,Glamorgan,DPMD Jayawardene,J Allenby,MG Hogan,1,0,,,,,,,,,
947317,2016,2016-07-22,Sophia Gardens,1,0.2,Somerset,Glamorgan,J Allenby,DPMD Jayawardene,MG Hogan,0,0,,,,,,,,,
947317,2016,2016-07-22,Sophia Gardens,1,0.3,Somerset,Glamorgan,J Allenby,DPMD Jayawardene,MG Hogan,1,0,,,,,,,,,
947317,2016,2016-07-22,Sophia Gardens,1,0.4,Somerset,Glamorgan,DPMD Jayawardene,J Allenby,MG Hogan,0,0,,,,,,,,,
947317,2016,2016-07-22,Sophia Gardens,1,0.5,Somerset,Glamorgan,DPMD Jayawardene,J Allenby,MG Hogan,4,0,,,,,,,,,
947317,2016,2016-07-22,Sophia Gardens,1,0.6,Somerset,Glamorgan,DPMD Jayawardene,J Allenby,MG Hogan,1,0,,,,,,,,,
947317,2016,2016-07-22,Sophia Gardens,1,1.1,Somerset,Glamorgan,DPMD Jayawardene,J Allenby,T van der Gugten,0,0,,,,,,,,,
947317,2016,2016-07-22,Sophia Gardens,1,1.2,Somerset,Glamorgan,DPMD Jayawardene,J Allenby,T van der Gugten,0,0,,,,,,,,,
947317,2016,2016-07-22,Sophia Gardens,1,1.3,Somerset,Glamorgan,DPMD Jayawardene,J Allenby,T van der Gugten,0,0,,,,,,,,,
947317,2016,2016-07-22,Sophia Gardens,1,1.4,Somerset,Glamorgan,DPMD Jayawardene,J Allenby,T van der Gugten,4,0,,,,,,,,,
947317,2016,2016-07-22,Sophia Gardens,1,1.5,Somerset,Glamorgan,DPMD Jayawardene,J Allenby,T van der Gugten,6,0,,,,,,,,,
947317,2016,2016-07-22,Sophia Gardens,1,1.6,Somerset,Glamorgan,DPMD Jayawardene,J Allenby,T van der Gugten,0,0,,,,,,caught,DPMD Jayawardene,,
947317,2016,2016-07-22,Sophia Gardens,1,2.1,Somerset,Glamorgan,J Allenby,PD Trego,MG Hogan,1,0,,,,,,,,,
947317,2016,2016-07-22,Sophia Gardens,1,2.2,Somerset,Glamorgan,PD Trego,J Allenby,MG Hogan,2,0,,,,,,,,,
947317,2016,2016-07-22,Sophia Gardens,1,2.3,Somerset,Glamorgan,PD Trego,J Allenby,MG Hogan,1,0,,,,,,,,,
947317,2016,2016-07-22,Sophia Gardens,1,2.4,Somerset,Glamorgan,J Allenby,PD Trego,MG Hogan,2,0,,,,,,,,,
947317,2016,2016-07-22,Sophia Gardens,1,2.5,Somerset,Glamorgan,J Allenby,PD Trego,MG Hogan,0,0,,,,,,,,,
947317,2016,2016-07-22,Sophia Gardens,1,2.6,Somerset,Glamorgan,J Allenby,PD Trego,MG Hogan,0,0,,,,,,run out,J Allenby,,
947317,2016,2016-07-22,Sophia Gardens,1,3.1,Somerset,Glamorgan,PD Trego,JG Myburgh,T van der Gugten,0,0,,,,,,,,,
947317,2016,2016-07-22,Sophia Gardens,1,3.2,Somerset,Glamorgan,PD Trego,JG Myburgh,T van der Gugten,1,0,,,,,,,,,
947317,2016,2016-07-22,Sophia Gardens,1,3.3,Somerset,Glamorgan,JG Myburgh,PD Trego,T van der Gugten,2,0,,,,,,,,,
947317,2016,2016-07-22,Sophia Gardens,1,3.4,Somerset,Glamorgan,JG Myburgh,PD Trego,T van der Gugten,4,0,,,,,,,,,
947317,2016,2016-07-22,Sophia Gardens,1,3.5,Somerset,Glamorgan,JG Myburgh,PD Trego,T van der Gugten,0,0,,,,,,,,,
947317,2016,2016-07-22,Sophia Gardens,1,3.6,Somerset,Glamorgan,JG Myburgh,PD Trego,T van der Gugten,1,0,,,,,,,,,
947317,2016,2016-07-22,Sophia Gardens,1,4.1,Somerset,Glamorgan,JG Myburgh,PD Trego,GG Wagg,0,0,,,,,,,,,
947317,2016,2016-07-22,Sophia Gardens,1,4.2,Somerset,Glamorgan,JG Myburgh,PD Trego,GG Wagg,6,0,,,,,,,,,
947317,2016,2016-07-22,Sophia Gardens,1,4.3,Somerset,Glamorgan,JG Myburgh,PD Trego,GG Wagg,4,0,,,,,,,,,
947317,2016,2016-07-22,Sophia Gardens,1,4.4,Somerset,Glamorgan,JG Myburgh,PD Trego,GG Wagg,1,0,,,,,,,,,
947317,2016,2016-07-22,Sophia Gardens,1,4.5,Somerset,Glamorgan,PD Trego,JG Myburgh,GG Wagg,0,0,,,,,,,,,
947317,2016,2016-07-22,Sophia Gardens,1,4.6,Somerset,Glamorgan,PD Trego,JG Myburgh,GG Wagg,1,0,,,,,,,,,
947317,2016,2016-07-22,Sophia Gardens,1,5.1,Somerset,Glamorgan,PD Trego,JG Myburgh,SW Tait,4,0,,,,,,,,,
947317,2016,2016-07-22,Sophia Gardens,1,5.2,Somerset,Glamorgan,PD Trego,JG Myburgh,SW Tait,0,1,1,,,,,,,,
947317,2016,2016-07-22,Sophia Gardens,1,5.3,Somerset,Glamorgan,PD Trego,JG Myburgh,SW Tait,0,0,,,,,,bowled,PD Trego,,
947317,2016,2016-07-22,Sophia Gardens,1,5.4,Somerset,Glamorgan,JC Hildreth,JG Myburgh,SW Tait,0,0,,,,,,,,,
947317,2016,2016-07-22,Sophia Gardens,1,5.5,Somerset,Glamorgan,JC Hildreth,JG Myburgh,SW Tait,0,1,1,,,,,,,,
947317,2016,2016-07-22,Sophia Gardens,1,5.6,Somerset,Glamorgan,JC Hildreth,JG Myburgh,SW Tait,0,0,,,,,,,,,
947317,2016,2016-07-22,Sophia Gardens,1,5.7,Somerset,Glamorgan,JC Hildreth,JG Myburgh,SW Tait,1,0,,,,,,,,,
947317,2016,2016-07-22,Sophia Gardens,1,5.8,Somerset,Glamorgan,JG Myburgh,JC Hildreth,SW Tait,0,0,,,,,,,,,
947317,2016,2016-07-22,Sophia Gardens,1,6.1,Somerset,Glamorgan,JC Hildreth,JG Myburgh,T van der Gugten,4,0,,,,,,,,,
947317,2016,2016-07-22,Sophia Gardens,1,6.2,Somerset,Glamorgan,JC Hildreth,JG Myburgh,T van der Gugten,1,0,,,,,,,,,
947317,2016,2016-07-22,Sophia Gardens,1,6.3,Somerset,Glamorgan,JG Myburgh,JC Hildreth,T van der Gugten,1,0,,,,,,,,,
947317,2016,2016-07-22,Sophia Gardens,1,6.4,Somerset,Glamorgan,JC Hildreth,JG Myburgh,T van der Gugten,0,0,,,,,,,,,
947317,2016,2016-07-22,Sophia Gardens,1,6.5,Somerset,Glamorgan,JC Hildreth,JG Myburgh,T van der Gugten,4,0,,,,,,,,,
947317,2016,2016-07-22,Sophia Gardens,1,6.6,Somerset,Glamorgan,JC Hildreth,JG Myburgh,T van der Gugten,0,0,,,,,,,,,
947317,2016,2016-07-22,Sophia Gardens,1,7.1,Somerset,Glamorgan,JG Myburgh,JC Hildreth,SW Tait,4,0,,,,,,,,,
947317,2016,2016-07-22,Sophia Gardens,1,7.2,Somerset,Glamorgan,JG Myburgh,JC Hildreth,SW Tait,4,0,,,,,,,,,
947317,2016,2016-07-22,Sophia Gardens,1,7.3,Somerset,Glamorgan,JG Myburgh,JC Hildreth,SW Tait,1,0,,,,,,,,,
947317,2016,2016-07-22,Sophia Gardens,1,7.4,Somerset,Glamorgan,JC Hildreth,JG Myburgh,SW Tait,1,0,,,,,,,,,
947317,2016,2016-07-22,Sophia Gardens,1,7.5,Somerset,Glamorgan,JG Myburgh,JC Hildreth,SW Tait,0,0,,,,,,caught,JG Myburgh,,
947317,2016,2016-07-22,Sophia Gardens,1,7.6,Somerset,Glamorgan,RE van der Merwe,JC Hildreth,SW Tait,0,0,,,,,,,,,
947317,2016,2016-07-22,Sophia Gardens,1,8.1,Somerset,Glamorgan,JC Hildreth,RE van der Merwe,CAJ Meschede,4,0,,,,,,,,,
947317,2016,2016-07-22,Sophia Gardens,1,8.2,Somerset,Glamorgan,JC Hildreth,RE van der Merwe,CAJ Meschede,6,0,,,,,,,,,
947317,2016,2016-07-22,Sophia Gardens,1,8.3,Somerset,Glamorgan,JC Hildreth,RE van der Merwe,CAJ Meschede,1,0,,,,,,,,,
947317,2016,2016-07-22,Sophia Gardens,1,8.4,Somerset,Glamorgan,RE van der Merwe,JC Hildreth,CAJ Meschede,2,0,,,,,,,,,
947317,2016,2016-07-22,Sophia Gardens,1,8.5,Somerset,Glamorgan,RE van der Merwe,JC Hildreth,CAJ Meschede,1,0,,,,,,,,,
947317,2016,2016-07-22,Sophia Gardens,1,8.6,Somerset,Glamorgan,JC Hildreth,RE van der Merwe,CAJ Meschede,0,0,,,,,,,,,
947317,2016,2016-07-22,Sophia Gardens,1,9.1,Somerset,Glamorgan,RE van der Merwe,JC Hildreth,CA Ingram,2,0,,,,,,,,,
947317,2016,2016-07-22,Sophia Gardens,1,9.2,Somerset,Glamorgan,RE van der Merwe,JC Hildreth,CA Ingram,1,0,,,,,,,,,
947317,2016,2016-07-22,Sophia Gardens,1,9.3,Somerset,Glamorgan,JC Hildreth,RE van der Merwe,CA Ingram,1,0,,,,,,,,,
947317,2016,2016-07-22,Sophia Gardens,1,9.4,Somerset,Glamorgan,RE van der Merwe,JC Hildreth,CA Ingram,1,0,,,,,,,,,
947317,2016,2016-07-22,Sophia Gardens,1,9.5,Somerset,Glamorgan,JC Hildreth,RE van der Merwe,CA Ingram,1,0,,,,,,,,,
947317,2016,2016-07-22,Sophia Gardens,1,9.6,Somerset,Glamorgan,RE van der Merwe,JC Hildreth,CA Ingram,0,0,,,,,,bowled,RE van der Merwe,,
947317,2016,2016-07-22,Sophia Gardens,1,10.1,Somerset,Glamorgan,JC Hildreth,L Gregory,SW Tait,1,0,,,,,,,,,
947317,2016,2016-07-22,Sophia Gardens,1,10.2,Somerset,Glamorgan,L Gregory,JC Hildreth,SW Tait,0,0,,,,,,,,,
947317,2016,2016-07-22,Sophia Gardens,1,10.3,Somerset,Glamorgan,L Gregory,JC Hildreth,SW Tait,2,0,,,,,,,,,
947317,2016,2016-07-22,Sophia Gardens,1,10.4,Somerset,Glamorgan,L Gregory,JC Hildreth,SW Tait,0,0,,,,,,,,,
947317,2016,2016-07-22,Sophia Gardens,1,10.5,Somerset,Glamorgan,L Gregory,JC Hildreth,SW Tait,1,0,,,,,,,,,
947317,2016,2016-07-22,Sophia Gardens,1,10.6,Somerset,Glamorgan,JC Hildreth,L Gregory,SW Tait,4,0,,,,,,,,,
947317,2016,2016-07-22,Sophia Gardens,1,11.1,Somerset,Glamorgan,L Gregory,JC Hildreth,CA Ingram,2,0,,,,,,,,,
947317,2016,2016-07-22,Sophia Gardens,1,11.2,Somerset,Glamorgan,L Gregory,JC Hildreth,CA Ingram,0,0,,,,,,,,,
947317,2016,2016-07-22,Sophia Gardens,1,11.3,Somerset,Glamorgan,L Gregory,JC Hildreth,CA Ingram,1,0,,,,,,,,,
947317,2016,2016-07-22,Sophia Gardens,1,11.4,Somerset,Glamorgan,JC Hildreth,L Gregory,CA Ingram,0,0,,,,,,,,,
947317,2016,2016-07-22,Sophia Gardens,1,11.5,Somerset,Glamorgan,JC Hildreth,L Gregory,CA Ingram,1,0,,,,,,,,,
947317,2016,2016-07-22,Sophia Gardens,1,11.6,Somerset,Glamorgan,L Gregory,JC Hildreth,CA Ingram,1,0,,,,,,,,,
947317,2016,2016-07-22,Sophia Gardens,1,12.1,Somerset,Glamorgan,L Gregory,JC Hildreth,JA Rudolph,1,0,,,,,,,,,
947317,2016,2016-07-22,Sophia Gardens,1,12.2,Somerset,Glamorgan,JC Hildreth,L Gregory,JA Rudolph,1,0,,,,,,,,,
947317,2016,2016-07-22,Sophia Gardens,1,12.3,Somerset,Glamorgan,L Gregory,JC Hildreth,JA Rudolph,4,0,,,,,,,,,
947317,2016,2016-07-22,Sophia Gardens,1,12.4,Somerset,Glamorgan,L Gregory,JC Hildreth,JA Rudolph,1,0,,,,,,,,,
947317,2016,2016-07-22,Sophia Gardens,1,12.5,Somerset,Glamorgan,JC Hildreth,L Gregory,JA Rudolph,1,0,,,,,,,,,
947317,2016,2016-07-22,Sophia Gardens,1,12.6,Somerset,Glamorgan,L Gregory,JC Hildreth,JA Rudolph,1,0,,,,,,,,,
947317,2016,2016-07-22,Sophia Gardens,1,13.1,Somerset,Glamorgan,L Gregory,JC Hildreth,CA Ingram,0,0,,,,,,,,,
947317,2016,2016-07-22,Sophia Gardens,1,13.2,Somerset,Glamorgan,L Gregory,JC Hildreth,CA Ingram,0,0,,,,,,,,,
947317,2016,2016-07-22,Sophia Gardens,1,13.3,Somerset,Glamorgan,L Gregory,JC Hildreth,CA Ingram,0,0,,,,,,stumped,L Gregory,,
947317,2016,2016-07-22,Sophia Gardens,1,13.4,Somerset,Glamorgan,RC Davies,JC Hildreth,CA Ingram,0,0,,,,,,,,,
947317,2016,2016-07-22,Sophia Gardens,1,13.5,Somerset,Glamorgan,RC Davies,JC Hildreth,CA Ingram,0,0,,,,,,caught and bowled,RC Davies,,
947317,2016,2016-07-22,Sophia Gardens,1,13.6,Somerset,Glamorgan,JH Davey,JC Hildreth,CA Ingram,0,0,,,,,,,,,
947317,2016,2016-07-22,Sophia Gardens,1,14.1,Somerset,Glamorgan,JC Hildreth,JH Davey,GG Wagg,1,0,,,,,,,,,
947317,2016,2016-07-22,Sophia Gardens,1,14.2,Somerset,Glamorgan,JH Davey,JC Hildreth,GG Wagg,1,0,,,,,,,,,
947317,2016,2016-07-22,Sophia Gardens,1,14.3,Somerset,Glamorgan,JC Hildreth,JH Davey,GG Wagg,1,0,,,,,,,,,
947317,2016,2016-07-22,Sophia Gardens,1,14.4,Somerset,Glamorgan,JH Davey,JC Hildreth,GG Wagg,1,0,,,,,,,,,
947317,2016,2016-07-22,Sophia Gardens,1,14.5,Somerset,Glamorgan,JC Hildreth,JH Davey,GG Wagg,1,0,,,,,,,,,
947317,2016,2016-07-22,Sophia Gardens,1,14.6,Somerset,Glamorgan,JH Davey,JC Hildreth,GG Wagg,0,4,,,,4,,,,,
947317,2016,2016-07-22,Sophia Gardens,1,15.1,Somerset,Glamorgan,JC Hildreth,JH Davey,CA Ingram,2,0,,,,,,,,,
947317,2016,2016-07-22,Sophia Gardens,1,15.2,Somerset,Glamorgan,JC Hildreth,JH Davey,CA Ingram,1,0,,,,,,,,,
947317,2016,2016-07-22,Sophia Gardens,1,15.3,Somerset,Glamorgan,JH Davey,JC Hildreth,CA Ingram,4,0,,,,,,,,,
947317,2016,2016-07-22,Sophia Gardens,1,15.4,Somerset,Glamorgan,JH Davey,JC Hildreth,CA Ingram,1,0,,,,,,,,,
947317,2016,2016-07-22,Sophia Gardens,1,15.5,Somerset,Glamorgan,JC Hildreth,JH Davey,CA Ingram,1,0,,,,,,,,,
947317,2016,2016-07-22,Sophia Gardens,1,15.6,Somerset,Glamorgan,JH Davey,JC Hildreth,CA Ingram,0,0,,,,,,,,,
947317,2016,2016-07-22,Sophia Gardens,1,16.1,Somerset,Glamorgan,JC Hildreth,JH Davey,GG Wagg,0,0,,,,,,caught,JC Hildreth,,
947317,2016,2016-07-22,Sophia Gardens,1,16.2,Somerset,Glamorgan,MTC Waller,JH Davey,GG Wagg,1,0,,,,,,,,,
947317,2016,2016-07-22,Sophia Gardens,1,16.3,Somerset,Glamorgan,JH Davey,MTC Waller,GG Wagg,0,0,,,,,,,,,
947317,2016,2016-07-22,Sophia Gardens,1,16.4,Somerset,Glamorgan,JH Davey,MTC Waller,GG Wagg,1,0,,,,,,,,,
947317,2016,2016-07-22,Sophia Gardens,1,16.5,Somerset,Glamorgan,MTC Waller,JH Davey,GG Wagg,1,0,,,,,,,,,
947317,2016,2016-07-22,Sophia Gardens,1,16.6,Somerset,Glamorgan,JH Davey,MTC Waller,GG Wagg,1,0,,,,,,,,,
947317,2016,2016-07-22,Sophia Gardens,1,17.1,Somerset,Glamorgan,JH Davey,MTC Waller,MG Hogan,4,0,,,,,,,,,
947317,2016,2016-07-22,Sophia Gardens,1,17.2,Somerset,Glamorgan,JH Davey,MTC Waller,MG Hogan,1,0,,,,,,,,,
947317,2016,2016-07-22,Sophia Gardens,1,17.3,Somerset,Glamorgan,MTC Waller,JH Davey,MG Hogan,1,0,,,,,,,,,
947317,2016,2016-07-22,Sophia Gardens,1,17.4,Somerset,Glamorgan,JH Davey,MTC Waller,MG Hogan,1,0,,,,,,,,,
947317,2016,2016-07-22,Sophia Gardens,1,17.5,Somerset,Glamorgan,MTC Waller,JH Davey,MG Hogan,1,0,,,,,,,,,
947317,2016,2016-07-22,Sophia Gardens,1,17.6,Somerset,Glamorgan,JH Davey,MTC Waller,MG Hogan,1,0,,,,,,,,,
947317,2016,2016-07-22,Sophia Gardens,1,18.1,Somerset,Glamorgan,JH Davey,MTC Waller,GG Wagg,4,0,,,,,,,,,
947317,2016,2016-07-22,Sophia Gardens,1,18.2,Somerset,Glamorgan,JH Davey,MTC Waller,GG Wagg,2,0,,,,,,,,,
947317,2016,2016-07-22,Sophia Gardens,1,18.3,Somerset,Glamorgan,JH Davey,MTC Waller,GG Wagg,0,1,,,,1,,,,,
947317,2016,2016-07-22,Sophia Gardens,1,18.4,Somerset,Glamorgan,MTC Waller,JH Davey,GG Wagg,0,0,,,,,,,,,
947317,2016,2016-07-22,Sophia Gardens,1,18.5,Somerset,Glamorgan,MTC Waller,JH Davey,GG Wagg,0,0,,,,,,caught,MTC Waller,,
947317,2016,2016-07-22,Sophia Gardens,1,18.6,Somerset,Glamorgan,JH Davey,PA van Meekeren,GG Wagg,0,0,,,,,,,,,
947317,2016,2016-07-22,Sophia Gardens,1,19.1,Somerset,Glamorgan,PA van Meekeren,JH Davey,MG Hogan,1,0,,,,,,,,,
947317,2016,2016-07-22,Sophia Gardens,1,19.2,Somerset,Glamorgan,JH Davey,PA van Meekeren,MG Hogan,1,0,,,,,,,,,
947317,2016,2016-07-22,Sophia Gardens,1,19.3,Somerset,Glamorgan,PA van Meekeren,JH Davey,MG Hogan,0,0,,,,,,run out,PA van Meekeren,,
947317,2016,2016-07-22,Sophia Gardens,2,0.1,Glamorgan,Somerset,DL Lloyd,MA Wallace,J Allenby,1,0,,,,,,,,,
947317,2016,2016-07-22,Sophia Gardens,2,0.2,Glamorgan,Somerset,MA Wallace,DL Lloyd,J Allenby,0,0,,,,,,,,,
947317,2016,2016-07-22,Sophia Gardens,2,0.3,Glamorgan,Somerset,MA Wallace,DL Lloyd,J Allenby,0,0,,,,,,,,,
947317,2016,2016-07-22,Sophia Gardens,2,0.4,Glamorgan,Somerset,MA Wallace,DL Lloyd,J Allenby,1,0,,,,,,,,,
947317,2016,2016-07-22,Sophia Gardens,2,0.5,Glamorgan,Somerset,DL Lloyd,MA Wallace,J Allenby,1,0,,,,,,,,,
947317,2016,2016-07-22,Sophia Gardens,2,0.6,Glamorgan,Somerset,MA Wallace,DL Lloyd,J Allenby,0,1,1,,,,,,,,
947317,2016,2016-07-22,Sophia Gardens,2,0.7,Glamorgan,Somerset,MA Wallace,DL Lloyd,J Allenby,0,0,,,,,,,,,
947317,2016,2016-07-22,Sophia Gardens,2,1.1,Glamorgan,Somerset,DL Lloyd,MA Wallace,PA van Meekeren,0,0,,,,,,,,,
947317,2016,2016-07-22,Sophia Gardens,2,1.2,Glamorgan,Somerset,DL Lloyd,MA Wallace,PA van Meekeren,0,0,,,,,,,,,
947317,2016,2016-07-22,Sophia Gardens,2,1.3,Glamorgan,Somerset,DL Lloyd,MA Wallace,PA van Meekeren,1,0,,,,,,,,,
947317,2016,2016-07-22,Sophia Gardens,2,1.4,Glamorgan,Somerset,MA Wallace,DL Lloyd,PA van Meekeren,0,0,,,,,,,,,
947317,2016,2016-07-22,Sophia Gardens,2,1.5,Glamorgan,Somerset,MA Wallace,DL Lloyd,PA van Meekeren,4,0,,,,,,,,,
947317,2016,2016-07-22,Sophia Gardens,2,1.6,Glamorgan,Somerset,MA Wallace,DL Lloyd,PA van Meekeren,2,0,,,,,,,,,
947317,2016,2016-07-22,Sophia Gardens,2,2.1,Glamorgan,Somerset,DL Lloyd,MA Wallace,L Gregory,0,0,,,,,,,,,
947317,2016,2016-07-22,Sophia Gardens,2,2.2,Glamorgan,Somerset,DL Lloyd,MA Wallace,L Gregory,2,0,,,,,,,,,
947317,2016,2016-07-22,Sophia Gardens,2,2.3,Glamorgan,Somerset,DL Lloyd,MA Wallace,L Gregory,1,0,,,,,,,,,
947317,2016,2016-07-22,Sophia Gardens,2,2.4,Glamorgan,Somerset,MA Wallace,DL Lloyd,L Gregory,0,0,,,,,,,,,
947317,2016,2016-07-22,Sophia Gardens,2,2.5,Glamorgan,Somerset,MA Wallace,DL Lloyd,L Gregory,1,0,,,,,,,,,
947317,2016,2016-07-22,Sophia Gardens,2,2.6,Glamorgan,Somerset,DL Lloyd,MA Wallace,L Gregory,1,0,,,,,,,,,
947317,2016,2016-07-22,Sophia Gardens,2,3.1,Glamorgan,Somerset,DL Lloyd,MA Wallace,PA van Meekeren,4,0,,,,,,,,,
947317,2016,2016-07-22,Sophia Gardens,2,3.2,Glamorgan,Somerset,DL Lloyd,MA Wallace,PA van Meekeren,1,0,,,,,,,,,
947317,2016,2016-07-22,Sophia Gardens,2,3.3,Glamorgan,Somerset,MA Wallace,DL Lloyd,PA van Meekeren,4,0,,,,,,,,,
947317,2016,2016-07-22,Sophia Gardens,2,3.4,Glamorgan,Somerset,MA Wallace,DL Lloyd,PA van Meekeren,4,0,,,,,,,,,
947317,2016,2016-07-22,Sophia Gardens,2,3.5,Glamorgan,Somerset,MA Wallace,DL Lloyd,PA van Meekeren,4,0,,,,,,,,,
947317,2016,2016-07-22,Sophia Gardens,2,3.6,Glamorgan,Somerset,MA Wallace,DL Lloyd,PA van Meekeren,0,0,,,,,,caught,MA Wallace,,
947317,2016,2016-07-22,Sophia Gardens,2,4.1,Glamorgan,Somerset,CA Ingram,DL Lloyd,JH Davey,1,0,,,,,,,,,
947317,2016,2016-07-22,Sophia Gardens,2,4.2,Glamorgan,Somerset,DL Lloyd,CA Ingram,JH Davey,1,0,,,,,,,,,
947317,2016,2016-07-22,Sophia Gardens,2,4.3,Glamorgan,Somerset,CA Ingram,DL Lloyd,JH Davey,0,0,,,,,,,,,
947317,2016,2016-07-22,Sophia Gardens,2,4.4,Glamorgan,Somerset,CA Ingram,DL Lloyd,JH Davey,0,0,,,,,,,,,
947317,2016,2016-07-22,Sophia Gardens,2,4.5,Glamorgan,Somerset,CA Ingram,DL Lloyd,JH Davey,6,0,,,,,,,,,
947317,2016,2016-07-22,Sophia Gardens,2,4.6,Glamorgan,Somerset,CA Ingram,DL Lloyd,JH Davey,0,0,,,,,,,,,
947317,2016,2016-07-22,Sophia Gardens,2,5.1,Glamorgan,Somerset,DL Lloyd,CA Ingram,PA van Meekeren,4,0,,,,,,,,,
947317,2016,2016-07-22,Sophia Gardens,2,5.2,Glamorgan,Somerset,DL Lloyd,CA Ingram,PA van Meekeren,0,0,,,,,,,,,
947317,2016,2016-07-22,Sophia Gardens,2,5.3,Glamorgan,Somerset,DL Lloyd,CA Ingram,PA van Meekeren,4,0,,,,,,,,,
947317,2016,2016-07-22,Sophia Gardens,2,5.4,Glamorgan,Somerset,DL Lloyd,CA Ingram,PA van Meekeren,0,0,,,,,,,,,
947317,2016,2016-07-22,Sophia Gardens,2,5.5,Glamorgan,Somerset,DL Lloyd,CA Ingram,PA van Meekeren,4,0,,,,,,,,,
947317,2016,2016-07-22,Sophia Gardens,2,5.6,Glamorgan,Somerset,DL Lloyd,CA Ingram,PA van Meekeren,0,0,,,,,,,,,
947317,2016,2016-07-22,Sophia Gardens,2,6.1,Glamorgan,Somerset,CA Ingram,DL Lloyd,JH Davey,1,0,,,,,,,,,
947317,2016,2016-07-22,Sophia Gardens,2,6.2,Glamorgan,Somerset,DL Lloyd,CA Ingram,JH Davey,1,0,,,,,,,,,
947317,2016,2016-07-22,Sophia Gardens,2,6.3,Glamorgan,Somerset,CA Ingram,DL Lloyd,JH Davey,4,0,,,,,,,,,
947317,2016,2016-07-22,Sophia Gardens,2,6.4,Glamorgan,Somerset,CA Ingram,DL Lloyd,JH Davey,1,0,,,,,,,,,
947317,2016,2016-07-22,Sophia Gardens,2,6.5,Glamorgan,Somerset,DL Lloyd,CA Ingram,JH Davey,0,0,,,,,,,,,
947317,2016,2016-07-22,Sophia Gardens,2,6.6,Glamorgan,Somerset,DL Lloyd,CA Ingram,JH Davey,1,0,,,,,,,,,
947317,2016,2016-07-22,Sophia Gardens,2,7.1,Glamorgan,Somerset,DL Lloyd,CA Ingram,MTC Waller,1,0,,,,,,,,,
947317,2016,2016-07-22,Sophia Gardens,2,7.2,Glamorgan,Somerset,CA Ingram,DL Lloyd,MTC Waller,1,0,,,,,,,,,
947317,2016,2016-07-22,Sophia Gardens,2,7.3,Glamorgan,Somerset,DL Lloyd,CA Ingram,MTC Waller,0,0,,,,,,,,,
947317,2016,2016-07-22,Sophia Gardens,2,7.4,Glamorgan,Somerset,DL Lloyd,CA Ingram,MTC Waller,0,0,,,,,,bowled,DL Lloyd,,
947317,2016,2016-07-22,Sophia Gardens,2,7.5,Glamorgan,Somerset,AHT Donald,CA Ingram,MTC Waller,1,0,,,,,,,,,
947317,2016,2016-07-22,Sophia Gardens,2,7.6,Glamorgan,Somerset,CA Ingram,AHT Donald,MTC Waller,1,0,,,,,,,,,
947317,2016,2016-07-22,Sophia Gardens,2,8.1,Glamorgan,Somerset,CA Ingram,AHT Donald,RE van der Merwe,1,0,,,,,,,,,
947317,2016,2016-07-22,Sophia Gardens,2,8.2,Glamorgan,Somerset,AHT Donald,CA Ingram,RE van der Merwe,0,0,,,,,,,,,
947317,2016,2016-07-22,Sophia Gardens,2,8.3,Glamorgan,Somerset,AHT Donald,CA Ingram,RE van der Merwe,1,0,,,,,,,,,
947317,2016,2016-07-22,Sophia Gardens,2,8.4,Glamorgan,Somerset,CA Ingram,AHT Donald,RE van der Merwe,1,0,,,,,,,,,
947317,2016,2016-07-22,Sophia Gardens,2,8.5,Glamorgan,Somerset,AHT Donald,CA Ingram,RE van der Merwe,4,0,,,,,,,,,
947317,2016,2016-07-22,Sophia Gardens,2,8.6,Glamorgan,Somerset,AHT Donald,CA Ingram,RE van der Merwe,1,0,,,,,,,,,
947317,2016,2016-07-22,Sophia Gardens,2,9.1,Glamorgan,Somerset,AHT Donald,CA Ingram,MTC Waller,0,0,,,,,,,,,
947317,2016,2016-07-22,Sophia Gardens,2,9.2,Glamorgan,Somerset,AHT Donald,CA Ingram,MTC Waller,1,0,,,,,,,,,
947317,2016,2016-07-22,Sophia Gardens,2,9.3,Glamorgan,Somerset,CA Ingram,AHT Donald,MTC Waller,0,0,,,,,,,,,
947317,2016,2016-07-22,Sophia Gardens,2,9.4,Glamorgan,Somerset,CA Ingram,AHT Donald,MTC Waller,1,0,,,,,,,,,
947317,2016,2016-07-22,Sophia Gardens,2,9.5,Glamorgan,Somerset,AHT Donald,CA Ingram,MTC Waller,0,0,,,,,,,,,
947317,2016,2016-07-22,Sophia Gardens,2,9.6,Glamorgan,Somerset,AHT Donald,CA Ingram,MTC Waller,1,0,,,,,,,,,
947317,2016,2016-07-22,Sophia Gardens,2,10.1,Glamorgan,Somerset,AHT Donald,CA Ingram,L Gregory,1,0,,,,,,,,,
947317,2016,2016-07-22,Sophia Gardens,2,10.2,Glamorgan,Somerset,CA Ingram,AHT Donald,L Gregory,2,0,,,,,,,,,
947317,2016,2016-07-22,Sophia Gardens,2,10.3,Glamorgan,Somerset,CA Ingram,AHT Donald,L Gregory,4,0,,,,,,,,,
947317,2016,2016-07-22,Sophia Gardens,2,10.4,Glamorgan,Somerset,CA Ingram,AHT Donald,L Gregory,0,0,,,,,,,,,
947317,2016,2016-07-22,Sophia Gardens,2,10.5,Glamorgan,Somerset,CA Ingram,AHT Donald,L Gregory,4,0,,,,,,,,,
947317,2016,2016-07-22,Sophia Gardens,2,10.6,Glamorgan,Somerset,CA Ingram,AHT Donald,L Gregory,1,0,,,,,,,,,
947317,2016,2016-07-22,Sophia Gardens,2,11.1,Glamorgan,Somerset,CA Ingram,AHT Donald,RE van der Merwe,1,0,,,,,,,,,
947317,2016,2016-07-22,Sophia Gardens,2,11.2,Glamorgan,Somerset,AHT Donald,CA Ingram,RE van der Merwe,1,0,,,,,,,,,
947317,2016,2016-07-22,Sophia Gardens,2,11.3,Glamorgan,Somerset,CA Ingram,AHT Donald,RE van der Merwe,1,0,,,,,,,,,
947317,2016,2016-07-22,Sophia Gardens,2,11.4,Glamorgan,Somerset,AHT Donald,CA Ingram,RE van der Merwe,0,1,,,,1,,,,,
947317,2016,2016-07-22,Sophia Gardens,2,11.5,Glamorgan,Somerset,CA Ingram,AHT Donald,RE van der Merwe,6,0,,,,,,,,,
947317,2016,2016-07-22,Sophia Gardens,2,11.6,Glamorgan,Somerset,CA Ingram,AHT Donald,RE van der Merwe,1,0,,,,,,,,,
947317,2016,2016-07-22,Sophia Gardens,2,12.1,Glamorgan,Somerset,CA Ingram,AHT Donald,JH Davey,1,0,,,,,,,,,
947317,2016,2016-07-22,Sophia Gardens,2,12.2,Glamorgan,Somerset,AHT Donald,CA Ingram,JH Davey,1,0,,,,,,,,,
947317,2016,2016-07-22,Sophia Gardens,2,12.3,Glamorgan,Somerset,CA Ingram,AHT Donald,JH Davey,0,0,,,,,,,,,
947317,2016,2016-07-22,Sophia Gardens,2,12.4,Glamorgan,Somerset,CA Ingram,AHT Donald,JH Davey,4,0,,,,,,,,,
947317,2016,2016-07-22,Sophia Gardens,2,12.5,Glamorgan,Somerset,CA Ingram,AHT Donald,JH Davey,1,0,,,,,,,,,
947317,2016,2016-07-22,Sophia Gardens,2,12.6,Glamorgan,Somerset,AHT Donald,CA Ingram,JH Davey,2,0,,,,,,,,,
947317,2016,2016-07-22,Sophia Gardens,2,13.1,Glamorgan,Somerset,CA Ingram,AHT Donald,MTC Waller,1,0,,,,,,,,,
947317,2016,2016-07-22,Sophia Gardens,2,13.2,Glamorgan,Somerset,AHT Donald,CA Ingram,MTC Waller,4,0,,,,,,,,,
947317,2016,2016-07-22,Sophia Gardens,2,13.3,Glamorgan,Somerset,AHT Donald,CA Ingram,MTC Waller,1,0,,,,,,,,,
947317,2016,2016-07-22,Sophia Gardens,2,13.4,Glamorgan,Somerset,CA Ingram,AHT Donald,MTC Waller,0,0,,,,,,,,,
947317,2016,2016-07-22,Sophia Gardens,2,13.5,Glamorgan,Somerset,CA Ingram,AHT Donald,MTC Waller,1,0,,,,,,,,,
947317,2016,2016-07-22,Sophia Gardens,2,13.6,Glamorgan,Somerset,AHT Donald,CA Ingram,MTC Waller,6,0,,,,,,,,,
947317,2016,2016-07-22,Sophia Gardens,2,14.1,Glamorgan,Somerset,CA Ingram,AHT Donald,PA van Meekeren,1,0,,,,,,,,,
947317,2016,2016-07-22,Sophia Gardens,2,14.2,Glamorgan,Somerset,AHT Donald,CA Ingram,PA van Meekeren,1,0,,,,,,,,,
947317,2016,2016-07-22,Sophia Gardens,2,14.3,Glamorgan,Somerset,CA Ingram,AHT Donald,PA van Meekeren,4,0,,,,,,,,,
947317,2016,2016-07-22,Sophia Gardens,2,14.4,Glamorgan,Somerset,CA Ingram,AHT Donald,PA van Meekeren,1,0,,,,,,,,,
947317,2016,2016-07-22,Sophia Gardens,2,14.5,Glamorgan,Somerset,AHT Donald,CA Ingram,PA van Meekeren,0,0,,,,,,,,,
947317,2016,2016-07-22,Sophia Gardens,2,14.6,Glamorgan,Somerset,AHT Donald,CA Ingram,PA van Meekeren,2,0,,,,,,,,,
947317,2016,2016-07-22,Sophia Gardens,2,15.1,Glamorgan,Somerset,CA Ingram,AHT Donald,RE van der Merwe,1,0,,,,,,,,,
947317,2016,2016-07-22,Sophia Gardens,2,15.2,Glamorgan,Somerset,AHT Donald,CA Ingram,RE van der Merwe,1,0,,,,,,,,,
947317,2016,2016-07-22,Sophia Gardens,2,15.3,Glamorgan,Somerset,CA Ingram,AHT Donald,RE van der Merwe,0,0,,,,,,,,,
947317,2016,2016-07-22,Sophia Gardens,2,15.4,Glamorgan,Somerset,CA Ingram,AHT Donald,RE van der Merwe,1,0,,,,,,,,,
947317,2016,2016-07-22,Sophia Gardens,2,15.5,Glamorgan,Somerset,AHT Donald,CA Ingram,RE van der Merwe,0,0,,,,,,,,,
947317,2016,2016-07-22,Sophia Gardens,2,15.6,Glamorgan,Somerset,AHT Donald,CA Ingram,RE van der Merwe,1,0,,,,,,,,,
947317,2016,2016-07-22,Sophia Gardens,2,16.1,Glamorgan,Somerset,AHT Donald,CA Ingram,PD Trego,4,0,,,,,,,,,
947317,2016,2016-07-22,Sophia Gardens,2,16.2,Glamorgan,Somerset,AHT Donald,CA Ingram,PD Trego,1,0,,,,,,,,,
947317,2016,2016-07-22,Sophia Gardens,2,16.3,Glamorgan,Somerset,CA Ingram,AHT Donald,PD Trego,0,0,,,,,,caught,CA Ingram,,
947317,2016,2016-07-22,Sophia Gardens,2,16.4,Glamorgan,Somerset,JA Rudolph,AHT Donald,PD Trego,2,0,,,,,,,,,
947317,2016,2016-07-22,Sophia Gardens,2,16.5,Glamorgan,Somerset,JA Rudolph,AHT Donald,PD Trego,0,0,,,,,,,,,
947317,2016,2016-07-22,Sophia Gardens,2,16.6,Glamorgan,Somerset,JA Rudolph,AHT Donald,PD Trego,1,0,,,,,,,,,
947317,2016,2016-07-22,Sophia Gardens,2,17.1,Glamorgan,Somerset,JA Rudolph,AHT Donald,RE van der Merwe,1,0,,,,,,,,,
947317,2016,2016-07-22,Sophia Gardens,2,17.2,Glamorgan,Somerset,AHT Donald,JA Rudolph,RE van der Merwe,4,0,,,,,,,,,
947317,2016,2016-07-22,Sophia Gardens,2,17.3,Glamorgan,Somerset,AHT Donald,JA Rudolph,RE van der Merwe,0,0,,,,,,,,,
947317,2016,2016-07-22,Sophia Gardens,2,17.4,Glamorgan,Somerset,AHT Donald,JA Rudolph,RE van der Merwe,4,0,,,,,,,,,
947317,2016,2016-07-22,Sophia Gardens,2,17.5,Glamorgan,Somerset,AHT Donald,JA Rudolph,RE van der Merwe,1,0,,,,,,,,,
947317,2016,2016-07-22,Sophia Gardens,2,17.6,Glamorgan,Somerset,JA Rudolph,AHT Donald,RE van der Merwe,4,0,,,,,,,,,
