match_id,season,start_date,venue,innings,ball,batting_team,bowling_team,striker,non_striker,bowler,runs_off_bat,extras,wides,noballs,byes,legbyes,penalty,wicket_type,player_dismissed,other_wicket_type,other_player_dismissed
1238765,2020/21,2020-12-07,"Mahinda Rajapaksa International Cricket Stadium, Sooriyawewa, Hambantota",1,0.1,Colombo Kings,Galle Gladiators,LD Chandimal,LJ Evans,Mohammad Amir,3,0,,,,,,,,,
1238765,2020/21,2020-12-07,"Mahinda Rajapaksa International Cricket Stadium, Sooriyawewa, Hambantota",1,0.2,Colombo Kings,Galle Gladiators,LJ Evans,LD Chandimal,Mohammad Amir,0,0,,,,,,,,,
1238765,2020/21,2020-12-07,"Mahinda Rajapaksa International Cricket Stadium, Sooriyawewa, Hambantota",1,0.3,Colombo Kings,Galle Gladiators,LJ Evans,LD Chandimal,Mohammad Amir,4,0,,,,,,,,,
1238765,2020/21,2020-12-07,"Mahinda Rajapaksa International Cricket Stadium, Sooriyawewa, Hambantota",1,0.4,Colombo Kings,Galle Gladiators,LJ Evans,LD Chandimal,Mohammad Amir,1,0,,,,,,,,,
1238765,2020/21,2020-12-07,"Mahinda Rajapaksa International Cricket Stadium, Sooriyawewa, Hambantota",1,0.5,Colombo Kings,Galle Gladiators,LD Chandimal,LJ Evans,Mohammad Amir,4,0,,,,,,,,,
1238765,2020/21,2020-12-07,"Mahinda Rajapaksa International Cricket Stadium, Sooriyawewa, Hambantota",1,0.6,Colombo Kings,Galle Gladiators,LD Chandimal,LJ Evans,Mohammad Amir,0,0,,,,,,,,,
1238765,2020/21,2020-12-07,"Mahinda Rajapaksa International Cricket Stadium, Sooriyawewa, Hambantota",1,1.1,Colombo Kings,Galle Gladiators,LJ Evans,LD Chandimal,N Thushara,1,0,,,,,,,,,
1238765,2020/21,2020-12-07,"Mahinda Rajapaksa International Cricket Stadium, Sooriyawewa, Hambantota",1,1.2,Colombo Kings,Galle Gladiators,LD Chandimal,LJ Evans,N Thushara,1,0,,,,,,,,,
1238765,2020/21,2020-12-07,"Mahinda Rajapaksa International Cricket Stadium, Sooriyawewa, Hambantota",1,1.3,Colombo Kings,Galle Gladiators,LJ Evans,LD Chandimal,N Thushara,0,0,,,,,,,,,
1238765,2020/21,2020-12-07,"Mahinda Rajapaksa International Cricket Stadium, Sooriyawewa, Hambantota",1,1.4,Colombo Kings,Galle Gladiators,LJ Evans,LD Chandimal,N Thushara,1,0,,,,,,,,,
1238765,2020/21,2020-12-07,"Mahinda Rajapaksa International Cricket Stadium, Sooriyawewa, Hambantota",1,1.5,Colombo Kings,Galle Gladiators,LD Chandimal,LJ Evans,N Thushara,4,0,,,,,,,,,
1238765,2020/21,2020-12-07,"Mahinda Rajapaksa International Cricket Stadium, Sooriyawewa, Hambantota",1,1.6,Colombo Kings,Galle Gladiators,LD Chandimal,LJ Evans,N Thushara,0,0,,,,,,,,,
1238765,2020/21,2020-12-07,"Mahinda Rajapaksa International Cricket Stadium, Sooriyawewa, Hambantota",1,2.1,Colombo Kings,Galle Gladiators,LJ Evans,LD Chandimal,D Lakshan,0,0,,,,,,lbw,LJ Evans,,
1238765,2020/21,2020-12-07,"Mahinda Rajapaksa International Cricket Stadium, Sooriyawewa, Hambantota",1,2.2,Colombo Kings,Galle Gladiators,DJ Bell-Drummond,LD Chandimal,D Lakshan,1,0,,,,,,,,,
1238765,2020/21,2020-12-07,"Mahinda Rajapaksa International Cricket Stadium, Sooriyawewa, Hambantota",1,2.3,Colombo Kings,Galle Gladiators,LD Chandimal,DJ Bell-Drummond,D Lakshan,0,0,,,,,,,,,
1238765,2020/21,2020-12-07,"Mahinda Rajapaksa International Cricket Stadium, Sooriyawewa, Hambantota",1,2.4,Colombo Kings,Galle Gladiators,LD Chandimal,DJ Bell-Drummond,D Lakshan,0,0,,,,,,,,,
1238765,2020/21,2020-12-07,"Mahinda Rajapaksa International Cricket Stadium, Sooriyawewa, Hambantota",1,2.5,Colombo Kings,Galle Gladiators,LD Chandimal,DJ Bell-Drummond,D Lakshan,0,0,,,,,,,,,
1238765,2020/21,2020-12-07,"Mahinda Rajapaksa International Cricket Stadium, Sooriyawewa, Hambantota",1,2.6,Colombo Kings,Galle Gladiators,LD Chandimal,DJ Bell-Drummond,D Lakshan,0,0,,,,,,,,,
1238765,2020/21,2020-12-07,"Mahinda Rajapaksa International Cricket Stadium, Sooriyawewa, Hambantota",1,3.1,Colombo Kings,Galle Gladiators,DJ Bell-Drummond,LD Chandimal,N Thushara,0,0,,,,,,,,,
1238765,2020/21,2020-12-07,"Mahinda Rajapaksa International Cricket Stadium, Sooriyawewa, Hambantota",1,3.2,Colombo Kings,Galle Gladiators,DJ Bell-Drummond,LD Chandimal,N Thushara,0,0,,,,,,,,,
1238765,2020/21,2020-12-07,"Mahinda Rajapaksa International Cricket Stadium, Sooriyawewa, Hambantota",1,3.3,Colombo Kings,Galle Gladiators,DJ Bell-Drummond,LD Chandimal,N Thushara,1,0,,,,,,,,,
1238765,2020/21,2020-12-07,"Mahinda Rajapaksa International Cricket Stadium, Sooriyawewa, Hambantota",1,3.4,Colombo Kings,Galle Gladiators,LD Chandimal,DJ Bell-Drummond,N Thushara,0,0,,,,,,,,,
1238765,2020/21,2020-12-07,"Mahinda Rajapaksa International Cricket Stadium, Sooriyawewa, Hambantota",1,3.5,Colombo Kings,Galle Gladiators,LD Chandimal,DJ Bell-Drummond,N Thushara,4,0,,,,,,,,,
1238765,2020/21,2020-12-07,"Mahinda Rajapaksa International Cricket Stadium, Sooriyawewa, Hambantota",1,3.6,Colombo Kings,Galle Gladiators,LD Chandimal,DJ Bell-Drummond,N Thushara,1,0,,,,,,,,,
1238765,2020/21,2020-12-07,"Mahinda Rajapaksa International Cricket Stadium, Sooriyawewa, Hambantota",1,4.1,Colombo Kings,Galle Gladiators,LD Chandimal,DJ Bell-Drummond,D Lakshan,4,0,,,,,,,,,
1238765,2020/21,2020-12-07,"Mahinda Rajapaksa International Cricket Stadium, Sooriyawewa, Hambantota",1,4.2,Colombo Kings,Galle Gladiators,LD Chandimal,DJ Bell-Drummond,D Lakshan,1,0,,,,,,,,,
1238765,2020/21,2020-12-07,"Mahinda Rajapaksa International Cricket Stadium, Sooriyawewa, Hambantota",1,4.3,Colombo Kings,Galle Gladiators,DJ Bell-Drummond,LD Chandimal,D Lakshan,1,0,,,,,,,,,
1238765,2020/21,2020-12-07,"Mahinda Rajapaksa International Cricket Stadium, Sooriyawewa, Hambantota",1,4.4,Colombo Kings,Galle Gladiators,LD Chandimal,DJ Bell-Drummond,D Lakshan,6,0,,,,,,,,,
1238765,2020/21,2020-12-07,"Mahinda Rajapaksa International Cricket Stadium, Sooriyawewa, Hambantota",1,4.5,Colombo Kings,Galle Gladiators,LD Chandimal,DJ Bell-Drummond,D Lakshan,6,0,,,,,,,,,
1238765,2020/21,2020-12-07,"Mahinda Rajapaksa International Cricket Stadium, Sooriyawewa, Hambantota",1,4.6,Colombo Kings,Galle Gladiators,LD Chandimal,DJ Bell-Drummond,D Lakshan,1,0,,,,,,,,,
1238765,2020/21,2020-12-07,"Mahinda Rajapaksa International Cricket Stadium, Sooriyawewa, Hambantota",1,5.1,Colombo Kings,Galle Gladiators,LD Chandimal,DJ Bell-Drummond,Mohammad Amir,0,0,,,,,,,,,
1238765,2020/21,2020-12-07,"Mahinda Rajapaksa International Cricket Stadium, Sooriyawewa, Hambantota",1,5.2,Colombo Kings,Galle Gladiators,LD Chandimal,DJ Bell-Drummond,Mohammad Amir,0,0,,,,,,caught,LD Chandimal,,
1238765,2020/21,2020-12-07,"Mahinda Rajapaksa International Cricket Stadium, Sooriyawewa, Hambantota",1,5.3,Colombo Kings,Galle Gladiators,AD Mathews,DJ Bell-Drummond,Mohammad Amir,1,0,,,,,,,,,
1238765,2020/21,2020-12-07,"Mahinda Rajapaksa International Cricket Stadium, Sooriyawewa, Hambantota",1,5.4,Colombo Kings,Galle Gladiators,DJ Bell-Drummond,AD Mathews,Mohammad Amir,0,0,,,,,,,,,
1238765,2020/21,2020-12-07,"Mahinda Rajapaksa International Cricket Stadium, Sooriyawewa, Hambantota",1,5.5,Colombo Kings,Galle Gladiators,DJ Bell-Drummond,AD Mathews,Mohammad Amir,0,0,,,,,,,,,
1238765,2020/21,2020-12-07,"Mahinda Rajapaksa International Cricket Stadium, Sooriyawewa, Hambantota",1,5.6,Colombo Kings,Galle Gladiators,DJ Bell-Drummond,AD Mathews,Mohammad Amir,0,0,,,,,,,,,
1238765,2020/21,2020-12-07,"Mahinda Rajapaksa International Cricket Stadium, Sooriyawewa, Hambantota",1,6.1,Colombo Kings,Galle Gladiators,AD Mathews,DJ Bell-Drummond,PADLR Sandakan,1,0,,,,,,,,,
1238765,2020/21,2020-12-07,"Mahinda Rajapaksa International Cricket Stadium, Sooriyawewa, Hambantota",1,6.2,Colombo Kings,Galle Gladiators,DJ Bell-Drummond,AD Mathews,PADLR Sandakan,2,0,,,,,,,,,
1238765,2020/21,2020-12-07,"Mahinda Rajapaksa International Cricket Stadium, Sooriyawewa, Hambantota",1,6.3,Colombo Kings,Galle Gladiators,DJ Bell-Drummond,AD Mathews,PADLR Sandakan,0,1,1,,,,,,,,
1238765,2020/21,2020-12-07,"Mahinda Rajapaksa International Cricket Stadium, Sooriyawewa, Hambantota",1,6.4,Colombo Kings,Galle Gladiators,DJ Bell-Drummond,AD Mathews,PADLR Sandakan,3,0,,,,,,,,,
1238765,2020/21,2020-12-07,"Mahinda Rajapaksa International Cricket Stadium, Sooriyawewa, Hambantota",1,6.5,Colombo Kings,Galle Gladiators,AD Mathews,DJ Bell-Drummond,PADLR Sandakan,4,0,,,,,,,,,
1238765,2020/21,2020-12-07,"Mahinda Rajapaksa International Cricket Stadium, Sooriyawewa, Hambantota",1,6.6,Colombo Kings,Galle Gladiators,AD Mathews,DJ Bell-Drummond,PADLR Sandakan,1,0,,,,,,,,,
1238765,2020/21,2020-12-07,"Mahinda Rajapaksa International Cricket Stadium, Sooriyawewa, Hambantota",1,6.7,Colombo Kings,Galle Gladiators,DJ Bell-Drummond,AD Mathews,PADLR Sandakan,0,0,,,,,,,,,
1238765,2020/21,2020-12-07,"Mahinda Rajapaksa International Cricket Stadium, Sooriyawewa, Hambantota",1,7.1,Colombo Kings,Galle Gladiators,AD Mathews,DJ Bell-Drummond,PBB Rajapaksa,1,0,,,,,,,,,
1238765,2020/21,2020-12-07,"Mahinda Rajapaksa International Cricket Stadium, Sooriyawewa, Hambantota",1,7.2,Colombo Kings,Galle Gladiators,DJ Bell-Drummond,AD Mathews,PBB Rajapaksa,1,0,,,,,,,,,
1238765,2020/21,2020-12-07,"Mahinda Rajapaksa International Cricket Stadium, Sooriyawewa, Hambantota",1,7.3,Colombo Kings,Galle Gladiators,AD Mathews,DJ Bell-Drummond,PBB Rajapaksa,1,0,,,,,,,,,
1238765,2020/21,2020-12-07,"Mahinda Rajapaksa International Cricket Stadium, Sooriyawewa, Hambantota",1,7.4,Colombo Kings,Galle Gladiators,DJ Bell-Drummond,AD Mathews,PBB Rajapaksa,4,0,,,,,,,,,
1238765,2020/21,2020-12-07,"Mahinda Rajapaksa International Cricket Stadium, Sooriyawewa, Hambantota",1,7.5,Colombo Kings,Galle Gladiators,DJ Bell-Drummond,AD Mathews,PBB Rajapaksa,1,0,,,,,,,,,
1238765,2020/21,2020-12-07,"Mahinda Rajapaksa International Cricket Stadium, Sooriyawewa, Hambantota",1,7.6,Colombo Kings,Galle Gladiators,AD Mathews,DJ Bell-Drummond,PBB Rajapaksa,1,0,,,,,,,,,
1238765,2020/21,2020-12-07,"Mahinda Rajapaksa International Cricket Stadium, Sooriyawewa, Hambantota",1,8.1,Colombo Kings,Galle Gladiators,AD Mathews,DJ Bell-Drummond,PADLR Sandakan,1,0,,,,,,,,,
1238765,2020/21,2020-12-07,"Mahinda Rajapaksa International Cricket Stadium, Sooriyawewa, Hambantota",1,8.2,Colombo Kings,Galle Gladiators,DJ Bell-Drummond,AD Mathews,PADLR Sandakan,1,0,,,,,,,,,
1238765,2020/21,2020-12-07,"Mahinda Rajapaksa International Cricket Stadium, Sooriyawewa, Hambantota",1,8.3,Colombo Kings,Galle Gladiators,AD Mathews,DJ Bell-Drummond,PADLR Sandakan,0,0,,,,,,caught,AD Mathews,,
1238765,2020/21,2020-12-07,"Mahinda Rajapaksa International Cricket Stadium, Sooriyawewa, Hambantota",1,8.4,Colombo Kings,Galle Gladiators,SMA Priyanjan,DJ Bell-Drummond,PADLR Sandakan,1,0,,,,,,,,,
1238765,2020/21,2020-12-07,"Mahinda Rajapaksa International Cricket Stadium, Sooriyawewa, Hambantota",1,8.5,Colombo Kings,Galle Gladiators,DJ Bell-Drummond,SMA Priyanjan,PADLR Sandakan,0,0,,,,,,,,,
1238765,2020/21,2020-12-07,"Mahinda Rajapaksa International Cricket Stadium, Sooriyawewa, Hambantota",1,8.6,Colombo Kings,Galle Gladiators,DJ Bell-Drummond,SMA Priyanjan,PADLR Sandakan,0,0,,,,,,,,,
1238765,2020/21,2020-12-07,"Mahinda Rajapaksa International Cricket Stadium, Sooriyawewa, Hambantota",1,9.1,Colombo Kings,Galle Gladiators,SMA Priyanjan,DJ Bell-Drummond,PBB Rajapaksa,1,0,,,,,,,,,
1238765,2020/21,2020-12-07,"Mahinda Rajapaksa International Cricket Stadium, Sooriyawewa, Hambantota",1,9.2,Colombo Kings,Galle Gladiators,DJ Bell-Drummond,SMA Priyanjan,PBB Rajapaksa,6,0,,,,,,,,,
1238765,2020/21,2020-12-07,"Mahinda Rajapaksa International Cricket Stadium, Sooriyawewa, Hambantota",1,9.3,Colombo Kings,Galle Gladiators,DJ Bell-Drummond,SMA Priyanjan,PBB Rajapaksa,1,0,,,,,,,,,
1238765,2020/21,2020-12-07,"Mahinda Rajapaksa International Cricket Stadium, Sooriyawewa, Hambantota",1,9.4,Colombo Kings,Galle Gladiators,SMA Priyanjan,DJ Bell-Drummond,PBB Rajapaksa,0,0,,,,,,,,,
1238765,2020/21,2020-12-07,"Mahinda Rajapaksa International Cricket Stadium, Sooriyawewa, Hambantota",1,9.5,Colombo Kings,Galle Gladiators,SMA Priyanjan,DJ Bell-Drummond,PBB Rajapaksa,1,0,,,,,,,,,
1238765,2020/21,2020-12-07,"Mahinda Rajapaksa International Cricket Stadium, Sooriyawewa, Hambantota",1,9.6,Colombo Kings,Galle Gladiators,DJ Bell-Drummond,SMA Priyanjan,PBB Rajapaksa,4,0,,,,,,,,,
1238765,2020/21,2020-12-07,"Mahinda Rajapaksa International Cricket Stadium, Sooriyawewa, Hambantota",1,10.1,Colombo Kings,Galle Gladiators,SMA Priyanjan,DJ Bell-Drummond,PADLR Sandakan,1,0,,,,,,,,,
1238765,2020/21,2020-12-07,"Mahinda Rajapaksa International Cricket Stadium, Sooriyawewa, Hambantota",1,10.2,Colombo Kings,Galle Gladiators,DJ Bell-Drummond,SMA Priyanjan,PADLR Sandakan,1,0,,,,,,,,,
1238765,2020/21,2020-12-07,"Mahinda Rajapaksa International Cricket Stadium, Sooriyawewa, Hambantota",1,10.3,Colombo Kings,Galle Gladiators,SMA Priyanjan,DJ Bell-Drummond,PADLR Sandakan,1,0,,,,,,,,,
1238765,2020/21,2020-12-07,"Mahinda Rajapaksa International Cricket Stadium, Sooriyawewa, Hambantota",1,10.4,Colombo Kings,Galle Gladiators,DJ Bell-Drummond,SMA Priyanjan,PADLR Sandakan,0,1,1,,,,,,,,
1238765,2020/21,2020-12-07,"Mahinda Rajapaksa International Cricket Stadium, Sooriyawewa, Hambantota",1,10.5,Colombo Kings,Galle Gladiators,DJ Bell-Drummond,SMA Priyanjan,PADLR Sandakan,1,0,,,,,,,,,
1238765,2020/21,2020-12-07,"Mahinda Rajapaksa International Cricket Stadium, Sooriyawewa, Hambantota",1,10.6,Colombo Kings,Galle Gladiators,SMA Priyanjan,DJ Bell-Drummond,PADLR Sandakan,0,0,,,,,,caught,SMA Priyanjan,,
1238765,2020/21,2020-12-07,"Mahinda Rajapaksa International Cricket Stadium, Sooriyawewa, Hambantota",1,10.7,Colombo Kings,Galle Gladiators,AD Russell,DJ Bell-Drummond,PADLR Sandakan,0,1,1,,,,,,,,
1238765,2020/21,2020-12-07,"Mahinda Rajapaksa International Cricket Stadium, Sooriyawewa, Hambantota",1,10.8,Colombo Kings,Galle Gladiators,AD Russell,DJ Bell-Drummond,PADLR Sandakan,0,1,1,,,,,,,,
1238765,2020/21,2020-12-07,"Mahinda Rajapaksa International Cricket Stadium, Sooriyawewa, Hambantota",1,10.9,Colombo Kings,Galle Gladiators,AD Russell,DJ Bell-Drummond,PADLR Sandakan,0,0,,,,,,,,,
1238765,2020/21,2020-12-07,"Mahinda Rajapaksa International Cricket Stadium, Sooriyawewa, Hambantota",1,11.1,Colombo Kings,Galle Gladiators,DJ Bell-Drummond,AD Russell,N Thushara,0,0,,,,,,,,,
1238765,2020/21,2020-12-07,"Mahinda Rajapaksa International Cricket Stadium, Sooriyawewa, Hambantota",1,11.2,Colombo Kings,Galle Gladiators,DJ Bell-Drummond,AD Russell,N Thushara,1,0,,,,,,,,,
1238765,2020/21,2020-12-07,"Mahinda Rajapaksa International Cricket Stadium, Sooriyawewa, Hambantota",1,11.3,Colombo Kings,Galle Gladiators,AD Russell,DJ Bell-Drummond,N Thushara,1,0,,,,,,,,,
1238765,2020/21,2020-12-07,"Mahinda Rajapaksa International Cricket Stadium, Sooriyawewa, Hambantota",1,11.4,Colombo Kings,Galle Gladiators,DJ Bell-Drummond,AD Russell,N Thushara,1,0,,,,,,,,,
1238765,2020/21,2020-12-07,"Mahinda Rajapaksa International Cricket Stadium, Sooriyawewa, Hambantota",1,11.5,Colombo Kings,Galle Gladiators,AD Russell,DJ Bell-Drummond,N Thushara,0,0,,,,,,,,,
1238765,2020/21,2020-12-07,"Mahinda Rajapaksa International Cricket Stadium, Sooriyawewa, Hambantota",1,11.6,Colombo Kings,Galle Gladiators,AD Russell,DJ Bell-Drummond,N Thushara,1,0,,,,,,,,,
1238765,2020/21,2020-12-07,"Mahinda Rajapaksa International Cricket Stadium, Sooriyawewa, Hambantota",1,12.1,Colombo Kings,Galle Gladiators,AD Russell,DJ Bell-Drummond,PADLR Sandakan,0,1,1,,,,,,,,
1238765,2020/21,2020-12-07,"Mahinda Rajapaksa International Cricket Stadium, Sooriyawewa, Hambantota",1,12.2,Colombo Kings,Galle Gladiators,AD Russell,DJ Bell-Drummond,PADLR Sandakan,4,0,,,,,,,,,
1238765,2020/21,2020-12-07,"Mahinda Rajapaksa International Cricket Stadium, Sooriyawewa, Hambantota",1,12.3,Colombo Kings,Galle Gladiators,AD Russell,DJ Bell-Drummond,PADLR Sandakan,4,0,,,,,,,,,
1238765,2020/21,2020-12-07,"Mahinda Rajapaksa International Cricket Stadium, Sooriyawewa, Hambantota",1,12.4,Colombo Kings,Galle Gladiators,AD Russell,DJ Bell-Drummond,PADLR Sandakan,1,0,,,,,,,,,
1238765,2020/21,2020-12-07,"Mahinda Rajapaksa International Cricket Stadium, Sooriyawewa, Hambantota",1,12.5,Colombo Kings,Galle Gladiators,DJ Bell-Drummond,AD Russell,PADLR Sandakan,1,0,,,,,,,,,
1238765,2020/21,2020-12-07,"Mahinda Rajapaksa International Cricket Stadium, Sooriyawewa, Hambantota",1,12.6,Colombo Kings,Galle Gladiators,AD Russell,DJ Bell-Drummond,PADLR Sandakan,0,0,,,,,,,,,
1238765,2020/21,2020-12-07,"Mahinda Rajapaksa International Cricket Stadium, Sooriyawewa, Hambantota",1,12.7,Colombo Kings,Galle Gladiators,AD Russell,DJ Bell-Drummond,PADLR Sandakan,0,0,,,,,,caught and bowled,AD Russell,,
1238765,2020/21,2020-12-07,"Mahinda Rajapaksa International Cricket Stadium, Sooriyawewa, Hambantota",1,13.1,Colombo Kings,Galle Gladiators,ST de Silva,DJ Bell-Drummond,D Lakshan,1,0,,,,,,,,,
1238765,2020/21,2020-12-07,"Mahinda Rajapaksa International Cricket Stadium, Sooriyawewa, Hambantota",1,13.2,Colombo Kings,Galle Gladiators,DJ Bell-Drummond,ST de Silva,D Lakshan,1,0,,,,,,,,,
1238765,2020/21,2020-12-07,"Mahinda Rajapaksa International Cricket Stadium, Sooriyawewa, Hambantota",1,13.3,Colombo Kings,Galle Gladiators,ST de Silva,DJ Bell-Drummond,D Lakshan,1,0,,,,,,,,,
1238765,2020/21,2020-12-07,"Mahinda Rajapaksa International Cricket Stadium, Sooriyawewa, Hambantota",1,13.4,Colombo Kings,Galle Gladiators,DJ Bell-Drummond,ST de Silva,D Lakshan,1,0,,,,,,,,,
1238765,2020/21,2020-12-07,"Mahinda Rajapaksa International Cricket Stadium, Sooriyawewa, Hambantota",1,13.5,Colombo Kings,Galle Gladiators,ST de Silva,DJ Bell-Drummond,D Lakshan,1,0,,,,,,,,,
1238765,2020/21,2020-12-07,"Mahinda Rajapaksa International Cricket Stadium, Sooriyawewa, Hambantota",1,13.6,Colombo Kings,Galle Gladiators,DJ Bell-Drummond,ST de Silva,D Lakshan,2,0,,,,,,,,,
1238765,2020/21,2020-12-07,"Mahinda Rajapaksa International Cricket Stadium, Sooriyawewa, Hambantota",1,14.1,Colombo Kings,Galle Gladiators,ST de Silva,DJ Bell-Drummond,GSNFG Jayasuriya,1,0,,,,,,,,,
1238765,2020/21,2020-12-07,"Mahinda Rajapaksa International Cricket Stadium, Sooriyawewa, Hambantota",1,14.2,Colombo Kings,Galle Gladiators,DJ Bell-Drummond,ST de Silva,GSNFG Jayasuriya,1,0,,,,,,,,,
1238765,2020/21,2020-12-07,"Mahinda Rajapaksa International Cricket Stadium, Sooriyawewa, Hambantota",1,14.3,Colombo Kings,Galle Gladiators,ST de Silva,DJ Bell-Drummond,GSNFG Jayasuriya,1,0,,,,,,,,,
1238765,2020/21,2020-12-07,"Mahinda Rajapaksa International Cricket Stadium, Sooriyawewa, Hambantota",1,14.4,Colombo Kings,Galle Gladiators,DJ Bell-Drummond,ST de Silva,GSNFG Jayasuriya,1,0,,,,,,,,,
1238765,2020/21,2020-12-07,"Mahinda Rajapaksa International Cricket Stadium, Sooriyawewa, Hambantota",1,14.5,Colombo Kings,Galle Gladiators,ST de Silva,DJ Bell-Drummond,GSNFG Jayasuriya,1,0,,,,,,,,,
1238765,2020/21,2020-12-07,"Mahinda Rajapaksa International Cricket Stadium, Sooriyawewa, Hambantota",1,14.6,Colombo Kings,Galle Gladiators,DJ Bell-Drummond,ST de Silva,GSNFG Jayasuriya,4,0,,,,,,,,,
1238765,2020/21,2020-12-07,"Mahinda Rajapaksa International Cricket Stadium, Sooriyawewa, Hambantota",1,15.1,Colombo Kings,Galle Gladiators,ST de Silva,DJ Bell-Drummond,D Lakshan,0,0,,,,,,,,,
1238765,2020/21,2020-12-07,"Mahinda Rajapaksa International Cricket Stadium, Sooriyawewa, Hambantota",1,15.2,Colombo Kings,Galle Gladiators,ST de Silva,DJ Bell-Drummond,D Lakshan,4,0,,,,,,,,,
1238765,2020/21,2020-12-07,"Mahinda Rajapaksa International Cricket Stadium, Sooriyawewa, Hambantota",1,15.3,Colombo Kings,Galle Gladiators,ST de Silva,DJ Bell-Drummond,D Lakshan,0,0,,,,,,,,,
1238765,2020/21,2020-12-07,"Mahinda Rajapaksa International Cricket Stadium, Sooriyawewa, Hambantota",1,15.4,Colombo Kings,Galle Gladiators,ST de Silva,DJ Bell-Drummond,D Lakshan,1,0,,,,,,,,,
1238765,2020/21,2020-12-07,"Mahinda Rajapaksa International Cricket Stadium, Sooriyawewa, Hambantota",1,15.5,Colombo Kings,Galle Gladiators,DJ Bell-Drummond,ST de Silva,D Lakshan,1,0,,,,,,,,,
1238765,2020/21,2020-12-07,"Mahinda Rajapaksa International Cricket Stadium, Sooriyawewa, Hambantota",1,15.6,Colombo Kings,Galle Gladiators,ST de Silva,DJ Bell-Drummond,D Lakshan,1,0,,,,,,,,,
1238765,2020/21,2020-12-07,"Mahinda Rajapaksa International Cricket Stadium, Sooriyawewa, Hambantota",1,16.1,Colombo Kings,Galle Gladiators,ST de Silva,DJ Bell-Drummond,GSNFG Jayasuriya,6,0,,,,,,,,,
1238765,2020/21,2020-12-07,"Mahinda Rajapaksa International Cricket Stadium, Sooriyawewa, Hambantota",1,16.2,Colombo Kings,Galle Gladiators,ST de Silva,DJ Bell-Drummond,GSNFG Jayasuriya,1,0,,,,,,,,,
1238765,2020/21,2020-12-07,"Mahinda Rajapaksa International Cricket Stadium, Sooriyawewa, Hambantota",1,16.3,Colombo Kings,Galle Gladiators,DJ Bell-Drummond,ST de Silva,GSNFG Jayasuriya,1,0,,,,,,,,,
1238765,2020/21,2020-12-07,"Mahinda Rajapaksa International Cricket Stadium, Sooriyawewa, Hambantota",1,16.4,Colombo Kings,Galle Gladiators,ST de Silva,DJ Bell-Drummond,GSNFG Jayasuriya,1,0,,,,,,,,,
1238765,2020/21,2020-12-07,"Mahinda Rajapaksa International Cricket Stadium, Sooriyawewa, Hambantota",1,16.5,Colombo Kings,Galle Gladiators,DJ Bell-Drummond,ST de Silva,GSNFG Jayasuriya,1,0,,,,,,,,,
1238765,2020/21,2020-12-07,"Mahinda Rajapaksa International Cricket Stadium, Sooriyawewa, Hambantota",1,16.6,Colombo Kings,Galle Gladiators,ST de Silva,DJ Bell-Drummond,GSNFG Jayasuriya,6,0,,,,,,,,,
1238765,2020/21,2020-12-07,"Mahinda Rajapaksa International Cricket Stadium, Sooriyawewa, Hambantota",1,17.1,Colombo Kings,Galle Gladiators,DJ Bell-Drummond,ST de Silva,Mohammad Amir,0,0,,,,,,caught,DJ Bell-Drummond,,
1238765,2020/21,2020-12-07,"Mahinda Rajapaksa International Cricket Stadium, Sooriyawewa, Hambantota",1,17.2,Colombo Kings,Galle Gladiators,ST de Silva,I Udana,Mohammad Amir,1,0,,,,,,,,,
1238765,2020/21,2020-12-07,"Mahinda Rajapaksa International Cricket Stadium, Sooriyawewa, Hambantota",1,17.3,Colombo Kings,Galle Gladiators,I Udana,ST de Silva,Mohammad Amir,0,0,,,,,,,,,
1238765,2020/21,2020-12-07,"Mahinda Rajapaksa International Cricket Stadium, Sooriyawewa, Hambantota",1,17.4,Colombo Kings,Galle Gladiators,I Udana,ST de Silva,Mohammad Amir,1,0,,,,,,,,,
1238765,2020/21,2020-12-07,"Mahinda Rajapaksa International Cricket Stadium, Sooriyawewa, Hambantota",1,17.5,Colombo Kings,Galle Gladiators,ST de Silva,I Udana,Mohammad Amir,0,0,,,,,,caught,ST de Silva,,
1238765,2020/21,2020-12-07,"Mahinda Rajapaksa International Cricket Stadium, Sooriyawewa, Hambantota",1,17.6,Colombo Kings,Galle Gladiators,I Udana,Qais Ahmad,Mohammad Amir,1,0,,,,,,,,,
1238765,2020/21,2020-12-07,"Mahinda Rajapaksa International Cricket Stadium, Sooriyawewa, Hambantota",1,18.1,Colombo Kings,Galle Gladiators,I Udana,Qais Ahmad,N Thushara,2,0,,,,,,,,,
1238765,2020/21,2020-12-07,"Mahinda Rajapaksa International Cricket Stadium, Sooriyawewa, Hambantota",1,18.2,Colombo Kings,Galle Gladiators,I Udana,Qais Ahmad,N Thushara,0,0,,,,,,,,,
1238765,2020/21,2020-12-07,"Mahinda Rajapaksa International Cricket Stadium, Sooriyawewa, Hambantota",1,18.3,Colombo Kings,Galle Gladiators,I Udana,Qais Ahmad,N Thushara,6,0,,,,,,,,,
1238765,2020/21,2020-12-07,"Mahinda Rajapaksa International Cricket Stadium, Sooriyawewa, Hambantota",1,18.4,Colombo Kings,Galle Gladiators,I Udana,Qais Ahmad,N Thushara,1,0,,,,,,,,,
1238765,2020/21,2020-12-07,"Mahinda Rajapaksa International Cricket Stadium, Sooriyawewa, Hambantota",1,18.5,Colombo Kings,Galle Gladiators,Qais Ahmad,I Udana,N Thushara,1,0,,,,,,,,,
1238765,2020/21,2020-12-07,"Mahinda Rajapaksa International Cricket Stadium, Sooriyawewa, Hambantota",1,18.6,Colombo Kings,Galle Gladiators,I Udana,Qais Ahmad,N Thushara,4,0,,,,,,,,,
1238765,2020/21,2020-12-07,"Mahinda Rajapaksa International Cricket Stadium, Sooriyawewa, Hambantota",1,19.1,Colombo Kings,Galle Gladiators,Qais Ahmad,I Udana,Mohammad Amir,0,0,,,,,,,,,
1238765,2020/21,2020-12-07,"Mahinda Rajapaksa International Cricket Stadium, Sooriyawewa, Hambantota",1,19.2,Colombo Kings,Galle Gladiators,Qais Ahmad,I Udana,Mohammad Amir,4,0,,,,,,,,,
1238765,2020/21,2020-12-07,"Mahinda Rajapaksa International Cricket Stadium, Sooriyawewa, Hambantota",1,19.3,Colombo Kings,Galle Gladiators,Qais Ahmad,I Udana,Mohammad Amir,0,0,,,,,,caught,Qais Ahmad,,
1238765,2020/21,2020-12-07,"Mahinda Rajapaksa International Cricket Stadium, Sooriyawewa, Hambantota",1,19.4,Colombo Kings,Galle Gladiators,PHT Kaushal,I Udana,Mohammad Amir,0,0,,,,,,run out,PHT Kaushal,,
1238765,2020/21,2020-12-07,"Mahinda Rajapaksa International Cricket Stadium, Sooriyawewa, Hambantota",1,19.5,Colombo Kings,Galle Gladiators,I Udana,KTGD Prasad,Mohammad Amir,6,0,,,,,,,,,
1238765,2020/21,2020-12-07,"Mahinda Rajapaksa International Cricket Stadium, Sooriyawewa, Hambantota",1,19.6,Colombo Kings,Galle Gladiators,I Udana,KTGD Prasad,Mohammad Amir,0,0,,,,,,caught,I Udana,,
1238765,2020/21,2020-12-07,"Mahinda Rajapaksa International Cricket Stadium, Sooriyawewa, Hambantota",2,0.1,Galle Gladiators,Colombo Kings,MD Gunathilaka,Ahsan Ali,AD Mathews,0,0,,,,,,,,,
1238765,2020/21,2020-12-07,"Mahinda Rajapaksa International Cricket Stadium, Sooriyawewa, Hambantota",2,0.2,Galle Gladiators,Colombo Kings,MD Gunathilaka,Ahsan Ali,AD Mathews,4,0,,,,,,,,,
1238765,2020/21,2020-12-07,"Mahinda Rajapaksa International Cricket Stadium, Sooriyawewa, Hambantota",2,0.3,Galle Gladiators,Colombo Kings,MD Gunathilaka,Ahsan Ali,AD Mathews,2,0,,,,,,,,,
1238765,2020/21,2020-12-07,"Mahinda Rajapaksa International Cricket Stadium, Sooriyawewa, Hambantota",2,0.4,Galle Gladiators,Colombo Kings,MD Gunathilaka,Ahsan Ali,AD Mathews,0,0,,,,,,,,,
1238765,2020/21,2020-12-07,"Mahinda Rajapaksa International Cricket Stadium, Sooriyawewa, Hambantota",2,0.5,Galle Gladiators,Colombo Kings,MD Gunathilaka,Ahsan Ali,AD Mathews,0,0,,,,,,,,,
1238765,2020/21,2020-12-07,"Mahinda Rajapaksa International Cricket Stadium, Sooriyawewa, Hambantota",2,0.6,Galle Gladiators,Colombo Kings,MD Gunathilaka,Ahsan Ali,AD Mathews,4,0,,,,,,,,,
1238765,2020/21,2020-12-07,"Mahinda Rajapaksa International Cricket Stadium, Sooriyawewa, Hambantota",2,1.1,Galle Gladiators,Colombo Kings,Ahsan Ali,MD Gunathilaka,I Udana,0,0,,,,,,,,,
1238765,2020/21,2020-12-07,"Mahinda Rajapaksa International Cricket Stadium, Sooriyawewa, Hambantota",2,1.2,Galle Gladiators,Colombo Kings,Ahsan Ali,MD Gunathilaka,I Udana,1,0,,,,,,,,,
1238765,2020/21,2020-12-07,"Mahinda Rajapaksa International Cricket Stadium, Sooriyawewa, Hambantota",2,1.3,Galle Gladiators,Colombo Kings,MD Gunathilaka,Ahsan Ali,I Udana,1,0,,,,,,,,,
1238765,2020/21,2020-12-07,"Mahinda Rajapaksa International Cricket Stadium, Sooriyawewa, Hambantota",2,1.4,Galle Gladiators,Colombo Kings,Ahsan Ali,MD Gunathilaka,I Udana,1,0,,,,,,,,,
1238765,2020/21,2020-12-07,"Mahinda Rajapaksa International Cricket Stadium, Sooriyawewa, Hambantota",2,1.5,Galle Gladiators,Colombo Kings,MD Gunathilaka,Ahsan Ali,I Udana,0,0,,,,,,,,,
1238765,2020/21,2020-12-07,"Mahinda Rajapaksa International Cricket Stadium, Sooriyawewa, Hambantota",2,1.6,Galle Gladiators,Colombo Kings,MD Gunathilaka,Ahsan Ali,I Udana,1,0,,,,,,,,,
1238765,2020/21,2020-12-07,"Mahinda Rajapaksa International Cricket Stadium, Sooriyawewa, Hambantota",2,2.1,Galle Gladiators,Colombo Kings,MD Gunathilaka,Ahsan Ali,AD Russell,0,0,,,,,,,,,
1238765,2020/21,2020-12-07,"Mahinda Rajapaksa International Cricket Stadium, Sooriyawewa, Hambantota",2,2.2,Galle Gladiators,Colombo Kings,MD Gunathilaka,Ahsan Ali,AD Russell,4,0,,,,,,,,,
1238765,2020/21,2020-12-07,"Mahinda Rajapaksa International Cricket Stadium, Sooriyawewa, Hambantota",2,2.3,Galle Gladiators,Colombo Kings,MD Gunathilaka,Ahsan Ali,AD Russell,0,0,,,,,,,,,
1238765,2020/21,2020-12-07,"Mahinda Rajapaksa International Cricket Stadium, Sooriyawewa, Hambantota",2,2.4,Galle Gladiators,Colombo Kings,MD Gunathilaka,Ahsan Ali,AD Russell,0,4,,,4,,,,,,
1238765,2020/21,2020-12-07,"Mahinda Rajapaksa International Cricket Stadium, Sooriyawewa, Hambantota",2,2.5,Galle Gladiators,Colombo Kings,MD Gunathilaka,Ahsan Ali,AD Russell,4,0,,,,,,,,,
1238765,2020/21,2020-12-07,"Mahinda Rajapaksa International Cricket Stadium, Sooriyawewa, Hambantota",2,2.6,Galle Gladiators,Colombo Kings,MD Gunathilaka,Ahsan Ali,AD Russell,4,0,,,,,,,,,
1238765,2020/21,2020-12-07,"Mahinda Rajapaksa International Cricket Stadium, Sooriyawewa, Hambantota",2,3.1,Galle Gladiators,Colombo Kings,Ahsan Ali,MD Gunathilaka,SMA Priyanjan,0,0,,,,,,,,,
1238765,2020/21,2020-12-07,"Mahinda Rajapaksa International Cricket Stadium, Sooriyawewa, Hambantota",2,3.2,Galle Gladiators,Colombo Kings,Ahsan Ali,MD Gunathilaka,SMA Priyanjan,4,0,,,,,,,,,
1238765,2020/21,2020-12-07,"Mahinda Rajapaksa International Cricket Stadium, Sooriyawewa, Hambantota",2,3.3,Galle Gladiators,Colombo Kings,Ahsan Ali,MD Gunathilaka,SMA Priyanjan,1,0,,,,,,,,,
1238765,2020/21,2020-12-07,"Mahinda Rajapaksa International Cricket Stadium, Sooriyawewa, Hambantota",2,3.4,Galle Gladiators,Colombo Kings,MD Gunathilaka,Ahsan Ali,SMA Priyanjan,4,0,,,,,,,,,
1238765,2020/21,2020-12-07,"Mahinda Rajapaksa International Cricket Stadium, Sooriyawewa, Hambantota",2,3.5,Galle Gladiators,Colombo Kings,MD Gunathilaka,Ahsan Ali,SMA Priyanjan,3,0,,,,,,,,,
1238765,2020/21,2020-12-07,"Mahinda Rajapaksa International Cricket Stadium, Sooriyawewa, Hambantota",2,3.6,Galle Gladiators,Colombo Kings,Ahsan Ali,MD Gunathilaka,SMA Priyanjan,1,0,,,,,,,,,
1238765,2020/21,2020-12-07,"Mahinda Rajapaksa International Cricket Stadium, Sooriyawewa, Hambantota",2,4.1,Galle Gladiators,Colombo Kings,Ahsan Ali,MD Gunathilaka,I Udana,4,0,,,,,,,,,
1238765,2020/21,2020-12-07,"Mahinda Rajapaksa International Cricket Stadium, Sooriyawewa, Hambantota",2,4.2,Galle Gladiators,Colombo Kings,Ahsan Ali,MD Gunathilaka,I Udana,0,0,,,,,,,,,
1238765,2020/21,2020-12-07,"Mahinda Rajapaksa International Cricket Stadium, Sooriyawewa, Hambantota",2,4.3,Galle Gladiators,Colombo Kings,Ahsan Ali,MD Gunathilaka,I Udana,1,1,,1,,,,,,,
1238765,2020/21,2020-12-07,"Mahinda Rajapaksa International Cricket Stadium, Sooriyawewa, Hambantota",2,4.4,Galle Gladiators,Colombo Kings,MD Gunathilaka,Ahsan Ali,I Udana,0,0,,,,,,,,,
1238765,2020/21,2020-12-07,"Mahinda Rajapaksa International Cricket Stadium, Sooriyawewa, Hambantota",2,4.5,Galle Gladiators,Colombo Kings,MD Gunathilaka,Ahsan Ali,I Udana,0,0,,,,,,,,,
1238765,2020/21,2020-12-07,"Mahinda Rajapaksa International Cricket Stadium, Sooriyawewa, Hambantota",2,4.6,Galle Gladiators,Colombo Kings,MD Gunathilaka,Ahsan Ali,I Udana,1,0,,,,,,,,,
1238765,2020/21,2020-12-07,"Mahinda Rajapaksa International Cricket Stadium, Sooriyawewa, Hambantota",2,4.7,Galle Gladiators,Colombo Kings,Ahsan Ali,MD Gunathilaka,I Udana,1,0,,,,,,,,,
1238765,2020/21,2020-12-07,"Mahinda Rajapaksa International Cricket Stadium, Sooriyawewa, Hambantota",2,5.1,Galle Gladiators,Colombo Kings,Ahsan Ali,MD Gunathilaka,ST de Silva,0,0,,,,,,,,,
1238765,2020/21,2020-12-07,"Mahinda Rajapaksa International Cricket Stadium, Sooriyawewa, Hambantota",2,5.2,Galle Gladiators,Colombo Kings,Ahsan Ali,MD Gunathilaka,ST de Silva,0,0,,,,,,,,,
1238765,2020/21,2020-12-07,"Mahinda Rajapaksa International Cricket Stadium, Sooriyawewa, Hambantota",2,5.3,Galle Gladiators,Colombo Kings,Ahsan Ali,MD Gunathilaka,ST de Silva,4,0,,,,,,,,,
1238765,2020/21,2020-12-07,"Mahinda Rajapaksa International Cricket Stadium, Sooriyawewa, Hambantota",2,5.4,Galle Gladiators,Colombo Kings,Ahsan Ali,MD Gunathilaka,ST de Silva,4,0,,,,,,,,,
1238765,2020/21,2020-12-07,"Mahinda Rajapaksa International Cricket Stadium, Sooriyawewa, Hambantota",2,5.5,Galle Gladiators,Colombo Kings,Ahsan Ali,MD Gunathilaka,ST de Silva,4,0,,,,,,,,,
1238765,2020/21,2020-12-07,"Mahinda Rajapaksa International Cricket Stadium, Sooriyawewa, Hambantota",2,5.6,Galle Gladiators,Colombo Kings,Ahsan Ali,MD Gunathilaka,ST de Silva,1,0,,,,,,,,,
1238765,2020/21,2020-12-07,"Mahinda Rajapaksa International Cricket Stadium, Sooriyawewa, Hambantota",2,6.1,Galle Gladiators,Colombo Kings,Ahsan Ali,MD Gunathilaka,Qais Ahmad,0,0,,,,,,,,,
1238765,2020/21,2020-12-07,"Mahinda Rajapaksa International Cricket Stadium, Sooriyawewa, Hambantota",2,6.2,Galle Gladiators,Colombo Kings,Ahsan Ali,MD Gunathilaka,Qais Ahmad,0,0,,,,,,,,,
1238765,2020/21,2020-12-07,"Mahinda Rajapaksa International Cricket Stadium, Sooriyawewa, Hambantota",2,6.3,Galle Gladiators,Colombo Kings,Ahsan Ali,MD Gunathilaka,Qais Ahmad,0,0,,,,,,,,,
1238765,2020/21,2020-12-07,"Mahinda Rajapaksa International Cricket Stadium, Sooriyawewa, Hambantota",2,6.4,Galle Gladiators,Colombo Kings,Ahsan Ali,MD Gunathilaka,Qais Ahmad,1,0,,,,,,,,,
1238765,2020/21,2020-12-07,"Mahinda Rajapaksa International Cricket Stadium, Sooriyawewa, Hambantota",2,6.5,Galle Gladiators,Colombo Kings,MD Gunathilaka,Ahsan Ali,Qais Ahmad,1,0,,,,,,,,,
1238765,2020/21,2020-12-07,"Mahinda Rajapaksa International Cricket Stadium, Sooriyawewa, Hambantota",2,6.6,Galle Gladiators,Colombo Kings,Ahsan Ali,MD Gunathilaka,Qais Ahmad,1,0,,,,,,,,,
1238765,2020/21,2020-12-07,"Mahinda Rajapaksa International Cricket Stadium, Sooriyawewa, Hambantota",2,7.1,Galle Gladiators,Colombo Kings,Ahsan Ali,MD Gunathilaka,KTGD Prasad,0,1,1,,,,,,,,
1238765,2020/21,2020-12-07,"Mahinda Rajapaksa International Cricket Stadium, Sooriyawewa, Hambantota",2,7.2,Galle Gladiators,Colombo Kings,Ahsan Ali,MD Gunathilaka,KTGD Prasad,4,0,,,,,,,,,
1238765,2020/21,2020-12-07,"Mahinda Rajapaksa International Cricket Stadium, Sooriyawewa, Hambantota",2,7.3,Galle Gladiators,Colombo Kings,Ahsan Ali,MD Gunathilaka,KTGD Prasad,4,0,,,,,,,,,
1238765,2020/21,2020-12-07,"Mahinda Rajapaksa International Cricket Stadium, Sooriyawewa, Hambantota",2,7.4,Galle Gladiators,Colombo Kings,Ahsan Ali,MD Gunathilaka,KTGD Prasad,0,0,,,,,,,,,
1238765,2020/21,2020-12-07,"Mahinda Rajapaksa International Cricket Stadium, Sooriyawewa, Hambantota",2,7.5,Galle Gladiators,Colombo Kings,Ahsan Ali,MD Gunathilaka,KTGD Prasad,1,0,,,,,,,,,
1238765,2020/21,2020-12-07,"Mahinda Rajapaksa International Cricket Stadium, Sooriyawewa, Hambantota",2,7.6,Galle Gladiators,Colombo Kings,MD Gunathilaka,Ahsan Ali,KTGD Prasad,1,0,,,,,,,,,
1238765,2020/21,2020-12-07,"Mahinda Rajapaksa International Cricket Stadium, Sooriyawewa, Hambantota",2,7.7,Galle Gladiators,Colombo Kings,Ahsan Ali,MD Gunathilaka,KTGD Prasad,1,0,,,,,,,,,
1238765,2020/21,2020-12-07,"Mahinda Rajapaksa International Cricket Stadium, Sooriyawewa, Hambantota",2,8.1,Galle Gladiators,Colombo Kings,Ahsan Ali,MD Gunathilaka,Qais Ahmad,1,0,,,,,,,,,
1238765,2020/21,2020-12-07,"Mahinda Rajapaksa International Cricket Stadium, Sooriyawewa, Hambantota",2,8.2,Galle Gladiators,Colombo Kings,MD Gunathilaka,Ahsan Ali,Qais Ahmad,0,0,,,,,,,,,
1238765,2020/21,2020-12-07,"Mahinda Rajapaksa International Cricket Stadium, Sooriyawewa, Hambantota",2,8.3,Galle Gladiators,Colombo Kings,MD Gunathilaka,Ahsan Ali,Qais Ahmad,0,0,,,,,,,,,
1238765,2020/21,2020-12-07,"Mahinda Rajapaksa International Cricket Stadium, Sooriyawewa, Hambantota",2,8.4,Galle Gladiators,Colombo Kings,MD Gunathilaka,Ahsan Ali,Qais Ahmad,2,0,,,,,,,,,
1238765,2020/21,2020-12-07,"Mahinda Rajapaksa International Cricket Stadium, Sooriyawewa, Hambantota",2,8.5,Galle Gladiators,Colombo Kings,MD Gunathilaka,Ahsan Ali,Qais Ahmad,1,0,,,,,,,,,
1238765,2020/21,2020-12-07,"Mahinda Rajapaksa International Cricket Stadium, Sooriyawewa, Hambantota",2,8.6,Galle Gladiators,Colombo Kings,Ahsan Ali,MD Gunathilaka,Qais Ahmad,4,0,,,,,,,,,
1238765,2020/21,2020-12-07,"Mahinda Rajapaksa International Cricket Stadium, Sooriyawewa, Hambantota",2,9.1,Galle Gladiators,Colombo Kings,MD Gunathilaka,Ahsan Ali,SMA Priyanjan,1,0,,,,,,,,,
1238765,2020/21,2020-12-07,"Mahinda Rajapaksa International Cricket Stadium, Sooriyawewa, Hambantota",2,9.2,Galle Gladiators,Colombo Kings,Ahsan Ali,MD Gunathilaka,SMA Priyanjan,0,1,1,,,,,,,,
1238765,2020/21,2020-12-07,"Mahinda Rajapaksa International Cricket Stadium, Sooriyawewa, Hambantota",2,9.3,Galle Gladiators,Colombo Kings,Ahsan Ali,MD Gunathilaka,SMA Priyanjan,0,0,,,,,,,,,
1238765,2020/21,2020-12-07,"Mahinda Rajapaksa International Cricket Stadium, Sooriyawewa, Hambantota",2,9.4,Galle Gladiators,Colombo Kings,Ahsan Ali,MD Gunathilaka,SMA Priyanjan,0,0,,,,,,,,,
1238765,2020/21,2020-12-07,"Mahinda Rajapaksa International Cricket Stadium, Sooriyawewa, Hambantota",2,9.5,Galle Gladiators,Colombo Kings,Ahsan Ali,MD Gunathilaka,SMA Priyanjan,0,0,,,,,,,,,
1238765,2020/21,2020-12-07,"Mahinda Rajapaksa International Cricket Stadium, Sooriyawewa, Hambantota",2,9.6,Galle Gladiators,Colombo Kings,Ahsan Ali,MD Gunathilaka,SMA Priyanjan,0,1,1,,,,,,,,
1238765,2020/21,2020-12-07,"Mahinda Rajapaksa International Cricket Stadium, Sooriyawewa, Hambantota",2,9.7,Galle Gladiators,Colombo Kings,Ahsan Ali,MD Gunathilaka,SMA Priyanjan,4,0,,,,,,,,,
1238765,2020/21,2020-12-07,"Mahinda Rajapaksa International Cricket Stadium, Sooriyawewa, Hambantota",2,9.8,Galle Gladiators,Colombo Kings,Ahsan Ali,MD Gunathilaka,SMA Priyanjan,0,1,1,,,,,,,,
1238765,2020/21,2020-12-07,"Mahinda Rajapaksa International Cricket Stadium, Sooriyawewa, Hambantota",2,9.9,Galle Gladiators,Colombo Kings,Ahsan Ali,MD Gunathilaka,SMA Priyanjan,1,0,,,,,,,,,
1238765,2020/21,2020-12-07,"Mahinda Rajapaksa International Cricket Stadium, Sooriyawewa, Hambantota",2,10.1,Galle Gladiators,Colombo Kings,Ahsan Ali,MD Gunathilaka,Qais Ahmad,0,0,,,,,,,,,
1238765,2020/21,2020-12-07,"Mahinda Rajapaksa International Cricket Stadium, Sooriyawewa, Hambantota",2,10.2,Galle Gladiators,Colombo Kings,Ahsan Ali,MD Gunathilaka,Qais Ahmad,1,0,,,,,,,,,
1238765,2020/21,2020-12-07,"Mahinda Rajapaksa International Cricket Stadium, Sooriyawewa, Hambantota",2,10.3,Galle Gladiators,Colombo Kings,MD Gunathilaka,Ahsan Ali,Qais Ahmad,0,0,,,,,,lbw,MD Gunathilaka,,
1238765,2020/21,2020-12-07,"Mahinda Rajapaksa International Cricket Stadium, Sooriyawewa, Hambantota",2,10.4,Galle Gladiators,Colombo Kings,PBB Rajapaksa,Ahsan Ali,Qais Ahmad,0,0,,,,,,,,,
1238765,2020/21,2020-12-07,"Mahinda Rajapaksa International Cricket Stadium, Sooriyawewa, Hambantota",2,10.5,Galle Gladiators,Colombo Kings,PBB Rajapaksa,Ahsan Ali,Qais Ahmad,0,0,,,,,,,,,
1238765,2020/21,2020-12-07,"Mahinda Rajapaksa International Cricket Stadium, Sooriyawewa, Hambantota",2,10.6,Galle Gladiators,Colombo Kings,PBB Rajapaksa,Ahsan Ali,Qais Ahmad,1,0,,,,,,,,,
1238765,2020/21,2020-12-07,"Mahinda Rajapaksa International Cricket Stadium, Sooriyawewa, Hambantota",2,11.1,Galle Gladiators,Colombo Kings,PBB Rajapaksa,Ahsan Ali,KTGD Prasad,2,0,,,,,,,,,
1238765,2020/21,2020-12-07,"Mahinda Rajapaksa International Cricket Stadium, Sooriyawewa, Hambantota",2,11.2,Galle Gladiators,Colombo Kings,PBB Rajapaksa,Ahsan Ali,KTGD Prasad,0,0,,,,,,,,,
1238765,2020/21,2020-12-07,"Mahinda Rajapaksa International Cricket Stadium, Sooriyawewa, Hambantota",2,11.3,Galle Gladiators,Colombo Kings,PBB Rajapaksa,Ahsan Ali,KTGD Prasad,1,0,,,,,,,,,
1238765,2020/21,2020-12-07,"Mahinda Rajapaksa International Cricket Stadium, Sooriyawewa, Hambantota",2,11.4,Galle Gladiators,Colombo Kings,Ahsan Ali,PBB Rajapaksa,KTGD Prasad,6,0,,,,,,,,,
1238765,2020/21,2020-12-07,"Mahinda Rajapaksa International Cricket Stadium, Sooriyawewa, Hambantota",2,11.5,Galle Gladiators,Colombo Kings,Ahsan Ali,PBB Rajapaksa,KTGD Prasad,0,0,,,,,,caught,Ahsan Ali,,
1238765,2020/21,2020-12-07,"Mahinda Rajapaksa International Cricket Stadium, Sooriyawewa, Hambantota",2,11.6,Galle Gladiators,Colombo Kings,Azam Khan,PBB Rajapaksa,KTGD Prasad,0,0,,,,,,,,,
1238765,2020/21,2020-12-07,"Mahinda Rajapaksa International Cricket Stadium, Sooriyawewa, Hambantota",2,12.1,Galle Gladiators,Colombo Kings,PBB Rajapaksa,Azam Khan,Qais Ahmad,0,0,,,,,,,,,
1238765,2020/21,2020-12-07,"Mahinda Rajapaksa International Cricket Stadium, Sooriyawewa, Hambantota",2,12.2,Galle Gladiators,Colombo Kings,PBB Rajapaksa,Azam Khan,Qais Ahmad,4,0,,,,,,,,,
1238765,2020/21,2020-12-07,"Mahinda Rajapaksa International Cricket Stadium, Sooriyawewa, Hambantota",2,12.3,Galle Gladiators,Colombo Kings,PBB Rajapaksa,Azam Khan,Qais Ahmad,0,0,,,,,,,,,
1238765,2020/21,2020-12-07,"Mahinda Rajapaksa International Cricket Stadium, Sooriyawewa, Hambantota",2,12.4,Galle Gladiators,Colombo Kings,PBB Rajapaksa,Azam Khan,Qais Ahmad,1,0,,,,,,,,,
1238765,2020/21,2020-12-07,"Mahinda Rajapaksa International Cricket Stadium, Sooriyawewa, Hambantota",2,12.5,Galle Gladiators,Colombo Kings,Azam Khan,PBB Rajapaksa,Qais Ahmad,4,0,,,,,,,,,
1238765,2020/21,2020-12-07,"Mahinda Rajapaksa International Cricket Stadium, Sooriyawewa, Hambantota",2,12.6,Galle Gladiators,Colombo Kings,Azam Khan,PBB Rajapaksa,Qais Ahmad,1,0,,,,,,,,,
1238765,2020/21,2020-12-07,"Mahinda Rajapaksa International Cricket Stadium, Sooriyawewa, Hambantota",2,13.1,Galle Gladiators,Colombo Kings,Azam Khan,PBB Rajapaksa,I Udana,1,0,,,,,,,,,
1238765,2020/21,2020-12-07,"Mahinda Rajapaksa International Cricket Stadium, Sooriyawewa, Hambantota",2,13.2,Galle Gladiators,Colombo Kings,PBB Rajapaksa,Azam Khan,I Udana,4,0,,,,,,,,,
1238765,2020/21,2020-12-07,"Mahinda Rajapaksa International Cricket Stadium, Sooriyawewa, Hambantota",2,13.3,Galle Gladiators,Colombo Kings,PBB Rajapaksa,Azam Khan,I Udana,0,0,,,,,,,,,
1238765,2020/21,2020-12-07,"Mahinda Rajapaksa International Cricket Stadium, Sooriyawewa, Hambantota",2,13.4,Galle Gladiators,Colombo Kings,PBB Rajapaksa,Azam Khan,I Udana,4,0,,,,,,,,,
1238765,2020/21,2020-12-07,"Mahinda Rajapaksa International Cricket Stadium, Sooriyawewa, Hambantota",2,13.5,Galle Gladiators,Colombo Kings,PBB Rajapaksa,Azam Khan,I Udana,1,0,,,,,,,,,
1238765,2020/21,2020-12-07,"Mahinda Rajapaksa International Cricket Stadium, Sooriyawewa, Hambantota",2,13.6,Galle Gladiators,Colombo Kings,Azam Khan,PBB Rajapaksa,I Udana,0,0,,,,,,,,,
1238765,2020/21,2020-12-07,"Mahinda Rajapaksa International Cricket Stadium, Sooriyawewa, Hambantota",2,14.1,Galle Gladiators,Colombo Kings,PBB Rajapaksa,Azam Khan,AD Russell,1,0,,,,,,,,,
1238765,2020/21,2020-12-07,"Mahinda Rajapaksa International Cricket Stadium, Sooriyawewa, Hambantota",2,14.2,Galle Gladiators,Colombo Kings,Azam Khan,PBB Rajapaksa,AD Russell,0,0,,,,,,,,,
1238765,2020/21,2020-12-07,"Mahinda Rajapaksa International Cricket Stadium, Sooriyawewa, Hambantota",2,14.3,Galle Gladiators,Colombo Kings,Azam Khan,PBB Rajapaksa,AD Russell,1,0,,,,,,,,,
1238765,2020/21,2020-12-07,"Mahinda Rajapaksa International Cricket Stadium, Sooriyawewa, Hambantota",2,14.4,Galle Gladiators,Colombo Kings,PBB Rajapaksa,Azam Khan,AD Russell,0,0,,,,,,,,,
1238765,2020/21,2020-12-07,"Mahinda Rajapaksa International Cricket Stadium, Sooriyawewa, Hambantota",2,14.5,Galle Gladiators,Colombo Kings,PBB Rajapaksa,Azam Khan,AD Russell,4,0,,,,,,,,,
1238765,2020/21,2020-12-07,"Mahinda Rajapaksa International Cricket Stadium, Sooriyawewa, Hambantota",2,14.6,Galle Gladiators,Colombo Kings,PBB Rajapaksa,Azam Khan,AD Russell,4,0,,,,,,,,,
1238765,2020/21,2020-12-07,"Mahinda Rajapaksa International Cricket Stadium, Sooriyawewa, Hambantota",2,15.1,Galle Gladiators,Colombo Kings,Azam Khan,PBB Rajapaksa,PHT Kaushal,6,0,,,,,,,,,
1238765,2020/21,2020-12-07,"Mahinda Rajapaksa International Cricket Stadium, Sooriyawewa, Hambantota",2,15.2,Galle Gladiators,Colombo Kings,Azam Khan,PBB Rajapaksa,PHT Kaushal,6,0,,,,,,,,,
1238765,2020/21,2020-12-07,"Mahinda Rajapaksa International Cricket Stadium, Sooriyawewa, Hambantota",2,15.3,Galle Gladiators,Colombo Kings,Azam Khan,PBB Rajapaksa,PHT Kaushal,0,0,,,,,,,,,
1238765,2020/21,2020-12-07,"Mahinda Rajapaksa International Cricket Stadium, Sooriyawewa, Hambantota",2,15.4,Galle Gladiators,Colombo Kings,Azam Khan,PBB Rajapaksa,PHT Kaushal,4,0,,,,,,,,,
1238765,2020/21,2020-12-07,"Mahinda Rajapaksa International Cricket Stadium, Sooriyawewa, Hambantota",2,15.5,Galle Gladiators,Colombo Kings,Azam Khan,PBB Rajapaksa,PHT Kaushal,0,0,,,,,,,,,
1238765,2020/21,2020-12-07,"Mahinda Rajapaksa International Cricket Stadium, Sooriyawewa, Hambantota",2,15.6,Galle Gladiators,Colombo Kings,Azam Khan,PBB Rajapaksa,PHT Kaushal,0,0,,,,,,,,,
1238765,2020/21,2020-12-07,"Mahinda Rajapaksa International Cricket Stadium, Sooriyawewa, Hambantota",2,16.1,Galle Gladiators,Colombo Kings,PBB Rajapaksa,Azam Khan,I Udana,0,0,,,,,,,,,
1238765,2020/21,2020-12-07,"Mahinda Rajapaksa International Cricket Stadium, Sooriyawewa, Hambantota",2,16.2,Galle Gladiators,Colombo Kings,PBB Rajapaksa,Azam Khan,I Udana,0,0,,,,,,,,,
1238765,2020/21,2020-12-07,"Mahinda Rajapaksa International Cricket Stadium, Sooriyawewa, Hambantota",2,16.3,Galle Gladiators,Colombo Kings,PBB Rajapaksa,Azam Khan,I Udana,4,0,,,,,,,,,
1238765,2020/21,2020-12-07,"Mahinda Rajapaksa International Cricket Stadium, Sooriyawewa, Hambantota",2,16.4,Galle Gladiators,Colombo Kings,PBB Rajapaksa,Azam Khan,I Udana,6,0,,,,,,,,,
1238765,2020/21,2020-12-07,"Mahinda Rajapaksa International Cricket Stadium, Sooriyawewa, Hambantota",2,16.5,Galle Gladiators,Colombo Kings,PBB Rajapaksa,Azam Khan,I Udana,0,0,,,,,,,,,
1238765,2020/21,2020-12-07,"Mahinda Rajapaksa International Cricket Stadium, Sooriyawewa, Hambantota",2,16.6,Galle Gladiators,Colombo Kings,PBB Rajapaksa,Azam Khan,I Udana,0,0,,,,,,,,,
1238765,2020/21,2020-12-07,"Mahinda Rajapaksa International Cricket Stadium, Sooriyawewa, Hambantota",2,17.1,Galle Gladiators,Colombo Kings,Azam Khan,PBB Rajapaksa,KTGD Prasad,6,0,,,,,,,,,
1238765,2020/21,2020-12-07,"Mahinda Rajapaksa International Cricket Stadium, Sooriyawewa, Hambantota",2,17.2,Galle Gladiators,Colombo Kings,Azam Khan,PBB Rajapaksa,KTGD Prasad,2,0,,,,,,,,,
1238765,2020/21,2020-12-07,"Mahinda Rajapaksa International Cricket Stadium, Sooriyawewa, Hambantota",2,17.3,Galle Gladiators,Colombo Kings,Azam Khan,PBB Rajapaksa,KTGD Prasad,4,0,,,,,,,,,
