match_id,season,start_date,venue,innings,ball,batting_team,bowling_team,striker,non_striker,bowler,runs_off_bat,extras,wides,noballs,byes,legbyes,penalty,wicket_type,player_dismissed,other_wicket_type,other_player_dismissed
1238757,2020/21,2020-11-30,"Mahinda Rajapaksa International Cricket Stadium, Sooriyawewa, Hambantota",1,0.1,Kandy Tuskers,Galle Gladiators,Rahmanullah Gurbaz,MDKJ Perera,A Dananjaya,1,0,,,,,,,,,
1238757,2020/21,2020-11-30,"Mahinda Rajapaksa International Cricket Stadium, Sooriyawewa, Hambantota",1,0.2,Kandy Tuskers,Galle Gladiators,MDKJ Perera,Rahmanullah Gurbaz,A Dananjaya,0,0,,,,,,,,,
1238757,2020/21,2020-11-30,"Mahinda Rajapaksa International Cricket Stadium, Sooriyawewa, Hambantota",1,0.3,Kandy Tuskers,Galle Gladiators,MDKJ Perera,Rahmanullah Gurbaz,A Dananjaya,1,0,,,,,,,,,
1238757,2020/21,2020-11-30,"Mahinda Rajapaksa International Cricket Stadium, Sooriyawewa, Hambantota",1,0.4,Kandy Tuskers,Galle Gladiators,Rahmanullah Gurbaz,MDKJ Perera,A Dananjaya,0,0,,,,,,,,,
1238757,2020/21,2020-11-30,"Mahinda Rajapaksa International Cricket Stadium, Sooriyawewa, Hambantota",1,0.5,Kandy Tuskers,Galle Gladiators,Rahmanullah Gurbaz,MDKJ Perera,A Dananjaya,1,0,,,,,,,,,
1238757,2020/21,2020-11-30,"Mahinda Rajapaksa International Cricket Stadium, Sooriyawewa, Hambantota",1,0.6,Kandy Tuskers,Galle Gladiators,MDKJ Perera,Rahmanullah Gurbaz,A Dananjaya,0,0,,,,,,,,,
1238757,2020/21,2020-11-30,"Mahinda Rajapaksa International Cricket Stadium, Sooriyawewa, Hambantota",1,1.1,Kandy Tuskers,Galle Gladiators,Rahmanullah Gurbaz,MDKJ Perera,Mohammad Amir,0,0,,,,,,,,,
1238757,2020/21,2020-11-30,"Mahinda Rajapaksa International Cricket Stadium, Sooriyawewa, Hambantota",1,1.2,Kandy Tuskers,Galle Gladiators,Rahmanullah Gurbaz,MDKJ Perera,Mohammad Amir,0,0,,,,,,,,,
1238757,2020/21,2020-11-30,"Mahinda Rajapaksa International Cricket Stadium, Sooriyawewa, Hambantota",1,1.3,Kandy Tuskers,Galle Gladiators,Rahmanullah Gurbaz,MDKJ Perera,Mohammad Amir,1,0,,,,,,,,,
1238757,2020/21,2020-11-30,"Mahinda Rajapaksa International Cricket Stadium, Sooriyawewa, Hambantota",1,1.4,Kandy Tuskers,Galle Gladiators,MDKJ Perera,Rahmanullah Gurbaz,Mohammad Amir,0,0,,,,,,,,,
1238757,2020/21,2020-11-30,"Mahinda Rajapaksa International Cricket Stadium, Sooriyawewa, Hambantota",1,1.5,Kandy Tuskers,Galle Gladiators,MDKJ Perera,Rahmanullah Gurbaz,Mohammad Amir,1,0,,,,,,,,,
1238757,2020/21,2020-11-30,"Mahinda Rajapaksa International Cricket Stadium, Sooriyawewa, Hambantota",1,1.6,Kandy Tuskers,Galle Gladiators,Rahmanullah Gurbaz,MDKJ Perera,Mohammad Amir,4,0,,,,,,,,,
1238757,2020/21,2020-11-30,"Mahinda Rajapaksa International Cricket Stadium, Sooriyawewa, Hambantota",1,2.1,Kandy Tuskers,Galle Gladiators,MDKJ Perera,Rahmanullah Gurbaz,A Dananjaya,0,1,,,,1,,,,,
1238757,2020/21,2020-11-30,"Mahinda Rajapaksa International Cricket Stadium, Sooriyawewa, Hambantota",1,2.2,Kandy Tuskers,Galle Gladiators,Rahmanullah Gurbaz,MDKJ Perera,A Dananjaya,6,0,,,,,,,,,
1238757,2020/21,2020-11-30,"Mahinda Rajapaksa International Cricket Stadium, Sooriyawewa, Hambantota",1,2.3,Kandy Tuskers,Galle Gladiators,Rahmanullah Gurbaz,MDKJ Perera,A Dananjaya,6,0,,,,,,,,,
1238757,2020/21,2020-11-30,"Mahinda Rajapaksa International Cricket Stadium, Sooriyawewa, Hambantota",1,2.4,Kandy Tuskers,Galle Gladiators,Rahmanullah Gurbaz,MDKJ Perera,A Dananjaya,0,0,,,,,,caught,Rahmanullah Gurbaz,,
1238757,2020/21,2020-11-30,"Mahinda Rajapaksa International Cricket Stadium, Sooriyawewa, Hambantota",1,2.5,Kandy Tuskers,Galle Gladiators,MDKJ Perera,BKG Mendis,A Dananjaya,4,0,,,,,,,,,
1238757,2020/21,2020-11-30,"Mahinda Rajapaksa International Cricket Stadium, Sooriyawewa, Hambantota",1,2.6,Kandy Tuskers,Galle Gladiators,MDKJ Perera,BKG Mendis,A Dananjaya,0,0,,,,,,,,,
1238757,2020/21,2020-11-30,"Mahinda Rajapaksa International Cricket Stadium, Sooriyawewa, Hambantota",1,3.1,Kandy Tuskers,Galle Gladiators,BKG Mendis,MDKJ Perera,Mohammad Amir,0,0,,,,,,,,,
1238757,2020/21,2020-11-30,"Mahinda Rajapaksa International Cricket Stadium, Sooriyawewa, Hambantota",1,3.2,Kandy Tuskers,Galle Gladiators,BKG Mendis,MDKJ Perera,Mohammad Amir,0,0,,,,,,,,,
1238757,2020/21,2020-11-30,"Mahinda Rajapaksa International Cricket Stadium, Sooriyawewa, Hambantota",1,3.3,Kandy Tuskers,Galle Gladiators,BKG Mendis,MDKJ Perera,Mohammad Amir,1,0,,,,,,,,,
1238757,2020/21,2020-11-30,"Mahinda Rajapaksa International Cricket Stadium, Sooriyawewa, Hambantota",1,3.4,Kandy Tuskers,Galle Gladiators,MDKJ Perera,BKG Mendis,Mohammad Amir,0,1,,,,1,,,,,
1238757,2020/21,2020-11-30,"Mahinda Rajapaksa International Cricket Stadium, Sooriyawewa, Hambantota",1,3.5,Kandy Tuskers,Galle Gladiators,BKG Mendis,MDKJ Perera,Mohammad Amir,0,0,,,,,,,,,
1238757,2020/21,2020-11-30,"Mahinda Rajapaksa International Cricket Stadium, Sooriyawewa, Hambantota",1,3.6,Kandy Tuskers,Galle Gladiators,BKG Mendis,MDKJ Perera,Mohammad Amir,1,0,,,,,,,,,
1238757,2020/21,2020-11-30,"Mahinda Rajapaksa International Cricket Stadium, Sooriyawewa, Hambantota",1,4.1,Kandy Tuskers,Galle Gladiators,BKG Mendis,MDKJ Perera,A Dananjaya,1,0,,,,,,,,,
1238757,2020/21,2020-11-30,"Mahinda Rajapaksa International Cricket Stadium, Sooriyawewa, Hambantota",1,4.2,Kandy Tuskers,Galle Gladiators,MDKJ Perera,BKG Mendis,A Dananjaya,4,0,,,,,,,,,
1238757,2020/21,2020-11-30,"Mahinda Rajapaksa International Cricket Stadium, Sooriyawewa, Hambantota",1,4.3,Kandy Tuskers,Galle Gladiators,MDKJ Perera,BKG Mendis,A Dananjaya,1,0,,,,,,,,,
1238757,2020/21,2020-11-30,"Mahinda Rajapaksa International Cricket Stadium, Sooriyawewa, Hambantota",1,4.4,Kandy Tuskers,Galle Gladiators,BKG Mendis,MDKJ Perera,A Dananjaya,4,0,,,,,,,,,
1238757,2020/21,2020-11-30,"Mahinda Rajapaksa International Cricket Stadium, Sooriyawewa, Hambantota",1,4.5,Kandy Tuskers,Galle Gladiators,BKG Mendis,MDKJ Perera,A Dananjaya,6,0,,,,,,,,,
1238757,2020/21,2020-11-30,"Mahinda Rajapaksa International Cricket Stadium, Sooriyawewa, Hambantota",1,4.6,Kandy Tuskers,Galle Gladiators,BKG Mendis,MDKJ Perera,A Dananjaya,1,0,,,,,,,,,
1238757,2020/21,2020-11-30,"Mahinda Rajapaksa International Cricket Stadium, Sooriyawewa, Hambantota",1,5.1,Kandy Tuskers,Galle Gladiators,BKG Mendis,MDKJ Perera,M Shiraz,4,1,,1,,,,,,,
1238757,2020/21,2020-11-30,"Mahinda Rajapaksa International Cricket Stadium, Sooriyawewa, Hambantota",1,5.2,Kandy Tuskers,Galle Gladiators,BKG Mendis,MDKJ Perera,M Shiraz,0,1,1,,,,,,,,
1238757,2020/21,2020-11-30,"Mahinda Rajapaksa International Cricket Stadium, Sooriyawewa, Hambantota",1,5.3,Kandy Tuskers,Galle Gladiators,BKG Mendis,MDKJ Perera,M Shiraz,6,0,,,,,,,,,
1238757,2020/21,2020-11-30,"Mahinda Rajapaksa International Cricket Stadium, Sooriyawewa, Hambantota",1,5.4,Kandy Tuskers,Galle Gladiators,BKG Mendis,MDKJ Perera,M Shiraz,6,0,,,,,,,,,
1238757,2020/21,2020-11-30,"Mahinda Rajapaksa International Cricket Stadium, Sooriyawewa, Hambantota",1,5.5,Kandy Tuskers,Galle Gladiators,BKG Mendis,MDKJ Perera,M Shiraz,1,0,,,,,,,,,
1238757,2020/21,2020-11-30,"Mahinda Rajapaksa International Cricket Stadium, Sooriyawewa, Hambantota",1,5.6,Kandy Tuskers,Galle Gladiators,MDKJ Perera,BKG Mendis,M Shiraz,2,0,,,,,,,,,
1238757,2020/21,2020-11-30,"Mahinda Rajapaksa International Cricket Stadium, Sooriyawewa, Hambantota",1,5.7,Kandy Tuskers,Galle Gladiators,MDKJ Perera,BKG Mendis,M Shiraz,0,0,,,,,,,,,
1238757,2020/21,2020-11-30,"Mahinda Rajapaksa International Cricket Stadium, Sooriyawewa, Hambantota",1,5.8,Kandy Tuskers,Galle Gladiators,MDKJ Perera,BKG Mendis,M Shiraz,0,0,,,,,,,,,
1238757,2020/21,2020-11-30,"Mahinda Rajapaksa International Cricket Stadium, Sooriyawewa, Hambantota",1,6.1,Kandy Tuskers,Galle Gladiators,BKG Mendis,MDKJ Perera,Shahid Afridi,1,0,,,,,,,,,
1238757,2020/21,2020-11-30,"Mahinda Rajapaksa International Cricket Stadium, Sooriyawewa, Hambantota",1,6.2,Kandy Tuskers,Galle Gladiators,MDKJ Perera,BKG Mendis,Shahid Afridi,0,0,,,,,,,,,
1238757,2020/21,2020-11-30,"Mahinda Rajapaksa International Cricket Stadium, Sooriyawewa, Hambantota",1,6.3,Kandy Tuskers,Galle Gladiators,MDKJ Perera,BKG Mendis,Shahid Afridi,1,0,,,,,,,,,
1238757,2020/21,2020-11-30,"Mahinda Rajapaksa International Cricket Stadium, Sooriyawewa, Hambantota",1,6.4,Kandy Tuskers,Galle Gladiators,BKG Mendis,MDKJ Perera,Shahid Afridi,0,0,,,,,,,,,
1238757,2020/21,2020-11-30,"Mahinda Rajapaksa International Cricket Stadium, Sooriyawewa, Hambantota",1,6.5,Kandy Tuskers,Galle Gladiators,BKG Mendis,MDKJ Perera,Shahid Afridi,1,0,,,,,,,,,
1238757,2020/21,2020-11-30,"Mahinda Rajapaksa International Cricket Stadium, Sooriyawewa, Hambantota",1,6.6,Kandy Tuskers,Galle Gladiators,MDKJ Perera,BKG Mendis,Shahid Afridi,2,0,,,,,,,,,
1238757,2020/21,2020-11-30,"Mahinda Rajapaksa International Cricket Stadium, Sooriyawewa, Hambantota",1,7.1,Kandy Tuskers,Galle Gladiators,BKG Mendis,MDKJ Perera,PADLR Sandakan,0,0,,,,,,,,,
1238757,2020/21,2020-11-30,"Mahinda Rajapaksa International Cricket Stadium, Sooriyawewa, Hambantota",1,7.2,Kandy Tuskers,Galle Gladiators,BKG Mendis,MDKJ Perera,PADLR Sandakan,6,0,,,,,,,,,
1238757,2020/21,2020-11-30,"Mahinda Rajapaksa International Cricket Stadium, Sooriyawewa, Hambantota",1,7.3,Kandy Tuskers,Galle Gladiators,BKG Mendis,MDKJ Perera,PADLR Sandakan,1,0,,,,,,,,,
1238757,2020/21,2020-11-30,"Mahinda Rajapaksa International Cricket Stadium, Sooriyawewa, Hambantota",1,7.4,Kandy Tuskers,Galle Gladiators,MDKJ Perera,BKG Mendis,PADLR Sandakan,4,0,,,,,,,,,
1238757,2020/21,2020-11-30,"Mahinda Rajapaksa International Cricket Stadium, Sooriyawewa, Hambantota",1,7.5,Kandy Tuskers,Galle Gladiators,MDKJ Perera,BKG Mendis,PADLR Sandakan,1,0,,,,,,,,,
1238757,2020/21,2020-11-30,"Mahinda Rajapaksa International Cricket Stadium, Sooriyawewa, Hambantota",1,7.6,Kandy Tuskers,Galle Gladiators,BKG Mendis,MDKJ Perera,PADLR Sandakan,1,0,,,,,,,,,
1238757,2020/21,2020-11-30,"Mahinda Rajapaksa International Cricket Stadium, Sooriyawewa, Hambantota",1,8.1,Kandy Tuskers,Galle Gladiators,BKG Mendis,MDKJ Perera,Shahid Afridi,0,0,,,,,,,,,
1238757,2020/21,2020-11-30,"Mahinda Rajapaksa International Cricket Stadium, Sooriyawewa, Hambantota",1,8.2,Kandy Tuskers,Galle Gladiators,BKG Mendis,MDKJ Perera,Shahid Afridi,1,0,,,,,,,,,
1238757,2020/21,2020-11-30,"Mahinda Rajapaksa International Cricket Stadium, Sooriyawewa, Hambantota",1,8.3,Kandy Tuskers,Galle Gladiators,MDKJ Perera,BKG Mendis,Shahid Afridi,1,0,,,,,,,,,
1238757,2020/21,2020-11-30,"Mahinda Rajapaksa International Cricket Stadium, Sooriyawewa, Hambantota",1,8.4,Kandy Tuskers,Galle Gladiators,BKG Mendis,MDKJ Perera,Shahid Afridi,1,0,,,,,,,,,
1238757,2020/21,2020-11-30,"Mahinda Rajapaksa International Cricket Stadium, Sooriyawewa, Hambantota",1,8.5,Kandy Tuskers,Galle Gladiators,MDKJ Perera,BKG Mendis,Shahid Afridi,0,0,,,,,,,,,
1238757,2020/21,2020-11-30,"Mahinda Rajapaksa International Cricket Stadium, Sooriyawewa, Hambantota",1,8.6,Kandy Tuskers,Galle Gladiators,MDKJ Perera,BKG Mendis,Shahid Afridi,4,0,,,,,,,,,
1238757,2020/21,2020-11-30,"Mahinda Rajapaksa International Cricket Stadium, Sooriyawewa, Hambantota",1,9.1,Kandy Tuskers,Galle Gladiators,BKG Mendis,MDKJ Perera,PADLR Sandakan,1,0,,,,,,,,,
1238757,2020/21,2020-11-30,"Mahinda Rajapaksa International Cricket Stadium, Sooriyawewa, Hambantota",1,9.2,Kandy Tuskers,Galle Gladiators,MDKJ Perera,BKG Mendis,PADLR Sandakan,1,0,,,,,,,,,
1238757,2020/21,2020-11-30,"Mahinda Rajapaksa International Cricket Stadium, Sooriyawewa, Hambantota",1,9.3,Kandy Tuskers,Galle Gladiators,BKG Mendis,MDKJ Perera,PADLR Sandakan,2,0,,,,,,,,,
1238757,2020/21,2020-11-30,"Mahinda Rajapaksa International Cricket Stadium, Sooriyawewa, Hambantota",1,9.4,Kandy Tuskers,Galle Gladiators,BKG Mendis,MDKJ Perera,PADLR Sandakan,1,0,,,,,,,,,
1238757,2020/21,2020-11-30,"Mahinda Rajapaksa International Cricket Stadium, Sooriyawewa, Hambantota",1,9.5,Kandy Tuskers,Galle Gladiators,MDKJ Perera,BKG Mendis,PADLR Sandakan,0,0,,,,,,caught,MDKJ Perera,,
1238757,2020/21,2020-11-30,"Mahinda Rajapaksa International Cricket Stadium, Sooriyawewa, Hambantota",1,9.6,Kandy Tuskers,Galle Gladiators,BRM Taylor,BKG Mendis,PADLR Sandakan,4,0,,,,,,,,,
1238757,2020/21,2020-11-30,"Mahinda Rajapaksa International Cricket Stadium, Sooriyawewa, Hambantota",1,10.1,Kandy Tuskers,Galle Gladiators,BKG Mendis,BRM Taylor,Shahid Afridi,1,0,,,,,,,,,
1238757,2020/21,2020-11-30,"Mahinda Rajapaksa International Cricket Stadium, Sooriyawewa, Hambantota",1,10.2,Kandy Tuskers,Galle Gladiators,BRM Taylor,BKG Mendis,Shahid Afridi,1,0,,,,,,,,,
1238757,2020/21,2020-11-30,"Mahinda Rajapaksa International Cricket Stadium, Sooriyawewa, Hambantota",1,10.3,Kandy Tuskers,Galle Gladiators,BKG Mendis,BRM Taylor,Shahid Afridi,1,0,,,,,,,,,
1238757,2020/21,2020-11-30,"Mahinda Rajapaksa International Cricket Stadium, Sooriyawewa, Hambantota",1,10.4,Kandy Tuskers,Galle Gladiators,BRM Taylor,BKG Mendis,Shahid Afridi,0,0,,,,,,,,,
1238757,2020/21,2020-11-30,"Mahinda Rajapaksa International Cricket Stadium, Sooriyawewa, Hambantota",1,10.5,Kandy Tuskers,Galle Gladiators,BRM Taylor,BKG Mendis,Shahid Afridi,0,0,,,,,,,,,
1238757,2020/21,2020-11-30,"Mahinda Rajapaksa International Cricket Stadium, Sooriyawewa, Hambantota",1,10.6,Kandy Tuskers,Galle Gladiators,BRM Taylor,BKG Mendis,Shahid Afridi,1,0,,,,,,,,,
1238757,2020/21,2020-11-30,"Mahinda Rajapaksa International Cricket Stadium, Sooriyawewa, Hambantota",1,11.1,Kandy Tuskers,Galle Gladiators,BRM Taylor,BKG Mendis,PADLR Sandakan,1,0,,,,,,,,,
1238757,2020/21,2020-11-30,"Mahinda Rajapaksa International Cricket Stadium, Sooriyawewa, Hambantota",1,11.2,Kandy Tuskers,Galle Gladiators,BKG Mendis,BRM Taylor,PADLR Sandakan,0,0,,,,,,,,,
1238757,2020/21,2020-11-30,"Mahinda Rajapaksa International Cricket Stadium, Sooriyawewa, Hambantota",1,11.3,Kandy Tuskers,Galle Gladiators,BKG Mendis,BRM Taylor,PADLR Sandakan,0,0,,,,,,caught,BKG Mendis,,
1238757,2020/21,2020-11-30,"Mahinda Rajapaksa International Cricket Stadium, Sooriyawewa, Hambantota",1,11.4,Kandy Tuskers,Galle Gladiators,PHKD Mendis,BRM Taylor,PADLR Sandakan,1,0,,,,,,,,,
1238757,2020/21,2020-11-30,"Mahinda Rajapaksa International Cricket Stadium, Sooriyawewa, Hambantota",1,11.5,Kandy Tuskers,Galle Gladiators,BRM Taylor,PHKD Mendis,PADLR Sandakan,1,0,,,,,,,,,
1238757,2020/21,2020-11-30,"Mahinda Rajapaksa International Cricket Stadium, Sooriyawewa, Hambantota",1,11.6,Kandy Tuskers,Galle Gladiators,PHKD Mendis,BRM Taylor,PADLR Sandakan,1,0,,,,,,,,,
1238757,2020/21,2020-11-30,"Mahinda Rajapaksa International Cricket Stadium, Sooriyawewa, Hambantota",1,12.1,Kandy Tuskers,Galle Gladiators,PHKD Mendis,BRM Taylor,Shahid Afridi,1,0,,,,,,,,,
1238757,2020/21,2020-11-30,"Mahinda Rajapaksa International Cricket Stadium, Sooriyawewa, Hambantota",1,12.2,Kandy Tuskers,Galle Gladiators,BRM Taylor,PHKD Mendis,Shahid Afridi,4,0,,,,,,,,,
1238757,2020/21,2020-11-30,"Mahinda Rajapaksa International Cricket Stadium, Sooriyawewa, Hambantota",1,12.3,Kandy Tuskers,Galle Gladiators,BRM Taylor,PHKD Mendis,Shahid Afridi,1,0,,,,,,,,,
1238757,2020/21,2020-11-30,"Mahinda Rajapaksa International Cricket Stadium, Sooriyawewa, Hambantota",1,12.4,Kandy Tuskers,Galle Gladiators,PHKD Mendis,BRM Taylor,Shahid Afridi,1,0,,,,,,,,,
1238757,2020/21,2020-11-30,"Mahinda Rajapaksa International Cricket Stadium, Sooriyawewa, Hambantota",1,12.5,Kandy Tuskers,Galle Gladiators,BRM Taylor,PHKD Mendis,Shahid Afridi,2,0,,,,,,,,,
1238757,2020/21,2020-11-30,"Mahinda Rajapaksa International Cricket Stadium, Sooriyawewa, Hambantota",1,12.6,Kandy Tuskers,Galle Gladiators,BRM Taylor,PHKD Mendis,Shahid Afridi,0,0,,,,,,,,,
1238757,2020/21,2020-11-30,"Mahinda Rajapaksa International Cricket Stadium, Sooriyawewa, Hambantota",1,13.1,Kandy Tuskers,Galle Gladiators,PHKD Mendis,BRM Taylor,PADLR Sandakan,1,0,,,,,,,,,
1238757,2020/21,2020-11-30,"Mahinda Rajapaksa International Cricket Stadium, Sooriyawewa, Hambantota",1,13.2,Kandy Tuskers,Galle Gladiators,BRM Taylor,PHKD Mendis,PADLR Sandakan,4,0,,,,,,,,,
1238757,2020/21,2020-11-30,"Mahinda Rajapaksa International Cricket Stadium, Sooriyawewa, Hambantota",1,13.3,Kandy Tuskers,Galle Gladiators,BRM Taylor,PHKD Mendis,PADLR Sandakan,0,0,,,,,,,,,
1238757,2020/21,2020-11-30,"Mahinda Rajapaksa International Cricket Stadium, Sooriyawewa, Hambantota",1,13.4,Kandy Tuskers,Galle Gladiators,BRM Taylor,PHKD Mendis,PADLR Sandakan,4,0,,,,,,,,,
1238757,2020/21,2020-11-30,"Mahinda Rajapaksa International Cricket Stadium, Sooriyawewa, Hambantota",1,13.5,Kandy Tuskers,Galle Gladiators,BRM Taylor,PHKD Mendis,PADLR Sandakan,0,0,,,,,,,,,
1238757,2020/21,2020-11-30,"Mahinda Rajapaksa International Cricket Stadium, Sooriyawewa, Hambantota",1,13.6,Kandy Tuskers,Galle Gladiators,BRM Taylor,PHKD Mendis,PADLR Sandakan,6,0,,,,,,,,,
1238757,2020/21,2020-11-30,"Mahinda Rajapaksa International Cricket Stadium, Sooriyawewa, Hambantota",1,14.1,Kandy Tuskers,Galle Gladiators,PHKD Mendis,BRM Taylor,A Dananjaya,1,0,,,,,,,,,
1238757,2020/21,2020-11-30,"Mahinda Rajapaksa International Cricket Stadium, Sooriyawewa, Hambantota",1,14.2,Kandy Tuskers,Galle Gladiators,BRM Taylor,PHKD Mendis,A Dananjaya,1,0,,,,,,,,,
1238757,2020/21,2020-11-30,"Mahinda Rajapaksa International Cricket Stadium, Sooriyawewa, Hambantota",1,14.3,Kandy Tuskers,Galle Gladiators,PHKD Mendis,BRM Taylor,A Dananjaya,0,2,,,,2,,,,,
1238757,2020/21,2020-11-30,"Mahinda Rajapaksa International Cricket Stadium, Sooriyawewa, Hambantota",1,14.4,Kandy Tuskers,Galle Gladiators,PHKD Mendis,BRM Taylor,A Dananjaya,1,0,,,,,,,,,
1238757,2020/21,2020-11-30,"Mahinda Rajapaksa International Cricket Stadium, Sooriyawewa, Hambantota",1,14.5,Kandy Tuskers,Galle Gladiators,BRM Taylor,PHKD Mendis,A Dananjaya,4,0,,,,,,,,,
1238757,2020/21,2020-11-30,"Mahinda Rajapaksa International Cricket Stadium, Sooriyawewa, Hambantota",1,14.6,Kandy Tuskers,Galle Gladiators,BRM Taylor,PHKD Mendis,A Dananjaya,0,0,,,,,,,,,
1238757,2020/21,2020-11-30,"Mahinda Rajapaksa International Cricket Stadium, Sooriyawewa, Hambantota",1,15.1,Kandy Tuskers,Galle Gladiators,PHKD Mendis,BRM Taylor,M Shiraz,4,0,,,,,,,,,
1238757,2020/21,2020-11-30,"Mahinda Rajapaksa International Cricket Stadium, Sooriyawewa, Hambantota",1,15.2,Kandy Tuskers,Galle Gladiators,PHKD Mendis,BRM Taylor,M Shiraz,4,0,,,,,,,,,
1238757,2020/21,2020-11-30,"Mahinda Rajapaksa International Cricket Stadium, Sooriyawewa, Hambantota",1,15.3,Kandy Tuskers,Galle Gladiators,PHKD Mendis,BRM Taylor,M Shiraz,0,1,1,,,,,,,,
1238757,2020/21,2020-11-30,"Mahinda Rajapaksa International Cricket Stadium, Sooriyawewa, Hambantota",1,15.4,Kandy Tuskers,Galle Gladiators,PHKD Mendis,BRM Taylor,M Shiraz,1,0,,,,,,,,,
1238757,2020/21,2020-11-30,"Mahinda Rajapaksa International Cricket Stadium, Sooriyawewa, Hambantota",1,15.5,Kandy Tuskers,Galle Gladiators,BRM Taylor,PHKD Mendis,M Shiraz,1,1,,1,,,,,,,
1238757,2020/21,2020-11-30,"Mahinda Rajapaksa International Cricket Stadium, Sooriyawewa, Hambantota",1,15.6,Kandy Tuskers,Galle Gladiators,PHKD Mendis,BRM Taylor,M Shiraz,4,0,,,,,,,,,
1238757,2020/21,2020-11-30,"Mahinda Rajapaksa International Cricket Stadium, Sooriyawewa, Hambantota",1,15.7,Kandy Tuskers,Galle Gladiators,PHKD Mendis,BRM Taylor,M Shiraz,1,0,,,,,,,,,
1238757,2020/21,2020-11-30,"Mahinda Rajapaksa International Cricket Stadium, Sooriyawewa, Hambantota",1,15.8,Kandy Tuskers,Galle Gladiators,BRM Taylor,PHKD Mendis,M Shiraz,0,0,,,,,,,,,
1238757,2020/21,2020-11-30,"Mahinda Rajapaksa International Cricket Stadium, Sooriyawewa, Hambantota",1,16.1,Kandy Tuskers,Galle Gladiators,PHKD Mendis,BRM Taylor,Mohammad Amir,1,0,,,,,,,,,
1238757,2020/21,2020-11-30,"Mahinda Rajapaksa International Cricket Stadium, Sooriyawewa, Hambantota",1,16.2,Kandy Tuskers,Galle Gladiators,BRM Taylor,PHKD Mendis,Mohammad Amir,0,0,,,,,,,,,
1238757,2020/21,2020-11-30,"Mahinda Rajapaksa International Cricket Stadium, Sooriyawewa, Hambantota",1,16.3,Kandy Tuskers,Galle Gladiators,BRM Taylor,PHKD Mendis,Mohammad Amir,4,0,,,,,,,,,
1238757,2020/21,2020-11-30,"Mahinda Rajapaksa International Cricket Stadium, Sooriyawewa, Hambantota",1,16.4,Kandy Tuskers,Galle Gladiators,BRM Taylor,PHKD Mendis,Mohammad Amir,1,0,,,,,,,,,
1238757,2020/21,2020-11-30,"Mahinda Rajapaksa International Cricket Stadium, Sooriyawewa, Hambantota",1,16.5,Kandy Tuskers,Galle Gladiators,PHKD Mendis,BRM Taylor,Mohammad Amir,6,0,,,,,,,,,
1238757,2020/21,2020-11-30,"Mahinda Rajapaksa International Cricket Stadium, Sooriyawewa, Hambantota",1,16.6,Kandy Tuskers,Galle Gladiators,PHKD Mendis,BRM Taylor,Mohammad Amir,0,0,,,,,,bowled,PHKD Mendis,,
1238757,2020/21,2020-11-30,"Mahinda Rajapaksa International Cricket Stadium, Sooriyawewa, Hambantota",1,17.1,Kandy Tuskers,Galle Gladiators,BRM Taylor,DAS Gunaratne,M Shiraz,0,1,1,,,,,,,,
1238757,2020/21,2020-11-30,"Mahinda Rajapaksa International Cricket Stadium, Sooriyawewa, Hambantota",1,17.2,Kandy Tuskers,Galle Gladiators,BRM Taylor,DAS Gunaratne,M Shiraz,1,0,,,,,,,,,
1238757,2020/21,2020-11-30,"Mahinda Rajapaksa International Cricket Stadium, Sooriyawewa, Hambantota",1,17.3,Kandy Tuskers,Galle Gladiators,DAS Gunaratne,BRM Taylor,M Shiraz,1,0,,,,,,,,,
1238757,2020/21,2020-11-30,"Mahinda Rajapaksa International Cricket Stadium, Sooriyawewa, Hambantota",1,17.4,Kandy Tuskers,Galle Gladiators,BRM Taylor,DAS Gunaratne,M Shiraz,0,0,,,,,,,,,
1238757,2020/21,2020-11-30,"Mahinda Rajapaksa International Cricket Stadium, Sooriyawewa, Hambantota",1,17.5,Kandy Tuskers,Galle Gladiators,BRM Taylor,DAS Gunaratne,M Shiraz,1,0,,,,,,,,,
1238757,2020/21,2020-11-30,"Mahinda Rajapaksa International Cricket Stadium, Sooriyawewa, Hambantota",1,17.6,Kandy Tuskers,Galle Gladiators,DAS Gunaratne,BRM Taylor,M Shiraz,0,1,1,,,,,,,,
1238757,2020/21,2020-11-30,"Mahinda Rajapaksa International Cricket Stadium, Sooriyawewa, Hambantota",1,17.7,Kandy Tuskers,Galle Gladiators,DAS Gunaratne,BRM Taylor,M Shiraz,1,0,,,,,,,,,
1238757,2020/21,2020-11-30,"Mahinda Rajapaksa International Cricket Stadium, Sooriyawewa, Hambantota",1,17.8,Kandy Tuskers,Galle Gladiators,BRM Taylor,DAS Gunaratne,M Shiraz,1,0,,,,,,,,,
1238757,2020/21,2020-11-30,"Mahinda Rajapaksa International Cricket Stadium, Sooriyawewa, Hambantota",1,18.1,Kandy Tuskers,Galle Gladiators,BRM Taylor,DAS Gunaratne,Mohammad Amir,1,0,,,,,,,,,
1238757,2020/21,2020-11-30,"Mahinda Rajapaksa International Cricket Stadium, Sooriyawewa, Hambantota",1,18.2,Kandy Tuskers,Galle Gladiators,DAS Gunaratne,BRM Taylor,Mohammad Amir,4,0,,,,,,,,,
1238757,2020/21,2020-11-30,"Mahinda Rajapaksa International Cricket Stadium, Sooriyawewa, Hambantota",1,18.3,Kandy Tuskers,Galle Gladiators,DAS Gunaratne,BRM Taylor,Mohammad Amir,1,0,,,,,,,,,
1238757,2020/21,2020-11-30,"Mahinda Rajapaksa International Cricket Stadium, Sooriyawewa, Hambantota",1,18.4,Kandy Tuskers,Galle Gladiators,BRM Taylor,DAS Gunaratne,Mohammad Amir,0,0,,,,,,,,,
1238757,2020/21,2020-11-30,"Mahinda Rajapaksa International Cricket Stadium, Sooriyawewa, Hambantota",1,18.5,Kandy Tuskers,Galle Gladiators,BRM Taylor,DAS Gunaratne,Mohammad Amir,4,0,,,,,,,,,
1238757,2020/21,2020-11-30,"Mahinda Rajapaksa International Cricket Stadium, Sooriyawewa, Hambantota",1,18.6,Kandy Tuskers,Galle Gladiators,BRM Taylor,DAS Gunaratne,Mohammad Amir,1,0,,,,,,,,,
1238757,2020/21,2020-11-30,"Mahinda Rajapaksa International Cricket Stadium, Sooriyawewa, Hambantota",1,19.1,Kandy Tuskers,Galle Gladiators,BRM Taylor,DAS Gunaratne,M Shiraz,1,0,,,,,,,,,
1238757,2020/21,2020-11-30,"Mahinda Rajapaksa International Cricket Stadium, Sooriyawewa, Hambantota",1,19.2,Kandy Tuskers,Galle Gladiators,DAS Gunaratne,BRM Taylor,M Shiraz,4,0,,,,,,,,,
1238757,2020/21,2020-11-30,"Mahinda Rajapaksa International Cricket Stadium, Sooriyawewa, Hambantota",1,19.3,Kandy Tuskers,Galle Gladiators,DAS Gunaratne,BRM Taylor,M Shiraz,0,0,,,,,,caught,DAS Gunaratne,,
1238757,2020/21,2020-11-30,"Mahinda Rajapaksa International Cricket Stadium, Sooriyawewa, Hambantota",1,19.4,Kandy Tuskers,Galle Gladiators,BRM Taylor,S Prasanna,M Shiraz,1,0,,,,,,,,,
1238757,2020/21,2020-11-30,"Mahinda Rajapaksa International Cricket Stadium, Sooriyawewa, Hambantota",1,19.5,Kandy Tuskers,Galle Gladiators,S Prasanna,BRM Taylor,M Shiraz,1,0,,,,,,,,,
1238757,2020/21,2020-11-30,"Mahinda Rajapaksa International Cricket Stadium, Sooriyawewa, Hambantota",1,19.6,Kandy Tuskers,Galle Gladiators,BRM Taylor,S Prasanna,M Shiraz,0,0,,,,,,,,,
1238757,2020/21,2020-11-30,"Mahinda Rajapaksa International Cricket Stadium, Sooriyawewa, Hambantota",2,0.1,Galle Gladiators,Kandy Tuskers,MD Gunathilaka,Hazratullah,MM Patel,0,0,,,,,,,,,
1238757,2020/21,2020-11-30,"Mahinda Rajapaksa International Cricket Stadium, Sooriyawewa, Hambantota",2,0.2,Galle Gladiators,Kandy Tuskers,MD Gunathilaka,Hazratullah,MM Patel,1,0,,,,,,,,,
1238757,2020/21,2020-11-30,"Mahinda Rajapaksa International Cricket Stadium, Sooriyawewa, Hambantota",2,0.3,Galle Gladiators,Kandy Tuskers,Hazratullah,MD Gunathilaka,MM Patel,2,0,,,,,,,,,
1238757,2020/21,2020-11-30,"Mahinda Rajapaksa International Cricket Stadium, Sooriyawewa, Hambantota",2,0.4,Galle Gladiators,Kandy Tuskers,Hazratullah,MD Gunathilaka,MM Patel,0,0,,,,,,caught,Hazratullah,,
1238757,2020/21,2020-11-30,"Mahinda Rajapaksa International Cricket Stadium, Sooriyawewa, Hambantota",2,0.5,Galle Gladiators,Kandy Tuskers,Azam Khan,MD Gunathilaka,MM Patel,4,0,,,,,,,,,
1238757,2020/21,2020-11-30,"Mahinda Rajapaksa International Cricket Stadium, Sooriyawewa, Hambantota",2,0.6,Galle Gladiators,Kandy Tuskers,Azam Khan,MD Gunathilaka,MM Patel,0,0,,,,,,,,,
1238757,2020/21,2020-11-30,"Mahinda Rajapaksa International Cricket Stadium, Sooriyawewa, Hambantota",2,1.1,Galle Gladiators,Kandy Tuskers,MD Gunathilaka,Azam Khan,MDK Perera,0,1,,,,1,,,,,
1238757,2020/21,2020-11-30,"Mahinda Rajapaksa International Cricket Stadium, Sooriyawewa, Hambantota",2,1.2,Galle Gladiators,Kandy Tuskers,Azam Khan,MD Gunathilaka,MDK Perera,0,0,,,,,,,,,
1238757,2020/21,2020-11-30,"Mahinda Rajapaksa International Cricket Stadium, Sooriyawewa, Hambantota",2,1.3,Galle Gladiators,Kandy Tuskers,Azam Khan,MD Gunathilaka,MDK Perera,1,0,,,,,,,,,
1238757,2020/21,2020-11-30,"Mahinda Rajapaksa International Cricket Stadium, Sooriyawewa, Hambantota",2,1.4,Galle Gladiators,Kandy Tuskers,MD Gunathilaka,Azam Khan,MDK Perera,1,0,,,,,,,,,
1238757,2020/21,2020-11-30,"Mahinda Rajapaksa International Cricket Stadium, Sooriyawewa, Hambantota",2,1.5,Galle Gladiators,Kandy Tuskers,Azam Khan,MD Gunathilaka,MDK Perera,1,0,,,,,,,,,
1238757,2020/21,2020-11-30,"Mahinda Rajapaksa International Cricket Stadium, Sooriyawewa, Hambantota",2,1.6,Galle Gladiators,Kandy Tuskers,MD Gunathilaka,Azam Khan,MDK Perera,1,0,,,,,,,,,
1238757,2020/21,2020-11-30,"Mahinda Rajapaksa International Cricket Stadium, Sooriyawewa, Hambantota",2,2.1,Galle Gladiators,Kandy Tuskers,MD Gunathilaka,Azam Khan,MM Patel,0,0,,,,,,,,,
1238757,2020/21,2020-11-30,"Mahinda Rajapaksa International Cricket Stadium, Sooriyawewa, Hambantota",2,2.2,Galle Gladiators,Kandy Tuskers,MD Gunathilaka,Azam Khan,MM Patel,1,0,,,,,,,,,
1238757,2020/21,2020-11-30,"Mahinda Rajapaksa International Cricket Stadium, Sooriyawewa, Hambantota",2,2.3,Galle Gladiators,Kandy Tuskers,Azam Khan,MD Gunathilaka,MM Patel,6,0,,,,,,,,,
1238757,2020/21,2020-11-30,"Mahinda Rajapaksa International Cricket Stadium, Sooriyawewa, Hambantota",2,2.4,Galle Gladiators,Kandy Tuskers,Azam Khan,MD Gunathilaka,MM Patel,1,0,,,,,,,,,
1238757,2020/21,2020-11-30,"Mahinda Rajapaksa International Cricket Stadium, Sooriyawewa, Hambantota",2,2.5,Galle Gladiators,Kandy Tuskers,MD Gunathilaka,Azam Khan,MM Patel,4,0,,,,,,,,,
1238757,2020/21,2020-11-30,"Mahinda Rajapaksa International Cricket Stadium, Sooriyawewa, Hambantota",2,2.6,Galle Gladiators,Kandy Tuskers,MD Gunathilaka,Azam Khan,MM Patel,0,0,,,,,,,,,
1238757,2020/21,2020-11-30,"Mahinda Rajapaksa International Cricket Stadium, Sooriyawewa, Hambantota",2,3.1,Galle Gladiators,Kandy Tuskers,Azam Khan,MD Gunathilaka,DAS Gunaratne,0,0,,,,,,,,,
1238757,2020/21,2020-11-30,"Mahinda Rajapaksa International Cricket Stadium, Sooriyawewa, Hambantota",2,3.2,Galle Gladiators,Kandy Tuskers,Azam Khan,MD Gunathilaka,DAS Gunaratne,0,0,,,,,,caught,Azam Khan,,
1238757,2020/21,2020-11-30,"Mahinda Rajapaksa International Cricket Stadium, Sooriyawewa, Hambantota",2,3.3,Galle Gladiators,Kandy Tuskers,PBB Rajapaksa,MD Gunathilaka,DAS Gunaratne,0,0,,,,,,,,,
1238757,2020/21,2020-11-30,"Mahinda Rajapaksa International Cricket Stadium, Sooriyawewa, Hambantota",2,3.4,Galle Gladiators,Kandy Tuskers,PBB Rajapaksa,MD Gunathilaka,DAS Gunaratne,0,0,,,,,,,,,
1238757,2020/21,2020-11-30,"Mahinda Rajapaksa International Cricket Stadium, Sooriyawewa, Hambantota",2,3.5,Galle Gladiators,Kandy Tuskers,PBB Rajapaksa,MD Gunathilaka,DAS Gunaratne,0,0,,,,,,,,,
1238757,2020/21,2020-11-30,"Mahinda Rajapaksa International Cricket Stadium, Sooriyawewa, Hambantota",2,3.6,Galle Gladiators,Kandy Tuskers,PBB Rajapaksa,MD Gunathilaka,DAS Gunaratne,0,0,,,,,,,,,
1238757,2020/21,2020-11-30,"Mahinda Rajapaksa International Cricket Stadium, Sooriyawewa, Hambantota",2,4.1,Galle Gladiators,Kandy Tuskers,MD Gunathilaka,PBB Rajapaksa,MM Patel,0,0,,,,,,,,,
1238757,2020/21,2020-11-30,"Mahinda Rajapaksa International Cricket Stadium, Sooriyawewa, Hambantota",2,4.2,Galle Gladiators,Kandy Tuskers,MD Gunathilaka,PBB Rajapaksa,MM Patel,4,0,,,,,,,,,
1238757,2020/21,2020-11-30,"Mahinda Rajapaksa International Cricket Stadium, Sooriyawewa, Hambantota",2,4.3,Galle Gladiators,Kandy Tuskers,MD Gunathilaka,PBB Rajapaksa,MM Patel,1,0,,,,,,,,,
1238757,2020/21,2020-11-30,"Mahinda Rajapaksa International Cricket Stadium, Sooriyawewa, Hambantota",2,4.4,Galle Gladiators,Kandy Tuskers,PBB Rajapaksa,MD Gunathilaka,MM Patel,6,0,,,,,,,,,
1238757,2020/21,2020-11-30,"Mahinda Rajapaksa International Cricket Stadium, Sooriyawewa, Hambantota",2,4.5,Galle Gladiators,Kandy Tuskers,PBB Rajapaksa,MD Gunathilaka,MM Patel,4,0,,,,,,,,,
1238757,2020/21,2020-11-30,"Mahinda Rajapaksa International Cricket Stadium, Sooriyawewa, Hambantota",2,4.6,Galle Gladiators,Kandy Tuskers,PBB Rajapaksa,MD Gunathilaka,MM Patel,1,0,,,,,,,,,
1238757,2020/21,2020-11-30,"Mahinda Rajapaksa International Cricket Stadium, Sooriyawewa, Hambantota",2,5.1,Galle Gladiators,Kandy Tuskers,PBB Rajapaksa,MD Gunathilaka,N Pradeep,1,0,,,,,,,,,
1238757,2020/21,2020-11-30,"Mahinda Rajapaksa International Cricket Stadium, Sooriyawewa, Hambantota",2,5.2,Galle Gladiators,Kandy Tuskers,MD Gunathilaka,PBB Rajapaksa,N Pradeep,4,0,,,,,,,,,
1238757,2020/21,2020-11-30,"Mahinda Rajapaksa International Cricket Stadium, Sooriyawewa, Hambantota",2,5.3,Galle Gladiators,Kandy Tuskers,MD Gunathilaka,PBB Rajapaksa,N Pradeep,0,0,,,,,,,,,
1238757,2020/21,2020-11-30,"Mahinda Rajapaksa International Cricket Stadium, Sooriyawewa, Hambantota",2,5.4,Galle Gladiators,Kandy Tuskers,MD Gunathilaka,PBB Rajapaksa,N Pradeep,0,0,,,,,,run out,PBB Rajapaksa,,
1238757,2020/21,2020-11-30,"Mahinda Rajapaksa International Cricket Stadium, Sooriyawewa, Hambantota",2,5.5,Galle Gladiators,Kandy Tuskers,MD Gunathilaka,TAM Siriwardana,N Pradeep,4,0,,,,,,,,,
1238757,2020/21,2020-11-30,"Mahinda Rajapaksa International Cricket Stadium, Sooriyawewa, Hambantota",2,5.6,Galle Gladiators,Kandy Tuskers,MD Gunathilaka,TAM Siriwardana,N Pradeep,4,0,,,,,,,,,
1238757,2020/21,2020-11-30,"Mahinda Rajapaksa International Cricket Stadium, Sooriyawewa, Hambantota",2,6.1,Galle Gladiators,Kandy Tuskers,TAM Siriwardana,MD Gunathilaka,DAS Gunaratne,4,0,,,,,,,,,
1238757,2020/21,2020-11-30,"Mahinda Rajapaksa International Cricket Stadium, Sooriyawewa, Hambantota",2,6.2,Galle Gladiators,Kandy Tuskers,TAM Siriwardana,MD Gunathilaka,DAS Gunaratne,1,0,,,,,,,,,
1238757,2020/21,2020-11-30,"Mahinda Rajapaksa International Cricket Stadium, Sooriyawewa, Hambantota",2,6.3,Galle Gladiators,Kandy Tuskers,MD Gunathilaka,TAM Siriwardana,DAS Gunaratne,0,0,,,,,,,,,
1238757,2020/21,2020-11-30,"Mahinda Rajapaksa International Cricket Stadium, Sooriyawewa, Hambantota",2,6.4,Galle Gladiators,Kandy Tuskers,MD Gunathilaka,TAM Siriwardana,DAS Gunaratne,0,0,,,,,,,,,
1238757,2020/21,2020-11-30,"Mahinda Rajapaksa International Cricket Stadium, Sooriyawewa, Hambantota",2,6.5,Galle Gladiators,Kandy Tuskers,MD Gunathilaka,TAM Siriwardana,DAS Gunaratne,1,0,,,,,,,,,
1238757,2020/21,2020-11-30,"Mahinda Rajapaksa International Cricket Stadium, Sooriyawewa, Hambantota",2,6.6,Galle Gladiators,Kandy Tuskers,TAM Siriwardana,MD Gunathilaka,DAS Gunaratne,4,0,,,,,,,,,
1238757,2020/21,2020-11-30,"Mahinda Rajapaksa International Cricket Stadium, Sooriyawewa, Hambantota",2,7.1,Galle Gladiators,Kandy Tuskers,MD Gunathilaka,TAM Siriwardana,MDK Perera,2,0,,,,,,,,,
1238757,2020/21,2020-11-30,"Mahinda Rajapaksa International Cricket Stadium, Sooriyawewa, Hambantota",2,7.2,Galle Gladiators,Kandy Tuskers,MD Gunathilaka,TAM Siriwardana,MDK Perera,4,0,,,,,,,,,
1238757,2020/21,2020-11-30,"Mahinda Rajapaksa International Cricket Stadium, Sooriyawewa, Hambantota",2,7.3,Galle Gladiators,Kandy Tuskers,MD Gunathilaka,TAM Siriwardana,MDK Perera,1,0,,,,,,,,,
1238757,2020/21,2020-11-30,"Mahinda Rajapaksa International Cricket Stadium, Sooriyawewa, Hambantota",2,7.4,Galle Gladiators,Kandy Tuskers,TAM Siriwardana,MD Gunathilaka,MDK Perera,0,0,,,,,,,,,
1238757,2020/21,2020-11-30,"Mahinda Rajapaksa International Cricket Stadium, Sooriyawewa, Hambantota",2,7.5,Galle Gladiators,Kandy Tuskers,TAM Siriwardana,MD Gunathilaka,MDK Perera,4,0,,,,,,,,,
1238757,2020/21,2020-11-30,"Mahinda Rajapaksa International Cricket Stadium, Sooriyawewa, Hambantota",2,7.6,Galle Gladiators,Kandy Tuskers,TAM Siriwardana,MD Gunathilaka,MDK Perera,0,0,,,,,,stumped,TAM Siriwardana,,
1238757,2020/21,2020-11-30,"Mahinda Rajapaksa International Cricket Stadium, Sooriyawewa, Hambantota",2,8.1,Galle Gladiators,Kandy Tuskers,MD Gunathilaka,Shahid Afridi,S Prasanna,6,0,,,,,,,,,
1238757,2020/21,2020-11-30,"Mahinda Rajapaksa International Cricket Stadium, Sooriyawewa, Hambantota",2,8.2,Galle Gladiators,Kandy Tuskers,MD Gunathilaka,Shahid Afridi,S Prasanna,4,0,,,,,,,,,
1238757,2020/21,2020-11-30,"Mahinda Rajapaksa International Cricket Stadium, Sooriyawewa, Hambantota",2,8.3,Galle Gladiators,Kandy Tuskers,MD Gunathilaka,Shahid Afridi,S Prasanna,0,0,,,,,,,,,
1238757,2020/21,2020-11-30,"Mahinda Rajapaksa International Cricket Stadium, Sooriyawewa, Hambantota",2,8.4,Galle Gladiators,Kandy Tuskers,MD Gunathilaka,Shahid Afridi,S Prasanna,1,0,,,,,,,,,
1238757,2020/21,2020-11-30,"Mahinda Rajapaksa International Cricket Stadium, Sooriyawewa, Hambantota",2,8.5,Galle Gladiators,Kandy Tuskers,Shahid Afridi,MD Gunathilaka,S Prasanna,0,0,,,,,,caught,Shahid Afridi,,
1238757,2020/21,2020-11-30,"Mahinda Rajapaksa International Cricket Stadium, Sooriyawewa, Hambantota",2,8.6,Galle Gladiators,Kandy Tuskers,GSNFG Jayasuriya,MD Gunathilaka,S Prasanna,1,0,,,,,,,,,
1238757,2020/21,2020-11-30,"Mahinda Rajapaksa International Cricket Stadium, Sooriyawewa, Hambantota",2,9.1,Galle Gladiators,Kandy Tuskers,GSNFG Jayasuriya,MD Gunathilaka,MDK Perera,2,0,,,,,,,,,
1238757,2020/21,2020-11-30,"Mahinda Rajapaksa International Cricket Stadium, Sooriyawewa, Hambantota",2,9.2,Galle Gladiators,Kandy Tuskers,GSNFG Jayasuriya,MD Gunathilaka,MDK Perera,0,0,,,,,,,,,
1238757,2020/21,2020-11-30,"Mahinda Rajapaksa International Cricket Stadium, Sooriyawewa, Hambantota",2,9.3,Galle Gladiators,Kandy Tuskers,GSNFG Jayasuriya,MD Gunathilaka,MDK Perera,1,0,,,,,,,,,
1238757,2020/21,2020-11-30,"Mahinda Rajapaksa International Cricket Stadium, Sooriyawewa, Hambantota",2,9.4,Galle Gladiators,Kandy Tuskers,MD Gunathilaka,GSNFG Jayasuriya,MDK Perera,1,0,,,,,,,,,
1238757,2020/21,2020-11-30,"Mahinda Rajapaksa International Cricket Stadium, Sooriyawewa, Hambantota",2,9.5,Galle Gladiators,Kandy Tuskers,GSNFG Jayasuriya,MD Gunathilaka,MDK Perera,0,0,,,,,,,,,
1238757,2020/21,2020-11-30,"Mahinda Rajapaksa International Cricket Stadium, Sooriyawewa, Hambantota",2,9.6,Galle Gladiators,Kandy Tuskers,GSNFG Jayasuriya,MD Gunathilaka,MDK Perera,1,0,,,,,,,,,
1238757,2020/21,2020-11-30,"Mahinda Rajapaksa International Cricket Stadium, Sooriyawewa, Hambantota",2,10.1,Galle Gladiators,Kandy Tuskers,GSNFG Jayasuriya,MD Gunathilaka,DAS Gunaratne,1,0,,,,,,,,,
1238757,2020/21,2020-11-30,"Mahinda Rajapaksa International Cricket Stadium, Sooriyawewa, Hambantota",2,10.2,Galle Gladiators,Kandy Tuskers,MD Gunathilaka,GSNFG Jayasuriya,DAS Gunaratne,0,1,1,,,,,,,,
1238757,2020/21,2020-11-30,"Mahinda Rajapaksa International Cricket Stadium, Sooriyawewa, Hambantota",2,10.3,Galle Gladiators,Kandy Tuskers,MD Gunathilaka,GSNFG Jayasuriya,DAS Gunaratne,0,0,,,,,,,,,
1238757,2020/21,2020-11-30,"Mahinda Rajapaksa International Cricket Stadium, Sooriyawewa, Hambantota",2,10.4,Galle Gladiators,Kandy Tuskers,MD Gunathilaka,GSNFG Jayasuriya,DAS Gunaratne,4,0,,,,,,,,,
1238757,2020/21,2020-11-30,"Mahinda Rajapaksa International Cricket Stadium, Sooriyawewa, Hambantota",2,10.5,Galle Gladiators,Kandy Tuskers,MD Gunathilaka,GSNFG Jayasuriya,DAS Gunaratne,1,0,,,,,,,,,
1238757,2020/21,2020-11-30,"Mahinda Rajapaksa International Cricket Stadium, Sooriyawewa, Hambantota",2,10.6,Galle Gladiators,Kandy Tuskers,GSNFG Jayasuriya,MD Gunathilaka,DAS Gunaratne,0,0,,,,,,,,,
1238757,2020/21,2020-11-30,"Mahinda Rajapaksa International Cricket Stadium, Sooriyawewa, Hambantota",2,10.7,Galle Gladiators,Kandy Tuskers,GSNFG Jayasuriya,MD Gunathilaka,DAS Gunaratne,1,0,,,,,,,,,
1238757,2020/21,2020-11-30,"Mahinda Rajapaksa International Cricket Stadium, Sooriyawewa, Hambantota",2,11.1,Galle Gladiators,Kandy Tuskers,GSNFG Jayasuriya,MD Gunathilaka,MDK Perera,1,0,,,,,,,,,
1238757,2020/21,2020-11-30,"Mahinda Rajapaksa International Cricket Stadium, Sooriyawewa, Hambantota",2,11.2,Galle Gladiators,Kandy Tuskers,MD Gunathilaka,GSNFG Jayasuriya,MDK Perera,1,0,,,,,,,,,
1238757,2020/21,2020-11-30,"Mahinda Rajapaksa International Cricket Stadium, Sooriyawewa, Hambantota",2,11.3,Galle Gladiators,Kandy Tuskers,GSNFG Jayasuriya,MD Gunathilaka,MDK Perera,0,0,,,,,,,,,
1238757,2020/21,2020-11-30,"Mahinda Rajapaksa International Cricket Stadium, Sooriyawewa, Hambantota",2,11.4,Galle Gladiators,Kandy Tuskers,GSNFG Jayasuriya,MD Gunathilaka,MDK Perera,1,0,,,,,,,,,
1238757,2020/21,2020-11-30,"Mahinda Rajapaksa International Cricket Stadium, Sooriyawewa, Hambantota",2,11.5,Galle Gladiators,Kandy Tuskers,MD Gunathilaka,GSNFG Jayasuriya,MDK Perera,2,0,,,,,,,,,
1238757,2020/21,2020-11-30,"Mahinda Rajapaksa International Cricket Stadium, Sooriyawewa, Hambantota",2,11.6,Galle Gladiators,Kandy Tuskers,MD Gunathilaka,GSNFG Jayasuriya,MDK Perera,1,0,,,,,,,,,
1238757,2020/21,2020-11-30,"Mahinda Rajapaksa International Cricket Stadium, Sooriyawewa, Hambantota",2,12.1,Galle Gladiators,Kandy Tuskers,MD Gunathilaka,GSNFG Jayasuriya,DAS Gunaratne,4,0,,,,,,,,,
1238757,2020/21,2020-11-30,"Mahinda Rajapaksa International Cricket Stadium, Sooriyawewa, Hambantota",2,12.2,Galle Gladiators,Kandy Tuskers,MD Gunathilaka,GSNFG Jayasuriya,DAS Gunaratne,4,0,,,,,,,,,
1238757,2020/21,2020-11-30,"Mahinda Rajapaksa International Cricket Stadium, Sooriyawewa, Hambantota",2,12.3,Galle Gladiators,Kandy Tuskers,MD Gunathilaka,GSNFG Jayasuriya,DAS Gunaratne,1,0,,,,,,,,,
1238757,2020/21,2020-11-30,"Mahinda Rajapaksa International Cricket Stadium, Sooriyawewa, Hambantota",2,12.4,Galle Gladiators,Kandy Tuskers,GSNFG Jayasuriya,MD Gunathilaka,DAS Gunaratne,0,0,,,,,,,,,
1238757,2020/21,2020-11-30,"Mahinda Rajapaksa International Cricket Stadium, Sooriyawewa, Hambantota",2,12.5,Galle Gladiators,Kandy Tuskers,GSNFG Jayasuriya,MD Gunathilaka,DAS Gunaratne,0,1,,,,1,,,,,
1238757,2020/21,2020-11-30,"Mahinda Rajapaksa International Cricket Stadium, Sooriyawewa, Hambantota",2,12.6,Galle Gladiators,Kandy Tuskers,MD Gunathilaka,GSNFG Jayasuriya,DAS Gunaratne,1,0,,,,,,,,,
1238757,2020/21,2020-11-30,"Mahinda Rajapaksa International Cricket Stadium, Sooriyawewa, Hambantota",2,13.1,Galle Gladiators,Kandy Tuskers,MD Gunathilaka,GSNFG Jayasuriya,Naveen-ul-Haq,0,1,1,,,,,,,,
1238757,2020/21,2020-11-30,"Mahinda Rajapaksa International Cricket Stadium, Sooriyawewa, Hambantota",2,13.2,Galle Gladiators,Kandy Tuskers,MD Gunathilaka,GSNFG Jayasuriya,Naveen-ul-Haq,4,0,,,,,,,,,
1238757,2020/21,2020-11-30,"Mahinda Rajapaksa International Cricket Stadium, Sooriyawewa, Hambantota",2,13.3,Galle Gladiators,Kandy Tuskers,MD Gunathilaka,GSNFG Jayasuriya,Naveen-ul-Haq,0,1,,,,1,,,,,
1238757,2020/21,2020-11-30,"Mahinda Rajapaksa International Cricket Stadium, Sooriyawewa, Hambantota",2,13.4,Galle Gladiators,Kandy Tuskers,GSNFG Jayasuriya,MD Gunathilaka,Naveen-ul-Haq,1,0,,,,,,,,,
1238757,2020/21,2020-11-30,"Mahinda Rajapaksa International Cricket Stadium, Sooriyawewa, Hambantota",2,13.5,Galle Gladiators,Kandy Tuskers,MD Gunathilaka,GSNFG Jayasuriya,Naveen-ul-Haq,0,0,,,,,,,,,
1238757,2020/21,2020-11-30,"Mahinda Rajapaksa International Cricket Stadium, Sooriyawewa, Hambantota",2,13.6,Galle Gladiators,Kandy Tuskers,MD Gunathilaka,GSNFG Jayasuriya,Naveen-ul-Haq,1,0,,,,,,,,,
1238757,2020/21,2020-11-30,"Mahinda Rajapaksa International Cricket Stadium, Sooriyawewa, Hambantota",2,13.7,Galle Gladiators,Kandy Tuskers,GSNFG Jayasuriya,MD Gunathilaka,Naveen-ul-Haq,1,0,,,,,,,,,
1238757,2020/21,2020-11-30,"Mahinda Rajapaksa International Cricket Stadium, Sooriyawewa, Hambantota",2,14.1,Galle Gladiators,Kandy Tuskers,GSNFG Jayasuriya,MD Gunathilaka,PHKD Mendis,1,0,,,,,,,,,
1238757,2020/21,2020-11-30,"Mahinda Rajapaksa International Cricket Stadium, Sooriyawewa, Hambantota",2,14.2,Galle Gladiators,Kandy Tuskers,MD Gunathilaka,GSNFG Jayasuriya,PHKD Mendis,4,0,,,,,,,,,
1238757,2020/21,2020-11-30,"Mahinda Rajapaksa International Cricket Stadium, Sooriyawewa, Hambantota",2,14.3,Galle Gladiators,Kandy Tuskers,MD Gunathilaka,GSNFG Jayasuriya,PHKD Mendis,0,1,,,,1,,,,,
1238757,2020/21,2020-11-30,"Mahinda Rajapaksa International Cricket Stadium, Sooriyawewa, Hambantota",2,14.4,Galle Gladiators,Kandy Tuskers,GSNFG Jayasuriya,MD Gunathilaka,PHKD Mendis,1,0,,,,,,,,,
1238757,2020/21,2020-11-30,"Mahinda Rajapaksa International Cricket Stadium, Sooriyawewa, Hambantota",2,14.5,Galle Gladiators,Kandy Tuskers,MD Gunathilaka,GSNFG Jayasuriya,PHKD Mendis,1,0,,,,,,,,,
1238757,2020/21,2020-11-30,"Mahinda Rajapaksa International Cricket Stadium, Sooriyawewa, Hambantota",2,14.6,Galle Gladiators,Kandy Tuskers,GSNFG Jayasuriya,MD Gunathilaka,PHKD Mendis,1,0,,,,,,,,,
1238757,2020/21,2020-11-30,"Mahinda Rajapaksa International Cricket Stadium, Sooriyawewa, Hambantota",2,15.1,Galle Gladiators,Kandy Tuskers,GSNFG Jayasuriya,MD Gunathilaka,Naveen-ul-Haq,0,0,,,,,,,,,
1238757,2020/21,2020-11-30,"Mahinda Rajapaksa International Cricket Stadium, Sooriyawewa, Hambantota",2,15.2,Galle Gladiators,Kandy Tuskers,GSNFG Jayasuriya,MD Gunathilaka,Naveen-ul-Haq,1,0,,,,,,,,,
1238757,2020/21,2020-11-30,"Mahinda Rajapaksa International Cricket Stadium, Sooriyawewa, Hambantota",2,15.3,Galle Gladiators,Kandy Tuskers,MD Gunathilaka,GSNFG Jayasuriya,Naveen-ul-Haq,1,0,,,,,,,,,
1238757,2020/21,2020-11-30,"Mahinda Rajapaksa International Cricket Stadium, Sooriyawewa, Hambantota",2,15.4,Galle Gladiators,Kandy Tuskers,GSNFG Jayasuriya,MD Gunathilaka,Naveen-ul-Haq,2,0,,,,,,,,,
1238757,2020/21,2020-11-30,"Mahinda Rajapaksa International Cricket Stadium, Sooriyawewa, Hambantota",2,15.5,Galle Gladiators,Kandy Tuskers,GSNFG Jayasuriya,MD Gunathilaka,Naveen-ul-Haq,0,0,,,,,,caught,GSNFG Jayasuriya,,
1238757,2020/21,2020-11-30,"Mahinda Rajapaksa International Cricket Stadium, Sooriyawewa, Hambantota",2,15.6,Galle Gladiators,Kandy Tuskers,MD Gunathilaka,M Shiraz,Naveen-ul-Haq,4,0,,,,,,,,,
1238757,2020/21,2020-11-30,"Mahinda Rajapaksa International Cricket Stadium, Sooriyawewa, Hambantota",2,16.1,Galle Gladiators,Kandy Tuskers,M Shiraz,MD Gunathilaka,N Pradeep,1,0,,,,,,,,,
1238757,2020/21,2020-11-30,"Mahinda Rajapaksa International Cricket Stadium, Sooriyawewa, Hambantota",2,16.2,Galle Gladiators,Kandy Tuskers,MD Gunathilaka,M Shiraz,N Pradeep,1,0,,,,,,,,,
1238757,2020/21,2020-11-30,"Mahinda Rajapaksa International Cricket Stadium, Sooriyawewa, Hambantota",2,16.3,Galle Gladiators,Kandy Tuskers,M Shiraz,MD Gunathilaka,N Pradeep,1,0,,,,,,,,,
1238757,2020/21,2020-11-30,"Mahinda Rajapaksa International Cricket Stadium, Sooriyawewa, Hambantota",2,16.4,Galle Gladiators,Kandy Tuskers,MD Gunathilaka,M Shiraz,N Pradeep,0,0,,,,,,,,,
1238757,2020/21,2020-11-30,"Mahinda Rajapaksa International Cricket Stadium, Sooriyawewa, Hambantota",2,16.5,Galle Gladiators,Kandy Tuskers,MD Gunathilaka,M Shiraz,N Pradeep,0,1,1,,,,,,,,
1238757,2020/21,2020-11-30,"Mahinda Rajapaksa International Cricket Stadium, Sooriyawewa, Hambantota",2,16.6,Galle Gladiators,Kandy Tuskers,MD Gunathilaka,M Shiraz,N Pradeep,0,0,,,,,,,,,
1238757,2020/21,2020-11-30,"Mahinda Rajapaksa International Cricket Stadium, Sooriyawewa, Hambantota",2,16.7,Galle Gladiators,Kandy Tuskers,MD Gunathilaka,M Shiraz,N Pradeep,0,1,,,1,,,,,,
1238757,2020/21,2020-11-30,"Mahinda Rajapaksa International Cricket Stadium, Sooriyawewa, Hambantota",2,17.1,Galle Gladiators,Kandy Tuskers,MD Gunathilaka,M Shiraz,Naveen-ul-Haq,1,0,,,,,,,,,
1238757,2020/21,2020-11-30,"Mahinda Rajapaksa International Cricket Stadium, Sooriyawewa, Hambantota",2,17.2,Galle Gladiators,Kandy Tuskers,M Shiraz,MD Gunathilaka,Naveen-ul-Haq,1,0,,,,,,,,,
1238757,2020/21,2020-11-30,"Mahinda Rajapaksa International Cricket Stadium, Sooriyawewa, Hambantota",2,17.3,Galle Gladiators,Kandy Tuskers,MD Gunathilaka,M Shiraz,Naveen-ul-Haq,1,0,,,,,,run out,MD Gunathilaka,,
1238757,2020/21,2020-11-30,"Mahinda Rajapaksa International Cricket Stadium, Sooriyawewa, Hambantota",2,17.4,Galle Gladiators,Kandy Tuskers,Mohammad Amir,M Shiraz,Naveen-ul-Haq,4,0,,,,,,,,,
1238757,2020/21,2020-11-30,"Mahinda Rajapaksa International Cricket Stadium, Sooriyawewa, Hambantota",2,17.5,Galle Gladiators,Kandy Tuskers,Mohammad Amir,M Shiraz,Naveen-ul-Haq,0,0,,,,,,,,,
1238757,2020/21,2020-11-30,"Mahinda Rajapaksa International Cricket Stadium, Sooriyawewa, Hambantota",2,17.6,Galle Gladiators,Kandy Tuskers,Mohammad Amir,M Shiraz,Naveen-ul-Haq,1,0,,,,,,,,,
1238757,2020/21,2020-11-30,"Mahinda Rajapaksa International Cricket Stadium, Sooriyawewa, Hambantota",2,18.1,Galle Gladiators,Kandy Tuskers,Mohammad Amir,M Shiraz,N Pradeep,0,0,,,,,,,,,
1238757,2020/21,2020-11-30,"Mahinda Rajapaksa International Cricket Stadium, Sooriyawewa, Hambantota",2,18.2,Galle Gladiators,Kandy Tuskers,Mohammad Amir,M Shiraz,N Pradeep,1,0,,,,,,,,,
1238757,2020/21,2020-11-30,"Mahinda Rajapaksa International Cricket Stadium, Sooriyawewa, Hambantota",2,18.3,Galle Gladiators,Kandy Tuskers,M Shiraz,Mohammad Amir,N Pradeep,4,0,,,,,,,,,
1238757,2020/21,2020-11-30,"Mahinda Rajapaksa International Cricket Stadium, Sooriyawewa, Hambantota",2,18.4,Galle Gladiators,Kandy Tuskers,M Shiraz,Mohammad Amir,N Pradeep,1,0,,,,,,,,,
1238757,2020/21,2020-11-30,"Mahinda Rajapaksa International Cricket Stadium, Sooriyawewa, Hambantota",2,18.5,Galle Gladiators,Kandy Tuskers,Mohammad Amir,M Shiraz,N Pradeep,0,0,,,,,,,,,
1238757,2020/21,2020-11-30,"Mahinda Rajapaksa International Cricket Stadium, Sooriyawewa, Hambantota",2,18.6,Galle Gladiators,Kandy Tuskers,Mohammad Amir,M Shiraz,N Pradeep,1,0,,,,,,,,,
1238757,2020/21,2020-11-30,"Mahinda Rajapaksa International Cricket Stadium, Sooriyawewa, Hambantota",2,19.1,Galle Gladiators,Kandy Tuskers,Mohammad Amir,M Shiraz,Naveen-ul-Haq,6,0,,,,,,,,,
1238757,2020/21,2020-11-30,"Mahinda Rajapaksa International Cricket Stadium, Sooriyawewa, Hambantota",2,19.2,Galle Gladiators,Kandy Tuskers,Mohammad Amir,M Shiraz,Naveen-ul-Haq,0,0,,,,,,,,,
1238757,2020/21,2020-11-30,"Mahinda Rajapaksa International Cricket Stadium, Sooriyawewa, Hambantota",2,19.3,Galle Gladiators,Kandy Tuskers,Mohammad Amir,M Shiraz,Naveen-ul-Haq,0,0,,,,,,,,,
1238757,2020/21,2020-11-30,"Mahinda Rajapaksa International Cricket Stadium, Sooriyawewa, Hambantota",2,19.4,Galle Gladiators,Kandy Tuskers,Mohammad Amir,M Shiraz,Naveen-ul-Haq,1,0,,,,,,,,,
1238757,2020/21,2020-11-30,"Mahinda Rajapaksa International Cricket Stadium, Sooriyawewa, Hambantota",2,19.5,Galle Gladiators,Kandy Tuskers,M Shiraz,Mohammad Amir,Naveen-ul-Haq,1,0,,,,,,,,,
1238757,2020/21,2020-11-30,"Mahinda Rajapaksa International Cricket Stadium, Sooriyawewa, Hambantota",2,19.6,Galle Gladiators,Kandy Tuskers,Mohammad Amir,M Shiraz,Naveen-ul-Haq,1,0,,,,,,,,,
