match_id,season,start_date,venue,innings,ball,batting_team,bowling_team,striker,non_striker,bowler,runs_off_bat,extras,wides,noballs,byes,legbyes,penalty,wicket_type,player_dismissed,other_wicket_type,other_player_dismissed
1238769,2020/21,2020-12-10,"Mahinda Rajapaksa International Cricket Stadium, Sooriyawewa, Hambantota",1,0.1,Colombo Kings,Jaffna Stallions,LD Chandimal,LJ Evans,B Fernando,0,0,,,,,,,,,
1238769,2020/21,2020-12-10,"Mahinda Rajapaksa International Cricket Stadium, Sooriyawewa, Hambantota",1,0.2,Colombo Kings,Jaffna Stallions,LD Chandimal,LJ Evans,B Fernando,0,0,,,,,,,,,
1238769,2020/21,2020-12-10,"Mahinda Rajapaksa International Cricket Stadium, Sooriyawewa, Hambantota",1,0.3,Colombo Kings,Jaffna Stallions,LD Chandimal,LJ Evans,B Fernando,4,0,,,,,,,,,
1238769,2020/21,2020-12-10,"Mahinda Rajapaksa International Cricket Stadium, Sooriyawewa, Hambantota",1,0.4,Colombo Kings,Jaffna Stallions,LD Chandimal,LJ Evans,B Fernando,0,0,,,,,,,,,
1238769,2020/21,2020-12-10,"Mahinda Rajapaksa International Cricket Stadium, Sooriyawewa, Hambantota",1,0.5,Colombo Kings,Jaffna Stallions,LD Chandimal,LJ Evans,B Fernando,4,0,,,,,,,,,
1238769,2020/21,2020-12-10,"Mahinda Rajapaksa International Cricket Stadium, Sooriyawewa, Hambantota",1,0.6,Colombo Kings,Jaffna Stallions,LD Chandimal,LJ Evans,B Fernando,0,0,,,,,,,,,
1238769,2020/21,2020-12-10,"Mahinda Rajapaksa International Cricket Stadium, Sooriyawewa, Hambantota",1,1.1,Colombo Kings,Jaffna Stallions,LJ Evans,LD Chandimal,RAS Lakmal,1,0,,,,,,,,,
1238769,2020/21,2020-12-10,"Mahinda Rajapaksa International Cricket Stadium, Sooriyawewa, Hambantota",1,1.2,Colombo Kings,Jaffna Stallions,LD Chandimal,LJ Evans,RAS Lakmal,0,0,,,,,,,,,
1238769,2020/21,2020-12-10,"Mahinda Rajapaksa International Cricket Stadium, Sooriyawewa, Hambantota",1,1.3,Colombo Kings,Jaffna Stallions,LD Chandimal,LJ Evans,RAS Lakmal,0,0,,,,,,,,,
1238769,2020/21,2020-12-10,"Mahinda Rajapaksa International Cricket Stadium, Sooriyawewa, Hambantota",1,1.4,Colombo Kings,Jaffna Stallions,LD Chandimal,LJ Evans,RAS Lakmal,1,0,,,,,,,,,
1238769,2020/21,2020-12-10,"Mahinda Rajapaksa International Cricket Stadium, Sooriyawewa, Hambantota",1,1.5,Colombo Kings,Jaffna Stallions,LJ Evans,LD Chandimal,RAS Lakmal,0,0,,,,,,,,,
1238769,2020/21,2020-12-10,"Mahinda Rajapaksa International Cricket Stadium, Sooriyawewa, Hambantota",1,1.6,Colombo Kings,Jaffna Stallions,LJ Evans,LD Chandimal,RAS Lakmal,1,0,,,,,,,,,
1238769,2020/21,2020-12-10,"Mahinda Rajapaksa International Cricket Stadium, Sooriyawewa, Hambantota",1,2.1,Colombo Kings,Jaffna Stallions,LJ Evans,LD Chandimal,M Theekshana,0,1,1,,,,,,,,
1238769,2020/21,2020-12-10,"Mahinda Rajapaksa International Cricket Stadium, Sooriyawewa, Hambantota",1,2.2,Colombo Kings,Jaffna Stallions,LJ Evans,LD Chandimal,M Theekshana,1,0,,,,,,,,,
1238769,2020/21,2020-12-10,"Mahinda Rajapaksa International Cricket Stadium, Sooriyawewa, Hambantota",1,2.3,Colombo Kings,Jaffna Stallions,LD Chandimal,LJ Evans,M Theekshana,0,0,,,,,,,,,
1238769,2020/21,2020-12-10,"Mahinda Rajapaksa International Cricket Stadium, Sooriyawewa, Hambantota",1,2.4,Colombo Kings,Jaffna Stallions,LD Chandimal,LJ Evans,M Theekshana,1,0,,,,,,,,,
1238769,2020/21,2020-12-10,"Mahinda Rajapaksa International Cricket Stadium, Sooriyawewa, Hambantota",1,2.5,Colombo Kings,Jaffna Stallions,LJ Evans,LD Chandimal,M Theekshana,1,0,,,,,,,,,
1238769,2020/21,2020-12-10,"Mahinda Rajapaksa International Cricket Stadium, Sooriyawewa, Hambantota",1,2.6,Colombo Kings,Jaffna Stallions,LD Chandimal,LJ Evans,M Theekshana,1,0,,,,,,,,,
1238769,2020/21,2020-12-10,"Mahinda Rajapaksa International Cricket Stadium, Sooriyawewa, Hambantota",1,2.7,Colombo Kings,Jaffna Stallions,LJ Evans,LD Chandimal,M Theekshana,0,1,,,,1,,,,,
1238769,2020/21,2020-12-10,"Mahinda Rajapaksa International Cricket Stadium, Sooriyawewa, Hambantota",1,3.1,Colombo Kings,Jaffna Stallions,LJ Evans,LD Chandimal,RAS Lakmal,0,0,,,,,,,,,
1238769,2020/21,2020-12-10,"Mahinda Rajapaksa International Cricket Stadium, Sooriyawewa, Hambantota",1,3.2,Colombo Kings,Jaffna Stallions,LJ Evans,LD Chandimal,RAS Lakmal,1,0,,,,,,,,,
1238769,2020/21,2020-12-10,"Mahinda Rajapaksa International Cricket Stadium, Sooriyawewa, Hambantota",1,3.3,Colombo Kings,Jaffna Stallions,LD Chandimal,LJ Evans,RAS Lakmal,0,0,,,,,,caught,LD Chandimal,,
1238769,2020/21,2020-12-10,"Mahinda Rajapaksa International Cricket Stadium, Sooriyawewa, Hambantota",1,3.4,Colombo Kings,Jaffna Stallions,LJ Evans,DJ Bell-Drummond,RAS Lakmal,1,0,,,,,,,,,
1238769,2020/21,2020-12-10,"Mahinda Rajapaksa International Cricket Stadium, Sooriyawewa, Hambantota",1,3.5,Colombo Kings,Jaffna Stallions,DJ Bell-Drummond,LJ Evans,RAS Lakmal,0,0,,,,,,,,,
1238769,2020/21,2020-12-10,"Mahinda Rajapaksa International Cricket Stadium, Sooriyawewa, Hambantota",1,3.6,Colombo Kings,Jaffna Stallions,DJ Bell-Drummond,LJ Evans,RAS Lakmal,0,0,,,,,,,,,
1238769,2020/21,2020-12-10,"Mahinda Rajapaksa International Cricket Stadium, Sooriyawewa, Hambantota",1,4.1,Colombo Kings,Jaffna Stallions,LJ Evans,DJ Bell-Drummond,M Theekshana,1,0,,,,,,,,,
1238769,2020/21,2020-12-10,"Mahinda Rajapaksa International Cricket Stadium, Sooriyawewa, Hambantota",1,4.2,Colombo Kings,Jaffna Stallions,DJ Bell-Drummond,LJ Evans,M Theekshana,0,0,,,,,,,,,
1238769,2020/21,2020-12-10,"Mahinda Rajapaksa International Cricket Stadium, Sooriyawewa, Hambantota",1,4.3,Colombo Kings,Jaffna Stallions,DJ Bell-Drummond,LJ Evans,M Theekshana,0,0,,,,,,,,,
1238769,2020/21,2020-12-10,"Mahinda Rajapaksa International Cricket Stadium, Sooriyawewa, Hambantota",1,4.4,Colombo Kings,Jaffna Stallions,DJ Bell-Drummond,LJ Evans,M Theekshana,0,0,,,,,,,,,
1238769,2020/21,2020-12-10,"Mahinda Rajapaksa International Cricket Stadium, Sooriyawewa, Hambantota",1,4.5,Colombo Kings,Jaffna Stallions,DJ Bell-Drummond,LJ Evans,M Theekshana,1,0,,,,,,,,,
1238769,2020/21,2020-12-10,"Mahinda Rajapaksa International Cricket Stadium, Sooriyawewa, Hambantota",1,4.6,Colombo Kings,Jaffna Stallions,LJ Evans,DJ Bell-Drummond,M Theekshana,1,0,,,,,,,,,
1238769,2020/21,2020-12-10,"Mahinda Rajapaksa International Cricket Stadium, Sooriyawewa, Hambantota",1,5.1,Colombo Kings,Jaffna Stallions,LJ Evans,DJ Bell-Drummond,RAS Lakmal,1,0,,,,,,,,,
1238769,2020/21,2020-12-10,"Mahinda Rajapaksa International Cricket Stadium, Sooriyawewa, Hambantota",1,5.2,Colombo Kings,Jaffna Stallions,DJ Bell-Drummond,LJ Evans,RAS Lakmal,1,0,,,,,,,,,
1238769,2020/21,2020-12-10,"Mahinda Rajapaksa International Cricket Stadium, Sooriyawewa, Hambantota",1,5.3,Colombo Kings,Jaffna Stallions,LJ Evans,DJ Bell-Drummond,RAS Lakmal,4,0,,,,,,,,,
1238769,2020/21,2020-12-10,"Mahinda Rajapaksa International Cricket Stadium, Sooriyawewa, Hambantota",1,5.4,Colombo Kings,Jaffna Stallions,LJ Evans,DJ Bell-Drummond,RAS Lakmal,1,0,,,,,,,,,
1238769,2020/21,2020-12-10,"Mahinda Rajapaksa International Cricket Stadium, Sooriyawewa, Hambantota",1,5.5,Colombo Kings,Jaffna Stallions,DJ Bell-Drummond,LJ Evans,RAS Lakmal,1,0,,,,,,,,,
1238769,2020/21,2020-12-10,"Mahinda Rajapaksa International Cricket Stadium, Sooriyawewa, Hambantota",1,5.6,Colombo Kings,Jaffna Stallions,LJ Evans,DJ Bell-Drummond,RAS Lakmal,1,0,,,,,,,,,
1238769,2020/21,2020-12-10,"Mahinda Rajapaksa International Cricket Stadium, Sooriyawewa, Hambantota",1,6.1,Colombo Kings,Jaffna Stallions,LJ Evans,DJ Bell-Drummond,PWH de Silva,2,0,,,,,,,,,
1238769,2020/21,2020-12-10,"Mahinda Rajapaksa International Cricket Stadium, Sooriyawewa, Hambantota",1,6.2,Colombo Kings,Jaffna Stallions,LJ Evans,DJ Bell-Drummond,PWH de Silva,4,0,,,,,,,,,
1238769,2020/21,2020-12-10,"Mahinda Rajapaksa International Cricket Stadium, Sooriyawewa, Hambantota",1,6.3,Colombo Kings,Jaffna Stallions,LJ Evans,DJ Bell-Drummond,PWH de Silva,1,0,,,,,,,,,
1238769,2020/21,2020-12-10,"Mahinda Rajapaksa International Cricket Stadium, Sooriyawewa, Hambantota",1,6.4,Colombo Kings,Jaffna Stallions,DJ Bell-Drummond,LJ Evans,PWH de Silva,1,0,,,,,,,,,
1238769,2020/21,2020-12-10,"Mahinda Rajapaksa International Cricket Stadium, Sooriyawewa, Hambantota",1,6.5,Colombo Kings,Jaffna Stallions,LJ Evans,DJ Bell-Drummond,PWH de Silva,1,0,,,,,,,,,
1238769,2020/21,2020-12-10,"Mahinda Rajapaksa International Cricket Stadium, Sooriyawewa, Hambantota",1,6.6,Colombo Kings,Jaffna Stallions,DJ Bell-Drummond,LJ Evans,PWH de Silva,1,0,,,,,,,,,
1238769,2020/21,2020-12-10,"Mahinda Rajapaksa International Cricket Stadium, Sooriyawewa, Hambantota",1,7.1,Colombo Kings,Jaffna Stallions,DJ Bell-Drummond,LJ Evans,NLTC Perera,1,0,,,,,,,,,
1238769,2020/21,2020-12-10,"Mahinda Rajapaksa International Cricket Stadium, Sooriyawewa, Hambantota",1,7.2,Colombo Kings,Jaffna Stallions,LJ Evans,DJ Bell-Drummond,NLTC Perera,2,0,,,,,,,,,
1238769,2020/21,2020-12-10,"Mahinda Rajapaksa International Cricket Stadium, Sooriyawewa, Hambantota",1,7.3,Colombo Kings,Jaffna Stallions,LJ Evans,DJ Bell-Drummond,NLTC Perera,1,0,,,,,,,,,
1238769,2020/21,2020-12-10,"Mahinda Rajapaksa International Cricket Stadium, Sooriyawewa, Hambantota",1,7.4,Colombo Kings,Jaffna Stallions,DJ Bell-Drummond,LJ Evans,NLTC Perera,1,0,,,,,,,,,
1238769,2020/21,2020-12-10,"Mahinda Rajapaksa International Cricket Stadium, Sooriyawewa, Hambantota",1,7.5,Colombo Kings,Jaffna Stallions,LJ Evans,DJ Bell-Drummond,NLTC Perera,1,0,,,,,,,,,
1238769,2020/21,2020-12-10,"Mahinda Rajapaksa International Cricket Stadium, Sooriyawewa, Hambantota",1,7.6,Colombo Kings,Jaffna Stallions,DJ Bell-Drummond,LJ Evans,NLTC Perera,4,0,,,,,,,,,
1238769,2020/21,2020-12-10,"Mahinda Rajapaksa International Cricket Stadium, Sooriyawewa, Hambantota",1,8.1,Colombo Kings,Jaffna Stallions,LJ Evans,DJ Bell-Drummond,PWH de Silva,0,1,,,,1,,,,,
1238769,2020/21,2020-12-10,"Mahinda Rajapaksa International Cricket Stadium, Sooriyawewa, Hambantota",1,8.2,Colombo Kings,Jaffna Stallions,DJ Bell-Drummond,LJ Evans,PWH de Silva,0,0,,,,,,,,,
1238769,2020/21,2020-12-10,"Mahinda Rajapaksa International Cricket Stadium, Sooriyawewa, Hambantota",1,8.3,Colombo Kings,Jaffna Stallions,DJ Bell-Drummond,LJ Evans,PWH de Silva,1,0,,,,,,,,,
1238769,2020/21,2020-12-10,"Mahinda Rajapaksa International Cricket Stadium, Sooriyawewa, Hambantota",1,8.4,Colombo Kings,Jaffna Stallions,LJ Evans,DJ Bell-Drummond,PWH de Silva,0,0,,,,,,run out,DJ Bell-Drummond,,
1238769,2020/21,2020-12-10,"Mahinda Rajapaksa International Cricket Stadium, Sooriyawewa, Hambantota",1,8.5,Colombo Kings,Jaffna Stallions,LJ Evans,AD Mathews,PWH de Silva,0,0,,,,,,,,,
1238769,2020/21,2020-12-10,"Mahinda Rajapaksa International Cricket Stadium, Sooriyawewa, Hambantota",1,8.6,Colombo Kings,Jaffna Stallions,LJ Evans,AD Mathews,PWH de Silva,4,0,,,,,,,,,
1238769,2020/21,2020-12-10,"Mahinda Rajapaksa International Cricket Stadium, Sooriyawewa, Hambantota",1,9.1,Colombo Kings,Jaffna Stallions,AD Mathews,LJ Evans,PC de Silva,0,0,,,,,,,,,
1238769,2020/21,2020-12-10,"Mahinda Rajapaksa International Cricket Stadium, Sooriyawewa, Hambantota",1,9.2,Colombo Kings,Jaffna Stallions,AD Mathews,LJ Evans,PC de Silva,0,0,,,,,,,,,
1238769,2020/21,2020-12-10,"Mahinda Rajapaksa International Cricket Stadium, Sooriyawewa, Hambantota",1,9.3,Colombo Kings,Jaffna Stallions,AD Mathews,LJ Evans,PC de Silva,1,0,,,,,,,,,
1238769,2020/21,2020-12-10,"Mahinda Rajapaksa International Cricket Stadium, Sooriyawewa, Hambantota",1,9.4,Colombo Kings,Jaffna Stallions,LJ Evans,AD Mathews,PC de Silva,0,0,,,,,,,,,
1238769,2020/21,2020-12-10,"Mahinda Rajapaksa International Cricket Stadium, Sooriyawewa, Hambantota",1,9.5,Colombo Kings,Jaffna Stallions,LJ Evans,AD Mathews,PC de Silva,4,0,,,,,,,,,
1238769,2020/21,2020-12-10,"Mahinda Rajapaksa International Cricket Stadium, Sooriyawewa, Hambantota",1,9.6,Colombo Kings,Jaffna Stallions,LJ Evans,AD Mathews,PC de Silva,1,0,,,,,,,,,
1238769,2020/21,2020-12-10,"Mahinda Rajapaksa International Cricket Stadium, Sooriyawewa, Hambantota",1,10.1,Colombo Kings,Jaffna Stallions,LJ Evans,AD Mathews,D Olivier,4,0,,,,,,,,,
1238769,2020/21,2020-12-10,"Mahinda Rajapaksa International Cricket Stadium, Sooriyawewa, Hambantota",1,10.2,Colombo Kings,Jaffna Stallions,LJ Evans,AD Mathews,D Olivier,1,0,,,,,,,,,
1238769,2020/21,2020-12-10,"Mahinda Rajapaksa International Cricket Stadium, Sooriyawewa, Hambantota",1,10.3,Colombo Kings,Jaffna Stallions,AD Mathews,LJ Evans,D Olivier,1,0,,,,,,,,,
1238769,2020/21,2020-12-10,"Mahinda Rajapaksa International Cricket Stadium, Sooriyawewa, Hambantota",1,10.4,Colombo Kings,Jaffna Stallions,LJ Evans,AD Mathews,D Olivier,6,0,,,,,,,,,
1238769,2020/21,2020-12-10,"Mahinda Rajapaksa International Cricket Stadium, Sooriyawewa, Hambantota",1,10.5,Colombo Kings,Jaffna Stallions,LJ Evans,AD Mathews,D Olivier,0,0,,,,,,,,,
1238769,2020/21,2020-12-10,"Mahinda Rajapaksa International Cricket Stadium, Sooriyawewa, Hambantota",1,10.6,Colombo Kings,Jaffna Stallions,LJ Evans,AD Mathews,D Olivier,4,0,,,,,,,,,
1238769,2020/21,2020-12-10,"Mahinda Rajapaksa International Cricket Stadium, Sooriyawewa, Hambantota",1,11.1,Colombo Kings,Jaffna Stallions,AD Mathews,LJ Evans,PC de Silva,0,0,,,,,,,,,
1238769,2020/21,2020-12-10,"Mahinda Rajapaksa International Cricket Stadium, Sooriyawewa, Hambantota",1,11.2,Colombo Kings,Jaffna Stallions,AD Mathews,LJ Evans,PC de Silva,0,0,,,,,,,,,
1238769,2020/21,2020-12-10,"Mahinda Rajapaksa International Cricket Stadium, Sooriyawewa, Hambantota",1,11.3,Colombo Kings,Jaffna Stallions,AD Mathews,LJ Evans,PC de Silva,1,0,,,,,,,,,
1238769,2020/21,2020-12-10,"Mahinda Rajapaksa International Cricket Stadium, Sooriyawewa, Hambantota",1,11.4,Colombo Kings,Jaffna Stallions,LJ Evans,AD Mathews,PC de Silva,1,0,,,,,,,,,
1238769,2020/21,2020-12-10,"Mahinda Rajapaksa International Cricket Stadium, Sooriyawewa, Hambantota",1,11.5,Colombo Kings,Jaffna Stallions,AD Mathews,LJ Evans,PC de Silva,1,0,,,,,,,,,
1238769,2020/21,2020-12-10,"Mahinda Rajapaksa International Cricket Stadium, Sooriyawewa, Hambantota",1,11.6,Colombo Kings,Jaffna Stallions,LJ Evans,AD Mathews,PC de Silva,1,0,,,,,,,,,
1238769,2020/21,2020-12-10,"Mahinda Rajapaksa International Cricket Stadium, Sooriyawewa, Hambantota",1,12.1,Colombo Kings,Jaffna Stallions,LJ Evans,AD Mathews,M Theekshana,6,0,,,,,,,,,
1238769,2020/21,2020-12-10,"Mahinda Rajapaksa International Cricket Stadium, Sooriyawewa, Hambantota",1,12.2,Colombo Kings,Jaffna Stallions,LJ Evans,AD Mathews,M Theekshana,1,0,,,,,,,,,
1238769,2020/21,2020-12-10,"Mahinda Rajapaksa International Cricket Stadium, Sooriyawewa, Hambantota",1,12.3,Colombo Kings,Jaffna Stallions,AD Mathews,LJ Evans,M Theekshana,1,0,,,,,,,,,
1238769,2020/21,2020-12-10,"Mahinda Rajapaksa International Cricket Stadium, Sooriyawewa, Hambantota",1,12.4,Colombo Kings,Jaffna Stallions,LJ Evans,AD Mathews,M Theekshana,0,0,,,,,,,,,
1238769,2020/21,2020-12-10,"Mahinda Rajapaksa International Cricket Stadium, Sooriyawewa, Hambantota",1,12.5,Colombo Kings,Jaffna Stallions,LJ Evans,AD Mathews,M Theekshana,0,0,,,,,,,,,
1238769,2020/21,2020-12-10,"Mahinda Rajapaksa International Cricket Stadium, Sooriyawewa, Hambantota",1,12.6,Colombo Kings,Jaffna Stallions,LJ Evans,AD Mathews,M Theekshana,1,0,,,,,,,,,
1238769,2020/21,2020-12-10,"Mahinda Rajapaksa International Cricket Stadium, Sooriyawewa, Hambantota",1,13.1,Colombo Kings,Jaffna Stallions,LJ Evans,AD Mathews,PC de Silva,0,0,,,,,,,,,
1238769,2020/21,2020-12-10,"Mahinda Rajapaksa International Cricket Stadium, Sooriyawewa, Hambantota",1,13.2,Colombo Kings,Jaffna Stallions,LJ Evans,AD Mathews,PC de Silva,1,0,,,,,,,,,
1238769,2020/21,2020-12-10,"Mahinda Rajapaksa International Cricket Stadium, Sooriyawewa, Hambantota",1,13.3,Colombo Kings,Jaffna Stallions,AD Mathews,LJ Evans,PC de Silva,6,0,,,,,,,,,
1238769,2020/21,2020-12-10,"Mahinda Rajapaksa International Cricket Stadium, Sooriyawewa, Hambantota",1,13.4,Colombo Kings,Jaffna Stallions,AD Mathews,LJ Evans,PC de Silva,2,0,,,,,,,,,
1238769,2020/21,2020-12-10,"Mahinda Rajapaksa International Cricket Stadium, Sooriyawewa, Hambantota",1,13.5,Colombo Kings,Jaffna Stallions,AD Mathews,LJ Evans,PC de Silva,1,0,,,,,,,,,
1238769,2020/21,2020-12-10,"Mahinda Rajapaksa International Cricket Stadium, Sooriyawewa, Hambantota",1,13.6,Colombo Kings,Jaffna Stallions,LJ Evans,AD Mathews,PC de Silva,1,0,,,,,,,,,
1238769,2020/21,2020-12-10,"Mahinda Rajapaksa International Cricket Stadium, Sooriyawewa, Hambantota",1,14.1,Colombo Kings,Jaffna Stallions,LJ Evans,AD Mathews,B Fernando,6,0,,,,,,,,,
1238769,2020/21,2020-12-10,"Mahinda Rajapaksa International Cricket Stadium, Sooriyawewa, Hambantota",1,14.2,Colombo Kings,Jaffna Stallions,LJ Evans,AD Mathews,B Fernando,1,0,,,,,,,,,
1238769,2020/21,2020-12-10,"Mahinda Rajapaksa International Cricket Stadium, Sooriyawewa, Hambantota",1,14.3,Colombo Kings,Jaffna Stallions,AD Mathews,LJ Evans,B Fernando,1,0,,,,,,,,,
1238769,2020/21,2020-12-10,"Mahinda Rajapaksa International Cricket Stadium, Sooriyawewa, Hambantota",1,14.4,Colombo Kings,Jaffna Stallions,LJ Evans,AD Mathews,B Fernando,0,1,1,,,,,,,,
1238769,2020/21,2020-12-10,"Mahinda Rajapaksa International Cricket Stadium, Sooriyawewa, Hambantota",1,14.5,Colombo Kings,Jaffna Stallions,LJ Evans,AD Mathews,B Fernando,6,1,,1,,,,,,,
1238769,2020/21,2020-12-10,"Mahinda Rajapaksa International Cricket Stadium, Sooriyawewa, Hambantota",1,14.6,Colombo Kings,Jaffna Stallions,LJ Evans,AD Mathews,B Fernando,4,0,,,,,,,,,
1238769,2020/21,2020-12-10,"Mahinda Rajapaksa International Cricket Stadium, Sooriyawewa, Hambantota",1,14.7,Colombo Kings,Jaffna Stallions,LJ Evans,AD Mathews,B Fernando,4,0,,,,,,,,,
1238769,2020/21,2020-12-10,"Mahinda Rajapaksa International Cricket Stadium, Sooriyawewa, Hambantota",1,14.8,Colombo Kings,Jaffna Stallions,LJ Evans,AD Mathews,B Fernando,1,0,,,,,,,,,
1238769,2020/21,2020-12-10,"Mahinda Rajapaksa International Cricket Stadium, Sooriyawewa, Hambantota",1,15.1,Colombo Kings,Jaffna Stallions,LJ Evans,AD Mathews,PWH de Silva,2,0,,,,,,,,,
1238769,2020/21,2020-12-10,"Mahinda Rajapaksa International Cricket Stadium, Sooriyawewa, Hambantota",1,15.2,Colombo Kings,Jaffna Stallions,LJ Evans,AD Mathews,PWH de Silva,6,0,,,,,,,,,
1238769,2020/21,2020-12-10,"Mahinda Rajapaksa International Cricket Stadium, Sooriyawewa, Hambantota",1,15.3,Colombo Kings,Jaffna Stallions,LJ Evans,AD Mathews,PWH de Silva,1,0,,,,,,,,,
1238769,2020/21,2020-12-10,"Mahinda Rajapaksa International Cricket Stadium, Sooriyawewa, Hambantota",1,15.4,Colombo Kings,Jaffna Stallions,AD Mathews,LJ Evans,PWH de Silva,0,0,,,,,,caught,AD Mathews,,
1238769,2020/21,2020-12-10,"Mahinda Rajapaksa International Cricket Stadium, Sooriyawewa, Hambantota",1,15.5,Colombo Kings,Jaffna Stallions,LJ Evans,AD Russell,PWH de Silva,0,0,,,,,,,,,
1238769,2020/21,2020-12-10,"Mahinda Rajapaksa International Cricket Stadium, Sooriyawewa, Hambantota",1,15.6,Colombo Kings,Jaffna Stallions,LJ Evans,AD Russell,PWH de Silva,1,0,,,,,,,,,
1238769,2020/21,2020-12-10,"Mahinda Rajapaksa International Cricket Stadium, Sooriyawewa, Hambantota",1,16.1,Colombo Kings,Jaffna Stallions,LJ Evans,AD Russell,D Olivier,1,0,,,,,,,,,
1238769,2020/21,2020-12-10,"Mahinda Rajapaksa International Cricket Stadium, Sooriyawewa, Hambantota",1,16.2,Colombo Kings,Jaffna Stallions,AD Russell,LJ Evans,D Olivier,1,0,,,,,,,,,
1238769,2020/21,2020-12-10,"Mahinda Rajapaksa International Cricket Stadium, Sooriyawewa, Hambantota",1,16.3,Colombo Kings,Jaffna Stallions,LJ Evans,AD Russell,D Olivier,1,0,,,,,,,,,
1238769,2020/21,2020-12-10,"Mahinda Rajapaksa International Cricket Stadium, Sooriyawewa, Hambantota",1,16.4,Colombo Kings,Jaffna Stallions,AD Russell,LJ Evans,D Olivier,4,0,,,,,,,,,
1238769,2020/21,2020-12-10,"Mahinda Rajapaksa International Cricket Stadium, Sooriyawewa, Hambantota",1,16.5,Colombo Kings,Jaffna Stallions,AD Russell,LJ Evans,D Olivier,0,0,,,,,,,,,
1238769,2020/21,2020-12-10,"Mahinda Rajapaksa International Cricket Stadium, Sooriyawewa, Hambantota",1,16.6,Colombo Kings,Jaffna Stallions,AD Russell,LJ Evans,D Olivier,0,0,,,,,,,,,
1238769,2020/21,2020-12-10,"Mahinda Rajapaksa International Cricket Stadium, Sooriyawewa, Hambantota",1,17.1,Colombo Kings,Jaffna Stallions,LJ Evans,AD Russell,PWH de Silva,1,0,,,,,,,,,
1238769,2020/21,2020-12-10,"Mahinda Rajapaksa International Cricket Stadium, Sooriyawewa, Hambantota",1,17.2,Colombo Kings,Jaffna Stallions,AD Russell,LJ Evans,PWH de Silva,1,0,,,,,,,,,
1238769,2020/21,2020-12-10,"Mahinda Rajapaksa International Cricket Stadium, Sooriyawewa, Hambantota",1,17.3,Colombo Kings,Jaffna Stallions,LJ Evans,AD Russell,PWH de Silva,0,0,,,,,,,,,
1238769,2020/21,2020-12-10,"Mahinda Rajapaksa International Cricket Stadium, Sooriyawewa, Hambantota",1,17.4,Colombo Kings,Jaffna Stallions,LJ Evans,AD Russell,PWH de Silva,2,0,,,,,,,,,
1238769,2020/21,2020-12-10,"Mahinda Rajapaksa International Cricket Stadium, Sooriyawewa, Hambantota",1,17.5,Colombo Kings,Jaffna Stallions,LJ Evans,AD Russell,PWH de Silva,1,0,,,,,,,,,
1238769,2020/21,2020-12-10,"Mahinda Rajapaksa International Cricket Stadium, Sooriyawewa, Hambantota",1,17.6,Colombo Kings,Jaffna Stallions,AD Russell,LJ Evans,PWH de Silva,1,0,,,,,,,,,
1238769,2020/21,2020-12-10,"Mahinda Rajapaksa International Cricket Stadium, Sooriyawewa, Hambantota",1,18.1,Colombo Kings,Jaffna Stallions,AD Russell,LJ Evans,D Olivier,2,0,,,,,,,,,
1238769,2020/21,2020-12-10,"Mahinda Rajapaksa International Cricket Stadium, Sooriyawewa, Hambantota",1,18.2,Colombo Kings,Jaffna Stallions,AD Russell,LJ Evans,D Olivier,6,0,,,,,,,,,
1238769,2020/21,2020-12-10,"Mahinda Rajapaksa International Cricket Stadium, Sooriyawewa, Hambantota",1,18.3,Colombo Kings,Jaffna Stallions,AD Russell,LJ Evans,D Olivier,1,0,,,,,,,,,
1238769,2020/21,2020-12-10,"Mahinda Rajapaksa International Cricket Stadium, Sooriyawewa, Hambantota",1,18.4,Colombo Kings,Jaffna Stallions,LJ Evans,AD Russell,D Olivier,1,0,,,,,,,,,
1238769,2020/21,2020-12-10,"Mahinda Rajapaksa International Cricket Stadium, Sooriyawewa, Hambantota",1,18.5,Colombo Kings,Jaffna Stallions,AD Russell,LJ Evans,D Olivier,0,0,,,,,,,,,
1238769,2020/21,2020-12-10,"Mahinda Rajapaksa International Cricket Stadium, Sooriyawewa, Hambantota",1,18.6,Colombo Kings,Jaffna Stallions,AD Russell,LJ Evans,D Olivier,0,0,,,,,,,,,
1238769,2020/21,2020-12-10,"Mahinda Rajapaksa International Cricket Stadium, Sooriyawewa, Hambantota",1,19.1,Colombo Kings,Jaffna Stallions,LJ Evans,AD Russell,RAS Lakmal,4,0,,,,,,,,,
1238769,2020/21,2020-12-10,"Mahinda Rajapaksa International Cricket Stadium, Sooriyawewa, Hambantota",1,19.2,Colombo Kings,Jaffna Stallions,LJ Evans,AD Russell,RAS Lakmal,1,0,,,,,,,,,
1238769,2020/21,2020-12-10,"Mahinda Rajapaksa International Cricket Stadium, Sooriyawewa, Hambantota",1,19.3,Colombo Kings,Jaffna Stallions,AD Russell,LJ Evans,RAS Lakmal,0,1,1,,,,,,,,
1238769,2020/21,2020-12-10,"Mahinda Rajapaksa International Cricket Stadium, Sooriyawewa, Hambantota",1,19.4,Colombo Kings,Jaffna Stallions,AD Russell,LJ Evans,RAS Lakmal,1,0,,,,,,,,,
1238769,2020/21,2020-12-10,"Mahinda Rajapaksa International Cricket Stadium, Sooriyawewa, Hambantota",1,19.5,Colombo Kings,Jaffna Stallions,LJ Evans,AD Russell,RAS Lakmal,1,0,,,,,,,,,
1238769,2020/21,2020-12-10,"Mahinda Rajapaksa International Cricket Stadium, Sooriyawewa, Hambantota",1,19.6,Colombo Kings,Jaffna Stallions,AD Russell,LJ Evans,RAS Lakmal,4,0,,,,,,,,,
1238769,2020/21,2020-12-10,"Mahinda Rajapaksa International Cricket Stadium, Sooriyawewa, Hambantota",1,19.7,Colombo Kings,Jaffna Stallions,AD Russell,LJ Evans,RAS Lakmal,0,0,,,,,,run out,AD Russell,,
1238769,2020/21,2020-12-10,"Mahinda Rajapaksa International Cricket Stadium, Sooriyawewa, Hambantota",2,0.1,Jaffna Stallions,Colombo Kings,J Charles,TJ Moores,AD Mathews,0,0,,,,,,,,,
1238769,2020/21,2020-12-10,"Mahinda Rajapaksa International Cricket Stadium, Sooriyawewa, Hambantota",2,0.2,Jaffna Stallions,Colombo Kings,J Charles,TJ Moores,AD Mathews,1,0,,,,,,,,,
1238769,2020/21,2020-12-10,"Mahinda Rajapaksa International Cricket Stadium, Sooriyawewa, Hambantota",2,0.3,Jaffna Stallions,Colombo Kings,TJ Moores,J Charles,AD Mathews,4,0,,,,,,,,,
1238769,2020/21,2020-12-10,"Mahinda Rajapaksa International Cricket Stadium, Sooriyawewa, Hambantota",2,0.4,Jaffna Stallions,Colombo Kings,TJ Moores,J Charles,AD Mathews,0,0,,,,,,,,,
1238769,2020/21,2020-12-10,"Mahinda Rajapaksa International Cricket Stadium, Sooriyawewa, Hambantota",2,0.5,Jaffna Stallions,Colombo Kings,TJ Moores,J Charles,AD Mathews,0,0,,,,,,,,,
1238769,2020/21,2020-12-10,"Mahinda Rajapaksa International Cricket Stadium, Sooriyawewa, Hambantota",2,0.6,Jaffna Stallions,Colombo Kings,TJ Moores,J Charles,AD Mathews,0,0,,,,,,,,,
1238769,2020/21,2020-12-10,"Mahinda Rajapaksa International Cricket Stadium, Sooriyawewa, Hambantota",2,1.1,Jaffna Stallions,Colombo Kings,J Charles,TJ Moores,I Udana,0,0,,,,,,,,,
1238769,2020/21,2020-12-10,"Mahinda Rajapaksa International Cricket Stadium, Sooriyawewa, Hambantota",2,1.2,Jaffna Stallions,Colombo Kings,J Charles,TJ Moores,I Udana,1,0,,,,,,,,,
1238769,2020/21,2020-12-10,"Mahinda Rajapaksa International Cricket Stadium, Sooriyawewa, Hambantota",2,1.3,Jaffna Stallions,Colombo Kings,TJ Moores,J Charles,I Udana,1,0,,,,,,,,,
1238769,2020/21,2020-12-10,"Mahinda Rajapaksa International Cricket Stadium, Sooriyawewa, Hambantota",2,1.4,Jaffna Stallions,Colombo Kings,J Charles,TJ Moores,I Udana,1,0,,,,,,,,,
1238769,2020/21,2020-12-10,"Mahinda Rajapaksa International Cricket Stadium, Sooriyawewa, Hambantota",2,1.5,Jaffna Stallions,Colombo Kings,TJ Moores,J Charles,I Udana,0,0,,,,,,,,,
1238769,2020/21,2020-12-10,"Mahinda Rajapaksa International Cricket Stadium, Sooriyawewa, Hambantota",2,1.6,Jaffna Stallions,Colombo Kings,TJ Moores,J Charles,I Udana,0,0,,,,,,,,,
1238769,2020/21,2020-12-10,"Mahinda Rajapaksa International Cricket Stadium, Sooriyawewa, Hambantota",2,2.1,Jaffna Stallions,Colombo Kings,J Charles,TJ Moores,PVD Chameera,1,0,,,,,,,,,
1238769,2020/21,2020-12-10,"Mahinda Rajapaksa International Cricket Stadium, Sooriyawewa, Hambantota",2,2.2,Jaffna Stallions,Colombo Kings,TJ Moores,J Charles,PVD Chameera,1,0,,,,,,,,,
1238769,2020/21,2020-12-10,"Mahinda Rajapaksa International Cricket Stadium, Sooriyawewa, Hambantota",2,2.3,Jaffna Stallions,Colombo Kings,J Charles,TJ Moores,PVD Chameera,4,0,,,,,,,,,
1238769,2020/21,2020-12-10,"Mahinda Rajapaksa International Cricket Stadium, Sooriyawewa, Hambantota",2,2.4,Jaffna Stallions,Colombo Kings,J Charles,TJ Moores,PVD Chameera,0,0,,,,,,bowled,J Charles,,
1238769,2020/21,2020-12-10,"Mahinda Rajapaksa International Cricket Stadium, Sooriyawewa, Hambantota",2,2.5,Jaffna Stallions,Colombo Kings,KIC Asalanka,TJ Moores,PVD Chameera,0,0,,,,,,,,,
1238769,2020/21,2020-12-10,"Mahinda Rajapaksa International Cricket Stadium, Sooriyawewa, Hambantota",2,2.6,Jaffna Stallions,Colombo Kings,KIC Asalanka,TJ Moores,PVD Chameera,0,0,,,,,,,,,
1238769,2020/21,2020-12-10,"Mahinda Rajapaksa International Cricket Stadium, Sooriyawewa, Hambantota",2,3.1,Jaffna Stallions,Colombo Kings,TJ Moores,KIC Asalanka,SMA Priyanjan,1,0,,,,,,,,,
1238769,2020/21,2020-12-10,"Mahinda Rajapaksa International Cricket Stadium, Sooriyawewa, Hambantota",2,3.2,Jaffna Stallions,Colombo Kings,KIC Asalanka,TJ Moores,SMA Priyanjan,1,0,,,,,,,,,
1238769,2020/21,2020-12-10,"Mahinda Rajapaksa International Cricket Stadium, Sooriyawewa, Hambantota",2,3.3,Jaffna Stallions,Colombo Kings,TJ Moores,KIC Asalanka,SMA Priyanjan,4,0,,,,,,,,,
1238769,2020/21,2020-12-10,"Mahinda Rajapaksa International Cricket Stadium, Sooriyawewa, Hambantota",2,3.4,Jaffna Stallions,Colombo Kings,TJ Moores,KIC Asalanka,SMA Priyanjan,1,0,,,,,,,,,
1238769,2020/21,2020-12-10,"Mahinda Rajapaksa International Cricket Stadium, Sooriyawewa, Hambantota",2,3.5,Jaffna Stallions,Colombo Kings,KIC Asalanka,TJ Moores,SMA Priyanjan,1,0,,,,,,,,,
1238769,2020/21,2020-12-10,"Mahinda Rajapaksa International Cricket Stadium, Sooriyawewa, Hambantota",2,3.6,Jaffna Stallions,Colombo Kings,TJ Moores,KIC Asalanka,SMA Priyanjan,0,0,,,,,,,,,
1238769,2020/21,2020-12-10,"Mahinda Rajapaksa International Cricket Stadium, Sooriyawewa, Hambantota",2,4.1,Jaffna Stallions,Colombo Kings,KIC Asalanka,TJ Moores,AD Mathews,1,0,,,,,,,,,
1238769,2020/21,2020-12-10,"Mahinda Rajapaksa International Cricket Stadium, Sooriyawewa, Hambantota",2,4.2,Jaffna Stallions,Colombo Kings,TJ Moores,KIC Asalanka,AD Mathews,0,1,,,,1,,,,,
1238769,2020/21,2020-12-10,"Mahinda Rajapaksa International Cricket Stadium, Sooriyawewa, Hambantota",2,4.3,Jaffna Stallions,Colombo Kings,KIC Asalanka,TJ Moores,AD Mathews,4,0,,,,,,,,,
1238769,2020/21,2020-12-10,"Mahinda Rajapaksa International Cricket Stadium, Sooriyawewa, Hambantota",2,4.4,Jaffna Stallions,Colombo Kings,KIC Asalanka,TJ Moores,AD Mathews,0,0,,,,,,,,,
1238769,2020/21,2020-12-10,"Mahinda Rajapaksa International Cricket Stadium, Sooriyawewa, Hambantota",2,4.5,Jaffna Stallions,Colombo Kings,KIC Asalanka,TJ Moores,AD Mathews,1,0,,,,,,,,,
1238769,2020/21,2020-12-10,"Mahinda Rajapaksa International Cricket Stadium, Sooriyawewa, Hambantota",2,4.6,Jaffna Stallions,Colombo Kings,TJ Moores,KIC Asalanka,AD Mathews,6,0,,,,,,,,,
1238769,2020/21,2020-12-10,"Mahinda Rajapaksa International Cricket Stadium, Sooriyawewa, Hambantota",2,5.1,Jaffna Stallions,Colombo Kings,KIC Asalanka,TJ Moores,SMA Priyanjan,1,0,,,,,,,,,
1238769,2020/21,2020-12-10,"Mahinda Rajapaksa International Cricket Stadium, Sooriyawewa, Hambantota",2,5.2,Jaffna Stallions,Colombo Kings,TJ Moores,KIC Asalanka,SMA Priyanjan,0,0,,,,,,,,,
1238769,2020/21,2020-12-10,"Mahinda Rajapaksa International Cricket Stadium, Sooriyawewa, Hambantota",2,5.3,Jaffna Stallions,Colombo Kings,TJ Moores,KIC Asalanka,SMA Priyanjan,4,0,,,,,,,,,
1238769,2020/21,2020-12-10,"Mahinda Rajapaksa International Cricket Stadium, Sooriyawewa, Hambantota",2,5.4,Jaffna Stallions,Colombo Kings,TJ Moores,KIC Asalanka,SMA Priyanjan,0,0,,,,,,,,,
1238769,2020/21,2020-12-10,"Mahinda Rajapaksa International Cricket Stadium, Sooriyawewa, Hambantota",2,5.5,Jaffna Stallions,Colombo Kings,TJ Moores,KIC Asalanka,SMA Priyanjan,0,0,,,,,,,,,
1238769,2020/21,2020-12-10,"Mahinda Rajapaksa International Cricket Stadium, Sooriyawewa, Hambantota",2,5.6,Jaffna Stallions,Colombo Kings,TJ Moores,KIC Asalanka,SMA Priyanjan,0,0,,,,,,,,,
1238769,2020/21,2020-12-10,"Mahinda Rajapaksa International Cricket Stadium, Sooriyawewa, Hambantota",2,6.1,Jaffna Stallions,Colombo Kings,KIC Asalanka,TJ Moores,Qais Ahmad,1,0,,,,,,,,,
1238769,2020/21,2020-12-10,"Mahinda Rajapaksa International Cricket Stadium, Sooriyawewa, Hambantota",2,6.2,Jaffna Stallions,Colombo Kings,TJ Moores,KIC Asalanka,Qais Ahmad,1,0,,,,,,,,,
1238769,2020/21,2020-12-10,"Mahinda Rajapaksa International Cricket Stadium, Sooriyawewa, Hambantota",2,6.3,Jaffna Stallions,Colombo Kings,KIC Asalanka,TJ Moores,Qais Ahmad,0,0,,,,,,,,,
1238769,2020/21,2020-12-10,"Mahinda Rajapaksa International Cricket Stadium, Sooriyawewa, Hambantota",2,6.4,Jaffna Stallions,Colombo Kings,KIC Asalanka,TJ Moores,Qais Ahmad,4,0,,,,,,,,,
1238769,2020/21,2020-12-10,"Mahinda Rajapaksa International Cricket Stadium, Sooriyawewa, Hambantota",2,6.5,Jaffna Stallions,Colombo Kings,KIC Asalanka,TJ Moores,Qais Ahmad,1,0,,,,,,,,,
1238769,2020/21,2020-12-10,"Mahinda Rajapaksa International Cricket Stadium, Sooriyawewa, Hambantota",2,6.6,Jaffna Stallions,Colombo Kings,TJ Moores,KIC Asalanka,Qais Ahmad,0,0,,,,,,caught,TJ Moores,,
1238769,2020/21,2020-12-10,"Mahinda Rajapaksa International Cricket Stadium, Sooriyawewa, Hambantota",2,7.1,Jaffna Stallions,Colombo Kings,KIC Asalanka,Shoaib Malik,SMA Priyanjan,1,0,,,,,,,,,
1238769,2020/21,2020-12-10,"Mahinda Rajapaksa International Cricket Stadium, Sooriyawewa, Hambantota",2,7.2,Jaffna Stallions,Colombo Kings,Shoaib Malik,KIC Asalanka,SMA Priyanjan,0,1,1,,,,,,,,
1238769,2020/21,2020-12-10,"Mahinda Rajapaksa International Cricket Stadium, Sooriyawewa, Hambantota",2,7.3,Jaffna Stallions,Colombo Kings,Shoaib Malik,KIC Asalanka,SMA Priyanjan,0,0,,,,,,,,,
1238769,2020/21,2020-12-10,"Mahinda Rajapaksa International Cricket Stadium, Sooriyawewa, Hambantota",2,7.4,Jaffna Stallions,Colombo Kings,Shoaib Malik,KIC Asalanka,SMA Priyanjan,0,4,,,,4,,,,,
1238769,2020/21,2020-12-10,"Mahinda Rajapaksa International Cricket Stadium, Sooriyawewa, Hambantota",2,7.5,Jaffna Stallions,Colombo Kings,Shoaib Malik,KIC Asalanka,SMA Priyanjan,1,0,,,,,,,,,
1238769,2020/21,2020-12-10,"Mahinda Rajapaksa International Cricket Stadium, Sooriyawewa, Hambantota",2,7.6,Jaffna Stallions,Colombo Kings,KIC Asalanka,Shoaib Malik,SMA Priyanjan,1,0,,,,,,,,,
1238769,2020/21,2020-12-10,"Mahinda Rajapaksa International Cricket Stadium, Sooriyawewa, Hambantota",2,7.7,Jaffna Stallions,Colombo Kings,Shoaib Malik,KIC Asalanka,SMA Priyanjan,1,0,,,,,,,,,
1238769,2020/21,2020-12-10,"Mahinda Rajapaksa International Cricket Stadium, Sooriyawewa, Hambantota",2,8.1,Jaffna Stallions,Colombo Kings,Shoaib Malik,KIC Asalanka,Qais Ahmad,1,0,,,,,,,,,
1238769,2020/21,2020-12-10,"Mahinda Rajapaksa International Cricket Stadium, Sooriyawewa, Hambantota",2,8.2,Jaffna Stallions,Colombo Kings,KIC Asalanka,Shoaib Malik,Qais Ahmad,1,0,,,,,,,,,
1238769,2020/21,2020-12-10,"Mahinda Rajapaksa International Cricket Stadium, Sooriyawewa, Hambantota",2,8.3,Jaffna Stallions,Colombo Kings,Shoaib Malik,KIC Asalanka,Qais Ahmad,1,0,,,,,,,,,
1238769,2020/21,2020-12-10,"Mahinda Rajapaksa International Cricket Stadium, Sooriyawewa, Hambantota",2,8.4,Jaffna Stallions,Colombo Kings,KIC Asalanka,Shoaib Malik,Qais Ahmad,1,0,,,,,,,,,
1238769,2020/21,2020-12-10,"Mahinda Rajapaksa International Cricket Stadium, Sooriyawewa, Hambantota",2,8.5,Jaffna Stallions,Colombo Kings,Shoaib Malik,KIC Asalanka,Qais Ahmad,0,0,,,,,,,,,
1238769,2020/21,2020-12-10,"Mahinda Rajapaksa International Cricket Stadium, Sooriyawewa, Hambantota",2,8.6,Jaffna Stallions,Colombo Kings,Shoaib Malik,KIC Asalanka,Qais Ahmad,1,0,,,,,,,,,
1238769,2020/21,2020-12-10,"Mahinda Rajapaksa International Cricket Stadium, Sooriyawewa, Hambantota",2,9.1,Jaffna Stallions,Colombo Kings,Shoaib Malik,KIC Asalanka,PHT Kaushal,1,0,,,,,,,,,
1238769,2020/21,2020-12-10,"Mahinda Rajapaksa International Cricket Stadium, Sooriyawewa, Hambantota",2,9.2,Jaffna Stallions,Colombo Kings,KIC Asalanka,Shoaib Malik,PHT Kaushal,1,0,,,,,,,,,
1238769,2020/21,2020-12-10,"Mahinda Rajapaksa International Cricket Stadium, Sooriyawewa, Hambantota",2,9.3,Jaffna Stallions,Colombo Kings,Shoaib Malik,KIC Asalanka,PHT Kaushal,1,0,,,,,,,,,
1238769,2020/21,2020-12-10,"Mahinda Rajapaksa International Cricket Stadium, Sooriyawewa, Hambantota",2,9.4,Jaffna Stallions,Colombo Kings,KIC Asalanka,Shoaib Malik,PHT Kaushal,0,0,,,,,,,,,
1238769,2020/21,2020-12-10,"Mahinda Rajapaksa International Cricket Stadium, Sooriyawewa, Hambantota",2,9.5,Jaffna Stallions,Colombo Kings,KIC Asalanka,Shoaib Malik,PHT Kaushal,1,0,,,,,,,,,
1238769,2020/21,2020-12-10,"Mahinda Rajapaksa International Cricket Stadium, Sooriyawewa, Hambantota",2,9.6,Jaffna Stallions,Colombo Kings,Shoaib Malik,KIC Asalanka,PHT Kaushal,1,0,,,,,,,,,
1238769,2020/21,2020-12-10,"Mahinda Rajapaksa International Cricket Stadium, Sooriyawewa, Hambantota",2,10.1,Jaffna Stallions,Colombo Kings,Shoaib Malik,KIC Asalanka,Qais Ahmad,2,0,,,,,,,,,
1238769,2020/21,2020-12-10,"Mahinda Rajapaksa International Cricket Stadium, Sooriyawewa, Hambantota",2,10.2,Jaffna Stallions,Colombo Kings,Shoaib Malik,KIC Asalanka,Qais Ahmad,0,0,,,,,,,,,
1238769,2020/21,2020-12-10,"Mahinda Rajapaksa International Cricket Stadium, Sooriyawewa, Hambantota",2,10.3,Jaffna Stallions,Colombo Kings,Shoaib Malik,KIC Asalanka,Qais Ahmad,0,0,,,,,,,,,
1238769,2020/21,2020-12-10,"Mahinda Rajapaksa International Cricket Stadium, Sooriyawewa, Hambantota",2,10.4,Jaffna Stallions,Colombo Kings,Shoaib Malik,KIC Asalanka,Qais Ahmad,1,0,,,,,,,,,
1238769,2020/21,2020-12-10,"Mahinda Rajapaksa International Cricket Stadium, Sooriyawewa, Hambantota",2,10.5,Jaffna Stallions,Colombo Kings,KIC Asalanka,Shoaib Malik,Qais Ahmad,0,0,,,,,,,,,
1238769,2020/21,2020-12-10,"Mahinda Rajapaksa International Cricket Stadium, Sooriyawewa, Hambantota",2,10.6,Jaffna Stallions,Colombo Kings,KIC Asalanka,Shoaib Malik,Qais Ahmad,0,0,,,,,,,,,
1238769,2020/21,2020-12-10,"Mahinda Rajapaksa International Cricket Stadium, Sooriyawewa, Hambantota",2,11.1,Jaffna Stallions,Colombo Kings,Shoaib Malik,KIC Asalanka,PHT Kaushal,1,0,,,,,,,,,
1238769,2020/21,2020-12-10,"Mahinda Rajapaksa International Cricket Stadium, Sooriyawewa, Hambantota",2,11.2,Jaffna Stallions,Colombo Kings,KIC Asalanka,Shoaib Malik,PHT Kaushal,4,0,,,,,,,,,
1238769,2020/21,2020-12-10,"Mahinda Rajapaksa International Cricket Stadium, Sooriyawewa, Hambantota",2,11.3,Jaffna Stallions,Colombo Kings,KIC Asalanka,Shoaib Malik,PHT Kaushal,4,0,,,,,,,,,
1238769,2020/21,2020-12-10,"Mahinda Rajapaksa International Cricket Stadium, Sooriyawewa, Hambantota",2,11.4,Jaffna Stallions,Colombo Kings,KIC Asalanka,Shoaib Malik,PHT Kaushal,1,0,,,,,,,,,
1238769,2020/21,2020-12-10,"Mahinda Rajapaksa International Cricket Stadium, Sooriyawewa, Hambantota",2,11.5,Jaffna Stallions,Colombo Kings,Shoaib Malik,KIC Asalanka,PHT Kaushal,1,0,,,,,,,,,
1238769,2020/21,2020-12-10,"Mahinda Rajapaksa International Cricket Stadium, Sooriyawewa, Hambantota",2,11.6,Jaffna Stallions,Colombo Kings,KIC Asalanka,Shoaib Malik,PHT Kaushal,2,0,,,,,,,,,
1238769,2020/21,2020-12-10,"Mahinda Rajapaksa International Cricket Stadium, Sooriyawewa, Hambantota",2,12.1,Jaffna Stallions,Colombo Kings,Shoaib Malik,KIC Asalanka,AD Russell,0,1,,,1,,,,,,
1238769,2020/21,2020-12-10,"Mahinda Rajapaksa International Cricket Stadium, Sooriyawewa, Hambantota",2,12.2,Jaffna Stallions,Colombo Kings,KIC Asalanka,Shoaib Malik,AD Russell,0,0,,,,,,caught,KIC Asalanka,,
1238769,2020/21,2020-12-10,"Mahinda Rajapaksa International Cricket Stadium, Sooriyawewa, Hambantota",2,12.3,Jaffna Stallions,Colombo Kings,Shoaib Malik,PC de Silva,AD Russell,2,0,,,,,,,,,
1238769,2020/21,2020-12-10,"Mahinda Rajapaksa International Cricket Stadium, Sooriyawewa, Hambantota",2,12.4,Jaffna Stallions,Colombo Kings,Shoaib Malik,PC de Silva,AD Russell,1,0,,,,,,,,,
1238769,2020/21,2020-12-10,"Mahinda Rajapaksa International Cricket Stadium, Sooriyawewa, Hambantota",2,12.5,Jaffna Stallions,Colombo Kings,PC de Silva,Shoaib Malik,AD Russell,0,0,,,,,,,,,
1238769,2020/21,2020-12-10,"Mahinda Rajapaksa International Cricket Stadium, Sooriyawewa, Hambantota",2,12.6,Jaffna Stallions,Colombo Kings,PC de Silva,Shoaib Malik,AD Russell,4,0,,,,,,,,,
1238769,2020/21,2020-12-10,"Mahinda Rajapaksa International Cricket Stadium, Sooriyawewa, Hambantota",2,13.1,Jaffna Stallions,Colombo Kings,Shoaib Malik,PC de Silva,I Udana,1,0,,,,,,,,,
1238769,2020/21,2020-12-10,"Mahinda Rajapaksa International Cricket Stadium, Sooriyawewa, Hambantota",2,13.2,Jaffna Stallions,Colombo Kings,PC de Silva,Shoaib Malik,I Udana,0,0,,,,,,caught,PC de Silva,,
1238769,2020/21,2020-12-10,"Mahinda Rajapaksa International Cricket Stadium, Sooriyawewa, Hambantota",2,13.3,Jaffna Stallions,Colombo Kings,NLTC Perera,Shoaib Malik,I Udana,4,0,,,,,,,,,
1238769,2020/21,2020-12-10,"Mahinda Rajapaksa International Cricket Stadium, Sooriyawewa, Hambantota",2,13.4,Jaffna Stallions,Colombo Kings,NLTC Perera,Shoaib Malik,I Udana,4,0,,,,,,,,,
1238769,2020/21,2020-12-10,"Mahinda Rajapaksa International Cricket Stadium, Sooriyawewa, Hambantota",2,13.5,Jaffna Stallions,Colombo Kings,NLTC Perera,Shoaib Malik,I Udana,0,0,,,,,,,,,
1238769,2020/21,2020-12-10,"Mahinda Rajapaksa International Cricket Stadium, Sooriyawewa, Hambantota",2,13.6,Jaffna Stallions,Colombo Kings,NLTC Perera,Shoaib Malik,I Udana,0,0,,,,,,,,,
1238769,2020/21,2020-12-10,"Mahinda Rajapaksa International Cricket Stadium, Sooriyawewa, Hambantota",2,14.1,Jaffna Stallions,Colombo Kings,Shoaib Malik,NLTC Perera,PVD Chameera,1,0,,,,,,,,,
1238769,2020/21,2020-12-10,"Mahinda Rajapaksa International Cricket Stadium, Sooriyawewa, Hambantota",2,14.2,Jaffna Stallions,Colombo Kings,NLTC Perera,Shoaib Malik,PVD Chameera,1,0,,,,,,,,,
1238769,2020/21,2020-12-10,"Mahinda Rajapaksa International Cricket Stadium, Sooriyawewa, Hambantota",2,14.3,Jaffna Stallions,Colombo Kings,Shoaib Malik,NLTC Perera,PVD Chameera,1,0,,,,,,,,,
1238769,2020/21,2020-12-10,"Mahinda Rajapaksa International Cricket Stadium, Sooriyawewa, Hambantota",2,14.4,Jaffna Stallions,Colombo Kings,NLTC Perera,Shoaib Malik,PVD Chameera,6,0,,,,,,,,,
1238769,2020/21,2020-12-10,"Mahinda Rajapaksa International Cricket Stadium, Sooriyawewa, Hambantota",2,14.5,Jaffna Stallions,Colombo Kings,NLTC Perera,Shoaib Malik,PVD Chameera,1,0,,,,,,,,,
1238769,2020/21,2020-12-10,"Mahinda Rajapaksa International Cricket Stadium, Sooriyawewa, Hambantota",2,14.6,Jaffna Stallions,Colombo Kings,Shoaib Malik,NLTC Perera,PVD Chameera,1,0,,,,,,,,,
1238769,2020/21,2020-12-10,"Mahinda Rajapaksa International Cricket Stadium, Sooriyawewa, Hambantota",2,15.1,Jaffna Stallions,Colombo Kings,Shoaib Malik,NLTC Perera,AD Russell,4,0,,,,,,,,,
1238769,2020/21,2020-12-10,"Mahinda Rajapaksa International Cricket Stadium, Sooriyawewa, Hambantota",2,15.2,Jaffna Stallions,Colombo Kings,Shoaib Malik,NLTC Perera,AD Russell,4,0,,,,,,,,,
1238769,2020/21,2020-12-10,"Mahinda Rajapaksa International Cricket Stadium, Sooriyawewa, Hambantota",2,15.3,Jaffna Stallions,Colombo Kings,Shoaib Malik,NLTC Perera,AD Russell,1,0,,,,,,,,,
1238769,2020/21,2020-12-10,"Mahinda Rajapaksa International Cricket Stadium, Sooriyawewa, Hambantota",2,15.4,Jaffna Stallions,Colombo Kings,NLTC Perera,Shoaib Malik,AD Russell,6,0,,,,,,,,,
1238769,2020/21,2020-12-10,"Mahinda Rajapaksa International Cricket Stadium, Sooriyawewa, Hambantota",2,15.5,Jaffna Stallions,Colombo Kings,NLTC Perera,Shoaib Malik,AD Russell,0,0,,,,,,caught,NLTC Perera,,
1238769,2020/21,2020-12-10,"Mahinda Rajapaksa International Cricket Stadium, Sooriyawewa, Hambantota",2,15.6,Jaffna Stallions,Colombo Kings,Shoaib Malik,PWH de Silva,AD Russell,0,0,,,,,,caught,Shoaib Malik,,
1238769,2020/21,2020-12-10,"Mahinda Rajapaksa International Cricket Stadium, Sooriyawewa, Hambantota",2,16.1,Jaffna Stallions,Colombo Kings,PWH de Silva,RAS Lakmal,PVD Chameera,1,0,,,,,,,,,
1238769,2020/21,2020-12-10,"Mahinda Rajapaksa International Cricket Stadium, Sooriyawewa, Hambantota",2,16.2,Jaffna Stallions,Colombo Kings,RAS Lakmal,PWH de Silva,PVD Chameera,4,0,,,,,,,,,
1238769,2020/21,2020-12-10,"Mahinda Rajapaksa International Cricket Stadium, Sooriyawewa, Hambantota",2,16.3,Jaffna Stallions,Colombo Kings,RAS Lakmal,PWH de Silva,PVD Chameera,1,0,,,,,,,,,
1238769,2020/21,2020-12-10,"Mahinda Rajapaksa International Cricket Stadium, Sooriyawewa, Hambantota",2,16.4,Jaffna Stallions,Colombo Kings,PWH de Silva,RAS Lakmal,PVD Chameera,1,0,,,,,,,,,
1238769,2020/21,2020-12-10,"Mahinda Rajapaksa International Cricket Stadium, Sooriyawewa, Hambantota",2,16.5,Jaffna Stallions,Colombo Kings,RAS Lakmal,PWH de Silva,PVD Chameera,1,0,,,,,,,,,
1238769,2020/21,2020-12-10,"Mahinda Rajapaksa International Cricket Stadium, Sooriyawewa, Hambantota",2,16.6,Jaffna Stallions,Colombo Kings,PWH de Silva,RAS Lakmal,PVD Chameera,1,0,,,,,,,,,
1238769,2020/21,2020-12-10,"Mahinda Rajapaksa International Cricket Stadium, Sooriyawewa, Hambantota",2,17.1,Jaffna Stallions,Colombo Kings,PWH de Silva,RAS Lakmal,AD Russell,1,0,,,,,,,,,
1238769,2020/21,2020-12-10,"Mahinda Rajapaksa International Cricket Stadium, Sooriyawewa, Hambantota",2,17.2,Jaffna Stallions,Colombo Kings,RAS Lakmal,PWH de Silva,AD Russell,0,0,,,,,,,,,
1238769,2020/21,2020-12-10,"Mahinda Rajapaksa International Cricket Stadium, Sooriyawewa, Hambantota",2,17.3,Jaffna Stallions,Colombo Kings,RAS Lakmal,PWH de Silva,AD Russell,0,0,,,,,,,,,
1238769,2020/21,2020-12-10,"Mahinda Rajapaksa International Cricket Stadium, Sooriyawewa, Hambantota",2,17.4,Jaffna Stallions,Colombo Kings,RAS Lakmal,PWH de Silva,AD Russell,1,0,,,,,,,,,
1238769,2020/21,2020-12-10,"Mahinda Rajapaksa International Cricket Stadium, Sooriyawewa, Hambantota",2,17.5,Jaffna Stallions,Colombo Kings,PWH de Silva,RAS Lakmal,AD Russell,1,0,,,,,,,,,
1238769,2020/21,2020-12-10,"Mahinda Rajapaksa International Cricket Stadium, Sooriyawewa, Hambantota",2,17.6,Jaffna Stallions,Colombo Kings,RAS Lakmal,PWH de Silva,AD Russell,4,0,,,,,,,,,
1238769,2020/21,2020-12-10,"Mahinda Rajapaksa International Cricket Stadium, Sooriyawewa, Hambantota",2,18.1,Jaffna Stallions,Colombo Kings,PWH de Silva,RAS Lakmal,I Udana,1,0,,,,,,,,,
1238769,2020/21,2020-12-10,"Mahinda Rajapaksa International Cricket Stadium, Sooriyawewa, Hambantota",2,18.2,Jaffna Stallions,Colombo Kings,RAS Lakmal,PWH de Silva,I Udana,4,0,,,,,,,,,
1238769,2020/21,2020-12-10,"Mahinda Rajapaksa International Cricket Stadium, Sooriyawewa, Hambantota",2,18.3,Jaffna Stallions,Colombo Kings,RAS Lakmal,PWH de Silva,I Udana,1,0,,,,,,,,,
1238769,2020/21,2020-12-10,"Mahinda Rajapaksa International Cricket Stadium, Sooriyawewa, Hambantota",2,18.4,Jaffna Stallions,Colombo Kings,PWH de Silva,RAS Lakmal,I Udana,1,0,,,,,,,,,
1238769,2020/21,2020-12-10,"Mahinda Rajapaksa International Cricket Stadium, Sooriyawewa, Hambantota",2,18.5,Jaffna Stallions,Colombo Kings,RAS Lakmal,PWH de Silva,I Udana,1,0,,,,,,,,,
1238769,2020/21,2020-12-10,"Mahinda Rajapaksa International Cricket Stadium, Sooriyawewa, Hambantota",2,18.6,Jaffna Stallions,Colombo Kings,PWH de Silva,RAS Lakmal,I Udana,0,0,,,,,,,,,
1238769,2020/21,2020-12-10,"Mahinda Rajapaksa International Cricket Stadium, Sooriyawewa, Hambantota",2,19.1,Jaffna Stallions,Colombo Kings,RAS Lakmal,PWH de Silva,AD Russell,0,1,,,1,,,,,,
1238769,2020/21,2020-12-10,"Mahinda Rajapaksa International Cricket Stadium, Sooriyawewa, Hambantota",2,19.2,Jaffna Stallions,Colombo Kings,PWH de Silva,RAS Lakmal,AD Russell,6,0,,,,,,,,,
1238769,2020/21,2020-12-10,"Mahinda Rajapaksa International Cricket Stadium, Sooriyawewa, Hambantota",2,19.3,Jaffna Stallions,Colombo Kings,PWH de Silva,RAS Lakmal,AD Russell,0,0,,,,,,,,,
1238769,2020/21,2020-12-10,"Mahinda Rajapaksa International Cricket Stadium, Sooriyawewa, Hambantota",2,19.4,Jaffna Stallions,Colombo Kings,PWH de Silva,RAS Lakmal,AD Russell,0,0,,,,,,,,,
1238769,2020/21,2020-12-10,"Mahinda Rajapaksa International Cricket Stadium, Sooriyawewa, Hambantota",2,19.5,Jaffna Stallions,Colombo Kings,PWH de Silva,RAS Lakmal,AD Russell,6,1,,1,,,,,,,
1238769,2020/21,2020-12-10,"Mahinda Rajapaksa International Cricket Stadium, Sooriyawewa, Hambantota",2,19.6,Jaffna Stallions,Colombo Kings,PWH de Silva,RAS Lakmal,AD Russell,0,0,,,,,,,,,
1238769,2020/21,2020-12-10,"Mahinda Rajapaksa International Cricket Stadium, Sooriyawewa, Hambantota",2,19.7,Jaffna Stallions,Colombo Kings,PWH de Silva,RAS Lakmal,AD Russell,4,0,,,,,,,,,
