match_id,season,start_date,venue,innings,ball,batting_team,bowling_team,striker,non_striker,bowler,runs_off_bat,extras,wides,noballs,byes,legbyes,penalty,wicket_type,player_dismissed,other_wicket_type,other_player_dismissed
1238760,2020/21,2020-12-03,"Mahinda Rajapaksa International Cricket Stadium, Sooriyawewa, Hambantota",1,0.1,Galle Gladiators,Jaffna Stallions,MD Gunathilaka,Ahsan Ali,Usman Shinwari,0,0,,,,,,,,,
1238760,2020/21,2020-12-03,"Mahinda Rajapaksa International Cricket Stadium, Sooriyawewa, Hambantota",1,0.2,Galle Gladiators,Jaffna Stallions,MD Gunathilaka,Ahsan Ali,Usman Shinwari,1,0,,,,,,,,,
1238760,2020/21,2020-12-03,"Mahinda Rajapaksa International Cricket Stadium, Sooriyawewa, Hambantota",1,0.3,Galle Gladiators,Jaffna Stallions,Ahsan Ali,MD Gunathilaka,Usman Shinwari,0,0,,,,,,,,,
1238760,2020/21,2020-12-03,"Mahinda Rajapaksa International Cricket Stadium, Sooriyawewa, Hambantota",1,0.4,Galle Gladiators,Jaffna Stallions,Ahsan Ali,MD Gunathilaka,Usman Shinwari,1,0,,,,,,,,,
1238760,2020/21,2020-12-03,"Mahinda Rajapaksa International Cricket Stadium, Sooriyawewa, Hambantota",1,0.5,Galle Gladiators,Jaffna Stallions,MD Gunathilaka,Ahsan Ali,Usman Shinwari,1,0,,,,,,,,,
1238760,2020/21,2020-12-03,"Mahinda Rajapaksa International Cricket Stadium, Sooriyawewa, Hambantota",1,0.6,Galle Gladiators,Jaffna Stallions,Ahsan Ali,MD Gunathilaka,Usman Shinwari,2,0,,,,,,,,,
1238760,2020/21,2020-12-03,"Mahinda Rajapaksa International Cricket Stadium, Sooriyawewa, Hambantota",1,1.1,Galle Gladiators,Jaffna Stallions,MD Gunathilaka,Ahsan Ali,DM de Silva,0,0,,,,,,,,,
1238760,2020/21,2020-12-03,"Mahinda Rajapaksa International Cricket Stadium, Sooriyawewa, Hambantota",1,1.2,Galle Gladiators,Jaffna Stallions,MD Gunathilaka,Ahsan Ali,DM de Silva,1,0,,,,,,,,,
1238760,2020/21,2020-12-03,"Mahinda Rajapaksa International Cricket Stadium, Sooriyawewa, Hambantota",1,1.3,Galle Gladiators,Jaffna Stallions,Ahsan Ali,MD Gunathilaka,DM de Silva,0,0,,,,,,,,,
1238760,2020/21,2020-12-03,"Mahinda Rajapaksa International Cricket Stadium, Sooriyawewa, Hambantota",1,1.4,Galle Gladiators,Jaffna Stallions,Ahsan Ali,MD Gunathilaka,DM de Silva,1,0,,,,,,,,,
1238760,2020/21,2020-12-03,"Mahinda Rajapaksa International Cricket Stadium, Sooriyawewa, Hambantota",1,1.5,Galle Gladiators,Jaffna Stallions,MD Gunathilaka,Ahsan Ali,DM de Silva,4,0,,,,,,,,,
1238760,2020/21,2020-12-03,"Mahinda Rajapaksa International Cricket Stadium, Sooriyawewa, Hambantota",1,1.6,Galle Gladiators,Jaffna Stallions,MD Gunathilaka,Ahsan Ali,DM de Silva,1,0,,,,,,,,,
1238760,2020/21,2020-12-03,"Mahinda Rajapaksa International Cricket Stadium, Sooriyawewa, Hambantota",1,2.1,Galle Gladiators,Jaffna Stallions,MD Gunathilaka,Ahsan Ali,Usman Shinwari,1,0,,,,,,,,,
1238760,2020/21,2020-12-03,"Mahinda Rajapaksa International Cricket Stadium, Sooriyawewa, Hambantota",1,2.2,Galle Gladiators,Jaffna Stallions,Ahsan Ali,MD Gunathilaka,Usman Shinwari,0,0,,,,,,,,,
1238760,2020/21,2020-12-03,"Mahinda Rajapaksa International Cricket Stadium, Sooriyawewa, Hambantota",1,2.3,Galle Gladiators,Jaffna Stallions,Ahsan Ali,MD Gunathilaka,Usman Shinwari,4,0,,,,,,,,,
1238760,2020/21,2020-12-03,"Mahinda Rajapaksa International Cricket Stadium, Sooriyawewa, Hambantota",1,2.4,Galle Gladiators,Jaffna Stallions,Ahsan Ali,MD Gunathilaka,Usman Shinwari,0,0,,,,,,,,,
1238760,2020/21,2020-12-03,"Mahinda Rajapaksa International Cricket Stadium, Sooriyawewa, Hambantota",1,2.5,Galle Gladiators,Jaffna Stallions,Ahsan Ali,MD Gunathilaka,Usman Shinwari,0,1,,1,,,,,,,
1238760,2020/21,2020-12-03,"Mahinda Rajapaksa International Cricket Stadium, Sooriyawewa, Hambantota",1,2.6,Galle Gladiators,Jaffna Stallions,Ahsan Ali,MD Gunathilaka,Usman Shinwari,1,0,,,,,,,,,
1238760,2020/21,2020-12-03,"Mahinda Rajapaksa International Cricket Stadium, Sooriyawewa, Hambantota",1,2.7,Galle Gladiators,Jaffna Stallions,MD Gunathilaka,Ahsan Ali,Usman Shinwari,1,0,,,,,,,,,
1238760,2020/21,2020-12-03,"Mahinda Rajapaksa International Cricket Stadium, Sooriyawewa, Hambantota",1,3.1,Galle Gladiators,Jaffna Stallions,MD Gunathilaka,Ahsan Ali,DM de Silva,0,0,,,,,,,,,
1238760,2020/21,2020-12-03,"Mahinda Rajapaksa International Cricket Stadium, Sooriyawewa, Hambantota",1,3.2,Galle Gladiators,Jaffna Stallions,MD Gunathilaka,Ahsan Ali,DM de Silva,0,0,,,,,,,,,
1238760,2020/21,2020-12-03,"Mahinda Rajapaksa International Cricket Stadium, Sooriyawewa, Hambantota",1,3.3,Galle Gladiators,Jaffna Stallions,MD Gunathilaka,Ahsan Ali,DM de Silva,1,0,,,,,,,,,
1238760,2020/21,2020-12-03,"Mahinda Rajapaksa International Cricket Stadium, Sooriyawewa, Hambantota",1,3.4,Galle Gladiators,Jaffna Stallions,Ahsan Ali,MD Gunathilaka,DM de Silva,1,0,,,,,,,,,
1238760,2020/21,2020-12-03,"Mahinda Rajapaksa International Cricket Stadium, Sooriyawewa, Hambantota",1,3.5,Galle Gladiators,Jaffna Stallions,MD Gunathilaka,Ahsan Ali,DM de Silva,1,0,,,,,,,,,
1238760,2020/21,2020-12-03,"Mahinda Rajapaksa International Cricket Stadium, Sooriyawewa, Hambantota",1,3.6,Galle Gladiators,Jaffna Stallions,Ahsan Ali,MD Gunathilaka,DM de Silva,4,0,,,,,,,,,
1238760,2020/21,2020-12-03,"Mahinda Rajapaksa International Cricket Stadium, Sooriyawewa, Hambantota",1,4.1,Galle Gladiators,Jaffna Stallions,MD Gunathilaka,Ahsan Ali,RAS Lakmal,4,0,,,,,,,,,
1238760,2020/21,2020-12-03,"Mahinda Rajapaksa International Cricket Stadium, Sooriyawewa, Hambantota",1,4.2,Galle Gladiators,Jaffna Stallions,MD Gunathilaka,Ahsan Ali,RAS Lakmal,0,0,,,,,,,,,
1238760,2020/21,2020-12-03,"Mahinda Rajapaksa International Cricket Stadium, Sooriyawewa, Hambantota",1,4.3,Galle Gladiators,Jaffna Stallions,MD Gunathilaka,Ahsan Ali,RAS Lakmal,0,0,,,,,,,,,
1238760,2020/21,2020-12-03,"Mahinda Rajapaksa International Cricket Stadium, Sooriyawewa, Hambantota",1,4.4,Galle Gladiators,Jaffna Stallions,MD Gunathilaka,Ahsan Ali,RAS Lakmal,4,0,,,,,,,,,
1238760,2020/21,2020-12-03,"Mahinda Rajapaksa International Cricket Stadium, Sooriyawewa, Hambantota",1,4.5,Galle Gladiators,Jaffna Stallions,MD Gunathilaka,Ahsan Ali,RAS Lakmal,1,0,,,,,,,,,
1238760,2020/21,2020-12-03,"Mahinda Rajapaksa International Cricket Stadium, Sooriyawewa, Hambantota",1,4.6,Galle Gladiators,Jaffna Stallions,Ahsan Ali,MD Gunathilaka,RAS Lakmal,1,0,,,,,,,,,
1238760,2020/21,2020-12-03,"Mahinda Rajapaksa International Cricket Stadium, Sooriyawewa, Hambantota",1,5.1,Galle Gladiators,Jaffna Stallions,Ahsan Ali,MD Gunathilaka,D Olivier,4,0,,,,,,,,,
1238760,2020/21,2020-12-03,"Mahinda Rajapaksa International Cricket Stadium, Sooriyawewa, Hambantota",1,5.2,Galle Gladiators,Jaffna Stallions,Ahsan Ali,MD Gunathilaka,D Olivier,4,0,,,,,,,,,
1238760,2020/21,2020-12-03,"Mahinda Rajapaksa International Cricket Stadium, Sooriyawewa, Hambantota",1,5.3,Galle Gladiators,Jaffna Stallions,Ahsan Ali,MD Gunathilaka,D Olivier,1,0,,,,,,,,,
1238760,2020/21,2020-12-03,"Mahinda Rajapaksa International Cricket Stadium, Sooriyawewa, Hambantota",1,5.4,Galle Gladiators,Jaffna Stallions,MD Gunathilaka,Ahsan Ali,D Olivier,0,1,1,,,,,,,,
1238760,2020/21,2020-12-03,"Mahinda Rajapaksa International Cricket Stadium, Sooriyawewa, Hambantota",1,5.5,Galle Gladiators,Jaffna Stallions,MD Gunathilaka,Ahsan Ali,D Olivier,0,1,,,,1,,,,,
1238760,2020/21,2020-12-03,"Mahinda Rajapaksa International Cricket Stadium, Sooriyawewa, Hambantota",1,5.6,Galle Gladiators,Jaffna Stallions,Ahsan Ali,MD Gunathilaka,D Olivier,0,1,1,,,,,,,,
1238760,2020/21,2020-12-03,"Mahinda Rajapaksa International Cricket Stadium, Sooriyawewa, Hambantota",1,5.7,Galle Gladiators,Jaffna Stallions,Ahsan Ali,MD Gunathilaka,D Olivier,0,0,,,,,,,,,
1238760,2020/21,2020-12-03,"Mahinda Rajapaksa International Cricket Stadium, Sooriyawewa, Hambantota",1,5.8,Galle Gladiators,Jaffna Stallions,Ahsan Ali,MD Gunathilaka,D Olivier,1,0,,,,,,,,,
1238760,2020/21,2020-12-03,"Mahinda Rajapaksa International Cricket Stadium, Sooriyawewa, Hambantota",1,6.1,Galle Gladiators,Jaffna Stallions,Ahsan Ali,MD Gunathilaka,PWH de Silva,1,0,,,,,,,,,
1238760,2020/21,2020-12-03,"Mahinda Rajapaksa International Cricket Stadium, Sooriyawewa, Hambantota",1,6.2,Galle Gladiators,Jaffna Stallions,MD Gunathilaka,Ahsan Ali,PWH de Silva,1,0,,,,,,,,,
1238760,2020/21,2020-12-03,"Mahinda Rajapaksa International Cricket Stadium, Sooriyawewa, Hambantota",1,6.3,Galle Gladiators,Jaffna Stallions,Ahsan Ali,MD Gunathilaka,PWH de Silva,1,0,,,,,,,,,
1238760,2020/21,2020-12-03,"Mahinda Rajapaksa International Cricket Stadium, Sooriyawewa, Hambantota",1,6.4,Galle Gladiators,Jaffna Stallions,MD Gunathilaka,Ahsan Ali,PWH de Silva,1,0,,,,,,,,,
1238760,2020/21,2020-12-03,"Mahinda Rajapaksa International Cricket Stadium, Sooriyawewa, Hambantota",1,6.5,Galle Gladiators,Jaffna Stallions,Ahsan Ali,MD Gunathilaka,PWH de Silva,0,0,,,,,,,,,
1238760,2020/21,2020-12-03,"Mahinda Rajapaksa International Cricket Stadium, Sooriyawewa, Hambantota",1,6.6,Galle Gladiators,Jaffna Stallions,Ahsan Ali,MD Gunathilaka,PWH de Silva,0,0,,,,,,,,,
1238760,2020/21,2020-12-03,"Mahinda Rajapaksa International Cricket Stadium, Sooriyawewa, Hambantota",1,7.1,Galle Gladiators,Jaffna Stallions,MD Gunathilaka,Ahsan Ali,NLTC Perera,2,0,,,,,,,,,
1238760,2020/21,2020-12-03,"Mahinda Rajapaksa International Cricket Stadium, Sooriyawewa, Hambantota",1,7.2,Galle Gladiators,Jaffna Stallions,MD Gunathilaka,Ahsan Ali,NLTC Perera,4,0,,,,,,,,,
1238760,2020/21,2020-12-03,"Mahinda Rajapaksa International Cricket Stadium, Sooriyawewa, Hambantota",1,7.3,Galle Gladiators,Jaffna Stallions,MD Gunathilaka,Ahsan Ali,NLTC Perera,2,0,,,,,,,,,
1238760,2020/21,2020-12-03,"Mahinda Rajapaksa International Cricket Stadium, Sooriyawewa, Hambantota",1,7.4,Galle Gladiators,Jaffna Stallions,MD Gunathilaka,Ahsan Ali,NLTC Perera,1,0,,,,,,,,,
1238760,2020/21,2020-12-03,"Mahinda Rajapaksa International Cricket Stadium, Sooriyawewa, Hambantota",1,7.5,Galle Gladiators,Jaffna Stallions,Ahsan Ali,MD Gunathilaka,NLTC Perera,0,1,1,,,,,,,,
1238760,2020/21,2020-12-03,"Mahinda Rajapaksa International Cricket Stadium, Sooriyawewa, Hambantota",1,7.6,Galle Gladiators,Jaffna Stallions,Ahsan Ali,MD Gunathilaka,NLTC Perera,1,0,,,,,,,,,
1238760,2020/21,2020-12-03,"Mahinda Rajapaksa International Cricket Stadium, Sooriyawewa, Hambantota",1,7.7,Galle Gladiators,Jaffna Stallions,MD Gunathilaka,Ahsan Ali,NLTC Perera,0,0,,,,,,,,,
1238760,2020/21,2020-12-03,"Mahinda Rajapaksa International Cricket Stadium, Sooriyawewa, Hambantota",1,8.1,Galle Gladiators,Jaffna Stallions,Ahsan Ali,MD Gunathilaka,PWH de Silva,1,0,,,,,,,,,
1238760,2020/21,2020-12-03,"Mahinda Rajapaksa International Cricket Stadium, Sooriyawewa, Hambantota",1,8.2,Galle Gladiators,Jaffna Stallions,MD Gunathilaka,Ahsan Ali,PWH de Silva,1,0,,,,,,,,,
1238760,2020/21,2020-12-03,"Mahinda Rajapaksa International Cricket Stadium, Sooriyawewa, Hambantota",1,8.3,Galle Gladiators,Jaffna Stallions,Ahsan Ali,MD Gunathilaka,PWH de Silva,0,0,,,,,,caught and bowled,Ahsan Ali,,
1238760,2020/21,2020-12-03,"Mahinda Rajapaksa International Cricket Stadium, Sooriyawewa, Hambantota",1,8.4,Galle Gladiators,Jaffna Stallions,MD Gunathilaka,Azam Khan,PWH de Silva,1,0,,,,,,,,,
1238760,2020/21,2020-12-03,"Mahinda Rajapaksa International Cricket Stadium, Sooriyawewa, Hambantota",1,8.5,Galle Gladiators,Jaffna Stallions,Azam Khan,MD Gunathilaka,PWH de Silva,0,0,,,,,,,,,
1238760,2020/21,2020-12-03,"Mahinda Rajapaksa International Cricket Stadium, Sooriyawewa, Hambantota",1,8.6,Galle Gladiators,Jaffna Stallions,Azam Khan,MD Gunathilaka,PWH de Silva,1,0,,,,,,,,,
1238760,2020/21,2020-12-03,"Mahinda Rajapaksa International Cricket Stadium, Sooriyawewa, Hambantota",1,9.1,Galle Gladiators,Jaffna Stallions,Azam Khan,MD Gunathilaka,DM de Silva,0,0,,,,,,,,,
1238760,2020/21,2020-12-03,"Mahinda Rajapaksa International Cricket Stadium, Sooriyawewa, Hambantota",1,9.2,Galle Gladiators,Jaffna Stallions,Azam Khan,MD Gunathilaka,DM de Silva,6,0,,,,,,,,,
1238760,2020/21,2020-12-03,"Mahinda Rajapaksa International Cricket Stadium, Sooriyawewa, Hambantota",1,9.3,Galle Gladiators,Jaffna Stallions,Azam Khan,MD Gunathilaka,DM de Silva,1,0,,,,,,,,,
1238760,2020/21,2020-12-03,"Mahinda Rajapaksa International Cricket Stadium, Sooriyawewa, Hambantota",1,9.4,Galle Gladiators,Jaffna Stallions,MD Gunathilaka,Azam Khan,DM de Silva,0,0,,,,,,,,,
1238760,2020/21,2020-12-03,"Mahinda Rajapaksa International Cricket Stadium, Sooriyawewa, Hambantota",1,9.5,Galle Gladiators,Jaffna Stallions,MD Gunathilaka,Azam Khan,DM de Silva,1,0,,,,,,,,,
1238760,2020/21,2020-12-03,"Mahinda Rajapaksa International Cricket Stadium, Sooriyawewa, Hambantota",1,9.6,Galle Gladiators,Jaffna Stallions,Azam Khan,MD Gunathilaka,DM de Silva,1,0,,,,,,,,,
1238760,2020/21,2020-12-03,"Mahinda Rajapaksa International Cricket Stadium, Sooriyawewa, Hambantota",1,10.1,Galle Gladiators,Jaffna Stallions,Azam Khan,MD Gunathilaka,PWH de Silva,4,0,,,,,,,,,
1238760,2020/21,2020-12-03,"Mahinda Rajapaksa International Cricket Stadium, Sooriyawewa, Hambantota",1,10.2,Galle Gladiators,Jaffna Stallions,Azam Khan,MD Gunathilaka,PWH de Silva,4,0,,,,,,,,,
1238760,2020/21,2020-12-03,"Mahinda Rajapaksa International Cricket Stadium, Sooriyawewa, Hambantota",1,10.3,Galle Gladiators,Jaffna Stallions,Azam Khan,MD Gunathilaka,PWH de Silva,1,0,,,,,,,,,
1238760,2020/21,2020-12-03,"Mahinda Rajapaksa International Cricket Stadium, Sooriyawewa, Hambantota",1,10.4,Galle Gladiators,Jaffna Stallions,MD Gunathilaka,Azam Khan,PWH de Silva,1,0,,,,,,,,,
1238760,2020/21,2020-12-03,"Mahinda Rajapaksa International Cricket Stadium, Sooriyawewa, Hambantota",1,10.5,Galle Gladiators,Jaffna Stallions,Azam Khan,MD Gunathilaka,PWH de Silva,0,0,,,,,,,,,
1238760,2020/21,2020-12-03,"Mahinda Rajapaksa International Cricket Stadium, Sooriyawewa, Hambantota",1,10.6,Galle Gladiators,Jaffna Stallions,Azam Khan,MD Gunathilaka,PWH de Silva,6,0,,,,,,,,,
1238760,2020/21,2020-12-03,"Mahinda Rajapaksa International Cricket Stadium, Sooriyawewa, Hambantota",1,11.1,Galle Gladiators,Jaffna Stallions,MD Gunathilaka,Azam Khan,D Olivier,4,0,,,,,,,,,
1238760,2020/21,2020-12-03,"Mahinda Rajapaksa International Cricket Stadium, Sooriyawewa, Hambantota",1,11.2,Galle Gladiators,Jaffna Stallions,MD Gunathilaka,Azam Khan,D Olivier,4,0,,,,,,,,,
1238760,2020/21,2020-12-03,"Mahinda Rajapaksa International Cricket Stadium, Sooriyawewa, Hambantota",1,11.3,Galle Gladiators,Jaffna Stallions,MD Gunathilaka,Azam Khan,D Olivier,1,0,,,,,,,,,
1238760,2020/21,2020-12-03,"Mahinda Rajapaksa International Cricket Stadium, Sooriyawewa, Hambantota",1,11.4,Galle Gladiators,Jaffna Stallions,Azam Khan,MD Gunathilaka,D Olivier,1,0,,,,,,,,,
1238760,2020/21,2020-12-03,"Mahinda Rajapaksa International Cricket Stadium, Sooriyawewa, Hambantota",1,11.5,Galle Gladiators,Jaffna Stallions,MD Gunathilaka,Azam Khan,D Olivier,1,0,,,,,,,,,
1238760,2020/21,2020-12-03,"Mahinda Rajapaksa International Cricket Stadium, Sooriyawewa, Hambantota",1,11.6,Galle Gladiators,Jaffna Stallions,Azam Khan,MD Gunathilaka,D Olivier,0,0,,,,,,,,,
1238760,2020/21,2020-12-03,"Mahinda Rajapaksa International Cricket Stadium, Sooriyawewa, Hambantota",1,12.1,Galle Gladiators,Jaffna Stallions,MD Gunathilaka,Azam Khan,RAS Lakmal,4,0,,,,,,,,,
1238760,2020/21,2020-12-03,"Mahinda Rajapaksa International Cricket Stadium, Sooriyawewa, Hambantota",1,12.2,Galle Gladiators,Jaffna Stallions,MD Gunathilaka,Azam Khan,RAS Lakmal,1,0,,,,,,,,,
1238760,2020/21,2020-12-03,"Mahinda Rajapaksa International Cricket Stadium, Sooriyawewa, Hambantota",1,12.3,Galle Gladiators,Jaffna Stallions,Azam Khan,MD Gunathilaka,RAS Lakmal,0,0,,,,,,caught,Azam Khan,,
1238760,2020/21,2020-12-03,"Mahinda Rajapaksa International Cricket Stadium, Sooriyawewa, Hambantota",1,12.4,Galle Gladiators,Jaffna Stallions,MD Gunathilaka,PBB Rajapaksa,RAS Lakmal,1,0,,,,,,,,,
1238760,2020/21,2020-12-03,"Mahinda Rajapaksa International Cricket Stadium, Sooriyawewa, Hambantota",1,12.5,Galle Gladiators,Jaffna Stallions,PBB Rajapaksa,MD Gunathilaka,RAS Lakmal,1,0,,,,,,,,,
1238760,2020/21,2020-12-03,"Mahinda Rajapaksa International Cricket Stadium, Sooriyawewa, Hambantota",1,12.6,Galle Gladiators,Jaffna Stallions,MD Gunathilaka,PBB Rajapaksa,RAS Lakmal,1,0,,,,,,,,,
1238760,2020/21,2020-12-03,"Mahinda Rajapaksa International Cricket Stadium, Sooriyawewa, Hambantota",1,13.1,Galle Gladiators,Jaffna Stallions,MD Gunathilaka,PBB Rajapaksa,DM de Silva,0,0,,,,,,,,,
1238760,2020/21,2020-12-03,"Mahinda Rajapaksa International Cricket Stadium, Sooriyawewa, Hambantota",1,13.2,Galle Gladiators,Jaffna Stallions,MD Gunathilaka,PBB Rajapaksa,DM de Silva,1,0,,,,,,,,,
1238760,2020/21,2020-12-03,"Mahinda Rajapaksa International Cricket Stadium, Sooriyawewa, Hambantota",1,13.3,Galle Gladiators,Jaffna Stallions,PBB Rajapaksa,MD Gunathilaka,DM de Silva,0,0,,,,,,caught,PBB Rajapaksa,,
1238760,2020/21,2020-12-03,"Mahinda Rajapaksa International Cricket Stadium, Sooriyawewa, Hambantota",1,13.4,Galle Gladiators,Jaffna Stallions,CAK Walton,MD Gunathilaka,DM de Silva,1,0,,,,,,,,,
1238760,2020/21,2020-12-03,"Mahinda Rajapaksa International Cricket Stadium, Sooriyawewa, Hambantota",1,13.5,Galle Gladiators,Jaffna Stallions,MD Gunathilaka,CAK Walton,DM de Silva,0,0,,,,,,,,,
1238760,2020/21,2020-12-03,"Mahinda Rajapaksa International Cricket Stadium, Sooriyawewa, Hambantota",1,13.6,Galle Gladiators,Jaffna Stallions,MD Gunathilaka,CAK Walton,DM de Silva,2,0,,,,,,,,,
1238760,2020/21,2020-12-03,"Mahinda Rajapaksa International Cricket Stadium, Sooriyawewa, Hambantota",1,14.1,Galle Gladiators,Jaffna Stallions,CAK Walton,MD Gunathilaka,PWH de Silva,1,0,,,,,,,,,
1238760,2020/21,2020-12-03,"Mahinda Rajapaksa International Cricket Stadium, Sooriyawewa, Hambantota",1,14.2,Galle Gladiators,Jaffna Stallions,MD Gunathilaka,CAK Walton,PWH de Silva,0,0,,,,,,caught,MD Gunathilaka,,
1238760,2020/21,2020-12-03,"Mahinda Rajapaksa International Cricket Stadium, Sooriyawewa, Hambantota",1,14.3,Galle Gladiators,Jaffna Stallions,GSNFG Jayasuriya,CAK Walton,PWH de Silva,1,0,,,,,,,,,
1238760,2020/21,2020-12-03,"Mahinda Rajapaksa International Cricket Stadium, Sooriyawewa, Hambantota",1,14.4,Galle Gladiators,Jaffna Stallions,CAK Walton,GSNFG Jayasuriya,PWH de Silva,1,0,,,,,,,,,
1238760,2020/21,2020-12-03,"Mahinda Rajapaksa International Cricket Stadium, Sooriyawewa, Hambantota",1,14.5,Galle Gladiators,Jaffna Stallions,GSNFG Jayasuriya,CAK Walton,PWH de Silva,1,0,,,,,,,,,
1238760,2020/21,2020-12-03,"Mahinda Rajapaksa International Cricket Stadium, Sooriyawewa, Hambantota",1,14.6,Galle Gladiators,Jaffna Stallions,CAK Walton,GSNFG Jayasuriya,PWH de Silva,1,0,,,,,,,,,
1238760,2020/21,2020-12-03,"Mahinda Rajapaksa International Cricket Stadium, Sooriyawewa, Hambantota",1,15.1,Galle Gladiators,Jaffna Stallions,CAK Walton,GSNFG Jayasuriya,Shoaib Malik,0,0,,,,,,,,,
1238760,2020/21,2020-12-03,"Mahinda Rajapaksa International Cricket Stadium, Sooriyawewa, Hambantota",1,15.2,Galle Gladiators,Jaffna Stallions,CAK Walton,GSNFG Jayasuriya,Shoaib Malik,1,0,,,,,,,,,
1238760,2020/21,2020-12-03,"Mahinda Rajapaksa International Cricket Stadium, Sooriyawewa, Hambantota",1,15.3,Galle Gladiators,Jaffna Stallions,GSNFG Jayasuriya,CAK Walton,Shoaib Malik,1,0,,,,,,,,,
1238760,2020/21,2020-12-03,"Mahinda Rajapaksa International Cricket Stadium, Sooriyawewa, Hambantota",1,15.4,Galle Gladiators,Jaffna Stallions,CAK Walton,GSNFG Jayasuriya,Shoaib Malik,1,0,,,,,,,,,
1238760,2020/21,2020-12-03,"Mahinda Rajapaksa International Cricket Stadium, Sooriyawewa, Hambantota",1,15.5,Galle Gladiators,Jaffna Stallions,GSNFG Jayasuriya,CAK Walton,Shoaib Malik,1,0,,,,,,,,,
1238760,2020/21,2020-12-03,"Mahinda Rajapaksa International Cricket Stadium, Sooriyawewa, Hambantota",1,15.6,Galle Gladiators,Jaffna Stallions,CAK Walton,GSNFG Jayasuriya,Shoaib Malik,1,0,,,,,,,,,
1238760,2020/21,2020-12-03,"Mahinda Rajapaksa International Cricket Stadium, Sooriyawewa, Hambantota",1,16.1,Galle Gladiators,Jaffna Stallions,CAK Walton,GSNFG Jayasuriya,Usman Shinwari,6,1,,1,,,,,,,
1238760,2020/21,2020-12-03,"Mahinda Rajapaksa International Cricket Stadium, Sooriyawewa, Hambantota",1,16.2,Galle Gladiators,Jaffna Stallions,CAK Walton,GSNFG Jayasuriya,Usman Shinwari,6,0,,,,,,,,,
1238760,2020/21,2020-12-03,"Mahinda Rajapaksa International Cricket Stadium, Sooriyawewa, Hambantota",1,16.3,Galle Gladiators,Jaffna Stallions,CAK Walton,GSNFG Jayasuriya,Usman Shinwari,4,0,,,,,,,,,
1238760,2020/21,2020-12-03,"Mahinda Rajapaksa International Cricket Stadium, Sooriyawewa, Hambantota",1,16.4,Galle Gladiators,Jaffna Stallions,CAK Walton,GSNFG Jayasuriya,Usman Shinwari,2,0,,,,,,,,,
1238760,2020/21,2020-12-03,"Mahinda Rajapaksa International Cricket Stadium, Sooriyawewa, Hambantota",1,16.5,Galle Gladiators,Jaffna Stallions,CAK Walton,GSNFG Jayasuriya,Usman Shinwari,6,0,,,,,,,,,
1238760,2020/21,2020-12-03,"Mahinda Rajapaksa International Cricket Stadium, Sooriyawewa, Hambantota",1,16.6,Galle Gladiators,Jaffna Stallions,CAK Walton,GSNFG Jayasuriya,Usman Shinwari,0,0,,,,,,caught,CAK Walton,,
1238760,2020/21,2020-12-03,"Mahinda Rajapaksa International Cricket Stadium, Sooriyawewa, Hambantota",1,16.7,Galle Gladiators,Jaffna Stallions,D Lakshan,GSNFG Jayasuriya,Usman Shinwari,1,0,,,,,,,,,
1238760,2020/21,2020-12-03,"Mahinda Rajapaksa International Cricket Stadium, Sooriyawewa, Hambantota",1,17.1,Galle Gladiators,Jaffna Stallions,D Lakshan,GSNFG Jayasuriya,Shoaib Malik,1,0,,,,,,,,,
1238760,2020/21,2020-12-03,"Mahinda Rajapaksa International Cricket Stadium, Sooriyawewa, Hambantota",1,17.2,Galle Gladiators,Jaffna Stallions,GSNFG Jayasuriya,D Lakshan,Shoaib Malik,1,0,,,,,,,,,
1238760,2020/21,2020-12-03,"Mahinda Rajapaksa International Cricket Stadium, Sooriyawewa, Hambantota",1,17.3,Galle Gladiators,Jaffna Stallions,D Lakshan,GSNFG Jayasuriya,Shoaib Malik,1,0,,,,,,,,,
1238760,2020/21,2020-12-03,"Mahinda Rajapaksa International Cricket Stadium, Sooriyawewa, Hambantota",1,17.4,Galle Gladiators,Jaffna Stallions,GSNFG Jayasuriya,D Lakshan,Shoaib Malik,0,0,,,,,,,,,
1238760,2020/21,2020-12-03,"Mahinda Rajapaksa International Cricket Stadium, Sooriyawewa, Hambantota",1,17.5,Galle Gladiators,Jaffna Stallions,GSNFG Jayasuriya,D Lakshan,Shoaib Malik,0,0,,,,,,,,,
1238760,2020/21,2020-12-03,"Mahinda Rajapaksa International Cricket Stadium, Sooriyawewa, Hambantota",1,17.6,Galle Gladiators,Jaffna Stallions,GSNFG Jayasuriya,D Lakshan,Shoaib Malik,1,0,,,,,,,,,
1238760,2020/21,2020-12-03,"Mahinda Rajapaksa International Cricket Stadium, Sooriyawewa, Hambantota",1,18.1,Galle Gladiators,Jaffna Stallions,GSNFG Jayasuriya,D Lakshan,Usman Shinwari,0,0,,,,,,,,,
1238760,2020/21,2020-12-03,"Mahinda Rajapaksa International Cricket Stadium, Sooriyawewa, Hambantota",1,18.2,Galle Gladiators,Jaffna Stallions,GSNFG Jayasuriya,D Lakshan,Usman Shinwari,0,0,,,,,,,,,
1238760,2020/21,2020-12-03,"Mahinda Rajapaksa International Cricket Stadium, Sooriyawewa, Hambantota",1,18.3,Galle Gladiators,Jaffna Stallions,GSNFG Jayasuriya,D Lakshan,Usman Shinwari,1,0,,,,,,,,,
1238760,2020/21,2020-12-03,"Mahinda Rajapaksa International Cricket Stadium, Sooriyawewa, Hambantota",1,18.4,Galle Gladiators,Jaffna Stallions,D Lakshan,GSNFG Jayasuriya,Usman Shinwari,4,0,,,,,,,,,
1238760,2020/21,2020-12-03,"Mahinda Rajapaksa International Cricket Stadium, Sooriyawewa, Hambantota",1,18.5,Galle Gladiators,Jaffna Stallions,D Lakshan,GSNFG Jayasuriya,Usman Shinwari,0,0,,,,,,,,,
1238760,2020/21,2020-12-03,"Mahinda Rajapaksa International Cricket Stadium, Sooriyawewa, Hambantota",1,18.6,Galle Gladiators,Jaffna Stallions,D Lakshan,GSNFG Jayasuriya,Usman Shinwari,0,0,,,,,,,,,
1238760,2020/21,2020-12-03,"Mahinda Rajapaksa International Cricket Stadium, Sooriyawewa, Hambantota",1,19.1,Galle Gladiators,Jaffna Stallions,GSNFG Jayasuriya,D Lakshan,Shoaib Malik,0,0,,,,,,,,,
1238760,2020/21,2020-12-03,"Mahinda Rajapaksa International Cricket Stadium, Sooriyawewa, Hambantota",1,19.2,Galle Gladiators,Jaffna Stallions,GSNFG Jayasuriya,D Lakshan,Shoaib Malik,1,0,,,,,,,,,
1238760,2020/21,2020-12-03,"Mahinda Rajapaksa International Cricket Stadium, Sooriyawewa, Hambantota",1,19.3,Galle Gladiators,Jaffna Stallions,D Lakshan,GSNFG Jayasuriya,Shoaib Malik,4,0,,,,,,,,,
1238760,2020/21,2020-12-03,"Mahinda Rajapaksa International Cricket Stadium, Sooriyawewa, Hambantota",1,19.4,Galle Gladiators,Jaffna Stallions,D Lakshan,GSNFG Jayasuriya,Shoaib Malik,2,0,,,,,,,,,
1238760,2020/21,2020-12-03,"Mahinda Rajapaksa International Cricket Stadium, Sooriyawewa, Hambantota",1,19.5,Galle Gladiators,Jaffna Stallions,D Lakshan,GSNFG Jayasuriya,Shoaib Malik,0,0,,,,,,,,,
1238760,2020/21,2020-12-03,"Mahinda Rajapaksa International Cricket Stadium, Sooriyawewa, Hambantota",1,19.6,Galle Gladiators,Jaffna Stallions,D Lakshan,GSNFG Jayasuriya,Shoaib Malik,1,0,,,,,,run out,GSNFG Jayasuriya,,
1238760,2020/21,2020-12-03,"Mahinda Rajapaksa International Cricket Stadium, Sooriyawewa, Hambantota",2,0.1,Jaffna Stallions,Galle Gladiators,WIA Fernando,TJ Moores,Mohammad Amir,0,0,,,,,,,,,
1238760,2020/21,2020-12-03,"Mahinda Rajapaksa International Cricket Stadium, Sooriyawewa, Hambantota",2,0.2,Jaffna Stallions,Galle Gladiators,WIA Fernando,TJ Moores,Mohammad Amir,1,0,,,,,,,,,
1238760,2020/21,2020-12-03,"Mahinda Rajapaksa International Cricket Stadium, Sooriyawewa, Hambantota",2,0.3,Jaffna Stallions,Galle Gladiators,TJ Moores,WIA Fernando,Mohammad Amir,0,1,,,,1,,,,,
1238760,2020/21,2020-12-03,"Mahinda Rajapaksa International Cricket Stadium, Sooriyawewa, Hambantota",2,0.4,Jaffna Stallions,Galle Gladiators,WIA Fernando,TJ Moores,Mohammad Amir,0,2,2,,,,,,,,
1238760,2020/21,2020-12-03,"Mahinda Rajapaksa International Cricket Stadium, Sooriyawewa, Hambantota",2,0.5,Jaffna Stallions,Galle Gladiators,TJ Moores,WIA Fernando,Mohammad Amir,0,0,,,,,,,,,
1238760,2020/21,2020-12-03,"Mahinda Rajapaksa International Cricket Stadium, Sooriyawewa, Hambantota",2,0.6,Jaffna Stallions,Galle Gladiators,TJ Moores,WIA Fernando,Mohammad Amir,0,0,,,,,,,,,
1238760,2020/21,2020-12-03,"Mahinda Rajapaksa International Cricket Stadium, Sooriyawewa, Hambantota",2,0.7,Jaffna Stallions,Galle Gladiators,TJ Moores,WIA Fernando,Mohammad Amir,0,0,,,,,,,,,
1238760,2020/21,2020-12-03,"Mahinda Rajapaksa International Cricket Stadium, Sooriyawewa, Hambantota",2,1.1,Jaffna Stallions,Galle Gladiators,WIA Fernando,TJ Moores,GSNFG Jayasuriya,0,0,,,,,,,,,
1238760,2020/21,2020-12-03,"Mahinda Rajapaksa International Cricket Stadium, Sooriyawewa, Hambantota",2,1.2,Jaffna Stallions,Galle Gladiators,WIA Fernando,TJ Moores,GSNFG Jayasuriya,1,0,,,,,,,,,
1238760,2020/21,2020-12-03,"Mahinda Rajapaksa International Cricket Stadium, Sooriyawewa, Hambantota",2,1.3,Jaffna Stallions,Galle Gladiators,TJ Moores,WIA Fernando,GSNFG Jayasuriya,4,0,,,,,,,,,
1238760,2020/21,2020-12-03,"Mahinda Rajapaksa International Cricket Stadium, Sooriyawewa, Hambantota",2,1.4,Jaffna Stallions,Galle Gladiators,TJ Moores,WIA Fernando,GSNFG Jayasuriya,0,0,,,,,,,,,
1238760,2020/21,2020-12-03,"Mahinda Rajapaksa International Cricket Stadium, Sooriyawewa, Hambantota",2,1.5,Jaffna Stallions,Galle Gladiators,TJ Moores,WIA Fernando,GSNFG Jayasuriya,1,0,,,,,,,,,
1238760,2020/21,2020-12-03,"Mahinda Rajapaksa International Cricket Stadium, Sooriyawewa, Hambantota",2,1.6,Jaffna Stallions,Galle Gladiators,WIA Fernando,TJ Moores,GSNFG Jayasuriya,1,0,,,,,,,,,
1238760,2020/21,2020-12-03,"Mahinda Rajapaksa International Cricket Stadium, Sooriyawewa, Hambantota",2,2.1,Jaffna Stallions,Galle Gladiators,WIA Fernando,TJ Moores,Mohammad Amir,0,1,1,,,,,,,,
1238760,2020/21,2020-12-03,"Mahinda Rajapaksa International Cricket Stadium, Sooriyawewa, Hambantota",2,2.2,Jaffna Stallions,Galle Gladiators,WIA Fernando,TJ Moores,Mohammad Amir,0,0,,,,,,,,,
1238760,2020/21,2020-12-03,"Mahinda Rajapaksa International Cricket Stadium, Sooriyawewa, Hambantota",2,2.3,Jaffna Stallions,Galle Gladiators,WIA Fernando,TJ Moores,Mohammad Amir,0,0,,,,,,,,,
1238760,2020/21,2020-12-03,"Mahinda Rajapaksa International Cricket Stadium, Sooriyawewa, Hambantota",2,2.4,Jaffna Stallions,Galle Gladiators,WIA Fernando,TJ Moores,Mohammad Amir,6,0,,,,,,,,,
1238760,2020/21,2020-12-03,"Mahinda Rajapaksa International Cricket Stadium, Sooriyawewa, Hambantota",2,2.5,Jaffna Stallions,Galle Gladiators,WIA Fernando,TJ Moores,Mohammad Amir,1,0,,,,,,,,,
1238760,2020/21,2020-12-03,"Mahinda Rajapaksa International Cricket Stadium, Sooriyawewa, Hambantota",2,2.6,Jaffna Stallions,Galle Gladiators,TJ Moores,WIA Fernando,Mohammad Amir,0,0,,,,,,,,,
1238760,2020/21,2020-12-03,"Mahinda Rajapaksa International Cricket Stadium, Sooriyawewa, Hambantota",2,2.7,Jaffna Stallions,Galle Gladiators,TJ Moores,WIA Fernando,Mohammad Amir,0,0,,,,,,,,,
1238760,2020/21,2020-12-03,"Mahinda Rajapaksa International Cricket Stadium, Sooriyawewa, Hambantota",2,3.1,Jaffna Stallions,Galle Gladiators,WIA Fernando,TJ Moores,GSNFG Jayasuriya,1,0,,,,,,,,,
1238760,2020/21,2020-12-03,"Mahinda Rajapaksa International Cricket Stadium, Sooriyawewa, Hambantota",2,3.2,Jaffna Stallions,Galle Gladiators,TJ Moores,WIA Fernando,GSNFG Jayasuriya,6,0,,,,,,,,,
1238760,2020/21,2020-12-03,"Mahinda Rajapaksa International Cricket Stadium, Sooriyawewa, Hambantota",2,3.3,Jaffna Stallions,Galle Gladiators,TJ Moores,WIA Fernando,GSNFG Jayasuriya,0,0,,,,,,,,,
1238760,2020/21,2020-12-03,"Mahinda Rajapaksa International Cricket Stadium, Sooriyawewa, Hambantota",2,3.4,Jaffna Stallions,Galle Gladiators,TJ Moores,WIA Fernando,GSNFG Jayasuriya,0,0,,,,,,bowled,TJ Moores,,
1238760,2020/21,2020-12-03,"Mahinda Rajapaksa International Cricket Stadium, Sooriyawewa, Hambantota",2,3.5,Jaffna Stallions,Galle Gladiators,M Bhanuka,WIA Fernando,GSNFG Jayasuriya,1,0,,,,,,,,,
1238760,2020/21,2020-12-03,"Mahinda Rajapaksa International Cricket Stadium, Sooriyawewa, Hambantota",2,3.6,Jaffna Stallions,Galle Gladiators,WIA Fernando,M Bhanuka,GSNFG Jayasuriya,1,0,,,,,,,,,
1238760,2020/21,2020-12-03,"Mahinda Rajapaksa International Cricket Stadium, Sooriyawewa, Hambantota",2,4.1,Jaffna Stallions,Galle Gladiators,WIA Fernando,M Bhanuka,AM Fernando,1,0,,,,,,,,,
1238760,2020/21,2020-12-03,"Mahinda Rajapaksa International Cricket Stadium, Sooriyawewa, Hambantota",2,4.2,Jaffna Stallions,Galle Gladiators,M Bhanuka,WIA Fernando,AM Fernando,1,0,,,,,,,,,
1238760,2020/21,2020-12-03,"Mahinda Rajapaksa International Cricket Stadium, Sooriyawewa, Hambantota",2,4.3,Jaffna Stallions,Galle Gladiators,WIA Fernando,M Bhanuka,AM Fernando,4,0,,,,,,,,,
1238760,2020/21,2020-12-03,"Mahinda Rajapaksa International Cricket Stadium, Sooriyawewa, Hambantota",2,4.4,Jaffna Stallions,Galle Gladiators,WIA Fernando,M Bhanuka,AM Fernando,0,0,,,,,,,,,
1238760,2020/21,2020-12-03,"Mahinda Rajapaksa International Cricket Stadium, Sooriyawewa, Hambantota",2,4.5,Jaffna Stallions,Galle Gladiators,WIA Fernando,M Bhanuka,AM Fernando,4,0,,,,,,,,,
1238760,2020/21,2020-12-03,"Mahinda Rajapaksa International Cricket Stadium, Sooriyawewa, Hambantota",2,4.6,Jaffna Stallions,Galle Gladiators,WIA Fernando,M Bhanuka,AM Fernando,0,0,,,,,,,,,
1238760,2020/21,2020-12-03,"Mahinda Rajapaksa International Cricket Stadium, Sooriyawewa, Hambantota",2,5.1,Jaffna Stallions,Galle Gladiators,M Bhanuka,WIA Fernando,A Dananjaya,4,0,,,,,,,,,
1238760,2020/21,2020-12-03,"Mahinda Rajapaksa International Cricket Stadium, Sooriyawewa, Hambantota",2,5.2,Jaffna Stallions,Galle Gladiators,M Bhanuka,WIA Fernando,A Dananjaya,0,0,,,,,,,,,
1238760,2020/21,2020-12-03,"Mahinda Rajapaksa International Cricket Stadium, Sooriyawewa, Hambantota",2,5.3,Jaffna Stallions,Galle Gladiators,M Bhanuka,WIA Fernando,A Dananjaya,4,0,,,,,,,,,
1238760,2020/21,2020-12-03,"Mahinda Rajapaksa International Cricket Stadium, Sooriyawewa, Hambantota",2,5.4,Jaffna Stallions,Galle Gladiators,M Bhanuka,WIA Fernando,A Dananjaya,1,0,,,,,,,,,
1238760,2020/21,2020-12-03,"Mahinda Rajapaksa International Cricket Stadium, Sooriyawewa, Hambantota",2,5.5,Jaffna Stallions,Galle Gladiators,WIA Fernando,M Bhanuka,A Dananjaya,0,0,,,,,,,,,
1238760,2020/21,2020-12-03,"Mahinda Rajapaksa International Cricket Stadium, Sooriyawewa, Hambantota",2,5.6,Jaffna Stallions,Galle Gladiators,WIA Fernando,M Bhanuka,A Dananjaya,0,0,,,,,,,,,
1238760,2020/21,2020-12-03,"Mahinda Rajapaksa International Cricket Stadium, Sooriyawewa, Hambantota",2,6.1,Jaffna Stallions,Galle Gladiators,M Bhanuka,WIA Fernando,AM Fernando,2,0,,,,,,,,,
1238760,2020/21,2020-12-03,"Mahinda Rajapaksa International Cricket Stadium, Sooriyawewa, Hambantota",2,6.2,Jaffna Stallions,Galle Gladiators,M Bhanuka,WIA Fernando,AM Fernando,1,0,,,,,,,,,
1238760,2020/21,2020-12-03,"Mahinda Rajapaksa International Cricket Stadium, Sooriyawewa, Hambantota",2,6.3,Jaffna Stallions,Galle Gladiators,WIA Fernando,M Bhanuka,AM Fernando,1,0,,,,,,,,,
1238760,2020/21,2020-12-03,"Mahinda Rajapaksa International Cricket Stadium, Sooriyawewa, Hambantota",2,6.4,Jaffna Stallions,Galle Gladiators,M Bhanuka,WIA Fernando,AM Fernando,0,0,,,,,,,,,
1238760,2020/21,2020-12-03,"Mahinda Rajapaksa International Cricket Stadium, Sooriyawewa, Hambantota",2,6.5,Jaffna Stallions,Galle Gladiators,M Bhanuka,WIA Fernando,AM Fernando,1,0,,,,,,,,,
1238760,2020/21,2020-12-03,"Mahinda Rajapaksa International Cricket Stadium, Sooriyawewa, Hambantota",2,6.6,Jaffna Stallions,Galle Gladiators,WIA Fernando,M Bhanuka,AM Fernando,0,0,,,,,,,,,
1238760,2020/21,2020-12-03,"Mahinda Rajapaksa International Cricket Stadium, Sooriyawewa, Hambantota",2,7.1,Jaffna Stallions,Galle Gladiators,M Bhanuka,WIA Fernando,A Dananjaya,1,0,,,,,,,,,
1238760,2020/21,2020-12-03,"Mahinda Rajapaksa International Cricket Stadium, Sooriyawewa, Hambantota",2,7.2,Jaffna Stallions,Galle Gladiators,WIA Fernando,M Bhanuka,A Dananjaya,2,0,,,,,,,,,
1238760,2020/21,2020-12-03,"Mahinda Rajapaksa International Cricket Stadium, Sooriyawewa, Hambantota",2,7.3,Jaffna Stallions,Galle Gladiators,WIA Fernando,M Bhanuka,A Dananjaya,0,0,,,,,,,,,
1238760,2020/21,2020-12-03,"Mahinda Rajapaksa International Cricket Stadium, Sooriyawewa, Hambantota",2,7.4,Jaffna Stallions,Galle Gladiators,WIA Fernando,M Bhanuka,A Dananjaya,4,0,,,,,,,,,
1238760,2020/21,2020-12-03,"Mahinda Rajapaksa International Cricket Stadium, Sooriyawewa, Hambantota",2,7.5,Jaffna Stallions,Galle Gladiators,WIA Fernando,M Bhanuka,A Dananjaya,0,0,,,,,,,,,
1238760,2020/21,2020-12-03,"Mahinda Rajapaksa International Cricket Stadium, Sooriyawewa, Hambantota",2,7.6,Jaffna Stallions,Galle Gladiators,WIA Fernando,M Bhanuka,A Dananjaya,1,0,,,,,,,,,
1238760,2020/21,2020-12-03,"Mahinda Rajapaksa International Cricket Stadium, Sooriyawewa, Hambantota",2,8.1,Jaffna Stallions,Galle Gladiators,WIA Fernando,M Bhanuka,D Lakshan,1,0,,,,,,,,,
1238760,2020/21,2020-12-03,"Mahinda Rajapaksa International Cricket Stadium, Sooriyawewa, Hambantota",2,8.2,Jaffna Stallions,Galle Gladiators,M Bhanuka,WIA Fernando,D Lakshan,1,0,,,,,,,,,
1238760,2020/21,2020-12-03,"Mahinda Rajapaksa International Cricket Stadium, Sooriyawewa, Hambantota",2,8.3,Jaffna Stallions,Galle Gladiators,WIA Fernando,M Bhanuka,D Lakshan,0,0,,,,,,,,,
1238760,2020/21,2020-12-03,"Mahinda Rajapaksa International Cricket Stadium, Sooriyawewa, Hambantota",2,8.4,Jaffna Stallions,Galle Gladiators,WIA Fernando,M Bhanuka,D Lakshan,1,0,,,,,,,,,
1238760,2020/21,2020-12-03,"Mahinda Rajapaksa International Cricket Stadium, Sooriyawewa, Hambantota",2,8.5,Jaffna Stallions,Galle Gladiators,M Bhanuka,WIA Fernando,D Lakshan,1,0,,,,,,,,,
1238760,2020/21,2020-12-03,"Mahinda Rajapaksa International Cricket Stadium, Sooriyawewa, Hambantota",2,8.6,Jaffna Stallions,Galle Gladiators,WIA Fernando,M Bhanuka,D Lakshan,2,0,,,,,,,,,
1238760,2020/21,2020-12-03,"Mahinda Rajapaksa International Cricket Stadium, Sooriyawewa, Hambantota",2,9.1,Jaffna Stallions,Galle Gladiators,M Bhanuka,WIA Fernando,PADLR Sandakan,1,0,,,,,,,,,
1238760,2020/21,2020-12-03,"Mahinda Rajapaksa International Cricket Stadium, Sooriyawewa, Hambantota",2,9.2,Jaffna Stallions,Galle Gladiators,WIA Fernando,M Bhanuka,PADLR Sandakan,1,0,,,,,,,,,
1238760,2020/21,2020-12-03,"Mahinda Rajapaksa International Cricket Stadium, Sooriyawewa, Hambantota",2,9.3,Jaffna Stallions,Galle Gladiators,M Bhanuka,WIA Fernando,PADLR Sandakan,6,0,,,,,,,,,
1238760,2020/21,2020-12-03,"Mahinda Rajapaksa International Cricket Stadium, Sooriyawewa, Hambantota",2,9.4,Jaffna Stallions,Galle Gladiators,M Bhanuka,WIA Fernando,PADLR Sandakan,1,0,,,,,,,,,
1238760,2020/21,2020-12-03,"Mahinda Rajapaksa International Cricket Stadium, Sooriyawewa, Hambantota",2,9.5,Jaffna Stallions,Galle Gladiators,WIA Fernando,M Bhanuka,PADLR Sandakan,1,0,,,,,,,,,
1238760,2020/21,2020-12-03,"Mahinda Rajapaksa International Cricket Stadium, Sooriyawewa, Hambantota",2,9.6,Jaffna Stallions,Galle Gladiators,M Bhanuka,WIA Fernando,PADLR Sandakan,4,0,,,,,,,,,
1238760,2020/21,2020-12-03,"Mahinda Rajapaksa International Cricket Stadium, Sooriyawewa, Hambantota",2,10.1,Jaffna Stallions,Galle Gladiators,WIA Fernando,M Bhanuka,D Lakshan,6,0,,,,,,,,,
1238760,2020/21,2020-12-03,"Mahinda Rajapaksa International Cricket Stadium, Sooriyawewa, Hambantota",2,10.2,Jaffna Stallions,Galle Gladiators,WIA Fernando,M Bhanuka,D Lakshan,0,1,1,,,,,,,,
1238760,2020/21,2020-12-03,"Mahinda Rajapaksa International Cricket Stadium, Sooriyawewa, Hambantota",2,10.3,Jaffna Stallions,Galle Gladiators,WIA Fernando,M Bhanuka,D Lakshan,0,0,,,,,,,,,
1238760,2020/21,2020-12-03,"Mahinda Rajapaksa International Cricket Stadium, Sooriyawewa, Hambantota",2,10.4,Jaffna Stallions,Galle Gladiators,WIA Fernando,M Bhanuka,D Lakshan,4,0,,,,,,,,,
1238760,2020/21,2020-12-03,"Mahinda Rajapaksa International Cricket Stadium, Sooriyawewa, Hambantota",2,10.5,Jaffna Stallions,Galle Gladiators,WIA Fernando,M Bhanuka,D Lakshan,1,0,,,,,,,,,
1238760,2020/21,2020-12-03,"Mahinda Rajapaksa International Cricket Stadium, Sooriyawewa, Hambantota",2,10.6,Jaffna Stallions,Galle Gladiators,M Bhanuka,WIA Fernando,D Lakshan,1,0,,,,,,,,,
1238760,2020/21,2020-12-03,"Mahinda Rajapaksa International Cricket Stadium, Sooriyawewa, Hambantota",2,10.7,Jaffna Stallions,Galle Gladiators,WIA Fernando,M Bhanuka,D Lakshan,0,0,,,,,,,,,
1238760,2020/21,2020-12-03,"Mahinda Rajapaksa International Cricket Stadium, Sooriyawewa, Hambantota",2,11.1,Jaffna Stallions,Galle Gladiators,M Bhanuka,WIA Fernando,PADLR Sandakan,1,0,,,,,,,,,
1238760,2020/21,2020-12-03,"Mahinda Rajapaksa International Cricket Stadium, Sooriyawewa, Hambantota",2,11.2,Jaffna Stallions,Galle Gladiators,WIA Fernando,M Bhanuka,PADLR Sandakan,1,0,,,,,,,,,
1238760,2020/21,2020-12-03,"Mahinda Rajapaksa International Cricket Stadium, Sooriyawewa, Hambantota",2,11.3,Jaffna Stallions,Galle Gladiators,M Bhanuka,WIA Fernando,PADLR Sandakan,2,0,,,,,,,,,
1238760,2020/21,2020-12-03,"Mahinda Rajapaksa International Cricket Stadium, Sooriyawewa, Hambantota",2,11.4,Jaffna Stallions,Galle Gladiators,M Bhanuka,WIA Fernando,PADLR Sandakan,1,0,,,,,,,,,
1238760,2020/21,2020-12-03,"Mahinda Rajapaksa International Cricket Stadium, Sooriyawewa, Hambantota",2,11.5,Jaffna Stallions,Galle Gladiators,WIA Fernando,M Bhanuka,PADLR Sandakan,0,0,,,,,,,,,
1238760,2020/21,2020-12-03,"Mahinda Rajapaksa International Cricket Stadium, Sooriyawewa, Hambantota",2,11.6,Jaffna Stallions,Galle Gladiators,WIA Fernando,M Bhanuka,PADLR Sandakan,1,0,,,,,,,,,
1238760,2020/21,2020-12-03,"Mahinda Rajapaksa International Cricket Stadium, Sooriyawewa, Hambantota",2,12.1,Jaffna Stallions,Galle Gladiators,WIA Fernando,M Bhanuka,A Dananjaya,6,0,,,,,,,,,
1238760,2020/21,2020-12-03,"Mahinda Rajapaksa International Cricket Stadium, Sooriyawewa, Hambantota",2,12.2,Jaffna Stallions,Galle Gladiators,WIA Fernando,M Bhanuka,A Dananjaya,6,0,,,,,,,,,
1238760,2020/21,2020-12-03,"Mahinda Rajapaksa International Cricket Stadium, Sooriyawewa, Hambantota",2,12.3,Jaffna Stallions,Galle Gladiators,WIA Fernando,M Bhanuka,A Dananjaya,6,0,,,,,,,,,
1238760,2020/21,2020-12-03,"Mahinda Rajapaksa International Cricket Stadium, Sooriyawewa, Hambantota",2,12.4,Jaffna Stallions,Galle Gladiators,WIA Fernando,M Bhanuka,A Dananjaya,0,0,,,,,,,,,
1238760,2020/21,2020-12-03,"Mahinda Rajapaksa International Cricket Stadium, Sooriyawewa, Hambantota",2,12.5,Jaffna Stallions,Galle Gladiators,WIA Fernando,M Bhanuka,A Dananjaya,1,0,,,,,,,,,
1238760,2020/21,2020-12-03,"Mahinda Rajapaksa International Cricket Stadium, Sooriyawewa, Hambantota",2,12.6,Jaffna Stallions,Galle Gladiators,M Bhanuka,WIA Fernando,A Dananjaya,0,0,,,,,,,,,
1238760,2020/21,2020-12-03,"Mahinda Rajapaksa International Cricket Stadium, Sooriyawewa, Hambantota",2,13.1,Jaffna Stallions,Galle Gladiators,WIA Fernando,M Bhanuka,AM Fernando,1,0,,,,,,,,,
1238760,2020/21,2020-12-03,"Mahinda Rajapaksa International Cricket Stadium, Sooriyawewa, Hambantota",2,13.2,Jaffna Stallions,Galle Gladiators,M Bhanuka,WIA Fernando,AM Fernando,0,0,,,,,,,,,
1238760,2020/21,2020-12-03,"Mahinda Rajapaksa International Cricket Stadium, Sooriyawewa, Hambantota",2,13.3,Jaffna Stallions,Galle Gladiators,M Bhanuka,WIA Fernando,AM Fernando,4,0,,,,,,,,,
1238760,2020/21,2020-12-03,"Mahinda Rajapaksa International Cricket Stadium, Sooriyawewa, Hambantota",2,13.4,Jaffna Stallions,Galle Gladiators,M Bhanuka,WIA Fernando,AM Fernando,1,0,,,,,,,,,
1238760,2020/21,2020-12-03,"Mahinda Rajapaksa International Cricket Stadium, Sooriyawewa, Hambantota",2,13.5,Jaffna Stallions,Galle Gladiators,WIA Fernando,M Bhanuka,AM Fernando,1,0,,,,,,,,,
1238760,2020/21,2020-12-03,"Mahinda Rajapaksa International Cricket Stadium, Sooriyawewa, Hambantota",2,13.6,Jaffna Stallions,Galle Gladiators,M Bhanuka,WIA Fernando,AM Fernando,0,0,,,,,,caught,M Bhanuka,,
1238760,2020/21,2020-12-03,"Mahinda Rajapaksa International Cricket Stadium, Sooriyawewa, Hambantota",2,14.1,Jaffna Stallions,Galle Gladiators,WIA Fernando,NLTC Perera,Mohammad Amir,0,0,,,,,,,,,
1238760,2020/21,2020-12-03,"Mahinda Rajapaksa International Cricket Stadium, Sooriyawewa, Hambantota",2,14.2,Jaffna Stallions,Galle Gladiators,WIA Fernando,NLTC Perera,Mohammad Amir,0,0,,,,,,,,,
1238760,2020/21,2020-12-03,"Mahinda Rajapaksa International Cricket Stadium, Sooriyawewa, Hambantota",2,14.3,Jaffna Stallions,Galle Gladiators,WIA Fernando,NLTC Perera,Mohammad Amir,4,0,,,,,,,,,
1238760,2020/21,2020-12-03,"Mahinda Rajapaksa International Cricket Stadium, Sooriyawewa, Hambantota",2,14.4,Jaffna Stallions,Galle Gladiators,WIA Fernando,NLTC Perera,Mohammad Amir,4,0,,,,,,,,,
1238760,2020/21,2020-12-03,"Mahinda Rajapaksa International Cricket Stadium, Sooriyawewa, Hambantota",2,14.5,Jaffna Stallions,Galle Gladiators,WIA Fernando,NLTC Perera,Mohammad Amir,0,0,,,,,,,,,
1238760,2020/21,2020-12-03,"Mahinda Rajapaksa International Cricket Stadium, Sooriyawewa, Hambantota",2,14.6,Jaffna Stallions,Galle Gladiators,WIA Fernando,NLTC Perera,Mohammad Amir,2,0,,,,,,,,,
1238760,2020/21,2020-12-03,"Mahinda Rajapaksa International Cricket Stadium, Sooriyawewa, Hambantota",2,15.1,Jaffna Stallions,Galle Gladiators,NLTC Perera,WIA Fernando,GSNFG Jayasuriya,0,1,1,,,,,,,,
1238760,2020/21,2020-12-03,"Mahinda Rajapaksa International Cricket Stadium, Sooriyawewa, Hambantota",2,15.2,Jaffna Stallions,Galle Gladiators,NLTC Perera,WIA Fernando,GSNFG Jayasuriya,0,0,,,,,,,,,
1238760,2020/21,2020-12-03,"Mahinda Rajapaksa International Cricket Stadium, Sooriyawewa, Hambantota",2,15.3,Jaffna Stallions,Galle Gladiators,NLTC Perera,WIA Fernando,GSNFG Jayasuriya,2,0,,,,,,,,,
1238760,2020/21,2020-12-03,"Mahinda Rajapaksa International Cricket Stadium, Sooriyawewa, Hambantota",2,15.4,Jaffna Stallions,Galle Gladiators,NLTC Perera,WIA Fernando,GSNFG Jayasuriya,0,0,,,,,,,,,
1238760,2020/21,2020-12-03,"Mahinda Rajapaksa International Cricket Stadium, Sooriyawewa, Hambantota",2,15.5,Jaffna Stallions,Galle Gladiators,NLTC Perera,WIA Fernando,GSNFG Jayasuriya,0,0,,,,,,,,,
1238760,2020/21,2020-12-03,"Mahinda Rajapaksa International Cricket Stadium, Sooriyawewa, Hambantota",2,15.6,Jaffna Stallions,Galle Gladiators,NLTC Perera,WIA Fernando,GSNFG Jayasuriya,0,0,,,,,,,,,
1238760,2020/21,2020-12-03,"Mahinda Rajapaksa International Cricket Stadium, Sooriyawewa, Hambantota",2,15.7,Jaffna Stallions,Galle Gladiators,NLTC Perera,WIA Fernando,GSNFG Jayasuriya,1,0,,,,,,,,,
1238760,2020/21,2020-12-03,"Mahinda Rajapaksa International Cricket Stadium, Sooriyawewa, Hambantota",2,16.1,Jaffna Stallions,Galle Gladiators,NLTC Perera,WIA Fernando,AM Fernando,2,0,,,,,,,,,
1238760,2020/21,2020-12-03,"Mahinda Rajapaksa International Cricket Stadium, Sooriyawewa, Hambantota",2,16.2,Jaffna Stallions,Galle Gladiators,NLTC Perera,WIA Fernando,AM Fernando,4,0,,,,,,,,,
1238760,2020/21,2020-12-03,"Mahinda Rajapaksa International Cricket Stadium, Sooriyawewa, Hambantota",2,16.3,Jaffna Stallions,Galle Gladiators,NLTC Perera,WIA Fernando,AM Fernando,0,0,,,,,,caught,NLTC Perera,,
1238760,2020/21,2020-12-03,"Mahinda Rajapaksa International Cricket Stadium, Sooriyawewa, Hambantota",2,16.4,Jaffna Stallions,Galle Gladiators,Shoaib Malik,WIA Fernando,AM Fernando,0,0,,,,,,,,,
1238760,2020/21,2020-12-03,"Mahinda Rajapaksa International Cricket Stadium, Sooriyawewa, Hambantota",2,16.5,Jaffna Stallions,Galle Gladiators,Shoaib Malik,WIA Fernando,AM Fernando,1,0,,,,,,,,,
1238760,2020/21,2020-12-03,"Mahinda Rajapaksa International Cricket Stadium, Sooriyawewa, Hambantota",2,16.6,Jaffna Stallions,Galle Gladiators,WIA Fernando,Shoaib Malik,AM Fernando,1,0,,,,,,,,,
1238760,2020/21,2020-12-03,"Mahinda Rajapaksa International Cricket Stadium, Sooriyawewa, Hambantota",2,17.1,Jaffna Stallions,Galle Gladiators,WIA Fernando,Shoaib Malik,D Lakshan,0,0,,,,,,,,,
1238760,2020/21,2020-12-03,"Mahinda Rajapaksa International Cricket Stadium, Sooriyawewa, Hambantota",2,17.2,Jaffna Stallions,Galle Gladiators,WIA Fernando,Shoaib Malik,D Lakshan,4,0,,,,,,,,,
1238760,2020/21,2020-12-03,"Mahinda Rajapaksa International Cricket Stadium, Sooriyawewa, Hambantota",2,17.3,Jaffna Stallions,Galle Gladiators,WIA Fernando,Shoaib Malik,D Lakshan,0,0,,,,,,,,,
1238760,2020/21,2020-12-03,"Mahinda Rajapaksa International Cricket Stadium, Sooriyawewa, Hambantota",2,17.4,Jaffna Stallions,Galle Gladiators,WIA Fernando,Shoaib Malik,D Lakshan,0,0,,,,,,,,,
1238760,2020/21,2020-12-03,"Mahinda Rajapaksa International Cricket Stadium, Sooriyawewa, Hambantota",2,17.5,Jaffna Stallions,Galle Gladiators,WIA Fernando,Shoaib Malik,D Lakshan,0,0,,,,,,,,,
1238760,2020/21,2020-12-03,"Mahinda Rajapaksa International Cricket Stadium, Sooriyawewa, Hambantota",2,17.6,Jaffna Stallions,Galle Gladiators,WIA Fernando,Shoaib Malik,D Lakshan,0,1,1,,,,,,,,
1238760,2020/21,2020-12-03,"Mahinda Rajapaksa International Cricket Stadium, Sooriyawewa, Hambantota",2,17.7,Jaffna Stallions,Galle Gladiators,WIA Fernando,Shoaib Malik,D Lakshan,0,0,,,,,,caught,WIA Fernando,,
1238760,2020/21,2020-12-03,"Mahinda Rajapaksa International Cricket Stadium, Sooriyawewa, Hambantota",2,18.1,Jaffna Stallions,Galle Gladiators,PWH de Silva,Shoaib Malik,Mohammad Amir,4,0,,,,,,,,,
1238760,2020/21,2020-12-03,"Mahinda Rajapaksa International Cricket Stadium, Sooriyawewa, Hambantota",2,18.2,Jaffna Stallions,Galle Gladiators,PWH de Silva,Shoaib Malik,Mohammad Amir,4,0,,,,,,,,,
1238760,2020/21,2020-12-03,"Mahinda Rajapaksa International Cricket Stadium, Sooriyawewa, Hambantota",2,18.3,Jaffna Stallions,Galle Gladiators,PWH de Silva,Shoaib Malik,Mohammad Amir,4,0,,,,,,,,,
1238760,2020/21,2020-12-03,"Mahinda Rajapaksa International Cricket Stadium, Sooriyawewa, Hambantota",2,18.4,Jaffna Stallions,Galle Gladiators,PWH de Silva,Shoaib Malik,Mohammad Amir,0,0,,,,,,,,,
1238760,2020/21,2020-12-03,"Mahinda Rajapaksa International Cricket Stadium, Sooriyawewa, Hambantota",2,18.5,Jaffna Stallions,Galle Gladiators,PWH de Silva,Shoaib Malik,Mohammad Amir,0,0,,,,,,,,,
1238760,2020/21,2020-12-03,"Mahinda Rajapaksa International Cricket Stadium, Sooriyawewa, Hambantota",2,18.6,Jaffna Stallions,Galle Gladiators,PWH de Silva,Shoaib Malik,Mohammad Amir,4,0,,,,,,,,,
1238760,2020/21,2020-12-03,"Mahinda Rajapaksa International Cricket Stadium, Sooriyawewa, Hambantota",2,19.1,Jaffna Stallions,Galle Gladiators,Shoaib Malik,PWH de Silva,A Dananjaya,0,0,,,,,,caught,Shoaib Malik,,
1238760,2020/21,2020-12-03,"Mahinda Rajapaksa International Cricket Stadium, Sooriyawewa, Hambantota",2,19.2,Jaffna Stallions,Galle Gladiators,DM de Silva,PWH de Silva,A Dananjaya,1,0,,,,,,,,,
1238760,2020/21,2020-12-03,"Mahinda Rajapaksa International Cricket Stadium, Sooriyawewa, Hambantota",2,19.3,Jaffna Stallions,Galle Gladiators,PWH de Silva,DM de Silva,A Dananjaya,1,0,,,,,,,,,
1238760,2020/21,2020-12-03,"Mahinda Rajapaksa International Cricket Stadium, Sooriyawewa, Hambantota",2,19.4,Jaffna Stallions,Galle Gladiators,DM de Silva,PWH de Silva,A Dananjaya,4,0,,,,,,,,,
