match_id,season,start_date,venue,innings,ball,batting_team,bowling_team,striker,non_striker,bowler,runs_off_bat,extras,wides,noballs,byes,legbyes,penalty,wicket_type,player_dismissed,other_wicket_type,other_player_dismissed
1238758,2020/21,2020-12-01,"Mahinda Rajapaksa International Cricket Stadium, Sooriyawewa, Hambantota",1,0.1,Dambulla Viiking,Colombo Kings,N Dickwella,PR Stirling,AD Mathews,0,0,,,,,,,,,
1238758,2020/21,2020-12-01,"Mahinda Rajapaksa International Cricket Stadium, Sooriyawewa, Hambantota",1,0.2,Dambulla Viiking,Colombo Kings,N Dickwella,PR Stirling,AD Mathews,1,0,,,,,,,,,
1238758,2020/21,2020-12-01,"Mahinda Rajapaksa International Cricket Stadium, Sooriyawewa, Hambantota",1,0.3,Dambulla Viiking,Colombo Kings,PR Stirling,N Dickwella,AD Mathews,1,0,,,,,,,,,
1238758,2020/21,2020-12-01,"Mahinda Rajapaksa International Cricket Stadium, Sooriyawewa, Hambantota",1,0.4,Dambulla Viiking,Colombo Kings,N Dickwella,PR Stirling,AD Mathews,0,1,1,,,,,,,,
1238758,2020/21,2020-12-01,"Mahinda Rajapaksa International Cricket Stadium, Sooriyawewa, Hambantota",1,0.5,Dambulla Viiking,Colombo Kings,N Dickwella,PR Stirling,AD Mathews,0,0,,,,,,,,,
1238758,2020/21,2020-12-01,"Mahinda Rajapaksa International Cricket Stadium, Sooriyawewa, Hambantota",1,0.6,Dambulla Viiking,Colombo Kings,N Dickwella,PR Stirling,AD Mathews,0,0,,,,,,caught,N Dickwella,,
1238758,2020/21,2020-12-01,"Mahinda Rajapaksa International Cricket Stadium, Sooriyawewa, Hambantota",1,0.7,Dambulla Viiking,Colombo Kings,WU Tharanga,PR Stirling,AD Mathews,0,0,,,,,,,,,
1238758,2020/21,2020-12-01,"Mahinda Rajapaksa International Cricket Stadium, Sooriyawewa, Hambantota",1,1.1,Dambulla Viiking,Colombo Kings,PR Stirling,WU Tharanga,I Udana,0,0,,,,,,,,,
1238758,2020/21,2020-12-01,"Mahinda Rajapaksa International Cricket Stadium, Sooriyawewa, Hambantota",1,1.2,Dambulla Viiking,Colombo Kings,PR Stirling,WU Tharanga,I Udana,0,0,,,,,,caught,PR Stirling,,
1238758,2020/21,2020-12-01,"Mahinda Rajapaksa International Cricket Stadium, Sooriyawewa, Hambantota",1,1.3,Dambulla Viiking,Colombo Kings,SR Patel,WU Tharanga,I Udana,0,0,,,,,,,,,
1238758,2020/21,2020-12-01,"Mahinda Rajapaksa International Cricket Stadium, Sooriyawewa, Hambantota",1,1.4,Dambulla Viiking,Colombo Kings,SR Patel,WU Tharanga,I Udana,0,0,,,,,,,,,
1238758,2020/21,2020-12-01,"Mahinda Rajapaksa International Cricket Stadium, Sooriyawewa, Hambantota",1,1.5,Dambulla Viiking,Colombo Kings,SR Patel,WU Tharanga,I Udana,0,1,1,,,,,,,,
1238758,2020/21,2020-12-01,"Mahinda Rajapaksa International Cricket Stadium, Sooriyawewa, Hambantota",1,1.6,Dambulla Viiking,Colombo Kings,SR Patel,WU Tharanga,I Udana,0,1,1,,,,,,,,
1238758,2020/21,2020-12-01,"Mahinda Rajapaksa International Cricket Stadium, Sooriyawewa, Hambantota",1,1.7,Dambulla Viiking,Colombo Kings,SR Patel,WU Tharanga,I Udana,0,4,,,,4,,,,,
1238758,2020/21,2020-12-01,"Mahinda Rajapaksa International Cricket Stadium, Sooriyawewa, Hambantota",1,1.8,Dambulla Viiking,Colombo Kings,SR Patel,WU Tharanga,I Udana,0,0,,,,,,,,,
1238758,2020/21,2020-12-01,"Mahinda Rajapaksa International Cricket Stadium, Sooriyawewa, Hambantota",1,2.1,Dambulla Viiking,Colombo Kings,WU Tharanga,SR Patel,AD Mathews,0,0,,,,,,,,,
1238758,2020/21,2020-12-01,"Mahinda Rajapaksa International Cricket Stadium, Sooriyawewa, Hambantota",1,2.2,Dambulla Viiking,Colombo Kings,WU Tharanga,SR Patel,AD Mathews,0,0,,,,,,,,,
1238758,2020/21,2020-12-01,"Mahinda Rajapaksa International Cricket Stadium, Sooriyawewa, Hambantota",1,2.3,Dambulla Viiking,Colombo Kings,WU Tharanga,SR Patel,AD Mathews,6,0,,,,,,,,,
1238758,2020/21,2020-12-01,"Mahinda Rajapaksa International Cricket Stadium, Sooriyawewa, Hambantota",1,2.4,Dambulla Viiking,Colombo Kings,WU Tharanga,SR Patel,AD Mathews,1,0,,,,,,,,,
1238758,2020/21,2020-12-01,"Mahinda Rajapaksa International Cricket Stadium, Sooriyawewa, Hambantota",1,2.5,Dambulla Viiking,Colombo Kings,SR Patel,WU Tharanga,AD Mathews,4,0,,,,,,,,,
1238758,2020/21,2020-12-01,"Mahinda Rajapaksa International Cricket Stadium, Sooriyawewa, Hambantota",1,2.6,Dambulla Viiking,Colombo Kings,SR Patel,WU Tharanga,AD Mathews,0,0,,,,,,,,,
1238758,2020/21,2020-12-01,"Mahinda Rajapaksa International Cricket Stadium, Sooriyawewa, Hambantota",1,3.1,Dambulla Viiking,Colombo Kings,WU Tharanga,SR Patel,KTGD Prasad,4,0,,,,,,,,,
1238758,2020/21,2020-12-01,"Mahinda Rajapaksa International Cricket Stadium, Sooriyawewa, Hambantota",1,3.2,Dambulla Viiking,Colombo Kings,WU Tharanga,SR Patel,KTGD Prasad,0,0,,,,,,,,,
1238758,2020/21,2020-12-01,"Mahinda Rajapaksa International Cricket Stadium, Sooriyawewa, Hambantota",1,3.3,Dambulla Viiking,Colombo Kings,WU Tharanga,SR Patel,KTGD Prasad,0,1,,,,1,,,,,
1238758,2020/21,2020-12-01,"Mahinda Rajapaksa International Cricket Stadium, Sooriyawewa, Hambantota",1,3.4,Dambulla Viiking,Colombo Kings,SR Patel,WU Tharanga,KTGD Prasad,0,0,,,,,,,,,
1238758,2020/21,2020-12-01,"Mahinda Rajapaksa International Cricket Stadium, Sooriyawewa, Hambantota",1,3.5,Dambulla Viiking,Colombo Kings,SR Patel,WU Tharanga,KTGD Prasad,1,0,,,,,,,,,
1238758,2020/21,2020-12-01,"Mahinda Rajapaksa International Cricket Stadium, Sooriyawewa, Hambantota",1,3.6,Dambulla Viiking,Colombo Kings,WU Tharanga,SR Patel,KTGD Prasad,0,0,,,,,,,,,
1238758,2020/21,2020-12-01,"Mahinda Rajapaksa International Cricket Stadium, Sooriyawewa, Hambantota",1,4.1,Dambulla Viiking,Colombo Kings,SR Patel,WU Tharanga,I Udana,1,0,,,,,,,,,
1238758,2020/21,2020-12-01,"Mahinda Rajapaksa International Cricket Stadium, Sooriyawewa, Hambantota",1,4.2,Dambulla Viiking,Colombo Kings,WU Tharanga,SR Patel,I Udana,0,0,,,,,,,,,
1238758,2020/21,2020-12-01,"Mahinda Rajapaksa International Cricket Stadium, Sooriyawewa, Hambantota",1,4.3,Dambulla Viiking,Colombo Kings,WU Tharanga,SR Patel,I Udana,0,0,,,,,,,,,
1238758,2020/21,2020-12-01,"Mahinda Rajapaksa International Cricket Stadium, Sooriyawewa, Hambantota",1,4.4,Dambulla Viiking,Colombo Kings,WU Tharanga,SR Patel,I Udana,0,2,2,,,,,,,,
1238758,2020/21,2020-12-01,"Mahinda Rajapaksa International Cricket Stadium, Sooriyawewa, Hambantota",1,4.5,Dambulla Viiking,Colombo Kings,SR Patel,WU Tharanga,I Udana,0,0,,,,,,,,,
1238758,2020/21,2020-12-01,"Mahinda Rajapaksa International Cricket Stadium, Sooriyawewa, Hambantota",1,4.6,Dambulla Viiking,Colombo Kings,SR Patel,WU Tharanga,I Udana,1,0,,,,,,,,,
1238758,2020/21,2020-12-01,"Mahinda Rajapaksa International Cricket Stadium, Sooriyawewa, Hambantota",1,4.7,Dambulla Viiking,Colombo Kings,WU Tharanga,SR Patel,I Udana,4,0,,,,,,,,,
1238758,2020/21,2020-12-01,"Mahinda Rajapaksa International Cricket Stadium, Sooriyawewa, Hambantota",1,5.1,Dambulla Viiking,Colombo Kings,SR Patel,WU Tharanga,Qais Ahmad,0,1,1,,,,,,,,
1238758,2020/21,2020-12-01,"Mahinda Rajapaksa International Cricket Stadium, Sooriyawewa, Hambantota",1,5.2,Dambulla Viiking,Colombo Kings,SR Patel,WU Tharanga,Qais Ahmad,4,0,,,,,,,,,
1238758,2020/21,2020-12-01,"Mahinda Rajapaksa International Cricket Stadium, Sooriyawewa, Hambantota",1,5.3,Dambulla Viiking,Colombo Kings,SR Patel,WU Tharanga,Qais Ahmad,0,0,,,,,,,,,
1238758,2020/21,2020-12-01,"Mahinda Rajapaksa International Cricket Stadium, Sooriyawewa, Hambantota",1,5.4,Dambulla Viiking,Colombo Kings,SR Patel,WU Tharanga,Qais Ahmad,4,0,,,,,,,,,
1238758,2020/21,2020-12-01,"Mahinda Rajapaksa International Cricket Stadium, Sooriyawewa, Hambantota",1,5.5,Dambulla Viiking,Colombo Kings,SR Patel,WU Tharanga,Qais Ahmad,0,0,,,,,,,,,
1238758,2020/21,2020-12-01,"Mahinda Rajapaksa International Cricket Stadium, Sooriyawewa, Hambantota",1,5.6,Dambulla Viiking,Colombo Kings,SR Patel,WU Tharanga,Qais Ahmad,1,0,,,,,,,,,
1238758,2020/21,2020-12-01,"Mahinda Rajapaksa International Cricket Stadium, Sooriyawewa, Hambantota",1,5.7,Dambulla Viiking,Colombo Kings,WU Tharanga,SR Patel,Qais Ahmad,1,0,,,,,,,,,
1238758,2020/21,2020-12-01,"Mahinda Rajapaksa International Cricket Stadium, Sooriyawewa, Hambantota",1,6.1,Dambulla Viiking,Colombo Kings,WU Tharanga,SR Patel,SMA Priyanjan,1,0,,,,,,,,,
1238758,2020/21,2020-12-01,"Mahinda Rajapaksa International Cricket Stadium, Sooriyawewa, Hambantota",1,6.2,Dambulla Viiking,Colombo Kings,SR Patel,WU Tharanga,SMA Priyanjan,0,0,,,,,,,,,
1238758,2020/21,2020-12-01,"Mahinda Rajapaksa International Cricket Stadium, Sooriyawewa, Hambantota",1,6.3,Dambulla Viiking,Colombo Kings,SR Patel,WU Tharanga,SMA Priyanjan,1,0,,,,,,,,,
1238758,2020/21,2020-12-01,"Mahinda Rajapaksa International Cricket Stadium, Sooriyawewa, Hambantota",1,6.4,Dambulla Viiking,Colombo Kings,WU Tharanga,SR Patel,SMA Priyanjan,0,0,,,,,,,,,
1238758,2020/21,2020-12-01,"Mahinda Rajapaksa International Cricket Stadium, Sooriyawewa, Hambantota",1,6.5,Dambulla Viiking,Colombo Kings,WU Tharanga,SR Patel,SMA Priyanjan,1,0,,,,,,,,,
1238758,2020/21,2020-12-01,"Mahinda Rajapaksa International Cricket Stadium, Sooriyawewa, Hambantota",1,6.6,Dambulla Viiking,Colombo Kings,SR Patel,WU Tharanga,SMA Priyanjan,6,0,,,,,,,,,
1238758,2020/21,2020-12-01,"Mahinda Rajapaksa International Cricket Stadium, Sooriyawewa, Hambantota",1,7.1,Dambulla Viiking,Colombo Kings,WU Tharanga,SR Patel,JDF Vandersay,0,1,1,,,,,,,,
1238758,2020/21,2020-12-01,"Mahinda Rajapaksa International Cricket Stadium, Sooriyawewa, Hambantota",1,7.2,Dambulla Viiking,Colombo Kings,WU Tharanga,SR Patel,JDF Vandersay,1,0,,,,,,,,,
1238758,2020/21,2020-12-01,"Mahinda Rajapaksa International Cricket Stadium, Sooriyawewa, Hambantota",1,7.3,Dambulla Viiking,Colombo Kings,SR Patel,WU Tharanga,JDF Vandersay,2,0,,,,,,,,,
1238758,2020/21,2020-12-01,"Mahinda Rajapaksa International Cricket Stadium, Sooriyawewa, Hambantota",1,7.4,Dambulla Viiking,Colombo Kings,SR Patel,WU Tharanga,JDF Vandersay,1,0,,,,,,,,,
1238758,2020/21,2020-12-01,"Mahinda Rajapaksa International Cricket Stadium, Sooriyawewa, Hambantota",1,7.5,Dambulla Viiking,Colombo Kings,WU Tharanga,SR Patel,JDF Vandersay,1,0,,,,,,,,,
1238758,2020/21,2020-12-01,"Mahinda Rajapaksa International Cricket Stadium, Sooriyawewa, Hambantota",1,7.6,Dambulla Viiking,Colombo Kings,SR Patel,WU Tharanga,JDF Vandersay,0,5,5,,,,,,,,
1238758,2020/21,2020-12-01,"Mahinda Rajapaksa International Cricket Stadium, Sooriyawewa, Hambantota",1,7.7,Dambulla Viiking,Colombo Kings,SR Patel,WU Tharanga,JDF Vandersay,0,2,2,,,,,,,,
1238758,2020/21,2020-12-01,"Mahinda Rajapaksa International Cricket Stadium, Sooriyawewa, Hambantota",1,7.8,Dambulla Viiking,Colombo Kings,WU Tharanga,SR Patel,JDF Vandersay,4,0,,,,,,,,,
1238758,2020/21,2020-12-01,"Mahinda Rajapaksa International Cricket Stadium, Sooriyawewa, Hambantota",1,7.9,Dambulla Viiking,Colombo Kings,WU Tharanga,SR Patel,JDF Vandersay,0,0,,,,,,,,,
1238758,2020/21,2020-12-01,"Mahinda Rajapaksa International Cricket Stadium, Sooriyawewa, Hambantota",1,8.1,Dambulla Viiking,Colombo Kings,SR Patel,WU Tharanga,PVD Chameera,1,0,,,,,,,,,
1238758,2020/21,2020-12-01,"Mahinda Rajapaksa International Cricket Stadium, Sooriyawewa, Hambantota",1,8.2,Dambulla Viiking,Colombo Kings,WU Tharanga,SR Patel,PVD Chameera,0,0,,,,,,,,,
1238758,2020/21,2020-12-01,"Mahinda Rajapaksa International Cricket Stadium, Sooriyawewa, Hambantota",1,8.3,Dambulla Viiking,Colombo Kings,WU Tharanga,SR Patel,PVD Chameera,1,0,,,,,,,,,
1238758,2020/21,2020-12-01,"Mahinda Rajapaksa International Cricket Stadium, Sooriyawewa, Hambantota",1,8.4,Dambulla Viiking,Colombo Kings,SR Patel,WU Tharanga,PVD Chameera,1,0,,,,,,,,,
1238758,2020/21,2020-12-01,"Mahinda Rajapaksa International Cricket Stadium, Sooriyawewa, Hambantota",1,8.5,Dambulla Viiking,Colombo Kings,WU Tharanga,SR Patel,PVD Chameera,0,0,,,,,,,,,
1238758,2020/21,2020-12-01,"Mahinda Rajapaksa International Cricket Stadium, Sooriyawewa, Hambantota",1,8.6,Dambulla Viiking,Colombo Kings,WU Tharanga,SR Patel,PVD Chameera,0,0,,,,,,caught,WU Tharanga,,
1238758,2020/21,2020-12-01,"Mahinda Rajapaksa International Cricket Stadium, Sooriyawewa, Hambantota",1,9.1,Dambulla Viiking,Colombo Kings,MD Shanaka,SR Patel,Qais Ahmad,4,0,,,,,,,,,
1238758,2020/21,2020-12-01,"Mahinda Rajapaksa International Cricket Stadium, Sooriyawewa, Hambantota",1,9.2,Dambulla Viiking,Colombo Kings,MD Shanaka,SR Patel,Qais Ahmad,1,0,,,,,,,,,
1238758,2020/21,2020-12-01,"Mahinda Rajapaksa International Cricket Stadium, Sooriyawewa, Hambantota",1,9.3,Dambulla Viiking,Colombo Kings,SR Patel,MD Shanaka,Qais Ahmad,0,0,,,,,,,,,
1238758,2020/21,2020-12-01,"Mahinda Rajapaksa International Cricket Stadium, Sooriyawewa, Hambantota",1,9.4,Dambulla Viiking,Colombo Kings,SR Patel,MD Shanaka,Qais Ahmad,1,0,,,,,,,,,
1238758,2020/21,2020-12-01,"Mahinda Rajapaksa International Cricket Stadium, Sooriyawewa, Hambantota",1,9.5,Dambulla Viiking,Colombo Kings,MD Shanaka,SR Patel,Qais Ahmad,0,0,,,,,,,,,
1238758,2020/21,2020-12-01,"Mahinda Rajapaksa International Cricket Stadium, Sooriyawewa, Hambantota",1,9.6,Dambulla Viiking,Colombo Kings,MD Shanaka,SR Patel,Qais Ahmad,0,0,,,,,,,,,
1238758,2020/21,2020-12-01,"Mahinda Rajapaksa International Cricket Stadium, Sooriyawewa, Hambantota",1,10.1,Dambulla Viiking,Colombo Kings,SR Patel,MD Shanaka,PVD Chameera,1,0,,,,,,,,,
1238758,2020/21,2020-12-01,"Mahinda Rajapaksa International Cricket Stadium, Sooriyawewa, Hambantota",1,10.2,Dambulla Viiking,Colombo Kings,MD Shanaka,SR Patel,PVD Chameera,1,0,,,,,,,,,
1238758,2020/21,2020-12-01,"Mahinda Rajapaksa International Cricket Stadium, Sooriyawewa, Hambantota",1,10.3,Dambulla Viiking,Colombo Kings,SR Patel,MD Shanaka,PVD Chameera,0,0,,,,,,caught,SR Patel,,
1238758,2020/21,2020-12-01,"Mahinda Rajapaksa International Cricket Stadium, Sooriyawewa, Hambantota",1,10.4,Dambulla Viiking,Colombo Kings,AK Perera,MD Shanaka,PVD Chameera,0,0,,,,,,,,,
1238758,2020/21,2020-12-01,"Mahinda Rajapaksa International Cricket Stadium, Sooriyawewa, Hambantota",1,10.5,Dambulla Viiking,Colombo Kings,AK Perera,MD Shanaka,PVD Chameera,0,0,,,,,,,,,
1238758,2020/21,2020-12-01,"Mahinda Rajapaksa International Cricket Stadium, Sooriyawewa, Hambantota",1,10.6,Dambulla Viiking,Colombo Kings,AK Perera,MD Shanaka,PVD Chameera,0,0,,,,,,,,,
1238758,2020/21,2020-12-01,"Mahinda Rajapaksa International Cricket Stadium, Sooriyawewa, Hambantota",1,11.1,Dambulla Viiking,Colombo Kings,MD Shanaka,AK Perera,Qais Ahmad,0,0,,,,,,,,,
1238758,2020/21,2020-12-01,"Mahinda Rajapaksa International Cricket Stadium, Sooriyawewa, Hambantota",1,11.2,Dambulla Viiking,Colombo Kings,MD Shanaka,AK Perera,Qais Ahmad,0,0,,,,,,,,,
1238758,2020/21,2020-12-01,"Mahinda Rajapaksa International Cricket Stadium, Sooriyawewa, Hambantota",1,11.3,Dambulla Viiking,Colombo Kings,MD Shanaka,AK Perera,Qais Ahmad,2,0,,,,,,,,,
1238758,2020/21,2020-12-01,"Mahinda Rajapaksa International Cricket Stadium, Sooriyawewa, Hambantota",1,11.4,Dambulla Viiking,Colombo Kings,MD Shanaka,AK Perera,Qais Ahmad,1,0,,,,,,,,,
1238758,2020/21,2020-12-01,"Mahinda Rajapaksa International Cricket Stadium, Sooriyawewa, Hambantota",1,11.5,Dambulla Viiking,Colombo Kings,AK Perera,MD Shanaka,Qais Ahmad,2,0,,,,,,,,,
1238758,2020/21,2020-12-01,"Mahinda Rajapaksa International Cricket Stadium, Sooriyawewa, Hambantota",1,11.6,Dambulla Viiking,Colombo Kings,AK Perera,MD Shanaka,Qais Ahmad,1,0,,,,,,,,,
1238758,2020/21,2020-12-01,"Mahinda Rajapaksa International Cricket Stadium, Sooriyawewa, Hambantota",1,12.1,Dambulla Viiking,Colombo Kings,AK Perera,MD Shanaka,PVD Chameera,1,0,,,,,,,,,
1238758,2020/21,2020-12-01,"Mahinda Rajapaksa International Cricket Stadium, Sooriyawewa, Hambantota",1,12.2,Dambulla Viiking,Colombo Kings,MD Shanaka,AK Perera,PVD Chameera,1,0,,,,,,,,,
1238758,2020/21,2020-12-01,"Mahinda Rajapaksa International Cricket Stadium, Sooriyawewa, Hambantota",1,12.3,Dambulla Viiking,Colombo Kings,AK Perera,MD Shanaka,PVD Chameera,0,0,,,,,,,,,
1238758,2020/21,2020-12-01,"Mahinda Rajapaksa International Cricket Stadium, Sooriyawewa, Hambantota",1,12.4,Dambulla Viiking,Colombo Kings,AK Perera,MD Shanaka,PVD Chameera,6,0,,,,,,,,,
1238758,2020/21,2020-12-01,"Mahinda Rajapaksa International Cricket Stadium, Sooriyawewa, Hambantota",1,12.5,Dambulla Viiking,Colombo Kings,AK Perera,MD Shanaka,PVD Chameera,1,0,,,,,,,,,
1238758,2020/21,2020-12-01,"Mahinda Rajapaksa International Cricket Stadium, Sooriyawewa, Hambantota",1,12.6,Dambulla Viiking,Colombo Kings,MD Shanaka,AK Perera,PVD Chameera,1,0,,,,,,,,,
1238758,2020/21,2020-12-01,"Mahinda Rajapaksa International Cricket Stadium, Sooriyawewa, Hambantota",1,13.1,Dambulla Viiking,Colombo Kings,MD Shanaka,AK Perera,KTGD Prasad,4,0,,,,,,,,,
1238758,2020/21,2020-12-01,"Mahinda Rajapaksa International Cricket Stadium, Sooriyawewa, Hambantota",1,13.2,Dambulla Viiking,Colombo Kings,MD Shanaka,AK Perera,KTGD Prasad,1,0,,,,,,,,,
1238758,2020/21,2020-12-01,"Mahinda Rajapaksa International Cricket Stadium, Sooriyawewa, Hambantota",1,13.3,Dambulla Viiking,Colombo Kings,AK Perera,MD Shanaka,KTGD Prasad,0,0,,,,,,,,,
1238758,2020/21,2020-12-01,"Mahinda Rajapaksa International Cricket Stadium, Sooriyawewa, Hambantota",1,13.4,Dambulla Viiking,Colombo Kings,AK Perera,MD Shanaka,KTGD Prasad,4,0,,,,,,,,,
1238758,2020/21,2020-12-01,"Mahinda Rajapaksa International Cricket Stadium, Sooriyawewa, Hambantota",1,13.5,Dambulla Viiking,Colombo Kings,AK Perera,MD Shanaka,KTGD Prasad,4,0,,,,,,,,,
1238758,2020/21,2020-12-01,"Mahinda Rajapaksa International Cricket Stadium, Sooriyawewa, Hambantota",1,13.6,Dambulla Viiking,Colombo Kings,AK Perera,MD Shanaka,KTGD Prasad,1,1,,1,,,,,,,
1238758,2020/21,2020-12-01,"Mahinda Rajapaksa International Cricket Stadium, Sooriyawewa, Hambantota",1,13.7,Dambulla Viiking,Colombo Kings,MD Shanaka,AK Perera,KTGD Prasad,4,0,,,,,,,,,
1238758,2020/21,2020-12-01,"Mahinda Rajapaksa International Cricket Stadium, Sooriyawewa, Hambantota",1,14.1,Dambulla Viiking,Colombo Kings,AK Perera,MD Shanaka,I Udana,0,0,,,,,,,,,
1238758,2020/21,2020-12-01,"Mahinda Rajapaksa International Cricket Stadium, Sooriyawewa, Hambantota",1,14.2,Dambulla Viiking,Colombo Kings,AK Perera,MD Shanaka,I Udana,1,0,,,,,,,,,
1238758,2020/21,2020-12-01,"Mahinda Rajapaksa International Cricket Stadium, Sooriyawewa, Hambantota",1,14.3,Dambulla Viiking,Colombo Kings,MD Shanaka,AK Perera,I Udana,0,1,1,,,,,,,,
1238758,2020/21,2020-12-01,"Mahinda Rajapaksa International Cricket Stadium, Sooriyawewa, Hambantota",1,14.4,Dambulla Viiking,Colombo Kings,MD Shanaka,AK Perera,I Udana,0,0,,,,,,,,,
1238758,2020/21,2020-12-01,"Mahinda Rajapaksa International Cricket Stadium, Sooriyawewa, Hambantota",1,14.5,Dambulla Viiking,Colombo Kings,MD Shanaka,AK Perera,I Udana,1,0,,,,,,,,,
1238758,2020/21,2020-12-01,"Mahinda Rajapaksa International Cricket Stadium, Sooriyawewa, Hambantota",1,14.6,Dambulla Viiking,Colombo Kings,AK Perera,MD Shanaka,I Udana,0,0,,,,,,caught,AK Perera,,
1238758,2020/21,2020-12-01,"Mahinda Rajapaksa International Cricket Stadium, Sooriyawewa, Hambantota",1,14.7,Dambulla Viiking,Colombo Kings,MD Shanaka,Anwar Ali,I Udana,1,0,,,,,,,,,
1238758,2020/21,2020-12-01,"Mahinda Rajapaksa International Cricket Stadium, Sooriyawewa, Hambantota",1,15.1,Dambulla Viiking,Colombo Kings,MD Shanaka,Anwar Ali,Qais Ahmad,6,0,,,,,,,,,
1238758,2020/21,2020-12-01,"Mahinda Rajapaksa International Cricket Stadium, Sooriyawewa, Hambantota",1,15.2,Dambulla Viiking,Colombo Kings,MD Shanaka,Anwar Ali,Qais Ahmad,0,0,,,,,,,,,
1238758,2020/21,2020-12-01,"Mahinda Rajapaksa International Cricket Stadium, Sooriyawewa, Hambantota",1,15.3,Dambulla Viiking,Colombo Kings,MD Shanaka,Anwar Ali,Qais Ahmad,0,0,,,,,,,,,
1238758,2020/21,2020-12-01,"Mahinda Rajapaksa International Cricket Stadium, Sooriyawewa, Hambantota",1,15.4,Dambulla Viiking,Colombo Kings,MD Shanaka,Anwar Ali,Qais Ahmad,6,0,,,,,,,,,
1238758,2020/21,2020-12-01,"Mahinda Rajapaksa International Cricket Stadium, Sooriyawewa, Hambantota",1,15.5,Dambulla Viiking,Colombo Kings,MD Shanaka,Anwar Ali,Qais Ahmad,0,0,,,,,,,,,
1238758,2020/21,2020-12-01,"Mahinda Rajapaksa International Cricket Stadium, Sooriyawewa, Hambantota",1,15.6,Dambulla Viiking,Colombo Kings,MD Shanaka,Anwar Ali,Qais Ahmad,1,0,,,,,,,,,
1238758,2020/21,2020-12-01,"Mahinda Rajapaksa International Cricket Stadium, Sooriyawewa, Hambantota",1,16.1,Dambulla Viiking,Colombo Kings,MD Shanaka,Anwar Ali,PVD Chameera,6,0,,,,,,,,,
1238758,2020/21,2020-12-01,"Mahinda Rajapaksa International Cricket Stadium, Sooriyawewa, Hambantota",1,16.2,Dambulla Viiking,Colombo Kings,MD Shanaka,Anwar Ali,PVD Chameera,1,0,,,,,,,,,
1238758,2020/21,2020-12-01,"Mahinda Rajapaksa International Cricket Stadium, Sooriyawewa, Hambantota",1,16.3,Dambulla Viiking,Colombo Kings,Anwar Ali,MD Shanaka,PVD Chameera,1,0,,,,,,,,,
1238758,2020/21,2020-12-01,"Mahinda Rajapaksa International Cricket Stadium, Sooriyawewa, Hambantota",1,16.4,Dambulla Viiking,Colombo Kings,MD Shanaka,Anwar Ali,PVD Chameera,0,1,1,,,,,,,,
1238758,2020/21,2020-12-01,"Mahinda Rajapaksa International Cricket Stadium, Sooriyawewa, Hambantota",1,16.5,Dambulla Viiking,Colombo Kings,MD Shanaka,Anwar Ali,PVD Chameera,2,0,,,,,,,,,
1238758,2020/21,2020-12-01,"Mahinda Rajapaksa International Cricket Stadium, Sooriyawewa, Hambantota",1,16.6,Dambulla Viiking,Colombo Kings,MD Shanaka,Anwar Ali,PVD Chameera,0,0,,,,,,,,,
1238758,2020/21,2020-12-01,"Mahinda Rajapaksa International Cricket Stadium, Sooriyawewa, Hambantota",1,16.7,Dambulla Viiking,Colombo Kings,MD Shanaka,Anwar Ali,PVD Chameera,1,0,,,,,,,,,
1238758,2020/21,2020-12-01,"Mahinda Rajapaksa International Cricket Stadium, Sooriyawewa, Hambantota",1,17.1,Dambulla Viiking,Colombo Kings,MD Shanaka,Anwar Ali,AD Russell,1,0,,,,,,,,,
1238758,2020/21,2020-12-01,"Mahinda Rajapaksa International Cricket Stadium, Sooriyawewa, Hambantota",1,17.2,Dambulla Viiking,Colombo Kings,Anwar Ali,MD Shanaka,AD Russell,0,0,,,,,,,,,
1238758,2020/21,2020-12-01,"Mahinda Rajapaksa International Cricket Stadium, Sooriyawewa, Hambantota",1,17.3,Dambulla Viiking,Colombo Kings,Anwar Ali,MD Shanaka,AD Russell,1,0,,,,,,,,,
1238758,2020/21,2020-12-01,"Mahinda Rajapaksa International Cricket Stadium, Sooriyawewa, Hambantota",1,17.4,Dambulla Viiking,Colombo Kings,MD Shanaka,Anwar Ali,AD Russell,1,0,,,,,,,,,
1238758,2020/21,2020-12-01,"Mahinda Rajapaksa International Cricket Stadium, Sooriyawewa, Hambantota",1,17.5,Dambulla Viiking,Colombo Kings,Anwar Ali,MD Shanaka,AD Russell,0,0,,,,,,caught,Anwar Ali,,
1238758,2020/21,2020-12-01,"Mahinda Rajapaksa International Cricket Stadium, Sooriyawewa, Hambantota",1,17.6,Dambulla Viiking,Colombo Kings,Pulina Tharanga,MD Shanaka,AD Russell,0,1,1,,,,,,,,
1238758,2020/21,2020-12-01,"Mahinda Rajapaksa International Cricket Stadium, Sooriyawewa, Hambantota",1,17.7,Dambulla Viiking,Colombo Kings,Pulina Tharanga,MD Shanaka,AD Russell,1,0,,,,,,,,,
1238758,2020/21,2020-12-01,"Mahinda Rajapaksa International Cricket Stadium, Sooriyawewa, Hambantota",1,18.1,Dambulla Viiking,Colombo Kings,Pulina Tharanga,MD Shanaka,I Udana,1,0,,,,,,,,,
1238758,2020/21,2020-12-01,"Mahinda Rajapaksa International Cricket Stadium, Sooriyawewa, Hambantota",1,18.2,Dambulla Viiking,Colombo Kings,MD Shanaka,Pulina Tharanga,I Udana,1,0,,,,,,,,,
1238758,2020/21,2020-12-01,"Mahinda Rajapaksa International Cricket Stadium, Sooriyawewa, Hambantota",1,18.3,Dambulla Viiking,Colombo Kings,Pulina Tharanga,MD Shanaka,I Udana,1,0,,,,,,,,,
1238758,2020/21,2020-12-01,"Mahinda Rajapaksa International Cricket Stadium, Sooriyawewa, Hambantota",1,18.4,Dambulla Viiking,Colombo Kings,MD Shanaka,Pulina Tharanga,I Udana,2,0,,,,,,,,,
1238758,2020/21,2020-12-01,"Mahinda Rajapaksa International Cricket Stadium, Sooriyawewa, Hambantota",1,18.5,Dambulla Viiking,Colombo Kings,MD Shanaka,Pulina Tharanga,I Udana,6,0,,,,,,,,,
1238758,2020/21,2020-12-01,"Mahinda Rajapaksa International Cricket Stadium, Sooriyawewa, Hambantota",1,18.6,Dambulla Viiking,Colombo Kings,MD Shanaka,Pulina Tharanga,I Udana,0,0,,,,,,caught,MD Shanaka,,
1238758,2020/21,2020-12-01,"Mahinda Rajapaksa International Cricket Stadium, Sooriyawewa, Hambantota",1,19.1,Dambulla Viiking,Colombo Kings,Pulina Tharanga,PM Pushpakumara,AD Russell,1,0,,,,,,,,,
1238758,2020/21,2020-12-01,"Mahinda Rajapaksa International Cricket Stadium, Sooriyawewa, Hambantota",1,19.2,Dambulla Viiking,Colombo Kings,PM Pushpakumara,Pulina Tharanga,AD Russell,4,0,,,,,,,,,
1238758,2020/21,2020-12-01,"Mahinda Rajapaksa International Cricket Stadium, Sooriyawewa, Hambantota",1,19.3,Dambulla Viiking,Colombo Kings,PM Pushpakumara,Pulina Tharanga,AD Russell,6,0,,,,,,,,,
1238758,2020/21,2020-12-01,"Mahinda Rajapaksa International Cricket Stadium, Sooriyawewa, Hambantota",1,19.4,Dambulla Viiking,Colombo Kings,PM Pushpakumara,Pulina Tharanga,AD Russell,0,1,1,,,,,,,,
1238758,2020/21,2020-12-01,"Mahinda Rajapaksa International Cricket Stadium, Sooriyawewa, Hambantota",1,19.5,Dambulla Viiking,Colombo Kings,PM Pushpakumara,Pulina Tharanga,AD Russell,1,0,,,,,,,,,
1238758,2020/21,2020-12-01,"Mahinda Rajapaksa International Cricket Stadium, Sooriyawewa, Hambantota",1,19.6,Dambulla Viiking,Colombo Kings,Pulina Tharanga,PM Pushpakumara,AD Russell,0,0,,,,,,caught and bowled,Pulina Tharanga,,
1238758,2020/21,2020-12-01,"Mahinda Rajapaksa International Cricket Stadium, Sooriyawewa, Hambantota",1,19.7,Dambulla Viiking,Colombo Kings,S Colombage,PM Pushpakumara,AD Russell,0,0,,,,,,caught,S Colombage,,
1238758,2020/21,2020-12-01,"Mahinda Rajapaksa International Cricket Stadium, Sooriyawewa, Hambantota",2,0.1,Colombo Kings,Dambulla Viiking,LD Chandimal,LJ Evans,SR Patel,0,0,,,,,,caught and bowled,LD Chandimal,,
1238758,2020/21,2020-12-01,"Mahinda Rajapaksa International Cricket Stadium, Sooriyawewa, Hambantota",2,0.2,Colombo Kings,Dambulla Viiking,ST de Silva,LJ Evans,SR Patel,0,0,,,,,,,,,
1238758,2020/21,2020-12-01,"Mahinda Rajapaksa International Cricket Stadium, Sooriyawewa, Hambantota",2,0.3,Colombo Kings,Dambulla Viiking,ST de Silva,LJ Evans,SR Patel,1,0,,,,,,,,,
1238758,2020/21,2020-12-01,"Mahinda Rajapaksa International Cricket Stadium, Sooriyawewa, Hambantota",2,0.4,Colombo Kings,Dambulla Viiking,LJ Evans,ST de Silva,SR Patel,0,0,,,,,,,,,
1238758,2020/21,2020-12-01,"Mahinda Rajapaksa International Cricket Stadium, Sooriyawewa, Hambantota",2,0.5,Colombo Kings,Dambulla Viiking,LJ Evans,ST de Silva,SR Patel,1,0,,,,,,,,,
1238758,2020/21,2020-12-01,"Mahinda Rajapaksa International Cricket Stadium, Sooriyawewa, Hambantota",2,0.6,Colombo Kings,Dambulla Viiking,ST de Silva,LJ Evans,SR Patel,4,0,,,,,,,,,
1238758,2020/21,2020-12-01,"Mahinda Rajapaksa International Cricket Stadium, Sooriyawewa, Hambantota",2,1.1,Colombo Kings,Dambulla Viiking,LJ Evans,ST de Silva,CAK Rajitha,4,0,,,,,,,,,
1238758,2020/21,2020-12-01,"Mahinda Rajapaksa International Cricket Stadium, Sooriyawewa, Hambantota",2,1.2,Colombo Kings,Dambulla Viiking,LJ Evans,ST de Silva,CAK Rajitha,1,0,,,,,,,,,
1238758,2020/21,2020-12-01,"Mahinda Rajapaksa International Cricket Stadium, Sooriyawewa, Hambantota",2,1.3,Colombo Kings,Dambulla Viiking,ST de Silva,LJ Evans,CAK Rajitha,0,0,,,,,,,,,
1238758,2020/21,2020-12-01,"Mahinda Rajapaksa International Cricket Stadium, Sooriyawewa, Hambantota",2,1.4,Colombo Kings,Dambulla Viiking,ST de Silva,LJ Evans,CAK Rajitha,0,0,,,,,,caught,ST de Silva,,
1238758,2020/21,2020-12-01,"Mahinda Rajapaksa International Cricket Stadium, Sooriyawewa, Hambantota",2,1.5,Colombo Kings,Dambulla Viiking,LJ Evans,AD Mathews,CAK Rajitha,0,0,,,,,,,,,
1238758,2020/21,2020-12-01,"Mahinda Rajapaksa International Cricket Stadium, Sooriyawewa, Hambantota",2,1.6,Colombo Kings,Dambulla Viiking,LJ Evans,AD Mathews,CAK Rajitha,4,0,,,,,,,,,
1238758,2020/21,2020-12-01,"Mahinda Rajapaksa International Cricket Stadium, Sooriyawewa, Hambantota",2,2.1,Colombo Kings,Dambulla Viiking,AD Mathews,LJ Evans,PM Pushpakumara,0,0,,,,,,,,,
1238758,2020/21,2020-12-01,"Mahinda Rajapaksa International Cricket Stadium, Sooriyawewa, Hambantota",2,2.2,Colombo Kings,Dambulla Viiking,AD Mathews,LJ Evans,PM Pushpakumara,0,0,,,,,,,,,
1238758,2020/21,2020-12-01,"Mahinda Rajapaksa International Cricket Stadium, Sooriyawewa, Hambantota",2,2.3,Colombo Kings,Dambulla Viiking,AD Mathews,LJ Evans,PM Pushpakumara,0,0,,,,,,,,,
1238758,2020/21,2020-12-01,"Mahinda Rajapaksa International Cricket Stadium, Sooriyawewa, Hambantota",2,2.4,Colombo Kings,Dambulla Viiking,AD Mathews,LJ Evans,PM Pushpakumara,4,0,,,,,,,,,
1238758,2020/21,2020-12-01,"Mahinda Rajapaksa International Cricket Stadium, Sooriyawewa, Hambantota",2,2.5,Colombo Kings,Dambulla Viiking,AD Mathews,LJ Evans,PM Pushpakumara,0,0,,,,,,,,,
1238758,2020/21,2020-12-01,"Mahinda Rajapaksa International Cricket Stadium, Sooriyawewa, Hambantota",2,2.6,Colombo Kings,Dambulla Viiking,AD Mathews,LJ Evans,PM Pushpakumara,1,0,,,,,,,,,
1238758,2020/21,2020-12-01,"Mahinda Rajapaksa International Cricket Stadium, Sooriyawewa, Hambantota",2,3.1,Colombo Kings,Dambulla Viiking,AD Mathews,LJ Evans,CAK Rajitha,0,0,,,,,,,,,
1238758,2020/21,2020-12-01,"Mahinda Rajapaksa International Cricket Stadium, Sooriyawewa, Hambantota",2,3.2,Colombo Kings,Dambulla Viiking,AD Mathews,LJ Evans,CAK Rajitha,4,0,,,,,,,,,
1238758,2020/21,2020-12-01,"Mahinda Rajapaksa International Cricket Stadium, Sooriyawewa, Hambantota",2,3.3,Colombo Kings,Dambulla Viiking,AD Mathews,LJ Evans,CAK Rajitha,0,0,,,,,,,,,
1238758,2020/21,2020-12-01,"Mahinda Rajapaksa International Cricket Stadium, Sooriyawewa, Hambantota",2,3.4,Colombo Kings,Dambulla Viiking,AD Mathews,LJ Evans,CAK Rajitha,0,0,,,,,,,,,
1238758,2020/21,2020-12-01,"Mahinda Rajapaksa International Cricket Stadium, Sooriyawewa, Hambantota",2,3.5,Colombo Kings,Dambulla Viiking,AD Mathews,LJ Evans,CAK Rajitha,1,0,,,,,,,,,
1238758,2020/21,2020-12-01,"Mahinda Rajapaksa International Cricket Stadium, Sooriyawewa, Hambantota",2,3.6,Colombo Kings,Dambulla Viiking,LJ Evans,AD Mathews,CAK Rajitha,1,0,,,,,,,,,
1238758,2020/21,2020-12-01,"Mahinda Rajapaksa International Cricket Stadium, Sooriyawewa, Hambantota",2,4.1,Colombo Kings,Dambulla Viiking,LJ Evans,AD Mathews,SR Patel,1,0,,,,,,,,,
1238758,2020/21,2020-12-01,"Mahinda Rajapaksa International Cricket Stadium, Sooriyawewa, Hambantota",2,4.2,Colombo Kings,Dambulla Viiking,AD Mathews,LJ Evans,SR Patel,1,0,,,,,,,,,
1238758,2020/21,2020-12-01,"Mahinda Rajapaksa International Cricket Stadium, Sooriyawewa, Hambantota",2,4.3,Colombo Kings,Dambulla Viiking,LJ Evans,AD Mathews,SR Patel,4,0,,,,,,,,,
1238758,2020/21,2020-12-01,"Mahinda Rajapaksa International Cricket Stadium, Sooriyawewa, Hambantota",2,4.4,Colombo Kings,Dambulla Viiking,LJ Evans,AD Mathews,SR Patel,0,0,,,,,,,,,
1238758,2020/21,2020-12-01,"Mahinda Rajapaksa International Cricket Stadium, Sooriyawewa, Hambantota",2,4.5,Colombo Kings,Dambulla Viiking,LJ Evans,AD Mathews,SR Patel,6,0,,,,,,,,,
1238758,2020/21,2020-12-01,"Mahinda Rajapaksa International Cricket Stadium, Sooriyawewa, Hambantota",2,4.6,Colombo Kings,Dambulla Viiking,LJ Evans,AD Mathews,SR Patel,1,0,,,,,,,,,
1238758,2020/21,2020-12-01,"Mahinda Rajapaksa International Cricket Stadium, Sooriyawewa, Hambantota",2,5.1,Colombo Kings,Dambulla Viiking,LJ Evans,AD Mathews,Anwar Ali,1,0,,,,,,,,,
1238758,2020/21,2020-12-01,"Mahinda Rajapaksa International Cricket Stadium, Sooriyawewa, Hambantota",2,5.2,Colombo Kings,Dambulla Viiking,AD Mathews,LJ Evans,Anwar Ali,0,0,,,,,,,,,
1238758,2020/21,2020-12-01,"Mahinda Rajapaksa International Cricket Stadium, Sooriyawewa, Hambantota",2,5.3,Colombo Kings,Dambulla Viiking,AD Mathews,LJ Evans,Anwar Ali,0,0,,,,,,caught,AD Mathews,,
1238758,2020/21,2020-12-01,"Mahinda Rajapaksa International Cricket Stadium, Sooriyawewa, Hambantota",2,5.4,Colombo Kings,Dambulla Viiking,AD Russell,LJ Evans,Anwar Ali,0,0,,,,,,,,,
1238758,2020/21,2020-12-01,"Mahinda Rajapaksa International Cricket Stadium, Sooriyawewa, Hambantota",2,5.5,Colombo Kings,Dambulla Viiking,AD Russell,LJ Evans,Anwar Ali,0,0,,,,,,,,,
1238758,2020/21,2020-12-01,"Mahinda Rajapaksa International Cricket Stadium, Sooriyawewa, Hambantota",2,5.6,Colombo Kings,Dambulla Viiking,AD Russell,LJ Evans,Anwar Ali,1,0,,,,,,,,,
1238758,2020/21,2020-12-01,"Mahinda Rajapaksa International Cricket Stadium, Sooriyawewa, Hambantota",2,6.1,Colombo Kings,Dambulla Viiking,AD Russell,LJ Evans,S Colombage,0,0,,,,,,,,,
1238758,2020/21,2020-12-01,"Mahinda Rajapaksa International Cricket Stadium, Sooriyawewa, Hambantota",2,6.2,Colombo Kings,Dambulla Viiking,AD Russell,LJ Evans,S Colombage,4,0,,,,,,,,,
1238758,2020/21,2020-12-01,"Mahinda Rajapaksa International Cricket Stadium, Sooriyawewa, Hambantota",2,6.3,Colombo Kings,Dambulla Viiking,AD Russell,LJ Evans,S Colombage,0,0,,,,,,caught,AD Russell,,
1238758,2020/21,2020-12-01,"Mahinda Rajapaksa International Cricket Stadium, Sooriyawewa, Hambantota",2,6.4,Colombo Kings,Dambulla Viiking,SMA Priyanjan,LJ Evans,S Colombage,0,0,,,,,,,,,
1238758,2020/21,2020-12-01,"Mahinda Rajapaksa International Cricket Stadium, Sooriyawewa, Hambantota",2,6.5,Colombo Kings,Dambulla Viiking,SMA Priyanjan,LJ Evans,S Colombage,0,0,,,,,,,,,
1238758,2020/21,2020-12-01,"Mahinda Rajapaksa International Cricket Stadium, Sooriyawewa, Hambantota",2,6.6,Colombo Kings,Dambulla Viiking,SMA Priyanjan,LJ Evans,S Colombage,4,0,,,,,,,,,
1238758,2020/21,2020-12-01,"Mahinda Rajapaksa International Cricket Stadium, Sooriyawewa, Hambantota",2,7.1,Colombo Kings,Dambulla Viiking,LJ Evans,SMA Priyanjan,SR Patel,0,0,,,,,,,,,
1238758,2020/21,2020-12-01,"Mahinda Rajapaksa International Cricket Stadium, Sooriyawewa, Hambantota",2,7.2,Colombo Kings,Dambulla Viiking,LJ Evans,SMA Priyanjan,SR Patel,1,0,,,,,,,,,
1238758,2020/21,2020-12-01,"Mahinda Rajapaksa International Cricket Stadium, Sooriyawewa, Hambantota",2,7.3,Colombo Kings,Dambulla Viiking,SMA Priyanjan,LJ Evans,SR Patel,0,1,1,,,,,,,,
1238758,2020/21,2020-12-01,"Mahinda Rajapaksa International Cricket Stadium, Sooriyawewa, Hambantota",2,7.4,Colombo Kings,Dambulla Viiking,SMA Priyanjan,LJ Evans,SR Patel,1,0,,,,,,,,,
1238758,2020/21,2020-12-01,"Mahinda Rajapaksa International Cricket Stadium, Sooriyawewa, Hambantota",2,7.5,Colombo Kings,Dambulla Viiking,LJ Evans,SMA Priyanjan,SR Patel,1,0,,,,,,,,,
1238758,2020/21,2020-12-01,"Mahinda Rajapaksa International Cricket Stadium, Sooriyawewa, Hambantota",2,7.6,Colombo Kings,Dambulla Viiking,SMA Priyanjan,LJ Evans,SR Patel,0,0,,,,,,,,,
1238758,2020/21,2020-12-01,"Mahinda Rajapaksa International Cricket Stadium, Sooriyawewa, Hambantota",2,7.7,Colombo Kings,Dambulla Viiking,SMA Priyanjan,LJ Evans,SR Patel,1,0,,,,,,,,,
1238758,2020/21,2020-12-01,"Mahinda Rajapaksa International Cricket Stadium, Sooriyawewa, Hambantota",2,8.1,Colombo Kings,Dambulla Viiking,SMA Priyanjan,LJ Evans,S Colombage,1,0,,,,,,,,,
1238758,2020/21,2020-12-01,"Mahinda Rajapaksa International Cricket Stadium, Sooriyawewa, Hambantota",2,8.2,Colombo Kings,Dambulla Viiking,LJ Evans,SMA Priyanjan,S Colombage,1,0,,,,,,,,,
1238758,2020/21,2020-12-01,"Mahinda Rajapaksa International Cricket Stadium, Sooriyawewa, Hambantota",2,8.3,Colombo Kings,Dambulla Viiking,SMA Priyanjan,LJ Evans,S Colombage,1,0,,,,,,,,,
1238758,2020/21,2020-12-01,"Mahinda Rajapaksa International Cricket Stadium, Sooriyawewa, Hambantota",2,8.4,Colombo Kings,Dambulla Viiking,LJ Evans,SMA Priyanjan,S Colombage,1,0,,,,,,,,,
1238758,2020/21,2020-12-01,"Mahinda Rajapaksa International Cricket Stadium, Sooriyawewa, Hambantota",2,8.5,Colombo Kings,Dambulla Viiking,SMA Priyanjan,LJ Evans,S Colombage,1,0,,,,,,,,,
1238758,2020/21,2020-12-01,"Mahinda Rajapaksa International Cricket Stadium, Sooriyawewa, Hambantota",2,8.6,Colombo Kings,Dambulla Viiking,LJ Evans,SMA Priyanjan,S Colombage,0,0,,,,,,,,,
1238758,2020/21,2020-12-01,"Mahinda Rajapaksa International Cricket Stadium, Sooriyawewa, Hambantota",2,9.1,Colombo Kings,Dambulla Viiking,SMA Priyanjan,LJ Evans,PM Pushpakumara,1,0,,,,,,,,,
1238758,2020/21,2020-12-01,"Mahinda Rajapaksa International Cricket Stadium, Sooriyawewa, Hambantota",2,9.2,Colombo Kings,Dambulla Viiking,LJ Evans,SMA Priyanjan,PM Pushpakumara,1,0,,,,,,,,,
1238758,2020/21,2020-12-01,"Mahinda Rajapaksa International Cricket Stadium, Sooriyawewa, Hambantota",2,9.3,Colombo Kings,Dambulla Viiking,SMA Priyanjan,LJ Evans,PM Pushpakumara,1,0,,,,,,,,,
1238758,2020/21,2020-12-01,"Mahinda Rajapaksa International Cricket Stadium, Sooriyawewa, Hambantota",2,9.4,Colombo Kings,Dambulla Viiking,LJ Evans,SMA Priyanjan,PM Pushpakumara,1,0,,,,,,,,,
1238758,2020/21,2020-12-01,"Mahinda Rajapaksa International Cricket Stadium, Sooriyawewa, Hambantota",2,9.5,Colombo Kings,Dambulla Viiking,SMA Priyanjan,LJ Evans,PM Pushpakumara,0,0,,,,,,caught,SMA Priyanjan,,
1238758,2020/21,2020-12-01,"Mahinda Rajapaksa International Cricket Stadium, Sooriyawewa, Hambantota",2,9.6,Colombo Kings,Dambulla Viiking,I Udana,LJ Evans,PM Pushpakumara,0,0,,,,,,,,,
1238758,2020/21,2020-12-01,"Mahinda Rajapaksa International Cricket Stadium, Sooriyawewa, Hambantota",2,10.1,Colombo Kings,Dambulla Viiking,LJ Evans,I Udana,S Colombage,6,0,,,,,,,,,
1238758,2020/21,2020-12-01,"Mahinda Rajapaksa International Cricket Stadium, Sooriyawewa, Hambantota",2,10.2,Colombo Kings,Dambulla Viiking,LJ Evans,I Udana,S Colombage,6,0,,,,,,,,,
1238758,2020/21,2020-12-01,"Mahinda Rajapaksa International Cricket Stadium, Sooriyawewa, Hambantota",2,10.3,Colombo Kings,Dambulla Viiking,LJ Evans,I Udana,S Colombage,1,0,,,,,,,,,
1238758,2020/21,2020-12-01,"Mahinda Rajapaksa International Cricket Stadium, Sooriyawewa, Hambantota",2,10.4,Colombo Kings,Dambulla Viiking,I Udana,LJ Evans,S Colombage,0,0,,,,,,,,,
1238758,2020/21,2020-12-01,"Mahinda Rajapaksa International Cricket Stadium, Sooriyawewa, Hambantota",2,10.5,Colombo Kings,Dambulla Viiking,I Udana,LJ Evans,S Colombage,1,0,,,,,,,,,
1238758,2020/21,2020-12-01,"Mahinda Rajapaksa International Cricket Stadium, Sooriyawewa, Hambantota",2,10.6,Colombo Kings,Dambulla Viiking,LJ Evans,I Udana,S Colombage,1,0,,,,,,,,,
1238758,2020/21,2020-12-01,"Mahinda Rajapaksa International Cricket Stadium, Sooriyawewa, Hambantota",2,11.1,Colombo Kings,Dambulla Viiking,LJ Evans,I Udana,PM Pushpakumara,1,0,,,,,,,,,
1238758,2020/21,2020-12-01,"Mahinda Rajapaksa International Cricket Stadium, Sooriyawewa, Hambantota",2,11.2,Colombo Kings,Dambulla Viiking,I Udana,LJ Evans,PM Pushpakumara,0,0,,,,,,,,,
1238758,2020/21,2020-12-01,"Mahinda Rajapaksa International Cricket Stadium, Sooriyawewa, Hambantota",2,11.3,Colombo Kings,Dambulla Viiking,I Udana,LJ Evans,PM Pushpakumara,0,0,,,,,,,,,
1238758,2020/21,2020-12-01,"Mahinda Rajapaksa International Cricket Stadium, Sooriyawewa, Hambantota",2,11.4,Colombo Kings,Dambulla Viiking,I Udana,LJ Evans,PM Pushpakumara,1,0,,,,,,,,,
1238758,2020/21,2020-12-01,"Mahinda Rajapaksa International Cricket Stadium, Sooriyawewa, Hambantota",2,11.5,Colombo Kings,Dambulla Viiking,LJ Evans,I Udana,PM Pushpakumara,4,0,,,,,,,,,
1238758,2020/21,2020-12-01,"Mahinda Rajapaksa International Cricket Stadium, Sooriyawewa, Hambantota",2,11.6,Colombo Kings,Dambulla Viiking,LJ Evans,I Udana,PM Pushpakumara,0,0,,,,,,,,,
1238758,2020/21,2020-12-01,"Mahinda Rajapaksa International Cricket Stadium, Sooriyawewa, Hambantota",2,12.1,Colombo Kings,Dambulla Viiking,I Udana,LJ Evans,Pulina Tharanga,1,0,,,,,,,,,
1238758,2020/21,2020-12-01,"Mahinda Rajapaksa International Cricket Stadium, Sooriyawewa, Hambantota",2,12.2,Colombo Kings,Dambulla Viiking,LJ Evans,I Udana,Pulina Tharanga,4,0,,,,,,,,,
1238758,2020/21,2020-12-01,"Mahinda Rajapaksa International Cricket Stadium, Sooriyawewa, Hambantota",2,12.3,Colombo Kings,Dambulla Viiking,LJ Evans,I Udana,Pulina Tharanga,0,0,,,,,,,,,
1238758,2020/21,2020-12-01,"Mahinda Rajapaksa International Cricket Stadium, Sooriyawewa, Hambantota",2,12.4,Colombo Kings,Dambulla Viiking,LJ Evans,I Udana,Pulina Tharanga,6,0,,,,,,,,,
1238758,2020/21,2020-12-01,"Mahinda Rajapaksa International Cricket Stadium, Sooriyawewa, Hambantota",2,12.5,Colombo Kings,Dambulla Viiking,LJ Evans,I Udana,Pulina Tharanga,0,0,,,,,,,,,
1238758,2020/21,2020-12-01,"Mahinda Rajapaksa International Cricket Stadium, Sooriyawewa, Hambantota",2,12.6,Colombo Kings,Dambulla Viiking,LJ Evans,I Udana,Pulina Tharanga,0,0,,,,,,bowled,LJ Evans,,
1238758,2020/21,2020-12-01,"Mahinda Rajapaksa International Cricket Stadium, Sooriyawewa, Hambantota",2,13.1,Colombo Kings,Dambulla Viiking,I Udana,Qais Ahmad,PM Pushpakumara,2,0,,,,,,,,,
1238758,2020/21,2020-12-01,"Mahinda Rajapaksa International Cricket Stadium, Sooriyawewa, Hambantota",2,13.2,Colombo Kings,Dambulla Viiking,I Udana,Qais Ahmad,PM Pushpakumara,0,1,,,,1,,,,,
1238758,2020/21,2020-12-01,"Mahinda Rajapaksa International Cricket Stadium, Sooriyawewa, Hambantota",2,13.3,Colombo Kings,Dambulla Viiking,Qais Ahmad,I Udana,PM Pushpakumara,1,0,,,,,,,,,
1238758,2020/21,2020-12-01,"Mahinda Rajapaksa International Cricket Stadium, Sooriyawewa, Hambantota",2,13.4,Colombo Kings,Dambulla Viiking,I Udana,Qais Ahmad,PM Pushpakumara,0,0,,,,,,,,,
1238758,2020/21,2020-12-01,"Mahinda Rajapaksa International Cricket Stadium, Sooriyawewa, Hambantota",2,13.5,Colombo Kings,Dambulla Viiking,I Udana,Qais Ahmad,PM Pushpakumara,0,0,,,,,,caught,I Udana,,
1238758,2020/21,2020-12-01,"Mahinda Rajapaksa International Cricket Stadium, Sooriyawewa, Hambantota",2,13.6,Colombo Kings,Dambulla Viiking,KTGD Prasad,Qais Ahmad,PM Pushpakumara,1,0,,,,,,,,,
1238758,2020/21,2020-12-01,"Mahinda Rajapaksa International Cricket Stadium, Sooriyawewa, Hambantota",2,14.1,Colombo Kings,Dambulla Viiking,KTGD Prasad,Qais Ahmad,Pulina Tharanga,1,0,,,,,,,,,
1238758,2020/21,2020-12-01,"Mahinda Rajapaksa International Cricket Stadium, Sooriyawewa, Hambantota",2,14.2,Colombo Kings,Dambulla Viiking,Qais Ahmad,KTGD Prasad,Pulina Tharanga,2,0,,,,,,,,,
1238758,2020/21,2020-12-01,"Mahinda Rajapaksa International Cricket Stadium, Sooriyawewa, Hambantota",2,14.3,Colombo Kings,Dambulla Viiking,Qais Ahmad,KTGD Prasad,Pulina Tharanga,0,1,,,,1,,,,,
1238758,2020/21,2020-12-01,"Mahinda Rajapaksa International Cricket Stadium, Sooriyawewa, Hambantota",2,14.4,Colombo Kings,Dambulla Viiking,KTGD Prasad,Qais Ahmad,Pulina Tharanga,1,0,,,,,,,,,
1238758,2020/21,2020-12-01,"Mahinda Rajapaksa International Cricket Stadium, Sooriyawewa, Hambantota",2,14.5,Colombo Kings,Dambulla Viiking,Qais Ahmad,KTGD Prasad,Pulina Tharanga,0,0,,,,,,,,,
1238758,2020/21,2020-12-01,"Mahinda Rajapaksa International Cricket Stadium, Sooriyawewa, Hambantota",2,14.6,Colombo Kings,Dambulla Viiking,Qais Ahmad,KTGD Prasad,Pulina Tharanga,0,0,,,,,,,,,
1238758,2020/21,2020-12-01,"Mahinda Rajapaksa International Cricket Stadium, Sooriyawewa, Hambantota",2,15.1,Colombo Kings,Dambulla Viiking,KTGD Prasad,Qais Ahmad,SR Patel,0,0,,,,,,,,,
1238758,2020/21,2020-12-01,"Mahinda Rajapaksa International Cricket Stadium, Sooriyawewa, Hambantota",2,15.2,Colombo Kings,Dambulla Viiking,KTGD Prasad,Qais Ahmad,SR Patel,4,0,,,,,,,,,
1238758,2020/21,2020-12-01,"Mahinda Rajapaksa International Cricket Stadium, Sooriyawewa, Hambantota",2,15.3,Colombo Kings,Dambulla Viiking,KTGD Prasad,Qais Ahmad,SR Patel,0,0,,,,,,stumped,KTGD Prasad,,
1238758,2020/21,2020-12-01,"Mahinda Rajapaksa International Cricket Stadium, Sooriyawewa, Hambantota",2,15.4,Colombo Kings,Dambulla Viiking,PVD Chameera,Qais Ahmad,SR Patel,1,0,,,,,,,,,
1238758,2020/21,2020-12-01,"Mahinda Rajapaksa International Cricket Stadium, Sooriyawewa, Hambantota",2,15.5,Colombo Kings,Dambulla Viiking,Qais Ahmad,PVD Chameera,SR Patel,1,0,,,,,,,,,
1238758,2020/21,2020-12-01,"Mahinda Rajapaksa International Cricket Stadium, Sooriyawewa, Hambantota",2,15.6,Colombo Kings,Dambulla Viiking,PVD Chameera,Qais Ahmad,SR Patel,0,0,,,,,,,,,
1238758,2020/21,2020-12-01,"Mahinda Rajapaksa International Cricket Stadium, Sooriyawewa, Hambantota",2,16.1,Colombo Kings,Dambulla Viiking,Qais Ahmad,PVD Chameera,Pulina Tharanga,4,0,,,,,,,,,
1238758,2020/21,2020-12-01,"Mahinda Rajapaksa International Cricket Stadium, Sooriyawewa, Hambantota",2,16.2,Colombo Kings,Dambulla Viiking,Qais Ahmad,PVD Chameera,Pulina Tharanga,6,0,,,,,,,,,
1238758,2020/21,2020-12-01,"Mahinda Rajapaksa International Cricket Stadium, Sooriyawewa, Hambantota",2,16.3,Colombo Kings,Dambulla Viiking,Qais Ahmad,PVD Chameera,Pulina Tharanga,0,0,,,,,,caught,Qais Ahmad,,
1238758,2020/21,2020-12-01,"Mahinda Rajapaksa International Cricket Stadium, Sooriyawewa, Hambantota",2,16.4,Colombo Kings,Dambulla Viiking,PVD Chameera,JDF Vandersay,Pulina Tharanga,0,0,,,,,,,,,
1238758,2020/21,2020-12-01,"Mahinda Rajapaksa International Cricket Stadium, Sooriyawewa, Hambantota",2,16.5,Colombo Kings,Dambulla Viiking,PVD Chameera,JDF Vandersay,Pulina Tharanga,0,5,5,,,,,,,,
1238758,2020/21,2020-12-01,"Mahinda Rajapaksa International Cricket Stadium, Sooriyawewa, Hambantota",2,16.6,Colombo Kings,Dambulla Viiking,PVD Chameera,JDF Vandersay,Pulina Tharanga,1,0,,,,,,,,,
1238758,2020/21,2020-12-01,"Mahinda Rajapaksa International Cricket Stadium, Sooriyawewa, Hambantota",2,16.7,Colombo Kings,Dambulla Viiking,JDF Vandersay,PVD Chameera,Pulina Tharanga,0,0,,,,,,,,,
1238758,2020/21,2020-12-01,"Mahinda Rajapaksa International Cricket Stadium, Sooriyawewa, Hambantota",2,17.1,Colombo Kings,Dambulla Viiking,PVD Chameera,JDF Vandersay,CAK Rajitha,4,0,,,,,,,,,
1238758,2020/21,2020-12-01,"Mahinda Rajapaksa International Cricket Stadium, Sooriyawewa, Hambantota",2,17.2,Colombo Kings,Dambulla Viiking,PVD Chameera,JDF Vandersay,CAK Rajitha,0,1,1,,,,,,,,
1238758,2020/21,2020-12-01,"Mahinda Rajapaksa International Cricket Stadium, Sooriyawewa, Hambantota",2,17.3,Colombo Kings,Dambulla Viiking,PVD Chameera,JDF Vandersay,CAK Rajitha,2,0,,,,,,,,,
1238758,2020/21,2020-12-01,"Mahinda Rajapaksa International Cricket Stadium, Sooriyawewa, Hambantota",2,17.4,Colombo Kings,Dambulla Viiking,PVD Chameera,JDF Vandersay,CAK Rajitha,0,0,,,,,,,,,
1238758,2020/21,2020-12-01,"Mahinda Rajapaksa International Cricket Stadium, Sooriyawewa, Hambantota",2,17.5,Colombo Kings,Dambulla Viiking,PVD Chameera,JDF Vandersay,CAK Rajitha,1,0,,,,,,,,,
1238758,2020/21,2020-12-01,"Mahinda Rajapaksa International Cricket Stadium, Sooriyawewa, Hambantota",2,17.6,Colombo Kings,Dambulla Viiking,JDF Vandersay,PVD Chameera,CAK Rajitha,0,0,,,,,,,,,
1238758,2020/21,2020-12-01,"Mahinda Rajapaksa International Cricket Stadium, Sooriyawewa, Hambantota",2,17.7,Colombo Kings,Dambulla Viiking,JDF Vandersay,PVD Chameera,CAK Rajitha,4,0,,,,,,,,,
1238758,2020/21,2020-12-01,"Mahinda Rajapaksa International Cricket Stadium, Sooriyawewa, Hambantota",2,18.1,Colombo Kings,Dambulla Viiking,PVD Chameera,JDF Vandersay,Anwar Ali,4,0,,,,,,,,,
1238758,2020/21,2020-12-01,"Mahinda Rajapaksa International Cricket Stadium, Sooriyawewa, Hambantota",2,18.2,Colombo Kings,Dambulla Viiking,PVD Chameera,JDF Vandersay,Anwar Ali,0,0,,,,,,,,,
1238758,2020/21,2020-12-01,"Mahinda Rajapaksa International Cricket Stadium, Sooriyawewa, Hambantota",2,18.3,Colombo Kings,Dambulla Viiking,PVD Chameera,JDF Vandersay,Anwar Ali,4,0,,,,,,,,,
1238758,2020/21,2020-12-01,"Mahinda Rajapaksa International Cricket Stadium, Sooriyawewa, Hambantota",2,18.4,Colombo Kings,Dambulla Viiking,PVD Chameera,JDF Vandersay,Anwar Ali,0,0,,,,,,caught,PVD Chameera,,
