match_id,season,start_date,venue,innings,ball,batting_team,bowling_team,striker,non_striker,bowler,runs_off_bat,extras,wides,noballs,byes,legbyes,penalty,wicket_type,player_dismissed,other_wicket_type,other_player_dismissed
1238764,2020/21,2020-12-05,"Mahinda Rajapaksa International Cricket Stadium, Sooriyawewa, Hambantota",1,0.1,Kandy Tuskers,Colombo Kings,Rahmanullah Gurbaz,MDKJ Perera,AD Mathews,0,0,,,,,,,,,
1238764,2020/21,2020-12-05,"Mahinda Rajapaksa International Cricket Stadium, Sooriyawewa, Hambantota",1,0.2,Kandy Tuskers,Colombo Kings,Rahmanullah Gurbaz,MDKJ Perera,AD Mathews,6,0,,,,,,,,,
1238764,2020/21,2020-12-05,"Mahinda Rajapaksa International Cricket Stadium, Sooriyawewa, Hambantota",1,0.3,Kandy Tuskers,Colombo Kings,Rahmanullah Gurbaz,MDKJ Perera,AD Mathews,4,0,,,,,,,,,
1238764,2020/21,2020-12-05,"Mahinda Rajapaksa International Cricket Stadium, Sooriyawewa, Hambantota",1,0.4,Kandy Tuskers,Colombo Kings,Rahmanullah Gurbaz,MDKJ Perera,AD Mathews,1,0,,,,,,,,,
1238764,2020/21,2020-12-05,"Mahinda Rajapaksa International Cricket Stadium, Sooriyawewa, Hambantota",1,0.5,Kandy Tuskers,Colombo Kings,MDKJ Perera,Rahmanullah Gurbaz,AD Mathews,0,0,,,,,,,,,
1238764,2020/21,2020-12-05,"Mahinda Rajapaksa International Cricket Stadium, Sooriyawewa, Hambantota",1,0.6,Kandy Tuskers,Colombo Kings,MDKJ Perera,Rahmanullah Gurbaz,AD Mathews,0,0,,,,,,,,,
1238764,2020/21,2020-12-05,"Mahinda Rajapaksa International Cricket Stadium, Sooriyawewa, Hambantota",1,1.1,Kandy Tuskers,Colombo Kings,Rahmanullah Gurbaz,MDKJ Perera,I Udana,0,1,1,,,,,,,,
1238764,2020/21,2020-12-05,"Mahinda Rajapaksa International Cricket Stadium, Sooriyawewa, Hambantota",1,1.2,Kandy Tuskers,Colombo Kings,Rahmanullah Gurbaz,MDKJ Perera,I Udana,0,0,,,,,,,,,
1238764,2020/21,2020-12-05,"Mahinda Rajapaksa International Cricket Stadium, Sooriyawewa, Hambantota",1,1.3,Kandy Tuskers,Colombo Kings,Rahmanullah Gurbaz,MDKJ Perera,I Udana,4,0,,,,,,,,,
1238764,2020/21,2020-12-05,"Mahinda Rajapaksa International Cricket Stadium, Sooriyawewa, Hambantota",1,1.4,Kandy Tuskers,Colombo Kings,Rahmanullah Gurbaz,MDKJ Perera,I Udana,0,0,,,,,,,,,
1238764,2020/21,2020-12-05,"Mahinda Rajapaksa International Cricket Stadium, Sooriyawewa, Hambantota",1,1.5,Kandy Tuskers,Colombo Kings,Rahmanullah Gurbaz,MDKJ Perera,I Udana,0,0,,,,,,,,,
1238764,2020/21,2020-12-05,"Mahinda Rajapaksa International Cricket Stadium, Sooriyawewa, Hambantota",1,1.6,Kandy Tuskers,Colombo Kings,Rahmanullah Gurbaz,MDKJ Perera,I Udana,1,0,,,,,,,,,
1238764,2020/21,2020-12-05,"Mahinda Rajapaksa International Cricket Stadium, Sooriyawewa, Hambantota",1,1.7,Kandy Tuskers,Colombo Kings,MDKJ Perera,Rahmanullah Gurbaz,I Udana,4,0,,,,,,,,,
1238764,2020/21,2020-12-05,"Mahinda Rajapaksa International Cricket Stadium, Sooriyawewa, Hambantota",1,2.1,Kandy Tuskers,Colombo Kings,Rahmanullah Gurbaz,MDKJ Perera,PVD Chameera,0,0,,,,,,,,,
1238764,2020/21,2020-12-05,"Mahinda Rajapaksa International Cricket Stadium, Sooriyawewa, Hambantota",1,2.2,Kandy Tuskers,Colombo Kings,Rahmanullah Gurbaz,MDKJ Perera,PVD Chameera,0,1,,,,1,,,,,
1238764,2020/21,2020-12-05,"Mahinda Rajapaksa International Cricket Stadium, Sooriyawewa, Hambantota",1,2.3,Kandy Tuskers,Colombo Kings,MDKJ Perera,Rahmanullah Gurbaz,PVD Chameera,0,0,,,,,,caught,MDKJ Perera,,
1238764,2020/21,2020-12-05,"Mahinda Rajapaksa International Cricket Stadium, Sooriyawewa, Hambantota",1,2.4,Kandy Tuskers,Colombo Kings,Rahmanullah Gurbaz,BKG Mendis,PVD Chameera,0,0,,,,,,,,,
1238764,2020/21,2020-12-05,"Mahinda Rajapaksa International Cricket Stadium, Sooriyawewa, Hambantota",1,2.5,Kandy Tuskers,Colombo Kings,Rahmanullah Gurbaz,BKG Mendis,PVD Chameera,2,0,,,,,,,,,
1238764,2020/21,2020-12-05,"Mahinda Rajapaksa International Cricket Stadium, Sooriyawewa, Hambantota",1,2.6,Kandy Tuskers,Colombo Kings,Rahmanullah Gurbaz,BKG Mendis,PVD Chameera,4,0,,,,,,,,,
1238764,2020/21,2020-12-05,"Mahinda Rajapaksa International Cricket Stadium, Sooriyawewa, Hambantota",1,3.1,Kandy Tuskers,Colombo Kings,BKG Mendis,Rahmanullah Gurbaz,I Udana,0,0,,,,,,,,,
1238764,2020/21,2020-12-05,"Mahinda Rajapaksa International Cricket Stadium, Sooriyawewa, Hambantota",1,3.2,Kandy Tuskers,Colombo Kings,BKG Mendis,Rahmanullah Gurbaz,I Udana,0,1,1,,,,,,,,
1238764,2020/21,2020-12-05,"Mahinda Rajapaksa International Cricket Stadium, Sooriyawewa, Hambantota",1,3.3,Kandy Tuskers,Colombo Kings,BKG Mendis,Rahmanullah Gurbaz,I Udana,4,0,,,,,,,,,
1238764,2020/21,2020-12-05,"Mahinda Rajapaksa International Cricket Stadium, Sooriyawewa, Hambantota",1,3.4,Kandy Tuskers,Colombo Kings,BKG Mendis,Rahmanullah Gurbaz,I Udana,0,0,,,,,,,,,
1238764,2020/21,2020-12-05,"Mahinda Rajapaksa International Cricket Stadium, Sooriyawewa, Hambantota",1,3.5,Kandy Tuskers,Colombo Kings,BKG Mendis,Rahmanullah Gurbaz,I Udana,1,0,,,,,,,,,
1238764,2020/21,2020-12-05,"Mahinda Rajapaksa International Cricket Stadium, Sooriyawewa, Hambantota",1,3.6,Kandy Tuskers,Colombo Kings,Rahmanullah Gurbaz,BKG Mendis,I Udana,0,0,,,,,,run out,BKG Mendis,,
1238764,2020/21,2020-12-05,"Mahinda Rajapaksa International Cricket Stadium, Sooriyawewa, Hambantota",1,3.7,Kandy Tuskers,Colombo Kings,Rahmanullah Gurbaz,BRM Taylor,I Udana,4,0,,,,,,,,,
1238764,2020/21,2020-12-05,"Mahinda Rajapaksa International Cricket Stadium, Sooriyawewa, Hambantota",1,4.1,Kandy Tuskers,Colombo Kings,BRM Taylor,Rahmanullah Gurbaz,PVD Chameera,0,0,,,,,,,,,
1238764,2020/21,2020-12-05,"Mahinda Rajapaksa International Cricket Stadium, Sooriyawewa, Hambantota",1,4.2,Kandy Tuskers,Colombo Kings,BRM Taylor,Rahmanullah Gurbaz,PVD Chameera,1,0,,,,,,,,,
1238764,2020/21,2020-12-05,"Mahinda Rajapaksa International Cricket Stadium, Sooriyawewa, Hambantota",1,4.3,Kandy Tuskers,Colombo Kings,Rahmanullah Gurbaz,BRM Taylor,PVD Chameera,1,0,,,,,,,,,
1238764,2020/21,2020-12-05,"Mahinda Rajapaksa International Cricket Stadium, Sooriyawewa, Hambantota",1,4.4,Kandy Tuskers,Colombo Kings,BRM Taylor,Rahmanullah Gurbaz,PVD Chameera,1,0,,,,,,,,,
1238764,2020/21,2020-12-05,"Mahinda Rajapaksa International Cricket Stadium, Sooriyawewa, Hambantota",1,4.5,Kandy Tuskers,Colombo Kings,Rahmanullah Gurbaz,BRM Taylor,PVD Chameera,0,0,,,,,,,,,
1238764,2020/21,2020-12-05,"Mahinda Rajapaksa International Cricket Stadium, Sooriyawewa, Hambantota",1,4.6,Kandy Tuskers,Colombo Kings,Rahmanullah Gurbaz,BRM Taylor,PVD Chameera,1,0,,,,,,,,,
1238764,2020/21,2020-12-05,"Mahinda Rajapaksa International Cricket Stadium, Sooriyawewa, Hambantota",1,5.1,Kandy Tuskers,Colombo Kings,Rahmanullah Gurbaz,BRM Taylor,AD Russell,6,0,,,,,,,,,
1238764,2020/21,2020-12-05,"Mahinda Rajapaksa International Cricket Stadium, Sooriyawewa, Hambantota",1,5.2,Kandy Tuskers,Colombo Kings,Rahmanullah Gurbaz,BRM Taylor,AD Russell,0,0,,,,,,caught,Rahmanullah Gurbaz,,
1238764,2020/21,2020-12-05,"Mahinda Rajapaksa International Cricket Stadium, Sooriyawewa, Hambantota",1,5.3,Kandy Tuskers,Colombo Kings,DAS Gunaratne,BRM Taylor,AD Russell,1,0,,,,,,,,,
1238764,2020/21,2020-12-05,"Mahinda Rajapaksa International Cricket Stadium, Sooriyawewa, Hambantota",1,5.4,Kandy Tuskers,Colombo Kings,BRM Taylor,DAS Gunaratne,AD Russell,0,0,,,,,,,,,
1238764,2020/21,2020-12-05,"Mahinda Rajapaksa International Cricket Stadium, Sooriyawewa, Hambantota",1,5.5,Kandy Tuskers,Colombo Kings,BRM Taylor,DAS Gunaratne,AD Russell,1,0,,,,,,,,,
1238764,2020/21,2020-12-05,"Mahinda Rajapaksa International Cricket Stadium, Sooriyawewa, Hambantota",1,5.6,Kandy Tuskers,Colombo Kings,DAS Gunaratne,BRM Taylor,AD Russell,4,0,,,,,,,,,
1238764,2020/21,2020-12-05,"Mahinda Rajapaksa International Cricket Stadium, Sooriyawewa, Hambantota",1,6.1,Kandy Tuskers,Colombo Kings,BRM Taylor,DAS Gunaratne,AD Mathews,0,1,1,,,,,,,,
1238764,2020/21,2020-12-05,"Mahinda Rajapaksa International Cricket Stadium, Sooriyawewa, Hambantota",1,6.2,Kandy Tuskers,Colombo Kings,BRM Taylor,DAS Gunaratne,AD Mathews,0,0,,,,,,,,,
1238764,2020/21,2020-12-05,"Mahinda Rajapaksa International Cricket Stadium, Sooriyawewa, Hambantota",1,6.3,Kandy Tuskers,Colombo Kings,BRM Taylor,DAS Gunaratne,AD Mathews,0,0,,,,,,lbw,BRM Taylor,,
1238764,2020/21,2020-12-05,"Mahinda Rajapaksa International Cricket Stadium, Sooriyawewa, Hambantota",1,6.4,Kandy Tuskers,Colombo Kings,IK Pathan,DAS Gunaratne,AD Mathews,1,0,,,,,,,,,
1238764,2020/21,2020-12-05,"Mahinda Rajapaksa International Cricket Stadium, Sooriyawewa, Hambantota",1,6.5,Kandy Tuskers,Colombo Kings,DAS Gunaratne,IK Pathan,AD Mathews,1,0,,,,,,,,,
1238764,2020/21,2020-12-05,"Mahinda Rajapaksa International Cricket Stadium, Sooriyawewa, Hambantota",1,6.6,Kandy Tuskers,Colombo Kings,IK Pathan,DAS Gunaratne,AD Mathews,0,0,,,,,,,,,
1238764,2020/21,2020-12-05,"Mahinda Rajapaksa International Cricket Stadium, Sooriyawewa, Hambantota",1,6.7,Kandy Tuskers,Colombo Kings,IK Pathan,DAS Gunaratne,AD Mathews,0,0,,,,,,,,,
1238764,2020/21,2020-12-05,"Mahinda Rajapaksa International Cricket Stadium, Sooriyawewa, Hambantota",1,7.1,Kandy Tuskers,Colombo Kings,DAS Gunaratne,IK Pathan,AD Russell,0,0,,,,,,,,,
1238764,2020/21,2020-12-05,"Mahinda Rajapaksa International Cricket Stadium, Sooriyawewa, Hambantota",1,7.2,Kandy Tuskers,Colombo Kings,DAS Gunaratne,IK Pathan,AD Russell,1,0,,,,,,,,,
1238764,2020/21,2020-12-05,"Mahinda Rajapaksa International Cricket Stadium, Sooriyawewa, Hambantota",1,7.3,Kandy Tuskers,Colombo Kings,IK Pathan,DAS Gunaratne,AD Russell,4,0,,,,,,,,,
1238764,2020/21,2020-12-05,"Mahinda Rajapaksa International Cricket Stadium, Sooriyawewa, Hambantota",1,7.4,Kandy Tuskers,Colombo Kings,IK Pathan,DAS Gunaratne,AD Russell,0,0,,,,,,,,,
1238764,2020/21,2020-12-05,"Mahinda Rajapaksa International Cricket Stadium, Sooriyawewa, Hambantota",1,7.5,Kandy Tuskers,Colombo Kings,IK Pathan,DAS Gunaratne,AD Russell,1,0,,,,,,,,,
1238764,2020/21,2020-12-05,"Mahinda Rajapaksa International Cricket Stadium, Sooriyawewa, Hambantota",1,7.6,Kandy Tuskers,Colombo Kings,DAS Gunaratne,IK Pathan,AD Russell,0,0,,,,,,,,,
1238764,2020/21,2020-12-05,"Mahinda Rajapaksa International Cricket Stadium, Sooriyawewa, Hambantota",1,8.1,Kandy Tuskers,Colombo Kings,IK Pathan,DAS Gunaratne,PVD Chameera,0,0,,,,,,,,,
1238764,2020/21,2020-12-05,"Mahinda Rajapaksa International Cricket Stadium, Sooriyawewa, Hambantota",1,8.2,Kandy Tuskers,Colombo Kings,IK Pathan,DAS Gunaratne,PVD Chameera,1,0,,,,,,,,,
1238764,2020/21,2020-12-05,"Mahinda Rajapaksa International Cricket Stadium, Sooriyawewa, Hambantota",1,8.3,Kandy Tuskers,Colombo Kings,DAS Gunaratne,IK Pathan,PVD Chameera,0,0,,,,,,,,,
1238764,2020/21,2020-12-05,"Mahinda Rajapaksa International Cricket Stadium, Sooriyawewa, Hambantota",1,8.4,Kandy Tuskers,Colombo Kings,DAS Gunaratne,IK Pathan,PVD Chameera,1,0,,,,,,,,,
1238764,2020/21,2020-12-05,"Mahinda Rajapaksa International Cricket Stadium, Sooriyawewa, Hambantota",1,8.5,Kandy Tuskers,Colombo Kings,IK Pathan,DAS Gunaratne,PVD Chameera,0,0,,,,,,,,,
1238764,2020/21,2020-12-05,"Mahinda Rajapaksa International Cricket Stadium, Sooriyawewa, Hambantota",1,8.6,Kandy Tuskers,Colombo Kings,IK Pathan,DAS Gunaratne,PVD Chameera,0,0,,,,,,,,,
1238764,2020/21,2020-12-05,"Mahinda Rajapaksa International Cricket Stadium, Sooriyawewa, Hambantota",1,9.1,Kandy Tuskers,Colombo Kings,DAS Gunaratne,IK Pathan,Qais Ahmad,0,0,,,,,,lbw,DAS Gunaratne,,
1238764,2020/21,2020-12-05,"Mahinda Rajapaksa International Cricket Stadium, Sooriyawewa, Hambantota",1,9.2,Kandy Tuskers,Colombo Kings,MDK Perera,IK Pathan,Qais Ahmad,0,0,,,,,,,,,
1238764,2020/21,2020-12-05,"Mahinda Rajapaksa International Cricket Stadium, Sooriyawewa, Hambantota",1,9.3,Kandy Tuskers,Colombo Kings,MDK Perera,IK Pathan,Qais Ahmad,0,0,,,,,,,,,
1238764,2020/21,2020-12-05,"Mahinda Rajapaksa International Cricket Stadium, Sooriyawewa, Hambantota",1,9.4,Kandy Tuskers,Colombo Kings,MDK Perera,IK Pathan,Qais Ahmad,0,4,,,,4,,,,,
1238764,2020/21,2020-12-05,"Mahinda Rajapaksa International Cricket Stadium, Sooriyawewa, Hambantota",1,9.5,Kandy Tuskers,Colombo Kings,MDK Perera,IK Pathan,Qais Ahmad,0,0,,,,,,,,,
1238764,2020/21,2020-12-05,"Mahinda Rajapaksa International Cricket Stadium, Sooriyawewa, Hambantota",1,9.6,Kandy Tuskers,Colombo Kings,MDK Perera,IK Pathan,Qais Ahmad,1,0,,,,,,,,,
1238764,2020/21,2020-12-05,"Mahinda Rajapaksa International Cricket Stadium, Sooriyawewa, Hambantota",1,10.1,Kandy Tuskers,Colombo Kings,MDK Perera,IK Pathan,PVD Chameera,0,0,,,,,,,,,
1238764,2020/21,2020-12-05,"Mahinda Rajapaksa International Cricket Stadium, Sooriyawewa, Hambantota",1,10.2,Kandy Tuskers,Colombo Kings,MDK Perera,IK Pathan,PVD Chameera,0,0,,,,,,,,,
1238764,2020/21,2020-12-05,"Mahinda Rajapaksa International Cricket Stadium, Sooriyawewa, Hambantota",1,10.3,Kandy Tuskers,Colombo Kings,MDK Perera,IK Pathan,PVD Chameera,0,0,,,,,,,,,
1238764,2020/21,2020-12-05,"Mahinda Rajapaksa International Cricket Stadium, Sooriyawewa, Hambantota",1,10.4,Kandy Tuskers,Colombo Kings,MDK Perera,IK Pathan,PVD Chameera,4,0,,,,,,,,,
1238764,2020/21,2020-12-05,"Mahinda Rajapaksa International Cricket Stadium, Sooriyawewa, Hambantota",1,10.5,Kandy Tuskers,Colombo Kings,MDK Perera,IK Pathan,PVD Chameera,0,0,,,,,,,,,
1238764,2020/21,2020-12-05,"Mahinda Rajapaksa International Cricket Stadium, Sooriyawewa, Hambantota",1,10.6,Kandy Tuskers,Colombo Kings,MDK Perera,IK Pathan,PVD Chameera,1,0,,,,,,,,,
1238764,2020/21,2020-12-05,"Mahinda Rajapaksa International Cricket Stadium, Sooriyawewa, Hambantota",1,11.1,Kandy Tuskers,Colombo Kings,MDK Perera,IK Pathan,Qais Ahmad,0,0,,,,,,,,,
1238764,2020/21,2020-12-05,"Mahinda Rajapaksa International Cricket Stadium, Sooriyawewa, Hambantota",1,11.2,Kandy Tuskers,Colombo Kings,MDK Perera,IK Pathan,Qais Ahmad,1,0,,,,,,,,,
1238764,2020/21,2020-12-05,"Mahinda Rajapaksa International Cricket Stadium, Sooriyawewa, Hambantota",1,11.3,Kandy Tuskers,Colombo Kings,IK Pathan,MDK Perera,Qais Ahmad,0,0,,,,,,,,,
1238764,2020/21,2020-12-05,"Mahinda Rajapaksa International Cricket Stadium, Sooriyawewa, Hambantota",1,11.4,Kandy Tuskers,Colombo Kings,IK Pathan,MDK Perera,Qais Ahmad,1,0,,,,,,,,,
1238764,2020/21,2020-12-05,"Mahinda Rajapaksa International Cricket Stadium, Sooriyawewa, Hambantota",1,11.5,Kandy Tuskers,Colombo Kings,MDK Perera,IK Pathan,Qais Ahmad,1,0,,,,,,,,,
1238764,2020/21,2020-12-05,"Mahinda Rajapaksa International Cricket Stadium, Sooriyawewa, Hambantota",1,11.6,Kandy Tuskers,Colombo Kings,IK Pathan,MDK Perera,Qais Ahmad,1,0,,,,,,,,,
1238764,2020/21,2020-12-05,"Mahinda Rajapaksa International Cricket Stadium, Sooriyawewa, Hambantota",1,12.1,Kandy Tuskers,Colombo Kings,IK Pathan,MDK Perera,PHT Kaushal,0,0,,,,,,,,,
1238764,2020/21,2020-12-05,"Mahinda Rajapaksa International Cricket Stadium, Sooriyawewa, Hambantota",1,12.2,Kandy Tuskers,Colombo Kings,IK Pathan,MDK Perera,PHT Kaushal,0,0,,,,,,,,,
1238764,2020/21,2020-12-05,"Mahinda Rajapaksa International Cricket Stadium, Sooriyawewa, Hambantota",1,12.3,Kandy Tuskers,Colombo Kings,IK Pathan,MDK Perera,PHT Kaushal,0,0,,,,,,,,,
1238764,2020/21,2020-12-05,"Mahinda Rajapaksa International Cricket Stadium, Sooriyawewa, Hambantota",1,12.4,Kandy Tuskers,Colombo Kings,IK Pathan,MDK Perera,PHT Kaushal,1,0,,,,,,,,,
1238764,2020/21,2020-12-05,"Mahinda Rajapaksa International Cricket Stadium, Sooriyawewa, Hambantota",1,12.5,Kandy Tuskers,Colombo Kings,MDK Perera,IK Pathan,PHT Kaushal,4,0,,,,,,,,,
1238764,2020/21,2020-12-05,"Mahinda Rajapaksa International Cricket Stadium, Sooriyawewa, Hambantota",1,12.6,Kandy Tuskers,Colombo Kings,MDK Perera,IK Pathan,PHT Kaushal,0,0,,,,,,,,,
1238764,2020/21,2020-12-05,"Mahinda Rajapaksa International Cricket Stadium, Sooriyawewa, Hambantota",1,13.1,Kandy Tuskers,Colombo Kings,IK Pathan,MDK Perera,Qais Ahmad,0,0,,,,,,,,,
1238764,2020/21,2020-12-05,"Mahinda Rajapaksa International Cricket Stadium, Sooriyawewa, Hambantota",1,13.2,Kandy Tuskers,Colombo Kings,IK Pathan,MDK Perera,Qais Ahmad,1,0,,,,,,,,,
1238764,2020/21,2020-12-05,"Mahinda Rajapaksa International Cricket Stadium, Sooriyawewa, Hambantota",1,13.3,Kandy Tuskers,Colombo Kings,MDK Perera,IK Pathan,Qais Ahmad,0,0,,,,,,,,,
1238764,2020/21,2020-12-05,"Mahinda Rajapaksa International Cricket Stadium, Sooriyawewa, Hambantota",1,13.4,Kandy Tuskers,Colombo Kings,MDK Perera,IK Pathan,Qais Ahmad,0,0,,,,,,lbw,MDK Perera,,
1238764,2020/21,2020-12-05,"Mahinda Rajapaksa International Cricket Stadium, Sooriyawewa, Hambantota",1,13.5,Kandy Tuskers,Colombo Kings,L Embuldeniya,IK Pathan,Qais Ahmad,0,0,,,,,,,,,
1238764,2020/21,2020-12-05,"Mahinda Rajapaksa International Cricket Stadium, Sooriyawewa, Hambantota",1,13.6,Kandy Tuskers,Colombo Kings,L Embuldeniya,IK Pathan,Qais Ahmad,0,0,,,,,,,,,
1238764,2020/21,2020-12-05,"Mahinda Rajapaksa International Cricket Stadium, Sooriyawewa, Hambantota",1,14.1,Kandy Tuskers,Colombo Kings,IK Pathan,L Embuldeniya,PHT Kaushal,4,0,,,,,,,,,
1238764,2020/21,2020-12-05,"Mahinda Rajapaksa International Cricket Stadium, Sooriyawewa, Hambantota",1,14.2,Kandy Tuskers,Colombo Kings,IK Pathan,L Embuldeniya,PHT Kaushal,1,0,,,,,,,,,
1238764,2020/21,2020-12-05,"Mahinda Rajapaksa International Cricket Stadium, Sooriyawewa, Hambantota",1,14.3,Kandy Tuskers,Colombo Kings,L Embuldeniya,IK Pathan,PHT Kaushal,1,0,,,,,,,,,
1238764,2020/21,2020-12-05,"Mahinda Rajapaksa International Cricket Stadium, Sooriyawewa, Hambantota",1,14.4,Kandy Tuskers,Colombo Kings,IK Pathan,L Embuldeniya,PHT Kaushal,1,0,,,,,,,,,
1238764,2020/21,2020-12-05,"Mahinda Rajapaksa International Cricket Stadium, Sooriyawewa, Hambantota",1,14.5,Kandy Tuskers,Colombo Kings,L Embuldeniya,IK Pathan,PHT Kaushal,0,0,,,,,,,,,
1238764,2020/21,2020-12-05,"Mahinda Rajapaksa International Cricket Stadium, Sooriyawewa, Hambantota",1,14.6,Kandy Tuskers,Colombo Kings,L Embuldeniya,IK Pathan,PHT Kaushal,0,0,,,,,,,,,
1238764,2020/21,2020-12-05,"Mahinda Rajapaksa International Cricket Stadium, Sooriyawewa, Hambantota",1,15.1,Kandy Tuskers,Colombo Kings,IK Pathan,L Embuldeniya,Qais Ahmad,0,0,,,,,,,,,
1238764,2020/21,2020-12-05,"Mahinda Rajapaksa International Cricket Stadium, Sooriyawewa, Hambantota",1,15.2,Kandy Tuskers,Colombo Kings,IK Pathan,L Embuldeniya,Qais Ahmad,0,0,,,,,,,,,
1238764,2020/21,2020-12-05,"Mahinda Rajapaksa International Cricket Stadium, Sooriyawewa, Hambantota",1,15.3,Kandy Tuskers,Colombo Kings,IK Pathan,L Embuldeniya,Qais Ahmad,1,0,,,,,,,,,
1238764,2020/21,2020-12-05,"Mahinda Rajapaksa International Cricket Stadium, Sooriyawewa, Hambantota",1,15.4,Kandy Tuskers,Colombo Kings,L Embuldeniya,IK Pathan,Qais Ahmad,0,0,,,,,,,,,
1238764,2020/21,2020-12-05,"Mahinda Rajapaksa International Cricket Stadium, Sooriyawewa, Hambantota",1,15.5,Kandy Tuskers,Colombo Kings,L Embuldeniya,IK Pathan,Qais Ahmad,1,0,,,,,,,,,
1238764,2020/21,2020-12-05,"Mahinda Rajapaksa International Cricket Stadium, Sooriyawewa, Hambantota",1,15.6,Kandy Tuskers,Colombo Kings,IK Pathan,L Embuldeniya,Qais Ahmad,0,0,,,,,,,,,
1238764,2020/21,2020-12-05,"Mahinda Rajapaksa International Cricket Stadium, Sooriyawewa, Hambantota",1,16.1,Kandy Tuskers,Colombo Kings,L Embuldeniya,IK Pathan,SMA Priyanjan,1,0,,,,,,,,,
1238764,2020/21,2020-12-05,"Mahinda Rajapaksa International Cricket Stadium, Sooriyawewa, Hambantota",1,16.2,Kandy Tuskers,Colombo Kings,IK Pathan,L Embuldeniya,SMA Priyanjan,0,0,,,,,,caught,IK Pathan,,
1238764,2020/21,2020-12-05,"Mahinda Rajapaksa International Cricket Stadium, Sooriyawewa, Hambantota",1,16.3,Kandy Tuskers,Colombo Kings,MVT Fernando,L Embuldeniya,SMA Priyanjan,1,0,,,,,,,,,
1238764,2020/21,2020-12-05,"Mahinda Rajapaksa International Cricket Stadium, Sooriyawewa, Hambantota",1,16.4,Kandy Tuskers,Colombo Kings,L Embuldeniya,MVT Fernando,SMA Priyanjan,1,0,,,,,,,,,
1238764,2020/21,2020-12-05,"Mahinda Rajapaksa International Cricket Stadium, Sooriyawewa, Hambantota",1,16.5,Kandy Tuskers,Colombo Kings,MVT Fernando,L Embuldeniya,SMA Priyanjan,1,0,,,,,,,,,
1238764,2020/21,2020-12-05,"Mahinda Rajapaksa International Cricket Stadium, Sooriyawewa, Hambantota",1,16.6,Kandy Tuskers,Colombo Kings,L Embuldeniya,MVT Fernando,SMA Priyanjan,0,0,,,,,,caught,L Embuldeniya,,
1238764,2020/21,2020-12-05,"Mahinda Rajapaksa International Cricket Stadium, Sooriyawewa, Hambantota",1,17.1,Kandy Tuskers,Colombo Kings,MVT Fernando,N Pradeep,ST de Silva,0,0,,,,,,,,,
1238764,2020/21,2020-12-05,"Mahinda Rajapaksa International Cricket Stadium, Sooriyawewa, Hambantota",1,17.2,Kandy Tuskers,Colombo Kings,MVT Fernando,N Pradeep,ST de Silva,0,0,,,,,,,,,
1238764,2020/21,2020-12-05,"Mahinda Rajapaksa International Cricket Stadium, Sooriyawewa, Hambantota",1,17.3,Kandy Tuskers,Colombo Kings,MVT Fernando,N Pradeep,ST de Silva,4,0,,,,,,,,,
1238764,2020/21,2020-12-05,"Mahinda Rajapaksa International Cricket Stadium, Sooriyawewa, Hambantota",1,17.4,Kandy Tuskers,Colombo Kings,MVT Fernando,N Pradeep,ST de Silva,1,0,,,,,,,,,
1238764,2020/21,2020-12-05,"Mahinda Rajapaksa International Cricket Stadium, Sooriyawewa, Hambantota",1,17.5,Kandy Tuskers,Colombo Kings,N Pradeep,MVT Fernando,ST de Silva,1,0,,,,,,,,,
1238764,2020/21,2020-12-05,"Mahinda Rajapaksa International Cricket Stadium, Sooriyawewa, Hambantota",1,17.6,Kandy Tuskers,Colombo Kings,MVT Fernando,N Pradeep,ST de Silva,0,0,,,,,,caught,MVT Fernando,,
1238764,2020/21,2020-12-05,"Mahinda Rajapaksa International Cricket Stadium, Sooriyawewa, Hambantota",1,18.1,Kandy Tuskers,Colombo Kings,MM Patel,N Pradeep,I Udana,0,0,,,,,,,,,
1238764,2020/21,2020-12-05,"Mahinda Rajapaksa International Cricket Stadium, Sooriyawewa, Hambantota",1,18.2,Kandy Tuskers,Colombo Kings,MM Patel,N Pradeep,I Udana,0,0,,,,,,,,,
1238764,2020/21,2020-12-05,"Mahinda Rajapaksa International Cricket Stadium, Sooriyawewa, Hambantota",1,18.3,Kandy Tuskers,Colombo Kings,MM Patel,N Pradeep,I Udana,0,0,,,,,,,,,
1238764,2020/21,2020-12-05,"Mahinda Rajapaksa International Cricket Stadium, Sooriyawewa, Hambantota",1,18.4,Kandy Tuskers,Colombo Kings,MM Patel,N Pradeep,I Udana,0,0,,,,,,,,,
1238764,2020/21,2020-12-05,"Mahinda Rajapaksa International Cricket Stadium, Sooriyawewa, Hambantota",1,18.5,Kandy Tuskers,Colombo Kings,MM Patel,N Pradeep,I Udana,1,0,,,,,,,,,
1238764,2020/21,2020-12-05,"Mahinda Rajapaksa International Cricket Stadium, Sooriyawewa, Hambantota",1,18.6,Kandy Tuskers,Colombo Kings,N Pradeep,MM Patel,I Udana,0,0,,,,,,,,,
1238764,2020/21,2020-12-05,"Mahinda Rajapaksa International Cricket Stadium, Sooriyawewa, Hambantota",1,19.1,Kandy Tuskers,Colombo Kings,MM Patel,N Pradeep,ST de Silva,0,0,,,,,,,,,
1238764,2020/21,2020-12-05,"Mahinda Rajapaksa International Cricket Stadium, Sooriyawewa, Hambantota",1,19.2,Kandy Tuskers,Colombo Kings,MM Patel,N Pradeep,ST de Silva,0,0,,,,,,bowled,MM Patel,,
1238764,2020/21,2020-12-05,"Mahinda Rajapaksa International Cricket Stadium, Sooriyawewa, Hambantota",2,0.1,Colombo Kings,Kandy Tuskers,LD Chandimal,LJ Evans,MM Patel,0,0,,,,,,,,,
1238764,2020/21,2020-12-05,"Mahinda Rajapaksa International Cricket Stadium, Sooriyawewa, Hambantota",2,0.2,Colombo Kings,Kandy Tuskers,LD Chandimal,LJ Evans,MM Patel,0,5,5,,,,,,,,
1238764,2020/21,2020-12-05,"Mahinda Rajapaksa International Cricket Stadium, Sooriyawewa, Hambantota",2,0.3,Colombo Kings,Kandy Tuskers,LD Chandimal,LJ Evans,MM Patel,0,0,,,,,,,,,
1238764,2020/21,2020-12-05,"Mahinda Rajapaksa International Cricket Stadium, Sooriyawewa, Hambantota",2,0.4,Colombo Kings,Kandy Tuskers,LD Chandimal,LJ Evans,MM Patel,0,0,,,,,,,,,
1238764,2020/21,2020-12-05,"Mahinda Rajapaksa International Cricket Stadium, Sooriyawewa, Hambantota",2,0.5,Colombo Kings,Kandy Tuskers,LD Chandimal,LJ Evans,MM Patel,4,0,,,,,,,,,
1238764,2020/21,2020-12-05,"Mahinda Rajapaksa International Cricket Stadium, Sooriyawewa, Hambantota",2,0.6,Colombo Kings,Kandy Tuskers,LD Chandimal,LJ Evans,MM Patel,0,0,,,,,,,,,
1238764,2020/21,2020-12-05,"Mahinda Rajapaksa International Cricket Stadium, Sooriyawewa, Hambantota",2,0.7,Colombo Kings,Kandy Tuskers,LD Chandimal,LJ Evans,MM Patel,0,4,,,,4,,,,,
1238764,2020/21,2020-12-05,"Mahinda Rajapaksa International Cricket Stadium, Sooriyawewa, Hambantota",2,1.1,Colombo Kings,Kandy Tuskers,LJ Evans,LD Chandimal,MVT Fernando,0,0,,,,,,,,,
1238764,2020/21,2020-12-05,"Mahinda Rajapaksa International Cricket Stadium, Sooriyawewa, Hambantota",2,1.2,Colombo Kings,Kandy Tuskers,LJ Evans,LD Chandimal,MVT Fernando,0,0,,,,,,,,,
1238764,2020/21,2020-12-05,"Mahinda Rajapaksa International Cricket Stadium, Sooriyawewa, Hambantota",2,1.3,Colombo Kings,Kandy Tuskers,LJ Evans,LD Chandimal,MVT Fernando,0,0,,,,,,,,,
1238764,2020/21,2020-12-05,"Mahinda Rajapaksa International Cricket Stadium, Sooriyawewa, Hambantota",2,1.4,Colombo Kings,Kandy Tuskers,LJ Evans,LD Chandimal,MVT Fernando,0,0,,,,,,,,,
1238764,2020/21,2020-12-05,"Mahinda Rajapaksa International Cricket Stadium, Sooriyawewa, Hambantota",2,1.5,Colombo Kings,Kandy Tuskers,LJ Evans,LD Chandimal,MVT Fernando,1,0,,,,,,,,,
1238764,2020/21,2020-12-05,"Mahinda Rajapaksa International Cricket Stadium, Sooriyawewa, Hambantota",2,1.6,Colombo Kings,Kandy Tuskers,LD Chandimal,LJ Evans,MVT Fernando,4,0,,,,,,,,,
1238764,2020/21,2020-12-05,"Mahinda Rajapaksa International Cricket Stadium, Sooriyawewa, Hambantota",2,2.1,Colombo Kings,Kandy Tuskers,LJ Evans,LD Chandimal,MM Patel,4,0,,,,,,,,,
1238764,2020/21,2020-12-05,"Mahinda Rajapaksa International Cricket Stadium, Sooriyawewa, Hambantota",2,2.2,Colombo Kings,Kandy Tuskers,LJ Evans,LD Chandimal,MM Patel,0,0,,,,,,caught,LJ Evans,,
1238764,2020/21,2020-12-05,"Mahinda Rajapaksa International Cricket Stadium, Sooriyawewa, Hambantota",2,2.3,Colombo Kings,Kandy Tuskers,DJ Bell-Drummond,LD Chandimal,MM Patel,0,0,,,,,,,,,
1238764,2020/21,2020-12-05,"Mahinda Rajapaksa International Cricket Stadium, Sooriyawewa, Hambantota",2,2.4,Colombo Kings,Kandy Tuskers,DJ Bell-Drummond,LD Chandimal,MM Patel,0,0,,,,,,,,,
1238764,2020/21,2020-12-05,"Mahinda Rajapaksa International Cricket Stadium, Sooriyawewa, Hambantota",2,2.5,Colombo Kings,Kandy Tuskers,DJ Bell-Drummond,LD Chandimal,MM Patel,0,1,,1,,,,,,,
1238764,2020/21,2020-12-05,"Mahinda Rajapaksa International Cricket Stadium, Sooriyawewa, Hambantota",2,2.6,Colombo Kings,Kandy Tuskers,DJ Bell-Drummond,LD Chandimal,MM Patel,6,0,,,,,,,,,
1238764,2020/21,2020-12-05,"Mahinda Rajapaksa International Cricket Stadium, Sooriyawewa, Hambantota",2,2.7,Colombo Kings,Kandy Tuskers,DJ Bell-Drummond,LD Chandimal,MM Patel,0,0,,,,,,,,,
1238764,2020/21,2020-12-05,"Mahinda Rajapaksa International Cricket Stadium, Sooriyawewa, Hambantota",2,3.1,Colombo Kings,Kandy Tuskers,LD Chandimal,DJ Bell-Drummond,MVT Fernando,0,0,,,,,,,,,
1238764,2020/21,2020-12-05,"Mahinda Rajapaksa International Cricket Stadium, Sooriyawewa, Hambantota",2,3.2,Colombo Kings,Kandy Tuskers,LD Chandimal,DJ Bell-Drummond,MVT Fernando,0,0,,,,,,,,,
1238764,2020/21,2020-12-05,"Mahinda Rajapaksa International Cricket Stadium, Sooriyawewa, Hambantota",2,3.3,Colombo Kings,Kandy Tuskers,LD Chandimal,DJ Bell-Drummond,MVT Fernando,1,0,,,,,,,,,
1238764,2020/21,2020-12-05,"Mahinda Rajapaksa International Cricket Stadium, Sooriyawewa, Hambantota",2,3.4,Colombo Kings,Kandy Tuskers,DJ Bell-Drummond,LD Chandimal,MVT Fernando,0,0,,,,,,,,,
1238764,2020/21,2020-12-05,"Mahinda Rajapaksa International Cricket Stadium, Sooriyawewa, Hambantota",2,3.5,Colombo Kings,Kandy Tuskers,DJ Bell-Drummond,LD Chandimal,MVT Fernando,4,0,,,,,,,,,
1238764,2020/21,2020-12-05,"Mahinda Rajapaksa International Cricket Stadium, Sooriyawewa, Hambantota",2,3.6,Colombo Kings,Kandy Tuskers,DJ Bell-Drummond,LD Chandimal,MVT Fernando,0,0,,,,,,,,,
1238764,2020/21,2020-12-05,"Mahinda Rajapaksa International Cricket Stadium, Sooriyawewa, Hambantota",2,4.1,Colombo Kings,Kandy Tuskers,LD Chandimal,DJ Bell-Drummond,MM Patel,4,0,,,,,,,,,
1238764,2020/21,2020-12-05,"Mahinda Rajapaksa International Cricket Stadium, Sooriyawewa, Hambantota",2,4.2,Colombo Kings,Kandy Tuskers,LD Chandimal,DJ Bell-Drummond,MM Patel,0,0,,,,,,,,,
1238764,2020/21,2020-12-05,"Mahinda Rajapaksa International Cricket Stadium, Sooriyawewa, Hambantota",2,4.3,Colombo Kings,Kandy Tuskers,LD Chandimal,DJ Bell-Drummond,MM Patel,0,0,,,,,,,,,
1238764,2020/21,2020-12-05,"Mahinda Rajapaksa International Cricket Stadium, Sooriyawewa, Hambantota",2,4.4,Colombo Kings,Kandy Tuskers,LD Chandimal,DJ Bell-Drummond,MM Patel,0,0,,,,,,,,,
1238764,2020/21,2020-12-05,"Mahinda Rajapaksa International Cricket Stadium, Sooriyawewa, Hambantota",2,4.5,Colombo Kings,Kandy Tuskers,LD Chandimal,DJ Bell-Drummond,MM Patel,1,0,,,,,,,,,
1238764,2020/21,2020-12-05,"Mahinda Rajapaksa International Cricket Stadium, Sooriyawewa, Hambantota",2,4.6,Colombo Kings,Kandy Tuskers,DJ Bell-Drummond,LD Chandimal,MM Patel,0,1,1,,,,,,,,
1238764,2020/21,2020-12-05,"Mahinda Rajapaksa International Cricket Stadium, Sooriyawewa, Hambantota",2,4.7,Colombo Kings,Kandy Tuskers,DJ Bell-Drummond,LD Chandimal,MM Patel,1,0,,,,,,,,,
1238764,2020/21,2020-12-05,"Mahinda Rajapaksa International Cricket Stadium, Sooriyawewa, Hambantota",2,5.1,Colombo Kings,Kandy Tuskers,DJ Bell-Drummond,LD Chandimal,MVT Fernando,0,0,,,,,,caught,DJ Bell-Drummond,,
1238764,2020/21,2020-12-05,"Mahinda Rajapaksa International Cricket Stadium, Sooriyawewa, Hambantota",2,5.2,Colombo Kings,Kandy Tuskers,AD Mathews,LD Chandimal,MVT Fernando,1,0,,,,,,,,,
1238764,2020/21,2020-12-05,"Mahinda Rajapaksa International Cricket Stadium, Sooriyawewa, Hambantota",2,5.3,Colombo Kings,Kandy Tuskers,LD Chandimal,AD Mathews,MVT Fernando,4,0,,,,,,,,,
1238764,2020/21,2020-12-05,"Mahinda Rajapaksa International Cricket Stadium, Sooriyawewa, Hambantota",2,5.4,Colombo Kings,Kandy Tuskers,LD Chandimal,AD Mathews,MVT Fernando,0,0,,,,,,,,,
1238764,2020/21,2020-12-05,"Mahinda Rajapaksa International Cricket Stadium, Sooriyawewa, Hambantota",2,5.5,Colombo Kings,Kandy Tuskers,LD Chandimal,AD Mathews,MVT Fernando,0,0,,,,,,,,,
1238764,2020/21,2020-12-05,"Mahinda Rajapaksa International Cricket Stadium, Sooriyawewa, Hambantota",2,5.6,Colombo Kings,Kandy Tuskers,LD Chandimal,AD Mathews,MVT Fernando,4,0,,,,,,,,,
1238764,2020/21,2020-12-05,"Mahinda Rajapaksa International Cricket Stadium, Sooriyawewa, Hambantota",2,6.1,Colombo Kings,Kandy Tuskers,AD Mathews,LD Chandimal,N Pradeep,1,0,,,,,,,,,
1238764,2020/21,2020-12-05,"Mahinda Rajapaksa International Cricket Stadium, Sooriyawewa, Hambantota",2,6.2,Colombo Kings,Kandy Tuskers,LD Chandimal,AD Mathews,N Pradeep,0,0,,,,,,,,,
1238764,2020/21,2020-12-05,"Mahinda Rajapaksa International Cricket Stadium, Sooriyawewa, Hambantota",2,6.3,Colombo Kings,Kandy Tuskers,LD Chandimal,AD Mathews,N Pradeep,0,1,,,,1,,,,,
1238764,2020/21,2020-12-05,"Mahinda Rajapaksa International Cricket Stadium, Sooriyawewa, Hambantota",2,6.4,Colombo Kings,Kandy Tuskers,AD Mathews,LD Chandimal,N Pradeep,0,0,,,,,,lbw,AD Mathews,,
1238764,2020/21,2020-12-05,"Mahinda Rajapaksa International Cricket Stadium, Sooriyawewa, Hambantota",2,6.5,Colombo Kings,Kandy Tuskers,SMA Priyanjan,LD Chandimal,N Pradeep,0,0,,,,,,,,,
1238764,2020/21,2020-12-05,"Mahinda Rajapaksa International Cricket Stadium, Sooriyawewa, Hambantota",2,6.6,Colombo Kings,Kandy Tuskers,SMA Priyanjan,LD Chandimal,N Pradeep,0,0,,,,,,,,,
1238764,2020/21,2020-12-05,"Mahinda Rajapaksa International Cricket Stadium, Sooriyawewa, Hambantota",2,7.1,Colombo Kings,Kandy Tuskers,LD Chandimal,SMA Priyanjan,MVT Fernando,0,1,1,,,,,,,,
1238764,2020/21,2020-12-05,"Mahinda Rajapaksa International Cricket Stadium, Sooriyawewa, Hambantota",2,7.2,Colombo Kings,Kandy Tuskers,LD Chandimal,SMA Priyanjan,MVT Fernando,0,1,,,,1,,,,,
1238764,2020/21,2020-12-05,"Mahinda Rajapaksa International Cricket Stadium, Sooriyawewa, Hambantota",2,7.3,Colombo Kings,Kandy Tuskers,SMA Priyanjan,LD Chandimal,MVT Fernando,0,0,,,,,,,,,
1238764,2020/21,2020-12-05,"Mahinda Rajapaksa International Cricket Stadium, Sooriyawewa, Hambantota",2,7.4,Colombo Kings,Kandy Tuskers,SMA Priyanjan,LD Chandimal,MVT Fernando,4,0,,,,,,,,,
1238764,2020/21,2020-12-05,"Mahinda Rajapaksa International Cricket Stadium, Sooriyawewa, Hambantota",2,7.5,Colombo Kings,Kandy Tuskers,SMA Priyanjan,LD Chandimal,MVT Fernando,1,0,,,,,,,,,
1238764,2020/21,2020-12-05,"Mahinda Rajapaksa International Cricket Stadium, Sooriyawewa, Hambantota",2,7.6,Colombo Kings,Kandy Tuskers,LD Chandimal,SMA Priyanjan,MVT Fernando,0,0,,,,,,,,,
1238764,2020/21,2020-12-05,"Mahinda Rajapaksa International Cricket Stadium, Sooriyawewa, Hambantota",2,7.7,Colombo Kings,Kandy Tuskers,LD Chandimal,SMA Priyanjan,MVT Fernando,4,0,,,,,,,,,
1238764,2020/21,2020-12-05,"Mahinda Rajapaksa International Cricket Stadium, Sooriyawewa, Hambantota",2,8.1,Colombo Kings,Kandy Tuskers,SMA Priyanjan,LD Chandimal,N Pradeep,0,0,,,,,,,,,
1238764,2020/21,2020-12-05,"Mahinda Rajapaksa International Cricket Stadium, Sooriyawewa, Hambantota",2,8.2,Colombo Kings,Kandy Tuskers,SMA Priyanjan,LD Chandimal,N Pradeep,0,0,,,,,,,,,
1238764,2020/21,2020-12-05,"Mahinda Rajapaksa International Cricket Stadium, Sooriyawewa, Hambantota",2,8.3,Colombo Kings,Kandy Tuskers,SMA Priyanjan,LD Chandimal,N Pradeep,4,0,,,,,,,,,
1238764,2020/21,2020-12-05,"Mahinda Rajapaksa International Cricket Stadium, Sooriyawewa, Hambantota",2,8.4,Colombo Kings,Kandy Tuskers,SMA Priyanjan,LD Chandimal,N Pradeep,1,0,,,,,,,,,
1238764,2020/21,2020-12-05,"Mahinda Rajapaksa International Cricket Stadium, Sooriyawewa, Hambantota",2,8.5,Colombo Kings,Kandy Tuskers,LD Chandimal,SMA Priyanjan,N Pradeep,0,0,,,,,,,,,
1238764,2020/21,2020-12-05,"Mahinda Rajapaksa International Cricket Stadium, Sooriyawewa, Hambantota",2,8.6,Colombo Kings,Kandy Tuskers,LD Chandimal,SMA Priyanjan,N Pradeep,0,4,,,4,,,,,,
1238764,2020/21,2020-12-05,"Mahinda Rajapaksa International Cricket Stadium, Sooriyawewa, Hambantota",2,9.1,Colombo Kings,Kandy Tuskers,SMA Priyanjan,LD Chandimal,L Embuldeniya,0,0,,,,,,,,,
1238764,2020/21,2020-12-05,"Mahinda Rajapaksa International Cricket Stadium, Sooriyawewa, Hambantota",2,9.2,Colombo Kings,Kandy Tuskers,SMA Priyanjan,LD Chandimal,L Embuldeniya,0,0,,,,,,,,,
1238764,2020/21,2020-12-05,"Mahinda Rajapaksa International Cricket Stadium, Sooriyawewa, Hambantota",2,9.3,Colombo Kings,Kandy Tuskers,SMA Priyanjan,LD Chandimal,L Embuldeniya,4,0,,,,,,,,,
1238764,2020/21,2020-12-05,"Mahinda Rajapaksa International Cricket Stadium, Sooriyawewa, Hambantota",2,9.4,Colombo Kings,Kandy Tuskers,SMA Priyanjan,LD Chandimal,L Embuldeniya,0,0,,,,,,,,,
1238764,2020/21,2020-12-05,"Mahinda Rajapaksa International Cricket Stadium, Sooriyawewa, Hambantota",2,9.5,Colombo Kings,Kandy Tuskers,SMA Priyanjan,LD Chandimal,L Embuldeniya,0,0,,,,,,,,,
1238764,2020/21,2020-12-05,"Mahinda Rajapaksa International Cricket Stadium, Sooriyawewa, Hambantota",2,9.6,Colombo Kings,Kandy Tuskers,SMA Priyanjan,LD Chandimal,L Embuldeniya,0,1,,,,1,,,,,
1238764,2020/21,2020-12-05,"Mahinda Rajapaksa International Cricket Stadium, Sooriyawewa, Hambantota",2,10.1,Colombo Kings,Kandy Tuskers,SMA Priyanjan,LD Chandimal,MM Patel,0,0,,,,,,,,,
1238764,2020/21,2020-12-05,"Mahinda Rajapaksa International Cricket Stadium, Sooriyawewa, Hambantota",2,10.2,Colombo Kings,Kandy Tuskers,SMA Priyanjan,LD Chandimal,MM Patel,0,0,,,,,,,,,
1238764,2020/21,2020-12-05,"Mahinda Rajapaksa International Cricket Stadium, Sooriyawewa, Hambantota",2,10.3,Colombo Kings,Kandy Tuskers,SMA Priyanjan,LD Chandimal,MM Patel,1,0,,,,,,,,,
1238764,2020/21,2020-12-05,"Mahinda Rajapaksa International Cricket Stadium, Sooriyawewa, Hambantota",2,10.4,Colombo Kings,Kandy Tuskers,LD Chandimal,SMA Priyanjan,MM Patel,0,0,,,,,,,,,
1238764,2020/21,2020-12-05,"Mahinda Rajapaksa International Cricket Stadium, Sooriyawewa, Hambantota",2,10.5,Colombo Kings,Kandy Tuskers,LD Chandimal,SMA Priyanjan,MM Patel,0,0,,,,,,,,,
1238764,2020/21,2020-12-05,"Mahinda Rajapaksa International Cricket Stadium, Sooriyawewa, Hambantota",2,10.6,Colombo Kings,Kandy Tuskers,LD Chandimal,SMA Priyanjan,MM Patel,0,0,,,,,,,,,
1238764,2020/21,2020-12-05,"Mahinda Rajapaksa International Cricket Stadium, Sooriyawewa, Hambantota",2,11.1,Colombo Kings,Kandy Tuskers,SMA Priyanjan,LD Chandimal,L Embuldeniya,0,5,5,,,,,,,,
1238764,2020/21,2020-12-05,"Mahinda Rajapaksa International Cricket Stadium, Sooriyawewa, Hambantota",2,11.2,Colombo Kings,Kandy Tuskers,SMA Priyanjan,LD Chandimal,L Embuldeniya,0,1,1,,,,,,,,
1238764,2020/21,2020-12-05,"Mahinda Rajapaksa International Cricket Stadium, Sooriyawewa, Hambantota",2,11.3,Colombo Kings,Kandy Tuskers,SMA Priyanjan,LD Chandimal,L Embuldeniya,0,1,1,,,,,,,,
1238764,2020/21,2020-12-05,"Mahinda Rajapaksa International Cricket Stadium, Sooriyawewa, Hambantota",2,11.4,Colombo Kings,Kandy Tuskers,SMA Priyanjan,LD Chandimal,L Embuldeniya,0,0,,,,,,,,,
1238764,2020/21,2020-12-05,"Mahinda Rajapaksa International Cricket Stadium, Sooriyawewa, Hambantota",2,11.5,Colombo Kings,Kandy Tuskers,SMA Priyanjan,LD Chandimal,L Embuldeniya,0,0,,,,,,,,,
1238764,2020/21,2020-12-05,"Mahinda Rajapaksa International Cricket Stadium, Sooriyawewa, Hambantota",2,11.6,Colombo Kings,Kandy Tuskers,SMA Priyanjan,LD Chandimal,L Embuldeniya,1,0,,,,,,,,,
1238764,2020/21,2020-12-05,"Mahinda Rajapaksa International Cricket Stadium, Sooriyawewa, Hambantota",2,11.7,Colombo Kings,Kandy Tuskers,LD Chandimal,SMA Priyanjan,L Embuldeniya,0,0,,,,,,,,,
1238764,2020/21,2020-12-05,"Mahinda Rajapaksa International Cricket Stadium, Sooriyawewa, Hambantota",2,11.8,Colombo Kings,Kandy Tuskers,LD Chandimal,SMA Priyanjan,L Embuldeniya,1,0,,,,,,,,,
1238764,2020/21,2020-12-05,"Mahinda Rajapaksa International Cricket Stadium, Sooriyawewa, Hambantota",2,11.9,Colombo Kings,Kandy Tuskers,SMA Priyanjan,LD Chandimal,L Embuldeniya,1,0,,,,,,,,,
1238764,2020/21,2020-12-05,"Mahinda Rajapaksa International Cricket Stadium, Sooriyawewa, Hambantota",2,12.1,Colombo Kings,Kandy Tuskers,SMA Priyanjan,LD Chandimal,IK Pathan,0,0,,,,,,,,,
1238764,2020/21,2020-12-05,"Mahinda Rajapaksa International Cricket Stadium, Sooriyawewa, Hambantota",2,12.2,Colombo Kings,Kandy Tuskers,SMA Priyanjan,LD Chandimal,IK Pathan,0,1,,,,1,,,,,
1238764,2020/21,2020-12-05,"Mahinda Rajapaksa International Cricket Stadium, Sooriyawewa, Hambantota",2,12.3,Colombo Kings,Kandy Tuskers,LD Chandimal,SMA Priyanjan,IK Pathan,0,0,,,,,,,,,
1238764,2020/21,2020-12-05,"Mahinda Rajapaksa International Cricket Stadium, Sooriyawewa, Hambantota",2,12.4,Colombo Kings,Kandy Tuskers,LD Chandimal,SMA Priyanjan,IK Pathan,0,0,,,,,,,,,
1238764,2020/21,2020-12-05,"Mahinda Rajapaksa International Cricket Stadium, Sooriyawewa, Hambantota",2,12.5,Colombo Kings,Kandy Tuskers,LD Chandimal,SMA Priyanjan,IK Pathan,1,0,,,,,,,,,
1238764,2020/21,2020-12-05,"Mahinda Rajapaksa International Cricket Stadium, Sooriyawewa, Hambantota",2,12.6,Colombo Kings,Kandy Tuskers,SMA Priyanjan,LD Chandimal,IK Pathan,4,0,,,,,,,,,
1238764,2020/21,2020-12-05,"Mahinda Rajapaksa International Cricket Stadium, Sooriyawewa, Hambantota",2,13.1,Colombo Kings,Kandy Tuskers,LD Chandimal,SMA Priyanjan,L Embuldeniya,0,0,,,,,,,,,
1238764,2020/21,2020-12-05,"Mahinda Rajapaksa International Cricket Stadium, Sooriyawewa, Hambantota",2,13.2,Colombo Kings,Kandy Tuskers,LD Chandimal,SMA Priyanjan,L Embuldeniya,1,0,,,,,,,,,
1238764,2020/21,2020-12-05,"Mahinda Rajapaksa International Cricket Stadium, Sooriyawewa, Hambantota",2,13.3,Colombo Kings,Kandy Tuskers,SMA Priyanjan,LD Chandimal,L Embuldeniya,4,0,,,,,,,,,
1238764,2020/21,2020-12-05,"Mahinda Rajapaksa International Cricket Stadium, Sooriyawewa, Hambantota",2,13.4,Colombo Kings,Kandy Tuskers,SMA Priyanjan,LD Chandimal,L Embuldeniya,0,2,2,,,,,,,,
1238764,2020/21,2020-12-05,"Mahinda Rajapaksa International Cricket Stadium, Sooriyawewa, Hambantota",2,13.5,Colombo Kings,Kandy Tuskers,LD Chandimal,SMA Priyanjan,L Embuldeniya,1,0,,,,,,,,,
1238764,2020/21,2020-12-05,"Mahinda Rajapaksa International Cricket Stadium, Sooriyawewa, Hambantota",2,13.6,Colombo Kings,Kandy Tuskers,SMA Priyanjan,LD Chandimal,L Embuldeniya,1,0,,,,,,,,,
1238764,2020/21,2020-12-05,"Mahinda Rajapaksa International Cricket Stadium, Sooriyawewa, Hambantota",2,13.7,Colombo Kings,Kandy Tuskers,LD Chandimal,SMA Priyanjan,L Embuldeniya,1,0,,,,,,,,,
1238764,2020/21,2020-12-05,"Mahinda Rajapaksa International Cricket Stadium, Sooriyawewa, Hambantota",2,14.1,Colombo Kings,Kandy Tuskers,LD Chandimal,SMA Priyanjan,N Pradeep,4,0,,,,,,,,,
