match_id,season,start_date,venue,innings,ball,batting_team,bowling_team,striker,non_striker,bowler,runs_off_bat,extras,wides,noballs,byes,legbyes,penalty,wicket_type,player_dismissed,other_wicket_type,other_player_dismissed
1238774,2020/21,2020-12-16,"Mahinda Rajapaksa International Cricket Stadium, Sooriyawewa, Hambantota",1,0.1,Jaffna Stallions,Galle Gladiators,WIA Fernando,J Charles,Mohammad Amir,0,0,,,,,,,,,
1238774,2020/21,2020-12-16,"Mahinda Rajapaksa International Cricket Stadium, Sooriyawewa, Hambantota",1,0.2,Jaffna Stallions,Galle Gladiators,WIA Fernando,J Charles,Mohammad Amir,1,0,,,,,,,,,
1238774,2020/21,2020-12-16,"Mahinda Rajapaksa International Cricket Stadium, Sooriyawewa, Hambantota",1,0.3,Jaffna Stallions,Galle Gladiators,J Charles,WIA Fernando,Mohammad Amir,4,0,,,,,,,,,
1238774,2020/21,2020-12-16,"Mahinda Rajapaksa International Cricket Stadium, Sooriyawewa, Hambantota",1,0.4,Jaffna Stallions,Galle Gladiators,J Charles,WIA Fernando,Mohammad Amir,4,0,,,,,,,,,
1238774,2020/21,2020-12-16,"Mahinda Rajapaksa International Cricket Stadium, Sooriyawewa, Hambantota",1,0.5,Jaffna Stallions,Galle Gladiators,J Charles,WIA Fernando,Mohammad Amir,0,0,,,,,,,,,
1238774,2020/21,2020-12-16,"Mahinda Rajapaksa International Cricket Stadium, Sooriyawewa, Hambantota",1,0.6,Jaffna Stallions,Galle Gladiators,J Charles,WIA Fernando,Mohammad Amir,2,0,,,,,,,,,
1238774,2020/21,2020-12-16,"Mahinda Rajapaksa International Cricket Stadium, Sooriyawewa, Hambantota",1,1.1,Jaffna Stallions,Galle Gladiators,WIA Fernando,J Charles,N Thushara,0,0,,,,,,,,,
1238774,2020/21,2020-12-16,"Mahinda Rajapaksa International Cricket Stadium, Sooriyawewa, Hambantota",1,1.2,Jaffna Stallions,Galle Gladiators,WIA Fernando,J Charles,N Thushara,1,0,,,,,,,,,
1238774,2020/21,2020-12-16,"Mahinda Rajapaksa International Cricket Stadium, Sooriyawewa, Hambantota",1,1.3,Jaffna Stallions,Galle Gladiators,J Charles,WIA Fernando,N Thushara,0,0,,,,,,,,,
1238774,2020/21,2020-12-16,"Mahinda Rajapaksa International Cricket Stadium, Sooriyawewa, Hambantota",1,1.4,Jaffna Stallions,Galle Gladiators,J Charles,WIA Fernando,N Thushara,4,0,,,,,,,,,
1238774,2020/21,2020-12-16,"Mahinda Rajapaksa International Cricket Stadium, Sooriyawewa, Hambantota",1,1.5,Jaffna Stallions,Galle Gladiators,J Charles,WIA Fernando,N Thushara,0,1,1,,,,,,,,
1238774,2020/21,2020-12-16,"Mahinda Rajapaksa International Cricket Stadium, Sooriyawewa, Hambantota",1,1.6,Jaffna Stallions,Galle Gladiators,J Charles,WIA Fernando,N Thushara,4,0,,,,,,,,,
1238774,2020/21,2020-12-16,"Mahinda Rajapaksa International Cricket Stadium, Sooriyawewa, Hambantota",1,1.7,Jaffna Stallions,Galle Gladiators,J Charles,WIA Fernando,N Thushara,4,0,,,,,,,,,
1238774,2020/21,2020-12-16,"Mahinda Rajapaksa International Cricket Stadium, Sooriyawewa, Hambantota",1,2.1,Jaffna Stallions,Galle Gladiators,WIA Fernando,J Charles,D Lakshan,6,0,,,,,,,,,
1238774,2020/21,2020-12-16,"Mahinda Rajapaksa International Cricket Stadium, Sooriyawewa, Hambantota",1,2.2,Jaffna Stallions,Galle Gladiators,WIA Fernando,J Charles,D Lakshan,0,0,,,,,,,,,
1238774,2020/21,2020-12-16,"Mahinda Rajapaksa International Cricket Stadium, Sooriyawewa, Hambantota",1,2.3,Jaffna Stallions,Galle Gladiators,WIA Fernando,J Charles,D Lakshan,1,0,,,,,,,,,
1238774,2020/21,2020-12-16,"Mahinda Rajapaksa International Cricket Stadium, Sooriyawewa, Hambantota",1,2.4,Jaffna Stallions,Galle Gladiators,J Charles,WIA Fernando,D Lakshan,0,0,,,,,,,,,
1238774,2020/21,2020-12-16,"Mahinda Rajapaksa International Cricket Stadium, Sooriyawewa, Hambantota",1,2.5,Jaffna Stallions,Galle Gladiators,J Charles,WIA Fernando,D Lakshan,0,1,1,,,,,,,,
1238774,2020/21,2020-12-16,"Mahinda Rajapaksa International Cricket Stadium, Sooriyawewa, Hambantota",1,2.6,Jaffna Stallions,Galle Gladiators,J Charles,WIA Fernando,D Lakshan,0,0,,,,,,,,,
1238774,2020/21,2020-12-16,"Mahinda Rajapaksa International Cricket Stadium, Sooriyawewa, Hambantota",1,2.7,Jaffna Stallions,Galle Gladiators,J Charles,WIA Fernando,D Lakshan,0,0,,,,,,,,,
1238774,2020/21,2020-12-16,"Mahinda Rajapaksa International Cricket Stadium, Sooriyawewa, Hambantota",1,3.1,Jaffna Stallions,Galle Gladiators,WIA Fernando,J Charles,Mohammad Amir,0,0,,,,,,,,,
1238774,2020/21,2020-12-16,"Mahinda Rajapaksa International Cricket Stadium, Sooriyawewa, Hambantota",1,3.2,Jaffna Stallions,Galle Gladiators,WIA Fernando,J Charles,Mohammad Amir,4,0,,,,,,,,,
1238774,2020/21,2020-12-16,"Mahinda Rajapaksa International Cricket Stadium, Sooriyawewa, Hambantota",1,3.3,Jaffna Stallions,Galle Gladiators,WIA Fernando,J Charles,Mohammad Amir,0,0,,,,,,,,,
1238774,2020/21,2020-12-16,"Mahinda Rajapaksa International Cricket Stadium, Sooriyawewa, Hambantota",1,3.4,Jaffna Stallions,Galle Gladiators,WIA Fernando,J Charles,Mohammad Amir,1,0,,,,,,,,,
1238774,2020/21,2020-12-16,"Mahinda Rajapaksa International Cricket Stadium, Sooriyawewa, Hambantota",1,3.5,Jaffna Stallions,Galle Gladiators,J Charles,WIA Fernando,Mohammad Amir,0,0,,,,,,,,,
1238774,2020/21,2020-12-16,"Mahinda Rajapaksa International Cricket Stadium, Sooriyawewa, Hambantota",1,3.6,Jaffna Stallions,Galle Gladiators,J Charles,WIA Fernando,Mohammad Amir,4,0,,,,,,,,,
1238774,2020/21,2020-12-16,"Mahinda Rajapaksa International Cricket Stadium, Sooriyawewa, Hambantota",1,4.1,Jaffna Stallions,Galle Gladiators,WIA Fernando,J Charles,D Lakshan,0,0,,,,,,,,,
1238774,2020/21,2020-12-16,"Mahinda Rajapaksa International Cricket Stadium, Sooriyawewa, Hambantota",1,4.2,Jaffna Stallions,Galle Gladiators,WIA Fernando,J Charles,D Lakshan,1,0,,,,,,,,,
1238774,2020/21,2020-12-16,"Mahinda Rajapaksa International Cricket Stadium, Sooriyawewa, Hambantota",1,4.3,Jaffna Stallions,Galle Gladiators,J Charles,WIA Fernando,D Lakshan,0,0,,,,,,,,,
1238774,2020/21,2020-12-16,"Mahinda Rajapaksa International Cricket Stadium, Sooriyawewa, Hambantota",1,4.4,Jaffna Stallions,Galle Gladiators,J Charles,WIA Fernando,D Lakshan,0,1,1,,,,,,,,
1238774,2020/21,2020-12-16,"Mahinda Rajapaksa International Cricket Stadium, Sooriyawewa, Hambantota",1,4.5,Jaffna Stallions,Galle Gladiators,J Charles,WIA Fernando,D Lakshan,0,0,,,,,,caught,J Charles,,
1238774,2020/21,2020-12-16,"Mahinda Rajapaksa International Cricket Stadium, Sooriyawewa, Hambantota",1,4.6,Jaffna Stallions,Galle Gladiators,KIC Asalanka,WIA Fernando,D Lakshan,4,0,,,,,,,,,
1238774,2020/21,2020-12-16,"Mahinda Rajapaksa International Cricket Stadium, Sooriyawewa, Hambantota",1,4.7,Jaffna Stallions,Galle Gladiators,KIC Asalanka,WIA Fernando,D Lakshan,0,0,,,,,,,,,
1238774,2020/21,2020-12-16,"Mahinda Rajapaksa International Cricket Stadium, Sooriyawewa, Hambantota",1,5.1,Jaffna Stallions,Galle Gladiators,WIA Fernando,KIC Asalanka,N Thushara,0,0,,,,,,,,,
1238774,2020/21,2020-12-16,"Mahinda Rajapaksa International Cricket Stadium, Sooriyawewa, Hambantota",1,5.2,Jaffna Stallions,Galle Gladiators,WIA Fernando,KIC Asalanka,N Thushara,2,0,,,,,,,,,
1238774,2020/21,2020-12-16,"Mahinda Rajapaksa International Cricket Stadium, Sooriyawewa, Hambantota",1,5.3,Jaffna Stallions,Galle Gladiators,WIA Fernando,KIC Asalanka,N Thushara,0,0,,,,,,,,,
1238774,2020/21,2020-12-16,"Mahinda Rajapaksa International Cricket Stadium, Sooriyawewa, Hambantota",1,5.4,Jaffna Stallions,Galle Gladiators,WIA Fernando,KIC Asalanka,N Thushara,1,0,,,,,,,,,
1238774,2020/21,2020-12-16,"Mahinda Rajapaksa International Cricket Stadium, Sooriyawewa, Hambantota",1,5.5,Jaffna Stallions,Galle Gladiators,KIC Asalanka,WIA Fernando,N Thushara,0,0,,,,,,,,,
1238774,2020/21,2020-12-16,"Mahinda Rajapaksa International Cricket Stadium, Sooriyawewa, Hambantota",1,5.6,Jaffna Stallions,Galle Gladiators,KIC Asalanka,WIA Fernando,N Thushara,0,0,,,,,,,,,
1238774,2020/21,2020-12-16,"Mahinda Rajapaksa International Cricket Stadium, Sooriyawewa, Hambantota",1,6.1,Jaffna Stallions,Galle Gladiators,WIA Fernando,KIC Asalanka,SSD Arachchige,1,0,,,,,,,,,
1238774,2020/21,2020-12-16,"Mahinda Rajapaksa International Cricket Stadium, Sooriyawewa, Hambantota",1,6.2,Jaffna Stallions,Galle Gladiators,KIC Asalanka,WIA Fernando,SSD Arachchige,0,0,,,,,,,,,
1238774,2020/21,2020-12-16,"Mahinda Rajapaksa International Cricket Stadium, Sooriyawewa, Hambantota",1,6.3,Jaffna Stallions,Galle Gladiators,KIC Asalanka,WIA Fernando,SSD Arachchige,1,0,,,,,,,,,
1238774,2020/21,2020-12-16,"Mahinda Rajapaksa International Cricket Stadium, Sooriyawewa, Hambantota",1,6.4,Jaffna Stallions,Galle Gladiators,WIA Fernando,KIC Asalanka,SSD Arachchige,1,0,,,,,,,,,
1238774,2020/21,2020-12-16,"Mahinda Rajapaksa International Cricket Stadium, Sooriyawewa, Hambantota",1,6.5,Jaffna Stallions,Galle Gladiators,KIC Asalanka,WIA Fernando,SSD Arachchige,1,0,,,,,,,,,
1238774,2020/21,2020-12-16,"Mahinda Rajapaksa International Cricket Stadium, Sooriyawewa, Hambantota",1,6.6,Jaffna Stallions,Galle Gladiators,WIA Fernando,KIC Asalanka,SSD Arachchige,6,0,,,,,,,,,
1238774,2020/21,2020-12-16,"Mahinda Rajapaksa International Cricket Stadium, Sooriyawewa, Hambantota",1,7.1,Jaffna Stallions,Galle Gladiators,KIC Asalanka,WIA Fernando,PADLR Sandakan,0,1,1,,,,,,,,
1238774,2020/21,2020-12-16,"Mahinda Rajapaksa International Cricket Stadium, Sooriyawewa, Hambantota",1,7.2,Jaffna Stallions,Galle Gladiators,KIC Asalanka,WIA Fernando,PADLR Sandakan,4,0,,,,,,,,,
1238774,2020/21,2020-12-16,"Mahinda Rajapaksa International Cricket Stadium, Sooriyawewa, Hambantota",1,7.3,Jaffna Stallions,Galle Gladiators,KIC Asalanka,WIA Fernando,PADLR Sandakan,0,0,,,,,,caught,KIC Asalanka,,
1238774,2020/21,2020-12-16,"Mahinda Rajapaksa International Cricket Stadium, Sooriyawewa, Hambantota",1,7.4,Jaffna Stallions,Galle Gladiators,Shoaib Malik,WIA Fernando,PADLR Sandakan,0,0,,,,,,,,,
1238774,2020/21,2020-12-16,"Mahinda Rajapaksa International Cricket Stadium, Sooriyawewa, Hambantota",1,7.5,Jaffna Stallions,Galle Gladiators,Shoaib Malik,WIA Fernando,PADLR Sandakan,0,0,,,,,,,,,
1238774,2020/21,2020-12-16,"Mahinda Rajapaksa International Cricket Stadium, Sooriyawewa, Hambantota",1,7.6,Jaffna Stallions,Galle Gladiators,Shoaib Malik,WIA Fernando,PADLR Sandakan,1,0,,,,,,,,,
1238774,2020/21,2020-12-16,"Mahinda Rajapaksa International Cricket Stadium, Sooriyawewa, Hambantota",1,7.7,Jaffna Stallions,Galle Gladiators,WIA Fernando,Shoaib Malik,PADLR Sandakan,0,0,,,,,,,,,
1238774,2020/21,2020-12-16,"Mahinda Rajapaksa International Cricket Stadium, Sooriyawewa, Hambantota",1,8.1,Jaffna Stallions,Galle Gladiators,Shoaib Malik,WIA Fernando,SSD Arachchige,1,0,,,,,,,,,
1238774,2020/21,2020-12-16,"Mahinda Rajapaksa International Cricket Stadium, Sooriyawewa, Hambantota",1,8.2,Jaffna Stallions,Galle Gladiators,WIA Fernando,Shoaib Malik,SSD Arachchige,1,0,,,,,,,,,
1238774,2020/21,2020-12-16,"Mahinda Rajapaksa International Cricket Stadium, Sooriyawewa, Hambantota",1,8.3,Jaffna Stallions,Galle Gladiators,Shoaib Malik,WIA Fernando,SSD Arachchige,1,0,,,,,,,,,
1238774,2020/21,2020-12-16,"Mahinda Rajapaksa International Cricket Stadium, Sooriyawewa, Hambantota",1,8.4,Jaffna Stallions,Galle Gladiators,WIA Fernando,Shoaib Malik,SSD Arachchige,0,0,,,,,,caught,WIA Fernando,,
1238774,2020/21,2020-12-16,"Mahinda Rajapaksa International Cricket Stadium, Sooriyawewa, Hambantota",1,8.5,Jaffna Stallions,Galle Gladiators,Shoaib Malik,DM de Silva,SSD Arachchige,2,0,,,,,,,,,
1238774,2020/21,2020-12-16,"Mahinda Rajapaksa International Cricket Stadium, Sooriyawewa, Hambantota",1,8.6,Jaffna Stallions,Galle Gladiators,Shoaib Malik,DM de Silva,SSD Arachchige,1,0,,,,,,,,,
1238774,2020/21,2020-12-16,"Mahinda Rajapaksa International Cricket Stadium, Sooriyawewa, Hambantota",1,9.1,Jaffna Stallions,Galle Gladiators,Shoaib Malik,DM de Silva,PADLR Sandakan,1,0,,,,,,,,,
1238774,2020/21,2020-12-16,"Mahinda Rajapaksa International Cricket Stadium, Sooriyawewa, Hambantota",1,9.2,Jaffna Stallions,Galle Gladiators,DM de Silva,Shoaib Malik,PADLR Sandakan,1,0,,,,,,,,,
1238774,2020/21,2020-12-16,"Mahinda Rajapaksa International Cricket Stadium, Sooriyawewa, Hambantota",1,9.3,Jaffna Stallions,Galle Gladiators,Shoaib Malik,DM de Silva,PADLR Sandakan,1,0,,,,,,,,,
1238774,2020/21,2020-12-16,"Mahinda Rajapaksa International Cricket Stadium, Sooriyawewa, Hambantota",1,9.4,Jaffna Stallions,Galle Gladiators,DM de Silva,Shoaib Malik,PADLR Sandakan,0,0,,,,,,,,,
1238774,2020/21,2020-12-16,"Mahinda Rajapaksa International Cricket Stadium, Sooriyawewa, Hambantota",1,9.5,Jaffna Stallions,Galle Gladiators,DM de Silva,Shoaib Malik,PADLR Sandakan,0,0,,,,,,,,,
1238774,2020/21,2020-12-16,"Mahinda Rajapaksa International Cricket Stadium, Sooriyawewa, Hambantota",1,9.6,Jaffna Stallions,Galle Gladiators,DM de Silva,Shoaib Malik,PADLR Sandakan,1,0,,,,,,,,,
1238774,2020/21,2020-12-16,"Mahinda Rajapaksa International Cricket Stadium, Sooriyawewa, Hambantota",1,10.1,Jaffna Stallions,Galle Gladiators,DM de Silva,Shoaib Malik,SSD Arachchige,1,0,,,,,,,,,
1238774,2020/21,2020-12-16,"Mahinda Rajapaksa International Cricket Stadium, Sooriyawewa, Hambantota",1,10.2,Jaffna Stallions,Galle Gladiators,Shoaib Malik,DM de Silva,SSD Arachchige,1,0,,,,,,,,,
1238774,2020/21,2020-12-16,"Mahinda Rajapaksa International Cricket Stadium, Sooriyawewa, Hambantota",1,10.3,Jaffna Stallions,Galle Gladiators,DM de Silva,Shoaib Malik,SSD Arachchige,1,0,,,,,,,,,
1238774,2020/21,2020-12-16,"Mahinda Rajapaksa International Cricket Stadium, Sooriyawewa, Hambantota",1,10.4,Jaffna Stallions,Galle Gladiators,Shoaib Malik,DM de Silva,SSD Arachchige,1,0,,,,,,,,,
1238774,2020/21,2020-12-16,"Mahinda Rajapaksa International Cricket Stadium, Sooriyawewa, Hambantota",1,10.5,Jaffna Stallions,Galle Gladiators,DM de Silva,Shoaib Malik,SSD Arachchige,1,0,,,,,,,,,
1238774,2020/21,2020-12-16,"Mahinda Rajapaksa International Cricket Stadium, Sooriyawewa, Hambantota",1,10.6,Jaffna Stallions,Galle Gladiators,Shoaib Malik,DM de Silva,SSD Arachchige,1,0,,,,,,,,,
1238774,2020/21,2020-12-16,"Mahinda Rajapaksa International Cricket Stadium, Sooriyawewa, Hambantota",1,11.1,Jaffna Stallions,Galle Gladiators,Shoaib Malik,DM de Silva,PADLR Sandakan,0,0,,,,,,,,,
1238774,2020/21,2020-12-16,"Mahinda Rajapaksa International Cricket Stadium, Sooriyawewa, Hambantota",1,11.2,Jaffna Stallions,Galle Gladiators,Shoaib Malik,DM de Silva,PADLR Sandakan,2,0,,,,,,,,,
1238774,2020/21,2020-12-16,"Mahinda Rajapaksa International Cricket Stadium, Sooriyawewa, Hambantota",1,11.3,Jaffna Stallions,Galle Gladiators,Shoaib Malik,DM de Silva,PADLR Sandakan,4,0,,,,,,,,,
1238774,2020/21,2020-12-16,"Mahinda Rajapaksa International Cricket Stadium, Sooriyawewa, Hambantota",1,11.4,Jaffna Stallions,Galle Gladiators,Shoaib Malik,DM de Silva,PADLR Sandakan,0,0,,,,,,,,,
1238774,2020/21,2020-12-16,"Mahinda Rajapaksa International Cricket Stadium, Sooriyawewa, Hambantota",1,11.5,Jaffna Stallions,Galle Gladiators,Shoaib Malik,DM de Silva,PADLR Sandakan,1,0,,,,,,,,,
1238774,2020/21,2020-12-16,"Mahinda Rajapaksa International Cricket Stadium, Sooriyawewa, Hambantota",1,11.6,Jaffna Stallions,Galle Gladiators,DM de Silva,Shoaib Malik,PADLR Sandakan,4,0,,,,,,,,,
1238774,2020/21,2020-12-16,"Mahinda Rajapaksa International Cricket Stadium, Sooriyawewa, Hambantota",1,12.1,Jaffna Stallions,Galle Gladiators,Shoaib Malik,DM de Silva,SSD Arachchige,6,0,,,,,,,,,
1238774,2020/21,2020-12-16,"Mahinda Rajapaksa International Cricket Stadium, Sooriyawewa, Hambantota",1,12.2,Jaffna Stallions,Galle Gladiators,Shoaib Malik,DM de Silva,SSD Arachchige,1,0,,,,,,,,,
1238774,2020/21,2020-12-16,"Mahinda Rajapaksa International Cricket Stadium, Sooriyawewa, Hambantota",1,12.3,Jaffna Stallions,Galle Gladiators,DM de Silva,Shoaib Malik,SSD Arachchige,1,0,,,,,,,,,
1238774,2020/21,2020-12-16,"Mahinda Rajapaksa International Cricket Stadium, Sooriyawewa, Hambantota",1,12.4,Jaffna Stallions,Galle Gladiators,Shoaib Malik,DM de Silva,SSD Arachchige,4,0,,,,,,,,,
1238774,2020/21,2020-12-16,"Mahinda Rajapaksa International Cricket Stadium, Sooriyawewa, Hambantota",1,12.5,Jaffna Stallions,Galle Gladiators,Shoaib Malik,DM de Silva,SSD Arachchige,1,0,,,,,,,,,
1238774,2020/21,2020-12-16,"Mahinda Rajapaksa International Cricket Stadium, Sooriyawewa, Hambantota",1,12.6,Jaffna Stallions,Galle Gladiators,DM de Silva,Shoaib Malik,SSD Arachchige,1,0,,,,,,,,,
1238774,2020/21,2020-12-16,"Mahinda Rajapaksa International Cricket Stadium, Sooriyawewa, Hambantota",1,13.1,Jaffna Stallions,Galle Gladiators,DM de Silva,Shoaib Malik,PADLR Sandakan,2,0,,,,,,,,,
1238774,2020/21,2020-12-16,"Mahinda Rajapaksa International Cricket Stadium, Sooriyawewa, Hambantota",1,13.2,Jaffna Stallions,Galle Gladiators,DM de Silva,Shoaib Malik,PADLR Sandakan,6,0,,,,,,,,,
1238774,2020/21,2020-12-16,"Mahinda Rajapaksa International Cricket Stadium, Sooriyawewa, Hambantota",1,13.3,Jaffna Stallions,Galle Gladiators,DM de Silva,Shoaib Malik,PADLR Sandakan,4,0,,,,,,,,,
1238774,2020/21,2020-12-16,"Mahinda Rajapaksa International Cricket Stadium, Sooriyawewa, Hambantota",1,13.4,Jaffna Stallions,Galle Gladiators,DM de Silva,Shoaib Malik,PADLR Sandakan,6,0,,,,,,,,,
1238774,2020/21,2020-12-16,"Mahinda Rajapaksa International Cricket Stadium, Sooriyawewa, Hambantota",1,13.5,Jaffna Stallions,Galle Gladiators,DM de Silva,Shoaib Malik,PADLR Sandakan,1,0,,,,,,,,,
1238774,2020/21,2020-12-16,"Mahinda Rajapaksa International Cricket Stadium, Sooriyawewa, Hambantota",1,13.6,Jaffna Stallions,Galle Gladiators,Shoaib Malik,DM de Silva,PADLR Sandakan,1,0,,,,,,,,,
1238774,2020/21,2020-12-16,"Mahinda Rajapaksa International Cricket Stadium, Sooriyawewa, Hambantota",1,14.1,Jaffna Stallions,Galle Gladiators,Shoaib Malik,DM de Silva,Mohammad Amir,1,0,,,,,,,,,
1238774,2020/21,2020-12-16,"Mahinda Rajapaksa International Cricket Stadium, Sooriyawewa, Hambantota",1,14.2,Jaffna Stallions,Galle Gladiators,DM de Silva,Shoaib Malik,Mohammad Amir,1,0,,,,,,,,,
1238774,2020/21,2020-12-16,"Mahinda Rajapaksa International Cricket Stadium, Sooriyawewa, Hambantota",1,14.3,Jaffna Stallions,Galle Gladiators,Shoaib Malik,DM de Silva,Mohammad Amir,1,0,,,,,,,,,
1238774,2020/21,2020-12-16,"Mahinda Rajapaksa International Cricket Stadium, Sooriyawewa, Hambantota",1,14.4,Jaffna Stallions,Galle Gladiators,DM de Silva,Shoaib Malik,Mohammad Amir,0,0,,,,,,,,,
1238774,2020/21,2020-12-16,"Mahinda Rajapaksa International Cricket Stadium, Sooriyawewa, Hambantota",1,14.5,Jaffna Stallions,Galle Gladiators,DM de Silva,Shoaib Malik,Mohammad Amir,1,0,,,,,,,,,
1238774,2020/21,2020-12-16,"Mahinda Rajapaksa International Cricket Stadium, Sooriyawewa, Hambantota",1,14.6,Jaffna Stallions,Galle Gladiators,Shoaib Malik,DM de Silva,Mohammad Amir,0,1,1,,,,,,,,
1238774,2020/21,2020-12-16,"Mahinda Rajapaksa International Cricket Stadium, Sooriyawewa, Hambantota",1,14.7,Jaffna Stallions,Galle Gladiators,Shoaib Malik,DM de Silva,Mohammad Amir,1,0,,,,,,,,,
1238774,2020/21,2020-12-16,"Mahinda Rajapaksa International Cricket Stadium, Sooriyawewa, Hambantota",1,15.1,Jaffna Stallions,Galle Gladiators,Shoaib Malik,DM de Silva,D Lakshan,1,0,,,,,,,,,
1238774,2020/21,2020-12-16,"Mahinda Rajapaksa International Cricket Stadium, Sooriyawewa, Hambantota",1,15.2,Jaffna Stallions,Galle Gladiators,DM de Silva,Shoaib Malik,D Lakshan,1,0,,,,,,,,,
1238774,2020/21,2020-12-16,"Mahinda Rajapaksa International Cricket Stadium, Sooriyawewa, Hambantota",1,15.3,Jaffna Stallions,Galle Gladiators,Shoaib Malik,DM de Silva,D Lakshan,2,0,,,,,,,,,
1238774,2020/21,2020-12-16,"Mahinda Rajapaksa International Cricket Stadium, Sooriyawewa, Hambantota",1,15.4,Jaffna Stallions,Galle Gladiators,Shoaib Malik,DM de Silva,D Lakshan,1,0,,,,,,,,,
1238774,2020/21,2020-12-16,"Mahinda Rajapaksa International Cricket Stadium, Sooriyawewa, Hambantota",1,15.5,Jaffna Stallions,Galle Gladiators,DM de Silva,Shoaib Malik,D Lakshan,0,0,,,,,,caught,DM de Silva,,
1238774,2020/21,2020-12-16,"Mahinda Rajapaksa International Cricket Stadium, Sooriyawewa, Hambantota",1,15.6,Jaffna Stallions,Galle Gladiators,Shoaib Malik,NLTC Perera,D Lakshan,1,0,,,,,,,,,
1238774,2020/21,2020-12-16,"Mahinda Rajapaksa International Cricket Stadium, Sooriyawewa, Hambantota",1,16.1,Jaffna Stallions,Galle Gladiators,Shoaib Malik,NLTC Perera,N Thushara,0,0,,,,,,,,,
1238774,2020/21,2020-12-16,"Mahinda Rajapaksa International Cricket Stadium, Sooriyawewa, Hambantota",1,16.2,Jaffna Stallions,Galle Gladiators,Shoaib Malik,NLTC Perera,N Thushara,1,0,,,,,,,,,
1238774,2020/21,2020-12-16,"Mahinda Rajapaksa International Cricket Stadium, Sooriyawewa, Hambantota",1,16.3,Jaffna Stallions,Galle Gladiators,NLTC Perera,Shoaib Malik,N Thushara,1,0,,,,,,,,,
1238774,2020/21,2020-12-16,"Mahinda Rajapaksa International Cricket Stadium, Sooriyawewa, Hambantota",1,16.4,Jaffna Stallions,Galle Gladiators,Shoaib Malik,NLTC Perera,N Thushara,1,0,,,,,,,,,
1238774,2020/21,2020-12-16,"Mahinda Rajapaksa International Cricket Stadium, Sooriyawewa, Hambantota",1,16.5,Jaffna Stallions,Galle Gladiators,NLTC Perera,Shoaib Malik,N Thushara,4,0,,,,,,,,,
1238774,2020/21,2020-12-16,"Mahinda Rajapaksa International Cricket Stadium, Sooriyawewa, Hambantota",1,16.6,Jaffna Stallions,Galle Gladiators,NLTC Perera,Shoaib Malik,N Thushara,2,0,,,,,,,,,
1238774,2020/21,2020-12-16,"Mahinda Rajapaksa International Cricket Stadium, Sooriyawewa, Hambantota",1,17.1,Jaffna Stallions,Galle Gladiators,Shoaib Malik,NLTC Perera,D Lakshan,1,0,,,,,,,,,
1238774,2020/21,2020-12-16,"Mahinda Rajapaksa International Cricket Stadium, Sooriyawewa, Hambantota",1,17.2,Jaffna Stallions,Galle Gladiators,NLTC Perera,Shoaib Malik,D Lakshan,4,0,,,,,,,,,
1238774,2020/21,2020-12-16,"Mahinda Rajapaksa International Cricket Stadium, Sooriyawewa, Hambantota",1,17.3,Jaffna Stallions,Galle Gladiators,NLTC Perera,Shoaib Malik,D Lakshan,1,0,,,,,,,,,
1238774,2020/21,2020-12-16,"Mahinda Rajapaksa International Cricket Stadium, Sooriyawewa, Hambantota",1,17.4,Jaffna Stallions,Galle Gladiators,Shoaib Malik,NLTC Perera,D Lakshan,4,0,,,,,,,,,
1238774,2020/21,2020-12-16,"Mahinda Rajapaksa International Cricket Stadium, Sooriyawewa, Hambantota",1,17.5,Jaffna Stallions,Galle Gladiators,Shoaib Malik,NLTC Perera,D Lakshan,0,0,,,,,,caught,Shoaib Malik,,
1238774,2020/21,2020-12-16,"Mahinda Rajapaksa International Cricket Stadium, Sooriyawewa, Hambantota",1,17.6,Jaffna Stallions,Galle Gladiators,NLTC Perera,PWH de Silva,D Lakshan,6,0,,,,,,,,,
1238774,2020/21,2020-12-16,"Mahinda Rajapaksa International Cricket Stadium, Sooriyawewa, Hambantota",1,18.1,Jaffna Stallions,Galle Gladiators,PWH de Silva,NLTC Perera,Mohammad Amir,1,0,,,,,,,,,
1238774,2020/21,2020-12-16,"Mahinda Rajapaksa International Cricket Stadium, Sooriyawewa, Hambantota",1,18.2,Jaffna Stallions,Galle Gladiators,NLTC Perera,PWH de Silva,Mohammad Amir,4,0,,,,,,,,,
1238774,2020/21,2020-12-16,"Mahinda Rajapaksa International Cricket Stadium, Sooriyawewa, Hambantota",1,18.3,Jaffna Stallions,Galle Gladiators,NLTC Perera,PWH de Silva,Mohammad Amir,4,0,,,,,,,,,
1238774,2020/21,2020-12-16,"Mahinda Rajapaksa International Cricket Stadium, Sooriyawewa, Hambantota",1,18.4,Jaffna Stallions,Galle Gladiators,NLTC Perera,PWH de Silva,Mohammad Amir,1,0,,,,,,,,,
1238774,2020/21,2020-12-16,"Mahinda Rajapaksa International Cricket Stadium, Sooriyawewa, Hambantota",1,18.5,Jaffna Stallions,Galle Gladiators,PWH de Silva,NLTC Perera,Mohammad Amir,0,0,,,,,,,,,
1238774,2020/21,2020-12-16,"Mahinda Rajapaksa International Cricket Stadium, Sooriyawewa, Hambantota",1,18.6,Jaffna Stallions,Galle Gladiators,PWH de Silva,NLTC Perera,Mohammad Amir,0,0,,,,,,caught,PWH de Silva,,
1238774,2020/21,2020-12-16,"Mahinda Rajapaksa International Cricket Stadium, Sooriyawewa, Hambantota",1,19.1,Jaffna Stallions,Galle Gladiators,NLTC Perera,PC de Silva,N Thushara,6,0,,,,,,,,,
1238774,2020/21,2020-12-16,"Mahinda Rajapaksa International Cricket Stadium, Sooriyawewa, Hambantota",1,19.2,Jaffna Stallions,Galle Gladiators,NLTC Perera,PC de Silva,N Thushara,0,0,,,,,,,,,
1238774,2020/21,2020-12-16,"Mahinda Rajapaksa International Cricket Stadium, Sooriyawewa, Hambantota",1,19.3,Jaffna Stallions,Galle Gladiators,NLTC Perera,PC de Silva,N Thushara,4,0,,,,,,,,,
1238774,2020/21,2020-12-16,"Mahinda Rajapaksa International Cricket Stadium, Sooriyawewa, Hambantota",1,19.4,Jaffna Stallions,Galle Gladiators,NLTC Perera,PC de Silva,N Thushara,1,0,,,,,,,,,
1238774,2020/21,2020-12-16,"Mahinda Rajapaksa International Cricket Stadium, Sooriyawewa, Hambantota",1,19.5,Jaffna Stallions,Galle Gladiators,PC de Silva,NLTC Perera,N Thushara,1,0,,,,,,,,,
1238774,2020/21,2020-12-16,"Mahinda Rajapaksa International Cricket Stadium, Sooriyawewa, Hambantota",1,19.6,Jaffna Stallions,Galle Gladiators,NLTC Perera,PC de Silva,N Thushara,1,0,,,,,,,,,
1238774,2020/21,2020-12-16,"Mahinda Rajapaksa International Cricket Stadium, Sooriyawewa, Hambantota",2,0.1,Galle Gladiators,Jaffna Stallions,MD Gunathilaka,Hazratullah,DM de Silva,1,0,,,,,,,,,
1238774,2020/21,2020-12-16,"Mahinda Rajapaksa International Cricket Stadium, Sooriyawewa, Hambantota",2,0.2,Galle Gladiators,Jaffna Stallions,Hazratullah,MD Gunathilaka,DM de Silva,0,0,,,,,,,,,
1238774,2020/21,2020-12-16,"Mahinda Rajapaksa International Cricket Stadium, Sooriyawewa, Hambantota",2,0.3,Galle Gladiators,Jaffna Stallions,Hazratullah,MD Gunathilaka,DM de Silva,0,0,,,,,,caught,Hazratullah,,
1238774,2020/21,2020-12-16,"Mahinda Rajapaksa International Cricket Stadium, Sooriyawewa, Hambantota",2,0.4,Galle Gladiators,Jaffna Stallions,Ahsan Ali,MD Gunathilaka,DM de Silva,0,0,,,,,,,,,
1238774,2020/21,2020-12-16,"Mahinda Rajapaksa International Cricket Stadium, Sooriyawewa, Hambantota",2,0.5,Galle Gladiators,Jaffna Stallions,Ahsan Ali,MD Gunathilaka,DM de Silva,0,0,,,,,,,,,
1238774,2020/21,2020-12-16,"Mahinda Rajapaksa International Cricket Stadium, Sooriyawewa, Hambantota",2,0.6,Galle Gladiators,Jaffna Stallions,Ahsan Ali,MD Gunathilaka,DM de Silva,1,0,,,,,,,,,
1238774,2020/21,2020-12-16,"Mahinda Rajapaksa International Cricket Stadium, Sooriyawewa, Hambantota",2,1.1,Galle Gladiators,Jaffna Stallions,Ahsan Ali,MD Gunathilaka,RAS Lakmal,1,0,,,,,,,,,
1238774,2020/21,2020-12-16,"Mahinda Rajapaksa International Cricket Stadium, Sooriyawewa, Hambantota",2,1.2,Galle Gladiators,Jaffna Stallions,MD Gunathilaka,Ahsan Ali,RAS Lakmal,0,0,,,,,,run out,MD Gunathilaka,,
1238774,2020/21,2020-12-16,"Mahinda Rajapaksa International Cricket Stadium, Sooriyawewa, Hambantota",2,1.3,Galle Gladiators,Jaffna Stallions,Ahsan Ali,PBB Rajapaksa,RAS Lakmal,4,0,,,,,,,,,
1238774,2020/21,2020-12-16,"Mahinda Rajapaksa International Cricket Stadium, Sooriyawewa, Hambantota",2,1.4,Galle Gladiators,Jaffna Stallions,Ahsan Ali,PBB Rajapaksa,RAS Lakmal,0,0,,,,,,caught,Ahsan Ali,,
1238774,2020/21,2020-12-16,"Mahinda Rajapaksa International Cricket Stadium, Sooriyawewa, Hambantota",2,1.5,Galle Gladiators,Jaffna Stallions,GSNFG Jayasuriya,PBB Rajapaksa,RAS Lakmal,0,0,,,,,,,,,
1238774,2020/21,2020-12-16,"Mahinda Rajapaksa International Cricket Stadium, Sooriyawewa, Hambantota",2,1.6,Galle Gladiators,Jaffna Stallions,GSNFG Jayasuriya,PBB Rajapaksa,RAS Lakmal,0,0,,,,,,,,,
1238774,2020/21,2020-12-16,"Mahinda Rajapaksa International Cricket Stadium, Sooriyawewa, Hambantota",2,2.1,Galle Gladiators,Jaffna Stallions,PBB Rajapaksa,GSNFG Jayasuriya,DM de Silva,0,0,,,,,,,,,
1238774,2020/21,2020-12-16,"Mahinda Rajapaksa International Cricket Stadium, Sooriyawewa, Hambantota",2,2.2,Galle Gladiators,Jaffna Stallions,PBB Rajapaksa,GSNFG Jayasuriya,DM de Silva,1,0,,,,,,,,,
1238774,2020/21,2020-12-16,"Mahinda Rajapaksa International Cricket Stadium, Sooriyawewa, Hambantota",2,2.3,Galle Gladiators,Jaffna Stallions,GSNFG Jayasuriya,PBB Rajapaksa,DM de Silva,0,0,,,,,,,,,
1238774,2020/21,2020-12-16,"Mahinda Rajapaksa International Cricket Stadium, Sooriyawewa, Hambantota",2,2.4,Galle Gladiators,Jaffna Stallions,GSNFG Jayasuriya,PBB Rajapaksa,DM de Silva,0,1,1,,,,,,,,
1238774,2020/21,2020-12-16,"Mahinda Rajapaksa International Cricket Stadium, Sooriyawewa, Hambantota",2,2.5,Galle Gladiators,Jaffna Stallions,GSNFG Jayasuriya,PBB Rajapaksa,DM de Silva,6,0,,,,,,,,,
1238774,2020/21,2020-12-16,"Mahinda Rajapaksa International Cricket Stadium, Sooriyawewa, Hambantota",2,2.6,Galle Gladiators,Jaffna Stallions,GSNFG Jayasuriya,PBB Rajapaksa,DM de Silva,0,0,,,,,,,,,
1238774,2020/21,2020-12-16,"Mahinda Rajapaksa International Cricket Stadium, Sooriyawewa, Hambantota",2,2.7,Galle Gladiators,Jaffna Stallions,GSNFG Jayasuriya,PBB Rajapaksa,DM de Silva,1,0,,,,,,,,,
1238774,2020/21,2020-12-16,"Mahinda Rajapaksa International Cricket Stadium, Sooriyawewa, Hambantota",2,3.1,Galle Gladiators,Jaffna Stallions,GSNFG Jayasuriya,PBB Rajapaksa,RAS Lakmal,0,0,,,,,,,,,
1238774,2020/21,2020-12-16,"Mahinda Rajapaksa International Cricket Stadium, Sooriyawewa, Hambantota",2,3.2,Galle Gladiators,Jaffna Stallions,GSNFG Jayasuriya,PBB Rajapaksa,RAS Lakmal,0,0,,,,,,,,,
1238774,2020/21,2020-12-16,"Mahinda Rajapaksa International Cricket Stadium, Sooriyawewa, Hambantota",2,3.3,Galle Gladiators,Jaffna Stallions,GSNFG Jayasuriya,PBB Rajapaksa,RAS Lakmal,0,0,,,,,,,,,
1238774,2020/21,2020-12-16,"Mahinda Rajapaksa International Cricket Stadium, Sooriyawewa, Hambantota",2,3.4,Galle Gladiators,Jaffna Stallions,GSNFG Jayasuriya,PBB Rajapaksa,RAS Lakmal,0,0,,,,,,,,,
1238774,2020/21,2020-12-16,"Mahinda Rajapaksa International Cricket Stadium, Sooriyawewa, Hambantota",2,3.5,Galle Gladiators,Jaffna Stallions,GSNFG Jayasuriya,PBB Rajapaksa,RAS Lakmal,1,0,,,,,,,,,
1238774,2020/21,2020-12-16,"Mahinda Rajapaksa International Cricket Stadium, Sooriyawewa, Hambantota",2,3.6,Galle Gladiators,Jaffna Stallions,PBB Rajapaksa,GSNFG Jayasuriya,RAS Lakmal,0,0,,,,,,,,,
1238774,2020/21,2020-12-16,"Mahinda Rajapaksa International Cricket Stadium, Sooriyawewa, Hambantota",2,4.1,Galle Gladiators,Jaffna Stallions,GSNFG Jayasuriya,PBB Rajapaksa,DM de Silva,0,0,,,,,,,,,
1238774,2020/21,2020-12-16,"Mahinda Rajapaksa International Cricket Stadium, Sooriyawewa, Hambantota",2,4.2,Galle Gladiators,Jaffna Stallions,GSNFG Jayasuriya,PBB Rajapaksa,DM de Silva,2,0,,,,,,,,,
1238774,2020/21,2020-12-16,"Mahinda Rajapaksa International Cricket Stadium, Sooriyawewa, Hambantota",2,4.3,Galle Gladiators,Jaffna Stallions,GSNFG Jayasuriya,PBB Rajapaksa,DM de Silva,0,0,,,,,,,,,
1238774,2020/21,2020-12-16,"Mahinda Rajapaksa International Cricket Stadium, Sooriyawewa, Hambantota",2,4.4,Galle Gladiators,Jaffna Stallions,GSNFG Jayasuriya,PBB Rajapaksa,DM de Silva,0,0,,,,,,,,,
1238774,2020/21,2020-12-16,"Mahinda Rajapaksa International Cricket Stadium, Sooriyawewa, Hambantota",2,4.5,Galle Gladiators,Jaffna Stallions,GSNFG Jayasuriya,PBB Rajapaksa,DM de Silva,1,0,,,,,,,,,
1238774,2020/21,2020-12-16,"Mahinda Rajapaksa International Cricket Stadium, Sooriyawewa, Hambantota",2,4.6,Galle Gladiators,Jaffna Stallions,PBB Rajapaksa,GSNFG Jayasuriya,DM de Silva,4,0,,,,,,,,,
1238774,2020/21,2020-12-16,"Mahinda Rajapaksa International Cricket Stadium, Sooriyawewa, Hambantota",2,5.1,Galle Gladiators,Jaffna Stallions,GSNFG Jayasuriya,PBB Rajapaksa,RAS Lakmal,1,0,,,,,,,,,
1238774,2020/21,2020-12-16,"Mahinda Rajapaksa International Cricket Stadium, Sooriyawewa, Hambantota",2,5.2,Galle Gladiators,Jaffna Stallions,PBB Rajapaksa,GSNFG Jayasuriya,RAS Lakmal,4,0,,,,,,,,,
1238774,2020/21,2020-12-16,"Mahinda Rajapaksa International Cricket Stadium, Sooriyawewa, Hambantota",2,5.3,Galle Gladiators,Jaffna Stallions,PBB Rajapaksa,GSNFG Jayasuriya,RAS Lakmal,1,0,,,,,,,,,
1238774,2020/21,2020-12-16,"Mahinda Rajapaksa International Cricket Stadium, Sooriyawewa, Hambantota",2,5.4,Galle Gladiators,Jaffna Stallions,GSNFG Jayasuriya,PBB Rajapaksa,RAS Lakmal,0,0,,,,,,,,,
1238774,2020/21,2020-12-16,"Mahinda Rajapaksa International Cricket Stadium, Sooriyawewa, Hambantota",2,5.5,Galle Gladiators,Jaffna Stallions,GSNFG Jayasuriya,PBB Rajapaksa,RAS Lakmal,0,0,,,,,,,,,
1238774,2020/21,2020-12-16,"Mahinda Rajapaksa International Cricket Stadium, Sooriyawewa, Hambantota",2,5.6,Galle Gladiators,Jaffna Stallions,GSNFG Jayasuriya,PBB Rajapaksa,RAS Lakmal,0,0,,,,,,,,,
1238774,2020/21,2020-12-16,"Mahinda Rajapaksa International Cricket Stadium, Sooriyawewa, Hambantota",2,6.1,Galle Gladiators,Jaffna Stallions,PBB Rajapaksa,GSNFG Jayasuriya,DM de Silva,0,0,,,,,,,,,
1238774,2020/21,2020-12-16,"Mahinda Rajapaksa International Cricket Stadium, Sooriyawewa, Hambantota",2,6.2,Galle Gladiators,Jaffna Stallions,PBB Rajapaksa,GSNFG Jayasuriya,DM de Silva,0,0,,,,,,,,,
1238774,2020/21,2020-12-16,"Mahinda Rajapaksa International Cricket Stadium, Sooriyawewa, Hambantota",2,6.3,Galle Gladiators,Jaffna Stallions,PBB Rajapaksa,GSNFG Jayasuriya,DM de Silva,6,0,,,,,,,,,
1238774,2020/21,2020-12-16,"Mahinda Rajapaksa International Cricket Stadium, Sooriyawewa, Hambantota",2,6.4,Galle Gladiators,Jaffna Stallions,PBB Rajapaksa,GSNFG Jayasuriya,DM de Silva,6,0,,,,,,,,,
1238774,2020/21,2020-12-16,"Mahinda Rajapaksa International Cricket Stadium, Sooriyawewa, Hambantota",2,6.5,Galle Gladiators,Jaffna Stallions,PBB Rajapaksa,GSNFG Jayasuriya,DM de Silva,0,0,,,,,,,,,
1238774,2020/21,2020-12-16,"Mahinda Rajapaksa International Cricket Stadium, Sooriyawewa, Hambantota",2,6.6,Galle Gladiators,Jaffna Stallions,PBB Rajapaksa,GSNFG Jayasuriya,DM de Silva,1,0,,,,,,,,,
1238774,2020/21,2020-12-16,"Mahinda Rajapaksa International Cricket Stadium, Sooriyawewa, Hambantota",2,7.1,Galle Gladiators,Jaffna Stallions,PBB Rajapaksa,GSNFG Jayasuriya,NLTC Perera,6,0,,,,,,,,,
1238774,2020/21,2020-12-16,"Mahinda Rajapaksa International Cricket Stadium, Sooriyawewa, Hambantota",2,7.2,Galle Gladiators,Jaffna Stallions,PBB Rajapaksa,GSNFG Jayasuriya,NLTC Perera,6,0,,,,,,,,,
1238774,2020/21,2020-12-16,"Mahinda Rajapaksa International Cricket Stadium, Sooriyawewa, Hambantota",2,7.3,Galle Gladiators,Jaffna Stallions,PBB Rajapaksa,GSNFG Jayasuriya,NLTC Perera,1,0,,,,,,,,,
1238774,2020/21,2020-12-16,"Mahinda Rajapaksa International Cricket Stadium, Sooriyawewa, Hambantota",2,7.4,Galle Gladiators,Jaffna Stallions,GSNFG Jayasuriya,PBB Rajapaksa,NLTC Perera,0,0,,,,,,,,,
1238774,2020/21,2020-12-16,"Mahinda Rajapaksa International Cricket Stadium, Sooriyawewa, Hambantota",2,7.5,Galle Gladiators,Jaffna Stallions,GSNFG Jayasuriya,PBB Rajapaksa,NLTC Perera,2,0,,,,,,,,,
1238774,2020/21,2020-12-16,"Mahinda Rajapaksa International Cricket Stadium, Sooriyawewa, Hambantota",2,7.6,Galle Gladiators,Jaffna Stallions,GSNFG Jayasuriya,PBB Rajapaksa,NLTC Perera,0,0,,,,,,,,,
1238774,2020/21,2020-12-16,"Mahinda Rajapaksa International Cricket Stadium, Sooriyawewa, Hambantota",2,8.1,Galle Gladiators,Jaffna Stallions,PBB Rajapaksa,GSNFG Jayasuriya,Shoaib Malik,4,0,,,,,,,,,
1238774,2020/21,2020-12-16,"Mahinda Rajapaksa International Cricket Stadium, Sooriyawewa, Hambantota",2,8.2,Galle Gladiators,Jaffna Stallions,PBB Rajapaksa,GSNFG Jayasuriya,Shoaib Malik,0,0,,,,,,caught,PBB Rajapaksa,,
1238774,2020/21,2020-12-16,"Mahinda Rajapaksa International Cricket Stadium, Sooriyawewa, Hambantota",2,8.3,Galle Gladiators,Jaffna Stallions,Azam Khan,GSNFG Jayasuriya,Shoaib Malik,1,0,,,,,,,,,
1238774,2020/21,2020-12-16,"Mahinda Rajapaksa International Cricket Stadium, Sooriyawewa, Hambantota",2,8.4,Galle Gladiators,Jaffna Stallions,GSNFG Jayasuriya,Azam Khan,Shoaib Malik,1,0,,,,,,,,,
1238774,2020/21,2020-12-16,"Mahinda Rajapaksa International Cricket Stadium, Sooriyawewa, Hambantota",2,8.5,Galle Gladiators,Jaffna Stallions,Azam Khan,GSNFG Jayasuriya,Shoaib Malik,0,0,,,,,,,,,
1238774,2020/21,2020-12-16,"Mahinda Rajapaksa International Cricket Stadium, Sooriyawewa, Hambantota",2,8.6,Galle Gladiators,Jaffna Stallions,Azam Khan,GSNFG Jayasuriya,Shoaib Malik,1,0,,,,,,,,,
1238774,2020/21,2020-12-16,"Mahinda Rajapaksa International Cricket Stadium, Sooriyawewa, Hambantota",2,9.1,Galle Gladiators,Jaffna Stallions,Azam Khan,GSNFG Jayasuriya,Usman Shinwari,0,0,,,,,,,,,
1238774,2020/21,2020-12-16,"Mahinda Rajapaksa International Cricket Stadium, Sooriyawewa, Hambantota",2,9.2,Galle Gladiators,Jaffna Stallions,Azam Khan,GSNFG Jayasuriya,Usman Shinwari,4,0,,,,,,,,,
1238774,2020/21,2020-12-16,"Mahinda Rajapaksa International Cricket Stadium, Sooriyawewa, Hambantota",2,9.3,Galle Gladiators,Jaffna Stallions,Azam Khan,GSNFG Jayasuriya,Usman Shinwari,6,0,,,,,,,,,
1238774,2020/21,2020-12-16,"Mahinda Rajapaksa International Cricket Stadium, Sooriyawewa, Hambantota",2,9.4,Galle Gladiators,Jaffna Stallions,Azam Khan,GSNFG Jayasuriya,Usman Shinwari,1,0,,,,,,,,,
1238774,2020/21,2020-12-16,"Mahinda Rajapaksa International Cricket Stadium, Sooriyawewa, Hambantota",2,9.5,Galle Gladiators,Jaffna Stallions,GSNFG Jayasuriya,Azam Khan,Usman Shinwari,0,0,,,,,,caught,GSNFG Jayasuriya,,
1238774,2020/21,2020-12-16,"Mahinda Rajapaksa International Cricket Stadium, Sooriyawewa, Hambantota",2,9.6,Galle Gladiators,Jaffna Stallions,Azam Khan,D Lakshan,Usman Shinwari,0,0,,,,,,,,,
1238774,2020/21,2020-12-16,"Mahinda Rajapaksa International Cricket Stadium, Sooriyawewa, Hambantota",2,10.1,Galle Gladiators,Jaffna Stallions,D Lakshan,Azam Khan,PWH de Silva,0,0,,,,,,,,,
1238774,2020/21,2020-12-16,"Mahinda Rajapaksa International Cricket Stadium, Sooriyawewa, Hambantota",2,10.2,Galle Gladiators,Jaffna Stallions,D Lakshan,Azam Khan,PWH de Silva,0,0,,,,,,,,,
1238774,2020/21,2020-12-16,"Mahinda Rajapaksa International Cricket Stadium, Sooriyawewa, Hambantota",2,10.3,Galle Gladiators,Jaffna Stallions,D Lakshan,Azam Khan,PWH de Silva,0,0,,,,,,,,,
1238774,2020/21,2020-12-16,"Mahinda Rajapaksa International Cricket Stadium, Sooriyawewa, Hambantota",2,10.4,Galle Gladiators,Jaffna Stallions,D Lakshan,Azam Khan,PWH de Silva,0,0,,,,,,,,,
1238774,2020/21,2020-12-16,"Mahinda Rajapaksa International Cricket Stadium, Sooriyawewa, Hambantota",2,10.5,Galle Gladiators,Jaffna Stallions,D Lakshan,Azam Khan,PWH de Silva,4,0,,,,,,,,,
1238774,2020/21,2020-12-16,"Mahinda Rajapaksa International Cricket Stadium, Sooriyawewa, Hambantota",2,10.6,Galle Gladiators,Jaffna Stallions,D Lakshan,Azam Khan,PWH de Silva,4,0,,,,,,,,,
1238774,2020/21,2020-12-16,"Mahinda Rajapaksa International Cricket Stadium, Sooriyawewa, Hambantota",2,11.1,Galle Gladiators,Jaffna Stallions,Azam Khan,D Lakshan,Usman Shinwari,6,0,,,,,,,,,
1238774,2020/21,2020-12-16,"Mahinda Rajapaksa International Cricket Stadium, Sooriyawewa, Hambantota",2,11.2,Galle Gladiators,Jaffna Stallions,Azam Khan,D Lakshan,Usman Shinwari,1,0,,,,,,,,,
1238774,2020/21,2020-12-16,"Mahinda Rajapaksa International Cricket Stadium, Sooriyawewa, Hambantota",2,11.3,Galle Gladiators,Jaffna Stallions,D Lakshan,Azam Khan,Usman Shinwari,1,0,,,,,,,,,
1238774,2020/21,2020-12-16,"Mahinda Rajapaksa International Cricket Stadium, Sooriyawewa, Hambantota",2,11.4,Galle Gladiators,Jaffna Stallions,Azam Khan,D Lakshan,Usman Shinwari,1,0,,,,,,,,,
1238774,2020/21,2020-12-16,"Mahinda Rajapaksa International Cricket Stadium, Sooriyawewa, Hambantota",2,11.5,Galle Gladiators,Jaffna Stallions,D Lakshan,Azam Khan,Usman Shinwari,0,0,,,,,,,,,
1238774,2020/21,2020-12-16,"Mahinda Rajapaksa International Cricket Stadium, Sooriyawewa, Hambantota",2,11.6,Galle Gladiators,Jaffna Stallions,D Lakshan,Azam Khan,Usman Shinwari,0,0,,,,,,caught,D Lakshan,,
1238774,2020/21,2020-12-16,"Mahinda Rajapaksa International Cricket Stadium, Sooriyawewa, Hambantota",2,12.1,Galle Gladiators,Jaffna Stallions,Azam Khan,SSD Arachchige,PWH de Silva,1,0,,,,,,,,,
1238774,2020/21,2020-12-16,"Mahinda Rajapaksa International Cricket Stadium, Sooriyawewa, Hambantota",2,12.2,Galle Gladiators,Jaffna Stallions,SSD Arachchige,Azam Khan,PWH de Silva,0,0,,,,,,,,,
1238774,2020/21,2020-12-16,"Mahinda Rajapaksa International Cricket Stadium, Sooriyawewa, Hambantota",2,12.3,Galle Gladiators,Jaffna Stallions,SSD Arachchige,Azam Khan,PWH de Silva,0,0,,,,,,,,,
1238774,2020/21,2020-12-16,"Mahinda Rajapaksa International Cricket Stadium, Sooriyawewa, Hambantota",2,12.4,Galle Gladiators,Jaffna Stallions,SSD Arachchige,Azam Khan,PWH de Silva,1,0,,,,,,,,,
1238774,2020/21,2020-12-16,"Mahinda Rajapaksa International Cricket Stadium, Sooriyawewa, Hambantota",2,12.5,Galle Gladiators,Jaffna Stallions,Azam Khan,SSD Arachchige,PWH de Silva,1,0,,,,,,,,,
1238774,2020/21,2020-12-16,"Mahinda Rajapaksa International Cricket Stadium, Sooriyawewa, Hambantota",2,12.6,Galle Gladiators,Jaffna Stallions,SSD Arachchige,Azam Khan,PWH de Silva,0,0,,,,,,,,,
1238774,2020/21,2020-12-16,"Mahinda Rajapaksa International Cricket Stadium, Sooriyawewa, Hambantota",2,13.1,Galle Gladiators,Jaffna Stallions,Azam Khan,SSD Arachchige,D Olivier,1,0,,,,,,,,,
1238774,2020/21,2020-12-16,"Mahinda Rajapaksa International Cricket Stadium, Sooriyawewa, Hambantota",2,13.2,Galle Gladiators,Jaffna Stallions,SSD Arachchige,Azam Khan,D Olivier,1,0,,,,,,,,,
1238774,2020/21,2020-12-16,"Mahinda Rajapaksa International Cricket Stadium, Sooriyawewa, Hambantota",2,13.3,Galle Gladiators,Jaffna Stallions,Azam Khan,SSD Arachchige,D Olivier,6,0,,,,,,,,,
1238774,2020/21,2020-12-16,"Mahinda Rajapaksa International Cricket Stadium, Sooriyawewa, Hambantota",2,13.4,Galle Gladiators,Jaffna Stallions,Azam Khan,SSD Arachchige,D Olivier,6,0,,,,,,,,,
1238774,2020/21,2020-12-16,"Mahinda Rajapaksa International Cricket Stadium, Sooriyawewa, Hambantota",2,13.5,Galle Gladiators,Jaffna Stallions,Azam Khan,SSD Arachchige,D Olivier,0,0,,,,,,caught,Azam Khan,,
1238774,2020/21,2020-12-16,"Mahinda Rajapaksa International Cricket Stadium, Sooriyawewa, Hambantota",2,13.6,Galle Gladiators,Jaffna Stallions,SSD Arachchige,Mohammad Amir,D Olivier,4,0,,,,,,,,,
1238774,2020/21,2020-12-16,"Mahinda Rajapaksa International Cricket Stadium, Sooriyawewa, Hambantota",2,14.1,Galle Gladiators,Jaffna Stallions,Mohammad Amir,SSD Arachchige,PWH de Silva,0,0,,,,,,caught,Mohammad Amir,,
1238774,2020/21,2020-12-16,"Mahinda Rajapaksa International Cricket Stadium, Sooriyawewa, Hambantota",2,14.2,Galle Gladiators,Jaffna Stallions,SSD Arachchige,PADLR Sandakan,PWH de Silva,0,0,,,,,,,,,
1238774,2020/21,2020-12-16,"Mahinda Rajapaksa International Cricket Stadium, Sooriyawewa, Hambantota",2,14.3,Galle Gladiators,Jaffna Stallions,SSD Arachchige,PADLR Sandakan,PWH de Silva,1,0,,,,,,,,,
1238774,2020/21,2020-12-16,"Mahinda Rajapaksa International Cricket Stadium, Sooriyawewa, Hambantota",2,14.4,Galle Gladiators,Jaffna Stallions,PADLR Sandakan,SSD Arachchige,PWH de Silva,0,0,,,,,,,,,
1238774,2020/21,2020-12-16,"Mahinda Rajapaksa International Cricket Stadium, Sooriyawewa, Hambantota",2,14.5,Galle Gladiators,Jaffna Stallions,PADLR Sandakan,SSD Arachchige,PWH de Silva,1,0,,,,,,,,,
1238774,2020/21,2020-12-16,"Mahinda Rajapaksa International Cricket Stadium, Sooriyawewa, Hambantota",2,14.6,Galle Gladiators,Jaffna Stallions,SSD Arachchige,PADLR Sandakan,PWH de Silva,1,0,,,,,,,,,
1238774,2020/21,2020-12-16,"Mahinda Rajapaksa International Cricket Stadium, Sooriyawewa, Hambantota",2,15.1,Galle Gladiators,Jaffna Stallions,SSD Arachchige,PADLR Sandakan,D Olivier,4,0,,,,,,,,,
1238774,2020/21,2020-12-16,"Mahinda Rajapaksa International Cricket Stadium, Sooriyawewa, Hambantota",2,15.2,Galle Gladiators,Jaffna Stallions,SSD Arachchige,PADLR Sandakan,D Olivier,2,0,,,,,,,,,
1238774,2020/21,2020-12-16,"Mahinda Rajapaksa International Cricket Stadium, Sooriyawewa, Hambantota",2,15.3,Galle Gladiators,Jaffna Stallions,SSD Arachchige,PADLR Sandakan,D Olivier,0,0,,,,,,,,,
1238774,2020/21,2020-12-16,"Mahinda Rajapaksa International Cricket Stadium, Sooriyawewa, Hambantota",2,15.4,Galle Gladiators,Jaffna Stallions,SSD Arachchige,PADLR Sandakan,D Olivier,1,0,,,,,,,,,
1238774,2020/21,2020-12-16,"Mahinda Rajapaksa International Cricket Stadium, Sooriyawewa, Hambantota",2,15.5,Galle Gladiators,Jaffna Stallions,PADLR Sandakan,SSD Arachchige,D Olivier,0,0,,,,,,,,,
1238774,2020/21,2020-12-16,"Mahinda Rajapaksa International Cricket Stadium, Sooriyawewa, Hambantota",2,15.6,Galle Gladiators,Jaffna Stallions,PADLR Sandakan,SSD Arachchige,D Olivier,0,0,,,,,,,,,
1238774,2020/21,2020-12-16,"Mahinda Rajapaksa International Cricket Stadium, Sooriyawewa, Hambantota",2,16.1,Galle Gladiators,Jaffna Stallions,SSD Arachchige,PADLR Sandakan,PWH de Silva,0,0,,,,,,,,,
1238774,2020/21,2020-12-16,"Mahinda Rajapaksa International Cricket Stadium, Sooriyawewa, Hambantota",2,16.2,Galle Gladiators,Jaffna Stallions,SSD Arachchige,PADLR Sandakan,PWH de Silva,1,0,,,,,,,,,
1238774,2020/21,2020-12-16,"Mahinda Rajapaksa International Cricket Stadium, Sooriyawewa, Hambantota",2,16.3,Galle Gladiators,Jaffna Stallions,PADLR Sandakan,SSD Arachchige,PWH de Silva,0,0,,,,,,,,,
1238774,2020/21,2020-12-16,"Mahinda Rajapaksa International Cricket Stadium, Sooriyawewa, Hambantota",2,16.4,Galle Gladiators,Jaffna Stallions,PADLR Sandakan,SSD Arachchige,PWH de Silva,1,0,,,,,,,,,
1238774,2020/21,2020-12-16,"Mahinda Rajapaksa International Cricket Stadium, Sooriyawewa, Hambantota",2,16.5,Galle Gladiators,Jaffna Stallions,SSD Arachchige,PADLR Sandakan,PWH de Silva,1,0,,,,,,,,,
1238774,2020/21,2020-12-16,"Mahinda Rajapaksa International Cricket Stadium, Sooriyawewa, Hambantota",2,16.6,Galle Gladiators,Jaffna Stallions,PADLR Sandakan,SSD Arachchige,PWH de Silva,1,0,,,,,,,,,
1238774,2020/21,2020-12-16,"Mahinda Rajapaksa International Cricket Stadium, Sooriyawewa, Hambantota",2,17.1,Galle Gladiators,Jaffna Stallions,PADLR Sandakan,SSD Arachchige,Shoaib Malik,0,0,,,,,,,,,
1238774,2020/21,2020-12-16,"Mahinda Rajapaksa International Cricket Stadium, Sooriyawewa, Hambantota",2,17.2,Galle Gladiators,Jaffna Stallions,PADLR Sandakan,SSD Arachchige,Shoaib Malik,1,1,,1,,,,,,,
1238774,2020/21,2020-12-16,"Mahinda Rajapaksa International Cricket Stadium, Sooriyawewa, Hambantota",2,17.3,Galle Gladiators,Jaffna Stallions,SSD Arachchige,PADLR Sandakan,Shoaib Malik,0,0,,,,,,,,,
1238774,2020/21,2020-12-16,"Mahinda Rajapaksa International Cricket Stadium, Sooriyawewa, Hambantota",2,17.4,Galle Gladiators,Jaffna Stallions,SSD Arachchige,PADLR Sandakan,Shoaib Malik,0,0,,,,,,caught,SSD Arachchige,,
1238774,2020/21,2020-12-16,"Mahinda Rajapaksa International Cricket Stadium, Sooriyawewa, Hambantota",2,17.5,Galle Gladiators,Jaffna Stallions,PADLR Sandakan,N Thushara,Shoaib Malik,0,0,,,,,,,,,
1238774,2020/21,2020-12-16,"Mahinda Rajapaksa International Cricket Stadium, Sooriyawewa, Hambantota",2,17.6,Galle Gladiators,Jaffna Stallions,PADLR Sandakan,N Thushara,Shoaib Malik,2,0,,,,,,,,,
1238774,2020/21,2020-12-16,"Mahinda Rajapaksa International Cricket Stadium, Sooriyawewa, Hambantota",2,17.7,Galle Gladiators,Jaffna Stallions,PADLR Sandakan,N Thushara,Shoaib Malik,1,0,,,,,,,,,
1238774,2020/21,2020-12-16,"Mahinda Rajapaksa International Cricket Stadium, Sooriyawewa, Hambantota",2,18.1,Galle Gladiators,Jaffna Stallions,PADLR Sandakan,N Thushara,PC de Silva,0,0,,,,,,,,,
1238774,2020/21,2020-12-16,"Mahinda Rajapaksa International Cricket Stadium, Sooriyawewa, Hambantota",2,18.2,Galle Gladiators,Jaffna Stallions,PADLR Sandakan,N Thushara,PC de Silva,0,0,,,,,,,,,
1238774,2020/21,2020-12-16,"Mahinda Rajapaksa International Cricket Stadium, Sooriyawewa, Hambantota",2,18.3,Galle Gladiators,Jaffna Stallions,PADLR Sandakan,N Thushara,PC de Silva,0,0,,,,,,,,,
1238774,2020/21,2020-12-16,"Mahinda Rajapaksa International Cricket Stadium, Sooriyawewa, Hambantota",2,18.4,Galle Gladiators,Jaffna Stallions,PADLR Sandakan,N Thushara,PC de Silva,0,0,,,,,,,,,
1238774,2020/21,2020-12-16,"Mahinda Rajapaksa International Cricket Stadium, Sooriyawewa, Hambantota",2,18.5,Galle Gladiators,Jaffna Stallions,PADLR Sandakan,N Thushara,PC de Silva,0,0,,,,,,,,,
1238774,2020/21,2020-12-16,"Mahinda Rajapaksa International Cricket Stadium, Sooriyawewa, Hambantota",2,18.6,Galle Gladiators,Jaffna Stallions,PADLR Sandakan,N Thushara,PC de Silva,1,0,,,,,,,,,
1238774,2020/21,2020-12-16,"Mahinda Rajapaksa International Cricket Stadium, Sooriyawewa, Hambantota",2,19.1,Galle Gladiators,Jaffna Stallions,PADLR Sandakan,N Thushara,Shoaib Malik,0,0,,,,,,,,,
1238774,2020/21,2020-12-16,"Mahinda Rajapaksa International Cricket Stadium, Sooriyawewa, Hambantota",2,19.2,Galle Gladiators,Jaffna Stallions,PADLR Sandakan,N Thushara,Shoaib Malik,0,0,,,,,,,,,
1238774,2020/21,2020-12-16,"Mahinda Rajapaksa International Cricket Stadium, Sooriyawewa, Hambantota",2,19.3,Galle Gladiators,Jaffna Stallions,PADLR Sandakan,N Thushara,Shoaib Malik,0,0,,,,,,,,,
1238774,2020/21,2020-12-16,"Mahinda Rajapaksa International Cricket Stadium, Sooriyawewa, Hambantota",2,19.4,Galle Gladiators,Jaffna Stallions,PADLR Sandakan,N Thushara,Shoaib Malik,0,0,,,,,,,,,
1238774,2020/21,2020-12-16,"Mahinda Rajapaksa International Cricket Stadium, Sooriyawewa, Hambantota",2,19.5,Galle Gladiators,Jaffna Stallions,PADLR Sandakan,N Thushara,Shoaib Malik,0,0,,,,,,,,,
1238774,2020/21,2020-12-16,"Mahinda Rajapaksa International Cricket Stadium, Sooriyawewa, Hambantota",2,19.6,Galle Gladiators,Jaffna Stallions,PADLR Sandakan,N Thushara,Shoaib Malik,1,0,,,,,,,,,
