match_id,season,start_date,venue,innings,ball,batting_team,bowling_team,striker,non_striker,bowler,runs_off_bat,extras,wides,noballs,byes,legbyes,penalty,wicket_type,player_dismissed,other_wicket_type,other_player_dismissed
1291203,2021/22,2021-12-10,"R Premadasa Stadium, Colombo",1,0.1,Jaffna Kings,Colombo Stars,Rahmanullah Gurbaz,WIA Fernando,S Prasanna,0,0,,,,,,caught,Rahmanullah Gurbaz,,
1291203,2021/22,2021-12-10,"R Premadasa Stadium, Colombo",1,0.2,Jaffna Kings,Colombo Stars,T Kohler-Cadmore,WIA Fernando,S Prasanna,0,0,,,,,,,,,
1291203,2021/22,2021-12-10,"R Premadasa Stadium, Colombo",1,0.3,Jaffna Kings,Colombo Stars,T Kohler-Cadmore,WIA Fernando,S Prasanna,0,0,,,,,,,,,
1291203,2021/22,2021-12-10,"R Premadasa Stadium, Colombo",1,0.4,Jaffna Kings,Colombo Stars,T Kohler-Cadmore,WIA Fernando,S Prasanna,2,0,,,,,,,,,
1291203,2021/22,2021-12-10,"R Premadasa Stadium, Colombo",1,0.5,Jaffna Kings,Colombo Stars,T Kohler-Cadmore,WIA Fernando,S Prasanna,4,0,,,,,,,,,
1291203,2021/22,2021-12-10,"R Premadasa Stadium, Colombo",1,0.6,Jaffna Kings,Colombo Stars,T Kohler-Cadmore,WIA Fernando,S Prasanna,0,0,,,,,,,,,
1291203,2021/22,2021-12-10,"R Premadasa Stadium, Colombo",1,1.1,Jaffna Kings,Colombo Stars,WIA Fernando,T Kohler-Cadmore,PVD Chameera,0,0,,,,,,,,,
1291203,2021/22,2021-12-10,"R Premadasa Stadium, Colombo",1,1.2,Jaffna Kings,Colombo Stars,WIA Fernando,T Kohler-Cadmore,PVD Chameera,4,0,,,,,,,,,
1291203,2021/22,2021-12-10,"R Premadasa Stadium, Colombo",1,1.3,Jaffna Kings,Colombo Stars,WIA Fernando,T Kohler-Cadmore,PVD Chameera,0,0,,,,,,,,,
1291203,2021/22,2021-12-10,"R Premadasa Stadium, Colombo",1,1.4,Jaffna Kings,Colombo Stars,WIA Fernando,T Kohler-Cadmore,PVD Chameera,0,0,,,,,,,,,
1291203,2021/22,2021-12-10,"R Premadasa Stadium, Colombo",1,1.5,Jaffna Kings,Colombo Stars,WIA Fernando,T Kohler-Cadmore,PVD Chameera,0,0,,,,,,caught,WIA Fernando,,
1291203,2021/22,2021-12-10,"R Premadasa Stadium, Colombo",1,1.6,Jaffna Kings,Colombo Stars,Shoaib Malik,T Kohler-Cadmore,PVD Chameera,0,0,,,,,,,,,
1291203,2021/22,2021-12-10,"R Premadasa Stadium, Colombo",1,2.1,Jaffna Kings,Colombo Stars,T Kohler-Cadmore,Shoaib Malik,S Prasanna,1,0,,,,,,,,,
1291203,2021/22,2021-12-10,"R Premadasa Stadium, Colombo",1,2.2,Jaffna Kings,Colombo Stars,Shoaib Malik,T Kohler-Cadmore,S Prasanna,1,0,,,,,,,,,
1291203,2021/22,2021-12-10,"R Premadasa Stadium, Colombo",1,2.3,Jaffna Kings,Colombo Stars,T Kohler-Cadmore,Shoaib Malik,S Prasanna,0,3,3,,,,,,,,
1291203,2021/22,2021-12-10,"R Premadasa Stadium, Colombo",1,2.4,Jaffna Kings,Colombo Stars,T Kohler-Cadmore,Shoaib Malik,S Prasanna,1,0,,,,,,,,,
1291203,2021/22,2021-12-10,"R Premadasa Stadium, Colombo",1,2.5,Jaffna Kings,Colombo Stars,Shoaib Malik,T Kohler-Cadmore,S Prasanna,4,0,,,,,,,,,
1291203,2021/22,2021-12-10,"R Premadasa Stadium, Colombo",1,2.6,Jaffna Kings,Colombo Stars,Shoaib Malik,T Kohler-Cadmore,S Prasanna,1,0,,,,,,,,,
1291203,2021/22,2021-12-10,"R Premadasa Stadium, Colombo",1,2.7,Jaffna Kings,Colombo Stars,T Kohler-Cadmore,Shoaib Malik,S Prasanna,4,0,,,,,,,,,
1291203,2021/22,2021-12-10,"R Premadasa Stadium, Colombo",1,3.1,Jaffna Kings,Colombo Stars,Shoaib Malik,T Kohler-Cadmore,KMA Paul,1,0,,,,,,,,,
1291203,2021/22,2021-12-10,"R Premadasa Stadium, Colombo",1,3.2,Jaffna Kings,Colombo Stars,T Kohler-Cadmore,Shoaib Malik,KMA Paul,4,0,,,,,,,,,
1291203,2021/22,2021-12-10,"R Premadasa Stadium, Colombo",1,3.3,Jaffna Kings,Colombo Stars,T Kohler-Cadmore,Shoaib Malik,KMA Paul,1,0,,,,,,,,,
1291203,2021/22,2021-12-10,"R Premadasa Stadium, Colombo",1,3.4,Jaffna Kings,Colombo Stars,Shoaib Malik,T Kohler-Cadmore,KMA Paul,4,0,,,,,,,,,
1291203,2021/22,2021-12-10,"R Premadasa Stadium, Colombo",1,3.5,Jaffna Kings,Colombo Stars,Shoaib Malik,T Kohler-Cadmore,KMA Paul,2,0,,,,,,,,,
1291203,2021/22,2021-12-10,"R Premadasa Stadium, Colombo",1,3.6,Jaffna Kings,Colombo Stars,Shoaib Malik,T Kohler-Cadmore,KMA Paul,4,0,,,,,,,,,
1291203,2021/22,2021-12-10,"R Premadasa Stadium, Colombo",1,4.1,Jaffna Kings,Colombo Stars,T Kohler-Cadmore,Shoaib Malik,Naveen-ul-Haq,0,1,,,,1,,,,,
1291203,2021/22,2021-12-10,"R Premadasa Stadium, Colombo",1,4.2,Jaffna Kings,Colombo Stars,Shoaib Malik,T Kohler-Cadmore,Naveen-ul-Haq,0,0,,,,,,,,,
1291203,2021/22,2021-12-10,"R Premadasa Stadium, Colombo",1,4.3,Jaffna Kings,Colombo Stars,Shoaib Malik,T Kohler-Cadmore,Naveen-ul-Haq,1,0,,,,,,,,,
1291203,2021/22,2021-12-10,"R Premadasa Stadium, Colombo",1,4.4,Jaffna Kings,Colombo Stars,T Kohler-Cadmore,Shoaib Malik,Naveen-ul-Haq,0,0,,,,,,,,,
1291203,2021/22,2021-12-10,"R Premadasa Stadium, Colombo",1,4.5,Jaffna Kings,Colombo Stars,T Kohler-Cadmore,Shoaib Malik,Naveen-ul-Haq,6,0,,,,,,,,,
1291203,2021/22,2021-12-10,"R Premadasa Stadium, Colombo",1,4.6,Jaffna Kings,Colombo Stars,T Kohler-Cadmore,Shoaib Malik,Naveen-ul-Haq,0,0,,,,,,,,,
1291203,2021/22,2021-12-10,"R Premadasa Stadium, Colombo",1,5.1,Jaffna Kings,Colombo Stars,Shoaib Malik,T Kohler-Cadmore,ST de Silva,1,0,,,,,,,,,
1291203,2021/22,2021-12-10,"R Premadasa Stadium, Colombo",1,5.2,Jaffna Kings,Colombo Stars,T Kohler-Cadmore,Shoaib Malik,ST de Silva,1,0,,,,,,,,,
1291203,2021/22,2021-12-10,"R Premadasa Stadium, Colombo",1,5.3,Jaffna Kings,Colombo Stars,Shoaib Malik,T Kohler-Cadmore,ST de Silva,1,0,,,,,,,,,
1291203,2021/22,2021-12-10,"R Premadasa Stadium, Colombo",1,5.4,Jaffna Kings,Colombo Stars,T Kohler-Cadmore,Shoaib Malik,ST de Silva,2,0,,,,,,,,,
1291203,2021/22,2021-12-10,"R Premadasa Stadium, Colombo",1,5.5,Jaffna Kings,Colombo Stars,T Kohler-Cadmore,Shoaib Malik,ST de Silva,6,0,,,,,,,,,
1291203,2021/22,2021-12-10,"R Premadasa Stadium, Colombo",1,5.6,Jaffna Kings,Colombo Stars,T Kohler-Cadmore,Shoaib Malik,ST de Silva,2,1,,1,,,,,,,
1291203,2021/22,2021-12-10,"R Premadasa Stadium, Colombo",1,5.7,Jaffna Kings,Colombo Stars,T Kohler-Cadmore,Shoaib Malik,ST de Silva,6,0,,,,,,,,,
1291203,2021/22,2021-12-10,"R Premadasa Stadium, Colombo",1,6.1,Jaffna Kings,Colombo Stars,Shoaib Malik,T Kohler-Cadmore,S Prasanna,1,0,,,,,,,,,
1291203,2021/22,2021-12-10,"R Premadasa Stadium, Colombo",1,6.2,Jaffna Kings,Colombo Stars,T Kohler-Cadmore,Shoaib Malik,S Prasanna,0,0,,,,,,,,,
1291203,2021/22,2021-12-10,"R Premadasa Stadium, Colombo",1,6.3,Jaffna Kings,Colombo Stars,T Kohler-Cadmore,Shoaib Malik,S Prasanna,0,0,,,,,,caught and bowled,T Kohler-Cadmore,,
1291203,2021/22,2021-12-10,"R Premadasa Stadium, Colombo",1,6.4,Jaffna Kings,Colombo Stars,KNA Bandara,Shoaib Malik,S Prasanna,0,0,,,,,,,,,
1291203,2021/22,2021-12-10,"R Premadasa Stadium, Colombo",1,6.5,Jaffna Kings,Colombo Stars,KNA Bandara,Shoaib Malik,S Prasanna,0,0,,,,,,,,,
1291203,2021/22,2021-12-10,"R Premadasa Stadium, Colombo",1,6.6,Jaffna Kings,Colombo Stars,KNA Bandara,Shoaib Malik,S Prasanna,1,0,,,,,,,,,
1291203,2021/22,2021-12-10,"R Premadasa Stadium, Colombo",1,7.1,Jaffna Kings,Colombo Stars,KNA Bandara,Shoaib Malik,KMA Paul,0,0,,,,,,,,,
1291203,2021/22,2021-12-10,"R Premadasa Stadium, Colombo",1,7.2,Jaffna Kings,Colombo Stars,KNA Bandara,Shoaib Malik,KMA Paul,0,0,,,,,,,,,
1291203,2021/22,2021-12-10,"R Premadasa Stadium, Colombo",1,7.3,Jaffna Kings,Colombo Stars,KNA Bandara,Shoaib Malik,KMA Paul,0,0,,,,,,,,,
1291203,2021/22,2021-12-10,"R Premadasa Stadium, Colombo",1,7.4,Jaffna Kings,Colombo Stars,KNA Bandara,Shoaib Malik,KMA Paul,1,0,,,,,,,,,
1291203,2021/22,2021-12-10,"R Premadasa Stadium, Colombo",1,7.5,Jaffna Kings,Colombo Stars,Shoaib Malik,KNA Bandara,KMA Paul,0,0,,,,,,,,,
1291203,2021/22,2021-12-10,"R Premadasa Stadium, Colombo",1,7.6,Jaffna Kings,Colombo Stars,Shoaib Malik,KNA Bandara,KMA Paul,6,0,,,,,,,,,
1291203,2021/22,2021-12-10,"R Premadasa Stadium, Colombo",1,8.1,Jaffna Kings,Colombo Stars,KNA Bandara,Shoaib Malik,Naveen-ul-Haq,1,0,,,,,,,,,
1291203,2021/22,2021-12-10,"R Premadasa Stadium, Colombo",1,8.2,Jaffna Kings,Colombo Stars,Shoaib Malik,KNA Bandara,Naveen-ul-Haq,1,0,,,,,,,,,
1291203,2021/22,2021-12-10,"R Premadasa Stadium, Colombo",1,8.3,Jaffna Kings,Colombo Stars,KNA Bandara,Shoaib Malik,Naveen-ul-Haq,4,0,,,,,,,,,
1291203,2021/22,2021-12-10,"R Premadasa Stadium, Colombo",1,8.4,Jaffna Kings,Colombo Stars,KNA Bandara,Shoaib Malik,Naveen-ul-Haq,1,0,,,,,,,,,
1291203,2021/22,2021-12-10,"R Premadasa Stadium, Colombo",1,8.5,Jaffna Kings,Colombo Stars,Shoaib Malik,KNA Bandara,Naveen-ul-Haq,2,0,,,,,,,,,
1291203,2021/22,2021-12-10,"R Premadasa Stadium, Colombo",1,8.6,Jaffna Kings,Colombo Stars,Shoaib Malik,KNA Bandara,Naveen-ul-Haq,1,0,,,,,,,,,
1291203,2021/22,2021-12-10,"R Premadasa Stadium, Colombo",1,9.1,Jaffna Kings,Colombo Stars,Shoaib Malik,KNA Bandara,KMA Paul,1,0,,,,,,,,,
1291203,2021/22,2021-12-10,"R Premadasa Stadium, Colombo",1,9.2,Jaffna Kings,Colombo Stars,KNA Bandara,Shoaib Malik,KMA Paul,1,0,,,,,,,,,
1291203,2021/22,2021-12-10,"R Premadasa Stadium, Colombo",1,9.3,Jaffna Kings,Colombo Stars,Shoaib Malik,KNA Bandara,KMA Paul,4,0,,,,,,,,,
1291203,2021/22,2021-12-10,"R Premadasa Stadium, Colombo",1,9.4,Jaffna Kings,Colombo Stars,Shoaib Malik,KNA Bandara,KMA Paul,6,0,,,,,,,,,
1291203,2021/22,2021-12-10,"R Premadasa Stadium, Colombo",1,9.5,Jaffna Kings,Colombo Stars,Shoaib Malik,KNA Bandara,KMA Paul,1,0,,,,,,,,,
1291203,2021/22,2021-12-10,"R Premadasa Stadium, Colombo",1,9.6,Jaffna Kings,Colombo Stars,KNA Bandara,Shoaib Malik,KMA Paul,5,0,,,,,,,,,
1291203,2021/22,2021-12-10,"R Premadasa Stadium, Colombo",1,10.1,Jaffna Kings,Colombo Stars,KNA Bandara,Shoaib Malik,S Prasanna,1,0,,,,,,,,,
1291203,2021/22,2021-12-10,"R Premadasa Stadium, Colombo",1,10.2,Jaffna Kings,Colombo Stars,Shoaib Malik,KNA Bandara,S Prasanna,0,2,2,,,,,,,,
1291203,2021/22,2021-12-10,"R Premadasa Stadium, Colombo",1,10.3,Jaffna Kings,Colombo Stars,KNA Bandara,Shoaib Malik,S Prasanna,2,0,,,,,,,,,
1291203,2021/22,2021-12-10,"R Premadasa Stadium, Colombo",1,10.4,Jaffna Kings,Colombo Stars,KNA Bandara,Shoaib Malik,S Prasanna,1,0,,,,,,,,,
1291203,2021/22,2021-12-10,"R Premadasa Stadium, Colombo",1,10.5,Jaffna Kings,Colombo Stars,Shoaib Malik,KNA Bandara,S Prasanna,1,0,,,,,,,,,
1291203,2021/22,2021-12-10,"R Premadasa Stadium, Colombo",1,10.6,Jaffna Kings,Colombo Stars,KNA Bandara,Shoaib Malik,S Prasanna,1,0,,,,,,,,,
1291203,2021/22,2021-12-10,"R Premadasa Stadium, Colombo",1,10.7,Jaffna Kings,Colombo Stars,Shoaib Malik,KNA Bandara,S Prasanna,0,0,,,,,,caught,Shoaib Malik,,
1291203,2021/22,2021-12-10,"R Premadasa Stadium, Colombo",1,11.1,Jaffna Kings,Colombo Stars,KNA Bandara,NLTC Perera,PVD Chameera,0,0,,,,,,,,,
1291203,2021/22,2021-12-10,"R Premadasa Stadium, Colombo",1,11.2,Jaffna Kings,Colombo Stars,KNA Bandara,NLTC Perera,PVD Chameera,1,0,,,,,,,,,
1291203,2021/22,2021-12-10,"R Premadasa Stadium, Colombo",1,11.3,Jaffna Kings,Colombo Stars,NLTC Perera,KNA Bandara,PVD Chameera,4,0,,,,,,,,,
1291203,2021/22,2021-12-10,"R Premadasa Stadium, Colombo",1,11.4,Jaffna Kings,Colombo Stars,NLTC Perera,KNA Bandara,PVD Chameera,1,0,,,,,,,,,
1291203,2021/22,2021-12-10,"R Premadasa Stadium, Colombo",1,11.5,Jaffna Kings,Colombo Stars,KNA Bandara,NLTC Perera,PVD Chameera,2,0,,,,,,,,,
1291203,2021/22,2021-12-10,"R Premadasa Stadium, Colombo",1,11.6,Jaffna Kings,Colombo Stars,KNA Bandara,NLTC Perera,PVD Chameera,0,0,,,,,,,,,
1291203,2021/22,2021-12-10,"R Premadasa Stadium, Colombo",1,12.1,Jaffna Kings,Colombo Stars,NLTC Perera,KNA Bandara,SMA Priyanjan,0,1,1,,,,,,,,
1291203,2021/22,2021-12-10,"R Premadasa Stadium, Colombo",1,12.2,Jaffna Kings,Colombo Stars,NLTC Perera,KNA Bandara,SMA Priyanjan,1,0,,,,,,,,,
1291203,2021/22,2021-12-10,"R Premadasa Stadium, Colombo",1,12.3,Jaffna Kings,Colombo Stars,KNA Bandara,NLTC Perera,SMA Priyanjan,1,0,,,,,,,,,
1291203,2021/22,2021-12-10,"R Premadasa Stadium, Colombo",1,12.4,Jaffna Kings,Colombo Stars,NLTC Perera,KNA Bandara,SMA Priyanjan,2,0,,,,,,,,,
1291203,2021/22,2021-12-10,"R Premadasa Stadium, Colombo",1,12.5,Jaffna Kings,Colombo Stars,NLTC Perera,KNA Bandara,SMA Priyanjan,2,0,,,,,,,,,
1291203,2021/22,2021-12-10,"R Premadasa Stadium, Colombo",1,12.6,Jaffna Kings,Colombo Stars,NLTC Perera,KNA Bandara,SMA Priyanjan,0,0,,,,,,,,,
1291203,2021/22,2021-12-10,"R Premadasa Stadium, Colombo",1,12.7,Jaffna Kings,Colombo Stars,NLTC Perera,KNA Bandara,SMA Priyanjan,0,0,,,,,,,,,
1291203,2021/22,2021-12-10,"R Premadasa Stadium, Colombo",1,13.1,Jaffna Kings,Colombo Stars,KNA Bandara,NLTC Perera,Naveen-ul-Haq,0,0,,,,,,,,,
1291203,2021/22,2021-12-10,"R Premadasa Stadium, Colombo",1,13.2,Jaffna Kings,Colombo Stars,KNA Bandara,NLTC Perera,Naveen-ul-Haq,0,1,1,,,,,,,,
1291203,2021/22,2021-12-10,"R Premadasa Stadium, Colombo",1,13.3,Jaffna Kings,Colombo Stars,KNA Bandara,NLTC Perera,Naveen-ul-Haq,1,0,,,,,,,,,
1291203,2021/22,2021-12-10,"R Premadasa Stadium, Colombo",1,13.4,Jaffna Kings,Colombo Stars,NLTC Perera,KNA Bandara,Naveen-ul-Haq,2,0,,,,,,,,,
1291203,2021/22,2021-12-10,"R Premadasa Stadium, Colombo",1,13.5,Jaffna Kings,Colombo Stars,NLTC Perera,KNA Bandara,Naveen-ul-Haq,1,0,,,,,,,,,
1291203,2021/22,2021-12-10,"R Premadasa Stadium, Colombo",1,13.6,Jaffna Kings,Colombo Stars,KNA Bandara,NLTC Perera,Naveen-ul-Haq,2,0,,,,,,,,,
1291203,2021/22,2021-12-10,"R Premadasa Stadium, Colombo",1,13.7,Jaffna Kings,Colombo Stars,KNA Bandara,NLTC Perera,Naveen-ul-Haq,1,0,,,,,,,,,
1291203,2021/22,2021-12-10,"R Premadasa Stadium, Colombo",1,14.1,Jaffna Kings,Colombo Stars,KNA Bandara,NLTC Perera,SMA Priyanjan,6,0,,,,,,,,,
1291203,2021/22,2021-12-10,"R Premadasa Stadium, Colombo",1,14.2,Jaffna Kings,Colombo Stars,KNA Bandara,NLTC Perera,SMA Priyanjan,4,0,,,,,,,,,
1291203,2021/22,2021-12-10,"R Premadasa Stadium, Colombo",1,14.3,Jaffna Kings,Colombo Stars,KNA Bandara,NLTC Perera,SMA Priyanjan,1,0,,,,,,,,,
1291203,2021/22,2021-12-10,"R Premadasa Stadium, Colombo",1,14.4,Jaffna Kings,Colombo Stars,NLTC Perera,KNA Bandara,SMA Priyanjan,1,0,,,,,,,,,
1291203,2021/22,2021-12-10,"R Premadasa Stadium, Colombo",1,14.5,Jaffna Kings,Colombo Stars,KNA Bandara,NLTC Perera,SMA Priyanjan,4,0,,,,,,,,,
1291203,2021/22,2021-12-10,"R Premadasa Stadium, Colombo",1,14.6,Jaffna Kings,Colombo Stars,KNA Bandara,NLTC Perera,SMA Priyanjan,0,0,,,,,,caught,KNA Bandara,,
1291203,2021/22,2021-12-10,"R Premadasa Stadium, Colombo",1,15.1,Jaffna Kings,Colombo Stars,NLTC Perera,PWH de Silva,PVD Chameera,4,0,,,,,,,,,
1291203,2021/22,2021-12-10,"R Premadasa Stadium, Colombo",1,15.2,Jaffna Kings,Colombo Stars,NLTC Perera,PWH de Silva,PVD Chameera,0,1,1,,,,,,,,
1291203,2021/22,2021-12-10,"R Premadasa Stadium, Colombo",1,15.3,Jaffna Kings,Colombo Stars,NLTC Perera,PWH de Silva,PVD Chameera,0,0,,,,,,,,,
1291203,2021/22,2021-12-10,"R Premadasa Stadium, Colombo",1,15.4,Jaffna Kings,Colombo Stars,NLTC Perera,PWH de Silva,PVD Chameera,6,0,,,,,,,,,
1291203,2021/22,2021-12-10,"R Premadasa Stadium, Colombo",1,15.5,Jaffna Kings,Colombo Stars,NLTC Perera,PWH de Silva,PVD Chameera,0,0,,,,,,,,,
1291203,2021/22,2021-12-10,"R Premadasa Stadium, Colombo",1,15.6,Jaffna Kings,Colombo Stars,NLTC Perera,PWH de Silva,PVD Chameera,6,0,,,,,,,,,
1291203,2021/22,2021-12-10,"R Premadasa Stadium, Colombo",1,15.7,Jaffna Kings,Colombo Stars,NLTC Perera,PWH de Silva,PVD Chameera,6,0,,,,,,,,,
1291203,2021/22,2021-12-10,"R Premadasa Stadium, Colombo",1,16.1,Jaffna Kings,Colombo Stars,PWH de Silva,NLTC Perera,Naveen-ul-Haq,1,0,,,,,,,,,
1291203,2021/22,2021-12-10,"R Premadasa Stadium, Colombo",1,16.2,Jaffna Kings,Colombo Stars,NLTC Perera,PWH de Silva,Naveen-ul-Haq,0,1,1,,,,,,,,
1291203,2021/22,2021-12-10,"R Premadasa Stadium, Colombo",1,16.3,Jaffna Kings,Colombo Stars,NLTC Perera,PWH de Silva,Naveen-ul-Haq,1,0,,,,,,,,,
1291203,2021/22,2021-12-10,"R Premadasa Stadium, Colombo",1,16.4,Jaffna Kings,Colombo Stars,PWH de Silva,NLTC Perera,Naveen-ul-Haq,1,0,,,,,,,,,
1291203,2021/22,2021-12-10,"R Premadasa Stadium, Colombo",1,16.5,Jaffna Kings,Colombo Stars,NLTC Perera,PWH de Silva,Naveen-ul-Haq,6,0,,,,,,,,,
1291203,2021/22,2021-12-10,"R Premadasa Stadium, Colombo",1,16.6,Jaffna Kings,Colombo Stars,NLTC Perera,PWH de Silva,Naveen-ul-Haq,1,0,,,,,,,,,
1291203,2021/22,2021-12-10,"R Premadasa Stadium, Colombo",1,16.7,Jaffna Kings,Colombo Stars,PWH de Silva,NLTC Perera,Naveen-ul-Haq,0,0,,,,,,caught,PWH de Silva,,
1291203,2021/22,2021-12-10,"R Premadasa Stadium, Colombo",1,17.1,Jaffna Kings,Colombo Stars,NLTC Perera,PC de Silva,PVD Chameera,6,0,,,,,,,,,
1291203,2021/22,2021-12-10,"R Premadasa Stadium, Colombo",1,17.2,Jaffna Kings,Colombo Stars,NLTC Perera,PC de Silva,PVD Chameera,4,0,,,,,,,,,
1291203,2021/22,2021-12-10,"R Premadasa Stadium, Colombo",1,17.3,Jaffna Kings,Colombo Stars,NLTC Perera,PC de Silva,PVD Chameera,2,0,,,,,,,,,
1291203,2021/22,2021-12-10,"R Premadasa Stadium, Colombo",1,17.4,Jaffna Kings,Colombo Stars,NLTC Perera,PC de Silva,PVD Chameera,1,0,,,,,,,,,
1291203,2021/22,2021-12-10,"R Premadasa Stadium, Colombo",1,17.5,Jaffna Kings,Colombo Stars,PC de Silva,NLTC Perera,PVD Chameera,0,1,,,1,,,,,,
1291203,2021/22,2021-12-10,"R Premadasa Stadium, Colombo",1,17.6,Jaffna Kings,Colombo Stars,NLTC Perera,PC de Silva,PVD Chameera,0,2,2,,,,,,,,
1291203,2021/22,2021-12-10,"R Premadasa Stadium, Colombo",1,17.7,Jaffna Kings,Colombo Stars,PC de Silva,NLTC Perera,PVD Chameera,4,0,,,,,,,,,
1291203,2021/22,2021-12-10,"R Premadasa Stadium, Colombo",2,0.1,Colombo Stars,Jaffna Kings,MDKJ Perera,T Banton,M Theekshana,0,0,,,,,,,,,
1291203,2021/22,2021-12-10,"R Premadasa Stadium, Colombo",2,0.2,Colombo Stars,Jaffna Kings,MDKJ Perera,T Banton,M Theekshana,0,0,,,,,,caught,MDKJ Perera,,
1291203,2021/22,2021-12-10,"R Premadasa Stadium, Colombo",2,0.3,Colombo Stars,Jaffna Kings,T Banton,SE Rutherford,M Theekshana,0,0,,,,,,,,,
1291203,2021/22,2021-12-10,"R Premadasa Stadium, Colombo",2,0.4,Colombo Stars,Jaffna Kings,T Banton,SE Rutherford,M Theekshana,0,0,,,,,,,,,
1291203,2021/22,2021-12-10,"R Premadasa Stadium, Colombo",2,0.5,Colombo Stars,Jaffna Kings,T Banton,SE Rutherford,M Theekshana,1,0,,,,,,,,,
1291203,2021/22,2021-12-10,"R Premadasa Stadium, Colombo",2,0.6,Colombo Stars,Jaffna Kings,SE Rutherford,T Banton,M Theekshana,0,0,,,,,,,,,
1291203,2021/22,2021-12-10,"R Premadasa Stadium, Colombo",2,1.1,Colombo Stars,Jaffna Kings,T Banton,SE Rutherford,RAS Lakmal,0,0,,,,,,,,,
1291203,2021/22,2021-12-10,"R Premadasa Stadium, Colombo",2,1.2,Colombo Stars,Jaffna Kings,T Banton,SE Rutherford,RAS Lakmal,4,0,,,,,,,,,
1291203,2021/22,2021-12-10,"R Premadasa Stadium, Colombo",2,1.3,Colombo Stars,Jaffna Kings,T Banton,SE Rutherford,RAS Lakmal,3,0,,,,,,,,,
1291203,2021/22,2021-12-10,"R Premadasa Stadium, Colombo",2,1.4,Colombo Stars,Jaffna Kings,SE Rutherford,T Banton,RAS Lakmal,4,0,,,,,,,,,
1291203,2021/22,2021-12-10,"R Premadasa Stadium, Colombo",2,1.5,Colombo Stars,Jaffna Kings,SE Rutherford,T Banton,RAS Lakmal,0,0,,,,,,,,,
1291203,2021/22,2021-12-10,"R Premadasa Stadium, Colombo",2,1.6,Colombo Stars,Jaffna Kings,SE Rutherford,T Banton,RAS Lakmal,4,0,,,,,,,,,
1291203,2021/22,2021-12-10,"R Premadasa Stadium, Colombo",2,2.1,Colombo Stars,Jaffna Kings,T Banton,SE Rutherford,M Theekshana,6,0,,,,,,,,,
1291203,2021/22,2021-12-10,"R Premadasa Stadium, Colombo",2,2.2,Colombo Stars,Jaffna Kings,T Banton,SE Rutherford,M Theekshana,4,0,,,,,,,,,
1291203,2021/22,2021-12-10,"R Premadasa Stadium, Colombo",2,2.3,Colombo Stars,Jaffna Kings,T Banton,SE Rutherford,M Theekshana,0,0,,,,,,caught,T Banton,,
1291203,2021/22,2021-12-10,"R Premadasa Stadium, Colombo",2,2.4,Colombo Stars,Jaffna Kings,SMA Priyanjan,SE Rutherford,M Theekshana,0,1,1,,,,,,,,
1291203,2021/22,2021-12-10,"R Premadasa Stadium, Colombo",2,2.5,Colombo Stars,Jaffna Kings,SMA Priyanjan,SE Rutherford,M Theekshana,2,0,,,,,,,,,
1291203,2021/22,2021-12-10,"R Premadasa Stadium, Colombo",2,2.6,Colombo Stars,Jaffna Kings,SMA Priyanjan,SE Rutherford,M Theekshana,0,0,,,,,,,,,
1291203,2021/22,2021-12-10,"R Premadasa Stadium, Colombo",2,2.7,Colombo Stars,Jaffna Kings,SMA Priyanjan,SE Rutherford,M Theekshana,0,0,,,,,,,,,
1291203,2021/22,2021-12-10,"R Premadasa Stadium, Colombo",2,3.1,Colombo Stars,Jaffna Kings,SE Rutherford,SMA Priyanjan,Wahab Riaz,2,0,,,,,,,,,
1291203,2021/22,2021-12-10,"R Premadasa Stadium, Colombo",2,3.2,Colombo Stars,Jaffna Kings,SE Rutherford,SMA Priyanjan,Wahab Riaz,0,0,,,,,,,,,
1291203,2021/22,2021-12-10,"R Premadasa Stadium, Colombo",2,3.3,Colombo Stars,Jaffna Kings,SE Rutherford,SMA Priyanjan,Wahab Riaz,0,0,,,,,,caught,SE Rutherford,,
1291203,2021/22,2021-12-10,"R Premadasa Stadium, Colombo",2,3.4,Colombo Stars,Jaffna Kings,ST de Silva,SMA Priyanjan,Wahab Riaz,0,0,,,,,,caught,ST de Silva,,
1291203,2021/22,2021-12-10,"R Premadasa Stadium, Colombo",2,3.5,Colombo Stars,Jaffna Kings,DM de Silva,SMA Priyanjan,Wahab Riaz,0,0,,,,,,,,,
1291203,2021/22,2021-12-10,"R Premadasa Stadium, Colombo",2,3.6,Colombo Stars,Jaffna Kings,DM de Silva,SMA Priyanjan,Wahab Riaz,1,0,,,,,,,,,
1291203,2021/22,2021-12-10,"R Premadasa Stadium, Colombo",2,4.1,Colombo Stars,Jaffna Kings,DM de Silva,SMA Priyanjan,PWH de Silva,0,0,,,,,,,,,
1291203,2021/22,2021-12-10,"R Premadasa Stadium, Colombo",2,4.2,Colombo Stars,Jaffna Kings,DM de Silva,SMA Priyanjan,PWH de Silva,0,0,,,,,,caught,DM de Silva,,
1291203,2021/22,2021-12-10,"R Premadasa Stadium, Colombo",2,4.3,Colombo Stars,Jaffna Kings,LD Chandimal,SMA Priyanjan,PWH de Silva,2,0,,,,,,,,,
1291203,2021/22,2021-12-10,"R Premadasa Stadium, Colombo",2,4.4,Colombo Stars,Jaffna Kings,LD Chandimal,SMA Priyanjan,PWH de Silva,0,0,,,,,,,,,
1291203,2021/22,2021-12-10,"R Premadasa Stadium, Colombo",2,4.5,Colombo Stars,Jaffna Kings,LD Chandimal,SMA Priyanjan,PWH de Silva,0,0,,,,,,,,,
1291203,2021/22,2021-12-10,"R Premadasa Stadium, Colombo",2,4.6,Colombo Stars,Jaffna Kings,LD Chandimal,SMA Priyanjan,PWH de Silva,0,0,,,,,,,,,
1291203,2021/22,2021-12-10,"R Premadasa Stadium, Colombo",2,5.1,Colombo Stars,Jaffna Kings,SMA Priyanjan,LD Chandimal,Wahab Riaz,1,0,,,,,,,,,
1291203,2021/22,2021-12-10,"R Premadasa Stadium, Colombo",2,5.2,Colombo Stars,Jaffna Kings,LD Chandimal,SMA Priyanjan,Wahab Riaz,1,0,,,,,,,,,
1291203,2021/22,2021-12-10,"R Premadasa Stadium, Colombo",2,5.3,Colombo Stars,Jaffna Kings,SMA Priyanjan,LD Chandimal,Wahab Riaz,1,0,,,,,,,,,
1291203,2021/22,2021-12-10,"R Premadasa Stadium, Colombo",2,5.4,Colombo Stars,Jaffna Kings,LD Chandimal,SMA Priyanjan,Wahab Riaz,4,0,,,,,,,,,
1291203,2021/22,2021-12-10,"R Premadasa Stadium, Colombo",2,5.5,Colombo Stars,Jaffna Kings,LD Chandimal,SMA Priyanjan,Wahab Riaz,0,1,1,,,,,,,,
1291203,2021/22,2021-12-10,"R Premadasa Stadium, Colombo",2,5.6,Colombo Stars,Jaffna Kings,LD Chandimal,SMA Priyanjan,Wahab Riaz,1,0,,,,,,,,,
1291203,2021/22,2021-12-10,"R Premadasa Stadium, Colombo",2,5.7,Colombo Stars,Jaffna Kings,SMA Priyanjan,LD Chandimal,Wahab Riaz,4,0,,,,,,,,,
1291203,2021/22,2021-12-10,"R Premadasa Stadium, Colombo",2,6.1,Colombo Stars,Jaffna Kings,LD Chandimal,SMA Priyanjan,PWH de Silva,1,0,,,,,,,,,
1291203,2021/22,2021-12-10,"R Premadasa Stadium, Colombo",2,6.2,Colombo Stars,Jaffna Kings,SMA Priyanjan,LD Chandimal,PWH de Silva,1,0,,,,,,,,,
1291203,2021/22,2021-12-10,"R Premadasa Stadium, Colombo",2,6.3,Colombo Stars,Jaffna Kings,LD Chandimal,SMA Priyanjan,PWH de Silva,1,0,,,,,,,,,
1291203,2021/22,2021-12-10,"R Premadasa Stadium, Colombo",2,6.4,Colombo Stars,Jaffna Kings,SMA Priyanjan,LD Chandimal,PWH de Silva,2,0,,,,,,,,,
1291203,2021/22,2021-12-10,"R Premadasa Stadium, Colombo",2,6.5,Colombo Stars,Jaffna Kings,SMA Priyanjan,LD Chandimal,PWH de Silva,0,0,,,,,,,,,
1291203,2021/22,2021-12-10,"R Premadasa Stadium, Colombo",2,6.6,Colombo Stars,Jaffna Kings,SMA Priyanjan,LD Chandimal,PWH de Silva,4,0,,,,,,,,,
1291203,2021/22,2021-12-10,"R Premadasa Stadium, Colombo",2,7.1,Colombo Stars,Jaffna Kings,LD Chandimal,SMA Priyanjan,RAS Lakmal,1,0,,,,,,,,,
1291203,2021/22,2021-12-10,"R Premadasa Stadium, Colombo",2,7.2,Colombo Stars,Jaffna Kings,SMA Priyanjan,LD Chandimal,RAS Lakmal,1,0,,,,,,,,,
1291203,2021/22,2021-12-10,"R Premadasa Stadium, Colombo",2,7.3,Colombo Stars,Jaffna Kings,LD Chandimal,SMA Priyanjan,RAS Lakmal,6,0,,,,,,,,,
1291203,2021/22,2021-12-10,"R Premadasa Stadium, Colombo",2,7.4,Colombo Stars,Jaffna Kings,LD Chandimal,SMA Priyanjan,RAS Lakmal,1,0,,,,,,,,,
1291203,2021/22,2021-12-10,"R Premadasa Stadium, Colombo",2,7.5,Colombo Stars,Jaffna Kings,SMA Priyanjan,LD Chandimal,RAS Lakmal,1,0,,,,,,,,,
1291203,2021/22,2021-12-10,"R Premadasa Stadium, Colombo",2,7.6,Colombo Stars,Jaffna Kings,LD Chandimal,SMA Priyanjan,RAS Lakmal,0,0,,,,,,,,,
1291203,2021/22,2021-12-10,"R Premadasa Stadium, Colombo",2,8.1,Colombo Stars,Jaffna Kings,SMA Priyanjan,LD Chandimal,PC de Silva,2,0,,,,,,,,,
1291203,2021/22,2021-12-10,"R Premadasa Stadium, Colombo",2,8.2,Colombo Stars,Jaffna Kings,SMA Priyanjan,LD Chandimal,PC de Silva,0,0,,,,,,,,,
1291203,2021/22,2021-12-10,"R Premadasa Stadium, Colombo",2,8.3,Colombo Stars,Jaffna Kings,SMA Priyanjan,LD Chandimal,PC de Silva,1,0,,,,,,,,,
1291203,2021/22,2021-12-10,"R Premadasa Stadium, Colombo",2,8.4,Colombo Stars,Jaffna Kings,LD Chandimal,SMA Priyanjan,PC de Silva,1,0,,,,,,,,,
1291203,2021/22,2021-12-10,"R Premadasa Stadium, Colombo",2,8.5,Colombo Stars,Jaffna Kings,SMA Priyanjan,LD Chandimal,PC de Silva,2,0,,,,,,,,,
1291203,2021/22,2021-12-10,"R Premadasa Stadium, Colombo",2,8.6,Colombo Stars,Jaffna Kings,SMA Priyanjan,LD Chandimal,PC de Silva,3,0,,,,,,,,,
1291203,2021/22,2021-12-10,"R Premadasa Stadium, Colombo",2,9.1,Colombo Stars,Jaffna Kings,SMA Priyanjan,LD Chandimal,M Theekshana,0,0,,,,,,,,,
1291203,2021/22,2021-12-10,"R Premadasa Stadium, Colombo",2,9.2,Colombo Stars,Jaffna Kings,SMA Priyanjan,LD Chandimal,M Theekshana,0,1,,,1,,,,,,
1291203,2021/22,2021-12-10,"R Premadasa Stadium, Colombo",2,9.3,Colombo Stars,Jaffna Kings,LD Chandimal,SMA Priyanjan,M Theekshana,4,0,,,,,,,,,
1291203,2021/22,2021-12-10,"R Premadasa Stadium, Colombo",2,9.4,Colombo Stars,Jaffna Kings,LD Chandimal,SMA Priyanjan,M Theekshana,1,0,,,,,,,,,
1291203,2021/22,2021-12-10,"R Premadasa Stadium, Colombo",2,9.5,Colombo Stars,Jaffna Kings,SMA Priyanjan,LD Chandimal,M Theekshana,4,0,,,,,,,,,
1291203,2021/22,2021-12-10,"R Premadasa Stadium, Colombo",2,9.6,Colombo Stars,Jaffna Kings,SMA Priyanjan,LD Chandimal,M Theekshana,1,0,,,,,,,,,
1291203,2021/22,2021-12-10,"R Premadasa Stadium, Colombo",2,10.1,Colombo Stars,Jaffna Kings,SMA Priyanjan,LD Chandimal,PC de Silva,4,0,,,,,,,,,
1291203,2021/22,2021-12-10,"R Premadasa Stadium, Colombo",2,10.2,Colombo Stars,Jaffna Kings,SMA Priyanjan,LD Chandimal,PC de Silva,0,0,,,,,,,,,
1291203,2021/22,2021-12-10,"R Premadasa Stadium, Colombo",2,10.3,Colombo Stars,Jaffna Kings,SMA Priyanjan,LD Chandimal,PC de Silva,1,0,,,,,,,,,
1291203,2021/22,2021-12-10,"R Premadasa Stadium, Colombo",2,10.4,Colombo Stars,Jaffna Kings,LD Chandimal,SMA Priyanjan,PC de Silva,0,0,,,,,,,,,
1291203,2021/22,2021-12-10,"R Premadasa Stadium, Colombo",2,10.5,Colombo Stars,Jaffna Kings,LD Chandimal,SMA Priyanjan,PC de Silva,4,0,,,,,,,,,
1291203,2021/22,2021-12-10,"R Premadasa Stadium, Colombo",2,10.6,Colombo Stars,Jaffna Kings,LD Chandimal,SMA Priyanjan,PC de Silva,0,1,,,,1,,,,,
1291203,2021/22,2021-12-10,"R Premadasa Stadium, Colombo",2,11.1,Colombo Stars,Jaffna Kings,LD Chandimal,SMA Priyanjan,M Theekshana,0,0,,,,,,stumped,LD Chandimal,,
1291203,2021/22,2021-12-10,"R Premadasa Stadium, Colombo",2,11.2,Colombo Stars,Jaffna Kings,KMA Paul,SMA Priyanjan,M Theekshana,0,0,,,,,,,,,
1291203,2021/22,2021-12-10,"R Premadasa Stadium, Colombo",2,11.3,Colombo Stars,Jaffna Kings,KMA Paul,SMA Priyanjan,M Theekshana,1,0,,,,,,,,,
1291203,2021/22,2021-12-10,"R Premadasa Stadium, Colombo",2,11.4,Colombo Stars,Jaffna Kings,SMA Priyanjan,KMA Paul,M Theekshana,0,0,,,,,,caught,SMA Priyanjan,,
1291203,2021/22,2021-12-10,"R Premadasa Stadium, Colombo",2,11.5,Colombo Stars,Jaffna Kings,S Prasanna,KMA Paul,M Theekshana,0,0,,,,,,,,,
1291203,2021/22,2021-12-10,"R Premadasa Stadium, Colombo",2,11.6,Colombo Stars,Jaffna Kings,S Prasanna,KMA Paul,M Theekshana,0,0,,,,,,,,,
1291203,2021/22,2021-12-10,"R Premadasa Stadium, Colombo",2,12.1,Colombo Stars,Jaffna Kings,KMA Paul,S Prasanna,PWH de Silva,0,0,,,,,,caught,KMA Paul,,
1291203,2021/22,2021-12-10,"R Premadasa Stadium, Colombo",2,12.2,Colombo Stars,Jaffna Kings,S Prasanna,PVD Chameera,PWH de Silva,1,0,,,,,,,,,
1291203,2021/22,2021-12-10,"R Premadasa Stadium, Colombo",2,12.3,Colombo Stars,Jaffna Kings,PVD Chameera,S Prasanna,PWH de Silva,0,0,,,,,,,,,
1291203,2021/22,2021-12-10,"R Premadasa Stadium, Colombo",2,12.4,Colombo Stars,Jaffna Kings,PVD Chameera,S Prasanna,PWH de Silva,1,0,,,,,,,,,
1291203,2021/22,2021-12-10,"R Premadasa Stadium, Colombo",2,12.5,Colombo Stars,Jaffna Kings,S Prasanna,PVD Chameera,PWH de Silva,1,0,,,,,,,,,
1291203,2021/22,2021-12-10,"R Premadasa Stadium, Colombo",2,12.6,Colombo Stars,Jaffna Kings,PVD Chameera,S Prasanna,PWH de Silva,0,0,,,,,,,,,
1291203,2021/22,2021-12-10,"R Premadasa Stadium, Colombo",2,13.1,Colombo Stars,Jaffna Kings,S Prasanna,PVD Chameera,Wahab Riaz,4,0,,,,,,,,,
1291203,2021/22,2021-12-10,"R Premadasa Stadium, Colombo",2,13.2,Colombo Stars,Jaffna Kings,S Prasanna,PVD Chameera,Wahab Riaz,0,0,,,,,,,,,
1291203,2021/22,2021-12-10,"R Premadasa Stadium, Colombo",2,13.3,Colombo Stars,Jaffna Kings,S Prasanna,PVD Chameera,Wahab Riaz,0,1,,,,1,,,,,
1291203,2021/22,2021-12-10,"R Premadasa Stadium, Colombo",2,13.4,Colombo Stars,Jaffna Kings,PVD Chameera,S Prasanna,Wahab Riaz,0,0,,,,,,,,,
1291203,2021/22,2021-12-10,"R Premadasa Stadium, Colombo",2,13.5,Colombo Stars,Jaffna Kings,PVD Chameera,S Prasanna,Wahab Riaz,1,0,,,,,,,,,
1291203,2021/22,2021-12-10,"R Premadasa Stadium, Colombo",2,13.6,Colombo Stars,Jaffna Kings,S Prasanna,PVD Chameera,Wahab Riaz,0,0,,,,,,,,,
1291203,2021/22,2021-12-10,"R Premadasa Stadium, Colombo",2,14.1,Colombo Stars,Jaffna Kings,PVD Chameera,S Prasanna,PWH de Silva,0,1,1,,,,,,,,
1291203,2021/22,2021-12-10,"R Premadasa Stadium, Colombo",2,14.2,Colombo Stars,Jaffna Kings,PVD Chameera,S Prasanna,PWH de Silva,1,0,,,,,,,,,
1291203,2021/22,2021-12-10,"R Premadasa Stadium, Colombo",2,14.3,Colombo Stars,Jaffna Kings,S Prasanna,PVD Chameera,PWH de Silva,1,0,,,,,,,,,
1291203,2021/22,2021-12-10,"R Premadasa Stadium, Colombo",2,14.4,Colombo Stars,Jaffna Kings,PVD Chameera,S Prasanna,PWH de Silva,0,0,,,,,,,,,
1291203,2021/22,2021-12-10,"R Premadasa Stadium, Colombo",2,14.5,Colombo Stars,Jaffna Kings,PVD Chameera,S Prasanna,PWH de Silva,0,0,,,,,,,,,
1291203,2021/22,2021-12-10,"R Premadasa Stadium, Colombo",2,14.6,Colombo Stars,Jaffna Kings,PVD Chameera,S Prasanna,PWH de Silva,0,0,,,,,,,,,
1291203,2021/22,2021-12-10,"R Premadasa Stadium, Colombo",2,14.7,Colombo Stars,Jaffna Kings,PVD Chameera,S Prasanna,PWH de Silva,0,0,,,,,,,,,
1291203,2021/22,2021-12-10,"R Premadasa Stadium, Colombo",2,15.1,Colombo Stars,Jaffna Kings,S Prasanna,PVD Chameera,Wahab Riaz,0,0,,,,,,caught,S Prasanna,,
1291203,2021/22,2021-12-10,"R Premadasa Stadium, Colombo",2,15.2,Colombo Stars,Jaffna Kings,Naveen-ul-Haq,PVD Chameera,Wahab Riaz,0,1,1,,,,,,,,
1291203,2021/22,2021-12-10,"R Premadasa Stadium, Colombo",2,15.3,Colombo Stars,Jaffna Kings,Naveen-ul-Haq,PVD Chameera,Wahab Riaz,0,0,,,,,,,,,
1291203,2021/22,2021-12-10,"R Premadasa Stadium, Colombo",2,15.4,Colombo Stars,Jaffna Kings,Naveen-ul-Haq,PVD Chameera,Wahab Riaz,1,0,,,,,,,,,
1291203,2021/22,2021-12-10,"R Premadasa Stadium, Colombo",2,15.5,Colombo Stars,Jaffna Kings,PVD Chameera,Naveen-ul-Haq,Wahab Riaz,0,1,,1,,,,,,,
1291203,2021/22,2021-12-10,"R Premadasa Stadium, Colombo",2,15.6,Colombo Stars,Jaffna Kings,PVD Chameera,Naveen-ul-Haq,Wahab Riaz,2,0,,,,,,,,,
1291203,2021/22,2021-12-10,"R Premadasa Stadium, Colombo",2,15.7,Colombo Stars,Jaffna Kings,PVD Chameera,Naveen-ul-Haq,Wahab Riaz,0,0,,,,,,caught,PVD Chameera,,
