match_id,season,start_date,venue,innings,ball,batting_team,bowling_team,striker,non_striker,bowler,runs_off_bat,extras,wides,noballs,byes,legbyes,penalty,wicket_type,player_dismissed,other_wicket_type,other_player_dismissed
1291195,2021/22,2021-12-05,"R Premadasa Stadium, Colombo",1,0.1,Galle Gladiators,Jaffna Kings,MD Gunathilaka,BKG Mendis,RAS Lakmal,4,0,,,,,,,,,
1291195,2021/22,2021-12-05,"R Premadasa Stadium, Colombo",1,0.2,Galle Gladiators,Jaffna Kings,MD Gunathilaka,BKG Mendis,RAS Lakmal,0,0,,,,,,,,,
1291195,2021/22,2021-12-05,"R Premadasa Stadium, Colombo",1,0.3,Galle Gladiators,Jaffna Kings,MD Gunathilaka,BKG Mendis,RAS Lakmal,4,0,,,,,,,,,
1291195,2021/22,2021-12-05,"R Premadasa Stadium, Colombo",1,0.4,Galle Gladiators,Jaffna Kings,MD Gunathilaka,BKG Mendis,RAS Lakmal,0,0,,,,,,caught,MD Gunathilaka,,
1291195,2021/22,2021-12-05,"R Premadasa Stadium, Colombo",1,0.5,Galle Gladiators,Jaffna Kings,BKG Mendis,Mohammad Hafeez,RAS Lakmal,0,1,1,,,,,,,,
1291195,2021/22,2021-12-05,"R Premadasa Stadium, Colombo",1,0.6,Galle Gladiators,Jaffna Kings,BKG Mendis,Mohammad Hafeez,RAS Lakmal,2,0,,,,,,,,,
1291195,2021/22,2021-12-05,"R Premadasa Stadium, Colombo",1,0.7,Galle Gladiators,Jaffna Kings,BKG Mendis,Mohammad Hafeez,RAS Lakmal,1,0,,,,,,,,,
1291195,2021/22,2021-12-05,"R Premadasa Stadium, Colombo",1,1.1,Galle Gladiators,Jaffna Kings,BKG Mendis,Mohammad Hafeez,M Theekshana,0,0,,,,,,,,,
1291195,2021/22,2021-12-05,"R Premadasa Stadium, Colombo",1,1.2,Galle Gladiators,Jaffna Kings,BKG Mendis,Mohammad Hafeez,M Theekshana,1,0,,,,,,,,,
1291195,2021/22,2021-12-05,"R Premadasa Stadium, Colombo",1,1.3,Galle Gladiators,Jaffna Kings,Mohammad Hafeez,BKG Mendis,M Theekshana,0,0,,,,,,,,,
1291195,2021/22,2021-12-05,"R Premadasa Stadium, Colombo",1,1.4,Galle Gladiators,Jaffna Kings,Mohammad Hafeez,BKG Mendis,M Theekshana,1,0,,,,,,,,,
1291195,2021/22,2021-12-05,"R Premadasa Stadium, Colombo",1,1.5,Galle Gladiators,Jaffna Kings,BKG Mendis,Mohammad Hafeez,M Theekshana,1,0,,,,,,,,,
1291195,2021/22,2021-12-05,"R Premadasa Stadium, Colombo",1,1.6,Galle Gladiators,Jaffna Kings,Mohammad Hafeez,BKG Mendis,M Theekshana,0,0,,,,,,,,,
1291195,2021/22,2021-12-05,"R Premadasa Stadium, Colombo",1,2.1,Galle Gladiators,Jaffna Kings,BKG Mendis,Mohammad Hafeez,Wahab Riaz,1,1,,1,,,,,,,
1291195,2021/22,2021-12-05,"R Premadasa Stadium, Colombo",1,2.2,Galle Gladiators,Jaffna Kings,Mohammad Hafeez,BKG Mendis,Wahab Riaz,4,0,,,,,,,,,
1291195,2021/22,2021-12-05,"R Premadasa Stadium, Colombo",1,2.3,Galle Gladiators,Jaffna Kings,Mohammad Hafeez,BKG Mendis,Wahab Riaz,1,0,,,,,,,,,
1291195,2021/22,2021-12-05,"R Premadasa Stadium, Colombo",1,2.4,Galle Gladiators,Jaffna Kings,BKG Mendis,Mohammad Hafeez,Wahab Riaz,4,0,,,,,,,,,
1291195,2021/22,2021-12-05,"R Premadasa Stadium, Colombo",1,2.5,Galle Gladiators,Jaffna Kings,BKG Mendis,Mohammad Hafeez,Wahab Riaz,1,0,,,,,,,,,
1291195,2021/22,2021-12-05,"R Premadasa Stadium, Colombo",1,2.6,Galle Gladiators,Jaffna Kings,Mohammad Hafeez,BKG Mendis,Wahab Riaz,0,0,,,,,,,,,
1291195,2021/22,2021-12-05,"R Premadasa Stadium, Colombo",1,2.7,Galle Gladiators,Jaffna Kings,Mohammad Hafeez,BKG Mendis,Wahab Riaz,1,0,,,,,,,,,
1291195,2021/22,2021-12-05,"R Premadasa Stadium, Colombo",1,3.1,Galle Gladiators,Jaffna Kings,Mohammad Hafeez,BKG Mendis,M Theekshana,0,0,,,,,,,,,
1291195,2021/22,2021-12-05,"R Premadasa Stadium, Colombo",1,3.2,Galle Gladiators,Jaffna Kings,Mohammad Hafeez,BKG Mendis,M Theekshana,4,0,,,,,,,,,
1291195,2021/22,2021-12-05,"R Premadasa Stadium, Colombo",1,3.3,Galle Gladiators,Jaffna Kings,Mohammad Hafeez,BKG Mendis,M Theekshana,0,0,,,,,,,,,
1291195,2021/22,2021-12-05,"R Premadasa Stadium, Colombo",1,3.4,Galle Gladiators,Jaffna Kings,Mohammad Hafeez,BKG Mendis,M Theekshana,0,0,,,,,,,,,
1291195,2021/22,2021-12-05,"R Premadasa Stadium, Colombo",1,3.5,Galle Gladiators,Jaffna Kings,Mohammad Hafeez,BKG Mendis,M Theekshana,1,0,,,,,,,,,
1291195,2021/22,2021-12-05,"R Premadasa Stadium, Colombo",1,3.6,Galle Gladiators,Jaffna Kings,BKG Mendis,Mohammad Hafeez,M Theekshana,4,0,,,,,,,,,
1291195,2021/22,2021-12-05,"R Premadasa Stadium, Colombo",1,4.1,Galle Gladiators,Jaffna Kings,Mohammad Hafeez,BKG Mendis,JNT Seales,1,0,,,,,,,,,
1291195,2021/22,2021-12-05,"R Premadasa Stadium, Colombo",1,4.2,Galle Gladiators,Jaffna Kings,BKG Mendis,Mohammad Hafeez,JNT Seales,1,0,,,,,,,,,
1291195,2021/22,2021-12-05,"R Premadasa Stadium, Colombo",1,4.3,Galle Gladiators,Jaffna Kings,Mohammad Hafeez,BKG Mendis,JNT Seales,1,0,,,,,,,,,
1291195,2021/22,2021-12-05,"R Premadasa Stadium, Colombo",1,4.4,Galle Gladiators,Jaffna Kings,BKG Mendis,Mohammad Hafeez,JNT Seales,0,0,,,,,,,,,
1291195,2021/22,2021-12-05,"R Premadasa Stadium, Colombo",1,4.5,Galle Gladiators,Jaffna Kings,BKG Mendis,Mohammad Hafeez,JNT Seales,0,0,,,,,,caught,BKG Mendis,,
1291195,2021/22,2021-12-05,"R Premadasa Stadium, Colombo",1,4.6,Galle Gladiators,Jaffna Kings,Mohammad Hafeez,BR Dunk,JNT Seales,1,0,,,,,,,,,
1291195,2021/22,2021-12-05,"R Premadasa Stadium, Colombo",1,5.1,Galle Gladiators,Jaffna Kings,Mohammad Hafeez,BR Dunk,M Theekshana,0,0,,,,,,,,,
1291195,2021/22,2021-12-05,"R Premadasa Stadium, Colombo",1,5.2,Galle Gladiators,Jaffna Kings,Mohammad Hafeez,BR Dunk,M Theekshana,0,0,,,,,,,,,
1291195,2021/22,2021-12-05,"R Premadasa Stadium, Colombo",1,5.3,Galle Gladiators,Jaffna Kings,Mohammad Hafeez,BR Dunk,M Theekshana,0,0,,,,,,caught,Mohammad Hafeez,,
1291195,2021/22,2021-12-05,"R Premadasa Stadium, Colombo",1,5.4,Galle Gladiators,Jaffna Kings,BR Dunk,PBB Rajapaksa,M Theekshana,0,0,,,,,,,,,
1291195,2021/22,2021-12-05,"R Premadasa Stadium, Colombo",1,5.5,Galle Gladiators,Jaffna Kings,BR Dunk,PBB Rajapaksa,M Theekshana,2,0,,,,,,,,,
1291195,2021/22,2021-12-05,"R Premadasa Stadium, Colombo",1,5.6,Galle Gladiators,Jaffna Kings,BR Dunk,PBB Rajapaksa,M Theekshana,0,0,,,,,,,,,
1291195,2021/22,2021-12-05,"R Premadasa Stadium, Colombo",1,6.1,Galle Gladiators,Jaffna Kings,PBB Rajapaksa,BR Dunk,JNT Seales,1,0,,,,,,,,,
1291195,2021/22,2021-12-05,"R Premadasa Stadium, Colombo",1,6.2,Galle Gladiators,Jaffna Kings,BR Dunk,PBB Rajapaksa,JNT Seales,0,0,,,,,,,,,
1291195,2021/22,2021-12-05,"R Premadasa Stadium, Colombo",1,6.3,Galle Gladiators,Jaffna Kings,BR Dunk,PBB Rajapaksa,JNT Seales,1,0,,,,,,,,,
1291195,2021/22,2021-12-05,"R Premadasa Stadium, Colombo",1,6.4,Galle Gladiators,Jaffna Kings,PBB Rajapaksa,BR Dunk,JNT Seales,0,0,,,,,,,,,
1291195,2021/22,2021-12-05,"R Premadasa Stadium, Colombo",1,6.5,Galle Gladiators,Jaffna Kings,PBB Rajapaksa,BR Dunk,JNT Seales,2,0,,,,,,,,,
1291195,2021/22,2021-12-05,"R Premadasa Stadium, Colombo",1,6.6,Galle Gladiators,Jaffna Kings,PBB Rajapaksa,BR Dunk,JNT Seales,1,0,,,,,,,,,
1291195,2021/22,2021-12-05,"R Premadasa Stadium, Colombo",1,7.1,Galle Gladiators,Jaffna Kings,PBB Rajapaksa,BR Dunk,Sammu Ashan,0,0,,,,,,,,,
1291195,2021/22,2021-12-05,"R Premadasa Stadium, Colombo",1,7.2,Galle Gladiators,Jaffna Kings,PBB Rajapaksa,BR Dunk,Sammu Ashan,1,0,,,,,,,,,
1291195,2021/22,2021-12-05,"R Premadasa Stadium, Colombo",1,7.3,Galle Gladiators,Jaffna Kings,BR Dunk,PBB Rajapaksa,Sammu Ashan,2,0,,,,,,,,,
1291195,2021/22,2021-12-05,"R Premadasa Stadium, Colombo",1,7.4,Galle Gladiators,Jaffna Kings,BR Dunk,PBB Rajapaksa,Sammu Ashan,0,0,,,,,,,,,
1291195,2021/22,2021-12-05,"R Premadasa Stadium, Colombo",1,7.5,Galle Gladiators,Jaffna Kings,BR Dunk,PBB Rajapaksa,Sammu Ashan,1,0,,,,,,,,,
1291195,2021/22,2021-12-05,"R Premadasa Stadium, Colombo",1,7.6,Galle Gladiators,Jaffna Kings,PBB Rajapaksa,BR Dunk,Sammu Ashan,1,0,,,,,,,,,
1291195,2021/22,2021-12-05,"R Premadasa Stadium, Colombo",1,8.1,Galle Gladiators,Jaffna Kings,PBB Rajapaksa,BR Dunk,NLTC Perera,1,0,,,,,,,,,
1291195,2021/22,2021-12-05,"R Premadasa Stadium, Colombo",1,8.2,Galle Gladiators,Jaffna Kings,BR Dunk,PBB Rajapaksa,NLTC Perera,4,0,,,,,,,,,
1291195,2021/22,2021-12-05,"R Premadasa Stadium, Colombo",1,8.3,Galle Gladiators,Jaffna Kings,BR Dunk,PBB Rajapaksa,NLTC Perera,2,0,,,,,,,,,
1291195,2021/22,2021-12-05,"R Premadasa Stadium, Colombo",1,8.4,Galle Gladiators,Jaffna Kings,BR Dunk,PBB Rajapaksa,NLTC Perera,0,0,,,,,,,,,
1291195,2021/22,2021-12-05,"R Premadasa Stadium, Colombo",1,8.5,Galle Gladiators,Jaffna Kings,BR Dunk,PBB Rajapaksa,NLTC Perera,1,0,,,,,,,,,
1291195,2021/22,2021-12-05,"R Premadasa Stadium, Colombo",1,8.6,Galle Gladiators,Jaffna Kings,PBB Rajapaksa,BR Dunk,NLTC Perera,6,0,,,,,,,,,
1291195,2021/22,2021-12-05,"R Premadasa Stadium, Colombo",1,9.1,Galle Gladiators,Jaffna Kings,BR Dunk,PBB Rajapaksa,PWH de Silva,1,0,,,,,,,,,
1291195,2021/22,2021-12-05,"R Premadasa Stadium, Colombo",1,9.2,Galle Gladiators,Jaffna Kings,PBB Rajapaksa,BR Dunk,PWH de Silva,4,0,,,,,,,,,
1291195,2021/22,2021-12-05,"R Premadasa Stadium, Colombo",1,9.3,Galle Gladiators,Jaffna Kings,PBB Rajapaksa,BR Dunk,PWH de Silva,1,0,,,,,,,,,
1291195,2021/22,2021-12-05,"R Premadasa Stadium, Colombo",1,9.4,Galle Gladiators,Jaffna Kings,BR Dunk,PBB Rajapaksa,PWH de Silva,1,0,,,,,,,,,
1291195,2021/22,2021-12-05,"R Premadasa Stadium, Colombo",1,9.5,Galle Gladiators,Jaffna Kings,PBB Rajapaksa,BR Dunk,PWH de Silva,1,0,,,,,,,,,
1291195,2021/22,2021-12-05,"R Premadasa Stadium, Colombo",1,9.6,Galle Gladiators,Jaffna Kings,BR Dunk,PBB Rajapaksa,PWH de Silva,2,0,,,,,,,,,
1291195,2021/22,2021-12-05,"R Premadasa Stadium, Colombo",1,10.1,Galle Gladiators,Jaffna Kings,PBB Rajapaksa,BR Dunk,Wahab Riaz,0,0,,,,,,,,,
1291195,2021/22,2021-12-05,"R Premadasa Stadium, Colombo",1,10.2,Galle Gladiators,Jaffna Kings,PBB Rajapaksa,BR Dunk,Wahab Riaz,4,0,,,,,,,,,
1291195,2021/22,2021-12-05,"R Premadasa Stadium, Colombo",1,10.3,Galle Gladiators,Jaffna Kings,PBB Rajapaksa,BR Dunk,Wahab Riaz,4,0,,,,,,,,,
1291195,2021/22,2021-12-05,"R Premadasa Stadium, Colombo",1,10.4,Galle Gladiators,Jaffna Kings,PBB Rajapaksa,BR Dunk,Wahab Riaz,4,0,,,,,,,,,
1291195,2021/22,2021-12-05,"R Premadasa Stadium, Colombo",1,10.5,Galle Gladiators,Jaffna Kings,PBB Rajapaksa,BR Dunk,Wahab Riaz,4,0,,,,,,,,,
1291195,2021/22,2021-12-05,"R Premadasa Stadium, Colombo",1,10.6,Galle Gladiators,Jaffna Kings,PBB Rajapaksa,BR Dunk,Wahab Riaz,0,0,,,,,,,,,
1291195,2021/22,2021-12-05,"R Premadasa Stadium, Colombo",1,11.1,Galle Gladiators,Jaffna Kings,BR Dunk,PBB Rajapaksa,PWH de Silva,0,0,,,,,,,,,
1291195,2021/22,2021-12-05,"R Premadasa Stadium, Colombo",1,11.2,Galle Gladiators,Jaffna Kings,BR Dunk,PBB Rajapaksa,PWH de Silva,0,0,,,,,,caught,BR Dunk,,
1291195,2021/22,2021-12-05,"R Premadasa Stadium, Colombo",1,11.3,Galle Gladiators,Jaffna Kings,SR Patel,PBB Rajapaksa,PWH de Silva,1,0,,,,,,,,,
1291195,2021/22,2021-12-05,"R Premadasa Stadium, Colombo",1,11.4,Galle Gladiators,Jaffna Kings,PBB Rajapaksa,SR Patel,PWH de Silva,0,0,,,,,,,,,
1291195,2021/22,2021-12-05,"R Premadasa Stadium, Colombo",1,11.5,Galle Gladiators,Jaffna Kings,PBB Rajapaksa,SR Patel,PWH de Silva,6,0,,,,,,,,,
1291195,2021/22,2021-12-05,"R Premadasa Stadium, Colombo",1,11.6,Galle Gladiators,Jaffna Kings,PBB Rajapaksa,SR Patel,PWH de Silva,0,0,,,,,,,,,
1291195,2021/22,2021-12-05,"R Premadasa Stadium, Colombo",1,12.1,Galle Gladiators,Jaffna Kings,SR Patel,PBB Rajapaksa,RAS Lakmal,0,0,,,,,,,,,
1291195,2021/22,2021-12-05,"R Premadasa Stadium, Colombo",1,12.2,Galle Gladiators,Jaffna Kings,SR Patel,PBB Rajapaksa,RAS Lakmal,0,0,,,,,,,,,
1291195,2021/22,2021-12-05,"R Premadasa Stadium, Colombo",1,12.3,Galle Gladiators,Jaffna Kings,SR Patel,PBB Rajapaksa,RAS Lakmal,0,0,,,,,,,,,
1291195,2021/22,2021-12-05,"R Premadasa Stadium, Colombo",1,12.4,Galle Gladiators,Jaffna Kings,SR Patel,PBB Rajapaksa,RAS Lakmal,0,0,,,,,,,,,
1291195,2021/22,2021-12-05,"R Premadasa Stadium, Colombo",1,12.5,Galle Gladiators,Jaffna Kings,SR Patel,PBB Rajapaksa,RAS Lakmal,0,0,,,,,,,,,
1291195,2021/22,2021-12-05,"R Premadasa Stadium, Colombo",1,12.6,Galle Gladiators,Jaffna Kings,SR Patel,PBB Rajapaksa,RAS Lakmal,1,0,,,,,,,,,
1291195,2021/22,2021-12-05,"R Premadasa Stadium, Colombo",1,13.1,Galle Gladiators,Jaffna Kings,SR Patel,PBB Rajapaksa,M Theekshana,0,1,1,,,,,,,,
1291195,2021/22,2021-12-05,"R Premadasa Stadium, Colombo",1,13.2,Galle Gladiators,Jaffna Kings,SR Patel,PBB Rajapaksa,M Theekshana,1,0,,,,,,,,,
1291195,2021/22,2021-12-05,"R Premadasa Stadium, Colombo",1,13.3,Galle Gladiators,Jaffna Kings,PBB Rajapaksa,SR Patel,M Theekshana,0,1,1,,,,,,,,
1291195,2021/22,2021-12-05,"R Premadasa Stadium, Colombo",1,13.4,Galle Gladiators,Jaffna Kings,PBB Rajapaksa,SR Patel,M Theekshana,1,0,,,,,,,,,
1291195,2021/22,2021-12-05,"R Premadasa Stadium, Colombo",1,13.5,Galle Gladiators,Jaffna Kings,SR Patel,PBB Rajapaksa,M Theekshana,1,0,,,,,,,,,
1291195,2021/22,2021-12-05,"R Premadasa Stadium, Colombo",1,13.6,Galle Gladiators,Jaffna Kings,PBB Rajapaksa,SR Patel,M Theekshana,1,0,,,,,,,,,
1291195,2021/22,2021-12-05,"R Premadasa Stadium, Colombo",1,13.7,Galle Gladiators,Jaffna Kings,SR Patel,PBB Rajapaksa,M Theekshana,1,0,,,,,,,,,
1291195,2021/22,2021-12-05,"R Premadasa Stadium, Colombo",1,13.8,Galle Gladiators,Jaffna Kings,PBB Rajapaksa,SR Patel,M Theekshana,0,0,,,,,,,,,
1291195,2021/22,2021-12-05,"R Premadasa Stadium, Colombo",1,14.1,Galle Gladiators,Jaffna Kings,SR Patel,PBB Rajapaksa,PWH de Silva,0,0,,,,,,,,,
1291195,2021/22,2021-12-05,"R Premadasa Stadium, Colombo",1,14.2,Galle Gladiators,Jaffna Kings,SR Patel,PBB Rajapaksa,PWH de Silva,1,0,,,,,,,,,
1291195,2021/22,2021-12-05,"R Premadasa Stadium, Colombo",1,14.3,Galle Gladiators,Jaffna Kings,PBB Rajapaksa,SR Patel,PWH de Silva,0,0,,,,,,,,,
1291195,2021/22,2021-12-05,"R Premadasa Stadium, Colombo",1,14.4,Galle Gladiators,Jaffna Kings,PBB Rajapaksa,SR Patel,PWH de Silva,4,0,,,,,,,,,
1291195,2021/22,2021-12-05,"R Premadasa Stadium, Colombo",1,14.5,Galle Gladiators,Jaffna Kings,PBB Rajapaksa,SR Patel,PWH de Silva,1,0,,,,,,,,,
1291195,2021/22,2021-12-05,"R Premadasa Stadium, Colombo",1,14.6,Galle Gladiators,Jaffna Kings,SR Patel,PBB Rajapaksa,PWH de Silva,0,0,,,,,,,,,
1291195,2021/22,2021-12-05,"R Premadasa Stadium, Colombo",1,15.1,Galle Gladiators,Jaffna Kings,PBB Rajapaksa,SR Patel,RAS Lakmal,1,0,,,,,,,,,
1291195,2021/22,2021-12-05,"R Premadasa Stadium, Colombo",1,15.2,Galle Gladiators,Jaffna Kings,SR Patel,PBB Rajapaksa,RAS Lakmal,4,0,,,,,,,,,
1291195,2021/22,2021-12-05,"R Premadasa Stadium, Colombo",1,15.3,Galle Gladiators,Jaffna Kings,SR Patel,PBB Rajapaksa,RAS Lakmal,1,0,,,,,,,,,
1291195,2021/22,2021-12-05,"R Premadasa Stadium, Colombo",1,15.4,Galle Gladiators,Jaffna Kings,PBB Rajapaksa,SR Patel,RAS Lakmal,1,0,,,,,,,,,
1291195,2021/22,2021-12-05,"R Premadasa Stadium, Colombo",1,15.5,Galle Gladiators,Jaffna Kings,SR Patel,PBB Rajapaksa,RAS Lakmal,2,0,,,,,,,,,
1291195,2021/22,2021-12-05,"R Premadasa Stadium, Colombo",1,15.6,Galle Gladiators,Jaffna Kings,SR Patel,PBB Rajapaksa,RAS Lakmal,4,0,,,,,,,,,
1291195,2021/22,2021-12-05,"R Premadasa Stadium, Colombo",1,16.1,Galle Gladiators,Jaffna Kings,PBB Rajapaksa,SR Patel,PWH de Silva,6,0,,,,,,,,,
1291195,2021/22,2021-12-05,"R Premadasa Stadium, Colombo",1,16.2,Galle Gladiators,Jaffna Kings,PBB Rajapaksa,SR Patel,PWH de Silva,0,0,,,,,,caught,PBB Rajapaksa,,
1291195,2021/22,2021-12-05,"R Premadasa Stadium, Colombo",1,16.3,Galle Gladiators,Jaffna Kings,SR Patel,LD Madushanka,PWH de Silva,0,0,,,,,,,,,
1291195,2021/22,2021-12-05,"R Premadasa Stadium, Colombo",1,16.4,Galle Gladiators,Jaffna Kings,SR Patel,LD Madushanka,PWH de Silva,0,0,,,,,,,,,
1291195,2021/22,2021-12-05,"R Premadasa Stadium, Colombo",1,16.5,Galle Gladiators,Jaffna Kings,SR Patel,LD Madushanka,PWH de Silva,1,0,,,,,,,,,
1291195,2021/22,2021-12-05,"R Premadasa Stadium, Colombo",1,16.6,Galle Gladiators,Jaffna Kings,LD Madushanka,SR Patel,PWH de Silva,0,0,,,,,,,,,
1291195,2021/22,2021-12-05,"R Premadasa Stadium, Colombo",1,17.1,Galle Gladiators,Jaffna Kings,SR Patel,LD Madushanka,JNT Seales,1,0,,,,,,,,,
1291195,2021/22,2021-12-05,"R Premadasa Stadium, Colombo",1,17.2,Galle Gladiators,Jaffna Kings,LD Madushanka,SR Patel,JNT Seales,0,0,,,,,,,,,
1291195,2021/22,2021-12-05,"R Premadasa Stadium, Colombo",1,17.3,Galle Gladiators,Jaffna Kings,LD Madushanka,SR Patel,JNT Seales,1,0,,,,,,,,,
1291195,2021/22,2021-12-05,"R Premadasa Stadium, Colombo",1,17.4,Galle Gladiators,Jaffna Kings,SR Patel,LD Madushanka,JNT Seales,0,1,1,,,,,,,,
1291195,2021/22,2021-12-05,"R Premadasa Stadium, Colombo",1,17.5,Galle Gladiators,Jaffna Kings,SR Patel,LD Madushanka,JNT Seales,2,0,,,,,,,,,
1291195,2021/22,2021-12-05,"R Premadasa Stadium, Colombo",1,17.6,Galle Gladiators,Jaffna Kings,SR Patel,LD Madushanka,JNT Seales,4,0,,,,,,,,,
1291195,2021/22,2021-12-05,"R Premadasa Stadium, Colombo",1,17.7,Galle Gladiators,Jaffna Kings,SR Patel,LD Madushanka,JNT Seales,1,0,,,,,,,,,
1291195,2021/22,2021-12-05,"R Premadasa Stadium, Colombo",1,18.1,Galle Gladiators,Jaffna Kings,SR Patel,LD Madushanka,RAS Lakmal,2,0,,,,,,,,,
1291195,2021/22,2021-12-05,"R Premadasa Stadium, Colombo",1,18.2,Galle Gladiators,Jaffna Kings,SR Patel,LD Madushanka,RAS Lakmal,1,0,,,,,,,,,
1291195,2021/22,2021-12-05,"R Premadasa Stadium, Colombo",1,18.3,Galle Gladiators,Jaffna Kings,LD Madushanka,SR Patel,RAS Lakmal,1,0,,,,,,,,,
1291195,2021/22,2021-12-05,"R Premadasa Stadium, Colombo",1,18.4,Galle Gladiators,Jaffna Kings,SR Patel,LD Madushanka,RAS Lakmal,4,0,,,,,,,,,
1291195,2021/22,2021-12-05,"R Premadasa Stadium, Colombo",1,18.5,Galle Gladiators,Jaffna Kings,SR Patel,LD Madushanka,RAS Lakmal,4,0,,,,,,,,,
1291195,2021/22,2021-12-05,"R Premadasa Stadium, Colombo",1,18.6,Galle Gladiators,Jaffna Kings,SR Patel,LD Madushanka,RAS Lakmal,4,0,,,,,,,,,
1291195,2021/22,2021-12-05,"R Premadasa Stadium, Colombo",1,19.1,Galle Gladiators,Jaffna Kings,LD Madushanka,SR Patel,JNT Seales,1,0,,,,,,,,,
1291195,2021/22,2021-12-05,"R Premadasa Stadium, Colombo",1,19.2,Galle Gladiators,Jaffna Kings,SR Patel,LD Madushanka,JNT Seales,1,0,,,,,,,,,
1291195,2021/22,2021-12-05,"R Premadasa Stadium, Colombo",1,19.3,Galle Gladiators,Jaffna Kings,LD Madushanka,SR Patel,JNT Seales,1,0,,,,,,,,,
1291195,2021/22,2021-12-05,"R Premadasa Stadium, Colombo",1,19.4,Galle Gladiators,Jaffna Kings,SR Patel,LD Madushanka,JNT Seales,0,0,,,,,,caught,SR Patel,,
1291195,2021/22,2021-12-05,"R Premadasa Stadium, Colombo",1,19.5,Galle Gladiators,Jaffna Kings,LD Madushanka,I Udana,JNT Seales,1,0,,,,,,,,,
1291195,2021/22,2021-12-05,"R Premadasa Stadium, Colombo",1,19.6,Galle Gladiators,Jaffna Kings,I Udana,LD Madushanka,JNT Seales,0,0,,,,,,caught,I Udana,,
1291195,2021/22,2021-12-05,"R Premadasa Stadium, Colombo",2,0.1,Jaffna Kings,Galle Gladiators,WU Tharanga,Rahmanullah Gurbaz,N Thushara,0,1,1,,,,,,,,
1291195,2021/22,2021-12-05,"R Premadasa Stadium, Colombo",2,0.2,Jaffna Kings,Galle Gladiators,WU Tharanga,Rahmanullah Gurbaz,N Thushara,0,0,,,,,,,,,
1291195,2021/22,2021-12-05,"R Premadasa Stadium, Colombo",2,0.3,Jaffna Kings,Galle Gladiators,WU Tharanga,Rahmanullah Gurbaz,N Thushara,0,0,,,,,,,,,
1291195,2021/22,2021-12-05,"R Premadasa Stadium, Colombo",2,0.4,Jaffna Kings,Galle Gladiators,WU Tharanga,Rahmanullah Gurbaz,N Thushara,0,0,,,,,,,,,
1291195,2021/22,2021-12-05,"R Premadasa Stadium, Colombo",2,0.5,Jaffna Kings,Galle Gladiators,WU Tharanga,Rahmanullah Gurbaz,N Thushara,4,0,,,,,,,,,
1291195,2021/22,2021-12-05,"R Premadasa Stadium, Colombo",2,0.6,Jaffna Kings,Galle Gladiators,WU Tharanga,Rahmanullah Gurbaz,N Thushara,1,0,,,,,,,,,
1291195,2021/22,2021-12-05,"R Premadasa Stadium, Colombo",2,0.7,Jaffna Kings,Galle Gladiators,Rahmanullah Gurbaz,WU Tharanga,N Thushara,1,0,,,,,,,,,
1291195,2021/22,2021-12-05,"R Premadasa Stadium, Colombo",2,1.1,Jaffna Kings,Galle Gladiators,Rahmanullah Gurbaz,WU Tharanga,I Udana,1,0,,,,,,,,,
1291195,2021/22,2021-12-05,"R Premadasa Stadium, Colombo",2,1.2,Jaffna Kings,Galle Gladiators,WU Tharanga,Rahmanullah Gurbaz,I Udana,0,0,,,,,,,,,
1291195,2021/22,2021-12-05,"R Premadasa Stadium, Colombo",2,1.3,Jaffna Kings,Galle Gladiators,WU Tharanga,Rahmanullah Gurbaz,I Udana,4,0,,,,,,,,,
1291195,2021/22,2021-12-05,"R Premadasa Stadium, Colombo",2,1.4,Jaffna Kings,Galle Gladiators,WU Tharanga,Rahmanullah Gurbaz,I Udana,0,0,,,,,,,,,
1291195,2021/22,2021-12-05,"R Premadasa Stadium, Colombo",2,1.5,Jaffna Kings,Galle Gladiators,WU Tharanga,Rahmanullah Gurbaz,I Udana,0,0,,,,,,,,,
1291195,2021/22,2021-12-05,"R Premadasa Stadium, Colombo",2,1.6,Jaffna Kings,Galle Gladiators,WU Tharanga,Rahmanullah Gurbaz,I Udana,4,0,,,,,,,,,
1291195,2021/22,2021-12-05,"R Premadasa Stadium, Colombo",2,2.1,Jaffna Kings,Galle Gladiators,Rahmanullah Gurbaz,WU Tharanga,N Thushara,2,0,,,,,,,,,
1291195,2021/22,2021-12-05,"R Premadasa Stadium, Colombo",2,2.2,Jaffna Kings,Galle Gladiators,Rahmanullah Gurbaz,WU Tharanga,N Thushara,4,0,,,,,,,,,
1291195,2021/22,2021-12-05,"R Premadasa Stadium, Colombo",2,2.3,Jaffna Kings,Galle Gladiators,Rahmanullah Gurbaz,WU Tharanga,N Thushara,0,0,,,,,,,,,
1291195,2021/22,2021-12-05,"R Premadasa Stadium, Colombo",2,2.4,Jaffna Kings,Galle Gladiators,Rahmanullah Gurbaz,WU Tharanga,N Thushara,1,0,,,,,,,,,
1291195,2021/22,2021-12-05,"R Premadasa Stadium, Colombo",2,2.5,Jaffna Kings,Galle Gladiators,WU Tharanga,Rahmanullah Gurbaz,N Thushara,4,0,,,,,,,,,
1291195,2021/22,2021-12-05,"R Premadasa Stadium, Colombo",2,2.6,Jaffna Kings,Galle Gladiators,WU Tharanga,Rahmanullah Gurbaz,N Thushara,0,0,,,,,,,,,
1291195,2021/22,2021-12-05,"R Premadasa Stadium, Colombo",2,3.1,Jaffna Kings,Galle Gladiators,Rahmanullah Gurbaz,WU Tharanga,Mohammad Hafeez,0,0,,,,,,,,,
1291195,2021/22,2021-12-05,"R Premadasa Stadium, Colombo",2,3.2,Jaffna Kings,Galle Gladiators,Rahmanullah Gurbaz,WU Tharanga,Mohammad Hafeez,0,0,,,,,,,,,
1291195,2021/22,2021-12-05,"R Premadasa Stadium, Colombo",2,3.3,Jaffna Kings,Galle Gladiators,Rahmanullah Gurbaz,WU Tharanga,Mohammad Hafeez,1,0,,,,,,,,,
1291195,2021/22,2021-12-05,"R Premadasa Stadium, Colombo",2,3.4,Jaffna Kings,Galle Gladiators,WU Tharanga,Rahmanullah Gurbaz,Mohammad Hafeez,0,0,,,,,,bowled,WU Tharanga,,
1291195,2021/22,2021-12-05,"R Premadasa Stadium, Colombo",2,3.5,Jaffna Kings,Galle Gladiators,T Kohler-Cadmore,Rahmanullah Gurbaz,Mohammad Hafeez,0,0,,,,,,,,,
1291195,2021/22,2021-12-05,"R Premadasa Stadium, Colombo",2,3.6,Jaffna Kings,Galle Gladiators,T Kohler-Cadmore,Rahmanullah Gurbaz,Mohammad Hafeez,0,0,,,,,,,,,
1291195,2021/22,2021-12-05,"R Premadasa Stadium, Colombo",2,4.1,Jaffna Kings,Galle Gladiators,Rahmanullah Gurbaz,T Kohler-Cadmore,SR Patel,0,0,,,,,,,,,
1291195,2021/22,2021-12-05,"R Premadasa Stadium, Colombo",2,4.2,Jaffna Kings,Galle Gladiators,Rahmanullah Gurbaz,T Kohler-Cadmore,SR Patel,0,0,,,,,,,,,
1291195,2021/22,2021-12-05,"R Premadasa Stadium, Colombo",2,4.3,Jaffna Kings,Galle Gladiators,Rahmanullah Gurbaz,T Kohler-Cadmore,SR Patel,1,0,,,,,,,,,
1291195,2021/22,2021-12-05,"R Premadasa Stadium, Colombo",2,4.4,Jaffna Kings,Galle Gladiators,T Kohler-Cadmore,Rahmanullah Gurbaz,SR Patel,6,0,,,,,,,,,
1291195,2021/22,2021-12-05,"R Premadasa Stadium, Colombo",2,4.5,Jaffna Kings,Galle Gladiators,T Kohler-Cadmore,Rahmanullah Gurbaz,SR Patel,0,0,,,,,,,,,
1291195,2021/22,2021-12-05,"R Premadasa Stadium, Colombo",2,4.6,Jaffna Kings,Galle Gladiators,T Kohler-Cadmore,Rahmanullah Gurbaz,SR Patel,0,0,,,,,,,,,
1291195,2021/22,2021-12-05,"R Premadasa Stadium, Colombo",2,5.1,Jaffna Kings,Galle Gladiators,Rahmanullah Gurbaz,T Kohler-Cadmore,Mohammad Hafeez,0,0,,,,,,,,,
1291195,2021/22,2021-12-05,"R Premadasa Stadium, Colombo",2,5.2,Jaffna Kings,Galle Gladiators,Rahmanullah Gurbaz,T Kohler-Cadmore,Mohammad Hafeez,0,4,,,4,,,,,,
1291195,2021/22,2021-12-05,"R Premadasa Stadium, Colombo",2,5.3,Jaffna Kings,Galle Gladiators,Rahmanullah Gurbaz,T Kohler-Cadmore,Mohammad Hafeez,0,0,,,,,,,,,
1291195,2021/22,2021-12-05,"R Premadasa Stadium, Colombo",2,5.4,Jaffna Kings,Galle Gladiators,Rahmanullah Gurbaz,T Kohler-Cadmore,Mohammad Hafeez,0,0,,,,,,caught,Rahmanullah Gurbaz,,
1291195,2021/22,2021-12-05,"R Premadasa Stadium, Colombo",2,5.5,Jaffna Kings,Galle Gladiators,T Kohler-Cadmore,WIA Fernando,Mohammad Hafeez,0,0,,,,,,,,,
1291195,2021/22,2021-12-05,"R Premadasa Stadium, Colombo",2,5.6,Jaffna Kings,Galle Gladiators,T Kohler-Cadmore,WIA Fernando,Mohammad Hafeez,0,0,,,,,,,,,
1291195,2021/22,2021-12-05,"R Premadasa Stadium, Colombo",2,6.1,Jaffna Kings,Galle Gladiators,WIA Fernando,T Kohler-Cadmore,SR Patel,1,0,,,,,,,,,
1291195,2021/22,2021-12-05,"R Premadasa Stadium, Colombo",2,6.2,Jaffna Kings,Galle Gladiators,T Kohler-Cadmore,WIA Fernando,SR Patel,1,0,,,,,,,,,
1291195,2021/22,2021-12-05,"R Premadasa Stadium, Colombo",2,6.3,Jaffna Kings,Galle Gladiators,WIA Fernando,T Kohler-Cadmore,SR Patel,0,0,,,,,,caught,WIA Fernando,,
1291195,2021/22,2021-12-05,"R Premadasa Stadium, Colombo",2,6.4,Jaffna Kings,Galle Gladiators,Sammu Ashan,T Kohler-Cadmore,SR Patel,0,0,,,,,,,,,
1291195,2021/22,2021-12-05,"R Premadasa Stadium, Colombo",2,6.5,Jaffna Kings,Galle Gladiators,Sammu Ashan,T Kohler-Cadmore,SR Patel,0,0,,,,,,,,,
1291195,2021/22,2021-12-05,"R Premadasa Stadium, Colombo",2,6.6,Jaffna Kings,Galle Gladiators,Sammu Ashan,T Kohler-Cadmore,SR Patel,1,0,,,,,,,,,
1291195,2021/22,2021-12-05,"R Premadasa Stadium, Colombo",2,7.1,Jaffna Kings,Galle Gladiators,Sammu Ashan,T Kohler-Cadmore,Mohammad Hafeez,1,0,,,,,,,,,
1291195,2021/22,2021-12-05,"R Premadasa Stadium, Colombo",2,7.2,Jaffna Kings,Galle Gladiators,T Kohler-Cadmore,Sammu Ashan,Mohammad Hafeez,1,0,,,,,,,,,
1291195,2021/22,2021-12-05,"R Premadasa Stadium, Colombo",2,7.3,Jaffna Kings,Galle Gladiators,Sammu Ashan,T Kohler-Cadmore,Mohammad Hafeez,1,0,,,,,,,,,
1291195,2021/22,2021-12-05,"R Premadasa Stadium, Colombo",2,7.4,Jaffna Kings,Galle Gladiators,T Kohler-Cadmore,Sammu Ashan,Mohammad Hafeez,1,0,,,,,,,,,
1291195,2021/22,2021-12-05,"R Premadasa Stadium, Colombo",2,7.5,Jaffna Kings,Galle Gladiators,Sammu Ashan,T Kohler-Cadmore,Mohammad Hafeez,0,0,,,,,,,,,
1291195,2021/22,2021-12-05,"R Premadasa Stadium, Colombo",2,7.6,Jaffna Kings,Galle Gladiators,Sammu Ashan,T Kohler-Cadmore,Mohammad Hafeez,4,0,,,,,,,,,
1291195,2021/22,2021-12-05,"R Premadasa Stadium, Colombo",2,8.1,Jaffna Kings,Galle Gladiators,T Kohler-Cadmore,Sammu Ashan,SR Patel,1,0,,,,,,,,,
1291195,2021/22,2021-12-05,"R Premadasa Stadium, Colombo",2,8.2,Jaffna Kings,Galle Gladiators,Sammu Ashan,T Kohler-Cadmore,SR Patel,1,0,,,,,,,,,
1291195,2021/22,2021-12-05,"R Premadasa Stadium, Colombo",2,8.3,Jaffna Kings,Galle Gladiators,T Kohler-Cadmore,Sammu Ashan,SR Patel,0,0,,,,,,caught,T Kohler-Cadmore,,
1291195,2021/22,2021-12-05,"R Premadasa Stadium, Colombo",2,8.4,Jaffna Kings,Galle Gladiators,Sammu Ashan,NLTC Perera,SR Patel,0,0,,,,,,,,,
1291195,2021/22,2021-12-05,"R Premadasa Stadium, Colombo",2,8.5,Jaffna Kings,Galle Gladiators,Sammu Ashan,NLTC Perera,SR Patel,1,0,,,,,,,,,
1291195,2021/22,2021-12-05,"R Premadasa Stadium, Colombo",2,8.6,Jaffna Kings,Galle Gladiators,NLTC Perera,Sammu Ashan,SR Patel,1,0,,,,,,,,,
1291195,2021/22,2021-12-05,"R Premadasa Stadium, Colombo",2,9.1,Jaffna Kings,Galle Gladiators,NLTC Perera,Sammu Ashan,Mohammad Hafeez,0,0,,,,,,,,,
1291195,2021/22,2021-12-05,"R Premadasa Stadium, Colombo",2,9.2,Jaffna Kings,Galle Gladiators,NLTC Perera,Sammu Ashan,Mohammad Hafeez,1,0,,,,,,,,,
1291195,2021/22,2021-12-05,"R Premadasa Stadium, Colombo",2,9.3,Jaffna Kings,Galle Gladiators,Sammu Ashan,NLTC Perera,Mohammad Hafeez,0,0,,,,,,,,,
1291195,2021/22,2021-12-05,"R Premadasa Stadium, Colombo",2,9.4,Jaffna Kings,Galle Gladiators,Sammu Ashan,NLTC Perera,Mohammad Hafeez,0,0,,,,,,,,,
1291195,2021/22,2021-12-05,"R Premadasa Stadium, Colombo",2,9.5,Jaffna Kings,Galle Gladiators,Sammu Ashan,NLTC Perera,Mohammad Hafeez,1,0,,,,,,,,,
1291195,2021/22,2021-12-05,"R Premadasa Stadium, Colombo",2,9.6,Jaffna Kings,Galle Gladiators,NLTC Perera,Sammu Ashan,Mohammad Hafeez,0,0,,,,,,,,,
1291195,2021/22,2021-12-05,"R Premadasa Stadium, Colombo",2,10.1,Jaffna Kings,Galle Gladiators,Sammu Ashan,NLTC Perera,Noor Ahmad,0,1,,,,1,,,,,
1291195,2021/22,2021-12-05,"R Premadasa Stadium, Colombo",2,10.2,Jaffna Kings,Galle Gladiators,NLTC Perera,Sammu Ashan,Noor Ahmad,4,0,,,,,,,,,
1291195,2021/22,2021-12-05,"R Premadasa Stadium, Colombo",2,10.3,Jaffna Kings,Galle Gladiators,NLTC Perera,Sammu Ashan,Noor Ahmad,1,0,,,,,,,,,
1291195,2021/22,2021-12-05,"R Premadasa Stadium, Colombo",2,10.4,Jaffna Kings,Galle Gladiators,Sammu Ashan,NLTC Perera,Noor Ahmad,1,0,,,,,,,,,
1291195,2021/22,2021-12-05,"R Premadasa Stadium, Colombo",2,10.5,Jaffna Kings,Galle Gladiators,NLTC Perera,Sammu Ashan,Noor Ahmad,0,0,,,,,,,,,
1291195,2021/22,2021-12-05,"R Premadasa Stadium, Colombo",2,10.6,Jaffna Kings,Galle Gladiators,NLTC Perera,Sammu Ashan,Noor Ahmad,1,0,,,,,,,,,
1291195,2021/22,2021-12-05,"R Premadasa Stadium, Colombo",2,11.1,Jaffna Kings,Galle Gladiators,NLTC Perera,Sammu Ashan,LD Madushanka,1,0,,,,,,,,,
1291195,2021/22,2021-12-05,"R Premadasa Stadium, Colombo",2,11.2,Jaffna Kings,Galle Gladiators,Sammu Ashan,NLTC Perera,LD Madushanka,2,0,,,,,,,,,
1291195,2021/22,2021-12-05,"R Premadasa Stadium, Colombo",2,11.3,Jaffna Kings,Galle Gladiators,Sammu Ashan,NLTC Perera,LD Madushanka,1,0,,,,,,,,,
1291195,2021/22,2021-12-05,"R Premadasa Stadium, Colombo",2,11.4,Jaffna Kings,Galle Gladiators,NLTC Perera,Sammu Ashan,LD Madushanka,0,0,,,,,,,,,
1291195,2021/22,2021-12-05,"R Premadasa Stadium, Colombo",2,11.5,Jaffna Kings,Galle Gladiators,NLTC Perera,Sammu Ashan,LD Madushanka,2,0,,,,,,,,,
1291195,2021/22,2021-12-05,"R Premadasa Stadium, Colombo",2,11.6,Jaffna Kings,Galle Gladiators,NLTC Perera,Sammu Ashan,LD Madushanka,0,0,,,,,,caught,NLTC Perera,,
1291195,2021/22,2021-12-05,"R Premadasa Stadium, Colombo",2,12.1,Jaffna Kings,Galle Gladiators,Sammu Ashan,PWH de Silva,Noor Ahmad,1,0,,,,,,,,,
1291195,2021/22,2021-12-05,"R Premadasa Stadium, Colombo",2,12.2,Jaffna Kings,Galle Gladiators,PWH de Silva,Sammu Ashan,Noor Ahmad,0,0,,,,,,,,,
1291195,2021/22,2021-12-05,"R Premadasa Stadium, Colombo",2,12.3,Jaffna Kings,Galle Gladiators,PWH de Silva,Sammu Ashan,Noor Ahmad,0,0,,,,,,,,,
1291195,2021/22,2021-12-05,"R Premadasa Stadium, Colombo",2,12.4,Jaffna Kings,Galle Gladiators,PWH de Silva,Sammu Ashan,Noor Ahmad,0,0,,,,,,bowled,PWH de Silva,,
1291195,2021/22,2021-12-05,"R Premadasa Stadium, Colombo",2,12.5,Jaffna Kings,Galle Gladiators,Wahab Riaz,Sammu Ashan,Noor Ahmad,4,0,,,,,,,,,
1291195,2021/22,2021-12-05,"R Premadasa Stadium, Colombo",2,12.6,Jaffna Kings,Galle Gladiators,Wahab Riaz,Sammu Ashan,Noor Ahmad,0,0,,,,,,,,,
1291195,2021/22,2021-12-05,"R Premadasa Stadium, Colombo",2,13.1,Jaffna Kings,Galle Gladiators,Sammu Ashan,Wahab Riaz,SR Patel,0,0,,,,,,stumped,Sammu Ashan,,
1291195,2021/22,2021-12-05,"R Premadasa Stadium, Colombo",2,13.2,Jaffna Kings,Galle Gladiators,RAS Lakmal,Wahab Riaz,SR Patel,1,0,,,,,,,,,
1291195,2021/22,2021-12-05,"R Premadasa Stadium, Colombo",2,13.3,Jaffna Kings,Galle Gladiators,Wahab Riaz,RAS Lakmal,SR Patel,0,0,,,,,,,,,
1291195,2021/22,2021-12-05,"R Premadasa Stadium, Colombo",2,13.4,Jaffna Kings,Galle Gladiators,Wahab Riaz,RAS Lakmal,SR Patel,0,0,,,,,,,,,
1291195,2021/22,2021-12-05,"R Premadasa Stadium, Colombo",2,13.5,Jaffna Kings,Galle Gladiators,Wahab Riaz,RAS Lakmal,SR Patel,0,0,,,,,,,,,
1291195,2021/22,2021-12-05,"R Premadasa Stadium, Colombo",2,13.6,Jaffna Kings,Galle Gladiators,Wahab Riaz,RAS Lakmal,SR Patel,6,0,,,,,,,,,
1291195,2021/22,2021-12-05,"R Premadasa Stadium, Colombo",2,14.1,Jaffna Kings,Galle Gladiators,RAS Lakmal,Wahab Riaz,Noor Ahmad,1,0,,,,,,,,,
1291195,2021/22,2021-12-05,"R Premadasa Stadium, Colombo",2,14.2,Jaffna Kings,Galle Gladiators,Wahab Riaz,RAS Lakmal,Noor Ahmad,4,0,,,,,,,,,
1291195,2021/22,2021-12-05,"R Premadasa Stadium, Colombo",2,14.3,Jaffna Kings,Galle Gladiators,Wahab Riaz,RAS Lakmal,Noor Ahmad,0,0,,,,,,,,,
1291195,2021/22,2021-12-05,"R Premadasa Stadium, Colombo",2,14.4,Jaffna Kings,Galle Gladiators,Wahab Riaz,RAS Lakmal,Noor Ahmad,0,0,,,,,,,,,
1291195,2021/22,2021-12-05,"R Premadasa Stadium, Colombo",2,14.5,Jaffna Kings,Galle Gladiators,Wahab Riaz,RAS Lakmal,Noor Ahmad,1,0,,,,,,,,,
1291195,2021/22,2021-12-05,"R Premadasa Stadium, Colombo",2,14.6,Jaffna Kings,Galle Gladiators,RAS Lakmal,Wahab Riaz,Noor Ahmad,1,0,,,,,,,,,
1291195,2021/22,2021-12-05,"R Premadasa Stadium, Colombo",2,15.1,Jaffna Kings,Galle Gladiators,RAS Lakmal,Wahab Riaz,Pulina Tharanga,1,0,,,,,,,,,
1291195,2021/22,2021-12-05,"R Premadasa Stadium, Colombo",2,15.2,Jaffna Kings,Galle Gladiators,Wahab Riaz,RAS Lakmal,Pulina Tharanga,0,0,,,,,,,,,
1291195,2021/22,2021-12-05,"R Premadasa Stadium, Colombo",2,15.3,Jaffna Kings,Galle Gladiators,Wahab Riaz,RAS Lakmal,Pulina Tharanga,1,0,,,,,,,,,
1291195,2021/22,2021-12-05,"R Premadasa Stadium, Colombo",2,15.4,Jaffna Kings,Galle Gladiators,RAS Lakmal,Wahab Riaz,Pulina Tharanga,1,0,,,,,,,,,
1291195,2021/22,2021-12-05,"R Premadasa Stadium, Colombo",2,15.5,Jaffna Kings,Galle Gladiators,Wahab Riaz,RAS Lakmal,Pulina Tharanga,0,0,,,,,,,,,
1291195,2021/22,2021-12-05,"R Premadasa Stadium, Colombo",2,15.6,Jaffna Kings,Galle Gladiators,Wahab Riaz,RAS Lakmal,Pulina Tharanga,1,0,,,,,,,,,
1291195,2021/22,2021-12-05,"R Premadasa Stadium, Colombo",2,16.1,Jaffna Kings,Galle Gladiators,Wahab Riaz,RAS Lakmal,Noor Ahmad,0,0,,,,,,,,,
1291195,2021/22,2021-12-05,"R Premadasa Stadium, Colombo",2,16.2,Jaffna Kings,Galle Gladiators,Wahab Riaz,RAS Lakmal,Noor Ahmad,1,0,,,,,,,,,
1291195,2021/22,2021-12-05,"R Premadasa Stadium, Colombo",2,16.3,Jaffna Kings,Galle Gladiators,RAS Lakmal,Wahab Riaz,Noor Ahmad,2,0,,,,,,,,,
1291195,2021/22,2021-12-05,"R Premadasa Stadium, Colombo",2,16.4,Jaffna Kings,Galle Gladiators,RAS Lakmal,Wahab Riaz,Noor Ahmad,1,0,,,,,,,,,
1291195,2021/22,2021-12-05,"R Premadasa Stadium, Colombo",2,16.5,Jaffna Kings,Galle Gladiators,Wahab Riaz,RAS Lakmal,Noor Ahmad,1,0,,,,,,,,,
1291195,2021/22,2021-12-05,"R Premadasa Stadium, Colombo",2,16.6,Jaffna Kings,Galle Gladiators,RAS Lakmal,Wahab Riaz,Noor Ahmad,1,0,,,,,,,,,
1291195,2021/22,2021-12-05,"R Premadasa Stadium, Colombo",2,17.1,Jaffna Kings,Galle Gladiators,RAS Lakmal,Wahab Riaz,Pulina Tharanga,1,0,,,,,,,,,
1291195,2021/22,2021-12-05,"R Premadasa Stadium, Colombo",2,17.2,Jaffna Kings,Galle Gladiators,Wahab Riaz,RAS Lakmal,Pulina Tharanga,2,0,,,,,,,,,
1291195,2021/22,2021-12-05,"R Premadasa Stadium, Colombo",2,17.3,Jaffna Kings,Galle Gladiators,Wahab Riaz,RAS Lakmal,Pulina Tharanga,6,0,,,,,,,,,
1291195,2021/22,2021-12-05,"R Premadasa Stadium, Colombo",2,17.4,Jaffna Kings,Galle Gladiators,Wahab Riaz,RAS Lakmal,Pulina Tharanga,0,0,,,,,,caught,Wahab Riaz,,
1291195,2021/22,2021-12-05,"R Premadasa Stadium, Colombo",2,17.5,Jaffna Kings,Galle Gladiators,RAS Lakmal,M Theekshana,Pulina Tharanga,0,0,,,,,,bowled,RAS Lakmal,,
1291195,2021/22,2021-12-05,"R Premadasa Stadium, Colombo",2,17.6,Jaffna Kings,Galle Gladiators,JNT Seales,M Theekshana,Pulina Tharanga,0,0,,,,,,,,,
1291195,2021/22,2021-12-05,"R Premadasa Stadium, Colombo",2,18.1,Jaffna Kings,Galle Gladiators,M Theekshana,JNT Seales,N Thushara,0,0,,,,,,,,,
1291195,2021/22,2021-12-05,"R Premadasa Stadium, Colombo",2,18.2,Jaffna Kings,Galle Gladiators,M Theekshana,JNT Seales,N Thushara,0,0,,,,,,,,,
1291195,2021/22,2021-12-05,"R Premadasa Stadium, Colombo",2,18.3,Jaffna Kings,Galle Gladiators,M Theekshana,JNT Seales,N Thushara,2,0,,,,,,,,,
1291195,2021/22,2021-12-05,"R Premadasa Stadium, Colombo",2,18.4,Jaffna Kings,Galle Gladiators,M Theekshana,JNT Seales,N Thushara,0,0,,,,,,caught,M Theekshana,,
