match_id,season,start_date,venue,innings,ball,batting_team,bowling_team,striker,non_striker,bowler,runs_off_bat,extras,wides,noballs,byes,legbyes,penalty,wicket_type,player_dismissed,other_wicket_type,other_player_dismissed
1291205,2021/22,2021-12-11,"R Premadasa Stadium, Colombo",1,0.1,Dambulla Giants,Colombo Stars,N Dickwella,PD Salt,R Rampaul,1,0,,,,,,,,,
1291205,2021/22,2021-12-11,"R Premadasa Stadium, Colombo",1,0.2,Dambulla Giants,Colombo Stars,PD Salt,N Dickwella,R Rampaul,4,0,,,,,,,,,
1291205,2021/22,2021-12-11,"R Premadasa Stadium, Colombo",1,0.3,Dambulla Giants,Colombo Stars,PD Salt,N Dickwella,R Rampaul,0,0,,,,,,,,,
1291205,2021/22,2021-12-11,"R Premadasa Stadium, Colombo",1,0.4,Dambulla Giants,Colombo Stars,PD Salt,N Dickwella,R Rampaul,0,0,,,,,,,,,
1291205,2021/22,2021-12-11,"R Premadasa Stadium, Colombo",1,0.5,Dambulla Giants,Colombo Stars,PD Salt,N Dickwella,R Rampaul,0,0,,,,,,,,,
1291205,2021/22,2021-12-11,"R Premadasa Stadium, Colombo",1,0.6,Dambulla Giants,Colombo Stars,PD Salt,N Dickwella,R Rampaul,2,0,,,,,,,,,
1291205,2021/22,2021-12-11,"R Premadasa Stadium, Colombo",1,1.1,Dambulla Giants,Colombo Stars,N Dickwella,PD Salt,PVD Chameera,4,0,,,,,,,,,
1291205,2021/22,2021-12-11,"R Premadasa Stadium, Colombo",1,1.2,Dambulla Giants,Colombo Stars,N Dickwella,PD Salt,PVD Chameera,0,0,,,,,,,,,
1291205,2021/22,2021-12-11,"R Premadasa Stadium, Colombo",1,1.3,Dambulla Giants,Colombo Stars,N Dickwella,PD Salt,PVD Chameera,4,0,,,,,,,,,
1291205,2021/22,2021-12-11,"R Premadasa Stadium, Colombo",1,1.4,Dambulla Giants,Colombo Stars,N Dickwella,PD Salt,PVD Chameera,4,0,,,,,,,,,
1291205,2021/22,2021-12-11,"R Premadasa Stadium, Colombo",1,1.5,Dambulla Giants,Colombo Stars,N Dickwella,PD Salt,PVD Chameera,0,1,1,,,,,,,,
1291205,2021/22,2021-12-11,"R Premadasa Stadium, Colombo",1,1.6,Dambulla Giants,Colombo Stars,N Dickwella,PD Salt,PVD Chameera,0,0,,,,,,,,,
1291205,2021/22,2021-12-11,"R Premadasa Stadium, Colombo",1,1.7,Dambulla Giants,Colombo Stars,N Dickwella,PD Salt,PVD Chameera,4,0,,,,,,,,,
1291205,2021/22,2021-12-11,"R Premadasa Stadium, Colombo",1,2.1,Dambulla Giants,Colombo Stars,PD Salt,N Dickwella,R Rampaul,0,0,,,,,,,,,
1291205,2021/22,2021-12-11,"R Premadasa Stadium, Colombo",1,2.2,Dambulla Giants,Colombo Stars,PD Salt,N Dickwella,R Rampaul,4,0,,,,,,,,,
1291205,2021/22,2021-12-11,"R Premadasa Stadium, Colombo",1,2.3,Dambulla Giants,Colombo Stars,PD Salt,N Dickwella,R Rampaul,1,0,,,,,,,,,
1291205,2021/22,2021-12-11,"R Premadasa Stadium, Colombo",1,2.4,Dambulla Giants,Colombo Stars,N Dickwella,PD Salt,R Rampaul,0,0,,,,,,,,,
1291205,2021/22,2021-12-11,"R Premadasa Stadium, Colombo",1,2.5,Dambulla Giants,Colombo Stars,N Dickwella,PD Salt,R Rampaul,2,0,,,,,,,,,
1291205,2021/22,2021-12-11,"R Premadasa Stadium, Colombo",1,2.6,Dambulla Giants,Colombo Stars,N Dickwella,PD Salt,R Rampaul,1,0,,,,,,,,,
1291205,2021/22,2021-12-11,"R Premadasa Stadium, Colombo",1,3.1,Dambulla Giants,Colombo Stars,N Dickwella,PD Salt,S Prasanna,0,0,,,,,,,,,
1291205,2021/22,2021-12-11,"R Premadasa Stadium, Colombo",1,3.2,Dambulla Giants,Colombo Stars,N Dickwella,PD Salt,S Prasanna,4,0,,,,,,,,,
1291205,2021/22,2021-12-11,"R Premadasa Stadium, Colombo",1,3.3,Dambulla Giants,Colombo Stars,N Dickwella,PD Salt,S Prasanna,1,0,,,,,,,,,
1291205,2021/22,2021-12-11,"R Premadasa Stadium, Colombo",1,3.4,Dambulla Giants,Colombo Stars,PD Salt,N Dickwella,S Prasanna,0,0,,,,,,,,,
1291205,2021/22,2021-12-11,"R Premadasa Stadium, Colombo",1,3.5,Dambulla Giants,Colombo Stars,PD Salt,N Dickwella,S Prasanna,0,0,,,,,,,,,
1291205,2021/22,2021-12-11,"R Premadasa Stadium, Colombo",1,3.6,Dambulla Giants,Colombo Stars,PD Salt,N Dickwella,S Prasanna,1,0,,,,,,,,,
1291205,2021/22,2021-12-11,"R Premadasa Stadium, Colombo",1,4.1,Dambulla Giants,Colombo Stars,PD Salt,N Dickwella,DM de Silva,1,0,,,,,,,,,
1291205,2021/22,2021-12-11,"R Premadasa Stadium, Colombo",1,4.2,Dambulla Giants,Colombo Stars,N Dickwella,PD Salt,DM de Silva,4,0,,,,,,,,,
1291205,2021/22,2021-12-11,"R Premadasa Stadium, Colombo",1,4.3,Dambulla Giants,Colombo Stars,N Dickwella,PD Salt,DM de Silva,1,0,,,,,,,,,
1291205,2021/22,2021-12-11,"R Premadasa Stadium, Colombo",1,4.4,Dambulla Giants,Colombo Stars,PD Salt,N Dickwella,DM de Silva,4,0,,,,,,,,,
1291205,2021/22,2021-12-11,"R Premadasa Stadium, Colombo",1,4.5,Dambulla Giants,Colombo Stars,PD Salt,N Dickwella,DM de Silva,0,0,,,,,,,,,
1291205,2021/22,2021-12-11,"R Premadasa Stadium, Colombo",1,4.6,Dambulla Giants,Colombo Stars,PD Salt,N Dickwella,DM de Silva,0,0,,,,,,,,,
1291205,2021/22,2021-12-11,"R Premadasa Stadium, Colombo",1,5.1,Dambulla Giants,Colombo Stars,N Dickwella,PD Salt,S Prasanna,0,0,,,,,,caught,N Dickwella,,
1291205,2021/22,2021-12-11,"R Premadasa Stadium, Colombo",1,5.2,Dambulla Giants,Colombo Stars,Sohaib Maqsood,PD Salt,S Prasanna,1,0,,,,,,,,,
1291205,2021/22,2021-12-11,"R Premadasa Stadium, Colombo",1,5.3,Dambulla Giants,Colombo Stars,PD Salt,Sohaib Maqsood,S Prasanna,4,0,,,,,,,,,
1291205,2021/22,2021-12-11,"R Premadasa Stadium, Colombo",1,5.4,Dambulla Giants,Colombo Stars,PD Salt,Sohaib Maqsood,S Prasanna,0,0,,,,,,,,,
1291205,2021/22,2021-12-11,"R Premadasa Stadium, Colombo",1,5.5,Dambulla Giants,Colombo Stars,PD Salt,Sohaib Maqsood,S Prasanna,0,0,,,,,,stumped,PD Salt,,
1291205,2021/22,2021-12-11,"R Premadasa Stadium, Colombo",1,5.6,Dambulla Giants,Colombo Stars,KTH Ratnayake,Sohaib Maqsood,S Prasanna,0,0,,,,,,,,,
1291205,2021/22,2021-12-11,"R Premadasa Stadium, Colombo",1,6.1,Dambulla Giants,Colombo Stars,Sohaib Maqsood,KTH Ratnayake,PVD Chameera,4,0,,,,,,,,,
1291205,2021/22,2021-12-11,"R Premadasa Stadium, Colombo",1,6.2,Dambulla Giants,Colombo Stars,Sohaib Maqsood,KTH Ratnayake,PVD Chameera,0,0,,,,,,,,,
1291205,2021/22,2021-12-11,"R Premadasa Stadium, Colombo",1,6.3,Dambulla Giants,Colombo Stars,Sohaib Maqsood,KTH Ratnayake,PVD Chameera,0,0,,,,,,,,,
1291205,2021/22,2021-12-11,"R Premadasa Stadium, Colombo",1,6.4,Dambulla Giants,Colombo Stars,Sohaib Maqsood,KTH Ratnayake,PVD Chameera,4,0,,,,,,,,,
1291205,2021/22,2021-12-11,"R Premadasa Stadium, Colombo",1,6.5,Dambulla Giants,Colombo Stars,Sohaib Maqsood,KTH Ratnayake,PVD Chameera,0,0,,,,,,,,,
1291205,2021/22,2021-12-11,"R Premadasa Stadium, Colombo",1,6.6,Dambulla Giants,Colombo Stars,Sohaib Maqsood,KTH Ratnayake,PVD Chameera,1,0,,,,,,,,,
1291205,2021/22,2021-12-11,"R Premadasa Stadium, Colombo",1,7.1,Dambulla Giants,Colombo Stars,Sohaib Maqsood,KTH Ratnayake,Naveen-ul-Haq,0,0,,,,,,,,,
1291205,2021/22,2021-12-11,"R Premadasa Stadium, Colombo",1,7.2,Dambulla Giants,Colombo Stars,Sohaib Maqsood,KTH Ratnayake,Naveen-ul-Haq,0,0,,,,,,,,,
1291205,2021/22,2021-12-11,"R Premadasa Stadium, Colombo",1,7.3,Dambulla Giants,Colombo Stars,Sohaib Maqsood,KTH Ratnayake,Naveen-ul-Haq,0,0,,,,,,,,,
1291205,2021/22,2021-12-11,"R Premadasa Stadium, Colombo",1,7.4,Dambulla Giants,Colombo Stars,Sohaib Maqsood,KTH Ratnayake,Naveen-ul-Haq,1,0,,,,,,,,,
1291205,2021/22,2021-12-11,"R Premadasa Stadium, Colombo",1,7.5,Dambulla Giants,Colombo Stars,KTH Ratnayake,Sohaib Maqsood,Naveen-ul-Haq,0,0,,,,,,,,,
1291205,2021/22,2021-12-11,"R Premadasa Stadium, Colombo",1,7.6,Dambulla Giants,Colombo Stars,KTH Ratnayake,Sohaib Maqsood,Naveen-ul-Haq,0,2,,,,2,,,,,
1291205,2021/22,2021-12-11,"R Premadasa Stadium, Colombo",1,8.1,Dambulla Giants,Colombo Stars,Sohaib Maqsood,KTH Ratnayake,SMA Priyanjan,1,0,,,,,,,,,
1291205,2021/22,2021-12-11,"R Premadasa Stadium, Colombo",1,8.2,Dambulla Giants,Colombo Stars,KTH Ratnayake,Sohaib Maqsood,SMA Priyanjan,1,0,,,,,,,,,
1291205,2021/22,2021-12-11,"R Premadasa Stadium, Colombo",1,8.3,Dambulla Giants,Colombo Stars,Sohaib Maqsood,KTH Ratnayake,SMA Priyanjan,4,0,,,,,,,,,
1291205,2021/22,2021-12-11,"R Premadasa Stadium, Colombo",1,8.4,Dambulla Giants,Colombo Stars,Sohaib Maqsood,KTH Ratnayake,SMA Priyanjan,1,0,,,,,,,,,
1291205,2021/22,2021-12-11,"R Premadasa Stadium, Colombo",1,8.5,Dambulla Giants,Colombo Stars,KTH Ratnayake,Sohaib Maqsood,SMA Priyanjan,1,0,,,,,,,,,
1291205,2021/22,2021-12-11,"R Premadasa Stadium, Colombo",1,8.6,Dambulla Giants,Colombo Stars,Sohaib Maqsood,KTH Ratnayake,SMA Priyanjan,0,0,,,,,,,,,
1291205,2021/22,2021-12-11,"R Premadasa Stadium, Colombo",1,9.1,Dambulla Giants,Colombo Stars,KTH Ratnayake,Sohaib Maqsood,JDF Vandersay,0,4,,,4,,,,,,
1291205,2021/22,2021-12-11,"R Premadasa Stadium, Colombo",1,9.2,Dambulla Giants,Colombo Stars,KTH Ratnayake,Sohaib Maqsood,JDF Vandersay,1,0,,,,,,,,,
1291205,2021/22,2021-12-11,"R Premadasa Stadium, Colombo",1,9.3,Dambulla Giants,Colombo Stars,Sohaib Maqsood,KTH Ratnayake,JDF Vandersay,0,0,,,,,,,,,
1291205,2021/22,2021-12-11,"R Premadasa Stadium, Colombo",1,9.4,Dambulla Giants,Colombo Stars,Sohaib Maqsood,KTH Ratnayake,JDF Vandersay,4,0,,,,,,,,,
1291205,2021/22,2021-12-11,"R Premadasa Stadium, Colombo",1,9.5,Dambulla Giants,Colombo Stars,Sohaib Maqsood,KTH Ratnayake,JDF Vandersay,1,0,,,,,,,,,
1291205,2021/22,2021-12-11,"R Premadasa Stadium, Colombo",1,9.6,Dambulla Giants,Colombo Stars,KTH Ratnayake,Sohaib Maqsood,JDF Vandersay,1,0,,,,,,,,,
1291205,2021/22,2021-12-11,"R Premadasa Stadium, Colombo",1,10.1,Dambulla Giants,Colombo Stars,KTH Ratnayake,Sohaib Maqsood,Naveen-ul-Haq,0,0,,,,,,,,,
1291205,2021/22,2021-12-11,"R Premadasa Stadium, Colombo",1,10.2,Dambulla Giants,Colombo Stars,KTH Ratnayake,Sohaib Maqsood,Naveen-ul-Haq,0,0,,,,,,,,,
1291205,2021/22,2021-12-11,"R Premadasa Stadium, Colombo",1,10.3,Dambulla Giants,Colombo Stars,KTH Ratnayake,Sohaib Maqsood,Naveen-ul-Haq,0,0,,,,,,,,,
1291205,2021/22,2021-12-11,"R Premadasa Stadium, Colombo",1,10.4,Dambulla Giants,Colombo Stars,KTH Ratnayake,Sohaib Maqsood,Naveen-ul-Haq,1,0,,,,,,,,,
1291205,2021/22,2021-12-11,"R Premadasa Stadium, Colombo",1,10.5,Dambulla Giants,Colombo Stars,Sohaib Maqsood,KTH Ratnayake,Naveen-ul-Haq,0,1,1,,,,,,,,
1291205,2021/22,2021-12-11,"R Premadasa Stadium, Colombo",1,10.6,Dambulla Giants,Colombo Stars,Sohaib Maqsood,KTH Ratnayake,Naveen-ul-Haq,1,0,,,,,,,,,
1291205,2021/22,2021-12-11,"R Premadasa Stadium, Colombo",1,10.7,Dambulla Giants,Colombo Stars,KTH Ratnayake,Sohaib Maqsood,Naveen-ul-Haq,0,0,,,,,,,,,
1291205,2021/22,2021-12-11,"R Premadasa Stadium, Colombo",1,11.1,Dambulla Giants,Colombo Stars,Sohaib Maqsood,KTH Ratnayake,JDF Vandersay,0,0,,,,,,,,,
1291205,2021/22,2021-12-11,"R Premadasa Stadium, Colombo",1,11.2,Dambulla Giants,Colombo Stars,Sohaib Maqsood,KTH Ratnayake,JDF Vandersay,1,0,,,,,,,,,
1291205,2021/22,2021-12-11,"R Premadasa Stadium, Colombo",1,11.3,Dambulla Giants,Colombo Stars,KTH Ratnayake,Sohaib Maqsood,JDF Vandersay,0,0,,,,,,,,,
1291205,2021/22,2021-12-11,"R Premadasa Stadium, Colombo",1,11.4,Dambulla Giants,Colombo Stars,KTH Ratnayake,Sohaib Maqsood,JDF Vandersay,0,0,,,,,,caught,KTH Ratnayake,,
1291205,2021/22,2021-12-11,"R Premadasa Stadium, Colombo",1,11.5,Dambulla Giants,Colombo Stars,Sohaib Maqsood,Najibullah Zadran,JDF Vandersay,0,0,,,,,,lbw,Sohaib Maqsood,,
1291205,2021/22,2021-12-11,"R Premadasa Stadium, Colombo",1,11.6,Dambulla Giants,Colombo Stars,MD Shanaka,Najibullah Zadran,JDF Vandersay,0,0,,,,,,,,,
1291205,2021/22,2021-12-11,"R Premadasa Stadium, Colombo",1,12.1,Dambulla Giants,Colombo Stars,Najibullah Zadran,MD Shanaka,S Prasanna,0,0,,,,,,,,,
1291205,2021/22,2021-12-11,"R Premadasa Stadium, Colombo",1,12.2,Dambulla Giants,Colombo Stars,Najibullah Zadran,MD Shanaka,S Prasanna,0,0,,,,,,,,,
1291205,2021/22,2021-12-11,"R Premadasa Stadium, Colombo",1,12.3,Dambulla Giants,Colombo Stars,Najibullah Zadran,MD Shanaka,S Prasanna,0,0,,,,,,,,,
1291205,2021/22,2021-12-11,"R Premadasa Stadium, Colombo",1,12.4,Dambulla Giants,Colombo Stars,Najibullah Zadran,MD Shanaka,S Prasanna,2,0,,,,,,,,,
1291205,2021/22,2021-12-11,"R Premadasa Stadium, Colombo",1,12.5,Dambulla Giants,Colombo Stars,Najibullah Zadran,MD Shanaka,S Prasanna,0,0,,,,,,,,,
1291205,2021/22,2021-12-11,"R Premadasa Stadium, Colombo",1,12.6,Dambulla Giants,Colombo Stars,Najibullah Zadran,MD Shanaka,S Prasanna,1,0,,,,,,,,,
1291205,2021/22,2021-12-11,"R Premadasa Stadium, Colombo",1,13.1,Dambulla Giants,Colombo Stars,Najibullah Zadran,MD Shanaka,JDF Vandersay,1,0,,,,,,,,,
1291205,2021/22,2021-12-11,"R Premadasa Stadium, Colombo",1,13.2,Dambulla Giants,Colombo Stars,MD Shanaka,Najibullah Zadran,JDF Vandersay,2,0,,,,,,,,,
1291205,2021/22,2021-12-11,"R Premadasa Stadium, Colombo",1,13.3,Dambulla Giants,Colombo Stars,MD Shanaka,Najibullah Zadran,JDF Vandersay,2,0,,,,,,,,,
1291205,2021/22,2021-12-11,"R Premadasa Stadium, Colombo",1,13.4,Dambulla Giants,Colombo Stars,MD Shanaka,Najibullah Zadran,JDF Vandersay,4,0,,,,,,,,,
1291205,2021/22,2021-12-11,"R Premadasa Stadium, Colombo",1,13.5,Dambulla Giants,Colombo Stars,MD Shanaka,Najibullah Zadran,JDF Vandersay,1,0,,,,,,,,,
1291205,2021/22,2021-12-11,"R Premadasa Stadium, Colombo",1,13.6,Dambulla Giants,Colombo Stars,Najibullah Zadran,MD Shanaka,JDF Vandersay,1,0,,,,,,,,,
1291205,2021/22,2021-12-11,"R Premadasa Stadium, Colombo",1,14.1,Dambulla Giants,Colombo Stars,Najibullah Zadran,MD Shanaka,DM de Silva,0,0,,,,,,,,,
1291205,2021/22,2021-12-11,"R Premadasa Stadium, Colombo",1,14.2,Dambulla Giants,Colombo Stars,Najibullah Zadran,MD Shanaka,DM de Silva,0,0,,,,,,,,,
1291205,2021/22,2021-12-11,"R Premadasa Stadium, Colombo",1,14.3,Dambulla Giants,Colombo Stars,Najibullah Zadran,MD Shanaka,DM de Silva,0,0,,,,,,,,,
1291205,2021/22,2021-12-11,"R Premadasa Stadium, Colombo",1,14.4,Dambulla Giants,Colombo Stars,Najibullah Zadran,MD Shanaka,DM de Silva,1,0,,,,,,,,,
1291205,2021/22,2021-12-11,"R Premadasa Stadium, Colombo",1,14.5,Dambulla Giants,Colombo Stars,MD Shanaka,Najibullah Zadran,DM de Silva,1,0,,,,,,,,,
1291205,2021/22,2021-12-11,"R Premadasa Stadium, Colombo",1,14.6,Dambulla Giants,Colombo Stars,Najibullah Zadran,MD Shanaka,DM de Silva,1,0,,,,,,,,,
1291205,2021/22,2021-12-11,"R Premadasa Stadium, Colombo",1,15.1,Dambulla Giants,Colombo Stars,Najibullah Zadran,MD Shanaka,JDF Vandersay,4,0,,,,,,,,,
1291205,2021/22,2021-12-11,"R Premadasa Stadium, Colombo",1,15.2,Dambulla Giants,Colombo Stars,Najibullah Zadran,MD Shanaka,JDF Vandersay,0,0,,,,,,lbw,Najibullah Zadran,,
1291205,2021/22,2021-12-11,"R Premadasa Stadium, Colombo",1,15.3,Dambulla Giants,Colombo Stars,RTM Mendis,MD Shanaka,JDF Vandersay,1,0,,,,,,,,,
1291205,2021/22,2021-12-11,"R Premadasa Stadium, Colombo",1,15.4,Dambulla Giants,Colombo Stars,MD Shanaka,RTM Mendis,JDF Vandersay,0,0,,,,,,,,,
1291205,2021/22,2021-12-11,"R Premadasa Stadium, Colombo",1,15.5,Dambulla Giants,Colombo Stars,MD Shanaka,RTM Mendis,JDF Vandersay,0,0,,,,,,,,,
1291205,2021/22,2021-12-11,"R Premadasa Stadium, Colombo",1,15.6,Dambulla Giants,Colombo Stars,MD Shanaka,RTM Mendis,JDF Vandersay,1,0,,,,,,,,,
1291205,2021/22,2021-12-11,"R Premadasa Stadium, Colombo",1,16.1,Dambulla Giants,Colombo Stars,MD Shanaka,RTM Mendis,S Prasanna,0,0,,,,,,,,,
1291205,2021/22,2021-12-11,"R Premadasa Stadium, Colombo",1,16.2,Dambulla Giants,Colombo Stars,MD Shanaka,RTM Mendis,S Prasanna,1,0,,,,,,,,,
1291205,2021/22,2021-12-11,"R Premadasa Stadium, Colombo",1,16.3,Dambulla Giants,Colombo Stars,RTM Mendis,MD Shanaka,S Prasanna,1,0,,,,,,,,,
1291205,2021/22,2021-12-11,"R Premadasa Stadium, Colombo",1,16.4,Dambulla Giants,Colombo Stars,MD Shanaka,RTM Mendis,S Prasanna,0,1,,,,1,,,,,
1291205,2021/22,2021-12-11,"R Premadasa Stadium, Colombo",1,16.5,Dambulla Giants,Colombo Stars,RTM Mendis,MD Shanaka,S Prasanna,1,0,,,,,,,,,
1291205,2021/22,2021-12-11,"R Premadasa Stadium, Colombo",1,16.6,Dambulla Giants,Colombo Stars,MD Shanaka,RTM Mendis,S Prasanna,0,0,,,,,,,,,
1291205,2021/22,2021-12-11,"R Premadasa Stadium, Colombo",1,17.1,Dambulla Giants,Colombo Stars,RTM Mendis,MD Shanaka,R Rampaul,0,0,,,,,,,,,
1291205,2021/22,2021-12-11,"R Premadasa Stadium, Colombo",1,17.2,Dambulla Giants,Colombo Stars,RTM Mendis,MD Shanaka,R Rampaul,1,0,,,,,,,,,
1291205,2021/22,2021-12-11,"R Premadasa Stadium, Colombo",1,17.3,Dambulla Giants,Colombo Stars,MD Shanaka,RTM Mendis,R Rampaul,4,0,,,,,,,,,
1291205,2021/22,2021-12-11,"R Premadasa Stadium, Colombo",1,17.4,Dambulla Giants,Colombo Stars,MD Shanaka,RTM Mendis,R Rampaul,0,0,,,,,,caught,MD Shanaka,,
1291205,2021/22,2021-12-11,"R Premadasa Stadium, Colombo",1,17.5,Dambulla Giants,Colombo Stars,RTM Mendis,C Karunaratne,R Rampaul,3,0,,,,,,,,,
1291205,2021/22,2021-12-11,"R Premadasa Stadium, Colombo",1,17.6,Dambulla Giants,Colombo Stars,C Karunaratne,RTM Mendis,R Rampaul,0,0,,,,,,,,,
1291205,2021/22,2021-12-11,"R Premadasa Stadium, Colombo",1,18.1,Dambulla Giants,Colombo Stars,RTM Mendis,C Karunaratne,Naveen-ul-Haq,1,0,,,,,,,,,
1291205,2021/22,2021-12-11,"R Premadasa Stadium, Colombo",1,18.2,Dambulla Giants,Colombo Stars,C Karunaratne,RTM Mendis,Naveen-ul-Haq,2,0,,,,,,,,,
1291205,2021/22,2021-12-11,"R Premadasa Stadium, Colombo",1,18.3,Dambulla Giants,Colombo Stars,C Karunaratne,RTM Mendis,Naveen-ul-Haq,2,0,,,,,,,,,
1291205,2021/22,2021-12-11,"R Premadasa Stadium, Colombo",1,18.4,Dambulla Giants,Colombo Stars,C Karunaratne,RTM Mendis,Naveen-ul-Haq,0,0,,,,,,,,,
1291205,2021/22,2021-12-11,"R Premadasa Stadium, Colombo",1,18.5,Dambulla Giants,Colombo Stars,C Karunaratne,RTM Mendis,Naveen-ul-Haq,0,0,,,,,,,,,
1291205,2021/22,2021-12-11,"R Premadasa Stadium, Colombo",1,18.6,Dambulla Giants,Colombo Stars,C Karunaratne,RTM Mendis,Naveen-ul-Haq,6,0,,,,,,,,,
1291205,2021/22,2021-12-11,"R Premadasa Stadium, Colombo",1,19.1,Dambulla Giants,Colombo Stars,RTM Mendis,C Karunaratne,R Rampaul,0,0,,,,,,caught,RTM Mendis,,
1291205,2021/22,2021-12-11,"R Premadasa Stadium, Colombo",1,19.2,Dambulla Giants,Colombo Stars,S Jayathilake,C Karunaratne,R Rampaul,1,0,,,,,,,,,
1291205,2021/22,2021-12-11,"R Premadasa Stadium, Colombo",1,19.3,Dambulla Giants,Colombo Stars,C Karunaratne,S Jayathilake,R Rampaul,0,0,,,,,,,,,
1291205,2021/22,2021-12-11,"R Premadasa Stadium, Colombo",1,19.4,Dambulla Giants,Colombo Stars,C Karunaratne,S Jayathilake,R Rampaul,0,0,,,,,,,,,
1291205,2021/22,2021-12-11,"R Premadasa Stadium, Colombo",1,19.5,Dambulla Giants,Colombo Stars,C Karunaratne,S Jayathilake,R Rampaul,0,1,1,,,,,run out,S Jayathilake,,
1291205,2021/22,2021-12-11,"R Premadasa Stadium, Colombo",1,19.6,Dambulla Giants,Colombo Stars,C Karunaratne,N Pradeep,R Rampaul,2,0,,,,,,,,,
1291205,2021/22,2021-12-11,"R Premadasa Stadium, Colombo",1,19.7,Dambulla Giants,Colombo Stars,C Karunaratne,N Pradeep,R Rampaul,0,0,,,,,,lbw,C Karunaratne,,
1291205,2021/22,2021-12-11,"R Premadasa Stadium, Colombo",2,0.1,Colombo Stars,Dambulla Giants,MDKJ Perera,T Banton,KTH Ratnayake,4,0,,,,,,,,,
1291205,2021/22,2021-12-11,"R Premadasa Stadium, Colombo",2,0.2,Colombo Stars,Dambulla Giants,MDKJ Perera,T Banton,KTH Ratnayake,0,1,1,,,,,,,,
1291205,2021/22,2021-12-11,"R Premadasa Stadium, Colombo",2,0.3,Colombo Stars,Dambulla Giants,MDKJ Perera,T Banton,KTH Ratnayake,1,0,,,,,,,,,
1291205,2021/22,2021-12-11,"R Premadasa Stadium, Colombo",2,0.4,Colombo Stars,Dambulla Giants,T Banton,MDKJ Perera,KTH Ratnayake,0,0,,,,,,,,,
1291205,2021/22,2021-12-11,"R Premadasa Stadium, Colombo",2,0.5,Colombo Stars,Dambulla Giants,T Banton,MDKJ Perera,KTH Ratnayake,0,0,,,,,,,,,
1291205,2021/22,2021-12-11,"R Premadasa Stadium, Colombo",2,0.6,Colombo Stars,Dambulla Giants,T Banton,MDKJ Perera,KTH Ratnayake,0,0,,,,,,,,,
1291205,2021/22,2021-12-11,"R Premadasa Stadium, Colombo",2,0.7,Colombo Stars,Dambulla Giants,T Banton,MDKJ Perera,KTH Ratnayake,1,0,,,,,,,,,
1291205,2021/22,2021-12-11,"R Premadasa Stadium, Colombo",2,1.1,Colombo Stars,Dambulla Giants,T Banton,MDKJ Perera,RTM Mendis,2,0,,,,,,,,,
1291205,2021/22,2021-12-11,"R Premadasa Stadium, Colombo",2,1.2,Colombo Stars,Dambulla Giants,T Banton,MDKJ Perera,RTM Mendis,0,0,,,,,,,,,
1291205,2021/22,2021-12-11,"R Premadasa Stadium, Colombo",2,1.3,Colombo Stars,Dambulla Giants,T Banton,MDKJ Perera,RTM Mendis,4,0,,,,,,,,,
1291205,2021/22,2021-12-11,"R Premadasa Stadium, Colombo",2,1.4,Colombo Stars,Dambulla Giants,T Banton,MDKJ Perera,RTM Mendis,0,0,,,,,,,,,
1291205,2021/22,2021-12-11,"R Premadasa Stadium, Colombo",2,1.5,Colombo Stars,Dambulla Giants,T Banton,MDKJ Perera,RTM Mendis,1,0,,,,,,,,,
1291205,2021/22,2021-12-11,"R Premadasa Stadium, Colombo",2,1.6,Colombo Stars,Dambulla Giants,MDKJ Perera,T Banton,RTM Mendis,0,0,,,,,,,,,
1291205,2021/22,2021-12-11,"R Premadasa Stadium, Colombo",2,2.1,Colombo Stars,Dambulla Giants,T Banton,MDKJ Perera,Imran Tahir,0,0,,,,,,,,,
1291205,2021/22,2021-12-11,"R Premadasa Stadium, Colombo",2,2.2,Colombo Stars,Dambulla Giants,T Banton,MDKJ Perera,Imran Tahir,0,0,,,,,,lbw,T Banton,,
1291205,2021/22,2021-12-11,"R Premadasa Stadium, Colombo",2,2.3,Colombo Stars,Dambulla Giants,SMA Priyanjan,MDKJ Perera,Imran Tahir,0,0,,,,,,,,,
1291205,2021/22,2021-12-11,"R Premadasa Stadium, Colombo",2,2.4,Colombo Stars,Dambulla Giants,SMA Priyanjan,MDKJ Perera,Imran Tahir,1,0,,,,,,,,,
1291205,2021/22,2021-12-11,"R Premadasa Stadium, Colombo",2,2.5,Colombo Stars,Dambulla Giants,MDKJ Perera,SMA Priyanjan,Imran Tahir,0,0,,,,,,,,,
1291205,2021/22,2021-12-11,"R Premadasa Stadium, Colombo",2,2.6,Colombo Stars,Dambulla Giants,MDKJ Perera,SMA Priyanjan,Imran Tahir,0,0,,,,,,,,,
1291205,2021/22,2021-12-11,"R Premadasa Stadium, Colombo",2,3.1,Colombo Stars,Dambulla Giants,SMA Priyanjan,MDKJ Perera,KTH Ratnayake,0,2,2,,,,,,,,
1291205,2021/22,2021-12-11,"R Premadasa Stadium, Colombo",2,3.2,Colombo Stars,Dambulla Giants,MDKJ Perera,SMA Priyanjan,KTH Ratnayake,0,0,,,,,,,,,
1291205,2021/22,2021-12-11,"R Premadasa Stadium, Colombo",2,3.3,Colombo Stars,Dambulla Giants,MDKJ Perera,SMA Priyanjan,KTH Ratnayake,0,0,,,,,,bowled,MDKJ Perera,,
1291205,2021/22,2021-12-11,"R Premadasa Stadium, Colombo",2,3.4,Colombo Stars,Dambulla Giants,DM de Silva,SMA Priyanjan,KTH Ratnayake,0,0,,,,,,,,,
1291205,2021/22,2021-12-11,"R Premadasa Stadium, Colombo",2,3.5,Colombo Stars,Dambulla Giants,DM de Silva,SMA Priyanjan,KTH Ratnayake,0,0,,,,,,,,,
1291205,2021/22,2021-12-11,"R Premadasa Stadium, Colombo",2,3.6,Colombo Stars,Dambulla Giants,DM de Silva,SMA Priyanjan,KTH Ratnayake,4,0,,,,,,,,,
1291205,2021/22,2021-12-11,"R Premadasa Stadium, Colombo",2,3.7,Colombo Stars,Dambulla Giants,DM de Silva,SMA Priyanjan,KTH Ratnayake,1,0,,,,,,,,,
1291205,2021/22,2021-12-11,"R Premadasa Stadium, Colombo",2,4.1,Colombo Stars,Dambulla Giants,DM de Silva,SMA Priyanjan,S Jayathilake,4,0,,,,,,,,,
1291205,2021/22,2021-12-11,"R Premadasa Stadium, Colombo",2,4.2,Colombo Stars,Dambulla Giants,DM de Silva,SMA Priyanjan,S Jayathilake,1,0,,,,,,,,,
1291205,2021/22,2021-12-11,"R Premadasa Stadium, Colombo",2,4.3,Colombo Stars,Dambulla Giants,SMA Priyanjan,DM de Silva,S Jayathilake,1,0,,,,,,,,,
1291205,2021/22,2021-12-11,"R Premadasa Stadium, Colombo",2,4.4,Colombo Stars,Dambulla Giants,DM de Silva,SMA Priyanjan,S Jayathilake,0,0,,,,,,,,,
1291205,2021/22,2021-12-11,"R Premadasa Stadium, Colombo",2,4.5,Colombo Stars,Dambulla Giants,DM de Silva,SMA Priyanjan,S Jayathilake,0,0,,,,,,,,,
1291205,2021/22,2021-12-11,"R Premadasa Stadium, Colombo",2,4.6,Colombo Stars,Dambulla Giants,DM de Silva,SMA Priyanjan,S Jayathilake,1,0,,,,,,,,,
1291205,2021/22,2021-12-11,"R Premadasa Stadium, Colombo",2,5.1,Colombo Stars,Dambulla Giants,DM de Silva,SMA Priyanjan,Imran Tahir,1,0,,,,,,,,,
1291205,2021/22,2021-12-11,"R Premadasa Stadium, Colombo",2,5.2,Colombo Stars,Dambulla Giants,SMA Priyanjan,DM de Silva,Imran Tahir,1,0,,,,,,,,,
1291205,2021/22,2021-12-11,"R Premadasa Stadium, Colombo",2,5.3,Colombo Stars,Dambulla Giants,DM de Silva,SMA Priyanjan,Imran Tahir,0,0,,,,,,,,,
1291205,2021/22,2021-12-11,"R Premadasa Stadium, Colombo",2,5.4,Colombo Stars,Dambulla Giants,DM de Silva,SMA Priyanjan,Imran Tahir,0,0,,,,,,,,,
1291205,2021/22,2021-12-11,"R Premadasa Stadium, Colombo",2,5.5,Colombo Stars,Dambulla Giants,DM de Silva,SMA Priyanjan,Imran Tahir,1,0,,,,,,,,,
1291205,2021/22,2021-12-11,"R Premadasa Stadium, Colombo",2,5.6,Colombo Stars,Dambulla Giants,SMA Priyanjan,DM de Silva,Imran Tahir,0,0,,,,,,lbw,SMA Priyanjan,,
1291205,2021/22,2021-12-11,"R Premadasa Stadium, Colombo",2,6.1,Colombo Stars,Dambulla Giants,DM de Silva,SE Rutherford,RTM Mendis,1,0,,,,,,,,,
1291205,2021/22,2021-12-11,"R Premadasa Stadium, Colombo",2,6.2,Colombo Stars,Dambulla Giants,SE Rutherford,DM de Silva,RTM Mendis,0,0,,,,,,,,,
1291205,2021/22,2021-12-11,"R Premadasa Stadium, Colombo",2,6.3,Colombo Stars,Dambulla Giants,SE Rutherford,DM de Silva,RTM Mendis,4,0,,,,,,,,,
1291205,2021/22,2021-12-11,"R Premadasa Stadium, Colombo",2,6.4,Colombo Stars,Dambulla Giants,SE Rutherford,DM de Silva,RTM Mendis,0,0,,,,,,,,,
1291205,2021/22,2021-12-11,"R Premadasa Stadium, Colombo",2,6.5,Colombo Stars,Dambulla Giants,SE Rutherford,DM de Silva,RTM Mendis,0,0,,,,,,,,,
1291205,2021/22,2021-12-11,"R Premadasa Stadium, Colombo",2,6.6,Colombo Stars,Dambulla Giants,SE Rutherford,DM de Silva,RTM Mendis,0,0,,,,,,,,,
1291205,2021/22,2021-12-11,"R Premadasa Stadium, Colombo",2,7.1,Colombo Stars,Dambulla Giants,DM de Silva,SE Rutherford,KTH Ratnayake,0,0,,,,,,,,,
1291205,2021/22,2021-12-11,"R Premadasa Stadium, Colombo",2,7.2,Colombo Stars,Dambulla Giants,DM de Silva,SE Rutherford,KTH Ratnayake,1,0,,,,,,,,,
1291205,2021/22,2021-12-11,"R Premadasa Stadium, Colombo",2,7.3,Colombo Stars,Dambulla Giants,SE Rutherford,DM de Silva,KTH Ratnayake,0,0,,,,,,,,,
1291205,2021/22,2021-12-11,"R Premadasa Stadium, Colombo",2,7.4,Colombo Stars,Dambulla Giants,SE Rutherford,DM de Silva,KTH Ratnayake,0,0,,,,,,,,,
1291205,2021/22,2021-12-11,"R Premadasa Stadium, Colombo",2,7.5,Colombo Stars,Dambulla Giants,SE Rutherford,DM de Silva,KTH Ratnayake,0,0,,,,,,caught,SE Rutherford,,
1291205,2021/22,2021-12-11,"R Premadasa Stadium, Colombo",2,7.6,Colombo Stars,Dambulla Giants,LD Chandimal,DM de Silva,KTH Ratnayake,1,0,,,,,,,,,
1291205,2021/22,2021-12-11,"R Premadasa Stadium, Colombo",2,8.1,Colombo Stars,Dambulla Giants,LD Chandimal,DM de Silva,S Jayathilake,1,0,,,,,,,,,
1291205,2021/22,2021-12-11,"R Premadasa Stadium, Colombo",2,8.2,Colombo Stars,Dambulla Giants,DM de Silva,LD Chandimal,S Jayathilake,4,0,,,,,,,,,
1291205,2021/22,2021-12-11,"R Premadasa Stadium, Colombo",2,8.3,Colombo Stars,Dambulla Giants,DM de Silva,LD Chandimal,S Jayathilake,1,0,,,,,,,,,
1291205,2021/22,2021-12-11,"R Premadasa Stadium, Colombo",2,8.4,Colombo Stars,Dambulla Giants,LD Chandimal,DM de Silva,S Jayathilake,1,0,,,,,,,,,
1291205,2021/22,2021-12-11,"R Premadasa Stadium, Colombo",2,8.5,Colombo Stars,Dambulla Giants,DM de Silva,LD Chandimal,S Jayathilake,1,0,,,,,,,,,
1291205,2021/22,2021-12-11,"R Premadasa Stadium, Colombo",2,8.6,Colombo Stars,Dambulla Giants,LD Chandimal,DM de Silva,S Jayathilake,1,0,,,,,,,,,
1291205,2021/22,2021-12-11,"R Premadasa Stadium, Colombo",2,9.1,Colombo Stars,Dambulla Giants,LD Chandimal,DM de Silva,N Pradeep,1,0,,,,,,,,,
1291205,2021/22,2021-12-11,"R Premadasa Stadium, Colombo",2,9.2,Colombo Stars,Dambulla Giants,DM de Silva,LD Chandimal,N Pradeep,1,0,,,,,,,,,
1291205,2021/22,2021-12-11,"R Premadasa Stadium, Colombo",2,9.3,Colombo Stars,Dambulla Giants,LD Chandimal,DM de Silva,N Pradeep,2,0,,,,,,,,,
1291205,2021/22,2021-12-11,"R Premadasa Stadium, Colombo",2,9.4,Colombo Stars,Dambulla Giants,LD Chandimal,DM de Silva,N Pradeep,2,0,,,,,,,,,
1291205,2021/22,2021-12-11,"R Premadasa Stadium, Colombo",2,9.5,Colombo Stars,Dambulla Giants,LD Chandimal,DM de Silva,N Pradeep,1,0,,,,,,,,,
1291205,2021/22,2021-12-11,"R Premadasa Stadium, Colombo",2,9.6,Colombo Stars,Dambulla Giants,DM de Silva,LD Chandimal,N Pradeep,0,0,,,,,,,,,
1291205,2021/22,2021-12-11,"R Premadasa Stadium, Colombo",2,10.1,Colombo Stars,Dambulla Giants,LD Chandimal,DM de Silva,Imran Tahir,1,0,,,,,,,,,
1291205,2021/22,2021-12-11,"R Premadasa Stadium, Colombo",2,10.2,Colombo Stars,Dambulla Giants,DM de Silva,LD Chandimal,Imran Tahir,1,0,,,,,,,,,
1291205,2021/22,2021-12-11,"R Premadasa Stadium, Colombo",2,10.3,Colombo Stars,Dambulla Giants,LD Chandimal,DM de Silva,Imran Tahir,1,0,,,,,,,,,
1291205,2021/22,2021-12-11,"R Premadasa Stadium, Colombo",2,10.4,Colombo Stars,Dambulla Giants,DM de Silva,LD Chandimal,Imran Tahir,1,0,,,,,,,,,
1291205,2021/22,2021-12-11,"R Premadasa Stadium, Colombo",2,10.5,Colombo Stars,Dambulla Giants,LD Chandimal,DM de Silva,Imran Tahir,1,0,,,,,,,,,
1291205,2021/22,2021-12-11,"R Premadasa Stadium, Colombo",2,10.6,Colombo Stars,Dambulla Giants,DM de Silva,LD Chandimal,Imran Tahir,6,0,,,,,,,,,
1291205,2021/22,2021-12-11,"R Premadasa Stadium, Colombo",2,11.1,Colombo Stars,Dambulla Giants,LD Chandimal,DM de Silva,RTM Mendis,0,1,,,,1,,,,,
1291205,2021/22,2021-12-11,"R Premadasa Stadium, Colombo",2,11.2,Colombo Stars,Dambulla Giants,DM de Silva,LD Chandimal,RTM Mendis,2,0,,,,,,,,,
1291205,2021/22,2021-12-11,"R Premadasa Stadium, Colombo",2,11.3,Colombo Stars,Dambulla Giants,DM de Silva,LD Chandimal,RTM Mendis,0,0,,,,,,,,,
1291205,2021/22,2021-12-11,"R Premadasa Stadium, Colombo",2,11.4,Colombo Stars,Dambulla Giants,DM de Silva,LD Chandimal,RTM Mendis,0,0,,,,,,,,,
1291205,2021/22,2021-12-11,"R Premadasa Stadium, Colombo",2,11.5,Colombo Stars,Dambulla Giants,DM de Silva,LD Chandimal,RTM Mendis,0,0,,,,,,,,,
1291205,2021/22,2021-12-11,"R Premadasa Stadium, Colombo",2,11.6,Colombo Stars,Dambulla Giants,DM de Silva,LD Chandimal,RTM Mendis,1,0,,,,,,,,,
1291205,2021/22,2021-12-11,"R Premadasa Stadium, Colombo",2,12.1,Colombo Stars,Dambulla Giants,DM de Silva,LD Chandimal,KTH Ratnayake,0,0,,,,,,caught,DM de Silva,,
1291205,2021/22,2021-12-11,"R Premadasa Stadium, Colombo",2,12.2,Colombo Stars,Dambulla Giants,LD Chandimal,JDF Vandersay,KTH Ratnayake,0,0,,,,,,,,,
1291205,2021/22,2021-12-11,"R Premadasa Stadium, Colombo",2,12.3,Colombo Stars,Dambulla Giants,LD Chandimal,JDF Vandersay,KTH Ratnayake,0,0,,,,,,,,,
1291205,2021/22,2021-12-11,"R Premadasa Stadium, Colombo",2,12.4,Colombo Stars,Dambulla Giants,LD Chandimal,JDF Vandersay,KTH Ratnayake,0,0,,,,,,,,,
1291205,2021/22,2021-12-11,"R Premadasa Stadium, Colombo",2,12.5,Colombo Stars,Dambulla Giants,LD Chandimal,JDF Vandersay,KTH Ratnayake,1,0,,,,,,,,,
1291205,2021/22,2021-12-11,"R Premadasa Stadium, Colombo",2,12.6,Colombo Stars,Dambulla Giants,JDF Vandersay,LD Chandimal,KTH Ratnayake,1,0,,,,,,,,,
1291205,2021/22,2021-12-11,"R Premadasa Stadium, Colombo",2,13.1,Colombo Stars,Dambulla Giants,JDF Vandersay,LD Chandimal,S Jayathilake,1,0,,,,,,,,,
1291205,2021/22,2021-12-11,"R Premadasa Stadium, Colombo",2,13.2,Colombo Stars,Dambulla Giants,LD Chandimal,JDF Vandersay,S Jayathilake,0,0,,,,,,,,,
1291205,2021/22,2021-12-11,"R Premadasa Stadium, Colombo",2,13.3,Colombo Stars,Dambulla Giants,LD Chandimal,JDF Vandersay,S Jayathilake,1,0,,,,,,,,,
1291205,2021/22,2021-12-11,"R Premadasa Stadium, Colombo",2,13.4,Colombo Stars,Dambulla Giants,JDF Vandersay,LD Chandimal,S Jayathilake,0,0,,,,,,,,,
1291205,2021/22,2021-12-11,"R Premadasa Stadium, Colombo",2,13.5,Colombo Stars,Dambulla Giants,JDF Vandersay,LD Chandimal,S Jayathilake,0,0,,,,,,,,,
1291205,2021/22,2021-12-11,"R Premadasa Stadium, Colombo",2,13.6,Colombo Stars,Dambulla Giants,JDF Vandersay,LD Chandimal,S Jayathilake,1,0,,,,,,,,,
1291205,2021/22,2021-12-11,"R Premadasa Stadium, Colombo",2,14.1,Colombo Stars,Dambulla Giants,JDF Vandersay,LD Chandimal,N Pradeep,0,0,,,,,,,,,
1291205,2021/22,2021-12-11,"R Premadasa Stadium, Colombo",2,14.2,Colombo Stars,Dambulla Giants,JDF Vandersay,LD Chandimal,N Pradeep,1,0,,,,,,,,,
1291205,2021/22,2021-12-11,"R Premadasa Stadium, Colombo",2,14.3,Colombo Stars,Dambulla Giants,LD Chandimal,JDF Vandersay,N Pradeep,0,0,,,,,,,,,
1291205,2021/22,2021-12-11,"R Premadasa Stadium, Colombo",2,14.4,Colombo Stars,Dambulla Giants,LD Chandimal,JDF Vandersay,N Pradeep,1,0,,,,,,,,,
1291205,2021/22,2021-12-11,"R Premadasa Stadium, Colombo",2,14.5,Colombo Stars,Dambulla Giants,JDF Vandersay,LD Chandimal,N Pradeep,2,0,,,,,,,,,
1291205,2021/22,2021-12-11,"R Premadasa Stadium, Colombo",2,14.6,Colombo Stars,Dambulla Giants,JDF Vandersay,LD Chandimal,N Pradeep,0,0,,,,,,,,,
1291205,2021/22,2021-12-11,"R Premadasa Stadium, Colombo",2,15.1,Colombo Stars,Dambulla Giants,LD Chandimal,JDF Vandersay,RTM Mendis,4,0,,,,,,,,,
1291205,2021/22,2021-12-11,"R Premadasa Stadium, Colombo",2,15.2,Colombo Stars,Dambulla Giants,LD Chandimal,JDF Vandersay,RTM Mendis,1,0,,,,,,,,,
1291205,2021/22,2021-12-11,"R Premadasa Stadium, Colombo",2,15.3,Colombo Stars,Dambulla Giants,JDF Vandersay,LD Chandimal,RTM Mendis,1,0,,,,,,,,,
1291205,2021/22,2021-12-11,"R Premadasa Stadium, Colombo",2,15.4,Colombo Stars,Dambulla Giants,LD Chandimal,JDF Vandersay,RTM Mendis,1,0,,,,,,,,,
1291205,2021/22,2021-12-11,"R Premadasa Stadium, Colombo",2,15.5,Colombo Stars,Dambulla Giants,JDF Vandersay,LD Chandimal,RTM Mendis,0,0,,,,,,caught,JDF Vandersay,,
1291205,2021/22,2021-12-11,"R Premadasa Stadium, Colombo",2,15.6,Colombo Stars,Dambulla Giants,LD Chandimal,S Prasanna,RTM Mendis,1,0,,,,,,,,,
1291205,2021/22,2021-12-11,"R Premadasa Stadium, Colombo",2,16.1,Colombo Stars,Dambulla Giants,LD Chandimal,S Prasanna,N Pradeep,1,0,,,,,,,,,
1291205,2021/22,2021-12-11,"R Premadasa Stadium, Colombo",2,16.2,Colombo Stars,Dambulla Giants,S Prasanna,LD Chandimal,N Pradeep,1,0,,,,,,,,,
1291205,2021/22,2021-12-11,"R Premadasa Stadium, Colombo",2,16.3,Colombo Stars,Dambulla Giants,LD Chandimal,S Prasanna,N Pradeep,0,1,1,,,,,,,,
1291205,2021/22,2021-12-11,"R Premadasa Stadium, Colombo",2,16.4,Colombo Stars,Dambulla Giants,LD Chandimal,S Prasanna,N Pradeep,4,0,,,,,,,,,
1291205,2021/22,2021-12-11,"R Premadasa Stadium, Colombo",2,16.5,Colombo Stars,Dambulla Giants,LD Chandimal,S Prasanna,N Pradeep,6,0,,,,,,,,,
1291205,2021/22,2021-12-11,"R Premadasa Stadium, Colombo",2,16.6,Colombo Stars,Dambulla Giants,LD Chandimal,S Prasanna,N Pradeep,2,0,,,,,,,,,
1291205,2021/22,2021-12-11,"R Premadasa Stadium, Colombo",2,16.7,Colombo Stars,Dambulla Giants,LD Chandimal,S Prasanna,N Pradeep,6,0,,,,,,,,,
1291205,2021/22,2021-12-11,"R Premadasa Stadium, Colombo",2,17.1,Colombo Stars,Dambulla Giants,S Prasanna,LD Chandimal,Imran Tahir,1,0,,,,,,,,,
1291205,2021/22,2021-12-11,"R Premadasa Stadium, Colombo",2,17.2,Colombo Stars,Dambulla Giants,LD Chandimal,S Prasanna,Imran Tahir,1,0,,,,,,,,,
1291205,2021/22,2021-12-11,"R Premadasa Stadium, Colombo",2,17.3,Colombo Stars,Dambulla Giants,S Prasanna,LD Chandimal,Imran Tahir,1,0,,,,,,,,,
1291205,2021/22,2021-12-11,"R Premadasa Stadium, Colombo",2,17.4,Colombo Stars,Dambulla Giants,LD Chandimal,S Prasanna,Imran Tahir,1,0,,,,,,,,,
1291205,2021/22,2021-12-11,"R Premadasa Stadium, Colombo",2,17.5,Colombo Stars,Dambulla Giants,S Prasanna,LD Chandimal,Imran Tahir,0,0,,,,,,,,,
1291205,2021/22,2021-12-11,"R Premadasa Stadium, Colombo",2,17.6,Colombo Stars,Dambulla Giants,S Prasanna,LD Chandimal,Imran Tahir,0,0,,,,,,,,,
1291205,2021/22,2021-12-11,"R Premadasa Stadium, Colombo",2,18.1,Colombo Stars,Dambulla Giants,LD Chandimal,S Prasanna,N Pradeep,6,0,,,,,,,,,
1291205,2021/22,2021-12-11,"R Premadasa Stadium, Colombo",2,18.2,Colombo Stars,Dambulla Giants,LD Chandimal,S Prasanna,N Pradeep,1,0,,,,,,,,,
1291205,2021/22,2021-12-11,"R Premadasa Stadium, Colombo",2,18.3,Colombo Stars,Dambulla Giants,S Prasanna,LD Chandimal,N Pradeep,4,0,,,,,,,,,
1291205,2021/22,2021-12-11,"R Premadasa Stadium, Colombo",2,18.4,Colombo Stars,Dambulla Giants,S Prasanna,LD Chandimal,N Pradeep,0,0,,,,,,caught,S Prasanna,,
1291205,2021/22,2021-12-11,"R Premadasa Stadium, Colombo",2,18.5,Colombo Stars,Dambulla Giants,LD Chandimal,PVD Chameera,N Pradeep,2,0,,,,,,,,,
1291205,2021/22,2021-12-11,"R Premadasa Stadium, Colombo",2,18.6,Colombo Stars,Dambulla Giants,LD Chandimal,PVD Chameera,N Pradeep,1,0,,,,,,,,,
1291205,2021/22,2021-12-11,"R Premadasa Stadium, Colombo",2,19.1,Colombo Stars,Dambulla Giants,LD Chandimal,PVD Chameera,C Karunaratne,4,0,,,,,,,,,
1291205,2021/22,2021-12-11,"R Premadasa Stadium, Colombo",2,19.2,Colombo Stars,Dambulla Giants,LD Chandimal,PVD Chameera,C Karunaratne,1,0,,,,,,,,,
1291205,2021/22,2021-12-11,"R Premadasa Stadium, Colombo",2,19.3,Colombo Stars,Dambulla Giants,PVD Chameera,LD Chandimal,C Karunaratne,0,0,,,,,,caught and bowled,PVD Chameera,,
1291205,2021/22,2021-12-11,"R Premadasa Stadium, Colombo",2,19.4,Colombo Stars,Dambulla Giants,LD Chandimal,Naveen-ul-Haq,C Karunaratne,0,0,,,,,,,,,
1291205,2021/22,2021-12-11,"R Premadasa Stadium, Colombo",2,19.5,Colombo Stars,Dambulla Giants,LD Chandimal,Naveen-ul-Haq,C Karunaratne,2,0,,,,,,,,,
1291205,2021/22,2021-12-11,"R Premadasa Stadium, Colombo",2,19.6,Colombo Stars,Dambulla Giants,LD Chandimal,Naveen-ul-Haq,C Karunaratne,4,0,,,,,,,,,
