match_id,season,start_date,venue,innings,ball,batting_team,bowling_team,striker,non_striker,bowler,runs_off_bat,extras,wides,noballs,byes,legbyes,penalty,wicket_type,player_dismissed,other_wicket_type,other_player_dismissed
1291216,2021/22,2021-12-19,"Mahinda Rajapaksa International Cricket Stadium, Sooriyawewa, Hambantota",1,0.1,Galle Gladiators,Jaffna Kings,BKG Mendis,MD Gunathilaka,M Theekshana,0,0,,,,,,,,,
1291216,2021/22,2021-12-19,"Mahinda Rajapaksa International Cricket Stadium, Sooriyawewa, Hambantota",1,0.2,Galle Gladiators,Jaffna Kings,BKG Mendis,MD Gunathilaka,M Theekshana,0,0,,,,,,,,,
1291216,2021/22,2021-12-19,"Mahinda Rajapaksa International Cricket Stadium, Sooriyawewa, Hambantota",1,0.3,Galle Gladiators,Jaffna Kings,BKG Mendis,MD Gunathilaka,M Theekshana,0,0,,,,,,,,,
1291216,2021/22,2021-12-19,"Mahinda Rajapaksa International Cricket Stadium, Sooriyawewa, Hambantota",1,0.4,Galle Gladiators,Jaffna Kings,BKG Mendis,MD Gunathilaka,M Theekshana,0,1,,,,1,,,,,
1291216,2021/22,2021-12-19,"Mahinda Rajapaksa International Cricket Stadium, Sooriyawewa, Hambantota",1,0.5,Galle Gladiators,Jaffna Kings,MD Gunathilaka,BKG Mendis,M Theekshana,4,0,,,,,,,,,
1291216,2021/22,2021-12-19,"Mahinda Rajapaksa International Cricket Stadium, Sooriyawewa, Hambantota",1,0.6,Galle Gladiators,Jaffna Kings,MD Gunathilaka,BKG Mendis,M Theekshana,1,0,,,,,,,,,
1291216,2021/22,2021-12-19,"Mahinda Rajapaksa International Cricket Stadium, Sooriyawewa, Hambantota",1,1.1,Galle Gladiators,Jaffna Kings,MD Gunathilaka,BKG Mendis,RAS Lakmal,0,0,,,,,,,,,
1291216,2021/22,2021-12-19,"Mahinda Rajapaksa International Cricket Stadium, Sooriyawewa, Hambantota",1,1.2,Galle Gladiators,Jaffna Kings,MD Gunathilaka,BKG Mendis,RAS Lakmal,1,0,,,,,,,,,
1291216,2021/22,2021-12-19,"Mahinda Rajapaksa International Cricket Stadium, Sooriyawewa, Hambantota",1,1.3,Galle Gladiators,Jaffna Kings,BKG Mendis,MD Gunathilaka,RAS Lakmal,6,0,,,,,,,,,
1291216,2021/22,2021-12-19,"Mahinda Rajapaksa International Cricket Stadium, Sooriyawewa, Hambantota",1,1.4,Galle Gladiators,Jaffna Kings,BKG Mendis,MD Gunathilaka,RAS Lakmal,1,0,,,,,,,,,
1291216,2021/22,2021-12-19,"Mahinda Rajapaksa International Cricket Stadium, Sooriyawewa, Hambantota",1,1.5,Galle Gladiators,Jaffna Kings,MD Gunathilaka,BKG Mendis,RAS Lakmal,0,1,,,,1,,,,,
1291216,2021/22,2021-12-19,"Mahinda Rajapaksa International Cricket Stadium, Sooriyawewa, Hambantota",1,1.6,Galle Gladiators,Jaffna Kings,BKG Mendis,MD Gunathilaka,RAS Lakmal,2,0,,,,,,,,,
1291216,2021/22,2021-12-19,"Mahinda Rajapaksa International Cricket Stadium, Sooriyawewa, Hambantota",1,2.1,Galle Gladiators,Jaffna Kings,MD Gunathilaka,BKG Mendis,M Theekshana,0,0,,,,,,,,,
1291216,2021/22,2021-12-19,"Mahinda Rajapaksa International Cricket Stadium, Sooriyawewa, Hambantota",1,2.2,Galle Gladiators,Jaffna Kings,MD Gunathilaka,BKG Mendis,M Theekshana,1,0,,,,,,,,,
1291216,2021/22,2021-12-19,"Mahinda Rajapaksa International Cricket Stadium, Sooriyawewa, Hambantota",1,2.3,Galle Gladiators,Jaffna Kings,BKG Mendis,MD Gunathilaka,M Theekshana,1,0,,,,,,,,,
1291216,2021/22,2021-12-19,"Mahinda Rajapaksa International Cricket Stadium, Sooriyawewa, Hambantota",1,2.4,Galle Gladiators,Jaffna Kings,MD Gunathilaka,BKG Mendis,M Theekshana,2,0,,,,,,,,,
1291216,2021/22,2021-12-19,"Mahinda Rajapaksa International Cricket Stadium, Sooriyawewa, Hambantota",1,2.5,Galle Gladiators,Jaffna Kings,MD Gunathilaka,BKG Mendis,M Theekshana,4,0,,,,,,,,,
1291216,2021/22,2021-12-19,"Mahinda Rajapaksa International Cricket Stadium, Sooriyawewa, Hambantota",1,2.6,Galle Gladiators,Jaffna Kings,MD Gunathilaka,BKG Mendis,M Theekshana,1,0,,,,,,,,,
1291216,2021/22,2021-12-19,"Mahinda Rajapaksa International Cricket Stadium, Sooriyawewa, Hambantota",1,3.1,Galle Gladiators,Jaffna Kings,MD Gunathilaka,BKG Mendis,Wahab Riaz,4,0,,,,,,,,,
1291216,2021/22,2021-12-19,"Mahinda Rajapaksa International Cricket Stadium, Sooriyawewa, Hambantota",1,3.2,Galle Gladiators,Jaffna Kings,MD Gunathilaka,BKG Mendis,Wahab Riaz,0,0,,,,,,,,,
1291216,2021/22,2021-12-19,"Mahinda Rajapaksa International Cricket Stadium, Sooriyawewa, Hambantota",1,3.3,Galle Gladiators,Jaffna Kings,MD Gunathilaka,BKG Mendis,Wahab Riaz,4,0,,,,,,,,,
1291216,2021/22,2021-12-19,"Mahinda Rajapaksa International Cricket Stadium, Sooriyawewa, Hambantota",1,3.4,Galle Gladiators,Jaffna Kings,MD Gunathilaka,BKG Mendis,Wahab Riaz,1,0,,,,,,,,,
1291216,2021/22,2021-12-19,"Mahinda Rajapaksa International Cricket Stadium, Sooriyawewa, Hambantota",1,3.5,Galle Gladiators,Jaffna Kings,BKG Mendis,MD Gunathilaka,Wahab Riaz,0,0,,,,,,,,,
1291216,2021/22,2021-12-19,"Mahinda Rajapaksa International Cricket Stadium, Sooriyawewa, Hambantota",1,3.6,Galle Gladiators,Jaffna Kings,BKG Mendis,MD Gunathilaka,Wahab Riaz,1,0,,,,,,,,,
1291216,2021/22,2021-12-19,"Mahinda Rajapaksa International Cricket Stadium, Sooriyawewa, Hambantota",1,4.1,Galle Gladiators,Jaffna Kings,BKG Mendis,MD Gunathilaka,RAS Lakmal,4,0,,,,,,,,,
1291216,2021/22,2021-12-19,"Mahinda Rajapaksa International Cricket Stadium, Sooriyawewa, Hambantota",1,4.2,Galle Gladiators,Jaffna Kings,BKG Mendis,MD Gunathilaka,RAS Lakmal,6,0,,,,,,,,,
1291216,2021/22,2021-12-19,"Mahinda Rajapaksa International Cricket Stadium, Sooriyawewa, Hambantota",1,4.3,Galle Gladiators,Jaffna Kings,BKG Mendis,MD Gunathilaka,RAS Lakmal,1,0,,,,,,,,,
1291216,2021/22,2021-12-19,"Mahinda Rajapaksa International Cricket Stadium, Sooriyawewa, Hambantota",1,4.4,Galle Gladiators,Jaffna Kings,MD Gunathilaka,BKG Mendis,RAS Lakmal,1,0,,,,,,,,,
1291216,2021/22,2021-12-19,"Mahinda Rajapaksa International Cricket Stadium, Sooriyawewa, Hambantota",1,4.5,Galle Gladiators,Jaffna Kings,BKG Mendis,MD Gunathilaka,RAS Lakmal,0,4,,,,4,,,,,
1291216,2021/22,2021-12-19,"Mahinda Rajapaksa International Cricket Stadium, Sooriyawewa, Hambantota",1,4.6,Galle Gladiators,Jaffna Kings,BKG Mendis,MD Gunathilaka,RAS Lakmal,0,0,,,,,,,,,
1291216,2021/22,2021-12-19,"Mahinda Rajapaksa International Cricket Stadium, Sooriyawewa, Hambantota",1,5.1,Galle Gladiators,Jaffna Kings,MD Gunathilaka,BKG Mendis,M Theekshana,1,0,,,,,,,,,
1291216,2021/22,2021-12-19,"Mahinda Rajapaksa International Cricket Stadium, Sooriyawewa, Hambantota",1,5.2,Galle Gladiators,Jaffna Kings,BKG Mendis,MD Gunathilaka,M Theekshana,1,0,,,,,,,,,
1291216,2021/22,2021-12-19,"Mahinda Rajapaksa International Cricket Stadium, Sooriyawewa, Hambantota",1,5.3,Galle Gladiators,Jaffna Kings,MD Gunathilaka,BKG Mendis,M Theekshana,1,0,,,,,,,,,
1291216,2021/22,2021-12-19,"Mahinda Rajapaksa International Cricket Stadium, Sooriyawewa, Hambantota",1,5.4,Galle Gladiators,Jaffna Kings,BKG Mendis,MD Gunathilaka,M Theekshana,1,0,,,,,,,,,
1291216,2021/22,2021-12-19,"Mahinda Rajapaksa International Cricket Stadium, Sooriyawewa, Hambantota",1,5.5,Galle Gladiators,Jaffna Kings,MD Gunathilaka,BKG Mendis,M Theekshana,4,0,,,,,,,,,
1291216,2021/22,2021-12-19,"Mahinda Rajapaksa International Cricket Stadium, Sooriyawewa, Hambantota",1,5.6,Galle Gladiators,Jaffna Kings,MD Gunathilaka,BKG Mendis,M Theekshana,1,0,,,,,,,,,
1291216,2021/22,2021-12-19,"Mahinda Rajapaksa International Cricket Stadium, Sooriyawewa, Hambantota",1,6.1,Galle Gladiators,Jaffna Kings,MD Gunathilaka,BKG Mendis,PWH de Silva,1,0,,,,,,,,,
1291216,2021/22,2021-12-19,"Mahinda Rajapaksa International Cricket Stadium, Sooriyawewa, Hambantota",1,6.2,Galle Gladiators,Jaffna Kings,BKG Mendis,MD Gunathilaka,PWH de Silva,1,0,,,,,,,,,
1291216,2021/22,2021-12-19,"Mahinda Rajapaksa International Cricket Stadium, Sooriyawewa, Hambantota",1,6.3,Galle Gladiators,Jaffna Kings,MD Gunathilaka,BKG Mendis,PWH de Silva,1,0,,,,,,,,,
1291216,2021/22,2021-12-19,"Mahinda Rajapaksa International Cricket Stadium, Sooriyawewa, Hambantota",1,6.4,Galle Gladiators,Jaffna Kings,BKG Mendis,MD Gunathilaka,PWH de Silva,0,0,,,,,,,,,
1291216,2021/22,2021-12-19,"Mahinda Rajapaksa International Cricket Stadium, Sooriyawewa, Hambantota",1,6.5,Galle Gladiators,Jaffna Kings,BKG Mendis,MD Gunathilaka,PWH de Silva,4,0,,,,,,,,,
1291216,2021/22,2021-12-19,"Mahinda Rajapaksa International Cricket Stadium, Sooriyawewa, Hambantota",1,6.6,Galle Gladiators,Jaffna Kings,BKG Mendis,MD Gunathilaka,PWH de Silva,4,0,,,,,,,,,
1291216,2021/22,2021-12-19,"Mahinda Rajapaksa International Cricket Stadium, Sooriyawewa, Hambantota",1,7.1,Galle Gladiators,Jaffna Kings,MD Gunathilaka,BKG Mendis,NLTC Perera,1,0,,,,,,,,,
1291216,2021/22,2021-12-19,"Mahinda Rajapaksa International Cricket Stadium, Sooriyawewa, Hambantota",1,7.2,Galle Gladiators,Jaffna Kings,BKG Mendis,MD Gunathilaka,NLTC Perera,1,0,,,,,,,,,
1291216,2021/22,2021-12-19,"Mahinda Rajapaksa International Cricket Stadium, Sooriyawewa, Hambantota",1,7.3,Galle Gladiators,Jaffna Kings,MD Gunathilaka,BKG Mendis,NLTC Perera,1,0,,,,,,,,,
1291216,2021/22,2021-12-19,"Mahinda Rajapaksa International Cricket Stadium, Sooriyawewa, Hambantota",1,7.4,Galle Gladiators,Jaffna Kings,BKG Mendis,MD Gunathilaka,NLTC Perera,0,0,,,,,,,,,
1291216,2021/22,2021-12-19,"Mahinda Rajapaksa International Cricket Stadium, Sooriyawewa, Hambantota",1,7.5,Galle Gladiators,Jaffna Kings,BKG Mendis,MD Gunathilaka,NLTC Perera,4,0,,,,,,,,,
1291216,2021/22,2021-12-19,"Mahinda Rajapaksa International Cricket Stadium, Sooriyawewa, Hambantota",1,7.6,Galle Gladiators,Jaffna Kings,BKG Mendis,MD Gunathilaka,NLTC Perera,0,0,,,,,,,,,
1291216,2021/22,2021-12-19,"Mahinda Rajapaksa International Cricket Stadium, Sooriyawewa, Hambantota",1,8.1,Galle Gladiators,Jaffna Kings,MD Gunathilaka,BKG Mendis,PWH de Silva,0,0,,,,,,,,,
1291216,2021/22,2021-12-19,"Mahinda Rajapaksa International Cricket Stadium, Sooriyawewa, Hambantota",1,8.2,Galle Gladiators,Jaffna Kings,MD Gunathilaka,BKG Mendis,PWH de Silva,0,0,,,,,,,,,
1291216,2021/22,2021-12-19,"Mahinda Rajapaksa International Cricket Stadium, Sooriyawewa, Hambantota",1,8.3,Galle Gladiators,Jaffna Kings,MD Gunathilaka,BKG Mendis,PWH de Silva,1,0,,,,,,,,,
1291216,2021/22,2021-12-19,"Mahinda Rajapaksa International Cricket Stadium, Sooriyawewa, Hambantota",1,8.4,Galle Gladiators,Jaffna Kings,BKG Mendis,MD Gunathilaka,PWH de Silva,1,0,,,,,,,,,
1291216,2021/22,2021-12-19,"Mahinda Rajapaksa International Cricket Stadium, Sooriyawewa, Hambantota",1,8.5,Galle Gladiators,Jaffna Kings,MD Gunathilaka,BKG Mendis,PWH de Silva,4,0,,,,,,,,,
1291216,2021/22,2021-12-19,"Mahinda Rajapaksa International Cricket Stadium, Sooriyawewa, Hambantota",1,8.6,Galle Gladiators,Jaffna Kings,MD Gunathilaka,BKG Mendis,PWH de Silva,1,0,,,,,,,,,
1291216,2021/22,2021-12-19,"Mahinda Rajapaksa International Cricket Stadium, Sooriyawewa, Hambantota",1,9.1,Galle Gladiators,Jaffna Kings,MD Gunathilaka,BKG Mendis,NLTC Perera,0,0,,,,,,,,,
1291216,2021/22,2021-12-19,"Mahinda Rajapaksa International Cricket Stadium, Sooriyawewa, Hambantota",1,9.2,Galle Gladiators,Jaffna Kings,MD Gunathilaka,BKG Mendis,NLTC Perera,1,0,,,,,,,,,
1291216,2021/22,2021-12-19,"Mahinda Rajapaksa International Cricket Stadium, Sooriyawewa, Hambantota",1,9.3,Galle Gladiators,Jaffna Kings,BKG Mendis,MD Gunathilaka,NLTC Perera,1,0,,,,,,,,,
1291216,2021/22,2021-12-19,"Mahinda Rajapaksa International Cricket Stadium, Sooriyawewa, Hambantota",1,9.4,Galle Gladiators,Jaffna Kings,MD Gunathilaka,BKG Mendis,NLTC Perera,1,0,,,,,,,,,
1291216,2021/22,2021-12-19,"Mahinda Rajapaksa International Cricket Stadium, Sooriyawewa, Hambantota",1,9.5,Galle Gladiators,Jaffna Kings,BKG Mendis,MD Gunathilaka,NLTC Perera,4,0,,,,,,,,,
1291216,2021/22,2021-12-19,"Mahinda Rajapaksa International Cricket Stadium, Sooriyawewa, Hambantota",1,9.6,Galle Gladiators,Jaffna Kings,BKG Mendis,MD Gunathilaka,NLTC Perera,2,0,,,,,,,,,
1291216,2021/22,2021-12-19,"Mahinda Rajapaksa International Cricket Stadium, Sooriyawewa, Hambantota",1,10.1,Galle Gladiators,Jaffna Kings,MD Gunathilaka,BKG Mendis,Shoaib Malik,1,0,,,,,,,,,
1291216,2021/22,2021-12-19,"Mahinda Rajapaksa International Cricket Stadium, Sooriyawewa, Hambantota",1,10.2,Galle Gladiators,Jaffna Kings,BKG Mendis,MD Gunathilaka,Shoaib Malik,0,0,,,,,,,,,
1291216,2021/22,2021-12-19,"Mahinda Rajapaksa International Cricket Stadium, Sooriyawewa, Hambantota",1,10.3,Galle Gladiators,Jaffna Kings,BKG Mendis,MD Gunathilaka,Shoaib Malik,2,0,,,,,,,,,
1291216,2021/22,2021-12-19,"Mahinda Rajapaksa International Cricket Stadium, Sooriyawewa, Hambantota",1,10.4,Galle Gladiators,Jaffna Kings,BKG Mendis,MD Gunathilaka,Shoaib Malik,1,0,,,,,,,,,
1291216,2021/22,2021-12-19,"Mahinda Rajapaksa International Cricket Stadium, Sooriyawewa, Hambantota",1,10.5,Galle Gladiators,Jaffna Kings,MD Gunathilaka,BKG Mendis,Shoaib Malik,0,0,,,,,,,,,
1291216,2021/22,2021-12-19,"Mahinda Rajapaksa International Cricket Stadium, Sooriyawewa, Hambantota",1,10.6,Galle Gladiators,Jaffna Kings,MD Gunathilaka,BKG Mendis,Shoaib Malik,6,0,,,,,,,,,
1291216,2021/22,2021-12-19,"Mahinda Rajapaksa International Cricket Stadium, Sooriyawewa, Hambantota",1,11.1,Galle Gladiators,Jaffna Kings,BKG Mendis,MD Gunathilaka,Wahab Riaz,1,0,,,,,,,,,
1291216,2021/22,2021-12-19,"Mahinda Rajapaksa International Cricket Stadium, Sooriyawewa, Hambantota",1,11.2,Galle Gladiators,Jaffna Kings,MD Gunathilaka,BKG Mendis,Wahab Riaz,0,0,,,,,,,,,
1291216,2021/22,2021-12-19,"Mahinda Rajapaksa International Cricket Stadium, Sooriyawewa, Hambantota",1,11.3,Galle Gladiators,Jaffna Kings,MD Gunathilaka,BKG Mendis,Wahab Riaz,2,0,,,,,,,,,
1291216,2021/22,2021-12-19,"Mahinda Rajapaksa International Cricket Stadium, Sooriyawewa, Hambantota",1,11.4,Galle Gladiators,Jaffna Kings,MD Gunathilaka,BKG Mendis,Wahab Riaz,0,0,,,,,,,,,
1291216,2021/22,2021-12-19,"Mahinda Rajapaksa International Cricket Stadium, Sooriyawewa, Hambantota",1,11.5,Galle Gladiators,Jaffna Kings,MD Gunathilaka,BKG Mendis,Wahab Riaz,0,1,1,,,,,,,,
1291216,2021/22,2021-12-19,"Mahinda Rajapaksa International Cricket Stadium, Sooriyawewa, Hambantota",1,11.6,Galle Gladiators,Jaffna Kings,MD Gunathilaka,BKG Mendis,Wahab Riaz,1,0,,,,,,,,,
1291216,2021/22,2021-12-19,"Mahinda Rajapaksa International Cricket Stadium, Sooriyawewa, Hambantota",1,11.7,Galle Gladiators,Jaffna Kings,BKG Mendis,MD Gunathilaka,Wahab Riaz,0,0,,,,,,,,,
1291216,2021/22,2021-12-19,"Mahinda Rajapaksa International Cricket Stadium, Sooriyawewa, Hambantota",1,12.1,Galle Gladiators,Jaffna Kings,MD Gunathilaka,BKG Mendis,M Theekshana,1,0,,,,,,,,,
1291216,2021/22,2021-12-19,"Mahinda Rajapaksa International Cricket Stadium, Sooriyawewa, Hambantota",1,12.2,Galle Gladiators,Jaffna Kings,BKG Mendis,MD Gunathilaka,M Theekshana,6,0,,,,,,,,,
1291216,2021/22,2021-12-19,"Mahinda Rajapaksa International Cricket Stadium, Sooriyawewa, Hambantota",1,12.3,Galle Gladiators,Jaffna Kings,BKG Mendis,MD Gunathilaka,M Theekshana,1,0,,,,,,,,,
1291216,2021/22,2021-12-19,"Mahinda Rajapaksa International Cricket Stadium, Sooriyawewa, Hambantota",1,12.4,Galle Gladiators,Jaffna Kings,MD Gunathilaka,BKG Mendis,M Theekshana,1,0,,,,,,,,,
1291216,2021/22,2021-12-19,"Mahinda Rajapaksa International Cricket Stadium, Sooriyawewa, Hambantota",1,12.5,Galle Gladiators,Jaffna Kings,BKG Mendis,MD Gunathilaka,M Theekshana,0,0,,,,,,,,,
1291216,2021/22,2021-12-19,"Mahinda Rajapaksa International Cricket Stadium, Sooriyawewa, Hambantota",1,12.6,Galle Gladiators,Jaffna Kings,BKG Mendis,MD Gunathilaka,M Theekshana,2,0,,,,,,,,,
1291216,2021/22,2021-12-19,"Mahinda Rajapaksa International Cricket Stadium, Sooriyawewa, Hambantota",1,13.1,Galle Gladiators,Jaffna Kings,MD Gunathilaka,BKG Mendis,NLTC Perera,0,0,,,,,,,,,
1291216,2021/22,2021-12-19,"Mahinda Rajapaksa International Cricket Stadium, Sooriyawewa, Hambantota",1,13.2,Galle Gladiators,Jaffna Kings,MD Gunathilaka,BKG Mendis,NLTC Perera,0,0,,,,,,bowled,MD Gunathilaka,,
1291216,2021/22,2021-12-19,"Mahinda Rajapaksa International Cricket Stadium, Sooriyawewa, Hambantota",1,13.3,Galle Gladiators,Jaffna Kings,Anwar Ali,BKG Mendis,NLTC Perera,1,0,,,,,,,,,
1291216,2021/22,2021-12-19,"Mahinda Rajapaksa International Cricket Stadium, Sooriyawewa, Hambantota",1,13.4,Galle Gladiators,Jaffna Kings,BKG Mendis,Anwar Ali,NLTC Perera,0,0,,,,,,,,,
1291216,2021/22,2021-12-19,"Mahinda Rajapaksa International Cricket Stadium, Sooriyawewa, Hambantota",1,13.5,Galle Gladiators,Jaffna Kings,BKG Mendis,Anwar Ali,NLTC Perera,6,0,,,,,,,,,
1291216,2021/22,2021-12-19,"Mahinda Rajapaksa International Cricket Stadium, Sooriyawewa, Hambantota",1,13.6,Galle Gladiators,Jaffna Kings,BKG Mendis,Anwar Ali,NLTC Perera,0,1,,,,1,,,,,
1291216,2021/22,2021-12-19,"Mahinda Rajapaksa International Cricket Stadium, Sooriyawewa, Hambantota",1,14.1,Galle Gladiators,Jaffna Kings,BKG Mendis,Anwar Ali,PWH de Silva,2,0,,,,,,,,,
1291216,2021/22,2021-12-19,"Mahinda Rajapaksa International Cricket Stadium, Sooriyawewa, Hambantota",1,14.2,Galle Gladiators,Jaffna Kings,BKG Mendis,Anwar Ali,PWH de Silva,2,0,,,,,,,,,
1291216,2021/22,2021-12-19,"Mahinda Rajapaksa International Cricket Stadium, Sooriyawewa, Hambantota",1,14.3,Galle Gladiators,Jaffna Kings,BKG Mendis,Anwar Ali,PWH de Silva,1,0,,,,,,,,,
1291216,2021/22,2021-12-19,"Mahinda Rajapaksa International Cricket Stadium, Sooriyawewa, Hambantota",1,14.4,Galle Gladiators,Jaffna Kings,Anwar Ali,BKG Mendis,PWH de Silva,0,0,,,,,,,,,
1291216,2021/22,2021-12-19,"Mahinda Rajapaksa International Cricket Stadium, Sooriyawewa, Hambantota",1,14.5,Galle Gladiators,Jaffna Kings,Anwar Ali,BKG Mendis,PWH de Silva,1,0,,,,,,,,,
1291216,2021/22,2021-12-19,"Mahinda Rajapaksa International Cricket Stadium, Sooriyawewa, Hambantota",1,14.6,Galle Gladiators,Jaffna Kings,BKG Mendis,Anwar Ali,PWH de Silva,1,0,,,,,,,,,
1291216,2021/22,2021-12-19,"Mahinda Rajapaksa International Cricket Stadium, Sooriyawewa, Hambantota",1,15.1,Galle Gladiators,Jaffna Kings,BKG Mendis,Anwar Ali,NLTC Perera,1,0,,,,,,,,,
1291216,2021/22,2021-12-19,"Mahinda Rajapaksa International Cricket Stadium, Sooriyawewa, Hambantota",1,15.2,Galle Gladiators,Jaffna Kings,Anwar Ali,BKG Mendis,NLTC Perera,4,0,,,,,,,,,
1291216,2021/22,2021-12-19,"Mahinda Rajapaksa International Cricket Stadium, Sooriyawewa, Hambantota",1,15.3,Galle Gladiators,Jaffna Kings,Anwar Ali,BKG Mendis,NLTC Perera,2,0,,,,,,,,,
1291216,2021/22,2021-12-19,"Mahinda Rajapaksa International Cricket Stadium, Sooriyawewa, Hambantota",1,15.4,Galle Gladiators,Jaffna Kings,Anwar Ali,BKG Mendis,NLTC Perera,4,0,,,,,,,,,
1291216,2021/22,2021-12-19,"Mahinda Rajapaksa International Cricket Stadium, Sooriyawewa, Hambantota",1,15.5,Galle Gladiators,Jaffna Kings,Anwar Ali,BKG Mendis,NLTC Perera,0,0,,,,,,caught,Anwar Ali,,
1291216,2021/22,2021-12-19,"Mahinda Rajapaksa International Cricket Stadium, Sooriyawewa, Hambantota",1,15.6,Galle Gladiators,Jaffna Kings,PBB Rajapaksa,BKG Mendis,NLTC Perera,2,0,,,,,,,,,
1291216,2021/22,2021-12-19,"Mahinda Rajapaksa International Cricket Stadium, Sooriyawewa, Hambantota",1,16.1,Galle Gladiators,Jaffna Kings,BKG Mendis,PBB Rajapaksa,PWH de Silva,2,0,,,,,,,,,
1291216,2021/22,2021-12-19,"Mahinda Rajapaksa International Cricket Stadium, Sooriyawewa, Hambantota",1,16.2,Galle Gladiators,Jaffna Kings,BKG Mendis,PBB Rajapaksa,PWH de Silva,4,0,,,,,,,,,
1291216,2021/22,2021-12-19,"Mahinda Rajapaksa International Cricket Stadium, Sooriyawewa, Hambantota",1,16.3,Galle Gladiators,Jaffna Kings,BKG Mendis,PBB Rajapaksa,PWH de Silva,0,1,1,,,,,,,,
1291216,2021/22,2021-12-19,"Mahinda Rajapaksa International Cricket Stadium, Sooriyawewa, Hambantota",1,16.4,Galle Gladiators,Jaffna Kings,BKG Mendis,PBB Rajapaksa,PWH de Silva,1,0,,,,,,,,,
1291216,2021/22,2021-12-19,"Mahinda Rajapaksa International Cricket Stadium, Sooriyawewa, Hambantota",1,16.5,Galle Gladiators,Jaffna Kings,PBB Rajapaksa,BKG Mendis,PWH de Silva,0,0,,,,,,,,,
1291216,2021/22,2021-12-19,"Mahinda Rajapaksa International Cricket Stadium, Sooriyawewa, Hambantota",1,16.6,Galle Gladiators,Jaffna Kings,PBB Rajapaksa,BKG Mendis,PWH de Silva,0,0,,,,,,,,,
1291216,2021/22,2021-12-19,"Mahinda Rajapaksa International Cricket Stadium, Sooriyawewa, Hambantota",1,16.7,Galle Gladiators,Jaffna Kings,PBB Rajapaksa,BKG Mendis,PWH de Silva,0,0,,,,,,,,,
1291216,2021/22,2021-12-19,"Mahinda Rajapaksa International Cricket Stadium, Sooriyawewa, Hambantota",1,17.1,Galle Gladiators,Jaffna Kings,BKG Mendis,PBB Rajapaksa,Wahab Riaz,1,0,,,,,,,,,
1291216,2021/22,2021-12-19,"Mahinda Rajapaksa International Cricket Stadium, Sooriyawewa, Hambantota",1,17.2,Galle Gladiators,Jaffna Kings,PBB Rajapaksa,BKG Mendis,Wahab Riaz,0,0,,,,,,,,,
1291216,2021/22,2021-12-19,"Mahinda Rajapaksa International Cricket Stadium, Sooriyawewa, Hambantota",1,17.3,Galle Gladiators,Jaffna Kings,PBB Rajapaksa,BKG Mendis,Wahab Riaz,0,0,,,,,,,,,
1291216,2021/22,2021-12-19,"Mahinda Rajapaksa International Cricket Stadium, Sooriyawewa, Hambantota",1,17.4,Galle Gladiators,Jaffna Kings,PBB Rajapaksa,BKG Mendis,Wahab Riaz,6,0,,,,,,,,,
1291216,2021/22,2021-12-19,"Mahinda Rajapaksa International Cricket Stadium, Sooriyawewa, Hambantota",1,17.5,Galle Gladiators,Jaffna Kings,PBB Rajapaksa,BKG Mendis,Wahab Riaz,1,0,,,,,,,,,
1291216,2021/22,2021-12-19,"Mahinda Rajapaksa International Cricket Stadium, Sooriyawewa, Hambantota",1,17.6,Galle Gladiators,Jaffna Kings,BKG Mendis,PBB Rajapaksa,Wahab Riaz,4,0,,,,,,,,,
1291216,2021/22,2021-12-19,"Mahinda Rajapaksa International Cricket Stadium, Sooriyawewa, Hambantota",1,18.1,Galle Gladiators,Jaffna Kings,PBB Rajapaksa,BKG Mendis,RAS Lakmal,1,0,,,,,,,,,
1291216,2021/22,2021-12-19,"Mahinda Rajapaksa International Cricket Stadium, Sooriyawewa, Hambantota",1,18.2,Galle Gladiators,Jaffna Kings,BKG Mendis,PBB Rajapaksa,RAS Lakmal,0,1,1,,,,,,,,
1291216,2021/22,2021-12-19,"Mahinda Rajapaksa International Cricket Stadium, Sooriyawewa, Hambantota",1,18.3,Galle Gladiators,Jaffna Kings,BKG Mendis,PBB Rajapaksa,RAS Lakmal,1,0,,,,,,,,,
1291216,2021/22,2021-12-19,"Mahinda Rajapaksa International Cricket Stadium, Sooriyawewa, Hambantota",1,18.4,Galle Gladiators,Jaffna Kings,PBB Rajapaksa,BKG Mendis,RAS Lakmal,2,0,,,,,,,,,
1291216,2021/22,2021-12-19,"Mahinda Rajapaksa International Cricket Stadium, Sooriyawewa, Hambantota",1,18.5,Galle Gladiators,Jaffna Kings,PBB Rajapaksa,BKG Mendis,RAS Lakmal,1,0,,,,,,,,,
1291216,2021/22,2021-12-19,"Mahinda Rajapaksa International Cricket Stadium, Sooriyawewa, Hambantota",1,18.6,Galle Gladiators,Jaffna Kings,BKG Mendis,PBB Rajapaksa,RAS Lakmal,0,0,,,,,,lbw,BKG Mendis,,
1291216,2021/22,2021-12-19,"Mahinda Rajapaksa International Cricket Stadium, Sooriyawewa, Hambantota",1,18.7,Galle Gladiators,Jaffna Kings,Mohammad Hafeez,PBB Rajapaksa,RAS Lakmal,1,0,,,,,,,,,
1291216,2021/22,2021-12-19,"Mahinda Rajapaksa International Cricket Stadium, Sooriyawewa, Hambantota",1,19.1,Galle Gladiators,Jaffna Kings,Mohammad Hafeez,PBB Rajapaksa,Wahab Riaz,0,0,,,,,,,,,
1291216,2021/22,2021-12-19,"Mahinda Rajapaksa International Cricket Stadium, Sooriyawewa, Hambantota",1,19.2,Galle Gladiators,Jaffna Kings,Mohammad Hafeez,PBB Rajapaksa,Wahab Riaz,0,0,,,,,,caught,Mohammad Hafeez,,
1291216,2021/22,2021-12-19,"Mahinda Rajapaksa International Cricket Stadium, Sooriyawewa, Hambantota",1,19.3,Galle Gladiators,Jaffna Kings,PBB Rajapaksa,SR Patel,Wahab Riaz,6,0,,,,,,,,,
1291216,2021/22,2021-12-19,"Mahinda Rajapaksa International Cricket Stadium, Sooriyawewa, Hambantota",1,19.4,Galle Gladiators,Jaffna Kings,PBB Rajapaksa,SR Patel,Wahab Riaz,6,0,,,,,,,,,
1291216,2021/22,2021-12-19,"Mahinda Rajapaksa International Cricket Stadium, Sooriyawewa, Hambantota",1,19.5,Galle Gladiators,Jaffna Kings,PBB Rajapaksa,SR Patel,Wahab Riaz,0,0,,,,,,,,,
1291216,2021/22,2021-12-19,"Mahinda Rajapaksa International Cricket Stadium, Sooriyawewa, Hambantota",1,19.6,Galle Gladiators,Jaffna Kings,PBB Rajapaksa,SR Patel,Wahab Riaz,0,0,,,,,,caught,PBB Rajapaksa,,
1291216,2021/22,2021-12-19,"Mahinda Rajapaksa International Cricket Stadium, Sooriyawewa, Hambantota",2,0.1,Jaffna Kings,Galle Gladiators,WIA Fernando,Rahmanullah Gurbaz,Mohammad Amir,6,0,,,,,,,,,
1291216,2021/22,2021-12-19,"Mahinda Rajapaksa International Cricket Stadium, Sooriyawewa, Hambantota",2,0.2,Jaffna Kings,Galle Gladiators,WIA Fernando,Rahmanullah Gurbaz,Mohammad Amir,0,0,,,,,,bowled,WIA Fernando,,
1291216,2021/22,2021-12-19,"Mahinda Rajapaksa International Cricket Stadium, Sooriyawewa, Hambantota",2,0.3,Jaffna Kings,Galle Gladiators,T Kohler-Cadmore,Rahmanullah Gurbaz,Mohammad Amir,0,0,,,,,,,,,
1291216,2021/22,2021-12-19,"Mahinda Rajapaksa International Cricket Stadium, Sooriyawewa, Hambantota",2,0.4,Jaffna Kings,Galle Gladiators,T Kohler-Cadmore,Rahmanullah Gurbaz,Mohammad Amir,4,0,,,,,,,,,
1291216,2021/22,2021-12-19,"Mahinda Rajapaksa International Cricket Stadium, Sooriyawewa, Hambantota",2,0.5,Jaffna Kings,Galle Gladiators,T Kohler-Cadmore,Rahmanullah Gurbaz,Mohammad Amir,0,0,,,,,,,,,
1291216,2021/22,2021-12-19,"Mahinda Rajapaksa International Cricket Stadium, Sooriyawewa, Hambantota",2,0.6,Jaffna Kings,Galle Gladiators,T Kohler-Cadmore,Rahmanullah Gurbaz,Mohammad Amir,0,0,,,,,,,,,
1291216,2021/22,2021-12-19,"Mahinda Rajapaksa International Cricket Stadium, Sooriyawewa, Hambantota",2,1.1,Jaffna Kings,Galle Gladiators,Rahmanullah Gurbaz,T Kohler-Cadmore,SR Patel,0,0,,,,,,,,,
1291216,2021/22,2021-12-19,"Mahinda Rajapaksa International Cricket Stadium, Sooriyawewa, Hambantota",2,1.2,Jaffna Kings,Galle Gladiators,Rahmanullah Gurbaz,T Kohler-Cadmore,SR Patel,2,0,,,,,,,,,
1291216,2021/22,2021-12-19,"Mahinda Rajapaksa International Cricket Stadium, Sooriyawewa, Hambantota",2,1.3,Jaffna Kings,Galle Gladiators,Rahmanullah Gurbaz,T Kohler-Cadmore,SR Patel,0,0,,,,,,,,,
1291216,2021/22,2021-12-19,"Mahinda Rajapaksa International Cricket Stadium, Sooriyawewa, Hambantota",2,1.4,Jaffna Kings,Galle Gladiators,Rahmanullah Gurbaz,T Kohler-Cadmore,SR Patel,6,0,,,,,,,,,
1291216,2021/22,2021-12-19,"Mahinda Rajapaksa International Cricket Stadium, Sooriyawewa, Hambantota",2,1.5,Jaffna Kings,Galle Gladiators,Rahmanullah Gurbaz,T Kohler-Cadmore,SR Patel,0,0,,,,,,,,,
1291216,2021/22,2021-12-19,"Mahinda Rajapaksa International Cricket Stadium, Sooriyawewa, Hambantota",2,1.6,Jaffna Kings,Galle Gladiators,Rahmanullah Gurbaz,T Kohler-Cadmore,SR Patel,4,0,,,,,,,,,
1291216,2021/22,2021-12-19,"Mahinda Rajapaksa International Cricket Stadium, Sooriyawewa, Hambantota",2,2.1,Jaffna Kings,Galle Gladiators,T Kohler-Cadmore,Rahmanullah Gurbaz,N Thushara,0,0,,,,,,caught and bowled,T Kohler-Cadmore,,
1291216,2021/22,2021-12-19,"Mahinda Rajapaksa International Cricket Stadium, Sooriyawewa, Hambantota",2,2.2,Jaffna Kings,Galle Gladiators,KNA Bandara,Rahmanullah Gurbaz,N Thushara,0,0,,,,,,,,,
1291216,2021/22,2021-12-19,"Mahinda Rajapaksa International Cricket Stadium, Sooriyawewa, Hambantota",2,2.3,Jaffna Kings,Galle Gladiators,KNA Bandara,Rahmanullah Gurbaz,N Thushara,1,0,,,,,,,,,
1291216,2021/22,2021-12-19,"Mahinda Rajapaksa International Cricket Stadium, Sooriyawewa, Hambantota",2,2.4,Jaffna Kings,Galle Gladiators,Rahmanullah Gurbaz,KNA Bandara,N Thushara,1,0,,,,,,,,,
1291216,2021/22,2021-12-19,"Mahinda Rajapaksa International Cricket Stadium, Sooriyawewa, Hambantota",2,2.5,Jaffna Kings,Galle Gladiators,KNA Bandara,Rahmanullah Gurbaz,N Thushara,0,0,,,,,,,,,
1291216,2021/22,2021-12-19,"Mahinda Rajapaksa International Cricket Stadium, Sooriyawewa, Hambantota",2,2.6,Jaffna Kings,Galle Gladiators,KNA Bandara,Rahmanullah Gurbaz,N Thushara,0,0,,,,,,,,,
1291216,2021/22,2021-12-19,"Mahinda Rajapaksa International Cricket Stadium, Sooriyawewa, Hambantota",2,3.1,Jaffna Kings,Galle Gladiators,Rahmanullah Gurbaz,KNA Bandara,Mohammad Amir,6,0,,,,,,,,,
1291216,2021/22,2021-12-19,"Mahinda Rajapaksa International Cricket Stadium, Sooriyawewa, Hambantota",2,3.2,Jaffna Kings,Galle Gladiators,Rahmanullah Gurbaz,KNA Bandara,Mohammad Amir,0,0,,,,,,,,,
1291216,2021/22,2021-12-19,"Mahinda Rajapaksa International Cricket Stadium, Sooriyawewa, Hambantota",2,3.3,Jaffna Kings,Galle Gladiators,Rahmanullah Gurbaz,KNA Bandara,Mohammad Amir,0,0,,,,,,,,,
1291216,2021/22,2021-12-19,"Mahinda Rajapaksa International Cricket Stadium, Sooriyawewa, Hambantota",2,3.4,Jaffna Kings,Galle Gladiators,Rahmanullah Gurbaz,KNA Bandara,Mohammad Amir,2,0,,,,,,,,,
1291216,2021/22,2021-12-19,"Mahinda Rajapaksa International Cricket Stadium, Sooriyawewa, Hambantota",2,3.5,Jaffna Kings,Galle Gladiators,Rahmanullah Gurbaz,KNA Bandara,Mohammad Amir,1,0,,,,,,,,,
1291216,2021/22,2021-12-19,"Mahinda Rajapaksa International Cricket Stadium, Sooriyawewa, Hambantota",2,3.6,Jaffna Kings,Galle Gladiators,KNA Bandara,Rahmanullah Gurbaz,Mohammad Amir,0,0,,,,,,,,,
1291216,2021/22,2021-12-19,"Mahinda Rajapaksa International Cricket Stadium, Sooriyawewa, Hambantota",2,4.1,Jaffna Kings,Galle Gladiators,Rahmanullah Gurbaz,KNA Bandara,N Thushara,4,0,,,,,,,,,
1291216,2021/22,2021-12-19,"Mahinda Rajapaksa International Cricket Stadium, Sooriyawewa, Hambantota",2,4.2,Jaffna Kings,Galle Gladiators,Rahmanullah Gurbaz,KNA Bandara,N Thushara,2,0,,,,,,,,,
1291216,2021/22,2021-12-19,"Mahinda Rajapaksa International Cricket Stadium, Sooriyawewa, Hambantota",2,4.3,Jaffna Kings,Galle Gladiators,Rahmanullah Gurbaz,KNA Bandara,N Thushara,0,0,,,,,,,,,
1291216,2021/22,2021-12-19,"Mahinda Rajapaksa International Cricket Stadium, Sooriyawewa, Hambantota",2,4.4,Jaffna Kings,Galle Gladiators,Rahmanullah Gurbaz,KNA Bandara,N Thushara,1,0,,,,,,,,,
1291216,2021/22,2021-12-19,"Mahinda Rajapaksa International Cricket Stadium, Sooriyawewa, Hambantota",2,4.5,Jaffna Kings,Galle Gladiators,KNA Bandara,Rahmanullah Gurbaz,N Thushara,0,0,,,,,,,,,
1291216,2021/22,2021-12-19,"Mahinda Rajapaksa International Cricket Stadium, Sooriyawewa, Hambantota",2,4.6,Jaffna Kings,Galle Gladiators,KNA Bandara,Rahmanullah Gurbaz,N Thushara,1,0,,,,,,,,,
1291216,2021/22,2021-12-19,"Mahinda Rajapaksa International Cricket Stadium, Sooriyawewa, Hambantota",2,5.1,Jaffna Kings,Galle Gladiators,KNA Bandara,Rahmanullah Gurbaz,I Udana,1,0,,,,,,,,,
1291216,2021/22,2021-12-19,"Mahinda Rajapaksa International Cricket Stadium, Sooriyawewa, Hambantota",2,5.2,Jaffna Kings,Galle Gladiators,Rahmanullah Gurbaz,KNA Bandara,I Udana,1,0,,,,,,,,,
1291216,2021/22,2021-12-19,"Mahinda Rajapaksa International Cricket Stadium, Sooriyawewa, Hambantota",2,5.3,Jaffna Kings,Galle Gladiators,KNA Bandara,Rahmanullah Gurbaz,I Udana,0,0,,,,,,,,,
1291216,2021/22,2021-12-19,"Mahinda Rajapaksa International Cricket Stadium, Sooriyawewa, Hambantota",2,5.4,Jaffna Kings,Galle Gladiators,KNA Bandara,Rahmanullah Gurbaz,I Udana,1,0,,,,,,,,,
1291216,2021/22,2021-12-19,"Mahinda Rajapaksa International Cricket Stadium, Sooriyawewa, Hambantota",2,5.5,Jaffna Kings,Galle Gladiators,Rahmanullah Gurbaz,KNA Bandara,I Udana,1,0,,,,,,,,,
1291216,2021/22,2021-12-19,"Mahinda Rajapaksa International Cricket Stadium, Sooriyawewa, Hambantota",2,5.6,Jaffna Kings,Galle Gladiators,KNA Bandara,Rahmanullah Gurbaz,I Udana,1,0,,,,,,,,,
1291216,2021/22,2021-12-19,"Mahinda Rajapaksa International Cricket Stadium, Sooriyawewa, Hambantota",2,6.1,Jaffna Kings,Galle Gladiators,KNA Bandara,Rahmanullah Gurbaz,SR Patel,1,0,,,,,,,,,
1291216,2021/22,2021-12-19,"Mahinda Rajapaksa International Cricket Stadium, Sooriyawewa, Hambantota",2,6.2,Jaffna Kings,Galle Gladiators,Rahmanullah Gurbaz,KNA Bandara,SR Patel,1,0,,,,,,,,,
1291216,2021/22,2021-12-19,"Mahinda Rajapaksa International Cricket Stadium, Sooriyawewa, Hambantota",2,6.3,Jaffna Kings,Galle Gladiators,KNA Bandara,Rahmanullah Gurbaz,SR Patel,2,0,,,,,,,,,
1291216,2021/22,2021-12-19,"Mahinda Rajapaksa International Cricket Stadium, Sooriyawewa, Hambantota",2,6.4,Jaffna Kings,Galle Gladiators,KNA Bandara,Rahmanullah Gurbaz,SR Patel,0,0,,,,,,,,,
1291216,2021/22,2021-12-19,"Mahinda Rajapaksa International Cricket Stadium, Sooriyawewa, Hambantota",2,6.5,Jaffna Kings,Galle Gladiators,KNA Bandara,Rahmanullah Gurbaz,SR Patel,0,0,,,,,,,,,
1291216,2021/22,2021-12-19,"Mahinda Rajapaksa International Cricket Stadium, Sooriyawewa, Hambantota",2,6.6,Jaffna Kings,Galle Gladiators,KNA Bandara,Rahmanullah Gurbaz,SR Patel,0,0,,,,,,,,,
1291216,2021/22,2021-12-19,"Mahinda Rajapaksa International Cricket Stadium, Sooriyawewa, Hambantota",2,7.1,Jaffna Kings,Galle Gladiators,Rahmanullah Gurbaz,KNA Bandara,Pulina Tharanga,0,1,1,,,,,,,,
1291216,2021/22,2021-12-19,"Mahinda Rajapaksa International Cricket Stadium, Sooriyawewa, Hambantota",2,7.2,Jaffna Kings,Galle Gladiators,Rahmanullah Gurbaz,KNA Bandara,Pulina Tharanga,1,0,,,,,,,,,
1291216,2021/22,2021-12-19,"Mahinda Rajapaksa International Cricket Stadium, Sooriyawewa, Hambantota",2,7.3,Jaffna Kings,Galle Gladiators,KNA Bandara,Rahmanullah Gurbaz,Pulina Tharanga,1,0,,,,,,,,,
1291216,2021/22,2021-12-19,"Mahinda Rajapaksa International Cricket Stadium, Sooriyawewa, Hambantota",2,7.4,Jaffna Kings,Galle Gladiators,Rahmanullah Gurbaz,KNA Bandara,Pulina Tharanga,0,0,,,,,,run out,KNA Bandara,,
1291216,2021/22,2021-12-19,"Mahinda Rajapaksa International Cricket Stadium, Sooriyawewa, Hambantota",2,7.5,Jaffna Kings,Galle Gladiators,Rahmanullah Gurbaz,Shoaib Malik,Pulina Tharanga,1,0,,,,,,,,,
1291216,2021/22,2021-12-19,"Mahinda Rajapaksa International Cricket Stadium, Sooriyawewa, Hambantota",2,7.6,Jaffna Kings,Galle Gladiators,Shoaib Malik,Rahmanullah Gurbaz,Pulina Tharanga,0,1,1,,,,,,,,
1291216,2021/22,2021-12-19,"Mahinda Rajapaksa International Cricket Stadium, Sooriyawewa, Hambantota",2,7.7,Jaffna Kings,Galle Gladiators,Shoaib Malik,Rahmanullah Gurbaz,Pulina Tharanga,0,2,2,,,,,,,,
1291216,2021/22,2021-12-19,"Mahinda Rajapaksa International Cricket Stadium, Sooriyawewa, Hambantota",2,7.8,Jaffna Kings,Galle Gladiators,Rahmanullah Gurbaz,Shoaib Malik,Pulina Tharanga,1,0,,,,,,,,,
1291216,2021/22,2021-12-19,"Mahinda Rajapaksa International Cricket Stadium, Sooriyawewa, Hambantota",2,7.9,Jaffna Kings,Galle Gladiators,Shoaib Malik,Rahmanullah Gurbaz,Pulina Tharanga,0,0,,,,,,,,,
1291216,2021/22,2021-12-19,"Mahinda Rajapaksa International Cricket Stadium, Sooriyawewa, Hambantota",2,8.1,Jaffna Kings,Galle Gladiators,Rahmanullah Gurbaz,Shoaib Malik,SR Patel,1,0,,,,,,,,,
1291216,2021/22,2021-12-19,"Mahinda Rajapaksa International Cricket Stadium, Sooriyawewa, Hambantota",2,8.2,Jaffna Kings,Galle Gladiators,Shoaib Malik,Rahmanullah Gurbaz,SR Patel,1,0,,,,,,,,,
1291216,2021/22,2021-12-19,"Mahinda Rajapaksa International Cricket Stadium, Sooriyawewa, Hambantota",2,8.3,Jaffna Kings,Galle Gladiators,Rahmanullah Gurbaz,Shoaib Malik,SR Patel,4,0,,,,,,,,,
1291216,2021/22,2021-12-19,"Mahinda Rajapaksa International Cricket Stadium, Sooriyawewa, Hambantota",2,8.4,Jaffna Kings,Galle Gladiators,Rahmanullah Gurbaz,Shoaib Malik,SR Patel,6,0,,,,,,,,,
1291216,2021/22,2021-12-19,"Mahinda Rajapaksa International Cricket Stadium, Sooriyawewa, Hambantota",2,8.5,Jaffna Kings,Galle Gladiators,Rahmanullah Gurbaz,Shoaib Malik,SR Patel,4,0,,,,,,,,,
1291216,2021/22,2021-12-19,"Mahinda Rajapaksa International Cricket Stadium, Sooriyawewa, Hambantota",2,8.6,Jaffna Kings,Galle Gladiators,Rahmanullah Gurbaz,Shoaib Malik,SR Patel,1,0,,,,,,,,,
1291216,2021/22,2021-12-19,"Mahinda Rajapaksa International Cricket Stadium, Sooriyawewa, Hambantota",2,9.1,Jaffna Kings,Galle Gladiators,Rahmanullah Gurbaz,Shoaib Malik,I Udana,1,0,,,,,,,,,
1291216,2021/22,2021-12-19,"Mahinda Rajapaksa International Cricket Stadium, Sooriyawewa, Hambantota",2,9.2,Jaffna Kings,Galle Gladiators,Shoaib Malik,Rahmanullah Gurbaz,I Udana,0,0,,,,,,,,,
1291216,2021/22,2021-12-19,"Mahinda Rajapaksa International Cricket Stadium, Sooriyawewa, Hambantota",2,9.3,Jaffna Kings,Galle Gladiators,Shoaib Malik,Rahmanullah Gurbaz,I Udana,1,0,,,,,,,,,
1291216,2021/22,2021-12-19,"Mahinda Rajapaksa International Cricket Stadium, Sooriyawewa, Hambantota",2,9.4,Jaffna Kings,Galle Gladiators,Rahmanullah Gurbaz,Shoaib Malik,I Udana,2,0,,,,,,,,,
1291216,2021/22,2021-12-19,"Mahinda Rajapaksa International Cricket Stadium, Sooriyawewa, Hambantota",2,9.5,Jaffna Kings,Galle Gladiators,Rahmanullah Gurbaz,Shoaib Malik,I Udana,0,0,,,,,,,,,
1291216,2021/22,2021-12-19,"Mahinda Rajapaksa International Cricket Stadium, Sooriyawewa, Hambantota",2,9.6,Jaffna Kings,Galle Gladiators,Rahmanullah Gurbaz,Shoaib Malik,I Udana,1,0,,,,,,,,,
1291216,2021/22,2021-12-19,"Mahinda Rajapaksa International Cricket Stadium, Sooriyawewa, Hambantota",2,10.1,Jaffna Kings,Galle Gladiators,Rahmanullah Gurbaz,Shoaib Malik,Pulina Tharanga,2,0,,,,,,,,,
1291216,2021/22,2021-12-19,"Mahinda Rajapaksa International Cricket Stadium, Sooriyawewa, Hambantota",2,10.2,Jaffna Kings,Galle Gladiators,Rahmanullah Gurbaz,Shoaib Malik,Pulina Tharanga,0,0,,,,,,,,,
1291216,2021/22,2021-12-19,"Mahinda Rajapaksa International Cricket Stadium, Sooriyawewa, Hambantota",2,10.3,Jaffna Kings,Galle Gladiators,Rahmanullah Gurbaz,Shoaib Malik,Pulina Tharanga,1,0,,,,,,,,,
1291216,2021/22,2021-12-19,"Mahinda Rajapaksa International Cricket Stadium, Sooriyawewa, Hambantota",2,10.4,Jaffna Kings,Galle Gladiators,Shoaib Malik,Rahmanullah Gurbaz,Pulina Tharanga,0,0,,,,,,caught,Shoaib Malik,,
1291216,2021/22,2021-12-19,"Mahinda Rajapaksa International Cricket Stadium, Sooriyawewa, Hambantota",2,10.5,Jaffna Kings,Galle Gladiators,NLTC Perera,Rahmanullah Gurbaz,Pulina Tharanga,1,0,,,,,,,,,
1291216,2021/22,2021-12-19,"Mahinda Rajapaksa International Cricket Stadium, Sooriyawewa, Hambantota",2,10.6,Jaffna Kings,Galle Gladiators,Rahmanullah Gurbaz,NLTC Perera,Pulina Tharanga,1,0,,,,,,,,,
1291216,2021/22,2021-12-19,"Mahinda Rajapaksa International Cricket Stadium, Sooriyawewa, Hambantota",2,11.1,Jaffna Kings,Galle Gladiators,Rahmanullah Gurbaz,NLTC Perera,N Thushara,0,0,,,,,,caught,Rahmanullah Gurbaz,,
1291216,2021/22,2021-12-19,"Mahinda Rajapaksa International Cricket Stadium, Sooriyawewa, Hambantota",2,11.2,Jaffna Kings,Galle Gladiators,NLTC Perera,PWH de Silva,N Thushara,1,0,,,,,,,,,
1291216,2021/22,2021-12-19,"Mahinda Rajapaksa International Cricket Stadium, Sooriyawewa, Hambantota",2,11.3,Jaffna Kings,Galle Gladiators,PWH de Silva,NLTC Perera,N Thushara,1,0,,,,,,,,,
1291216,2021/22,2021-12-19,"Mahinda Rajapaksa International Cricket Stadium, Sooriyawewa, Hambantota",2,11.4,Jaffna Kings,Galle Gladiators,NLTC Perera,PWH de Silva,N Thushara,1,0,,,,,,,,,
1291216,2021/22,2021-12-19,"Mahinda Rajapaksa International Cricket Stadium, Sooriyawewa, Hambantota",2,11.5,Jaffna Kings,Galle Gladiators,PWH de Silva,NLTC Perera,N Thushara,0,0,,,,,,,,,
1291216,2021/22,2021-12-19,"Mahinda Rajapaksa International Cricket Stadium, Sooriyawewa, Hambantota",2,11.6,Jaffna Kings,Galle Gladiators,PWH de Silva,NLTC Perera,N Thushara,0,0,,,,,,,,,
1291216,2021/22,2021-12-19,"Mahinda Rajapaksa International Cricket Stadium, Sooriyawewa, Hambantota",2,12.1,Jaffna Kings,Galle Gladiators,NLTC Perera,PWH de Silva,Mohammad Hafeez,0,0,,,,,,,,,
1291216,2021/22,2021-12-19,"Mahinda Rajapaksa International Cricket Stadium, Sooriyawewa, Hambantota",2,12.2,Jaffna Kings,Galle Gladiators,NLTC Perera,PWH de Silva,Mohammad Hafeez,1,0,,,,,,,,,
1291216,2021/22,2021-12-19,"Mahinda Rajapaksa International Cricket Stadium, Sooriyawewa, Hambantota",2,12.3,Jaffna Kings,Galle Gladiators,PWH de Silva,NLTC Perera,Mohammad Hafeez,6,0,,,,,,,,,
1291216,2021/22,2021-12-19,"Mahinda Rajapaksa International Cricket Stadium, Sooriyawewa, Hambantota",2,12.4,Jaffna Kings,Galle Gladiators,PWH de Silva,NLTC Perera,Mohammad Hafeez,4,0,,,,,,,,,
1291216,2021/22,2021-12-19,"Mahinda Rajapaksa International Cricket Stadium, Sooriyawewa, Hambantota",2,12.5,Jaffna Kings,Galle Gladiators,PWH de Silva,NLTC Perera,Mohammad Hafeez,6,0,,,,,,,,,
1291216,2021/22,2021-12-19,"Mahinda Rajapaksa International Cricket Stadium, Sooriyawewa, Hambantota",2,12.6,Jaffna Kings,Galle Gladiators,PWH de Silva,NLTC Perera,Mohammad Hafeez,4,0,,,,,,,,,
1291216,2021/22,2021-12-19,"Mahinda Rajapaksa International Cricket Stadium, Sooriyawewa, Hambantota",2,13.1,Jaffna Kings,Galle Gladiators,NLTC Perera,PWH de Silva,I Udana,0,0,,,,,,caught,NLTC Perera,,
1291216,2021/22,2021-12-19,"Mahinda Rajapaksa International Cricket Stadium, Sooriyawewa, Hambantota",2,13.2,Jaffna Kings,Galle Gladiators,PC de Silva,PWH de Silva,I Udana,2,0,,,,,,,,,
1291216,2021/22,2021-12-19,"Mahinda Rajapaksa International Cricket Stadium, Sooriyawewa, Hambantota",2,13.3,Jaffna Kings,Galle Gladiators,PC de Silva,PWH de Silva,I Udana,1,0,,,,,,,,,
1291216,2021/22,2021-12-19,"Mahinda Rajapaksa International Cricket Stadium, Sooriyawewa, Hambantota",2,13.4,Jaffna Kings,Galle Gladiators,PWH de Silva,PC de Silva,I Udana,4,0,,,,,,,,,
1291216,2021/22,2021-12-19,"Mahinda Rajapaksa International Cricket Stadium, Sooriyawewa, Hambantota",2,13.5,Jaffna Kings,Galle Gladiators,PWH de Silva,PC de Silva,I Udana,1,0,,,,,,,,,
1291216,2021/22,2021-12-19,"Mahinda Rajapaksa International Cricket Stadium, Sooriyawewa, Hambantota",2,13.6,Jaffna Kings,Galle Gladiators,PC de Silva,PWH de Silva,I Udana,1,0,,,,,,,,,
1291216,2021/22,2021-12-19,"Mahinda Rajapaksa International Cricket Stadium, Sooriyawewa, Hambantota",2,14.1,Jaffna Kings,Galle Gladiators,PC de Silva,PWH de Silva,Mohammad Amir,1,0,,,,,,,,,
1291216,2021/22,2021-12-19,"Mahinda Rajapaksa International Cricket Stadium, Sooriyawewa, Hambantota",2,14.2,Jaffna Kings,Galle Gladiators,PWH de Silva,PC de Silva,Mohammad Amir,0,0,,,,,,,,,
1291216,2021/22,2021-12-19,"Mahinda Rajapaksa International Cricket Stadium, Sooriyawewa, Hambantota",2,14.3,Jaffna Kings,Galle Gladiators,PWH de Silva,PC de Silva,Mohammad Amir,1,0,,,,,,,,,
1291216,2021/22,2021-12-19,"Mahinda Rajapaksa International Cricket Stadium, Sooriyawewa, Hambantota",2,14.4,Jaffna Kings,Galle Gladiators,PC de Silva,PWH de Silva,Mohammad Amir,0,0,,,,,,,,,
1291216,2021/22,2021-12-19,"Mahinda Rajapaksa International Cricket Stadium, Sooriyawewa, Hambantota",2,14.5,Jaffna Kings,Galle Gladiators,PC de Silva,PWH de Silva,Mohammad Amir,0,0,,,,,,,,,
1291216,2021/22,2021-12-19,"Mahinda Rajapaksa International Cricket Stadium, Sooriyawewa, Hambantota",2,14.6,Jaffna Kings,Galle Gladiators,PC de Silva,PWH de Silva,Mohammad Amir,1,0,,,,,,,,,
1291216,2021/22,2021-12-19,"Mahinda Rajapaksa International Cricket Stadium, Sooriyawewa, Hambantota",2,15.1,Jaffna Kings,Galle Gladiators,PC de Silva,PWH de Silva,Anwar Ali,0,0,,,,,,caught,PC de Silva,,
1291216,2021/22,2021-12-19,"Mahinda Rajapaksa International Cricket Stadium, Sooriyawewa, Hambantota",2,15.2,Jaffna Kings,Galle Gladiators,PWH de Silva,Wahab Riaz,Anwar Ali,1,0,,,,,,,,,
1291216,2021/22,2021-12-19,"Mahinda Rajapaksa International Cricket Stadium, Sooriyawewa, Hambantota",2,15.3,Jaffna Kings,Galle Gladiators,Wahab Riaz,PWH de Silva,Anwar Ali,1,0,,,,,,,,,
1291216,2021/22,2021-12-19,"Mahinda Rajapaksa International Cricket Stadium, Sooriyawewa, Hambantota",2,15.4,Jaffna Kings,Galle Gladiators,PWH de Silva,Wahab Riaz,Anwar Ali,0,0,,,,,,,,,
1291216,2021/22,2021-12-19,"Mahinda Rajapaksa International Cricket Stadium, Sooriyawewa, Hambantota",2,15.5,Jaffna Kings,Galle Gladiators,PWH de Silva,Wahab Riaz,Anwar Ali,1,0,,,,,,,,,
1291216,2021/22,2021-12-19,"Mahinda Rajapaksa International Cricket Stadium, Sooriyawewa, Hambantota",2,15.6,Jaffna Kings,Galle Gladiators,Wahab Riaz,PWH de Silva,Anwar Ali,0,0,,,,,,,,,
1291216,2021/22,2021-12-19,"Mahinda Rajapaksa International Cricket Stadium, Sooriyawewa, Hambantota",2,16.1,Jaffna Kings,Galle Gladiators,PWH de Silva,Wahab Riaz,N Thushara,0,0,,,,,,caught,PWH de Silva,,
1291216,2021/22,2021-12-19,"Mahinda Rajapaksa International Cricket Stadium, Sooriyawewa, Hambantota",2,16.2,Jaffna Kings,Galle Gladiators,Wahab Riaz,RAS Lakmal,N Thushara,0,0,,,,,,,,,
1291216,2021/22,2021-12-19,"Mahinda Rajapaksa International Cricket Stadium, Sooriyawewa, Hambantota",2,16.3,Jaffna Kings,Galle Gladiators,Wahab Riaz,RAS Lakmal,N Thushara,0,0,,,,,,bowled,Wahab Riaz,,
1291216,2021/22,2021-12-19,"Mahinda Rajapaksa International Cricket Stadium, Sooriyawewa, Hambantota",2,16.4,Jaffna Kings,Galle Gladiators,M Theekshana,RAS Lakmal,N Thushara,0,0,,,,,,,,,
1291216,2021/22,2021-12-19,"Mahinda Rajapaksa International Cricket Stadium, Sooriyawewa, Hambantota",2,16.5,Jaffna Kings,Galle Gladiators,M Theekshana,RAS Lakmal,N Thushara,0,0,,,,,,caught,M Theekshana,,
