match_id,season,start_date,venue,innings,ball,batting_team,bowling_team,striker,non_striker,bowler,runs_off_bat,extras,wides,noballs,byes,legbyes,penalty,wicket_type,player_dismissed,other_wicket_type,other_player_dismissed
1291201,2021/22,2021-12-08,"R Premadasa Stadium, Colombo",1,0.1,Jaffna Kings,Kandy Warriors,Rahmanullah Gurbaz,WIA Fernando,Shiraz Ahmed,0,0,,,,,,,,,
1291201,2021/22,2021-12-08,"R Premadasa Stadium, Colombo",1,0.2,Jaffna Kings,Kandy Warriors,Rahmanullah Gurbaz,WIA Fernando,Shiraz Ahmed,0,0,,,,,,,,,
1291201,2021/22,2021-12-08,"R Premadasa Stadium, Colombo",1,0.3,Jaffna Kings,Kandy Warriors,Rahmanullah Gurbaz,WIA Fernando,Shiraz Ahmed,0,0,,,,,,,,,
1291201,2021/22,2021-12-08,"R Premadasa Stadium, Colombo",1,0.4,Jaffna Kings,Kandy Warriors,Rahmanullah Gurbaz,WIA Fernando,Shiraz Ahmed,4,0,,,,,,,,,
1291201,2021/22,2021-12-08,"R Premadasa Stadium, Colombo",1,0.5,Jaffna Kings,Kandy Warriors,Rahmanullah Gurbaz,WIA Fernando,Shiraz Ahmed,4,0,,,,,,,,,
1291201,2021/22,2021-12-08,"R Premadasa Stadium, Colombo",1,0.6,Jaffna Kings,Kandy Warriors,Rahmanullah Gurbaz,WIA Fernando,Shiraz Ahmed,0,0,,,,,,,,,
1291201,2021/22,2021-12-08,"R Premadasa Stadium, Colombo",1,1.1,Jaffna Kings,Kandy Warriors,WIA Fernando,Rahmanullah Gurbaz,N Vimukthi,0,0,,,,,,,,,
1291201,2021/22,2021-12-08,"R Premadasa Stadium, Colombo",1,1.2,Jaffna Kings,Kandy Warriors,WIA Fernando,Rahmanullah Gurbaz,N Vimukthi,1,0,,,,,,,,,
1291201,2021/22,2021-12-08,"R Premadasa Stadium, Colombo",1,1.3,Jaffna Kings,Kandy Warriors,Rahmanullah Gurbaz,WIA Fernando,N Vimukthi,0,1,1,,,,,,,,
1291201,2021/22,2021-12-08,"R Premadasa Stadium, Colombo",1,1.4,Jaffna Kings,Kandy Warriors,Rahmanullah Gurbaz,WIA Fernando,N Vimukthi,0,0,,,,,,,,,
1291201,2021/22,2021-12-08,"R Premadasa Stadium, Colombo",1,1.5,Jaffna Kings,Kandy Warriors,Rahmanullah Gurbaz,WIA Fernando,N Vimukthi,0,5,5,,,,,,,,
1291201,2021/22,2021-12-08,"R Premadasa Stadium, Colombo",1,1.6,Jaffna Kings,Kandy Warriors,Rahmanullah Gurbaz,WIA Fernando,N Vimukthi,0,0,,,,,,caught and bowled,Rahmanullah Gurbaz,,
1291201,2021/22,2021-12-08,"R Premadasa Stadium, Colombo",1,1.7,Jaffna Kings,Kandy Warriors,T Kohler-Cadmore,WIA Fernando,N Vimukthi,0,0,,,,,,,,,
1291201,2021/22,2021-12-08,"R Premadasa Stadium, Colombo",1,1.8,Jaffna Kings,Kandy Warriors,T Kohler-Cadmore,WIA Fernando,N Vimukthi,1,0,,,,,,,,,
1291201,2021/22,2021-12-08,"R Premadasa Stadium, Colombo",1,2.1,Jaffna Kings,Kandy Warriors,T Kohler-Cadmore,WIA Fernando,Al-Amin Hossain,0,0,,,,,,,,,
1291201,2021/22,2021-12-08,"R Premadasa Stadium, Colombo",1,2.2,Jaffna Kings,Kandy Warriors,T Kohler-Cadmore,WIA Fernando,Al-Amin Hossain,0,0,,,,,,,,,
1291201,2021/22,2021-12-08,"R Premadasa Stadium, Colombo",1,2.3,Jaffna Kings,Kandy Warriors,T Kohler-Cadmore,WIA Fernando,Al-Amin Hossain,1,0,,,,,,,,,
1291201,2021/22,2021-12-08,"R Premadasa Stadium, Colombo",1,2.4,Jaffna Kings,Kandy Warriors,WIA Fernando,T Kohler-Cadmore,Al-Amin Hossain,0,0,,,,,,,,,
1291201,2021/22,2021-12-08,"R Premadasa Stadium, Colombo",1,2.5,Jaffna Kings,Kandy Warriors,WIA Fernando,T Kohler-Cadmore,Al-Amin Hossain,0,0,,,,,,,,,
1291201,2021/22,2021-12-08,"R Premadasa Stadium, Colombo",1,2.6,Jaffna Kings,Kandy Warriors,WIA Fernando,T Kohler-Cadmore,Al-Amin Hossain,0,0,,,,,,,,,
1291201,2021/22,2021-12-08,"R Premadasa Stadium, Colombo",1,3.1,Jaffna Kings,Kandy Warriors,T Kohler-Cadmore,WIA Fernando,N Vimukthi,6,0,,,,,,,,,
1291201,2021/22,2021-12-08,"R Premadasa Stadium, Colombo",1,3.2,Jaffna Kings,Kandy Warriors,T Kohler-Cadmore,WIA Fernando,N Vimukthi,1,0,,,,,,,,,
1291201,2021/22,2021-12-08,"R Premadasa Stadium, Colombo",1,3.3,Jaffna Kings,Kandy Warriors,WIA Fernando,T Kohler-Cadmore,N Vimukthi,0,0,,,,,,,,,
1291201,2021/22,2021-12-08,"R Premadasa Stadium, Colombo",1,3.4,Jaffna Kings,Kandy Warriors,WIA Fernando,T Kohler-Cadmore,N Vimukthi,0,1,,,1,,,,,,
1291201,2021/22,2021-12-08,"R Premadasa Stadium, Colombo",1,3.5,Jaffna Kings,Kandy Warriors,T Kohler-Cadmore,WIA Fernando,N Vimukthi,1,0,,,,,,,,,
1291201,2021/22,2021-12-08,"R Premadasa Stadium, Colombo",1,3.6,Jaffna Kings,Kandy Warriors,WIA Fernando,T Kohler-Cadmore,N Vimukthi,1,0,,,,,,,,,
1291201,2021/22,2021-12-08,"R Premadasa Stadium, Colombo",1,4.1,Jaffna Kings,Kandy Warriors,WIA Fernando,T Kohler-Cadmore,PHKD Mendis,1,0,,,,,,,,,
1291201,2021/22,2021-12-08,"R Premadasa Stadium, Colombo",1,4.2,Jaffna Kings,Kandy Warriors,T Kohler-Cadmore,WIA Fernando,PHKD Mendis,4,0,,,,,,,,,
1291201,2021/22,2021-12-08,"R Premadasa Stadium, Colombo",1,4.3,Jaffna Kings,Kandy Warriors,T Kohler-Cadmore,WIA Fernando,PHKD Mendis,0,0,,,,,,,,,
1291201,2021/22,2021-12-08,"R Premadasa Stadium, Colombo",1,4.4,Jaffna Kings,Kandy Warriors,T Kohler-Cadmore,WIA Fernando,PHKD Mendis,0,0,,,,,,caught,T Kohler-Cadmore,,
1291201,2021/22,2021-12-08,"R Premadasa Stadium, Colombo",1,4.5,Jaffna Kings,Kandy Warriors,WIA Fernando,NLTC Perera,PHKD Mendis,1,0,,,,,,,,,
1291201,2021/22,2021-12-08,"R Premadasa Stadium, Colombo",1,4.6,Jaffna Kings,Kandy Warriors,NLTC Perera,WIA Fernando,PHKD Mendis,1,0,,,,,,,,,
1291201,2021/22,2021-12-08,"R Premadasa Stadium, Colombo",1,5.1,Jaffna Kings,Kandy Warriors,NLTC Perera,WIA Fernando,Tillakaratne Sampath,1,0,,,,,,,,,
1291201,2021/22,2021-12-08,"R Premadasa Stadium, Colombo",1,5.2,Jaffna Kings,Kandy Warriors,WIA Fernando,NLTC Perera,Tillakaratne Sampath,6,0,,,,,,,,,
1291201,2021/22,2021-12-08,"R Premadasa Stadium, Colombo",1,5.3,Jaffna Kings,Kandy Warriors,WIA Fernando,NLTC Perera,Tillakaratne Sampath,6,0,,,,,,,,,
1291201,2021/22,2021-12-08,"R Premadasa Stadium, Colombo",1,5.4,Jaffna Kings,Kandy Warriors,WIA Fernando,NLTC Perera,Tillakaratne Sampath,6,0,,,,,,,,,
1291201,2021/22,2021-12-08,"R Premadasa Stadium, Colombo",1,5.5,Jaffna Kings,Kandy Warriors,WIA Fernando,NLTC Perera,Tillakaratne Sampath,6,0,,,,,,,,,
1291201,2021/22,2021-12-08,"R Premadasa Stadium, Colombo",1,5.6,Jaffna Kings,Kandy Warriors,WIA Fernando,NLTC Perera,Tillakaratne Sampath,6,0,,,,,,,,,
1291201,2021/22,2021-12-08,"R Premadasa Stadium, Colombo",1,6.1,Jaffna Kings,Kandy Warriors,NLTC Perera,WIA Fernando,R Powell,4,0,,,,,,,,,
1291201,2021/22,2021-12-08,"R Premadasa Stadium, Colombo",1,6.2,Jaffna Kings,Kandy Warriors,NLTC Perera,WIA Fernando,R Powell,1,0,,,,,,,,,
1291201,2021/22,2021-12-08,"R Premadasa Stadium, Colombo",1,6.3,Jaffna Kings,Kandy Warriors,WIA Fernando,NLTC Perera,R Powell,2,0,,,,,,,,,
1291201,2021/22,2021-12-08,"R Premadasa Stadium, Colombo",1,6.4,Jaffna Kings,Kandy Warriors,WIA Fernando,NLTC Perera,R Powell,1,0,,,,,,,,,
1291201,2021/22,2021-12-08,"R Premadasa Stadium, Colombo",1,6.5,Jaffna Kings,Kandy Warriors,NLTC Perera,WIA Fernando,R Powell,1,0,,,,,,,,,
1291201,2021/22,2021-12-08,"R Premadasa Stadium, Colombo",1,6.6,Jaffna Kings,Kandy Warriors,WIA Fernando,NLTC Perera,R Powell,2,0,,,,,,,,,
1291201,2021/22,2021-12-08,"R Premadasa Stadium, Colombo",1,7.1,Jaffna Kings,Kandy Warriors,NLTC Perera,WIA Fernando,PHKD Mendis,1,0,,,,,,,,,
1291201,2021/22,2021-12-08,"R Premadasa Stadium, Colombo",1,7.2,Jaffna Kings,Kandy Warriors,WIA Fernando,NLTC Perera,PHKD Mendis,1,0,,,,,,,,,
1291201,2021/22,2021-12-08,"R Premadasa Stadium, Colombo",1,7.3,Jaffna Kings,Kandy Warriors,NLTC Perera,WIA Fernando,PHKD Mendis,6,0,,,,,,,,,
1291201,2021/22,2021-12-08,"R Premadasa Stadium, Colombo",1,7.4,Jaffna Kings,Kandy Warriors,NLTC Perera,WIA Fernando,PHKD Mendis,4,0,,,,,,,,,
1291201,2021/22,2021-12-08,"R Premadasa Stadium, Colombo",1,7.5,Jaffna Kings,Kandy Warriors,NLTC Perera,WIA Fernando,PHKD Mendis,6,0,,,,,,,,,
1291201,2021/22,2021-12-08,"R Premadasa Stadium, Colombo",1,7.6,Jaffna Kings,Kandy Warriors,NLTC Perera,WIA Fernando,PHKD Mendis,0,1,,,,1,,,,,
1291201,2021/22,2021-12-08,"R Premadasa Stadium, Colombo",1,8.1,Jaffna Kings,Kandy Warriors,NLTC Perera,WIA Fernando,R Powell,6,0,,,,,,,,,
1291201,2021/22,2021-12-08,"R Premadasa Stadium, Colombo",1,8.2,Jaffna Kings,Kandy Warriors,NLTC Perera,WIA Fernando,R Powell,0,0,,,,,,,,,
1291201,2021/22,2021-12-08,"R Premadasa Stadium, Colombo",1,8.3,Jaffna Kings,Kandy Warriors,NLTC Perera,WIA Fernando,R Powell,6,0,,,,,,,,,
1291201,2021/22,2021-12-08,"R Premadasa Stadium, Colombo",1,8.4,Jaffna Kings,Kandy Warriors,NLTC Perera,WIA Fernando,R Powell,6,0,,,,,,,,,
1291201,2021/22,2021-12-08,"R Premadasa Stadium, Colombo",1,8.5,Jaffna Kings,Kandy Warriors,NLTC Perera,WIA Fernando,R Powell,1,0,,,,,,,,,
1291201,2021/22,2021-12-08,"R Premadasa Stadium, Colombo",1,8.6,Jaffna Kings,Kandy Warriors,WIA Fernando,NLTC Perera,R Powell,6,0,,,,,,,,,
1291201,2021/22,2021-12-08,"R Premadasa Stadium, Colombo",1,9.1,Jaffna Kings,Kandy Warriors,NLTC Perera,WIA Fernando,Al-Amin Hossain,2,0,,,,,,,,,
1291201,2021/22,2021-12-08,"R Premadasa Stadium, Colombo",1,9.2,Jaffna Kings,Kandy Warriors,NLTC Perera,WIA Fernando,Al-Amin Hossain,0,0,,,,,,,,,
1291201,2021/22,2021-12-08,"R Premadasa Stadium, Colombo",1,9.3,Jaffna Kings,Kandy Warriors,NLTC Perera,WIA Fernando,Al-Amin Hossain,0,1,1,,,,,,,,
1291201,2021/22,2021-12-08,"R Premadasa Stadium, Colombo",1,9.4,Jaffna Kings,Kandy Warriors,NLTC Perera,WIA Fernando,Al-Amin Hossain,1,0,,,,,,,,,
1291201,2021/22,2021-12-08,"R Premadasa Stadium, Colombo",1,9.5,Jaffna Kings,Kandy Warriors,WIA Fernando,NLTC Perera,Al-Amin Hossain,6,0,,,,,,,,,
1291201,2021/22,2021-12-08,"R Premadasa Stadium, Colombo",1,9.6,Jaffna Kings,Kandy Warriors,WIA Fernando,NLTC Perera,Al-Amin Hossain,1,0,,,,,,,,,
1291201,2021/22,2021-12-08,"R Premadasa Stadium, Colombo",1,9.7,Jaffna Kings,Kandy Warriors,NLTC Perera,WIA Fernando,Al-Amin Hossain,6,0,,,,,,,,,
1291201,2021/22,2021-12-08,"R Premadasa Stadium, Colombo",1,10.1,Jaffna Kings,Kandy Warriors,WIA Fernando,NLTC Perera,Shiraz Ahmed,0,0,,,,,,caught,WIA Fernando,,
1291201,2021/22,2021-12-08,"R Premadasa Stadium, Colombo",1,10.2,Jaffna Kings,Kandy Warriors,NLTC Perera,Shoaib Malik,Shiraz Ahmed,0,0,,,,,,,,,
1291201,2021/22,2021-12-08,"R Premadasa Stadium, Colombo",1,10.3,Jaffna Kings,Kandy Warriors,NLTC Perera,Shoaib Malik,Shiraz Ahmed,0,0,,,,,,bowled,NLTC Perera,,
1291201,2021/22,2021-12-08,"R Premadasa Stadium, Colombo",1,10.4,Jaffna Kings,Kandy Warriors,PC de Silva,Shoaib Malik,Shiraz Ahmed,1,0,,,,,,,,,
1291201,2021/22,2021-12-08,"R Premadasa Stadium, Colombo",1,10.5,Jaffna Kings,Kandy Warriors,Shoaib Malik,PC de Silva,Shiraz Ahmed,0,1,1,,,,,,,,
1291201,2021/22,2021-12-08,"R Premadasa Stadium, Colombo",1,10.6,Jaffna Kings,Kandy Warriors,Shoaib Malik,PC de Silva,Shiraz Ahmed,1,0,,,,,,,,,
1291201,2021/22,2021-12-08,"R Premadasa Stadium, Colombo",1,10.7,Jaffna Kings,Kandy Warriors,PC de Silva,Shoaib Malik,Shiraz Ahmed,2,0,,,,,,,,,
1291201,2021/22,2021-12-08,"R Premadasa Stadium, Colombo",1,11.1,Jaffna Kings,Kandy Warriors,Shoaib Malik,PC de Silva,R Powell,1,0,,,,,,,,,
1291201,2021/22,2021-12-08,"R Premadasa Stadium, Colombo",1,11.2,Jaffna Kings,Kandy Warriors,PC de Silva,Shoaib Malik,R Powell,6,0,,,,,,,,,
1291201,2021/22,2021-12-08,"R Premadasa Stadium, Colombo",1,11.3,Jaffna Kings,Kandy Warriors,PC de Silva,Shoaib Malik,R Powell,1,0,,,,,,,,,
1291201,2021/22,2021-12-08,"R Premadasa Stadium, Colombo",1,11.4,Jaffna Kings,Kandy Warriors,Shoaib Malik,PC de Silva,R Powell,1,0,,,,,,,,,
1291201,2021/22,2021-12-08,"R Premadasa Stadium, Colombo",1,11.5,Jaffna Kings,Kandy Warriors,PC de Silva,Shoaib Malik,R Powell,6,0,,,,,,,,,
1291201,2021/22,2021-12-08,"R Premadasa Stadium, Colombo",1,11.6,Jaffna Kings,Kandy Warriors,PC de Silva,Shoaib Malik,R Powell,1,0,,,,,,,,,
1291201,2021/22,2021-12-08,"R Premadasa Stadium, Colombo",1,12.1,Jaffna Kings,Kandy Warriors,PC de Silva,Shoaib Malik,Shiraz Ahmed,0,0,,,,,,,,,
1291201,2021/22,2021-12-08,"R Premadasa Stadium, Colombo",1,12.2,Jaffna Kings,Kandy Warriors,PC de Silva,Shoaib Malik,Shiraz Ahmed,0,1,,1,,,,,,,
1291201,2021/22,2021-12-08,"R Premadasa Stadium, Colombo",1,12.3,Jaffna Kings,Kandy Warriors,Shoaib Malik,PC de Silva,Shiraz Ahmed,2,0,,,,,,,,,
1291201,2021/22,2021-12-08,"R Premadasa Stadium, Colombo",1,12.4,Jaffna Kings,Kandy Warriors,Shoaib Malik,PC de Silva,Shiraz Ahmed,0,0,,,,,,,,,
1291201,2021/22,2021-12-08,"R Premadasa Stadium, Colombo",1,12.5,Jaffna Kings,Kandy Warriors,Shoaib Malik,PC de Silva,Shiraz Ahmed,1,0,,,,,,,,,
1291201,2021/22,2021-12-08,"R Premadasa Stadium, Colombo",1,12.6,Jaffna Kings,Kandy Warriors,PC de Silva,Shoaib Malik,Shiraz Ahmed,4,0,,,,,,,,,
1291201,2021/22,2021-12-08,"R Premadasa Stadium, Colombo",1,12.7,Jaffna Kings,Kandy Warriors,PC de Silva,Shoaib Malik,Shiraz Ahmed,0,1,1,,,,,,,,
1291201,2021/22,2021-12-08,"R Premadasa Stadium, Colombo",1,12.8,Jaffna Kings,Kandy Warriors,PC de Silva,Shoaib Malik,Shiraz Ahmed,0,0,,,,,,caught,PC de Silva,,
1291201,2021/22,2021-12-08,"R Premadasa Stadium, Colombo",1,13.1,Jaffna Kings,Kandy Warriors,Shoaib Malik,PWH de Silva,Al-Amin Hossain,0,1,,,,1,,,,,
1291201,2021/22,2021-12-08,"R Premadasa Stadium, Colombo",1,13.2,Jaffna Kings,Kandy Warriors,PWH de Silva,Shoaib Malik,Al-Amin Hossain,2,0,,,,,,,,,
1291201,2021/22,2021-12-08,"R Premadasa Stadium, Colombo",1,13.3,Jaffna Kings,Kandy Warriors,PWH de Silva,Shoaib Malik,Al-Amin Hossain,0,0,,,,,,caught,PWH de Silva,,
1291201,2021/22,2021-12-08,"R Premadasa Stadium, Colombo",1,13.4,Jaffna Kings,Kandy Warriors,Shoaib Malik,WU Tharanga,Al-Amin Hossain,4,0,,,,,,,,,
1291201,2021/22,2021-12-08,"R Premadasa Stadium, Colombo",1,13.5,Jaffna Kings,Kandy Warriors,Shoaib Malik,WU Tharanga,Al-Amin Hossain,2,0,,,,,,,,,
1291201,2021/22,2021-12-08,"R Premadasa Stadium, Colombo",1,13.6,Jaffna Kings,Kandy Warriors,Shoaib Malik,WU Tharanga,Al-Amin Hossain,0,1,1,,,,,,,,
1291201,2021/22,2021-12-08,"R Premadasa Stadium, Colombo",1,13.7,Jaffna Kings,Kandy Warriors,Shoaib Malik,WU Tharanga,Al-Amin Hossain,4,0,,,,,,,,,
1291201,2021/22,2021-12-08,"R Premadasa Stadium, Colombo",2,0.1,Kandy Warriors,Jaffna Kings,K Lewis,KIC Asalanka,M Theekshana,1,0,,,,,,,,,
1291201,2021/22,2021-12-08,"R Premadasa Stadium, Colombo",2,0.2,Kandy Warriors,Jaffna Kings,KIC Asalanka,K Lewis,M Theekshana,4,0,,,,,,,,,
1291201,2021/22,2021-12-08,"R Premadasa Stadium, Colombo",2,0.3,Kandy Warriors,Jaffna Kings,KIC Asalanka,K Lewis,M Theekshana,1,0,,,,,,,,,
1291201,2021/22,2021-12-08,"R Premadasa Stadium, Colombo",2,0.4,Kandy Warriors,Jaffna Kings,K Lewis,KIC Asalanka,M Theekshana,0,0,,,,,,,,,
1291201,2021/22,2021-12-08,"R Premadasa Stadium, Colombo",2,0.5,Kandy Warriors,Jaffna Kings,K Lewis,KIC Asalanka,M Theekshana,0,0,,,,,,,,,
1291201,2021/22,2021-12-08,"R Premadasa Stadium, Colombo",2,0.6,Kandy Warriors,Jaffna Kings,K Lewis,KIC Asalanka,M Theekshana,1,0,,,,,,,,,
1291201,2021/22,2021-12-08,"R Premadasa Stadium, Colombo",2,1.1,Kandy Warriors,Jaffna Kings,K Lewis,KIC Asalanka,PWH de Silva,1,0,,,,,,,,,
1291201,2021/22,2021-12-08,"R Premadasa Stadium, Colombo",2,1.2,Kandy Warriors,Jaffna Kings,KIC Asalanka,K Lewis,PWH de Silva,4,0,,,,,,,,,
1291201,2021/22,2021-12-08,"R Premadasa Stadium, Colombo",2,1.3,Kandy Warriors,Jaffna Kings,KIC Asalanka,K Lewis,PWH de Silva,4,0,,,,,,,,,
1291201,2021/22,2021-12-08,"R Premadasa Stadium, Colombo",2,1.4,Kandy Warriors,Jaffna Kings,KIC Asalanka,K Lewis,PWH de Silva,1,0,,,,,,,,,
1291201,2021/22,2021-12-08,"R Premadasa Stadium, Colombo",2,1.5,Kandy Warriors,Jaffna Kings,K Lewis,KIC Asalanka,PWH de Silva,6,0,,,,,,,,,
1291201,2021/22,2021-12-08,"R Premadasa Stadium, Colombo",2,1.6,Kandy Warriors,Jaffna Kings,K Lewis,KIC Asalanka,PWH de Silva,0,0,,,,,,,,,
1291201,2021/22,2021-12-08,"R Premadasa Stadium, Colombo",2,2.1,Kandy Warriors,Jaffna Kings,KIC Asalanka,K Lewis,M Theekshana,4,0,,,,,,,,,
1291201,2021/22,2021-12-08,"R Premadasa Stadium, Colombo",2,2.2,Kandy Warriors,Jaffna Kings,KIC Asalanka,K Lewis,M Theekshana,0,0,,,,,,,,,
1291201,2021/22,2021-12-08,"R Premadasa Stadium, Colombo",2,2.3,Kandy Warriors,Jaffna Kings,KIC Asalanka,K Lewis,M Theekshana,0,0,,,,,,,,,
1291201,2021/22,2021-12-08,"R Premadasa Stadium, Colombo",2,2.4,Kandy Warriors,Jaffna Kings,KIC Asalanka,K Lewis,M Theekshana,2,0,,,,,,,,,
1291201,2021/22,2021-12-08,"R Premadasa Stadium, Colombo",2,2.5,Kandy Warriors,Jaffna Kings,KIC Asalanka,K Lewis,M Theekshana,2,0,,,,,,,,,
1291201,2021/22,2021-12-08,"R Premadasa Stadium, Colombo",2,2.6,Kandy Warriors,Jaffna Kings,KIC Asalanka,K Lewis,M Theekshana,2,0,,,,,,,,,
1291201,2021/22,2021-12-08,"R Premadasa Stadium, Colombo",2,3.1,Kandy Warriors,Jaffna Kings,K Lewis,KIC Asalanka,PWH de Silva,1,0,,,,,,,,,
1291201,2021/22,2021-12-08,"R Premadasa Stadium, Colombo",2,3.2,Kandy Warriors,Jaffna Kings,KIC Asalanka,K Lewis,PWH de Silva,6,0,,,,,,,,,
1291201,2021/22,2021-12-08,"R Premadasa Stadium, Colombo",2,3.3,Kandy Warriors,Jaffna Kings,KIC Asalanka,K Lewis,PWH de Silva,4,0,,,,,,,,,
1291201,2021/22,2021-12-08,"R Premadasa Stadium, Colombo",2,3.4,Kandy Warriors,Jaffna Kings,KIC Asalanka,K Lewis,PWH de Silva,1,0,,,,,,,,,
1291201,2021/22,2021-12-08,"R Premadasa Stadium, Colombo",2,3.5,Kandy Warriors,Jaffna Kings,K Lewis,KIC Asalanka,PWH de Silva,0,0,,,,,,,,,
1291201,2021/22,2021-12-08,"R Premadasa Stadium, Colombo",2,3.6,Kandy Warriors,Jaffna Kings,K Lewis,KIC Asalanka,PWH de Silva,0,0,,,,,,,,,
1291201,2021/22,2021-12-08,"R Premadasa Stadium, Colombo",2,4.1,Kandy Warriors,Jaffna Kings,KIC Asalanka,K Lewis,JNT Seales,1,0,,,,,,,,,
1291201,2021/22,2021-12-08,"R Premadasa Stadium, Colombo",2,4.2,Kandy Warriors,Jaffna Kings,K Lewis,KIC Asalanka,JNT Seales,0,0,,,,,,,,,
1291201,2021/22,2021-12-08,"R Premadasa Stadium, Colombo",2,4.3,Kandy Warriors,Jaffna Kings,K Lewis,KIC Asalanka,JNT Seales,0,0,,,,,,,,,
1291201,2021/22,2021-12-08,"R Premadasa Stadium, Colombo",2,4.4,Kandy Warriors,Jaffna Kings,K Lewis,KIC Asalanka,JNT Seales,1,0,,,,,,,,,
1291201,2021/22,2021-12-08,"R Premadasa Stadium, Colombo",2,4.5,Kandy Warriors,Jaffna Kings,KIC Asalanka,K Lewis,JNT Seales,0,0,,,,,,,,,
1291201,2021/22,2021-12-08,"R Premadasa Stadium, Colombo",2,4.6,Kandy Warriors,Jaffna Kings,KIC Asalanka,K Lewis,JNT Seales,0,1,,1,,,,,,,
1291201,2021/22,2021-12-08,"R Premadasa Stadium, Colombo",2,4.7,Kandy Warriors,Jaffna Kings,KIC Asalanka,K Lewis,JNT Seales,0,1,1,,,,,,,,
1291201,2021/22,2021-12-08,"R Premadasa Stadium, Colombo",2,4.8,Kandy Warriors,Jaffna Kings,KIC Asalanka,K Lewis,JNT Seales,6,0,,,,,,,,,
1291201,2021/22,2021-12-08,"R Premadasa Stadium, Colombo",2,5.1,Kandy Warriors,Jaffna Kings,K Lewis,KIC Asalanka,PC de Silva,0,0,,,,,,,,,
1291201,2021/22,2021-12-08,"R Premadasa Stadium, Colombo",2,5.2,Kandy Warriors,Jaffna Kings,K Lewis,KIC Asalanka,PC de Silva,2,0,,,,,,,,,
1291201,2021/22,2021-12-08,"R Premadasa Stadium, Colombo",2,5.3,Kandy Warriors,Jaffna Kings,K Lewis,KIC Asalanka,PC de Silva,6,0,,,,,,,,,
1291201,2021/22,2021-12-08,"R Premadasa Stadium, Colombo",2,5.4,Kandy Warriors,Jaffna Kings,K Lewis,KIC Asalanka,PC de Silva,0,0,,,,,,,,,
1291201,2021/22,2021-12-08,"R Premadasa Stadium, Colombo",2,5.5,Kandy Warriors,Jaffna Kings,K Lewis,KIC Asalanka,PC de Silva,1,0,,,,,,,,,
1291201,2021/22,2021-12-08,"R Premadasa Stadium, Colombo",2,5.6,Kandy Warriors,Jaffna Kings,KIC Asalanka,K Lewis,PC de Silva,0,0,,,,,,caught,KIC Asalanka,,
1291201,2021/22,2021-12-08,"R Premadasa Stadium, Colombo",2,6.1,Kandy Warriors,Jaffna Kings,R Powell,K Lewis,M Theekshana,1,0,,,,,,,,,
1291201,2021/22,2021-12-08,"R Premadasa Stadium, Colombo",2,6.2,Kandy Warriors,Jaffna Kings,K Lewis,R Powell,M Theekshana,0,0,,,,,,,,,
1291201,2021/22,2021-12-08,"R Premadasa Stadium, Colombo",2,6.3,Kandy Warriors,Jaffna Kings,K Lewis,R Powell,M Theekshana,0,0,,,,,,,,,
1291201,2021/22,2021-12-08,"R Premadasa Stadium, Colombo",2,6.4,Kandy Warriors,Jaffna Kings,K Lewis,R Powell,M Theekshana,2,0,,,,,,,,,
1291201,2021/22,2021-12-08,"R Premadasa Stadium, Colombo",2,6.5,Kandy Warriors,Jaffna Kings,K Lewis,R Powell,M Theekshana,0,0,,,,,,,,,
1291201,2021/22,2021-12-08,"R Premadasa Stadium, Colombo",2,6.6,Kandy Warriors,Jaffna Kings,K Lewis,R Powell,M Theekshana,0,0,,,,,,,,,
1291201,2021/22,2021-12-08,"R Premadasa Stadium, Colombo",2,7.1,Kandy Warriors,Jaffna Kings,R Powell,K Lewis,PC de Silva,4,0,,,,,,,,,
1291201,2021/22,2021-12-08,"R Premadasa Stadium, Colombo",2,7.2,Kandy Warriors,Jaffna Kings,R Powell,K Lewis,PC de Silva,6,0,,,,,,,,,
1291201,2021/22,2021-12-08,"R Premadasa Stadium, Colombo",2,7.3,Kandy Warriors,Jaffna Kings,R Powell,K Lewis,PC de Silva,6,0,,,,,,,,,
1291201,2021/22,2021-12-08,"R Premadasa Stadium, Colombo",2,7.4,Kandy Warriors,Jaffna Kings,R Powell,K Lewis,PC de Silva,1,0,,,,,,,,,
1291201,2021/22,2021-12-08,"R Premadasa Stadium, Colombo",2,7.5,Kandy Warriors,Jaffna Kings,K Lewis,R Powell,PC de Silva,2,0,,,,,,,,,
1291201,2021/22,2021-12-08,"R Premadasa Stadium, Colombo",2,7.6,Kandy Warriors,Jaffna Kings,K Lewis,R Powell,PC de Silva,4,0,,,,,,,,,
1291201,2021/22,2021-12-08,"R Premadasa Stadium, Colombo",2,8.1,Kandy Warriors,Jaffna Kings,R Powell,K Lewis,RAS Lakmal,6,0,,,,,,,,,
1291201,2021/22,2021-12-08,"R Premadasa Stadium, Colombo",2,8.2,Kandy Warriors,Jaffna Kings,R Powell,K Lewis,RAS Lakmal,1,0,,,,,,,,,
1291201,2021/22,2021-12-08,"R Premadasa Stadium, Colombo",2,8.3,Kandy Warriors,Jaffna Kings,K Lewis,R Powell,RAS Lakmal,1,0,,,,,,,,,
1291201,2021/22,2021-12-08,"R Premadasa Stadium, Colombo",2,8.4,Kandy Warriors,Jaffna Kings,R Powell,K Lewis,RAS Lakmal,1,0,,,,,,,,,
1291201,2021/22,2021-12-08,"R Premadasa Stadium, Colombo",2,8.5,Kandy Warriors,Jaffna Kings,K Lewis,R Powell,RAS Lakmal,1,0,,,,,,,,,
1291201,2021/22,2021-12-08,"R Premadasa Stadium, Colombo",2,8.6,Kandy Warriors,Jaffna Kings,R Powell,K Lewis,RAS Lakmal,2,0,,,,,,,,,
1291201,2021/22,2021-12-08,"R Premadasa Stadium, Colombo",2,9.1,Kandy Warriors,Jaffna Kings,K Lewis,R Powell,JNT Seales,4,0,,,,,,,,,
1291201,2021/22,2021-12-08,"R Premadasa Stadium, Colombo",2,9.2,Kandy Warriors,Jaffna Kings,K Lewis,R Powell,JNT Seales,4,0,,,,,,,,,
1291201,2021/22,2021-12-08,"R Premadasa Stadium, Colombo",2,9.3,Kandy Warriors,Jaffna Kings,K Lewis,R Powell,JNT Seales,1,0,,,,,,,,,
1291201,2021/22,2021-12-08,"R Premadasa Stadium, Colombo",2,9.4,Kandy Warriors,Jaffna Kings,R Powell,K Lewis,JNT Seales,6,0,,,,,,,,,
1291201,2021/22,2021-12-08,"R Premadasa Stadium, Colombo",2,9.5,Kandy Warriors,Jaffna Kings,R Powell,K Lewis,JNT Seales,6,0,,,,,,,,,
1291201,2021/22,2021-12-08,"R Premadasa Stadium, Colombo",2,9.6,Kandy Warriors,Jaffna Kings,R Powell,K Lewis,JNT Seales,1,0,,,,,,,,,
1291201,2021/22,2021-12-08,"R Premadasa Stadium, Colombo",2,10.1,Kandy Warriors,Jaffna Kings,R Powell,K Lewis,PWH de Silva,1,0,,,,,,,,,
1291201,2021/22,2021-12-08,"R Premadasa Stadium, Colombo",2,10.2,Kandy Warriors,Jaffna Kings,K Lewis,R Powell,PWH de Silva,1,0,,,,,,,,,
1291201,2021/22,2021-12-08,"R Premadasa Stadium, Colombo",2,10.3,Kandy Warriors,Jaffna Kings,R Powell,K Lewis,PWH de Silva,6,0,,,,,,,,,
1291201,2021/22,2021-12-08,"R Premadasa Stadium, Colombo",2,10.4,Kandy Warriors,Jaffna Kings,R Powell,K Lewis,PWH de Silva,6,0,,,,,,,,,
1291201,2021/22,2021-12-08,"R Premadasa Stadium, Colombo",2,10.5,Kandy Warriors,Jaffna Kings,R Powell,K Lewis,PWH de Silva,4,0,,,,,,,,,
1291201,2021/22,2021-12-08,"R Premadasa Stadium, Colombo",2,10.6,Kandy Warriors,Jaffna Kings,R Powell,K Lewis,PWH de Silva,1,0,,,,,,,,,
1291201,2021/22,2021-12-08,"R Premadasa Stadium, Colombo",2,11.1,Kandy Warriors,Jaffna Kings,R Powell,K Lewis,RAS Lakmal,2,0,,,,,,,,,
1291201,2021/22,2021-12-08,"R Premadasa Stadium, Colombo",2,11.2,Kandy Warriors,Jaffna Kings,R Powell,K Lewis,RAS Lakmal,0,0,,,,,,bowled,R Powell,,
1291201,2021/22,2021-12-08,"R Premadasa Stadium, Colombo",2,11.3,Kandy Warriors,Jaffna Kings,PHKD Mendis,K Lewis,RAS Lakmal,4,0,,,,,,,,,
1291201,2021/22,2021-12-08,"R Premadasa Stadium, Colombo",2,11.4,Kandy Warriors,Jaffna Kings,PHKD Mendis,K Lewis,RAS Lakmal,0,1,,,,1,,,,,
1291201,2021/22,2021-12-08,"R Premadasa Stadium, Colombo",2,11.5,Kandy Warriors,Jaffna Kings,K Lewis,PHKD Mendis,RAS Lakmal,0,0,,,,,,,,,
1291201,2021/22,2021-12-08,"R Premadasa Stadium, Colombo",2,11.6,Kandy Warriors,Jaffna Kings,K Lewis,PHKD Mendis,RAS Lakmal,0,0,,,,,,,,,
1291201,2021/22,2021-12-08,"R Premadasa Stadium, Colombo",2,12.1,Kandy Warriors,Jaffna Kings,PHKD Mendis,K Lewis,JNT Seales,0,1,1,,,,,,,,
1291201,2021/22,2021-12-08,"R Premadasa Stadium, Colombo",2,12.2,Kandy Warriors,Jaffna Kings,PHKD Mendis,K Lewis,JNT Seales,4,0,,,,,,,,,
1291201,2021/22,2021-12-08,"R Premadasa Stadium, Colombo",2,12.3,Kandy Warriors,Jaffna Kings,PHKD Mendis,K Lewis,JNT Seales,1,0,,,,,,,,,
1291201,2021/22,2021-12-08,"R Premadasa Stadium, Colombo",2,12.4,Kandy Warriors,Jaffna Kings,K Lewis,PHKD Mendis,JNT Seales,1,0,,,,,,,,,
1291201,2021/22,2021-12-08,"R Premadasa Stadium, Colombo",2,12.5,Kandy Warriors,Jaffna Kings,PHKD Mendis,K Lewis,JNT Seales,0,1,1,,,,,,,,
1291201,2021/22,2021-12-08,"R Premadasa Stadium, Colombo",2,12.6,Kandy Warriors,Jaffna Kings,PHKD Mendis,K Lewis,JNT Seales,0,0,,,,,,caught,PHKD Mendis,,
1291201,2021/22,2021-12-08,"R Premadasa Stadium, Colombo",2,12.7,Kandy Warriors,Jaffna Kings,K Lewis,AK Perera,JNT Seales,0,0,,,,,,,,,
1291201,2021/22,2021-12-08,"R Premadasa Stadium, Colombo",2,12.8,Kandy Warriors,Jaffna Kings,K Lewis,AK Perera,JNT Seales,0,0,,,,,,caught,K Lewis,,
1291201,2021/22,2021-12-08,"R Premadasa Stadium, Colombo",2,13.1,Kandy Warriors,Jaffna Kings,AK Perera,Tillakaratne Sampath,RAS Lakmal,1,0,,,,,,run out,AK Perera,,
1291201,2021/22,2021-12-08,"R Premadasa Stadium, Colombo",2,13.2,Kandy Warriors,Jaffna Kings,M Bhanuka,Tillakaratne Sampath,RAS Lakmal,0,0,,,,,,,,,
1291201,2021/22,2021-12-08,"R Premadasa Stadium, Colombo",2,13.3,Kandy Warriors,Jaffna Kings,M Bhanuka,Tillakaratne Sampath,RAS Lakmal,0,1,,,1,,,,,,
1291201,2021/22,2021-12-08,"R Premadasa Stadium, Colombo",2,13.4,Kandy Warriors,Jaffna Kings,Tillakaratne Sampath,M Bhanuka,RAS Lakmal,1,0,,,,,,,,,
1291201,2021/22,2021-12-08,"R Premadasa Stadium, Colombo",2,13.5,Kandy Warriors,Jaffna Kings,M Bhanuka,Tillakaratne Sampath,RAS Lakmal,1,0,,,,,,,,,
1291201,2021/22,2021-12-08,"R Premadasa Stadium, Colombo",2,13.6,Kandy Warriors,Jaffna Kings,Tillakaratne Sampath,M Bhanuka,RAS Lakmal,4,0,,,,,,,,,
