match_id,season,start_date,venue,innings,ball,batting_team,bowling_team,striker,non_striker,bowler,runs_off_bat,extras,wides,noballs,byes,legbyes,penalty,wicket_type,player_dismissed,other_wicket_type,other_player_dismissed
1291204,2021/22,2021-12-11,"R Premadasa Stadium, Colombo",1,0.1,Galle Gladiators,Kandy Warriors,BKG Mendis,MD Gunathilaka,Tillakaratne Sampath,1,0,,,,,,,,,
1291204,2021/22,2021-12-11,"R Premadasa Stadium, Colombo",1,0.2,Galle Gladiators,Kandy Warriors,MD Gunathilaka,BKG Mendis,Tillakaratne Sampath,1,0,,,,,,,,,
1291204,2021/22,2021-12-11,"R Premadasa Stadium, Colombo",1,0.3,Galle Gladiators,Kandy Warriors,BKG Mendis,MD Gunathilaka,Tillakaratne Sampath,2,0,,,,,,,,,
1291204,2021/22,2021-12-11,"R Premadasa Stadium, Colombo",1,0.4,Galle Gladiators,Kandy Warriors,BKG Mendis,MD Gunathilaka,Tillakaratne Sampath,0,1,1,,,,,,,,
1291204,2021/22,2021-12-11,"R Premadasa Stadium, Colombo",1,0.5,Galle Gladiators,Kandy Warriors,BKG Mendis,MD Gunathilaka,Tillakaratne Sampath,6,0,,,,,,,,,
1291204,2021/22,2021-12-11,"R Premadasa Stadium, Colombo",1,0.6,Galle Gladiators,Kandy Warriors,BKG Mendis,MD Gunathilaka,Tillakaratne Sampath,2,0,,,,,,,,,
1291204,2021/22,2021-12-11,"R Premadasa Stadium, Colombo",1,0.7,Galle Gladiators,Kandy Warriors,BKG Mendis,MD Gunathilaka,Tillakaratne Sampath,0,0,,,,,,,,,
1291204,2021/22,2021-12-11,"R Premadasa Stadium, Colombo",1,1.1,Galle Gladiators,Kandy Warriors,MD Gunathilaka,BKG Mendis,Shiraz Ahmed,0,0,,,,,,,,,
1291204,2021/22,2021-12-11,"R Premadasa Stadium, Colombo",1,1.2,Galle Gladiators,Kandy Warriors,MD Gunathilaka,BKG Mendis,Shiraz Ahmed,4,0,,,,,,,,,
1291204,2021/22,2021-12-11,"R Premadasa Stadium, Colombo",1,1.3,Galle Gladiators,Kandy Warriors,MD Gunathilaka,BKG Mendis,Shiraz Ahmed,0,0,,,,,,bowled,MD Gunathilaka,,
1291204,2021/22,2021-12-11,"R Premadasa Stadium, Colombo",1,1.4,Galle Gladiators,Kandy Warriors,S Samarawickrama,BKG Mendis,Shiraz Ahmed,0,0,,,,,,,,,
1291204,2021/22,2021-12-11,"R Premadasa Stadium, Colombo",1,1.5,Galle Gladiators,Kandy Warriors,S Samarawickrama,BKG Mendis,Shiraz Ahmed,0,0,,,,,,,,,
1291204,2021/22,2021-12-11,"R Premadasa Stadium, Colombo",1,1.6,Galle Gladiators,Kandy Warriors,S Samarawickrama,BKG Mendis,Shiraz Ahmed,0,0,,,,,,,,,
1291204,2021/22,2021-12-11,"R Premadasa Stadium, Colombo",1,2.1,Galle Gladiators,Kandy Warriors,BKG Mendis,S Samarawickrama,N Vimukthi,1,0,,,,,,,,,
1291204,2021/22,2021-12-11,"R Premadasa Stadium, Colombo",1,2.2,Galle Gladiators,Kandy Warriors,S Samarawickrama,BKG Mendis,N Vimukthi,0,0,,,,,,,,,
1291204,2021/22,2021-12-11,"R Premadasa Stadium, Colombo",1,2.3,Galle Gladiators,Kandy Warriors,S Samarawickrama,BKG Mendis,N Vimukthi,0,0,,,,,,,,,
1291204,2021/22,2021-12-11,"R Premadasa Stadium, Colombo",1,2.4,Galle Gladiators,Kandy Warriors,S Samarawickrama,BKG Mendis,N Vimukthi,0,0,,,,,,bowled,S Samarawickrama,,
1291204,2021/22,2021-12-11,"R Premadasa Stadium, Colombo",1,2.5,Galle Gladiators,Kandy Warriors,BR Dunk,BKG Mendis,N Vimukthi,0,0,,,,,,,,,
1291204,2021/22,2021-12-11,"R Premadasa Stadium, Colombo",1,2.6,Galle Gladiators,Kandy Warriors,BR Dunk,BKG Mendis,N Vimukthi,0,0,,,,,,,,,
1291204,2021/22,2021-12-11,"R Premadasa Stadium, Colombo",1,3.1,Galle Gladiators,Kandy Warriors,BKG Mendis,BR Dunk,Shiraz Ahmed,1,0,,,,,,,,,
1291204,2021/22,2021-12-11,"R Premadasa Stadium, Colombo",1,3.2,Galle Gladiators,Kandy Warriors,BR Dunk,BKG Mendis,Shiraz Ahmed,0,0,,,,,,,,,
1291204,2021/22,2021-12-11,"R Premadasa Stadium, Colombo",1,3.3,Galle Gladiators,Kandy Warriors,BR Dunk,BKG Mendis,Shiraz Ahmed,4,0,,,,,,,,,
1291204,2021/22,2021-12-11,"R Premadasa Stadium, Colombo",1,3.4,Galle Gladiators,Kandy Warriors,BR Dunk,BKG Mendis,Shiraz Ahmed,0,0,,,,,,,,,
1291204,2021/22,2021-12-11,"R Premadasa Stadium, Colombo",1,3.5,Galle Gladiators,Kandy Warriors,BR Dunk,BKG Mendis,Shiraz Ahmed,0,0,,,,,,,,,
1291204,2021/22,2021-12-11,"R Premadasa Stadium, Colombo",1,3.6,Galle Gladiators,Kandy Warriors,BR Dunk,BKG Mendis,Shiraz Ahmed,0,0,,,,,,,,,
1291204,2021/22,2021-12-11,"R Premadasa Stadium, Colombo",1,4.1,Galle Gladiators,Kandy Warriors,BKG Mendis,BR Dunk,PHKD Mendis,0,0,,,,,,,,,
1291204,2021/22,2021-12-11,"R Premadasa Stadium, Colombo",1,4.2,Galle Gladiators,Kandy Warriors,BKG Mendis,BR Dunk,PHKD Mendis,4,0,,,,,,,,,
1291204,2021/22,2021-12-11,"R Premadasa Stadium, Colombo",1,4.3,Galle Gladiators,Kandy Warriors,BKG Mendis,BR Dunk,PHKD Mendis,1,0,,,,,,,,,
1291204,2021/22,2021-12-11,"R Premadasa Stadium, Colombo",1,4.4,Galle Gladiators,Kandy Warriors,BR Dunk,BKG Mendis,PHKD Mendis,1,0,,,,,,,,,
1291204,2021/22,2021-12-11,"R Premadasa Stadium, Colombo",1,4.5,Galle Gladiators,Kandy Warriors,BKG Mendis,BR Dunk,PHKD Mendis,4,0,,,,,,,,,
1291204,2021/22,2021-12-11,"R Premadasa Stadium, Colombo",1,4.6,Galle Gladiators,Kandy Warriors,BKG Mendis,BR Dunk,PHKD Mendis,2,0,,,,,,,,,
1291204,2021/22,2021-12-11,"R Premadasa Stadium, Colombo",1,5.1,Galle Gladiators,Kandy Warriors,BR Dunk,BKG Mendis,Al-Amin Hossain,1,0,,,,,,,,,
1291204,2021/22,2021-12-11,"R Premadasa Stadium, Colombo",1,5.2,Galle Gladiators,Kandy Warriors,BKG Mendis,BR Dunk,Al-Amin Hossain,1,0,,,,,,,,,
1291204,2021/22,2021-12-11,"R Premadasa Stadium, Colombo",1,5.3,Galle Gladiators,Kandy Warriors,BR Dunk,BKG Mendis,Al-Amin Hossain,2,0,,,,,,,,,
1291204,2021/22,2021-12-11,"R Premadasa Stadium, Colombo",1,5.4,Galle Gladiators,Kandy Warriors,BR Dunk,BKG Mendis,Al-Amin Hossain,0,0,,,,,,,,,
1291204,2021/22,2021-12-11,"R Premadasa Stadium, Colombo",1,5.5,Galle Gladiators,Kandy Warriors,BR Dunk,BKG Mendis,Al-Amin Hossain,0,0,,,,,,,,,
1291204,2021/22,2021-12-11,"R Premadasa Stadium, Colombo",1,5.6,Galle Gladiators,Kandy Warriors,BR Dunk,BKG Mendis,Al-Amin Hossain,4,0,,,,,,,,,
1291204,2021/22,2021-12-11,"R Premadasa Stadium, Colombo",1,6.1,Galle Gladiators,Kandy Warriors,BKG Mendis,BR Dunk,PHKD Mendis,1,0,,,,,,,,,
1291204,2021/22,2021-12-11,"R Premadasa Stadium, Colombo",1,6.2,Galle Gladiators,Kandy Warriors,BR Dunk,BKG Mendis,PHKD Mendis,0,0,,,,,,caught,BR Dunk,,
1291204,2021/22,2021-12-11,"R Premadasa Stadium, Colombo",1,6.3,Galle Gladiators,Kandy Warriors,PBB Rajapaksa,BKG Mendis,PHKD Mendis,1,0,,,,,,,,,
1291204,2021/22,2021-12-11,"R Premadasa Stadium, Colombo",1,6.4,Galle Gladiators,Kandy Warriors,BKG Mendis,PBB Rajapaksa,PHKD Mendis,1,0,,,,,,,,,
1291204,2021/22,2021-12-11,"R Premadasa Stadium, Colombo",1,6.5,Galle Gladiators,Kandy Warriors,PBB Rajapaksa,BKG Mendis,PHKD Mendis,1,0,,,,,,,,,
1291204,2021/22,2021-12-11,"R Premadasa Stadium, Colombo",1,6.6,Galle Gladiators,Kandy Warriors,BKG Mendis,PBB Rajapaksa,PHKD Mendis,1,0,,,,,,,,,
1291204,2021/22,2021-12-11,"R Premadasa Stadium, Colombo",1,7.1,Galle Gladiators,Kandy Warriors,BKG Mendis,PBB Rajapaksa,S Colombage,0,0,,,,,,,,,
1291204,2021/22,2021-12-11,"R Premadasa Stadium, Colombo",1,7.2,Galle Gladiators,Kandy Warriors,BKG Mendis,PBB Rajapaksa,S Colombage,0,0,,,,,,,,,
1291204,2021/22,2021-12-11,"R Premadasa Stadium, Colombo",1,7.3,Galle Gladiators,Kandy Warriors,BKG Mendis,PBB Rajapaksa,S Colombage,2,0,,,,,,,,,
1291204,2021/22,2021-12-11,"R Premadasa Stadium, Colombo",1,7.4,Galle Gladiators,Kandy Warriors,BKG Mendis,PBB Rajapaksa,S Colombage,1,0,,,,,,,,,
1291204,2021/22,2021-12-11,"R Premadasa Stadium, Colombo",1,7.5,Galle Gladiators,Kandy Warriors,PBB Rajapaksa,BKG Mendis,S Colombage,1,0,,,,,,,,,
1291204,2021/22,2021-12-11,"R Premadasa Stadium, Colombo",1,7.6,Galle Gladiators,Kandy Warriors,BKG Mendis,PBB Rajapaksa,S Colombage,4,0,,,,,,,,,
1291204,2021/22,2021-12-11,"R Premadasa Stadium, Colombo",1,8.1,Galle Gladiators,Kandy Warriors,PBB Rajapaksa,BKG Mendis,PHKD Mendis,0,0,,,,,,,,,
1291204,2021/22,2021-12-11,"R Premadasa Stadium, Colombo",1,8.2,Galle Gladiators,Kandy Warriors,PBB Rajapaksa,BKG Mendis,PHKD Mendis,0,1,,,,1,,,,,
1291204,2021/22,2021-12-11,"R Premadasa Stadium, Colombo",1,8.3,Galle Gladiators,Kandy Warriors,BKG Mendis,PBB Rajapaksa,PHKD Mendis,2,0,,,,,,,,,
1291204,2021/22,2021-12-11,"R Premadasa Stadium, Colombo",1,8.4,Galle Gladiators,Kandy Warriors,BKG Mendis,PBB Rajapaksa,PHKD Mendis,1,0,,,,,,,,,
1291204,2021/22,2021-12-11,"R Premadasa Stadium, Colombo",1,8.5,Galle Gladiators,Kandy Warriors,PBB Rajapaksa,BKG Mendis,PHKD Mendis,0,0,,,,,,,,,
1291204,2021/22,2021-12-11,"R Premadasa Stadium, Colombo",1,8.6,Galle Gladiators,Kandy Warriors,PBB Rajapaksa,BKG Mendis,PHKD Mendis,0,0,,,,,,lbw,PBB Rajapaksa,,
1291204,2021/22,2021-12-11,"R Premadasa Stadium, Colombo",1,9.1,Galle Gladiators,Kandy Warriors,BKG Mendis,SR Patel,S Colombage,1,0,,,,,,,,,
1291204,2021/22,2021-12-11,"R Premadasa Stadium, Colombo",1,9.2,Galle Gladiators,Kandy Warriors,SR Patel,BKG Mendis,S Colombage,1,0,,,,,,,,,
1291204,2021/22,2021-12-11,"R Premadasa Stadium, Colombo",1,9.3,Galle Gladiators,Kandy Warriors,BKG Mendis,SR Patel,S Colombage,1,0,,,,,,,,,
1291204,2021/22,2021-12-11,"R Premadasa Stadium, Colombo",1,9.4,Galle Gladiators,Kandy Warriors,SR Patel,BKG Mendis,S Colombage,1,0,,,,,,,,,
1291204,2021/22,2021-12-11,"R Premadasa Stadium, Colombo",1,9.5,Galle Gladiators,Kandy Warriors,BKG Mendis,SR Patel,S Colombage,0,0,,,,,,,,,
1291204,2021/22,2021-12-11,"R Premadasa Stadium, Colombo",1,9.6,Galle Gladiators,Kandy Warriors,BKG Mendis,SR Patel,S Colombage,0,0,,,,,,,,,
1291204,2021/22,2021-12-11,"R Premadasa Stadium, Colombo",1,10.1,Galle Gladiators,Kandy Warriors,SR Patel,BKG Mendis,N Vimukthi,1,0,,,,,,,,,
1291204,2021/22,2021-12-11,"R Premadasa Stadium, Colombo",1,10.2,Galle Gladiators,Kandy Warriors,BKG Mendis,SR Patel,N Vimukthi,1,0,,,,,,,,,
1291204,2021/22,2021-12-11,"R Premadasa Stadium, Colombo",1,10.3,Galle Gladiators,Kandy Warriors,SR Patel,BKG Mendis,N Vimukthi,1,0,,,,,,,,,
1291204,2021/22,2021-12-11,"R Premadasa Stadium, Colombo",1,10.4,Galle Gladiators,Kandy Warriors,BKG Mendis,SR Patel,N Vimukthi,0,0,,,,,,,,,
1291204,2021/22,2021-12-11,"R Premadasa Stadium, Colombo",1,10.5,Galle Gladiators,Kandy Warriors,BKG Mendis,SR Patel,N Vimukthi,1,0,,,,,,,,,
1291204,2021/22,2021-12-11,"R Premadasa Stadium, Colombo",1,10.6,Galle Gladiators,Kandy Warriors,SR Patel,BKG Mendis,N Vimukthi,1,0,,,,,,,,,
1291204,2021/22,2021-12-11,"R Premadasa Stadium, Colombo",1,11.1,Galle Gladiators,Kandy Warriors,SR Patel,BKG Mendis,S Colombage,1,0,,,,,,,,,
1291204,2021/22,2021-12-11,"R Premadasa Stadium, Colombo",1,11.2,Galle Gladiators,Kandy Warriors,BKG Mendis,SR Patel,S Colombage,1,0,,,,,,,,,
1291204,2021/22,2021-12-11,"R Premadasa Stadium, Colombo",1,11.3,Galle Gladiators,Kandy Warriors,SR Patel,BKG Mendis,S Colombage,1,0,,,,,,,,,
1291204,2021/22,2021-12-11,"R Premadasa Stadium, Colombo",1,11.4,Galle Gladiators,Kandy Warriors,BKG Mendis,SR Patel,S Colombage,0,0,,,,,,,,,
1291204,2021/22,2021-12-11,"R Premadasa Stadium, Colombo",1,11.5,Galle Gladiators,Kandy Warriors,BKG Mendis,SR Patel,S Colombage,1,0,,,,,,,,,
1291204,2021/22,2021-12-11,"R Premadasa Stadium, Colombo",1,11.6,Galle Gladiators,Kandy Warriors,SR Patel,BKG Mendis,S Colombage,1,0,,,,,,,,,
1291204,2021/22,2021-12-11,"R Premadasa Stadium, Colombo",1,12.1,Galle Gladiators,Kandy Warriors,SR Patel,BKG Mendis,N Vimukthi,0,0,,,,,,,,,
1291204,2021/22,2021-12-11,"R Premadasa Stadium, Colombo",1,12.2,Galle Gladiators,Kandy Warriors,SR Patel,BKG Mendis,N Vimukthi,1,0,,,,,,,,,
1291204,2021/22,2021-12-11,"R Premadasa Stadium, Colombo",1,12.3,Galle Gladiators,Kandy Warriors,BKG Mendis,SR Patel,N Vimukthi,0,0,,,,,,caught,BKG Mendis,,
1291204,2021/22,2021-12-11,"R Premadasa Stadium, Colombo",1,12.4,Galle Gladiators,Kandy Warriors,D Lakshan,SR Patel,N Vimukthi,4,0,,,,,,,,,
1291204,2021/22,2021-12-11,"R Premadasa Stadium, Colombo",1,12.5,Galle Gladiators,Kandy Warriors,D Lakshan,SR Patel,N Vimukthi,0,0,,,,,,,,,
1291204,2021/22,2021-12-11,"R Premadasa Stadium, Colombo",1,12.6,Galle Gladiators,Kandy Warriors,D Lakshan,SR Patel,N Vimukthi,0,0,,,,,,,,,
1291204,2021/22,2021-12-11,"R Premadasa Stadium, Colombo",1,13.1,Galle Gladiators,Kandy Warriors,SR Patel,D Lakshan,S Colombage,0,0,,,,,,,,,
1291204,2021/22,2021-12-11,"R Premadasa Stadium, Colombo",1,13.2,Galle Gladiators,Kandy Warriors,SR Patel,D Lakshan,S Colombage,1,0,,,,,,,,,
1291204,2021/22,2021-12-11,"R Premadasa Stadium, Colombo",1,13.3,Galle Gladiators,Kandy Warriors,D Lakshan,SR Patel,S Colombage,1,0,,,,,,,,,
1291204,2021/22,2021-12-11,"R Premadasa Stadium, Colombo",1,13.4,Galle Gladiators,Kandy Warriors,SR Patel,D Lakshan,S Colombage,0,0,,,,,,,,,
1291204,2021/22,2021-12-11,"R Premadasa Stadium, Colombo",1,13.5,Galle Gladiators,Kandy Warriors,SR Patel,D Lakshan,S Colombage,0,0,,,,,,,,,
1291204,2021/22,2021-12-11,"R Premadasa Stadium, Colombo",1,13.6,Galle Gladiators,Kandy Warriors,SR Patel,D Lakshan,S Colombage,1,0,,,,,,,,,
1291204,2021/22,2021-12-11,"R Premadasa Stadium, Colombo",1,14.1,Galle Gladiators,Kandy Warriors,SR Patel,D Lakshan,KIC Asalanka,1,0,,,,,,,,,
1291204,2021/22,2021-12-11,"R Premadasa Stadium, Colombo",1,14.2,Galle Gladiators,Kandy Warriors,D Lakshan,SR Patel,KIC Asalanka,0,0,,,,,,,,,
1291204,2021/22,2021-12-11,"R Premadasa Stadium, Colombo",1,14.3,Galle Gladiators,Kandy Warriors,D Lakshan,SR Patel,KIC Asalanka,0,0,,,,,,,,,
1291204,2021/22,2021-12-11,"R Premadasa Stadium, Colombo",1,14.4,Galle Gladiators,Kandy Warriors,D Lakshan,SR Patel,KIC Asalanka,0,0,,,,,,,,,
1291204,2021/22,2021-12-11,"R Premadasa Stadium, Colombo",1,14.5,Galle Gladiators,Kandy Warriors,D Lakshan,SR Patel,KIC Asalanka,4,0,,,,,,,,,
1291204,2021/22,2021-12-11,"R Premadasa Stadium, Colombo",1,14.6,Galle Gladiators,Kandy Warriors,D Lakshan,SR Patel,KIC Asalanka,0,0,,,,,,,,,
1291204,2021/22,2021-12-11,"R Premadasa Stadium, Colombo",1,15.1,Galle Gladiators,Kandy Warriors,SR Patel,D Lakshan,N Vimukthi,1,0,,,,,,,,,
1291204,2021/22,2021-12-11,"R Premadasa Stadium, Colombo",1,15.2,Galle Gladiators,Kandy Warriors,D Lakshan,SR Patel,N Vimukthi,1,0,,,,,,,,,
1291204,2021/22,2021-12-11,"R Premadasa Stadium, Colombo",1,15.3,Galle Gladiators,Kandy Warriors,SR Patel,D Lakshan,N Vimukthi,0,0,,,,,,,,,
1291204,2021/22,2021-12-11,"R Premadasa Stadium, Colombo",1,15.4,Galle Gladiators,Kandy Warriors,SR Patel,D Lakshan,N Vimukthi,1,0,,,,,,,,,
1291204,2021/22,2021-12-11,"R Premadasa Stadium, Colombo",1,15.5,Galle Gladiators,Kandy Warriors,D Lakshan,SR Patel,N Vimukthi,2,0,,,,,,,,,
1291204,2021/22,2021-12-11,"R Premadasa Stadium, Colombo",1,15.6,Galle Gladiators,Kandy Warriors,D Lakshan,SR Patel,N Vimukthi,1,0,,,,,,,,,
1291204,2021/22,2021-12-11,"R Premadasa Stadium, Colombo",1,16.1,Galle Gladiators,Kandy Warriors,D Lakshan,SR Patel,PHKD Mendis,1,0,,,,,,,,,
1291204,2021/22,2021-12-11,"R Premadasa Stadium, Colombo",1,16.2,Galle Gladiators,Kandy Warriors,SR Patel,D Lakshan,PHKD Mendis,1,0,,,,,,,,,
1291204,2021/22,2021-12-11,"R Premadasa Stadium, Colombo",1,16.3,Galle Gladiators,Kandy Warriors,D Lakshan,SR Patel,PHKD Mendis,0,0,,,,,,,,,
1291204,2021/22,2021-12-11,"R Premadasa Stadium, Colombo",1,16.4,Galle Gladiators,Kandy Warriors,D Lakshan,SR Patel,PHKD Mendis,0,0,,,,,,caught,D Lakshan,,
1291204,2021/22,2021-12-11,"R Premadasa Stadium, Colombo",1,16.5,Galle Gladiators,Kandy Warriors,LD Madushanka,SR Patel,PHKD Mendis,0,1,,1,,,,,,,
1291204,2021/22,2021-12-11,"R Premadasa Stadium, Colombo",1,16.6,Galle Gladiators,Kandy Warriors,LD Madushanka,SR Patel,PHKD Mendis,1,0,,,,,,,,,
1291204,2021/22,2021-12-11,"R Premadasa Stadium, Colombo",1,16.7,Galle Gladiators,Kandy Warriors,SR Patel,LD Madushanka,PHKD Mendis,1,0,,,,,,,,,
1291204,2021/22,2021-12-11,"R Premadasa Stadium, Colombo",1,17.1,Galle Gladiators,Kandy Warriors,SR Patel,LD Madushanka,Shiraz Ahmed,2,0,,,,,,,,,
1291204,2021/22,2021-12-11,"R Premadasa Stadium, Colombo",1,17.2,Galle Gladiators,Kandy Warriors,SR Patel,LD Madushanka,Shiraz Ahmed,1,0,,,,,,,,,
1291204,2021/22,2021-12-11,"R Premadasa Stadium, Colombo",1,17.3,Galle Gladiators,Kandy Warriors,LD Madushanka,SR Patel,Shiraz Ahmed,0,1,1,,,,,,,,
1291204,2021/22,2021-12-11,"R Premadasa Stadium, Colombo",1,17.4,Galle Gladiators,Kandy Warriors,LD Madushanka,SR Patel,Shiraz Ahmed,1,0,,,,,,,,,
1291204,2021/22,2021-12-11,"R Premadasa Stadium, Colombo",1,17.5,Galle Gladiators,Kandy Warriors,SR Patel,LD Madushanka,Shiraz Ahmed,1,0,,,,,,,,,
1291204,2021/22,2021-12-11,"R Premadasa Stadium, Colombo",1,17.6,Galle Gladiators,Kandy Warriors,LD Madushanka,SR Patel,Shiraz Ahmed,0,0,,,,,,bowled,LD Madushanka,,
1291204,2021/22,2021-12-11,"R Premadasa Stadium, Colombo",1,17.7,Galle Gladiators,Kandy Warriors,Noor Ahmad,SR Patel,Shiraz Ahmed,0,1,,,,1,,,,,
1291204,2021/22,2021-12-11,"R Premadasa Stadium, Colombo",1,18.1,Galle Gladiators,Kandy Warriors,Noor Ahmad,SR Patel,Al-Amin Hossain,1,0,,,,,,,,,
1291204,2021/22,2021-12-11,"R Premadasa Stadium, Colombo",1,18.2,Galle Gladiators,Kandy Warriors,SR Patel,Noor Ahmad,Al-Amin Hossain,1,0,,,,,,,,,
1291204,2021/22,2021-12-11,"R Premadasa Stadium, Colombo",1,18.3,Galle Gladiators,Kandy Warriors,Noor Ahmad,SR Patel,Al-Amin Hossain,1,0,,,,,,,,,
1291204,2021/22,2021-12-11,"R Premadasa Stadium, Colombo",1,18.4,Galle Gladiators,Kandy Warriors,SR Patel,Noor Ahmad,Al-Amin Hossain,0,0,,,,,,,,,
1291204,2021/22,2021-12-11,"R Premadasa Stadium, Colombo",1,18.5,Galle Gladiators,Kandy Warriors,SR Patel,Noor Ahmad,Al-Amin Hossain,4,0,,,,,,,,,
1291204,2021/22,2021-12-11,"R Premadasa Stadium, Colombo",1,18.6,Galle Gladiators,Kandy Warriors,SR Patel,Noor Ahmad,Al-Amin Hossain,6,0,,,,,,,,,
1291204,2021/22,2021-12-11,"R Premadasa Stadium, Colombo",1,19.1,Galle Gladiators,Kandy Warriors,Noor Ahmad,SR Patel,Shiraz Ahmed,0,1,,,1,,,,,,
1291204,2021/22,2021-12-11,"R Premadasa Stadium, Colombo",1,19.2,Galle Gladiators,Kandy Warriors,SR Patel,Noor Ahmad,Shiraz Ahmed,1,0,,,,,,,,,
1291204,2021/22,2021-12-11,"R Premadasa Stadium, Colombo",1,19.3,Galle Gladiators,Kandy Warriors,Noor Ahmad,SR Patel,Shiraz Ahmed,0,2,2,,,,,,,,
1291204,2021/22,2021-12-11,"R Premadasa Stadium, Colombo",1,19.4,Galle Gladiators,Kandy Warriors,SR Patel,Noor Ahmad,Shiraz Ahmed,2,0,,,,,,,,,
1291204,2021/22,2021-12-11,"R Premadasa Stadium, Colombo",1,19.5,Galle Gladiators,Kandy Warriors,SR Patel,Noor Ahmad,Shiraz Ahmed,1,0,,,,,,,,,
1291204,2021/22,2021-12-11,"R Premadasa Stadium, Colombo",1,19.6,Galle Gladiators,Kandy Warriors,Noor Ahmad,SR Patel,Shiraz Ahmed,1,0,,,,,,,,,
1291204,2021/22,2021-12-11,"R Premadasa Stadium, Colombo",1,19.7,Galle Gladiators,Kandy Warriors,SR Patel,Noor Ahmad,Shiraz Ahmed,1,0,,,,,,,,,
1291204,2021/22,2021-12-11,"R Premadasa Stadium, Colombo",2,0.1,Kandy Warriors,Galle Gladiators,KIC Asalanka,Tillakaratne Sampath,Mohammad Amir,0,0,,,,,,,,,
1291204,2021/22,2021-12-11,"R Premadasa Stadium, Colombo",2,0.2,Kandy Warriors,Galle Gladiators,KIC Asalanka,Tillakaratne Sampath,Mohammad Amir,0,0,,,,,,,,,
1291204,2021/22,2021-12-11,"R Premadasa Stadium, Colombo",2,0.3,Kandy Warriors,Galle Gladiators,KIC Asalanka,Tillakaratne Sampath,Mohammad Amir,4,0,,,,,,,,,
1291204,2021/22,2021-12-11,"R Premadasa Stadium, Colombo",2,0.4,Kandy Warriors,Galle Gladiators,KIC Asalanka,Tillakaratne Sampath,Mohammad Amir,0,0,,,,,,,,,
1291204,2021/22,2021-12-11,"R Premadasa Stadium, Colombo",2,0.5,Kandy Warriors,Galle Gladiators,KIC Asalanka,Tillakaratne Sampath,Mohammad Amir,1,0,,,,,,,,,
1291204,2021/22,2021-12-11,"R Premadasa Stadium, Colombo",2,0.6,Kandy Warriors,Galle Gladiators,Tillakaratne Sampath,KIC Asalanka,Mohammad Amir,0,0,,,,,,lbw,Tillakaratne Sampath,,
1291204,2021/22,2021-12-11,"R Premadasa Stadium, Colombo",2,1.1,Kandy Warriors,Galle Gladiators,KIC Asalanka,AK Perera,D Lakshan,0,0,,,,,,,,,
1291204,2021/22,2021-12-11,"R Premadasa Stadium, Colombo",2,1.2,Kandy Warriors,Galle Gladiators,KIC Asalanka,AK Perera,D Lakshan,0,0,,,,,,,,,
1291204,2021/22,2021-12-11,"R Premadasa Stadium, Colombo",2,1.3,Kandy Warriors,Galle Gladiators,KIC Asalanka,AK Perera,D Lakshan,4,0,,,,,,,,,
1291204,2021/22,2021-12-11,"R Premadasa Stadium, Colombo",2,1.4,Kandy Warriors,Galle Gladiators,KIC Asalanka,AK Perera,D Lakshan,0,0,,,,,,,,,
1291204,2021/22,2021-12-11,"R Premadasa Stadium, Colombo",2,1.5,Kandy Warriors,Galle Gladiators,KIC Asalanka,AK Perera,D Lakshan,2,0,,,,,,,,,
1291204,2021/22,2021-12-11,"R Premadasa Stadium, Colombo",2,1.6,Kandy Warriors,Galle Gladiators,KIC Asalanka,AK Perera,D Lakshan,0,1,1,,,,,,,,
1291204,2021/22,2021-12-11,"R Premadasa Stadium, Colombo",2,1.7,Kandy Warriors,Galle Gladiators,KIC Asalanka,AK Perera,D Lakshan,0,0,,,,,,,,,
1291204,2021/22,2021-12-11,"R Premadasa Stadium, Colombo",2,2.1,Kandy Warriors,Galle Gladiators,AK Perera,KIC Asalanka,Mohammad Amir,0,0,,,,,,,,,
1291204,2021/22,2021-12-11,"R Premadasa Stadium, Colombo",2,2.2,Kandy Warriors,Galle Gladiators,AK Perera,KIC Asalanka,Mohammad Amir,0,0,,,,,,,,,
1291204,2021/22,2021-12-11,"R Premadasa Stadium, Colombo",2,2.3,Kandy Warriors,Galle Gladiators,AK Perera,KIC Asalanka,Mohammad Amir,0,0,,,,,,,,,
1291204,2021/22,2021-12-11,"R Premadasa Stadium, Colombo",2,2.4,Kandy Warriors,Galle Gladiators,AK Perera,KIC Asalanka,Mohammad Amir,6,0,,,,,,,,,
1291204,2021/22,2021-12-11,"R Premadasa Stadium, Colombo",2,2.5,Kandy Warriors,Galle Gladiators,AK Perera,KIC Asalanka,Mohammad Amir,0,0,,,,,,,,,
1291204,2021/22,2021-12-11,"R Premadasa Stadium, Colombo",2,2.6,Kandy Warriors,Galle Gladiators,AK Perera,KIC Asalanka,Mohammad Amir,2,0,,,,,,,,,
1291204,2021/22,2021-12-11,"R Premadasa Stadium, Colombo",2,3.1,Kandy Warriors,Galle Gladiators,KIC Asalanka,AK Perera,N Thushara,0,0,,,,,,,,,
1291204,2021/22,2021-12-11,"R Premadasa Stadium, Colombo",2,3.2,Kandy Warriors,Galle Gladiators,KIC Asalanka,AK Perera,N Thushara,0,1,1,,,,,,,,
1291204,2021/22,2021-12-11,"R Premadasa Stadium, Colombo",2,3.3,Kandy Warriors,Galle Gladiators,KIC Asalanka,AK Perera,N Thushara,6,0,,,,,,,,,
1291204,2021/22,2021-12-11,"R Premadasa Stadium, Colombo",2,3.4,Kandy Warriors,Galle Gladiators,KIC Asalanka,AK Perera,N Thushara,0,0,,,,,,,,,
1291204,2021/22,2021-12-11,"R Premadasa Stadium, Colombo",2,3.5,Kandy Warriors,Galle Gladiators,KIC Asalanka,AK Perera,N Thushara,0,1,1,,,,,,,,
1291204,2021/22,2021-12-11,"R Premadasa Stadium, Colombo",2,3.6,Kandy Warriors,Galle Gladiators,KIC Asalanka,AK Perera,N Thushara,0,0,,,,,,,,,
1291204,2021/22,2021-12-11,"R Premadasa Stadium, Colombo",2,3.7,Kandy Warriors,Galle Gladiators,KIC Asalanka,AK Perera,N Thushara,0,0,,,,,,,,,
1291204,2021/22,2021-12-11,"R Premadasa Stadium, Colombo",2,3.8,Kandy Warriors,Galle Gladiators,KIC Asalanka,AK Perera,N Thushara,0,0,,,,,,,,,
1291204,2021/22,2021-12-11,"R Premadasa Stadium, Colombo",2,4.1,Kandy Warriors,Galle Gladiators,AK Perera,KIC Asalanka,D Lakshan,0,1,,,,1,,,,,
1291204,2021/22,2021-12-11,"R Premadasa Stadium, Colombo",2,4.2,Kandy Warriors,Galle Gladiators,KIC Asalanka,AK Perera,D Lakshan,4,0,,,,,,,,,
1291204,2021/22,2021-12-11,"R Premadasa Stadium, Colombo",2,4.3,Kandy Warriors,Galle Gladiators,KIC Asalanka,AK Perera,D Lakshan,0,0,,,,,,caught,KIC Asalanka,,
1291204,2021/22,2021-12-11,"R Premadasa Stadium, Colombo",2,4.4,Kandy Warriors,Galle Gladiators,PHKD Mendis,AK Perera,D Lakshan,0,0,,,,,,,,,
1291204,2021/22,2021-12-11,"R Premadasa Stadium, Colombo",2,4.5,Kandy Warriors,Galle Gladiators,PHKD Mendis,AK Perera,D Lakshan,1,0,,,,,,,,,
1291204,2021/22,2021-12-11,"R Premadasa Stadium, Colombo",2,4.6,Kandy Warriors,Galle Gladiators,AK Perera,PHKD Mendis,D Lakshan,4,0,,,,,,,,,
1291204,2021/22,2021-12-11,"R Premadasa Stadium, Colombo",2,5.1,Kandy Warriors,Galle Gladiators,PHKD Mendis,AK Perera,N Thushara,0,1,1,,,,,,,,
1291204,2021/22,2021-12-11,"R Premadasa Stadium, Colombo",2,5.2,Kandy Warriors,Galle Gladiators,PHKD Mendis,AK Perera,N Thushara,0,0,,,,,,,,,
1291204,2021/22,2021-12-11,"R Premadasa Stadium, Colombo",2,5.3,Kandy Warriors,Galle Gladiators,PHKD Mendis,AK Perera,N Thushara,1,0,,,,,,,,,
1291204,2021/22,2021-12-11,"R Premadasa Stadium, Colombo",2,5.4,Kandy Warriors,Galle Gladiators,AK Perera,PHKD Mendis,N Thushara,0,0,,,,,,,,,
1291204,2021/22,2021-12-11,"R Premadasa Stadium, Colombo",2,5.5,Kandy Warriors,Galle Gladiators,AK Perera,PHKD Mendis,N Thushara,0,0,,,,,,bowled,AK Perera,,
1291204,2021/22,2021-12-11,"R Premadasa Stadium, Colombo",2,5.6,Kandy Warriors,Galle Gladiators,RS Bopara,PHKD Mendis,N Thushara,4,0,,,,,,,,,
1291204,2021/22,2021-12-11,"R Premadasa Stadium, Colombo",2,5.7,Kandy Warriors,Galle Gladiators,RS Bopara,PHKD Mendis,N Thushara,0,0,,,,,,,,,
1291204,2021/22,2021-12-11,"R Premadasa Stadium, Colombo",2,6.1,Kandy Warriors,Galle Gladiators,PHKD Mendis,RS Bopara,Noor Ahmad,0,1,1,,,,,,,,
1291204,2021/22,2021-12-11,"R Premadasa Stadium, Colombo",2,6.2,Kandy Warriors,Galle Gladiators,PHKD Mendis,RS Bopara,Noor Ahmad,0,0,,,,,,,,,
1291204,2021/22,2021-12-11,"R Premadasa Stadium, Colombo",2,6.3,Kandy Warriors,Galle Gladiators,PHKD Mendis,RS Bopara,Noor Ahmad,1,0,,,,,,,,,
1291204,2021/22,2021-12-11,"R Premadasa Stadium, Colombo",2,6.4,Kandy Warriors,Galle Gladiators,RS Bopara,PHKD Mendis,Noor Ahmad,1,0,,,,,,,,,
1291204,2021/22,2021-12-11,"R Premadasa Stadium, Colombo",2,6.5,Kandy Warriors,Galle Gladiators,PHKD Mendis,RS Bopara,Noor Ahmad,1,0,,,,,,,,,
1291204,2021/22,2021-12-11,"R Premadasa Stadium, Colombo",2,6.6,Kandy Warriors,Galle Gladiators,RS Bopara,PHKD Mendis,Noor Ahmad,0,0,,,,,,,,,
1291204,2021/22,2021-12-11,"R Premadasa Stadium, Colombo",2,6.7,Kandy Warriors,Galle Gladiators,RS Bopara,PHKD Mendis,Noor Ahmad,0,0,,,,,,,,,
1291204,2021/22,2021-12-11,"R Premadasa Stadium, Colombo",2,7.1,Kandy Warriors,Galle Gladiators,PHKD Mendis,RS Bopara,SR Patel,0,0,,,,,,,,,
1291204,2021/22,2021-12-11,"R Premadasa Stadium, Colombo",2,7.2,Kandy Warriors,Galle Gladiators,PHKD Mendis,RS Bopara,SR Patel,0,0,,,,,,,,,
1291204,2021/22,2021-12-11,"R Premadasa Stadium, Colombo",2,7.3,Kandy Warriors,Galle Gladiators,PHKD Mendis,RS Bopara,SR Patel,0,0,,,,,,,,,
1291204,2021/22,2021-12-11,"R Premadasa Stadium, Colombo",2,7.4,Kandy Warriors,Galle Gladiators,PHKD Mendis,RS Bopara,SR Patel,0,0,,,,,,,,,
1291204,2021/22,2021-12-11,"R Premadasa Stadium, Colombo",2,7.5,Kandy Warriors,Galle Gladiators,PHKD Mendis,RS Bopara,SR Patel,1,0,,,,,,,,,
1291204,2021/22,2021-12-11,"R Premadasa Stadium, Colombo",2,7.6,Kandy Warriors,Galle Gladiators,RS Bopara,PHKD Mendis,SR Patel,1,0,,,,,,,,,
1291204,2021/22,2021-12-11,"R Premadasa Stadium, Colombo",2,8.1,Kandy Warriors,Galle Gladiators,RS Bopara,PHKD Mendis,Noor Ahmad,1,0,,,,,,,,,
1291204,2021/22,2021-12-11,"R Premadasa Stadium, Colombo",2,8.2,Kandy Warriors,Galle Gladiators,PHKD Mendis,RS Bopara,Noor Ahmad,1,0,,,,,,,,,
1291204,2021/22,2021-12-11,"R Premadasa Stadium, Colombo",2,8.3,Kandy Warriors,Galle Gladiators,RS Bopara,PHKD Mendis,Noor Ahmad,1,0,,,,,,,,,
1291204,2021/22,2021-12-11,"R Premadasa Stadium, Colombo",2,8.4,Kandy Warriors,Galle Gladiators,PHKD Mendis,RS Bopara,Noor Ahmad,1,0,,,,,,,,,
1291204,2021/22,2021-12-11,"R Premadasa Stadium, Colombo",2,8.5,Kandy Warriors,Galle Gladiators,RS Bopara,PHKD Mendis,Noor Ahmad,0,0,,,,,,,,,
1291204,2021/22,2021-12-11,"R Premadasa Stadium, Colombo",2,8.6,Kandy Warriors,Galle Gladiators,RS Bopara,PHKD Mendis,Noor Ahmad,1,0,,,,,,,,,
1291204,2021/22,2021-12-11,"R Premadasa Stadium, Colombo",2,9.1,Kandy Warriors,Galle Gladiators,RS Bopara,PHKD Mendis,SR Patel,0,0,,,,,,,,,
1291204,2021/22,2021-12-11,"R Premadasa Stadium, Colombo",2,9.2,Kandy Warriors,Galle Gladiators,RS Bopara,PHKD Mendis,SR Patel,0,0,,,,,,,,,
1291204,2021/22,2021-12-11,"R Premadasa Stadium, Colombo",2,9.3,Kandy Warriors,Galle Gladiators,RS Bopara,PHKD Mendis,SR Patel,1,0,,,,,,,,,
1291204,2021/22,2021-12-11,"R Premadasa Stadium, Colombo",2,9.4,Kandy Warriors,Galle Gladiators,PHKD Mendis,RS Bopara,SR Patel,0,0,,,,,,caught,PHKD Mendis,,
1291204,2021/22,2021-12-11,"R Premadasa Stadium, Colombo",2,9.5,Kandy Warriors,Galle Gladiators,TJ Moores,RS Bopara,SR Patel,0,1,1,,,,,,,,
1291204,2021/22,2021-12-11,"R Premadasa Stadium, Colombo",2,9.6,Kandy Warriors,Galle Gladiators,TJ Moores,RS Bopara,SR Patel,1,0,,,,,,,,,
1291204,2021/22,2021-12-11,"R Premadasa Stadium, Colombo",2,9.7,Kandy Warriors,Galle Gladiators,RS Bopara,TJ Moores,SR Patel,1,0,,,,,,,,,
1291204,2021/22,2021-12-11,"R Premadasa Stadium, Colombo",2,10.1,Kandy Warriors,Galle Gladiators,RS Bopara,TJ Moores,Noor Ahmad,0,5,5,,,,,,,,
1291204,2021/22,2021-12-11,"R Premadasa Stadium, Colombo",2,10.2,Kandy Warriors,Galle Gladiators,RS Bopara,TJ Moores,Noor Ahmad,1,0,,,,,,,,,
1291204,2021/22,2021-12-11,"R Premadasa Stadium, Colombo",2,10.3,Kandy Warriors,Galle Gladiators,TJ Moores,RS Bopara,Noor Ahmad,0,0,,,,,,,,,
1291204,2021/22,2021-12-11,"R Premadasa Stadium, Colombo",2,10.4,Kandy Warriors,Galle Gladiators,TJ Moores,RS Bopara,Noor Ahmad,1,0,,,,,,,,,
1291204,2021/22,2021-12-11,"R Premadasa Stadium, Colombo",2,10.5,Kandy Warriors,Galle Gladiators,RS Bopara,TJ Moores,Noor Ahmad,0,0,,,,,,,,,
1291204,2021/22,2021-12-11,"R Premadasa Stadium, Colombo",2,10.6,Kandy Warriors,Galle Gladiators,RS Bopara,TJ Moores,Noor Ahmad,0,0,,,,,,,,,
1291204,2021/22,2021-12-11,"R Premadasa Stadium, Colombo",2,10.7,Kandy Warriors,Galle Gladiators,RS Bopara,TJ Moores,Noor Ahmad,2,0,,,,,,,,,
1291204,2021/22,2021-12-11,"R Premadasa Stadium, Colombo",2,11.1,Kandy Warriors,Galle Gladiators,TJ Moores,RS Bopara,SR Patel,4,0,,,,,,,,,
1291204,2021/22,2021-12-11,"R Premadasa Stadium, Colombo",2,11.2,Kandy Warriors,Galle Gladiators,TJ Moores,RS Bopara,SR Patel,0,0,,,,,,,,,
1291204,2021/22,2021-12-11,"R Premadasa Stadium, Colombo",2,11.3,Kandy Warriors,Galle Gladiators,TJ Moores,RS Bopara,SR Patel,2,0,,,,,,,,,
1291204,2021/22,2021-12-11,"R Premadasa Stadium, Colombo",2,11.4,Kandy Warriors,Galle Gladiators,TJ Moores,RS Bopara,SR Patel,1,0,,,,,,,,,
1291204,2021/22,2021-12-11,"R Premadasa Stadium, Colombo",2,11.5,Kandy Warriors,Galle Gladiators,RS Bopara,TJ Moores,SR Patel,0,0,,,,,,,,,
1291204,2021/22,2021-12-11,"R Premadasa Stadium, Colombo",2,11.6,Kandy Warriors,Galle Gladiators,RS Bopara,TJ Moores,SR Patel,2,0,,,,,,,,,
1291204,2021/22,2021-12-11,"R Premadasa Stadium, Colombo",2,12.1,Kandy Warriors,Galle Gladiators,TJ Moores,RS Bopara,Mohammad Amir,1,0,,,,,,,,,
1291204,2021/22,2021-12-11,"R Premadasa Stadium, Colombo",2,12.2,Kandy Warriors,Galle Gladiators,RS Bopara,TJ Moores,Mohammad Amir,0,0,,,,,,,,,
1291204,2021/22,2021-12-11,"R Premadasa Stadium, Colombo",2,12.3,Kandy Warriors,Galle Gladiators,RS Bopara,TJ Moores,Mohammad Amir,1,0,,,,,,,,,
1291204,2021/22,2021-12-11,"R Premadasa Stadium, Colombo",2,12.4,Kandy Warriors,Galle Gladiators,TJ Moores,RS Bopara,Mohammad Amir,2,0,,,,,,,,,
1291204,2021/22,2021-12-11,"R Premadasa Stadium, Colombo",2,12.5,Kandy Warriors,Galle Gladiators,TJ Moores,RS Bopara,Mohammad Amir,1,0,,,,,,,,,
1291204,2021/22,2021-12-11,"R Premadasa Stadium, Colombo",2,12.6,Kandy Warriors,Galle Gladiators,RS Bopara,TJ Moores,Mohammad Amir,1,0,,,,,,,,,
1291204,2021/22,2021-12-11,"R Premadasa Stadium, Colombo",2,13.1,Kandy Warriors,Galle Gladiators,RS Bopara,TJ Moores,N Thushara,0,0,,,,,,,,,
1291204,2021/22,2021-12-11,"R Premadasa Stadium, Colombo",2,13.2,Kandy Warriors,Galle Gladiators,RS Bopara,TJ Moores,N Thushara,1,0,,,,,,,,,
1291204,2021/22,2021-12-11,"R Premadasa Stadium, Colombo",2,13.3,Kandy Warriors,Galle Gladiators,TJ Moores,RS Bopara,N Thushara,1,0,,,,,,,,,
1291204,2021/22,2021-12-11,"R Premadasa Stadium, Colombo",2,13.4,Kandy Warriors,Galle Gladiators,RS Bopara,TJ Moores,N Thushara,2,0,,,,,,,,,
1291204,2021/22,2021-12-11,"R Premadasa Stadium, Colombo",2,13.5,Kandy Warriors,Galle Gladiators,RS Bopara,TJ Moores,N Thushara,0,0,,,,,,,,,
1291204,2021/22,2021-12-11,"R Premadasa Stadium, Colombo",2,13.6,Kandy Warriors,Galle Gladiators,RS Bopara,TJ Moores,N Thushara,4,0,,,,,,,,,
1291204,2021/22,2021-12-11,"R Premadasa Stadium, Colombo",2,14.1,Kandy Warriors,Galle Gladiators,TJ Moores,RS Bopara,MD Gunathilaka,0,0,,,,,,,,,
1291204,2021/22,2021-12-11,"R Premadasa Stadium, Colombo",2,14.2,Kandy Warriors,Galle Gladiators,TJ Moores,RS Bopara,MD Gunathilaka,4,0,,,,,,,,,
1291204,2021/22,2021-12-11,"R Premadasa Stadium, Colombo",2,14.3,Kandy Warriors,Galle Gladiators,TJ Moores,RS Bopara,MD Gunathilaka,4,0,,,,,,,,,
1291204,2021/22,2021-12-11,"R Premadasa Stadium, Colombo",2,14.4,Kandy Warriors,Galle Gladiators,TJ Moores,RS Bopara,MD Gunathilaka,0,0,,,,,,,,,
1291204,2021/22,2021-12-11,"R Premadasa Stadium, Colombo",2,14.5,Kandy Warriors,Galle Gladiators,TJ Moores,RS Bopara,MD Gunathilaka,0,0,,,,,,,,,
1291204,2021/22,2021-12-11,"R Premadasa Stadium, Colombo",2,14.6,Kandy Warriors,Galle Gladiators,TJ Moores,RS Bopara,MD Gunathilaka,2,0,,,,,,,,,
1291204,2021/22,2021-12-11,"R Premadasa Stadium, Colombo",2,15.1,Kandy Warriors,Galle Gladiators,RS Bopara,TJ Moores,SR Patel,0,0,,,,,,,,,
1291204,2021/22,2021-12-11,"R Premadasa Stadium, Colombo",2,15.2,Kandy Warriors,Galle Gladiators,RS Bopara,TJ Moores,SR Patel,1,0,,,,,,,,,
1291204,2021/22,2021-12-11,"R Premadasa Stadium, Colombo",2,15.3,Kandy Warriors,Galle Gladiators,TJ Moores,RS Bopara,SR Patel,0,0,,,,,,,,,
1291204,2021/22,2021-12-11,"R Premadasa Stadium, Colombo",2,15.4,Kandy Warriors,Galle Gladiators,TJ Moores,RS Bopara,SR Patel,4,0,,,,,,,,,
1291204,2021/22,2021-12-11,"R Premadasa Stadium, Colombo",2,15.5,Kandy Warriors,Galle Gladiators,TJ Moores,RS Bopara,SR Patel,0,0,,,,,,,,,
1291204,2021/22,2021-12-11,"R Premadasa Stadium, Colombo",2,15.6,Kandy Warriors,Galle Gladiators,TJ Moores,RS Bopara,SR Patel,0,0,,,,,,stumped,TJ Moores,,
1291204,2021/22,2021-12-11,"R Premadasa Stadium, Colombo",2,16.1,Kandy Warriors,Galle Gladiators,RS Bopara,M Bhanuka,Noor Ahmad,0,0,,,,,,,,,
1291204,2021/22,2021-12-11,"R Premadasa Stadium, Colombo",2,16.2,Kandy Warriors,Galle Gladiators,RS Bopara,M Bhanuka,Noor Ahmad,0,0,,,,,,,,,
1291204,2021/22,2021-12-11,"R Premadasa Stadium, Colombo",2,16.3,Kandy Warriors,Galle Gladiators,RS Bopara,M Bhanuka,Noor Ahmad,0,5,5,,,,,,,,
1291204,2021/22,2021-12-11,"R Premadasa Stadium, Colombo",2,16.4,Kandy Warriors,Galle Gladiators,RS Bopara,M Bhanuka,Noor Ahmad,0,1,1,,,,,,,,
1291204,2021/22,2021-12-11,"R Premadasa Stadium, Colombo",2,16.5,Kandy Warriors,Galle Gladiators,RS Bopara,M Bhanuka,Noor Ahmad,1,0,,,,,,,,,
1291204,2021/22,2021-12-11,"R Premadasa Stadium, Colombo",2,16.6,Kandy Warriors,Galle Gladiators,M Bhanuka,RS Bopara,Noor Ahmad,0,2,,,,2,,,,,
1291204,2021/22,2021-12-11,"R Premadasa Stadium, Colombo",2,16.7,Kandy Warriors,Galle Gladiators,M Bhanuka,RS Bopara,Noor Ahmad,0,1,1,,,,,,,,
1291204,2021/22,2021-12-11,"R Premadasa Stadium, Colombo",2,16.8,Kandy Warriors,Galle Gladiators,M Bhanuka,RS Bopara,Noor Ahmad,1,0,,,,,,,,,
1291204,2021/22,2021-12-11,"R Premadasa Stadium, Colombo",2,16.9,Kandy Warriors,Galle Gladiators,RS Bopara,M Bhanuka,Noor Ahmad,1,0,,,,,,,,,
1291204,2021/22,2021-12-11,"R Premadasa Stadium, Colombo",2,17.1,Kandy Warriors,Galle Gladiators,RS Bopara,M Bhanuka,D Lakshan,0,0,,,,,,,,,
1291204,2021/22,2021-12-11,"R Premadasa Stadium, Colombo",2,17.2,Kandy Warriors,Galle Gladiators,RS Bopara,M Bhanuka,D Lakshan,1,0,,,,,,,,,
1291204,2021/22,2021-12-11,"R Premadasa Stadium, Colombo",2,17.3,Kandy Warriors,Galle Gladiators,M Bhanuka,RS Bopara,D Lakshan,1,0,,,,,,,,,
1291204,2021/22,2021-12-11,"R Premadasa Stadium, Colombo",2,17.4,Kandy Warriors,Galle Gladiators,RS Bopara,M Bhanuka,D Lakshan,0,0,,,,,,,,,
1291204,2021/22,2021-12-11,"R Premadasa Stadium, Colombo",2,17.5,Kandy Warriors,Galle Gladiators,RS Bopara,M Bhanuka,D Lakshan,1,0,,,,,,,,,
1291204,2021/22,2021-12-11,"R Premadasa Stadium, Colombo",2,17.6,Kandy Warriors,Galle Gladiators,M Bhanuka,RS Bopara,D Lakshan,1,0,,,,,,,,,
1291204,2021/22,2021-12-11,"R Premadasa Stadium, Colombo",2,18.1,Kandy Warriors,Galle Gladiators,M Bhanuka,RS Bopara,N Thushara,4,0,,,,,,,,,
1291204,2021/22,2021-12-11,"R Premadasa Stadium, Colombo",2,18.2,Kandy Warriors,Galle Gladiators,M Bhanuka,RS Bopara,N Thushara,0,0,,,,,,,,,
1291204,2021/22,2021-12-11,"R Premadasa Stadium, Colombo",2,18.3,Kandy Warriors,Galle Gladiators,M Bhanuka,RS Bopara,N Thushara,1,0,,,,,,,,,
1291204,2021/22,2021-12-11,"R Premadasa Stadium, Colombo",2,18.4,Kandy Warriors,Galle Gladiators,RS Bopara,M Bhanuka,N Thushara,4,0,,,,,,,,,
