match_id,season,start_date,venue,innings,ball,batting_team,bowling_team,striker,non_striker,bowler,runs_off_bat,extras,wides,noballs,byes,legbyes,penalty,wicket_type,player_dismissed,other_wicket_type,other_player_dismissed
1291199,2021/22,2021-12-07,"R Premadasa Stadium, Colombo",1,0.1,Kandy Warriors,Galle Gladiators,K Lewis,Ahmed Shehzad,SR Patel,0,0,,,,,,,,,
1291199,2021/22,2021-12-07,"R Premadasa Stadium, Colombo",1,0.2,Kandy Warriors,Galle Gladiators,K Lewis,Ahmed Shehzad,SR Patel,0,0,,,,,,caught,K Lewis,,
1291199,2021/22,2021-12-07,"R Premadasa Stadium, Colombo",1,0.3,Kandy Warriors,Galle Gladiators,KIC Asalanka,Ahmed Shehzad,SR Patel,0,0,,,,,,,,,
1291199,2021/22,2021-12-07,"R Premadasa Stadium, Colombo",1,0.4,Kandy Warriors,Galle Gladiators,KIC Asalanka,Ahmed Shehzad,SR Patel,1,0,,,,,,,,,
1291199,2021/22,2021-12-07,"R Premadasa Stadium, Colombo",1,0.5,Kandy Warriors,Galle Gladiators,Ahmed Shehzad,KIC Asalanka,SR Patel,1,0,,,,,,,,,
1291199,2021/22,2021-12-07,"R Premadasa Stadium, Colombo",1,0.6,Kandy Warriors,Galle Gladiators,KIC Asalanka,Ahmed Shehzad,SR Patel,0,0,,,,,,,,,
1291199,2021/22,2021-12-07,"R Premadasa Stadium, Colombo",1,1.1,Kandy Warriors,Galle Gladiators,Ahmed Shehzad,KIC Asalanka,N Thushara,2,0,,,,,,,,,
1291199,2021/22,2021-12-07,"R Premadasa Stadium, Colombo",1,1.2,Kandy Warriors,Galle Gladiators,Ahmed Shehzad,KIC Asalanka,N Thushara,4,0,,,,,,,,,
1291199,2021/22,2021-12-07,"R Premadasa Stadium, Colombo",1,1.3,Kandy Warriors,Galle Gladiators,Ahmed Shehzad,KIC Asalanka,N Thushara,0,0,,,,,,,,,
1291199,2021/22,2021-12-07,"R Premadasa Stadium, Colombo",1,1.4,Kandy Warriors,Galle Gladiators,Ahmed Shehzad,KIC Asalanka,N Thushara,0,1,1,,,,,,,,
1291199,2021/22,2021-12-07,"R Premadasa Stadium, Colombo",1,1.5,Kandy Warriors,Galle Gladiators,Ahmed Shehzad,KIC Asalanka,N Thushara,1,0,,,,,,,,,
1291199,2021/22,2021-12-07,"R Premadasa Stadium, Colombo",1,1.6,Kandy Warriors,Galle Gladiators,KIC Asalanka,Ahmed Shehzad,N Thushara,0,1,,,,1,,,,,
1291199,2021/22,2021-12-07,"R Premadasa Stadium, Colombo",1,1.7,Kandy Warriors,Galle Gladiators,Ahmed Shehzad,KIC Asalanka,N Thushara,0,0,,,,,,,,,
1291199,2021/22,2021-12-07,"R Premadasa Stadium, Colombo",1,2.1,Kandy Warriors,Galle Gladiators,KIC Asalanka,Ahmed Shehzad,Mohammad Hafeez,0,0,,,,,,,,,
1291199,2021/22,2021-12-07,"R Premadasa Stadium, Colombo",1,2.2,Kandy Warriors,Galle Gladiators,KIC Asalanka,Ahmed Shehzad,Mohammad Hafeez,0,0,,,,,,,,,
1291199,2021/22,2021-12-07,"R Premadasa Stadium, Colombo",1,2.3,Kandy Warriors,Galle Gladiators,KIC Asalanka,Ahmed Shehzad,Mohammad Hafeez,4,0,,,,,,,,,
1291199,2021/22,2021-12-07,"R Premadasa Stadium, Colombo",1,2.4,Kandy Warriors,Galle Gladiators,KIC Asalanka,Ahmed Shehzad,Mohammad Hafeez,0,0,,,,,,,,,
1291199,2021/22,2021-12-07,"R Premadasa Stadium, Colombo",1,2.5,Kandy Warriors,Galle Gladiators,KIC Asalanka,Ahmed Shehzad,Mohammad Hafeez,1,0,,,,,,,,,
1291199,2021/22,2021-12-07,"R Premadasa Stadium, Colombo",1,2.6,Kandy Warriors,Galle Gladiators,Ahmed Shehzad,KIC Asalanka,Mohammad Hafeez,0,0,,,,,,,,,
1291199,2021/22,2021-12-07,"R Premadasa Stadium, Colombo",1,3.1,Kandy Warriors,Galle Gladiators,KIC Asalanka,Ahmed Shehzad,D Lakshan,0,0,,,,,,caught,KIC Asalanka,,
1291199,2021/22,2021-12-07,"R Premadasa Stadium, Colombo",1,3.2,Kandy Warriors,Galle Gladiators,Ahmed Shehzad,PHKD Mendis,D Lakshan,4,0,,,,,,,,,
1291199,2021/22,2021-12-07,"R Premadasa Stadium, Colombo",1,3.3,Kandy Warriors,Galle Gladiators,Ahmed Shehzad,PHKD Mendis,D Lakshan,0,0,,,,,,,,,
1291199,2021/22,2021-12-07,"R Premadasa Stadium, Colombo",1,3.4,Kandy Warriors,Galle Gladiators,Ahmed Shehzad,PHKD Mendis,D Lakshan,0,0,,,,,,,,,
1291199,2021/22,2021-12-07,"R Premadasa Stadium, Colombo",1,3.5,Kandy Warriors,Galle Gladiators,Ahmed Shehzad,PHKD Mendis,D Lakshan,1,0,,,,,,,,,
1291199,2021/22,2021-12-07,"R Premadasa Stadium, Colombo",1,3.6,Kandy Warriors,Galle Gladiators,PHKD Mendis,Ahmed Shehzad,D Lakshan,1,0,,,,,,,,,
1291199,2021/22,2021-12-07,"R Premadasa Stadium, Colombo",1,4.1,Kandy Warriors,Galle Gladiators,PHKD Mendis,Ahmed Shehzad,Mohammad Hafeez,1,0,,,,,,,,,
1291199,2021/22,2021-12-07,"R Premadasa Stadium, Colombo",1,4.2,Kandy Warriors,Galle Gladiators,Ahmed Shehzad,PHKD Mendis,Mohammad Hafeez,0,0,,,,,,,,,
1291199,2021/22,2021-12-07,"R Premadasa Stadium, Colombo",1,4.3,Kandy Warriors,Galle Gladiators,Ahmed Shehzad,PHKD Mendis,Mohammad Hafeez,0,0,,,,,,,,,
1291199,2021/22,2021-12-07,"R Premadasa Stadium, Colombo",1,4.4,Kandy Warriors,Galle Gladiators,Ahmed Shehzad,PHKD Mendis,Mohammad Hafeez,4,0,,,,,,,,,
1291199,2021/22,2021-12-07,"R Premadasa Stadium, Colombo",1,4.5,Kandy Warriors,Galle Gladiators,Ahmed Shehzad,PHKD Mendis,Mohammad Hafeez,0,0,,,,,,,,,
1291199,2021/22,2021-12-07,"R Premadasa Stadium, Colombo",1,4.6,Kandy Warriors,Galle Gladiators,Ahmed Shehzad,PHKD Mendis,Mohammad Hafeez,6,0,,,,,,,,,
1291199,2021/22,2021-12-07,"R Premadasa Stadium, Colombo",1,5.1,Kandy Warriors,Galle Gladiators,PHKD Mendis,Ahmed Shehzad,N Thushara,0,0,,,,,,,,,
1291199,2021/22,2021-12-07,"R Premadasa Stadium, Colombo",1,5.2,Kandy Warriors,Galle Gladiators,PHKD Mendis,Ahmed Shehzad,N Thushara,4,0,,,,,,,,,
1291199,2021/22,2021-12-07,"R Premadasa Stadium, Colombo",1,5.3,Kandy Warriors,Galle Gladiators,PHKD Mendis,Ahmed Shehzad,N Thushara,1,0,,,,,,,,,
1291199,2021/22,2021-12-07,"R Premadasa Stadium, Colombo",1,5.4,Kandy Warriors,Galle Gladiators,Ahmed Shehzad,PHKD Mendis,N Thushara,4,0,,,,,,,,,
1291199,2021/22,2021-12-07,"R Premadasa Stadium, Colombo",1,5.5,Kandy Warriors,Galle Gladiators,Ahmed Shehzad,PHKD Mendis,N Thushara,0,0,,,,,,,,,
1291199,2021/22,2021-12-07,"R Premadasa Stadium, Colombo",1,5.6,Kandy Warriors,Galle Gladiators,Ahmed Shehzad,PHKD Mendis,N Thushara,4,0,,,,,,,,,
1291199,2021/22,2021-12-07,"R Premadasa Stadium, Colombo",1,6.1,Kandy Warriors,Galle Gladiators,PHKD Mendis,Ahmed Shehzad,Noor Ahmad,0,0,,,,,,,,,
1291199,2021/22,2021-12-07,"R Premadasa Stadium, Colombo",1,6.2,Kandy Warriors,Galle Gladiators,PHKD Mendis,Ahmed Shehzad,Noor Ahmad,1,0,,,,,,,,,
1291199,2021/22,2021-12-07,"R Premadasa Stadium, Colombo",1,6.3,Kandy Warriors,Galle Gladiators,Ahmed Shehzad,PHKD Mendis,Noor Ahmad,2,0,,,,,,,,,
1291199,2021/22,2021-12-07,"R Premadasa Stadium, Colombo",1,6.4,Kandy Warriors,Galle Gladiators,Ahmed Shehzad,PHKD Mendis,Noor Ahmad,0,2,2,,,,,,,,
1291199,2021/22,2021-12-07,"R Premadasa Stadium, Colombo",1,6.5,Kandy Warriors,Galle Gladiators,PHKD Mendis,Ahmed Shehzad,Noor Ahmad,1,0,,,,,,,,,
1291199,2021/22,2021-12-07,"R Premadasa Stadium, Colombo",1,6.6,Kandy Warriors,Galle Gladiators,Ahmed Shehzad,PHKD Mendis,Noor Ahmad,1,0,,,,,,,,,
1291199,2021/22,2021-12-07,"R Premadasa Stadium, Colombo",1,6.7,Kandy Warriors,Galle Gladiators,PHKD Mendis,Ahmed Shehzad,Noor Ahmad,0,2,2,,,,,,,,
1291199,2021/22,2021-12-07,"R Premadasa Stadium, Colombo",1,6.8,Kandy Warriors,Galle Gladiators,Ahmed Shehzad,PHKD Mendis,Noor Ahmad,1,0,,,,,,,,,
1291199,2021/22,2021-12-07,"R Premadasa Stadium, Colombo",1,7.1,Kandy Warriors,Galle Gladiators,Ahmed Shehzad,PHKD Mendis,S Lakshan,1,0,,,,,,,,,
1291199,2021/22,2021-12-07,"R Premadasa Stadium, Colombo",1,7.2,Kandy Warriors,Galle Gladiators,PHKD Mendis,Ahmed Shehzad,S Lakshan,1,0,,,,,,,,,
1291199,2021/22,2021-12-07,"R Premadasa Stadium, Colombo",1,7.3,Kandy Warriors,Galle Gladiators,Ahmed Shehzad,PHKD Mendis,S Lakshan,0,0,,,,,,,,,
1291199,2021/22,2021-12-07,"R Premadasa Stadium, Colombo",1,7.4,Kandy Warriors,Galle Gladiators,Ahmed Shehzad,PHKD Mendis,S Lakshan,1,0,,,,,,,,,
1291199,2021/22,2021-12-07,"R Premadasa Stadium, Colombo",1,7.5,Kandy Warriors,Galle Gladiators,PHKD Mendis,Ahmed Shehzad,S Lakshan,4,0,,,,,,,,,
1291199,2021/22,2021-12-07,"R Premadasa Stadium, Colombo",1,7.6,Kandy Warriors,Galle Gladiators,PHKD Mendis,Ahmed Shehzad,S Lakshan,1,0,,,,,,,,,
1291199,2021/22,2021-12-07,"R Premadasa Stadium, Colombo",1,8.1,Kandy Warriors,Galle Gladiators,PHKD Mendis,Ahmed Shehzad,Mohammad Hafeez,1,0,,,,,,,,,
1291199,2021/22,2021-12-07,"R Premadasa Stadium, Colombo",1,8.2,Kandy Warriors,Galle Gladiators,Ahmed Shehzad,PHKD Mendis,Mohammad Hafeez,1,0,,,,,,,,,
1291199,2021/22,2021-12-07,"R Premadasa Stadium, Colombo",1,8.3,Kandy Warriors,Galle Gladiators,PHKD Mendis,Ahmed Shehzad,Mohammad Hafeez,1,0,,,,,,,,,
1291199,2021/22,2021-12-07,"R Premadasa Stadium, Colombo",1,8.4,Kandy Warriors,Galle Gladiators,Ahmed Shehzad,PHKD Mendis,Mohammad Hafeez,1,0,,,,,,,,,
1291199,2021/22,2021-12-07,"R Premadasa Stadium, Colombo",1,8.5,Kandy Warriors,Galle Gladiators,PHKD Mendis,Ahmed Shehzad,Mohammad Hafeez,1,0,,,,,,,,,
1291199,2021/22,2021-12-07,"R Premadasa Stadium, Colombo",1,8.6,Kandy Warriors,Galle Gladiators,Ahmed Shehzad,PHKD Mendis,Mohammad Hafeez,0,0,,,,,,,,,
1291199,2021/22,2021-12-07,"R Premadasa Stadium, Colombo",1,9.1,Kandy Warriors,Galle Gladiators,PHKD Mendis,Ahmed Shehzad,S Lakshan,1,0,,,,,,,,,
1291199,2021/22,2021-12-07,"R Premadasa Stadium, Colombo",1,9.2,Kandy Warriors,Galle Gladiators,Ahmed Shehzad,PHKD Mendis,S Lakshan,1,1,,1,,,,,,,
1291199,2021/22,2021-12-07,"R Premadasa Stadium, Colombo",1,9.3,Kandy Warriors,Galle Gladiators,PHKD Mendis,Ahmed Shehzad,S Lakshan,4,0,,,,,,,,,
1291199,2021/22,2021-12-07,"R Premadasa Stadium, Colombo",1,9.4,Kandy Warriors,Galle Gladiators,PHKD Mendis,Ahmed Shehzad,S Lakshan,0,0,,,,,,,,,
1291199,2021/22,2021-12-07,"R Premadasa Stadium, Colombo",1,9.5,Kandy Warriors,Galle Gladiators,PHKD Mendis,Ahmed Shehzad,S Lakshan,1,0,,,,,,,,,
1291199,2021/22,2021-12-07,"R Premadasa Stadium, Colombo",1,9.6,Kandy Warriors,Galle Gladiators,Ahmed Shehzad,PHKD Mendis,S Lakshan,0,0,,,,,,,,,
1291199,2021/22,2021-12-07,"R Premadasa Stadium, Colombo",1,9.7,Kandy Warriors,Galle Gladiators,Ahmed Shehzad,PHKD Mendis,S Lakshan,1,0,,,,,,,,,
1291199,2021/22,2021-12-07,"R Premadasa Stadium, Colombo",1,10.1,Kandy Warriors,Galle Gladiators,Ahmed Shehzad,PHKD Mendis,Mohammad Hafeez,4,0,,,,,,,,,
1291199,2021/22,2021-12-07,"R Premadasa Stadium, Colombo",1,10.2,Kandy Warriors,Galle Gladiators,Ahmed Shehzad,PHKD Mendis,Mohammad Hafeez,0,0,,,,,,,,,
1291199,2021/22,2021-12-07,"R Premadasa Stadium, Colombo",1,10.3,Kandy Warriors,Galle Gladiators,Ahmed Shehzad,PHKD Mendis,Mohammad Hafeez,1,0,,,,,,,,,
1291199,2021/22,2021-12-07,"R Premadasa Stadium, Colombo",1,10.4,Kandy Warriors,Galle Gladiators,PHKD Mendis,Ahmed Shehzad,Mohammad Hafeez,1,0,,,,,,,,,
1291199,2021/22,2021-12-07,"R Premadasa Stadium, Colombo",1,10.5,Kandy Warriors,Galle Gladiators,Ahmed Shehzad,PHKD Mendis,Mohammad Hafeez,1,0,,,,,,,,,
1291199,2021/22,2021-12-07,"R Premadasa Stadium, Colombo",1,10.6,Kandy Warriors,Galle Gladiators,PHKD Mendis,Ahmed Shehzad,Mohammad Hafeez,4,0,,,,,,,,,
1291199,2021/22,2021-12-07,"R Premadasa Stadium, Colombo",1,11.1,Kandy Warriors,Galle Gladiators,Ahmed Shehzad,PHKD Mendis,SR Patel,4,0,,,,,,,,,
1291199,2021/22,2021-12-07,"R Premadasa Stadium, Colombo",1,11.2,Kandy Warriors,Galle Gladiators,Ahmed Shehzad,PHKD Mendis,SR Patel,1,0,,,,,,,,,
1291199,2021/22,2021-12-07,"R Premadasa Stadium, Colombo",1,11.3,Kandy Warriors,Galle Gladiators,PHKD Mendis,Ahmed Shehzad,SR Patel,0,0,,,,,,,,,
1291199,2021/22,2021-12-07,"R Premadasa Stadium, Colombo",1,11.4,Kandy Warriors,Galle Gladiators,PHKD Mendis,Ahmed Shehzad,SR Patel,1,0,,,,,,,,,
1291199,2021/22,2021-12-07,"R Premadasa Stadium, Colombo",1,11.5,Kandy Warriors,Galle Gladiators,Ahmed Shehzad,PHKD Mendis,SR Patel,1,0,,,,,,,,,
1291199,2021/22,2021-12-07,"R Premadasa Stadium, Colombo",1,11.6,Kandy Warriors,Galle Gladiators,PHKD Mendis,Ahmed Shehzad,SR Patel,1,0,,,,,,,,,
1291199,2021/22,2021-12-07,"R Premadasa Stadium, Colombo",1,12.1,Kandy Warriors,Galle Gladiators,PHKD Mendis,Ahmed Shehzad,D Lakshan,1,0,,,,,,,,,
1291199,2021/22,2021-12-07,"R Premadasa Stadium, Colombo",1,12.2,Kandy Warriors,Galle Gladiators,Ahmed Shehzad,PHKD Mendis,D Lakshan,1,0,,,,,,,,,
1291199,2021/22,2021-12-07,"R Premadasa Stadium, Colombo",1,12.3,Kandy Warriors,Galle Gladiators,PHKD Mendis,Ahmed Shehzad,D Lakshan,0,0,,,,,,caught,PHKD Mendis,,
1291199,2021/22,2021-12-07,"R Premadasa Stadium, Colombo",1,12.4,Kandy Warriors,Galle Gladiators,Ahmed Shehzad,AK Perera,D Lakshan,1,0,,,,,,,,,
1291199,2021/22,2021-12-07,"R Premadasa Stadium, Colombo",1,12.5,Kandy Warriors,Galle Gladiators,AK Perera,Ahmed Shehzad,D Lakshan,0,0,,,,,,,,,
1291199,2021/22,2021-12-07,"R Premadasa Stadium, Colombo",1,12.6,Kandy Warriors,Galle Gladiators,AK Perera,Ahmed Shehzad,D Lakshan,2,0,,,,,,,,,
1291199,2021/22,2021-12-07,"R Premadasa Stadium, Colombo",1,13.1,Kandy Warriors,Galle Gladiators,Ahmed Shehzad,AK Perera,Noor Ahmad,0,0,,,,,,,,,
1291199,2021/22,2021-12-07,"R Premadasa Stadium, Colombo",1,13.2,Kandy Warriors,Galle Gladiators,Ahmed Shehzad,AK Perera,Noor Ahmad,0,0,,,,,,,,,
1291199,2021/22,2021-12-07,"R Premadasa Stadium, Colombo",1,13.3,Kandy Warriors,Galle Gladiators,Ahmed Shehzad,AK Perera,Noor Ahmad,0,1,,,1,,,,,,
1291199,2021/22,2021-12-07,"R Premadasa Stadium, Colombo",1,13.4,Kandy Warriors,Galle Gladiators,AK Perera,Ahmed Shehzad,Noor Ahmad,1,0,,,,,,,,,
1291199,2021/22,2021-12-07,"R Premadasa Stadium, Colombo",1,13.5,Kandy Warriors,Galle Gladiators,Ahmed Shehzad,AK Perera,Noor Ahmad,0,0,,,,,,,,,
1291199,2021/22,2021-12-07,"R Premadasa Stadium, Colombo",1,13.6,Kandy Warriors,Galle Gladiators,Ahmed Shehzad,AK Perera,Noor Ahmad,0,0,,,,,,,,,
1291199,2021/22,2021-12-07,"R Premadasa Stadium, Colombo",1,14.1,Kandy Warriors,Galle Gladiators,AK Perera,Ahmed Shehzad,SR Patel,0,0,,,,,,,,,
1291199,2021/22,2021-12-07,"R Premadasa Stadium, Colombo",1,14.2,Kandy Warriors,Galle Gladiators,AK Perera,Ahmed Shehzad,SR Patel,0,0,,,,,,,,,
1291199,2021/22,2021-12-07,"R Premadasa Stadium, Colombo",1,14.3,Kandy Warriors,Galle Gladiators,AK Perera,Ahmed Shehzad,SR Patel,1,0,,,,,,,,,
1291199,2021/22,2021-12-07,"R Premadasa Stadium, Colombo",1,14.4,Kandy Warriors,Galle Gladiators,Ahmed Shehzad,AK Perera,SR Patel,0,0,,,,,,,,,
1291199,2021/22,2021-12-07,"R Premadasa Stadium, Colombo",1,14.5,Kandy Warriors,Galle Gladiators,Ahmed Shehzad,AK Perera,SR Patel,0,0,,,,,,,,,
1291199,2021/22,2021-12-07,"R Premadasa Stadium, Colombo",1,14.6,Kandy Warriors,Galle Gladiators,Ahmed Shehzad,AK Perera,SR Patel,0,0,,,,,,,,,
1291199,2021/22,2021-12-07,"R Premadasa Stadium, Colombo",1,15.1,Kandy Warriors,Galle Gladiators,AK Perera,Ahmed Shehzad,Noor Ahmad,1,0,,,,,,,,,
1291199,2021/22,2021-12-07,"R Premadasa Stadium, Colombo",1,15.2,Kandy Warriors,Galle Gladiators,Ahmed Shehzad,AK Perera,Noor Ahmad,0,1,,,1,,,,,,
1291199,2021/22,2021-12-07,"R Premadasa Stadium, Colombo",1,15.3,Kandy Warriors,Galle Gladiators,AK Perera,Ahmed Shehzad,Noor Ahmad,4,0,,,,,,,,,
1291199,2021/22,2021-12-07,"R Premadasa Stadium, Colombo",1,15.4,Kandy Warriors,Galle Gladiators,AK Perera,Ahmed Shehzad,Noor Ahmad,0,1,1,,,,,,,,
1291199,2021/22,2021-12-07,"R Premadasa Stadium, Colombo",1,15.5,Kandy Warriors,Galle Gladiators,AK Perera,Ahmed Shehzad,Noor Ahmad,0,0,,,,,,,,,
1291199,2021/22,2021-12-07,"R Premadasa Stadium, Colombo",1,15.6,Kandy Warriors,Galle Gladiators,AK Perera,Ahmed Shehzad,Noor Ahmad,0,0,,,,,,,,,
1291199,2021/22,2021-12-07,"R Premadasa Stadium, Colombo",1,15.7,Kandy Warriors,Galle Gladiators,AK Perera,Ahmed Shehzad,Noor Ahmad,1,0,,,,,,,,,
1291199,2021/22,2021-12-07,"R Premadasa Stadium, Colombo",1,16.1,Kandy Warriors,Galle Gladiators,AK Perera,Ahmed Shehzad,SR Patel,0,0,,,,,,caught,AK Perera,,
1291199,2021/22,2021-12-07,"R Premadasa Stadium, Colombo",1,16.2,Kandy Warriors,Galle Gladiators,R Powell,Ahmed Shehzad,SR Patel,1,0,,,,,,,,,
1291199,2021/22,2021-12-07,"R Premadasa Stadium, Colombo",1,16.3,Kandy Warriors,Galle Gladiators,Ahmed Shehzad,R Powell,SR Patel,1,0,,,,,,,,,
1291199,2021/22,2021-12-07,"R Premadasa Stadium, Colombo",1,16.4,Kandy Warriors,Galle Gladiators,R Powell,Ahmed Shehzad,SR Patel,0,0,,,,,,,,,
1291199,2021/22,2021-12-07,"R Premadasa Stadium, Colombo",1,16.5,Kandy Warriors,Galle Gladiators,R Powell,Ahmed Shehzad,SR Patel,0,0,,,,,,,,,
1291199,2021/22,2021-12-07,"R Premadasa Stadium, Colombo",1,16.6,Kandy Warriors,Galle Gladiators,R Powell,Ahmed Shehzad,SR Patel,0,0,,,,,,caught,R Powell,,
1291199,2021/22,2021-12-07,"R Premadasa Stadium, Colombo",1,17.1,Kandy Warriors,Galle Gladiators,Tillakaratne Sampath,Ahmed Shehzad,Noor Ahmad,2,0,,,,,,,,,
1291199,2021/22,2021-12-07,"R Premadasa Stadium, Colombo",1,17.2,Kandy Warriors,Galle Gladiators,Tillakaratne Sampath,Ahmed Shehzad,Noor Ahmad,0,0,,,,,,,,,
1291199,2021/22,2021-12-07,"R Premadasa Stadium, Colombo",1,17.3,Kandy Warriors,Galle Gladiators,Tillakaratne Sampath,Ahmed Shehzad,Noor Ahmad,1,0,,,,,,,,,
1291199,2021/22,2021-12-07,"R Premadasa Stadium, Colombo",1,17.4,Kandy Warriors,Galle Gladiators,Ahmed Shehzad,Tillakaratne Sampath,Noor Ahmad,0,0,,,,,,stumped,Ahmed Shehzad,,
1291199,2021/22,2021-12-07,"R Premadasa Stadium, Colombo",1,17.5,Kandy Warriors,Galle Gladiators,Ishan Jayaratne,Tillakaratne Sampath,Noor Ahmad,1,0,,,,,,,,,
1291199,2021/22,2021-12-07,"R Premadasa Stadium, Colombo",1,17.6,Kandy Warriors,Galle Gladiators,Tillakaratne Sampath,Ishan Jayaratne,Noor Ahmad,0,0,,,,,,,,,
1291199,2021/22,2021-12-07,"R Premadasa Stadium, Colombo",1,18.1,Kandy Warriors,Galle Gladiators,Ishan Jayaratne,Tillakaratne Sampath,S Lakshan,0,0,,,,,,,,,
1291199,2021/22,2021-12-07,"R Premadasa Stadium, Colombo",1,18.2,Kandy Warriors,Galle Gladiators,Ishan Jayaratne,Tillakaratne Sampath,S Lakshan,1,0,,,,,,,,,
1291199,2021/22,2021-12-07,"R Premadasa Stadium, Colombo",1,18.3,Kandy Warriors,Galle Gladiators,Tillakaratne Sampath,Ishan Jayaratne,S Lakshan,4,0,,,,,,,,,
1291199,2021/22,2021-12-07,"R Premadasa Stadium, Colombo",1,18.4,Kandy Warriors,Galle Gladiators,Tillakaratne Sampath,Ishan Jayaratne,S Lakshan,1,0,,,,,,,,,
1291199,2021/22,2021-12-07,"R Premadasa Stadium, Colombo",1,18.5,Kandy Warriors,Galle Gladiators,Ishan Jayaratne,Tillakaratne Sampath,S Lakshan,0,0,,,,,,,,,
1291199,2021/22,2021-12-07,"R Premadasa Stadium, Colombo",1,18.6,Kandy Warriors,Galle Gladiators,Ishan Jayaratne,Tillakaratne Sampath,S Lakshan,1,0,,,,,,,,,
1291199,2021/22,2021-12-07,"R Premadasa Stadium, Colombo",1,19.1,Kandy Warriors,Galle Gladiators,Ishan Jayaratne,Tillakaratne Sampath,N Thushara,1,0,,,,,,,,,
1291199,2021/22,2021-12-07,"R Premadasa Stadium, Colombo",1,19.2,Kandy Warriors,Galle Gladiators,Tillakaratne Sampath,Ishan Jayaratne,N Thushara,6,0,,,,,,,,,
1291199,2021/22,2021-12-07,"R Premadasa Stadium, Colombo",1,19.3,Kandy Warriors,Galle Gladiators,Tillakaratne Sampath,Ishan Jayaratne,N Thushara,1,0,,,,,,,,,
1291199,2021/22,2021-12-07,"R Premadasa Stadium, Colombo",1,19.4,Kandy Warriors,Galle Gladiators,Ishan Jayaratne,Tillakaratne Sampath,N Thushara,4,0,,,,,,,,,
1291199,2021/22,2021-12-07,"R Premadasa Stadium, Colombo",1,19.5,Kandy Warriors,Galle Gladiators,Ishan Jayaratne,Tillakaratne Sampath,N Thushara,1,0,,,,,,,,,
1291199,2021/22,2021-12-07,"R Premadasa Stadium, Colombo",1,19.6,Kandy Warriors,Galle Gladiators,Tillakaratne Sampath,Ishan Jayaratne,N Thushara,4,0,,,,,,,,,
1291199,2021/22,2021-12-07,"R Premadasa Stadium, Colombo",2,0.1,Galle Gladiators,Kandy Warriors,BKG Mendis,MD Gunathilaka,Tillakaratne Sampath,0,0,,,,,,,,,
1291199,2021/22,2021-12-07,"R Premadasa Stadium, Colombo",2,0.2,Galle Gladiators,Kandy Warriors,BKG Mendis,MD Gunathilaka,Tillakaratne Sampath,0,0,,,,,,,,,
1291199,2021/22,2021-12-07,"R Premadasa Stadium, Colombo",2,0.3,Galle Gladiators,Kandy Warriors,BKG Mendis,MD Gunathilaka,Tillakaratne Sampath,1,0,,,,,,,,,
1291199,2021/22,2021-12-07,"R Premadasa Stadium, Colombo",2,0.4,Galle Gladiators,Kandy Warriors,MD Gunathilaka,BKG Mendis,Tillakaratne Sampath,0,0,,,,,,,,,
1291199,2021/22,2021-12-07,"R Premadasa Stadium, Colombo",2,0.5,Galle Gladiators,Kandy Warriors,MD Gunathilaka,BKG Mendis,Tillakaratne Sampath,4,0,,,,,,,,,
1291199,2021/22,2021-12-07,"R Premadasa Stadium, Colombo",2,0.6,Galle Gladiators,Kandy Warriors,MD Gunathilaka,BKG Mendis,Tillakaratne Sampath,0,0,,,,,,,,,
1291199,2021/22,2021-12-07,"R Premadasa Stadium, Colombo",2,1.1,Galle Gladiators,Kandy Warriors,BKG Mendis,MD Gunathilaka,Al-Amin Hossain,0,4,,,,4,,,,,
1291199,2021/22,2021-12-07,"R Premadasa Stadium, Colombo",2,1.2,Galle Gladiators,Kandy Warriors,BKG Mendis,MD Gunathilaka,Al-Amin Hossain,4,0,,,,,,,,,
1291199,2021/22,2021-12-07,"R Premadasa Stadium, Colombo",2,1.3,Galle Gladiators,Kandy Warriors,BKG Mendis,MD Gunathilaka,Al-Amin Hossain,1,0,,,,,,,,,
1291199,2021/22,2021-12-07,"R Premadasa Stadium, Colombo",2,1.4,Galle Gladiators,Kandy Warriors,MD Gunathilaka,BKG Mendis,Al-Amin Hossain,0,0,,,,,,,,,
1291199,2021/22,2021-12-07,"R Premadasa Stadium, Colombo",2,1.5,Galle Gladiators,Kandy Warriors,MD Gunathilaka,BKG Mendis,Al-Amin Hossain,4,0,,,,,,,,,
1291199,2021/22,2021-12-07,"R Premadasa Stadium, Colombo",2,1.6,Galle Gladiators,Kandy Warriors,MD Gunathilaka,BKG Mendis,Al-Amin Hossain,4,0,,,,,,,,,
1291199,2021/22,2021-12-07,"R Premadasa Stadium, Colombo",2,2.1,Galle Gladiators,Kandy Warriors,BKG Mendis,MD Gunathilaka,KIC Asalanka,1,0,,,,,,,,,
1291199,2021/22,2021-12-07,"R Premadasa Stadium, Colombo",2,2.2,Galle Gladiators,Kandy Warriors,MD Gunathilaka,BKG Mendis,KIC Asalanka,0,0,,,,,,,,,
1291199,2021/22,2021-12-07,"R Premadasa Stadium, Colombo",2,2.3,Galle Gladiators,Kandy Warriors,MD Gunathilaka,BKG Mendis,KIC Asalanka,1,0,,,,,,,,,
1291199,2021/22,2021-12-07,"R Premadasa Stadium, Colombo",2,2.4,Galle Gladiators,Kandy Warriors,BKG Mendis,MD Gunathilaka,KIC Asalanka,0,0,,,,,,,,,
1291199,2021/22,2021-12-07,"R Premadasa Stadium, Colombo",2,2.5,Galle Gladiators,Kandy Warriors,BKG Mendis,MD Gunathilaka,KIC Asalanka,0,0,,,,,,,,,
1291199,2021/22,2021-12-07,"R Premadasa Stadium, Colombo",2,2.6,Galle Gladiators,Kandy Warriors,BKG Mendis,MD Gunathilaka,KIC Asalanka,1,0,,,,,,,,,
1291199,2021/22,2021-12-07,"R Premadasa Stadium, Colombo",2,3.1,Galle Gladiators,Kandy Warriors,BKG Mendis,MD Gunathilaka,CBRLS Kumara,1,0,,,,,,,,,
1291199,2021/22,2021-12-07,"R Premadasa Stadium, Colombo",2,3.2,Galle Gladiators,Kandy Warriors,MD Gunathilaka,BKG Mendis,CBRLS Kumara,4,0,,,,,,,,,
1291199,2021/22,2021-12-07,"R Premadasa Stadium, Colombo",2,3.3,Galle Gladiators,Kandy Warriors,MD Gunathilaka,BKG Mendis,CBRLS Kumara,6,0,,,,,,,,,
1291199,2021/22,2021-12-07,"R Premadasa Stadium, Colombo",2,3.4,Galle Gladiators,Kandy Warriors,MD Gunathilaka,BKG Mendis,CBRLS Kumara,6,0,,,,,,,,,
1291199,2021/22,2021-12-07,"R Premadasa Stadium, Colombo",2,3.5,Galle Gladiators,Kandy Warriors,MD Gunathilaka,BKG Mendis,CBRLS Kumara,1,0,,,,,,,,,
1291199,2021/22,2021-12-07,"R Premadasa Stadium, Colombo",2,3.6,Galle Gladiators,Kandy Warriors,BKG Mendis,MD Gunathilaka,CBRLS Kumara,4,0,,,,,,,,,
1291199,2021/22,2021-12-07,"R Premadasa Stadium, Colombo",2,4.1,Galle Gladiators,Kandy Warriors,MD Gunathilaka,BKG Mendis,Tillakaratne Sampath,0,0,,,,,,,,,
1291199,2021/22,2021-12-07,"R Premadasa Stadium, Colombo",2,4.2,Galle Gladiators,Kandy Warriors,MD Gunathilaka,BKG Mendis,Tillakaratne Sampath,0,0,,,,,,,,,
1291199,2021/22,2021-12-07,"R Premadasa Stadium, Colombo",2,4.3,Galle Gladiators,Kandy Warriors,MD Gunathilaka,BKG Mendis,Tillakaratne Sampath,2,0,,,,,,,,,
1291199,2021/22,2021-12-07,"R Premadasa Stadium, Colombo",2,4.4,Galle Gladiators,Kandy Warriors,MD Gunathilaka,BKG Mendis,Tillakaratne Sampath,1,0,,,,,,,,,
1291199,2021/22,2021-12-07,"R Premadasa Stadium, Colombo",2,4.5,Galle Gladiators,Kandy Warriors,BKG Mendis,MD Gunathilaka,Tillakaratne Sampath,0,0,,,,,,,,,
1291199,2021/22,2021-12-07,"R Premadasa Stadium, Colombo",2,4.6,Galle Gladiators,Kandy Warriors,BKG Mendis,MD Gunathilaka,Tillakaratne Sampath,0,0,,,,,,,,,
1291199,2021/22,2021-12-07,"R Premadasa Stadium, Colombo",2,5.1,Galle Gladiators,Kandy Warriors,MD Gunathilaka,BKG Mendis,PHKD Mendis,0,0,,,,,,,,,
1291199,2021/22,2021-12-07,"R Premadasa Stadium, Colombo",2,5.2,Galle Gladiators,Kandy Warriors,MD Gunathilaka,BKG Mendis,PHKD Mendis,1,0,,,,,,,,,
1291199,2021/22,2021-12-07,"R Premadasa Stadium, Colombo",2,5.3,Galle Gladiators,Kandy Warriors,BKG Mendis,MD Gunathilaka,PHKD Mendis,0,0,,,,,,,,,
1291199,2021/22,2021-12-07,"R Premadasa Stadium, Colombo",2,5.4,Galle Gladiators,Kandy Warriors,BKG Mendis,MD Gunathilaka,PHKD Mendis,1,0,,,,,,,,,
1291199,2021/22,2021-12-07,"R Premadasa Stadium, Colombo",2,5.5,Galle Gladiators,Kandy Warriors,MD Gunathilaka,BKG Mendis,PHKD Mendis,0,0,,,,,,,,,
1291199,2021/22,2021-12-07,"R Premadasa Stadium, Colombo",2,5.6,Galle Gladiators,Kandy Warriors,MD Gunathilaka,BKG Mendis,PHKD Mendis,0,0,,,,,,,,,
1291199,2021/22,2021-12-07,"R Premadasa Stadium, Colombo",2,6.1,Galle Gladiators,Kandy Warriors,BKG Mendis,MD Gunathilaka,KIC Asalanka,0,0,,,,,,,,,
1291199,2021/22,2021-12-07,"R Premadasa Stadium, Colombo",2,6.2,Galle Gladiators,Kandy Warriors,BKG Mendis,MD Gunathilaka,KIC Asalanka,1,0,,,,,,,,,
1291199,2021/22,2021-12-07,"R Premadasa Stadium, Colombo",2,6.3,Galle Gladiators,Kandy Warriors,MD Gunathilaka,BKG Mendis,KIC Asalanka,1,0,,,,,,,,,
1291199,2021/22,2021-12-07,"R Premadasa Stadium, Colombo",2,6.4,Galle Gladiators,Kandy Warriors,BKG Mendis,MD Gunathilaka,KIC Asalanka,1,0,,,,,,,,,
1291199,2021/22,2021-12-07,"R Premadasa Stadium, Colombo",2,6.5,Galle Gladiators,Kandy Warriors,MD Gunathilaka,BKG Mendis,KIC Asalanka,1,0,,,,,,,,,
1291199,2021/22,2021-12-07,"R Premadasa Stadium, Colombo",2,6.6,Galle Gladiators,Kandy Warriors,BKG Mendis,MD Gunathilaka,KIC Asalanka,0,0,,,,,,,,,
1291199,2021/22,2021-12-07,"R Premadasa Stadium, Colombo",2,7.1,Galle Gladiators,Kandy Warriors,MD Gunathilaka,BKG Mendis,PHKD Mendis,2,0,,,,,,,,,
1291199,2021/22,2021-12-07,"R Premadasa Stadium, Colombo",2,7.2,Galle Gladiators,Kandy Warriors,MD Gunathilaka,BKG Mendis,PHKD Mendis,1,0,,,,,,,,,
1291199,2021/22,2021-12-07,"R Premadasa Stadium, Colombo",2,7.3,Galle Gladiators,Kandy Warriors,BKG Mendis,MD Gunathilaka,PHKD Mendis,0,3,3,,,,,,,,
1291199,2021/22,2021-12-07,"R Premadasa Stadium, Colombo",2,7.4,Galle Gladiators,Kandy Warriors,BKG Mendis,MD Gunathilaka,PHKD Mendis,0,0,,,,,,lbw,BKG Mendis,,
1291199,2021/22,2021-12-07,"R Premadasa Stadium, Colombo",2,7.5,Galle Gladiators,Kandy Warriors,Mohammad Hafeez,MD Gunathilaka,PHKD Mendis,1,0,,,,,,,,,
1291199,2021/22,2021-12-07,"R Premadasa Stadium, Colombo",2,7.6,Galle Gladiators,Kandy Warriors,MD Gunathilaka,Mohammad Hafeez,PHKD Mendis,1,0,,,,,,,,,
1291199,2021/22,2021-12-07,"R Premadasa Stadium, Colombo",2,7.7,Galle Gladiators,Kandy Warriors,Mohammad Hafeez,MD Gunathilaka,PHKD Mendis,1,0,,,,,,,,,
1291199,2021/22,2021-12-07,"R Premadasa Stadium, Colombo",2,8.1,Galle Gladiators,Kandy Warriors,Mohammad Hafeez,MD Gunathilaka,KIC Asalanka,1,0,,,,,,,,,
1291199,2021/22,2021-12-07,"R Premadasa Stadium, Colombo",2,8.2,Galle Gladiators,Kandy Warriors,MD Gunathilaka,Mohammad Hafeez,KIC Asalanka,1,0,,,,,,,,,
1291199,2021/22,2021-12-07,"R Premadasa Stadium, Colombo",2,8.3,Galle Gladiators,Kandy Warriors,Mohammad Hafeez,MD Gunathilaka,KIC Asalanka,1,0,,,,,,,,,
1291199,2021/22,2021-12-07,"R Premadasa Stadium, Colombo",2,8.4,Galle Gladiators,Kandy Warriors,MD Gunathilaka,Mohammad Hafeez,KIC Asalanka,0,0,,,,,,,,,
1291199,2021/22,2021-12-07,"R Premadasa Stadium, Colombo",2,8.5,Galle Gladiators,Kandy Warriors,MD Gunathilaka,Mohammad Hafeez,KIC Asalanka,1,0,,,,,,,,,
1291199,2021/22,2021-12-07,"R Premadasa Stadium, Colombo",2,8.6,Galle Gladiators,Kandy Warriors,Mohammad Hafeez,MD Gunathilaka,KIC Asalanka,4,0,,,,,,,,,
1291199,2021/22,2021-12-07,"R Premadasa Stadium, Colombo",2,9.1,Galle Gladiators,Kandy Warriors,MD Gunathilaka,Mohammad Hafeez,S Colombage,0,0,,,,,,,,,
1291199,2021/22,2021-12-07,"R Premadasa Stadium, Colombo",2,9.2,Galle Gladiators,Kandy Warriors,MD Gunathilaka,Mohammad Hafeez,S Colombage,1,0,,,,,,,,,
1291199,2021/22,2021-12-07,"R Premadasa Stadium, Colombo",2,9.3,Galle Gladiators,Kandy Warriors,Mohammad Hafeez,MD Gunathilaka,S Colombage,0,4,,,4,,,,,,
1291199,2021/22,2021-12-07,"R Premadasa Stadium, Colombo",2,9.4,Galle Gladiators,Kandy Warriors,Mohammad Hafeez,MD Gunathilaka,S Colombage,0,0,,,,,,,,,
1291199,2021/22,2021-12-07,"R Premadasa Stadium, Colombo",2,9.5,Galle Gladiators,Kandy Warriors,Mohammad Hafeez,MD Gunathilaka,S Colombage,0,0,,,,,,,,,
1291199,2021/22,2021-12-07,"R Premadasa Stadium, Colombo",2,9.6,Galle Gladiators,Kandy Warriors,Mohammad Hafeez,MD Gunathilaka,S Colombage,0,0,,,,,,,,,
1291199,2021/22,2021-12-07,"R Premadasa Stadium, Colombo",2,10.1,Galle Gladiators,Kandy Warriors,MD Gunathilaka,Mohammad Hafeez,Tillakaratne Sampath,1,0,,,,,,,,,
1291199,2021/22,2021-12-07,"R Premadasa Stadium, Colombo",2,10.2,Galle Gladiators,Kandy Warriors,Mohammad Hafeez,MD Gunathilaka,Tillakaratne Sampath,0,0,,,,,,,,,
1291199,2021/22,2021-12-07,"R Premadasa Stadium, Colombo",2,10.3,Galle Gladiators,Kandy Warriors,Mohammad Hafeez,MD Gunathilaka,Tillakaratne Sampath,1,0,,,,,,,,,
1291199,2021/22,2021-12-07,"R Premadasa Stadium, Colombo",2,10.4,Galle Gladiators,Kandy Warriors,MD Gunathilaka,Mohammad Hafeez,Tillakaratne Sampath,1,0,,,,,,,,,
1291199,2021/22,2021-12-07,"R Premadasa Stadium, Colombo",2,10.5,Galle Gladiators,Kandy Warriors,Mohammad Hafeez,MD Gunathilaka,Tillakaratne Sampath,0,0,,,,,,,,,
1291199,2021/22,2021-12-07,"R Premadasa Stadium, Colombo",2,10.6,Galle Gladiators,Kandy Warriors,Mohammad Hafeez,MD Gunathilaka,Tillakaratne Sampath,1,0,,,,,,,,,
1291199,2021/22,2021-12-07,"R Premadasa Stadium, Colombo",2,11.1,Galle Gladiators,Kandy Warriors,Mohammad Hafeez,MD Gunathilaka,S Colombage,0,0,,,,,,,,,
1291199,2021/22,2021-12-07,"R Premadasa Stadium, Colombo",2,11.2,Galle Gladiators,Kandy Warriors,Mohammad Hafeez,MD Gunathilaka,S Colombage,0,0,,,,,,,,,
1291199,2021/22,2021-12-07,"R Premadasa Stadium, Colombo",2,11.3,Galle Gladiators,Kandy Warriors,Mohammad Hafeez,MD Gunathilaka,S Colombage,1,0,,,,,,,,,
1291199,2021/22,2021-12-07,"R Premadasa Stadium, Colombo",2,11.4,Galle Gladiators,Kandy Warriors,MD Gunathilaka,Mohammad Hafeez,S Colombage,0,0,,,,,,caught,MD Gunathilaka,,
1291199,2021/22,2021-12-07,"R Premadasa Stadium, Colombo",2,11.5,Galle Gladiators,Kandy Warriors,BR Dunk,Mohammad Hafeez,S Colombage,0,0,,,,,,,,,
1291199,2021/22,2021-12-07,"R Premadasa Stadium, Colombo",2,11.6,Galle Gladiators,Kandy Warriors,BR Dunk,Mohammad Hafeez,S Colombage,1,0,,,,,,,,,
1291199,2021/22,2021-12-07,"R Premadasa Stadium, Colombo",2,12.1,Galle Gladiators,Kandy Warriors,BR Dunk,Mohammad Hafeez,KIC Asalanka,1,0,,,,,,,,,
1291199,2021/22,2021-12-07,"R Premadasa Stadium, Colombo",2,12.2,Galle Gladiators,Kandy Warriors,Mohammad Hafeez,BR Dunk,KIC Asalanka,1,0,,,,,,,,,
1291199,2021/22,2021-12-07,"R Premadasa Stadium, Colombo",2,12.3,Galle Gladiators,Kandy Warriors,BR Dunk,Mohammad Hafeez,KIC Asalanka,1,0,,,,,,,,,
1291199,2021/22,2021-12-07,"R Premadasa Stadium, Colombo",2,12.4,Galle Gladiators,Kandy Warriors,Mohammad Hafeez,BR Dunk,KIC Asalanka,1,0,,,,,,,,,
1291199,2021/22,2021-12-07,"R Premadasa Stadium, Colombo",2,12.5,Galle Gladiators,Kandy Warriors,BR Dunk,Mohammad Hafeez,KIC Asalanka,0,0,,,,,,lbw,BR Dunk,,
1291199,2021/22,2021-12-07,"R Premadasa Stadium, Colombo",2,12.6,Galle Gladiators,Kandy Warriors,PBB Rajapaksa,Mohammad Hafeez,KIC Asalanka,0,0,,,,,,,,,
1291199,2021/22,2021-12-07,"R Premadasa Stadium, Colombo",2,13.1,Galle Gladiators,Kandy Warriors,Mohammad Hafeez,PBB Rajapaksa,S Colombage,0,0,,,,,,,,,
1291199,2021/22,2021-12-07,"R Premadasa Stadium, Colombo",2,13.2,Galle Gladiators,Kandy Warriors,Mohammad Hafeez,PBB Rajapaksa,S Colombage,0,0,,,,,,,,,
1291199,2021/22,2021-12-07,"R Premadasa Stadium, Colombo",2,13.3,Galle Gladiators,Kandy Warriors,Mohammad Hafeez,PBB Rajapaksa,S Colombage,0,0,,,,,,caught,Mohammad Hafeez,,
1291199,2021/22,2021-12-07,"R Premadasa Stadium, Colombo",2,13.4,Galle Gladiators,Kandy Warriors,PBB Rajapaksa,SR Patel,S Colombage,2,0,,,,,,,,,
1291199,2021/22,2021-12-07,"R Premadasa Stadium, Colombo",2,13.5,Galle Gladiators,Kandy Warriors,PBB Rajapaksa,SR Patel,S Colombage,4,0,,,,,,,,,
1291199,2021/22,2021-12-07,"R Premadasa Stadium, Colombo",2,13.6,Galle Gladiators,Kandy Warriors,PBB Rajapaksa,SR Patel,S Colombage,0,0,,,,,,,,,
1291199,2021/22,2021-12-07,"R Premadasa Stadium, Colombo",2,14.1,Galle Gladiators,Kandy Warriors,SR Patel,PBB Rajapaksa,Tillakaratne Sampath,1,0,,,,,,,,,
1291199,2021/22,2021-12-07,"R Premadasa Stadium, Colombo",2,14.2,Galle Gladiators,Kandy Warriors,PBB Rajapaksa,SR Patel,Tillakaratne Sampath,1,0,,,,,,,,,
1291199,2021/22,2021-12-07,"R Premadasa Stadium, Colombo",2,14.3,Galle Gladiators,Kandy Warriors,SR Patel,PBB Rajapaksa,Tillakaratne Sampath,0,0,,,,,,,,,
1291199,2021/22,2021-12-07,"R Premadasa Stadium, Colombo",2,14.4,Galle Gladiators,Kandy Warriors,SR Patel,PBB Rajapaksa,Tillakaratne Sampath,2,0,,,,,,,,,
1291199,2021/22,2021-12-07,"R Premadasa Stadium, Colombo",2,14.5,Galle Gladiators,Kandy Warriors,SR Patel,PBB Rajapaksa,Tillakaratne Sampath,1,0,,,,,,,,,
1291199,2021/22,2021-12-07,"R Premadasa Stadium, Colombo",2,14.6,Galle Gladiators,Kandy Warriors,PBB Rajapaksa,SR Patel,Tillakaratne Sampath,1,0,,,,,,,,,
1291199,2021/22,2021-12-07,"R Premadasa Stadium, Colombo",2,15.1,Galle Gladiators,Kandy Warriors,PBB Rajapaksa,SR Patel,S Colombage,6,0,,,,,,,,,
1291199,2021/22,2021-12-07,"R Premadasa Stadium, Colombo",2,15.2,Galle Gladiators,Kandy Warriors,PBB Rajapaksa,SR Patel,S Colombage,4,0,,,,,,,,,
1291199,2021/22,2021-12-07,"R Premadasa Stadium, Colombo",2,15.3,Galle Gladiators,Kandy Warriors,PBB Rajapaksa,SR Patel,S Colombage,1,0,,,,,,,,,
1291199,2021/22,2021-12-07,"R Premadasa Stadium, Colombo",2,15.4,Galle Gladiators,Kandy Warriors,SR Patel,PBB Rajapaksa,S Colombage,0,0,,,,,,,,,
1291199,2021/22,2021-12-07,"R Premadasa Stadium, Colombo",2,15.5,Galle Gladiators,Kandy Warriors,SR Patel,PBB Rajapaksa,S Colombage,0,0,,,,,,caught,SR Patel,,
1291199,2021/22,2021-12-07,"R Premadasa Stadium, Colombo",2,15.6,Galle Gladiators,Kandy Warriors,LD Madushanka,PBB Rajapaksa,S Colombage,0,0,,,,,,,,,
1291199,2021/22,2021-12-07,"R Premadasa Stadium, Colombo",2,16.1,Galle Gladiators,Kandy Warriors,PBB Rajapaksa,LD Madushanka,PHKD Mendis,1,0,,,,,,,,,
1291199,2021/22,2021-12-07,"R Premadasa Stadium, Colombo",2,16.2,Galle Gladiators,Kandy Warriors,LD Madushanka,PBB Rajapaksa,PHKD Mendis,0,0,,,,,,,,,
1291199,2021/22,2021-12-07,"R Premadasa Stadium, Colombo",2,16.3,Galle Gladiators,Kandy Warriors,LD Madushanka,PBB Rajapaksa,PHKD Mendis,0,0,,,,,,,,,
1291199,2021/22,2021-12-07,"R Premadasa Stadium, Colombo",2,16.4,Galle Gladiators,Kandy Warriors,LD Madushanka,PBB Rajapaksa,PHKD Mendis,1,0,,,,,,,,,
1291199,2021/22,2021-12-07,"R Premadasa Stadium, Colombo",2,16.5,Galle Gladiators,Kandy Warriors,PBB Rajapaksa,LD Madushanka,PHKD Mendis,1,0,,,,,,,,,
1291199,2021/22,2021-12-07,"R Premadasa Stadium, Colombo",2,16.6,Galle Gladiators,Kandy Warriors,LD Madushanka,PBB Rajapaksa,PHKD Mendis,0,0,,,,,,,,,
1291199,2021/22,2021-12-07,"R Premadasa Stadium, Colombo",2,17.1,Galle Gladiators,Kandy Warriors,PBB Rajapaksa,LD Madushanka,R Powell,1,0,,,,,,,,,
1291199,2021/22,2021-12-07,"R Premadasa Stadium, Colombo",2,17.2,Galle Gladiators,Kandy Warriors,LD Madushanka,PBB Rajapaksa,R Powell,2,0,,,,,,,,,
1291199,2021/22,2021-12-07,"R Premadasa Stadium, Colombo",2,17.3,Galle Gladiators,Kandy Warriors,LD Madushanka,PBB Rajapaksa,R Powell,1,0,,,,,,,,,
1291199,2021/22,2021-12-07,"R Premadasa Stadium, Colombo",2,17.4,Galle Gladiators,Kandy Warriors,PBB Rajapaksa,LD Madushanka,R Powell,0,0,,,,,,bowled,PBB Rajapaksa,,
1291199,2021/22,2021-12-07,"R Premadasa Stadium, Colombo",2,17.5,Galle Gladiators,Kandy Warriors,D Lakshan,LD Madushanka,R Powell,4,0,,,,,,,,,
1291199,2021/22,2021-12-07,"R Premadasa Stadium, Colombo",2,17.6,Galle Gladiators,Kandy Warriors,D Lakshan,LD Madushanka,R Powell,4,0,,,,,,,,,
1291199,2021/22,2021-12-07,"R Premadasa Stadium, Colombo",2,18.1,Galle Gladiators,Kandy Warriors,LD Madushanka,D Lakshan,PHKD Mendis,1,0,,,,,,,,,
1291199,2021/22,2021-12-07,"R Premadasa Stadium, Colombo",2,18.2,Galle Gladiators,Kandy Warriors,D Lakshan,LD Madushanka,PHKD Mendis,1,0,,,,,,,,,
1291199,2021/22,2021-12-07,"R Premadasa Stadium, Colombo",2,18.3,Galle Gladiators,Kandy Warriors,LD Madushanka,D Lakshan,PHKD Mendis,6,0,,,,,,,,,
1291199,2021/22,2021-12-07,"R Premadasa Stadium, Colombo",2,18.4,Galle Gladiators,Kandy Warriors,LD Madushanka,D Lakshan,PHKD Mendis,1,0,,,,,,,,,
1291199,2021/22,2021-12-07,"R Premadasa Stadium, Colombo",2,18.5,Galle Gladiators,Kandy Warriors,D Lakshan,LD Madushanka,PHKD Mendis,1,0,,,,,,,,,
1291199,2021/22,2021-12-07,"R Premadasa Stadium, Colombo",2,18.6,Galle Gladiators,Kandy Warriors,LD Madushanka,D Lakshan,PHKD Mendis,0,1,,,,1,,,,,
1291199,2021/22,2021-12-07,"R Premadasa Stadium, Colombo",2,19.1,Galle Gladiators,Kandy Warriors,LD Madushanka,D Lakshan,AK Perera,6,0,,,,,,,,,
1291199,2021/22,2021-12-07,"R Premadasa Stadium, Colombo",2,19.2,Galle Gladiators,Kandy Warriors,LD Madushanka,D Lakshan,AK Perera,4,0,,,,,,,,,
