match_id,season,start_date,venue,innings,ball,batting_team,bowling_team,striker,non_striker,bowler,runs_off_bat,extras,wides,noballs,byes,legbyes,penalty,wicket_type,player_dismissed,other_wicket_type,other_player_dismissed
1324523,2022/23,2022-12-08,"Mahinda Rajapaksa International Cricket Stadium, Sooriyawewa, Hambantota",1,0.1,Colombo Stars,Dambulla Aura,N Dickwella,AD Mathews,CBRLS Kumara,4,0,,,,,,,,,
1324523,2022/23,2022-12-08,"Mahinda Rajapaksa International Cricket Stadium, Sooriyawewa, Hambantota",1,0.2,Colombo Stars,Dambulla Aura,N Dickwella,AD Mathews,CBRLS Kumara,1,0,,,,,,,,,
1324523,2022/23,2022-12-08,"Mahinda Rajapaksa International Cricket Stadium, Sooriyawewa, Hambantota",1,0.3,Colombo Stars,Dambulla Aura,AD Mathews,N Dickwella,CBRLS Kumara,4,0,,,,,,,,,
1324523,2022/23,2022-12-08,"Mahinda Rajapaksa International Cricket Stadium, Sooriyawewa, Hambantota",1,0.4,Colombo Stars,Dambulla Aura,AD Mathews,N Dickwella,CBRLS Kumara,0,0,,,,,,,,,
1324523,2022/23,2022-12-08,"Mahinda Rajapaksa International Cricket Stadium, Sooriyawewa, Hambantota",1,0.5,Colombo Stars,Dambulla Aura,AD Mathews,N Dickwella,CBRLS Kumara,0,0,,,,,,caught,AD Mathews,,
1324523,2022/23,2022-12-08,"Mahinda Rajapaksa International Cricket Stadium, Sooriyawewa, Hambantota",1,0.6,Colombo Stars,Dambulla Aura,ND Paranavithana,N Dickwella,CBRLS Kumara,0,0,,,,,,lbw,ND Paranavithana,,
1324523,2022/23,2022-12-08,"Mahinda Rajapaksa International Cricket Stadium, Sooriyawewa, Hambantota",1,1.1,Colombo Stars,Dambulla Aura,N Dickwella,KIC Asalanka,Sikandar Raza,0,0,,,,,,,,,
1324523,2022/23,2022-12-08,"Mahinda Rajapaksa International Cricket Stadium, Sooriyawewa, Hambantota",1,1.2,Colombo Stars,Dambulla Aura,N Dickwella,KIC Asalanka,Sikandar Raza,4,0,,,,,,,,,
1324523,2022/23,2022-12-08,"Mahinda Rajapaksa International Cricket Stadium, Sooriyawewa, Hambantota",1,1.3,Colombo Stars,Dambulla Aura,N Dickwella,KIC Asalanka,Sikandar Raza,0,0,,,,,,,,,
1324523,2022/23,2022-12-08,"Mahinda Rajapaksa International Cricket Stadium, Sooriyawewa, Hambantota",1,1.4,Colombo Stars,Dambulla Aura,N Dickwella,KIC Asalanka,Sikandar Raza,0,0,,,,,,,,,
1324523,2022/23,2022-12-08,"Mahinda Rajapaksa International Cricket Stadium, Sooriyawewa, Hambantota",1,1.5,Colombo Stars,Dambulla Aura,N Dickwella,KIC Asalanka,Sikandar Raza,6,0,,,,,,,,,
1324523,2022/23,2022-12-08,"Mahinda Rajapaksa International Cricket Stadium, Sooriyawewa, Hambantota",1,1.6,Colombo Stars,Dambulla Aura,N Dickwella,KIC Asalanka,Sikandar Raza,0,0,,,,,,,,,
1324523,2022/23,2022-12-08,"Mahinda Rajapaksa International Cricket Stadium, Sooriyawewa, Hambantota",1,2.1,Colombo Stars,Dambulla Aura,KIC Asalanka,N Dickwella,CBRLS Kumara,0,0,,,,,,,,,
1324523,2022/23,2022-12-08,"Mahinda Rajapaksa International Cricket Stadium, Sooriyawewa, Hambantota",1,2.2,Colombo Stars,Dambulla Aura,KIC Asalanka,N Dickwella,CBRLS Kumara,0,0,,,,,,,,,
1324523,2022/23,2022-12-08,"Mahinda Rajapaksa International Cricket Stadium, Sooriyawewa, Hambantota",1,2.3,Colombo Stars,Dambulla Aura,KIC Asalanka,N Dickwella,CBRLS Kumara,0,0,,,,,,,,,
1324523,2022/23,2022-12-08,"Mahinda Rajapaksa International Cricket Stadium, Sooriyawewa, Hambantota",1,2.4,Colombo Stars,Dambulla Aura,KIC Asalanka,N Dickwella,CBRLS Kumara,0,0,,,,,,,,,
1324523,2022/23,2022-12-08,"Mahinda Rajapaksa International Cricket Stadium, Sooriyawewa, Hambantota",1,2.5,Colombo Stars,Dambulla Aura,KIC Asalanka,N Dickwella,CBRLS Kumara,0,1,1,,,,,,,,
1324523,2022/23,2022-12-08,"Mahinda Rajapaksa International Cricket Stadium, Sooriyawewa, Hambantota",1,2.6,Colombo Stars,Dambulla Aura,KIC Asalanka,N Dickwella,CBRLS Kumara,6,0,,,,,,,,,
1324523,2022/23,2022-12-08,"Mahinda Rajapaksa International Cricket Stadium, Sooriyawewa, Hambantota",1,2.7,Colombo Stars,Dambulla Aura,KIC Asalanka,N Dickwella,CBRLS Kumara,0,0,,,,,,caught,KIC Asalanka,,
1324523,2022/23,2022-12-08,"Mahinda Rajapaksa International Cricket Stadium, Sooriyawewa, Hambantota",1,3.1,Colombo Stars,Dambulla Aura,N Dickwella,RS Bopara,KTH Ratnayake,1,0,,,,,,,,,
1324523,2022/23,2022-12-08,"Mahinda Rajapaksa International Cricket Stadium, Sooriyawewa, Hambantota",1,3.2,Colombo Stars,Dambulla Aura,RS Bopara,N Dickwella,KTH Ratnayake,4,0,,,,,,,,,
1324523,2022/23,2022-12-08,"Mahinda Rajapaksa International Cricket Stadium, Sooriyawewa, Hambantota",1,3.3,Colombo Stars,Dambulla Aura,RS Bopara,N Dickwella,KTH Ratnayake,1,0,,,,,,,,,
1324523,2022/23,2022-12-08,"Mahinda Rajapaksa International Cricket Stadium, Sooriyawewa, Hambantota",1,3.4,Colombo Stars,Dambulla Aura,N Dickwella,RS Bopara,KTH Ratnayake,0,0,,,,,,,,,
1324523,2022/23,2022-12-08,"Mahinda Rajapaksa International Cricket Stadium, Sooriyawewa, Hambantota",1,3.5,Colombo Stars,Dambulla Aura,N Dickwella,RS Bopara,KTH Ratnayake,0,0,,,,,,,,,
1324523,2022/23,2022-12-08,"Mahinda Rajapaksa International Cricket Stadium, Sooriyawewa, Hambantota",1,3.6,Colombo Stars,Dambulla Aura,N Dickwella,RS Bopara,KTH Ratnayake,1,0,,,,,,,,,
1324523,2022/23,2022-12-08,"Mahinda Rajapaksa International Cricket Stadium, Sooriyawewa, Hambantota",1,4.1,Colombo Stars,Dambulla Aura,N Dickwella,RS Bopara,CBRLS Kumara,6,0,,,,,,,,,
1324523,2022/23,2022-12-08,"Mahinda Rajapaksa International Cricket Stadium, Sooriyawewa, Hambantota",1,4.2,Colombo Stars,Dambulla Aura,N Dickwella,RS Bopara,CBRLS Kumara,0,0,,,,,,,,,
1324523,2022/23,2022-12-08,"Mahinda Rajapaksa International Cricket Stadium, Sooriyawewa, Hambantota",1,4.3,Colombo Stars,Dambulla Aura,N Dickwella,RS Bopara,CBRLS Kumara,0,1,,,,1,,,,,
1324523,2022/23,2022-12-08,"Mahinda Rajapaksa International Cricket Stadium, Sooriyawewa, Hambantota",1,4.4,Colombo Stars,Dambulla Aura,RS Bopara,N Dickwella,CBRLS Kumara,0,0,,,,,,,,,
1324523,2022/23,2022-12-08,"Mahinda Rajapaksa International Cricket Stadium, Sooriyawewa, Hambantota",1,4.5,Colombo Stars,Dambulla Aura,RS Bopara,N Dickwella,CBRLS Kumara,1,0,,,,,,,,,
1324523,2022/23,2022-12-08,"Mahinda Rajapaksa International Cricket Stadium, Sooriyawewa, Hambantota",1,4.6,Colombo Stars,Dambulla Aura,N Dickwella,RS Bopara,CBRLS Kumara,0,0,,,,,,,,,
1324523,2022/23,2022-12-08,"Mahinda Rajapaksa International Cricket Stadium, Sooriyawewa, Hambantota",1,5.1,Colombo Stars,Dambulla Aura,RS Bopara,N Dickwella,LD Madushanka,1,0,,,,,,,,,
1324523,2022/23,2022-12-08,"Mahinda Rajapaksa International Cricket Stadium, Sooriyawewa, Hambantota",1,5.2,Colombo Stars,Dambulla Aura,N Dickwella,RS Bopara,LD Madushanka,1,0,,,,,,,,,
1324523,2022/23,2022-12-08,"Mahinda Rajapaksa International Cricket Stadium, Sooriyawewa, Hambantota",1,5.3,Colombo Stars,Dambulla Aura,RS Bopara,N Dickwella,LD Madushanka,0,0,,,,,,,,,
1324523,2022/23,2022-12-08,"Mahinda Rajapaksa International Cricket Stadium, Sooriyawewa, Hambantota",1,5.4,Colombo Stars,Dambulla Aura,RS Bopara,N Dickwella,LD Madushanka,1,0,,,,,,,,,
1324523,2022/23,2022-12-08,"Mahinda Rajapaksa International Cricket Stadium, Sooriyawewa, Hambantota",1,5.5,Colombo Stars,Dambulla Aura,N Dickwella,RS Bopara,LD Madushanka,0,0,,,,,,,,,
1324523,2022/23,2022-12-08,"Mahinda Rajapaksa International Cricket Stadium, Sooriyawewa, Hambantota",1,5.6,Colombo Stars,Dambulla Aura,N Dickwella,RS Bopara,LD Madushanka,4,0,,,,,,,,,
1324523,2022/23,2022-12-08,"Mahinda Rajapaksa International Cricket Stadium, Sooriyawewa, Hambantota",1,6.1,Colombo Stars,Dambulla Aura,RS Bopara,N Dickwella,MD Shanaka,0,0,,,,,,,,,
1324523,2022/23,2022-12-08,"Mahinda Rajapaksa International Cricket Stadium, Sooriyawewa, Hambantota",1,6.2,Colombo Stars,Dambulla Aura,RS Bopara,N Dickwella,MD Shanaka,0,0,,,,,,,,,
1324523,2022/23,2022-12-08,"Mahinda Rajapaksa International Cricket Stadium, Sooriyawewa, Hambantota",1,6.3,Colombo Stars,Dambulla Aura,RS Bopara,N Dickwella,MD Shanaka,1,0,,,,,,,,,
1324523,2022/23,2022-12-08,"Mahinda Rajapaksa International Cricket Stadium, Sooriyawewa, Hambantota",1,6.4,Colombo Stars,Dambulla Aura,N Dickwella,RS Bopara,MD Shanaka,1,0,,,,,,,,,
1324523,2022/23,2022-12-08,"Mahinda Rajapaksa International Cricket Stadium, Sooriyawewa, Hambantota",1,6.5,Colombo Stars,Dambulla Aura,RS Bopara,N Dickwella,MD Shanaka,0,1,1,,,,,,,,
1324523,2022/23,2022-12-08,"Mahinda Rajapaksa International Cricket Stadium, Sooriyawewa, Hambantota",1,6.6,Colombo Stars,Dambulla Aura,RS Bopara,N Dickwella,MD Shanaka,1,0,,,,,,,,,
1324523,2022/23,2022-12-08,"Mahinda Rajapaksa International Cricket Stadium, Sooriyawewa, Hambantota",1,6.7,Colombo Stars,Dambulla Aura,N Dickwella,RS Bopara,MD Shanaka,0,0,,,,,,,,,
1324523,2022/23,2022-12-08,"Mahinda Rajapaksa International Cricket Stadium, Sooriyawewa, Hambantota",1,7.1,Colombo Stars,Dambulla Aura,RS Bopara,N Dickwella,Noor Ahmad,1,0,,,,,,,,,
1324523,2022/23,2022-12-08,"Mahinda Rajapaksa International Cricket Stadium, Sooriyawewa, Hambantota",1,7.2,Colombo Stars,Dambulla Aura,N Dickwella,RS Bopara,Noor Ahmad,0,0,,,,,,,,,
1324523,2022/23,2022-12-08,"Mahinda Rajapaksa International Cricket Stadium, Sooriyawewa, Hambantota",1,7.3,Colombo Stars,Dambulla Aura,N Dickwella,RS Bopara,Noor Ahmad,4,0,,,,,,,,,
1324523,2022/23,2022-12-08,"Mahinda Rajapaksa International Cricket Stadium, Sooriyawewa, Hambantota",1,7.4,Colombo Stars,Dambulla Aura,N Dickwella,RS Bopara,Noor Ahmad,2,0,,,,,,,,,
1324523,2022/23,2022-12-08,"Mahinda Rajapaksa International Cricket Stadium, Sooriyawewa, Hambantota",1,7.5,Colombo Stars,Dambulla Aura,N Dickwella,RS Bopara,Noor Ahmad,1,0,,,,,,,,,
1324523,2022/23,2022-12-08,"Mahinda Rajapaksa International Cricket Stadium, Sooriyawewa, Hambantota",1,7.6,Colombo Stars,Dambulla Aura,RS Bopara,N Dickwella,Noor Ahmad,0,0,,,,,,,,,
1324523,2022/23,2022-12-08,"Mahinda Rajapaksa International Cricket Stadium, Sooriyawewa, Hambantota",1,8.1,Colombo Stars,Dambulla Aura,N Dickwella,RS Bopara,PC de Silva,1,0,,,,,,,,,
1324523,2022/23,2022-12-08,"Mahinda Rajapaksa International Cricket Stadium, Sooriyawewa, Hambantota",1,8.2,Colombo Stars,Dambulla Aura,RS Bopara,N Dickwella,PC de Silva,1,0,,,,,,,,,
1324523,2022/23,2022-12-08,"Mahinda Rajapaksa International Cricket Stadium, Sooriyawewa, Hambantota",1,8.3,Colombo Stars,Dambulla Aura,N Dickwella,RS Bopara,PC de Silva,1,0,,,,,,,,,
1324523,2022/23,2022-12-08,"Mahinda Rajapaksa International Cricket Stadium, Sooriyawewa, Hambantota",1,8.4,Colombo Stars,Dambulla Aura,RS Bopara,N Dickwella,PC de Silva,1,0,,,,,,,,,
1324523,2022/23,2022-12-08,"Mahinda Rajapaksa International Cricket Stadium, Sooriyawewa, Hambantota",1,8.5,Colombo Stars,Dambulla Aura,N Dickwella,RS Bopara,PC de Silva,2,0,,,,,,,,,
1324523,2022/23,2022-12-08,"Mahinda Rajapaksa International Cricket Stadium, Sooriyawewa, Hambantota",1,8.6,Colombo Stars,Dambulla Aura,N Dickwella,RS Bopara,PC de Silva,0,0,,,,,,,,,
1324523,2022/23,2022-12-08,"Mahinda Rajapaksa International Cricket Stadium, Sooriyawewa, Hambantota",1,9.1,Colombo Stars,Dambulla Aura,RS Bopara,N Dickwella,Noor Ahmad,0,0,,,,,,,,,
1324523,2022/23,2022-12-08,"Mahinda Rajapaksa International Cricket Stadium, Sooriyawewa, Hambantota",1,9.2,Colombo Stars,Dambulla Aura,RS Bopara,N Dickwella,Noor Ahmad,0,0,,,,,,,,,
1324523,2022/23,2022-12-08,"Mahinda Rajapaksa International Cricket Stadium, Sooriyawewa, Hambantota",1,9.3,Colombo Stars,Dambulla Aura,RS Bopara,N Dickwella,Noor Ahmad,1,0,,,,,,,,,
1324523,2022/23,2022-12-08,"Mahinda Rajapaksa International Cricket Stadium, Sooriyawewa, Hambantota",1,9.4,Colombo Stars,Dambulla Aura,N Dickwella,RS Bopara,Noor Ahmad,0,0,,,,,,,,,
1324523,2022/23,2022-12-08,"Mahinda Rajapaksa International Cricket Stadium, Sooriyawewa, Hambantota",1,9.5,Colombo Stars,Dambulla Aura,N Dickwella,RS Bopara,Noor Ahmad,1,0,,,,,,,,,
1324523,2022/23,2022-12-08,"Mahinda Rajapaksa International Cricket Stadium, Sooriyawewa, Hambantota",1,9.6,Colombo Stars,Dambulla Aura,RS Bopara,N Dickwella,Noor Ahmad,1,0,,,,,,,,,
1324523,2022/23,2022-12-08,"Mahinda Rajapaksa International Cricket Stadium, Sooriyawewa, Hambantota",1,10.1,Colombo Stars,Dambulla Aura,RS Bopara,N Dickwella,PC de Silva,6,0,,,,,,,,,
1324523,2022/23,2022-12-08,"Mahinda Rajapaksa International Cricket Stadium, Sooriyawewa, Hambantota",1,10.2,Colombo Stars,Dambulla Aura,RS Bopara,N Dickwella,PC de Silva,0,0,,,,,,,,,
1324523,2022/23,2022-12-08,"Mahinda Rajapaksa International Cricket Stadium, Sooriyawewa, Hambantota",1,10.3,Colombo Stars,Dambulla Aura,RS Bopara,N Dickwella,PC de Silva,0,0,,,,,,,,,
1324523,2022/23,2022-12-08,"Mahinda Rajapaksa International Cricket Stadium, Sooriyawewa, Hambantota",1,10.4,Colombo Stars,Dambulla Aura,RS Bopara,N Dickwella,PC de Silva,4,0,,,,,,,,,
1324523,2022/23,2022-12-08,"Mahinda Rajapaksa International Cricket Stadium, Sooriyawewa, Hambantota",1,10.5,Colombo Stars,Dambulla Aura,RS Bopara,N Dickwella,PC de Silva,0,0,,,,,,,,,
1324523,2022/23,2022-12-08,"Mahinda Rajapaksa International Cricket Stadium, Sooriyawewa, Hambantota",1,10.6,Colombo Stars,Dambulla Aura,RS Bopara,N Dickwella,PC de Silva,1,0,,,,,,run out,RS Bopara,,
1324523,2022/23,2022-12-08,"Mahinda Rajapaksa International Cricket Stadium, Sooriyawewa, Hambantota",1,11.1,Colombo Stars,Dambulla Aura,N Dickwella,LD Chandimal,Noor Ahmad,1,0,,,,,,,,,
1324523,2022/23,2022-12-08,"Mahinda Rajapaksa International Cricket Stadium, Sooriyawewa, Hambantota",1,11.2,Colombo Stars,Dambulla Aura,LD Chandimal,N Dickwella,Noor Ahmad,1,0,,,,,,,,,
1324523,2022/23,2022-12-08,"Mahinda Rajapaksa International Cricket Stadium, Sooriyawewa, Hambantota",1,11.3,Colombo Stars,Dambulla Aura,N Dickwella,LD Chandimal,Noor Ahmad,4,0,,,,,,,,,
1324523,2022/23,2022-12-08,"Mahinda Rajapaksa International Cricket Stadium, Sooriyawewa, Hambantota",1,11.4,Colombo Stars,Dambulla Aura,N Dickwella,LD Chandimal,Noor Ahmad,4,0,,,,,,,,,
1324523,2022/23,2022-12-08,"Mahinda Rajapaksa International Cricket Stadium, Sooriyawewa, Hambantota",1,11.5,Colombo Stars,Dambulla Aura,N Dickwella,LD Chandimal,Noor Ahmad,1,0,,,,,,,,,
1324523,2022/23,2022-12-08,"Mahinda Rajapaksa International Cricket Stadium, Sooriyawewa, Hambantota",1,11.6,Colombo Stars,Dambulla Aura,LD Chandimal,N Dickwella,Noor Ahmad,1,0,,,,,,,,,
1324523,2022/23,2022-12-08,"Mahinda Rajapaksa International Cricket Stadium, Sooriyawewa, Hambantota",1,12.1,Colombo Stars,Dambulla Aura,LD Chandimal,N Dickwella,MD Shanaka,4,0,,,,,,,,,
1324523,2022/23,2022-12-08,"Mahinda Rajapaksa International Cricket Stadium, Sooriyawewa, Hambantota",1,12.2,Colombo Stars,Dambulla Aura,LD Chandimal,N Dickwella,MD Shanaka,1,0,,,,,,,,,
1324523,2022/23,2022-12-08,"Mahinda Rajapaksa International Cricket Stadium, Sooriyawewa, Hambantota",1,12.3,Colombo Stars,Dambulla Aura,N Dickwella,LD Chandimal,MD Shanaka,4,0,,,,,,,,,
1324523,2022/23,2022-12-08,"Mahinda Rajapaksa International Cricket Stadium, Sooriyawewa, Hambantota",1,12.4,Colombo Stars,Dambulla Aura,N Dickwella,LD Chandimal,MD Shanaka,1,0,,,,,,,,,
1324523,2022/23,2022-12-08,"Mahinda Rajapaksa International Cricket Stadium, Sooriyawewa, Hambantota",1,12.5,Colombo Stars,Dambulla Aura,LD Chandimal,N Dickwella,MD Shanaka,0,1,1,,,,,,,,
1324523,2022/23,2022-12-08,"Mahinda Rajapaksa International Cricket Stadium, Sooriyawewa, Hambantota",1,12.6,Colombo Stars,Dambulla Aura,LD Chandimal,N Dickwella,MD Shanaka,1,0,,,,,,,,,
1324523,2022/23,2022-12-08,"Mahinda Rajapaksa International Cricket Stadium, Sooriyawewa, Hambantota",1,12.7,Colombo Stars,Dambulla Aura,N Dickwella,LD Chandimal,MD Shanaka,4,0,,,,,,,,,
1324523,2022/23,2022-12-08,"Mahinda Rajapaksa International Cricket Stadium, Sooriyawewa, Hambantota",1,13.1,Colombo Stars,Dambulla Aura,LD Chandimal,N Dickwella,Sikandar Raza,1,0,,,,,,,,,
1324523,2022/23,2022-12-08,"Mahinda Rajapaksa International Cricket Stadium, Sooriyawewa, Hambantota",1,13.2,Colombo Stars,Dambulla Aura,N Dickwella,LD Chandimal,Sikandar Raza,1,0,,,,,,,,,
1324523,2022/23,2022-12-08,"Mahinda Rajapaksa International Cricket Stadium, Sooriyawewa, Hambantota",1,13.3,Colombo Stars,Dambulla Aura,LD Chandimal,N Dickwella,Sikandar Raza,1,0,,,,,,,,,
1324523,2022/23,2022-12-08,"Mahinda Rajapaksa International Cricket Stadium, Sooriyawewa, Hambantota",1,13.4,Colombo Stars,Dambulla Aura,N Dickwella,LD Chandimal,Sikandar Raza,1,0,,,,,,,,,
1324523,2022/23,2022-12-08,"Mahinda Rajapaksa International Cricket Stadium, Sooriyawewa, Hambantota",1,13.5,Colombo Stars,Dambulla Aura,LD Chandimal,N Dickwella,Sikandar Raza,0,0,,,,,,,,,
1324523,2022/23,2022-12-08,"Mahinda Rajapaksa International Cricket Stadium, Sooriyawewa, Hambantota",1,13.6,Colombo Stars,Dambulla Aura,LD Chandimal,N Dickwella,Sikandar Raza,1,0,,,,,,,,,
1324523,2022/23,2022-12-08,"Mahinda Rajapaksa International Cricket Stadium, Sooriyawewa, Hambantota",1,14.1,Colombo Stars,Dambulla Aura,LD Chandimal,N Dickwella,KTH Ratnayake,0,0,,,,,,,,,
1324523,2022/23,2022-12-08,"Mahinda Rajapaksa International Cricket Stadium, Sooriyawewa, Hambantota",1,14.2,Colombo Stars,Dambulla Aura,LD Chandimal,N Dickwella,KTH Ratnayake,1,0,,,,,,,,,
1324523,2022/23,2022-12-08,"Mahinda Rajapaksa International Cricket Stadium, Sooriyawewa, Hambantota",1,14.3,Colombo Stars,Dambulla Aura,N Dickwella,LD Chandimal,KTH Ratnayake,0,0,,,,,,caught,N Dickwella,,
1324523,2022/23,2022-12-08,"Mahinda Rajapaksa International Cricket Stadium, Sooriyawewa, Hambantota",1,14.4,Colombo Stars,Dambulla Aura,Karim Janat,LD Chandimal,KTH Ratnayake,0,0,,,,,,,,,
1324523,2022/23,2022-12-08,"Mahinda Rajapaksa International Cricket Stadium, Sooriyawewa, Hambantota",1,14.5,Colombo Stars,Dambulla Aura,Karim Janat,LD Chandimal,KTH Ratnayake,1,0,,,,,,,,,
1324523,2022/23,2022-12-08,"Mahinda Rajapaksa International Cricket Stadium, Sooriyawewa, Hambantota",1,14.6,Colombo Stars,Dambulla Aura,LD Chandimal,Karim Janat,KTH Ratnayake,0,0,,,,,,,,,
1324523,2022/23,2022-12-08,"Mahinda Rajapaksa International Cricket Stadium, Sooriyawewa, Hambantota",1,15.1,Colombo Stars,Dambulla Aura,Karim Janat,LD Chandimal,Sikandar Raza,1,0,,,,,,,,,
1324523,2022/23,2022-12-08,"Mahinda Rajapaksa International Cricket Stadium, Sooriyawewa, Hambantota",1,15.2,Colombo Stars,Dambulla Aura,LD Chandimal,Karim Janat,Sikandar Raza,0,0,,,,,,,,,
1324523,2022/23,2022-12-08,"Mahinda Rajapaksa International Cricket Stadium, Sooriyawewa, Hambantota",1,15.3,Colombo Stars,Dambulla Aura,LD Chandimal,Karim Janat,Sikandar Raza,1,0,,,,,,,,,
1324523,2022/23,2022-12-08,"Mahinda Rajapaksa International Cricket Stadium, Sooriyawewa, Hambantota",1,15.4,Colombo Stars,Dambulla Aura,Karim Janat,LD Chandimal,Sikandar Raza,0,0,,,,,,bowled,Karim Janat,,
1324523,2022/23,2022-12-08,"Mahinda Rajapaksa International Cricket Stadium, Sooriyawewa, Hambantota",1,15.5,Colombo Stars,Dambulla Aura,DC Drakes,LD Chandimal,Sikandar Raza,0,0,,,,,,,,,
1324523,2022/23,2022-12-08,"Mahinda Rajapaksa International Cricket Stadium, Sooriyawewa, Hambantota",1,15.6,Colombo Stars,Dambulla Aura,DC Drakes,LD Chandimal,Sikandar Raza,4,0,,,,,,,,,
1324523,2022/23,2022-12-08,"Mahinda Rajapaksa International Cricket Stadium, Sooriyawewa, Hambantota",1,16.1,Colombo Stars,Dambulla Aura,LD Chandimal,DC Drakes,KTH Ratnayake,1,0,,,,,,,,,
1324523,2022/23,2022-12-08,"Mahinda Rajapaksa International Cricket Stadium, Sooriyawewa, Hambantota",1,16.2,Colombo Stars,Dambulla Aura,DC Drakes,LD Chandimal,KTH Ratnayake,1,0,,,,,,,,,
1324523,2022/23,2022-12-08,"Mahinda Rajapaksa International Cricket Stadium, Sooriyawewa, Hambantota",1,16.3,Colombo Stars,Dambulla Aura,LD Chandimal,DC Drakes,KTH Ratnayake,1,0,,,,,,,,,
1324523,2022/23,2022-12-08,"Mahinda Rajapaksa International Cricket Stadium, Sooriyawewa, Hambantota",1,16.4,Colombo Stars,Dambulla Aura,DC Drakes,LD Chandimal,KTH Ratnayake,1,0,,,,,,,,,
1324523,2022/23,2022-12-08,"Mahinda Rajapaksa International Cricket Stadium, Sooriyawewa, Hambantota",1,16.5,Colombo Stars,Dambulla Aura,LD Chandimal,DC Drakes,KTH Ratnayake,6,0,,,,,,,,,
1324523,2022/23,2022-12-08,"Mahinda Rajapaksa International Cricket Stadium, Sooriyawewa, Hambantota",1,16.6,Colombo Stars,Dambulla Aura,LD Chandimal,DC Drakes,KTH Ratnayake,1,0,,,,,,,,,
1324523,2022/23,2022-12-08,"Mahinda Rajapaksa International Cricket Stadium, Sooriyawewa, Hambantota",1,17.1,Colombo Stars,Dambulla Aura,LD Chandimal,DC Drakes,Sikandar Raza,1,0,,,,,,,,,
1324523,2022/23,2022-12-08,"Mahinda Rajapaksa International Cricket Stadium, Sooriyawewa, Hambantota",1,17.2,Colombo Stars,Dambulla Aura,DC Drakes,LD Chandimal,Sikandar Raza,2,0,,,,,,,,,
1324523,2022/23,2022-12-08,"Mahinda Rajapaksa International Cricket Stadium, Sooriyawewa, Hambantota",1,17.3,Colombo Stars,Dambulla Aura,DC Drakes,LD Chandimal,Sikandar Raza,6,0,,,,,,,,,
1324523,2022/23,2022-12-08,"Mahinda Rajapaksa International Cricket Stadium, Sooriyawewa, Hambantota",1,17.4,Colombo Stars,Dambulla Aura,DC Drakes,LD Chandimal,Sikandar Raza,0,0,,,,,,,,,
1324523,2022/23,2022-12-08,"Mahinda Rajapaksa International Cricket Stadium, Sooriyawewa, Hambantota",1,17.5,Colombo Stars,Dambulla Aura,DC Drakes,LD Chandimal,Sikandar Raza,0,1,1,,,,,,,,
1324523,2022/23,2022-12-08,"Mahinda Rajapaksa International Cricket Stadium, Sooriyawewa, Hambantota",1,17.6,Colombo Stars,Dambulla Aura,DC Drakes,LD Chandimal,Sikandar Raza,0,0,,,,,,,,,
1324523,2022/23,2022-12-08,"Mahinda Rajapaksa International Cricket Stadium, Sooriyawewa, Hambantota",1,17.7,Colombo Stars,Dambulla Aura,DC Drakes,LD Chandimal,Sikandar Raza,0,0,,,,,,,,,
1324523,2022/23,2022-12-08,"Mahinda Rajapaksa International Cricket Stadium, Sooriyawewa, Hambantota",1,18.1,Colombo Stars,Dambulla Aura,LD Chandimal,DC Drakes,CBRLS Kumara,0,1,1,,,,,,,,
1324523,2022/23,2022-12-08,"Mahinda Rajapaksa International Cricket Stadium, Sooriyawewa, Hambantota",1,18.2,Colombo Stars,Dambulla Aura,LD Chandimal,DC Drakes,CBRLS Kumara,1,0,,,,,,,,,
1324523,2022/23,2022-12-08,"Mahinda Rajapaksa International Cricket Stadium, Sooriyawewa, Hambantota",1,18.3,Colombo Stars,Dambulla Aura,DC Drakes,LD Chandimal,CBRLS Kumara,0,0,,,,,,,,,
1324523,2022/23,2022-12-08,"Mahinda Rajapaksa International Cricket Stadium, Sooriyawewa, Hambantota",1,18.4,Colombo Stars,Dambulla Aura,DC Drakes,LD Chandimal,CBRLS Kumara,4,0,,,,,,,,,
1324523,2022/23,2022-12-08,"Mahinda Rajapaksa International Cricket Stadium, Sooriyawewa, Hambantota",1,18.5,Colombo Stars,Dambulla Aura,DC Drakes,LD Chandimal,CBRLS Kumara,0,0,,,,,,caught,DC Drakes,,
1324523,2022/23,2022-12-08,"Mahinda Rajapaksa International Cricket Stadium, Sooriyawewa, Hambantota",1,18.6,Colombo Stars,Dambulla Aura,RAS Lakmal,LD Chandimal,CBRLS Kumara,6,0,,,,,,,,,
1324523,2022/23,2022-12-08,"Mahinda Rajapaksa International Cricket Stadium, Sooriyawewa, Hambantota",1,18.7,Colombo Stars,Dambulla Aura,RAS Lakmal,LD Chandimal,CBRLS Kumara,0,1,1,,,,,,,,
1324523,2022/23,2022-12-08,"Mahinda Rajapaksa International Cricket Stadium, Sooriyawewa, Hambantota",1,18.8,Colombo Stars,Dambulla Aura,RAS Lakmal,LD Chandimal,CBRLS Kumara,0,0,,,,,,,,,
1324523,2022/23,2022-12-08,"Mahinda Rajapaksa International Cricket Stadium, Sooriyawewa, Hambantota",1,19.1,Colombo Stars,Dambulla Aura,LD Chandimal,RAS Lakmal,LD Madushanka,4,0,,,,,,,,,
1324523,2022/23,2022-12-08,"Mahinda Rajapaksa International Cricket Stadium, Sooriyawewa, Hambantota",1,19.2,Colombo Stars,Dambulla Aura,LD Chandimal,RAS Lakmal,LD Madushanka,0,0,,,,,,,,,
1324523,2022/23,2022-12-08,"Mahinda Rajapaksa International Cricket Stadium, Sooriyawewa, Hambantota",1,19.3,Colombo Stars,Dambulla Aura,LD Chandimal,RAS Lakmal,LD Madushanka,1,0,,,,,,,,,
1324523,2022/23,2022-12-08,"Mahinda Rajapaksa International Cricket Stadium, Sooriyawewa, Hambantota",1,19.4,Colombo Stars,Dambulla Aura,RAS Lakmal,LD Chandimal,LD Madushanka,0,0,,,,,,caught,RAS Lakmal,,
1324523,2022/23,2022-12-08,"Mahinda Rajapaksa International Cricket Stadium, Sooriyawewa, Hambantota",1,19.5,Colombo Stars,Dambulla Aura,JDF Vandersay,LD Chandimal,LD Madushanka,4,0,,,,,,,,,
1324523,2022/23,2022-12-08,"Mahinda Rajapaksa International Cricket Stadium, Sooriyawewa, Hambantota",1,19.6,Colombo Stars,Dambulla Aura,JDF Vandersay,LD Chandimal,LD Madushanka,1,0,,,,,,run out,JDF Vandersay,,
1324523,2022/23,2022-12-08,"Mahinda Rajapaksa International Cricket Stadium, Sooriyawewa, Hambantota",2,0.1,Dambulla Aura,Colombo Stars,S Daniel,JM Cox,AD Mathews,0,0,,,,,,,,,
1324523,2022/23,2022-12-08,"Mahinda Rajapaksa International Cricket Stadium, Sooriyawewa, Hambantota",2,0.2,Dambulla Aura,Colombo Stars,S Daniel,JM Cox,AD Mathews,4,0,,,,,,,,,
1324523,2022/23,2022-12-08,"Mahinda Rajapaksa International Cricket Stadium, Sooriyawewa, Hambantota",2,0.3,Dambulla Aura,Colombo Stars,S Daniel,JM Cox,AD Mathews,0,0,,,,,,,,,
1324523,2022/23,2022-12-08,"Mahinda Rajapaksa International Cricket Stadium, Sooriyawewa, Hambantota",2,0.4,Dambulla Aura,Colombo Stars,S Daniel,JM Cox,AD Mathews,1,0,,,,,,,,,
1324523,2022/23,2022-12-08,"Mahinda Rajapaksa International Cricket Stadium, Sooriyawewa, Hambantota",2,0.5,Dambulla Aura,Colombo Stars,JM Cox,S Daniel,AD Mathews,4,0,,,,,,,,,
1324523,2022/23,2022-12-08,"Mahinda Rajapaksa International Cricket Stadium, Sooriyawewa, Hambantota",2,0.6,Dambulla Aura,Colombo Stars,JM Cox,S Daniel,AD Mathews,1,0,,,,,,,,,
1324523,2022/23,2022-12-08,"Mahinda Rajapaksa International Cricket Stadium, Sooriyawewa, Hambantota",2,1.1,Dambulla Aura,Colombo Stars,JM Cox,S Daniel,RAS Lakmal,0,0,,,,,,,,,
1324523,2022/23,2022-12-08,"Mahinda Rajapaksa International Cricket Stadium, Sooriyawewa, Hambantota",2,1.2,Dambulla Aura,Colombo Stars,JM Cox,S Daniel,RAS Lakmal,0,0,,,,,,,,,
1324523,2022/23,2022-12-08,"Mahinda Rajapaksa International Cricket Stadium, Sooriyawewa, Hambantota",2,1.3,Dambulla Aura,Colombo Stars,JM Cox,S Daniel,RAS Lakmal,4,0,,,,,,,,,
1324523,2022/23,2022-12-08,"Mahinda Rajapaksa International Cricket Stadium, Sooriyawewa, Hambantota",2,1.4,Dambulla Aura,Colombo Stars,JM Cox,S Daniel,RAS Lakmal,0,0,,,,,,,,,
1324523,2022/23,2022-12-08,"Mahinda Rajapaksa International Cricket Stadium, Sooriyawewa, Hambantota",2,1.5,Dambulla Aura,Colombo Stars,JM Cox,S Daniel,RAS Lakmal,4,0,,,,,,,,,
1324523,2022/23,2022-12-08,"Mahinda Rajapaksa International Cricket Stadium, Sooriyawewa, Hambantota",2,1.6,Dambulla Aura,Colombo Stars,JM Cox,S Daniel,RAS Lakmal,4,0,,,,,,,,,
1324523,2022/23,2022-12-08,"Mahinda Rajapaksa International Cricket Stadium, Sooriyawewa, Hambantota",2,2.1,Dambulla Aura,Colombo Stars,S Daniel,JM Cox,DC Drakes,4,0,,,,,,,,,
1324523,2022/23,2022-12-08,"Mahinda Rajapaksa International Cricket Stadium, Sooriyawewa, Hambantota",2,2.2,Dambulla Aura,Colombo Stars,S Daniel,JM Cox,DC Drakes,2,0,,,,,,,,,
1324523,2022/23,2022-12-08,"Mahinda Rajapaksa International Cricket Stadium, Sooriyawewa, Hambantota",2,2.3,Dambulla Aura,Colombo Stars,S Daniel,JM Cox,DC Drakes,4,0,,,,,,,,,
1324523,2022/23,2022-12-08,"Mahinda Rajapaksa International Cricket Stadium, Sooriyawewa, Hambantota",2,2.4,Dambulla Aura,Colombo Stars,S Daniel,JM Cox,DC Drakes,0,0,,,,,,,,,
1324523,2022/23,2022-12-08,"Mahinda Rajapaksa International Cricket Stadium, Sooriyawewa, Hambantota",2,2.5,Dambulla Aura,Colombo Stars,S Daniel,JM Cox,DC Drakes,4,0,,,,,,,,,
1324523,2022/23,2022-12-08,"Mahinda Rajapaksa International Cricket Stadium, Sooriyawewa, Hambantota",2,2.6,Dambulla Aura,Colombo Stars,S Daniel,JM Cox,DC Drakes,1,0,,,,,,,,,
1324523,2022/23,2022-12-08,"Mahinda Rajapaksa International Cricket Stadium, Sooriyawewa, Hambantota",2,3.1,Dambulla Aura,Colombo Stars,S Daniel,JM Cox,Naveen-ul-Haq,0,1,,,,1,,,,,
1324523,2022/23,2022-12-08,"Mahinda Rajapaksa International Cricket Stadium, Sooriyawewa, Hambantota",2,3.2,Dambulla Aura,Colombo Stars,JM Cox,S Daniel,Naveen-ul-Haq,2,0,,,,,,,,,
1324523,2022/23,2022-12-08,"Mahinda Rajapaksa International Cricket Stadium, Sooriyawewa, Hambantota",2,3.3,Dambulla Aura,Colombo Stars,JM Cox,S Daniel,Naveen-ul-Haq,1,0,,,,,,,,,
1324523,2022/23,2022-12-08,"Mahinda Rajapaksa International Cricket Stadium, Sooriyawewa, Hambantota",2,3.4,Dambulla Aura,Colombo Stars,S Daniel,JM Cox,Naveen-ul-Haq,1,0,,,,,,,,,
1324523,2022/23,2022-12-08,"Mahinda Rajapaksa International Cricket Stadium, Sooriyawewa, Hambantota",2,3.5,Dambulla Aura,Colombo Stars,JM Cox,S Daniel,Naveen-ul-Haq,0,0,,,,,,,,,
1324523,2022/23,2022-12-08,"Mahinda Rajapaksa International Cricket Stadium, Sooriyawewa, Hambantota",2,3.6,Dambulla Aura,Colombo Stars,JM Cox,S Daniel,Naveen-ul-Haq,4,0,,,,,,,,,
1324523,2022/23,2022-12-08,"Mahinda Rajapaksa International Cricket Stadium, Sooriyawewa, Hambantota",2,4.1,Dambulla Aura,Colombo Stars,S Daniel,JM Cox,RAS Lakmal,1,0,,,,,,,,,
1324523,2022/23,2022-12-08,"Mahinda Rajapaksa International Cricket Stadium, Sooriyawewa, Hambantota",2,4.2,Dambulla Aura,Colombo Stars,JM Cox,S Daniel,RAS Lakmal,1,0,,,,,,,,,
1324523,2022/23,2022-12-08,"Mahinda Rajapaksa International Cricket Stadium, Sooriyawewa, Hambantota",2,4.3,Dambulla Aura,Colombo Stars,S Daniel,JM Cox,RAS Lakmal,1,0,,,,,,,,,
1324523,2022/23,2022-12-08,"Mahinda Rajapaksa International Cricket Stadium, Sooriyawewa, Hambantota",2,4.4,Dambulla Aura,Colombo Stars,JM Cox,S Daniel,RAS Lakmal,4,0,,,,,,,,,
1324523,2022/23,2022-12-08,"Mahinda Rajapaksa International Cricket Stadium, Sooriyawewa, Hambantota",2,4.5,Dambulla Aura,Colombo Stars,JM Cox,S Daniel,RAS Lakmal,0,0,,,,,,caught,JM Cox,,
1324523,2022/23,2022-12-08,"Mahinda Rajapaksa International Cricket Stadium, Sooriyawewa, Hambantota",2,4.6,Dambulla Aura,Colombo Stars,PBB Rajapaksa,S Daniel,RAS Lakmal,0,0,,,,,,,,,
1324523,2022/23,2022-12-08,"Mahinda Rajapaksa International Cricket Stadium, Sooriyawewa, Hambantota",2,5.1,Dambulla Aura,Colombo Stars,S Daniel,PBB Rajapaksa,Naveen-ul-Haq,0,0,,,,,,,,,
1324523,2022/23,2022-12-08,"Mahinda Rajapaksa International Cricket Stadium, Sooriyawewa, Hambantota",2,5.2,Dambulla Aura,Colombo Stars,S Daniel,PBB Rajapaksa,Naveen-ul-Haq,0,0,,,,,,,,,
1324523,2022/23,2022-12-08,"Mahinda Rajapaksa International Cricket Stadium, Sooriyawewa, Hambantota",2,5.3,Dambulla Aura,Colombo Stars,S Daniel,PBB Rajapaksa,Naveen-ul-Haq,0,0,,,,,,,,,
1324523,2022/23,2022-12-08,"Mahinda Rajapaksa International Cricket Stadium, Sooriyawewa, Hambantota",2,5.4,Dambulla Aura,Colombo Stars,S Daniel,PBB Rajapaksa,Naveen-ul-Haq,0,0,,,,,,,,,
1324523,2022/23,2022-12-08,"Mahinda Rajapaksa International Cricket Stadium, Sooriyawewa, Hambantota",2,5.5,Dambulla Aura,Colombo Stars,S Daniel,PBB Rajapaksa,Naveen-ul-Haq,1,0,,,,,,,,,
1324523,2022/23,2022-12-08,"Mahinda Rajapaksa International Cricket Stadium, Sooriyawewa, Hambantota",2,5.6,Dambulla Aura,Colombo Stars,PBB Rajapaksa,S Daniel,Naveen-ul-Haq,0,0,,,,,,,,,
1324523,2022/23,2022-12-08,"Mahinda Rajapaksa International Cricket Stadium, Sooriyawewa, Hambantota",2,6.1,Dambulla Aura,Colombo Stars,S Daniel,PBB Rajapaksa,KIC Asalanka,1,0,,,,,,,,,
1324523,2022/23,2022-12-08,"Mahinda Rajapaksa International Cricket Stadium, Sooriyawewa, Hambantota",2,6.2,Dambulla Aura,Colombo Stars,PBB Rajapaksa,S Daniel,KIC Asalanka,1,0,,,,,,,,,
1324523,2022/23,2022-12-08,"Mahinda Rajapaksa International Cricket Stadium, Sooriyawewa, Hambantota",2,6.3,Dambulla Aura,Colombo Stars,S Daniel,PBB Rajapaksa,KIC Asalanka,0,0,,,,,,,,,
1324523,2022/23,2022-12-08,"Mahinda Rajapaksa International Cricket Stadium, Sooriyawewa, Hambantota",2,6.4,Dambulla Aura,Colombo Stars,S Daniel,PBB Rajapaksa,KIC Asalanka,0,0,,,,,,,,,
1324523,2022/23,2022-12-08,"Mahinda Rajapaksa International Cricket Stadium, Sooriyawewa, Hambantota",2,6.5,Dambulla Aura,Colombo Stars,S Daniel,PBB Rajapaksa,KIC Asalanka,0,0,,,,,,,,,
1324523,2022/23,2022-12-08,"Mahinda Rajapaksa International Cricket Stadium, Sooriyawewa, Hambantota",2,6.6,Dambulla Aura,Colombo Stars,S Daniel,PBB Rajapaksa,KIC Asalanka,1,0,,,,,,,,,
1324523,2022/23,2022-12-08,"Mahinda Rajapaksa International Cricket Stadium, Sooriyawewa, Hambantota",2,7.1,Dambulla Aura,Colombo Stars,S Daniel,PBB Rajapaksa,DC Drakes,1,0,,,,,,,,,
1324523,2022/23,2022-12-08,"Mahinda Rajapaksa International Cricket Stadium, Sooriyawewa, Hambantota",2,7.2,Dambulla Aura,Colombo Stars,PBB Rajapaksa,S Daniel,DC Drakes,4,0,,,,,,,,,
1324523,2022/23,2022-12-08,"Mahinda Rajapaksa International Cricket Stadium, Sooriyawewa, Hambantota",2,7.3,Dambulla Aura,Colombo Stars,PBB Rajapaksa,S Daniel,DC Drakes,1,0,,,,,,,,,
1324523,2022/23,2022-12-08,"Mahinda Rajapaksa International Cricket Stadium, Sooriyawewa, Hambantota",2,7.4,Dambulla Aura,Colombo Stars,S Daniel,PBB Rajapaksa,DC Drakes,1,0,,,,,,,,,
1324523,2022/23,2022-12-08,"Mahinda Rajapaksa International Cricket Stadium, Sooriyawewa, Hambantota",2,7.5,Dambulla Aura,Colombo Stars,PBB Rajapaksa,S Daniel,DC Drakes,1,0,,,,,,,,,
1324523,2022/23,2022-12-08,"Mahinda Rajapaksa International Cricket Stadium, Sooriyawewa, Hambantota",2,7.6,Dambulla Aura,Colombo Stars,S Daniel,PBB Rajapaksa,DC Drakes,0,0,,,,,,caught,S Daniel,,
1324523,2022/23,2022-12-08,"Mahinda Rajapaksa International Cricket Stadium, Sooriyawewa, Hambantota",2,8.1,Dambulla Aura,Colombo Stars,PBB Rajapaksa,TB Abell,JDF Vandersay,4,0,,,,,,,,,
1324523,2022/23,2022-12-08,"Mahinda Rajapaksa International Cricket Stadium, Sooriyawewa, Hambantota",2,8.2,Dambulla Aura,Colombo Stars,PBB Rajapaksa,TB Abell,JDF Vandersay,0,0,,,,,,,,,
1324523,2022/23,2022-12-08,"Mahinda Rajapaksa International Cricket Stadium, Sooriyawewa, Hambantota",2,8.3,Dambulla Aura,Colombo Stars,PBB Rajapaksa,TB Abell,JDF Vandersay,1,0,,,,,,,,,
1324523,2022/23,2022-12-08,"Mahinda Rajapaksa International Cricket Stadium, Sooriyawewa, Hambantota",2,8.4,Dambulla Aura,Colombo Stars,TB Abell,PBB Rajapaksa,JDF Vandersay,1,0,,,,,,,,,
1324523,2022/23,2022-12-08,"Mahinda Rajapaksa International Cricket Stadium, Sooriyawewa, Hambantota",2,8.5,Dambulla Aura,Colombo Stars,PBB Rajapaksa,TB Abell,JDF Vandersay,1,0,,,,,,,,,
1324523,2022/23,2022-12-08,"Mahinda Rajapaksa International Cricket Stadium, Sooriyawewa, Hambantota",2,8.6,Dambulla Aura,Colombo Stars,TB Abell,PBB Rajapaksa,JDF Vandersay,1,0,,,,,,,,,
1324523,2022/23,2022-12-08,"Mahinda Rajapaksa International Cricket Stadium, Sooriyawewa, Hambantota",2,9.1,Dambulla Aura,Colombo Stars,TB Abell,PBB Rajapaksa,RS Bopara,1,0,,,,,,,,,
1324523,2022/23,2022-12-08,"Mahinda Rajapaksa International Cricket Stadium, Sooriyawewa, Hambantota",2,9.2,Dambulla Aura,Colombo Stars,PBB Rajapaksa,TB Abell,RS Bopara,1,0,,,,,,,,,
1324523,2022/23,2022-12-08,"Mahinda Rajapaksa International Cricket Stadium, Sooriyawewa, Hambantota",2,9.3,Dambulla Aura,Colombo Stars,TB Abell,PBB Rajapaksa,RS Bopara,1,0,,,,,,,,,
1324523,2022/23,2022-12-08,"Mahinda Rajapaksa International Cricket Stadium, Sooriyawewa, Hambantota",2,9.4,Dambulla Aura,Colombo Stars,PBB Rajapaksa,TB Abell,RS Bopara,2,0,,,,,,,,,
1324523,2022/23,2022-12-08,"Mahinda Rajapaksa International Cricket Stadium, Sooriyawewa, Hambantota",2,9.5,Dambulla Aura,Colombo Stars,PBB Rajapaksa,TB Abell,RS Bopara,1,0,,,,,,,,,
1324523,2022/23,2022-12-08,"Mahinda Rajapaksa International Cricket Stadium, Sooriyawewa, Hambantota",2,9.6,Dambulla Aura,Colombo Stars,TB Abell,PBB Rajapaksa,RS Bopara,1,0,,,,,,,,,
1324523,2022/23,2022-12-08,"Mahinda Rajapaksa International Cricket Stadium, Sooriyawewa, Hambantota",2,10.1,Dambulla Aura,Colombo Stars,TB Abell,PBB Rajapaksa,Karim Janat,1,0,,,,,,,,,
1324523,2022/23,2022-12-08,"Mahinda Rajapaksa International Cricket Stadium, Sooriyawewa, Hambantota",2,10.2,Dambulla Aura,Colombo Stars,PBB Rajapaksa,TB Abell,Karim Janat,0,0,,,,,,caught,PBB Rajapaksa,,
1324523,2022/23,2022-12-08,"Mahinda Rajapaksa International Cricket Stadium, Sooriyawewa, Hambantota",2,10.3,Dambulla Aura,Colombo Stars,MD Shanaka,TB Abell,Karim Janat,1,0,,,,,,,,,
1324523,2022/23,2022-12-08,"Mahinda Rajapaksa International Cricket Stadium, Sooriyawewa, Hambantota",2,10.4,Dambulla Aura,Colombo Stars,TB Abell,MD Shanaka,Karim Janat,0,0,,,,,,,,,
1324523,2022/23,2022-12-08,"Mahinda Rajapaksa International Cricket Stadium, Sooriyawewa, Hambantota",2,10.5,Dambulla Aura,Colombo Stars,TB Abell,MD Shanaka,Karim Janat,4,0,,,,,,,,,
1324523,2022/23,2022-12-08,"Mahinda Rajapaksa International Cricket Stadium, Sooriyawewa, Hambantota",2,10.6,Dambulla Aura,Colombo Stars,TB Abell,MD Shanaka,Karim Janat,1,0,,,,,,,,,
1324523,2022/23,2022-12-08,"Mahinda Rajapaksa International Cricket Stadium, Sooriyawewa, Hambantota",2,11.1,Dambulla Aura,Colombo Stars,TB Abell,MD Shanaka,JDF Vandersay,4,0,,,,,,,,,
1324523,2022/23,2022-12-08,"Mahinda Rajapaksa International Cricket Stadium, Sooriyawewa, Hambantota",2,11.2,Dambulla Aura,Colombo Stars,TB Abell,MD Shanaka,JDF Vandersay,0,0,,,,,,,,,
1324523,2022/23,2022-12-08,"Mahinda Rajapaksa International Cricket Stadium, Sooriyawewa, Hambantota",2,11.3,Dambulla Aura,Colombo Stars,TB Abell,MD Shanaka,JDF Vandersay,4,0,,,,,,,,,
1324523,2022/23,2022-12-08,"Mahinda Rajapaksa International Cricket Stadium, Sooriyawewa, Hambantota",2,11.4,Dambulla Aura,Colombo Stars,TB Abell,MD Shanaka,JDF Vandersay,1,0,,,,,,,,,
1324523,2022/23,2022-12-08,"Mahinda Rajapaksa International Cricket Stadium, Sooriyawewa, Hambantota",2,11.5,Dambulla Aura,Colombo Stars,MD Shanaka,TB Abell,JDF Vandersay,1,0,,,,,,,,,
1324523,2022/23,2022-12-08,"Mahinda Rajapaksa International Cricket Stadium, Sooriyawewa, Hambantota",2,11.6,Dambulla Aura,Colombo Stars,TB Abell,MD Shanaka,JDF Vandersay,1,0,,,,,,,,,
1324523,2022/23,2022-12-08,"Mahinda Rajapaksa International Cricket Stadium, Sooriyawewa, Hambantota",2,12.1,Dambulla Aura,Colombo Stars,TB Abell,MD Shanaka,DC Drakes,0,0,,,,,,,,,
1324523,2022/23,2022-12-08,"Mahinda Rajapaksa International Cricket Stadium, Sooriyawewa, Hambantota",2,12.2,Dambulla Aura,Colombo Stars,TB Abell,MD Shanaka,DC Drakes,0,0,,,,,,,,,
1324523,2022/23,2022-12-08,"Mahinda Rajapaksa International Cricket Stadium, Sooriyawewa, Hambantota",2,12.3,Dambulla Aura,Colombo Stars,TB Abell,MD Shanaka,DC Drakes,4,0,,,,,,,,,
1324523,2022/23,2022-12-08,"Mahinda Rajapaksa International Cricket Stadium, Sooriyawewa, Hambantota",2,12.4,Dambulla Aura,Colombo Stars,TB Abell,MD Shanaka,DC Drakes,4,0,,,,,,,,,
1324523,2022/23,2022-12-08,"Mahinda Rajapaksa International Cricket Stadium, Sooriyawewa, Hambantota",2,12.5,Dambulla Aura,Colombo Stars,TB Abell,MD Shanaka,DC Drakes,1,0,,,,,,,,,
1324523,2022/23,2022-12-08,"Mahinda Rajapaksa International Cricket Stadium, Sooriyawewa, Hambantota",2,12.6,Dambulla Aura,Colombo Stars,MD Shanaka,TB Abell,DC Drakes,0,0,,,,,,,,,
1324523,2022/23,2022-12-08,"Mahinda Rajapaksa International Cricket Stadium, Sooriyawewa, Hambantota",2,13.1,Dambulla Aura,Colombo Stars,TB Abell,MD Shanaka,RAS Lakmal,1,0,,,,,,,,,
1324523,2022/23,2022-12-08,"Mahinda Rajapaksa International Cricket Stadium, Sooriyawewa, Hambantota",2,13.2,Dambulla Aura,Colombo Stars,MD Shanaka,TB Abell,RAS Lakmal,1,0,,,,,,,,,
1324523,2022/23,2022-12-08,"Mahinda Rajapaksa International Cricket Stadium, Sooriyawewa, Hambantota",2,13.3,Dambulla Aura,Colombo Stars,TB Abell,MD Shanaka,RAS Lakmal,2,0,,,,,,,,,
1324523,2022/23,2022-12-08,"Mahinda Rajapaksa International Cricket Stadium, Sooriyawewa, Hambantota",2,13.4,Dambulla Aura,Colombo Stars,TB Abell,MD Shanaka,RAS Lakmal,0,0,,,,,,caught,TB Abell,,
1324523,2022/23,2022-12-08,"Mahinda Rajapaksa International Cricket Stadium, Sooriyawewa, Hambantota",2,13.5,Dambulla Aura,Colombo Stars,Sikandar Raza,MD Shanaka,RAS Lakmal,0,0,,,,,,,,,
1324523,2022/23,2022-12-08,"Mahinda Rajapaksa International Cricket Stadium, Sooriyawewa, Hambantota",2,13.6,Dambulla Aura,Colombo Stars,Sikandar Raza,MD Shanaka,RAS Lakmal,0,0,,,,,,,,,
1324523,2022/23,2022-12-08,"Mahinda Rajapaksa International Cricket Stadium, Sooriyawewa, Hambantota",2,14.1,Dambulla Aura,Colombo Stars,MD Shanaka,Sikandar Raza,Karim Janat,4,0,,,,,,,,,
1324523,2022/23,2022-12-08,"Mahinda Rajapaksa International Cricket Stadium, Sooriyawewa, Hambantota",2,14.2,Dambulla Aura,Colombo Stars,MD Shanaka,Sikandar Raza,Karim Janat,0,0,,,,,,,,,
1324523,2022/23,2022-12-08,"Mahinda Rajapaksa International Cricket Stadium, Sooriyawewa, Hambantota",2,14.3,Dambulla Aura,Colombo Stars,MD Shanaka,Sikandar Raza,Karim Janat,4,0,,,,,,,,,
1324523,2022/23,2022-12-08,"Mahinda Rajapaksa International Cricket Stadium, Sooriyawewa, Hambantota",2,14.4,Dambulla Aura,Colombo Stars,MD Shanaka,Sikandar Raza,Karim Janat,1,0,,,,,,,,,
1324523,2022/23,2022-12-08,"Mahinda Rajapaksa International Cricket Stadium, Sooriyawewa, Hambantota",2,14.5,Dambulla Aura,Colombo Stars,Sikandar Raza,MD Shanaka,Karim Janat,0,0,,,,,,caught,Sikandar Raza,,
1324523,2022/23,2022-12-08,"Mahinda Rajapaksa International Cricket Stadium, Sooriyawewa, Hambantota",2,14.6,Dambulla Aura,Colombo Stars,LD Madushanka,MD Shanaka,Karim Janat,1,0,,,,,,,,,
1324523,2022/23,2022-12-08,"Mahinda Rajapaksa International Cricket Stadium, Sooriyawewa, Hambantota",2,15.1,Dambulla Aura,Colombo Stars,LD Madushanka,MD Shanaka,Naveen-ul-Haq,1,0,,,,,,,,,
1324523,2022/23,2022-12-08,"Mahinda Rajapaksa International Cricket Stadium, Sooriyawewa, Hambantota",2,15.2,Dambulla Aura,Colombo Stars,MD Shanaka,LD Madushanka,Naveen-ul-Haq,1,0,,,,,,,,,
1324523,2022/23,2022-12-08,"Mahinda Rajapaksa International Cricket Stadium, Sooriyawewa, Hambantota",2,15.3,Dambulla Aura,Colombo Stars,LD Madushanka,MD Shanaka,Naveen-ul-Haq,2,0,,,,,,,,,
1324523,2022/23,2022-12-08,"Mahinda Rajapaksa International Cricket Stadium, Sooriyawewa, Hambantota",2,15.4,Dambulla Aura,Colombo Stars,LD Madushanka,MD Shanaka,Naveen-ul-Haq,0,0,,,,,,caught,LD Madushanka,,
1324523,2022/23,2022-12-08,"Mahinda Rajapaksa International Cricket Stadium, Sooriyawewa, Hambantota",2,15.5,Dambulla Aura,Colombo Stars,PC de Silva,MD Shanaka,Naveen-ul-Haq,0,0,,,,,,,,,
1324523,2022/23,2022-12-08,"Mahinda Rajapaksa International Cricket Stadium, Sooriyawewa, Hambantota",2,15.6,Dambulla Aura,Colombo Stars,PC de Silva,MD Shanaka,Naveen-ul-Haq,2,0,,,,,,,,,
1324523,2022/23,2022-12-08,"Mahinda Rajapaksa International Cricket Stadium, Sooriyawewa, Hambantota",2,16.1,Dambulla Aura,Colombo Stars,MD Shanaka,PC de Silva,DC Drakes,1,0,,,,,,,,,
1324523,2022/23,2022-12-08,"Mahinda Rajapaksa International Cricket Stadium, Sooriyawewa, Hambantota",2,16.2,Dambulla Aura,Colombo Stars,PC de Silva,MD Shanaka,DC Drakes,0,0,,,,,,,,,
1324523,2022/23,2022-12-08,"Mahinda Rajapaksa International Cricket Stadium, Sooriyawewa, Hambantota",2,16.3,Dambulla Aura,Colombo Stars,PC de Silva,MD Shanaka,DC Drakes,2,0,,,,,,,,,
1324523,2022/23,2022-12-08,"Mahinda Rajapaksa International Cricket Stadium, Sooriyawewa, Hambantota",2,16.4,Dambulla Aura,Colombo Stars,PC de Silva,MD Shanaka,DC Drakes,0,0,,,,,,bowled,PC de Silva,,
1324523,2022/23,2022-12-08,"Mahinda Rajapaksa International Cricket Stadium, Sooriyawewa, Hambantota",2,16.5,Dambulla Aura,Colombo Stars,KTH Ratnayake,MD Shanaka,DC Drakes,0,0,,,,,,,,,
1324523,2022/23,2022-12-08,"Mahinda Rajapaksa International Cricket Stadium, Sooriyawewa, Hambantota",2,16.6,Dambulla Aura,Colombo Stars,KTH Ratnayake,MD Shanaka,DC Drakes,0,0,,,,,,,,,
1324523,2022/23,2022-12-08,"Mahinda Rajapaksa International Cricket Stadium, Sooriyawewa, Hambantota",2,17.1,Dambulla Aura,Colombo Stars,MD Shanaka,KTH Ratnayake,RAS Lakmal,2,0,,,,,,,,,
1324523,2022/23,2022-12-08,"Mahinda Rajapaksa International Cricket Stadium, Sooriyawewa, Hambantota",2,17.2,Dambulla Aura,Colombo Stars,MD Shanaka,KTH Ratnayake,RAS Lakmal,1,0,,,,,,,,,
1324523,2022/23,2022-12-08,"Mahinda Rajapaksa International Cricket Stadium, Sooriyawewa, Hambantota",2,17.3,Dambulla Aura,Colombo Stars,KTH Ratnayake,MD Shanaka,RAS Lakmal,0,0,,,,,,,,,
1324523,2022/23,2022-12-08,"Mahinda Rajapaksa International Cricket Stadium, Sooriyawewa, Hambantota",2,17.4,Dambulla Aura,Colombo Stars,KTH Ratnayake,MD Shanaka,RAS Lakmal,0,0,,,,,,,,,
1324523,2022/23,2022-12-08,"Mahinda Rajapaksa International Cricket Stadium, Sooriyawewa, Hambantota",2,17.5,Dambulla Aura,Colombo Stars,KTH Ratnayake,MD Shanaka,RAS Lakmal,2,0,,,,,,,,,
1324523,2022/23,2022-12-08,"Mahinda Rajapaksa International Cricket Stadium, Sooriyawewa, Hambantota",2,17.6,Dambulla Aura,Colombo Stars,KTH Ratnayake,MD Shanaka,RAS Lakmal,1,0,,,,,,,,,
1324523,2022/23,2022-12-08,"Mahinda Rajapaksa International Cricket Stadium, Sooriyawewa, Hambantota",2,18.1,Dambulla Aura,Colombo Stars,KTH Ratnayake,MD Shanaka,Naveen-ul-Haq,4,0,,,,,,,,,
1324523,2022/23,2022-12-08,"Mahinda Rajapaksa International Cricket Stadium, Sooriyawewa, Hambantota",2,18.2,Dambulla Aura,Colombo Stars,KTH Ratnayake,MD Shanaka,Naveen-ul-Haq,0,0,,,,,,,,,
1324523,2022/23,2022-12-08,"Mahinda Rajapaksa International Cricket Stadium, Sooriyawewa, Hambantota",2,18.3,Dambulla Aura,Colombo Stars,KTH Ratnayake,MD Shanaka,Naveen-ul-Haq,1,0,,,,,,,,,
1324523,2022/23,2022-12-08,"Mahinda Rajapaksa International Cricket Stadium, Sooriyawewa, Hambantota",2,18.4,Dambulla Aura,Colombo Stars,MD Shanaka,KTH Ratnayake,Naveen-ul-Haq,0,0,,,,,,,,,
1324523,2022/23,2022-12-08,"Mahinda Rajapaksa International Cricket Stadium, Sooriyawewa, Hambantota",2,18.5,Dambulla Aura,Colombo Stars,MD Shanaka,KTH Ratnayake,Naveen-ul-Haq,0,1,1,,,,,,,,
1324523,2022/23,2022-12-08,"Mahinda Rajapaksa International Cricket Stadium, Sooriyawewa, Hambantota",2,18.6,Dambulla Aura,Colombo Stars,MD Shanaka,KTH Ratnayake,Naveen-ul-Haq,1,0,,,,,,,,,
1324523,2022/23,2022-12-08,"Mahinda Rajapaksa International Cricket Stadium, Sooriyawewa, Hambantota",2,18.7,Dambulla Aura,Colombo Stars,KTH Ratnayake,MD Shanaka,Naveen-ul-Haq,0,0,,,,,,,,,
1324523,2022/23,2022-12-08,"Mahinda Rajapaksa International Cricket Stadium, Sooriyawewa, Hambantota",2,19.1,Dambulla Aura,Colombo Stars,MD Shanaka,KTH Ratnayake,Karim Janat,0,0,,,,,,,,,
1324523,2022/23,2022-12-08,"Mahinda Rajapaksa International Cricket Stadium, Sooriyawewa, Hambantota",2,19.2,Dambulla Aura,Colombo Stars,MD Shanaka,KTH Ratnayake,Karim Janat,0,0,,,,,,,,,
1324523,2022/23,2022-12-08,"Mahinda Rajapaksa International Cricket Stadium, Sooriyawewa, Hambantota",2,19.3,Dambulla Aura,Colombo Stars,MD Shanaka,KTH Ratnayake,Karim Janat,0,0,,,,,,,,,
1324523,2022/23,2022-12-08,"Mahinda Rajapaksa International Cricket Stadium, Sooriyawewa, Hambantota",2,19.4,Dambulla Aura,Colombo Stars,MD Shanaka,KTH Ratnayake,Karim Janat,6,0,,,,,,,,,
1324523,2022/23,2022-12-08,"Mahinda Rajapaksa International Cricket Stadium, Sooriyawewa, Hambantota",2,19.5,Dambulla Aura,Colombo Stars,MD Shanaka,KTH Ratnayake,Karim Janat,6,0,,,,,,,,,
1324523,2022/23,2022-12-08,"Mahinda Rajapaksa International Cricket Stadium, Sooriyawewa, Hambantota",2,19.6,Dambulla Aura,Colombo Stars,MD Shanaka,KTH Ratnayake,Karim Janat,1,0,,,,,,,,,
