match_id,season,start_date,venue,innings,ball,batting_team,bowling_team,striker,non_striker,bowler,runs_off_bat,extras,wides,noballs,byes,legbyes,penalty,wicket_type,player_dismissed,other_wicket_type,other_player_dismissed
1324530,2022/23,2022-12-13,Pallekele International Cricket Stadium,1,0.1,Galle Gladiators,Colombo Stars,PTM Dabare,BKG Mendis,CAK Rajitha,0,0,,,,,,,,,
1324530,2022/23,2022-12-13,Pallekele International Cricket Stadium,1,0.2,Galle Gladiators,Colombo Stars,PTM Dabare,BKG Mendis,CAK Rajitha,0,0,,,,,,,,,
1324530,2022/23,2022-12-13,Pallekele International Cricket Stadium,1,0.3,Galle Gladiators,Colombo Stars,PTM Dabare,BKG Mendis,CAK Rajitha,1,0,,,,,,,,,
1324530,2022/23,2022-12-13,Pallekele International Cricket Stadium,1,0.4,Galle Gladiators,Colombo Stars,BKG Mendis,PTM Dabare,CAK Rajitha,0,0,,,,,,,,,
1324530,2022/23,2022-12-13,Pallekele International Cricket Stadium,1,0.5,Galle Gladiators,Colombo Stars,BKG Mendis,PTM Dabare,CAK Rajitha,4,0,,,,,,,,,
1324530,2022/23,2022-12-13,Pallekele International Cricket Stadium,1,0.6,Galle Gladiators,Colombo Stars,BKG Mendis,PTM Dabare,CAK Rajitha,1,0,,,,,,,,,
1324530,2022/23,2022-12-13,Pallekele International Cricket Stadium,1,1.1,Galle Gladiators,Colombo Stars,BKG Mendis,PTM Dabare,Naveen-ul-Haq,0,1,1,,,,,,,,
1324530,2022/23,2022-12-13,Pallekele International Cricket Stadium,1,1.2,Galle Gladiators,Colombo Stars,BKG Mendis,PTM Dabare,Naveen-ul-Haq,0,0,,,,,,,,,
1324530,2022/23,2022-12-13,Pallekele International Cricket Stadium,1,1.3,Galle Gladiators,Colombo Stars,BKG Mendis,PTM Dabare,Naveen-ul-Haq,0,0,,,,,,,,,
1324530,2022/23,2022-12-13,Pallekele International Cricket Stadium,1,1.4,Galle Gladiators,Colombo Stars,BKG Mendis,PTM Dabare,Naveen-ul-Haq,1,0,,,,,,,,,
1324530,2022/23,2022-12-13,Pallekele International Cricket Stadium,1,1.5,Galle Gladiators,Colombo Stars,PTM Dabare,BKG Mendis,Naveen-ul-Haq,4,0,,,,,,,,,
1324530,2022/23,2022-12-13,Pallekele International Cricket Stadium,1,1.6,Galle Gladiators,Colombo Stars,PTM Dabare,BKG Mendis,Naveen-ul-Haq,1,0,,,,,,,,,
1324530,2022/23,2022-12-13,Pallekele International Cricket Stadium,1,1.7,Galle Gladiators,Colombo Stars,BKG Mendis,PTM Dabare,Naveen-ul-Haq,4,0,,,,,,,,,
1324530,2022/23,2022-12-13,Pallekele International Cricket Stadium,1,2.1,Galle Gladiators,Colombo Stars,PTM Dabare,BKG Mendis,CAK Rajitha,0,0,,,,,,,,,
1324530,2022/23,2022-12-13,Pallekele International Cricket Stadium,1,2.2,Galle Gladiators,Colombo Stars,PTM Dabare,BKG Mendis,CAK Rajitha,2,0,,,,,,,,,
1324530,2022/23,2022-12-13,Pallekele International Cricket Stadium,1,2.3,Galle Gladiators,Colombo Stars,PTM Dabare,BKG Mendis,CAK Rajitha,1,0,,,,,,,,,
1324530,2022/23,2022-12-13,Pallekele International Cricket Stadium,1,2.4,Galle Gladiators,Colombo Stars,BKG Mendis,PTM Dabare,CAK Rajitha,0,0,,,,,,,,,
1324530,2022/23,2022-12-13,Pallekele International Cricket Stadium,1,2.5,Galle Gladiators,Colombo Stars,BKG Mendis,PTM Dabare,CAK Rajitha,2,0,,,,,,,,,
1324530,2022/23,2022-12-13,Pallekele International Cricket Stadium,1,2.6,Galle Gladiators,Colombo Stars,BKG Mendis,PTM Dabare,CAK Rajitha,2,0,,,,,,,,,
1324530,2022/23,2022-12-13,Pallekele International Cricket Stadium,1,3.1,Galle Gladiators,Colombo Stars,PTM Dabare,BKG Mendis,DC Drakes,4,0,,,,,,,,,
1324530,2022/23,2022-12-13,Pallekele International Cricket Stadium,1,3.2,Galle Gladiators,Colombo Stars,PTM Dabare,BKG Mendis,DC Drakes,4,0,,,,,,,,,
1324530,2022/23,2022-12-13,Pallekele International Cricket Stadium,1,3.3,Galle Gladiators,Colombo Stars,PTM Dabare,BKG Mendis,DC Drakes,0,0,,,,,,,,,
1324530,2022/23,2022-12-13,Pallekele International Cricket Stadium,1,3.4,Galle Gladiators,Colombo Stars,PTM Dabare,BKG Mendis,DC Drakes,0,0,,,,,,,,,
1324530,2022/23,2022-12-13,Pallekele International Cricket Stadium,1,3.5,Galle Gladiators,Colombo Stars,PTM Dabare,BKG Mendis,DC Drakes,2,0,,,,,,,,,
1324530,2022/23,2022-12-13,Pallekele International Cricket Stadium,1,3.6,Galle Gladiators,Colombo Stars,PTM Dabare,BKG Mendis,DC Drakes,4,0,,,,,,,,,
1324530,2022/23,2022-12-13,Pallekele International Cricket Stadium,1,4.1,Galle Gladiators,Colombo Stars,BKG Mendis,PTM Dabare,BAC Howell,0,0,,,,,,,,,
1324530,2022/23,2022-12-13,Pallekele International Cricket Stadium,1,4.2,Galle Gladiators,Colombo Stars,BKG Mendis,PTM Dabare,BAC Howell,0,0,,,,,,,,,
1324530,2022/23,2022-12-13,Pallekele International Cricket Stadium,1,4.3,Galle Gladiators,Colombo Stars,BKG Mendis,PTM Dabare,BAC Howell,0,0,,,,,,,,,
1324530,2022/23,2022-12-13,Pallekele International Cricket Stadium,1,4.4,Galle Gladiators,Colombo Stars,BKG Mendis,PTM Dabare,BAC Howell,1,0,,,,,,,,,
1324530,2022/23,2022-12-13,Pallekele International Cricket Stadium,1,4.5,Galle Gladiators,Colombo Stars,PTM Dabare,BKG Mendis,BAC Howell,6,0,,,,,,,,,
1324530,2022/23,2022-12-13,Pallekele International Cricket Stadium,1,4.6,Galle Gladiators,Colombo Stars,PTM Dabare,BKG Mendis,BAC Howell,0,0,,,,,,,,,
1324530,2022/23,2022-12-13,Pallekele International Cricket Stadium,1,5.1,Galle Gladiators,Colombo Stars,BKG Mendis,PTM Dabare,Naveen-ul-Haq,0,0,,,,,,,,,
1324530,2022/23,2022-12-13,Pallekele International Cricket Stadium,1,5.2,Galle Gladiators,Colombo Stars,BKG Mendis,PTM Dabare,Naveen-ul-Haq,1,0,,,,,,,,,
1324530,2022/23,2022-12-13,Pallekele International Cricket Stadium,1,5.3,Galle Gladiators,Colombo Stars,PTM Dabare,BKG Mendis,Naveen-ul-Haq,0,0,,,,,,,,,
1324530,2022/23,2022-12-13,Pallekele International Cricket Stadium,1,5.4,Galle Gladiators,Colombo Stars,PTM Dabare,BKG Mendis,Naveen-ul-Haq,0,0,,,,,,,,,
1324530,2022/23,2022-12-13,Pallekele International Cricket Stadium,1,5.5,Galle Gladiators,Colombo Stars,PTM Dabare,BKG Mendis,Naveen-ul-Haq,1,0,,,,,,,,,
1324530,2022/23,2022-12-13,Pallekele International Cricket Stadium,1,5.6,Galle Gladiators,Colombo Stars,BKG Mendis,PTM Dabare,Naveen-ul-Haq,0,0,,,,,,,,,
1324530,2022/23,2022-12-13,Pallekele International Cricket Stadium,1,6.1,Galle Gladiators,Colombo Stars,PTM Dabare,BKG Mendis,S Prasanna,2,0,,,,,,,,,
1324530,2022/23,2022-12-13,Pallekele International Cricket Stadium,1,6.2,Galle Gladiators,Colombo Stars,PTM Dabare,BKG Mendis,S Prasanna,1,0,,,,,,,,,
1324530,2022/23,2022-12-13,Pallekele International Cricket Stadium,1,6.3,Galle Gladiators,Colombo Stars,BKG Mendis,PTM Dabare,S Prasanna,0,0,,,,,,,,,
1324530,2022/23,2022-12-13,Pallekele International Cricket Stadium,1,6.4,Galle Gladiators,Colombo Stars,BKG Mendis,PTM Dabare,S Prasanna,1,0,,,,,,,,,
1324530,2022/23,2022-12-13,Pallekele International Cricket Stadium,1,6.5,Galle Gladiators,Colombo Stars,PTM Dabare,BKG Mendis,S Prasanna,0,0,,,,,,caught,PTM Dabare,,
1324530,2022/23,2022-12-13,Pallekele International Cricket Stadium,1,6.6,Galle Gladiators,Colombo Stars,LU Igalagamage,BKG Mendis,S Prasanna,1,0,,,,,,,,,
1324530,2022/23,2022-12-13,Pallekele International Cricket Stadium,1,7.1,Galle Gladiators,Colombo Stars,LU Igalagamage,BKG Mendis,M Lakshan,0,1,,,,1,,,,,
1324530,2022/23,2022-12-13,Pallekele International Cricket Stadium,1,7.2,Galle Gladiators,Colombo Stars,BKG Mendis,LU Igalagamage,M Lakshan,4,0,,,,,,,,,
1324530,2022/23,2022-12-13,Pallekele International Cricket Stadium,1,7.3,Galle Gladiators,Colombo Stars,BKG Mendis,LU Igalagamage,M Lakshan,1,0,,,,,,,,,
1324530,2022/23,2022-12-13,Pallekele International Cricket Stadium,1,7.4,Galle Gladiators,Colombo Stars,LU Igalagamage,BKG Mendis,M Lakshan,1,0,,,,,,,,,
1324530,2022/23,2022-12-13,Pallekele International Cricket Stadium,1,7.5,Galle Gladiators,Colombo Stars,BKG Mendis,LU Igalagamage,M Lakshan,0,0,,,,,,,,,
1324530,2022/23,2022-12-13,Pallekele International Cricket Stadium,1,7.6,Galle Gladiators,Colombo Stars,BKG Mendis,LU Igalagamage,M Lakshan,1,0,,,,,,,,,
1324530,2022/23,2022-12-13,Pallekele International Cricket Stadium,1,8.1,Galle Gladiators,Colombo Stars,BKG Mendis,LU Igalagamage,S Prasanna,0,0,,,,,,,,,
1324530,2022/23,2022-12-13,Pallekele International Cricket Stadium,1,8.2,Galle Gladiators,Colombo Stars,BKG Mendis,LU Igalagamage,S Prasanna,6,0,,,,,,,,,
1324530,2022/23,2022-12-13,Pallekele International Cricket Stadium,1,8.3,Galle Gladiators,Colombo Stars,BKG Mendis,LU Igalagamage,S Prasanna,1,0,,,,,,,,,
1324530,2022/23,2022-12-13,Pallekele International Cricket Stadium,1,8.4,Galle Gladiators,Colombo Stars,LU Igalagamage,BKG Mendis,S Prasanna,1,0,,,,,,,,,
1324530,2022/23,2022-12-13,Pallekele International Cricket Stadium,1,8.5,Galle Gladiators,Colombo Stars,BKG Mendis,LU Igalagamage,S Prasanna,0,0,,,,,,,,,
1324530,2022/23,2022-12-13,Pallekele International Cricket Stadium,1,8.6,Galle Gladiators,Colombo Stars,BKG Mendis,LU Igalagamage,S Prasanna,2,0,,,,,,,,,
1324530,2022/23,2022-12-13,Pallekele International Cricket Stadium,1,9.1,Galle Gladiators,Colombo Stars,LU Igalagamage,BKG Mendis,M Lakshan,4,0,,,,,,,,,
1324530,2022/23,2022-12-13,Pallekele International Cricket Stadium,1,9.2,Galle Gladiators,Colombo Stars,LU Igalagamage,BKG Mendis,M Lakshan,1,0,,,,,,,,,
1324530,2022/23,2022-12-13,Pallekele International Cricket Stadium,1,9.3,Galle Gladiators,Colombo Stars,BKG Mendis,LU Igalagamage,M Lakshan,1,0,,,,,,,,,
1324530,2022/23,2022-12-13,Pallekele International Cricket Stadium,1,9.4,Galle Gladiators,Colombo Stars,LU Igalagamage,BKG Mendis,M Lakshan,1,0,,,,,,,,,
1324530,2022/23,2022-12-13,Pallekele International Cricket Stadium,1,9.5,Galle Gladiators,Colombo Stars,BKG Mendis,LU Igalagamage,M Lakshan,6,0,,,,,,,,,
1324530,2022/23,2022-12-13,Pallekele International Cricket Stadium,1,9.6,Galle Gladiators,Colombo Stars,BKG Mendis,LU Igalagamage,M Lakshan,0,0,,,,,,,,,
1324530,2022/23,2022-12-13,Pallekele International Cricket Stadium,1,10.1,Galle Gladiators,Colombo Stars,LU Igalagamage,BKG Mendis,BAC Howell,1,0,,,,,,,,,
1324530,2022/23,2022-12-13,Pallekele International Cricket Stadium,1,10.2,Galle Gladiators,Colombo Stars,BKG Mendis,LU Igalagamage,BAC Howell,1,0,,,,,,,,,
1324530,2022/23,2022-12-13,Pallekele International Cricket Stadium,1,10.3,Galle Gladiators,Colombo Stars,LU Igalagamage,BKG Mendis,BAC Howell,4,0,,,,,,,,,
1324530,2022/23,2022-12-13,Pallekele International Cricket Stadium,1,10.4,Galle Gladiators,Colombo Stars,LU Igalagamage,BKG Mendis,BAC Howell,1,0,,,,,,,,,
1324530,2022/23,2022-12-13,Pallekele International Cricket Stadium,1,10.5,Galle Gladiators,Colombo Stars,BKG Mendis,LU Igalagamage,BAC Howell,1,0,,,,,,,,,
1324530,2022/23,2022-12-13,Pallekele International Cricket Stadium,1,10.6,Galle Gladiators,Colombo Stars,LU Igalagamage,BKG Mendis,BAC Howell,1,0,,,,,,,,,
1324530,2022/23,2022-12-13,Pallekele International Cricket Stadium,1,11.1,Galle Gladiators,Colombo Stars,LU Igalagamage,BKG Mendis,CAK Rajitha,6,0,,,,,,,,,
1324530,2022/23,2022-12-13,Pallekele International Cricket Stadium,1,11.2,Galle Gladiators,Colombo Stars,LU Igalagamage,BKG Mendis,CAK Rajitha,2,0,,,,,,,,,
1324530,2022/23,2022-12-13,Pallekele International Cricket Stadium,1,11.3,Galle Gladiators,Colombo Stars,LU Igalagamage,BKG Mendis,CAK Rajitha,0,0,,,,,,caught,LU Igalagamage,,
1324530,2022/23,2022-12-13,Pallekele International Cricket Stadium,1,11.4,Galle Gladiators,Colombo Stars,Asad Shafiq,BKG Mendis,CAK Rajitha,1,0,,,,,,,,,
1324530,2022/23,2022-12-13,Pallekele International Cricket Stadium,1,11.5,Galle Gladiators,Colombo Stars,BKG Mendis,Asad Shafiq,CAK Rajitha,1,0,,,,,,,,,
1324530,2022/23,2022-12-13,Pallekele International Cricket Stadium,1,11.6,Galle Gladiators,Colombo Stars,Asad Shafiq,BKG Mendis,CAK Rajitha,1,0,,,,,,,,,
1324530,2022/23,2022-12-13,Pallekele International Cricket Stadium,1,12.1,Galle Gladiators,Colombo Stars,Asad Shafiq,BKG Mendis,S Prasanna,1,0,,,,,,,,,
1324530,2022/23,2022-12-13,Pallekele International Cricket Stadium,1,12.2,Galle Gladiators,Colombo Stars,BKG Mendis,Asad Shafiq,S Prasanna,1,0,,,,,,,,,
1324530,2022/23,2022-12-13,Pallekele International Cricket Stadium,1,12.3,Galle Gladiators,Colombo Stars,Asad Shafiq,BKG Mendis,S Prasanna,0,0,,,,,,,,,
1324530,2022/23,2022-12-13,Pallekele International Cricket Stadium,1,12.4,Galle Gladiators,Colombo Stars,Asad Shafiq,BKG Mendis,S Prasanna,3,0,,,,,,,,,
1324530,2022/23,2022-12-13,Pallekele International Cricket Stadium,1,12.5,Galle Gladiators,Colombo Stars,BKG Mendis,Asad Shafiq,S Prasanna,1,0,,,,,,,,,
1324530,2022/23,2022-12-13,Pallekele International Cricket Stadium,1,12.6,Galle Gladiators,Colombo Stars,Asad Shafiq,BKG Mendis,S Prasanna,1,0,,,,,,,,,
1324530,2022/23,2022-12-13,Pallekele International Cricket Stadium,1,13.1,Galle Gladiators,Colombo Stars,Asad Shafiq,BKG Mendis,RS Bopara,1,0,,,,,,,,,
1324530,2022/23,2022-12-13,Pallekele International Cricket Stadium,1,13.2,Galle Gladiators,Colombo Stars,BKG Mendis,Asad Shafiq,RS Bopara,1,0,,,,,,,,,
1324530,2022/23,2022-12-13,Pallekele International Cricket Stadium,1,13.3,Galle Gladiators,Colombo Stars,Asad Shafiq,BKG Mendis,RS Bopara,0,0,,,,,,,,,
1324530,2022/23,2022-12-13,Pallekele International Cricket Stadium,1,13.4,Galle Gladiators,Colombo Stars,Asad Shafiq,BKG Mendis,RS Bopara,4,0,,,,,,,,,
1324530,2022/23,2022-12-13,Pallekele International Cricket Stadium,1,13.5,Galle Gladiators,Colombo Stars,Asad Shafiq,BKG Mendis,RS Bopara,4,0,,,,,,,,,
1324530,2022/23,2022-12-13,Pallekele International Cricket Stadium,1,13.6,Galle Gladiators,Colombo Stars,Asad Shafiq,BKG Mendis,RS Bopara,1,0,,,,,,,,,
1324530,2022/23,2022-12-13,Pallekele International Cricket Stadium,1,14.1,Galle Gladiators,Colombo Stars,Asad Shafiq,BKG Mendis,Naveen-ul-Haq,4,0,,,,,,,,,
1324530,2022/23,2022-12-13,Pallekele International Cricket Stadium,1,14.2,Galle Gladiators,Colombo Stars,Asad Shafiq,BKG Mendis,Naveen-ul-Haq,0,0,,,,,,,,,
1324530,2022/23,2022-12-13,Pallekele International Cricket Stadium,1,14.3,Galle Gladiators,Colombo Stars,Asad Shafiq,BKG Mendis,Naveen-ul-Haq,2,0,,,,,,,,,
1324530,2022/23,2022-12-13,Pallekele International Cricket Stadium,1,14.4,Galle Gladiators,Colombo Stars,Asad Shafiq,BKG Mendis,Naveen-ul-Haq,4,0,,,,,,,,,
1324530,2022/23,2022-12-13,Pallekele International Cricket Stadium,1,14.5,Galle Gladiators,Colombo Stars,Asad Shafiq,BKG Mendis,Naveen-ul-Haq,1,0,,,,,,,,,
1324530,2022/23,2022-12-13,Pallekele International Cricket Stadium,1,14.6,Galle Gladiators,Colombo Stars,BKG Mendis,Asad Shafiq,Naveen-ul-Haq,4,0,,,,,,,,,
1324530,2022/23,2022-12-13,Pallekele International Cricket Stadium,1,15.1,Galle Gladiators,Colombo Stars,Asad Shafiq,BKG Mendis,BAC Howell,4,0,,,,,,,,,
1324530,2022/23,2022-12-13,Pallekele International Cricket Stadium,1,15.2,Galle Gladiators,Colombo Stars,Asad Shafiq,BKG Mendis,BAC Howell,4,0,,,,,,,,,
1324530,2022/23,2022-12-13,Pallekele International Cricket Stadium,1,15.3,Galle Gladiators,Colombo Stars,Asad Shafiq,BKG Mendis,BAC Howell,2,0,,,,,,,,,
1324530,2022/23,2022-12-13,Pallekele International Cricket Stadium,1,15.4,Galle Gladiators,Colombo Stars,Asad Shafiq,BKG Mendis,BAC Howell,4,0,,,,,,,,,
1324530,2022/23,2022-12-13,Pallekele International Cricket Stadium,1,15.5,Galle Gladiators,Colombo Stars,Asad Shafiq,BKG Mendis,BAC Howell,1,0,,,,,,,,,
1324530,2022/23,2022-12-13,Pallekele International Cricket Stadium,1,15.6,Galle Gladiators,Colombo Stars,BKG Mendis,Asad Shafiq,BAC Howell,1,1,,1,,,,,,,
1324530,2022/23,2022-12-13,Pallekele International Cricket Stadium,1,15.7,Galle Gladiators,Colombo Stars,Asad Shafiq,BKG Mendis,BAC Howell,0,0,,,,,,,,,
1324530,2022/23,2022-12-13,Pallekele International Cricket Stadium,1,16.1,Galle Gladiators,Colombo Stars,BKG Mendis,Asad Shafiq,DC Drakes,0,1,1,,,,,,,,
1324530,2022/23,2022-12-13,Pallekele International Cricket Stadium,1,16.2,Galle Gladiators,Colombo Stars,BKG Mendis,Asad Shafiq,DC Drakes,2,0,,,,,,,,,
1324530,2022/23,2022-12-13,Pallekele International Cricket Stadium,1,16.3,Galle Gladiators,Colombo Stars,BKG Mendis,Asad Shafiq,DC Drakes,6,0,,,,,,,,,
1324530,2022/23,2022-12-13,Pallekele International Cricket Stadium,1,16.4,Galle Gladiators,Colombo Stars,BKG Mendis,Asad Shafiq,DC Drakes,1,0,,,,,,,,,
1324530,2022/23,2022-12-13,Pallekele International Cricket Stadium,1,16.5,Galle Gladiators,Colombo Stars,Asad Shafiq,BKG Mendis,DC Drakes,0,0,,,,,,,,,
1324530,2022/23,2022-12-13,Pallekele International Cricket Stadium,1,16.6,Galle Gladiators,Colombo Stars,Asad Shafiq,BKG Mendis,DC Drakes,0,0,,,,,,,,,
1324530,2022/23,2022-12-13,Pallekele International Cricket Stadium,1,16.7,Galle Gladiators,Colombo Stars,Asad Shafiq,BKG Mendis,DC Drakes,1,0,,,,,,,,,
1324530,2022/23,2022-12-13,Pallekele International Cricket Stadium,1,17.1,Galle Gladiators,Colombo Stars,Asad Shafiq,BKG Mendis,CAK Rajitha,2,0,,,,,,,,,
1324530,2022/23,2022-12-13,Pallekele International Cricket Stadium,1,17.2,Galle Gladiators,Colombo Stars,Asad Shafiq,BKG Mendis,CAK Rajitha,2,0,,,,,,,,,
1324530,2022/23,2022-12-13,Pallekele International Cricket Stadium,1,17.3,Galle Gladiators,Colombo Stars,Asad Shafiq,BKG Mendis,CAK Rajitha,1,0,,,,,,,,,
1324530,2022/23,2022-12-13,Pallekele International Cricket Stadium,1,17.4,Galle Gladiators,Colombo Stars,BKG Mendis,Asad Shafiq,CAK Rajitha,2,0,,,,,,,,,
1324530,2022/23,2022-12-13,Pallekele International Cricket Stadium,1,17.5,Galle Gladiators,Colombo Stars,BKG Mendis,Asad Shafiq,CAK Rajitha,1,0,,,,,,,,,
1324530,2022/23,2022-12-13,Pallekele International Cricket Stadium,1,17.6,Galle Gladiators,Colombo Stars,Asad Shafiq,BKG Mendis,CAK Rajitha,0,0,,,,,,,,,
1324530,2022/23,2022-12-13,Pallekele International Cricket Stadium,1,18.1,Galle Gladiators,Colombo Stars,BKG Mendis,Asad Shafiq,DC Drakes,0,1,,,1,,,,,,
1324530,2022/23,2022-12-13,Pallekele International Cricket Stadium,1,18.2,Galle Gladiators,Colombo Stars,Asad Shafiq,BKG Mendis,DC Drakes,2,0,,,,,,,,,
1324530,2022/23,2022-12-13,Pallekele International Cricket Stadium,1,18.3,Galle Gladiators,Colombo Stars,Asad Shafiq,BKG Mendis,DC Drakes,6,0,,,,,,,,,
1324530,2022/23,2022-12-13,Pallekele International Cricket Stadium,1,18.4,Galle Gladiators,Colombo Stars,Asad Shafiq,BKG Mendis,DC Drakes,1,0,,,,,,,,,
1324530,2022/23,2022-12-13,Pallekele International Cricket Stadium,1,18.5,Galle Gladiators,Colombo Stars,BKG Mendis,Asad Shafiq,DC Drakes,0,0,,,,,,,,,
1324530,2022/23,2022-12-13,Pallekele International Cricket Stadium,1,18.6,Galle Gladiators,Colombo Stars,BKG Mendis,Asad Shafiq,DC Drakes,6,0,,,,,,,,,
1324530,2022/23,2022-12-13,Pallekele International Cricket Stadium,1,19.1,Galle Gladiators,Colombo Stars,Asad Shafiq,BKG Mendis,Naveen-ul-Haq,0,0,,,,,,caught,Asad Shafiq,,
1324530,2022/23,2022-12-13,Pallekele International Cricket Stadium,1,19.2,Galle Gladiators,Colombo Stars,Anwar Ali,BKG Mendis,Naveen-ul-Haq,0,0,,,,,,,,,
1324530,2022/23,2022-12-13,Pallekele International Cricket Stadium,1,19.3,Galle Gladiators,Colombo Stars,Anwar Ali,BKG Mendis,Naveen-ul-Haq,1,0,,,,,,,,,
1324530,2022/23,2022-12-13,Pallekele International Cricket Stadium,1,19.4,Galle Gladiators,Colombo Stars,BKG Mendis,Anwar Ali,Naveen-ul-Haq,4,0,,,,,,,,,
1324530,2022/23,2022-12-13,Pallekele International Cricket Stadium,1,19.5,Galle Gladiators,Colombo Stars,BKG Mendis,Anwar Ali,Naveen-ul-Haq,0,0,,,,,,bowled,BKG Mendis,,
1324530,2022/23,2022-12-13,Pallekele International Cricket Stadium,1,19.6,Galle Gladiators,Colombo Stars,Imad Wasim,Anwar Ali,Naveen-ul-Haq,0,0,,,,,,run out,Anwar Ali,,
1324530,2022/23,2022-12-13,Pallekele International Cricket Stadium,2,0.1,Colombo Stars,Galle Gladiators,N Dickwella,LD Chandimal,Imad Wasim,0,0,,,,,,,,,
1324530,2022/23,2022-12-13,Pallekele International Cricket Stadium,2,0.2,Colombo Stars,Galle Gladiators,N Dickwella,LD Chandimal,Imad Wasim,1,0,,,,,,,,,
1324530,2022/23,2022-12-13,Pallekele International Cricket Stadium,2,0.3,Colombo Stars,Galle Gladiators,LD Chandimal,N Dickwella,Imad Wasim,0,0,,,,,,,,,
1324530,2022/23,2022-12-13,Pallekele International Cricket Stadium,2,0.4,Colombo Stars,Galle Gladiators,LD Chandimal,N Dickwella,Imad Wasim,1,0,,,,,,,,,
1324530,2022/23,2022-12-13,Pallekele International Cricket Stadium,2,0.5,Colombo Stars,Galle Gladiators,N Dickwella,LD Chandimal,Imad Wasim,0,0,,,,,,,,,
1324530,2022/23,2022-12-13,Pallekele International Cricket Stadium,2,0.6,Colombo Stars,Galle Gladiators,N Dickwella,LD Chandimal,Imad Wasim,1,0,,,,,,,,,
1324530,2022/23,2022-12-13,Pallekele International Cricket Stadium,2,1.1,Colombo Stars,Galle Gladiators,N Dickwella,LD Chandimal,N Thushara,0,0,,,,,,,,,
1324530,2022/23,2022-12-13,Pallekele International Cricket Stadium,2,1.2,Colombo Stars,Galle Gladiators,N Dickwella,LD Chandimal,N Thushara,0,0,,,,,,bowled,N Dickwella,,
1324530,2022/23,2022-12-13,Pallekele International Cricket Stadium,2,1.3,Colombo Stars,Galle Gladiators,KIC Asalanka,LD Chandimal,N Thushara,0,0,,,,,,,,,
1324530,2022/23,2022-12-13,Pallekele International Cricket Stadium,2,1.4,Colombo Stars,Galle Gladiators,KIC Asalanka,LD Chandimal,N Thushara,0,0,,,,,,,,,
1324530,2022/23,2022-12-13,Pallekele International Cricket Stadium,2,1.5,Colombo Stars,Galle Gladiators,KIC Asalanka,LD Chandimal,N Thushara,0,1,1,,,,,,,,
1324530,2022/23,2022-12-13,Pallekele International Cricket Stadium,2,1.6,Colombo Stars,Galle Gladiators,KIC Asalanka,LD Chandimal,N Thushara,1,0,,,,,,,,,
1324530,2022/23,2022-12-13,Pallekele International Cricket Stadium,2,1.7,Colombo Stars,Galle Gladiators,LD Chandimal,KIC Asalanka,N Thushara,1,0,,,,,,,,,
1324530,2022/23,2022-12-13,Pallekele International Cricket Stadium,2,2.1,Colombo Stars,Galle Gladiators,LD Chandimal,KIC Asalanka,Imad Wasim,2,0,,,,,,,,,
1324530,2022/23,2022-12-13,Pallekele International Cricket Stadium,2,2.2,Colombo Stars,Galle Gladiators,LD Chandimal,KIC Asalanka,Imad Wasim,0,0,,,,,,,,,
1324530,2022/23,2022-12-13,Pallekele International Cricket Stadium,2,2.3,Colombo Stars,Galle Gladiators,LD Chandimal,KIC Asalanka,Imad Wasim,1,0,,,,,,,,,
1324530,2022/23,2022-12-13,Pallekele International Cricket Stadium,2,2.4,Colombo Stars,Galle Gladiators,KIC Asalanka,LD Chandimal,Imad Wasim,0,0,,,,,,,,,
1324530,2022/23,2022-12-13,Pallekele International Cricket Stadium,2,2.5,Colombo Stars,Galle Gladiators,KIC Asalanka,LD Chandimal,Imad Wasim,0,0,,,,,,,,,
1324530,2022/23,2022-12-13,Pallekele International Cricket Stadium,2,2.6,Colombo Stars,Galle Gladiators,KIC Asalanka,LD Chandimal,Imad Wasim,1,0,,,,,,,,,
1324530,2022/23,2022-12-13,Pallekele International Cricket Stadium,2,3.1,Colombo Stars,Galle Gladiators,KIC Asalanka,LD Chandimal,N Thushara,4,0,,,,,,,,,
1324530,2022/23,2022-12-13,Pallekele International Cricket Stadium,2,3.2,Colombo Stars,Galle Gladiators,KIC Asalanka,LD Chandimal,N Thushara,0,0,,,,,,,,,
1324530,2022/23,2022-12-13,Pallekele International Cricket Stadium,2,3.3,Colombo Stars,Galle Gladiators,KIC Asalanka,LD Chandimal,N Thushara,0,0,,,,,,,,,
1324530,2022/23,2022-12-13,Pallekele International Cricket Stadium,2,3.4,Colombo Stars,Galle Gladiators,KIC Asalanka,LD Chandimal,N Thushara,1,0,,,,,,,,,
1324530,2022/23,2022-12-13,Pallekele International Cricket Stadium,2,3.5,Colombo Stars,Galle Gladiators,LD Chandimal,KIC Asalanka,N Thushara,6,0,,,,,,,,,
1324530,2022/23,2022-12-13,Pallekele International Cricket Stadium,2,3.6,Colombo Stars,Galle Gladiators,LD Chandimal,KIC Asalanka,N Thushara,1,0,,,,,,,,,
1324530,2022/23,2022-12-13,Pallekele International Cricket Stadium,2,4.1,Colombo Stars,Galle Gladiators,LD Chandimal,KIC Asalanka,Wahab Riaz,4,0,,,,,,,,,
1324530,2022/23,2022-12-13,Pallekele International Cricket Stadium,2,4.2,Colombo Stars,Galle Gladiators,LD Chandimal,KIC Asalanka,Wahab Riaz,4,0,,,,,,,,,
1324530,2022/23,2022-12-13,Pallekele International Cricket Stadium,2,4.3,Colombo Stars,Galle Gladiators,LD Chandimal,KIC Asalanka,Wahab Riaz,4,0,,,,,,,,,
1324530,2022/23,2022-12-13,Pallekele International Cricket Stadium,2,4.4,Colombo Stars,Galle Gladiators,LD Chandimal,KIC Asalanka,Wahab Riaz,4,0,,,,,,,,,
1324530,2022/23,2022-12-13,Pallekele International Cricket Stadium,2,4.5,Colombo Stars,Galle Gladiators,LD Chandimal,KIC Asalanka,Wahab Riaz,0,0,,,,,,,,,
1324530,2022/23,2022-12-13,Pallekele International Cricket Stadium,2,4.6,Colombo Stars,Galle Gladiators,LD Chandimal,KIC Asalanka,Wahab Riaz,1,0,,,,,,,,,
1324530,2022/23,2022-12-13,Pallekele International Cricket Stadium,2,5.1,Colombo Stars,Galle Gladiators,LD Chandimal,KIC Asalanka,Anwar Ali,4,0,,,,,,,,,
1324530,2022/23,2022-12-13,Pallekele International Cricket Stadium,2,5.2,Colombo Stars,Galle Gladiators,LD Chandimal,KIC Asalanka,Anwar Ali,1,0,,,,,,,,,
1324530,2022/23,2022-12-13,Pallekele International Cricket Stadium,2,5.3,Colombo Stars,Galle Gladiators,KIC Asalanka,LD Chandimal,Anwar Ali,0,0,,,,,,,,,
1324530,2022/23,2022-12-13,Pallekele International Cricket Stadium,2,5.4,Colombo Stars,Galle Gladiators,KIC Asalanka,LD Chandimal,Anwar Ali,4,0,,,,,,,,,
1324530,2022/23,2022-12-13,Pallekele International Cricket Stadium,2,5.5,Colombo Stars,Galle Gladiators,KIC Asalanka,LD Chandimal,Anwar Ali,4,0,,,,,,,,,
1324530,2022/23,2022-12-13,Pallekele International Cricket Stadium,2,5.6,Colombo Stars,Galle Gladiators,KIC Asalanka,LD Chandimal,Anwar Ali,1,0,,,,,,,,,
1324530,2022/23,2022-12-13,Pallekele International Cricket Stadium,2,6.1,Colombo Stars,Galle Gladiators,KIC Asalanka,LD Chandimal,PADLR Sandakan,1,0,,,,,,,,,
1324530,2022/23,2022-12-13,Pallekele International Cricket Stadium,2,6.2,Colombo Stars,Galle Gladiators,LD Chandimal,KIC Asalanka,PADLR Sandakan,1,0,,,,,,,,,
1324530,2022/23,2022-12-13,Pallekele International Cricket Stadium,2,6.3,Colombo Stars,Galle Gladiators,KIC Asalanka,LD Chandimal,PADLR Sandakan,1,0,,,,,,,,,
1324530,2022/23,2022-12-13,Pallekele International Cricket Stadium,2,6.4,Colombo Stars,Galle Gladiators,LD Chandimal,KIC Asalanka,PADLR Sandakan,2,0,,,,,,,,,
1324530,2022/23,2022-12-13,Pallekele International Cricket Stadium,2,6.5,Colombo Stars,Galle Gladiators,LD Chandimal,KIC Asalanka,PADLR Sandakan,1,0,,,,,,,,,
1324530,2022/23,2022-12-13,Pallekele International Cricket Stadium,2,6.6,Colombo Stars,Galle Gladiators,KIC Asalanka,LD Chandimal,PADLR Sandakan,1,0,,,,,,,,,
1324530,2022/23,2022-12-13,Pallekele International Cricket Stadium,2,7.1,Colombo Stars,Galle Gladiators,KIC Asalanka,LD Chandimal,Anwar Ali,1,0,,,,,,,,,
1324530,2022/23,2022-12-13,Pallekele International Cricket Stadium,2,7.2,Colombo Stars,Galle Gladiators,LD Chandimal,KIC Asalanka,Anwar Ali,2,0,,,,,,,,,
1324530,2022/23,2022-12-13,Pallekele International Cricket Stadium,2,7.3,Colombo Stars,Galle Gladiators,LD Chandimal,KIC Asalanka,Anwar Ali,1,0,,,,,,,,,
1324530,2022/23,2022-12-13,Pallekele International Cricket Stadium,2,7.4,Colombo Stars,Galle Gladiators,KIC Asalanka,LD Chandimal,Anwar Ali,1,0,,,,,,,,,
1324530,2022/23,2022-12-13,Pallekele International Cricket Stadium,2,7.5,Colombo Stars,Galle Gladiators,LD Chandimal,KIC Asalanka,Anwar Ali,0,1,1,,,,,,,,
1324530,2022/23,2022-12-13,Pallekele International Cricket Stadium,2,7.6,Colombo Stars,Galle Gladiators,LD Chandimal,KIC Asalanka,Anwar Ali,1,0,,,,,,,,,
1324530,2022/23,2022-12-13,Pallekele International Cricket Stadium,2,7.7,Colombo Stars,Galle Gladiators,KIC Asalanka,LD Chandimal,Anwar Ali,1,0,,,,,,,,,
1324530,2022/23,2022-12-13,Pallekele International Cricket Stadium,2,8.1,Colombo Stars,Galle Gladiators,KIC Asalanka,LD Chandimal,PADLR Sandakan,1,0,,,,,,,,,
1324530,2022/23,2022-12-13,Pallekele International Cricket Stadium,2,8.2,Colombo Stars,Galle Gladiators,LD Chandimal,KIC Asalanka,PADLR Sandakan,1,0,,,,,,,,,
1324530,2022/23,2022-12-13,Pallekele International Cricket Stadium,2,8.3,Colombo Stars,Galle Gladiators,KIC Asalanka,LD Chandimal,PADLR Sandakan,1,0,,,,,,,,,
1324530,2022/23,2022-12-13,Pallekele International Cricket Stadium,2,8.4,Colombo Stars,Galle Gladiators,LD Chandimal,KIC Asalanka,PADLR Sandakan,6,0,,,,,,,,,
1324530,2022/23,2022-12-13,Pallekele International Cricket Stadium,2,8.5,Colombo Stars,Galle Gladiators,LD Chandimal,KIC Asalanka,PADLR Sandakan,1,0,,,,,,,,,
1324530,2022/23,2022-12-13,Pallekele International Cricket Stadium,2,8.6,Colombo Stars,Galle Gladiators,KIC Asalanka,LD Chandimal,PADLR Sandakan,1,0,,,,,,,,,
1324530,2022/23,2022-12-13,Pallekele International Cricket Stadium,2,9.1,Colombo Stars,Galle Gladiators,KIC Asalanka,LD Chandimal,Imad Wasim,1,0,,,,,,,,,
1324530,2022/23,2022-12-13,Pallekele International Cricket Stadium,2,9.2,Colombo Stars,Galle Gladiators,LD Chandimal,KIC Asalanka,Imad Wasim,1,0,,,,,,,,,
1324530,2022/23,2022-12-13,Pallekele International Cricket Stadium,2,9.3,Colombo Stars,Galle Gladiators,KIC Asalanka,LD Chandimal,Imad Wasim,1,0,,,,,,,,,
1324530,2022/23,2022-12-13,Pallekele International Cricket Stadium,2,9.4,Colombo Stars,Galle Gladiators,LD Chandimal,KIC Asalanka,Imad Wasim,0,0,,,,,,,,,
1324530,2022/23,2022-12-13,Pallekele International Cricket Stadium,2,9.5,Colombo Stars,Galle Gladiators,LD Chandimal,KIC Asalanka,Imad Wasim,0,0,,,,,,,,,
1324530,2022/23,2022-12-13,Pallekele International Cricket Stadium,2,9.6,Colombo Stars,Galle Gladiators,LD Chandimal,KIC Asalanka,Imad Wasim,1,0,,,,,,,,,
1324530,2022/23,2022-12-13,Pallekele International Cricket Stadium,2,10.1,Colombo Stars,Galle Gladiators,LD Chandimal,KIC Asalanka,Wahab Riaz,1,0,,,,,,,,,
1324530,2022/23,2022-12-13,Pallekele International Cricket Stadium,2,10.2,Colombo Stars,Galle Gladiators,KIC Asalanka,LD Chandimal,Wahab Riaz,0,0,,,,,,,,,
1324530,2022/23,2022-12-13,Pallekele International Cricket Stadium,2,10.3,Colombo Stars,Galle Gladiators,KIC Asalanka,LD Chandimal,Wahab Riaz,1,0,,,,,,,,,
1324530,2022/23,2022-12-13,Pallekele International Cricket Stadium,2,10.4,Colombo Stars,Galle Gladiators,LD Chandimal,KIC Asalanka,Wahab Riaz,6,0,,,,,,,,,
1324530,2022/23,2022-12-13,Pallekele International Cricket Stadium,2,10.5,Colombo Stars,Galle Gladiators,LD Chandimal,KIC Asalanka,Wahab Riaz,4,0,,,,,,,,,
1324530,2022/23,2022-12-13,Pallekele International Cricket Stadium,2,10.6,Colombo Stars,Galle Gladiators,LD Chandimal,KIC Asalanka,Wahab Riaz,0,0,,,,,,caught,LD Chandimal,,
1324530,2022/23,2022-12-13,Pallekele International Cricket Stadium,2,11.1,Colombo Stars,Galle Gladiators,KIC Asalanka,AD Mathews,PADLR Sandakan,0,4,,,4,,,,,,
1324530,2022/23,2022-12-13,Pallekele International Cricket Stadium,2,11.2,Colombo Stars,Galle Gladiators,KIC Asalanka,AD Mathews,PADLR Sandakan,1,0,,,,,,,,,
1324530,2022/23,2022-12-13,Pallekele International Cricket Stadium,2,11.3,Colombo Stars,Galle Gladiators,AD Mathews,KIC Asalanka,PADLR Sandakan,1,0,,,,,,,,,
1324530,2022/23,2022-12-13,Pallekele International Cricket Stadium,2,11.4,Colombo Stars,Galle Gladiators,KIC Asalanka,AD Mathews,PADLR Sandakan,0,0,,,,,,,,,
1324530,2022/23,2022-12-13,Pallekele International Cricket Stadium,2,11.5,Colombo Stars,Galle Gladiators,KIC Asalanka,AD Mathews,PADLR Sandakan,0,0,,,,,,,,,
1324530,2022/23,2022-12-13,Pallekele International Cricket Stadium,2,11.6,Colombo Stars,Galle Gladiators,KIC Asalanka,AD Mathews,PADLR Sandakan,0,0,,,,,,,,,
1324530,2022/23,2022-12-13,Pallekele International Cricket Stadium,2,12.1,Colombo Stars,Galle Gladiators,AD Mathews,KIC Asalanka,Imad Wasim,0,0,,,,,,,,,
1324530,2022/23,2022-12-13,Pallekele International Cricket Stadium,2,12.2,Colombo Stars,Galle Gladiators,AD Mathews,KIC Asalanka,Imad Wasim,0,0,,,,,,,,,
1324530,2022/23,2022-12-13,Pallekele International Cricket Stadium,2,12.3,Colombo Stars,Galle Gladiators,AD Mathews,KIC Asalanka,Imad Wasim,1,0,,,,,,,,,
1324530,2022/23,2022-12-13,Pallekele International Cricket Stadium,2,12.4,Colombo Stars,Galle Gladiators,KIC Asalanka,AD Mathews,Imad Wasim,6,0,,,,,,,,,
1324530,2022/23,2022-12-13,Pallekele International Cricket Stadium,2,12.5,Colombo Stars,Galle Gladiators,KIC Asalanka,AD Mathews,Imad Wasim,1,0,,,,,,,,,
1324530,2022/23,2022-12-13,Pallekele International Cricket Stadium,2,12.6,Colombo Stars,Galle Gladiators,AD Mathews,KIC Asalanka,Imad Wasim,1,0,,,,,,,,,
1324530,2022/23,2022-12-13,Pallekele International Cricket Stadium,2,13.1,Colombo Stars,Galle Gladiators,AD Mathews,KIC Asalanka,Anwar Ali,1,0,,,,,,,,,
1324530,2022/23,2022-12-13,Pallekele International Cricket Stadium,2,13.2,Colombo Stars,Galle Gladiators,KIC Asalanka,AD Mathews,Anwar Ali,2,0,,,,,,,,,
1324530,2022/23,2022-12-13,Pallekele International Cricket Stadium,2,13.3,Colombo Stars,Galle Gladiators,KIC Asalanka,AD Mathews,Anwar Ali,6,0,,,,,,,,,
1324530,2022/23,2022-12-13,Pallekele International Cricket Stadium,2,13.4,Colombo Stars,Galle Gladiators,KIC Asalanka,AD Mathews,Anwar Ali,2,0,,,,,,,,,
1324530,2022/23,2022-12-13,Pallekele International Cricket Stadium,2,13.5,Colombo Stars,Galle Gladiators,KIC Asalanka,AD Mathews,Anwar Ali,0,0,,,,,,caught,KIC Asalanka,,
1324530,2022/23,2022-12-13,Pallekele International Cricket Stadium,2,13.6,Colombo Stars,Galle Gladiators,DC Drakes,AD Mathews,Anwar Ali,0,0,,,,,,,,,
1324530,2022/23,2022-12-13,Pallekele International Cricket Stadium,2,14.1,Colombo Stars,Galle Gladiators,AD Mathews,DC Drakes,PADLR Sandakan,0,0,,,,,,run out,DC Drakes,,
1324530,2022/23,2022-12-13,Pallekele International Cricket Stadium,2,14.2,Colombo Stars,Galle Gladiators,BAC Howell,AD Mathews,PADLR Sandakan,6,0,,,,,,,,,
1324530,2022/23,2022-12-13,Pallekele International Cricket Stadium,2,14.3,Colombo Stars,Galle Gladiators,BAC Howell,AD Mathews,PADLR Sandakan,2,0,,,,,,,,,
1324530,2022/23,2022-12-13,Pallekele International Cricket Stadium,2,14.4,Colombo Stars,Galle Gladiators,BAC Howell,AD Mathews,PADLR Sandakan,4,0,,,,,,,,,
1324530,2022/23,2022-12-13,Pallekele International Cricket Stadium,2,14.5,Colombo Stars,Galle Gladiators,BAC Howell,AD Mathews,PADLR Sandakan,4,0,,,,,,,,,
1324530,2022/23,2022-12-13,Pallekele International Cricket Stadium,2,14.6,Colombo Stars,Galle Gladiators,BAC Howell,AD Mathews,PADLR Sandakan,1,0,,,,,,,,,
1324530,2022/23,2022-12-13,Pallekele International Cricket Stadium,2,15.1,Colombo Stars,Galle Gladiators,BAC Howell,AD Mathews,N Thushara,1,0,,,,,,,,,
1324530,2022/23,2022-12-13,Pallekele International Cricket Stadium,2,15.2,Colombo Stars,Galle Gladiators,AD Mathews,BAC Howell,N Thushara,1,0,,,,,,,,,
1324530,2022/23,2022-12-13,Pallekele International Cricket Stadium,2,15.3,Colombo Stars,Galle Gladiators,BAC Howell,AD Mathews,N Thushara,0,0,,,,,,,,,
1324530,2022/23,2022-12-13,Pallekele International Cricket Stadium,2,15.4,Colombo Stars,Galle Gladiators,BAC Howell,AD Mathews,N Thushara,4,0,,,,,,,,,
1324530,2022/23,2022-12-13,Pallekele International Cricket Stadium,2,15.5,Colombo Stars,Galle Gladiators,BAC Howell,AD Mathews,N Thushara,0,0,,,,,,caught,BAC Howell,,
1324530,2022/23,2022-12-13,Pallekele International Cricket Stadium,2,15.6,Colombo Stars,Galle Gladiators,RS Bopara,AD Mathews,N Thushara,0,0,,,,,,,,,
1324530,2022/23,2022-12-13,Pallekele International Cricket Stadium,2,16.1,Colombo Stars,Galle Gladiators,AD Mathews,RS Bopara,Wahab Riaz,1,0,,,,,,,,,
1324530,2022/23,2022-12-13,Pallekele International Cricket Stadium,2,16.2,Colombo Stars,Galle Gladiators,RS Bopara,AD Mathews,Wahab Riaz,4,0,,,,,,,,,
1324530,2022/23,2022-12-13,Pallekele International Cricket Stadium,2,16.3,Colombo Stars,Galle Gladiators,RS Bopara,AD Mathews,Wahab Riaz,2,0,,,,,,,,,
1324530,2022/23,2022-12-13,Pallekele International Cricket Stadium,2,16.4,Colombo Stars,Galle Gladiators,RS Bopara,AD Mathews,Wahab Riaz,0,1,1,,,,,,,,
1324530,2022/23,2022-12-13,Pallekele International Cricket Stadium,2,16.5,Colombo Stars,Galle Gladiators,RS Bopara,AD Mathews,Wahab Riaz,1,0,,,,,,,,,
1324530,2022/23,2022-12-13,Pallekele International Cricket Stadium,2,16.6,Colombo Stars,Galle Gladiators,AD Mathews,RS Bopara,Wahab Riaz,1,0,,,,,,,,,
1324530,2022/23,2022-12-13,Pallekele International Cricket Stadium,2,16.7,Colombo Stars,Galle Gladiators,RS Bopara,AD Mathews,Wahab Riaz,0,0,,,,,,,,,
1324530,2022/23,2022-12-13,Pallekele International Cricket Stadium,2,17.1,Colombo Stars,Galle Gladiators,AD Mathews,RS Bopara,N Thushara,0,0,,,,,,,,,
1324530,2022/23,2022-12-13,Pallekele International Cricket Stadium,2,17.2,Colombo Stars,Galle Gladiators,AD Mathews,RS Bopara,N Thushara,0,0,,,,,,caught,AD Mathews,,
1324530,2022/23,2022-12-13,Pallekele International Cricket Stadium,2,17.3,Colombo Stars,Galle Gladiators,S Prasanna,RS Bopara,N Thushara,0,2,,,2,,,,,,
1324530,2022/23,2022-12-13,Pallekele International Cricket Stadium,2,17.4,Colombo Stars,Galle Gladiators,S Prasanna,RS Bopara,N Thushara,6,0,,,,,,,,,
1324530,2022/23,2022-12-13,Pallekele International Cricket Stadium,2,17.5,Colombo Stars,Galle Gladiators,S Prasanna,RS Bopara,N Thushara,1,0,,,,,,,,,
1324530,2022/23,2022-12-13,Pallekele International Cricket Stadium,2,17.6,Colombo Stars,Galle Gladiators,RS Bopara,S Prasanna,N Thushara,1,0,,,,,,,,,
1324530,2022/23,2022-12-13,Pallekele International Cricket Stadium,2,18.1,Colombo Stars,Galle Gladiators,RS Bopara,S Prasanna,Wahab Riaz,0,1,1,,,,,,,,
1324530,2022/23,2022-12-13,Pallekele International Cricket Stadium,2,18.2,Colombo Stars,Galle Gladiators,RS Bopara,S Prasanna,Wahab Riaz,4,0,,,,,,,,,
1324530,2022/23,2022-12-13,Pallekele International Cricket Stadium,2,18.3,Colombo Stars,Galle Gladiators,RS Bopara,S Prasanna,Wahab Riaz,4,0,,,,,,,,,
1324530,2022/23,2022-12-13,Pallekele International Cricket Stadium,2,18.4,Colombo Stars,Galle Gladiators,RS Bopara,S Prasanna,Wahab Riaz,0,1,1,,,,,,,,
1324530,2022/23,2022-12-13,Pallekele International Cricket Stadium,2,18.5,Colombo Stars,Galle Gladiators,RS Bopara,S Prasanna,Wahab Riaz,4,0,,,,,,,,,
1324530,2022/23,2022-12-13,Pallekele International Cricket Stadium,2,18.6,Colombo Stars,Galle Gladiators,RS Bopara,S Prasanna,Wahab Riaz,1,0,,,,,,,,,
1324530,2022/23,2022-12-13,Pallekele International Cricket Stadium,2,18.7,Colombo Stars,Galle Gladiators,S Prasanna,RS Bopara,Wahab Riaz,1,0,,,,,,,,,
1324530,2022/23,2022-12-13,Pallekele International Cricket Stadium,2,18.8,Colombo Stars,Galle Gladiators,RS Bopara,S Prasanna,Wahab Riaz,6,0,,,,,,,,,
1324530,2022/23,2022-12-13,Pallekele International Cricket Stadium,2,19.1,Colombo Stars,Galle Gladiators,S Prasanna,RS Bopara,Anwar Ali,6,0,,,,,,,,,
1324530,2022/23,2022-12-13,Pallekele International Cricket Stadium,2,19.2,Colombo Stars,Galle Gladiators,S Prasanna,RS Bopara,Anwar Ali,0,0,,,,,,caught,S Prasanna,,
1324530,2022/23,2022-12-13,Pallekele International Cricket Stadium,2,19.3,Colombo Stars,Galle Gladiators,M Lakshan,RS Bopara,Anwar Ali,0,0,,,,,,,,,
1324530,2022/23,2022-12-13,Pallekele International Cricket Stadium,2,19.4,Colombo Stars,Galle Gladiators,M Lakshan,RS Bopara,Anwar Ali,0,0,,,,,,caught,M Lakshan,,
1324530,2022/23,2022-12-13,Pallekele International Cricket Stadium,2,19.5,Colombo Stars,Galle Gladiators,CAK Rajitha,RS Bopara,Anwar Ali,1,0,,,,,,,,,
1324530,2022/23,2022-12-13,Pallekele International Cricket Stadium,2,19.6,Colombo Stars,Galle Gladiators,RS Bopara,CAK Rajitha,Anwar Ali,4,0,,,,,,,,,
