match_id,season,start_date,venue,innings,ball,batting_team,bowling_team,striker,non_striker,bowler,runs_off_bat,extras,wides,noballs,byes,legbyes,penalty,wicket_type,player_dismissed,other_wicket_type,other_player_dismissed
1324527,2022/23,2022-12-12,Pallekele International Cricket Stadium,1,0.1,Galle Gladiators,Kandy Falcons,PTM Dabare,BKG Mendis,I Udana,0,0,,,,,,,,,
1324527,2022/23,2022-12-12,Pallekele International Cricket Stadium,1,0.2,Galle Gladiators,Kandy Falcons,PTM Dabare,BKG Mendis,I Udana,1,0,,,,,,,,,
1324527,2022/23,2022-12-12,Pallekele International Cricket Stadium,1,0.3,Galle Gladiators,Kandy Falcons,BKG Mendis,PTM Dabare,I Udana,0,0,,,,,,,,,
1324527,2022/23,2022-12-12,Pallekele International Cricket Stadium,1,0.4,Galle Gladiators,Kandy Falcons,BKG Mendis,PTM Dabare,I Udana,1,0,,,,,,,,,
1324527,2022/23,2022-12-12,Pallekele International Cricket Stadium,1,0.5,Galle Gladiators,Kandy Falcons,PTM Dabare,BKG Mendis,I Udana,0,0,,,,,,,,,
1324527,2022/23,2022-12-12,Pallekele International Cricket Stadium,1,0.6,Galle Gladiators,Kandy Falcons,PTM Dabare,BKG Mendis,I Udana,0,0,,,,,,,,,
1324527,2022/23,2022-12-12,Pallekele International Cricket Stadium,1,1.1,Galle Gladiators,Kandy Falcons,BKG Mendis,PTM Dabare,CR Brathwaite,0,0,,,,,,,,,
1324527,2022/23,2022-12-12,Pallekele International Cricket Stadium,1,1.2,Galle Gladiators,Kandy Falcons,BKG Mendis,PTM Dabare,CR Brathwaite,0,0,,,,,,caught,BKG Mendis,,
1324527,2022/23,2022-12-12,Pallekele International Cricket Stadium,1,1.3,Galle Gladiators,Kandy Falcons,LU Igalagamage,PTM Dabare,CR Brathwaite,1,0,,,,,,,,,
1324527,2022/23,2022-12-12,Pallekele International Cricket Stadium,1,1.4,Galle Gladiators,Kandy Falcons,PTM Dabare,LU Igalagamage,CR Brathwaite,0,0,,,,,,,,,
1324527,2022/23,2022-12-12,Pallekele International Cricket Stadium,1,1.5,Galle Gladiators,Kandy Falcons,PTM Dabare,LU Igalagamage,CR Brathwaite,1,0,,,,,,,,,
1324527,2022/23,2022-12-12,Pallekele International Cricket Stadium,1,1.6,Galle Gladiators,Kandy Falcons,LU Igalagamage,PTM Dabare,CR Brathwaite,0,0,,,,,,,,,
1324527,2022/23,2022-12-12,Pallekele International Cricket Stadium,1,2.1,Galle Gladiators,Kandy Falcons,PTM Dabare,LU Igalagamage,I Udana,1,0,,,,,,,,,
1324527,2022/23,2022-12-12,Pallekele International Cricket Stadium,1,2.2,Galle Gladiators,Kandy Falcons,LU Igalagamage,PTM Dabare,I Udana,0,0,,,,,,,,,
1324527,2022/23,2022-12-12,Pallekele International Cricket Stadium,1,2.3,Galle Gladiators,Kandy Falcons,LU Igalagamage,PTM Dabare,I Udana,0,0,,,,,,,,,
1324527,2022/23,2022-12-12,Pallekele International Cricket Stadium,1,2.4,Galle Gladiators,Kandy Falcons,LU Igalagamage,PTM Dabare,I Udana,4,0,,,,,,,,,
1324527,2022/23,2022-12-12,Pallekele International Cricket Stadium,1,2.5,Galle Gladiators,Kandy Falcons,LU Igalagamage,PTM Dabare,I Udana,0,0,,,,,,bowled,LU Igalagamage,,
1324527,2022/23,2022-12-12,Pallekele International Cricket Stadium,1,2.6,Galle Gladiators,Kandy Falcons,Azam Khan,PTM Dabare,I Udana,1,0,,,,,,,,,
1324527,2022/23,2022-12-12,Pallekele International Cricket Stadium,1,3.1,Galle Gladiators,Kandy Falcons,Azam Khan,PTM Dabare,CR Brathwaite,0,0,,,,,,,,,
1324527,2022/23,2022-12-12,Pallekele International Cricket Stadium,1,3.2,Galle Gladiators,Kandy Falcons,Azam Khan,PTM Dabare,CR Brathwaite,0,0,,,,,,lbw,Azam Khan,,
1324527,2022/23,2022-12-12,Pallekele International Cricket Stadium,1,3.3,Galle Gladiators,Kandy Falcons,Iftikhar Ahmed,PTM Dabare,CR Brathwaite,0,0,,,,,,caught,Iftikhar Ahmed,,
1324527,2022/23,2022-12-12,Pallekele International Cricket Stadium,1,3.4,Galle Gladiators,Kandy Falcons,MNK Fernando,PTM Dabare,CR Brathwaite,0,0,,,,,,,,,
1324527,2022/23,2022-12-12,Pallekele International Cricket Stadium,1,3.5,Galle Gladiators,Kandy Falcons,MNK Fernando,PTM Dabare,CR Brathwaite,0,0,,,,,,,,,
1324527,2022/23,2022-12-12,Pallekele International Cricket Stadium,1,3.6,Galle Gladiators,Kandy Falcons,MNK Fernando,PTM Dabare,CR Brathwaite,0,0,,,,,,,,,
1324527,2022/23,2022-12-12,Pallekele International Cricket Stadium,1,4.1,Galle Gladiators,Kandy Falcons,PTM Dabare,MNK Fernando,I Udana,0,1,,,,1,,,,,
1324527,2022/23,2022-12-12,Pallekele International Cricket Stadium,1,4.2,Galle Gladiators,Kandy Falcons,MNK Fernando,PTM Dabare,I Udana,0,0,,,,,,,,,
1324527,2022/23,2022-12-12,Pallekele International Cricket Stadium,1,4.3,Galle Gladiators,Kandy Falcons,MNK Fernando,PTM Dabare,I Udana,4,0,,,,,,,,,
1324527,2022/23,2022-12-12,Pallekele International Cricket Stadium,1,4.4,Galle Gladiators,Kandy Falcons,MNK Fernando,PTM Dabare,I Udana,0,0,,,,,,,,,
1324527,2022/23,2022-12-12,Pallekele International Cricket Stadium,1,4.5,Galle Gladiators,Kandy Falcons,MNK Fernando,PTM Dabare,I Udana,0,1,1,,,,,,,,
1324527,2022/23,2022-12-12,Pallekele International Cricket Stadium,1,4.6,Galle Gladiators,Kandy Falcons,MNK Fernando,PTM Dabare,I Udana,0,0,,,,,,,,,
1324527,2022/23,2022-12-12,Pallekele International Cricket Stadium,1,4.7,Galle Gladiators,Kandy Falcons,MNK Fernando,PTM Dabare,I Udana,3,0,,,,,,,,,
1324527,2022/23,2022-12-12,Pallekele International Cricket Stadium,1,5.1,Galle Gladiators,Kandy Falcons,MNK Fernando,PTM Dabare,CR Brathwaite,0,0,,,,,,,,,
1324527,2022/23,2022-12-12,Pallekele International Cricket Stadium,1,5.2,Galle Gladiators,Kandy Falcons,MNK Fernando,PTM Dabare,CR Brathwaite,0,0,,,,,,,,,
1324527,2022/23,2022-12-12,Pallekele International Cricket Stadium,1,5.3,Galle Gladiators,Kandy Falcons,MNK Fernando,PTM Dabare,CR Brathwaite,0,1,1,,,,,,,,
1324527,2022/23,2022-12-12,Pallekele International Cricket Stadium,1,5.4,Galle Gladiators,Kandy Falcons,MNK Fernando,PTM Dabare,CR Brathwaite,2,0,,,,,,,,,
1324527,2022/23,2022-12-12,Pallekele International Cricket Stadium,1,5.5,Galle Gladiators,Kandy Falcons,MNK Fernando,PTM Dabare,CR Brathwaite,0,0,,,,,,,,,
1324527,2022/23,2022-12-12,Pallekele International Cricket Stadium,1,5.6,Galle Gladiators,Kandy Falcons,MNK Fernando,PTM Dabare,CR Brathwaite,1,0,,,,,,,,,
1324527,2022/23,2022-12-12,Pallekele International Cricket Stadium,1,5.7,Galle Gladiators,Kandy Falcons,PTM Dabare,MNK Fernando,CR Brathwaite,0,0,,,,,,,,,
1324527,2022/23,2022-12-12,Pallekele International Cricket Stadium,1,6.1,Galle Gladiators,Kandy Falcons,MNK Fernando,PTM Dabare,SMA Priyanjan,1,0,,,,,,,,,
1324527,2022/23,2022-12-12,Pallekele International Cricket Stadium,1,6.2,Galle Gladiators,Kandy Falcons,PTM Dabare,MNK Fernando,SMA Priyanjan,2,0,,,,,,,,,
1324527,2022/23,2022-12-12,Pallekele International Cricket Stadium,1,6.3,Galle Gladiators,Kandy Falcons,PTM Dabare,MNK Fernando,SMA Priyanjan,1,0,,,,,,,,,
1324527,2022/23,2022-12-12,Pallekele International Cricket Stadium,1,6.4,Galle Gladiators,Kandy Falcons,MNK Fernando,PTM Dabare,SMA Priyanjan,1,0,,,,,,,,,
1324527,2022/23,2022-12-12,Pallekele International Cricket Stadium,1,6.5,Galle Gladiators,Kandy Falcons,PTM Dabare,MNK Fernando,SMA Priyanjan,6,0,,,,,,,,,
1324527,2022/23,2022-12-12,Pallekele International Cricket Stadium,1,6.6,Galle Gladiators,Kandy Falcons,PTM Dabare,MNK Fernando,SMA Priyanjan,6,0,,,,,,,,,
1324527,2022/23,2022-12-12,Pallekele International Cricket Stadium,1,7.1,Galle Gladiators,Kandy Falcons,MNK Fernando,PTM Dabare,PWH de Silva,0,0,,,,,,,,,
1324527,2022/23,2022-12-12,Pallekele International Cricket Stadium,1,7.2,Galle Gladiators,Kandy Falcons,MNK Fernando,PTM Dabare,PWH de Silva,1,0,,,,,,,,,
1324527,2022/23,2022-12-12,Pallekele International Cricket Stadium,1,7.3,Galle Gladiators,Kandy Falcons,PTM Dabare,MNK Fernando,PWH de Silva,0,0,,,,,,,,,
1324527,2022/23,2022-12-12,Pallekele International Cricket Stadium,1,7.4,Galle Gladiators,Kandy Falcons,PTM Dabare,MNK Fernando,PWH de Silva,1,0,,,,,,,,,
1324527,2022/23,2022-12-12,Pallekele International Cricket Stadium,1,7.5,Galle Gladiators,Kandy Falcons,MNK Fernando,PTM Dabare,PWH de Silva,1,0,,,,,,,,,
1324527,2022/23,2022-12-12,Pallekele International Cricket Stadium,1,7.6,Galle Gladiators,Kandy Falcons,PTM Dabare,MNK Fernando,PWH de Silva,4,0,,,,,,,,,
1324527,2022/23,2022-12-12,Pallekele International Cricket Stadium,1,8.1,Galle Gladiators,Kandy Falcons,MNK Fernando,PTM Dabare,Zahoor Khan,0,1,1,,,,,,,,
1324527,2022/23,2022-12-12,Pallekele International Cricket Stadium,1,8.2,Galle Gladiators,Kandy Falcons,MNK Fernando,PTM Dabare,Zahoor Khan,2,0,,,,,,,,,
1324527,2022/23,2022-12-12,Pallekele International Cricket Stadium,1,8.3,Galle Gladiators,Kandy Falcons,MNK Fernando,PTM Dabare,Zahoor Khan,4,0,,,,,,,,,
1324527,2022/23,2022-12-12,Pallekele International Cricket Stadium,1,8.4,Galle Gladiators,Kandy Falcons,MNK Fernando,PTM Dabare,Zahoor Khan,0,0,,,,,,,,,
1324527,2022/23,2022-12-12,Pallekele International Cricket Stadium,1,8.5,Galle Gladiators,Kandy Falcons,MNK Fernando,PTM Dabare,Zahoor Khan,1,0,,,,,,,,,
1324527,2022/23,2022-12-12,Pallekele International Cricket Stadium,1,8.6,Galle Gladiators,Kandy Falcons,PTM Dabare,MNK Fernando,Zahoor Khan,0,0,,,,,,,,,
1324527,2022/23,2022-12-12,Pallekele International Cricket Stadium,1,8.7,Galle Gladiators,Kandy Falcons,PTM Dabare,MNK Fernando,Zahoor Khan,1,0,,,,,,,,,
1324527,2022/23,2022-12-12,Pallekele International Cricket Stadium,1,9.1,Galle Gladiators,Kandy Falcons,PTM Dabare,MNK Fernando,C Karunaratne,1,0,,,,,,,,,
1324527,2022/23,2022-12-12,Pallekele International Cricket Stadium,1,9.2,Galle Gladiators,Kandy Falcons,MNK Fernando,PTM Dabare,C Karunaratne,4,0,,,,,,,,,
1324527,2022/23,2022-12-12,Pallekele International Cricket Stadium,1,9.3,Galle Gladiators,Kandy Falcons,MNK Fernando,PTM Dabare,C Karunaratne,1,0,,,,,,,,,
1324527,2022/23,2022-12-12,Pallekele International Cricket Stadium,1,9.4,Galle Gladiators,Kandy Falcons,PTM Dabare,MNK Fernando,C Karunaratne,1,0,,,,,,,,,
1324527,2022/23,2022-12-12,Pallekele International Cricket Stadium,1,9.5,Galle Gladiators,Kandy Falcons,MNK Fernando,PTM Dabare,C Karunaratne,1,0,,,,,,,,,
1324527,2022/23,2022-12-12,Pallekele International Cricket Stadium,1,9.6,Galle Gladiators,Kandy Falcons,PTM Dabare,MNK Fernando,C Karunaratne,2,0,,,,,,,,,
1324527,2022/23,2022-12-12,Pallekele International Cricket Stadium,1,10.1,Galle Gladiators,Kandy Falcons,MNK Fernando,PTM Dabare,Zahoor Khan,4,0,,,,,,,,,
1324527,2022/23,2022-12-12,Pallekele International Cricket Stadium,1,10.2,Galle Gladiators,Kandy Falcons,MNK Fernando,PTM Dabare,Zahoor Khan,1,0,,,,,,,,,
1324527,2022/23,2022-12-12,Pallekele International Cricket Stadium,1,10.3,Galle Gladiators,Kandy Falcons,PTM Dabare,MNK Fernando,Zahoor Khan,4,0,,,,,,,,,
1324527,2022/23,2022-12-12,Pallekele International Cricket Stadium,1,10.4,Galle Gladiators,Kandy Falcons,PTM Dabare,MNK Fernando,Zahoor Khan,1,0,,,,,,,,,
1324527,2022/23,2022-12-12,Pallekele International Cricket Stadium,1,10.5,Galle Gladiators,Kandy Falcons,MNK Fernando,PTM Dabare,Zahoor Khan,2,0,,,,,,,,,
1324527,2022/23,2022-12-12,Pallekele International Cricket Stadium,1,10.6,Galle Gladiators,Kandy Falcons,MNK Fernando,PTM Dabare,Zahoor Khan,0,0,,,,,,,,,
1324527,2022/23,2022-12-12,Pallekele International Cricket Stadium,1,11.1,Galle Gladiators,Kandy Falcons,PTM Dabare,MNK Fernando,PWH de Silva,1,0,,,,,,,,,
1324527,2022/23,2022-12-12,Pallekele International Cricket Stadium,1,11.2,Galle Gladiators,Kandy Falcons,MNK Fernando,PTM Dabare,PWH de Silva,1,0,,,,,,,,,
1324527,2022/23,2022-12-12,Pallekele International Cricket Stadium,1,11.3,Galle Gladiators,Kandy Falcons,PTM Dabare,MNK Fernando,PWH de Silva,1,0,,,,,,,,,
1324527,2022/23,2022-12-12,Pallekele International Cricket Stadium,1,11.4,Galle Gladiators,Kandy Falcons,MNK Fernando,PTM Dabare,PWH de Silva,1,0,,,,,,,,,
1324527,2022/23,2022-12-12,Pallekele International Cricket Stadium,1,11.5,Galle Gladiators,Kandy Falcons,PTM Dabare,MNK Fernando,PWH de Silva,0,0,,,,,,,,,
1324527,2022/23,2022-12-12,Pallekele International Cricket Stadium,1,11.6,Galle Gladiators,Kandy Falcons,PTM Dabare,MNK Fernando,PWH de Silva,1,0,,,,,,,,,
1324527,2022/23,2022-12-12,Pallekele International Cricket Stadium,1,12.1,Galle Gladiators,Kandy Falcons,PTM Dabare,MNK Fernando,C Karunaratne,0,0,,,,,,,,,
1324527,2022/23,2022-12-12,Pallekele International Cricket Stadium,1,12.2,Galle Gladiators,Kandy Falcons,PTM Dabare,MNK Fernando,C Karunaratne,1,0,,,,,,,,,
1324527,2022/23,2022-12-12,Pallekele International Cricket Stadium,1,12.3,Galle Gladiators,Kandy Falcons,MNK Fernando,PTM Dabare,C Karunaratne,3,0,,,,,,,,,
1324527,2022/23,2022-12-12,Pallekele International Cricket Stadium,1,12.4,Galle Gladiators,Kandy Falcons,PTM Dabare,MNK Fernando,C Karunaratne,0,0,,,,,,,,,
1324527,2022/23,2022-12-12,Pallekele International Cricket Stadium,1,12.5,Galle Gladiators,Kandy Falcons,PTM Dabare,MNK Fernando,C Karunaratne,1,0,,,,,,,,,
1324527,2022/23,2022-12-12,Pallekele International Cricket Stadium,1,12.6,Galle Gladiators,Kandy Falcons,MNK Fernando,PTM Dabare,C Karunaratne,1,0,,,,,,,,,
1324527,2022/23,2022-12-12,Pallekele International Cricket Stadium,1,13.1,Galle Gladiators,Kandy Falcons,MNK Fernando,PTM Dabare,PWH de Silva,2,0,,,,,,,,,
1324527,2022/23,2022-12-12,Pallekele International Cricket Stadium,1,13.2,Galle Gladiators,Kandy Falcons,MNK Fernando,PTM Dabare,PWH de Silva,0,0,,,,,,,,,
1324527,2022/23,2022-12-12,Pallekele International Cricket Stadium,1,13.3,Galle Gladiators,Kandy Falcons,MNK Fernando,PTM Dabare,PWH de Silva,1,0,,,,,,,,,
1324527,2022/23,2022-12-12,Pallekele International Cricket Stadium,1,13.4,Galle Gladiators,Kandy Falcons,PTM Dabare,MNK Fernando,PWH de Silva,1,0,,,,,,,,,
1324527,2022/23,2022-12-12,Pallekele International Cricket Stadium,1,13.5,Galle Gladiators,Kandy Falcons,MNK Fernando,PTM Dabare,PWH de Silva,1,0,,,,,,,,,
1324527,2022/23,2022-12-12,Pallekele International Cricket Stadium,1,13.6,Galle Gladiators,Kandy Falcons,PTM Dabare,MNK Fernando,PWH de Silva,1,0,,,,,,,,,
1324527,2022/23,2022-12-12,Pallekele International Cricket Stadium,1,14.1,Galle Gladiators,Kandy Falcons,PTM Dabare,MNK Fernando,CR Brathwaite,4,0,,,,,,,,,
1324527,2022/23,2022-12-12,Pallekele International Cricket Stadium,1,14.2,Galle Gladiators,Kandy Falcons,PTM Dabare,MNK Fernando,CR Brathwaite,1,0,,,,,,,,,
1324527,2022/23,2022-12-12,Pallekele International Cricket Stadium,1,14.3,Galle Gladiators,Kandy Falcons,MNK Fernando,PTM Dabare,CR Brathwaite,1,0,,,,,,,,,
1324527,2022/23,2022-12-12,Pallekele International Cricket Stadium,1,14.4,Galle Gladiators,Kandy Falcons,PTM Dabare,MNK Fernando,CR Brathwaite,0,1,,,,1,,,,,
1324527,2022/23,2022-12-12,Pallekele International Cricket Stadium,1,14.5,Galle Gladiators,Kandy Falcons,MNK Fernando,PTM Dabare,CR Brathwaite,4,0,,,,,,,,,
1324527,2022/23,2022-12-12,Pallekele International Cricket Stadium,1,14.6,Galle Gladiators,Kandy Falcons,MNK Fernando,PTM Dabare,CR Brathwaite,1,0,,,,,,,,,
1324527,2022/23,2022-12-12,Pallekele International Cricket Stadium,1,15.1,Galle Gladiators,Kandy Falcons,MNK Fernando,PTM Dabare,PWH de Silva,0,0,,,,,,,,,
1324527,2022/23,2022-12-12,Pallekele International Cricket Stadium,1,15.2,Galle Gladiators,Kandy Falcons,MNK Fernando,PTM Dabare,PWH de Silva,1,0,,,,,,,,,
1324527,2022/23,2022-12-12,Pallekele International Cricket Stadium,1,15.3,Galle Gladiators,Kandy Falcons,PTM Dabare,MNK Fernando,PWH de Silva,1,0,,,,,,,,,
1324527,2022/23,2022-12-12,Pallekele International Cricket Stadium,1,15.4,Galle Gladiators,Kandy Falcons,MNK Fernando,PTM Dabare,PWH de Silva,1,0,,,,,,,,,
1324527,2022/23,2022-12-12,Pallekele International Cricket Stadium,1,15.5,Galle Gladiators,Kandy Falcons,PTM Dabare,MNK Fernando,PWH de Silva,1,0,,,,,,,,,
1324527,2022/23,2022-12-12,Pallekele International Cricket Stadium,1,15.6,Galle Gladiators,Kandy Falcons,MNK Fernando,PTM Dabare,PWH de Silva,1,0,,,,,,,,,
1324527,2022/23,2022-12-12,Pallekele International Cricket Stadium,1,16.1,Galle Gladiators,Kandy Falcons,MNK Fernando,PTM Dabare,C Karunaratne,1,0,,,,,,,,,
1324527,2022/23,2022-12-12,Pallekele International Cricket Stadium,1,16.2,Galle Gladiators,Kandy Falcons,PTM Dabare,MNK Fernando,C Karunaratne,0,0,,,,,,,,,
1324527,2022/23,2022-12-12,Pallekele International Cricket Stadium,1,16.3,Galle Gladiators,Kandy Falcons,PTM Dabare,MNK Fernando,C Karunaratne,1,0,,,,,,,,,
1324527,2022/23,2022-12-12,Pallekele International Cricket Stadium,1,16.4,Galle Gladiators,Kandy Falcons,MNK Fernando,PTM Dabare,C Karunaratne,1,0,,,,,,,,,
1324527,2022/23,2022-12-12,Pallekele International Cricket Stadium,1,16.5,Galle Gladiators,Kandy Falcons,PTM Dabare,MNK Fernando,C Karunaratne,4,0,,,,,,,,,
1324527,2022/23,2022-12-12,Pallekele International Cricket Stadium,1,16.6,Galle Gladiators,Kandy Falcons,PTM Dabare,MNK Fernando,C Karunaratne,1,0,,,,,,,,,
1324527,2022/23,2022-12-12,Pallekele International Cricket Stadium,1,17.1,Galle Gladiators,Kandy Falcons,PTM Dabare,MNK Fernando,I Udana,1,0,,,,,,,,,
1324527,2022/23,2022-12-12,Pallekele International Cricket Stadium,1,17.2,Galle Gladiators,Kandy Falcons,MNK Fernando,PTM Dabare,I Udana,0,0,,,,,,,,,
1324527,2022/23,2022-12-12,Pallekele International Cricket Stadium,1,17.3,Galle Gladiators,Kandy Falcons,MNK Fernando,PTM Dabare,I Udana,1,0,,,,,,,,,
1324527,2022/23,2022-12-12,Pallekele International Cricket Stadium,1,17.4,Galle Gladiators,Kandy Falcons,PTM Dabare,MNK Fernando,I Udana,1,0,,,,,,,,,
1324527,2022/23,2022-12-12,Pallekele International Cricket Stadium,1,17.5,Galle Gladiators,Kandy Falcons,MNK Fernando,PTM Dabare,I Udana,0,0,,,,,,,,,
1324527,2022/23,2022-12-12,Pallekele International Cricket Stadium,1,17.6,Galle Gladiators,Kandy Falcons,MNK Fernando,PTM Dabare,I Udana,0,0,,,,,,lbw,MNK Fernando,,
1324527,2022/23,2022-12-12,Pallekele International Cricket Stadium,1,18.1,Galle Gladiators,Kandy Falcons,PTM Dabare,Imad Wasim,Zahoor Khan,4,0,,,,,,,,,
1324527,2022/23,2022-12-12,Pallekele International Cricket Stadium,1,18.2,Galle Gladiators,Kandy Falcons,PTM Dabare,Imad Wasim,Zahoor Khan,2,0,,,,,,,,,
1324527,2022/23,2022-12-12,Pallekele International Cricket Stadium,1,18.3,Galle Gladiators,Kandy Falcons,PTM Dabare,Imad Wasim,Zahoor Khan,1,0,,,,,,,,,
1324527,2022/23,2022-12-12,Pallekele International Cricket Stadium,1,18.4,Galle Gladiators,Kandy Falcons,Imad Wasim,PTM Dabare,Zahoor Khan,4,0,,,,,,,,,
1324527,2022/23,2022-12-12,Pallekele International Cricket Stadium,1,18.5,Galle Gladiators,Kandy Falcons,Imad Wasim,PTM Dabare,Zahoor Khan,6,0,,,,,,,,,
1324527,2022/23,2022-12-12,Pallekele International Cricket Stadium,1,18.6,Galle Gladiators,Kandy Falcons,Imad Wasim,PTM Dabare,Zahoor Khan,4,0,,,,,,,,,
1324527,2022/23,2022-12-12,Pallekele International Cricket Stadium,1,19.1,Galle Gladiators,Kandy Falcons,PTM Dabare,Imad Wasim,C Karunaratne,1,0,,,,,,,,,
1324527,2022/23,2022-12-12,Pallekele International Cricket Stadium,1,19.2,Galle Gladiators,Kandy Falcons,Imad Wasim,PTM Dabare,C Karunaratne,0,0,,,,,,,,,
1324527,2022/23,2022-12-12,Pallekele International Cricket Stadium,1,19.3,Galle Gladiators,Kandy Falcons,Imad Wasim,PTM Dabare,C Karunaratne,1,0,,,,,,,,,
1324527,2022/23,2022-12-12,Pallekele International Cricket Stadium,1,19.4,Galle Gladiators,Kandy Falcons,PTM Dabare,Imad Wasim,C Karunaratne,4,0,,,,,,,,,
1324527,2022/23,2022-12-12,Pallekele International Cricket Stadium,1,19.5,Galle Gladiators,Kandy Falcons,PTM Dabare,Imad Wasim,C Karunaratne,2,0,,,,,,,,,
1324527,2022/23,2022-12-12,Pallekele International Cricket Stadium,1,19.6,Galle Gladiators,Kandy Falcons,PTM Dabare,Imad Wasim,C Karunaratne,1,0,,,,,,run out,PTM Dabare,,
1324527,2022/23,2022-12-12,Pallekele International Cricket Stadium,2,0.1,Kandy Falcons,Galle Gladiators,P Nissanka,ADS Fletcher,Imad Wasim,0,0,,,,,,,,,
1324527,2022/23,2022-12-12,Pallekele International Cricket Stadium,2,0.2,Kandy Falcons,Galle Gladiators,P Nissanka,ADS Fletcher,Imad Wasim,0,0,,,,,,,,,
1324527,2022/23,2022-12-12,Pallekele International Cricket Stadium,2,0.3,Kandy Falcons,Galle Gladiators,P Nissanka,ADS Fletcher,Imad Wasim,0,0,,,,,,,,,
1324527,2022/23,2022-12-12,Pallekele International Cricket Stadium,2,0.4,Kandy Falcons,Galle Gladiators,P Nissanka,ADS Fletcher,Imad Wasim,1,0,,,,,,,,,
1324527,2022/23,2022-12-12,Pallekele International Cricket Stadium,2,0.5,Kandy Falcons,Galle Gladiators,ADS Fletcher,P Nissanka,Imad Wasim,1,0,,,,,,,,,
1324527,2022/23,2022-12-12,Pallekele International Cricket Stadium,2,0.6,Kandy Falcons,Galle Gladiators,P Nissanka,ADS Fletcher,Imad Wasim,0,0,,,,,,,,,
1324527,2022/23,2022-12-12,Pallekele International Cricket Stadium,2,1.1,Kandy Falcons,Galle Gladiators,ADS Fletcher,P Nissanka,N Thushara,0,0,,,,,,,,,
1324527,2022/23,2022-12-12,Pallekele International Cricket Stadium,2,1.2,Kandy Falcons,Galle Gladiators,ADS Fletcher,P Nissanka,N Thushara,4,0,,,,,,,,,
1324527,2022/23,2022-12-12,Pallekele International Cricket Stadium,2,1.3,Kandy Falcons,Galle Gladiators,ADS Fletcher,P Nissanka,N Thushara,0,0,,,,,,,,,
1324527,2022/23,2022-12-12,Pallekele International Cricket Stadium,2,1.4,Kandy Falcons,Galle Gladiators,ADS Fletcher,P Nissanka,N Thushara,0,0,,,,,,,,,
1324527,2022/23,2022-12-12,Pallekele International Cricket Stadium,2,1.5,Kandy Falcons,Galle Gladiators,ADS Fletcher,P Nissanka,N Thushara,1,0,,,,,,,,,
1324527,2022/23,2022-12-12,Pallekele International Cricket Stadium,2,1.6,Kandy Falcons,Galle Gladiators,P Nissanka,ADS Fletcher,N Thushara,1,0,,,,,,,,,
1324527,2022/23,2022-12-12,Pallekele International Cricket Stadium,2,2.1,Kandy Falcons,Galle Gladiators,P Nissanka,ADS Fletcher,Imad Wasim,0,0,,,,,,,,,
1324527,2022/23,2022-12-12,Pallekele International Cricket Stadium,2,2.2,Kandy Falcons,Galle Gladiators,P Nissanka,ADS Fletcher,Imad Wasim,0,0,,,,,,,,,
1324527,2022/23,2022-12-12,Pallekele International Cricket Stadium,2,2.3,Kandy Falcons,Galle Gladiators,P Nissanka,ADS Fletcher,Imad Wasim,1,0,,,,,,,,,
1324527,2022/23,2022-12-12,Pallekele International Cricket Stadium,2,2.4,Kandy Falcons,Galle Gladiators,ADS Fletcher,P Nissanka,Imad Wasim,1,0,,,,,,,,,
1324527,2022/23,2022-12-12,Pallekele International Cricket Stadium,2,2.5,Kandy Falcons,Galle Gladiators,P Nissanka,ADS Fletcher,Imad Wasim,1,0,,,,,,,,,
1324527,2022/23,2022-12-12,Pallekele International Cricket Stadium,2,2.6,Kandy Falcons,Galle Gladiators,ADS Fletcher,P Nissanka,Imad Wasim,1,0,,,,,,,,,
1324527,2022/23,2022-12-12,Pallekele International Cricket Stadium,2,3.1,Kandy Falcons,Galle Gladiators,ADS Fletcher,P Nissanka,N Thushara,0,0,,,,,,caught,ADS Fletcher,,
1324527,2022/23,2022-12-12,Pallekele International Cricket Stadium,2,3.2,Kandy Falcons,Galle Gladiators,PHKD Mendis,P Nissanka,N Thushara,0,0,,,,,,,,,
1324527,2022/23,2022-12-12,Pallekele International Cricket Stadium,2,3.3,Kandy Falcons,Galle Gladiators,PHKD Mendis,P Nissanka,N Thushara,1,0,,,,,,,,,
1324527,2022/23,2022-12-12,Pallekele International Cricket Stadium,2,3.4,Kandy Falcons,Galle Gladiators,P Nissanka,PHKD Mendis,N Thushara,0,0,,,,,,,,,
1324527,2022/23,2022-12-12,Pallekele International Cricket Stadium,2,3.5,Kandy Falcons,Galle Gladiators,P Nissanka,PHKD Mendis,N Thushara,4,0,,,,,,,,,
1324527,2022/23,2022-12-12,Pallekele International Cricket Stadium,2,3.6,Kandy Falcons,Galle Gladiators,P Nissanka,PHKD Mendis,N Thushara,0,0,,,,,,,,,
1324527,2022/23,2022-12-12,Pallekele International Cricket Stadium,2,4.1,Kandy Falcons,Galle Gladiators,PHKD Mendis,P Nissanka,Wahab Riaz,0,0,,,,,,,,,
1324527,2022/23,2022-12-12,Pallekele International Cricket Stadium,2,4.2,Kandy Falcons,Galle Gladiators,PHKD Mendis,P Nissanka,Wahab Riaz,0,0,,,,,,,,,
1324527,2022/23,2022-12-12,Pallekele International Cricket Stadium,2,4.3,Kandy Falcons,Galle Gladiators,PHKD Mendis,P Nissanka,Wahab Riaz,0,0,,,,,,,,,
1324527,2022/23,2022-12-12,Pallekele International Cricket Stadium,2,4.4,Kandy Falcons,Galle Gladiators,PHKD Mendis,P Nissanka,Wahab Riaz,0,0,,,,,,,,,
1324527,2022/23,2022-12-12,Pallekele International Cricket Stadium,2,4.5,Kandy Falcons,Galle Gladiators,PHKD Mendis,P Nissanka,Wahab Riaz,4,0,,,,,,,,,
1324527,2022/23,2022-12-12,Pallekele International Cricket Stadium,2,4.6,Kandy Falcons,Galle Gladiators,PHKD Mendis,P Nissanka,Wahab Riaz,0,0,,,,,,,,,
1324527,2022/23,2022-12-12,Pallekele International Cricket Stadium,2,5.1,Kandy Falcons,Galle Gladiators,P Nissanka,PHKD Mendis,N Pradeep,1,0,,,,,,,,,
1324527,2022/23,2022-12-12,Pallekele International Cricket Stadium,2,5.2,Kandy Falcons,Galle Gladiators,PHKD Mendis,P Nissanka,N Pradeep,0,0,,,,,,,,,
1324527,2022/23,2022-12-12,Pallekele International Cricket Stadium,2,5.3,Kandy Falcons,Galle Gladiators,PHKD Mendis,P Nissanka,N Pradeep,1,0,,,,,,,,,
1324527,2022/23,2022-12-12,Pallekele International Cricket Stadium,2,5.4,Kandy Falcons,Galle Gladiators,P Nissanka,PHKD Mendis,N Pradeep,0,0,,,,,,,,,
1324527,2022/23,2022-12-12,Pallekele International Cricket Stadium,2,5.5,Kandy Falcons,Galle Gladiators,P Nissanka,PHKD Mendis,N Pradeep,2,0,,,,,,,,,
1324527,2022/23,2022-12-12,Pallekele International Cricket Stadium,2,5.6,Kandy Falcons,Galle Gladiators,P Nissanka,PHKD Mendis,N Pradeep,4,0,,,,,,,,,
1324527,2022/23,2022-12-12,Pallekele International Cricket Stadium,2,6.1,Kandy Falcons,Galle Gladiators,PHKD Mendis,P Nissanka,PADLR Sandakan,1,0,,,,,,,,,
1324527,2022/23,2022-12-12,Pallekele International Cricket Stadium,2,6.2,Kandy Falcons,Galle Gladiators,P Nissanka,PHKD Mendis,PADLR Sandakan,0,0,,,,,,,,,
1324527,2022/23,2022-12-12,Pallekele International Cricket Stadium,2,6.3,Kandy Falcons,Galle Gladiators,P Nissanka,PHKD Mendis,PADLR Sandakan,0,0,,,,,,,,,
1324527,2022/23,2022-12-12,Pallekele International Cricket Stadium,2,6.4,Kandy Falcons,Galle Gladiators,P Nissanka,PHKD Mendis,PADLR Sandakan,0,0,,,,,,,,,
1324527,2022/23,2022-12-12,Pallekele International Cricket Stadium,2,6.5,Kandy Falcons,Galle Gladiators,P Nissanka,PHKD Mendis,PADLR Sandakan,4,0,,,,,,,,,
1324527,2022/23,2022-12-12,Pallekele International Cricket Stadium,2,6.6,Kandy Falcons,Galle Gladiators,P Nissanka,PHKD Mendis,PADLR Sandakan,1,0,,,,,,,,,
1324527,2022/23,2022-12-12,Pallekele International Cricket Stadium,2,7.1,Kandy Falcons,Galle Gladiators,P Nissanka,PHKD Mendis,Iftikhar Ahmed,1,0,,,,,,,,,
1324527,2022/23,2022-12-12,Pallekele International Cricket Stadium,2,7.2,Kandy Falcons,Galle Gladiators,PHKD Mendis,P Nissanka,Iftikhar Ahmed,1,0,,,,,,,,,
1324527,2022/23,2022-12-12,Pallekele International Cricket Stadium,2,7.3,Kandy Falcons,Galle Gladiators,P Nissanka,PHKD Mendis,Iftikhar Ahmed,1,0,,,,,,,,,
1324527,2022/23,2022-12-12,Pallekele International Cricket Stadium,2,7.4,Kandy Falcons,Galle Gladiators,PHKD Mendis,P Nissanka,Iftikhar Ahmed,1,0,,,,,,,,,
1324527,2022/23,2022-12-12,Pallekele International Cricket Stadium,2,7.5,Kandy Falcons,Galle Gladiators,P Nissanka,PHKD Mendis,Iftikhar Ahmed,0,0,,,,,,,,,
1324527,2022/23,2022-12-12,Pallekele International Cricket Stadium,2,7.6,Kandy Falcons,Galle Gladiators,P Nissanka,PHKD Mendis,Iftikhar Ahmed,2,0,,,,,,,,,
1324527,2022/23,2022-12-12,Pallekele International Cricket Stadium,2,8.1,Kandy Falcons,Galle Gladiators,PHKD Mendis,P Nissanka,PADLR Sandakan,0,0,,,,,,caught,PHKD Mendis,,
1324527,2022/23,2022-12-12,Pallekele International Cricket Stadium,2,8.2,Kandy Falcons,Galle Gladiators,PWH de Silva,P Nissanka,PADLR Sandakan,0,0,,,,,,,,,
1324527,2022/23,2022-12-12,Pallekele International Cricket Stadium,2,8.3,Kandy Falcons,Galle Gladiators,PWH de Silva,P Nissanka,PADLR Sandakan,0,0,,,,,,,,,
1324527,2022/23,2022-12-12,Pallekele International Cricket Stadium,2,8.4,Kandy Falcons,Galle Gladiators,PWH de Silva,P Nissanka,PADLR Sandakan,1,0,,,,,,,,,
1324527,2022/23,2022-12-12,Pallekele International Cricket Stadium,2,8.5,Kandy Falcons,Galle Gladiators,P Nissanka,PWH de Silva,PADLR Sandakan,0,0,,,,,,,,,
1324527,2022/23,2022-12-12,Pallekele International Cricket Stadium,2,8.6,Kandy Falcons,Galle Gladiators,P Nissanka,PWH de Silva,PADLR Sandakan,2,0,,,,,,,,,
1324527,2022/23,2022-12-12,Pallekele International Cricket Stadium,2,9.1,Kandy Falcons,Galle Gladiators,PWH de Silva,P Nissanka,Imad Wasim,1,0,,,,,,,,,
1324527,2022/23,2022-12-12,Pallekele International Cricket Stadium,2,9.2,Kandy Falcons,Galle Gladiators,P Nissanka,PWH de Silva,Imad Wasim,0,0,,,,,,,,,
1324527,2022/23,2022-12-12,Pallekele International Cricket Stadium,2,9.3,Kandy Falcons,Galle Gladiators,P Nissanka,PWH de Silva,Imad Wasim,1,0,,,,,,,,,
1324527,2022/23,2022-12-12,Pallekele International Cricket Stadium,2,9.4,Kandy Falcons,Galle Gladiators,PWH de Silva,P Nissanka,Imad Wasim,4,0,,,,,,,,,
1324527,2022/23,2022-12-12,Pallekele International Cricket Stadium,2,9.5,Kandy Falcons,Galle Gladiators,PWH de Silva,P Nissanka,Imad Wasim,0,0,,,,,,,,,
1324527,2022/23,2022-12-12,Pallekele International Cricket Stadium,2,9.6,Kandy Falcons,Galle Gladiators,PWH de Silva,P Nissanka,Imad Wasim,0,0,,,,,,caught and bowled,PWH de Silva,,
1324527,2022/23,2022-12-12,Pallekele International Cricket Stadium,2,10.1,Kandy Falcons,Galle Gladiators,P Nissanka,SMA Priyanjan,PADLR Sandakan,2,0,,,,,,,,,
1324527,2022/23,2022-12-12,Pallekele International Cricket Stadium,2,10.2,Kandy Falcons,Galle Gladiators,P Nissanka,SMA Priyanjan,PADLR Sandakan,0,0,,,,,,caught and bowled,P Nissanka,,
1324527,2022/23,2022-12-12,Pallekele International Cricket Stadium,2,10.3,Kandy Falcons,Galle Gladiators,KNA Bandara,SMA Priyanjan,PADLR Sandakan,1,0,,,,,,,,,
1324527,2022/23,2022-12-12,Pallekele International Cricket Stadium,2,10.4,Kandy Falcons,Galle Gladiators,SMA Priyanjan,KNA Bandara,PADLR Sandakan,1,0,,,,,,,,,
1324527,2022/23,2022-12-12,Pallekele International Cricket Stadium,2,10.5,Kandy Falcons,Galle Gladiators,KNA Bandara,SMA Priyanjan,PADLR Sandakan,1,0,,,,,,run out,SMA Priyanjan,,
1324527,2022/23,2022-12-12,Pallekele International Cricket Stadium,2,10.6,Kandy Falcons,Galle Gladiators,KNA Bandara,CR Brathwaite,PADLR Sandakan,1,0,,,,,,,,,
1324527,2022/23,2022-12-12,Pallekele International Cricket Stadium,2,11.1,Kandy Falcons,Galle Gladiators,KNA Bandara,CR Brathwaite,Imad Wasim,0,0,,,,,,,,,
1324527,2022/23,2022-12-12,Pallekele International Cricket Stadium,2,11.2,Kandy Falcons,Galle Gladiators,KNA Bandara,CR Brathwaite,Imad Wasim,1,0,,,,,,,,,
1324527,2022/23,2022-12-12,Pallekele International Cricket Stadium,2,11.3,Kandy Falcons,Galle Gladiators,CR Brathwaite,KNA Bandara,Imad Wasim,0,0,,,,,,,,,
1324527,2022/23,2022-12-12,Pallekele International Cricket Stadium,2,11.4,Kandy Falcons,Galle Gladiators,CR Brathwaite,KNA Bandara,Imad Wasim,1,0,,,,,,,,,
1324527,2022/23,2022-12-12,Pallekele International Cricket Stadium,2,11.5,Kandy Falcons,Galle Gladiators,KNA Bandara,CR Brathwaite,Imad Wasim,1,0,,,,,,,,,
1324527,2022/23,2022-12-12,Pallekele International Cricket Stadium,2,11.6,Kandy Falcons,Galle Gladiators,CR Brathwaite,KNA Bandara,Imad Wasim,0,0,,,,,,,,,
1324527,2022/23,2022-12-12,Pallekele International Cricket Stadium,2,12.1,Kandy Falcons,Galle Gladiators,KNA Bandara,CR Brathwaite,Wahab Riaz,0,0,,,,,,,,,
1324527,2022/23,2022-12-12,Pallekele International Cricket Stadium,2,12.2,Kandy Falcons,Galle Gladiators,KNA Bandara,CR Brathwaite,Wahab Riaz,2,0,,,,,,,,,
1324527,2022/23,2022-12-12,Pallekele International Cricket Stadium,2,12.3,Kandy Falcons,Galle Gladiators,KNA Bandara,CR Brathwaite,Wahab Riaz,0,0,,,,,,,,,
1324527,2022/23,2022-12-12,Pallekele International Cricket Stadium,2,12.4,Kandy Falcons,Galle Gladiators,KNA Bandara,CR Brathwaite,Wahab Riaz,1,0,,,,,,,,,
1324527,2022/23,2022-12-12,Pallekele International Cricket Stadium,2,12.5,Kandy Falcons,Galle Gladiators,CR Brathwaite,KNA Bandara,Wahab Riaz,1,0,,,,,,,,,
1324527,2022/23,2022-12-12,Pallekele International Cricket Stadium,2,12.6,Kandy Falcons,Galle Gladiators,KNA Bandara,CR Brathwaite,Wahab Riaz,0,0,,,,,,,,,
1324527,2022/23,2022-12-12,Pallekele International Cricket Stadium,2,13.1,Kandy Falcons,Galle Gladiators,CR Brathwaite,KNA Bandara,PADLR Sandakan,1,0,,,,,,,,,
1324527,2022/23,2022-12-12,Pallekele International Cricket Stadium,2,13.2,Kandy Falcons,Galle Gladiators,KNA Bandara,CR Brathwaite,PADLR Sandakan,0,0,,,,,,,,,
1324527,2022/23,2022-12-12,Pallekele International Cricket Stadium,2,13.3,Kandy Falcons,Galle Gladiators,KNA Bandara,CR Brathwaite,PADLR Sandakan,4,0,,,,,,,,,
1324527,2022/23,2022-12-12,Pallekele International Cricket Stadium,2,13.4,Kandy Falcons,Galle Gladiators,KNA Bandara,CR Brathwaite,PADLR Sandakan,1,0,,,,,,,,,
1324527,2022/23,2022-12-12,Pallekele International Cricket Stadium,2,13.5,Kandy Falcons,Galle Gladiators,CR Brathwaite,KNA Bandara,PADLR Sandakan,0,0,,,,,,,,,
1324527,2022/23,2022-12-12,Pallekele International Cricket Stadium,2,13.6,Kandy Falcons,Galle Gladiators,CR Brathwaite,KNA Bandara,PADLR Sandakan,1,0,,,,,,,,,
1324527,2022/23,2022-12-12,Pallekele International Cricket Stadium,2,14.1,Kandy Falcons,Galle Gladiators,CR Brathwaite,KNA Bandara,N Thushara,0,0,,,,,,,,,
1324527,2022/23,2022-12-12,Pallekele International Cricket Stadium,2,14.2,Kandy Falcons,Galle Gladiators,CR Brathwaite,KNA Bandara,N Thushara,0,0,,,,,,caught,CR Brathwaite,,
1324527,2022/23,2022-12-12,Pallekele International Cricket Stadium,2,14.3,Kandy Falcons,Galle Gladiators,C Karunaratne,KNA Bandara,N Thushara,1,0,,,,,,,,,
1324527,2022/23,2022-12-12,Pallekele International Cricket Stadium,2,14.4,Kandy Falcons,Galle Gladiators,KNA Bandara,C Karunaratne,N Thushara,1,0,,,,,,,,,
1324527,2022/23,2022-12-12,Pallekele International Cricket Stadium,2,14.5,Kandy Falcons,Galle Gladiators,C Karunaratne,KNA Bandara,N Thushara,2,0,,,,,,,,,
1324527,2022/23,2022-12-12,Pallekele International Cricket Stadium,2,14.6,Kandy Falcons,Galle Gladiators,C Karunaratne,KNA Bandara,N Thushara,0,1,1,,,,,,,,
1324527,2022/23,2022-12-12,Pallekele International Cricket Stadium,2,14.7,Kandy Falcons,Galle Gladiators,C Karunaratne,KNA Bandara,N Thushara,1,0,,,,,,,,,
1324527,2022/23,2022-12-12,Pallekele International Cricket Stadium,2,15.1,Kandy Falcons,Galle Gladiators,C Karunaratne,KNA Bandara,N Pradeep,2,0,,,,,,,,,
1324527,2022/23,2022-12-12,Pallekele International Cricket Stadium,2,15.2,Kandy Falcons,Galle Gladiators,C Karunaratne,KNA Bandara,N Pradeep,2,0,,,,,,,,,
1324527,2022/23,2022-12-12,Pallekele International Cricket Stadium,2,15.3,Kandy Falcons,Galle Gladiators,C Karunaratne,KNA Bandara,N Pradeep,0,2,2,,,,,,,,
1324527,2022/23,2022-12-12,Pallekele International Cricket Stadium,2,15.4,Kandy Falcons,Galle Gladiators,KNA Bandara,C Karunaratne,N Pradeep,1,0,,,,,,,,,
1324527,2022/23,2022-12-12,Pallekele International Cricket Stadium,2,15.5,Kandy Falcons,Galle Gladiators,C Karunaratne,KNA Bandara,N Pradeep,4,0,,,,,,,,,
1324527,2022/23,2022-12-12,Pallekele International Cricket Stadium,2,15.6,Kandy Falcons,Galle Gladiators,C Karunaratne,KNA Bandara,N Pradeep,4,0,,,,,,,,,
1324527,2022/23,2022-12-12,Pallekele International Cricket Stadium,2,15.7,Kandy Falcons,Galle Gladiators,C Karunaratne,KNA Bandara,N Pradeep,0,0,,,,,,,,,
1324527,2022/23,2022-12-12,Pallekele International Cricket Stadium,2,16.1,Kandy Falcons,Galle Gladiators,KNA Bandara,C Karunaratne,Wahab Riaz,4,0,,,,,,,,,
1324527,2022/23,2022-12-12,Pallekele International Cricket Stadium,2,16.2,Kandy Falcons,Galle Gladiators,KNA Bandara,C Karunaratne,Wahab Riaz,4,0,,,,,,,,,
1324527,2022/23,2022-12-12,Pallekele International Cricket Stadium,2,16.3,Kandy Falcons,Galle Gladiators,KNA Bandara,C Karunaratne,Wahab Riaz,0,0,,,,,,,,,
1324527,2022/23,2022-12-12,Pallekele International Cricket Stadium,2,16.4,Kandy Falcons,Galle Gladiators,KNA Bandara,C Karunaratne,Wahab Riaz,0,0,,,,,,,,,
1324527,2022/23,2022-12-12,Pallekele International Cricket Stadium,2,16.5,Kandy Falcons,Galle Gladiators,KNA Bandara,C Karunaratne,Wahab Riaz,1,0,,,,,,,,,
1324527,2022/23,2022-12-12,Pallekele International Cricket Stadium,2,16.6,Kandy Falcons,Galle Gladiators,C Karunaratne,KNA Bandara,Wahab Riaz,4,0,,,,,,,,,
1324527,2022/23,2022-12-12,Pallekele International Cricket Stadium,2,17.1,Kandy Falcons,Galle Gladiators,KNA Bandara,C Karunaratne,N Thushara,0,1,1,,,,,,,,
1324527,2022/23,2022-12-12,Pallekele International Cricket Stadium,2,17.2,Kandy Falcons,Galle Gladiators,KNA Bandara,C Karunaratne,N Thushara,1,0,,,,,,,,,
1324527,2022/23,2022-12-12,Pallekele International Cricket Stadium,2,17.3,Kandy Falcons,Galle Gladiators,C Karunaratne,KNA Bandara,N Thushara,0,4,,,4,,,,,,
1324527,2022/23,2022-12-12,Pallekele International Cricket Stadium,2,17.4,Kandy Falcons,Galle Gladiators,C Karunaratne,KNA Bandara,N Thushara,2,0,,,,,,,,,
1324527,2022/23,2022-12-12,Pallekele International Cricket Stadium,2,17.5,Kandy Falcons,Galle Gladiators,C Karunaratne,KNA Bandara,N Thushara,1,0,,,,,,,,,
1324527,2022/23,2022-12-12,Pallekele International Cricket Stadium,2,17.6,Kandy Falcons,Galle Gladiators,KNA Bandara,C Karunaratne,N Thushara,2,0,,,,,,,,,
1324527,2022/23,2022-12-12,Pallekele International Cricket Stadium,2,17.7,Kandy Falcons,Galle Gladiators,KNA Bandara,C Karunaratne,N Thushara,2,0,,,,,,,,,
1324527,2022/23,2022-12-12,Pallekele International Cricket Stadium,2,18.1,Kandy Falcons,Galle Gladiators,C Karunaratne,KNA Bandara,Wahab Riaz,4,0,,,,,,,,,
1324527,2022/23,2022-12-12,Pallekele International Cricket Stadium,2,18.2,Kandy Falcons,Galle Gladiators,C Karunaratne,KNA Bandara,Wahab Riaz,4,0,,,,,,,,,
1324527,2022/23,2022-12-12,Pallekele International Cricket Stadium,2,18.3,Kandy Falcons,Galle Gladiators,C Karunaratne,KNA Bandara,Wahab Riaz,1,0,,,,,,run out,C Karunaratne,,
1324527,2022/23,2022-12-12,Pallekele International Cricket Stadium,2,18.4,Kandy Falcons,Galle Gladiators,I Udana,KNA Bandara,Wahab Riaz,1,0,,,,,,,,,
1324527,2022/23,2022-12-12,Pallekele International Cricket Stadium,2,18.5,Kandy Falcons,Galle Gladiators,KNA Bandara,I Udana,Wahab Riaz,2,0,,,,,,,,,
1324527,2022/23,2022-12-12,Pallekele International Cricket Stadium,2,18.6,Kandy Falcons,Galle Gladiators,KNA Bandara,I Udana,Wahab Riaz,1,0,,,,,,,,,
1324527,2022/23,2022-12-12,Pallekele International Cricket Stadium,2,19.1,Kandy Falcons,Galle Gladiators,KNA Bandara,I Udana,N Pradeep,6,0,,,,,,,,,
1324527,2022/23,2022-12-12,Pallekele International Cricket Stadium,2,19.2,Kandy Falcons,Galle Gladiators,KNA Bandara,I Udana,N Pradeep,1,0,,,,,,,,,
1324527,2022/23,2022-12-12,Pallekele International Cricket Stadium,2,19.3,Kandy Falcons,Galle Gladiators,I Udana,KNA Bandara,N Pradeep,1,0,,,,,,,,,
1324527,2022/23,2022-12-12,Pallekele International Cricket Stadium,2,19.4,Kandy Falcons,Galle Gladiators,KNA Bandara,I Udana,N Pradeep,1,0,,,,,,,,,
1324527,2022/23,2022-12-12,Pallekele International Cricket Stadium,2,19.5,Kandy Falcons,Galle Gladiators,I Udana,KNA Bandara,N Pradeep,1,0,,,,,,,,,
1324527,2022/23,2022-12-12,Pallekele International Cricket Stadium,2,19.6,Kandy Falcons,Galle Gladiators,KNA Bandara,I Udana,N Pradeep,1,0,,,,,,,,,
