match_id,season,start_date,venue,innings,ball,batting_team,bowling_team,striker,non_striker,bowler,runs_off_bat,extras,wides,noballs,byes,legbyes,penalty,wicket_type,player_dismissed,other_wicket_type,other_player_dismissed
1324528,2022/23,2022-12-12,Pallekele International Cricket Stadium,1,0.1,Jaffna Kings,Colombo Stars,Rahmanullah Gurbaz,WIA Fernando,CAK Rajitha,0,0,,,,,,,,,
1324528,2022/23,2022-12-12,Pallekele International Cricket Stadium,1,0.2,Jaffna Kings,Colombo Stars,Rahmanullah Gurbaz,WIA Fernando,CAK Rajitha,0,0,,,,,,,,,
1324528,2022/23,2022-12-12,Pallekele International Cricket Stadium,1,0.3,Jaffna Kings,Colombo Stars,Rahmanullah Gurbaz,WIA Fernando,CAK Rajitha,1,0,,,,,,,,,
1324528,2022/23,2022-12-12,Pallekele International Cricket Stadium,1,0.4,Jaffna Kings,Colombo Stars,WIA Fernando,Rahmanullah Gurbaz,CAK Rajitha,0,0,,,,,,,,,
1324528,2022/23,2022-12-12,Pallekele International Cricket Stadium,1,0.5,Jaffna Kings,Colombo Stars,WIA Fernando,Rahmanullah Gurbaz,CAK Rajitha,4,0,,,,,,,,,
1324528,2022/23,2022-12-12,Pallekele International Cricket Stadium,1,0.6,Jaffna Kings,Colombo Stars,WIA Fernando,Rahmanullah Gurbaz,CAK Rajitha,1,0,,,,,,,,,
1324528,2022/23,2022-12-12,Pallekele International Cricket Stadium,1,1.1,Jaffna Kings,Colombo Stars,WIA Fernando,Rahmanullah Gurbaz,ND Paranavithana,2,0,,,,,,,,,
1324528,2022/23,2022-12-12,Pallekele International Cricket Stadium,1,1.2,Jaffna Kings,Colombo Stars,WIA Fernando,Rahmanullah Gurbaz,ND Paranavithana,0,0,,,,,,,,,
1324528,2022/23,2022-12-12,Pallekele International Cricket Stadium,1,1.3,Jaffna Kings,Colombo Stars,WIA Fernando,Rahmanullah Gurbaz,ND Paranavithana,1,0,,,,,,,,,
1324528,2022/23,2022-12-12,Pallekele International Cricket Stadium,1,1.4,Jaffna Kings,Colombo Stars,Rahmanullah Gurbaz,WIA Fernando,ND Paranavithana,0,0,,,,,,,,,
1324528,2022/23,2022-12-12,Pallekele International Cricket Stadium,1,1.5,Jaffna Kings,Colombo Stars,Rahmanullah Gurbaz,WIA Fernando,ND Paranavithana,6,0,,,,,,,,,
1324528,2022/23,2022-12-12,Pallekele International Cricket Stadium,1,1.6,Jaffna Kings,Colombo Stars,Rahmanullah Gurbaz,WIA Fernando,ND Paranavithana,0,0,,,,,,,,,
1324528,2022/23,2022-12-12,Pallekele International Cricket Stadium,1,2.1,Jaffna Kings,Colombo Stars,WIA Fernando,Rahmanullah Gurbaz,S Prasanna,0,0,,,,,,,,,
1324528,2022/23,2022-12-12,Pallekele International Cricket Stadium,1,2.2,Jaffna Kings,Colombo Stars,WIA Fernando,Rahmanullah Gurbaz,S Prasanna,0,0,,,,,,,,,
1324528,2022/23,2022-12-12,Pallekele International Cricket Stadium,1,2.3,Jaffna Kings,Colombo Stars,WIA Fernando,Rahmanullah Gurbaz,S Prasanna,4,0,,,,,,,,,
1324528,2022/23,2022-12-12,Pallekele International Cricket Stadium,1,2.4,Jaffna Kings,Colombo Stars,WIA Fernando,Rahmanullah Gurbaz,S Prasanna,4,0,,,,,,,,,
1324528,2022/23,2022-12-12,Pallekele International Cricket Stadium,1,2.5,Jaffna Kings,Colombo Stars,WIA Fernando,Rahmanullah Gurbaz,S Prasanna,1,0,,,,,,,,,
1324528,2022/23,2022-12-12,Pallekele International Cricket Stadium,1,2.6,Jaffna Kings,Colombo Stars,Rahmanullah Gurbaz,WIA Fernando,S Prasanna,3,0,,,,,,,,,
1324528,2022/23,2022-12-12,Pallekele International Cricket Stadium,1,3.1,Jaffna Kings,Colombo Stars,Rahmanullah Gurbaz,WIA Fernando,BAC Howell,1,0,,,,,,,,,
1324528,2022/23,2022-12-12,Pallekele International Cricket Stadium,1,3.2,Jaffna Kings,Colombo Stars,WIA Fernando,Rahmanullah Gurbaz,BAC Howell,1,0,,,,,,,,,
1324528,2022/23,2022-12-12,Pallekele International Cricket Stadium,1,3.3,Jaffna Kings,Colombo Stars,Rahmanullah Gurbaz,WIA Fernando,BAC Howell,0,0,,,,,,,,,
1324528,2022/23,2022-12-12,Pallekele International Cricket Stadium,1,3.4,Jaffna Kings,Colombo Stars,Rahmanullah Gurbaz,WIA Fernando,BAC Howell,6,0,,,,,,,,,
1324528,2022/23,2022-12-12,Pallekele International Cricket Stadium,1,3.5,Jaffna Kings,Colombo Stars,Rahmanullah Gurbaz,WIA Fernando,BAC Howell,0,0,,,,,,caught,Rahmanullah Gurbaz,,
1324528,2022/23,2022-12-12,Pallekele International Cricket Stadium,1,3.6,Jaffna Kings,Colombo Stars,DA Randika,WIA Fernando,BAC Howell,0,0,,,,,,,,,
1324528,2022/23,2022-12-12,Pallekele International Cricket Stadium,1,4.1,Jaffna Kings,Colombo Stars,WIA Fernando,DA Randika,Naveen-ul-Haq,1,0,,,,,,,,,
1324528,2022/23,2022-12-12,Pallekele International Cricket Stadium,1,4.2,Jaffna Kings,Colombo Stars,DA Randika,WIA Fernando,Naveen-ul-Haq,0,0,,,,,,,,,
1324528,2022/23,2022-12-12,Pallekele International Cricket Stadium,1,4.3,Jaffna Kings,Colombo Stars,DA Randika,WIA Fernando,Naveen-ul-Haq,1,0,,,,,,,,,
1324528,2022/23,2022-12-12,Pallekele International Cricket Stadium,1,4.4,Jaffna Kings,Colombo Stars,WIA Fernando,DA Randika,Naveen-ul-Haq,0,0,,,,,,,,,
1324528,2022/23,2022-12-12,Pallekele International Cricket Stadium,1,4.5,Jaffna Kings,Colombo Stars,WIA Fernando,DA Randika,Naveen-ul-Haq,1,0,,,,,,,,,
1324528,2022/23,2022-12-12,Pallekele International Cricket Stadium,1,4.6,Jaffna Kings,Colombo Stars,DA Randika,WIA Fernando,Naveen-ul-Haq,0,0,,,,,,,,,
1324528,2022/23,2022-12-12,Pallekele International Cricket Stadium,1,5.1,Jaffna Kings,Colombo Stars,WIA Fernando,DA Randika,BAC Howell,0,1,,,1,,,,,,
1324528,2022/23,2022-12-12,Pallekele International Cricket Stadium,1,5.2,Jaffna Kings,Colombo Stars,DA Randika,WIA Fernando,BAC Howell,4,0,,,,,,,,,
1324528,2022/23,2022-12-12,Pallekele International Cricket Stadium,1,5.3,Jaffna Kings,Colombo Stars,DA Randika,WIA Fernando,BAC Howell,1,0,,,,,,,,,
1324528,2022/23,2022-12-12,Pallekele International Cricket Stadium,1,5.4,Jaffna Kings,Colombo Stars,WIA Fernando,DA Randika,BAC Howell,0,0,,,,,,,,,
1324528,2022/23,2022-12-12,Pallekele International Cricket Stadium,1,5.5,Jaffna Kings,Colombo Stars,WIA Fernando,DA Randika,BAC Howell,1,0,,,,,,,,,
1324528,2022/23,2022-12-12,Pallekele International Cricket Stadium,1,5.6,Jaffna Kings,Colombo Stars,DA Randika,WIA Fernando,BAC Howell,6,0,,,,,,,,,
1324528,2022/23,2022-12-12,Pallekele International Cricket Stadium,1,6.1,Jaffna Kings,Colombo Stars,WIA Fernando,DA Randika,S Prasanna,0,0,,,,,,,,,
1324528,2022/23,2022-12-12,Pallekele International Cricket Stadium,1,6.2,Jaffna Kings,Colombo Stars,WIA Fernando,DA Randika,S Prasanna,1,0,,,,,,,,,
1324528,2022/23,2022-12-12,Pallekele International Cricket Stadium,1,6.3,Jaffna Kings,Colombo Stars,DA Randika,WIA Fernando,S Prasanna,2,0,,,,,,,,,
1324528,2022/23,2022-12-12,Pallekele International Cricket Stadium,1,6.4,Jaffna Kings,Colombo Stars,DA Randika,WIA Fernando,S Prasanna,1,0,,,,,,,,,
1324528,2022/23,2022-12-12,Pallekele International Cricket Stadium,1,6.5,Jaffna Kings,Colombo Stars,WIA Fernando,DA Randika,S Prasanna,0,0,,,,,,,,,
1324528,2022/23,2022-12-12,Pallekele International Cricket Stadium,1,6.6,Jaffna Kings,Colombo Stars,WIA Fernando,DA Randika,S Prasanna,1,0,,,,,,,,,
1324528,2022/23,2022-12-12,Pallekele International Cricket Stadium,1,7.1,Jaffna Kings,Colombo Stars,WIA Fernando,DA Randika,DC Drakes,0,0,,,,,,,,,
1324528,2022/23,2022-12-12,Pallekele International Cricket Stadium,1,7.2,Jaffna Kings,Colombo Stars,WIA Fernando,DA Randika,DC Drakes,4,0,,,,,,,,,
1324528,2022/23,2022-12-12,Pallekele International Cricket Stadium,1,7.3,Jaffna Kings,Colombo Stars,WIA Fernando,DA Randika,DC Drakes,1,0,,,,,,,,,
1324528,2022/23,2022-12-12,Pallekele International Cricket Stadium,1,7.4,Jaffna Kings,Colombo Stars,DA Randika,WIA Fernando,DC Drakes,4,0,,,,,,,,,
1324528,2022/23,2022-12-12,Pallekele International Cricket Stadium,1,7.5,Jaffna Kings,Colombo Stars,DA Randika,WIA Fernando,DC Drakes,6,0,,,,,,,,,
1324528,2022/23,2022-12-12,Pallekele International Cricket Stadium,1,7.6,Jaffna Kings,Colombo Stars,DA Randika,WIA Fernando,DC Drakes,1,0,,,,,,,,,
1324528,2022/23,2022-12-12,Pallekele International Cricket Stadium,1,8.1,Jaffna Kings,Colombo Stars,DA Randika,WIA Fernando,Naveen-ul-Haq,1,0,,,,,,,,,
1324528,2022/23,2022-12-12,Pallekele International Cricket Stadium,1,8.2,Jaffna Kings,Colombo Stars,WIA Fernando,DA Randika,Naveen-ul-Haq,1,0,,,,,,,,,
1324528,2022/23,2022-12-12,Pallekele International Cricket Stadium,1,8.3,Jaffna Kings,Colombo Stars,DA Randika,WIA Fernando,Naveen-ul-Haq,0,0,,,,,,caught,DA Randika,,
1324528,2022/23,2022-12-12,Pallekele International Cricket Stadium,1,8.4,Jaffna Kings,Colombo Stars,S Samarawickrama,WIA Fernando,Naveen-ul-Haq,2,0,,,,,,,,,
1324528,2022/23,2022-12-12,Pallekele International Cricket Stadium,1,8.5,Jaffna Kings,Colombo Stars,S Samarawickrama,WIA Fernando,Naveen-ul-Haq,0,0,,,,,,,,,
1324528,2022/23,2022-12-12,Pallekele International Cricket Stadium,1,8.6,Jaffna Kings,Colombo Stars,S Samarawickrama,WIA Fernando,Naveen-ul-Haq,1,0,,,,,,,,,
1324528,2022/23,2022-12-12,Pallekele International Cricket Stadium,1,9.1,Jaffna Kings,Colombo Stars,S Samarawickrama,WIA Fernando,S Prasanna,1,0,,,,,,,,,
1324528,2022/23,2022-12-12,Pallekele International Cricket Stadium,1,9.2,Jaffna Kings,Colombo Stars,WIA Fernando,S Samarawickrama,S Prasanna,0,0,,,,,,,,,
1324528,2022/23,2022-12-12,Pallekele International Cricket Stadium,1,9.3,Jaffna Kings,Colombo Stars,WIA Fernando,S Samarawickrama,S Prasanna,1,0,,,,,,,,,
1324528,2022/23,2022-12-12,Pallekele International Cricket Stadium,1,9.4,Jaffna Kings,Colombo Stars,S Samarawickrama,WIA Fernando,S Prasanna,1,0,,,,,,,,,
1324528,2022/23,2022-12-12,Pallekele International Cricket Stadium,1,9.5,Jaffna Kings,Colombo Stars,WIA Fernando,S Samarawickrama,S Prasanna,1,0,,,,,,,,,
1324528,2022/23,2022-12-12,Pallekele International Cricket Stadium,1,9.6,Jaffna Kings,Colombo Stars,S Samarawickrama,WIA Fernando,S Prasanna,0,0,,,,,,,,,
1324528,2022/23,2022-12-12,Pallekele International Cricket Stadium,1,10.1,Jaffna Kings,Colombo Stars,WIA Fernando,S Samarawickrama,BAC Howell,1,0,,,,,,,,,
1324528,2022/23,2022-12-12,Pallekele International Cricket Stadium,1,10.2,Jaffna Kings,Colombo Stars,S Samarawickrama,WIA Fernando,BAC Howell,0,0,,,,,,,,,
1324528,2022/23,2022-12-12,Pallekele International Cricket Stadium,1,10.3,Jaffna Kings,Colombo Stars,S Samarawickrama,WIA Fernando,BAC Howell,2,0,,,,,,,,,
1324528,2022/23,2022-12-12,Pallekele International Cricket Stadium,1,10.4,Jaffna Kings,Colombo Stars,S Samarawickrama,WIA Fernando,BAC Howell,1,0,,,,,,,,,
1324528,2022/23,2022-12-12,Pallekele International Cricket Stadium,1,10.5,Jaffna Kings,Colombo Stars,WIA Fernando,S Samarawickrama,BAC Howell,0,0,,,,,,caught,WIA Fernando,,
1324528,2022/23,2022-12-12,Pallekele International Cricket Stadium,1,10.6,Jaffna Kings,Colombo Stars,Shoaib Malik,S Samarawickrama,BAC Howell,0,0,,,,,,,,,
1324528,2022/23,2022-12-12,Pallekele International Cricket Stadium,1,11.1,Jaffna Kings,Colombo Stars,S Samarawickrama,Shoaib Malik,ND Paranavithana,0,0,,,,,,,,,
1324528,2022/23,2022-12-12,Pallekele International Cricket Stadium,1,11.2,Jaffna Kings,Colombo Stars,S Samarawickrama,Shoaib Malik,ND Paranavithana,0,0,,,,,,,,,
1324528,2022/23,2022-12-12,Pallekele International Cricket Stadium,1,11.3,Jaffna Kings,Colombo Stars,S Samarawickrama,Shoaib Malik,ND Paranavithana,1,0,,,,,,,,,
1324528,2022/23,2022-12-12,Pallekele International Cricket Stadium,1,11.4,Jaffna Kings,Colombo Stars,Shoaib Malik,S Samarawickrama,ND Paranavithana,1,0,,,,,,,,,
1324528,2022/23,2022-12-12,Pallekele International Cricket Stadium,1,11.5,Jaffna Kings,Colombo Stars,S Samarawickrama,Shoaib Malik,ND Paranavithana,1,0,,,,,,,,,
1324528,2022/23,2022-12-12,Pallekele International Cricket Stadium,1,11.6,Jaffna Kings,Colombo Stars,Shoaib Malik,S Samarawickrama,ND Paranavithana,1,0,,,,,,,,,
1324528,2022/23,2022-12-12,Pallekele International Cricket Stadium,1,12.1,Jaffna Kings,Colombo Stars,Shoaib Malik,S Samarawickrama,S Prasanna,1,0,,,,,,,,,
1324528,2022/23,2022-12-12,Pallekele International Cricket Stadium,1,12.2,Jaffna Kings,Colombo Stars,S Samarawickrama,Shoaib Malik,S Prasanna,1,0,,,,,,,,,
1324528,2022/23,2022-12-12,Pallekele International Cricket Stadium,1,12.3,Jaffna Kings,Colombo Stars,Shoaib Malik,S Samarawickrama,S Prasanna,0,0,,,,,,,,,
1324528,2022/23,2022-12-12,Pallekele International Cricket Stadium,1,12.4,Jaffna Kings,Colombo Stars,Shoaib Malik,S Samarawickrama,S Prasanna,0,0,,,,,,,,,
1324528,2022/23,2022-12-12,Pallekele International Cricket Stadium,1,12.5,Jaffna Kings,Colombo Stars,Shoaib Malik,S Samarawickrama,S Prasanna,0,0,,,,,,,,,
1324528,2022/23,2022-12-12,Pallekele International Cricket Stadium,1,12.6,Jaffna Kings,Colombo Stars,Shoaib Malik,S Samarawickrama,S Prasanna,1,0,,,,,,,,,
1324528,2022/23,2022-12-12,Pallekele International Cricket Stadium,1,13.1,Jaffna Kings,Colombo Stars,Shoaib Malik,S Samarawickrama,BAC Howell,0,0,,,,,,,,,
1324528,2022/23,2022-12-12,Pallekele International Cricket Stadium,1,13.2,Jaffna Kings,Colombo Stars,Shoaib Malik,S Samarawickrama,BAC Howell,2,0,,,,,,,,,
1324528,2022/23,2022-12-12,Pallekele International Cricket Stadium,1,13.3,Jaffna Kings,Colombo Stars,Shoaib Malik,S Samarawickrama,BAC Howell,1,0,,,,,,,,,
1324528,2022/23,2022-12-12,Pallekele International Cricket Stadium,1,13.4,Jaffna Kings,Colombo Stars,S Samarawickrama,Shoaib Malik,BAC Howell,4,0,,,,,,,,,
1324528,2022/23,2022-12-12,Pallekele International Cricket Stadium,1,13.5,Jaffna Kings,Colombo Stars,S Samarawickrama,Shoaib Malik,BAC Howell,4,0,,,,,,,,,
1324528,2022/23,2022-12-12,Pallekele International Cricket Stadium,1,13.6,Jaffna Kings,Colombo Stars,S Samarawickrama,Shoaib Malik,BAC Howell,2,0,,,,,,,,,
1324528,2022/23,2022-12-12,Pallekele International Cricket Stadium,1,14.1,Jaffna Kings,Colombo Stars,Shoaib Malik,S Samarawickrama,CAK Rajitha,4,0,,,,,,,,,
1324528,2022/23,2022-12-12,Pallekele International Cricket Stadium,1,14.2,Jaffna Kings,Colombo Stars,Shoaib Malik,S Samarawickrama,CAK Rajitha,0,0,,,,,,,,,
1324528,2022/23,2022-12-12,Pallekele International Cricket Stadium,1,14.3,Jaffna Kings,Colombo Stars,Shoaib Malik,S Samarawickrama,CAK Rajitha,4,0,,,,,,,,,
1324528,2022/23,2022-12-12,Pallekele International Cricket Stadium,1,14.4,Jaffna Kings,Colombo Stars,Shoaib Malik,S Samarawickrama,CAK Rajitha,4,0,,,,,,,,,
1324528,2022/23,2022-12-12,Pallekele International Cricket Stadium,1,14.5,Jaffna Kings,Colombo Stars,Shoaib Malik,S Samarawickrama,CAK Rajitha,1,0,,,,,,,,,
1324528,2022/23,2022-12-12,Pallekele International Cricket Stadium,1,14.6,Jaffna Kings,Colombo Stars,S Samarawickrama,Shoaib Malik,CAK Rajitha,0,1,,,,1,,,,,
1324528,2022/23,2022-12-12,Pallekele International Cricket Stadium,1,15.1,Jaffna Kings,Colombo Stars,S Samarawickrama,Shoaib Malik,DC Drakes,2,0,,,,,,,,,
1324528,2022/23,2022-12-12,Pallekele International Cricket Stadium,1,15.2,Jaffna Kings,Colombo Stars,S Samarawickrama,Shoaib Malik,DC Drakes,2,0,,,,,,,,,
1324528,2022/23,2022-12-12,Pallekele International Cricket Stadium,1,15.3,Jaffna Kings,Colombo Stars,S Samarawickrama,Shoaib Malik,DC Drakes,4,0,,,,,,,,,
1324528,2022/23,2022-12-12,Pallekele International Cricket Stadium,1,15.4,Jaffna Kings,Colombo Stars,S Samarawickrama,Shoaib Malik,DC Drakes,0,1,1,,,,,,,,
1324528,2022/23,2022-12-12,Pallekele International Cricket Stadium,1,15.5,Jaffna Kings,Colombo Stars,S Samarawickrama,Shoaib Malik,DC Drakes,1,0,,,,,,,,,
1324528,2022/23,2022-12-12,Pallekele International Cricket Stadium,1,15.6,Jaffna Kings,Colombo Stars,Shoaib Malik,S Samarawickrama,DC Drakes,0,2,,,,2,,,,,
1324528,2022/23,2022-12-12,Pallekele International Cricket Stadium,1,15.7,Jaffna Kings,Colombo Stars,Shoaib Malik,S Samarawickrama,DC Drakes,1,0,,,,,,,,,
1324528,2022/23,2022-12-12,Pallekele International Cricket Stadium,1,16.1,Jaffna Kings,Colombo Stars,Shoaib Malik,S Samarawickrama,Naveen-ul-Haq,4,0,,,,,,,,,
1324528,2022/23,2022-12-12,Pallekele International Cricket Stadium,1,16.2,Jaffna Kings,Colombo Stars,Shoaib Malik,S Samarawickrama,Naveen-ul-Haq,1,0,,,,,,,,,
1324528,2022/23,2022-12-12,Pallekele International Cricket Stadium,1,16.3,Jaffna Kings,Colombo Stars,S Samarawickrama,Shoaib Malik,Naveen-ul-Haq,1,0,,,,,,,,,
1324528,2022/23,2022-12-12,Pallekele International Cricket Stadium,1,16.4,Jaffna Kings,Colombo Stars,Shoaib Malik,S Samarawickrama,Naveen-ul-Haq,1,0,,,,,,,,,
1324528,2022/23,2022-12-12,Pallekele International Cricket Stadium,1,16.5,Jaffna Kings,Colombo Stars,S Samarawickrama,Shoaib Malik,Naveen-ul-Haq,1,0,,,,,,,,,
1324528,2022/23,2022-12-12,Pallekele International Cricket Stadium,1,16.6,Jaffna Kings,Colombo Stars,Shoaib Malik,S Samarawickrama,Naveen-ul-Haq,1,0,,,,,,,,,
1324528,2022/23,2022-12-12,Pallekele International Cricket Stadium,1,17.1,Jaffna Kings,Colombo Stars,Shoaib Malik,S Samarawickrama,DC Drakes,1,0,,,,,,,,,
1324528,2022/23,2022-12-12,Pallekele International Cricket Stadium,1,17.2,Jaffna Kings,Colombo Stars,S Samarawickrama,Shoaib Malik,DC Drakes,0,0,,,,,,bowled,S Samarawickrama,,
1324528,2022/23,2022-12-12,Pallekele International Cricket Stadium,1,17.3,Jaffna Kings,Colombo Stars,NLTC Perera,Shoaib Malik,DC Drakes,4,0,,,,,,,,,
1324528,2022/23,2022-12-12,Pallekele International Cricket Stadium,1,17.4,Jaffna Kings,Colombo Stars,NLTC Perera,Shoaib Malik,DC Drakes,0,0,,,,,,,,,
1324528,2022/23,2022-12-12,Pallekele International Cricket Stadium,1,17.5,Jaffna Kings,Colombo Stars,NLTC Perera,Shoaib Malik,DC Drakes,2,0,,,,,,,,,
1324528,2022/23,2022-12-12,Pallekele International Cricket Stadium,1,17.6,Jaffna Kings,Colombo Stars,NLTC Perera,Shoaib Malik,DC Drakes,1,0,,,,,,,,,
1324528,2022/23,2022-12-12,Pallekele International Cricket Stadium,1,18.1,Jaffna Kings,Colombo Stars,NLTC Perera,Shoaib Malik,Naveen-ul-Haq,0,0,,,,,,,,,
1324528,2022/23,2022-12-12,Pallekele International Cricket Stadium,1,18.2,Jaffna Kings,Colombo Stars,NLTC Perera,Shoaib Malik,Naveen-ul-Haq,1,0,,,,,,,,,
1324528,2022/23,2022-12-12,Pallekele International Cricket Stadium,1,18.3,Jaffna Kings,Colombo Stars,Shoaib Malik,NLTC Perera,Naveen-ul-Haq,1,0,,,,,,,,,
1324528,2022/23,2022-12-12,Pallekele International Cricket Stadium,1,18.4,Jaffna Kings,Colombo Stars,NLTC Perera,Shoaib Malik,Naveen-ul-Haq,4,0,,,,,,,,,
1324528,2022/23,2022-12-12,Pallekele International Cricket Stadium,1,18.5,Jaffna Kings,Colombo Stars,NLTC Perera,Shoaib Malik,Naveen-ul-Haq,1,0,,,,,,,,,
1324528,2022/23,2022-12-12,Pallekele International Cricket Stadium,1,18.6,Jaffna Kings,Colombo Stars,Shoaib Malik,NLTC Perera,Naveen-ul-Haq,4,0,,,,,,,,,
1324528,2022/23,2022-12-12,Pallekele International Cricket Stadium,1,19.1,Jaffna Kings,Colombo Stars,NLTC Perera,Shoaib Malik,DC Drakes,0,1,1,,,,,,,,
1324528,2022/23,2022-12-12,Pallekele International Cricket Stadium,1,19.2,Jaffna Kings,Colombo Stars,NLTC Perera,Shoaib Malik,DC Drakes,2,0,,,,,,,,,
1324528,2022/23,2022-12-12,Pallekele International Cricket Stadium,1,19.3,Jaffna Kings,Colombo Stars,NLTC Perera,Shoaib Malik,DC Drakes,4,0,,,,,,,,,
1324528,2022/23,2022-12-12,Pallekele International Cricket Stadium,1,19.4,Jaffna Kings,Colombo Stars,NLTC Perera,Shoaib Malik,DC Drakes,1,0,,,,,,,,,
1324528,2022/23,2022-12-12,Pallekele International Cricket Stadium,1,19.5,Jaffna Kings,Colombo Stars,Shoaib Malik,NLTC Perera,DC Drakes,1,0,,,,,,,,,
1324528,2022/23,2022-12-12,Pallekele International Cricket Stadium,1,19.6,Jaffna Kings,Colombo Stars,NLTC Perera,Shoaib Malik,DC Drakes,6,0,,,,,,,,,
1324528,2022/23,2022-12-12,Pallekele International Cricket Stadium,1,19.7,Jaffna Kings,Colombo Stars,NLTC Perera,Shoaib Malik,DC Drakes,3,0,,,,,,run out,NLTC Perera,,
1324528,2022/23,2022-12-12,Pallekele International Cricket Stadium,2,0.1,Colombo Stars,Jaffna Kings,N Dickwella,KNM Fernando,NLTC Perera,0,0,,,,,,,,,
1324528,2022/23,2022-12-12,Pallekele International Cricket Stadium,2,0.2,Colombo Stars,Jaffna Kings,N Dickwella,KNM Fernando,NLTC Perera,0,0,,,,,,,,,
1324528,2022/23,2022-12-12,Pallekele International Cricket Stadium,2,0.3,Colombo Stars,Jaffna Kings,N Dickwella,KNM Fernando,NLTC Perera,0,0,,,,,,,,,
1324528,2022/23,2022-12-12,Pallekele International Cricket Stadium,2,0.4,Colombo Stars,Jaffna Kings,N Dickwella,KNM Fernando,NLTC Perera,0,0,,,,,,bowled,N Dickwella,,
1324528,2022/23,2022-12-12,Pallekele International Cricket Stadium,2,0.5,Colombo Stars,Jaffna Kings,ND Paranavithana,KNM Fernando,NLTC Perera,0,1,1,,,,,,,,
1324528,2022/23,2022-12-12,Pallekele International Cricket Stadium,2,0.6,Colombo Stars,Jaffna Kings,ND Paranavithana,KNM Fernando,NLTC Perera,0,1,1,,,,,,,,
1324528,2022/23,2022-12-12,Pallekele International Cricket Stadium,2,0.7,Colombo Stars,Jaffna Kings,ND Paranavithana,KNM Fernando,NLTC Perera,0,1,,,,1,,,,,
1324528,2022/23,2022-12-12,Pallekele International Cricket Stadium,2,0.8,Colombo Stars,Jaffna Kings,KNM Fernando,ND Paranavithana,NLTC Perera,1,0,,,,,,,,,
1324528,2022/23,2022-12-12,Pallekele International Cricket Stadium,2,1.1,Colombo Stars,Jaffna Kings,KNM Fernando,ND Paranavithana,M Theekshana,0,0,,,,,,,,,
1324528,2022/23,2022-12-12,Pallekele International Cricket Stadium,2,1.2,Colombo Stars,Jaffna Kings,KNM Fernando,ND Paranavithana,M Theekshana,0,1,1,,,,,,,,
1324528,2022/23,2022-12-12,Pallekele International Cricket Stadium,2,1.3,Colombo Stars,Jaffna Kings,KNM Fernando,ND Paranavithana,M Theekshana,0,0,,,,,,,,,
1324528,2022/23,2022-12-12,Pallekele International Cricket Stadium,2,1.4,Colombo Stars,Jaffna Kings,KNM Fernando,ND Paranavithana,M Theekshana,0,0,,,,,,caught,KNM Fernando,,
1324528,2022/23,2022-12-12,Pallekele International Cricket Stadium,2,1.5,Colombo Stars,Jaffna Kings,LD Chandimal,ND Paranavithana,M Theekshana,1,0,,,,,,,,,
1324528,2022/23,2022-12-12,Pallekele International Cricket Stadium,2,1.6,Colombo Stars,Jaffna Kings,ND Paranavithana,LD Chandimal,M Theekshana,0,0,,,,,,,,,
1324528,2022/23,2022-12-12,Pallekele International Cricket Stadium,2,1.7,Colombo Stars,Jaffna Kings,ND Paranavithana,LD Chandimal,M Theekshana,0,0,,,,,,,,,
1324528,2022/23,2022-12-12,Pallekele International Cricket Stadium,2,2.1,Colombo Stars,Jaffna Kings,LD Chandimal,ND Paranavithana,NLTC Perera,4,0,,,,,,,,,
1324528,2022/23,2022-12-12,Pallekele International Cricket Stadium,2,2.2,Colombo Stars,Jaffna Kings,LD Chandimal,ND Paranavithana,NLTC Perera,0,0,,,,,,,,,
1324528,2022/23,2022-12-12,Pallekele International Cricket Stadium,2,2.3,Colombo Stars,Jaffna Kings,LD Chandimal,ND Paranavithana,NLTC Perera,4,0,,,,,,,,,
1324528,2022/23,2022-12-12,Pallekele International Cricket Stadium,2,2.4,Colombo Stars,Jaffna Kings,LD Chandimal,ND Paranavithana,NLTC Perera,0,0,,,,,,,,,
1324528,2022/23,2022-12-12,Pallekele International Cricket Stadium,2,2.5,Colombo Stars,Jaffna Kings,LD Chandimal,ND Paranavithana,NLTC Perera,0,0,,,,,,,,,
1324528,2022/23,2022-12-12,Pallekele International Cricket Stadium,2,2.6,Colombo Stars,Jaffna Kings,LD Chandimal,ND Paranavithana,NLTC Perera,0,0,,,,,,,,,
1324528,2022/23,2022-12-12,Pallekele International Cricket Stadium,2,3.1,Colombo Stars,Jaffna Kings,ND Paranavithana,LD Chandimal,M Theekshana,4,0,,,,,,,,,
1324528,2022/23,2022-12-12,Pallekele International Cricket Stadium,2,3.2,Colombo Stars,Jaffna Kings,ND Paranavithana,LD Chandimal,M Theekshana,4,0,,,,,,,,,
1324528,2022/23,2022-12-12,Pallekele International Cricket Stadium,2,3.3,Colombo Stars,Jaffna Kings,ND Paranavithana,LD Chandimal,M Theekshana,0,0,,,,,,,,,
1324528,2022/23,2022-12-12,Pallekele International Cricket Stadium,2,3.4,Colombo Stars,Jaffna Kings,ND Paranavithana,LD Chandimal,M Theekshana,0,0,,,,,,,,,
1324528,2022/23,2022-12-12,Pallekele International Cricket Stadium,2,3.5,Colombo Stars,Jaffna Kings,ND Paranavithana,LD Chandimal,M Theekshana,0,1,,,,1,,,,,
1324528,2022/23,2022-12-12,Pallekele International Cricket Stadium,2,3.6,Colombo Stars,Jaffna Kings,LD Chandimal,ND Paranavithana,M Theekshana,1,0,,,,,,,,,
1324528,2022/23,2022-12-12,Pallekele International Cricket Stadium,2,4.1,Colombo Stars,Jaffna Kings,LD Chandimal,ND Paranavithana,JK Fuller,4,0,,,,,,,,,
1324528,2022/23,2022-12-12,Pallekele International Cricket Stadium,2,4.2,Colombo Stars,Jaffna Kings,LD Chandimal,ND Paranavithana,JK Fuller,0,0,,,,,,,,,
1324528,2022/23,2022-12-12,Pallekele International Cricket Stadium,2,4.3,Colombo Stars,Jaffna Kings,LD Chandimal,ND Paranavithana,JK Fuller,0,0,,,,,,,,,
1324528,2022/23,2022-12-12,Pallekele International Cricket Stadium,2,4.4,Colombo Stars,Jaffna Kings,LD Chandimal,ND Paranavithana,JK Fuller,1,0,,,,,,,,,
1324528,2022/23,2022-12-12,Pallekele International Cricket Stadium,2,4.5,Colombo Stars,Jaffna Kings,ND Paranavithana,LD Chandimal,JK Fuller,0,0,,,,,,bowled,ND Paranavithana,,
1324528,2022/23,2022-12-12,Pallekele International Cricket Stadium,2,4.6,Colombo Stars,Jaffna Kings,KIC Asalanka,LD Chandimal,JK Fuller,1,0,,,,,,,,,
1324528,2022/23,2022-12-12,Pallekele International Cricket Stadium,2,5.1,Colombo Stars,Jaffna Kings,KIC Asalanka,LD Chandimal,AM Fernando,0,0,,,,,,,,,
1324528,2022/23,2022-12-12,Pallekele International Cricket Stadium,2,5.2,Colombo Stars,Jaffna Kings,KIC Asalanka,LD Chandimal,AM Fernando,0,0,,,,,,,,,
1324528,2022/23,2022-12-12,Pallekele International Cricket Stadium,2,5.3,Colombo Stars,Jaffna Kings,KIC Asalanka,LD Chandimal,AM Fernando,0,0,,,,,,,,,
1324528,2022/23,2022-12-12,Pallekele International Cricket Stadium,2,5.4,Colombo Stars,Jaffna Kings,KIC Asalanka,LD Chandimal,AM Fernando,1,0,,,,,,,,,
1324528,2022/23,2022-12-12,Pallekele International Cricket Stadium,2,5.5,Colombo Stars,Jaffna Kings,LD Chandimal,KIC Asalanka,AM Fernando,0,0,,,,,,,,,
1324528,2022/23,2022-12-12,Pallekele International Cricket Stadium,2,5.6,Colombo Stars,Jaffna Kings,LD Chandimal,KIC Asalanka,AM Fernando,2,0,,,,,,,,,
1324528,2022/23,2022-12-12,Pallekele International Cricket Stadium,2,6.1,Colombo Stars,Jaffna Kings,KIC Asalanka,LD Chandimal,V Viyaskanth,1,0,,,,,,,,,
1324528,2022/23,2022-12-12,Pallekele International Cricket Stadium,2,6.2,Colombo Stars,Jaffna Kings,LD Chandimal,KIC Asalanka,V Viyaskanth,1,0,,,,,,,,,
1324528,2022/23,2022-12-12,Pallekele International Cricket Stadium,2,6.3,Colombo Stars,Jaffna Kings,KIC Asalanka,LD Chandimal,V Viyaskanth,0,0,,,,,,,,,
1324528,2022/23,2022-12-12,Pallekele International Cricket Stadium,2,6.4,Colombo Stars,Jaffna Kings,KIC Asalanka,LD Chandimal,V Viyaskanth,0,0,,,,,,lbw,KIC Asalanka,,
1324528,2022/23,2022-12-12,Pallekele International Cricket Stadium,2,6.5,Colombo Stars,Jaffna Kings,AD Mathews,LD Chandimal,V Viyaskanth,1,0,,,,,,,,,
1324528,2022/23,2022-12-12,Pallekele International Cricket Stadium,2,6.6,Colombo Stars,Jaffna Kings,LD Chandimal,AD Mathews,V Viyaskanth,1,0,,,,,,,,,
1324528,2022/23,2022-12-12,Pallekele International Cricket Stadium,2,7.1,Colombo Stars,Jaffna Kings,LD Chandimal,AD Mathews,AM Fernando,0,0,,,,,,,,,
1324528,2022/23,2022-12-12,Pallekele International Cricket Stadium,2,7.2,Colombo Stars,Jaffna Kings,LD Chandimal,AD Mathews,AM Fernando,0,0,,,,,,bowled,LD Chandimal,,
1324528,2022/23,2022-12-12,Pallekele International Cricket Stadium,2,7.3,Colombo Stars,Jaffna Kings,S Prasanna,AD Mathews,AM Fernando,0,0,,,,,,,,,
1324528,2022/23,2022-12-12,Pallekele International Cricket Stadium,2,7.4,Colombo Stars,Jaffna Kings,S Prasanna,AD Mathews,AM Fernando,0,1,,,,1,,,,,
1324528,2022/23,2022-12-12,Pallekele International Cricket Stadium,2,7.5,Colombo Stars,Jaffna Kings,AD Mathews,S Prasanna,AM Fernando,0,0,,,,,,,,,
1324528,2022/23,2022-12-12,Pallekele International Cricket Stadium,2,7.6,Colombo Stars,Jaffna Kings,AD Mathews,S Prasanna,AM Fernando,0,0,,,,,,,,,
1324528,2022/23,2022-12-12,Pallekele International Cricket Stadium,2,8.1,Colombo Stars,Jaffna Kings,S Prasanna,AD Mathews,V Viyaskanth,1,0,,,,,,,,,
1324528,2022/23,2022-12-12,Pallekele International Cricket Stadium,2,8.2,Colombo Stars,Jaffna Kings,AD Mathews,S Prasanna,V Viyaskanth,0,0,,,,,,,,,
1324528,2022/23,2022-12-12,Pallekele International Cricket Stadium,2,8.3,Colombo Stars,Jaffna Kings,AD Mathews,S Prasanna,V Viyaskanth,1,0,,,,,,,,,
1324528,2022/23,2022-12-12,Pallekele International Cricket Stadium,2,8.4,Colombo Stars,Jaffna Kings,S Prasanna,AD Mathews,V Viyaskanth,0,0,,,,,,,,,
1324528,2022/23,2022-12-12,Pallekele International Cricket Stadium,2,8.5,Colombo Stars,Jaffna Kings,S Prasanna,AD Mathews,V Viyaskanth,1,0,,,,,,,,,
1324528,2022/23,2022-12-12,Pallekele International Cricket Stadium,2,8.6,Colombo Stars,Jaffna Kings,AD Mathews,S Prasanna,V Viyaskanth,4,0,,,,,,,,,
1324528,2022/23,2022-12-12,Pallekele International Cricket Stadium,2,9.1,Colombo Stars,Jaffna Kings,S Prasanna,AD Mathews,JK Fuller,1,0,,,,,,,,,
1324528,2022/23,2022-12-12,Pallekele International Cricket Stadium,2,9.2,Colombo Stars,Jaffna Kings,AD Mathews,S Prasanna,JK Fuller,1,0,,,,,,,,,
1324528,2022/23,2022-12-12,Pallekele International Cricket Stadium,2,9.3,Colombo Stars,Jaffna Kings,S Prasanna,AD Mathews,JK Fuller,0,0,,,,,,,,,
1324528,2022/23,2022-12-12,Pallekele International Cricket Stadium,2,9.4,Colombo Stars,Jaffna Kings,S Prasanna,AD Mathews,JK Fuller,0,0,,,,,,,,,
1324528,2022/23,2022-12-12,Pallekele International Cricket Stadium,2,9.5,Colombo Stars,Jaffna Kings,S Prasanna,AD Mathews,JK Fuller,1,0,,,,,,,,,
1324528,2022/23,2022-12-12,Pallekele International Cricket Stadium,2,9.6,Colombo Stars,Jaffna Kings,AD Mathews,S Prasanna,JK Fuller,0,0,,,,,,,,,
1324528,2022/23,2022-12-12,Pallekele International Cricket Stadium,2,10.1,Colombo Stars,Jaffna Kings,S Prasanna,AD Mathews,V Viyaskanth,0,0,,,,,,caught,S Prasanna,,
1324528,2022/23,2022-12-12,Pallekele International Cricket Stadium,2,10.2,Colombo Stars,Jaffna Kings,DC Drakes,AD Mathews,V Viyaskanth,1,0,,,,,,,,,
1324528,2022/23,2022-12-12,Pallekele International Cricket Stadium,2,10.3,Colombo Stars,Jaffna Kings,AD Mathews,DC Drakes,V Viyaskanth,0,0,,,,,,,,,
1324528,2022/23,2022-12-12,Pallekele International Cricket Stadium,2,10.4,Colombo Stars,Jaffna Kings,AD Mathews,DC Drakes,V Viyaskanth,0,0,,,,,,,,,
1324528,2022/23,2022-12-12,Pallekele International Cricket Stadium,2,10.5,Colombo Stars,Jaffna Kings,AD Mathews,DC Drakes,V Viyaskanth,1,0,,,,,,,,,
1324528,2022/23,2022-12-12,Pallekele International Cricket Stadium,2,10.6,Colombo Stars,Jaffna Kings,DC Drakes,AD Mathews,V Viyaskanth,1,0,,,,,,,,,
1324528,2022/23,2022-12-12,Pallekele International Cricket Stadium,2,11.1,Colombo Stars,Jaffna Kings,DC Drakes,AD Mathews,AM Fernando,4,0,,,,,,,,,
1324528,2022/23,2022-12-12,Pallekele International Cricket Stadium,2,11.2,Colombo Stars,Jaffna Kings,DC Drakes,AD Mathews,AM Fernando,4,0,,,,,,,,,
1324528,2022/23,2022-12-12,Pallekele International Cricket Stadium,2,11.3,Colombo Stars,Jaffna Kings,DC Drakes,AD Mathews,AM Fernando,0,0,,,,,,,,,
1324528,2022/23,2022-12-12,Pallekele International Cricket Stadium,2,11.4,Colombo Stars,Jaffna Kings,DC Drakes,AD Mathews,AM Fernando,2,0,,,,,,,,,
1324528,2022/23,2022-12-12,Pallekele International Cricket Stadium,2,11.5,Colombo Stars,Jaffna Kings,DC Drakes,AD Mathews,AM Fernando,2,0,,,,,,,,,
1324528,2022/23,2022-12-12,Pallekele International Cricket Stadium,2,11.6,Colombo Stars,Jaffna Kings,DC Drakes,AD Mathews,AM Fernando,0,0,,,,,,,,,
1324528,2022/23,2022-12-12,Pallekele International Cricket Stadium,2,12.1,Colombo Stars,Jaffna Kings,AD Mathews,DC Drakes,DN Wellalage,4,0,,,,,,,,,
1324528,2022/23,2022-12-12,Pallekele International Cricket Stadium,2,12.2,Colombo Stars,Jaffna Kings,AD Mathews,DC Drakes,DN Wellalage,0,0,,,,,,run out,DC Drakes,,
1324528,2022/23,2022-12-12,Pallekele International Cricket Stadium,2,12.3,Colombo Stars,Jaffna Kings,AD Mathews,BAC Howell,DN Wellalage,4,0,,,,,,,,,
1324528,2022/23,2022-12-12,Pallekele International Cricket Stadium,2,12.4,Colombo Stars,Jaffna Kings,AD Mathews,BAC Howell,DN Wellalage,1,0,,,,,,,,,
1324528,2022/23,2022-12-12,Pallekele International Cricket Stadium,2,12.5,Colombo Stars,Jaffna Kings,BAC Howell,AD Mathews,DN Wellalage,1,0,,,,,,,,,
1324528,2022/23,2022-12-12,Pallekele International Cricket Stadium,2,12.6,Colombo Stars,Jaffna Kings,AD Mathews,BAC Howell,DN Wellalage,1,0,,,,,,,,,
1324528,2022/23,2022-12-12,Pallekele International Cricket Stadium,2,13.1,Colombo Stars,Jaffna Kings,AD Mathews,BAC Howell,M Theekshana,4,0,,,,,,,,,
1324528,2022/23,2022-12-12,Pallekele International Cricket Stadium,2,13.2,Colombo Stars,Jaffna Kings,AD Mathews,BAC Howell,M Theekshana,4,0,,,,,,,,,
1324528,2022/23,2022-12-12,Pallekele International Cricket Stadium,2,13.3,Colombo Stars,Jaffna Kings,AD Mathews,BAC Howell,M Theekshana,1,0,,,,,,,,,
1324528,2022/23,2022-12-12,Pallekele International Cricket Stadium,2,13.4,Colombo Stars,Jaffna Kings,BAC Howell,AD Mathews,M Theekshana,0,0,,,,,,,,,
1324528,2022/23,2022-12-12,Pallekele International Cricket Stadium,2,13.5,Colombo Stars,Jaffna Kings,BAC Howell,AD Mathews,M Theekshana,1,0,,,,,,,,,
1324528,2022/23,2022-12-12,Pallekele International Cricket Stadium,2,13.6,Colombo Stars,Jaffna Kings,AD Mathews,BAC Howell,M Theekshana,2,0,,,,,,,,,
1324528,2022/23,2022-12-12,Pallekele International Cricket Stadium,2,14.1,Colombo Stars,Jaffna Kings,BAC Howell,AD Mathews,V Viyaskanth,4,0,,,,,,,,,
1324528,2022/23,2022-12-12,Pallekele International Cricket Stadium,2,14.2,Colombo Stars,Jaffna Kings,BAC Howell,AD Mathews,V Viyaskanth,4,0,,,,,,,,,
1324528,2022/23,2022-12-12,Pallekele International Cricket Stadium,2,14.3,Colombo Stars,Jaffna Kings,BAC Howell,AD Mathews,V Viyaskanth,4,0,,,,,,,,,
1324528,2022/23,2022-12-12,Pallekele International Cricket Stadium,2,14.4,Colombo Stars,Jaffna Kings,BAC Howell,AD Mathews,V Viyaskanth,1,0,,,,,,,,,
1324528,2022/23,2022-12-12,Pallekele International Cricket Stadium,2,14.5,Colombo Stars,Jaffna Kings,AD Mathews,BAC Howell,V Viyaskanth,1,0,,,,,,,,,
1324528,2022/23,2022-12-12,Pallekele International Cricket Stadium,2,14.6,Colombo Stars,Jaffna Kings,BAC Howell,AD Mathews,V Viyaskanth,4,0,,,,,,,,,
1324528,2022/23,2022-12-12,Pallekele International Cricket Stadium,2,15.1,Colombo Stars,Jaffna Kings,AD Mathews,BAC Howell,NLTC Perera,1,0,,,,,,,,,
1324528,2022/23,2022-12-12,Pallekele International Cricket Stadium,2,15.2,Colombo Stars,Jaffna Kings,BAC Howell,AD Mathews,NLTC Perera,6,0,,,,,,,,,
1324528,2022/23,2022-12-12,Pallekele International Cricket Stadium,2,15.3,Colombo Stars,Jaffna Kings,BAC Howell,AD Mathews,NLTC Perera,1,0,,,,,,,,,
1324528,2022/23,2022-12-12,Pallekele International Cricket Stadium,2,15.4,Colombo Stars,Jaffna Kings,AD Mathews,BAC Howell,NLTC Perera,6,0,,,,,,,,,
1324528,2022/23,2022-12-12,Pallekele International Cricket Stadium,2,15.5,Colombo Stars,Jaffna Kings,AD Mathews,BAC Howell,NLTC Perera,2,0,,,,,,,,,
1324528,2022/23,2022-12-12,Pallekele International Cricket Stadium,2,15.6,Colombo Stars,Jaffna Kings,AD Mathews,BAC Howell,NLTC Perera,4,0,,,,,,,,,
1324528,2022/23,2022-12-12,Pallekele International Cricket Stadium,2,16.1,Colombo Stars,Jaffna Kings,BAC Howell,AD Mathews,M Theekshana,1,0,,,,,,,,,
1324528,2022/23,2022-12-12,Pallekele International Cricket Stadium,2,16.2,Colombo Stars,Jaffna Kings,AD Mathews,BAC Howell,M Theekshana,1,0,,,,,,,,,
1324528,2022/23,2022-12-12,Pallekele International Cricket Stadium,2,16.3,Colombo Stars,Jaffna Kings,BAC Howell,AD Mathews,M Theekshana,1,0,,,,,,,,,
1324528,2022/23,2022-12-12,Pallekele International Cricket Stadium,2,16.4,Colombo Stars,Jaffna Kings,AD Mathews,BAC Howell,M Theekshana,1,0,,,,,,,,,
1324528,2022/23,2022-12-12,Pallekele International Cricket Stadium,2,16.5,Colombo Stars,Jaffna Kings,BAC Howell,AD Mathews,M Theekshana,1,0,,,,,,,,,
1324528,2022/23,2022-12-12,Pallekele International Cricket Stadium,2,16.6,Colombo Stars,Jaffna Kings,AD Mathews,BAC Howell,M Theekshana,4,0,,,,,,,,,
1324528,2022/23,2022-12-12,Pallekele International Cricket Stadium,2,17.1,Colombo Stars,Jaffna Kings,BAC Howell,AD Mathews,JK Fuller,1,0,,,,,,,,,
1324528,2022/23,2022-12-12,Pallekele International Cricket Stadium,2,17.2,Colombo Stars,Jaffna Kings,AD Mathews,BAC Howell,JK Fuller,0,0,,,,,,,,,
1324528,2022/23,2022-12-12,Pallekele International Cricket Stadium,2,17.3,Colombo Stars,Jaffna Kings,AD Mathews,BAC Howell,JK Fuller,1,0,,,,,,,,,
1324528,2022/23,2022-12-12,Pallekele International Cricket Stadium,2,17.4,Colombo Stars,Jaffna Kings,BAC Howell,AD Mathews,JK Fuller,2,0,,,,,,,,,
1324528,2022/23,2022-12-12,Pallekele International Cricket Stadium,2,17.5,Colombo Stars,Jaffna Kings,BAC Howell,AD Mathews,JK Fuller,0,0,,,,,,,,,
1324528,2022/23,2022-12-12,Pallekele International Cricket Stadium,2,17.6,Colombo Stars,Jaffna Kings,BAC Howell,AD Mathews,JK Fuller,4,0,,,,,,,,,
1324528,2022/23,2022-12-12,Pallekele International Cricket Stadium,2,18.1,Colombo Stars,Jaffna Kings,AD Mathews,BAC Howell,AM Fernando,1,0,,,,,,,,,
1324528,2022/23,2022-12-12,Pallekele International Cricket Stadium,2,18.2,Colombo Stars,Jaffna Kings,BAC Howell,AD Mathews,AM Fernando,6,0,,,,,,,,,
1324528,2022/23,2022-12-12,Pallekele International Cricket Stadium,2,18.3,Colombo Stars,Jaffna Kings,BAC Howell,AD Mathews,AM Fernando,1,0,,,,,,,,,
1324528,2022/23,2022-12-12,Pallekele International Cricket Stadium,2,18.4,Colombo Stars,Jaffna Kings,AD Mathews,BAC Howell,AM Fernando,2,0,,,,,,,,,
1324528,2022/23,2022-12-12,Pallekele International Cricket Stadium,2,18.5,Colombo Stars,Jaffna Kings,AD Mathews,BAC Howell,AM Fernando,2,0,,,,,,,,,
1324528,2022/23,2022-12-12,Pallekele International Cricket Stadium,2,18.6,Colombo Stars,Jaffna Kings,AD Mathews,BAC Howell,AM Fernando,4,0,,,,,,,,,
1324528,2022/23,2022-12-12,Pallekele International Cricket Stadium,2,19.1,Colombo Stars,Jaffna Kings,BAC Howell,AD Mathews,JK Fuller,0,0,,,,,,caught,BAC Howell,,
1324528,2022/23,2022-12-12,Pallekele International Cricket Stadium,2,19.2,Colombo Stars,Jaffna Kings,CAK Rajitha,AD Mathews,JK Fuller,1,0,,,,,,,,,
1324528,2022/23,2022-12-12,Pallekele International Cricket Stadium,2,19.3,Colombo Stars,Jaffna Kings,AD Mathews,CAK Rajitha,JK Fuller,6,0,,,,,,,,,
1324528,2022/23,2022-12-12,Pallekele International Cricket Stadium,2,19.4,Colombo Stars,Jaffna Kings,AD Mathews,CAK Rajitha,JK Fuller,6,0,,,,,,,,,
1324528,2022/23,2022-12-12,Pallekele International Cricket Stadium,2,19.5,Colombo Stars,Jaffna Kings,AD Mathews,CAK Rajitha,JK Fuller,2,0,,,,,,,,,
1324528,2022/23,2022-12-12,Pallekele International Cricket Stadium,2,19.6,Colombo Stars,Jaffna Kings,AD Mathews,CAK Rajitha,JK Fuller,0,0,,,,,,,,,
