match_id,season,start_date,venue,innings,ball,batting_team,bowling_team,striker,non_striker,bowler,runs_off_bat,extras,wides,noballs,byes,legbyes,penalty,wicket_type,player_dismissed,other_wicket_type,other_player_dismissed
1324526,2022/23,2022-12-11,Pallekele International Cricket Stadium,1,0.1,Jaffna Kings,Dambulla Aura,Rahmanullah Gurbaz,WIA Fernando,KTH Ratnayake,0,0,,,,,,,,,
1324526,2022/23,2022-12-11,Pallekele International Cricket Stadium,1,0.2,Jaffna Kings,Dambulla Aura,Rahmanullah Gurbaz,WIA Fernando,KTH Ratnayake,4,0,,,,,,,,,
1324526,2022/23,2022-12-11,Pallekele International Cricket Stadium,1,0.3,Jaffna Kings,Dambulla Aura,Rahmanullah Gurbaz,WIA Fernando,KTH Ratnayake,4,0,,,,,,,,,
1324526,2022/23,2022-12-11,Pallekele International Cricket Stadium,1,0.4,Jaffna Kings,Dambulla Aura,Rahmanullah Gurbaz,WIA Fernando,KTH Ratnayake,1,0,,,,,,,,,
1324526,2022/23,2022-12-11,Pallekele International Cricket Stadium,1,0.5,Jaffna Kings,Dambulla Aura,WIA Fernando,Rahmanullah Gurbaz,KTH Ratnayake,0,0,,,,,,,,,
1324526,2022/23,2022-12-11,Pallekele International Cricket Stadium,1,0.6,Jaffna Kings,Dambulla Aura,WIA Fernando,Rahmanullah Gurbaz,KTH Ratnayake,0,0,,,,,,,,,
1324526,2022/23,2022-12-11,Pallekele International Cricket Stadium,1,1.1,Jaffna Kings,Dambulla Aura,Rahmanullah Gurbaz,WIA Fernando,CBRLS Kumara,2,0,,,,,,,,,
1324526,2022/23,2022-12-11,Pallekele International Cricket Stadium,1,1.2,Jaffna Kings,Dambulla Aura,Rahmanullah Gurbaz,WIA Fernando,CBRLS Kumara,2,0,,,,,,,,,
1324526,2022/23,2022-12-11,Pallekele International Cricket Stadium,1,1.3,Jaffna Kings,Dambulla Aura,Rahmanullah Gurbaz,WIA Fernando,CBRLS Kumara,0,5,5,,,,,,,,
1324526,2022/23,2022-12-11,Pallekele International Cricket Stadium,1,1.4,Jaffna Kings,Dambulla Aura,Rahmanullah Gurbaz,WIA Fernando,CBRLS Kumara,4,0,,,,,,,,,
1324526,2022/23,2022-12-11,Pallekele International Cricket Stadium,1,1.5,Jaffna Kings,Dambulla Aura,Rahmanullah Gurbaz,WIA Fernando,CBRLS Kumara,1,0,,,,,,,,,
1324526,2022/23,2022-12-11,Pallekele International Cricket Stadium,1,1.6,Jaffna Kings,Dambulla Aura,WIA Fernando,Rahmanullah Gurbaz,CBRLS Kumara,4,0,,,,,,,,,
1324526,2022/23,2022-12-11,Pallekele International Cricket Stadium,1,1.7,Jaffna Kings,Dambulla Aura,WIA Fernando,Rahmanullah Gurbaz,CBRLS Kumara,2,0,,,,,,,,,
1324526,2022/23,2022-12-11,Pallekele International Cricket Stadium,1,2.1,Jaffna Kings,Dambulla Aura,Rahmanullah Gurbaz,WIA Fernando,PM Liyanagamage,0,0,,,,,,,,,
1324526,2022/23,2022-12-11,Pallekele International Cricket Stadium,1,2.2,Jaffna Kings,Dambulla Aura,Rahmanullah Gurbaz,WIA Fernando,PM Liyanagamage,6,0,,,,,,,,,
1324526,2022/23,2022-12-11,Pallekele International Cricket Stadium,1,2.3,Jaffna Kings,Dambulla Aura,Rahmanullah Gurbaz,WIA Fernando,PM Liyanagamage,6,0,,,,,,,,,
1324526,2022/23,2022-12-11,Pallekele International Cricket Stadium,1,2.4,Jaffna Kings,Dambulla Aura,Rahmanullah Gurbaz,WIA Fernando,PM Liyanagamage,4,0,,,,,,,,,
1324526,2022/23,2022-12-11,Pallekele International Cricket Stadium,1,2.5,Jaffna Kings,Dambulla Aura,Rahmanullah Gurbaz,WIA Fernando,PM Liyanagamage,0,0,,,,,,,,,
1324526,2022/23,2022-12-11,Pallekele International Cricket Stadium,1,2.6,Jaffna Kings,Dambulla Aura,Rahmanullah Gurbaz,WIA Fernando,PM Liyanagamage,4,0,,,,,,,,,
1324526,2022/23,2022-12-11,Pallekele International Cricket Stadium,1,3.1,Jaffna Kings,Dambulla Aura,WIA Fernando,Rahmanullah Gurbaz,Sikandar Raza,2,0,,,,,,,,,
1324526,2022/23,2022-12-11,Pallekele International Cricket Stadium,1,3.2,Jaffna Kings,Dambulla Aura,WIA Fernando,Rahmanullah Gurbaz,Sikandar Raza,0,0,,,,,,,,,
1324526,2022/23,2022-12-11,Pallekele International Cricket Stadium,1,3.3,Jaffna Kings,Dambulla Aura,WIA Fernando,Rahmanullah Gurbaz,Sikandar Raza,0,0,,,,,,,,,
1324526,2022/23,2022-12-11,Pallekele International Cricket Stadium,1,3.4,Jaffna Kings,Dambulla Aura,WIA Fernando,Rahmanullah Gurbaz,Sikandar Raza,1,0,,,,,,,,,
1324526,2022/23,2022-12-11,Pallekele International Cricket Stadium,1,3.5,Jaffna Kings,Dambulla Aura,Rahmanullah Gurbaz,WIA Fernando,Sikandar Raza,0,0,,,,,,,,,
1324526,2022/23,2022-12-11,Pallekele International Cricket Stadium,1,3.6,Jaffna Kings,Dambulla Aura,Rahmanullah Gurbaz,WIA Fernando,Sikandar Raza,1,0,,,,,,,,,
1324526,2022/23,2022-12-11,Pallekele International Cricket Stadium,1,4.1,Jaffna Kings,Dambulla Aura,Rahmanullah Gurbaz,WIA Fernando,KTH Ratnayake,1,0,,,,,,,,,
1324526,2022/23,2022-12-11,Pallekele International Cricket Stadium,1,4.2,Jaffna Kings,Dambulla Aura,WIA Fernando,Rahmanullah Gurbaz,KTH Ratnayake,4,0,,,,,,,,,
1324526,2022/23,2022-12-11,Pallekele International Cricket Stadium,1,4.3,Jaffna Kings,Dambulla Aura,WIA Fernando,Rahmanullah Gurbaz,KTH Ratnayake,1,0,,,,,,,,,
1324526,2022/23,2022-12-11,Pallekele International Cricket Stadium,1,4.4,Jaffna Kings,Dambulla Aura,Rahmanullah Gurbaz,WIA Fernando,KTH Ratnayake,4,0,,,,,,,,,
1324526,2022/23,2022-12-11,Pallekele International Cricket Stadium,1,4.5,Jaffna Kings,Dambulla Aura,Rahmanullah Gurbaz,WIA Fernando,KTH Ratnayake,0,0,,,,,,,,,
1324526,2022/23,2022-12-11,Pallekele International Cricket Stadium,1,4.6,Jaffna Kings,Dambulla Aura,Rahmanullah Gurbaz,WIA Fernando,KTH Ratnayake,6,0,,,,,,,,,
1324526,2022/23,2022-12-11,Pallekele International Cricket Stadium,1,5.1,Jaffna Kings,Dambulla Aura,WIA Fernando,Rahmanullah Gurbaz,Sikandar Raza,1,0,,,,,,,,,
1324526,2022/23,2022-12-11,Pallekele International Cricket Stadium,1,5.2,Jaffna Kings,Dambulla Aura,Rahmanullah Gurbaz,WIA Fernando,Sikandar Raza,0,0,,,,,,,,,
1324526,2022/23,2022-12-11,Pallekele International Cricket Stadium,1,5.3,Jaffna Kings,Dambulla Aura,Rahmanullah Gurbaz,WIA Fernando,Sikandar Raza,0,0,,,,,,,,,
1324526,2022/23,2022-12-11,Pallekele International Cricket Stadium,1,5.4,Jaffna Kings,Dambulla Aura,Rahmanullah Gurbaz,WIA Fernando,Sikandar Raza,0,0,,,,,,,,,
1324526,2022/23,2022-12-11,Pallekele International Cricket Stadium,1,5.5,Jaffna Kings,Dambulla Aura,Rahmanullah Gurbaz,WIA Fernando,Sikandar Raza,2,0,,,,,,,,,
1324526,2022/23,2022-12-11,Pallekele International Cricket Stadium,1,5.6,Jaffna Kings,Dambulla Aura,Rahmanullah Gurbaz,WIA Fernando,Sikandar Raza,1,0,,,,,,,,,
1324526,2022/23,2022-12-11,Pallekele International Cricket Stadium,1,6.1,Jaffna Kings,Dambulla Aura,Rahmanullah Gurbaz,WIA Fernando,MADI Hemantha,1,0,,,,,,,,,
1324526,2022/23,2022-12-11,Pallekele International Cricket Stadium,1,6.2,Jaffna Kings,Dambulla Aura,WIA Fernando,Rahmanullah Gurbaz,MADI Hemantha,0,0,,,,,,,,,
1324526,2022/23,2022-12-11,Pallekele International Cricket Stadium,1,6.3,Jaffna Kings,Dambulla Aura,WIA Fernando,Rahmanullah Gurbaz,MADI Hemantha,6,0,,,,,,,,,
1324526,2022/23,2022-12-11,Pallekele International Cricket Stadium,1,6.4,Jaffna Kings,Dambulla Aura,WIA Fernando,Rahmanullah Gurbaz,MADI Hemantha,2,0,,,,,,,,,
1324526,2022/23,2022-12-11,Pallekele International Cricket Stadium,1,6.5,Jaffna Kings,Dambulla Aura,WIA Fernando,Rahmanullah Gurbaz,MADI Hemantha,1,0,,,,,,,,,
1324526,2022/23,2022-12-11,Pallekele International Cricket Stadium,1,6.6,Jaffna Kings,Dambulla Aura,Rahmanullah Gurbaz,WIA Fernando,MADI Hemantha,1,0,,,,,,,,,
1324526,2022/23,2022-12-11,Pallekele International Cricket Stadium,1,7.1,Jaffna Kings,Dambulla Aura,Rahmanullah Gurbaz,WIA Fernando,Sikandar Raza,1,0,,,,,,,,,
1324526,2022/23,2022-12-11,Pallekele International Cricket Stadium,1,7.2,Jaffna Kings,Dambulla Aura,WIA Fernando,Rahmanullah Gurbaz,Sikandar Raza,0,0,,,,,,,,,
1324526,2022/23,2022-12-11,Pallekele International Cricket Stadium,1,7.3,Jaffna Kings,Dambulla Aura,WIA Fernando,Rahmanullah Gurbaz,Sikandar Raza,1,0,,,,,,,,,
1324526,2022/23,2022-12-11,Pallekele International Cricket Stadium,1,7.4,Jaffna Kings,Dambulla Aura,Rahmanullah Gurbaz,WIA Fernando,Sikandar Raza,6,0,,,,,,,,,
1324526,2022/23,2022-12-11,Pallekele International Cricket Stadium,1,7.5,Jaffna Kings,Dambulla Aura,Rahmanullah Gurbaz,WIA Fernando,Sikandar Raza,6,0,,,,,,,,,
1324526,2022/23,2022-12-11,Pallekele International Cricket Stadium,1,7.6,Jaffna Kings,Dambulla Aura,Rahmanullah Gurbaz,WIA Fernando,Sikandar Raza,0,0,,,,,,,,,
1324526,2022/23,2022-12-11,Pallekele International Cricket Stadium,1,8.1,Jaffna Kings,Dambulla Aura,WIA Fernando,Rahmanullah Gurbaz,MADI Hemantha,0,0,,,,,,,,,
1324526,2022/23,2022-12-11,Pallekele International Cricket Stadium,1,8.2,Jaffna Kings,Dambulla Aura,WIA Fernando,Rahmanullah Gurbaz,MADI Hemantha,4,0,,,,,,,,,
1324526,2022/23,2022-12-11,Pallekele International Cricket Stadium,1,8.3,Jaffna Kings,Dambulla Aura,WIA Fernando,Rahmanullah Gurbaz,MADI Hemantha,2,0,,,,,,,,,
1324526,2022/23,2022-12-11,Pallekele International Cricket Stadium,1,8.4,Jaffna Kings,Dambulla Aura,WIA Fernando,Rahmanullah Gurbaz,MADI Hemantha,4,0,,,,,,,,,
1324526,2022/23,2022-12-11,Pallekele International Cricket Stadium,1,8.5,Jaffna Kings,Dambulla Aura,WIA Fernando,Rahmanullah Gurbaz,MADI Hemantha,4,0,,,,,,,,,
1324526,2022/23,2022-12-11,Pallekele International Cricket Stadium,1,8.6,Jaffna Kings,Dambulla Aura,WIA Fernando,Rahmanullah Gurbaz,MADI Hemantha,0,0,,,,,,,,,
1324526,2022/23,2022-12-11,Pallekele International Cricket Stadium,1,9.1,Jaffna Kings,Dambulla Aura,Rahmanullah Gurbaz,WIA Fernando,PM Liyanagamage,4,0,,,,,,,,,
1324526,2022/23,2022-12-11,Pallekele International Cricket Stadium,1,9.2,Jaffna Kings,Dambulla Aura,Rahmanullah Gurbaz,WIA Fernando,PM Liyanagamage,1,0,,,,,,,,,
1324526,2022/23,2022-12-11,Pallekele International Cricket Stadium,1,9.3,Jaffna Kings,Dambulla Aura,WIA Fernando,Rahmanullah Gurbaz,PM Liyanagamage,2,0,,,,,,,,,
1324526,2022/23,2022-12-11,Pallekele International Cricket Stadium,1,9.4,Jaffna Kings,Dambulla Aura,WIA Fernando,Rahmanullah Gurbaz,PM Liyanagamage,6,0,,,,,,,,,
1324526,2022/23,2022-12-11,Pallekele International Cricket Stadium,1,9.5,Jaffna Kings,Dambulla Aura,WIA Fernando,Rahmanullah Gurbaz,PM Liyanagamage,1,0,,,,,,,,,
1324526,2022/23,2022-12-11,Pallekele International Cricket Stadium,1,9.6,Jaffna Kings,Dambulla Aura,Rahmanullah Gurbaz,WIA Fernando,PM Liyanagamage,0,0,,,,,,,,,
1324526,2022/23,2022-12-11,Pallekele International Cricket Stadium,1,10.1,Jaffna Kings,Dambulla Aura,WIA Fernando,Rahmanullah Gurbaz,CBRLS Kumara,2,0,,,,,,,,,
1324526,2022/23,2022-12-11,Pallekele International Cricket Stadium,1,10.2,Jaffna Kings,Dambulla Aura,WIA Fernando,Rahmanullah Gurbaz,CBRLS Kumara,4,0,,,,,,,,,
1324526,2022/23,2022-12-11,Pallekele International Cricket Stadium,1,10.3,Jaffna Kings,Dambulla Aura,WIA Fernando,Rahmanullah Gurbaz,CBRLS Kumara,0,1,,,,1,,,,,
1324526,2022/23,2022-12-11,Pallekele International Cricket Stadium,1,10.4,Jaffna Kings,Dambulla Aura,Rahmanullah Gurbaz,WIA Fernando,CBRLS Kumara,0,0,,,,,,caught,Rahmanullah Gurbaz,,
1324526,2022/23,2022-12-11,Pallekele International Cricket Stadium,1,10.5,Jaffna Kings,Dambulla Aura,DM de Silva,WIA Fernando,CBRLS Kumara,0,0,,,,,,,,,
1324526,2022/23,2022-12-11,Pallekele International Cricket Stadium,1,10.6,Jaffna Kings,Dambulla Aura,DM de Silva,WIA Fernando,CBRLS Kumara,1,0,,,,,,,,,
1324526,2022/23,2022-12-11,Pallekele International Cricket Stadium,1,11.1,Jaffna Kings,Dambulla Aura,DM de Silva,WIA Fernando,MADI Hemantha,4,0,,,,,,,,,
1324526,2022/23,2022-12-11,Pallekele International Cricket Stadium,1,11.2,Jaffna Kings,Dambulla Aura,DM de Silva,WIA Fernando,MADI Hemantha,1,0,,,,,,,,,
1324526,2022/23,2022-12-11,Pallekele International Cricket Stadium,1,11.3,Jaffna Kings,Dambulla Aura,WIA Fernando,DM de Silva,MADI Hemantha,0,0,,,,,,bowled,WIA Fernando,,
1324526,2022/23,2022-12-11,Pallekele International Cricket Stadium,1,11.4,Jaffna Kings,Dambulla Aura,S Samarawickrama,DM de Silva,MADI Hemantha,2,0,,,,,,,,,
1324526,2022/23,2022-12-11,Pallekele International Cricket Stadium,1,11.5,Jaffna Kings,Dambulla Aura,S Samarawickrama,DM de Silva,MADI Hemantha,1,0,,,,,,,,,
1324526,2022/23,2022-12-11,Pallekele International Cricket Stadium,1,11.6,Jaffna Kings,Dambulla Aura,DM de Silva,S Samarawickrama,MADI Hemantha,1,0,,,,,,,,,
1324526,2022/23,2022-12-11,Pallekele International Cricket Stadium,1,12.1,Jaffna Kings,Dambulla Aura,DM de Silva,S Samarawickrama,KTH Ratnayake,1,0,,,,,,,,,
1324526,2022/23,2022-12-11,Pallekele International Cricket Stadium,1,12.2,Jaffna Kings,Dambulla Aura,S Samarawickrama,DM de Silva,KTH Ratnayake,1,0,,,,,,,,,
1324526,2022/23,2022-12-11,Pallekele International Cricket Stadium,1,12.3,Jaffna Kings,Dambulla Aura,DM de Silva,S Samarawickrama,KTH Ratnayake,0,1,,,,1,,,,,
1324526,2022/23,2022-12-11,Pallekele International Cricket Stadium,1,12.4,Jaffna Kings,Dambulla Aura,S Samarawickrama,DM de Silva,KTH Ratnayake,1,0,,,,,,,,,
1324526,2022/23,2022-12-11,Pallekele International Cricket Stadium,1,12.5,Jaffna Kings,Dambulla Aura,DM de Silva,S Samarawickrama,KTH Ratnayake,0,0,,,,,,,,,
1324526,2022/23,2022-12-11,Pallekele International Cricket Stadium,1,12.6,Jaffna Kings,Dambulla Aura,DM de Silva,S Samarawickrama,KTH Ratnayake,6,0,,,,,,,,,
1324526,2022/23,2022-12-11,Pallekele International Cricket Stadium,1,13.1,Jaffna Kings,Dambulla Aura,S Samarawickrama,DM de Silva,MADI Hemantha,4,0,,,,,,,,,
1324526,2022/23,2022-12-11,Pallekele International Cricket Stadium,1,13.2,Jaffna Kings,Dambulla Aura,S Samarawickrama,DM de Silva,MADI Hemantha,0,0,,,,,,,,,
1324526,2022/23,2022-12-11,Pallekele International Cricket Stadium,1,13.3,Jaffna Kings,Dambulla Aura,S Samarawickrama,DM de Silva,MADI Hemantha,1,0,,,,,,,,,
1324526,2022/23,2022-12-11,Pallekele International Cricket Stadium,1,13.4,Jaffna Kings,Dambulla Aura,DM de Silva,S Samarawickrama,MADI Hemantha,4,0,,,,,,,,,
1324526,2022/23,2022-12-11,Pallekele International Cricket Stadium,1,13.5,Jaffna Kings,Dambulla Aura,DM de Silva,S Samarawickrama,MADI Hemantha,1,0,,,,,,,,,
1324526,2022/23,2022-12-11,Pallekele International Cricket Stadium,1,13.6,Jaffna Kings,Dambulla Aura,S Samarawickrama,DM de Silva,MADI Hemantha,0,0,,,,,,,,,
1324526,2022/23,2022-12-11,Pallekele International Cricket Stadium,1,14.1,Jaffna Kings,Dambulla Aura,DM de Silva,S Samarawickrama,CBRLS Kumara,0,0,,,,,,caught,DM de Silva,,
1324526,2022/23,2022-12-11,Pallekele International Cricket Stadium,1,14.2,Jaffna Kings,Dambulla Aura,Shoaib Malik,S Samarawickrama,CBRLS Kumara,2,0,,,,,,,,,
1324526,2022/23,2022-12-11,Pallekele International Cricket Stadium,1,14.3,Jaffna Kings,Dambulla Aura,Shoaib Malik,S Samarawickrama,CBRLS Kumara,4,0,,,,,,,,,
1324526,2022/23,2022-12-11,Pallekele International Cricket Stadium,1,14.4,Jaffna Kings,Dambulla Aura,Shoaib Malik,S Samarawickrama,CBRLS Kumara,2,0,,,,,,,,,
1324526,2022/23,2022-12-11,Pallekele International Cricket Stadium,1,14.5,Jaffna Kings,Dambulla Aura,Shoaib Malik,S Samarawickrama,CBRLS Kumara,4,0,,,,,,,,,
1324526,2022/23,2022-12-11,Pallekele International Cricket Stadium,1,14.6,Jaffna Kings,Dambulla Aura,Shoaib Malik,S Samarawickrama,CBRLS Kumara,2,0,,,,,,,,,
1324526,2022/23,2022-12-11,Pallekele International Cricket Stadium,1,15.1,Jaffna Kings,Dambulla Aura,S Samarawickrama,Shoaib Malik,Sikandar Raza,4,0,,,,,,,,,
1324526,2022/23,2022-12-11,Pallekele International Cricket Stadium,1,15.2,Jaffna Kings,Dambulla Aura,S Samarawickrama,Shoaib Malik,Sikandar Raza,1,0,,,,,,,,,
1324526,2022/23,2022-12-11,Pallekele International Cricket Stadium,1,15.3,Jaffna Kings,Dambulla Aura,Shoaib Malik,S Samarawickrama,Sikandar Raza,2,0,,,,,,,,,
1324526,2022/23,2022-12-11,Pallekele International Cricket Stadium,1,15.4,Jaffna Kings,Dambulla Aura,Shoaib Malik,S Samarawickrama,Sikandar Raza,1,0,,,,,,,,,
1324526,2022/23,2022-12-11,Pallekele International Cricket Stadium,1,15.5,Jaffna Kings,Dambulla Aura,S Samarawickrama,Shoaib Malik,Sikandar Raza,1,0,,,,,,,,,
1324526,2022/23,2022-12-11,Pallekele International Cricket Stadium,1,15.6,Jaffna Kings,Dambulla Aura,Shoaib Malik,S Samarawickrama,Sikandar Raza,4,0,,,,,,,,,
1324526,2022/23,2022-12-11,Pallekele International Cricket Stadium,1,16.1,Jaffna Kings,Dambulla Aura,S Samarawickrama,Shoaib Malik,PM Liyanagamage,0,0,,,,,,,,,
1324526,2022/23,2022-12-11,Pallekele International Cricket Stadium,1,16.2,Jaffna Kings,Dambulla Aura,S Samarawickrama,Shoaib Malik,PM Liyanagamage,0,0,,,,,,,,,
1324526,2022/23,2022-12-11,Pallekele International Cricket Stadium,1,16.3,Jaffna Kings,Dambulla Aura,S Samarawickrama,Shoaib Malik,PM Liyanagamage,4,0,,,,,,,,,
1324526,2022/23,2022-12-11,Pallekele International Cricket Stadium,1,16.4,Jaffna Kings,Dambulla Aura,S Samarawickrama,Shoaib Malik,PM Liyanagamage,0,1,,,,1,,,,,
1324526,2022/23,2022-12-11,Pallekele International Cricket Stadium,1,16.5,Jaffna Kings,Dambulla Aura,Shoaib Malik,S Samarawickrama,PM Liyanagamage,4,0,,,,,,,,,
1324526,2022/23,2022-12-11,Pallekele International Cricket Stadium,1,16.6,Jaffna Kings,Dambulla Aura,Shoaib Malik,S Samarawickrama,PM Liyanagamage,1,0,,,,,,,,,
1324526,2022/23,2022-12-11,Pallekele International Cricket Stadium,1,17.1,Jaffna Kings,Dambulla Aura,Shoaib Malik,S Samarawickrama,MD Shanaka,1,0,,,,,,,,,
1324526,2022/23,2022-12-11,Pallekele International Cricket Stadium,1,17.2,Jaffna Kings,Dambulla Aura,S Samarawickrama,Shoaib Malik,MD Shanaka,4,0,,,,,,,,,
1324526,2022/23,2022-12-11,Pallekele International Cricket Stadium,1,17.3,Jaffna Kings,Dambulla Aura,S Samarawickrama,Shoaib Malik,MD Shanaka,1,0,,,,,,,,,
1324526,2022/23,2022-12-11,Pallekele International Cricket Stadium,1,17.4,Jaffna Kings,Dambulla Aura,Shoaib Malik,S Samarawickrama,MD Shanaka,1,0,,,,,,,,,
1324526,2022/23,2022-12-11,Pallekele International Cricket Stadium,1,17.5,Jaffna Kings,Dambulla Aura,S Samarawickrama,Shoaib Malik,MD Shanaka,2,0,,,,,,,,,
1324526,2022/23,2022-12-11,Pallekele International Cricket Stadium,1,17.6,Jaffna Kings,Dambulla Aura,S Samarawickrama,Shoaib Malik,MD Shanaka,4,0,,,,,,,,,
1324526,2022/23,2022-12-11,Pallekele International Cricket Stadium,1,18.1,Jaffna Kings,Dambulla Aura,Shoaib Malik,S Samarawickrama,PM Liyanagamage,0,1,1,,,,,,,,
1324526,2022/23,2022-12-11,Pallekele International Cricket Stadium,1,18.2,Jaffna Kings,Dambulla Aura,Shoaib Malik,S Samarawickrama,PM Liyanagamage,0,0,,,,,,,,,
1324526,2022/23,2022-12-11,Pallekele International Cricket Stadium,1,18.3,Jaffna Kings,Dambulla Aura,Shoaib Malik,S Samarawickrama,PM Liyanagamage,0,1,1,,,,,,,,
1324526,2022/23,2022-12-11,Pallekele International Cricket Stadium,1,18.4,Jaffna Kings,Dambulla Aura,Shoaib Malik,S Samarawickrama,PM Liyanagamage,4,0,,,,,,,,,
1324526,2022/23,2022-12-11,Pallekele International Cricket Stadium,1,18.5,Jaffna Kings,Dambulla Aura,Shoaib Malik,S Samarawickrama,PM Liyanagamage,0,0,,,,,,caught,Shoaib Malik,,
1324526,2022/23,2022-12-11,Pallekele International Cricket Stadium,1,18.6,Jaffna Kings,Dambulla Aura,NLTC Perera,S Samarawickrama,PM Liyanagamage,1,0,,,,,,,,,
1324526,2022/23,2022-12-11,Pallekele International Cricket Stadium,1,18.7,Jaffna Kings,Dambulla Aura,S Samarawickrama,NLTC Perera,PM Liyanagamage,4,0,,,,,,,,,
1324526,2022/23,2022-12-11,Pallekele International Cricket Stadium,1,18.8,Jaffna Kings,Dambulla Aura,S Samarawickrama,NLTC Perera,PM Liyanagamage,1,0,,,,,,,,,
1324526,2022/23,2022-12-11,Pallekele International Cricket Stadium,1,19.1,Jaffna Kings,Dambulla Aura,S Samarawickrama,NLTC Perera,CBRLS Kumara,0,1,1,,,,,,,,
1324526,2022/23,2022-12-11,Pallekele International Cricket Stadium,1,19.2,Jaffna Kings,Dambulla Aura,S Samarawickrama,NLTC Perera,CBRLS Kumara,2,0,,,,,,,,,
1324526,2022/23,2022-12-11,Pallekele International Cricket Stadium,1,19.3,Jaffna Kings,Dambulla Aura,NLTC Perera,S Samarawickrama,CBRLS Kumara,0,0,,,,,,,,,
1324526,2022/23,2022-12-11,Pallekele International Cricket Stadium,1,19.4,Jaffna Kings,Dambulla Aura,NLTC Perera,S Samarawickrama,CBRLS Kumara,6,0,,,,,,,,,
1324526,2022/23,2022-12-11,Pallekele International Cricket Stadium,1,19.5,Jaffna Kings,Dambulla Aura,NLTC Perera,S Samarawickrama,CBRLS Kumara,2,0,,,,,,,,,
1324526,2022/23,2022-12-11,Pallekele International Cricket Stadium,1,19.6,Jaffna Kings,Dambulla Aura,NLTC Perera,S Samarawickrama,CBRLS Kumara,0,1,1,,,,,,,,
1324526,2022/23,2022-12-11,Pallekele International Cricket Stadium,1,19.7,Jaffna Kings,Dambulla Aura,NLTC Perera,S Samarawickrama,CBRLS Kumara,2,0,,,,,,,,,
1324526,2022/23,2022-12-11,Pallekele International Cricket Stadium,1,19.8,Jaffna Kings,Dambulla Aura,NLTC Perera,S Samarawickrama,CBRLS Kumara,1,0,,,,,,,,,
1324526,2022/23,2022-12-11,Pallekele International Cricket Stadium,2,0.1,Dambulla Aura,Jaffna Kings,S Daniel,JM Cox,D Madushanka,0,5,5,,,,,,,,
1324526,2022/23,2022-12-11,Pallekele International Cricket Stadium,2,0.2,Dambulla Aura,Jaffna Kings,S Daniel,JM Cox,D Madushanka,0,0,,,,,,,,,
1324526,2022/23,2022-12-11,Pallekele International Cricket Stadium,2,0.3,Dambulla Aura,Jaffna Kings,S Daniel,JM Cox,D Madushanka,0,0,,,,,,,,,
1324526,2022/23,2022-12-11,Pallekele International Cricket Stadium,2,0.4,Dambulla Aura,Jaffna Kings,S Daniel,JM Cox,D Madushanka,0,0,,,,,,,,,
1324526,2022/23,2022-12-11,Pallekele International Cricket Stadium,2,0.5,Dambulla Aura,Jaffna Kings,S Daniel,JM Cox,D Madushanka,4,0,,,,,,,,,
1324526,2022/23,2022-12-11,Pallekele International Cricket Stadium,2,0.6,Dambulla Aura,Jaffna Kings,S Daniel,JM Cox,D Madushanka,0,0,,,,,,,,,
1324526,2022/23,2022-12-11,Pallekele International Cricket Stadium,2,0.7,Dambulla Aura,Jaffna Kings,S Daniel,JM Cox,D Madushanka,4,0,,,,,,,,,
1324526,2022/23,2022-12-11,Pallekele International Cricket Stadium,2,1.1,Dambulla Aura,Jaffna Kings,JM Cox,S Daniel,M Theekshana,4,0,,,,,,,,,
1324526,2022/23,2022-12-11,Pallekele International Cricket Stadium,2,1.2,Dambulla Aura,Jaffna Kings,JM Cox,S Daniel,M Theekshana,0,1,,,,1,,,,,
1324526,2022/23,2022-12-11,Pallekele International Cricket Stadium,2,1.3,Dambulla Aura,Jaffna Kings,S Daniel,JM Cox,M Theekshana,0,0,,,,,,,,,
1324526,2022/23,2022-12-11,Pallekele International Cricket Stadium,2,1.4,Dambulla Aura,Jaffna Kings,S Daniel,JM Cox,M Theekshana,1,0,,,,,,,,,
1324526,2022/23,2022-12-11,Pallekele International Cricket Stadium,2,1.5,Dambulla Aura,Jaffna Kings,JM Cox,S Daniel,M Theekshana,1,0,,,,,,,,,
1324526,2022/23,2022-12-11,Pallekele International Cricket Stadium,2,1.6,Dambulla Aura,Jaffna Kings,S Daniel,JM Cox,M Theekshana,6,0,,,,,,,,,
1324526,2022/23,2022-12-11,Pallekele International Cricket Stadium,2,2.1,Dambulla Aura,Jaffna Kings,JM Cox,S Daniel,B Fernando,0,0,,,,,,,,,
1324526,2022/23,2022-12-11,Pallekele International Cricket Stadium,2,2.2,Dambulla Aura,Jaffna Kings,JM Cox,S Daniel,B Fernando,0,0,,,,,,,,,
1324526,2022/23,2022-12-11,Pallekele International Cricket Stadium,2,2.3,Dambulla Aura,Jaffna Kings,JM Cox,S Daniel,B Fernando,0,0,,,,,,caught,JM Cox,,
1324526,2022/23,2022-12-11,Pallekele International Cricket Stadium,2,2.4,Dambulla Aura,Jaffna Kings,PBB Rajapaksa,S Daniel,B Fernando,0,0,,,,,,,,,
1324526,2022/23,2022-12-11,Pallekele International Cricket Stadium,2,2.5,Dambulla Aura,Jaffna Kings,PBB Rajapaksa,S Daniel,B Fernando,0,0,,,,,,,,,
1324526,2022/23,2022-12-11,Pallekele International Cricket Stadium,2,2.6,Dambulla Aura,Jaffna Kings,PBB Rajapaksa,S Daniel,B Fernando,0,0,,,,,,,,,
1324526,2022/23,2022-12-11,Pallekele International Cricket Stadium,2,3.1,Dambulla Aura,Jaffna Kings,S Daniel,PBB Rajapaksa,D Madushanka,0,0,,,,,,,,,
1324526,2022/23,2022-12-11,Pallekele International Cricket Stadium,2,3.2,Dambulla Aura,Jaffna Kings,S Daniel,PBB Rajapaksa,D Madushanka,0,0,,,,,,,,,
1324526,2022/23,2022-12-11,Pallekele International Cricket Stadium,2,3.3,Dambulla Aura,Jaffna Kings,S Daniel,PBB Rajapaksa,D Madushanka,1,0,,,,,,,,,
1324526,2022/23,2022-12-11,Pallekele International Cricket Stadium,2,3.4,Dambulla Aura,Jaffna Kings,PBB Rajapaksa,S Daniel,D Madushanka,0,1,1,,,,,,,,
1324526,2022/23,2022-12-11,Pallekele International Cricket Stadium,2,3.5,Dambulla Aura,Jaffna Kings,PBB Rajapaksa,S Daniel,D Madushanka,0,0,,,,,,,,,
1324526,2022/23,2022-12-11,Pallekele International Cricket Stadium,2,3.6,Dambulla Aura,Jaffna Kings,PBB Rajapaksa,S Daniel,D Madushanka,2,0,,,,,,,,,
1324526,2022/23,2022-12-11,Pallekele International Cricket Stadium,2,3.7,Dambulla Aura,Jaffna Kings,PBB Rajapaksa,S Daniel,D Madushanka,4,0,,,,,,,,,
1324526,2022/23,2022-12-11,Pallekele International Cricket Stadium,2,4.1,Dambulla Aura,Jaffna Kings,S Daniel,PBB Rajapaksa,DM de Silva,4,0,,,,,,,,,
1324526,2022/23,2022-12-11,Pallekele International Cricket Stadium,2,4.2,Dambulla Aura,Jaffna Kings,S Daniel,PBB Rajapaksa,DM de Silva,0,0,,,,,,,,,
1324526,2022/23,2022-12-11,Pallekele International Cricket Stadium,2,4.3,Dambulla Aura,Jaffna Kings,S Daniel,PBB Rajapaksa,DM de Silva,1,0,,,,,,,,,
1324526,2022/23,2022-12-11,Pallekele International Cricket Stadium,2,4.4,Dambulla Aura,Jaffna Kings,PBB Rajapaksa,S Daniel,DM de Silva,1,0,,,,,,,,,
1324526,2022/23,2022-12-11,Pallekele International Cricket Stadium,2,4.5,Dambulla Aura,Jaffna Kings,S Daniel,PBB Rajapaksa,DM de Silva,4,0,,,,,,,,,
1324526,2022/23,2022-12-11,Pallekele International Cricket Stadium,2,4.6,Dambulla Aura,Jaffna Kings,S Daniel,PBB Rajapaksa,DM de Silva,0,0,,,,,,,,,
1324526,2022/23,2022-12-11,Pallekele International Cricket Stadium,2,5.1,Dambulla Aura,Jaffna Kings,PBB Rajapaksa,S Daniel,B Fernando,0,1,,,,1,,,,,
1324526,2022/23,2022-12-11,Pallekele International Cricket Stadium,2,5.2,Dambulla Aura,Jaffna Kings,S Daniel,PBB Rajapaksa,B Fernando,4,0,,,,,,,,,
1324526,2022/23,2022-12-11,Pallekele International Cricket Stadium,2,5.3,Dambulla Aura,Jaffna Kings,S Daniel,PBB Rajapaksa,B Fernando,0,0,,,,,,,,,
1324526,2022/23,2022-12-11,Pallekele International Cricket Stadium,2,5.4,Dambulla Aura,Jaffna Kings,S Daniel,PBB Rajapaksa,B Fernando,0,0,,,,,,caught,S Daniel,,
1324526,2022/23,2022-12-11,Pallekele International Cricket Stadium,2,5.5,Dambulla Aura,Jaffna Kings,TB Abell,PBB Rajapaksa,B Fernando,0,0,,,,,,,,,
1324526,2022/23,2022-12-11,Pallekele International Cricket Stadium,2,5.6,Dambulla Aura,Jaffna Kings,TB Abell,PBB Rajapaksa,B Fernando,1,0,,,,,,,,,
1324526,2022/23,2022-12-11,Pallekele International Cricket Stadium,2,6.1,Dambulla Aura,Jaffna Kings,TB Abell,PBB Rajapaksa,DM de Silva,2,0,,,,,,,,,
1324526,2022/23,2022-12-11,Pallekele International Cricket Stadium,2,6.2,Dambulla Aura,Jaffna Kings,TB Abell,PBB Rajapaksa,DM de Silva,4,0,,,,,,,,,
1324526,2022/23,2022-12-11,Pallekele International Cricket Stadium,2,6.3,Dambulla Aura,Jaffna Kings,TB Abell,PBB Rajapaksa,DM de Silva,1,0,,,,,,,,,
1324526,2022/23,2022-12-11,Pallekele International Cricket Stadium,2,6.4,Dambulla Aura,Jaffna Kings,PBB Rajapaksa,TB Abell,DM de Silva,1,0,,,,,,,,,
1324526,2022/23,2022-12-11,Pallekele International Cricket Stadium,2,6.5,Dambulla Aura,Jaffna Kings,TB Abell,PBB Rajapaksa,DM de Silva,1,0,,,,,,,,,
1324526,2022/23,2022-12-11,Pallekele International Cricket Stadium,2,6.6,Dambulla Aura,Jaffna Kings,PBB Rajapaksa,TB Abell,DM de Silva,1,0,,,,,,,,,
1324526,2022/23,2022-12-11,Pallekele International Cricket Stadium,2,7.1,Dambulla Aura,Jaffna Kings,PBB Rajapaksa,TB Abell,M Theekshana,0,0,,,,,,,,,
1324526,2022/23,2022-12-11,Pallekele International Cricket Stadium,2,7.2,Dambulla Aura,Jaffna Kings,PBB Rajapaksa,TB Abell,M Theekshana,0,1,1,,,,,,,,
1324526,2022/23,2022-12-11,Pallekele International Cricket Stadium,2,7.3,Dambulla Aura,Jaffna Kings,PBB Rajapaksa,TB Abell,M Theekshana,1,0,,,,,,,,,
1324526,2022/23,2022-12-11,Pallekele International Cricket Stadium,2,7.4,Dambulla Aura,Jaffna Kings,TB Abell,PBB Rajapaksa,M Theekshana,0,0,,,,,,,,,
1324526,2022/23,2022-12-11,Pallekele International Cricket Stadium,2,7.5,Dambulla Aura,Jaffna Kings,TB Abell,PBB Rajapaksa,M Theekshana,1,0,,,,,,,,,
1324526,2022/23,2022-12-11,Pallekele International Cricket Stadium,2,7.6,Dambulla Aura,Jaffna Kings,PBB Rajapaksa,TB Abell,M Theekshana,1,0,,,,,,,,,
1324526,2022/23,2022-12-11,Pallekele International Cricket Stadium,2,7.7,Dambulla Aura,Jaffna Kings,TB Abell,PBB Rajapaksa,M Theekshana,2,0,,,,,,,,,
1324526,2022/23,2022-12-11,Pallekele International Cricket Stadium,2,8.1,Dambulla Aura,Jaffna Kings,PBB Rajapaksa,TB Abell,DM de Silva,4,0,,,,,,,,,
1324526,2022/23,2022-12-11,Pallekele International Cricket Stadium,2,8.2,Dambulla Aura,Jaffna Kings,PBB Rajapaksa,TB Abell,DM de Silva,1,0,,,,,,,,,
1324526,2022/23,2022-12-11,Pallekele International Cricket Stadium,2,8.3,Dambulla Aura,Jaffna Kings,TB Abell,PBB Rajapaksa,DM de Silva,0,0,,,,,,bowled,TB Abell,,
1324526,2022/23,2022-12-11,Pallekele International Cricket Stadium,2,8.4,Dambulla Aura,Jaffna Kings,MD Shanaka,PBB Rajapaksa,DM de Silva,1,0,,,,,,,,,
1324526,2022/23,2022-12-11,Pallekele International Cricket Stadium,2,8.5,Dambulla Aura,Jaffna Kings,PBB Rajapaksa,MD Shanaka,DM de Silva,1,0,,,,,,,,,
1324526,2022/23,2022-12-11,Pallekele International Cricket Stadium,2,8.6,Dambulla Aura,Jaffna Kings,MD Shanaka,PBB Rajapaksa,DM de Silva,1,0,,,,,,,,,
1324526,2022/23,2022-12-11,Pallekele International Cricket Stadium,2,9.1,Dambulla Aura,Jaffna Kings,MD Shanaka,PBB Rajapaksa,S Lakshan,4,0,,,,,,,,,
1324526,2022/23,2022-12-11,Pallekele International Cricket Stadium,2,9.2,Dambulla Aura,Jaffna Kings,MD Shanaka,PBB Rajapaksa,S Lakshan,0,5,5,,,,,,,,
1324526,2022/23,2022-12-11,Pallekele International Cricket Stadium,2,9.3,Dambulla Aura,Jaffna Kings,MD Shanaka,PBB Rajapaksa,S Lakshan,4,0,,,,,,,,,
1324526,2022/23,2022-12-11,Pallekele International Cricket Stadium,2,9.4,Dambulla Aura,Jaffna Kings,MD Shanaka,PBB Rajapaksa,S Lakshan,0,0,,,,,,,,,
1324526,2022/23,2022-12-11,Pallekele International Cricket Stadium,2,9.5,Dambulla Aura,Jaffna Kings,MD Shanaka,PBB Rajapaksa,S Lakshan,1,0,,,,,,,,,
1324526,2022/23,2022-12-11,Pallekele International Cricket Stadium,2,9.6,Dambulla Aura,Jaffna Kings,PBB Rajapaksa,MD Shanaka,S Lakshan,0,1,1,,,,,,,,
1324526,2022/23,2022-12-11,Pallekele International Cricket Stadium,2,9.7,Dambulla Aura,Jaffna Kings,PBB Rajapaksa,MD Shanaka,S Lakshan,1,0,,,,,,,,,
1324526,2022/23,2022-12-11,Pallekele International Cricket Stadium,2,9.8,Dambulla Aura,Jaffna Kings,MD Shanaka,PBB Rajapaksa,S Lakshan,1,0,,,,,,,,,
1324526,2022/23,2022-12-11,Pallekele International Cricket Stadium,2,10.1,Dambulla Aura,Jaffna Kings,MD Shanaka,PBB Rajapaksa,DM de Silva,0,1,1,,,,,,,,
1324526,2022/23,2022-12-11,Pallekele International Cricket Stadium,2,10.2,Dambulla Aura,Jaffna Kings,MD Shanaka,PBB Rajapaksa,DM de Silva,0,0,,,,,,,,,
1324526,2022/23,2022-12-11,Pallekele International Cricket Stadium,2,10.3,Dambulla Aura,Jaffna Kings,MD Shanaka,PBB Rajapaksa,DM de Silva,1,0,,,,,,,,,
1324526,2022/23,2022-12-11,Pallekele International Cricket Stadium,2,10.4,Dambulla Aura,Jaffna Kings,PBB Rajapaksa,MD Shanaka,DM de Silva,1,0,,,,,,,,,
1324526,2022/23,2022-12-11,Pallekele International Cricket Stadium,2,10.5,Dambulla Aura,Jaffna Kings,MD Shanaka,PBB Rajapaksa,DM de Silva,2,0,,,,,,,,,
1324526,2022/23,2022-12-11,Pallekele International Cricket Stadium,2,10.6,Dambulla Aura,Jaffna Kings,MD Shanaka,PBB Rajapaksa,DM de Silva,0,1,1,,,,,,,,
1324526,2022/23,2022-12-11,Pallekele International Cricket Stadium,2,10.7,Dambulla Aura,Jaffna Kings,MD Shanaka,PBB Rajapaksa,DM de Silva,0,0,,,,,,,,,
1324526,2022/23,2022-12-11,Pallekele International Cricket Stadium,2,10.8,Dambulla Aura,Jaffna Kings,MD Shanaka,PBB Rajapaksa,DM de Silva,6,0,,,,,,,,,
1324526,2022/23,2022-12-11,Pallekele International Cricket Stadium,2,11.1,Dambulla Aura,Jaffna Kings,PBB Rajapaksa,MD Shanaka,S Lakshan,0,0,,,,,,,,,
1324526,2022/23,2022-12-11,Pallekele International Cricket Stadium,2,11.2,Dambulla Aura,Jaffna Kings,PBB Rajapaksa,MD Shanaka,S Lakshan,0,1,1,,,,,,,,
1324526,2022/23,2022-12-11,Pallekele International Cricket Stadium,2,11.3,Dambulla Aura,Jaffna Kings,PBB Rajapaksa,MD Shanaka,S Lakshan,1,0,,,,,,,,,
1324526,2022/23,2022-12-11,Pallekele International Cricket Stadium,2,11.4,Dambulla Aura,Jaffna Kings,MD Shanaka,PBB Rajapaksa,S Lakshan,0,0,,,,,,,,,
1324526,2022/23,2022-12-11,Pallekele International Cricket Stadium,2,11.5,Dambulla Aura,Jaffna Kings,MD Shanaka,PBB Rajapaksa,S Lakshan,0,0,,,,,,,,,
1324526,2022/23,2022-12-11,Pallekele International Cricket Stadium,2,11.6,Dambulla Aura,Jaffna Kings,MD Shanaka,PBB Rajapaksa,S Lakshan,4,0,,,,,,,,,
1324526,2022/23,2022-12-11,Pallekele International Cricket Stadium,2,11.7,Dambulla Aura,Jaffna Kings,MD Shanaka,PBB Rajapaksa,S Lakshan,0,0,,,,,,,,,
1324526,2022/23,2022-12-11,Pallekele International Cricket Stadium,2,12.1,Dambulla Aura,Jaffna Kings,PBB Rajapaksa,MD Shanaka,D Madushanka,1,0,,,,,,,,,
1324526,2022/23,2022-12-11,Pallekele International Cricket Stadium,2,12.2,Dambulla Aura,Jaffna Kings,MD Shanaka,PBB Rajapaksa,D Madushanka,4,0,,,,,,,,,
1324526,2022/23,2022-12-11,Pallekele International Cricket Stadium,2,12.3,Dambulla Aura,Jaffna Kings,MD Shanaka,PBB Rajapaksa,D Madushanka,1,0,,,,,,,,,
1324526,2022/23,2022-12-11,Pallekele International Cricket Stadium,2,12.4,Dambulla Aura,Jaffna Kings,PBB Rajapaksa,MD Shanaka,D Madushanka,4,0,,,,,,,,,
1324526,2022/23,2022-12-11,Pallekele International Cricket Stadium,2,12.5,Dambulla Aura,Jaffna Kings,PBB Rajapaksa,MD Shanaka,D Madushanka,1,0,,,,,,,,,
1324526,2022/23,2022-12-11,Pallekele International Cricket Stadium,2,12.6,Dambulla Aura,Jaffna Kings,MD Shanaka,PBB Rajapaksa,D Madushanka,1,0,,,,,,,,,
1324526,2022/23,2022-12-11,Pallekele International Cricket Stadium,2,13.1,Dambulla Aura,Jaffna Kings,MD Shanaka,PBB Rajapaksa,S Lakshan,6,0,,,,,,,,,
1324526,2022/23,2022-12-11,Pallekele International Cricket Stadium,2,13.2,Dambulla Aura,Jaffna Kings,MD Shanaka,PBB Rajapaksa,S Lakshan,6,0,,,,,,,,,
1324526,2022/23,2022-12-11,Pallekele International Cricket Stadium,2,13.3,Dambulla Aura,Jaffna Kings,MD Shanaka,PBB Rajapaksa,S Lakshan,1,0,,,,,,,,,
1324526,2022/23,2022-12-11,Pallekele International Cricket Stadium,2,13.4,Dambulla Aura,Jaffna Kings,PBB Rajapaksa,MD Shanaka,S Lakshan,2,0,,,,,,,,,
1324526,2022/23,2022-12-11,Pallekele International Cricket Stadium,2,13.5,Dambulla Aura,Jaffna Kings,PBB Rajapaksa,MD Shanaka,S Lakshan,1,0,,,,,,,,,
1324526,2022/23,2022-12-11,Pallekele International Cricket Stadium,2,13.6,Dambulla Aura,Jaffna Kings,MD Shanaka,PBB Rajapaksa,S Lakshan,0,0,,,,,,caught,MD Shanaka,,
1324526,2022/23,2022-12-11,Pallekele International Cricket Stadium,2,14.1,Dambulla Aura,Jaffna Kings,PBB Rajapaksa,Sikandar Raza,M Theekshana,1,0,,,,,,,,,
1324526,2022/23,2022-12-11,Pallekele International Cricket Stadium,2,14.2,Dambulla Aura,Jaffna Kings,Sikandar Raza,PBB Rajapaksa,M Theekshana,2,0,,,,,,,,,
1324526,2022/23,2022-12-11,Pallekele International Cricket Stadium,2,14.3,Dambulla Aura,Jaffna Kings,Sikandar Raza,PBB Rajapaksa,M Theekshana,1,0,,,,,,,,,
1324526,2022/23,2022-12-11,Pallekele International Cricket Stadium,2,14.4,Dambulla Aura,Jaffna Kings,PBB Rajapaksa,Sikandar Raza,M Theekshana,0,1,,,,1,,,,,
1324526,2022/23,2022-12-11,Pallekele International Cricket Stadium,2,14.5,Dambulla Aura,Jaffna Kings,Sikandar Raza,PBB Rajapaksa,M Theekshana,0,0,,,,,,,,,
1324526,2022/23,2022-12-11,Pallekele International Cricket Stadium,2,14.6,Dambulla Aura,Jaffna Kings,Sikandar Raza,PBB Rajapaksa,M Theekshana,1,0,,,,,,,,,
1324526,2022/23,2022-12-11,Pallekele International Cricket Stadium,2,15.1,Dambulla Aura,Jaffna Kings,Sikandar Raza,PBB Rajapaksa,S Lakshan,4,0,,,,,,,,,
1324526,2022/23,2022-12-11,Pallekele International Cricket Stadium,2,15.2,Dambulla Aura,Jaffna Kings,Sikandar Raza,PBB Rajapaksa,S Lakshan,0,0,,,,,,caught,Sikandar Raza,,
1324526,2022/23,2022-12-11,Pallekele International Cricket Stadium,2,15.3,Dambulla Aura,Jaffna Kings,RS Fernando,PBB Rajapaksa,S Lakshan,2,0,,,,,,,,,
1324526,2022/23,2022-12-11,Pallekele International Cricket Stadium,2,15.4,Dambulla Aura,Jaffna Kings,RS Fernando,PBB Rajapaksa,S Lakshan,1,0,,,,,,,,,
1324526,2022/23,2022-12-11,Pallekele International Cricket Stadium,2,15.5,Dambulla Aura,Jaffna Kings,PBB Rajapaksa,RS Fernando,S Lakshan,4,0,,,,,,,,,
1324526,2022/23,2022-12-11,Pallekele International Cricket Stadium,2,15.6,Dambulla Aura,Jaffna Kings,PBB Rajapaksa,RS Fernando,S Lakshan,0,0,,,,,,,,,
1324526,2022/23,2022-12-11,Pallekele International Cricket Stadium,2,16.1,Dambulla Aura,Jaffna Kings,RS Fernando,PBB Rajapaksa,D Madushanka,1,0,,,,,,,,,
1324526,2022/23,2022-12-11,Pallekele International Cricket Stadium,2,16.2,Dambulla Aura,Jaffna Kings,PBB Rajapaksa,RS Fernando,D Madushanka,4,0,,,,,,,,,
1324526,2022/23,2022-12-11,Pallekele International Cricket Stadium,2,16.3,Dambulla Aura,Jaffna Kings,PBB Rajapaksa,RS Fernando,D Madushanka,0,0,,,,,,caught,PBB Rajapaksa,,
1324526,2022/23,2022-12-11,Pallekele International Cricket Stadium,2,16.4,Dambulla Aura,Jaffna Kings,MADI Hemantha,RS Fernando,D Madushanka,1,0,,,,,,,,,
1324526,2022/23,2022-12-11,Pallekele International Cricket Stadium,2,16.5,Dambulla Aura,Jaffna Kings,RS Fernando,MADI Hemantha,D Madushanka,4,0,,,,,,,,,
1324526,2022/23,2022-12-11,Pallekele International Cricket Stadium,2,16.6,Dambulla Aura,Jaffna Kings,RS Fernando,MADI Hemantha,D Madushanka,0,0,,,,,,,,,
1324526,2022/23,2022-12-11,Pallekele International Cricket Stadium,2,17.1,Dambulla Aura,Jaffna Kings,MADI Hemantha,RS Fernando,B Fernando,1,0,,,,,,,,,
1324526,2022/23,2022-12-11,Pallekele International Cricket Stadium,2,17.2,Dambulla Aura,Jaffna Kings,RS Fernando,MADI Hemantha,B Fernando,1,0,,,,,,,,,
1324526,2022/23,2022-12-11,Pallekele International Cricket Stadium,2,17.3,Dambulla Aura,Jaffna Kings,MADI Hemantha,RS Fernando,B Fernando,0,5,5,,,,,,,,
1324526,2022/23,2022-12-11,Pallekele International Cricket Stadium,2,17.4,Dambulla Aura,Jaffna Kings,MADI Hemantha,RS Fernando,B Fernando,0,0,,,,,,caught,MADI Hemantha,,
1324526,2022/23,2022-12-11,Pallekele International Cricket Stadium,2,17.5,Dambulla Aura,Jaffna Kings,KTH Ratnayake,RS Fernando,B Fernando,1,0,,,,,,,,,
1324526,2022/23,2022-12-11,Pallekele International Cricket Stadium,2,17.6,Dambulla Aura,Jaffna Kings,RS Fernando,KTH Ratnayake,B Fernando,5,0,,,,,,,,,
1324526,2022/23,2022-12-11,Pallekele International Cricket Stadium,2,17.7,Dambulla Aura,Jaffna Kings,KTH Ratnayake,RS Fernando,B Fernando,1,0,,,,,,,,,
1324526,2022/23,2022-12-11,Pallekele International Cricket Stadium,2,18.1,Dambulla Aura,Jaffna Kings,KTH Ratnayake,RS Fernando,M Theekshana,1,0,,,,,,,,,
1324526,2022/23,2022-12-11,Pallekele International Cricket Stadium,2,18.2,Dambulla Aura,Jaffna Kings,RS Fernando,KTH Ratnayake,M Theekshana,2,0,,,,,,,,,
1324526,2022/23,2022-12-11,Pallekele International Cricket Stadium,2,18.3,Dambulla Aura,Jaffna Kings,RS Fernando,KTH Ratnayake,M Theekshana,1,0,,,,,,,,,
1324526,2022/23,2022-12-11,Pallekele International Cricket Stadium,2,18.4,Dambulla Aura,Jaffna Kings,KTH Ratnayake,RS Fernando,M Theekshana,0,0,,,,,,,,,
1324526,2022/23,2022-12-11,Pallekele International Cricket Stadium,2,18.5,Dambulla Aura,Jaffna Kings,KTH Ratnayake,RS Fernando,M Theekshana,0,0,,,,,,,,,
1324526,2022/23,2022-12-11,Pallekele International Cricket Stadium,2,18.6,Dambulla Aura,Jaffna Kings,KTH Ratnayake,RS Fernando,M Theekshana,4,0,,,,,,,,,
1324526,2022/23,2022-12-11,Pallekele International Cricket Stadium,2,19.1,Dambulla Aura,Jaffna Kings,RS Fernando,KTH Ratnayake,B Fernando,0,0,,,,,,,,,
1324526,2022/23,2022-12-11,Pallekele International Cricket Stadium,2,19.2,Dambulla Aura,Jaffna Kings,RS Fernando,KTH Ratnayake,B Fernando,1,0,,,,,,,,,
1324526,2022/23,2022-12-11,Pallekele International Cricket Stadium,2,19.3,Dambulla Aura,Jaffna Kings,KTH Ratnayake,RS Fernando,B Fernando,0,0,,,,,,caught,KTH Ratnayake,,
1324526,2022/23,2022-12-11,Pallekele International Cricket Stadium,2,19.4,Dambulla Aura,Jaffna Kings,PM Liyanagamage,RS Fernando,B Fernando,1,0,,,,,,,,,
1324526,2022/23,2022-12-11,Pallekele International Cricket Stadium,2,19.5,Dambulla Aura,Jaffna Kings,RS Fernando,PM Liyanagamage,B Fernando,0,0,,,,,,,,,
1324526,2022/23,2022-12-11,Pallekele International Cricket Stadium,2,19.6,Dambulla Aura,Jaffna Kings,RS Fernando,PM Liyanagamage,B Fernando,1,0,,,,,,,,,
