match_id,season,start_date,venue,innings,ball,batting_team,bowling_team,striker,non_striker,bowler,runs_off_bat,extras,wides,noballs,byes,legbyes,penalty,wicket_type,player_dismissed,other_wicket_type,other_player_dismissed
1324519,2022/23,2022-12-06,"Mahinda Rajapaksa International Cricket Stadium, Sooriyawewa, Hambantota",1,0.1,Jaffna Kings,Galle Gladiators,WIA Fernando,Rahmanullah Gurbaz,Wahab Riaz,0,0,,,,,,,,,
1324519,2022/23,2022-12-06,"Mahinda Rajapaksa International Cricket Stadium, Sooriyawewa, Hambantota",1,0.2,Jaffna Kings,Galle Gladiators,WIA Fernando,Rahmanullah Gurbaz,Wahab Riaz,1,0,,,,,,,,,
1324519,2022/23,2022-12-06,"Mahinda Rajapaksa International Cricket Stadium, Sooriyawewa, Hambantota",1,0.3,Jaffna Kings,Galle Gladiators,Rahmanullah Gurbaz,WIA Fernando,Wahab Riaz,0,0,,,,,,,,,
1324519,2022/23,2022-12-06,"Mahinda Rajapaksa International Cricket Stadium, Sooriyawewa, Hambantota",1,0.4,Jaffna Kings,Galle Gladiators,Rahmanullah Gurbaz,WIA Fernando,Wahab Riaz,0,0,,,,,,,,,
1324519,2022/23,2022-12-06,"Mahinda Rajapaksa International Cricket Stadium, Sooriyawewa, Hambantota",1,0.5,Jaffna Kings,Galle Gladiators,Rahmanullah Gurbaz,WIA Fernando,Wahab Riaz,0,0,,,,,,,,,
1324519,2022/23,2022-12-06,"Mahinda Rajapaksa International Cricket Stadium, Sooriyawewa, Hambantota",1,0.6,Jaffna Kings,Galle Gladiators,Rahmanullah Gurbaz,WIA Fernando,Wahab Riaz,0,0,,,,,,,,,
1324519,2022/23,2022-12-06,"Mahinda Rajapaksa International Cricket Stadium, Sooriyawewa, Hambantota",1,1.1,Jaffna Kings,Galle Gladiators,WIA Fernando,Rahmanullah Gurbaz,Imad Wasim,1,0,,,,,,,,,
1324519,2022/23,2022-12-06,"Mahinda Rajapaksa International Cricket Stadium, Sooriyawewa, Hambantota",1,1.2,Jaffna Kings,Galle Gladiators,Rahmanullah Gurbaz,WIA Fernando,Imad Wasim,0,0,,,,,,,,,
1324519,2022/23,2022-12-06,"Mahinda Rajapaksa International Cricket Stadium, Sooriyawewa, Hambantota",1,1.3,Jaffna Kings,Galle Gladiators,Rahmanullah Gurbaz,WIA Fernando,Imad Wasim,0,0,,,,,,,,,
1324519,2022/23,2022-12-06,"Mahinda Rajapaksa International Cricket Stadium, Sooriyawewa, Hambantota",1,1.4,Jaffna Kings,Galle Gladiators,Rahmanullah Gurbaz,WIA Fernando,Imad Wasim,1,0,,,,,,,,,
1324519,2022/23,2022-12-06,"Mahinda Rajapaksa International Cricket Stadium, Sooriyawewa, Hambantota",1,1.5,Jaffna Kings,Galle Gladiators,WIA Fernando,Rahmanullah Gurbaz,Imad Wasim,1,0,,,,,,,,,
1324519,2022/23,2022-12-06,"Mahinda Rajapaksa International Cricket Stadium, Sooriyawewa, Hambantota",1,1.6,Jaffna Kings,Galle Gladiators,Rahmanullah Gurbaz,WIA Fernando,Imad Wasim,0,0,,,,,,,,,
1324519,2022/23,2022-12-06,"Mahinda Rajapaksa International Cricket Stadium, Sooriyawewa, Hambantota",1,2.1,Jaffna Kings,Galle Gladiators,WIA Fernando,Rahmanullah Gurbaz,Wahab Riaz,4,0,,,,,,,,,
1324519,2022/23,2022-12-06,"Mahinda Rajapaksa International Cricket Stadium, Sooriyawewa, Hambantota",1,2.2,Jaffna Kings,Galle Gladiators,WIA Fernando,Rahmanullah Gurbaz,Wahab Riaz,1,0,,,,,,,,,
1324519,2022/23,2022-12-06,"Mahinda Rajapaksa International Cricket Stadium, Sooriyawewa, Hambantota",1,2.3,Jaffna Kings,Galle Gladiators,Rahmanullah Gurbaz,WIA Fernando,Wahab Riaz,0,0,,,,,,caught,Rahmanullah Gurbaz,,
1324519,2022/23,2022-12-06,"Mahinda Rajapaksa International Cricket Stadium, Sooriyawewa, Hambantota",1,2.4,Jaffna Kings,Galle Gladiators,DM de Silva,WIA Fernando,Wahab Riaz,0,0,,,,,,,,,
1324519,2022/23,2022-12-06,"Mahinda Rajapaksa International Cricket Stadium, Sooriyawewa, Hambantota",1,2.5,Jaffna Kings,Galle Gladiators,DM de Silva,WIA Fernando,Wahab Riaz,1,0,,,,,,,,,
1324519,2022/23,2022-12-06,"Mahinda Rajapaksa International Cricket Stadium, Sooriyawewa, Hambantota",1,2.6,Jaffna Kings,Galle Gladiators,WIA Fernando,DM de Silva,Wahab Riaz,1,0,,,,,,,,,
1324519,2022/23,2022-12-06,"Mahinda Rajapaksa International Cricket Stadium, Sooriyawewa, Hambantota",1,3.1,Jaffna Kings,Galle Gladiators,WIA Fernando,DM de Silva,Imad Wasim,0,0,,,,,,,,,
1324519,2022/23,2022-12-06,"Mahinda Rajapaksa International Cricket Stadium, Sooriyawewa, Hambantota",1,3.2,Jaffna Kings,Galle Gladiators,WIA Fernando,DM de Silva,Imad Wasim,0,0,,,,,,lbw,WIA Fernando,,
1324519,2022/23,2022-12-06,"Mahinda Rajapaksa International Cricket Stadium, Sooriyawewa, Hambantota",1,3.3,Jaffna Kings,Galle Gladiators,T Kohler-Cadmore,DM de Silva,Imad Wasim,0,0,,,,,,,,,
1324519,2022/23,2022-12-06,"Mahinda Rajapaksa International Cricket Stadium, Sooriyawewa, Hambantota",1,3.4,Jaffna Kings,Galle Gladiators,T Kohler-Cadmore,DM de Silva,Imad Wasim,1,0,,,,,,,,,
1324519,2022/23,2022-12-06,"Mahinda Rajapaksa International Cricket Stadium, Sooriyawewa, Hambantota",1,3.5,Jaffna Kings,Galle Gladiators,DM de Silva,T Kohler-Cadmore,Imad Wasim,1,0,,,,,,,,,
1324519,2022/23,2022-12-06,"Mahinda Rajapaksa International Cricket Stadium, Sooriyawewa, Hambantota",1,3.6,Jaffna Kings,Galle Gladiators,T Kohler-Cadmore,DM de Silva,Imad Wasim,4,0,,,,,,,,,
1324519,2022/23,2022-12-06,"Mahinda Rajapaksa International Cricket Stadium, Sooriyawewa, Hambantota",1,4.1,Jaffna Kings,Galle Gladiators,DM de Silva,T Kohler-Cadmore,N Thushara,0,0,,,,,,,,,
1324519,2022/23,2022-12-06,"Mahinda Rajapaksa International Cricket Stadium, Sooriyawewa, Hambantota",1,4.2,Jaffna Kings,Galle Gladiators,DM de Silva,T Kohler-Cadmore,N Thushara,4,0,,,,,,,,,
1324519,2022/23,2022-12-06,"Mahinda Rajapaksa International Cricket Stadium, Sooriyawewa, Hambantota",1,4.3,Jaffna Kings,Galle Gladiators,DM de Silva,T Kohler-Cadmore,N Thushara,0,0,,,,,,,,,
1324519,2022/23,2022-12-06,"Mahinda Rajapaksa International Cricket Stadium, Sooriyawewa, Hambantota",1,4.4,Jaffna Kings,Galle Gladiators,DM de Silva,T Kohler-Cadmore,N Thushara,4,0,,,,,,,,,
1324519,2022/23,2022-12-06,"Mahinda Rajapaksa International Cricket Stadium, Sooriyawewa, Hambantota",1,4.5,Jaffna Kings,Galle Gladiators,DM de Silva,T Kohler-Cadmore,N Thushara,6,0,,,,,,,,,
1324519,2022/23,2022-12-06,"Mahinda Rajapaksa International Cricket Stadium, Sooriyawewa, Hambantota",1,4.6,Jaffna Kings,Galle Gladiators,DM de Silva,T Kohler-Cadmore,N Thushara,1,0,,,,,,,,,
1324519,2022/23,2022-12-06,"Mahinda Rajapaksa International Cricket Stadium, Sooriyawewa, Hambantota",1,5.1,Jaffna Kings,Galle Gladiators,DM de Silva,T Kohler-Cadmore,N Pradeep,0,0,,,,,,,,,
1324519,2022/23,2022-12-06,"Mahinda Rajapaksa International Cricket Stadium, Sooriyawewa, Hambantota",1,5.2,Jaffna Kings,Galle Gladiators,DM de Silva,T Kohler-Cadmore,N Pradeep,4,0,,,,,,,,,
1324519,2022/23,2022-12-06,"Mahinda Rajapaksa International Cricket Stadium, Sooriyawewa, Hambantota",1,5.3,Jaffna Kings,Galle Gladiators,DM de Silva,T Kohler-Cadmore,N Pradeep,1,0,,,,,,,,,
1324519,2022/23,2022-12-06,"Mahinda Rajapaksa International Cricket Stadium, Sooriyawewa, Hambantota",1,5.4,Jaffna Kings,Galle Gladiators,T Kohler-Cadmore,DM de Silva,N Pradeep,1,0,,,,,,,,,
1324519,2022/23,2022-12-06,"Mahinda Rajapaksa International Cricket Stadium, Sooriyawewa, Hambantota",1,5.5,Jaffna Kings,Galle Gladiators,DM de Silva,T Kohler-Cadmore,N Pradeep,0,0,,,,,,,,,
1324519,2022/23,2022-12-06,"Mahinda Rajapaksa International Cricket Stadium, Sooriyawewa, Hambantota",1,5.6,Jaffna Kings,Galle Gladiators,DM de Silva,T Kohler-Cadmore,N Pradeep,0,0,,,,,,,,,
1324519,2022/23,2022-12-06,"Mahinda Rajapaksa International Cricket Stadium, Sooriyawewa, Hambantota",1,6.1,Jaffna Kings,Galle Gladiators,T Kohler-Cadmore,DM de Silva,N Thushara,0,0,,,,,,,,,
1324519,2022/23,2022-12-06,"Mahinda Rajapaksa International Cricket Stadium, Sooriyawewa, Hambantota",1,6.2,Jaffna Kings,Galle Gladiators,T Kohler-Cadmore,DM de Silva,N Thushara,0,0,,,,,,caught,T Kohler-Cadmore,,
1324519,2022/23,2022-12-06,"Mahinda Rajapaksa International Cricket Stadium, Sooriyawewa, Hambantota",1,6.3,Jaffna Kings,Galle Gladiators,Shoaib Malik,DM de Silva,N Thushara,2,0,,,,,,,,,
1324519,2022/23,2022-12-06,"Mahinda Rajapaksa International Cricket Stadium, Sooriyawewa, Hambantota",1,6.4,Jaffna Kings,Galle Gladiators,Shoaib Malik,DM de Silva,N Thushara,1,0,,,,,,,,,
1324519,2022/23,2022-12-06,"Mahinda Rajapaksa International Cricket Stadium, Sooriyawewa, Hambantota",1,6.5,Jaffna Kings,Galle Gladiators,DM de Silva,Shoaib Malik,N Thushara,0,0,,,,,,,,,
1324519,2022/23,2022-12-06,"Mahinda Rajapaksa International Cricket Stadium, Sooriyawewa, Hambantota",1,6.6,Jaffna Kings,Galle Gladiators,DM de Silva,Shoaib Malik,N Thushara,1,0,,,,,,,,,
1324519,2022/23,2022-12-06,"Mahinda Rajapaksa International Cricket Stadium, Sooriyawewa, Hambantota",1,7.1,Jaffna Kings,Galle Gladiators,DM de Silva,Shoaib Malik,N Pradeep,6,0,,,,,,,,,
1324519,2022/23,2022-12-06,"Mahinda Rajapaksa International Cricket Stadium, Sooriyawewa, Hambantota",1,7.2,Jaffna Kings,Galle Gladiators,DM de Silva,Shoaib Malik,N Pradeep,0,0,,,,,,,,,
1324519,2022/23,2022-12-06,"Mahinda Rajapaksa International Cricket Stadium, Sooriyawewa, Hambantota",1,7.3,Jaffna Kings,Galle Gladiators,DM de Silva,Shoaib Malik,N Pradeep,0,0,,,,,,caught,DM de Silva,,
1324519,2022/23,2022-12-06,"Mahinda Rajapaksa International Cricket Stadium, Sooriyawewa, Hambantota",1,7.4,Jaffna Kings,Galle Gladiators,NLTC Perera,Shoaib Malik,N Pradeep,1,0,,,,,,,,,
1324519,2022/23,2022-12-06,"Mahinda Rajapaksa International Cricket Stadium, Sooriyawewa, Hambantota",1,7.5,Jaffna Kings,Galle Gladiators,Shoaib Malik,NLTC Perera,N Pradeep,1,0,,,,,,,,,
1324519,2022/23,2022-12-06,"Mahinda Rajapaksa International Cricket Stadium, Sooriyawewa, Hambantota",1,7.6,Jaffna Kings,Galle Gladiators,NLTC Perera,Shoaib Malik,N Pradeep,1,0,,,,,,,,,
1324519,2022/23,2022-12-06,"Mahinda Rajapaksa International Cricket Stadium, Sooriyawewa, Hambantota",1,8.1,Jaffna Kings,Galle Gladiators,NLTC Perera,Shoaib Malik,N Thushara,0,0,,,,,,,,,
1324519,2022/23,2022-12-06,"Mahinda Rajapaksa International Cricket Stadium, Sooriyawewa, Hambantota",1,8.2,Jaffna Kings,Galle Gladiators,NLTC Perera,Shoaib Malik,N Thushara,1,0,,,,,,,,,
1324519,2022/23,2022-12-06,"Mahinda Rajapaksa International Cricket Stadium, Sooriyawewa, Hambantota",1,8.3,Jaffna Kings,Galle Gladiators,Shoaib Malik,NLTC Perera,N Thushara,0,1,1,,,,,,,,
1324519,2022/23,2022-12-06,"Mahinda Rajapaksa International Cricket Stadium, Sooriyawewa, Hambantota",1,8.4,Jaffna Kings,Galle Gladiators,Shoaib Malik,NLTC Perera,N Thushara,1,0,,,,,,,,,
1324519,2022/23,2022-12-06,"Mahinda Rajapaksa International Cricket Stadium, Sooriyawewa, Hambantota",1,8.5,Jaffna Kings,Galle Gladiators,NLTC Perera,Shoaib Malik,N Thushara,0,0,,,,,,,,,
1324519,2022/23,2022-12-06,"Mahinda Rajapaksa International Cricket Stadium, Sooriyawewa, Hambantota",1,8.6,Jaffna Kings,Galle Gladiators,NLTC Perera,Shoaib Malik,N Thushara,1,0,,,,,,,,,
1324519,2022/23,2022-12-06,"Mahinda Rajapaksa International Cricket Stadium, Sooriyawewa, Hambantota",1,8.7,Jaffna Kings,Galle Gladiators,Shoaib Malik,NLTC Perera,N Thushara,4,0,,,,,,,,,
1324519,2022/23,2022-12-06,"Mahinda Rajapaksa International Cricket Stadium, Sooriyawewa, Hambantota",1,9.1,Jaffna Kings,Galle Gladiators,NLTC Perera,Shoaib Malik,Pulina Tharanga,2,0,,,,,,,,,
1324519,2022/23,2022-12-06,"Mahinda Rajapaksa International Cricket Stadium, Sooriyawewa, Hambantota",1,9.2,Jaffna Kings,Galle Gladiators,NLTC Perera,Shoaib Malik,Pulina Tharanga,1,0,,,,,,,,,
1324519,2022/23,2022-12-06,"Mahinda Rajapaksa International Cricket Stadium, Sooriyawewa, Hambantota",1,9.3,Jaffna Kings,Galle Gladiators,Shoaib Malik,NLTC Perera,Pulina Tharanga,1,0,,,,,,,,,
1324519,2022/23,2022-12-06,"Mahinda Rajapaksa International Cricket Stadium, Sooriyawewa, Hambantota",1,9.4,Jaffna Kings,Galle Gladiators,NLTC Perera,Shoaib Malik,Pulina Tharanga,1,0,,,,,,,,,
1324519,2022/23,2022-12-06,"Mahinda Rajapaksa International Cricket Stadium, Sooriyawewa, Hambantota",1,9.5,Jaffna Kings,Galle Gladiators,Shoaib Malik,NLTC Perera,Pulina Tharanga,0,0,,,,,,,,,
1324519,2022/23,2022-12-06,"Mahinda Rajapaksa International Cricket Stadium, Sooriyawewa, Hambantota",1,9.6,Jaffna Kings,Galle Gladiators,Shoaib Malik,NLTC Perera,Pulina Tharanga,2,0,,,,,,,,,
1324519,2022/23,2022-12-06,"Mahinda Rajapaksa International Cricket Stadium, Sooriyawewa, Hambantota",1,10.1,Jaffna Kings,Galle Gladiators,NLTC Perera,Shoaib Malik,Wahab Riaz,1,0,,,,,,,,,
1324519,2022/23,2022-12-06,"Mahinda Rajapaksa International Cricket Stadium, Sooriyawewa, Hambantota",1,10.2,Jaffna Kings,Galle Gladiators,Shoaib Malik,NLTC Perera,Wahab Riaz,0,0,,,,,,,,,
1324519,2022/23,2022-12-06,"Mahinda Rajapaksa International Cricket Stadium, Sooriyawewa, Hambantota",1,10.3,Jaffna Kings,Galle Gladiators,Shoaib Malik,NLTC Perera,Wahab Riaz,1,0,,,,,,,,,
1324519,2022/23,2022-12-06,"Mahinda Rajapaksa International Cricket Stadium, Sooriyawewa, Hambantota",1,10.4,Jaffna Kings,Galle Gladiators,NLTC Perera,Shoaib Malik,Wahab Riaz,1,0,,,,,,,,,
1324519,2022/23,2022-12-06,"Mahinda Rajapaksa International Cricket Stadium, Sooriyawewa, Hambantota",1,10.5,Jaffna Kings,Galle Gladiators,Shoaib Malik,NLTC Perera,Wahab Riaz,1,0,,,,,,,,,
1324519,2022/23,2022-12-06,"Mahinda Rajapaksa International Cricket Stadium, Sooriyawewa, Hambantota",1,10.6,Jaffna Kings,Galle Gladiators,NLTC Perera,Shoaib Malik,Wahab Riaz,0,1,1,,,,,,,,
1324519,2022/23,2022-12-06,"Mahinda Rajapaksa International Cricket Stadium, Sooriyawewa, Hambantota",1,10.7,Jaffna Kings,Galle Gladiators,NLTC Perera,Shoaib Malik,Wahab Riaz,0,0,,,,,,,,,
1324519,2022/23,2022-12-06,"Mahinda Rajapaksa International Cricket Stadium, Sooriyawewa, Hambantota",1,11.1,Jaffna Kings,Galle Gladiators,Shoaib Malik,NLTC Perera,Pulina Tharanga,1,0,,,,,,,,,
1324519,2022/23,2022-12-06,"Mahinda Rajapaksa International Cricket Stadium, Sooriyawewa, Hambantota",1,11.2,Jaffna Kings,Galle Gladiators,NLTC Perera,Shoaib Malik,Pulina Tharanga,1,0,,,,,,,,,
1324519,2022/23,2022-12-06,"Mahinda Rajapaksa International Cricket Stadium, Sooriyawewa, Hambantota",1,11.3,Jaffna Kings,Galle Gladiators,Shoaib Malik,NLTC Perera,Pulina Tharanga,0,0,,,,,,,,,
1324519,2022/23,2022-12-06,"Mahinda Rajapaksa International Cricket Stadium, Sooriyawewa, Hambantota",1,11.4,Jaffna Kings,Galle Gladiators,Shoaib Malik,NLTC Perera,Pulina Tharanga,1,0,,,,,,,,,
1324519,2022/23,2022-12-06,"Mahinda Rajapaksa International Cricket Stadium, Sooriyawewa, Hambantota",1,11.5,Jaffna Kings,Galle Gladiators,NLTC Perera,Shoaib Malik,Pulina Tharanga,4,0,,,,,,,,,
1324519,2022/23,2022-12-06,"Mahinda Rajapaksa International Cricket Stadium, Sooriyawewa, Hambantota",1,11.6,Jaffna Kings,Galle Gladiators,NLTC Perera,Shoaib Malik,Pulina Tharanga,1,0,,,,,,,,,
1324519,2022/23,2022-12-06,"Mahinda Rajapaksa International Cricket Stadium, Sooriyawewa, Hambantota",1,12.1,Jaffna Kings,Galle Gladiators,NLTC Perera,Shoaib Malik,Imad Wasim,0,0,,,,,,caught,NLTC Perera,,
1324519,2022/23,2022-12-06,"Mahinda Rajapaksa International Cricket Stadium, Sooriyawewa, Hambantota",1,12.2,Jaffna Kings,Galle Gladiators,DN Wellalage,Shoaib Malik,Imad Wasim,0,0,,,,,,,,,
1324519,2022/23,2022-12-06,"Mahinda Rajapaksa International Cricket Stadium, Sooriyawewa, Hambantota",1,12.3,Jaffna Kings,Galle Gladiators,DN Wellalage,Shoaib Malik,Imad Wasim,0,1,1,,,,,,,,
1324519,2022/23,2022-12-06,"Mahinda Rajapaksa International Cricket Stadium, Sooriyawewa, Hambantota",1,12.4,Jaffna Kings,Galle Gladiators,DN Wellalage,Shoaib Malik,Imad Wasim,1,0,,,,,,,,,
1324519,2022/23,2022-12-06,"Mahinda Rajapaksa International Cricket Stadium, Sooriyawewa, Hambantota",1,12.5,Jaffna Kings,Galle Gladiators,Shoaib Malik,DN Wellalage,Imad Wasim,0,1,1,,,,,,,,
1324519,2022/23,2022-12-06,"Mahinda Rajapaksa International Cricket Stadium, Sooriyawewa, Hambantota",1,12.6,Jaffna Kings,Galle Gladiators,Shoaib Malik,DN Wellalage,Imad Wasim,2,0,,,,,,,,,
1324519,2022/23,2022-12-06,"Mahinda Rajapaksa International Cricket Stadium, Sooriyawewa, Hambantota",1,12.7,Jaffna Kings,Galle Gladiators,Shoaib Malik,DN Wellalage,Imad Wasim,0,0,,,,,,,,,
1324519,2022/23,2022-12-06,"Mahinda Rajapaksa International Cricket Stadium, Sooriyawewa, Hambantota",1,12.8,Jaffna Kings,Galle Gladiators,Shoaib Malik,DN Wellalage,Imad Wasim,0,0,,,,,,,,,
1324519,2022/23,2022-12-06,"Mahinda Rajapaksa International Cricket Stadium, Sooriyawewa, Hambantota",1,13.1,Jaffna Kings,Galle Gladiators,DN Wellalage,Shoaib Malik,Pulina Tharanga,4,0,,,,,,,,,
1324519,2022/23,2022-12-06,"Mahinda Rajapaksa International Cricket Stadium, Sooriyawewa, Hambantota",1,13.2,Jaffna Kings,Galle Gladiators,DN Wellalage,Shoaib Malik,Pulina Tharanga,4,0,,,,,,,,,
1324519,2022/23,2022-12-06,"Mahinda Rajapaksa International Cricket Stadium, Sooriyawewa, Hambantota",1,13.3,Jaffna Kings,Galle Gladiators,DN Wellalage,Shoaib Malik,Pulina Tharanga,0,4,,,4,,,,,,
1324519,2022/23,2022-12-06,"Mahinda Rajapaksa International Cricket Stadium, Sooriyawewa, Hambantota",1,13.4,Jaffna Kings,Galle Gladiators,DN Wellalage,Shoaib Malik,Pulina Tharanga,1,0,,,,,,,,,
1324519,2022/23,2022-12-06,"Mahinda Rajapaksa International Cricket Stadium, Sooriyawewa, Hambantota",1,13.5,Jaffna Kings,Galle Gladiators,Shoaib Malik,DN Wellalage,Pulina Tharanga,1,0,,,,,,,,,
1324519,2022/23,2022-12-06,"Mahinda Rajapaksa International Cricket Stadium, Sooriyawewa, Hambantota",1,13.6,Jaffna Kings,Galle Gladiators,DN Wellalage,Shoaib Malik,Pulina Tharanga,1,0,,,,,,,,,
1324519,2022/23,2022-12-06,"Mahinda Rajapaksa International Cricket Stadium, Sooriyawewa, Hambantota",1,14.1,Jaffna Kings,Galle Gladiators,DN Wellalage,Shoaib Malik,Imad Wasim,1,0,,,,,,,,,
1324519,2022/23,2022-12-06,"Mahinda Rajapaksa International Cricket Stadium, Sooriyawewa, Hambantota",1,14.2,Jaffna Kings,Galle Gladiators,Shoaib Malik,DN Wellalage,Imad Wasim,0,0,,,,,,,,,
1324519,2022/23,2022-12-06,"Mahinda Rajapaksa International Cricket Stadium, Sooriyawewa, Hambantota",1,14.3,Jaffna Kings,Galle Gladiators,Shoaib Malik,DN Wellalage,Imad Wasim,1,0,,,,,,,,,
1324519,2022/23,2022-12-06,"Mahinda Rajapaksa International Cricket Stadium, Sooriyawewa, Hambantota",1,14.4,Jaffna Kings,Galle Gladiators,DN Wellalage,Shoaib Malik,Imad Wasim,1,0,,,,,,,,,
1324519,2022/23,2022-12-06,"Mahinda Rajapaksa International Cricket Stadium, Sooriyawewa, Hambantota",1,14.5,Jaffna Kings,Galle Gladiators,Shoaib Malik,DN Wellalage,Imad Wasim,1,0,,,,,,,,,
1324519,2022/23,2022-12-06,"Mahinda Rajapaksa International Cricket Stadium, Sooriyawewa, Hambantota",1,14.6,Jaffna Kings,Galle Gladiators,DN Wellalage,Shoaib Malik,Imad Wasim,4,0,,,,,,,,,
1324519,2022/23,2022-12-06,"Mahinda Rajapaksa International Cricket Stadium, Sooriyawewa, Hambantota",1,15.1,Jaffna Kings,Galle Gladiators,Shoaib Malik,DN Wellalage,N Pradeep,1,0,,,,,,,,,
1324519,2022/23,2022-12-06,"Mahinda Rajapaksa International Cricket Stadium, Sooriyawewa, Hambantota",1,15.2,Jaffna Kings,Galle Gladiators,DN Wellalage,Shoaib Malik,N Pradeep,0,0,,,,,,,,,
1324519,2022/23,2022-12-06,"Mahinda Rajapaksa International Cricket Stadium, Sooriyawewa, Hambantota",1,15.3,Jaffna Kings,Galle Gladiators,DN Wellalage,Shoaib Malik,N Pradeep,1,0,,,,,,,,,
1324519,2022/23,2022-12-06,"Mahinda Rajapaksa International Cricket Stadium, Sooriyawewa, Hambantota",1,15.4,Jaffna Kings,Galle Gladiators,Shoaib Malik,DN Wellalage,N Pradeep,1,0,,,,,,,,,
1324519,2022/23,2022-12-06,"Mahinda Rajapaksa International Cricket Stadium, Sooriyawewa, Hambantota",1,15.5,Jaffna Kings,Galle Gladiators,DN Wellalage,Shoaib Malik,N Pradeep,1,0,,,,,,,,,
1324519,2022/23,2022-12-06,"Mahinda Rajapaksa International Cricket Stadium, Sooriyawewa, Hambantota",1,15.6,Jaffna Kings,Galle Gladiators,Shoaib Malik,DN Wellalage,N Pradeep,1,0,,,,,,,,,
1324519,2022/23,2022-12-06,"Mahinda Rajapaksa International Cricket Stadium, Sooriyawewa, Hambantota",1,16.1,Jaffna Kings,Galle Gladiators,Shoaib Malik,DN Wellalage,Iftikhar Ahmed,2,0,,,,,,,,,
1324519,2022/23,2022-12-06,"Mahinda Rajapaksa International Cricket Stadium, Sooriyawewa, Hambantota",1,16.2,Jaffna Kings,Galle Gladiators,Shoaib Malik,DN Wellalage,Iftikhar Ahmed,4,0,,,,,,,,,
1324519,2022/23,2022-12-06,"Mahinda Rajapaksa International Cricket Stadium, Sooriyawewa, Hambantota",1,16.3,Jaffna Kings,Galle Gladiators,Shoaib Malik,DN Wellalage,Iftikhar Ahmed,0,0,,,,,,caught and bowled,Shoaib Malik,,
1324519,2022/23,2022-12-06,"Mahinda Rajapaksa International Cricket Stadium, Sooriyawewa, Hambantota",1,16.4,Jaffna Kings,Galle Gladiators,JK Fuller,DN Wellalage,Iftikhar Ahmed,1,0,,,,,,,,,
1324519,2022/23,2022-12-06,"Mahinda Rajapaksa International Cricket Stadium, Sooriyawewa, Hambantota",1,16.5,Jaffna Kings,Galle Gladiators,DN Wellalage,JK Fuller,Iftikhar Ahmed,1,0,,,,,,,,,
1324519,2022/23,2022-12-06,"Mahinda Rajapaksa International Cricket Stadium, Sooriyawewa, Hambantota",1,16.6,Jaffna Kings,Galle Gladiators,JK Fuller,DN Wellalage,Iftikhar Ahmed,0,0,,,,,,caught,JK Fuller,,
1324519,2022/23,2022-12-06,"Mahinda Rajapaksa International Cricket Stadium, Sooriyawewa, Hambantota",1,17.1,Jaffna Kings,Galle Gladiators,DN Wellalage,V Viyaskanth,Wahab Riaz,0,0,,,,,,,,,
1324519,2022/23,2022-12-06,"Mahinda Rajapaksa International Cricket Stadium, Sooriyawewa, Hambantota",1,17.2,Jaffna Kings,Galle Gladiators,DN Wellalage,V Viyaskanth,Wahab Riaz,4,0,,,,,,,,,
1324519,2022/23,2022-12-06,"Mahinda Rajapaksa International Cricket Stadium, Sooriyawewa, Hambantota",1,17.3,Jaffna Kings,Galle Gladiators,DN Wellalage,V Viyaskanth,Wahab Riaz,2,0,,,,,,,,,
1324519,2022/23,2022-12-06,"Mahinda Rajapaksa International Cricket Stadium, Sooriyawewa, Hambantota",1,17.4,Jaffna Kings,Galle Gladiators,DN Wellalage,V Viyaskanth,Wahab Riaz,2,0,,,,,,,,,
1324519,2022/23,2022-12-06,"Mahinda Rajapaksa International Cricket Stadium, Sooriyawewa, Hambantota",1,17.5,Jaffna Kings,Galle Gladiators,DN Wellalage,V Viyaskanth,Wahab Riaz,2,0,,,,,,,,,
1324519,2022/23,2022-12-06,"Mahinda Rajapaksa International Cricket Stadium, Sooriyawewa, Hambantota",1,17.6,Jaffna Kings,Galle Gladiators,DN Wellalage,V Viyaskanth,Wahab Riaz,0,0,,,,,,caught,DN Wellalage,,
1324519,2022/23,2022-12-06,"Mahinda Rajapaksa International Cricket Stadium, Sooriyawewa, Hambantota",1,18.1,Jaffna Kings,Galle Gladiators,V Viyaskanth,M Theekshana,N Pradeep,1,0,,,,,,,,,
1324519,2022/23,2022-12-06,"Mahinda Rajapaksa International Cricket Stadium, Sooriyawewa, Hambantota",1,18.2,Jaffna Kings,Galle Gladiators,M Theekshana,V Viyaskanth,N Pradeep,0,0,,,,,,,,,
1324519,2022/23,2022-12-06,"Mahinda Rajapaksa International Cricket Stadium, Sooriyawewa, Hambantota",1,18.3,Jaffna Kings,Galle Gladiators,M Theekshana,V Viyaskanth,N Pradeep,0,0,,,,,,,,,
1324519,2022/23,2022-12-06,"Mahinda Rajapaksa International Cricket Stadium, Sooriyawewa, Hambantota",1,18.4,Jaffna Kings,Galle Gladiators,M Theekshana,V Viyaskanth,N Pradeep,0,0,,,,,,caught,M Theekshana,,
1324519,2022/23,2022-12-06,"Mahinda Rajapaksa International Cricket Stadium, Sooriyawewa, Hambantota",1,18.5,Jaffna Kings,Galle Gladiators,B Fernando,V Viyaskanth,N Pradeep,2,0,,,,,,,,,
1324519,2022/23,2022-12-06,"Mahinda Rajapaksa International Cricket Stadium, Sooriyawewa, Hambantota",1,18.6,Jaffna Kings,Galle Gladiators,B Fernando,V Viyaskanth,N Pradeep,0,0,,,,,,,,,
1324519,2022/23,2022-12-06,"Mahinda Rajapaksa International Cricket Stadium, Sooriyawewa, Hambantota",1,19.1,Jaffna Kings,Galle Gladiators,V Viyaskanth,B Fernando,N Thushara,1,0,,,,,,,,,
1324519,2022/23,2022-12-06,"Mahinda Rajapaksa International Cricket Stadium, Sooriyawewa, Hambantota",1,19.2,Jaffna Kings,Galle Gladiators,B Fernando,V Viyaskanth,N Thushara,0,0,,,,,,,,,
1324519,2022/23,2022-12-06,"Mahinda Rajapaksa International Cricket Stadium, Sooriyawewa, Hambantota",1,19.3,Jaffna Kings,Galle Gladiators,B Fernando,V Viyaskanth,N Thushara,1,0,,,,,,,,,
1324519,2022/23,2022-12-06,"Mahinda Rajapaksa International Cricket Stadium, Sooriyawewa, Hambantota",1,19.4,Jaffna Kings,Galle Gladiators,V Viyaskanth,B Fernando,N Thushara,2,0,,,,,,,,,
1324519,2022/23,2022-12-06,"Mahinda Rajapaksa International Cricket Stadium, Sooriyawewa, Hambantota",1,19.5,Jaffna Kings,Galle Gladiators,V Viyaskanth,B Fernando,N Thushara,0,0,,,,,,bowled,V Viyaskanth,,
1324519,2022/23,2022-12-06,"Mahinda Rajapaksa International Cricket Stadium, Sooriyawewa, Hambantota",2,0.1,Galle Gladiators,Jaffna Kings,MNK Fernando,BKG Mendis,NLTC Perera,0,0,,,,,,,,,
1324519,2022/23,2022-12-06,"Mahinda Rajapaksa International Cricket Stadium, Sooriyawewa, Hambantota",2,0.2,Galle Gladiators,Jaffna Kings,MNK Fernando,BKG Mendis,NLTC Perera,1,0,,,,,,,,,
1324519,2022/23,2022-12-06,"Mahinda Rajapaksa International Cricket Stadium, Sooriyawewa, Hambantota",2,0.3,Galle Gladiators,Jaffna Kings,BKG Mendis,MNK Fernando,NLTC Perera,1,0,,,,,,,,,
1324519,2022/23,2022-12-06,"Mahinda Rajapaksa International Cricket Stadium, Sooriyawewa, Hambantota",2,0.4,Galle Gladiators,Jaffna Kings,MNK Fernando,BKG Mendis,NLTC Perera,0,0,,,,,,,,,
1324519,2022/23,2022-12-06,"Mahinda Rajapaksa International Cricket Stadium, Sooriyawewa, Hambantota",2,0.5,Galle Gladiators,Jaffna Kings,MNK Fernando,BKG Mendis,NLTC Perera,1,0,,,,,,,,,
1324519,2022/23,2022-12-06,"Mahinda Rajapaksa International Cricket Stadium, Sooriyawewa, Hambantota",2,0.6,Galle Gladiators,Jaffna Kings,BKG Mendis,MNK Fernando,NLTC Perera,1,0,,,,,,,,,
1324519,2022/23,2022-12-06,"Mahinda Rajapaksa International Cricket Stadium, Sooriyawewa, Hambantota",2,1.1,Galle Gladiators,Jaffna Kings,BKG Mendis,MNK Fernando,M Theekshana,0,0,,,,,,,,,
1324519,2022/23,2022-12-06,"Mahinda Rajapaksa International Cricket Stadium, Sooriyawewa, Hambantota",2,1.2,Galle Gladiators,Jaffna Kings,BKG Mendis,MNK Fernando,M Theekshana,1,0,,,,,,,,,
1324519,2022/23,2022-12-06,"Mahinda Rajapaksa International Cricket Stadium, Sooriyawewa, Hambantota",2,1.3,Galle Gladiators,Jaffna Kings,MNK Fernando,BKG Mendis,M Theekshana,0,0,,,,,,,,,
1324519,2022/23,2022-12-06,"Mahinda Rajapaksa International Cricket Stadium, Sooriyawewa, Hambantota",2,1.4,Galle Gladiators,Jaffna Kings,MNK Fernando,BKG Mendis,M Theekshana,1,0,,,,,,,,,
1324519,2022/23,2022-12-06,"Mahinda Rajapaksa International Cricket Stadium, Sooriyawewa, Hambantota",2,1.5,Galle Gladiators,Jaffna Kings,BKG Mendis,MNK Fernando,M Theekshana,1,0,,,,,,,,,
1324519,2022/23,2022-12-06,"Mahinda Rajapaksa International Cricket Stadium, Sooriyawewa, Hambantota",2,1.6,Galle Gladiators,Jaffna Kings,MNK Fernando,BKG Mendis,M Theekshana,1,0,,,,,,,,,
1324519,2022/23,2022-12-06,"Mahinda Rajapaksa International Cricket Stadium, Sooriyawewa, Hambantota",2,2.1,Galle Gladiators,Jaffna Kings,MNK Fernando,BKG Mendis,B Fernando,0,0,,,,,,,,,
1324519,2022/23,2022-12-06,"Mahinda Rajapaksa International Cricket Stadium, Sooriyawewa, Hambantota",2,2.2,Galle Gladiators,Jaffna Kings,MNK Fernando,BKG Mendis,B Fernando,1,0,,,,,,,,,
1324519,2022/23,2022-12-06,"Mahinda Rajapaksa International Cricket Stadium, Sooriyawewa, Hambantota",2,2.3,Galle Gladiators,Jaffna Kings,BKG Mendis,MNK Fernando,B Fernando,2,0,,,,,,,,,
1324519,2022/23,2022-12-06,"Mahinda Rajapaksa International Cricket Stadium, Sooriyawewa, Hambantota",2,2.4,Galle Gladiators,Jaffna Kings,BKG Mendis,MNK Fernando,B Fernando,0,0,,,,,,,,,
1324519,2022/23,2022-12-06,"Mahinda Rajapaksa International Cricket Stadium, Sooriyawewa, Hambantota",2,2.5,Galle Gladiators,Jaffna Kings,BKG Mendis,MNK Fernando,B Fernando,4,0,,,,,,,,,
1324519,2022/23,2022-12-06,"Mahinda Rajapaksa International Cricket Stadium, Sooriyawewa, Hambantota",2,2.6,Galle Gladiators,Jaffna Kings,BKG Mendis,MNK Fernando,B Fernando,4,0,,,,,,,,,
1324519,2022/23,2022-12-06,"Mahinda Rajapaksa International Cricket Stadium, Sooriyawewa, Hambantota",2,3.1,Galle Gladiators,Jaffna Kings,MNK Fernando,BKG Mendis,M Theekshana,1,0,,,,,,,,,
1324519,2022/23,2022-12-06,"Mahinda Rajapaksa International Cricket Stadium, Sooriyawewa, Hambantota",2,3.2,Galle Gladiators,Jaffna Kings,BKG Mendis,MNK Fernando,M Theekshana,0,0,,,,,,,,,
1324519,2022/23,2022-12-06,"Mahinda Rajapaksa International Cricket Stadium, Sooriyawewa, Hambantota",2,3.3,Galle Gladiators,Jaffna Kings,BKG Mendis,MNK Fernando,M Theekshana,1,0,,,,,,,,,
1324519,2022/23,2022-12-06,"Mahinda Rajapaksa International Cricket Stadium, Sooriyawewa, Hambantota",2,3.4,Galle Gladiators,Jaffna Kings,MNK Fernando,BKG Mendis,M Theekshana,2,0,,,,,,,,,
1324519,2022/23,2022-12-06,"Mahinda Rajapaksa International Cricket Stadium, Sooriyawewa, Hambantota",2,3.5,Galle Gladiators,Jaffna Kings,MNK Fernando,BKG Mendis,M Theekshana,0,1,1,,,,,,,,
1324519,2022/23,2022-12-06,"Mahinda Rajapaksa International Cricket Stadium, Sooriyawewa, Hambantota",2,3.6,Galle Gladiators,Jaffna Kings,MNK Fernando,BKG Mendis,M Theekshana,0,1,1,,,,,,,,
1324519,2022/23,2022-12-06,"Mahinda Rajapaksa International Cricket Stadium, Sooriyawewa, Hambantota",2,3.7,Galle Gladiators,Jaffna Kings,MNK Fernando,BKG Mendis,M Theekshana,1,0,,,,,,,,,
1324519,2022/23,2022-12-06,"Mahinda Rajapaksa International Cricket Stadium, Sooriyawewa, Hambantota",2,3.8,Galle Gladiators,Jaffna Kings,BKG Mendis,MNK Fernando,M Theekshana,1,0,,,,,,,,,
1324519,2022/23,2022-12-06,"Mahinda Rajapaksa International Cricket Stadium, Sooriyawewa, Hambantota",2,4.1,Galle Gladiators,Jaffna Kings,BKG Mendis,MNK Fernando,JK Fuller,1,0,,,,,,,,,
1324519,2022/23,2022-12-06,"Mahinda Rajapaksa International Cricket Stadium, Sooriyawewa, Hambantota",2,4.2,Galle Gladiators,Jaffna Kings,MNK Fernando,BKG Mendis,JK Fuller,0,0,,,,,,,,,
1324519,2022/23,2022-12-06,"Mahinda Rajapaksa International Cricket Stadium, Sooriyawewa, Hambantota",2,4.3,Galle Gladiators,Jaffna Kings,MNK Fernando,BKG Mendis,JK Fuller,0,1,,,,1,,,,,
1324519,2022/23,2022-12-06,"Mahinda Rajapaksa International Cricket Stadium, Sooriyawewa, Hambantota",2,4.4,Galle Gladiators,Jaffna Kings,BKG Mendis,MNK Fernando,JK Fuller,4,0,,,,,,,,,
1324519,2022/23,2022-12-06,"Mahinda Rajapaksa International Cricket Stadium, Sooriyawewa, Hambantota",2,4.5,Galle Gladiators,Jaffna Kings,BKG Mendis,MNK Fernando,JK Fuller,4,0,,,,,,,,,
1324519,2022/23,2022-12-06,"Mahinda Rajapaksa International Cricket Stadium, Sooriyawewa, Hambantota",2,4.6,Galle Gladiators,Jaffna Kings,BKG Mendis,MNK Fernando,JK Fuller,1,0,,,,,,,,,
1324519,2022/23,2022-12-06,"Mahinda Rajapaksa International Cricket Stadium, Sooriyawewa, Hambantota",2,5.1,Galle Gladiators,Jaffna Kings,BKG Mendis,MNK Fernando,M Theekshana,2,0,,,,,,,,,
1324519,2022/23,2022-12-06,"Mahinda Rajapaksa International Cricket Stadium, Sooriyawewa, Hambantota",2,5.2,Galle Gladiators,Jaffna Kings,BKG Mendis,MNK Fernando,M Theekshana,1,0,,,,,,,,,
1324519,2022/23,2022-12-06,"Mahinda Rajapaksa International Cricket Stadium, Sooriyawewa, Hambantota",2,5.3,Galle Gladiators,Jaffna Kings,MNK Fernando,BKG Mendis,M Theekshana,0,2,2,,,,,,,,
1324519,2022/23,2022-12-06,"Mahinda Rajapaksa International Cricket Stadium, Sooriyawewa, Hambantota",2,5.4,Galle Gladiators,Jaffna Kings,BKG Mendis,MNK Fernando,M Theekshana,1,0,,,,,,,,,
1324519,2022/23,2022-12-06,"Mahinda Rajapaksa International Cricket Stadium, Sooriyawewa, Hambantota",2,5.5,Galle Gladiators,Jaffna Kings,MNK Fernando,BKG Mendis,M Theekshana,1,0,,,,,,,,,
1324519,2022/23,2022-12-06,"Mahinda Rajapaksa International Cricket Stadium, Sooriyawewa, Hambantota",2,5.6,Galle Gladiators,Jaffna Kings,BKG Mendis,MNK Fernando,M Theekshana,0,0,,,,,,,,,
1324519,2022/23,2022-12-06,"Mahinda Rajapaksa International Cricket Stadium, Sooriyawewa, Hambantota",2,5.7,Galle Gladiators,Jaffna Kings,BKG Mendis,MNK Fernando,M Theekshana,1,0,,,,,,,,,
1324519,2022/23,2022-12-06,"Mahinda Rajapaksa International Cricket Stadium, Sooriyawewa, Hambantota",2,6.1,Galle Gladiators,Jaffna Kings,BKG Mendis,MNK Fernando,V Viyaskanth,1,0,,,,,,,,,
1324519,2022/23,2022-12-06,"Mahinda Rajapaksa International Cricket Stadium, Sooriyawewa, Hambantota",2,6.2,Galle Gladiators,Jaffna Kings,MNK Fernando,BKG Mendis,V Viyaskanth,0,0,,,,,,,,,
1324519,2022/23,2022-12-06,"Mahinda Rajapaksa International Cricket Stadium, Sooriyawewa, Hambantota",2,6.3,Galle Gladiators,Jaffna Kings,MNK Fernando,BKG Mendis,V Viyaskanth,0,0,,,,,,,,,
1324519,2022/23,2022-12-06,"Mahinda Rajapaksa International Cricket Stadium, Sooriyawewa, Hambantota",2,6.4,Galle Gladiators,Jaffna Kings,MNK Fernando,BKG Mendis,V Viyaskanth,1,0,,,,,,,,,
1324519,2022/23,2022-12-06,"Mahinda Rajapaksa International Cricket Stadium, Sooriyawewa, Hambantota",2,6.5,Galle Gladiators,Jaffna Kings,BKG Mendis,MNK Fernando,V Viyaskanth,4,0,,,,,,,,,
1324519,2022/23,2022-12-06,"Mahinda Rajapaksa International Cricket Stadium, Sooriyawewa, Hambantota",2,6.6,Galle Gladiators,Jaffna Kings,BKG Mendis,MNK Fernando,V Viyaskanth,2,0,,,,,,,,,
1324519,2022/23,2022-12-06,"Mahinda Rajapaksa International Cricket Stadium, Sooriyawewa, Hambantota",2,7.1,Galle Gladiators,Jaffna Kings,MNK Fernando,BKG Mendis,DN Wellalage,0,0,,,,,,,,,
1324519,2022/23,2022-12-06,"Mahinda Rajapaksa International Cricket Stadium, Sooriyawewa, Hambantota",2,7.2,Galle Gladiators,Jaffna Kings,MNK Fernando,BKG Mendis,DN Wellalage,4,0,,,,,,,,,
1324519,2022/23,2022-12-06,"Mahinda Rajapaksa International Cricket Stadium, Sooriyawewa, Hambantota",2,7.3,Galle Gladiators,Jaffna Kings,MNK Fernando,BKG Mendis,DN Wellalage,0,0,,,,,,caught,MNK Fernando,,
1324519,2022/23,2022-12-06,"Mahinda Rajapaksa International Cricket Stadium, Sooriyawewa, Hambantota",2,7.4,Galle Gladiators,Jaffna Kings,Azam Khan,BKG Mendis,DN Wellalage,0,0,,,,,,,,,
1324519,2022/23,2022-12-06,"Mahinda Rajapaksa International Cricket Stadium, Sooriyawewa, Hambantota",2,7.5,Galle Gladiators,Jaffna Kings,Azam Khan,BKG Mendis,DN Wellalage,0,0,,,,,,,,,
1324519,2022/23,2022-12-06,"Mahinda Rajapaksa International Cricket Stadium, Sooriyawewa, Hambantota",2,7.6,Galle Gladiators,Jaffna Kings,Azam Khan,BKG Mendis,DN Wellalage,1,0,,,,,,,,,
1324519,2022/23,2022-12-06,"Mahinda Rajapaksa International Cricket Stadium, Sooriyawewa, Hambantota",2,8.1,Galle Gladiators,Jaffna Kings,Azam Khan,BKG Mendis,V Viyaskanth,0,0,,,,,,,,,
1324519,2022/23,2022-12-06,"Mahinda Rajapaksa International Cricket Stadium, Sooriyawewa, Hambantota",2,8.2,Galle Gladiators,Jaffna Kings,Azam Khan,BKG Mendis,V Viyaskanth,4,0,,,,,,,,,
1324519,2022/23,2022-12-06,"Mahinda Rajapaksa International Cricket Stadium, Sooriyawewa, Hambantota",2,8.3,Galle Gladiators,Jaffna Kings,Azam Khan,BKG Mendis,V Viyaskanth,0,0,,,,,,caught,Azam Khan,,
1324519,2022/23,2022-12-06,"Mahinda Rajapaksa International Cricket Stadium, Sooriyawewa, Hambantota",2,8.4,Galle Gladiators,Jaffna Kings,M Subasingha,BKG Mendis,V Viyaskanth,1,0,,,,,,,,,
1324519,2022/23,2022-12-06,"Mahinda Rajapaksa International Cricket Stadium, Sooriyawewa, Hambantota",2,8.5,Galle Gladiators,Jaffna Kings,BKG Mendis,M Subasingha,V Viyaskanth,0,0,,,,,,,,,
1324519,2022/23,2022-12-06,"Mahinda Rajapaksa International Cricket Stadium, Sooriyawewa, Hambantota",2,8.6,Galle Gladiators,Jaffna Kings,BKG Mendis,M Subasingha,V Viyaskanth,0,0,,,,,,,,,
1324519,2022/23,2022-12-06,"Mahinda Rajapaksa International Cricket Stadium, Sooriyawewa, Hambantota",2,9.1,Galle Gladiators,Jaffna Kings,M Subasingha,BKG Mendis,DN Wellalage,1,0,,,,,,,,,
1324519,2022/23,2022-12-06,"Mahinda Rajapaksa International Cricket Stadium, Sooriyawewa, Hambantota",2,9.2,Galle Gladiators,Jaffna Kings,BKG Mendis,M Subasingha,DN Wellalage,0,1,1,,,,,,,,
1324519,2022/23,2022-12-06,"Mahinda Rajapaksa International Cricket Stadium, Sooriyawewa, Hambantota",2,9.3,Galle Gladiators,Jaffna Kings,BKG Mendis,M Subasingha,DN Wellalage,0,0,,,,,,,,,
1324519,2022/23,2022-12-06,"Mahinda Rajapaksa International Cricket Stadium, Sooriyawewa, Hambantota",2,9.4,Galle Gladiators,Jaffna Kings,BKG Mendis,M Subasingha,DN Wellalage,0,0,,,,,,,,,
1324519,2022/23,2022-12-06,"Mahinda Rajapaksa International Cricket Stadium, Sooriyawewa, Hambantota",2,9.5,Galle Gladiators,Jaffna Kings,BKG Mendis,M Subasingha,DN Wellalage,0,0,,,,,,,,,
1324519,2022/23,2022-12-06,"Mahinda Rajapaksa International Cricket Stadium, Sooriyawewa, Hambantota",2,9.6,Galle Gladiators,Jaffna Kings,BKG Mendis,M Subasingha,DN Wellalage,1,0,,,,,,,,,
1324519,2022/23,2022-12-06,"Mahinda Rajapaksa International Cricket Stadium, Sooriyawewa, Hambantota",2,9.7,Galle Gladiators,Jaffna Kings,M Subasingha,BKG Mendis,DN Wellalage,0,0,,,,,,,,,
1324519,2022/23,2022-12-06,"Mahinda Rajapaksa International Cricket Stadium, Sooriyawewa, Hambantota",2,10.1,Galle Gladiators,Jaffna Kings,BKG Mendis,M Subasingha,V Viyaskanth,2,0,,,,,,,,,
1324519,2022/23,2022-12-06,"Mahinda Rajapaksa International Cricket Stadium, Sooriyawewa, Hambantota",2,10.2,Galle Gladiators,Jaffna Kings,BKG Mendis,M Subasingha,V Viyaskanth,0,0,,,,,,run out,M Subasingha,,
1324519,2022/23,2022-12-06,"Mahinda Rajapaksa International Cricket Stadium, Sooriyawewa, Hambantota",2,10.3,Galle Gladiators,Jaffna Kings,Iftikhar Ahmed,BKG Mendis,V Viyaskanth,0,0,,,,,,,,,
1324519,2022/23,2022-12-06,"Mahinda Rajapaksa International Cricket Stadium, Sooriyawewa, Hambantota",2,10.4,Galle Gladiators,Jaffna Kings,Iftikhar Ahmed,BKG Mendis,V Viyaskanth,1,0,,,,,,,,,
1324519,2022/23,2022-12-06,"Mahinda Rajapaksa International Cricket Stadium, Sooriyawewa, Hambantota",2,10.5,Galle Gladiators,Jaffna Kings,BKG Mendis,Iftikhar Ahmed,V Viyaskanth,2,0,,,,,,,,,
1324519,2022/23,2022-12-06,"Mahinda Rajapaksa International Cricket Stadium, Sooriyawewa, Hambantota",2,10.6,Galle Gladiators,Jaffna Kings,BKG Mendis,Iftikhar Ahmed,V Viyaskanth,0,0,,,,,,,,,
1324519,2022/23,2022-12-06,"Mahinda Rajapaksa International Cricket Stadium, Sooriyawewa, Hambantota",2,11.1,Galle Gladiators,Jaffna Kings,Iftikhar Ahmed,BKG Mendis,DN Wellalage,0,0,,,,,,,,,
1324519,2022/23,2022-12-06,"Mahinda Rajapaksa International Cricket Stadium, Sooriyawewa, Hambantota",2,11.2,Galle Gladiators,Jaffna Kings,Iftikhar Ahmed,BKG Mendis,DN Wellalage,4,0,,,,,,,,,
1324519,2022/23,2022-12-06,"Mahinda Rajapaksa International Cricket Stadium, Sooriyawewa, Hambantota",2,11.3,Galle Gladiators,Jaffna Kings,Iftikhar Ahmed,BKG Mendis,DN Wellalage,0,0,,,,,,,,,
1324519,2022/23,2022-12-06,"Mahinda Rajapaksa International Cricket Stadium, Sooriyawewa, Hambantota",2,11.4,Galle Gladiators,Jaffna Kings,Iftikhar Ahmed,BKG Mendis,DN Wellalage,1,0,,,,,,,,,
1324519,2022/23,2022-12-06,"Mahinda Rajapaksa International Cricket Stadium, Sooriyawewa, Hambantota",2,11.5,Galle Gladiators,Jaffna Kings,BKG Mendis,Iftikhar Ahmed,DN Wellalage,1,0,,,,,,,,,
1324519,2022/23,2022-12-06,"Mahinda Rajapaksa International Cricket Stadium, Sooriyawewa, Hambantota",2,11.6,Galle Gladiators,Jaffna Kings,Iftikhar Ahmed,BKG Mendis,DN Wellalage,0,1,,,,1,,,,,
1324519,2022/23,2022-12-06,"Mahinda Rajapaksa International Cricket Stadium, Sooriyawewa, Hambantota",2,12.1,Galle Gladiators,Jaffna Kings,Iftikhar Ahmed,BKG Mendis,V Viyaskanth,0,0,,,,,,caught,Iftikhar Ahmed,,
1324519,2022/23,2022-12-06,"Mahinda Rajapaksa International Cricket Stadium, Sooriyawewa, Hambantota",2,12.2,Galle Gladiators,Jaffna Kings,Imad Wasim,BKG Mendis,V Viyaskanth,0,0,,,,,,,,,
1324519,2022/23,2022-12-06,"Mahinda Rajapaksa International Cricket Stadium, Sooriyawewa, Hambantota",2,12.3,Galle Gladiators,Jaffna Kings,Imad Wasim,BKG Mendis,V Viyaskanth,1,0,,,,,,,,,
1324519,2022/23,2022-12-06,"Mahinda Rajapaksa International Cricket Stadium, Sooriyawewa, Hambantota",2,12.4,Galle Gladiators,Jaffna Kings,BKG Mendis,Imad Wasim,V Viyaskanth,1,0,,,,,,,,,
1324519,2022/23,2022-12-06,"Mahinda Rajapaksa International Cricket Stadium, Sooriyawewa, Hambantota",2,12.5,Galle Gladiators,Jaffna Kings,Imad Wasim,BKG Mendis,V Viyaskanth,0,0,,,,,,,,,
1324519,2022/23,2022-12-06,"Mahinda Rajapaksa International Cricket Stadium, Sooriyawewa, Hambantota",2,12.6,Galle Gladiators,Jaffna Kings,Imad Wasim,BKG Mendis,V Viyaskanth,0,0,,,,,,,,,
1324519,2022/23,2022-12-06,"Mahinda Rajapaksa International Cricket Stadium, Sooriyawewa, Hambantota",2,13.1,Galle Gladiators,Jaffna Kings,BKG Mendis,Imad Wasim,DM de Silva,1,0,,,,,,,,,
1324519,2022/23,2022-12-06,"Mahinda Rajapaksa International Cricket Stadium, Sooriyawewa, Hambantota",2,13.2,Galle Gladiators,Jaffna Kings,Imad Wasim,BKG Mendis,DM de Silva,1,0,,,,,,,,,
1324519,2022/23,2022-12-06,"Mahinda Rajapaksa International Cricket Stadium, Sooriyawewa, Hambantota",2,13.3,Galle Gladiators,Jaffna Kings,BKG Mendis,Imad Wasim,DM de Silva,1,0,,,,,,,,,
1324519,2022/23,2022-12-06,"Mahinda Rajapaksa International Cricket Stadium, Sooriyawewa, Hambantota",2,13.4,Galle Gladiators,Jaffna Kings,Imad Wasim,BKG Mendis,DM de Silva,0,0,,,,,,,,,
1324519,2022/23,2022-12-06,"Mahinda Rajapaksa International Cricket Stadium, Sooriyawewa, Hambantota",2,13.5,Galle Gladiators,Jaffna Kings,Imad Wasim,BKG Mendis,DM de Silva,1,0,,,,,,,,,
1324519,2022/23,2022-12-06,"Mahinda Rajapaksa International Cricket Stadium, Sooriyawewa, Hambantota",2,13.6,Galle Gladiators,Jaffna Kings,BKG Mendis,Imad Wasim,DM de Silva,1,0,,,,,,,,,
1324519,2022/23,2022-12-06,"Mahinda Rajapaksa International Cricket Stadium, Sooriyawewa, Hambantota",2,14.1,Galle Gladiators,Jaffna Kings,BKG Mendis,Imad Wasim,JK Fuller,1,0,,,,,,,,,
1324519,2022/23,2022-12-06,"Mahinda Rajapaksa International Cricket Stadium, Sooriyawewa, Hambantota",2,14.2,Galle Gladiators,Jaffna Kings,Imad Wasim,BKG Mendis,JK Fuller,0,0,,,,,,,,,
1324519,2022/23,2022-12-06,"Mahinda Rajapaksa International Cricket Stadium, Sooriyawewa, Hambantota",2,14.3,Galle Gladiators,Jaffna Kings,Imad Wasim,BKG Mendis,JK Fuller,0,0,,,,,,,,,
1324519,2022/23,2022-12-06,"Mahinda Rajapaksa International Cricket Stadium, Sooriyawewa, Hambantota",2,14.4,Galle Gladiators,Jaffna Kings,Imad Wasim,BKG Mendis,JK Fuller,1,0,,,,,,,,,
1324519,2022/23,2022-12-06,"Mahinda Rajapaksa International Cricket Stadium, Sooriyawewa, Hambantota",2,14.5,Galle Gladiators,Jaffna Kings,BKG Mendis,Imad Wasim,JK Fuller,1,0,,,,,,,,,
1324519,2022/23,2022-12-06,"Mahinda Rajapaksa International Cricket Stadium, Sooriyawewa, Hambantota",2,14.6,Galle Gladiators,Jaffna Kings,Imad Wasim,BKG Mendis,JK Fuller,1,0,,,,,,,,,
1324519,2022/23,2022-12-06,"Mahinda Rajapaksa International Cricket Stadium, Sooriyawewa, Hambantota",2,15.1,Galle Gladiators,Jaffna Kings,Imad Wasim,BKG Mendis,M Theekshana,0,0,,,,,,,,,
1324519,2022/23,2022-12-06,"Mahinda Rajapaksa International Cricket Stadium, Sooriyawewa, Hambantota",2,15.2,Galle Gladiators,Jaffna Kings,Imad Wasim,BKG Mendis,M Theekshana,1,0,,,,,,,,,
1324519,2022/23,2022-12-06,"Mahinda Rajapaksa International Cricket Stadium, Sooriyawewa, Hambantota",2,15.3,Galle Gladiators,Jaffna Kings,BKG Mendis,Imad Wasim,M Theekshana,1,0,,,,,,,,,
1324519,2022/23,2022-12-06,"Mahinda Rajapaksa International Cricket Stadium, Sooriyawewa, Hambantota",2,15.4,Galle Gladiators,Jaffna Kings,Imad Wasim,BKG Mendis,M Theekshana,2,0,,,,,,,,,
1324519,2022/23,2022-12-06,"Mahinda Rajapaksa International Cricket Stadium, Sooriyawewa, Hambantota",2,15.5,Galle Gladiators,Jaffna Kings,Imad Wasim,BKG Mendis,M Theekshana,0,3,,,3,,,,,,
1324519,2022/23,2022-12-06,"Mahinda Rajapaksa International Cricket Stadium, Sooriyawewa, Hambantota",2,15.6,Galle Gladiators,Jaffna Kings,BKG Mendis,Imad Wasim,M Theekshana,0,0,,,,,,lbw,BKG Mendis,,
1324519,2022/23,2022-12-06,"Mahinda Rajapaksa International Cricket Stadium, Sooriyawewa, Hambantota",2,16.1,Galle Gladiators,Jaffna Kings,Imad Wasim,Sammu Ashan,JK Fuller,1,0,,,,,,,,,
1324519,2022/23,2022-12-06,"Mahinda Rajapaksa International Cricket Stadium, Sooriyawewa, Hambantota",2,16.2,Galle Gladiators,Jaffna Kings,Sammu Ashan,Imad Wasim,JK Fuller,1,0,,,,,,,,,
1324519,2022/23,2022-12-06,"Mahinda Rajapaksa International Cricket Stadium, Sooriyawewa, Hambantota",2,16.3,Galle Gladiators,Jaffna Kings,Imad Wasim,Sammu Ashan,JK Fuller,0,0,,,,,,,,,
1324519,2022/23,2022-12-06,"Mahinda Rajapaksa International Cricket Stadium, Sooriyawewa, Hambantota",2,16.4,Galle Gladiators,Jaffna Kings,Imad Wasim,Sammu Ashan,JK Fuller,0,0,,,,,,,,,
1324519,2022/23,2022-12-06,"Mahinda Rajapaksa International Cricket Stadium, Sooriyawewa, Hambantota",2,16.5,Galle Gladiators,Jaffna Kings,Imad Wasim,Sammu Ashan,JK Fuller,1,0,,,,,,,,,
1324519,2022/23,2022-12-06,"Mahinda Rajapaksa International Cricket Stadium, Sooriyawewa, Hambantota",2,16.6,Galle Gladiators,Jaffna Kings,Sammu Ashan,Imad Wasim,JK Fuller,0,0,,,,,,caught,Sammu Ashan,,
1324519,2022/23,2022-12-06,"Mahinda Rajapaksa International Cricket Stadium, Sooriyawewa, Hambantota",2,17.1,Galle Gladiators,Jaffna Kings,Imad Wasim,Pulina Tharanga,B Fernando,6,0,,,,,,,,,
1324519,2022/23,2022-12-06,"Mahinda Rajapaksa International Cricket Stadium, Sooriyawewa, Hambantota",2,17.2,Galle Gladiators,Jaffna Kings,Imad Wasim,Pulina Tharanga,B Fernando,1,0,,,,,,,,,
1324519,2022/23,2022-12-06,"Mahinda Rajapaksa International Cricket Stadium, Sooriyawewa, Hambantota",2,17.3,Galle Gladiators,Jaffna Kings,Pulina Tharanga,Imad Wasim,B Fernando,1,0,,,,,,,,,
1324519,2022/23,2022-12-06,"Mahinda Rajapaksa International Cricket Stadium, Sooriyawewa, Hambantota",2,17.4,Galle Gladiators,Jaffna Kings,Imad Wasim,Pulina Tharanga,B Fernando,0,0,,,,,,caught,Imad Wasim,,
1324519,2022/23,2022-12-06,"Mahinda Rajapaksa International Cricket Stadium, Sooriyawewa, Hambantota",2,17.5,Galle Gladiators,Jaffna Kings,Wahab Riaz,Pulina Tharanga,B Fernando,2,0,,,,,,,,,
1324519,2022/23,2022-12-06,"Mahinda Rajapaksa International Cricket Stadium, Sooriyawewa, Hambantota",2,17.6,Galle Gladiators,Jaffna Kings,Wahab Riaz,Pulina Tharanga,B Fernando,1,0,,,,,,,,,
1324519,2022/23,2022-12-06,"Mahinda Rajapaksa International Cricket Stadium, Sooriyawewa, Hambantota",2,18.1,Galle Gladiators,Jaffna Kings,Wahab Riaz,Pulina Tharanga,JK Fuller,1,0,,,,,,run out,Wahab Riaz,,
1324519,2022/23,2022-12-06,"Mahinda Rajapaksa International Cricket Stadium, Sooriyawewa, Hambantota",2,18.2,Galle Gladiators,Jaffna Kings,N Pradeep,Pulina Tharanga,JK Fuller,0,0,,,,,,,,,
1324519,2022/23,2022-12-06,"Mahinda Rajapaksa International Cricket Stadium, Sooriyawewa, Hambantota",2,18.3,Galle Gladiators,Jaffna Kings,N Pradeep,Pulina Tharanga,JK Fuller,1,0,,,,,,,,,
1324519,2022/23,2022-12-06,"Mahinda Rajapaksa International Cricket Stadium, Sooriyawewa, Hambantota",2,18.4,Galle Gladiators,Jaffna Kings,Pulina Tharanga,N Pradeep,JK Fuller,0,0,,,,,,,,,
1324519,2022/23,2022-12-06,"Mahinda Rajapaksa International Cricket Stadium, Sooriyawewa, Hambantota",2,18.5,Galle Gladiators,Jaffna Kings,Pulina Tharanga,N Pradeep,JK Fuller,0,0,,,,,,,,,
1324519,2022/23,2022-12-06,"Mahinda Rajapaksa International Cricket Stadium, Sooriyawewa, Hambantota",2,18.6,Galle Gladiators,Jaffna Kings,Pulina Tharanga,N Pradeep,JK Fuller,0,0,,,,,,,,,
1324519,2022/23,2022-12-06,"Mahinda Rajapaksa International Cricket Stadium, Sooriyawewa, Hambantota",2,19.1,Galle Gladiators,Jaffna Kings,N Pradeep,Pulina Tharanga,B Fernando,0,0,,,,,,,,,
1324519,2022/23,2022-12-06,"Mahinda Rajapaksa International Cricket Stadium, Sooriyawewa, Hambantota",2,19.2,Galle Gladiators,Jaffna Kings,N Pradeep,Pulina Tharanga,B Fernando,0,0,,,,,,,,,
1324519,2022/23,2022-12-06,"Mahinda Rajapaksa International Cricket Stadium, Sooriyawewa, Hambantota",2,19.3,Galle Gladiators,Jaffna Kings,N Pradeep,Pulina Tharanga,B Fernando,0,0,,,,,,,,,
1324519,2022/23,2022-12-06,"Mahinda Rajapaksa International Cricket Stadium, Sooriyawewa, Hambantota",2,19.4,Galle Gladiators,Jaffna Kings,N Pradeep,Pulina Tharanga,B Fernando,0,0,,,,,,,,,
1324519,2022/23,2022-12-06,"Mahinda Rajapaksa International Cricket Stadium, Sooriyawewa, Hambantota",2,19.5,Galle Gladiators,Jaffna Kings,N Pradeep,Pulina Tharanga,B Fernando,0,0,,,,,,caught,N Pradeep,,
1324519,2022/23,2022-12-06,"Mahinda Rajapaksa International Cricket Stadium, Sooriyawewa, Hambantota",2,19.6,Galle Gladiators,Jaffna Kings,N Thushara,Pulina Tharanga,B Fernando,0,0,,,,,,caught,N Thushara,,
