match_id,season,start_date,venue,innings,ball,batting_team,bowling_team,striker,non_striker,bowler,runs_off_bat,extras,wides,noballs,byes,legbyes,penalty,wicket_type,player_dismissed,other_wicket_type,other_player_dismissed
1324541,2022/23,2022-12-22,"R Premadasa Stadium, Colombo",1,0.1,Kandy Falcons,Colombo Stars,P Nissanka,ADS Fletcher,CAK Rajitha,0,1,1,,,,,,,,
1324541,2022/23,2022-12-22,"R Premadasa Stadium, Colombo",1,0.2,Kandy Falcons,Colombo Stars,P Nissanka,ADS Fletcher,CAK Rajitha,2,0,,,,,,,,,
1324541,2022/23,2022-12-22,"R Premadasa Stadium, Colombo",1,0.3,Kandy Falcons,Colombo Stars,P Nissanka,ADS Fletcher,CAK Rajitha,0,0,,,,,,,,,
1324541,2022/23,2022-12-22,"R Premadasa Stadium, Colombo",1,0.4,Kandy Falcons,Colombo Stars,P Nissanka,ADS Fletcher,CAK Rajitha,0,0,,,,,,lbw,P Nissanka,,
1324541,2022/23,2022-12-22,"R Premadasa Stadium, Colombo",1,0.5,Kandy Falcons,Colombo Stars,PHKD Mendis,ADS Fletcher,CAK Rajitha,1,0,,,,,,,,,
1324541,2022/23,2022-12-22,"R Premadasa Stadium, Colombo",1,0.6,Kandy Falcons,Colombo Stars,ADS Fletcher,PHKD Mendis,CAK Rajitha,0,0,,,,,,lbw,ADS Fletcher,,
1324541,2022/23,2022-12-22,"R Premadasa Stadium, Colombo",1,0.7,Kandy Falcons,Colombo Stars,KNA Bandara,PHKD Mendis,CAK Rajitha,1,0,,,,,,,,,
1324541,2022/23,2022-12-22,"R Premadasa Stadium, Colombo",1,1.1,Kandy Falcons,Colombo Stars,KNA Bandara,PHKD Mendis,RAS Lakmal,0,0,,,,,,,,,
1324541,2022/23,2022-12-22,"R Premadasa Stadium, Colombo",1,1.2,Kandy Falcons,Colombo Stars,KNA Bandara,PHKD Mendis,RAS Lakmal,0,0,,,,,,,,,
1324541,2022/23,2022-12-22,"R Premadasa Stadium, Colombo",1,1.3,Kandy Falcons,Colombo Stars,KNA Bandara,PHKD Mendis,RAS Lakmal,0,0,,,,,,,,,
1324541,2022/23,2022-12-22,"R Premadasa Stadium, Colombo",1,1.4,Kandy Falcons,Colombo Stars,KNA Bandara,PHKD Mendis,RAS Lakmal,4,0,,,,,,,,,
1324541,2022/23,2022-12-22,"R Premadasa Stadium, Colombo",1,1.5,Kandy Falcons,Colombo Stars,KNA Bandara,PHKD Mendis,RAS Lakmal,1,0,,,,,,,,,
1324541,2022/23,2022-12-22,"R Premadasa Stadium, Colombo",1,1.6,Kandy Falcons,Colombo Stars,PHKD Mendis,KNA Bandara,RAS Lakmal,1,0,,,,,,,,,
1324541,2022/23,2022-12-22,"R Premadasa Stadium, Colombo",1,2.1,Kandy Falcons,Colombo Stars,PHKD Mendis,KNA Bandara,CAK Rajitha,0,0,,,,,,,,,
1324541,2022/23,2022-12-22,"R Premadasa Stadium, Colombo",1,2.2,Kandy Falcons,Colombo Stars,PHKD Mendis,KNA Bandara,CAK Rajitha,0,0,,,,,,,,,
1324541,2022/23,2022-12-22,"R Premadasa Stadium, Colombo",1,2.3,Kandy Falcons,Colombo Stars,PHKD Mendis,KNA Bandara,CAK Rajitha,0,1,,,,1,,,,,
1324541,2022/23,2022-12-22,"R Premadasa Stadium, Colombo",1,2.4,Kandy Falcons,Colombo Stars,KNA Bandara,PHKD Mendis,CAK Rajitha,1,0,,,,,,,,,
1324541,2022/23,2022-12-22,"R Premadasa Stadium, Colombo",1,2.5,Kandy Falcons,Colombo Stars,PHKD Mendis,KNA Bandara,CAK Rajitha,0,0,,,,,,,,,
1324541,2022/23,2022-12-22,"R Premadasa Stadium, Colombo",1,2.6,Kandy Falcons,Colombo Stars,PHKD Mendis,KNA Bandara,CAK Rajitha,1,0,,,,,,,,,
1324541,2022/23,2022-12-22,"R Premadasa Stadium, Colombo",1,3.1,Kandy Falcons,Colombo Stars,PHKD Mendis,KNA Bandara,RAS Lakmal,0,0,,,,,,,,,
1324541,2022/23,2022-12-22,"R Premadasa Stadium, Colombo",1,3.2,Kandy Falcons,Colombo Stars,PHKD Mendis,KNA Bandara,RAS Lakmal,4,0,,,,,,,,,
1324541,2022/23,2022-12-22,"R Premadasa Stadium, Colombo",1,3.3,Kandy Falcons,Colombo Stars,PHKD Mendis,KNA Bandara,RAS Lakmal,0,0,,,,,,,,,
1324541,2022/23,2022-12-22,"R Premadasa Stadium, Colombo",1,3.4,Kandy Falcons,Colombo Stars,PHKD Mendis,KNA Bandara,RAS Lakmal,0,0,,,,,,,,,
1324541,2022/23,2022-12-22,"R Premadasa Stadium, Colombo",1,3.5,Kandy Falcons,Colombo Stars,PHKD Mendis,KNA Bandara,RAS Lakmal,1,0,,,,,,,,,
1324541,2022/23,2022-12-22,"R Premadasa Stadium, Colombo",1,3.6,Kandy Falcons,Colombo Stars,KNA Bandara,PHKD Mendis,RAS Lakmal,0,0,,,,,,,,,
1324541,2022/23,2022-12-22,"R Premadasa Stadium, Colombo",1,4.1,Kandy Falcons,Colombo Stars,PHKD Mendis,KNA Bandara,CAK Rajitha,6,0,,,,,,,,,
1324541,2022/23,2022-12-22,"R Premadasa Stadium, Colombo",1,4.2,Kandy Falcons,Colombo Stars,PHKD Mendis,KNA Bandara,CAK Rajitha,0,0,,,,,,,,,
1324541,2022/23,2022-12-22,"R Premadasa Stadium, Colombo",1,4.3,Kandy Falcons,Colombo Stars,PHKD Mendis,KNA Bandara,CAK Rajitha,1,0,,,,,,,,,
1324541,2022/23,2022-12-22,"R Premadasa Stadium, Colombo",1,4.4,Kandy Falcons,Colombo Stars,KNA Bandara,PHKD Mendis,CAK Rajitha,0,0,,,,,,,,,
1324541,2022/23,2022-12-22,"R Premadasa Stadium, Colombo",1,4.5,Kandy Falcons,Colombo Stars,KNA Bandara,PHKD Mendis,CAK Rajitha,0,0,,,,,,,,,
1324541,2022/23,2022-12-22,"R Premadasa Stadium, Colombo",1,4.6,Kandy Falcons,Colombo Stars,KNA Bandara,PHKD Mendis,CAK Rajitha,1,0,,,,,,,,,
1324541,2022/23,2022-12-22,"R Premadasa Stadium, Colombo",1,5.1,Kandy Falcons,Colombo Stars,KNA Bandara,PHKD Mendis,RAS Lakmal,0,1,,,,1,,,,,
1324541,2022/23,2022-12-22,"R Premadasa Stadium, Colombo",1,5.2,Kandy Falcons,Colombo Stars,PHKD Mendis,KNA Bandara,RAS Lakmal,0,0,,,,,,,,,
1324541,2022/23,2022-12-22,"R Premadasa Stadium, Colombo",1,5.3,Kandy Falcons,Colombo Stars,PHKD Mendis,KNA Bandara,RAS Lakmal,0,0,,,,,,,,,
1324541,2022/23,2022-12-22,"R Premadasa Stadium, Colombo",1,5.4,Kandy Falcons,Colombo Stars,PHKD Mendis,KNA Bandara,RAS Lakmal,0,0,,,,,,,,,
1324541,2022/23,2022-12-22,"R Premadasa Stadium, Colombo",1,5.5,Kandy Falcons,Colombo Stars,PHKD Mendis,KNA Bandara,RAS Lakmal,0,0,,,,,,,,,
1324541,2022/23,2022-12-22,"R Premadasa Stadium, Colombo",1,5.6,Kandy Falcons,Colombo Stars,PHKD Mendis,KNA Bandara,RAS Lakmal,1,0,,,,,,,,,
1324541,2022/23,2022-12-22,"R Premadasa Stadium, Colombo",1,6.1,Kandy Falcons,Colombo Stars,PHKD Mendis,KNA Bandara,DC Drakes,2,0,,,,,,,,,
1324541,2022/23,2022-12-22,"R Premadasa Stadium, Colombo",1,6.2,Kandy Falcons,Colombo Stars,PHKD Mendis,KNA Bandara,DC Drakes,0,0,,,,,,,,,
1324541,2022/23,2022-12-22,"R Premadasa Stadium, Colombo",1,6.3,Kandy Falcons,Colombo Stars,PHKD Mendis,KNA Bandara,DC Drakes,0,0,,,,,,,,,
1324541,2022/23,2022-12-22,"R Premadasa Stadium, Colombo",1,6.4,Kandy Falcons,Colombo Stars,PHKD Mendis,KNA Bandara,DC Drakes,1,0,,,,,,,,,
1324541,2022/23,2022-12-22,"R Premadasa Stadium, Colombo",1,6.5,Kandy Falcons,Colombo Stars,KNA Bandara,PHKD Mendis,DC Drakes,2,0,,,,,,,,,
1324541,2022/23,2022-12-22,"R Premadasa Stadium, Colombo",1,6.6,Kandy Falcons,Colombo Stars,KNA Bandara,PHKD Mendis,DC Drakes,1,0,,,,,,,,,
1324541,2022/23,2022-12-22,"R Premadasa Stadium, Colombo",1,7.1,Kandy Falcons,Colombo Stars,KNA Bandara,PHKD Mendis,Mohammad Nabi,3,0,,,,,,,,,
1324541,2022/23,2022-12-22,"R Premadasa Stadium, Colombo",1,7.2,Kandy Falcons,Colombo Stars,PHKD Mendis,KNA Bandara,Mohammad Nabi,2,0,,,,,,,,,
1324541,2022/23,2022-12-22,"R Premadasa Stadium, Colombo",1,7.3,Kandy Falcons,Colombo Stars,PHKD Mendis,KNA Bandara,Mohammad Nabi,0,0,,,,,,,,,
1324541,2022/23,2022-12-22,"R Premadasa Stadium, Colombo",1,7.4,Kandy Falcons,Colombo Stars,PHKD Mendis,KNA Bandara,Mohammad Nabi,2,0,,,,,,,,,
1324541,2022/23,2022-12-22,"R Premadasa Stadium, Colombo",1,7.5,Kandy Falcons,Colombo Stars,PHKD Mendis,KNA Bandara,Mohammad Nabi,0,0,,,,,,,,,
1324541,2022/23,2022-12-22,"R Premadasa Stadium, Colombo",1,7.6,Kandy Falcons,Colombo Stars,PHKD Mendis,KNA Bandara,Mohammad Nabi,0,0,,,,,,bowled,PHKD Mendis,,
1324541,2022/23,2022-12-22,"R Premadasa Stadium, Colombo",1,8.1,Kandy Falcons,Colombo Stars,KNA Bandara,PWH de Silva,S Prasanna,1,0,,,,,,,,,
1324541,2022/23,2022-12-22,"R Premadasa Stadium, Colombo",1,8.2,Kandy Falcons,Colombo Stars,PWH de Silva,KNA Bandara,S Prasanna,1,0,,,,,,,,,
1324541,2022/23,2022-12-22,"R Premadasa Stadium, Colombo",1,8.3,Kandy Falcons,Colombo Stars,KNA Bandara,PWH de Silva,S Prasanna,1,0,,,,,,,,,
1324541,2022/23,2022-12-22,"R Premadasa Stadium, Colombo",1,8.4,Kandy Falcons,Colombo Stars,PWH de Silva,KNA Bandara,S Prasanna,4,0,,,,,,,,,
1324541,2022/23,2022-12-22,"R Premadasa Stadium, Colombo",1,8.5,Kandy Falcons,Colombo Stars,PWH de Silva,KNA Bandara,S Prasanna,4,0,,,,,,,,,
1324541,2022/23,2022-12-22,"R Premadasa Stadium, Colombo",1,8.6,Kandy Falcons,Colombo Stars,PWH de Silva,KNA Bandara,S Prasanna,2,0,,,,,,,,,
1324541,2022/23,2022-12-22,"R Premadasa Stadium, Colombo",1,9.1,Kandy Falcons,Colombo Stars,KNA Bandara,PWH de Silva,Mohammad Nabi,1,0,,,,,,,,,
1324541,2022/23,2022-12-22,"R Premadasa Stadium, Colombo",1,9.2,Kandy Falcons,Colombo Stars,PWH de Silva,KNA Bandara,Mohammad Nabi,4,0,,,,,,,,,
1324541,2022/23,2022-12-22,"R Premadasa Stadium, Colombo",1,9.3,Kandy Falcons,Colombo Stars,PWH de Silva,KNA Bandara,Mohammad Nabi,4,0,,,,,,,,,
1324541,2022/23,2022-12-22,"R Premadasa Stadium, Colombo",1,9.4,Kandy Falcons,Colombo Stars,PWH de Silva,KNA Bandara,Mohammad Nabi,1,0,,,,,,,,,
1324541,2022/23,2022-12-22,"R Premadasa Stadium, Colombo",1,9.5,Kandy Falcons,Colombo Stars,KNA Bandara,PWH de Silva,Mohammad Nabi,0,0,,,,,,,,,
1324541,2022/23,2022-12-22,"R Premadasa Stadium, Colombo",1,9.6,Kandy Falcons,Colombo Stars,KNA Bandara,PWH de Silva,Mohammad Nabi,1,0,,,,,,,,,
1324541,2022/23,2022-12-22,"R Premadasa Stadium, Colombo",1,10.1,Kandy Falcons,Colombo Stars,KNA Bandara,PWH de Silva,DC Drakes,0,0,,,,,,,,,
1324541,2022/23,2022-12-22,"R Premadasa Stadium, Colombo",1,10.2,Kandy Falcons,Colombo Stars,KNA Bandara,PWH de Silva,DC Drakes,0,0,,,,,,,,,
1324541,2022/23,2022-12-22,"R Premadasa Stadium, Colombo",1,10.3,Kandy Falcons,Colombo Stars,KNA Bandara,PWH de Silva,DC Drakes,1,0,,,,,,,,,
1324541,2022/23,2022-12-22,"R Premadasa Stadium, Colombo",1,10.4,Kandy Falcons,Colombo Stars,PWH de Silva,KNA Bandara,DC Drakes,0,0,,,,,,,,,
1324541,2022/23,2022-12-22,"R Premadasa Stadium, Colombo",1,10.5,Kandy Falcons,Colombo Stars,PWH de Silva,KNA Bandara,DC Drakes,0,0,,,,,,,,,
1324541,2022/23,2022-12-22,"R Premadasa Stadium, Colombo",1,10.6,Kandy Falcons,Colombo Stars,PWH de Silva,KNA Bandara,DC Drakes,6,0,,,,,,,,,
1324541,2022/23,2022-12-22,"R Premadasa Stadium, Colombo",1,11.1,Kandy Falcons,Colombo Stars,KNA Bandara,PWH de Silva,Mohammad Nabi,2,0,,,,,,,,,
1324541,2022/23,2022-12-22,"R Premadasa Stadium, Colombo",1,11.2,Kandy Falcons,Colombo Stars,KNA Bandara,PWH de Silva,Mohammad Nabi,1,0,,,,,,,,,
1324541,2022/23,2022-12-22,"R Premadasa Stadium, Colombo",1,11.3,Kandy Falcons,Colombo Stars,PWH de Silva,KNA Bandara,Mohammad Nabi,1,0,,,,,,,,,
1324541,2022/23,2022-12-22,"R Premadasa Stadium, Colombo",1,11.4,Kandy Falcons,Colombo Stars,KNA Bandara,PWH de Silva,Mohammad Nabi,1,0,,,,,,,,,
1324541,2022/23,2022-12-22,"R Premadasa Stadium, Colombo",1,11.5,Kandy Falcons,Colombo Stars,PWH de Silva,KNA Bandara,Mohammad Nabi,2,0,,,,,,,,,
1324541,2022/23,2022-12-22,"R Premadasa Stadium, Colombo",1,11.6,Kandy Falcons,Colombo Stars,PWH de Silva,KNA Bandara,Mohammad Nabi,1,0,,,,,,,,,
1324541,2022/23,2022-12-22,"R Premadasa Stadium, Colombo",1,12.1,Kandy Falcons,Colombo Stars,PWH de Silva,KNA Bandara,BAC Howell,1,0,,,,,,,,,
1324541,2022/23,2022-12-22,"R Premadasa Stadium, Colombo",1,12.2,Kandy Falcons,Colombo Stars,KNA Bandara,PWH de Silva,BAC Howell,0,0,,,,,,,,,
1324541,2022/23,2022-12-22,"R Premadasa Stadium, Colombo",1,12.3,Kandy Falcons,Colombo Stars,KNA Bandara,PWH de Silva,BAC Howell,1,0,,,,,,,,,
1324541,2022/23,2022-12-22,"R Premadasa Stadium, Colombo",1,12.4,Kandy Falcons,Colombo Stars,PWH de Silva,KNA Bandara,BAC Howell,4,0,,,,,,,,,
1324541,2022/23,2022-12-22,"R Premadasa Stadium, Colombo",1,12.5,Kandy Falcons,Colombo Stars,PWH de Silva,KNA Bandara,BAC Howell,4,0,,,,,,,,,
1324541,2022/23,2022-12-22,"R Premadasa Stadium, Colombo",1,12.6,Kandy Falcons,Colombo Stars,PWH de Silva,KNA Bandara,BAC Howell,0,0,,,,,,,,,
1324541,2022/23,2022-12-22,"R Premadasa Stadium, Colombo",1,13.1,Kandy Falcons,Colombo Stars,KNA Bandara,PWH de Silva,Mohammad Nabi,0,0,,,,,,,,,
1324541,2022/23,2022-12-22,"R Premadasa Stadium, Colombo",1,13.2,Kandy Falcons,Colombo Stars,KNA Bandara,PWH de Silva,Mohammad Nabi,1,0,,,,,,,,,
1324541,2022/23,2022-12-22,"R Premadasa Stadium, Colombo",1,13.3,Kandy Falcons,Colombo Stars,PWH de Silva,KNA Bandara,Mohammad Nabi,2,0,,,,,,,,,
1324541,2022/23,2022-12-22,"R Premadasa Stadium, Colombo",1,13.4,Kandy Falcons,Colombo Stars,PWH de Silva,KNA Bandara,Mohammad Nabi,1,0,,,,,,,,,
1324541,2022/23,2022-12-22,"R Premadasa Stadium, Colombo",1,13.5,Kandy Falcons,Colombo Stars,KNA Bandara,PWH de Silva,Mohammad Nabi,1,0,,,,,,,,,
1324541,2022/23,2022-12-22,"R Premadasa Stadium, Colombo",1,13.6,Kandy Falcons,Colombo Stars,PWH de Silva,KNA Bandara,Mohammad Nabi,2,0,,,,,,,,,
1324541,2022/23,2022-12-22,"R Premadasa Stadium, Colombo",1,14.1,Kandy Falcons,Colombo Stars,KNA Bandara,PWH de Silva,RAS Lakmal,1,0,,,,,,,,,
1324541,2022/23,2022-12-22,"R Premadasa Stadium, Colombo",1,14.2,Kandy Falcons,Colombo Stars,PWH de Silva,KNA Bandara,RAS Lakmal,2,0,,,,,,,,,
1324541,2022/23,2022-12-22,"R Premadasa Stadium, Colombo",1,14.3,Kandy Falcons,Colombo Stars,PWH de Silva,KNA Bandara,RAS Lakmal,4,0,,,,,,,,,
1324541,2022/23,2022-12-22,"R Premadasa Stadium, Colombo",1,14.4,Kandy Falcons,Colombo Stars,PWH de Silva,KNA Bandara,RAS Lakmal,0,0,,,,,,,,,
1324541,2022/23,2022-12-22,"R Premadasa Stadium, Colombo",1,14.5,Kandy Falcons,Colombo Stars,PWH de Silva,KNA Bandara,RAS Lakmal,6,0,,,,,,,,,
1324541,2022/23,2022-12-22,"R Premadasa Stadium, Colombo",1,14.6,Kandy Falcons,Colombo Stars,PWH de Silva,KNA Bandara,RAS Lakmal,2,0,,,,,,,,,
1324541,2022/23,2022-12-22,"R Premadasa Stadium, Colombo",1,15.1,Kandy Falcons,Colombo Stars,KNA Bandara,PWH de Silva,BAC Howell,2,0,,,,,,,,,
1324541,2022/23,2022-12-22,"R Premadasa Stadium, Colombo",1,15.2,Kandy Falcons,Colombo Stars,KNA Bandara,PWH de Silva,BAC Howell,1,0,,,,,,,,,
1324541,2022/23,2022-12-22,"R Premadasa Stadium, Colombo",1,15.3,Kandy Falcons,Colombo Stars,PWH de Silva,KNA Bandara,BAC Howell,1,0,,,,,,,,,
1324541,2022/23,2022-12-22,"R Premadasa Stadium, Colombo",1,15.4,Kandy Falcons,Colombo Stars,KNA Bandara,PWH de Silva,BAC Howell,4,0,,,,,,,,,
1324541,2022/23,2022-12-22,"R Premadasa Stadium, Colombo",1,15.5,Kandy Falcons,Colombo Stars,KNA Bandara,PWH de Silva,BAC Howell,2,0,,,,,,,,,
1324541,2022/23,2022-12-22,"R Premadasa Stadium, Colombo",1,15.6,Kandy Falcons,Colombo Stars,KNA Bandara,PWH de Silva,BAC Howell,1,0,,,,,,,,,
1324541,2022/23,2022-12-22,"R Premadasa Stadium, Colombo",1,16.1,Kandy Falcons,Colombo Stars,KNA Bandara,PWH de Silva,DC Drakes,2,0,,,,,,,,,
1324541,2022/23,2022-12-22,"R Premadasa Stadium, Colombo",1,16.2,Kandy Falcons,Colombo Stars,KNA Bandara,PWH de Silva,DC Drakes,1,0,,,,,,,,,
1324541,2022/23,2022-12-22,"R Premadasa Stadium, Colombo",1,16.3,Kandy Falcons,Colombo Stars,PWH de Silva,KNA Bandara,DC Drakes,4,0,,,,,,,,,
1324541,2022/23,2022-12-22,"R Premadasa Stadium, Colombo",1,16.4,Kandy Falcons,Colombo Stars,PWH de Silva,KNA Bandara,DC Drakes,1,0,,,,,,,,,
1324541,2022/23,2022-12-22,"R Premadasa Stadium, Colombo",1,16.5,Kandy Falcons,Colombo Stars,KNA Bandara,PWH de Silva,DC Drakes,0,0,,,,,,,,,
1324541,2022/23,2022-12-22,"R Premadasa Stadium, Colombo",1,16.6,Kandy Falcons,Colombo Stars,KNA Bandara,PWH de Silva,DC Drakes,0,1,1,,,,,,,,
1324541,2022/23,2022-12-22,"R Premadasa Stadium, Colombo",1,16.7,Kandy Falcons,Colombo Stars,KNA Bandara,PWH de Silva,DC Drakes,0,1,,,,1,,,,,
1324541,2022/23,2022-12-22,"R Premadasa Stadium, Colombo",1,17.1,Kandy Falcons,Colombo Stars,KNA Bandara,PWH de Silva,CAK Rajitha,0,0,,,,,,caught,KNA Bandara,,
1324541,2022/23,2022-12-22,"R Premadasa Stadium, Colombo",1,17.2,Kandy Falcons,Colombo Stars,FA Allen,PWH de Silva,CAK Rajitha,0,0,,,,,,bowled,FA Allen,,
1324541,2022/23,2022-12-22,"R Premadasa Stadium, Colombo",1,17.3,Kandy Falcons,Colombo Stars,C Karunaratne,PWH de Silva,CAK Rajitha,2,0,,,,,,,,,
1324541,2022/23,2022-12-22,"R Premadasa Stadium, Colombo",1,17.4,Kandy Falcons,Colombo Stars,C Karunaratne,PWH de Silva,CAK Rajitha,1,0,,,,,,,,,
1324541,2022/23,2022-12-22,"R Premadasa Stadium, Colombo",1,17.5,Kandy Falcons,Colombo Stars,PWH de Silva,C Karunaratne,CAK Rajitha,1,0,,,,,,,,,
1324541,2022/23,2022-12-22,"R Premadasa Stadium, Colombo",1,17.6,Kandy Falcons,Colombo Stars,C Karunaratne,PWH de Silva,CAK Rajitha,1,0,,,,,,,,,
1324541,2022/23,2022-12-22,"R Premadasa Stadium, Colombo",1,18.1,Kandy Falcons,Colombo Stars,C Karunaratne,PWH de Silva,DC Drakes,2,0,,,,,,,,,
1324541,2022/23,2022-12-22,"R Premadasa Stadium, Colombo",1,18.2,Kandy Falcons,Colombo Stars,C Karunaratne,PWH de Silva,DC Drakes,0,0,,,,,,caught,C Karunaratne,,
1324541,2022/23,2022-12-22,"R Premadasa Stadium, Colombo",1,18.3,Kandy Falcons,Colombo Stars,CR Brathwaite,PWH de Silva,DC Drakes,1,0,,,,,,,,,
1324541,2022/23,2022-12-22,"R Premadasa Stadium, Colombo",1,18.4,Kandy Falcons,Colombo Stars,PWH de Silva,CR Brathwaite,DC Drakes,1,0,,,,,,,,,
1324541,2022/23,2022-12-22,"R Premadasa Stadium, Colombo",1,18.5,Kandy Falcons,Colombo Stars,CR Brathwaite,PWH de Silva,DC Drakes,4,0,,,,,,,,,
1324541,2022/23,2022-12-22,"R Premadasa Stadium, Colombo",1,18.6,Kandy Falcons,Colombo Stars,CR Brathwaite,PWH de Silva,DC Drakes,2,0,,,,,,,,,
1324541,2022/23,2022-12-22,"R Premadasa Stadium, Colombo",1,19.1,Kandy Falcons,Colombo Stars,PWH de Silva,CR Brathwaite,BAC Howell,2,0,,,,,,,,,
1324541,2022/23,2022-12-22,"R Premadasa Stadium, Colombo",1,19.2,Kandy Falcons,Colombo Stars,PWH de Silva,CR Brathwaite,BAC Howell,6,0,,,,,,,,,
1324541,2022/23,2022-12-22,"R Premadasa Stadium, Colombo",1,19.3,Kandy Falcons,Colombo Stars,PWH de Silva,CR Brathwaite,BAC Howell,2,0,,,,,,,,,
1324541,2022/23,2022-12-22,"R Premadasa Stadium, Colombo",1,19.4,Kandy Falcons,Colombo Stars,PWH de Silva,CR Brathwaite,BAC Howell,1,0,,,,,,,,,
1324541,2022/23,2022-12-22,"R Premadasa Stadium, Colombo",1,19.5,Kandy Falcons,Colombo Stars,CR Brathwaite,PWH de Silva,BAC Howell,6,0,,,,,,,,,
1324541,2022/23,2022-12-22,"R Premadasa Stadium, Colombo",1,19.6,Kandy Falcons,Colombo Stars,CR Brathwaite,PWH de Silva,BAC Howell,2,0,,,,,,,,,
1324541,2022/23,2022-12-22,"R Premadasa Stadium, Colombo",2,0.1,Colombo Stars,Kandy Falcons,KNM Fernando,LD Chandimal,I Udana,0,1,,,,1,,,,,
1324541,2022/23,2022-12-22,"R Premadasa Stadium, Colombo",2,0.2,Colombo Stars,Kandy Falcons,LD Chandimal,KNM Fernando,I Udana,0,0,,,,,,,,,
1324541,2022/23,2022-12-22,"R Premadasa Stadium, Colombo",2,0.3,Colombo Stars,Kandy Falcons,LD Chandimal,KNM Fernando,I Udana,0,0,,,,,,,,,
1324541,2022/23,2022-12-22,"R Premadasa Stadium, Colombo",2,0.4,Colombo Stars,Kandy Falcons,LD Chandimal,KNM Fernando,I Udana,1,0,,,,,,,,,
1324541,2022/23,2022-12-22,"R Premadasa Stadium, Colombo",2,0.5,Colombo Stars,Kandy Falcons,KNM Fernando,LD Chandimal,I Udana,1,0,,,,,,,,,
1324541,2022/23,2022-12-22,"R Premadasa Stadium, Colombo",2,0.6,Colombo Stars,Kandy Falcons,LD Chandimal,KNM Fernando,I Udana,0,0,,,,,,,,,
1324541,2022/23,2022-12-22,"R Premadasa Stadium, Colombo",2,1.1,Colombo Stars,Kandy Falcons,KNM Fernando,LD Chandimal,CR Brathwaite,2,0,,,,,,,,,
1324541,2022/23,2022-12-22,"R Premadasa Stadium, Colombo",2,1.2,Colombo Stars,Kandy Falcons,KNM Fernando,LD Chandimal,CR Brathwaite,4,0,,,,,,,,,
1324541,2022/23,2022-12-22,"R Premadasa Stadium, Colombo",2,1.3,Colombo Stars,Kandy Falcons,KNM Fernando,LD Chandimal,CR Brathwaite,2,0,,,,,,,,,
1324541,2022/23,2022-12-22,"R Premadasa Stadium, Colombo",2,1.4,Colombo Stars,Kandy Falcons,KNM Fernando,LD Chandimal,CR Brathwaite,2,0,,,,,,,,,
1324541,2022/23,2022-12-22,"R Premadasa Stadium, Colombo",2,1.5,Colombo Stars,Kandy Falcons,KNM Fernando,LD Chandimal,CR Brathwaite,0,0,,,,,,,,,
1324541,2022/23,2022-12-22,"R Premadasa Stadium, Colombo",2,1.6,Colombo Stars,Kandy Falcons,KNM Fernando,LD Chandimal,CR Brathwaite,0,0,,,,,,caught,KNM Fernando,,
1324541,2022/23,2022-12-22,"R Premadasa Stadium, Colombo",2,2.1,Colombo Stars,Kandy Falcons,LD Chandimal,KIC Asalanka,I Udana,0,0,,,,,,,,,
1324541,2022/23,2022-12-22,"R Premadasa Stadium, Colombo",2,2.2,Colombo Stars,Kandy Falcons,LD Chandimal,KIC Asalanka,I Udana,4,0,,,,,,,,,
1324541,2022/23,2022-12-22,"R Premadasa Stadium, Colombo",2,2.3,Colombo Stars,Kandy Falcons,LD Chandimal,KIC Asalanka,I Udana,0,0,,,,,,,,,
1324541,2022/23,2022-12-22,"R Premadasa Stadium, Colombo",2,2.4,Colombo Stars,Kandy Falcons,LD Chandimal,KIC Asalanka,I Udana,4,0,,,,,,,,,
1324541,2022/23,2022-12-22,"R Premadasa Stadium, Colombo",2,2.5,Colombo Stars,Kandy Falcons,LD Chandimal,KIC Asalanka,I Udana,1,0,,,,,,,,,
1324541,2022/23,2022-12-22,"R Premadasa Stadium, Colombo",2,2.6,Colombo Stars,Kandy Falcons,KIC Asalanka,LD Chandimal,I Udana,0,0,,,,,,,,,
1324541,2022/23,2022-12-22,"R Premadasa Stadium, Colombo",2,3.1,Colombo Stars,Kandy Falcons,LD Chandimal,KIC Asalanka,CR Brathwaite,1,0,,,,,,,,,
1324541,2022/23,2022-12-22,"R Premadasa Stadium, Colombo",2,3.2,Colombo Stars,Kandy Falcons,KIC Asalanka,LD Chandimal,CR Brathwaite,0,0,,,,,,,,,
1324541,2022/23,2022-12-22,"R Premadasa Stadium, Colombo",2,3.3,Colombo Stars,Kandy Falcons,KIC Asalanka,LD Chandimal,CR Brathwaite,4,0,,,,,,,,,
1324541,2022/23,2022-12-22,"R Premadasa Stadium, Colombo",2,3.4,Colombo Stars,Kandy Falcons,KIC Asalanka,LD Chandimal,CR Brathwaite,1,0,,,,,,,,,
1324541,2022/23,2022-12-22,"R Premadasa Stadium, Colombo",2,3.5,Colombo Stars,Kandy Falcons,LD Chandimal,KIC Asalanka,CR Brathwaite,0,0,,,,,,,,,
1324541,2022/23,2022-12-22,"R Premadasa Stadium, Colombo",2,3.6,Colombo Stars,Kandy Falcons,LD Chandimal,KIC Asalanka,CR Brathwaite,0,0,,,,,,,,,
1324541,2022/23,2022-12-22,"R Premadasa Stadium, Colombo",2,4.1,Colombo Stars,Kandy Falcons,KIC Asalanka,LD Chandimal,C Karunaratne,0,0,,,,,,,,,
1324541,2022/23,2022-12-22,"R Premadasa Stadium, Colombo",2,4.2,Colombo Stars,Kandy Falcons,KIC Asalanka,LD Chandimal,C Karunaratne,0,0,,,,,,,,,
1324541,2022/23,2022-12-22,"R Premadasa Stadium, Colombo",2,4.3,Colombo Stars,Kandy Falcons,KIC Asalanka,LD Chandimal,C Karunaratne,0,0,,,,,,,,,
1324541,2022/23,2022-12-22,"R Premadasa Stadium, Colombo",2,4.4,Colombo Stars,Kandy Falcons,KIC Asalanka,LD Chandimal,C Karunaratne,4,0,,,,,,,,,
1324541,2022/23,2022-12-22,"R Premadasa Stadium, Colombo",2,4.5,Colombo Stars,Kandy Falcons,KIC Asalanka,LD Chandimal,C Karunaratne,0,0,,,,,,,,,
1324541,2022/23,2022-12-22,"R Premadasa Stadium, Colombo",2,4.6,Colombo Stars,Kandy Falcons,KIC Asalanka,LD Chandimal,C Karunaratne,0,0,,,,,,,,,
1324541,2022/23,2022-12-22,"R Premadasa Stadium, Colombo",2,5.1,Colombo Stars,Kandy Falcons,LD Chandimal,KIC Asalanka,CR Brathwaite,0,0,,,,,,,,,
1324541,2022/23,2022-12-22,"R Premadasa Stadium, Colombo",2,5.2,Colombo Stars,Kandy Falcons,LD Chandimal,KIC Asalanka,CR Brathwaite,2,0,,,,,,,,,
1324541,2022/23,2022-12-22,"R Premadasa Stadium, Colombo",2,5.3,Colombo Stars,Kandy Falcons,LD Chandimal,KIC Asalanka,CR Brathwaite,1,0,,,,,,,,,
1324541,2022/23,2022-12-22,"R Premadasa Stadium, Colombo",2,5.4,Colombo Stars,Kandy Falcons,KIC Asalanka,LD Chandimal,CR Brathwaite,4,0,,,,,,,,,
1324541,2022/23,2022-12-22,"R Premadasa Stadium, Colombo",2,5.5,Colombo Stars,Kandy Falcons,KIC Asalanka,LD Chandimal,CR Brathwaite,6,0,,,,,,,,,
1324541,2022/23,2022-12-22,"R Premadasa Stadium, Colombo",2,5.6,Colombo Stars,Kandy Falcons,KIC Asalanka,LD Chandimal,CR Brathwaite,2,0,,,,,,,,,
1324541,2022/23,2022-12-22,"R Premadasa Stadium, Colombo",2,6.1,Colombo Stars,Kandy Falcons,LD Chandimal,KIC Asalanka,PWH de Silva,1,0,,,,,,,,,
1324541,2022/23,2022-12-22,"R Premadasa Stadium, Colombo",2,6.2,Colombo Stars,Kandy Falcons,KIC Asalanka,LD Chandimal,PWH de Silva,1,0,,,,,,,,,
1324541,2022/23,2022-12-22,"R Premadasa Stadium, Colombo",2,6.3,Colombo Stars,Kandy Falcons,LD Chandimal,KIC Asalanka,PWH de Silva,1,0,,,,,,,,,
1324541,2022/23,2022-12-22,"R Premadasa Stadium, Colombo",2,6.4,Colombo Stars,Kandy Falcons,KIC Asalanka,LD Chandimal,PWH de Silva,6,0,,,,,,,,,
1324541,2022/23,2022-12-22,"R Premadasa Stadium, Colombo",2,6.5,Colombo Stars,Kandy Falcons,KIC Asalanka,LD Chandimal,PWH de Silva,0,0,,,,,,,,,
1324541,2022/23,2022-12-22,"R Premadasa Stadium, Colombo",2,6.6,Colombo Stars,Kandy Falcons,KIC Asalanka,LD Chandimal,PWH de Silva,2,0,,,,,,,,,
1324541,2022/23,2022-12-22,"R Premadasa Stadium, Colombo",2,7.1,Colombo Stars,Kandy Falcons,LD Chandimal,KIC Asalanka,O Thomas,0,1,1,,,,,,,,
1324541,2022/23,2022-12-22,"R Premadasa Stadium, Colombo",2,7.2,Colombo Stars,Kandy Falcons,LD Chandimal,KIC Asalanka,O Thomas,1,0,,,,,,,,,
1324541,2022/23,2022-12-22,"R Premadasa Stadium, Colombo",2,7.3,Colombo Stars,Kandy Falcons,KIC Asalanka,LD Chandimal,O Thomas,1,0,,,,,,,,,
1324541,2022/23,2022-12-22,"R Premadasa Stadium, Colombo",2,7.4,Colombo Stars,Kandy Falcons,LD Chandimal,KIC Asalanka,O Thomas,4,0,,,,,,,,,
1324541,2022/23,2022-12-22,"R Premadasa Stadium, Colombo",2,7.5,Colombo Stars,Kandy Falcons,LD Chandimal,KIC Asalanka,O Thomas,6,0,,,,,,,,,
1324541,2022/23,2022-12-22,"R Premadasa Stadium, Colombo",2,7.6,Colombo Stars,Kandy Falcons,LD Chandimal,KIC Asalanka,O Thomas,1,0,,,,,,,,,
1324541,2022/23,2022-12-22,"R Premadasa Stadium, Colombo",2,7.7,Colombo Stars,Kandy Falcons,KIC Asalanka,LD Chandimal,O Thomas,0,1,,1,,,,,,,
1324541,2022/23,2022-12-22,"R Premadasa Stadium, Colombo",2,7.8,Colombo Stars,Kandy Falcons,KIC Asalanka,LD Chandimal,O Thomas,4,0,,,,,,,,,
1324541,2022/23,2022-12-22,"R Premadasa Stadium, Colombo",2,8.1,Colombo Stars,Kandy Falcons,LD Chandimal,KIC Asalanka,PWH de Silva,1,0,,,,,,,,,
1324541,2022/23,2022-12-22,"R Premadasa Stadium, Colombo",2,8.2,Colombo Stars,Kandy Falcons,KIC Asalanka,LD Chandimal,PWH de Silva,1,0,,,,,,,,,
1324541,2022/23,2022-12-22,"R Premadasa Stadium, Colombo",2,8.3,Colombo Stars,Kandy Falcons,LD Chandimal,KIC Asalanka,PWH de Silva,0,0,,,,,,,,,
1324541,2022/23,2022-12-22,"R Premadasa Stadium, Colombo",2,8.4,Colombo Stars,Kandy Falcons,LD Chandimal,KIC Asalanka,PWH de Silva,1,0,,,,,,,,,
1324541,2022/23,2022-12-22,"R Premadasa Stadium, Colombo",2,8.5,Colombo Stars,Kandy Falcons,KIC Asalanka,LD Chandimal,PWH de Silva,0,0,,,,,,,,,
1324541,2022/23,2022-12-22,"R Premadasa Stadium, Colombo",2,8.6,Colombo Stars,Kandy Falcons,KIC Asalanka,LD Chandimal,PWH de Silva,0,0,,,,,,,,,
1324541,2022/23,2022-12-22,"R Premadasa Stadium, Colombo",2,9.1,Colombo Stars,Kandy Falcons,LD Chandimal,KIC Asalanka,FA Allen,2,0,,,,,,,,,
1324541,2022/23,2022-12-22,"R Premadasa Stadium, Colombo",2,9.2,Colombo Stars,Kandy Falcons,LD Chandimal,KIC Asalanka,FA Allen,0,0,,,,,,,,,
1324541,2022/23,2022-12-22,"R Premadasa Stadium, Colombo",2,9.3,Colombo Stars,Kandy Falcons,LD Chandimal,KIC Asalanka,FA Allen,1,0,,,,,,,,,
1324541,2022/23,2022-12-22,"R Premadasa Stadium, Colombo",2,9.4,Colombo Stars,Kandy Falcons,KIC Asalanka,LD Chandimal,FA Allen,1,0,,,,,,,,,
1324541,2022/23,2022-12-22,"R Premadasa Stadium, Colombo",2,9.5,Colombo Stars,Kandy Falcons,LD Chandimal,KIC Asalanka,FA Allen,1,0,,,,,,,,,
1324541,2022/23,2022-12-22,"R Premadasa Stadium, Colombo",2,9.6,Colombo Stars,Kandy Falcons,KIC Asalanka,LD Chandimal,FA Allen,1,0,,,,,,,,,
1324541,2022/23,2022-12-22,"R Premadasa Stadium, Colombo",2,10.1,Colombo Stars,Kandy Falcons,KIC Asalanka,LD Chandimal,PHKD Mendis,0,0,,,,,,,,,
1324541,2022/23,2022-12-22,"R Premadasa Stadium, Colombo",2,10.2,Colombo Stars,Kandy Falcons,KIC Asalanka,LD Chandimal,PHKD Mendis,1,0,,,,,,,,,
1324541,2022/23,2022-12-22,"R Premadasa Stadium, Colombo",2,10.3,Colombo Stars,Kandy Falcons,LD Chandimal,KIC Asalanka,PHKD Mendis,1,0,,,,,,,,,
1324541,2022/23,2022-12-22,"R Premadasa Stadium, Colombo",2,10.4,Colombo Stars,Kandy Falcons,KIC Asalanka,LD Chandimal,PHKD Mendis,4,0,,,,,,,,,
1324541,2022/23,2022-12-22,"R Premadasa Stadium, Colombo",2,10.5,Colombo Stars,Kandy Falcons,KIC Asalanka,LD Chandimal,PHKD Mendis,0,0,,,,,,,,,
1324541,2022/23,2022-12-22,"R Premadasa Stadium, Colombo",2,10.6,Colombo Stars,Kandy Falcons,KIC Asalanka,LD Chandimal,PHKD Mendis,1,0,,,,,,,,,
1324541,2022/23,2022-12-22,"R Premadasa Stadium, Colombo",2,11.1,Colombo Stars,Kandy Falcons,KIC Asalanka,LD Chandimal,FA Allen,0,0,,,,,,,,,
1324541,2022/23,2022-12-22,"R Premadasa Stadium, Colombo",2,11.2,Colombo Stars,Kandy Falcons,KIC Asalanka,LD Chandimal,FA Allen,1,0,,,,,,,,,
1324541,2022/23,2022-12-22,"R Premadasa Stadium, Colombo",2,11.3,Colombo Stars,Kandy Falcons,LD Chandimal,KIC Asalanka,FA Allen,1,0,,,,,,,,,
1324541,2022/23,2022-12-22,"R Premadasa Stadium, Colombo",2,11.4,Colombo Stars,Kandy Falcons,KIC Asalanka,LD Chandimal,FA Allen,4,0,,,,,,,,,
1324541,2022/23,2022-12-22,"R Premadasa Stadium, Colombo",2,11.5,Colombo Stars,Kandy Falcons,KIC Asalanka,LD Chandimal,FA Allen,1,0,,,,,,,,,
1324541,2022/23,2022-12-22,"R Premadasa Stadium, Colombo",2,11.6,Colombo Stars,Kandy Falcons,LD Chandimal,KIC Asalanka,FA Allen,1,0,,,,,,,,,
1324541,2022/23,2022-12-22,"R Premadasa Stadium, Colombo",2,12.1,Colombo Stars,Kandy Falcons,LD Chandimal,KIC Asalanka,PHKD Mendis,1,0,,,,,,,,,
1324541,2022/23,2022-12-22,"R Premadasa Stadium, Colombo",2,12.2,Colombo Stars,Kandy Falcons,KIC Asalanka,LD Chandimal,PHKD Mendis,1,0,,,,,,,,,
1324541,2022/23,2022-12-22,"R Premadasa Stadium, Colombo",2,12.3,Colombo Stars,Kandy Falcons,LD Chandimal,KIC Asalanka,PHKD Mendis,0,0,,,,,,bowled,LD Chandimal,,
1324541,2022/23,2022-12-22,"R Premadasa Stadium, Colombo",2,12.4,Colombo Stars,Kandy Falcons,RS Bopara,KIC Asalanka,PHKD Mendis,1,0,,,,,,,,,
1324541,2022/23,2022-12-22,"R Premadasa Stadium, Colombo",2,12.5,Colombo Stars,Kandy Falcons,KIC Asalanka,RS Bopara,PHKD Mendis,1,0,,,,,,,,,
1324541,2022/23,2022-12-22,"R Premadasa Stadium, Colombo",2,12.6,Colombo Stars,Kandy Falcons,RS Bopara,KIC Asalanka,PHKD Mendis,2,0,,,,,,,,,
1324541,2022/23,2022-12-22,"R Premadasa Stadium, Colombo",2,13.1,Colombo Stars,Kandy Falcons,KIC Asalanka,RS Bopara,FA Allen,6,0,,,,,,,,,
1324541,2022/23,2022-12-22,"R Premadasa Stadium, Colombo",2,13.2,Colombo Stars,Kandy Falcons,KIC Asalanka,RS Bopara,FA Allen,1,0,,,,,,,,,
1324541,2022/23,2022-12-22,"R Premadasa Stadium, Colombo",2,13.3,Colombo Stars,Kandy Falcons,RS Bopara,KIC Asalanka,FA Allen,1,0,,,,,,,,,
1324541,2022/23,2022-12-22,"R Premadasa Stadium, Colombo",2,13.4,Colombo Stars,Kandy Falcons,KIC Asalanka,RS Bopara,FA Allen,4,0,,,,,,,,,
1324541,2022/23,2022-12-22,"R Premadasa Stadium, Colombo",2,13.5,Colombo Stars,Kandy Falcons,KIC Asalanka,RS Bopara,FA Allen,1,0,,,,,,run out,KIC Asalanka,,
1324541,2022/23,2022-12-22,"R Premadasa Stadium, Colombo",2,13.6,Colombo Stars,Kandy Falcons,DC Drakes,RS Bopara,FA Allen,1,0,,,,,,,,,
1324541,2022/23,2022-12-22,"R Premadasa Stadium, Colombo",2,14.1,Colombo Stars,Kandy Falcons,DC Drakes,RS Bopara,PHKD Mendis,1,0,,,,,,,,,
1324541,2022/23,2022-12-22,"R Premadasa Stadium, Colombo",2,14.2,Colombo Stars,Kandy Falcons,RS Bopara,DC Drakes,PHKD Mendis,1,0,,,,,,,,,
1324541,2022/23,2022-12-22,"R Premadasa Stadium, Colombo",2,14.3,Colombo Stars,Kandy Falcons,DC Drakes,RS Bopara,PHKD Mendis,0,1,1,,,,,,,,
1324541,2022/23,2022-12-22,"R Premadasa Stadium, Colombo",2,14.4,Colombo Stars,Kandy Falcons,DC Drakes,RS Bopara,PHKD Mendis,0,0,,,,,,,,,
1324541,2022/23,2022-12-22,"R Premadasa Stadium, Colombo",2,14.5,Colombo Stars,Kandy Falcons,DC Drakes,RS Bopara,PHKD Mendis,0,0,,,,,,caught,DC Drakes,,
1324541,2022/23,2022-12-22,"R Premadasa Stadium, Colombo",2,14.6,Colombo Stars,Kandy Falcons,AD Mathews,RS Bopara,PHKD Mendis,0,0,,,,,,,,,
1324541,2022/23,2022-12-22,"R Premadasa Stadium, Colombo",2,14.7,Colombo Stars,Kandy Falcons,AD Mathews,RS Bopara,PHKD Mendis,1,0,,,,,,,,,
1324541,2022/23,2022-12-22,"R Premadasa Stadium, Colombo",2,15.1,Colombo Stars,Kandy Falcons,AD Mathews,RS Bopara,PWH de Silva,1,0,,,,,,,,,
1324541,2022/23,2022-12-22,"R Premadasa Stadium, Colombo",2,15.2,Colombo Stars,Kandy Falcons,RS Bopara,AD Mathews,PWH de Silva,1,0,,,,,,,,,
1324541,2022/23,2022-12-22,"R Premadasa Stadium, Colombo",2,15.3,Colombo Stars,Kandy Falcons,AD Mathews,RS Bopara,PWH de Silva,1,0,,,,,,,,,
1324541,2022/23,2022-12-22,"R Premadasa Stadium, Colombo",2,15.4,Colombo Stars,Kandy Falcons,RS Bopara,AD Mathews,PWH de Silva,1,0,,,,,,,,,
1324541,2022/23,2022-12-22,"R Premadasa Stadium, Colombo",2,15.5,Colombo Stars,Kandy Falcons,AD Mathews,RS Bopara,PWH de Silva,1,0,,,,,,,,,
1324541,2022/23,2022-12-22,"R Premadasa Stadium, Colombo",2,15.6,Colombo Stars,Kandy Falcons,RS Bopara,AD Mathews,PWH de Silva,0,0,,,,,,,,,
1324541,2022/23,2022-12-22,"R Premadasa Stadium, Colombo",2,16.1,Colombo Stars,Kandy Falcons,AD Mathews,RS Bopara,PHKD Mendis,1,0,,,,,,,,,
1324541,2022/23,2022-12-22,"R Premadasa Stadium, Colombo",2,16.2,Colombo Stars,Kandy Falcons,RS Bopara,AD Mathews,PHKD Mendis,1,0,,,,,,,,,
1324541,2022/23,2022-12-22,"R Premadasa Stadium, Colombo",2,16.3,Colombo Stars,Kandy Falcons,AD Mathews,RS Bopara,PHKD Mendis,1,0,,,,,,,,,
1324541,2022/23,2022-12-22,"R Premadasa Stadium, Colombo",2,16.4,Colombo Stars,Kandy Falcons,RS Bopara,AD Mathews,PHKD Mendis,4,0,,,,,,,,,
1324541,2022/23,2022-12-22,"R Premadasa Stadium, Colombo",2,16.5,Colombo Stars,Kandy Falcons,RS Bopara,AD Mathews,PHKD Mendis,1,0,,,,,,,,,
1324541,2022/23,2022-12-22,"R Premadasa Stadium, Colombo",2,16.6,Colombo Stars,Kandy Falcons,AD Mathews,RS Bopara,PHKD Mendis,1,0,,,,,,,,,
1324541,2022/23,2022-12-22,"R Premadasa Stadium, Colombo",2,17.1,Colombo Stars,Kandy Falcons,AD Mathews,RS Bopara,PWH de Silva,0,0,,,,,,,,,
1324541,2022/23,2022-12-22,"R Premadasa Stadium, Colombo",2,17.2,Colombo Stars,Kandy Falcons,AD Mathews,RS Bopara,PWH de Silva,1,0,,,,,,,,,
1324541,2022/23,2022-12-22,"R Premadasa Stadium, Colombo",2,17.3,Colombo Stars,Kandy Falcons,RS Bopara,AD Mathews,PWH de Silva,6,0,,,,,,,,,
1324541,2022/23,2022-12-22,"R Premadasa Stadium, Colombo",2,17.4,Colombo Stars,Kandy Falcons,RS Bopara,AD Mathews,PWH de Silva,1,0,,,,,,,,,
1324541,2022/23,2022-12-22,"R Premadasa Stadium, Colombo",2,17.5,Colombo Stars,Kandy Falcons,AD Mathews,RS Bopara,PWH de Silva,6,0,,,,,,,,,
1324541,2022/23,2022-12-22,"R Premadasa Stadium, Colombo",2,17.6,Colombo Stars,Kandy Falcons,AD Mathews,RS Bopara,PWH de Silva,6,0,,,,,,,,,
1324541,2022/23,2022-12-22,"R Premadasa Stadium, Colombo",2,18.1,Colombo Stars,Kandy Falcons,RS Bopara,AD Mathews,FA Allen,4,0,,,,,,,,,
1324541,2022/23,2022-12-22,"R Premadasa Stadium, Colombo",2,18.2,Colombo Stars,Kandy Falcons,RS Bopara,AD Mathews,FA Allen,0,0,,,,,,,,,
1324541,2022/23,2022-12-22,"R Premadasa Stadium, Colombo",2,18.3,Colombo Stars,Kandy Falcons,RS Bopara,AD Mathews,FA Allen,1,0,,,,,,,,,
1324541,2022/23,2022-12-22,"R Premadasa Stadium, Colombo",2,18.4,Colombo Stars,Kandy Falcons,AD Mathews,RS Bopara,FA Allen,1,0,,,,,,,,,
1324541,2022/23,2022-12-22,"R Premadasa Stadium, Colombo",2,18.5,Colombo Stars,Kandy Falcons,RS Bopara,AD Mathews,FA Allen,4,0,,,,,,,,,
