match_id,season,start_date,venue,innings,ball,batting_team,bowling_team,striker,non_striker,bowler,runs_off_bat,extras,wides,noballs,byes,legbyes,penalty,wicket_type,player_dismissed,other_wicket_type,other_player_dismissed
1324539,2022/23,2022-12-21,"R Premadasa Stadium, Colombo",1,0.1,Kandy Falcons,Jaffna Kings,P Nissanka,ADS Fletcher,NLTC Perera,0,1,1,,,,,,,,
1324539,2022/23,2022-12-21,"R Premadasa Stadium, Colombo",1,0.2,Kandy Falcons,Jaffna Kings,P Nissanka,ADS Fletcher,NLTC Perera,1,0,,,,,,,,,
1324539,2022/23,2022-12-21,"R Premadasa Stadium, Colombo",1,0.3,Kandy Falcons,Jaffna Kings,ADS Fletcher,P Nissanka,NLTC Perera,1,0,,,,,,,,,
1324539,2022/23,2022-12-21,"R Premadasa Stadium, Colombo",1,0.4,Kandy Falcons,Jaffna Kings,P Nissanka,ADS Fletcher,NLTC Perera,0,0,,,,,,,,,
1324539,2022/23,2022-12-21,"R Premadasa Stadium, Colombo",1,0.5,Kandy Falcons,Jaffna Kings,P Nissanka,ADS Fletcher,NLTC Perera,0,0,,,,,,,,,
1324539,2022/23,2022-12-21,"R Premadasa Stadium, Colombo",1,0.6,Kandy Falcons,Jaffna Kings,P Nissanka,ADS Fletcher,NLTC Perera,0,0,,,,,,,,,
1324539,2022/23,2022-12-21,"R Premadasa Stadium, Colombo",1,0.7,Kandy Falcons,Jaffna Kings,P Nissanka,ADS Fletcher,NLTC Perera,4,0,,,,,,,,,
1324539,2022/23,2022-12-21,"R Premadasa Stadium, Colombo",1,1.1,Kandy Falcons,Jaffna Kings,ADS Fletcher,P Nissanka,B Fernando,0,0,,,,,,,,,
1324539,2022/23,2022-12-21,"R Premadasa Stadium, Colombo",1,1.2,Kandy Falcons,Jaffna Kings,ADS Fletcher,P Nissanka,B Fernando,0,0,,,,,,,,,
1324539,2022/23,2022-12-21,"R Premadasa Stadium, Colombo",1,1.3,Kandy Falcons,Jaffna Kings,ADS Fletcher,P Nissanka,B Fernando,0,0,,,,,,,,,
1324539,2022/23,2022-12-21,"R Premadasa Stadium, Colombo",1,1.4,Kandy Falcons,Jaffna Kings,ADS Fletcher,P Nissanka,B Fernando,1,0,,,,,,,,,
1324539,2022/23,2022-12-21,"R Premadasa Stadium, Colombo",1,1.5,Kandy Falcons,Jaffna Kings,P Nissanka,ADS Fletcher,B Fernando,0,0,,,,,,,,,
1324539,2022/23,2022-12-21,"R Premadasa Stadium, Colombo",1,1.6,Kandy Falcons,Jaffna Kings,P Nissanka,ADS Fletcher,B Fernando,0,0,,,,,,,,,
1324539,2022/23,2022-12-21,"R Premadasa Stadium, Colombo",1,2.1,Kandy Falcons,Jaffna Kings,ADS Fletcher,P Nissanka,NLTC Perera,0,0,,,,,,caught,ADS Fletcher,,
1324539,2022/23,2022-12-21,"R Premadasa Stadium, Colombo",1,2.2,Kandy Falcons,Jaffna Kings,PHKD Mendis,P Nissanka,NLTC Perera,4,0,,,,,,,,,
1324539,2022/23,2022-12-21,"R Premadasa Stadium, Colombo",1,2.3,Kandy Falcons,Jaffna Kings,PHKD Mendis,P Nissanka,NLTC Perera,4,0,,,,,,,,,
1324539,2022/23,2022-12-21,"R Premadasa Stadium, Colombo",1,2.4,Kandy Falcons,Jaffna Kings,PHKD Mendis,P Nissanka,NLTC Perera,0,0,,,,,,,,,
1324539,2022/23,2022-12-21,"R Premadasa Stadium, Colombo",1,2.5,Kandy Falcons,Jaffna Kings,PHKD Mendis,P Nissanka,NLTC Perera,2,0,,,,,,,,,
1324539,2022/23,2022-12-21,"R Premadasa Stadium, Colombo",1,2.6,Kandy Falcons,Jaffna Kings,PHKD Mendis,P Nissanka,NLTC Perera,0,0,,,,,,,,,
1324539,2022/23,2022-12-21,"R Premadasa Stadium, Colombo",1,3.1,Kandy Falcons,Jaffna Kings,P Nissanka,PHKD Mendis,Zaman Khan,4,0,,,,,,,,,
1324539,2022/23,2022-12-21,"R Premadasa Stadium, Colombo",1,3.2,Kandy Falcons,Jaffna Kings,P Nissanka,PHKD Mendis,Zaman Khan,0,0,,,,,,,,,
1324539,2022/23,2022-12-21,"R Premadasa Stadium, Colombo",1,3.3,Kandy Falcons,Jaffna Kings,P Nissanka,PHKD Mendis,Zaman Khan,0,0,,,,,,,,,
1324539,2022/23,2022-12-21,"R Premadasa Stadium, Colombo",1,3.4,Kandy Falcons,Jaffna Kings,P Nissanka,PHKD Mendis,Zaman Khan,4,0,,,,,,,,,
1324539,2022/23,2022-12-21,"R Premadasa Stadium, Colombo",1,3.5,Kandy Falcons,Jaffna Kings,P Nissanka,PHKD Mendis,Zaman Khan,0,0,,,,,,,,,
1324539,2022/23,2022-12-21,"R Premadasa Stadium, Colombo",1,3.6,Kandy Falcons,Jaffna Kings,P Nissanka,PHKD Mendis,Zaman Khan,2,0,,,,,,,,,
1324539,2022/23,2022-12-21,"R Premadasa Stadium, Colombo",1,4.1,Kandy Falcons,Jaffna Kings,PHKD Mendis,P Nissanka,M Theekshana,1,0,,,,,,,,,
1324539,2022/23,2022-12-21,"R Premadasa Stadium, Colombo",1,4.2,Kandy Falcons,Jaffna Kings,P Nissanka,PHKD Mendis,M Theekshana,0,0,,,,,,,,,
1324539,2022/23,2022-12-21,"R Premadasa Stadium, Colombo",1,4.3,Kandy Falcons,Jaffna Kings,P Nissanka,PHKD Mendis,M Theekshana,0,0,,,,,,,,,
1324539,2022/23,2022-12-21,"R Premadasa Stadium, Colombo",1,4.4,Kandy Falcons,Jaffna Kings,P Nissanka,PHKD Mendis,M Theekshana,4,0,,,,,,,,,
1324539,2022/23,2022-12-21,"R Premadasa Stadium, Colombo",1,4.5,Kandy Falcons,Jaffna Kings,P Nissanka,PHKD Mendis,M Theekshana,1,0,,,,,,,,,
1324539,2022/23,2022-12-21,"R Premadasa Stadium, Colombo",1,4.6,Kandy Falcons,Jaffna Kings,PHKD Mendis,P Nissanka,M Theekshana,0,0,,,,,,,,,
1324539,2022/23,2022-12-21,"R Premadasa Stadium, Colombo",1,5.1,Kandy Falcons,Jaffna Kings,P Nissanka,PHKD Mendis,B Fernando,0,0,,,,,,,,,
1324539,2022/23,2022-12-21,"R Premadasa Stadium, Colombo",1,5.2,Kandy Falcons,Jaffna Kings,P Nissanka,PHKD Mendis,B Fernando,0,0,,,,,,,,,
1324539,2022/23,2022-12-21,"R Premadasa Stadium, Colombo",1,5.3,Kandy Falcons,Jaffna Kings,P Nissanka,PHKD Mendis,B Fernando,0,1,1,,,,,,,,
1324539,2022/23,2022-12-21,"R Premadasa Stadium, Colombo",1,5.4,Kandy Falcons,Jaffna Kings,P Nissanka,PHKD Mendis,B Fernando,1,0,,,,,,,,,
1324539,2022/23,2022-12-21,"R Premadasa Stadium, Colombo",1,5.5,Kandy Falcons,Jaffna Kings,PHKD Mendis,P Nissanka,B Fernando,2,0,,,,,,,,,
1324539,2022/23,2022-12-21,"R Premadasa Stadium, Colombo",1,5.6,Kandy Falcons,Jaffna Kings,PHKD Mendis,P Nissanka,B Fernando,0,0,,,,,,,,,
1324539,2022/23,2022-12-21,"R Premadasa Stadium, Colombo",1,5.7,Kandy Falcons,Jaffna Kings,PHKD Mendis,P Nissanka,B Fernando,1,0,,,,,,,,,
1324539,2022/23,2022-12-21,"R Premadasa Stadium, Colombo",1,6.1,Kandy Falcons,Jaffna Kings,PHKD Mendis,P Nissanka,M Theekshana,0,4,,,,4,,,,,
1324539,2022/23,2022-12-21,"R Premadasa Stadium, Colombo",1,6.2,Kandy Falcons,Jaffna Kings,PHKD Mendis,P Nissanka,M Theekshana,1,0,,,,,,,,,
1324539,2022/23,2022-12-21,"R Premadasa Stadium, Colombo",1,6.3,Kandy Falcons,Jaffna Kings,P Nissanka,PHKD Mendis,M Theekshana,1,0,,,,,,,,,
1324539,2022/23,2022-12-21,"R Premadasa Stadium, Colombo",1,6.4,Kandy Falcons,Jaffna Kings,PHKD Mendis,P Nissanka,M Theekshana,1,0,,,,,,,,,
1324539,2022/23,2022-12-21,"R Premadasa Stadium, Colombo",1,6.5,Kandy Falcons,Jaffna Kings,P Nissanka,PHKD Mendis,M Theekshana,1,0,,,,,,,,,
1324539,2022/23,2022-12-21,"R Premadasa Stadium, Colombo",1,6.6,Kandy Falcons,Jaffna Kings,PHKD Mendis,P Nissanka,M Theekshana,2,0,,,,,,,,,
1324539,2022/23,2022-12-21,"R Premadasa Stadium, Colombo",1,7.1,Kandy Falcons,Jaffna Kings,P Nissanka,PHKD Mendis,V Viyaskanth,1,0,,,,,,,,,
1324539,2022/23,2022-12-21,"R Premadasa Stadium, Colombo",1,7.2,Kandy Falcons,Jaffna Kings,PHKD Mendis,P Nissanka,V Viyaskanth,0,0,,,,,,,,,
1324539,2022/23,2022-12-21,"R Premadasa Stadium, Colombo",1,7.3,Kandy Falcons,Jaffna Kings,PHKD Mendis,P Nissanka,V Viyaskanth,4,0,,,,,,,,,
1324539,2022/23,2022-12-21,"R Premadasa Stadium, Colombo",1,7.4,Kandy Falcons,Jaffna Kings,PHKD Mendis,P Nissanka,V Viyaskanth,1,0,,,,,,,,,
1324539,2022/23,2022-12-21,"R Premadasa Stadium, Colombo",1,7.5,Kandy Falcons,Jaffna Kings,P Nissanka,PHKD Mendis,V Viyaskanth,2,0,,,,,,,,,
1324539,2022/23,2022-12-21,"R Premadasa Stadium, Colombo",1,7.6,Kandy Falcons,Jaffna Kings,P Nissanka,PHKD Mendis,V Viyaskanth,1,0,,,,,,,,,
1324539,2022/23,2022-12-21,"R Premadasa Stadium, Colombo",1,8.1,Kandy Falcons,Jaffna Kings,P Nissanka,PHKD Mendis,Shoaib Malik,0,0,,,,,,,,,
1324539,2022/23,2022-12-21,"R Premadasa Stadium, Colombo",1,8.2,Kandy Falcons,Jaffna Kings,P Nissanka,PHKD Mendis,Shoaib Malik,4,0,,,,,,,,,
1324539,2022/23,2022-12-21,"R Premadasa Stadium, Colombo",1,8.3,Kandy Falcons,Jaffna Kings,P Nissanka,PHKD Mendis,Shoaib Malik,1,0,,,,,,,,,
1324539,2022/23,2022-12-21,"R Premadasa Stadium, Colombo",1,8.4,Kandy Falcons,Jaffna Kings,PHKD Mendis,P Nissanka,Shoaib Malik,1,0,,,,,,,,,
1324539,2022/23,2022-12-21,"R Premadasa Stadium, Colombo",1,8.5,Kandy Falcons,Jaffna Kings,P Nissanka,PHKD Mendis,Shoaib Malik,1,0,,,,,,,,,
1324539,2022/23,2022-12-21,"R Premadasa Stadium, Colombo",1,8.6,Kandy Falcons,Jaffna Kings,PHKD Mendis,P Nissanka,Shoaib Malik,2,0,,,,,,,,,
1324539,2022/23,2022-12-21,"R Premadasa Stadium, Colombo",1,9.1,Kandy Falcons,Jaffna Kings,P Nissanka,PHKD Mendis,V Viyaskanth,2,0,,,,,,,,,
1324539,2022/23,2022-12-21,"R Premadasa Stadium, Colombo",1,9.2,Kandy Falcons,Jaffna Kings,P Nissanka,PHKD Mendis,V Viyaskanth,0,0,,,,,,bowled,P Nissanka,,
1324539,2022/23,2022-12-21,"R Premadasa Stadium, Colombo",1,9.3,Kandy Falcons,Jaffna Kings,KNA Bandara,PHKD Mendis,V Viyaskanth,1,0,,,,,,,,,
1324539,2022/23,2022-12-21,"R Premadasa Stadium, Colombo",1,9.4,Kandy Falcons,Jaffna Kings,PHKD Mendis,KNA Bandara,V Viyaskanth,0,0,,,,,,,,,
1324539,2022/23,2022-12-21,"R Premadasa Stadium, Colombo",1,9.5,Kandy Falcons,Jaffna Kings,PHKD Mendis,KNA Bandara,V Viyaskanth,0,0,,,,,,caught,PHKD Mendis,,
1324539,2022/23,2022-12-21,"R Premadasa Stadium, Colombo",1,9.6,Kandy Falcons,Jaffna Kings,Najibullah Zadran,KNA Bandara,V Viyaskanth,2,0,,,,,,,,,
1324539,2022/23,2022-12-21,"R Premadasa Stadium, Colombo",1,10.1,Kandy Falcons,Jaffna Kings,KNA Bandara,Najibullah Zadran,Zaman Khan,2,0,,,,,,,,,
1324539,2022/23,2022-12-21,"R Premadasa Stadium, Colombo",1,10.2,Kandy Falcons,Jaffna Kings,KNA Bandara,Najibullah Zadran,Zaman Khan,0,0,,,,,,,,,
1324539,2022/23,2022-12-21,"R Premadasa Stadium, Colombo",1,10.3,Kandy Falcons,Jaffna Kings,KNA Bandara,Najibullah Zadran,Zaman Khan,0,0,,,,,,,,,
1324539,2022/23,2022-12-21,"R Premadasa Stadium, Colombo",1,10.4,Kandy Falcons,Jaffna Kings,KNA Bandara,Najibullah Zadran,Zaman Khan,4,0,,,,,,,,,
1324539,2022/23,2022-12-21,"R Premadasa Stadium, Colombo",1,10.5,Kandy Falcons,Jaffna Kings,KNA Bandara,Najibullah Zadran,Zaman Khan,1,0,,,,,,,,,
1324539,2022/23,2022-12-21,"R Premadasa Stadium, Colombo",1,10.6,Kandy Falcons,Jaffna Kings,Najibullah Zadran,KNA Bandara,Zaman Khan,1,0,,,,,,,,,
1324539,2022/23,2022-12-21,"R Premadasa Stadium, Colombo",1,11.1,Kandy Falcons,Jaffna Kings,Najibullah Zadran,KNA Bandara,V Viyaskanth,1,0,,,,,,,,,
1324539,2022/23,2022-12-21,"R Premadasa Stadium, Colombo",1,11.2,Kandy Falcons,Jaffna Kings,KNA Bandara,Najibullah Zadran,V Viyaskanth,1,0,,,,,,,,,
1324539,2022/23,2022-12-21,"R Premadasa Stadium, Colombo",1,11.3,Kandy Falcons,Jaffna Kings,Najibullah Zadran,KNA Bandara,V Viyaskanth,2,0,,,,,,,,,
1324539,2022/23,2022-12-21,"R Premadasa Stadium, Colombo",1,11.4,Kandy Falcons,Jaffna Kings,Najibullah Zadran,KNA Bandara,V Viyaskanth,0,0,,,,,,,,,
1324539,2022/23,2022-12-21,"R Premadasa Stadium, Colombo",1,11.5,Kandy Falcons,Jaffna Kings,Najibullah Zadran,KNA Bandara,V Viyaskanth,3,0,,,,,,,,,
1324539,2022/23,2022-12-21,"R Premadasa Stadium, Colombo",1,11.6,Kandy Falcons,Jaffna Kings,KNA Bandara,Najibullah Zadran,V Viyaskanth,0,0,,,,,,,,,
1324539,2022/23,2022-12-21,"R Premadasa Stadium, Colombo",1,12.1,Kandy Falcons,Jaffna Kings,Najibullah Zadran,KNA Bandara,Shoaib Malik,0,0,,,,,,,,,
1324539,2022/23,2022-12-21,"R Premadasa Stadium, Colombo",1,12.2,Kandy Falcons,Jaffna Kings,Najibullah Zadran,KNA Bandara,Shoaib Malik,1,0,,,,,,,,,
1324539,2022/23,2022-12-21,"R Premadasa Stadium, Colombo",1,12.3,Kandy Falcons,Jaffna Kings,KNA Bandara,Najibullah Zadran,Shoaib Malik,2,0,,,,,,,,,
1324539,2022/23,2022-12-21,"R Premadasa Stadium, Colombo",1,12.4,Kandy Falcons,Jaffna Kings,KNA Bandara,Najibullah Zadran,Shoaib Malik,0,0,,,,,,,,,
1324539,2022/23,2022-12-21,"R Premadasa Stadium, Colombo",1,12.5,Kandy Falcons,Jaffna Kings,KNA Bandara,Najibullah Zadran,Shoaib Malik,1,0,,,,,,,,,
1324539,2022/23,2022-12-21,"R Premadasa Stadium, Colombo",1,12.6,Kandy Falcons,Jaffna Kings,Najibullah Zadran,KNA Bandara,Shoaib Malik,1,0,,,,,,,,,
1324539,2022/23,2022-12-21,"R Premadasa Stadium, Colombo",1,13.1,Kandy Falcons,Jaffna Kings,Najibullah Zadran,KNA Bandara,V Viyaskanth,0,0,,,,,,,,,
1324539,2022/23,2022-12-21,"R Premadasa Stadium, Colombo",1,13.2,Kandy Falcons,Jaffna Kings,Najibullah Zadran,KNA Bandara,V Viyaskanth,1,0,,,,,,,,,
1324539,2022/23,2022-12-21,"R Premadasa Stadium, Colombo",1,13.3,Kandy Falcons,Jaffna Kings,KNA Bandara,Najibullah Zadran,V Viyaskanth,1,0,,,,,,,,,
1324539,2022/23,2022-12-21,"R Premadasa Stadium, Colombo",1,13.4,Kandy Falcons,Jaffna Kings,Najibullah Zadran,KNA Bandara,V Viyaskanth,6,0,,,,,,,,,
1324539,2022/23,2022-12-21,"R Premadasa Stadium, Colombo",1,13.5,Kandy Falcons,Jaffna Kings,Najibullah Zadran,KNA Bandara,V Viyaskanth,1,0,,,,,,,,,
1324539,2022/23,2022-12-21,"R Premadasa Stadium, Colombo",1,13.6,Kandy Falcons,Jaffna Kings,KNA Bandara,Najibullah Zadran,V Viyaskanth,0,0,,,,,,bowled,KNA Bandara,,
1324539,2022/23,2022-12-21,"R Premadasa Stadium, Colombo",1,14.1,Kandy Falcons,Jaffna Kings,Najibullah Zadran,PWH de Silva,M Theekshana,2,0,,,,,,,,,
1324539,2022/23,2022-12-21,"R Premadasa Stadium, Colombo",1,14.2,Kandy Falcons,Jaffna Kings,Najibullah Zadran,PWH de Silva,M Theekshana,0,0,,,,,,,,,
1324539,2022/23,2022-12-21,"R Premadasa Stadium, Colombo",1,14.3,Kandy Falcons,Jaffna Kings,Najibullah Zadran,PWH de Silva,M Theekshana,1,0,,,,,,,,,
1324539,2022/23,2022-12-21,"R Premadasa Stadium, Colombo",1,14.4,Kandy Falcons,Jaffna Kings,PWH de Silva,Najibullah Zadran,M Theekshana,1,0,,,,,,,,,
1324539,2022/23,2022-12-21,"R Premadasa Stadium, Colombo",1,14.5,Kandy Falcons,Jaffna Kings,Najibullah Zadran,PWH de Silva,M Theekshana,0,0,,,,,,,,,
1324539,2022/23,2022-12-21,"R Premadasa Stadium, Colombo",1,14.6,Kandy Falcons,Jaffna Kings,Najibullah Zadran,PWH de Silva,M Theekshana,0,1,1,,,,,stumped,Najibullah Zadran,,
1324539,2022/23,2022-12-21,"R Premadasa Stadium, Colombo",1,14.7,Kandy Falcons,Jaffna Kings,FA Allen,PWH de Silva,M Theekshana,4,0,,,,,,,,,
1324539,2022/23,2022-12-21,"R Premadasa Stadium, Colombo",1,15.1,Kandy Falcons,Jaffna Kings,PWH de Silva,FA Allen,Zaman Khan,0,1,1,,,,,,,,
1324539,2022/23,2022-12-21,"R Premadasa Stadium, Colombo",1,15.2,Kandy Falcons,Jaffna Kings,PWH de Silva,FA Allen,Zaman Khan,1,0,,,,,,,,,
1324539,2022/23,2022-12-21,"R Premadasa Stadium, Colombo",1,15.3,Kandy Falcons,Jaffna Kings,FA Allen,PWH de Silva,Zaman Khan,1,0,,,,,,,,,
1324539,2022/23,2022-12-21,"R Premadasa Stadium, Colombo",1,15.4,Kandy Falcons,Jaffna Kings,PWH de Silva,FA Allen,Zaman Khan,1,0,,,,,,,,,
1324539,2022/23,2022-12-21,"R Premadasa Stadium, Colombo",1,15.5,Kandy Falcons,Jaffna Kings,FA Allen,PWH de Silva,Zaman Khan,1,0,,,,,,,,,
1324539,2022/23,2022-12-21,"R Premadasa Stadium, Colombo",1,15.6,Kandy Falcons,Jaffna Kings,PWH de Silva,FA Allen,Zaman Khan,0,0,,,,,,caught,PWH de Silva,,
1324539,2022/23,2022-12-21,"R Premadasa Stadium, Colombo",1,15.7,Kandy Falcons,Jaffna Kings,CR Brathwaite,FA Allen,Zaman Khan,0,0,,,,,,,,,
1324539,2022/23,2022-12-21,"R Premadasa Stadium, Colombo",1,16.1,Kandy Falcons,Jaffna Kings,FA Allen,CR Brathwaite,M Theekshana,0,0,,,,,,caught,FA Allen,,
1324539,2022/23,2022-12-21,"R Premadasa Stadium, Colombo",1,16.2,Kandy Falcons,Jaffna Kings,C Karunaratne,CR Brathwaite,M Theekshana,1,0,,,,,,,,,
1324539,2022/23,2022-12-21,"R Premadasa Stadium, Colombo",1,16.3,Kandy Falcons,Jaffna Kings,CR Brathwaite,C Karunaratne,M Theekshana,1,0,,,,,,,,,
1324539,2022/23,2022-12-21,"R Premadasa Stadium, Colombo",1,16.4,Kandy Falcons,Jaffna Kings,C Karunaratne,CR Brathwaite,M Theekshana,0,0,,,,,,,,,
1324539,2022/23,2022-12-21,"R Premadasa Stadium, Colombo",1,16.5,Kandy Falcons,Jaffna Kings,C Karunaratne,CR Brathwaite,M Theekshana,0,0,,,,,,,,,
1324539,2022/23,2022-12-21,"R Premadasa Stadium, Colombo",1,16.6,Kandy Falcons,Jaffna Kings,C Karunaratne,CR Brathwaite,M Theekshana,1,0,,,,,,,,,
1324539,2022/23,2022-12-21,"R Premadasa Stadium, Colombo",1,17.1,Kandy Falcons,Jaffna Kings,C Karunaratne,CR Brathwaite,B Fernando,2,0,,,,,,,,,
1324539,2022/23,2022-12-21,"R Premadasa Stadium, Colombo",1,17.2,Kandy Falcons,Jaffna Kings,C Karunaratne,CR Brathwaite,B Fernando,1,0,,,,,,,,,
1324539,2022/23,2022-12-21,"R Premadasa Stadium, Colombo",1,17.3,Kandy Falcons,Jaffna Kings,CR Brathwaite,C Karunaratne,B Fernando,1,0,,,,,,,,,
1324539,2022/23,2022-12-21,"R Premadasa Stadium, Colombo",1,17.4,Kandy Falcons,Jaffna Kings,C Karunaratne,CR Brathwaite,B Fernando,1,0,,,,,,,,,
1324539,2022/23,2022-12-21,"R Premadasa Stadium, Colombo",1,17.5,Kandy Falcons,Jaffna Kings,CR Brathwaite,C Karunaratne,B Fernando,0,0,,,,,,,,,
1324539,2022/23,2022-12-21,"R Premadasa Stadium, Colombo",1,17.6,Kandy Falcons,Jaffna Kings,CR Brathwaite,C Karunaratne,B Fernando,2,0,,,,,,,,,
1324539,2022/23,2022-12-21,"R Premadasa Stadium, Colombo",1,18.1,Kandy Falcons,Jaffna Kings,C Karunaratne,CR Brathwaite,Zaman Khan,0,0,,,,,,,,,
1324539,2022/23,2022-12-21,"R Premadasa Stadium, Colombo",1,18.2,Kandy Falcons,Jaffna Kings,C Karunaratne,CR Brathwaite,Zaman Khan,2,0,,,,,,,,,
1324539,2022/23,2022-12-21,"R Premadasa Stadium, Colombo",1,18.3,Kandy Falcons,Jaffna Kings,C Karunaratne,CR Brathwaite,Zaman Khan,2,0,,,,,,,,,
1324539,2022/23,2022-12-21,"R Premadasa Stadium, Colombo",1,18.4,Kandy Falcons,Jaffna Kings,C Karunaratne,CR Brathwaite,Zaman Khan,1,0,,,,,,,,,
1324539,2022/23,2022-12-21,"R Premadasa Stadium, Colombo",1,18.5,Kandy Falcons,Jaffna Kings,CR Brathwaite,C Karunaratne,Zaman Khan,1,0,,,,,,,,,
1324539,2022/23,2022-12-21,"R Premadasa Stadium, Colombo",1,18.6,Kandy Falcons,Jaffna Kings,C Karunaratne,CR Brathwaite,Zaman Khan,2,0,,,,,,,,,
1324539,2022/23,2022-12-21,"R Premadasa Stadium, Colombo",1,19.1,Kandy Falcons,Jaffna Kings,CR Brathwaite,C Karunaratne,B Fernando,6,0,,,,,,,,,
1324539,2022/23,2022-12-21,"R Premadasa Stadium, Colombo",1,19.2,Kandy Falcons,Jaffna Kings,CR Brathwaite,C Karunaratne,B Fernando,1,0,,,,,,,,,
1324539,2022/23,2022-12-21,"R Premadasa Stadium, Colombo",1,19.3,Kandy Falcons,Jaffna Kings,C Karunaratne,CR Brathwaite,B Fernando,1,0,,,,,,,,,
1324539,2022/23,2022-12-21,"R Premadasa Stadium, Colombo",1,19.4,Kandy Falcons,Jaffna Kings,CR Brathwaite,C Karunaratne,B Fernando,0,0,,,,,,,,,
1324539,2022/23,2022-12-21,"R Premadasa Stadium, Colombo",1,19.5,Kandy Falcons,Jaffna Kings,CR Brathwaite,C Karunaratne,B Fernando,0,0,,,,,,caught,CR Brathwaite,,
1324539,2022/23,2022-12-21,"R Premadasa Stadium, Colombo",1,19.6,Kandy Falcons,Jaffna Kings,I Udana,C Karunaratne,B Fernando,2,0,,,,,,,,,
1324539,2022/23,2022-12-21,"R Premadasa Stadium, Colombo",2,0.1,Jaffna Kings,Kandy Falcons,Rahmanullah Gurbaz,WIA Fernando,I Udana,0,1,1,,,,,,,,
1324539,2022/23,2022-12-21,"R Premadasa Stadium, Colombo",2,0.2,Jaffna Kings,Kandy Falcons,Rahmanullah Gurbaz,WIA Fernando,I Udana,6,0,,,,,,,,,
1324539,2022/23,2022-12-21,"R Premadasa Stadium, Colombo",2,0.3,Jaffna Kings,Kandy Falcons,Rahmanullah Gurbaz,WIA Fernando,I Udana,0,5,5,,,,,,,,
1324539,2022/23,2022-12-21,"R Premadasa Stadium, Colombo",2,0.4,Jaffna Kings,Kandy Falcons,Rahmanullah Gurbaz,WIA Fernando,I Udana,0,1,1,,,,,,,,
1324539,2022/23,2022-12-21,"R Premadasa Stadium, Colombo",2,0.5,Jaffna Kings,Kandy Falcons,Rahmanullah Gurbaz,WIA Fernando,I Udana,0,0,,,,,,,,,
1324539,2022/23,2022-12-21,"R Premadasa Stadium, Colombo",2,0.6,Jaffna Kings,Kandy Falcons,Rahmanullah Gurbaz,WIA Fernando,I Udana,0,0,,,,,,,,,
1324539,2022/23,2022-12-21,"R Premadasa Stadium, Colombo",2,0.7,Jaffna Kings,Kandy Falcons,Rahmanullah Gurbaz,WIA Fernando,I Udana,1,0,,,,,,,,,
1324539,2022/23,2022-12-21,"R Premadasa Stadium, Colombo",2,0.8,Jaffna Kings,Kandy Falcons,WIA Fernando,Rahmanullah Gurbaz,I Udana,4,0,,,,,,,,,
1324539,2022/23,2022-12-21,"R Premadasa Stadium, Colombo",2,0.9,Jaffna Kings,Kandy Falcons,WIA Fernando,Rahmanullah Gurbaz,I Udana,0,0,,,,,,,,,
1324539,2022/23,2022-12-21,"R Premadasa Stadium, Colombo",2,1.1,Jaffna Kings,Kandy Falcons,Rahmanullah Gurbaz,WIA Fernando,CR Brathwaite,1,0,,,,,,,,,
1324539,2022/23,2022-12-21,"R Premadasa Stadium, Colombo",2,1.2,Jaffna Kings,Kandy Falcons,WIA Fernando,Rahmanullah Gurbaz,CR Brathwaite,1,0,,,,,,,,,
1324539,2022/23,2022-12-21,"R Premadasa Stadium, Colombo",2,1.3,Jaffna Kings,Kandy Falcons,Rahmanullah Gurbaz,WIA Fernando,CR Brathwaite,0,5,5,,,,,,,,
1324539,2022/23,2022-12-21,"R Premadasa Stadium, Colombo",2,1.4,Jaffna Kings,Kandy Falcons,Rahmanullah Gurbaz,WIA Fernando,CR Brathwaite,2,0,,,,,,,,,
1324539,2022/23,2022-12-21,"R Premadasa Stadium, Colombo",2,1.5,Jaffna Kings,Kandy Falcons,Rahmanullah Gurbaz,WIA Fernando,CR Brathwaite,0,0,,,,,,,,,
1324539,2022/23,2022-12-21,"R Premadasa Stadium, Colombo",2,1.6,Jaffna Kings,Kandy Falcons,Rahmanullah Gurbaz,WIA Fernando,CR Brathwaite,0,0,,,,,,caught,Rahmanullah Gurbaz,,
1324539,2022/23,2022-12-21,"R Premadasa Stadium, Colombo",2,1.7,Jaffna Kings,Kandy Falcons,Afif Hossain,WIA Fernando,CR Brathwaite,0,1,1,,,,,,,,
1324539,2022/23,2022-12-21,"R Premadasa Stadium, Colombo",2,1.8,Jaffna Kings,Kandy Falcons,Afif Hossain,WIA Fernando,CR Brathwaite,1,0,,,,,,,,,
1324539,2022/23,2022-12-21,"R Premadasa Stadium, Colombo",2,2.1,Jaffna Kings,Kandy Falcons,Afif Hossain,WIA Fernando,I Udana,4,0,,,,,,,,,
1324539,2022/23,2022-12-21,"R Premadasa Stadium, Colombo",2,2.2,Jaffna Kings,Kandy Falcons,Afif Hossain,WIA Fernando,I Udana,1,0,,,,,,,,,
1324539,2022/23,2022-12-21,"R Premadasa Stadium, Colombo",2,2.3,Jaffna Kings,Kandy Falcons,WIA Fernando,Afif Hossain,I Udana,0,0,,,,,,,,,
1324539,2022/23,2022-12-21,"R Premadasa Stadium, Colombo",2,2.4,Jaffna Kings,Kandy Falcons,WIA Fernando,Afif Hossain,I Udana,4,0,,,,,,,,,
1324539,2022/23,2022-12-21,"R Premadasa Stadium, Colombo",2,2.5,Jaffna Kings,Kandy Falcons,WIA Fernando,Afif Hossain,I Udana,0,0,,,,,,,,,
1324539,2022/23,2022-12-21,"R Premadasa Stadium, Colombo",2,2.6,Jaffna Kings,Kandy Falcons,WIA Fernando,Afif Hossain,I Udana,4,0,,,,,,,,,
1324539,2022/23,2022-12-21,"R Premadasa Stadium, Colombo",2,3.1,Jaffna Kings,Kandy Falcons,Afif Hossain,WIA Fernando,CR Brathwaite,0,1,1,,,,,,,,
1324539,2022/23,2022-12-21,"R Premadasa Stadium, Colombo",2,3.2,Jaffna Kings,Kandy Falcons,Afif Hossain,WIA Fernando,CR Brathwaite,3,0,,,,,,,,,
1324539,2022/23,2022-12-21,"R Premadasa Stadium, Colombo",2,3.3,Jaffna Kings,Kandy Falcons,WIA Fernando,Afif Hossain,CR Brathwaite,4,0,,,,,,,,,
1324539,2022/23,2022-12-21,"R Premadasa Stadium, Colombo",2,3.4,Jaffna Kings,Kandy Falcons,WIA Fernando,Afif Hossain,CR Brathwaite,0,0,,,,,,,,,
1324539,2022/23,2022-12-21,"R Premadasa Stadium, Colombo",2,3.5,Jaffna Kings,Kandy Falcons,WIA Fernando,Afif Hossain,CR Brathwaite,4,0,,,,,,,,,
1324539,2022/23,2022-12-21,"R Premadasa Stadium, Colombo",2,3.6,Jaffna Kings,Kandy Falcons,WIA Fernando,Afif Hossain,CR Brathwaite,0,0,,,,,,caught,WIA Fernando,,
1324539,2022/23,2022-12-21,"R Premadasa Stadium, Colombo",2,3.7,Jaffna Kings,Kandy Falcons,S Samarawickrama,Afif Hossain,CR Brathwaite,0,0,,,,,,,,,
1324539,2022/23,2022-12-21,"R Premadasa Stadium, Colombo",2,4.1,Jaffna Kings,Kandy Falcons,Afif Hossain,S Samarawickrama,C Karunaratne,0,1,1,,,,,,,,
1324539,2022/23,2022-12-21,"R Premadasa Stadium, Colombo",2,4.2,Jaffna Kings,Kandy Falcons,Afif Hossain,S Samarawickrama,C Karunaratne,4,0,,,,,,,,,
1324539,2022/23,2022-12-21,"R Premadasa Stadium, Colombo",2,4.3,Jaffna Kings,Kandy Falcons,Afif Hossain,S Samarawickrama,C Karunaratne,1,0,,,,,,,,,
1324539,2022/23,2022-12-21,"R Premadasa Stadium, Colombo",2,4.4,Jaffna Kings,Kandy Falcons,S Samarawickrama,Afif Hossain,C Karunaratne,0,1,1,,,,,,,,
1324539,2022/23,2022-12-21,"R Premadasa Stadium, Colombo",2,4.5,Jaffna Kings,Kandy Falcons,S Samarawickrama,Afif Hossain,C Karunaratne,1,0,,,,,,,,,
1324539,2022/23,2022-12-21,"R Premadasa Stadium, Colombo",2,4.6,Jaffna Kings,Kandy Falcons,Afif Hossain,S Samarawickrama,C Karunaratne,0,0,,,,,,,,,
1324539,2022/23,2022-12-21,"R Premadasa Stadium, Colombo",2,4.7,Jaffna Kings,Kandy Falcons,Afif Hossain,S Samarawickrama,C Karunaratne,0,0,,,,,,,,,
1324539,2022/23,2022-12-21,"R Premadasa Stadium, Colombo",2,4.8,Jaffna Kings,Kandy Falcons,Afif Hossain,S Samarawickrama,C Karunaratne,0,0,,,,,,caught and bowled,Afif Hossain,,
1324539,2022/23,2022-12-21,"R Premadasa Stadium, Colombo",2,5.1,Jaffna Kings,Kandy Falcons,S Samarawickrama,DN Wellalage,CR Brathwaite,1,0,,,,,,,,,
1324539,2022/23,2022-12-21,"R Premadasa Stadium, Colombo",2,5.2,Jaffna Kings,Kandy Falcons,DN Wellalage,S Samarawickrama,CR Brathwaite,0,0,,,,,,,,,
1324539,2022/23,2022-12-21,"R Premadasa Stadium, Colombo",2,5.3,Jaffna Kings,Kandy Falcons,DN Wellalage,S Samarawickrama,CR Brathwaite,4,0,,,,,,,,,
1324539,2022/23,2022-12-21,"R Premadasa Stadium, Colombo",2,5.4,Jaffna Kings,Kandy Falcons,DN Wellalage,S Samarawickrama,CR Brathwaite,0,0,,,,,,,,,
1324539,2022/23,2022-12-21,"R Premadasa Stadium, Colombo",2,5.5,Jaffna Kings,Kandy Falcons,DN Wellalage,S Samarawickrama,CR Brathwaite,4,0,,,,,,,,,
1324539,2022/23,2022-12-21,"R Premadasa Stadium, Colombo",2,5.6,Jaffna Kings,Kandy Falcons,DN Wellalage,S Samarawickrama,CR Brathwaite,0,0,,,,,,,,,
1324539,2022/23,2022-12-21,"R Premadasa Stadium, Colombo",2,6.1,Jaffna Kings,Kandy Falcons,S Samarawickrama,DN Wellalage,PWH de Silva,1,0,,,,,,,,,
1324539,2022/23,2022-12-21,"R Premadasa Stadium, Colombo",2,6.2,Jaffna Kings,Kandy Falcons,DN Wellalage,S Samarawickrama,PWH de Silva,1,0,,,,,,,,,
1324539,2022/23,2022-12-21,"R Premadasa Stadium, Colombo",2,6.3,Jaffna Kings,Kandy Falcons,S Samarawickrama,DN Wellalage,PWH de Silva,1,0,,,,,,,,,
1324539,2022/23,2022-12-21,"R Premadasa Stadium, Colombo",2,6.4,Jaffna Kings,Kandy Falcons,DN Wellalage,S Samarawickrama,PWH de Silva,0,0,,,,,,,,,
1324539,2022/23,2022-12-21,"R Premadasa Stadium, Colombo",2,6.5,Jaffna Kings,Kandy Falcons,DN Wellalage,S Samarawickrama,PWH de Silva,1,0,,,,,,,,,
1324539,2022/23,2022-12-21,"R Premadasa Stadium, Colombo",2,6.6,Jaffna Kings,Kandy Falcons,S Samarawickrama,DN Wellalage,PWH de Silva,1,0,,,,,,,,,
1324539,2022/23,2022-12-21,"R Premadasa Stadium, Colombo",2,7.1,Jaffna Kings,Kandy Falcons,S Samarawickrama,DN Wellalage,FA Allen,4,0,,,,,,,,,
1324539,2022/23,2022-12-21,"R Premadasa Stadium, Colombo",2,7.2,Jaffna Kings,Kandy Falcons,S Samarawickrama,DN Wellalage,FA Allen,1,0,,,,,,,,,
1324539,2022/23,2022-12-21,"R Premadasa Stadium, Colombo",2,7.3,Jaffna Kings,Kandy Falcons,DN Wellalage,S Samarawickrama,FA Allen,0,0,,,,,,,,,
1324539,2022/23,2022-12-21,"R Premadasa Stadium, Colombo",2,7.4,Jaffna Kings,Kandy Falcons,DN Wellalage,S Samarawickrama,FA Allen,1,0,,,,,,,,,
1324539,2022/23,2022-12-21,"R Premadasa Stadium, Colombo",2,7.5,Jaffna Kings,Kandy Falcons,S Samarawickrama,DN Wellalage,FA Allen,1,0,,,,,,,,,
1324539,2022/23,2022-12-21,"R Premadasa Stadium, Colombo",2,7.6,Jaffna Kings,Kandy Falcons,DN Wellalage,S Samarawickrama,FA Allen,1,0,,,,,,,,,
1324539,2022/23,2022-12-21,"R Premadasa Stadium, Colombo",2,8.1,Jaffna Kings,Kandy Falcons,DN Wellalage,S Samarawickrama,C Karunaratne,1,0,,,,,,,,,
1324539,2022/23,2022-12-21,"R Premadasa Stadium, Colombo",2,8.2,Jaffna Kings,Kandy Falcons,S Samarawickrama,DN Wellalage,C Karunaratne,0,1,1,,,,,,,,
1324539,2022/23,2022-12-21,"R Premadasa Stadium, Colombo",2,8.3,Jaffna Kings,Kandy Falcons,S Samarawickrama,DN Wellalage,C Karunaratne,1,0,,,,,,,,,
1324539,2022/23,2022-12-21,"R Premadasa Stadium, Colombo",2,8.4,Jaffna Kings,Kandy Falcons,DN Wellalage,S Samarawickrama,C Karunaratne,0,0,,,,,,,,,
1324539,2022/23,2022-12-21,"R Premadasa Stadium, Colombo",2,8.5,Jaffna Kings,Kandy Falcons,DN Wellalage,S Samarawickrama,C Karunaratne,0,0,,,,,,,,,
1324539,2022/23,2022-12-21,"R Premadasa Stadium, Colombo",2,8.6,Jaffna Kings,Kandy Falcons,DN Wellalage,S Samarawickrama,C Karunaratne,0,0,,,,,,,,,
1324539,2022/23,2022-12-21,"R Premadasa Stadium, Colombo",2,8.7,Jaffna Kings,Kandy Falcons,DN Wellalage,S Samarawickrama,C Karunaratne,2,0,,,,,,,,,
1324539,2022/23,2022-12-21,"R Premadasa Stadium, Colombo",2,9.1,Jaffna Kings,Kandy Falcons,S Samarawickrama,DN Wellalage,PWH de Silva,0,0,,,,,,,,,
1324539,2022/23,2022-12-21,"R Premadasa Stadium, Colombo",2,9.2,Jaffna Kings,Kandy Falcons,S Samarawickrama,DN Wellalage,PWH de Silva,0,0,,,,,,,,,
1324539,2022/23,2022-12-21,"R Premadasa Stadium, Colombo",2,9.3,Jaffna Kings,Kandy Falcons,S Samarawickrama,DN Wellalage,PWH de Silva,1,0,,,,,,,,,
1324539,2022/23,2022-12-21,"R Premadasa Stadium, Colombo",2,9.4,Jaffna Kings,Kandy Falcons,DN Wellalage,S Samarawickrama,PWH de Silva,0,0,,,,,,,,,
1324539,2022/23,2022-12-21,"R Premadasa Stadium, Colombo",2,9.5,Jaffna Kings,Kandy Falcons,DN Wellalage,S Samarawickrama,PWH de Silva,2,0,,,,,,,,,
1324539,2022/23,2022-12-21,"R Premadasa Stadium, Colombo",2,9.6,Jaffna Kings,Kandy Falcons,DN Wellalage,S Samarawickrama,PWH de Silva,0,0,,,,,,,,,
1324539,2022/23,2022-12-21,"R Premadasa Stadium, Colombo",2,10.1,Jaffna Kings,Kandy Falcons,S Samarawickrama,DN Wellalage,C Karunaratne,1,0,,,,,,,,,
1324539,2022/23,2022-12-21,"R Premadasa Stadium, Colombo",2,10.2,Jaffna Kings,Kandy Falcons,DN Wellalage,S Samarawickrama,C Karunaratne,0,0,,,,,,,,,
1324539,2022/23,2022-12-21,"R Premadasa Stadium, Colombo",2,10.3,Jaffna Kings,Kandy Falcons,DN Wellalage,S Samarawickrama,C Karunaratne,0,0,,,,,,,,,
1324539,2022/23,2022-12-21,"R Premadasa Stadium, Colombo",2,10.4,Jaffna Kings,Kandy Falcons,DN Wellalage,S Samarawickrama,C Karunaratne,1,0,,,,,,,,,
1324539,2022/23,2022-12-21,"R Premadasa Stadium, Colombo",2,10.5,Jaffna Kings,Kandy Falcons,S Samarawickrama,DN Wellalage,C Wijesinghe,0,1,1,,,,,,,,
1324539,2022/23,2022-12-21,"R Premadasa Stadium, Colombo",2,10.6,Jaffna Kings,Kandy Falcons,S Samarawickrama,DN Wellalage,C Wijesinghe,1,0,,,,,,,,,
1324539,2022/23,2022-12-21,"R Premadasa Stadium, Colombo",2,10.7,Jaffna Kings,Kandy Falcons,DN Wellalage,S Samarawickrama,C Wijesinghe,0,1,1,,,,,,,,
1324539,2022/23,2022-12-21,"R Premadasa Stadium, Colombo",2,10.8,Jaffna Kings,Kandy Falcons,DN Wellalage,S Samarawickrama,C Wijesinghe,1,0,,,,,,,,,
