match_id,season,start_date,venue,innings,ball,batting_team,bowling_team,striker,non_striker,bowler,runs_off_bat,extras,wides,noballs,byes,legbyes,penalty,wicket_type,player_dismissed,other_wicket_type,other_player_dismissed
1382886,2023,2023-08-05,Pallekele International Cricket Stadium,1,0.1,Jaffna Kings,B-Love Kandy,Rahmanullah Gurbaz,KIC Asalanka,AD Mathews,0,1,1,,,,,,,,
1382886,2023,2023-08-05,Pallekele International Cricket Stadium,1,0.2,Jaffna Kings,B-Love Kandy,Rahmanullah Gurbaz,KIC Asalanka,AD Mathews,0,0,,,,,,,,,
1382886,2023,2023-08-05,Pallekele International Cricket Stadium,1,0.3,Jaffna Kings,B-Love Kandy,Rahmanullah Gurbaz,KIC Asalanka,AD Mathews,0,1,1,,,,,,,,
1382886,2023,2023-08-05,Pallekele International Cricket Stadium,1,0.4,Jaffna Kings,B-Love Kandy,Rahmanullah Gurbaz,KIC Asalanka,AD Mathews,0,0,,,,,,,,,
1382886,2023,2023-08-05,Pallekele International Cricket Stadium,1,0.5,Jaffna Kings,B-Love Kandy,Rahmanullah Gurbaz,KIC Asalanka,AD Mathews,0,0,,,,,,,,,
1382886,2023,2023-08-05,Pallekele International Cricket Stadium,1,0.6,Jaffna Kings,B-Love Kandy,Rahmanullah Gurbaz,KIC Asalanka,AD Mathews,0,0,,,,,,,,,
1382886,2023,2023-08-05,Pallekele International Cricket Stadium,1,0.7,Jaffna Kings,B-Love Kandy,Rahmanullah Gurbaz,KIC Asalanka,AD Mathews,0,0,,,,,,caught,Rahmanullah Gurbaz,,
1382886,2023,2023-08-05,Pallekele International Cricket Stadium,1,0.8,Jaffna Kings,B-Love Kandy,Towhid Hridoy,KIC Asalanka,AD Mathews,0,0,,,,,,,,,
1382886,2023,2023-08-05,Pallekele International Cricket Stadium,1,1.1,Jaffna Kings,B-Love Kandy,KIC Asalanka,Towhid Hridoy,Mujeeb Ur Rahman,4,0,,,,,,,,,
1382886,2023,2023-08-05,Pallekele International Cricket Stadium,1,1.2,Jaffna Kings,B-Love Kandy,KIC Asalanka,Towhid Hridoy,Mujeeb Ur Rahman,0,0,,,,,,,,,
1382886,2023,2023-08-05,Pallekele International Cricket Stadium,1,1.3,Jaffna Kings,B-Love Kandy,KIC Asalanka,Towhid Hridoy,Mujeeb Ur Rahman,0,0,,,,,,,,,
1382886,2023,2023-08-05,Pallekele International Cricket Stadium,1,1.4,Jaffna Kings,B-Love Kandy,KIC Asalanka,Towhid Hridoy,Mujeeb Ur Rahman,0,0,,,,,,,,,
1382886,2023,2023-08-05,Pallekele International Cricket Stadium,1,1.5,Jaffna Kings,B-Love Kandy,KIC Asalanka,Towhid Hridoy,Mujeeb Ur Rahman,1,0,,,,,,,,,
1382886,2023,2023-08-05,Pallekele International Cricket Stadium,1,1.6,Jaffna Kings,B-Love Kandy,Towhid Hridoy,KIC Asalanka,Mujeeb Ur Rahman,0,0,,,,,,,,,
1382886,2023,2023-08-05,Pallekele International Cricket Stadium,1,2.1,Jaffna Kings,B-Love Kandy,KIC Asalanka,Towhid Hridoy,AD Mathews,0,0,,,,,,caught,KIC Asalanka,,
1382886,2023,2023-08-05,Pallekele International Cricket Stadium,1,2.2,Jaffna Kings,B-Love Kandy,DA Miller,Towhid Hridoy,AD Mathews,0,0,,,,,,,,,
1382886,2023,2023-08-05,Pallekele International Cricket Stadium,1,2.3,Jaffna Kings,B-Love Kandy,DA Miller,Towhid Hridoy,AD Mathews,0,0,,,,,,,,,
1382886,2023,2023-08-05,Pallekele International Cricket Stadium,1,2.4,Jaffna Kings,B-Love Kandy,DA Miller,Towhid Hridoy,AD Mathews,1,0,,,,,,,,,
1382886,2023,2023-08-05,Pallekele International Cricket Stadium,1,2.5,Jaffna Kings,B-Love Kandy,Towhid Hridoy,DA Miller,AD Mathews,4,0,,,,,,,,,
1382886,2023,2023-08-05,Pallekele International Cricket Stadium,1,2.6,Jaffna Kings,B-Love Kandy,Towhid Hridoy,DA Miller,AD Mathews,1,0,,,,,,,,,
1382886,2023,2023-08-05,Pallekele International Cricket Stadium,1,3.1,Jaffna Kings,B-Love Kandy,Towhid Hridoy,DA Miller,Mujeeb Ur Rahman,0,0,,,,,,,,,
1382886,2023,2023-08-05,Pallekele International Cricket Stadium,1,3.2,Jaffna Kings,B-Love Kandy,Towhid Hridoy,DA Miller,Mujeeb Ur Rahman,0,0,,,,,,,,,
1382886,2023,2023-08-05,Pallekele International Cricket Stadium,1,3.3,Jaffna Kings,B-Love Kandy,Towhid Hridoy,DA Miller,Mujeeb Ur Rahman,0,0,,,,,,,,,
1382886,2023,2023-08-05,Pallekele International Cricket Stadium,1,3.4,Jaffna Kings,B-Love Kandy,Towhid Hridoy,DA Miller,Mujeeb Ur Rahman,0,0,,,,,,,,,
1382886,2023,2023-08-05,Pallekele International Cricket Stadium,1,3.5,Jaffna Kings,B-Love Kandy,Towhid Hridoy,DA Miller,Mujeeb Ur Rahman,1,0,,,,,,,,,
1382886,2023,2023-08-05,Pallekele International Cricket Stadium,1,3.6,Jaffna Kings,B-Love Kandy,DA Miller,Towhid Hridoy,Mujeeb Ur Rahman,0,0,,,,,,,,,
1382886,2023,2023-08-05,Pallekele International Cricket Stadium,1,4.1,Jaffna Kings,B-Love Kandy,Towhid Hridoy,DA Miller,PVD Chameera,4,0,,,,,,,,,
1382886,2023,2023-08-05,Pallekele International Cricket Stadium,1,4.2,Jaffna Kings,B-Love Kandy,Towhid Hridoy,DA Miller,PVD Chameera,4,0,,,,,,,,,
1382886,2023,2023-08-05,Pallekele International Cricket Stadium,1,4.3,Jaffna Kings,B-Love Kandy,Towhid Hridoy,DA Miller,PVD Chameera,0,0,,,,,,,,,
1382886,2023,2023-08-05,Pallekele International Cricket Stadium,1,4.4,Jaffna Kings,B-Love Kandy,Towhid Hridoy,DA Miller,PVD Chameera,0,0,,,,,,,,,
1382886,2023,2023-08-05,Pallekele International Cricket Stadium,1,4.5,Jaffna Kings,B-Love Kandy,Towhid Hridoy,DA Miller,PVD Chameera,1,0,,,,,,,,,
1382886,2023,2023-08-05,Pallekele International Cricket Stadium,1,4.6,Jaffna Kings,B-Love Kandy,DA Miller,Towhid Hridoy,PVD Chameera,0,0,,,,,,,,,
1382886,2023,2023-08-05,Pallekele International Cricket Stadium,1,5.1,Jaffna Kings,B-Love Kandy,Towhid Hridoy,DA Miller,Mujeeb Ur Rahman,0,0,,,,,,,,,
1382886,2023,2023-08-05,Pallekele International Cricket Stadium,1,5.2,Jaffna Kings,B-Love Kandy,Towhid Hridoy,DA Miller,Mujeeb Ur Rahman,1,0,,,,,,,,,
1382886,2023,2023-08-05,Pallekele International Cricket Stadium,1,5.3,Jaffna Kings,B-Love Kandy,DA Miller,Towhid Hridoy,Mujeeb Ur Rahman,4,0,,,,,,,,,
1382886,2023,2023-08-05,Pallekele International Cricket Stadium,1,5.4,Jaffna Kings,B-Love Kandy,DA Miller,Towhid Hridoy,Mujeeb Ur Rahman,1,0,,,,,,,,,
1382886,2023,2023-08-05,Pallekele International Cricket Stadium,1,5.5,Jaffna Kings,B-Love Kandy,Towhid Hridoy,DA Miller,Mujeeb Ur Rahman,0,0,,,,,,,,,
1382886,2023,2023-08-05,Pallekele International Cricket Stadium,1,5.6,Jaffna Kings,B-Love Kandy,Towhid Hridoy,DA Miller,Mujeeb Ur Rahman,1,0,,,,,,,,,
1382886,2023,2023-08-05,Pallekele International Cricket Stadium,1,6.1,Jaffna Kings,B-Love Kandy,Towhid Hridoy,DA Miller,PWH de Silva,1,0,,,,,,,,,
1382886,2023,2023-08-05,Pallekele International Cricket Stadium,1,6.2,Jaffna Kings,B-Love Kandy,DA Miller,Towhid Hridoy,PWH de Silva,1,0,,,,,,,,,
1382886,2023,2023-08-05,Pallekele International Cricket Stadium,1,6.3,Jaffna Kings,B-Love Kandy,Towhid Hridoy,DA Miller,PWH de Silva,0,0,,,,,,,,,
1382886,2023,2023-08-05,Pallekele International Cricket Stadium,1,6.4,Jaffna Kings,B-Love Kandy,Towhid Hridoy,DA Miller,PWH de Silva,1,0,,,,,,,,,
1382886,2023,2023-08-05,Pallekele International Cricket Stadium,1,6.5,Jaffna Kings,B-Love Kandy,DA Miller,Towhid Hridoy,PWH de Silva,1,0,,,,,,,,,
1382886,2023,2023-08-05,Pallekele International Cricket Stadium,1,6.6,Jaffna Kings,B-Love Kandy,Towhid Hridoy,DA Miller,PWH de Silva,0,0,,,,,,caught,Towhid Hridoy,,
1382886,2023,2023-08-05,Pallekele International Cricket Stadium,1,7.1,Jaffna Kings,B-Love Kandy,DA Miller,PARP Perera,PVD Chameera,1,0,,,,,,,,,
1382886,2023,2023-08-05,Pallekele International Cricket Stadium,1,7.2,Jaffna Kings,B-Love Kandy,PARP Perera,DA Miller,PVD Chameera,0,0,,,,,,,,,
1382886,2023,2023-08-05,Pallekele International Cricket Stadium,1,7.3,Jaffna Kings,B-Love Kandy,PARP Perera,DA Miller,PVD Chameera,0,0,,,,,,,,,
1382886,2023,2023-08-05,Pallekele International Cricket Stadium,1,7.4,Jaffna Kings,B-Love Kandy,PARP Perera,DA Miller,PVD Chameera,1,0,,,,,,,,,
1382886,2023,2023-08-05,Pallekele International Cricket Stadium,1,7.5,Jaffna Kings,B-Love Kandy,DA Miller,PARP Perera,PVD Chameera,0,0,,,,,,,,,
1382886,2023,2023-08-05,Pallekele International Cricket Stadium,1,7.6,Jaffna Kings,B-Love Kandy,DA Miller,PARP Perera,PVD Chameera,0,0,,,,,,,,,
1382886,2023,2023-08-05,Pallekele International Cricket Stadium,1,8.1,Jaffna Kings,B-Love Kandy,PARP Perera,DA Miller,PWH de Silva,0,0,,,,,,,,,
1382886,2023,2023-08-05,Pallekele International Cricket Stadium,1,8.2,Jaffna Kings,B-Love Kandy,PARP Perera,DA Miller,PWH de Silva,0,0,,,,,,,,,
1382886,2023,2023-08-05,Pallekele International Cricket Stadium,1,8.3,Jaffna Kings,B-Love Kandy,PARP Perera,DA Miller,PWH de Silva,1,0,,,,,,,,,
1382886,2023,2023-08-05,Pallekele International Cricket Stadium,1,8.4,Jaffna Kings,B-Love Kandy,DA Miller,PARP Perera,PWH de Silva,1,0,,,,,,,,,
1382886,2023,2023-08-05,Pallekele International Cricket Stadium,1,8.5,Jaffna Kings,B-Love Kandy,PARP Perera,DA Miller,PWH de Silva,0,0,,,,,,,,,
1382886,2023,2023-08-05,Pallekele International Cricket Stadium,1,8.6,Jaffna Kings,B-Love Kandy,PARP Perera,DA Miller,PWH de Silva,0,0,,,,,,,,,
1382886,2023,2023-08-05,Pallekele International Cricket Stadium,1,9.1,Jaffna Kings,B-Love Kandy,DA Miller,PARP Perera,I Udana,0,0,,,,,,,,,
1382886,2023,2023-08-05,Pallekele International Cricket Stadium,1,9.2,Jaffna Kings,B-Love Kandy,DA Miller,PARP Perera,I Udana,1,0,,,,,,,,,
1382886,2023,2023-08-05,Pallekele International Cricket Stadium,1,9.3,Jaffna Kings,B-Love Kandy,PARP Perera,DA Miller,I Udana,0,0,,,,,,,,,
1382886,2023,2023-08-05,Pallekele International Cricket Stadium,1,9.4,Jaffna Kings,B-Love Kandy,PARP Perera,DA Miller,I Udana,1,0,,,,,,,,,
1382886,2023,2023-08-05,Pallekele International Cricket Stadium,1,9.5,Jaffna Kings,B-Love Kandy,DA Miller,PARP Perera,I Udana,4,0,,,,,,,,,
1382886,2023,2023-08-05,Pallekele International Cricket Stadium,1,9.6,Jaffna Kings,B-Love Kandy,DA Miller,PARP Perera,I Udana,0,0,,,,,,,,,
1382886,2023,2023-08-05,Pallekele International Cricket Stadium,1,10.1,Jaffna Kings,B-Love Kandy,PARP Perera,DA Miller,N Pradeep,1,0,,,,,,,,,
1382886,2023,2023-08-05,Pallekele International Cricket Stadium,1,10.2,Jaffna Kings,B-Love Kandy,DA Miller,PARP Perera,N Pradeep,0,0,,,,,,,,,
1382886,2023,2023-08-05,Pallekele International Cricket Stadium,1,10.3,Jaffna Kings,B-Love Kandy,DA Miller,PARP Perera,N Pradeep,1,0,,,,,,,,,
1382886,2023,2023-08-05,Pallekele International Cricket Stadium,1,10.4,Jaffna Kings,B-Love Kandy,PARP Perera,DA Miller,N Pradeep,6,0,,,,,,,,,
1382886,2023,2023-08-05,Pallekele International Cricket Stadium,1,10.5,Jaffna Kings,B-Love Kandy,PARP Perera,DA Miller,N Pradeep,1,0,,,,,,,,,
1382886,2023,2023-08-05,Pallekele International Cricket Stadium,1,10.6,Jaffna Kings,B-Love Kandy,DA Miller,PARP Perera,N Pradeep,1,0,,,,,,,,,
1382886,2023,2023-08-05,Pallekele International Cricket Stadium,1,11.1,Jaffna Kings,B-Love Kandy,DA Miller,PARP Perera,I Udana,4,0,,,,,,,,,
1382886,2023,2023-08-05,Pallekele International Cricket Stadium,1,11.2,Jaffna Kings,B-Love Kandy,DA Miller,PARP Perera,I Udana,0,0,,,,,,caught,DA Miller,,
1382886,2023,2023-08-05,Pallekele International Cricket Stadium,1,11.3,Jaffna Kings,B-Love Kandy,NLTC Perera,PARP Perera,I Udana,1,0,,,,,,,,,
1382886,2023,2023-08-05,Pallekele International Cricket Stadium,1,11.4,Jaffna Kings,B-Love Kandy,PARP Perera,NLTC Perera,I Udana,2,0,,,,,,,,,
1382886,2023,2023-08-05,Pallekele International Cricket Stadium,1,11.5,Jaffna Kings,B-Love Kandy,PARP Perera,NLTC Perera,I Udana,0,1,1,,,,,,,,
1382886,2023,2023-08-05,Pallekele International Cricket Stadium,1,11.6,Jaffna Kings,B-Love Kandy,PARP Perera,NLTC Perera,I Udana,2,0,,,,,,,,,
1382886,2023,2023-08-05,Pallekele International Cricket Stadium,1,11.7,Jaffna Kings,B-Love Kandy,PARP Perera,NLTC Perera,I Udana,1,0,,,,,,,,,
1382886,2023,2023-08-05,Pallekele International Cricket Stadium,1,12.1,Jaffna Kings,B-Love Kandy,PARP Perera,NLTC Perera,PVD Chameera,1,0,,,,,,,,,
1382886,2023,2023-08-05,Pallekele International Cricket Stadium,1,12.2,Jaffna Kings,B-Love Kandy,NLTC Perera,PARP Perera,PVD Chameera,1,0,,,,,,,,,
1382886,2023,2023-08-05,Pallekele International Cricket Stadium,1,12.3,Jaffna Kings,B-Love Kandy,PARP Perera,NLTC Perera,PVD Chameera,0,0,,,,,,,,,
1382886,2023,2023-08-05,Pallekele International Cricket Stadium,1,12.4,Jaffna Kings,B-Love Kandy,PARP Perera,NLTC Perera,PVD Chameera,4,0,,,,,,,,,
1382886,2023,2023-08-05,Pallekele International Cricket Stadium,1,12.5,Jaffna Kings,B-Love Kandy,PARP Perera,NLTC Perera,PVD Chameera,0,0,,,,,,,,,
1382886,2023,2023-08-05,Pallekele International Cricket Stadium,1,12.6,Jaffna Kings,B-Love Kandy,PARP Perera,NLTC Perera,PVD Chameera,1,0,,,,,,,,,
1382886,2023,2023-08-05,Pallekele International Cricket Stadium,1,13.1,Jaffna Kings,B-Love Kandy,PARP Perera,NLTC Perera,N Pradeep,0,0,,,,,,caught,PARP Perera,,
1382886,2023,2023-08-05,Pallekele International Cricket Stadium,1,13.2,Jaffna Kings,B-Love Kandy,DN Wellalage,NLTC Perera,N Pradeep,0,0,,,,,,,,,
1382886,2023,2023-08-05,Pallekele International Cricket Stadium,1,13.3,Jaffna Kings,B-Love Kandy,DN Wellalage,NLTC Perera,N Pradeep,2,0,,,,,,,,,
1382886,2023,2023-08-05,Pallekele International Cricket Stadium,1,13.4,Jaffna Kings,B-Love Kandy,DN Wellalage,NLTC Perera,N Pradeep,1,0,,,,,,,,,
1382886,2023,2023-08-05,Pallekele International Cricket Stadium,1,13.5,Jaffna Kings,B-Love Kandy,NLTC Perera,DN Wellalage,N Pradeep,0,0,,,,,,caught,NLTC Perera,,
1382886,2023,2023-08-05,Pallekele International Cricket Stadium,1,13.6,Jaffna Kings,B-Love Kandy,V Viyaskanth,DN Wellalage,N Pradeep,0,0,,,,,,lbw,V Viyaskanth,,
1382886,2023,2023-08-05,Pallekele International Cricket Stadium,1,14.1,Jaffna Kings,B-Love Kandy,DN Wellalage,M Theekshana,PWH de Silva,1,0,,,,,,,,,
1382886,2023,2023-08-05,Pallekele International Cricket Stadium,1,14.2,Jaffna Kings,B-Love Kandy,M Theekshana,DN Wellalage,PWH de Silva,0,1,,,,1,,,,,
1382886,2023,2023-08-05,Pallekele International Cricket Stadium,1,14.3,Jaffna Kings,B-Love Kandy,DN Wellalage,M Theekshana,PWH de Silva,1,0,,,,,,,,,
1382886,2023,2023-08-05,Pallekele International Cricket Stadium,1,14.4,Jaffna Kings,B-Love Kandy,M Theekshana,DN Wellalage,PWH de Silva,0,0,,,,,,,,,
1382886,2023,2023-08-05,Pallekele International Cricket Stadium,1,14.5,Jaffna Kings,B-Love Kandy,M Theekshana,DN Wellalage,PWH de Silva,0,0,,,,,,,,,
1382886,2023,2023-08-05,Pallekele International Cricket Stadium,1,14.6,Jaffna Kings,B-Love Kandy,M Theekshana,DN Wellalage,PWH de Silva,0,0,,,,,,bowled,M Theekshana,,
1382886,2023,2023-08-05,Pallekele International Cricket Stadium,1,15.1,Jaffna Kings,B-Love Kandy,DN Wellalage,N Thushara,N Pradeep,0,0,,,,,,,,,
1382886,2023,2023-08-05,Pallekele International Cricket Stadium,1,15.2,Jaffna Kings,B-Love Kandy,DN Wellalage,N Thushara,N Pradeep,0,0,,,,,,,,,
1382886,2023,2023-08-05,Pallekele International Cricket Stadium,1,15.3,Jaffna Kings,B-Love Kandy,DN Wellalage,N Thushara,N Pradeep,4,0,,,,,,,,,
1382886,2023,2023-08-05,Pallekele International Cricket Stadium,1,15.4,Jaffna Kings,B-Love Kandy,DN Wellalage,N Thushara,N Pradeep,0,0,,,,,,,,,
1382886,2023,2023-08-05,Pallekele International Cricket Stadium,1,15.5,Jaffna Kings,B-Love Kandy,DN Wellalage,N Thushara,N Pradeep,4,0,,,,,,,,,
1382886,2023,2023-08-05,Pallekele International Cricket Stadium,1,15.6,Jaffna Kings,B-Love Kandy,DN Wellalage,N Thushara,N Pradeep,0,0,,,,,,,,,
1382886,2023,2023-08-05,Pallekele International Cricket Stadium,1,16.1,Jaffna Kings,B-Love Kandy,N Thushara,DN Wellalage,PWH de Silva,0,0,,,,,,lbw,N Thushara,,
1382886,2023,2023-08-05,Pallekele International Cricket Stadium,1,16.2,Jaffna Kings,B-Love Kandy,N Burger,DN Wellalage,PWH de Silva,0,0,,,,,,,,,
1382886,2023,2023-08-05,Pallekele International Cricket Stadium,1,16.3,Jaffna Kings,B-Love Kandy,N Burger,DN Wellalage,PWH de Silva,0,0,,,,,,,,,
1382886,2023,2023-08-05,Pallekele International Cricket Stadium,1,16.4,Jaffna Kings,B-Love Kandy,N Burger,DN Wellalage,PWH de Silva,0,0,,,,,,,,,
1382886,2023,2023-08-05,Pallekele International Cricket Stadium,1,16.5,Jaffna Kings,B-Love Kandy,N Burger,DN Wellalage,PWH de Silva,1,0,,,,,,,,,
1382886,2023,2023-08-05,Pallekele International Cricket Stadium,1,16.6,Jaffna Kings,B-Love Kandy,DN Wellalage,N Burger,PWH de Silva,0,0,,,,,,,,,
1382886,2023,2023-08-05,Pallekele International Cricket Stadium,1,17.1,Jaffna Kings,B-Love Kandy,N Burger,DN Wellalage,Mujeeb Ur Rahman,1,0,,,,,,,,,
1382886,2023,2023-08-05,Pallekele International Cricket Stadium,1,17.2,Jaffna Kings,B-Love Kandy,DN Wellalage,N Burger,Mujeeb Ur Rahman,4,0,,,,,,,,,
1382886,2023,2023-08-05,Pallekele International Cricket Stadium,1,17.3,Jaffna Kings,B-Love Kandy,DN Wellalage,N Burger,Mujeeb Ur Rahman,0,0,,,,,,,,,
1382886,2023,2023-08-05,Pallekele International Cricket Stadium,1,17.4,Jaffna Kings,B-Love Kandy,DN Wellalage,N Burger,Mujeeb Ur Rahman,4,0,,,,,,,,,
1382886,2023,2023-08-05,Pallekele International Cricket Stadium,1,17.5,Jaffna Kings,B-Love Kandy,DN Wellalage,N Burger,Mujeeb Ur Rahman,0,0,,,,,,,,,
1382886,2023,2023-08-05,Pallekele International Cricket Stadium,1,17.6,Jaffna Kings,B-Love Kandy,DN Wellalage,N Burger,Mujeeb Ur Rahman,1,0,,,,,,,,,
1382886,2023,2023-08-05,Pallekele International Cricket Stadium,1,18.1,Jaffna Kings,B-Love Kandy,DN Wellalage,N Burger,N Pradeep,6,0,,,,,,,,,
1382886,2023,2023-08-05,Pallekele International Cricket Stadium,1,18.2,Jaffna Kings,B-Love Kandy,DN Wellalage,N Burger,N Pradeep,4,0,,,,,,,,,
1382886,2023,2023-08-05,Pallekele International Cricket Stadium,1,18.3,Jaffna Kings,B-Love Kandy,DN Wellalage,N Burger,N Pradeep,0,0,,,,,,,,,
1382886,2023,2023-08-05,Pallekele International Cricket Stadium,1,18.4,Jaffna Kings,B-Love Kandy,DN Wellalage,N Burger,N Pradeep,4,0,,,,,,,,,
1382886,2023,2023-08-05,Pallekele International Cricket Stadium,1,18.5,Jaffna Kings,B-Love Kandy,DN Wellalage,N Burger,N Pradeep,1,0,,,,,,,,,
1382886,2023,2023-08-05,Pallekele International Cricket Stadium,1,18.6,Jaffna Kings,B-Love Kandy,N Burger,DN Wellalage,N Pradeep,0,0,,,,,,,,,
1382886,2023,2023-08-05,Pallekele International Cricket Stadium,1,19.1,Jaffna Kings,B-Love Kandy,DN Wellalage,N Burger,PVD Chameera,0,0,,,,,,,,,
1382886,2023,2023-08-05,Pallekele International Cricket Stadium,1,19.2,Jaffna Kings,B-Love Kandy,DN Wellalage,N Burger,PVD Chameera,0,0,,,,,,,,,
1382886,2023,2023-08-05,Pallekele International Cricket Stadium,1,19.3,Jaffna Kings,B-Love Kandy,DN Wellalage,N Burger,PVD Chameera,0,0,,,,,,,,,
1382886,2023,2023-08-05,Pallekele International Cricket Stadium,1,19.4,Jaffna Kings,B-Love Kandy,DN Wellalage,N Burger,PVD Chameera,0,0,,,,,,,,,
1382886,2023,2023-08-05,Pallekele International Cricket Stadium,1,19.5,Jaffna Kings,B-Love Kandy,DN Wellalage,N Burger,PVD Chameera,1,0,,,,,,,,,
1382886,2023,2023-08-05,Pallekele International Cricket Stadium,1,19.6,Jaffna Kings,B-Love Kandy,N Burger,DN Wellalage,PVD Chameera,4,0,,,,,,,,,
1382886,2023,2023-08-05,Pallekele International Cricket Stadium,2,0.1,B-Love Kandy,Jaffna Kings,Fakhar Zaman,LD Chandimal,NLTC Perera,0,0,,,,,,,,,
1382886,2023,2023-08-05,Pallekele International Cricket Stadium,2,0.2,B-Love Kandy,Jaffna Kings,Fakhar Zaman,LD Chandimal,NLTC Perera,0,0,,,,,,,,,
1382886,2023,2023-08-05,Pallekele International Cricket Stadium,2,0.3,B-Love Kandy,Jaffna Kings,Fakhar Zaman,LD Chandimal,NLTC Perera,2,0,,,,,,,,,
1382886,2023,2023-08-05,Pallekele International Cricket Stadium,2,0.4,B-Love Kandy,Jaffna Kings,Fakhar Zaman,LD Chandimal,NLTC Perera,1,0,,,,,,,,,
1382886,2023,2023-08-05,Pallekele International Cricket Stadium,2,0.5,B-Love Kandy,Jaffna Kings,LD Chandimal,Fakhar Zaman,NLTC Perera,1,0,,,,,,,,,
1382886,2023,2023-08-05,Pallekele International Cricket Stadium,2,0.6,B-Love Kandy,Jaffna Kings,Fakhar Zaman,LD Chandimal,NLTC Perera,0,0,,,,,,,,,
1382886,2023,2023-08-05,Pallekele International Cricket Stadium,2,1.1,B-Love Kandy,Jaffna Kings,LD Chandimal,Fakhar Zaman,M Theekshana,1,0,,,,,,,,,
1382886,2023,2023-08-05,Pallekele International Cricket Stadium,2,1.2,B-Love Kandy,Jaffna Kings,Fakhar Zaman,LD Chandimal,M Theekshana,0,0,,,,,,,,,
1382886,2023,2023-08-05,Pallekele International Cricket Stadium,2,1.3,B-Love Kandy,Jaffna Kings,Fakhar Zaman,LD Chandimal,M Theekshana,1,0,,,,,,,,,
1382886,2023,2023-08-05,Pallekele International Cricket Stadium,2,1.4,B-Love Kandy,Jaffna Kings,LD Chandimal,Fakhar Zaman,M Theekshana,0,0,,,,,,,,,
1382886,2023,2023-08-05,Pallekele International Cricket Stadium,2,1.5,B-Love Kandy,Jaffna Kings,LD Chandimal,Fakhar Zaman,M Theekshana,0,0,,,,,,,,,
1382886,2023,2023-08-05,Pallekele International Cricket Stadium,2,1.6,B-Love Kandy,Jaffna Kings,LD Chandimal,Fakhar Zaman,M Theekshana,0,0,,,,,,,,,
1382886,2023,2023-08-05,Pallekele International Cricket Stadium,2,2.1,B-Love Kandy,Jaffna Kings,Fakhar Zaman,LD Chandimal,NLTC Perera,0,0,,,,,,,,,
1382886,2023,2023-08-05,Pallekele International Cricket Stadium,2,2.2,B-Love Kandy,Jaffna Kings,Fakhar Zaman,LD Chandimal,NLTC Perera,0,0,,,,,,,,,
1382886,2023,2023-08-05,Pallekele International Cricket Stadium,2,2.3,B-Love Kandy,Jaffna Kings,Fakhar Zaman,LD Chandimal,NLTC Perera,0,0,,,,,,,,,
1382886,2023,2023-08-05,Pallekele International Cricket Stadium,2,2.4,B-Love Kandy,Jaffna Kings,Fakhar Zaman,LD Chandimal,NLTC Perera,1,0,,,,,,,,,
1382886,2023,2023-08-05,Pallekele International Cricket Stadium,2,2.5,B-Love Kandy,Jaffna Kings,LD Chandimal,Fakhar Zaman,NLTC Perera,1,0,,,,,,,,,
1382886,2023,2023-08-05,Pallekele International Cricket Stadium,2,2.6,B-Love Kandy,Jaffna Kings,Fakhar Zaman,LD Chandimal,NLTC Perera,1,0,,,,,,,,,
1382886,2023,2023-08-05,Pallekele International Cricket Stadium,2,3.1,B-Love Kandy,Jaffna Kings,Fakhar Zaman,LD Chandimal,M Theekshana,0,0,,,,,,,,,
1382886,2023,2023-08-05,Pallekele International Cricket Stadium,2,3.2,B-Love Kandy,Jaffna Kings,Fakhar Zaman,LD Chandimal,M Theekshana,0,0,,,,,,,,,
1382886,2023,2023-08-05,Pallekele International Cricket Stadium,2,3.3,B-Love Kandy,Jaffna Kings,Fakhar Zaman,LD Chandimal,M Theekshana,0,0,,,,,,,,,
1382886,2023,2023-08-05,Pallekele International Cricket Stadium,2,3.4,B-Love Kandy,Jaffna Kings,Fakhar Zaman,LD Chandimal,M Theekshana,0,0,,,,,,,,,
1382886,2023,2023-08-05,Pallekele International Cricket Stadium,2,3.5,B-Love Kandy,Jaffna Kings,Fakhar Zaman,LD Chandimal,M Theekshana,1,0,,,,,,,,,
1382886,2023,2023-08-05,Pallekele International Cricket Stadium,2,3.6,B-Love Kandy,Jaffna Kings,LD Chandimal,Fakhar Zaman,M Theekshana,1,0,,,,,,,,,
1382886,2023,2023-08-05,Pallekele International Cricket Stadium,2,4.1,B-Love Kandy,Jaffna Kings,LD Chandimal,Fakhar Zaman,NLTC Perera,4,0,,,,,,,,,
1382886,2023,2023-08-05,Pallekele International Cricket Stadium,2,4.2,B-Love Kandy,Jaffna Kings,LD Chandimal,Fakhar Zaman,NLTC Perera,2,0,,,,,,,,,
1382886,2023,2023-08-05,Pallekele International Cricket Stadium,2,4.3,B-Love Kandy,Jaffna Kings,LD Chandimal,Fakhar Zaman,NLTC Perera,4,0,,,,,,,,,
1382886,2023,2023-08-05,Pallekele International Cricket Stadium,2,4.4,B-Love Kandy,Jaffna Kings,LD Chandimal,Fakhar Zaman,NLTC Perera,0,0,,,,,,,,,
1382886,2023,2023-08-05,Pallekele International Cricket Stadium,2,4.5,B-Love Kandy,Jaffna Kings,LD Chandimal,Fakhar Zaman,NLTC Perera,4,0,,,,,,,,,
1382886,2023,2023-08-05,Pallekele International Cricket Stadium,2,4.6,B-Love Kandy,Jaffna Kings,LD Chandimal,Fakhar Zaman,NLTC Perera,2,0,,,,,,,,,
1382886,2023,2023-08-05,Pallekele International Cricket Stadium,2,5.1,B-Love Kandy,Jaffna Kings,Fakhar Zaman,LD Chandimal,N Thushara,0,0,,,,,,,,,
1382886,2023,2023-08-05,Pallekele International Cricket Stadium,2,5.2,B-Love Kandy,Jaffna Kings,Fakhar Zaman,LD Chandimal,N Thushara,1,0,,,,,,,,,
1382886,2023,2023-08-05,Pallekele International Cricket Stadium,2,5.3,B-Love Kandy,Jaffna Kings,LD Chandimal,Fakhar Zaman,N Thushara,1,0,,,,,,,,,
1382886,2023,2023-08-05,Pallekele International Cricket Stadium,2,5.4,B-Love Kandy,Jaffna Kings,Fakhar Zaman,LD Chandimal,N Thushara,1,0,,,,,,,,,
1382886,2023,2023-08-05,Pallekele International Cricket Stadium,2,5.5,B-Love Kandy,Jaffna Kings,LD Chandimal,Fakhar Zaman,N Thushara,1,0,,,,,,,,,
1382886,2023,2023-08-05,Pallekele International Cricket Stadium,2,5.6,B-Love Kandy,Jaffna Kings,Fakhar Zaman,LD Chandimal,N Thushara,0,0,,,,,,,,,
1382886,2023,2023-08-05,Pallekele International Cricket Stadium,2,6.1,B-Love Kandy,Jaffna Kings,LD Chandimal,Fakhar Zaman,N Burger,0,0,,,,,,bowled,LD Chandimal,,
1382886,2023,2023-08-05,Pallekele International Cricket Stadium,2,6.2,B-Love Kandy,Jaffna Kings,PWH de Silva,Fakhar Zaman,N Burger,0,0,,,,,,,,,
1382886,2023,2023-08-05,Pallekele International Cricket Stadium,2,6.3,B-Love Kandy,Jaffna Kings,PWH de Silva,Fakhar Zaman,N Burger,1,0,,,,,,,,,
1382886,2023,2023-08-05,Pallekele International Cricket Stadium,2,6.4,B-Love Kandy,Jaffna Kings,Fakhar Zaman,PWH de Silva,N Burger,1,0,,,,,,,,,
1382886,2023,2023-08-05,Pallekele International Cricket Stadium,2,6.5,B-Love Kandy,Jaffna Kings,PWH de Silva,Fakhar Zaman,N Burger,0,0,,,,,,,,,
1382886,2023,2023-08-05,Pallekele International Cricket Stadium,2,6.6,B-Love Kandy,Jaffna Kings,PWH de Silva,Fakhar Zaman,N Burger,1,0,,,,,,,,,
1382886,2023,2023-08-05,Pallekele International Cricket Stadium,2,7.1,B-Love Kandy,Jaffna Kings,PWH de Silva,Fakhar Zaman,N Thushara,1,0,,,,,,,,,
1382886,2023,2023-08-05,Pallekele International Cricket Stadium,2,7.2,B-Love Kandy,Jaffna Kings,Fakhar Zaman,PWH de Silva,N Thushara,4,0,,,,,,,,,
1382886,2023,2023-08-05,Pallekele International Cricket Stadium,2,7.3,B-Love Kandy,Jaffna Kings,Fakhar Zaman,PWH de Silva,N Thushara,2,0,,,,,,,,,
1382886,2023,2023-08-05,Pallekele International Cricket Stadium,2,7.4,B-Love Kandy,Jaffna Kings,Fakhar Zaman,PWH de Silva,N Thushara,1,0,,,,,,,,,
1382886,2023,2023-08-05,Pallekele International Cricket Stadium,2,7.5,B-Love Kandy,Jaffna Kings,PWH de Silva,Fakhar Zaman,N Thushara,0,0,,,,,,,,,
1382886,2023,2023-08-05,Pallekele International Cricket Stadium,2,7.6,B-Love Kandy,Jaffna Kings,PWH de Silva,Fakhar Zaman,N Thushara,0,0,,,,,,,,,
1382886,2023,2023-08-05,Pallekele International Cricket Stadium,2,8.1,B-Love Kandy,Jaffna Kings,Fakhar Zaman,PWH de Silva,N Burger,0,1,,,,1,,,,,
1382886,2023,2023-08-05,Pallekele International Cricket Stadium,2,8.2,B-Love Kandy,Jaffna Kings,PWH de Silva,Fakhar Zaman,N Burger,2,0,,,,,,,,,
1382886,2023,2023-08-05,Pallekele International Cricket Stadium,2,8.3,B-Love Kandy,Jaffna Kings,PWH de Silva,Fakhar Zaman,N Burger,6,0,,,,,,,,,
1382886,2023,2023-08-05,Pallekele International Cricket Stadium,2,8.4,B-Love Kandy,Jaffna Kings,PWH de Silva,Fakhar Zaman,N Burger,1,0,,,,,,,,,
1382886,2023,2023-08-05,Pallekele International Cricket Stadium,2,8.5,B-Love Kandy,Jaffna Kings,Fakhar Zaman,PWH de Silva,N Burger,4,0,,,,,,,,,
1382886,2023,2023-08-05,Pallekele International Cricket Stadium,2,8.6,B-Love Kandy,Jaffna Kings,Fakhar Zaman,PWH de Silva,N Burger,1,0,,,,,,,,,
1382886,2023,2023-08-05,Pallekele International Cricket Stadium,2,9.1,B-Love Kandy,Jaffna Kings,Fakhar Zaman,PWH de Silva,V Viyaskanth,1,0,,,,,,,,,
1382886,2023,2023-08-05,Pallekele International Cricket Stadium,2,9.2,B-Love Kandy,Jaffna Kings,PWH de Silva,Fakhar Zaman,V Viyaskanth,0,0,,,,,,,,,
1382886,2023,2023-08-05,Pallekele International Cricket Stadium,2,9.3,B-Love Kandy,Jaffna Kings,PWH de Silva,Fakhar Zaman,V Viyaskanth,1,0,,,,,,,,,
1382886,2023,2023-08-05,Pallekele International Cricket Stadium,2,9.4,B-Love Kandy,Jaffna Kings,Fakhar Zaman,PWH de Silva,V Viyaskanth,1,0,,,,,,,,,
1382886,2023,2023-08-05,Pallekele International Cricket Stadium,2,9.5,B-Love Kandy,Jaffna Kings,PWH de Silva,Fakhar Zaman,V Viyaskanth,4,0,,,,,,,,,
1382886,2023,2023-08-05,Pallekele International Cricket Stadium,2,9.6,B-Love Kandy,Jaffna Kings,PWH de Silva,Fakhar Zaman,V Viyaskanth,6,0,,,,,,,,,
1382886,2023,2023-08-05,Pallekele International Cricket Stadium,2,10.1,B-Love Kandy,Jaffna Kings,Fakhar Zaman,PWH de Silva,M Theekshana,6,0,,,,,,,,,
1382886,2023,2023-08-05,Pallekele International Cricket Stadium,2,10.2,B-Love Kandy,Jaffna Kings,Fakhar Zaman,PWH de Silva,M Theekshana,2,0,,,,,,,,,
1382886,2023,2023-08-05,Pallekele International Cricket Stadium,2,10.3,B-Love Kandy,Jaffna Kings,Fakhar Zaman,PWH de Silva,M Theekshana,1,0,,,,,,,,,
1382886,2023,2023-08-05,Pallekele International Cricket Stadium,2,10.4,B-Love Kandy,Jaffna Kings,PWH de Silva,Fakhar Zaman,M Theekshana,4,0,,,,,,,,,
1382886,2023,2023-08-05,Pallekele International Cricket Stadium,2,10.5,B-Love Kandy,Jaffna Kings,PWH de Silva,Fakhar Zaman,M Theekshana,1,0,,,,,,,,,
1382886,2023,2023-08-05,Pallekele International Cricket Stadium,2,10.6,B-Love Kandy,Jaffna Kings,Fakhar Zaman,PWH de Silva,M Theekshana,1,0,,,,,,,,,
1382886,2023,2023-08-05,Pallekele International Cricket Stadium,2,11.1,B-Love Kandy,Jaffna Kings,Fakhar Zaman,PWH de Silva,DN Wellalage,6,0,,,,,,,,,
1382886,2023,2023-08-05,Pallekele International Cricket Stadium,2,11.2,B-Love Kandy,Jaffna Kings,Fakhar Zaman,PWH de Silva,DN Wellalage,1,0,,,,,,,,,
1382886,2023,2023-08-05,Pallekele International Cricket Stadium,2,11.3,B-Love Kandy,Jaffna Kings,PWH de Silva,Fakhar Zaman,DN Wellalage,4,0,,,,,,,,,
1382886,2023,2023-08-05,Pallekele International Cricket Stadium,2,11.4,B-Love Kandy,Jaffna Kings,PWH de Silva,Fakhar Zaman,DN Wellalage,5,0,,,,,,,,,
1382886,2023,2023-08-05,Pallekele International Cricket Stadium,2,11.5,B-Love Kandy,Jaffna Kings,Fakhar Zaman,PWH de Silva,DN Wellalage,0,0,,,,,,,,,
1382886,2023,2023-08-05,Pallekele International Cricket Stadium,2,11.6,B-Love Kandy,Jaffna Kings,Fakhar Zaman,PWH de Silva,DN Wellalage,1,0,,,,,,,,,
1382886,2023,2023-08-05,Pallekele International Cricket Stadium,2,12.1,B-Love Kandy,Jaffna Kings,Fakhar Zaman,PWH de Silva,M Theekshana,0,0,,,,,,caught,Fakhar Zaman,,
1382886,2023,2023-08-05,Pallekele International Cricket Stadium,2,12.2,B-Love Kandy,Jaffna Kings,SSD Arachchige,PWH de Silva,M Theekshana,1,0,,,,,,,,,
1382886,2023,2023-08-05,Pallekele International Cricket Stadium,2,12.3,B-Love Kandy,Jaffna Kings,PWH de Silva,SSD Arachchige,M Theekshana,4,0,,,,,,,,,
1382886,2023,2023-08-05,Pallekele International Cricket Stadium,2,12.4,B-Love Kandy,Jaffna Kings,PWH de Silva,SSD Arachchige,M Theekshana,6,0,,,,,,,,,
1382886,2023,2023-08-05,Pallekele International Cricket Stadium,2,12.5,B-Love Kandy,Jaffna Kings,PWH de Silva,SSD Arachchige,M Theekshana,4,0,,,,,,,,,
1382886,2023,2023-08-05,Pallekele International Cricket Stadium,2,12.6,B-Love Kandy,Jaffna Kings,PWH de Silva,SSD Arachchige,M Theekshana,1,0,,,,,,,,,
