match_id,season,start_date,venue,innings,ball,batting_team,bowling_team,striker,non_striker,bowler,runs_off_bat,extras,wides,noballs,byes,legbyes,penalty,wicket_type,player_dismissed,other_wicket_type,other_player_dismissed
1382892,2023,2023-08-12,"R Premadasa Stadium, Colombo",1,0.1,B-Love Kandy,Jaffna Kings,Mohammad Haris,Fakhar Zaman,NLTC Perera,1,0,,,,,,,,,
1382892,2023,2023-08-12,"R Premadasa Stadium, Colombo",1,0.2,B-Love Kandy,Jaffna Kings,Fakhar Zaman,Mohammad Haris,NLTC Perera,0,0,,,,,,,,,
1382892,2023,2023-08-12,"R Premadasa Stadium, Colombo",1,0.3,B-Love Kandy,Jaffna Kings,Fakhar Zaman,Mohammad Haris,NLTC Perera,2,0,,,,,,,,,
1382892,2023,2023-08-12,"R Premadasa Stadium, Colombo",1,0.4,B-Love Kandy,Jaffna Kings,Fakhar Zaman,Mohammad Haris,NLTC Perera,1,0,,,,,,,,,
1382892,2023,2023-08-12,"R Premadasa Stadium, Colombo",1,0.5,B-Love Kandy,Jaffna Kings,Mohammad Haris,Fakhar Zaman,NLTC Perera,0,0,,,,,,,,,
1382892,2023,2023-08-12,"R Premadasa Stadium, Colombo",1,0.6,B-Love Kandy,Jaffna Kings,Mohammad Haris,Fakhar Zaman,NLTC Perera,1,0,,,,,,,,,
1382892,2023,2023-08-12,"R Premadasa Stadium, Colombo",1,1.1,B-Love Kandy,Jaffna Kings,Mohammad Haris,Fakhar Zaman,Shoaib Malik,1,0,,,,,,,,,
1382892,2023,2023-08-12,"R Premadasa Stadium, Colombo",1,1.2,B-Love Kandy,Jaffna Kings,Fakhar Zaman,Mohammad Haris,Shoaib Malik,1,0,,,,,,,,,
1382892,2023,2023-08-12,"R Premadasa Stadium, Colombo",1,1.3,B-Love Kandy,Jaffna Kings,Mohammad Haris,Fakhar Zaman,Shoaib Malik,1,0,,,,,,,,,
1382892,2023,2023-08-12,"R Premadasa Stadium, Colombo",1,1.4,B-Love Kandy,Jaffna Kings,Fakhar Zaman,Mohammad Haris,Shoaib Malik,3,0,,,,,,,,,
1382892,2023,2023-08-12,"R Premadasa Stadium, Colombo",1,1.5,B-Love Kandy,Jaffna Kings,Mohammad Haris,Fakhar Zaman,Shoaib Malik,1,0,,,,,,,,,
1382892,2023,2023-08-12,"R Premadasa Stadium, Colombo",1,1.6,B-Love Kandy,Jaffna Kings,Fakhar Zaman,Mohammad Haris,Shoaib Malik,1,0,,,,,,,,,
1382892,2023,2023-08-12,"R Premadasa Stadium, Colombo",1,2.1,B-Love Kandy,Jaffna Kings,Fakhar Zaman,Mohammad Haris,M Theekshana,0,0,,,,,,,,,
1382892,2023,2023-08-12,"R Premadasa Stadium, Colombo",1,2.2,B-Love Kandy,Jaffna Kings,Fakhar Zaman,Mohammad Haris,M Theekshana,0,0,,,,,,,,,
1382892,2023,2023-08-12,"R Premadasa Stadium, Colombo",1,2.3,B-Love Kandy,Jaffna Kings,Fakhar Zaman,Mohammad Haris,M Theekshana,0,0,,,,,,,,,
1382892,2023,2023-08-12,"R Premadasa Stadium, Colombo",1,2.4,B-Love Kandy,Jaffna Kings,Fakhar Zaman,Mohammad Haris,M Theekshana,1,0,,,,,,,,,
1382892,2023,2023-08-12,"R Premadasa Stadium, Colombo",1,2.5,B-Love Kandy,Jaffna Kings,Mohammad Haris,Fakhar Zaman,M Theekshana,0,0,,,,,,,,,
1382892,2023,2023-08-12,"R Premadasa Stadium, Colombo",1,2.6,B-Love Kandy,Jaffna Kings,Mohammad Haris,Fakhar Zaman,M Theekshana,0,0,,,,,,,,,
1382892,2023,2023-08-12,"R Premadasa Stadium, Colombo",1,3.1,B-Love Kandy,Jaffna Kings,Fakhar Zaman,Mohammad Haris,Shoaib Malik,1,0,,,,,,,,,
1382892,2023,2023-08-12,"R Premadasa Stadium, Colombo",1,3.2,B-Love Kandy,Jaffna Kings,Mohammad Haris,Fakhar Zaman,Shoaib Malik,4,0,,,,,,,,,
1382892,2023,2023-08-12,"R Premadasa Stadium, Colombo",1,3.3,B-Love Kandy,Jaffna Kings,Mohammad Haris,Fakhar Zaman,Shoaib Malik,1,0,,,,,,,,,
1382892,2023,2023-08-12,"R Premadasa Stadium, Colombo",1,3.4,B-Love Kandy,Jaffna Kings,Fakhar Zaman,Mohammad Haris,Shoaib Malik,6,1,,1,,,,,,,
1382892,2023,2023-08-12,"R Premadasa Stadium, Colombo",1,3.5,B-Love Kandy,Jaffna Kings,Fakhar Zaman,Mohammad Haris,Shoaib Malik,0,5,5,,,,,,,,
1382892,2023,2023-08-12,"R Premadasa Stadium, Colombo",1,3.6,B-Love Kandy,Jaffna Kings,Fakhar Zaman,Mohammad Haris,Shoaib Malik,1,0,,,,,,,,,
1382892,2023,2023-08-12,"R Premadasa Stadium, Colombo",1,3.7,B-Love Kandy,Jaffna Kings,Mohammad Haris,Fakhar Zaman,Shoaib Malik,1,0,,,,,,,,,
1382892,2023,2023-08-12,"R Premadasa Stadium, Colombo",1,3.8,B-Love Kandy,Jaffna Kings,Fakhar Zaman,Mohammad Haris,Shoaib Malik,0,0,,,,,,,,,
1382892,2023,2023-08-12,"R Premadasa Stadium, Colombo",1,4.1,B-Love Kandy,Jaffna Kings,Mohammad Haris,Fakhar Zaman,M Theekshana,1,0,,,,,,,,,
1382892,2023,2023-08-12,"R Premadasa Stadium, Colombo",1,4.2,B-Love Kandy,Jaffna Kings,Fakhar Zaman,Mohammad Haris,M Theekshana,0,1,1,,,,,,,,
1382892,2023,2023-08-12,"R Premadasa Stadium, Colombo",1,4.3,B-Love Kandy,Jaffna Kings,Fakhar Zaman,Mohammad Haris,M Theekshana,1,0,,,,,,,,,
1382892,2023,2023-08-12,"R Premadasa Stadium, Colombo",1,4.4,B-Love Kandy,Jaffna Kings,Mohammad Haris,Fakhar Zaman,M Theekshana,0,0,,,,,,,,,
1382892,2023,2023-08-12,"R Premadasa Stadium, Colombo",1,4.5,B-Love Kandy,Jaffna Kings,Mohammad Haris,Fakhar Zaman,M Theekshana,4,0,,,,,,,,,
1382892,2023,2023-08-12,"R Premadasa Stadium, Colombo",1,4.6,B-Love Kandy,Jaffna Kings,Mohammad Haris,Fakhar Zaman,M Theekshana,4,0,,,,,,,,,
1382892,2023,2023-08-12,"R Premadasa Stadium, Colombo",1,4.7,B-Love Kandy,Jaffna Kings,Mohammad Haris,Fakhar Zaman,M Theekshana,1,0,,,,,,,,,
1382892,2023,2023-08-12,"R Premadasa Stadium, Colombo",1,5.1,B-Love Kandy,Jaffna Kings,Mohammad Haris,Fakhar Zaman,N Thushara,1,0,,,,,,,,,
1382892,2023,2023-08-12,"R Premadasa Stadium, Colombo",1,5.2,B-Love Kandy,Jaffna Kings,Fakhar Zaman,Mohammad Haris,N Thushara,4,0,,,,,,,,,
1382892,2023,2023-08-12,"R Premadasa Stadium, Colombo",1,5.3,B-Love Kandy,Jaffna Kings,Fakhar Zaman,Mohammad Haris,N Thushara,0,0,,,,,,bowled,Fakhar Zaman,,
1382892,2023,2023-08-12,"R Premadasa Stadium, Colombo",1,5.4,B-Love Kandy,Jaffna Kings,LD Chandimal,Mohammad Haris,N Thushara,0,0,,,,,,,,,
1382892,2023,2023-08-12,"R Premadasa Stadium, Colombo",1,5.5,B-Love Kandy,Jaffna Kings,LD Chandimal,Mohammad Haris,N Thushara,1,0,,,,,,,,,
1382892,2023,2023-08-12,"R Premadasa Stadium, Colombo",1,5.6,B-Love Kandy,Jaffna Kings,Mohammad Haris,LD Chandimal,N Thushara,0,0,,,,,,,,,
1382892,2023,2023-08-12,"R Premadasa Stadium, Colombo",1,6.1,B-Love Kandy,Jaffna Kings,LD Chandimal,Mohammad Haris,DN Wellalage,0,0,,,,,,bowled,LD Chandimal,,
1382892,2023,2023-08-12,"R Premadasa Stadium, Colombo",1,6.2,B-Love Kandy,Jaffna Kings,SSD Arachchige,Mohammad Haris,DN Wellalage,0,0,,,,,,,,,
1382892,2023,2023-08-12,"R Premadasa Stadium, Colombo",1,6.3,B-Love Kandy,Jaffna Kings,SSD Arachchige,Mohammad Haris,DN Wellalage,0,2,2,,,,,,,,
1382892,2023,2023-08-12,"R Premadasa Stadium, Colombo",1,6.4,B-Love Kandy,Jaffna Kings,Mohammad Haris,SSD Arachchige,DN Wellalage,1,0,,,,,,,,,
1382892,2023,2023-08-12,"R Premadasa Stadium, Colombo",1,6.5,B-Love Kandy,Jaffna Kings,SSD Arachchige,Mohammad Haris,DN Wellalage,1,0,,,,,,,,,
1382892,2023,2023-08-12,"R Premadasa Stadium, Colombo",1,6.6,B-Love Kandy,Jaffna Kings,Mohammad Haris,SSD Arachchige,DN Wellalage,3,0,,,,,,,,,
1382892,2023,2023-08-12,"R Premadasa Stadium, Colombo",1,6.7,B-Love Kandy,Jaffna Kings,SSD Arachchige,Mohammad Haris,DN Wellalage,0,0,,,,,,,,,
1382892,2023,2023-08-12,"R Premadasa Stadium, Colombo",1,7.1,B-Love Kandy,Jaffna Kings,Mohammad Haris,SSD Arachchige,D Madushanka,1,0,,,,,,,,,
1382892,2023,2023-08-12,"R Premadasa Stadium, Colombo",1,7.2,B-Love Kandy,Jaffna Kings,SSD Arachchige,Mohammad Haris,D Madushanka,1,0,,,,,,,,,
1382892,2023,2023-08-12,"R Premadasa Stadium, Colombo",1,7.3,B-Love Kandy,Jaffna Kings,Mohammad Haris,SSD Arachchige,D Madushanka,0,1,1,,,,,,,,
1382892,2023,2023-08-12,"R Premadasa Stadium, Colombo",1,7.4,B-Love Kandy,Jaffna Kings,Mohammad Haris,SSD Arachchige,D Madushanka,1,0,,,,,,,,,
1382892,2023,2023-08-12,"R Premadasa Stadium, Colombo",1,7.5,B-Love Kandy,Jaffna Kings,SSD Arachchige,Mohammad Haris,D Madushanka,0,0,,,,,,bowled,SSD Arachchige,,
1382892,2023,2023-08-12,"R Premadasa Stadium, Colombo",1,7.6,B-Love Kandy,Jaffna Kings,AD Mathews,Mohammad Haris,D Madushanka,0,0,,,,,,,,,
1382892,2023,2023-08-12,"R Premadasa Stadium, Colombo",1,7.7,B-Love Kandy,Jaffna Kings,AD Mathews,Mohammad Haris,D Madushanka,0,0,,,,,,,,,
1382892,2023,2023-08-12,"R Premadasa Stadium, Colombo",1,8.1,B-Love Kandy,Jaffna Kings,Mohammad Haris,AD Mathews,DN Wellalage,0,0,,,,,,,,,
1382892,2023,2023-08-12,"R Premadasa Stadium, Colombo",1,8.2,B-Love Kandy,Jaffna Kings,Mohammad Haris,AD Mathews,DN Wellalage,1,0,,,,,,,,,
1382892,2023,2023-08-12,"R Premadasa Stadium, Colombo",1,8.3,B-Love Kandy,Jaffna Kings,AD Mathews,Mohammad Haris,DN Wellalage,1,0,,,,,,,,,
1382892,2023,2023-08-12,"R Premadasa Stadium, Colombo",1,8.4,B-Love Kandy,Jaffna Kings,Mohammad Haris,AD Mathews,DN Wellalage,0,0,,,,,,,,,
1382892,2023,2023-08-12,"R Premadasa Stadium, Colombo",1,8.5,B-Love Kandy,Jaffna Kings,Mohammad Haris,AD Mathews,DN Wellalage,6,0,,,,,,,,,
1382892,2023,2023-08-12,"R Premadasa Stadium, Colombo",1,8.6,B-Love Kandy,Jaffna Kings,Mohammad Haris,AD Mathews,DN Wellalage,1,0,,,,,,,,,
1382892,2023,2023-08-12,"R Premadasa Stadium, Colombo",1,9.1,B-Love Kandy,Jaffna Kings,Mohammad Haris,AD Mathews,D Madushanka,0,0,,,,,,,,,
1382892,2023,2023-08-12,"R Premadasa Stadium, Colombo",1,9.2,B-Love Kandy,Jaffna Kings,Mohammad Haris,AD Mathews,D Madushanka,1,0,,,,,,,,,
1382892,2023,2023-08-12,"R Premadasa Stadium, Colombo",1,9.3,B-Love Kandy,Jaffna Kings,AD Mathews,Mohammad Haris,D Madushanka,1,0,,,,,,,,,
1382892,2023,2023-08-12,"R Premadasa Stadium, Colombo",1,9.4,B-Love Kandy,Jaffna Kings,Mohammad Haris,AD Mathews,D Madushanka,0,0,,,,,,,,,
1382892,2023,2023-08-12,"R Premadasa Stadium, Colombo",1,9.5,B-Love Kandy,Jaffna Kings,Mohammad Haris,AD Mathews,D Madushanka,1,0,,,,,,,,,
1382892,2023,2023-08-12,"R Premadasa Stadium, Colombo",1,9.6,B-Love Kandy,Jaffna Kings,AD Mathews,Mohammad Haris,D Madushanka,4,0,,,,,,,,,
1382892,2023,2023-08-12,"R Premadasa Stadium, Colombo",1,10.1,B-Love Kandy,Jaffna Kings,Mohammad Haris,AD Mathews,N Thushara,4,0,,,,,,,,,
1382892,2023,2023-08-12,"R Premadasa Stadium, Colombo",1,10.2,B-Love Kandy,Jaffna Kings,Mohammad Haris,AD Mathews,N Thushara,1,0,,,,,,,,,
1382892,2023,2023-08-12,"R Premadasa Stadium, Colombo",1,10.3,B-Love Kandy,Jaffna Kings,AD Mathews,Mohammad Haris,N Thushara,0,0,,,,,,,,,
1382892,2023,2023-08-12,"R Premadasa Stadium, Colombo",1,10.4,B-Love Kandy,Jaffna Kings,AD Mathews,Mohammad Haris,N Thushara,1,0,,,,,,,,,
1382892,2023,2023-08-12,"R Premadasa Stadium, Colombo",1,10.5,B-Love Kandy,Jaffna Kings,Mohammad Haris,AD Mathews,N Thushara,0,1,1,,,,,,,,
1382892,2023,2023-08-12,"R Premadasa Stadium, Colombo",1,10.6,B-Love Kandy,Jaffna Kings,Mohammad Haris,AD Mathews,N Thushara,4,0,,,,,,,,,
1382892,2023,2023-08-12,"R Premadasa Stadium, Colombo",1,10.7,B-Love Kandy,Jaffna Kings,Mohammad Haris,AD Mathews,N Thushara,0,1,1,,,,,,,,
1382892,2023,2023-08-12,"R Premadasa Stadium, Colombo",1,10.8,B-Love Kandy,Jaffna Kings,Mohammad Haris,AD Mathews,N Thushara,1,0,,,,,,,,,
1382892,2023,2023-08-12,"R Premadasa Stadium, Colombo",1,11.1,B-Love Kandy,Jaffna Kings,Mohammad Haris,AD Mathews,DN Wellalage,1,0,,,,,,,,,
1382892,2023,2023-08-12,"R Premadasa Stadium, Colombo",1,11.2,B-Love Kandy,Jaffna Kings,AD Mathews,Mohammad Haris,DN Wellalage,0,1,1,,,,,,,,
1382892,2023,2023-08-12,"R Premadasa Stadium, Colombo",1,11.3,B-Love Kandy,Jaffna Kings,AD Mathews,Mohammad Haris,DN Wellalage,1,0,,,,,,,,,
1382892,2023,2023-08-12,"R Premadasa Stadium, Colombo",1,11.4,B-Love Kandy,Jaffna Kings,Mohammad Haris,AD Mathews,DN Wellalage,4,0,,,,,,,,,
1382892,2023,2023-08-12,"R Premadasa Stadium, Colombo",1,11.5,B-Love Kandy,Jaffna Kings,Mohammad Haris,AD Mathews,DN Wellalage,1,0,,,,,,,,,
1382892,2023,2023-08-12,"R Premadasa Stadium, Colombo",1,11.6,B-Love Kandy,Jaffna Kings,AD Mathews,Mohammad Haris,DN Wellalage,1,0,,,,,,,,,
1382892,2023,2023-08-12,"R Premadasa Stadium, Colombo",1,11.7,B-Love Kandy,Jaffna Kings,Mohammad Haris,AD Mathews,DN Wellalage,2,0,,,,,,,,,
1382892,2023,2023-08-12,"R Premadasa Stadium, Colombo",1,12.1,B-Love Kandy,Jaffna Kings,AD Mathews,Mohammad Haris,M Theekshana,1,0,,,,,,,,,
1382892,2023,2023-08-12,"R Premadasa Stadium, Colombo",1,12.2,B-Love Kandy,Jaffna Kings,Mohammad Haris,AD Mathews,M Theekshana,1,0,,,,,,,,,
1382892,2023,2023-08-12,"R Premadasa Stadium, Colombo",1,12.3,B-Love Kandy,Jaffna Kings,AD Mathews,Mohammad Haris,M Theekshana,6,0,,,,,,,,,
1382892,2023,2023-08-12,"R Premadasa Stadium, Colombo",1,12.4,B-Love Kandy,Jaffna Kings,AD Mathews,Mohammad Haris,M Theekshana,1,0,,,,,,,,,
1382892,2023,2023-08-12,"R Premadasa Stadium, Colombo",1,12.5,B-Love Kandy,Jaffna Kings,Mohammad Haris,AD Mathews,M Theekshana,0,0,,,,,,,,,
1382892,2023,2023-08-12,"R Premadasa Stadium, Colombo",1,12.6,B-Love Kandy,Jaffna Kings,Mohammad Haris,AD Mathews,M Theekshana,1,0,,,,,,,,,
1382892,2023,2023-08-12,"R Premadasa Stadium, Colombo",1,13.1,B-Love Kandy,Jaffna Kings,Mohammad Haris,AD Mathews,D Madushanka,4,0,,,,,,,,,
1382892,2023,2023-08-12,"R Premadasa Stadium, Colombo",1,13.2,B-Love Kandy,Jaffna Kings,Mohammad Haris,AD Mathews,D Madushanka,4,0,,,,,,,,,
1382892,2023,2023-08-12,"R Premadasa Stadium, Colombo",1,13.3,B-Love Kandy,Jaffna Kings,Mohammad Haris,AD Mathews,D Madushanka,0,0,,,,,,,,,
1382892,2023,2023-08-12,"R Premadasa Stadium, Colombo",1,13.4,B-Love Kandy,Jaffna Kings,Mohammad Haris,AD Mathews,D Madushanka,0,0,,,,,,,,,
1382892,2023,2023-08-12,"R Premadasa Stadium, Colombo",1,13.5,B-Love Kandy,Jaffna Kings,Mohammad Haris,AD Mathews,D Madushanka,1,0,,,,,,,,,
1382892,2023,2023-08-12,"R Premadasa Stadium, Colombo",1,13.6,B-Love Kandy,Jaffna Kings,AD Mathews,Mohammad Haris,D Madushanka,1,0,,,,,,,,,
1382892,2023,2023-08-12,"R Premadasa Stadium, Colombo",1,14.1,B-Love Kandy,Jaffna Kings,AD Mathews,Mohammad Haris,DN Wellalage,1,0,,,,,,,,,
1382892,2023,2023-08-12,"R Premadasa Stadium, Colombo",1,14.2,B-Love Kandy,Jaffna Kings,Mohammad Haris,AD Mathews,DN Wellalage,4,0,,,,,,,,,
1382892,2023,2023-08-12,"R Premadasa Stadium, Colombo",1,14.3,B-Love Kandy,Jaffna Kings,Mohammad Haris,AD Mathews,DN Wellalage,6,0,,,,,,,,,
1382892,2023,2023-08-12,"R Premadasa Stadium, Colombo",1,14.4,B-Love Kandy,Jaffna Kings,Mohammad Haris,AD Mathews,DN Wellalage,4,0,,,,,,,,,
1382892,2023,2023-08-12,"R Premadasa Stadium, Colombo",1,14.5,B-Love Kandy,Jaffna Kings,Mohammad Haris,AD Mathews,DN Wellalage,0,0,,,,,,bowled,Mohammad Haris,,
1382892,2023,2023-08-12,"R Premadasa Stadium, Colombo",1,14.6,B-Love Kandy,Jaffna Kings,PWH de Silva,AD Mathews,DN Wellalage,1,0,,,,,,,,,
1382892,2023,2023-08-12,"R Premadasa Stadium, Colombo",1,15.1,B-Love Kandy,Jaffna Kings,PWH de Silva,AD Mathews,Shoaib Malik,1,0,,,,,,,,,
1382892,2023,2023-08-12,"R Premadasa Stadium, Colombo",1,15.2,B-Love Kandy,Jaffna Kings,AD Mathews,PWH de Silva,Shoaib Malik,1,0,,,,,,,,,
1382892,2023,2023-08-12,"R Premadasa Stadium, Colombo",1,15.3,B-Love Kandy,Jaffna Kings,PWH de Silva,AD Mathews,Shoaib Malik,1,0,,,,,,,,,
1382892,2023,2023-08-12,"R Premadasa Stadium, Colombo",1,15.4,B-Love Kandy,Jaffna Kings,AD Mathews,PWH de Silva,Shoaib Malik,1,0,,,,,,,,,
1382892,2023,2023-08-12,"R Premadasa Stadium, Colombo",1,15.5,B-Love Kandy,Jaffna Kings,PWH de Silva,AD Mathews,Shoaib Malik,1,0,,,,,,,,,
1382892,2023,2023-08-12,"R Premadasa Stadium, Colombo",1,15.6,B-Love Kandy,Jaffna Kings,AD Mathews,PWH de Silva,Shoaib Malik,1,0,,,,,,,,,
1382892,2023,2023-08-12,"R Premadasa Stadium, Colombo",1,16.1,B-Love Kandy,Jaffna Kings,AD Mathews,PWH de Silva,N Thushara,0,0,,,,,,caught,AD Mathews,,
1382892,2023,2023-08-12,"R Premadasa Stadium, Colombo",1,16.2,B-Love Kandy,Jaffna Kings,Asif Ali,PWH de Silva,N Thushara,1,0,,,,,,,,,
1382892,2023,2023-08-12,"R Premadasa Stadium, Colombo",1,16.3,B-Love Kandy,Jaffna Kings,PWH de Silva,Asif Ali,N Thushara,0,0,,,,,,,,,
1382892,2023,2023-08-12,"R Premadasa Stadium, Colombo",1,16.4,B-Love Kandy,Jaffna Kings,PWH de Silva,Asif Ali,N Thushara,1,0,,,,,,,,,
1382892,2023,2023-08-12,"R Premadasa Stadium, Colombo",1,16.5,B-Love Kandy,Jaffna Kings,Asif Ali,PWH de Silva,N Thushara,1,0,,,,,,,,,
1382892,2023,2023-08-12,"R Premadasa Stadium, Colombo",1,16.6,B-Love Kandy,Jaffna Kings,PWH de Silva,Asif Ali,N Thushara,1,0,,,,,,,,,
1382892,2023,2023-08-12,"R Premadasa Stadium, Colombo",1,17.1,B-Love Kandy,Jaffna Kings,PWH de Silva,Asif Ali,M Theekshana,6,0,,,,,,,,,
1382892,2023,2023-08-12,"R Premadasa Stadium, Colombo",1,17.2,B-Love Kandy,Jaffna Kings,PWH de Silva,Asif Ali,M Theekshana,1,0,,,,,,,,,
1382892,2023,2023-08-12,"R Premadasa Stadium, Colombo",1,17.3,B-Love Kandy,Jaffna Kings,Asif Ali,PWH de Silva,M Theekshana,2,0,,,,,,,,,
1382892,2023,2023-08-12,"R Premadasa Stadium, Colombo",1,17.4,B-Love Kandy,Jaffna Kings,Asif Ali,PWH de Silva,M Theekshana,0,0,,,,,,,,,
1382892,2023,2023-08-12,"R Premadasa Stadium, Colombo",1,17.5,B-Love Kandy,Jaffna Kings,Asif Ali,PWH de Silva,M Theekshana,1,0,,,,,,,,,
1382892,2023,2023-08-12,"R Premadasa Stadium, Colombo",1,17.6,B-Love Kandy,Jaffna Kings,PWH de Silva,Asif Ali,M Theekshana,1,0,,,,,,,,,
1382892,2023,2023-08-12,"R Premadasa Stadium, Colombo",1,18.1,B-Love Kandy,Jaffna Kings,PWH de Silva,Asif Ali,N Thushara,1,0,,,,,,,,,
1382892,2023,2023-08-12,"R Premadasa Stadium, Colombo",1,18.2,B-Love Kandy,Jaffna Kings,Asif Ali,PWH de Silva,N Thushara,1,0,,,,,,,,,
1382892,2023,2023-08-12,"R Premadasa Stadium, Colombo",1,18.3,B-Love Kandy,Jaffna Kings,PWH de Silva,Asif Ali,N Thushara,0,0,,,,,,,,,
1382892,2023,2023-08-12,"R Premadasa Stadium, Colombo",1,18.4,B-Love Kandy,Jaffna Kings,PWH de Silva,Asif Ali,N Thushara,4,0,,,,,,,,,
1382892,2023,2023-08-12,"R Premadasa Stadium, Colombo",1,18.5,B-Love Kandy,Jaffna Kings,PWH de Silva,Asif Ali,N Thushara,0,1,1,,,,,,,,
1382892,2023,2023-08-12,"R Premadasa Stadium, Colombo",1,18.6,B-Love Kandy,Jaffna Kings,PWH de Silva,Asif Ali,N Thushara,0,0,,,,,,caught,PWH de Silva,,
1382892,2023,2023-08-12,"R Premadasa Stadium, Colombo",1,18.7,B-Love Kandy,Jaffna Kings,I Udana,Asif Ali,N Thushara,1,0,,,,,,,,,
1382892,2023,2023-08-12,"R Premadasa Stadium, Colombo",1,19.1,B-Love Kandy,Jaffna Kings,I Udana,Asif Ali,D Madushanka,0,0,,,,,,run out,Asif Ali,,
1382892,2023,2023-08-12,"R Premadasa Stadium, Colombo",1,19.2,B-Love Kandy,Jaffna Kings,I Udana,PVD Chameera,D Madushanka,6,0,,,,,,,,,
1382892,2023,2023-08-12,"R Premadasa Stadium, Colombo",1,19.3,B-Love Kandy,Jaffna Kings,I Udana,PVD Chameera,D Madushanka,2,0,,,,,,,,,
1382892,2023,2023-08-12,"R Premadasa Stadium, Colombo",1,19.4,B-Love Kandy,Jaffna Kings,I Udana,PVD Chameera,D Madushanka,0,1,1,,,,,,,,
1382892,2023,2023-08-12,"R Premadasa Stadium, Colombo",1,19.5,B-Love Kandy,Jaffna Kings,I Udana,PVD Chameera,D Madushanka,0,0,,,,,,,,,
1382892,2023,2023-08-12,"R Premadasa Stadium, Colombo",1,19.6,B-Love Kandy,Jaffna Kings,I Udana,PVD Chameera,D Madushanka,0,0,,,,,,caught,I Udana,,
1382892,2023,2023-08-12,"R Premadasa Stadium, Colombo",1,19.7,B-Love Kandy,Jaffna Kings,Mujeeb Ur Rahman,PVD Chameera,D Madushanka,1,0,,,,,,,,,
1382892,2023,2023-08-12,"R Premadasa Stadium, Colombo",2,0.1,Jaffna Kings,B-Love Kandy,KNM Fernando,Rahmanullah Gurbaz,AD Mathews,0,0,,,,,,,,,
1382892,2023,2023-08-12,"R Premadasa Stadium, Colombo",2,0.2,Jaffna Kings,B-Love Kandy,KNM Fernando,Rahmanullah Gurbaz,AD Mathews,1,0,,,,,,,,,
1382892,2023,2023-08-12,"R Premadasa Stadium, Colombo",2,0.3,Jaffna Kings,B-Love Kandy,Rahmanullah Gurbaz,KNM Fernando,AD Mathews,1,0,,,,,,,,,
1382892,2023,2023-08-12,"R Premadasa Stadium, Colombo",2,0.4,Jaffna Kings,B-Love Kandy,KNM Fernando,Rahmanullah Gurbaz,AD Mathews,0,0,,,,,,,,,
1382892,2023,2023-08-12,"R Premadasa Stadium, Colombo",2,0.5,Jaffna Kings,B-Love Kandy,KNM Fernando,Rahmanullah Gurbaz,AD Mathews,1,0,,,,,,,,,
1382892,2023,2023-08-12,"R Premadasa Stadium, Colombo",2,0.6,Jaffna Kings,B-Love Kandy,Rahmanullah Gurbaz,KNM Fernando,AD Mathews,0,0,,,,,,caught,Rahmanullah Gurbaz,,
1382892,2023,2023-08-12,"R Premadasa Stadium, Colombo",2,1.1,Jaffna Kings,B-Love Kandy,KNM Fernando,CA Lynn,Mujeeb Ur Rahman,0,0,,,,,,,,,
1382892,2023,2023-08-12,"R Premadasa Stadium, Colombo",2,1.2,Jaffna Kings,B-Love Kandy,KNM Fernando,CA Lynn,Mujeeb Ur Rahman,4,0,,,,,,,,,
1382892,2023,2023-08-12,"R Premadasa Stadium, Colombo",2,1.3,Jaffna Kings,B-Love Kandy,KNM Fernando,CA Lynn,Mujeeb Ur Rahman,1,0,,,,,,,,,
1382892,2023,2023-08-12,"R Premadasa Stadium, Colombo",2,1.4,Jaffna Kings,B-Love Kandy,CA Lynn,KNM Fernando,Mujeeb Ur Rahman,1,0,,,,,,,,,
1382892,2023,2023-08-12,"R Premadasa Stadium, Colombo",2,1.5,Jaffna Kings,B-Love Kandy,KNM Fernando,CA Lynn,Mujeeb Ur Rahman,1,0,,,,,,,,,
1382892,2023,2023-08-12,"R Premadasa Stadium, Colombo",2,1.6,Jaffna Kings,B-Love Kandy,CA Lynn,KNM Fernando,Mujeeb Ur Rahman,0,0,,,,,,,,,
1382892,2023,2023-08-12,"R Premadasa Stadium, Colombo",2,2.1,Jaffna Kings,B-Love Kandy,KNM Fernando,CA Lynn,AD Mathews,0,0,,,,,,caught,KNM Fernando,,
1382892,2023,2023-08-12,"R Premadasa Stadium, Colombo",2,2.2,Jaffna Kings,B-Love Kandy,KIC Asalanka,CA Lynn,AD Mathews,0,0,,,,,,,,,
1382892,2023,2023-08-12,"R Premadasa Stadium, Colombo",2,2.3,Jaffna Kings,B-Love Kandy,KIC Asalanka,CA Lynn,AD Mathews,1,0,,,,,,,,,
1382892,2023,2023-08-12,"R Premadasa Stadium, Colombo",2,2.4,Jaffna Kings,B-Love Kandy,CA Lynn,KIC Asalanka,AD Mathews,0,0,,,,,,,,,
1382892,2023,2023-08-12,"R Premadasa Stadium, Colombo",2,2.5,Jaffna Kings,B-Love Kandy,CA Lynn,KIC Asalanka,AD Mathews,0,0,,,,,,,,,
1382892,2023,2023-08-12,"R Premadasa Stadium, Colombo",2,2.6,Jaffna Kings,B-Love Kandy,CA Lynn,KIC Asalanka,AD Mathews,0,0,,,,,,,,,
1382892,2023,2023-08-12,"R Premadasa Stadium, Colombo",2,3.1,Jaffna Kings,B-Love Kandy,KIC Asalanka,CA Lynn,Mujeeb Ur Rahman,0,0,,,,,,,,,
1382892,2023,2023-08-12,"R Premadasa Stadium, Colombo",2,3.2,Jaffna Kings,B-Love Kandy,KIC Asalanka,CA Lynn,Mujeeb Ur Rahman,0,0,,,,,,,,,
1382892,2023,2023-08-12,"R Premadasa Stadium, Colombo",2,3.3,Jaffna Kings,B-Love Kandy,KIC Asalanka,CA Lynn,Mujeeb Ur Rahman,0,0,,,,,,,,,
1382892,2023,2023-08-12,"R Premadasa Stadium, Colombo",2,3.4,Jaffna Kings,B-Love Kandy,KIC Asalanka,CA Lynn,Mujeeb Ur Rahman,1,0,,,,,,,,,
1382892,2023,2023-08-12,"R Premadasa Stadium, Colombo",2,3.5,Jaffna Kings,B-Love Kandy,CA Lynn,KIC Asalanka,Mujeeb Ur Rahman,0,4,,,4,,,,,,
1382892,2023,2023-08-12,"R Premadasa Stadium, Colombo",2,3.6,Jaffna Kings,B-Love Kandy,CA Lynn,KIC Asalanka,Mujeeb Ur Rahman,0,0,,,,,,,,,
1382892,2023,2023-08-12,"R Premadasa Stadium, Colombo",2,4.1,Jaffna Kings,B-Love Kandy,KIC Asalanka,CA Lynn,AD Mathews,0,0,,,,,,caught,KIC Asalanka,,
1382892,2023,2023-08-12,"R Premadasa Stadium, Colombo",2,4.2,Jaffna Kings,B-Love Kandy,Shoaib Malik,CA Lynn,AD Mathews,1,0,,,,,,,,,
1382892,2023,2023-08-12,"R Premadasa Stadium, Colombo",2,4.3,Jaffna Kings,B-Love Kandy,CA Lynn,Shoaib Malik,AD Mathews,4,0,,,,,,,,,
1382892,2023,2023-08-12,"R Premadasa Stadium, Colombo",2,4.4,Jaffna Kings,B-Love Kandy,CA Lynn,Shoaib Malik,AD Mathews,0,0,,,,,,,,,
1382892,2023,2023-08-12,"R Premadasa Stadium, Colombo",2,4.5,Jaffna Kings,B-Love Kandy,CA Lynn,Shoaib Malik,AD Mathews,0,0,,,,,,,,,
1382892,2023,2023-08-12,"R Premadasa Stadium, Colombo",2,4.6,Jaffna Kings,B-Love Kandy,CA Lynn,Shoaib Malik,AD Mathews,1,0,,,,,,,,,
1382892,2023,2023-08-12,"R Premadasa Stadium, Colombo",2,5.1,Jaffna Kings,B-Love Kandy,CA Lynn,Shoaib Malik,PWH de Silva,1,0,,,,,,,,,
1382892,2023,2023-08-12,"R Premadasa Stadium, Colombo",2,5.2,Jaffna Kings,B-Love Kandy,Shoaib Malik,CA Lynn,PWH de Silva,1,0,,,,,,,,,
1382892,2023,2023-08-12,"R Premadasa Stadium, Colombo",2,5.3,Jaffna Kings,B-Love Kandy,CA Lynn,Shoaib Malik,PWH de Silva,4,0,,,,,,,,,
1382892,2023,2023-08-12,"R Premadasa Stadium, Colombo",2,5.4,Jaffna Kings,B-Love Kandy,CA Lynn,Shoaib Malik,PWH de Silva,4,0,,,,,,,,,
1382892,2023,2023-08-12,"R Premadasa Stadium, Colombo",2,5.5,Jaffna Kings,B-Love Kandy,CA Lynn,Shoaib Malik,PWH de Silva,4,0,,,,,,,,,
1382892,2023,2023-08-12,"R Premadasa Stadium, Colombo",2,5.6,Jaffna Kings,B-Love Kandy,CA Lynn,Shoaib Malik,PWH de Silva,0,0,,,,,,,,,
1382892,2023,2023-08-12,"R Premadasa Stadium, Colombo",2,6.1,Jaffna Kings,B-Love Kandy,Shoaib Malik,CA Lynn,PVD Chameera,0,0,,,,,,,,,
1382892,2023,2023-08-12,"R Premadasa Stadium, Colombo",2,6.2,Jaffna Kings,B-Love Kandy,Shoaib Malik,CA Lynn,PVD Chameera,1,0,,,,,,,,,
1382892,2023,2023-08-12,"R Premadasa Stadium, Colombo",2,6.3,Jaffna Kings,B-Love Kandy,CA Lynn,Shoaib Malik,PVD Chameera,0,0,,,,,,,,,
1382892,2023,2023-08-12,"R Premadasa Stadium, Colombo",2,6.4,Jaffna Kings,B-Love Kandy,CA Lynn,Shoaib Malik,PVD Chameera,0,0,,,,,,,,,
1382892,2023,2023-08-12,"R Premadasa Stadium, Colombo",2,6.5,Jaffna Kings,B-Love Kandy,CA Lynn,Shoaib Malik,PVD Chameera,0,0,,,,,,,,,
1382892,2023,2023-08-12,"R Premadasa Stadium, Colombo",2,6.6,Jaffna Kings,B-Love Kandy,CA Lynn,Shoaib Malik,PVD Chameera,0,0,,,,,,,,,
1382892,2023,2023-08-12,"R Premadasa Stadium, Colombo",2,7.1,Jaffna Kings,B-Love Kandy,Shoaib Malik,CA Lynn,PWH de Silva,1,0,,,,,,,,,
1382892,2023,2023-08-12,"R Premadasa Stadium, Colombo",2,7.2,Jaffna Kings,B-Love Kandy,CA Lynn,Shoaib Malik,PWH de Silva,1,0,,,,,,,,,
1382892,2023,2023-08-12,"R Premadasa Stadium, Colombo",2,7.3,Jaffna Kings,B-Love Kandy,Shoaib Malik,CA Lynn,PWH de Silva,1,0,,,,,,,,,
1382892,2023,2023-08-12,"R Premadasa Stadium, Colombo",2,7.4,Jaffna Kings,B-Love Kandy,CA Lynn,Shoaib Malik,PWH de Silva,0,0,,,,,,,,,
1382892,2023,2023-08-12,"R Premadasa Stadium, Colombo",2,7.5,Jaffna Kings,B-Love Kandy,CA Lynn,Shoaib Malik,PWH de Silva,1,0,,,,,,,,,
1382892,2023,2023-08-12,"R Premadasa Stadium, Colombo",2,7.6,Jaffna Kings,B-Love Kandy,Shoaib Malik,CA Lynn,PWH de Silva,4,0,,,,,,,,,
1382892,2023,2023-08-12,"R Premadasa Stadium, Colombo",2,8.1,Jaffna Kings,B-Love Kandy,CA Lynn,Shoaib Malik,N Pradeep,0,0,,,,,,,,,
1382892,2023,2023-08-12,"R Premadasa Stadium, Colombo",2,8.2,Jaffna Kings,B-Love Kandy,CA Lynn,Shoaib Malik,N Pradeep,6,0,,,,,,,,,
1382892,2023,2023-08-12,"R Premadasa Stadium, Colombo",2,8.3,Jaffna Kings,B-Love Kandy,CA Lynn,Shoaib Malik,N Pradeep,0,0,,,,,,caught,CA Lynn,,
1382892,2023,2023-08-12,"R Premadasa Stadium, Colombo",2,8.4,Jaffna Kings,B-Love Kandy,DA Miller,Shoaib Malik,N Pradeep,0,0,,,,,,,,,
1382892,2023,2023-08-12,"R Premadasa Stadium, Colombo",2,8.5,Jaffna Kings,B-Love Kandy,DA Miller,Shoaib Malik,N Pradeep,2,0,,,,,,,,,
1382892,2023,2023-08-12,"R Premadasa Stadium, Colombo",2,8.6,Jaffna Kings,B-Love Kandy,DA Miller,Shoaib Malik,N Pradeep,0,0,,,,,,,,,
1382892,2023,2023-08-12,"R Premadasa Stadium, Colombo",2,9.1,Jaffna Kings,B-Love Kandy,Shoaib Malik,DA Miller,PVD Chameera,4,0,,,,,,,,,
1382892,2023,2023-08-12,"R Premadasa Stadium, Colombo",2,9.2,Jaffna Kings,B-Love Kandy,Shoaib Malik,DA Miller,PVD Chameera,0,0,,,,,,,,,
1382892,2023,2023-08-12,"R Premadasa Stadium, Colombo",2,9.3,Jaffna Kings,B-Love Kandy,Shoaib Malik,DA Miller,PVD Chameera,2,0,,,,,,,,,
1382892,2023,2023-08-12,"R Premadasa Stadium, Colombo",2,9.4,Jaffna Kings,B-Love Kandy,Shoaib Malik,DA Miller,PVD Chameera,1,0,,,,,,,,,
1382892,2023,2023-08-12,"R Premadasa Stadium, Colombo",2,9.5,Jaffna Kings,B-Love Kandy,DA Miller,Shoaib Malik,PVD Chameera,1,0,,,,,,,,,
1382892,2023,2023-08-12,"R Premadasa Stadium, Colombo",2,9.6,Jaffna Kings,B-Love Kandy,Shoaib Malik,DA Miller,PVD Chameera,0,0,,,,,,,,,
1382892,2023,2023-08-12,"R Premadasa Stadium, Colombo",2,10.1,Jaffna Kings,B-Love Kandy,DA Miller,Shoaib Malik,I Udana,0,0,,,,,,,,,
1382892,2023,2023-08-12,"R Premadasa Stadium, Colombo",2,10.2,Jaffna Kings,B-Love Kandy,DA Miller,Shoaib Malik,I Udana,1,0,,,,,,,,,
1382892,2023,2023-08-12,"R Premadasa Stadium, Colombo",2,10.3,Jaffna Kings,B-Love Kandy,Shoaib Malik,DA Miller,I Udana,1,0,,,,,,,,,
1382892,2023,2023-08-12,"R Premadasa Stadium, Colombo",2,10.4,Jaffna Kings,B-Love Kandy,DA Miller,Shoaib Malik,I Udana,1,0,,,,,,,,,
1382892,2023,2023-08-12,"R Premadasa Stadium, Colombo",2,10.5,Jaffna Kings,B-Love Kandy,Shoaib Malik,DA Miller,I Udana,1,0,,,,,,,,,
1382892,2023,2023-08-12,"R Premadasa Stadium, Colombo",2,10.6,Jaffna Kings,B-Love Kandy,DA Miller,Shoaib Malik,I Udana,1,0,,,,,,,,,
1382892,2023,2023-08-12,"R Premadasa Stadium, Colombo",2,11.1,Jaffna Kings,B-Love Kandy,DA Miller,Shoaib Malik,N Pradeep,4,0,,,,,,,,,
1382892,2023,2023-08-12,"R Premadasa Stadium, Colombo",2,11.2,Jaffna Kings,B-Love Kandy,DA Miller,Shoaib Malik,N Pradeep,4,0,,,,,,,,,
1382892,2023,2023-08-12,"R Premadasa Stadium, Colombo",2,11.3,Jaffna Kings,B-Love Kandy,DA Miller,Shoaib Malik,N Pradeep,0,0,,,,,,,,,
1382892,2023,2023-08-12,"R Premadasa Stadium, Colombo",2,11.4,Jaffna Kings,B-Love Kandy,DA Miller,Shoaib Malik,N Pradeep,4,0,,,,,,,,,
1382892,2023,2023-08-12,"R Premadasa Stadium, Colombo",2,11.5,Jaffna Kings,B-Love Kandy,DA Miller,Shoaib Malik,N Pradeep,4,0,,,,,,,,,
1382892,2023,2023-08-12,"R Premadasa Stadium, Colombo",2,11.6,Jaffna Kings,B-Love Kandy,DA Miller,Shoaib Malik,N Pradeep,1,0,,,,,,,,,
1382892,2023,2023-08-12,"R Premadasa Stadium, Colombo",2,12.1,Jaffna Kings,B-Love Kandy,DA Miller,Shoaib Malik,I Udana,1,0,,,,,,,,,
1382892,2023,2023-08-12,"R Premadasa Stadium, Colombo",2,12.2,Jaffna Kings,B-Love Kandy,Shoaib Malik,DA Miller,I Udana,4,0,,,,,,,,,
1382892,2023,2023-08-12,"R Premadasa Stadium, Colombo",2,12.3,Jaffna Kings,B-Love Kandy,Shoaib Malik,DA Miller,I Udana,0,1,1,,,,,,,,
1382892,2023,2023-08-12,"R Premadasa Stadium, Colombo",2,12.4,Jaffna Kings,B-Love Kandy,Shoaib Malik,DA Miller,I Udana,1,0,,,,,,,,,
1382892,2023,2023-08-12,"R Premadasa Stadium, Colombo",2,12.5,Jaffna Kings,B-Love Kandy,DA Miller,Shoaib Malik,I Udana,0,0,,,,,,bowled,DA Miller,,
1382892,2023,2023-08-12,"R Premadasa Stadium, Colombo",2,12.6,Jaffna Kings,B-Love Kandy,NLTC Perera,Shoaib Malik,I Udana,1,0,,,,,,,,,
1382892,2023,2023-08-12,"R Premadasa Stadium, Colombo",2,12.7,Jaffna Kings,B-Love Kandy,Shoaib Malik,NLTC Perera,I Udana,1,0,,,,,,,,,
1382892,2023,2023-08-12,"R Premadasa Stadium, Colombo",2,13.1,Jaffna Kings,B-Love Kandy,Shoaib Malik,NLTC Perera,Mujeeb Ur Rahman,1,0,,,,,,,,,
1382892,2023,2023-08-12,"R Premadasa Stadium, Colombo",2,13.2,Jaffna Kings,B-Love Kandy,NLTC Perera,Shoaib Malik,Mujeeb Ur Rahman,2,0,,,,,,,,,
1382892,2023,2023-08-12,"R Premadasa Stadium, Colombo",2,13.3,Jaffna Kings,B-Love Kandy,NLTC Perera,Shoaib Malik,Mujeeb Ur Rahman,4,0,,,,,,,,,
1382892,2023,2023-08-12,"R Premadasa Stadium, Colombo",2,13.4,Jaffna Kings,B-Love Kandy,NLTC Perera,Shoaib Malik,Mujeeb Ur Rahman,0,0,,,,,,,,,
1382892,2023,2023-08-12,"R Premadasa Stadium, Colombo",2,13.5,Jaffna Kings,B-Love Kandy,NLTC Perera,Shoaib Malik,Mujeeb Ur Rahman,6,0,,,,,,,,,
1382892,2023,2023-08-12,"R Premadasa Stadium, Colombo",2,13.6,Jaffna Kings,B-Love Kandy,NLTC Perera,Shoaib Malik,Mujeeb Ur Rahman,0,1,1,,,,,,,,
1382892,2023,2023-08-12,"R Premadasa Stadium, Colombo",2,13.7,Jaffna Kings,B-Love Kandy,NLTC Perera,Shoaib Malik,Mujeeb Ur Rahman,1,0,,,,,,,,,
1382892,2023,2023-08-12,"R Premadasa Stadium, Colombo",2,14.1,Jaffna Kings,B-Love Kandy,NLTC Perera,Shoaib Malik,PVD Chameera,1,0,,,,,,,,,
1382892,2023,2023-08-12,"R Premadasa Stadium, Colombo",2,14.2,Jaffna Kings,B-Love Kandy,Shoaib Malik,NLTC Perera,PVD Chameera,6,0,,,,,,,,,
1382892,2023,2023-08-12,"R Premadasa Stadium, Colombo",2,14.3,Jaffna Kings,B-Love Kandy,Shoaib Malik,NLTC Perera,PVD Chameera,1,0,,,,,,,,,
1382892,2023,2023-08-12,"R Premadasa Stadium, Colombo",2,14.4,Jaffna Kings,B-Love Kandy,NLTC Perera,Shoaib Malik,PVD Chameera,4,0,,,,,,,,,
1382892,2023,2023-08-12,"R Premadasa Stadium, Colombo",2,14.5,Jaffna Kings,B-Love Kandy,NLTC Perera,Shoaib Malik,PVD Chameera,2,0,,,,,,,,,
1382892,2023,2023-08-12,"R Premadasa Stadium, Colombo",2,14.6,Jaffna Kings,B-Love Kandy,NLTC Perera,Shoaib Malik,PVD Chameera,1,0,,,,,,,,,
1382892,2023,2023-08-12,"R Premadasa Stadium, Colombo",2,15.1,Jaffna Kings,B-Love Kandy,NLTC Perera,Shoaib Malik,N Pradeep,2,0,,,,,,,,,
1382892,2023,2023-08-12,"R Premadasa Stadium, Colombo",2,15.2,Jaffna Kings,B-Love Kandy,NLTC Perera,Shoaib Malik,N Pradeep,1,0,,,,,,,,,
1382892,2023,2023-08-12,"R Premadasa Stadium, Colombo",2,15.3,Jaffna Kings,B-Love Kandy,Shoaib Malik,NLTC Perera,N Pradeep,1,0,,,,,,,,,
1382892,2023,2023-08-12,"R Premadasa Stadium, Colombo",2,15.4,Jaffna Kings,B-Love Kandy,NLTC Perera,Shoaib Malik,N Pradeep,1,0,,,,,,,,,
1382892,2023,2023-08-12,"R Premadasa Stadium, Colombo",2,15.5,Jaffna Kings,B-Love Kandy,Shoaib Malik,NLTC Perera,N Pradeep,1,0,,,,,,,,,
1382892,2023,2023-08-12,"R Premadasa Stadium, Colombo",2,15.6,Jaffna Kings,B-Love Kandy,NLTC Perera,Shoaib Malik,N Pradeep,2,0,,,,,,,,,
1382892,2023,2023-08-12,"R Premadasa Stadium, Colombo",2,16.1,Jaffna Kings,B-Love Kandy,Shoaib Malik,NLTC Perera,I Udana,0,0,,,,,,,,,
1382892,2023,2023-08-12,"R Premadasa Stadium, Colombo",2,16.2,Jaffna Kings,B-Love Kandy,Shoaib Malik,NLTC Perera,I Udana,1,0,,,,,,,,,
1382892,2023,2023-08-12,"R Premadasa Stadium, Colombo",2,16.3,Jaffna Kings,B-Love Kandy,NLTC Perera,Shoaib Malik,I Udana,1,0,,,,,,,,,
1382892,2023,2023-08-12,"R Premadasa Stadium, Colombo",2,16.4,Jaffna Kings,B-Love Kandy,Shoaib Malik,NLTC Perera,I Udana,4,0,,,,,,,,,
1382892,2023,2023-08-12,"R Premadasa Stadium, Colombo",2,16.5,Jaffna Kings,B-Love Kandy,Shoaib Malik,NLTC Perera,I Udana,1,0,,,,,,,,,
1382892,2023,2023-08-12,"R Premadasa Stadium, Colombo",2,16.6,Jaffna Kings,B-Love Kandy,NLTC Perera,Shoaib Malik,I Udana,0,1,1,,,,,,,,
1382892,2023,2023-08-12,"R Premadasa Stadium, Colombo",2,16.7,Jaffna Kings,B-Love Kandy,NLTC Perera,Shoaib Malik,I Udana,0,0,,,,,,,,,
1382892,2023,2023-08-12,"R Premadasa Stadium, Colombo",2,17.1,Jaffna Kings,B-Love Kandy,Shoaib Malik,NLTC Perera,N Pradeep,0,1,1,,,,,,,,
1382892,2023,2023-08-12,"R Premadasa Stadium, Colombo",2,17.2,Jaffna Kings,B-Love Kandy,Shoaib Malik,NLTC Perera,N Pradeep,1,0,,,,,,,,,
1382892,2023,2023-08-12,"R Premadasa Stadium, Colombo",2,17.3,Jaffna Kings,B-Love Kandy,NLTC Perera,Shoaib Malik,N Pradeep,0,0,,,,,,,,,
1382892,2023,2023-08-12,"R Premadasa Stadium, Colombo",2,17.4,Jaffna Kings,B-Love Kandy,NLTC Perera,Shoaib Malik,N Pradeep,6,0,,,,,,,,,
1382892,2023,2023-08-12,"R Premadasa Stadium, Colombo",2,17.5,Jaffna Kings,B-Love Kandy,NLTC Perera,Shoaib Malik,N Pradeep,1,1,,1,,,,,,,
1382892,2023,2023-08-12,"R Premadasa Stadium, Colombo",2,17.6,Jaffna Kings,B-Love Kandy,Shoaib Malik,NLTC Perera,N Pradeep,0,1,1,,,,,,,,
1382892,2023,2023-08-12,"R Premadasa Stadium, Colombo",2,17.7,Jaffna Kings,B-Love Kandy,Shoaib Malik,NLTC Perera,N Pradeep,1,0,,,,,,,,,
1382892,2023,2023-08-12,"R Premadasa Stadium, Colombo",2,17.8,Jaffna Kings,B-Love Kandy,NLTC Perera,Shoaib Malik,N Pradeep,0,0,,,,,,caught,NLTC Perera,,
1382892,2023,2023-08-12,"R Premadasa Stadium, Colombo",2,17.9,Jaffna Kings,B-Love Kandy,DN Wellalage,Shoaib Malik,N Pradeep,1,1,,1,,,,,,,
1382892,2023,2023-08-12,"R Premadasa Stadium, Colombo",2,17.10,Jaffna Kings,B-Love Kandy,Shoaib Malik,DN Wellalage,N Pradeep,1,0,,,,,,,,,
1382892,2023,2023-08-12,"R Premadasa Stadium, Colombo",2,18.1,Jaffna Kings,B-Love Kandy,Shoaib Malik,DN Wellalage,I Udana,2,0,,,,,,,,,
1382892,2023,2023-08-12,"R Premadasa Stadium, Colombo",2,18.2,Jaffna Kings,B-Love Kandy,Shoaib Malik,DN Wellalage,I Udana,0,0,,,,,,,,,
1382892,2023,2023-08-12,"R Premadasa Stadium, Colombo",2,18.3,Jaffna Kings,B-Love Kandy,Shoaib Malik,DN Wellalage,I Udana,1,0,,,,,,,,,
1382892,2023,2023-08-12,"R Premadasa Stadium, Colombo",2,18.4,Jaffna Kings,B-Love Kandy,DN Wellalage,Shoaib Malik,I Udana,2,0,,,,,,,,,
1382892,2023,2023-08-12,"R Premadasa Stadium, Colombo",2,18.5,Jaffna Kings,B-Love Kandy,DN Wellalage,Shoaib Malik,I Udana,1,0,,,,,,,,,
1382892,2023,2023-08-12,"R Premadasa Stadium, Colombo",2,18.6,Jaffna Kings,B-Love Kandy,Shoaib Malik,DN Wellalage,I Udana,2,0,,,,,,,,,
1382892,2023,2023-08-12,"R Premadasa Stadium, Colombo",2,19.1,Jaffna Kings,B-Love Kandy,DN Wellalage,Shoaib Malik,PVD Chameera,1,0,,,,,,,,,
1382892,2023,2023-08-12,"R Premadasa Stadium, Colombo",2,19.2,Jaffna Kings,B-Love Kandy,Shoaib Malik,DN Wellalage,PVD Chameera,2,0,,,,,,,,,
1382892,2023,2023-08-12,"R Premadasa Stadium, Colombo",2,19.3,Jaffna Kings,B-Love Kandy,Shoaib Malik,DN Wellalage,PVD Chameera,2,0,,,,,,,,,
1382892,2023,2023-08-12,"R Premadasa Stadium, Colombo",2,19.4,Jaffna Kings,B-Love Kandy,Shoaib Malik,DN Wellalage,PVD Chameera,2,0,,,,,,,,,
1382892,2023,2023-08-12,"R Premadasa Stadium, Colombo",2,19.5,Jaffna Kings,B-Love Kandy,Shoaib Malik,DN Wellalage,PVD Chameera,1,0,,,,,,,,,
1382892,2023,2023-08-12,"R Premadasa Stadium, Colombo",2,19.6,Jaffna Kings,B-Love Kandy,DN Wellalage,Shoaib Malik,PVD Chameera,1,0,,,,,,,,,
