match_id,season,start_date,venue,innings,ball,batting_team,bowling_team,striker,non_striker,bowler,runs_off_bat,extras,wides,noballs,byes,legbyes,penalty,wicket_type,player_dismissed,other_wicket_type,other_player_dismissed
1382882,2023,2023-08-01,"R Premadasa Stadium, Colombo",1,0.1,Galle Titans,B-Love Kandy,S Daniel,L Croospulle,Mujeeb Ur Rahman,0,1,1,,,,,,,,
1382882,2023,2023-08-01,"R Premadasa Stadium, Colombo",1,0.2,Galle Titans,B-Love Kandy,S Daniel,L Croospulle,Mujeeb Ur Rahman,0,0,,,,,,,,,
1382882,2023,2023-08-01,"R Premadasa Stadium, Colombo",1,0.3,Galle Titans,B-Love Kandy,S Daniel,L Croospulle,Mujeeb Ur Rahman,0,0,,,,,,,,,
1382882,2023,2023-08-01,"R Premadasa Stadium, Colombo",1,0.4,Galle Titans,B-Love Kandy,S Daniel,L Croospulle,Mujeeb Ur Rahman,0,0,,,,,,,,,
1382882,2023,2023-08-01,"R Premadasa Stadium, Colombo",1,0.5,Galle Titans,B-Love Kandy,S Daniel,L Croospulle,Mujeeb Ur Rahman,0,1,,,,1,,,,,
1382882,2023,2023-08-01,"R Premadasa Stadium, Colombo",1,0.6,Galle Titans,B-Love Kandy,L Croospulle,S Daniel,Mujeeb Ur Rahman,1,0,,,,,,,,,
1382882,2023,2023-08-01,"R Premadasa Stadium, Colombo",1,0.7,Galle Titans,B-Love Kandy,S Daniel,L Croospulle,Mujeeb Ur Rahman,0,0,,,,,,,,,
1382882,2023,2023-08-01,"R Premadasa Stadium, Colombo",1,1.1,Galle Titans,B-Love Kandy,L Croospulle,S Daniel,I Udana,1,0,,,,,,,,,
1382882,2023,2023-08-01,"R Premadasa Stadium, Colombo",1,1.2,Galle Titans,B-Love Kandy,S Daniel,L Croospulle,I Udana,1,0,,,,,,,,,
1382882,2023,2023-08-01,"R Premadasa Stadium, Colombo",1,1.3,Galle Titans,B-Love Kandy,L Croospulle,S Daniel,I Udana,0,0,,,,,,,,,
1382882,2023,2023-08-01,"R Premadasa Stadium, Colombo",1,1.4,Galle Titans,B-Love Kandy,L Croospulle,S Daniel,I Udana,0,0,,,,,,,,,
1382882,2023,2023-08-01,"R Premadasa Stadium, Colombo",1,1.5,Galle Titans,B-Love Kandy,L Croospulle,S Daniel,I Udana,1,0,,,,,,,,,
1382882,2023,2023-08-01,"R Premadasa Stadium, Colombo",1,1.6,Galle Titans,B-Love Kandy,S Daniel,L Croospulle,I Udana,6,0,,,,,,,,,
1382882,2023,2023-08-01,"R Premadasa Stadium, Colombo",1,2.1,Galle Titans,B-Love Kandy,L Croospulle,S Daniel,Aamer Jamal,1,0,,,,,,,,,
1382882,2023,2023-08-01,"R Premadasa Stadium, Colombo",1,2.2,Galle Titans,B-Love Kandy,S Daniel,L Croospulle,Aamer Jamal,4,0,,,,,,,,,
1382882,2023,2023-08-01,"R Premadasa Stadium, Colombo",1,2.3,Galle Titans,B-Love Kandy,S Daniel,L Croospulle,Aamer Jamal,0,1,1,,,,,,,,
1382882,2023,2023-08-01,"R Premadasa Stadium, Colombo",1,2.4,Galle Titans,B-Love Kandy,S Daniel,L Croospulle,Aamer Jamal,0,0,,,,,,,,,
1382882,2023,2023-08-01,"R Premadasa Stadium, Colombo",1,2.5,Galle Titans,B-Love Kandy,S Daniel,L Croospulle,Aamer Jamal,0,1,1,,,,,,,,
1382882,2023,2023-08-01,"R Premadasa Stadium, Colombo",1,2.6,Galle Titans,B-Love Kandy,S Daniel,L Croospulle,Aamer Jamal,0,0,,,,,,,,,
1382882,2023,2023-08-01,"R Premadasa Stadium, Colombo",1,2.7,Galle Titans,B-Love Kandy,S Daniel,L Croospulle,Aamer Jamal,0,1,1,,,,,,,,
1382882,2023,2023-08-01,"R Premadasa Stadium, Colombo",1,2.8,Galle Titans,B-Love Kandy,S Daniel,L Croospulle,Aamer Jamal,4,0,,,,,,,,,
1382882,2023,2023-08-01,"R Premadasa Stadium, Colombo",1,2.9,Galle Titans,B-Love Kandy,S Daniel,L Croospulle,Aamer Jamal,0,0,,,,,,,,,
1382882,2023,2023-08-01,"R Premadasa Stadium, Colombo",1,3.1,Galle Titans,B-Love Kandy,L Croospulle,S Daniel,Mujeeb Ur Rahman,0,0,,,,,,,,,
1382882,2023,2023-08-01,"R Premadasa Stadium, Colombo",1,3.2,Galle Titans,B-Love Kandy,L Croospulle,S Daniel,Mujeeb Ur Rahman,0,0,,,,,,,,,
1382882,2023,2023-08-01,"R Premadasa Stadium, Colombo",1,3.3,Galle Titans,B-Love Kandy,L Croospulle,S Daniel,Mujeeb Ur Rahman,0,0,,,,,,,,,
1382882,2023,2023-08-01,"R Premadasa Stadium, Colombo",1,3.4,Galle Titans,B-Love Kandy,L Croospulle,S Daniel,Mujeeb Ur Rahman,3,0,,,,,,,,,
1382882,2023,2023-08-01,"R Premadasa Stadium, Colombo",1,3.5,Galle Titans,B-Love Kandy,S Daniel,L Croospulle,Mujeeb Ur Rahman,0,0,,,,,,,,,
1382882,2023,2023-08-01,"R Premadasa Stadium, Colombo",1,3.6,Galle Titans,B-Love Kandy,S Daniel,L Croospulle,Mujeeb Ur Rahman,1,0,,,,,,,,,
1382882,2023,2023-08-01,"R Premadasa Stadium, Colombo",1,4.1,Galle Titans,B-Love Kandy,S Daniel,L Croospulle,Mohammad Hasnain,1,0,,,,,,,,,
1382882,2023,2023-08-01,"R Premadasa Stadium, Colombo",1,4.2,Galle Titans,B-Love Kandy,L Croospulle,S Daniel,Mohammad Hasnain,4,0,,,,,,,,,
1382882,2023,2023-08-01,"R Premadasa Stadium, Colombo",1,4.3,Galle Titans,B-Love Kandy,L Croospulle,S Daniel,Mohammad Hasnain,0,0,,,,,,,,,
1382882,2023,2023-08-01,"R Premadasa Stadium, Colombo",1,4.4,Galle Titans,B-Love Kandy,L Croospulle,S Daniel,Mohammad Hasnain,0,0,,,,,,,,,
1382882,2023,2023-08-01,"R Premadasa Stadium, Colombo",1,4.5,Galle Titans,B-Love Kandy,L Croospulle,S Daniel,Mohammad Hasnain,0,0,,,,,,run out,L Croospulle,,
1382882,2023,2023-08-01,"R Premadasa Stadium, Colombo",1,4.6,Galle Titans,B-Love Kandy,S Daniel,PBB Rajapaksa,Mohammad Hasnain,0,0,,,,,,,,,
1382882,2023,2023-08-01,"R Premadasa Stadium, Colombo",1,5.1,Galle Titans,B-Love Kandy,PBB Rajapaksa,S Daniel,I Udana,1,0,,,,,,,,,
1382882,2023,2023-08-01,"R Premadasa Stadium, Colombo",1,5.2,Galle Titans,B-Love Kandy,S Daniel,PBB Rajapaksa,I Udana,0,0,,,,,,,,,
1382882,2023,2023-08-01,"R Premadasa Stadium, Colombo",1,5.3,Galle Titans,B-Love Kandy,S Daniel,PBB Rajapaksa,I Udana,1,0,,,,,,,,,
1382882,2023,2023-08-01,"R Premadasa Stadium, Colombo",1,5.4,Galle Titans,B-Love Kandy,PBB Rajapaksa,S Daniel,I Udana,0,0,,,,,,,,,
1382882,2023,2023-08-01,"R Premadasa Stadium, Colombo",1,5.5,Galle Titans,B-Love Kandy,PBB Rajapaksa,S Daniel,I Udana,1,0,,,,,,,,,
1382882,2023,2023-08-01,"R Premadasa Stadium, Colombo",1,5.6,Galle Titans,B-Love Kandy,S Daniel,PBB Rajapaksa,I Udana,1,0,,,,,,,,,
1382882,2023,2023-08-01,"R Premadasa Stadium, Colombo",1,6.1,Galle Titans,B-Love Kandy,S Daniel,PBB Rajapaksa,Mohammad Hasnain,0,0,,,,,,,,,
1382882,2023,2023-08-01,"R Premadasa Stadium, Colombo",1,6.2,Galle Titans,B-Love Kandy,S Daniel,PBB Rajapaksa,Mohammad Hasnain,0,0,,,,,,,,,
1382882,2023,2023-08-01,"R Premadasa Stadium, Colombo",1,6.3,Galle Titans,B-Love Kandy,S Daniel,PBB Rajapaksa,Mohammad Hasnain,0,4,,,,4,,,,,
1382882,2023,2023-08-01,"R Premadasa Stadium, Colombo",1,6.4,Galle Titans,B-Love Kandy,S Daniel,PBB Rajapaksa,Mohammad Hasnain,1,0,,,,,,,,,
1382882,2023,2023-08-01,"R Premadasa Stadium, Colombo",1,6.5,Galle Titans,B-Love Kandy,PBB Rajapaksa,S Daniel,Mohammad Hasnain,0,0,,,,,,,,,
1382882,2023,2023-08-01,"R Premadasa Stadium, Colombo",1,6.6,Galle Titans,B-Love Kandy,PBB Rajapaksa,S Daniel,Mohammad Hasnain,2,0,,,,,,,,,
1382882,2023,2023-08-01,"R Premadasa Stadium, Colombo",1,7.1,Galle Titans,B-Love Kandy,S Daniel,PBB Rajapaksa,PWH de Silva,0,0,,,,,,,,,
1382882,2023,2023-08-01,"R Premadasa Stadium, Colombo",1,7.2,Galle Titans,B-Love Kandy,S Daniel,PBB Rajapaksa,PWH de Silva,0,0,,,,,,,,,
1382882,2023,2023-08-01,"R Premadasa Stadium, Colombo",1,7.3,Galle Titans,B-Love Kandy,S Daniel,PBB Rajapaksa,PWH de Silva,0,0,,,,,,,,,
1382882,2023,2023-08-01,"R Premadasa Stadium, Colombo",1,7.4,Galle Titans,B-Love Kandy,S Daniel,PBB Rajapaksa,PWH de Silva,4,0,,,,,,,,,
1382882,2023,2023-08-01,"R Premadasa Stadium, Colombo",1,7.5,Galle Titans,B-Love Kandy,S Daniel,PBB Rajapaksa,PWH de Silva,1,0,,,,,,,,,
1382882,2023,2023-08-01,"R Premadasa Stadium, Colombo",1,7.6,Galle Titans,B-Love Kandy,PBB Rajapaksa,S Daniel,PWH de Silva,0,0,,,,,,,,,
1382882,2023,2023-08-01,"R Premadasa Stadium, Colombo",1,8.1,Galle Titans,B-Love Kandy,S Daniel,PBB Rajapaksa,Aamer Jamal,0,0,,,,,,,,,
1382882,2023,2023-08-01,"R Premadasa Stadium, Colombo",1,8.2,Galle Titans,B-Love Kandy,S Daniel,PBB Rajapaksa,Aamer Jamal,0,1,,,,1,,,,,
1382882,2023,2023-08-01,"R Premadasa Stadium, Colombo",1,8.3,Galle Titans,B-Love Kandy,PBB Rajapaksa,S Daniel,Aamer Jamal,0,0,,,,,,caught,PBB Rajapaksa,,
1382882,2023,2023-08-01,"R Premadasa Stadium, Colombo",1,8.4,Galle Titans,B-Love Kandy,TL Seifert,S Daniel,Aamer Jamal,4,0,,,,,,,,,
1382882,2023,2023-08-01,"R Premadasa Stadium, Colombo",1,8.5,Galle Titans,B-Love Kandy,TL Seifert,S Daniel,Aamer Jamal,4,0,,,,,,,,,
1382882,2023,2023-08-01,"R Premadasa Stadium, Colombo",1,8.6,Galle Titans,B-Love Kandy,TL Seifert,S Daniel,Aamer Jamal,1,0,,,,,,,,,
1382882,2023,2023-08-01,"R Premadasa Stadium, Colombo",1,9.1,Galle Titans,B-Love Kandy,TL Seifert,S Daniel,PWH de Silva,1,0,,,,,,,,,
1382882,2023,2023-08-01,"R Premadasa Stadium, Colombo",1,9.2,Galle Titans,B-Love Kandy,S Daniel,TL Seifert,PWH de Silva,0,0,,,,,,caught,S Daniel,,
1382882,2023,2023-08-01,"R Premadasa Stadium, Colombo",1,9.3,Galle Titans,B-Love Kandy,Shakib Al Hasan,TL Seifert,PWH de Silva,0,0,,,,,,,,,
1382882,2023,2023-08-01,"R Premadasa Stadium, Colombo",1,9.4,Galle Titans,B-Love Kandy,Shakib Al Hasan,TL Seifert,PWH de Silva,0,0,,,,,,,,,
1382882,2023,2023-08-01,"R Premadasa Stadium, Colombo",1,9.5,Galle Titans,B-Love Kandy,Shakib Al Hasan,TL Seifert,PWH de Silva,2,0,,,,,,,,,
1382882,2023,2023-08-01,"R Premadasa Stadium, Colombo",1,9.6,Galle Titans,B-Love Kandy,Shakib Al Hasan,TL Seifert,PWH de Silva,1,0,,,,,,,,,
1382882,2023,2023-08-01,"R Premadasa Stadium, Colombo",1,10.1,Galle Titans,B-Love Kandy,Shakib Al Hasan,TL Seifert,Aamer Jamal,0,1,1,,,,,,,,
1382882,2023,2023-08-01,"R Premadasa Stadium, Colombo",1,10.2,Galle Titans,B-Love Kandy,Shakib Al Hasan,TL Seifert,Aamer Jamal,0,1,1,,,,,,,,
1382882,2023,2023-08-01,"R Premadasa Stadium, Colombo",1,10.3,Galle Titans,B-Love Kandy,Shakib Al Hasan,TL Seifert,Aamer Jamal,1,0,,,,,,,,,
1382882,2023,2023-08-01,"R Premadasa Stadium, Colombo",1,10.4,Galle Titans,B-Love Kandy,TL Seifert,Shakib Al Hasan,Aamer Jamal,6,0,,,,,,,,,
1382882,2023,2023-08-01,"R Premadasa Stadium, Colombo",1,10.5,Galle Titans,B-Love Kandy,TL Seifert,Shakib Al Hasan,Aamer Jamal,4,0,,,,,,,,,
1382882,2023,2023-08-01,"R Premadasa Stadium, Colombo",1,10.6,Galle Titans,B-Love Kandy,TL Seifert,Shakib Al Hasan,Aamer Jamal,6,0,,,,,,,,,
1382882,2023,2023-08-01,"R Premadasa Stadium, Colombo",1,10.7,Galle Titans,B-Love Kandy,TL Seifert,Shakib Al Hasan,Aamer Jamal,1,0,,,,,,,,,
1382882,2023,2023-08-01,"R Premadasa Stadium, Colombo",1,10.8,Galle Titans,B-Love Kandy,Shakib Al Hasan,TL Seifert,Aamer Jamal,2,0,,,,,,,,,
1382882,2023,2023-08-01,"R Premadasa Stadium, Colombo",1,11.1,Galle Titans,B-Love Kandy,TL Seifert,Shakib Al Hasan,Mujeeb Ur Rahman,1,0,,,,,,,,,
1382882,2023,2023-08-01,"R Premadasa Stadium, Colombo",1,11.2,Galle Titans,B-Love Kandy,Shakib Al Hasan,TL Seifert,Mujeeb Ur Rahman,1,0,,,,,,,,,
1382882,2023,2023-08-01,"R Premadasa Stadium, Colombo",1,11.3,Galle Titans,B-Love Kandy,TL Seifert,Shakib Al Hasan,Mujeeb Ur Rahman,0,4,,,,4,,,,,
1382882,2023,2023-08-01,"R Premadasa Stadium, Colombo",1,11.4,Galle Titans,B-Love Kandy,TL Seifert,Shakib Al Hasan,Mujeeb Ur Rahman,2,0,,,,,,,,,
1382882,2023,2023-08-01,"R Premadasa Stadium, Colombo",1,11.5,Galle Titans,B-Love Kandy,TL Seifert,Shakib Al Hasan,Mujeeb Ur Rahman,1,0,,,,,,,,,
1382882,2023,2023-08-01,"R Premadasa Stadium, Colombo",1,11.6,Galle Titans,B-Love Kandy,Shakib Al Hasan,TL Seifert,Mujeeb Ur Rahman,1,0,,,,,,,,,
1382882,2023,2023-08-01,"R Premadasa Stadium, Colombo",1,12.1,Galle Titans,B-Love Kandy,Shakib Al Hasan,TL Seifert,PWH de Silva,1,0,,,,,,,,,
1382882,2023,2023-08-01,"R Premadasa Stadium, Colombo",1,12.2,Galle Titans,B-Love Kandy,TL Seifert,Shakib Al Hasan,PWH de Silva,4,0,,,,,,,,,
1382882,2023,2023-08-01,"R Premadasa Stadium, Colombo",1,12.3,Galle Titans,B-Love Kandy,TL Seifert,Shakib Al Hasan,PWH de Silva,1,0,,,,,,,,,
1382882,2023,2023-08-01,"R Premadasa Stadium, Colombo",1,12.4,Galle Titans,B-Love Kandy,Shakib Al Hasan,TL Seifert,PWH de Silva,1,0,,,,,,,,,
1382882,2023,2023-08-01,"R Premadasa Stadium, Colombo",1,12.5,Galle Titans,B-Love Kandy,TL Seifert,Shakib Al Hasan,PWH de Silva,1,0,,,,,,,,,
1382882,2023,2023-08-01,"R Premadasa Stadium, Colombo",1,12.6,Galle Titans,B-Love Kandy,Shakib Al Hasan,TL Seifert,PWH de Silva,0,1,,,,1,,,,,
1382882,2023,2023-08-01,"R Premadasa Stadium, Colombo",1,13.1,Galle Titans,B-Love Kandy,Shakib Al Hasan,TL Seifert,PHKD Mendis,1,0,,,,,,,,,
1382882,2023,2023-08-01,"R Premadasa Stadium, Colombo",1,13.2,Galle Titans,B-Love Kandy,TL Seifert,Shakib Al Hasan,PHKD Mendis,1,0,,,,,,,,,
1382882,2023,2023-08-01,"R Premadasa Stadium, Colombo",1,13.3,Galle Titans,B-Love Kandy,Shakib Al Hasan,TL Seifert,PHKD Mendis,6,0,,,,,,,,,
1382882,2023,2023-08-01,"R Premadasa Stadium, Colombo",1,13.4,Galle Titans,B-Love Kandy,Shakib Al Hasan,TL Seifert,PHKD Mendis,6,0,,,,,,,,,
1382882,2023,2023-08-01,"R Premadasa Stadium, Colombo",1,13.5,Galle Titans,B-Love Kandy,Shakib Al Hasan,TL Seifert,PHKD Mendis,1,0,,,,,,,,,
1382882,2023,2023-08-01,"R Premadasa Stadium, Colombo",1,13.6,Galle Titans,B-Love Kandy,TL Seifert,Shakib Al Hasan,PHKD Mendis,1,0,,,,,,,,,
1382882,2023,2023-08-01,"R Premadasa Stadium, Colombo",1,14.1,Galle Titans,B-Love Kandy,TL Seifert,Shakib Al Hasan,Mohammad Hasnain,0,2,,1,1,,,,,,
1382882,2023,2023-08-01,"R Premadasa Stadium, Colombo",1,14.2,Galle Titans,B-Love Kandy,Shakib Al Hasan,TL Seifert,Mohammad Hasnain,1,0,,,,,,,,,
1382882,2023,2023-08-01,"R Premadasa Stadium, Colombo",1,14.3,Galle Titans,B-Love Kandy,TL Seifert,Shakib Al Hasan,Mohammad Hasnain,1,0,,,,,,,,,
1382882,2023,2023-08-01,"R Premadasa Stadium, Colombo",1,14.4,Galle Titans,B-Love Kandy,Shakib Al Hasan,TL Seifert,Mohammad Hasnain,1,0,,,,,,,,,
1382882,2023,2023-08-01,"R Premadasa Stadium, Colombo",1,14.5,Galle Titans,B-Love Kandy,TL Seifert,Shakib Al Hasan,Mohammad Hasnain,0,0,,,,,,,,,
1382882,2023,2023-08-01,"R Premadasa Stadium, Colombo",1,14.6,Galle Titans,B-Love Kandy,TL Seifert,Shakib Al Hasan,Mohammad Hasnain,1,0,,,,,,,,,
1382882,2023,2023-08-01,"R Premadasa Stadium, Colombo",1,14.7,Galle Titans,B-Love Kandy,Shakib Al Hasan,TL Seifert,Mohammad Hasnain,0,0,,,,,,,,,
1382882,2023,2023-08-01,"R Premadasa Stadium, Colombo",1,15.1,Galle Titans,B-Love Kandy,TL Seifert,Shakib Al Hasan,Mujeeb Ur Rahman,1,0,,,,,,,,,
1382882,2023,2023-08-01,"R Premadasa Stadium, Colombo",1,15.2,Galle Titans,B-Love Kandy,Shakib Al Hasan,TL Seifert,Mujeeb Ur Rahman,1,0,,,,,,,,,
1382882,2023,2023-08-01,"R Premadasa Stadium, Colombo",1,15.3,Galle Titans,B-Love Kandy,TL Seifert,Shakib Al Hasan,Mujeeb Ur Rahman,6,0,,,,,,,,,
1382882,2023,2023-08-01,"R Premadasa Stadium, Colombo",1,15.4,Galle Titans,B-Love Kandy,TL Seifert,Shakib Al Hasan,Mujeeb Ur Rahman,4,0,,,,,,,,,
1382882,2023,2023-08-01,"R Premadasa Stadium, Colombo",1,15.5,Galle Titans,B-Love Kandy,TL Seifert,Shakib Al Hasan,Mujeeb Ur Rahman,0,0,,,,,,,,,
1382882,2023,2023-08-01,"R Premadasa Stadium, Colombo",1,15.6,Galle Titans,B-Love Kandy,TL Seifert,Shakib Al Hasan,Mujeeb Ur Rahman,1,0,,,,,,,,,
1382882,2023,2023-08-01,"R Premadasa Stadium, Colombo",1,16.1,Galle Titans,B-Love Kandy,TL Seifert,Shakib Al Hasan,PWH de Silva,0,0,,,,,,,,,
1382882,2023,2023-08-01,"R Premadasa Stadium, Colombo",1,16.2,Galle Titans,B-Love Kandy,TL Seifert,Shakib Al Hasan,PWH de Silva,2,0,,,,,,,,,
1382882,2023,2023-08-01,"R Premadasa Stadium, Colombo",1,16.3,Galle Titans,B-Love Kandy,TL Seifert,Shakib Al Hasan,PWH de Silva,0,0,,,,,,,,,
1382882,2023,2023-08-01,"R Premadasa Stadium, Colombo",1,16.4,Galle Titans,B-Love Kandy,TL Seifert,Shakib Al Hasan,PWH de Silva,6,0,,,,,,,,,
1382882,2023,2023-08-01,"R Premadasa Stadium, Colombo",1,16.5,Galle Titans,B-Love Kandy,TL Seifert,Shakib Al Hasan,PWH de Silva,2,0,,,,,,,,,
1382882,2023,2023-08-01,"R Premadasa Stadium, Colombo",1,16.6,Galle Titans,B-Love Kandy,TL Seifert,Shakib Al Hasan,PWH de Silva,0,1,,,,1,,,,,
1382882,2023,2023-08-01,"R Premadasa Stadium, Colombo",1,17.1,Galle Titans,B-Love Kandy,TL Seifert,Shakib Al Hasan,I Udana,1,0,,,,,,,,,
1382882,2023,2023-08-01,"R Premadasa Stadium, Colombo",1,17.2,Galle Titans,B-Love Kandy,Shakib Al Hasan,TL Seifert,I Udana,2,0,,,,,,,,,
1382882,2023,2023-08-01,"R Premadasa Stadium, Colombo",1,17.3,Galle Titans,B-Love Kandy,Shakib Al Hasan,TL Seifert,I Udana,1,0,,,,,,,,,
1382882,2023,2023-08-01,"R Premadasa Stadium, Colombo",1,17.4,Galle Titans,B-Love Kandy,TL Seifert,Shakib Al Hasan,I Udana,0,0,,,,,,,,,
1382882,2023,2023-08-01,"R Premadasa Stadium, Colombo",1,17.5,Galle Titans,B-Love Kandy,TL Seifert,Shakib Al Hasan,I Udana,1,0,,,,,,run out,Shakib Al Hasan,,
1382882,2023,2023-08-01,"R Premadasa Stadium, Colombo",1,17.6,Galle Titans,B-Love Kandy,TL Seifert,MD Shanaka,I Udana,1,0,,,,,,,,,
1382882,2023,2023-08-01,"R Premadasa Stadium, Colombo",1,18.1,Galle Titans,B-Love Kandy,TL Seifert,MD Shanaka,Mohammad Hasnain,2,0,,,,,,,,,
1382882,2023,2023-08-01,"R Premadasa Stadium, Colombo",1,18.2,Galle Titans,B-Love Kandy,TL Seifert,MD Shanaka,Mohammad Hasnain,0,1,1,,,,,,,,
1382882,2023,2023-08-01,"R Premadasa Stadium, Colombo",1,18.3,Galle Titans,B-Love Kandy,TL Seifert,MD Shanaka,Mohammad Hasnain,6,0,,,,,,,,,
1382882,2023,2023-08-01,"R Premadasa Stadium, Colombo",1,18.4,Galle Titans,B-Love Kandy,TL Seifert,MD Shanaka,Mohammad Hasnain,0,0,,,,,,caught,TL Seifert,,
1382882,2023,2023-08-01,"R Premadasa Stadium, Colombo",1,18.5,Galle Titans,B-Love Kandy,SMLD Samarakoon,MD Shanaka,Mohammad Hasnain,4,0,,,,,,,,,
1382882,2023,2023-08-01,"R Premadasa Stadium, Colombo",1,18.6,Galle Titans,B-Love Kandy,SMLD Samarakoon,MD Shanaka,Mohammad Hasnain,0,0,,,,,,,,,
1382882,2023,2023-08-01,"R Premadasa Stadium, Colombo",1,18.7,Galle Titans,B-Love Kandy,SMLD Samarakoon,MD Shanaka,Mohammad Hasnain,0,0,,,,,,,,,
1382882,2023,2023-08-01,"R Premadasa Stadium, Colombo",1,19.1,Galle Titans,B-Love Kandy,MD Shanaka,SMLD Samarakoon,I Udana,4,0,,,,,,,,,
1382882,2023,2023-08-01,"R Premadasa Stadium, Colombo",1,19.2,Galle Titans,B-Love Kandy,MD Shanaka,SMLD Samarakoon,I Udana,4,0,,,,,,,,,
1382882,2023,2023-08-01,"R Premadasa Stadium, Colombo",1,19.3,Galle Titans,B-Love Kandy,MD Shanaka,SMLD Samarakoon,I Udana,0,0,,,,,,,,,
1382882,2023,2023-08-01,"R Premadasa Stadium, Colombo",1,19.4,Galle Titans,B-Love Kandy,MD Shanaka,SMLD Samarakoon,I Udana,0,0,,,,,,,,,
1382882,2023,2023-08-01,"R Premadasa Stadium, Colombo",1,19.5,Galle Titans,B-Love Kandy,MD Shanaka,SMLD Samarakoon,I Udana,1,0,,,,,,,,,
1382882,2023,2023-08-01,"R Premadasa Stadium, Colombo",1,19.6,Galle Titans,B-Love Kandy,SMLD Samarakoon,MD Shanaka,I Udana,2,0,,,,,,,,,
1382882,2023,2023-08-01,"R Premadasa Stadium, Colombo",2,0.1,B-Love Kandy,Galle Titans,PTM Dabare,LD Chandimal,CAK Rajitha,1,0,,,,,,,,,
1382882,2023,2023-08-01,"R Premadasa Stadium, Colombo",2,0.2,B-Love Kandy,Galle Titans,LD Chandimal,PTM Dabare,CAK Rajitha,0,0,,,,,,,,,
1382882,2023,2023-08-01,"R Premadasa Stadium, Colombo",2,0.3,B-Love Kandy,Galle Titans,LD Chandimal,PTM Dabare,CAK Rajitha,0,0,,,,,,caught,LD Chandimal,,
1382882,2023,2023-08-01,"R Premadasa Stadium, Colombo",2,0.4,B-Love Kandy,Galle Titans,PHKD Mendis,PTM Dabare,CAK Rajitha,0,1,,,,1,,,,,
1382882,2023,2023-08-01,"R Premadasa Stadium, Colombo",2,0.5,B-Love Kandy,Galle Titans,PTM Dabare,PHKD Mendis,CAK Rajitha,0,0,,,,,,,,,
1382882,2023,2023-08-01,"R Premadasa Stadium, Colombo",2,0.6,B-Love Kandy,Galle Titans,PTM Dabare,PHKD Mendis,CAK Rajitha,0,1,1,,,,,,,,
1382882,2023,2023-08-01,"R Premadasa Stadium, Colombo",2,0.7,B-Love Kandy,Galle Titans,PTM Dabare,PHKD Mendis,CAK Rajitha,0,0,,,,,,,,,
1382882,2023,2023-08-01,"R Premadasa Stadium, Colombo",2,1.1,B-Love Kandy,Galle Titans,PHKD Mendis,PTM Dabare,R Ngarava,0,2,,,,2,,,,,
1382882,2023,2023-08-01,"R Premadasa Stadium, Colombo",2,1.2,B-Love Kandy,Galle Titans,PHKD Mendis,PTM Dabare,R Ngarava,0,0,,,,,,,,,
1382882,2023,2023-08-01,"R Premadasa Stadium, Colombo",2,1.3,B-Love Kandy,Galle Titans,PHKD Mendis,PTM Dabare,R Ngarava,0,0,,,,,,,,,
1382882,2023,2023-08-01,"R Premadasa Stadium, Colombo",2,1.4,B-Love Kandy,Galle Titans,PHKD Mendis,PTM Dabare,R Ngarava,0,0,,,,,,,,,
1382882,2023,2023-08-01,"R Premadasa Stadium, Colombo",2,1.5,B-Love Kandy,Galle Titans,PHKD Mendis,PTM Dabare,R Ngarava,2,0,,,,,,,,,
1382882,2023,2023-08-01,"R Premadasa Stadium, Colombo",2,1.6,B-Love Kandy,Galle Titans,PHKD Mendis,PTM Dabare,R Ngarava,1,0,,,,,,,,,
1382882,2023,2023-08-01,"R Premadasa Stadium, Colombo",2,2.1,B-Love Kandy,Galle Titans,PHKD Mendis,PTM Dabare,CAK Rajitha,0,0,,,,,,,,,
1382882,2023,2023-08-01,"R Premadasa Stadium, Colombo",2,2.2,B-Love Kandy,Galle Titans,PHKD Mendis,PTM Dabare,CAK Rajitha,0,0,,,,,,caught,PHKD Mendis,,
1382882,2023,2023-08-01,"R Premadasa Stadium, Colombo",2,2.3,B-Love Kandy,Galle Titans,AD Mathews,PTM Dabare,CAK Rajitha,0,1,1,,,,,,,,
1382882,2023,2023-08-01,"R Premadasa Stadium, Colombo",2,2.4,B-Love Kandy,Galle Titans,AD Mathews,PTM Dabare,CAK Rajitha,0,0,,,,,,,,,
1382882,2023,2023-08-01,"R Premadasa Stadium, Colombo",2,2.5,B-Love Kandy,Galle Titans,AD Mathews,PTM Dabare,CAK Rajitha,0,0,,,,,,,,,
1382882,2023,2023-08-01,"R Premadasa Stadium, Colombo",2,2.6,B-Love Kandy,Galle Titans,AD Mathews,PTM Dabare,CAK Rajitha,1,0,,,,,,,,,
1382882,2023,2023-08-01,"R Premadasa Stadium, Colombo",2,2.7,B-Love Kandy,Galle Titans,PTM Dabare,AD Mathews,CAK Rajitha,4,0,,,,,,,,,
1382882,2023,2023-08-01,"R Premadasa Stadium, Colombo",2,3.1,B-Love Kandy,Galle Titans,AD Mathews,PTM Dabare,R Ngarava,0,0,,,,,,,,,
1382882,2023,2023-08-01,"R Premadasa Stadium, Colombo",2,3.2,B-Love Kandy,Galle Titans,AD Mathews,PTM Dabare,R Ngarava,1,0,,,,,,,,,
1382882,2023,2023-08-01,"R Premadasa Stadium, Colombo",2,3.3,B-Love Kandy,Galle Titans,PTM Dabare,AD Mathews,R Ngarava,1,0,,,,,,,,,
1382882,2023,2023-08-01,"R Premadasa Stadium, Colombo",2,3.4,B-Love Kandy,Galle Titans,AD Mathews,PTM Dabare,R Ngarava,0,0,,,,,,bowled,AD Mathews,,
1382882,2023,2023-08-01,"R Premadasa Stadium, Colombo",2,3.5,B-Love Kandy,Galle Titans,PWH de Silva,PTM Dabare,R Ngarava,4,0,,,,,,,,,
1382882,2023,2023-08-01,"R Premadasa Stadium, Colombo",2,3.6,B-Love Kandy,Galle Titans,PWH de Silva,PTM Dabare,R Ngarava,0,0,,,,,,,,,
1382882,2023,2023-08-01,"R Premadasa Stadium, Colombo",2,4.1,B-Love Kandy,Galle Titans,PTM Dabare,PWH de Silva,SMLD Samarakoon,0,0,,,,,,,,,
1382882,2023,2023-08-01,"R Premadasa Stadium, Colombo",2,4.2,B-Love Kandy,Galle Titans,PTM Dabare,PWH de Silva,SMLD Samarakoon,2,0,,,,,,,,,
1382882,2023,2023-08-01,"R Premadasa Stadium, Colombo",2,4.3,B-Love Kandy,Galle Titans,PTM Dabare,PWH de Silva,SMLD Samarakoon,4,0,,,,,,,,,
1382882,2023,2023-08-01,"R Premadasa Stadium, Colombo",2,4.4,B-Love Kandy,Galle Titans,PTM Dabare,PWH de Silva,SMLD Samarakoon,0,0,,,,,,,,,
1382882,2023,2023-08-01,"R Premadasa Stadium, Colombo",2,4.5,B-Love Kandy,Galle Titans,PTM Dabare,PWH de Silva,SMLD Samarakoon,0,0,,,,,,,,,
1382882,2023,2023-08-01,"R Premadasa Stadium, Colombo",2,4.6,B-Love Kandy,Galle Titans,PTM Dabare,PWH de Silva,SMLD Samarakoon,0,0,,,,,,caught,PTM Dabare,,
1382882,2023,2023-08-01,"R Premadasa Stadium, Colombo",2,5.1,B-Love Kandy,Galle Titans,PWH de Silva,KNA Bandara,R Ngarava,4,0,,,,,,,,,
1382882,2023,2023-08-01,"R Premadasa Stadium, Colombo",2,5.2,B-Love Kandy,Galle Titans,PWH de Silva,KNA Bandara,R Ngarava,0,0,,,,,,,,,
1382882,2023,2023-08-01,"R Premadasa Stadium, Colombo",2,5.3,B-Love Kandy,Galle Titans,PWH de Silva,KNA Bandara,R Ngarava,0,4,,,4,,,,,,
1382882,2023,2023-08-01,"R Premadasa Stadium, Colombo",2,5.4,B-Love Kandy,Galle Titans,PWH de Silva,KNA Bandara,R Ngarava,1,0,,,,,,,,,
1382882,2023,2023-08-01,"R Premadasa Stadium, Colombo",2,5.5,B-Love Kandy,Galle Titans,KNA Bandara,PWH de Silva,R Ngarava,1,0,,,,,,,,,
1382882,2023,2023-08-01,"R Premadasa Stadium, Colombo",2,5.6,B-Love Kandy,Galle Titans,PWH de Silva,KNA Bandara,R Ngarava,0,0,,,,,,caught,PWH de Silva,,
1382882,2023,2023-08-01,"R Premadasa Stadium, Colombo",2,6.1,B-Love Kandy,Galle Titans,KNA Bandara,Asif Ali,SMLD Samarakoon,1,0,,,,,,,,,
1382882,2023,2023-08-01,"R Premadasa Stadium, Colombo",2,6.2,B-Love Kandy,Galle Titans,Asif Ali,KNA Bandara,SMLD Samarakoon,0,0,,,,,,,,,
1382882,2023,2023-08-01,"R Premadasa Stadium, Colombo",2,6.3,B-Love Kandy,Galle Titans,Asif Ali,KNA Bandara,SMLD Samarakoon,0,4,,,,4,,,,,
1382882,2023,2023-08-01,"R Premadasa Stadium, Colombo",2,6.4,B-Love Kandy,Galle Titans,Asif Ali,KNA Bandara,SMLD Samarakoon,0,0,,,,,,,,,
1382882,2023,2023-08-01,"R Premadasa Stadium, Colombo",2,6.5,B-Love Kandy,Galle Titans,Asif Ali,KNA Bandara,SMLD Samarakoon,0,0,,,,,,,,,
1382882,2023,2023-08-01,"R Premadasa Stadium, Colombo",2,6.6,B-Love Kandy,Galle Titans,Asif Ali,KNA Bandara,SMLD Samarakoon,1,0,,,,,,,,,
1382882,2023,2023-08-01,"R Premadasa Stadium, Colombo",2,7.1,B-Love Kandy,Galle Titans,Asif Ali,KNA Bandara,T Shamsi,1,0,,,,,,,,,
1382882,2023,2023-08-01,"R Premadasa Stadium, Colombo",2,7.2,B-Love Kandy,Galle Titans,KNA Bandara,Asif Ali,T Shamsi,0,0,,,,,,,,,
1382882,2023,2023-08-01,"R Premadasa Stadium, Colombo",2,7.3,B-Love Kandy,Galle Titans,KNA Bandara,Asif Ali,T Shamsi,0,0,,,,,,,,,
1382882,2023,2023-08-01,"R Premadasa Stadium, Colombo",2,7.4,B-Love Kandy,Galle Titans,KNA Bandara,Asif Ali,T Shamsi,1,0,,,,,,,,,
1382882,2023,2023-08-01,"R Premadasa Stadium, Colombo",2,7.5,B-Love Kandy,Galle Titans,Asif Ali,KNA Bandara,T Shamsi,1,0,,,,,,,,,
1382882,2023,2023-08-01,"R Premadasa Stadium, Colombo",2,7.6,B-Love Kandy,Galle Titans,KNA Bandara,Asif Ali,T Shamsi,0,0,,,,,,,,,
1382882,2023,2023-08-01,"R Premadasa Stadium, Colombo",2,8.1,B-Love Kandy,Galle Titans,Asif Ali,KNA Bandara,Shakib Al Hasan,0,1,1,,,,,,,,
1382882,2023,2023-08-01,"R Premadasa Stadium, Colombo",2,8.2,B-Love Kandy,Galle Titans,Asif Ali,KNA Bandara,Shakib Al Hasan,0,0,,,,,,caught,Asif Ali,,
1382882,2023,2023-08-01,"R Premadasa Stadium, Colombo",2,8.3,B-Love Kandy,Galle Titans,Aamer Jamal,KNA Bandara,Shakib Al Hasan,0,0,,,,,,,,,
1382882,2023,2023-08-01,"R Premadasa Stadium, Colombo",2,8.4,B-Love Kandy,Galle Titans,Aamer Jamal,KNA Bandara,Shakib Al Hasan,0,0,,,,,,,,,
1382882,2023,2023-08-01,"R Premadasa Stadium, Colombo",2,8.5,B-Love Kandy,Galle Titans,Aamer Jamal,KNA Bandara,Shakib Al Hasan,0,0,,,,,,,,,
1382882,2023,2023-08-01,"R Premadasa Stadium, Colombo",2,8.6,B-Love Kandy,Galle Titans,Aamer Jamal,KNA Bandara,Shakib Al Hasan,0,0,,,,,,,,,
1382882,2023,2023-08-01,"R Premadasa Stadium, Colombo",2,8.7,B-Love Kandy,Galle Titans,Aamer Jamal,KNA Bandara,Shakib Al Hasan,1,0,,,,,,,,,
1382882,2023,2023-08-01,"R Premadasa Stadium, Colombo",2,9.1,B-Love Kandy,Galle Titans,Aamer Jamal,KNA Bandara,T Shamsi,0,4,,,4,,,,,,
1382882,2023,2023-08-01,"R Premadasa Stadium, Colombo",2,9.2,B-Love Kandy,Galle Titans,Aamer Jamal,KNA Bandara,T Shamsi,0,0,,,,,,,,,
1382882,2023,2023-08-01,"R Premadasa Stadium, Colombo",2,9.3,B-Love Kandy,Galle Titans,Aamer Jamal,KNA Bandara,T Shamsi,0,0,,,,,,,,,
1382882,2023,2023-08-01,"R Premadasa Stadium, Colombo",2,9.4,B-Love Kandy,Galle Titans,Aamer Jamal,KNA Bandara,T Shamsi,1,0,,,,,,,,,
1382882,2023,2023-08-01,"R Premadasa Stadium, Colombo",2,9.5,B-Love Kandy,Galle Titans,KNA Bandara,Aamer Jamal,T Shamsi,1,0,,,,,,,,,
1382882,2023,2023-08-01,"R Premadasa Stadium, Colombo",2,9.6,B-Love Kandy,Galle Titans,Aamer Jamal,KNA Bandara,T Shamsi,1,0,,,,,,,,,
1382882,2023,2023-08-01,"R Premadasa Stadium, Colombo",2,10.1,B-Love Kandy,Galle Titans,Aamer Jamal,KNA Bandara,Shakib Al Hasan,0,0,,,,,,,,,
1382882,2023,2023-08-01,"R Premadasa Stadium, Colombo",2,10.2,B-Love Kandy,Galle Titans,Aamer Jamal,KNA Bandara,Shakib Al Hasan,1,0,,,,,,,,,
1382882,2023,2023-08-01,"R Premadasa Stadium, Colombo",2,10.3,B-Love Kandy,Galle Titans,KNA Bandara,Aamer Jamal,Shakib Al Hasan,1,0,,,,,,,,,
1382882,2023,2023-08-01,"R Premadasa Stadium, Colombo",2,10.4,B-Love Kandy,Galle Titans,Aamer Jamal,KNA Bandara,Shakib Al Hasan,1,0,,,,,,,,,
1382882,2023,2023-08-01,"R Premadasa Stadium, Colombo",2,10.5,B-Love Kandy,Galle Titans,KNA Bandara,Aamer Jamal,Shakib Al Hasan,0,0,,,,,,,,,
1382882,2023,2023-08-01,"R Premadasa Stadium, Colombo",2,10.6,B-Love Kandy,Galle Titans,KNA Bandara,Aamer Jamal,Shakib Al Hasan,1,0,,,,,,,,,
1382882,2023,2023-08-01,"R Premadasa Stadium, Colombo",2,11.1,B-Love Kandy,Galle Titans,KNA Bandara,Aamer Jamal,A Dananjaya,1,0,,,,,,,,,
1382882,2023,2023-08-01,"R Premadasa Stadium, Colombo",2,11.2,B-Love Kandy,Galle Titans,Aamer Jamal,KNA Bandara,A Dananjaya,0,0,,,,,,,,,
1382882,2023,2023-08-01,"R Premadasa Stadium, Colombo",2,11.3,B-Love Kandy,Galle Titans,Aamer Jamal,KNA Bandara,A Dananjaya,0,0,,,,,,,,,
1382882,2023,2023-08-01,"R Premadasa Stadium, Colombo",2,11.4,B-Love Kandy,Galle Titans,Aamer Jamal,KNA Bandara,A Dananjaya,0,0,,,,,,,,,
1382882,2023,2023-08-01,"R Premadasa Stadium, Colombo",2,11.5,B-Love Kandy,Galle Titans,Aamer Jamal,KNA Bandara,A Dananjaya,0,0,,,,,,,,,
1382882,2023,2023-08-01,"R Premadasa Stadium, Colombo",2,11.6,B-Love Kandy,Galle Titans,Aamer Jamal,KNA Bandara,A Dananjaya,0,0,,,,,,,,,
1382882,2023,2023-08-01,"R Premadasa Stadium, Colombo",2,12.1,B-Love Kandy,Galle Titans,KNA Bandara,Aamer Jamal,Shakib Al Hasan,1,0,,,,,,,,,
1382882,2023,2023-08-01,"R Premadasa Stadium, Colombo",2,12.2,B-Love Kandy,Galle Titans,Aamer Jamal,KNA Bandara,Shakib Al Hasan,0,1,1,,,,,,,,
1382882,2023,2023-08-01,"R Premadasa Stadium, Colombo",2,12.3,B-Love Kandy,Galle Titans,Aamer Jamal,KNA Bandara,Shakib Al Hasan,0,0,,,,,,,,,
1382882,2023,2023-08-01,"R Premadasa Stadium, Colombo",2,12.4,B-Love Kandy,Galle Titans,Aamer Jamal,KNA Bandara,Shakib Al Hasan,0,0,,,,,,,,,
1382882,2023,2023-08-01,"R Premadasa Stadium, Colombo",2,12.5,B-Love Kandy,Galle Titans,Aamer Jamal,KNA Bandara,Shakib Al Hasan,1,0,,,,,,,,,
1382882,2023,2023-08-01,"R Premadasa Stadium, Colombo",2,12.6,B-Love Kandy,Galle Titans,KNA Bandara,Aamer Jamal,Shakib Al Hasan,1,0,,,,,,,,,
1382882,2023,2023-08-01,"R Premadasa Stadium, Colombo",2,12.7,B-Love Kandy,Galle Titans,Aamer Jamal,KNA Bandara,Shakib Al Hasan,0,0,,,,,,bowled,Aamer Jamal,,
1382882,2023,2023-08-01,"R Premadasa Stadium, Colombo",2,13.1,B-Love Kandy,Galle Titans,KNA Bandara,I Udana,A Dananjaya,6,0,,,,,,,,,
1382882,2023,2023-08-01,"R Premadasa Stadium, Colombo",2,13.2,B-Love Kandy,Galle Titans,KNA Bandara,I Udana,A Dananjaya,1,0,,,,,,,,,
1382882,2023,2023-08-01,"R Premadasa Stadium, Colombo",2,13.3,B-Love Kandy,Galle Titans,I Udana,KNA Bandara,A Dananjaya,2,0,,,,,,,,,
1382882,2023,2023-08-01,"R Premadasa Stadium, Colombo",2,13.4,B-Love Kandy,Galle Titans,I Udana,KNA Bandara,A Dananjaya,1,0,,,,,,,,,
1382882,2023,2023-08-01,"R Premadasa Stadium, Colombo",2,13.5,B-Love Kandy,Galle Titans,KNA Bandara,I Udana,A Dananjaya,4,0,,,,,,,,,
1382882,2023,2023-08-01,"R Premadasa Stadium, Colombo",2,13.6,B-Love Kandy,Galle Titans,KNA Bandara,I Udana,A Dananjaya,1,0,,,,,,,,,
1382882,2023,2023-08-01,"R Premadasa Stadium, Colombo",2,14.1,B-Love Kandy,Galle Titans,KNA Bandara,I Udana,T Shamsi,6,0,,,,,,,,,
1382882,2023,2023-08-01,"R Premadasa Stadium, Colombo",2,14.2,B-Love Kandy,Galle Titans,KNA Bandara,I Udana,T Shamsi,0,0,,,,,,caught,KNA Bandara,,
1382882,2023,2023-08-01,"R Premadasa Stadium, Colombo",2,14.3,B-Love Kandy,Galle Titans,Mohammad Hasnain,I Udana,T Shamsi,0,0,,,,,,,,,
1382882,2023,2023-08-01,"R Premadasa Stadium, Colombo",2,14.4,B-Love Kandy,Galle Titans,Mohammad Hasnain,I Udana,T Shamsi,0,0,,,,,,,,,
1382882,2023,2023-08-01,"R Premadasa Stadium, Colombo",2,14.5,B-Love Kandy,Galle Titans,Mohammad Hasnain,I Udana,T Shamsi,0,0,,,,,,,,,
1382882,2023,2023-08-01,"R Premadasa Stadium, Colombo",2,14.6,B-Love Kandy,Galle Titans,Mohammad Hasnain,I Udana,T Shamsi,0,0,,,,,,,,,
1382882,2023,2023-08-01,"R Premadasa Stadium, Colombo",2,15.1,B-Love Kandy,Galle Titans,I Udana,Mohammad Hasnain,A Dananjaya,0,0,,,,,,,,,
1382882,2023,2023-08-01,"R Premadasa Stadium, Colombo",2,15.2,B-Love Kandy,Galle Titans,I Udana,Mohammad Hasnain,A Dananjaya,4,0,,,,,,,,,
1382882,2023,2023-08-01,"R Premadasa Stadium, Colombo",2,15.3,B-Love Kandy,Galle Titans,I Udana,Mohammad Hasnain,A Dananjaya,0,0,,,,,,,,,
1382882,2023,2023-08-01,"R Premadasa Stadium, Colombo",2,15.4,B-Love Kandy,Galle Titans,I Udana,Mohammad Hasnain,A Dananjaya,0,0,,,,,,,,,
1382882,2023,2023-08-01,"R Premadasa Stadium, Colombo",2,15.5,B-Love Kandy,Galle Titans,I Udana,Mohammad Hasnain,A Dananjaya,1,0,,,,,,,,,
1382882,2023,2023-08-01,"R Premadasa Stadium, Colombo",2,15.6,B-Love Kandy,Galle Titans,Mohammad Hasnain,I Udana,A Dananjaya,0,0,,,,,,,,,
1382882,2023,2023-08-01,"R Premadasa Stadium, Colombo",2,16.1,B-Love Kandy,Galle Titans,I Udana,Mohammad Hasnain,T Shamsi,4,0,,,,,,,,,
1382882,2023,2023-08-01,"R Premadasa Stadium, Colombo",2,16.2,B-Love Kandy,Galle Titans,I Udana,Mohammad Hasnain,T Shamsi,0,0,,,,,,,,,
1382882,2023,2023-08-01,"R Premadasa Stadium, Colombo",2,16.3,B-Love Kandy,Galle Titans,I Udana,Mohammad Hasnain,T Shamsi,0,0,,,,,,,,,
1382882,2023,2023-08-01,"R Premadasa Stadium, Colombo",2,16.4,B-Love Kandy,Galle Titans,I Udana,Mohammad Hasnain,T Shamsi,4,0,,,,,,,,,
1382882,2023,2023-08-01,"R Premadasa Stadium, Colombo",2,16.5,B-Love Kandy,Galle Titans,I Udana,Mohammad Hasnain,T Shamsi,0,0,,,,,,lbw,I Udana,,
1382882,2023,2023-08-01,"R Premadasa Stadium, Colombo",2,16.6,B-Love Kandy,Galle Titans,Mujeeb Ur Rahman,Mohammad Hasnain,T Shamsi,0,0,,,,,,,,,
1382882,2023,2023-08-01,"R Premadasa Stadium, Colombo",2,17.1,B-Love Kandy,Galle Titans,Mohammad Hasnain,Mujeeb Ur Rahman,A Dananjaya,0,0,,,,,,caught,Mohammad Hasnain,,
