match_id,season,start_date,venue,innings,ball,batting_team,bowling_team,striker,non_striker,bowler,runs_off_bat,extras,wides,noballs,byes,legbyes,penalty,wicket_type,player_dismissed,other_wicket_type,other_player_dismissed
1428459,2024,2024-07-01,Pallekele International Cricket Stadium,1,0.1,Dambulla Sixers,Kandy Falcons,MD Gunathilaka,MDKJ Perera,MD Shanaka,0,0,,,,,,,,,
1428459,2024,2024-07-01,Pallekele International Cricket Stadium,1,0.2,Dambulla Sixers,Kandy Falcons,MD Gunathilaka,MDKJ Perera,MD Shanaka,0,0,,,,,,,,,
1428459,2024,2024-07-01,Pallekele International Cricket Stadium,1,0.3,Dambulla Sixers,Kandy Falcons,MD Gunathilaka,MDKJ Perera,MD Shanaka,0,0,,,,,,,,,
1428459,2024,2024-07-01,Pallekele International Cricket Stadium,1,0.4,Dambulla Sixers,Kandy Falcons,MD Gunathilaka,MDKJ Perera,MD Shanaka,1,0,,,,,,,,,
1428459,2024,2024-07-01,Pallekele International Cricket Stadium,1,0.5,Dambulla Sixers,Kandy Falcons,MDKJ Perera,MD Gunathilaka,MD Shanaka,0,0,,,,,,,,,
1428459,2024,2024-07-01,Pallekele International Cricket Stadium,1,0.6,Dambulla Sixers,Kandy Falcons,MDKJ Perera,MD Gunathilaka,MD Shanaka,0,0,,,,,,,,,
1428459,2024,2024-07-01,Pallekele International Cricket Stadium,1,1.1,Dambulla Sixers,Kandy Falcons,MD Gunathilaka,MDKJ Perera,PVD Chameera,0,0,,,,,,,,,
1428459,2024,2024-07-01,Pallekele International Cricket Stadium,1,1.2,Dambulla Sixers,Kandy Falcons,MD Gunathilaka,MDKJ Perera,PVD Chameera,0,0,,,,,,,,,
1428459,2024,2024-07-01,Pallekele International Cricket Stadium,1,1.3,Dambulla Sixers,Kandy Falcons,MD Gunathilaka,MDKJ Perera,PVD Chameera,0,1,1,,,,,,,,
1428459,2024,2024-07-01,Pallekele International Cricket Stadium,1,1.4,Dambulla Sixers,Kandy Falcons,MD Gunathilaka,MDKJ Perera,PVD Chameera,4,0,,,,,,,,,
1428459,2024,2024-07-01,Pallekele International Cricket Stadium,1,1.5,Dambulla Sixers,Kandy Falcons,MD Gunathilaka,MDKJ Perera,PVD Chameera,0,0,,,,,,,,,
1428459,2024,2024-07-01,Pallekele International Cricket Stadium,1,1.6,Dambulla Sixers,Kandy Falcons,MD Gunathilaka,MDKJ Perera,PVD Chameera,0,1,,,,1,,,,,
1428459,2024,2024-07-01,Pallekele International Cricket Stadium,1,1.7,Dambulla Sixers,Kandy Falcons,MDKJ Perera,MD Gunathilaka,PVD Chameera,0,0,,,,,,,,,
1428459,2024,2024-07-01,Pallekele International Cricket Stadium,1,2.1,Dambulla Sixers,Kandy Falcons,MD Gunathilaka,MDKJ Perera,MD Shanaka,6,0,,,,,,,,,
1428459,2024,2024-07-01,Pallekele International Cricket Stadium,1,2.2,Dambulla Sixers,Kandy Falcons,MD Gunathilaka,MDKJ Perera,MD Shanaka,0,0,,,,,,bowled,MD Gunathilaka,,
1428459,2024,2024-07-01,Pallekele International Cricket Stadium,1,2.3,Dambulla Sixers,Kandy Falcons,MNK Fernando,MDKJ Perera,MD Shanaka,0,0,,,,,,,,,
1428459,2024,2024-07-01,Pallekele International Cricket Stadium,1,2.4,Dambulla Sixers,Kandy Falcons,MNK Fernando,MDKJ Perera,MD Shanaka,4,0,,,,,,,,,
1428459,2024,2024-07-01,Pallekele International Cricket Stadium,1,2.5,Dambulla Sixers,Kandy Falcons,MNK Fernando,MDKJ Perera,MD Shanaka,0,0,,,,,,,,,
1428459,2024,2024-07-01,Pallekele International Cricket Stadium,1,2.6,Dambulla Sixers,Kandy Falcons,MNK Fernando,MDKJ Perera,MD Shanaka,0,0,,,,,,caught,MNK Fernando,,
1428459,2024,2024-07-01,Pallekele International Cricket Stadium,1,3.1,Dambulla Sixers,Kandy Falcons,MDKJ Perera,Towhid Hridoy,Mohammad Hasnain,0,1,1,,,,,,,,
1428459,2024,2024-07-01,Pallekele International Cricket Stadium,1,3.2,Dambulla Sixers,Kandy Falcons,MDKJ Perera,Towhid Hridoy,Mohammad Hasnain,0,0,,,,,,caught,MDKJ Perera,,
1428459,2024,2024-07-01,Pallekele International Cricket Stadium,1,3.3,Dambulla Sixers,Kandy Falcons,MS Chapman,Towhid Hridoy,Mohammad Hasnain,0,0,,,,,,,,,
1428459,2024,2024-07-01,Pallekele International Cricket Stadium,1,3.4,Dambulla Sixers,Kandy Falcons,MS Chapman,Towhid Hridoy,Mohammad Hasnain,0,1,1,,,,,,,,
1428459,2024,2024-07-01,Pallekele International Cricket Stadium,1,3.5,Dambulla Sixers,Kandy Falcons,MS Chapman,Towhid Hridoy,Mohammad Hasnain,0,0,,,,,,,,,
1428459,2024,2024-07-01,Pallekele International Cricket Stadium,1,3.6,Dambulla Sixers,Kandy Falcons,MS Chapman,Towhid Hridoy,Mohammad Hasnain,4,0,,,,,,,,,
1428459,2024,2024-07-01,Pallekele International Cricket Stadium,1,3.7,Dambulla Sixers,Kandy Falcons,MS Chapman,Towhid Hridoy,Mohammad Hasnain,1,0,,,,,,,,,
1428459,2024,2024-07-01,Pallekele International Cricket Stadium,1,3.8,Dambulla Sixers,Kandy Falcons,Towhid Hridoy,MS Chapman,Mohammad Hasnain,1,0,,,,,,,,,
1428459,2024,2024-07-01,Pallekele International Cricket Stadium,1,4.1,Dambulla Sixers,Kandy Falcons,Towhid Hridoy,MS Chapman,MD Shanaka,0,0,,,,,,lbw,Towhid Hridoy,,
1428459,2024,2024-07-01,Pallekele International Cricket Stadium,1,4.2,Dambulla Sixers,Kandy Falcons,C Wickramasinghe,MS Chapman,MD Shanaka,0,0,,,,,,,,,
1428459,2024,2024-07-01,Pallekele International Cricket Stadium,1,4.3,Dambulla Sixers,Kandy Falcons,C Wickramasinghe,MS Chapman,MD Shanaka,2,0,,,,,,,,,
1428459,2024,2024-07-01,Pallekele International Cricket Stadium,1,4.4,Dambulla Sixers,Kandy Falcons,C Wickramasinghe,MS Chapman,MD Shanaka,1,0,,,,,,,,,
1428459,2024,2024-07-01,Pallekele International Cricket Stadium,1,4.5,Dambulla Sixers,Kandy Falcons,MS Chapman,C Wickramasinghe,MD Shanaka,0,0,,,,,,,,,
1428459,2024,2024-07-01,Pallekele International Cricket Stadium,1,4.6,Dambulla Sixers,Kandy Falcons,MS Chapman,C Wickramasinghe,MD Shanaka,1,0,,,,,,,,,
1428459,2024,2024-07-01,Pallekele International Cricket Stadium,1,5.1,Dambulla Sixers,Kandy Falcons,MS Chapman,C Wickramasinghe,Mohammad Hasnain,0,0,,,,,,,,,
1428459,2024,2024-07-01,Pallekele International Cricket Stadium,1,5.2,Dambulla Sixers,Kandy Falcons,MS Chapman,C Wickramasinghe,Mohammad Hasnain,4,1,,1,,,,,,,
1428459,2024,2024-07-01,Pallekele International Cricket Stadium,1,5.3,Dambulla Sixers,Kandy Falcons,MS Chapman,C Wickramasinghe,Mohammad Hasnain,2,0,,,,,,,,,
1428459,2024,2024-07-01,Pallekele International Cricket Stadium,1,5.4,Dambulla Sixers,Kandy Falcons,MS Chapman,C Wickramasinghe,Mohammad Hasnain,0,0,,,,,,,,,
1428459,2024,2024-07-01,Pallekele International Cricket Stadium,1,5.5,Dambulla Sixers,Kandy Falcons,MS Chapman,C Wickramasinghe,Mohammad Hasnain,0,0,,,,,,,,,
1428459,2024,2024-07-01,Pallekele International Cricket Stadium,1,5.6,Dambulla Sixers,Kandy Falcons,MS Chapman,C Wickramasinghe,Mohammad Hasnain,0,0,,,,,,,,,
1428459,2024,2024-07-01,Pallekele International Cricket Stadium,1,5.7,Dambulla Sixers,Kandy Falcons,MS Chapman,C Wickramasinghe,Mohammad Hasnain,4,0,,,,,,,,,
1428459,2024,2024-07-01,Pallekele International Cricket Stadium,1,6.1,Dambulla Sixers,Kandy Falcons,C Wickramasinghe,MS Chapman,PWH de Silva,1,0,,,,,,,,,
1428459,2024,2024-07-01,Pallekele International Cricket Stadium,1,6.2,Dambulla Sixers,Kandy Falcons,MS Chapman,C Wickramasinghe,PWH de Silva,0,0,,,,,,,,,
1428459,2024,2024-07-01,Pallekele International Cricket Stadium,1,6.3,Dambulla Sixers,Kandy Falcons,MS Chapman,C Wickramasinghe,PWH de Silva,1,0,,,,,,,,,
1428459,2024,2024-07-01,Pallekele International Cricket Stadium,1,6.4,Dambulla Sixers,Kandy Falcons,C Wickramasinghe,MS Chapman,PWH de Silva,1,0,,,,,,,,,
1428459,2024,2024-07-01,Pallekele International Cricket Stadium,1,6.5,Dambulla Sixers,Kandy Falcons,MS Chapman,C Wickramasinghe,PWH de Silva,1,0,,,,,,,,,
1428459,2024,2024-07-01,Pallekele International Cricket Stadium,1,6.6,Dambulla Sixers,Kandy Falcons,C Wickramasinghe,MS Chapman,PWH de Silva,0,0,,,,,,,,,
1428459,2024,2024-07-01,Pallekele International Cricket Stadium,1,7.1,Dambulla Sixers,Kandy Falcons,MS Chapman,C Wickramasinghe,PVD Chameera,2,0,,,,,,,,,
1428459,2024,2024-07-01,Pallekele International Cricket Stadium,1,7.2,Dambulla Sixers,Kandy Falcons,MS Chapman,C Wickramasinghe,PVD Chameera,0,0,,,,,,,,,
1428459,2024,2024-07-01,Pallekele International Cricket Stadium,1,7.3,Dambulla Sixers,Kandy Falcons,MS Chapman,C Wickramasinghe,PVD Chameera,0,0,,,,,,,,,
1428459,2024,2024-07-01,Pallekele International Cricket Stadium,1,7.4,Dambulla Sixers,Kandy Falcons,MS Chapman,C Wickramasinghe,PVD Chameera,0,0,,,,,,,,,
1428459,2024,2024-07-01,Pallekele International Cricket Stadium,1,7.5,Dambulla Sixers,Kandy Falcons,MS Chapman,C Wickramasinghe,PVD Chameera,1,0,,,,,,,,,
1428459,2024,2024-07-01,Pallekele International Cricket Stadium,1,7.6,Dambulla Sixers,Kandy Falcons,C Wickramasinghe,MS Chapman,PVD Chameera,0,1,1,,,,,,,,
1428459,2024,2024-07-01,Pallekele International Cricket Stadium,1,7.7,Dambulla Sixers,Kandy Falcons,C Wickramasinghe,MS Chapman,PVD Chameera,0,0,,,,,,,,,
1428459,2024,2024-07-01,Pallekele International Cricket Stadium,1,8.1,Dambulla Sixers,Kandy Falcons,MS Chapman,C Wickramasinghe,PHKD Mendis,1,0,,,,,,,,,
1428459,2024,2024-07-01,Pallekele International Cricket Stadium,1,8.2,Dambulla Sixers,Kandy Falcons,C Wickramasinghe,MS Chapman,PHKD Mendis,4,0,,,,,,,,,
1428459,2024,2024-07-01,Pallekele International Cricket Stadium,1,8.3,Dambulla Sixers,Kandy Falcons,C Wickramasinghe,MS Chapman,PHKD Mendis,1,0,,,,,,,,,
1428459,2024,2024-07-01,Pallekele International Cricket Stadium,1,8.4,Dambulla Sixers,Kandy Falcons,MS Chapman,C Wickramasinghe,PHKD Mendis,1,0,,,,,,,,,
1428459,2024,2024-07-01,Pallekele International Cricket Stadium,1,8.5,Dambulla Sixers,Kandy Falcons,C Wickramasinghe,MS Chapman,PHKD Mendis,1,0,,,,,,,,,
1428459,2024,2024-07-01,Pallekele International Cricket Stadium,1,8.6,Dambulla Sixers,Kandy Falcons,MS Chapman,C Wickramasinghe,PHKD Mendis,0,0,,,,,,,,,
1428459,2024,2024-07-01,Pallekele International Cricket Stadium,1,9.1,Dambulla Sixers,Kandy Falcons,C Wickramasinghe,MS Chapman,C Gomez,0,0,,,,,,,,,
1428459,2024,2024-07-01,Pallekele International Cricket Stadium,1,9.2,Dambulla Sixers,Kandy Falcons,C Wickramasinghe,MS Chapman,C Gomez,1,0,,,,,,,,,
1428459,2024,2024-07-01,Pallekele International Cricket Stadium,1,9.3,Dambulla Sixers,Kandy Falcons,MS Chapman,C Wickramasinghe,C Gomez,0,0,,,,,,,,,
1428459,2024,2024-07-01,Pallekele International Cricket Stadium,1,9.4,Dambulla Sixers,Kandy Falcons,MS Chapman,C Wickramasinghe,C Gomez,1,0,,,,,,,,,
1428459,2024,2024-07-01,Pallekele International Cricket Stadium,1,9.5,Dambulla Sixers,Kandy Falcons,C Wickramasinghe,MS Chapman,C Gomez,1,0,,,,,,,,,
1428459,2024,2024-07-01,Pallekele International Cricket Stadium,1,9.6,Dambulla Sixers,Kandy Falcons,MS Chapman,C Wickramasinghe,C Gomez,4,0,,,,,,,,,
1428459,2024,2024-07-01,Pallekele International Cricket Stadium,1,10.1,Dambulla Sixers,Kandy Falcons,C Wickramasinghe,MS Chapman,PWH de Silva,0,0,,,,,,,,,
1428459,2024,2024-07-01,Pallekele International Cricket Stadium,1,10.2,Dambulla Sixers,Kandy Falcons,C Wickramasinghe,MS Chapman,PWH de Silva,1,0,,,,,,,,,
1428459,2024,2024-07-01,Pallekele International Cricket Stadium,1,10.3,Dambulla Sixers,Kandy Falcons,MS Chapman,C Wickramasinghe,PWH de Silva,1,0,,,,,,,,,
1428459,2024,2024-07-01,Pallekele International Cricket Stadium,1,10.4,Dambulla Sixers,Kandy Falcons,C Wickramasinghe,MS Chapman,PWH de Silva,1,0,,,,,,,,,
1428459,2024,2024-07-01,Pallekele International Cricket Stadium,1,10.5,Dambulla Sixers,Kandy Falcons,MS Chapman,C Wickramasinghe,PWH de Silva,1,0,,,,,,,,,
1428459,2024,2024-07-01,Pallekele International Cricket Stadium,1,10.6,Dambulla Sixers,Kandy Falcons,C Wickramasinghe,MS Chapman,PWH de Silva,6,0,,,,,,,,,
1428459,2024,2024-07-01,Pallekele International Cricket Stadium,1,11.1,Dambulla Sixers,Kandy Falcons,MS Chapman,C Wickramasinghe,C Gomez,4,0,,,,,,,,,
1428459,2024,2024-07-01,Pallekele International Cricket Stadium,1,11.2,Dambulla Sixers,Kandy Falcons,MS Chapman,C Wickramasinghe,C Gomez,0,0,,,,,,,,,
1428459,2024,2024-07-01,Pallekele International Cricket Stadium,1,11.3,Dambulla Sixers,Kandy Falcons,MS Chapman,C Wickramasinghe,C Gomez,0,0,,,,,,,,,
1428459,2024,2024-07-01,Pallekele International Cricket Stadium,1,11.4,Dambulla Sixers,Kandy Falcons,MS Chapman,C Wickramasinghe,C Gomez,1,0,,,,,,,,,
1428459,2024,2024-07-01,Pallekele International Cricket Stadium,1,11.5,Dambulla Sixers,Kandy Falcons,C Wickramasinghe,MS Chapman,C Gomez,6,0,,,,,,,,,
1428459,2024,2024-07-01,Pallekele International Cricket Stadium,1,11.6,Dambulla Sixers,Kandy Falcons,C Wickramasinghe,MS Chapman,C Gomez,1,0,,,,,,,,,
1428459,2024,2024-07-01,Pallekele International Cricket Stadium,1,12.1,Dambulla Sixers,Kandy Falcons,C Wickramasinghe,MS Chapman,Mohammad Hasnain,0,1,1,,,,,,,,
1428459,2024,2024-07-01,Pallekele International Cricket Stadium,1,12.2,Dambulla Sixers,Kandy Falcons,C Wickramasinghe,MS Chapman,Mohammad Hasnain,1,0,,,,,,,,,
1428459,2024,2024-07-01,Pallekele International Cricket Stadium,1,12.3,Dambulla Sixers,Kandy Falcons,MS Chapman,C Wickramasinghe,Mohammad Hasnain,1,0,,,,,,,,,
1428459,2024,2024-07-01,Pallekele International Cricket Stadium,1,12.4,Dambulla Sixers,Kandy Falcons,C Wickramasinghe,MS Chapman,Mohammad Hasnain,1,0,,,,,,,,,
1428459,2024,2024-07-01,Pallekele International Cricket Stadium,1,12.5,Dambulla Sixers,Kandy Falcons,MS Chapman,C Wickramasinghe,Mohammad Hasnain,1,1,,1,,,,,,,
1428459,2024,2024-07-01,Pallekele International Cricket Stadium,1,12.6,Dambulla Sixers,Kandy Falcons,C Wickramasinghe,MS Chapman,Mohammad Hasnain,6,0,,,,,,,,,
1428459,2024,2024-07-01,Pallekele International Cricket Stadium,1,12.7,Dambulla Sixers,Kandy Falcons,C Wickramasinghe,MS Chapman,Mohammad Hasnain,1,0,,,,,,,,,
1428459,2024,2024-07-01,Pallekele International Cricket Stadium,1,12.8,Dambulla Sixers,Kandy Falcons,MS Chapman,C Wickramasinghe,Mohammad Hasnain,1,0,,,,,,,,,
1428459,2024,2024-07-01,Pallekele International Cricket Stadium,1,13.1,Dambulla Sixers,Kandy Falcons,MS Chapman,C Wickramasinghe,PWH de Silva,6,0,,,,,,,,,
1428459,2024,2024-07-01,Pallekele International Cricket Stadium,1,13.2,Dambulla Sixers,Kandy Falcons,MS Chapman,C Wickramasinghe,PWH de Silva,1,0,,,,,,,,,
1428459,2024,2024-07-01,Pallekele International Cricket Stadium,1,13.3,Dambulla Sixers,Kandy Falcons,C Wickramasinghe,MS Chapman,PWH de Silva,0,0,,,,,,,,,
1428459,2024,2024-07-01,Pallekele International Cricket Stadium,1,13.4,Dambulla Sixers,Kandy Falcons,C Wickramasinghe,MS Chapman,PWH de Silva,4,0,,,,,,,,,
1428459,2024,2024-07-01,Pallekele International Cricket Stadium,1,13.5,Dambulla Sixers,Kandy Falcons,C Wickramasinghe,MS Chapman,PWH de Silva,1,0,,,,,,,,,
1428459,2024,2024-07-01,Pallekele International Cricket Stadium,1,13.6,Dambulla Sixers,Kandy Falcons,MS Chapman,C Wickramasinghe,PWH de Silva,0,0,,,,,,,,,
1428459,2024,2024-07-01,Pallekele International Cricket Stadium,1,14.1,Dambulla Sixers,Kandy Falcons,C Wickramasinghe,MS Chapman,MD Shanaka,1,0,,,,,,,,,
1428459,2024,2024-07-01,Pallekele International Cricket Stadium,1,14.2,Dambulla Sixers,Kandy Falcons,MS Chapman,C Wickramasinghe,MD Shanaka,1,0,,,,,,,,,
1428459,2024,2024-07-01,Pallekele International Cricket Stadium,1,14.3,Dambulla Sixers,Kandy Falcons,C Wickramasinghe,MS Chapman,MD Shanaka,0,0,,,,,,,,,
1428459,2024,2024-07-01,Pallekele International Cricket Stadium,1,14.4,Dambulla Sixers,Kandy Falcons,C Wickramasinghe,MS Chapman,MD Shanaka,1,0,,,,,,,,,
1428459,2024,2024-07-01,Pallekele International Cricket Stadium,1,14.5,Dambulla Sixers,Kandy Falcons,MS Chapman,C Wickramasinghe,MD Shanaka,0,0,,,,,,,,,
1428459,2024,2024-07-01,Pallekele International Cricket Stadium,1,14.6,Dambulla Sixers,Kandy Falcons,MS Chapman,C Wickramasinghe,MD Shanaka,2,0,,,,,,,,,
1428459,2024,2024-07-01,Pallekele International Cricket Stadium,1,15.1,Dambulla Sixers,Kandy Falcons,C Wickramasinghe,MS Chapman,PWH de Silva,0,0,,,,,,,,,
1428459,2024,2024-07-01,Pallekele International Cricket Stadium,1,15.2,Dambulla Sixers,Kandy Falcons,C Wickramasinghe,MS Chapman,PWH de Silva,2,0,,,,,,,,,
1428459,2024,2024-07-01,Pallekele International Cricket Stadium,1,15.3,Dambulla Sixers,Kandy Falcons,C Wickramasinghe,MS Chapman,PWH de Silva,1,0,,,,,,,,,
1428459,2024,2024-07-01,Pallekele International Cricket Stadium,1,15.4,Dambulla Sixers,Kandy Falcons,MS Chapman,C Wickramasinghe,PWH de Silva,2,0,,,,,,,,,
1428459,2024,2024-07-01,Pallekele International Cricket Stadium,1,15.5,Dambulla Sixers,Kandy Falcons,MS Chapman,C Wickramasinghe,PWH de Silva,1,0,,,,,,,,,
1428459,2024,2024-07-01,Pallekele International Cricket Stadium,1,15.6,Dambulla Sixers,Kandy Falcons,C Wickramasinghe,MS Chapman,PWH de Silva,0,0,,,,,,,,,
1428459,2024,2024-07-01,Pallekele International Cricket Stadium,1,16.1,Dambulla Sixers,Kandy Falcons,MS Chapman,C Wickramasinghe,PVD Chameera,0,1,,1,,,,,,,
1428459,2024,2024-07-01,Pallekele International Cricket Stadium,1,16.2,Dambulla Sixers,Kandy Falcons,MS Chapman,C Wickramasinghe,PVD Chameera,0,0,,,,,,,,,
1428459,2024,2024-07-01,Pallekele International Cricket Stadium,1,16.3,Dambulla Sixers,Kandy Falcons,MS Chapman,C Wickramasinghe,PVD Chameera,1,0,,,,,,,,,
1428459,2024,2024-07-01,Pallekele International Cricket Stadium,1,16.4,Dambulla Sixers,Kandy Falcons,C Wickramasinghe,MS Chapman,PVD Chameera,1,0,,,,,,,,,
1428459,2024,2024-07-01,Pallekele International Cricket Stadium,1,16.5,Dambulla Sixers,Kandy Falcons,MS Chapman,C Wickramasinghe,PVD Chameera,2,0,,,,,,,,,
1428459,2024,2024-07-01,Pallekele International Cricket Stadium,1,16.6,Dambulla Sixers,Kandy Falcons,MS Chapman,C Wickramasinghe,PVD Chameera,0,0,,,,,,,,,
1428459,2024,2024-07-01,Pallekele International Cricket Stadium,1,16.7,Dambulla Sixers,Kandy Falcons,MS Chapman,C Wickramasinghe,PVD Chameera,2,0,,,,,,,,,
1428459,2024,2024-07-01,Pallekele International Cricket Stadium,1,17.1,Dambulla Sixers,Kandy Falcons,C Wickramasinghe,MS Chapman,C Gomez,1,0,,,,,,,,,
1428459,2024,2024-07-01,Pallekele International Cricket Stadium,1,17.2,Dambulla Sixers,Kandy Falcons,MS Chapman,C Wickramasinghe,C Gomez,1,0,,,,,,,,,
1428459,2024,2024-07-01,Pallekele International Cricket Stadium,1,17.3,Dambulla Sixers,Kandy Falcons,C Wickramasinghe,MS Chapman,C Gomez,1,0,,,,,,,,,
1428459,2024,2024-07-01,Pallekele International Cricket Stadium,1,17.4,Dambulla Sixers,Kandy Falcons,MS Chapman,C Wickramasinghe,C Gomez,6,0,,,,,,,,,
1428459,2024,2024-07-01,Pallekele International Cricket Stadium,1,17.5,Dambulla Sixers,Kandy Falcons,MS Chapman,C Wickramasinghe,C Gomez,6,0,,,,,,,,,
1428459,2024,2024-07-01,Pallekele International Cricket Stadium,1,17.6,Dambulla Sixers,Kandy Falcons,MS Chapman,C Wickramasinghe,C Gomez,4,0,,,,,,,,,
1428459,2024,2024-07-01,Pallekele International Cricket Stadium,1,18.1,Dambulla Sixers,Kandy Falcons,C Wickramasinghe,MS Chapman,Mohammad Hasnain,4,0,,,,,,,,,
1428459,2024,2024-07-01,Pallekele International Cricket Stadium,1,18.2,Dambulla Sixers,Kandy Falcons,C Wickramasinghe,MS Chapman,Mohammad Hasnain,1,0,,,,,,,,,
1428459,2024,2024-07-01,Pallekele International Cricket Stadium,1,18.3,Dambulla Sixers,Kandy Falcons,MS Chapman,C Wickramasinghe,Mohammad Hasnain,6,0,,,,,,,,,
1428459,2024,2024-07-01,Pallekele International Cricket Stadium,1,18.4,Dambulla Sixers,Kandy Falcons,MS Chapman,C Wickramasinghe,Mohammad Hasnain,2,0,,,,,,,,,
1428459,2024,2024-07-01,Pallekele International Cricket Stadium,1,18.5,Dambulla Sixers,Kandy Falcons,MS Chapman,C Wickramasinghe,Mohammad Hasnain,1,1,,1,,,,,,,
1428459,2024,2024-07-01,Pallekele International Cricket Stadium,1,18.6,Dambulla Sixers,Kandy Falcons,C Wickramasinghe,MS Chapman,Mohammad Hasnain,4,0,,,,,,,,,
1428459,2024,2024-07-01,Pallekele International Cricket Stadium,1,18.7,Dambulla Sixers,Kandy Falcons,C Wickramasinghe,MS Chapman,Mohammad Hasnain,1,0,,,,,,,,,
1428459,2024,2024-07-01,Pallekele International Cricket Stadium,1,19.1,Dambulla Sixers,Kandy Falcons,C Wickramasinghe,MS Chapman,PVD Chameera,1,0,,,,,,,,,
1428459,2024,2024-07-01,Pallekele International Cricket Stadium,1,19.2,Dambulla Sixers,Kandy Falcons,MS Chapman,C Wickramasinghe,PVD Chameera,1,0,,,,,,,,,
1428459,2024,2024-07-01,Pallekele International Cricket Stadium,1,19.3,Dambulla Sixers,Kandy Falcons,C Wickramasinghe,MS Chapman,PVD Chameera,1,0,,,,,,,,,
1428459,2024,2024-07-01,Pallekele International Cricket Stadium,1,19.4,Dambulla Sixers,Kandy Falcons,MS Chapman,C Wickramasinghe,PVD Chameera,0,0,,,,,,,,,
1428459,2024,2024-07-01,Pallekele International Cricket Stadium,1,19.5,Dambulla Sixers,Kandy Falcons,MS Chapman,C Wickramasinghe,PVD Chameera,4,0,,,,,,,,,
1428459,2024,2024-07-01,Pallekele International Cricket Stadium,1,19.6,Dambulla Sixers,Kandy Falcons,MS Chapman,C Wickramasinghe,PVD Chameera,4,0,,,,,,,,,
1428459,2024,2024-07-01,Pallekele International Cricket Stadium,2,0.1,Kandy Falcons,Dambulla Sixers,LD Chandimal,ADS Fletcher,N Thushara,1,0,,,,,,,,,
1428459,2024,2024-07-01,Pallekele International Cricket Stadium,2,0.2,Kandy Falcons,Dambulla Sixers,ADS Fletcher,LD Chandimal,N Thushara,0,0,,,,,,bowled,ADS Fletcher,,
1428459,2024,2024-07-01,Pallekele International Cricket Stadium,2,0.3,Kandy Falcons,Dambulla Sixers,Mohammad Haris,LD Chandimal,N Thushara,0,0,,,,,,,,,
1428459,2024,2024-07-01,Pallekele International Cricket Stadium,2,0.4,Kandy Falcons,Dambulla Sixers,Mohammad Haris,LD Chandimal,N Thushara,0,0,,,,,,,,,
1428459,2024,2024-07-01,Pallekele International Cricket Stadium,2,0.5,Kandy Falcons,Dambulla Sixers,Mohammad Haris,LD Chandimal,N Thushara,1,0,,,,,,,,,
1428459,2024,2024-07-01,Pallekele International Cricket Stadium,2,0.6,Kandy Falcons,Dambulla Sixers,LD Chandimal,Mohammad Haris,N Thushara,4,0,,,,,,,,,
1428459,2024,2024-07-01,Pallekele International Cricket Stadium,2,1.1,Kandy Falcons,Dambulla Sixers,Mohammad Haris,LD Chandimal,D Madushanka,1,0,,,,,,,,,
1428459,2024,2024-07-01,Pallekele International Cricket Stadium,2,1.2,Kandy Falcons,Dambulla Sixers,LD Chandimal,Mohammad Haris,D Madushanka,1,0,,,,,,,,,
1428459,2024,2024-07-01,Pallekele International Cricket Stadium,2,1.3,Kandy Falcons,Dambulla Sixers,Mohammad Haris,LD Chandimal,D Madushanka,1,0,,,,,,,,,
1428459,2024,2024-07-01,Pallekele International Cricket Stadium,2,1.4,Kandy Falcons,Dambulla Sixers,LD Chandimal,Mohammad Haris,D Madushanka,2,0,,,,,,,,,
1428459,2024,2024-07-01,Pallekele International Cricket Stadium,2,1.5,Kandy Falcons,Dambulla Sixers,LD Chandimal,Mohammad Haris,D Madushanka,6,0,,,,,,,,,
1428459,2024,2024-07-01,Pallekele International Cricket Stadium,2,1.6,Kandy Falcons,Dambulla Sixers,LD Chandimal,Mohammad Haris,D Madushanka,1,0,,,,,,,,,
1428459,2024,2024-07-01,Pallekele International Cricket Stadium,2,2.1,Kandy Falcons,Dambulla Sixers,LD Chandimal,Mohammad Haris,N Thushara,1,0,,,,,,,,,
1428459,2024,2024-07-01,Pallekele International Cricket Stadium,2,2.2,Kandy Falcons,Dambulla Sixers,Mohammad Haris,LD Chandimal,N Thushara,1,0,,,,,,,,,
1428459,2024,2024-07-01,Pallekele International Cricket Stadium,2,2.3,Kandy Falcons,Dambulla Sixers,LD Chandimal,Mohammad Haris,N Thushara,4,0,,,,,,,,,
1428459,2024,2024-07-01,Pallekele International Cricket Stadium,2,2.4,Kandy Falcons,Dambulla Sixers,LD Chandimal,Mohammad Haris,N Thushara,1,0,,,,,,,,,
1428459,2024,2024-07-01,Pallekele International Cricket Stadium,2,2.5,Kandy Falcons,Dambulla Sixers,Mohammad Haris,LD Chandimal,N Thushara,1,0,,,,,,,,,
1428459,2024,2024-07-01,Pallekele International Cricket Stadium,2,2.6,Kandy Falcons,Dambulla Sixers,LD Chandimal,Mohammad Haris,N Thushara,0,0,,,,,,,,,
1428459,2024,2024-07-01,Pallekele International Cricket Stadium,2,3.1,Kandy Falcons,Dambulla Sixers,Mohammad Haris,LD Chandimal,Mustafizur Rahman,0,0,,,,,,caught and bowled,Mohammad Haris,,
1428459,2024,2024-07-01,Pallekele International Cricket Stadium,2,3.2,Kandy Falcons,Dambulla Sixers,PHKD Mendis,LD Chandimal,Mustafizur Rahman,1,0,,,,,,,,,
1428459,2024,2024-07-01,Pallekele International Cricket Stadium,2,3.3,Kandy Falcons,Dambulla Sixers,LD Chandimal,PHKD Mendis,Mustafizur Rahman,1,0,,,,,,,,,
1428459,2024,2024-07-01,Pallekele International Cricket Stadium,2,3.4,Kandy Falcons,Dambulla Sixers,PHKD Mendis,LD Chandimal,Mustafizur Rahman,1,0,,,,,,,,,
1428459,2024,2024-07-01,Pallekele International Cricket Stadium,2,3.5,Kandy Falcons,Dambulla Sixers,LD Chandimal,PHKD Mendis,Mustafizur Rahman,1,0,,,,,,,,,
1428459,2024,2024-07-01,Pallekele International Cricket Stadium,2,3.6,Kandy Falcons,Dambulla Sixers,PHKD Mendis,LD Chandimal,Mustafizur Rahman,1,0,,,,,,,,,
1428459,2024,2024-07-01,Pallekele International Cricket Stadium,2,4.1,Kandy Falcons,Dambulla Sixers,PHKD Mendis,LD Chandimal,Mohammad Nabi,0,0,,,,,,,,,
1428459,2024,2024-07-01,Pallekele International Cricket Stadium,2,4.2,Kandy Falcons,Dambulla Sixers,PHKD Mendis,LD Chandimal,Mohammad Nabi,4,0,,,,,,,,,
1428459,2024,2024-07-01,Pallekele International Cricket Stadium,2,4.3,Kandy Falcons,Dambulla Sixers,PHKD Mendis,LD Chandimal,Mohammad Nabi,4,0,,,,,,,,,
1428459,2024,2024-07-01,Pallekele International Cricket Stadium,2,4.4,Kandy Falcons,Dambulla Sixers,PHKD Mendis,LD Chandimal,Mohammad Nabi,1,0,,,,,,,,,
1428459,2024,2024-07-01,Pallekele International Cricket Stadium,2,4.5,Kandy Falcons,Dambulla Sixers,LD Chandimal,PHKD Mendis,Mohammad Nabi,2,0,,,,,,,,,
1428459,2024,2024-07-01,Pallekele International Cricket Stadium,2,4.6,Kandy Falcons,Dambulla Sixers,LD Chandimal,PHKD Mendis,Mohammad Nabi,1,0,,,,,,,,,
1428459,2024,2024-07-01,Pallekele International Cricket Stadium,2,5.1,Kandy Falcons,Dambulla Sixers,LD Chandimal,PHKD Mendis,Mustafizur Rahman,0,0,,,,,,,,,
1428459,2024,2024-07-01,Pallekele International Cricket Stadium,2,5.2,Kandy Falcons,Dambulla Sixers,LD Chandimal,PHKD Mendis,Mustafizur Rahman,6,0,,,,,,,,,
1428459,2024,2024-07-01,Pallekele International Cricket Stadium,2,5.3,Kandy Falcons,Dambulla Sixers,LD Chandimal,PHKD Mendis,Mustafizur Rahman,4,0,,,,,,,,,
1428459,2024,2024-07-01,Pallekele International Cricket Stadium,2,5.4,Kandy Falcons,Dambulla Sixers,LD Chandimal,PHKD Mendis,Mustafizur Rahman,4,0,,,,,,,,,
1428459,2024,2024-07-01,Pallekele International Cricket Stadium,2,5.5,Kandy Falcons,Dambulla Sixers,LD Chandimal,PHKD Mendis,Mustafizur Rahman,1,0,,,,,,,,,
1428459,2024,2024-07-01,Pallekele International Cricket Stadium,2,5.6,Kandy Falcons,Dambulla Sixers,PHKD Mendis,LD Chandimal,Mustafizur Rahman,1,0,,,,,,,,,
1428459,2024,2024-07-01,Pallekele International Cricket Stadium,2,6.1,Kandy Falcons,Dambulla Sixers,PHKD Mendis,LD Chandimal,A Dananjaya,0,0,,,,,,,,,
1428459,2024,2024-07-01,Pallekele International Cricket Stadium,2,6.2,Kandy Falcons,Dambulla Sixers,PHKD Mendis,LD Chandimal,A Dananjaya,0,0,,,,,,,,,
1428459,2024,2024-07-01,Pallekele International Cricket Stadium,2,6.3,Kandy Falcons,Dambulla Sixers,PHKD Mendis,LD Chandimal,A Dananjaya,2,0,,,,,,,,,
1428459,2024,2024-07-01,Pallekele International Cricket Stadium,2,6.4,Kandy Falcons,Dambulla Sixers,PHKD Mendis,LD Chandimal,A Dananjaya,1,0,,,,,,,,,
1428459,2024,2024-07-01,Pallekele International Cricket Stadium,2,6.5,Kandy Falcons,Dambulla Sixers,LD Chandimal,PHKD Mendis,A Dananjaya,1,0,,,,,,,,,
1428459,2024,2024-07-01,Pallekele International Cricket Stadium,2,6.6,Kandy Falcons,Dambulla Sixers,PHKD Mendis,LD Chandimal,A Dananjaya,0,0,,,,,,,,,
1428459,2024,2024-07-01,Pallekele International Cricket Stadium,2,7.1,Kandy Falcons,Dambulla Sixers,LD Chandimal,PHKD Mendis,D Madushanka,1,0,,,,,,,,,
1428459,2024,2024-07-01,Pallekele International Cricket Stadium,2,7.2,Kandy Falcons,Dambulla Sixers,PHKD Mendis,LD Chandimal,D Madushanka,1,0,,,,,,,,,
1428459,2024,2024-07-01,Pallekele International Cricket Stadium,2,7.3,Kandy Falcons,Dambulla Sixers,LD Chandimal,PHKD Mendis,D Madushanka,0,0,,,,,,,,,
1428459,2024,2024-07-01,Pallekele International Cricket Stadium,2,7.4,Kandy Falcons,Dambulla Sixers,LD Chandimal,PHKD Mendis,D Madushanka,0,0,,,,,,,,,
1428459,2024,2024-07-01,Pallekele International Cricket Stadium,2,7.5,Kandy Falcons,Dambulla Sixers,LD Chandimal,PHKD Mendis,D Madushanka,4,0,,,,,,,,,
1428459,2024,2024-07-01,Pallekele International Cricket Stadium,2,7.6,Kandy Falcons,Dambulla Sixers,LD Chandimal,PHKD Mendis,D Madushanka,0,0,,,,,,,,,
1428459,2024,2024-07-01,Pallekele International Cricket Stadium,2,8.1,Kandy Falcons,Dambulla Sixers,PHKD Mendis,LD Chandimal,A Dananjaya,4,0,,,,,,,,,
1428459,2024,2024-07-01,Pallekele International Cricket Stadium,2,8.2,Kandy Falcons,Dambulla Sixers,PHKD Mendis,LD Chandimal,A Dananjaya,1,0,,,,,,,,,
1428459,2024,2024-07-01,Pallekele International Cricket Stadium,2,8.3,Kandy Falcons,Dambulla Sixers,LD Chandimal,PHKD Mendis,A Dananjaya,0,0,,,,,,,,,
1428459,2024,2024-07-01,Pallekele International Cricket Stadium,2,8.4,Kandy Falcons,Dambulla Sixers,LD Chandimal,PHKD Mendis,A Dananjaya,1,0,,,,,,,,,
1428459,2024,2024-07-01,Pallekele International Cricket Stadium,2,8.5,Kandy Falcons,Dambulla Sixers,PHKD Mendis,LD Chandimal,A Dananjaya,1,0,,,,,,,,,
1428459,2024,2024-07-01,Pallekele International Cricket Stadium,2,8.6,Kandy Falcons,Dambulla Sixers,LD Chandimal,PHKD Mendis,A Dananjaya,1,0,,,,,,,,,
1428459,2024,2024-07-01,Pallekele International Cricket Stadium,2,9.1,Kandy Falcons,Dambulla Sixers,LD Chandimal,PHKD Mendis,C Wickramasinghe,1,0,,,,,,,,,
1428459,2024,2024-07-01,Pallekele International Cricket Stadium,2,9.2,Kandy Falcons,Dambulla Sixers,PHKD Mendis,LD Chandimal,C Wickramasinghe,4,0,,,,,,,,,
1428459,2024,2024-07-01,Pallekele International Cricket Stadium,2,9.3,Kandy Falcons,Dambulla Sixers,PHKD Mendis,LD Chandimal,C Wickramasinghe,0,0,,,,,,,,,
1428459,2024,2024-07-01,Pallekele International Cricket Stadium,2,9.4,Kandy Falcons,Dambulla Sixers,PHKD Mendis,LD Chandimal,C Wickramasinghe,0,0,,,,,,caught,PHKD Mendis,,
1428459,2024,2024-07-01,Pallekele International Cricket Stadium,2,9.5,Kandy Falcons,Dambulla Sixers,AD Mathews,LD Chandimal,C Wickramasinghe,1,0,,,,,,,,,
1428459,2024,2024-07-01,Pallekele International Cricket Stadium,2,9.6,Kandy Falcons,Dambulla Sixers,LD Chandimal,AD Mathews,C Wickramasinghe,0,0,,,,,,,,,
1428459,2024,2024-07-01,Pallekele International Cricket Stadium,2,10.1,Kandy Falcons,Dambulla Sixers,AD Mathews,LD Chandimal,A Dananjaya,1,0,,,,,,,,,
1428459,2024,2024-07-01,Pallekele International Cricket Stadium,2,10.2,Kandy Falcons,Dambulla Sixers,LD Chandimal,AD Mathews,A Dananjaya,0,0,,,,,,,,,
1428459,2024,2024-07-01,Pallekele International Cricket Stadium,2,10.3,Kandy Falcons,Dambulla Sixers,LD Chandimal,AD Mathews,A Dananjaya,6,0,,,,,,,,,
1428459,2024,2024-07-01,Pallekele International Cricket Stadium,2,10.4,Kandy Falcons,Dambulla Sixers,LD Chandimal,AD Mathews,A Dananjaya,1,0,,,,,,,,,
1428459,2024,2024-07-01,Pallekele International Cricket Stadium,2,10.5,Kandy Falcons,Dambulla Sixers,AD Mathews,LD Chandimal,A Dananjaya,1,0,,,,,,,,,
1428459,2024,2024-07-01,Pallekele International Cricket Stadium,2,10.6,Kandy Falcons,Dambulla Sixers,LD Chandimal,AD Mathews,A Dananjaya,1,0,,,,,,,,,
1428459,2024,2024-07-01,Pallekele International Cricket Stadium,2,11.1,Kandy Falcons,Dambulla Sixers,LD Chandimal,AD Mathews,C Wickramasinghe,1,0,,,,,,,,,
1428459,2024,2024-07-01,Pallekele International Cricket Stadium,2,11.2,Kandy Falcons,Dambulla Sixers,AD Mathews,LD Chandimal,C Wickramasinghe,0,0,,,,,,,,,
1428459,2024,2024-07-01,Pallekele International Cricket Stadium,2,11.3,Kandy Falcons,Dambulla Sixers,AD Mathews,LD Chandimal,C Wickramasinghe,4,0,,,,,,,,,
1428459,2024,2024-07-01,Pallekele International Cricket Stadium,2,11.4,Kandy Falcons,Dambulla Sixers,AD Mathews,LD Chandimal,C Wickramasinghe,1,0,,,,,,,,,
1428459,2024,2024-07-01,Pallekele International Cricket Stadium,2,11.5,Kandy Falcons,Dambulla Sixers,LD Chandimal,AD Mathews,C Wickramasinghe,4,0,,,,,,,,,
1428459,2024,2024-07-01,Pallekele International Cricket Stadium,2,11.6,Kandy Falcons,Dambulla Sixers,LD Chandimal,AD Mathews,C Wickramasinghe,1,0,,,,,,,,,
1428459,2024,2024-07-01,Pallekele International Cricket Stadium,2,12.1,Kandy Falcons,Dambulla Sixers,LD Chandimal,AD Mathews,A Dananjaya,0,0,,,,,,,,,
1428459,2024,2024-07-01,Pallekele International Cricket Stadium,2,12.2,Kandy Falcons,Dambulla Sixers,LD Chandimal,AD Mathews,A Dananjaya,0,1,1,,,,,,,,
1428459,2024,2024-07-01,Pallekele International Cricket Stadium,2,12.3,Kandy Falcons,Dambulla Sixers,LD Chandimal,AD Mathews,A Dananjaya,1,0,,,,,,,,,
1428459,2024,2024-07-01,Pallekele International Cricket Stadium,2,12.4,Kandy Falcons,Dambulla Sixers,AD Mathews,LD Chandimal,A Dananjaya,0,0,,,,,,,,,
1428459,2024,2024-07-01,Pallekele International Cricket Stadium,2,12.5,Kandy Falcons,Dambulla Sixers,AD Mathews,LD Chandimal,A Dananjaya,4,0,,,,,,,,,
1428459,2024,2024-07-01,Pallekele International Cricket Stadium,2,12.6,Kandy Falcons,Dambulla Sixers,AD Mathews,LD Chandimal,A Dananjaya,1,0,,,,,,,,,
1428459,2024,2024-07-01,Pallekele International Cricket Stadium,2,12.7,Kandy Falcons,Dambulla Sixers,LD Chandimal,AD Mathews,A Dananjaya,0,0,,,,,,bowled,LD Chandimal,,
1428459,2024,2024-07-01,Pallekele International Cricket Stadium,2,13.1,Kandy Falcons,Dambulla Sixers,AD Mathews,MD Shanaka,D Madushanka,4,0,,,,,,,,,
1428459,2024,2024-07-01,Pallekele International Cricket Stadium,2,13.2,Kandy Falcons,Dambulla Sixers,AD Mathews,MD Shanaka,D Madushanka,0,1,,,,1,,,,,
1428459,2024,2024-07-01,Pallekele International Cricket Stadium,2,13.3,Kandy Falcons,Dambulla Sixers,MD Shanaka,AD Mathews,D Madushanka,1,0,,,,,,,,,
1428459,2024,2024-07-01,Pallekele International Cricket Stadium,2,13.4,Kandy Falcons,Dambulla Sixers,AD Mathews,MD Shanaka,D Madushanka,0,0,,,,,,,,,
1428459,2024,2024-07-01,Pallekele International Cricket Stadium,2,13.5,Kandy Falcons,Dambulla Sixers,AD Mathews,MD Shanaka,D Madushanka,1,0,,,,,,,,,
1428459,2024,2024-07-01,Pallekele International Cricket Stadium,2,13.6,Kandy Falcons,Dambulla Sixers,MD Shanaka,AD Mathews,D Madushanka,1,0,,,,,,,,,
1428459,2024,2024-07-01,Pallekele International Cricket Stadium,2,14.1,Kandy Falcons,Dambulla Sixers,MD Shanaka,AD Mathews,C Wickramasinghe,1,0,,,,,,,,,
1428459,2024,2024-07-01,Pallekele International Cricket Stadium,2,14.2,Kandy Falcons,Dambulla Sixers,AD Mathews,MD Shanaka,C Wickramasinghe,2,0,,,,,,,,,
1428459,2024,2024-07-01,Pallekele International Cricket Stadium,2,14.3,Kandy Falcons,Dambulla Sixers,AD Mathews,MD Shanaka,C Wickramasinghe,1,0,,,,,,,,,
1428459,2024,2024-07-01,Pallekele International Cricket Stadium,2,14.4,Kandy Falcons,Dambulla Sixers,MD Shanaka,AD Mathews,C Wickramasinghe,4,0,,,,,,,,,
1428459,2024,2024-07-01,Pallekele International Cricket Stadium,2,14.5,Kandy Falcons,Dambulla Sixers,MD Shanaka,AD Mathews,C Wickramasinghe,6,0,,,,,,,,,
1428459,2024,2024-07-01,Pallekele International Cricket Stadium,2,14.6,Kandy Falcons,Dambulla Sixers,MD Shanaka,AD Mathews,C Wickramasinghe,0,0,,,,,,,,,
1428459,2024,2024-07-01,Pallekele International Cricket Stadium,2,15.1,Kandy Falcons,Dambulla Sixers,AD Mathews,MD Shanaka,Mustafizur Rahman,6,0,,,,,,,,,
1428459,2024,2024-07-01,Pallekele International Cricket Stadium,2,15.2,Kandy Falcons,Dambulla Sixers,AD Mathews,MD Shanaka,Mustafizur Rahman,1,0,,,,,,,,,
1428459,2024,2024-07-01,Pallekele International Cricket Stadium,2,15.3,Kandy Falcons,Dambulla Sixers,MD Shanaka,AD Mathews,Mustafizur Rahman,4,0,,,,,,,,,
1428459,2024,2024-07-01,Pallekele International Cricket Stadium,2,15.4,Kandy Falcons,Dambulla Sixers,MD Shanaka,AD Mathews,Mustafizur Rahman,0,0,,,,,,,,,
1428459,2024,2024-07-01,Pallekele International Cricket Stadium,2,15.5,Kandy Falcons,Dambulla Sixers,MD Shanaka,AD Mathews,Mustafizur Rahman,6,0,,,,,,,,,
1428459,2024,2024-07-01,Pallekele International Cricket Stadium,2,15.6,Kandy Falcons,Dambulla Sixers,MD Shanaka,AD Mathews,Mustafizur Rahman,6,0,,,,,,,,,
1428459,2024,2024-07-01,Pallekele International Cricket Stadium,2,16.1,Kandy Falcons,Dambulla Sixers,AD Mathews,MD Shanaka,N Thushara,4,0,,,,,,,,,
1428459,2024,2024-07-01,Pallekele International Cricket Stadium,2,16.2,Kandy Falcons,Dambulla Sixers,AD Mathews,MD Shanaka,N Thushara,1,0,,,,,,,,,
1428459,2024,2024-07-01,Pallekele International Cricket Stadium,2,16.3,Kandy Falcons,Dambulla Sixers,MD Shanaka,AD Mathews,N Thushara,6,0,,,,,,,,,
1428459,2024,2024-07-01,Pallekele International Cricket Stadium,2,16.4,Kandy Falcons,Dambulla Sixers,MD Shanaka,AD Mathews,N Thushara,0,1,1,,,,,,,,
1428459,2024,2024-07-01,Pallekele International Cricket Stadium,2,16.5,Kandy Falcons,Dambulla Sixers,MD Shanaka,AD Mathews,N Thushara,4,0,,,,,,,,,
1428459,2024,2024-07-01,Pallekele International Cricket Stadium,2,16.6,Kandy Falcons,Dambulla Sixers,MD Shanaka,AD Mathews,N Thushara,1,0,,,,,,,,,
1428459,2024,2024-07-01,Pallekele International Cricket Stadium,2,16.7,Kandy Falcons,Dambulla Sixers,AD Mathews,MD Shanaka,N Thushara,4,0,,,,,,,,,
1428459,2024,2024-07-01,Pallekele International Cricket Stadium,2,17.1,Kandy Falcons,Dambulla Sixers,MD Shanaka,AD Mathews,D Madushanka,0,0,,,,,,,,,
1428459,2024,2024-07-01,Pallekele International Cricket Stadium,2,17.2,Kandy Falcons,Dambulla Sixers,MD Shanaka,AD Mathews,D Madushanka,6,0,,,,,,,,,
