match_id,season,start_date,venue,innings,ball,batting_team,bowling_team,striker,non_striker,bowler,runs_off_bat,extras,wides,noballs,byes,legbyes,penalty,wicket_type,player_dismissed,other_wicket_type,other_player_dismissed
1428464,2024,2024-07-05,Rangiri Dambulla International Stadium,1,0.1,Galle Marvels,Jaffna Kings,N Dickwella,AD Hales,PM Liyanagamage,0,0,,,,,,,,,
1428464,2024,2024-07-05,Rangiri Dambulla International Stadium,1,0.2,Galle Marvels,Jaffna Kings,N Dickwella,AD Hales,PM Liyanagamage,0,0,,,,,,,,,
1428464,2024,2024-07-05,Rangiri Dambulla International Stadium,1,0.3,Galle Marvels,Jaffna Kings,N Dickwella,AD Hales,PM Liyanagamage,4,0,,,,,,,,,
1428464,2024,2024-07-05,Rangiri Dambulla International Stadium,1,0.4,Galle Marvels,Jaffna Kings,N Dickwella,AD Hales,PM Liyanagamage,0,0,,,,,,,,,
1428464,2024,2024-07-05,Rangiri Dambulla International Stadium,1,0.5,Galle Marvels,Jaffna Kings,N Dickwella,AD Hales,PM Liyanagamage,1,0,,,,,,,,,
1428464,2024,2024-07-05,Rangiri Dambulla International Stadium,1,0.6,Galle Marvels,Jaffna Kings,AD Hales,N Dickwella,PM Liyanagamage,1,0,,,,,,,,,
1428464,2024,2024-07-05,Rangiri Dambulla International Stadium,1,1.1,Galle Marvels,Jaffna Kings,AD Hales,N Dickwella,Azmatullah Omarzai,0,1,1,,,,,,,,
1428464,2024,2024-07-05,Rangiri Dambulla International Stadium,1,1.2,Galle Marvels,Jaffna Kings,AD Hales,N Dickwella,Azmatullah Omarzai,0,0,,,,,,,,,
1428464,2024,2024-07-05,Rangiri Dambulla International Stadium,1,1.3,Galle Marvels,Jaffna Kings,AD Hales,N Dickwella,Azmatullah Omarzai,0,5,5,,,,,,,,
1428464,2024,2024-07-05,Rangiri Dambulla International Stadium,1,1.4,Galle Marvels,Jaffna Kings,AD Hales,N Dickwella,Azmatullah Omarzai,0,0,,,,,,,,,
1428464,2024,2024-07-05,Rangiri Dambulla International Stadium,1,1.5,Galle Marvels,Jaffna Kings,AD Hales,N Dickwella,Azmatullah Omarzai,1,0,,,,,,,,,
1428464,2024,2024-07-05,Rangiri Dambulla International Stadium,1,1.6,Galle Marvels,Jaffna Kings,N Dickwella,AD Hales,Azmatullah Omarzai,1,0,,,,,,,,,
1428464,2024,2024-07-05,Rangiri Dambulla International Stadium,1,1.7,Galle Marvels,Jaffna Kings,AD Hales,N Dickwella,Azmatullah Omarzai,1,0,,,,,,,,,
1428464,2024,2024-07-05,Rangiri Dambulla International Stadium,1,1.8,Galle Marvels,Jaffna Kings,N Dickwella,AD Hales,Azmatullah Omarzai,0,0,,,,,,,,,
1428464,2024,2024-07-05,Rangiri Dambulla International Stadium,1,2.1,Galle Marvels,Jaffna Kings,AD Hales,N Dickwella,PM Liyanagamage,0,0,,,,,,,,,
1428464,2024,2024-07-05,Rangiri Dambulla International Stadium,1,2.2,Galle Marvels,Jaffna Kings,AD Hales,N Dickwella,PM Liyanagamage,0,0,,,,,,,,,
1428464,2024,2024-07-05,Rangiri Dambulla International Stadium,1,2.3,Galle Marvels,Jaffna Kings,AD Hales,N Dickwella,PM Liyanagamage,1,0,,,,,,,,,
1428464,2024,2024-07-05,Rangiri Dambulla International Stadium,1,2.4,Galle Marvels,Jaffna Kings,N Dickwella,AD Hales,PM Liyanagamage,6,0,,,,,,,,,
1428464,2024,2024-07-05,Rangiri Dambulla International Stadium,1,2.5,Galle Marvels,Jaffna Kings,N Dickwella,AD Hales,PM Liyanagamage,0,1,1,,,,,,,,
1428464,2024,2024-07-05,Rangiri Dambulla International Stadium,1,2.6,Galle Marvels,Jaffna Kings,N Dickwella,AD Hales,PM Liyanagamage,0,0,,,,,,bowled,N Dickwella,,
1428464,2024,2024-07-05,Rangiri Dambulla International Stadium,1,2.7,Galle Marvels,Jaffna Kings,TL Seifert,AD Hales,PM Liyanagamage,0,0,,,,,,,,,
1428464,2024,2024-07-05,Rangiri Dambulla International Stadium,1,3.1,Galle Marvels,Jaffna Kings,AD Hales,TL Seifert,AM Fernando,4,0,,,,,,,,,
1428464,2024,2024-07-05,Rangiri Dambulla International Stadium,1,3.2,Galle Marvels,Jaffna Kings,AD Hales,TL Seifert,AM Fernando,6,0,,,,,,,,,
1428464,2024,2024-07-05,Rangiri Dambulla International Stadium,1,3.3,Galle Marvels,Jaffna Kings,AD Hales,TL Seifert,AM Fernando,0,0,,,,,,,,,
1428464,2024,2024-07-05,Rangiri Dambulla International Stadium,1,3.4,Galle Marvels,Jaffna Kings,AD Hales,TL Seifert,AM Fernando,0,0,,,,,,,,,
1428464,2024,2024-07-05,Rangiri Dambulla International Stadium,1,3.5,Galle Marvels,Jaffna Kings,AD Hales,TL Seifert,AM Fernando,0,0,,,,,,,,,
1428464,2024,2024-07-05,Rangiri Dambulla International Stadium,1,3.6,Galle Marvels,Jaffna Kings,AD Hales,TL Seifert,AM Fernando,0,0,,,,,,,,,
1428464,2024,2024-07-05,Rangiri Dambulla International Stadium,1,4.1,Galle Marvels,Jaffna Kings,TL Seifert,AD Hales,PM Liyanagamage,1,0,,,,,,,,,
1428464,2024,2024-07-05,Rangiri Dambulla International Stadium,1,4.2,Galle Marvels,Jaffna Kings,AD Hales,TL Seifert,PM Liyanagamage,4,0,,,,,,,,,
1428464,2024,2024-07-05,Rangiri Dambulla International Stadium,1,4.3,Galle Marvels,Jaffna Kings,AD Hales,TL Seifert,PM Liyanagamage,0,0,,,,,,,,,
1428464,2024,2024-07-05,Rangiri Dambulla International Stadium,1,4.4,Galle Marvels,Jaffna Kings,AD Hales,TL Seifert,PM Liyanagamage,1,0,,,,,,,,,
1428464,2024,2024-07-05,Rangiri Dambulla International Stadium,1,4.5,Galle Marvels,Jaffna Kings,TL Seifert,AD Hales,PM Liyanagamage,1,0,,,,,,,,,
1428464,2024,2024-07-05,Rangiri Dambulla International Stadium,1,4.6,Galle Marvels,Jaffna Kings,AD Hales,TL Seifert,PM Liyanagamage,4,0,,,,,,,,,
1428464,2024,2024-07-05,Rangiri Dambulla International Stadium,1,5.1,Galle Marvels,Jaffna Kings,TL Seifert,AD Hales,Azmatullah Omarzai,1,0,,,,,,,,,
1428464,2024,2024-07-05,Rangiri Dambulla International Stadium,1,5.2,Galle Marvels,Jaffna Kings,AD Hales,TL Seifert,Azmatullah Omarzai,0,0,,,,,,bowled,AD Hales,,
1428464,2024,2024-07-05,Rangiri Dambulla International Stadium,1,5.3,Galle Marvels,Jaffna Kings,PBB Rajapaksa,TL Seifert,Azmatullah Omarzai,0,0,,,,,,,,,
1428464,2024,2024-07-05,Rangiri Dambulla International Stadium,1,5.4,Galle Marvels,Jaffna Kings,PBB Rajapaksa,TL Seifert,Azmatullah Omarzai,1,0,,,,,,,,,
1428464,2024,2024-07-05,Rangiri Dambulla International Stadium,1,5.5,Galle Marvels,Jaffna Kings,TL Seifert,PBB Rajapaksa,Azmatullah Omarzai,0,0,,,,,,,,,
1428464,2024,2024-07-05,Rangiri Dambulla International Stadium,1,5.6,Galle Marvels,Jaffna Kings,TL Seifert,PBB Rajapaksa,Azmatullah Omarzai,1,0,,,,,,,,,
1428464,2024,2024-07-05,Rangiri Dambulla International Stadium,1,6.1,Galle Marvels,Jaffna Kings,TL Seifert,PBB Rajapaksa,KIC Asalanka,0,0,,,,,,,,,
1428464,2024,2024-07-05,Rangiri Dambulla International Stadium,1,6.2,Galle Marvels,Jaffna Kings,TL Seifert,PBB Rajapaksa,KIC Asalanka,0,0,,,,,,,,,
1428464,2024,2024-07-05,Rangiri Dambulla International Stadium,1,6.3,Galle Marvels,Jaffna Kings,TL Seifert,PBB Rajapaksa,KIC Asalanka,1,0,,,,,,,,,
1428464,2024,2024-07-05,Rangiri Dambulla International Stadium,1,6.4,Galle Marvels,Jaffna Kings,PBB Rajapaksa,TL Seifert,KIC Asalanka,0,1,1,,,,,,,,
1428464,2024,2024-07-05,Rangiri Dambulla International Stadium,1,6.5,Galle Marvels,Jaffna Kings,PBB Rajapaksa,TL Seifert,KIC Asalanka,0,0,,,,,,,,,
1428464,2024,2024-07-05,Rangiri Dambulla International Stadium,1,6.6,Galle Marvels,Jaffna Kings,PBB Rajapaksa,TL Seifert,KIC Asalanka,1,0,,,,,,,,,
1428464,2024,2024-07-05,Rangiri Dambulla International Stadium,1,6.7,Galle Marvels,Jaffna Kings,TL Seifert,PBB Rajapaksa,KIC Asalanka,0,0,,,,,,,,,
1428464,2024,2024-07-05,Rangiri Dambulla International Stadium,1,7.1,Galle Marvels,Jaffna Kings,PBB Rajapaksa,TL Seifert,V Viyaskanth,1,0,,,,,,,,,
1428464,2024,2024-07-05,Rangiri Dambulla International Stadium,1,7.2,Galle Marvels,Jaffna Kings,TL Seifert,PBB Rajapaksa,V Viyaskanth,1,0,,,,,,,,,
1428464,2024,2024-07-05,Rangiri Dambulla International Stadium,1,7.3,Galle Marvels,Jaffna Kings,PBB Rajapaksa,TL Seifert,V Viyaskanth,2,0,,,,,,,,,
1428464,2024,2024-07-05,Rangiri Dambulla International Stadium,1,7.4,Galle Marvels,Jaffna Kings,PBB Rajapaksa,TL Seifert,V Viyaskanth,1,0,,,,,,,,,
1428464,2024,2024-07-05,Rangiri Dambulla International Stadium,1,7.5,Galle Marvels,Jaffna Kings,TL Seifert,PBB Rajapaksa,V Viyaskanth,1,0,,,,,,,,,
1428464,2024,2024-07-05,Rangiri Dambulla International Stadium,1,7.6,Galle Marvels,Jaffna Kings,PBB Rajapaksa,TL Seifert,V Viyaskanth,1,0,,,,,,,,,
1428464,2024,2024-07-05,Rangiri Dambulla International Stadium,1,8.1,Galle Marvels,Jaffna Kings,PBB Rajapaksa,TL Seifert,KIC Asalanka,1,0,,,,,,,,,
1428464,2024,2024-07-05,Rangiri Dambulla International Stadium,1,8.2,Galle Marvels,Jaffna Kings,TL Seifert,PBB Rajapaksa,KIC Asalanka,4,0,,,,,,,,,
1428464,2024,2024-07-05,Rangiri Dambulla International Stadium,1,8.3,Galle Marvels,Jaffna Kings,TL Seifert,PBB Rajapaksa,KIC Asalanka,6,0,,,,,,,,,
1428464,2024,2024-07-05,Rangiri Dambulla International Stadium,1,8.4,Galle Marvels,Jaffna Kings,TL Seifert,PBB Rajapaksa,KIC Asalanka,1,0,,,,,,,,,
1428464,2024,2024-07-05,Rangiri Dambulla International Stadium,1,8.5,Galle Marvels,Jaffna Kings,PBB Rajapaksa,TL Seifert,KIC Asalanka,0,0,,,,,,,,,
1428464,2024,2024-07-05,Rangiri Dambulla International Stadium,1,8.6,Galle Marvels,Jaffna Kings,PBB Rajapaksa,TL Seifert,KIC Asalanka,1,0,,,,,,,,,
1428464,2024,2024-07-05,Rangiri Dambulla International Stadium,1,9.1,Galle Marvels,Jaffna Kings,PBB Rajapaksa,TL Seifert,FA Allen,0,0,,,,,,,,,
1428464,2024,2024-07-05,Rangiri Dambulla International Stadium,1,9.2,Galle Marvels,Jaffna Kings,PBB Rajapaksa,TL Seifert,FA Allen,1,0,,,,,,,,,
1428464,2024,2024-07-05,Rangiri Dambulla International Stadium,1,9.3,Galle Marvels,Jaffna Kings,TL Seifert,PBB Rajapaksa,FA Allen,0,0,,,,,,,,,
1428464,2024,2024-07-05,Rangiri Dambulla International Stadium,1,9.4,Galle Marvels,Jaffna Kings,TL Seifert,PBB Rajapaksa,FA Allen,0,0,,,,,,,,,
1428464,2024,2024-07-05,Rangiri Dambulla International Stadium,1,9.5,Galle Marvels,Jaffna Kings,TL Seifert,PBB Rajapaksa,FA Allen,4,0,,,,,,,,,
1428464,2024,2024-07-05,Rangiri Dambulla International Stadium,1,9.6,Galle Marvels,Jaffna Kings,TL Seifert,PBB Rajapaksa,FA Allen,0,0,,,,,,,,,
1428464,2024,2024-07-05,Rangiri Dambulla International Stadium,1,10.1,Galle Marvels,Jaffna Kings,PBB Rajapaksa,TL Seifert,V Viyaskanth,1,0,,,,,,,,,
1428464,2024,2024-07-05,Rangiri Dambulla International Stadium,1,10.2,Galle Marvels,Jaffna Kings,TL Seifert,PBB Rajapaksa,V Viyaskanth,0,0,,,,,,,,,
1428464,2024,2024-07-05,Rangiri Dambulla International Stadium,1,10.3,Galle Marvels,Jaffna Kings,TL Seifert,PBB Rajapaksa,V Viyaskanth,6,0,,,,,,,,,
1428464,2024,2024-07-05,Rangiri Dambulla International Stadium,1,10.4,Galle Marvels,Jaffna Kings,TL Seifert,PBB Rajapaksa,V Viyaskanth,4,0,,,,,,,,,
1428464,2024,2024-07-05,Rangiri Dambulla International Stadium,1,10.5,Galle Marvels,Jaffna Kings,TL Seifert,PBB Rajapaksa,V Viyaskanth,0,0,,,,,,,,,
1428464,2024,2024-07-05,Rangiri Dambulla International Stadium,1,10.6,Galle Marvels,Jaffna Kings,TL Seifert,PBB Rajapaksa,V Viyaskanth,1,0,,,,,,,,,
1428464,2024,2024-07-05,Rangiri Dambulla International Stadium,1,11.1,Galle Marvels,Jaffna Kings,TL Seifert,PBB Rajapaksa,FA Allen,0,0,,,,,,,,,
1428464,2024,2024-07-05,Rangiri Dambulla International Stadium,1,11.2,Galle Marvels,Jaffna Kings,TL Seifert,PBB Rajapaksa,FA Allen,1,0,,,,,,,,,
1428464,2024,2024-07-05,Rangiri Dambulla International Stadium,1,11.3,Galle Marvels,Jaffna Kings,PBB Rajapaksa,TL Seifert,FA Allen,4,0,,,,,,,,,
1428464,2024,2024-07-05,Rangiri Dambulla International Stadium,1,11.4,Galle Marvels,Jaffna Kings,PBB Rajapaksa,TL Seifert,FA Allen,4,0,,,,,,,,,
1428464,2024,2024-07-05,Rangiri Dambulla International Stadium,1,11.5,Galle Marvels,Jaffna Kings,PBB Rajapaksa,TL Seifert,FA Allen,1,0,,,,,,,,,
1428464,2024,2024-07-05,Rangiri Dambulla International Stadium,1,11.6,Galle Marvels,Jaffna Kings,TL Seifert,PBB Rajapaksa,FA Allen,1,0,,,,,,,,,
1428464,2024,2024-07-05,Rangiri Dambulla International Stadium,1,12.1,Galle Marvels,Jaffna Kings,TL Seifert,PBB Rajapaksa,AM Fernando,1,0,,,,,,,,,
1428464,2024,2024-07-05,Rangiri Dambulla International Stadium,1,12.2,Galle Marvels,Jaffna Kings,PBB Rajapaksa,TL Seifert,AM Fernando,1,0,,,,,,,,,
1428464,2024,2024-07-05,Rangiri Dambulla International Stadium,1,12.3,Galle Marvels,Jaffna Kings,TL Seifert,PBB Rajapaksa,AM Fernando,0,0,,,,,,,,,
1428464,2024,2024-07-05,Rangiri Dambulla International Stadium,1,12.4,Galle Marvels,Jaffna Kings,TL Seifert,PBB Rajapaksa,AM Fernando,1,0,,,,,,,,,
1428464,2024,2024-07-05,Rangiri Dambulla International Stadium,1,12.5,Galle Marvels,Jaffna Kings,PBB Rajapaksa,TL Seifert,AM Fernando,1,0,,,,,,,,,
1428464,2024,2024-07-05,Rangiri Dambulla International Stadium,1,12.6,Galle Marvels,Jaffna Kings,TL Seifert,PBB Rajapaksa,AM Fernando,1,0,,,,,,,,,
1428464,2024,2024-07-05,Rangiri Dambulla International Stadium,1,13.1,Galle Marvels,Jaffna Kings,TL Seifert,PBB Rajapaksa,FA Allen,4,0,,,,,,,,,
1428464,2024,2024-07-05,Rangiri Dambulla International Stadium,1,13.2,Galle Marvels,Jaffna Kings,TL Seifert,PBB Rajapaksa,FA Allen,0,0,,,,,,,,,
1428464,2024,2024-07-05,Rangiri Dambulla International Stadium,1,13.3,Galle Marvels,Jaffna Kings,TL Seifert,PBB Rajapaksa,FA Allen,1,0,,,,,,,,,
1428464,2024,2024-07-05,Rangiri Dambulla International Stadium,1,13.4,Galle Marvels,Jaffna Kings,PBB Rajapaksa,TL Seifert,FA Allen,6,0,,,,,,,,,
1428464,2024,2024-07-05,Rangiri Dambulla International Stadium,1,13.5,Galle Marvels,Jaffna Kings,PBB Rajapaksa,TL Seifert,FA Allen,0,0,,,,,,caught,PBB Rajapaksa,,
1428464,2024,2024-07-05,Rangiri Dambulla International Stadium,1,13.6,Galle Marvels,Jaffna Kings,SSD Arachchige,TL Seifert,FA Allen,1,0,,,,,,,,,
1428464,2024,2024-07-05,Rangiri Dambulla International Stadium,1,14.1,Galle Marvels,Jaffna Kings,SSD Arachchige,TL Seifert,Azmatullah Omarzai,1,0,,,,,,,,,
1428464,2024,2024-07-05,Rangiri Dambulla International Stadium,1,14.2,Galle Marvels,Jaffna Kings,TL Seifert,SSD Arachchige,Azmatullah Omarzai,0,0,,,,,,,,,
1428464,2024,2024-07-05,Rangiri Dambulla International Stadium,1,14.3,Galle Marvels,Jaffna Kings,TL Seifert,SSD Arachchige,Azmatullah Omarzai,0,0,,,,,,,,,
1428464,2024,2024-07-05,Rangiri Dambulla International Stadium,1,14.4,Galle Marvels,Jaffna Kings,TL Seifert,SSD Arachchige,Azmatullah Omarzai,4,0,,,,,,,,,
1428464,2024,2024-07-05,Rangiri Dambulla International Stadium,1,14.5,Galle Marvels,Jaffna Kings,TL Seifert,SSD Arachchige,Azmatullah Omarzai,0,0,,,,,,,,,
1428464,2024,2024-07-05,Rangiri Dambulla International Stadium,1,14.6,Galle Marvels,Jaffna Kings,TL Seifert,SSD Arachchige,Azmatullah Omarzai,1,0,,,,,,,,,
1428464,2024,2024-07-05,Rangiri Dambulla International Stadium,1,15.1,Galle Marvels,Jaffna Kings,TL Seifert,SSD Arachchige,FA Allen,0,0,,,,,,,,,
1428464,2024,2024-07-05,Rangiri Dambulla International Stadium,1,15.2,Galle Marvels,Jaffna Kings,TL Seifert,SSD Arachchige,FA Allen,4,0,,,,,,,,,
1428464,2024,2024-07-05,Rangiri Dambulla International Stadium,1,15.3,Galle Marvels,Jaffna Kings,TL Seifert,SSD Arachchige,FA Allen,6,0,,,,,,,,,
1428464,2024,2024-07-05,Rangiri Dambulla International Stadium,1,15.4,Galle Marvels,Jaffna Kings,TL Seifert,SSD Arachchige,FA Allen,4,0,,,,,,,,,
1428464,2024,2024-07-05,Rangiri Dambulla International Stadium,1,15.5,Galle Marvels,Jaffna Kings,TL Seifert,SSD Arachchige,FA Allen,0,0,,,,,,,,,
1428464,2024,2024-07-05,Rangiri Dambulla International Stadium,1,15.6,Galle Marvels,Jaffna Kings,TL Seifert,SSD Arachchige,FA Allen,0,1,,,,1,,,,,
1428464,2024,2024-07-05,Rangiri Dambulla International Stadium,1,16.1,Galle Marvels,Jaffna Kings,TL Seifert,SSD Arachchige,Azmatullah Omarzai,4,0,,,,,,,,,
1428464,2024,2024-07-05,Rangiri Dambulla International Stadium,1,16.2,Galle Marvels,Jaffna Kings,TL Seifert,SSD Arachchige,Azmatullah Omarzai,0,0,,,,,,,,,
1428464,2024,2024-07-05,Rangiri Dambulla International Stadium,1,16.3,Galle Marvels,Jaffna Kings,TL Seifert,SSD Arachchige,Azmatullah Omarzai,6,0,,,,,,,,,
1428464,2024,2024-07-05,Rangiri Dambulla International Stadium,1,16.4,Galle Marvels,Jaffna Kings,TL Seifert,SSD Arachchige,Azmatullah Omarzai,4,0,,,,,,,,,
1428464,2024,2024-07-05,Rangiri Dambulla International Stadium,1,16.5,Galle Marvels,Jaffna Kings,TL Seifert,SSD Arachchige,Azmatullah Omarzai,1,0,,,,,,,,,
1428464,2024,2024-07-05,Rangiri Dambulla International Stadium,1,16.6,Galle Marvels,Jaffna Kings,SSD Arachchige,TL Seifert,Azmatullah Omarzai,0,0,,,,,,caught,SSD Arachchige,,
1428464,2024,2024-07-05,Rangiri Dambulla International Stadium,1,17.1,Galle Marvels,Jaffna Kings,TL Seifert,J Liyanage,AM Fernando,4,0,,,,,,,,,
1428464,2024,2024-07-05,Rangiri Dambulla International Stadium,1,17.2,Galle Marvels,Jaffna Kings,TL Seifert,J Liyanage,AM Fernando,0,0,,,,,,,,,
1428464,2024,2024-07-05,Rangiri Dambulla International Stadium,1,17.3,Galle Marvels,Jaffna Kings,TL Seifert,J Liyanage,AM Fernando,4,0,,,,,,,,,
1428464,2024,2024-07-05,Rangiri Dambulla International Stadium,1,17.4,Galle Marvels,Jaffna Kings,TL Seifert,J Liyanage,AM Fernando,6,0,,,,,,,,,
1428464,2024,2024-07-05,Rangiri Dambulla International Stadium,1,17.5,Galle Marvels,Jaffna Kings,TL Seifert,J Liyanage,AM Fernando,1,0,,,,,,,,,
1428464,2024,2024-07-05,Rangiri Dambulla International Stadium,1,17.6,Galle Marvels,Jaffna Kings,J Liyanage,TL Seifert,AM Fernando,0,0,,,,,,,,,
1428464,2024,2024-07-05,Rangiri Dambulla International Stadium,1,18.1,Galle Marvels,Jaffna Kings,TL Seifert,J Liyanage,PM Liyanagamage,0,1,1,,,,,,,,
1428464,2024,2024-07-05,Rangiri Dambulla International Stadium,1,18.2,Galle Marvels,Jaffna Kings,TL Seifert,J Liyanage,PM Liyanagamage,0,1,1,,,,,,,,
1428464,2024,2024-07-05,Rangiri Dambulla International Stadium,1,18.3,Galle Marvels,Jaffna Kings,TL Seifert,J Liyanage,PM Liyanagamage,0,0,,,,,,,,,
1428464,2024,2024-07-05,Rangiri Dambulla International Stadium,1,18.4,Galle Marvels,Jaffna Kings,TL Seifert,J Liyanage,PM Liyanagamage,0,0,,,,,,,,,
1428464,2024,2024-07-05,Rangiri Dambulla International Stadium,1,18.5,Galle Marvels,Jaffna Kings,TL Seifert,J Liyanage,PM Liyanagamage,6,0,,,,,,,,,
1428464,2024,2024-07-05,Rangiri Dambulla International Stadium,1,18.6,Galle Marvels,Jaffna Kings,TL Seifert,J Liyanage,PM Liyanagamage,0,0,,,,,,,,,
1428464,2024,2024-07-05,Rangiri Dambulla International Stadium,1,18.7,Galle Marvels,Jaffna Kings,TL Seifert,J Liyanage,PM Liyanagamage,1,0,,,,,,,,,
1428464,2024,2024-07-05,Rangiri Dambulla International Stadium,1,18.8,Galle Marvels,Jaffna Kings,J Liyanage,TL Seifert,PM Liyanagamage,0,1,1,,,,,,,,
1428464,2024,2024-07-05,Rangiri Dambulla International Stadium,1,18.9,Galle Marvels,Jaffna Kings,J Liyanage,TL Seifert,PM Liyanagamage,1,0,,,,,,,,,
1428464,2024,2024-07-05,Rangiri Dambulla International Stadium,1,19.1,Galle Marvels,Jaffna Kings,J Liyanage,TL Seifert,AM Fernando,4,0,,,,,,,,,
1428464,2024,2024-07-05,Rangiri Dambulla International Stadium,1,19.2,Galle Marvels,Jaffna Kings,J Liyanage,TL Seifert,AM Fernando,0,0,,,,,,,,,
1428464,2024,2024-07-05,Rangiri Dambulla International Stadium,1,19.3,Galle Marvels,Jaffna Kings,J Liyanage,TL Seifert,AM Fernando,1,0,,,,,,,,,
1428464,2024,2024-07-05,Rangiri Dambulla International Stadium,1,19.4,Galle Marvels,Jaffna Kings,TL Seifert,J Liyanage,AM Fernando,0,0,,,,,,,,,
1428464,2024,2024-07-05,Rangiri Dambulla International Stadium,1,19.5,Galle Marvels,Jaffna Kings,TL Seifert,J Liyanage,AM Fernando,1,0,,,,,,run out,J Liyanage,,
1428464,2024,2024-07-05,Rangiri Dambulla International Stadium,1,19.6,Galle Marvels,Jaffna Kings,TL Seifert,D Pretorius,AM Fernando,4,0,,,,,,,,,
1428464,2024,2024-07-05,Rangiri Dambulla International Stadium,2,0.1,Jaffna Kings,Galle Marvels,P Nissanka,BKG Mendis,D Pretorius,4,0,,,,,,,,,
1428464,2024,2024-07-05,Rangiri Dambulla International Stadium,2,0.2,Jaffna Kings,Galle Marvels,P Nissanka,BKG Mendis,D Pretorius,1,0,,,,,,,,,
1428464,2024,2024-07-05,Rangiri Dambulla International Stadium,2,0.3,Jaffna Kings,Galle Marvels,BKG Mendis,P Nissanka,D Pretorius,1,0,,,,,,,,,
1428464,2024,2024-07-05,Rangiri Dambulla International Stadium,2,0.4,Jaffna Kings,Galle Marvels,P Nissanka,BKG Mendis,D Pretorius,0,0,,,,,,,,,
1428464,2024,2024-07-05,Rangiri Dambulla International Stadium,2,0.5,Jaffna Kings,Galle Marvels,P Nissanka,BKG Mendis,D Pretorius,0,1,,,,1,,,,,
1428464,2024,2024-07-05,Rangiri Dambulla International Stadium,2,0.6,Jaffna Kings,Galle Marvels,BKG Mendis,P Nissanka,D Pretorius,1,0,,,,,,,,,
1428464,2024,2024-07-05,Rangiri Dambulla International Stadium,2,1.1,Jaffna Kings,Galle Marvels,BKG Mendis,P Nissanka,I Udana,4,0,,,,,,,,,
1428464,2024,2024-07-05,Rangiri Dambulla International Stadium,2,1.2,Jaffna Kings,Galle Marvels,BKG Mendis,P Nissanka,I Udana,0,1,1,,,,,,,,
1428464,2024,2024-07-05,Rangiri Dambulla International Stadium,2,1.3,Jaffna Kings,Galle Marvels,BKG Mendis,P Nissanka,I Udana,1,0,,,,,,,,,
1428464,2024,2024-07-05,Rangiri Dambulla International Stadium,2,1.4,Jaffna Kings,Galle Marvels,P Nissanka,BKG Mendis,I Udana,1,0,,,,,,,,,
1428464,2024,2024-07-05,Rangiri Dambulla International Stadium,2,1.5,Jaffna Kings,Galle Marvels,BKG Mendis,P Nissanka,I Udana,1,0,,,,,,,,,
1428464,2024,2024-07-05,Rangiri Dambulla International Stadium,2,1.6,Jaffna Kings,Galle Marvels,P Nissanka,BKG Mendis,I Udana,4,0,,,,,,,,,
1428464,2024,2024-07-05,Rangiri Dambulla International Stadium,2,1.7,Jaffna Kings,Galle Marvels,P Nissanka,BKG Mendis,I Udana,1,0,,,,,,,,,
1428464,2024,2024-07-05,Rangiri Dambulla International Stadium,2,2.1,Jaffna Kings,Galle Marvels,P Nissanka,BKG Mendis,Zahoor Khan,1,0,,,,,,,,,
1428464,2024,2024-07-05,Rangiri Dambulla International Stadium,2,2.2,Jaffna Kings,Galle Marvels,BKG Mendis,P Nissanka,Zahoor Khan,2,0,,,,,,,,,
1428464,2024,2024-07-05,Rangiri Dambulla International Stadium,2,2.3,Jaffna Kings,Galle Marvels,BKG Mendis,P Nissanka,Zahoor Khan,1,0,,,,,,,,,
1428464,2024,2024-07-05,Rangiri Dambulla International Stadium,2,2.4,Jaffna Kings,Galle Marvels,P Nissanka,BKG Mendis,Zahoor Khan,0,0,,,,,,,,,
1428464,2024,2024-07-05,Rangiri Dambulla International Stadium,2,2.5,Jaffna Kings,Galle Marvels,P Nissanka,BKG Mendis,Zahoor Khan,0,0,,,,,,,,,
1428464,2024,2024-07-05,Rangiri Dambulla International Stadium,2,2.6,Jaffna Kings,Galle Marvels,P Nissanka,BKG Mendis,Zahoor Khan,0,0,,,,,,caught,P Nissanka,,
1428464,2024,2024-07-05,Rangiri Dambulla International Stadium,2,3.1,Jaffna Kings,Galle Marvels,BKG Mendis,RR Rossouw,M Theekshana,4,0,,,,,,,,,
1428464,2024,2024-07-05,Rangiri Dambulla International Stadium,2,3.2,Jaffna Kings,Galle Marvels,BKG Mendis,RR Rossouw,M Theekshana,4,0,,,,,,,,,
1428464,2024,2024-07-05,Rangiri Dambulla International Stadium,2,3.3,Jaffna Kings,Galle Marvels,BKG Mendis,RR Rossouw,M Theekshana,1,0,,,,,,,,,
1428464,2024,2024-07-05,Rangiri Dambulla International Stadium,2,3.4,Jaffna Kings,Galle Marvels,RR Rossouw,BKG Mendis,M Theekshana,1,0,,,,,,,,,
1428464,2024,2024-07-05,Rangiri Dambulla International Stadium,2,3.5,Jaffna Kings,Galle Marvels,BKG Mendis,RR Rossouw,M Theekshana,1,0,,,,,,,,,
1428464,2024,2024-07-05,Rangiri Dambulla International Stadium,2,3.6,Jaffna Kings,Galle Marvels,RR Rossouw,BKG Mendis,M Theekshana,4,0,,,,,,,,,
1428464,2024,2024-07-05,Rangiri Dambulla International Stadium,2,4.1,Jaffna Kings,Galle Marvels,BKG Mendis,RR Rossouw,Zahoor Khan,0,0,,,,,,,,,
1428464,2024,2024-07-05,Rangiri Dambulla International Stadium,2,4.2,Jaffna Kings,Galle Marvels,BKG Mendis,RR Rossouw,Zahoor Khan,4,0,,,,,,,,,
1428464,2024,2024-07-05,Rangiri Dambulla International Stadium,2,4.3,Jaffna Kings,Galle Marvels,BKG Mendis,RR Rossouw,Zahoor Khan,1,0,,,,,,,,,
1428464,2024,2024-07-05,Rangiri Dambulla International Stadium,2,4.4,Jaffna Kings,Galle Marvels,RR Rossouw,BKG Mendis,Zahoor Khan,4,0,,,,,,,,,
1428464,2024,2024-07-05,Rangiri Dambulla International Stadium,2,4.5,Jaffna Kings,Galle Marvels,RR Rossouw,BKG Mendis,Zahoor Khan,6,0,,,,,,,,,
1428464,2024,2024-07-05,Rangiri Dambulla International Stadium,2,4.6,Jaffna Kings,Galle Marvels,RR Rossouw,BKG Mendis,Zahoor Khan,0,0,,,,,,,,,
1428464,2024,2024-07-05,Rangiri Dambulla International Stadium,2,5.1,Jaffna Kings,Galle Marvels,BKG Mendis,RR Rossouw,I Udana,4,0,,,,,,,,,
1428464,2024,2024-07-05,Rangiri Dambulla International Stadium,2,5.2,Jaffna Kings,Galle Marvels,BKG Mendis,RR Rossouw,I Udana,0,0,,,,,,caught,BKG Mendis,,
1428464,2024,2024-07-05,Rangiri Dambulla International Stadium,2,5.3,Jaffna Kings,Galle Marvels,WIA Fernando,RR Rossouw,I Udana,1,0,,,,,,,,,
1428464,2024,2024-07-05,Rangiri Dambulla International Stadium,2,5.4,Jaffna Kings,Galle Marvels,RR Rossouw,WIA Fernando,I Udana,0,0,,,,,,,,,
1428464,2024,2024-07-05,Rangiri Dambulla International Stadium,2,5.5,Jaffna Kings,Galle Marvels,RR Rossouw,WIA Fernando,I Udana,0,0,,,,,,,,,
1428464,2024,2024-07-05,Rangiri Dambulla International Stadium,2,5.6,Jaffna Kings,Galle Marvels,RR Rossouw,WIA Fernando,I Udana,0,0,,,,,,,,,
1428464,2024,2024-07-05,Rangiri Dambulla International Stadium,2,6.1,Jaffna Kings,Galle Marvels,WIA Fernando,RR Rossouw,SSD Arachchige,1,0,,,,,,,,,
1428464,2024,2024-07-05,Rangiri Dambulla International Stadium,2,6.2,Jaffna Kings,Galle Marvels,RR Rossouw,WIA Fernando,SSD Arachchige,4,0,,,,,,,,,
1428464,2024,2024-07-05,Rangiri Dambulla International Stadium,2,6.3,Jaffna Kings,Galle Marvels,RR Rossouw,WIA Fernando,SSD Arachchige,0,0,,,,,,,,,
1428464,2024,2024-07-05,Rangiri Dambulla International Stadium,2,6.4,Jaffna Kings,Galle Marvels,RR Rossouw,WIA Fernando,SSD Arachchige,0,0,,,,,,,,,
1428464,2024,2024-07-05,Rangiri Dambulla International Stadium,2,6.5,Jaffna Kings,Galle Marvels,RR Rossouw,WIA Fernando,SSD Arachchige,0,0,,,,,,,,,
1428464,2024,2024-07-05,Rangiri Dambulla International Stadium,2,6.6,Jaffna Kings,Galle Marvels,RR Rossouw,WIA Fernando,SSD Arachchige,4,0,,,,,,,,,
1428464,2024,2024-07-05,Rangiri Dambulla International Stadium,2,7.1,Jaffna Kings,Galle Marvels,WIA Fernando,RR Rossouw,M Tharupathi,4,0,,,,,,,,,
1428464,2024,2024-07-05,Rangiri Dambulla International Stadium,2,7.2,Jaffna Kings,Galle Marvels,WIA Fernando,RR Rossouw,M Tharupathi,1,0,,,,,,,,,
1428464,2024,2024-07-05,Rangiri Dambulla International Stadium,2,7.3,Jaffna Kings,Galle Marvels,RR Rossouw,WIA Fernando,M Tharupathi,4,0,,,,,,,,,
1428464,2024,2024-07-05,Rangiri Dambulla International Stadium,2,7.4,Jaffna Kings,Galle Marvels,RR Rossouw,WIA Fernando,M Tharupathi,0,0,,,,,,,,,
1428464,2024,2024-07-05,Rangiri Dambulla International Stadium,2,7.5,Jaffna Kings,Galle Marvels,RR Rossouw,WIA Fernando,M Tharupathi,6,0,,,,,,,,,
1428464,2024,2024-07-05,Rangiri Dambulla International Stadium,2,7.6,Jaffna Kings,Galle Marvels,RR Rossouw,WIA Fernando,M Tharupathi,0,0,,,,,,,,,
1428464,2024,2024-07-05,Rangiri Dambulla International Stadium,2,8.1,Jaffna Kings,Galle Marvels,WIA Fernando,RR Rossouw,M Theekshana,1,0,,,,,,,,,
1428464,2024,2024-07-05,Rangiri Dambulla International Stadium,2,8.2,Jaffna Kings,Galle Marvels,RR Rossouw,WIA Fernando,M Theekshana,1,0,,,,,,,,,
1428464,2024,2024-07-05,Rangiri Dambulla International Stadium,2,8.3,Jaffna Kings,Galle Marvels,WIA Fernando,RR Rossouw,M Theekshana,0,0,,,,,,,,,
1428464,2024,2024-07-05,Rangiri Dambulla International Stadium,2,8.4,Jaffna Kings,Galle Marvels,WIA Fernando,RR Rossouw,M Theekshana,1,0,,,,,,,,,
1428464,2024,2024-07-05,Rangiri Dambulla International Stadium,2,8.5,Jaffna Kings,Galle Marvels,RR Rossouw,WIA Fernando,M Theekshana,0,0,,,,,,,,,
1428464,2024,2024-07-05,Rangiri Dambulla International Stadium,2,8.6,Jaffna Kings,Galle Marvels,RR Rossouw,WIA Fernando,M Theekshana,1,0,,,,,,,,,
1428464,2024,2024-07-05,Rangiri Dambulla International Stadium,2,9.1,Jaffna Kings,Galle Marvels,RR Rossouw,WIA Fernando,D Pretorius,1,0,,,,,,,,,
1428464,2024,2024-07-05,Rangiri Dambulla International Stadium,2,9.2,Jaffna Kings,Galle Marvels,WIA Fernando,RR Rossouw,D Pretorius,1,0,,,,,,,,,
1428464,2024,2024-07-05,Rangiri Dambulla International Stadium,2,9.3,Jaffna Kings,Galle Marvels,RR Rossouw,WIA Fernando,D Pretorius,1,0,,,,,,,,,
1428464,2024,2024-07-05,Rangiri Dambulla International Stadium,2,9.4,Jaffna Kings,Galle Marvels,WIA Fernando,RR Rossouw,D Pretorius,0,0,,,,,,,,,
1428464,2024,2024-07-05,Rangiri Dambulla International Stadium,2,9.5,Jaffna Kings,Galle Marvels,WIA Fernando,RR Rossouw,D Pretorius,4,0,,,,,,,,,
1428464,2024,2024-07-05,Rangiri Dambulla International Stadium,2,9.6,Jaffna Kings,Galle Marvels,WIA Fernando,RR Rossouw,D Pretorius,0,0,,,,,,caught,WIA Fernando,,
1428464,2024,2024-07-05,Rangiri Dambulla International Stadium,2,10.1,Jaffna Kings,Galle Marvels,RR Rossouw,AI Ross,M Theekshana,1,0,,,,,,,,,
1428464,2024,2024-07-05,Rangiri Dambulla International Stadium,2,10.2,Jaffna Kings,Galle Marvels,AI Ross,RR Rossouw,M Theekshana,0,1,1,,,,,,,,
1428464,2024,2024-07-05,Rangiri Dambulla International Stadium,2,10.3,Jaffna Kings,Galle Marvels,AI Ross,RR Rossouw,M Theekshana,0,0,,,,,,,,,
1428464,2024,2024-07-05,Rangiri Dambulla International Stadium,2,10.4,Jaffna Kings,Galle Marvels,AI Ross,RR Rossouw,M Theekshana,0,0,,,,,,,,,
1428464,2024,2024-07-05,Rangiri Dambulla International Stadium,2,10.5,Jaffna Kings,Galle Marvels,AI Ross,RR Rossouw,M Theekshana,0,0,,,,,,,,,
1428464,2024,2024-07-05,Rangiri Dambulla International Stadium,2,10.6,Jaffna Kings,Galle Marvels,AI Ross,RR Rossouw,M Theekshana,1,0,,,,,,,,,
1428464,2024,2024-07-05,Rangiri Dambulla International Stadium,2,10.7,Jaffna Kings,Galle Marvels,RR Rossouw,AI Ross,M Theekshana,0,0,,,,,,,,,
1428464,2024,2024-07-05,Rangiri Dambulla International Stadium,2,11.1,Jaffna Kings,Galle Marvels,AI Ross,RR Rossouw,J Liyanage,0,0,,,,,,,,,
1428464,2024,2024-07-05,Rangiri Dambulla International Stadium,2,11.2,Jaffna Kings,Galle Marvels,AI Ross,RR Rossouw,J Liyanage,2,0,,,,,,,,,
1428464,2024,2024-07-05,Rangiri Dambulla International Stadium,2,11.3,Jaffna Kings,Galle Marvels,AI Ross,RR Rossouw,J Liyanage,1,0,,,,,,,,,
1428464,2024,2024-07-05,Rangiri Dambulla International Stadium,2,11.4,Jaffna Kings,Galle Marvels,RR Rossouw,AI Ross,J Liyanage,4,0,,,,,,,,,
1428464,2024,2024-07-05,Rangiri Dambulla International Stadium,2,11.5,Jaffna Kings,Galle Marvels,RR Rossouw,AI Ross,J Liyanage,4,0,,,,,,,,,
1428464,2024,2024-07-05,Rangiri Dambulla International Stadium,2,11.6,Jaffna Kings,Galle Marvels,RR Rossouw,AI Ross,J Liyanage,0,0,,,,,,,,,
1428464,2024,2024-07-05,Rangiri Dambulla International Stadium,2,12.1,Jaffna Kings,Galle Marvels,AI Ross,RR Rossouw,I Udana,1,0,,,,,,,,,
1428464,2024,2024-07-05,Rangiri Dambulla International Stadium,2,12.2,Jaffna Kings,Galle Marvels,RR Rossouw,AI Ross,I Udana,1,0,,,,,,,,,
1428464,2024,2024-07-05,Rangiri Dambulla International Stadium,2,12.3,Jaffna Kings,Galle Marvels,AI Ross,RR Rossouw,I Udana,3,0,,,,,,,,,
1428464,2024,2024-07-05,Rangiri Dambulla International Stadium,2,12.4,Jaffna Kings,Galle Marvels,RR Rossouw,AI Ross,I Udana,0,1,,,,1,,,,,
1428464,2024,2024-07-05,Rangiri Dambulla International Stadium,2,12.5,Jaffna Kings,Galle Marvels,AI Ross,RR Rossouw,I Udana,1,0,,,,,,,,,
1428464,2024,2024-07-05,Rangiri Dambulla International Stadium,2,12.6,Jaffna Kings,Galle Marvels,RR Rossouw,AI Ross,I Udana,2,0,,,,,,,,,
1428464,2024,2024-07-05,Rangiri Dambulla International Stadium,2,13.1,Jaffna Kings,Galle Marvels,AI Ross,RR Rossouw,D Pretorius,1,0,,,,,,,,,
1428464,2024,2024-07-05,Rangiri Dambulla International Stadium,2,13.2,Jaffna Kings,Galle Marvels,RR Rossouw,AI Ross,D Pretorius,2,0,,,,,,,,,
1428464,2024,2024-07-05,Rangiri Dambulla International Stadium,2,13.3,Jaffna Kings,Galle Marvels,RR Rossouw,AI Ross,D Pretorius,1,0,,,,,,,,,
1428464,2024,2024-07-05,Rangiri Dambulla International Stadium,2,13.4,Jaffna Kings,Galle Marvels,AI Ross,RR Rossouw,D Pretorius,1,0,,,,,,,,,
1428464,2024,2024-07-05,Rangiri Dambulla International Stadium,2,13.5,Jaffna Kings,Galle Marvels,RR Rossouw,AI Ross,D Pretorius,0,0,,,,,,,,,
1428464,2024,2024-07-05,Rangiri Dambulla International Stadium,2,13.6,Jaffna Kings,Galle Marvels,RR Rossouw,AI Ross,D Pretorius,1,0,,,,,,,,,
1428464,2024,2024-07-05,Rangiri Dambulla International Stadium,2,14.1,Jaffna Kings,Galle Marvels,RR Rossouw,AI Ross,Zahoor Khan,1,0,,,,,,,,,
1428464,2024,2024-07-05,Rangiri Dambulla International Stadium,2,14.2,Jaffna Kings,Galle Marvels,AI Ross,RR Rossouw,Zahoor Khan,0,0,,,,,,,,,
1428464,2024,2024-07-05,Rangiri Dambulla International Stadium,2,14.3,Jaffna Kings,Galle Marvels,AI Ross,RR Rossouw,Zahoor Khan,1,0,,,,,,,,,
1428464,2024,2024-07-05,Rangiri Dambulla International Stadium,2,14.4,Jaffna Kings,Galle Marvels,RR Rossouw,AI Ross,Zahoor Khan,2,0,,,,,,,,,
1428464,2024,2024-07-05,Rangiri Dambulla International Stadium,2,14.5,Jaffna Kings,Galle Marvels,RR Rossouw,AI Ross,Zahoor Khan,6,0,,,,,,,,,
1428464,2024,2024-07-05,Rangiri Dambulla International Stadium,2,14.6,Jaffna Kings,Galle Marvels,RR Rossouw,AI Ross,Zahoor Khan,0,0,,,,,,,,,
1428464,2024,2024-07-05,Rangiri Dambulla International Stadium,2,15.1,Jaffna Kings,Galle Marvels,AI Ross,RR Rossouw,M Theekshana,1,0,,,,,,,,,
1428464,2024,2024-07-05,Rangiri Dambulla International Stadium,2,15.2,Jaffna Kings,Galle Marvels,RR Rossouw,AI Ross,M Theekshana,1,0,,,,,,,,,
1428464,2024,2024-07-05,Rangiri Dambulla International Stadium,2,15.3,Jaffna Kings,Galle Marvels,AI Ross,RR Rossouw,M Theekshana,0,0,,,,,,,,,
1428464,2024,2024-07-05,Rangiri Dambulla International Stadium,2,15.4,Jaffna Kings,Galle Marvels,AI Ross,RR Rossouw,M Theekshana,0,0,,,,,,bowled,AI Ross,,
1428464,2024,2024-07-05,Rangiri Dambulla International Stadium,2,15.5,Jaffna Kings,Galle Marvels,KIC Asalanka,RR Rossouw,M Theekshana,1,0,,,,,,,,,
1428464,2024,2024-07-05,Rangiri Dambulla International Stadium,2,15.6,Jaffna Kings,Galle Marvels,RR Rossouw,KIC Asalanka,M Theekshana,4,0,,,,,,,,,
1428464,2024,2024-07-05,Rangiri Dambulla International Stadium,2,16.1,Jaffna Kings,Galle Marvels,KIC Asalanka,RR Rossouw,Zahoor Khan,1,0,,,,,,,,,
1428464,2024,2024-07-05,Rangiri Dambulla International Stadium,2,16.2,Jaffna Kings,Galle Marvels,RR Rossouw,KIC Asalanka,Zahoor Khan,0,0,,,,,,,,,
1428464,2024,2024-07-05,Rangiri Dambulla International Stadium,2,16.3,Jaffna Kings,Galle Marvels,RR Rossouw,KIC Asalanka,Zahoor Khan,0,0,,,,,,caught,RR Rossouw,,
1428464,2024,2024-07-05,Rangiri Dambulla International Stadium,2,16.4,Jaffna Kings,Galle Marvels,Azmatullah Omarzai,KIC Asalanka,Zahoor Khan,1,0,,,,,,,,,
1428464,2024,2024-07-05,Rangiri Dambulla International Stadium,2,16.5,Jaffna Kings,Galle Marvels,KIC Asalanka,Azmatullah Omarzai,Zahoor Khan,1,0,,,,,,,,,
1428464,2024,2024-07-05,Rangiri Dambulla International Stadium,2,16.6,Jaffna Kings,Galle Marvels,Azmatullah Omarzai,KIC Asalanka,Zahoor Khan,1,0,,,,,,,,,
1428464,2024,2024-07-05,Rangiri Dambulla International Stadium,2,17.1,Jaffna Kings,Galle Marvels,Azmatullah Omarzai,KIC Asalanka,I Udana,4,0,,,,,,,,,
1428464,2024,2024-07-05,Rangiri Dambulla International Stadium,2,17.2,Jaffna Kings,Galle Marvels,Azmatullah Omarzai,KIC Asalanka,I Udana,4,0,,,,,,,,,
1428464,2024,2024-07-05,Rangiri Dambulla International Stadium,2,17.3,Jaffna Kings,Galle Marvels,Azmatullah Omarzai,KIC Asalanka,I Udana,1,0,,,,,,,,,
1428464,2024,2024-07-05,Rangiri Dambulla International Stadium,2,17.4,Jaffna Kings,Galle Marvels,KIC Asalanka,Azmatullah Omarzai,I Udana,1,0,,,,,,,,,
1428464,2024,2024-07-05,Rangiri Dambulla International Stadium,2,17.5,Jaffna Kings,Galle Marvels,Azmatullah Omarzai,KIC Asalanka,I Udana,0,0,,,,,,,,,
1428464,2024,2024-07-05,Rangiri Dambulla International Stadium,2,17.6,Jaffna Kings,Galle Marvels,Azmatullah Omarzai,KIC Asalanka,I Udana,6,0,,,,,,,,,
1428464,2024,2024-07-05,Rangiri Dambulla International Stadium,2,18.1,Jaffna Kings,Galle Marvels,KIC Asalanka,Azmatullah Omarzai,D Pretorius,1,0,,,,,,,,,
1428464,2024,2024-07-05,Rangiri Dambulla International Stadium,2,18.2,Jaffna Kings,Galle Marvels,Azmatullah Omarzai,KIC Asalanka,D Pretorius,1,0,,,,,,,,,
1428464,2024,2024-07-05,Rangiri Dambulla International Stadium,2,18.3,Jaffna Kings,Galle Marvels,KIC Asalanka,Azmatullah Omarzai,D Pretorius,1,0,,,,,,,,,
1428464,2024,2024-07-05,Rangiri Dambulla International Stadium,2,18.4,Jaffna Kings,Galle Marvels,Azmatullah Omarzai,KIC Asalanka,D Pretorius,0,1,1,,,,,,,,
1428464,2024,2024-07-05,Rangiri Dambulla International Stadium,2,18.5,Jaffna Kings,Galle Marvels,Azmatullah Omarzai,KIC Asalanka,D Pretorius,0,1,1,,,,,,,,
1428464,2024,2024-07-05,Rangiri Dambulla International Stadium,2,18.6,Jaffna Kings,Galle Marvels,Azmatullah Omarzai,KIC Asalanka,D Pretorius,1,0,,,,,,,,,
1428464,2024,2024-07-05,Rangiri Dambulla International Stadium,2,18.7,Jaffna Kings,Galle Marvels,KIC Asalanka,Azmatullah Omarzai,D Pretorius,6,0,,,,,,,,,
1428464,2024,2024-07-05,Rangiri Dambulla International Stadium,2,18.8,Jaffna Kings,Galle Marvels,KIC Asalanka,Azmatullah Omarzai,D Pretorius,2,0,,,,,,,,,
1428464,2024,2024-07-05,Rangiri Dambulla International Stadium,2,19.1,Jaffna Kings,Galle Marvels,Azmatullah Omarzai,KIC Asalanka,SSD Arachchige,4,0,,,,,,,,,
1428464,2024,2024-07-05,Rangiri Dambulla International Stadium,2,19.2,Jaffna Kings,Galle Marvels,Azmatullah Omarzai,KIC Asalanka,SSD Arachchige,2,0,,,,,,,,,
1428464,2024,2024-07-05,Rangiri Dambulla International Stadium,2,19.3,Jaffna Kings,Galle Marvels,Azmatullah Omarzai,KIC Asalanka,SSD Arachchige,6,0,,,,,,,,,
1428464,2024,2024-07-05,Rangiri Dambulla International Stadium,2,19.4,Jaffna Kings,Galle Marvels,Azmatullah Omarzai,KIC Asalanka,SSD Arachchige,4,0,,,,,,,,,
