match_id,season,start_date,venue,innings,ball,batting_team,bowling_team,striker,non_striker,bowler,runs_off_bat,extras,wides,noballs,byes,legbyes,penalty,wicket_type,player_dismissed,other_wicket_type,other_player_dismissed
1428461,2024,2024-07-02,Pallekele International Cricket Stadium,1,0.1,Colombo Strikers,Kandy Falcons,Rahmanullah Gurbaz,S Daniel,MD Shanaka,0,0,,,,,,,,,
1428461,2024,2024-07-02,Pallekele International Cricket Stadium,1,0.2,Colombo Strikers,Kandy Falcons,Rahmanullah Gurbaz,S Daniel,MD Shanaka,4,0,,,,,,,,,
1428461,2024,2024-07-02,Pallekele International Cricket Stadium,1,0.3,Colombo Strikers,Kandy Falcons,Rahmanullah Gurbaz,S Daniel,MD Shanaka,1,0,,,,,,,,,
1428461,2024,2024-07-02,Pallekele International Cricket Stadium,1,0.4,Colombo Strikers,Kandy Falcons,S Daniel,Rahmanullah Gurbaz,MD Shanaka,0,0,,,,,,,,,
1428461,2024,2024-07-02,Pallekele International Cricket Stadium,1,0.5,Colombo Strikers,Kandy Falcons,S Daniel,Rahmanullah Gurbaz,MD Shanaka,3,0,,,,,,,,,
1428461,2024,2024-07-02,Pallekele International Cricket Stadium,1,0.6,Colombo Strikers,Kandy Falcons,Rahmanullah Gurbaz,S Daniel,MD Shanaka,1,0,,,,,,,,,
1428461,2024,2024-07-02,Pallekele International Cricket Stadium,1,1.1,Colombo Strikers,Kandy Falcons,Rahmanullah Gurbaz,S Daniel,CAK Rajitha,6,0,,,,,,,,,
1428461,2024,2024-07-02,Pallekele International Cricket Stadium,1,1.2,Colombo Strikers,Kandy Falcons,Rahmanullah Gurbaz,S Daniel,CAK Rajitha,0,0,,,,,,,,,
1428461,2024,2024-07-02,Pallekele International Cricket Stadium,1,1.3,Colombo Strikers,Kandy Falcons,Rahmanullah Gurbaz,S Daniel,CAK Rajitha,1,0,,,,,,,,,
1428461,2024,2024-07-02,Pallekele International Cricket Stadium,1,1.4,Colombo Strikers,Kandy Falcons,S Daniel,Rahmanullah Gurbaz,CAK Rajitha,0,0,,,,,,,,,
1428461,2024,2024-07-02,Pallekele International Cricket Stadium,1,1.5,Colombo Strikers,Kandy Falcons,S Daniel,Rahmanullah Gurbaz,CAK Rajitha,0,0,,,,,,,,,
1428461,2024,2024-07-02,Pallekele International Cricket Stadium,1,1.6,Colombo Strikers,Kandy Falcons,S Daniel,Rahmanullah Gurbaz,CAK Rajitha,0,0,,,,,,caught,S Daniel,,
1428461,2024,2024-07-02,Pallekele International Cricket Stadium,1,2.1,Colombo Strikers,Kandy Falcons,Rahmanullah Gurbaz,Waseem Muhammad,PVD Chameera,0,0,,,,,,,,,
1428461,2024,2024-07-02,Pallekele International Cricket Stadium,1,2.2,Colombo Strikers,Kandy Falcons,Rahmanullah Gurbaz,Waseem Muhammad,PVD Chameera,4,0,,,,,,,,,
1428461,2024,2024-07-02,Pallekele International Cricket Stadium,1,2.3,Colombo Strikers,Kandy Falcons,Rahmanullah Gurbaz,Waseem Muhammad,PVD Chameera,0,0,,,,,,caught,Rahmanullah Gurbaz,,
1428461,2024,2024-07-02,Pallekele International Cricket Stadium,1,2.4,Colombo Strikers,Kandy Falcons,S Samarawickrama,Waseem Muhammad,PVD Chameera,4,0,,,,,,,,,
1428461,2024,2024-07-02,Pallekele International Cricket Stadium,1,2.5,Colombo Strikers,Kandy Falcons,S Samarawickrama,Waseem Muhammad,PVD Chameera,2,0,,,,,,,,,
1428461,2024,2024-07-02,Pallekele International Cricket Stadium,1,2.6,Colombo Strikers,Kandy Falcons,S Samarawickrama,Waseem Muhammad,PVD Chameera,4,0,,,,,,,,,
1428461,2024,2024-07-02,Pallekele International Cricket Stadium,1,3.1,Colombo Strikers,Kandy Falcons,Waseem Muhammad,S Samarawickrama,CAK Rajitha,2,0,,,,,,,,,
1428461,2024,2024-07-02,Pallekele International Cricket Stadium,1,3.2,Colombo Strikers,Kandy Falcons,Waseem Muhammad,S Samarawickrama,CAK Rajitha,1,0,,,,,,,,,
1428461,2024,2024-07-02,Pallekele International Cricket Stadium,1,3.3,Colombo Strikers,Kandy Falcons,S Samarawickrama,Waseem Muhammad,CAK Rajitha,1,0,,,,,,,,,
1428461,2024,2024-07-02,Pallekele International Cricket Stadium,1,3.4,Colombo Strikers,Kandy Falcons,Waseem Muhammad,S Samarawickrama,CAK Rajitha,0,5,5,,,,,,,,
1428461,2024,2024-07-02,Pallekele International Cricket Stadium,1,3.5,Colombo Strikers,Kandy Falcons,Waseem Muhammad,S Samarawickrama,CAK Rajitha,4,0,,,,,,,,,
1428461,2024,2024-07-02,Pallekele International Cricket Stadium,1,3.6,Colombo Strikers,Kandy Falcons,Waseem Muhammad,S Samarawickrama,CAK Rajitha,0,1,1,,,,,,,,
1428461,2024,2024-07-02,Pallekele International Cricket Stadium,1,3.7,Colombo Strikers,Kandy Falcons,Waseem Muhammad,S Samarawickrama,CAK Rajitha,6,0,,,,,,,,,
1428461,2024,2024-07-02,Pallekele International Cricket Stadium,1,3.8,Colombo Strikers,Kandy Falcons,Waseem Muhammad,S Samarawickrama,CAK Rajitha,0,1,1,,,,,,,,
1428461,2024,2024-07-02,Pallekele International Cricket Stadium,1,3.9,Colombo Strikers,Kandy Falcons,Waseem Muhammad,S Samarawickrama,CAK Rajitha,6,0,,,,,,,,,
1428461,2024,2024-07-02,Pallekele International Cricket Stadium,1,4.1,Colombo Strikers,Kandy Falcons,S Samarawickrama,Waseem Muhammad,MD Shanaka,0,0,,,,,,,,,
1428461,2024,2024-07-02,Pallekele International Cricket Stadium,1,4.2,Colombo Strikers,Kandy Falcons,S Samarawickrama,Waseem Muhammad,MD Shanaka,1,0,,,,,,,,,
1428461,2024,2024-07-02,Pallekele International Cricket Stadium,1,4.3,Colombo Strikers,Kandy Falcons,Waseem Muhammad,S Samarawickrama,MD Shanaka,1,0,,,,,,,,,
1428461,2024,2024-07-02,Pallekele International Cricket Stadium,1,4.4,Colombo Strikers,Kandy Falcons,S Samarawickrama,Waseem Muhammad,MD Shanaka,1,0,,,,,,,,,
1428461,2024,2024-07-02,Pallekele International Cricket Stadium,1,4.5,Colombo Strikers,Kandy Falcons,Waseem Muhammad,S Samarawickrama,MD Shanaka,1,0,,,,,,,,,
1428461,2024,2024-07-02,Pallekele International Cricket Stadium,1,4.6,Colombo Strikers,Kandy Falcons,S Samarawickrama,Waseem Muhammad,MD Shanaka,4,0,,,,,,,,,
1428461,2024,2024-07-02,Pallekele International Cricket Stadium,1,5.1,Colombo Strikers,Kandy Falcons,Waseem Muhammad,S Samarawickrama,PVD Chameera,0,0,,,,,,,,,
1428461,2024,2024-07-02,Pallekele International Cricket Stadium,1,5.2,Colombo Strikers,Kandy Falcons,Waseem Muhammad,S Samarawickrama,PVD Chameera,4,0,,,,,,,,,
1428461,2024,2024-07-02,Pallekele International Cricket Stadium,1,5.3,Colombo Strikers,Kandy Falcons,Waseem Muhammad,S Samarawickrama,PVD Chameera,1,0,,,,,,,,,
1428461,2024,2024-07-02,Pallekele International Cricket Stadium,1,5.4,Colombo Strikers,Kandy Falcons,S Samarawickrama,Waseem Muhammad,PVD Chameera,0,0,,,,,,,,,
1428461,2024,2024-07-02,Pallekele International Cricket Stadium,1,5.5,Colombo Strikers,Kandy Falcons,S Samarawickrama,Waseem Muhammad,PVD Chameera,4,0,,,,,,,,,
1428461,2024,2024-07-02,Pallekele International Cricket Stadium,1,5.6,Colombo Strikers,Kandy Falcons,S Samarawickrama,Waseem Muhammad,PVD Chameera,4,0,,,,,,,,,
1428461,2024,2024-07-02,Pallekele International Cricket Stadium,1,6.1,Colombo Strikers,Kandy Falcons,Waseem Muhammad,S Samarawickrama,PWH de Silva,1,0,,,,,,,,,
1428461,2024,2024-07-02,Pallekele International Cricket Stadium,1,6.2,Colombo Strikers,Kandy Falcons,S Samarawickrama,Waseem Muhammad,PWH de Silva,4,0,,,,,,,,,
1428461,2024,2024-07-02,Pallekele International Cricket Stadium,1,6.3,Colombo Strikers,Kandy Falcons,S Samarawickrama,Waseem Muhammad,PWH de Silva,1,0,,,,,,,,,
1428461,2024,2024-07-02,Pallekele International Cricket Stadium,1,6.4,Colombo Strikers,Kandy Falcons,Waseem Muhammad,S Samarawickrama,PWH de Silva,0,0,,,,,,,,,
1428461,2024,2024-07-02,Pallekele International Cricket Stadium,1,6.5,Colombo Strikers,Kandy Falcons,Waseem Muhammad,S Samarawickrama,PWH de Silva,1,0,,,,,,,,,
1428461,2024,2024-07-02,Pallekele International Cricket Stadium,1,6.6,Colombo Strikers,Kandy Falcons,S Samarawickrama,Waseem Muhammad,PWH de Silva,1,0,,,,,,,,,
1428461,2024,2024-07-02,Pallekele International Cricket Stadium,1,7.1,Colombo Strikers,Kandy Falcons,S Samarawickrama,Waseem Muhammad,PHKD Mendis,1,0,,,,,,,,,
1428461,2024,2024-07-02,Pallekele International Cricket Stadium,1,7.2,Colombo Strikers,Kandy Falcons,Waseem Muhammad,S Samarawickrama,PHKD Mendis,0,0,,,,,,,,,
1428461,2024,2024-07-02,Pallekele International Cricket Stadium,1,7.3,Colombo Strikers,Kandy Falcons,Waseem Muhammad,S Samarawickrama,PHKD Mendis,2,0,,,,,,,,,
1428461,2024,2024-07-02,Pallekele International Cricket Stadium,1,7.4,Colombo Strikers,Kandy Falcons,Waseem Muhammad,S Samarawickrama,PHKD Mendis,1,0,,,,,,,,,
1428461,2024,2024-07-02,Pallekele International Cricket Stadium,1,7.5,Colombo Strikers,Kandy Falcons,S Samarawickrama,Waseem Muhammad,PHKD Mendis,4,0,,,,,,,,,
1428461,2024,2024-07-02,Pallekele International Cricket Stadium,1,7.6,Colombo Strikers,Kandy Falcons,S Samarawickrama,Waseem Muhammad,PHKD Mendis,1,0,,,,,,,,,
1428461,2024,2024-07-02,Pallekele International Cricket Stadium,1,8.1,Colombo Strikers,Kandy Falcons,S Samarawickrama,Waseem Muhammad,PWH de Silva,1,0,,,,,,,,,
1428461,2024,2024-07-02,Pallekele International Cricket Stadium,1,8.2,Colombo Strikers,Kandy Falcons,Waseem Muhammad,S Samarawickrama,PWH de Silva,1,0,,,,,,,,,
1428461,2024,2024-07-02,Pallekele International Cricket Stadium,1,8.3,Colombo Strikers,Kandy Falcons,S Samarawickrama,Waseem Muhammad,PWH de Silva,1,0,,,,,,,,,
1428461,2024,2024-07-02,Pallekele International Cricket Stadium,1,8.4,Colombo Strikers,Kandy Falcons,Waseem Muhammad,S Samarawickrama,PWH de Silva,0,0,,,,,,lbw,Waseem Muhammad,,
1428461,2024,2024-07-02,Pallekele International Cricket Stadium,1,8.5,Colombo Strikers,Kandy Falcons,GD Phillips,S Samarawickrama,PWH de Silva,0,0,,,,,,,,,
1428461,2024,2024-07-02,Pallekele International Cricket Stadium,1,8.6,Colombo Strikers,Kandy Falcons,GD Phillips,S Samarawickrama,PWH de Silva,0,0,,,,,,bowled,GD Phillips,,
1428461,2024,2024-07-02,Pallekele International Cricket Stadium,1,9.1,Colombo Strikers,Kandy Falcons,S Samarawickrama,NLTC Perera,PHKD Mendis,1,0,,,,,,,,,
1428461,2024,2024-07-02,Pallekele International Cricket Stadium,1,9.2,Colombo Strikers,Kandy Falcons,NLTC Perera,S Samarawickrama,PHKD Mendis,1,0,,,,,,,,,
1428461,2024,2024-07-02,Pallekele International Cricket Stadium,1,9.3,Colombo Strikers,Kandy Falcons,S Samarawickrama,NLTC Perera,PHKD Mendis,1,0,,,,,,,,,
1428461,2024,2024-07-02,Pallekele International Cricket Stadium,1,9.4,Colombo Strikers,Kandy Falcons,NLTC Perera,S Samarawickrama,PHKD Mendis,1,0,,,,,,,,,
1428461,2024,2024-07-02,Pallekele International Cricket Stadium,1,9.5,Colombo Strikers,Kandy Falcons,S Samarawickrama,NLTC Perera,PHKD Mendis,1,0,,,,,,,,,
1428461,2024,2024-07-02,Pallekele International Cricket Stadium,1,9.6,Colombo Strikers,Kandy Falcons,NLTC Perera,S Samarawickrama,PHKD Mendis,1,0,,,,,,,,,
1428461,2024,2024-07-02,Pallekele International Cricket Stadium,1,10.1,Colombo Strikers,Kandy Falcons,NLTC Perera,S Samarawickrama,Agha Salman,1,0,,,,,,,,,
1428461,2024,2024-07-02,Pallekele International Cricket Stadium,1,10.2,Colombo Strikers,Kandy Falcons,S Samarawickrama,NLTC Perera,Agha Salman,0,0,,,,,,,,,
1428461,2024,2024-07-02,Pallekele International Cricket Stadium,1,10.3,Colombo Strikers,Kandy Falcons,S Samarawickrama,NLTC Perera,Agha Salman,0,0,,,,,,,,,
1428461,2024,2024-07-02,Pallekele International Cricket Stadium,1,10.4,Colombo Strikers,Kandy Falcons,S Samarawickrama,NLTC Perera,Agha Salman,6,0,,,,,,,,,
1428461,2024,2024-07-02,Pallekele International Cricket Stadium,1,10.5,Colombo Strikers,Kandy Falcons,S Samarawickrama,NLTC Perera,Agha Salman,0,0,,,,,,bowled,S Samarawickrama,,
1428461,2024,2024-07-02,Pallekele International Cricket Stadium,1,10.6,Colombo Strikers,Kandy Falcons,Shadab Khan,NLTC Perera,Agha Salman,0,0,,,,,,,,,
1428461,2024,2024-07-02,Pallekele International Cricket Stadium,1,11.1,Colombo Strikers,Kandy Falcons,NLTC Perera,Shadab Khan,PHKD Mendis,0,0,,,,,,,,,
1428461,2024,2024-07-02,Pallekele International Cricket Stadium,1,11.2,Colombo Strikers,Kandy Falcons,NLTC Perera,Shadab Khan,PHKD Mendis,1,0,,,,,,,,,
1428461,2024,2024-07-02,Pallekele International Cricket Stadium,1,11.3,Colombo Strikers,Kandy Falcons,Shadab Khan,NLTC Perera,PHKD Mendis,1,0,,,,,,,,,
1428461,2024,2024-07-02,Pallekele International Cricket Stadium,1,11.4,Colombo Strikers,Kandy Falcons,NLTC Perera,Shadab Khan,PHKD Mendis,1,0,,,,,,,,,
1428461,2024,2024-07-02,Pallekele International Cricket Stadium,1,11.5,Colombo Strikers,Kandy Falcons,Shadab Khan,NLTC Perera,PHKD Mendis,0,0,,,,,,,,,
1428461,2024,2024-07-02,Pallekele International Cricket Stadium,1,11.6,Colombo Strikers,Kandy Falcons,Shadab Khan,NLTC Perera,PHKD Mendis,4,0,,,,,,,,,
1428461,2024,2024-07-02,Pallekele International Cricket Stadium,1,12.1,Colombo Strikers,Kandy Falcons,NLTC Perera,Shadab Khan,Agha Salman,0,0,,,,,,,,,
1428461,2024,2024-07-02,Pallekele International Cricket Stadium,1,12.2,Colombo Strikers,Kandy Falcons,NLTC Perera,Shadab Khan,Agha Salman,0,0,,,,,,,,,
1428461,2024,2024-07-02,Pallekele International Cricket Stadium,1,12.3,Colombo Strikers,Kandy Falcons,NLTC Perera,Shadab Khan,Agha Salman,1,0,,,,,,,,,
1428461,2024,2024-07-02,Pallekele International Cricket Stadium,1,12.4,Colombo Strikers,Kandy Falcons,Shadab Khan,NLTC Perera,Agha Salman,1,0,,,,,,,,,
1428461,2024,2024-07-02,Pallekele International Cricket Stadium,1,12.5,Colombo Strikers,Kandy Falcons,NLTC Perera,Shadab Khan,Agha Salman,1,0,,,,,,,,,
1428461,2024,2024-07-02,Pallekele International Cricket Stadium,1,12.6,Colombo Strikers,Kandy Falcons,Shadab Khan,NLTC Perera,Agha Salman,0,0,,,,,,,,,
1428461,2024,2024-07-02,Pallekele International Cricket Stadium,1,13.1,Colombo Strikers,Kandy Falcons,NLTC Perera,Shadab Khan,PHKD Mendis,1,0,,,,,,,,,
1428461,2024,2024-07-02,Pallekele International Cricket Stadium,1,13.2,Colombo Strikers,Kandy Falcons,Shadab Khan,NLTC Perera,PHKD Mendis,1,0,,,,,,,,,
1428461,2024,2024-07-02,Pallekele International Cricket Stadium,1,13.3,Colombo Strikers,Kandy Falcons,NLTC Perera,Shadab Khan,PHKD Mendis,4,0,,,,,,,,,
1428461,2024,2024-07-02,Pallekele International Cricket Stadium,1,13.4,Colombo Strikers,Kandy Falcons,NLTC Perera,Shadab Khan,PHKD Mendis,1,0,,,,,,,,,
1428461,2024,2024-07-02,Pallekele International Cricket Stadium,1,13.5,Colombo Strikers,Kandy Falcons,Shadab Khan,NLTC Perera,PHKD Mendis,1,0,,,,,,,,,
1428461,2024,2024-07-02,Pallekele International Cricket Stadium,1,13.6,Colombo Strikers,Kandy Falcons,NLTC Perera,Shadab Khan,PHKD Mendis,0,1,1,,,,,,,,
1428461,2024,2024-07-02,Pallekele International Cricket Stadium,1,13.7,Colombo Strikers,Kandy Falcons,NLTC Perera,Shadab Khan,PHKD Mendis,0,0,,,,,,,,,
1428461,2024,2024-07-02,Pallekele International Cricket Stadium,1,14.1,Colombo Strikers,Kandy Falcons,Shadab Khan,NLTC Perera,PWH de Silva,0,0,,,,,,,,,
1428461,2024,2024-07-02,Pallekele International Cricket Stadium,1,14.2,Colombo Strikers,Kandy Falcons,Shadab Khan,NLTC Perera,PWH de Silva,1,0,,,,,,,,,
1428461,2024,2024-07-02,Pallekele International Cricket Stadium,1,14.3,Colombo Strikers,Kandy Falcons,NLTC Perera,Shadab Khan,PWH de Silva,1,0,,,,,,,,,
1428461,2024,2024-07-02,Pallekele International Cricket Stadium,1,14.4,Colombo Strikers,Kandy Falcons,Shadab Khan,NLTC Perera,PWH de Silva,4,0,,,,,,,,,
1428461,2024,2024-07-02,Pallekele International Cricket Stadium,1,14.5,Colombo Strikers,Kandy Falcons,Shadab Khan,NLTC Perera,PWH de Silva,1,0,,,,,,,,,
1428461,2024,2024-07-02,Pallekele International Cricket Stadium,1,14.6,Colombo Strikers,Kandy Falcons,NLTC Perera,Shadab Khan,PWH de Silva,0,0,,,,,,,,,
1428461,2024,2024-07-02,Pallekele International Cricket Stadium,1,15.1,Colombo Strikers,Kandy Falcons,Shadab Khan,NLTC Perera,PVD Chameera,0,0,,,,,,,,,
1428461,2024,2024-07-02,Pallekele International Cricket Stadium,1,15.2,Colombo Strikers,Kandy Falcons,Shadab Khan,NLTC Perera,PVD Chameera,4,0,,,,,,,,,
1428461,2024,2024-07-02,Pallekele International Cricket Stadium,1,15.3,Colombo Strikers,Kandy Falcons,Shadab Khan,NLTC Perera,PVD Chameera,1,0,,,,,,,,,
1428461,2024,2024-07-02,Pallekele International Cricket Stadium,1,15.4,Colombo Strikers,Kandy Falcons,NLTC Perera,Shadab Khan,PVD Chameera,1,0,,,,,,,,,
1428461,2024,2024-07-02,Pallekele International Cricket Stadium,1,15.5,Colombo Strikers,Kandy Falcons,Shadab Khan,NLTC Perera,PVD Chameera,1,0,,,,,,,,,
1428461,2024,2024-07-02,Pallekele International Cricket Stadium,1,15.6,Colombo Strikers,Kandy Falcons,NLTC Perera,Shadab Khan,PVD Chameera,4,0,,,,,,,,,
1428461,2024,2024-07-02,Pallekele International Cricket Stadium,1,16.1,Colombo Strikers,Kandy Falcons,Shadab Khan,NLTC Perera,CAK Rajitha,0,1,1,,,,,,,,
1428461,2024,2024-07-02,Pallekele International Cricket Stadium,1,16.2,Colombo Strikers,Kandy Falcons,Shadab Khan,NLTC Perera,CAK Rajitha,0,0,,,,,,caught,Shadab Khan,,
1428461,2024,2024-07-02,Pallekele International Cricket Stadium,1,16.3,Colombo Strikers,Kandy Falcons,C Karunaratne,NLTC Perera,CAK Rajitha,2,0,,,,,,,,,
1428461,2024,2024-07-02,Pallekele International Cricket Stadium,1,16.4,Colombo Strikers,Kandy Falcons,C Karunaratne,NLTC Perera,CAK Rajitha,0,1,1,,,,,,,,
1428461,2024,2024-07-02,Pallekele International Cricket Stadium,1,16.5,Colombo Strikers,Kandy Falcons,C Karunaratne,NLTC Perera,CAK Rajitha,0,1,1,,,,,,,,
1428461,2024,2024-07-02,Pallekele International Cricket Stadium,1,16.6,Colombo Strikers,Kandy Falcons,C Karunaratne,NLTC Perera,CAK Rajitha,4,0,,,,,,,,,
1428461,2024,2024-07-02,Pallekele International Cricket Stadium,1,16.7,Colombo Strikers,Kandy Falcons,C Karunaratne,NLTC Perera,CAK Rajitha,0,2,2,,,,,,,,
1428461,2024,2024-07-02,Pallekele International Cricket Stadium,1,16.8,Colombo Strikers,Kandy Falcons,NLTC Perera,C Karunaratne,CAK Rajitha,4,0,,,,,,,,,
1428461,2024,2024-07-02,Pallekele International Cricket Stadium,1,16.9,Colombo Strikers,Kandy Falcons,NLTC Perera,C Karunaratne,CAK Rajitha,1,0,,,,,,,,,
1428461,2024,2024-07-02,Pallekele International Cricket Stadium,1,16.10,Colombo Strikers,Kandy Falcons,C Karunaratne,NLTC Perera,CAK Rajitha,6,0,,,,,,,,,
1428461,2024,2024-07-02,Pallekele International Cricket Stadium,1,17.1,Colombo Strikers,Kandy Falcons,NLTC Perera,C Karunaratne,PWH de Silva,4,0,,,,,,,,,
1428461,2024,2024-07-02,Pallekele International Cricket Stadium,1,17.2,Colombo Strikers,Kandy Falcons,NLTC Perera,C Karunaratne,PWH de Silva,2,0,,,,,,,,,
1428461,2024,2024-07-02,Pallekele International Cricket Stadium,1,17.3,Colombo Strikers,Kandy Falcons,NLTC Perera,C Karunaratne,PWH de Silva,1,0,,,,,,,,,
1428461,2024,2024-07-02,Pallekele International Cricket Stadium,1,17.4,Colombo Strikers,Kandy Falcons,C Karunaratne,NLTC Perera,PWH de Silva,0,0,,,,,,,,,
1428461,2024,2024-07-02,Pallekele International Cricket Stadium,1,17.5,Colombo Strikers,Kandy Falcons,C Karunaratne,NLTC Perera,PWH de Silva,1,0,,,,,,,,,
1428461,2024,2024-07-02,Pallekele International Cricket Stadium,1,17.6,Colombo Strikers,Kandy Falcons,NLTC Perera,C Karunaratne,PWH de Silva,4,0,,,,,,,,,
1428461,2024,2024-07-02,Pallekele International Cricket Stadium,1,18.1,Colombo Strikers,Kandy Falcons,C Karunaratne,NLTC Perera,PVD Chameera,4,0,,,,,,,,,
1428461,2024,2024-07-02,Pallekele International Cricket Stadium,1,18.2,Colombo Strikers,Kandy Falcons,C Karunaratne,NLTC Perera,PVD Chameera,1,0,,,,,,,,,
1428461,2024,2024-07-02,Pallekele International Cricket Stadium,1,18.3,Colombo Strikers,Kandy Falcons,NLTC Perera,C Karunaratne,PVD Chameera,0,0,,,,,,,,,
1428461,2024,2024-07-02,Pallekele International Cricket Stadium,1,18.4,Colombo Strikers,Kandy Falcons,NLTC Perera,C Karunaratne,PVD Chameera,1,0,,,,,,,,,
1428461,2024,2024-07-02,Pallekele International Cricket Stadium,1,18.5,Colombo Strikers,Kandy Falcons,C Karunaratne,NLTC Perera,PVD Chameera,1,0,,,,,,,,,
1428461,2024,2024-07-02,Pallekele International Cricket Stadium,1,18.6,Colombo Strikers,Kandy Falcons,NLTC Perera,C Karunaratne,PVD Chameera,1,0,,,,,,,,,
1428461,2024,2024-07-02,Pallekele International Cricket Stadium,1,19.1,Colombo Strikers,Kandy Falcons,NLTC Perera,C Karunaratne,MD Shanaka,0,0,,,,,,,,,
1428461,2024,2024-07-02,Pallekele International Cricket Stadium,1,19.2,Colombo Strikers,Kandy Falcons,NLTC Perera,C Karunaratne,MD Shanaka,0,0,,,,,,caught,NLTC Perera,,
1428461,2024,2024-07-02,Pallekele International Cricket Stadium,1,19.3,Colombo Strikers,Kandy Falcons,DN Wellalage,C Karunaratne,MD Shanaka,0,1,1,,,,,,,,
1428461,2024,2024-07-02,Pallekele International Cricket Stadium,1,19.4,Colombo Strikers,Kandy Falcons,DN Wellalage,C Karunaratne,MD Shanaka,0,0,,,,,,,,,
1428461,2024,2024-07-02,Pallekele International Cricket Stadium,1,19.5,Colombo Strikers,Kandy Falcons,DN Wellalage,C Karunaratne,MD Shanaka,1,0,,,,,,,,,
1428461,2024,2024-07-02,Pallekele International Cricket Stadium,1,19.6,Colombo Strikers,Kandy Falcons,C Karunaratne,DN Wellalage,MD Shanaka,0,0,,,,,,,,,
1428461,2024,2024-07-02,Pallekele International Cricket Stadium,1,19.7,Colombo Strikers,Kandy Falcons,C Karunaratne,DN Wellalage,MD Shanaka,6,0,,,,,,,,,
1428461,2024,2024-07-02,Pallekele International Cricket Stadium,2,0.1,Kandy Falcons,Colombo Strikers,LD Chandimal,ADS Fletcher,NLTC Perera,0,0,,,,,,,,,
1428461,2024,2024-07-02,Pallekele International Cricket Stadium,2,0.2,Kandy Falcons,Colombo Strikers,LD Chandimal,ADS Fletcher,NLTC Perera,1,0,,,,,,,,,
1428461,2024,2024-07-02,Pallekele International Cricket Stadium,2,0.3,Kandy Falcons,Colombo Strikers,ADS Fletcher,LD Chandimal,NLTC Perera,0,0,,,,,,,,,
1428461,2024,2024-07-02,Pallekele International Cricket Stadium,2,0.4,Kandy Falcons,Colombo Strikers,ADS Fletcher,LD Chandimal,NLTC Perera,4,0,,,,,,,,,
1428461,2024,2024-07-02,Pallekele International Cricket Stadium,2,0.5,Kandy Falcons,Colombo Strikers,ADS Fletcher,LD Chandimal,NLTC Perera,4,0,,,,,,,,,
1428461,2024,2024-07-02,Pallekele International Cricket Stadium,2,0.6,Kandy Falcons,Colombo Strikers,ADS Fletcher,LD Chandimal,NLTC Perera,4,0,,,,,,,,,
1428461,2024,2024-07-02,Pallekele International Cricket Stadium,2,1.1,Kandy Falcons,Colombo Strikers,LD Chandimal,ADS Fletcher,B Fernando,1,0,,,,,,,,,
1428461,2024,2024-07-02,Pallekele International Cricket Stadium,2,1.2,Kandy Falcons,Colombo Strikers,ADS Fletcher,LD Chandimal,B Fernando,6,0,,,,,,,,,
1428461,2024,2024-07-02,Pallekele International Cricket Stadium,2,1.3,Kandy Falcons,Colombo Strikers,ADS Fletcher,LD Chandimal,B Fernando,1,0,,,,,,,,,
1428461,2024,2024-07-02,Pallekele International Cricket Stadium,2,1.4,Kandy Falcons,Colombo Strikers,LD Chandimal,ADS Fletcher,B Fernando,1,0,,,,,,,,,
1428461,2024,2024-07-02,Pallekele International Cricket Stadium,2,1.5,Kandy Falcons,Colombo Strikers,ADS Fletcher,LD Chandimal,B Fernando,0,0,,,,,,,,,
1428461,2024,2024-07-02,Pallekele International Cricket Stadium,2,1.6,Kandy Falcons,Colombo Strikers,ADS Fletcher,LD Chandimal,B Fernando,4,0,,,,,,,,,
1428461,2024,2024-07-02,Pallekele International Cricket Stadium,2,2.1,Kandy Falcons,Colombo Strikers,LD Chandimal,ADS Fletcher,DN Wellalage,0,0,,,,,,,,,
1428461,2024,2024-07-02,Pallekele International Cricket Stadium,2,2.2,Kandy Falcons,Colombo Strikers,LD Chandimal,ADS Fletcher,DN Wellalage,0,0,,,,,,,,,
1428461,2024,2024-07-02,Pallekele International Cricket Stadium,2,2.3,Kandy Falcons,Colombo Strikers,LD Chandimal,ADS Fletcher,DN Wellalage,0,0,,,,,,,,,
1428461,2024,2024-07-02,Pallekele International Cricket Stadium,2,2.4,Kandy Falcons,Colombo Strikers,LD Chandimal,ADS Fletcher,DN Wellalage,0,0,,,,,,,,,
1428461,2024,2024-07-02,Pallekele International Cricket Stadium,2,2.5,Kandy Falcons,Colombo Strikers,LD Chandimal,ADS Fletcher,DN Wellalage,1,0,,,,,,,,,
1428461,2024,2024-07-02,Pallekele International Cricket Stadium,2,2.6,Kandy Falcons,Colombo Strikers,ADS Fletcher,LD Chandimal,DN Wellalage,0,0,,,,,,,,,
1428461,2024,2024-07-02,Pallekele International Cricket Stadium,2,3.1,Kandy Falcons,Colombo Strikers,LD Chandimal,ADS Fletcher,B Fernando,1,0,,,,,,,,,
1428461,2024,2024-07-02,Pallekele International Cricket Stadium,2,3.2,Kandy Falcons,Colombo Strikers,ADS Fletcher,LD Chandimal,B Fernando,1,0,,,,,,,,,
1428461,2024,2024-07-02,Pallekele International Cricket Stadium,2,3.3,Kandy Falcons,Colombo Strikers,LD Chandimal,ADS Fletcher,B Fernando,4,0,,,,,,,,,
1428461,2024,2024-07-02,Pallekele International Cricket Stadium,2,3.4,Kandy Falcons,Colombo Strikers,LD Chandimal,ADS Fletcher,B Fernando,0,0,,,,,,,,,
1428461,2024,2024-07-02,Pallekele International Cricket Stadium,2,3.5,Kandy Falcons,Colombo Strikers,LD Chandimal,ADS Fletcher,B Fernando,0,0,,,,,,,,,
1428461,2024,2024-07-02,Pallekele International Cricket Stadium,2,3.6,Kandy Falcons,Colombo Strikers,LD Chandimal,ADS Fletcher,B Fernando,4,0,,,,,,,,,
1428461,2024,2024-07-02,Pallekele International Cricket Stadium,2,4.1,Kandy Falcons,Colombo Strikers,ADS Fletcher,LD Chandimal,DN Wellalage,0,0,,,,,,,,,
1428461,2024,2024-07-02,Pallekele International Cricket Stadium,2,4.2,Kandy Falcons,Colombo Strikers,ADS Fletcher,LD Chandimal,DN Wellalage,0,0,,,,,,stumped,ADS Fletcher,,
1428461,2024,2024-07-02,Pallekele International Cricket Stadium,2,4.3,Kandy Falcons,Colombo Strikers,Mohammad Haris,LD Chandimal,DN Wellalage,4,0,,,,,,,,,
1428461,2024,2024-07-02,Pallekele International Cricket Stadium,2,4.4,Kandy Falcons,Colombo Strikers,Mohammad Haris,LD Chandimal,DN Wellalage,0,0,,,,,,,,,
1428461,2024,2024-07-02,Pallekele International Cricket Stadium,2,4.5,Kandy Falcons,Colombo Strikers,Mohammad Haris,LD Chandimal,DN Wellalage,0,0,,,,,,caught,Mohammad Haris,,
1428461,2024,2024-07-02,Pallekele International Cricket Stadium,2,4.6,Kandy Falcons,Colombo Strikers,PHKD Mendis,LD Chandimal,DN Wellalage,0,5,5,,,,,,,,
1428461,2024,2024-07-02,Pallekele International Cricket Stadium,2,4.7,Kandy Falcons,Colombo Strikers,PHKD Mendis,LD Chandimal,DN Wellalage,0,0,,,,,,,,,
1428461,2024,2024-07-02,Pallekele International Cricket Stadium,2,5.1,Kandy Falcons,Colombo Strikers,LD Chandimal,PHKD Mendis,C Karunaratne,4,0,,,,,,,,,
1428461,2024,2024-07-02,Pallekele International Cricket Stadium,2,5.2,Kandy Falcons,Colombo Strikers,LD Chandimal,PHKD Mendis,C Karunaratne,4,0,,,,,,,,,
1428461,2024,2024-07-02,Pallekele International Cricket Stadium,2,5.3,Kandy Falcons,Colombo Strikers,LD Chandimal,PHKD Mendis,C Karunaratne,4,0,,,,,,,,,
1428461,2024,2024-07-02,Pallekele International Cricket Stadium,2,5.4,Kandy Falcons,Colombo Strikers,LD Chandimal,PHKD Mendis,C Karunaratne,4,0,,,,,,,,,
1428461,2024,2024-07-02,Pallekele International Cricket Stadium,2,5.5,Kandy Falcons,Colombo Strikers,LD Chandimal,PHKD Mendis,C Karunaratne,4,0,,,,,,,,,
1428461,2024,2024-07-02,Pallekele International Cricket Stadium,2,5.6,Kandy Falcons,Colombo Strikers,LD Chandimal,PHKD Mendis,C Karunaratne,0,0,,,,,,,,,
1428461,2024,2024-07-02,Pallekele International Cricket Stadium,2,6.1,Kandy Falcons,Colombo Strikers,PHKD Mendis,LD Chandimal,Shadab Khan,0,0,,,,,,,,,
1428461,2024,2024-07-02,Pallekele International Cricket Stadium,2,6.2,Kandy Falcons,Colombo Strikers,PHKD Mendis,LD Chandimal,Shadab Khan,1,0,,,,,,,,,
1428461,2024,2024-07-02,Pallekele International Cricket Stadium,2,6.3,Kandy Falcons,Colombo Strikers,LD Chandimal,PHKD Mendis,Shadab Khan,0,0,,,,,,,,,
1428461,2024,2024-07-02,Pallekele International Cricket Stadium,2,6.4,Kandy Falcons,Colombo Strikers,LD Chandimal,PHKD Mendis,Shadab Khan,0,0,,,,,,,,,
1428461,2024,2024-07-02,Pallekele International Cricket Stadium,2,6.5,Kandy Falcons,Colombo Strikers,LD Chandimal,PHKD Mendis,Shadab Khan,1,0,,,,,,,,,
1428461,2024,2024-07-02,Pallekele International Cricket Stadium,2,6.6,Kandy Falcons,Colombo Strikers,PHKD Mendis,LD Chandimal,Shadab Khan,0,0,,,,,,,,,
1428461,2024,2024-07-02,Pallekele International Cricket Stadium,2,7.1,Kandy Falcons,Colombo Strikers,LD Chandimal,PHKD Mendis,GD Phillips,0,1,,,,1,,,,,
1428461,2024,2024-07-02,Pallekele International Cricket Stadium,2,7.2,Kandy Falcons,Colombo Strikers,PHKD Mendis,LD Chandimal,GD Phillips,0,0,,,,,,,,,
1428461,2024,2024-07-02,Pallekele International Cricket Stadium,2,7.3,Kandy Falcons,Colombo Strikers,PHKD Mendis,LD Chandimal,GD Phillips,0,0,,,,,,,,,
1428461,2024,2024-07-02,Pallekele International Cricket Stadium,2,7.4,Kandy Falcons,Colombo Strikers,PHKD Mendis,LD Chandimal,GD Phillips,1,0,,,,,,,,,
1428461,2024,2024-07-02,Pallekele International Cricket Stadium,2,7.5,Kandy Falcons,Colombo Strikers,LD Chandimal,PHKD Mendis,GD Phillips,4,0,,,,,,,,,
1428461,2024,2024-07-02,Pallekele International Cricket Stadium,2,7.6,Kandy Falcons,Colombo Strikers,LD Chandimal,PHKD Mendis,GD Phillips,0,0,,,,,,caught,LD Chandimal,,
1428461,2024,2024-07-02,Pallekele International Cricket Stadium,2,8.1,Kandy Falcons,Colombo Strikers,PHKD Mendis,PWH de Silva,Shadab Khan,0,0,,,,,,,,,
1428461,2024,2024-07-02,Pallekele International Cricket Stadium,2,8.2,Kandy Falcons,Colombo Strikers,PHKD Mendis,PWH de Silva,Shadab Khan,4,0,,,,,,,,,
1428461,2024,2024-07-02,Pallekele International Cricket Stadium,2,8.3,Kandy Falcons,Colombo Strikers,PHKD Mendis,PWH de Silva,Shadab Khan,1,0,,,,,,,,,
1428461,2024,2024-07-02,Pallekele International Cricket Stadium,2,8.4,Kandy Falcons,Colombo Strikers,PWH de Silva,PHKD Mendis,Shadab Khan,1,0,,,,,,,,,
1428461,2024,2024-07-02,Pallekele International Cricket Stadium,2,8.5,Kandy Falcons,Colombo Strikers,PHKD Mendis,PWH de Silva,Shadab Khan,0,0,,,,,,stumped,PHKD Mendis,,
1428461,2024,2024-07-02,Pallekele International Cricket Stadium,2,8.6,Kandy Falcons,Colombo Strikers,AD Mathews,PWH de Silva,Shadab Khan,1,0,,,,,,,,,
1428461,2024,2024-07-02,Pallekele International Cricket Stadium,2,9.1,Kandy Falcons,Colombo Strikers,AD Mathews,PWH de Silva,M Pathirana,4,0,,,,,,,,,
1428461,2024,2024-07-02,Pallekele International Cricket Stadium,2,9.2,Kandy Falcons,Colombo Strikers,AD Mathews,PWH de Silva,M Pathirana,0,5,5,,,,,,,,
1428461,2024,2024-07-02,Pallekele International Cricket Stadium,2,9.3,Kandy Falcons,Colombo Strikers,AD Mathews,PWH de Silva,M Pathirana,0,0,,,,,,,,,
1428461,2024,2024-07-02,Pallekele International Cricket Stadium,2,9.4,Kandy Falcons,Colombo Strikers,AD Mathews,PWH de Silva,M Pathirana,0,5,5,,,,,,,,
1428461,2024,2024-07-02,Pallekele International Cricket Stadium,2,9.5,Kandy Falcons,Colombo Strikers,AD Mathews,PWH de Silva,M Pathirana,1,0,,,,,,,,,
1428461,2024,2024-07-02,Pallekele International Cricket Stadium,2,9.6,Kandy Falcons,Colombo Strikers,PWH de Silva,AD Mathews,M Pathirana,0,0,,,,,,,,,
1428461,2024,2024-07-02,Pallekele International Cricket Stadium,2,9.7,Kandy Falcons,Colombo Strikers,PWH de Silva,AD Mathews,M Pathirana,1,0,,,,,,,,,
1428461,2024,2024-07-02,Pallekele International Cricket Stadium,2,9.8,Kandy Falcons,Colombo Strikers,AD Mathews,PWH de Silva,M Pathirana,0,0,,,,,,,,,
1428461,2024,2024-07-02,Pallekele International Cricket Stadium,2,10.1,Kandy Falcons,Colombo Strikers,PWH de Silva,AD Mathews,Shadab Khan,1,0,,,,,,,,,
1428461,2024,2024-07-02,Pallekele International Cricket Stadium,2,10.2,Kandy Falcons,Colombo Strikers,AD Mathews,PWH de Silva,Shadab Khan,4,0,,,,,,,,,
1428461,2024,2024-07-02,Pallekele International Cricket Stadium,2,10.3,Kandy Falcons,Colombo Strikers,AD Mathews,PWH de Silva,Shadab Khan,1,0,,,,,,,,,
1428461,2024,2024-07-02,Pallekele International Cricket Stadium,2,10.4,Kandy Falcons,Colombo Strikers,PWH de Silva,AD Mathews,Shadab Khan,1,0,,,,,,,,,
1428461,2024,2024-07-02,Pallekele International Cricket Stadium,2,10.5,Kandy Falcons,Colombo Strikers,AD Mathews,PWH de Silva,Shadab Khan,0,0,,,,,,,,,
1428461,2024,2024-07-02,Pallekele International Cricket Stadium,2,10.6,Kandy Falcons,Colombo Strikers,AD Mathews,PWH de Silva,Shadab Khan,0,0,,,,,,,,,
1428461,2024,2024-07-02,Pallekele International Cricket Stadium,2,11.1,Kandy Falcons,Colombo Strikers,PWH de Silva,AD Mathews,DN Wellalage,1,0,,,,,,,,,
1428461,2024,2024-07-02,Pallekele International Cricket Stadium,2,11.2,Kandy Falcons,Colombo Strikers,AD Mathews,PWH de Silva,DN Wellalage,0,0,,,,,,,,,
1428461,2024,2024-07-02,Pallekele International Cricket Stadium,2,11.3,Kandy Falcons,Colombo Strikers,AD Mathews,PWH de Silva,DN Wellalage,0,1,,,,1,,,,,
1428461,2024,2024-07-02,Pallekele International Cricket Stadium,2,11.4,Kandy Falcons,Colombo Strikers,PWH de Silva,AD Mathews,DN Wellalage,0,0,,,,,,,,,
1428461,2024,2024-07-02,Pallekele International Cricket Stadium,2,11.5,Kandy Falcons,Colombo Strikers,PWH de Silva,AD Mathews,DN Wellalage,4,0,,,,,,,,,
1428461,2024,2024-07-02,Pallekele International Cricket Stadium,2,11.6,Kandy Falcons,Colombo Strikers,PWH de Silva,AD Mathews,DN Wellalage,4,0,,,,,,,,,
1428461,2024,2024-07-02,Pallekele International Cricket Stadium,2,12.1,Kandy Falcons,Colombo Strikers,AD Mathews,PWH de Silva,GD Phillips,4,0,,,,,,,,,
1428461,2024,2024-07-02,Pallekele International Cricket Stadium,2,12.2,Kandy Falcons,Colombo Strikers,AD Mathews,PWH de Silva,GD Phillips,2,0,,,,,,,,,
1428461,2024,2024-07-02,Pallekele International Cricket Stadium,2,12.3,Kandy Falcons,Colombo Strikers,AD Mathews,PWH de Silva,GD Phillips,6,0,,,,,,,,,
1428461,2024,2024-07-02,Pallekele International Cricket Stadium,2,12.4,Kandy Falcons,Colombo Strikers,AD Mathews,PWH de Silva,GD Phillips,1,0,,,,,,,,,
1428461,2024,2024-07-02,Pallekele International Cricket Stadium,2,12.5,Kandy Falcons,Colombo Strikers,PWH de Silva,AD Mathews,GD Phillips,4,0,,,,,,,,,
1428461,2024,2024-07-02,Pallekele International Cricket Stadium,2,12.6,Kandy Falcons,Colombo Strikers,PWH de Silva,AD Mathews,GD Phillips,6,0,,,,,,,,,
1428461,2024,2024-07-02,Pallekele International Cricket Stadium,2,13.1,Kandy Falcons,Colombo Strikers,AD Mathews,PWH de Silva,B Fernando,0,0,,,,,,,,,
1428461,2024,2024-07-02,Pallekele International Cricket Stadium,2,13.2,Kandy Falcons,Colombo Strikers,AD Mathews,PWH de Silva,B Fernando,0,0,,,,,,,,,
1428461,2024,2024-07-02,Pallekele International Cricket Stadium,2,13.3,Kandy Falcons,Colombo Strikers,AD Mathews,PWH de Silva,B Fernando,1,0,,,,,,,,,
1428461,2024,2024-07-02,Pallekele International Cricket Stadium,2,13.4,Kandy Falcons,Colombo Strikers,PWH de Silva,AD Mathews,B Fernando,1,0,,,,,,,,,
1428461,2024,2024-07-02,Pallekele International Cricket Stadium,2,13.5,Kandy Falcons,Colombo Strikers,AD Mathews,PWH de Silva,B Fernando,0,0,,,,,,,,,
1428461,2024,2024-07-02,Pallekele International Cricket Stadium,2,13.6,Kandy Falcons,Colombo Strikers,AD Mathews,PWH de Silva,B Fernando,0,1,1,,,,,,,,
1428461,2024,2024-07-02,Pallekele International Cricket Stadium,2,13.7,Kandy Falcons,Colombo Strikers,AD Mathews,PWH de Silva,B Fernando,0,0,,,,,,caught,AD Mathews,,
1428461,2024,2024-07-02,Pallekele International Cricket Stadium,2,14.1,Kandy Falcons,Colombo Strikers,PWH de Silva,MD Shanaka,Shadab Khan,1,0,,,,,,,,,
1428461,2024,2024-07-02,Pallekele International Cricket Stadium,2,14.2,Kandy Falcons,Colombo Strikers,MD Shanaka,PWH de Silva,Shadab Khan,4,0,,,,,,,,,
1428461,2024,2024-07-02,Pallekele International Cricket Stadium,2,14.3,Kandy Falcons,Colombo Strikers,MD Shanaka,PWH de Silva,Shadab Khan,1,0,,,,,,,,,
1428461,2024,2024-07-02,Pallekele International Cricket Stadium,2,14.4,Kandy Falcons,Colombo Strikers,PWH de Silva,MD Shanaka,Shadab Khan,0,0,,,,,,caught,PWH de Silva,,
1428461,2024,2024-07-02,Pallekele International Cricket Stadium,2,14.5,Kandy Falcons,Colombo Strikers,Agha Salman,MD Shanaka,Shadab Khan,0,0,,,,,,bowled,Agha Salman,,
1428461,2024,2024-07-02,Pallekele International Cricket Stadium,2,14.6,Kandy Falcons,Colombo Strikers,P Rathnayake,MD Shanaka,Shadab Khan,0,0,,,,,,lbw,P Rathnayake,,
1428461,2024,2024-07-02,Pallekele International Cricket Stadium,2,15.1,Kandy Falcons,Colombo Strikers,MD Shanaka,PVD Chameera,DN Wellalage,0,0,,,,,,,,,
1428461,2024,2024-07-02,Pallekele International Cricket Stadium,2,15.2,Kandy Falcons,Colombo Strikers,MD Shanaka,PVD Chameera,DN Wellalage,0,0,,,,,,bowled,MD Shanaka,,
1428461,2024,2024-07-02,Pallekele International Cricket Stadium,2,15.3,Kandy Falcons,Colombo Strikers,CAK Rajitha,PVD Chameera,DN Wellalage,0,1,1,,,,,,,,
1428461,2024,2024-07-02,Pallekele International Cricket Stadium,2,15.4,Kandy Falcons,Colombo Strikers,CAK Rajitha,PVD Chameera,DN Wellalage,0,0,,,,,,,,,
1428461,2024,2024-07-02,Pallekele International Cricket Stadium,2,15.5,Kandy Falcons,Colombo Strikers,CAK Rajitha,PVD Chameera,DN Wellalage,0,0,,,,,,,,,
1428461,2024,2024-07-02,Pallekele International Cricket Stadium,2,15.6,Kandy Falcons,Colombo Strikers,CAK Rajitha,PVD Chameera,DN Wellalage,0,0,,,,,,lbw,CAK Rajitha,,
