match_id,season,start_date,venue,innings,ball,batting_team,bowling_team,striker,non_striker,bowler,runs_off_bat,extras,wides,noballs,byes,legbyes,penalty,wicket_type,player_dismissed,other_wicket_type,other_player_dismissed
1428467,2024,2024-07-07,Rangiri Dambulla International Stadium,1,0.1,Kandy Falcons,Galle Marvels,LD Chandimal,ADS Fletcher,D Pretorius,0,0,,,,,,,,,
1428467,2024,2024-07-07,Rangiri Dambulla International Stadium,1,0.2,Kandy Falcons,Galle Marvels,LD Chandimal,ADS Fletcher,D Pretorius,1,0,,,,,,,,,
1428467,2024,2024-07-07,Rangiri Dambulla International Stadium,1,0.3,Kandy Falcons,Galle Marvels,ADS Fletcher,LD Chandimal,D Pretorius,0,0,,,,,,,,,
1428467,2024,2024-07-07,Rangiri Dambulla International Stadium,1,0.4,Kandy Falcons,Galle Marvels,ADS Fletcher,LD Chandimal,D Pretorius,1,0,,,,,,,,,
1428467,2024,2024-07-07,Rangiri Dambulla International Stadium,1,0.5,Kandy Falcons,Galle Marvels,LD Chandimal,ADS Fletcher,D Pretorius,0,0,,,,,,caught,LD Chandimal,,
1428467,2024,2024-07-07,Rangiri Dambulla International Stadium,1,0.6,Kandy Falcons,Galle Marvels,Mohammad Haris,ADS Fletcher,D Pretorius,0,0,,,,,,,,,
1428467,2024,2024-07-07,Rangiri Dambulla International Stadium,1,1.1,Kandy Falcons,Galle Marvels,ADS Fletcher,Mohammad Haris,I Udana,0,0,,,,,,,,,
1428467,2024,2024-07-07,Rangiri Dambulla International Stadium,1,1.2,Kandy Falcons,Galle Marvels,ADS Fletcher,Mohammad Haris,I Udana,1,0,,,,,,,,,
1428467,2024,2024-07-07,Rangiri Dambulla International Stadium,1,1.3,Kandy Falcons,Galle Marvels,Mohammad Haris,ADS Fletcher,I Udana,0,0,,,,,,,,,
1428467,2024,2024-07-07,Rangiri Dambulla International Stadium,1,1.4,Kandy Falcons,Galle Marvels,Mohammad Haris,ADS Fletcher,I Udana,0,0,,,,,,lbw,Mohammad Haris,,
1428467,2024,2024-07-07,Rangiri Dambulla International Stadium,1,1.5,Kandy Falcons,Galle Marvels,PHKD Mendis,ADS Fletcher,I Udana,0,0,,,,,,,,,
1428467,2024,2024-07-07,Rangiri Dambulla International Stadium,1,1.6,Kandy Falcons,Galle Marvels,PHKD Mendis,ADS Fletcher,I Udana,0,0,,,,,,,,,
1428467,2024,2024-07-07,Rangiri Dambulla International Stadium,1,2.1,Kandy Falcons,Galle Marvels,ADS Fletcher,PHKD Mendis,D Pretorius,0,0,,,,,,,,,
1428467,2024,2024-07-07,Rangiri Dambulla International Stadium,1,2.2,Kandy Falcons,Galle Marvels,ADS Fletcher,PHKD Mendis,D Pretorius,0,0,,,,,,,,,
1428467,2024,2024-07-07,Rangiri Dambulla International Stadium,1,2.3,Kandy Falcons,Galle Marvels,ADS Fletcher,PHKD Mendis,D Pretorius,4,0,,,,,,,,,
1428467,2024,2024-07-07,Rangiri Dambulla International Stadium,1,2.4,Kandy Falcons,Galle Marvels,ADS Fletcher,PHKD Mendis,D Pretorius,2,0,,,,,,,,,
1428467,2024,2024-07-07,Rangiri Dambulla International Stadium,1,2.5,Kandy Falcons,Galle Marvels,ADS Fletcher,PHKD Mendis,D Pretorius,1,0,,,,,,,,,
1428467,2024,2024-07-07,Rangiri Dambulla International Stadium,1,2.6,Kandy Falcons,Galle Marvels,PHKD Mendis,ADS Fletcher,D Pretorius,1,0,,,,,,,,,
1428467,2024,2024-07-07,Rangiri Dambulla International Stadium,1,3.1,Kandy Falcons,Galle Marvels,PHKD Mendis,ADS Fletcher,I Udana,0,0,,,,,,,,,
1428467,2024,2024-07-07,Rangiri Dambulla International Stadium,1,3.2,Kandy Falcons,Galle Marvels,PHKD Mendis,ADS Fletcher,I Udana,1,0,,,,,,,,,
1428467,2024,2024-07-07,Rangiri Dambulla International Stadium,1,3.3,Kandy Falcons,Galle Marvels,ADS Fletcher,PHKD Mendis,I Udana,4,0,,,,,,,,,
1428467,2024,2024-07-07,Rangiri Dambulla International Stadium,1,3.4,Kandy Falcons,Galle Marvels,ADS Fletcher,PHKD Mendis,I Udana,0,1,,,,1,,,,,
1428467,2024,2024-07-07,Rangiri Dambulla International Stadium,1,3.5,Kandy Falcons,Galle Marvels,PHKD Mendis,ADS Fletcher,I Udana,6,0,,,,,,,,,
1428467,2024,2024-07-07,Rangiri Dambulla International Stadium,1,3.6,Kandy Falcons,Galle Marvels,PHKD Mendis,ADS Fletcher,I Udana,2,0,,,,,,,,,
1428467,2024,2024-07-07,Rangiri Dambulla International Stadium,1,4.1,Kandy Falcons,Galle Marvels,ADS Fletcher,PHKD Mendis,Zahoor Khan,0,1,1,,,,,,,,
1428467,2024,2024-07-07,Rangiri Dambulla International Stadium,1,4.2,Kandy Falcons,Galle Marvels,ADS Fletcher,PHKD Mendis,Zahoor Khan,0,0,,,,,,,,,
1428467,2024,2024-07-07,Rangiri Dambulla International Stadium,1,4.3,Kandy Falcons,Galle Marvels,ADS Fletcher,PHKD Mendis,Zahoor Khan,1,0,,,,,,,,,
1428467,2024,2024-07-07,Rangiri Dambulla International Stadium,1,4.4,Kandy Falcons,Galle Marvels,PHKD Mendis,ADS Fletcher,Zahoor Khan,0,1,1,,,,,,,,
1428467,2024,2024-07-07,Rangiri Dambulla International Stadium,1,4.5,Kandy Falcons,Galle Marvels,PHKD Mendis,ADS Fletcher,Zahoor Khan,0,0,,,,,,,,,
1428467,2024,2024-07-07,Rangiri Dambulla International Stadium,1,4.6,Kandy Falcons,Galle Marvels,PHKD Mendis,ADS Fletcher,Zahoor Khan,0,1,,,,1,,,,,
1428467,2024,2024-07-07,Rangiri Dambulla International Stadium,1,4.7,Kandy Falcons,Galle Marvels,ADS Fletcher,PHKD Mendis,Zahoor Khan,0,0,,,,,,,,,
1428467,2024,2024-07-07,Rangiri Dambulla International Stadium,1,4.8,Kandy Falcons,Galle Marvels,ADS Fletcher,PHKD Mendis,Zahoor Khan,0,1,1,,,,,,,,
1428467,2024,2024-07-07,Rangiri Dambulla International Stadium,1,4.9,Kandy Falcons,Galle Marvels,ADS Fletcher,PHKD Mendis,Zahoor Khan,2,0,,,,,,,,,
1428467,2024,2024-07-07,Rangiri Dambulla International Stadium,1,5.1,Kandy Falcons,Galle Marvels,PHKD Mendis,ADS Fletcher,I Udana,0,0,,,,,,caught,PHKD Mendis,,
1428467,2024,2024-07-07,Rangiri Dambulla International Stadium,1,5.2,Kandy Falcons,Galle Marvels,P Rathnayake,ADS Fletcher,I Udana,0,0,,,,,,,,,
1428467,2024,2024-07-07,Rangiri Dambulla International Stadium,1,5.3,Kandy Falcons,Galle Marvels,P Rathnayake,ADS Fletcher,I Udana,0,0,,,,,,caught,P Rathnayake,,
1428467,2024,2024-07-07,Rangiri Dambulla International Stadium,1,5.4,Kandy Falcons,Galle Marvels,AD Mathews,ADS Fletcher,I Udana,0,0,,,,,,,,,
1428467,2024,2024-07-07,Rangiri Dambulla International Stadium,1,5.5,Kandy Falcons,Galle Marvels,AD Mathews,ADS Fletcher,I Udana,0,0,,,,,,,,,
1428467,2024,2024-07-07,Rangiri Dambulla International Stadium,1,5.6,Kandy Falcons,Galle Marvels,AD Mathews,ADS Fletcher,I Udana,4,0,,,,,,,,,
1428467,2024,2024-07-07,Rangiri Dambulla International Stadium,1,6.1,Kandy Falcons,Galle Marvels,ADS Fletcher,AD Mathews,K Nadeeshan,4,0,,,,,,,,,
1428467,2024,2024-07-07,Rangiri Dambulla International Stadium,1,6.2,Kandy Falcons,Galle Marvels,ADS Fletcher,AD Mathews,K Nadeeshan,1,0,,,,,,,,,
1428467,2024,2024-07-07,Rangiri Dambulla International Stadium,1,6.3,Kandy Falcons,Galle Marvels,AD Mathews,ADS Fletcher,K Nadeeshan,1,0,,,,,,,,,
1428467,2024,2024-07-07,Rangiri Dambulla International Stadium,1,6.4,Kandy Falcons,Galle Marvels,ADS Fletcher,AD Mathews,K Nadeeshan,1,0,,,,,,,,,
1428467,2024,2024-07-07,Rangiri Dambulla International Stadium,1,6.5,Kandy Falcons,Galle Marvels,AD Mathews,ADS Fletcher,K Nadeeshan,0,0,,,,,,,,,
1428467,2024,2024-07-07,Rangiri Dambulla International Stadium,1,6.6,Kandy Falcons,Galle Marvels,AD Mathews,ADS Fletcher,K Nadeeshan,0,0,,,,,,,,,
1428467,2024,2024-07-07,Rangiri Dambulla International Stadium,1,7.1,Kandy Falcons,Galle Marvels,ADS Fletcher,AD Mathews,M Theekshana,1,0,,,,,,,,,
1428467,2024,2024-07-07,Rangiri Dambulla International Stadium,1,7.2,Kandy Falcons,Galle Marvels,AD Mathews,ADS Fletcher,M Theekshana,1,0,,,,,,,,,
1428467,2024,2024-07-07,Rangiri Dambulla International Stadium,1,7.3,Kandy Falcons,Galle Marvels,ADS Fletcher,AD Mathews,M Theekshana,1,0,,,,,,,,,
1428467,2024,2024-07-07,Rangiri Dambulla International Stadium,1,7.4,Kandy Falcons,Galle Marvels,AD Mathews,ADS Fletcher,M Theekshana,1,0,,,,,,,,,
1428467,2024,2024-07-07,Rangiri Dambulla International Stadium,1,7.5,Kandy Falcons,Galle Marvels,ADS Fletcher,AD Mathews,M Theekshana,0,0,,,,,,,,,
1428467,2024,2024-07-07,Rangiri Dambulla International Stadium,1,7.6,Kandy Falcons,Galle Marvels,ADS Fletcher,AD Mathews,M Theekshana,1,0,,,,,,,,,
1428467,2024,2024-07-07,Rangiri Dambulla International Stadium,1,8.1,Kandy Falcons,Galle Marvels,ADS Fletcher,AD Mathews,K Nadeeshan,6,0,,,,,,,,,
1428467,2024,2024-07-07,Rangiri Dambulla International Stadium,1,8.2,Kandy Falcons,Galle Marvels,ADS Fletcher,AD Mathews,K Nadeeshan,0,0,,,,,,,,,
1428467,2024,2024-07-07,Rangiri Dambulla International Stadium,1,8.3,Kandy Falcons,Galle Marvels,ADS Fletcher,AD Mathews,K Nadeeshan,6,0,,,,,,,,,
1428467,2024,2024-07-07,Rangiri Dambulla International Stadium,1,8.4,Kandy Falcons,Galle Marvels,ADS Fletcher,AD Mathews,K Nadeeshan,4,0,,,,,,,,,
1428467,2024,2024-07-07,Rangiri Dambulla International Stadium,1,8.5,Kandy Falcons,Galle Marvels,ADS Fletcher,AD Mathews,K Nadeeshan,1,0,,,,,,,,,
1428467,2024,2024-07-07,Rangiri Dambulla International Stadium,1,8.6,Kandy Falcons,Galle Marvels,AD Mathews,ADS Fletcher,K Nadeeshan,0,0,,,,,,,,,
1428467,2024,2024-07-07,Rangiri Dambulla International Stadium,1,9.1,Kandy Falcons,Galle Marvels,ADS Fletcher,AD Mathews,M Theekshana,2,0,,,,,,,,,
1428467,2024,2024-07-07,Rangiri Dambulla International Stadium,1,9.2,Kandy Falcons,Galle Marvels,ADS Fletcher,AD Mathews,M Theekshana,1,0,,,,,,,,,
1428467,2024,2024-07-07,Rangiri Dambulla International Stadium,1,9.3,Kandy Falcons,Galle Marvels,AD Mathews,ADS Fletcher,M Theekshana,1,0,,,,,,,,,
1428467,2024,2024-07-07,Rangiri Dambulla International Stadium,1,9.4,Kandy Falcons,Galle Marvels,ADS Fletcher,AD Mathews,M Theekshana,1,0,,,,,,,,,
1428467,2024,2024-07-07,Rangiri Dambulla International Stadium,1,9.5,Kandy Falcons,Galle Marvels,AD Mathews,ADS Fletcher,M Theekshana,1,0,,,,,,,,,
1428467,2024,2024-07-07,Rangiri Dambulla International Stadium,1,9.6,Kandy Falcons,Galle Marvels,ADS Fletcher,AD Mathews,M Theekshana,1,0,,,,,,,,,
1428467,2024,2024-07-07,Rangiri Dambulla International Stadium,1,10.1,Kandy Falcons,Galle Marvels,ADS Fletcher,AD Mathews,Zahoor Khan,1,0,,,,,,,,,
1428467,2024,2024-07-07,Rangiri Dambulla International Stadium,1,10.2,Kandy Falcons,Galle Marvels,AD Mathews,ADS Fletcher,Zahoor Khan,1,0,,,,,,,,,
1428467,2024,2024-07-07,Rangiri Dambulla International Stadium,1,10.3,Kandy Falcons,Galle Marvels,ADS Fletcher,AD Mathews,Zahoor Khan,1,0,,,,,,,,,
1428467,2024,2024-07-07,Rangiri Dambulla International Stadium,1,10.4,Kandy Falcons,Galle Marvels,AD Mathews,ADS Fletcher,Zahoor Khan,1,0,,,,,,,,,
1428467,2024,2024-07-07,Rangiri Dambulla International Stadium,1,10.5,Kandy Falcons,Galle Marvels,ADS Fletcher,AD Mathews,Zahoor Khan,1,0,,,,,,,,,
1428467,2024,2024-07-07,Rangiri Dambulla International Stadium,1,10.6,Kandy Falcons,Galle Marvels,AD Mathews,ADS Fletcher,Zahoor Khan,0,0,,,,,,,,,
1428467,2024,2024-07-07,Rangiri Dambulla International Stadium,1,11.1,Kandy Falcons,Galle Marvels,ADS Fletcher,AD Mathews,M Theekshana,0,0,,,,,,,,,
1428467,2024,2024-07-07,Rangiri Dambulla International Stadium,1,11.2,Kandy Falcons,Galle Marvels,ADS Fletcher,AD Mathews,M Theekshana,0,0,,,,,,lbw,ADS Fletcher,,
1428467,2024,2024-07-07,Rangiri Dambulla International Stadium,1,11.3,Kandy Falcons,Galle Marvels,PWH de Silva,AD Mathews,M Theekshana,0,0,,,,,,,,,
1428467,2024,2024-07-07,Rangiri Dambulla International Stadium,1,11.4,Kandy Falcons,Galle Marvels,PWH de Silva,AD Mathews,M Theekshana,0,0,,,,,,,,,
1428467,2024,2024-07-07,Rangiri Dambulla International Stadium,1,11.5,Kandy Falcons,Galle Marvels,PWH de Silva,AD Mathews,M Theekshana,1,0,,,,,,,,,
1428467,2024,2024-07-07,Rangiri Dambulla International Stadium,1,11.6,Kandy Falcons,Galle Marvels,AD Mathews,PWH de Silva,M Theekshana,1,0,,,,,,,,,
1428467,2024,2024-07-07,Rangiri Dambulla International Stadium,1,12.1,Kandy Falcons,Galle Marvels,AD Mathews,PWH de Silva,J Liyanage,1,0,,,,,,,,,
1428467,2024,2024-07-07,Rangiri Dambulla International Stadium,1,12.2,Kandy Falcons,Galle Marvels,PWH de Silva,AD Mathews,J Liyanage,1,0,,,,,,,,,
1428467,2024,2024-07-07,Rangiri Dambulla International Stadium,1,12.3,Kandy Falcons,Galle Marvels,AD Mathews,PWH de Silva,J Liyanage,0,0,,,,,,,,,
1428467,2024,2024-07-07,Rangiri Dambulla International Stadium,1,12.4,Kandy Falcons,Galle Marvels,AD Mathews,PWH de Silva,J Liyanage,1,0,,,,,,,,,
1428467,2024,2024-07-07,Rangiri Dambulla International Stadium,1,12.5,Kandy Falcons,Galle Marvels,PWH de Silva,AD Mathews,J Liyanage,1,0,,,,,,,,,
1428467,2024,2024-07-07,Rangiri Dambulla International Stadium,1,12.6,Kandy Falcons,Galle Marvels,AD Mathews,PWH de Silva,J Liyanage,1,0,,,,,,,,,
1428467,2024,2024-07-07,Rangiri Dambulla International Stadium,1,13.1,Kandy Falcons,Galle Marvels,AD Mathews,PWH de Silva,I Udana,1,0,,,,,,,,,
1428467,2024,2024-07-07,Rangiri Dambulla International Stadium,1,13.2,Kandy Falcons,Galle Marvels,PWH de Silva,AD Mathews,I Udana,1,0,,,,,,,,,
1428467,2024,2024-07-07,Rangiri Dambulla International Stadium,1,13.3,Kandy Falcons,Galle Marvels,AD Mathews,PWH de Silva,I Udana,4,0,,,,,,,,,
1428467,2024,2024-07-07,Rangiri Dambulla International Stadium,1,13.4,Kandy Falcons,Galle Marvels,AD Mathews,PWH de Silva,I Udana,1,0,,,,,,,,,
1428467,2024,2024-07-07,Rangiri Dambulla International Stadium,1,13.5,Kandy Falcons,Galle Marvels,PWH de Silva,AD Mathews,I Udana,4,0,,,,,,,,,
1428467,2024,2024-07-07,Rangiri Dambulla International Stadium,1,13.6,Kandy Falcons,Galle Marvels,PWH de Silva,AD Mathews,I Udana,1,0,,,,,,,,,
1428467,2024,2024-07-07,Rangiri Dambulla International Stadium,1,14.1,Kandy Falcons,Galle Marvels,PWH de Silva,AD Mathews,J Liyanage,0,1,1,,,,,,,,
1428467,2024,2024-07-07,Rangiri Dambulla International Stadium,1,14.2,Kandy Falcons,Galle Marvels,PWH de Silva,AD Mathews,J Liyanage,0,0,,,,,,,,,
1428467,2024,2024-07-07,Rangiri Dambulla International Stadium,1,14.3,Kandy Falcons,Galle Marvels,PWH de Silva,AD Mathews,J Liyanage,0,1,1,,,,,,,,
1428467,2024,2024-07-07,Rangiri Dambulla International Stadium,1,14.4,Kandy Falcons,Galle Marvels,PWH de Silva,AD Mathews,J Liyanage,0,0,,,,,,,,,
1428467,2024,2024-07-07,Rangiri Dambulla International Stadium,1,14.5,Kandy Falcons,Galle Marvels,PWH de Silva,AD Mathews,J Liyanage,4,0,,,,,,,,,
1428467,2024,2024-07-07,Rangiri Dambulla International Stadium,1,14.6,Kandy Falcons,Galle Marvels,PWH de Silva,AD Mathews,J Liyanage,1,0,,,,,,,,,
1428467,2024,2024-07-07,Rangiri Dambulla International Stadium,1,14.7,Kandy Falcons,Galle Marvels,AD Mathews,PWH de Silva,J Liyanage,1,0,,,,,,,,,
1428467,2024,2024-07-07,Rangiri Dambulla International Stadium,1,14.8,Kandy Falcons,Galle Marvels,PWH de Silva,AD Mathews,J Liyanage,4,0,,,,,,,,,
1428467,2024,2024-07-07,Rangiri Dambulla International Stadium,1,15.1,Kandy Falcons,Galle Marvels,AD Mathews,PWH de Silva,M Theekshana,1,0,,,,,,,,,
1428467,2024,2024-07-07,Rangiri Dambulla International Stadium,1,15.2,Kandy Falcons,Galle Marvels,PWH de Silva,AD Mathews,M Theekshana,0,1,1,,,,,,,,
1428467,2024,2024-07-07,Rangiri Dambulla International Stadium,1,15.3,Kandy Falcons,Galle Marvels,PWH de Silva,AD Mathews,M Theekshana,2,0,,,,,,,,,
1428467,2024,2024-07-07,Rangiri Dambulla International Stadium,1,15.4,Kandy Falcons,Galle Marvels,PWH de Silva,AD Mathews,M Theekshana,6,0,,,,,,,,,
1428467,2024,2024-07-07,Rangiri Dambulla International Stadium,1,15.5,Kandy Falcons,Galle Marvels,PWH de Silva,AD Mathews,M Theekshana,1,0,,,,,,,,,
1428467,2024,2024-07-07,Rangiri Dambulla International Stadium,1,15.6,Kandy Falcons,Galle Marvels,AD Mathews,PWH de Silva,M Theekshana,1,0,,,,,,,,,
1428467,2024,2024-07-07,Rangiri Dambulla International Stadium,1,15.7,Kandy Falcons,Galle Marvels,PWH de Silva,AD Mathews,M Theekshana,6,0,,,,,,,,,
1428467,2024,2024-07-07,Rangiri Dambulla International Stadium,1,16.1,Kandy Falcons,Galle Marvels,AD Mathews,PWH de Silva,Zahoor Khan,1,0,,,,,,,,,
1428467,2024,2024-07-07,Rangiri Dambulla International Stadium,1,16.2,Kandy Falcons,Galle Marvels,PWH de Silva,AD Mathews,Zahoor Khan,4,0,,,,,,,,,
1428467,2024,2024-07-07,Rangiri Dambulla International Stadium,1,16.3,Kandy Falcons,Galle Marvels,PWH de Silva,AD Mathews,Zahoor Khan,2,0,,,,,,,,,
1428467,2024,2024-07-07,Rangiri Dambulla International Stadium,1,16.4,Kandy Falcons,Galle Marvels,PWH de Silva,AD Mathews,Zahoor Khan,0,1,1,,,,,,,,
1428467,2024,2024-07-07,Rangiri Dambulla International Stadium,1,16.5,Kandy Falcons,Galle Marvels,PWH de Silva,AD Mathews,Zahoor Khan,1,0,,,,,,,,,
1428467,2024,2024-07-07,Rangiri Dambulla International Stadium,1,16.6,Kandy Falcons,Galle Marvels,AD Mathews,PWH de Silva,Zahoor Khan,0,0,,,,,,caught and bowled,AD Mathews,,
1428467,2024,2024-07-07,Rangiri Dambulla International Stadium,1,16.7,Kandy Falcons,Galle Marvels,MD Shanaka,PWH de Silva,Zahoor Khan,2,0,,,,,,,,,
1428467,2024,2024-07-07,Rangiri Dambulla International Stadium,1,17.1,Kandy Falcons,Galle Marvels,PWH de Silva,MD Shanaka,D Pretorius,1,0,,,,,,,,,
1428467,2024,2024-07-07,Rangiri Dambulla International Stadium,1,17.2,Kandy Falcons,Galle Marvels,MD Shanaka,PWH de Silva,D Pretorius,1,0,,,,,,,,,
1428467,2024,2024-07-07,Rangiri Dambulla International Stadium,1,17.3,Kandy Falcons,Galle Marvels,PWH de Silva,MD Shanaka,D Pretorius,4,0,,,,,,,,,
1428467,2024,2024-07-07,Rangiri Dambulla International Stadium,1,17.4,Kandy Falcons,Galle Marvels,PWH de Silva,MD Shanaka,D Pretorius,2,0,,,,,,,,,
1428467,2024,2024-07-07,Rangiri Dambulla International Stadium,1,17.5,Kandy Falcons,Galle Marvels,PWH de Silva,MD Shanaka,D Pretorius,1,0,,,,,,,,,
1428467,2024,2024-07-07,Rangiri Dambulla International Stadium,1,17.6,Kandy Falcons,Galle Marvels,MD Shanaka,PWH de Silva,D Pretorius,6,0,,,,,,,,,
1428467,2024,2024-07-07,Rangiri Dambulla International Stadium,1,18.1,Kandy Falcons,Galle Marvels,PWH de Silva,MD Shanaka,Zahoor Khan,0,0,,,,,,,,,
1428467,2024,2024-07-07,Rangiri Dambulla International Stadium,1,18.2,Kandy Falcons,Galle Marvels,PWH de Silva,MD Shanaka,Zahoor Khan,1,0,,,,,,,,,
1428467,2024,2024-07-07,Rangiri Dambulla International Stadium,1,18.3,Kandy Falcons,Galle Marvels,MD Shanaka,PWH de Silva,Zahoor Khan,0,0,,,,,,bowled,MD Shanaka,,
1428467,2024,2024-07-07,Rangiri Dambulla International Stadium,1,18.4,Kandy Falcons,Galle Marvels,PVD Chameera,PWH de Silva,Zahoor Khan,4,0,,,,,,,,,
1428467,2024,2024-07-07,Rangiri Dambulla International Stadium,1,18.5,Kandy Falcons,Galle Marvels,PVD Chameera,PWH de Silva,Zahoor Khan,1,0,,,,,,,,,
1428467,2024,2024-07-07,Rangiri Dambulla International Stadium,1,18.6,Kandy Falcons,Galle Marvels,PWH de Silva,PVD Chameera,Zahoor Khan,1,0,,,,,,,,,
1428467,2024,2024-07-07,Rangiri Dambulla International Stadium,1,19.1,Kandy Falcons,Galle Marvels,PWH de Silva,PVD Chameera,D Pretorius,1,0,,,,,,,,,
1428467,2024,2024-07-07,Rangiri Dambulla International Stadium,1,19.2,Kandy Falcons,Galle Marvels,PVD Chameera,PWH de Silva,D Pretorius,0,1,,,,1,,,,,
1428467,2024,2024-07-07,Rangiri Dambulla International Stadium,1,19.3,Kandy Falcons,Galle Marvels,PWH de Silva,PVD Chameera,D Pretorius,0,0,,,,,,,,,
1428467,2024,2024-07-07,Rangiri Dambulla International Stadium,1,19.4,Kandy Falcons,Galle Marvels,PWH de Silva,PVD Chameera,D Pretorius,4,0,,,,,,,,,
1428467,2024,2024-07-07,Rangiri Dambulla International Stadium,1,19.5,Kandy Falcons,Galle Marvels,PWH de Silva,PVD Chameera,D Pretorius,6,0,,,,,,,,,
1428467,2024,2024-07-07,Rangiri Dambulla International Stadium,1,19.6,Kandy Falcons,Galle Marvels,PWH de Silva,PVD Chameera,D Pretorius,4,0,,,,,,,,,
1428467,2024,2024-07-07,Rangiri Dambulla International Stadium,2,0.1,Galle Marvels,Kandy Falcons,N Dickwella,AD Hales,Shoriful Islam,4,0,,,,,,,,,
1428467,2024,2024-07-07,Rangiri Dambulla International Stadium,2,0.2,Galle Marvels,Kandy Falcons,N Dickwella,AD Hales,Shoriful Islam,4,0,,,,,,,,,
1428467,2024,2024-07-07,Rangiri Dambulla International Stadium,2,0.3,Galle Marvels,Kandy Falcons,N Dickwella,AD Hales,Shoriful Islam,0,0,,,,,,,,,
1428467,2024,2024-07-07,Rangiri Dambulla International Stadium,2,0.4,Galle Marvels,Kandy Falcons,N Dickwella,AD Hales,Shoriful Islam,4,0,,,,,,,,,
1428467,2024,2024-07-07,Rangiri Dambulla International Stadium,2,0.5,Galle Marvels,Kandy Falcons,N Dickwella,AD Hales,Shoriful Islam,0,0,,,,,,,,,
1428467,2024,2024-07-07,Rangiri Dambulla International Stadium,2,0.6,Galle Marvels,Kandy Falcons,N Dickwella,AD Hales,Shoriful Islam,0,0,,,,,,caught,N Dickwella,,
1428467,2024,2024-07-07,Rangiri Dambulla International Stadium,2,1.1,Galle Marvels,Kandy Falcons,AD Hales,TL Seifert,MD Shanaka,0,0,,,,,,,,,
1428467,2024,2024-07-07,Rangiri Dambulla International Stadium,2,1.2,Galle Marvels,Kandy Falcons,AD Hales,TL Seifert,MD Shanaka,0,1,1,,,,,,,,
1428467,2024,2024-07-07,Rangiri Dambulla International Stadium,2,1.3,Galle Marvels,Kandy Falcons,AD Hales,TL Seifert,MD Shanaka,0,0,,,,,,,,,
1428467,2024,2024-07-07,Rangiri Dambulla International Stadium,2,1.4,Galle Marvels,Kandy Falcons,AD Hales,TL Seifert,MD Shanaka,0,1,1,,,,,,,,
1428467,2024,2024-07-07,Rangiri Dambulla International Stadium,2,1.5,Galle Marvels,Kandy Falcons,AD Hales,TL Seifert,MD Shanaka,4,0,,,,,,,,,
1428467,2024,2024-07-07,Rangiri Dambulla International Stadium,2,1.6,Galle Marvels,Kandy Falcons,AD Hales,TL Seifert,MD Shanaka,4,0,,,,,,,,,
1428467,2024,2024-07-07,Rangiri Dambulla International Stadium,2,1.7,Galle Marvels,Kandy Falcons,AD Hales,TL Seifert,MD Shanaka,0,0,,,,,,,,,
1428467,2024,2024-07-07,Rangiri Dambulla International Stadium,2,1.8,Galle Marvels,Kandy Falcons,AD Hales,TL Seifert,MD Shanaka,4,0,,,,,,,,,
1428467,2024,2024-07-07,Rangiri Dambulla International Stadium,2,2.1,Galle Marvels,Kandy Falcons,TL Seifert,AD Hales,Shoriful Islam,0,0,,,,,,,,,
1428467,2024,2024-07-07,Rangiri Dambulla International Stadium,2,2.2,Galle Marvels,Kandy Falcons,TL Seifert,AD Hales,Shoriful Islam,1,0,,,,,,,,,
1428467,2024,2024-07-07,Rangiri Dambulla International Stadium,2,2.3,Galle Marvels,Kandy Falcons,AD Hales,TL Seifert,Shoriful Islam,0,0,,,,,,,,,
1428467,2024,2024-07-07,Rangiri Dambulla International Stadium,2,2.4,Galle Marvels,Kandy Falcons,AD Hales,TL Seifert,Shoriful Islam,0,0,,,,,,,,,
1428467,2024,2024-07-07,Rangiri Dambulla International Stadium,2,2.5,Galle Marvels,Kandy Falcons,AD Hales,TL Seifert,Shoriful Islam,0,0,,,,,,,,,
1428467,2024,2024-07-07,Rangiri Dambulla International Stadium,2,2.6,Galle Marvels,Kandy Falcons,AD Hales,TL Seifert,Shoriful Islam,6,0,,,,,,,,,
1428467,2024,2024-07-07,Rangiri Dambulla International Stadium,2,3.1,Galle Marvels,Kandy Falcons,TL Seifert,AD Hales,PVD Chameera,4,0,,,,,,,,,
1428467,2024,2024-07-07,Rangiri Dambulla International Stadium,2,3.2,Galle Marvels,Kandy Falcons,TL Seifert,AD Hales,PVD Chameera,4,0,,,,,,,,,
1428467,2024,2024-07-07,Rangiri Dambulla International Stadium,2,3.3,Galle Marvels,Kandy Falcons,TL Seifert,AD Hales,PVD Chameera,1,0,,,,,,,,,
1428467,2024,2024-07-07,Rangiri Dambulla International Stadium,2,3.4,Galle Marvels,Kandy Falcons,AD Hales,TL Seifert,PVD Chameera,4,0,,,,,,,,,
1428467,2024,2024-07-07,Rangiri Dambulla International Stadium,2,3.5,Galle Marvels,Kandy Falcons,AD Hales,TL Seifert,PVD Chameera,1,0,,,,,,,,,
1428467,2024,2024-07-07,Rangiri Dambulla International Stadium,2,3.6,Galle Marvels,Kandy Falcons,TL Seifert,AD Hales,PVD Chameera,1,0,,,,,,,,,
1428467,2024,2024-07-07,Rangiri Dambulla International Stadium,2,4.1,Galle Marvels,Kandy Falcons,TL Seifert,AD Hales,PWH de Silva,4,0,,,,,,,,,
1428467,2024,2024-07-07,Rangiri Dambulla International Stadium,2,4.2,Galle Marvels,Kandy Falcons,TL Seifert,AD Hales,PWH de Silva,4,0,,,,,,,,,
1428467,2024,2024-07-07,Rangiri Dambulla International Stadium,2,4.3,Galle Marvels,Kandy Falcons,TL Seifert,AD Hales,PWH de Silva,6,0,,,,,,,,,
1428467,2024,2024-07-07,Rangiri Dambulla International Stadium,2,4.4,Galle Marvels,Kandy Falcons,TL Seifert,AD Hales,PWH de Silva,1,0,,,,,,,,,
1428467,2024,2024-07-07,Rangiri Dambulla International Stadium,2,4.5,Galle Marvels,Kandy Falcons,AD Hales,TL Seifert,PWH de Silva,6,0,,,,,,,,,
1428467,2024,2024-07-07,Rangiri Dambulla International Stadium,2,4.6,Galle Marvels,Kandy Falcons,AD Hales,TL Seifert,PWH de Silva,6,0,,,,,,,,,
1428467,2024,2024-07-07,Rangiri Dambulla International Stadium,2,5.1,Galle Marvels,Kandy Falcons,TL Seifert,AD Hales,PVD Chameera,0,1,,,,1,,,,,
1428467,2024,2024-07-07,Rangiri Dambulla International Stadium,2,5.2,Galle Marvels,Kandy Falcons,AD Hales,TL Seifert,PVD Chameera,1,0,,,,,,,,,
1428467,2024,2024-07-07,Rangiri Dambulla International Stadium,2,5.3,Galle Marvels,Kandy Falcons,TL Seifert,AD Hales,PVD Chameera,6,0,,,,,,,,,
1428467,2024,2024-07-07,Rangiri Dambulla International Stadium,2,5.4,Galle Marvels,Kandy Falcons,TL Seifert,AD Hales,PVD Chameera,4,0,,,,,,,,,
1428467,2024,2024-07-07,Rangiri Dambulla International Stadium,2,5.5,Galle Marvels,Kandy Falcons,TL Seifert,AD Hales,PVD Chameera,1,0,,,,,,,,,
1428467,2024,2024-07-07,Rangiri Dambulla International Stadium,2,5.6,Galle Marvels,Kandy Falcons,AD Hales,TL Seifert,PVD Chameera,1,0,,,,,,,,,
1428467,2024,2024-07-07,Rangiri Dambulla International Stadium,2,6.1,Galle Marvels,Kandy Falcons,AD Hales,TL Seifert,PWH de Silva,1,0,,,,,,,,,
1428467,2024,2024-07-07,Rangiri Dambulla International Stadium,2,6.2,Galle Marvels,Kandy Falcons,TL Seifert,AD Hales,PWH de Silva,1,0,,,,,,,,,
1428467,2024,2024-07-07,Rangiri Dambulla International Stadium,2,6.3,Galle Marvels,Kandy Falcons,AD Hales,TL Seifert,PWH de Silva,0,0,,,,,,,,,
1428467,2024,2024-07-07,Rangiri Dambulla International Stadium,2,6.4,Galle Marvels,Kandy Falcons,AD Hales,TL Seifert,PWH de Silva,0,0,,,,,,caught,AD Hales,,
1428467,2024,2024-07-07,Rangiri Dambulla International Stadium,2,6.5,Galle Marvels,Kandy Falcons,PBB Rajapaksa,TL Seifert,PWH de Silva,0,0,,,,,,,,,
1428467,2024,2024-07-07,Rangiri Dambulla International Stadium,2,6.6,Galle Marvels,Kandy Falcons,PBB Rajapaksa,TL Seifert,PWH de Silva,0,0,,,,,,,,,
1428467,2024,2024-07-07,Rangiri Dambulla International Stadium,2,7.1,Galle Marvels,Kandy Falcons,TL Seifert,PBB Rajapaksa,PADLR Sandakan,1,0,,,,,,,,,
1428467,2024,2024-07-07,Rangiri Dambulla International Stadium,2,7.2,Galle Marvels,Kandy Falcons,PBB Rajapaksa,TL Seifert,PADLR Sandakan,6,0,,,,,,,,,
1428467,2024,2024-07-07,Rangiri Dambulla International Stadium,2,7.3,Galle Marvels,Kandy Falcons,PBB Rajapaksa,TL Seifert,PADLR Sandakan,1,0,,,,,,,,,
1428467,2024,2024-07-07,Rangiri Dambulla International Stadium,2,7.4,Galle Marvels,Kandy Falcons,TL Seifert,PBB Rajapaksa,PADLR Sandakan,1,0,,,,,,,,,
1428467,2024,2024-07-07,Rangiri Dambulla International Stadium,2,7.5,Galle Marvels,Kandy Falcons,PBB Rajapaksa,TL Seifert,PADLR Sandakan,1,0,,,,,,,,,
1428467,2024,2024-07-07,Rangiri Dambulla International Stadium,2,7.6,Galle Marvels,Kandy Falcons,TL Seifert,PBB Rajapaksa,PADLR Sandakan,4,0,,,,,,,,,
1428467,2024,2024-07-07,Rangiri Dambulla International Stadium,2,8.1,Galle Marvels,Kandy Falcons,PBB Rajapaksa,TL Seifert,PWH de Silva,1,0,,,,,,,,,
1428467,2024,2024-07-07,Rangiri Dambulla International Stadium,2,8.2,Galle Marvels,Kandy Falcons,TL Seifert,PBB Rajapaksa,PWH de Silva,0,0,,,,,,,,,
1428467,2024,2024-07-07,Rangiri Dambulla International Stadium,2,8.3,Galle Marvels,Kandy Falcons,TL Seifert,PBB Rajapaksa,PWH de Silva,1,0,,,,,,,,,
1428467,2024,2024-07-07,Rangiri Dambulla International Stadium,2,8.4,Galle Marvels,Kandy Falcons,PBB Rajapaksa,TL Seifert,PWH de Silva,0,0,,,,,,,,,
1428467,2024,2024-07-07,Rangiri Dambulla International Stadium,2,8.5,Galle Marvels,Kandy Falcons,PBB Rajapaksa,TL Seifert,PWH de Silva,0,0,,,,,,,,,
1428467,2024,2024-07-07,Rangiri Dambulla International Stadium,2,8.6,Galle Marvels,Kandy Falcons,PBB Rajapaksa,TL Seifert,PWH de Silva,0,0,,,,,,,,,
1428467,2024,2024-07-07,Rangiri Dambulla International Stadium,2,9.1,Galle Marvels,Kandy Falcons,TL Seifert,PBB Rajapaksa,PADLR Sandakan,1,0,,,,,,,,,
1428467,2024,2024-07-07,Rangiri Dambulla International Stadium,2,9.2,Galle Marvels,Kandy Falcons,PBB Rajapaksa,TL Seifert,PADLR Sandakan,1,0,,,,,,,,,
1428467,2024,2024-07-07,Rangiri Dambulla International Stadium,2,9.3,Galle Marvels,Kandy Falcons,TL Seifert,PBB Rajapaksa,PADLR Sandakan,0,0,,,,,,,,,
1428467,2024,2024-07-07,Rangiri Dambulla International Stadium,2,9.4,Galle Marvels,Kandy Falcons,TL Seifert,PBB Rajapaksa,PADLR Sandakan,1,0,,,,,,,,,
1428467,2024,2024-07-07,Rangiri Dambulla International Stadium,2,9.5,Galle Marvels,Kandy Falcons,PBB Rajapaksa,TL Seifert,PADLR Sandakan,0,0,,,,,,,,,
1428467,2024,2024-07-07,Rangiri Dambulla International Stadium,2,9.6,Galle Marvels,Kandy Falcons,PBB Rajapaksa,TL Seifert,PADLR Sandakan,6,0,,,,,,,,,
1428467,2024,2024-07-07,Rangiri Dambulla International Stadium,2,10.1,Galle Marvels,Kandy Falcons,TL Seifert,PBB Rajapaksa,PVD Chameera,0,0,,,,,,,,,
1428467,2024,2024-07-07,Rangiri Dambulla International Stadium,2,10.2,Galle Marvels,Kandy Falcons,TL Seifert,PBB Rajapaksa,PVD Chameera,4,0,,,,,,,,,
1428467,2024,2024-07-07,Rangiri Dambulla International Stadium,2,10.3,Galle Marvels,Kandy Falcons,TL Seifert,PBB Rajapaksa,PVD Chameera,2,0,,,,,,,,,
1428467,2024,2024-07-07,Rangiri Dambulla International Stadium,2,10.4,Galle Marvels,Kandy Falcons,TL Seifert,PBB Rajapaksa,PVD Chameera,4,0,,,,,,,,,
1428467,2024,2024-07-07,Rangiri Dambulla International Stadium,2,10.5,Galle Marvels,Kandy Falcons,TL Seifert,PBB Rajapaksa,PVD Chameera,0,0,,,,,,,,,
1428467,2024,2024-07-07,Rangiri Dambulla International Stadium,2,10.6,Galle Marvels,Kandy Falcons,TL Seifert,PBB Rajapaksa,PVD Chameera,1,0,,,,,,,,,
1428467,2024,2024-07-07,Rangiri Dambulla International Stadium,2,11.1,Galle Marvels,Kandy Falcons,TL Seifert,PBB Rajapaksa,Shoriful Islam,0,0,,,,,,,,,
1428467,2024,2024-07-07,Rangiri Dambulla International Stadium,2,11.2,Galle Marvels,Kandy Falcons,TL Seifert,PBB Rajapaksa,Shoriful Islam,1,0,,,,,,,,,
1428467,2024,2024-07-07,Rangiri Dambulla International Stadium,2,11.3,Galle Marvels,Kandy Falcons,PBB Rajapaksa,TL Seifert,Shoriful Islam,0,1,1,,,,,,,,
1428467,2024,2024-07-07,Rangiri Dambulla International Stadium,2,11.4,Galle Marvels,Kandy Falcons,PBB Rajapaksa,TL Seifert,Shoriful Islam,0,0,,,,,,bowled,PBB Rajapaksa,,
1428467,2024,2024-07-07,Rangiri Dambulla International Stadium,2,11.5,Galle Marvels,Kandy Falcons,J Liyanage,TL Seifert,Shoriful Islam,1,0,,,,,,,,,
1428467,2024,2024-07-07,Rangiri Dambulla International Stadium,2,11.6,Galle Marvels,Kandy Falcons,TL Seifert,J Liyanage,Shoriful Islam,2,0,,,,,,,,,
1428467,2024,2024-07-07,Rangiri Dambulla International Stadium,2,11.7,Galle Marvels,Kandy Falcons,TL Seifert,J Liyanage,Shoriful Islam,0,0,,,,,,,,,
1428467,2024,2024-07-07,Rangiri Dambulla International Stadium,2,12.1,Galle Marvels,Kandy Falcons,J Liyanage,TL Seifert,PWH de Silva,1,0,,,,,,,,,
1428467,2024,2024-07-07,Rangiri Dambulla International Stadium,2,12.2,Galle Marvels,Kandy Falcons,TL Seifert,J Liyanage,PWH de Silva,1,0,,,,,,,,,
1428467,2024,2024-07-07,Rangiri Dambulla International Stadium,2,12.3,Galle Marvels,Kandy Falcons,J Liyanage,TL Seifert,PWH de Silva,0,0,,,,,,,,,
1428467,2024,2024-07-07,Rangiri Dambulla International Stadium,2,12.4,Galle Marvels,Kandy Falcons,J Liyanage,TL Seifert,PWH de Silva,1,0,,,,,,,,,
1428467,2024,2024-07-07,Rangiri Dambulla International Stadium,2,12.5,Galle Marvels,Kandy Falcons,TL Seifert,J Liyanage,PWH de Silva,0,0,,,,,,,,,
1428467,2024,2024-07-07,Rangiri Dambulla International Stadium,2,12.6,Galle Marvels,Kandy Falcons,TL Seifert,J Liyanage,PWH de Silva,0,1,1,,,,,,,,
1428467,2024,2024-07-07,Rangiri Dambulla International Stadium,2,12.7,Galle Marvels,Kandy Falcons,TL Seifert,J Liyanage,PWH de Silva,1,0,,,,,,,,,
1428467,2024,2024-07-07,Rangiri Dambulla International Stadium,2,13.1,Galle Marvels,Kandy Falcons,TL Seifert,J Liyanage,PADLR Sandakan,1,0,,,,,,,,,
1428467,2024,2024-07-07,Rangiri Dambulla International Stadium,2,13.2,Galle Marvels,Kandy Falcons,J Liyanage,TL Seifert,PADLR Sandakan,0,0,,,,,,,,,
1428467,2024,2024-07-07,Rangiri Dambulla International Stadium,2,13.3,Galle Marvels,Kandy Falcons,J Liyanage,TL Seifert,PADLR Sandakan,4,0,,,,,,,,,
1428467,2024,2024-07-07,Rangiri Dambulla International Stadium,2,13.4,Galle Marvels,Kandy Falcons,J Liyanage,TL Seifert,PADLR Sandakan,4,0,,,,,,,,,
1428467,2024,2024-07-07,Rangiri Dambulla International Stadium,2,13.5,Galle Marvels,Kandy Falcons,J Liyanage,TL Seifert,PADLR Sandakan,0,1,1,,,,,stumped,J Liyanage,,
1428467,2024,2024-07-07,Rangiri Dambulla International Stadium,2,13.6,Galle Marvels,Kandy Falcons,SSD Arachchige,TL Seifert,PADLR Sandakan,1,0,,,,,,,,,
1428467,2024,2024-07-07,Rangiri Dambulla International Stadium,2,13.7,Galle Marvels,Kandy Falcons,TL Seifert,SSD Arachchige,PADLR Sandakan,1,0,,,,,,,,,
1428467,2024,2024-07-07,Rangiri Dambulla International Stadium,2,14.1,Galle Marvels,Kandy Falcons,TL Seifert,SSD Arachchige,PVD Chameera,1,0,,,,,,,,,
1428467,2024,2024-07-07,Rangiri Dambulla International Stadium,2,14.2,Galle Marvels,Kandy Falcons,SSD Arachchige,TL Seifert,PVD Chameera,1,0,,,,,,,,,
1428467,2024,2024-07-07,Rangiri Dambulla International Stadium,2,14.3,Galle Marvels,Kandy Falcons,TL Seifert,SSD Arachchige,PVD Chameera,1,0,,,,,,,,,
1428467,2024,2024-07-07,Rangiri Dambulla International Stadium,2,14.4,Galle Marvels,Kandy Falcons,SSD Arachchige,TL Seifert,PVD Chameera,0,0,,,,,,,,,
1428467,2024,2024-07-07,Rangiri Dambulla International Stadium,2,14.5,Galle Marvels,Kandy Falcons,SSD Arachchige,TL Seifert,PVD Chameera,0,0,,,,,,,,,
1428467,2024,2024-07-07,Rangiri Dambulla International Stadium,2,14.6,Galle Marvels,Kandy Falcons,SSD Arachchige,TL Seifert,PVD Chameera,0,0,,,,,,,,,
1428467,2024,2024-07-07,Rangiri Dambulla International Stadium,2,15.1,Galle Marvels,Kandy Falcons,TL Seifert,SSD Arachchige,PADLR Sandakan,0,1,1,,,,,,,,
1428467,2024,2024-07-07,Rangiri Dambulla International Stadium,2,15.2,Galle Marvels,Kandy Falcons,TL Seifert,SSD Arachchige,PADLR Sandakan,1,0,,,,,,,,,
1428467,2024,2024-07-07,Rangiri Dambulla International Stadium,2,15.3,Galle Marvels,Kandy Falcons,SSD Arachchige,TL Seifert,PADLR Sandakan,1,0,,,,,,,,,
1428467,2024,2024-07-07,Rangiri Dambulla International Stadium,2,15.4,Galle Marvels,Kandy Falcons,TL Seifert,SSD Arachchige,PADLR Sandakan,0,0,,,,,,,,,
1428467,2024,2024-07-07,Rangiri Dambulla International Stadium,2,15.5,Galle Marvels,Kandy Falcons,TL Seifert,SSD Arachchige,PADLR Sandakan,0,0,,,,,,,,,
1428467,2024,2024-07-07,Rangiri Dambulla International Stadium,2,15.6,Galle Marvels,Kandy Falcons,TL Seifert,SSD Arachchige,PADLR Sandakan,4,0,,,,,,,,,
1428467,2024,2024-07-07,Rangiri Dambulla International Stadium,2,15.7,Galle Marvels,Kandy Falcons,TL Seifert,SSD Arachchige,PADLR Sandakan,4,0,,,,,,,,,
1428467,2024,2024-07-07,Rangiri Dambulla International Stadium,2,16.1,Galle Marvels,Kandy Falcons,SSD Arachchige,TL Seifert,Shoriful Islam,1,0,,,,,,,,,
1428467,2024,2024-07-07,Rangiri Dambulla International Stadium,2,16.2,Galle Marvels,Kandy Falcons,TL Seifert,SSD Arachchige,Shoriful Islam,1,0,,,,,,,,,
1428467,2024,2024-07-07,Rangiri Dambulla International Stadium,2,16.3,Galle Marvels,Kandy Falcons,SSD Arachchige,TL Seifert,Shoriful Islam,4,0,,,,,,,,,
1428467,2024,2024-07-07,Rangiri Dambulla International Stadium,2,16.4,Galle Marvels,Kandy Falcons,SSD Arachchige,TL Seifert,Shoriful Islam,1,0,,,,,,,,,
1428467,2024,2024-07-07,Rangiri Dambulla International Stadium,2,16.5,Galle Marvels,Kandy Falcons,TL Seifert,SSD Arachchige,Shoriful Islam,0,0,,,,,,,,,
1428467,2024,2024-07-07,Rangiri Dambulla International Stadium,2,16.6,Galle Marvels,Kandy Falcons,TL Seifert,SSD Arachchige,Shoriful Islam,1,0,,,,,,,,,
1428467,2024,2024-07-07,Rangiri Dambulla International Stadium,2,17.1,Galle Marvels,Kandy Falcons,TL Seifert,SSD Arachchige,MD Shanaka,0,1,1,,,,,,,,
1428467,2024,2024-07-07,Rangiri Dambulla International Stadium,2,17.2,Galle Marvels,Kandy Falcons,TL Seifert,SSD Arachchige,MD Shanaka,4,0,,,,,,,,,
