match_id,season,start_date,venue,innings,ball,batting_team,bowling_team,striker,non_striker,bowler,runs_off_bat,extras,wides,noballs,byes,legbyes,penalty,wicket_type,player_dismissed,other_wicket_type,other_player_dismissed
1160583,2018/19,2018-10-14,Sharjah Cricket Stadium,1,0.1,Nangarhar Leopards,Paktia Panthers,AP Devcich,Najeeb Tarakai,Yousuf Zazai,0,0,,,,,,,,,
1160583,2018/19,2018-10-14,Sharjah Cricket Stadium,1,0.2,Nangarhar Leopards,Paktia Panthers,AP Devcich,Najeeb Tarakai,Yousuf Zazai,4,0,,,,,,,,,
1160583,2018/19,2018-10-14,Sharjah Cricket Stadium,1,0.3,Nangarhar Leopards,Paktia Panthers,AP Devcich,Najeeb Tarakai,Yousuf Zazai,0,0,,,,,,,,,
1160583,2018/19,2018-10-14,Sharjah Cricket Stadium,1,0.4,Nangarhar Leopards,Paktia Panthers,AP Devcich,Najeeb Tarakai,Yousuf Zazai,0,0,,,,,,,,,
1160583,2018/19,2018-10-14,Sharjah Cricket Stadium,1,0.5,Nangarhar Leopards,Paktia Panthers,AP Devcich,Najeeb Tarakai,Yousuf Zazai,2,0,,,,,,,,,
1160583,2018/19,2018-10-14,Sharjah Cricket Stadium,1,0.6,Nangarhar Leopards,Paktia Panthers,AP Devcich,Najeeb Tarakai,Yousuf Zazai,4,0,,,,,,,,,
1160583,2018/19,2018-10-14,Sharjah Cricket Stadium,1,1.1,Nangarhar Leopards,Paktia Panthers,Najeeb Tarakai,AP Devcich,I Udana,0,0,,,,,,,,,
1160583,2018/19,2018-10-14,Sharjah Cricket Stadium,1,1.2,Nangarhar Leopards,Paktia Panthers,Najeeb Tarakai,AP Devcich,I Udana,0,4,,,,4,,,,,
1160583,2018/19,2018-10-14,Sharjah Cricket Stadium,1,1.3,Nangarhar Leopards,Paktia Panthers,Najeeb Tarakai,AP Devcich,I Udana,0,0,,,,,,,,,
1160583,2018/19,2018-10-14,Sharjah Cricket Stadium,1,1.4,Nangarhar Leopards,Paktia Panthers,Najeeb Tarakai,AP Devcich,I Udana,0,0,,,,,,,,,
1160583,2018/19,2018-10-14,Sharjah Cricket Stadium,1,1.5,Nangarhar Leopards,Paktia Panthers,Najeeb Tarakai,AP Devcich,I Udana,0,0,,,,,,,,,
1160583,2018/19,2018-10-14,Sharjah Cricket Stadium,1,1.6,Nangarhar Leopards,Paktia Panthers,Najeeb Tarakai,AP Devcich,I Udana,1,0,,,,,,,,,
1160583,2018/19,2018-10-14,Sharjah Cricket Stadium,1,2.1,Nangarhar Leopards,Paktia Panthers,Najeeb Tarakai,AP Devcich,Ziaur Rahman,0,0,,,,,,lbw,Najeeb Tarakai,,
1160583,2018/19,2018-10-14,Sharjah Cricket Stadium,1,2.2,Nangarhar Leopards,Paktia Panthers,J Charles,AP Devcich,Ziaur Rahman,0,0,,,,,,,,,
1160583,2018/19,2018-10-14,Sharjah Cricket Stadium,1,2.3,Nangarhar Leopards,Paktia Panthers,J Charles,AP Devcich,Ziaur Rahman,4,0,,,,,,,,,
1160583,2018/19,2018-10-14,Sharjah Cricket Stadium,1,2.4,Nangarhar Leopards,Paktia Panthers,J Charles,AP Devcich,Ziaur Rahman,0,0,,,,,,,,,
1160583,2018/19,2018-10-14,Sharjah Cricket Stadium,1,2.5,Nangarhar Leopards,Paktia Panthers,J Charles,AP Devcich,Ziaur Rahman,1,0,,,,,,,,,
1160583,2018/19,2018-10-14,Sharjah Cricket Stadium,1,2.6,Nangarhar Leopards,Paktia Panthers,AP Devcich,J Charles,Ziaur Rahman,0,0,,,,,,,,,
1160583,2018/19,2018-10-14,Sharjah Cricket Stadium,1,3.1,Nangarhar Leopards,Paktia Panthers,J Charles,AP Devcich,I Udana,0,0,,,,,,,,,
1160583,2018/19,2018-10-14,Sharjah Cricket Stadium,1,3.2,Nangarhar Leopards,Paktia Panthers,J Charles,AP Devcich,I Udana,0,0,,,,,,,,,
1160583,2018/19,2018-10-14,Sharjah Cricket Stadium,1,3.3,Nangarhar Leopards,Paktia Panthers,J Charles,AP Devcich,I Udana,0,0,,,,,,,,,
1160583,2018/19,2018-10-14,Sharjah Cricket Stadium,1,3.4,Nangarhar Leopards,Paktia Panthers,J Charles,AP Devcich,I Udana,2,0,,,,,,,,,
1160583,2018/19,2018-10-14,Sharjah Cricket Stadium,1,3.5,Nangarhar Leopards,Paktia Panthers,J Charles,AP Devcich,I Udana,0,1,1,,,,,,,,
1160583,2018/19,2018-10-14,Sharjah Cricket Stadium,1,3.6,Nangarhar Leopards,Paktia Panthers,J Charles,AP Devcich,I Udana,0,0,,,,,,,,,
1160583,2018/19,2018-10-14,Sharjah Cricket Stadium,1,3.7,Nangarhar Leopards,Paktia Panthers,J Charles,AP Devcich,I Udana,0,0,,,,,,,,,
1160583,2018/19,2018-10-14,Sharjah Cricket Stadium,1,4.1,Nangarhar Leopards,Paktia Panthers,AP Devcich,J Charles,Yousuf Zazai,0,0,,,,,,,,,
1160583,2018/19,2018-10-14,Sharjah Cricket Stadium,1,4.2,Nangarhar Leopards,Paktia Panthers,AP Devcich,J Charles,Yousuf Zazai,0,0,,,,,,,,,
1160583,2018/19,2018-10-14,Sharjah Cricket Stadium,1,4.3,Nangarhar Leopards,Paktia Panthers,AP Devcich,J Charles,Yousuf Zazai,1,0,,,,,,,,,
1160583,2018/19,2018-10-14,Sharjah Cricket Stadium,1,4.4,Nangarhar Leopards,Paktia Panthers,J Charles,AP Devcich,Yousuf Zazai,0,0,,,,,,,,,
1160583,2018/19,2018-10-14,Sharjah Cricket Stadium,1,4.5,Nangarhar Leopards,Paktia Panthers,J Charles,AP Devcich,Yousuf Zazai,4,0,,,,,,,,,
1160583,2018/19,2018-10-14,Sharjah Cricket Stadium,1,4.6,Nangarhar Leopards,Paktia Panthers,J Charles,AP Devcich,Yousuf Zazai,1,0,,,,,,,,,
1160583,2018/19,2018-10-14,Sharjah Cricket Stadium,1,5.1,Nangarhar Leopards,Paktia Panthers,J Charles,AP Devcich,Ziaur Rahman,4,0,,,,,,,,,
1160583,2018/19,2018-10-14,Sharjah Cricket Stadium,1,5.2,Nangarhar Leopards,Paktia Panthers,J Charles,AP Devcich,Ziaur Rahman,6,0,,,,,,,,,
1160583,2018/19,2018-10-14,Sharjah Cricket Stadium,1,5.3,Nangarhar Leopards,Paktia Panthers,J Charles,AP Devcich,Ziaur Rahman,0,0,,,,,,lbw,J Charles,,
1160583,2018/19,2018-10-14,Sharjah Cricket Stadium,1,5.4,Nangarhar Leopards,Paktia Panthers,Rahmat Shah,AP Devcich,Ziaur Rahman,0,0,,,,,,,,,
1160583,2018/19,2018-10-14,Sharjah Cricket Stadium,1,5.5,Nangarhar Leopards,Paktia Panthers,Rahmat Shah,AP Devcich,Ziaur Rahman,4,0,,,,,,,,,
1160583,2018/19,2018-10-14,Sharjah Cricket Stadium,1,5.6,Nangarhar Leopards,Paktia Panthers,Rahmat Shah,AP Devcich,Ziaur Rahman,1,0,,,,,,,,,
1160583,2018/19,2018-10-14,Sharjah Cricket Stadium,1,6.1,Nangarhar Leopards,Paktia Panthers,Rahmat Shah,AP Devcich,Shahid Afridi,1,0,,,,,,,,,
1160583,2018/19,2018-10-14,Sharjah Cricket Stadium,1,6.2,Nangarhar Leopards,Paktia Panthers,AP Devcich,Rahmat Shah,Shahid Afridi,0,0,,,,,,,,,
1160583,2018/19,2018-10-14,Sharjah Cricket Stadium,1,6.3,Nangarhar Leopards,Paktia Panthers,AP Devcich,Rahmat Shah,Shahid Afridi,1,0,,,,,,,,,
1160583,2018/19,2018-10-14,Sharjah Cricket Stadium,1,6.4,Nangarhar Leopards,Paktia Panthers,Rahmat Shah,AP Devcich,Shahid Afridi,1,0,,,,,,,,,
1160583,2018/19,2018-10-14,Sharjah Cricket Stadium,1,6.5,Nangarhar Leopards,Paktia Panthers,AP Devcich,Rahmat Shah,Shahid Afridi,0,1,,1,,,,,,,
1160583,2018/19,2018-10-14,Sharjah Cricket Stadium,1,6.6,Nangarhar Leopards,Paktia Panthers,AP Devcich,Rahmat Shah,Shahid Afridi,2,0,,,,,,,,,
1160583,2018/19,2018-10-14,Sharjah Cricket Stadium,1,6.7,Nangarhar Leopards,Paktia Panthers,AP Devcich,Rahmat Shah,Shahid Afridi,0,0,,,,,,bowled,AP Devcich,,
1160583,2018/19,2018-10-14,Sharjah Cricket Stadium,1,7.1,Nangarhar Leopards,Paktia Panthers,Rahmat Shah,Shafiqullah,Sharafuddin Ashraf,0,0,,,,,,,,,
1160583,2018/19,2018-10-14,Sharjah Cricket Stadium,1,7.2,Nangarhar Leopards,Paktia Panthers,Rahmat Shah,Shafiqullah,Sharafuddin Ashraf,0,0,,,,,,,,,
1160583,2018/19,2018-10-14,Sharjah Cricket Stadium,1,7.3,Nangarhar Leopards,Paktia Panthers,Rahmat Shah,Shafiqullah,Sharafuddin Ashraf,1,0,,,,,,,,,
1160583,2018/19,2018-10-14,Sharjah Cricket Stadium,1,7.4,Nangarhar Leopards,Paktia Panthers,Shafiqullah,Rahmat Shah,Sharafuddin Ashraf,0,0,,,,,,,,,
1160583,2018/19,2018-10-14,Sharjah Cricket Stadium,1,7.5,Nangarhar Leopards,Paktia Panthers,Shafiqullah,Rahmat Shah,Sharafuddin Ashraf,1,0,,,,,,,,,
1160583,2018/19,2018-10-14,Sharjah Cricket Stadium,1,7.6,Nangarhar Leopards,Paktia Panthers,Rahmat Shah,Shafiqullah,Sharafuddin Ashraf,1,0,,,,,,,,,
1160583,2018/19,2018-10-14,Sharjah Cricket Stadium,1,8.1,Nangarhar Leopards,Paktia Panthers,Rahmat Shah,Shafiqullah,Shahid Afridi,0,0,,,,,,,,,
1160583,2018/19,2018-10-14,Sharjah Cricket Stadium,1,8.2,Nangarhar Leopards,Paktia Panthers,Rahmat Shah,Shafiqullah,Shahid Afridi,1,0,,,,,,,,,
1160583,2018/19,2018-10-14,Sharjah Cricket Stadium,1,8.3,Nangarhar Leopards,Paktia Panthers,Shafiqullah,Rahmat Shah,Shahid Afridi,0,0,,,,,,run out,Shafiqullah,,
1160583,2018/19,2018-10-14,Sharjah Cricket Stadium,1,8.4,Nangarhar Leopards,Paktia Panthers,Hashmatullah Shahidi,Rahmat Shah,Shahid Afridi,0,0,,,,,,,,,
1160583,2018/19,2018-10-14,Sharjah Cricket Stadium,1,8.5,Nangarhar Leopards,Paktia Panthers,Hashmatullah Shahidi,Rahmat Shah,Shahid Afridi,1,0,,,,,,,,,
1160583,2018/19,2018-10-14,Sharjah Cricket Stadium,1,8.6,Nangarhar Leopards,Paktia Panthers,Rahmat Shah,Hashmatullah Shahidi,Shahid Afridi,1,0,,,,,,,,,
1160583,2018/19,2018-10-14,Sharjah Cricket Stadium,1,9.1,Nangarhar Leopards,Paktia Panthers,Rahmat Shah,Hashmatullah Shahidi,Sharafuddin Ashraf,0,0,,,,,,,,,
1160583,2018/19,2018-10-14,Sharjah Cricket Stadium,1,9.2,Nangarhar Leopards,Paktia Panthers,Rahmat Shah,Hashmatullah Shahidi,Sharafuddin Ashraf,1,0,,,,,,,,,
1160583,2018/19,2018-10-14,Sharjah Cricket Stadium,1,9.3,Nangarhar Leopards,Paktia Panthers,Hashmatullah Shahidi,Rahmat Shah,Sharafuddin Ashraf,1,0,,,,,,,,,
1160583,2018/19,2018-10-14,Sharjah Cricket Stadium,1,9.4,Nangarhar Leopards,Paktia Panthers,Rahmat Shah,Hashmatullah Shahidi,Sharafuddin Ashraf,1,0,,,,,,,,,
1160583,2018/19,2018-10-14,Sharjah Cricket Stadium,1,9.5,Nangarhar Leopards,Paktia Panthers,Hashmatullah Shahidi,Rahmat Shah,Sharafuddin Ashraf,0,0,,,,,,,,,
1160583,2018/19,2018-10-14,Sharjah Cricket Stadium,1,9.6,Nangarhar Leopards,Paktia Panthers,Hashmatullah Shahidi,Rahmat Shah,Sharafuddin Ashraf,1,0,,,,,,,,,
1160583,2018/19,2018-10-14,Sharjah Cricket Stadium,1,10.1,Nangarhar Leopards,Paktia Panthers,Hashmatullah Shahidi,Rahmat Shah,Shahid Afridi,1,0,,,,,,,,,
1160583,2018/19,2018-10-14,Sharjah Cricket Stadium,1,10.2,Nangarhar Leopards,Paktia Panthers,Rahmat Shah,Hashmatullah Shahidi,Shahid Afridi,1,0,,,,,,,,,
1160583,2018/19,2018-10-14,Sharjah Cricket Stadium,1,10.3,Nangarhar Leopards,Paktia Panthers,Hashmatullah Shahidi,Rahmat Shah,Shahid Afridi,0,0,,,,,,,,,
1160583,2018/19,2018-10-14,Sharjah Cricket Stadium,1,10.4,Nangarhar Leopards,Paktia Panthers,Hashmatullah Shahidi,Rahmat Shah,Shahid Afridi,0,0,,,,,,stumped,Hashmatullah Shahidi,,
1160583,2018/19,2018-10-14,Sharjah Cricket Stadium,1,10.5,Nangarhar Leopards,Paktia Panthers,BCJ Cutting,Rahmat Shah,Shahid Afridi,1,0,,,,,,,,,
1160583,2018/19,2018-10-14,Sharjah Cricket Stadium,1,10.6,Nangarhar Leopards,Paktia Panthers,Rahmat Shah,BCJ Cutting,Shahid Afridi,1,0,,,,,,,,,
1160583,2018/19,2018-10-14,Sharjah Cricket Stadium,1,11.1,Nangarhar Leopards,Paktia Panthers,Rahmat Shah,BCJ Cutting,Sharafuddin Ashraf,1,0,,,,,,,,,
1160583,2018/19,2018-10-14,Sharjah Cricket Stadium,1,11.2,Nangarhar Leopards,Paktia Panthers,BCJ Cutting,Rahmat Shah,Sharafuddin Ashraf,0,0,,,,,,,,,
1160583,2018/19,2018-10-14,Sharjah Cricket Stadium,1,11.3,Nangarhar Leopards,Paktia Panthers,BCJ Cutting,Rahmat Shah,Sharafuddin Ashraf,1,0,,,,,,,,,
1160583,2018/19,2018-10-14,Sharjah Cricket Stadium,1,11.4,Nangarhar Leopards,Paktia Panthers,Rahmat Shah,BCJ Cutting,Sharafuddin Ashraf,1,0,,,,,,,,,
1160583,2018/19,2018-10-14,Sharjah Cricket Stadium,1,11.5,Nangarhar Leopards,Paktia Panthers,BCJ Cutting,Rahmat Shah,Sharafuddin Ashraf,1,0,,,,,,,,,
1160583,2018/19,2018-10-14,Sharjah Cricket Stadium,1,11.6,Nangarhar Leopards,Paktia Panthers,Rahmat Shah,BCJ Cutting,Sharafuddin Ashraf,1,0,,,,,,,,,
1160583,2018/19,2018-10-14,Sharjah Cricket Stadium,1,12.1,Nangarhar Leopards,Paktia Panthers,Rahmat Shah,BCJ Cutting,Shahid Afridi,1,0,,,,,,,,,
1160583,2018/19,2018-10-14,Sharjah Cricket Stadium,1,12.2,Nangarhar Leopards,Paktia Panthers,BCJ Cutting,Rahmat Shah,Shahid Afridi,1,0,,,,,,,,,
1160583,2018/19,2018-10-14,Sharjah Cricket Stadium,1,12.3,Nangarhar Leopards,Paktia Panthers,Rahmat Shah,BCJ Cutting,Shahid Afridi,1,0,,,,,,,,,
1160583,2018/19,2018-10-14,Sharjah Cricket Stadium,1,12.4,Nangarhar Leopards,Paktia Panthers,BCJ Cutting,Rahmat Shah,Shahid Afridi,6,0,,,,,,,,,
1160583,2018/19,2018-10-14,Sharjah Cricket Stadium,1,12.5,Nangarhar Leopards,Paktia Panthers,BCJ Cutting,Rahmat Shah,Shahid Afridi,1,0,,,,,,,,,
1160583,2018/19,2018-10-14,Sharjah Cricket Stadium,1,12.6,Nangarhar Leopards,Paktia Panthers,Rahmat Shah,BCJ Cutting,Shahid Afridi,4,0,,,,,,,,,
1160583,2018/19,2018-10-14,Sharjah Cricket Stadium,1,13.1,Nangarhar Leopards,Paktia Panthers,BCJ Cutting,Rahmat Shah,Sharafuddin Ashraf,2,0,,,,,,,,,
1160583,2018/19,2018-10-14,Sharjah Cricket Stadium,1,13.2,Nangarhar Leopards,Paktia Panthers,BCJ Cutting,Rahmat Shah,Sharafuddin Ashraf,6,0,,,,,,,,,
1160583,2018/19,2018-10-14,Sharjah Cricket Stadium,1,13.3,Nangarhar Leopards,Paktia Panthers,BCJ Cutting,Rahmat Shah,Sharafuddin Ashraf,1,0,,,,,,,,,
1160583,2018/19,2018-10-14,Sharjah Cricket Stadium,1,13.4,Nangarhar Leopards,Paktia Panthers,Rahmat Shah,BCJ Cutting,Sharafuddin Ashraf,0,0,,,,,,,,,
1160583,2018/19,2018-10-14,Sharjah Cricket Stadium,1,13.5,Nangarhar Leopards,Paktia Panthers,Rahmat Shah,BCJ Cutting,Sharafuddin Ashraf,1,0,,,,,,,,,
1160583,2018/19,2018-10-14,Sharjah Cricket Stadium,1,13.6,Nangarhar Leopards,Paktia Panthers,BCJ Cutting,Rahmat Shah,Sharafuddin Ashraf,1,0,,,,,,,,,
1160583,2018/19,2018-10-14,Sharjah Cricket Stadium,1,14.1,Nangarhar Leopards,Paktia Panthers,BCJ Cutting,Rahmat Shah,Ziaur Rahman,0,1,1,,,,,,,,
1160583,2018/19,2018-10-14,Sharjah Cricket Stadium,1,14.2,Nangarhar Leopards,Paktia Panthers,BCJ Cutting,Rahmat Shah,Ziaur Rahman,0,0,,,,,,caught,BCJ Cutting,,
1160583,2018/19,2018-10-14,Sharjah Cricket Stadium,1,14.3,Nangarhar Leopards,Paktia Panthers,Rahmat Shah,Naveen-ul-Haq,Ziaur Rahman,1,0,,,,,,,,,
1160583,2018/19,2018-10-14,Sharjah Cricket Stadium,1,14.4,Nangarhar Leopards,Paktia Panthers,Naveen-ul-Haq,Rahmat Shah,Ziaur Rahman,1,0,,,,,,,,,
1160583,2018/19,2018-10-14,Sharjah Cricket Stadium,1,14.5,Nangarhar Leopards,Paktia Panthers,Rahmat Shah,Naveen-ul-Haq,Ziaur Rahman,0,0,,,,,,,,,
1160583,2018/19,2018-10-14,Sharjah Cricket Stadium,1,14.6,Nangarhar Leopards,Paktia Panthers,Rahmat Shah,Naveen-ul-Haq,Ziaur Rahman,0,0,,,,,,,,,
1160583,2018/19,2018-10-14,Sharjah Cricket Stadium,1,14.7,Nangarhar Leopards,Paktia Panthers,Rahmat Shah,Naveen-ul-Haq,Ziaur Rahman,1,0,,,,,,,,,
1160583,2018/19,2018-10-14,Sharjah Cricket Stadium,1,15.1,Nangarhar Leopards,Paktia Panthers,Rahmat Shah,Naveen-ul-Haq,Yousuf Zazai,0,1,1,,,,,,,,
1160583,2018/19,2018-10-14,Sharjah Cricket Stadium,1,15.2,Nangarhar Leopards,Paktia Panthers,Rahmat Shah,Naveen-ul-Haq,Yousuf Zazai,0,1,1,,,,,,,,
1160583,2018/19,2018-10-14,Sharjah Cricket Stadium,1,15.3,Nangarhar Leopards,Paktia Panthers,Rahmat Shah,Naveen-ul-Haq,Yousuf Zazai,1,0,,,,,,,,,
1160583,2018/19,2018-10-14,Sharjah Cricket Stadium,1,15.4,Nangarhar Leopards,Paktia Panthers,Naveen-ul-Haq,Rahmat Shah,Yousuf Zazai,1,0,,,,,,,,,
1160583,2018/19,2018-10-14,Sharjah Cricket Stadium,1,15.5,Nangarhar Leopards,Paktia Panthers,Rahmat Shah,Naveen-ul-Haq,Yousuf Zazai,1,0,,,,,,,,,
1160583,2018/19,2018-10-14,Sharjah Cricket Stadium,1,15.6,Nangarhar Leopards,Paktia Panthers,Naveen-ul-Haq,Rahmat Shah,Yousuf Zazai,1,0,,,,,,,,,
1160583,2018/19,2018-10-14,Sharjah Cricket Stadium,1,15.7,Nangarhar Leopards,Paktia Panthers,Rahmat Shah,Naveen-ul-Haq,Yousuf Zazai,1,0,,,,,,,,,
1160583,2018/19,2018-10-14,Sharjah Cricket Stadium,1,15.8,Nangarhar Leopards,Paktia Panthers,Naveen-ul-Haq,Rahmat Shah,Yousuf Zazai,0,0,,,,,,,,,
1160583,2018/19,2018-10-14,Sharjah Cricket Stadium,1,16.1,Nangarhar Leopards,Paktia Panthers,Rahmat Shah,Naveen-ul-Haq,Ziaur Rahman,0,0,,,,,,,,,
1160583,2018/19,2018-10-14,Sharjah Cricket Stadium,1,16.2,Nangarhar Leopards,Paktia Panthers,Rahmat Shah,Naveen-ul-Haq,Ziaur Rahman,0,0,,,,,,,,,
1160583,2018/19,2018-10-14,Sharjah Cricket Stadium,1,16.3,Nangarhar Leopards,Paktia Panthers,Rahmat Shah,Naveen-ul-Haq,Ziaur Rahman,1,0,,,,,,,,,
1160583,2018/19,2018-10-14,Sharjah Cricket Stadium,1,16.4,Nangarhar Leopards,Paktia Panthers,Naveen-ul-Haq,Rahmat Shah,Ziaur Rahman,1,0,,,,,,,,,
1160583,2018/19,2018-10-14,Sharjah Cricket Stadium,1,16.5,Nangarhar Leopards,Paktia Panthers,Rahmat Shah,Naveen-ul-Haq,Ziaur Rahman,0,1,,,,1,,,,,
1160583,2018/19,2018-10-14,Sharjah Cricket Stadium,1,16.6,Nangarhar Leopards,Paktia Panthers,Naveen-ul-Haq,Rahmat Shah,Ziaur Rahman,1,0,,,,,,,,,
1160583,2018/19,2018-10-14,Sharjah Cricket Stadium,1,17.1,Nangarhar Leopards,Paktia Panthers,Naveen-ul-Haq,Rahmat Shah,I Udana,0,0,,,,,,,,,
1160583,2018/19,2018-10-14,Sharjah Cricket Stadium,1,17.2,Nangarhar Leopards,Paktia Panthers,Naveen-ul-Haq,Rahmat Shah,I Udana,0,0,,,,,,,,,
1160583,2018/19,2018-10-14,Sharjah Cricket Stadium,1,17.3,Nangarhar Leopards,Paktia Panthers,Naveen-ul-Haq,Rahmat Shah,I Udana,0,1,,,,1,,,,,
1160583,2018/19,2018-10-14,Sharjah Cricket Stadium,1,17.4,Nangarhar Leopards,Paktia Panthers,Rahmat Shah,Naveen-ul-Haq,I Udana,1,0,,,,,,,,,
1160583,2018/19,2018-10-14,Sharjah Cricket Stadium,1,17.5,Nangarhar Leopards,Paktia Panthers,Naveen-ul-Haq,Rahmat Shah,I Udana,4,0,,,,,,,,,
1160583,2018/19,2018-10-14,Sharjah Cricket Stadium,1,17.6,Nangarhar Leopards,Paktia Panthers,Naveen-ul-Haq,Rahmat Shah,I Udana,2,0,,,,,,,,,
1160583,2018/19,2018-10-14,Sharjah Cricket Stadium,1,18.1,Nangarhar Leopards,Paktia Panthers,Rahmat Shah,Naveen-ul-Haq,Yousuf Zazai,0,0,,,,,,caught,Rahmat Shah,,
1160583,2018/19,2018-10-14,Sharjah Cricket Stadium,1,18.2,Nangarhar Leopards,Paktia Panthers,Naveen-ul-Haq,Mujeeb Ur Rahman,Yousuf Zazai,1,0,,,,,,,,,
1160583,2018/19,2018-10-14,Sharjah Cricket Stadium,1,18.3,Nangarhar Leopards,Paktia Panthers,Mujeeb Ur Rahman,Naveen-ul-Haq,Yousuf Zazai,4,0,,,,,,,,,
1160583,2018/19,2018-10-14,Sharjah Cricket Stadium,1,18.4,Nangarhar Leopards,Paktia Panthers,Mujeeb Ur Rahman,Naveen-ul-Haq,Yousuf Zazai,1,0,,,,,,,,,
1160583,2018/19,2018-10-14,Sharjah Cricket Stadium,1,18.5,Nangarhar Leopards,Paktia Panthers,Naveen-ul-Haq,Mujeeb Ur Rahman,Yousuf Zazai,0,0,,,,,,,,,
1160583,2018/19,2018-10-14,Sharjah Cricket Stadium,1,18.6,Nangarhar Leopards,Paktia Panthers,Naveen-ul-Haq,Mujeeb Ur Rahman,Yousuf Zazai,0,0,,,,,,,,,
1160583,2018/19,2018-10-14,Sharjah Cricket Stadium,1,19.1,Nangarhar Leopards,Paktia Panthers,Mujeeb Ur Rahman,Naveen-ul-Haq,I Udana,1,0,,,,,,,,,
1160583,2018/19,2018-10-14,Sharjah Cricket Stadium,1,19.2,Nangarhar Leopards,Paktia Panthers,Naveen-ul-Haq,Mujeeb Ur Rahman,I Udana,1,0,,,,,,,,,
1160583,2018/19,2018-10-14,Sharjah Cricket Stadium,1,19.3,Nangarhar Leopards,Paktia Panthers,Mujeeb Ur Rahman,Naveen-ul-Haq,I Udana,1,0,,,,,,,,,
1160583,2018/19,2018-10-14,Sharjah Cricket Stadium,1,19.4,Nangarhar Leopards,Paktia Panthers,Naveen-ul-Haq,Mujeeb Ur Rahman,I Udana,0,0,,,,,,caught,Naveen-ul-Haq,,
1160583,2018/19,2018-10-14,Sharjah Cricket Stadium,1,19.5,Nangarhar Leopards,Paktia Panthers,S Lamichhane,Mujeeb Ur Rahman,I Udana,0,0,,,,,,run out,Mujeeb Ur Rahman,,
1160583,2018/19,2018-10-14,Sharjah Cricket Stadium,1,19.6,Nangarhar Leopards,Paktia Panthers,Zahir Khan,S Lamichhane,I Udana,0,0,,,,,,caught,Zahir Khan,,
1160583,2018/19,2018-10-14,Sharjah Cricket Stadium,2,0.1,Paktia Panthers,Nangarhar Leopards,Mohammad Shahzad,Ihsanullah,Mujeeb Ur Rahman,0,0,,,,,,,,,
1160583,2018/19,2018-10-14,Sharjah Cricket Stadium,2,0.2,Paktia Panthers,Nangarhar Leopards,Mohammad Shahzad,Ihsanullah,Mujeeb Ur Rahman,6,0,,,,,,,,,
1160583,2018/19,2018-10-14,Sharjah Cricket Stadium,2,0.3,Paktia Panthers,Nangarhar Leopards,Mohammad Shahzad,Ihsanullah,Mujeeb Ur Rahman,0,0,,,,,,,,,
1160583,2018/19,2018-10-14,Sharjah Cricket Stadium,2,0.4,Paktia Panthers,Nangarhar Leopards,Mohammad Shahzad,Ihsanullah,Mujeeb Ur Rahman,0,0,,,,,,,,,
1160583,2018/19,2018-10-14,Sharjah Cricket Stadium,2,0.5,Paktia Panthers,Nangarhar Leopards,Mohammad Shahzad,Ihsanullah,Mujeeb Ur Rahman,0,0,,,,,,,,,
1160583,2018/19,2018-10-14,Sharjah Cricket Stadium,2,0.6,Paktia Panthers,Nangarhar Leopards,Mohammad Shahzad,Ihsanullah,Mujeeb Ur Rahman,1,0,,,,,,,,,
1160583,2018/19,2018-10-14,Sharjah Cricket Stadium,2,1.1,Paktia Panthers,Nangarhar Leopards,Mohammad Shahzad,Ihsanullah,Naveen-ul-Haq,4,0,,,,,,,,,
1160583,2018/19,2018-10-14,Sharjah Cricket Stadium,2,1.2,Paktia Panthers,Nangarhar Leopards,Mohammad Shahzad,Ihsanullah,Naveen-ul-Haq,0,0,,,,,,,,,
1160583,2018/19,2018-10-14,Sharjah Cricket Stadium,2,1.3,Paktia Panthers,Nangarhar Leopards,Mohammad Shahzad,Ihsanullah,Naveen-ul-Haq,0,0,,,,,,,,,
1160583,2018/19,2018-10-14,Sharjah Cricket Stadium,2,1.4,Paktia Panthers,Nangarhar Leopards,Mohammad Shahzad,Ihsanullah,Naveen-ul-Haq,1,0,,,,,,,,,
1160583,2018/19,2018-10-14,Sharjah Cricket Stadium,2,1.5,Paktia Panthers,Nangarhar Leopards,Ihsanullah,Mohammad Shahzad,Naveen-ul-Haq,1,0,,,,,,,,,
1160583,2018/19,2018-10-14,Sharjah Cricket Stadium,2,1.6,Paktia Panthers,Nangarhar Leopards,Mohammad Shahzad,Ihsanullah,Naveen-ul-Haq,1,0,,,,,,,,,
1160583,2018/19,2018-10-14,Sharjah Cricket Stadium,2,2.1,Paktia Panthers,Nangarhar Leopards,Mohammad Shahzad,Ihsanullah,Mujeeb Ur Rahman,0,0,,,,,,,,,
1160583,2018/19,2018-10-14,Sharjah Cricket Stadium,2,2.2,Paktia Panthers,Nangarhar Leopards,Mohammad Shahzad,Ihsanullah,Mujeeb Ur Rahman,6,0,,,,,,,,,
1160583,2018/19,2018-10-14,Sharjah Cricket Stadium,2,2.3,Paktia Panthers,Nangarhar Leopards,Mohammad Shahzad,Ihsanullah,Mujeeb Ur Rahman,4,0,,,,,,,,,
1160583,2018/19,2018-10-14,Sharjah Cricket Stadium,2,2.4,Paktia Panthers,Nangarhar Leopards,Mohammad Shahzad,Ihsanullah,Mujeeb Ur Rahman,1,0,,,,,,,,,
1160583,2018/19,2018-10-14,Sharjah Cricket Stadium,2,2.5,Paktia Panthers,Nangarhar Leopards,Ihsanullah,Mohammad Shahzad,Mujeeb Ur Rahman,0,0,,,,,,,,,
1160583,2018/19,2018-10-14,Sharjah Cricket Stadium,2,2.6,Paktia Panthers,Nangarhar Leopards,Ihsanullah,Mohammad Shahzad,Mujeeb Ur Rahman,1,0,,,,,,,,,
1160583,2018/19,2018-10-14,Sharjah Cricket Stadium,2,3.1,Paktia Panthers,Nangarhar Leopards,Ihsanullah,Mohammad Shahzad,S Lamichhane,2,0,,,,,,,,,
1160583,2018/19,2018-10-14,Sharjah Cricket Stadium,2,3.2,Paktia Panthers,Nangarhar Leopards,Ihsanullah,Mohammad Shahzad,S Lamichhane,4,0,,,,,,,,,
1160583,2018/19,2018-10-14,Sharjah Cricket Stadium,2,3.3,Paktia Panthers,Nangarhar Leopards,Ihsanullah,Mohammad Shahzad,S Lamichhane,4,0,,,,,,,,,
1160583,2018/19,2018-10-14,Sharjah Cricket Stadium,2,3.4,Paktia Panthers,Nangarhar Leopards,Ihsanullah,Mohammad Shahzad,S Lamichhane,1,0,,,,,,,,,
1160583,2018/19,2018-10-14,Sharjah Cricket Stadium,2,3.5,Paktia Panthers,Nangarhar Leopards,Mohammad Shahzad,Ihsanullah,S Lamichhane,1,0,,,,,,,,,
1160583,2018/19,2018-10-14,Sharjah Cricket Stadium,2,3.6,Paktia Panthers,Nangarhar Leopards,Ihsanullah,Mohammad Shahzad,S Lamichhane,6,0,,,,,,,,,
1160583,2018/19,2018-10-14,Sharjah Cricket Stadium,2,4.1,Paktia Panthers,Nangarhar Leopards,Mohammad Shahzad,Ihsanullah,Naveen-ul-Haq,4,0,,,,,,,,,
1160583,2018/19,2018-10-14,Sharjah Cricket Stadium,2,4.2,Paktia Panthers,Nangarhar Leopards,Mohammad Shahzad,Ihsanullah,Naveen-ul-Haq,0,0,,,,,,,,,
1160583,2018/19,2018-10-14,Sharjah Cricket Stadium,2,4.3,Paktia Panthers,Nangarhar Leopards,Mohammad Shahzad,Ihsanullah,Naveen-ul-Haq,1,0,,,,,,,,,
1160583,2018/19,2018-10-14,Sharjah Cricket Stadium,2,4.4,Paktia Panthers,Nangarhar Leopards,Ihsanullah,Mohammad Shahzad,Naveen-ul-Haq,1,0,,,,,,,,,
1160583,2018/19,2018-10-14,Sharjah Cricket Stadium,2,4.5,Paktia Panthers,Nangarhar Leopards,Mohammad Shahzad,Ihsanullah,Naveen-ul-Haq,6,0,,,,,,,,,
1160583,2018/19,2018-10-14,Sharjah Cricket Stadium,2,4.6,Paktia Panthers,Nangarhar Leopards,Mohammad Shahzad,Ihsanullah,Naveen-ul-Haq,6,0,,,,,,,,,
1160583,2018/19,2018-10-14,Sharjah Cricket Stadium,2,5.1,Paktia Panthers,Nangarhar Leopards,Ihsanullah,Mohammad Shahzad,Mujeeb Ur Rahman,1,0,,,,,,,,,
1160583,2018/19,2018-10-14,Sharjah Cricket Stadium,2,5.2,Paktia Panthers,Nangarhar Leopards,Mohammad Shahzad,Ihsanullah,Mujeeb Ur Rahman,1,0,,,,,,,,,
1160583,2018/19,2018-10-14,Sharjah Cricket Stadium,2,5.3,Paktia Panthers,Nangarhar Leopards,Ihsanullah,Mohammad Shahzad,Mujeeb Ur Rahman,0,0,,,,,,,,,
1160583,2018/19,2018-10-14,Sharjah Cricket Stadium,2,5.4,Paktia Panthers,Nangarhar Leopards,Ihsanullah,Mohammad Shahzad,Mujeeb Ur Rahman,4,0,,,,,,,,,
1160583,2018/19,2018-10-14,Sharjah Cricket Stadium,2,5.5,Paktia Panthers,Nangarhar Leopards,Ihsanullah,Mohammad Shahzad,Mujeeb Ur Rahman,0,0,,,,,,,,,
1160583,2018/19,2018-10-14,Sharjah Cricket Stadium,2,5.6,Paktia Panthers,Nangarhar Leopards,Ihsanullah,Mohammad Shahzad,Mujeeb Ur Rahman,0,0,,,,,,caught,Ihsanullah,,
1160583,2018/19,2018-10-14,Sharjah Cricket Stadium,2,6.1,Paktia Panthers,Nangarhar Leopards,CS Delport,Mohammad Shahzad,Zahir Khan,1,0,,,,,,,,,
1160583,2018/19,2018-10-14,Sharjah Cricket Stadium,2,6.2,Paktia Panthers,Nangarhar Leopards,Mohammad Shahzad,CS Delport,Zahir Khan,6,0,,,,,,,,,
1160583,2018/19,2018-10-14,Sharjah Cricket Stadium,2,6.3,Paktia Panthers,Nangarhar Leopards,Mohammad Shahzad,CS Delport,Zahir Khan,6,0,,,,,,,,,
1160583,2018/19,2018-10-14,Sharjah Cricket Stadium,2,6.4,Paktia Panthers,Nangarhar Leopards,Mohammad Shahzad,CS Delport,Zahir Khan,1,0,,,,,,,,,
1160583,2018/19,2018-10-14,Sharjah Cricket Stadium,2,6.5,Paktia Panthers,Nangarhar Leopards,CS Delport,Mohammad Shahzad,Zahir Khan,0,0,,,,,,,,,
1160583,2018/19,2018-10-14,Sharjah Cricket Stadium,2,6.6,Paktia Panthers,Nangarhar Leopards,CS Delport,Mohammad Shahzad,Zahir Khan,1,0,,,,,,,,,
1160583,2018/19,2018-10-14,Sharjah Cricket Stadium,2,7.1,Paktia Panthers,Nangarhar Leopards,CS Delport,Mohammad Shahzad,S Lamichhane,0,0,,,,,,,,,
1160583,2018/19,2018-10-14,Sharjah Cricket Stadium,2,7.2,Paktia Panthers,Nangarhar Leopards,CS Delport,Mohammad Shahzad,S Lamichhane,0,0,,,,,,,,,
1160583,2018/19,2018-10-14,Sharjah Cricket Stadium,2,7.3,Paktia Panthers,Nangarhar Leopards,CS Delport,Mohammad Shahzad,S Lamichhane,0,0,,,,,,,,,
1160583,2018/19,2018-10-14,Sharjah Cricket Stadium,2,7.4,Paktia Panthers,Nangarhar Leopards,CS Delport,Mohammad Shahzad,S Lamichhane,1,0,,,,,,,,,
1160583,2018/19,2018-10-14,Sharjah Cricket Stadium,2,7.5,Paktia Panthers,Nangarhar Leopards,Mohammad Shahzad,CS Delport,S Lamichhane,0,0,,,,,,,,,
1160583,2018/19,2018-10-14,Sharjah Cricket Stadium,2,7.6,Paktia Panthers,Nangarhar Leopards,Mohammad Shahzad,CS Delport,S Lamichhane,0,0,,,,,,,,,
1160583,2018/19,2018-10-14,Sharjah Cricket Stadium,2,8.1,Paktia Panthers,Nangarhar Leopards,CS Delport,Mohammad Shahzad,Zahir Khan,1,0,,,,,,,,,
1160583,2018/19,2018-10-14,Sharjah Cricket Stadium,2,8.2,Paktia Panthers,Nangarhar Leopards,Mohammad Shahzad,CS Delport,Zahir Khan,1,0,,,,,,,,,
1160583,2018/19,2018-10-14,Sharjah Cricket Stadium,2,8.3,Paktia Panthers,Nangarhar Leopards,CS Delport,Mohammad Shahzad,Zahir Khan,0,0,,,,,,,,,
1160583,2018/19,2018-10-14,Sharjah Cricket Stadium,2,8.4,Paktia Panthers,Nangarhar Leopards,CS Delport,Mohammad Shahzad,Zahir Khan,1,0,,,,,,,,,
1160583,2018/19,2018-10-14,Sharjah Cricket Stadium,2,8.5,Paktia Panthers,Nangarhar Leopards,Mohammad Shahzad,CS Delport,Zahir Khan,0,0,,,,,,,,,
1160583,2018/19,2018-10-14,Sharjah Cricket Stadium,2,8.6,Paktia Panthers,Nangarhar Leopards,Mohammad Shahzad,CS Delport,Zahir Khan,0,0,,,,,,,,,
1160583,2018/19,2018-10-14,Sharjah Cricket Stadium,2,9.1,Paktia Panthers,Nangarhar Leopards,CS Delport,Mohammad Shahzad,S Lamichhane,1,0,,,,,,,,,
1160583,2018/19,2018-10-14,Sharjah Cricket Stadium,2,9.2,Paktia Panthers,Nangarhar Leopards,Mohammad Shahzad,CS Delport,S Lamichhane,1,0,,,,,,,,,
1160583,2018/19,2018-10-14,Sharjah Cricket Stadium,2,9.3,Paktia Panthers,Nangarhar Leopards,CS Delport,Mohammad Shahzad,S Lamichhane,0,0,,,,,,,,,
1160583,2018/19,2018-10-14,Sharjah Cricket Stadium,2,9.4,Paktia Panthers,Nangarhar Leopards,CS Delport,Mohammad Shahzad,S Lamichhane,0,0,,,,,,caught,CS Delport,,
1160583,2018/19,2018-10-14,Sharjah Cricket Stadium,2,9.5,Paktia Panthers,Nangarhar Leopards,Sikandar Raza,Mohammad Shahzad,S Lamichhane,0,0,,,,,,,,,
1160583,2018/19,2018-10-14,Sharjah Cricket Stadium,2,9.6,Paktia Panthers,Nangarhar Leopards,Sikandar Raza,Mohammad Shahzad,S Lamichhane,0,0,,,,,,bowled,Sikandar Raza,,
1160583,2018/19,2018-10-14,Sharjah Cricket Stadium,2,10.1,Paktia Panthers,Nangarhar Leopards,Mohammad Shahzad,Samiullah Shenwari,Zahir Khan,6,0,,,,,,,,,
1160583,2018/19,2018-10-14,Sharjah Cricket Stadium,2,10.2,Paktia Panthers,Nangarhar Leopards,Mohammad Shahzad,Samiullah Shenwari,Zahir Khan,1,1,,1,,,,,,,
1160583,2018/19,2018-10-14,Sharjah Cricket Stadium,2,10.3,Paktia Panthers,Nangarhar Leopards,Samiullah Shenwari,Mohammad Shahzad,Zahir Khan,2,0,,,,,,,,,
1160583,2018/19,2018-10-14,Sharjah Cricket Stadium,2,10.4,Paktia Panthers,Nangarhar Leopards,Samiullah Shenwari,Mohammad Shahzad,Zahir Khan,1,0,,,,,,,,,
1160583,2018/19,2018-10-14,Sharjah Cricket Stadium,2,10.5,Paktia Panthers,Nangarhar Leopards,Mohammad Shahzad,Samiullah Shenwari,Zahir Khan,0,0,,,,,,,,,
1160583,2018/19,2018-10-14,Sharjah Cricket Stadium,2,10.6,Paktia Panthers,Nangarhar Leopards,Mohammad Shahzad,Samiullah Shenwari,Zahir Khan,0,0,,,,,,,,,
1160583,2018/19,2018-10-14,Sharjah Cricket Stadium,2,10.7,Paktia Panthers,Nangarhar Leopards,Mohammad Shahzad,Samiullah Shenwari,Zahir Khan,4,0,,,,,,,,,
1160583,2018/19,2018-10-14,Sharjah Cricket Stadium,2,11.1,Paktia Panthers,Nangarhar Leopards,Samiullah Shenwari,Mohammad Shahzad,S Lamichhane,1,0,,,,,,,,,
1160583,2018/19,2018-10-14,Sharjah Cricket Stadium,2,11.2,Paktia Panthers,Nangarhar Leopards,Mohammad Shahzad,Samiullah Shenwari,S Lamichhane,1,0,,,,,,,,,
1160583,2018/19,2018-10-14,Sharjah Cricket Stadium,2,11.3,Paktia Panthers,Nangarhar Leopards,Samiullah Shenwari,Mohammad Shahzad,S Lamichhane,0,0,,,,,,,,,
1160583,2018/19,2018-10-14,Sharjah Cricket Stadium,2,11.4,Paktia Panthers,Nangarhar Leopards,Samiullah Shenwari,Mohammad Shahzad,S Lamichhane,0,0,,,,,,,,,
1160583,2018/19,2018-10-14,Sharjah Cricket Stadium,2,11.5,Paktia Panthers,Nangarhar Leopards,Samiullah Shenwari,Mohammad Shahzad,S Lamichhane,0,0,,,,,,,,,
1160583,2018/19,2018-10-14,Sharjah Cricket Stadium,2,11.6,Paktia Panthers,Nangarhar Leopards,Samiullah Shenwari,Mohammad Shahzad,S Lamichhane,0,0,,,,,,,,,
1160583,2018/19,2018-10-14,Sharjah Cricket Stadium,2,12.1,Paktia Panthers,Nangarhar Leopards,Mohammad Shahzad,Samiullah Shenwari,Rahmat Shah,0,0,,,,,,,,,
1160583,2018/19,2018-10-14,Sharjah Cricket Stadium,2,12.2,Paktia Panthers,Nangarhar Leopards,Mohammad Shahzad,Samiullah Shenwari,Rahmat Shah,1,0,,,,,,,,,
1160583,2018/19,2018-10-14,Sharjah Cricket Stadium,2,12.3,Paktia Panthers,Nangarhar Leopards,Samiullah Shenwari,Mohammad Shahzad,Rahmat Shah,6,0,,,,,,,,,
1160583,2018/19,2018-10-14,Sharjah Cricket Stadium,2,12.4,Paktia Panthers,Nangarhar Leopards,Samiullah Shenwari,Mohammad Shahzad,Rahmat Shah,0,0,,,,,,,,,
1160583,2018/19,2018-10-14,Sharjah Cricket Stadium,2,12.5,Paktia Panthers,Nangarhar Leopards,Samiullah Shenwari,Mohammad Shahzad,Rahmat Shah,1,0,,,,,,,,,
1160583,2018/19,2018-10-14,Sharjah Cricket Stadium,2,12.6,Paktia Panthers,Nangarhar Leopards,Mohammad Shahzad,Samiullah Shenwari,Rahmat Shah,0,0,,,,,,,,,
1160583,2018/19,2018-10-14,Sharjah Cricket Stadium,2,13.1,Paktia Panthers,Nangarhar Leopards,Samiullah Shenwari,Mohammad Shahzad,Mujeeb Ur Rahman,0,0,,,,,,,,,
1160583,2018/19,2018-10-14,Sharjah Cricket Stadium,2,13.2,Paktia Panthers,Nangarhar Leopards,Samiullah Shenwari,Mohammad Shahzad,Mujeeb Ur Rahman,0,0,,,,,,,,,
1160583,2018/19,2018-10-14,Sharjah Cricket Stadium,2,13.3,Paktia Panthers,Nangarhar Leopards,Samiullah Shenwari,Mohammad Shahzad,Mujeeb Ur Rahman,0,0,,,,,,,,,
1160583,2018/19,2018-10-14,Sharjah Cricket Stadium,2,13.4,Paktia Panthers,Nangarhar Leopards,Samiullah Shenwari,Mohammad Shahzad,Mujeeb Ur Rahman,0,0,,,,,,,,,
1160583,2018/19,2018-10-14,Sharjah Cricket Stadium,2,13.5,Paktia Panthers,Nangarhar Leopards,Samiullah Shenwari,Mohammad Shahzad,Mujeeb Ur Rahman,1,0,,,,,,,,,
1160583,2018/19,2018-10-14,Sharjah Cricket Stadium,2,13.6,Paktia Panthers,Nangarhar Leopards,Mohammad Shahzad,Samiullah Shenwari,Mujeeb Ur Rahman,6,0,,,,,,,,,
1160583,2018/19,2018-10-14,Sharjah Cricket Stadium,2,14.1,Paktia Panthers,Nangarhar Leopards,Samiullah Shenwari,Mohammad Shahzad,Rahmat Shah,1,0,,,,,,,,,
1160583,2018/19,2018-10-14,Sharjah Cricket Stadium,2,14.2,Paktia Panthers,Nangarhar Leopards,Mohammad Shahzad,Samiullah Shenwari,Rahmat Shah,0,0,,,,,,,,,
1160583,2018/19,2018-10-14,Sharjah Cricket Stadium,2,14.3,Paktia Panthers,Nangarhar Leopards,Mohammad Shahzad,Samiullah Shenwari,Rahmat Shah,1,0,,,,,,,,,
1160583,2018/19,2018-10-14,Sharjah Cricket Stadium,2,14.4,Paktia Panthers,Nangarhar Leopards,Samiullah Shenwari,Mohammad Shahzad,Rahmat Shah,6,0,,,,,,,,,
