match_id,season,start_date,venue,innings,ball,batting_team,bowling_team,striker,non_striker,bowler,runs_off_bat,extras,wides,noballs,byes,legbyes,penalty,wicket_type,player_dismissed,other_wicket_type,other_player_dismissed
1160575,2018/19,2018-10-10,Sharjah Cricket Stadium,1,0.1,Paktia Panthers,Balkh Legends,Mohammad Shahzad,Ihsanullah,Mohammad Nabi,0,0,,,,,,,,,
1160575,2018/19,2018-10-10,Sharjah Cricket Stadium,1,0.2,Paktia Panthers,Balkh Legends,Mohammad Shahzad,Ihsanullah,Mohammad Nabi,1,0,,,,,,,,,
1160575,2018/19,2018-10-10,Sharjah Cricket Stadium,1,0.3,Paktia Panthers,Balkh Legends,Ihsanullah,Mohammad Shahzad,Mohammad Nabi,0,0,,,,,,,,,
1160575,2018/19,2018-10-10,Sharjah Cricket Stadium,1,0.4,Paktia Panthers,Balkh Legends,Ihsanullah,Mohammad Shahzad,Mohammad Nabi,4,0,,,,,,,,,
1160575,2018/19,2018-10-10,Sharjah Cricket Stadium,1,0.5,Paktia Panthers,Balkh Legends,Ihsanullah,Mohammad Shahzad,Mohammad Nabi,0,0,,,,,,,,,
1160575,2018/19,2018-10-10,Sharjah Cricket Stadium,1,0.6,Paktia Panthers,Balkh Legends,Ihsanullah,Mohammad Shahzad,Mohammad Nabi,0,0,,,,,,,,,
1160575,2018/19,2018-10-10,Sharjah Cricket Stadium,1,1.1,Paktia Panthers,Balkh Legends,Mohammad Shahzad,Ihsanullah,Aftab Alam,1,0,,,,,,,,,
1160575,2018/19,2018-10-10,Sharjah Cricket Stadium,1,1.2,Paktia Panthers,Balkh Legends,Ihsanullah,Mohammad Shahzad,Aftab Alam,4,0,,,,,,,,,
1160575,2018/19,2018-10-10,Sharjah Cricket Stadium,1,1.3,Paktia Panthers,Balkh Legends,Ihsanullah,Mohammad Shahzad,Aftab Alam,0,0,,,,,,,,,
1160575,2018/19,2018-10-10,Sharjah Cricket Stadium,1,1.4,Paktia Panthers,Balkh Legends,Ihsanullah,Mohammad Shahzad,Aftab Alam,1,0,,,,,,,,,
1160575,2018/19,2018-10-10,Sharjah Cricket Stadium,1,1.5,Paktia Panthers,Balkh Legends,Mohammad Shahzad,Ihsanullah,Aftab Alam,6,0,,,,,,,,,
1160575,2018/19,2018-10-10,Sharjah Cricket Stadium,1,1.6,Paktia Panthers,Balkh Legends,Mohammad Shahzad,Ihsanullah,Aftab Alam,0,0,,,,,,,,,
1160575,2018/19,2018-10-10,Sharjah Cricket Stadium,1,2.1,Paktia Panthers,Balkh Legends,Ihsanullah,Mohammad Shahzad,Mohammad Nabi,0,0,,,,,,,,,
1160575,2018/19,2018-10-10,Sharjah Cricket Stadium,1,2.2,Paktia Panthers,Balkh Legends,Ihsanullah,Mohammad Shahzad,Mohammad Nabi,1,0,,,,,,,,,
1160575,2018/19,2018-10-10,Sharjah Cricket Stadium,1,2.3,Paktia Panthers,Balkh Legends,Mohammad Shahzad,Ihsanullah,Mohammad Nabi,0,0,,,,,,,,,
1160575,2018/19,2018-10-10,Sharjah Cricket Stadium,1,2.4,Paktia Panthers,Balkh Legends,Mohammad Shahzad,Ihsanullah,Mohammad Nabi,0,0,,,,,,,,,
1160575,2018/19,2018-10-10,Sharjah Cricket Stadium,1,2.5,Paktia Panthers,Balkh Legends,Mohammad Shahzad,Ihsanullah,Mohammad Nabi,6,0,,,,,,,,,
1160575,2018/19,2018-10-10,Sharjah Cricket Stadium,1,2.6,Paktia Panthers,Balkh Legends,Mohammad Shahzad,Ihsanullah,Mohammad Nabi,1,0,,,,,,,,,
1160575,2018/19,2018-10-10,Sharjah Cricket Stadium,1,3.1,Paktia Panthers,Balkh Legends,Mohammad Shahzad,Ihsanullah,Aftab Alam,0,0,,,,,,,,,
1160575,2018/19,2018-10-10,Sharjah Cricket Stadium,1,3.2,Paktia Panthers,Balkh Legends,Mohammad Shahzad,Ihsanullah,Aftab Alam,0,0,,,,,,,,,
1160575,2018/19,2018-10-10,Sharjah Cricket Stadium,1,3.3,Paktia Panthers,Balkh Legends,Mohammad Shahzad,Ihsanullah,Aftab Alam,4,0,,,,,,,,,
1160575,2018/19,2018-10-10,Sharjah Cricket Stadium,1,3.4,Paktia Panthers,Balkh Legends,Mohammad Shahzad,Ihsanullah,Aftab Alam,6,0,,,,,,,,,
1160575,2018/19,2018-10-10,Sharjah Cricket Stadium,1,3.5,Paktia Panthers,Balkh Legends,Mohammad Shahzad,Ihsanullah,Aftab Alam,1,0,,,,,,,,,
1160575,2018/19,2018-10-10,Sharjah Cricket Stadium,1,3.6,Paktia Panthers,Balkh Legends,Ihsanullah,Mohammad Shahzad,Aftab Alam,4,0,,,,,,,,,
1160575,2018/19,2018-10-10,Sharjah Cricket Stadium,1,4.1,Paktia Panthers,Balkh Legends,Mohammad Shahzad,Ihsanullah,Mirwais Ashraf,0,1,,,,1,,,,,
1160575,2018/19,2018-10-10,Sharjah Cricket Stadium,1,4.2,Paktia Panthers,Balkh Legends,Ihsanullah,Mohammad Shahzad,Mirwais Ashraf,0,0,,,,,,,,,
1160575,2018/19,2018-10-10,Sharjah Cricket Stadium,1,4.3,Paktia Panthers,Balkh Legends,Ihsanullah,Mohammad Shahzad,Mirwais Ashraf,1,0,,,,,,,,,
1160575,2018/19,2018-10-10,Sharjah Cricket Stadium,1,4.4,Paktia Panthers,Balkh Legends,Mohammad Shahzad,Ihsanullah,Mirwais Ashraf,6,0,,,,,,,,,
1160575,2018/19,2018-10-10,Sharjah Cricket Stadium,1,4.5,Paktia Panthers,Balkh Legends,Mohammad Shahzad,Ihsanullah,Mirwais Ashraf,4,0,,,,,,,,,
1160575,2018/19,2018-10-10,Sharjah Cricket Stadium,1,4.6,Paktia Panthers,Balkh Legends,Mohammad Shahzad,Ihsanullah,Mirwais Ashraf,0,0,,,,,,,,,
1160575,2018/19,2018-10-10,Sharjah Cricket Stadium,1,5.1,Paktia Panthers,Balkh Legends,Ihsanullah,Mohammad Shahzad,Gulbadin Naib,0,0,,,,,,,,,
1160575,2018/19,2018-10-10,Sharjah Cricket Stadium,1,5.2,Paktia Panthers,Balkh Legends,Ihsanullah,Mohammad Shahzad,Gulbadin Naib,1,0,,,,,,,,,
1160575,2018/19,2018-10-10,Sharjah Cricket Stadium,1,5.3,Paktia Panthers,Balkh Legends,Mohammad Shahzad,Ihsanullah,Gulbadin Naib,6,0,,,,,,,,,
1160575,2018/19,2018-10-10,Sharjah Cricket Stadium,1,5.4,Paktia Panthers,Balkh Legends,Mohammad Shahzad,Ihsanullah,Gulbadin Naib,0,0,,,,,,,,,
1160575,2018/19,2018-10-10,Sharjah Cricket Stadium,1,5.5,Paktia Panthers,Balkh Legends,Mohammad Shahzad,Ihsanullah,Gulbadin Naib,0,0,,,,,,caught and bowled,Mohammad Shahzad,,
1160575,2018/19,2018-10-10,Sharjah Cricket Stadium,1,5.6,Paktia Panthers,Balkh Legends,CS Delport,Ihsanullah,Gulbadin Naib,1,0,,,,,,,,,
1160575,2018/19,2018-10-10,Sharjah Cricket Stadium,1,6.1,Paktia Panthers,Balkh Legends,CS Delport,Ihsanullah,Qais Ahmad,1,0,,,,,,,,,
1160575,2018/19,2018-10-10,Sharjah Cricket Stadium,1,6.2,Paktia Panthers,Balkh Legends,Ihsanullah,CS Delport,Qais Ahmad,0,0,,,,,,,,,
1160575,2018/19,2018-10-10,Sharjah Cricket Stadium,1,6.3,Paktia Panthers,Balkh Legends,Ihsanullah,CS Delport,Qais Ahmad,4,0,,,,,,,,,
1160575,2018/19,2018-10-10,Sharjah Cricket Stadium,1,6.4,Paktia Panthers,Balkh Legends,Ihsanullah,CS Delport,Qais Ahmad,0,1,1,,,,,,,,
1160575,2018/19,2018-10-10,Sharjah Cricket Stadium,1,6.5,Paktia Panthers,Balkh Legends,Ihsanullah,CS Delport,Qais Ahmad,1,0,,,,,,,,,
1160575,2018/19,2018-10-10,Sharjah Cricket Stadium,1,6.6,Paktia Panthers,Balkh Legends,CS Delport,Ihsanullah,Qais Ahmad,1,0,,,,,,,,,
1160575,2018/19,2018-10-10,Sharjah Cricket Stadium,1,6.7,Paktia Panthers,Balkh Legends,Ihsanullah,CS Delport,Qais Ahmad,0,0,,,,,,,,,
1160575,2018/19,2018-10-10,Sharjah Cricket Stadium,1,7.1,Paktia Panthers,Balkh Legends,CS Delport,Ihsanullah,Mohammad Nabi,0,0,,,,,,,,,
1160575,2018/19,2018-10-10,Sharjah Cricket Stadium,1,7.2,Paktia Panthers,Balkh Legends,CS Delport,Ihsanullah,Mohammad Nabi,2,0,,,,,,,,,
1160575,2018/19,2018-10-10,Sharjah Cricket Stadium,1,7.3,Paktia Panthers,Balkh Legends,CS Delport,Ihsanullah,Mohammad Nabi,1,0,,,,,,,,,
1160575,2018/19,2018-10-10,Sharjah Cricket Stadium,1,7.4,Paktia Panthers,Balkh Legends,Ihsanullah,CS Delport,Mohammad Nabi,1,0,,,,,,,,,
1160575,2018/19,2018-10-10,Sharjah Cricket Stadium,1,7.5,Paktia Panthers,Balkh Legends,CS Delport,Ihsanullah,Mohammad Nabi,1,0,,,,,,,,,
1160575,2018/19,2018-10-10,Sharjah Cricket Stadium,1,7.6,Paktia Panthers,Balkh Legends,Ihsanullah,CS Delport,Mohammad Nabi,6,0,,,,,,,,,
1160575,2018/19,2018-10-10,Sharjah Cricket Stadium,1,8.1,Paktia Panthers,Balkh Legends,CS Delport,Ihsanullah,Qais Ahmad,0,0,,,,,,,,,
1160575,2018/19,2018-10-10,Sharjah Cricket Stadium,1,8.2,Paktia Panthers,Balkh Legends,CS Delport,Ihsanullah,Qais Ahmad,1,0,,,,,,,,,
1160575,2018/19,2018-10-10,Sharjah Cricket Stadium,1,8.3,Paktia Panthers,Balkh Legends,Ihsanullah,CS Delport,Qais Ahmad,1,0,,,,,,,,,
1160575,2018/19,2018-10-10,Sharjah Cricket Stadium,1,8.4,Paktia Panthers,Balkh Legends,CS Delport,Ihsanullah,Qais Ahmad,1,0,,,,,,,,,
1160575,2018/19,2018-10-10,Sharjah Cricket Stadium,1,8.5,Paktia Panthers,Balkh Legends,Ihsanullah,CS Delport,Qais Ahmad,4,0,,,,,,,,,
1160575,2018/19,2018-10-10,Sharjah Cricket Stadium,1,8.6,Paktia Panthers,Balkh Legends,Ihsanullah,CS Delport,Qais Ahmad,6,0,,,,,,,,,
1160575,2018/19,2018-10-10,Sharjah Cricket Stadium,1,9.1,Paktia Panthers,Balkh Legends,CS Delport,Ihsanullah,Gulbadin Naib,1,0,,,,,,,,,
1160575,2018/19,2018-10-10,Sharjah Cricket Stadium,1,9.2,Paktia Panthers,Balkh Legends,Ihsanullah,CS Delport,Gulbadin Naib,1,0,,,,,,,,,
1160575,2018/19,2018-10-10,Sharjah Cricket Stadium,1,9.3,Paktia Panthers,Balkh Legends,CS Delport,Ihsanullah,Gulbadin Naib,0,0,,,,,,,,,
1160575,2018/19,2018-10-10,Sharjah Cricket Stadium,1,9.4,Paktia Panthers,Balkh Legends,CS Delport,Ihsanullah,Gulbadin Naib,1,0,,,,,,,,,
1160575,2018/19,2018-10-10,Sharjah Cricket Stadium,1,9.5,Paktia Panthers,Balkh Legends,Ihsanullah,CS Delport,Gulbadin Naib,0,0,,,,,,,,,
1160575,2018/19,2018-10-10,Sharjah Cricket Stadium,1,9.6,Paktia Panthers,Balkh Legends,Ihsanullah,CS Delport,Gulbadin Naib,6,0,,,,,,,,,
1160575,2018/19,2018-10-10,Sharjah Cricket Stadium,1,10.1,Paktia Panthers,Balkh Legends,CS Delport,Ihsanullah,Mirwais Ashraf,1,0,,,,,,,,,
1160575,2018/19,2018-10-10,Sharjah Cricket Stadium,1,10.2,Paktia Panthers,Balkh Legends,Ihsanullah,CS Delport,Mirwais Ashraf,1,0,,,,,,,,,
1160575,2018/19,2018-10-10,Sharjah Cricket Stadium,1,10.3,Paktia Panthers,Balkh Legends,CS Delport,Ihsanullah,Mirwais Ashraf,1,0,,,,,,,,,
1160575,2018/19,2018-10-10,Sharjah Cricket Stadium,1,10.4,Paktia Panthers,Balkh Legends,Ihsanullah,CS Delport,Mirwais Ashraf,0,0,,,,,,caught,Ihsanullah,,
1160575,2018/19,2018-10-10,Sharjah Cricket Stadium,1,10.5,Paktia Panthers,Balkh Legends,CS Delport,Samiullah Shenwari,Mirwais Ashraf,0,0,,,,,,,,,
1160575,2018/19,2018-10-10,Sharjah Cricket Stadium,1,10.6,Paktia Panthers,Balkh Legends,CS Delport,Samiullah Shenwari,Mirwais Ashraf,1,0,,,,,,,,,
1160575,2018/19,2018-10-10,Sharjah Cricket Stadium,1,11.1,Paktia Panthers,Balkh Legends,CS Delport,Samiullah Shenwari,Qais Ahmad,1,0,,,,,,,,,
1160575,2018/19,2018-10-10,Sharjah Cricket Stadium,1,11.2,Paktia Panthers,Balkh Legends,Samiullah Shenwari,CS Delport,Qais Ahmad,0,1,,,,1,,,,,
1160575,2018/19,2018-10-10,Sharjah Cricket Stadium,1,11.3,Paktia Panthers,Balkh Legends,CS Delport,Samiullah Shenwari,Qais Ahmad,1,0,,,,,,,,,
1160575,2018/19,2018-10-10,Sharjah Cricket Stadium,1,11.4,Paktia Panthers,Balkh Legends,Samiullah Shenwari,CS Delport,Qais Ahmad,0,0,,,,,,,,,
1160575,2018/19,2018-10-10,Sharjah Cricket Stadium,1,11.5,Paktia Panthers,Balkh Legends,Samiullah Shenwari,CS Delport,Qais Ahmad,1,0,,,,,,,,,
1160575,2018/19,2018-10-10,Sharjah Cricket Stadium,1,11.6,Paktia Panthers,Balkh Legends,CS Delport,Samiullah Shenwari,Qais Ahmad,0,0,,,,,,,,,
1160575,2018/19,2018-10-10,Sharjah Cricket Stadium,1,12.1,Paktia Panthers,Balkh Legends,Samiullah Shenwari,CS Delport,Mirwais Ashraf,1,0,,,,,,,,,
1160575,2018/19,2018-10-10,Sharjah Cricket Stadium,1,12.2,Paktia Panthers,Balkh Legends,CS Delport,Samiullah Shenwari,Mirwais Ashraf,1,0,,,,,,,,,
1160575,2018/19,2018-10-10,Sharjah Cricket Stadium,1,12.3,Paktia Panthers,Balkh Legends,Samiullah Shenwari,CS Delport,Mirwais Ashraf,6,0,,,,,,,,,
1160575,2018/19,2018-10-10,Sharjah Cricket Stadium,1,12.4,Paktia Panthers,Balkh Legends,Samiullah Shenwari,CS Delport,Mirwais Ashraf,1,0,,,,,,,,,
1160575,2018/19,2018-10-10,Sharjah Cricket Stadium,1,12.5,Paktia Panthers,Balkh Legends,CS Delport,Samiullah Shenwari,Mirwais Ashraf,1,0,,,,,,,,,
1160575,2018/19,2018-10-10,Sharjah Cricket Stadium,1,12.6,Paktia Panthers,Balkh Legends,Samiullah Shenwari,CS Delport,Mirwais Ashraf,0,0,,,,,,,,,
1160575,2018/19,2018-10-10,Sharjah Cricket Stadium,1,13.1,Paktia Panthers,Balkh Legends,CS Delport,Samiullah Shenwari,Qais Ahmad,1,0,,,,,,,,,
1160575,2018/19,2018-10-10,Sharjah Cricket Stadium,1,13.2,Paktia Panthers,Balkh Legends,Samiullah Shenwari,CS Delport,Qais Ahmad,1,0,,,,,,,,,
1160575,2018/19,2018-10-10,Sharjah Cricket Stadium,1,13.3,Paktia Panthers,Balkh Legends,CS Delport,Samiullah Shenwari,Qais Ahmad,1,0,,,,,,,,,
1160575,2018/19,2018-10-10,Sharjah Cricket Stadium,1,13.4,Paktia Panthers,Balkh Legends,Samiullah Shenwari,CS Delport,Qais Ahmad,6,0,,,,,,,,,
1160575,2018/19,2018-10-10,Sharjah Cricket Stadium,1,13.5,Paktia Panthers,Balkh Legends,Samiullah Shenwari,CS Delport,Qais Ahmad,1,0,,,,,,,,,
1160575,2018/19,2018-10-10,Sharjah Cricket Stadium,1,13.6,Paktia Panthers,Balkh Legends,CS Delport,Samiullah Shenwari,Qais Ahmad,1,0,,,,,,,,,
1160575,2018/19,2018-10-10,Sharjah Cricket Stadium,1,14.1,Paktia Panthers,Balkh Legends,CS Delport,Samiullah Shenwari,Gulbadin Naib,6,0,,,,,,,,,
1160575,2018/19,2018-10-10,Sharjah Cricket Stadium,1,14.2,Paktia Panthers,Balkh Legends,CS Delport,Samiullah Shenwari,Gulbadin Naib,0,0,,,,,,,,,
1160575,2018/19,2018-10-10,Sharjah Cricket Stadium,1,14.3,Paktia Panthers,Balkh Legends,CS Delport,Samiullah Shenwari,Gulbadin Naib,1,0,,,,,,,,,
1160575,2018/19,2018-10-10,Sharjah Cricket Stadium,1,14.4,Paktia Panthers,Balkh Legends,Samiullah Shenwari,CS Delport,Gulbadin Naib,0,0,,,,,,,,,
1160575,2018/19,2018-10-10,Sharjah Cricket Stadium,1,14.5,Paktia Panthers,Balkh Legends,Samiullah Shenwari,CS Delport,Gulbadin Naib,6,0,,,,,,,,,
1160575,2018/19,2018-10-10,Sharjah Cricket Stadium,1,14.6,Paktia Panthers,Balkh Legends,Samiullah Shenwari,CS Delport,Gulbadin Naib,1,0,,,,,,,,,
1160575,2018/19,2018-10-10,Sharjah Cricket Stadium,1,15.1,Paktia Panthers,Balkh Legends,Samiullah Shenwari,CS Delport,Mohammad Nabi,1,0,,,,,,,,,
1160575,2018/19,2018-10-10,Sharjah Cricket Stadium,1,15.2,Paktia Panthers,Balkh Legends,CS Delport,Samiullah Shenwari,Mohammad Nabi,6,0,,,,,,,,,
1160575,2018/19,2018-10-10,Sharjah Cricket Stadium,1,15.3,Paktia Panthers,Balkh Legends,CS Delport,Samiullah Shenwari,Mohammad Nabi,0,0,,,,,,,,,
1160575,2018/19,2018-10-10,Sharjah Cricket Stadium,1,15.4,Paktia Panthers,Balkh Legends,CS Delport,Samiullah Shenwari,Mohammad Nabi,0,0,,,,,,run out,Samiullah Shenwari,,
1160575,2018/19,2018-10-10,Sharjah Cricket Stadium,1,15.5,Paktia Panthers,Balkh Legends,Rahmanullah Gurbaz,CS Delport,Mohammad Nabi,0,0,,,,,,,,,
1160575,2018/19,2018-10-10,Sharjah Cricket Stadium,1,15.6,Paktia Panthers,Balkh Legends,Rahmanullah Gurbaz,CS Delport,Mohammad Nabi,6,0,,,,,,,,,
1160575,2018/19,2018-10-10,Sharjah Cricket Stadium,1,16.1,Paktia Panthers,Balkh Legends,CS Delport,Rahmanullah Gurbaz,Aftab Alam,0,0,,,,,,,,,
1160575,2018/19,2018-10-10,Sharjah Cricket Stadium,1,16.2,Paktia Panthers,Balkh Legends,CS Delport,Rahmanullah Gurbaz,Aftab Alam,4,0,,,,,,,,,
1160575,2018/19,2018-10-10,Sharjah Cricket Stadium,1,16.3,Paktia Panthers,Balkh Legends,CS Delport,Rahmanullah Gurbaz,Aftab Alam,0,0,,,,,,,,,
1160575,2018/19,2018-10-10,Sharjah Cricket Stadium,1,16.4,Paktia Panthers,Balkh Legends,CS Delport,Rahmanullah Gurbaz,Aftab Alam,1,0,,,,,,,,,
1160575,2018/19,2018-10-10,Sharjah Cricket Stadium,1,16.5,Paktia Panthers,Balkh Legends,Rahmanullah Gurbaz,CS Delport,Aftab Alam,1,0,,,,,,,,,
1160575,2018/19,2018-10-10,Sharjah Cricket Stadium,1,16.6,Paktia Panthers,Balkh Legends,CS Delport,Rahmanullah Gurbaz,Aftab Alam,1,0,,,,,,,,,
1160575,2018/19,2018-10-10,Sharjah Cricket Stadium,1,17.1,Paktia Panthers,Balkh Legends,CS Delport,Rahmanullah Gurbaz,Mirwais Ashraf,6,0,,,,,,,,,
1160575,2018/19,2018-10-10,Sharjah Cricket Stadium,1,17.2,Paktia Panthers,Balkh Legends,CS Delport,Rahmanullah Gurbaz,Mirwais Ashraf,1,0,,,,,,,,,
1160575,2018/19,2018-10-10,Sharjah Cricket Stadium,1,17.3,Paktia Panthers,Balkh Legends,Rahmanullah Gurbaz,CS Delport,Mirwais Ashraf,1,0,,,,,,,,,
1160575,2018/19,2018-10-10,Sharjah Cricket Stadium,1,17.4,Paktia Panthers,Balkh Legends,CS Delport,Rahmanullah Gurbaz,Mirwais Ashraf,6,0,,,,,,,,,
1160575,2018/19,2018-10-10,Sharjah Cricket Stadium,1,17.5,Paktia Panthers,Balkh Legends,CS Delport,Rahmanullah Gurbaz,Mirwais Ashraf,2,0,,,,,,,,,
1160575,2018/19,2018-10-10,Sharjah Cricket Stadium,1,17.6,Paktia Panthers,Balkh Legends,CS Delport,Rahmanullah Gurbaz,RS Bopara,1,0,,,,,,,,,
1160575,2018/19,2018-10-10,Sharjah Cricket Stadium,1,18.1,Paktia Panthers,Balkh Legends,CS Delport,Rahmanullah Gurbaz,Aftab Alam,0,0,,,,,,,,,
1160575,2018/19,2018-10-10,Sharjah Cricket Stadium,1,18.2,Paktia Panthers,Balkh Legends,CS Delport,Rahmanullah Gurbaz,Aftab Alam,0,0,,,,,,,,,
1160575,2018/19,2018-10-10,Sharjah Cricket Stadium,1,18.3,Paktia Panthers,Balkh Legends,CS Delport,Rahmanullah Gurbaz,Aftab Alam,1,0,,,,,,,,,
1160575,2018/19,2018-10-10,Sharjah Cricket Stadium,1,18.4,Paktia Panthers,Balkh Legends,Rahmanullah Gurbaz,CS Delport,Aftab Alam,4,0,,,,,,,,,
1160575,2018/19,2018-10-10,Sharjah Cricket Stadium,1,18.5,Paktia Panthers,Balkh Legends,Rahmanullah Gurbaz,CS Delport,Aftab Alam,2,0,,,,,,,,,
1160575,2018/19,2018-10-10,Sharjah Cricket Stadium,1,18.6,Paktia Panthers,Balkh Legends,Rahmanullah Gurbaz,CS Delport,Aftab Alam,1,0,,,,,,,,,
1160575,2018/19,2018-10-10,Sharjah Cricket Stadium,1,19.1,Paktia Panthers,Balkh Legends,Rahmanullah Gurbaz,CS Delport,Gulbadin Naib,0,0,,,,,,caught,Rahmanullah Gurbaz,,
1160575,2018/19,2018-10-10,Sharjah Cricket Stadium,1,19.2,Paktia Panthers,Balkh Legends,CS Delport,Shahid Afridi,Gulbadin Naib,0,0,,,,,,,,,
1160575,2018/19,2018-10-10,Sharjah Cricket Stadium,1,19.3,Paktia Panthers,Balkh Legends,CS Delport,Shahid Afridi,Gulbadin Naib,6,0,,,,,,,,,
1160575,2018/19,2018-10-10,Sharjah Cricket Stadium,1,19.4,Paktia Panthers,Balkh Legends,CS Delport,Shahid Afridi,Gulbadin Naib,1,0,,,,,,,,,
1160575,2018/19,2018-10-10,Sharjah Cricket Stadium,1,19.5,Paktia Panthers,Balkh Legends,Shahid Afridi,CS Delport,Gulbadin Naib,0,1,,1,,,,,,,
1160575,2018/19,2018-10-10,Sharjah Cricket Stadium,1,19.6,Paktia Panthers,Balkh Legends,Shahid Afridi,CS Delport,Gulbadin Naib,1,0,,,,,,,,,
1160575,2018/19,2018-10-10,Sharjah Cricket Stadium,1,19.7,Paktia Panthers,Balkh Legends,CS Delport,Shahid Afridi,Gulbadin Naib,6,0,,,,,,,,,
1160575,2018/19,2018-10-10,Sharjah Cricket Stadium,2,0.1,Balkh Legends,Paktia Panthers,CH Gayle,Usman Ghani,I Udana,0,1,1,,,,,,,,
1160575,2018/19,2018-10-10,Sharjah Cricket Stadium,2,0.2,Balkh Legends,Paktia Panthers,CH Gayle,Usman Ghani,I Udana,1,0,,,,,,,,,
1160575,2018/19,2018-10-10,Sharjah Cricket Stadium,2,0.3,Balkh Legends,Paktia Panthers,Usman Ghani,CH Gayle,I Udana,1,0,,,,,,,,,
1160575,2018/19,2018-10-10,Sharjah Cricket Stadium,2,0.4,Balkh Legends,Paktia Panthers,CH Gayle,Usman Ghani,I Udana,1,0,,,,,,,,,
1160575,2018/19,2018-10-10,Sharjah Cricket Stadium,2,0.5,Balkh Legends,Paktia Panthers,Usman Ghani,CH Gayle,I Udana,0,0,,,,,,,,,
1160575,2018/19,2018-10-10,Sharjah Cricket Stadium,2,0.6,Balkh Legends,Paktia Panthers,Usman Ghani,CH Gayle,I Udana,0,1,1,,,,,,,,
1160575,2018/19,2018-10-10,Sharjah Cricket Stadium,2,0.7,Balkh Legends,Paktia Panthers,Usman Ghani,CH Gayle,I Udana,4,0,,,,,,,,,
1160575,2018/19,2018-10-10,Sharjah Cricket Stadium,2,0.8,Balkh Legends,Paktia Panthers,Usman Ghani,CH Gayle,I Udana,0,0,,,,,,,,,
1160575,2018/19,2018-10-10,Sharjah Cricket Stadium,2,1.1,Balkh Legends,Paktia Panthers,CH Gayle,Usman Ghani,Ziaur Rahman,0,0,,,,,,,,,
1160575,2018/19,2018-10-10,Sharjah Cricket Stadium,2,1.2,Balkh Legends,Paktia Panthers,CH Gayle,Usman Ghani,Ziaur Rahman,1,0,,,,,,,,,
1160575,2018/19,2018-10-10,Sharjah Cricket Stadium,2,1.3,Balkh Legends,Paktia Panthers,Usman Ghani,CH Gayle,Ziaur Rahman,1,0,,,,,,,,,
1160575,2018/19,2018-10-10,Sharjah Cricket Stadium,2,1.4,Balkh Legends,Paktia Panthers,CH Gayle,Usman Ghani,Ziaur Rahman,1,0,,,,,,,,,
1160575,2018/19,2018-10-10,Sharjah Cricket Stadium,2,1.5,Balkh Legends,Paktia Panthers,Usman Ghani,CH Gayle,Ziaur Rahman,6,0,,,,,,,,,
1160575,2018/19,2018-10-10,Sharjah Cricket Stadium,2,1.6,Balkh Legends,Paktia Panthers,Usman Ghani,CH Gayle,Ziaur Rahman,4,0,,,,,,,,,
1160575,2018/19,2018-10-10,Sharjah Cricket Stadium,2,2.1,Balkh Legends,Paktia Panthers,CH Gayle,Usman Ghani,I Udana,6,0,,,,,,,,,
1160575,2018/19,2018-10-10,Sharjah Cricket Stadium,2,2.2,Balkh Legends,Paktia Panthers,CH Gayle,Usman Ghani,I Udana,6,0,,,,,,,,,
1160575,2018/19,2018-10-10,Sharjah Cricket Stadium,2,2.3,Balkh Legends,Paktia Panthers,CH Gayle,Usman Ghani,I Udana,4,0,,,,,,,,,
1160575,2018/19,2018-10-10,Sharjah Cricket Stadium,2,2.4,Balkh Legends,Paktia Panthers,CH Gayle,Usman Ghani,I Udana,0,0,,,,,,,,,
1160575,2018/19,2018-10-10,Sharjah Cricket Stadium,2,2.5,Balkh Legends,Paktia Panthers,CH Gayle,Usman Ghani,I Udana,0,0,,,,,,bowled,CH Gayle,,
1160575,2018/19,2018-10-10,Sharjah Cricket Stadium,2,2.6,Balkh Legends,Paktia Panthers,C Munro,Usman Ghani,I Udana,0,0,,,,,,,,,
1160575,2018/19,2018-10-10,Sharjah Cricket Stadium,2,3.1,Balkh Legends,Paktia Panthers,Usman Ghani,C Munro,Yamin Ahmadzai,0,0,,,,,,caught,Usman Ghani,,
1160575,2018/19,2018-10-10,Sharjah Cricket Stadium,2,3.2,Balkh Legends,Paktia Panthers,RN ten Doeschate,C Munro,Yamin Ahmadzai,1,0,,,,,,,,,
1160575,2018/19,2018-10-10,Sharjah Cricket Stadium,2,3.3,Balkh Legends,Paktia Panthers,C Munro,RN ten Doeschate,Yamin Ahmadzai,0,0,,,,,,,,,
1160575,2018/19,2018-10-10,Sharjah Cricket Stadium,2,3.4,Balkh Legends,Paktia Panthers,C Munro,RN ten Doeschate,Yamin Ahmadzai,1,0,,,,,,,,,
1160575,2018/19,2018-10-10,Sharjah Cricket Stadium,2,3.5,Balkh Legends,Paktia Panthers,RN ten Doeschate,C Munro,Yamin Ahmadzai,1,0,,,,,,,,,
1160575,2018/19,2018-10-10,Sharjah Cricket Stadium,2,3.6,Balkh Legends,Paktia Panthers,C Munro,RN ten Doeschate,Yamin Ahmadzai,6,0,,,,,,,,,
1160575,2018/19,2018-10-10,Sharjah Cricket Stadium,2,4.1,Balkh Legends,Paktia Panthers,RN ten Doeschate,C Munro,Ziaur Rahman,0,0,,,,,,,,,
1160575,2018/19,2018-10-10,Sharjah Cricket Stadium,2,4.2,Balkh Legends,Paktia Panthers,RN ten Doeschate,C Munro,Ziaur Rahman,2,0,,,,,,,,,
1160575,2018/19,2018-10-10,Sharjah Cricket Stadium,2,4.3,Balkh Legends,Paktia Panthers,RN ten Doeschate,C Munro,Ziaur Rahman,0,0,,,,,,caught,RN ten Doeschate,,
1160575,2018/19,2018-10-10,Sharjah Cricket Stadium,2,4.4,Balkh Legends,Paktia Panthers,RS Bopara,C Munro,Ziaur Rahman,0,0,,,,,,,,,
1160575,2018/19,2018-10-10,Sharjah Cricket Stadium,2,4.5,Balkh Legends,Paktia Panthers,RS Bopara,C Munro,Ziaur Rahman,0,0,,,,,,,,,
1160575,2018/19,2018-10-10,Sharjah Cricket Stadium,2,4.6,Balkh Legends,Paktia Panthers,RS Bopara,C Munro,Ziaur Rahman,4,0,,,,,,,,,
1160575,2018/19,2018-10-10,Sharjah Cricket Stadium,2,5.1,Balkh Legends,Paktia Panthers,C Munro,RS Bopara,Yamin Ahmadzai,0,0,,,,,,,,,
1160575,2018/19,2018-10-10,Sharjah Cricket Stadium,2,5.2,Balkh Legends,Paktia Panthers,C Munro,RS Bopara,Yamin Ahmadzai,1,0,,,,,,,,,
1160575,2018/19,2018-10-10,Sharjah Cricket Stadium,2,5.3,Balkh Legends,Paktia Panthers,RS Bopara,C Munro,Yamin Ahmadzai,1,0,,,,,,,,,
1160575,2018/19,2018-10-10,Sharjah Cricket Stadium,2,5.4,Balkh Legends,Paktia Panthers,C Munro,RS Bopara,Yamin Ahmadzai,0,0,,,,,,,,,
1160575,2018/19,2018-10-10,Sharjah Cricket Stadium,2,5.5,Balkh Legends,Paktia Panthers,C Munro,RS Bopara,Yamin Ahmadzai,1,0,,,,,,,,,
1160575,2018/19,2018-10-10,Sharjah Cricket Stadium,2,5.6,Balkh Legends,Paktia Panthers,RS Bopara,C Munro,Yamin Ahmadzai,0,0,,,,,,,,,
1160575,2018/19,2018-10-10,Sharjah Cricket Stadium,2,6.1,Balkh Legends,Paktia Panthers,C Munro,RS Bopara,Shahid Afridi,1,0,,,,,,,,,
1160575,2018/19,2018-10-10,Sharjah Cricket Stadium,2,6.2,Balkh Legends,Paktia Panthers,RS Bopara,C Munro,Shahid Afridi,1,0,,,,,,,,,
1160575,2018/19,2018-10-10,Sharjah Cricket Stadium,2,6.3,Balkh Legends,Paktia Panthers,C Munro,RS Bopara,Shahid Afridi,1,0,,,,,,,,,
1160575,2018/19,2018-10-10,Sharjah Cricket Stadium,2,6.4,Balkh Legends,Paktia Panthers,RS Bopara,C Munro,Shahid Afridi,0,0,,,,,,,,,
1160575,2018/19,2018-10-10,Sharjah Cricket Stadium,2,6.5,Balkh Legends,Paktia Panthers,RS Bopara,C Munro,Shahid Afridi,1,0,,,,,,,,,
1160575,2018/19,2018-10-10,Sharjah Cricket Stadium,2,6.6,Balkh Legends,Paktia Panthers,C Munro,RS Bopara,Shahid Afridi,4,0,,,,,,,,,
1160575,2018/19,2018-10-10,Sharjah Cricket Stadium,2,7.1,Balkh Legends,Paktia Panthers,RS Bopara,C Munro,Sharafuddin Ashraf,2,0,,,,,,,,,
1160575,2018/19,2018-10-10,Sharjah Cricket Stadium,2,7.2,Balkh Legends,Paktia Panthers,RS Bopara,C Munro,Sharafuddin Ashraf,1,0,,,,,,,,,
1160575,2018/19,2018-10-10,Sharjah Cricket Stadium,2,7.3,Balkh Legends,Paktia Panthers,C Munro,RS Bopara,Sharafuddin Ashraf,1,0,,,,,,,,,
1160575,2018/19,2018-10-10,Sharjah Cricket Stadium,2,7.4,Balkh Legends,Paktia Panthers,RS Bopara,C Munro,Sharafuddin Ashraf,0,1,1,,,,,,,,
1160575,2018/19,2018-10-10,Sharjah Cricket Stadium,2,7.5,Balkh Legends,Paktia Panthers,RS Bopara,C Munro,Sharafuddin Ashraf,1,0,,,,,,,,,
1160575,2018/19,2018-10-10,Sharjah Cricket Stadium,2,7.6,Balkh Legends,Paktia Panthers,C Munro,RS Bopara,Sharafuddin Ashraf,1,0,,,,,,,,,
1160575,2018/19,2018-10-10,Sharjah Cricket Stadium,2,7.7,Balkh Legends,Paktia Panthers,RS Bopara,C Munro,Sharafuddin Ashraf,0,0,,,,,,,,,
1160575,2018/19,2018-10-10,Sharjah Cricket Stadium,2,8.1,Balkh Legends,Paktia Panthers,C Munro,RS Bopara,Shahid Afridi,0,0,,,,,,,,,
1160575,2018/19,2018-10-10,Sharjah Cricket Stadium,2,8.2,Balkh Legends,Paktia Panthers,C Munro,RS Bopara,Shahid Afridi,1,0,,,,,,,,,
1160575,2018/19,2018-10-10,Sharjah Cricket Stadium,2,8.3,Balkh Legends,Paktia Panthers,RS Bopara,C Munro,Shahid Afridi,1,0,,,,,,,,,
1160575,2018/19,2018-10-10,Sharjah Cricket Stadium,2,8.4,Balkh Legends,Paktia Panthers,C Munro,RS Bopara,Shahid Afridi,0,1,1,,,,,,,,
1160575,2018/19,2018-10-10,Sharjah Cricket Stadium,2,8.5,Balkh Legends,Paktia Panthers,C Munro,RS Bopara,Shahid Afridi,1,0,,,,,,,,,
1160575,2018/19,2018-10-10,Sharjah Cricket Stadium,2,8.6,Balkh Legends,Paktia Panthers,RS Bopara,C Munro,Shahid Afridi,1,0,,,,,,,,,
1160575,2018/19,2018-10-10,Sharjah Cricket Stadium,2,8.7,Balkh Legends,Paktia Panthers,C Munro,RS Bopara,Shahid Afridi,1,0,,,,,,,,,
1160575,2018/19,2018-10-10,Sharjah Cricket Stadium,2,9.1,Balkh Legends,Paktia Panthers,C Munro,RS Bopara,Sharafuddin Ashraf,2,0,,,,,,,,,
1160575,2018/19,2018-10-10,Sharjah Cricket Stadium,2,9.2,Balkh Legends,Paktia Panthers,C Munro,RS Bopara,Sharafuddin Ashraf,1,0,,,,,,,,,
1160575,2018/19,2018-10-10,Sharjah Cricket Stadium,2,9.3,Balkh Legends,Paktia Panthers,RS Bopara,C Munro,Sharafuddin Ashraf,6,0,,,,,,,,,
1160575,2018/19,2018-10-10,Sharjah Cricket Stadium,2,9.4,Balkh Legends,Paktia Panthers,RS Bopara,C Munro,Sharafuddin Ashraf,1,0,,,,,,,,,
1160575,2018/19,2018-10-10,Sharjah Cricket Stadium,2,9.5,Balkh Legends,Paktia Panthers,C Munro,RS Bopara,Sharafuddin Ashraf,0,0,,,,,,caught,C Munro,,
1160575,2018/19,2018-10-10,Sharjah Cricket Stadium,2,9.6,Balkh Legends,Paktia Panthers,Mohammad Nabi,RS Bopara,Sharafuddin Ashraf,0,0,,,,,,,,,
1160575,2018/19,2018-10-10,Sharjah Cricket Stadium,2,10.1,Balkh Legends,Paktia Panthers,RS Bopara,Mohammad Nabi,Shahid Afridi,0,0,,,,,,,,,
1160575,2018/19,2018-10-10,Sharjah Cricket Stadium,2,10.2,Balkh Legends,Paktia Panthers,RS Bopara,Mohammad Nabi,Shahid Afridi,1,0,,,,,,,,,
1160575,2018/19,2018-10-10,Sharjah Cricket Stadium,2,10.3,Balkh Legends,Paktia Panthers,Mohammad Nabi,RS Bopara,Shahid Afridi,1,0,,,,,,,,,
1160575,2018/19,2018-10-10,Sharjah Cricket Stadium,2,10.4,Balkh Legends,Paktia Panthers,RS Bopara,Mohammad Nabi,Shahid Afridi,1,0,,,,,,,,,
1160575,2018/19,2018-10-10,Sharjah Cricket Stadium,2,10.5,Balkh Legends,Paktia Panthers,Mohammad Nabi,RS Bopara,Shahid Afridi,1,0,,,,,,,,,
1160575,2018/19,2018-10-10,Sharjah Cricket Stadium,2,10.6,Balkh Legends,Paktia Panthers,RS Bopara,Mohammad Nabi,Shahid Afridi,1,0,,,,,,,,,
1160575,2018/19,2018-10-10,Sharjah Cricket Stadium,2,11.1,Balkh Legends,Paktia Panthers,RS Bopara,Mohammad Nabi,Sharafuddin Ashraf,0,0,,,,,,,,,
1160575,2018/19,2018-10-10,Sharjah Cricket Stadium,2,11.2,Balkh Legends,Paktia Panthers,RS Bopara,Mohammad Nabi,Sharafuddin Ashraf,0,0,,,,,,run out,RS Bopara,,
1160575,2018/19,2018-10-10,Sharjah Cricket Stadium,2,11.3,Balkh Legends,Paktia Panthers,Mohammad Nabi,Gulbadin Naib,Sharafuddin Ashraf,1,0,,,,,,,,,
1160575,2018/19,2018-10-10,Sharjah Cricket Stadium,2,11.4,Balkh Legends,Paktia Panthers,Gulbadin Naib,Mohammad Nabi,Sharafuddin Ashraf,1,0,,,,,,,,,
1160575,2018/19,2018-10-10,Sharjah Cricket Stadium,2,11.5,Balkh Legends,Paktia Panthers,Mohammad Nabi,Gulbadin Naib,Sharafuddin Ashraf,4,0,,,,,,,,,
1160575,2018/19,2018-10-10,Sharjah Cricket Stadium,2,11.6,Balkh Legends,Paktia Panthers,Mohammad Nabi,Gulbadin Naib,Sharafuddin Ashraf,6,0,,,,,,,,,
1160575,2018/19,2018-10-10,Sharjah Cricket Stadium,2,12.1,Balkh Legends,Paktia Panthers,Gulbadin Naib,Mohammad Nabi,Shahid Afridi,1,0,,,,,,,,,
1160575,2018/19,2018-10-10,Sharjah Cricket Stadium,2,12.2,Balkh Legends,Paktia Panthers,Mohammad Nabi,Gulbadin Naib,Shahid Afridi,1,0,,,,,,,,,
1160575,2018/19,2018-10-10,Sharjah Cricket Stadium,2,12.3,Balkh Legends,Paktia Panthers,Gulbadin Naib,Mohammad Nabi,Shahid Afridi,1,0,,,,,,,,,
1160575,2018/19,2018-10-10,Sharjah Cricket Stadium,2,12.4,Balkh Legends,Paktia Panthers,Mohammad Nabi,Gulbadin Naib,Shahid Afridi,6,0,,,,,,,,,
1160575,2018/19,2018-10-10,Sharjah Cricket Stadium,2,12.5,Balkh Legends,Paktia Panthers,Mohammad Nabi,Gulbadin Naib,Shahid Afridi,1,0,,,,,,,,,
1160575,2018/19,2018-10-10,Sharjah Cricket Stadium,2,12.6,Balkh Legends,Paktia Panthers,Gulbadin Naib,Mohammad Nabi,Shahid Afridi,0,0,,,,,,,,,
1160575,2018/19,2018-10-10,Sharjah Cricket Stadium,2,13.1,Balkh Legends,Paktia Panthers,Mohammad Nabi,Gulbadin Naib,Yamin Ahmadzai,1,0,,,,,,,,,
1160575,2018/19,2018-10-10,Sharjah Cricket Stadium,2,13.2,Balkh Legends,Paktia Panthers,Gulbadin Naib,Mohammad Nabi,Yamin Ahmadzai,1,0,,,,,,,,,
1160575,2018/19,2018-10-10,Sharjah Cricket Stadium,2,13.3,Balkh Legends,Paktia Panthers,Mohammad Nabi,Gulbadin Naib,Yamin Ahmadzai,2,0,,,,,,,,,
1160575,2018/19,2018-10-10,Sharjah Cricket Stadium,2,13.4,Balkh Legends,Paktia Panthers,Mohammad Nabi,Gulbadin Naib,Yamin Ahmadzai,6,0,,,,,,,,,
1160575,2018/19,2018-10-10,Sharjah Cricket Stadium,2,13.5,Balkh Legends,Paktia Panthers,Mohammad Nabi,Gulbadin Naib,Yamin Ahmadzai,6,0,,,,,,,,,
1160575,2018/19,2018-10-10,Sharjah Cricket Stadium,2,13.6,Balkh Legends,Paktia Panthers,Mohammad Nabi,Gulbadin Naib,Yamin Ahmadzai,4,0,,,,,,,,,
1160575,2018/19,2018-10-10,Sharjah Cricket Stadium,2,14.1,Balkh Legends,Paktia Panthers,Gulbadin Naib,Mohammad Nabi,I Udana,0,0,,,,,,,,,
1160575,2018/19,2018-10-10,Sharjah Cricket Stadium,2,14.2,Balkh Legends,Paktia Panthers,Gulbadin Naib,Mohammad Nabi,I Udana,0,0,,,,,,,,,
1160575,2018/19,2018-10-10,Sharjah Cricket Stadium,2,14.3,Balkh Legends,Paktia Panthers,Gulbadin Naib,Mohammad Nabi,I Udana,0,0,,,,,,,,,
1160575,2018/19,2018-10-10,Sharjah Cricket Stadium,2,14.4,Balkh Legends,Paktia Panthers,Gulbadin Naib,Mohammad Nabi,I Udana,0,0,,,,,,,,,
1160575,2018/19,2018-10-10,Sharjah Cricket Stadium,2,14.5,Balkh Legends,Paktia Panthers,Gulbadin Naib,Mohammad Nabi,I Udana,4,0,,,,,,,,,
1160575,2018/19,2018-10-10,Sharjah Cricket Stadium,2,14.6,Balkh Legends,Paktia Panthers,Gulbadin Naib,Mohammad Nabi,I Udana,0,0,,,,,,caught and bowled,Gulbadin Naib,,
1160575,2018/19,2018-10-10,Sharjah Cricket Stadium,2,15.1,Balkh Legends,Paktia Panthers,Mohammad Nabi,Mirwais Ashraf,Ziaur Rahman,0,0,,,,,,caught,Mohammad Nabi,,
1160575,2018/19,2018-10-10,Sharjah Cricket Stadium,2,15.2,Balkh Legends,Paktia Panthers,Qais Ahmad,Mirwais Ashraf,Ziaur Rahman,1,0,,,,,,,,,
1160575,2018/19,2018-10-10,Sharjah Cricket Stadium,2,15.3,Balkh Legends,Paktia Panthers,Mirwais Ashraf,Qais Ahmad,Ziaur Rahman,1,0,,,,,,,,,
1160575,2018/19,2018-10-10,Sharjah Cricket Stadium,2,15.4,Balkh Legends,Paktia Panthers,Qais Ahmad,Mirwais Ashraf,Ziaur Rahman,1,0,,,,,,,,,
1160575,2018/19,2018-10-10,Sharjah Cricket Stadium,2,15.5,Balkh Legends,Paktia Panthers,Mirwais Ashraf,Qais Ahmad,Ziaur Rahman,0,0,,,,,,,,,
1160575,2018/19,2018-10-10,Sharjah Cricket Stadium,2,15.6,Balkh Legends,Paktia Panthers,Mirwais Ashraf,Qais Ahmad,Ziaur Rahman,4,0,,,,,,,,,
1160575,2018/19,2018-10-10,Sharjah Cricket Stadium,2,16.1,Balkh Legends,Paktia Panthers,Qais Ahmad,Mirwais Ashraf,Yamin Ahmadzai,0,1,,,,1,,,,,
1160575,2018/19,2018-10-10,Sharjah Cricket Stadium,2,16.2,Balkh Legends,Paktia Panthers,Mirwais Ashraf,Qais Ahmad,Yamin Ahmadzai,2,0,,,,,,,,,
1160575,2018/19,2018-10-10,Sharjah Cricket Stadium,2,16.3,Balkh Legends,Paktia Panthers,Mirwais Ashraf,Qais Ahmad,Yamin Ahmadzai,0,0,,,,,,,,,
1160575,2018/19,2018-10-10,Sharjah Cricket Stadium,2,16.4,Balkh Legends,Paktia Panthers,Mirwais Ashraf,Qais Ahmad,Yamin Ahmadzai,1,0,,,,,,,,,
1160575,2018/19,2018-10-10,Sharjah Cricket Stadium,2,16.5,Balkh Legends,Paktia Panthers,Qais Ahmad,Mirwais Ashraf,Yamin Ahmadzai,1,0,,,,,,,,,
1160575,2018/19,2018-10-10,Sharjah Cricket Stadium,2,16.6,Balkh Legends,Paktia Panthers,Mirwais Ashraf,Qais Ahmad,Yamin Ahmadzai,0,0,,,,,,,,,
1160575,2018/19,2018-10-10,Sharjah Cricket Stadium,2,17.1,Balkh Legends,Paktia Panthers,Qais Ahmad,Mirwais Ashraf,Ziaur Rahman,0,0,,,,,,,,,
1160575,2018/19,2018-10-10,Sharjah Cricket Stadium,2,17.2,Balkh Legends,Paktia Panthers,Qais Ahmad,Mirwais Ashraf,Ziaur Rahman,4,0,,,,,,,,,
1160575,2018/19,2018-10-10,Sharjah Cricket Stadium,2,17.3,Balkh Legends,Paktia Panthers,Qais Ahmad,Mirwais Ashraf,Ziaur Rahman,2,0,,,,,,,,,
1160575,2018/19,2018-10-10,Sharjah Cricket Stadium,2,17.4,Balkh Legends,Paktia Panthers,Qais Ahmad,Mirwais Ashraf,Ziaur Rahman,0,0,,,,,,caught,Qais Ahmad,,
1160575,2018/19,2018-10-10,Sharjah Cricket Stadium,2,17.5,Balkh Legends,Paktia Panthers,Mirwais Ashraf,Aftab Alam,Ziaur Rahman,1,0,,,,,,,,,
1160575,2018/19,2018-10-10,Sharjah Cricket Stadium,2,17.6,Balkh Legends,Paktia Panthers,Aftab Alam,Mirwais Ashraf,Ziaur Rahman,1,0,,,,,,,,,
1160575,2018/19,2018-10-10,Sharjah Cricket Stadium,2,18.1,Balkh Legends,Paktia Panthers,Aftab Alam,Mirwais Ashraf,I Udana,1,0,,,,,,,,,
1160575,2018/19,2018-10-10,Sharjah Cricket Stadium,2,18.2,Balkh Legends,Paktia Panthers,Mirwais Ashraf,Aftab Alam,I Udana,6,0,,,,,,,,,
1160575,2018/19,2018-10-10,Sharjah Cricket Stadium,2,18.3,Balkh Legends,Paktia Panthers,Mirwais Ashraf,Aftab Alam,I Udana,1,0,,,,,,,,,
1160575,2018/19,2018-10-10,Sharjah Cricket Stadium,2,18.4,Balkh Legends,Paktia Panthers,Aftab Alam,Mirwais Ashraf,I Udana,0,0,,,,,,caught,Aftab Alam,,
1160575,2018/19,2018-10-10,Sharjah Cricket Stadium,2,18.5,Balkh Legends,Paktia Panthers,Ikram Alikhil,Mirwais Ashraf,I Udana,1,0,,,,,,,,,
1160575,2018/19,2018-10-10,Sharjah Cricket Stadium,2,18.6,Balkh Legends,Paktia Panthers,Mirwais Ashraf,Ikram Alikhil,I Udana,0,0,,,,,,caught,Mirwais Ashraf,,
