match_id,season,start_date,venue,innings,ball,batting_team,bowling_team,striker,non_striker,bowler,runs_off_bat,extras,wides,noballs,byes,legbyes,penalty,wicket_type,player_dismissed,other_wicket_type,other_player_dismissed
1160587,2018/19,2018-10-18,Sharjah Cricket Stadium,1,0.1,Kandahar Knights,Balkh Legends,Asghar Stanikzai,PR Stirling,Mohammad Nabi,0,0,,,,,,,,,
1160587,2018/19,2018-10-18,Sharjah Cricket Stadium,1,0.2,Kandahar Knights,Balkh Legends,Asghar Stanikzai,PR Stirling,Mohammad Nabi,1,0,,,,,,,,,
1160587,2018/19,2018-10-18,Sharjah Cricket Stadium,1,0.3,Kandahar Knights,Balkh Legends,PR Stirling,Asghar Stanikzai,Mohammad Nabi,0,0,,,,,,,,,
1160587,2018/19,2018-10-18,Sharjah Cricket Stadium,1,0.4,Kandahar Knights,Balkh Legends,PR Stirling,Asghar Stanikzai,Mohammad Nabi,4,0,,,,,,,,,
1160587,2018/19,2018-10-18,Sharjah Cricket Stadium,1,0.5,Kandahar Knights,Balkh Legends,PR Stirling,Asghar Stanikzai,Mohammad Nabi,0,0,,,,,,,,,
1160587,2018/19,2018-10-18,Sharjah Cricket Stadium,1,0.6,Kandahar Knights,Balkh Legends,PR Stirling,Asghar Stanikzai,Mohammad Nabi,1,0,,,,,,,,,
1160587,2018/19,2018-10-18,Sharjah Cricket Stadium,1,1.1,Kandahar Knights,Balkh Legends,PR Stirling,Asghar Stanikzai,Aftab Alam,1,0,,,,,,,,,
1160587,2018/19,2018-10-18,Sharjah Cricket Stadium,1,1.2,Kandahar Knights,Balkh Legends,Asghar Stanikzai,PR Stirling,Aftab Alam,6,0,,,,,,,,,
1160587,2018/19,2018-10-18,Sharjah Cricket Stadium,1,1.3,Kandahar Knights,Balkh Legends,Asghar Stanikzai,PR Stirling,Aftab Alam,0,0,,,,,,,,,
1160587,2018/19,2018-10-18,Sharjah Cricket Stadium,1,1.4,Kandahar Knights,Balkh Legends,Asghar Stanikzai,PR Stirling,Aftab Alam,1,0,,,,,,,,,
1160587,2018/19,2018-10-18,Sharjah Cricket Stadium,1,1.5,Kandahar Knights,Balkh Legends,PR Stirling,Asghar Stanikzai,Aftab Alam,1,0,,,,,,,,,
1160587,2018/19,2018-10-18,Sharjah Cricket Stadium,1,1.6,Kandahar Knights,Balkh Legends,Asghar Stanikzai,PR Stirling,Aftab Alam,0,1,1,,,,,,,,
1160587,2018/19,2018-10-18,Sharjah Cricket Stadium,1,1.7,Kandahar Knights,Balkh Legends,Asghar Stanikzai,PR Stirling,Aftab Alam,0,0,,,,,,,,,
1160587,2018/19,2018-10-18,Sharjah Cricket Stadium,1,2.1,Kandahar Knights,Balkh Legends,PR Stirling,Asghar Stanikzai,Mohammad Nabi,0,0,,,,,,,,,
1160587,2018/19,2018-10-18,Sharjah Cricket Stadium,1,2.2,Kandahar Knights,Balkh Legends,PR Stirling,Asghar Stanikzai,Mohammad Nabi,0,0,,,,,,,,,
1160587,2018/19,2018-10-18,Sharjah Cricket Stadium,1,2.3,Kandahar Knights,Balkh Legends,PR Stirling,Asghar Stanikzai,Mohammad Nabi,0,0,,,,,,,,,
1160587,2018/19,2018-10-18,Sharjah Cricket Stadium,1,2.4,Kandahar Knights,Balkh Legends,PR Stirling,Asghar Stanikzai,Mohammad Nabi,0,0,,,,,,,,,
1160587,2018/19,2018-10-18,Sharjah Cricket Stadium,1,2.5,Kandahar Knights,Balkh Legends,PR Stirling,Asghar Stanikzai,Mohammad Nabi,1,0,,,,,,,,,
1160587,2018/19,2018-10-18,Sharjah Cricket Stadium,1,2.6,Kandahar Knights,Balkh Legends,Asghar Stanikzai,PR Stirling,Mohammad Nabi,0,0,,,,,,,,,
1160587,2018/19,2018-10-18,Sharjah Cricket Stadium,1,3.1,Kandahar Knights,Balkh Legends,PR Stirling,Asghar Stanikzai,Aftab Alam,0,0,,,,,,,,,
1160587,2018/19,2018-10-18,Sharjah Cricket Stadium,1,3.2,Kandahar Knights,Balkh Legends,PR Stirling,Asghar Stanikzai,Aftab Alam,0,0,,,,,,,,,
1160587,2018/19,2018-10-18,Sharjah Cricket Stadium,1,3.3,Kandahar Knights,Balkh Legends,PR Stirling,Asghar Stanikzai,Aftab Alam,0,0,,,,,,,,,
1160587,2018/19,2018-10-18,Sharjah Cricket Stadium,1,3.4,Kandahar Knights,Balkh Legends,PR Stirling,Asghar Stanikzai,Aftab Alam,0,0,,,,,,,,,
1160587,2018/19,2018-10-18,Sharjah Cricket Stadium,1,3.5,Kandahar Knights,Balkh Legends,PR Stirling,Asghar Stanikzai,Aftab Alam,2,0,,,,,,,,,
1160587,2018/19,2018-10-18,Sharjah Cricket Stadium,1,3.6,Kandahar Knights,Balkh Legends,PR Stirling,Asghar Stanikzai,Aftab Alam,0,0,,,,,,lbw,PR Stirling,,
1160587,2018/19,2018-10-18,Sharjah Cricket Stadium,1,4.1,Kandahar Knights,Balkh Legends,Asghar Stanikzai,BB McCullum,Mirwais Ashraf,0,0,,,,,,,,,
1160587,2018/19,2018-10-18,Sharjah Cricket Stadium,1,4.2,Kandahar Knights,Balkh Legends,Asghar Stanikzai,BB McCullum,Mirwais Ashraf,4,0,,,,,,,,,
1160587,2018/19,2018-10-18,Sharjah Cricket Stadium,1,4.3,Kandahar Knights,Balkh Legends,Asghar Stanikzai,BB McCullum,Mirwais Ashraf,0,0,,,,,,,,,
1160587,2018/19,2018-10-18,Sharjah Cricket Stadium,1,4.4,Kandahar Knights,Balkh Legends,Asghar Stanikzai,BB McCullum,Mirwais Ashraf,0,0,,,,,,,,,
1160587,2018/19,2018-10-18,Sharjah Cricket Stadium,1,4.5,Kandahar Knights,Balkh Legends,Asghar Stanikzai,BB McCullum,Mirwais Ashraf,0,0,,,,,,,,,
1160587,2018/19,2018-10-18,Sharjah Cricket Stadium,1,4.6,Kandahar Knights,Balkh Legends,Asghar Stanikzai,BB McCullum,Mirwais Ashraf,1,0,,,,,,,,,
1160587,2018/19,2018-10-18,Sharjah Cricket Stadium,1,5.1,Kandahar Knights,Balkh Legends,Asghar Stanikzai,BB McCullum,Samiullah,1,0,,,,,,,,,
1160587,2018/19,2018-10-18,Sharjah Cricket Stadium,1,5.2,Kandahar Knights,Balkh Legends,BB McCullum,Asghar Stanikzai,Samiullah,4,0,,,,,,,,,
1160587,2018/19,2018-10-18,Sharjah Cricket Stadium,1,5.3,Kandahar Knights,Balkh Legends,BB McCullum,Asghar Stanikzai,Samiullah,0,1,1,,,,,,,,
1160587,2018/19,2018-10-18,Sharjah Cricket Stadium,1,5.4,Kandahar Knights,Balkh Legends,BB McCullum,Asghar Stanikzai,Samiullah,1,0,,,,,,,,,
1160587,2018/19,2018-10-18,Sharjah Cricket Stadium,1,5.5,Kandahar Knights,Balkh Legends,Asghar Stanikzai,BB McCullum,Samiullah,0,0,,,,,,,,,
1160587,2018/19,2018-10-18,Sharjah Cricket Stadium,1,5.6,Kandahar Knights,Balkh Legends,Asghar Stanikzai,BB McCullum,Samiullah,0,0,,,,,,,,,
1160587,2018/19,2018-10-18,Sharjah Cricket Stadium,1,5.7,Kandahar Knights,Balkh Legends,Asghar Stanikzai,BB McCullum,Samiullah,0,0,,,,,,,,,
1160587,2018/19,2018-10-18,Sharjah Cricket Stadium,1,6.1,Kandahar Knights,Balkh Legends,BB McCullum,Asghar Stanikzai,Qais Ahmad,0,0,,,,,,,,,
1160587,2018/19,2018-10-18,Sharjah Cricket Stadium,1,6.2,Kandahar Knights,Balkh Legends,BB McCullum,Asghar Stanikzai,Qais Ahmad,0,0,,,,,,,,,
1160587,2018/19,2018-10-18,Sharjah Cricket Stadium,1,6.3,Kandahar Knights,Balkh Legends,BB McCullum,Asghar Stanikzai,Qais Ahmad,1,0,,,,,,,,,
1160587,2018/19,2018-10-18,Sharjah Cricket Stadium,1,6.4,Kandahar Knights,Balkh Legends,Asghar Stanikzai,BB McCullum,Qais Ahmad,1,0,,,,,,,,,
1160587,2018/19,2018-10-18,Sharjah Cricket Stadium,1,6.5,Kandahar Knights,Balkh Legends,BB McCullum,Asghar Stanikzai,Qais Ahmad,0,0,,,,,,,,,
1160587,2018/19,2018-10-18,Sharjah Cricket Stadium,1,6.6,Kandahar Knights,Balkh Legends,BB McCullum,Asghar Stanikzai,Qais Ahmad,0,0,,,,,,,,,
1160587,2018/19,2018-10-18,Sharjah Cricket Stadium,1,7.1,Kandahar Knights,Balkh Legends,Asghar Stanikzai,BB McCullum,Mirwais Ashraf,0,3,3,,,,,,,,
1160587,2018/19,2018-10-18,Sharjah Cricket Stadium,1,7.2,Kandahar Knights,Balkh Legends,Asghar Stanikzai,BB McCullum,Mirwais Ashraf,0,0,,,,,,,,,
1160587,2018/19,2018-10-18,Sharjah Cricket Stadium,1,7.3,Kandahar Knights,Balkh Legends,Asghar Stanikzai,BB McCullum,Mirwais Ashraf,0,0,,,,,,caught,Asghar Stanikzai,,
1160587,2018/19,2018-10-18,Sharjah Cricket Stadium,1,7.4,Kandahar Knights,Balkh Legends,BB McCullum,Nasir Jamal,Mirwais Ashraf,0,0,,,,,,,,,
1160587,2018/19,2018-10-18,Sharjah Cricket Stadium,1,7.5,Kandahar Knights,Balkh Legends,BB McCullum,Nasir Jamal,Mirwais Ashraf,0,0,,,,,,,,,
1160587,2018/19,2018-10-18,Sharjah Cricket Stadium,1,7.6,Kandahar Knights,Balkh Legends,BB McCullum,Nasir Jamal,Mirwais Ashraf,0,0,,,,,,,,,
1160587,2018/19,2018-10-18,Sharjah Cricket Stadium,1,7.7,Kandahar Knights,Balkh Legends,BB McCullum,Nasir Jamal,Mirwais Ashraf,0,0,,,,,,,,,
1160587,2018/19,2018-10-18,Sharjah Cricket Stadium,1,8.1,Kandahar Knights,Balkh Legends,Nasir Jamal,BB McCullum,Qais Ahmad,0,0,,,,,,,,,
1160587,2018/19,2018-10-18,Sharjah Cricket Stadium,1,8.2,Kandahar Knights,Balkh Legends,Nasir Jamal,BB McCullum,Qais Ahmad,0,0,,,,,,,,,
1160587,2018/19,2018-10-18,Sharjah Cricket Stadium,1,8.3,Kandahar Knights,Balkh Legends,Nasir Jamal,BB McCullum,Qais Ahmad,4,0,,,,,,,,,
1160587,2018/19,2018-10-18,Sharjah Cricket Stadium,1,8.4,Kandahar Knights,Balkh Legends,Nasir Jamal,BB McCullum,Qais Ahmad,1,0,,,,,,,,,
1160587,2018/19,2018-10-18,Sharjah Cricket Stadium,1,8.5,Kandahar Knights,Balkh Legends,BB McCullum,Nasir Jamal,Qais Ahmad,0,0,,,,,,,,,
1160587,2018/19,2018-10-18,Sharjah Cricket Stadium,1,8.6,Kandahar Knights,Balkh Legends,BB McCullum,Nasir Jamal,Qais Ahmad,6,0,,,,,,,,,
1160587,2018/19,2018-10-18,Sharjah Cricket Stadium,1,9.1,Kandahar Knights,Balkh Legends,Nasir Jamal,BB McCullum,Samiullah,2,0,,,,,,,,,
1160587,2018/19,2018-10-18,Sharjah Cricket Stadium,1,9.2,Kandahar Knights,Balkh Legends,Nasir Jamal,BB McCullum,Samiullah,0,0,,,,,,bowled,Nasir Jamal,,
1160587,2018/19,2018-10-18,Sharjah Cricket Stadium,1,9.3,Kandahar Knights,Balkh Legends,Karim Sadiq,BB McCullum,Samiullah,0,0,,,,,,,,,
1160587,2018/19,2018-10-18,Sharjah Cricket Stadium,1,9.4,Kandahar Knights,Balkh Legends,Karim Sadiq,BB McCullum,Samiullah,0,0,,,,,,caught,Karim Sadiq,,
1160587,2018/19,2018-10-18,Sharjah Cricket Stadium,1,9.5,Kandahar Knights,Balkh Legends,MH Wessels,BB McCullum,Samiullah,0,0,,,,,,,,,
1160587,2018/19,2018-10-18,Sharjah Cricket Stadium,1,9.6,Kandahar Knights,Balkh Legends,MH Wessels,BB McCullum,Samiullah,0,1,,1,,,,,,,
1160587,2018/19,2018-10-18,Sharjah Cricket Stadium,1,9.7,Kandahar Knights,Balkh Legends,MH Wessels,BB McCullum,Samiullah,1,0,,,,,,,,,
1160587,2018/19,2018-10-18,Sharjah Cricket Stadium,1,10.1,Kandahar Knights,Balkh Legends,MH Wessels,BB McCullum,Qais Ahmad,1,0,,,,,,,,,
1160587,2018/19,2018-10-18,Sharjah Cricket Stadium,1,10.2,Kandahar Knights,Balkh Legends,BB McCullum,MH Wessels,Qais Ahmad,0,0,,,,,,,,,
1160587,2018/19,2018-10-18,Sharjah Cricket Stadium,1,10.3,Kandahar Knights,Balkh Legends,BB McCullum,MH Wessels,Qais Ahmad,6,0,,,,,,,,,
1160587,2018/19,2018-10-18,Sharjah Cricket Stadium,1,10.4,Kandahar Knights,Balkh Legends,BB McCullum,MH Wessels,Qais Ahmad,0,0,,,,,,,,,
1160587,2018/19,2018-10-18,Sharjah Cricket Stadium,1,10.5,Kandahar Knights,Balkh Legends,BB McCullum,MH Wessels,Qais Ahmad,2,0,,,,,,,,,
1160587,2018/19,2018-10-18,Sharjah Cricket Stadium,1,10.6,Kandahar Knights,Balkh Legends,BB McCullum,MH Wessels,Qais Ahmad,1,0,,,,,,,,,
1160587,2018/19,2018-10-18,Sharjah Cricket Stadium,1,11.1,Kandahar Knights,Balkh Legends,BB McCullum,MH Wessels,RS Bopara,1,0,,,,,,,,,
1160587,2018/19,2018-10-18,Sharjah Cricket Stadium,1,11.2,Kandahar Knights,Balkh Legends,MH Wessels,BB McCullum,RS Bopara,1,0,,,,,,,,,
1160587,2018/19,2018-10-18,Sharjah Cricket Stadium,1,11.3,Kandahar Knights,Balkh Legends,BB McCullum,MH Wessels,RS Bopara,0,0,,,,,,,,,
1160587,2018/19,2018-10-18,Sharjah Cricket Stadium,1,11.4,Kandahar Knights,Balkh Legends,BB McCullum,MH Wessels,RS Bopara,1,0,,,,,,,,,
1160587,2018/19,2018-10-18,Sharjah Cricket Stadium,1,11.5,Kandahar Knights,Balkh Legends,MH Wessels,BB McCullum,RS Bopara,0,0,,,,,,,,,
1160587,2018/19,2018-10-18,Sharjah Cricket Stadium,1,11.6,Kandahar Knights,Balkh Legends,MH Wessels,BB McCullum,RS Bopara,1,0,,,,,,,,,
1160587,2018/19,2018-10-18,Sharjah Cricket Stadium,1,12.1,Kandahar Knights,Balkh Legends,MH Wessels,BB McCullum,Qais Ahmad,0,0,,,,,,,,,
1160587,2018/19,2018-10-18,Sharjah Cricket Stadium,1,12.2,Kandahar Knights,Balkh Legends,MH Wessels,BB McCullum,Qais Ahmad,6,0,,,,,,,,,
1160587,2018/19,2018-10-18,Sharjah Cricket Stadium,1,12.3,Kandahar Knights,Balkh Legends,MH Wessels,BB McCullum,Qais Ahmad,0,0,,,,,,,,,
1160587,2018/19,2018-10-18,Sharjah Cricket Stadium,1,12.4,Kandahar Knights,Balkh Legends,MH Wessels,BB McCullum,Qais Ahmad,4,0,,,,,,,,,
1160587,2018/19,2018-10-18,Sharjah Cricket Stadium,1,12.5,Kandahar Knights,Balkh Legends,MH Wessels,BB McCullum,Qais Ahmad,1,0,,,,,,,,,
1160587,2018/19,2018-10-18,Sharjah Cricket Stadium,1,12.6,Kandahar Knights,Balkh Legends,BB McCullum,MH Wessels,Qais Ahmad,1,0,,,,,,,,,
1160587,2018/19,2018-10-18,Sharjah Cricket Stadium,1,13.1,Kandahar Knights,Balkh Legends,BB McCullum,MH Wessels,Samiullah,1,0,,,,,,,,,
1160587,2018/19,2018-10-18,Sharjah Cricket Stadium,1,13.2,Kandahar Knights,Balkh Legends,MH Wessels,BB McCullum,Samiullah,1,0,,,,,,,,,
1160587,2018/19,2018-10-18,Sharjah Cricket Stadium,1,13.3,Kandahar Knights,Balkh Legends,BB McCullum,MH Wessels,Samiullah,1,0,,,,,,,,,
1160587,2018/19,2018-10-18,Sharjah Cricket Stadium,1,13.4,Kandahar Knights,Balkh Legends,MH Wessels,BB McCullum,Samiullah,1,0,,,,,,,,,
1160587,2018/19,2018-10-18,Sharjah Cricket Stadium,1,13.5,Kandahar Knights,Balkh Legends,BB McCullum,MH Wessels,Samiullah,6,0,,,,,,,,,
1160587,2018/19,2018-10-18,Sharjah Cricket Stadium,1,13.6,Kandahar Knights,Balkh Legends,BB McCullum,MH Wessels,Samiullah,6,0,,,,,,,,,
1160587,2018/19,2018-10-18,Sharjah Cricket Stadium,1,14.1,Kandahar Knights,Balkh Legends,MH Wessels,BB McCullum,RS Bopara,0,0,,,,,,,,,
1160587,2018/19,2018-10-18,Sharjah Cricket Stadium,1,14.2,Kandahar Knights,Balkh Legends,MH Wessels,BB McCullum,RS Bopara,1,0,,,,,,,,,
1160587,2018/19,2018-10-18,Sharjah Cricket Stadium,1,14.3,Kandahar Knights,Balkh Legends,BB McCullum,MH Wessels,RS Bopara,1,0,,,,,,,,,
1160587,2018/19,2018-10-18,Sharjah Cricket Stadium,1,14.4,Kandahar Knights,Balkh Legends,MH Wessels,BB McCullum,RS Bopara,1,0,,,,,,,,,
1160587,2018/19,2018-10-18,Sharjah Cricket Stadium,1,14.5,Kandahar Knights,Balkh Legends,BB McCullum,MH Wessels,RS Bopara,1,0,,,,,,,,,
1160587,2018/19,2018-10-18,Sharjah Cricket Stadium,1,14.6,Kandahar Knights,Balkh Legends,MH Wessels,BB McCullum,RS Bopara,1,0,,,,,,,,,
1160587,2018/19,2018-10-18,Sharjah Cricket Stadium,1,15.1,Kandahar Knights,Balkh Legends,MH Wessels,BB McCullum,Mirwais Ashraf,0,0,,,,,,,,,
1160587,2018/19,2018-10-18,Sharjah Cricket Stadium,1,15.2,Kandahar Knights,Balkh Legends,MH Wessels,BB McCullum,Mirwais Ashraf,1,0,,,,,,,,,
1160587,2018/19,2018-10-18,Sharjah Cricket Stadium,1,15.3,Kandahar Knights,Balkh Legends,BB McCullum,MH Wessels,Mirwais Ashraf,4,0,,,,,,,,,
1160587,2018/19,2018-10-18,Sharjah Cricket Stadium,1,15.4,Kandahar Knights,Balkh Legends,BB McCullum,MH Wessels,Mirwais Ashraf,1,0,,,,,,,,,
1160587,2018/19,2018-10-18,Sharjah Cricket Stadium,1,15.5,Kandahar Knights,Balkh Legends,MH Wessels,BB McCullum,Mirwais Ashraf,0,0,,,,,,,,,
1160587,2018/19,2018-10-18,Sharjah Cricket Stadium,1,15.6,Kandahar Knights,Balkh Legends,MH Wessels,BB McCullum,Mirwais Ashraf,4,0,,,,,,,,,
1160587,2018/19,2018-10-18,Sharjah Cricket Stadium,1,16.1,Kandahar Knights,Balkh Legends,BB McCullum,MH Wessels,RS Bopara,4,0,,,,,,,,,
1160587,2018/19,2018-10-18,Sharjah Cricket Stadium,1,16.2,Kandahar Knights,Balkh Legends,BB McCullum,MH Wessels,RS Bopara,1,0,,,,,,,,,
1160587,2018/19,2018-10-18,Sharjah Cricket Stadium,1,16.3,Kandahar Knights,Balkh Legends,MH Wessels,BB McCullum,RS Bopara,0,0,,,,,,,,,
1160587,2018/19,2018-10-18,Sharjah Cricket Stadium,1,16.4,Kandahar Knights,Balkh Legends,MH Wessels,BB McCullum,RS Bopara,1,0,,,,,,,,,
1160587,2018/19,2018-10-18,Sharjah Cricket Stadium,1,16.5,Kandahar Knights,Balkh Legends,BB McCullum,MH Wessels,RS Bopara,0,0,,,,,,caught,BB McCullum,,
1160587,2018/19,2018-10-18,Sharjah Cricket Stadium,1,16.6,Kandahar Knights,Balkh Legends,MH Wessels,Karim Janat,RS Bopara,0,0,,,,,,,,,
1160587,2018/19,2018-10-18,Sharjah Cricket Stadium,1,17.1,Kandahar Knights,Balkh Legends,Karim Janat,MH Wessels,Aftab Alam,1,0,,,,,,,,,
1160587,2018/19,2018-10-18,Sharjah Cricket Stadium,1,17.2,Kandahar Knights,Balkh Legends,MH Wessels,Karim Janat,Aftab Alam,6,0,,,,,,,,,
1160587,2018/19,2018-10-18,Sharjah Cricket Stadium,1,17.3,Kandahar Knights,Balkh Legends,MH Wessels,Karim Janat,Aftab Alam,1,0,,,,,,,,,
1160587,2018/19,2018-10-18,Sharjah Cricket Stadium,1,17.4,Kandahar Knights,Balkh Legends,Karim Janat,MH Wessels,Aftab Alam,1,0,,,,,,,,,
1160587,2018/19,2018-10-18,Sharjah Cricket Stadium,1,17.5,Kandahar Knights,Balkh Legends,MH Wessels,Karim Janat,Aftab Alam,1,0,,,,,,,,,
1160587,2018/19,2018-10-18,Sharjah Cricket Stadium,1,17.6,Kandahar Knights,Balkh Legends,Karim Janat,MH Wessels,Aftab Alam,6,0,,,,,,,,,
1160587,2018/19,2018-10-18,Sharjah Cricket Stadium,1,18.1,Kandahar Knights,Balkh Legends,MH Wessels,Karim Janat,Mirwais Ashraf,1,0,,,,,,,,,
1160587,2018/19,2018-10-18,Sharjah Cricket Stadium,1,18.2,Kandahar Knights,Balkh Legends,Karim Janat,MH Wessels,Mirwais Ashraf,1,0,,,,,,,,,
1160587,2018/19,2018-10-18,Sharjah Cricket Stadium,1,18.3,Kandahar Knights,Balkh Legends,MH Wessels,Karim Janat,Mirwais Ashraf,4,0,,,,,,,,,
1160587,2018/19,2018-10-18,Sharjah Cricket Stadium,1,18.4,Kandahar Knights,Balkh Legends,MH Wessels,Karim Janat,Mirwais Ashraf,0,0,,,,,,,,,
1160587,2018/19,2018-10-18,Sharjah Cricket Stadium,1,18.5,Kandahar Knights,Balkh Legends,MH Wessels,Karim Janat,Mirwais Ashraf,0,0,,,,,,caught,MH Wessels,,
1160587,2018/19,2018-10-18,Sharjah Cricket Stadium,1,18.6,Kandahar Knights,Balkh Legends,Karim Janat,Najibullah Zadran,Mirwais Ashraf,0,0,,,,,,caught,Karim Janat,,
1160587,2018/19,2018-10-18,Sharjah Cricket Stadium,1,19.1,Kandahar Knights,Balkh Legends,Najibullah Zadran,Sayed Shirzad,Aftab Alam,1,0,,,,,,,,,
1160587,2018/19,2018-10-18,Sharjah Cricket Stadium,1,19.2,Kandahar Knights,Balkh Legends,Sayed Shirzad,Najibullah Zadran,Aftab Alam,1,0,,,,,,,,,
1160587,2018/19,2018-10-18,Sharjah Cricket Stadium,1,19.3,Kandahar Knights,Balkh Legends,Najibullah Zadran,Sayed Shirzad,Aftab Alam,1,0,,,,,,run out,Sayed Shirzad,,
1160587,2018/19,2018-10-18,Sharjah Cricket Stadium,1,19.4,Kandahar Knights,Balkh Legends,Najibullah Zadran,TS Mills,Aftab Alam,1,0,,,,,,,,,
1160587,2018/19,2018-10-18,Sharjah Cricket Stadium,1,19.5,Kandahar Knights,Balkh Legends,TS Mills,Najibullah Zadran,Aftab Alam,0,0,,,,,,,,,
1160587,2018/19,2018-10-18,Sharjah Cricket Stadium,1,19.6,Kandahar Knights,Balkh Legends,TS Mills,Najibullah Zadran,Aftab Alam,1,0,,,,,,run out,TS Mills,,
1160587,2018/19,2018-10-18,Sharjah Cricket Stadium,2,0.1,Balkh Legends,Kandahar Knights,CH Gayle,C Munro,Karim Sadiq,0,0,,,,,,,,,
1160587,2018/19,2018-10-18,Sharjah Cricket Stadium,2,0.2,Balkh Legends,Kandahar Knights,CH Gayle,C Munro,Karim Sadiq,6,0,,,,,,,,,
1160587,2018/19,2018-10-18,Sharjah Cricket Stadium,2,0.3,Balkh Legends,Kandahar Knights,CH Gayle,C Munro,Karim Sadiq,0,0,,,,,,,,,
1160587,2018/19,2018-10-18,Sharjah Cricket Stadium,2,0.4,Balkh Legends,Kandahar Knights,CH Gayle,C Munro,Karim Sadiq,6,0,,,,,,,,,
1160587,2018/19,2018-10-18,Sharjah Cricket Stadium,2,0.5,Balkh Legends,Kandahar Knights,CH Gayle,C Munro,Karim Sadiq,4,0,,,,,,,,,
1160587,2018/19,2018-10-18,Sharjah Cricket Stadium,2,0.6,Balkh Legends,Kandahar Knights,CH Gayle,C Munro,Karim Sadiq,0,0,,,,,,,,,
1160587,2018/19,2018-10-18,Sharjah Cricket Stadium,2,1.1,Balkh Legends,Kandahar Knights,C Munro,CH Gayle,Sayed Shirzad,0,0,,,,,,,,,
1160587,2018/19,2018-10-18,Sharjah Cricket Stadium,2,1.2,Balkh Legends,Kandahar Knights,C Munro,CH Gayle,Sayed Shirzad,0,0,,,,,,,,,
1160587,2018/19,2018-10-18,Sharjah Cricket Stadium,2,1.3,Balkh Legends,Kandahar Knights,C Munro,CH Gayle,Sayed Shirzad,1,0,,,,,,,,,
1160587,2018/19,2018-10-18,Sharjah Cricket Stadium,2,1.4,Balkh Legends,Kandahar Knights,CH Gayle,C Munro,Sayed Shirzad,1,0,,,,,,,,,
1160587,2018/19,2018-10-18,Sharjah Cricket Stadium,2,1.5,Balkh Legends,Kandahar Knights,C Munro,CH Gayle,Sayed Shirzad,0,0,,,,,,,,,
1160587,2018/19,2018-10-18,Sharjah Cricket Stadium,2,1.6,Balkh Legends,Kandahar Knights,C Munro,CH Gayle,Sayed Shirzad,0,0,,,,,,,,,
1160587,2018/19,2018-10-18,Sharjah Cricket Stadium,2,2.1,Balkh Legends,Kandahar Knights,CH Gayle,C Munro,Karim Sadiq,6,0,,,,,,,,,
1160587,2018/19,2018-10-18,Sharjah Cricket Stadium,2,2.2,Balkh Legends,Kandahar Knights,CH Gayle,C Munro,Karim Sadiq,4,0,,,,,,,,,
1160587,2018/19,2018-10-18,Sharjah Cricket Stadium,2,2.3,Balkh Legends,Kandahar Knights,CH Gayle,C Munro,Karim Sadiq,6,0,,,,,,,,,
1160587,2018/19,2018-10-18,Sharjah Cricket Stadium,2,2.4,Balkh Legends,Kandahar Knights,CH Gayle,C Munro,Karim Sadiq,4,0,,,,,,,,,
1160587,2018/19,2018-10-18,Sharjah Cricket Stadium,2,2.5,Balkh Legends,Kandahar Knights,CH Gayle,C Munro,Karim Sadiq,1,0,,,,,,,,,
1160587,2018/19,2018-10-18,Sharjah Cricket Stadium,2,2.6,Balkh Legends,Kandahar Knights,C Munro,CH Gayle,Karim Sadiq,0,0,,,,,,,,,
1160587,2018/19,2018-10-18,Sharjah Cricket Stadium,2,3.1,Balkh Legends,Kandahar Knights,CH Gayle,C Munro,TS Mills,1,0,,,,,,,,,
1160587,2018/19,2018-10-18,Sharjah Cricket Stadium,2,3.2,Balkh Legends,Kandahar Knights,C Munro,CH Gayle,TS Mills,0,0,,,,,,,,,
1160587,2018/19,2018-10-18,Sharjah Cricket Stadium,2,3.3,Balkh Legends,Kandahar Knights,C Munro,CH Gayle,TS Mills,4,0,,,,,,,,,
1160587,2018/19,2018-10-18,Sharjah Cricket Stadium,2,3.4,Balkh Legends,Kandahar Knights,C Munro,CH Gayle,TS Mills,0,0,,,,,,,,,
1160587,2018/19,2018-10-18,Sharjah Cricket Stadium,2,3.5,Balkh Legends,Kandahar Knights,C Munro,CH Gayle,TS Mills,0,0,,,,,,,,,
1160587,2018/19,2018-10-18,Sharjah Cricket Stadium,2,3.6,Balkh Legends,Kandahar Knights,C Munro,CH Gayle,TS Mills,0,0,,,,,,,,,
1160587,2018/19,2018-10-18,Sharjah Cricket Stadium,2,4.1,Balkh Legends,Kandahar Knights,CH Gayle,C Munro,Sayed Shirzad,1,0,,,,,,,,,
1160587,2018/19,2018-10-18,Sharjah Cricket Stadium,2,4.2,Balkh Legends,Kandahar Knights,C Munro,CH Gayle,Sayed Shirzad,1,0,,,,,,,,,
1160587,2018/19,2018-10-18,Sharjah Cricket Stadium,2,4.3,Balkh Legends,Kandahar Knights,CH Gayle,C Munro,Sayed Shirzad,6,0,,,,,,,,,
1160587,2018/19,2018-10-18,Sharjah Cricket Stadium,2,4.4,Balkh Legends,Kandahar Knights,CH Gayle,C Munro,Sayed Shirzad,6,0,,,,,,,,,
1160587,2018/19,2018-10-18,Sharjah Cricket Stadium,2,4.5,Balkh Legends,Kandahar Knights,CH Gayle,C Munro,Sayed Shirzad,6,0,,,,,,,,,
1160587,2018/19,2018-10-18,Sharjah Cricket Stadium,2,4.6,Balkh Legends,Kandahar Knights,CH Gayle,C Munro,Sayed Shirzad,4,0,,,,,,,,,
1160587,2018/19,2018-10-18,Sharjah Cricket Stadium,2,5.1,Balkh Legends,Kandahar Knights,C Munro,CH Gayle,TS Mills,0,1,1,,,,,,,,
1160587,2018/19,2018-10-18,Sharjah Cricket Stadium,2,5.2,Balkh Legends,Kandahar Knights,C Munro,CH Gayle,TS Mills,0,0,,,,,,,,,
1160587,2018/19,2018-10-18,Sharjah Cricket Stadium,2,5.3,Balkh Legends,Kandahar Knights,C Munro,CH Gayle,TS Mills,1,0,,,,,,,,,
1160587,2018/19,2018-10-18,Sharjah Cricket Stadium,2,5.4,Balkh Legends,Kandahar Knights,CH Gayle,C Munro,TS Mills,4,0,,,,,,,,,
1160587,2018/19,2018-10-18,Sharjah Cricket Stadium,2,5.5,Balkh Legends,Kandahar Knights,CH Gayle,C Munro,TS Mills,6,0,,,,,,,,,
1160587,2018/19,2018-10-18,Sharjah Cricket Stadium,2,5.6,Balkh Legends,Kandahar Knights,CH Gayle,C Munro,TS Mills,1,0,,,,,,,,,
1160587,2018/19,2018-10-18,Sharjah Cricket Stadium,2,5.7,Balkh Legends,Kandahar Knights,C Munro,CH Gayle,TS Mills,4,0,,,,,,,,,
1160587,2018/19,2018-10-18,Sharjah Cricket Stadium,2,6.1,Balkh Legends,Kandahar Knights,CH Gayle,C Munro,Karim Janat,0,0,,,,,,caught,CH Gayle,,
1160587,2018/19,2018-10-18,Sharjah Cricket Stadium,2,6.2,Balkh Legends,Kandahar Knights,Darwish Rasooli,C Munro,Karim Janat,1,0,,,,,,,,,
1160587,2018/19,2018-10-18,Sharjah Cricket Stadium,2,6.3,Balkh Legends,Kandahar Knights,C Munro,Darwish Rasooli,Karim Janat,1,0,,,,,,,,,
1160587,2018/19,2018-10-18,Sharjah Cricket Stadium,2,6.4,Balkh Legends,Kandahar Knights,Darwish Rasooli,C Munro,Karim Janat,0,0,,,,,,,,,
1160587,2018/19,2018-10-18,Sharjah Cricket Stadium,2,6.5,Balkh Legends,Kandahar Knights,Darwish Rasooli,C Munro,Karim Janat,0,0,,,,,,,,,
1160587,2018/19,2018-10-18,Sharjah Cricket Stadium,2,6.6,Balkh Legends,Kandahar Knights,Darwish Rasooli,C Munro,Karim Janat,1,0,,,,,,,,,
1160587,2018/19,2018-10-18,Sharjah Cricket Stadium,2,7.1,Balkh Legends,Kandahar Knights,Darwish Rasooli,C Munro,Waqar Salamkheil,0,0,,,,,,,,,
1160587,2018/19,2018-10-18,Sharjah Cricket Stadium,2,7.2,Balkh Legends,Kandahar Knights,Darwish Rasooli,C Munro,Waqar Salamkheil,0,0,,,,,,,,,
1160587,2018/19,2018-10-18,Sharjah Cricket Stadium,2,7.3,Balkh Legends,Kandahar Knights,Darwish Rasooli,C Munro,Waqar Salamkheil,0,0,,,,,,,,,
1160587,2018/19,2018-10-18,Sharjah Cricket Stadium,2,7.4,Balkh Legends,Kandahar Knights,Darwish Rasooli,C Munro,Waqar Salamkheil,1,0,,,,,,,,,
1160587,2018/19,2018-10-18,Sharjah Cricket Stadium,2,7.5,Balkh Legends,Kandahar Knights,C Munro,Darwish Rasooli,Waqar Salamkheil,0,0,,,,,,lbw,C Munro,,
1160587,2018/19,2018-10-18,Sharjah Cricket Stadium,2,7.6,Balkh Legends,Kandahar Knights,RN ten Doeschate,Darwish Rasooli,Waqar Salamkheil,1,0,,,,,,,,,
1160587,2018/19,2018-10-18,Sharjah Cricket Stadium,2,8.1,Balkh Legends,Kandahar Knights,RN ten Doeschate,Darwish Rasooli,Karim Janat,0,0,,,,,,,,,
1160587,2018/19,2018-10-18,Sharjah Cricket Stadium,2,8.2,Balkh Legends,Kandahar Knights,RN ten Doeschate,Darwish Rasooli,Karim Janat,0,0,,,,,,,,,
1160587,2018/19,2018-10-18,Sharjah Cricket Stadium,2,8.3,Balkh Legends,Kandahar Knights,RN ten Doeschate,Darwish Rasooli,Karim Janat,1,0,,,,,,,,,
1160587,2018/19,2018-10-18,Sharjah Cricket Stadium,2,8.4,Balkh Legends,Kandahar Knights,Darwish Rasooli,RN ten Doeschate,Karim Janat,0,0,,,,,,,,,
1160587,2018/19,2018-10-18,Sharjah Cricket Stadium,2,8.5,Balkh Legends,Kandahar Knights,Darwish Rasooli,RN ten Doeschate,Karim Janat,0,0,,,,,,,,,
1160587,2018/19,2018-10-18,Sharjah Cricket Stadium,2,8.6,Balkh Legends,Kandahar Knights,Darwish Rasooli,RN ten Doeschate,Karim Janat,1,0,,,,,,,,,
1160587,2018/19,2018-10-18,Sharjah Cricket Stadium,2,9.1,Balkh Legends,Kandahar Knights,Darwish Rasooli,RN ten Doeschate,Waqar Salamkheil,1,0,,,,,,,,,
1160587,2018/19,2018-10-18,Sharjah Cricket Stadium,2,9.2,Balkh Legends,Kandahar Knights,RN ten Doeschate,Darwish Rasooli,Waqar Salamkheil,1,0,,,,,,,,,
1160587,2018/19,2018-10-18,Sharjah Cricket Stadium,2,9.3,Balkh Legends,Kandahar Knights,Darwish Rasooli,RN ten Doeschate,Waqar Salamkheil,0,0,,,,,,caught,Darwish Rasooli,,
1160587,2018/19,2018-10-18,Sharjah Cricket Stadium,2,9.4,Balkh Legends,Kandahar Knights,RN ten Doeschate,RS Bopara,Waqar Salamkheil,0,0,,,,,,,,,
1160587,2018/19,2018-10-18,Sharjah Cricket Stadium,2,9.5,Balkh Legends,Kandahar Knights,RN ten Doeschate,RS Bopara,Waqar Salamkheil,0,0,,,,,,,,,
1160587,2018/19,2018-10-18,Sharjah Cricket Stadium,2,9.6,Balkh Legends,Kandahar Knights,RN ten Doeschate,RS Bopara,Waqar Salamkheil,2,0,,,,,,,,,
1160587,2018/19,2018-10-18,Sharjah Cricket Stadium,2,10.1,Balkh Legends,Kandahar Knights,RS Bopara,RN ten Doeschate,Karim Janat,0,0,,,,,,,,,
1160587,2018/19,2018-10-18,Sharjah Cricket Stadium,2,10.2,Balkh Legends,Kandahar Knights,RS Bopara,RN ten Doeschate,Karim Janat,1,0,,,,,,,,,
1160587,2018/19,2018-10-18,Sharjah Cricket Stadium,2,10.3,Balkh Legends,Kandahar Knights,RN ten Doeschate,RS Bopara,Karim Janat,1,0,,,,,,,,,
1160587,2018/19,2018-10-18,Sharjah Cricket Stadium,2,10.4,Balkh Legends,Kandahar Knights,RS Bopara,RN ten Doeschate,Karim Janat,0,0,,,,,,,,,
1160587,2018/19,2018-10-18,Sharjah Cricket Stadium,2,10.5,Balkh Legends,Kandahar Knights,RS Bopara,RN ten Doeschate,Karim Janat,4,0,,,,,,,,,
1160587,2018/19,2018-10-18,Sharjah Cricket Stadium,2,10.6,Balkh Legends,Kandahar Knights,RS Bopara,RN ten Doeschate,Karim Janat,0,0,,,,,,,,,
1160587,2018/19,2018-10-18,Sharjah Cricket Stadium,2,11.1,Balkh Legends,Kandahar Knights,RN ten Doeschate,RS Bopara,Waqar Salamkheil,1,0,,,,,,,,,
1160587,2018/19,2018-10-18,Sharjah Cricket Stadium,2,11.2,Balkh Legends,Kandahar Knights,RS Bopara,RN ten Doeschate,Waqar Salamkheil,0,0,,,,,,,,,
1160587,2018/19,2018-10-18,Sharjah Cricket Stadium,2,11.3,Balkh Legends,Kandahar Knights,RS Bopara,RN ten Doeschate,Waqar Salamkheil,1,0,,,,,,,,,
1160587,2018/19,2018-10-18,Sharjah Cricket Stadium,2,11.4,Balkh Legends,Kandahar Knights,RN ten Doeschate,RS Bopara,Waqar Salamkheil,0,0,,,,,,,,,
1160587,2018/19,2018-10-18,Sharjah Cricket Stadium,2,11.5,Balkh Legends,Kandahar Knights,RN ten Doeschate,RS Bopara,Waqar Salamkheil,0,0,,,,,,,,,
1160587,2018/19,2018-10-18,Sharjah Cricket Stadium,2,11.6,Balkh Legends,Kandahar Knights,RN ten Doeschate,RS Bopara,Waqar Salamkheil,4,0,,,,,,,,,
1160587,2018/19,2018-10-18,Sharjah Cricket Stadium,2,12.1,Balkh Legends,Kandahar Knights,RS Bopara,RN ten Doeschate,Sayed Shirzad,4,0,,,,,,,,,
1160587,2018/19,2018-10-18,Sharjah Cricket Stadium,2,12.2,Balkh Legends,Kandahar Knights,RS Bopara,RN ten Doeschate,Sayed Shirzad,0,0,,,,,,,,,
1160587,2018/19,2018-10-18,Sharjah Cricket Stadium,2,12.3,Balkh Legends,Kandahar Knights,RS Bopara,RN ten Doeschate,Sayed Shirzad,1,0,,,,,,,,,
1160587,2018/19,2018-10-18,Sharjah Cricket Stadium,2,12.4,Balkh Legends,Kandahar Knights,RN ten Doeschate,RS Bopara,Sayed Shirzad,0,0,,,,,,,,,
1160587,2018/19,2018-10-18,Sharjah Cricket Stadium,2,12.5,Balkh Legends,Kandahar Knights,RN ten Doeschate,RS Bopara,Sayed Shirzad,1,0,,,,,,,,,
1160587,2018/19,2018-10-18,Sharjah Cricket Stadium,2,12.6,Balkh Legends,Kandahar Knights,RS Bopara,RN ten Doeschate,Sayed Shirzad,1,0,,,,,,,,,
1160587,2018/19,2018-10-18,Sharjah Cricket Stadium,2,13.1,Balkh Legends,Kandahar Knights,RS Bopara,RN ten Doeschate,Waqar Salamkheil,1,0,,,,,,,,,
1160587,2018/19,2018-10-18,Sharjah Cricket Stadium,2,13.2,Balkh Legends,Kandahar Knights,RN ten Doeschate,RS Bopara,Waqar Salamkheil,1,0,,,,,,,,,
1160587,2018/19,2018-10-18,Sharjah Cricket Stadium,2,13.3,Balkh Legends,Kandahar Knights,RS Bopara,RN ten Doeschate,Waqar Salamkheil,0,0,,,,,,,,,
1160587,2018/19,2018-10-18,Sharjah Cricket Stadium,2,13.4,Balkh Legends,Kandahar Knights,RS Bopara,RN ten Doeschate,Waqar Salamkheil,1,0,,,,,,,,,
1160587,2018/19,2018-10-18,Sharjah Cricket Stadium,2,13.5,Balkh Legends,Kandahar Knights,RN ten Doeschate,RS Bopara,Waqar Salamkheil,0,0,,,,,,,,,
1160587,2018/19,2018-10-18,Sharjah Cricket Stadium,2,13.6,Balkh Legends,Kandahar Knights,RN ten Doeschate,RS Bopara,Waqar Salamkheil,6,0,,,,,,,,,
1160587,2018/19,2018-10-18,Sharjah Cricket Stadium,2,14.1,Balkh Legends,Kandahar Knights,RS Bopara,RN ten Doeschate,TS Mills,1,0,,,,,,,,,
1160587,2018/19,2018-10-18,Sharjah Cricket Stadium,2,14.2,Balkh Legends,Kandahar Knights,RN ten Doeschate,RS Bopara,TS Mills,0,0,,,,,,,,,
1160587,2018/19,2018-10-18,Sharjah Cricket Stadium,2,14.3,Balkh Legends,Kandahar Knights,RN ten Doeschate,RS Bopara,TS Mills,1,0,,,,,,,,,
1160587,2018/19,2018-10-18,Sharjah Cricket Stadium,2,14.4,Balkh Legends,Kandahar Knights,RS Bopara,RN ten Doeschate,TS Mills,0,0,,,,,,,,,
1160587,2018/19,2018-10-18,Sharjah Cricket Stadium,2,14.5,Balkh Legends,Kandahar Knights,RS Bopara,RN ten Doeschate,TS Mills,1,0,,,,,,,,,
1160587,2018/19,2018-10-18,Sharjah Cricket Stadium,2,14.6,Balkh Legends,Kandahar Knights,RN ten Doeschate,RS Bopara,TS Mills,1,0,,,,,,,,,
1160587,2018/19,2018-10-18,Sharjah Cricket Stadium,2,15.1,Balkh Legends,Kandahar Knights,RN ten Doeschate,RS Bopara,Karim Janat,1,0,,,,,,,,,
1160587,2018/19,2018-10-18,Sharjah Cricket Stadium,2,15.2,Balkh Legends,Kandahar Knights,RS Bopara,RN ten Doeschate,Karim Janat,1,0,,,,,,,,,
1160587,2018/19,2018-10-18,Sharjah Cricket Stadium,2,15.3,Balkh Legends,Kandahar Knights,RN ten Doeschate,RS Bopara,Karim Janat,0,0,,,,,,,,,
1160587,2018/19,2018-10-18,Sharjah Cricket Stadium,2,15.4,Balkh Legends,Kandahar Knights,RN ten Doeschate,RS Bopara,Karim Janat,1,0,,,,,,,,,
1160587,2018/19,2018-10-18,Sharjah Cricket Stadium,2,15.5,Balkh Legends,Kandahar Knights,RS Bopara,RN ten Doeschate,Karim Janat,1,0,,,,,,,,,
1160587,2018/19,2018-10-18,Sharjah Cricket Stadium,2,15.6,Balkh Legends,Kandahar Knights,RN ten Doeschate,RS Bopara,Karim Janat,1,0,,,,,,,,,
1160587,2018/19,2018-10-18,Sharjah Cricket Stadium,2,16.1,Balkh Legends,Kandahar Knights,RN ten Doeschate,RS Bopara,TS Mills,0,0,,,,,,,,,
1160587,2018/19,2018-10-18,Sharjah Cricket Stadium,2,16.2,Balkh Legends,Kandahar Knights,RN ten Doeschate,RS Bopara,TS Mills,1,0,,,,,,,,,
1160587,2018/19,2018-10-18,Sharjah Cricket Stadium,2,16.3,Balkh Legends,Kandahar Knights,RS Bopara,RN ten Doeschate,TS Mills,1,0,,,,,,,,,
1160587,2018/19,2018-10-18,Sharjah Cricket Stadium,2,16.4,Balkh Legends,Kandahar Knights,RN ten Doeschate,RS Bopara,TS Mills,1,0,,,,,,,,,
1160587,2018/19,2018-10-18,Sharjah Cricket Stadium,2,16.5,Balkh Legends,Kandahar Knights,RS Bopara,RN ten Doeschate,TS Mills,2,0,,,,,,,,,
1160587,2018/19,2018-10-18,Sharjah Cricket Stadium,2,16.6,Balkh Legends,Kandahar Knights,RS Bopara,RN ten Doeschate,TS Mills,1,0,,,,,,,,,
1160587,2018/19,2018-10-18,Sharjah Cricket Stadium,2,17.1,Balkh Legends,Kandahar Knights,RS Bopara,RN ten Doeschate,Sayed Shirzad,0,0,,,,,,caught,RS Bopara,,
1160587,2018/19,2018-10-18,Sharjah Cricket Stadium,2,17.2,Balkh Legends,Kandahar Knights,Ikram Alikhil,RN ten Doeschate,Sayed Shirzad,0,0,,,,,,,,,
1160587,2018/19,2018-10-18,Sharjah Cricket Stadium,2,17.3,Balkh Legends,Kandahar Knights,Ikram Alikhil,RN ten Doeschate,Sayed Shirzad,0,0,,,,,,,,,
1160587,2018/19,2018-10-18,Sharjah Cricket Stadium,2,17.4,Balkh Legends,Kandahar Knights,Ikram Alikhil,RN ten Doeschate,Sayed Shirzad,1,0,,,,,,,,,
1160587,2018/19,2018-10-18,Sharjah Cricket Stadium,2,17.5,Balkh Legends,Kandahar Knights,RN ten Doeschate,Ikram Alikhil,Sayed Shirzad,0,1,,1,,,,,,,
1160587,2018/19,2018-10-18,Sharjah Cricket Stadium,2,17.6,Balkh Legends,Kandahar Knights,RN ten Doeschate,Ikram Alikhil,Sayed Shirzad,1,0,,,,,,,,,
