match_id,season,start_date,venue,innings,ball,batting_team,bowling_team,striker,non_striker,bowler,runs_off_bat,extras,wides,noballs,byes,legbyes,penalty,wicket_type,player_dismissed,other_wicket_type,other_player_dismissed
1160569,2018/19,2018-10-05,Sharjah Cricket Stadium,1,0.1,Paktia Panthers,Kabul Zwanan,Mohammad Shahzad,Ihsanullah,WD Parnell,0,0,,,,,,,,,
1160569,2018/19,2018-10-05,Sharjah Cricket Stadium,1,0.2,Paktia Panthers,Kabul Zwanan,Mohammad Shahzad,Ihsanullah,WD Parnell,0,1,1,,,,,,,,
1160569,2018/19,2018-10-05,Sharjah Cricket Stadium,1,0.3,Paktia Panthers,Kabul Zwanan,Mohammad Shahzad,Ihsanullah,WD Parnell,0,0,,,,,,,,,
1160569,2018/19,2018-10-05,Sharjah Cricket Stadium,1,0.4,Paktia Panthers,Kabul Zwanan,Mohammad Shahzad,Ihsanullah,WD Parnell,0,0,,,,,,,,,
1160569,2018/19,2018-10-05,Sharjah Cricket Stadium,1,0.5,Paktia Panthers,Kabul Zwanan,Mohammad Shahzad,Ihsanullah,WD Parnell,0,0,,,,,,,,,
1160569,2018/19,2018-10-05,Sharjah Cricket Stadium,1,0.6,Paktia Panthers,Kabul Zwanan,Mohammad Shahzad,Ihsanullah,WD Parnell,0,0,,,,,,,,,
1160569,2018/19,2018-10-05,Sharjah Cricket Stadium,1,0.7,Paktia Panthers,Kabul Zwanan,Mohammad Shahzad,Ihsanullah,WD Parnell,0,1,1,,,,,,,,
1160569,2018/19,2018-10-05,Sharjah Cricket Stadium,1,0.8,Paktia Panthers,Kabul Zwanan,Mohammad Shahzad,Ihsanullah,WD Parnell,0,0,,,,,,,,,
1160569,2018/19,2018-10-05,Sharjah Cricket Stadium,1,1.1,Paktia Panthers,Kabul Zwanan,Ihsanullah,Mohammad Shahzad,Ali Khan,1,0,,,,,,,,,
1160569,2018/19,2018-10-05,Sharjah Cricket Stadium,1,1.2,Paktia Panthers,Kabul Zwanan,Mohammad Shahzad,Ihsanullah,Ali Khan,4,0,,,,,,,,,
1160569,2018/19,2018-10-05,Sharjah Cricket Stadium,1,1.3,Paktia Panthers,Kabul Zwanan,Mohammad Shahzad,Ihsanullah,Ali Khan,4,0,,,,,,,,,
1160569,2018/19,2018-10-05,Sharjah Cricket Stadium,1,1.4,Paktia Panthers,Kabul Zwanan,Mohammad Shahzad,Ihsanullah,Ali Khan,0,0,,,,,,,,,
1160569,2018/19,2018-10-05,Sharjah Cricket Stadium,1,1.5,Paktia Panthers,Kabul Zwanan,Mohammad Shahzad,Ihsanullah,Ali Khan,0,0,,,,,,,,,
1160569,2018/19,2018-10-05,Sharjah Cricket Stadium,1,1.6,Paktia Panthers,Kabul Zwanan,Mohammad Shahzad,Ihsanullah,Ali Khan,4,0,,,,,,,,,
1160569,2018/19,2018-10-05,Sharjah Cricket Stadium,1,2.1,Paktia Panthers,Kabul Zwanan,Ihsanullah,Mohammad Shahzad,WD Parnell,1,0,,,,,,,,,
1160569,2018/19,2018-10-05,Sharjah Cricket Stadium,1,2.2,Paktia Panthers,Kabul Zwanan,Mohammad Shahzad,Ihsanullah,WD Parnell,6,0,,,,,,,,,
1160569,2018/19,2018-10-05,Sharjah Cricket Stadium,1,2.3,Paktia Panthers,Kabul Zwanan,Mohammad Shahzad,Ihsanullah,WD Parnell,0,0,,,,,,,,,
1160569,2018/19,2018-10-05,Sharjah Cricket Stadium,1,2.4,Paktia Panthers,Kabul Zwanan,Mohammad Shahzad,Ihsanullah,WD Parnell,0,0,,,,,,,,,
1160569,2018/19,2018-10-05,Sharjah Cricket Stadium,1,2.5,Paktia Panthers,Kabul Zwanan,Mohammad Shahzad,Ihsanullah,WD Parnell,0,0,,,,,,,,,
1160569,2018/19,2018-10-05,Sharjah Cricket Stadium,1,2.6,Paktia Panthers,Kabul Zwanan,Mohammad Shahzad,Ihsanullah,WD Parnell,1,0,,,,,,,,,
1160569,2018/19,2018-10-05,Sharjah Cricket Stadium,1,3.1,Paktia Panthers,Kabul Zwanan,Mohammad Shahzad,Ihsanullah,Zahir Shehzad,1,0,,,,,,,,,
1160569,2018/19,2018-10-05,Sharjah Cricket Stadium,1,3.2,Paktia Panthers,Kabul Zwanan,Ihsanullah,Mohammad Shahzad,Zahir Shehzad,0,0,,,,,,,,,
1160569,2018/19,2018-10-05,Sharjah Cricket Stadium,1,3.3,Paktia Panthers,Kabul Zwanan,Ihsanullah,Mohammad Shahzad,Zahir Shehzad,1,0,,,,,,,,,
1160569,2018/19,2018-10-05,Sharjah Cricket Stadium,1,3.4,Paktia Panthers,Kabul Zwanan,Mohammad Shahzad,Ihsanullah,Zahir Shehzad,4,0,,,,,,,,,
1160569,2018/19,2018-10-05,Sharjah Cricket Stadium,1,3.5,Paktia Panthers,Kabul Zwanan,Mohammad Shahzad,Ihsanullah,Zahir Shehzad,0,0,,,,,,,,,
1160569,2018/19,2018-10-05,Sharjah Cricket Stadium,1,3.6,Paktia Panthers,Kabul Zwanan,Mohammad Shahzad,Ihsanullah,Zahir Shehzad,1,0,,,,,,,,,
1160569,2018/19,2018-10-05,Sharjah Cricket Stadium,1,4.1,Paktia Panthers,Kabul Zwanan,Mohammad Shahzad,Ihsanullah,Ali Khan,4,0,,,,,,,,,
1160569,2018/19,2018-10-05,Sharjah Cricket Stadium,1,4.2,Paktia Panthers,Kabul Zwanan,Mohammad Shahzad,Ihsanullah,Ali Khan,1,0,,,,,,,,,
1160569,2018/19,2018-10-05,Sharjah Cricket Stadium,1,4.3,Paktia Panthers,Kabul Zwanan,Ihsanullah,Mohammad Shahzad,Ali Khan,4,0,,,,,,,,,
1160569,2018/19,2018-10-05,Sharjah Cricket Stadium,1,4.4,Paktia Panthers,Kabul Zwanan,Ihsanullah,Mohammad Shahzad,Ali Khan,0,0,,,,,,,,,
1160569,2018/19,2018-10-05,Sharjah Cricket Stadium,1,4.5,Paktia Panthers,Kabul Zwanan,Ihsanullah,Mohammad Shahzad,Ali Khan,4,0,,,,,,,,,
1160569,2018/19,2018-10-05,Sharjah Cricket Stadium,1,4.6,Paktia Panthers,Kabul Zwanan,Ihsanullah,Mohammad Shahzad,Ali Khan,4,0,,,,,,,,,
1160569,2018/19,2018-10-05,Sharjah Cricket Stadium,1,5.1,Paktia Panthers,Kabul Zwanan,Mohammad Shahzad,Ihsanullah,Zahir Shehzad,0,0,,,,,,,,,
1160569,2018/19,2018-10-05,Sharjah Cricket Stadium,1,5.2,Paktia Panthers,Kabul Zwanan,Mohammad Shahzad,Ihsanullah,Zahir Shehzad,0,0,,,,,,,,,
1160569,2018/19,2018-10-05,Sharjah Cricket Stadium,1,5.3,Paktia Panthers,Kabul Zwanan,Mohammad Shahzad,Ihsanullah,Zahir Shehzad,4,0,,,,,,,,,
1160569,2018/19,2018-10-05,Sharjah Cricket Stadium,1,5.4,Paktia Panthers,Kabul Zwanan,Mohammad Shahzad,Ihsanullah,Zahir Shehzad,0,0,,,,,,,,,
1160569,2018/19,2018-10-05,Sharjah Cricket Stadium,1,5.5,Paktia Panthers,Kabul Zwanan,Mohammad Shahzad,Ihsanullah,Zahir Shehzad,1,0,,,,,,,,,
1160569,2018/19,2018-10-05,Sharjah Cricket Stadium,1,5.6,Paktia Panthers,Kabul Zwanan,Ihsanullah,Mohammad Shahzad,Zahir Shehzad,1,0,,,,,,,,,
1160569,2018/19,2018-10-05,Sharjah Cricket Stadium,1,6.1,Paktia Panthers,Kabul Zwanan,Ihsanullah,Mohammad Shahzad,Fareed Ahmad,1,0,,,,,,,,,
1160569,2018/19,2018-10-05,Sharjah Cricket Stadium,1,6.2,Paktia Panthers,Kabul Zwanan,Mohammad Shahzad,Ihsanullah,Fareed Ahmad,1,0,,,,,,,,,
1160569,2018/19,2018-10-05,Sharjah Cricket Stadium,1,6.3,Paktia Panthers,Kabul Zwanan,Ihsanullah,Mohammad Shahzad,Fareed Ahmad,6,0,,,,,,,,,
1160569,2018/19,2018-10-05,Sharjah Cricket Stadium,1,6.4,Paktia Panthers,Kabul Zwanan,Ihsanullah,Mohammad Shahzad,Fareed Ahmad,1,0,,,,,,,,,
1160569,2018/19,2018-10-05,Sharjah Cricket Stadium,1,6.5,Paktia Panthers,Kabul Zwanan,Mohammad Shahzad,Ihsanullah,Fareed Ahmad,4,0,,,,,,,,,
1160569,2018/19,2018-10-05,Sharjah Cricket Stadium,1,6.6,Paktia Panthers,Kabul Zwanan,Mohammad Shahzad,Ihsanullah,Fareed Ahmad,0,0,,,,,,,,,
1160569,2018/19,2018-10-05,Sharjah Cricket Stadium,1,7.1,Paktia Panthers,Kabul Zwanan,Ihsanullah,Mohammad Shahzad,Rashid Khan,0,0,,,,,,,,,
1160569,2018/19,2018-10-05,Sharjah Cricket Stadium,1,7.2,Paktia Panthers,Kabul Zwanan,Ihsanullah,Mohammad Shahzad,Rashid Khan,1,0,,,,,,,,,
1160569,2018/19,2018-10-05,Sharjah Cricket Stadium,1,7.3,Paktia Panthers,Kabul Zwanan,Mohammad Shahzad,Ihsanullah,Rashid Khan,6,0,,,,,,,,,
1160569,2018/19,2018-10-05,Sharjah Cricket Stadium,1,7.4,Paktia Panthers,Kabul Zwanan,Mohammad Shahzad,Ihsanullah,Rashid Khan,1,0,,,,,,,,,
1160569,2018/19,2018-10-05,Sharjah Cricket Stadium,1,7.5,Paktia Panthers,Kabul Zwanan,Ihsanullah,Mohammad Shahzad,Rashid Khan,1,0,,,,,,,,,
1160569,2018/19,2018-10-05,Sharjah Cricket Stadium,1,7.6,Paktia Panthers,Kabul Zwanan,Mohammad Shahzad,Ihsanullah,Rashid Khan,0,0,,,,,,,,,
1160569,2018/19,2018-10-05,Sharjah Cricket Stadium,1,8.1,Paktia Panthers,Kabul Zwanan,Ihsanullah,Mohammad Shahzad,Fareed Ahmad,0,1,1,,,,,,,,
1160569,2018/19,2018-10-05,Sharjah Cricket Stadium,1,8.2,Paktia Panthers,Kabul Zwanan,Ihsanullah,Mohammad Shahzad,Fareed Ahmad,0,0,,,,,,,,,
1160569,2018/19,2018-10-05,Sharjah Cricket Stadium,1,8.3,Paktia Panthers,Kabul Zwanan,Ihsanullah,Mohammad Shahzad,Fareed Ahmad,0,1,1,,,,,,,,
1160569,2018/19,2018-10-05,Sharjah Cricket Stadium,1,8.4,Paktia Panthers,Kabul Zwanan,Ihsanullah,Mohammad Shahzad,Fareed Ahmad,0,4,,,,4,,,,,
1160569,2018/19,2018-10-05,Sharjah Cricket Stadium,1,8.5,Paktia Panthers,Kabul Zwanan,Ihsanullah,Mohammad Shahzad,Fareed Ahmad,1,0,,,,,,,,,
1160569,2018/19,2018-10-05,Sharjah Cricket Stadium,1,8.6,Paktia Panthers,Kabul Zwanan,Mohammad Shahzad,Ihsanullah,Fareed Ahmad,6,0,,,,,,,,,
1160569,2018/19,2018-10-05,Sharjah Cricket Stadium,1,8.7,Paktia Panthers,Kabul Zwanan,Mohammad Shahzad,Ihsanullah,Fareed Ahmad,6,0,,,,,,,,,
1160569,2018/19,2018-10-05,Sharjah Cricket Stadium,1,8.8,Paktia Panthers,Kabul Zwanan,Mohammad Shahzad,Ihsanullah,Fareed Ahmad,1,0,,,,,,,,,
1160569,2018/19,2018-10-05,Sharjah Cricket Stadium,1,9.1,Paktia Panthers,Kabul Zwanan,Mohammad Shahzad,Ihsanullah,Zahir Shehzad,0,5,5,,,,,,,,
1160569,2018/19,2018-10-05,Sharjah Cricket Stadium,1,9.2,Paktia Panthers,Kabul Zwanan,Mohammad Shahzad,Ihsanullah,Zahir Shehzad,1,0,,,,,,,,,
1160569,2018/19,2018-10-05,Sharjah Cricket Stadium,1,9.3,Paktia Panthers,Kabul Zwanan,Ihsanullah,Mohammad Shahzad,Zahir Shehzad,0,0,,,,,,caught,Ihsanullah,,
1160569,2018/19,2018-10-05,Sharjah Cricket Stadium,1,9.4,Paktia Panthers,Kabul Zwanan,Mohammad Shahzad,CS Delport,Zahir Shehzad,6,0,,,,,,,,,
1160569,2018/19,2018-10-05,Sharjah Cricket Stadium,1,9.5,Paktia Panthers,Kabul Zwanan,Mohammad Shahzad,CS Delport,Zahir Shehzad,0,0,,,,,,bowled,Mohammad Shahzad,,
1160569,2018/19,2018-10-05,Sharjah Cricket Stadium,1,9.6,Paktia Panthers,Kabul Zwanan,Sikandar Raza,CS Delport,Zahir Shehzad,1,0,,,,,,,,,
1160569,2018/19,2018-10-05,Sharjah Cricket Stadium,1,9.7,Paktia Panthers,Kabul Zwanan,CS Delport,Sikandar Raza,Zahir Shehzad,1,0,,,,,,,,,
1160569,2018/19,2018-10-05,Sharjah Cricket Stadium,1,10.1,Paktia Panthers,Kabul Zwanan,CS Delport,Sikandar Raza,Rashid Khan,0,0,,,,,,,,,
1160569,2018/19,2018-10-05,Sharjah Cricket Stadium,1,10.2,Paktia Panthers,Kabul Zwanan,CS Delport,Sikandar Raza,Rashid Khan,1,0,,,,,,,,,
1160569,2018/19,2018-10-05,Sharjah Cricket Stadium,1,10.3,Paktia Panthers,Kabul Zwanan,Sikandar Raza,CS Delport,Rashid Khan,1,0,,,,,,,,,
1160569,2018/19,2018-10-05,Sharjah Cricket Stadium,1,10.4,Paktia Panthers,Kabul Zwanan,CS Delport,Sikandar Raza,Rashid Khan,1,0,,,,,,,,,
1160569,2018/19,2018-10-05,Sharjah Cricket Stadium,1,10.5,Paktia Panthers,Kabul Zwanan,Sikandar Raza,CS Delport,Rashid Khan,0,0,,,,,,,,,
1160569,2018/19,2018-10-05,Sharjah Cricket Stadium,1,10.6,Paktia Panthers,Kabul Zwanan,Sikandar Raza,CS Delport,Rashid Khan,1,0,,,,,,,,,
1160569,2018/19,2018-10-05,Sharjah Cricket Stadium,1,11.1,Paktia Panthers,Kabul Zwanan,Sikandar Raza,CS Delport,Muslim Musa,4,0,,,,,,,,,
1160569,2018/19,2018-10-05,Sharjah Cricket Stadium,1,11.2,Paktia Panthers,Kabul Zwanan,Sikandar Raza,CS Delport,Muslim Musa,6,0,,,,,,,,,
1160569,2018/19,2018-10-05,Sharjah Cricket Stadium,1,11.3,Paktia Panthers,Kabul Zwanan,Sikandar Raza,CS Delport,Muslim Musa,2,0,,,,,,,,,
1160569,2018/19,2018-10-05,Sharjah Cricket Stadium,1,11.4,Paktia Panthers,Kabul Zwanan,Sikandar Raza,CS Delport,Muslim Musa,1,0,,,,,,,,,
1160569,2018/19,2018-10-05,Sharjah Cricket Stadium,1,11.5,Paktia Panthers,Kabul Zwanan,CS Delport,Sikandar Raza,Muslim Musa,0,1,1,,,,,,,,
1160569,2018/19,2018-10-05,Sharjah Cricket Stadium,1,11.6,Paktia Panthers,Kabul Zwanan,CS Delport,Sikandar Raza,Muslim Musa,4,0,,,,,,,,,
1160569,2018/19,2018-10-05,Sharjah Cricket Stadium,1,11.7,Paktia Panthers,Kabul Zwanan,CS Delport,Sikandar Raza,Muslim Musa,1,0,,,,,,,,,
1160569,2018/19,2018-10-05,Sharjah Cricket Stadium,1,12.1,Paktia Panthers,Kabul Zwanan,CS Delport,Sikandar Raza,Ali Khan,1,0,,,,,,,,,
1160569,2018/19,2018-10-05,Sharjah Cricket Stadium,1,12.2,Paktia Panthers,Kabul Zwanan,Sikandar Raza,CS Delport,Ali Khan,0,0,,,,,,,,,
1160569,2018/19,2018-10-05,Sharjah Cricket Stadium,1,12.3,Paktia Panthers,Kabul Zwanan,Sikandar Raza,CS Delport,Ali Khan,1,0,,,,,,,,,
1160569,2018/19,2018-10-05,Sharjah Cricket Stadium,1,12.4,Paktia Panthers,Kabul Zwanan,CS Delport,Sikandar Raza,Ali Khan,1,0,,,,,,,,,
1160569,2018/19,2018-10-05,Sharjah Cricket Stadium,1,12.5,Paktia Panthers,Kabul Zwanan,Sikandar Raza,CS Delport,Ali Khan,0,0,,,,,,,,,
1160569,2018/19,2018-10-05,Sharjah Cricket Stadium,1,12.6,Paktia Panthers,Kabul Zwanan,Sikandar Raza,CS Delport,Ali Khan,1,0,,,,,,,,,
1160569,2018/19,2018-10-05,Sharjah Cricket Stadium,1,13.1,Paktia Panthers,Kabul Zwanan,Sikandar Raza,CS Delport,Zahir Shehzad,1,0,,,,,,,,,
1160569,2018/19,2018-10-05,Sharjah Cricket Stadium,1,13.2,Paktia Panthers,Kabul Zwanan,CS Delport,Sikandar Raza,Zahir Shehzad,6,0,,,,,,,,,
1160569,2018/19,2018-10-05,Sharjah Cricket Stadium,1,13.3,Paktia Panthers,Kabul Zwanan,CS Delport,Sikandar Raza,Zahir Shehzad,0,0,,,,,,,,,
1160569,2018/19,2018-10-05,Sharjah Cricket Stadium,1,13.4,Paktia Panthers,Kabul Zwanan,CS Delport,Sikandar Raza,Zahir Shehzad,1,0,,,,,,,,,
1160569,2018/19,2018-10-05,Sharjah Cricket Stadium,1,13.5,Paktia Panthers,Kabul Zwanan,Sikandar Raza,CS Delport,Zahir Shehzad,0,0,,,,,,,,,
1160569,2018/19,2018-10-05,Sharjah Cricket Stadium,1,13.6,Paktia Panthers,Kabul Zwanan,Sikandar Raza,CS Delport,Zahir Shehzad,1,0,,,,,,,,,
1160569,2018/19,2018-10-05,Sharjah Cricket Stadium,1,14.1,Paktia Panthers,Kabul Zwanan,Sikandar Raza,CS Delport,Rashid Khan,6,0,,,,,,,,,
1160569,2018/19,2018-10-05,Sharjah Cricket Stadium,1,14.2,Paktia Panthers,Kabul Zwanan,Sikandar Raza,CS Delport,Rashid Khan,1,0,,,,,,,,,
1160569,2018/19,2018-10-05,Sharjah Cricket Stadium,1,14.3,Paktia Panthers,Kabul Zwanan,CS Delport,Sikandar Raza,Rashid Khan,1,0,,,,,,,,,
1160569,2018/19,2018-10-05,Sharjah Cricket Stadium,1,14.4,Paktia Panthers,Kabul Zwanan,Sikandar Raza,CS Delport,Rashid Khan,2,0,,,,,,,,,
1160569,2018/19,2018-10-05,Sharjah Cricket Stadium,1,14.5,Paktia Panthers,Kabul Zwanan,Sikandar Raza,CS Delport,Rashid Khan,0,0,,,,,,,,,
1160569,2018/19,2018-10-05,Sharjah Cricket Stadium,1,14.6,Paktia Panthers,Kabul Zwanan,Sikandar Raza,CS Delport,Rashid Khan,0,4,,,4,,,,,,
1160569,2018/19,2018-10-05,Sharjah Cricket Stadium,1,15.1,Paktia Panthers,Kabul Zwanan,CS Delport,Sikandar Raza,Fareed Ahmad,1,0,,,,,,,,,
1160569,2018/19,2018-10-05,Sharjah Cricket Stadium,1,15.2,Paktia Panthers,Kabul Zwanan,Sikandar Raza,CS Delport,Fareed Ahmad,4,0,,,,,,,,,
1160569,2018/19,2018-10-05,Sharjah Cricket Stadium,1,15.3,Paktia Panthers,Kabul Zwanan,Sikandar Raza,CS Delport,Fareed Ahmad,6,0,,,,,,,,,
1160569,2018/19,2018-10-05,Sharjah Cricket Stadium,1,15.4,Paktia Panthers,Kabul Zwanan,Sikandar Raza,CS Delport,Fareed Ahmad,1,0,,,,,,,,,
1160569,2018/19,2018-10-05,Sharjah Cricket Stadium,1,15.5,Paktia Panthers,Kabul Zwanan,CS Delport,Sikandar Raza,Fareed Ahmad,0,0,,,,,,bowled,CS Delport,,
1160569,2018/19,2018-10-05,Sharjah Cricket Stadium,1,15.6,Paktia Panthers,Kabul Zwanan,Shahid Afridi,Sikandar Raza,Fareed Ahmad,0,0,,,,,,,,,
1160569,2018/19,2018-10-05,Sharjah Cricket Stadium,1,16.1,Paktia Panthers,Kabul Zwanan,Sikandar Raza,Shahid Afridi,Rashid Khan,4,0,,,,,,,,,
1160569,2018/19,2018-10-05,Sharjah Cricket Stadium,1,16.2,Paktia Panthers,Kabul Zwanan,Sikandar Raza,Shahid Afridi,Rashid Khan,0,0,,,,,,,,,
1160569,2018/19,2018-10-05,Sharjah Cricket Stadium,1,16.3,Paktia Panthers,Kabul Zwanan,Sikandar Raza,Shahid Afridi,Rashid Khan,0,0,,,,,,,,,
1160569,2018/19,2018-10-05,Sharjah Cricket Stadium,1,16.4,Paktia Panthers,Kabul Zwanan,Sikandar Raza,Shahid Afridi,Rashid Khan,0,0,,,,,,,,,
1160569,2018/19,2018-10-05,Sharjah Cricket Stadium,1,16.5,Paktia Panthers,Kabul Zwanan,Sikandar Raza,Shahid Afridi,Rashid Khan,0,0,,,,,,,,,
1160569,2018/19,2018-10-05,Sharjah Cricket Stadium,1,16.6,Paktia Panthers,Kabul Zwanan,Sikandar Raza,Shahid Afridi,Rashid Khan,0,0,,,,,,,,,
1160569,2018/19,2018-10-05,Sharjah Cricket Stadium,1,17.1,Paktia Panthers,Kabul Zwanan,Shahid Afridi,Sikandar Raza,WD Parnell,0,0,,,,,,,,,
1160569,2018/19,2018-10-05,Sharjah Cricket Stadium,1,17.2,Paktia Panthers,Kabul Zwanan,Shahid Afridi,Sikandar Raza,WD Parnell,1,0,,,,,,,,,
1160569,2018/19,2018-10-05,Sharjah Cricket Stadium,1,17.3,Paktia Panthers,Kabul Zwanan,Sikandar Raza,Shahid Afridi,WD Parnell,0,1,,1,,,,,,,
1160569,2018/19,2018-10-05,Sharjah Cricket Stadium,1,17.4,Paktia Panthers,Kabul Zwanan,Sikandar Raza,Shahid Afridi,WD Parnell,4,0,,,,,,,,,
1160569,2018/19,2018-10-05,Sharjah Cricket Stadium,1,17.5,Paktia Panthers,Kabul Zwanan,Sikandar Raza,Shahid Afridi,WD Parnell,1,0,,,,,,,,,
1160569,2018/19,2018-10-05,Sharjah Cricket Stadium,1,17.6,Paktia Panthers,Kabul Zwanan,Shahid Afridi,Sikandar Raza,WD Parnell,0,0,,,,,,,,,
1160569,2018/19,2018-10-05,Sharjah Cricket Stadium,1,17.7,Paktia Panthers,Kabul Zwanan,Shahid Afridi,Sikandar Raza,WD Parnell,0,0,,,,,,bowled,Shahid Afridi,,
1160569,2018/19,2018-10-05,Sharjah Cricket Stadium,1,18.1,Paktia Panthers,Kabul Zwanan,Sikandar Raza,CS MacLeod,Ali Khan,6,0,,,,,,,,,
1160569,2018/19,2018-10-05,Sharjah Cricket Stadium,1,18.2,Paktia Panthers,Kabul Zwanan,Sikandar Raza,CS MacLeod,Ali Khan,6,0,,,,,,,,,
1160569,2018/19,2018-10-05,Sharjah Cricket Stadium,1,18.3,Paktia Panthers,Kabul Zwanan,Sikandar Raza,CS MacLeod,Ali Khan,1,0,,,,,,,,,
1160569,2018/19,2018-10-05,Sharjah Cricket Stadium,1,18.4,Paktia Panthers,Kabul Zwanan,CS MacLeod,Sikandar Raza,Ali Khan,0,0,,,,,,,,,
1160569,2018/19,2018-10-05,Sharjah Cricket Stadium,1,18.5,Paktia Panthers,Kabul Zwanan,CS MacLeod,Sikandar Raza,Ali Khan,1,0,,,,,,,,,
1160569,2018/19,2018-10-05,Sharjah Cricket Stadium,1,18.6,Paktia Panthers,Kabul Zwanan,Sikandar Raza,CS MacLeod,Ali Khan,0,1,,1,,,,,,,
1160569,2018/19,2018-10-05,Sharjah Cricket Stadium,1,18.7,Paktia Panthers,Kabul Zwanan,Sikandar Raza,CS MacLeod,Ali Khan,4,0,,,,,,,,,
1160569,2018/19,2018-10-05,Sharjah Cricket Stadium,1,19.1,Paktia Panthers,Kabul Zwanan,CS MacLeod,Sikandar Raza,WD Parnell,0,0,,,,,,,,,
1160569,2018/19,2018-10-05,Sharjah Cricket Stadium,1,19.2,Paktia Panthers,Kabul Zwanan,CS MacLeod,Sikandar Raza,WD Parnell,4,0,,,,,,,,,
1160569,2018/19,2018-10-05,Sharjah Cricket Stadium,1,19.3,Paktia Panthers,Kabul Zwanan,CS MacLeod,Sikandar Raza,WD Parnell,1,0,,,,,,,,,
1160569,2018/19,2018-10-05,Sharjah Cricket Stadium,1,19.4,Paktia Panthers,Kabul Zwanan,Sikandar Raza,CS MacLeod,WD Parnell,0,0,,,,,,,,,
1160569,2018/19,2018-10-05,Sharjah Cricket Stadium,1,19.5,Paktia Panthers,Kabul Zwanan,Sikandar Raza,CS MacLeod,WD Parnell,6,0,,,,,,,,,
1160569,2018/19,2018-10-05,Sharjah Cricket Stadium,1,19.6,Paktia Panthers,Kabul Zwanan,Sikandar Raza,CS MacLeod,WD Parnell,6,0,,,,,,,,,
1160569,2018/19,2018-10-05,Sharjah Cricket Stadium,2,0.1,Kabul Zwanan,Paktia Panthers,L Ronchi,Hazratullah,Sharafuddin Ashraf,0,0,,,,,,,,,
1160569,2018/19,2018-10-05,Sharjah Cricket Stadium,2,0.2,Kabul Zwanan,Paktia Panthers,L Ronchi,Hazratullah,Sharafuddin Ashraf,4,0,,,,,,,,,
1160569,2018/19,2018-10-05,Sharjah Cricket Stadium,2,0.3,Kabul Zwanan,Paktia Panthers,L Ronchi,Hazratullah,Sharafuddin Ashraf,0,0,,,,,,,,,
1160569,2018/19,2018-10-05,Sharjah Cricket Stadium,2,0.4,Kabul Zwanan,Paktia Panthers,L Ronchi,Hazratullah,Sharafuddin Ashraf,4,0,,,,,,,,,
1160569,2018/19,2018-10-05,Sharjah Cricket Stadium,2,0.5,Kabul Zwanan,Paktia Panthers,L Ronchi,Hazratullah,Sharafuddin Ashraf,0,0,,,,,,,,,
1160569,2018/19,2018-10-05,Sharjah Cricket Stadium,2,0.6,Kabul Zwanan,Paktia Panthers,L Ronchi,Hazratullah,Sharafuddin Ashraf,6,0,,,,,,,,,
1160569,2018/19,2018-10-05,Sharjah Cricket Stadium,2,1.1,Kabul Zwanan,Paktia Panthers,Hazratullah,L Ronchi,Yousuf Zazai,0,0,,,,,,,,,
1160569,2018/19,2018-10-05,Sharjah Cricket Stadium,2,1.2,Kabul Zwanan,Paktia Panthers,Hazratullah,L Ronchi,Yousuf Zazai,1,0,,,,,,,,,
1160569,2018/19,2018-10-05,Sharjah Cricket Stadium,2,1.3,Kabul Zwanan,Paktia Panthers,L Ronchi,Hazratullah,Yousuf Zazai,1,0,,,,,,,,,
1160569,2018/19,2018-10-05,Sharjah Cricket Stadium,2,1.4,Kabul Zwanan,Paktia Panthers,Hazratullah,L Ronchi,Yousuf Zazai,0,0,,,,,,,,,
1160569,2018/19,2018-10-05,Sharjah Cricket Stadium,2,1.5,Kabul Zwanan,Paktia Panthers,Hazratullah,L Ronchi,Yousuf Zazai,4,0,,,,,,,,,
1160569,2018/19,2018-10-05,Sharjah Cricket Stadium,2,1.6,Kabul Zwanan,Paktia Panthers,Hazratullah,L Ronchi,Yousuf Zazai,0,0,,,,,,,,,
1160569,2018/19,2018-10-05,Sharjah Cricket Stadium,2,2.1,Kabul Zwanan,Paktia Panthers,L Ronchi,Hazratullah,Sharafuddin Ashraf,0,0,,,,,,stumped,L Ronchi,,
1160569,2018/19,2018-10-05,Sharjah Cricket Stadium,2,2.2,Kabul Zwanan,Paktia Panthers,Javed Ahmadi,Hazratullah,Sharafuddin Ashraf,0,0,,,,,,,,,
1160569,2018/19,2018-10-05,Sharjah Cricket Stadium,2,2.3,Kabul Zwanan,Paktia Panthers,Javed Ahmadi,Hazratullah,Sharafuddin Ashraf,0,0,,,,,,,,,
1160569,2018/19,2018-10-05,Sharjah Cricket Stadium,2,2.4,Kabul Zwanan,Paktia Panthers,Javed Ahmadi,Hazratullah,Sharafuddin Ashraf,0,0,,,,,,,,,
1160569,2018/19,2018-10-05,Sharjah Cricket Stadium,2,2.5,Kabul Zwanan,Paktia Panthers,Javed Ahmadi,Hazratullah,Sharafuddin Ashraf,6,0,,,,,,,,,
1160569,2018/19,2018-10-05,Sharjah Cricket Stadium,2,2.6,Kabul Zwanan,Paktia Panthers,Javed Ahmadi,Hazratullah,Sharafuddin Ashraf,1,0,,,,,,,,,
1160569,2018/19,2018-10-05,Sharjah Cricket Stadium,2,3.1,Kabul Zwanan,Paktia Panthers,Javed Ahmadi,Hazratullah,Yousuf Zazai,0,1,1,,,,,,,,
1160569,2018/19,2018-10-05,Sharjah Cricket Stadium,2,3.2,Kabul Zwanan,Paktia Panthers,Javed Ahmadi,Hazratullah,Yousuf Zazai,0,0,,,,,,,,,
1160569,2018/19,2018-10-05,Sharjah Cricket Stadium,2,3.3,Kabul Zwanan,Paktia Panthers,Javed Ahmadi,Hazratullah,Yousuf Zazai,1,0,,,,,,,,,
1160569,2018/19,2018-10-05,Sharjah Cricket Stadium,2,3.4,Kabul Zwanan,Paktia Panthers,Hazratullah,Javed Ahmadi,Yousuf Zazai,0,1,,,,1,,,,,
1160569,2018/19,2018-10-05,Sharjah Cricket Stadium,2,3.5,Kabul Zwanan,Paktia Panthers,Javed Ahmadi,Hazratullah,Yousuf Zazai,1,0,,,,,,,,,
1160569,2018/19,2018-10-05,Sharjah Cricket Stadium,2,3.6,Kabul Zwanan,Paktia Panthers,Hazratullah,Javed Ahmadi,Yousuf Zazai,2,0,,,,,,,,,
1160569,2018/19,2018-10-05,Sharjah Cricket Stadium,2,3.7,Kabul Zwanan,Paktia Panthers,Hazratullah,Javed Ahmadi,Yousuf Zazai,1,0,,,,,,,,,
1160569,2018/19,2018-10-05,Sharjah Cricket Stadium,2,4.1,Kabul Zwanan,Paktia Panthers,Hazratullah,Javed Ahmadi,Zia-ur-Rehman,1,0,,,,,,,,,
1160569,2018/19,2018-10-05,Sharjah Cricket Stadium,2,4.2,Kabul Zwanan,Paktia Panthers,Javed Ahmadi,Hazratullah,Zia-ur-Rehman,0,0,,,,,,,,,
1160569,2018/19,2018-10-05,Sharjah Cricket Stadium,2,4.3,Kabul Zwanan,Paktia Panthers,Javed Ahmadi,Hazratullah,Zia-ur-Rehman,1,0,,,,,,,,,
1160569,2018/19,2018-10-05,Sharjah Cricket Stadium,2,4.4,Kabul Zwanan,Paktia Panthers,Hazratullah,Javed Ahmadi,Zia-ur-Rehman,4,0,,,,,,,,,
1160569,2018/19,2018-10-05,Sharjah Cricket Stadium,2,4.5,Kabul Zwanan,Paktia Panthers,Hazratullah,Javed Ahmadi,Zia-ur-Rehman,0,0,,,,,,,,,
1160569,2018/19,2018-10-05,Sharjah Cricket Stadium,2,4.6,Kabul Zwanan,Paktia Panthers,Hazratullah,Javed Ahmadi,Zia-ur-Rehman,4,0,,,,,,,,,
1160569,2018/19,2018-10-05,Sharjah Cricket Stadium,2,5.1,Kabul Zwanan,Paktia Panthers,Javed Ahmadi,Hazratullah,Tahir Khan,1,0,,,,,,,,,
1160569,2018/19,2018-10-05,Sharjah Cricket Stadium,2,5.2,Kabul Zwanan,Paktia Panthers,Hazratullah,Javed Ahmadi,Tahir Khan,4,0,,,,,,,,,
1160569,2018/19,2018-10-05,Sharjah Cricket Stadium,2,5.3,Kabul Zwanan,Paktia Panthers,Hazratullah,Javed Ahmadi,Tahir Khan,6,0,,,,,,,,,
1160569,2018/19,2018-10-05,Sharjah Cricket Stadium,2,5.4,Kabul Zwanan,Paktia Panthers,Hazratullah,Javed Ahmadi,Tahir Khan,0,0,,,,,,caught,Hazratullah,,
1160569,2018/19,2018-10-05,Sharjah Cricket Stadium,2,5.5,Kabul Zwanan,Paktia Panthers,LJ Evans,Javed Ahmadi,Tahir Khan,0,0,,,,,,,,,
1160569,2018/19,2018-10-05,Sharjah Cricket Stadium,2,5.6,Kabul Zwanan,Paktia Panthers,LJ Evans,Javed Ahmadi,Tahir Khan,0,0,,,,,,,,,
1160569,2018/19,2018-10-05,Sharjah Cricket Stadium,2,6.1,Kabul Zwanan,Paktia Panthers,Javed Ahmadi,LJ Evans,Shahid Afridi,0,0,,,,,,,,,
1160569,2018/19,2018-10-05,Sharjah Cricket Stadium,2,6.2,Kabul Zwanan,Paktia Panthers,Javed Ahmadi,LJ Evans,Shahid Afridi,1,0,,,,,,,,,
1160569,2018/19,2018-10-05,Sharjah Cricket Stadium,2,6.3,Kabul Zwanan,Paktia Panthers,LJ Evans,Javed Ahmadi,Shahid Afridi,1,0,,,,,,,,,
1160569,2018/19,2018-10-05,Sharjah Cricket Stadium,2,6.4,Kabul Zwanan,Paktia Panthers,Javed Ahmadi,LJ Evans,Shahid Afridi,6,0,,,,,,,,,
1160569,2018/19,2018-10-05,Sharjah Cricket Stadium,2,6.5,Kabul Zwanan,Paktia Panthers,Javed Ahmadi,LJ Evans,Shahid Afridi,1,0,,,,,,,,,
1160569,2018/19,2018-10-05,Sharjah Cricket Stadium,2,6.6,Kabul Zwanan,Paktia Panthers,LJ Evans,Javed Ahmadi,Shahid Afridi,1,0,,,,,,,,,
1160569,2018/19,2018-10-05,Sharjah Cricket Stadium,2,7.1,Kabul Zwanan,Paktia Panthers,LJ Evans,Javed Ahmadi,Tahir Khan,1,0,,,,,,,,,
1160569,2018/19,2018-10-05,Sharjah Cricket Stadium,2,7.2,Kabul Zwanan,Paktia Panthers,Javed Ahmadi,LJ Evans,Tahir Khan,0,0,,,,,,,,,
1160569,2018/19,2018-10-05,Sharjah Cricket Stadium,2,7.3,Kabul Zwanan,Paktia Panthers,Javed Ahmadi,LJ Evans,Tahir Khan,6,0,,,,,,,,,
1160569,2018/19,2018-10-05,Sharjah Cricket Stadium,2,7.4,Kabul Zwanan,Paktia Panthers,Javed Ahmadi,LJ Evans,Tahir Khan,0,0,,,,,,caught,Javed Ahmadi,,
1160569,2018/19,2018-10-05,Sharjah Cricket Stadium,2,7.5,Kabul Zwanan,Paktia Panthers,Shahidullah,LJ Evans,Tahir Khan,0,0,,,,,,,,,
1160569,2018/19,2018-10-05,Sharjah Cricket Stadium,2,7.6,Kabul Zwanan,Paktia Panthers,Shahidullah,LJ Evans,Tahir Khan,2,0,,,,,,,,,
1160569,2018/19,2018-10-05,Sharjah Cricket Stadium,2,8.1,Kabul Zwanan,Paktia Panthers,LJ Evans,Shahidullah,Shahid Afridi,4,0,,,,,,,,,
1160569,2018/19,2018-10-05,Sharjah Cricket Stadium,2,8.2,Kabul Zwanan,Paktia Panthers,LJ Evans,Shahidullah,Shahid Afridi,4,0,,,,,,,,,
1160569,2018/19,2018-10-05,Sharjah Cricket Stadium,2,8.3,Kabul Zwanan,Paktia Panthers,LJ Evans,Shahidullah,Shahid Afridi,1,0,,,,,,,,,
1160569,2018/19,2018-10-05,Sharjah Cricket Stadium,2,8.4,Kabul Zwanan,Paktia Panthers,Shahidullah,LJ Evans,Shahid Afridi,0,0,,,,,,,,,
1160569,2018/19,2018-10-05,Sharjah Cricket Stadium,2,8.5,Kabul Zwanan,Paktia Panthers,Shahidullah,LJ Evans,Shahid Afridi,6,0,,,,,,,,,
1160569,2018/19,2018-10-05,Sharjah Cricket Stadium,2,8.6,Kabul Zwanan,Paktia Panthers,Shahidullah,LJ Evans,Shahid Afridi,2,0,,,,,,,,,
1160569,2018/19,2018-10-05,Sharjah Cricket Stadium,2,9.1,Kabul Zwanan,Paktia Panthers,LJ Evans,Shahidullah,Sikandar Raza,0,0,,,,,,,,,
1160569,2018/19,2018-10-05,Sharjah Cricket Stadium,2,9.2,Kabul Zwanan,Paktia Panthers,LJ Evans,Shahidullah,Sikandar Raza,6,0,,,,,,,,,
1160569,2018/19,2018-10-05,Sharjah Cricket Stadium,2,9.3,Kabul Zwanan,Paktia Panthers,LJ Evans,Shahidullah,Sikandar Raza,1,0,,,,,,,,,
1160569,2018/19,2018-10-05,Sharjah Cricket Stadium,2,9.4,Kabul Zwanan,Paktia Panthers,Shahidullah,LJ Evans,Sikandar Raza,1,0,,,,,,,,,
1160569,2018/19,2018-10-05,Sharjah Cricket Stadium,2,9.5,Kabul Zwanan,Paktia Panthers,LJ Evans,Shahidullah,Sikandar Raza,0,0,,,,,,,,,
1160569,2018/19,2018-10-05,Sharjah Cricket Stadium,2,9.6,Kabul Zwanan,Paktia Panthers,LJ Evans,Shahidullah,Sikandar Raza,6,0,,,,,,,,,
1160569,2018/19,2018-10-05,Sharjah Cricket Stadium,2,10.1,Kabul Zwanan,Paktia Panthers,Shahidullah,LJ Evans,Zia-ur-Rehman,0,0,,,,,,,,,
1160569,2018/19,2018-10-05,Sharjah Cricket Stadium,2,10.2,Kabul Zwanan,Paktia Panthers,Shahidullah,LJ Evans,Zia-ur-Rehman,1,0,,,,,,,,,
1160569,2018/19,2018-10-05,Sharjah Cricket Stadium,2,10.3,Kabul Zwanan,Paktia Panthers,LJ Evans,Shahidullah,Zia-ur-Rehman,1,0,,,,,,,,,
1160569,2018/19,2018-10-05,Sharjah Cricket Stadium,2,10.4,Kabul Zwanan,Paktia Panthers,Shahidullah,LJ Evans,Zia-ur-Rehman,0,0,,,,,,caught,Shahidullah,,
1160569,2018/19,2018-10-05,Sharjah Cricket Stadium,2,10.5,Kabul Zwanan,Paktia Panthers,LJ Evans,Rashid Khan,Zia-ur-Rehman,0,0,,,,,,,,,
1160569,2018/19,2018-10-05,Sharjah Cricket Stadium,2,10.6,Kabul Zwanan,Paktia Panthers,LJ Evans,Rashid Khan,Zia-ur-Rehman,1,0,,,,,,,,,
1160569,2018/19,2018-10-05,Sharjah Cricket Stadium,2,11.1,Kabul Zwanan,Paktia Panthers,LJ Evans,Rashid Khan,Shahid Afridi,1,0,,,,,,,,,
1160569,2018/19,2018-10-05,Sharjah Cricket Stadium,2,11.2,Kabul Zwanan,Paktia Panthers,Rashid Khan,LJ Evans,Shahid Afridi,2,0,,,,,,,,,
1160569,2018/19,2018-10-05,Sharjah Cricket Stadium,2,11.3,Kabul Zwanan,Paktia Panthers,Rashid Khan,LJ Evans,Shahid Afridi,0,0,,,,,,,,,
1160569,2018/19,2018-10-05,Sharjah Cricket Stadium,2,11.4,Kabul Zwanan,Paktia Panthers,Rashid Khan,LJ Evans,Shahid Afridi,4,0,,,,,,,,,
1160569,2018/19,2018-10-05,Sharjah Cricket Stadium,2,11.5,Kabul Zwanan,Paktia Panthers,Rashid Khan,LJ Evans,Shahid Afridi,1,0,,,,,,,,,
1160569,2018/19,2018-10-05,Sharjah Cricket Stadium,2,11.6,Kabul Zwanan,Paktia Panthers,LJ Evans,Rashid Khan,Shahid Afridi,1,0,,,,,,,,,
1160569,2018/19,2018-10-05,Sharjah Cricket Stadium,2,12.1,Kabul Zwanan,Paktia Panthers,LJ Evans,Rashid Khan,Zia-ur-Rehman,1,0,,,,,,,,,
1160569,2018/19,2018-10-05,Sharjah Cricket Stadium,2,12.2,Kabul Zwanan,Paktia Panthers,Rashid Khan,LJ Evans,Zia-ur-Rehman,6,0,,,,,,,,,
1160569,2018/19,2018-10-05,Sharjah Cricket Stadium,2,12.3,Kabul Zwanan,Paktia Panthers,Rashid Khan,LJ Evans,Zia-ur-Rehman,6,0,,,,,,,,,
1160569,2018/19,2018-10-05,Sharjah Cricket Stadium,2,12.4,Kabul Zwanan,Paktia Panthers,Rashid Khan,LJ Evans,Zia-ur-Rehman,2,0,,,,,,,,,
1160569,2018/19,2018-10-05,Sharjah Cricket Stadium,2,12.5,Kabul Zwanan,Paktia Panthers,Rashid Khan,LJ Evans,Zia-ur-Rehman,1,0,,,,,,,,,
1160569,2018/19,2018-10-05,Sharjah Cricket Stadium,2,12.6,Kabul Zwanan,Paktia Panthers,LJ Evans,Rashid Khan,Zia-ur-Rehman,0,0,,,,,,,,,
1160569,2018/19,2018-10-05,Sharjah Cricket Stadium,2,13.1,Kabul Zwanan,Paktia Panthers,Rashid Khan,LJ Evans,Yousuf Zazai,2,0,,,,,,,,,
1160569,2018/19,2018-10-05,Sharjah Cricket Stadium,2,13.2,Kabul Zwanan,Paktia Panthers,Rashid Khan,LJ Evans,Yousuf Zazai,0,0,,,,,,,,,
1160569,2018/19,2018-10-05,Sharjah Cricket Stadium,2,13.3,Kabul Zwanan,Paktia Panthers,Rashid Khan,LJ Evans,Yousuf Zazai,0,1,1,,,,,,,,
1160569,2018/19,2018-10-05,Sharjah Cricket Stadium,2,13.4,Kabul Zwanan,Paktia Panthers,Rashid Khan,LJ Evans,Yousuf Zazai,0,0,,,,,,caught,Rashid Khan,,
1160569,2018/19,2018-10-05,Sharjah Cricket Stadium,2,13.5,Kabul Zwanan,Paktia Panthers,LJ Evans,Muslim Musa,Yousuf Zazai,1,0,,,,,,,,,
1160569,2018/19,2018-10-05,Sharjah Cricket Stadium,2,13.6,Kabul Zwanan,Paktia Panthers,Muslim Musa,LJ Evans,Yousuf Zazai,1,0,,,,,,,,,
1160569,2018/19,2018-10-05,Sharjah Cricket Stadium,2,13.7,Kabul Zwanan,Paktia Panthers,LJ Evans,Muslim Musa,Yousuf Zazai,6,0,,,,,,,,,
1160569,2018/19,2018-10-05,Sharjah Cricket Stadium,2,14.1,Kabul Zwanan,Paktia Panthers,Muslim Musa,LJ Evans,Sharafuddin Ashraf,1,0,,,,,,,,,
1160569,2018/19,2018-10-05,Sharjah Cricket Stadium,2,14.2,Kabul Zwanan,Paktia Panthers,LJ Evans,Muslim Musa,Sharafuddin Ashraf,1,0,,,,,,,,,
1160569,2018/19,2018-10-05,Sharjah Cricket Stadium,2,14.3,Kabul Zwanan,Paktia Panthers,Muslim Musa,LJ Evans,Sharafuddin Ashraf,1,0,,,,,,,,,
1160569,2018/19,2018-10-05,Sharjah Cricket Stadium,2,14.4,Kabul Zwanan,Paktia Panthers,LJ Evans,Muslim Musa,Sharafuddin Ashraf,1,0,,,,,,,,,
1160569,2018/19,2018-10-05,Sharjah Cricket Stadium,2,14.5,Kabul Zwanan,Paktia Panthers,Muslim Musa,LJ Evans,Sharafuddin Ashraf,1,0,,,,,,,,,
1160569,2018/19,2018-10-05,Sharjah Cricket Stadium,2,14.6,Kabul Zwanan,Paktia Panthers,LJ Evans,Muslim Musa,Sharafuddin Ashraf,2,0,,,,,,,,,
1160569,2018/19,2018-10-05,Sharjah Cricket Stadium,2,15.1,Kabul Zwanan,Paktia Panthers,Muslim Musa,LJ Evans,Shahid Afridi,6,0,,,,,,,,,
1160569,2018/19,2018-10-05,Sharjah Cricket Stadium,2,15.2,Kabul Zwanan,Paktia Panthers,Muslim Musa,LJ Evans,Shahid Afridi,6,0,,,,,,,,,
1160569,2018/19,2018-10-05,Sharjah Cricket Stadium,2,15.3,Kabul Zwanan,Paktia Panthers,Muslim Musa,LJ Evans,Shahid Afridi,1,0,,,,,,run out,Muslim Musa,,
1160569,2018/19,2018-10-05,Sharjah Cricket Stadium,2,15.4,Kabul Zwanan,Paktia Panthers,LJ Evans,WD Parnell,Shahid Afridi,2,0,,,,,,,,,
1160569,2018/19,2018-10-05,Sharjah Cricket Stadium,2,15.5,Kabul Zwanan,Paktia Panthers,LJ Evans,WD Parnell,Shahid Afridi,4,0,,,,,,,,,
1160569,2018/19,2018-10-05,Sharjah Cricket Stadium,2,15.6,Kabul Zwanan,Paktia Panthers,LJ Evans,WD Parnell,Shahid Afridi,0,0,,,,,,,,,
1160569,2018/19,2018-10-05,Sharjah Cricket Stadium,2,16.1,Kabul Zwanan,Paktia Panthers,WD Parnell,LJ Evans,Sharafuddin Ashraf,0,0,,,,,,caught and bowled,WD Parnell,,
1160569,2018/19,2018-10-05,Sharjah Cricket Stadium,2,16.2,Kabul Zwanan,Paktia Panthers,Fareed Ahmad,LJ Evans,Sharafuddin Ashraf,1,1,,1,,,,,,,
1160569,2018/19,2018-10-05,Sharjah Cricket Stadium,2,16.3,Kabul Zwanan,Paktia Panthers,LJ Evans,Fareed Ahmad,Sharafuddin Ashraf,0,1,1,,,,,,,,
1160569,2018/19,2018-10-05,Sharjah Cricket Stadium,2,16.4,Kabul Zwanan,Paktia Panthers,LJ Evans,Fareed Ahmad,Sharafuddin Ashraf,6,0,,,,,,,,,
1160569,2018/19,2018-10-05,Sharjah Cricket Stadium,2,16.5,Kabul Zwanan,Paktia Panthers,LJ Evans,Fareed Ahmad,Sharafuddin Ashraf,1,0,,,,,,,,,
1160569,2018/19,2018-10-05,Sharjah Cricket Stadium,2,16.6,Kabul Zwanan,Paktia Panthers,Fareed Ahmad,LJ Evans,Sharafuddin Ashraf,1,0,,,,,,,,,
1160569,2018/19,2018-10-05,Sharjah Cricket Stadium,2,16.7,Kabul Zwanan,Paktia Panthers,LJ Evans,Fareed Ahmad,Sharafuddin Ashraf,1,0,,,,,,,,,
1160569,2018/19,2018-10-05,Sharjah Cricket Stadium,2,16.8,Kabul Zwanan,Paktia Panthers,Fareed Ahmad,LJ Evans,Sharafuddin Ashraf,0,0,,,,,,,,,
1160569,2018/19,2018-10-05,Sharjah Cricket Stadium,2,17.1,Kabul Zwanan,Paktia Panthers,LJ Evans,Fareed Ahmad,Sikandar Raza,4,0,,,,,,,,,
1160569,2018/19,2018-10-05,Sharjah Cricket Stadium,2,17.2,Kabul Zwanan,Paktia Panthers,LJ Evans,Fareed Ahmad,Sikandar Raza,6,0,,,,,,,,,
1160569,2018/19,2018-10-05,Sharjah Cricket Stadium,2,17.3,Kabul Zwanan,Paktia Panthers,LJ Evans,Fareed Ahmad,Sikandar Raza,1,0,,,,,,,,,
1160569,2018/19,2018-10-05,Sharjah Cricket Stadium,2,17.4,Kabul Zwanan,Paktia Panthers,Fareed Ahmad,LJ Evans,Sikandar Raza,1,0,,,,,,,,,
1160569,2018/19,2018-10-05,Sharjah Cricket Stadium,2,17.5,Kabul Zwanan,Paktia Panthers,LJ Evans,Fareed Ahmad,Sikandar Raza,6,0,,,,,,,,,
1160569,2018/19,2018-10-05,Sharjah Cricket Stadium,2,17.6,Kabul Zwanan,Paktia Panthers,LJ Evans,Fareed Ahmad,Sikandar Raza,0,1,1,,,,,,,,
1160569,2018/19,2018-10-05,Sharjah Cricket Stadium,2,17.7,Kabul Zwanan,Paktia Panthers,LJ Evans,Fareed Ahmad,Sikandar Raza,1,1,,1,,,,,,,
1160569,2018/19,2018-10-05,Sharjah Cricket Stadium,2,17.8,Kabul Zwanan,Paktia Panthers,Fareed Ahmad,LJ Evans,Sikandar Raza,1,0,,,,,,,,,
1160569,2018/19,2018-10-05,Sharjah Cricket Stadium,2,18.1,Kabul Zwanan,Paktia Panthers,Fareed Ahmad,LJ Evans,Zia-ur-Rehman,1,0,,,,,,,,,
1160569,2018/19,2018-10-05,Sharjah Cricket Stadium,2,18.2,Kabul Zwanan,Paktia Panthers,LJ Evans,Fareed Ahmad,Zia-ur-Rehman,1,0,,,,,,,,,
1160569,2018/19,2018-10-05,Sharjah Cricket Stadium,2,18.3,Kabul Zwanan,Paktia Panthers,Fareed Ahmad,LJ Evans,Zia-ur-Rehman,4,0,,,,,,,,,
1160569,2018/19,2018-10-05,Sharjah Cricket Stadium,2,18.4,Kabul Zwanan,Paktia Panthers,Fareed Ahmad,LJ Evans,Zia-ur-Rehman,4,0,,,,,,,,,
1160569,2018/19,2018-10-05,Sharjah Cricket Stadium,2,18.5,Kabul Zwanan,Paktia Panthers,Fareed Ahmad,LJ Evans,Zia-ur-Rehman,1,0,,,,,,,,,
1160569,2018/19,2018-10-05,Sharjah Cricket Stadium,2,18.6,Kabul Zwanan,Paktia Panthers,LJ Evans,Fareed Ahmad,Zia-ur-Rehman,1,0,,,,,,,,,
1160569,2018/19,2018-10-05,Sharjah Cricket Stadium,2,19.1,Kabul Zwanan,Paktia Panthers,LJ Evans,Fareed Ahmad,Yousuf Zazai,4,0,,,,,,,,,
