match_id,season,start_date,venue,innings,ball,batting_team,bowling_team,striker,non_striker,bowler,runs_off_bat,extras,wides,noballs,byes,legbyes,penalty,wicket_type,player_dismissed,other_wicket_type,other_player_dismissed
1160582,2018/19,2018-10-14,Sharjah Cricket Stadium,1,0.1,Balkh Legends,Kabul Zwanan,CH Gayle,EMDY Munaweera,Javed Ahmadi,1,0,,,,,,,,,
1160582,2018/19,2018-10-14,Sharjah Cricket Stadium,1,0.2,Balkh Legends,Kabul Zwanan,EMDY Munaweera,CH Gayle,Javed Ahmadi,1,0,,,,,,,,,
1160582,2018/19,2018-10-14,Sharjah Cricket Stadium,1,0.3,Balkh Legends,Kabul Zwanan,CH Gayle,EMDY Munaweera,Javed Ahmadi,0,0,,,,,,,,,
1160582,2018/19,2018-10-14,Sharjah Cricket Stadium,1,0.4,Balkh Legends,Kabul Zwanan,CH Gayle,EMDY Munaweera,Javed Ahmadi,0,1,1,,,,,,,,
1160582,2018/19,2018-10-14,Sharjah Cricket Stadium,1,0.5,Balkh Legends,Kabul Zwanan,CH Gayle,EMDY Munaweera,Javed Ahmadi,0,0,,,,,,,,,
1160582,2018/19,2018-10-14,Sharjah Cricket Stadium,1,0.6,Balkh Legends,Kabul Zwanan,CH Gayle,EMDY Munaweera,Javed Ahmadi,0,0,,,,,,,,,
1160582,2018/19,2018-10-14,Sharjah Cricket Stadium,1,0.7,Balkh Legends,Kabul Zwanan,CH Gayle,EMDY Munaweera,Javed Ahmadi,1,0,,,,,,,,,
1160582,2018/19,2018-10-14,Sharjah Cricket Stadium,1,1.1,Balkh Legends,Kabul Zwanan,CH Gayle,EMDY Munaweera,Fareed Ahmad,0,0,,,,,,,,,
1160582,2018/19,2018-10-14,Sharjah Cricket Stadium,1,1.2,Balkh Legends,Kabul Zwanan,CH Gayle,EMDY Munaweera,Fareed Ahmad,0,0,,,,,,,,,
1160582,2018/19,2018-10-14,Sharjah Cricket Stadium,1,1.3,Balkh Legends,Kabul Zwanan,CH Gayle,EMDY Munaweera,Fareed Ahmad,0,0,,,,,,,,,
1160582,2018/19,2018-10-14,Sharjah Cricket Stadium,1,1.4,Balkh Legends,Kabul Zwanan,CH Gayle,EMDY Munaweera,Fareed Ahmad,0,0,,,,,,,,,
1160582,2018/19,2018-10-14,Sharjah Cricket Stadium,1,1.5,Balkh Legends,Kabul Zwanan,CH Gayle,EMDY Munaweera,Fareed Ahmad,0,0,,,,,,,,,
1160582,2018/19,2018-10-14,Sharjah Cricket Stadium,1,1.6,Balkh Legends,Kabul Zwanan,CH Gayle,EMDY Munaweera,Fareed Ahmad,0,0,,,,,,,,,
1160582,2018/19,2018-10-14,Sharjah Cricket Stadium,1,2.1,Balkh Legends,Kabul Zwanan,EMDY Munaweera,CH Gayle,WD Parnell,0,0,,,,,,,,,
1160582,2018/19,2018-10-14,Sharjah Cricket Stadium,1,2.2,Balkh Legends,Kabul Zwanan,EMDY Munaweera,CH Gayle,WD Parnell,1,0,,,,,,,,,
1160582,2018/19,2018-10-14,Sharjah Cricket Stadium,1,2.3,Balkh Legends,Kabul Zwanan,CH Gayle,EMDY Munaweera,WD Parnell,0,0,,,,,,,,,
1160582,2018/19,2018-10-14,Sharjah Cricket Stadium,1,2.4,Balkh Legends,Kabul Zwanan,CH Gayle,EMDY Munaweera,WD Parnell,0,0,,,,,,,,,
1160582,2018/19,2018-10-14,Sharjah Cricket Stadium,1,2.5,Balkh Legends,Kabul Zwanan,CH Gayle,EMDY Munaweera,WD Parnell,1,0,,,,,,,,,
1160582,2018/19,2018-10-14,Sharjah Cricket Stadium,1,2.6,Balkh Legends,Kabul Zwanan,EMDY Munaweera,CH Gayle,WD Parnell,4,0,,,,,,,,,
1160582,2018/19,2018-10-14,Sharjah Cricket Stadium,1,3.1,Balkh Legends,Kabul Zwanan,CH Gayle,EMDY Munaweera,Fareed Ahmad,0,1,1,,,,,,,,
1160582,2018/19,2018-10-14,Sharjah Cricket Stadium,1,3.2,Balkh Legends,Kabul Zwanan,CH Gayle,EMDY Munaweera,Fareed Ahmad,0,1,,1,,,,,,,
1160582,2018/19,2018-10-14,Sharjah Cricket Stadium,1,3.3,Balkh Legends,Kabul Zwanan,CH Gayle,EMDY Munaweera,Fareed Ahmad,6,0,,,,,,,,,
1160582,2018/19,2018-10-14,Sharjah Cricket Stadium,1,3.4,Balkh Legends,Kabul Zwanan,CH Gayle,EMDY Munaweera,Fareed Ahmad,1,0,,,,,,,,,
1160582,2018/19,2018-10-14,Sharjah Cricket Stadium,1,3.5,Balkh Legends,Kabul Zwanan,EMDY Munaweera,CH Gayle,Fareed Ahmad,4,0,,,,,,,,,
1160582,2018/19,2018-10-14,Sharjah Cricket Stadium,1,3.6,Balkh Legends,Kabul Zwanan,EMDY Munaweera,CH Gayle,Fareed Ahmad,6,0,,,,,,,,,
1160582,2018/19,2018-10-14,Sharjah Cricket Stadium,1,3.7,Balkh Legends,Kabul Zwanan,EMDY Munaweera,CH Gayle,Fareed Ahmad,0,1,,1,,,,,,,
1160582,2018/19,2018-10-14,Sharjah Cricket Stadium,1,3.8,Balkh Legends,Kabul Zwanan,EMDY Munaweera,CH Gayle,Fareed Ahmad,4,1,,1,,,,,,,
1160582,2018/19,2018-10-14,Sharjah Cricket Stadium,1,3.9,Balkh Legends,Kabul Zwanan,EMDY Munaweera,CH Gayle,Fareed Ahmad,1,1,,1,,,,,,,
1160582,2018/19,2018-10-14,Sharjah Cricket Stadium,1,3.10,Balkh Legends,Kabul Zwanan,CH Gayle,EMDY Munaweera,Fareed Ahmad,6,0,,,,,,,,,
1160582,2018/19,2018-10-14,Sharjah Cricket Stadium,1,3.11,Balkh Legends,Kabul Zwanan,CH Gayle,EMDY Munaweera,Fareed Ahmad,0,0,,,,,,,,,
1160582,2018/19,2018-10-14,Sharjah Cricket Stadium,1,4.1,Balkh Legends,Kabul Zwanan,EMDY Munaweera,CH Gayle,Shahidullah,1,0,,,,,,,,,
1160582,2018/19,2018-10-14,Sharjah Cricket Stadium,1,4.2,Balkh Legends,Kabul Zwanan,CH Gayle,EMDY Munaweera,Shahidullah,0,0,,,,,,,,,
1160582,2018/19,2018-10-14,Sharjah Cricket Stadium,1,4.3,Balkh Legends,Kabul Zwanan,CH Gayle,EMDY Munaweera,Shahidullah,6,0,,,,,,,,,
1160582,2018/19,2018-10-14,Sharjah Cricket Stadium,1,4.4,Balkh Legends,Kabul Zwanan,CH Gayle,EMDY Munaweera,Shahidullah,0,0,,,,,,,,,
1160582,2018/19,2018-10-14,Sharjah Cricket Stadium,1,4.5,Balkh Legends,Kabul Zwanan,CH Gayle,EMDY Munaweera,Shahidullah,0,0,,,,,,,,,
1160582,2018/19,2018-10-14,Sharjah Cricket Stadium,1,4.6,Balkh Legends,Kabul Zwanan,CH Gayle,EMDY Munaweera,Shahidullah,0,0,,,,,,,,,
1160582,2018/19,2018-10-14,Sharjah Cricket Stadium,1,5.1,Balkh Legends,Kabul Zwanan,EMDY Munaweera,CH Gayle,Rashid Khan,0,0,,,,,,,,,
1160582,2018/19,2018-10-14,Sharjah Cricket Stadium,1,5.2,Balkh Legends,Kabul Zwanan,EMDY Munaweera,CH Gayle,Rashid Khan,4,0,,,,,,,,,
1160582,2018/19,2018-10-14,Sharjah Cricket Stadium,1,5.3,Balkh Legends,Kabul Zwanan,EMDY Munaweera,CH Gayle,Rashid Khan,1,0,,,,,,,,,
1160582,2018/19,2018-10-14,Sharjah Cricket Stadium,1,5.4,Balkh Legends,Kabul Zwanan,CH Gayle,EMDY Munaweera,Rashid Khan,1,0,,,,,,,,,
1160582,2018/19,2018-10-14,Sharjah Cricket Stadium,1,5.5,Balkh Legends,Kabul Zwanan,EMDY Munaweera,CH Gayle,Rashid Khan,1,0,,,,,,,,,
1160582,2018/19,2018-10-14,Sharjah Cricket Stadium,1,5.6,Balkh Legends,Kabul Zwanan,CH Gayle,EMDY Munaweera,Rashid Khan,6,0,,,,,,,,,
1160582,2018/19,2018-10-14,Sharjah Cricket Stadium,1,6.1,Balkh Legends,Kabul Zwanan,EMDY Munaweera,CH Gayle,Javed Ahmadi,6,0,,,,,,,,,
1160582,2018/19,2018-10-14,Sharjah Cricket Stadium,1,6.2,Balkh Legends,Kabul Zwanan,EMDY Munaweera,CH Gayle,Javed Ahmadi,6,0,,,,,,,,,
1160582,2018/19,2018-10-14,Sharjah Cricket Stadium,1,6.3,Balkh Legends,Kabul Zwanan,EMDY Munaweera,CH Gayle,Javed Ahmadi,1,0,,,,,,,,,
1160582,2018/19,2018-10-14,Sharjah Cricket Stadium,1,6.4,Balkh Legends,Kabul Zwanan,CH Gayle,EMDY Munaweera,Javed Ahmadi,1,0,,,,,,,,,
1160582,2018/19,2018-10-14,Sharjah Cricket Stadium,1,6.5,Balkh Legends,Kabul Zwanan,EMDY Munaweera,CH Gayle,Javed Ahmadi,1,0,,,,,,,,,
1160582,2018/19,2018-10-14,Sharjah Cricket Stadium,1,6.6,Balkh Legends,Kabul Zwanan,CH Gayle,EMDY Munaweera,Javed Ahmadi,0,0,,,,,,,,,
1160582,2018/19,2018-10-14,Sharjah Cricket Stadium,1,7.1,Balkh Legends,Kabul Zwanan,EMDY Munaweera,CH Gayle,WD Parnell,0,0,,,,,,,,,
1160582,2018/19,2018-10-14,Sharjah Cricket Stadium,1,7.2,Balkh Legends,Kabul Zwanan,EMDY Munaweera,CH Gayle,WD Parnell,0,0,,,,,,,,,
1160582,2018/19,2018-10-14,Sharjah Cricket Stadium,1,7.3,Balkh Legends,Kabul Zwanan,EMDY Munaweera,CH Gayle,WD Parnell,0,0,,,,,,,,,
1160582,2018/19,2018-10-14,Sharjah Cricket Stadium,1,7.4,Balkh Legends,Kabul Zwanan,EMDY Munaweera,CH Gayle,WD Parnell,0,0,,,,,,,,,
1160582,2018/19,2018-10-14,Sharjah Cricket Stadium,1,7.5,Balkh Legends,Kabul Zwanan,EMDY Munaweera,CH Gayle,WD Parnell,4,0,,,,,,,,,
1160582,2018/19,2018-10-14,Sharjah Cricket Stadium,1,7.6,Balkh Legends,Kabul Zwanan,EMDY Munaweera,CH Gayle,WD Parnell,0,0,,,,,,,,,
1160582,2018/19,2018-10-14,Sharjah Cricket Stadium,1,8.1,Balkh Legends,Kabul Zwanan,CH Gayle,EMDY Munaweera,Muslim Musa,0,0,,,,,,,,,
1160582,2018/19,2018-10-14,Sharjah Cricket Stadium,1,8.2,Balkh Legends,Kabul Zwanan,CH Gayle,EMDY Munaweera,Muslim Musa,0,0,,,,,,,,,
1160582,2018/19,2018-10-14,Sharjah Cricket Stadium,1,8.3,Balkh Legends,Kabul Zwanan,CH Gayle,EMDY Munaweera,Muslim Musa,0,1,1,,,,,,,,
1160582,2018/19,2018-10-14,Sharjah Cricket Stadium,1,8.4,Balkh Legends,Kabul Zwanan,CH Gayle,EMDY Munaweera,Muslim Musa,4,0,,,,,,,,,
1160582,2018/19,2018-10-14,Sharjah Cricket Stadium,1,8.5,Balkh Legends,Kabul Zwanan,CH Gayle,EMDY Munaweera,Muslim Musa,6,0,,,,,,,,,
1160582,2018/19,2018-10-14,Sharjah Cricket Stadium,1,8.6,Balkh Legends,Kabul Zwanan,CH Gayle,EMDY Munaweera,Muslim Musa,0,0,,,,,,,,,
1160582,2018/19,2018-10-14,Sharjah Cricket Stadium,1,8.7,Balkh Legends,Kabul Zwanan,CH Gayle,EMDY Munaweera,Muslim Musa,0,0,,,,,,,,,
1160582,2018/19,2018-10-14,Sharjah Cricket Stadium,1,9.1,Balkh Legends,Kabul Zwanan,EMDY Munaweera,CH Gayle,Shahidullah,0,0,,,,,,caught,EMDY Munaweera,,
1160582,2018/19,2018-10-14,Sharjah Cricket Stadium,1,9.2,Balkh Legends,Kabul Zwanan,Darwish Rasooli,CH Gayle,Shahidullah,1,0,,,,,,,,,
1160582,2018/19,2018-10-14,Sharjah Cricket Stadium,1,9.3,Balkh Legends,Kabul Zwanan,CH Gayle,Darwish Rasooli,Shahidullah,0,0,,,,,,,,,
1160582,2018/19,2018-10-14,Sharjah Cricket Stadium,1,9.4,Balkh Legends,Kabul Zwanan,CH Gayle,Darwish Rasooli,Shahidullah,6,0,,,,,,,,,
1160582,2018/19,2018-10-14,Sharjah Cricket Stadium,1,9.5,Balkh Legends,Kabul Zwanan,CH Gayle,Darwish Rasooli,Shahidullah,6,0,,,,,,,,,
1160582,2018/19,2018-10-14,Sharjah Cricket Stadium,1,9.6,Balkh Legends,Kabul Zwanan,CH Gayle,Darwish Rasooli,Shahidullah,1,0,,,,,,,,,
1160582,2018/19,2018-10-14,Sharjah Cricket Stadium,1,10.1,Balkh Legends,Kabul Zwanan,CH Gayle,Darwish Rasooli,CA Ingram,6,0,,,,,,,,,
1160582,2018/19,2018-10-14,Sharjah Cricket Stadium,1,10.2,Balkh Legends,Kabul Zwanan,CH Gayle,Darwish Rasooli,CA Ingram,6,0,,,,,,,,,
1160582,2018/19,2018-10-14,Sharjah Cricket Stadium,1,10.3,Balkh Legends,Kabul Zwanan,CH Gayle,Darwish Rasooli,CA Ingram,0,3,3,,,,,,,,
1160582,2018/19,2018-10-14,Sharjah Cricket Stadium,1,10.4,Balkh Legends,Kabul Zwanan,CH Gayle,Darwish Rasooli,CA Ingram,4,0,,,,,,,,,
1160582,2018/19,2018-10-14,Sharjah Cricket Stadium,1,10.5,Balkh Legends,Kabul Zwanan,CH Gayle,Darwish Rasooli,CA Ingram,6,0,,,,,,,,,
1160582,2018/19,2018-10-14,Sharjah Cricket Stadium,1,10.6,Balkh Legends,Kabul Zwanan,CH Gayle,Darwish Rasooli,CA Ingram,1,0,,,,,,,,,
1160582,2018/19,2018-10-14,Sharjah Cricket Stadium,1,10.7,Balkh Legends,Kabul Zwanan,Darwish Rasooli,CH Gayle,CA Ingram,6,0,,,,,,,,,
1160582,2018/19,2018-10-14,Sharjah Cricket Stadium,1,11.1,Balkh Legends,Kabul Zwanan,CH Gayle,Darwish Rasooli,Rashid Khan,0,2,,,,2,,,,,
1160582,2018/19,2018-10-14,Sharjah Cricket Stadium,1,11.2,Balkh Legends,Kabul Zwanan,CH Gayle,Darwish Rasooli,Rashid Khan,1,0,,,,,,,,,
1160582,2018/19,2018-10-14,Sharjah Cricket Stadium,1,11.3,Balkh Legends,Kabul Zwanan,Darwish Rasooli,CH Gayle,Rashid Khan,0,0,,,,,,,,,
1160582,2018/19,2018-10-14,Sharjah Cricket Stadium,1,11.4,Balkh Legends,Kabul Zwanan,Darwish Rasooli,CH Gayle,Rashid Khan,0,0,,,,,,,,,
1160582,2018/19,2018-10-14,Sharjah Cricket Stadium,1,11.5,Balkh Legends,Kabul Zwanan,Darwish Rasooli,CH Gayle,Rashid Khan,1,0,,,,,,,,,
1160582,2018/19,2018-10-14,Sharjah Cricket Stadium,1,11.6,Balkh Legends,Kabul Zwanan,CH Gayle,Darwish Rasooli,Rashid Khan,1,0,,,,,,,,,
1160582,2018/19,2018-10-14,Sharjah Cricket Stadium,1,12.1,Balkh Legends,Kabul Zwanan,CH Gayle,Darwish Rasooli,Muslim Musa,1,0,,,,,,,,,
1160582,2018/19,2018-10-14,Sharjah Cricket Stadium,1,12.2,Balkh Legends,Kabul Zwanan,Darwish Rasooli,CH Gayle,Muslim Musa,1,0,,,,,,,,,
1160582,2018/19,2018-10-14,Sharjah Cricket Stadium,1,12.3,Balkh Legends,Kabul Zwanan,CH Gayle,Darwish Rasooli,Muslim Musa,1,0,,,,,,,,,
1160582,2018/19,2018-10-14,Sharjah Cricket Stadium,1,12.4,Balkh Legends,Kabul Zwanan,Darwish Rasooli,CH Gayle,Muslim Musa,4,0,,,,,,,,,
1160582,2018/19,2018-10-14,Sharjah Cricket Stadium,1,12.5,Balkh Legends,Kabul Zwanan,Darwish Rasooli,CH Gayle,Muslim Musa,0,0,,,,,,run out,CH Gayle,,
1160582,2018/19,2018-10-14,Sharjah Cricket Stadium,1,12.6,Balkh Legends,Kabul Zwanan,Darwish Rasooli,MN Waller,Muslim Musa,0,0,,,,,,,,,
1160582,2018/19,2018-10-14,Sharjah Cricket Stadium,1,13.1,Balkh Legends,Kabul Zwanan,MN Waller,Darwish Rasooli,Shahidullah,1,0,,,,,,,,,
1160582,2018/19,2018-10-14,Sharjah Cricket Stadium,1,13.2,Balkh Legends,Kabul Zwanan,Darwish Rasooli,MN Waller,Shahidullah,0,0,,,,,,,,,
1160582,2018/19,2018-10-14,Sharjah Cricket Stadium,1,13.3,Balkh Legends,Kabul Zwanan,Darwish Rasooli,MN Waller,Shahidullah,6,0,,,,,,,,,
1160582,2018/19,2018-10-14,Sharjah Cricket Stadium,1,13.4,Balkh Legends,Kabul Zwanan,Darwish Rasooli,MN Waller,Shahidullah,0,0,,,,,,,,,
1160582,2018/19,2018-10-14,Sharjah Cricket Stadium,1,13.5,Balkh Legends,Kabul Zwanan,Darwish Rasooli,MN Waller,Shahidullah,1,0,,,,,,,,,
1160582,2018/19,2018-10-14,Sharjah Cricket Stadium,1,13.6,Balkh Legends,Kabul Zwanan,MN Waller,Darwish Rasooli,Shahidullah,1,0,,,,,,,,,
1160582,2018/19,2018-10-14,Sharjah Cricket Stadium,1,14.1,Balkh Legends,Kabul Zwanan,MN Waller,Darwish Rasooli,Rashid Khan,1,0,,,,,,,,,
1160582,2018/19,2018-10-14,Sharjah Cricket Stadium,1,14.2,Balkh Legends,Kabul Zwanan,Darwish Rasooli,MN Waller,Rashid Khan,1,0,,,,,,,,,
1160582,2018/19,2018-10-14,Sharjah Cricket Stadium,1,14.3,Balkh Legends,Kabul Zwanan,MN Waller,Darwish Rasooli,Rashid Khan,0,0,,,,,,bowled,MN Waller,,
1160582,2018/19,2018-10-14,Sharjah Cricket Stadium,1,14.4,Balkh Legends,Kabul Zwanan,Mohammad Nabi,Darwish Rasooli,Rashid Khan,1,0,,,,,,,,,
1160582,2018/19,2018-10-14,Sharjah Cricket Stadium,1,14.5,Balkh Legends,Kabul Zwanan,Darwish Rasooli,Mohammad Nabi,Rashid Khan,0,0,,,,,,,,,
1160582,2018/19,2018-10-14,Sharjah Cricket Stadium,1,14.6,Balkh Legends,Kabul Zwanan,Darwish Rasooli,Mohammad Nabi,Rashid Khan,1,0,,,,,,,,,
1160582,2018/19,2018-10-14,Sharjah Cricket Stadium,1,15.1,Balkh Legends,Kabul Zwanan,Darwish Rasooli,Mohammad Nabi,WD Parnell,1,0,,,,,,,,,
1160582,2018/19,2018-10-14,Sharjah Cricket Stadium,1,15.2,Balkh Legends,Kabul Zwanan,Mohammad Nabi,Darwish Rasooli,WD Parnell,0,0,,,,,,,,,
1160582,2018/19,2018-10-14,Sharjah Cricket Stadium,1,15.3,Balkh Legends,Kabul Zwanan,Mohammad Nabi,Darwish Rasooli,WD Parnell,1,0,,,,,,,,,
1160582,2018/19,2018-10-14,Sharjah Cricket Stadium,1,15.4,Balkh Legends,Kabul Zwanan,Darwish Rasooli,Mohammad Nabi,WD Parnell,1,0,,,,,,,,,
1160582,2018/19,2018-10-14,Sharjah Cricket Stadium,1,15.5,Balkh Legends,Kabul Zwanan,Mohammad Nabi,Darwish Rasooli,WD Parnell,1,0,,,,,,,,,
1160582,2018/19,2018-10-14,Sharjah Cricket Stadium,1,15.6,Balkh Legends,Kabul Zwanan,Darwish Rasooli,Mohammad Nabi,WD Parnell,1,0,,,,,,,,,
1160582,2018/19,2018-10-14,Sharjah Cricket Stadium,1,16.1,Balkh Legends,Kabul Zwanan,Darwish Rasooli,Mohammad Nabi,Muslim Musa,6,0,,,,,,,,,
1160582,2018/19,2018-10-14,Sharjah Cricket Stadium,1,16.2,Balkh Legends,Kabul Zwanan,Darwish Rasooli,Mohammad Nabi,Muslim Musa,6,0,,,,,,,,,
1160582,2018/19,2018-10-14,Sharjah Cricket Stadium,1,16.3,Balkh Legends,Kabul Zwanan,Darwish Rasooli,Mohammad Nabi,Muslim Musa,1,0,,,,,,,,,
1160582,2018/19,2018-10-14,Sharjah Cricket Stadium,1,16.4,Balkh Legends,Kabul Zwanan,Mohammad Nabi,Darwish Rasooli,Muslim Musa,4,0,,,,,,,,,
1160582,2018/19,2018-10-14,Sharjah Cricket Stadium,1,16.5,Balkh Legends,Kabul Zwanan,Mohammad Nabi,Darwish Rasooli,Muslim Musa,4,0,,,,,,,,,
1160582,2018/19,2018-10-14,Sharjah Cricket Stadium,1,16.6,Balkh Legends,Kabul Zwanan,Mohammad Nabi,Darwish Rasooli,Muslim Musa,4,0,,,,,,,,,
1160582,2018/19,2018-10-14,Sharjah Cricket Stadium,1,17.1,Balkh Legends,Kabul Zwanan,Darwish Rasooli,Mohammad Nabi,Rashid Khan,6,0,,,,,,,,,
1160582,2018/19,2018-10-14,Sharjah Cricket Stadium,1,17.2,Balkh Legends,Kabul Zwanan,Darwish Rasooli,Mohammad Nabi,Rashid Khan,1,0,,,,,,,,,
1160582,2018/19,2018-10-14,Sharjah Cricket Stadium,1,17.3,Balkh Legends,Kabul Zwanan,Mohammad Nabi,Darwish Rasooli,Rashid Khan,2,0,,,,,,,,,
1160582,2018/19,2018-10-14,Sharjah Cricket Stadium,1,17.4,Balkh Legends,Kabul Zwanan,Mohammad Nabi,Darwish Rasooli,Rashid Khan,6,0,,,,,,,,,
1160582,2018/19,2018-10-14,Sharjah Cricket Stadium,1,17.5,Balkh Legends,Kabul Zwanan,Mohammad Nabi,Darwish Rasooli,Rashid Khan,1,0,,,,,,,,,
1160582,2018/19,2018-10-14,Sharjah Cricket Stadium,1,17.6,Balkh Legends,Kabul Zwanan,Darwish Rasooli,Mohammad Nabi,Rashid Khan,4,0,,,,,,,,,
1160582,2018/19,2018-10-14,Sharjah Cricket Stadium,1,18.1,Balkh Legends,Kabul Zwanan,Mohammad Nabi,Darwish Rasooli,Fareed Ahmad,6,0,,,,,,,,,
1160582,2018/19,2018-10-14,Sharjah Cricket Stadium,1,18.2,Balkh Legends,Kabul Zwanan,Mohammad Nabi,Darwish Rasooli,Fareed Ahmad,1,0,,,,,,,,,
1160582,2018/19,2018-10-14,Sharjah Cricket Stadium,1,18.3,Balkh Legends,Kabul Zwanan,Darwish Rasooli,Mohammad Nabi,Fareed Ahmad,1,1,,1,,,,,,,
1160582,2018/19,2018-10-14,Sharjah Cricket Stadium,1,18.4,Balkh Legends,Kabul Zwanan,Mohammad Nabi,Darwish Rasooli,Fareed Ahmad,0,0,,,,,,,,,
1160582,2018/19,2018-10-14,Sharjah Cricket Stadium,1,18.5,Balkh Legends,Kabul Zwanan,Mohammad Nabi,Darwish Rasooli,Fareed Ahmad,6,0,,,,,,,,,
1160582,2018/19,2018-10-14,Sharjah Cricket Stadium,1,18.6,Balkh Legends,Kabul Zwanan,Mohammad Nabi,Darwish Rasooli,Fareed Ahmad,0,0,,,,,,lbw,Mohammad Nabi,,
1160582,2018/19,2018-10-14,Sharjah Cricket Stadium,1,18.7,Balkh Legends,Kabul Zwanan,Gulbadin Naib,Darwish Rasooli,Fareed Ahmad,0,0,,,,,,caught,Gulbadin Naib,,
1160582,2018/19,2018-10-14,Sharjah Cricket Stadium,1,19.1,Balkh Legends,Kabul Zwanan,Darwish Rasooli,Mirwais Ashraf,WD Parnell,0,0,,,,,,caught,Darwish Rasooli,,
1160582,2018/19,2018-10-14,Sharjah Cricket Stadium,1,19.2,Balkh Legends,Kabul Zwanan,Ikram Alikhil,Mirwais Ashraf,WD Parnell,1,0,,,,,,,,,
1160582,2018/19,2018-10-14,Sharjah Cricket Stadium,1,19.3,Balkh Legends,Kabul Zwanan,Mirwais Ashraf,Ikram Alikhil,WD Parnell,6,0,,,,,,,,,
1160582,2018/19,2018-10-14,Sharjah Cricket Stadium,1,19.4,Balkh Legends,Kabul Zwanan,Mirwais Ashraf,Ikram Alikhil,WD Parnell,1,0,,,,,,,,,
1160582,2018/19,2018-10-14,Sharjah Cricket Stadium,1,19.5,Balkh Legends,Kabul Zwanan,Ikram Alikhil,Mirwais Ashraf,WD Parnell,1,0,,,,,,,,,
1160582,2018/19,2018-10-14,Sharjah Cricket Stadium,1,19.6,Balkh Legends,Kabul Zwanan,Mirwais Ashraf,Ikram Alikhil,WD Parnell,6,0,,,,,,,,,
1160582,2018/19,2018-10-14,Sharjah Cricket Stadium,2,0.1,Kabul Zwanan,Balkh Legends,L Ronchi,Hazratullah,Mohammad Nabi,0,0,,,,,,,,,
1160582,2018/19,2018-10-14,Sharjah Cricket Stadium,2,0.2,Kabul Zwanan,Balkh Legends,L Ronchi,Hazratullah,Mohammad Nabi,0,0,,,,,,,,,
1160582,2018/19,2018-10-14,Sharjah Cricket Stadium,2,0.3,Kabul Zwanan,Balkh Legends,L Ronchi,Hazratullah,Mohammad Nabi,0,0,,,,,,,,,
1160582,2018/19,2018-10-14,Sharjah Cricket Stadium,2,0.4,Kabul Zwanan,Balkh Legends,L Ronchi,Hazratullah,Mohammad Nabi,4,0,,,,,,,,,
1160582,2018/19,2018-10-14,Sharjah Cricket Stadium,2,0.5,Kabul Zwanan,Balkh Legends,L Ronchi,Hazratullah,Mohammad Nabi,1,0,,,,,,,,,
1160582,2018/19,2018-10-14,Sharjah Cricket Stadium,2,0.6,Kabul Zwanan,Balkh Legends,Hazratullah,L Ronchi,Mohammad Nabi,1,0,,,,,,,,,
1160582,2018/19,2018-10-14,Sharjah Cricket Stadium,2,1.1,Kabul Zwanan,Balkh Legends,Hazratullah,L Ronchi,Gulbadin Naib,0,1,1,,,,,,,,
1160582,2018/19,2018-10-14,Sharjah Cricket Stadium,2,1.2,Kabul Zwanan,Balkh Legends,Hazratullah,L Ronchi,Gulbadin Naib,4,0,,,,,,,,,
1160582,2018/19,2018-10-14,Sharjah Cricket Stadium,2,1.3,Kabul Zwanan,Balkh Legends,Hazratullah,L Ronchi,Gulbadin Naib,6,0,,,,,,,,,
1160582,2018/19,2018-10-14,Sharjah Cricket Stadium,2,1.4,Kabul Zwanan,Balkh Legends,Hazratullah,L Ronchi,Gulbadin Naib,1,0,,,,,,,,,
1160582,2018/19,2018-10-14,Sharjah Cricket Stadium,2,1.5,Kabul Zwanan,Balkh Legends,L Ronchi,Hazratullah,Gulbadin Naib,1,0,,,,,,,,,
1160582,2018/19,2018-10-14,Sharjah Cricket Stadium,2,1.6,Kabul Zwanan,Balkh Legends,Hazratullah,L Ronchi,Gulbadin Naib,4,0,,,,,,,,,
1160582,2018/19,2018-10-14,Sharjah Cricket Stadium,2,1.7,Kabul Zwanan,Balkh Legends,Hazratullah,L Ronchi,Gulbadin Naib,4,0,,,,,,,,,
1160582,2018/19,2018-10-14,Sharjah Cricket Stadium,2,2.1,Kabul Zwanan,Balkh Legends,L Ronchi,Hazratullah,Mohammad Nabi,0,0,,,,,,,,,
1160582,2018/19,2018-10-14,Sharjah Cricket Stadium,2,2.2,Kabul Zwanan,Balkh Legends,L Ronchi,Hazratullah,Mohammad Nabi,4,0,,,,,,,,,
1160582,2018/19,2018-10-14,Sharjah Cricket Stadium,2,2.3,Kabul Zwanan,Balkh Legends,L Ronchi,Hazratullah,Mohammad Nabi,1,0,,,,,,,,,
1160582,2018/19,2018-10-14,Sharjah Cricket Stadium,2,2.4,Kabul Zwanan,Balkh Legends,Hazratullah,L Ronchi,Mohammad Nabi,1,0,,,,,,,,,
1160582,2018/19,2018-10-14,Sharjah Cricket Stadium,2,2.5,Kabul Zwanan,Balkh Legends,L Ronchi,Hazratullah,Mohammad Nabi,0,0,,,,,,,,,
1160582,2018/19,2018-10-14,Sharjah Cricket Stadium,2,2.6,Kabul Zwanan,Balkh Legends,L Ronchi,Hazratullah,Mohammad Nabi,0,0,,,,,,,,,
1160582,2018/19,2018-10-14,Sharjah Cricket Stadium,2,3.1,Kabul Zwanan,Balkh Legends,Hazratullah,L Ronchi,Abdullah Mazari,6,0,,,,,,,,,
1160582,2018/19,2018-10-14,Sharjah Cricket Stadium,2,3.2,Kabul Zwanan,Balkh Legends,Hazratullah,L Ronchi,Abdullah Mazari,6,0,,,,,,,,,
1160582,2018/19,2018-10-14,Sharjah Cricket Stadium,2,3.3,Kabul Zwanan,Balkh Legends,Hazratullah,L Ronchi,Abdullah Mazari,0,1,1,,,,,,,,
1160582,2018/19,2018-10-14,Sharjah Cricket Stadium,2,3.4,Kabul Zwanan,Balkh Legends,Hazratullah,L Ronchi,Abdullah Mazari,6,0,,,,,,,,,
1160582,2018/19,2018-10-14,Sharjah Cricket Stadium,2,3.5,Kabul Zwanan,Balkh Legends,Hazratullah,L Ronchi,Abdullah Mazari,6,0,,,,,,,,,
1160582,2018/19,2018-10-14,Sharjah Cricket Stadium,2,3.6,Kabul Zwanan,Balkh Legends,Hazratullah,L Ronchi,Abdullah Mazari,6,0,,,,,,,,,
1160582,2018/19,2018-10-14,Sharjah Cricket Stadium,2,3.7,Kabul Zwanan,Balkh Legends,Hazratullah,L Ronchi,Abdullah Mazari,6,0,,,,,,,,,
1160582,2018/19,2018-10-14,Sharjah Cricket Stadium,2,4.1,Kabul Zwanan,Balkh Legends,L Ronchi,Hazratullah,Mohammad Nabi,0,1,,,,1,,,,,
1160582,2018/19,2018-10-14,Sharjah Cricket Stadium,2,4.2,Kabul Zwanan,Balkh Legends,Hazratullah,L Ronchi,Mohammad Nabi,0,0,,,,,,,,,
1160582,2018/19,2018-10-14,Sharjah Cricket Stadium,2,4.3,Kabul Zwanan,Balkh Legends,Hazratullah,L Ronchi,Mohammad Nabi,4,0,,,,,,,,,
1160582,2018/19,2018-10-14,Sharjah Cricket Stadium,2,4.4,Kabul Zwanan,Balkh Legends,Hazratullah,L Ronchi,Mohammad Nabi,1,0,,,,,,,,,
1160582,2018/19,2018-10-14,Sharjah Cricket Stadium,2,4.5,Kabul Zwanan,Balkh Legends,L Ronchi,Hazratullah,Mohammad Nabi,0,0,,,,,,,,,
1160582,2018/19,2018-10-14,Sharjah Cricket Stadium,2,4.6,Kabul Zwanan,Balkh Legends,L Ronchi,Hazratullah,Mohammad Nabi,1,0,,,,,,,,,
1160582,2018/19,2018-10-14,Sharjah Cricket Stadium,2,5.1,Kabul Zwanan,Balkh Legends,L Ronchi,Hazratullah,B Laughlin,2,0,,,,,,,,,
1160582,2018/19,2018-10-14,Sharjah Cricket Stadium,2,5.2,Kabul Zwanan,Balkh Legends,L Ronchi,Hazratullah,B Laughlin,0,0,,,,,,,,,
1160582,2018/19,2018-10-14,Sharjah Cricket Stadium,2,5.3,Kabul Zwanan,Balkh Legends,L Ronchi,Hazratullah,B Laughlin,6,0,,,,,,,,,
1160582,2018/19,2018-10-14,Sharjah Cricket Stadium,2,5.4,Kabul Zwanan,Balkh Legends,L Ronchi,Hazratullah,B Laughlin,1,0,,,,,,,,,
1160582,2018/19,2018-10-14,Sharjah Cricket Stadium,2,5.5,Kabul Zwanan,Balkh Legends,Hazratullah,L Ronchi,B Laughlin,0,0,,,,,,caught,Hazratullah,,
1160582,2018/19,2018-10-14,Sharjah Cricket Stadium,2,5.6,Kabul Zwanan,Balkh Legends,L Ronchi,Javed Ahmadi,B Laughlin,0,0,,,,,,,,,
1160582,2018/19,2018-10-14,Sharjah Cricket Stadium,2,6.1,Kabul Zwanan,Balkh Legends,Javed Ahmadi,L Ronchi,Mirwais Ashraf,0,0,,,,,,,,,
1160582,2018/19,2018-10-14,Sharjah Cricket Stadium,2,6.2,Kabul Zwanan,Balkh Legends,Javed Ahmadi,L Ronchi,Mirwais Ashraf,1,0,,,,,,,,,
1160582,2018/19,2018-10-14,Sharjah Cricket Stadium,2,6.3,Kabul Zwanan,Balkh Legends,L Ronchi,Javed Ahmadi,Mirwais Ashraf,4,0,,,,,,,,,
1160582,2018/19,2018-10-14,Sharjah Cricket Stadium,2,6.4,Kabul Zwanan,Balkh Legends,L Ronchi,Javed Ahmadi,Mirwais Ashraf,0,0,,,,,,,,,
1160582,2018/19,2018-10-14,Sharjah Cricket Stadium,2,6.5,Kabul Zwanan,Balkh Legends,L Ronchi,Javed Ahmadi,Mirwais Ashraf,1,0,,,,,,,,,
1160582,2018/19,2018-10-14,Sharjah Cricket Stadium,2,6.6,Kabul Zwanan,Balkh Legends,Javed Ahmadi,L Ronchi,Mirwais Ashraf,0,0,,,,,,,,,
1160582,2018/19,2018-10-14,Sharjah Cricket Stadium,2,7.1,Kabul Zwanan,Balkh Legends,L Ronchi,Javed Ahmadi,Gulbadin Naib,0,0,,,,,,,,,
1160582,2018/19,2018-10-14,Sharjah Cricket Stadium,2,7.2,Kabul Zwanan,Balkh Legends,L Ronchi,Javed Ahmadi,Gulbadin Naib,0,0,,,,,,,,,
1160582,2018/19,2018-10-14,Sharjah Cricket Stadium,2,7.3,Kabul Zwanan,Balkh Legends,L Ronchi,Javed Ahmadi,Gulbadin Naib,1,0,,,,,,,,,
1160582,2018/19,2018-10-14,Sharjah Cricket Stadium,2,7.4,Kabul Zwanan,Balkh Legends,Javed Ahmadi,L Ronchi,Gulbadin Naib,1,0,,,,,,,,,
1160582,2018/19,2018-10-14,Sharjah Cricket Stadium,2,7.5,Kabul Zwanan,Balkh Legends,L Ronchi,Javed Ahmadi,Gulbadin Naib,4,0,,,,,,,,,
1160582,2018/19,2018-10-14,Sharjah Cricket Stadium,2,7.6,Kabul Zwanan,Balkh Legends,L Ronchi,Javed Ahmadi,Gulbadin Naib,4,0,,,,,,,,,
1160582,2018/19,2018-10-14,Sharjah Cricket Stadium,2,8.1,Kabul Zwanan,Balkh Legends,Javed Ahmadi,L Ronchi,Mirwais Ashraf,1,0,,,,,,,,,
1160582,2018/19,2018-10-14,Sharjah Cricket Stadium,2,8.2,Kabul Zwanan,Balkh Legends,L Ronchi,Javed Ahmadi,Mirwais Ashraf,1,0,,,,,,,,,
1160582,2018/19,2018-10-14,Sharjah Cricket Stadium,2,8.3,Kabul Zwanan,Balkh Legends,Javed Ahmadi,L Ronchi,Mirwais Ashraf,4,0,,,,,,,,,
1160582,2018/19,2018-10-14,Sharjah Cricket Stadium,2,8.4,Kabul Zwanan,Balkh Legends,Javed Ahmadi,L Ronchi,Mirwais Ashraf,0,0,,,,,,caught,Javed Ahmadi,,
1160582,2018/19,2018-10-14,Sharjah Cricket Stadium,2,8.5,Kabul Zwanan,Balkh Legends,LJ Evans,L Ronchi,Mirwais Ashraf,0,0,,,,,,,,,
1160582,2018/19,2018-10-14,Sharjah Cricket Stadium,2,8.6,Kabul Zwanan,Balkh Legends,LJ Evans,L Ronchi,Mirwais Ashraf,0,0,,,,,,,,,
1160582,2018/19,2018-10-14,Sharjah Cricket Stadium,2,9.1,Kabul Zwanan,Balkh Legends,L Ronchi,LJ Evans,Qais Ahmad,0,0,,,,,,,,,
1160582,2018/19,2018-10-14,Sharjah Cricket Stadium,2,9.2,Kabul Zwanan,Balkh Legends,L Ronchi,LJ Evans,Qais Ahmad,1,0,,,,,,,,,
1160582,2018/19,2018-10-14,Sharjah Cricket Stadium,2,9.3,Kabul Zwanan,Balkh Legends,LJ Evans,L Ronchi,Qais Ahmad,1,0,,,,,,,,,
1160582,2018/19,2018-10-14,Sharjah Cricket Stadium,2,9.4,Kabul Zwanan,Balkh Legends,L Ronchi,LJ Evans,Qais Ahmad,0,0,,,,,,,,,
1160582,2018/19,2018-10-14,Sharjah Cricket Stadium,2,9.5,Kabul Zwanan,Balkh Legends,L Ronchi,LJ Evans,Qais Ahmad,0,0,,,,,,,,,
1160582,2018/19,2018-10-14,Sharjah Cricket Stadium,2,9.6,Kabul Zwanan,Balkh Legends,L Ronchi,LJ Evans,Qais Ahmad,1,0,,,,,,,,,
1160582,2018/19,2018-10-14,Sharjah Cricket Stadium,2,10.1,Kabul Zwanan,Balkh Legends,L Ronchi,LJ Evans,Mirwais Ashraf,4,0,,,,,,,,,
1160582,2018/19,2018-10-14,Sharjah Cricket Stadium,2,10.2,Kabul Zwanan,Balkh Legends,L Ronchi,LJ Evans,Mirwais Ashraf,0,0,,,,,,,,,
1160582,2018/19,2018-10-14,Sharjah Cricket Stadium,2,10.3,Kabul Zwanan,Balkh Legends,L Ronchi,LJ Evans,Mirwais Ashraf,4,0,,,,,,,,,
1160582,2018/19,2018-10-14,Sharjah Cricket Stadium,2,10.4,Kabul Zwanan,Balkh Legends,L Ronchi,LJ Evans,Mirwais Ashraf,1,0,,,,,,,,,
1160582,2018/19,2018-10-14,Sharjah Cricket Stadium,2,10.5,Kabul Zwanan,Balkh Legends,LJ Evans,L Ronchi,Mirwais Ashraf,4,0,,,,,,,,,
1160582,2018/19,2018-10-14,Sharjah Cricket Stadium,2,10.6,Kabul Zwanan,Balkh Legends,LJ Evans,L Ronchi,Mirwais Ashraf,0,0,,,,,,,,,
1160582,2018/19,2018-10-14,Sharjah Cricket Stadium,2,11.1,Kabul Zwanan,Balkh Legends,L Ronchi,LJ Evans,Qais Ahmad,0,0,,,,,,bowled,L Ronchi,,
1160582,2018/19,2018-10-14,Sharjah Cricket Stadium,2,11.2,Kabul Zwanan,Balkh Legends,Shahidullah,LJ Evans,Qais Ahmad,0,0,,,,,,,,,
1160582,2018/19,2018-10-14,Sharjah Cricket Stadium,2,11.3,Kabul Zwanan,Balkh Legends,Shahidullah,LJ Evans,Qais Ahmad,1,0,,,,,,,,,
1160582,2018/19,2018-10-14,Sharjah Cricket Stadium,2,11.4,Kabul Zwanan,Balkh Legends,LJ Evans,Shahidullah,Qais Ahmad,1,0,,,,,,,,,
1160582,2018/19,2018-10-14,Sharjah Cricket Stadium,2,11.5,Kabul Zwanan,Balkh Legends,Shahidullah,LJ Evans,Qais Ahmad,2,0,,,,,,,,,
1160582,2018/19,2018-10-14,Sharjah Cricket Stadium,2,11.6,Kabul Zwanan,Balkh Legends,Shahidullah,LJ Evans,Qais Ahmad,4,0,,,,,,,,,
1160582,2018/19,2018-10-14,Sharjah Cricket Stadium,2,12.1,Kabul Zwanan,Balkh Legends,LJ Evans,Shahidullah,B Laughlin,1,0,,,,,,,,,
1160582,2018/19,2018-10-14,Sharjah Cricket Stadium,2,12.2,Kabul Zwanan,Balkh Legends,Shahidullah,LJ Evans,B Laughlin,1,0,,,,,,,,,
1160582,2018/19,2018-10-14,Sharjah Cricket Stadium,2,12.3,Kabul Zwanan,Balkh Legends,LJ Evans,Shahidullah,B Laughlin,0,0,,,,,,,,,
1160582,2018/19,2018-10-14,Sharjah Cricket Stadium,2,12.4,Kabul Zwanan,Balkh Legends,LJ Evans,Shahidullah,B Laughlin,1,0,,,,,,,,,
1160582,2018/19,2018-10-14,Sharjah Cricket Stadium,2,12.5,Kabul Zwanan,Balkh Legends,Shahidullah,LJ Evans,B Laughlin,4,0,,,,,,,,,
1160582,2018/19,2018-10-14,Sharjah Cricket Stadium,2,12.6,Kabul Zwanan,Balkh Legends,Shahidullah,LJ Evans,B Laughlin,0,0,,,,,,,,,
1160582,2018/19,2018-10-14,Sharjah Cricket Stadium,2,13.1,Kabul Zwanan,Balkh Legends,LJ Evans,Shahidullah,Qais Ahmad,1,0,,,,,,,,,
1160582,2018/19,2018-10-14,Sharjah Cricket Stadium,2,13.2,Kabul Zwanan,Balkh Legends,Shahidullah,LJ Evans,Qais Ahmad,0,0,,,,,,,,,
1160582,2018/19,2018-10-14,Sharjah Cricket Stadium,2,13.3,Kabul Zwanan,Balkh Legends,Shahidullah,LJ Evans,Qais Ahmad,6,0,,,,,,,,,
1160582,2018/19,2018-10-14,Sharjah Cricket Stadium,2,13.4,Kabul Zwanan,Balkh Legends,Shahidullah,LJ Evans,Qais Ahmad,1,0,,,,,,,,,
1160582,2018/19,2018-10-14,Sharjah Cricket Stadium,2,13.5,Kabul Zwanan,Balkh Legends,LJ Evans,Shahidullah,Qais Ahmad,0,0,,,,,,,,,
1160582,2018/19,2018-10-14,Sharjah Cricket Stadium,2,13.6,Kabul Zwanan,Balkh Legends,LJ Evans,Shahidullah,Qais Ahmad,0,0,,,,,,,,,
1160582,2018/19,2018-10-14,Sharjah Cricket Stadium,2,14.1,Kabul Zwanan,Balkh Legends,Shahidullah,LJ Evans,Gulbadin Naib,6,0,,,,,,,,,
1160582,2018/19,2018-10-14,Sharjah Cricket Stadium,2,14.2,Kabul Zwanan,Balkh Legends,Shahidullah,LJ Evans,Gulbadin Naib,4,0,,,,,,,,,
1160582,2018/19,2018-10-14,Sharjah Cricket Stadium,2,14.3,Kabul Zwanan,Balkh Legends,Shahidullah,LJ Evans,Gulbadin Naib,2,0,,,,,,,,,
1160582,2018/19,2018-10-14,Sharjah Cricket Stadium,2,14.4,Kabul Zwanan,Balkh Legends,Shahidullah,LJ Evans,Gulbadin Naib,1,0,,,,,,,,,
1160582,2018/19,2018-10-14,Sharjah Cricket Stadium,2,14.5,Kabul Zwanan,Balkh Legends,LJ Evans,Shahidullah,Gulbadin Naib,1,0,,,,,,,,,
1160582,2018/19,2018-10-14,Sharjah Cricket Stadium,2,14.6,Kabul Zwanan,Balkh Legends,Shahidullah,LJ Evans,Gulbadin Naib,1,0,,,,,,,,,
1160582,2018/19,2018-10-14,Sharjah Cricket Stadium,2,15.1,Kabul Zwanan,Balkh Legends,Shahidullah,LJ Evans,Qais Ahmad,2,0,,,,,,,,,
1160582,2018/19,2018-10-14,Sharjah Cricket Stadium,2,15.2,Kabul Zwanan,Balkh Legends,Shahidullah,LJ Evans,Qais Ahmad,4,0,,,,,,,,,
1160582,2018/19,2018-10-14,Sharjah Cricket Stadium,2,15.3,Kabul Zwanan,Balkh Legends,Shahidullah,LJ Evans,Qais Ahmad,1,0,,,,,,,,,
1160582,2018/19,2018-10-14,Sharjah Cricket Stadium,2,15.4,Kabul Zwanan,Balkh Legends,LJ Evans,Shahidullah,Qais Ahmad,0,0,,,,,,run out,LJ Evans,,
1160582,2018/19,2018-10-14,Sharjah Cricket Stadium,2,15.5,Kabul Zwanan,Balkh Legends,CA Ingram,Shahidullah,Qais Ahmad,1,0,,,,,,,,,
1160582,2018/19,2018-10-14,Sharjah Cricket Stadium,2,15.6,Kabul Zwanan,Balkh Legends,Shahidullah,CA Ingram,Qais Ahmad,0,0,,,,,,,,,
1160582,2018/19,2018-10-14,Sharjah Cricket Stadium,2,16.1,Kabul Zwanan,Balkh Legends,CA Ingram,Shahidullah,Mohammad Nabi,0,0,,,,,,,,,
1160582,2018/19,2018-10-14,Sharjah Cricket Stadium,2,16.2,Kabul Zwanan,Balkh Legends,CA Ingram,Shahidullah,Mohammad Nabi,1,0,,,,,,,,,
1160582,2018/19,2018-10-14,Sharjah Cricket Stadium,2,16.3,Kabul Zwanan,Balkh Legends,Shahidullah,CA Ingram,Mohammad Nabi,0,0,,,,,,caught,Shahidullah,,
1160582,2018/19,2018-10-14,Sharjah Cricket Stadium,2,16.4,Kabul Zwanan,Balkh Legends,Rashid Khan,CA Ingram,Mohammad Nabi,1,0,,,,,,,,,
1160582,2018/19,2018-10-14,Sharjah Cricket Stadium,2,16.5,Kabul Zwanan,Balkh Legends,CA Ingram,Rashid Khan,Mohammad Nabi,1,0,,,,,,,,,
1160582,2018/19,2018-10-14,Sharjah Cricket Stadium,2,16.6,Kabul Zwanan,Balkh Legends,Rashid Khan,CA Ingram,Mohammad Nabi,6,0,,,,,,,,,
1160582,2018/19,2018-10-14,Sharjah Cricket Stadium,2,17.1,Kabul Zwanan,Balkh Legends,CA Ingram,Rashid Khan,B Laughlin,2,0,,,,,,,,,
1160582,2018/19,2018-10-14,Sharjah Cricket Stadium,2,17.2,Kabul Zwanan,Balkh Legends,CA Ingram,Rashid Khan,B Laughlin,4,0,,,,,,,,,
1160582,2018/19,2018-10-14,Sharjah Cricket Stadium,2,17.3,Kabul Zwanan,Balkh Legends,CA Ingram,Rashid Khan,B Laughlin,0,0,,,,,,,,,
1160582,2018/19,2018-10-14,Sharjah Cricket Stadium,2,17.4,Kabul Zwanan,Balkh Legends,CA Ingram,Rashid Khan,B Laughlin,2,0,,,,,,,,,
1160582,2018/19,2018-10-14,Sharjah Cricket Stadium,2,17.5,Kabul Zwanan,Balkh Legends,CA Ingram,Rashid Khan,B Laughlin,6,0,,,,,,,,,
1160582,2018/19,2018-10-14,Sharjah Cricket Stadium,2,17.6,Kabul Zwanan,Balkh Legends,CA Ingram,Rashid Khan,B Laughlin,0,0,,,,,,,,,
1160582,2018/19,2018-10-14,Sharjah Cricket Stadium,2,18.1,Kabul Zwanan,Balkh Legends,Rashid Khan,CA Ingram,Mirwais Ashraf,6,0,,,,,,,,,
1160582,2018/19,2018-10-14,Sharjah Cricket Stadium,2,18.2,Kabul Zwanan,Balkh Legends,Rashid Khan,CA Ingram,Mirwais Ashraf,4,0,,,,,,,,,
1160582,2018/19,2018-10-14,Sharjah Cricket Stadium,2,18.3,Kabul Zwanan,Balkh Legends,Rashid Khan,CA Ingram,Mirwais Ashraf,1,0,,,,,,,,,
1160582,2018/19,2018-10-14,Sharjah Cricket Stadium,2,18.4,Kabul Zwanan,Balkh Legends,CA Ingram,Rashid Khan,Mirwais Ashraf,4,0,,,,,,,,,
1160582,2018/19,2018-10-14,Sharjah Cricket Stadium,2,18.5,Kabul Zwanan,Balkh Legends,CA Ingram,Rashid Khan,Mirwais Ashraf,6,0,,,,,,,,,
1160582,2018/19,2018-10-14,Sharjah Cricket Stadium,2,18.6,Kabul Zwanan,Balkh Legends,CA Ingram,Rashid Khan,Mirwais Ashraf,2,0,,,,,,,,,
1160582,2018/19,2018-10-14,Sharjah Cricket Stadium,2,19.1,Kabul Zwanan,Balkh Legends,Rashid Khan,CA Ingram,B Laughlin,1,0,,,,,,,,,
1160582,2018/19,2018-10-14,Sharjah Cricket Stadium,2,19.2,Kabul Zwanan,Balkh Legends,CA Ingram,Rashid Khan,B Laughlin,0,0,,,,,,caught,CA Ingram,,
1160582,2018/19,2018-10-14,Sharjah Cricket Stadium,2,19.3,Kabul Zwanan,Balkh Legends,Shawkat Zaman,Rashid Khan,B Laughlin,4,0,,,,,,,,,
1160582,2018/19,2018-10-14,Sharjah Cricket Stadium,2,19.4,Kabul Zwanan,Balkh Legends,Shawkat Zaman,Rashid Khan,B Laughlin,1,0,,,,,,,,,
1160582,2018/19,2018-10-14,Sharjah Cricket Stadium,2,19.5,Kabul Zwanan,Balkh Legends,Rashid Khan,Shawkat Zaman,B Laughlin,0,0,,,,,,caught,Rashid Khan,,
1160582,2018/19,2018-10-14,Sharjah Cricket Stadium,2,19.6,Kabul Zwanan,Balkh Legends,Muslim Musa,Shawkat Zaman,B Laughlin,1,0,,,,,,,,,
