match_id,season,start_date,venue,innings,ball,batting_team,bowling_team,striker,non_striker,bowler,runs_off_bat,extras,wides,noballs,byes,legbyes,penalty,wicket_type,player_dismissed,other_wicket_type,other_player_dismissed
1114874,2017/18,2018-01-06,Melbourne Cricket Ground,1,0.1,Melbourne Stars,Melbourne Renegades,LJ Wright,BR Dunk,Mohammad Nabi,0,0,,,,,,,,,
1114874,2017/18,2018-01-06,Melbourne Cricket Ground,1,0.2,Melbourne Stars,Melbourne Renegades,LJ Wright,BR Dunk,Mohammad Nabi,0,0,,,,,,,,,
1114874,2017/18,2018-01-06,Melbourne Cricket Ground,1,0.3,Melbourne Stars,Melbourne Renegades,LJ Wright,BR Dunk,Mohammad Nabi,0,0,,,,,,,,,
1114874,2017/18,2018-01-06,Melbourne Cricket Ground,1,0.4,Melbourne Stars,Melbourne Renegades,LJ Wright,BR Dunk,Mohammad Nabi,1,0,,,,,,,,,
1114874,2017/18,2018-01-06,Melbourne Cricket Ground,1,0.5,Melbourne Stars,Melbourne Renegades,BR Dunk,LJ Wright,Mohammad Nabi,1,0,,,,,,,,,
1114874,2017/18,2018-01-06,Melbourne Cricket Ground,1,0.6,Melbourne Stars,Melbourne Renegades,LJ Wright,BR Dunk,Mohammad Nabi,2,0,,,,,,,,,
1114874,2017/18,2018-01-06,Melbourne Cricket Ground,1,1.1,Melbourne Stars,Melbourne Renegades,BR Dunk,LJ Wright,KW Richardson,4,0,,,,,,,,,
1114874,2017/18,2018-01-06,Melbourne Cricket Ground,1,1.2,Melbourne Stars,Melbourne Renegades,BR Dunk,LJ Wright,KW Richardson,1,0,,,,,,,,,
1114874,2017/18,2018-01-06,Melbourne Cricket Ground,1,1.3,Melbourne Stars,Melbourne Renegades,LJ Wright,BR Dunk,KW Richardson,4,0,,,,,,,,,
1114874,2017/18,2018-01-06,Melbourne Cricket Ground,1,1.4,Melbourne Stars,Melbourne Renegades,LJ Wright,BR Dunk,KW Richardson,1,0,,,,,,,,,
1114874,2017/18,2018-01-06,Melbourne Cricket Ground,1,1.5,Melbourne Stars,Melbourne Renegades,BR Dunk,LJ Wright,KW Richardson,0,0,,,,,,,,,
1114874,2017/18,2018-01-06,Melbourne Cricket Ground,1,1.6,Melbourne Stars,Melbourne Renegades,BR Dunk,LJ Wright,KW Richardson,0,0,,,,,,,,,
1114874,2017/18,2018-01-06,Melbourne Cricket Ground,1,2.1,Melbourne Stars,Melbourne Renegades,LJ Wright,BR Dunk,DJ Bravo,0,0,,,,,,,,,
1114874,2017/18,2018-01-06,Melbourne Cricket Ground,1,2.2,Melbourne Stars,Melbourne Renegades,LJ Wright,BR Dunk,DJ Bravo,4,0,,,,,,,,,
1114874,2017/18,2018-01-06,Melbourne Cricket Ground,1,2.3,Melbourne Stars,Melbourne Renegades,LJ Wright,BR Dunk,DJ Bravo,0,0,,,,,,,,,
1114874,2017/18,2018-01-06,Melbourne Cricket Ground,1,2.4,Melbourne Stars,Melbourne Renegades,LJ Wright,BR Dunk,DJ Bravo,0,0,,,,,,,,,
1114874,2017/18,2018-01-06,Melbourne Cricket Ground,1,2.5,Melbourne Stars,Melbourne Renegades,LJ Wright,BR Dunk,DJ Bravo,0,0,,,,,,,,,
1114874,2017/18,2018-01-06,Melbourne Cricket Ground,1,2.6,Melbourne Stars,Melbourne Renegades,LJ Wright,BR Dunk,DJ Bravo,0,0,,,,,,caught,LJ Wright,,
1114874,2017/18,2018-01-06,Melbourne Cricket Ground,1,3.1,Melbourne Stars,Melbourne Renegades,KP Pietersen,BR Dunk,JD Wildermuth,0,0,,,,,,,,,
1114874,2017/18,2018-01-06,Melbourne Cricket Ground,1,3.2,Melbourne Stars,Melbourne Renegades,KP Pietersen,BR Dunk,JD Wildermuth,0,0,,,,,,,,,
1114874,2017/18,2018-01-06,Melbourne Cricket Ground,1,3.3,Melbourne Stars,Melbourne Renegades,KP Pietersen,BR Dunk,JD Wildermuth,4,0,,,,,,,,,
1114874,2017/18,2018-01-06,Melbourne Cricket Ground,1,3.4,Melbourne Stars,Melbourne Renegades,KP Pietersen,BR Dunk,JD Wildermuth,0,0,,,,,,,,,
1114874,2017/18,2018-01-06,Melbourne Cricket Ground,1,3.5,Melbourne Stars,Melbourne Renegades,KP Pietersen,BR Dunk,JD Wildermuth,1,0,,,,,,,,,
1114874,2017/18,2018-01-06,Melbourne Cricket Ground,1,3.6,Melbourne Stars,Melbourne Renegades,BR Dunk,KP Pietersen,JD Wildermuth,4,0,,,,,,,,,
1114874,2017/18,2018-01-06,Melbourne Cricket Ground,1,4.1,Melbourne Stars,Melbourne Renegades,KP Pietersen,BR Dunk,Mohammad Nabi,1,0,,,,,,,,,
1114874,2017/18,2018-01-06,Melbourne Cricket Ground,1,4.2,Melbourne Stars,Melbourne Renegades,BR Dunk,KP Pietersen,Mohammad Nabi,0,0,,,,,,,,,
1114874,2017/18,2018-01-06,Melbourne Cricket Ground,1,4.3,Melbourne Stars,Melbourne Renegades,BR Dunk,KP Pietersen,Mohammad Nabi,0,0,,,,,,,,,
1114874,2017/18,2018-01-06,Melbourne Cricket Ground,1,4.4,Melbourne Stars,Melbourne Renegades,BR Dunk,KP Pietersen,Mohammad Nabi,4,0,,,,,,,,,
1114874,2017/18,2018-01-06,Melbourne Cricket Ground,1,4.5,Melbourne Stars,Melbourne Renegades,BR Dunk,KP Pietersen,Mohammad Nabi,1,0,,,,,,,,,
1114874,2017/18,2018-01-06,Melbourne Cricket Ground,1,4.6,Melbourne Stars,Melbourne Renegades,KP Pietersen,BR Dunk,Mohammad Nabi,4,0,,,,,,,,,
1114874,2017/18,2018-01-06,Melbourne Cricket Ground,1,5.1,Melbourne Stars,Melbourne Renegades,BR Dunk,KP Pietersen,KW Richardson,1,0,,,,,,,,,
1114874,2017/18,2018-01-06,Melbourne Cricket Ground,1,5.2,Melbourne Stars,Melbourne Renegades,KP Pietersen,BR Dunk,KW Richardson,1,0,,,,,,,,,
1114874,2017/18,2018-01-06,Melbourne Cricket Ground,1,5.3,Melbourne Stars,Melbourne Renegades,BR Dunk,KP Pietersen,KW Richardson,1,0,,,,,,,,,
1114874,2017/18,2018-01-06,Melbourne Cricket Ground,1,5.4,Melbourne Stars,Melbourne Renegades,KP Pietersen,BR Dunk,KW Richardson,2,0,,,,,,,,,
1114874,2017/18,2018-01-06,Melbourne Cricket Ground,1,5.5,Melbourne Stars,Melbourne Renegades,KP Pietersen,BR Dunk,KW Richardson,4,0,,,,,,,,,
1114874,2017/18,2018-01-06,Melbourne Cricket Ground,1,5.6,Melbourne Stars,Melbourne Renegades,KP Pietersen,BR Dunk,KW Richardson,4,0,,,,,,,,,
1114874,2017/18,2018-01-06,Melbourne Cricket Ground,1,6.1,Melbourne Stars,Melbourne Renegades,BR Dunk,KP Pietersen,GB Hogg,1,0,,,,,,,,,
1114874,2017/18,2018-01-06,Melbourne Cricket Ground,1,6.2,Melbourne Stars,Melbourne Renegades,KP Pietersen,BR Dunk,GB Hogg,0,0,,,,,,,,,
1114874,2017/18,2018-01-06,Melbourne Cricket Ground,1,6.3,Melbourne Stars,Melbourne Renegades,KP Pietersen,BR Dunk,GB Hogg,1,0,,,,,,,,,
1114874,2017/18,2018-01-06,Melbourne Cricket Ground,1,6.4,Melbourne Stars,Melbourne Renegades,BR Dunk,KP Pietersen,GB Hogg,1,0,,,,,,,,,
1114874,2017/18,2018-01-06,Melbourne Cricket Ground,1,6.5,Melbourne Stars,Melbourne Renegades,KP Pietersen,BR Dunk,GB Hogg,0,0,,,,,,,,,
1114874,2017/18,2018-01-06,Melbourne Cricket Ground,1,6.6,Melbourne Stars,Melbourne Renegades,KP Pietersen,BR Dunk,GB Hogg,1,0,,,,,,,,,
1114874,2017/18,2018-01-06,Melbourne Cricket Ground,1,7.1,Melbourne Stars,Melbourne Renegades,KP Pietersen,BR Dunk,JD Wildermuth,0,0,,,,,,,,,
1114874,2017/18,2018-01-06,Melbourne Cricket Ground,1,7.2,Melbourne Stars,Melbourne Renegades,KP Pietersen,BR Dunk,JD Wildermuth,1,0,,,,,,,,,
1114874,2017/18,2018-01-06,Melbourne Cricket Ground,1,7.3,Melbourne Stars,Melbourne Renegades,BR Dunk,KP Pietersen,JD Wildermuth,4,0,,,,,,,,,
1114874,2017/18,2018-01-06,Melbourne Cricket Ground,1,7.4,Melbourne Stars,Melbourne Renegades,BR Dunk,KP Pietersen,JD Wildermuth,0,0,,,,,,,,,
1114874,2017/18,2018-01-06,Melbourne Cricket Ground,1,7.5,Melbourne Stars,Melbourne Renegades,BR Dunk,KP Pietersen,JD Wildermuth,1,0,,,,,,,,,
1114874,2017/18,2018-01-06,Melbourne Cricket Ground,1,7.6,Melbourne Stars,Melbourne Renegades,KP Pietersen,BR Dunk,JD Wildermuth,1,0,,,,,,,,,
1114874,2017/18,2018-01-06,Melbourne Cricket Ground,1,8.1,Melbourne Stars,Melbourne Renegades,KP Pietersen,BR Dunk,GB Hogg,1,0,,,,,,,,,
1114874,2017/18,2018-01-06,Melbourne Cricket Ground,1,8.2,Melbourne Stars,Melbourne Renegades,BR Dunk,KP Pietersen,GB Hogg,6,0,,,,,,,,,
1114874,2017/18,2018-01-06,Melbourne Cricket Ground,1,8.3,Melbourne Stars,Melbourne Renegades,BR Dunk,KP Pietersen,GB Hogg,2,0,,,,,,,,,
1114874,2017/18,2018-01-06,Melbourne Cricket Ground,1,8.4,Melbourne Stars,Melbourne Renegades,BR Dunk,KP Pietersen,GB Hogg,0,0,,,,,,,,,
1114874,2017/18,2018-01-06,Melbourne Cricket Ground,1,8.5,Melbourne Stars,Melbourne Renegades,BR Dunk,KP Pietersen,GB Hogg,1,0,,,,,,,,,
1114874,2017/18,2018-01-06,Melbourne Cricket Ground,1,8.6,Melbourne Stars,Melbourne Renegades,KP Pietersen,BR Dunk,GB Hogg,1,0,,,,,,,,,
1114874,2017/18,2018-01-06,Melbourne Cricket Ground,1,9.1,Melbourne Stars,Melbourne Renegades,KP Pietersen,BR Dunk,DJ Bravo,0,0,,,,,,,,,
1114874,2017/18,2018-01-06,Melbourne Cricket Ground,1,9.2,Melbourne Stars,Melbourne Renegades,KP Pietersen,BR Dunk,DJ Bravo,2,0,,,,,,,,,
1114874,2017/18,2018-01-06,Melbourne Cricket Ground,1,9.3,Melbourne Stars,Melbourne Renegades,KP Pietersen,BR Dunk,DJ Bravo,1,0,,,,,,,,,
1114874,2017/18,2018-01-06,Melbourne Cricket Ground,1,9.4,Melbourne Stars,Melbourne Renegades,BR Dunk,KP Pietersen,DJ Bravo,1,0,,,,,,,,,
1114874,2017/18,2018-01-06,Melbourne Cricket Ground,1,9.5,Melbourne Stars,Melbourne Renegades,KP Pietersen,BR Dunk,DJ Bravo,4,0,,,,,,,,,
1114874,2017/18,2018-01-06,Melbourne Cricket Ground,1,9.6,Melbourne Stars,Melbourne Renegades,KP Pietersen,BR Dunk,DJ Bravo,2,0,,,,,,,,,
1114874,2017/18,2018-01-06,Melbourne Cricket Ground,1,10.1,Melbourne Stars,Melbourne Renegades,BR Dunk,KP Pietersen,Mohammad Nabi,3,0,,,,,,,,,
1114874,2017/18,2018-01-06,Melbourne Cricket Ground,1,10.2,Melbourne Stars,Melbourne Renegades,KP Pietersen,BR Dunk,Mohammad Nabi,0,0,,,,,,,,,
1114874,2017/18,2018-01-06,Melbourne Cricket Ground,1,10.3,Melbourne Stars,Melbourne Renegades,KP Pietersen,BR Dunk,Mohammad Nabi,0,0,,,,,,,,,
1114874,2017/18,2018-01-06,Melbourne Cricket Ground,1,10.4,Melbourne Stars,Melbourne Renegades,KP Pietersen,BR Dunk,Mohammad Nabi,0,0,,,,,,,,,
1114874,2017/18,2018-01-06,Melbourne Cricket Ground,1,10.5,Melbourne Stars,Melbourne Renegades,KP Pietersen,BR Dunk,Mohammad Nabi,4,0,,,,,,,,,
1114874,2017/18,2018-01-06,Melbourne Cricket Ground,1,10.6,Melbourne Stars,Melbourne Renegades,KP Pietersen,BR Dunk,Mohammad Nabi,0,0,,,,,,caught,KP Pietersen,,
1114874,2017/18,2018-01-06,Melbourne Cricket Ground,1,11.1,Melbourne Stars,Melbourne Renegades,BR Dunk,GJ Maxwell,JD Wildermuth,1,0,,,,,,,,,
1114874,2017/18,2018-01-06,Melbourne Cricket Ground,1,11.2,Melbourne Stars,Melbourne Renegades,GJ Maxwell,BR Dunk,JD Wildermuth,2,0,,,,,,,,,
1114874,2017/18,2018-01-06,Melbourne Cricket Ground,1,11.3,Melbourne Stars,Melbourne Renegades,GJ Maxwell,BR Dunk,JD Wildermuth,0,0,,,,,,,,,
1114874,2017/18,2018-01-06,Melbourne Cricket Ground,1,11.4,Melbourne Stars,Melbourne Renegades,GJ Maxwell,BR Dunk,JD Wildermuth,0,0,,,,,,,,,
1114874,2017/18,2018-01-06,Melbourne Cricket Ground,1,11.5,Melbourne Stars,Melbourne Renegades,GJ Maxwell,BR Dunk,JD Wildermuth,1,0,,,,,,,,,
1114874,2017/18,2018-01-06,Melbourne Cricket Ground,1,11.6,Melbourne Stars,Melbourne Renegades,BR Dunk,GJ Maxwell,JD Wildermuth,1,0,,,,,,,,,
1114874,2017/18,2018-01-06,Melbourne Cricket Ground,1,12.1,Melbourne Stars,Melbourne Renegades,BR Dunk,GJ Maxwell,GB Hogg,1,0,,,,,,,,,
1114874,2017/18,2018-01-06,Melbourne Cricket Ground,1,12.2,Melbourne Stars,Melbourne Renegades,GJ Maxwell,BR Dunk,GB Hogg,2,0,,,,,,,,,
1114874,2017/18,2018-01-06,Melbourne Cricket Ground,1,12.3,Melbourne Stars,Melbourne Renegades,GJ Maxwell,BR Dunk,GB Hogg,1,0,,,,,,,,,
1114874,2017/18,2018-01-06,Melbourne Cricket Ground,1,12.4,Melbourne Stars,Melbourne Renegades,BR Dunk,GJ Maxwell,GB Hogg,2,0,,,,,,,,,
1114874,2017/18,2018-01-06,Melbourne Cricket Ground,1,12.5,Melbourne Stars,Melbourne Renegades,BR Dunk,GJ Maxwell,GB Hogg,4,0,,,,,,,,,
1114874,2017/18,2018-01-06,Melbourne Cricket Ground,1,12.6,Melbourne Stars,Melbourne Renegades,BR Dunk,GJ Maxwell,GB Hogg,1,0,,,,,,,,,
1114874,2017/18,2018-01-06,Melbourne Cricket Ground,1,13.1,Melbourne Stars,Melbourne Renegades,BR Dunk,GJ Maxwell,JD Wildermuth,0,1,1,,,,,,,,
1114874,2017/18,2018-01-06,Melbourne Cricket Ground,1,13.2,Melbourne Stars,Melbourne Renegades,BR Dunk,GJ Maxwell,JD Wildermuth,0,0,,,,,,caught,BR Dunk,,
1114874,2017/18,2018-01-06,Melbourne Cricket Ground,1,13.3,Melbourne Stars,Melbourne Renegades,MP Stoinis,GJ Maxwell,JD Wildermuth,4,0,,,,,,,,,
1114874,2017/18,2018-01-06,Melbourne Cricket Ground,1,13.4,Melbourne Stars,Melbourne Renegades,MP Stoinis,GJ Maxwell,JD Wildermuth,1,0,,,,,,,,,
1114874,2017/18,2018-01-06,Melbourne Cricket Ground,1,13.5,Melbourne Stars,Melbourne Renegades,GJ Maxwell,MP Stoinis,JD Wildermuth,1,0,,,,,,,,,
1114874,2017/18,2018-01-06,Melbourne Cricket Ground,1,13.6,Melbourne Stars,Melbourne Renegades,MP Stoinis,GJ Maxwell,JD Wildermuth,0,0,,,,,,,,,
1114874,2017/18,2018-01-06,Melbourne Cricket Ground,1,13.7,Melbourne Stars,Melbourne Renegades,MP Stoinis,GJ Maxwell,JD Wildermuth,0,0,,,,,,,,,
1114874,2017/18,2018-01-06,Melbourne Cricket Ground,1,14.1,Melbourne Stars,Melbourne Renegades,GJ Maxwell,MP Stoinis,Mohammad Nabi,2,0,,,,,,,,,
1114874,2017/18,2018-01-06,Melbourne Cricket Ground,1,14.2,Melbourne Stars,Melbourne Renegades,GJ Maxwell,MP Stoinis,Mohammad Nabi,0,0,,,,,,,,,
1114874,2017/18,2018-01-06,Melbourne Cricket Ground,1,14.3,Melbourne Stars,Melbourne Renegades,GJ Maxwell,MP Stoinis,Mohammad Nabi,1,0,,,,,,,,,
1114874,2017/18,2018-01-06,Melbourne Cricket Ground,1,14.4,Melbourne Stars,Melbourne Renegades,MP Stoinis,GJ Maxwell,Mohammad Nabi,1,0,,,,,,,,,
1114874,2017/18,2018-01-06,Melbourne Cricket Ground,1,14.5,Melbourne Stars,Melbourne Renegades,GJ Maxwell,MP Stoinis,Mohammad Nabi,1,0,,,,,,,,,
1114874,2017/18,2018-01-06,Melbourne Cricket Ground,1,14.6,Melbourne Stars,Melbourne Renegades,MP Stoinis,GJ Maxwell,Mohammad Nabi,1,0,,,,,,,,,
1114874,2017/18,2018-01-06,Melbourne Cricket Ground,1,15.1,Melbourne Stars,Melbourne Renegades,MP Stoinis,GJ Maxwell,DJ Bravo,0,0,,,,,,,,,
1114874,2017/18,2018-01-06,Melbourne Cricket Ground,1,15.2,Melbourne Stars,Melbourne Renegades,MP Stoinis,GJ Maxwell,DJ Bravo,2,0,,,,,,,,,
1114874,2017/18,2018-01-06,Melbourne Cricket Ground,1,15.3,Melbourne Stars,Melbourne Renegades,MP Stoinis,GJ Maxwell,DJ Bravo,1,0,,,,,,,,,
1114874,2017/18,2018-01-06,Melbourne Cricket Ground,1,15.4,Melbourne Stars,Melbourne Renegades,GJ Maxwell,MP Stoinis,DJ Bravo,1,0,,,,,,,,,
1114874,2017/18,2018-01-06,Melbourne Cricket Ground,1,15.5,Melbourne Stars,Melbourne Renegades,MP Stoinis,GJ Maxwell,DJ Bravo,1,0,,,,,,,,,
1114874,2017/18,2018-01-06,Melbourne Cricket Ground,1,15.6,Melbourne Stars,Melbourne Renegades,GJ Maxwell,MP Stoinis,DJ Bravo,4,0,,,,,,,,,
1114874,2017/18,2018-01-06,Melbourne Cricket Ground,1,16.1,Melbourne Stars,Melbourne Renegades,MP Stoinis,GJ Maxwell,GB Hogg,1,0,,,,,,,,,
1114874,2017/18,2018-01-06,Melbourne Cricket Ground,1,16.2,Melbourne Stars,Melbourne Renegades,GJ Maxwell,MP Stoinis,GB Hogg,1,0,,,,,,,,,
1114874,2017/18,2018-01-06,Melbourne Cricket Ground,1,16.3,Melbourne Stars,Melbourne Renegades,MP Stoinis,GJ Maxwell,GB Hogg,0,0,,,,,,,,,
1114874,2017/18,2018-01-06,Melbourne Cricket Ground,1,16.4,Melbourne Stars,Melbourne Renegades,MP Stoinis,GJ Maxwell,GB Hogg,2,0,,,,,,,,,
1114874,2017/18,2018-01-06,Melbourne Cricket Ground,1,16.5,Melbourne Stars,Melbourne Renegades,MP Stoinis,GJ Maxwell,GB Hogg,0,0,,,,,,,,,
1114874,2017/18,2018-01-06,Melbourne Cricket Ground,1,16.6,Melbourne Stars,Melbourne Renegades,MP Stoinis,GJ Maxwell,GB Hogg,2,0,,,,,,,,,
1114874,2017/18,2018-01-06,Melbourne Cricket Ground,1,17.1,Melbourne Stars,Melbourne Renegades,GJ Maxwell,MP Stoinis,KW Richardson,2,0,,,,,,,,,
1114874,2017/18,2018-01-06,Melbourne Cricket Ground,1,17.2,Melbourne Stars,Melbourne Renegades,GJ Maxwell,MP Stoinis,KW Richardson,2,0,,,,,,,,,
1114874,2017/18,2018-01-06,Melbourne Cricket Ground,1,17.3,Melbourne Stars,Melbourne Renegades,GJ Maxwell,MP Stoinis,KW Richardson,1,0,,,,,,,,,
1114874,2017/18,2018-01-06,Melbourne Cricket Ground,1,17.4,Melbourne Stars,Melbourne Renegades,MP Stoinis,GJ Maxwell,KW Richardson,2,0,,,,,,,,,
1114874,2017/18,2018-01-06,Melbourne Cricket Ground,1,17.5,Melbourne Stars,Melbourne Renegades,MP Stoinis,GJ Maxwell,KW Richardson,0,0,,,,,,,,,
1114874,2017/18,2018-01-06,Melbourne Cricket Ground,1,17.6,Melbourne Stars,Melbourne Renegades,MP Stoinis,GJ Maxwell,KW Richardson,1,0,,,,,,,,,
1114874,2017/18,2018-01-06,Melbourne Cricket Ground,1,18.1,Melbourne Stars,Melbourne Renegades,MP Stoinis,GJ Maxwell,DJ Bravo,2,0,,,,,,,,,
1114874,2017/18,2018-01-06,Melbourne Cricket Ground,1,18.2,Melbourne Stars,Melbourne Renegades,MP Stoinis,GJ Maxwell,DJ Bravo,0,0,,,,,,,,,
1114874,2017/18,2018-01-06,Melbourne Cricket Ground,1,18.3,Melbourne Stars,Melbourne Renegades,MP Stoinis,GJ Maxwell,DJ Bravo,1,0,,,,,,,,,
1114874,2017/18,2018-01-06,Melbourne Cricket Ground,1,18.4,Melbourne Stars,Melbourne Renegades,GJ Maxwell,MP Stoinis,DJ Bravo,4,0,,,,,,,,,
1114874,2017/18,2018-01-06,Melbourne Cricket Ground,1,18.5,Melbourne Stars,Melbourne Renegades,GJ Maxwell,MP Stoinis,DJ Bravo,1,0,,,,,,,,,
1114874,2017/18,2018-01-06,Melbourne Cricket Ground,1,18.6,Melbourne Stars,Melbourne Renegades,MP Stoinis,GJ Maxwell,DJ Bravo,0,0,,,,,,,,,
1114874,2017/18,2018-01-06,Melbourne Cricket Ground,1,19.1,Melbourne Stars,Melbourne Renegades,GJ Maxwell,MP Stoinis,KW Richardson,1,0,,,,,,,,,
1114874,2017/18,2018-01-06,Melbourne Cricket Ground,1,19.2,Melbourne Stars,Melbourne Renegades,MP Stoinis,GJ Maxwell,KW Richardson,1,0,,,,,,,,,
1114874,2017/18,2018-01-06,Melbourne Cricket Ground,1,19.3,Melbourne Stars,Melbourne Renegades,GJ Maxwell,MP Stoinis,KW Richardson,1,0,,,,,,,,,
1114874,2017/18,2018-01-06,Melbourne Cricket Ground,1,19.4,Melbourne Stars,Melbourne Renegades,MP Stoinis,GJ Maxwell,KW Richardson,1,0,,,,,,,,,
1114874,2017/18,2018-01-06,Melbourne Cricket Ground,1,19.5,Melbourne Stars,Melbourne Renegades,GJ Maxwell,MP Stoinis,KW Richardson,4,0,,,,,,,,,
1114874,2017/18,2018-01-06,Melbourne Cricket Ground,1,19.6,Melbourne Stars,Melbourne Renegades,GJ Maxwell,MP Stoinis,KW Richardson,0,0,,,,,,bowled,GJ Maxwell,,
1114874,2017/18,2018-01-06,Melbourne Cricket Ground,2,0.1,Melbourne Renegades,Melbourne Stars,MS Harris,AJ Finch,JR Coleman,0,0,,,,,,,,,
1114874,2017/18,2018-01-06,Melbourne Cricket Ground,2,0.2,Melbourne Renegades,Melbourne Stars,MS Harris,AJ Finch,JR Coleman,0,0,,,,,,,,,
1114874,2017/18,2018-01-06,Melbourne Cricket Ground,2,0.3,Melbourne Renegades,Melbourne Stars,MS Harris,AJ Finch,JR Coleman,0,0,,,,,,,,,
1114874,2017/18,2018-01-06,Melbourne Cricket Ground,2,0.4,Melbourne Renegades,Melbourne Stars,MS Harris,AJ Finch,JR Coleman,4,0,,,,,,,,,
1114874,2017/18,2018-01-06,Melbourne Cricket Ground,2,0.5,Melbourne Renegades,Melbourne Stars,MS Harris,AJ Finch,JR Coleman,1,0,,,,,,,,,
1114874,2017/18,2018-01-06,Melbourne Cricket Ground,2,0.6,Melbourne Renegades,Melbourne Stars,AJ Finch,MS Harris,JR Coleman,4,0,,,,,,,,,
1114874,2017/18,2018-01-06,Melbourne Cricket Ground,2,1.1,Melbourne Renegades,Melbourne Stars,MS Harris,AJ Finch,MA Beer,1,0,,,,,,,,,
1114874,2017/18,2018-01-06,Melbourne Cricket Ground,2,1.2,Melbourne Renegades,Melbourne Stars,AJ Finch,MS Harris,MA Beer,4,0,,,,,,,,,
1114874,2017/18,2018-01-06,Melbourne Cricket Ground,2,1.3,Melbourne Renegades,Melbourne Stars,AJ Finch,MS Harris,MA Beer,4,0,,,,,,,,,
1114874,2017/18,2018-01-06,Melbourne Cricket Ground,2,1.4,Melbourne Renegades,Melbourne Stars,AJ Finch,MS Harris,MA Beer,6,0,,,,,,,,,
1114874,2017/18,2018-01-06,Melbourne Cricket Ground,2,1.5,Melbourne Renegades,Melbourne Stars,AJ Finch,MS Harris,MA Beer,4,0,,,,,,,,,
1114874,2017/18,2018-01-06,Melbourne Cricket Ground,2,1.6,Melbourne Renegades,Melbourne Stars,AJ Finch,MS Harris,MA Beer,4,0,,,,,,,,,
1114874,2017/18,2018-01-06,Melbourne Cricket Ground,2,2.1,Melbourne Renegades,Melbourne Stars,MS Harris,AJ Finch,JR Coleman,1,0,,,,,,,,,
1114874,2017/18,2018-01-06,Melbourne Cricket Ground,2,2.2,Melbourne Renegades,Melbourne Stars,AJ Finch,MS Harris,JR Coleman,0,0,,,,,,,,,
1114874,2017/18,2018-01-06,Melbourne Cricket Ground,2,2.3,Melbourne Renegades,Melbourne Stars,AJ Finch,MS Harris,JR Coleman,0,0,,,,,,,,,
1114874,2017/18,2018-01-06,Melbourne Cricket Ground,2,2.4,Melbourne Renegades,Melbourne Stars,AJ Finch,MS Harris,JR Coleman,0,0,,,,,,,,,
1114874,2017/18,2018-01-06,Melbourne Cricket Ground,2,2.5,Melbourne Renegades,Melbourne Stars,AJ Finch,MS Harris,JR Coleman,1,0,,,,,,,,,
1114874,2017/18,2018-01-06,Melbourne Cricket Ground,2,2.6,Melbourne Renegades,Melbourne Stars,MS Harris,AJ Finch,JR Coleman,0,0,,,,,,,,,
1114874,2017/18,2018-01-06,Melbourne Cricket Ground,2,3.1,Melbourne Renegades,Melbourne Stars,AJ Finch,MS Harris,MP Stoinis,4,0,,,,,,,,,
1114874,2017/18,2018-01-06,Melbourne Cricket Ground,2,3.2,Melbourne Renegades,Melbourne Stars,AJ Finch,MS Harris,MP Stoinis,2,0,,,,,,,,,
1114874,2017/18,2018-01-06,Melbourne Cricket Ground,2,3.3,Melbourne Renegades,Melbourne Stars,AJ Finch,MS Harris,MP Stoinis,1,0,,,,,,,,,
1114874,2017/18,2018-01-06,Melbourne Cricket Ground,2,3.4,Melbourne Renegades,Melbourne Stars,MS Harris,AJ Finch,MP Stoinis,0,0,,,,,,,,,
1114874,2017/18,2018-01-06,Melbourne Cricket Ground,2,3.5,Melbourne Renegades,Melbourne Stars,MS Harris,AJ Finch,MP Stoinis,0,1,,1,,,,,,,
1114874,2017/18,2018-01-06,Melbourne Cricket Ground,2,3.6,Melbourne Renegades,Melbourne Stars,MS Harris,AJ Finch,MP Stoinis,0,0,,,,,,,,,
1114874,2017/18,2018-01-06,Melbourne Cricket Ground,2,3.7,Melbourne Renegades,Melbourne Stars,MS Harris,AJ Finch,MP Stoinis,1,0,,,,,,,,,
1114874,2017/18,2018-01-06,Melbourne Cricket Ground,2,4.1,Melbourne Renegades,Melbourne Stars,MS Harris,AJ Finch,JR Coleman,0,0,,,,,,caught,MS Harris,,
1114874,2017/18,2018-01-06,Melbourne Cricket Ground,2,4.2,Melbourne Renegades,Melbourne Stars,CL White,AJ Finch,JR Coleman,0,0,,,,,,,,,
1114874,2017/18,2018-01-06,Melbourne Cricket Ground,2,4.3,Melbourne Renegades,Melbourne Stars,CL White,AJ Finch,JR Coleman,4,0,,,,,,,,,
1114874,2017/18,2018-01-06,Melbourne Cricket Ground,2,4.4,Melbourne Renegades,Melbourne Stars,CL White,AJ Finch,JR Coleman,0,0,,,,,,,,,
1114874,2017/18,2018-01-06,Melbourne Cricket Ground,2,4.5,Melbourne Renegades,Melbourne Stars,CL White,AJ Finch,JR Coleman,1,0,,,,,,,,,
1114874,2017/18,2018-01-06,Melbourne Cricket Ground,2,4.6,Melbourne Renegades,Melbourne Stars,AJ Finch,CL White,JR Coleman,0,0,,,,,,,,,
1114874,2017/18,2018-01-06,Melbourne Cricket Ground,2,5.1,Melbourne Renegades,Melbourne Stars,CL White,AJ Finch,MP Stoinis,0,0,,,,,,,,,
1114874,2017/18,2018-01-06,Melbourne Cricket Ground,2,5.2,Melbourne Renegades,Melbourne Stars,CL White,AJ Finch,MP Stoinis,0,0,,,,,,,,,
1114874,2017/18,2018-01-06,Melbourne Cricket Ground,2,5.3,Melbourne Renegades,Melbourne Stars,CL White,AJ Finch,MP Stoinis,3,0,,,,,,,,,
1114874,2017/18,2018-01-06,Melbourne Cricket Ground,2,5.4,Melbourne Renegades,Melbourne Stars,AJ Finch,CL White,MP Stoinis,0,1,1,,,,,,,,
1114874,2017/18,2018-01-06,Melbourne Cricket Ground,2,5.5,Melbourne Renegades,Melbourne Stars,AJ Finch,CL White,MP Stoinis,4,0,,,,,,,,,
1114874,2017/18,2018-01-06,Melbourne Cricket Ground,2,5.6,Melbourne Renegades,Melbourne Stars,AJ Finch,CL White,MP Stoinis,1,0,,,,,,,,,
1114874,2017/18,2018-01-06,Melbourne Cricket Ground,2,5.7,Melbourne Renegades,Melbourne Stars,CL White,AJ Finch,MP Stoinis,1,0,,,,,,,,,
1114874,2017/18,2018-01-06,Melbourne Cricket Ground,2,6.1,Melbourne Renegades,Melbourne Stars,CL White,AJ Finch,JW Hastings,0,0,,,,,,,,,
1114874,2017/18,2018-01-06,Melbourne Cricket Ground,2,6.2,Melbourne Renegades,Melbourne Stars,CL White,AJ Finch,JW Hastings,2,0,,,,,,,,,
1114874,2017/18,2018-01-06,Melbourne Cricket Ground,2,6.3,Melbourne Renegades,Melbourne Stars,CL White,AJ Finch,JW Hastings,1,0,,,,,,,,,
1114874,2017/18,2018-01-06,Melbourne Cricket Ground,2,6.4,Melbourne Renegades,Melbourne Stars,AJ Finch,CL White,JW Hastings,0,4,,,,4,,,,,
1114874,2017/18,2018-01-06,Melbourne Cricket Ground,2,6.5,Melbourne Renegades,Melbourne Stars,AJ Finch,CL White,JW Hastings,2,0,,,,,,,,,
1114874,2017/18,2018-01-06,Melbourne Cricket Ground,2,6.6,Melbourne Renegades,Melbourne Stars,AJ Finch,CL White,JW Hastings,0,0,,,,,,,,,
1114874,2017/18,2018-01-06,Melbourne Cricket Ground,2,7.1,Melbourne Renegades,Melbourne Stars,CL White,AJ Finch,A Zampa,1,0,,,,,,,,,
1114874,2017/18,2018-01-06,Melbourne Cricket Ground,2,7.2,Melbourne Renegades,Melbourne Stars,AJ Finch,CL White,A Zampa,1,0,,,,,,,,,
1114874,2017/18,2018-01-06,Melbourne Cricket Ground,2,7.3,Melbourne Renegades,Melbourne Stars,CL White,AJ Finch,A Zampa,1,0,,,,,,,,,
1114874,2017/18,2018-01-06,Melbourne Cricket Ground,2,7.4,Melbourne Renegades,Melbourne Stars,AJ Finch,CL White,A Zampa,1,0,,,,,,,,,
1114874,2017/18,2018-01-06,Melbourne Cricket Ground,2,7.5,Melbourne Renegades,Melbourne Stars,CL White,AJ Finch,A Zampa,1,0,,,,,,,,,
1114874,2017/18,2018-01-06,Melbourne Cricket Ground,2,7.6,Melbourne Renegades,Melbourne Stars,AJ Finch,CL White,A Zampa,0,0,,,,,,bowled,AJ Finch,,
1114874,2017/18,2018-01-06,Melbourne Cricket Ground,2,8.1,Melbourne Renegades,Melbourne Stars,CL White,Mohammad Nabi,JW Hastings,0,0,,,,,,,,,
1114874,2017/18,2018-01-06,Melbourne Cricket Ground,2,8.2,Melbourne Renegades,Melbourne Stars,CL White,Mohammad Nabi,JW Hastings,1,0,,,,,,,,,
1114874,2017/18,2018-01-06,Melbourne Cricket Ground,2,8.3,Melbourne Renegades,Melbourne Stars,Mohammad Nabi,CL White,JW Hastings,0,1,1,,,,,,,,
1114874,2017/18,2018-01-06,Melbourne Cricket Ground,2,8.4,Melbourne Renegades,Melbourne Stars,Mohammad Nabi,CL White,JW Hastings,1,0,,,,,,,,,
1114874,2017/18,2018-01-06,Melbourne Cricket Ground,2,8.5,Melbourne Renegades,Melbourne Stars,CL White,Mohammad Nabi,JW Hastings,1,0,,,,,,,,,
1114874,2017/18,2018-01-06,Melbourne Cricket Ground,2,8.6,Melbourne Renegades,Melbourne Stars,Mohammad Nabi,CL White,JW Hastings,2,0,,,,,,,,,
1114874,2017/18,2018-01-06,Melbourne Cricket Ground,2,8.7,Melbourne Renegades,Melbourne Stars,Mohammad Nabi,CL White,JW Hastings,0,1,1,,,,,,,,
1114874,2017/18,2018-01-06,Melbourne Cricket Ground,2,8.8,Melbourne Renegades,Melbourne Stars,Mohammad Nabi,CL White,JW Hastings,1,0,,,,,,,,,
1114874,2017/18,2018-01-06,Melbourne Cricket Ground,2,9.1,Melbourne Renegades,Melbourne Stars,Mohammad Nabi,CL White,A Zampa,2,0,,,,,,,,,
1114874,2017/18,2018-01-06,Melbourne Cricket Ground,2,9.2,Melbourne Renegades,Melbourne Stars,Mohammad Nabi,CL White,A Zampa,1,0,,,,,,,,,
1114874,2017/18,2018-01-06,Melbourne Cricket Ground,2,9.3,Melbourne Renegades,Melbourne Stars,CL White,Mohammad Nabi,A Zampa,1,0,,,,,,,,,
1114874,2017/18,2018-01-06,Melbourne Cricket Ground,2,9.4,Melbourne Renegades,Melbourne Stars,Mohammad Nabi,CL White,A Zampa,6,0,,,,,,,,,
1114874,2017/18,2018-01-06,Melbourne Cricket Ground,2,9.5,Melbourne Renegades,Melbourne Stars,Mohammad Nabi,CL White,A Zampa,6,0,,,,,,,,,
1114874,2017/18,2018-01-06,Melbourne Cricket Ground,2,9.6,Melbourne Renegades,Melbourne Stars,Mohammad Nabi,CL White,A Zampa,0,0,,,,,,,,,
1114874,2017/18,2018-01-06,Melbourne Cricket Ground,2,10.1,Melbourne Renegades,Melbourne Stars,CL White,Mohammad Nabi,JR Coleman,1,0,,,,,,,,,
1114874,2017/18,2018-01-06,Melbourne Cricket Ground,2,10.2,Melbourne Renegades,Melbourne Stars,Mohammad Nabi,CL White,JR Coleman,0,1,1,,,,,,,,
1114874,2017/18,2018-01-06,Melbourne Cricket Ground,2,10.3,Melbourne Renegades,Melbourne Stars,Mohammad Nabi,CL White,JR Coleman,0,0,,,,,,,,,
1114874,2017/18,2018-01-06,Melbourne Cricket Ground,2,10.4,Melbourne Renegades,Melbourne Stars,Mohammad Nabi,CL White,JR Coleman,0,0,,,,,,,,,
1114874,2017/18,2018-01-06,Melbourne Cricket Ground,2,10.5,Melbourne Renegades,Melbourne Stars,Mohammad Nabi,CL White,JR Coleman,2,0,,,,,,,,,
1114874,2017/18,2018-01-06,Melbourne Cricket Ground,2,10.6,Melbourne Renegades,Melbourne Stars,Mohammad Nabi,CL White,JR Coleman,1,0,,,,,,,,,
1114874,2017/18,2018-01-06,Melbourne Cricket Ground,2,10.7,Melbourne Renegades,Melbourne Stars,CL White,Mohammad Nabi,JR Coleman,1,0,,,,,,,,,
1114874,2017/18,2018-01-06,Melbourne Cricket Ground,2,11.1,Melbourne Renegades,Melbourne Stars,CL White,Mohammad Nabi,MP Stoinis,1,0,,,,,,,,,
1114874,2017/18,2018-01-06,Melbourne Cricket Ground,2,11.2,Melbourne Renegades,Melbourne Stars,Mohammad Nabi,CL White,MP Stoinis,2,0,,,,,,,,,
1114874,2017/18,2018-01-06,Melbourne Cricket Ground,2,11.3,Melbourne Renegades,Melbourne Stars,Mohammad Nabi,CL White,MP Stoinis,0,0,,,,,,,,,
1114874,2017/18,2018-01-06,Melbourne Cricket Ground,2,11.4,Melbourne Renegades,Melbourne Stars,Mohammad Nabi,CL White,MP Stoinis,4,0,,,,,,,,,
1114874,2017/18,2018-01-06,Melbourne Cricket Ground,2,11.5,Melbourne Renegades,Melbourne Stars,Mohammad Nabi,CL White,MP Stoinis,1,0,,,,,,,,,
1114874,2017/18,2018-01-06,Melbourne Cricket Ground,2,11.6,Melbourne Renegades,Melbourne Stars,CL White,Mohammad Nabi,MP Stoinis,1,0,,,,,,,,,
1114874,2017/18,2018-01-06,Melbourne Cricket Ground,2,12.1,Melbourne Renegades,Melbourne Stars,CL White,Mohammad Nabi,JP Faulkner,4,0,,,,,,,,,
1114874,2017/18,2018-01-06,Melbourne Cricket Ground,2,12.2,Melbourne Renegades,Melbourne Stars,CL White,Mohammad Nabi,JP Faulkner,0,0,,,,,,,,,
1114874,2017/18,2018-01-06,Melbourne Cricket Ground,2,12.3,Melbourne Renegades,Melbourne Stars,CL White,Mohammad Nabi,JP Faulkner,1,0,,,,,,,,,
1114874,2017/18,2018-01-06,Melbourne Cricket Ground,2,12.4,Melbourne Renegades,Melbourne Stars,Mohammad Nabi,CL White,JP Faulkner,2,0,,,,,,,,,
1114874,2017/18,2018-01-06,Melbourne Cricket Ground,2,12.5,Melbourne Renegades,Melbourne Stars,Mohammad Nabi,CL White,JP Faulkner,0,0,,,,,,,,,
1114874,2017/18,2018-01-06,Melbourne Cricket Ground,2,12.6,Melbourne Renegades,Melbourne Stars,Mohammad Nabi,CL White,JP Faulkner,1,0,,,,,,,,,
1114874,2017/18,2018-01-06,Melbourne Cricket Ground,2,13.1,Melbourne Renegades,Melbourne Stars,Mohammad Nabi,CL White,GJ Maxwell,0,0,,,,,,,,,
1114874,2017/18,2018-01-06,Melbourne Cricket Ground,2,13.2,Melbourne Renegades,Melbourne Stars,Mohammad Nabi,CL White,GJ Maxwell,1,0,,,,,,,,,
1114874,2017/18,2018-01-06,Melbourne Cricket Ground,2,13.3,Melbourne Renegades,Melbourne Stars,CL White,Mohammad Nabi,GJ Maxwell,1,0,,,,,,,,,
1114874,2017/18,2018-01-06,Melbourne Cricket Ground,2,13.4,Melbourne Renegades,Melbourne Stars,Mohammad Nabi,CL White,GJ Maxwell,1,0,,,,,,,,,
1114874,2017/18,2018-01-06,Melbourne Cricket Ground,2,13.5,Melbourne Renegades,Melbourne Stars,CL White,Mohammad Nabi,GJ Maxwell,1,0,,,,,,,,,
1114874,2017/18,2018-01-06,Melbourne Cricket Ground,2,13.6,Melbourne Renegades,Melbourne Stars,Mohammad Nabi,CL White,GJ Maxwell,6,0,,,,,,,,,
1114874,2017/18,2018-01-06,Melbourne Cricket Ground,2,14.1,Melbourne Renegades,Melbourne Stars,CL White,Mohammad Nabi,JP Faulkner,1,0,,,,,,,,,
1114874,2017/18,2018-01-06,Melbourne Cricket Ground,2,14.2,Melbourne Renegades,Melbourne Stars,Mohammad Nabi,CL White,JP Faulkner,4,1,,1,,,,,,,
1114874,2017/18,2018-01-06,Melbourne Cricket Ground,2,14.3,Melbourne Renegades,Melbourne Stars,Mohammad Nabi,CL White,JP Faulkner,2,0,,,,,,,,,
1114874,2017/18,2018-01-06,Melbourne Cricket Ground,2,14.4,Melbourne Renegades,Melbourne Stars,Mohammad Nabi,CL White,JP Faulkner,2,0,,,,,,,,,
1114874,2017/18,2018-01-06,Melbourne Cricket Ground,2,14.5,Melbourne Renegades,Melbourne Stars,Mohammad Nabi,CL White,JP Faulkner,2,0,,,,,,,,,
1114874,2017/18,2018-01-06,Melbourne Cricket Ground,2,14.6,Melbourne Renegades,Melbourne Stars,Mohammad Nabi,CL White,JP Faulkner,1,0,,,,,,,,,
1114874,2017/18,2018-01-06,Melbourne Cricket Ground,2,14.7,Melbourne Renegades,Melbourne Stars,CL White,Mohammad Nabi,JP Faulkner,0,0,,,,,,,,,
1114874,2017/18,2018-01-06,Melbourne Cricket Ground,2,15.1,Melbourne Renegades,Melbourne Stars,Mohammad Nabi,CL White,JW Hastings,1,0,,,,,,,,,
1114874,2017/18,2018-01-06,Melbourne Cricket Ground,2,15.2,Melbourne Renegades,Melbourne Stars,CL White,Mohammad Nabi,JW Hastings,0,0,,,,,,,,,
1114874,2017/18,2018-01-06,Melbourne Cricket Ground,2,15.3,Melbourne Renegades,Melbourne Stars,CL White,Mohammad Nabi,JW Hastings,0,0,,,,,,,,,
1114874,2017/18,2018-01-06,Melbourne Cricket Ground,2,15.4,Melbourne Renegades,Melbourne Stars,CL White,Mohammad Nabi,JW Hastings,1,0,,,,,,,,,
1114874,2017/18,2018-01-06,Melbourne Cricket Ground,2,15.5,Melbourne Renegades,Melbourne Stars,Mohammad Nabi,CL White,JW Hastings,0,0,,,,,,caught,Mohammad Nabi,,
1114874,2017/18,2018-01-06,Melbourne Cricket Ground,2,15.6,Melbourne Renegades,Melbourne Stars,BJ Hodge,CL White,JW Hastings,1,0,,,,,,,,,
1114874,2017/18,2018-01-06,Melbourne Cricket Ground,2,16.1,Melbourne Renegades,Melbourne Stars,BJ Hodge,CL White,A Zampa,1,0,,,,,,,,,
1114874,2017/18,2018-01-06,Melbourne Cricket Ground,2,16.2,Melbourne Renegades,Melbourne Stars,CL White,BJ Hodge,A Zampa,1,0,,,,,,,,,
1114874,2017/18,2018-01-06,Melbourne Cricket Ground,2,16.3,Melbourne Renegades,Melbourne Stars,BJ Hodge,CL White,A Zampa,1,0,,,,,,,,,
1114874,2017/18,2018-01-06,Melbourne Cricket Ground,2,16.4,Melbourne Renegades,Melbourne Stars,CL White,BJ Hodge,A Zampa,0,1,,,,1,,,,,
1114874,2017/18,2018-01-06,Melbourne Cricket Ground,2,16.5,Melbourne Renegades,Melbourne Stars,BJ Hodge,CL White,A Zampa,1,0,,,,,,,,,
1114874,2017/18,2018-01-06,Melbourne Cricket Ground,2,16.6,Melbourne Renegades,Melbourne Stars,CL White,BJ Hodge,A Zampa,1,0,,,,,,,,,
1114874,2017/18,2018-01-06,Melbourne Cricket Ground,2,17.1,Melbourne Renegades,Melbourne Stars,CL White,BJ Hodge,JW Hastings,1,0,,,,,,,,,
1114874,2017/18,2018-01-06,Melbourne Cricket Ground,2,17.2,Melbourne Renegades,Melbourne Stars,BJ Hodge,CL White,JW Hastings,0,0,,,,,,caught,BJ Hodge,,
1114874,2017/18,2018-01-06,Melbourne Cricket Ground,2,17.3,Melbourne Renegades,Melbourne Stars,CL White,DJ Bravo,JW Hastings,1,0,,,,,,,,,
1114874,2017/18,2018-01-06,Melbourne Cricket Ground,2,17.4,Melbourne Renegades,Melbourne Stars,DJ Bravo,CL White,JW Hastings,0,0,,,,,,,,,
1114874,2017/18,2018-01-06,Melbourne Cricket Ground,2,17.5,Melbourne Renegades,Melbourne Stars,DJ Bravo,CL White,JW Hastings,6,0,,,,,,,,,
