match_id,season,start_date,venue,innings,ball,batting_team,bowling_team,striker,non_striker,bowler,runs_off_bat,extras,wides,noballs,byes,legbyes,penalty,wicket_type,player_dismissed,other_wicket_type,other_player_dismissed
1152547,2018/19,2019-01-21,Adelaide Oval,1,0.1,Adelaide Strikers,Hobart Hurricanes,AT Carey,J Weatherald,JP Faulkner,1,0,,,,,,,,,
1152547,2018/19,2019-01-21,Adelaide Oval,1,0.2,Adelaide Strikers,Hobart Hurricanes,J Weatherald,AT Carey,JP Faulkner,0,0,,,,,,,,,
1152547,2018/19,2019-01-21,Adelaide Oval,1,0.3,Adelaide Strikers,Hobart Hurricanes,J Weatherald,AT Carey,JP Faulkner,0,0,,,,,,,,,
1152547,2018/19,2019-01-21,Adelaide Oval,1,0.4,Adelaide Strikers,Hobart Hurricanes,J Weatherald,AT Carey,JP Faulkner,4,0,,,,,,,,,
1152547,2018/19,2019-01-21,Adelaide Oval,1,0.5,Adelaide Strikers,Hobart Hurricanes,J Weatherald,AT Carey,JP Faulkner,0,0,,,,,,,,,
1152547,2018/19,2019-01-21,Adelaide Oval,1,0.6,Adelaide Strikers,Hobart Hurricanes,J Weatherald,AT Carey,JP Faulkner,0,0,,,,,,,,,
1152547,2018/19,2019-01-21,Adelaide Oval,1,1.1,Adelaide Strikers,Hobart Hurricanes,AT Carey,J Weatherald,RP Meredith,0,0,,,,,,,,,
1152547,2018/19,2019-01-21,Adelaide Oval,1,1.2,Adelaide Strikers,Hobart Hurricanes,AT Carey,J Weatherald,RP Meredith,0,0,,,,,,,,,
1152547,2018/19,2019-01-21,Adelaide Oval,1,1.3,Adelaide Strikers,Hobart Hurricanes,AT Carey,J Weatherald,RP Meredith,1,0,,,,,,,,,
1152547,2018/19,2019-01-21,Adelaide Oval,1,1.4,Adelaide Strikers,Hobart Hurricanes,J Weatherald,AT Carey,RP Meredith,0,0,,,,,,caught,J Weatherald,,
1152547,2018/19,2019-01-21,Adelaide Oval,1,1.5,Adelaide Strikers,Hobart Hurricanes,MW Short,AT Carey,RP Meredith,0,0,,,,,,,,,
1152547,2018/19,2019-01-21,Adelaide Oval,1,1.6,Adelaide Strikers,Hobart Hurricanes,MW Short,AT Carey,RP Meredith,1,0,,,,,,,,,
1152547,2018/19,2019-01-21,Adelaide Oval,1,2.1,Adelaide Strikers,Hobart Hurricanes,MW Short,AT Carey,JP Faulkner,0,0,,,,,,,,,
1152547,2018/19,2019-01-21,Adelaide Oval,1,2.2,Adelaide Strikers,Hobart Hurricanes,MW Short,AT Carey,JP Faulkner,0,0,,,,,,,,,
1152547,2018/19,2019-01-21,Adelaide Oval,1,2.3,Adelaide Strikers,Hobart Hurricanes,MW Short,AT Carey,JP Faulkner,6,0,,,,,,,,,
1152547,2018/19,2019-01-21,Adelaide Oval,1,2.4,Adelaide Strikers,Hobart Hurricanes,MW Short,AT Carey,JP Faulkner,0,0,,,,,,,,,
1152547,2018/19,2019-01-21,Adelaide Oval,1,2.5,Adelaide Strikers,Hobart Hurricanes,MW Short,AT Carey,JP Faulkner,2,0,,,,,,,,,
1152547,2018/19,2019-01-21,Adelaide Oval,1,2.6,Adelaide Strikers,Hobart Hurricanes,MW Short,AT Carey,JP Faulkner,0,0,,,,,,,,,
1152547,2018/19,2019-01-21,Adelaide Oval,1,3.1,Adelaide Strikers,Hobart Hurricanes,AT Carey,MW Short,JC Archer,0,0,,,,,,,,,
1152547,2018/19,2019-01-21,Adelaide Oval,1,3.2,Adelaide Strikers,Hobart Hurricanes,AT Carey,MW Short,JC Archer,0,0,,,,,,,,,
1152547,2018/19,2019-01-21,Adelaide Oval,1,3.3,Adelaide Strikers,Hobart Hurricanes,AT Carey,MW Short,JC Archer,0,0,,,,,,,,,
1152547,2018/19,2019-01-21,Adelaide Oval,1,3.4,Adelaide Strikers,Hobart Hurricanes,AT Carey,MW Short,JC Archer,1,0,,,,,,,,,
1152547,2018/19,2019-01-21,Adelaide Oval,1,3.5,Adelaide Strikers,Hobart Hurricanes,MW Short,AT Carey,JC Archer,0,0,,,,,,,,,
1152547,2018/19,2019-01-21,Adelaide Oval,1,3.6,Adelaide Strikers,Hobart Hurricanes,MW Short,AT Carey,JC Archer,1,0,,,,,,,,,
1152547,2018/19,2019-01-21,Adelaide Oval,1,4.1,Adelaide Strikers,Hobart Hurricanes,MW Short,AT Carey,CA Rose,1,0,,,,,,,,,
1152547,2018/19,2019-01-21,Adelaide Oval,1,4.2,Adelaide Strikers,Hobart Hurricanes,AT Carey,MW Short,CA Rose,2,0,,,,,,,,,
1152547,2018/19,2019-01-21,Adelaide Oval,1,4.3,Adelaide Strikers,Hobart Hurricanes,AT Carey,MW Short,CA Rose,4,0,,,,,,,,,
1152547,2018/19,2019-01-21,Adelaide Oval,1,4.4,Adelaide Strikers,Hobart Hurricanes,AT Carey,MW Short,CA Rose,2,0,,,,,,,,,
1152547,2018/19,2019-01-21,Adelaide Oval,1,4.5,Adelaide Strikers,Hobart Hurricanes,AT Carey,MW Short,CA Rose,0,1,1,,,,,,,,
1152547,2018/19,2019-01-21,Adelaide Oval,1,4.6,Adelaide Strikers,Hobart Hurricanes,AT Carey,MW Short,CA Rose,1,0,,,,,,,,,
1152547,2018/19,2019-01-21,Adelaide Oval,1,4.7,Adelaide Strikers,Hobart Hurricanes,MW Short,AT Carey,CA Rose,0,0,,,,,,,,,
1152547,2018/19,2019-01-21,Adelaide Oval,1,5.1,Adelaide Strikers,Hobart Hurricanes,AT Carey,MW Short,RP Meredith,1,0,,,,,,,,,
1152547,2018/19,2019-01-21,Adelaide Oval,1,5.2,Adelaide Strikers,Hobart Hurricanes,MW Short,AT Carey,RP Meredith,0,1,,,,1,,,,,
1152547,2018/19,2019-01-21,Adelaide Oval,1,5.3,Adelaide Strikers,Hobart Hurricanes,AT Carey,MW Short,RP Meredith,0,0,,,,,,,,,
1152547,2018/19,2019-01-21,Adelaide Oval,1,5.4,Adelaide Strikers,Hobart Hurricanes,AT Carey,MW Short,RP Meredith,4,0,,,,,,,,,
1152547,2018/19,2019-01-21,Adelaide Oval,1,5.5,Adelaide Strikers,Hobart Hurricanes,AT Carey,MW Short,RP Meredith,1,0,,,,,,,,,
1152547,2018/19,2019-01-21,Adelaide Oval,1,5.6,Adelaide Strikers,Hobart Hurricanes,MW Short,AT Carey,RP Meredith,0,0,,,,,,,,,
1152547,2018/19,2019-01-21,Adelaide Oval,1,6.1,Adelaide Strikers,Hobart Hurricanes,AT Carey,MW Short,CA Rose,2,0,,,,,,,,,
1152547,2018/19,2019-01-21,Adelaide Oval,1,6.2,Adelaide Strikers,Hobart Hurricanes,AT Carey,MW Short,CA Rose,1,0,,,,,,,,,
1152547,2018/19,2019-01-21,Adelaide Oval,1,6.3,Adelaide Strikers,Hobart Hurricanes,MW Short,AT Carey,CA Rose,0,0,,,,,,,,,
1152547,2018/19,2019-01-21,Adelaide Oval,1,6.4,Adelaide Strikers,Hobart Hurricanes,MW Short,AT Carey,CA Rose,1,0,,,,,,,,,
1152547,2018/19,2019-01-21,Adelaide Oval,1,6.5,Adelaide Strikers,Hobart Hurricanes,AT Carey,MW Short,CA Rose,0,0,,,,,,,,,
1152547,2018/19,2019-01-21,Adelaide Oval,1,6.6,Adelaide Strikers,Hobart Hurricanes,AT Carey,MW Short,CA Rose,1,0,,,,,,,,,
1152547,2018/19,2019-01-21,Adelaide Oval,1,7.1,Adelaide Strikers,Hobart Hurricanes,AT Carey,MW Short,JC Archer,1,0,,,,,,,,,
1152547,2018/19,2019-01-21,Adelaide Oval,1,7.2,Adelaide Strikers,Hobart Hurricanes,MW Short,AT Carey,JC Archer,1,0,,,,,,,,,
1152547,2018/19,2019-01-21,Adelaide Oval,1,7.3,Adelaide Strikers,Hobart Hurricanes,AT Carey,MW Short,JC Archer,1,0,,,,,,,,,
1152547,2018/19,2019-01-21,Adelaide Oval,1,7.4,Adelaide Strikers,Hobart Hurricanes,MW Short,AT Carey,JC Archer,0,0,,,,,,,,,
1152547,2018/19,2019-01-21,Adelaide Oval,1,7.5,Adelaide Strikers,Hobart Hurricanes,MW Short,AT Carey,JC Archer,0,1,1,,,,,,,,
1152547,2018/19,2019-01-21,Adelaide Oval,1,7.6,Adelaide Strikers,Hobart Hurricanes,MW Short,AT Carey,JC Archer,0,0,,,,,,caught,MW Short,,
1152547,2018/19,2019-01-21,Adelaide Oval,1,7.7,Adelaide Strikers,Hobart Hurricanes,AT Carey,CA Ingram,JC Archer,1,0,,,,,,,,,
1152547,2018/19,2019-01-21,Adelaide Oval,1,8.1,Adelaide Strikers,Hobart Hurricanes,AT Carey,CA Ingram,J Botha,1,0,,,,,,,,,
1152547,2018/19,2019-01-21,Adelaide Oval,1,8.2,Adelaide Strikers,Hobart Hurricanes,CA Ingram,AT Carey,J Botha,0,0,,,,,,,,,
1152547,2018/19,2019-01-21,Adelaide Oval,1,8.3,Adelaide Strikers,Hobart Hurricanes,CA Ingram,AT Carey,J Botha,1,0,,,,,,,,,
1152547,2018/19,2019-01-21,Adelaide Oval,1,8.4,Adelaide Strikers,Hobart Hurricanes,AT Carey,CA Ingram,J Botha,2,0,,,,,,,,,
1152547,2018/19,2019-01-21,Adelaide Oval,1,8.5,Adelaide Strikers,Hobart Hurricanes,AT Carey,CA Ingram,J Botha,0,0,,,,,,,,,
1152547,2018/19,2019-01-21,Adelaide Oval,1,8.6,Adelaide Strikers,Hobart Hurricanes,AT Carey,CA Ingram,J Botha,0,0,,,,,,,,,
1152547,2018/19,2019-01-21,Adelaide Oval,1,9.1,Adelaide Strikers,Hobart Hurricanes,CA Ingram,AT Carey,JP Faulkner,1,0,,,,,,,,,
1152547,2018/19,2019-01-21,Adelaide Oval,1,9.2,Adelaide Strikers,Hobart Hurricanes,AT Carey,CA Ingram,JP Faulkner,0,0,,,,,,caught,AT Carey,,
1152547,2018/19,2019-01-21,Adelaide Oval,1,9.3,Adelaide Strikers,Hobart Hurricanes,CA Ingram,JW Wells,JP Faulkner,1,0,,,,,,,,,
1152547,2018/19,2019-01-21,Adelaide Oval,1,9.4,Adelaide Strikers,Hobart Hurricanes,JW Wells,CA Ingram,JP Faulkner,0,0,,,,,,,,,
1152547,2018/19,2019-01-21,Adelaide Oval,1,9.5,Adelaide Strikers,Hobart Hurricanes,JW Wells,CA Ingram,JP Faulkner,4,0,,,,,,,,,
1152547,2018/19,2019-01-21,Adelaide Oval,1,9.6,Adelaide Strikers,Hobart Hurricanes,JW Wells,CA Ingram,JP Faulkner,0,0,,,,,,,,,
1152547,2018/19,2019-01-21,Adelaide Oval,1,10.1,Adelaide Strikers,Hobart Hurricanes,CA Ingram,JW Wells,DJM Short,1,0,,,,,,,,,
1152547,2018/19,2019-01-21,Adelaide Oval,1,10.2,Adelaide Strikers,Hobart Hurricanes,JW Wells,CA Ingram,DJM Short,1,0,,,,,,,,,
1152547,2018/19,2019-01-21,Adelaide Oval,1,10.3,Adelaide Strikers,Hobart Hurricanes,CA Ingram,JW Wells,DJM Short,1,0,,,,,,,,,
1152547,2018/19,2019-01-21,Adelaide Oval,1,10.4,Adelaide Strikers,Hobart Hurricanes,JW Wells,CA Ingram,DJM Short,3,0,,,,,,,,,
1152547,2018/19,2019-01-21,Adelaide Oval,1,10.5,Adelaide Strikers,Hobart Hurricanes,CA Ingram,JW Wells,DJM Short,1,0,,,,,,,,,
1152547,2018/19,2019-01-21,Adelaide Oval,1,10.6,Adelaide Strikers,Hobart Hurricanes,JW Wells,CA Ingram,DJM Short,1,0,,,,,,,,,
1152547,2018/19,2019-01-21,Adelaide Oval,1,11.1,Adelaide Strikers,Hobart Hurricanes,JW Wells,CA Ingram,J Botha,1,0,,,,,,,,,
1152547,2018/19,2019-01-21,Adelaide Oval,1,11.2,Adelaide Strikers,Hobart Hurricanes,CA Ingram,JW Wells,J Botha,6,0,,,,,,,,,
1152547,2018/19,2019-01-21,Adelaide Oval,1,11.3,Adelaide Strikers,Hobart Hurricanes,CA Ingram,JW Wells,J Botha,2,0,,,,,,,,,
1152547,2018/19,2019-01-21,Adelaide Oval,1,11.4,Adelaide Strikers,Hobart Hurricanes,CA Ingram,JW Wells,J Botha,1,0,,,,,,,,,
1152547,2018/19,2019-01-21,Adelaide Oval,1,11.5,Adelaide Strikers,Hobart Hurricanes,JW Wells,CA Ingram,J Botha,2,0,,,,,,,,,
1152547,2018/19,2019-01-21,Adelaide Oval,1,11.6,Adelaide Strikers,Hobart Hurricanes,JW Wells,CA Ingram,J Botha,4,0,,,,,,,,,
1152547,2018/19,2019-01-21,Adelaide Oval,1,12.1,Adelaide Strikers,Hobart Hurricanes,CA Ingram,JW Wells,DJM Short,4,0,,,,,,,,,
1152547,2018/19,2019-01-21,Adelaide Oval,1,12.2,Adelaide Strikers,Hobart Hurricanes,CA Ingram,JW Wells,DJM Short,1,0,,,,,,,,,
1152547,2018/19,2019-01-21,Adelaide Oval,1,12.3,Adelaide Strikers,Hobart Hurricanes,JW Wells,CA Ingram,DJM Short,0,0,,,,,,,,,
1152547,2018/19,2019-01-21,Adelaide Oval,1,12.4,Adelaide Strikers,Hobart Hurricanes,JW Wells,CA Ingram,DJM Short,1,0,,,,,,,,,
1152547,2018/19,2019-01-21,Adelaide Oval,1,12.5,Adelaide Strikers,Hobart Hurricanes,CA Ingram,JW Wells,DJM Short,2,0,,,,,,,,,
1152547,2018/19,2019-01-21,Adelaide Oval,1,12.6,Adelaide Strikers,Hobart Hurricanes,CA Ingram,JW Wells,DJM Short,1,0,,,,,,,,,
1152547,2018/19,2019-01-21,Adelaide Oval,1,13.1,Adelaide Strikers,Hobart Hurricanes,CA Ingram,JW Wells,JC Archer,4,0,,,,,,,,,
1152547,2018/19,2019-01-21,Adelaide Oval,1,13.2,Adelaide Strikers,Hobart Hurricanes,CA Ingram,JW Wells,JC Archer,1,0,,,,,,,,,
1152547,2018/19,2019-01-21,Adelaide Oval,1,13.3,Adelaide Strikers,Hobart Hurricanes,JW Wells,CA Ingram,JC Archer,0,0,,,,,,,,,
1152547,2018/19,2019-01-21,Adelaide Oval,1,13.4,Adelaide Strikers,Hobart Hurricanes,JW Wells,CA Ingram,JC Archer,1,0,,,,,,,,,
1152547,2018/19,2019-01-21,Adelaide Oval,1,13.5,Adelaide Strikers,Hobart Hurricanes,CA Ingram,JW Wells,JC Archer,1,0,,,,,,,,,
1152547,2018/19,2019-01-21,Adelaide Oval,1,13.6,Adelaide Strikers,Hobart Hurricanes,JW Wells,CA Ingram,JC Archer,1,0,,,,,,,,,
1152547,2018/19,2019-01-21,Adelaide Oval,1,14.1,Adelaide Strikers,Hobart Hurricanes,JW Wells,CA Ingram,CA Rose,2,0,,,,,,,,,
1152547,2018/19,2019-01-21,Adelaide Oval,1,14.2,Adelaide Strikers,Hobart Hurricanes,JW Wells,CA Ingram,CA Rose,0,0,,,,,,,,,
1152547,2018/19,2019-01-21,Adelaide Oval,1,14.3,Adelaide Strikers,Hobart Hurricanes,JW Wells,CA Ingram,CA Rose,1,0,,,,,,,,,
1152547,2018/19,2019-01-21,Adelaide Oval,1,14.4,Adelaide Strikers,Hobart Hurricanes,CA Ingram,JW Wells,CA Rose,1,0,,,,,,,,,
1152547,2018/19,2019-01-21,Adelaide Oval,1,14.5,Adelaide Strikers,Hobart Hurricanes,JW Wells,CA Ingram,CA Rose,0,0,,,,,,,,,
1152547,2018/19,2019-01-21,Adelaide Oval,1,14.6,Adelaide Strikers,Hobart Hurricanes,JW Wells,CA Ingram,CA Rose,1,0,,,,,,,,,
1152547,2018/19,2019-01-21,Adelaide Oval,1,15.1,Adelaide Strikers,Hobart Hurricanes,JW Wells,CA Ingram,RP Meredith,1,0,,,,,,,,,
1152547,2018/19,2019-01-21,Adelaide Oval,1,15.2,Adelaide Strikers,Hobart Hurricanes,CA Ingram,JW Wells,RP Meredith,0,0,,,,,,,,,
1152547,2018/19,2019-01-21,Adelaide Oval,1,15.3,Adelaide Strikers,Hobart Hurricanes,CA Ingram,JW Wells,RP Meredith,6,0,,,,,,,,,
1152547,2018/19,2019-01-21,Adelaide Oval,1,15.4,Adelaide Strikers,Hobart Hurricanes,CA Ingram,JW Wells,RP Meredith,0,0,,,,,,,,,
1152547,2018/19,2019-01-21,Adelaide Oval,1,15.5,Adelaide Strikers,Hobart Hurricanes,CA Ingram,JW Wells,RP Meredith,1,0,,,,,,,,,
1152547,2018/19,2019-01-21,Adelaide Oval,1,15.6,Adelaide Strikers,Hobart Hurricanes,JW Wells,CA Ingram,RP Meredith,1,0,,,,,,,,,
1152547,2018/19,2019-01-21,Adelaide Oval,1,16.1,Adelaide Strikers,Hobart Hurricanes,JW Wells,CA Ingram,JP Faulkner,0,0,,,,,,,,,
1152547,2018/19,2019-01-21,Adelaide Oval,1,16.2,Adelaide Strikers,Hobart Hurricanes,JW Wells,CA Ingram,JP Faulkner,0,1,1,,,,,,,,
1152547,2018/19,2019-01-21,Adelaide Oval,1,16.3,Adelaide Strikers,Hobart Hurricanes,JW Wells,CA Ingram,JP Faulkner,0,0,,,,,,,,,
1152547,2018/19,2019-01-21,Adelaide Oval,1,16.4,Adelaide Strikers,Hobart Hurricanes,JW Wells,CA Ingram,JP Faulkner,0,1,1,,,,,,,,
1152547,2018/19,2019-01-21,Adelaide Oval,1,16.5,Adelaide Strikers,Hobart Hurricanes,JW Wells,CA Ingram,JP Faulkner,1,0,,,,,,,,,
1152547,2018/19,2019-01-21,Adelaide Oval,1,16.6,Adelaide Strikers,Hobart Hurricanes,CA Ingram,JW Wells,JP Faulkner,0,1,,,1,,,,,,
1152547,2018/19,2019-01-21,Adelaide Oval,1,16.7,Adelaide Strikers,Hobart Hurricanes,JW Wells,CA Ingram,JP Faulkner,2,0,,,,,,,,,
1152547,2018/19,2019-01-21,Adelaide Oval,1,16.8,Adelaide Strikers,Hobart Hurricanes,JW Wells,CA Ingram,JP Faulkner,0,0,,,,,,caught,JW Wells,,
1152547,2018/19,2019-01-21,Adelaide Oval,1,17.1,Adelaide Strikers,Hobart Hurricanes,Rashid Khan,CA Ingram,JC Archer,1,0,,,,,,,,,
1152547,2018/19,2019-01-21,Adelaide Oval,1,17.2,Adelaide Strikers,Hobart Hurricanes,CA Ingram,Rashid Khan,JC Archer,1,1,,1,,,,,,,
1152547,2018/19,2019-01-21,Adelaide Oval,1,17.3,Adelaide Strikers,Hobart Hurricanes,Rashid Khan,CA Ingram,JC Archer,1,0,,,,,,,,,
1152547,2018/19,2019-01-21,Adelaide Oval,1,17.4,Adelaide Strikers,Hobart Hurricanes,CA Ingram,Rashid Khan,JC Archer,2,0,,,,,,,,,
1152547,2018/19,2019-01-21,Adelaide Oval,1,17.5,Adelaide Strikers,Hobart Hurricanes,CA Ingram,Rashid Khan,JC Archer,1,0,,,,,,,,,
1152547,2018/19,2019-01-21,Adelaide Oval,1,17.6,Adelaide Strikers,Hobart Hurricanes,Rashid Khan,CA Ingram,JC Archer,0,0,,,,,,caught,Rashid Khan,,
1152547,2018/19,2019-01-21,Adelaide Oval,1,17.7,Adelaide Strikers,Hobart Hurricanes,CA Ingram,C Valente,JC Archer,1,0,,,,,,,,,
1152547,2018/19,2019-01-21,Adelaide Oval,1,18.1,Adelaide Strikers,Hobart Hurricanes,CA Ingram,C Valente,RP Meredith,4,0,,,,,,,,,
1152547,2018/19,2019-01-21,Adelaide Oval,1,18.2,Adelaide Strikers,Hobart Hurricanes,CA Ingram,C Valente,RP Meredith,4,0,,,,,,,,,
1152547,2018/19,2019-01-21,Adelaide Oval,1,18.3,Adelaide Strikers,Hobart Hurricanes,CA Ingram,C Valente,RP Meredith,4,0,,,,,,,,,
1152547,2018/19,2019-01-21,Adelaide Oval,1,18.4,Adelaide Strikers,Hobart Hurricanes,CA Ingram,C Valente,RP Meredith,0,0,,,,,,,,,
1152547,2018/19,2019-01-21,Adelaide Oval,1,18.5,Adelaide Strikers,Hobart Hurricanes,CA Ingram,C Valente,RP Meredith,4,0,,,,,,,,,
1152547,2018/19,2019-01-21,Adelaide Oval,1,18.6,Adelaide Strikers,Hobart Hurricanes,CA Ingram,C Valente,RP Meredith,6,0,,,,,,,,,
1152547,2018/19,2019-01-21,Adelaide Oval,1,19.1,Adelaide Strikers,Hobart Hurricanes,C Valente,CA Ingram,CA Rose,1,0,,,,,,,,,
1152547,2018/19,2019-01-21,Adelaide Oval,1,19.2,Adelaide Strikers,Hobart Hurricanes,CA Ingram,C Valente,CA Rose,2,0,,,,,,,,,
1152547,2018/19,2019-01-21,Adelaide Oval,1,19.3,Adelaide Strikers,Hobart Hurricanes,CA Ingram,C Valente,CA Rose,0,1,,,,1,,,,,
1152547,2018/19,2019-01-21,Adelaide Oval,1,19.4,Adelaide Strikers,Hobart Hurricanes,C Valente,CA Ingram,CA Rose,2,0,,,,,,,,,
1152547,2018/19,2019-01-21,Adelaide Oval,1,19.5,Adelaide Strikers,Hobart Hurricanes,C Valente,CA Ingram,CA Rose,1,0,,,,,,,,,
1152547,2018/19,2019-01-21,Adelaide Oval,1,19.6,Adelaide Strikers,Hobart Hurricanes,CA Ingram,C Valente,CA Rose,1,0,,,,,,,,,
1152547,2018/19,2019-01-21,Adelaide Oval,2,0.1,Hobart Hurricanes,Adelaide Strikers,MS Wade,DJM Short,B Stanlake,1,0,,,,,,,,,
1152547,2018/19,2019-01-21,Adelaide Oval,2,0.2,Hobart Hurricanes,Adelaide Strikers,DJM Short,MS Wade,B Stanlake,0,0,,,,,,,,,
1152547,2018/19,2019-01-21,Adelaide Oval,2,0.3,Hobart Hurricanes,Adelaide Strikers,DJM Short,MS Wade,B Stanlake,1,0,,,,,,,,,
1152547,2018/19,2019-01-21,Adelaide Oval,2,0.4,Hobart Hurricanes,Adelaide Strikers,MS Wade,DJM Short,B Stanlake,0,0,,,,,,,,,
1152547,2018/19,2019-01-21,Adelaide Oval,2,0.5,Hobart Hurricanes,Adelaide Strikers,MS Wade,DJM Short,B Stanlake,2,0,,,,,,,,,
1152547,2018/19,2019-01-21,Adelaide Oval,2,0.6,Hobart Hurricanes,Adelaide Strikers,MS Wade,DJM Short,B Stanlake,1,0,,,,,,,,,
1152547,2018/19,2019-01-21,Adelaide Oval,2,1.1,Hobart Hurricanes,Adelaide Strikers,MS Wade,DJM Short,Rashid Khan,1,0,,,,,,,,,
1152547,2018/19,2019-01-21,Adelaide Oval,2,1.2,Hobart Hurricanes,Adelaide Strikers,DJM Short,MS Wade,Rashid Khan,0,1,1,,,,,,,,
1152547,2018/19,2019-01-21,Adelaide Oval,2,1.3,Hobart Hurricanes,Adelaide Strikers,DJM Short,MS Wade,Rashid Khan,1,0,,,,,,,,,
1152547,2018/19,2019-01-21,Adelaide Oval,2,1.4,Hobart Hurricanes,Adelaide Strikers,MS Wade,DJM Short,Rashid Khan,4,0,,,,,,,,,
1152547,2018/19,2019-01-21,Adelaide Oval,2,1.5,Hobart Hurricanes,Adelaide Strikers,MS Wade,DJM Short,Rashid Khan,1,0,,,,,,,,,
1152547,2018/19,2019-01-21,Adelaide Oval,2,1.6,Hobart Hurricanes,Adelaide Strikers,DJM Short,MS Wade,Rashid Khan,0,0,,,,,,,,,
1152547,2018/19,2019-01-21,Adelaide Oval,2,1.7,Hobart Hurricanes,Adelaide Strikers,DJM Short,MS Wade,Rashid Khan,1,0,,,,,,,,,
1152547,2018/19,2019-01-21,Adelaide Oval,2,2.1,Hobart Hurricanes,Adelaide Strikers,DJM Short,MS Wade,B Stanlake,0,0,,,,,,,,,
1152547,2018/19,2019-01-21,Adelaide Oval,2,2.2,Hobart Hurricanes,Adelaide Strikers,DJM Short,MS Wade,B Stanlake,0,0,,,,,,,,,
1152547,2018/19,2019-01-21,Adelaide Oval,2,2.3,Hobart Hurricanes,Adelaide Strikers,DJM Short,MS Wade,B Stanlake,0,0,,,,,,,,,
1152547,2018/19,2019-01-21,Adelaide Oval,2,2.4,Hobart Hurricanes,Adelaide Strikers,DJM Short,MS Wade,B Stanlake,4,0,,,,,,,,,
1152547,2018/19,2019-01-21,Adelaide Oval,2,2.5,Hobart Hurricanes,Adelaide Strikers,DJM Short,MS Wade,B Stanlake,0,0,,,,,,,,,
1152547,2018/19,2019-01-21,Adelaide Oval,2,2.6,Hobart Hurricanes,Adelaide Strikers,DJM Short,MS Wade,B Stanlake,0,0,,,,,,,,,
1152547,2018/19,2019-01-21,Adelaide Oval,2,3.1,Hobart Hurricanes,Adelaide Strikers,MS Wade,DJM Short,Rashid Khan,0,0,,,,,,,,,
1152547,2018/19,2019-01-21,Adelaide Oval,2,3.2,Hobart Hurricanes,Adelaide Strikers,MS Wade,DJM Short,Rashid Khan,1,0,,,,,,,,,
1152547,2018/19,2019-01-21,Adelaide Oval,2,3.3,Hobart Hurricanes,Adelaide Strikers,DJM Short,MS Wade,Rashid Khan,1,0,,,,,,,,,
1152547,2018/19,2019-01-21,Adelaide Oval,2,3.4,Hobart Hurricanes,Adelaide Strikers,MS Wade,DJM Short,Rashid Khan,0,0,,,,,,,,,
1152547,2018/19,2019-01-21,Adelaide Oval,2,3.5,Hobart Hurricanes,Adelaide Strikers,MS Wade,DJM Short,Rashid Khan,1,0,,,,,,,,,
1152547,2018/19,2019-01-21,Adelaide Oval,2,3.6,Hobart Hurricanes,Adelaide Strikers,DJM Short,MS Wade,Rashid Khan,1,0,,,,,,,,,
1152547,2018/19,2019-01-21,Adelaide Oval,2,4.1,Hobart Hurricanes,Adelaide Strikers,DJM Short,MS Wade,B Stanlake,0,0,,,,,,,,,
1152547,2018/19,2019-01-21,Adelaide Oval,2,4.2,Hobart Hurricanes,Adelaide Strikers,DJM Short,MS Wade,B Stanlake,4,0,,,,,,,,,
1152547,2018/19,2019-01-21,Adelaide Oval,2,4.3,Hobart Hurricanes,Adelaide Strikers,DJM Short,MS Wade,B Stanlake,1,0,,,,,,,,,
1152547,2018/19,2019-01-21,Adelaide Oval,2,4.4,Hobart Hurricanes,Adelaide Strikers,MS Wade,DJM Short,B Stanlake,4,0,,,,,,,,,
1152547,2018/19,2019-01-21,Adelaide Oval,2,4.5,Hobart Hurricanes,Adelaide Strikers,MS Wade,DJM Short,B Stanlake,0,0,,,,,,,,,
1152547,2018/19,2019-01-21,Adelaide Oval,2,4.6,Hobart Hurricanes,Adelaide Strikers,MS Wade,DJM Short,B Stanlake,1,0,,,,,,,,,
1152547,2018/19,2019-01-21,Adelaide Oval,2,5.1,Hobart Hurricanes,Adelaide Strikers,MS Wade,DJM Short,B Laughlin,0,0,,,,,,,,,
1152547,2018/19,2019-01-21,Adelaide Oval,2,5.2,Hobart Hurricanes,Adelaide Strikers,MS Wade,DJM Short,B Laughlin,6,0,,,,,,,,,
1152547,2018/19,2019-01-21,Adelaide Oval,2,5.3,Hobart Hurricanes,Adelaide Strikers,MS Wade,DJM Short,B Laughlin,4,0,,,,,,,,,
1152547,2018/19,2019-01-21,Adelaide Oval,2,5.4,Hobart Hurricanes,Adelaide Strikers,MS Wade,DJM Short,B Laughlin,1,0,,,,,,,,,
1152547,2018/19,2019-01-21,Adelaide Oval,2,5.5,Hobart Hurricanes,Adelaide Strikers,DJM Short,MS Wade,B Laughlin,2,0,,,,,,,,,
1152547,2018/19,2019-01-21,Adelaide Oval,2,5.6,Hobart Hurricanes,Adelaide Strikers,DJM Short,MS Wade,B Laughlin,4,0,,,,,,,,,
1152547,2018/19,2019-01-21,Adelaide Oval,2,6.1,Hobart Hurricanes,Adelaide Strikers,MS Wade,DJM Short,MG Neser,1,0,,,,,,,,,
1152547,2018/19,2019-01-21,Adelaide Oval,2,6.2,Hobart Hurricanes,Adelaide Strikers,DJM Short,MS Wade,MG Neser,0,0,,,,,,,,,
1152547,2018/19,2019-01-21,Adelaide Oval,2,6.3,Hobart Hurricanes,Adelaide Strikers,DJM Short,MS Wade,MG Neser,1,0,,,,,,,,,
1152547,2018/19,2019-01-21,Adelaide Oval,2,6.4,Hobart Hurricanes,Adelaide Strikers,MS Wade,DJM Short,MG Neser,1,0,,,,,,,,,
1152547,2018/19,2019-01-21,Adelaide Oval,2,6.5,Hobart Hurricanes,Adelaide Strikers,DJM Short,MS Wade,MG Neser,0,0,,,,,,,,,
1152547,2018/19,2019-01-21,Adelaide Oval,2,6.6,Hobart Hurricanes,Adelaide Strikers,DJM Short,MS Wade,MG Neser,0,0,,,,,,,,,
1152547,2018/19,2019-01-21,Adelaide Oval,2,7.1,Hobart Hurricanes,Adelaide Strikers,MS Wade,DJM Short,Rashid Khan,2,0,,,,,,,,,
1152547,2018/19,2019-01-21,Adelaide Oval,2,7.2,Hobart Hurricanes,Adelaide Strikers,MS Wade,DJM Short,Rashid Khan,1,0,,,,,,,,,
1152547,2018/19,2019-01-21,Adelaide Oval,2,7.3,Hobart Hurricanes,Adelaide Strikers,DJM Short,MS Wade,Rashid Khan,1,0,,,,,,,,,
1152547,2018/19,2019-01-21,Adelaide Oval,2,7.4,Hobart Hurricanes,Adelaide Strikers,MS Wade,DJM Short,Rashid Khan,1,0,,,,,,,,,
1152547,2018/19,2019-01-21,Adelaide Oval,2,7.5,Hobart Hurricanes,Adelaide Strikers,DJM Short,MS Wade,Rashid Khan,1,0,,,,,,,,,
1152547,2018/19,2019-01-21,Adelaide Oval,2,7.6,Hobart Hurricanes,Adelaide Strikers,MS Wade,DJM Short,Rashid Khan,0,0,,,,,,,,,
1152547,2018/19,2019-01-21,Adelaide Oval,2,8.1,Hobart Hurricanes,Adelaide Strikers,DJM Short,MS Wade,LN O'Connor,1,0,,,,,,,,,
1152547,2018/19,2019-01-21,Adelaide Oval,2,8.2,Hobart Hurricanes,Adelaide Strikers,MS Wade,DJM Short,LN O'Connor,0,0,,,,,,,,,
1152547,2018/19,2019-01-21,Adelaide Oval,2,8.3,Hobart Hurricanes,Adelaide Strikers,MS Wade,DJM Short,LN O'Connor,1,0,,,,,,,,,
1152547,2018/19,2019-01-21,Adelaide Oval,2,8.4,Hobart Hurricanes,Adelaide Strikers,DJM Short,MS Wade,LN O'Connor,4,0,,,,,,,,,
1152547,2018/19,2019-01-21,Adelaide Oval,2,8.5,Hobart Hurricanes,Adelaide Strikers,DJM Short,MS Wade,LN O'Connor,1,0,,,,,,,,,
1152547,2018/19,2019-01-21,Adelaide Oval,2,8.6,Hobart Hurricanes,Adelaide Strikers,MS Wade,DJM Short,LN O'Connor,1,0,,,,,,,,,
1152547,2018/19,2019-01-21,Adelaide Oval,2,9.1,Hobart Hurricanes,Adelaide Strikers,MS Wade,DJM Short,MG Neser,4,0,,,,,,,,,
1152547,2018/19,2019-01-21,Adelaide Oval,2,9.2,Hobart Hurricanes,Adelaide Strikers,MS Wade,DJM Short,MG Neser,0,0,,,,,,,,,
1152547,2018/19,2019-01-21,Adelaide Oval,2,9.3,Hobart Hurricanes,Adelaide Strikers,MS Wade,DJM Short,MG Neser,4,0,,,,,,,,,
1152547,2018/19,2019-01-21,Adelaide Oval,2,9.4,Hobart Hurricanes,Adelaide Strikers,MS Wade,DJM Short,MG Neser,1,0,,,,,,,,,
1152547,2018/19,2019-01-21,Adelaide Oval,2,9.5,Hobart Hurricanes,Adelaide Strikers,DJM Short,MS Wade,MG Neser,1,0,,,,,,,,,
1152547,2018/19,2019-01-21,Adelaide Oval,2,9.6,Hobart Hurricanes,Adelaide Strikers,MS Wade,DJM Short,MG Neser,6,0,,,,,,,,,
1152547,2018/19,2019-01-21,Adelaide Oval,2,10.1,Hobart Hurricanes,Adelaide Strikers,DJM Short,MS Wade,LN O'Connor,1,0,,,,,,,,,
1152547,2018/19,2019-01-21,Adelaide Oval,2,10.2,Hobart Hurricanes,Adelaide Strikers,MS Wade,DJM Short,LN O'Connor,1,0,,,,,,,,,
1152547,2018/19,2019-01-21,Adelaide Oval,2,10.3,Hobart Hurricanes,Adelaide Strikers,DJM Short,MS Wade,LN O'Connor,0,0,,,,,,,,,
1152547,2018/19,2019-01-21,Adelaide Oval,2,10.4,Hobart Hurricanes,Adelaide Strikers,DJM Short,MS Wade,LN O'Connor,0,0,,,,,,,,,
1152547,2018/19,2019-01-21,Adelaide Oval,2,10.5,Hobart Hurricanes,Adelaide Strikers,DJM Short,MS Wade,LN O'Connor,1,0,,,,,,,,,
1152547,2018/19,2019-01-21,Adelaide Oval,2,10.6,Hobart Hurricanes,Adelaide Strikers,MS Wade,DJM Short,LN O'Connor,1,0,,,,,,,,,
1152547,2018/19,2019-01-21,Adelaide Oval,2,11.1,Hobart Hurricanes,Adelaide Strikers,MS Wade,DJM Short,B Stanlake,1,0,,,,,,,,,
1152547,2018/19,2019-01-21,Adelaide Oval,2,11.2,Hobart Hurricanes,Adelaide Strikers,DJM Short,MS Wade,B Stanlake,1,0,,,,,,,,,
1152547,2018/19,2019-01-21,Adelaide Oval,2,11.3,Hobart Hurricanes,Adelaide Strikers,MS Wade,DJM Short,B Stanlake,6,0,,,,,,,,,
1152547,2018/19,2019-01-21,Adelaide Oval,2,11.4,Hobart Hurricanes,Adelaide Strikers,MS Wade,DJM Short,B Stanlake,2,0,,,,,,,,,
1152547,2018/19,2019-01-21,Adelaide Oval,2,11.5,Hobart Hurricanes,Adelaide Strikers,MS Wade,DJM Short,B Stanlake,4,0,,,,,,,,,
1152547,2018/19,2019-01-21,Adelaide Oval,2,11.6,Hobart Hurricanes,Adelaide Strikers,MS Wade,DJM Short,B Stanlake,4,0,,,,,,,,,
1152547,2018/19,2019-01-21,Adelaide Oval,2,12.1,Hobart Hurricanes,Adelaide Strikers,DJM Short,MS Wade,C Valente,1,0,,,,,,,,,
1152547,2018/19,2019-01-21,Adelaide Oval,2,12.2,Hobart Hurricanes,Adelaide Strikers,MS Wade,DJM Short,C Valente,1,0,,,,,,,,,
1152547,2018/19,2019-01-21,Adelaide Oval,2,12.3,Hobart Hurricanes,Adelaide Strikers,DJM Short,MS Wade,C Valente,1,0,,,,,,,,,
1152547,2018/19,2019-01-21,Adelaide Oval,2,12.4,Hobart Hurricanes,Adelaide Strikers,MS Wade,DJM Short,C Valente,4,0,,,,,,,,,
1152547,2018/19,2019-01-21,Adelaide Oval,2,12.5,Hobart Hurricanes,Adelaide Strikers,MS Wade,DJM Short,C Valente,1,0,,,,,,,,,
1152547,2018/19,2019-01-21,Adelaide Oval,2,12.6,Hobart Hurricanes,Adelaide Strikers,DJM Short,MS Wade,C Valente,4,0,,,,,,,,,
1152547,2018/19,2019-01-21,Adelaide Oval,2,13.1,Hobart Hurricanes,Adelaide Strikers,MS Wade,DJM Short,B Laughlin,2,0,,,,,,,,,
1152547,2018/19,2019-01-21,Adelaide Oval,2,13.2,Hobart Hurricanes,Adelaide Strikers,MS Wade,DJM Short,B Laughlin,1,0,,,,,,,,,
1152547,2018/19,2019-01-21,Adelaide Oval,2,13.3,Hobart Hurricanes,Adelaide Strikers,DJM Short,MS Wade,B Laughlin,1,0,,,,,,,,,
1152547,2018/19,2019-01-21,Adelaide Oval,2,13.4,Hobart Hurricanes,Adelaide Strikers,MS Wade,DJM Short,B Laughlin,1,0,,,,,,,,,
1152547,2018/19,2019-01-21,Adelaide Oval,2,13.5,Hobart Hurricanes,Adelaide Strikers,DJM Short,MS Wade,B Laughlin,2,0,,,,,,,,,
1152547,2018/19,2019-01-21,Adelaide Oval,2,13.6,Hobart Hurricanes,Adelaide Strikers,DJM Short,MS Wade,B Laughlin,1,0,,,,,,,,,
1152547,2018/19,2019-01-21,Adelaide Oval,2,14.1,Hobart Hurricanes,Adelaide Strikers,DJM Short,MS Wade,MW Short,1,0,,,,,,,,,
1152547,2018/19,2019-01-21,Adelaide Oval,2,14.2,Hobart Hurricanes,Adelaide Strikers,MS Wade,DJM Short,MW Short,2,0,,,,,,,,,
1152547,2018/19,2019-01-21,Adelaide Oval,2,14.3,Hobart Hurricanes,Adelaide Strikers,MS Wade,DJM Short,MW Short,1,0,,,,,,,,,
1152547,2018/19,2019-01-21,Adelaide Oval,2,14.4,Hobart Hurricanes,Adelaide Strikers,DJM Short,MS Wade,MW Short,0,0,,,,,,,,,
1152547,2018/19,2019-01-21,Adelaide Oval,2,14.5,Hobart Hurricanes,Adelaide Strikers,DJM Short,MS Wade,MW Short,1,0,,,,,,,,,
1152547,2018/19,2019-01-21,Adelaide Oval,2,14.6,Hobart Hurricanes,Adelaide Strikers,MS Wade,DJM Short,MW Short,0,0,,,,,,,,,
1152547,2018/19,2019-01-21,Adelaide Oval,2,15.1,Hobart Hurricanes,Adelaide Strikers,DJM Short,MS Wade,Rashid Khan,0,0,,,,,,,,,
1152547,2018/19,2019-01-21,Adelaide Oval,2,15.2,Hobart Hurricanes,Adelaide Strikers,DJM Short,MS Wade,Rashid Khan,6,0,,,,,,,,,
1152547,2018/19,2019-01-21,Adelaide Oval,2,15.3,Hobart Hurricanes,Adelaide Strikers,DJM Short,MS Wade,Rashid Khan,6,0,,,,,,,,,
1152547,2018/19,2019-01-21,Adelaide Oval,2,15.4,Hobart Hurricanes,Adelaide Strikers,DJM Short,MS Wade,Rashid Khan,0,0,,,,,,,,,
1152547,2018/19,2019-01-21,Adelaide Oval,2,15.5,Hobart Hurricanes,Adelaide Strikers,DJM Short,MS Wade,Rashid Khan,4,0,,,,,,,,,
1152547,2018/19,2019-01-21,Adelaide Oval,2,15.6,Hobart Hurricanes,Adelaide Strikers,DJM Short,MS Wade,Rashid Khan,1,0,,,,,,,,,
1152547,2018/19,2019-01-21,Adelaide Oval,2,16.1,Hobart Hurricanes,Adelaide Strikers,DJM Short,MS Wade,MW Short,2,0,,,,,,,,,
1152547,2018/19,2019-01-21,Adelaide Oval,2,16.2,Hobart Hurricanes,Adelaide Strikers,DJM Short,MS Wade,MW Short,1,0,,,,,,,,,
1152547,2018/19,2019-01-21,Adelaide Oval,2,16.3,Hobart Hurricanes,Adelaide Strikers,MS Wade,DJM Short,MW Short,1,0,,,,,,,,,
1152547,2018/19,2019-01-21,Adelaide Oval,2,16.4,Hobart Hurricanes,Adelaide Strikers,DJM Short,MS Wade,MW Short,4,0,,,,,,,,,
1152547,2018/19,2019-01-21,Adelaide Oval,2,16.5,Hobart Hurricanes,Adelaide Strikers,DJM Short,MS Wade,MW Short,4,0,,,,,,,,,
