match_id,season,start_date,venue,innings,ball,batting_team,bowling_team,striker,non_striker,bowler,runs_off_bat,extras,wides,noballs,byes,legbyes,penalty,wicket_type,player_dismissed,other_wicket_type,other_player_dismissed
571250,2012/13,2012-12-28,Stadium Australia,1,0.1,Sydney Thunder,Brisbane Heat,CH Gayle,CJL Rogers,JR Hopes,0,0,,,,,,,,,
571250,2012/13,2012-12-28,Stadium Australia,1,0.2,Sydney Thunder,Brisbane Heat,CH Gayle,CJL Rogers,JR Hopes,0,0,,,,,,,,,
571250,2012/13,2012-12-28,Stadium Australia,1,0.3,Sydney Thunder,Brisbane Heat,CH Gayle,CJL Rogers,JR Hopes,1,0,,,,,,,,,
571250,2012/13,2012-12-28,Stadium Australia,1,0.4,Sydney Thunder,Brisbane Heat,CJL Rogers,CH Gayle,JR Hopes,0,0,,,,,,,,,
571250,2012/13,2012-12-28,Stadium Australia,1,0.5,Sydney Thunder,Brisbane Heat,CJL Rogers,CH Gayle,JR Hopes,0,1,1,,,,,,,,
571250,2012/13,2012-12-28,Stadium Australia,1,0.6,Sydney Thunder,Brisbane Heat,CJL Rogers,CH Gayle,JR Hopes,0,0,,,,,,,,,
571250,2012/13,2012-12-28,Stadium Australia,1,0.7,Sydney Thunder,Brisbane Heat,CJL Rogers,CH Gayle,JR Hopes,0,0,,,,,,,,,
571250,2012/13,2012-12-28,Stadium Australia,1,1.1,Sydney Thunder,Brisbane Heat,CH Gayle,CJL Rogers,KAJ Roach,0,0,,,,,,,,,
571250,2012/13,2012-12-28,Stadium Australia,1,1.2,Sydney Thunder,Brisbane Heat,CH Gayle,CJL Rogers,KAJ Roach,0,1,1,,,,,,,,
571250,2012/13,2012-12-28,Stadium Australia,1,1.3,Sydney Thunder,Brisbane Heat,CH Gayle,CJL Rogers,KAJ Roach,0,1,1,,,,,,,,
571250,2012/13,2012-12-28,Stadium Australia,1,1.4,Sydney Thunder,Brisbane Heat,CH Gayle,CJL Rogers,KAJ Roach,0,0,,,,,,,,,
571250,2012/13,2012-12-28,Stadium Australia,1,1.5,Sydney Thunder,Brisbane Heat,CH Gayle,CJL Rogers,KAJ Roach,0,0,,,,,,,,,
571250,2012/13,2012-12-28,Stadium Australia,1,1.6,Sydney Thunder,Brisbane Heat,CH Gayle,CJL Rogers,KAJ Roach,0,1,1,,,,,,,,
571250,2012/13,2012-12-28,Stadium Australia,1,1.7,Sydney Thunder,Brisbane Heat,CH Gayle,CJL Rogers,KAJ Roach,0,0,,,,,,,,,
571250,2012/13,2012-12-28,Stadium Australia,1,1.8,Sydney Thunder,Brisbane Heat,CH Gayle,CJL Rogers,KAJ Roach,1,0,,,,,,,,,
571250,2012/13,2012-12-28,Stadium Australia,1,1.9,Sydney Thunder,Brisbane Heat,CJL Rogers,CH Gayle,KAJ Roach,4,0,,,,,,,,,
571250,2012/13,2012-12-28,Stadium Australia,1,2.1,Sydney Thunder,Brisbane Heat,CH Gayle,CJL Rogers,JR Hopes,0,0,,,,,,,,,
571250,2012/13,2012-12-28,Stadium Australia,1,2.2,Sydney Thunder,Brisbane Heat,CH Gayle,CJL Rogers,JR Hopes,0,1,,,,1,,,,,
571250,2012/13,2012-12-28,Stadium Australia,1,2.3,Sydney Thunder,Brisbane Heat,CJL Rogers,CH Gayle,JR Hopes,1,0,,,,,,,,,
571250,2012/13,2012-12-28,Stadium Australia,1,2.4,Sydney Thunder,Brisbane Heat,CH Gayle,CJL Rogers,JR Hopes,1,0,,,,,,,,,
571250,2012/13,2012-12-28,Stadium Australia,1,2.5,Sydney Thunder,Brisbane Heat,CJL Rogers,CH Gayle,JR Hopes,0,0,,,,,,,,,
571250,2012/13,2012-12-28,Stadium Australia,1,2.6,Sydney Thunder,Brisbane Heat,CJL Rogers,CH Gayle,JR Hopes,0,0,,,,,,,,,
571250,2012/13,2012-12-28,Stadium Australia,1,3.1,Sydney Thunder,Brisbane Heat,CH Gayle,CJL Rogers,KAJ Roach,1,0,,,,,,,,,
571250,2012/13,2012-12-28,Stadium Australia,1,3.2,Sydney Thunder,Brisbane Heat,CJL Rogers,CH Gayle,KAJ Roach,0,0,,,,,,,,,
571250,2012/13,2012-12-28,Stadium Australia,1,3.3,Sydney Thunder,Brisbane Heat,CJL Rogers,CH Gayle,KAJ Roach,1,0,,,,,,,,,
571250,2012/13,2012-12-28,Stadium Australia,1,3.4,Sydney Thunder,Brisbane Heat,CH Gayle,CJL Rogers,KAJ Roach,0,0,,,,,,,,,
571250,2012/13,2012-12-28,Stadium Australia,1,3.5,Sydney Thunder,Brisbane Heat,CH Gayle,CJL Rogers,KAJ Roach,1,0,,,,,,,,,
571250,2012/13,2012-12-28,Stadium Australia,1,3.6,Sydney Thunder,Brisbane Heat,CJL Rogers,CH Gayle,KAJ Roach,0,1,,,,1,,,,,
571250,2012/13,2012-12-28,Stadium Australia,1,4.1,Sydney Thunder,Brisbane Heat,CJL Rogers,CH Gayle,BCJ Cutting,0,0,,,,,,,,,
571250,2012/13,2012-12-28,Stadium Australia,1,4.2,Sydney Thunder,Brisbane Heat,CJL Rogers,CH Gayle,BCJ Cutting,0,0,,,,,,,,,
571250,2012/13,2012-12-28,Stadium Australia,1,4.3,Sydney Thunder,Brisbane Heat,CJL Rogers,CH Gayle,BCJ Cutting,0,0,,,,,,,,,
571250,2012/13,2012-12-28,Stadium Australia,1,4.4,Sydney Thunder,Brisbane Heat,CJL Rogers,CH Gayle,BCJ Cutting,0,0,,,,,,bowled,CJL Rogers,,
571250,2012/13,2012-12-28,Stadium Australia,1,4.5,Sydney Thunder,Brisbane Heat,MJ Prior,CH Gayle,BCJ Cutting,0,0,,,,,,,,,
571250,2012/13,2012-12-28,Stadium Australia,1,4.6,Sydney Thunder,Brisbane Heat,MJ Prior,CH Gayle,BCJ Cutting,0,0,,,,,,,,,
571250,2012/13,2012-12-28,Stadium Australia,1,5.1,Sydney Thunder,Brisbane Heat,CH Gayle,MJ Prior,KAJ Roach,6,0,,,,,,,,,
571250,2012/13,2012-12-28,Stadium Australia,1,5.2,Sydney Thunder,Brisbane Heat,CH Gayle,MJ Prior,KAJ Roach,0,0,,,,,,,,,
571250,2012/13,2012-12-28,Stadium Australia,1,5.3,Sydney Thunder,Brisbane Heat,CH Gayle,MJ Prior,KAJ Roach,1,0,,,,,,,,,
571250,2012/13,2012-12-28,Stadium Australia,1,5.4,Sydney Thunder,Brisbane Heat,MJ Prior,CH Gayle,KAJ Roach,1,0,,,,,,,,,
571250,2012/13,2012-12-28,Stadium Australia,1,5.5,Sydney Thunder,Brisbane Heat,CH Gayle,MJ Prior,KAJ Roach,1,0,,,,,,,,,
571250,2012/13,2012-12-28,Stadium Australia,1,5.6,Sydney Thunder,Brisbane Heat,MJ Prior,CH Gayle,KAJ Roach,0,0,,,,,,,,,
571250,2012/13,2012-12-28,Stadium Australia,1,6.1,Sydney Thunder,Brisbane Heat,CH Gayle,MJ Prior,BCJ Cutting,1,0,,,,,,,,,
571250,2012/13,2012-12-28,Stadium Australia,1,6.2,Sydney Thunder,Brisbane Heat,MJ Prior,CH Gayle,BCJ Cutting,0,0,,,,,,,,,
571250,2012/13,2012-12-28,Stadium Australia,1,6.3,Sydney Thunder,Brisbane Heat,MJ Prior,CH Gayle,BCJ Cutting,0,0,,,,,,,,,
571250,2012/13,2012-12-28,Stadium Australia,1,6.4,Sydney Thunder,Brisbane Heat,MJ Prior,CH Gayle,BCJ Cutting,0,0,,,,,,,,,
571250,2012/13,2012-12-28,Stadium Australia,1,6.5,Sydney Thunder,Brisbane Heat,MJ Prior,CH Gayle,BCJ Cutting,1,0,,,,,,,,,
571250,2012/13,2012-12-28,Stadium Australia,1,6.6,Sydney Thunder,Brisbane Heat,CH Gayle,MJ Prior,BCJ Cutting,0,1,1,,,,,,,,
571250,2012/13,2012-12-28,Stadium Australia,1,6.7,Sydney Thunder,Brisbane Heat,CH Gayle,MJ Prior,BCJ Cutting,1,0,,,,,,,,,
571250,2012/13,2012-12-28,Stadium Australia,1,7.1,Sydney Thunder,Brisbane Heat,CH Gayle,MJ Prior,NM Hauritz,1,0,,,,,,,,,
571250,2012/13,2012-12-28,Stadium Australia,1,7.2,Sydney Thunder,Brisbane Heat,MJ Prior,CH Gayle,NM Hauritz,1,0,,,,,,,,,
571250,2012/13,2012-12-28,Stadium Australia,1,7.3,Sydney Thunder,Brisbane Heat,CH Gayle,MJ Prior,NM Hauritz,0,0,,,,,,,,,
571250,2012/13,2012-12-28,Stadium Australia,1,7.4,Sydney Thunder,Brisbane Heat,CH Gayle,MJ Prior,NM Hauritz,6,0,,,,,,,,,
571250,2012/13,2012-12-28,Stadium Australia,1,7.5,Sydney Thunder,Brisbane Heat,CH Gayle,MJ Prior,NM Hauritz,4,0,,,,,,,,,
571250,2012/13,2012-12-28,Stadium Australia,1,7.6,Sydney Thunder,Brisbane Heat,CH Gayle,MJ Prior,NM Hauritz,0,0,,,,,,,,,
571250,2012/13,2012-12-28,Stadium Australia,1,8.1,Sydney Thunder,Brisbane Heat,MJ Prior,CH Gayle,NLTC Perera,0,0,,,,,,,,,
571250,2012/13,2012-12-28,Stadium Australia,1,8.2,Sydney Thunder,Brisbane Heat,MJ Prior,CH Gayle,NLTC Perera,1,0,,,,,,,,,
571250,2012/13,2012-12-28,Stadium Australia,1,8.3,Sydney Thunder,Brisbane Heat,CH Gayle,MJ Prior,NLTC Perera,1,0,,,,,,,,,
571250,2012/13,2012-12-28,Stadium Australia,1,8.4,Sydney Thunder,Brisbane Heat,MJ Prior,CH Gayle,NLTC Perera,1,0,,,,,,,,,
571250,2012/13,2012-12-28,Stadium Australia,1,8.5,Sydney Thunder,Brisbane Heat,CH Gayle,MJ Prior,NLTC Perera,1,0,,,,,,,,,
571250,2012/13,2012-12-28,Stadium Australia,1,8.6,Sydney Thunder,Brisbane Heat,MJ Prior,CH Gayle,NLTC Perera,6,0,,,,,,,,,
571250,2012/13,2012-12-28,Stadium Australia,1,9.1,Sydney Thunder,Brisbane Heat,CH Gayle,MJ Prior,DT Christian,0,0,,,,,,caught,CH Gayle,,
571250,2012/13,2012-12-28,Stadium Australia,1,9.2,Sydney Thunder,Brisbane Heat,UT Khawaja,MJ Prior,DT Christian,0,0,,,,,,,,,
571250,2012/13,2012-12-28,Stadium Australia,1,9.3,Sydney Thunder,Brisbane Heat,UT Khawaja,MJ Prior,DT Christian,1,0,,,,,,,,,
571250,2012/13,2012-12-28,Stadium Australia,1,9.4,Sydney Thunder,Brisbane Heat,MJ Prior,UT Khawaja,DT Christian,6,0,,,,,,,,,
571250,2012/13,2012-12-28,Stadium Australia,1,9.5,Sydney Thunder,Brisbane Heat,MJ Prior,UT Khawaja,DT Christian,0,0,,,,,,caught,MJ Prior,,
571250,2012/13,2012-12-28,Stadium Australia,1,9.6,Sydney Thunder,Brisbane Heat,UT Khawaja,SA Abbott,DT Christian,1,0,,,,,,,,,
571250,2012/13,2012-12-28,Stadium Australia,1,10.1,Sydney Thunder,Brisbane Heat,UT Khawaja,SA Abbott,BCJ Cutting,1,0,,,,,,,,,
571250,2012/13,2012-12-28,Stadium Australia,1,10.2,Sydney Thunder,Brisbane Heat,SA Abbott,UT Khawaja,BCJ Cutting,0,0,,,,,,,,,
571250,2012/13,2012-12-28,Stadium Australia,1,10.3,Sydney Thunder,Brisbane Heat,SA Abbott,UT Khawaja,BCJ Cutting,0,0,,,,,,,,,
571250,2012/13,2012-12-28,Stadium Australia,1,10.4,Sydney Thunder,Brisbane Heat,SA Abbott,UT Khawaja,BCJ Cutting,6,0,,,,,,,,,
571250,2012/13,2012-12-28,Stadium Australia,1,10.5,Sydney Thunder,Brisbane Heat,SA Abbott,UT Khawaja,BCJ Cutting,1,0,,,,,,,,,
571250,2012/13,2012-12-28,Stadium Australia,1,10.6,Sydney Thunder,Brisbane Heat,UT Khawaja,SA Abbott,BCJ Cutting,0,0,,,,,,,,,
571250,2012/13,2012-12-28,Stadium Australia,1,11.1,Sydney Thunder,Brisbane Heat,SA Abbott,UT Khawaja,DT Christian,0,0,,,,,,,,,
571250,2012/13,2012-12-28,Stadium Australia,1,11.2,Sydney Thunder,Brisbane Heat,SA Abbott,UT Khawaja,DT Christian,1,0,,,,,,,,,
571250,2012/13,2012-12-28,Stadium Australia,1,11.3,Sydney Thunder,Brisbane Heat,UT Khawaja,SA Abbott,DT Christian,2,0,,,,,,,,,
571250,2012/13,2012-12-28,Stadium Australia,1,11.4,Sydney Thunder,Brisbane Heat,UT Khawaja,SA Abbott,DT Christian,1,0,,,,,,,,,
571250,2012/13,2012-12-28,Stadium Australia,1,11.5,Sydney Thunder,Brisbane Heat,SA Abbott,UT Khawaja,DT Christian,1,0,,,,,,,,,
571250,2012/13,2012-12-28,Stadium Australia,1,11.6,Sydney Thunder,Brisbane Heat,UT Khawaja,SA Abbott,DT Christian,0,0,,,,,,,,,
571250,2012/13,2012-12-28,Stadium Australia,1,12.1,Sydney Thunder,Brisbane Heat,SA Abbott,UT Khawaja,JR Hopes,1,0,,,,,,,,,
571250,2012/13,2012-12-28,Stadium Australia,1,12.2,Sydney Thunder,Brisbane Heat,UT Khawaja,SA Abbott,JR Hopes,1,0,,,,,,,,,
571250,2012/13,2012-12-28,Stadium Australia,1,12.3,Sydney Thunder,Brisbane Heat,SA Abbott,UT Khawaja,JR Hopes,1,0,,,,,,,,,
571250,2012/13,2012-12-28,Stadium Australia,1,12.4,Sydney Thunder,Brisbane Heat,UT Khawaja,SA Abbott,JR Hopes,1,0,,,,,,,,,
571250,2012/13,2012-12-28,Stadium Australia,1,12.5,Sydney Thunder,Brisbane Heat,SA Abbott,UT Khawaja,JR Hopes,0,0,,,,,,caught,SA Abbott,,
571250,2012/13,2012-12-28,Stadium Australia,1,12.6,Sydney Thunder,Brisbane Heat,UT Khawaja,RGL Carters,JR Hopes,0,0,,,,,,,,,
571250,2012/13,2012-12-28,Stadium Australia,1,13.1,Sydney Thunder,Brisbane Heat,RGL Carters,UT Khawaja,NM Hauritz,0,0,,,,,,,,,
571250,2012/13,2012-12-28,Stadium Australia,1,13.2,Sydney Thunder,Brisbane Heat,RGL Carters,UT Khawaja,NM Hauritz,0,0,,,,,,,,,
571250,2012/13,2012-12-28,Stadium Australia,1,13.3,Sydney Thunder,Brisbane Heat,RGL Carters,UT Khawaja,NM Hauritz,2,0,,,,,,,,,
571250,2012/13,2012-12-28,Stadium Australia,1,13.4,Sydney Thunder,Brisbane Heat,RGL Carters,UT Khawaja,NM Hauritz,1,0,,,,,,,,,
571250,2012/13,2012-12-28,Stadium Australia,1,13.5,Sydney Thunder,Brisbane Heat,UT Khawaja,RGL Carters,NM Hauritz,0,0,,,,,,,,,
571250,2012/13,2012-12-28,Stadium Australia,1,13.6,Sydney Thunder,Brisbane Heat,UT Khawaja,RGL Carters,NM Hauritz,4,0,,,,,,,,,
571250,2012/13,2012-12-28,Stadium Australia,1,14.1,Sydney Thunder,Brisbane Heat,RGL Carters,UT Khawaja,NLTC Perera,1,0,,,,,,,,,
571250,2012/13,2012-12-28,Stadium Australia,1,14.2,Sydney Thunder,Brisbane Heat,UT Khawaja,RGL Carters,NLTC Perera,4,0,,,,,,,,,
571250,2012/13,2012-12-28,Stadium Australia,1,14.3,Sydney Thunder,Brisbane Heat,UT Khawaja,RGL Carters,NLTC Perera,1,0,,,,,,,,,
571250,2012/13,2012-12-28,Stadium Australia,1,14.4,Sydney Thunder,Brisbane Heat,RGL Carters,UT Khawaja,NLTC Perera,1,0,,,,,,run out,RGL Carters,,
571250,2012/13,2012-12-28,Stadium Australia,1,14.5,Sydney Thunder,Brisbane Heat,SJC Keen,UT Khawaja,NLTC Perera,1,0,,,,,,,,,
571250,2012/13,2012-12-28,Stadium Australia,1,14.6,Sydney Thunder,Brisbane Heat,UT Khawaja,SJC Keen,NLTC Perera,1,0,,,,,,,,,
571250,2012/13,2012-12-28,Stadium Australia,1,15.1,Sydney Thunder,Brisbane Heat,UT Khawaja,SJC Keen,NM Hauritz,1,0,,,,,,,,,
571250,2012/13,2012-12-28,Stadium Australia,1,15.2,Sydney Thunder,Brisbane Heat,SJC Keen,UT Khawaja,NM Hauritz,1,0,,,,,,,,,
571250,2012/13,2012-12-28,Stadium Australia,1,15.3,Sydney Thunder,Brisbane Heat,UT Khawaja,SJC Keen,NM Hauritz,2,0,,,,,,,,,
571250,2012/13,2012-12-28,Stadium Australia,1,15.4,Sydney Thunder,Brisbane Heat,UT Khawaja,SJC Keen,NM Hauritz,1,0,,,,,,,,,
571250,2012/13,2012-12-28,Stadium Australia,1,15.5,Sydney Thunder,Brisbane Heat,SJC Keen,UT Khawaja,NM Hauritz,0,0,,,,,,,,,
571250,2012/13,2012-12-28,Stadium Australia,1,15.6,Sydney Thunder,Brisbane Heat,SJC Keen,UT Khawaja,NM Hauritz,2,0,,,,,,,,,
571250,2012/13,2012-12-28,Stadium Australia,1,16.1,Sydney Thunder,Brisbane Heat,UT Khawaja,SJC Keen,JR Hopes,1,0,,,,,,,,,
571250,2012/13,2012-12-28,Stadium Australia,1,16.2,Sydney Thunder,Brisbane Heat,SJC Keen,UT Khawaja,JR Hopes,0,0,,,,,,run out,UT Khawaja,,
571250,2012/13,2012-12-28,Stadium Australia,1,16.3,Sydney Thunder,Brisbane Heat,SJ Coyte (2),SJC Keen,JR Hopes,1,0,,,,,,,,,
571250,2012/13,2012-12-28,Stadium Australia,1,16.4,Sydney Thunder,Brisbane Heat,SJC Keen,SJ Coyte (2),JR Hopes,0,0,,,,,,,,,
571250,2012/13,2012-12-28,Stadium Australia,1,16.5,Sydney Thunder,Brisbane Heat,SJC Keen,SJ Coyte (2),JR Hopes,4,0,,,,,,,,,
571250,2012/13,2012-12-28,Stadium Australia,1,16.6,Sydney Thunder,Brisbane Heat,SJC Keen,SJ Coyte (2),JR Hopes,1,0,,,,,,,,,
571250,2012/13,2012-12-28,Stadium Australia,1,17.1,Sydney Thunder,Brisbane Heat,SJC Keen,SJ Coyte (2),DT Christian,0,0,,,,,,bowled,SJC Keen,,
571250,2012/13,2012-12-28,Stadium Australia,1,17.2,Sydney Thunder,Brisbane Heat,CP Tremain,SJ Coyte (2),DT Christian,1,0,,,,,,,,,
571250,2012/13,2012-12-28,Stadium Australia,1,17.3,Sydney Thunder,Brisbane Heat,SJ Coyte (2),CP Tremain,DT Christian,4,0,,,,,,,,,
571250,2012/13,2012-12-28,Stadium Australia,1,17.4,Sydney Thunder,Brisbane Heat,SJ Coyte (2),CP Tremain,DT Christian,1,0,,,,,,,,,
571250,2012/13,2012-12-28,Stadium Australia,1,17.5,Sydney Thunder,Brisbane Heat,CP Tremain,SJ Coyte (2),DT Christian,0,0,,,,,,,,,
571250,2012/13,2012-12-28,Stadium Australia,1,17.6,Sydney Thunder,Brisbane Heat,CP Tremain,SJ Coyte (2),DT Christian,0,0,,,,,,lbw,CP Tremain,,
571250,2012/13,2012-12-28,Stadium Australia,1,18.1,Sydney Thunder,Brisbane Heat,SJ Coyte (2),A Zampa,KAJ Roach,1,0,,,,,,,,,
571250,2012/13,2012-12-28,Stadium Australia,1,18.2,Sydney Thunder,Brisbane Heat,A Zampa,SJ Coyte (2),KAJ Roach,4,0,,,,,,,,,
571250,2012/13,2012-12-28,Stadium Australia,1,18.3,Sydney Thunder,Brisbane Heat,A Zampa,SJ Coyte (2),KAJ Roach,0,0,,,,,,,,,
571250,2012/13,2012-12-28,Stadium Australia,1,18.4,Sydney Thunder,Brisbane Heat,A Zampa,SJ Coyte (2),KAJ Roach,0,0,,,,,,,,,
571250,2012/13,2012-12-28,Stadium Australia,1,18.5,Sydney Thunder,Brisbane Heat,A Zampa,SJ Coyte (2),KAJ Roach,0,1,1,,,,,,,,
571250,2012/13,2012-12-28,Stadium Australia,1,18.6,Sydney Thunder,Brisbane Heat,A Zampa,SJ Coyte (2),KAJ Roach,0,0,,,,,,,,,
571250,2012/13,2012-12-28,Stadium Australia,1,18.7,Sydney Thunder,Brisbane Heat,A Zampa,SJ Coyte (2),KAJ Roach,0,0,,,,,,,,,
571250,2012/13,2012-12-28,Stadium Australia,1,19.1,Sydney Thunder,Brisbane Heat,SJ Coyte (2),A Zampa,DT Christian,4,0,,,,,,,,,
571250,2012/13,2012-12-28,Stadium Australia,1,19.2,Sydney Thunder,Brisbane Heat,SJ Coyte (2),A Zampa,DT Christian,1,0,,,,,,,,,
571250,2012/13,2012-12-28,Stadium Australia,1,19.3,Sydney Thunder,Brisbane Heat,A Zampa,SJ Coyte (2),DT Christian,1,0,,,,,,,,,
571250,2012/13,2012-12-28,Stadium Australia,1,19.4,Sydney Thunder,Brisbane Heat,SJ Coyte (2),A Zampa,DT Christian,0,0,,,,,,caught,SJ Coyte (2),,
571250,2012/13,2012-12-28,Stadium Australia,1,19.5,Sydney Thunder,Brisbane Heat,A Zampa,DP Nannes,DT Christian,1,0,,,,,,,,,
571250,2012/13,2012-12-28,Stadium Australia,1,19.6,Sydney Thunder,Brisbane Heat,DP Nannes,A Zampa,DT Christian,0,0,,,,,,run out,A Zampa,,
571250,2012/13,2012-12-28,Stadium Australia,2,0.1,Brisbane Heat,Sydney Thunder,JR Hopes,LA Pomersbach,SA Abbott,0,1,,,,1,,,,,
571250,2012/13,2012-12-28,Stadium Australia,2,0.2,Brisbane Heat,Sydney Thunder,LA Pomersbach,JR Hopes,SA Abbott,0,0,,,,,,,,,
571250,2012/13,2012-12-28,Stadium Australia,2,0.3,Brisbane Heat,Sydney Thunder,LA Pomersbach,JR Hopes,SA Abbott,6,0,,,,,,,,,
571250,2012/13,2012-12-28,Stadium Australia,2,0.4,Brisbane Heat,Sydney Thunder,LA Pomersbach,JR Hopes,SA Abbott,0,0,,,,,,,,,
571250,2012/13,2012-12-28,Stadium Australia,2,0.5,Brisbane Heat,Sydney Thunder,LA Pomersbach,JR Hopes,SA Abbott,1,0,,,,,,,,,
571250,2012/13,2012-12-28,Stadium Australia,2,0.6,Brisbane Heat,Sydney Thunder,JR Hopes,LA Pomersbach,SA Abbott,0,0,,,,,,,,,
571250,2012/13,2012-12-28,Stadium Australia,2,1.1,Brisbane Heat,Sydney Thunder,LA Pomersbach,JR Hopes,DP Nannes,0,0,,,,,,,,,
571250,2012/13,2012-12-28,Stadium Australia,2,1.2,Brisbane Heat,Sydney Thunder,LA Pomersbach,JR Hopes,DP Nannes,0,0,,,,,,,,,
571250,2012/13,2012-12-28,Stadium Australia,2,1.3,Brisbane Heat,Sydney Thunder,LA Pomersbach,JR Hopes,DP Nannes,3,0,,,,,,,,,
571250,2012/13,2012-12-28,Stadium Australia,2,1.4,Brisbane Heat,Sydney Thunder,JR Hopes,LA Pomersbach,DP Nannes,4,0,,,,,,,,,
571250,2012/13,2012-12-28,Stadium Australia,2,1.5,Brisbane Heat,Sydney Thunder,JR Hopes,LA Pomersbach,DP Nannes,4,0,,,,,,,,,
571250,2012/13,2012-12-28,Stadium Australia,2,1.6,Brisbane Heat,Sydney Thunder,JR Hopes,LA Pomersbach,DP Nannes,0,0,,,,,,,,,
571250,2012/13,2012-12-28,Stadium Australia,2,2.1,Brisbane Heat,Sydney Thunder,LA Pomersbach,JR Hopes,SJ Coyte (2),2,0,,,,,,,,,
571250,2012/13,2012-12-28,Stadium Australia,2,2.2,Brisbane Heat,Sydney Thunder,LA Pomersbach,JR Hopes,SJ Coyte (2),0,1,1,,,,,,,,
571250,2012/13,2012-12-28,Stadium Australia,2,2.3,Brisbane Heat,Sydney Thunder,LA Pomersbach,JR Hopes,SJ Coyte (2),0,0,,,,,,,,,
571250,2012/13,2012-12-28,Stadium Australia,2,2.4,Brisbane Heat,Sydney Thunder,LA Pomersbach,JR Hopes,SJ Coyte (2),4,0,,,,,,,,,
571250,2012/13,2012-12-28,Stadium Australia,2,2.5,Brisbane Heat,Sydney Thunder,LA Pomersbach,JR Hopes,SJ Coyte (2),0,0,,,,,,,,,
571250,2012/13,2012-12-28,Stadium Australia,2,2.6,Brisbane Heat,Sydney Thunder,LA Pomersbach,JR Hopes,SJ Coyte (2),0,0,,,,,,,,,
571250,2012/13,2012-12-28,Stadium Australia,2,2.7,Brisbane Heat,Sydney Thunder,LA Pomersbach,JR Hopes,SJ Coyte (2),0,0,,,,,,,,,
571250,2012/13,2012-12-28,Stadium Australia,2,3.1,Brisbane Heat,Sydney Thunder,JR Hopes,LA Pomersbach,DP Nannes,0,0,,,,,,,,,
571250,2012/13,2012-12-28,Stadium Australia,2,3.2,Brisbane Heat,Sydney Thunder,JR Hopes,LA Pomersbach,DP Nannes,0,0,,,,,,caught,JR Hopes,,
571250,2012/13,2012-12-28,Stadium Australia,2,3.3,Brisbane Heat,Sydney Thunder,JA Burns,LA Pomersbach,DP Nannes,0,0,,,,,,,,,
571250,2012/13,2012-12-28,Stadium Australia,2,3.4,Brisbane Heat,Sydney Thunder,JA Burns,LA Pomersbach,DP Nannes,0,0,,,,,,,,,
571250,2012/13,2012-12-28,Stadium Australia,2,3.5,Brisbane Heat,Sydney Thunder,JA Burns,LA Pomersbach,DP Nannes,0,0,,,,,,,,,
571250,2012/13,2012-12-28,Stadium Australia,2,3.6,Brisbane Heat,Sydney Thunder,JA Burns,LA Pomersbach,DP Nannes,0,0,,,,,,caught,JA Burns,,
571250,2012/13,2012-12-28,Stadium Australia,2,4.1,Brisbane Heat,Sydney Thunder,LA Pomersbach,DT Christian,CP Tremain,0,0,,,,,,,,,
571250,2012/13,2012-12-28,Stadium Australia,2,4.2,Brisbane Heat,Sydney Thunder,LA Pomersbach,DT Christian,CP Tremain,0,0,,,,,,,,,
571250,2012/13,2012-12-28,Stadium Australia,2,4.3,Brisbane Heat,Sydney Thunder,LA Pomersbach,DT Christian,CP Tremain,0,0,,,,,,,,,
571250,2012/13,2012-12-28,Stadium Australia,2,4.4,Brisbane Heat,Sydney Thunder,LA Pomersbach,DT Christian,CP Tremain,4,0,,,,,,,,,
571250,2012/13,2012-12-28,Stadium Australia,2,4.5,Brisbane Heat,Sydney Thunder,LA Pomersbach,DT Christian,CP Tremain,0,0,,,,,,,,,
571250,2012/13,2012-12-28,Stadium Australia,2,4.6,Brisbane Heat,Sydney Thunder,LA Pomersbach,DT Christian,CP Tremain,4,0,,,,,,,,,
571250,2012/13,2012-12-28,Stadium Australia,2,5.1,Brisbane Heat,Sydney Thunder,DT Christian,LA Pomersbach,DP Nannes,0,0,,,,,,,,,
571250,2012/13,2012-12-28,Stadium Australia,2,5.2,Brisbane Heat,Sydney Thunder,DT Christian,LA Pomersbach,DP Nannes,4,0,,,,,,,,,
571250,2012/13,2012-12-28,Stadium Australia,2,5.3,Brisbane Heat,Sydney Thunder,DT Christian,LA Pomersbach,DP Nannes,0,1,1,,,,,,,,
571250,2012/13,2012-12-28,Stadium Australia,2,5.4,Brisbane Heat,Sydney Thunder,DT Christian,LA Pomersbach,DP Nannes,4,0,,,,,,,,,
571250,2012/13,2012-12-28,Stadium Australia,2,5.5,Brisbane Heat,Sydney Thunder,DT Christian,LA Pomersbach,DP Nannes,0,0,,,,,,,,,
571250,2012/13,2012-12-28,Stadium Australia,2,5.6,Brisbane Heat,Sydney Thunder,DT Christian,LA Pomersbach,DP Nannes,4,0,,,,,,,,,
571250,2012/13,2012-12-28,Stadium Australia,2,5.7,Brisbane Heat,Sydney Thunder,DT Christian,LA Pomersbach,DP Nannes,0,1,,,,1,,,,,
571250,2012/13,2012-12-28,Stadium Australia,2,6.1,Brisbane Heat,Sydney Thunder,DT Christian,LA Pomersbach,CP Tremain,0,0,,,,,,caught,DT Christian,,
571250,2012/13,2012-12-28,Stadium Australia,2,6.2,Brisbane Heat,Sydney Thunder,CA Lynn,LA Pomersbach,CP Tremain,1,0,,,,,,,,,
571250,2012/13,2012-12-28,Stadium Australia,2,6.3,Brisbane Heat,Sydney Thunder,LA Pomersbach,CA Lynn,CP Tremain,1,0,,,,,,,,,
571250,2012/13,2012-12-28,Stadium Australia,2,6.4,Brisbane Heat,Sydney Thunder,CA Lynn,LA Pomersbach,CP Tremain,0,0,,,,,,,,,
571250,2012/13,2012-12-28,Stadium Australia,2,6.5,Brisbane Heat,Sydney Thunder,CA Lynn,LA Pomersbach,CP Tremain,1,0,,,,,,,,,
571250,2012/13,2012-12-28,Stadium Australia,2,6.6,Brisbane Heat,Sydney Thunder,LA Pomersbach,CA Lynn,CP Tremain,2,0,,,,,,,,,
571250,2012/13,2012-12-28,Stadium Australia,2,7.1,Brisbane Heat,Sydney Thunder,CA Lynn,LA Pomersbach,A Zampa,1,0,,,,,,,,,
571250,2012/13,2012-12-28,Stadium Australia,2,7.2,Brisbane Heat,Sydney Thunder,LA Pomersbach,CA Lynn,A Zampa,1,0,,,,,,,,,
571250,2012/13,2012-12-28,Stadium Australia,2,7.3,Brisbane Heat,Sydney Thunder,CA Lynn,LA Pomersbach,A Zampa,0,0,,,,,,,,,
571250,2012/13,2012-12-28,Stadium Australia,2,7.4,Brisbane Heat,Sydney Thunder,CA Lynn,LA Pomersbach,A Zampa,1,0,,,,,,,,,
571250,2012/13,2012-12-28,Stadium Australia,2,7.5,Brisbane Heat,Sydney Thunder,LA Pomersbach,CA Lynn,A Zampa,0,0,,,,,,,,,
571250,2012/13,2012-12-28,Stadium Australia,2,7.6,Brisbane Heat,Sydney Thunder,LA Pomersbach,CA Lynn,A Zampa,0,0,,,,,,,,,
571250,2012/13,2012-12-28,Stadium Australia,2,8.1,Brisbane Heat,Sydney Thunder,CA Lynn,LA Pomersbach,CP Tremain,1,0,,,,,,,,,
571250,2012/13,2012-12-28,Stadium Australia,2,8.2,Brisbane Heat,Sydney Thunder,LA Pomersbach,CA Lynn,CP Tremain,0,0,,,,,,bowled,LA Pomersbach,,
571250,2012/13,2012-12-28,Stadium Australia,2,8.3,Brisbane Heat,Sydney Thunder,NLTC Perera,CA Lynn,CP Tremain,1,0,,,,,,,,,
571250,2012/13,2012-12-28,Stadium Australia,2,8.4,Brisbane Heat,Sydney Thunder,CA Lynn,NLTC Perera,CP Tremain,1,0,,,,,,,,,
571250,2012/13,2012-12-28,Stadium Australia,2,8.5,Brisbane Heat,Sydney Thunder,NLTC Perera,CA Lynn,CP Tremain,0,0,,,,,,,,,
571250,2012/13,2012-12-28,Stadium Australia,2,8.6,Brisbane Heat,Sydney Thunder,NLTC Perera,CA Lynn,CP Tremain,1,0,,,,,,,,,
571250,2012/13,2012-12-28,Stadium Australia,2,9.1,Brisbane Heat,Sydney Thunder,NLTC Perera,CA Lynn,A Zampa,1,0,,,,,,,,,
571250,2012/13,2012-12-28,Stadium Australia,2,9.2,Brisbane Heat,Sydney Thunder,CA Lynn,NLTC Perera,A Zampa,0,0,,,,,,,,,
571250,2012/13,2012-12-28,Stadium Australia,2,9.3,Brisbane Heat,Sydney Thunder,CA Lynn,NLTC Perera,A Zampa,6,0,,,,,,,,,
571250,2012/13,2012-12-28,Stadium Australia,2,9.4,Brisbane Heat,Sydney Thunder,CA Lynn,NLTC Perera,A Zampa,0,0,,,,,,,,,
571250,2012/13,2012-12-28,Stadium Australia,2,9.5,Brisbane Heat,Sydney Thunder,CA Lynn,NLTC Perera,A Zampa,1,0,,,,,,,,,
571250,2012/13,2012-12-28,Stadium Australia,2,9.6,Brisbane Heat,Sydney Thunder,NLTC Perera,CA Lynn,A Zampa,1,0,,,,,,,,,
571250,2012/13,2012-12-28,Stadium Australia,2,10.1,Brisbane Heat,Sydney Thunder,NLTC Perera,CA Lynn,CP Tremain,1,0,,,,,,,,,
571250,2012/13,2012-12-28,Stadium Australia,2,10.2,Brisbane Heat,Sydney Thunder,CA Lynn,NLTC Perera,CP Tremain,0,0,,,,,,,,,
571250,2012/13,2012-12-28,Stadium Australia,2,10.3,Brisbane Heat,Sydney Thunder,CA Lynn,NLTC Perera,CP Tremain,0,0,,,,,,,,,
571250,2012/13,2012-12-28,Stadium Australia,2,10.4,Brisbane Heat,Sydney Thunder,CA Lynn,NLTC Perera,CP Tremain,6,0,,,,,,,,,
571250,2012/13,2012-12-28,Stadium Australia,2,10.5,Brisbane Heat,Sydney Thunder,CA Lynn,NLTC Perera,CP Tremain,0,1,1,,,,,,,,
571250,2012/13,2012-12-28,Stadium Australia,2,10.6,Brisbane Heat,Sydney Thunder,CA Lynn,NLTC Perera,CP Tremain,1,0,,,,,,,,,
571250,2012/13,2012-12-28,Stadium Australia,2,10.7,Brisbane Heat,Sydney Thunder,NLTC Perera,CA Lynn,CP Tremain,1,0,,,,,,,,,
571250,2012/13,2012-12-28,Stadium Australia,2,11.1,Brisbane Heat,Sydney Thunder,NLTC Perera,CA Lynn,A Zampa,1,0,,,,,,,,,
571250,2012/13,2012-12-28,Stadium Australia,2,11.2,Brisbane Heat,Sydney Thunder,CA Lynn,NLTC Perera,A Zampa,6,0,,,,,,,,,
571250,2012/13,2012-12-28,Stadium Australia,2,11.3,Brisbane Heat,Sydney Thunder,CA Lynn,NLTC Perera,A Zampa,1,0,,,,,,,,,
571250,2012/13,2012-12-28,Stadium Australia,2,11.4,Brisbane Heat,Sydney Thunder,NLTC Perera,CA Lynn,A Zampa,0,0,,,,,,caught,NLTC Perera,,
571250,2012/13,2012-12-28,Stadium Australia,2,11.5,Brisbane Heat,Sydney Thunder,CA Lynn,PJ Forrest,A Zampa,1,0,,,,,,,,,
571250,2012/13,2012-12-28,Stadium Australia,2,11.6,Brisbane Heat,Sydney Thunder,PJ Forrest,CA Lynn,A Zampa,0,0,,,,,,,,,
571250,2012/13,2012-12-28,Stadium Australia,2,12.1,Brisbane Heat,Sydney Thunder,CA Lynn,PJ Forrest,SJ Coyte (2),0,0,,,,,,,,,
571250,2012/13,2012-12-28,Stadium Australia,2,12.2,Brisbane Heat,Sydney Thunder,CA Lynn,PJ Forrest,SJ Coyte (2),1,0,,,,,,,,,
571250,2012/13,2012-12-28,Stadium Australia,2,12.3,Brisbane Heat,Sydney Thunder,PJ Forrest,CA Lynn,SJ Coyte (2),0,0,,,,,,,,,
571250,2012/13,2012-12-28,Stadium Australia,2,12.4,Brisbane Heat,Sydney Thunder,PJ Forrest,CA Lynn,SJ Coyte (2),1,0,,,,,,,,,
571250,2012/13,2012-12-28,Stadium Australia,2,12.5,Brisbane Heat,Sydney Thunder,CA Lynn,PJ Forrest,SJ Coyte (2),0,0,,,,,,,,,
571250,2012/13,2012-12-28,Stadium Australia,2,12.6,Brisbane Heat,Sydney Thunder,CA Lynn,PJ Forrest,SJ Coyte (2),1,0,,,,,,,,,
571250,2012/13,2012-12-28,Stadium Australia,2,13.1,Brisbane Heat,Sydney Thunder,CA Lynn,PJ Forrest,A Zampa,0,4,,,4,,,,,,
571250,2012/13,2012-12-28,Stadium Australia,2,13.2,Brisbane Heat,Sydney Thunder,CA Lynn,PJ Forrest,A Zampa,0,0,,,,,,,,,
571250,2012/13,2012-12-28,Stadium Australia,2,13.3,Brisbane Heat,Sydney Thunder,CA Lynn,PJ Forrest,A Zampa,6,0,,,,,,,,,
571250,2012/13,2012-12-28,Stadium Australia,2,13.4,Brisbane Heat,Sydney Thunder,CA Lynn,PJ Forrest,A Zampa,1,0,,,,,,,,,
571250,2012/13,2012-12-28,Stadium Australia,2,13.5,Brisbane Heat,Sydney Thunder,PJ Forrest,CA Lynn,A Zampa,6,0,,,,,,,,,
571250,2012/13,2012-12-28,Stadium Australia,2,13.6,Brisbane Heat,Sydney Thunder,PJ Forrest,CA Lynn,A Zampa,0,0,,,,,,,,,
571250,2012/13,2012-12-28,Stadium Australia,2,14.1,Brisbane Heat,Sydney Thunder,CA Lynn,PJ Forrest,SJ Coyte (2),2,0,,,,,,,,,
571250,2012/13,2012-12-28,Stadium Australia,2,14.2,Brisbane Heat,Sydney Thunder,CA Lynn,PJ Forrest,SJ Coyte (2),0,0,,,,,,,,,
571250,2012/13,2012-12-28,Stadium Australia,2,14.3,Brisbane Heat,Sydney Thunder,CA Lynn,PJ Forrest,SJ Coyte (2),1,0,,,,,,,,,
571250,2012/13,2012-12-28,Stadium Australia,2,14.4,Brisbane Heat,Sydney Thunder,PJ Forrest,CA Lynn,SJ Coyte (2),0,0,,,,,,,,,
571250,2012/13,2012-12-28,Stadium Australia,2,14.5,Brisbane Heat,Sydney Thunder,PJ Forrest,CA Lynn,SJ Coyte (2),0,0,,,,,,,,,
571250,2012/13,2012-12-28,Stadium Australia,2,14.6,Brisbane Heat,Sydney Thunder,PJ Forrest,CA Lynn,SJ Coyte (2),0,0,,,,,,,,,
571250,2012/13,2012-12-28,Stadium Australia,2,15.1,Brisbane Heat,Sydney Thunder,CA Lynn,PJ Forrest,DP Nannes,0,0,,,,,,,,,
571250,2012/13,2012-12-28,Stadium Australia,2,15.2,Brisbane Heat,Sydney Thunder,CA Lynn,PJ Forrest,DP Nannes,1,0,,,,,,,,,
571250,2012/13,2012-12-28,Stadium Australia,2,15.3,Brisbane Heat,Sydney Thunder,PJ Forrest,CA Lynn,DP Nannes,0,0,,,,,,,,,
571250,2012/13,2012-12-28,Stadium Australia,2,15.4,Brisbane Heat,Sydney Thunder,PJ Forrest,CA Lynn,DP Nannes,1,0,,,,,,,,,
571250,2012/13,2012-12-28,Stadium Australia,2,15.5,Brisbane Heat,Sydney Thunder,CA Lynn,PJ Forrest,DP Nannes,4,0,,,,,,,,,
571250,2012/13,2012-12-28,Stadium Australia,2,15.6,Brisbane Heat,Sydney Thunder,CA Lynn,PJ Forrest,DP Nannes,1,0,,,,,,,,,
571250,2012/13,2012-12-28,Stadium Australia,2,16.1,Brisbane Heat,Sydney Thunder,CA Lynn,PJ Forrest,SA Abbott,0,0,,,,,,,,,
571250,2012/13,2012-12-28,Stadium Australia,2,16.2,Brisbane Heat,Sydney Thunder,CA Lynn,PJ Forrest,SA Abbott,4,0,,,,,,,,,
571250,2012/13,2012-12-28,Stadium Australia,2,16.3,Brisbane Heat,Sydney Thunder,CA Lynn,PJ Forrest,SA Abbott,1,0,,,,,,,,,
571250,2012/13,2012-12-28,Stadium Australia,2,16.4,Brisbane Heat,Sydney Thunder,PJ Forrest,CA Lynn,SA Abbott,4,0,,,,,,,,,
