match_id,season,start_date,venue,innings,ball,batting_team,bowling_team,striker,non_striker,bowler,runs_off_bat,extras,wides,noballs,byes,legbyes,penalty,wicket_type,player_dismissed,other_wicket_type,other_player_dismissed
571235,2012/13,2012-12-09,Western Australia Cricket Association Ground,1,0.1,Perth Scorchers,Adelaide Strikers,SE Marsh,HH Gibbs,KW Richardson,0,0,,,,,,,,,
571235,2012/13,2012-12-09,Western Australia Cricket Association Ground,1,0.2,Perth Scorchers,Adelaide Strikers,SE Marsh,HH Gibbs,KW Richardson,0,0,,,,,,,,,
571235,2012/13,2012-12-09,Western Australia Cricket Association Ground,1,0.3,Perth Scorchers,Adelaide Strikers,SE Marsh,HH Gibbs,KW Richardson,0,1,1,,,,,,,,
571235,2012/13,2012-12-09,Western Australia Cricket Association Ground,1,0.4,Perth Scorchers,Adelaide Strikers,SE Marsh,HH Gibbs,KW Richardson,0,0,,,,,,,,,
571235,2012/13,2012-12-09,Western Australia Cricket Association Ground,1,0.5,Perth Scorchers,Adelaide Strikers,SE Marsh,HH Gibbs,KW Richardson,0,0,,,,,,,,,
571235,2012/13,2012-12-09,Western Australia Cricket Association Ground,1,0.6,Perth Scorchers,Adelaide Strikers,SE Marsh,HH Gibbs,KW Richardson,2,0,,,,,,,,,
571235,2012/13,2012-12-09,Western Australia Cricket Association Ground,1,0.7,Perth Scorchers,Adelaide Strikers,SE Marsh,HH Gibbs,KW Richardson,0,0,,,,,,,,,
571235,2012/13,2012-12-09,Western Australia Cricket Association Ground,1,1.1,Perth Scorchers,Adelaide Strikers,HH Gibbs,SE Marsh,NM Lyon,0,0,,,,,,,,,
571235,2012/13,2012-12-09,Western Australia Cricket Association Ground,1,1.2,Perth Scorchers,Adelaide Strikers,HH Gibbs,SE Marsh,NM Lyon,1,0,,,,,,,,,
571235,2012/13,2012-12-09,Western Australia Cricket Association Ground,1,1.3,Perth Scorchers,Adelaide Strikers,SE Marsh,HH Gibbs,NM Lyon,0,0,,,,,,,,,
571235,2012/13,2012-12-09,Western Australia Cricket Association Ground,1,1.4,Perth Scorchers,Adelaide Strikers,SE Marsh,HH Gibbs,NM Lyon,0,0,,,,,,,,,
571235,2012/13,2012-12-09,Western Australia Cricket Association Ground,1,1.5,Perth Scorchers,Adelaide Strikers,SE Marsh,HH Gibbs,NM Lyon,1,0,,,,,,,,,
571235,2012/13,2012-12-09,Western Australia Cricket Association Ground,1,1.6,Perth Scorchers,Adelaide Strikers,HH Gibbs,SE Marsh,NM Lyon,0,1,1,,,,,,,,
571235,2012/13,2012-12-09,Western Australia Cricket Association Ground,1,1.7,Perth Scorchers,Adelaide Strikers,HH Gibbs,SE Marsh,NM Lyon,1,0,,,,,,,,,
571235,2012/13,2012-12-09,Western Australia Cricket Association Ground,1,2.1,Perth Scorchers,Adelaide Strikers,HH Gibbs,SE Marsh,KW Richardson,0,0,,,,,,,,,
571235,2012/13,2012-12-09,Western Australia Cricket Association Ground,1,2.2,Perth Scorchers,Adelaide Strikers,HH Gibbs,SE Marsh,KW Richardson,0,2,2,,,,,,,,
571235,2012/13,2012-12-09,Western Australia Cricket Association Ground,1,2.3,Perth Scorchers,Adelaide Strikers,SE Marsh,HH Gibbs,KW Richardson,1,0,,,,,,,,,
571235,2012/13,2012-12-09,Western Australia Cricket Association Ground,1,2.4,Perth Scorchers,Adelaide Strikers,HH Gibbs,SE Marsh,KW Richardson,2,0,,,,,,,,,
571235,2012/13,2012-12-09,Western Australia Cricket Association Ground,1,2.5,Perth Scorchers,Adelaide Strikers,HH Gibbs,SE Marsh,KW Richardson,4,0,,,,,,,,,
571235,2012/13,2012-12-09,Western Australia Cricket Association Ground,1,2.6,Perth Scorchers,Adelaide Strikers,HH Gibbs,SE Marsh,KW Richardson,0,0,,,,,,,,,
571235,2012/13,2012-12-09,Western Australia Cricket Association Ground,1,2.7,Perth Scorchers,Adelaide Strikers,HH Gibbs,SE Marsh,KW Richardson,6,0,,,,,,,,,
571235,2012/13,2012-12-09,Western Australia Cricket Association Ground,1,3.1,Perth Scorchers,Adelaide Strikers,SE Marsh,HH Gibbs,NM Lyon,0,0,,,,,,,,,
571235,2012/13,2012-12-09,Western Australia Cricket Association Ground,1,3.2,Perth Scorchers,Adelaide Strikers,SE Marsh,HH Gibbs,NM Lyon,1,0,,,,,,,,,
571235,2012/13,2012-12-09,Western Australia Cricket Association Ground,1,3.3,Perth Scorchers,Adelaide Strikers,HH Gibbs,SE Marsh,NM Lyon,0,2,2,,,,,,,,
571235,2012/13,2012-12-09,Western Australia Cricket Association Ground,1,3.4,Perth Scorchers,Adelaide Strikers,SE Marsh,HH Gibbs,NM Lyon,3,0,,,,,,,,,
571235,2012/13,2012-12-09,Western Australia Cricket Association Ground,1,3.5,Perth Scorchers,Adelaide Strikers,HH Gibbs,SE Marsh,NM Lyon,0,0,,,,,,caught,HH Gibbs,,
571235,2012/13,2012-12-09,Western Australia Cricket Association Ground,1,3.6,Perth Scorchers,Adelaide Strikers,MEK Hussey,SE Marsh,NM Lyon,0,0,,,,,,,,,
571235,2012/13,2012-12-09,Western Australia Cricket Association Ground,1,3.7,Perth Scorchers,Adelaide Strikers,MEK Hussey,SE Marsh,NM Lyon,2,0,,,,,,,,,
571235,2012/13,2012-12-09,Western Australia Cricket Association Ground,1,4.1,Perth Scorchers,Adelaide Strikers,SE Marsh,MEK Hussey,Saeed Ajmal,4,0,,,,,,,,,
571235,2012/13,2012-12-09,Western Australia Cricket Association Ground,1,4.2,Perth Scorchers,Adelaide Strikers,SE Marsh,MEK Hussey,Saeed Ajmal,0,0,,,,,,,,,
571235,2012/13,2012-12-09,Western Australia Cricket Association Ground,1,4.3,Perth Scorchers,Adelaide Strikers,SE Marsh,MEK Hussey,Saeed Ajmal,0,0,,,,,,,,,
571235,2012/13,2012-12-09,Western Australia Cricket Association Ground,1,4.4,Perth Scorchers,Adelaide Strikers,SE Marsh,MEK Hussey,Saeed Ajmal,1,0,,,,,,,,,
571235,2012/13,2012-12-09,Western Australia Cricket Association Ground,1,4.5,Perth Scorchers,Adelaide Strikers,MEK Hussey,SE Marsh,Saeed Ajmal,1,0,,,,,,,,,
571235,2012/13,2012-12-09,Western Australia Cricket Association Ground,1,4.6,Perth Scorchers,Adelaide Strikers,SE Marsh,MEK Hussey,Saeed Ajmal,1,0,,,,,,,,,
571235,2012/13,2012-12-09,Western Australia Cricket Association Ground,1,5.1,Perth Scorchers,Adelaide Strikers,SE Marsh,MEK Hussey,J Botha,1,0,,,,,,,,,
571235,2012/13,2012-12-09,Western Australia Cricket Association Ground,1,5.2,Perth Scorchers,Adelaide Strikers,MEK Hussey,SE Marsh,J Botha,1,0,,,,,,,,,
571235,2012/13,2012-12-09,Western Australia Cricket Association Ground,1,5.3,Perth Scorchers,Adelaide Strikers,SE Marsh,MEK Hussey,J Botha,1,0,,,,,,,,,
571235,2012/13,2012-12-09,Western Australia Cricket Association Ground,1,5.4,Perth Scorchers,Adelaide Strikers,MEK Hussey,SE Marsh,J Botha,0,0,,,,,,,,,
571235,2012/13,2012-12-09,Western Australia Cricket Association Ground,1,5.5,Perth Scorchers,Adelaide Strikers,MEK Hussey,SE Marsh,J Botha,0,0,,,,,,,,,
571235,2012/13,2012-12-09,Western Australia Cricket Association Ground,1,5.6,Perth Scorchers,Adelaide Strikers,MEK Hussey,SE Marsh,J Botha,0,0,,,,,,,,,
571235,2012/13,2012-12-09,Western Australia Cricket Association Ground,1,6.1,Perth Scorchers,Adelaide Strikers,SE Marsh,MEK Hussey,GD Putland,1,0,,,,,,,,,
571235,2012/13,2012-12-09,Western Australia Cricket Association Ground,1,6.2,Perth Scorchers,Adelaide Strikers,MEK Hussey,SE Marsh,GD Putland,0,0,,,,,,,,,
571235,2012/13,2012-12-09,Western Australia Cricket Association Ground,1,6.3,Perth Scorchers,Adelaide Strikers,MEK Hussey,SE Marsh,GD Putland,0,0,,,,,,caught,MEK Hussey,,
571235,2012/13,2012-12-09,Western Australia Cricket Association Ground,1,6.4,Perth Scorchers,Adelaide Strikers,SE Marsh,AC Voges,GD Putland,0,0,,,,,,,,,
571235,2012/13,2012-12-09,Western Australia Cricket Association Ground,1,6.5,Perth Scorchers,Adelaide Strikers,SE Marsh,AC Voges,GD Putland,1,0,,,,,,,,,
571235,2012/13,2012-12-09,Western Australia Cricket Association Ground,1,6.6,Perth Scorchers,Adelaide Strikers,AC Voges,SE Marsh,GD Putland,1,0,,,,,,,,,
571235,2012/13,2012-12-09,Western Australia Cricket Association Ground,1,7.1,Perth Scorchers,Adelaide Strikers,AC Voges,SE Marsh,J Botha,1,0,,,,,,,,,
571235,2012/13,2012-12-09,Western Australia Cricket Association Ground,1,7.2,Perth Scorchers,Adelaide Strikers,SE Marsh,AC Voges,J Botha,0,0,,,,,,,,,
571235,2012/13,2012-12-09,Western Australia Cricket Association Ground,1,7.3,Perth Scorchers,Adelaide Strikers,SE Marsh,AC Voges,J Botha,1,0,,,,,,,,,
571235,2012/13,2012-12-09,Western Australia Cricket Association Ground,1,7.4,Perth Scorchers,Adelaide Strikers,AC Voges,SE Marsh,J Botha,1,0,,,,,,,,,
571235,2012/13,2012-12-09,Western Australia Cricket Association Ground,1,7.5,Perth Scorchers,Adelaide Strikers,SE Marsh,AC Voges,J Botha,1,0,,,,,,,,,
571235,2012/13,2012-12-09,Western Australia Cricket Association Ground,1,7.6,Perth Scorchers,Adelaide Strikers,AC Voges,SE Marsh,J Botha,1,0,,,,,,,,,
571235,2012/13,2012-12-09,Western Australia Cricket Association Ground,1,8.1,Perth Scorchers,Adelaide Strikers,AC Voges,SE Marsh,GD Putland,0,0,,,,,,,,,
571235,2012/13,2012-12-09,Western Australia Cricket Association Ground,1,8.2,Perth Scorchers,Adelaide Strikers,AC Voges,SE Marsh,GD Putland,4,0,,,,,,,,,
571235,2012/13,2012-12-09,Western Australia Cricket Association Ground,1,8.3,Perth Scorchers,Adelaide Strikers,AC Voges,SE Marsh,GD Putland,1,0,,,,,,,,,
571235,2012/13,2012-12-09,Western Australia Cricket Association Ground,1,8.4,Perth Scorchers,Adelaide Strikers,SE Marsh,AC Voges,GD Putland,6,0,,,,,,,,,
571235,2012/13,2012-12-09,Western Australia Cricket Association Ground,1,8.5,Perth Scorchers,Adelaide Strikers,SE Marsh,AC Voges,GD Putland,1,0,,,,,,,,,
571235,2012/13,2012-12-09,Western Australia Cricket Association Ground,1,8.6,Perth Scorchers,Adelaide Strikers,AC Voges,SE Marsh,GD Putland,1,0,,,,,,,,,
571235,2012/13,2012-12-09,Western Australia Cricket Association Ground,1,9.1,Perth Scorchers,Adelaide Strikers,AC Voges,SE Marsh,J Botha,1,0,,,,,,,,,
571235,2012/13,2012-12-09,Western Australia Cricket Association Ground,1,9.2,Perth Scorchers,Adelaide Strikers,SE Marsh,AC Voges,J Botha,0,0,,,,,,,,,
571235,2012/13,2012-12-09,Western Australia Cricket Association Ground,1,9.3,Perth Scorchers,Adelaide Strikers,SE Marsh,AC Voges,J Botha,1,0,,,,,,,,,
571235,2012/13,2012-12-09,Western Australia Cricket Association Ground,1,9.4,Perth Scorchers,Adelaide Strikers,AC Voges,SE Marsh,J Botha,0,0,,,,,,,,,
571235,2012/13,2012-12-09,Western Australia Cricket Association Ground,1,9.5,Perth Scorchers,Adelaide Strikers,AC Voges,SE Marsh,J Botha,2,0,,,,,,,,,
571235,2012/13,2012-12-09,Western Australia Cricket Association Ground,1,9.6,Perth Scorchers,Adelaide Strikers,AC Voges,SE Marsh,J Botha,3,0,,,,,,,,,
571235,2012/13,2012-12-09,Western Australia Cricket Association Ground,1,10.1,Perth Scorchers,Adelaide Strikers,AC Voges,SE Marsh,KW Richardson,1,0,,,,,,,,,
571235,2012/13,2012-12-09,Western Australia Cricket Association Ground,1,10.2,Perth Scorchers,Adelaide Strikers,SE Marsh,AC Voges,KW Richardson,1,0,,,,,,,,,
571235,2012/13,2012-12-09,Western Australia Cricket Association Ground,1,10.3,Perth Scorchers,Adelaide Strikers,AC Voges,SE Marsh,KW Richardson,1,0,,,,,,,,,
571235,2012/13,2012-12-09,Western Australia Cricket Association Ground,1,10.4,Perth Scorchers,Adelaide Strikers,SE Marsh,AC Voges,KW Richardson,2,0,,,,,,,,,
571235,2012/13,2012-12-09,Western Australia Cricket Association Ground,1,10.5,Perth Scorchers,Adelaide Strikers,SE Marsh,AC Voges,KW Richardson,6,0,,,,,,,,,
571235,2012/13,2012-12-09,Western Australia Cricket Association Ground,1,10.6,Perth Scorchers,Adelaide Strikers,SE Marsh,AC Voges,KW Richardson,4,0,,,,,,,,,
571235,2012/13,2012-12-09,Western Australia Cricket Association Ground,1,11.1,Perth Scorchers,Adelaide Strikers,AC Voges,SE Marsh,NM Lyon,0,0,,,,,,,,,
571235,2012/13,2012-12-09,Western Australia Cricket Association Ground,1,11.2,Perth Scorchers,Adelaide Strikers,AC Voges,SE Marsh,NM Lyon,0,0,,,,,,,,,
571235,2012/13,2012-12-09,Western Australia Cricket Association Ground,1,11.3,Perth Scorchers,Adelaide Strikers,AC Voges,SE Marsh,NM Lyon,1,0,,,,,,,,,
571235,2012/13,2012-12-09,Western Australia Cricket Association Ground,1,11.4,Perth Scorchers,Adelaide Strikers,SE Marsh,AC Voges,NM Lyon,4,0,,,,,,,,,
571235,2012/13,2012-12-09,Western Australia Cricket Association Ground,1,11.5,Perth Scorchers,Adelaide Strikers,SE Marsh,AC Voges,NM Lyon,1,0,,,,,,,,,
571235,2012/13,2012-12-09,Western Australia Cricket Association Ground,1,11.6,Perth Scorchers,Adelaide Strikers,AC Voges,SE Marsh,NM Lyon,4,0,,,,,,,,,
571235,2012/13,2012-12-09,Western Australia Cricket Association Ground,1,12.1,Perth Scorchers,Adelaide Strikers,SE Marsh,AC Voges,Saeed Ajmal,0,0,,,,,,,,,
571235,2012/13,2012-12-09,Western Australia Cricket Association Ground,1,12.2,Perth Scorchers,Adelaide Strikers,SE Marsh,AC Voges,Saeed Ajmal,1,0,,,,,,,,,
571235,2012/13,2012-12-09,Western Australia Cricket Association Ground,1,12.3,Perth Scorchers,Adelaide Strikers,AC Voges,SE Marsh,Saeed Ajmal,1,0,,,,,,,,,
571235,2012/13,2012-12-09,Western Australia Cricket Association Ground,1,12.4,Perth Scorchers,Adelaide Strikers,SE Marsh,AC Voges,Saeed Ajmal,1,0,,,,,,,,,
571235,2012/13,2012-12-09,Western Australia Cricket Association Ground,1,12.5,Perth Scorchers,Adelaide Strikers,AC Voges,SE Marsh,Saeed Ajmal,0,0,,,,,,,,,
571235,2012/13,2012-12-09,Western Australia Cricket Association Ground,1,12.6,Perth Scorchers,Adelaide Strikers,AC Voges,SE Marsh,Saeed Ajmal,1,0,,,,,,,,,
571235,2012/13,2012-12-09,Western Australia Cricket Association Ground,1,13.1,Perth Scorchers,Adelaide Strikers,AC Voges,SE Marsh,NM Lyon,0,0,,,,,,,,,
571235,2012/13,2012-12-09,Western Australia Cricket Association Ground,1,13.2,Perth Scorchers,Adelaide Strikers,AC Voges,SE Marsh,NM Lyon,4,0,,,,,,,,,
571235,2012/13,2012-12-09,Western Australia Cricket Association Ground,1,13.3,Perth Scorchers,Adelaide Strikers,AC Voges,SE Marsh,NM Lyon,4,0,,,,,,,,,
571235,2012/13,2012-12-09,Western Australia Cricket Association Ground,1,13.4,Perth Scorchers,Adelaide Strikers,AC Voges,SE Marsh,NM Lyon,1,0,,,,,,,,,
571235,2012/13,2012-12-09,Western Australia Cricket Association Ground,1,13.5,Perth Scorchers,Adelaide Strikers,SE Marsh,AC Voges,NM Lyon,1,0,,,,,,,,,
571235,2012/13,2012-12-09,Western Australia Cricket Association Ground,1,13.6,Perth Scorchers,Adelaide Strikers,AC Voges,SE Marsh,NM Lyon,1,0,,,,,,,,,
571235,2012/13,2012-12-09,Western Australia Cricket Association Ground,1,14.1,Perth Scorchers,Adelaide Strikers,AC Voges,SE Marsh,TP Doropoulos,2,0,,,,,,,,,
571235,2012/13,2012-12-09,Western Australia Cricket Association Ground,1,14.2,Perth Scorchers,Adelaide Strikers,AC Voges,SE Marsh,TP Doropoulos,1,0,,,,,,,,,
571235,2012/13,2012-12-09,Western Australia Cricket Association Ground,1,14.3,Perth Scorchers,Adelaide Strikers,SE Marsh,AC Voges,TP Doropoulos,1,0,,,,,,,,,
571235,2012/13,2012-12-09,Western Australia Cricket Association Ground,1,14.4,Perth Scorchers,Adelaide Strikers,AC Voges,SE Marsh,TP Doropoulos,1,0,,,,,,,,,
571235,2012/13,2012-12-09,Western Australia Cricket Association Ground,1,14.5,Perth Scorchers,Adelaide Strikers,SE Marsh,AC Voges,TP Doropoulos,0,1,1,,,,,,,,
571235,2012/13,2012-12-09,Western Australia Cricket Association Ground,1,14.6,Perth Scorchers,Adelaide Strikers,SE Marsh,AC Voges,TP Doropoulos,0,0,,,,,,,,,
571235,2012/13,2012-12-09,Western Australia Cricket Association Ground,1,14.7,Perth Scorchers,Adelaide Strikers,SE Marsh,AC Voges,TP Doropoulos,6,0,,,,,,,,,
571235,2012/13,2012-12-09,Western Australia Cricket Association Ground,1,15.1,Perth Scorchers,Adelaide Strikers,AC Voges,SE Marsh,J Botha,1,0,,,,,,,,,
571235,2012/13,2012-12-09,Western Australia Cricket Association Ground,1,15.2,Perth Scorchers,Adelaide Strikers,SE Marsh,AC Voges,J Botha,1,0,,,,,,,,,
571235,2012/13,2012-12-09,Western Australia Cricket Association Ground,1,15.3,Perth Scorchers,Adelaide Strikers,AC Voges,SE Marsh,J Botha,1,0,,,,,,,,,
571235,2012/13,2012-12-09,Western Australia Cricket Association Ground,1,15.4,Perth Scorchers,Adelaide Strikers,SE Marsh,AC Voges,J Botha,0,0,,,,,,caught,SE Marsh,,
571235,2012/13,2012-12-09,Western Australia Cricket Association Ground,1,15.5,Perth Scorchers,Adelaide Strikers,AC Voges,NM Coulter-Nile,J Botha,1,0,,,,,,,,,
571235,2012/13,2012-12-09,Western Australia Cricket Association Ground,1,15.6,Perth Scorchers,Adelaide Strikers,NM Coulter-Nile,AC Voges,J Botha,4,0,,,,,,,,,
571235,2012/13,2012-12-09,Western Australia Cricket Association Ground,1,16.1,Perth Scorchers,Adelaide Strikers,AC Voges,NM Coulter-Nile,GD Putland,1,0,,,,,,,,,
571235,2012/13,2012-12-09,Western Australia Cricket Association Ground,1,16.2,Perth Scorchers,Adelaide Strikers,NM Coulter-Nile,AC Voges,GD Putland,2,0,,,,,,,,,
571235,2012/13,2012-12-09,Western Australia Cricket Association Ground,1,16.3,Perth Scorchers,Adelaide Strikers,NM Coulter-Nile,AC Voges,GD Putland,2,0,,,,,,,,,
571235,2012/13,2012-12-09,Western Australia Cricket Association Ground,1,16.4,Perth Scorchers,Adelaide Strikers,NM Coulter-Nile,AC Voges,GD Putland,6,0,,,,,,,,,
571235,2012/13,2012-12-09,Western Australia Cricket Association Ground,1,16.5,Perth Scorchers,Adelaide Strikers,NM Coulter-Nile,AC Voges,GD Putland,0,0,,,,,,caught,NM Coulter-Nile,,
571235,2012/13,2012-12-09,Western Australia Cricket Association Ground,1,16.6,Perth Scorchers,Adelaide Strikers,SM Katich,AC Voges,GD Putland,0,0,,,,,,,,,
571235,2012/13,2012-12-09,Western Australia Cricket Association Ground,1,17.1,Perth Scorchers,Adelaide Strikers,AC Voges,SM Katich,Saeed Ajmal,2,0,,,,,,,,,
571235,2012/13,2012-12-09,Western Australia Cricket Association Ground,1,17.2,Perth Scorchers,Adelaide Strikers,AC Voges,SM Katich,Saeed Ajmal,1,0,,,,,,,,,
571235,2012/13,2012-12-09,Western Australia Cricket Association Ground,1,17.3,Perth Scorchers,Adelaide Strikers,SM Katich,AC Voges,Saeed Ajmal,0,0,,,,,,,,,
571235,2012/13,2012-12-09,Western Australia Cricket Association Ground,1,17.4,Perth Scorchers,Adelaide Strikers,SM Katich,AC Voges,Saeed Ajmal,2,0,,,,,,,,,
571235,2012/13,2012-12-09,Western Australia Cricket Association Ground,1,17.5,Perth Scorchers,Adelaide Strikers,SM Katich,AC Voges,Saeed Ajmal,2,0,,,,,,,,,
571235,2012/13,2012-12-09,Western Australia Cricket Association Ground,1,17.6,Perth Scorchers,Adelaide Strikers,SM Katich,AC Voges,Saeed Ajmal,0,0,,,,,,,,,
571235,2012/13,2012-12-09,Western Australia Cricket Association Ground,1,18.1,Perth Scorchers,Adelaide Strikers,AC Voges,SM Katich,GD Putland,1,0,,,,,,,,,
571235,2012/13,2012-12-09,Western Australia Cricket Association Ground,1,18.2,Perth Scorchers,Adelaide Strikers,SM Katich,AC Voges,GD Putland,1,0,,,,,,,,,
571235,2012/13,2012-12-09,Western Australia Cricket Association Ground,1,18.3,Perth Scorchers,Adelaide Strikers,AC Voges,SM Katich,GD Putland,1,0,,,,,,,,,
571235,2012/13,2012-12-09,Western Australia Cricket Association Ground,1,18.4,Perth Scorchers,Adelaide Strikers,SM Katich,AC Voges,GD Putland,1,0,,,,,,,,,
571235,2012/13,2012-12-09,Western Australia Cricket Association Ground,1,18.5,Perth Scorchers,Adelaide Strikers,AC Voges,SM Katich,GD Putland,4,0,,,,,,,,,
571235,2012/13,2012-12-09,Western Australia Cricket Association Ground,1,18.6,Perth Scorchers,Adelaide Strikers,AC Voges,SM Katich,GD Putland,4,0,,,,,,,,,
571235,2012/13,2012-12-09,Western Australia Cricket Association Ground,1,19.1,Perth Scorchers,Adelaide Strikers,SM Katich,AC Voges,Saeed Ajmal,0,0,,,,,,,,,
571235,2012/13,2012-12-09,Western Australia Cricket Association Ground,1,19.2,Perth Scorchers,Adelaide Strikers,SM Katich,AC Voges,Saeed Ajmal,1,0,,,,,,,,,
571235,2012/13,2012-12-09,Western Australia Cricket Association Ground,1,19.3,Perth Scorchers,Adelaide Strikers,AC Voges,SM Katich,Saeed Ajmal,1,0,,,,,,,,,
571235,2012/13,2012-12-09,Western Australia Cricket Association Ground,1,19.4,Perth Scorchers,Adelaide Strikers,SM Katich,AC Voges,Saeed Ajmal,1,0,,,,,,,,,
571235,2012/13,2012-12-09,Western Australia Cricket Association Ground,1,19.5,Perth Scorchers,Adelaide Strikers,AC Voges,SM Katich,Saeed Ajmal,1,0,,,,,,run out,AC Voges,,
571235,2012/13,2012-12-09,Western Australia Cricket Association Ground,1,19.6,Perth Scorchers,Adelaide Strikers,TIF Triffitt,SM Katich,Saeed Ajmal,0,0,,,,,,caught,TIF Triffitt,,
571235,2012/13,2012-12-09,Western Australia Cricket Association Ground,2,0.1,Adelaide Strikers,Perth Scorchers,M Klinger,PJ Hughes,MA Beer,1,0,,,,,,,,,
571235,2012/13,2012-12-09,Western Australia Cricket Association Ground,2,0.2,Adelaide Strikers,Perth Scorchers,PJ Hughes,M Klinger,MA Beer,0,0,,,,,,,,,
571235,2012/13,2012-12-09,Western Australia Cricket Association Ground,2,0.3,Adelaide Strikers,Perth Scorchers,PJ Hughes,M Klinger,MA Beer,1,0,,,,,,,,,
571235,2012/13,2012-12-09,Western Australia Cricket Association Ground,2,0.4,Adelaide Strikers,Perth Scorchers,M Klinger,PJ Hughes,MA Beer,0,0,,,,,,,,,
571235,2012/13,2012-12-09,Western Australia Cricket Association Ground,2,0.5,Adelaide Strikers,Perth Scorchers,M Klinger,PJ Hughes,MA Beer,4,0,,,,,,,,,
571235,2012/13,2012-12-09,Western Australia Cricket Association Ground,2,0.6,Adelaide Strikers,Perth Scorchers,M Klinger,PJ Hughes,MA Beer,0,0,,,,,,,,,
571235,2012/13,2012-12-09,Western Australia Cricket Association Ground,2,1.1,Adelaide Strikers,Perth Scorchers,PJ Hughes,M Klinger,BM Edmondson,0,0,,,,,,,,,
571235,2012/13,2012-12-09,Western Australia Cricket Association Ground,2,1.2,Adelaide Strikers,Perth Scorchers,PJ Hughes,M Klinger,BM Edmondson,4,0,,,,,,,,,
571235,2012/13,2012-12-09,Western Australia Cricket Association Ground,2,1.3,Adelaide Strikers,Perth Scorchers,PJ Hughes,M Klinger,BM Edmondson,0,0,,,,,,,,,
571235,2012/13,2012-12-09,Western Australia Cricket Association Ground,2,1.4,Adelaide Strikers,Perth Scorchers,PJ Hughes,M Klinger,BM Edmondson,0,0,,,,,,,,,
571235,2012/13,2012-12-09,Western Australia Cricket Association Ground,2,1.5,Adelaide Strikers,Perth Scorchers,PJ Hughes,M Klinger,BM Edmondson,2,0,,,,,,,,,
571235,2012/13,2012-12-09,Western Australia Cricket Association Ground,2,1.6,Adelaide Strikers,Perth Scorchers,PJ Hughes,M Klinger,BM Edmondson,0,0,,,,,,,,,
571235,2012/13,2012-12-09,Western Australia Cricket Association Ground,2,2.1,Adelaide Strikers,Perth Scorchers,M Klinger,PJ Hughes,NM Coulter-Nile,4,0,,,,,,,,,
571235,2012/13,2012-12-09,Western Australia Cricket Association Ground,2,2.2,Adelaide Strikers,Perth Scorchers,M Klinger,PJ Hughes,NM Coulter-Nile,0,0,,,,,,,,,
571235,2012/13,2012-12-09,Western Australia Cricket Association Ground,2,2.3,Adelaide Strikers,Perth Scorchers,M Klinger,PJ Hughes,NM Coulter-Nile,0,0,,,,,,,,,
571235,2012/13,2012-12-09,Western Australia Cricket Association Ground,2,2.4,Adelaide Strikers,Perth Scorchers,M Klinger,PJ Hughes,NM Coulter-Nile,1,0,,,,,,,,,
571235,2012/13,2012-12-09,Western Australia Cricket Association Ground,2,2.5,Adelaide Strikers,Perth Scorchers,PJ Hughes,M Klinger,NM Coulter-Nile,1,0,,,,,,,,,
571235,2012/13,2012-12-09,Western Australia Cricket Association Ground,2,2.6,Adelaide Strikers,Perth Scorchers,M Klinger,PJ Hughes,NM Coulter-Nile,0,0,,,,,,,,,
571235,2012/13,2012-12-09,Western Australia Cricket Association Ground,2,3.1,Adelaide Strikers,Perth Scorchers,PJ Hughes,M Klinger,JM Mennie,2,0,,,,,,,,,
571235,2012/13,2012-12-09,Western Australia Cricket Association Ground,2,3.2,Adelaide Strikers,Perth Scorchers,PJ Hughes,M Klinger,JM Mennie,0,0,,,,,,,,,
571235,2012/13,2012-12-09,Western Australia Cricket Association Ground,2,3.3,Adelaide Strikers,Perth Scorchers,PJ Hughes,M Klinger,JM Mennie,1,0,,,,,,,,,
571235,2012/13,2012-12-09,Western Australia Cricket Association Ground,2,3.4,Adelaide Strikers,Perth Scorchers,M Klinger,PJ Hughes,JM Mennie,2,0,,,,,,,,,
571235,2012/13,2012-12-09,Western Australia Cricket Association Ground,2,3.5,Adelaide Strikers,Perth Scorchers,M Klinger,PJ Hughes,JM Mennie,0,0,,,,,,,,,
571235,2012/13,2012-12-09,Western Australia Cricket Association Ground,2,3.6,Adelaide Strikers,Perth Scorchers,M Klinger,PJ Hughes,JM Mennie,1,0,,,,,,,,,
571235,2012/13,2012-12-09,Western Australia Cricket Association Ground,2,4.1,Adelaide Strikers,Perth Scorchers,M Klinger,PJ Hughes,NM Coulter-Nile,4,0,,,,,,,,,
571235,2012/13,2012-12-09,Western Australia Cricket Association Ground,2,4.2,Adelaide Strikers,Perth Scorchers,M Klinger,PJ Hughes,NM Coulter-Nile,1,0,,,,,,,,,
571235,2012/13,2012-12-09,Western Australia Cricket Association Ground,2,4.3,Adelaide Strikers,Perth Scorchers,PJ Hughes,M Klinger,NM Coulter-Nile,4,0,,,,,,,,,
571235,2012/13,2012-12-09,Western Australia Cricket Association Ground,2,4.4,Adelaide Strikers,Perth Scorchers,PJ Hughes,M Klinger,NM Coulter-Nile,4,0,,,,,,,,,
571235,2012/13,2012-12-09,Western Australia Cricket Association Ground,2,4.5,Adelaide Strikers,Perth Scorchers,PJ Hughes,M Klinger,NM Coulter-Nile,1,0,,,,,,,,,
571235,2012/13,2012-12-09,Western Australia Cricket Association Ground,2,4.6,Adelaide Strikers,Perth Scorchers,M Klinger,PJ Hughes,NM Coulter-Nile,1,0,,,,,,,,,
571235,2012/13,2012-12-09,Western Australia Cricket Association Ground,2,5.1,Adelaide Strikers,Perth Scorchers,M Klinger,PJ Hughes,JM Mennie,0,0,,,,,,caught,M Klinger,,
571235,2012/13,2012-12-09,Western Australia Cricket Association Ground,2,5.2,Adelaide Strikers,Perth Scorchers,CJ Ferguson,PJ Hughes,JM Mennie,4,0,,,,,,,,,
571235,2012/13,2012-12-09,Western Australia Cricket Association Ground,2,5.3,Adelaide Strikers,Perth Scorchers,CJ Ferguson,PJ Hughes,JM Mennie,0,0,,,,,,,,,
571235,2012/13,2012-12-09,Western Australia Cricket Association Ground,2,5.4,Adelaide Strikers,Perth Scorchers,CJ Ferguson,PJ Hughes,JM Mennie,0,0,,,,,,,,,
571235,2012/13,2012-12-09,Western Australia Cricket Association Ground,2,5.5,Adelaide Strikers,Perth Scorchers,CJ Ferguson,PJ Hughes,JM Mennie,0,0,,,,,,,,,
571235,2012/13,2012-12-09,Western Australia Cricket Association Ground,2,5.6,Adelaide Strikers,Perth Scorchers,CJ Ferguson,PJ Hughes,JM Mennie,0,0,,,,,,,,,
571235,2012/13,2012-12-09,Western Australia Cricket Association Ground,2,6.1,Adelaide Strikers,Perth Scorchers,PJ Hughes,CJ Ferguson,MA Beer,1,0,,,,,,,,,
571235,2012/13,2012-12-09,Western Australia Cricket Association Ground,2,6.2,Adelaide Strikers,Perth Scorchers,CJ Ferguson,PJ Hughes,MA Beer,1,0,,,,,,,,,
571235,2012/13,2012-12-09,Western Australia Cricket Association Ground,2,6.3,Adelaide Strikers,Perth Scorchers,PJ Hughes,CJ Ferguson,MA Beer,1,0,,,,,,,,,
571235,2012/13,2012-12-09,Western Australia Cricket Association Ground,2,6.4,Adelaide Strikers,Perth Scorchers,CJ Ferguson,PJ Hughes,MA Beer,0,0,,,,,,,,,
571235,2012/13,2012-12-09,Western Australia Cricket Association Ground,2,6.5,Adelaide Strikers,Perth Scorchers,CJ Ferguson,PJ Hughes,MA Beer,1,0,,,,,,,,,
571235,2012/13,2012-12-09,Western Australia Cricket Association Ground,2,6.6,Adelaide Strikers,Perth Scorchers,PJ Hughes,CJ Ferguson,MA Beer,1,0,,,,,,,,,
571235,2012/13,2012-12-09,Western Australia Cricket Association Ground,2,7.1,Adelaide Strikers,Perth Scorchers,PJ Hughes,CJ Ferguson,GB Hogg,4,0,,,,,,,,,
571235,2012/13,2012-12-09,Western Australia Cricket Association Ground,2,7.2,Adelaide Strikers,Perth Scorchers,PJ Hughes,CJ Ferguson,GB Hogg,0,0,,,,,,,,,
571235,2012/13,2012-12-09,Western Australia Cricket Association Ground,2,7.3,Adelaide Strikers,Perth Scorchers,PJ Hughes,CJ Ferguson,GB Hogg,4,0,,,,,,,,,
571235,2012/13,2012-12-09,Western Australia Cricket Association Ground,2,7.4,Adelaide Strikers,Perth Scorchers,PJ Hughes,CJ Ferguson,GB Hogg,1,0,,,,,,,,,
571235,2012/13,2012-12-09,Western Australia Cricket Association Ground,2,7.5,Adelaide Strikers,Perth Scorchers,CJ Ferguson,PJ Hughes,GB Hogg,1,0,,,,,,,,,
571235,2012/13,2012-12-09,Western Australia Cricket Association Ground,2,7.6,Adelaide Strikers,Perth Scorchers,PJ Hughes,CJ Ferguson,GB Hogg,0,0,,,,,,,,,
571235,2012/13,2012-12-09,Western Australia Cricket Association Ground,2,8.1,Adelaide Strikers,Perth Scorchers,CJ Ferguson,PJ Hughes,BM Edmondson,0,0,,,,,,,,,
571235,2012/13,2012-12-09,Western Australia Cricket Association Ground,2,8.2,Adelaide Strikers,Perth Scorchers,CJ Ferguson,PJ Hughes,BM Edmondson,1,0,,,,,,,,,
571235,2012/13,2012-12-09,Western Australia Cricket Association Ground,2,8.3,Adelaide Strikers,Perth Scorchers,PJ Hughes,CJ Ferguson,BM Edmondson,4,0,,,,,,,,,
571235,2012/13,2012-12-09,Western Australia Cricket Association Ground,2,8.4,Adelaide Strikers,Perth Scorchers,PJ Hughes,CJ Ferguson,BM Edmondson,1,0,,,,,,,,,
571235,2012/13,2012-12-09,Western Australia Cricket Association Ground,2,8.5,Adelaide Strikers,Perth Scorchers,CJ Ferguson,PJ Hughes,BM Edmondson,0,0,,,,,,caught,CJ Ferguson,,
571235,2012/13,2012-12-09,Western Australia Cricket Association Ground,2,8.6,Adelaide Strikers,Perth Scorchers,NJ Reardon,PJ Hughes,BM Edmondson,0,0,,,,,,,,,
571235,2012/13,2012-12-09,Western Australia Cricket Association Ground,2,9.1,Adelaide Strikers,Perth Scorchers,PJ Hughes,NJ Reardon,GB Hogg,2,0,,,,,,,,,
571235,2012/13,2012-12-09,Western Australia Cricket Association Ground,2,9.2,Adelaide Strikers,Perth Scorchers,PJ Hughes,NJ Reardon,GB Hogg,4,0,,,,,,,,,
571235,2012/13,2012-12-09,Western Australia Cricket Association Ground,2,9.3,Adelaide Strikers,Perth Scorchers,PJ Hughes,NJ Reardon,GB Hogg,1,0,,,,,,,,,
571235,2012/13,2012-12-09,Western Australia Cricket Association Ground,2,9.4,Adelaide Strikers,Perth Scorchers,NJ Reardon,PJ Hughes,GB Hogg,1,0,,,,,,,,,
571235,2012/13,2012-12-09,Western Australia Cricket Association Ground,2,9.5,Adelaide Strikers,Perth Scorchers,PJ Hughes,NJ Reardon,GB Hogg,0,0,,,,,,,,,
571235,2012/13,2012-12-09,Western Australia Cricket Association Ground,2,9.6,Adelaide Strikers,Perth Scorchers,PJ Hughes,NJ Reardon,GB Hogg,1,0,,,,,,,,,
571235,2012/13,2012-12-09,Western Australia Cricket Association Ground,2,10.1,Adelaide Strikers,Perth Scorchers,PJ Hughes,NJ Reardon,MA Beer,1,0,,,,,,,,,
571235,2012/13,2012-12-09,Western Australia Cricket Association Ground,2,10.2,Adelaide Strikers,Perth Scorchers,NJ Reardon,PJ Hughes,MA Beer,2,0,,,,,,,,,
571235,2012/13,2012-12-09,Western Australia Cricket Association Ground,2,10.3,Adelaide Strikers,Perth Scorchers,NJ Reardon,PJ Hughes,MA Beer,2,0,,,,,,,,,
571235,2012/13,2012-12-09,Western Australia Cricket Association Ground,2,10.4,Adelaide Strikers,Perth Scorchers,NJ Reardon,PJ Hughes,MA Beer,1,0,,,,,,,,,
571235,2012/13,2012-12-09,Western Australia Cricket Association Ground,2,10.5,Adelaide Strikers,Perth Scorchers,PJ Hughes,NJ Reardon,MA Beer,0,0,,,,,,,,,
571235,2012/13,2012-12-09,Western Australia Cricket Association Ground,2,10.6,Adelaide Strikers,Perth Scorchers,PJ Hughes,NJ Reardon,MA Beer,1,0,,,,,,,,,
571235,2012/13,2012-12-09,Western Australia Cricket Association Ground,2,11.1,Adelaide Strikers,Perth Scorchers,PJ Hughes,NJ Reardon,GB Hogg,2,0,,,,,,,,,
571235,2012/13,2012-12-09,Western Australia Cricket Association Ground,2,11.2,Adelaide Strikers,Perth Scorchers,PJ Hughes,NJ Reardon,GB Hogg,6,0,,,,,,,,,
571235,2012/13,2012-12-09,Western Australia Cricket Association Ground,2,11.3,Adelaide Strikers,Perth Scorchers,PJ Hughes,NJ Reardon,GB Hogg,0,0,,,,,,,,,
571235,2012/13,2012-12-09,Western Australia Cricket Association Ground,2,11.4,Adelaide Strikers,Perth Scorchers,PJ Hughes,NJ Reardon,GB Hogg,1,0,,,,,,,,,
571235,2012/13,2012-12-09,Western Australia Cricket Association Ground,2,11.5,Adelaide Strikers,Perth Scorchers,NJ Reardon,PJ Hughes,GB Hogg,1,0,,,,,,,,,
571235,2012/13,2012-12-09,Western Australia Cricket Association Ground,2,11.6,Adelaide Strikers,Perth Scorchers,PJ Hughes,NJ Reardon,GB Hogg,1,0,,,,,,,,,
571235,2012/13,2012-12-09,Western Australia Cricket Association Ground,2,12.1,Adelaide Strikers,Perth Scorchers,PJ Hughes,NJ Reardon,MA Beer,4,0,,,,,,,,,
571235,2012/13,2012-12-09,Western Australia Cricket Association Ground,2,12.2,Adelaide Strikers,Perth Scorchers,PJ Hughes,NJ Reardon,MA Beer,4,0,,,,,,,,,
571235,2012/13,2012-12-09,Western Australia Cricket Association Ground,2,12.3,Adelaide Strikers,Perth Scorchers,PJ Hughes,NJ Reardon,MA Beer,1,0,,,,,,,,,
571235,2012/13,2012-12-09,Western Australia Cricket Association Ground,2,12.4,Adelaide Strikers,Perth Scorchers,NJ Reardon,PJ Hughes,MA Beer,0,0,,,,,,,,,
571235,2012/13,2012-12-09,Western Australia Cricket Association Ground,2,12.5,Adelaide Strikers,Perth Scorchers,NJ Reardon,PJ Hughes,MA Beer,1,0,,,,,,,,,
571235,2012/13,2012-12-09,Western Australia Cricket Association Ground,2,12.6,Adelaide Strikers,Perth Scorchers,PJ Hughes,NJ Reardon,MA Beer,1,0,,,,,,,,,
571235,2012/13,2012-12-09,Western Australia Cricket Association Ground,2,13.1,Adelaide Strikers,Perth Scorchers,PJ Hughes,NJ Reardon,JM Mennie,1,0,,,,,,,,,
571235,2012/13,2012-12-09,Western Australia Cricket Association Ground,2,13.2,Adelaide Strikers,Perth Scorchers,NJ Reardon,PJ Hughes,JM Mennie,1,0,,,,,,,,,
571235,2012/13,2012-12-09,Western Australia Cricket Association Ground,2,13.3,Adelaide Strikers,Perth Scorchers,PJ Hughes,NJ Reardon,JM Mennie,2,0,,,,,,,,,
571235,2012/13,2012-12-09,Western Australia Cricket Association Ground,2,13.4,Adelaide Strikers,Perth Scorchers,PJ Hughes,NJ Reardon,JM Mennie,1,0,,,,,,,,,
571235,2012/13,2012-12-09,Western Australia Cricket Association Ground,2,13.5,Adelaide Strikers,Perth Scorchers,NJ Reardon,PJ Hughes,JM Mennie,1,0,,,,,,,,,
571235,2012/13,2012-12-09,Western Australia Cricket Association Ground,2,13.6,Adelaide Strikers,Perth Scorchers,PJ Hughes,NJ Reardon,JM Mennie,1,0,,,,,,,,,
571235,2012/13,2012-12-09,Western Australia Cricket Association Ground,2,14.1,Adelaide Strikers,Perth Scorchers,PJ Hughes,NJ Reardon,GB Hogg,2,0,,,,,,,,,
571235,2012/13,2012-12-09,Western Australia Cricket Association Ground,2,14.2,Adelaide Strikers,Perth Scorchers,PJ Hughes,NJ Reardon,GB Hogg,0,0,,,,,,caught,PJ Hughes,,
571235,2012/13,2012-12-09,Western Australia Cricket Association Ground,2,14.3,Adelaide Strikers,Perth Scorchers,NJ Reardon,TP Doropoulos,GB Hogg,0,0,,,,,,,,,
571235,2012/13,2012-12-09,Western Australia Cricket Association Ground,2,14.4,Adelaide Strikers,Perth Scorchers,NJ Reardon,TP Doropoulos,GB Hogg,1,0,,,,,,,,,
571235,2012/13,2012-12-09,Western Australia Cricket Association Ground,2,14.5,Adelaide Strikers,Perth Scorchers,TP Doropoulos,NJ Reardon,GB Hogg,0,0,,,,,,,,,
571235,2012/13,2012-12-09,Western Australia Cricket Association Ground,2,14.6,Adelaide Strikers,Perth Scorchers,TP Doropoulos,NJ Reardon,GB Hogg,0,0,,,,,,,,,
571235,2012/13,2012-12-09,Western Australia Cricket Association Ground,2,15.1,Adelaide Strikers,Perth Scorchers,NJ Reardon,TP Doropoulos,JM Mennie,0,1,,,,1,,,,,
571235,2012/13,2012-12-09,Western Australia Cricket Association Ground,2,15.2,Adelaide Strikers,Perth Scorchers,TP Doropoulos,NJ Reardon,JM Mennie,1,0,,,,,,,,,
571235,2012/13,2012-12-09,Western Australia Cricket Association Ground,2,15.3,Adelaide Strikers,Perth Scorchers,NJ Reardon,TP Doropoulos,JM Mennie,6,0,,,,,,,,,
571235,2012/13,2012-12-09,Western Australia Cricket Association Ground,2,15.4,Adelaide Strikers,Perth Scorchers,NJ Reardon,TP Doropoulos,JM Mennie,2,0,,,,,,,,,
571235,2012/13,2012-12-09,Western Australia Cricket Association Ground,2,15.5,Adelaide Strikers,Perth Scorchers,NJ Reardon,TP Doropoulos,JM Mennie,0,1,,1,,,,,,,
571235,2012/13,2012-12-09,Western Australia Cricket Association Ground,2,15.6,Adelaide Strikers,Perth Scorchers,NJ Reardon,TP Doropoulos,JM Mennie,1,0,,,,,,,,,
571235,2012/13,2012-12-09,Western Australia Cricket Association Ground,2,15.7,Adelaide Strikers,Perth Scorchers,TP Doropoulos,NJ Reardon,JM Mennie,1,0,,,,,,,,,
571235,2012/13,2012-12-09,Western Australia Cricket Association Ground,2,16.1,Adelaide Strikers,Perth Scorchers,TP Doropoulos,NJ Reardon,NM Coulter-Nile,1,0,,,,,,,,,
571235,2012/13,2012-12-09,Western Australia Cricket Association Ground,2,16.2,Adelaide Strikers,Perth Scorchers,NJ Reardon,TP Doropoulos,NM Coulter-Nile,0,0,,,,,,,,,
571235,2012/13,2012-12-09,Western Australia Cricket Association Ground,2,16.3,Adelaide Strikers,Perth Scorchers,NJ Reardon,TP Doropoulos,NM Coulter-Nile,1,0,,,,,,,,,
571235,2012/13,2012-12-09,Western Australia Cricket Association Ground,2,16.4,Adelaide Strikers,Perth Scorchers,TP Doropoulos,NJ Reardon,NM Coulter-Nile,1,0,,,,,,,,,
571235,2012/13,2012-12-09,Western Australia Cricket Association Ground,2,16.5,Adelaide Strikers,Perth Scorchers,NJ Reardon,TP Doropoulos,NM Coulter-Nile,6,0,,,,,,,,,
571235,2012/13,2012-12-09,Western Australia Cricket Association Ground,2,16.6,Adelaide Strikers,Perth Scorchers,NJ Reardon,TP Doropoulos,NM Coulter-Nile,0,1,,,,1,,,,,
571235,2012/13,2012-12-09,Western Australia Cricket Association Ground,2,17.1,Adelaide Strikers,Perth Scorchers,NJ Reardon,TP Doropoulos,BM Edmondson,4,0,,,,,,,,,
571235,2012/13,2012-12-09,Western Australia Cricket Association Ground,2,17.2,Adelaide Strikers,Perth Scorchers,NJ Reardon,TP Doropoulos,BM Edmondson,6,0,,,,,,,,,
571235,2012/13,2012-12-09,Western Australia Cricket Association Ground,2,17.3,Adelaide Strikers,Perth Scorchers,NJ Reardon,TP Doropoulos,BM Edmondson,4,0,,,,,,,,,
571235,2012/13,2012-12-09,Western Australia Cricket Association Ground,2,17.4,Adelaide Strikers,Perth Scorchers,NJ Reardon,TP Doropoulos,BM Edmondson,1,0,,,,,,,,,
571235,2012/13,2012-12-09,Western Australia Cricket Association Ground,2,17.5,Adelaide Strikers,Perth Scorchers,TP Doropoulos,NJ Reardon,BM Edmondson,4,0,,,,,,,,,
571235,2012/13,2012-12-09,Western Australia Cricket Association Ground,2,17.6,Adelaide Strikers,Perth Scorchers,TP Doropoulos,NJ Reardon,BM Edmondson,0,0,,,,,,,,,
571235,2012/13,2012-12-09,Western Australia Cricket Association Ground,2,18.1,Adelaide Strikers,Perth Scorchers,NJ Reardon,TP Doropoulos,NM Coulter-Nile,0,0,,,,,,caught and bowled,NJ Reardon,,
571235,2012/13,2012-12-09,Western Australia Cricket Association Ground,2,18.2,Adelaide Strikers,Perth Scorchers,J Botha,TP Doropoulos,NM Coulter-Nile,1,0,,,,,,,,,
571235,2012/13,2012-12-09,Western Australia Cricket Association Ground,2,18.3,Adelaide Strikers,Perth Scorchers,TP Doropoulos,J Botha,NM Coulter-Nile,0,1,,,1,,,,,,
571235,2012/13,2012-12-09,Western Australia Cricket Association Ground,2,18.4,Adelaide Strikers,Perth Scorchers,J Botha,TP Doropoulos,NM Coulter-Nile,2,0,,,,,,,,,
571235,2012/13,2012-12-09,Western Australia Cricket Association Ground,2,18.5,Adelaide Strikers,Perth Scorchers,J Botha,TP Doropoulos,NM Coulter-Nile,2,0,,,,,,,,,
571235,2012/13,2012-12-09,Western Australia Cricket Association Ground,2,18.6,Adelaide Strikers,Perth Scorchers,J Botha,TP Doropoulos,NM Coulter-Nile,0,0,,,,,,,,,
571235,2012/13,2012-12-09,Western Australia Cricket Association Ground,2,19.1,Adelaide Strikers,Perth Scorchers,TP Doropoulos,J Botha,BM Edmondson,0,0,,,,,,,,,
571235,2012/13,2012-12-09,Western Australia Cricket Association Ground,2,19.2,Adelaide Strikers,Perth Scorchers,TP Doropoulos,J Botha,BM Edmondson,4,0,,,,,,,,,
