match_id,season,start_date,venue,innings,ball,batting_team,bowling_team,striker,non_striker,bowler,runs_off_bat,extras,wides,noballs,byes,legbyes,penalty,wicket_type,player_dismissed,other_wicket_type,other_player_dismissed
571241,2012/13,2012-12-18,"Brisbane Cricket Ground, Woolloongabba",1,0.1,Brisbane Heat,Perth Scorchers,JR Hopes,LA Pomersbach,AC Thomas,1,0,,,,,,,,,
571241,2012/13,2012-12-18,"Brisbane Cricket Ground, Woolloongabba",1,0.2,Brisbane Heat,Perth Scorchers,LA Pomersbach,JR Hopes,AC Thomas,0,0,,,,,,,,,
571241,2012/13,2012-12-18,"Brisbane Cricket Ground, Woolloongabba",1,0.3,Brisbane Heat,Perth Scorchers,LA Pomersbach,JR Hopes,AC Thomas,0,0,,,,,,caught,LA Pomersbach,,
571241,2012/13,2012-12-18,"Brisbane Cricket Ground, Woolloongabba",1,0.4,Brisbane Heat,Perth Scorchers,JR Hopes,JA Burns,AC Thomas,0,0,,,,,,,,,
571241,2012/13,2012-12-18,"Brisbane Cricket Ground, Woolloongabba",1,0.5,Brisbane Heat,Perth Scorchers,JR Hopes,JA Burns,AC Thomas,4,0,,,,,,,,,
571241,2012/13,2012-12-18,"Brisbane Cricket Ground, Woolloongabba",1,0.6,Brisbane Heat,Perth Scorchers,JR Hopes,JA Burns,AC Thomas,0,0,,,,,,caught,JR Hopes,,
571241,2012/13,2012-12-18,"Brisbane Cricket Ground, Woolloongabba",1,1.1,Brisbane Heat,Perth Scorchers,JA Burns,DT Christian,MA Beer,4,0,,,,,,,,,
571241,2012/13,2012-12-18,"Brisbane Cricket Ground, Woolloongabba",1,1.2,Brisbane Heat,Perth Scorchers,JA Burns,DT Christian,MA Beer,4,0,,,,,,,,,
571241,2012/13,2012-12-18,"Brisbane Cricket Ground, Woolloongabba",1,1.3,Brisbane Heat,Perth Scorchers,JA Burns,DT Christian,MA Beer,0,0,,,,,,,,,
571241,2012/13,2012-12-18,"Brisbane Cricket Ground, Woolloongabba",1,1.4,Brisbane Heat,Perth Scorchers,JA Burns,DT Christian,MA Beer,0,0,,,,,,,,,
571241,2012/13,2012-12-18,"Brisbane Cricket Ground, Woolloongabba",1,1.5,Brisbane Heat,Perth Scorchers,JA Burns,DT Christian,MA Beer,2,0,,,,,,,,,
571241,2012/13,2012-12-18,"Brisbane Cricket Ground, Woolloongabba",1,1.6,Brisbane Heat,Perth Scorchers,JA Burns,DT Christian,MA Beer,0,0,,,,,,,,,
571241,2012/13,2012-12-18,"Brisbane Cricket Ground, Woolloongabba",1,2.1,Brisbane Heat,Perth Scorchers,DT Christian,JA Burns,AC Thomas,0,0,,,,,,,,,
571241,2012/13,2012-12-18,"Brisbane Cricket Ground, Woolloongabba",1,2.2,Brisbane Heat,Perth Scorchers,DT Christian,JA Burns,AC Thomas,0,0,,,,,,,,,
571241,2012/13,2012-12-18,"Brisbane Cricket Ground, Woolloongabba",1,2.3,Brisbane Heat,Perth Scorchers,DT Christian,JA Burns,AC Thomas,0,0,,,,,,,,,
571241,2012/13,2012-12-18,"Brisbane Cricket Ground, Woolloongabba",1,2.4,Brisbane Heat,Perth Scorchers,DT Christian,JA Burns,AC Thomas,4,0,,,,,,,,,
571241,2012/13,2012-12-18,"Brisbane Cricket Ground, Woolloongabba",1,2.5,Brisbane Heat,Perth Scorchers,DT Christian,JA Burns,AC Thomas,0,0,,,,,,,,,
571241,2012/13,2012-12-18,"Brisbane Cricket Ground, Woolloongabba",1,2.6,Brisbane Heat,Perth Scorchers,DT Christian,JA Burns,AC Thomas,0,0,,,,,,,,,
571241,2012/13,2012-12-18,"Brisbane Cricket Ground, Woolloongabba",1,3.1,Brisbane Heat,Perth Scorchers,JA Burns,DT Christian,MA Beer,0,0,,,,,,,,,
571241,2012/13,2012-12-18,"Brisbane Cricket Ground, Woolloongabba",1,3.2,Brisbane Heat,Perth Scorchers,JA Burns,DT Christian,MA Beer,0,0,,,,,,,,,
571241,2012/13,2012-12-18,"Brisbane Cricket Ground, Woolloongabba",1,3.3,Brisbane Heat,Perth Scorchers,JA Burns,DT Christian,MA Beer,0,0,,,,,,caught,JA Burns,,
571241,2012/13,2012-12-18,"Brisbane Cricket Ground, Woolloongabba",1,3.4,Brisbane Heat,Perth Scorchers,DT Christian,CA Lynn,MA Beer,0,0,,,,,,,,,
571241,2012/13,2012-12-18,"Brisbane Cricket Ground, Woolloongabba",1,3.5,Brisbane Heat,Perth Scorchers,DT Christian,CA Lynn,MA Beer,0,0,,,,,,,,,
571241,2012/13,2012-12-18,"Brisbane Cricket Ground, Woolloongabba",1,3.6,Brisbane Heat,Perth Scorchers,DT Christian,CA Lynn,MA Beer,1,0,,,,,,,,,
571241,2012/13,2012-12-18,"Brisbane Cricket Ground, Woolloongabba",1,4.1,Brisbane Heat,Perth Scorchers,DT Christian,CA Lynn,NM Coulter-Nile,1,0,,,,,,,,,
571241,2012/13,2012-12-18,"Brisbane Cricket Ground, Woolloongabba",1,4.2,Brisbane Heat,Perth Scorchers,CA Lynn,DT Christian,NM Coulter-Nile,2,0,,,,,,,,,
571241,2012/13,2012-12-18,"Brisbane Cricket Ground, Woolloongabba",1,4.3,Brisbane Heat,Perth Scorchers,CA Lynn,DT Christian,NM Coulter-Nile,0,0,,,,,,,,,
571241,2012/13,2012-12-18,"Brisbane Cricket Ground, Woolloongabba",1,4.4,Brisbane Heat,Perth Scorchers,CA Lynn,DT Christian,NM Coulter-Nile,0,0,,,,,,,,,
571241,2012/13,2012-12-18,"Brisbane Cricket Ground, Woolloongabba",1,4.5,Brisbane Heat,Perth Scorchers,CA Lynn,DT Christian,NM Coulter-Nile,0,1,,,,1,,,,,
571241,2012/13,2012-12-18,"Brisbane Cricket Ground, Woolloongabba",1,4.6,Brisbane Heat,Perth Scorchers,DT Christian,CA Lynn,NM Coulter-Nile,4,0,,,,,,,,,
571241,2012/13,2012-12-18,"Brisbane Cricket Ground, Woolloongabba",1,5.1,Brisbane Heat,Perth Scorchers,CA Lynn,DT Christian,MA Beer,0,0,,,,,,,,,
571241,2012/13,2012-12-18,"Brisbane Cricket Ground, Woolloongabba",1,5.2,Brisbane Heat,Perth Scorchers,CA Lynn,DT Christian,MA Beer,0,0,,,,,,,,,
571241,2012/13,2012-12-18,"Brisbane Cricket Ground, Woolloongabba",1,5.3,Brisbane Heat,Perth Scorchers,CA Lynn,DT Christian,MA Beer,1,0,,,,,,,,,
571241,2012/13,2012-12-18,"Brisbane Cricket Ground, Woolloongabba",1,5.4,Brisbane Heat,Perth Scorchers,DT Christian,CA Lynn,MA Beer,0,0,,,,,,,,,
571241,2012/13,2012-12-18,"Brisbane Cricket Ground, Woolloongabba",1,5.5,Brisbane Heat,Perth Scorchers,DT Christian,CA Lynn,MA Beer,0,0,,,,,,,,,
571241,2012/13,2012-12-18,"Brisbane Cricket Ground, Woolloongabba",1,5.6,Brisbane Heat,Perth Scorchers,DT Christian,CA Lynn,MA Beer,0,0,,,,,,,,,
571241,2012/13,2012-12-18,"Brisbane Cricket Ground, Woolloongabba",1,6.1,Brisbane Heat,Perth Scorchers,CA Lynn,DT Christian,NM Coulter-Nile,6,0,,,,,,,,,
571241,2012/13,2012-12-18,"Brisbane Cricket Ground, Woolloongabba",1,6.2,Brisbane Heat,Perth Scorchers,CA Lynn,DT Christian,NM Coulter-Nile,4,0,,,,,,,,,
571241,2012/13,2012-12-18,"Brisbane Cricket Ground, Woolloongabba",1,6.3,Brisbane Heat,Perth Scorchers,CA Lynn,DT Christian,NM Coulter-Nile,4,0,,,,,,,,,
571241,2012/13,2012-12-18,"Brisbane Cricket Ground, Woolloongabba",1,6.4,Brisbane Heat,Perth Scorchers,CA Lynn,DT Christian,NM Coulter-Nile,0,0,,,,,,,,,
571241,2012/13,2012-12-18,"Brisbane Cricket Ground, Woolloongabba",1,6.5,Brisbane Heat,Perth Scorchers,CA Lynn,DT Christian,NM Coulter-Nile,0,0,,,,,,,,,
571241,2012/13,2012-12-18,"Brisbane Cricket Ground, Woolloongabba",1,6.6,Brisbane Heat,Perth Scorchers,CA Lynn,DT Christian,NM Coulter-Nile,2,0,,,,,,,,,
571241,2012/13,2012-12-18,"Brisbane Cricket Ground, Woolloongabba",1,7.1,Brisbane Heat,Perth Scorchers,DT Christian,CA Lynn,GB Hogg,1,0,,,,,,,,,
571241,2012/13,2012-12-18,"Brisbane Cricket Ground, Woolloongabba",1,7.2,Brisbane Heat,Perth Scorchers,CA Lynn,DT Christian,GB Hogg,2,0,,,,,,,,,
571241,2012/13,2012-12-18,"Brisbane Cricket Ground, Woolloongabba",1,7.3,Brisbane Heat,Perth Scorchers,CA Lynn,DT Christian,GB Hogg,1,0,,,,,,,,,
571241,2012/13,2012-12-18,"Brisbane Cricket Ground, Woolloongabba",1,7.4,Brisbane Heat,Perth Scorchers,DT Christian,CA Lynn,GB Hogg,0,0,,,,,,,,,
571241,2012/13,2012-12-18,"Brisbane Cricket Ground, Woolloongabba",1,7.5,Brisbane Heat,Perth Scorchers,DT Christian,CA Lynn,GB Hogg,1,0,,,,,,,,,
571241,2012/13,2012-12-18,"Brisbane Cricket Ground, Woolloongabba",1,7.6,Brisbane Heat,Perth Scorchers,CA Lynn,DT Christian,GB Hogg,0,0,,,,,,,,,
571241,2012/13,2012-12-18,"Brisbane Cricket Ground, Woolloongabba",1,8.1,Brisbane Heat,Perth Scorchers,DT Christian,CA Lynn,HWR Cartwright,4,0,,,,,,,,,
571241,2012/13,2012-12-18,"Brisbane Cricket Ground, Woolloongabba",1,8.2,Brisbane Heat,Perth Scorchers,DT Christian,CA Lynn,HWR Cartwright,1,0,,,,,,,,,
571241,2012/13,2012-12-18,"Brisbane Cricket Ground, Woolloongabba",1,8.3,Brisbane Heat,Perth Scorchers,CA Lynn,DT Christian,HWR Cartwright,2,0,,,,,,,,,
571241,2012/13,2012-12-18,"Brisbane Cricket Ground, Woolloongabba",1,8.4,Brisbane Heat,Perth Scorchers,CA Lynn,DT Christian,HWR Cartwright,0,1,1,,,,,,,,
571241,2012/13,2012-12-18,"Brisbane Cricket Ground, Woolloongabba",1,8.5,Brisbane Heat,Perth Scorchers,CA Lynn,DT Christian,HWR Cartwright,6,0,,,,,,,,,
571241,2012/13,2012-12-18,"Brisbane Cricket Ground, Woolloongabba",1,8.6,Brisbane Heat,Perth Scorchers,CA Lynn,DT Christian,HWR Cartwright,4,0,,,,,,,,,
571241,2012/13,2012-12-18,"Brisbane Cricket Ground, Woolloongabba",1,8.7,Brisbane Heat,Perth Scorchers,CA Lynn,DT Christian,HWR Cartwright,0,0,,,,,,,,,
571241,2012/13,2012-12-18,"Brisbane Cricket Ground, Woolloongabba",1,9.1,Brisbane Heat,Perth Scorchers,DT Christian,CA Lynn,GB Hogg,2,0,,,,,,,,,
571241,2012/13,2012-12-18,"Brisbane Cricket Ground, Woolloongabba",1,9.2,Brisbane Heat,Perth Scorchers,DT Christian,CA Lynn,GB Hogg,2,0,,,,,,,,,
571241,2012/13,2012-12-18,"Brisbane Cricket Ground, Woolloongabba",1,9.3,Brisbane Heat,Perth Scorchers,DT Christian,CA Lynn,GB Hogg,1,0,,,,,,,,,
571241,2012/13,2012-12-18,"Brisbane Cricket Ground, Woolloongabba",1,9.4,Brisbane Heat,Perth Scorchers,CA Lynn,DT Christian,GB Hogg,1,0,,,,,,,,,
571241,2012/13,2012-12-18,"Brisbane Cricket Ground, Woolloongabba",1,9.5,Brisbane Heat,Perth Scorchers,DT Christian,CA Lynn,GB Hogg,6,0,,,,,,,,,
571241,2012/13,2012-12-18,"Brisbane Cricket Ground, Woolloongabba",1,9.6,Brisbane Heat,Perth Scorchers,DT Christian,CA Lynn,GB Hogg,1,0,,,,,,,,,
571241,2012/13,2012-12-18,"Brisbane Cricket Ground, Woolloongabba",1,10.1,Brisbane Heat,Perth Scorchers,DT Christian,CA Lynn,NM Coulter-Nile,0,0,,,,,,,,,
571241,2012/13,2012-12-18,"Brisbane Cricket Ground, Woolloongabba",1,10.2,Brisbane Heat,Perth Scorchers,DT Christian,CA Lynn,NM Coulter-Nile,1,0,,,,,,,,,
571241,2012/13,2012-12-18,"Brisbane Cricket Ground, Woolloongabba",1,10.3,Brisbane Heat,Perth Scorchers,CA Lynn,DT Christian,NM Coulter-Nile,6,0,,,,,,,,,
571241,2012/13,2012-12-18,"Brisbane Cricket Ground, Woolloongabba",1,10.4,Brisbane Heat,Perth Scorchers,CA Lynn,DT Christian,NM Coulter-Nile,4,0,,,,,,,,,
571241,2012/13,2012-12-18,"Brisbane Cricket Ground, Woolloongabba",1,10.5,Brisbane Heat,Perth Scorchers,CA Lynn,DT Christian,NM Coulter-Nile,1,0,,,,,,,,,
571241,2012/13,2012-12-18,"Brisbane Cricket Ground, Woolloongabba",1,10.6,Brisbane Heat,Perth Scorchers,DT Christian,CA Lynn,NM Coulter-Nile,4,0,,,,,,,,,
571241,2012/13,2012-12-18,"Brisbane Cricket Ground, Woolloongabba",1,11.1,Brisbane Heat,Perth Scorchers,CA Lynn,DT Christian,MA Beer,1,0,,,,,,,,,
571241,2012/13,2012-12-18,"Brisbane Cricket Ground, Woolloongabba",1,11.2,Brisbane Heat,Perth Scorchers,DT Christian,CA Lynn,MA Beer,0,1,,,,1,,,,,
571241,2012/13,2012-12-18,"Brisbane Cricket Ground, Woolloongabba",1,11.3,Brisbane Heat,Perth Scorchers,CA Lynn,DT Christian,MA Beer,0,0,,,,,,,,,
571241,2012/13,2012-12-18,"Brisbane Cricket Ground, Woolloongabba",1,11.4,Brisbane Heat,Perth Scorchers,CA Lynn,DT Christian,MA Beer,4,0,,,,,,,,,
571241,2012/13,2012-12-18,"Brisbane Cricket Ground, Woolloongabba",1,11.5,Brisbane Heat,Perth Scorchers,CA Lynn,DT Christian,MA Beer,0,0,,,,,,,,,
571241,2012/13,2012-12-18,"Brisbane Cricket Ground, Woolloongabba",1,11.6,Brisbane Heat,Perth Scorchers,CA Lynn,DT Christian,MA Beer,0,0,,,,,,caught,CA Lynn,,
571241,2012/13,2012-12-18,"Brisbane Cricket Ground, Woolloongabba",1,12.1,Brisbane Heat,Perth Scorchers,DT Christian,PJ Forrest,AC Thomas,1,0,,,,,,,,,
571241,2012/13,2012-12-18,"Brisbane Cricket Ground, Woolloongabba",1,12.2,Brisbane Heat,Perth Scorchers,PJ Forrest,DT Christian,AC Thomas,1,0,,,,,,,,,
571241,2012/13,2012-12-18,"Brisbane Cricket Ground, Woolloongabba",1,12.3,Brisbane Heat,Perth Scorchers,DT Christian,PJ Forrest,AC Thomas,1,0,,,,,,,,,
571241,2012/13,2012-12-18,"Brisbane Cricket Ground, Woolloongabba",1,12.4,Brisbane Heat,Perth Scorchers,PJ Forrest,DT Christian,AC Thomas,1,0,,,,,,,,,
571241,2012/13,2012-12-18,"Brisbane Cricket Ground, Woolloongabba",1,12.5,Brisbane Heat,Perth Scorchers,DT Christian,PJ Forrest,AC Thomas,1,0,,,,,,,,,
571241,2012/13,2012-12-18,"Brisbane Cricket Ground, Woolloongabba",1,12.6,Brisbane Heat,Perth Scorchers,PJ Forrest,DT Christian,AC Thomas,1,0,,,,,,,,,
571241,2012/13,2012-12-18,"Brisbane Cricket Ground, Woolloongabba",1,13.1,Brisbane Heat,Perth Scorchers,PJ Forrest,DT Christian,HWR Cartwright,0,0,,,,,,,,,
571241,2012/13,2012-12-18,"Brisbane Cricket Ground, Woolloongabba",2,0.1,Perth Scorchers,Brisbane Heat,SE Marsh,HH Gibbs,KAJ Roach,1,0,,,,,,,,,
571241,2012/13,2012-12-18,"Brisbane Cricket Ground, Woolloongabba",2,0.2,Perth Scorchers,Brisbane Heat,HH Gibbs,SE Marsh,KAJ Roach,0,0,,,,,,,,,
571241,2012/13,2012-12-18,"Brisbane Cricket Ground, Woolloongabba",2,0.3,Perth Scorchers,Brisbane Heat,HH Gibbs,SE Marsh,KAJ Roach,0,0,,,,,,,,,
571241,2012/13,2012-12-18,"Brisbane Cricket Ground, Woolloongabba",2,0.4,Perth Scorchers,Brisbane Heat,HH Gibbs,SE Marsh,KAJ Roach,0,0,,,,,,,,,
571241,2012/13,2012-12-18,"Brisbane Cricket Ground, Woolloongabba",2,0.5,Perth Scorchers,Brisbane Heat,HH Gibbs,SE Marsh,KAJ Roach,4,0,,,,,,,,,
571241,2012/13,2012-12-18,"Brisbane Cricket Ground, Woolloongabba",2,0.6,Perth Scorchers,Brisbane Heat,HH Gibbs,SE Marsh,KAJ Roach,0,0,,,,,,,,,
571241,2012/13,2012-12-18,"Brisbane Cricket Ground, Woolloongabba",2,1.1,Perth Scorchers,Brisbane Heat,SE Marsh,HH Gibbs,BCJ Cutting,1,0,,,,,,,,,
571241,2012/13,2012-12-18,"Brisbane Cricket Ground, Woolloongabba",2,1.2,Perth Scorchers,Brisbane Heat,HH Gibbs,SE Marsh,BCJ Cutting,4,0,,,,,,,,,
571241,2012/13,2012-12-18,"Brisbane Cricket Ground, Woolloongabba",2,1.3,Perth Scorchers,Brisbane Heat,HH Gibbs,SE Marsh,BCJ Cutting,1,0,,,,,,,,,
571241,2012/13,2012-12-18,"Brisbane Cricket Ground, Woolloongabba",2,1.4,Perth Scorchers,Brisbane Heat,SE Marsh,HH Gibbs,BCJ Cutting,4,0,,,,,,,,,
571241,2012/13,2012-12-18,"Brisbane Cricket Ground, Woolloongabba",2,1.5,Perth Scorchers,Brisbane Heat,SE Marsh,HH Gibbs,BCJ Cutting,1,0,,,,,,,,,
571241,2012/13,2012-12-18,"Brisbane Cricket Ground, Woolloongabba",2,1.6,Perth Scorchers,Brisbane Heat,HH Gibbs,SE Marsh,BCJ Cutting,0,0,,,,,,,,,
571241,2012/13,2012-12-18,"Brisbane Cricket Ground, Woolloongabba",2,2.1,Perth Scorchers,Brisbane Heat,SE Marsh,HH Gibbs,JR Hopes,1,0,,,,,,,,,
571241,2012/13,2012-12-18,"Brisbane Cricket Ground, Woolloongabba",2,2.2,Perth Scorchers,Brisbane Heat,HH Gibbs,SE Marsh,JR Hopes,0,0,,,,,,caught,HH Gibbs,,
571241,2012/13,2012-12-18,"Brisbane Cricket Ground, Woolloongabba",2,2.3,Perth Scorchers,Brisbane Heat,SE Marsh,NM Coulter-Nile,JR Hopes,1,0,,,,,,,,,
571241,2012/13,2012-12-18,"Brisbane Cricket Ground, Woolloongabba",2,2.4,Perth Scorchers,Brisbane Heat,NM Coulter-Nile,SE Marsh,JR Hopes,2,0,,,,,,,,,
571241,2012/13,2012-12-18,"Brisbane Cricket Ground, Woolloongabba",2,2.5,Perth Scorchers,Brisbane Heat,NM Coulter-Nile,SE Marsh,JR Hopes,1,0,,,,,,,,,
571241,2012/13,2012-12-18,"Brisbane Cricket Ground, Woolloongabba",2,2.6,Perth Scorchers,Brisbane Heat,SE Marsh,NM Coulter-Nile,JR Hopes,1,0,,,,,,,,,
571241,2012/13,2012-12-18,"Brisbane Cricket Ground, Woolloongabba",2,3.1,Perth Scorchers,Brisbane Heat,SE Marsh,NM Coulter-Nile,DT Christian,0,0,,,,,,,,,
571241,2012/13,2012-12-18,"Brisbane Cricket Ground, Woolloongabba",2,3.2,Perth Scorchers,Brisbane Heat,SE Marsh,NM Coulter-Nile,DT Christian,1,0,,,,,,,,,
571241,2012/13,2012-12-18,"Brisbane Cricket Ground, Woolloongabba",2,3.3,Perth Scorchers,Brisbane Heat,NM Coulter-Nile,SE Marsh,DT Christian,4,0,,,,,,,,,
571241,2012/13,2012-12-18,"Brisbane Cricket Ground, Woolloongabba",2,3.4,Perth Scorchers,Brisbane Heat,NM Coulter-Nile,SE Marsh,DT Christian,6,0,,,,,,,,,
571241,2012/13,2012-12-18,"Brisbane Cricket Ground, Woolloongabba",2,3.5,Perth Scorchers,Brisbane Heat,NM Coulter-Nile,SE Marsh,DT Christian,4,0,,,,,,,,,
571241,2012/13,2012-12-18,"Brisbane Cricket Ground, Woolloongabba",2,3.6,Perth Scorchers,Brisbane Heat,NM Coulter-Nile,SE Marsh,DT Christian,6,0,,,,,,,,,
571241,2012/13,2012-12-18,"Brisbane Cricket Ground, Woolloongabba",2,4.1,Perth Scorchers,Brisbane Heat,SE Marsh,NM Coulter-Nile,NLTC Perera,2,0,,,,,,,,,
571241,2012/13,2012-12-18,"Brisbane Cricket Ground, Woolloongabba",2,4.2,Perth Scorchers,Brisbane Heat,SE Marsh,NM Coulter-Nile,NLTC Perera,6,0,,,,,,,,,
