match_id,season,start_date,venue,innings,ball,batting_team,bowling_team,striker,non_striker,bowler,runs_off_bat,extras,wides,noballs,byes,legbyes,penalty,wicket_type,player_dismissed,other_wicket_type,other_player_dismissed
756735,2014/15,2014-12-18,Adelaide Oval,1,0.1,Melbourne Stars,Adelaide Strikers,CL White,LJ Wright,KW Richardson,0,0,,,,,,,,,
756735,2014/15,2014-12-18,Adelaide Oval,1,0.2,Melbourne Stars,Adelaide Strikers,CL White,LJ Wright,KW Richardson,0,0,,,,,,,,,
756735,2014/15,2014-12-18,Adelaide Oval,1,0.3,Melbourne Stars,Adelaide Strikers,CL White,LJ Wright,KW Richardson,1,0,,,,,,,,,
756735,2014/15,2014-12-18,Adelaide Oval,1,0.4,Melbourne Stars,Adelaide Strikers,LJ Wright,CL White,KW Richardson,4,0,,,,,,,,,
756735,2014/15,2014-12-18,Adelaide Oval,1,0.5,Melbourne Stars,Adelaide Strikers,LJ Wright,CL White,KW Richardson,0,0,,,,,,,,,
756735,2014/15,2014-12-18,Adelaide Oval,1,0.6,Melbourne Stars,Adelaide Strikers,LJ Wright,CL White,KW Richardson,1,0,,,,,,,,,
756735,2014/15,2014-12-18,Adelaide Oval,1,1.1,Melbourne Stars,Adelaide Strikers,LJ Wright,CL White,KA Pollard,0,0,,,,,,,,,
756735,2014/15,2014-12-18,Adelaide Oval,1,1.2,Melbourne Stars,Adelaide Strikers,LJ Wright,CL White,KA Pollard,0,0,,,,,,,,,
756735,2014/15,2014-12-18,Adelaide Oval,1,1.3,Melbourne Stars,Adelaide Strikers,LJ Wright,CL White,KA Pollard,4,0,,,,,,,,,
756735,2014/15,2014-12-18,Adelaide Oval,1,1.4,Melbourne Stars,Adelaide Strikers,LJ Wright,CL White,KA Pollard,2,0,,,,,,,,,
756735,2014/15,2014-12-18,Adelaide Oval,1,1.5,Melbourne Stars,Adelaide Strikers,LJ Wright,CL White,KA Pollard,0,0,,,,,,,,,
756735,2014/15,2014-12-18,Adelaide Oval,1,1.6,Melbourne Stars,Adelaide Strikers,LJ Wright,CL White,KA Pollard,1,0,,,,,,,,,
756735,2014/15,2014-12-18,Adelaide Oval,1,2.1,Melbourne Stars,Adelaide Strikers,LJ Wright,CL White,KW Richardson,4,0,,,,,,,,,
756735,2014/15,2014-12-18,Adelaide Oval,1,2.2,Melbourne Stars,Adelaide Strikers,LJ Wright,CL White,KW Richardson,0,0,,,,,,,,,
756735,2014/15,2014-12-18,Adelaide Oval,1,2.3,Melbourne Stars,Adelaide Strikers,LJ Wright,CL White,KW Richardson,0,0,,,,,,,,,
756735,2014/15,2014-12-18,Adelaide Oval,1,2.4,Melbourne Stars,Adelaide Strikers,LJ Wright,CL White,KW Richardson,4,0,,,,,,,,,
756735,2014/15,2014-12-18,Adelaide Oval,1,2.5,Melbourne Stars,Adelaide Strikers,LJ Wright,CL White,KW Richardson,0,0,,,,,,,,,
756735,2014/15,2014-12-18,Adelaide Oval,1,2.6,Melbourne Stars,Adelaide Strikers,LJ Wright,CL White,KW Richardson,0,0,,,,,,,,,
756735,2014/15,2014-12-18,Adelaide Oval,1,3.1,Melbourne Stars,Adelaide Strikers,CL White,LJ Wright,CJ Simmons,0,0,,,,,,,,,
756735,2014/15,2014-12-18,Adelaide Oval,1,3.2,Melbourne Stars,Adelaide Strikers,CL White,LJ Wright,CJ Simmons,4,0,,,,,,,,,
756735,2014/15,2014-12-18,Adelaide Oval,1,3.3,Melbourne Stars,Adelaide Strikers,CL White,LJ Wright,CJ Simmons,0,0,,,,,,,,,
756735,2014/15,2014-12-18,Adelaide Oval,1,3.4,Melbourne Stars,Adelaide Strikers,CL White,LJ Wright,CJ Simmons,0,0,,,,,,,,,
756735,2014/15,2014-12-18,Adelaide Oval,1,3.5,Melbourne Stars,Adelaide Strikers,CL White,LJ Wright,CJ Simmons,0,0,,,,,,,,,
756735,2014/15,2014-12-18,Adelaide Oval,1,3.6,Melbourne Stars,Adelaide Strikers,CL White,LJ Wright,CJ Simmons,1,0,,,,,,,,,
756735,2014/15,2014-12-18,Adelaide Oval,1,4.1,Melbourne Stars,Adelaide Strikers,CL White,LJ Wright,B Laughlin,0,0,,,,,,caught,CL White,,
756735,2014/15,2014-12-18,Adelaide Oval,1,4.2,Melbourne Stars,Adelaide Strikers,LJ Wright,KP Pietersen,B Laughlin,0,0,,,,,,,,,
756735,2014/15,2014-12-18,Adelaide Oval,1,4.3,Melbourne Stars,Adelaide Strikers,LJ Wright,KP Pietersen,B Laughlin,1,0,,,,,,,,,
756735,2014/15,2014-12-18,Adelaide Oval,1,4.4,Melbourne Stars,Adelaide Strikers,KP Pietersen,LJ Wright,B Laughlin,1,0,,,,,,,,,
756735,2014/15,2014-12-18,Adelaide Oval,1,4.5,Melbourne Stars,Adelaide Strikers,LJ Wright,KP Pietersen,B Laughlin,1,0,,,,,,,,,
756735,2014/15,2014-12-18,Adelaide Oval,1,4.6,Melbourne Stars,Adelaide Strikers,KP Pietersen,LJ Wright,B Laughlin,6,0,,,,,,,,,
756735,2014/15,2014-12-18,Adelaide Oval,1,5.1,Melbourne Stars,Adelaide Strikers,LJ Wright,KP Pietersen,CJ Simmons,0,0,,,,,,,,,
756735,2014/15,2014-12-18,Adelaide Oval,1,5.2,Melbourne Stars,Adelaide Strikers,LJ Wright,KP Pietersen,CJ Simmons,1,0,,,,,,,,,
756735,2014/15,2014-12-18,Adelaide Oval,1,5.3,Melbourne Stars,Adelaide Strikers,KP Pietersen,LJ Wright,CJ Simmons,1,0,,,,,,,,,
756735,2014/15,2014-12-18,Adelaide Oval,1,5.4,Melbourne Stars,Adelaide Strikers,LJ Wright,KP Pietersen,CJ Simmons,1,0,,,,,,,,,
756735,2014/15,2014-12-18,Adelaide Oval,1,5.5,Melbourne Stars,Adelaide Strikers,KP Pietersen,LJ Wright,CJ Simmons,0,1,1,,,,,,,,
756735,2014/15,2014-12-18,Adelaide Oval,1,5.6,Melbourne Stars,Adelaide Strikers,KP Pietersen,LJ Wright,CJ Simmons,1,0,,,,,,,,,
756735,2014/15,2014-12-18,Adelaide Oval,1,5.7,Melbourne Stars,Adelaide Strikers,LJ Wright,KP Pietersen,CJ Simmons,4,0,,,,,,,,,
756735,2014/15,2014-12-18,Adelaide Oval,1,6.1,Melbourne Stars,Adelaide Strikers,KP Pietersen,LJ Wright,SW Tait,0,0,,,,,,,,,
756735,2014/15,2014-12-18,Adelaide Oval,1,6.2,Melbourne Stars,Adelaide Strikers,KP Pietersen,LJ Wright,SW Tait,1,0,,,,,,,,,
756735,2014/15,2014-12-18,Adelaide Oval,1,6.3,Melbourne Stars,Adelaide Strikers,LJ Wright,KP Pietersen,SW Tait,0,0,,,,,,,,,
756735,2014/15,2014-12-18,Adelaide Oval,1,6.4,Melbourne Stars,Adelaide Strikers,LJ Wright,KP Pietersen,SW Tait,1,0,,,,,,,,,
756735,2014/15,2014-12-18,Adelaide Oval,1,6.5,Melbourne Stars,Adelaide Strikers,KP Pietersen,LJ Wright,SW Tait,1,0,,,,,,,,,
756735,2014/15,2014-12-18,Adelaide Oval,1,6.6,Melbourne Stars,Adelaide Strikers,LJ Wright,KP Pietersen,SW Tait,4,0,,,,,,,,,
756735,2014/15,2014-12-18,Adelaide Oval,1,7.1,Melbourne Stars,Adelaide Strikers,KP Pietersen,LJ Wright,J Botha,0,0,,,,,,,,,
756735,2014/15,2014-12-18,Adelaide Oval,1,7.2,Melbourne Stars,Adelaide Strikers,KP Pietersen,LJ Wright,J Botha,1,0,,,,,,,,,
756735,2014/15,2014-12-18,Adelaide Oval,1,7.3,Melbourne Stars,Adelaide Strikers,LJ Wright,KP Pietersen,J Botha,1,0,,,,,,,,,
756735,2014/15,2014-12-18,Adelaide Oval,1,7.4,Melbourne Stars,Adelaide Strikers,KP Pietersen,LJ Wright,J Botha,0,0,,,,,,,,,
756735,2014/15,2014-12-18,Adelaide Oval,1,7.5,Melbourne Stars,Adelaide Strikers,KP Pietersen,LJ Wright,J Botha,0,0,,,,,,,,,
756735,2014/15,2014-12-18,Adelaide Oval,1,7.6,Melbourne Stars,Adelaide Strikers,KP Pietersen,LJ Wright,J Botha,1,0,,,,,,,,,
756735,2014/15,2014-12-18,Adelaide Oval,1,8.1,Melbourne Stars,Adelaide Strikers,KP Pietersen,LJ Wright,SW Tait,0,0,,,,,,,,,
756735,2014/15,2014-12-18,Adelaide Oval,1,8.2,Melbourne Stars,Adelaide Strikers,KP Pietersen,LJ Wright,SW Tait,1,0,,,,,,,,,
756735,2014/15,2014-12-18,Adelaide Oval,1,8.3,Melbourne Stars,Adelaide Strikers,LJ Wright,KP Pietersen,SW Tait,4,0,,,,,,,,,
756735,2014/15,2014-12-18,Adelaide Oval,1,8.4,Melbourne Stars,Adelaide Strikers,LJ Wright,KP Pietersen,SW Tait,1,0,,,,,,,,,
756735,2014/15,2014-12-18,Adelaide Oval,1,8.5,Melbourne Stars,Adelaide Strikers,KP Pietersen,LJ Wright,SW Tait,0,1,1,,,,,,,,
756735,2014/15,2014-12-18,Adelaide Oval,1,8.6,Melbourne Stars,Adelaide Strikers,KP Pietersen,LJ Wright,SW Tait,0,1,,,,1,,,,,
756735,2014/15,2014-12-18,Adelaide Oval,1,8.7,Melbourne Stars,Adelaide Strikers,LJ Wright,KP Pietersen,SW Tait,1,0,,,,,,,,,
756735,2014/15,2014-12-18,Adelaide Oval,1,9.1,Melbourne Stars,Adelaide Strikers,LJ Wright,KP Pietersen,A Zampa,0,0,,,,,,,,,
756735,2014/15,2014-12-18,Adelaide Oval,1,9.2,Melbourne Stars,Adelaide Strikers,LJ Wright,KP Pietersen,A Zampa,1,0,,,,,,,,,
756735,2014/15,2014-12-18,Adelaide Oval,1,9.3,Melbourne Stars,Adelaide Strikers,KP Pietersen,LJ Wright,A Zampa,0,0,,,,,,,,,
756735,2014/15,2014-12-18,Adelaide Oval,1,9.4,Melbourne Stars,Adelaide Strikers,KP Pietersen,LJ Wright,A Zampa,1,0,,,,,,,,,
756735,2014/15,2014-12-18,Adelaide Oval,1,9.5,Melbourne Stars,Adelaide Strikers,LJ Wright,KP Pietersen,A Zampa,0,0,,,,,,,,,
756735,2014/15,2014-12-18,Adelaide Oval,1,9.6,Melbourne Stars,Adelaide Strikers,LJ Wright,KP Pietersen,A Zampa,2,0,,,,,,,,,
756735,2014/15,2014-12-18,Adelaide Oval,1,10.1,Melbourne Stars,Adelaide Strikers,KP Pietersen,LJ Wright,KA Pollard,1,0,,,,,,,,,
756735,2014/15,2014-12-18,Adelaide Oval,1,10.2,Melbourne Stars,Adelaide Strikers,LJ Wright,KP Pietersen,KA Pollard,1,0,,,,,,,,,
756735,2014/15,2014-12-18,Adelaide Oval,1,10.3,Melbourne Stars,Adelaide Strikers,KP Pietersen,LJ Wright,KA Pollard,1,0,,,,,,,,,
756735,2014/15,2014-12-18,Adelaide Oval,1,10.4,Melbourne Stars,Adelaide Strikers,LJ Wright,KP Pietersen,KA Pollard,1,0,,,,,,,,,
756735,2014/15,2014-12-18,Adelaide Oval,1,10.5,Melbourne Stars,Adelaide Strikers,KP Pietersen,LJ Wright,KA Pollard,6,0,,,,,,,,,
756735,2014/15,2014-12-18,Adelaide Oval,1,10.6,Melbourne Stars,Adelaide Strikers,KP Pietersen,LJ Wright,KA Pollard,6,0,,,,,,,,,
756735,2014/15,2014-12-18,Adelaide Oval,1,11.1,Melbourne Stars,Adelaide Strikers,LJ Wright,KP Pietersen,J Botha,0,0,,,,,,,,,
756735,2014/15,2014-12-18,Adelaide Oval,1,11.2,Melbourne Stars,Adelaide Strikers,LJ Wright,KP Pietersen,J Botha,0,0,,,,,,caught,LJ Wright,,
756735,2014/15,2014-12-18,Adelaide Oval,1,11.3,Melbourne Stars,Adelaide Strikers,KP Pietersen,GJ Maxwell,J Botha,3,0,,,,,,,,,
756735,2014/15,2014-12-18,Adelaide Oval,1,11.4,Melbourne Stars,Adelaide Strikers,GJ Maxwell,KP Pietersen,J Botha,4,0,,,,,,,,,
756735,2014/15,2014-12-18,Adelaide Oval,1,11.5,Melbourne Stars,Adelaide Strikers,GJ Maxwell,KP Pietersen,J Botha,1,0,,,,,,,,,
756735,2014/15,2014-12-18,Adelaide Oval,1,11.6,Melbourne Stars,Adelaide Strikers,KP Pietersen,GJ Maxwell,J Botha,0,0,,,,,,,,,
756735,2014/15,2014-12-18,Adelaide Oval,1,12.1,Melbourne Stars,Adelaide Strikers,GJ Maxwell,KP Pietersen,SW Tait,1,0,,,,,,,,,
756735,2014/15,2014-12-18,Adelaide Oval,1,12.2,Melbourne Stars,Adelaide Strikers,KP Pietersen,GJ Maxwell,SW Tait,2,0,,,,,,,,,
756735,2014/15,2014-12-18,Adelaide Oval,1,12.3,Melbourne Stars,Adelaide Strikers,KP Pietersen,GJ Maxwell,SW Tait,0,0,,,,,,,,,
756735,2014/15,2014-12-18,Adelaide Oval,1,12.4,Melbourne Stars,Adelaide Strikers,KP Pietersen,GJ Maxwell,SW Tait,4,0,,,,,,,,,
756735,2014/15,2014-12-18,Adelaide Oval,1,12.5,Melbourne Stars,Adelaide Strikers,KP Pietersen,GJ Maxwell,SW Tait,1,0,,,,,,,,,
756735,2014/15,2014-12-18,Adelaide Oval,1,12.6,Melbourne Stars,Adelaide Strikers,GJ Maxwell,KP Pietersen,SW Tait,1,0,,,,,,,,,
756735,2014/15,2014-12-18,Adelaide Oval,1,13.1,Melbourne Stars,Adelaide Strikers,GJ Maxwell,KP Pietersen,A Zampa,0,0,,,,,,,,,
756735,2014/15,2014-12-18,Adelaide Oval,1,13.2,Melbourne Stars,Adelaide Strikers,GJ Maxwell,KP Pietersen,A Zampa,0,0,,,,,,,,,
756735,2014/15,2014-12-18,Adelaide Oval,1,13.3,Melbourne Stars,Adelaide Strikers,GJ Maxwell,KP Pietersen,A Zampa,0,0,,,,,,,,,
756735,2014/15,2014-12-18,Adelaide Oval,1,13.4,Melbourne Stars,Adelaide Strikers,GJ Maxwell,KP Pietersen,A Zampa,0,0,,,,,,caught,GJ Maxwell,,
756735,2014/15,2014-12-18,Adelaide Oval,1,13.5,Melbourne Stars,Adelaide Strikers,DJ Hussey,KP Pietersen,A Zampa,1,0,,,,,,,,,
756735,2014/15,2014-12-18,Adelaide Oval,1,13.6,Melbourne Stars,Adelaide Strikers,KP Pietersen,DJ Hussey,A Zampa,1,0,,,,,,,,,
756735,2014/15,2014-12-18,Adelaide Oval,1,14.1,Melbourne Stars,Adelaide Strikers,KP Pietersen,DJ Hussey,B Laughlin,0,0,,,,,,,,,
756735,2014/15,2014-12-18,Adelaide Oval,1,14.2,Melbourne Stars,Adelaide Strikers,KP Pietersen,DJ Hussey,B Laughlin,0,0,,,,,,,,,
756735,2014/15,2014-12-18,Adelaide Oval,1,14.3,Melbourne Stars,Adelaide Strikers,KP Pietersen,DJ Hussey,B Laughlin,1,0,,,,,,,,,
756735,2014/15,2014-12-18,Adelaide Oval,1,14.4,Melbourne Stars,Adelaide Strikers,DJ Hussey,KP Pietersen,B Laughlin,0,0,,,,,,,,,
756735,2014/15,2014-12-18,Adelaide Oval,1,14.5,Melbourne Stars,Adelaide Strikers,DJ Hussey,KP Pietersen,B Laughlin,1,0,,,,,,,,,
756735,2014/15,2014-12-18,Adelaide Oval,1,14.6,Melbourne Stars,Adelaide Strikers,KP Pietersen,DJ Hussey,B Laughlin,1,0,,,,,,,,,
756735,2014/15,2014-12-18,Adelaide Oval,1,15.1,Melbourne Stars,Adelaide Strikers,KP Pietersen,DJ Hussey,A Zampa,1,0,,,,,,,,,
756735,2014/15,2014-12-18,Adelaide Oval,1,15.2,Melbourne Stars,Adelaide Strikers,DJ Hussey,KP Pietersen,A Zampa,1,0,,,,,,,,,
756735,2014/15,2014-12-18,Adelaide Oval,1,15.3,Melbourne Stars,Adelaide Strikers,KP Pietersen,DJ Hussey,A Zampa,1,0,,,,,,,,,
756735,2014/15,2014-12-18,Adelaide Oval,1,15.4,Melbourne Stars,Adelaide Strikers,DJ Hussey,KP Pietersen,A Zampa,1,0,,,,,,,,,
756735,2014/15,2014-12-18,Adelaide Oval,1,15.5,Melbourne Stars,Adelaide Strikers,KP Pietersen,DJ Hussey,A Zampa,2,0,,,,,,,,,
756735,2014/15,2014-12-18,Adelaide Oval,1,15.6,Melbourne Stars,Adelaide Strikers,KP Pietersen,DJ Hussey,A Zampa,2,0,,,,,,,,,
756735,2014/15,2014-12-18,Adelaide Oval,1,16.1,Melbourne Stars,Adelaide Strikers,DJ Hussey,KP Pietersen,B Laughlin,0,0,,,,,,,,,
756735,2014/15,2014-12-18,Adelaide Oval,1,16.2,Melbourne Stars,Adelaide Strikers,DJ Hussey,KP Pietersen,B Laughlin,4,0,,,,,,,,,
756735,2014/15,2014-12-18,Adelaide Oval,1,16.3,Melbourne Stars,Adelaide Strikers,DJ Hussey,KP Pietersen,B Laughlin,0,0,,,,,,caught,DJ Hussey,,
756735,2014/15,2014-12-18,Adelaide Oval,1,16.4,Melbourne Stars,Adelaide Strikers,KP Pietersen,JP Faulkner,B Laughlin,0,0,,,,,,,,,
756735,2014/15,2014-12-18,Adelaide Oval,1,16.5,Melbourne Stars,Adelaide Strikers,KP Pietersen,JP Faulkner,B Laughlin,1,0,,,,,,,,,
756735,2014/15,2014-12-18,Adelaide Oval,1,16.6,Melbourne Stars,Adelaide Strikers,JP Faulkner,KP Pietersen,B Laughlin,1,0,,,,,,,,,
756735,2014/15,2014-12-18,Adelaide Oval,1,17.1,Melbourne Stars,Adelaide Strikers,JP Faulkner,KP Pietersen,A Zampa,1,0,,,,,,,,,
756735,2014/15,2014-12-18,Adelaide Oval,1,17.2,Melbourne Stars,Adelaide Strikers,KP Pietersen,JP Faulkner,A Zampa,1,0,,,,,,,,,
756735,2014/15,2014-12-18,Adelaide Oval,1,17.3,Melbourne Stars,Adelaide Strikers,JP Faulkner,KP Pietersen,A Zampa,1,0,,,,,,,,,
756735,2014/15,2014-12-18,Adelaide Oval,1,17.4,Melbourne Stars,Adelaide Strikers,KP Pietersen,JP Faulkner,A Zampa,2,0,,,,,,,,,
756735,2014/15,2014-12-18,Adelaide Oval,1,17.5,Melbourne Stars,Adelaide Strikers,KP Pietersen,JP Faulkner,A Zampa,1,0,,,,,,,,,
756735,2014/15,2014-12-18,Adelaide Oval,1,17.6,Melbourne Stars,Adelaide Strikers,JP Faulkner,KP Pietersen,A Zampa,1,0,,,,,,,,,
756735,2014/15,2014-12-18,Adelaide Oval,1,18.1,Melbourne Stars,Adelaide Strikers,JP Faulkner,KP Pietersen,B Laughlin,1,0,,,,,,,,,
756735,2014/15,2014-12-18,Adelaide Oval,1,18.2,Melbourne Stars,Adelaide Strikers,KP Pietersen,JP Faulkner,B Laughlin,2,0,,,,,,,,,
756735,2014/15,2014-12-18,Adelaide Oval,1,18.3,Melbourne Stars,Adelaide Strikers,KP Pietersen,JP Faulkner,B Laughlin,6,0,,,,,,,,,
756735,2014/15,2014-12-18,Adelaide Oval,1,18.4,Melbourne Stars,Adelaide Strikers,KP Pietersen,JP Faulkner,B Laughlin,1,0,,,,,,,,,
756735,2014/15,2014-12-18,Adelaide Oval,1,18.5,Melbourne Stars,Adelaide Strikers,JP Faulkner,KP Pietersen,B Laughlin,0,1,1,,,,,,,,
756735,2014/15,2014-12-18,Adelaide Oval,1,18.6,Melbourne Stars,Adelaide Strikers,JP Faulkner,KP Pietersen,B Laughlin,1,0,,,,,,,,,
756735,2014/15,2014-12-18,Adelaide Oval,1,18.7,Melbourne Stars,Adelaide Strikers,KP Pietersen,JP Faulkner,B Laughlin,4,0,,,,,,,,,
756735,2014/15,2014-12-18,Adelaide Oval,1,19.1,Melbourne Stars,Adelaide Strikers,JP Faulkner,KP Pietersen,KW Richardson,0,1,1,,,,,,,,
756735,2014/15,2014-12-18,Adelaide Oval,1,19.2,Melbourne Stars,Adelaide Strikers,JP Faulkner,KP Pietersen,KW Richardson,0,0,,,,,,bowled,JP Faulkner,,
756735,2014/15,2014-12-18,Adelaide Oval,1,19.3,Melbourne Stars,Adelaide Strikers,TIF Triffitt,KP Pietersen,KW Richardson,0,0,,,,,,,,,
756735,2014/15,2014-12-18,Adelaide Oval,1,19.4,Melbourne Stars,Adelaide Strikers,TIF Triffitt,KP Pietersen,KW Richardson,1,0,,,,,,,,,
756735,2014/15,2014-12-18,Adelaide Oval,1,19.5,Melbourne Stars,Adelaide Strikers,KP Pietersen,TIF Triffitt,KW Richardson,0,0,,,,,,caught,KP Pietersen,,
756735,2014/15,2014-12-18,Adelaide Oval,1,19.6,Melbourne Stars,Adelaide Strikers,TIF Triffitt,CA Rose,KW Richardson,0,0,,,,,,run out,CA Rose,,
756735,2014/15,2014-12-18,Adelaide Oval,1,19.7,Melbourne Stars,Adelaide Strikers,TIF Triffitt,JW Hastings,KW Richardson,4,0,,,,,,,,,
756735,2014/15,2014-12-18,Adelaide Oval,2,0.1,Adelaide Strikers,Melbourne Stars,CJ Simmons,TP Ludeman,MA Beer,0,0,,,,,,,,,
756735,2014/15,2014-12-18,Adelaide Oval,2,0.2,Adelaide Strikers,Melbourne Stars,CJ Simmons,TP Ludeman,MA Beer,1,0,,,,,,,,,
756735,2014/15,2014-12-18,Adelaide Oval,2,0.3,Adelaide Strikers,Melbourne Stars,TP Ludeman,CJ Simmons,MA Beer,4,0,,,,,,,,,
756735,2014/15,2014-12-18,Adelaide Oval,2,0.4,Adelaide Strikers,Melbourne Stars,TP Ludeman,CJ Simmons,MA Beer,0,0,,,,,,,,,
756735,2014/15,2014-12-18,Adelaide Oval,2,0.5,Adelaide Strikers,Melbourne Stars,TP Ludeman,CJ Simmons,MA Beer,0,0,,,,,,,,,
756735,2014/15,2014-12-18,Adelaide Oval,2,0.6,Adelaide Strikers,Melbourne Stars,TP Ludeman,CJ Simmons,MA Beer,1,0,,,,,,,,,
756735,2014/15,2014-12-18,Adelaide Oval,2,1.1,Adelaide Strikers,Melbourne Stars,TP Ludeman,CJ Simmons,JM Bird,1,0,,,,,,,,,
756735,2014/15,2014-12-18,Adelaide Oval,2,1.2,Adelaide Strikers,Melbourne Stars,CJ Simmons,TP Ludeman,JM Bird,4,0,,,,,,,,,
756735,2014/15,2014-12-18,Adelaide Oval,2,1.3,Adelaide Strikers,Melbourne Stars,CJ Simmons,TP Ludeman,JM Bird,0,0,,,,,,,,,
756735,2014/15,2014-12-18,Adelaide Oval,2,1.4,Adelaide Strikers,Melbourne Stars,CJ Simmons,TP Ludeman,JM Bird,0,0,,,,,,,,,
756735,2014/15,2014-12-18,Adelaide Oval,2,1.5,Adelaide Strikers,Melbourne Stars,CJ Simmons,TP Ludeman,JM Bird,0,0,,,,,,,,,
756735,2014/15,2014-12-18,Adelaide Oval,2,1.6,Adelaide Strikers,Melbourne Stars,CJ Simmons,TP Ludeman,JM Bird,0,0,,,,,,,,,
756735,2014/15,2014-12-18,Adelaide Oval,2,2.1,Adelaide Strikers,Melbourne Stars,TP Ludeman,CJ Simmons,CA Rose,6,0,,,,,,,,,
756735,2014/15,2014-12-18,Adelaide Oval,2,2.2,Adelaide Strikers,Melbourne Stars,TP Ludeman,CJ Simmons,CA Rose,4,0,,,,,,,,,
756735,2014/15,2014-12-18,Adelaide Oval,2,2.3,Adelaide Strikers,Melbourne Stars,TP Ludeman,CJ Simmons,CA Rose,6,0,,,,,,,,,
756735,2014/15,2014-12-18,Adelaide Oval,2,2.4,Adelaide Strikers,Melbourne Stars,TP Ludeman,CJ Simmons,CA Rose,1,0,,,,,,,,,
756735,2014/15,2014-12-18,Adelaide Oval,2,2.5,Adelaide Strikers,Melbourne Stars,CJ Simmons,TP Ludeman,CA Rose,4,0,,,,,,,,,
756735,2014/15,2014-12-18,Adelaide Oval,2,2.6,Adelaide Strikers,Melbourne Stars,CJ Simmons,TP Ludeman,CA Rose,2,0,,,,,,,,,
756735,2014/15,2014-12-18,Adelaide Oval,2,3.1,Adelaide Strikers,Melbourne Stars,TP Ludeman,CJ Simmons,JM Bird,1,0,,,,,,,,,
756735,2014/15,2014-12-18,Adelaide Oval,2,3.2,Adelaide Strikers,Melbourne Stars,CJ Simmons,TP Ludeman,JM Bird,4,0,,,,,,,,,
756735,2014/15,2014-12-18,Adelaide Oval,2,3.3,Adelaide Strikers,Melbourne Stars,CJ Simmons,TP Ludeman,JM Bird,3,0,,,,,,,,,
756735,2014/15,2014-12-18,Adelaide Oval,2,3.4,Adelaide Strikers,Melbourne Stars,TP Ludeman,CJ Simmons,JM Bird,6,0,,,,,,,,,
756735,2014/15,2014-12-18,Adelaide Oval,2,3.5,Adelaide Strikers,Melbourne Stars,TP Ludeman,CJ Simmons,JM Bird,2,0,,,,,,,,,
756735,2014/15,2014-12-18,Adelaide Oval,2,3.6,Adelaide Strikers,Melbourne Stars,TP Ludeman,CJ Simmons,JM Bird,4,0,,,,,,,,,
756735,2014/15,2014-12-18,Adelaide Oval,2,4.1,Adelaide Strikers,Melbourne Stars,CJ Simmons,TP Ludeman,JP Faulkner,0,1,,,,1,,,,,
756735,2014/15,2014-12-18,Adelaide Oval,2,4.2,Adelaide Strikers,Melbourne Stars,TP Ludeman,CJ Simmons,JP Faulkner,4,0,,,,,,,,,
756735,2014/15,2014-12-18,Adelaide Oval,2,4.3,Adelaide Strikers,Melbourne Stars,TP Ludeman,CJ Simmons,JP Faulkner,4,0,,,,,,,,,
756735,2014/15,2014-12-18,Adelaide Oval,2,4.4,Adelaide Strikers,Melbourne Stars,TP Ludeman,CJ Simmons,JP Faulkner,0,0,,,,,,,,,
756735,2014/15,2014-12-18,Adelaide Oval,2,4.5,Adelaide Strikers,Melbourne Stars,TP Ludeman,CJ Simmons,JP Faulkner,2,0,,,,,,,,,
756735,2014/15,2014-12-18,Adelaide Oval,2,4.6,Adelaide Strikers,Melbourne Stars,TP Ludeman,CJ Simmons,JP Faulkner,6,0,,,,,,,,,
756735,2014/15,2014-12-18,Adelaide Oval,2,5.1,Adelaide Strikers,Melbourne Stars,CJ Simmons,TP Ludeman,JW Hastings,6,0,,,,,,,,,
756735,2014/15,2014-12-18,Adelaide Oval,2,5.2,Adelaide Strikers,Melbourne Stars,CJ Simmons,TP Ludeman,JW Hastings,6,0,,,,,,,,,
756735,2014/15,2014-12-18,Adelaide Oval,2,5.3,Adelaide Strikers,Melbourne Stars,CJ Simmons,TP Ludeman,JW Hastings,0,0,,,,,,caught,CJ Simmons,,
756735,2014/15,2014-12-18,Adelaide Oval,2,5.4,Adelaide Strikers,Melbourne Stars,TP Ludeman,TM Head,JW Hastings,0,0,,,,,,,,,
756735,2014/15,2014-12-18,Adelaide Oval,2,5.5,Adelaide Strikers,Melbourne Stars,TP Ludeman,TM Head,JW Hastings,0,0,,,,,,,,,
756735,2014/15,2014-12-18,Adelaide Oval,2,5.6,Adelaide Strikers,Melbourne Stars,TP Ludeman,TM Head,JW Hastings,0,1,1,,,,,,,,
756735,2014/15,2014-12-18,Adelaide Oval,2,5.7,Adelaide Strikers,Melbourne Stars,TP Ludeman,TM Head,JW Hastings,0,1,,,,1,,,,,
756735,2014/15,2014-12-18,Adelaide Oval,2,6.1,Adelaide Strikers,Melbourne Stars,TP Ludeman,TM Head,MA Beer,1,0,,,,,,,,,
756735,2014/15,2014-12-18,Adelaide Oval,2,6.2,Adelaide Strikers,Melbourne Stars,TM Head,TP Ludeman,MA Beer,3,0,,,,,,,,,
756735,2014/15,2014-12-18,Adelaide Oval,2,6.3,Adelaide Strikers,Melbourne Stars,TP Ludeman,TM Head,MA Beer,1,0,,,,,,,,,
756735,2014/15,2014-12-18,Adelaide Oval,2,6.4,Adelaide Strikers,Melbourne Stars,TM Head,TP Ludeman,MA Beer,0,0,,,,,,,,,
756735,2014/15,2014-12-18,Adelaide Oval,2,6.5,Adelaide Strikers,Melbourne Stars,TM Head,TP Ludeman,MA Beer,2,0,,,,,,,,,
756735,2014/15,2014-12-18,Adelaide Oval,2,6.6,Adelaide Strikers,Melbourne Stars,TM Head,TP Ludeman,MA Beer,0,0,,,,,,,,,
756735,2014/15,2014-12-18,Adelaide Oval,2,7.1,Adelaide Strikers,Melbourne Stars,TP Ludeman,TM Head,GJ Maxwell,4,0,,,,,,,,,
756735,2014/15,2014-12-18,Adelaide Oval,2,7.2,Adelaide Strikers,Melbourne Stars,TP Ludeman,TM Head,GJ Maxwell,2,0,,,,,,,,,
756735,2014/15,2014-12-18,Adelaide Oval,2,7.3,Adelaide Strikers,Melbourne Stars,TP Ludeman,TM Head,GJ Maxwell,0,0,,,,,,,,,
756735,2014/15,2014-12-18,Adelaide Oval,2,7.4,Adelaide Strikers,Melbourne Stars,TP Ludeman,TM Head,GJ Maxwell,1,0,,,,,,,,,
756735,2014/15,2014-12-18,Adelaide Oval,2,7.5,Adelaide Strikers,Melbourne Stars,TM Head,TP Ludeman,GJ Maxwell,1,0,,,,,,,,,
756735,2014/15,2014-12-18,Adelaide Oval,2,7.6,Adelaide Strikers,Melbourne Stars,TP Ludeman,TM Head,GJ Maxwell,1,0,,,,,,,,,
756735,2014/15,2014-12-18,Adelaide Oval,2,8.1,Adelaide Strikers,Melbourne Stars,TP Ludeman,TM Head,MA Beer,0,0,,,,,,,,,
756735,2014/15,2014-12-18,Adelaide Oval,2,8.2,Adelaide Strikers,Melbourne Stars,TP Ludeman,TM Head,MA Beer,4,0,,,,,,,,,
756735,2014/15,2014-12-18,Adelaide Oval,2,8.3,Adelaide Strikers,Melbourne Stars,TP Ludeman,TM Head,MA Beer,1,0,,,,,,,,,
756735,2014/15,2014-12-18,Adelaide Oval,2,8.4,Adelaide Strikers,Melbourne Stars,TM Head,TP Ludeman,MA Beer,4,0,,,,,,,,,
756735,2014/15,2014-12-18,Adelaide Oval,2,8.5,Adelaide Strikers,Melbourne Stars,TM Head,TP Ludeman,MA Beer,1,0,,,,,,,,,
756735,2014/15,2014-12-18,Adelaide Oval,2,8.6,Adelaide Strikers,Melbourne Stars,TP Ludeman,TM Head,MA Beer,1,0,,,,,,,,,
756735,2014/15,2014-12-18,Adelaide Oval,2,9.1,Adelaide Strikers,Melbourne Stars,TP Ludeman,TM Head,JW Hastings,2,0,,,,,,,,,
756735,2014/15,2014-12-18,Adelaide Oval,2,9.2,Adelaide Strikers,Melbourne Stars,TP Ludeman,TM Head,JW Hastings,4,0,,,,,,,,,
756735,2014/15,2014-12-18,Adelaide Oval,2,9.3,Adelaide Strikers,Melbourne Stars,TP Ludeman,TM Head,JW Hastings,1,0,,,,,,,,,
756735,2014/15,2014-12-18,Adelaide Oval,2,9.4,Adelaide Strikers,Melbourne Stars,TM Head,TP Ludeman,JW Hastings,4,0,,,,,,,,,
756735,2014/15,2014-12-18,Adelaide Oval,2,9.5,Adelaide Strikers,Melbourne Stars,TM Head,TP Ludeman,JW Hastings,6,0,,,,,,,,,
756735,2014/15,2014-12-18,Adelaide Oval,2,9.6,Adelaide Strikers,Melbourne Stars,TM Head,TP Ludeman,JW Hastings,0,0,,,,,,,,,
756735,2014/15,2014-12-18,Adelaide Oval,2,10.1,Adelaide Strikers,Melbourne Stars,TP Ludeman,TM Head,CA Rose,6,0,,,,,,,,,
756735,2014/15,2014-12-18,Adelaide Oval,2,10.2,Adelaide Strikers,Melbourne Stars,TP Ludeman,TM Head,CA Rose,1,0,,,,,,,,,
756735,2014/15,2014-12-18,Adelaide Oval,2,10.3,Adelaide Strikers,Melbourne Stars,TM Head,TP Ludeman,CA Rose,0,0,,,,,,,,,
756735,2014/15,2014-12-18,Adelaide Oval,2,10.4,Adelaide Strikers,Melbourne Stars,TM Head,TP Ludeman,CA Rose,1,0,,,,,,,,,
756735,2014/15,2014-12-18,Adelaide Oval,2,10.5,Adelaide Strikers,Melbourne Stars,TP Ludeman,TM Head,CA Rose,4,0,,,,,,,,,
756735,2014/15,2014-12-18,Adelaide Oval,2,10.6,Adelaide Strikers,Melbourne Stars,TP Ludeman,TM Head,CA Rose,1,0,,,,,,,,,
756735,2014/15,2014-12-18,Adelaide Oval,2,11.1,Adelaide Strikers,Melbourne Stars,TP Ludeman,TM Head,JP Faulkner,2,0,,,,,,,,,
756735,2014/15,2014-12-18,Adelaide Oval,2,11.2,Adelaide Strikers,Melbourne Stars,TP Ludeman,TM Head,JP Faulkner,1,0,,,,,,,,,
756735,2014/15,2014-12-18,Adelaide Oval,2,11.3,Adelaide Strikers,Melbourne Stars,TM Head,TP Ludeman,JP Faulkner,0,1,,,1,,,,,,
756735,2014/15,2014-12-18,Adelaide Oval,2,11.4,Adelaide Strikers,Melbourne Stars,TP Ludeman,TM Head,JP Faulkner,0,0,,,,,,,,,
756735,2014/15,2014-12-18,Adelaide Oval,2,11.5,Adelaide Strikers,Melbourne Stars,TP Ludeman,TM Head,JP Faulkner,0,0,,,,,,,,,
756735,2014/15,2014-12-18,Adelaide Oval,2,11.6,Adelaide Strikers,Melbourne Stars,TP Ludeman,TM Head,JP Faulkner,2,0,,,,,,,,,
756735,2014/15,2014-12-18,Adelaide Oval,2,12.1,Adelaide Strikers,Melbourne Stars,TM Head,TP Ludeman,JW Hastings,0,0,,,,,,,,,
756735,2014/15,2014-12-18,Adelaide Oval,2,12.2,Adelaide Strikers,Melbourne Stars,TM Head,TP Ludeman,JW Hastings,0,0,,,,,,caught,TM Head,,
756735,2014/15,2014-12-18,Adelaide Oval,2,12.3,Adelaide Strikers,Melbourne Stars,BJ Hodge,TP Ludeman,JW Hastings,1,0,,,,,,,,,
