match_id,season,start_date,venue,innings,ball,batting_team,bowling_team,striker,non_striker,bowler,runs_off_bat,extras,wides,noballs,byes,legbyes,penalty,wicket_type,player_dismissed,other_wicket_type,other_player_dismissed
756799,2014/15,2015-01-24,Adelaide Oval,1,0.1,Sydney Sixers,Adelaide Strikers,MH Wessels,MJ Lumb,J Botha,1,0,,,,,,,,,
756799,2014/15,2015-01-24,Adelaide Oval,1,0.2,Sydney Sixers,Adelaide Strikers,MJ Lumb,MH Wessels,J Botha,4,0,,,,,,,,,
756799,2014/15,2015-01-24,Adelaide Oval,1,0.3,Sydney Sixers,Adelaide Strikers,MJ Lumb,MH Wessels,J Botha,0,0,,,,,,,,,
756799,2014/15,2015-01-24,Adelaide Oval,1,0.4,Sydney Sixers,Adelaide Strikers,MJ Lumb,MH Wessels,J Botha,0,0,,,,,,,,,
756799,2014/15,2015-01-24,Adelaide Oval,1,0.5,Sydney Sixers,Adelaide Strikers,MJ Lumb,MH Wessels,J Botha,0,0,,,,,,,,,
756799,2014/15,2015-01-24,Adelaide Oval,1,0.6,Sydney Sixers,Adelaide Strikers,MJ Lumb,MH Wessels,J Botha,1,0,,,,,,,,,
756799,2014/15,2015-01-24,Adelaide Oval,1,1.1,Sydney Sixers,Adelaide Strikers,MJ Lumb,MH Wessels,KW Richardson,0,0,,,,,,,,,
756799,2014/15,2015-01-24,Adelaide Oval,1,1.2,Sydney Sixers,Adelaide Strikers,MJ Lumb,MH Wessels,KW Richardson,0,0,,,,,,,,,
756799,2014/15,2015-01-24,Adelaide Oval,1,1.3,Sydney Sixers,Adelaide Strikers,MJ Lumb,MH Wessels,KW Richardson,4,0,,,,,,,,,
756799,2014/15,2015-01-24,Adelaide Oval,1,1.4,Sydney Sixers,Adelaide Strikers,MJ Lumb,MH Wessels,KW Richardson,0,0,,,,,,,,,
756799,2014/15,2015-01-24,Adelaide Oval,1,1.5,Sydney Sixers,Adelaide Strikers,MJ Lumb,MH Wessels,KW Richardson,0,0,,,,,,,,,
756799,2014/15,2015-01-24,Adelaide Oval,1,1.6,Sydney Sixers,Adelaide Strikers,MJ Lumb,MH Wessels,KW Richardson,4,0,,,,,,,,,
756799,2014/15,2015-01-24,Adelaide Oval,1,2.1,Sydney Sixers,Adelaide Strikers,MH Wessels,MJ Lumb,J Botha,0,0,,,,,,,,,
756799,2014/15,2015-01-24,Adelaide Oval,1,2.2,Sydney Sixers,Adelaide Strikers,MH Wessels,MJ Lumb,J Botha,2,0,,,,,,,,,
756799,2014/15,2015-01-24,Adelaide Oval,1,2.3,Sydney Sixers,Adelaide Strikers,MH Wessels,MJ Lumb,J Botha,0,0,,,,,,,,,
756799,2014/15,2015-01-24,Adelaide Oval,1,2.4,Sydney Sixers,Adelaide Strikers,MH Wessels,MJ Lumb,J Botha,4,0,,,,,,,,,
756799,2014/15,2015-01-24,Adelaide Oval,1,2.5,Sydney Sixers,Adelaide Strikers,MH Wessels,MJ Lumb,J Botha,1,0,,,,,,,,,
756799,2014/15,2015-01-24,Adelaide Oval,1,2.6,Sydney Sixers,Adelaide Strikers,MJ Lumb,MH Wessels,J Botha,0,0,,,,,,,,,
756799,2014/15,2015-01-24,Adelaide Oval,1,3.1,Sydney Sixers,Adelaide Strikers,MH Wessels,MJ Lumb,KW Richardson,1,0,,,,,,,,,
756799,2014/15,2015-01-24,Adelaide Oval,1,3.2,Sydney Sixers,Adelaide Strikers,MJ Lumb,MH Wessels,KW Richardson,6,0,,,,,,,,,
756799,2014/15,2015-01-24,Adelaide Oval,1,3.3,Sydney Sixers,Adelaide Strikers,MJ Lumb,MH Wessels,KW Richardson,4,0,,,,,,,,,
756799,2014/15,2015-01-24,Adelaide Oval,1,3.4,Sydney Sixers,Adelaide Strikers,MJ Lumb,MH Wessels,KW Richardson,1,0,,,,,,,,,
756799,2014/15,2015-01-24,Adelaide Oval,1,3.5,Sydney Sixers,Adelaide Strikers,MH Wessels,MJ Lumb,KW Richardson,0,0,,,,,,,,,
756799,2014/15,2015-01-24,Adelaide Oval,1,3.6,Sydney Sixers,Adelaide Strikers,MH Wessels,MJ Lumb,KW Richardson,0,0,,,,,,,,,
756799,2014/15,2015-01-24,Adelaide Oval,1,4.1,Sydney Sixers,Adelaide Strikers,MJ Lumb,MH Wessels,B Laughlin,4,0,,,,,,,,,
756799,2014/15,2015-01-24,Adelaide Oval,1,4.2,Sydney Sixers,Adelaide Strikers,MJ Lumb,MH Wessels,B Laughlin,0,0,,,,,,,,,
756799,2014/15,2015-01-24,Adelaide Oval,1,4.3,Sydney Sixers,Adelaide Strikers,MJ Lumb,MH Wessels,B Laughlin,4,0,,,,,,,,,
756799,2014/15,2015-01-24,Adelaide Oval,1,4.4,Sydney Sixers,Adelaide Strikers,MJ Lumb,MH Wessels,B Laughlin,0,0,,,,,,run out,MJ Lumb,,
756799,2014/15,2015-01-24,Adelaide Oval,1,4.5,Sydney Sixers,Adelaide Strikers,NJ Maddinson,MH Wessels,B Laughlin,1,0,,,,,,,,,
756799,2014/15,2015-01-24,Adelaide Oval,1,4.6,Sydney Sixers,Adelaide Strikers,MH Wessels,NJ Maddinson,B Laughlin,4,0,,,,,,,,,
756799,2014/15,2015-01-24,Adelaide Oval,1,5.1,Sydney Sixers,Adelaide Strikers,NJ Maddinson,MH Wessels,SW Tait,1,0,,,,,,,,,
756799,2014/15,2015-01-24,Adelaide Oval,1,5.2,Sydney Sixers,Adelaide Strikers,MH Wessels,NJ Maddinson,SW Tait,4,0,,,,,,,,,
756799,2014/15,2015-01-24,Adelaide Oval,1,5.3,Sydney Sixers,Adelaide Strikers,MH Wessels,NJ Maddinson,SW Tait,1,0,,,,,,,,,
756799,2014/15,2015-01-24,Adelaide Oval,1,5.4,Sydney Sixers,Adelaide Strikers,NJ Maddinson,MH Wessels,SW Tait,0,0,,,,,,,,,
756799,2014/15,2015-01-24,Adelaide Oval,1,5.5,Sydney Sixers,Adelaide Strikers,NJ Maddinson,MH Wessels,SW Tait,0,0,,,,,,,,,
756799,2014/15,2015-01-24,Adelaide Oval,1,5.6,Sydney Sixers,Adelaide Strikers,NJ Maddinson,MH Wessels,SW Tait,0,0,,,,,,,,,
756799,2014/15,2015-01-24,Adelaide Oval,1,6.1,Sydney Sixers,Adelaide Strikers,MH Wessels,NJ Maddinson,A Zampa,1,0,,,,,,,,,
756799,2014/15,2015-01-24,Adelaide Oval,1,6.2,Sydney Sixers,Adelaide Strikers,NJ Maddinson,MH Wessels,A Zampa,0,0,,,,,,,,,
756799,2014/15,2015-01-24,Adelaide Oval,1,6.3,Sydney Sixers,Adelaide Strikers,NJ Maddinson,MH Wessels,A Zampa,1,0,,,,,,,,,
756799,2014/15,2015-01-24,Adelaide Oval,1,6.4,Sydney Sixers,Adelaide Strikers,MH Wessels,NJ Maddinson,A Zampa,1,0,,,,,,,,,
756799,2014/15,2015-01-24,Adelaide Oval,1,6.5,Sydney Sixers,Adelaide Strikers,NJ Maddinson,MH Wessels,A Zampa,1,0,,,,,,,,,
756799,2014/15,2015-01-24,Adelaide Oval,1,6.6,Sydney Sixers,Adelaide Strikers,MH Wessels,NJ Maddinson,A Zampa,0,0,,,,,,,,,
756799,2014/15,2015-01-24,Adelaide Oval,1,7.1,Sydney Sixers,Adelaide Strikers,NJ Maddinson,MH Wessels,SW Tait,1,0,,,,,,,,,
756799,2014/15,2015-01-24,Adelaide Oval,1,7.2,Sydney Sixers,Adelaide Strikers,MH Wessels,NJ Maddinson,SW Tait,0,0,,,,,,,,,
756799,2014/15,2015-01-24,Adelaide Oval,1,7.3,Sydney Sixers,Adelaide Strikers,MH Wessels,NJ Maddinson,SW Tait,0,0,,,,,,,,,
756799,2014/15,2015-01-24,Adelaide Oval,1,7.4,Sydney Sixers,Adelaide Strikers,MH Wessels,NJ Maddinson,SW Tait,0,0,,,,,,,,,
756799,2014/15,2015-01-24,Adelaide Oval,1,7.5,Sydney Sixers,Adelaide Strikers,MH Wessels,NJ Maddinson,SW Tait,0,0,,,,,,,,,
756799,2014/15,2015-01-24,Adelaide Oval,1,7.6,Sydney Sixers,Adelaide Strikers,MH Wessels,NJ Maddinson,SW Tait,0,0,,,,,,,,,
756799,2014/15,2015-01-24,Adelaide Oval,1,8.1,Sydney Sixers,Adelaide Strikers,NJ Maddinson,MH Wessels,A Zampa,1,0,,,,,,,,,
756799,2014/15,2015-01-24,Adelaide Oval,1,8.2,Sydney Sixers,Adelaide Strikers,MH Wessels,NJ Maddinson,A Zampa,1,0,,,,,,,,,
756799,2014/15,2015-01-24,Adelaide Oval,1,8.3,Sydney Sixers,Adelaide Strikers,NJ Maddinson,MH Wessels,A Zampa,1,0,,,,,,,,,
756799,2014/15,2015-01-24,Adelaide Oval,1,8.4,Sydney Sixers,Adelaide Strikers,MH Wessels,NJ Maddinson,A Zampa,1,0,,,,,,,,,
756799,2014/15,2015-01-24,Adelaide Oval,1,8.5,Sydney Sixers,Adelaide Strikers,NJ Maddinson,MH Wessels,A Zampa,6,0,,,,,,,,,
756799,2014/15,2015-01-24,Adelaide Oval,1,8.6,Sydney Sixers,Adelaide Strikers,NJ Maddinson,MH Wessels,A Zampa,0,1,1,,,,,,,,
756799,2014/15,2015-01-24,Adelaide Oval,1,8.7,Sydney Sixers,Adelaide Strikers,NJ Maddinson,MH Wessels,A Zampa,1,0,,,,,,,,,
756799,2014/15,2015-01-24,Adelaide Oval,1,9.1,Sydney Sixers,Adelaide Strikers,NJ Maddinson,MH Wessels,SW Tait,1,0,,,,,,,,,
756799,2014/15,2015-01-24,Adelaide Oval,1,9.2,Sydney Sixers,Adelaide Strikers,MH Wessels,NJ Maddinson,SW Tait,2,0,,,,,,,,,
756799,2014/15,2015-01-24,Adelaide Oval,1,9.3,Sydney Sixers,Adelaide Strikers,MH Wessels,NJ Maddinson,SW Tait,0,0,,,,,,bowled,MH Wessels,,
756799,2014/15,2015-01-24,Adelaide Oval,1,9.4,Sydney Sixers,Adelaide Strikers,MC Henriques,NJ Maddinson,SW Tait,0,0,,,,,,,,,
756799,2014/15,2015-01-24,Adelaide Oval,1,9.5,Sydney Sixers,Adelaide Strikers,MC Henriques,NJ Maddinson,SW Tait,1,0,,,,,,,,,
756799,2014/15,2015-01-24,Adelaide Oval,1,9.6,Sydney Sixers,Adelaide Strikers,NJ Maddinson,MC Henriques,SW Tait,0,1,1,,,,,,,,
756799,2014/15,2015-01-24,Adelaide Oval,1,9.7,Sydney Sixers,Adelaide Strikers,NJ Maddinson,MC Henriques,SW Tait,1,0,,,,,,,,,
756799,2014/15,2015-01-24,Adelaide Oval,1,10.1,Sydney Sixers,Adelaide Strikers,NJ Maddinson,MC Henriques,A Zampa,0,0,,,,,,,,,
756799,2014/15,2015-01-24,Adelaide Oval,1,10.2,Sydney Sixers,Adelaide Strikers,NJ Maddinson,MC Henriques,A Zampa,2,0,,,,,,,,,
756799,2014/15,2015-01-24,Adelaide Oval,1,10.3,Sydney Sixers,Adelaide Strikers,NJ Maddinson,MC Henriques,A Zampa,0,0,,,,,,,,,
756799,2014/15,2015-01-24,Adelaide Oval,1,10.4,Sydney Sixers,Adelaide Strikers,NJ Maddinson,MC Henriques,A Zampa,2,0,,,,,,,,,
756799,2014/15,2015-01-24,Adelaide Oval,1,10.5,Sydney Sixers,Adelaide Strikers,NJ Maddinson,MC Henriques,A Zampa,1,0,,,,,,,,,
756799,2014/15,2015-01-24,Adelaide Oval,1,10.6,Sydney Sixers,Adelaide Strikers,MC Henriques,NJ Maddinson,A Zampa,0,0,,,,,,,,,
756799,2014/15,2015-01-24,Adelaide Oval,1,11.1,Sydney Sixers,Adelaide Strikers,NJ Maddinson,MC Henriques,J Botha,1,0,,,,,,,,,
756799,2014/15,2015-01-24,Adelaide Oval,1,11.2,Sydney Sixers,Adelaide Strikers,MC Henriques,NJ Maddinson,J Botha,1,0,,,,,,,,,
756799,2014/15,2015-01-24,Adelaide Oval,1,11.3,Sydney Sixers,Adelaide Strikers,NJ Maddinson,MC Henriques,J Botha,0,0,,,,,,,,,
756799,2014/15,2015-01-24,Adelaide Oval,1,11.4,Sydney Sixers,Adelaide Strikers,NJ Maddinson,MC Henriques,J Botha,0,0,,,,,,,,,
756799,2014/15,2015-01-24,Adelaide Oval,1,11.5,Sydney Sixers,Adelaide Strikers,NJ Maddinson,MC Henriques,J Botha,0,0,,,,,,,,,
756799,2014/15,2015-01-24,Adelaide Oval,1,11.6,Sydney Sixers,Adelaide Strikers,NJ Maddinson,MC Henriques,J Botha,1,0,,,,,,,,,
756799,2014/15,2015-01-24,Adelaide Oval,1,12.1,Sydney Sixers,Adelaide Strikers,NJ Maddinson,MC Henriques,B Laughlin,2,0,,,,,,,,,
756799,2014/15,2015-01-24,Adelaide Oval,1,12.2,Sydney Sixers,Adelaide Strikers,NJ Maddinson,MC Henriques,B Laughlin,1,0,,,,,,,,,
756799,2014/15,2015-01-24,Adelaide Oval,1,12.3,Sydney Sixers,Adelaide Strikers,MC Henriques,NJ Maddinson,B Laughlin,1,0,,,,,,,,,
756799,2014/15,2015-01-24,Adelaide Oval,1,12.4,Sydney Sixers,Adelaide Strikers,NJ Maddinson,MC Henriques,B Laughlin,4,0,,,,,,,,,
756799,2014/15,2015-01-24,Adelaide Oval,1,12.5,Sydney Sixers,Adelaide Strikers,NJ Maddinson,MC Henriques,B Laughlin,1,0,,,,,,,,,
756799,2014/15,2015-01-24,Adelaide Oval,1,12.6,Sydney Sixers,Adelaide Strikers,MC Henriques,NJ Maddinson,B Laughlin,1,0,,,,,,,,,
756799,2014/15,2015-01-24,Adelaide Oval,1,13.1,Sydney Sixers,Adelaide Strikers,MC Henriques,NJ Maddinson,J Botha,2,0,,,,,,,,,
756799,2014/15,2015-01-24,Adelaide Oval,1,13.2,Sydney Sixers,Adelaide Strikers,MC Henriques,NJ Maddinson,J Botha,1,0,,,,,,,,,
756799,2014/15,2015-01-24,Adelaide Oval,1,13.3,Sydney Sixers,Adelaide Strikers,NJ Maddinson,MC Henriques,J Botha,0,0,,,,,,,,,
756799,2014/15,2015-01-24,Adelaide Oval,1,13.4,Sydney Sixers,Adelaide Strikers,NJ Maddinson,MC Henriques,J Botha,6,0,,,,,,,,,
756799,2014/15,2015-01-24,Adelaide Oval,1,13.5,Sydney Sixers,Adelaide Strikers,NJ Maddinson,MC Henriques,J Botha,0,0,,,,,,,,,
756799,2014/15,2015-01-24,Adelaide Oval,1,13.6,Sydney Sixers,Adelaide Strikers,NJ Maddinson,MC Henriques,J Botha,0,0,,,,,,,,,
756799,2014/15,2015-01-24,Adelaide Oval,1,14.1,Sydney Sixers,Adelaide Strikers,MC Henriques,NJ Maddinson,A Zampa,1,0,,,,,,,,,
756799,2014/15,2015-01-24,Adelaide Oval,1,14.2,Sydney Sixers,Adelaide Strikers,NJ Maddinson,MC Henriques,A Zampa,1,0,,,,,,,,,
756799,2014/15,2015-01-24,Adelaide Oval,1,14.3,Sydney Sixers,Adelaide Strikers,MC Henriques,NJ Maddinson,A Zampa,1,0,,,,,,,,,
756799,2014/15,2015-01-24,Adelaide Oval,1,14.4,Sydney Sixers,Adelaide Strikers,NJ Maddinson,MC Henriques,A Zampa,6,0,,,,,,,,,
756799,2014/15,2015-01-24,Adelaide Oval,1,14.5,Sydney Sixers,Adelaide Strikers,NJ Maddinson,MC Henriques,A Zampa,2,0,,,,,,,,,
756799,2014/15,2015-01-24,Adelaide Oval,1,14.6,Sydney Sixers,Adelaide Strikers,NJ Maddinson,MC Henriques,A Zampa,6,0,,,,,,,,,
756799,2014/15,2015-01-24,Adelaide Oval,1,15.1,Sydney Sixers,Adelaide Strikers,MC Henriques,NJ Maddinson,SW Tait,1,0,,,,,,,,,
756799,2014/15,2015-01-24,Adelaide Oval,1,15.2,Sydney Sixers,Adelaide Strikers,NJ Maddinson,MC Henriques,SW Tait,0,0,,,,,,,,,
756799,2014/15,2015-01-24,Adelaide Oval,1,15.3,Sydney Sixers,Adelaide Strikers,NJ Maddinson,MC Henriques,SW Tait,4,0,,,,,,,,,
756799,2014/15,2015-01-24,Adelaide Oval,1,15.4,Sydney Sixers,Adelaide Strikers,NJ Maddinson,MC Henriques,SW Tait,4,0,,,,,,,,,
756799,2014/15,2015-01-24,Adelaide Oval,1,15.5,Sydney Sixers,Adelaide Strikers,NJ Maddinson,MC Henriques,SW Tait,2,0,,,,,,,,,
756799,2014/15,2015-01-24,Adelaide Oval,1,15.6,Sydney Sixers,Adelaide Strikers,NJ Maddinson,MC Henriques,SW Tait,6,0,,,,,,,,,
756799,2014/15,2015-01-24,Adelaide Oval,1,16.1,Sydney Sixers,Adelaide Strikers,MC Henriques,NJ Maddinson,B Laughlin,1,0,,,,,,,,,
756799,2014/15,2015-01-24,Adelaide Oval,1,16.2,Sydney Sixers,Adelaide Strikers,NJ Maddinson,MC Henriques,B Laughlin,4,0,,,,,,,,,
756799,2014/15,2015-01-24,Adelaide Oval,1,16.3,Sydney Sixers,Adelaide Strikers,NJ Maddinson,MC Henriques,B Laughlin,4,0,,,,,,,,,
756799,2014/15,2015-01-24,Adelaide Oval,1,16.4,Sydney Sixers,Adelaide Strikers,NJ Maddinson,MC Henriques,B Laughlin,4,0,,,,,,,,,
756799,2014/15,2015-01-24,Adelaide Oval,1,16.5,Sydney Sixers,Adelaide Strikers,NJ Maddinson,MC Henriques,B Laughlin,1,0,,,,,,,,,
756799,2014/15,2015-01-24,Adelaide Oval,1,16.6,Sydney Sixers,Adelaide Strikers,MC Henriques,NJ Maddinson,B Laughlin,0,0,,,,,,,,,
756799,2014/15,2015-01-24,Adelaide Oval,1,17.1,Sydney Sixers,Adelaide Strikers,NJ Maddinson,MC Henriques,KW Richardson,4,0,,,,,,,,,
756799,2014/15,2015-01-24,Adelaide Oval,1,17.2,Sydney Sixers,Adelaide Strikers,NJ Maddinson,MC Henriques,KW Richardson,0,0,,,,,,bowled,NJ Maddinson,,
756799,2014/15,2015-01-24,Adelaide Oval,1,17.3,Sydney Sixers,Adelaide Strikers,JC Silk,MC Henriques,KW Richardson,0,0,,,,,,,,,
756799,2014/15,2015-01-24,Adelaide Oval,1,17.4,Sydney Sixers,Adelaide Strikers,JC Silk,MC Henriques,KW Richardson,0,0,,,,,,,,,
756799,2014/15,2015-01-24,Adelaide Oval,1,17.5,Sydney Sixers,Adelaide Strikers,JC Silk,MC Henriques,KW Richardson,2,0,,,,,,,,,
756799,2014/15,2015-01-24,Adelaide Oval,1,17.6,Sydney Sixers,Adelaide Strikers,JC Silk,MC Henriques,KW Richardson,1,0,,,,,,,,,
756799,2014/15,2015-01-24,Adelaide Oval,1,18.1,Sydney Sixers,Adelaide Strikers,JC Silk,MC Henriques,B Laughlin,0,0,,,,,,lbw,JC Silk,,
756799,2014/15,2015-01-24,Adelaide Oval,1,18.2,Sydney Sixers,Adelaide Strikers,RGL Carters,MC Henriques,B Laughlin,1,0,,,,,,,,,
756799,2014/15,2015-01-24,Adelaide Oval,1,18.3,Sydney Sixers,Adelaide Strikers,MC Henriques,RGL Carters,B Laughlin,4,0,,,,,,,,,
756799,2014/15,2015-01-24,Adelaide Oval,1,18.4,Sydney Sixers,Adelaide Strikers,MC Henriques,RGL Carters,B Laughlin,2,0,,,,,,,,,
756799,2014/15,2015-01-24,Adelaide Oval,1,18.5,Sydney Sixers,Adelaide Strikers,MC Henriques,RGL Carters,B Laughlin,6,0,,,,,,,,,
756799,2014/15,2015-01-24,Adelaide Oval,1,18.6,Sydney Sixers,Adelaide Strikers,MC Henriques,RGL Carters,B Laughlin,1,0,,,,,,,,,
756799,2014/15,2015-01-24,Adelaide Oval,1,19.1,Sydney Sixers,Adelaide Strikers,MC Henriques,RGL Carters,KW Richardson,1,0,,,,,,,,,
756799,2014/15,2015-01-24,Adelaide Oval,1,19.2,Sydney Sixers,Adelaide Strikers,RGL Carters,MC Henriques,KW Richardson,4,0,,,,,,,,,
756799,2014/15,2015-01-24,Adelaide Oval,1,19.3,Sydney Sixers,Adelaide Strikers,RGL Carters,MC Henriques,KW Richardson,2,0,,,,,,,,,
756799,2014/15,2015-01-24,Adelaide Oval,1,19.4,Sydney Sixers,Adelaide Strikers,RGL Carters,MC Henriques,KW Richardson,0,0,,,,,,,,,
756799,2014/15,2015-01-24,Adelaide Oval,1,19.5,Sydney Sixers,Adelaide Strikers,RGL Carters,MC Henriques,KW Richardson,1,0,,,,,,,,,
756799,2014/15,2015-01-24,Adelaide Oval,1,19.6,Sydney Sixers,Adelaide Strikers,MC Henriques,RGL Carters,KW Richardson,2,0,,,,,,,,,
756799,2014/15,2015-01-24,Adelaide Oval,2,0.1,Adelaide Strikers,Sydney Sixers,CJ Simmons,TP Ludeman,B Lee,0,0,,,,,,,,,
756799,2014/15,2015-01-24,Adelaide Oval,2,0.2,Adelaide Strikers,Sydney Sixers,CJ Simmons,TP Ludeman,B Lee,1,0,,,,,,,,,
756799,2014/15,2015-01-24,Adelaide Oval,2,0.3,Adelaide Strikers,Sydney Sixers,TP Ludeman,CJ Simmons,B Lee,0,0,,,,,,,,,
756799,2014/15,2015-01-24,Adelaide Oval,2,0.4,Adelaide Strikers,Sydney Sixers,TP Ludeman,CJ Simmons,B Lee,1,0,,,,,,,,,
756799,2014/15,2015-01-24,Adelaide Oval,2,0.5,Adelaide Strikers,Sydney Sixers,CJ Simmons,TP Ludeman,B Lee,4,0,,,,,,,,,
756799,2014/15,2015-01-24,Adelaide Oval,2,0.6,Adelaide Strikers,Sydney Sixers,CJ Simmons,TP Ludeman,B Lee,0,0,,,,,,,,,
756799,2014/15,2015-01-24,Adelaide Oval,2,1.1,Adelaide Strikers,Sydney Sixers,TP Ludeman,CJ Simmons,SA Abbott,1,0,,,,,,,,,
756799,2014/15,2015-01-24,Adelaide Oval,2,1.2,Adelaide Strikers,Sydney Sixers,CJ Simmons,TP Ludeman,SA Abbott,0,0,,,,,,,,,
756799,2014/15,2015-01-24,Adelaide Oval,2,1.3,Adelaide Strikers,Sydney Sixers,CJ Simmons,TP Ludeman,SA Abbott,0,0,,,,,,caught,CJ Simmons,,
756799,2014/15,2015-01-24,Adelaide Oval,2,1.4,Adelaide Strikers,Sydney Sixers,TM Head,TP Ludeman,SA Abbott,0,0,,,,,,,,,
756799,2014/15,2015-01-24,Adelaide Oval,2,1.5,Adelaide Strikers,Sydney Sixers,TM Head,TP Ludeman,SA Abbott,2,0,,,,,,,,,
756799,2014/15,2015-01-24,Adelaide Oval,2,1.6,Adelaide Strikers,Sydney Sixers,TM Head,TP Ludeman,SA Abbott,4,0,,,,,,,,,
756799,2014/15,2015-01-24,Adelaide Oval,2,2.1,Adelaide Strikers,Sydney Sixers,TP Ludeman,TM Head,NM Lyon,0,0,,,,,,,,,
756799,2014/15,2015-01-24,Adelaide Oval,2,2.2,Adelaide Strikers,Sydney Sixers,TP Ludeman,TM Head,NM Lyon,1,0,,,,,,,,,
756799,2014/15,2015-01-24,Adelaide Oval,2,2.3,Adelaide Strikers,Sydney Sixers,TM Head,TP Ludeman,NM Lyon,0,0,,,,,,,,,
756799,2014/15,2015-01-24,Adelaide Oval,2,2.4,Adelaide Strikers,Sydney Sixers,TM Head,TP Ludeman,NM Lyon,1,0,,,,,,,,,
756799,2014/15,2015-01-24,Adelaide Oval,2,2.5,Adelaide Strikers,Sydney Sixers,TP Ludeman,TM Head,NM Lyon,1,0,,,,,,,,,
756799,2014/15,2015-01-24,Adelaide Oval,2,2.6,Adelaide Strikers,Sydney Sixers,TM Head,TP Ludeman,NM Lyon,1,0,,,,,,,,,
756799,2014/15,2015-01-24,Adelaide Oval,2,3.1,Adelaide Strikers,Sydney Sixers,TM Head,TP Ludeman,DE Bollinger,0,0,,,,,,,,,
756799,2014/15,2015-01-24,Adelaide Oval,2,3.2,Adelaide Strikers,Sydney Sixers,TM Head,TP Ludeman,DE Bollinger,0,0,,,,,,caught,TM Head,,
756799,2014/15,2015-01-24,Adelaide Oval,2,3.3,Adelaide Strikers,Sydney Sixers,TP Ludeman,BJ Hodge,DE Bollinger,0,0,,,,,,,,,
756799,2014/15,2015-01-24,Adelaide Oval,2,3.4,Adelaide Strikers,Sydney Sixers,TP Ludeman,BJ Hodge,DE Bollinger,6,0,,,,,,,,,
756799,2014/15,2015-01-24,Adelaide Oval,2,3.5,Adelaide Strikers,Sydney Sixers,TP Ludeman,BJ Hodge,DE Bollinger,4,0,,,,,,,,,
756799,2014/15,2015-01-24,Adelaide Oval,2,3.6,Adelaide Strikers,Sydney Sixers,TP Ludeman,BJ Hodge,DE Bollinger,1,0,,,,,,,,,
756799,2014/15,2015-01-24,Adelaide Oval,2,4.1,Adelaide Strikers,Sydney Sixers,TP Ludeman,BJ Hodge,SNJ O'Keefe,0,0,,,,,,caught,TP Ludeman,,
756799,2014/15,2015-01-24,Adelaide Oval,2,4.2,Adelaide Strikers,Sydney Sixers,RN ten Doeschate,BJ Hodge,SNJ O'Keefe,0,0,,,,,,,,,
756799,2014/15,2015-01-24,Adelaide Oval,2,4.3,Adelaide Strikers,Sydney Sixers,RN ten Doeschate,BJ Hodge,SNJ O'Keefe,0,0,,,,,,,,,
756799,2014/15,2015-01-24,Adelaide Oval,2,4.4,Adelaide Strikers,Sydney Sixers,RN ten Doeschate,BJ Hodge,SNJ O'Keefe,0,0,,,,,,,,,
756799,2014/15,2015-01-24,Adelaide Oval,2,4.5,Adelaide Strikers,Sydney Sixers,RN ten Doeschate,BJ Hodge,SNJ O'Keefe,1,0,,,,,,,,,
756799,2014/15,2015-01-24,Adelaide Oval,2,4.6,Adelaide Strikers,Sydney Sixers,BJ Hodge,RN ten Doeschate,SNJ O'Keefe,4,0,,,,,,,,,
756799,2014/15,2015-01-24,Adelaide Oval,2,5.1,Adelaide Strikers,Sydney Sixers,RN ten Doeschate,BJ Hodge,B Lee,1,0,,,,,,,,,
756799,2014/15,2015-01-24,Adelaide Oval,2,5.2,Adelaide Strikers,Sydney Sixers,BJ Hodge,RN ten Doeschate,B Lee,1,0,,,,,,,,,
756799,2014/15,2015-01-24,Adelaide Oval,2,5.3,Adelaide Strikers,Sydney Sixers,RN ten Doeschate,BJ Hodge,B Lee,2,0,,,,,,,,,
756799,2014/15,2015-01-24,Adelaide Oval,2,5.4,Adelaide Strikers,Sydney Sixers,RN ten Doeschate,BJ Hodge,B Lee,1,0,,,,,,,,,
756799,2014/15,2015-01-24,Adelaide Oval,2,5.5,Adelaide Strikers,Sydney Sixers,BJ Hodge,RN ten Doeschate,B Lee,0,0,,,,,,,,,
756799,2014/15,2015-01-24,Adelaide Oval,2,5.6,Adelaide Strikers,Sydney Sixers,BJ Hodge,RN ten Doeschate,B Lee,0,0,,,,,,,,,
756799,2014/15,2015-01-24,Adelaide Oval,2,6.1,Adelaide Strikers,Sydney Sixers,RN ten Doeschate,BJ Hodge,NM Lyon,0,0,,,,,,,,,
756799,2014/15,2015-01-24,Adelaide Oval,2,6.2,Adelaide Strikers,Sydney Sixers,RN ten Doeschate,BJ Hodge,NM Lyon,0,0,,,,,,caught,RN ten Doeschate,,
756799,2014/15,2015-01-24,Adelaide Oval,2,6.3,Adelaide Strikers,Sydney Sixers,BJ Hodge,J Botha,NM Lyon,0,0,,,,,,,,,
756799,2014/15,2015-01-24,Adelaide Oval,2,6.4,Adelaide Strikers,Sydney Sixers,BJ Hodge,J Botha,NM Lyon,1,0,,,,,,,,,
756799,2014/15,2015-01-24,Adelaide Oval,2,6.5,Adelaide Strikers,Sydney Sixers,J Botha,BJ Hodge,NM Lyon,1,0,,,,,,,,,
756799,2014/15,2015-01-24,Adelaide Oval,2,6.6,Adelaide Strikers,Sydney Sixers,BJ Hodge,J Botha,NM Lyon,1,0,,,,,,,,,
756799,2014/15,2015-01-24,Adelaide Oval,2,7.1,Adelaide Strikers,Sydney Sixers,BJ Hodge,J Botha,DE Bollinger,1,0,,,,,,,,,
756799,2014/15,2015-01-24,Adelaide Oval,2,7.2,Adelaide Strikers,Sydney Sixers,J Botha,BJ Hodge,DE Bollinger,0,0,,,,,,,,,
756799,2014/15,2015-01-24,Adelaide Oval,2,7.3,Adelaide Strikers,Sydney Sixers,J Botha,BJ Hodge,DE Bollinger,0,0,,,,,,,,,
756799,2014/15,2015-01-24,Adelaide Oval,2,7.4,Adelaide Strikers,Sydney Sixers,J Botha,BJ Hodge,DE Bollinger,1,0,,,,,,,,,
756799,2014/15,2015-01-24,Adelaide Oval,2,7.5,Adelaide Strikers,Sydney Sixers,BJ Hodge,J Botha,DE Bollinger,2,0,,,,,,,,,
756799,2014/15,2015-01-24,Adelaide Oval,2,7.6,Adelaide Strikers,Sydney Sixers,BJ Hodge,J Botha,DE Bollinger,4,0,,,,,,,,,
756799,2014/15,2015-01-24,Adelaide Oval,2,8.1,Adelaide Strikers,Sydney Sixers,J Botha,BJ Hodge,SNJ O'Keefe,1,0,,,,,,,,,
756799,2014/15,2015-01-24,Adelaide Oval,2,8.2,Adelaide Strikers,Sydney Sixers,BJ Hodge,J Botha,SNJ O'Keefe,1,0,,,,,,,,,
756799,2014/15,2015-01-24,Adelaide Oval,2,8.3,Adelaide Strikers,Sydney Sixers,J Botha,BJ Hodge,SNJ O'Keefe,0,0,,,,,,,,,
756799,2014/15,2015-01-24,Adelaide Oval,2,8.4,Adelaide Strikers,Sydney Sixers,J Botha,BJ Hodge,SNJ O'Keefe,1,0,,,,,,,,,
756799,2014/15,2015-01-24,Adelaide Oval,2,8.5,Adelaide Strikers,Sydney Sixers,BJ Hodge,J Botha,SNJ O'Keefe,1,0,,,,,,,,,
756799,2014/15,2015-01-24,Adelaide Oval,2,8.6,Adelaide Strikers,Sydney Sixers,J Botha,BJ Hodge,SNJ O'Keefe,0,0,,,,,,,,,
756799,2014/15,2015-01-24,Adelaide Oval,2,9.1,Adelaide Strikers,Sydney Sixers,BJ Hodge,J Botha,SA Abbott,4,0,,,,,,,,,
756799,2014/15,2015-01-24,Adelaide Oval,2,9.2,Adelaide Strikers,Sydney Sixers,BJ Hodge,J Botha,SA Abbott,0,0,,,,,,caught,BJ Hodge,,
756799,2014/15,2015-01-24,Adelaide Oval,2,9.3,Adelaide Strikers,Sydney Sixers,J Botha,AI Ross,SA Abbott,0,0,,,,,,,,,
756799,2014/15,2015-01-24,Adelaide Oval,2,9.4,Adelaide Strikers,Sydney Sixers,J Botha,AI Ross,SA Abbott,1,0,,,,,,,,,
756799,2014/15,2015-01-24,Adelaide Oval,2,9.5,Adelaide Strikers,Sydney Sixers,AI Ross,J Botha,SA Abbott,1,0,,,,,,,,,
756799,2014/15,2015-01-24,Adelaide Oval,2,9.6,Adelaide Strikers,Sydney Sixers,J Botha,AI Ross,SA Abbott,1,0,,,,,,,,,
756799,2014/15,2015-01-24,Adelaide Oval,2,10.1,Adelaide Strikers,Sydney Sixers,J Botha,AI Ross,NM Lyon,1,0,,,,,,,,,
756799,2014/15,2015-01-24,Adelaide Oval,2,10.2,Adelaide Strikers,Sydney Sixers,AI Ross,J Botha,NM Lyon,0,0,,,,,,,,,
756799,2014/15,2015-01-24,Adelaide Oval,2,10.3,Adelaide Strikers,Sydney Sixers,AI Ross,J Botha,NM Lyon,1,0,,,,,,,,,
756799,2014/15,2015-01-24,Adelaide Oval,2,10.4,Adelaide Strikers,Sydney Sixers,J Botha,AI Ross,NM Lyon,1,0,,,,,,,,,
756799,2014/15,2015-01-24,Adelaide Oval,2,10.5,Adelaide Strikers,Sydney Sixers,AI Ross,J Botha,NM Lyon,1,0,,,,,,,,,
756799,2014/15,2015-01-24,Adelaide Oval,2,10.6,Adelaide Strikers,Sydney Sixers,J Botha,AI Ross,NM Lyon,1,0,,,,,,,,,
756799,2014/15,2015-01-24,Adelaide Oval,2,11.1,Adelaide Strikers,Sydney Sixers,J Botha,AI Ross,DE Bollinger,0,0,,,,,,,,,
756799,2014/15,2015-01-24,Adelaide Oval,2,11.2,Adelaide Strikers,Sydney Sixers,J Botha,AI Ross,DE Bollinger,1,0,,,,,,,,,
756799,2014/15,2015-01-24,Adelaide Oval,2,11.3,Adelaide Strikers,Sydney Sixers,AI Ross,J Botha,DE Bollinger,0,0,,,,,,caught,AI Ross,,
756799,2014/15,2015-01-24,Adelaide Oval,2,11.4,Adelaide Strikers,Sydney Sixers,J Botha,KW Richardson,DE Bollinger,0,0,,,,,,,,,
756799,2014/15,2015-01-24,Adelaide Oval,2,11.5,Adelaide Strikers,Sydney Sixers,J Botha,KW Richardson,DE Bollinger,0,0,,,,,,caught,J Botha,,
756799,2014/15,2015-01-24,Adelaide Oval,2,11.6,Adelaide Strikers,Sydney Sixers,A Zampa,KW Richardson,DE Bollinger,1,0,,,,,,,,,
756799,2014/15,2015-01-24,Adelaide Oval,2,12.1,Adelaide Strikers,Sydney Sixers,A Zampa,KW Richardson,NM Lyon,2,0,,,,,,,,,
756799,2014/15,2015-01-24,Adelaide Oval,2,12.2,Adelaide Strikers,Sydney Sixers,A Zampa,KW Richardson,NM Lyon,0,0,,,,,,caught and bowled,A Zampa,,
756799,2014/15,2015-01-24,Adelaide Oval,2,12.3,Adelaide Strikers,Sydney Sixers,B Laughlin,KW Richardson,NM Lyon,1,0,,,,,,,,,
756799,2014/15,2015-01-24,Adelaide Oval,2,12.4,Adelaide Strikers,Sydney Sixers,KW Richardson,B Laughlin,NM Lyon,1,0,,,,,,,,,
756799,2014/15,2015-01-24,Adelaide Oval,2,12.5,Adelaide Strikers,Sydney Sixers,B Laughlin,KW Richardson,NM Lyon,6,0,,,,,,,,,
756799,2014/15,2015-01-24,Adelaide Oval,2,12.6,Adelaide Strikers,Sydney Sixers,B Laughlin,KW Richardson,NM Lyon,4,0,,,,,,,,,
756799,2014/15,2015-01-24,Adelaide Oval,2,13.1,Adelaide Strikers,Sydney Sixers,KW Richardson,B Laughlin,B Lee,2,0,,,,,,,,,
756799,2014/15,2015-01-24,Adelaide Oval,2,13.2,Adelaide Strikers,Sydney Sixers,KW Richardson,B Laughlin,B Lee,0,0,,,,,,caught,KW Richardson,,
756799,2014/15,2015-01-24,Adelaide Oval,2,13.3,Adelaide Strikers,Sydney Sixers,B Laughlin,SW Tait,B Lee,2,0,,,,,,,,,
756799,2014/15,2015-01-24,Adelaide Oval,2,13.4,Adelaide Strikers,Sydney Sixers,B Laughlin,SW Tait,B Lee,0,0,,,,,,,,,
756799,2014/15,2015-01-24,Adelaide Oval,2,13.5,Adelaide Strikers,Sydney Sixers,B Laughlin,SW Tait,B Lee,0,0,,,,,,,,,
756799,2014/15,2015-01-24,Adelaide Oval,2,13.6,Adelaide Strikers,Sydney Sixers,B Laughlin,SW Tait,B Lee,1,0,,,,,,,,,
756799,2014/15,2015-01-24,Adelaide Oval,2,14.1,Adelaide Strikers,Sydney Sixers,B Laughlin,SW Tait,SNJ O'Keefe,2,0,,,,,,,,,
756799,2014/15,2015-01-24,Adelaide Oval,2,14.2,Adelaide Strikers,Sydney Sixers,B Laughlin,SW Tait,SNJ O'Keefe,6,0,,,,,,,,,
756799,2014/15,2015-01-24,Adelaide Oval,2,14.3,Adelaide Strikers,Sydney Sixers,B Laughlin,SW Tait,SNJ O'Keefe,0,0,,,,,,caught,B Laughlin,,
