match_id,season,start_date,venue,innings,ball,batting_team,bowling_team,striker,non_striker,bowler,runs_off_bat,extras,wides,noballs,byes,legbyes,penalty,wicket_type,player_dismissed,other_wicket_type,other_player_dismissed
756763,2014/15,2015-01-03,Docklands Stadium,1,0.1,Melbourne Stars,Melbourne Renegades,CL White,LJ Wright,JL Pattinson,0,1,1,,,,,,,,
756763,2014/15,2015-01-03,Docklands Stadium,1,0.2,Melbourne Stars,Melbourne Renegades,CL White,LJ Wright,JL Pattinson,4,0,,,,,,,,,
756763,2014/15,2015-01-03,Docklands Stadium,1,0.3,Melbourne Stars,Melbourne Renegades,CL White,LJ Wright,JL Pattinson,0,5,5,,,,,,,,
756763,2014/15,2015-01-03,Docklands Stadium,1,0.4,Melbourne Stars,Melbourne Renegades,CL White,LJ Wright,JL Pattinson,0,1,1,,,,,,,,
756763,2014/15,2015-01-03,Docklands Stadium,1,0.5,Melbourne Stars,Melbourne Renegades,CL White,LJ Wright,JL Pattinson,0,1,,,,1,,,,,
756763,2014/15,2015-01-03,Docklands Stadium,1,0.6,Melbourne Stars,Melbourne Renegades,LJ Wright,CL White,JL Pattinson,0,0,,,,,,,,,
756763,2014/15,2015-01-03,Docklands Stadium,1,0.7,Melbourne Stars,Melbourne Renegades,LJ Wright,CL White,JL Pattinson,1,0,,,,,,,,,
756763,2014/15,2015-01-03,Docklands Stadium,1,0.8,Melbourne Stars,Melbourne Renegades,CL White,LJ Wright,JL Pattinson,0,0,,,,,,,,,
756763,2014/15,2015-01-03,Docklands Stadium,1,0.9,Melbourne Stars,Melbourne Renegades,CL White,LJ Wright,JL Pattinson,0,0,,,,,,,,,
756763,2014/15,2015-01-03,Docklands Stadium,1,1.1,Melbourne Stars,Melbourne Renegades,LJ Wright,CL White,NP Winter,1,0,,,,,,,,,
756763,2014/15,2015-01-03,Docklands Stadium,1,1.2,Melbourne Stars,Melbourne Renegades,CL White,LJ Wright,NP Winter,0,0,,,,,,,,,
756763,2014/15,2015-01-03,Docklands Stadium,1,1.3,Melbourne Stars,Melbourne Renegades,CL White,LJ Wright,NP Winter,2,0,,,,,,,,,
756763,2014/15,2015-01-03,Docklands Stadium,1,1.4,Melbourne Stars,Melbourne Renegades,CL White,LJ Wright,NP Winter,4,0,,,,,,,,,
756763,2014/15,2015-01-03,Docklands Stadium,1,1.5,Melbourne Stars,Melbourne Renegades,CL White,LJ Wright,NP Winter,0,0,,,,,,,,,
756763,2014/15,2015-01-03,Docklands Stadium,1,1.6,Melbourne Stars,Melbourne Renegades,CL White,LJ Wright,NP Winter,1,0,,,,,,,,,
756763,2014/15,2015-01-03,Docklands Stadium,1,2.1,Melbourne Stars,Melbourne Renegades,CL White,LJ Wright,JL Pattinson,1,0,,,,,,,,,
756763,2014/15,2015-01-03,Docklands Stadium,1,2.2,Melbourne Stars,Melbourne Renegades,LJ Wright,CL White,JL Pattinson,1,0,,,,,,,,,
756763,2014/15,2015-01-03,Docklands Stadium,1,2.3,Melbourne Stars,Melbourne Renegades,CL White,LJ Wright,JL Pattinson,1,0,,,,,,,,,
756763,2014/15,2015-01-03,Docklands Stadium,1,2.4,Melbourne Stars,Melbourne Renegades,LJ Wright,CL White,JL Pattinson,1,0,,,,,,,,,
756763,2014/15,2015-01-03,Docklands Stadium,1,2.5,Melbourne Stars,Melbourne Renegades,CL White,LJ Wright,JL Pattinson,0,0,,,,,,,,,
756763,2014/15,2015-01-03,Docklands Stadium,1,2.6,Melbourne Stars,Melbourne Renegades,CL White,LJ Wright,JL Pattinson,3,0,,,,,,,,,
756763,2014/15,2015-01-03,Docklands Stadium,1,3.1,Melbourne Stars,Melbourne Renegades,CL White,LJ Wright,NJ Rimmington,4,0,,,,,,,,,
756763,2014/15,2015-01-03,Docklands Stadium,1,3.2,Melbourne Stars,Melbourne Renegades,CL White,LJ Wright,NJ Rimmington,0,0,,,,,,,,,
756763,2014/15,2015-01-03,Docklands Stadium,1,3.3,Melbourne Stars,Melbourne Renegades,CL White,LJ Wright,NJ Rimmington,0,0,,,,,,,,,
756763,2014/15,2015-01-03,Docklands Stadium,1,3.4,Melbourne Stars,Melbourne Renegades,CL White,LJ Wright,NJ Rimmington,1,0,,,,,,,,,
756763,2014/15,2015-01-03,Docklands Stadium,1,3.5,Melbourne Stars,Melbourne Renegades,LJ Wright,CL White,NJ Rimmington,0,0,,,,,,,,,
756763,2014/15,2015-01-03,Docklands Stadium,1,3.6,Melbourne Stars,Melbourne Renegades,LJ Wright,CL White,NJ Rimmington,0,1,1,,,,,,,,
756763,2014/15,2015-01-03,Docklands Stadium,1,3.7,Melbourne Stars,Melbourne Renegades,LJ Wright,CL White,NJ Rimmington,4,0,,,,,,,,,
756763,2014/15,2015-01-03,Docklands Stadium,1,4.1,Melbourne Stars,Melbourne Renegades,CL White,LJ Wright,NP Winter,1,0,,,,,,,,,
756763,2014/15,2015-01-03,Docklands Stadium,1,4.2,Melbourne Stars,Melbourne Renegades,LJ Wright,CL White,NP Winter,0,0,,,,,,,,,
756763,2014/15,2015-01-03,Docklands Stadium,1,4.3,Melbourne Stars,Melbourne Renegades,LJ Wright,CL White,NP Winter,1,0,,,,,,,,,
756763,2014/15,2015-01-03,Docklands Stadium,1,4.4,Melbourne Stars,Melbourne Renegades,CL White,LJ Wright,NP Winter,0,0,,,,,,caught,CL White,,
756763,2014/15,2015-01-03,Docklands Stadium,1,4.5,Melbourne Stars,Melbourne Renegades,KP Pietersen,LJ Wright,NP Winter,0,0,,,,,,,,,
756763,2014/15,2015-01-03,Docklands Stadium,1,4.6,Melbourne Stars,Melbourne Renegades,KP Pietersen,LJ Wright,NP Winter,0,0,,,,,,,,,
756763,2014/15,2015-01-03,Docklands Stadium,1,5.1,Melbourne Stars,Melbourne Renegades,LJ Wright,KP Pietersen,JL Pattinson,2,0,,,,,,,,,
756763,2014/15,2015-01-03,Docklands Stadium,1,5.2,Melbourne Stars,Melbourne Renegades,LJ Wright,KP Pietersen,JL Pattinson,4,0,,,,,,,,,
756763,2014/15,2015-01-03,Docklands Stadium,1,5.3,Melbourne Stars,Melbourne Renegades,LJ Wright,KP Pietersen,JL Pattinson,4,0,,,,,,,,,
756763,2014/15,2015-01-03,Docklands Stadium,1,5.4,Melbourne Stars,Melbourne Renegades,LJ Wright,KP Pietersen,JL Pattinson,1,0,,,,,,,,,
756763,2014/15,2015-01-03,Docklands Stadium,1,5.5,Melbourne Stars,Melbourne Renegades,KP Pietersen,LJ Wright,JL Pattinson,4,0,,,,,,,,,
756763,2014/15,2015-01-03,Docklands Stadium,1,5.6,Melbourne Stars,Melbourne Renegades,KP Pietersen,LJ Wright,JL Pattinson,2,0,,,,,,,,,
756763,2014/15,2015-01-03,Docklands Stadium,1,6.1,Melbourne Stars,Melbourne Renegades,LJ Wright,KP Pietersen,Fawad Ahmed,2,0,,,,,,,,,
756763,2014/15,2015-01-03,Docklands Stadium,1,6.2,Melbourne Stars,Melbourne Renegades,LJ Wright,KP Pietersen,Fawad Ahmed,1,0,,,,,,,,,
756763,2014/15,2015-01-03,Docklands Stadium,1,6.3,Melbourne Stars,Melbourne Renegades,KP Pietersen,LJ Wright,Fawad Ahmed,0,0,,,,,,,,,
756763,2014/15,2015-01-03,Docklands Stadium,1,6.4,Melbourne Stars,Melbourne Renegades,KP Pietersen,LJ Wright,Fawad Ahmed,2,0,,,,,,,,,
756763,2014/15,2015-01-03,Docklands Stadium,1,6.5,Melbourne Stars,Melbourne Renegades,KP Pietersen,LJ Wright,Fawad Ahmed,0,0,,,,,,,,,
756763,2014/15,2015-01-03,Docklands Stadium,1,6.6,Melbourne Stars,Melbourne Renegades,KP Pietersen,LJ Wright,Fawad Ahmed,0,0,,,,,,,,,
756763,2014/15,2015-01-03,Docklands Stadium,1,7.1,Melbourne Stars,Melbourne Renegades,LJ Wright,KP Pietersen,AD Russell,6,1,,1,,,,,,,
756763,2014/15,2015-01-03,Docklands Stadium,1,7.2,Melbourne Stars,Melbourne Renegades,LJ Wright,KP Pietersen,AD Russell,4,0,,,,,,,,,
756763,2014/15,2015-01-03,Docklands Stadium,1,7.3,Melbourne Stars,Melbourne Renegades,LJ Wright,KP Pietersen,AD Russell,2,0,,,,,,,,,
756763,2014/15,2015-01-03,Docklands Stadium,1,7.4,Melbourne Stars,Melbourne Renegades,LJ Wright,KP Pietersen,AD Russell,0,0,,,,,,,,,
756763,2014/15,2015-01-03,Docklands Stadium,1,7.5,Melbourne Stars,Melbourne Renegades,LJ Wright,KP Pietersen,AD Russell,4,0,,,,,,,,,
756763,2014/15,2015-01-03,Docklands Stadium,1,7.6,Melbourne Stars,Melbourne Renegades,LJ Wright,KP Pietersen,AD Russell,0,0,,,,,,caught,LJ Wright,,
756763,2014/15,2015-01-03,Docklands Stadium,1,7.7,Melbourne Stars,Melbourne Renegades,DJ Hussey,KP Pietersen,AD Russell,1,0,,,,,,,,,
756763,2014/15,2015-01-03,Docklands Stadium,1,8.1,Melbourne Stars,Melbourne Renegades,DJ Hussey,KP Pietersen,Fawad Ahmed,1,0,,,,,,,,,
756763,2014/15,2015-01-03,Docklands Stadium,1,8.2,Melbourne Stars,Melbourne Renegades,KP Pietersen,DJ Hussey,Fawad Ahmed,1,0,,,,,,,,,
756763,2014/15,2015-01-03,Docklands Stadium,1,8.3,Melbourne Stars,Melbourne Renegades,DJ Hussey,KP Pietersen,Fawad Ahmed,2,0,,,,,,,,,
756763,2014/15,2015-01-03,Docklands Stadium,1,8.4,Melbourne Stars,Melbourne Renegades,DJ Hussey,KP Pietersen,Fawad Ahmed,2,0,,,,,,,,,
756763,2014/15,2015-01-03,Docklands Stadium,1,8.5,Melbourne Stars,Melbourne Renegades,DJ Hussey,KP Pietersen,Fawad Ahmed,0,0,,,,,,,,,
756763,2014/15,2015-01-03,Docklands Stadium,1,8.6,Melbourne Stars,Melbourne Renegades,DJ Hussey,KP Pietersen,Fawad Ahmed,2,0,,,,,,,,,
756763,2014/15,2015-01-03,Docklands Stadium,1,9.1,Melbourne Stars,Melbourne Renegades,KP Pietersen,DJ Hussey,AJ Finch,1,0,,,,,,,,,
756763,2014/15,2015-01-03,Docklands Stadium,1,9.2,Melbourne Stars,Melbourne Renegades,DJ Hussey,KP Pietersen,AJ Finch,0,0,,,,,,,,,
756763,2014/15,2015-01-03,Docklands Stadium,1,9.3,Melbourne Stars,Melbourne Renegades,DJ Hussey,KP Pietersen,AJ Finch,1,0,,,,,,,,,
756763,2014/15,2015-01-03,Docklands Stadium,1,9.4,Melbourne Stars,Melbourne Renegades,KP Pietersen,DJ Hussey,AJ Finch,0,0,,,,,,,,,
756763,2014/15,2015-01-03,Docklands Stadium,1,9.5,Melbourne Stars,Melbourne Renegades,KP Pietersen,DJ Hussey,AJ Finch,2,0,,,,,,,,,
756763,2014/15,2015-01-03,Docklands Stadium,1,9.6,Melbourne Stars,Melbourne Renegades,KP Pietersen,DJ Hussey,AJ Finch,4,0,,,,,,retired hurt,DJ Hussey,,
756763,2014/15,2015-01-03,Docklands Stadium,1,10.1,Melbourne Stars,Melbourne Renegades,JP Faulkner,KP Pietersen,Fawad Ahmed,1,0,,,,,,,,,
756763,2014/15,2015-01-03,Docklands Stadium,1,10.2,Melbourne Stars,Melbourne Renegades,KP Pietersen,JP Faulkner,Fawad Ahmed,0,0,,,,,,,,,
756763,2014/15,2015-01-03,Docklands Stadium,1,10.3,Melbourne Stars,Melbourne Renegades,KP Pietersen,JP Faulkner,Fawad Ahmed,1,0,,,,,,,,,
756763,2014/15,2015-01-03,Docklands Stadium,1,10.4,Melbourne Stars,Melbourne Renegades,JP Faulkner,KP Pietersen,Fawad Ahmed,0,0,,,,,,,,,
756763,2014/15,2015-01-03,Docklands Stadium,1,10.5,Melbourne Stars,Melbourne Renegades,JP Faulkner,KP Pietersen,Fawad Ahmed,0,0,,,,,,,,,
756763,2014/15,2015-01-03,Docklands Stadium,1,10.6,Melbourne Stars,Melbourne Renegades,JP Faulkner,KP Pietersen,Fawad Ahmed,2,0,,,,,,,,,
756763,2014/15,2015-01-03,Docklands Stadium,1,11.1,Melbourne Stars,Melbourne Renegades,KP Pietersen,JP Faulkner,AJ Finch,0,0,,,,,,,,,
756763,2014/15,2015-01-03,Docklands Stadium,1,11.2,Melbourne Stars,Melbourne Renegades,KP Pietersen,JP Faulkner,AJ Finch,1,0,,,,,,,,,
756763,2014/15,2015-01-03,Docklands Stadium,1,11.3,Melbourne Stars,Melbourne Renegades,JP Faulkner,KP Pietersen,AJ Finch,1,0,,,,,,,,,
756763,2014/15,2015-01-03,Docklands Stadium,1,11.4,Melbourne Stars,Melbourne Renegades,KP Pietersen,JP Faulkner,AJ Finch,1,0,,,,,,,,,
756763,2014/15,2015-01-03,Docklands Stadium,1,11.5,Melbourne Stars,Melbourne Renegades,JP Faulkner,KP Pietersen,AJ Finch,1,0,,,,,,,,,
756763,2014/15,2015-01-03,Docklands Stadium,1,11.6,Melbourne Stars,Melbourne Renegades,KP Pietersen,JP Faulkner,AJ Finch,0,1,1,,,,,,,,
756763,2014/15,2015-01-03,Docklands Stadium,1,11.7,Melbourne Stars,Melbourne Renegades,KP Pietersen,JP Faulkner,AJ Finch,1,0,,,,,,,,,
756763,2014/15,2015-01-03,Docklands Stadium,1,12.1,Melbourne Stars,Melbourne Renegades,KP Pietersen,JP Faulkner,Fawad Ahmed,1,0,,,,,,,,,
756763,2014/15,2015-01-03,Docklands Stadium,1,12.2,Melbourne Stars,Melbourne Renegades,JP Faulkner,KP Pietersen,Fawad Ahmed,1,0,,,,,,,,,
756763,2014/15,2015-01-03,Docklands Stadium,1,12.3,Melbourne Stars,Melbourne Renegades,KP Pietersen,JP Faulkner,Fawad Ahmed,1,0,,,,,,,,,
756763,2014/15,2015-01-03,Docklands Stadium,1,12.4,Melbourne Stars,Melbourne Renegades,JP Faulkner,KP Pietersen,Fawad Ahmed,1,0,,,,,,,,,
756763,2014/15,2015-01-03,Docklands Stadium,1,12.5,Melbourne Stars,Melbourne Renegades,KP Pietersen,JP Faulkner,Fawad Ahmed,0,0,,,,,,,,,
756763,2014/15,2015-01-03,Docklands Stadium,1,12.6,Melbourne Stars,Melbourne Renegades,KP Pietersen,JP Faulkner,Fawad Ahmed,1,0,,,,,,,,,
756763,2014/15,2015-01-03,Docklands Stadium,1,13.1,Melbourne Stars,Melbourne Renegades,KP Pietersen,JP Faulkner,DJ Bravo,1,0,,,,,,,,,
756763,2014/15,2015-01-03,Docklands Stadium,1,13.2,Melbourne Stars,Melbourne Renegades,JP Faulkner,KP Pietersen,DJ Bravo,0,0,,,,,,,,,
756763,2014/15,2015-01-03,Docklands Stadium,1,13.3,Melbourne Stars,Melbourne Renegades,JP Faulkner,KP Pietersen,DJ Bravo,0,0,,,,,,caught,JP Faulkner,,
756763,2014/15,2015-01-03,Docklands Stadium,1,13.4,Melbourne Stars,Melbourne Renegades,GJ Maxwell,KP Pietersen,DJ Bravo,0,0,,,,,,,,,
756763,2014/15,2015-01-03,Docklands Stadium,1,13.5,Melbourne Stars,Melbourne Renegades,GJ Maxwell,KP Pietersen,DJ Bravo,1,0,,,,,,,,,
756763,2014/15,2015-01-03,Docklands Stadium,1,13.6,Melbourne Stars,Melbourne Renegades,KP Pietersen,GJ Maxwell,DJ Bravo,0,0,,,,,,,,,
756763,2014/15,2015-01-03,Docklands Stadium,1,14.1,Melbourne Stars,Melbourne Renegades,GJ Maxwell,KP Pietersen,JL Pattinson,4,0,,,,,,,,,
756763,2014/15,2015-01-03,Docklands Stadium,1,14.2,Melbourne Stars,Melbourne Renegades,GJ Maxwell,KP Pietersen,JL Pattinson,0,0,,,,,,,,,
756763,2014/15,2015-01-03,Docklands Stadium,1,14.3,Melbourne Stars,Melbourne Renegades,GJ Maxwell,KP Pietersen,JL Pattinson,0,0,,,,,,,,,
756763,2014/15,2015-01-03,Docklands Stadium,1,14.4,Melbourne Stars,Melbourne Renegades,GJ Maxwell,KP Pietersen,JL Pattinson,1,0,,,,,,,,,
756763,2014/15,2015-01-03,Docklands Stadium,1,14.5,Melbourne Stars,Melbourne Renegades,KP Pietersen,GJ Maxwell,JL Pattinson,0,0,,,,,,,,,
756763,2014/15,2015-01-03,Docklands Stadium,1,14.6,Melbourne Stars,Melbourne Renegades,KP Pietersen,GJ Maxwell,JL Pattinson,1,0,,,,,,,,,
756763,2014/15,2015-01-03,Docklands Stadium,1,15.1,Melbourne Stars,Melbourne Renegades,KP Pietersen,GJ Maxwell,DJ Bravo,0,0,,,,,,caught,KP Pietersen,,
756763,2014/15,2015-01-03,Docklands Stadium,1,15.2,Melbourne Stars,Melbourne Renegades,GJ Maxwell,TIF Triffitt,DJ Bravo,4,0,,,,,,,,,
756763,2014/15,2015-01-03,Docklands Stadium,1,15.3,Melbourne Stars,Melbourne Renegades,GJ Maxwell,TIF Triffitt,DJ Bravo,0,0,,,,,,caught,GJ Maxwell,,
756763,2014/15,2015-01-03,Docklands Stadium,1,15.4,Melbourne Stars,Melbourne Renegades,TIF Triffitt,JW Hastings,DJ Bravo,1,0,,,,,,,,,
756763,2014/15,2015-01-03,Docklands Stadium,1,15.5,Melbourne Stars,Melbourne Renegades,JW Hastings,TIF Triffitt,DJ Bravo,0,0,,,,,,,,,
756763,2014/15,2015-01-03,Docklands Stadium,1,15.6,Melbourne Stars,Melbourne Renegades,JW Hastings,TIF Triffitt,DJ Bravo,1,0,,,,,,,,,
756763,2014/15,2015-01-03,Docklands Stadium,1,16.1,Melbourne Stars,Melbourne Renegades,JW Hastings,TIF Triffitt,AD Russell,1,0,,,,,,,,,
756763,2014/15,2015-01-03,Docklands Stadium,1,16.2,Melbourne Stars,Melbourne Renegades,TIF Triffitt,JW Hastings,AD Russell,0,2,,,2,,,,,,
756763,2014/15,2015-01-03,Docklands Stadium,1,16.3,Melbourne Stars,Melbourne Renegades,TIF Triffitt,JW Hastings,AD Russell,1,0,,,,,,,,,
756763,2014/15,2015-01-03,Docklands Stadium,1,16.4,Melbourne Stars,Melbourne Renegades,JW Hastings,TIF Triffitt,AD Russell,1,0,,,,,,,,,
756763,2014/15,2015-01-03,Docklands Stadium,1,16.5,Melbourne Stars,Melbourne Renegades,TIF Triffitt,JW Hastings,AD Russell,4,0,,,,,,,,,
756763,2014/15,2015-01-03,Docklands Stadium,1,16.6,Melbourne Stars,Melbourne Renegades,TIF Triffitt,JW Hastings,AD Russell,1,0,,,,,,,,,
756763,2014/15,2015-01-03,Docklands Stadium,1,17.1,Melbourne Stars,Melbourne Renegades,TIF Triffitt,JW Hastings,DJ Bravo,6,0,,,,,,,,,
756763,2014/15,2015-01-03,Docklands Stadium,1,17.2,Melbourne Stars,Melbourne Renegades,TIF Triffitt,JW Hastings,DJ Bravo,0,0,,,,,,,,,
756763,2014/15,2015-01-03,Docklands Stadium,1,17.3,Melbourne Stars,Melbourne Renegades,TIF Triffitt,JW Hastings,DJ Bravo,4,0,,,,,,,,,
756763,2014/15,2015-01-03,Docklands Stadium,1,17.4,Melbourne Stars,Melbourne Renegades,TIF Triffitt,JW Hastings,DJ Bravo,2,0,,,,,,,,,
756763,2014/15,2015-01-03,Docklands Stadium,1,17.5,Melbourne Stars,Melbourne Renegades,TIF Triffitt,JW Hastings,DJ Bravo,1,0,,,,,,,,,
756763,2014/15,2015-01-03,Docklands Stadium,1,17.6,Melbourne Stars,Melbourne Renegades,JW Hastings,TIF Triffitt,DJ Bravo,1,0,,,,,,,,,
756763,2014/15,2015-01-03,Docklands Stadium,1,18.1,Melbourne Stars,Melbourne Renegades,JW Hastings,TIF Triffitt,NP Winter,6,0,,,,,,,,,
756763,2014/15,2015-01-03,Docklands Stadium,1,18.2,Melbourne Stars,Melbourne Renegades,JW Hastings,TIF Triffitt,NP Winter,4,0,,,,,,,,,
756763,2014/15,2015-01-03,Docklands Stadium,1,18.3,Melbourne Stars,Melbourne Renegades,JW Hastings,TIF Triffitt,NP Winter,0,0,,,,,,bowled,JW Hastings,,
756763,2014/15,2015-01-03,Docklands Stadium,1,18.4,Melbourne Stars,Melbourne Renegades,SM Boland,TIF Triffitt,NP Winter,0,0,,,,,,,,,
756763,2014/15,2015-01-03,Docklands Stadium,1,18.5,Melbourne Stars,Melbourne Renegades,SM Boland,TIF Triffitt,NP Winter,4,0,,,,,,,,,
756763,2014/15,2015-01-03,Docklands Stadium,1,18.6,Melbourne Stars,Melbourne Renegades,SM Boland,TIF Triffitt,NP Winter,0,0,,,,,,,,,
756763,2014/15,2015-01-03,Docklands Stadium,1,19.1,Melbourne Stars,Melbourne Renegades,TIF Triffitt,SM Boland,NJ Rimmington,1,0,,,,,,,,,
756763,2014/15,2015-01-03,Docklands Stadium,1,19.2,Melbourne Stars,Melbourne Renegades,SM Boland,TIF Triffitt,NJ Rimmington,1,0,,,,,,,,,
756763,2014/15,2015-01-03,Docklands Stadium,1,19.3,Melbourne Stars,Melbourne Renegades,TIF Triffitt,SM Boland,NJ Rimmington,0,0,,,,,,,,,
756763,2014/15,2015-01-03,Docklands Stadium,1,19.4,Melbourne Stars,Melbourne Renegades,TIF Triffitt,SM Boland,NJ Rimmington,1,0,,,,,,,,,
756763,2014/15,2015-01-03,Docklands Stadium,1,19.5,Melbourne Stars,Melbourne Renegades,SM Boland,TIF Triffitt,NJ Rimmington,2,0,,,,,,,,,
756763,2014/15,2015-01-03,Docklands Stadium,1,19.6,Melbourne Stars,Melbourne Renegades,SM Boland,TIF Triffitt,NJ Rimmington,1,0,,,,,,,,,
756763,2014/15,2015-01-03,Docklands Stadium,2,0.1,Melbourne Renegades,Melbourne Stars,MS Wade,AJ Finch,MA Beer,2,0,,,,,,,,,
756763,2014/15,2015-01-03,Docklands Stadium,2,0.2,Melbourne Renegades,Melbourne Stars,MS Wade,AJ Finch,MA Beer,1,0,,,,,,,,,
756763,2014/15,2015-01-03,Docklands Stadium,2,0.3,Melbourne Renegades,Melbourne Stars,AJ Finch,MS Wade,MA Beer,0,0,,,,,,,,,
756763,2014/15,2015-01-03,Docklands Stadium,2,0.4,Melbourne Renegades,Melbourne Stars,AJ Finch,MS Wade,MA Beer,0,0,,,,,,,,,
756763,2014/15,2015-01-03,Docklands Stadium,2,0.5,Melbourne Renegades,Melbourne Stars,AJ Finch,MS Wade,MA Beer,3,0,,,,,,,,,
756763,2014/15,2015-01-03,Docklands Stadium,2,0.6,Melbourne Renegades,Melbourne Stars,MS Wade,AJ Finch,MA Beer,1,0,,,,,,,,,
756763,2014/15,2015-01-03,Docklands Stadium,2,1.1,Melbourne Renegades,Melbourne Stars,MS Wade,AJ Finch,JM Bird,0,0,,,,,,,,,
756763,2014/15,2015-01-03,Docklands Stadium,2,1.2,Melbourne Renegades,Melbourne Stars,MS Wade,AJ Finch,JM Bird,0,0,,,,,,caught,MS Wade,,
756763,2014/15,2015-01-03,Docklands Stadium,2,1.3,Melbourne Renegades,Melbourne Stars,AJ Finch,CJ Ferguson,JM Bird,0,0,,,,,,,,,
756763,2014/15,2015-01-03,Docklands Stadium,2,1.4,Melbourne Renegades,Melbourne Stars,AJ Finch,CJ Ferguson,JM Bird,4,0,,,,,,,,,
756763,2014/15,2015-01-03,Docklands Stadium,2,1.5,Melbourne Renegades,Melbourne Stars,AJ Finch,CJ Ferguson,JM Bird,1,0,,,,,,,,,
756763,2014/15,2015-01-03,Docklands Stadium,2,1.6,Melbourne Renegades,Melbourne Stars,CJ Ferguson,AJ Finch,JM Bird,0,0,,,,,,,,,
756763,2014/15,2015-01-03,Docklands Stadium,2,2.1,Melbourne Renegades,Melbourne Stars,AJ Finch,CJ Ferguson,MA Beer,0,0,,,,,,,,,
756763,2014/15,2015-01-03,Docklands Stadium,2,2.2,Melbourne Renegades,Melbourne Stars,AJ Finch,CJ Ferguson,MA Beer,0,0,,,,,,caught,AJ Finch,,
756763,2014/15,2015-01-03,Docklands Stadium,2,2.3,Melbourne Renegades,Melbourne Stars,CJ Ferguson,TLW Cooper,MA Beer,0,0,,,,,,,,,
756763,2014/15,2015-01-03,Docklands Stadium,2,2.4,Melbourne Renegades,Melbourne Stars,CJ Ferguson,TLW Cooper,MA Beer,0,0,,,,,,,,,
756763,2014/15,2015-01-03,Docklands Stadium,2,2.5,Melbourne Renegades,Melbourne Stars,CJ Ferguson,TLW Cooper,MA Beer,0,0,,,,,,caught,CJ Ferguson,,
756763,2014/15,2015-01-03,Docklands Stadium,2,2.6,Melbourne Renegades,Melbourne Stars,BJ Rohrer,TLW Cooper,MA Beer,1,0,,,,,,,,,
756763,2014/15,2015-01-03,Docklands Stadium,2,3.1,Melbourne Renegades,Melbourne Stars,BJ Rohrer,TLW Cooper,JM Bird,0,0,,,,,,,,,
756763,2014/15,2015-01-03,Docklands Stadium,2,3.2,Melbourne Renegades,Melbourne Stars,BJ Rohrer,TLW Cooper,JM Bird,0,0,,,,,,lbw,BJ Rohrer,,
756763,2014/15,2015-01-03,Docklands Stadium,2,3.3,Melbourne Renegades,Melbourne Stars,DJ Bravo,TLW Cooper,JM Bird,0,0,,,,,,,,,
756763,2014/15,2015-01-03,Docklands Stadium,2,3.4,Melbourne Renegades,Melbourne Stars,DJ Bravo,TLW Cooper,JM Bird,0,0,,,,,,,,,
756763,2014/15,2015-01-03,Docklands Stadium,2,3.5,Melbourne Renegades,Melbourne Stars,DJ Bravo,TLW Cooper,JM Bird,0,0,,,,,,,,,
756763,2014/15,2015-01-03,Docklands Stadium,2,3.6,Melbourne Renegades,Melbourne Stars,DJ Bravo,TLW Cooper,JM Bird,1,0,,,,,,,,,
756763,2014/15,2015-01-03,Docklands Stadium,2,4.1,Melbourne Renegades,Melbourne Stars,DJ Bravo,TLW Cooper,JW Hastings,2,0,,,,,,,,,
756763,2014/15,2015-01-03,Docklands Stadium,2,4.2,Melbourne Renegades,Melbourne Stars,DJ Bravo,TLW Cooper,JW Hastings,0,0,,,,,,,,,
756763,2014/15,2015-01-03,Docklands Stadium,2,4.3,Melbourne Renegades,Melbourne Stars,DJ Bravo,TLW Cooper,JW Hastings,0,0,,,,,,,,,
756763,2014/15,2015-01-03,Docklands Stadium,2,4.4,Melbourne Renegades,Melbourne Stars,DJ Bravo,TLW Cooper,JW Hastings,0,0,,,,,,,,,
756763,2014/15,2015-01-03,Docklands Stadium,2,4.5,Melbourne Renegades,Melbourne Stars,DJ Bravo,TLW Cooper,JW Hastings,0,0,,,,,,caught,DJ Bravo,,
756763,2014/15,2015-01-03,Docklands Stadium,2,4.6,Melbourne Renegades,Melbourne Stars,AD Russell,TLW Cooper,JW Hastings,4,0,,,,,,,,,
756763,2014/15,2015-01-03,Docklands Stadium,2,5.1,Melbourne Renegades,Melbourne Stars,TLW Cooper,AD Russell,JM Bird,0,1,,,,1,,,,,
756763,2014/15,2015-01-03,Docklands Stadium,2,5.2,Melbourne Renegades,Melbourne Stars,AD Russell,TLW Cooper,JM Bird,4,0,,,,,,,,,
756763,2014/15,2015-01-03,Docklands Stadium,2,5.3,Melbourne Renegades,Melbourne Stars,AD Russell,TLW Cooper,JM Bird,0,0,,,,,,,,,
756763,2014/15,2015-01-03,Docklands Stadium,2,5.4,Melbourne Renegades,Melbourne Stars,AD Russell,TLW Cooper,JM Bird,1,0,,,,,,,,,
756763,2014/15,2015-01-03,Docklands Stadium,2,5.5,Melbourne Renegades,Melbourne Stars,TLW Cooper,AD Russell,JM Bird,0,0,,,,,,,,,
756763,2014/15,2015-01-03,Docklands Stadium,2,5.6,Melbourne Renegades,Melbourne Stars,TLW Cooper,AD Russell,JM Bird,1,0,,,,,,,,,
756763,2014/15,2015-01-03,Docklands Stadium,2,6.1,Melbourne Renegades,Melbourne Stars,TLW Cooper,AD Russell,JP Faulkner,0,0,,,,,,,,,
756763,2014/15,2015-01-03,Docklands Stadium,2,6.2,Melbourne Renegades,Melbourne Stars,TLW Cooper,AD Russell,JP Faulkner,1,0,,,,,,,,,
756763,2014/15,2015-01-03,Docklands Stadium,2,6.3,Melbourne Renegades,Melbourne Stars,AD Russell,TLW Cooper,JP Faulkner,0,0,,,,,,caught,AD Russell,,
756763,2014/15,2015-01-03,Docklands Stadium,2,6.4,Melbourne Renegades,Melbourne Stars,TLW Cooper,JL Pattinson,JP Faulkner,0,0,,,,,,,,,
756763,2014/15,2015-01-03,Docklands Stadium,2,6.5,Melbourne Renegades,Melbourne Stars,TLW Cooper,JL Pattinson,JP Faulkner,2,0,,,,,,,,,
756763,2014/15,2015-01-03,Docklands Stadium,2,6.6,Melbourne Renegades,Melbourne Stars,TLW Cooper,JL Pattinson,JP Faulkner,4,0,,,,,,,,,
756763,2014/15,2015-01-03,Docklands Stadium,2,7.1,Melbourne Renegades,Melbourne Stars,JL Pattinson,TLW Cooper,GJ Maxwell,0,0,,,,,,,,,
756763,2014/15,2015-01-03,Docklands Stadium,2,7.2,Melbourne Renegades,Melbourne Stars,JL Pattinson,TLW Cooper,GJ Maxwell,0,0,,,,,,,,,
756763,2014/15,2015-01-03,Docklands Stadium,2,7.3,Melbourne Renegades,Melbourne Stars,JL Pattinson,TLW Cooper,GJ Maxwell,1,0,,,,,,,,,
756763,2014/15,2015-01-03,Docklands Stadium,2,7.4,Melbourne Renegades,Melbourne Stars,TLW Cooper,JL Pattinson,GJ Maxwell,1,0,,,,,,,,,
756763,2014/15,2015-01-03,Docklands Stadium,2,7.5,Melbourne Renegades,Melbourne Stars,JL Pattinson,TLW Cooper,GJ Maxwell,0,0,,,,,,caught,JL Pattinson,,
756763,2014/15,2015-01-03,Docklands Stadium,2,7.6,Melbourne Renegades,Melbourne Stars,NJ Rimmington,TLW Cooper,GJ Maxwell,0,0,,,,,,,,,
756763,2014/15,2015-01-03,Docklands Stadium,2,8.1,Melbourne Renegades,Melbourne Stars,TLW Cooper,NJ Rimmington,MA Beer,0,0,,,,,,,,,
756763,2014/15,2015-01-03,Docklands Stadium,2,8.2,Melbourne Renegades,Melbourne Stars,TLW Cooper,NJ Rimmington,MA Beer,0,0,,,,,,,,,
756763,2014/15,2015-01-03,Docklands Stadium,2,8.3,Melbourne Renegades,Melbourne Stars,TLW Cooper,NJ Rimmington,MA Beer,0,0,,,,,,,,,
756763,2014/15,2015-01-03,Docklands Stadium,2,8.4,Melbourne Renegades,Melbourne Stars,TLW Cooper,NJ Rimmington,MA Beer,1,0,,,,,,,,,
756763,2014/15,2015-01-03,Docklands Stadium,2,8.5,Melbourne Renegades,Melbourne Stars,NJ Rimmington,TLW Cooper,MA Beer,1,0,,,,,,,,,
756763,2014/15,2015-01-03,Docklands Stadium,2,8.6,Melbourne Renegades,Melbourne Stars,TLW Cooper,NJ Rimmington,MA Beer,0,0,,,,,,,,,
756763,2014/15,2015-01-03,Docklands Stadium,2,9.1,Melbourne Renegades,Melbourne Stars,NJ Rimmington,TLW Cooper,SM Boland,1,0,,,,,,,,,
756763,2014/15,2015-01-03,Docklands Stadium,2,9.2,Melbourne Renegades,Melbourne Stars,TLW Cooper,NJ Rimmington,SM Boland,0,1,1,,,,,,,,
756763,2014/15,2015-01-03,Docklands Stadium,2,9.3,Melbourne Renegades,Melbourne Stars,TLW Cooper,NJ Rimmington,SM Boland,0,0,,,,,,caught and bowled,TLW Cooper,,
756763,2014/15,2015-01-03,Docklands Stadium,2,9.4,Melbourne Renegades,Melbourne Stars,Fawad Ahmed,NJ Rimmington,SM Boland,0,0,,,,,,,,,
756763,2014/15,2015-01-03,Docklands Stadium,2,9.5,Melbourne Renegades,Melbourne Stars,Fawad Ahmed,NJ Rimmington,SM Boland,0,0,,,,,,,,,
756763,2014/15,2015-01-03,Docklands Stadium,2,9.6,Melbourne Renegades,Melbourne Stars,Fawad Ahmed,NJ Rimmington,SM Boland,2,0,,,,,,,,,
756763,2014/15,2015-01-03,Docklands Stadium,2,9.7,Melbourne Renegades,Melbourne Stars,Fawad Ahmed,NJ Rimmington,SM Boland,0,0,,,,,,bowled,Fawad Ahmed,,
756763,2014/15,2015-01-03,Docklands Stadium,2,10.1,Melbourne Renegades,Melbourne Stars,NJ Rimmington,NP Winter,MA Beer,0,0,,,,,,,,,
756763,2014/15,2015-01-03,Docklands Stadium,2,10.2,Melbourne Renegades,Melbourne Stars,NJ Rimmington,NP Winter,MA Beer,0,0,,,,,,,,,
756763,2014/15,2015-01-03,Docklands Stadium,2,10.3,Melbourne Renegades,Melbourne Stars,NJ Rimmington,NP Winter,MA Beer,1,0,,,,,,,,,
756763,2014/15,2015-01-03,Docklands Stadium,2,10.4,Melbourne Renegades,Melbourne Stars,NP Winter,NJ Rimmington,MA Beer,0,0,,,,,,,,,
756763,2014/15,2015-01-03,Docklands Stadium,2,10.5,Melbourne Renegades,Melbourne Stars,NP Winter,NJ Rimmington,MA Beer,0,0,,,,,,,,,
756763,2014/15,2015-01-03,Docklands Stadium,2,10.6,Melbourne Renegades,Melbourne Stars,NP Winter,NJ Rimmington,MA Beer,0,3,3,,,,,,,,
756763,2014/15,2015-01-03,Docklands Stadium,2,10.7,Melbourne Renegades,Melbourne Stars,NP Winter,NJ Rimmington,MA Beer,0,0,,,,,,,,,
756763,2014/15,2015-01-03,Docklands Stadium,2,11.1,Melbourne Renegades,Melbourne Stars,NJ Rimmington,NP Winter,SM Boland,0,4,,,,4,,,,,
756763,2014/15,2015-01-03,Docklands Stadium,2,11.2,Melbourne Renegades,Melbourne Stars,NJ Rimmington,NP Winter,SM Boland,0,0,,,,,,,,,
756763,2014/15,2015-01-03,Docklands Stadium,2,11.3,Melbourne Renegades,Melbourne Stars,NJ Rimmington,NP Winter,SM Boland,4,0,,,,,,,,,
756763,2014/15,2015-01-03,Docklands Stadium,2,11.4,Melbourne Renegades,Melbourne Stars,NJ Rimmington,NP Winter,SM Boland,0,0,,,,,,,,,
756763,2014/15,2015-01-03,Docklands Stadium,2,11.5,Melbourne Renegades,Melbourne Stars,NJ Rimmington,NP Winter,SM Boland,0,1,1,,,,,,,,
756763,2014/15,2015-01-03,Docklands Stadium,2,11.6,Melbourne Renegades,Melbourne Stars,NJ Rimmington,NP Winter,SM Boland,1,0,,,,,,,,,
756763,2014/15,2015-01-03,Docklands Stadium,2,11.7,Melbourne Renegades,Melbourne Stars,NP Winter,NJ Rimmington,SM Boland,0,0,,,,,,,,,
756763,2014/15,2015-01-03,Docklands Stadium,2,12.1,Melbourne Renegades,Melbourne Stars,NJ Rimmington,NP Winter,JP Faulkner,0,0,,,,,,,,,
756763,2014/15,2015-01-03,Docklands Stadium,2,12.2,Melbourne Renegades,Melbourne Stars,NJ Rimmington,NP Winter,JP Faulkner,1,0,,,,,,,,,
756763,2014/15,2015-01-03,Docklands Stadium,2,12.3,Melbourne Renegades,Melbourne Stars,NP Winter,NJ Rimmington,JP Faulkner,0,0,,,,,,,,,
756763,2014/15,2015-01-03,Docklands Stadium,2,12.4,Melbourne Renegades,Melbourne Stars,NP Winter,NJ Rimmington,JP Faulkner,0,0,,,,,,run out,NP Winter,,
