match_id,season,start_date,venue,innings,ball,batting_team,bowling_team,striker,non_striker,bowler,runs_off_bat,extras,wides,noballs,byes,legbyes,penalty,wicket_type,player_dismissed,other_wicket_type,other_player_dismissed
897757,2015/16,2016-01-18,Docklands Stadium,1,0.1,Adelaide Strikers,Melbourne Renegades,TP Ludeman,JR Dean,XJ Doherty,1,0,,,,,,,,,
897757,2015/16,2016-01-18,Docklands Stadium,1,0.2,Adelaide Strikers,Melbourne Renegades,JR Dean,TP Ludeman,XJ Doherty,0,0,,,,,,,,,
897757,2015/16,2016-01-18,Docklands Stadium,1,0.3,Adelaide Strikers,Melbourne Renegades,JR Dean,TP Ludeman,XJ Doherty,1,0,,,,,,,,,
897757,2015/16,2016-01-18,Docklands Stadium,1,0.4,Adelaide Strikers,Melbourne Renegades,TP Ludeman,JR Dean,XJ Doherty,1,0,,,,,,,,,
897757,2015/16,2016-01-18,Docklands Stadium,1,0.5,Adelaide Strikers,Melbourne Renegades,JR Dean,TP Ludeman,XJ Doherty,0,0,,,,,,,,,
897757,2015/16,2016-01-18,Docklands Stadium,1,0.6,Adelaide Strikers,Melbourne Renegades,JR Dean,TP Ludeman,XJ Doherty,1,0,,,,,,,,,
897757,2015/16,2016-01-18,Docklands Stadium,1,1.1,Adelaide Strikers,Melbourne Renegades,JR Dean,TP Ludeman,CP Tremain,0,0,,,,,,,,,
897757,2015/16,2016-01-18,Docklands Stadium,1,1.2,Adelaide Strikers,Melbourne Renegades,JR Dean,TP Ludeman,CP Tremain,0,0,,,,,,,,,
897757,2015/16,2016-01-18,Docklands Stadium,1,1.3,Adelaide Strikers,Melbourne Renegades,JR Dean,TP Ludeman,CP Tremain,0,0,,,,,,,,,
897757,2015/16,2016-01-18,Docklands Stadium,1,1.4,Adelaide Strikers,Melbourne Renegades,JR Dean,TP Ludeman,CP Tremain,4,0,,,,,,,,,
897757,2015/16,2016-01-18,Docklands Stadium,1,1.5,Adelaide Strikers,Melbourne Renegades,JR Dean,TP Ludeman,CP Tremain,1,0,,,,,,,,,
897757,2015/16,2016-01-18,Docklands Stadium,1,1.6,Adelaide Strikers,Melbourne Renegades,TP Ludeman,JR Dean,CP Tremain,1,0,,,,,,,,,
897757,2015/16,2016-01-18,Docklands Stadium,1,2.1,Adelaide Strikers,Melbourne Renegades,TP Ludeman,JR Dean,NJ Rimmington,1,0,,,,,,,,,
897757,2015/16,2016-01-18,Docklands Stadium,1,2.2,Adelaide Strikers,Melbourne Renegades,JR Dean,TP Ludeman,NJ Rimmington,0,0,,,,,,,,,
897757,2015/16,2016-01-18,Docklands Stadium,1,2.3,Adelaide Strikers,Melbourne Renegades,JR Dean,TP Ludeman,NJ Rimmington,6,0,,,,,,,,,
897757,2015/16,2016-01-18,Docklands Stadium,1,2.4,Adelaide Strikers,Melbourne Renegades,JR Dean,TP Ludeman,NJ Rimmington,0,0,,,,,,,,,
897757,2015/16,2016-01-18,Docklands Stadium,1,2.5,Adelaide Strikers,Melbourne Renegades,JR Dean,TP Ludeman,NJ Rimmington,1,0,,,,,,,,,
897757,2015/16,2016-01-18,Docklands Stadium,1,2.6,Adelaide Strikers,Melbourne Renegades,TP Ludeman,JR Dean,NJ Rimmington,1,0,,,,,,,,,
897757,2015/16,2016-01-18,Docklands Stadium,1,3.1,Adelaide Strikers,Melbourne Renegades,TP Ludeman,JR Dean,CP Tremain,1,0,,,,,,,,,
897757,2015/16,2016-01-18,Docklands Stadium,1,3.2,Adelaide Strikers,Melbourne Renegades,JR Dean,TP Ludeman,CP Tremain,6,0,,,,,,,,,
897757,2015/16,2016-01-18,Docklands Stadium,1,3.3,Adelaide Strikers,Melbourne Renegades,JR Dean,TP Ludeman,CP Tremain,0,0,,,,,,,,,
897757,2015/16,2016-01-18,Docklands Stadium,1,3.4,Adelaide Strikers,Melbourne Renegades,JR Dean,TP Ludeman,CP Tremain,0,0,,,,,,,,,
897757,2015/16,2016-01-18,Docklands Stadium,1,3.5,Adelaide Strikers,Melbourne Renegades,JR Dean,TP Ludeman,CP Tremain,0,0,,,,,,,,,
897757,2015/16,2016-01-18,Docklands Stadium,1,3.6,Adelaide Strikers,Melbourne Renegades,JR Dean,TP Ludeman,CP Tremain,4,0,,,,,,,,,
897757,2015/16,2016-01-18,Docklands Stadium,1,4.1,Adelaide Strikers,Melbourne Renegades,TP Ludeman,JR Dean,CJ Gannon,0,0,,,,,,,,,
897757,2015/16,2016-01-18,Docklands Stadium,1,4.2,Adelaide Strikers,Melbourne Renegades,TP Ludeman,JR Dean,CJ Gannon,0,0,,,,,,,,,
897757,2015/16,2016-01-18,Docklands Stadium,1,4.3,Adelaide Strikers,Melbourne Renegades,TP Ludeman,JR Dean,CJ Gannon,0,1,,,,1,,,,,
897757,2015/16,2016-01-18,Docklands Stadium,1,4.4,Adelaide Strikers,Melbourne Renegades,JR Dean,TP Ludeman,CJ Gannon,1,0,,,,,,,,,
897757,2015/16,2016-01-18,Docklands Stadium,1,4.5,Adelaide Strikers,Melbourne Renegades,TP Ludeman,JR Dean,CJ Gannon,0,0,,,,,,,,,
897757,2015/16,2016-01-18,Docklands Stadium,1,4.6,Adelaide Strikers,Melbourne Renegades,TP Ludeman,JR Dean,CJ Gannon,0,1,1,,,,,,,,
897757,2015/16,2016-01-18,Docklands Stadium,1,4.7,Adelaide Strikers,Melbourne Renegades,TP Ludeman,JR Dean,CJ Gannon,0,0,,,,,,,,,
897757,2015/16,2016-01-18,Docklands Stadium,1,5.1,Adelaide Strikers,Melbourne Renegades,JR Dean,TP Ludeman,DJ Bravo,1,0,,,,,,,,,
897757,2015/16,2016-01-18,Docklands Stadium,1,5.2,Adelaide Strikers,Melbourne Renegades,TP Ludeman,JR Dean,DJ Bravo,0,0,,,,,,,,,
897757,2015/16,2016-01-18,Docklands Stadium,1,5.3,Adelaide Strikers,Melbourne Renegades,TP Ludeman,JR Dean,DJ Bravo,1,0,,,,,,,,,
897757,2015/16,2016-01-18,Docklands Stadium,1,5.4,Adelaide Strikers,Melbourne Renegades,JR Dean,TP Ludeman,DJ Bravo,6,0,,,,,,,,,
897757,2015/16,2016-01-18,Docklands Stadium,1,5.5,Adelaide Strikers,Melbourne Renegades,JR Dean,TP Ludeman,DJ Bravo,0,0,,,,,,,,,
897757,2015/16,2016-01-18,Docklands Stadium,1,5.6,Adelaide Strikers,Melbourne Renegades,JR Dean,TP Ludeman,DJ Bravo,0,0,,,,,,,,,
897757,2015/16,2016-01-18,Docklands Stadium,1,6.1,Adelaide Strikers,Melbourne Renegades,TP Ludeman,JR Dean,XJ Doherty,0,1,,,,1,,,,,
897757,2015/16,2016-01-18,Docklands Stadium,1,6.2,Adelaide Strikers,Melbourne Renegades,JR Dean,TP Ludeman,XJ Doherty,6,0,,,,,,,,,
897757,2015/16,2016-01-18,Docklands Stadium,1,6.3,Adelaide Strikers,Melbourne Renegades,JR Dean,TP Ludeman,XJ Doherty,1,0,,,,,,,,,
897757,2015/16,2016-01-18,Docklands Stadium,1,6.4,Adelaide Strikers,Melbourne Renegades,TP Ludeman,JR Dean,XJ Doherty,4,0,,,,,,,,,
897757,2015/16,2016-01-18,Docklands Stadium,1,6.5,Adelaide Strikers,Melbourne Renegades,TP Ludeman,JR Dean,XJ Doherty,1,0,,,,,,,,,
897757,2015/16,2016-01-18,Docklands Stadium,1,6.6,Adelaide Strikers,Melbourne Renegades,JR Dean,TP Ludeman,XJ Doherty,1,0,,,,,,,,,
897757,2015/16,2016-01-18,Docklands Stadium,1,7.1,Adelaide Strikers,Melbourne Renegades,JR Dean,TP Ludeman,CP Tremain,0,0,,,,,,,,,
897757,2015/16,2016-01-18,Docklands Stadium,1,7.2,Adelaide Strikers,Melbourne Renegades,JR Dean,TP Ludeman,CP Tremain,1,0,,,,,,,,,
897757,2015/16,2016-01-18,Docklands Stadium,1,7.3,Adelaide Strikers,Melbourne Renegades,TP Ludeman,JR Dean,CP Tremain,0,0,,,,,,,,,
897757,2015/16,2016-01-18,Docklands Stadium,1,7.4,Adelaide Strikers,Melbourne Renegades,TP Ludeman,JR Dean,CP Tremain,1,0,,,,,,,,,
897757,2015/16,2016-01-18,Docklands Stadium,1,7.5,Adelaide Strikers,Melbourne Renegades,JR Dean,TP Ludeman,CP Tremain,1,0,,,,,,,,,
897757,2015/16,2016-01-18,Docklands Stadium,1,7.6,Adelaide Strikers,Melbourne Renegades,TP Ludeman,JR Dean,CP Tremain,1,0,,,,,,,,,
897757,2015/16,2016-01-18,Docklands Stadium,1,8.1,Adelaide Strikers,Melbourne Renegades,TP Ludeman,JR Dean,CJ Gannon,4,0,,,,,,,,,
897757,2015/16,2016-01-18,Docklands Stadium,1,8.2,Adelaide Strikers,Melbourne Renegades,TP Ludeman,JR Dean,CJ Gannon,0,0,,,,,,,,,
897757,2015/16,2016-01-18,Docklands Stadium,1,8.3,Adelaide Strikers,Melbourne Renegades,TP Ludeman,JR Dean,CJ Gannon,1,0,,,,,,,,,
897757,2015/16,2016-01-18,Docklands Stadium,1,8.4,Adelaide Strikers,Melbourne Renegades,JR Dean,TP Ludeman,CJ Gannon,1,0,,,,,,,,,
897757,2015/16,2016-01-18,Docklands Stadium,1,8.5,Adelaide Strikers,Melbourne Renegades,TP Ludeman,JR Dean,CJ Gannon,4,0,,,,,,,,,
897757,2015/16,2016-01-18,Docklands Stadium,1,8.6,Adelaide Strikers,Melbourne Renegades,TP Ludeman,JR Dean,CJ Gannon,4,0,,,,,,,,,
897757,2015/16,2016-01-18,Docklands Stadium,1,9.1,Adelaide Strikers,Melbourne Renegades,JR Dean,TP Ludeman,NJ Rimmington,1,0,,,,,,,,,
897757,2015/16,2016-01-18,Docklands Stadium,1,9.2,Adelaide Strikers,Melbourne Renegades,TP Ludeman,JR Dean,NJ Rimmington,4,0,,,,,,,,,
897757,2015/16,2016-01-18,Docklands Stadium,1,9.3,Adelaide Strikers,Melbourne Renegades,TP Ludeman,JR Dean,NJ Rimmington,0,0,,,,,,,,,
897757,2015/16,2016-01-18,Docklands Stadium,1,9.4,Adelaide Strikers,Melbourne Renegades,TP Ludeman,JR Dean,NJ Rimmington,0,1,1,,,,,,,,
897757,2015/16,2016-01-18,Docklands Stadium,1,9.5,Adelaide Strikers,Melbourne Renegades,TP Ludeman,JR Dean,NJ Rimmington,0,0,,,,,,,,,
897757,2015/16,2016-01-18,Docklands Stadium,1,9.6,Adelaide Strikers,Melbourne Renegades,TP Ludeman,JR Dean,NJ Rimmington,1,0,,,,,,,,,
897757,2015/16,2016-01-18,Docklands Stadium,1,9.7,Adelaide Strikers,Melbourne Renegades,JR Dean,TP Ludeman,NJ Rimmington,2,0,,,,,,,,,
897757,2015/16,2016-01-18,Docklands Stadium,1,10.1,Adelaide Strikers,Melbourne Renegades,TP Ludeman,JR Dean,DJ Bravo,1,0,,,,,,,,,
897757,2015/16,2016-01-18,Docklands Stadium,1,10.2,Adelaide Strikers,Melbourne Renegades,JR Dean,TP Ludeman,DJ Bravo,0,0,,,,,,,,,
897757,2015/16,2016-01-18,Docklands Stadium,1,10.3,Adelaide Strikers,Melbourne Renegades,JR Dean,TP Ludeman,DJ Bravo,2,0,,,,,,,,,
897757,2015/16,2016-01-18,Docklands Stadium,1,10.4,Adelaide Strikers,Melbourne Renegades,JR Dean,TP Ludeman,DJ Bravo,0,0,,,,,,caught and bowled,JR Dean,,
897757,2015/16,2016-01-18,Docklands Stadium,1,10.5,Adelaide Strikers,Melbourne Renegades,TP Ludeman,TM Head,DJ Bravo,1,0,,,,,,,,,
897757,2015/16,2016-01-18,Docklands Stadium,1,10.6,Adelaide Strikers,Melbourne Renegades,TM Head,TP Ludeman,DJ Bravo,0,0,,,,,,,,,
897757,2015/16,2016-01-18,Docklands Stadium,1,11.1,Adelaide Strikers,Melbourne Renegades,TP Ludeman,TM Head,CP Tremain,4,0,,,,,,,,,
897757,2015/16,2016-01-18,Docklands Stadium,1,11.2,Adelaide Strikers,Melbourne Renegades,TP Ludeman,TM Head,CP Tremain,0,1,,,,1,,,,,
897757,2015/16,2016-01-18,Docklands Stadium,1,11.3,Adelaide Strikers,Melbourne Renegades,TM Head,TP Ludeman,CP Tremain,0,0,,,,,,caught,TM Head,,
897757,2015/16,2016-01-18,Docklands Stadium,1,11.4,Adelaide Strikers,Melbourne Renegades,TP Ludeman,AI Ross,CP Tremain,1,0,,,,,,,,,
897757,2015/16,2016-01-18,Docklands Stadium,1,11.5,Adelaide Strikers,Melbourne Renegades,AI Ross,TP Ludeman,CP Tremain,0,0,,,,,,,,,
897757,2015/16,2016-01-18,Docklands Stadium,1,11.6,Adelaide Strikers,Melbourne Renegades,AI Ross,TP Ludeman,CP Tremain,0,0,,,,,,,,,
897757,2015/16,2016-01-18,Docklands Stadium,1,12.1,Adelaide Strikers,Melbourne Renegades,TP Ludeman,AI Ross,XJ Doherty,2,0,,,,,,,,,
897757,2015/16,2016-01-18,Docklands Stadium,1,12.2,Adelaide Strikers,Melbourne Renegades,TP Ludeman,AI Ross,XJ Doherty,0,0,,,,,,,,,
897757,2015/16,2016-01-18,Docklands Stadium,1,12.3,Adelaide Strikers,Melbourne Renegades,TP Ludeman,AI Ross,XJ Doherty,1,0,,,,,,,,,
897757,2015/16,2016-01-18,Docklands Stadium,1,12.4,Adelaide Strikers,Melbourne Renegades,AI Ross,TP Ludeman,XJ Doherty,4,0,,,,,,,,,
897757,2015/16,2016-01-18,Docklands Stadium,1,12.5,Adelaide Strikers,Melbourne Renegades,AI Ross,TP Ludeman,XJ Doherty,0,0,,,,,,lbw,AI Ross,,
897757,2015/16,2016-01-18,Docklands Stadium,1,12.6,Adelaide Strikers,Melbourne Renegades,BJ Hodge,TP Ludeman,XJ Doherty,0,0,,,,,,,,,
897757,2015/16,2016-01-18,Docklands Stadium,1,13.1,Adelaide Strikers,Melbourne Renegades,TP Ludeman,BJ Hodge,CJ Gannon,4,0,,,,,,,,,
897757,2015/16,2016-01-18,Docklands Stadium,1,13.2,Adelaide Strikers,Melbourne Renegades,TP Ludeman,BJ Hodge,CJ Gannon,2,0,,,,,,,,,
897757,2015/16,2016-01-18,Docklands Stadium,1,13.3,Adelaide Strikers,Melbourne Renegades,BJ Hodge,TP Ludeman,CJ Gannon,1,0,,,,,,,,,
897757,2015/16,2016-01-18,Docklands Stadium,1,13.4,Adelaide Strikers,Melbourne Renegades,TP Ludeman,BJ Hodge,CJ Gannon,0,0,,,,,,,,,
897757,2015/16,2016-01-18,Docklands Stadium,1,13.5,Adelaide Strikers,Melbourne Renegades,TP Ludeman,BJ Hodge,CJ Gannon,1,0,,,,,,,,,
897757,2015/16,2016-01-18,Docklands Stadium,1,13.6,Adelaide Strikers,Melbourne Renegades,BJ Hodge,TP Ludeman,CJ Gannon,0,0,,,,,,,,,
897757,2015/16,2016-01-18,Docklands Stadium,1,14.1,Adelaide Strikers,Melbourne Renegades,TP Ludeman,BJ Hodge,XJ Doherty,0,0,,,,,,caught,TP Ludeman,,
897757,2015/16,2016-01-18,Docklands Stadium,1,14.2,Adelaide Strikers,Melbourne Renegades,BJ Hodge,JS Lehmann,XJ Doherty,1,0,,,,,,,,,
897757,2015/16,2016-01-18,Docklands Stadium,1,14.3,Adelaide Strikers,Melbourne Renegades,JS Lehmann,BJ Hodge,XJ Doherty,0,0,,,,,,,,,
897757,2015/16,2016-01-18,Docklands Stadium,1,14.4,Adelaide Strikers,Melbourne Renegades,JS Lehmann,BJ Hodge,XJ Doherty,0,1,1,,,,,,,,
897757,2015/16,2016-01-18,Docklands Stadium,1,14.5,Adelaide Strikers,Melbourne Renegades,JS Lehmann,BJ Hodge,XJ Doherty,0,0,,,,,,,,,
897757,2015/16,2016-01-18,Docklands Stadium,1,14.6,Adelaide Strikers,Melbourne Renegades,JS Lehmann,BJ Hodge,XJ Doherty,3,0,,,,,,,,,
897757,2015/16,2016-01-18,Docklands Stadium,1,14.7,Adelaide Strikers,Melbourne Renegades,BJ Hodge,JS Lehmann,XJ Doherty,1,0,,,,,,,,,
897757,2015/16,2016-01-18,Docklands Stadium,1,15.1,Adelaide Strikers,Melbourne Renegades,BJ Hodge,JS Lehmann,NJ Rimmington,2,0,,,,,,,,,
897757,2015/16,2016-01-18,Docklands Stadium,1,15.2,Adelaide Strikers,Melbourne Renegades,BJ Hodge,JS Lehmann,NJ Rimmington,0,0,,,,,,,,,
897757,2015/16,2016-01-18,Docklands Stadium,1,15.3,Adelaide Strikers,Melbourne Renegades,BJ Hodge,JS Lehmann,NJ Rimmington,1,0,,,,,,,,,
897757,2015/16,2016-01-18,Docklands Stadium,1,15.4,Adelaide Strikers,Melbourne Renegades,JS Lehmann,BJ Hodge,NJ Rimmington,4,0,,,,,,,,,
897757,2015/16,2016-01-18,Docklands Stadium,1,15.5,Adelaide Strikers,Melbourne Renegades,JS Lehmann,BJ Hodge,NJ Rimmington,0,0,,,,,,,,,
897757,2015/16,2016-01-18,Docklands Stadium,1,15.6,Adelaide Strikers,Melbourne Renegades,JS Lehmann,BJ Hodge,NJ Rimmington,3,0,,,,,,,,,
897757,2015/16,2016-01-18,Docklands Stadium,1,16.1,Adelaide Strikers,Melbourne Renegades,JS Lehmann,BJ Hodge,DJ Bravo,1,0,,,,,,,,,
897757,2015/16,2016-01-18,Docklands Stadium,1,16.2,Adelaide Strikers,Melbourne Renegades,BJ Hodge,JS Lehmann,DJ Bravo,2,0,,,,,,,,,
897757,2015/16,2016-01-18,Docklands Stadium,1,16.3,Adelaide Strikers,Melbourne Renegades,BJ Hodge,JS Lehmann,DJ Bravo,1,0,,,,,,,,,
897757,2015/16,2016-01-18,Docklands Stadium,1,16.4,Adelaide Strikers,Melbourne Renegades,JS Lehmann,BJ Hodge,DJ Bravo,1,0,,,,,,,,,
897757,2015/16,2016-01-18,Docklands Stadium,1,16.5,Adelaide Strikers,Melbourne Renegades,BJ Hodge,JS Lehmann,DJ Bravo,1,0,,,,,,,,,
897757,2015/16,2016-01-18,Docklands Stadium,1,16.6,Adelaide Strikers,Melbourne Renegades,JS Lehmann,BJ Hodge,DJ Bravo,4,0,,,,,,,,,
897757,2015/16,2016-01-18,Docklands Stadium,1,17.1,Adelaide Strikers,Melbourne Renegades,BJ Hodge,JS Lehmann,CJ Gannon,6,0,,,,,,,,,
897757,2015/16,2016-01-18,Docklands Stadium,1,17.2,Adelaide Strikers,Melbourne Renegades,BJ Hodge,JS Lehmann,CJ Gannon,4,0,,,,,,,,,
897757,2015/16,2016-01-18,Docklands Stadium,1,17.3,Adelaide Strikers,Melbourne Renegades,BJ Hodge,JS Lehmann,CJ Gannon,2,0,,,,,,,,,
897757,2015/16,2016-01-18,Docklands Stadium,1,17.4,Adelaide Strikers,Melbourne Renegades,BJ Hodge,JS Lehmann,CJ Gannon,1,0,,,,,,,,,
897757,2015/16,2016-01-18,Docklands Stadium,1,17.5,Adelaide Strikers,Melbourne Renegades,JS Lehmann,BJ Hodge,CJ Gannon,0,0,,,,,,,,,
897757,2015/16,2016-01-18,Docklands Stadium,1,17.6,Adelaide Strikers,Melbourne Renegades,JS Lehmann,BJ Hodge,CJ Gannon,2,0,,,,,,,,,
897757,2015/16,2016-01-18,Docklands Stadium,1,18.1,Adelaide Strikers,Melbourne Renegades,BJ Hodge,JS Lehmann,DJ Bravo,1,0,,,,,,,,,
897757,2015/16,2016-01-18,Docklands Stadium,1,18.2,Adelaide Strikers,Melbourne Renegades,JS Lehmann,BJ Hodge,DJ Bravo,1,0,,,,,,,,,
897757,2015/16,2016-01-18,Docklands Stadium,1,18.3,Adelaide Strikers,Melbourne Renegades,BJ Hodge,JS Lehmann,DJ Bravo,6,0,,,,,,,,,
897757,2015/16,2016-01-18,Docklands Stadium,1,18.4,Adelaide Strikers,Melbourne Renegades,BJ Hodge,JS Lehmann,DJ Bravo,1,0,,,,,,,,,
897757,2015/16,2016-01-18,Docklands Stadium,1,18.5,Adelaide Strikers,Melbourne Renegades,JS Lehmann,BJ Hodge,DJ Bravo,4,0,,,,,,,,,
897757,2015/16,2016-01-18,Docklands Stadium,1,18.6,Adelaide Strikers,Melbourne Renegades,JS Lehmann,BJ Hodge,DJ Bravo,1,0,,,,,,,,,
897757,2015/16,2016-01-18,Docklands Stadium,1,19.1,Adelaide Strikers,Melbourne Renegades,JS Lehmann,BJ Hodge,NJ Rimmington,0,0,,,,,,,,,
897757,2015/16,2016-01-18,Docklands Stadium,1,19.2,Adelaide Strikers,Melbourne Renegades,JS Lehmann,BJ Hodge,NJ Rimmington,0,0,,,,,,caught,JS Lehmann,,
897757,2015/16,2016-01-18,Docklands Stadium,1,19.3,Adelaide Strikers,Melbourne Renegades,BJ Hodge,MG Neser,NJ Rimmington,0,1,,,,1,,,,,
897757,2015/16,2016-01-18,Docklands Stadium,1,19.4,Adelaide Strikers,Melbourne Renegades,MG Neser,BJ Hodge,NJ Rimmington,1,0,,,,,,,,,
897757,2015/16,2016-01-18,Docklands Stadium,1,19.5,Adelaide Strikers,Melbourne Renegades,BJ Hodge,MG Neser,NJ Rimmington,4,0,,,,,,,,,
897757,2015/16,2016-01-18,Docklands Stadium,1,19.6,Adelaide Strikers,Melbourne Renegades,BJ Hodge,MG Neser,NJ Rimmington,2,0,,,,,,,,,
897757,2015/16,2016-01-18,Docklands Stadium,2,0.1,Melbourne Renegades,Adelaide Strikers,CH Gayle,TLW Cooper,GA West,0,1,1,,,,,,,,
897757,2015/16,2016-01-18,Docklands Stadium,2,0.2,Melbourne Renegades,Adelaide Strikers,CH Gayle,TLW Cooper,GA West,2,0,,,,,,,,,
897757,2015/16,2016-01-18,Docklands Stadium,2,0.3,Melbourne Renegades,Adelaide Strikers,CH Gayle,TLW Cooper,GA West,0,0,,,,,,,,,
897757,2015/16,2016-01-18,Docklands Stadium,2,0.4,Melbourne Renegades,Adelaide Strikers,CH Gayle,TLW Cooper,GA West,6,0,,,,,,,,,
897757,2015/16,2016-01-18,Docklands Stadium,2,0.5,Melbourne Renegades,Adelaide Strikers,CH Gayle,TLW Cooper,GA West,6,0,,,,,,,,,
897757,2015/16,2016-01-18,Docklands Stadium,2,0.6,Melbourne Renegades,Adelaide Strikers,CH Gayle,TLW Cooper,GA West,6,0,,,,,,,,,
897757,2015/16,2016-01-18,Docklands Stadium,2,0.7,Melbourne Renegades,Adelaide Strikers,CH Gayle,TLW Cooper,GA West,6,0,,,,,,,,,
897757,2015/16,2016-01-18,Docklands Stadium,2,1.1,Melbourne Renegades,Adelaide Strikers,TLW Cooper,CH Gayle,MG Neser,0,0,,,,,,caught,TLW Cooper,,
897757,2015/16,2016-01-18,Docklands Stadium,2,1.2,Melbourne Renegades,Adelaide Strikers,CL White,CH Gayle,MG Neser,0,0,,,,,,,,,
897757,2015/16,2016-01-18,Docklands Stadium,2,1.3,Melbourne Renegades,Adelaide Strikers,CL White,CH Gayle,MG Neser,0,0,,,,,,,,,
897757,2015/16,2016-01-18,Docklands Stadium,2,1.4,Melbourne Renegades,Adelaide Strikers,CL White,CH Gayle,MG Neser,0,0,,,,,,,,,
897757,2015/16,2016-01-18,Docklands Stadium,2,1.5,Melbourne Renegades,Adelaide Strikers,CL White,CH Gayle,MG Neser,1,0,,,,,,,,,
897757,2015/16,2016-01-18,Docklands Stadium,2,1.6,Melbourne Renegades,Adelaide Strikers,CH Gayle,CL White,MG Neser,2,0,,,,,,,,,
897757,2015/16,2016-01-18,Docklands Stadium,2,2.1,Melbourne Renegades,Adelaide Strikers,CL White,CH Gayle,B Laughlin,1,0,,,,,,,,,
897757,2015/16,2016-01-18,Docklands Stadium,2,2.2,Melbourne Renegades,Adelaide Strikers,CH Gayle,CL White,B Laughlin,6,1,,1,,,,,,,
897757,2015/16,2016-01-18,Docklands Stadium,2,2.3,Melbourne Renegades,Adelaide Strikers,CH Gayle,CL White,B Laughlin,6,0,,,,,,,,,
897757,2015/16,2016-01-18,Docklands Stadium,2,2.4,Melbourne Renegades,Adelaide Strikers,CH Gayle,CL White,B Laughlin,4,0,,,,,,,,,
897757,2015/16,2016-01-18,Docklands Stadium,2,2.5,Melbourne Renegades,Adelaide Strikers,CH Gayle,CL White,B Laughlin,1,0,,,,,,,,,
897757,2015/16,2016-01-18,Docklands Stadium,2,2.6,Melbourne Renegades,Adelaide Strikers,CL White,CH Gayle,B Laughlin,0,0,,,,,,,,,
897757,2015/16,2016-01-18,Docklands Stadium,2,2.7,Melbourne Renegades,Adelaide Strikers,CL White,CH Gayle,B Laughlin,4,0,,,,,,,,,
897757,2015/16,2016-01-18,Docklands Stadium,2,3.1,Melbourne Renegades,Adelaide Strikers,CH Gayle,CL White,TM Head,6,0,,,,,,,,,
897757,2015/16,2016-01-18,Docklands Stadium,2,3.2,Melbourne Renegades,Adelaide Strikers,CH Gayle,CL White,TM Head,1,0,,,,,,,,,
897757,2015/16,2016-01-18,Docklands Stadium,2,3.3,Melbourne Renegades,Adelaide Strikers,CL White,CH Gayle,TM Head,0,0,,,,,,bowled,CL White,,
897757,2015/16,2016-01-18,Docklands Stadium,2,3.4,Melbourne Renegades,Adelaide Strikers,DJ Bravo,CH Gayle,TM Head,0,0,,,,,,bowled,DJ Bravo,,
897757,2015/16,2016-01-18,Docklands Stadium,2,3.5,Melbourne Renegades,Adelaide Strikers,PM Nevill,CH Gayle,TM Head,1,0,,,,,,,,,
897757,2015/16,2016-01-18,Docklands Stadium,2,3.6,Melbourne Renegades,Adelaide Strikers,CH Gayle,PM Nevill,TM Head,0,0,,,,,,,,,
897757,2015/16,2016-01-18,Docklands Stadium,2,4.1,Melbourne Renegades,Adelaide Strikers,PM Nevill,CH Gayle,MG Neser,0,0,,,,,,,,,
897757,2015/16,2016-01-18,Docklands Stadium,2,4.2,Melbourne Renegades,Adelaide Strikers,PM Nevill,CH Gayle,MG Neser,0,0,,,,,,,,,
897757,2015/16,2016-01-18,Docklands Stadium,2,4.3,Melbourne Renegades,Adelaide Strikers,PM Nevill,CH Gayle,MG Neser,0,0,,,,,,,,,
897757,2015/16,2016-01-18,Docklands Stadium,2,4.4,Melbourne Renegades,Adelaide Strikers,PM Nevill,CH Gayle,MG Neser,4,0,,,,,,,,,
897757,2015/16,2016-01-18,Docklands Stadium,2,4.5,Melbourne Renegades,Adelaide Strikers,PM Nevill,CH Gayle,MG Neser,0,0,,,,,,,,,
897757,2015/16,2016-01-18,Docklands Stadium,2,4.6,Melbourne Renegades,Adelaide Strikers,PM Nevill,CH Gayle,MG Neser,4,0,,,,,,,,,
897757,2015/16,2016-01-18,Docklands Stadium,2,5.1,Melbourne Renegades,Adelaide Strikers,CH Gayle,PM Nevill,TM Head,4,0,,,,,,,,,
897757,2015/16,2016-01-18,Docklands Stadium,2,5.2,Melbourne Renegades,Adelaide Strikers,CH Gayle,PM Nevill,TM Head,0,1,1,,,,,,,,
897757,2015/16,2016-01-18,Docklands Stadium,2,5.3,Melbourne Renegades,Adelaide Strikers,CH Gayle,PM Nevill,TM Head,0,0,,,,,,,,,
897757,2015/16,2016-01-18,Docklands Stadium,2,5.4,Melbourne Renegades,Adelaide Strikers,CH Gayle,PM Nevill,TM Head,0,0,,,,,,caught,CH Gayle,,
897757,2015/16,2016-01-18,Docklands Stadium,2,5.5,Melbourne Renegades,Adelaide Strikers,PM Nevill,BR McDermott,TM Head,1,0,,,,,,,,,
897757,2015/16,2016-01-18,Docklands Stadium,2,5.6,Melbourne Renegades,Adelaide Strikers,BR McDermott,PM Nevill,TM Head,2,0,,,,,,,,,
897757,2015/16,2016-01-18,Docklands Stadium,2,5.7,Melbourne Renegades,Adelaide Strikers,BR McDermott,PM Nevill,TM Head,0,0,,,,,,,,,
897757,2015/16,2016-01-18,Docklands Stadium,2,6.1,Melbourne Renegades,Adelaide Strikers,PM Nevill,BR McDermott,B Laughlin,0,0,,,,,,,,,
897757,2015/16,2016-01-18,Docklands Stadium,2,6.2,Melbourne Renegades,Adelaide Strikers,PM Nevill,BR McDermott,B Laughlin,0,0,,,,,,,,,
897757,2015/16,2016-01-18,Docklands Stadium,2,6.3,Melbourne Renegades,Adelaide Strikers,PM Nevill,BR McDermott,B Laughlin,2,0,,,,,,,,,
897757,2015/16,2016-01-18,Docklands Stadium,2,6.4,Melbourne Renegades,Adelaide Strikers,PM Nevill,BR McDermott,B Laughlin,0,0,,,,,,,,,
897757,2015/16,2016-01-18,Docklands Stadium,2,6.5,Melbourne Renegades,Adelaide Strikers,PM Nevill,BR McDermott,B Laughlin,1,0,,,,,,,,,
897757,2015/16,2016-01-18,Docklands Stadium,2,6.6,Melbourne Renegades,Adelaide Strikers,BR McDermott,PM Nevill,B Laughlin,1,0,,,,,,,,,
897757,2015/16,2016-01-18,Docklands Stadium,2,7.1,Melbourne Renegades,Adelaide Strikers,BR McDermott,PM Nevill,JM Holland,1,0,,,,,,,,,
897757,2015/16,2016-01-18,Docklands Stadium,2,7.2,Melbourne Renegades,Adelaide Strikers,PM Nevill,BR McDermott,JM Holland,1,0,,,,,,,,,
897757,2015/16,2016-01-18,Docklands Stadium,2,7.3,Melbourne Renegades,Adelaide Strikers,BR McDermott,PM Nevill,JM Holland,1,0,,,,,,,,,
897757,2015/16,2016-01-18,Docklands Stadium,2,7.4,Melbourne Renegades,Adelaide Strikers,PM Nevill,BR McDermott,JM Holland,4,0,,,,,,,,,
897757,2015/16,2016-01-18,Docklands Stadium,2,7.5,Melbourne Renegades,Adelaide Strikers,PM Nevill,BR McDermott,JM Holland,1,0,,,,,,,,,
897757,2015/16,2016-01-18,Docklands Stadium,2,7.6,Melbourne Renegades,Adelaide Strikers,BR McDermott,PM Nevill,JM Holland,1,0,,,,,,,,,
897757,2015/16,2016-01-18,Docklands Stadium,2,8.1,Melbourne Renegades,Adelaide Strikers,BR McDermott,PM Nevill,AU Rashid,1,0,,,,,,,,,
897757,2015/16,2016-01-18,Docklands Stadium,2,8.2,Melbourne Renegades,Adelaide Strikers,PM Nevill,BR McDermott,AU Rashid,1,0,,,,,,,,,
897757,2015/16,2016-01-18,Docklands Stadium,2,8.3,Melbourne Renegades,Adelaide Strikers,BR McDermott,PM Nevill,AU Rashid,0,0,,,,,,caught,BR McDermott,,
897757,2015/16,2016-01-18,Docklands Stadium,2,8.4,Melbourne Renegades,Adelaide Strikers,PM Nevill,TM Beaton,AU Rashid,1,0,,,,,,,,,
897757,2015/16,2016-01-18,Docklands Stadium,2,8.5,Melbourne Renegades,Adelaide Strikers,TM Beaton,PM Nevill,AU Rashid,1,0,,,,,,,,,
897757,2015/16,2016-01-18,Docklands Stadium,2,8.6,Melbourne Renegades,Adelaide Strikers,PM Nevill,TM Beaton,AU Rashid,0,0,,,,,,,,,
897757,2015/16,2016-01-18,Docklands Stadium,2,9.1,Melbourne Renegades,Adelaide Strikers,TM Beaton,PM Nevill,JM Holland,0,0,,,,,,bowled,TM Beaton,,
897757,2015/16,2016-01-18,Docklands Stadium,2,9.2,Melbourne Renegades,Adelaide Strikers,CJ Gannon,PM Nevill,JM Holland,0,0,,,,,,run out,PM Nevill,,
897757,2015/16,2016-01-18,Docklands Stadium,2,9.3,Melbourne Renegades,Adelaide Strikers,CJ Gannon,CP Tremain,JM Holland,2,0,,,,,,,,,
897757,2015/16,2016-01-18,Docklands Stadium,2,9.4,Melbourne Renegades,Adelaide Strikers,CJ Gannon,CP Tremain,JM Holland,1,0,,,,,,,,,
897757,2015/16,2016-01-18,Docklands Stadium,2,9.5,Melbourne Renegades,Adelaide Strikers,CP Tremain,CJ Gannon,JM Holland,0,0,,,,,,,,,
897757,2015/16,2016-01-18,Docklands Stadium,2,9.6,Melbourne Renegades,Adelaide Strikers,CP Tremain,CJ Gannon,JM Holland,0,0,,,,,,caught,CP Tremain,,
897757,2015/16,2016-01-18,Docklands Stadium,2,10.1,Melbourne Renegades,Adelaide Strikers,NJ Rimmington,CJ Gannon,AU Rashid,2,0,,,,,,,,,
897757,2015/16,2016-01-18,Docklands Stadium,2,10.2,Melbourne Renegades,Adelaide Strikers,NJ Rimmington,CJ Gannon,AU Rashid,0,0,,,,,,,,,
897757,2015/16,2016-01-18,Docklands Stadium,2,10.3,Melbourne Renegades,Adelaide Strikers,NJ Rimmington,CJ Gannon,AU Rashid,0,0,,,,,,,,,
897757,2015/16,2016-01-18,Docklands Stadium,2,10.4,Melbourne Renegades,Adelaide Strikers,NJ Rimmington,CJ Gannon,AU Rashid,2,0,,,,,,,,,
897757,2015/16,2016-01-18,Docklands Stadium,2,10.5,Melbourne Renegades,Adelaide Strikers,NJ Rimmington,CJ Gannon,AU Rashid,1,0,,,,,,,,,
897757,2015/16,2016-01-18,Docklands Stadium,2,10.6,Melbourne Renegades,Adelaide Strikers,CJ Gannon,NJ Rimmington,AU Rashid,1,0,,,,,,,,,
897757,2015/16,2016-01-18,Docklands Stadium,2,11.1,Melbourne Renegades,Adelaide Strikers,CJ Gannon,NJ Rimmington,JM Holland,1,0,,,,,,,,,
897757,2015/16,2016-01-18,Docklands Stadium,2,11.2,Melbourne Renegades,Adelaide Strikers,NJ Rimmington,CJ Gannon,JM Holland,4,0,,,,,,,,,
897757,2015/16,2016-01-18,Docklands Stadium,2,11.3,Melbourne Renegades,Adelaide Strikers,NJ Rimmington,CJ Gannon,JM Holland,0,0,,,,,,,,,
897757,2015/16,2016-01-18,Docklands Stadium,2,11.4,Melbourne Renegades,Adelaide Strikers,NJ Rimmington,CJ Gannon,JM Holland,1,0,,,,,,,,,
897757,2015/16,2016-01-18,Docklands Stadium,2,11.5,Melbourne Renegades,Adelaide Strikers,CJ Gannon,NJ Rimmington,JM Holland,0,0,,,,,,,,,
897757,2015/16,2016-01-18,Docklands Stadium,2,11.6,Melbourne Renegades,Adelaide Strikers,CJ Gannon,NJ Rimmington,JM Holland,6,0,,,,,,,,,
897757,2015/16,2016-01-18,Docklands Stadium,2,12.1,Melbourne Renegades,Adelaide Strikers,NJ Rimmington,CJ Gannon,GA West,1,0,,,,,,,,,
897757,2015/16,2016-01-18,Docklands Stadium,2,12.2,Melbourne Renegades,Adelaide Strikers,CJ Gannon,NJ Rimmington,GA West,4,0,,,,,,,,,
897757,2015/16,2016-01-18,Docklands Stadium,2,12.3,Melbourne Renegades,Adelaide Strikers,CJ Gannon,NJ Rimmington,GA West,4,0,,,,,,,,,
897757,2015/16,2016-01-18,Docklands Stadium,2,12.4,Melbourne Renegades,Adelaide Strikers,CJ Gannon,NJ Rimmington,GA West,1,0,,,,,,,,,
897757,2015/16,2016-01-18,Docklands Stadium,2,12.5,Melbourne Renegades,Adelaide Strikers,NJ Rimmington,CJ Gannon,GA West,1,0,,,,,,,,,
897757,2015/16,2016-01-18,Docklands Stadium,2,12.6,Melbourne Renegades,Adelaide Strikers,CJ Gannon,NJ Rimmington,GA West,0,0,,,,,,,,,
897757,2015/16,2016-01-18,Docklands Stadium,2,13.1,Melbourne Renegades,Adelaide Strikers,NJ Rimmington,CJ Gannon,AU Rashid,2,0,,,,,,,,,
897757,2015/16,2016-01-18,Docklands Stadium,2,13.2,Melbourne Renegades,Adelaide Strikers,NJ Rimmington,CJ Gannon,AU Rashid,2,0,,,,,,,,,
897757,2015/16,2016-01-18,Docklands Stadium,2,13.3,Melbourne Renegades,Adelaide Strikers,NJ Rimmington,CJ Gannon,AU Rashid,4,0,,,,,,,,,
897757,2015/16,2016-01-18,Docklands Stadium,2,13.4,Melbourne Renegades,Adelaide Strikers,NJ Rimmington,CJ Gannon,AU Rashid,0,0,,,,,,,,,
897757,2015/16,2016-01-18,Docklands Stadium,2,13.5,Melbourne Renegades,Adelaide Strikers,NJ Rimmington,CJ Gannon,AU Rashid,2,0,,,,,,,,,
897757,2015/16,2016-01-18,Docklands Stadium,2,13.6,Melbourne Renegades,Adelaide Strikers,NJ Rimmington,CJ Gannon,AU Rashid,1,0,,,,,,,,,
897757,2015/16,2016-01-18,Docklands Stadium,2,14.1,Melbourne Renegades,Adelaide Strikers,NJ Rimmington,CJ Gannon,MG Neser,2,0,,,,,,,,,
897757,2015/16,2016-01-18,Docklands Stadium,2,14.2,Melbourne Renegades,Adelaide Strikers,NJ Rimmington,CJ Gannon,MG Neser,1,0,,,,,,,,,
897757,2015/16,2016-01-18,Docklands Stadium,2,14.3,Melbourne Renegades,Adelaide Strikers,CJ Gannon,NJ Rimmington,MG Neser,1,0,,,,,,,,,
897757,2015/16,2016-01-18,Docklands Stadium,2,14.4,Melbourne Renegades,Adelaide Strikers,NJ Rimmington,CJ Gannon,MG Neser,0,0,,,,,,caught,NJ Rimmington,,
897757,2015/16,2016-01-18,Docklands Stadium,2,14.5,Melbourne Renegades,Adelaide Strikers,XJ Doherty,CJ Gannon,MG Neser,0,0,,,,,,,,,
897757,2015/16,2016-01-18,Docklands Stadium,2,14.6,Melbourne Renegades,Adelaide Strikers,XJ Doherty,CJ Gannon,MG Neser,0,0,,,,,,,,,
897757,2015/16,2016-01-18,Docklands Stadium,2,15.1,Melbourne Renegades,Adelaide Strikers,CJ Gannon,XJ Doherty,B Laughlin,0,0,,,,,,,,,
897757,2015/16,2016-01-18,Docklands Stadium,2,15.2,Melbourne Renegades,Adelaide Strikers,CJ Gannon,XJ Doherty,B Laughlin,2,0,,,,,,,,,
897757,2015/16,2016-01-18,Docklands Stadium,2,15.3,Melbourne Renegades,Adelaide Strikers,CJ Gannon,XJ Doherty,B Laughlin,0,0,,,,,,caught,CJ Gannon,,
